# https://github.com/mikedh/trimesh

o geometry_0
v 0.00000000 0.00000000 0.00000000 0.58823529 0.58823529 0.62745098
v 0.11000000 0.00000000 0.00000000 0.58823529 0.58823529 0.62745098
v 0.11000000 0.00000000 3.20000000 0.58823529 0.58823529 0.62745098
v 0.00000000 0.00000000 3.20000000 0.58823529 0.58823529 0.62745098
v 0.10905893 0.01435788 0.00000000 0.58823529 0.58823529 0.62745098
v 0.10905893 0.01435788 3.20000000 0.58823529 0.58823529 0.62745098
v 0.10625184 0.02847009 0.00000000 0.58823529 0.58823529 0.62745098
v 0.10625184 0.02847009 3.20000000 0.58823529 0.58823529 0.62745098
v 0.10162675 0.04209518 0.00000000 0.58823529 0.58823529 0.62745098
v 0.10162675 0.04209518 3.20000000 0.58823529 0.58823529 0.62745098
v 0.09526279 0.05500000 0.00000000 0.58823529 0.58823529 0.62745098
v 0.09526279 0.05500000 3.20000000 0.58823529 0.58823529 0.62745098
v 0.08726887 0.06696376 0.00000000 0.58823529 0.58823529 0.62745098
v 0.08726887 0.06696376 3.20000000 0.58823529 0.58823529 0.62745098
v 0.07778175 0.07778175 0.00000000 0.58823529 0.58823529 0.62745098
v 0.07778175 0.07778175 3.20000000 0.58823529 0.58823529 0.62745098
v 0.06696376 0.08726887 0.00000000 0.58823529 0.58823529 0.62745098
v 0.06696376 0.08726887 3.20000000 0.58823529 0.58823529 0.62745098
v 0.05500000 0.09526279 0.00000000 0.58823529 0.58823529 0.62745098
v 0.05500000 0.09526279 3.20000000 0.58823529 0.58823529 0.62745098
v 0.04209518 0.10162675 0.00000000 0.58823529 0.58823529 0.62745098
v 0.04209518 0.10162675 3.20000000 0.58823529 0.58823529 0.62745098
v 0.02847009 0.10625184 0.00000000 0.58823529 0.58823529 0.62745098
v 0.02847009 0.10625184 3.20000000 0.58823529 0.58823529 0.62745098
v 0.01435788 0.10905893 0.00000000 0.58823529 0.58823529 0.62745098
v 0.01435788 0.10905893 3.20000000 0.58823529 0.58823529 0.62745098
v 0.00000000 0.11000000 0.00000000 0.58823529 0.58823529 0.62745098
v 0.00000000 0.11000000 3.20000000 0.58823529 0.58823529 0.62745098
v -0.01435788 0.10905893 0.00000000 0.58823529 0.58823529 0.62745098
v -0.01435788 0.10905893 3.20000000 0.58823529 0.58823529 0.62745098
v -0.02847009 0.10625184 0.00000000 0.58823529 0.58823529 0.62745098
v -0.02847009 0.10625184 3.20000000 0.58823529 0.58823529 0.62745098
v -0.04209518 0.10162675 0.00000000 0.58823529 0.58823529 0.62745098
v -0.04209518 0.10162675 3.20000000 0.58823529 0.58823529 0.62745098
v -0.05500000 0.09526279 0.00000000 0.58823529 0.58823529 0.62745098
v -0.05500000 0.09526279 3.20000000 0.58823529 0.58823529 0.62745098
v -0.06696376 0.08726887 0.00000000 0.58823529 0.58823529 0.62745098
v -0.06696376 0.08726887 3.20000000 0.58823529 0.58823529 0.62745098
v -0.07778175 0.07778175 0.00000000 0.58823529 0.58823529 0.62745098
v -0.07778175 0.07778175 3.20000000 0.58823529 0.58823529 0.62745098
v -0.08726887 0.06696376 0.00000000 0.58823529 0.58823529 0.62745098
v -0.08726887 0.06696376 3.20000000 0.58823529 0.58823529 0.62745098
v -0.09526279 0.05500000 0.00000000 0.58823529 0.58823529 0.62745098
v -0.09526279 0.05500000 3.20000000 0.58823529 0.58823529 0.62745098
v -0.10162675 0.04209518 0.00000000 0.58823529 0.58823529 0.62745098
v -0.10162675 0.04209518 3.20000000 0.58823529 0.58823529 0.62745098
v -0.10625184 0.02847009 0.00000000 0.58823529 0.58823529 0.62745098
v -0.10625184 0.02847009 3.20000000 0.58823529 0.58823529 0.62745098
v -0.10905893 0.01435788 0.00000000 0.58823529 0.58823529 0.62745098
v -0.10905893 0.01435788 3.20000000 0.58823529 0.58823529 0.62745098
v -0.11000000 0.00000000 0.00000000 0.58823529 0.58823529 0.62745098
v -0.11000000 0.00000000 3.20000000 0.58823529 0.58823529 0.62745098
v -0.10905893 -0.01435788 0.00000000 0.58823529 0.58823529 0.62745098
v -0.10905893 -0.01435788 3.20000000 0.58823529 0.58823529 0.62745098
v -0.10625184 -0.02847009 0.00000000 0.58823529 0.58823529 0.62745098
v -0.10625184 -0.02847009 3.20000000 0.58823529 0.58823529 0.62745098
v -0.10162675 -0.04209518 0.00000000 0.58823529 0.58823529 0.62745098
v -0.10162675 -0.04209518 3.20000000 0.58823529 0.58823529 0.62745098
v -0.09526279 -0.05500000 0.00000000 0.58823529 0.58823529 0.62745098
v -0.09526279 -0.05500000 3.20000000 0.58823529 0.58823529 0.62745098
v -0.08726887 -0.06696376 0.00000000 0.58823529 0.58823529 0.62745098
v -0.08726887 -0.06696376 3.20000000 0.58823529 0.58823529 0.62745098
v -0.07778175 -0.07778175 0.00000000 0.58823529 0.58823529 0.62745098
v -0.07778175 -0.07778175 3.20000000 0.58823529 0.58823529 0.62745098
v -0.06696376 -0.08726887 0.00000000 0.58823529 0.58823529 0.62745098
v -0.06696376 -0.08726887 3.20000000 0.58823529 0.58823529 0.62745098
v -0.05500000 -0.09526279 0.00000000 0.58823529 0.58823529 0.62745098
v -0.05500000 -0.09526279 3.20000000 0.58823529 0.58823529 0.62745098
v -0.04209518 -0.10162675 0.00000000 0.58823529 0.58823529 0.62745098
v -0.04209518 -0.10162675 3.20000000 0.58823529 0.58823529 0.62745098
v -0.02847009 -0.10625184 0.00000000 0.58823529 0.58823529 0.62745098
v -0.02847009 -0.10625184 3.20000000 0.58823529 0.58823529 0.62745098
v -0.01435788 -0.10905893 0.00000000 0.58823529 0.58823529 0.62745098
v -0.01435788 -0.10905893 3.20000000 0.58823529 0.58823529 0.62745098
v -0.00000000 -0.11000000 0.00000000 0.58823529 0.58823529 0.62745098
v -0.00000000 -0.11000000 3.20000000 0.58823529 0.58823529 0.62745098
v 0.01435788 -0.10905893 0.00000000 0.58823529 0.58823529 0.62745098
v 0.01435788 -0.10905893 3.20000000 0.58823529 0.58823529 0.62745098
v 0.02847009 -0.10625184 0.00000000 0.58823529 0.58823529 0.62745098
v 0.02847009 -0.10625184 3.20000000 0.58823529 0.58823529 0.62745098
v 0.04209518 -0.10162675 0.00000000 0.58823529 0.58823529 0.62745098
v 0.04209518 -0.10162675 3.20000000 0.58823529 0.58823529 0.62745098
v 0.05500000 -0.09526279 0.00000000 0.58823529 0.58823529 0.62745098
v 0.05500000 -0.09526279 3.20000000 0.58823529 0.58823529 0.62745098
v 0.06696376 -0.08726887 0.00000000 0.58823529 0.58823529 0.62745098
v 0.06696376 -0.08726887 3.20000000 0.58823529 0.58823529 0.62745098
v 0.07778175 -0.07778175 0.00000000 0.58823529 0.58823529 0.62745098
v 0.07778175 -0.07778175 3.20000000 0.58823529 0.58823529 0.62745098
v 0.08726887 -0.06696376 0.00000000 0.58823529 0.58823529 0.62745098
v 0.08726887 -0.06696376 3.20000000 0.58823529 0.58823529 0.62745098
v 0.09526279 -0.05500000 0.00000000 0.58823529 0.58823529 0.62745098
v 0.09526279 -0.05500000 3.20000000 0.58823529 0.58823529 0.62745098
v 0.10162675 -0.04209518 0.00000000 0.58823529 0.58823529 0.62745098
v 0.10162675 -0.04209518 3.20000000 0.58823529 0.58823529 0.62745098
v 0.10625184 -0.02847009 0.00000000 0.58823529 0.58823529 0.62745098
v 0.10625184 -0.02847009 3.20000000 0.58823529 0.58823529 0.62745098
v 0.10905893 -0.01435788 0.00000000 0.58823529 0.58823529 0.62745098
v 0.10905893 -0.01435788 3.20000000 0.58823529 0.58823529 0.62745098
f 2 1 5
f 2 5 3
f 3 5 6
f 3 6 4
f 5 1 7
f 5 7 6
f 6 7 8
f 6 8 4
f 7 1 9
f 7 9 8
f 8 9 10
f 8 10 4
f 9 1 11
f 9 11 10
f 10 11 12
f 10 12 4
f 11 1 13
f 11 13 12
f 12 13 14
f 12 14 4
f 13 1 15
f 13 15 14
f 14 15 16
f 14 16 4
f 15 1 17
f 15 17 16
f 16 17 18
f 16 18 4
f 17 1 19
f 17 19 18
f 18 19 20
f 18 20 4
f 19 1 21
f 19 21 20
f 20 21 22
f 20 22 4
f 21 1 23
f 21 23 22
f 22 23 24
f 22 24 4
f 23 1 25
f 23 25 24
f 24 25 26
f 24 26 4
f 25 1 27
f 25 27 26
f 26 27 28
f 26 28 4
f 27 1 29
f 27 29 28
f 28 29 30
f 28 30 4
f 29 1 31
f 29 31 30
f 30 31 32
f 30 32 4
f 31 1 33
f 31 33 32
f 32 33 34
f 32 34 4
f 33 1 35
f 33 35 34
f 34 35 36
f 34 36 4
f 35 1 37
f 35 37 36
f 36 37 38
f 36 38 4
f 37 1 39
f 37 39 38
f 38 39 40
f 38 40 4
f 39 1 41
f 39 41 40
f 40 41 42
f 40 42 4
f 41 1 43
f 41 43 42
f 42 43 44
f 42 44 4
f 43 1 45
f 43 45 44
f 44 45 46
f 44 46 4
f 45 1 47
f 45 47 46
f 46 47 48
f 46 48 4
f 47 1 49
f 47 49 48
f 48 49 50
f 48 50 4
f 49 1 51
f 49 51 50
f 50 51 52
f 50 52 4
f 51 1 53
f 51 53 52
f 52 53 54
f 52 54 4
f 53 1 55
f 53 55 54
f 54 55 56
f 54 56 4
f 55 1 57
f 55 57 56
f 56 57 58
f 56 58 4
f 57 1 59
f 57 59 58
f 58 59 60
f 58 60 4
f 59 1 61
f 59 61 60
f 60 61 62
f 60 62 4
f 61 1 63
f 61 63 62
f 62 63 64
f 62 64 4
f 63 1 65
f 63 65 64
f 64 65 66
f 64 66 4
f 65 1 67
f 65 67 66
f 66 67 68
f 66 68 4
f 67 1 69
f 67 69 68
f 68 69 70
f 68 70 4
f 69 1 71
f 69 71 70
f 70 71 72
f 70 72 4
f 71 1 73
f 71 73 72
f 72 73 74
f 72 74 4
f 73 1 75
f 73 75 74
f 74 75 76
f 74 76 4
f 75 1 77
f 75 77 76
f 76 77 78
f 76 78 4
f 77 1 79
f 77 79 78
f 78 79 80
f 78 80 4
f 79 1 81
f 79 81 80
f 80 81 82
f 80 82 4
f 81 1 83
f 81 83 82
f 82 83 84
f 82 84 4
f 83 1 85
f 83 85 84
f 84 85 86
f 84 86 4
f 85 1 87
f 85 87 86
f 86 87 88
f 86 88 4
f 87 1 89
f 87 89 88
f 88 89 90
f 88 90 4
f 89 1 91
f 89 91 90
f 90 91 92
f 90 92 4
f 91 1 93
f 91 93 92
f 92 93 94
f 92 94 4
f 93 1 95
f 93 95 94
f 94 95 96
f 94 96 4
f 95 1 97
f 95 97 96
f 96 97 98
f 96 98 4
f 97 1 2
f 97 2 98
f 98 2 3
f 98 3 4

o geometry_1
v 0.00000000 -0.90000000 0.11666667 0.70588235 0.54901961 0.35294118
v 0.03078160 -0.89947345 0.11666667 0.70588235 0.54901961 0.35294118
v 0.06152719 -0.89789443 0.11666667 0.70588235 0.54901961 0.35294118
v 0.09220078 -0.89526477 0.11666667 0.70588235 0.54901961 0.35294118
v 0.12276649 -0.89158757 0.11666667 0.70588235 0.54901961 0.35294118
v 0.15318855 -0.88686711 0.11666667 0.70588235 0.54901961 0.35294118
v 0.18343136 -0.88110892 0.11666667 0.70588235 0.54901961 0.35294118
v 0.21345954 -0.87431975 0.11666667 0.70588235 0.54901961 0.35294118
v 0.24323795 -0.86650753 0.11666667 0.70588235 0.54901961 0.35294118
v 0.27273174 -0.85768141 0.11666667 0.70588235 0.54901961 0.35294118
v 0.30190641 -0.84785171 0.11666667 0.70588235 0.54901961 0.35294118
v 0.33072782 -0.83702993 0.11666667 0.70588235 0.54901961 0.35294118
v 0.35916224 -0.82522875 0.11666667 0.70588235 0.54901961 0.35294118
v 0.38717641 -0.81246196 0.11666667 0.70588235 0.54901961 0.35294118
v 0.41473754 -0.79874450 0.11666667 0.70588235 0.54901961 0.35294118
v 0.44181338 -0.78409243 0.11666667 0.70588235 0.54901961 0.35294118
v 0.05291942 -0.09391685 0.11666667 0.70588235 0.54901961 0.35294118
v 0.04967634 -0.09567184 0.11666667 0.70588235 0.54901961 0.35294118
v 0.04637513 -0.09731489 0.11666667 0.70588235 0.54901961 0.35294118
v 0.04301966 -0.09884407 0.11666667 0.70588235 0.54901961 0.35294118
v 0.03961384 -0.10025759 0.11666667 0.70588235 0.54901961 0.35294118
v 0.03616168 -0.10155379 0.11666667 0.70588235 0.54901961 0.35294118
v 0.03266720 -0.10273117 0.11666667 0.70588235 0.54901961 0.35294118
v 0.02913450 -0.10378835 0.11666667 0.70588235 0.54901961 0.35294118
v 0.02556771 -0.10472408 0.11666667 0.70588235 0.54901961 0.35294118
v 0.02197100 -0.10553727 0.11666667 0.70588235 0.54901961 0.35294118
v 0.01834858 -0.10622697 0.11666667 0.70588235 0.54901961 0.35294118
v 0.01470470 -0.10679238 0.11666667 0.70588235 0.54901961 0.35294118
v 0.01104360 -0.10723283 0.11666667 0.70588235 0.54901961 0.35294118
v 0.00736959 -0.10754780 0.11666667 0.70588235 0.54901961 0.35294118
v 0.00368695 -0.10773693 0.11666667 0.70588235 0.54901961 0.35294118
v 0.00000000 -0.10780000 0.11666667 0.70588235 0.54901961 0.35294118
v 0.00000000 -0.90000000 0.16666667 0.70588235 0.54901961 0.35294118
v 0.03078160 -0.89947345 0.16666667 0.70588235 0.54901961 0.35294118
v 0.06152719 -0.89789443 0.16666667 0.70588235 0.54901961 0.35294118
v 0.09220078 -0.89526477 0.16666667 0.70588235 0.54901961 0.35294118
v 0.12276649 -0.89158757 0.16666667 0.70588235 0.54901961 0.35294118
v 0.15318855 -0.88686711 0.16666667 0.70588235 0.54901961 0.35294118
v 0.18343136 -0.88110892 0.16666667 0.70588235 0.54901961 0.35294118
v 0.21345954 -0.87431975 0.16666667 0.70588235 0.54901961 0.35294118
v 0.24323795 -0.86650753 0.16666667 0.70588235 0.54901961 0.35294118
v 0.27273174 -0.85768141 0.16666667 0.70588235 0.54901961 0.35294118
v 0.30190641 -0.84785171 0.16666667 0.70588235 0.54901961 0.35294118
v 0.33072782 -0.83702993 0.16666667 0.70588235 0.54901961 0.35294118
v 0.35916224 -0.82522875 0.16666667 0.70588235 0.54901961 0.35294118
v 0.38717641 -0.81246196 0.16666667 0.70588235 0.54901961 0.35294118
v 0.41473754 -0.79874450 0.16666667 0.70588235 0.54901961 0.35294118
v 0.44181338 -0.78409243 0.16666667 0.70588235 0.54901961 0.35294118
v 0.05291942 -0.09391685 0.16666667 0.70588235 0.54901961 0.35294118
v 0.04967634 -0.09567184 0.16666667 0.70588235 0.54901961 0.35294118
v 0.04637513 -0.09731489 0.16666667 0.70588235 0.54901961 0.35294118
v 0.04301966 -0.09884407 0.16666667 0.70588235 0.54901961 0.35294118
v 0.03961384 -0.10025759 0.16666667 0.70588235 0.54901961 0.35294118
v 0.03616168 -0.10155379 0.16666667 0.70588235 0.54901961 0.35294118
v 0.03266720 -0.10273117 0.16666667 0.70588235 0.54901961 0.35294118
v 0.02913450 -0.10378835 0.16666667 0.70588235 0.54901961 0.35294118
v 0.02556771 -0.10472408 0.16666667 0.70588235 0.54901961 0.35294118
v 0.02197100 -0.10553727 0.16666667 0.70588235 0.54901961 0.35294118
v 0.01834858 -0.10622697 0.16666667 0.70588235 0.54901961 0.35294118
v 0.01470470 -0.10679238 0.16666667 0.70588235 0.54901961 0.35294118
v 0.01104360 -0.10723283 0.16666667 0.70588235 0.54901961 0.35294118
v 0.00736959 -0.10754780 0.16666667 0.70588235 0.54901961 0.35294118
v 0.00368695 -0.10773693 0.16666667 0.70588235 0.54901961 0.35294118
v 0.00000000 -0.10780000 0.16666667 0.70588235 0.54901961 0.35294118
f 99 100 132
f 99 132 131
f 100 101 133
f 100 133 132
f 101 102 134
f 101 134 133
f 102 103 135
f 102 135 134
f 103 104 136
f 103 136 135
f 104 105 137
f 104 137 136
f 105 106 138
f 105 138 137
f 106 107 139
f 106 139 138
f 107 108 140
f 107 140 139
f 108 109 141
f 108 141 140
f 109 110 142
f 109 142 141
f 110 111 143
f 110 143 142
f 111 112 144
f 111 144 143
f 112 113 145
f 112 145 144
f 113 114 146
f 113 146 145
f 114 115 147
f 114 147 146
f 115 116 148
f 115 148 147
f 116 117 149
f 116 149 148
f 117 118 150
f 117 150 149
f 118 119 151
f 118 151 150
f 119 120 152
f 119 152 151
f 120 121 153
f 120 153 152
f 121 122 154
f 121 154 153
f 122 123 155
f 122 155 154
f 123 124 156
f 123 156 155
f 124 125 157
f 124 157 156
f 125 126 158
f 125 158 157
f 126 127 159
f 126 159 158
f 127 128 160
f 127 160 159
f 128 129 161
f 128 161 160
f 129 130 162
f 129 162 161
f 130 99 131
f 130 131 162
f 99 100 129
f 99 129 130
f 131 161 132
f 131 162 161
f 100 101 128
f 100 128 129
f 132 160 133
f 132 161 160
f 101 102 127
f 101 127 128
f 133 159 134
f 133 160 159
f 102 103 126
f 102 126 127
f 134 158 135
f 134 159 158
f 103 104 125
f 103 125 126
f 135 157 136
f 135 158 157
f 104 105 124
f 104 124 125
f 136 156 137
f 136 157 156
f 105 106 123
f 105 123 124
f 137 155 138
f 137 156 155
f 106 107 122
f 106 122 123
f 138 154 139
f 138 155 154
f 107 108 121
f 107 121 122
f 139 153 140
f 139 154 153
f 108 109 120
f 108 120 121
f 140 152 141
f 140 153 152
f 109 110 119
f 109 119 120
f 141 151 142
f 141 152 151
f 110 111 118
f 110 118 119
f 142 150 143
f 142 151 150
f 111 112 117
f 111 117 118
f 143 149 144
f 143 150 149
f 112 113 116
f 112 116 117
f 144 148 145
f 144 149 148
f 113 114 115
f 113 115 116
f 145 147 146
f 145 148 147

o geometry_2
v 0.06825941 -0.86731808 0.16666667 0.35294118 0.35294118 0.37254902
v 0.07825941 -0.86731808 0.16666667 0.35294118 0.35294118 0.37254902
v 0.07825941 -0.86731808 1.06666667 0.35294118 0.35294118 0.37254902
v 0.06825941 -0.86731808 1.06666667 0.35294118 0.35294118 0.37254902
v 0.07634958 -0.86144023 0.16666667 0.35294118 0.35294118 0.37254902
v 0.07634958 -0.86144023 1.06666667 0.35294118 0.35294118 0.37254902
v 0.07134958 -0.85780752 0.16666667 0.35294118 0.35294118 0.37254902
v 0.07134958 -0.85780752 1.06666667 0.35294118 0.35294118 0.37254902
v 0.06516924 -0.85780752 0.16666667 0.35294118 0.35294118 0.37254902
v 0.06516924 -0.85780752 1.06666667 0.35294118 0.35294118 0.37254902
v 0.06016924 -0.86144023 0.16666667 0.35294118 0.35294118 0.37254902
v 0.06016924 -0.86144023 1.06666667 0.35294118 0.35294118 0.37254902
v 0.05825941 -0.86731808 0.16666667 0.35294118 0.35294118 0.37254902
v 0.05825941 -0.86731808 1.06666667 0.35294118 0.35294118 0.37254902
v 0.06016924 -0.87319593 0.16666667 0.35294118 0.35294118 0.37254902
v 0.06016924 -0.87319593 1.06666667 0.35294118 0.35294118 0.37254902
v 0.06516924 -0.87682865 0.16666667 0.35294118 0.35294118 0.37254902
v 0.06516924 -0.87682865 1.06666667 0.35294118 0.35294118 0.37254902
v 0.07134958 -0.87682865 0.16666667 0.35294118 0.35294118 0.37254902
v 0.07134958 -0.87682865 1.06666667 0.35294118 0.35294118 0.37254902
v 0.07634958 -0.87319593 0.16666667 0.35294118 0.35294118 0.37254902
v 0.07634958 -0.87319593 1.06666667 0.35294118 0.35294118 0.37254902
f 164 163 167
f 164 167 165
f 165 167 168
f 165 168 166
f 167 163 169
f 167 169 168
f 168 169 170
f 168 170 166
f 169 163 171
f 169 171 170
f 170 171 172
f 170 172 166
f 171 163 173
f 171 173 172
f 172 173 174
f 172 174 166
f 173 163 175
f 173 175 174
f 174 175 176
f 174 176 166
f 175 163 177
f 175 177 176
f 176 177 178
f 176 178 166
f 177 163 179
f 177 179 178
f 178 179 180
f 178 180 166
f 179 163 181
f 179 181 180
f 180 181 182
f 180 182 166
f 181 163 183
f 181 183 182
f 182 183 184
f 182 184 166
f 183 163 164
f 183 164 184
f 184 164 165
f 184 165 166

o geometry_3
v 0.37454465 -0.78524920 0.16666667 0.35294118 0.35294118 0.37254902
v 0.38454465 -0.78524920 0.16666667 0.35294118 0.35294118 0.37254902
v 0.38454465 -0.78524920 1.06666667 0.35294118 0.35294118 0.37254902
v 0.37454465 -0.78524920 1.06666667 0.35294118 0.35294118 0.37254902
v 0.38263482 -0.77937134 0.16666667 0.35294118 0.35294118 0.37254902
v 0.38263482 -0.77937134 1.06666667 0.35294118 0.35294118 0.37254902
v 0.37763482 -0.77573863 0.16666667 0.35294118 0.35294118 0.37254902
v 0.37763482 -0.77573863 1.06666667 0.35294118 0.35294118 0.37254902
v 0.37145448 -0.77573863 0.16666667 0.35294118 0.35294118 0.37254902
v 0.37145448 -0.77573863 1.06666667 0.35294118 0.35294118 0.37254902
v 0.36645448 -0.77937134 0.16666667 0.35294118 0.35294118 0.37254902
v 0.36645448 -0.77937134 1.06666667 0.35294118 0.35294118 0.37254902
v 0.36454465 -0.78524920 0.16666667 0.35294118 0.35294118 0.37254902
v 0.36454465 -0.78524920 1.06666667 0.35294118 0.35294118 0.37254902
v 0.36645448 -0.79112705 0.16666667 0.35294118 0.35294118 0.37254902
v 0.36645448 -0.79112705 1.06666667 0.35294118 0.35294118 0.37254902
v 0.37145448 -0.79475976 0.16666667 0.35294118 0.35294118 0.37254902
v 0.37145448 -0.79475976 1.06666667 0.35294118 0.35294118 0.37254902
v 0.37763482 -0.79475976 0.16666667 0.35294118 0.35294118 0.37254902
v 0.37763482 -0.79475976 1.06666667 0.35294118 0.35294118 0.37254902
v 0.38263482 -0.79112705 0.16666667 0.35294118 0.35294118 0.37254902
v 0.38263482 -0.79112705 1.06666667 0.35294118 0.35294118 0.37254902
f 186 185 189
f 186 189 187
f 187 189 190
f 187 190 188
f 189 185 191
f 189 191 190
f 190 191 192
f 190 192 188
f 191 185 193
f 191 193 192
f 192 193 194
f 192 194 188
f 193 185 195
f 193 195 194
f 194 195 196
f 194 196 188
f 195 185 197
f 195 197 196
f 196 197 198
f 196 198 188
f 197 185 199
f 197 199 198
f 198 199 200
f 198 200 188
f 199 185 201
f 199 201 200
f 200 201 202
f 200 202 188
f 201 185 203
f 201 203 202
f 202 203 204
f 202 204 188
f 203 185 205
f 203 205 204
f 204 205 206
f 204 206 188
f 205 185 186
f 205 186 206
f 206 186 187
f 206 187 188

o geometry_4
v 0.45000000 -0.77942286 0.28333333 0.70588235 0.54901961 0.35294118
v 0.47639438 -0.76357606 0.28333333 0.70588235 0.54901961 0.35294118
v 0.50223132 -0.74683579 0.28333333 0.70588235 0.54901961 0.35294118
v 0.52748061 -0.72922165 0.28333333 0.70588235 0.54901961 0.35294118
v 0.55211268 -0.71075424 0.28333333 0.70588235 0.54901961 0.35294118
v 0.57609873 -0.69145517 0.28333333 0.70588235 0.54901961 0.35294118
v 0.59941068 -0.67134703 0.28333333 0.70588235 0.54901961 0.35294118
v 0.62202126 -0.65045334 0.28333333 0.70588235 0.54901961 0.35294118
v 0.64390401 -0.62879856 0.28333333 0.70588235 0.54901961 0.35294118
v 0.66503332 -0.60640802 0.28333333 0.70588235 0.54901961 0.35294118
v 0.68538448 -0.58330791 0.28333333 0.70588235 0.54901961 0.35294118
v 0.70493366 -0.55952528 0.28333333 0.70588235 0.54901961 0.35294118
v 0.72365800 -0.53508794 0.28333333 0.70588235 0.54901961 0.35294118
v 0.74153558 -0.51002449 0.28333333 0.70588235 0.54901961 0.35294118
v 0.75854549 -0.48436426 0.28333333 0.70588235 0.54901961 0.35294118
v 0.77466782 -0.45813727 0.28333333 0.70588235 0.54901961 0.35294118
v 0.09278799 -0.05487466 0.28333333 0.70588235 0.54901961 0.35294118
v 0.09085689 -0.05801607 0.28333333 0.70588235 0.54901961 0.35294118
v 0.08881948 -0.06108960 0.28333333 0.70588235 0.54901961 0.35294118
v 0.08667815 -0.06409164 0.28333333 0.70588235 0.54901961 0.35294118
v 0.08443539 -0.06701869 0.28333333 0.70588235 0.54901961 0.35294118
v 0.08209383 -0.06986733 0.28333333 0.70588235 0.54901961 0.35294118
v 0.07965621 -0.07263420 0.28333333 0.70588235 0.54901961 0.35294118
v 0.07712539 -0.07531609 0.28333333 0.70588235 0.54901961 0.35294118
v 0.07450432 -0.07790986 0.28333333 0.70588235 0.54901961 0.35294118
v 0.07179608 -0.08041246 0.28333333 0.70588235 0.54901961 0.35294118
v 0.06900383 -0.08282096 0.28333333 0.70588235 0.54901961 0.35294118
v 0.06613083 -0.08513256 0.28333333 0.70588235 0.54901961 0.35294118
v 0.06318045 -0.08734455 0.28333333 0.70588235 0.54901961 0.35294118
v 0.06015615 -0.08945433 0.28333333 0.70588235 0.54901961 0.35294118
v 0.05706146 -0.09145944 0.28333333 0.70588235 0.54901961 0.35294118
v 0.05390000 -0.09335754 0.28333333 0.70588235 0.54901961 0.35294118
v 0.45000000 -0.77942286 0.33333333 0.70588235 0.54901961 0.35294118
v 0.47639438 -0.76357606 0.33333333 0.70588235 0.54901961 0.35294118
v 0.50223132 -0.74683579 0.33333333 0.70588235 0.54901961 0.35294118
v 0.52748061 -0.72922165 0.33333333 0.70588235 0.54901961 0.35294118
v 0.55211268 -0.71075424 0.33333333 0.70588235 0.54901961 0.35294118
v 0.57609873 -0.69145517 0.33333333 0.70588235 0.54901961 0.35294118
v 0.59941068 -0.67134703 0.33333333 0.70588235 0.54901961 0.35294118
v 0.62202126 -0.65045334 0.33333333 0.70588235 0.54901961 0.35294118
v 0.64390401 -0.62879856 0.33333333 0.70588235 0.54901961 0.35294118
v 0.66503332 -0.60640802 0.33333333 0.70588235 0.54901961 0.35294118
v 0.68538448 -0.58330791 0.33333333 0.70588235 0.54901961 0.35294118
v 0.70493366 -0.55952528 0.33333333 0.70588235 0.54901961 0.35294118
v 0.72365800 -0.53508794 0.33333333 0.70588235 0.54901961 0.35294118
v 0.74153558 -0.51002449 0.33333333 0.70588235 0.54901961 0.35294118
v 0.75854549 -0.48436426 0.33333333 0.70588235 0.54901961 0.35294118
v 0.77466782 -0.45813727 0.33333333 0.70588235 0.54901961 0.35294118
v 0.09278799 -0.05487466 0.33333333 0.70588235 0.54901961 0.35294118
v 0.09085689 -0.05801607 0.33333333 0.70588235 0.54901961 0.35294118
v 0.08881948 -0.06108960 0.33333333 0.70588235 0.54901961 0.35294118
v 0.08667815 -0.06409164 0.33333333 0.70588235 0.54901961 0.35294118
v 0.08443539 -0.06701869 0.33333333 0.70588235 0.54901961 0.35294118
v 0.08209383 -0.06986733 0.33333333 0.70588235 0.54901961 0.35294118
v 0.07965621 -0.07263420 0.33333333 0.70588235 0.54901961 0.35294118
v 0.07712539 -0.07531609 0.33333333 0.70588235 0.54901961 0.35294118
v 0.07450432 -0.07790986 0.33333333 0.70588235 0.54901961 0.35294118
v 0.07179608 -0.08041246 0.33333333 0.70588235 0.54901961 0.35294118
v 0.06900383 -0.08282096 0.33333333 0.70588235 0.54901961 0.35294118
v 0.06613083 -0.08513256 0.33333333 0.70588235 0.54901961 0.35294118
v 0.06318045 -0.08734455 0.33333333 0.70588235 0.54901961 0.35294118
v 0.06015615 -0.08945433 0.33333333 0.70588235 0.54901961 0.35294118
v 0.05706146 -0.09145944 0.33333333 0.70588235 0.54901961 0.35294118
v 0.05390000 -0.09335754 0.33333333 0.70588235 0.54901961 0.35294118
f 207 208 240
f 207 240 239
f 208 209 241
f 208 241 240
f 209 210 242
f 209 242 241
f 210 211 243
f 210 243 242
f 211 212 244
f 211 244 243
f 212 213 245
f 212 245 244
f 213 214 246
f 213 246 245
f 214 215 247
f 214 247 246
f 215 216 248
f 215 248 247
f 216 217 249
f 216 249 248
f 217 218 250
f 217 250 249
f 218 219 251
f 218 251 250
f 219 220 252
f 219 252 251
f 220 221 253
f 220 253 252
f 221 222 254
f 221 254 253
f 222 223 255
f 222 255 254
f 223 224 256
f 223 256 255
f 224 225 257
f 224 257 256
f 225 226 258
f 225 258 257
f 226 227 259
f 226 259 258
f 227 228 260
f 227 260 259
f 228 229 261
f 228 261 260
f 229 230 262
f 229 262 261
f 230 231 263
f 230 263 262
f 231 232 264
f 231 264 263
f 232 233 265
f 232 265 264
f 233 234 266
f 233 266 265
f 234 235 267
f 234 267 266
f 235 236 268
f 235 268 267
f 236 237 269
f 236 269 268
f 237 238 270
f 237 270 269
f 238 207 239
f 238 239 270
f 207 208 237
f 207 237 238
f 239 269 240
f 239 270 269
f 208 209 236
f 208 236 237
f 240 268 241
f 240 269 268
f 209 210 235
f 209 235 236
f 241 267 242
f 241 268 267
f 210 211 234
f 210 234 235
f 242 266 243
f 242 267 266
f 211 212 233
f 211 233 234
f 243 265 244
f 243 266 265
f 212 213 232
f 212 232 233
f 244 264 245
f 244 265 264
f 213 214 231
f 213 231 232
f 245 263 246
f 245 264 263
f 214 215 230
f 214 230 231
f 246 262 247
f 246 263 262
f 215 216 229
f 215 229 230
f 247 261 248
f 247 262 261
f 216 217 228
f 216 228 229
f 248 260 249
f 248 261 260
f 217 218 227
f 217 227 228
f 249 259 250
f 249 260 259
f 218 219 226
f 218 226 227
f 250 258 251
f 250 259 258
f 219 220 225
f 219 225 226
f 251 257 252
f 251 258 257
f 220 221 224
f 220 224 225
f 252 256 253
f 252 257 256
f 221 222 223
f 221 223 224
f 253 255 254
f 253 256 255

o geometry_5
v 0.49277343 -0.71698978 0.33333333 0.35294118 0.35294118 0.37254902
v 0.50277343 -0.71698978 0.33333333 0.35294118 0.35294118 0.37254902
v 0.50277343 -0.71698978 1.23333333 0.35294118 0.35294118 0.37254902
v 0.49277343 -0.71698978 1.23333333 0.35294118 0.35294118 0.37254902
v 0.50086360 -0.71111193 0.33333333 0.35294118 0.35294118 0.37254902
v 0.50086360 -0.71111193 1.23333333 0.35294118 0.35294118 0.37254902
v 0.49586360 -0.70747922 0.33333333 0.35294118 0.35294118 0.37254902
v 0.49586360 -0.70747922 1.23333333 0.35294118 0.35294118 0.37254902
v 0.48968326 -0.70747922 0.33333333 0.35294118 0.35294118 0.37254902
v 0.48968326 -0.70747922 1.23333333 0.35294118 0.35294118 0.37254902
v 0.48468326 -0.71111193 0.33333333 0.35294118 0.35294118 0.37254902
v 0.48468326 -0.71111193 1.23333333 0.35294118 0.35294118 0.37254902
v 0.48277343 -0.71698978 0.33333333 0.35294118 0.35294118 0.37254902
v 0.48277343 -0.71698978 1.23333333 0.35294118 0.35294118 0.37254902
v 0.48468326 -0.72286764 0.33333333 0.35294118 0.35294118 0.37254902
v 0.48468326 -0.72286764 1.23333333 0.35294118 0.35294118 0.37254902
v 0.48968326 -0.72650035 0.33333333 0.35294118 0.35294118 0.37254902
v 0.48968326 -0.72650035 1.23333333 0.35294118 0.35294118 0.37254902
v 0.49586360 -0.72650035 0.33333333 0.35294118 0.35294118 0.37254902
v 0.49586360 -0.72650035 1.23333333 0.35294118 0.35294118 0.37254902
v 0.50086360 -0.72286764 0.33333333 0.35294118 0.35294118 0.37254902
v 0.50086360 -0.72286764 1.23333333 0.35294118 0.35294118 0.37254902
f 272 271 275
f 272 275 273
f 273 275 276
f 273 276 274
f 275 271 277
f 275 277 276
f 276 277 278
f 276 278 274
f 277 271 279
f 277 279 278
f 278 279 280
f 278 280 274
f 279 271 281
f 279 281 280
f 280 281 282
f 280 282 274
f 281 271 283
f 281 283 282
f 282 283 284
f 282 284 274
f 283 271 285
f 283 285 284
f 284 285 286
f 284 286 274
f 285 271 287
f 285 287 286
f 286 287 288
f 286 288 274
f 287 271 289
f 287 289 288
f 288 289 290
f 288 290 274
f 289 271 291
f 289 291 290
f 290 291 292
f 290 292 274
f 291 271 272
f 291 272 292
f 292 272 273
f 292 273 274

o geometry_6
v 0.71698978 -0.49277343 0.33333333 0.35294118 0.35294118 0.37254902
v 0.72698978 -0.49277343 0.33333333 0.35294118 0.35294118 0.37254902
v 0.72698978 -0.49277343 1.23333333 0.35294118 0.35294118 0.37254902
v 0.71698978 -0.49277343 1.23333333 0.35294118 0.35294118 0.37254902
v 0.72507995 -0.48689557 0.33333333 0.35294118 0.35294118 0.37254902
v 0.72507995 -0.48689557 1.23333333 0.35294118 0.35294118 0.37254902
v 0.72007995 -0.48326286 0.33333333 0.35294118 0.35294118 0.37254902
v 0.72007995 -0.48326286 1.23333333 0.35294118 0.35294118 0.37254902
v 0.71389961 -0.48326286 0.33333333 0.35294118 0.35294118 0.37254902
v 0.71389961 -0.48326286 1.23333333 0.35294118 0.35294118 0.37254902
v 0.70889961 -0.48689557 0.33333333 0.35294118 0.35294118 0.37254902
v 0.70889961 -0.48689557 1.23333333 0.35294118 0.35294118 0.37254902
v 0.70698978 -0.49277343 0.33333333 0.35294118 0.35294118 0.37254902
v 0.70698978 -0.49277343 1.23333333 0.35294118 0.35294118 0.37254902
v 0.70889961 -0.49865128 0.33333333 0.35294118 0.35294118 0.37254902
v 0.70889961 -0.49865128 1.23333333 0.35294118 0.35294118 0.37254902
v 0.71389961 -0.50228399 0.33333333 0.35294118 0.35294118 0.37254902
v 0.71389961 -0.50228399 1.23333333 0.35294118 0.35294118 0.37254902
v 0.72007995 -0.50228399 0.33333333 0.35294118 0.35294118 0.37254902
v 0.72007995 -0.50228399 1.23333333 0.35294118 0.35294118 0.37254902
v 0.72507995 -0.49865128 0.33333333 0.35294118 0.35294118 0.37254902
v 0.72507995 -0.49865128 1.23333333 0.35294118 0.35294118 0.37254902
f 294 293 297
f 294 297 295
f 295 297 298
f 295 298 296
f 297 293 299
f 297 299 298
f 298 299 300
f 298 300 296
f 299 293 301
f 299 301 300
f 300 301 302
f 300 302 296
f 301 293 303
f 301 303 302
f 302 303 304
f 302 304 296
f 303 293 305
f 303 305 304
f 304 305 306
f 304 306 296
f 305 293 307
f 305 307 306
f 306 307 308
f 306 308 296
f 307 293 309
f 307 309 308
f 308 309 310
f 308 310 296
f 309 293 311
f 309 311 310
f 310 311 312
f 310 312 296
f 311 293 313
f 311 313 312
f 312 313 314
f 312 314 296
f 313 293 294
f 313 294 314
f 314 294 295
f 314 295 296

o geometry_7
v 0.77942286 -0.45000000 0.45000000 0.70588235 0.54901961 0.35294118
v 0.79435766 -0.42307908 0.45000000 0.70588235 0.54901961 0.35294118
v 0.80836298 -0.39566311 0.45000000 0.70588235 0.54901961 0.35294118
v 0.82142243 -0.36778417 0.45000000 0.70588235 0.54901961 0.35294118
v 0.83352073 -0.33947488 0.45000000 0.70588235 0.54901961 0.35294118
v 0.84464372 -0.31076838 0.45000000 0.70588235 0.54901961 0.35294118
v 0.85477839 -0.28169824 0.45000000 0.70588235 0.54901961 0.35294118
v 0.86391288 -0.25229849 0.45000000 0.70588235 0.54901961 0.35294118
v 0.87203651 -0.22260352 0.45000000 0.70588235 0.54901961 0.35294118
v 0.87913976 -0.19264809 0.45000000 0.70588235 0.54901961 0.35294118
v 0.88521432 -0.16246723 0.45000000 0.70588235 0.54901961 0.35294118
v 0.89025310 -0.13209627 0.45000000 0.70588235 0.54901961 0.35294118
v 0.89425018 -0.10157075 0.45000000 0.70588235 0.54901961 0.35294118
v 0.89720090 -0.07092637 0.45000000 0.70588235 0.54901961 0.35294118
v 0.89910180 -0.04019901 0.45000000 0.70588235 0.54901961 0.35294118
v 0.89995065 -0.00942461 0.45000000 0.70588235 0.54901961 0.35294118
v 0.10779409 -0.00112886 0.45000000 0.70588235 0.54901961 0.35294118
v 0.10769242 -0.00481495 0.45000000 0.70588235 0.54901961 0.35294118
v 0.10746473 -0.00849540 0.45000000 0.70588235 0.54901961 0.35294118
v 0.10711130 -0.01216592 0.45000000 0.70588235 0.54901961 0.35294118
v 0.10663254 -0.01582220 0.45000000 0.70588235 0.54901961 0.35294118
v 0.10602900 -0.01945996 0.45000000 0.70588235 0.54901961 0.35294118
v 0.10530141 -0.02307496 0.45000000 0.70588235 0.54901961 0.35294118
v 0.10445060 -0.02666296 0.45000000 0.70588235 0.54901961 0.35294118
v 0.10347757 -0.03021975 0.45000000 0.70588235 0.54901961 0.35294118
v 0.10238346 -0.03374119 0.45000000 0.70588235 0.54901961 0.35294118
v 0.10116955 -0.03722315 0.45000000 0.70588235 0.54901961 0.35294118
v 0.09983726 -0.04066155 0.45000000 0.70588235 0.54901961 0.35294118
v 0.09838815 -0.04405237 0.45000000 0.70588235 0.54901961 0.35294118
v 0.09682392 -0.04739165 0.45000000 0.70588235 0.54901961 0.35294118
v 0.09514640 -0.05067547 0.45000000 0.70588235 0.54901961 0.35294118
v 0.09335754 -0.05390000 0.45000000 0.70588235 0.54901961 0.35294118
v 0.77942286 -0.45000000 0.50000000 0.70588235 0.54901961 0.35294118
v 0.79435766 -0.42307908 0.50000000 0.70588235 0.54901961 0.35294118
v 0.80836298 -0.39566311 0.50000000 0.70588235 0.54901961 0.35294118
v 0.82142243 -0.36778417 0.50000000 0.70588235 0.54901961 0.35294118
v 0.83352073 -0.33947488 0.50000000 0.70588235 0.54901961 0.35294118
v 0.84464372 -0.31076838 0.50000000 0.70588235 0.54901961 0.35294118
v 0.85477839 -0.28169824 0.50000000 0.70588235 0.54901961 0.35294118
v 0.86391288 -0.25229849 0.50000000 0.70588235 0.54901961 0.35294118
v 0.87203651 -0.22260352 0.50000000 0.70588235 0.54901961 0.35294118
v 0.87913976 -0.19264809 0.50000000 0.70588235 0.54901961 0.35294118
v 0.88521432 -0.16246723 0.50000000 0.70588235 0.54901961 0.35294118
v 0.89025310 -0.13209627 0.50000000 0.70588235 0.54901961 0.35294118
v 0.89425018 -0.10157075 0.50000000 0.70588235 0.54901961 0.35294118
v 0.89720090 -0.07092637 0.50000000 0.70588235 0.54901961 0.35294118
v 0.89910180 -0.04019901 0.50000000 0.70588235 0.54901961 0.35294118
v 0.89995065 -0.00942461 0.50000000 0.70588235 0.54901961 0.35294118
v 0.10779409 -0.00112886 0.50000000 0.70588235 0.54901961 0.35294118
v 0.10769242 -0.00481495 0.50000000 0.70588235 0.54901961 0.35294118
v 0.10746473 -0.00849540 0.50000000 0.70588235 0.54901961 0.35294118
v 0.10711130 -0.01216592 0.50000000 0.70588235 0.54901961 0.35294118
v 0.10663254 -0.01582220 0.50000000 0.70588235 0.54901961 0.35294118
v 0.10602900 -0.01945996 0.50000000 0.70588235 0.54901961 0.35294118
v 0.10530141 -0.02307496 0.50000000 0.70588235 0.54901961 0.35294118
v 0.10445060 -0.02666296 0.50000000 0.70588235 0.54901961 0.35294118
v 0.10347757 -0.03021975 0.50000000 0.70588235 0.54901961 0.35294118
v 0.10238346 -0.03374119 0.50000000 0.70588235 0.54901961 0.35294118
v 0.10116955 -0.03722315 0.50000000 0.70588235 0.54901961 0.35294118
v 0.09983726 -0.04066155 0.50000000 0.70588235 0.54901961 0.35294118
v 0.09838815 -0.04405237 0.50000000 0.70588235 0.54901961 0.35294118
v 0.09682392 -0.04739165 0.50000000 0.70588235 0.54901961 0.35294118
v 0.09514640 -0.05067547 0.50000000 0.70588235 0.54901961 0.35294118
v 0.09335754 -0.05390000 0.50000000 0.70588235 0.54901961 0.35294118
f 315 316 348
f 315 348 347
f 316 317 349
f 316 349 348
f 317 318 350
f 317 350 349
f 318 319 351
f 318 351 350
f 319 320 352
f 319 352 351
f 320 321 353
f 320 353 352
f 321 322 354
f 321 354 353
f 322 323 355
f 322 355 354
f 323 324 356
f 323 356 355
f 324 325 357
f 324 357 356
f 325 326 358
f 325 358 357
f 326 327 359
f 326 359 358
f 327 328 360
f 327 360 359
f 328 329 361
f 328 361 360
f 329 330 362
f 329 362 361
f 330 331 363
f 330 363 362
f 331 332 364
f 331 364 363
f 332 333 365
f 332 365 364
f 333 334 366
f 333 366 365
f 334 335 367
f 334 367 366
f 335 336 368
f 335 368 367
f 336 337 369
f 336 369 368
f 337 338 370
f 337 370 369
f 338 339 371
f 338 371 370
f 339 340 372
f 339 372 371
f 340 341 373
f 340 373 372
f 341 342 374
f 341 374 373
f 342 343 375
f 342 375 374
f 343 344 376
f 343 376 375
f 344 345 377
f 344 377 376
f 345 346 378
f 345 378 377
f 346 315 347
f 346 347 378
f 315 316 345
f 315 345 346
f 347 377 348
f 347 378 377
f 316 317 344
f 316 344 345
f 348 376 349
f 348 377 376
f 317 318 343
f 317 343 344
f 349 375 350
f 349 376 375
f 318 319 342
f 318 342 343
f 350 374 351
f 350 375 374
f 319 320 341
f 319 341 342
f 351 373 352
f 351 374 373
f 320 321 340
f 320 340 341
f 352 372 353
f 352 373 372
f 321 322 339
f 321 339 340
f 353 371 354
f 353 372 371
f 322 323 338
f 322 338 339
f 354 370 355
f 354 371 370
f 323 324 337
f 323 337 338
f 355 369 356
f 355 370 369
f 324 325 336
f 324 336 337
f 356 368 357
f 356 369 368
f 325 326 335
f 325 335 336
f 357 367 358
f 357 368 367
f 326 327 334
f 326 334 335
f 358 366 359
f 358 367 366
f 327 328 333
f 327 333 334
f 359 365 360
f 359 366 365
f 328 329 332
f 328 332 333
f 360 364 361
f 360 365 364
f 329 330 331
f 329 331 332
f 361 363 362
f 361 364 363

o geometry_8
v 0.78524920 -0.37454465 0.50000000 0.35294118 0.35294118 0.37254902
v 0.79524920 -0.37454465 0.50000000 0.35294118 0.35294118 0.37254902
v 0.79524920 -0.37454465 1.40000000 0.35294118 0.35294118 0.37254902
v 0.78524920 -0.37454465 1.40000000 0.35294118 0.35294118 0.37254902
v 0.79333937 -0.36866680 0.50000000 0.35294118 0.35294118 0.37254902
v 0.79333937 -0.36866680 1.40000000 0.35294118 0.35294118 0.37254902
v 0.78833937 -0.36503409 0.50000000 0.35294118 0.35294118 0.37254902
v 0.78833937 -0.36503409 1.40000000 0.35294118 0.35294118 0.37254902
v 0.78215903 -0.36503409 0.50000000 0.35294118 0.35294118 0.37254902
v 0.78215903 -0.36503409 1.40000000 0.35294118 0.35294118 0.37254902
v 0.77715903 -0.36866680 0.50000000 0.35294118 0.35294118 0.37254902
v 0.77715903 -0.36866680 1.40000000 0.35294118 0.35294118 0.37254902
v 0.77524920 -0.37454465 0.50000000 0.35294118 0.35294118 0.37254902
v 0.77524920 -0.37454465 1.40000000 0.35294118 0.35294118 0.37254902
v 0.77715903 -0.38042251 0.50000000 0.35294118 0.35294118 0.37254902
v 0.77715903 -0.38042251 1.40000000 0.35294118 0.35294118 0.37254902
v 0.78215903 -0.38405522 0.50000000 0.35294118 0.35294118 0.37254902
v 0.78215903 -0.38405522 1.40000000 0.35294118 0.35294118 0.37254902
v 0.78833937 -0.38405522 0.50000000 0.35294118 0.35294118 0.37254902
v 0.78833937 -0.38405522 1.40000000 0.35294118 0.35294118 0.37254902
v 0.79333937 -0.38042251 0.50000000 0.35294118 0.35294118 0.37254902
v 0.79333937 -0.38042251 1.40000000 0.35294118 0.35294118 0.37254902
f 380 379 383
f 380 383 381
f 381 383 384
f 381 384 382
f 383 379 385
f 383 385 384
f 384 385 386
f 384 386 382
f 385 379 387
f 385 387 386
f 386 387 388
f 386 388 382
f 387 379 389
f 387 389 388
f 388 389 390
f 388 390 382
f 389 379 391
f 389 391 390
f 390 391 392
f 390 392 382
f 391 379 393
f 391 393 392
f 392 393 394
f 392 394 382
f 393 379 395
f 393 395 394
f 394 395 396
f 394 396 382
f 395 379 397
f 395 397 396
f 396 397 398
f 396 398 382
f 397 379 399
f 397 399 398
f 398 399 400
f 398 400 382
f 399 379 380
f 399 380 400
f 400 380 381
f 400 381 382

o geometry_9
v 0.86731808 -0.06825941 0.50000000 0.35294118 0.35294118 0.37254902
v 0.87731808 -0.06825941 0.50000000 0.35294118 0.35294118 0.37254902
v 0.87731808 -0.06825941 1.40000000 0.35294118 0.35294118 0.37254902
v 0.86731808 -0.06825941 1.40000000 0.35294118 0.35294118 0.37254902
v 0.87540825 -0.06238156 0.50000000 0.35294118 0.35294118 0.37254902
v 0.87540825 -0.06238156 1.40000000 0.35294118 0.35294118 0.37254902
v 0.87040825 -0.05874885 0.50000000 0.35294118 0.35294118 0.37254902
v 0.87040825 -0.05874885 1.40000000 0.35294118 0.35294118 0.37254902
v 0.86422791 -0.05874885 0.50000000 0.35294118 0.35294118 0.37254902
v 0.86422791 -0.05874885 1.40000000 0.35294118 0.35294118 0.37254902
v 0.85922791 -0.06238156 0.50000000 0.35294118 0.35294118 0.37254902
v 0.85922791 -0.06238156 1.40000000 0.35294118 0.35294118 0.37254902
v 0.85731808 -0.06825941 0.50000000 0.35294118 0.35294118 0.37254902
v 0.85731808 -0.06825941 1.40000000 0.35294118 0.35294118 0.37254902
v 0.85922791 -0.07413727 0.50000000 0.35294118 0.35294118 0.37254902
v 0.85922791 -0.07413727 1.40000000 0.35294118 0.35294118 0.37254902
v 0.86422791 -0.07776998 0.50000000 0.35294118 0.35294118 0.37254902
v 0.86422791 -0.07776998 1.40000000 0.35294118 0.35294118 0.37254902
v 0.87040825 -0.07776998 0.50000000 0.35294118 0.35294118 0.37254902
v 0.87040825 -0.07776998 1.40000000 0.35294118 0.35294118 0.37254902
v 0.87540825 -0.07413727 0.50000000 0.35294118 0.35294118 0.37254902
v 0.87540825 -0.07413727 1.40000000 0.35294118 0.35294118 0.37254902
f 402 401 405
f 402 405 403
f 403 405 406
f 403 406 404
f 405 401 407
f 405 407 406
f 406 407 408
f 406 408 404
f 407 401 409
f 407 409 408
f 408 409 410
f 408 410 404
f 409 401 411
f 409 411 410
f 410 411 412
f 410 412 404
f 411 401 413
f 411 413 412
f 412 413 414
f 412 414 404
f 413 401 415
f 413 415 414
f 414 415 416
f 414 416 404
f 415 401 417
f 415 417 416
f 416 417 418
f 416 418 404
f 417 401 419
f 417 419 418
f 418 419 420
f 418 420 404
f 419 401 421
f 419 421 420
f 420 421 422
f 420 422 404
f 421 401 402
f 421 402 422
f 422 402 403
f 422 403 404

o geometry_10
v 0.90000000 0.00000000 0.61666667 0.70588235 0.54901961 0.35294118
v 0.89947345 0.03078160 0.61666667 0.70588235 0.54901961 0.35294118
v 0.89789443 0.06152719 0.61666667 0.70588235 0.54901961 0.35294118
v 0.89526477 0.09220078 0.61666667 0.70588235 0.54901961 0.35294118
v 0.89158757 0.12276649 0.61666667 0.70588235 0.54901961 0.35294118
v 0.88686711 0.15318855 0.61666667 0.70588235 0.54901961 0.35294118
v 0.88110892 0.18343136 0.61666667 0.70588235 0.54901961 0.35294118
v 0.87431975 0.21345954 0.61666667 0.70588235 0.54901961 0.35294118
v 0.86650753 0.24323795 0.61666667 0.70588235 0.54901961 0.35294118
v 0.85768141 0.27273174 0.61666667 0.70588235 0.54901961 0.35294118
v 0.84785171 0.30190641 0.61666667 0.70588235 0.54901961 0.35294118
v 0.83702993 0.33072782 0.61666667 0.70588235 0.54901961 0.35294118
v 0.82522875 0.35916224 0.61666667 0.70588235 0.54901961 0.35294118
v 0.81246196 0.38717641 0.61666667 0.70588235 0.54901961 0.35294118
v 0.79874450 0.41473754 0.61666667 0.70588235 0.54901961 0.35294118
v 0.78409243 0.44181338 0.61666667 0.70588235 0.54901961 0.35294118
v 0.09391685 0.05291942 0.61666667 0.70588235 0.54901961 0.35294118
v 0.09567184 0.04967634 0.61666667 0.70588235 0.54901961 0.35294118
v 0.09731489 0.04637513 0.61666667 0.70588235 0.54901961 0.35294118
v 0.09884407 0.04301966 0.61666667 0.70588235 0.54901961 0.35294118
v 0.10025759 0.03961384 0.61666667 0.70588235 0.54901961 0.35294118
v 0.10155379 0.03616168 0.61666667 0.70588235 0.54901961 0.35294118
v 0.10273117 0.03266720 0.61666667 0.70588235 0.54901961 0.35294118
v 0.10378835 0.02913450 0.61666667 0.70588235 0.54901961 0.35294118
v 0.10472408 0.02556771 0.61666667 0.70588235 0.54901961 0.35294118
v 0.10553727 0.02197100 0.61666667 0.70588235 0.54901961 0.35294118
v 0.10622697 0.01834858 0.61666667 0.70588235 0.54901961 0.35294118
v 0.10679238 0.01470470 0.61666667 0.70588235 0.54901961 0.35294118
v 0.10723283 0.01104360 0.61666667 0.70588235 0.54901961 0.35294118
v 0.10754780 0.00736959 0.61666667 0.70588235 0.54901961 0.35294118
v 0.10773693 0.00368695 0.61666667 0.70588235 0.54901961 0.35294118
v 0.10780000 0.00000000 0.61666667 0.70588235 0.54901961 0.35294118
v 0.90000000 0.00000000 0.66666667 0.70588235 0.54901961 0.35294118
v 0.89947345 0.03078160 0.66666667 0.70588235 0.54901961 0.35294118
v 0.89789443 0.06152719 0.66666667 0.70588235 0.54901961 0.35294118
v 0.89526477 0.09220078 0.66666667 0.70588235 0.54901961 0.35294118
v 0.89158757 0.12276649 0.66666667 0.70588235 0.54901961 0.35294118
v 0.88686711 0.15318855 0.66666667 0.70588235 0.54901961 0.35294118
v 0.88110892 0.18343136 0.66666667 0.70588235 0.54901961 0.35294118
v 0.87431975 0.21345954 0.66666667 0.70588235 0.54901961 0.35294118
v 0.86650753 0.24323795 0.66666667 0.70588235 0.54901961 0.35294118
v 0.85768141 0.27273174 0.66666667 0.70588235 0.54901961 0.35294118
v 0.84785171 0.30190641 0.66666667 0.70588235 0.54901961 0.35294118
v 0.83702993 0.33072782 0.66666667 0.70588235 0.54901961 0.35294118
v 0.82522875 0.35916224 0.66666667 0.70588235 0.54901961 0.35294118
v 0.81246196 0.38717641 0.66666667 0.70588235 0.54901961 0.35294118
v 0.79874450 0.41473754 0.66666667 0.70588235 0.54901961 0.35294118
v 0.78409243 0.44181338 0.66666667 0.70588235 0.54901961 0.35294118
v 0.09391685 0.05291942 0.66666667 0.70588235 0.54901961 0.35294118
v 0.09567184 0.04967634 0.66666667 0.70588235 0.54901961 0.35294118
v 0.09731489 0.04637513 0.66666667 0.70588235 0.54901961 0.35294118
v 0.09884407 0.04301966 0.66666667 0.70588235 0.54901961 0.35294118
v 0.10025759 0.03961384 0.66666667 0.70588235 0.54901961 0.35294118
v 0.10155379 0.03616168 0.66666667 0.70588235 0.54901961 0.35294118
v 0.10273117 0.03266720 0.66666667 0.70588235 0.54901961 0.35294118
v 0.10378835 0.02913450 0.66666667 0.70588235 0.54901961 0.35294118
v 0.10472408 0.02556771 0.66666667 0.70588235 0.54901961 0.35294118
v 0.10553727 0.02197100 0.66666667 0.70588235 0.54901961 0.35294118
v 0.10622697 0.01834858 0.66666667 0.70588235 0.54901961 0.35294118
v 0.10679238 0.01470470 0.66666667 0.70588235 0.54901961 0.35294118
v 0.10723283 0.01104360 0.66666667 0.70588235 0.54901961 0.35294118
v 0.10754780 0.00736959 0.66666667 0.70588235 0.54901961 0.35294118
v 0.10773693 0.00368695 0.66666667 0.70588235 0.54901961 0.35294118
v 0.10780000 0.00000000 0.66666667 0.70588235 0.54901961 0.35294118
f 423 424 456
f 423 456 455
f 424 425 457
f 424 457 456
f 425 426 458
f 425 458 457
f 426 427 459
f 426 459 458
f 427 428 460
f 427 460 459
f 428 429 461
f 428 461 460
f 429 430 462
f 429 462 461
f 430 431 463
f 430 463 462
f 431 432 464
f 431 464 463
f 432 433 465
f 432 465 464
f 433 434 466
f 433 466 465
f 434 435 467
f 434 467 466
f 435 436 468
f 435 468 467
f 436 437 469
f 436 469 468
f 437 438 470
f 437 470 469
f 438 439 471
f 438 471 470
f 439 440 472
f 439 472 471
f 440 441 473
f 440 473 472
f 441 442 474
f 441 474 473
f 442 443 475
f 442 475 474
f 443 444 476
f 443 476 475
f 444 445 477
f 444 477 476
f 445 446 478
f 445 478 477
f 446 447 479
f 446 479 478
f 447 448 480
f 447 480 479
f 448 449 481
f 448 481 480
f 449 450 482
f 449 482 481
f 450 451 483
f 450 483 482
f 451 452 484
f 451 484 483
f 452 453 485
f 452 485 484
f 453 454 486
f 453 486 485
f 454 423 455
f 454 455 486
f 423 424 453
f 423 453 454
f 455 485 456
f 455 486 485
f 424 425 452
f 424 452 453
f 456 484 457
f 456 485 484
f 425 426 451
f 425 451 452
f 457 483 458
f 457 484 483
f 426 427 450
f 426 450 451
f 458 482 459
f 458 483 482
f 427 428 449
f 427 449 450
f 459 481 460
f 459 482 481
f 428 429 448
f 428 448 449
f 460 480 461
f 460 481 480
f 429 430 447
f 429 447 448
f 461 479 462
f 461 480 479
f 430 431 446
f 430 446 447
f 462 478 463
f 462 479 478
f 431 432 445
f 431 445 446
f 463 477 464
f 463 478 477
f 432 433 444
f 432 444 445
f 464 476 465
f 464 477 476
f 433 434 443
f 433 443 444
f 465 475 466
f 465 476 475
f 434 435 442
f 434 442 443
f 466 474 467
f 466 475 474
f 435 436 441
f 435 441 442
f 467 473 468
f 467 474 473
f 436 437 440
f 436 440 441
f 468 472 469
f 468 473 472
f 437 438 439
f 437 439 440
f 469 471 470
f 469 472 471

o geometry_11
v 0.86731808 0.06825941 0.66666667 0.35294118 0.35294118 0.37254902
v 0.87731808 0.06825941 0.66666667 0.35294118 0.35294118 0.37254902
v 0.87731808 0.06825941 1.56666667 0.35294118 0.35294118 0.37254902
v 0.86731808 0.06825941 1.56666667 0.35294118 0.35294118 0.37254902
v 0.87540825 0.07413727 0.66666667 0.35294118 0.35294118 0.37254902
v 0.87540825 0.07413727 1.56666667 0.35294118 0.35294118 0.37254902
v 0.87040825 0.07776998 0.66666667 0.35294118 0.35294118 0.37254902
v 0.87040825 0.07776998 1.56666667 0.35294118 0.35294118 0.37254902
v 0.86422791 0.07776998 0.66666667 0.35294118 0.35294118 0.37254902
v 0.86422791 0.07776998 1.56666667 0.35294118 0.35294118 0.37254902
v 0.85922791 0.07413727 0.66666667 0.35294118 0.35294118 0.37254902
v 0.85922791 0.07413727 1.56666667 0.35294118 0.35294118 0.37254902
v 0.85731808 0.06825941 0.66666667 0.35294118 0.35294118 0.37254902
v 0.85731808 0.06825941 1.56666667 0.35294118 0.35294118 0.37254902
v 0.85922791 0.06238156 0.66666667 0.35294118 0.35294118 0.37254902
v 0.85922791 0.06238156 1.56666667 0.35294118 0.35294118 0.37254902
v 0.86422791 0.05874885 0.66666667 0.35294118 0.35294118 0.37254902
v 0.86422791 0.05874885 1.56666667 0.35294118 0.35294118 0.37254902
v 0.87040825 0.05874885 0.66666667 0.35294118 0.35294118 0.37254902
v 0.87040825 0.05874885 1.56666667 0.35294118 0.35294118 0.37254902
v 0.87540825 0.06238156 0.66666667 0.35294118 0.35294118 0.37254902
v 0.87540825 0.06238156 1.56666667 0.35294118 0.35294118 0.37254902
f 488 487 491
f 488 491 489
f 489 491 492
f 489 492 490
f 491 487 493
f 491 493 492
f 492 493 494
f 492 494 490
f 493 487 495
f 493 495 494
f 494 495 496
f 494 496 490
f 495 487 497
f 495 497 496
f 496 497 498
f 496 498 490
f 497 487 499
f 497 499 498
f 498 499 500
f 498 500 490
f 499 487 501
f 499 501 500
f 500 501 502
f 500 502 490
f 501 487 503
f 501 503 502
f 502 503 504
f 502 504 490
f 503 487 505
f 503 505 504
f 504 505 506
f 504 506 490
f 505 487 507
f 505 507 506
f 506 507 508
f 506 508 490
f 507 487 488
f 507 488 508
f 508 488 489
f 508 489 490

o geometry_12
v 0.78524920 0.37454465 0.66666667 0.35294118 0.35294118 0.37254902
v 0.79524920 0.37454465 0.66666667 0.35294118 0.35294118 0.37254902
v 0.79524920 0.37454465 1.56666667 0.35294118 0.35294118 0.37254902
v 0.78524920 0.37454465 1.56666667 0.35294118 0.35294118 0.37254902
v 0.79333937 0.38042251 0.66666667 0.35294118 0.35294118 0.37254902
v 0.79333937 0.38042251 1.56666667 0.35294118 0.35294118 0.37254902
v 0.78833937 0.38405522 0.66666667 0.35294118 0.35294118 0.37254902
v 0.78833937 0.38405522 1.56666667 0.35294118 0.35294118 0.37254902
v 0.78215903 0.38405522 0.66666667 0.35294118 0.35294118 0.37254902
v 0.78215903 0.38405522 1.56666667 0.35294118 0.35294118 0.37254902
v 0.77715903 0.38042251 0.66666667 0.35294118 0.35294118 0.37254902
v 0.77715903 0.38042251 1.56666667 0.35294118 0.35294118 0.37254902
v 0.77524920 0.37454465 0.66666667 0.35294118 0.35294118 0.37254902
v 0.77524920 0.37454465 1.56666667 0.35294118 0.35294118 0.37254902
v 0.77715903 0.36866680 0.66666667 0.35294118 0.35294118 0.37254902
v 0.77715903 0.36866680 1.56666667 0.35294118 0.35294118 0.37254902
v 0.78215903 0.36503409 0.66666667 0.35294118 0.35294118 0.37254902
v 0.78215903 0.36503409 1.56666667 0.35294118 0.35294118 0.37254902
v 0.78833937 0.36503409 0.66666667 0.35294118 0.35294118 0.37254902
v 0.78833937 0.36503409 1.56666667 0.35294118 0.35294118 0.37254902
v 0.79333937 0.36866680 0.66666667 0.35294118 0.35294118 0.37254902
v 0.79333937 0.36866680 1.56666667 0.35294118 0.35294118 0.37254902
f 510 509 513
f 510 513 511
f 511 513 514
f 511 514 512
f 513 509 515
f 513 515 514
f 514 515 516
f 514 516 512
f 515 509 517
f 515 517 516
f 516 517 518
f 516 518 512
f 517 509 519
f 517 519 518
f 518 519 520
f 518 520 512
f 519 509 521
f 519 521 520
f 520 521 522
f 520 522 512
f 521 509 523
f 521 523 522
f 522 523 524
f 522 524 512
f 523 509 525
f 523 525 524
f 524 525 526
f 524 526 512
f 525 509 527
f 525 527 526
f 526 527 528
f 526 528 512
f 527 509 529
f 527 529 528
f 528 529 530
f 528 530 512
f 529 509 510
f 529 510 530
f 530 510 511
f 530 511 512

o geometry_13
v 0.77942286 0.45000000 0.78333333 0.70588235 0.54901961 0.35294118
v 0.76357606 0.47639438 0.78333333 0.70588235 0.54901961 0.35294118
v 0.74683579 0.50223132 0.78333333 0.70588235 0.54901961 0.35294118
v 0.72922165 0.52748061 0.78333333 0.70588235 0.54901961 0.35294118
v 0.71075424 0.55211268 0.78333333 0.70588235 0.54901961 0.35294118
v 0.69145517 0.57609873 0.78333333 0.70588235 0.54901961 0.35294118
v 0.67134703 0.59941068 0.78333333 0.70588235 0.54901961 0.35294118
v 0.65045334 0.62202126 0.78333333 0.70588235 0.54901961 0.35294118
v 0.62879856 0.64390401 0.78333333 0.70588235 0.54901961 0.35294118
v 0.60640802 0.66503332 0.78333333 0.70588235 0.54901961 0.35294118
v 0.58330791 0.68538448 0.78333333 0.70588235 0.54901961 0.35294118
v 0.55952528 0.70493366 0.78333333 0.70588235 0.54901961 0.35294118
v 0.53508794 0.72365800 0.78333333 0.70588235 0.54901961 0.35294118
v 0.51002449 0.74153558 0.78333333 0.70588235 0.54901961 0.35294118
v 0.48436426 0.75854549 0.78333333 0.70588235 0.54901961 0.35294118
v 0.45813727 0.77466782 0.78333333 0.70588235 0.54901961 0.35294118
v 0.05487466 0.09278799 0.78333333 0.70588235 0.54901961 0.35294118
v 0.05801607 0.09085689 0.78333333 0.70588235 0.54901961 0.35294118
v 0.06108960 0.08881948 0.78333333 0.70588235 0.54901961 0.35294118
v 0.06409164 0.08667815 0.78333333 0.70588235 0.54901961 0.35294118
v 0.06701869 0.08443539 0.78333333 0.70588235 0.54901961 0.35294118
v 0.06986733 0.08209383 0.78333333 0.70588235 0.54901961 0.35294118
v 0.07263420 0.07965621 0.78333333 0.70588235 0.54901961 0.35294118
v 0.07531609 0.07712539 0.78333333 0.70588235 0.54901961 0.35294118
v 0.07790986 0.07450432 0.78333333 0.70588235 0.54901961 0.35294118
v 0.08041246 0.07179608 0.78333333 0.70588235 0.54901961 0.35294118
v 0.08282096 0.06900383 0.78333333 0.70588235 0.54901961 0.35294118
v 0.08513256 0.06613083 0.78333333 0.70588235 0.54901961 0.35294118
v 0.08734455 0.06318045 0.78333333 0.70588235 0.54901961 0.35294118
v 0.08945433 0.06015615 0.78333333 0.70588235 0.54901961 0.35294118
v 0.09145944 0.05706146 0.78333333 0.70588235 0.54901961 0.35294118
v 0.09335754 0.05390000 0.78333333 0.70588235 0.54901961 0.35294118
v 0.77942286 0.45000000 0.83333333 0.70588235 0.54901961 0.35294118
v 0.76357606 0.47639438 0.83333333 0.70588235 0.54901961 0.35294118
v 0.74683579 0.50223132 0.83333333 0.70588235 0.54901961 0.35294118
v 0.72922165 0.52748061 0.83333333 0.70588235 0.54901961 0.35294118
v 0.71075424 0.55211268 0.83333333 0.70588235 0.54901961 0.35294118
v 0.69145517 0.57609873 0.83333333 0.70588235 0.54901961 0.35294118
v 0.67134703 0.59941068 0.83333333 0.70588235 0.54901961 0.35294118
v 0.65045334 0.62202126 0.83333333 0.70588235 0.54901961 0.35294118
v 0.62879856 0.64390401 0.83333333 0.70588235 0.54901961 0.35294118
v 0.60640802 0.66503332 0.83333333 0.70588235 0.54901961 0.35294118
v 0.58330791 0.68538448 0.83333333 0.70588235 0.54901961 0.35294118
v 0.55952528 0.70493366 0.83333333 0.70588235 0.54901961 0.35294118
v 0.53508794 0.72365800 0.83333333 0.70588235 0.54901961 0.35294118
v 0.51002449 0.74153558 0.83333333 0.70588235 0.54901961 0.35294118
v 0.48436426 0.75854549 0.83333333 0.70588235 0.54901961 0.35294118
v 0.45813727 0.77466782 0.83333333 0.70588235 0.54901961 0.35294118
v 0.05487466 0.09278799 0.83333333 0.70588235 0.54901961 0.35294118
v 0.05801607 0.09085689 0.83333333 0.70588235 0.54901961 0.35294118
v 0.06108960 0.08881948 0.83333333 0.70588235 0.54901961 0.35294118
v 0.06409164 0.08667815 0.83333333 0.70588235 0.54901961 0.35294118
v 0.06701869 0.08443539 0.83333333 0.70588235 0.54901961 0.35294118
v 0.06986733 0.08209383 0.83333333 0.70588235 0.54901961 0.35294118
v 0.07263420 0.07965621 0.83333333 0.70588235 0.54901961 0.35294118
v 0.07531609 0.07712539 0.83333333 0.70588235 0.54901961 0.35294118
v 0.07790986 0.07450432 0.83333333 0.70588235 0.54901961 0.35294118
v 0.08041246 0.07179608 0.83333333 0.70588235 0.54901961 0.35294118
v 0.08282096 0.06900383 0.83333333 0.70588235 0.54901961 0.35294118
v 0.08513256 0.06613083 0.83333333 0.70588235 0.54901961 0.35294118
v 0.08734455 0.06318045 0.83333333 0.70588235 0.54901961 0.35294118
v 0.08945433 0.06015615 0.83333333 0.70588235 0.54901961 0.35294118
v 0.09145944 0.05706146 0.83333333 0.70588235 0.54901961 0.35294118
v 0.09335754 0.05390000 0.83333333 0.70588235 0.54901961 0.35294118
f 531 532 564
f 531 564 563
f 532 533 565
f 532 565 564
f 533 534 566
f 533 566 565
f 534 535 567
f 534 567 566
f 535 536 568
f 535 568 567
f 536 537 569
f 536 569 568
f 537 538 570
f 537 570 569
f 538 539 571
f 538 571 570
f 539 540 572
f 539 572 571
f 540 541 573
f 540 573 572
f 541 542 574
f 541 574 573
f 542 543 575
f 542 575 574
f 543 544 576
f 543 576 575
f 544 545 577
f 544 577 576
f 545 546 578
f 545 578 577
f 546 547 579
f 546 579 578
f 547 548 580
f 547 580 579
f 548 549 581
f 548 581 580
f 549 550 582
f 549 582 581
f 550 551 583
f 550 583 582
f 551 552 584
f 551 584 583
f 552 553 585
f 552 585 584
f 553 554 586
f 553 586 585
f 554 555 587
f 554 587 586
f 555 556 588
f 555 588 587
f 556 557 589
f 556 589 588
f 557 558 590
f 557 590 589
f 558 559 591
f 558 591 590
f 559 560 592
f 559 592 591
f 560 561 593
f 560 593 592
f 561 562 594
f 561 594 593
f 562 531 563
f 562 563 594
f 531 532 561
f 531 561 562
f 563 593 564
f 563 594 593
f 532 533 560
f 532 560 561
f 564 592 565
f 564 593 592
f 533 534 559
f 533 559 560
f 565 591 566
f 565 592 591
f 534 535 558
f 534 558 559
f 566 590 567
f 566 591 590
f 535 536 557
f 535 557 558
f 567 589 568
f 567 590 589
f 536 537 556
f 536 556 557
f 568 588 569
f 568 589 588
f 537 538 555
f 537 555 556
f 569 587 570
f 569 588 587
f 538 539 554
f 538 554 555
f 570 586 571
f 570 587 586
f 539 540 553
f 539 553 554
f 571 585 572
f 571 586 585
f 540 541 552
f 540 552 553
f 572 584 573
f 572 585 584
f 541 542 551
f 541 551 552
f 573 583 574
f 573 584 583
f 542 543 550
f 542 550 551
f 574 582 575
f 574 583 582
f 543 544 549
f 543 549 550
f 575 581 576
f 575 582 581
f 544 545 548
f 544 548 549
f 576 580 577
f 576 581 580
f 545 546 547
f 545 547 548
f 577 579 578
f 577 580 579

o geometry_14
v 0.71698978 0.49277343 0.83333333 0.35294118 0.35294118 0.37254902
v 0.72698978 0.49277343 0.83333333 0.35294118 0.35294118 0.37254902
v 0.72698978 0.49277343 1.73333333 0.35294118 0.35294118 0.37254902
v 0.71698978 0.49277343 1.73333333 0.35294118 0.35294118 0.37254902
v 0.72507995 0.49865128 0.83333333 0.35294118 0.35294118 0.37254902
v 0.72507995 0.49865128 1.73333333 0.35294118 0.35294118 0.37254902
v 0.72007995 0.50228399 0.83333333 0.35294118 0.35294118 0.37254902
v 0.72007995 0.50228399 1.73333333 0.35294118 0.35294118 0.37254902
v 0.71389961 0.50228399 0.83333333 0.35294118 0.35294118 0.37254902
v 0.71389961 0.50228399 1.73333333 0.35294118 0.35294118 0.37254902
v 0.70889961 0.49865128 0.83333333 0.35294118 0.35294118 0.37254902
v 0.70889961 0.49865128 1.73333333 0.35294118 0.35294118 0.37254902
v 0.70698978 0.49277343 0.83333333 0.35294118 0.35294118 0.37254902
v 0.70698978 0.49277343 1.73333333 0.35294118 0.35294118 0.37254902
v 0.70889961 0.48689557 0.83333333 0.35294118 0.35294118 0.37254902
v 0.70889961 0.48689557 1.73333333 0.35294118 0.35294118 0.37254902
v 0.71389961 0.48326286 0.83333333 0.35294118 0.35294118 0.37254902
v 0.71389961 0.48326286 1.73333333 0.35294118 0.35294118 0.37254902
v 0.72007995 0.48326286 0.83333333 0.35294118 0.35294118 0.37254902
v 0.72007995 0.48326286 1.73333333 0.35294118 0.35294118 0.37254902
v 0.72507995 0.48689557 0.83333333 0.35294118 0.35294118 0.37254902
v 0.72507995 0.48689557 1.73333333 0.35294118 0.35294118 0.37254902
f 596 595 599
f 596 599 597
f 597 599 600
f 597 600 598
f 599 595 601
f 599 601 600
f 600 601 602
f 600 602 598
f 601 595 603
f 601 603 602
f 602 603 604
f 602 604 598
f 603 595 605
f 603 605 604
f 604 605 606
f 604 606 598
f 605 595 607
f 605 607 606
f 606 607 608
f 606 608 598
f 607 595 609
f 607 609 608
f 608 609 610
f 608 610 598
f 609 595 611
f 609 611 610
f 610 611 612
f 610 612 598
f 611 595 613
f 611 613 612
f 612 613 614
f 612 614 598
f 613 595 615
f 613 615 614
f 614 615 616
f 614 616 598
f 615 595 596
f 615 596 616
f 616 596 597
f 616 597 598

o geometry_15
v 0.49277343 0.71698978 0.83333333 0.35294118 0.35294118 0.37254902
v 0.50277343 0.71698978 0.83333333 0.35294118 0.35294118 0.37254902
v 0.50277343 0.71698978 1.73333333 0.35294118 0.35294118 0.37254902
v 0.49277343 0.71698978 1.73333333 0.35294118 0.35294118 0.37254902
v 0.50086360 0.72286764 0.83333333 0.35294118 0.35294118 0.37254902
v 0.50086360 0.72286764 1.73333333 0.35294118 0.35294118 0.37254902
v 0.49586360 0.72650035 0.83333333 0.35294118 0.35294118 0.37254902
v 0.49586360 0.72650035 1.73333333 0.35294118 0.35294118 0.37254902
v 0.48968326 0.72650035 0.83333333 0.35294118 0.35294118 0.37254902
v 0.48968326 0.72650035 1.73333333 0.35294118 0.35294118 0.37254902
v 0.48468326 0.72286764 0.83333333 0.35294118 0.35294118 0.37254902
v 0.48468326 0.72286764 1.73333333 0.35294118 0.35294118 0.37254902
v 0.48277343 0.71698978 0.83333333 0.35294118 0.35294118 0.37254902
v 0.48277343 0.71698978 1.73333333 0.35294118 0.35294118 0.37254902
v 0.48468326 0.71111193 0.83333333 0.35294118 0.35294118 0.37254902
v 0.48468326 0.71111193 1.73333333 0.35294118 0.35294118 0.37254902
v 0.48968326 0.70747922 0.83333333 0.35294118 0.35294118 0.37254902
v 0.48968326 0.70747922 1.73333333 0.35294118 0.35294118 0.37254902
v 0.49586360 0.70747922 0.83333333 0.35294118 0.35294118 0.37254902
v 0.49586360 0.70747922 1.73333333 0.35294118 0.35294118 0.37254902
v 0.50086360 0.71111193 0.83333333 0.35294118 0.35294118 0.37254902
v 0.50086360 0.71111193 1.73333333 0.35294118 0.35294118 0.37254902
f 618 617 621
f 618 621 619
f 619 621 622
f 619 622 620
f 621 617 623
f 621 623 622
f 622 623 624
f 622 624 620
f 623 617 625
f 623 625 624
f 624 625 626
f 624 626 620
f 625 617 627
f 625 627 626
f 626 627 628
f 626 628 620
f 627 617 629
f 627 629 628
f 628 629 630
f 628 630 620
f 629 617 631
f 629 631 630
f 630 631 632
f 630 632 620
f 631 617 633
f 631 633 632
f 632 633 634
f 632 634 620
f 633 617 635
f 633 635 634
f 634 635 636
f 634 636 620
f 635 617 637
f 635 637 636
f 636 637 638
f 636 638 620
f 637 617 618
f 637 618 638
f 638 618 619
f 638 619 620

o geometry_16
v 0.45000000 0.77942286 0.95000000 0.70588235 0.54901961 0.35294118
v 0.42307908 0.79435766 0.95000000 0.70588235 0.54901961 0.35294118
v 0.39566311 0.80836298 0.95000000 0.70588235 0.54901961 0.35294118
v 0.36778417 0.82142243 0.95000000 0.70588235 0.54901961 0.35294118
v 0.33947488 0.83352073 0.95000000 0.70588235 0.54901961 0.35294118
v 0.31076838 0.84464372 0.95000000 0.70588235 0.54901961 0.35294118
v 0.28169824 0.85477839 0.95000000 0.70588235 0.54901961 0.35294118
v 0.25229849 0.86391288 0.95000000 0.70588235 0.54901961 0.35294118
v 0.22260352 0.87203651 0.95000000 0.70588235 0.54901961 0.35294118
v 0.19264809 0.87913976 0.95000000 0.70588235 0.54901961 0.35294118
v 0.16246723 0.88521432 0.95000000 0.70588235 0.54901961 0.35294118
v 0.13209627 0.89025310 0.95000000 0.70588235 0.54901961 0.35294118
v 0.10157075 0.89425018 0.95000000 0.70588235 0.54901961 0.35294118
v 0.07092637 0.89720090 0.95000000 0.70588235 0.54901961 0.35294118
v 0.04019901 0.89910180 0.95000000 0.70588235 0.54901961 0.35294118
v 0.00942461 0.89995065 0.95000000 0.70588235 0.54901961 0.35294118
v 0.00112886 0.10779409 0.95000000 0.70588235 0.54901961 0.35294118
v 0.00481495 0.10769242 0.95000000 0.70588235 0.54901961 0.35294118
v 0.00849540 0.10746473 0.95000000 0.70588235 0.54901961 0.35294118
v 0.01216592 0.10711130 0.95000000 0.70588235 0.54901961 0.35294118
v 0.01582220 0.10663254 0.95000000 0.70588235 0.54901961 0.35294118
v 0.01945996 0.10602900 0.95000000 0.70588235 0.54901961 0.35294118
v 0.02307496 0.10530141 0.95000000 0.70588235 0.54901961 0.35294118
v 0.02666296 0.10445060 0.95000000 0.70588235 0.54901961 0.35294118
v 0.03021975 0.10347757 0.95000000 0.70588235 0.54901961 0.35294118
v 0.03374119 0.10238346 0.95000000 0.70588235 0.54901961 0.35294118
v 0.03722315 0.10116955 0.95000000 0.70588235 0.54901961 0.35294118
v 0.04066155 0.09983726 0.95000000 0.70588235 0.54901961 0.35294118
v 0.04405237 0.09838815 0.95000000 0.70588235 0.54901961 0.35294118
v 0.04739165 0.09682392 0.95000000 0.70588235 0.54901961 0.35294118
v 0.05067547 0.09514640 0.95000000 0.70588235 0.54901961 0.35294118
v 0.05390000 0.09335754 0.95000000 0.70588235 0.54901961 0.35294118
v 0.45000000 0.77942286 1.00000000 0.70588235 0.54901961 0.35294118
v 0.42307908 0.79435766 1.00000000 0.70588235 0.54901961 0.35294118
v 0.39566311 0.80836298 1.00000000 0.70588235 0.54901961 0.35294118
v 0.36778417 0.82142243 1.00000000 0.70588235 0.54901961 0.35294118
v 0.33947488 0.83352073 1.00000000 0.70588235 0.54901961 0.35294118
v 0.31076838 0.84464372 1.00000000 0.70588235 0.54901961 0.35294118
v 0.28169824 0.85477839 1.00000000 0.70588235 0.54901961 0.35294118
v 0.25229849 0.86391288 1.00000000 0.70588235 0.54901961 0.35294118
v 0.22260352 0.87203651 1.00000000 0.70588235 0.54901961 0.35294118
v 0.19264809 0.87913976 1.00000000 0.70588235 0.54901961 0.35294118
v 0.16246723 0.88521432 1.00000000 0.70588235 0.54901961 0.35294118
v 0.13209627 0.89025310 1.00000000 0.70588235 0.54901961 0.35294118
v 0.10157075 0.89425018 1.00000000 0.70588235 0.54901961 0.35294118
v 0.07092637 0.89720090 1.00000000 0.70588235 0.54901961 0.35294118
v 0.04019901 0.89910180 1.00000000 0.70588235 0.54901961 0.35294118
v 0.00942461 0.89995065 1.00000000 0.70588235 0.54901961 0.35294118
v 0.00112886 0.10779409 1.00000000 0.70588235 0.54901961 0.35294118
v 0.00481495 0.10769242 1.00000000 0.70588235 0.54901961 0.35294118
v 0.00849540 0.10746473 1.00000000 0.70588235 0.54901961 0.35294118
v 0.01216592 0.10711130 1.00000000 0.70588235 0.54901961 0.35294118
v 0.01582220 0.10663254 1.00000000 0.70588235 0.54901961 0.35294118
v 0.01945996 0.10602900 1.00000000 0.70588235 0.54901961 0.35294118
v 0.02307496 0.10530141 1.00000000 0.70588235 0.54901961 0.35294118
v 0.02666296 0.10445060 1.00000000 0.70588235 0.54901961 0.35294118
v 0.03021975 0.10347757 1.00000000 0.70588235 0.54901961 0.35294118
v 0.03374119 0.10238346 1.00000000 0.70588235 0.54901961 0.35294118
v 0.03722315 0.10116955 1.00000000 0.70588235 0.54901961 0.35294118
v 0.04066155 0.09983726 1.00000000 0.70588235 0.54901961 0.35294118
v 0.04405237 0.09838815 1.00000000 0.70588235 0.54901961 0.35294118
v 0.04739165 0.09682392 1.00000000 0.70588235 0.54901961 0.35294118
v 0.05067547 0.09514640 1.00000000 0.70588235 0.54901961 0.35294118
v 0.05390000 0.09335754 1.00000000 0.70588235 0.54901961 0.35294118
f 639 640 672
f 639 672 671
f 640 641 673
f 640 673 672
f 641 642 674
f 641 674 673
f 642 643 675
f 642 675 674
f 643 644 676
f 643 676 675
f 644 645 677
f 644 677 676
f 645 646 678
f 645 678 677
f 646 647 679
f 646 679 678
f 647 648 680
f 647 680 679
f 648 649 681
f 648 681 680
f 649 650 682
f 649 682 681
f 650 651 683
f 650 683 682
f 651 652 684
f 651 684 683
f 652 653 685
f 652 685 684
f 653 654 686
f 653 686 685
f 654 655 687
f 654 687 686
f 655 656 688
f 655 688 687
f 656 657 689
f 656 689 688
f 657 658 690
f 657 690 689
f 658 659 691
f 658 691 690
f 659 660 692
f 659 692 691
f 660 661 693
f 660 693 692
f 661 662 694
f 661 694 693
f 662 663 695
f 662 695 694
f 663 664 696
f 663 696 695
f 664 665 697
f 664 697 696
f 665 666 698
f 665 698 697
f 666 667 699
f 666 699 698
f 667 668 700
f 667 700 699
f 668 669 701
f 668 701 700
f 669 670 702
f 669 702 701
f 670 639 671
f 670 671 702
f 639 640 669
f 639 669 670
f 671 701 672
f 671 702 701
f 640 641 668
f 640 668 669
f 672 700 673
f 672 701 700
f 641 642 667
f 641 667 668
f 673 699 674
f 673 700 699
f 642 643 666
f 642 666 667
f 674 698 675
f 674 699 698
f 643 644 665
f 643 665 666
f 675 697 676
f 675 698 697
f 644 645 664
f 644 664 665
f 676 696 677
f 676 697 696
f 645 646 663
f 645 663 664
f 677 695 678
f 677 696 695
f 646 647 662
f 646 662 663
f 678 694 679
f 678 695 694
f 647 648 661
f 647 661 662
f 679 693 680
f 679 694 693
f 648 649 660
f 648 660 661
f 680 692 681
f 680 693 692
f 649 650 659
f 649 659 660
f 681 691 682
f 681 692 691
f 650 651 658
f 650 658 659
f 682 690 683
f 682 691 690
f 651 652 657
f 651 657 658
f 683 689 684
f 683 690 689
f 652 653 656
f 652 656 657
f 684 688 685
f 684 689 688
f 653 654 655
f 653 655 656
f 685 687 686
f 685 688 687

o geometry_17
v 0.37454465 0.78524920 1.00000000 0.35294118 0.35294118 0.37254902
v 0.38454465 0.78524920 1.00000000 0.35294118 0.35294118 0.37254902
v 0.38454465 0.78524920 1.90000000 0.35294118 0.35294118 0.37254902
v 0.37454465 0.78524920 1.90000000 0.35294118 0.35294118 0.37254902
v 0.38263482 0.79112705 1.00000000 0.35294118 0.35294118 0.37254902
v 0.38263482 0.79112705 1.90000000 0.35294118 0.35294118 0.37254902
v 0.37763482 0.79475976 1.00000000 0.35294118 0.35294118 0.37254902
v 0.37763482 0.79475976 1.90000000 0.35294118 0.35294118 0.37254902
v 0.37145448 0.79475976 1.00000000 0.35294118 0.35294118 0.37254902
v 0.37145448 0.79475976 1.90000000 0.35294118 0.35294118 0.37254902
v 0.36645448 0.79112705 1.00000000 0.35294118 0.35294118 0.37254902
v 0.36645448 0.79112705 1.90000000 0.35294118 0.35294118 0.37254902
v 0.36454465 0.78524920 1.00000000 0.35294118 0.35294118 0.37254902
v 0.36454465 0.78524920 1.90000000 0.35294118 0.35294118 0.37254902
v 0.36645448 0.77937134 1.00000000 0.35294118 0.35294118 0.37254902
v 0.36645448 0.77937134 1.90000000 0.35294118 0.35294118 0.37254902
v 0.37145448 0.77573863 1.00000000 0.35294118 0.35294118 0.37254902
v 0.37145448 0.77573863 1.90000000 0.35294118 0.35294118 0.37254902
v 0.37763482 0.77573863 1.00000000 0.35294118 0.35294118 0.37254902
v 0.37763482 0.77573863 1.90000000 0.35294118 0.35294118 0.37254902
v 0.38263482 0.77937134 1.00000000 0.35294118 0.35294118 0.37254902
v 0.38263482 0.77937134 1.90000000 0.35294118 0.35294118 0.37254902
f 704 703 707
f 704 707 705
f 705 707 708
f 705 708 706
f 707 703 709
f 707 709 708
f 708 709 710
f 708 710 706
f 709 703 711
f 709 711 710
f 710 711 712
f 710 712 706
f 711 703 713
f 711 713 712
f 712 713 714
f 712 714 706
f 713 703 715
f 713 715 714
f 714 715 716
f 714 716 706
f 715 703 717
f 715 717 716
f 716 717 718
f 716 718 706
f 717 703 719
f 717 719 718
f 718 719 720
f 718 720 706
f 719 703 721
f 719 721 720
f 720 721 722
f 720 722 706
f 721 703 723
f 721 723 722
f 722 723 724
f 722 724 706
f 723 703 704
f 723 704 724
f 724 704 705
f 724 705 706

o geometry_18
v 0.06825941 0.86731808 1.00000000 0.35294118 0.35294118 0.37254902
v 0.07825941 0.86731808 1.00000000 0.35294118 0.35294118 0.37254902
v 0.07825941 0.86731808 1.90000000 0.35294118 0.35294118 0.37254902
v 0.06825941 0.86731808 1.90000000 0.35294118 0.35294118 0.37254902
v 0.07634958 0.87319593 1.00000000 0.35294118 0.35294118 0.37254902
v 0.07634958 0.87319593 1.90000000 0.35294118 0.35294118 0.37254902
v 0.07134958 0.87682865 1.00000000 0.35294118 0.35294118 0.37254902
v 0.07134958 0.87682865 1.90000000 0.35294118 0.35294118 0.37254902
v 0.06516924 0.87682865 1.00000000 0.35294118 0.35294118 0.37254902
v 0.06516924 0.87682865 1.90000000 0.35294118 0.35294118 0.37254902
v 0.06016924 0.87319593 1.00000000 0.35294118 0.35294118 0.37254902
v 0.06016924 0.87319593 1.90000000 0.35294118 0.35294118 0.37254902
v 0.05825941 0.86731808 1.00000000 0.35294118 0.35294118 0.37254902
v 0.05825941 0.86731808 1.90000000 0.35294118 0.35294118 0.37254902
v 0.06016924 0.86144023 1.00000000 0.35294118 0.35294118 0.37254902
v 0.06016924 0.86144023 1.90000000 0.35294118 0.35294118 0.37254902
v 0.06516924 0.85780752 1.00000000 0.35294118 0.35294118 0.37254902
v 0.06516924 0.85780752 1.90000000 0.35294118 0.35294118 0.37254902
v 0.07134958 0.85780752 1.00000000 0.35294118 0.35294118 0.37254902
v 0.07134958 0.85780752 1.90000000 0.35294118 0.35294118 0.37254902
v 0.07634958 0.86144023 1.00000000 0.35294118 0.35294118 0.37254902
v 0.07634958 0.86144023 1.90000000 0.35294118 0.35294118 0.37254902
f 726 725 729
f 726 729 727
f 727 729 730
f 727 730 728
f 729 725 731
f 729 731 730
f 730 731 732
f 730 732 728
f 731 725 733
f 731 733 732
f 732 733 734
f 732 734 728
f 733 725 735
f 733 735 734
f 734 735 736
f 734 736 728
f 735 725 737
f 735 737 736
f 736 737 738
f 736 738 728
f 737 725 739
f 737 739 738
f 738 739 740
f 738 740 728
f 739 725 741
f 739 741 740
f 740 741 742
f 740 742 728
f 741 725 743
f 741 743 742
f 742 743 744
f 742 744 728
f 743 725 745
f 743 745 744
f 744 745 746
f 744 746 728
f 745 725 726
f 745 726 746
f 746 726 727
f 746 727 728

o geometry_19
v 0.00000000 0.90000000 1.11666667 0.70588235 0.54901961 0.35294118
v -0.03078160 0.89947345 1.11666667 0.70588235 0.54901961 0.35294118
v -0.06152719 0.89789443 1.11666667 0.70588235 0.54901961 0.35294118
v -0.09220078 0.89526477 1.11666667 0.70588235 0.54901961 0.35294118
v -0.12276649 0.89158757 1.11666667 0.70588235 0.54901961 0.35294118
v -0.15318855 0.88686711 1.11666667 0.70588235 0.54901961 0.35294118
v -0.18343136 0.88110892 1.11666667 0.70588235 0.54901961 0.35294118
v -0.21345954 0.87431975 1.11666667 0.70588235 0.54901961 0.35294118
v -0.24323795 0.86650753 1.11666667 0.70588235 0.54901961 0.35294118
v -0.27273174 0.85768141 1.11666667 0.70588235 0.54901961 0.35294118
v -0.30190641 0.84785171 1.11666667 0.70588235 0.54901961 0.35294118
v -0.33072782 0.83702993 1.11666667 0.70588235 0.54901961 0.35294118
v -0.35916224 0.82522875 1.11666667 0.70588235 0.54901961 0.35294118
v -0.38717641 0.81246196 1.11666667 0.70588235 0.54901961 0.35294118
v -0.41473754 0.79874450 1.11666667 0.70588235 0.54901961 0.35294118
v -0.44181338 0.78409243 1.11666667 0.70588235 0.54901961 0.35294118
v -0.05291942 0.09391685 1.11666667 0.70588235 0.54901961 0.35294118
v -0.04967634 0.09567184 1.11666667 0.70588235 0.54901961 0.35294118
v -0.04637513 0.09731489 1.11666667 0.70588235 0.54901961 0.35294118
v -0.04301966 0.09884407 1.11666667 0.70588235 0.54901961 0.35294118
v -0.03961384 0.10025759 1.11666667 0.70588235 0.54901961 0.35294118
v -0.03616168 0.10155379 1.11666667 0.70588235 0.54901961 0.35294118
v -0.03266720 0.10273117 1.11666667 0.70588235 0.54901961 0.35294118
v -0.02913450 0.10378835 1.11666667 0.70588235 0.54901961 0.35294118
v -0.02556771 0.10472408 1.11666667 0.70588235 0.54901961 0.35294118
v -0.02197100 0.10553727 1.11666667 0.70588235 0.54901961 0.35294118
v -0.01834858 0.10622697 1.11666667 0.70588235 0.54901961 0.35294118
v -0.01470470 0.10679238 1.11666667 0.70588235 0.54901961 0.35294118
v -0.01104360 0.10723283 1.11666667 0.70588235 0.54901961 0.35294118
v -0.00736959 0.10754780 1.11666667 0.70588235 0.54901961 0.35294118
v -0.00368695 0.10773693 1.11666667 0.70588235 0.54901961 0.35294118
v 0.00000000 0.10780000 1.11666667 0.70588235 0.54901961 0.35294118
v 0.00000000 0.90000000 1.16666667 0.70588235 0.54901961 0.35294118
v -0.03078160 0.89947345 1.16666667 0.70588235 0.54901961 0.35294118
v -0.06152719 0.89789443 1.16666667 0.70588235 0.54901961 0.35294118
v -0.09220078 0.89526477 1.16666667 0.70588235 0.54901961 0.35294118
v -0.12276649 0.89158757 1.16666667 0.70588235 0.54901961 0.35294118
v -0.15318855 0.88686711 1.16666667 0.70588235 0.54901961 0.35294118
v -0.18343136 0.88110892 1.16666667 0.70588235 0.54901961 0.35294118
v -0.21345954 0.87431975 1.16666667 0.70588235 0.54901961 0.35294118
v -0.24323795 0.86650753 1.16666667 0.70588235 0.54901961 0.35294118
v -0.27273174 0.85768141 1.16666667 0.70588235 0.54901961 0.35294118
v -0.30190641 0.84785171 1.16666667 0.70588235 0.54901961 0.35294118
v -0.33072782 0.83702993 1.16666667 0.70588235 0.54901961 0.35294118
v -0.35916224 0.82522875 1.16666667 0.70588235 0.54901961 0.35294118
v -0.38717641 0.81246196 1.16666667 0.70588235 0.54901961 0.35294118
v -0.41473754 0.79874450 1.16666667 0.70588235 0.54901961 0.35294118
v -0.44181338 0.78409243 1.16666667 0.70588235 0.54901961 0.35294118
v -0.05291942 0.09391685 1.16666667 0.70588235 0.54901961 0.35294118
v -0.04967634 0.09567184 1.16666667 0.70588235 0.54901961 0.35294118
v -0.04637513 0.09731489 1.16666667 0.70588235 0.54901961 0.35294118
v -0.04301966 0.09884407 1.16666667 0.70588235 0.54901961 0.35294118
v -0.03961384 0.10025759 1.16666667 0.70588235 0.54901961 0.35294118
v -0.03616168 0.10155379 1.16666667 0.70588235 0.54901961 0.35294118
v -0.03266720 0.10273117 1.16666667 0.70588235 0.54901961 0.35294118
v -0.02913450 0.10378835 1.16666667 0.70588235 0.54901961 0.35294118
v -0.02556771 0.10472408 1.16666667 0.70588235 0.54901961 0.35294118
v -0.02197100 0.10553727 1.16666667 0.70588235 0.54901961 0.35294118
v -0.01834858 0.10622697 1.16666667 0.70588235 0.54901961 0.35294118
v -0.01470470 0.10679238 1.16666667 0.70588235 0.54901961 0.35294118
v -0.01104360 0.10723283 1.16666667 0.70588235 0.54901961 0.35294118
v -0.00736959 0.10754780 1.16666667 0.70588235 0.54901961 0.35294118
v -0.00368695 0.10773693 1.16666667 0.70588235 0.54901961 0.35294118
v 0.00000000 0.10780000 1.16666667 0.70588235 0.54901961 0.35294118
f 747 748 780
f 747 780 779
f 748 749 781
f 748 781 780
f 749 750 782
f 749 782 781
f 750 751 783
f 750 783 782
f 751 752 784
f 751 784 783
f 752 753 785
f 752 785 784
f 753 754 786
f 753 786 785
f 754 755 787
f 754 787 786
f 755 756 788
f 755 788 787
f 756 757 789
f 756 789 788
f 757 758 790
f 757 790 789
f 758 759 791
f 758 791 790
f 759 760 792
f 759 792 791
f 760 761 793
f 760 793 792
f 761 762 794
f 761 794 793
f 762 763 795
f 762 795 794
f 763 764 796
f 763 796 795
f 764 765 797
f 764 797 796
f 765 766 798
f 765 798 797
f 766 767 799
f 766 799 798
f 767 768 800
f 767 800 799
f 768 769 801
f 768 801 800
f 769 770 802
f 769 802 801
f 770 771 803
f 770 803 802
f 771 772 804
f 771 804 803
f 772 773 805
f 772 805 804
f 773 774 806
f 773 806 805
f 774 775 807
f 774 807 806
f 775 776 808
f 775 808 807
f 776 777 809
f 776 809 808
f 777 778 810
f 777 810 809
f 778 747 779
f 778 779 810
f 747 748 777
f 747 777 778
f 779 809 780
f 779 810 809
f 748 749 776
f 748 776 777
f 780 808 781
f 780 809 808
f 749 750 775
f 749 775 776
f 781 807 782
f 781 808 807
f 750 751 774
f 750 774 775
f 782 806 783
f 782 807 806
f 751 752 773
f 751 773 774
f 783 805 784
f 783 806 805
f 752 753 772
f 752 772 773
f 784 804 785
f 784 805 804
f 753 754 771
f 753 771 772
f 785 803 786
f 785 804 803
f 754 755 770
f 754 770 771
f 786 802 787
f 786 803 802
f 755 756 769
f 755 769 770
f 787 801 788
f 787 802 801
f 756 757 768
f 756 768 769
f 788 800 789
f 788 801 800
f 757 758 767
f 757 767 768
f 789 799 790
f 789 800 799
f 758 759 766
f 758 766 767
f 790 798 791
f 790 799 798
f 759 760 765
f 759 765 766
f 791 797 792
f 791 798 797
f 760 761 764
f 760 764 765
f 792 796 793
f 792 797 796
f 761 762 763
f 761 763 764
f 793 795 794
f 793 796 795

o geometry_20
v -0.06825941 0.86731808 1.16666667 0.35294118 0.35294118 0.37254902
v -0.05825941 0.86731808 1.16666667 0.35294118 0.35294118 0.37254902
v -0.05825941 0.86731808 2.06666667 0.35294118 0.35294118 0.37254902
v -0.06825941 0.86731808 2.06666667 0.35294118 0.35294118 0.37254902
v -0.06016924 0.87319593 1.16666667 0.35294118 0.35294118 0.37254902
v -0.06016924 0.87319593 2.06666667 0.35294118 0.35294118 0.37254902
v -0.06516924 0.87682865 1.16666667 0.35294118 0.35294118 0.37254902
v -0.06516924 0.87682865 2.06666667 0.35294118 0.35294118 0.37254902
v -0.07134958 0.87682865 1.16666667 0.35294118 0.35294118 0.37254902
v -0.07134958 0.87682865 2.06666667 0.35294118 0.35294118 0.37254902
v -0.07634958 0.87319593 1.16666667 0.35294118 0.35294118 0.37254902
v -0.07634958 0.87319593 2.06666667 0.35294118 0.35294118 0.37254902
v -0.07825941 0.86731808 1.16666667 0.35294118 0.35294118 0.37254902
v -0.07825941 0.86731808 2.06666667 0.35294118 0.35294118 0.37254902
v -0.07634958 0.86144023 1.16666667 0.35294118 0.35294118 0.37254902
v -0.07634958 0.86144023 2.06666667 0.35294118 0.35294118 0.37254902
v -0.07134958 0.85780752 1.16666667 0.35294118 0.35294118 0.37254902
v -0.07134958 0.85780752 2.06666667 0.35294118 0.35294118 0.37254902
v -0.06516924 0.85780752 1.16666667 0.35294118 0.35294118 0.37254902
v -0.06516924 0.85780752 2.06666667 0.35294118 0.35294118 0.37254902
v -0.06016924 0.86144023 1.16666667 0.35294118 0.35294118 0.37254902
v -0.06016924 0.86144023 2.06666667 0.35294118 0.35294118 0.37254902
f 812 811 815
f 812 815 813
f 813 815 816
f 813 816 814
f 815 811 817
f 815 817 816
f 816 817 818
f 816 818 814
f 817 811 819
f 817 819 818
f 818 819 820
f 818 820 814
f 819 811 821
f 819 821 820
f 820 821 822
f 820 822 814
f 821 811 823
f 821 823 822
f 822 823 824
f 822 824 814
f 823 811 825
f 823 825 824
f 824 825 826
f 824 826 814
f 825 811 827
f 825 827 826
f 826 827 828
f 826 828 814
f 827 811 829
f 827 829 828
f 828 829 830
f 828 830 814
f 829 811 831
f 829 831 830
f 830 831 832
f 830 832 814
f 831 811 812
f 831 812 832
f 832 812 813
f 832 813 814

o geometry_21
v -0.37454465 0.78524920 1.16666667 0.35294118 0.35294118 0.37254902
v -0.36454465 0.78524920 1.16666667 0.35294118 0.35294118 0.37254902
v -0.36454465 0.78524920 2.06666667 0.35294118 0.35294118 0.37254902
v -0.37454465 0.78524920 2.06666667 0.35294118 0.35294118 0.37254902
v -0.36645448 0.79112705 1.16666667 0.35294118 0.35294118 0.37254902
v -0.36645448 0.79112705 2.06666667 0.35294118 0.35294118 0.37254902
v -0.37145448 0.79475976 1.16666667 0.35294118 0.35294118 0.37254902
v -0.37145448 0.79475976 2.06666667 0.35294118 0.35294118 0.37254902
v -0.37763482 0.79475976 1.16666667 0.35294118 0.35294118 0.37254902
v -0.37763482 0.79475976 2.06666667 0.35294118 0.35294118 0.37254902
v -0.38263482 0.79112705 1.16666667 0.35294118 0.35294118 0.37254902
v -0.38263482 0.79112705 2.06666667 0.35294118 0.35294118 0.37254902
v -0.38454465 0.78524920 1.16666667 0.35294118 0.35294118 0.37254902
v -0.38454465 0.78524920 2.06666667 0.35294118 0.35294118 0.37254902
v -0.38263482 0.77937134 1.16666667 0.35294118 0.35294118 0.37254902
v -0.38263482 0.77937134 2.06666667 0.35294118 0.35294118 0.37254902
v -0.37763482 0.77573863 1.16666667 0.35294118 0.35294118 0.37254902
v -0.37763482 0.77573863 2.06666667 0.35294118 0.35294118 0.37254902
v -0.37145448 0.77573863 1.16666667 0.35294118 0.35294118 0.37254902
v -0.37145448 0.77573863 2.06666667 0.35294118 0.35294118 0.37254902
v -0.36645448 0.77937134 1.16666667 0.35294118 0.35294118 0.37254902
v -0.36645448 0.77937134 2.06666667 0.35294118 0.35294118 0.37254902
f 834 833 837
f 834 837 835
f 835 837 838
f 835 838 836
f 837 833 839
f 837 839 838
f 838 839 840
f 838 840 836
f 839 833 841
f 839 841 840
f 840 841 842
f 840 842 836
f 841 833 843
f 841 843 842
f 842 843 844
f 842 844 836
f 843 833 845
f 843 845 844
f 844 845 846
f 844 846 836
f 845 833 847
f 845 847 846
f 846 847 848
f 846 848 836
f 847 833 849
f 847 849 848
f 848 849 850
f 848 850 836
f 849 833 851
f 849 851 850
f 850 851 852
f 850 852 836
f 851 833 853
f 851 853 852
f 852 853 854
f 852 854 836
f 853 833 834
f 853 834 854
f 854 834 835
f 854 835 836

o geometry_22
v -0.45000000 0.77942286 1.28333333 0.70588235 0.54901961 0.35294118
v -0.47639438 0.76357606 1.28333333 0.70588235 0.54901961 0.35294118
v -0.50223132 0.74683579 1.28333333 0.70588235 0.54901961 0.35294118
v -0.52748061 0.72922165 1.28333333 0.70588235 0.54901961 0.35294118
v -0.55211268 0.71075424 1.28333333 0.70588235 0.54901961 0.35294118
v -0.57609873 0.69145517 1.28333333 0.70588235 0.54901961 0.35294118
v -0.59941068 0.67134703 1.28333333 0.70588235 0.54901961 0.35294118
v -0.62202126 0.65045334 1.28333333 0.70588235 0.54901961 0.35294118
v -0.64390401 0.62879856 1.28333333 0.70588235 0.54901961 0.35294118
v -0.66503332 0.60640802 1.28333333 0.70588235 0.54901961 0.35294118
v -0.68538448 0.58330791 1.28333333 0.70588235 0.54901961 0.35294118
v -0.70493366 0.55952528 1.28333333 0.70588235 0.54901961 0.35294118
v -0.72365800 0.53508794 1.28333333 0.70588235 0.54901961 0.35294118
v -0.74153558 0.51002449 1.28333333 0.70588235 0.54901961 0.35294118
v -0.75854549 0.48436426 1.28333333 0.70588235 0.54901961 0.35294118
v -0.77466782 0.45813727 1.28333333 0.70588235 0.54901961 0.35294118
v -0.09278799 0.05487466 1.28333333 0.70588235 0.54901961 0.35294118
v -0.09085689 0.05801607 1.28333333 0.70588235 0.54901961 0.35294118
v -0.08881948 0.06108960 1.28333333 0.70588235 0.54901961 0.35294118
v -0.08667815 0.06409164 1.28333333 0.70588235 0.54901961 0.35294118
v -0.08443539 0.06701869 1.28333333 0.70588235 0.54901961 0.35294118
v -0.08209383 0.06986733 1.28333333 0.70588235 0.54901961 0.35294118
v -0.07965621 0.07263420 1.28333333 0.70588235 0.54901961 0.35294118
v -0.07712539 0.07531609 1.28333333 0.70588235 0.54901961 0.35294118
v -0.07450432 0.07790986 1.28333333 0.70588235 0.54901961 0.35294118
v -0.07179608 0.08041246 1.28333333 0.70588235 0.54901961 0.35294118
v -0.06900383 0.08282096 1.28333333 0.70588235 0.54901961 0.35294118
v -0.06613083 0.08513256 1.28333333 0.70588235 0.54901961 0.35294118
v -0.06318045 0.08734455 1.28333333 0.70588235 0.54901961 0.35294118
v -0.06015615 0.08945433 1.28333333 0.70588235 0.54901961 0.35294118
v -0.05706146 0.09145944 1.28333333 0.70588235 0.54901961 0.35294118
v -0.05390000 0.09335754 1.28333333 0.70588235 0.54901961 0.35294118
v -0.45000000 0.77942286 1.33333333 0.70588235 0.54901961 0.35294118
v -0.47639438 0.76357606 1.33333333 0.70588235 0.54901961 0.35294118
v -0.50223132 0.74683579 1.33333333 0.70588235 0.54901961 0.35294118
v -0.52748061 0.72922165 1.33333333 0.70588235 0.54901961 0.35294118
v -0.55211268 0.71075424 1.33333333 0.70588235 0.54901961 0.35294118
v -0.57609873 0.69145517 1.33333333 0.70588235 0.54901961 0.35294118
v -0.59941068 0.67134703 1.33333333 0.70588235 0.54901961 0.35294118
v -0.62202126 0.65045334 1.33333333 0.70588235 0.54901961 0.35294118
v -0.64390401 0.62879856 1.33333333 0.70588235 0.54901961 0.35294118
v -0.66503332 0.60640802 1.33333333 0.70588235 0.54901961 0.35294118
v -0.68538448 0.58330791 1.33333333 0.70588235 0.54901961 0.35294118
v -0.70493366 0.55952528 1.33333333 0.70588235 0.54901961 0.35294118
v -0.72365800 0.53508794 1.33333333 0.70588235 0.54901961 0.35294118
v -0.74153558 0.51002449 1.33333333 0.70588235 0.54901961 0.35294118
v -0.75854549 0.48436426 1.33333333 0.70588235 0.54901961 0.35294118
v -0.77466782 0.45813727 1.33333333 0.70588235 0.54901961 0.35294118
v -0.09278799 0.05487466 1.33333333 0.70588235 0.54901961 0.35294118
v -0.09085689 0.05801607 1.33333333 0.70588235 0.54901961 0.35294118
v -0.08881948 0.06108960 1.33333333 0.70588235 0.54901961 0.35294118
v -0.08667815 0.06409164 1.33333333 0.70588235 0.54901961 0.35294118
v -0.08443539 0.06701869 1.33333333 0.70588235 0.54901961 0.35294118
v -0.08209383 0.06986733 1.33333333 0.70588235 0.54901961 0.35294118
v -0.07965621 0.07263420 1.33333333 0.70588235 0.54901961 0.35294118
v -0.07712539 0.07531609 1.33333333 0.70588235 0.54901961 0.35294118
v -0.07450432 0.07790986 1.33333333 0.70588235 0.54901961 0.35294118
v -0.07179608 0.08041246 1.33333333 0.70588235 0.54901961 0.35294118
v -0.06900383 0.08282096 1.33333333 0.70588235 0.54901961 0.35294118
v -0.06613083 0.08513256 1.33333333 0.70588235 0.54901961 0.35294118
v -0.06318045 0.08734455 1.33333333 0.70588235 0.54901961 0.35294118
v -0.06015615 0.08945433 1.33333333 0.70588235 0.54901961 0.35294118
v -0.05706146 0.09145944 1.33333333 0.70588235 0.54901961 0.35294118
v -0.05390000 0.09335754 1.33333333 0.70588235 0.54901961 0.35294118
f 855 856 888
f 855 888 887
f 856 857 889
f 856 889 888
f 857 858 890
f 857 890 889
f 858 859 891
f 858 891 890
f 859 860 892
f 859 892 891
f 860 861 893
f 860 893 892
f 861 862 894
f 861 894 893
f 862 863 895
f 862 895 894
f 863 864 896
f 863 896 895
f 864 865 897
f 864 897 896
f 865 866 898
f 865 898 897
f 866 867 899
f 866 899 898
f 867 868 900
f 867 900 899
f 868 869 901
f 868 901 900
f 869 870 902
f 869 902 901
f 870 871 903
f 870 903 902
f 871 872 904
f 871 904 903
f 872 873 905
f 872 905 904
f 873 874 906
f 873 906 905
f 874 875 907
f 874 907 906
f 875 876 908
f 875 908 907
f 876 877 909
f 876 909 908
f 877 878 910
f 877 910 909
f 878 879 911
f 878 911 910
f 879 880 912
f 879 912 911
f 880 881 913
f 880 913 912
f 881 882 914
f 881 914 913
f 882 883 915
f 882 915 914
f 883 884 916
f 883 916 915
f 884 885 917
f 884 917 916
f 885 886 918
f 885 918 917
f 886 855 887
f 886 887 918
f 855 856 885
f 855 885 886
f 887 917 888
f 887 918 917
f 856 857 884
f 856 884 885
f 888 916 889
f 888 917 916
f 857 858 883
f 857 883 884
f 889 915 890
f 889 916 915
f 858 859 882
f 858 882 883
f 890 914 891
f 890 915 914
f 859 860 881
f 859 881 882
f 891 913 892
f 891 914 913
f 860 861 880
f 860 880 881
f 892 912 893
f 892 913 912
f 861 862 879
f 861 879 880
f 893 911 894
f 893 912 911
f 862 863 878
f 862 878 879
f 894 910 895
f 894 911 910
f 863 864 877
f 863 877 878
f 895 909 896
f 895 910 909
f 864 865 876
f 864 876 877
f 896 908 897
f 896 909 908
f 865 866 875
f 865 875 876
f 897 907 898
f 897 908 907
f 866 867 874
f 866 874 875
f 898 906 899
f 898 907 906
f 867 868 873
f 867 873 874
f 899 905 900
f 899 906 905
f 868 869 872
f 868 872 873
f 900 904 901
f 900 905 904
f 869 870 871
f 869 871 872
f 901 903 902
f 901 904 903

o geometry_23
v -0.49277343 0.71698978 1.33333333 0.35294118 0.35294118 0.37254902
v -0.48277343 0.71698978 1.33333333 0.35294118 0.35294118 0.37254902
v -0.48277343 0.71698978 2.23333333 0.35294118 0.35294118 0.37254902
v -0.49277343 0.71698978 2.23333333 0.35294118 0.35294118 0.37254902
v -0.48468326 0.72286764 1.33333333 0.35294118 0.35294118 0.37254902
v -0.48468326 0.72286764 2.23333333 0.35294118 0.35294118 0.37254902
v -0.48968326 0.72650035 1.33333333 0.35294118 0.35294118 0.37254902
v -0.48968326 0.72650035 2.23333333 0.35294118 0.35294118 0.37254902
v -0.49586360 0.72650035 1.33333333 0.35294118 0.35294118 0.37254902
v -0.49586360 0.72650035 2.23333333 0.35294118 0.35294118 0.37254902
v -0.50086360 0.72286764 1.33333333 0.35294118 0.35294118 0.37254902
v -0.50086360 0.72286764 2.23333333 0.35294118 0.35294118 0.37254902
v -0.50277343 0.71698978 1.33333333 0.35294118 0.35294118 0.37254902
v -0.50277343 0.71698978 2.23333333 0.35294118 0.35294118 0.37254902
v -0.50086360 0.71111193 1.33333333 0.35294118 0.35294118 0.37254902
v -0.50086360 0.71111193 2.23333333 0.35294118 0.35294118 0.37254902
v -0.49586360 0.70747922 1.33333333 0.35294118 0.35294118 0.37254902
v -0.49586360 0.70747922 2.23333333 0.35294118 0.35294118 0.37254902
v -0.48968326 0.70747922 1.33333333 0.35294118 0.35294118 0.37254902
v -0.48968326 0.70747922 2.23333333 0.35294118 0.35294118 0.37254902
v -0.48468326 0.71111193 1.33333333 0.35294118 0.35294118 0.37254902
v -0.48468326 0.71111193 2.23333333 0.35294118 0.35294118 0.37254902
f 920 919 923
f 920 923 921
f 921 923 924
f 921 924 922
f 923 919 925
f 923 925 924
f 924 925 926
f 924 926 922
f 925 919 927
f 925 927 926
f 926 927 928
f 926 928 922
f 927 919 929
f 927 929 928
f 928 929 930
f 928 930 922
f 929 919 931
f 929 931 930
f 930 931 932
f 930 932 922
f 931 919 933
f 931 933 932
f 932 933 934
f 932 934 922
f 933 919 935
f 933 935 934
f 934 935 936
f 934 936 922
f 935 919 937
f 935 937 936
f 936 937 938
f 936 938 922
f 937 919 939
f 937 939 938
f 938 939 940
f 938 940 922
f 939 919 920
f 939 920 940
f 940 920 921
f 940 921 922

o geometry_24
v -0.71698978 0.49277343 1.33333333 0.35294118 0.35294118 0.37254902
v -0.70698978 0.49277343 1.33333333 0.35294118 0.35294118 0.37254902
v -0.70698978 0.49277343 2.23333333 0.35294118 0.35294118 0.37254902
v -0.71698978 0.49277343 2.23333333 0.35294118 0.35294118 0.37254902
v -0.70889961 0.49865128 1.33333333 0.35294118 0.35294118 0.37254902
v -0.70889961 0.49865128 2.23333333 0.35294118 0.35294118 0.37254902
v -0.71389961 0.50228399 1.33333333 0.35294118 0.35294118 0.37254902
v -0.71389961 0.50228399 2.23333333 0.35294118 0.35294118 0.37254902
v -0.72007995 0.50228399 1.33333333 0.35294118 0.35294118 0.37254902
v -0.72007995 0.50228399 2.23333333 0.35294118 0.35294118 0.37254902
v -0.72507995 0.49865128 1.33333333 0.35294118 0.35294118 0.37254902
v -0.72507995 0.49865128 2.23333333 0.35294118 0.35294118 0.37254902
v -0.72698978 0.49277343 1.33333333 0.35294118 0.35294118 0.37254902
v -0.72698978 0.49277343 2.23333333 0.35294118 0.35294118 0.37254902
v -0.72507995 0.48689557 1.33333333 0.35294118 0.35294118 0.37254902
v -0.72507995 0.48689557 2.23333333 0.35294118 0.35294118 0.37254902
v -0.72007995 0.48326286 1.33333333 0.35294118 0.35294118 0.37254902
v -0.72007995 0.48326286 2.23333333 0.35294118 0.35294118 0.37254902
v -0.71389961 0.48326286 1.33333333 0.35294118 0.35294118 0.37254902
v -0.71389961 0.48326286 2.23333333 0.35294118 0.35294118 0.37254902
v -0.70889961 0.48689557 1.33333333 0.35294118 0.35294118 0.37254902
v -0.70889961 0.48689557 2.23333333 0.35294118 0.35294118 0.37254902
f 942 941 945
f 942 945 943
f 943 945 946
f 943 946 944
f 945 941 947
f 945 947 946
f 946 947 948
f 946 948 944
f 947 941 949
f 947 949 948
f 948 949 950
f 948 950 944
f 949 941 951
f 949 951 950
f 950 951 952
f 950 952 944
f 951 941 953
f 951 953 952
f 952 953 954
f 952 954 944
f 953 941 955
f 953 955 954
f 954 955 956
f 954 956 944
f 955 941 957
f 955 957 956
f 956 957 958
f 956 958 944
f 957 941 959
f 957 959 958
f 958 959 960
f 958 960 944
f 959 941 961
f 959 961 960
f 960 961 962
f 960 962 944
f 961 941 942
f 961 942 962
f 962 942 943
f 962 943 944

o geometry_25
v -0.77942286 0.45000000 1.45000000 0.70588235 0.54901961 0.35294118
v -0.79435766 0.42307908 1.45000000 0.70588235 0.54901961 0.35294118
v -0.80836298 0.39566311 1.45000000 0.70588235 0.54901961 0.35294118
v -0.82142243 0.36778417 1.45000000 0.70588235 0.54901961 0.35294118
v -0.83352073 0.33947488 1.45000000 0.70588235 0.54901961 0.35294118
v -0.84464372 0.31076838 1.45000000 0.70588235 0.54901961 0.35294118
v -0.85477839 0.28169824 1.45000000 0.70588235 0.54901961 0.35294118
v -0.86391288 0.25229849 1.45000000 0.70588235 0.54901961 0.35294118
v -0.87203651 0.22260352 1.45000000 0.70588235 0.54901961 0.35294118
v -0.87913976 0.19264809 1.45000000 0.70588235 0.54901961 0.35294118
v -0.88521432 0.16246723 1.45000000 0.70588235 0.54901961 0.35294118
v -0.89025310 0.13209627 1.45000000 0.70588235 0.54901961 0.35294118
v -0.89425018 0.10157075 1.45000000 0.70588235 0.54901961 0.35294118
v -0.89720090 0.07092637 1.45000000 0.70588235 0.54901961 0.35294118
v -0.89910180 0.04019901 1.45000000 0.70588235 0.54901961 0.35294118
v -0.89995065 0.00942461 1.45000000 0.70588235 0.54901961 0.35294118
v -0.10779409 0.00112886 1.45000000 0.70588235 0.54901961 0.35294118
v -0.10769242 0.00481495 1.45000000 0.70588235 0.54901961 0.35294118
v -0.10746473 0.00849540 1.45000000 0.70588235 0.54901961 0.35294118
v -0.10711130 0.01216592 1.45000000 0.70588235 0.54901961 0.35294118
v -0.10663254 0.01582220 1.45000000 0.70588235 0.54901961 0.35294118
v -0.10602900 0.01945996 1.45000000 0.70588235 0.54901961 0.35294118
v -0.10530141 0.02307496 1.45000000 0.70588235 0.54901961 0.35294118
v -0.10445060 0.02666296 1.45000000 0.70588235 0.54901961 0.35294118
v -0.10347757 0.03021975 1.45000000 0.70588235 0.54901961 0.35294118
v -0.10238346 0.03374119 1.45000000 0.70588235 0.54901961 0.35294118
v -0.10116955 0.03722315 1.45000000 0.70588235 0.54901961 0.35294118
v -0.09983726 0.04066155 1.45000000 0.70588235 0.54901961 0.35294118
v -0.09838815 0.04405237 1.45000000 0.70588235 0.54901961 0.35294118
v -0.09682392 0.04739165 1.45000000 0.70588235 0.54901961 0.35294118
v -0.09514640 0.05067547 1.45000000 0.70588235 0.54901961 0.35294118
v -0.09335754 0.05390000 1.45000000 0.70588235 0.54901961 0.35294118
v -0.77942286 0.45000000 1.50000000 0.70588235 0.54901961 0.35294118
v -0.79435766 0.42307908 1.50000000 0.70588235 0.54901961 0.35294118
v -0.80836298 0.39566311 1.50000000 0.70588235 0.54901961 0.35294118
v -0.82142243 0.36778417 1.50000000 0.70588235 0.54901961 0.35294118
v -0.83352073 0.33947488 1.50000000 0.70588235 0.54901961 0.35294118
v -0.84464372 0.31076838 1.50000000 0.70588235 0.54901961 0.35294118
v -0.85477839 0.28169824 1.50000000 0.70588235 0.54901961 0.35294118
v -0.86391288 0.25229849 1.50000000 0.70588235 0.54901961 0.35294118
v -0.87203651 0.22260352 1.50000000 0.70588235 0.54901961 0.35294118
v -0.87913976 0.19264809 1.50000000 0.70588235 0.54901961 0.35294118
v -0.88521432 0.16246723 1.50000000 0.70588235 0.54901961 0.35294118
v -0.89025310 0.13209627 1.50000000 0.70588235 0.54901961 0.35294118
v -0.89425018 0.10157075 1.50000000 0.70588235 0.54901961 0.35294118
v -0.89720090 0.07092637 1.50000000 0.70588235 0.54901961 0.35294118
v -0.89910180 0.04019901 1.50000000 0.70588235 0.54901961 0.35294118
v -0.89995065 0.00942461 1.50000000 0.70588235 0.54901961 0.35294118
v -0.10779409 0.00112886 1.50000000 0.70588235 0.54901961 0.35294118
v -0.10769242 0.00481495 1.50000000 0.70588235 0.54901961 0.35294118
v -0.10746473 0.00849540 1.50000000 0.70588235 0.54901961 0.35294118
v -0.10711130 0.01216592 1.50000000 0.70588235 0.54901961 0.35294118
v -0.10663254 0.01582220 1.50000000 0.70588235 0.54901961 0.35294118
v -0.10602900 0.01945996 1.50000000 0.70588235 0.54901961 0.35294118
v -0.10530141 0.02307496 1.50000000 0.70588235 0.54901961 0.35294118
v -0.10445060 0.02666296 1.50000000 0.70588235 0.54901961 0.35294118
v -0.10347757 0.03021975 1.50000000 0.70588235 0.54901961 0.35294118
v -0.10238346 0.03374119 1.50000000 0.70588235 0.54901961 0.35294118
v -0.10116955 0.03722315 1.50000000 0.70588235 0.54901961 0.35294118
v -0.09983726 0.04066155 1.50000000 0.70588235 0.54901961 0.35294118
v -0.09838815 0.04405237 1.50000000 0.70588235 0.54901961 0.35294118
v -0.09682392 0.04739165 1.50000000 0.70588235 0.54901961 0.35294118
v -0.09514640 0.05067547 1.50000000 0.70588235 0.54901961 0.35294118
v -0.09335754 0.05390000 1.50000000 0.70588235 0.54901961 0.35294118
f 963 964 996
f 963 996 995
f 964 965 997
f 964 997 996
f 965 966 998
f 965 998 997
f 966 967 999
f 966 999 998
f 967 968 1000
f 967 1000 999
f 968 969 1001
f 968 1001 1000
f 969 970 1002
f 969 1002 1001
f 970 971 1003
f 970 1003 1002
f 971 972 1004
f 971 1004 1003
f 972 973 1005
f 972 1005 1004
f 973 974 1006
f 973 1006 1005
f 974 975 1007
f 974 1007 1006
f 975 976 1008
f 975 1008 1007
f 976 977 1009
f 976 1009 1008
f 977 978 1010
f 977 1010 1009
f 978 979 1011
f 978 1011 1010
f 979 980 1012
f 979 1012 1011
f 980 981 1013
f 980 1013 1012
f 981 982 1014
f 981 1014 1013
f 982 983 1015
f 982 1015 1014
f 983 984 1016
f 983 1016 1015
f 984 985 1017
f 984 1017 1016
f 985 986 1018
f 985 1018 1017
f 986 987 1019
f 986 1019 1018
f 987 988 1020
f 987 1020 1019
f 988 989 1021
f 988 1021 1020
f 989 990 1022
f 989 1022 1021
f 990 991 1023
f 990 1023 1022
f 991 992 1024
f 991 1024 1023
f 992 993 1025
f 992 1025 1024
f 993 994 1026
f 993 1026 1025
f 994 963 995
f 994 995 1026
f 963 964 993
f 963 993 994
f 995 1025 996
f 995 1026 1025
f 964 965 992
f 964 992 993
f 996 1024 997
f 996 1025 1024
f 965 966 991
f 965 991 992
f 997 1023 998
f 997 1024 1023
f 966 967 990
f 966 990 991
f 998 1022 999
f 998 1023 1022
f 967 968 989
f 967 989 990
f 999 1021 1000
f 999 1022 1021
f 968 969 988
f 968 988 989
f 1000 1020 1001
f 1000 1021 1020
f 969 970 987
f 969 987 988
f 1001 1019 1002
f 1001 1020 1019
f 970 971 986
f 970 986 987
f 1002 1018 1003
f 1002 1019 1018
f 971 972 985
f 971 985 986
f 1003 1017 1004
f 1003 1018 1017
f 972 973 984
f 972 984 985
f 1004 1016 1005
f 1004 1017 1016
f 973 974 983
f 973 983 984
f 1005 1015 1006
f 1005 1016 1015
f 974 975 982
f 974 982 983
f 1006 1014 1007
f 1006 1015 1014
f 975 976 981
f 975 981 982
f 1007 1013 1008
f 1007 1014 1013
f 976 977 980
f 976 980 981
f 1008 1012 1009
f 1008 1013 1012
f 977 978 979
f 977 979 980
f 1009 1011 1010
f 1009 1012 1011

o geometry_26
v -0.78524920 0.37454465 1.50000000 0.35294118 0.35294118 0.37254902
v -0.77524920 0.37454465 1.50000000 0.35294118 0.35294118 0.37254902
v -0.77524920 0.37454465 2.40000000 0.35294118 0.35294118 0.37254902
v -0.78524920 0.37454465 2.40000000 0.35294118 0.35294118 0.37254902
v -0.77715903 0.38042251 1.50000000 0.35294118 0.35294118 0.37254902
v -0.77715903 0.38042251 2.40000000 0.35294118 0.35294118 0.37254902
v -0.78215903 0.38405522 1.50000000 0.35294118 0.35294118 0.37254902
v -0.78215903 0.38405522 2.40000000 0.35294118 0.35294118 0.37254902
v -0.78833937 0.38405522 1.50000000 0.35294118 0.35294118 0.37254902
v -0.78833937 0.38405522 2.40000000 0.35294118 0.35294118 0.37254902
v -0.79333937 0.38042251 1.50000000 0.35294118 0.35294118 0.37254902
v -0.79333937 0.38042251 2.40000000 0.35294118 0.35294118 0.37254902
v -0.79524920 0.37454465 1.50000000 0.35294118 0.35294118 0.37254902
v -0.79524920 0.37454465 2.40000000 0.35294118 0.35294118 0.37254902
v -0.79333937 0.36866680 1.50000000 0.35294118 0.35294118 0.37254902
v -0.79333937 0.36866680 2.40000000 0.35294118 0.35294118 0.37254902
v -0.78833937 0.36503409 1.50000000 0.35294118 0.35294118 0.37254902
v -0.78833937 0.36503409 2.40000000 0.35294118 0.35294118 0.37254902
v -0.78215903 0.36503409 1.50000000 0.35294118 0.35294118 0.37254902
v -0.78215903 0.36503409 2.40000000 0.35294118 0.35294118 0.37254902
v -0.77715903 0.36866680 1.50000000 0.35294118 0.35294118 0.37254902
v -0.77715903 0.36866680 2.40000000 0.35294118 0.35294118 0.37254902
f 1028 1027 1031
f 1028 1031 1029
f 1029 1031 1032
f 1029 1032 1030
f 1031 1027 1033
f 1031 1033 1032
f 1032 1033 1034
f 1032 1034 1030
f 1033 1027 1035
f 1033 1035 1034
f 1034 1035 1036
f 1034 1036 1030
f 1035 1027 1037
f 1035 1037 1036
f 1036 1037 1038
f 1036 1038 1030
f 1037 1027 1039
f 1037 1039 1038
f 1038 1039 1040
f 1038 1040 1030
f 1039 1027 1041
f 1039 1041 1040
f 1040 1041 1042
f 1040 1042 1030
f 1041 1027 1043
f 1041 1043 1042
f 1042 1043 1044
f 1042 1044 1030
f 1043 1027 1045
f 1043 1045 1044
f 1044 1045 1046
f 1044 1046 1030
f 1045 1027 1047
f 1045 1047 1046
f 1046 1047 1048
f 1046 1048 1030
f 1047 1027 1028
f 1047 1028 1048
f 1048 1028 1029
f 1048 1029 1030

o geometry_27
v -0.86731808 0.06825941 1.50000000 0.35294118 0.35294118 0.37254902
v -0.85731808 0.06825941 1.50000000 0.35294118 0.35294118 0.37254902
v -0.85731808 0.06825941 2.40000000 0.35294118 0.35294118 0.37254902
v -0.86731808 0.06825941 2.40000000 0.35294118 0.35294118 0.37254902
v -0.85922791 0.07413727 1.50000000 0.35294118 0.35294118 0.37254902
v -0.85922791 0.07413727 2.40000000 0.35294118 0.35294118 0.37254902
v -0.86422791 0.07776998 1.50000000 0.35294118 0.35294118 0.37254902
v -0.86422791 0.07776998 2.40000000 0.35294118 0.35294118 0.37254902
v -0.87040825 0.07776998 1.50000000 0.35294118 0.35294118 0.37254902
v -0.87040825 0.07776998 2.40000000 0.35294118 0.35294118 0.37254902
v -0.87540825 0.07413727 1.50000000 0.35294118 0.35294118 0.37254902
v -0.87540825 0.07413727 2.40000000 0.35294118 0.35294118 0.37254902
v -0.87731808 0.06825941 1.50000000 0.35294118 0.35294118 0.37254902
v -0.87731808 0.06825941 2.40000000 0.35294118 0.35294118 0.37254902
v -0.87540825 0.06238156 1.50000000 0.35294118 0.35294118 0.37254902
v -0.87540825 0.06238156 2.40000000 0.35294118 0.35294118 0.37254902
v -0.87040825 0.05874885 1.50000000 0.35294118 0.35294118 0.37254902
v -0.87040825 0.05874885 2.40000000 0.35294118 0.35294118 0.37254902
v -0.86422791 0.05874885 1.50000000 0.35294118 0.35294118 0.37254902
v -0.86422791 0.05874885 2.40000000 0.35294118 0.35294118 0.37254902
v -0.85922791 0.06238156 1.50000000 0.35294118 0.35294118 0.37254902
v -0.85922791 0.06238156 2.40000000 0.35294118 0.35294118 0.37254902
f 1050 1049 1053
f 1050 1053 1051
f 1051 1053 1054
f 1051 1054 1052
f 1053 1049 1055
f 1053 1055 1054
f 1054 1055 1056
f 1054 1056 1052
f 1055 1049 1057
f 1055 1057 1056
f 1056 1057 1058
f 1056 1058 1052
f 1057 1049 1059
f 1057 1059 1058
f 1058 1059 1060
f 1058 1060 1052
f 1059 1049 1061
f 1059 1061 1060
f 1060 1061 1062
f 1060 1062 1052
f 1061 1049 1063
f 1061 1063 1062
f 1062 1063 1064
f 1062 1064 1052
f 1063 1049 1065
f 1063 1065 1064
f 1064 1065 1066
f 1064 1066 1052
f 1065 1049 1067
f 1065 1067 1066
f 1066 1067 1068
f 1066 1068 1052
f 1067 1049 1069
f 1067 1069 1068
f 1068 1069 1070
f 1068 1070 1052
f 1069 1049 1050
f 1069 1050 1070
f 1070 1050 1051
f 1070 1051 1052

o geometry_28
v -0.90000000 0.00000000 1.61666667 0.70588235 0.54901961 0.35294118
v -0.89947345 -0.03078160 1.61666667 0.70588235 0.54901961 0.35294118
v -0.89789443 -0.06152719 1.61666667 0.70588235 0.54901961 0.35294118
v -0.89526477 -0.09220078 1.61666667 0.70588235 0.54901961 0.35294118
v -0.89158757 -0.12276649 1.61666667 0.70588235 0.54901961 0.35294118
v -0.88686711 -0.15318855 1.61666667 0.70588235 0.54901961 0.35294118
v -0.88110892 -0.18343136 1.61666667 0.70588235 0.54901961 0.35294118
v -0.87431975 -0.21345954 1.61666667 0.70588235 0.54901961 0.35294118
v -0.86650753 -0.24323795 1.61666667 0.70588235 0.54901961 0.35294118
v -0.85768141 -0.27273174 1.61666667 0.70588235 0.54901961 0.35294118
v -0.84785171 -0.30190641 1.61666667 0.70588235 0.54901961 0.35294118
v -0.83702993 -0.33072782 1.61666667 0.70588235 0.54901961 0.35294118
v -0.82522875 -0.35916224 1.61666667 0.70588235 0.54901961 0.35294118
v -0.81246196 -0.38717641 1.61666667 0.70588235 0.54901961 0.35294118
v -0.79874450 -0.41473754 1.61666667 0.70588235 0.54901961 0.35294118
v -0.78409243 -0.44181338 1.61666667 0.70588235 0.54901961 0.35294118
v -0.09391685 -0.05291942 1.61666667 0.70588235 0.54901961 0.35294118
v -0.09567184 -0.04967634 1.61666667 0.70588235 0.54901961 0.35294118
v -0.09731489 -0.04637513 1.61666667 0.70588235 0.54901961 0.35294118
v -0.09884407 -0.04301966 1.61666667 0.70588235 0.54901961 0.35294118
v -0.10025759 -0.03961384 1.61666667 0.70588235 0.54901961 0.35294118
v -0.10155379 -0.03616168 1.61666667 0.70588235 0.54901961 0.35294118
v -0.10273117 -0.03266720 1.61666667 0.70588235 0.54901961 0.35294118
v -0.10378835 -0.02913450 1.61666667 0.70588235 0.54901961 0.35294118
v -0.10472408 -0.02556771 1.61666667 0.70588235 0.54901961 0.35294118
v -0.10553727 -0.02197100 1.61666667 0.70588235 0.54901961 0.35294118
v -0.10622697 -0.01834858 1.61666667 0.70588235 0.54901961 0.35294118
v -0.10679238 -0.01470470 1.61666667 0.70588235 0.54901961 0.35294118
v -0.10723283 -0.01104360 1.61666667 0.70588235 0.54901961 0.35294118
v -0.10754780 -0.00736959 1.61666667 0.70588235 0.54901961 0.35294118
v -0.10773693 -0.00368695 1.61666667 0.70588235 0.54901961 0.35294118
v -0.10780000 0.00000000 1.61666667 0.70588235 0.54901961 0.35294118
v -0.90000000 0.00000000 1.66666667 0.70588235 0.54901961 0.35294118
v -0.89947345 -0.03078160 1.66666667 0.70588235 0.54901961 0.35294118
v -0.89789443 -0.06152719 1.66666667 0.70588235 0.54901961 0.35294118
v -0.89526477 -0.09220078 1.66666667 0.70588235 0.54901961 0.35294118
v -0.89158757 -0.12276649 1.66666667 0.70588235 0.54901961 0.35294118
v -0.88686711 -0.15318855 1.66666667 0.70588235 0.54901961 0.35294118
v -0.88110892 -0.18343136 1.66666667 0.70588235 0.54901961 0.35294118
v -0.87431975 -0.21345954 1.66666667 0.70588235 0.54901961 0.35294118
v -0.86650753 -0.24323795 1.66666667 0.70588235 0.54901961 0.35294118
v -0.85768141 -0.27273174 1.66666667 0.70588235 0.54901961 0.35294118
v -0.84785171 -0.30190641 1.66666667 0.70588235 0.54901961 0.35294118
v -0.83702993 -0.33072782 1.66666667 0.70588235 0.54901961 0.35294118
v -0.82522875 -0.35916224 1.66666667 0.70588235 0.54901961 0.35294118
v -0.81246196 -0.38717641 1.66666667 0.70588235 0.54901961 0.35294118
v -0.79874450 -0.41473754 1.66666667 0.70588235 0.54901961 0.35294118
v -0.78409243 -0.44181338 1.66666667 0.70588235 0.54901961 0.35294118
v -0.09391685 -0.05291942 1.66666667 0.70588235 0.54901961 0.35294118
v -0.09567184 -0.04967634 1.66666667 0.70588235 0.54901961 0.35294118
v -0.09731489 -0.04637513 1.66666667 0.70588235 0.54901961 0.35294118
v -0.09884407 -0.04301966 1.66666667 0.70588235 0.54901961 0.35294118
v -0.10025759 -0.03961384 1.66666667 0.70588235 0.54901961 0.35294118
v -0.10155379 -0.03616168 1.66666667 0.70588235 0.54901961 0.35294118
v -0.10273117 -0.03266720 1.66666667 0.70588235 0.54901961 0.35294118
v -0.10378835 -0.02913450 1.66666667 0.70588235 0.54901961 0.35294118
v -0.10472408 -0.02556771 1.66666667 0.70588235 0.54901961 0.35294118
v -0.10553727 -0.02197100 1.66666667 0.70588235 0.54901961 0.35294118
v -0.10622697 -0.01834858 1.66666667 0.70588235 0.54901961 0.35294118
v -0.10679238 -0.01470470 1.66666667 0.70588235 0.54901961 0.35294118
v -0.10723283 -0.01104360 1.66666667 0.70588235 0.54901961 0.35294118
v -0.10754780 -0.00736959 1.66666667 0.70588235 0.54901961 0.35294118
v -0.10773693 -0.00368695 1.66666667 0.70588235 0.54901961 0.35294118
v -0.10780000 0.00000000 1.66666667 0.70588235 0.54901961 0.35294118
f 1071 1072 1104
f 1071 1104 1103
f 1072 1073 1105
f 1072 1105 1104
f 1073 1074 1106
f 1073 1106 1105
f 1074 1075 1107
f 1074 1107 1106
f 1075 1076 1108
f 1075 1108 1107
f 1076 1077 1109
f 1076 1109 1108
f 1077 1078 1110
f 1077 1110 1109
f 1078 1079 1111
f 1078 1111 1110
f 1079 1080 1112
f 1079 1112 1111
f 1080 1081 1113
f 1080 1113 1112
f 1081 1082 1114
f 1081 1114 1113
f 1082 1083 1115
f 1082 1115 1114
f 1083 1084 1116
f 1083 1116 1115
f 1084 1085 1117
f 1084 1117 1116
f 1085 1086 1118
f 1085 1118 1117
f 1086 1087 1119
f 1086 1119 1118
f 1087 1088 1120
f 1087 1120 1119
f 1088 1089 1121
f 1088 1121 1120
f 1089 1090 1122
f 1089 1122 1121
f 1090 1091 1123
f 1090 1123 1122
f 1091 1092 1124
f 1091 1124 1123
f 1092 1093 1125
f 1092 1125 1124
f 1093 1094 1126
f 1093 1126 1125
f 1094 1095 1127
f 1094 1127 1126
f 1095 1096 1128
f 1095 1128 1127
f 1096 1097 1129
f 1096 1129 1128
f 1097 1098 1130
f 1097 1130 1129
f 1098 1099 1131
f 1098 1131 1130
f 1099 1100 1132
f 1099 1132 1131
f 1100 1101 1133
f 1100 1133 1132
f 1101 1102 1134
f 1101 1134 1133
f 1102 1071 1103
f 1102 1103 1134
f 1071 1072 1101
f 1071 1101 1102
f 1103 1133 1104
f 1103 1134 1133
f 1072 1073 1100
f 1072 1100 1101
f 1104 1132 1105
f 1104 1133 1132
f 1073 1074 1099
f 1073 1099 1100
f 1105 1131 1106
f 1105 1132 1131
f 1074 1075 1098
f 1074 1098 1099
f 1106 1130 1107
f 1106 1131 1130
f 1075 1076 1097
f 1075 1097 1098
f 1107 1129 1108
f 1107 1130 1129
f 1076 1077 1096
f 1076 1096 1097
f 1108 1128 1109
f 1108 1129 1128
f 1077 1078 1095
f 1077 1095 1096
f 1109 1127 1110
f 1109 1128 1127
f 1078 1079 1094
f 1078 1094 1095
f 1110 1126 1111
f 1110 1127 1126
f 1079 1080 1093
f 1079 1093 1094
f 1111 1125 1112
f 1111 1126 1125
f 1080 1081 1092
f 1080 1092 1093
f 1112 1124 1113
f 1112 1125 1124
f 1081 1082 1091
f 1081 1091 1092
f 1113 1123 1114
f 1113 1124 1123
f 1082 1083 1090
f 1082 1090 1091
f 1114 1122 1115
f 1114 1123 1122
f 1083 1084 1089
f 1083 1089 1090
f 1115 1121 1116
f 1115 1122 1121
f 1084 1085 1088
f 1084 1088 1089
f 1116 1120 1117
f 1116 1121 1120
f 1085 1086 1087
f 1085 1087 1088
f 1117 1119 1118
f 1117 1120 1119

o geometry_29
v -0.86731808 -0.06825941 1.66666667 0.35294118 0.35294118 0.37254902
v -0.85731808 -0.06825941 1.66666667 0.35294118 0.35294118 0.37254902
v -0.85731808 -0.06825941 2.56666667 0.35294118 0.35294118 0.37254902
v -0.86731808 -0.06825941 2.56666667 0.35294118 0.35294118 0.37254902
v -0.85922791 -0.06238156 1.66666667 0.35294118 0.35294118 0.37254902
v -0.85922791 -0.06238156 2.56666667 0.35294118 0.35294118 0.37254902
v -0.86422791 -0.05874885 1.66666667 0.35294118 0.35294118 0.37254902
v -0.86422791 -0.05874885 2.56666667 0.35294118 0.35294118 0.37254902
v -0.87040825 -0.05874885 1.66666667 0.35294118 0.35294118 0.37254902
v -0.87040825 -0.05874885 2.56666667 0.35294118 0.35294118 0.37254902
v -0.87540825 -0.06238156 1.66666667 0.35294118 0.35294118 0.37254902
v -0.87540825 -0.06238156 2.56666667 0.35294118 0.35294118 0.37254902
v -0.87731808 -0.06825941 1.66666667 0.35294118 0.35294118 0.37254902
v -0.87731808 -0.06825941 2.56666667 0.35294118 0.35294118 0.37254902
v -0.87540825 -0.07413727 1.66666667 0.35294118 0.35294118 0.37254902
v -0.87540825 -0.07413727 2.56666667 0.35294118 0.35294118 0.37254902
v -0.87040825 -0.07776998 1.66666667 0.35294118 0.35294118 0.37254902
v -0.87040825 -0.07776998 2.56666667 0.35294118 0.35294118 0.37254902
v -0.86422791 -0.07776998 1.66666667 0.35294118 0.35294118 0.37254902
v -0.86422791 -0.07776998 2.56666667 0.35294118 0.35294118 0.37254902
v -0.85922791 -0.07413727 1.66666667 0.35294118 0.35294118 0.37254902
v -0.85922791 -0.07413727 2.56666667 0.35294118 0.35294118 0.37254902
f 1136 1135 1139
f 1136 1139 1137
f 1137 1139 1140
f 1137 1140 1138
f 1139 1135 1141
f 1139 1141 1140
f 1140 1141 1142
f 1140 1142 1138
f 1141 1135 1143
f 1141 1143 1142
f 1142 1143 1144
f 1142 1144 1138
f 1143 1135 1145
f 1143 1145 1144
f 1144 1145 1146
f 1144 1146 1138
f 1145 1135 1147
f 1145 1147 1146
f 1146 1147 1148
f 1146 1148 1138
f 1147 1135 1149
f 1147 1149 1148
f 1148 1149 1150
f 1148 1150 1138
f 1149 1135 1151
f 1149 1151 1150
f 1150 1151 1152
f 1150 1152 1138
f 1151 1135 1153
f 1151 1153 1152
f 1152 1153 1154
f 1152 1154 1138
f 1153 1135 1155
f 1153 1155 1154
f 1154 1155 1156
f 1154 1156 1138
f 1155 1135 1136
f 1155 1136 1156
f 1156 1136 1137
f 1156 1137 1138

o geometry_30
v -0.78524920 -0.37454465 1.66666667 0.35294118 0.35294118 0.37254902
v -0.77524920 -0.37454465 1.66666667 0.35294118 0.35294118 0.37254902
v -0.77524920 -0.37454465 2.56666667 0.35294118 0.35294118 0.37254902
v -0.78524920 -0.37454465 2.56666667 0.35294118 0.35294118 0.37254902
v -0.77715903 -0.36866680 1.66666667 0.35294118 0.35294118 0.37254902
v -0.77715903 -0.36866680 2.56666667 0.35294118 0.35294118 0.37254902
v -0.78215903 -0.36503409 1.66666667 0.35294118 0.35294118 0.37254902
v -0.78215903 -0.36503409 2.56666667 0.35294118 0.35294118 0.37254902
v -0.78833937 -0.36503409 1.66666667 0.35294118 0.35294118 0.37254902
v -0.78833937 -0.36503409 2.56666667 0.35294118 0.35294118 0.37254902
v -0.79333937 -0.36866680 1.66666667 0.35294118 0.35294118 0.37254902
v -0.79333937 -0.36866680 2.56666667 0.35294118 0.35294118 0.37254902
v -0.79524920 -0.37454465 1.66666667 0.35294118 0.35294118 0.37254902
v -0.79524920 -0.37454465 2.56666667 0.35294118 0.35294118 0.37254902
v -0.79333937 -0.38042251 1.66666667 0.35294118 0.35294118 0.37254902
v -0.79333937 -0.38042251 2.56666667 0.35294118 0.35294118 0.37254902
v -0.78833937 -0.38405522 1.66666667 0.35294118 0.35294118 0.37254902
v -0.78833937 -0.38405522 2.56666667 0.35294118 0.35294118 0.37254902
v -0.78215903 -0.38405522 1.66666667 0.35294118 0.35294118 0.37254902
v -0.78215903 -0.38405522 2.56666667 0.35294118 0.35294118 0.37254902
v -0.77715903 -0.38042251 1.66666667 0.35294118 0.35294118 0.37254902
v -0.77715903 -0.38042251 2.56666667 0.35294118 0.35294118 0.37254902
f 1158 1157 1161
f 1158 1161 1159
f 1159 1161 1162
f 1159 1162 1160
f 1161 1157 1163
f 1161 1163 1162
f 1162 1163 1164
f 1162 1164 1160
f 1163 1157 1165
f 1163 1165 1164
f 1164 1165 1166
f 1164 1166 1160
f 1165 1157 1167
f 1165 1167 1166
f 1166 1167 1168
f 1166 1168 1160
f 1167 1157 1169
f 1167 1169 1168
f 1168 1169 1170
f 1168 1170 1160
f 1169 1157 1171
f 1169 1171 1170
f 1170 1171 1172
f 1170 1172 1160
f 1171 1157 1173
f 1171 1173 1172
f 1172 1173 1174
f 1172 1174 1160
f 1173 1157 1175
f 1173 1175 1174
f 1174 1175 1176
f 1174 1176 1160
f 1175 1157 1177
f 1175 1177 1176
f 1176 1177 1178
f 1176 1178 1160
f 1177 1157 1158
f 1177 1158 1178
f 1178 1158 1159
f 1178 1159 1160

o geometry_31
v -0.77942286 -0.45000000 1.78333333 0.70588235 0.54901961 0.35294118
v -0.76357606 -0.47639438 1.78333333 0.70588235 0.54901961 0.35294118
v -0.74683579 -0.50223132 1.78333333 0.70588235 0.54901961 0.35294118
v -0.72922165 -0.52748061 1.78333333 0.70588235 0.54901961 0.35294118
v -0.71075424 -0.55211268 1.78333333 0.70588235 0.54901961 0.35294118
v -0.69145517 -0.57609873 1.78333333 0.70588235 0.54901961 0.35294118
v -0.67134703 -0.59941068 1.78333333 0.70588235 0.54901961 0.35294118
v -0.65045334 -0.62202126 1.78333333 0.70588235 0.54901961 0.35294118
v -0.62879856 -0.64390401 1.78333333 0.70588235 0.54901961 0.35294118
v -0.60640802 -0.66503332 1.78333333 0.70588235 0.54901961 0.35294118
v -0.58330791 -0.68538448 1.78333333 0.70588235 0.54901961 0.35294118
v -0.55952528 -0.70493366 1.78333333 0.70588235 0.54901961 0.35294118
v -0.53508794 -0.72365800 1.78333333 0.70588235 0.54901961 0.35294118
v -0.51002449 -0.74153558 1.78333333 0.70588235 0.54901961 0.35294118
v -0.48436426 -0.75854549 1.78333333 0.70588235 0.54901961 0.35294118
v -0.45813727 -0.77466782 1.78333333 0.70588235 0.54901961 0.35294118
v -0.05487466 -0.09278799 1.78333333 0.70588235 0.54901961 0.35294118
v -0.05801607 -0.09085689 1.78333333 0.70588235 0.54901961 0.35294118
v -0.06108960 -0.08881948 1.78333333 0.70588235 0.54901961 0.35294118
v -0.06409164 -0.08667815 1.78333333 0.70588235 0.54901961 0.35294118
v -0.06701869 -0.08443539 1.78333333 0.70588235 0.54901961 0.35294118
v -0.06986733 -0.08209383 1.78333333 0.70588235 0.54901961 0.35294118
v -0.07263420 -0.07965621 1.78333333 0.70588235 0.54901961 0.35294118
v -0.07531609 -0.07712539 1.78333333 0.70588235 0.54901961 0.35294118
v -0.07790986 -0.07450432 1.78333333 0.70588235 0.54901961 0.35294118
v -0.08041246 -0.07179608 1.78333333 0.70588235 0.54901961 0.35294118
v -0.08282096 -0.06900383 1.78333333 0.70588235 0.54901961 0.35294118
v -0.08513256 -0.06613083 1.78333333 0.70588235 0.54901961 0.35294118
v -0.08734455 -0.06318045 1.78333333 0.70588235 0.54901961 0.35294118
v -0.08945433 -0.06015615 1.78333333 0.70588235 0.54901961 0.35294118
v -0.09145944 -0.05706146 1.78333333 0.70588235 0.54901961 0.35294118
v -0.09335754 -0.05390000 1.78333333 0.70588235 0.54901961 0.35294118
v -0.77942286 -0.45000000 1.83333333 0.70588235 0.54901961 0.35294118
v -0.76357606 -0.47639438 1.83333333 0.70588235 0.54901961 0.35294118
v -0.74683579 -0.50223132 1.83333333 0.70588235 0.54901961 0.35294118
v -0.72922165 -0.52748061 1.83333333 0.70588235 0.54901961 0.35294118
v -0.71075424 -0.55211268 1.83333333 0.70588235 0.54901961 0.35294118
v -0.69145517 -0.57609873 1.83333333 0.70588235 0.54901961 0.35294118
v -0.67134703 -0.59941068 1.83333333 0.70588235 0.54901961 0.35294118
v -0.65045334 -0.62202126 1.83333333 0.70588235 0.54901961 0.35294118
v -0.62879856 -0.64390401 1.83333333 0.70588235 0.54901961 0.35294118
v -0.60640802 -0.66503332 1.83333333 0.70588235 0.54901961 0.35294118
v -0.58330791 -0.68538448 1.83333333 0.70588235 0.54901961 0.35294118
v -0.55952528 -0.70493366 1.83333333 0.70588235 0.54901961 0.35294118
v -0.53508794 -0.72365800 1.83333333 0.70588235 0.54901961 0.35294118
v -0.51002449 -0.74153558 1.83333333 0.70588235 0.54901961 0.35294118
v -0.48436426 -0.75854549 1.83333333 0.70588235 0.54901961 0.35294118
v -0.45813727 -0.77466782 1.83333333 0.70588235 0.54901961 0.35294118
v -0.05487466 -0.09278799 1.83333333 0.70588235 0.54901961 0.35294118
v -0.05801607 -0.09085689 1.83333333 0.70588235 0.54901961 0.35294118
v -0.06108960 -0.08881948 1.83333333 0.70588235 0.54901961 0.35294118
v -0.06409164 -0.08667815 1.83333333 0.70588235 0.54901961 0.35294118
v -0.06701869 -0.08443539 1.83333333 0.70588235 0.54901961 0.35294118
v -0.06986733 -0.08209383 1.83333333 0.70588235 0.54901961 0.35294118
v -0.07263420 -0.07965621 1.83333333 0.70588235 0.54901961 0.35294118
v -0.07531609 -0.07712539 1.83333333 0.70588235 0.54901961 0.35294118
v -0.07790986 -0.07450432 1.83333333 0.70588235 0.54901961 0.35294118
v -0.08041246 -0.07179608 1.83333333 0.70588235 0.54901961 0.35294118
v -0.08282096 -0.06900383 1.83333333 0.70588235 0.54901961 0.35294118
v -0.08513256 -0.06613083 1.83333333 0.70588235 0.54901961 0.35294118
v -0.08734455 -0.06318045 1.83333333 0.70588235 0.54901961 0.35294118
v -0.08945433 -0.06015615 1.83333333 0.70588235 0.54901961 0.35294118
v -0.09145944 -0.05706146 1.83333333 0.70588235 0.54901961 0.35294118
v -0.09335754 -0.05390000 1.83333333 0.70588235 0.54901961 0.35294118
f 1179 1180 1212
f 1179 1212 1211
f 1180 1181 1213
f 1180 1213 1212
f 1181 1182 1214
f 1181 1214 1213
f 1182 1183 1215
f 1182 1215 1214
f 1183 1184 1216
f 1183 1216 1215
f 1184 1185 1217
f 1184 1217 1216
f 1185 1186 1218
f 1185 1218 1217
f 1186 1187 1219
f 1186 1219 1218
f 1187 1188 1220
f 1187 1220 1219
f 1188 1189 1221
f 1188 1221 1220
f 1189 1190 1222
f 1189 1222 1221
f 1190 1191 1223
f 1190 1223 1222
f 1191 1192 1224
f 1191 1224 1223
f 1192 1193 1225
f 1192 1225 1224
f 1193 1194 1226
f 1193 1226 1225
f 1194 1195 1227
f 1194 1227 1226
f 1195 1196 1228
f 1195 1228 1227
f 1196 1197 1229
f 1196 1229 1228
f 1197 1198 1230
f 1197 1230 1229
f 1198 1199 1231
f 1198 1231 1230
f 1199 1200 1232
f 1199 1232 1231
f 1200 1201 1233
f 1200 1233 1232
f 1201 1202 1234
f 1201 1234 1233
f 1202 1203 1235
f 1202 1235 1234
f 1203 1204 1236
f 1203 1236 1235
f 1204 1205 1237
f 1204 1237 1236
f 1205 1206 1238
f 1205 1238 1237
f 1206 1207 1239
f 1206 1239 1238
f 1207 1208 1240
f 1207 1240 1239
f 1208 1209 1241
f 1208 1241 1240
f 1209 1210 1242
f 1209 1242 1241
f 1210 1179 1211
f 1210 1211 1242
f 1179 1180 1209
f 1179 1209 1210
f 1211 1241 1212
f 1211 1242 1241
f 1180 1181 1208
f 1180 1208 1209
f 1212 1240 1213
f 1212 1241 1240
f 1181 1182 1207
f 1181 1207 1208
f 1213 1239 1214
f 1213 1240 1239
f 1182 1183 1206
f 1182 1206 1207
f 1214 1238 1215
f 1214 1239 1238
f 1183 1184 1205
f 1183 1205 1206
f 1215 1237 1216
f 1215 1238 1237
f 1184 1185 1204
f 1184 1204 1205
f 1216 1236 1217
f 1216 1237 1236
f 1185 1186 1203
f 1185 1203 1204
f 1217 1235 1218
f 1217 1236 1235
f 1186 1187 1202
f 1186 1202 1203
f 1218 1234 1219
f 1218 1235 1234
f 1187 1188 1201
f 1187 1201 1202
f 1219 1233 1220
f 1219 1234 1233
f 1188 1189 1200
f 1188 1200 1201
f 1220 1232 1221
f 1220 1233 1232
f 1189 1190 1199
f 1189 1199 1200
f 1221 1231 1222
f 1221 1232 1231
f 1190 1191 1198
f 1190 1198 1199
f 1222 1230 1223
f 1222 1231 1230
f 1191 1192 1197
f 1191 1197 1198
f 1223 1229 1224
f 1223 1230 1229
f 1192 1193 1196
f 1192 1196 1197
f 1224 1228 1225
f 1224 1229 1228
f 1193 1194 1195
f 1193 1195 1196
f 1225 1227 1226
f 1225 1228 1227

o geometry_32
v -0.71698978 -0.49277343 1.83333333 0.35294118 0.35294118 0.37254902
v -0.70698978 -0.49277343 1.83333333 0.35294118 0.35294118 0.37254902
v -0.70698978 -0.49277343 2.73333333 0.35294118 0.35294118 0.37254902
v -0.71698978 -0.49277343 2.73333333 0.35294118 0.35294118 0.37254902
v -0.70889961 -0.48689557 1.83333333 0.35294118 0.35294118 0.37254902
v -0.70889961 -0.48689557 2.73333333 0.35294118 0.35294118 0.37254902
v -0.71389961 -0.48326286 1.83333333 0.35294118 0.35294118 0.37254902
v -0.71389961 -0.48326286 2.73333333 0.35294118 0.35294118 0.37254902
v -0.72007995 -0.48326286 1.83333333 0.35294118 0.35294118 0.37254902
v -0.72007995 -0.48326286 2.73333333 0.35294118 0.35294118 0.37254902
v -0.72507995 -0.48689557 1.83333333 0.35294118 0.35294118 0.37254902
v -0.72507995 -0.48689557 2.73333333 0.35294118 0.35294118 0.37254902
v -0.72698978 -0.49277343 1.83333333 0.35294118 0.35294118 0.37254902
v -0.72698978 -0.49277343 2.73333333 0.35294118 0.35294118 0.37254902
v -0.72507995 -0.49865128 1.83333333 0.35294118 0.35294118 0.37254902
v -0.72507995 -0.49865128 2.73333333 0.35294118 0.35294118 0.37254902
v -0.72007995 -0.50228399 1.83333333 0.35294118 0.35294118 0.37254902
v -0.72007995 -0.50228399 2.73333333 0.35294118 0.35294118 0.37254902
v -0.71389961 -0.50228399 1.83333333 0.35294118 0.35294118 0.37254902
v -0.71389961 -0.50228399 2.73333333 0.35294118 0.35294118 0.37254902
v -0.70889961 -0.49865128 1.83333333 0.35294118 0.35294118 0.37254902
v -0.70889961 -0.49865128 2.73333333 0.35294118 0.35294118 0.37254902
f 1244 1243 1247
f 1244 1247 1245
f 1245 1247 1248
f 1245 1248 1246
f 1247 1243 1249
f 1247 1249 1248
f 1248 1249 1250
f 1248 1250 1246
f 1249 1243 1251
f 1249 1251 1250
f 1250 1251 1252
f 1250 1252 1246
f 1251 1243 1253
f 1251 1253 1252
f 1252 1253 1254
f 1252 1254 1246
f 1253 1243 1255
f 1253 1255 1254
f 1254 1255 1256
f 1254 1256 1246
f 1255 1243 1257
f 1255 1257 1256
f 1256 1257 1258
f 1256 1258 1246
f 1257 1243 1259
f 1257 1259 1258
f 1258 1259 1260
f 1258 1260 1246
f 1259 1243 1261
f 1259 1261 1260
f 1260 1261 1262
f 1260 1262 1246
f 1261 1243 1263
f 1261 1263 1262
f 1262 1263 1264
f 1262 1264 1246
f 1263 1243 1244
f 1263 1244 1264
f 1264 1244 1245
f 1264 1245 1246

o geometry_33
v -0.49277343 -0.71698978 1.83333333 0.35294118 0.35294118 0.37254902
v -0.48277343 -0.71698978 1.83333333 0.35294118 0.35294118 0.37254902
v -0.48277343 -0.71698978 2.73333333 0.35294118 0.35294118 0.37254902
v -0.49277343 -0.71698978 2.73333333 0.35294118 0.35294118 0.37254902
v -0.48468326 -0.71111193 1.83333333 0.35294118 0.35294118 0.37254902
v -0.48468326 -0.71111193 2.73333333 0.35294118 0.35294118 0.37254902
v -0.48968326 -0.70747922 1.83333333 0.35294118 0.35294118 0.37254902
v -0.48968326 -0.70747922 2.73333333 0.35294118 0.35294118 0.37254902
v -0.49586360 -0.70747922 1.83333333 0.35294118 0.35294118 0.37254902
v -0.49586360 -0.70747922 2.73333333 0.35294118 0.35294118 0.37254902
v -0.50086360 -0.71111193 1.83333333 0.35294118 0.35294118 0.37254902
v -0.50086360 -0.71111193 2.73333333 0.35294118 0.35294118 0.37254902
v -0.50277343 -0.71698978 1.83333333 0.35294118 0.35294118 0.37254902
v -0.50277343 -0.71698978 2.73333333 0.35294118 0.35294118 0.37254902
v -0.50086360 -0.72286764 1.83333333 0.35294118 0.35294118 0.37254902
v -0.50086360 -0.72286764 2.73333333 0.35294118 0.35294118 0.37254902
v -0.49586360 -0.72650035 1.83333333 0.35294118 0.35294118 0.37254902
v -0.49586360 -0.72650035 2.73333333 0.35294118 0.35294118 0.37254902
v -0.48968326 -0.72650035 1.83333333 0.35294118 0.35294118 0.37254902
v -0.48968326 -0.72650035 2.73333333 0.35294118 0.35294118 0.37254902
v -0.48468326 -0.72286764 1.83333333 0.35294118 0.35294118 0.37254902
v -0.48468326 -0.72286764 2.73333333 0.35294118 0.35294118 0.37254902
f 1266 1265 1269
f 1266 1269 1267
f 1267 1269 1270
f 1267 1270 1268
f 1269 1265 1271
f 1269 1271 1270
f 1270 1271 1272
f 1270 1272 1268
f 1271 1265 1273
f 1271 1273 1272
f 1272 1273 1274
f 1272 1274 1268
f 1273 1265 1275
f 1273 1275 1274
f 1274 1275 1276
f 1274 1276 1268
f 1275 1265 1277
f 1275 1277 1276
f 1276 1277 1278
f 1276 1278 1268
f 1277 1265 1279
f 1277 1279 1278
f 1278 1279 1280
f 1278 1280 1268
f 1279 1265 1281
f 1279 1281 1280
f 1280 1281 1282
f 1280 1282 1268
f 1281 1265 1283
f 1281 1283 1282
f 1282 1283 1284
f 1282 1284 1268
f 1283 1265 1285
f 1283 1285 1284
f 1284 1285 1286
f 1284 1286 1268
f 1285 1265 1266
f 1285 1266 1286
f 1286 1266 1267
f 1286 1267 1268

o geometry_34
v -0.45000000 -0.77942286 1.95000000 0.70588235 0.54901961 0.35294118
v -0.42307908 -0.79435766 1.95000000 0.70588235 0.54901961 0.35294118
v -0.39566311 -0.80836298 1.95000000 0.70588235 0.54901961 0.35294118
v -0.36778417 -0.82142243 1.95000000 0.70588235 0.54901961 0.35294118
v -0.33947488 -0.83352073 1.95000000 0.70588235 0.54901961 0.35294118
v -0.31076838 -0.84464372 1.95000000 0.70588235 0.54901961 0.35294118
v -0.28169824 -0.85477839 1.95000000 0.70588235 0.54901961 0.35294118
v -0.25229849 -0.86391288 1.95000000 0.70588235 0.54901961 0.35294118
v -0.22260352 -0.87203651 1.95000000 0.70588235 0.54901961 0.35294118
v -0.19264809 -0.87913976 1.95000000 0.70588235 0.54901961 0.35294118
v -0.16246723 -0.88521432 1.95000000 0.70588235 0.54901961 0.35294118
v -0.13209627 -0.89025310 1.95000000 0.70588235 0.54901961 0.35294118
v -0.10157075 -0.89425018 1.95000000 0.70588235 0.54901961 0.35294118
v -0.07092637 -0.89720090 1.95000000 0.70588235 0.54901961 0.35294118
v -0.04019901 -0.89910180 1.95000000 0.70588235 0.54901961 0.35294118
v -0.00942461 -0.89995065 1.95000000 0.70588235 0.54901961 0.35294118
v -0.00112886 -0.10779409 1.95000000 0.70588235 0.54901961 0.35294118
v -0.00481495 -0.10769242 1.95000000 0.70588235 0.54901961 0.35294118
v -0.00849540 -0.10746473 1.95000000 0.70588235 0.54901961 0.35294118
v -0.01216592 -0.10711130 1.95000000 0.70588235 0.54901961 0.35294118
v -0.01582220 -0.10663254 1.95000000 0.70588235 0.54901961 0.35294118
v -0.01945996 -0.10602900 1.95000000 0.70588235 0.54901961 0.35294118
v -0.02307496 -0.10530141 1.95000000 0.70588235 0.54901961 0.35294118
v -0.02666296 -0.10445060 1.95000000 0.70588235 0.54901961 0.35294118
v -0.03021975 -0.10347757 1.95000000 0.70588235 0.54901961 0.35294118
v -0.03374119 -0.10238346 1.95000000 0.70588235 0.54901961 0.35294118
v -0.03722315 -0.10116955 1.95000000 0.70588235 0.54901961 0.35294118
v -0.04066155 -0.09983726 1.95000000 0.70588235 0.54901961 0.35294118
v -0.04405237 -0.09838815 1.95000000 0.70588235 0.54901961 0.35294118
v -0.04739165 -0.09682392 1.95000000 0.70588235 0.54901961 0.35294118
v -0.05067547 -0.09514640 1.95000000 0.70588235 0.54901961 0.35294118
v -0.05390000 -0.09335754 1.95000000 0.70588235 0.54901961 0.35294118
v -0.45000000 -0.77942286 2.00000000 0.70588235 0.54901961 0.35294118
v -0.42307908 -0.79435766 2.00000000 0.70588235 0.54901961 0.35294118
v -0.39566311 -0.80836298 2.00000000 0.70588235 0.54901961 0.35294118
v -0.36778417 -0.82142243 2.00000000 0.70588235 0.54901961 0.35294118
v -0.33947488 -0.83352073 2.00000000 0.70588235 0.54901961 0.35294118
v -0.31076838 -0.84464372 2.00000000 0.70588235 0.54901961 0.35294118
v -0.28169824 -0.85477839 2.00000000 0.70588235 0.54901961 0.35294118
v -0.25229849 -0.86391288 2.00000000 0.70588235 0.54901961 0.35294118
v -0.22260352 -0.87203651 2.00000000 0.70588235 0.54901961 0.35294118
v -0.19264809 -0.87913976 2.00000000 0.70588235 0.54901961 0.35294118
v -0.16246723 -0.88521432 2.00000000 0.70588235 0.54901961 0.35294118
v -0.13209627 -0.89025310 2.00000000 0.70588235 0.54901961 0.35294118
v -0.10157075 -0.89425018 2.00000000 0.70588235 0.54901961 0.35294118
v -0.07092637 -0.89720090 2.00000000 0.70588235 0.54901961 0.35294118
v -0.04019901 -0.89910180 2.00000000 0.70588235 0.54901961 0.35294118
v -0.00942461 -0.89995065 2.00000000 0.70588235 0.54901961 0.35294118
v -0.00112886 -0.10779409 2.00000000 0.70588235 0.54901961 0.35294118
v -0.00481495 -0.10769242 2.00000000 0.70588235 0.54901961 0.35294118
v -0.00849540 -0.10746473 2.00000000 0.70588235 0.54901961 0.35294118
v -0.01216592 -0.10711130 2.00000000 0.70588235 0.54901961 0.35294118
v -0.01582220 -0.10663254 2.00000000 0.70588235 0.54901961 0.35294118
v -0.01945996 -0.10602900 2.00000000 0.70588235 0.54901961 0.35294118
v -0.02307496 -0.10530141 2.00000000 0.70588235 0.54901961 0.35294118
v -0.02666296 -0.10445060 2.00000000 0.70588235 0.54901961 0.35294118
v -0.03021975 -0.10347757 2.00000000 0.70588235 0.54901961 0.35294118
v -0.03374119 -0.10238346 2.00000000 0.70588235 0.54901961 0.35294118
v -0.03722315 -0.10116955 2.00000000 0.70588235 0.54901961 0.35294118
v -0.04066155 -0.09983726 2.00000000 0.70588235 0.54901961 0.35294118
v -0.04405237 -0.09838815 2.00000000 0.70588235 0.54901961 0.35294118
v -0.04739165 -0.09682392 2.00000000 0.70588235 0.54901961 0.35294118
v -0.05067547 -0.09514640 2.00000000 0.70588235 0.54901961 0.35294118
v -0.05390000 -0.09335754 2.00000000 0.70588235 0.54901961 0.35294118
f 1287 1288 1320
f 1287 1320 1319
f 1288 1289 1321
f 1288 1321 1320
f 1289 1290 1322
f 1289 1322 1321
f 1290 1291 1323
f 1290 1323 1322
f 1291 1292 1324
f 1291 1324 1323
f 1292 1293 1325
f 1292 1325 1324
f 1293 1294 1326
f 1293 1326 1325
f 1294 1295 1327
f 1294 1327 1326
f 1295 1296 1328
f 1295 1328 1327
f 1296 1297 1329
f 1296 1329 1328
f 1297 1298 1330
f 1297 1330 1329
f 1298 1299 1331
f 1298 1331 1330
f 1299 1300 1332
f 1299 1332 1331
f 1300 1301 1333
f 1300 1333 1332
f 1301 1302 1334
f 1301 1334 1333
f 1302 1303 1335
f 1302 1335 1334
f 1303 1304 1336
f 1303 1336 1335
f 1304 1305 1337
f 1304 1337 1336
f 1305 1306 1338
f 1305 1338 1337
f 1306 1307 1339
f 1306 1339 1338
f 1307 1308 1340
f 1307 1340 1339
f 1308 1309 1341
f 1308 1341 1340
f 1309 1310 1342
f 1309 1342 1341
f 1310 1311 1343
f 1310 1343 1342
f 1311 1312 1344
f 1311 1344 1343
f 1312 1313 1345
f 1312 1345 1344
f 1313 1314 1346
f 1313 1346 1345
f 1314 1315 1347
f 1314 1347 1346
f 1315 1316 1348
f 1315 1348 1347
f 1316 1317 1349
f 1316 1349 1348
f 1317 1318 1350
f 1317 1350 1349
f 1318 1287 1319
f 1318 1319 1350
f 1287 1288 1317
f 1287 1317 1318
f 1319 1349 1320
f 1319 1350 1349
f 1288 1289 1316
f 1288 1316 1317
f 1320 1348 1321
f 1320 1349 1348
f 1289 1290 1315
f 1289 1315 1316
f 1321 1347 1322
f 1321 1348 1347
f 1290 1291 1314
f 1290 1314 1315
f 1322 1346 1323
f 1322 1347 1346
f 1291 1292 1313
f 1291 1313 1314
f 1323 1345 1324
f 1323 1346 1345
f 1292 1293 1312
f 1292 1312 1313
f 1324 1344 1325
f 1324 1345 1344
f 1293 1294 1311
f 1293 1311 1312
f 1325 1343 1326
f 1325 1344 1343
f 1294 1295 1310
f 1294 1310 1311
f 1326 1342 1327
f 1326 1343 1342
f 1295 1296 1309
f 1295 1309 1310
f 1327 1341 1328
f 1327 1342 1341
f 1296 1297 1308
f 1296 1308 1309
f 1328 1340 1329
f 1328 1341 1340
f 1297 1298 1307
f 1297 1307 1308
f 1329 1339 1330
f 1329 1340 1339
f 1298 1299 1306
f 1298 1306 1307
f 1330 1338 1331
f 1330 1339 1338
f 1299 1300 1305
f 1299 1305 1306
f 1331 1337 1332
f 1331 1338 1337
f 1300 1301 1304
f 1300 1304 1305
f 1332 1336 1333
f 1332 1337 1336
f 1301 1302 1303
f 1301 1303 1304
f 1333 1335 1334
f 1333 1336 1335

o geometry_35
v -0.37454465 -0.78524920 2.00000000 0.35294118 0.35294118 0.37254902
v -0.36454465 -0.78524920 2.00000000 0.35294118 0.35294118 0.37254902
v -0.36454465 -0.78524920 2.90000000 0.35294118 0.35294118 0.37254902
v -0.37454465 -0.78524920 2.90000000 0.35294118 0.35294118 0.37254902
v -0.36645448 -0.77937134 2.00000000 0.35294118 0.35294118 0.37254902
v -0.36645448 -0.77937134 2.90000000 0.35294118 0.35294118 0.37254902
v -0.37145448 -0.77573863 2.00000000 0.35294118 0.35294118 0.37254902
v -0.37145448 -0.77573863 2.90000000 0.35294118 0.35294118 0.37254902
v -0.37763482 -0.77573863 2.00000000 0.35294118 0.35294118 0.37254902
v -0.37763482 -0.77573863 2.90000000 0.35294118 0.35294118 0.37254902
v -0.38263482 -0.77937134 2.00000000 0.35294118 0.35294118 0.37254902
v -0.38263482 -0.77937134 2.90000000 0.35294118 0.35294118 0.37254902
v -0.38454465 -0.78524920 2.00000000 0.35294118 0.35294118 0.37254902
v -0.38454465 -0.78524920 2.90000000 0.35294118 0.35294118 0.37254902
v -0.38263482 -0.79112705 2.00000000 0.35294118 0.35294118 0.37254902
v -0.38263482 -0.79112705 2.90000000 0.35294118 0.35294118 0.37254902
v -0.37763482 -0.79475976 2.00000000 0.35294118 0.35294118 0.37254902
v -0.37763482 -0.79475976 2.90000000 0.35294118 0.35294118 0.37254902
v -0.37145448 -0.79475976 2.00000000 0.35294118 0.35294118 0.37254902
v -0.37145448 -0.79475976 2.90000000 0.35294118 0.35294118 0.37254902
v -0.36645448 -0.79112705 2.00000000 0.35294118 0.35294118 0.37254902
v -0.36645448 -0.79112705 2.90000000 0.35294118 0.35294118 0.37254902
f 1352 1351 1355
f 1352 1355 1353
f 1353 1355 1356
f 1353 1356 1354
f 1355 1351 1357
f 1355 1357 1356
f 1356 1357 1358
f 1356 1358 1354
f 1357 1351 1359
f 1357 1359 1358
f 1358 1359 1360
f 1358 1360 1354
f 1359 1351 1361
f 1359 1361 1360
f 1360 1361 1362
f 1360 1362 1354
f 1361 1351 1363
f 1361 1363 1362
f 1362 1363 1364
f 1362 1364 1354
f 1363 1351 1365
f 1363 1365 1364
f 1364 1365 1366
f 1364 1366 1354
f 1365 1351 1367
f 1365 1367 1366
f 1366 1367 1368
f 1366 1368 1354
f 1367 1351 1369
f 1367 1369 1368
f 1368 1369 1370
f 1368 1370 1354
f 1369 1351 1371
f 1369 1371 1370
f 1370 1371 1372
f 1370 1372 1354
f 1371 1351 1352
f 1371 1352 1372
f 1372 1352 1353
f 1372 1353 1354

o geometry_36
v -0.06825941 -0.86731808 2.00000000 0.35294118 0.35294118 0.37254902
v -0.05825941 -0.86731808 2.00000000 0.35294118 0.35294118 0.37254902
v -0.05825941 -0.86731808 2.90000000 0.35294118 0.35294118 0.37254902
v -0.06825941 -0.86731808 2.90000000 0.35294118 0.35294118 0.37254902
v -0.06016924 -0.86144023 2.00000000 0.35294118 0.35294118 0.37254902
v -0.06016924 -0.86144023 2.90000000 0.35294118 0.35294118 0.37254902
v -0.06516924 -0.85780752 2.00000000 0.35294118 0.35294118 0.37254902
v -0.06516924 -0.85780752 2.90000000 0.35294118 0.35294118 0.37254902
v -0.07134958 -0.85780752 2.00000000 0.35294118 0.35294118 0.37254902
v -0.07134958 -0.85780752 2.90000000 0.35294118 0.35294118 0.37254902
v -0.07634958 -0.86144023 2.00000000 0.35294118 0.35294118 0.37254902
v -0.07634958 -0.86144023 2.90000000 0.35294118 0.35294118 0.37254902
v -0.07825941 -0.86731808 2.00000000 0.35294118 0.35294118 0.37254902
v -0.07825941 -0.86731808 2.90000000 0.35294118 0.35294118 0.37254902
v -0.07634958 -0.87319593 2.00000000 0.35294118 0.35294118 0.37254902
v -0.07634958 -0.87319593 2.90000000 0.35294118 0.35294118 0.37254902
v -0.07134958 -0.87682865 2.00000000 0.35294118 0.35294118 0.37254902
v -0.07134958 -0.87682865 2.90000000 0.35294118 0.35294118 0.37254902
v -0.06516924 -0.87682865 2.00000000 0.35294118 0.35294118 0.37254902
v -0.06516924 -0.87682865 2.90000000 0.35294118 0.35294118 0.37254902
v -0.06016924 -0.87319593 2.00000000 0.35294118 0.35294118 0.37254902
v -0.06016924 -0.87319593 2.90000000 0.35294118 0.35294118 0.37254902
f 1374 1373 1377
f 1374 1377 1375
f 1375 1377 1378
f 1375 1378 1376
f 1377 1373 1379
f 1377 1379 1378
f 1378 1379 1380
f 1378 1380 1376
f 1379 1373 1381
f 1379 1381 1380
f 1380 1381 1382
f 1380 1382 1376
f 1381 1373 1383
f 1381 1383 1382
f 1382 1383 1384
f 1382 1384 1376
f 1383 1373 1385
f 1383 1385 1384
f 1384 1385 1386
f 1384 1386 1376
f 1385 1373 1387
f 1385 1387 1386
f 1386 1387 1388
f 1386 1388 1376
f 1387 1373 1389
f 1387 1389 1388
f 1388 1389 1390
f 1388 1390 1376
f 1389 1373 1391
f 1389 1391 1390
f 1390 1391 1392
f 1390 1392 1376
f 1391 1373 1393
f 1391 1393 1392
f 1392 1393 1394
f 1392 1394 1376
f 1393 1373 1374
f 1393 1374 1394
f 1394 1374 1375
f 1394 1375 1376

o geometry_37
v -0.00000000 -0.90000000 2.11666667 0.70588235 0.54901961 0.35294118
v 0.03078160 -0.89947345 2.11666667 0.70588235 0.54901961 0.35294118
v 0.06152719 -0.89789443 2.11666667 0.70588235 0.54901961 0.35294118
v 0.09220078 -0.89526477 2.11666667 0.70588235 0.54901961 0.35294118
v 0.12276649 -0.89158757 2.11666667 0.70588235 0.54901961 0.35294118
v 0.15318855 -0.88686711 2.11666667 0.70588235 0.54901961 0.35294118
v 0.18343136 -0.88110892 2.11666667 0.70588235 0.54901961 0.35294118
v 0.21345954 -0.87431975 2.11666667 0.70588235 0.54901961 0.35294118
v 0.24323795 -0.86650753 2.11666667 0.70588235 0.54901961 0.35294118
v 0.27273174 -0.85768141 2.11666667 0.70588235 0.54901961 0.35294118
v 0.30190641 -0.84785171 2.11666667 0.70588235 0.54901961 0.35294118
v 0.33072782 -0.83702993 2.11666667 0.70588235 0.54901961 0.35294118
v 0.35916224 -0.82522875 2.11666667 0.70588235 0.54901961 0.35294118
v 0.38717641 -0.81246196 2.11666667 0.70588235 0.54901961 0.35294118
v 0.41473754 -0.79874450 2.11666667 0.70588235 0.54901961 0.35294118
v 0.44181338 -0.78409243 2.11666667 0.70588235 0.54901961 0.35294118
v 0.05291942 -0.09391685 2.11666667 0.70588235 0.54901961 0.35294118
v 0.04967634 -0.09567184 2.11666667 0.70588235 0.54901961 0.35294118
v 0.04637513 -0.09731489 2.11666667 0.70588235 0.54901961 0.35294118
v 0.04301966 -0.09884407 2.11666667 0.70588235 0.54901961 0.35294118
v 0.03961384 -0.10025759 2.11666667 0.70588235 0.54901961 0.35294118
v 0.03616168 -0.10155379 2.11666667 0.70588235 0.54901961 0.35294118
v 0.03266720 -0.10273117 2.11666667 0.70588235 0.54901961 0.35294118
v 0.02913450 -0.10378835 2.11666667 0.70588235 0.54901961 0.35294118
v 0.02556771 -0.10472408 2.11666667 0.70588235 0.54901961 0.35294118
v 0.02197100 -0.10553727 2.11666667 0.70588235 0.54901961 0.35294118
v 0.01834858 -0.10622697 2.11666667 0.70588235 0.54901961 0.35294118
v 0.01470470 -0.10679238 2.11666667 0.70588235 0.54901961 0.35294118
v 0.01104360 -0.10723283 2.11666667 0.70588235 0.54901961 0.35294118
v 0.00736959 -0.10754780 2.11666667 0.70588235 0.54901961 0.35294118
v 0.00368695 -0.10773693 2.11666667 0.70588235 0.54901961 0.35294118
v -0.00000000 -0.10780000 2.11666667 0.70588235 0.54901961 0.35294118
v -0.00000000 -0.90000000 2.16666667 0.70588235 0.54901961 0.35294118
v 0.03078160 -0.89947345 2.16666667 0.70588235 0.54901961 0.35294118
v 0.06152719 -0.89789443 2.16666667 0.70588235 0.54901961 0.35294118
v 0.09220078 -0.89526477 2.16666667 0.70588235 0.54901961 0.35294118
v 0.12276649 -0.89158757 2.16666667 0.70588235 0.54901961 0.35294118
v 0.15318855 -0.88686711 2.16666667 0.70588235 0.54901961 0.35294118
v 0.18343136 -0.88110892 2.16666667 0.70588235 0.54901961 0.35294118
v 0.21345954 -0.87431975 2.16666667 0.70588235 0.54901961 0.35294118
v 0.24323795 -0.86650753 2.16666667 0.70588235 0.54901961 0.35294118
v 0.27273174 -0.85768141 2.16666667 0.70588235 0.54901961 0.35294118
v 0.30190641 -0.84785171 2.16666667 0.70588235 0.54901961 0.35294118
v 0.33072782 -0.83702993 2.16666667 0.70588235 0.54901961 0.35294118
v 0.35916224 -0.82522875 2.16666667 0.70588235 0.54901961 0.35294118
v 0.38717641 -0.81246196 2.16666667 0.70588235 0.54901961 0.35294118
v 0.41473754 -0.79874450 2.16666667 0.70588235 0.54901961 0.35294118
v 0.44181338 -0.78409243 2.16666667 0.70588235 0.54901961 0.35294118
v 0.05291942 -0.09391685 2.16666667 0.70588235 0.54901961 0.35294118
v 0.04967634 -0.09567184 2.16666667 0.70588235 0.54901961 0.35294118
v 0.04637513 -0.09731489 2.16666667 0.70588235 0.54901961 0.35294118
v 0.04301966 -0.09884407 2.16666667 0.70588235 0.54901961 0.35294118
v 0.03961384 -0.10025759 2.16666667 0.70588235 0.54901961 0.35294118
v 0.03616168 -0.10155379 2.16666667 0.70588235 0.54901961 0.35294118
v 0.03266720 -0.10273117 2.16666667 0.70588235 0.54901961 0.35294118
v 0.02913450 -0.10378835 2.16666667 0.70588235 0.54901961 0.35294118
v 0.02556771 -0.10472408 2.16666667 0.70588235 0.54901961 0.35294118
v 0.02197100 -0.10553727 2.16666667 0.70588235 0.54901961 0.35294118
v 0.01834858 -0.10622697 2.16666667 0.70588235 0.54901961 0.35294118
v 0.01470470 -0.10679238 2.16666667 0.70588235 0.54901961 0.35294118
v 0.01104360 -0.10723283 2.16666667 0.70588235 0.54901961 0.35294118
v 0.00736959 -0.10754780 2.16666667 0.70588235 0.54901961 0.35294118
v 0.00368695 -0.10773693 2.16666667 0.70588235 0.54901961 0.35294118
v -0.00000000 -0.10780000 2.16666667 0.70588235 0.54901961 0.35294118
f 1395 1396 1428
f 1395 1428 1427
f 1396 1397 1429
f 1396 1429 1428
f 1397 1398 1430
f 1397 1430 1429
f 1398 1399 1431
f 1398 1431 1430
f 1399 1400 1432
f 1399 1432 1431
f 1400 1401 1433
f 1400 1433 1432
f 1401 1402 1434
f 1401 1434 1433
f 1402 1403 1435
f 1402 1435 1434
f 1403 1404 1436
f 1403 1436 1435
f 1404 1405 1437
f 1404 1437 1436
f 1405 1406 1438
f 1405 1438 1437
f 1406 1407 1439
f 1406 1439 1438
f 1407 1408 1440
f 1407 1440 1439
f 1408 1409 1441
f 1408 1441 1440
f 1409 1410 1442
f 1409 1442 1441
f 1410 1411 1443
f 1410 1443 1442
f 1411 1412 1444
f 1411 1444 1443
f 1412 1413 1445
f 1412 1445 1444
f 1413 1414 1446
f 1413 1446 1445
f 1414 1415 1447
f 1414 1447 1446
f 1415 1416 1448
f 1415 1448 1447
f 1416 1417 1449
f 1416 1449 1448
f 1417 1418 1450
f 1417 1450 1449
f 1418 1419 1451
f 1418 1451 1450
f 1419 1420 1452
f 1419 1452 1451
f 1420 1421 1453
f 1420 1453 1452
f 1421 1422 1454
f 1421 1454 1453
f 1422 1423 1455
f 1422 1455 1454
f 1423 1424 1456
f 1423 1456 1455
f 1424 1425 1457
f 1424 1457 1456
f 1425 1426 1458
f 1425 1458 1457
f 1426 1395 1427
f 1426 1427 1458
f 1395 1396 1425
f 1395 1425 1426
f 1427 1457 1428
f 1427 1458 1457
f 1396 1397 1424
f 1396 1424 1425
f 1428 1456 1429
f 1428 1457 1456
f 1397 1398 1423
f 1397 1423 1424
f 1429 1455 1430
f 1429 1456 1455
f 1398 1399 1422
f 1398 1422 1423
f 1430 1454 1431
f 1430 1455 1454
f 1399 1400 1421
f 1399 1421 1422
f 1431 1453 1432
f 1431 1454 1453
f 1400 1401 1420
f 1400 1420 1421
f 1432 1452 1433
f 1432 1453 1452
f 1401 1402 1419
f 1401 1419 1420
f 1433 1451 1434
f 1433 1452 1451
f 1402 1403 1418
f 1402 1418 1419
f 1434 1450 1435
f 1434 1451 1450
f 1403 1404 1417
f 1403 1417 1418
f 1435 1449 1436
f 1435 1450 1449
f 1404 1405 1416
f 1404 1416 1417
f 1436 1448 1437
f 1436 1449 1448
f 1405 1406 1415
f 1405 1415 1416
f 1437 1447 1438
f 1437 1448 1447
f 1406 1407 1414
f 1406 1414 1415
f 1438 1446 1439
f 1438 1447 1446
f 1407 1408 1413
f 1407 1413 1414
f 1439 1445 1440
f 1439 1446 1445
f 1408 1409 1412
f 1408 1412 1413
f 1440 1444 1441
f 1440 1445 1444
f 1409 1410 1411
f 1409 1411 1412
f 1441 1443 1442
f 1441 1444 1443

o geometry_38
v 0.06825941 -0.86731808 2.16666667 0.35294118 0.35294118 0.37254902
v 0.07825941 -0.86731808 2.16666667 0.35294118 0.35294118 0.37254902
v 0.07825941 -0.86731808 3.06666667 0.35294118 0.35294118 0.37254902
v 0.06825941 -0.86731808 3.06666667 0.35294118 0.35294118 0.37254902
v 0.07634958 -0.86144023 2.16666667 0.35294118 0.35294118 0.37254902
v 0.07634958 -0.86144023 3.06666667 0.35294118 0.35294118 0.37254902
v 0.07134958 -0.85780752 2.16666667 0.35294118 0.35294118 0.37254902
v 0.07134958 -0.85780752 3.06666667 0.35294118 0.35294118 0.37254902
v 0.06516924 -0.85780752 2.16666667 0.35294118 0.35294118 0.37254902
v 0.06516924 -0.85780752 3.06666667 0.35294118 0.35294118 0.37254902
v 0.06016924 -0.86144023 2.16666667 0.35294118 0.35294118 0.37254902
v 0.06016924 -0.86144023 3.06666667 0.35294118 0.35294118 0.37254902
v 0.05825941 -0.86731808 2.16666667 0.35294118 0.35294118 0.37254902
v 0.05825941 -0.86731808 3.06666667 0.35294118 0.35294118 0.37254902
v 0.06016924 -0.87319593 2.16666667 0.35294118 0.35294118 0.37254902
v 0.06016924 -0.87319593 3.06666667 0.35294118 0.35294118 0.37254902
v 0.06516924 -0.87682865 2.16666667 0.35294118 0.35294118 0.37254902
v 0.06516924 -0.87682865 3.06666667 0.35294118 0.35294118 0.37254902
v 0.07134958 -0.87682865 2.16666667 0.35294118 0.35294118 0.37254902
v 0.07134958 -0.87682865 3.06666667 0.35294118 0.35294118 0.37254902
v 0.07634958 -0.87319593 2.16666667 0.35294118 0.35294118 0.37254902
v 0.07634958 -0.87319593 3.06666667 0.35294118 0.35294118 0.37254902
f 1460 1459 1463
f 1460 1463 1461
f 1461 1463 1464
f 1461 1464 1462
f 1463 1459 1465
f 1463 1465 1464
f 1464 1465 1466
f 1464 1466 1462
f 1465 1459 1467
f 1465 1467 1466
f 1466 1467 1468
f 1466 1468 1462
f 1467 1459 1469
f 1467 1469 1468
f 1468 1469 1470
f 1468 1470 1462
f 1469 1459 1471
f 1469 1471 1470
f 1470 1471 1472
f 1470 1472 1462
f 1471 1459 1473
f 1471 1473 1472
f 1472 1473 1474
f 1472 1474 1462
f 1473 1459 1475
f 1473 1475 1474
f 1474 1475 1476
f 1474 1476 1462
f 1475 1459 1477
f 1475 1477 1476
f 1476 1477 1478
f 1476 1478 1462
f 1477 1459 1479
f 1477 1479 1478
f 1478 1479 1480
f 1478 1480 1462
f 1479 1459 1460
f 1479 1460 1480
f 1480 1460 1461
f 1480 1461 1462

o geometry_39
v 0.37454465 -0.78524920 2.16666667 0.35294118 0.35294118 0.37254902
v 0.38454465 -0.78524920 2.16666667 0.35294118 0.35294118 0.37254902
v 0.38454465 -0.78524920 3.06666667 0.35294118 0.35294118 0.37254902
v 0.37454465 -0.78524920 3.06666667 0.35294118 0.35294118 0.37254902
v 0.38263482 -0.77937134 2.16666667 0.35294118 0.35294118 0.37254902
v 0.38263482 -0.77937134 3.06666667 0.35294118 0.35294118 0.37254902
v 0.37763482 -0.77573863 2.16666667 0.35294118 0.35294118 0.37254902
v 0.37763482 -0.77573863 3.06666667 0.35294118 0.35294118 0.37254902
v 0.37145448 -0.77573863 2.16666667 0.35294118 0.35294118 0.37254902
v 0.37145448 -0.77573863 3.06666667 0.35294118 0.35294118 0.37254902
v 0.36645448 -0.77937134 2.16666667 0.35294118 0.35294118 0.37254902
v 0.36645448 -0.77937134 3.06666667 0.35294118 0.35294118 0.37254902
v 0.36454465 -0.78524920 2.16666667 0.35294118 0.35294118 0.37254902
v 0.36454465 -0.78524920 3.06666667 0.35294118 0.35294118 0.37254902
v 0.36645448 -0.79112705 2.16666667 0.35294118 0.35294118 0.37254902
v 0.36645448 -0.79112705 3.06666667 0.35294118 0.35294118 0.37254902
v 0.37145448 -0.79475976 2.16666667 0.35294118 0.35294118 0.37254902
v 0.37145448 -0.79475976 3.06666667 0.35294118 0.35294118 0.37254902
v 0.37763482 -0.79475976 2.16666667 0.35294118 0.35294118 0.37254902
v 0.37763482 -0.79475976 3.06666667 0.35294118 0.35294118 0.37254902
v 0.38263482 -0.79112705 2.16666667 0.35294118 0.35294118 0.37254902
v 0.38263482 -0.79112705 3.06666667 0.35294118 0.35294118 0.37254902
f 1482 1481 1485
f 1482 1485 1483
f 1483 1485 1486
f 1483 1486 1484
f 1485 1481 1487
f 1485 1487 1486
f 1486 1487 1488
f 1486 1488 1484
f 1487 1481 1489
f 1487 1489 1488
f 1488 1489 1490
f 1488 1490 1484
f 1489 1481 1491
f 1489 1491 1490
f 1490 1491 1492
f 1490 1492 1484
f 1491 1481 1493
f 1491 1493 1492
f 1492 1493 1494
f 1492 1494 1484
f 1493 1481 1495
f 1493 1495 1494
f 1494 1495 1496
f 1494 1496 1484
f 1495 1481 1497
f 1495 1497 1496
f 1496 1497 1498
f 1496 1498 1484
f 1497 1481 1499
f 1497 1499 1498
f 1498 1499 1500
f 1498 1500 1484
f 1499 1481 1501
f 1499 1501 1500
f 1500 1501 1502
f 1500 1502 1484
f 1501 1481 1482
f 1501 1482 1502
f 1502 1482 1483
f 1502 1483 1484

o geometry_40
v 0.45000000 -0.77942286 2.28333333 0.70588235 0.54901961 0.35294118
v 0.47639438 -0.76357606 2.28333333 0.70588235 0.54901961 0.35294118
v 0.50223132 -0.74683579 2.28333333 0.70588235 0.54901961 0.35294118
v 0.52748061 -0.72922165 2.28333333 0.70588235 0.54901961 0.35294118
v 0.55211268 -0.71075424 2.28333333 0.70588235 0.54901961 0.35294118
v 0.57609873 -0.69145517 2.28333333 0.70588235 0.54901961 0.35294118
v 0.59941068 -0.67134703 2.28333333 0.70588235 0.54901961 0.35294118
v 0.62202126 -0.65045334 2.28333333 0.70588235 0.54901961 0.35294118
v 0.64390401 -0.62879856 2.28333333 0.70588235 0.54901961 0.35294118
v 0.66503332 -0.60640802 2.28333333 0.70588235 0.54901961 0.35294118
v 0.68538448 -0.58330791 2.28333333 0.70588235 0.54901961 0.35294118
v 0.70493366 -0.55952528 2.28333333 0.70588235 0.54901961 0.35294118
v 0.72365800 -0.53508794 2.28333333 0.70588235 0.54901961 0.35294118
v 0.74153558 -0.51002449 2.28333333 0.70588235 0.54901961 0.35294118
v 0.75854549 -0.48436426 2.28333333 0.70588235 0.54901961 0.35294118
v 0.77466782 -0.45813727 2.28333333 0.70588235 0.54901961 0.35294118
v 0.09278799 -0.05487466 2.28333333 0.70588235 0.54901961 0.35294118
v 0.09085689 -0.05801607 2.28333333 0.70588235 0.54901961 0.35294118
v 0.08881948 -0.06108960 2.28333333 0.70588235 0.54901961 0.35294118
v 0.08667815 -0.06409164 2.28333333 0.70588235 0.54901961 0.35294118
v 0.08443539 -0.06701869 2.28333333 0.70588235 0.54901961 0.35294118
v 0.08209383 -0.06986733 2.28333333 0.70588235 0.54901961 0.35294118
v 0.07965621 -0.07263420 2.28333333 0.70588235 0.54901961 0.35294118
v 0.07712539 -0.07531609 2.28333333 0.70588235 0.54901961 0.35294118
v 0.07450432 -0.07790986 2.28333333 0.70588235 0.54901961 0.35294118
v 0.07179608 -0.08041246 2.28333333 0.70588235 0.54901961 0.35294118
v 0.06900383 -0.08282096 2.28333333 0.70588235 0.54901961 0.35294118
v 0.06613083 -0.08513256 2.28333333 0.70588235 0.54901961 0.35294118
v 0.06318045 -0.08734455 2.28333333 0.70588235 0.54901961 0.35294118
v 0.06015615 -0.08945433 2.28333333 0.70588235 0.54901961 0.35294118
v 0.05706146 -0.09145944 2.28333333 0.70588235 0.54901961 0.35294118
v 0.05390000 -0.09335754 2.28333333 0.70588235 0.54901961 0.35294118
v 0.45000000 -0.77942286 2.33333333 0.70588235 0.54901961 0.35294118
v 0.47639438 -0.76357606 2.33333333 0.70588235 0.54901961 0.35294118
v 0.50223132 -0.74683579 2.33333333 0.70588235 0.54901961 0.35294118
v 0.52748061 -0.72922165 2.33333333 0.70588235 0.54901961 0.35294118
v 0.55211268 -0.71075424 2.33333333 0.70588235 0.54901961 0.35294118
v 0.57609873 -0.69145517 2.33333333 0.70588235 0.54901961 0.35294118
v 0.59941068 -0.67134703 2.33333333 0.70588235 0.54901961 0.35294118
v 0.62202126 -0.65045334 2.33333333 0.70588235 0.54901961 0.35294118
v 0.64390401 -0.62879856 2.33333333 0.70588235 0.54901961 0.35294118
v 0.66503332 -0.60640802 2.33333333 0.70588235 0.54901961 0.35294118
v 0.68538448 -0.58330791 2.33333333 0.70588235 0.54901961 0.35294118
v 0.70493366 -0.55952528 2.33333333 0.70588235 0.54901961 0.35294118
v 0.72365800 -0.53508794 2.33333333 0.70588235 0.54901961 0.35294118
v 0.74153558 -0.51002449 2.33333333 0.70588235 0.54901961 0.35294118
v 0.75854549 -0.48436426 2.33333333 0.70588235 0.54901961 0.35294118
v 0.77466782 -0.45813727 2.33333333 0.70588235 0.54901961 0.35294118
v 0.09278799 -0.05487466 2.33333333 0.70588235 0.54901961 0.35294118
v 0.09085689 -0.05801607 2.33333333 0.70588235 0.54901961 0.35294118
v 0.08881948 -0.06108960 2.33333333 0.70588235 0.54901961 0.35294118
v 0.08667815 -0.06409164 2.33333333 0.70588235 0.54901961 0.35294118
v 0.08443539 -0.06701869 2.33333333 0.70588235 0.54901961 0.35294118
v 0.08209383 -0.06986733 2.33333333 0.70588235 0.54901961 0.35294118
v 0.07965621 -0.07263420 2.33333333 0.70588235 0.54901961 0.35294118
v 0.07712539 -0.07531609 2.33333333 0.70588235 0.54901961 0.35294118
v 0.07450432 -0.07790986 2.33333333 0.70588235 0.54901961 0.35294118
v 0.07179608 -0.08041246 2.33333333 0.70588235 0.54901961 0.35294118
v 0.06900383 -0.08282096 2.33333333 0.70588235 0.54901961 0.35294118
v 0.06613083 -0.08513256 2.33333333 0.70588235 0.54901961 0.35294118
v 0.06318045 -0.08734455 2.33333333 0.70588235 0.54901961 0.35294118
v 0.06015615 -0.08945433 2.33333333 0.70588235 0.54901961 0.35294118
v 0.05706146 -0.09145944 2.33333333 0.70588235 0.54901961 0.35294118
v 0.05390000 -0.09335754 2.33333333 0.70588235 0.54901961 0.35294118
f 1503 1504 1536
f 1503 1536 1535
f 1504 1505 1537
f 1504 1537 1536
f 1505 1506 1538
f 1505 1538 1537
f 1506 1507 1539
f 1506 1539 1538
f 1507 1508 1540
f 1507 1540 1539
f 1508 1509 1541
f 1508 1541 1540
f 1509 1510 1542
f 1509 1542 1541
f 1510 1511 1543
f 1510 1543 1542
f 1511 1512 1544
f 1511 1544 1543
f 1512 1513 1545
f 1512 1545 1544
f 1513 1514 1546
f 1513 1546 1545
f 1514 1515 1547
f 1514 1547 1546
f 1515 1516 1548
f 1515 1548 1547
f 1516 1517 1549
f 1516 1549 1548
f 1517 1518 1550
f 1517 1550 1549
f 1518 1519 1551
f 1518 1551 1550
f 1519 1520 1552
f 1519 1552 1551
f 1520 1521 1553
f 1520 1553 1552
f 1521 1522 1554
f 1521 1554 1553
f 1522 1523 1555
f 1522 1555 1554
f 1523 1524 1556
f 1523 1556 1555
f 1524 1525 1557
f 1524 1557 1556
f 1525 1526 1558
f 1525 1558 1557
f 1526 1527 1559
f 1526 1559 1558
f 1527 1528 1560
f 1527 1560 1559
f 1528 1529 1561
f 1528 1561 1560
f 1529 1530 1562
f 1529 1562 1561
f 1530 1531 1563
f 1530 1563 1562
f 1531 1532 1564
f 1531 1564 1563
f 1532 1533 1565
f 1532 1565 1564
f 1533 1534 1566
f 1533 1566 1565
f 1534 1503 1535
f 1534 1535 1566
f 1503 1504 1533
f 1503 1533 1534
f 1535 1565 1536
f 1535 1566 1565
f 1504 1505 1532
f 1504 1532 1533
f 1536 1564 1537
f 1536 1565 1564
f 1505 1506 1531
f 1505 1531 1532
f 1537 1563 1538
f 1537 1564 1563
f 1506 1507 1530
f 1506 1530 1531
f 1538 1562 1539
f 1538 1563 1562
f 1507 1508 1529
f 1507 1529 1530
f 1539 1561 1540
f 1539 1562 1561
f 1508 1509 1528
f 1508 1528 1529
f 1540 1560 1541
f 1540 1561 1560
f 1509 1510 1527
f 1509 1527 1528
f 1541 1559 1542
f 1541 1560 1559
f 1510 1511 1526
f 1510 1526 1527
f 1542 1558 1543
f 1542 1559 1558
f 1511 1512 1525
f 1511 1525 1526
f 1543 1557 1544
f 1543 1558 1557
f 1512 1513 1524
f 1512 1524 1525
f 1544 1556 1545
f 1544 1557 1556
f 1513 1514 1523
f 1513 1523 1524
f 1545 1555 1546
f 1545 1556 1555
f 1514 1515 1522
f 1514 1522 1523
f 1546 1554 1547
f 1546 1555 1554
f 1515 1516 1521
f 1515 1521 1522
f 1547 1553 1548
f 1547 1554 1553
f 1516 1517 1520
f 1516 1520 1521
f 1548 1552 1549
f 1548 1553 1552
f 1517 1518 1519
f 1517 1519 1520
f 1549 1551 1550
f 1549 1552 1551

o geometry_41
v 0.49277343 -0.71698978 2.33333333 0.35294118 0.35294118 0.37254902
v 0.50277343 -0.71698978 2.33333333 0.35294118 0.35294118 0.37254902
v 0.50277343 -0.71698978 3.23333333 0.35294118 0.35294118 0.37254902
v 0.49277343 -0.71698978 3.23333333 0.35294118 0.35294118 0.37254902
v 0.50086360 -0.71111193 2.33333333 0.35294118 0.35294118 0.37254902
v 0.50086360 -0.71111193 3.23333333 0.35294118 0.35294118 0.37254902
v 0.49586360 -0.70747922 2.33333333 0.35294118 0.35294118 0.37254902
v 0.49586360 -0.70747922 3.23333333 0.35294118 0.35294118 0.37254902
v 0.48968326 -0.70747922 2.33333333 0.35294118 0.35294118 0.37254902
v 0.48968326 -0.70747922 3.23333333 0.35294118 0.35294118 0.37254902
v 0.48468326 -0.71111193 2.33333333 0.35294118 0.35294118 0.37254902
v 0.48468326 -0.71111193 3.23333333 0.35294118 0.35294118 0.37254902
v 0.48277343 -0.71698978 2.33333333 0.35294118 0.35294118 0.37254902
v 0.48277343 -0.71698978 3.23333333 0.35294118 0.35294118 0.37254902
v 0.48468326 -0.72286764 2.33333333 0.35294118 0.35294118 0.37254902
v 0.48468326 -0.72286764 3.23333333 0.35294118 0.35294118 0.37254902
v 0.48968326 -0.72650035 2.33333333 0.35294118 0.35294118 0.37254902
v 0.48968326 -0.72650035 3.23333333 0.35294118 0.35294118 0.37254902
v 0.49586360 -0.72650035 2.33333333 0.35294118 0.35294118 0.37254902
v 0.49586360 -0.72650035 3.23333333 0.35294118 0.35294118 0.37254902
v 0.50086360 -0.72286764 2.33333333 0.35294118 0.35294118 0.37254902
v 0.50086360 -0.72286764 3.23333333 0.35294118 0.35294118 0.37254902
f 1568 1567 1571
f 1568 1571 1569
f 1569 1571 1572
f 1569 1572 1570
f 1571 1567 1573
f 1571 1573 1572
f 1572 1573 1574
f 1572 1574 1570
f 1573 1567 1575
f 1573 1575 1574
f 1574 1575 1576
f 1574 1576 1570
f 1575 1567 1577
f 1575 1577 1576
f 1576 1577 1578
f 1576 1578 1570
f 1577 1567 1579
f 1577 1579 1578
f 1578 1579 1580
f 1578 1580 1570
f 1579 1567 1581
f 1579 1581 1580
f 1580 1581 1582
f 1580 1582 1570
f 1581 1567 1583
f 1581 1583 1582
f 1582 1583 1584
f 1582 1584 1570
f 1583 1567 1585
f 1583 1585 1584
f 1584 1585 1586
f 1584 1586 1570
f 1585 1567 1587
f 1585 1587 1586
f 1586 1587 1588
f 1586 1588 1570
f 1587 1567 1568
f 1587 1568 1588
f 1588 1568 1569
f 1588 1569 1570

o geometry_42
v 0.71698978 -0.49277343 2.33333333 0.35294118 0.35294118 0.37254902
v 0.72698978 -0.49277343 2.33333333 0.35294118 0.35294118 0.37254902
v 0.72698978 -0.49277343 3.23333333 0.35294118 0.35294118 0.37254902
v 0.71698978 -0.49277343 3.23333333 0.35294118 0.35294118 0.37254902
v 0.72507995 -0.48689557 2.33333333 0.35294118 0.35294118 0.37254902
v 0.72507995 -0.48689557 3.23333333 0.35294118 0.35294118 0.37254902
v 0.72007995 -0.48326286 2.33333333 0.35294118 0.35294118 0.37254902
v 0.72007995 -0.48326286 3.23333333 0.35294118 0.35294118 0.37254902
v 0.71389961 -0.48326286 2.33333333 0.35294118 0.35294118 0.37254902
v 0.71389961 -0.48326286 3.23333333 0.35294118 0.35294118 0.37254902
v 0.70889961 -0.48689557 2.33333333 0.35294118 0.35294118 0.37254902
v 0.70889961 -0.48689557 3.23333333 0.35294118 0.35294118 0.37254902
v 0.70698978 -0.49277343 2.33333333 0.35294118 0.35294118 0.37254902
v 0.70698978 -0.49277343 3.23333333 0.35294118 0.35294118 0.37254902
v 0.70889961 -0.49865128 2.33333333 0.35294118 0.35294118 0.37254902
v 0.70889961 -0.49865128 3.23333333 0.35294118 0.35294118 0.37254902
v 0.71389961 -0.50228399 2.33333333 0.35294118 0.35294118 0.37254902
v 0.71389961 -0.50228399 3.23333333 0.35294118 0.35294118 0.37254902
v 0.72007995 -0.50228399 2.33333333 0.35294118 0.35294118 0.37254902
v 0.72007995 -0.50228399 3.23333333 0.35294118 0.35294118 0.37254902
v 0.72507995 -0.49865128 2.33333333 0.35294118 0.35294118 0.37254902
v 0.72507995 -0.49865128 3.23333333 0.35294118 0.35294118 0.37254902
f 1590 1589 1593
f 1590 1593 1591
f 1591 1593 1594
f 1591 1594 1592
f 1593 1589 1595
f 1593 1595 1594
f 1594 1595 1596
f 1594 1596 1592
f 1595 1589 1597
f 1595 1597 1596
f 1596 1597 1598
f 1596 1598 1592
f 1597 1589 1599
f 1597 1599 1598
f 1598 1599 1600
f 1598 1600 1592
f 1599 1589 1601
f 1599 1601 1600
f 1600 1601 1602
f 1600 1602 1592
f 1601 1589 1603
f 1601 1603 1602
f 1602 1603 1604
f 1602 1604 1592
f 1603 1589 1605
f 1603 1605 1604
f 1604 1605 1606
f 1604 1606 1592
f 1605 1589 1607
f 1605 1607 1606
f 1606 1607 1608
f 1606 1608 1592
f 1607 1589 1609
f 1607 1609 1608
f 1608 1609 1610
f 1608 1610 1592
f 1609 1589 1590
f 1609 1590 1610
f 1610 1590 1591
f 1610 1591 1592

o geometry_43
v 0.77942286 -0.45000000 2.45000000 0.70588235 0.54901961 0.35294118
v 0.79435766 -0.42307908 2.45000000 0.70588235 0.54901961 0.35294118
v 0.80836298 -0.39566311 2.45000000 0.70588235 0.54901961 0.35294118
v 0.82142243 -0.36778417 2.45000000 0.70588235 0.54901961 0.35294118
v 0.83352073 -0.33947488 2.45000000 0.70588235 0.54901961 0.35294118
v 0.84464372 -0.31076838 2.45000000 0.70588235 0.54901961 0.35294118
v 0.85477839 -0.28169824 2.45000000 0.70588235 0.54901961 0.35294118
v 0.86391288 -0.25229849 2.45000000 0.70588235 0.54901961 0.35294118
v 0.87203651 -0.22260352 2.45000000 0.70588235 0.54901961 0.35294118
v 0.87913976 -0.19264809 2.45000000 0.70588235 0.54901961 0.35294118
v 0.88521432 -0.16246723 2.45000000 0.70588235 0.54901961 0.35294118
v 0.89025310 -0.13209627 2.45000000 0.70588235 0.54901961 0.35294118
v 0.89425018 -0.10157075 2.45000000 0.70588235 0.54901961 0.35294118
v 0.89720090 -0.07092637 2.45000000 0.70588235 0.54901961 0.35294118
v 0.89910180 -0.04019901 2.45000000 0.70588235 0.54901961 0.35294118
v 0.89995065 -0.00942461 2.45000000 0.70588235 0.54901961 0.35294118
v 0.10779409 -0.00112886 2.45000000 0.70588235 0.54901961 0.35294118
v 0.10769242 -0.00481495 2.45000000 0.70588235 0.54901961 0.35294118
v 0.10746473 -0.00849540 2.45000000 0.70588235 0.54901961 0.35294118
v 0.10711130 -0.01216592 2.45000000 0.70588235 0.54901961 0.35294118
v 0.10663254 -0.01582220 2.45000000 0.70588235 0.54901961 0.35294118
v 0.10602900 -0.01945996 2.45000000 0.70588235 0.54901961 0.35294118
v 0.10530141 -0.02307496 2.45000000 0.70588235 0.54901961 0.35294118
v 0.10445060 -0.02666296 2.45000000 0.70588235 0.54901961 0.35294118
v 0.10347757 -0.03021975 2.45000000 0.70588235 0.54901961 0.35294118
v 0.10238346 -0.03374119 2.45000000 0.70588235 0.54901961 0.35294118
v 0.10116955 -0.03722315 2.45000000 0.70588235 0.54901961 0.35294118
v 0.09983726 -0.04066155 2.45000000 0.70588235 0.54901961 0.35294118
v 0.09838815 -0.04405237 2.45000000 0.70588235 0.54901961 0.35294118
v 0.09682392 -0.04739165 2.45000000 0.70588235 0.54901961 0.35294118
v 0.09514640 -0.05067547 2.45000000 0.70588235 0.54901961 0.35294118
v 0.09335754 -0.05390000 2.45000000 0.70588235 0.54901961 0.35294118
v 0.77942286 -0.45000000 2.50000000 0.70588235 0.54901961 0.35294118
v 0.79435766 -0.42307908 2.50000000 0.70588235 0.54901961 0.35294118
v 0.80836298 -0.39566311 2.50000000 0.70588235 0.54901961 0.35294118
v 0.82142243 -0.36778417 2.50000000 0.70588235 0.54901961 0.35294118
v 0.83352073 -0.33947488 2.50000000 0.70588235 0.54901961 0.35294118
v 0.84464372 -0.31076838 2.50000000 0.70588235 0.54901961 0.35294118
v 0.85477839 -0.28169824 2.50000000 0.70588235 0.54901961 0.35294118
v 0.86391288 -0.25229849 2.50000000 0.70588235 0.54901961 0.35294118
v 0.87203651 -0.22260352 2.50000000 0.70588235 0.54901961 0.35294118
v 0.87913976 -0.19264809 2.50000000 0.70588235 0.54901961 0.35294118
v 0.88521432 -0.16246723 2.50000000 0.70588235 0.54901961 0.35294118
v 0.89025310 -0.13209627 2.50000000 0.70588235 0.54901961 0.35294118
v 0.89425018 -0.10157075 2.50000000 0.70588235 0.54901961 0.35294118
v 0.89720090 -0.07092637 2.50000000 0.70588235 0.54901961 0.35294118
v 0.89910180 -0.04019901 2.50000000 0.70588235 0.54901961 0.35294118
v 0.89995065 -0.00942461 2.50000000 0.70588235 0.54901961 0.35294118
v 0.10779409 -0.00112886 2.50000000 0.70588235 0.54901961 0.35294118
v 0.10769242 -0.00481495 2.50000000 0.70588235 0.54901961 0.35294118
v 0.10746473 -0.00849540 2.50000000 0.70588235 0.54901961 0.35294118
v 0.10711130 -0.01216592 2.50000000 0.70588235 0.54901961 0.35294118
v 0.10663254 -0.01582220 2.50000000 0.70588235 0.54901961 0.35294118
v 0.10602900 -0.01945996 2.50000000 0.70588235 0.54901961 0.35294118
v 0.10530141 -0.02307496 2.50000000 0.70588235 0.54901961 0.35294118
v 0.10445060 -0.02666296 2.50000000 0.70588235 0.54901961 0.35294118
v 0.10347757 -0.03021975 2.50000000 0.70588235 0.54901961 0.35294118
v 0.10238346 -0.03374119 2.50000000 0.70588235 0.54901961 0.35294118
v 0.10116955 -0.03722315 2.50000000 0.70588235 0.54901961 0.35294118
v 0.09983726 -0.04066155 2.50000000 0.70588235 0.54901961 0.35294118
v 0.09838815 -0.04405237 2.50000000 0.70588235 0.54901961 0.35294118
v 0.09682392 -0.04739165 2.50000000 0.70588235 0.54901961 0.35294118
v 0.09514640 -0.05067547 2.50000000 0.70588235 0.54901961 0.35294118
v 0.09335754 -0.05390000 2.50000000 0.70588235 0.54901961 0.35294118
f 1611 1612 1644
f 1611 1644 1643
f 1612 1613 1645
f 1612 1645 1644
f 1613 1614 1646
f 1613 1646 1645
f 1614 1615 1647
f 1614 1647 1646
f 1615 1616 1648
f 1615 1648 1647
f 1616 1617 1649
f 1616 1649 1648
f 1617 1618 1650
f 1617 1650 1649
f 1618 1619 1651
f 1618 1651 1650
f 1619 1620 1652
f 1619 1652 1651
f 1620 1621 1653
f 1620 1653 1652
f 1621 1622 1654
f 1621 1654 1653
f 1622 1623 1655
f 1622 1655 1654
f 1623 1624 1656
f 1623 1656 1655
f 1624 1625 1657
f 1624 1657 1656
f 1625 1626 1658
f 1625 1658 1657
f 1626 1627 1659
f 1626 1659 1658
f 1627 1628 1660
f 1627 1660 1659
f 1628 1629 1661
f 1628 1661 1660
f 1629 1630 1662
f 1629 1662 1661
f 1630 1631 1663
f 1630 1663 1662
f 1631 1632 1664
f 1631 1664 1663
f 1632 1633 1665
f 1632 1665 1664
f 1633 1634 1666
f 1633 1666 1665
f 1634 1635 1667
f 1634 1667 1666
f 1635 1636 1668
f 1635 1668 1667
f 1636 1637 1669
f 1636 1669 1668
f 1637 1638 1670
f 1637 1670 1669
f 1638 1639 1671
f 1638 1671 1670
f 1639 1640 1672
f 1639 1672 1671
f 1640 1641 1673
f 1640 1673 1672
f 1641 1642 1674
f 1641 1674 1673
f 1642 1611 1643
f 1642 1643 1674
f 1611 1612 1641
f 1611 1641 1642
f 1643 1673 1644
f 1643 1674 1673
f 1612 1613 1640
f 1612 1640 1641
f 1644 1672 1645
f 1644 1673 1672
f 1613 1614 1639
f 1613 1639 1640
f 1645 1671 1646
f 1645 1672 1671
f 1614 1615 1638
f 1614 1638 1639
f 1646 1670 1647
f 1646 1671 1670
f 1615 1616 1637
f 1615 1637 1638
f 1647 1669 1648
f 1647 1670 1669
f 1616 1617 1636
f 1616 1636 1637
f 1648 1668 1649
f 1648 1669 1668
f 1617 1618 1635
f 1617 1635 1636
f 1649 1667 1650
f 1649 1668 1667
f 1618 1619 1634
f 1618 1634 1635
f 1650 1666 1651
f 1650 1667 1666
f 1619 1620 1633
f 1619 1633 1634
f 1651 1665 1652
f 1651 1666 1665
f 1620 1621 1632
f 1620 1632 1633
f 1652 1664 1653
f 1652 1665 1664
f 1621 1622 1631
f 1621 1631 1632
f 1653 1663 1654
f 1653 1664 1663
f 1622 1623 1630
f 1622 1630 1631
f 1654 1662 1655
f 1654 1663 1662
f 1623 1624 1629
f 1623 1629 1630
f 1655 1661 1656
f 1655 1662 1661
f 1624 1625 1628
f 1624 1628 1629
f 1656 1660 1657
f 1656 1661 1660
f 1625 1626 1627
f 1625 1627 1628
f 1657 1659 1658
f 1657 1660 1659

o geometry_44
v 0.78524920 -0.37454465 2.50000000 0.35294118 0.35294118 0.37254902
v 0.79524920 -0.37454465 2.50000000 0.35294118 0.35294118 0.37254902
v 0.79524920 -0.37454465 3.40000000 0.35294118 0.35294118 0.37254902
v 0.78524920 -0.37454465 3.40000000 0.35294118 0.35294118 0.37254902
v 0.79333937 -0.36866680 2.50000000 0.35294118 0.35294118 0.37254902
v 0.79333937 -0.36866680 3.40000000 0.35294118 0.35294118 0.37254902
v 0.78833937 -0.36503409 2.50000000 0.35294118 0.35294118 0.37254902
v 0.78833937 -0.36503409 3.40000000 0.35294118 0.35294118 0.37254902
v 0.78215903 -0.36503409 2.50000000 0.35294118 0.35294118 0.37254902
v 0.78215903 -0.36503409 3.40000000 0.35294118 0.35294118 0.37254902
v 0.77715903 -0.36866680 2.50000000 0.35294118 0.35294118 0.37254902
v 0.77715903 -0.36866680 3.40000000 0.35294118 0.35294118 0.37254902
v 0.77524920 -0.37454465 2.50000000 0.35294118 0.35294118 0.37254902
v 0.77524920 -0.37454465 3.40000000 0.35294118 0.35294118 0.37254902
v 0.77715903 -0.38042251 2.50000000 0.35294118 0.35294118 0.37254902
v 0.77715903 -0.38042251 3.40000000 0.35294118 0.35294118 0.37254902
v 0.78215903 -0.38405522 2.50000000 0.35294118 0.35294118 0.37254902
v 0.78215903 -0.38405522 3.40000000 0.35294118 0.35294118 0.37254902
v 0.78833937 -0.38405522 2.50000000 0.35294118 0.35294118 0.37254902
v 0.78833937 -0.38405522 3.40000000 0.35294118 0.35294118 0.37254902
v 0.79333937 -0.38042251 2.50000000 0.35294118 0.35294118 0.37254902
v 0.79333937 -0.38042251 3.40000000 0.35294118 0.35294118 0.37254902
f 1676 1675 1679
f 1676 1679 1677
f 1677 1679 1680
f 1677 1680 1678
f 1679 1675 1681
f 1679 1681 1680
f 1680 1681 1682
f 1680 1682 1678
f 1681 1675 1683
f 1681 1683 1682
f 1682 1683 1684
f 1682 1684 1678
f 1683 1675 1685
f 1683 1685 1684
f 1684 1685 1686
f 1684 1686 1678
f 1685 1675 1687
f 1685 1687 1686
f 1686 1687 1688
f 1686 1688 1678
f 1687 1675 1689
f 1687 1689 1688
f 1688 1689 1690
f 1688 1690 1678
f 1689 1675 1691
f 1689 1691 1690
f 1690 1691 1692
f 1690 1692 1678
f 1691 1675 1693
f 1691 1693 1692
f 1692 1693 1694
f 1692 1694 1678
f 1693 1675 1695
f 1693 1695 1694
f 1694 1695 1696
f 1694 1696 1678
f 1695 1675 1676
f 1695 1676 1696
f 1696 1676 1677
f 1696 1677 1678

o geometry_45
v 0.86731808 -0.06825941 2.50000000 0.35294118 0.35294118 0.37254902
v 0.87731808 -0.06825941 2.50000000 0.35294118 0.35294118 0.37254902
v 0.87731808 -0.06825941 3.40000000 0.35294118 0.35294118 0.37254902
v 0.86731808 -0.06825941 3.40000000 0.35294118 0.35294118 0.37254902
v 0.87540825 -0.06238156 2.50000000 0.35294118 0.35294118 0.37254902
v 0.87540825 -0.06238156 3.40000000 0.35294118 0.35294118 0.37254902
v 0.87040825 -0.05874885 2.50000000 0.35294118 0.35294118 0.37254902
v 0.87040825 -0.05874885 3.40000000 0.35294118 0.35294118 0.37254902
v 0.86422791 -0.05874885 2.50000000 0.35294118 0.35294118 0.37254902
v 0.86422791 -0.05874885 3.40000000 0.35294118 0.35294118 0.37254902
v 0.85922791 -0.06238156 2.50000000 0.35294118 0.35294118 0.37254902
v 0.85922791 -0.06238156 3.40000000 0.35294118 0.35294118 0.37254902
v 0.85731808 -0.06825941 2.50000000 0.35294118 0.35294118 0.37254902
v 0.85731808 -0.06825941 3.40000000 0.35294118 0.35294118 0.37254902
v 0.85922791 -0.07413727 2.50000000 0.35294118 0.35294118 0.37254902
v 0.85922791 -0.07413727 3.40000000 0.35294118 0.35294118 0.37254902
v 0.86422791 -0.07776998 2.50000000 0.35294118 0.35294118 0.37254902
v 0.86422791 -0.07776998 3.40000000 0.35294118 0.35294118 0.37254902
v 0.87040825 -0.07776998 2.50000000 0.35294118 0.35294118 0.37254902
v 0.87040825 -0.07776998 3.40000000 0.35294118 0.35294118 0.37254902
v 0.87540825 -0.07413727 2.50000000 0.35294118 0.35294118 0.37254902
v 0.87540825 -0.07413727 3.40000000 0.35294118 0.35294118 0.37254902
f 1698 1697 1701
f 1698 1701 1699
f 1699 1701 1702
f 1699 1702 1700
f 1701 1697 1703
f 1701 1703 1702
f 1702 1703 1704
f 1702 1704 1700
f 1703 1697 1705
f 1703 1705 1704
f 1704 1705 1706
f 1704 1706 1700
f 1705 1697 1707
f 1705 1707 1706
f 1706 1707 1708
f 1706 1708 1700
f 1707 1697 1709
f 1707 1709 1708
f 1708 1709 1710
f 1708 1710 1700
f 1709 1697 1711
f 1709 1711 1710
f 1710 1711 1712
f 1710 1712 1700
f 1711 1697 1713
f 1711 1713 1712
f 1712 1713 1714
f 1712 1714 1700
f 1713 1697 1715
f 1713 1715 1714
f 1714 1715 1716
f 1714 1716 1700
f 1715 1697 1717
f 1715 1717 1716
f 1716 1717 1718
f 1716 1718 1700
f 1717 1697 1698
f 1717 1698 1718
f 1718 1698 1699
f 1718 1699 1700

o geometry_46
v 0.90000000 -0.00000000 2.61666667 0.70588235 0.54901961 0.35294118
v 0.89947345 0.03078160 2.61666667 0.70588235 0.54901961 0.35294118
v 0.89789443 0.06152719 2.61666667 0.70588235 0.54901961 0.35294118
v 0.89526477 0.09220078 2.61666667 0.70588235 0.54901961 0.35294118
v 0.89158757 0.12276649 2.61666667 0.70588235 0.54901961 0.35294118
v 0.88686711 0.15318855 2.61666667 0.70588235 0.54901961 0.35294118
v 0.88110892 0.18343136 2.61666667 0.70588235 0.54901961 0.35294118
v 0.87431975 0.21345954 2.61666667 0.70588235 0.54901961 0.35294118
v 0.86650753 0.24323795 2.61666667 0.70588235 0.54901961 0.35294118
v 0.85768141 0.27273174 2.61666667 0.70588235 0.54901961 0.35294118
v 0.84785171 0.30190641 2.61666667 0.70588235 0.54901961 0.35294118
v 0.83702993 0.33072782 2.61666667 0.70588235 0.54901961 0.35294118
v 0.82522875 0.35916224 2.61666667 0.70588235 0.54901961 0.35294118
v 0.81246196 0.38717641 2.61666667 0.70588235 0.54901961 0.35294118
v 0.79874450 0.41473754 2.61666667 0.70588235 0.54901961 0.35294118
v 0.78409243 0.44181338 2.61666667 0.70588235 0.54901961 0.35294118
v 0.09391685 0.05291942 2.61666667 0.70588235 0.54901961 0.35294118
v 0.09567184 0.04967634 2.61666667 0.70588235 0.54901961 0.35294118
v 0.09731489 0.04637513 2.61666667 0.70588235 0.54901961 0.35294118
v 0.09884407 0.04301966 2.61666667 0.70588235 0.54901961 0.35294118
v 0.10025759 0.03961384 2.61666667 0.70588235 0.54901961 0.35294118
v 0.10155379 0.03616168 2.61666667 0.70588235 0.54901961 0.35294118
v 0.10273117 0.03266720 2.61666667 0.70588235 0.54901961 0.35294118
v 0.10378835 0.02913450 2.61666667 0.70588235 0.54901961 0.35294118
v 0.10472408 0.02556771 2.61666667 0.70588235 0.54901961 0.35294118
v 0.10553727 0.02197100 2.61666667 0.70588235 0.54901961 0.35294118
v 0.10622697 0.01834858 2.61666667 0.70588235 0.54901961 0.35294118
v 0.10679238 0.01470470 2.61666667 0.70588235 0.54901961 0.35294118
v 0.10723283 0.01104360 2.61666667 0.70588235 0.54901961 0.35294118
v 0.10754780 0.00736959 2.61666667 0.70588235 0.54901961 0.35294118
v 0.10773693 0.00368695 2.61666667 0.70588235 0.54901961 0.35294118
v 0.10780000 -0.00000000 2.61666667 0.70588235 0.54901961 0.35294118
v 0.90000000 -0.00000000 2.66666667 0.70588235 0.54901961 0.35294118
v 0.89947345 0.03078160 2.66666667 0.70588235 0.54901961 0.35294118
v 0.89789443 0.06152719 2.66666667 0.70588235 0.54901961 0.35294118
v 0.89526477 0.09220078 2.66666667 0.70588235 0.54901961 0.35294118
v 0.89158757 0.12276649 2.66666667 0.70588235 0.54901961 0.35294118
v 0.88686711 0.15318855 2.66666667 0.70588235 0.54901961 0.35294118
v 0.88110892 0.18343136 2.66666667 0.70588235 0.54901961 0.35294118
v 0.87431975 0.21345954 2.66666667 0.70588235 0.54901961 0.35294118
v 0.86650753 0.24323795 2.66666667 0.70588235 0.54901961 0.35294118
v 0.85768141 0.27273174 2.66666667 0.70588235 0.54901961 0.35294118
v 0.84785171 0.30190641 2.66666667 0.70588235 0.54901961 0.35294118
v 0.83702993 0.33072782 2.66666667 0.70588235 0.54901961 0.35294118
v 0.82522875 0.35916224 2.66666667 0.70588235 0.54901961 0.35294118
v 0.81246196 0.38717641 2.66666667 0.70588235 0.54901961 0.35294118
v 0.79874450 0.41473754 2.66666667 0.70588235 0.54901961 0.35294118
v 0.78409243 0.44181338 2.66666667 0.70588235 0.54901961 0.35294118
v 0.09391685 0.05291942 2.66666667 0.70588235 0.54901961 0.35294118
v 0.09567184 0.04967634 2.66666667 0.70588235 0.54901961 0.35294118
v 0.09731489 0.04637513 2.66666667 0.70588235 0.54901961 0.35294118
v 0.09884407 0.04301966 2.66666667 0.70588235 0.54901961 0.35294118
v 0.10025759 0.03961384 2.66666667 0.70588235 0.54901961 0.35294118
v 0.10155379 0.03616168 2.66666667 0.70588235 0.54901961 0.35294118
v 0.10273117 0.03266720 2.66666667 0.70588235 0.54901961 0.35294118
v 0.10378835 0.02913450 2.66666667 0.70588235 0.54901961 0.35294118
v 0.10472408 0.02556771 2.66666667 0.70588235 0.54901961 0.35294118
v 0.10553727 0.02197100 2.66666667 0.70588235 0.54901961 0.35294118
v 0.10622697 0.01834858 2.66666667 0.70588235 0.54901961 0.35294118
v 0.10679238 0.01470470 2.66666667 0.70588235 0.54901961 0.35294118
v 0.10723283 0.01104360 2.66666667 0.70588235 0.54901961 0.35294118
v 0.10754780 0.00736959 2.66666667 0.70588235 0.54901961 0.35294118
v 0.10773693 0.00368695 2.66666667 0.70588235 0.54901961 0.35294118
v 0.10780000 -0.00000000 2.66666667 0.70588235 0.54901961 0.35294118
f 1719 1720 1752
f 1719 1752 1751
f 1720 1721 1753
f 1720 1753 1752
f 1721 1722 1754
f 1721 1754 1753
f 1722 1723 1755
f 1722 1755 1754
f 1723 1724 1756
f 1723 1756 1755
f 1724 1725 1757
f 1724 1757 1756
f 1725 1726 1758
f 1725 1758 1757
f 1726 1727 1759
f 1726 1759 1758
f 1727 1728 1760
f 1727 1760 1759
f 1728 1729 1761
f 1728 1761 1760
f 1729 1730 1762
f 1729 1762 1761
f 1730 1731 1763
f 1730 1763 1762
f 1731 1732 1764
f 1731 1764 1763
f 1732 1733 1765
f 1732 1765 1764
f 1733 1734 1766
f 1733 1766 1765
f 1734 1735 1767
f 1734 1767 1766
f 1735 1736 1768
f 1735 1768 1767
f 1736 1737 1769
f 1736 1769 1768
f 1737 1738 1770
f 1737 1770 1769
f 1738 1739 1771
f 1738 1771 1770
f 1739 1740 1772
f 1739 1772 1771
f 1740 1741 1773
f 1740 1773 1772
f 1741 1742 1774
f 1741 1774 1773
f 1742 1743 1775
f 1742 1775 1774
f 1743 1744 1776
f 1743 1776 1775
f 1744 1745 1777
f 1744 1777 1776
f 1745 1746 1778
f 1745 1778 1777
f 1746 1747 1779
f 1746 1779 1778
f 1747 1748 1780
f 1747 1780 1779
f 1748 1749 1781
f 1748 1781 1780
f 1749 1750 1782
f 1749 1782 1781
f 1750 1719 1751
f 1750 1751 1782
f 1719 1720 1749
f 1719 1749 1750
f 1751 1781 1752
f 1751 1782 1781
f 1720 1721 1748
f 1720 1748 1749
f 1752 1780 1753
f 1752 1781 1780
f 1721 1722 1747
f 1721 1747 1748
f 1753 1779 1754
f 1753 1780 1779
f 1722 1723 1746
f 1722 1746 1747
f 1754 1778 1755
f 1754 1779 1778
f 1723 1724 1745
f 1723 1745 1746
f 1755 1777 1756
f 1755 1778 1777
f 1724 1725 1744
f 1724 1744 1745
f 1756 1776 1757
f 1756 1777 1776
f 1725 1726 1743
f 1725 1743 1744
f 1757 1775 1758
f 1757 1776 1775
f 1726 1727 1742
f 1726 1742 1743
f 1758 1774 1759
f 1758 1775 1774
f 1727 1728 1741
f 1727 1741 1742
f 1759 1773 1760
f 1759 1774 1773
f 1728 1729 1740
f 1728 1740 1741
f 1760 1772 1761
f 1760 1773 1772
f 1729 1730 1739
f 1729 1739 1740
f 1761 1771 1762
f 1761 1772 1771
f 1730 1731 1738
f 1730 1738 1739
f 1762 1770 1763
f 1762 1771 1770
f 1731 1732 1737
f 1731 1737 1738
f 1763 1769 1764
f 1763 1770 1769
f 1732 1733 1736
f 1732 1736 1737
f 1764 1768 1765
f 1764 1769 1768
f 1733 1734 1735
f 1733 1735 1736
f 1765 1767 1766
f 1765 1768 1767

o geometry_47
v 0.86731808 0.06825941 2.66666667 0.35294118 0.35294118 0.37254902
v 0.87731808 0.06825941 2.66666667 0.35294118 0.35294118 0.37254902
v 0.87731808 0.06825941 3.56666667 0.35294118 0.35294118 0.37254902
v 0.86731808 0.06825941 3.56666667 0.35294118 0.35294118 0.37254902
v 0.87540825 0.07413727 2.66666667 0.35294118 0.35294118 0.37254902
v 0.87540825 0.07413727 3.56666667 0.35294118 0.35294118 0.37254902
v 0.87040825 0.07776998 2.66666667 0.35294118 0.35294118 0.37254902
v 0.87040825 0.07776998 3.56666667 0.35294118 0.35294118 0.37254902
v 0.86422791 0.07776998 2.66666667 0.35294118 0.35294118 0.37254902
v 0.86422791 0.07776998 3.56666667 0.35294118 0.35294118 0.37254902
v 0.85922791 0.07413727 2.66666667 0.35294118 0.35294118 0.37254902
v 0.85922791 0.07413727 3.56666667 0.35294118 0.35294118 0.37254902
v 0.85731808 0.06825941 2.66666667 0.35294118 0.35294118 0.37254902
v 0.85731808 0.06825941 3.56666667 0.35294118 0.35294118 0.37254902
v 0.85922791 0.06238156 2.66666667 0.35294118 0.35294118 0.37254902
v 0.85922791 0.06238156 3.56666667 0.35294118 0.35294118 0.37254902
v 0.86422791 0.05874885 2.66666667 0.35294118 0.35294118 0.37254902
v 0.86422791 0.05874885 3.56666667 0.35294118 0.35294118 0.37254902
v 0.87040825 0.05874885 2.66666667 0.35294118 0.35294118 0.37254902
v 0.87040825 0.05874885 3.56666667 0.35294118 0.35294118 0.37254902
v 0.87540825 0.06238156 2.66666667 0.35294118 0.35294118 0.37254902
v 0.87540825 0.06238156 3.56666667 0.35294118 0.35294118 0.37254902
f 1784 1783 1787
f 1784 1787 1785
f 1785 1787 1788
f 1785 1788 1786
f 1787 1783 1789
f 1787 1789 1788
f 1788 1789 1790
f 1788 1790 1786
f 1789 1783 1791
f 1789 1791 1790
f 1790 1791 1792
f 1790 1792 1786
f 1791 1783 1793
f 1791 1793 1792
f 1792 1793 1794
f 1792 1794 1786
f 1793 1783 1795
f 1793 1795 1794
f 1794 1795 1796
f 1794 1796 1786
f 1795 1783 1797
f 1795 1797 1796
f 1796 1797 1798
f 1796 1798 1786
f 1797 1783 1799
f 1797 1799 1798
f 1798 1799 1800
f 1798 1800 1786
f 1799 1783 1801
f 1799 1801 1800
f 1800 1801 1802
f 1800 1802 1786
f 1801 1783 1803
f 1801 1803 1802
f 1802 1803 1804
f 1802 1804 1786
f 1803 1783 1784
f 1803 1784 1804
f 1804 1784 1785
f 1804 1785 1786

o geometry_48
v 0.78524920 0.37454465 2.66666667 0.35294118 0.35294118 0.37254902
v 0.79524920 0.37454465 2.66666667 0.35294118 0.35294118 0.37254902
v 0.79524920 0.37454465 3.56666667 0.35294118 0.35294118 0.37254902
v 0.78524920 0.37454465 3.56666667 0.35294118 0.35294118 0.37254902
v 0.79333937 0.38042251 2.66666667 0.35294118 0.35294118 0.37254902
v 0.79333937 0.38042251 3.56666667 0.35294118 0.35294118 0.37254902
v 0.78833937 0.38405522 2.66666667 0.35294118 0.35294118 0.37254902
v 0.78833937 0.38405522 3.56666667 0.35294118 0.35294118 0.37254902
v 0.78215903 0.38405522 2.66666667 0.35294118 0.35294118 0.37254902
v 0.78215903 0.38405522 3.56666667 0.35294118 0.35294118 0.37254902
v 0.77715903 0.38042251 2.66666667 0.35294118 0.35294118 0.37254902
v 0.77715903 0.38042251 3.56666667 0.35294118 0.35294118 0.37254902
v 0.77524920 0.37454465 2.66666667 0.35294118 0.35294118 0.37254902
v 0.77524920 0.37454465 3.56666667 0.35294118 0.35294118 0.37254902
v 0.77715903 0.36866680 2.66666667 0.35294118 0.35294118 0.37254902
v 0.77715903 0.36866680 3.56666667 0.35294118 0.35294118 0.37254902
v 0.78215903 0.36503409 2.66666667 0.35294118 0.35294118 0.37254902
v 0.78215903 0.36503409 3.56666667 0.35294118 0.35294118 0.37254902
v 0.78833937 0.36503409 2.66666667 0.35294118 0.35294118 0.37254902
v 0.78833937 0.36503409 3.56666667 0.35294118 0.35294118 0.37254902
v 0.79333937 0.36866680 2.66666667 0.35294118 0.35294118 0.37254902
v 0.79333937 0.36866680 3.56666667 0.35294118 0.35294118 0.37254902
f 1806 1805 1809
f 1806 1809 1807
f 1807 1809 1810
f 1807 1810 1808
f 1809 1805 1811
f 1809 1811 1810
f 1810 1811 1812
f 1810 1812 1808
f 1811 1805 1813
f 1811 1813 1812
f 1812 1813 1814
f 1812 1814 1808
f 1813 1805 1815
f 1813 1815 1814
f 1814 1815 1816
f 1814 1816 1808
f 1815 1805 1817
f 1815 1817 1816
f 1816 1817 1818
f 1816 1818 1808
f 1817 1805 1819
f 1817 1819 1818
f 1818 1819 1820
f 1818 1820 1808
f 1819 1805 1821
f 1819 1821 1820
f 1820 1821 1822
f 1820 1822 1808
f 1821 1805 1823
f 1821 1823 1822
f 1822 1823 1824
f 1822 1824 1808
f 1823 1805 1825
f 1823 1825 1824
f 1824 1825 1826
f 1824 1826 1808
f 1825 1805 1806
f 1825 1806 1826
f 1826 1806 1807
f 1826 1807 1808

o geometry_49
v 0.77942286 0.45000000 2.78333333 0.70588235 0.54901961 0.35294118
v 0.76357606 0.47639438 2.78333333 0.70588235 0.54901961 0.35294118
v 0.74683579 0.50223132 2.78333333 0.70588235 0.54901961 0.35294118
v 0.72922165 0.52748061 2.78333333 0.70588235 0.54901961 0.35294118
v 0.71075424 0.55211268 2.78333333 0.70588235 0.54901961 0.35294118
v 0.69145517 0.57609873 2.78333333 0.70588235 0.54901961 0.35294118
v 0.67134703 0.59941068 2.78333333 0.70588235 0.54901961 0.35294118
v 0.65045334 0.62202126 2.78333333 0.70588235 0.54901961 0.35294118
v 0.62879856 0.64390401 2.78333333 0.70588235 0.54901961 0.35294118
v 0.60640802 0.66503332 2.78333333 0.70588235 0.54901961 0.35294118
v 0.58330791 0.68538448 2.78333333 0.70588235 0.54901961 0.35294118
v 0.55952528 0.70493366 2.78333333 0.70588235 0.54901961 0.35294118
v 0.53508794 0.72365800 2.78333333 0.70588235 0.54901961 0.35294118
v 0.51002449 0.74153558 2.78333333 0.70588235 0.54901961 0.35294118
v 0.48436426 0.75854549 2.78333333 0.70588235 0.54901961 0.35294118
v 0.45813727 0.77466782 2.78333333 0.70588235 0.54901961 0.35294118
v 0.05487466 0.09278799 2.78333333 0.70588235 0.54901961 0.35294118
v 0.05801607 0.09085689 2.78333333 0.70588235 0.54901961 0.35294118
v 0.06108960 0.08881948 2.78333333 0.70588235 0.54901961 0.35294118
v 0.06409164 0.08667815 2.78333333 0.70588235 0.54901961 0.35294118
v 0.06701869 0.08443539 2.78333333 0.70588235 0.54901961 0.35294118
v 0.06986733 0.08209383 2.78333333 0.70588235 0.54901961 0.35294118
v 0.07263420 0.07965621 2.78333333 0.70588235 0.54901961 0.35294118
v 0.07531609 0.07712539 2.78333333 0.70588235 0.54901961 0.35294118
v 0.07790986 0.07450432 2.78333333 0.70588235 0.54901961 0.35294118
v 0.08041246 0.07179608 2.78333333 0.70588235 0.54901961 0.35294118
v 0.08282096 0.06900383 2.78333333 0.70588235 0.54901961 0.35294118
v 0.08513256 0.06613083 2.78333333 0.70588235 0.54901961 0.35294118
v 0.08734455 0.06318045 2.78333333 0.70588235 0.54901961 0.35294118
v 0.08945433 0.06015615 2.78333333 0.70588235 0.54901961 0.35294118
v 0.09145944 0.05706146 2.78333333 0.70588235 0.54901961 0.35294118
v 0.09335754 0.05390000 2.78333333 0.70588235 0.54901961 0.35294118
v 0.77942286 0.45000000 2.83333333 0.70588235 0.54901961 0.35294118
v 0.76357606 0.47639438 2.83333333 0.70588235 0.54901961 0.35294118
v 0.74683579 0.50223132 2.83333333 0.70588235 0.54901961 0.35294118
v 0.72922165 0.52748061 2.83333333 0.70588235 0.54901961 0.35294118
v 0.71075424 0.55211268 2.83333333 0.70588235 0.54901961 0.35294118
v 0.69145517 0.57609873 2.83333333 0.70588235 0.54901961 0.35294118
v 0.67134703 0.59941068 2.83333333 0.70588235 0.54901961 0.35294118
v 0.65045334 0.62202126 2.83333333 0.70588235 0.54901961 0.35294118
v 0.62879856 0.64390401 2.83333333 0.70588235 0.54901961 0.35294118
v 0.60640802 0.66503332 2.83333333 0.70588235 0.54901961 0.35294118
v 0.58330791 0.68538448 2.83333333 0.70588235 0.54901961 0.35294118
v 0.55952528 0.70493366 2.83333333 0.70588235 0.54901961 0.35294118
v 0.53508794 0.72365800 2.83333333 0.70588235 0.54901961 0.35294118
v 0.51002449 0.74153558 2.83333333 0.70588235 0.54901961 0.35294118
v 0.48436426 0.75854549 2.83333333 0.70588235 0.54901961 0.35294118
v 0.45813727 0.77466782 2.83333333 0.70588235 0.54901961 0.35294118
v 0.05487466 0.09278799 2.83333333 0.70588235 0.54901961 0.35294118
v 0.05801607 0.09085689 2.83333333 0.70588235 0.54901961 0.35294118
v 0.06108960 0.08881948 2.83333333 0.70588235 0.54901961 0.35294118
v 0.06409164 0.08667815 2.83333333 0.70588235 0.54901961 0.35294118
v 0.06701869 0.08443539 2.83333333 0.70588235 0.54901961 0.35294118
v 0.06986733 0.08209383 2.83333333 0.70588235 0.54901961 0.35294118
v 0.07263420 0.07965621 2.83333333 0.70588235 0.54901961 0.35294118
v 0.07531609 0.07712539 2.83333333 0.70588235 0.54901961 0.35294118
v 0.07790986 0.07450432 2.83333333 0.70588235 0.54901961 0.35294118
v 0.08041246 0.07179608 2.83333333 0.70588235 0.54901961 0.35294118
v 0.08282096 0.06900383 2.83333333 0.70588235 0.54901961 0.35294118
v 0.08513256 0.06613083 2.83333333 0.70588235 0.54901961 0.35294118
v 0.08734455 0.06318045 2.83333333 0.70588235 0.54901961 0.35294118
v 0.08945433 0.06015615 2.83333333 0.70588235 0.54901961 0.35294118
v 0.09145944 0.05706146 2.83333333 0.70588235 0.54901961 0.35294118
v 0.09335754 0.05390000 2.83333333 0.70588235 0.54901961 0.35294118
f 1827 1828 1860
f 1827 1860 1859
f 1828 1829 1861
f 1828 1861 1860
f 1829 1830 1862
f 1829 1862 1861
f 1830 1831 1863
f 1830 1863 1862
f 1831 1832 1864
f 1831 1864 1863
f 1832 1833 1865
f 1832 1865 1864
f 1833 1834 1866
f 1833 1866 1865
f 1834 1835 1867
f 1834 1867 1866
f 1835 1836 1868
f 1835 1868 1867
f 1836 1837 1869
f 1836 1869 1868
f 1837 1838 1870
f 1837 1870 1869
f 1838 1839 1871
f 1838 1871 1870
f 1839 1840 1872
f 1839 1872 1871
f 1840 1841 1873
f 1840 1873 1872
f 1841 1842 1874
f 1841 1874 1873
f 1842 1843 1875
f 1842 1875 1874
f 1843 1844 1876
f 1843 1876 1875
f 1844 1845 1877
f 1844 1877 1876
f 1845 1846 1878
f 1845 1878 1877
f 1846 1847 1879
f 1846 1879 1878
f 1847 1848 1880
f 1847 1880 1879
f 1848 1849 1881
f 1848 1881 1880
f 1849 1850 1882
f 1849 1882 1881
f 1850 1851 1883
f 1850 1883 1882
f 1851 1852 1884
f 1851 1884 1883
f 1852 1853 1885
f 1852 1885 1884
f 1853 1854 1886
f 1853 1886 1885
f 1854 1855 1887
f 1854 1887 1886
f 1855 1856 1888
f 1855 1888 1887
f 1856 1857 1889
f 1856 1889 1888
f 1857 1858 1890
f 1857 1890 1889
f 1858 1827 1859
f 1858 1859 1890
f 1827 1828 1857
f 1827 1857 1858
f 1859 1889 1860
f 1859 1890 1889
f 1828 1829 1856
f 1828 1856 1857
f 1860 1888 1861
f 1860 1889 1888
f 1829 1830 1855
f 1829 1855 1856
f 1861 1887 1862
f 1861 1888 1887
f 1830 1831 1854
f 1830 1854 1855
f 1862 1886 1863
f 1862 1887 1886
f 1831 1832 1853
f 1831 1853 1854
f 1863 1885 1864
f 1863 1886 1885
f 1832 1833 1852
f 1832 1852 1853
f 1864 1884 1865
f 1864 1885 1884
f 1833 1834 1851
f 1833 1851 1852
f 1865 1883 1866
f 1865 1884 1883
f 1834 1835 1850
f 1834 1850 1851
f 1866 1882 1867
f 1866 1883 1882
f 1835 1836 1849
f 1835 1849 1850
f 1867 1881 1868
f 1867 1882 1881
f 1836 1837 1848
f 1836 1848 1849
f 1868 1880 1869
f 1868 1881 1880
f 1837 1838 1847
f 1837 1847 1848
f 1869 1879 1870
f 1869 1880 1879
f 1838 1839 1846
f 1838 1846 1847
f 1870 1878 1871
f 1870 1879 1878
f 1839 1840 1845
f 1839 1845 1846
f 1871 1877 1872
f 1871 1878 1877
f 1840 1841 1844
f 1840 1844 1845
f 1872 1876 1873
f 1872 1877 1876
f 1841 1842 1843
f 1841 1843 1844
f 1873 1875 1874
f 1873 1876 1875

o geometry_50
v 0.71698978 0.49277343 2.83333333 0.35294118 0.35294118 0.37254902
v 0.72698978 0.49277343 2.83333333 0.35294118 0.35294118 0.37254902
v 0.72698978 0.49277343 3.73333333 0.35294118 0.35294118 0.37254902
v 0.71698978 0.49277343 3.73333333 0.35294118 0.35294118 0.37254902
v 0.72507995 0.49865128 2.83333333 0.35294118 0.35294118 0.37254902
v 0.72507995 0.49865128 3.73333333 0.35294118 0.35294118 0.37254902
v 0.72007995 0.50228399 2.83333333 0.35294118 0.35294118 0.37254902
v 0.72007995 0.50228399 3.73333333 0.35294118 0.35294118 0.37254902
v 0.71389961 0.50228399 2.83333333 0.35294118 0.35294118 0.37254902
v 0.71389961 0.50228399 3.73333333 0.35294118 0.35294118 0.37254902
v 0.70889961 0.49865128 2.83333333 0.35294118 0.35294118 0.37254902
v 0.70889961 0.49865128 3.73333333 0.35294118 0.35294118 0.37254902
v 0.70698978 0.49277343 2.83333333 0.35294118 0.35294118 0.37254902
v 0.70698978 0.49277343 3.73333333 0.35294118 0.35294118 0.37254902
v 0.70889961 0.48689557 2.83333333 0.35294118 0.35294118 0.37254902
v 0.70889961 0.48689557 3.73333333 0.35294118 0.35294118 0.37254902
v 0.71389961 0.48326286 2.83333333 0.35294118 0.35294118 0.37254902
v 0.71389961 0.48326286 3.73333333 0.35294118 0.35294118 0.37254902
v 0.72007995 0.48326286 2.83333333 0.35294118 0.35294118 0.37254902
v 0.72007995 0.48326286 3.73333333 0.35294118 0.35294118 0.37254902
v 0.72507995 0.48689557 2.83333333 0.35294118 0.35294118 0.37254902
v 0.72507995 0.48689557 3.73333333 0.35294118 0.35294118 0.37254902
f 1892 1891 1895
f 1892 1895 1893
f 1893 1895 1896
f 1893 1896 1894
f 1895 1891 1897
f 1895 1897 1896
f 1896 1897 1898
f 1896 1898 1894
f 1897 1891 1899
f 1897 1899 1898
f 1898 1899 1900
f 1898 1900 1894
f 1899 1891 1901
f 1899 1901 1900
f 1900 1901 1902
f 1900 1902 1894
f 1901 1891 1903
f 1901 1903 1902
f 1902 1903 1904
f 1902 1904 1894
f 1903 1891 1905
f 1903 1905 1904
f 1904 1905 1906
f 1904 1906 1894
f 1905 1891 1907
f 1905 1907 1906
f 1906 1907 1908
f 1906 1908 1894
f 1907 1891 1909
f 1907 1909 1908
f 1908 1909 1910
f 1908 1910 1894
f 1909 1891 1911
f 1909 1911 1910
f 1910 1911 1912
f 1910 1912 1894
f 1911 1891 1892
f 1911 1892 1912
f 1912 1892 1893
f 1912 1893 1894

o geometry_51
v 0.49277343 0.71698978 2.83333333 0.35294118 0.35294118 0.37254902
v 0.50277343 0.71698978 2.83333333 0.35294118 0.35294118 0.37254902
v 0.50277343 0.71698978 3.73333333 0.35294118 0.35294118 0.37254902
v 0.49277343 0.71698978 3.73333333 0.35294118 0.35294118 0.37254902
v 0.50086360 0.72286764 2.83333333 0.35294118 0.35294118 0.37254902
v 0.50086360 0.72286764 3.73333333 0.35294118 0.35294118 0.37254902
v 0.49586360 0.72650035 2.83333333 0.35294118 0.35294118 0.37254902
v 0.49586360 0.72650035 3.73333333 0.35294118 0.35294118 0.37254902
v 0.48968326 0.72650035 2.83333333 0.35294118 0.35294118 0.37254902
v 0.48968326 0.72650035 3.73333333 0.35294118 0.35294118 0.37254902
v 0.48468326 0.72286764 2.83333333 0.35294118 0.35294118 0.37254902
v 0.48468326 0.72286764 3.73333333 0.35294118 0.35294118 0.37254902
v 0.48277343 0.71698978 2.83333333 0.35294118 0.35294118 0.37254902
v 0.48277343 0.71698978 3.73333333 0.35294118 0.35294118 0.37254902
v 0.48468326 0.71111193 2.83333333 0.35294118 0.35294118 0.37254902
v 0.48468326 0.71111193 3.73333333 0.35294118 0.35294118 0.37254902
v 0.48968326 0.70747922 2.83333333 0.35294118 0.35294118 0.37254902
v 0.48968326 0.70747922 3.73333333 0.35294118 0.35294118 0.37254902
v 0.49586360 0.70747922 2.83333333 0.35294118 0.35294118 0.37254902
v 0.49586360 0.70747922 3.73333333 0.35294118 0.35294118 0.37254902
v 0.50086360 0.71111193 2.83333333 0.35294118 0.35294118 0.37254902
v 0.50086360 0.71111193 3.73333333 0.35294118 0.35294118 0.37254902
f 1914 1913 1917
f 1914 1917 1915
f 1915 1917 1918
f 1915 1918 1916
f 1917 1913 1919
f 1917 1919 1918
f 1918 1919 1920
f 1918 1920 1916
f 1919 1913 1921
f 1919 1921 1920
f 1920 1921 1922
f 1920 1922 1916
f 1921 1913 1923
f 1921 1923 1922
f 1922 1923 1924
f 1922 1924 1916
f 1923 1913 1925
f 1923 1925 1924
f 1924 1925 1926
f 1924 1926 1916
f 1925 1913 1927
f 1925 1927 1926
f 1926 1927 1928
f 1926 1928 1916
f 1927 1913 1929
f 1927 1929 1928
f 1928 1929 1930
f 1928 1930 1916
f 1929 1913 1931
f 1929 1931 1930
f 1930 1931 1932
f 1930 1932 1916
f 1931 1913 1933
f 1931 1933 1932
f 1932 1933 1934
f 1932 1934 1916
f 1933 1913 1914
f 1933 1914 1934
f 1934 1914 1915
f 1934 1915 1916

o geometry_52
v 0.00000000 -0.87000000 1.06666667 0.27450980 0.27450980 0.29411765
v 0.00755945 -0.86994010 1.04600629 0.27450980 0.27450980 0.29411765
v 0.03602505 -0.86947429 1.05642296 0.27450980 0.27450980 0.29411765
v 0.02846560 -0.86953419 1.07708333 0.27450980 0.27450980 0.29411765
v 0.00591703 -0.85702183 1.04991686 0.27450980 0.27450980 0.29411765
v 0.03438263 -0.85655603 1.06033353 0.27450980 0.27450980 0.29411765
v 0.00201450 -0.84906079 1.06022529 0.27450980 0.27450980 0.29411765
v 0.03048010 -0.84859498 1.07064195 0.27450980 0.27450980 0.29411765
v -0.00265750 -0.84909782 1.07299410 0.27450980 0.27450980 0.29411765
v 0.02580811 -0.84863201 1.08341077 0.27450980 0.27450980 0.29411765
v -0.00631442 -0.85711876 1.08334605 0.27450980 0.27450980 0.29411765
v 0.02215118 -0.85665295 1.09376272 0.27450980 0.27450980 0.29411765
v -0.00755945 -0.87005990 1.08732704 0.27450980 0.27450980 0.29411765
v 0.02090615 -0.86959410 1.09774371 0.27450980 0.27450980 0.29411765
v -0.00591703 -0.88297817 1.08341647 0.27450980 0.27450980 0.29411765
v 0.02254857 -0.88251236 1.09383314 0.27450980 0.27450980 0.29411765
v -0.00201450 -0.89093921 1.07310805 0.27450980 0.27450980 0.29411765
v 0.02645110 -0.89047340 1.08352471 0.27450980 0.27450980 0.29411765
v 0.00265750 -0.89090218 1.06033923 0.27450980 0.27450980 0.29411765
v 0.03112310 -0.89043638 1.07075590 0.27450980 0.27450980 0.29411765
v 0.00631442 -0.88288124 1.04998728 0.27450980 0.27450980 0.29411765
v 0.03478002 -0.88241543 1.06040395 0.27450980 0.27450980 0.29411765
v 0.02846560 -0.86953419 1.07708333 0.27450980 0.27450980 0.29411765
v 0.03602505 -0.86935445 1.05642365 0.27450980 0.27450980 0.29411765
v 0.06446017 -0.86795752 1.06684032 0.27450980 0.27450980 0.29411765
v 0.05690072 -0.86813726 1.08750000 0.27450980 0.27450980 0.29411765
v 0.03398545 -0.85647167 1.06026365 0.27450980 0.27450980 0.29411765
v 0.06242057 -0.85507474 1.07068032 0.27450980 0.27450980 0.29411765
v 0.02983746 -0.84857833 1.07052819 0.27450980 0.27450980 0.29411765
v 0.05827258 -0.84718140 1.08094486 0.27450980 0.27450980 0.29411765
v 0.02516546 -0.84868942 1.08329658 0.27450980 0.27450980 0.29411765
v 0.05360058 -0.84729249 1.09371325 0.27450980 0.27450980 0.29411765
v 0.02175400 -0.85676250 1.09369172 0.27450980 0.27450980 0.29411765
v 0.05018912 -0.85536557 1.10410838 0.27450980 0.27450980 0.29411765
v 0.02090615 -0.86971393 1.09774301 0.27450980 0.27450980 0.29411765
v 0.04934127 -0.86831701 1.10815968 0.27450980 0.27450980 0.29411765
v 0.02294575 -0.88259671 1.09390302 0.27450980 0.27450980 0.29411765
v 0.05138087 -0.88119979 1.10431968 0.27450980 0.27450980 0.29411765
v 0.02709375 -0.89049005 1.08363847 0.27450980 0.27450980 0.29411765
v 0.05552887 -0.88909313 1.09405514 0.27450980 0.27450980 0.29411765
v 0.03176574 -0.89037897 1.07087009 0.27450980 0.27450980 0.29411765
v 0.06020087 -0.88898204 1.08128675 0.27450980 0.27450980 0.29411765
v 0.03517720 -0.88230588 1.06047495 0.27450980 0.27450980 0.29411765
v 0.06361232 -0.88090895 1.07089162 0.27450980 0.27450980 0.29411765
v 0.05690072 -0.86813726 1.08750000 0.27450980 0.27450980 0.29411765
v 0.06446017 -0.86783759 1.06684171 0.27450980 0.27450980 0.29411765
v 0.09283436 -0.86551104 1.07725838 0.27450980 0.27450980 0.29411765
v 0.08527491 -0.86581071 1.09791667 0.27450980 0.27450980 0.29411765
v 0.06202403 -0.85500289 1.07061095 0.27450980 0.27450980 0.29411765
v 0.09039822 -0.85267634 1.08102762 0.27450980 0.27450980 0.29411765
v 0.05763096 -0.84718507 1.08083123 0.27450980 0.27450980 0.29411765
v 0.08600515 -0.84485852 1.09124790 0.27450980 0.27450980 0.29411765
v 0.05295896 -0.84737028 1.09359876 0.27450980 0.27450980 0.29411765
v 0.08133315 -0.84504373 1.10401543 0.27450980 0.27450980 0.29411765
v 0.04979258 -0.85548777 1.10403677 0.27450980 0.27450980 0.29411765
v 0.07816677 -0.85316122 1.11445343 0.27450980 0.27450980 0.29411765
v 0.04934127 -0.86843693 1.10815829 0.27450980 0.27450980 0.29411765
v 0.07771546 -0.86611038 1.11857496 0.27450980 0.27450980 0.29411765
v 0.05177741 -0.88127164 1.10438905 0.27450980 0.27450980 0.29411765
v 0.08015160 -0.87894508 1.11480571 0.27450980 0.27450980 0.29411765
v 0.05617048 -0.88908945 1.09416877 0.27450980 0.27450980 0.29411765
v 0.08454467 -0.88676290 1.10458543 0.27450980 0.27450980 0.29411765
v 0.06084248 -0.88890425 1.08140124 0.27450980 0.27450980 0.29411765
v 0.08921667 -0.88657770 1.09181791 0.27450980 0.27450980 0.29411765
v 0.06400886 -0.88078676 1.07096323 0.27450980 0.27450980 0.29411765
v 0.09238305 -0.87846021 1.08137990 0.27450980 0.27450980 0.29411765
v 0.08527491 -0.86581071 1.09791667 0.27450980 0.27450980 0.29411765
v 0.09283436 -0.86539097 1.07726047 0.27450980 0.27450980 0.29411765
v 0.12111724 -0.86213729 1.08767714 0.27450980 0.27450980 0.29411765
v 0.11355779 -0.86255703 1.10833333 0.27450980 0.27450980 0.29411765
v 0.09000275 -0.85261692 1.08095873 0.27450980 0.27450980 0.29411765
v 0.11828562 -0.84936324 1.09137540 0.27450980 0.27450980 0.29411765
v 0.08536526 -0.84488245 1.09113435 0.27450980 0.27450980 0.29411765
v 0.11364813 -0.84162877 1.10155102 0.27450980 0.27450980 0.29411765
v 0.08069326 -0.84514187 1.10390059 0.27450980 0.27450980 0.29411765
v 0.10897613 -0.84188818 1.11431725 0.27450980 0.27450980 0.29411765
v 0.07777130 -0.85329608 1.11438116 0.27450980 0.27450980 0.29411765
v 0.10605417 -0.85004239 1.12479783 0.27450980 0.27450980 0.29411765
v 0.07771546 -0.86623045 1.11857286 0.27450980 0.27450980 0.29411765
v 0.10599834 -0.86297677 1.12898953 0.27450980 0.27450980 0.29411765
v 0.08054708 -0.87900450 1.11487460 0.27450980 0.27450980 0.29411765
v 0.10882995 -0.87575082 1.12529127 0.27450980 0.27450980 0.29411765
v 0.08518457 -0.88673897 1.10469898 0.27450980 0.27450980 0.29411765
v 0.11346744 -0.88348529 1.11511565 0.27450980 0.27450980 0.29411765
v 0.08985657 -0.88647956 1.09193275 0.27450980 0.27450980 0.29411765
v 0.11813944 -0.88322587 1.10234941 0.27450980 0.27450980 0.29411765
v 0.09277853 -0.87832535 1.08145217 0.27450980 0.27450980 0.29411765
v 0.12106140 -0.87507166 1.09186884 0.27450980 0.27450980 0.29411765
v 0.11355779 -0.86255703 1.10833333 0.27450980 0.27450980 0.29411765
v 0.12111724 -0.86201701 1.08767993 0.27450980 0.27450980 0.29411765
v 0.14927851 -0.85783968 1.09809660 0.27450980 0.27450980 0.29411765
v 0.14171906 -0.85837970 1.11875000 0.27450980 0.27450980 0.29411765
v 0.11789163 -0.84931616 1.09130696 0.27450980 0.27450980 0.29411765
v 0.14605290 -0.84513883 1.10172363 0.27450980 0.27450980 0.29411765
v 0.11301064 -0.84167287 1.10143749 0.27450980 0.27450980 0.29411765
v 0.14117191 -0.83749554 1.11185416 0.27450980 0.27450980 0.29411765
v 0.10833864 -0.84200662 1.11420200 0.27450980 0.27450980 0.29411765
v 0.13649992 -0.83782929 1.12461867 0.27450980 0.27450980 0.29411765
v 0.10566018 -0.85018993 1.12472487 0.27450980 0.27450980 0.29411765
v 0.13382145 -0.84601260 1.13514154 0.27450980 0.27450980 0.29411765
v 0.10599834 -0.86309705 1.12898674 0.27450980 0.27450980 0.29411765
v 0.13415961 -0.85891972 1.13940340 0.27450980 0.27450980 0.29411765
v 0.10922394 -0.87579790 1.12535970 0.27450980 0.27450980 0.29411765
v 0.13738522 -0.87162057 1.13577637 0.27450980 0.27450980 0.29411765
v 0.11410493 -0.88344119 1.11522917 0.27450980 0.27450980 0.29411765
v 0.14226621 -0.87926386 1.12564584 0.27450980 0.27450980 0.29411765
v 0.11877693 -0.88310744 1.10246467 0.27450980 0.27450980 0.29411765
v 0.14693821 -0.87893011 1.11288133 0.27450980 0.27450980 0.29411765
v 0.12145539 -0.87492413 1.09194179 0.27450980 0.27450980 0.29411765
v 0.14961667 -0.87074680 1.10235846 0.27450980 0.27450980 0.29411765
v 0.14171906 -0.85837970 1.11875000 0.27450980 0.27450980 0.29411765
v 0.14927851 -0.85771914 1.09810010 0.27450980 0.27450980 0.29411765
v 0.17728803 -0.85262264 1.10851677 0.27450980 0.27450980 0.29411765
v 0.16972858 -0.85328319 1.12916667 0.27450980 0.27450980 0.29411765
v 0.14566082 -0.84510399 1.10165562 0.27450980 0.27450980 0.29411765
v 0.17367034 -0.84000748 1.11207228 0.27450980 0.27450980 0.29411765
v 0.14053751 -0.83755970 1.11174060 0.27450980 0.27450980 0.29411765
v 0.16854703 -0.83246320 1.12215727 0.27450980 0.27450980 0.29411765
v 0.13586551 -0.83796795 1.12450294 0.27450980 0.27450980 0.29411765
v 0.16387503 -0.83287144 1.13491961 0.27450980 0.27450980 0.29411765
v 0.13342937 -0.84617279 1.13506785 0.27450980 0.27450980 0.29411765
v 0.16143889 -0.84107628 1.14548452 0.27450980 0.27450980 0.29411765
v 0.13415961 -0.85904026 1.13939990 0.27450980 0.27450980 0.29411765
v 0.16216913 -0.85394375 1.14981657 0.27450980 0.27450980 0.29411765
v 0.13777730 -0.87165541 1.13584438 0.27450980 0.27450980 0.29411765
v 0.16578682 -0.86655891 1.14626105 0.27450980 0.27450980 0.29411765
v 0.14290061 -0.87919970 1.12575940 0.27450980 0.27450980 0.29411765
v 0.17091013 -0.87410319 1.13617606 0.27450980 0.27450980 0.29411765
v 0.14757261 -0.87879145 1.11299706 0.27450980 0.27450980 0.29411765
v 0.17558213 -0.87369495 1.12341372 0.27450980 0.27450980 0.29411765
v 0.15000875 -0.87058661 1.10243215 0.27450980 0.27450980 0.29411765
v 0.17801827 -0.86549010 1.11284881 0.27450980 0.27450980 0.29411765
v 0.16972858 -0.85328319 1.12916667 0.27450980 0.27450980 0.29411765
v 0.17728803 -0.85250178 1.10852099 0.27450980 0.27450980 0.29411765
v 0.20511580 -0.84649155 1.11893765 0.27450980 0.27450980 0.29411765
v 0.19755635 -0.84727297 1.13958333 0.27450980 0.27450980 0.29411765
v 0.17328058 -0.83998475 1.11200466 0.27450980 0.27450980 0.29411765
v 0.20110835 -0.83397453 1.12242132 0.27450980 0.27450980 0.29411765
v 0.16791639 -0.83254728 1.12204363 0.27450980 0.27450980 0.29411765
v 0.19574416 -0.82653705 1.13246030 0.27450980 0.27450980 0.29411765
v 0.16324439 -0.83303022 1.13480336 0.27450980 0.27450980 0.29411765
v 0.19107216 -0.82702000 1.14522003 0.27450980 0.27450980 0.29411765
v 0.16104913 -0.84124911 1.14541007 0.27450980 0.27450980 0.29411765
v 0.18887690 -0.83523889 1.15582673 0.27450980 0.27450980 0.29411765
v 0.16216913 -0.85406461 1.14981235 0.27450980 0.27450980 0.29411765
v 0.18999690 -0.84805439 1.16022901 0.27450980 0.27450980 0.29411765
v 0.16617658 -0.86658164 1.14632868 0.27450980 0.27450980 0.29411765
v 0.19400434 -0.86057142 1.15674534 0.27450980 0.27450980 0.29411765
v 0.17154077 -0.87401911 1.13628970 0.27450980 0.27450980 0.29411765
v 0.19936854 -0.86800889 1.14670637 0.27450980 0.27450980 0.29411765
v 0.17621277 -0.87353617 1.12352997 0.27450980 0.27450980 0.29411765
v 0.20404054 -0.86752595 1.13394664 0.27450980 0.27450980 0.29411765
v 0.17840803 -0.86531728 1.11292327 0.27450980 0.27450980 0.29411765
v 0.20623579 -0.85930706 1.12333993 0.27450980 0.27450980 0.29411765
v 0.19755635 -0.84727297 1.13958333 0.27450980 0.27450980 0.29411765
v 0.20511580 -0.84637031 1.11894260 0.27450980 0.27450980 0.29411765
v 0.23273202 -0.83945281 1.12935927 0.27450980 0.27450980 0.29411765
v 0.22517257 -0.84035547 1.15000000 0.27450980 0.27450980 0.29411765
v 0.20072134 -0.83396377 1.12235406 0.27450980 0.27450980 0.29411765
v 0.22833756 -0.82704627 1.13277072 0.27450980 0.27450980 0.29411765
v 0.19511797 -0.82664089 1.13234651 0.27450980 0.27450980 0.29411765
v 0.22273419 -0.81972339 1.14276318 0.27450980 0.27450980 0.29411765
v 0.19044597 -0.82719877 1.14510319 0.27450980 0.27450980 0.29411765
v 0.21806219 -0.82028126 1.15551986 0.27450980 0.27450980 0.29411765
v 0.18848989 -0.83542431 1.15575147 0.27450980 0.27450980 0.29411765
v 0.21610611 -0.82850680 1.16616813 0.27450980 0.27450980 0.29411765
v 0.18999690 -0.84817563 1.16022407 0.27450980 0.27450980 0.29411765
v 0.21761312 -0.84125813 1.17064073 0.27450980 0.27450980 0.29411765
v 0.19439135 -0.86058217 1.15681261 0.27450980 0.27450980 0.29411765
v 0.22200758 -0.85366467 1.16722928 0.27450980 0.27450980 0.29411765
v 0.19999473 -0.86790505 1.14682015 0.27450980 0.27450980 0.29411765
v 0.22761095 -0.86098755 1.15723682 0.27450980 0.27450980 0.29411765
v 0.20466673 -0.86734718 1.13406348 0.27450980 0.27450980 0.29411765
v 0.23228295 -0.86042967 1.14448014 0.27450980 0.27450980 0.29411765
v 0.20662280 -0.85912164 1.12341520 0.27450980 0.27450980 0.29411765
v 0.23423902 -0.85220413 1.13383187 0.27450980 0.27450980 0.29411765
v 0.22517257 -0.84035547 1.15000000 0.27450980 0.27450980 0.29411765
v 0.23273202 -0.83933112 1.12936495 0.27450980 0.27450980 0.29411765
v 0.26010712 -0.83151374 1.13978161 0.27450980 0.27450980 0.29411765
v 0.25254767 -0.83253809 1.16041667 0.27450980 0.27450980 0.29411765
v 0.22795371 -0.82704733 1.13270379 0.27450980 0.27450980 0.29411765
v 0.25532881 -0.81922996 1.14312046 0.27450980 0.27450980 0.29411765
v 0.22211310 -0.81984680 1.14264920 0.27450980 0.27450980 0.29411765
v 0.24948820 -0.81202942 1.15306587 0.27450980 0.27450980 0.29411765
v 0.21744111 -0.82047988 1.15540237 0.27450980 0.27450980 0.29411765
v 0.24481621 -0.81266251 1.16581903 0.27450980 0.27450980 0.29411765
v 0.21572226 -0.82870476 1.16609201 0.27450980 0.27450980 0.29411765
v 0.24309736 -0.82088739 1.17650868 0.27450980 0.27450980 0.29411765
v 0.21761312 -0.84137982 1.17063505 0.27450980 0.27450980 0.29411765
v 0.24498822 -0.83356244 1.18105172 0.27450980 0.27450980 0.29411765
v 0.22239143 -0.85366361 1.16729621 0.27450980 0.27450980 0.29411765
v 0.24976653 -0.84584623 1.17771287 0.27450980 0.27450980 0.29411765
v 0.22823204 -0.86086414 1.15735080 0.27450980 0.27450980 0.29411765
v 0.25560714 -0.85304676 1.16776746 0.27450980 0.27450980 0.29411765
v 0.23290403 -0.86023105 1.14459763 0.27450980 0.27450980 0.29411765
v 0.26027913 -0.85241368 1.15501430 0.27450980 0.27450980 0.29411765
v 0.23462287 -0.85200617 1.13390799 0.27450980 0.27450980 0.29411765
v 0.26199797 -0.84418880 1.14432466 0.27450980 0.27450980 0.29411765
v 0.25254767 -0.83253809 1.16041667 0.27450980 0.27450980 0.29411765
v 0.26010712 -0.83139155 1.13978804 0.27450980 0.27450980 0.29411765
v 0.28721179 -0.82268267 1.15020471 0.27450980 0.27450980 0.29411765
v 0.27965233 -0.82382921 1.17083333 0.27450980 0.27450980 0.29411765
v 0.25494853 -0.81924268 1.14305384 0.27450980 0.27450980 0.29411765
v 0.28205320 -0.81053380 1.15347051 0.27450980 0.27450980 0.29411765
v 0.24887290 -0.81217220 1.15295164 0.27450980 0.27450980 0.29411765
v 0.27597756 -0.80346332 1.16336831 0.27450980 0.27450980 0.29411765
v 0.24420090 -0.81288080 1.16570084 0.27450980 0.27450980 0.29411765
v 0.27130557 -0.80417192 1.17611750 0.27450980 0.27450980 0.29411765
v 0.24271708 -0.82109782 1.17643165 0.27450980 0.27450980 0.29411765
v 0.26982175 -0.81238894 1.18684832 0.27450980 0.27450980 0.29411765
v 0.24498822 -0.83368463 1.18104529 0.27450980 0.27450980 0.29411765
v 0.27209288 -0.82497575 1.19146196 0.27450980 0.27450980 0.29411765
v 0.25014680 -0.84583351 1.17777949 0.27450980 0.27450980 0.29411765
v 0.27725147 -0.83712463 1.18819616 0.27450980 0.27450980 0.29411765
v 0.25622244 -0.85290398 1.16788169 0.27450980 0.27450980 0.29411765
v 0.28332711 -0.84419510 1.17829836 0.27450980 0.27450980 0.29411765
v 0.26089444 -0.85219538 1.15513250 0.27450980 0.27450980 0.29411765
v 0.28799910 -0.84348650 1.16554916 0.27450980 0.27450980 0.29411765
v 0.26237825 -0.84397836 1.14440168 0.27450980 0.27450980 0.29411765
v 0.28948292 -0.83526948 1.15481835 0.27450980 0.27450980 0.29411765
v 0.27965233 -0.82382921 1.17083333 0.27450980 0.27450980 0.29411765
v 0.28721179 -0.82255991 1.15021190 0.27450980 0.27450980 0.29411765
v 0.31401699 -0.81296885 1.16062857 0.27450980 0.27450980 0.29411765
v 0.30645754 -0.81423816 1.18125000 0.27450980 0.27450980 0.29411765
v 0.28167690 -0.81055799 1.15340417 0.27450980 0.27450980 0.29411765
v 0.30848210 -0.80096694 1.16382083 0.27450980 0.27450980 0.29411765
v 0.27536870 -0.80362523 1.16325378 0.27450980 0.27450980 0.29411765
v 0.30217390 -0.79403418 1.17367045 0.27450980 0.27450980 0.29411765
v 0.27069670 -0.80440970 1.17599853 0.27450980 0.27450980 0.29411765
v 0.29750190 -0.79481865 1.18641520 0.27450980 0.27450980 0.29411765
v 0.26944545 -0.81261177 1.18677035 0.27450980 0.27450980 0.29411765
v 0.29625066 -0.80302071 1.19718701 0.27450980 0.27450980 0.29411765
v 0.27209288 -0.82509851 1.19145477 0.27450980 0.27450980 0.29411765
v 0.29889809 -0.81550746 1.20187143 0.27450980 0.27450980 0.29411765
v 0.27762777 -0.83710043 1.18826250 0.27450980 0.27450980 0.29411765
v 0.30443298 -0.82750937 1.19867917 0.27450980 0.27450980 0.29411765
v 0.28393597 -0.84403319 1.17841289 0.27450980 0.27450980 0.29411765
v 0.31074118 -0.83444214 1.18882955 0.27450980 0.27450980 0.29411765
v 0.28860797 -0.84324872 1.16566814 0.27450980 0.27450980 0.29411765
v 0.31541318 -0.83365766 1.17608480 0.27450980 0.27450980 0.29411765
v 0.28985922 -0.83504666 1.15489632 0.27450980 0.27450980 0.29411765
v 0.31666443 -0.82545560 1.16531299 0.27450980 0.27450980 0.29411765
v 0.30645754 -0.81423816 1.18125000 0.27450980 0.27450980 0.29411765
v 0.31401699 -0.81284546 1.16063653 0.27450980 0.27450980 0.29411765
v 0.34049404 -0.80238250 1.17105320 0.27450980 0.27450980 0.29411765
v 0.33293459 -0.80377519 1.19166667 0.27450980 0.27450980 0.29411765
v 0.30811018 -0.80100241 1.16375475 0.27450980 0.27450980 0.29411765
v 0.33458723 -0.79053945 1.17417142 0.27450980 0.27450980 0.29411765
v 0.30157212 -0.79421496 1.17355556 0.27450980 0.27450980 0.29411765
v 0.32804917 -0.78375200 1.18397222 0.27450980 0.27450980 0.29411765
v 0.29690012 -0.79507570 1.18629538 0.27450980 0.27450980 0.29411765
v 0.32337717 -0.78461273 1.19671205 0.27450980 0.27450980 0.29411765
v 0.29587873 -0.80325584 1.19710804 0.27450980 0.27450980 0.29411765
v 0.32235578 -0.79279287 1.20752471 0.27450980 0.27450980 0.29411765
v 0.29889809 -0.81563085 1.20186347 0.27450980 0.27450980 0.29411765
v 0.32537513 -0.80516789 1.21228014 0.27450980 0.27450980 0.29411765
v 0.30480490 -0.82747390 1.19874525 0.27450980 0.27450980 0.29411765
v 0.33128194 -0.81701094 1.20916192 0.27450980 0.27450980 0.29411765
v 0.31134296 -0.83426135 1.18894444 0.27450980 0.27450980 0.29411765
v 0.33782001 -0.82379839 1.19936111 0.27450980 0.27450980 0.29411765
v 0.31601496 -0.83340062 1.17620462 0.27450980 0.27450980 0.29411765
v 0.34249200 -0.82293765 1.18662128 0.27450980 0.27450980 0.29411765
v 0.31703635 -0.82522048 1.16539196 0.27450980 0.27450980 0.29411765
v 0.34351339 -0.81475751 1.17580862 0.27450980 0.27450980 0.29411765
v 0.33293459 -0.80377519 1.19166667 0.27450980 0.27450980 0.29411765
v 0.34049404 -0.80225841 1.17106196 0.27450980 0.27450980 0.29411765
v 0.36661457 -0.79093475 1.18147862 0.27450980 0.27450980 0.29411765
v 0.35905512 -0.79245153 1.20208333 0.27450980 0.27450980 0.29411765
v 0.33422009 -0.79058599 1.17410556 0.27450980 0.27450980 0.29411765
v 0.36034062 -0.77926232 1.18452223 0.27450980 0.27450980 0.29411765
v 0.32745512 -0.78395139 1.18385692 0.27450980 0.27450980 0.29411765
v 0.35357565 -0.77262772 1.19427358 0.27450980 0.27450980 0.29411765
v 0.32278312 -0.78488881 1.19659133 0.27450980 0.27450980 0.29411765
v 0.34890365 -0.77356514 1.20700799 0.27450980 0.27450980 0.29411765
v 0.32198864 -0.79304019 1.20744469 0.27450980 0.27450980 0.29411765
v 0.34810917 -0.78171652 1.21786135 0.27450980 0.27450980 0.29411765
v 0.32537513 -0.80529197 1.21227138 0.27450980 0.27450980 0.29411765
v 0.35149566 -0.79396831 1.22268804 0.27450980 0.27450980 0.29411765
v 0.33164909 -0.81696440 1.20922777 0.27450980 0.27450980 0.29411765
v 0.35776961 -0.80564074 1.21964444 0.27450980 0.27450980 0.29411765
v 0.33841405 -0.82359900 1.19947642 0.27450980 0.27450980 0.29411765
v 0.36453458 -0.81227533 1.20989308 0.27450980 0.27450980 0.29411765
v 0.34308605 -0.82266158 1.18674201 0.27450980 0.27450980 0.29411765
v 0.36920658 -0.81133791 1.19715867 0.27450980 0.27450980 0.29411765
v 0.34388053 -0.81451020 1.17588865 0.27450980 0.27450980 0.29411765
v 0.37000106 -0.80318653 1.18630531 0.27450980 0.27450980 0.29411765
v 0.35905512 -0.79245153 1.20208333 0.27450980 0.27450980 0.29411765
v 0.36661457 -0.79080990 1.18148819 0.27450980 0.27450980 0.29411765
v 0.39235061 -0.77863766 1.19190486 0.27450980 0.27450980 0.29411765
v 0.38479116 -0.78027929 1.21250000 0.27450980 0.27450980 0.29411765
v 0.35997865 -0.77931970 1.18445659 0.27450980 0.27450980 0.29411765
v 0.38571469 -0.76714745 1.19487326 0.27450980 0.27450980 0.29411765
v 0.35298997 -0.77284541 1.19415780 0.27450980 0.27450980 0.29411765
v 0.37872602 -0.76067316 1.20457447 0.27450980 0.27450980 0.29411765
v 0.34831797 -0.77385999 1.20688630 0.27450980 0.27450980 0.29411765
v 0.37405402 -0.76168775 1.21730297 0.27450980 0.27450980 0.29411765
v 0.34774720 -0.78197591 1.21778022 0.27450980 0.27450980 0.29411765
v 0.37348324 -0.76980367 1.22819689 0.27450980 0.27450980 0.29411765
v 0.35149566 -0.79409316 1.22267847 0.27450980 0.27450980 0.29411765
v 0.37723171 -0.78192091 1.23309514 0.27450980 0.27450980 0.29411765
v 0.35813158 -0.80558336 1.21971008 0.27450980 0.27450980 0.29411765
v 0.38386763 -0.79341112 1.23012674 0.27450980 0.27450980 0.29411765
v 0.36512026 -0.81205765 1.21000886 0.27450980 0.27450980 0.29411765
v 0.39085631 -0.79988541 1.22042553 0.27450980 0.27450980 0.29411765
v 0.36979226 -0.81104307 1.19728037 0.27450980 0.27450980 0.29411765
v 0.39552830 -0.79887082 1.20769703 0.27450980 0.27450980 0.29411765
v 0.37036303 -0.80292715 1.18638644 0.27450980 0.27450980 0.29411765
v 0.39609908 -0.79075490 1.19680311 0.27450980 0.27450980 0.29411765
v 0.38479116 -0.78027929 1.21250000 0.27450980 0.27450980 0.29411765
v 0.39235061 -0.77851198 1.19191527 0.27450980 0.27450980 0.29411765
v 0.41767461 -0.76550419 1.20233193 0.27450980 0.27450980 0.29411765
v 0.41011516 -0.76727150 1.22291667 0.27450980 0.27450980 0.29411765
v 0.38535828 -0.76721542 1.19480780 0.27450980 0.27450980 0.29411765
v 0.41068228 -0.75420764 1.20522447 0.27450980 0.27450980 0.29411765
v 0.37814933 -0.76090882 1.20445816 0.27450980 0.27450980 0.29411765
v 0.40347333 -0.74790104 1.21487482 0.27450980 0.27450980 0.29411765
v 0.37347734 -0.76200108 1.21718022 0.27450980 0.27450980 0.29411765
v 0.39880134 -0.74899329 1.22759689 0.27450980 0.27450980 0.29411765
v 0.37312683 -0.77007499 1.22811460 0.27450980 0.27450980 0.29411765
v 0.39845083 -0.75706720 1.23853127 0.27450980 0.27450980 0.29411765
v 0.37723171 -0.78204659 1.23308473 0.27450980 0.27450980 0.29411765
v 0.40255571 -0.76903881 1.24350140 0.27450980 0.27450980 0.29411765
v 0.38422404 -0.79334315 1.23019220 0.27450980 0.27450980 0.29411765
v 0.40954804 -0.78033536 1.24060886 0.27450980 0.27450980 0.29411765
v 0.39143299 -0.79964975 1.22054184 0.27450980 0.27450980 0.29411765
v 0.41675699 -0.78664196 1.23095851 0.27450980 0.27450980 0.29411765
v 0.39610499 -0.79855749 1.20781978 0.27450980 0.27450980 0.29411765
v 0.42142899 -0.78554971 1.21823644 0.27450980 0.27450980 0.29411765
v 0.39645549 -0.79048358 1.19688540 0.27450980 0.27450980 0.29411765
v 0.42177949 -0.77747580 1.20730206 0.27450980 0.27450980 0.29411765
v 0.41011516 -0.76727150 1.22291667 0.27450980 0.27450980 0.29411765
v 0.41767461 -0.76537761 1.20234319 0.27450980 0.27450980 0.29411765
v 0.44255945 -0.75154822 1.21275986 0.27450980 0.27450980 0.29411765
v 0.43500000 -0.75344210 1.23333333 0.27450980 0.27450980 0.29411765
v 0.41033182 -0.75428595 1.20515918 0.27450980 0.27450980 0.29411765
v 0.43521666 -0.74045655 1.21557584 0.27450980 0.27450980 0.29411765
v 0.40290627 -0.74815432 1.21475792 0.27450980 0.27450980 0.29411765
v 0.42779110 -0.73432492 1.22517459 0.27450980 0.27450980 0.29411765
v 0.39823427 -0.74932480 1.22747303 0.27450980 0.27450980 0.29411765
v 0.42311911 -0.73549540 1.23788969 0.27450980 0.27450980 0.29411765
v 0.39810037 -0.75735032 1.23844776 0.27450980 0.27450980 0.29411765
v 0.42298521 -0.74352092 1.24886443 0.27450980 0.27450980 0.29411765
v 0.40255571 -0.76916539 1.24349014 0.27450980 0.27450980 0.29411765
v 0.42744055 -0.75533599 1.25390681 0.27450980 0.27450980 0.29411765
v 0.40989851 -0.78025705 1.24067416 0.27450980 0.27450980 0.29411765
v 0.43478334 -0.76642766 1.25109082 0.27450980 0.27450980 0.29411765
v 0.41732406 -0.78638868 1.23107541 0.27450980 0.27450980 0.29411765
v 0.44220890 -0.77255928 1.24149208 0.27450980 0.27450980 0.29411765
v 0.42199605 -0.78521820 1.21836031 0.27450980 0.27450980 0.29411765
v 0.44688089 -0.77138880 1.22877697 0.27450980 0.27450980 0.29411765
v 0.42212996 -0.77719268 1.20738557 0.27450980 0.27450980 0.29411765
v 0.44701479 -0.76336328 1.21780224 0.27450980 0.27450980 0.29411765
v 0.43500000 -0.75344210 1.23333333 0.27450980 0.27450980 0.29411765
v 0.44255945 -0.75142067 1.21277200 0.27450980 0.27450980 0.29411765
v 0.46697848 -0.73678447 1.22318866 0.27450980 0.27450980 0.29411765
v 0.45941903 -0.73880590 1.24375000 0.27450980 0.27450980 0.29411765
v 0.43487250 -0.74054492 1.21551070 0.27450980 0.27450980 0.29411765
v 0.45929153 -0.72590872 1.22592736 0.27450980 0.27450980 0.29411765
v 0.42723426 -0.73459545 1.22505703 0.27450980 0.27450980 0.29411765
v 0.45165329 -0.71995925 1.23547370 0.27450980 0.27450980 0.29411765
v 0.42256226 -0.73584477 1.23776464 0.27450980 0.27450980 0.29411765
v 0.44698129 -0.72120856 1.24818131 0.27450980 0.27450980 0.29411765
v 0.42264106 -0.74381567 1.24877963 0.27450980 0.27450980 0.29411765
v 0.44706009 -0.72917946 1.25919630 0.27450980 0.27450980 0.29411765
v 0.42744055 -0.75546353 1.25389467 0.27450980 0.27450980 0.29411765
v 0.45185958 -0.74082733 1.26431134 0.27450980 0.27450980 0.29411765
v 0.43512750 -0.76633928 1.25115597 0.27450980 0.27450980 0.29411765
v 0.45954653 -0.75170308 1.26157264 0.27450980 0.27450980 0.29411765
v 0.44276574 -0.77228875 1.24160963 0.27450980 0.27450980 0.29411765
v 0.46718477 -0.75765255 1.25202630 0.27450980 0.27450980 0.29411765
v 0.44743774 -0.77103943 1.22890203 0.27450980 0.27450980 0.29411765
v 0.47185677 -0.75640323 1.23931869 0.27450980 0.27450980 0.29411765
v 0.44735894 -0.76306854 1.21788703 0.27450980 0.27450980 0.29411765
v 0.47177797 -0.74843233 1.22830370 0.27450980 0.27450980 0.29411765
v 0.45941903 -0.73880590 1.24375000 0.27450980 0.27450980 0.29411765
v 0.46697848 -0.73665588 1.22320171 0.27450980 0.27450980 0.29411765
v 0.49090555 -0.72122854 1.23361838 0.27450980 0.27450980 0.29411765
v 0.48334610 -0.72337856 1.25416667 0.27450980 0.27450980 0.29411765
v 0.45895407 -0.72600686 1.22586234 0.27450980 0.27450980 0.29411765
v 0.48288114 -0.71057953 1.23627900 0.27450980 0.27450980 0.29411765
v 0.45110726 -0.72024665 1.23535544 0.27450980 0.27450980 0.29411765
v 0.47503433 -0.70481931 1.24577210 0.27450980 0.27450980 0.29411765
v 0.44643526 -0.72157544 1.24805498 0.27450980 0.27450980 0.29411765
v 0.47036233 -0.70614810 1.25847164 0.27450980 0.27450980 0.29411765
v 0.44672262 -0.72948567 1.25911016 0.27450980 0.27450980 0.29411765
v 0.47064969 -0.71405834 1.26952683 0.27450980 0.27450980 0.29411765
v 0.45185958 -0.74095592 1.26429829 0.27450980 0.27450980 0.29411765
v 0.47578665 -0.72552858 1.27471495 0.27450980 0.27450980 0.29411765
v 0.45988399 -0.75160493 1.26163766 0.27450980 0.27450980 0.29411765
v 0.48381106 -0.73617760 1.27205433 0.27450980 0.27450980 0.29411765
v 0.46773080 -0.75736515 1.25214456 0.27450980 0.27450980 0.29411765
v 0.49165788 -0.74193781 1.26256123 0.27450980 0.27450980 0.29411765
v 0.47240280 -0.75603636 1.23944502 0.27450980 0.27450980 0.29411765
v 0.49632987 -0.74060903 1.24986169 0.27450980 0.27450980 0.29411765
v 0.47211544 -0.74812612 1.22838984 0.27450980 0.27450980 0.29411765
v 0.49604251 -0.73269879 1.23880650 0.27450980 0.27450980 0.29411765
v 0.48334610 -0.72337856 1.25416667 0.27450980 0.27450980 0.29411765
v 0.49090555 -0.72109883 1.23363237 0.27450980 0.27450980 0.29411765
v 0.51431505 -0.70489689 1.24404903 0.27450980 0.27450980 0.29411765
v 0.50675560 -0.70717662 1.26458333 0.27450980 0.27450980 0.29411765
v 0.48255072 -0.71068715 1.23621408 0.27450980 0.27450980 0.29411765
v 0.50596022 -0.69448521 1.24663074 0.27450980 0.27450980 0.29411765
v 0.47449970 -0.70512316 1.24565307 0.27450980 0.27450980 0.29411765
v 0.49790919 -0.68892121 1.25606973 0.27450980 0.27450980 0.29411765
v 0.46982770 -0.70653211 1.25834396 0.27450980 0.27450980 0.29411765
v 0.49323720 -0.69033016 1.26876063 0.27450980 0.27450980 0.29411765
v 0.47031927 -0.71437583 1.26943927 0.27450980 0.27450980 0.29411765
v 0.49372877 -0.69817388 1.27985594 0.27450980 0.27450980 0.29411765
v 0.47578665 -0.72565829 1.27470097 0.27450980 0.27450980 0.29411765
v 0.49919614 -0.70945634 1.28511763 0.27450980 0.27450980 0.29411765
v 0.48414148 -0.73606997 1.27211926 0.27450980 0.27450980 0.29411765
v 0.50755098 -0.71986803 1.28253592 0.27450980 0.27450980 0.29411765
v 0.49219250 -0.74163397 1.26268027 0.27450980 0.27450980 0.29411765
v 0.51560200 -0.72543202 1.27309693 0.27450980 0.27450980 0.29411765
v 0.49686450 -0.74022502 1.24998937 0.27450980 0.27450980 0.29411765
v 0.52027400 -0.72402307 1.26040604 0.27450980 0.27450980 0.29411765
v 0.49637293 -0.73238129 1.23889406 0.27450980 0.27450980 0.29411765
v 0.51978242 -0.71617935 1.24931073 0.27450980 0.27450980 0.29411765
v 0.50675560 -0.70717662 1.26458333 0.27450980 0.27450980 0.29411765
v 0.51431505 -0.70476599 1.24406399 0.27450980 0.27450980 0.29411765
v 0.53718189 -0.68780678 1.25448065 0.27450980 0.27450980 0.29411765
v 0.52962244 -0.69021741 1.27500000 0.27450980 0.27450980 0.29411765
v 0.50563720 -0.69460199 1.24656590 0.27450980 0.27450980 0.29411765
v 0.52850405 -0.67764278 1.25698257 0.27450980 0.27450980 0.29411765
v 0.49738654 -0.68924107 1.25594986 0.27450980 0.27450980 0.29411765
v 0.52025339 -0.67228186 1.26636653 0.27450980 0.27450980 0.29411765
v 0.49271454 -0.69073092 1.26863152 0.27450980 0.27450980 0.29411765
v 0.51558139 -0.67377171 1.27904818 0.27450980 0.27450980 0.29411765
v 0.49340575 -0.69850247 1.27976690 0.27450980 0.27450980 0.29411765
v 0.51627260 -0.68154326 1.29018357 0.27450980 0.27450980 0.29411765
v 0.49919614 -0.70958724 1.28510268 0.27450980 0.27450980 0.29411765
v 0.52206299 -0.69262804 1.29551935 0.27450980 0.27450980 0.29411765
v 0.50787399 -0.71975125 1.28260077 0.27450980 0.27450980 0.29411765
v 0.53074084 -0.70279204 1.29301743 0.27450980 0.27450980 0.29411765
v 0.51612465 -0.72511217 1.27321680 0.27450980 0.27450980 0.29411765
v 0.53899150 -0.70815296 1.28363347 0.27450980 0.27450980 0.29411765
v 0.52079665 -0.72362232 1.26053515 0.27450980 0.27450980 0.29411765
v 0.54366350 -0.70666311 1.27095182 0.27450980 0.27450980 0.29411765
v 0.52010544 -0.71585077 1.24939977 0.27450980 0.27450980 0.29411765
v 0.54297229 -0.69889156 1.25981643 0.27450980 0.27450980 0.29411765
v 0.52962244 -0.69021741 1.27500000 0.27450980 0.27450980 0.29411765
v 0.53718189 -0.68767460 1.25449661 0.27450980 0.27450980 0.29411765
v 0.55948161 -0.66997629 1.26491328 0.27450980 0.27450980 0.29411765
v 0.55192216 -0.67251909 1.28541667 0.27450980 0.27450980 0.29411765
v 0.52818877 -0.67776838 1.25691779 0.27450980 0.27450980 0.29411765
v 0.55048849 -0.66007007 1.26733446 0.27450980 0.27450980 0.29411765
v 0.51974327 -0.67261726 1.26624576 0.27450980 0.27450980 0.29411765
v 0.54204298 -0.65491895 1.27666242 0.27450980 0.27450980 0.29411765
v 0.51507127 -0.67418880 1.27891754 0.27450980 0.27450980 0.29411765
v 0.53737098 -0.65649049 1.28933421 0.27450980 0.27450980 0.29411765
v 0.51595733 -0.68188272 1.29009297 0.27450980 0.27450980 0.29411765
v 0.53825704 -0.66418441 1.30050963 0.27450980 0.27450980 0.29411765
v 0.52206299 -0.69276021 1.29550339 0.27450980 0.27450980 0.29411765
v 0.54436271 -0.67506190 1.30592005 0.27450980 0.27450980 0.29411765
v 0.53105611 -0.70266643 1.29308221 0.27450980 0.27450980 0.29411765
v 0.55335583 -0.68496812 1.30349888 0.27450980 0.27450980 0.29411765
v 0.53950162 -0.70781755 1.28375424 0.27450980 0.27450980 0.29411765
v 0.56180133 -0.69011924 1.29417091 0.27450980 0.27450980 0.29411765
v 0.54417362 -0.70624601 1.27108246 0.27450980 0.27450980 0.29411765
v 0.56647333 -0.68854770 1.28149912 0.27450980 0.27450980 0.29411765
v 0.54328756 -0.69855209 1.25990703 0.27450980 0.27450980 0.29411765
v 0.56558728 -0.68085378 1.27032370 0.27450980 0.27450980 0.29411765
v 0.55192216 -0.67251909 1.28541667 0.27450980 0.27450980 0.29411765
v 0.55948161 -0.66984276 1.26493028 0.27450980 0.27450980 0.29411765
v 0.58119031 -0.65142430 1.27534695 0.27450980 0.27450980 0.29411765
v 0.57363086 -0.65410063 1.29583333 0.27450980 0.27450980 0.29411765
v 0.55018130 -0.66020415 1.26726972 0.27450980 0.27450980 0.29411765
v 0.57189000 -0.64178569 1.27768639 0.27450980 0.27450980 0.29411765
v 0.54154594 -0.65526943 1.27654068 0.27450980 0.27450980 0.29411765
v 0.56325464 -0.63685096 1.28695735 0.27450980 0.27450980 0.29411765
v 0.53687394 -0.65692349 1.28920196 0.27450980 0.27450980 0.29411765
v 0.55858265 -0.63850503 1.29961863 0.27450980 0.27450980 0.29411765
v 0.53794985 -0.66453455 1.30041739 0.27450980 0.27450980 0.29411765
v 0.55965855 -0.64611609 1.31083406 0.27450980 0.27450980 0.29411765
v 0.54436271 -0.67519543 1.30590305 0.27450980 0.27450980 0.29411765
v 0.56607141 -0.65677697 1.31631972 0.27450980 0.27450980 0.29411765
v 0.55366301 -0.68483404 1.30356361 0.27450980 0.27450980 0.29411765
v 0.57537171 -0.66641558 1.31398028 0.27450980 0.27450980 0.29411765
v 0.56229837 -0.68976876 1.29429265 0.27450980 0.27450980 0.29411765
v 0.58400707 -0.67135030 1.30470932 0.27450980 0.27450980 0.29411765
v 0.56697037 -0.68811470 1.28163137 0.27450980 0.27450980 0.29411765
v 0.58867907 -0.66969623 1.29204804 0.27450980 0.27450980 0.29411765
v 0.56589446 -0.68050364 1.27041594 0.27450980 0.27450980 0.29411765
v 0.58760316 -0.66208518 1.28083261 0.27450980 0.27450980 0.29411765
v 0.57363086 -0.65410063 1.29583333 0.27450980 0.27450980 0.29411765
v 0.58119031 -0.65128933 1.27536503 0.27450980 0.27450980 0.29411765
v 0.60228475 -0.63217044 1.28578170 0.27450980 0.27450980 0.29411765
v 0.59472530 -0.63498174 1.30625000 0.27450980 0.27450980 0.29411765
v 0.57159123 -0.64192788 1.27762169 0.27450980 0.27450980 0.29411765
v 0.59268567 -0.62280899 1.28803835 0.27450980 0.27450980 0.29411765
v 0.56277122 -0.63721601 1.28683457 0.27450980 0.27450980 0.29411765
v 0.58386566 -0.61809712 1.29725124 0.27450980 0.27450980 0.29411765
v 0.55809922 -0.63895349 1.29948468 0.27450980 0.27450980 0.29411765
v 0.57919366 -0.61983460 1.30990134 0.27450980 0.27450980 0.29411765
v 0.55935978 -0.64647667 1.31074009 0.27450980 0.27450980 0.29411765
v 0.58045422 -0.62735778 1.32115676 0.27450980 0.27450980 0.29411765
v 0.56607141 -0.65691194 1.31630163 0.27450980 0.27450980 0.29411765
v 0.58716585 -0.63779305 1.32671830 0.27450980 0.27450980 0.29411765
v 0.57567049 -0.66627338 1.31404498 0.27450980 0.27450980 0.29411765
v 0.59676493 -0.64715450 1.32446165 0.27450980 0.27450980 0.29411765
v 0.58449050 -0.67098525 1.30483210 0.27450980 0.27450980 0.29411765
v 0.60558495 -0.65186637 1.31524876 0.27450980 0.27450980 0.29411765
v 0.58916250 -0.66924777 1.29218199 0.27450980 0.27450980 0.29411765
v 0.61025694 -0.65012888 1.30259866 0.27450980 0.27450980 0.29411765
v 0.58790194 -0.66172460 1.28092658 0.27450980 0.27450980 0.29411765
v 0.60899638 -0.64260571 1.29134324 0.27450980 0.27450980 0.29411765
v 0.59472530 -0.63498174 1.30625000 0.27450980 0.27450980 0.29411765
v 0.60228475 -0.63203394 1.28580091 0.27450980 0.27450980 0.29411765
v 0.62274235 -0.61223510 1.29621758 0.27450980 0.27450980 0.29411765
v 0.61518290 -0.61518290 1.31666667 0.27450980 0.27450980 0.29411765
v 0.59239563 -0.62295892 1.28797367 0.27450980 0.27450980 0.29411765
v 0.61285323 -0.60316008 1.29839033 0.27450980 0.27450980 0.29411765
v 0.58339636 -0.61847621 1.29712736 0.27450980 0.27450980 0.29411765
v 0.60385396 -0.59867737 1.30754402 0.27450980 0.27450980 0.29411765
v 0.57872437 -0.62029806 1.30976559 0.27450980 0.27450980 0.29411765
v 0.59918196 -0.60049921 1.32018225 0.27450980 0.27450980 0.29411765
v 0.58016418 -0.62772857 1.32106098 0.27450980 0.27450980 0.29411765
v 0.60062178 -0.60792973 1.33147765 0.27450980 0.27450980 0.29411765
v 0.58716585 -0.63792955 1.32669909 0.27450980 0.27450980 0.29411765
v 0.60762345 -0.61813070 1.33711575 0.27450980 0.27450980 0.29411765
v 0.59705497 -0.64700456 1.32452633 0.27450980 0.27450980 0.29411765
v 0.61751257 -0.62720572 1.33494300 0.27450980 0.27450980 0.29411765
v 0.60605424 -0.65148727 1.31537264 0.27450980 0.27450980 0.29411765
v 0.62651184 -0.63168843 1.32578931 0.27450980 0.27450980 0.29411765
v 0.61072624 -0.64966543 1.30273441 0.27450980 0.27450980 0.29411765
v 0.63118384 -0.62986659 1.31315108 0.27450980 0.27450980 0.29411765
v 0.60928642 -0.64223492 1.29143902 0.27450980 0.27450980 0.29411765
v 0.62974402 -0.62243607 1.30185568 0.27450980 0.27450980 0.29411765
v 0.61518290 -0.61518290 1.31666667 0.27450980 0.27450980 0.29411765
v 0.62274235 -0.61209698 1.29623797 0.27450980 0.27450980 0.29411765
v 0.64254119 -0.59163938 1.30665463 0.27450980 0.27450980 0.29411765
v 0.63498174 -0.59472530 1.32708333 0.27450980 0.27450980 0.29411765
v 0.61257223 -0.60331735 1.29832564 0.27450980 0.27450980 0.29411765
v 0.63237107 -0.58285976 1.30874231 0.27450980 0.27450980 0.29411765
v 0.60339930 -0.59906996 1.30741896 0.27450980 0.27450980 0.29411765
v 0.62319814 -0.57861237 1.31783563 0.27450980 0.27450980 0.29411765
v 0.59872730 -0.60097717 1.32004460 0.27450980 0.27450980 0.29411765
v 0.61852614 -0.58051957 1.33046126 0.27450980 0.27450980 0.29411765
v 0.60034078 -0.60831048 1.33137997 0.27450980 0.27450980 0.29411765
v 0.62013962 -0.58785288 1.34179664 0.27450980 0.27450980 0.29411765
v 0.60762345 -0.61826882 1.33709537 0.27450980 0.27450980 0.29411765
v 0.62742229 -0.59781123 1.34751203 0.27450980 0.27450980 0.29411765
v 0.61779357 -0.62704845 1.33500769 0.27450980 0.27450980 0.29411765
v 0.63759241 -0.60659085 1.34542436 0.27450980 0.27450980 0.29411765
v 0.62696650 -0.63129584 1.32591437 0.27450980 0.27450980 0.29411765
v 0.64676535 -0.61083824 1.33633104 0.27450980 0.27450980 0.29411765
v 0.63163850 -0.62938863 1.31328874 0.27450980 0.27450980 0.29411765
v 0.65143734 -0.60893103 1.32370540 0.27450980 0.27450980 0.29411765
v 0.63002502 -0.62205532 1.30195336 0.27450980 0.27450980 0.29411765
v 0.64982386 -0.60159772 1.31237003 0.27450980 0.27450980 0.29411765
v 0.63498174 -0.59472530 1.32708333 0.27450980 0.27450980 0.29411765
v 0.64254119 -0.59149955 1.30667625 0.27450980 0.27450980 0.29411765
v 0.66166008 -0.57040510 1.31709291 0.27450980 0.27450980 0.29411765
v 0.65410063 -0.57363086 1.33750000 0.27450980 0.27450980 0.29411765
v 0.63209942 -0.58302397 1.30867760 0.27450980 0.27450980 0.29411765
v 0.65121831 -0.56192952 1.31909427 0.27450980 0.27450980 0.29411765
v 0.62275860 -0.57901790 1.31770932 0.27450980 0.27450980 0.29411765
v 0.64187748 -0.55792345 1.32812599 0.27450980 0.27450980 0.29411765
v 0.61808660 -0.58101152 1.33032159 0.27450980 0.27450980 0.29411765
v 0.63720549 -0.55991708 1.34073826 0.27450980 0.27450980 0.29411765
v 0.61986797 -0.58824335 1.34169696 0.27450980 0.27450980 0.29411765
v 0.63898686 -0.56714890 1.35211363 0.27450980 0.27450980 0.29411765
v 0.62742229 -0.59795106 1.34749042 0.27450980 0.27450980 0.29411765
v 0.64654118 -0.57685661 1.35790709 0.27450980 0.27450980 0.29411765
v 0.63786407 -0.60642664 1.34548906 0.27450980 0.27450980 0.29411765
v 0.65698296 -0.58533220 1.35590573 0.27450980 0.27450980 0.29411765
v 0.64720489 -0.61043271 1.33645735 0.27450980 0.27450980 0.29411765
v 0.66632378 -0.58933826 1.34687401 0.27450980 0.27450980 0.29411765
v 0.65187689 -0.60843908 1.32384507 0.27450980 0.27450980 0.29411765
v 0.67099578 -0.58734464 1.33426174 0.27450980 0.27450980 0.29411765
v 0.65009552 -0.60120726 1.31246970 0.27450980 0.27450980 0.29411765
v 0.66921440 -0.58011281 1.32288637 0.27450980 0.27450980 0.29411765
v 0.65410063 -0.57363086 1.33750000 0.27450980 0.27450980 0.29411765
v 0.66166008 -0.57026346 1.31711581 0.27450980 0.27450980 0.29411765
v 0.68007855 -0.54855476 1.32753247 0.27450980 0.27450980 0.29411765
v 0.67251909 -0.55192216 1.34791667 0.27450980 0.27450980 0.29411765
v 0.65095629 -0.56210025 1.31902953 0.27450980 0.27450980 0.29411765
v 0.66937475 -0.54039155 1.32944620 0.27450980 0.27450980 0.29411765
v 0.64145353 -0.55834134 1.32799835 0.27450980 0.27450980 0.29411765
v 0.65987199 -0.53663264 1.33841502 0.27450980 0.27450980 0.29411765
v 0.63678153 -0.56042250 1.34059647 0.27450980 0.27450980 0.29411765
v 0.65519999 -0.53871380 1.35101314 0.27450980 0.27450980 0.29411765
v 0.63872484 -0.56754881 1.35201185 0.27450980 0.27450980 0.29411765
v 0.65714330 -0.54584011 1.36242852 0.27450980 0.27450980 0.29411765
v 0.64654118 -0.57699826 1.35788419 0.27450980 0.27450980 0.29411765
v 0.66495964 -0.55528956 1.36830086 0.27450980 0.27450980 0.29411765
v 0.65724497 -0.58516147 1.35597047 0.27450980 0.27450980 0.29411765
v 0.67566344 -0.56345277 1.36638713 0.27450980 0.27450980 0.29411765
v 0.66674773 -0.58892038 1.34700165 0.27450980 0.27450980 0.29411765
v 0.68516620 -0.56721168 1.35741832 0.27450980 0.27450980 0.29411765
v 0.67141973 -0.58683921 1.33440353 0.27450980 0.27450980 0.29411765
v 0.68983819 -0.56513051 1.34482019 0.27450980 0.27450980 0.29411765
v 0.66947642 -0.57971290 1.32298815 0.27450980 0.27450980 0.29411765
v 0.68789488 -0.55800420 1.33340482 0.27450980 0.27450980 0.29411765
v 0.67251909 -0.55192216 1.34791667 0.27450980 0.27450980 0.29411765
v 0.68007855 -0.54841120 1.32755671 0.27450980 0.27450980 0.29411765
v 0.69777686 -0.52611149 1.33797338 0.27450980 0.27450980 0.29411765
v 0.69021741 -0.52962244 1.35833333 0.27450980 0.27450980 0.29411765
v 0.66912265 -0.54056835 1.32938143 0.27450980 0.27450980 0.29411765
v 0.68682096 -0.51826863 1.33979809 0.27450980 0.27450980 0.29411765
v 0.65946408 -0.53706226 1.33828597 0.27450980 0.27450980 0.29411765
v 0.67716239 -0.51476255 1.34870264 0.27450980 0.27450980 0.29411765
v 0.65479208 -0.53923216 1.35086912 0.27450980 0.27450980 0.29411765
v 0.67249040 -0.51693244 1.36128579 0.27450980 0.27450980 0.29411765
v 0.65689120 -0.54624920 1.36232453 0.27450980 0.27450980 0.29411765
v 0.67458951 -0.52394948 1.37274120 0.27450980 0.27450980 0.29411765
v 0.66495964 -0.55543312 1.36827662 0.27450980 0.27450980 0.29411765
v 0.68265795 -0.53313340 1.37869329 0.27450980 0.27450980 0.29411765
v 0.67591554 -0.56327597 1.36645191 0.27450980 0.27450980 0.29411765
v 0.69361385 -0.54097625 1.37686857 0.27450980 0.27450980 0.29411765
v 0.68557411 -0.56678205 1.35754736 0.27450980 0.27450980 0.29411765
v 0.70327242 -0.54448234 1.36796403 0.27450980 0.27450980 0.29411765
v 0.69024610 -0.56461216 1.34496421 0.27450980 0.27450980 0.29411765
v 0.70794442 -0.54231245 1.35538088 0.27450980 0.27450980 0.29411765
v 0.68814699 -0.55759512 1.33350880 0.27450980 0.27450980 0.29411765
v 0.70584530 -0.53529540 1.34392547 0.27450980 0.27450980 0.29411765
v 0.69021741 -0.52962244 1.35833333 0.27450980 0.27450980 0.29411765
v 0.69777686 -0.52596591 1.33799902 0.27450980 0.27450980 0.29411765
v 0.71473607 -0.50309906 1.34841568 0.27450980 0.27450980 0.29411765
v 0.70717662 -0.50675560 1.36875000 0.27450980 0.27450980 0.29411765
v 0.68657905 -0.51845106 1.33973327 0.27450980 0.27450980 0.29411765
v 0.70353826 -0.49558421 1.35014993 0.27450980 0.27450980 0.29411765
v 0.67677097 -0.51520330 1.34857211 0.27450980 0.27450980 0.29411765
v 0.69373018 -0.49233645 1.35898878 0.27450980 0.27450980 0.29411765
v 0.67209897 -0.51746316 1.36113941 0.27450980 0.27450980 0.29411765
v 0.68905818 -0.49459631 1.37155608 0.27450980 0.27450980 0.29411765
v 0.67434760 -0.52436746 1.37263488 0.27450980 0.27450980 0.29411765
v 0.69130681 -0.50150061 1.38305155 0.27450980 0.27450980 0.29411765
v 0.68265795 -0.53327898 1.37866765 0.27450980 0.27450980 0.29411765
v 0.69961716 -0.51041213 1.38908432 0.27450980 0.27450980 0.29411765
v 0.69385577 -0.54079383 1.37693340 0.27450980 0.27450980 0.29411765
v 0.71081497 -0.51792698 1.38735007 0.27450980 0.27450980 0.29411765
v 0.70366385 -0.54404159 1.36809456 0.27450980 0.27450980 0.29411765
v 0.72062306 -0.52117474 1.37851122 0.27450980 0.27450980 0.29411765
v 0.70833584 -0.54178172 1.35552726 0.27450980 0.27450980 0.29411765
v 0.72529505 -0.51891488 1.36594392 0.27450980 0.27450980 0.29411765
v 0.70608721 -0.53487743 1.34403178 0.27450980 0.27450980 0.29411765
v 0.72304642 -0.51201058 1.35444845 0.27450980 0.27450980 0.29411765
v 0.70717662 -0.50675560 1.36875000 0.27450980 0.27450980 0.29411765
v 0.71473607 -0.50295135 1.34844280 0.27450980 0.27450980 0.29411765
v 0.73093801 -0.47954186 1.35885947 0.27450980 0.27450980 0.29411765
v 0.72337856 -0.48334610 1.37916667 0.27450980 0.27450980 0.29411765
v 0.70330679 -0.49577179 1.35008505 0.27450980 0.27450980 0.29411765
v 0.71950873 -0.47236230 1.36050172 0.27450980 0.27450980 0.29411765
v 0.69335565 -0.49278767 1.35885668 0.27450980 0.27450980 0.29411765
v 0.70955759 -0.46937818 1.36927334 0.27450980 0.27450980 0.29411765
v 0.68868365 -0.49513882 1.37140722 0.27450980 0.27450980 0.29411765
v 0.70488560 -0.47172933 1.38182388 0.27450980 0.27450980 0.29411765
v 0.69107534 -0.50192719 1.38294279 0.27450980 0.27450980 0.29411765
v 0.70727728 -0.47851770 1.39335946 0.27450980 0.27450980 0.29411765
v 0.69961716 -0.51055984 1.38905720 0.27450980 0.27450980 0.29411765
v 0.71581911 -0.48715035 1.39947387 0.27450980 0.27450980 0.29411765
v 0.71104645 -0.51773940 1.38741495 0.27450980 0.27450980 0.29411765
v 0.72724839 -0.49432991 1.39783162 0.27450980 0.27450980 0.29411765
v 0.72099758 -0.52072352 1.37864332 0.27450980 0.27450980 0.29411765
v 0.73719953 -0.49731403 1.38905999 0.27450980 0.27450980 0.29411765
v 0.72566958 -0.51837237 1.36609278 0.27450980 0.27450980 0.29411765
v 0.74187153 -0.49496287 1.37650945 0.27450980 0.27450980 0.29411765
v 0.72327790 -0.51158400 1.35455721 0.27450980 0.27450980 0.29411765
v 0.73947984 -0.48817451 1.36497388 0.27450980 0.27450980 0.29411765
v 0.72337856 -0.48334610 1.37916667 0.27450980 0.27450980 0.29411765
v 0.73093801 -0.47939190 1.35888813 0.27450980 0.27450980 0.29411765
v 0.74636535 -0.45546483 1.36930480 0.27450980 0.27450980 0.29411765
v 0.73880590 -0.45941903 1.38958333 0.27450980 0.27450980 0.29411765
v 0.71928795 -0.47255455 1.36043676 0.27450980 0.27450980 0.29411765
v 0.73471529 -0.44862747 1.37085343 0.27450980 0.27450980 0.29411765
v 0.70920037 -0.46983920 1.36913958 0.27450980 0.27450980 0.29411765
v 0.72462770 -0.44591213 1.37955625 0.27450980 0.27450980 0.29411765
v 0.70452837 -0.47228304 1.38167241 0.27450980 0.27450980 0.29411765
v 0.71995570 -0.44835596 1.39208907 0.27450980 0.27450980 0.29411765
v 0.70705650 -0.47895258 1.39324812 0.27450980 0.27450980 0.29411765
v 0.72248384 -0.45502551 1.40366479 0.27450980 0.27450980 0.29411765
v 0.71581911 -0.48730031 1.39944520 0.27450980 0.27450980 0.29411765
v 0.73124645 -0.46337323 1.40986187 0.27450980 0.27450980 0.29411765
v 0.72746917 -0.49413766 1.39789657 0.27450980 0.27450980 0.29411765
v 0.74289651 -0.47021059 1.40831324 0.27450980 0.27450980 0.29411765
v 0.73755676 -0.49685300 1.38919375 0.27450980 0.27450980 0.29411765
v 0.75298409 -0.47292593 1.39961042 0.27450980 0.27450980 0.29411765
v 0.74222876 -0.49440917 1.37666093 0.27450980 0.27450980 0.29411765
v 0.75765609 -0.47048210 1.38707759 0.27450980 0.27450980 0.29411765
v 0.73970062 -0.48773962 1.36508521 0.27450980 0.27450980 0.29411765
v 0.75512796 -0.46381255 1.37550188 0.27450980 0.27450980 0.29411765
v 0.73880590 -0.45941903 1.38958333 0.27450980 0.27450980 0.29411765
v 0.74636535 -0.45531250 1.36933510 0.27450980 0.27450980 0.29411765
v 0.76100155 -0.43089347 1.37975176 0.27450980 0.27450980 0.29411765
v 0.75344210 -0.43500000 1.40000000 0.27450980 0.27450980 0.29411765
v 0.73450544 -0.44882390 1.37078841 0.27450980 0.27450980 0.29411765
v 0.74914164 -0.42440487 1.38120507 0.27450980 0.27450980 0.29411765
v 0.72428816 -0.44638228 1.37942074 0.27450980 0.27450980 0.29411765
v 0.73892436 -0.42196325 1.38983741 0.27450980 0.27450980 0.29411765
v 0.71961616 -0.44892025 1.39193484 0.27450980 0.27450980 0.29411765
v 0.73425236 -0.42450122 1.40235151 0.27450980 0.27450980 0.29411765
v 0.72227399 -0.45546840 1.40355074 0.27450980 0.27450980 0.29411765
v 0.73691019 -0.43104937 1.41396741 0.27450980 0.27450980 0.29411765
v 0.73124645 -0.46352556 1.40983157 0.27450980 0.27450980 0.29411765
v 0.74588265 -0.43910653 1.42024824 0.27450980 0.27450980 0.29411765
v 0.74310636 -0.47001416 1.40837826 0.27450980 0.27450980 0.29411765
v 0.75774256 -0.44559513 1.41879493 0.27450980 0.27450980 0.29411765
v 0.75332364 -0.47245579 1.39974592 0.27450980 0.27450980 0.29411765
v 0.76795984 -0.44803675 1.41016259 0.27450980 0.27450980 0.29411765
v 0.75799564 -0.46991781 1.38723183 0.27450980 0.27450980 0.29411765
v 0.77263184 -0.44549878 1.39764849 0.27450980 0.27450980 0.29411765
v 0.75533781 -0.46336966 1.37561592 0.27450980 0.27450980 0.29411765
v 0.76997401 -0.43895063 1.38603259 0.27450980 0.27450980 0.29411765
v 0.75344210 -0.43500000 1.40000000 0.27450980 0.27450980 0.29411765
v 0.76100155 -0.43073865 1.37978378 0.27450980 0.27450980 0.29411765
v 0.77483095 -0.40585381 1.39020045 0.27450980 0.27450980 0.29411765
v 0.76727150 -0.41011516 1.41041667 0.27450980 0.27450980 0.29411765
v 0.74894295 -0.42460495 1.38113998 0.27450980 0.27450980 0.29411765
v 0.76277235 -0.39972011 1.39155664 0.27450980 0.27450980 0.29411765
v 0.73860287 -0.42244180 1.38970006 0.27450980 0.27450980 0.29411765
v 0.75243226 -0.39755696 1.40011673 0.27450980 0.27450980 0.29411765
v 0.73393087 -0.42507546 1.40219437 0.27450980 0.27450980 0.29411765
v 0.74776027 -0.40019062 1.41261104 0.27450980 0.27450980 0.29411765
v 0.73671150 -0.43149996 1.41385051 0.27450980 0.27450980 0.29411765
v 0.75054090 -0.40661512 1.42426718 0.27450980 0.27450980 0.29411765
v 0.74588265 -0.43926135 1.42021622 0.27450980 0.27450980 0.29411765
v 0.75971205 -0.41437651 1.43063289 0.27450980 0.27450980 0.29411765
v 0.75794126 -0.44539505 1.41886002 0.27450980 0.27450980 0.29411765
v 0.77177065 -0.42051021 1.42927669 0.27450980 0.27450980 0.29411765
v 0.76828134 -0.44755820 1.41029994 0.27450980 0.27450980 0.29411765
v 0.78211074 -0.42267336 1.42071661 0.27450980 0.27450980 0.29411765
v 0.77295333 -0.44492454 1.39780563 0.27450980 0.27450980 0.29411765
v 0.78678273 -0.42003970 1.40822229 0.27450980 0.27450980 0.29411765
v 0.77017270 -0.43850004 1.38614949 0.27450980 0.27450980 0.29411765
v 0.78400210 -0.41361521 1.39656616 0.27450980 0.27450980 0.29411765
v 0.76727150 -0.41011516 1.41041667 0.27450980 0.27450980 0.29411765
v 0.77483095 -0.40569637 1.39023427 0.27450980 0.27450980 0.29411765
v 0.78783874 -0.38037237 1.40065094 0.27450980 0.27450980 0.29411765
v 0.78027929 -0.38479116 1.42083333 0.27450980 0.27450980 0.29411765
v 0.76258502 -0.39992332 1.39149147 0.27450980 0.27450980 0.29411765
v 0.77559280 -0.37459932 1.40190813 0.27450980 0.27450980 0.29411765
v 0.75212916 -0.39804320 1.39997744 0.27450980 0.27450980 0.29411765
v 0.76513695 -0.37271920 1.41039411 0.27450980 0.27450980 0.29411765
v 0.74745716 -0.40077417 1.41245085 0.27450980 0.27450980 0.29411765
v 0.76046495 -0.37545017 1.42286751 0.27450980 0.27450980 0.29411765
v 0.75035357 -0.40707308 1.42414726 0.27450980 0.27450980 0.29411765
v 0.76336135 -0.38174907 1.43456393 0.27450980 0.27450980 0.29411765
v 0.75971205 -0.41453395 1.43059906 0.27450980 0.27450980 0.29411765
v 0.77271983 -0.38920995 1.44101573 0.27450980 0.27450980 0.29411765
v 0.77195798 -0.42030700 1.42934187 0.27450980 0.27450980 0.29411765
v 0.78496577 -0.39498300 1.43975853 0.27450980 0.27450980 0.29411765
v 0.78241384 -0.42218712 1.42085589 0.27450980 0.27450980 0.29411765
v 0.79542163 -0.39686312 1.43127256 0.27450980 0.27450980 0.29411765
v 0.78708584 -0.41945615 1.40838249 0.27450980 0.27450980 0.29411765
v 0.80009362 -0.39413215 1.41879915 0.27450980 0.27450980 0.29411765
v 0.78418943 -0.41315725 1.39668607 0.27450980 0.27450980 0.29411765
v 0.79719722 -0.38783325 1.40710274 0.27450980 0.27450980 0.29411765
v 0.78027929 -0.38479116 1.42083333 0.27450980 0.27450980 0.29411765
v 0.78783874 -0.38021216 1.40068669 0.27450980 0.27450980 0.29411765
v 0.80001098 -0.35447611 1.41110335 0.27450980 0.27450980 0.29411765
v 0.79245153 -0.35905512 1.43125000 0.27450980 0.27450980 0.29411765
v 0.77541704 -0.37480510 1.40184288 0.27450980 0.27450980 0.29411765
v 0.78758928 -0.34906906 1.41225955 0.27450980 0.27450980 0.29411765
v 0.76485256 -0.37321238 1.41025279 0.27450980 0.27450980 0.29411765
v 0.77702480 -0.34747634 1.42066945 0.27450980 0.27450980 0.29411765
v 0.76018056 -0.37604236 1.42270410 0.27450980 0.27450980 0.29411765
v 0.77235280 -0.35030632 1.43312077 0.27450980 0.27450980 0.29411765
v 0.76318559 -0.38221409 1.43444084 0.27450980 0.27450980 0.29411765
v 0.77535783 -0.35647804 1.44485751 0.27450980 0.27450980 0.29411765
v 0.77271983 -0.38937016 1.44097998 0.27450980 0.27450980 0.29411765
v 0.78489208 -0.36363412 1.45139665 0.27450980 0.27450980 0.29411765
v 0.78514153 -0.39477722 1.43982378 0.27450980 0.27450980 0.29411765
v 0.79731377 -0.36904117 1.45024045 0.27450980 0.27450980 0.29411765
v 0.79570601 -0.39636994 1.43141388 0.27450980 0.27450980 0.29411765
v 0.80787826 -0.37063389 1.44183055 0.27450980 0.27450980 0.29411765
v 0.80037801 -0.39353996 1.41896257 0.27450980 0.27450980 0.29411765
v 0.81255025 -0.36780391 1.42937923 0.27450980 0.27450980 0.29411765
v 0.79737298 -0.38736823 1.40722582 0.27450980 0.27450980 0.29411765
v 0.80954522 -0.36163219 1.41764249 0.27450980 0.27450980 0.29411765
v 0.79245153 -0.35905512 1.43125000 0.27450980 0.27450980 0.29411765
v 0.80001098 -0.35431299 1.41114112 0.27450980 0.27450980 0.29411765
v 0.81133464 -0.32819246 1.42155779 0.27450980 0.27450980 0.29411765
v 0.80377519 -0.33293459 1.44166667 0.27450980 0.27450980 0.29411765
v 0.78742528 -0.34927686 1.41219423 0.27450980 0.27450980 0.29411765
v 0.79874894 -0.32315633 1.42261089 0.27450980 0.27450980 0.29411765
v 0.77675943 -0.34797569 1.42052599 0.27450980 0.27450980 0.29411765
v 0.78808310 -0.32185516 1.43094265 0.27450980 0.27450980 0.29411765
v 0.77208743 -0.35090648 1.43295396 0.27450980 0.27450980 0.29411765
v 0.78341110 -0.32478595 1.44337062 0.27450980 0.27450980 0.29411765
v 0.77519383 -0.35694978 1.44473107 0.27450980 0.27450980 0.29411765
v 0.78651749 -0.33082925 1.45514774 0.27450980 0.27450980 0.29411765
v 0.78489208 -0.36379724 1.45135888 0.27450980 0.27450980 0.29411765
v 0.79621574 -0.33767671 1.46177554 0.27450980 0.27450980 0.29411765
v 0.79747778 -0.36883337 1.45030577 0.27450980 0.27450980 0.29411765
v 0.80880144 -0.34271284 1.46072244 0.27450980 0.27450980 0.29411765
v 0.80814362 -0.37013454 1.44197401 0.27450980 0.27450980 0.29411765
v 0.81946729 -0.34401401 1.45239068 0.27450980 0.27450980 0.29411765
v 0.81281562 -0.36720375 1.42954604 0.27450980 0.27450980 0.29411765
v 0.82413929 -0.34108322 1.43996271 0.27450980 0.27450980 0.29411765
v 0.80970923 -0.36116046 1.41776893 0.27450980 0.27450980 0.29411765
v 0.82103289 -0.33503993 1.42818559 0.27450980 0.27450980 0.29411765
v 0.80377519 -0.33293459 1.44166667 0.27450980 0.27450980 0.29411765
v 0.81133464 -0.32802628 1.42159770 0.27450980 0.27450980 0.29411765
v 0.82179761 -0.30154924 1.43201437 0.27450980 0.27450980 0.29411765
v 0.81423816 -0.30645754 1.45208333 0.27450980 0.27450980 0.29411765
v 0.79859687 -0.32336557 1.42254551 0.27450980 0.27450980 0.29411765
v 0.80905983 -0.29688852 1.43296217 0.27450980 0.27450980 0.29411765
v 0.78783704 -0.32235989 1.43079694 0.27450980 0.27450980 0.29411765
v 0.79830000 -0.29588285 1.44121361 0.27450980 0.27450980 0.29411765
v 0.78316504 -0.32539339 1.44320024 0.27450980 0.27450980 0.29411765
v 0.79362800 -0.29891635 1.45361691 0.27450980 0.27450980 0.29411765
v 0.78636542 -0.33130737 1.45501777 0.27450980 0.27450980 0.29411765
v 0.79682838 -0.30483033 1.46543443 0.27450980 0.27450980 0.29411765
v 0.79621574 -0.33784289 1.46173563 0.27450980 0.27450980 0.29411765
v 0.80667870 -0.31136585 1.47215230 0.27450980 0.27450980 0.29411765
v 0.80895352 -0.34250361 1.46078783 0.27450980 0.27450980 0.29411765
v 0.81941648 -0.31602656 1.47120449 0.27450980 0.27450980 0.29411765
v 0.81971335 -0.34350928 1.45253639 0.27450980 0.27450980 0.29411765
v 0.83017631 -0.31703224 1.46295306 0.27450980 0.27450980 0.29411765
v 0.82438535 -0.34047578 1.44013309 0.27450980 0.27450980 0.29411765
v 0.83484831 -0.31399874 1.45054976 0.27450980 0.27450980 0.29411765
v 0.82118497 -0.33456180 1.42831557 0.27450980 0.27450980 0.29411765
v 0.83164793 -0.30808476 1.43873223 0.27450980 0.27450980 0.29411765
v 0.81423816 -0.30645754 1.45208333 0.27450980 0.27450980 0.29411765
v 0.82179761 -0.30137983 1.43205656 0.27450980 0.27450980 0.29411765
v 0.83138866 -0.27457462 1.44247323 0.27450980 0.27450980 0.29411765
v 0.82382921 -0.27965233 1.46250000 0.27450980 0.27450980 0.29411765
v 0.80891985 -0.29709859 1.43289673 0.27450980 0.27450980 0.29411765
v 0.81851091 -0.27029338 1.44331340 0.27450980 0.27450980 0.29411765
v 0.79807350 -0.29639215 1.44106553 0.27450980 0.27450980 0.29411765
v 0.80766456 -0.26958694 1.45148220 0.27450980 0.27450980 0.29411765
v 0.79340151 -0.29953035 1.45344276 0.27450980 0.27450980 0.29411765
v 0.80299256 -0.27272514 1.46385942 0.27450980 0.27450980 0.29411765
v 0.79668840 -0.30531450 1.46530073 0.27450980 0.27450980 0.29411765
v 0.80627946 -0.27850929 1.47571739 0.27450980 0.27450980 0.29411765
v 0.80667870 -0.31153525 1.47211010 0.27450980 0.27450980 0.29411765
v 0.81626976 -0.28473004 1.48252677 0.27450980 0.27450980 0.29411765
v 0.81955646 -0.31581649 1.47126993 0.27450980 0.27450980 0.29411765
v 0.82914752 -0.28901129 1.48168660 0.27450980 0.27450980 0.29411765
v 0.83040281 -0.31652293 1.46310114 0.27450980 0.27450980 0.29411765
v 0.83999386 -0.28971772 1.47351780 0.27450980 0.27450980 0.29411765
v 0.83507481 -0.31338473 1.45072391 0.27450980 0.27450980 0.29411765
v 0.84466586 -0.28657953 1.46114058 0.27450980 0.27450980 0.29411765
v 0.83178791 -0.30760058 1.43886594 0.27450980 0.27450980 0.29411765
v 0.84137897 -0.28079538 1.44928261 0.27450980 0.27450980 0.29411765
v 0.82382921 -0.27965233 1.46250000 0.27450980 0.27450980 0.29411765
v 0.83138866 -0.27440183 1.44251784 0.27450980 0.27450980 0.29411765
v 0.84009754 -0.24729716 1.45293450 0.27450980 0.27450980 0.29411765
v 0.83253809 -0.25254767 1.47291667 0.27450980 0.27450980 0.29411765
v 0.81838317 -0.27050367 1.44324792 0.27450980 0.27450980 0.29411765
v 0.82709205 -0.24339901 1.45366459 0.27450980 0.27450980 0.29411765
v 0.80745788 -0.27009999 1.45133164 0.27450980 0.27450980 0.29411765
v 0.81616676 -0.24299533 1.46174831 0.27450980 0.27450980 0.29411765
v 0.80278588 -0.27334498 1.46368130 0.27450980 0.27450980 0.29411765
v 0.81149476 -0.24624032 1.47409797 0.27450980 0.27450980 0.29411765
v 0.80615172 -0.27899917 1.47557974 0.27450980 0.27450980 0.29411765
v 0.81486060 -0.25189450 1.48599641 0.27450980 0.27450980 0.29411765
v 0.81626976 -0.28490284 1.48248216 0.27450980 0.27450980 0.29411765
v 0.82497864 -0.25779817 1.49289883 0.27450980 0.27450980 0.29411765
v 0.82927526 -0.28880100 1.48175208 0.27450980 0.27450980 0.29411765
v 0.83798414 -0.26169633 1.49216875 0.27450980 0.27450980 0.29411765
v 0.84020055 -0.28920468 1.47366836 0.27450980 0.27450980 0.29411765
v 0.84890943 -0.26210001 1.48408502 0.27450980 0.27450980 0.29411765
v 0.84487255 -0.28595969 1.46131870 0.27450980 0.27450980 0.29411765
v 0.85358142 -0.25885502 1.47173537 0.27450980 0.27450980 0.29411765
v 0.84150671 -0.28030550 1.44942026 0.27450980 0.27450980 0.29411765
v 0.85021558 -0.25320084 1.45983693 0.27450980 0.27450980 0.29411765
v 0.83253809 -0.25254767 1.47291667 0.27450980 0.27450980 0.29411765
v 0.84009754 -0.24712080 1.45298168 0.27450980 0.27450980 0.29411765
v 0.84791492 -0.21974570 1.46339834 0.27450980 0.27450980 0.29411765
v 0.84035547 -0.22517257 1.48333333 0.27450980 0.27450980 0.29411765
v 0.82697669 -0.24360888 1.45359909 0.27450980 0.27450980 0.29411765
v 0.83479407 -0.21623378 1.46401576 0.27450980 0.27450980 0.29411765
v 0.81598011 -0.24351127 1.46159516 0.27450980 0.27450980 0.29411765
v 0.82379748 -0.21613617 1.47201182 0.27450980 0.27450980 0.29411765
v 0.81130811 -0.24686526 1.47391566 0.27450980 0.27450980 0.29411765
v 0.81912549 -0.21949016 1.48433233 0.27450980 0.27450980 0.29411765
v 0.81474524 -0.25238973 1.48585458 0.27450980 0.27450980 0.29411765
v 0.82256262 -0.22501463 1.49627125 0.27450980 0.27450980 0.29411765
v 0.82497864 -0.25797454 1.49285166 0.27450980 0.27450980 0.29411765
v 0.83279602 -0.23059944 1.50326832 0.27450980 0.27450980 0.29411765
v 0.83809949 -0.26148646 1.49223424 0.27450980 0.27450980 0.29411765
v 0.84591687 -0.23411136 1.50265091 0.27450980 0.27450980 0.29411765
v 0.84909608 -0.26158407 1.48423818 0.27450980 0.27450980 0.29411765
v 0.85691345 -0.23420897 1.49465484 0.27450980 0.27450980 0.29411765
v 0.85376808 -0.25823008 1.47191767 0.27450980 0.27450980 0.29411765
v 0.86158545 -0.23085498 1.48233434 0.27450980 0.27450980 0.29411765
v 0.85033094 -0.25270560 1.45997875 0.27450980 0.27450980 0.29411765
v 0.85814832 -0.22533050 1.47039542 0.27450980 0.27450980 0.29411765
v 0.84035547 -0.22517257 1.48333333 0.27450980 0.27450980 0.29411765
v 0.84791492 -0.21956558 1.46344825 0.27450980 0.27450980 0.29411765
v 0.85483242 -0.19194936 1.47386492 0.27450980 0.27450980 0.29411765
v 0.84727297 -0.19755635 1.49375000 0.27450980 0.27450980 0.29411765
v 0.83469122 -0.21644257 1.46395026 0.27450980 0.27450980 0.29411765
v 0.84160872 -0.18882635 1.47436693 0.27450980 0.27450980 0.29411765
v 0.82363106 -0.21665413 1.47185595 0.27450980 0.27450980 0.29411765
v 0.83054857 -0.18903790 1.48227261 0.27450980 0.27450980 0.29411765
v 0.81895907 -0.22011943 1.48414560 0.27450980 0.27450980 0.29411765
v 0.82587657 -0.19250321 1.49456227 0.27450980 0.27450980 0.29411765
v 0.82245977 -0.22551487 1.49612500 0.27450980 0.27450980 0.29411765
v 0.82937727 -0.19789865 1.50654166 0.27450980 0.27450980 0.29411765
v 0.83279602 -0.23077955 1.50321841 0.27450980 0.27450980 0.29411765
v 0.83971352 -0.20316333 1.51363508 0.27450980 0.27450980 0.29411765
v 0.84601972 -0.23390256 1.50271640 0.27450980 0.27450980 0.29411765
v 0.85293722 -0.20628634 1.51313307 0.27450980 0.27450980 0.29411765
v 0.85707987 -0.23369101 1.49481072 0.27450980 0.27450980 0.29411765
v 0.86399738 -0.20607479 1.50522739 0.27450980 0.27450980 0.29411765
v 0.86175187 -0.23022571 1.48252106 0.27450980 0.27450980 0.29411765
v 0.86866937 -0.20260949 1.49293773 0.27450980 0.27450980 0.29411765
v 0.85825117 -0.22483027 1.47054167 0.27450980 0.27450980 0.29411765
v 0.86516867 -0.19721405 1.48095834 0.27450980 0.27450980 0.29411765
v 0.84727297 -0.19755635 1.49375000 0.27450980 0.27450980 0.29411765
v 0.85483242 -0.19176530 1.47391774 0.27450980 0.27450980 0.29411765
v 0.86084265 -0.16393753 1.48433441 0.27450980 0.27450980 0.29411765
v 0.85328319 -0.16972858 1.50416667 0.27450980 0.27450980 0.29411765
v 0.84151848 -0.18903340 1.47430147 0.27450980 0.27450980 0.29411765
v 0.84752870 -0.16120563 1.48471814 0.27450980 0.27450980 0.29411765
v 0.83040256 -0.18955698 1.48211388 0.27450980 0.27450980 0.29411765
v 0.83641278 -0.16172921 1.49253055 0.27450980 0.27450980 0.29411765
v 0.82573056 -0.19313605 1.49437089 0.27450980 0.27450980 0.29411765
v 0.83174078 -0.16530828 1.50478755 0.27450980 0.27450980 0.29411765
v 0.82928703 -0.19840352 1.50639074 0.27450980 0.27450980 0.29411765
v 0.83529725 -0.17057575 1.51680741 0.27450980 0.27450980 0.29411765
v 0.83971352 -0.20334740 1.51358226 0.27450980 0.27450980 0.29411765
v 0.84572374 -0.17551963 1.52399892 0.27450980 0.27450980 0.29411765
v 0.85302746 -0.20607930 1.51319853 0.27450980 0.27450980 0.29411765
v 0.85903768 -0.17825153 1.52361519 0.27450980 0.27450980 0.29411765
v 0.86414338 -0.20555572 1.50538612 0.27450980 0.27450980 0.29411765
v 0.87015361 -0.17772795 1.51580279 0.27450980 0.27450980 0.29411765
v 0.86881538 -0.20197665 1.49312911 0.27450980 0.27450980 0.29411765
v 0.87482560 -0.17414888 1.50354578 0.27450980 0.27450980 0.29411765
v 0.86525891 -0.19670918 1.48110926 0.27450980 0.27450980 0.29411765
v 0.87126913 -0.16888141 1.49152593 0.27450980 0.27450980 0.29411765
v 0.85328319 -0.16972858 1.50416667 0.27450980 0.27450980 0.29411765
v 0.86084265 -0.16374931 1.48439034 0.27450980 0.27450980 0.29411765
v 0.86593915 -0.13573979 1.49480701 0.27450980 0.27450980 0.29411765
v 0.85837970 -0.14171906 1.51458333 0.27450980 0.27450980 0.29411765
v 0.84745118 -0.16141024 1.48465276 0.27450980 0.27450980 0.29411765
v 0.85254768 -0.13340072 1.49506942 0.27450980 0.27450980 0.29411765
v 0.83628734 -0.16224849 1.49236882 0.27450980 0.27450980 0.29411765
v 0.84138384 -0.13423897 1.50278549 0.27450980 0.27450980 0.29411765
v 0.83161534 -0.16594389 1.50459126 0.27450980 0.27450980 0.29411765
v 0.83671185 -0.13793437 1.51500793 0.27450980 0.27450980 0.29411765
v 0.83521973 -0.17108490 1.51665152 0.27450980 0.27450980 0.29411765
v 0.84031623 -0.14307539 1.52706819 0.27450980 0.27450980 0.29411765
v 0.84572374 -0.17570785 1.52394299 0.27450980 0.27450980 0.29411765
v 0.85082025 -0.14769834 1.53435966 0.27450980 0.27450980 0.29411765
v 0.85911521 -0.17804692 1.52368058 0.27450980 0.27450980 0.29411765
v 0.86421172 -0.15003741 1.53409724 0.27450980 0.27450980 0.29411765
v 0.87027905 -0.17720867 1.51596451 0.27450980 0.27450980 0.29411765
v 0.87537555 -0.14919915 1.52638118 0.27450980 0.27450980 0.29411765
v 0.87495105 -0.17351327 1.50374207 0.27450980 0.27450980 0.29411765
v 0.88004755 -0.14550376 1.51415874 0.27450980 0.27450980 0.29411765
v 0.87134666 -0.16837226 1.49168181 0.27450980 0.27450980 0.29411765
v 0.87644317 -0.14036274 1.50209848 0.27450980 0.27450980 0.29411765
v 0.85837970 -0.14171906 1.51458333 0.27450980 0.27450980 0.29411765
v 0.86593915 -0.13554719 1.49486627 0.27450980 0.27450980 0.29411765
v 0.87011648 -0.10738592 1.50528293 0.27450980 0.27450980 0.29411765
v 0.86255703 -0.11355779 1.52500000 0.27450980 0.27450980 0.29411765
v 0.85248295 -0.13360216 1.49500416 0.27450980 0.27450980 0.29411765
v 0.85666028 -0.10544088 1.50542082 0.27450980 0.27450980 0.29411765
v 0.84127910 -0.13475750 1.50262063 0.27450980 0.27450980 0.29411765
v 0.84545643 -0.10659623 1.51303729 0.27450980 0.27450980 0.29411765
v 0.83660711 -0.13857193 1.51480644 0.27450980 0.27450980 0.29411765
v 0.84078444 -0.11041065 1.52522311 0.27450980 0.27450980 0.29411765
v 0.84025150 -0.14358845 1.52690704 0.27450980 0.27450980 0.29411765
v 0.84442883 -0.11542718 1.53732371 0.27450980 0.27450980 0.29411765
v 0.85082025 -0.14789093 1.53430040 0.27450980 0.27450980 0.29411765
v 0.85499758 -0.11972966 1.54471707 0.27450980 0.27450980 0.29411765
v 0.86427645 -0.14983597 1.53416251 0.27450980 0.27450980 0.29411765
v 0.86845378 -0.12167469 1.54457918 0.27450980 0.27450980 0.29411765
v 0.87548029 -0.14868062 1.52654604 0.27450980 0.27450980 0.29411765
v 0.87965762 -0.12051935 1.53696271 0.27450980 0.27450980 0.29411765
v 0.88015229 -0.14486619 1.51436022 0.27450980 0.27450980 0.29411765
v 0.88432962 -0.11670492 1.52477689 0.27450980 0.27450980 0.29411765
v 0.87650790 -0.13984967 1.50225963 0.27450980 0.27450980 0.29411765
v 0.88068523 -0.11168840 1.51267629 0.27450980 0.27450980 0.29411765
v 0.86255703 -0.11355779 1.52500000 0.27450980 0.27450980 0.29411765
v 0.87011648 -0.10718871 1.50534575 0.27450980 0.27450980 0.29411765
v 0.87337016 -0.07890584 1.51576242 0.27450980 0.27450980 0.29411765
v 0.86581071 -0.08527491 1.53541667 0.27450980 0.27450980 0.29411765
v 0.85660841 -0.10563841 1.50535573 0.27450980 0.27450980 0.29411765
v 0.85986209 -0.07735554 1.51577240 0.27450980 0.27450980 0.29411765
v 0.84537251 -0.10711304 1.51286915 0.27450980 0.27450980 0.29411765
v 0.84862619 -0.07883017 1.52328582 0.27450980 0.27450980 0.29411765
v 0.84070051 -0.11104934 1.52501615 0.27450980 0.27450980 0.29411765
v 0.84395419 -0.08276647 1.53543281 0.27450980 0.27450980 0.29411765
v 0.84437696 -0.11594379 1.53715698 0.27450980 0.27450980 0.29411765
v 0.84763064 -0.08766091 1.54757364 0.27450980 0.27450980 0.29411765
v 0.85499758 -0.11992686 1.54465425 0.27450980 0.27450980 0.29411765
v 0.85825126 -0.09164399 1.55507092 0.27450980 0.27450980 0.29411765
v 0.86850565 -0.12147716 1.54464427 0.27450980 0.27450980 0.29411765
v 0.87175933 -0.09319429 1.55506094 0.27450980 0.27450980 0.29411765
v 0.87974155 -0.12000253 1.53713085 0.27450980 0.27450980 0.29411765
v 0.88299523 -0.09171966 1.54754751 0.27450980 0.27450980 0.29411765
v 0.88441355 -0.11606623 1.52498385 0.27450980 0.27450980 0.29411765
v 0.88766723 -0.08778335 1.53540052 0.27450980 0.27450980 0.29411765
v 0.88073710 -0.11117179 1.51284302 0.27450980 0.27450980 0.29411765
v 0.88399078 -0.08288891 1.52325969 0.27450980 0.27450980 0.29411765
v 0.86581071 -0.08527491 1.53541667 0.27450980 0.27450980 0.29411765
v 0.87337016 -0.07870379 1.51582904 0.27450980 0.27450980 0.29411765
v 0.87569671 -0.05032960 1.52624571 0.27450980 0.27450980 0.29411765
v 0.86813726 -0.05690072 1.54583333 0.27450980 0.27450980 0.29411765
v 0.85982314 -0.07754839 1.51570754 0.27450980 0.27450980 0.29411765
v 0.86214969 -0.04917420 1.52612420 0.27450980 0.27450980 0.29411765
v 0.84856317 -0.07934426 1.52311425 0.27450980 0.27450980 0.29411765
v 0.85088972 -0.05097007 1.53353091 0.27450980 0.27450980 0.29411765
v 0.84389117 -0.08340544 1.53522007 0.27450980 0.27450980 0.29411765
v 0.84621772 -0.05503125 1.54563673 0.27450980 0.27450980 0.29411765
v 0.84759169 -0.08818069 1.54740098 0.27450980 0.27450980 0.29411765
v 0.84991824 -0.05980650 1.55781764 0.27450980 0.27450980 0.29411765
v 0.85825126 -0.09184604 1.55500429 0.27450980 0.27450980 0.29411765
v 0.86057781 -0.06347185 1.56542096 0.27450980 0.27450980 0.29411765
v 0.87179828 -0.09300144 1.55512580 0.27450980 0.27450980 0.29411765
v 0.87412483 -0.06462725 1.56554246 0.27450980 0.27450980 0.29411765
v 0.88305826 -0.09120557 1.54771909 0.27450980 0.27450980 0.29411765
v 0.88538481 -0.06283138 1.55813575 0.27450980 0.27450980 0.29411765
v 0.88773026 -0.08714439 1.53561327 0.27450980 0.27450980 0.29411765
v 0.89005681 -0.05877020 1.54602993 0.27450980 0.27450980 0.29411765
v 0.88402973 -0.08236913 1.52343236 0.27450980 0.27450980 0.29411765
v 0.88635628 -0.05399494 1.53384902 0.27450980 0.27450980 0.29411765
v 0.86813726 -0.05690072 1.54583333 0.27450980 0.27450980 0.29411765
v 0.87569671 -0.05012245 1.52631643 0.27450980 0.27450980 0.29411765
v 0.87709364 -0.02168733 1.53673309 0.27450980 0.27450980 0.29411765
v 0.86953419 -0.02846560 1.55625000 0.27450980 0.27450980 0.29411765
v 0.86212370 -0.04936158 1.52605965 0.27450980 0.27450980 0.29411765
v 0.86352063 -0.02092646 1.53647632 0.27450980 0.27450980 0.29411765
v 0.85084766 -0.05148041 1.53335575 0.27450980 0.27450980 0.29411765
v 0.85224459 -0.02304529 1.54377242 0.27450980 0.27450980 0.29411765
v 0.84617567 -0.05566962 1.54541787 0.27450980 0.27450980 0.29411765
v 0.84757259 -0.02723450 1.55583453 0.27450980 0.27450980 0.29411765
v 0.84989225 -0.06032906 1.55763867 0.27450980 0.27450980 0.29411765
v 0.85128918 -0.03189394 1.56805534 0.27450980 0.27450980 0.29411765
v 0.86057781 -0.06367900 1.56535024 0.27450980 0.27450980 0.29411765
v 0.86197474 -0.03524388 1.57576691 0.27450980 0.27450980 0.29411765
v 0.87415083 -0.06443986 1.56560701 0.27450980 0.27450980 0.29411765
v 0.87554775 -0.03600474 1.57602368 0.27450980 0.27450980 0.29411765
v 0.88542686 -0.06232103 1.55831091 0.27450980 0.27450980 0.29411765
v 0.88682379 -0.03388591 1.56872758 0.27450980 0.27450980 0.29411765
v 0.89009886 -0.05813183 1.54624880 0.27450980 0.27450980 0.29411765
v 0.89149579 -0.02969670 1.55666547 0.27450980 0.27450980 0.29411765
v 0.88638227 -0.05347238 1.53402799 0.27450980 0.27450980 0.29411765
v 0.88777920 -0.02503726 1.54444466 0.27450980 0.27450980 0.29411765
v 0.86953419 -0.02846560 1.55625000 0.27450980 0.27450980 0.29411765
v 0.87709364 -0.02147480 1.53680821 0.27450980 0.27450980 0.29411765
v 0.87755945 0.00699080 1.54722487 0.27450980 0.27450980 0.29411765
v 0.87000000 0.00000000 1.56666667 0.27450980 0.27450980 0.29411765
v 0.86350763 -0.02110755 1.53641217 0.27450980 0.27450980 0.29411765
v 0.86397344 0.00735805 1.54682883 0.27450980 0.27450980 0.29411765
v 0.85222355 -0.02355083 1.54359351 0.27450980 0.27450980 0.29411765
v 0.85268936 0.00491477 1.55401017 0.27450980 0.27450980 0.29411765
v 0.84755156 -0.02787138 1.55560920 0.27450980 0.27450980 0.29411765
v 0.84801736 0.00059422 1.56602586 0.27450980 0.27450980 0.29411765
v 0.85127618 -0.03241891 1.56786965 0.27450980 0.27450980 0.29411765
v 0.85174199 -0.00395331 1.57828632 0.27450980 0.27450980 0.29411765
v 0.86197474 -0.03545641 1.57569179 0.27450980 0.27450980 0.29411765
v 0.86244055 -0.00699080 1.58610846 0.27450980 0.27450980 0.29411765
v 0.87556076 -0.03582365 1.57608783 0.27450980 0.27450980 0.29411765
v 0.87602656 -0.00735805 1.58650450 0.27450980 0.27450980 0.29411765
v 0.88684483 -0.03338037 1.56890649 0.27450980 0.27450980 0.29411765
v 0.88731064 -0.00491477 1.57932316 0.27450980 0.27450980 0.29411765
v 0.89151683 -0.02905982 1.55689080 0.27450980 0.27450980 0.29411765
v 0.89198264 -0.00059422 1.56730747 0.27450980 0.27450980 0.29411765
v 0.88779221 -0.02451229 1.54463035 0.27450980 0.27450980 0.29411765
v 0.88825801 0.00395331 1.55504702 0.27450980 0.27450980 0.29411765
v 0.87000000 0.00000000 1.56666667 0.27450980 0.27450980 0.29411765
v 0.87755945 -0.00699080 1.58610846 0.27450980 0.27450980 0.29411765
v 0.87709364 0.02147480 1.59652513 0.27450980 0.27450980 0.29411765
v 0.86953419 0.02846560 1.57708333 0.27450980 0.27450980 0.29411765
v 0.88825801 -0.00395331 1.57828632 0.27450980 0.27450980 0.29411765
v 0.88779221 0.02451229 1.58870298 0.27450980 0.27450980 0.29411765
v 0.89198264 0.00059422 1.56602586 0.27450980 0.27450980 0.29411765
v 0.89151683 0.02905982 1.57644253 0.27450980 0.27450980 0.29411765
v 0.88731064 0.00491477 1.55401017 0.27450980 0.27450980 0.29411765
v 0.88684483 0.03338037 1.56442684 0.27450980 0.27450980 0.29411765
v 0.87602656 0.00735805 1.54682883 0.27450980 0.27450980 0.29411765
v 0.87556076 0.03582365 1.55724550 0.27450980 0.27450980 0.29411765
v 0.86244055 0.00699080 1.54722487 0.27450980 0.27450980 0.29411765
v 0.86197474 0.03545641 1.55764154 0.27450980 0.27450980 0.29411765
v 0.85174199 0.00395331 1.55504702 0.27450980 0.27450980 0.29411765
v 0.85127618 0.03241891 1.56546368 0.27450980 0.27450980 0.29411765
v 0.84801736 -0.00059422 1.56730747 0.27450980 0.27450980 0.29411765
v 0.84755156 0.02787138 1.57772414 0.27450980 0.27450980 0.29411765
v 0.85268936 -0.00491477 1.57932316 0.27450980 0.27450980 0.29411765
v 0.85222355 0.02355083 1.58973983 0.27450980 0.27450980 0.29411765
v 0.86397344 -0.00735805 1.58650450 0.27450980 0.27450980 0.29411765
v 0.86350763 0.02110755 1.59692117 0.27450980 0.27450980 0.29411765
v 0.86953419 0.02846560 1.57708333 0.27450980 0.27450980 0.29411765
v 0.87709364 0.02168733 1.59660024 0.27450980 0.27450980 0.29411765
v 0.87569671 0.05012245 1.60701691 0.27450980 0.27450980 0.29411765
v 0.86813726 0.05690072 1.58750000 0.27450980 0.27450980 0.29411765
v 0.88777920 0.02503726 1.58888867 0.27450980 0.27450980 0.29411765
v 0.88638227 0.05347238 1.59930534 0.27450980 0.27450980 0.29411765
v 0.89149579 0.02969670 1.57666787 0.27450980 0.27450980 0.29411765
v 0.89009886 0.05813183 1.58708453 0.27450980 0.27450980 0.29411765
v 0.88682379 0.03388591 1.56460575 0.27450980 0.27450980 0.29411765
v 0.88542686 0.06232103 1.57502242 0.27450980 0.27450980 0.29411765
v 0.87554775 0.03600474 1.55730965 0.27450980 0.27450980 0.29411765
v 0.87415083 0.06443986 1.56772632 0.27450980 0.27450980 0.29411765
v 0.86197474 0.03524388 1.55756643 0.27450980 0.27450980 0.29411765
v 0.86057781 0.06367900 1.56798309 0.27450980 0.27450980 0.29411765
v 0.85128918 0.03189394 1.56527799 0.27450980 0.27450980 0.29411765
v 0.84989225 0.06032906 1.57569466 0.27450980 0.27450980 0.29411765
v 0.84757259 0.02723450 1.57749880 0.27450980 0.27450980 0.29411765
v 0.84617567 0.05566962 1.58791547 0.27450980 0.27450980 0.29411765
v 0.85224459 0.02304529 1.58956091 0.27450980 0.27450980 0.29411765
v 0.85084766 0.05148041 1.59997758 0.27450980 0.27450980 0.29411765
v 0.86352063 0.02092646 1.59685701 0.27450980 0.27450980 0.29411765
v 0.86212370 0.04936158 1.60727368 0.27450980 0.27450980 0.29411765
v 0.86813726 0.05690072 1.58750000 0.27450980 0.27450980 0.29411765
v 0.87569671 0.05032960 1.60708762 0.27450980 0.27450980 0.29411765
v 0.87337016 0.07870379 1.61750429 0.27450980 0.27450980 0.29411765
v 0.86581071 0.08527491 1.59791667 0.27450980 0.27450980 0.29411765
v 0.88635628 0.05399494 1.59948431 0.27450980 0.27450980 0.29411765
v 0.88402973 0.08236913 1.60990098 0.27450980 0.27450980 0.29411765
v 0.89005681 0.05877020 1.58730340 0.27450980 0.27450980 0.29411765
v 0.88773026 0.08714439 1.59772007 0.27450980 0.27450980 0.29411765
v 0.88538481 0.06283138 1.57519758 0.27450980 0.27450980 0.29411765
v 0.88305826 0.09120557 1.58561425 0.27450980 0.27450980 0.29411765
v 0.87412483 0.06462725 1.56779087 0.27450980 0.27450980 0.29411765
v 0.87179828 0.09300144 1.57820754 0.27450980 0.27450980 0.29411765
v 0.86057781 0.06347185 1.56791238 0.27450980 0.27450980 0.29411765
v 0.85825126 0.09184604 1.57832904 0.27450980 0.27450980 0.29411765
v 0.84991824 0.05980650 1.57551569 0.27450980 0.27450980 0.29411765
v 0.84759169 0.08818069 1.58593236 0.27450980 0.27450980 0.29411765
v 0.84621772 0.05503125 1.58769660 0.27450980 0.27450980 0.29411765
v 0.84389117 0.08340544 1.59811327 0.27450980 0.27450980 0.29411765
v 0.85088972 0.05097007 1.59980242 0.27450980 0.27450980 0.29411765
v 0.84856317 0.07934426 1.61021909 0.27450980 0.27450980 0.29411765
v 0.86214969 0.04917420 1.60720913 0.27450980 0.27450980 0.29411765
v 0.85982314 0.07754839 1.61762580 0.27450980 0.27450980 0.29411765
v 0.86581071 0.08527491 1.59791667 0.27450980 0.27450980 0.29411765
v 0.87337016 0.07890584 1.61757092 0.27450980 0.27450980 0.29411765
v 0.87011648 0.10718871 1.62798758 0.27450980 0.27450980 0.29411765
v 0.86255703 0.11355779 1.60833333 0.27450980 0.27450980 0.29411765
v 0.88399078 0.08288891 1.61007364 0.27450980 0.27450980 0.29411765
v 0.88073710 0.11117179 1.62049031 0.27450980 0.27450980 0.29411765
v 0.88766723 0.08778335 1.59793281 0.27450980 0.27450980 0.29411765
v 0.88441355 0.11606623 1.60834948 0.27450980 0.27450980 0.29411765
v 0.88299523 0.09171966 1.58578582 0.27450980 0.27450980 0.29411765
v 0.87974155 0.12000253 1.59620249 0.27450980 0.27450980 0.29411765
v 0.87175933 0.09319429 1.57827240 0.27450980 0.27450980 0.29411765
v 0.86850565 0.12147716 1.58868906 0.27450980 0.27450980 0.29411765
v 0.85825126 0.09164399 1.57826242 0.27450980 0.27450980 0.29411765
v 0.85499758 0.11992686 1.58867908 0.27450980 0.27450980 0.29411765
v 0.84763064 0.08766091 1.58575969 0.27450980 0.27450980 0.29411765
v 0.84437696 0.11594379 1.59617636 0.27450980 0.27450980 0.29411765
v 0.84395419 0.08276647 1.59790052 0.27450980 0.27450980 0.29411765
v 0.84070051 0.11104934 1.60831719 0.27450980 0.27450980 0.29411765
v 0.84862619 0.07883017 1.61004751 0.27450980 0.27450980 0.29411765
v 0.84537251 0.10711304 1.62046418 0.27450980 0.27450980 0.29411765
v 0.85986209 0.07735554 1.61756094 0.27450980 0.27450980 0.29411765
v 0.85660841 0.10563841 1.62797760 0.27450980 0.27450980 0.29411765
v 0.86255703 0.11355779 1.60833333 0.27450980 0.27450980 0.29411765
v 0.87011648 0.10738592 1.62805040 0.27450980 0.27450980 0.29411765
v 0.86593915 0.13554719 1.63846707 0.27450980 0.27450980 0.29411765
v 0.85837970 0.14171906 1.61875000 0.27450980 0.27450980 0.29411765
v 0.88068523 0.11168840 1.62065704 0.27450980 0.27450980 0.29411765
v 0.87650790 0.13984967 1.63107371 0.27450980 0.27450980 0.29411765
v 0.88432962 0.11670492 1.60855644 0.27450980 0.27450980 0.29411765
v 0.88015229 0.14486619 1.61897311 0.27450980 0.27450980 0.29411765
v 0.87965762 0.12051935 1.59637063 0.27450980 0.27450980 0.29411765
v 0.87548029 0.14868062 1.60678729 0.27450980 0.27450980 0.29411765
v 0.86845378 0.12167469 1.58875416 0.27450980 0.27450980 0.29411765
v 0.86427645 0.14983597 1.59917082 0.27450980 0.27450980 0.29411765
v 0.85499758 0.11972966 1.58861627 0.27450980 0.27450980 0.29411765
v 0.85082025 0.14789093 1.59903293 0.27450980 0.27450980 0.29411765
v 0.84442883 0.11542718 1.59600963 0.27450980 0.27450980 0.29411765
v 0.84025150 0.14358845 1.60642629 0.27450980 0.27450980 0.29411765
v 0.84078444 0.11041065 1.60811022 0.27450980 0.27450980 0.29411765
v 0.83660711 0.13857193 1.61852689 0.27450980 0.27450980 0.29411765
v 0.84545643 0.10659623 1.62029604 0.27450980 0.27450980 0.29411765
v 0.84127910 0.13475750 1.63071271 0.27450980 0.27450980 0.29411765
v 0.85666028 0.10544088 1.62791251 0.27450980 0.27450980 0.29411765
v 0.85248295 0.13360216 1.63832918 0.27450980 0.27450980 0.29411765
v 0.85837970 0.14171906 1.61875000 0.27450980 0.27450980 0.29411765
v 0.86593915 0.13573979 1.63852632 0.27450980 0.27450980 0.29411765
v 0.86084265 0.16374931 1.64894299 0.27450980 0.27450980 0.29411765
v 0.85328319 0.16972858 1.62916667 0.27450980 0.27450980 0.29411765
v 0.87644317 0.14036274 1.63123485 0.27450980 0.27450980 0.29411765
v 0.87134666 0.16837226 1.64165152 0.27450980 0.27450980 0.29411765
v 0.88004755 0.14550376 1.61917459 0.27450980 0.27450980 0.29411765
v 0.87495105 0.17351327 1.62959126 0.27450980 0.27450980 0.29411765
v 0.87537555 0.14919915 1.60695215 0.27450980 0.27450980 0.29411765
v 0.87027905 0.17720867 1.61736882 0.27450980 0.27450980 0.29411765
v 0.86421172 0.15003741 1.59923609 0.27450980 0.27450980 0.29411765
v 0.85911521 0.17804692 1.60965276 0.27450980 0.27450980 0.29411765
v 0.85082025 0.14769834 1.59897368 0.27450980 0.27450980 0.29411765
v 0.84572374 0.17570785 1.60939034 0.27450980 0.27450980 0.29411765
v 0.84031623 0.14307539 1.60626515 0.27450980 0.27450980 0.29411765
v 0.83521973 0.17108490 1.61668181 0.27450980 0.27450980 0.29411765
v 0.83671185 0.13793437 1.61832541 0.27450980 0.27450980 0.29411765
v 0.83161534 0.16594389 1.62874207 0.27450980 0.27450980 0.29411765
v 0.84138384 0.13423897 1.63054785 0.27450980 0.27450980 0.29411765
v 0.83628734 0.16224849 1.64096451 0.27450980 0.27450980 0.29411765
v 0.85254768 0.13340072 1.63826391 0.27450980 0.27450980 0.29411765
v 0.84745118 0.16141024 1.64868058 0.27450980 0.27450980 0.29411765
v 0.85328319 0.16972858 1.62916667 0.27450980 0.27450980 0.29411765
v 0.86084265 0.16393753 1.64899892 0.27450980 0.27450980 0.29411765
v 0.85483242 0.19176530 1.65941559 0.27450980 0.27450980 0.29411765
v 0.84727297 0.19755635 1.63958333 0.27450980 0.27450980 0.29411765
v 0.87126913 0.16888141 1.64180741 0.27450980 0.27450980 0.29411765
v 0.86525891 0.19670918 1.65222407 0.27450980 0.27450980 0.29411765
v 0.87482560 0.17414888 1.62978755 0.27450980 0.27450980 0.29411765
v 0.86881538 0.20197665 1.64020422 0.27450980 0.27450980 0.29411765
v 0.87015361 0.17772795 1.61753055 0.27450980 0.27450980 0.29411765
v 0.86414338 0.20555572 1.62794721 0.27450980 0.27450980 0.29411765
v 0.85903768 0.17825153 1.60971814 0.27450980 0.27450980 0.29411765
v 0.85302746 0.20607930 1.62013481 0.27450980 0.27450980 0.29411765
v 0.84572374 0.17551963 1.60933441 0.27450980 0.27450980 0.29411765
v 0.83971352 0.20334740 1.61975108 0.27450980 0.27450980 0.29411765
v 0.83529725 0.17057575 1.61652593 0.27450980 0.27450980 0.29411765
v 0.82928703 0.19840352 1.62694259 0.27450980 0.27450980 0.29411765
v 0.83174078 0.16530828 1.62854578 0.27450980 0.27450980 0.29411765
v 0.82573056 0.19313605 1.63896245 0.27450980 0.27450980 0.29411765
v 0.83641278 0.16172921 1.64080279 0.27450980 0.27450980 0.29411765
v 0.83040256 0.18955698 1.65121945 0.27450980 0.27450980 0.29411765
v 0.84752870 0.16120563 1.64861519 0.27450980 0.27450980 0.29411765
v 0.84151848 0.18903340 1.65903186 0.27450980 0.27450980 0.29411765
v 0.84727297 0.19755635 1.63958333 0.27450980 0.27450980 0.29411765
v 0.85483242 0.19194936 1.65946841 0.27450980 0.27450980 0.29411765
v 0.84791492 0.21956558 1.66988508 0.27450980 0.27450980 0.29411765
v 0.84035547 0.22517257 1.65000000 0.27450980 0.27450980 0.29411765
v 0.86516867 0.19721405 1.65237500 0.27450980 0.27450980 0.29411765
v 0.85825117 0.22483027 1.66279166 0.27450980 0.27450980 0.29411765
v 0.86866937 0.20260949 1.64039560 0.27450980 0.27450980 0.29411765
v 0.86175187 0.23022571 1.65081227 0.27450980 0.27450980 0.29411765
v 0.86399738 0.20607479 1.62810595 0.27450980 0.27450980 0.29411765
v 0.85707987 0.23369101 1.63852261 0.27450980 0.27450980 0.29411765
v 0.85293722 0.20628634 1.62020026 0.27450980 0.27450980 0.29411765
v 0.84601972 0.23390256 1.63061693 0.27450980 0.27450980 0.29411765
v 0.83971352 0.20316333 1.61969825 0.27450980 0.27450980 0.29411765
v 0.83279602 0.23077955 1.63011492 0.27450980 0.27450980 0.29411765
v 0.82937727 0.19789865 1.62679167 0.27450980 0.27450980 0.29411765
v 0.82245977 0.22551487 1.63720834 0.27450980 0.27450980 0.29411765
v 0.82587657 0.19250321 1.63877106 0.27450980 0.27450980 0.29411765
v 0.81895907 0.22011943 1.64918773 0.27450980 0.27450980 0.29411765
v 0.83054857 0.18903790 1.65106072 0.27450980 0.27450980 0.29411765
v 0.82363106 0.21665413 1.66147739 0.27450980 0.27450980 0.29411765
v 0.84160872 0.18882635 1.65896640 0.27450980 0.27450980 0.29411765
v 0.83469122 0.21644257 1.66938307 0.27450980 0.27450980 0.29411765
v 0.84035547 0.22517257 1.65000000 0.27450980 0.27450980 0.29411765
v 0.84791492 0.21974570 1.66993499 0.27450980 0.27450980 0.29411765
v 0.84009754 0.24712080 1.68035166 0.27450980 0.27450980 0.29411765
v 0.83253809 0.25254767 1.66041667 0.27450980 0.27450980 0.29411765
v 0.85814832 0.22533050 1.66293791 0.27450980 0.27450980 0.29411765
v 0.85033094 0.25270560 1.67335458 0.27450980 0.27450980 0.29411765
v 0.86158545 0.23085498 1.65099899 0.27450980 0.27450980 0.29411765
v 0.85376808 0.25823008 1.66141566 0.27450980 0.27450980 0.29411765
v 0.85691345 0.23420897 1.63867849 0.27450980 0.27450980 0.29411765
v 0.84909608 0.26158407 1.64909516 0.27450980 0.27450980 0.29411765
v 0.84591687 0.23411136 1.63068242 0.27450980 0.27450980 0.29411765
v 0.83809949 0.26148646 1.64109909 0.27450980 0.27450980 0.29411765
v 0.83279602 0.23059944 1.63006501 0.27450980 0.27450980 0.29411765
v 0.82497864 0.25797454 1.64048168 0.27450980 0.27450980 0.29411765
v 0.82256262 0.22501463 1.63706209 0.27450980 0.27450980 0.29411765
v 0.81474524 0.25238973 1.64747875 0.27450980 0.27450980 0.29411765
v 0.81912549 0.21949016 1.64900101 0.27450980 0.27450980 0.29411765
v 0.81130811 0.24686526 1.65941767 0.27450980 0.27450980 0.29411765
v 0.82379748 0.21613617 1.66132151 0.27450980 0.27450980 0.29411765
v 0.81598011 0.24351127 1.67173818 0.27450980 0.27450980 0.29411765
v 0.83479407 0.21623378 1.66931758 0.27450980 0.27450980 0.29411765
v 0.82697669 0.24360888 1.67973424 0.27450980 0.27450980 0.29411765
v 0.83253809 0.25254767 1.66041667 0.27450980 0.27450980 0.29411765
v 0.84009754 0.24729716 1.68039883 0.27450980 0.27450980 0.29411765
v 0.83138866 0.27440183 1.69081550 0.27450980 0.27450980 0.29411765
v 0.82382921 0.27965233 1.67083333 0.27450980 0.27450980 0.29411765
v 0.85021558 0.25320084 1.67349641 0.27450980 0.27450980 0.29411765
v 0.84150671 0.28030550 1.68391307 0.27450980 0.27450980 0.29411765
v 0.85358142 0.25885502 1.66159797 0.27450980 0.27450980 0.29411765
v 0.84487255 0.28595969 1.67201463 0.27450980 0.27450980 0.29411765
v 0.84890943 0.26210001 1.64924831 0.27450980 0.27450980 0.29411765
v 0.84020055 0.28920468 1.65966498 0.27450980 0.27450980 0.29411765
v 0.83798414 0.26169633 1.64116459 0.27450980 0.27450980 0.29411765
v 0.82927526 0.28880100 1.65158125 0.27450980 0.27450980 0.29411765
v 0.82497864 0.25779817 1.64043450 0.27450980 0.27450980 0.29411765
v 0.81626976 0.28490284 1.65085117 0.27450980 0.27450980 0.29411765
v 0.81486060 0.25189450 1.64733693 0.27450980 0.27450980 0.29411765
v 0.80615172 0.27899917 1.65775359 0.27450980 0.27450980 0.29411765
v 0.81149476 0.24624032 1.65923537 0.27450980 0.27450980 0.29411765
v 0.80278588 0.27334498 1.66965203 0.27450980 0.27450980 0.29411765
v 0.81616676 0.24299533 1.67158502 0.27450980 0.27450980 0.29411765
v 0.80745788 0.27009999 1.68200169 0.27450980 0.27450980 0.29411765
v 0.82709205 0.24339901 1.67966875 0.27450980 0.27450980 0.29411765
v 0.81838317 0.27050367 1.69008541 0.27450980 0.27450980 0.29411765
v 0.82382921 0.27965233 1.67083333 0.27450980 0.27450980 0.29411765
v 0.83138866 0.27457462 1.69086010 0.27450980 0.27450980 0.29411765
v 0.82179761 0.30137983 1.70127677 0.27450980 0.27450980 0.29411765
v 0.81423816 0.30645754 1.68125000 0.27450980 0.27450980 0.29411765
v 0.84137897 0.28079538 1.68405073 0.27450980 0.27450980 0.29411765
v 0.83178791 0.30760058 1.69446739 0.27450980 0.27450980 0.29411765
v 0.84466586 0.28657953 1.67219276 0.27450980 0.27450980 0.29411765
v 0.83507481 0.31338473 1.68260942 0.27450980 0.27450980 0.29411765
v 0.83999386 0.28971772 1.65981553 0.27450980 0.27450980 0.29411765
v 0.83040281 0.31652293 1.67023220 0.27450980 0.27450980 0.29411765
v 0.82914752 0.28901129 1.65164673 0.27450980 0.27450980 0.29411765
v 0.81955646 0.31581649 1.66206340 0.27450980 0.27450980 0.29411765
v 0.81626976 0.28473004 1.65080656 0.27450980 0.27450980 0.29411765
v 0.80667870 0.31153525 1.66122323 0.27450980 0.27450980 0.29411765
v 0.80627946 0.27850929 1.65761594 0.27450980 0.27450980 0.29411765
v 0.79668840 0.30531450 1.66803261 0.27450980 0.27450980 0.29411765
v 0.80299256 0.27272514 1.66947391 0.27450980 0.27450980 0.29411765
v 0.79340151 0.29953035 1.67989058 0.27450980 0.27450980 0.29411765
v 0.80766456 0.26958694 1.68185114 0.27450980 0.27450980 0.29411765
v 0.79807350 0.29639215 1.69226780 0.27450980 0.27450980 0.29411765
v 0.81851091 0.27029338 1.69001993 0.27450980 0.27450980 0.29411765
v 0.80891985 0.29709859 1.70043660 0.27450980 0.27450980 0.29411765
v 0.81423816 0.30645754 1.68125000 0.27450980 0.27450980 0.29411765
v 0.82179761 0.30154924 1.70131896 0.27450980 0.27450980 0.29411765
v 0.81133464 0.32802628 1.71173563 0.27450980 0.27450980 0.29411765
v 0.80377519 0.33293459 1.69166667 0.27450980 0.27450980 0.29411765
v 0.83164793 0.30808476 1.69460110 0.27450980 0.27450980 0.29411765
v 0.82118497 0.33456180 1.70501777 0.27450980 0.27450980 0.29411765
v 0.83484831 0.31399874 1.68278357 0.27450980 0.27450980 0.29411765
v 0.82438535 0.34047578 1.69320024 0.27450980 0.27450980 0.29411765
v 0.83017631 0.31703224 1.67038027 0.27450980 0.27450980 0.29411765
v 0.81971335 0.34350928 1.68079694 0.27450980 0.27450980 0.29411765
v 0.81941648 0.31602656 1.66212884 0.27450980 0.27450980 0.29411765
v 0.80895352 0.34250361 1.67254551 0.27450980 0.27450980 0.29411765
v 0.80667870 0.31136585 1.66118104 0.27450980 0.27450980 0.29411765
v 0.79621574 0.33784289 1.67159770 0.27450980 0.27450980 0.29411765
v 0.79682838 0.30483033 1.66789890 0.27450980 0.27450980 0.29411765
v 0.78636542 0.33130737 1.67831557 0.27450980 0.27450980 0.29411765
v 0.79362800 0.29891635 1.67971643 0.27450980 0.27450980 0.29411765
v 0.78316504 0.32539339 1.69013309 0.27450980 0.27450980 0.29411765
v 0.79830000 0.29588285 1.69211973 0.27450980 0.27450980 0.29411765
v 0.78783704 0.32235989 1.70253639 0.27450980 0.27450980 0.29411765
v 0.80905983 0.29688852 1.70037116 0.27450980 0.27450980 0.29411765
v 0.79859687 0.32336557 1.71078783 0.27450980 0.27450980 0.29411765
v 0.80377519 0.33293459 1.69166667 0.27450980 0.27450980 0.29411765
v 0.81133464 0.32819246 1.71177554 0.27450980 0.27450980 0.29411765
v 0.80001098 0.35431299 1.72219221 0.27450980 0.27450980 0.29411765
v 0.79245153 0.35905512 1.70208333 0.27450980 0.27450980 0.29411765
v 0.82103289 0.33503993 1.70514774 0.27450980 0.27450980 0.29411765
v 0.80970923 0.36116046 1.71556441 0.27450980 0.27450980 0.29411765
v 0.82413929 0.34108322 1.69337062 0.27450980 0.27450980 0.29411765
v 0.81281562 0.36720375 1.70378729 0.27450980 0.27450980 0.29411765
v 0.81946729 0.34401401 1.68094265 0.27450980 0.27450980 0.29411765
v 0.80814362 0.37013454 1.69135932 0.27450980 0.27450980 0.29411765
v 0.80880144 0.34271284 1.67261089 0.27450980 0.27450980 0.29411765
v 0.79747778 0.36883337 1.68302756 0.27450980 0.27450980 0.29411765
v 0.79621574 0.33767671 1.67155779 0.27450980 0.27450980 0.29411765
v 0.78489208 0.36379724 1.68197446 0.27450980 0.27450980 0.29411765
v 0.78651749 0.33082925 1.67818559 0.27450980 0.27450980 0.29411765
v 0.77519383 0.35694978 1.68860226 0.27450980 0.27450980 0.29411765
v 0.78341110 0.32478595 1.68996271 0.27450980 0.27450980 0.29411765
v 0.77208743 0.35090648 1.70037938 0.27450980 0.27450980 0.29411765
v 0.78808310 0.32185516 1.70239068 0.27450980 0.27450980 0.29411765
v 0.77675943 0.34797569 1.71280735 0.27450980 0.27450980 0.29411765
v 0.79874894 0.32315633 1.71072244 0.27450980 0.27450980 0.29411765
v 0.78742528 0.34927686 1.72113911 0.27450980 0.27450980 0.29411765
v 0.79245153 0.35905512 1.70208333 0.27450980 0.27450980 0.29411765
v 0.80001098 0.35447611 1.72222998 0.27450980 0.27450980 0.29411765
v 0.78783874 0.38021216 1.73264665 0.27450980 0.27450980 0.29411765
v 0.78027929 0.38479116 1.71250000 0.27450980 0.27450980 0.29411765
v 0.80954522 0.36163219 1.71569084 0.27450980 0.27450980 0.29411765
v 0.79737298 0.38736823 1.72610751 0.27450980 0.27450980 0.29411765
v 0.81255025 0.36780391 1.70395410 0.27450980 0.27450980 0.29411765
v 0.80037801 0.39353996 1.71437077 0.27450980 0.27450980 0.29411765
v 0.80787826 0.37063389 1.69150279 0.27450980 0.27450980 0.29411765
v 0.79570601 0.39636994 1.70191945 0.27450980 0.27450980 0.29411765
v 0.79731377 0.36904117 1.68309288 0.27450980 0.27450980 0.29411765
v 0.78514153 0.39477722 1.69350955 0.27450980 0.27450980 0.29411765
v 0.78489208 0.36363412 1.68193669 0.27450980 0.27450980 0.29411765
v 0.77271983 0.38937016 1.69235335 0.27450980 0.27450980 0.29411765
v 0.77535783 0.35647804 1.68847582 0.27450980 0.27450980 0.29411765
v 0.76318559 0.38221409 1.69889249 0.27450980 0.27450980 0.29411765
v 0.77235280 0.35030632 1.70021257 0.27450980 0.27450980 0.29411765
v 0.76018056 0.37604236 1.71062923 0.27450980 0.27450980 0.29411765
v 0.77702480 0.34747634 1.71266388 0.27450980 0.27450980 0.29411765
v 0.76485256 0.37321238 1.72308055 0.27450980 0.27450980 0.29411765
v 0.78758928 0.34906906 1.72107378 0.27450980 0.27450980 0.29411765
v 0.77541704 0.37480510 1.73149045 0.27450980 0.27450980 0.29411765
v 0.78027929 0.38479116 1.71250000 0.27450980 0.27450980 0.29411765
v 0.78783874 0.38037237 1.73268239 0.27450980 0.27450980 0.29411765
v 0.77483095 0.40569637 1.74309906 0.27450980 0.27450980 0.29411765
v 0.76727150 0.41011516 1.72291667 0.27450980 0.27450980 0.29411765
v 0.79719722 0.38783325 1.72623060 0.27450980 0.27450980 0.29411765
v 0.78418943 0.41315725 1.73664726 0.27450980 0.27450980 0.29411765
v 0.80009362 0.39413215 1.71453418 0.27450980 0.27450980 0.29411765
v 0.78708584 0.41945615 1.72495085 0.27450980 0.27450980 0.29411765
v 0.79542163 0.39686312 1.70206078 0.27450980 0.27450980 0.29411765
v 0.78241384 0.42218712 1.71247744 0.27450980 0.27450980 0.29411765
v 0.78496577 0.39498300 1.69357480 0.27450980 0.27450980 0.29411765
v 0.77195798 0.42030700 1.70399147 0.27450980 0.27450980 0.29411765
v 0.77271983 0.38920995 1.69231761 0.27450980 0.27450980 0.29411765
v 0.75971205 0.41453395 1.70273427 0.27450980 0.27450980 0.29411765
v 0.76336135 0.38174907 1.69876940 0.27450980 0.27450980 0.29411765
v 0.75035357 0.40707308 1.70918607 0.27450980 0.27450980 0.29411765
v 0.76046495 0.37545017 1.71046582 0.27450980 0.27450980 0.29411765
v 0.74745716 0.40077417 1.72088249 0.27450980 0.27450980 0.29411765
v 0.76513695 0.37271920 1.72293922 0.27450980 0.27450980 0.29411765
v 0.75212916 0.39804320 1.73335589 0.27450980 0.27450980 0.29411765
v 0.77559280 0.37459932 1.73142520 0.27450980 0.27450980 0.29411765
v 0.76258502 0.39992332 1.74184187 0.27450980 0.27450980 0.29411765
v 0.76727150 0.41011516 1.72291667 0.27450980 0.27450980 0.29411765
v 0.77483095 0.40585381 1.74313289 0.27450980 0.27450980 0.29411765
v 0.76100155 0.43073865 1.75354955 0.27450980 0.27450980 0.29411765
v 0.75344210 0.43500000 1.73333333 0.27450980 0.27450980 0.29411765
v 0.78400210 0.41361521 1.73676718 0.27450980 0.27450980 0.29411765
v 0.77017270 0.43850004 1.74718384 0.27450980 0.27450980 0.29411765
v 0.78678273 0.42003970 1.72511104 0.27450980 0.27450980 0.29411765
v 0.77295333 0.44492454 1.73552771 0.27450980 0.27450980 0.29411765
v 0.78211074 0.42267336 1.71261673 0.27450980 0.27450980 0.29411765
v 0.76828134 0.44755820 1.72303339 0.27450980 0.27450980 0.29411765
v 0.77177065 0.42051021 1.70405664 0.27450980 0.27450980 0.29411765
v 0.75794126 0.44539505 1.71447331 0.27450980 0.27450980 0.29411765
v 0.75971205 0.41437651 1.70270045 0.27450980 0.27450980 0.29411765
v 0.74588265 0.43926135 1.71311711 0.27450980 0.27450980 0.29411765
v 0.75054090 0.40661512 1.70906616 0.27450980 0.27450980 0.29411765
v 0.73671150 0.43149996 1.71948282 0.27450980 0.27450980 0.29411765
v 0.74776027 0.40019062 1.72072229 0.27450980 0.27450980 0.29411765
v 0.73393087 0.42507546 1.73113896 0.27450980 0.27450980 0.29411765
v 0.75243226 0.39755696 1.73321661 0.27450980 0.27450980 0.29411765
v 0.73860287 0.42244180 1.74363327 0.27450980 0.27450980 0.29411765
v 0.76277235 0.39972011 1.74177669 0.27450980 0.27450980 0.29411765
v 0.74894295 0.42460495 1.75219336 0.27450980 0.27450980 0.29411765
v 0.75344210 0.43500000 1.73333333 0.27450980 0.27450980 0.29411765
v 0.76100155 0.43089347 1.75358157 0.27450980 0.27450980 0.29411765
v 0.74636535 0.45531250 1.76399824 0.27450980 0.27450980 0.29411765
v 0.73880590 0.45941903 1.74375000 0.27450980 0.27450980 0.29411765
v 0.76997401 0.43895063 1.74730074 0.27450980 0.27450980 0.29411765
v 0.75533781 0.46336966 1.75771741 0.27450980 0.27450980 0.29411765
v 0.77263184 0.44549878 1.73568484 0.27450980 0.27450980 0.29411765
v 0.75799564 0.46991781 1.74610151 0.27450980 0.27450980 0.29411765
v 0.76795984 0.44803675 1.72317074 0.27450980 0.27450980 0.29411765
v 0.75332364 0.47245579 1.73358741 0.27450980 0.27450980 0.29411765
v 0.75774256 0.44559513 1.71453841 0.27450980 0.27450980 0.29411765
v 0.74310636 0.47001416 1.72495507 0.27450980 0.27450980 0.29411765
v 0.74588265 0.43910653 1.71308510 0.27450980 0.27450980 0.29411765
v 0.73124645 0.46352556 1.72350176 0.27450980 0.27450980 0.29411765
v 0.73691019 0.43104937 1.71936592 0.27450980 0.27450980 0.29411765
v 0.72227399 0.45546840 1.72978259 0.27450980 0.27450980 0.29411765
v 0.73425236 0.42450122 1.73098183 0.27450980 0.27450980 0.29411765
v 0.71961616 0.44892025 1.74139849 0.27450980 0.27450980 0.29411765
v 0.73892436 0.42196325 1.74349592 0.27450980 0.27450980 0.29411765
v 0.72428816 0.44638228 1.75391259 0.27450980 0.27450980 0.29411765
v 0.74914164 0.42440487 1.75212826 0.27450980 0.27450980 0.29411765
v 0.73450544 0.44882390 1.76254493 0.27450980 0.27450980 0.29411765
v 0.73880590 0.45941903 1.74375000 0.27450980 0.27450980 0.29411765
v 0.74636535 0.45546483 1.76402853 0.27450980 0.27450980 0.29411765
v 0.73093801 0.47939190 1.77444520 0.27450980 0.27450980 0.29411765
v 0.72337856 0.48334610 1.75416667 0.27450980 0.27450980 0.29411765
v 0.75512796 0.46381255 1.75783146 0.27450980 0.27450980 0.29411765
v 0.73970062 0.48773962 1.76824812 0.27450980 0.27450980 0.29411765
v 0.75765609 0.47048210 1.74625574 0.27450980 0.27450980 0.29411765
v 0.74222876 0.49440917 1.75667241 0.27450980 0.27450980 0.29411765
v 0.75298409 0.47292593 1.73372292 0.27450980 0.27450980 0.29411765
v 0.73755676 0.49685300 1.74413958 0.27450980 0.27450980 0.29411765
v 0.74289651 0.47021059 1.72502010 0.27450980 0.27450980 0.29411765
v 0.72746917 0.49413766 1.73543676 0.27450980 0.27450980 0.29411765
v 0.73124645 0.46337323 1.72347147 0.27450980 0.27450980 0.29411765
v 0.71581911 0.48730031 1.73388813 0.27450980 0.27450980 0.29411765
v 0.72248384 0.45502551 1.72966854 0.27450980 0.27450980 0.29411765
v 0.70705650 0.47895258 1.74008521 0.27450980 0.27450980 0.29411765
v 0.71995570 0.44835596 1.74124426 0.27450980 0.27450980 0.29411765
v 0.70452837 0.47228304 1.75166093 0.27450980 0.27450980 0.29411765
v 0.72462770 0.44591213 1.75377708 0.27450980 0.27450980 0.29411765
v 0.70920037 0.46983920 1.76419375 0.27450980 0.27450980 0.29411765
v 0.73471529 0.44862747 1.76247990 0.27450980 0.27450980 0.29411765
v 0.71928795 0.47255455 1.77289657 0.27450980 0.27450980 0.29411765
v 0.72337856 0.48334610 1.75416667 0.27450980 0.27450980 0.29411765
v 0.73093801 0.47954186 1.77447387 0.27450980 0.27450980 0.29411765
v 0.71473607 0.50295135 1.78489053 0.27450980 0.27450980 0.29411765
v 0.70717662 0.50675560 1.76458333 0.27450980 0.27450980 0.29411765
v 0.73947984 0.48817451 1.76835946 0.27450980 0.27450980 0.29411765
v 0.72327790 0.51158400 1.77877612 0.27450980 0.27450980 0.29411765
v 0.74187153 0.49496287 1.75682388 0.27450980 0.27450980 0.29411765
v 0.72566958 0.51837237 1.76724055 0.27450980 0.27450980 0.29411765
v 0.73719953 0.49731403 1.74427334 0.27450980 0.27450980 0.29411765
v 0.72099758 0.52072352 1.75469001 0.27450980 0.27450980 0.29411765
v 0.72724839 0.49432991 1.73550172 0.27450980 0.27450980 0.29411765
v 0.71104645 0.51773940 1.74591838 0.27450980 0.27450980 0.29411765
v 0.71581911 0.48715035 1.73385947 0.27450980 0.27450980 0.29411765
v 0.69961716 0.51055984 1.74427613 0.27450980 0.27450980 0.29411765
v 0.70727728 0.47851770 1.73997388 0.27450980 0.27450980 0.29411765
v 0.69107534 0.50192719 1.75039054 0.27450980 0.27450980 0.29411765
v 0.70488560 0.47172933 1.75150945 0.27450980 0.27450980 0.29411765
v 0.68868365 0.49513882 1.76192612 0.27450980 0.27450980 0.29411765
v 0.70955759 0.46937818 1.76405999 0.27450980 0.27450980 0.29411765
v 0.69335565 0.49278767 1.77447666 0.27450980 0.27450980 0.29411765
v 0.71950873 0.47236230 1.77283162 0.27450980 0.27450980 0.29411765
v 0.70330679 0.49577179 1.78324828 0.27450980 0.27450980 0.29411765
v 0.70717662 0.50675560 1.76458333 0.27450980 0.27450980 0.29411765
v 0.71473607 0.50309906 1.78491765 0.27450980 0.27450980 0.29411765
v 0.69777686 0.52596591 1.79533432 0.27450980 0.27450980 0.29411765
v 0.69021741 0.52962244 1.77500000 0.27450980 0.27450980 0.29411765
v 0.72304642 0.51201058 1.77888488 0.27450980 0.27450980 0.29411765
v 0.70608721 0.53487743 1.78930155 0.27450980 0.27450980 0.29411765
v 0.72529505 0.51891488 1.76738941 0.27450980 0.27450980 0.29411765
v 0.70833584 0.54178172 1.77780608 0.27450980 0.27450980 0.29411765
v 0.72062306 0.52117474 1.75482211 0.27450980 0.27450980 0.29411765
v 0.70366385 0.54404159 1.76523878 0.27450980 0.27450980 0.29411765
v 0.71081497 0.51792698 1.74598327 0.27450980 0.27450980 0.29411765
v 0.69385577 0.54079383 1.75639993 0.27450980 0.27450980 0.29411765
v 0.69961716 0.51041213 1.74424902 0.27450980 0.27450980 0.29411765
v 0.68265795 0.53327898 1.75466568 0.27450980 0.27450980 0.29411765
v 0.69130681 0.50150061 1.75028178 0.27450980 0.27450980 0.29411765
v 0.67434760 0.52436746 1.76069845 0.27450980 0.27450980 0.29411765
v 0.68905818 0.49459631 1.76177726 0.27450980 0.27450980 0.29411765
v 0.67209897 0.51746316 1.77219392 0.27450980 0.27450980 0.29411765
v 0.69373018 0.49233645 1.77434456 0.27450980 0.27450980 0.29411765
v 0.67677097 0.51520330 1.78476122 0.27450980 0.27450980 0.29411765
v 0.70353826 0.49558421 1.78318340 0.27450980 0.27450980 0.29411765
v 0.68657905 0.51845106 1.79360007 0.27450980 0.27450980 0.29411765
v 0.69021741 0.52962244 1.77500000 0.27450980 0.27450980 0.29411765
v 0.69777686 0.52611149 1.79535996 0.27450980 0.27450980 0.29411765
v 0.68007855 0.54841120 1.80577662 0.27450980 0.27450980 0.29411765
v 0.67251909 0.55192216 1.78541667 0.27450980 0.27450980 0.29411765
v 0.70584530 0.53529540 1.78940786 0.27450980 0.27450980 0.29411765
v 0.68814699 0.55759512 1.79982453 0.27450980 0.27450980 0.29411765
v 0.70794442 0.54231245 1.77795245 0.27450980 0.27450980 0.29411765
v 0.69024610 0.56461216 1.78836912 0.27450980 0.27450980 0.29411765
v 0.70327242 0.54448234 1.76536931 0.27450980 0.27450980 0.29411765
v 0.68557411 0.56678205 1.77578597 0.27450980 0.27450980 0.29411765
v 0.69361385 0.54097625 1.75646476 0.27450980 0.27450980 0.29411765
v 0.67591554 0.56327597 1.76688143 0.27450980 0.27450980 0.29411765
v 0.68265795 0.53313340 1.75464004 0.27450980 0.27450980 0.29411765
v 0.66495964 0.55543312 1.76505671 0.27450980 0.27450980 0.29411765
v 0.67458951 0.52394948 1.76059214 0.27450980 0.27450980 0.29411765
v 0.65689120 0.54624920 1.77100880 0.27450980 0.27450980 0.29411765
v 0.67249040 0.51693244 1.77204755 0.27450980 0.27450980 0.29411765
v 0.65479208 0.53923216 1.78246421 0.27450980 0.27450980 0.29411765
v 0.67716239 0.51476255 1.78463069 0.27450980 0.27450980 0.29411765
v 0.65946408 0.53706226 1.79504736 0.27450980 0.27450980 0.29411765
v 0.68682096 0.51826863 1.79353524 0.27450980 0.27450980 0.29411765
v 0.66912265 0.54056835 1.80395191 0.27450980 0.27450980 0.29411765
v 0.67251909 0.55192216 1.78541667 0.27450980 0.27450980 0.29411765
v 0.68007855 0.54855476 1.80580086 0.27450980 0.27450980 0.29411765
v 0.66166008 0.57026346 1.81621753 0.27450980 0.27450980 0.29411765
v 0.65410063 0.57363086 1.79583333 0.27450980 0.27450980 0.29411765
v 0.68789488 0.55800420 1.79992852 0.27450980 0.27450980 0.29411765
v 0.66947642 0.57971290 1.81034518 0.27450980 0.27450980 0.29411765
v 0.68983819 0.56513051 1.78851314 0.27450980 0.27450980 0.29411765
v 0.67141973 0.58683921 1.79892981 0.27450980 0.27450980 0.29411765
v 0.68516620 0.56721168 1.77591502 0.27450980 0.27450980 0.29411765
v 0.66674773 0.58892038 1.78633168 0.27450980 0.27450980 0.29411765
v 0.67566344 0.56345277 1.76694620 0.27450980 0.27450980 0.29411765
v 0.65724497 0.58516147 1.77736287 0.27450980 0.27450980 0.29411765
v 0.66495964 0.55528956 1.76503247 0.27450980 0.27450980 0.29411765
v 0.64654118 0.57699826 1.77544914 0.27450980 0.27450980 0.29411765
v 0.65714330 0.54584011 1.77090482 0.27450980 0.27450980 0.29411765
v 0.63872484 0.56754881 1.78132148 0.27450980 0.27450980 0.29411765
v 0.65519999 0.53871380 1.78232019 0.27450980 0.27450980 0.29411765
v 0.63678153 0.56042250 1.79273686 0.27450980 0.27450980 0.29411765
v 0.65987199 0.53663264 1.79491832 0.27450980 0.27450980 0.29411765
v 0.64145353 0.55834134 1.80533498 0.27450980 0.27450980 0.29411765
v 0.66937475 0.54039155 1.80388713 0.27450980 0.27450980 0.29411765
v 0.65095629 0.56210025 1.81430380 0.27450980 0.27450980 0.29411765
v 0.65410063 0.57363086 1.79583333 0.27450980 0.27450980 0.29411765
v 0.66166008 0.57040510 1.81624042 0.27450980 0.27450980 0.29411765
v 0.64254119 0.59149955 1.82665709 0.27450980 0.27450980 0.29411765
v 0.63498174 0.59472530 1.80625000 0.27450980 0.27450980 0.29411765
v 0.66921440 0.58011281 1.81044696 0.27450980 0.27450980 0.29411765
v 0.65009552 0.60120726 1.82086363 0.27450980 0.27450980 0.29411765
v 0.67099578 0.58734464 1.79907159 0.27450980 0.27450980 0.29411765
v 0.65187689 0.60843908 1.80948826 0.27450980 0.27450980 0.29411765
v 0.66632378 0.58933826 1.78645932 0.27450980 0.27450980 0.29411765
v 0.64720489 0.61043271 1.79687599 0.27450980 0.27450980 0.29411765
v 0.65698296 0.58533220 1.77742760 0.27450980 0.27450980 0.29411765
v 0.63786407 0.60642664 1.78784427 0.27450980 0.27450980 0.29411765
v 0.64654118 0.57685661 1.77542625 0.27450980 0.27450980 0.29411765
v 0.62742229 0.59795106 1.78584291 0.27450980 0.27450980 0.29411765
v 0.63898686 0.56714890 1.78121970 0.27450980 0.27450980 0.29411765
v 0.61986797 0.58824335 1.79163637 0.27450980 0.27450980 0.29411765
v 0.63720549 0.55991708 1.79259507 0.27450980 0.27450980 0.29411765
v 0.61808660 0.58101152 1.80301174 0.27450980 0.27450980 0.29411765
v 0.64187748 0.55792345 1.80520735 0.27450980 0.27450980 0.29411765
v 0.62275860 0.57901790 1.81562401 0.27450980 0.27450980 0.29411765
v 0.65121831 0.56192952 1.81423906 0.27450980 0.27450980 0.29411765
v 0.63209942 0.58302397 1.82465573 0.27450980 0.27450980 0.29411765
v 0.63498174 0.59472530 1.80625000 0.27450980 0.27450980 0.29411765
v 0.64254119 0.59163938 1.82667870 0.27450980 0.27450980 0.29411765
v 0.62274235 0.61209698 1.83709537 0.27450980 0.27450980 0.29411765
v 0.61518290 0.61518290 1.81666667 0.27450980 0.27450980 0.29411765
v 0.64982386 0.60159772 1.82096331 0.27450980 0.27450980 0.29411765
v 0.63002502 0.62205532 1.83137997 0.27450980 0.27450980 0.29411765
v 0.65143734 0.60893103 1.80962793 0.27450980 0.27450980 0.29411765
v 0.63163850 0.62938863 1.82004460 0.27450980 0.27450980 0.29411765
v 0.64676535 0.61083824 1.79700230 0.27450980 0.27450980 0.29411765
v 0.62696650 0.63129584 1.80741896 0.27450980 0.27450980 0.29411765
v 0.63759241 0.60659085 1.78790897 0.27450980 0.27450980 0.29411765
v 0.61779357 0.62704845 1.79832564 0.27450980 0.27450980 0.29411765
v 0.62742229 0.59781123 1.78582130 0.27450980 0.27450980 0.29411765
v 0.60762345 0.61826882 1.79623797 0.27450980 0.27450980 0.29411765
v 0.62013962 0.58785288 1.79153669 0.27450980 0.27450980 0.29411765
v 0.60034078 0.60831048 1.80195336 0.27450980 0.27450980 0.29411765
v 0.61852614 0.58051957 1.80287207 0.27450980 0.27450980 0.29411765
v 0.59872730 0.60097717 1.81328874 0.27450980 0.27450980 0.29411765
v 0.62319814 0.57861237 1.81549770 0.27450980 0.27450980 0.29411765
v 0.60339930 0.59906996 1.82591437 0.27450980 0.27450980 0.29411765
v 0.63237107 0.58285976 1.82459103 0.27450980 0.27450980 0.29411765
v 0.61257223 0.60331735 1.83500769 0.27450980 0.27450980 0.29411765
v 0.61518290 0.61518290 1.81666667 0.27450980 0.27450980 0.29411765
v 0.62274235 0.61223510 1.83711575 0.27450980 0.27450980 0.29411765
v 0.60228475 0.63203394 1.84753242 0.27450980 0.27450980 0.29411765
v 0.59472530 0.63498174 1.82708333 0.27450980 0.27450980 0.29411765
v 0.62974402 0.62243607 1.83147765 0.27450980 0.27450980 0.29411765
v 0.60928642 0.64223492 1.84189432 0.27450980 0.27450980 0.29411765
v 0.63118384 0.62986659 1.82018225 0.27450980 0.27450980 0.29411765
v 0.61072624 0.64966543 1.83059892 0.27450980 0.27450980 0.29411765
v 0.62651184 0.63168843 1.80754402 0.27450980 0.27450980 0.29411765
v 0.60605424 0.65148727 1.81796069 0.27450980 0.27450980 0.29411765
v 0.61751257 0.62720572 1.79839033 0.27450980 0.27450980 0.29411765
v 0.59705497 0.64700456 1.80880700 0.27450980 0.27450980 0.29411765
v 0.60762345 0.61813070 1.79621758 0.27450980 0.27450980 0.29411765
v 0.58716585 0.63792955 1.80663425 0.27450980 0.27450980 0.29411765
v 0.60062178 0.60792973 1.80185568 0.27450980 0.27450980 0.29411765
v 0.58016418 0.62772857 1.81227235 0.27450980 0.27450980 0.29411765
v 0.59918196 0.60049921 1.81315108 0.27450980 0.27450980 0.29411765
v 0.57872437 0.62029806 1.82356775 0.27450980 0.27450980 0.29411765
v 0.60385396 0.59867737 1.82578931 0.27450980 0.27450980 0.29411765
v 0.58339636 0.61847621 1.83620598 0.27450980 0.27450980 0.29411765
v 0.61285323 0.60316008 1.83494300 0.27450980 0.27450980 0.29411765
v 0.59239563 0.62295892 1.84535967 0.27450980 0.27450980 0.29411765
v 0.59472530 0.63498174 1.82708333 0.27450980 0.27450980 0.29411765
v 0.60228475 0.63217044 1.84755163 0.27450980 0.27450980 0.29411765
v 0.58119031 0.65128933 1.85796830 0.27450980 0.27450980 0.29411765
v 0.57363086 0.65410063 1.83750000 0.27450980 0.27450980 0.29411765
v 0.60899638 0.64260571 1.84199009 0.27450980 0.27450980 0.29411765
v 0.58790194 0.66172460 1.85240676 0.27450980 0.27450980 0.29411765
v 0.61025694 0.65012888 1.83073468 0.27450980 0.27450980 0.29411765
v 0.58916250 0.66924777 1.84115134 0.27450980 0.27450980 0.29411765
v 0.60558495 0.65186637 1.81808457 0.27450980 0.27450980 0.29411765
v 0.58449050 0.67098525 1.82850124 0.27450980 0.27450980 0.29411765
v 0.59676493 0.64715450 1.80887169 0.27450980 0.27450980 0.29411765
v 0.57567049 0.66627338 1.81928835 0.27450980 0.27450980 0.29411765
v 0.58716585 0.63779305 1.80661503 0.27450980 0.27450980 0.29411765
v 0.56607141 0.65691194 1.81703170 0.27450980 0.27450980 0.29411765
v 0.58045422 0.62735778 1.81217658 0.27450980 0.27450980 0.29411765
v 0.55935978 0.64647667 1.82259324 0.27450980 0.27450980 0.29411765
v 0.57919366 0.61983460 1.82343199 0.27450980 0.27450980 0.29411765
v 0.55809922 0.63895349 1.83384866 0.27450980 0.27450980 0.29411765
v 0.58386566 0.61809712 1.83608210 0.27450980 0.27450980 0.29411765
v 0.56277122 0.63721601 1.84649876 0.27450980 0.27450980 0.29411765
v 0.59268567 0.62280899 1.84529498 0.27450980 0.27450980 0.29411765
v 0.57159123 0.64192788 1.85571165 0.27450980 0.27450980 0.29411765
v 0.57363086 0.65410063 1.83750000 0.27450980 0.27450980 0.29411765
v 0.58119031 0.65142430 1.85798638 0.27450980 0.27450980 0.29411765
v 0.55948161 0.66984276 1.86840305 0.27450980 0.27450980 0.29411765
v 0.55192216 0.67251909 1.84791667 0.27450980 0.27450980 0.29411765
v 0.58760316 0.66208518 1.85250072 0.27450980 0.27450980 0.29411765
v 0.56589446 0.68050364 1.86291739 0.27450980 0.27450980 0.29411765
v 0.58867907 0.66969623 1.84128530 0.27450980 0.27450980 0.29411765
v 0.56697037 0.68811470 1.85170196 0.27450980 0.27450980 0.29411765
v 0.58400707 0.67135030 1.82862401 0.27450980 0.27450980 0.29411765
v 0.56229837 0.68976876 1.83904068 0.27450980 0.27450980 0.29411765
v 0.57537171 0.66641558 1.81935306 0.27450980 0.27450980 0.29411765
v 0.55366301 0.68483404 1.82976972 0.27450980 0.27450980 0.29411765
v 0.56607141 0.65677697 1.81701362 0.27450980 0.27450980 0.29411765
v 0.54436271 0.67519543 1.82743028 0.27450980 0.27450980 0.29411765
v 0.55965855 0.64611609 1.82249928 0.27450980 0.27450980 0.29411765
v 0.53794985 0.66453455 1.83291594 0.27450980 0.27450980 0.29411765
v 0.55858265 0.63850503 1.83371470 0.27450980 0.27450980 0.29411765
v 0.53687394 0.65692349 1.84413137 0.27450980 0.27450980 0.29411765
v 0.56325464 0.63685096 1.84637599 0.27450980 0.27450980 0.29411765
v 0.54154594 0.65526943 1.85679265 0.27450980 0.27450980 0.29411765
v 0.57189000 0.64178569 1.85564694 0.27450980 0.27450980 0.29411765
v 0.55018130 0.66020415 1.86606361 0.27450980 0.27450980 0.29411765
v 0.55192216 0.67251909 1.84791667 0.27450980 0.27450980 0.29411765
v 0.55948161 0.66997629 1.86842005 0.27450980 0.27450980 0.29411765
v 0.53718189 0.68767460 1.87883672 0.27450980 0.27450980 0.29411765
v 0.52962244 0.69021741 1.85833333 0.27450980 0.27450980 0.29411765
v 0.56558728 0.68085378 1.86300963 0.27450980 0.27450980 0.29411765
v 0.54328756 0.69855209 1.87342630 0.27450980 0.27450980 0.29411765
v 0.56647333 0.68854770 1.85183421 0.27450980 0.27450980 0.29411765
v 0.54417362 0.70624601 1.86225088 0.27450980 0.27450980 0.29411765
v 0.56180133 0.69011924 1.83916242 0.27450980 0.27450980 0.29411765
v 0.53950162 0.70781755 1.84957909 0.27450980 0.27450980 0.29411765
v 0.55335583 0.68496812 1.82983446 0.27450980 0.27450980 0.29411765
v 0.53105611 0.70266643 1.84025112 0.27450980 0.27450980 0.29411765
v 0.54436271 0.67506190 1.82741328 0.27450980 0.27450980 0.29411765
v 0.52206299 0.69276021 1.83782995 0.27450980 0.27450980 0.29411765
v 0.53825704 0.66418441 1.83282370 0.27450980 0.27450980 0.29411765
v 0.51595733 0.68188272 1.84324037 0.27450980 0.27450980 0.29411765
v 0.53737098 0.65649049 1.84399912 0.27450980 0.27450980 0.29411765
v 0.51507127 0.67418880 1.85441579 0.27450980 0.27450980 0.29411765
v 0.54204298 0.65491895 1.85667091 0.27450980 0.27450980 0.29411765
v 0.51974327 0.67261726 1.86708758 0.27450980 0.27450980 0.29411765
v 0.55048849 0.66007007 1.86599888 0.27450980 0.27450980 0.29411765
v 0.52818877 0.67776838 1.87641554 0.27450980 0.27450980 0.29411765
v 0.52962244 0.69021741 1.85833333 0.27450980 0.27450980 0.29411765
v 0.53718189 0.68780678 1.87885268 0.27450980 0.27450980 0.29411765
v 0.51431505 0.70476599 1.88926935 0.27450980 0.27450980 0.29411765
v 0.50675560 0.70717662 1.86875000 0.27450980 0.27450980 0.29411765
v 0.54297229 0.69889156 1.87351690 0.27450980 0.27450980 0.29411765
v 0.52010544 0.71585077 1.88393357 0.27450980 0.27450980 0.29411765
v 0.54366350 0.70666311 1.86238152 0.27450980 0.27450980 0.29411765
v 0.52079665 0.72362232 1.87279818 0.27450980 0.27450980 0.29411765
v 0.53899150 0.70815296 1.84969986 0.27450980 0.27450980 0.29411765
v 0.51612465 0.72511217 1.86011653 0.27450980 0.27450980 0.29411765
v 0.53074084 0.70279204 1.84031590 0.27450980 0.27450980 0.29411765
v 0.50787399 0.71975125 1.85073257 0.27450980 0.27450980 0.29411765
v 0.52206299 0.69262804 1.83781399 0.27450980 0.27450980 0.29411765
v 0.49919614 0.70958724 1.84823065 0.27450980 0.27450980 0.29411765
v 0.51627260 0.68154326 1.84314977 0.27450980 0.27450980 0.29411765
v 0.49340575 0.69850247 1.85356643 0.27450980 0.27450980 0.29411765
v 0.51558139 0.67377171 1.85428515 0.27450980 0.27450980 0.29411765
v 0.49271454 0.69073092 1.86470182 0.27450980 0.27450980 0.29411765
v 0.52025339 0.67228186 1.86696680 0.27450980 0.27450980 0.29411765
v 0.49738654 0.68924107 1.87738347 0.27450980 0.27450980 0.29411765
v 0.52850405 0.67764278 1.87635077 0.27450980 0.27450980 0.29411765
v 0.50563720 0.69460199 1.88676743 0.27450980 0.27450980 0.29411765
v 0.50675560 0.70717662 1.86875000 0.27450980 0.27450980 0.29411765
v 0.51431505 0.70489689 1.88928430 0.27450980 0.27450980 0.29411765
v 0.49090555 0.72109883 1.89970097 0.27450980 0.27450980 0.29411765
v 0.48334610 0.72337856 1.87916667 0.27450980 0.27450980 0.29411765
v 0.51978242 0.71617935 1.88402261 0.27450980 0.27450980 0.29411765
v 0.49637293 0.73238129 1.89443927 0.27450980 0.27450980 0.29411765
v 0.52027400 0.72402307 1.87292730 0.27450980 0.27450980 0.29411765
v 0.49686450 0.74022502 1.88334396 0.27450980 0.27450980 0.29411765
v 0.51560200 0.72543202 1.86023640 0.27450980 0.27450980 0.29411765
v 0.49219250 0.74163397 1.87065307 0.27450980 0.27450980 0.29411765
v 0.50755098 0.71986803 1.85079741 0.27450980 0.27450980 0.29411765
v 0.48414148 0.73606997 1.86121408 0.27450980 0.27450980 0.29411765
v 0.49919614 0.70945634 1.84821570 0.27450980 0.27450980 0.29411765
v 0.47578665 0.72565829 1.85863237 0.27450980 0.27450980 0.29411765
v 0.49372877 0.69817388 1.85347739 0.27450980 0.27450980 0.29411765
v 0.47031927 0.71437583 1.86389406 0.27450980 0.27450980 0.29411765
v 0.49323720 0.69033016 1.86457270 0.27450980 0.27450980 0.29411765
v 0.46982770 0.70653211 1.87498937 0.27450980 0.27450980 0.29411765
v 0.49790919 0.68892121 1.87726360 0.27450980 0.27450980 0.29411765
v 0.47449970 0.70512316 1.88768027 0.27450980 0.27450980 0.29411765
v 0.50596022 0.69448521 1.88670259 0.27450980 0.27450980 0.29411765
v 0.48255072 0.71068715 1.89711926 0.27450980 0.27450980 0.29411765
v 0.48334610 0.72337856 1.87916667 0.27450980 0.27450980 0.29411765
v 0.49090555 0.72122854 1.89971495 0.27450980 0.27450980 0.29411765
v 0.46697848 0.73665588 1.91013162 0.27450980 0.27450980 0.29411765
v 0.45941903 0.73880590 1.88958333 0.27450980 0.27450980 0.29411765
v 0.49604251 0.73269879 1.89452683 0.27450980 0.27450980 0.29411765
v 0.47211544 0.74812612 1.90494350 0.27450980 0.27450980 0.29411765
v 0.49632987 0.74060903 1.88347164 0.27450980 0.27450980 0.29411765
v 0.47240280 0.75603636 1.89388831 0.27450980 0.27450980 0.29411765
v 0.49165788 0.74193781 1.87077210 0.27450980 0.27450980 0.29411765
v 0.46773080 0.75736515 1.88118877 0.27450980 0.27450980 0.29411765
v 0.48381106 0.73617760 1.86127900 0.27450980 0.27450980 0.29411765
v 0.45988399 0.75160493 1.87169567 0.27450980 0.27450980 0.29411765
v 0.47578665 0.72552858 1.85861838 0.27450980 0.27450980 0.29411765
v 0.45185958 0.74095592 1.86903505 0.27450980 0.27450980 0.29411765
v 0.47064969 0.71405834 1.86380650 0.27450980 0.27450980 0.29411765
v 0.44672262 0.72948567 1.87422317 0.27450980 0.27450980 0.29411765
v 0.47036233 0.70614810 1.87486169 0.27450980 0.27450980 0.29411765
v 0.44643526 0.72157544 1.88527836 0.27450980 0.27450980 0.29411765
v 0.47503433 0.70481931 1.88756123 0.27450980 0.27450980 0.29411765
v 0.45110726 0.72024665 1.89797790 0.27450980 0.27450980 0.29411765
v 0.48288114 0.71057953 1.89705433 0.27450980 0.27450980 0.29411765
v 0.45895407 0.72600686 1.90747100 0.27450980 0.27450980 0.29411765
v 0.45941903 0.73880590 1.88958333 0.27450980 0.27450980 0.29411765
v 0.46697848 0.73678447 1.91014467 0.27450980 0.27450980 0.29411765
v 0.44255945 0.75142067 1.92056134 0.27450980 0.27450980 0.29411765
v 0.43500000 0.75344210 1.90000000 0.27450980 0.27450980 0.29411765
v 0.47177797 0.74843233 1.90502963 0.27450980 0.27450980 0.29411765
v 0.44735894 0.76306854 1.91544630 0.27450980 0.27450980 0.29411765
v 0.47185677 0.75640323 1.89401464 0.27450980 0.27450980 0.29411765
v 0.44743774 0.77103943 1.90443131 0.27450980 0.27450980 0.29411765
v 0.46718477 0.75765255 1.88130703 0.27450980 0.27450980 0.29411765
v 0.44276574 0.77228875 1.89172370 0.27450980 0.27450980 0.29411765
v 0.45954653 0.75170308 1.87176070 0.27450980 0.27450980 0.29411765
v 0.43512750 0.76633928 1.88217736 0.27450980 0.27450980 0.29411765
v 0.45185958 0.74082733 1.86902200 0.27450980 0.27450980 0.29411765
v 0.42744055 0.75546353 1.87943866 0.27450980 0.27450980 0.29411765
v 0.44706009 0.72917946 1.87413703 0.27450980 0.27450980 0.29411765
v 0.42264106 0.74381567 1.88455370 0.27450980 0.27450980 0.29411765
v 0.44698129 0.72120856 1.88515203 0.27450980 0.27450980 0.29411765
v 0.42256226 0.73584477 1.89556869 0.27450980 0.27450980 0.29411765
v 0.45165329 0.71995925 1.89785963 0.27450980 0.27450980 0.29411765
v 0.42723426 0.73459545 1.90827630 0.27450980 0.27450980 0.29411765
v 0.45929153 0.72590872 1.90740597 0.27450980 0.27450980 0.29411765
v 0.43487250 0.74054492 1.91782264 0.27450980 0.27450980 0.29411765
v 0.43500000 0.75344210 1.90000000 0.27450980 0.27450980 0.29411765
v 0.44255945 0.75154822 1.92057348 0.27450980 0.27450980 0.29411765
v 0.41767461 0.76537761 1.93099014 0.27450980 0.27450980 0.29411765
v 0.41011516 0.76727150 1.91041667 0.27450980 0.27450980 0.29411765
v 0.44701479 0.76336328 1.91553109 0.27450980 0.27450980 0.29411765
v 0.42212996 0.77719268 1.92594776 0.27450980 0.27450980 0.29411765
v 0.44688089 0.77138880 1.90455636 0.27450980 0.27450980 0.29411765
v 0.42199605 0.78521820 1.91497303 0.27450980 0.27450980 0.29411765
v 0.44220890 0.77255928 1.89184125 0.27450980 0.27450980 0.29411765
v 0.41732406 0.78638868 1.90225792 0.27450980 0.27450980 0.29411765
v 0.43478334 0.76642766 1.88224251 0.27450980 0.27450980 0.29411765
v 0.40989851 0.78025705 1.89265918 0.27450980 0.27450980 0.29411765
v 0.42744055 0.75533599 1.87942652 0.27450980 0.27450980 0.29411765
v 0.40255571 0.76916539 1.88984319 0.27450980 0.27450980 0.29411765
v 0.42298521 0.74352092 1.88446891 0.27450980 0.27450980 0.29411765
v 0.39810037 0.75735032 1.89488557 0.27450980 0.27450980 0.29411765
v 0.42311911 0.73549540 1.89544364 0.27450980 0.27450980 0.29411765
v 0.39823427 0.74932480 1.90586031 0.27450980 0.27450980 0.29411765
v 0.42779110 0.73432492 1.90815875 0.27450980 0.27450980 0.29411765
v 0.40290627 0.74815432 1.91857541 0.27450980 0.27450980 0.29411765
v 0.43521666 0.74045655 1.91775749 0.27450980 0.27450980 0.29411765
v 0.41033182 0.75428595 1.92817416 0.27450980 0.27450980 0.29411765
v 0.41011516 0.76727150 1.91041667 0.27450980 0.27450980 0.29411765
v 0.41767461 0.76550419 1.93100140 0.27450980 0.27450980 0.29411765
v 0.39235061 0.77851198 1.94141807 0.27450980 0.27450980 0.29411765
v 0.38479116 0.78027929 1.92083333 0.27450980 0.27450980 0.29411765
v 0.42177949 0.77747580 1.92603127 0.27450980 0.27450980 0.29411765
v 0.39645549 0.79048358 1.93644794 0.27450980 0.27450980 0.29411765
v 0.42142899 0.78554971 1.91509689 0.27450980 0.27450980 0.29411765
v 0.39610499 0.79855749 1.92551356 0.27450980 0.27450980 0.29411765
v 0.41675699 0.78664196 1.90237482 0.27450980 0.27450980 0.29411765
v 0.39143299 0.79964975 1.91279149 0.27450980 0.27450980 0.29411765
v 0.40954804 0.78033536 1.89272447 0.27450980 0.27450980 0.29411765
v 0.38422404 0.79334315 1.90314114 0.27450980 0.27450980 0.29411765
v 0.40255571 0.76903881 1.88983193 0.27450980 0.27450980 0.29411765
v 0.37723171 0.78204659 1.90024860 0.27450980 0.27450980 0.29411765
v 0.39845083 0.75706720 1.89480206 0.27450980 0.27450980 0.29411765
v 0.37312683 0.77007499 1.90521873 0.27450980 0.27450980 0.29411765
v 0.39880134 0.74899329 1.90573644 0.27450980 0.27450980 0.29411765
v 0.37347734 0.76200108 1.91615311 0.27450980 0.27450980 0.29411765
v 0.40347333 0.74790104 1.91845851 0.27450980 0.27450980 0.29411765
v 0.37814933 0.76090882 1.92887518 0.27450980 0.27450980 0.29411765
v 0.41068228 0.75420764 1.92810886 0.27450980 0.27450980 0.29411765
v 0.38535828 0.76721542 1.93852553 0.27450980 0.27450980 0.29411765
v 0.38479116 0.78027929 1.92083333 0.27450980 0.27450980 0.29411765
v 0.39235061 0.77863766 1.94142847 0.27450980 0.27450980 0.29411765
v 0.36661457 0.79080990 1.95184514 0.27450980 0.27450980 0.29411765
v 0.35905512 0.79245153 1.93125000 0.27450980 0.27450980 0.29411765
v 0.39609908 0.79075490 1.93653022 0.27450980 0.27450980 0.29411765
v 0.37036303 0.80292715 1.94694689 0.27450980 0.27450980 0.29411765
v 0.39552830 0.79887082 1.92563630 0.27450980 0.27450980 0.29411765
v 0.36979226 0.81104307 1.93605297 0.27450980 0.27450980 0.29411765
v 0.39085631 0.79988541 1.91290780 0.27450980 0.27450980 0.29411765
v 0.36512026 0.81205765 1.92332447 0.27450980 0.27450980 0.29411765
v 0.38386763 0.79341112 1.90320659 0.27450980 0.27450980 0.29411765
v 0.35813158 0.80558336 1.91362326 0.27450980 0.27450980 0.29411765
v 0.37723171 0.78192091 1.90023819 0.27450980 0.27450980 0.29411765
v 0.35149566 0.79409316 1.91065486 0.27450980 0.27450980 0.29411765
v 0.37348324 0.76980367 1.90513644 0.27450980 0.27450980 0.29411765
v 0.34774720 0.78197591 1.91555311 0.27450980 0.27450980 0.29411765
v 0.37405402 0.76168775 1.91603037 0.27450980 0.27450980 0.29411765
v 0.34831797 0.77385999 1.92644703 0.27450980 0.27450980 0.29411765
v 0.37872602 0.76067316 1.92875886 0.27450980 0.27450980 0.29411765
v 0.35298997 0.77284541 1.93917553 0.27450980 0.27450980 0.29411765
v 0.38571469 0.76714745 1.93846008 0.27450980 0.27450980 0.29411765
v 0.35997865 0.77931970 1.94887674 0.27450980 0.27450980 0.29411765
v 0.35905512 0.79245153 1.93125000 0.27450980 0.27450980 0.29411765
v 0.36661457 0.79093475 1.95185471 0.27450980 0.27450980 0.29411765
v 0.34049404 0.80225841 1.96227138 0.27450980 0.27450980 0.29411765
v 0.33293459 0.80377519 1.94166667 0.27450980 0.27450980 0.29411765
v 0.37000106 0.80318653 1.94702802 0.27450980 0.27450980 0.29411765
v 0.34388053 0.81451020 1.95744469 0.27450980 0.27450980 0.29411765
v 0.36920658 0.81133791 1.93617466 0.27450980 0.27450980 0.29411765
v 0.34308605 0.82266158 1.94659133 0.27450980 0.27450980 0.29411765
v 0.36453458 0.81227533 1.92344025 0.27450980 0.27450980 0.29411765
v 0.33841405 0.82359900 1.93385692 0.27450980 0.27450980 0.29411765
v 0.35776961 0.80564074 1.91368890 0.27450980 0.27450980 0.29411765
v 0.33164909 0.81696440 1.92410556 0.27450980 0.27450980 0.29411765
v 0.35149566 0.79396831 1.91064529 0.27450980 0.27450980 0.29411765
v 0.32537513 0.80529197 1.92106196 0.27450980 0.27450980 0.29411765
v 0.34810917 0.78171652 1.91547198 0.27450980 0.27450980 0.29411765
v 0.32198864 0.79304019 1.92588865 0.27450980 0.27450980 0.29411765
v 0.34890365 0.77356514 1.92632534 0.27450980 0.27450980 0.29411765
v 0.32278312 0.78488881 1.93674201 0.27450980 0.27450980 0.29411765
v 0.35357565 0.77262772 1.93905975 0.27450980 0.27450980 0.29411765
v 0.32745512 0.78395139 1.94947642 0.27450980 0.27450980 0.29411765
v 0.36034062 0.77926232 1.94881110 0.27450980 0.27450980 0.29411765
v 0.33422009 0.79058599 1.95922777 0.27450980 0.27450980 0.29411765
v 0.33293459 0.80377519 1.94166667 0.27450980 0.27450980 0.29411765
v 0.34049404 0.80238250 1.96228014 0.27450980 0.27450980 0.29411765
v 0.31401699 0.81284546 1.97269680 0.27450980 0.27450980 0.29411765
v 0.30645754 0.81423816 1.95208333 0.27450980 0.27450980 0.29411765
v 0.34351339 0.81475751 1.95752471 0.27450980 0.27450980 0.29411765
v 0.31703635 0.82522048 1.96794138 0.27450980 0.27450980 0.29411765
v 0.34249200 0.82293765 1.94671205 0.27450980 0.27450980 0.29411765
v 0.31601496 0.83340062 1.95712872 0.27450980 0.27450980 0.29411765
v 0.33782001 0.82379839 1.93397222 0.27450980 0.27450980 0.29411765
v 0.31134296 0.83426135 1.94438889 0.27450980 0.27450980 0.29411765
v 0.33128194 0.81701094 1.92417142 0.27450980 0.27450980 0.29411765
v 0.30480490 0.82747390 1.93458808 0.27450980 0.27450980 0.29411765
v 0.32537513 0.80516789 1.92105320 0.27450980 0.27450980 0.29411765
v 0.29889809 0.81563085 1.93146986 0.27450980 0.27450980 0.29411765
v 0.32235578 0.79279287 1.92580862 0.27450980 0.27450980 0.29411765
v 0.29587873 0.80325584 1.93622529 0.27450980 0.27450980 0.29411765
v 0.32337717 0.78461273 1.93662128 0.27450980 0.27450980 0.29411765
v 0.29690012 0.79507570 1.94703795 0.27450980 0.27450980 0.29411765
v 0.32804917 0.78375200 1.94936111 0.27450980 0.27450980 0.29411765
v 0.30157212 0.79421496 1.95977778 0.27450980 0.27450980 0.29411765
v 0.33458723 0.79053945 1.95916192 0.27450980 0.27450980 0.29411765
v 0.30811018 0.80100241 1.96957858 0.27450980 0.27450980 0.29411765
v 0.30645754 0.81423816 1.95208333 0.27450980 0.27450980 0.29411765
v 0.31401699 0.81296885 1.97270477 0.27450980 0.27450980 0.29411765
v 0.28721179 0.82255991 1.98312143 0.27450980 0.27450980 0.29411765
v 0.27965233 0.82382921 1.96250000 0.27450980 0.27450980 0.29411765
v 0.31666443 0.82545560 1.96802035 0.27450980 0.27450980 0.29411765
v 0.28985922 0.83504666 1.97843701 0.27450980 0.27450980 0.29411765
v 0.31541318 0.83365766 1.95724853 0.27450980 0.27450980 0.29411765
v 0.28860797 0.84324872 1.96766520 0.27450980 0.27450980 0.29411765
v 0.31074118 0.83444214 1.94450378 0.27450980 0.27450980 0.29411765
v 0.28393597 0.84403319 1.95492045 0.27450980 0.27450980 0.29411765
v 0.30443298 0.82750937 1.93465417 0.27450980 0.27450980 0.29411765
v 0.27762777 0.83710043 1.94507083 0.27450980 0.27450980 0.29411765
v 0.29889809 0.81550746 1.93146190 0.27450980 0.27450980 0.29411765
v 0.27209288 0.82509851 1.94187857 0.27450980 0.27450980 0.29411765
v 0.29625066 0.80302071 1.93614632 0.27450980 0.27450980 0.29411765
v 0.26944545 0.81261177 1.94656299 0.27450980 0.27450980 0.29411765
v 0.29750190 0.79481865 1.94691814 0.27450980 0.27450980 0.29411765
v 0.27069670 0.80440970 1.95733480 0.27450980 0.27450980 0.29411765
v 0.30217390 0.79403418 1.95966289 0.27450980 0.27450980 0.29411765
v 0.27536870 0.80362523 1.97007955 0.27450980 0.27450980 0.29411765
v 0.30848210 0.80096694 1.96951250 0.27450980 0.27450980 0.29411765
v 0.28167690 0.81055799 1.97992917 0.27450980 0.27450980 0.29411765
v 0.27965233 0.82382921 1.96250000 0.27450980 0.27450980 0.29411765
v 0.28721179 0.82268267 1.98312862 0.27450980 0.27450980 0.29411765
v 0.26010712 0.83139155 1.99354529 0.27450980 0.27450980 0.29411765
v 0.25254767 0.83253809 1.97291667 0.27450980 0.27450980 0.29411765
v 0.28948292 0.83526948 1.97851499 0.27450980 0.27450980 0.29411765
v 0.26237825 0.84397836 1.98893165 0.27450980 0.27450980 0.29411765
v 0.28799910 0.84348650 1.96778417 0.27450980 0.27450980 0.29411765
v 0.26089444 0.85219538 1.97820084 0.27450980 0.27450980 0.29411765
v 0.28332711 0.84419510 1.95503498 0.27450980 0.27450980 0.29411765
v 0.25622244 0.85290398 1.96545164 0.27450980 0.27450980 0.29411765
v 0.27725147 0.83712463 1.94513717 0.27450980 0.27450980 0.29411765
v 0.25014680 0.84583351 1.95555384 0.27450980 0.27450980 0.29411765
v 0.27209288 0.82497575 1.94187138 0.27450980 0.27450980 0.29411765
v 0.24498822 0.83368463 1.95228804 0.27450980 0.27450980 0.29411765
v 0.26982175 0.81238894 1.94648501 0.27450980 0.27450980 0.29411765
v 0.24271708 0.82109782 1.95690168 0.27450980 0.27450980 0.29411765
v 0.27130557 0.80417192 1.95721583 0.27450980 0.27450980 0.29411765
v 0.24420090 0.81288080 1.96763250 0.27450980 0.27450980 0.29411765
v 0.27597756 0.80346332 1.96996502 0.27450980 0.27450980 0.29411765
v 0.24887290 0.81217220 1.98038169 0.27450980 0.27450980 0.29411765
v 0.28205320 0.81053380 1.97986283 0.27450980 0.27450980 0.29411765
v 0.25494853 0.81924268 1.99027949 0.27450980 0.27450980 0.29411765
v 0.25254767 0.83253809 1.97291667 0.27450980 0.27450980 0.29411765
v 0.26010712 0.83151374 1.99355172 0.27450980 0.27450980 0.29411765
v 0.23273202 0.83933112 2.00396839 0.27450980 0.27450980 0.29411765
v 0.22517257 0.84035547 1.98333333 0.27450980 0.27450980 0.29411765
v 0.26199797 0.84418880 1.98900868 0.27450980 0.27450980 0.29411765
v 0.23462287 0.85200617 1.99942534 0.27450980 0.27450980 0.29411765
v 0.26027913 0.85241368 1.97831903 0.27450980 0.27450980 0.29411765
v 0.23290403 0.86023105 1.98873570 0.27450980 0.27450980 0.29411765
v 0.25560714 0.85304676 1.96556587 0.27450980 0.27450980 0.29411765
v 0.22823204 0.86086414 1.97598254 0.27450980 0.27450980 0.29411765
v 0.24976653 0.84584623 1.95562046 0.27450980 0.27450980 0.29411765
v 0.22239143 0.85366361 1.96603713 0.27450980 0.27450980 0.29411765
v 0.24498822 0.83356244 1.95228161 0.27450980 0.27450980 0.29411765
v 0.21761312 0.84137982 1.96269828 0.27450980 0.27450980 0.29411765
v 0.24309736 0.82088739 1.95682466 0.27450980 0.27450980 0.29411765
v 0.21572226 0.82870476 1.96724132 0.27450980 0.27450980 0.29411765
v 0.24481621 0.81266251 1.96751430 0.27450980 0.27450980 0.29411765
v 0.21744111 0.82047988 1.97793097 0.27450980 0.27450980 0.29411765
v 0.24948820 0.81202942 1.98026746 0.27450980 0.27450980 0.29411765
v 0.22211310 0.81984680 1.99068413 0.27450980 0.27450980 0.29411765
v 0.25532881 0.81922996 1.99021287 0.27450980 0.27450980 0.29411765
v 0.22795371 0.82704733 2.00062954 0.27450980 0.27450980 0.29411765
v 0.22517257 0.84035547 1.98333333 0.27450980 0.27450980 0.29411765
v 0.23273202 0.83945281 2.00397407 0.27450980 0.27450980 0.29411765
v 0.20511580 0.84637031 2.01439073 0.27450980 0.27450980 0.29411765
v 0.19755635 0.84727297 1.99375000 0.27450980 0.27450980 0.29411765
v 0.23423902 0.85220413 1.99950147 0.27450980 0.27450980 0.29411765
v 0.20662280 0.85912164 2.00991813 0.27450980 0.27450980 0.29411765
v 0.23228295 0.86042967 1.98885319 0.27450980 0.27450980 0.29411765
v 0.20466673 0.86734718 1.99926986 0.27450980 0.27450980 0.29411765
v 0.22761095 0.86098755 1.97609651 0.27450980 0.27450980 0.29411765
v 0.19999473 0.86790505 1.98651318 0.27450980 0.27450980 0.29411765
v 0.22200758 0.85366467 1.96610406 0.27450980 0.27450980 0.29411765
v 0.19439135 0.86058217 1.97652072 0.27450980 0.27450980 0.29411765
v 0.21761312 0.84125813 1.96269260 0.27450980 0.27450980 0.29411765
v 0.18999690 0.84817563 1.97310927 0.27450980 0.27450980 0.29411765
v 0.21610611 0.82850680 1.96716520 0.27450980 0.27450980 0.29411765
v 0.18848989 0.83542431 1.97758187 0.27450980 0.27450980 0.29411765
v 0.21806219 0.82028126 1.97781348 0.27450980 0.27450980 0.29411765
v 0.19044597 0.82719877 1.98823014 0.27450980 0.27450980 0.29411765
v 0.22273419 0.81972339 1.99057015 0.27450980 0.27450980 0.29411765
v 0.19511797 0.82664089 2.00098682 0.27450980 0.27450980 0.29411765
v 0.22833756 0.82704627 2.00056261 0.27450980 0.27450980 0.29411765
v 0.20072134 0.83396377 2.01097928 0.27450980 0.27450980 0.29411765
v 0.19755635 0.84727297 1.99375000 0.27450980 0.27450980 0.29411765
v 0.20511580 0.84649155 2.01439568 0.27450980 0.27450980 0.29411765
v 0.17728803 0.85250178 2.02481235 0.27450980 0.27450980 0.29411765
v 0.16972858 0.85328319 2.00416667 0.27450980 0.27450980 0.29411765
v 0.20623579 0.85930706 2.00999340 0.27450980 0.27450980 0.29411765
v 0.17840803 0.86531728 2.02041007 0.27450980 0.27450980 0.29411765
v 0.20404054 0.86752595 1.99938669 0.27450980 0.27450980 0.29411765
v 0.17621277 0.87353617 2.00980336 0.27450980 0.27450980 0.29411765
v 0.19936854 0.86800889 1.98662696 0.27450980 0.27450980 0.29411765
v 0.17154077 0.87401911 1.99704363 0.27450980 0.27450980 0.29411765
v 0.19400434 0.86057142 1.97658799 0.27450980 0.27450980 0.29411765
v 0.16617658 0.86658164 1.98700466 0.27450980 0.27450980 0.29411765
v 0.18999690 0.84805439 1.97310432 0.27450980 0.27450980 0.29411765
v 0.16216913 0.85406461 1.98352099 0.27450980 0.27450980 0.29411765
v 0.18887690 0.83523889 1.97750660 0.27450980 0.27450980 0.29411765
v 0.16104913 0.84124911 1.98792327 0.27450980 0.27450980 0.29411765
v 0.19107216 0.82702000 1.98811331 0.27450980 0.27450980 0.29411765
v 0.16324439 0.83303022 1.99852997 0.27450980 0.27450980 0.29411765
v 0.19574416 0.82653705 2.00087304 0.27450980 0.27450980 0.29411765
v 0.16791639 0.83254728 2.01128970 0.27450980 0.27450980 0.29411765
v 0.20110835 0.83397453 2.01091201 0.27450980 0.27450980 0.29411765
v 0.17328058 0.83998475 2.02132868 0.27450980 0.27450980 0.29411765
v 0.16972858 0.85328319 2.00416667 0.27450980 0.27450980 0.29411765
v 0.17728803 0.85262264 2.02481657 0.27450980 0.27450980 0.29411765
v 0.14927851 0.85771914 2.03523323 0.27450980 0.27450980 0.29411765
v 0.14171906 0.85837970 2.01458333 0.27450980 0.27450980 0.29411765
v 0.17801827 0.86549010 2.02048452 0.27450980 0.27450980 0.29411765
v 0.15000875 0.87058661 2.03090119 0.27450980 0.27450980 0.29411765
v 0.17558213 0.87369495 2.00991961 0.27450980 0.27450980 0.29411765
v 0.14757261 0.87879145 2.02033628 0.27450980 0.27450980 0.29411765
v 0.17091013 0.87410319 1.99715727 0.27450980 0.27450980 0.29411765
v 0.14290061 0.87919970 2.00757394 0.27450980 0.27450980 0.29411765
v 0.16578682 0.86655891 1.98707228 0.27450980 0.27450980 0.29411765
v 0.13777730 0.87165541 1.99748895 0.27450980 0.27450980 0.29411765
v 0.16216913 0.85394375 1.98351677 0.27450980 0.27450980 0.29411765
v 0.13415961 0.85904026 1.99393343 0.27450980 0.27450980 0.29411765
v 0.16143889 0.84107628 1.98784881 0.27450980 0.27450980 0.29411765
v 0.13342937 0.84617279 1.99826548 0.27450980 0.27450980 0.29411765
v 0.16387503 0.83287144 1.99841372 0.27450980 0.27450980 0.29411765
v 0.13586551 0.83796795 2.00883039 0.27450980 0.27450980 0.29411765
v 0.16854703 0.83246320 2.01117606 0.27450980 0.27450980 0.29411765
v 0.14053751 0.83755970 2.02159273 0.27450980 0.27450980 0.29411765
v 0.17367034 0.84000748 2.02126105 0.27450980 0.27450980 0.29411765
v 0.14566082 0.84510399 2.03167772 0.27450980 0.27450980 0.29411765
v 0.14171906 0.85837970 2.01458333 0.27450980 0.27450980 0.29411765
v 0.14927851 0.85783968 2.03523674 0.27450980 0.27450980 0.29411765
v 0.12111724 0.86201701 2.04565340 0.27450980 0.27450980 0.29411765
v 0.11355779 0.86255703 2.02500000 0.27450980 0.27450980 0.29411765
v 0.14961667 0.87074680 2.03097487 0.27450980 0.27450980 0.29411765
v 0.12145539 0.87492413 2.04139154 0.27450980 0.27450980 0.29411765
v 0.14693821 0.87893011 2.02045200 0.27450980 0.27450980 0.29411765
v 0.11877693 0.88310744 2.03086867 0.27450980 0.27450980 0.29411765
v 0.14226621 0.87926386 2.00768749 0.27450980 0.27450980 0.29411765
v 0.11410493 0.88344119 2.01810416 0.27450980 0.27450980 0.29411765
v 0.13738522 0.87162057 1.99755696 0.27450980 0.27450980 0.29411765
v 0.10922394 0.87579790 2.00797363 0.27450980 0.27450980 0.29411765
v 0.13415961 0.85891972 1.99392993 0.27450980 0.27450980 0.29411765
v 0.10599834 0.86309705 2.00434660 0.27450980 0.27450980 0.29411765
v 0.13382145 0.84601260 1.99819179 0.27450980 0.27450980 0.29411765
v 0.10566018 0.85018993 2.00860846 0.27450980 0.27450980 0.29411765
v 0.13649992 0.83782929 2.00871467 0.27450980 0.27450980 0.29411765
v 0.10833864 0.84200662 2.01913133 0.27450980 0.27450980 0.29411765
v 0.14117191 0.83749554 2.02147917 0.27450980 0.27450980 0.29411765
v 0.11301064 0.84167287 2.03189584 0.27450980 0.27450980 0.29411765
v 0.14605290 0.84513883 2.03160970 0.27450980 0.27450980 0.29411765
v 0.11789163 0.84931616 2.04202637 0.27450980 0.27450980 0.29411765
v 0.11355779 0.86255703 2.02500000 0.27450980 0.27450980 0.29411765
v 0.12111724 0.86213729 2.04565620 0.27450980 0.27450980 0.29411765
v 0.09283436 0.86539097 2.05607286 0.27450980 0.27450980 0.29411765
v 0.08527491 0.86581071 2.03541667 0.27450980 0.27450980 0.29411765
v 0.12106140 0.87507166 2.04146450 0.27450980 0.27450980 0.29411765
v 0.09277853 0.87832535 2.05188116 0.27450980 0.27450980 0.29411765
v 0.11813944 0.88322587 2.03098392 0.27450980 0.27450980 0.29411765
v 0.08985657 0.88647956 2.04140059 0.27450980 0.27450980 0.29411765
v 0.11346744 0.88348529 2.01821769 0.27450980 0.27450980 0.29411765
v 0.08518457 0.88673897 2.02863435 0.27450980 0.27450980 0.29411765
v 0.10882995 0.87575082 2.00804207 0.27450980 0.27450980 0.29411765
v 0.08054708 0.87900450 2.01845873 0.27450980 0.27450980 0.29411765
v 0.10599834 0.86297677 2.00434380 0.27450980 0.27450980 0.29411765
v 0.07771546 0.86623045 2.01476047 0.27450980 0.27450980 0.29411765
v 0.10605417 0.85004239 2.00853550 0.27450980 0.27450980 0.29411765
v 0.07777130 0.85329608 2.01895217 0.27450980 0.27450980 0.29411765
v 0.10897613 0.84188818 2.01901608 0.27450980 0.27450980 0.29411765
v 0.08069326 0.84514187 2.02943275 0.27450980 0.27450980 0.29411765
v 0.11364813 0.84162877 2.03178231 0.27450980 0.27450980 0.29411765
v 0.08536526 0.84488245 2.04219898 0.27450980 0.27450980 0.29411765
v 0.11828562 0.84936324 2.04195793 0.27450980 0.27450980 0.29411765
v 0.09000275 0.85261692 2.05237460 0.27450980 0.27450980 0.29411765
v 0.08527491 0.86581071 2.03541667 0.27450980 0.27450980 0.29411765
v 0.09283436 0.86551104 2.05607496 0.27450980 0.27450980 0.29411765
v 0.06446017 0.86783759 2.06649162 0.27450980 0.27450980 0.29411765
v 0.05690072 0.86813726 2.04583333 0.27450980 0.27450980 0.29411765
v 0.09238305 0.87846021 2.05195343 0.27450980 0.27450980 0.29411765
v 0.06400886 0.88078676 2.06237010 0.27450980 0.27450980 0.29411765
v 0.08921667 0.88657770 2.04151543 0.27450980 0.27450980 0.29411765
v 0.06084248 0.88890425 2.05193209 0.27450980 0.27450980 0.29411765
v 0.08454467 0.88676290 2.02874790 0.27450980 0.27450980 0.29411765
v 0.05617048 0.88908945 2.03916457 0.27450980 0.27450980 0.29411765
v 0.08015160 0.87894508 2.01852762 0.27450980 0.27450980 0.29411765
v 0.05177741 0.88127164 2.02894429 0.27450980 0.27450980 0.29411765
v 0.07771546 0.86611038 2.01475838 0.27450980 0.27450980 0.29411765
v 0.04934127 0.86843693 2.02517504 0.27450980 0.27450980 0.29411765
v 0.07816677 0.85316122 2.01887990 0.27450980 0.27450980 0.29411765
v 0.04979258 0.85548777 2.02929657 0.27450980 0.27450980 0.29411765
v 0.08133315 0.84504373 2.02931791 0.27450980 0.27450980 0.29411765
v 0.05295896 0.84737028 2.03973457 0.27450980 0.27450980 0.29411765
v 0.08600515 0.84485852 2.04208543 0.27450980 0.27450980 0.29411765
v 0.05763096 0.84718507 2.05250210 0.27450980 0.27450980 0.29411765
v 0.09039822 0.85267634 2.05230571 0.27450980 0.27450980 0.29411765
v 0.06202403 0.85500289 2.06272238 0.27450980 0.27450980 0.29411765
v 0.05690072 0.86813726 2.04583333 0.27450980 0.27450980 0.29411765
v 0.06446017 0.86795752 2.06649301 0.27450980 0.27450980 0.29411765
v 0.03602505 0.86935445 2.07690968 0.27450980 0.27450980 0.29411765
v 0.02846560 0.86953419 2.05625000 0.27450980 0.27450980 0.29411765
v 0.06361232 0.88090895 2.06244172 0.27450980 0.27450980 0.29411765
v 0.03517720 0.88230588 2.07285838 0.27450980 0.27450980 0.29411765
v 0.06020087 0.88898204 2.05204658 0.27450980 0.27450980 0.29411765
v 0.03176574 0.89037897 2.06246325 0.27450980 0.27450980 0.29411765
v 0.05552887 0.88909313 2.03927819 0.27450980 0.27450980 0.29411765
v 0.02709375 0.89049005 2.04969486 0.27450980 0.27450980 0.29411765
v 0.05138087 0.88119979 2.02901365 0.27450980 0.27450980 0.29411765
v 0.02294575 0.88259671 2.03943032 0.27450980 0.27450980 0.29411765
v 0.04934127 0.86831701 2.02517365 0.27450980 0.27450980 0.29411765
v 0.02090615 0.86971393 2.03559032 0.27450980 0.27450980 0.29411765
v 0.05018912 0.85536557 2.02922495 0.27450980 0.27450980 0.29411765
v 0.02175400 0.85676250 2.03964162 0.27450980 0.27450980 0.29411765
v 0.05360058 0.84729249 2.03962009 0.27450980 0.27450980 0.29411765
v 0.02516546 0.84868942 2.05003675 0.27450980 0.27450980 0.29411765
v 0.05827258 0.84718140 2.05238847 0.27450980 0.27450980 0.29411765
v 0.02983746 0.84857833 2.06280514 0.27450980 0.27450980 0.29411765
v 0.06242057 0.85507474 2.06265302 0.27450980 0.27450980 0.29411765
v 0.03398545 0.85647167 2.07306968 0.27450980 0.27450980 0.29411765
v 0.02846560 0.86953419 2.05625000 0.27450980 0.27450980 0.29411765
v 0.03602505 0.86947429 2.07691038 0.27450980 0.27450980 0.29411765
v 0.00755945 0.86994010 2.08732704 0.27450980 0.27450980 0.29411765
v 0.00000000 0.87000000 2.06666667 0.27450980 0.27450980 0.29411765
v 0.03478002 0.88241543 2.07292938 0.27450980 0.27450980 0.29411765
v 0.00631442 0.88288124 2.08334605 0.27450980 0.27450980 0.29411765
v 0.03112310 0.89043638 2.06257743 0.27450980 0.27450980 0.29411765
v 0.00265750 0.89090218 2.07299410 0.27450980 0.27450980 0.29411765
v 0.02645110 0.89047340 2.04980862 0.27450980 0.27450980 0.29411765
v -0.00201450 0.89093921 2.06022529 0.27450980 0.27450980 0.29411765
v 0.02254857 0.88251236 2.03950019 0.27450980 0.27450980 0.29411765
v -0.00591703 0.88297817 2.04991686 0.27450980 0.27450980 0.29411765
v 0.02090615 0.86959410 2.03558962 0.27450980 0.27450980 0.29411765
v -0.00755945 0.87005990 2.04600629 0.27450980 0.27450980 0.29411765
v 0.02215118 0.85665295 2.03957062 0.27450980 0.27450980 0.29411765
v -0.00631442 0.85711876 2.04998728 0.27450980 0.27450980 0.29411765
v 0.02580811 0.84863201 2.04992257 0.27450980 0.27450980 0.29411765
v -0.00265750 0.84909782 2.06033923 0.27450980 0.27450980 0.29411765
v 0.03048010 0.84859498 2.06269138 0.27450980 0.27450980 0.29411765
v 0.00201450 0.84906079 2.07310805 0.27450980 0.27450980 0.29411765
v 0.03438263 0.85655603 2.07299981 0.27450980 0.27450980 0.29411765
v 0.00591703 0.85702183 2.08341647 0.27450980 0.27450980 0.29411765
v 0.00000000 0.87000000 2.06666667 0.27450980 0.27450980 0.29411765
v 0.00755945 0.87005990 2.08732704 0.27450980 0.27450980 0.29411765
v -0.02090615 0.86959410 2.09774371 0.27450980 0.27450980 0.29411765
v -0.02846560 0.86953419 2.07708333 0.27450980 0.27450980 0.29411765
v 0.00591703 0.88297817 2.08341647 0.27450980 0.27450980 0.29411765
v -0.02254857 0.88251236 2.09383314 0.27450980 0.27450980 0.29411765
v 0.00201450 0.89093921 2.07310805 0.27450980 0.27450980 0.29411765
v -0.02645110 0.89047340 2.08352471 0.27450980 0.27450980 0.29411765
v -0.00265750 0.89090218 2.06033923 0.27450980 0.27450980 0.29411765
v -0.03112310 0.89043638 2.07075590 0.27450980 0.27450980 0.29411765
v -0.00631442 0.88288124 2.04998728 0.27450980 0.27450980 0.29411765
v -0.03478002 0.88241543 2.06040395 0.27450980 0.27450980 0.29411765
v -0.00755945 0.86994010 2.04600629 0.27450980 0.27450980 0.29411765
v -0.03602505 0.86947429 2.05642296 0.27450980 0.27450980 0.29411765
v -0.00591703 0.85702183 2.04991686 0.27450980 0.27450980 0.29411765
v -0.03438263 0.85655603 2.06033353 0.27450980 0.27450980 0.29411765
v -0.00201450 0.84906079 2.06022529 0.27450980 0.27450980 0.29411765
v -0.03048010 0.84859498 2.07064195 0.27450980 0.27450980 0.29411765
v 0.00265750 0.84909782 2.07299410 0.27450980 0.27450980 0.29411765
v -0.02580811 0.84863201 2.08341077 0.27450980 0.27450980 0.29411765
v 0.00631442 0.85711876 2.08334605 0.27450980 0.27450980 0.29411765
v -0.02215118 0.85665295 2.09376272 0.27450980 0.27450980 0.29411765
v -0.02846560 0.86953419 2.07708333 0.27450980 0.27450980 0.29411765
v -0.02090615 0.86971393 2.09774301 0.27450980 0.27450980 0.29411765
v -0.04934127 0.86831701 2.10815968 0.27450980 0.27450980 0.29411765
v -0.05690072 0.86813726 2.08750000 0.27450980 0.27450980 0.29411765
v -0.02294575 0.88259671 2.09390302 0.27450980 0.27450980 0.29411765
v -0.05138087 0.88119979 2.10431968 0.27450980 0.27450980 0.29411765
v -0.02709375 0.89049005 2.08363847 0.27450980 0.27450980 0.29411765
v -0.05552887 0.88909313 2.09405514 0.27450980 0.27450980 0.29411765
v -0.03176574 0.89037897 2.07087009 0.27450980 0.27450980 0.29411765
v -0.06020087 0.88898204 2.08128675 0.27450980 0.27450980 0.29411765
v -0.03517720 0.88230588 2.06047495 0.27450980 0.27450980 0.29411765
v -0.06361232 0.88090895 2.07089162 0.27450980 0.27450980 0.29411765
v -0.03602505 0.86935445 2.05642365 0.27450980 0.27450980 0.29411765
v -0.06446017 0.86795752 2.06684032 0.27450980 0.27450980 0.29411765
v -0.03398545 0.85647167 2.06026365 0.27450980 0.27450980 0.29411765
v -0.06242057 0.85507474 2.07068032 0.27450980 0.27450980 0.29411765
v -0.02983746 0.84857833 2.07052819 0.27450980 0.27450980 0.29411765
v -0.05827258 0.84718140 2.08094486 0.27450980 0.27450980 0.29411765
v -0.02516546 0.84868942 2.08329658 0.27450980 0.27450980 0.29411765
v -0.05360058 0.84729249 2.09371325 0.27450980 0.27450980 0.29411765
v -0.02175400 0.85676250 2.09369172 0.27450980 0.27450980 0.29411765
v -0.05018912 0.85536557 2.10410838 0.27450980 0.27450980 0.29411765
v -0.05690072 0.86813726 2.08750000 0.27450980 0.27450980 0.29411765
v -0.04934127 0.86843693 2.10815829 0.27450980 0.27450980 0.29411765
v -0.07771546 0.86611038 2.11857496 0.27450980 0.27450980 0.29411765
v -0.08527491 0.86581071 2.09791667 0.27450980 0.27450980 0.29411765
v -0.05177741 0.88127164 2.10438905 0.27450980 0.27450980 0.29411765
v -0.08015160 0.87894508 2.11480571 0.27450980 0.27450980 0.29411765
v -0.05617048 0.88908945 2.09416877 0.27450980 0.27450980 0.29411765
v -0.08454467 0.88676290 2.10458543 0.27450980 0.27450980 0.29411765
v -0.06084248 0.88890425 2.08140124 0.27450980 0.27450980 0.29411765
v -0.08921667 0.88657770 2.09181791 0.27450980 0.27450980 0.29411765
v -0.06400886 0.88078676 2.07096323 0.27450980 0.27450980 0.29411765
v -0.09238305 0.87846021 2.08137990 0.27450980 0.27450980 0.29411765
v -0.06446017 0.86783759 2.06684171 0.27450980 0.27450980 0.29411765
v -0.09283436 0.86551104 2.07725838 0.27450980 0.27450980 0.29411765
v -0.06202403 0.85500289 2.07061095 0.27450980 0.27450980 0.29411765
v -0.09039822 0.85267634 2.08102762 0.27450980 0.27450980 0.29411765
v -0.05763096 0.84718507 2.08083123 0.27450980 0.27450980 0.29411765
v -0.08600515 0.84485852 2.09124790 0.27450980 0.27450980 0.29411765
v -0.05295896 0.84737028 2.09359876 0.27450980 0.27450980 0.29411765
v -0.08133315 0.84504373 2.10401543 0.27450980 0.27450980 0.29411765
v -0.04979258 0.85548777 2.10403677 0.27450980 0.27450980 0.29411765
v -0.07816677 0.85316122 2.11445343 0.27450980 0.27450980 0.29411765
v -0.08527491 0.86581071 2.09791667 0.27450980 0.27450980 0.29411765
v -0.07771546 0.86623045 2.11857286 0.27450980 0.27450980 0.29411765
v -0.10599834 0.86297677 2.12898953 0.27450980 0.27450980 0.29411765
v -0.11355779 0.86255703 2.10833333 0.27450980 0.27450980 0.29411765
v -0.08054708 0.87900450 2.11487460 0.27450980 0.27450980 0.29411765
v -0.10882995 0.87575082 2.12529127 0.27450980 0.27450980 0.29411765
v -0.08518457 0.88673897 2.10469898 0.27450980 0.27450980 0.29411765
v -0.11346744 0.88348529 2.11511565 0.27450980 0.27450980 0.29411765
v -0.08985657 0.88647956 2.09193275 0.27450980 0.27450980 0.29411765
v -0.11813944 0.88322587 2.10234941 0.27450980 0.27450980 0.29411765
v -0.09277853 0.87832535 2.08145217 0.27450980 0.27450980 0.29411765
v -0.12106140 0.87507166 2.09186884 0.27450980 0.27450980 0.29411765
v -0.09283436 0.86539097 2.07726047 0.27450980 0.27450980 0.29411765
v -0.12111724 0.86213729 2.08767714 0.27450980 0.27450980 0.29411765
v -0.09000275 0.85261692 2.08095873 0.27450980 0.27450980 0.29411765
v -0.11828562 0.84936324 2.09137540 0.27450980 0.27450980 0.29411765
v -0.08536526 0.84488245 2.09113435 0.27450980 0.27450980 0.29411765
v -0.11364813 0.84162877 2.10155102 0.27450980 0.27450980 0.29411765
v -0.08069326 0.84514187 2.10390059 0.27450980 0.27450980 0.29411765
v -0.10897613 0.84188818 2.11431725 0.27450980 0.27450980 0.29411765
v -0.07777130 0.85329608 2.11438116 0.27450980 0.27450980 0.29411765
v -0.10605417 0.85004239 2.12479783 0.27450980 0.27450980 0.29411765
v -0.11355779 0.86255703 2.10833333 0.27450980 0.27450980 0.29411765
v -0.10599834 0.86309705 2.12898674 0.27450980 0.27450980 0.29411765
v -0.13415961 0.85891972 2.13940340 0.27450980 0.27450980 0.29411765
v -0.14171906 0.85837970 2.11875000 0.27450980 0.27450980 0.29411765
v -0.10922394 0.87579790 2.12535970 0.27450980 0.27450980 0.29411765
v -0.13738522 0.87162057 2.13577637 0.27450980 0.27450980 0.29411765
v -0.11410493 0.88344119 2.11522917 0.27450980 0.27450980 0.29411765
v -0.14226621 0.87926386 2.12564584 0.27450980 0.27450980 0.29411765
v -0.11877693 0.88310744 2.10246467 0.27450980 0.27450980 0.29411765
v -0.14693821 0.87893011 2.11288133 0.27450980 0.27450980 0.29411765
v -0.12145539 0.87492413 2.09194179 0.27450980 0.27450980 0.29411765
v -0.14961667 0.87074680 2.10235846 0.27450980 0.27450980 0.29411765
v -0.12111724 0.86201701 2.08767993 0.27450980 0.27450980 0.29411765
v -0.14927851 0.85783968 2.09809660 0.27450980 0.27450980 0.29411765
v -0.11789163 0.84931616 2.09130696 0.27450980 0.27450980 0.29411765
v -0.14605290 0.84513883 2.10172363 0.27450980 0.27450980 0.29411765
v -0.11301064 0.84167287 2.10143749 0.27450980 0.27450980 0.29411765
v -0.14117191 0.83749554 2.11185416 0.27450980 0.27450980 0.29411765
v -0.10833864 0.84200662 2.11420200 0.27450980 0.27450980 0.29411765
v -0.13649992 0.83782929 2.12461867 0.27450980 0.27450980 0.29411765
v -0.10566018 0.85018993 2.12472487 0.27450980 0.27450980 0.29411765
v -0.13382145 0.84601260 2.13514154 0.27450980 0.27450980 0.29411765
v -0.14171906 0.85837970 2.11875000 0.27450980 0.27450980 0.29411765
v -0.13415961 0.85904026 2.13939990 0.27450980 0.27450980 0.29411765
v -0.16216913 0.85394375 2.14981657 0.27450980 0.27450980 0.29411765
v -0.16972858 0.85328319 2.12916667 0.27450980 0.27450980 0.29411765
v -0.13777730 0.87165541 2.13584438 0.27450980 0.27450980 0.29411765
v -0.16578682 0.86655891 2.14626105 0.27450980 0.27450980 0.29411765
v -0.14290061 0.87919970 2.12575940 0.27450980 0.27450980 0.29411765
v -0.17091013 0.87410319 2.13617606 0.27450980 0.27450980 0.29411765
v -0.14757261 0.87879145 2.11299706 0.27450980 0.27450980 0.29411765
v -0.17558213 0.87369495 2.12341372 0.27450980 0.27450980 0.29411765
v -0.15000875 0.87058661 2.10243215 0.27450980 0.27450980 0.29411765
v -0.17801827 0.86549010 2.11284881 0.27450980 0.27450980 0.29411765
v -0.14927851 0.85771914 2.09810010 0.27450980 0.27450980 0.29411765
v -0.17728803 0.85262264 2.10851677 0.27450980 0.27450980 0.29411765
v -0.14566082 0.84510399 2.10165562 0.27450980 0.27450980 0.29411765
v -0.17367034 0.84000748 2.11207228 0.27450980 0.27450980 0.29411765
v -0.14053751 0.83755970 2.11174060 0.27450980 0.27450980 0.29411765
v -0.16854703 0.83246320 2.12215727 0.27450980 0.27450980 0.29411765
v -0.13586551 0.83796795 2.12450294 0.27450980 0.27450980 0.29411765
v -0.16387503 0.83287144 2.13491961 0.27450980 0.27450980 0.29411765
v -0.13342937 0.84617279 2.13506785 0.27450980 0.27450980 0.29411765
v -0.16143889 0.84107628 2.14548452 0.27450980 0.27450980 0.29411765
v -0.16972858 0.85328319 2.12916667 0.27450980 0.27450980 0.29411765
v -0.16216913 0.85406461 2.14981235 0.27450980 0.27450980 0.29411765
v -0.18999690 0.84805439 2.16022901 0.27450980 0.27450980 0.29411765
v -0.19755635 0.84727297 2.13958333 0.27450980 0.27450980 0.29411765
v -0.16617658 0.86658164 2.14632868 0.27450980 0.27450980 0.29411765
v -0.19400434 0.86057142 2.15674534 0.27450980 0.27450980 0.29411765
v -0.17154077 0.87401911 2.13628970 0.27450980 0.27450980 0.29411765
v -0.19936854 0.86800889 2.14670637 0.27450980 0.27450980 0.29411765
v -0.17621277 0.87353617 2.12352997 0.27450980 0.27450980 0.29411765
v -0.20404054 0.86752595 2.13394664 0.27450980 0.27450980 0.29411765
v -0.17840803 0.86531728 2.11292327 0.27450980 0.27450980 0.29411765
v -0.20623579 0.85930706 2.12333993 0.27450980 0.27450980 0.29411765
v -0.17728803 0.85250178 2.10852099 0.27450980 0.27450980 0.29411765
v -0.20511580 0.84649155 2.11893765 0.27450980 0.27450980 0.29411765
v -0.17328058 0.83998475 2.11200466 0.27450980 0.27450980 0.29411765
v -0.20110835 0.83397453 2.12242132 0.27450980 0.27450980 0.29411765
v -0.16791639 0.83254728 2.12204363 0.27450980 0.27450980 0.29411765
v -0.19574416 0.82653705 2.13246030 0.27450980 0.27450980 0.29411765
v -0.16324439 0.83303022 2.13480336 0.27450980 0.27450980 0.29411765
v -0.19107216 0.82702000 2.14522003 0.27450980 0.27450980 0.29411765
v -0.16104913 0.84124911 2.14541007 0.27450980 0.27450980 0.29411765
v -0.18887690 0.83523889 2.15582673 0.27450980 0.27450980 0.29411765
v -0.19755635 0.84727297 2.13958333 0.27450980 0.27450980 0.29411765
v -0.18999690 0.84817563 2.16022407 0.27450980 0.27450980 0.29411765
v -0.21761312 0.84125813 2.17064073 0.27450980 0.27450980 0.29411765
v -0.22517257 0.84035547 2.15000000 0.27450980 0.27450980 0.29411765
v -0.19439135 0.86058217 2.15681261 0.27450980 0.27450980 0.29411765
v -0.22200758 0.85366467 2.16722928 0.27450980 0.27450980 0.29411765
v -0.19999473 0.86790505 2.14682015 0.27450980 0.27450980 0.29411765
v -0.22761095 0.86098755 2.15723682 0.27450980 0.27450980 0.29411765
v -0.20466673 0.86734718 2.13406348 0.27450980 0.27450980 0.29411765
v -0.23228295 0.86042967 2.14448014 0.27450980 0.27450980 0.29411765
v -0.20662280 0.85912164 2.12341520 0.27450980 0.27450980 0.29411765
v -0.23423902 0.85220413 2.13383187 0.27450980 0.27450980 0.29411765
v -0.20511580 0.84637031 2.11894260 0.27450980 0.27450980 0.29411765
v -0.23273202 0.83945281 2.12935927 0.27450980 0.27450980 0.29411765
v -0.20072134 0.83396377 2.12235406 0.27450980 0.27450980 0.29411765
v -0.22833756 0.82704627 2.13277072 0.27450980 0.27450980 0.29411765
v -0.19511797 0.82664089 2.13234651 0.27450980 0.27450980 0.29411765
v -0.22273419 0.81972339 2.14276318 0.27450980 0.27450980 0.29411765
v -0.19044597 0.82719877 2.14510319 0.27450980 0.27450980 0.29411765
v -0.21806219 0.82028126 2.15551986 0.27450980 0.27450980 0.29411765
v -0.18848989 0.83542431 2.15575147 0.27450980 0.27450980 0.29411765
v -0.21610611 0.82850680 2.16616813 0.27450980 0.27450980 0.29411765
v -0.22517257 0.84035547 2.15000000 0.27450980 0.27450980 0.29411765
v -0.21761312 0.84137982 2.17063505 0.27450980 0.27450980 0.29411765
v -0.24498822 0.83356244 2.18105172 0.27450980 0.27450980 0.29411765
v -0.25254767 0.83253809 2.16041667 0.27450980 0.27450980 0.29411765
v -0.22239143 0.85366361 2.16729621 0.27450980 0.27450980 0.29411765
v -0.24976653 0.84584623 2.17771287 0.27450980 0.27450980 0.29411765
v -0.22823204 0.86086414 2.15735080 0.27450980 0.27450980 0.29411765
v -0.25560714 0.85304676 2.16776746 0.27450980 0.27450980 0.29411765
v -0.23290403 0.86023105 2.14459763 0.27450980 0.27450980 0.29411765
v -0.26027913 0.85241368 2.15501430 0.27450980 0.27450980 0.29411765
v -0.23462287 0.85200617 2.13390799 0.27450980 0.27450980 0.29411765
v -0.26199797 0.84418880 2.14432466 0.27450980 0.27450980 0.29411765
v -0.23273202 0.83933112 2.12936495 0.27450980 0.27450980 0.29411765
v -0.26010712 0.83151374 2.13978161 0.27450980 0.27450980 0.29411765
v -0.22795371 0.82704733 2.13270379 0.27450980 0.27450980 0.29411765
v -0.25532881 0.81922996 2.14312046 0.27450980 0.27450980 0.29411765
v -0.22211310 0.81984680 2.14264920 0.27450980 0.27450980 0.29411765
v -0.24948820 0.81202942 2.15306587 0.27450980 0.27450980 0.29411765
v -0.21744111 0.82047988 2.15540237 0.27450980 0.27450980 0.29411765
v -0.24481621 0.81266251 2.16581903 0.27450980 0.27450980 0.29411765
v -0.21572226 0.82870476 2.16609201 0.27450980 0.27450980 0.29411765
v -0.24309736 0.82088739 2.17650868 0.27450980 0.27450980 0.29411765
v -0.25254767 0.83253809 2.16041667 0.27450980 0.27450980 0.29411765
v -0.24498822 0.83368463 2.18104529 0.27450980 0.27450980 0.29411765
v -0.27209288 0.82497575 2.19146196 0.27450980 0.27450980 0.29411765
v -0.27965233 0.82382921 2.17083333 0.27450980 0.27450980 0.29411765
v -0.25014680 0.84583351 2.17777949 0.27450980 0.27450980 0.29411765
v -0.27725147 0.83712463 2.18819616 0.27450980 0.27450980 0.29411765
v -0.25622244 0.85290398 2.16788169 0.27450980 0.27450980 0.29411765
v -0.28332711 0.84419510 2.17829836 0.27450980 0.27450980 0.29411765
v -0.26089444 0.85219538 2.15513250 0.27450980 0.27450980 0.29411765
v -0.28799910 0.84348650 2.16554916 0.27450980 0.27450980 0.29411765
v -0.26237825 0.84397836 2.14440168 0.27450980 0.27450980 0.29411765
v -0.28948292 0.83526948 2.15481835 0.27450980 0.27450980 0.29411765
v -0.26010712 0.83139155 2.13978804 0.27450980 0.27450980 0.29411765
v -0.28721179 0.82268267 2.15020471 0.27450980 0.27450980 0.29411765
v -0.25494853 0.81924268 2.14305384 0.27450980 0.27450980 0.29411765
v -0.28205320 0.81053380 2.15347051 0.27450980 0.27450980 0.29411765
v -0.24887290 0.81217220 2.15295164 0.27450980 0.27450980 0.29411765
v -0.27597756 0.80346332 2.16336831 0.27450980 0.27450980 0.29411765
v -0.24420090 0.81288080 2.16570084 0.27450980 0.27450980 0.29411765
v -0.27130557 0.80417192 2.17611750 0.27450980 0.27450980 0.29411765
v -0.24271708 0.82109782 2.17643165 0.27450980 0.27450980 0.29411765
v -0.26982175 0.81238894 2.18684832 0.27450980 0.27450980 0.29411765
v -0.27965233 0.82382921 2.17083333 0.27450980 0.27450980 0.29411765
v -0.27209288 0.82509851 2.19145477 0.27450980 0.27450980 0.29411765
v -0.29889809 0.81550746 2.20187143 0.27450980 0.27450980 0.29411765
v -0.30645754 0.81423816 2.18125000 0.27450980 0.27450980 0.29411765
v -0.27762777 0.83710043 2.18826250 0.27450980 0.27450980 0.29411765
v -0.30443298 0.82750937 2.19867917 0.27450980 0.27450980 0.29411765
v -0.28393597 0.84403319 2.17841289 0.27450980 0.27450980 0.29411765
v -0.31074118 0.83444214 2.18882955 0.27450980 0.27450980 0.29411765
v -0.28860797 0.84324872 2.16566814 0.27450980 0.27450980 0.29411765
v -0.31541318 0.83365766 2.17608480 0.27450980 0.27450980 0.29411765
v -0.28985922 0.83504666 2.15489632 0.27450980 0.27450980 0.29411765
v -0.31666443 0.82545560 2.16531299 0.27450980 0.27450980 0.29411765
v -0.28721179 0.82255991 2.15021190 0.27450980 0.27450980 0.29411765
v -0.31401699 0.81296885 2.16062857 0.27450980 0.27450980 0.29411765
v -0.28167690 0.81055799 2.15340417 0.27450980 0.27450980 0.29411765
v -0.30848210 0.80096694 2.16382083 0.27450980 0.27450980 0.29411765
v -0.27536870 0.80362523 2.16325378 0.27450980 0.27450980 0.29411765
v -0.30217390 0.79403418 2.17367045 0.27450980 0.27450980 0.29411765
v -0.27069670 0.80440970 2.17599853 0.27450980 0.27450980 0.29411765
v -0.29750190 0.79481865 2.18641520 0.27450980 0.27450980 0.29411765
v -0.26944545 0.81261177 2.18677035 0.27450980 0.27450980 0.29411765
v -0.29625066 0.80302071 2.19718701 0.27450980 0.27450980 0.29411765
v -0.30645754 0.81423816 2.18125000 0.27450980 0.27450980 0.29411765
v -0.29889809 0.81563085 2.20186347 0.27450980 0.27450980 0.29411765
v -0.32537513 0.80516789 2.21228014 0.27450980 0.27450980 0.29411765
v -0.33293459 0.80377519 2.19166667 0.27450980 0.27450980 0.29411765
v -0.30480490 0.82747390 2.19874525 0.27450980 0.27450980 0.29411765
v -0.33128194 0.81701094 2.20916192 0.27450980 0.27450980 0.29411765
v -0.31134296 0.83426135 2.18894444 0.27450980 0.27450980 0.29411765
v -0.33782001 0.82379839 2.19936111 0.27450980 0.27450980 0.29411765
v -0.31601496 0.83340062 2.17620462 0.27450980 0.27450980 0.29411765
v -0.34249200 0.82293765 2.18662128 0.27450980 0.27450980 0.29411765
v -0.31703635 0.82522048 2.16539196 0.27450980 0.27450980 0.29411765
v -0.34351339 0.81475751 2.17580862 0.27450980 0.27450980 0.29411765
v -0.31401699 0.81284546 2.16063653 0.27450980 0.27450980 0.29411765
v -0.34049404 0.80238250 2.17105320 0.27450980 0.27450980 0.29411765
v -0.30811018 0.80100241 2.16375475 0.27450980 0.27450980 0.29411765
v -0.33458723 0.79053945 2.17417142 0.27450980 0.27450980 0.29411765
v -0.30157212 0.79421496 2.17355556 0.27450980 0.27450980 0.29411765
v -0.32804917 0.78375200 2.18397222 0.27450980 0.27450980 0.29411765
v -0.29690012 0.79507570 2.18629538 0.27450980 0.27450980 0.29411765
v -0.32337717 0.78461273 2.19671205 0.27450980 0.27450980 0.29411765
v -0.29587873 0.80325584 2.19710804 0.27450980 0.27450980 0.29411765
v -0.32235578 0.79279287 2.20752471 0.27450980 0.27450980 0.29411765
v -0.33293459 0.80377519 2.19166667 0.27450980 0.27450980 0.29411765
v -0.32537513 0.80529197 2.21227138 0.27450980 0.27450980 0.29411765
v -0.35149566 0.79396831 2.22268804 0.27450980 0.27450980 0.29411765
v -0.35905512 0.79245153 2.20208333 0.27450980 0.27450980 0.29411765
v -0.33164909 0.81696440 2.20922777 0.27450980 0.27450980 0.29411765
v -0.35776961 0.80564074 2.21964444 0.27450980 0.27450980 0.29411765
v -0.33841405 0.82359900 2.19947642 0.27450980 0.27450980 0.29411765
v -0.36453458 0.81227533 2.20989308 0.27450980 0.27450980 0.29411765
v -0.34308605 0.82266158 2.18674201 0.27450980 0.27450980 0.29411765
v -0.36920658 0.81133791 2.19715867 0.27450980 0.27450980 0.29411765
v -0.34388053 0.81451020 2.17588865 0.27450980 0.27450980 0.29411765
v -0.37000106 0.80318653 2.18630531 0.27450980 0.27450980 0.29411765
v -0.34049404 0.80225841 2.17106196 0.27450980 0.27450980 0.29411765
v -0.36661457 0.79093475 2.18147862 0.27450980 0.27450980 0.29411765
v -0.33422009 0.79058599 2.17410556 0.27450980 0.27450980 0.29411765
v -0.36034062 0.77926232 2.18452223 0.27450980 0.27450980 0.29411765
v -0.32745512 0.78395139 2.18385692 0.27450980 0.27450980 0.29411765
v -0.35357565 0.77262772 2.19427358 0.27450980 0.27450980 0.29411765
v -0.32278312 0.78488881 2.19659133 0.27450980 0.27450980 0.29411765
v -0.34890365 0.77356514 2.20700799 0.27450980 0.27450980 0.29411765
v -0.32198864 0.79304019 2.20744469 0.27450980 0.27450980 0.29411765
v -0.34810917 0.78171652 2.21786135 0.27450980 0.27450980 0.29411765
v -0.35905512 0.79245153 2.20208333 0.27450980 0.27450980 0.29411765
v -0.35149566 0.79409316 2.22267847 0.27450980 0.27450980 0.29411765
v -0.37723171 0.78192091 2.23309514 0.27450980 0.27450980 0.29411765
v -0.38479116 0.78027929 2.21250000 0.27450980 0.27450980 0.29411765
v -0.35813158 0.80558336 2.21971008 0.27450980 0.27450980 0.29411765
v -0.38386763 0.79341112 2.23012674 0.27450980 0.27450980 0.29411765
v -0.36512026 0.81205765 2.21000886 0.27450980 0.27450980 0.29411765
v -0.39085631 0.79988541 2.22042553 0.27450980 0.27450980 0.29411765
v -0.36979226 0.81104307 2.19728037 0.27450980 0.27450980 0.29411765
v -0.39552830 0.79887082 2.20769703 0.27450980 0.27450980 0.29411765
v -0.37036303 0.80292715 2.18638644 0.27450980 0.27450980 0.29411765
v -0.39609908 0.79075490 2.19680311 0.27450980 0.27450980 0.29411765
v -0.36661457 0.79080990 2.18148819 0.27450980 0.27450980 0.29411765
v -0.39235061 0.77863766 2.19190486 0.27450980 0.27450980 0.29411765
v -0.35997865 0.77931970 2.18445659 0.27450980 0.27450980 0.29411765
v -0.38571469 0.76714745 2.19487326 0.27450980 0.27450980 0.29411765
v -0.35298997 0.77284541 2.19415780 0.27450980 0.27450980 0.29411765
v -0.37872602 0.76067316 2.20457447 0.27450980 0.27450980 0.29411765
v -0.34831797 0.77385999 2.20688630 0.27450980 0.27450980 0.29411765
v -0.37405402 0.76168775 2.21730297 0.27450980 0.27450980 0.29411765
v -0.34774720 0.78197591 2.21778022 0.27450980 0.27450980 0.29411765
v -0.37348324 0.76980367 2.22819689 0.27450980 0.27450980 0.29411765
v -0.38479116 0.78027929 2.21250000 0.27450980 0.27450980 0.29411765
v -0.37723171 0.78204659 2.23308473 0.27450980 0.27450980 0.29411765
v -0.40255571 0.76903881 2.24350140 0.27450980 0.27450980 0.29411765
v -0.41011516 0.76727150 2.22291667 0.27450980 0.27450980 0.29411765
v -0.38422404 0.79334315 2.23019220 0.27450980 0.27450980 0.29411765
v -0.40954804 0.78033536 2.24060886 0.27450980 0.27450980 0.29411765
v -0.39143299 0.79964975 2.22054184 0.27450980 0.27450980 0.29411765
v -0.41675699 0.78664196 2.23095851 0.27450980 0.27450980 0.29411765
v -0.39610499 0.79855749 2.20781978 0.27450980 0.27450980 0.29411765
v -0.42142899 0.78554971 2.21823644 0.27450980 0.27450980 0.29411765
v -0.39645549 0.79048358 2.19688540 0.27450980 0.27450980 0.29411765
v -0.42177949 0.77747580 2.20730206 0.27450980 0.27450980 0.29411765
v -0.39235061 0.77851198 2.19191527 0.27450980 0.27450980 0.29411765
v -0.41767461 0.76550419 2.20233193 0.27450980 0.27450980 0.29411765
v -0.38535828 0.76721542 2.19480780 0.27450980 0.27450980 0.29411765
v -0.41068228 0.75420764 2.20522447 0.27450980 0.27450980 0.29411765
v -0.37814933 0.76090882 2.20445816 0.27450980 0.27450980 0.29411765
v -0.40347333 0.74790104 2.21487482 0.27450980 0.27450980 0.29411765
v -0.37347734 0.76200108 2.21718022 0.27450980 0.27450980 0.29411765
v -0.39880134 0.74899329 2.22759689 0.27450980 0.27450980 0.29411765
v -0.37312683 0.77007499 2.22811460 0.27450980 0.27450980 0.29411765
v -0.39845083 0.75706720 2.23853127 0.27450980 0.27450980 0.29411765
v -0.41011516 0.76727150 2.22291667 0.27450980 0.27450980 0.29411765
v -0.40255571 0.76916539 2.24349014 0.27450980 0.27450980 0.29411765
v -0.42744055 0.75533599 2.25390681 0.27450980 0.27450980 0.29411765
v -0.43500000 0.75344210 2.23333333 0.27450980 0.27450980 0.29411765
v -0.40989851 0.78025705 2.24067416 0.27450980 0.27450980 0.29411765
v -0.43478334 0.76642766 2.25109082 0.27450980 0.27450980 0.29411765
v -0.41732406 0.78638868 2.23107541 0.27450980 0.27450980 0.29411765
v -0.44220890 0.77255928 2.24149208 0.27450980 0.27450980 0.29411765
v -0.42199605 0.78521820 2.21836031 0.27450980 0.27450980 0.29411765
v -0.44688089 0.77138880 2.22877697 0.27450980 0.27450980 0.29411765
v -0.42212996 0.77719268 2.20738557 0.27450980 0.27450980 0.29411765
v -0.44701479 0.76336328 2.21780224 0.27450980 0.27450980 0.29411765
v -0.41767461 0.76537761 2.20234319 0.27450980 0.27450980 0.29411765
v -0.44255945 0.75154822 2.21275986 0.27450980 0.27450980 0.29411765
v -0.41033182 0.75428595 2.20515918 0.27450980 0.27450980 0.29411765
v -0.43521666 0.74045655 2.21557584 0.27450980 0.27450980 0.29411765
v -0.40290627 0.74815432 2.21475792 0.27450980 0.27450980 0.29411765
v -0.42779110 0.73432492 2.22517459 0.27450980 0.27450980 0.29411765
v -0.39823427 0.74932480 2.22747303 0.27450980 0.27450980 0.29411765
v -0.42311911 0.73549540 2.23788969 0.27450980 0.27450980 0.29411765
v -0.39810037 0.75735032 2.23844776 0.27450980 0.27450980 0.29411765
v -0.42298521 0.74352092 2.24886443 0.27450980 0.27450980 0.29411765
v -0.43500000 0.75344210 2.23333333 0.27450980 0.27450980 0.29411765
v -0.42744055 0.75546353 2.25389467 0.27450980 0.27450980 0.29411765
v -0.45185958 0.74082733 2.26431134 0.27450980 0.27450980 0.29411765
v -0.45941903 0.73880590 2.24375000 0.27450980 0.27450980 0.29411765
v -0.43512750 0.76633928 2.25115597 0.27450980 0.27450980 0.29411765
v -0.45954653 0.75170308 2.26157264 0.27450980 0.27450980 0.29411765
v -0.44276574 0.77228875 2.24160963 0.27450980 0.27450980 0.29411765
v -0.46718477 0.75765255 2.25202630 0.27450980 0.27450980 0.29411765
v -0.44743774 0.77103943 2.22890203 0.27450980 0.27450980 0.29411765
v -0.47185677 0.75640323 2.23931869 0.27450980 0.27450980 0.29411765
v -0.44735894 0.76306854 2.21788703 0.27450980 0.27450980 0.29411765
v -0.47177797 0.74843233 2.22830370 0.27450980 0.27450980 0.29411765
v -0.44255945 0.75142067 2.21277200 0.27450980 0.27450980 0.29411765
v -0.46697848 0.73678447 2.22318866 0.27450980 0.27450980 0.29411765
v -0.43487250 0.74054492 2.21551070 0.27450980 0.27450980 0.29411765
v -0.45929153 0.72590872 2.22592736 0.27450980 0.27450980 0.29411765
v -0.42723426 0.73459545 2.22505703 0.27450980 0.27450980 0.29411765
v -0.45165329 0.71995925 2.23547370 0.27450980 0.27450980 0.29411765
v -0.42256226 0.73584477 2.23776464 0.27450980 0.27450980 0.29411765
v -0.44698129 0.72120856 2.24818131 0.27450980 0.27450980 0.29411765
v -0.42264106 0.74381567 2.24877963 0.27450980 0.27450980 0.29411765
v -0.44706009 0.72917946 2.25919630 0.27450980 0.27450980 0.29411765
v -0.45941903 0.73880590 2.24375000 0.27450980 0.27450980 0.29411765
v -0.45185958 0.74095592 2.26429829 0.27450980 0.27450980 0.29411765
v -0.47578665 0.72552858 2.27471495 0.27450980 0.27450980 0.29411765
v -0.48334610 0.72337856 2.25416667 0.27450980 0.27450980 0.29411765
v -0.45988399 0.75160493 2.26163766 0.27450980 0.27450980 0.29411765
v -0.48381106 0.73617760 2.27205433 0.27450980 0.27450980 0.29411765
v -0.46773080 0.75736515 2.25214456 0.27450980 0.27450980 0.29411765
v -0.49165788 0.74193781 2.26256123 0.27450980 0.27450980 0.29411765
v -0.47240280 0.75603636 2.23944502 0.27450980 0.27450980 0.29411765
v -0.49632987 0.74060903 2.24986169 0.27450980 0.27450980 0.29411765
v -0.47211544 0.74812612 2.22838984 0.27450980 0.27450980 0.29411765
v -0.49604251 0.73269879 2.23880650 0.27450980 0.27450980 0.29411765
v -0.46697848 0.73665588 2.22320171 0.27450980 0.27450980 0.29411765
v -0.49090555 0.72122854 2.23361838 0.27450980 0.27450980 0.29411765
v -0.45895407 0.72600686 2.22586234 0.27450980 0.27450980 0.29411765
v -0.48288114 0.71057953 2.23627900 0.27450980 0.27450980 0.29411765
v -0.45110726 0.72024665 2.23535544 0.27450980 0.27450980 0.29411765
v -0.47503433 0.70481931 2.24577210 0.27450980 0.27450980 0.29411765
v -0.44643526 0.72157544 2.24805498 0.27450980 0.27450980 0.29411765
v -0.47036233 0.70614810 2.25847164 0.27450980 0.27450980 0.29411765
v -0.44672262 0.72948567 2.25911016 0.27450980 0.27450980 0.29411765
v -0.47064969 0.71405834 2.26952683 0.27450980 0.27450980 0.29411765
v -0.48334610 0.72337856 2.25416667 0.27450980 0.27450980 0.29411765
v -0.47578665 0.72565829 2.27470097 0.27450980 0.27450980 0.29411765
v -0.49919614 0.70945634 2.28511763 0.27450980 0.27450980 0.29411765
v -0.50675560 0.70717662 2.26458333 0.27450980 0.27450980 0.29411765
v -0.48414148 0.73606997 2.27211926 0.27450980 0.27450980 0.29411765
v -0.50755098 0.71986803 2.28253592 0.27450980 0.27450980 0.29411765
v -0.49219250 0.74163397 2.26268027 0.27450980 0.27450980 0.29411765
v -0.51560200 0.72543202 2.27309693 0.27450980 0.27450980 0.29411765
v -0.49686450 0.74022502 2.24998937 0.27450980 0.27450980 0.29411765
v -0.52027400 0.72402307 2.26040604 0.27450980 0.27450980 0.29411765
v -0.49637293 0.73238129 2.23889406 0.27450980 0.27450980 0.29411765
v -0.51978242 0.71617935 2.24931073 0.27450980 0.27450980 0.29411765
v -0.49090555 0.72109883 2.23363237 0.27450980 0.27450980 0.29411765
v -0.51431505 0.70489689 2.24404903 0.27450980 0.27450980 0.29411765
v -0.48255072 0.71068715 2.23621408 0.27450980 0.27450980 0.29411765
v -0.50596022 0.69448521 2.24663074 0.27450980 0.27450980 0.29411765
v -0.47449970 0.70512316 2.24565307 0.27450980 0.27450980 0.29411765
v -0.49790919 0.68892121 2.25606973 0.27450980 0.27450980 0.29411765
v -0.46982770 0.70653211 2.25834396 0.27450980 0.27450980 0.29411765
v -0.49323720 0.69033016 2.26876063 0.27450980 0.27450980 0.29411765
v -0.47031927 0.71437583 2.26943927 0.27450980 0.27450980 0.29411765
v -0.49372877 0.69817388 2.27985594 0.27450980 0.27450980 0.29411765
v -0.50675560 0.70717662 2.26458333 0.27450980 0.27450980 0.29411765
v -0.49919614 0.70958724 2.28510268 0.27450980 0.27450980 0.29411765
v -0.52206299 0.69262804 2.29551935 0.27450980 0.27450980 0.29411765
v -0.52962244 0.69021741 2.27500000 0.27450980 0.27450980 0.29411765
v -0.50787399 0.71975125 2.28260077 0.27450980 0.27450980 0.29411765
v -0.53074084 0.70279204 2.29301743 0.27450980 0.27450980 0.29411765
v -0.51612465 0.72511217 2.27321680 0.27450980 0.27450980 0.29411765
v -0.53899150 0.70815296 2.28363347 0.27450980 0.27450980 0.29411765
v -0.52079665 0.72362232 2.26053515 0.27450980 0.27450980 0.29411765
v -0.54366350 0.70666311 2.27095182 0.27450980 0.27450980 0.29411765
v -0.52010544 0.71585077 2.24939977 0.27450980 0.27450980 0.29411765
v -0.54297229 0.69889156 2.25981643 0.27450980 0.27450980 0.29411765
v -0.51431505 0.70476599 2.24406399 0.27450980 0.27450980 0.29411765
v -0.53718189 0.68780678 2.25448065 0.27450980 0.27450980 0.29411765
v -0.50563720 0.69460199 2.24656590 0.27450980 0.27450980 0.29411765
v -0.52850405 0.67764278 2.25698257 0.27450980 0.27450980 0.29411765
v -0.49738654 0.68924107 2.25594986 0.27450980 0.27450980 0.29411765
v -0.52025339 0.67228186 2.26636653 0.27450980 0.27450980 0.29411765
v -0.49271454 0.69073092 2.26863152 0.27450980 0.27450980 0.29411765
v -0.51558139 0.67377171 2.27904818 0.27450980 0.27450980 0.29411765
v -0.49340575 0.69850247 2.27976690 0.27450980 0.27450980 0.29411765
v -0.51627260 0.68154326 2.29018357 0.27450980 0.27450980 0.29411765
v -0.52962244 0.69021741 2.27500000 0.27450980 0.27450980 0.29411765
v -0.52206299 0.69276021 2.29550339 0.27450980 0.27450980 0.29411765
v -0.54436271 0.67506190 2.30592005 0.27450980 0.27450980 0.29411765
v -0.55192216 0.67251909 2.28541667 0.27450980 0.27450980 0.29411765
v -0.53105611 0.70266643 2.29308221 0.27450980 0.27450980 0.29411765
v -0.55335583 0.68496812 2.30349888 0.27450980 0.27450980 0.29411765
v -0.53950162 0.70781755 2.28375424 0.27450980 0.27450980 0.29411765
v -0.56180133 0.69011924 2.29417091 0.27450980 0.27450980 0.29411765
v -0.54417362 0.70624601 2.27108246 0.27450980 0.27450980 0.29411765
v -0.56647333 0.68854770 2.28149912 0.27450980 0.27450980 0.29411765
v -0.54328756 0.69855209 2.25990703 0.27450980 0.27450980 0.29411765
v -0.56558728 0.68085378 2.27032370 0.27450980 0.27450980 0.29411765
v -0.53718189 0.68767460 2.25449661 0.27450980 0.27450980 0.29411765
v -0.55948161 0.66997629 2.26491328 0.27450980 0.27450980 0.29411765
v -0.52818877 0.67776838 2.25691779 0.27450980 0.27450980 0.29411765
v -0.55048849 0.66007007 2.26733446 0.27450980 0.27450980 0.29411765
v -0.51974327 0.67261726 2.26624576 0.27450980 0.27450980 0.29411765
v -0.54204298 0.65491895 2.27666242 0.27450980 0.27450980 0.29411765
v -0.51507127 0.67418880 2.27891754 0.27450980 0.27450980 0.29411765
v -0.53737098 0.65649049 2.28933421 0.27450980 0.27450980 0.29411765
v -0.51595733 0.68188272 2.29009297 0.27450980 0.27450980 0.29411765
v -0.53825704 0.66418441 2.30050963 0.27450980 0.27450980 0.29411765
v -0.55192216 0.67251909 2.28541667 0.27450980 0.27450980 0.29411765
v -0.54436271 0.67519543 2.30590305 0.27450980 0.27450980 0.29411765
v -0.56607141 0.65677697 2.31631972 0.27450980 0.27450980 0.29411765
v -0.57363086 0.65410063 2.29583333 0.27450980 0.27450980 0.29411765
v -0.55366301 0.68483404 2.30356361 0.27450980 0.27450980 0.29411765
v -0.57537171 0.66641558 2.31398028 0.27450980 0.27450980 0.29411765
v -0.56229837 0.68976876 2.29429265 0.27450980 0.27450980 0.29411765
v -0.58400707 0.67135030 2.30470932 0.27450980 0.27450980 0.29411765
v -0.56697037 0.68811470 2.28163137 0.27450980 0.27450980 0.29411765
v -0.58867907 0.66969623 2.29204804 0.27450980 0.27450980 0.29411765
v -0.56589446 0.68050364 2.27041594 0.27450980 0.27450980 0.29411765
v -0.58760316 0.66208518 2.28083261 0.27450980 0.27450980 0.29411765
v -0.55948161 0.66984276 2.26493028 0.27450980 0.27450980 0.29411765
v -0.58119031 0.65142430 2.27534695 0.27450980 0.27450980 0.29411765
v -0.55018130 0.66020415 2.26726972 0.27450980 0.27450980 0.29411765
v -0.57189000 0.64178569 2.27768639 0.27450980 0.27450980 0.29411765
v -0.54154594 0.65526943 2.27654068 0.27450980 0.27450980 0.29411765
v -0.56325464 0.63685096 2.28695735 0.27450980 0.27450980 0.29411765
v -0.53687394 0.65692349 2.28920196 0.27450980 0.27450980 0.29411765
v -0.55858265 0.63850503 2.29961863 0.27450980 0.27450980 0.29411765
v -0.53794985 0.66453455 2.30041739 0.27450980 0.27450980 0.29411765
v -0.55965855 0.64611609 2.31083406 0.27450980 0.27450980 0.29411765
v -0.57363086 0.65410063 2.29583333 0.27450980 0.27450980 0.29411765
v -0.56607141 0.65691194 2.31630163 0.27450980 0.27450980 0.29411765
v -0.58716585 0.63779305 2.32671830 0.27450980 0.27450980 0.29411765
v -0.59472530 0.63498174 2.30625000 0.27450980 0.27450980 0.29411765
v -0.57567049 0.66627338 2.31404498 0.27450980 0.27450980 0.29411765
v -0.59676493 0.64715450 2.32446165 0.27450980 0.27450980 0.29411765
v -0.58449050 0.67098525 2.30483210 0.27450980 0.27450980 0.29411765
v -0.60558495 0.65186637 2.31524876 0.27450980 0.27450980 0.29411765
v -0.58916250 0.66924777 2.29218199 0.27450980 0.27450980 0.29411765
v -0.61025694 0.65012888 2.30259866 0.27450980 0.27450980 0.29411765
v -0.58790194 0.66172460 2.28092658 0.27450980 0.27450980 0.29411765
v -0.60899638 0.64260571 2.29134324 0.27450980 0.27450980 0.29411765
v -0.58119031 0.65128933 2.27536503 0.27450980 0.27450980 0.29411765
v -0.60228475 0.63217044 2.28578170 0.27450980 0.27450980 0.29411765
v -0.57159123 0.64192788 2.27762169 0.27450980 0.27450980 0.29411765
v -0.59268567 0.62280899 2.28803835 0.27450980 0.27450980 0.29411765
v -0.56277122 0.63721601 2.28683457 0.27450980 0.27450980 0.29411765
v -0.58386566 0.61809712 2.29725124 0.27450980 0.27450980 0.29411765
v -0.55809922 0.63895349 2.29948468 0.27450980 0.27450980 0.29411765
v -0.57919366 0.61983460 2.30990134 0.27450980 0.27450980 0.29411765
v -0.55935978 0.64647667 2.31074009 0.27450980 0.27450980 0.29411765
v -0.58045422 0.62735778 2.32115676 0.27450980 0.27450980 0.29411765
v -0.59472530 0.63498174 2.30625000 0.27450980 0.27450980 0.29411765
v -0.58716585 0.63792955 2.32669909 0.27450980 0.27450980 0.29411765
v -0.60762345 0.61813070 2.33711575 0.27450980 0.27450980 0.29411765
v -0.61518290 0.61518290 2.31666667 0.27450980 0.27450980 0.29411765
v -0.59705497 0.64700456 2.32452633 0.27450980 0.27450980 0.29411765
v -0.61751257 0.62720572 2.33494300 0.27450980 0.27450980 0.29411765
v -0.60605424 0.65148727 2.31537264 0.27450980 0.27450980 0.29411765
v -0.62651184 0.63168843 2.32578931 0.27450980 0.27450980 0.29411765
v -0.61072624 0.64966543 2.30273441 0.27450980 0.27450980 0.29411765
v -0.63118384 0.62986659 2.31315108 0.27450980 0.27450980 0.29411765
v -0.60928642 0.64223492 2.29143902 0.27450980 0.27450980 0.29411765
v -0.62974402 0.62243607 2.30185568 0.27450980 0.27450980 0.29411765
v -0.60228475 0.63203394 2.28580091 0.27450980 0.27450980 0.29411765
v -0.62274235 0.61223510 2.29621758 0.27450980 0.27450980 0.29411765
v -0.59239563 0.62295892 2.28797367 0.27450980 0.27450980 0.29411765
v -0.61285323 0.60316008 2.29839033 0.27450980 0.27450980 0.29411765
v -0.58339636 0.61847621 2.29712736 0.27450980 0.27450980 0.29411765
v -0.60385396 0.59867737 2.30754402 0.27450980 0.27450980 0.29411765
v -0.57872437 0.62029806 2.30976559 0.27450980 0.27450980 0.29411765
v -0.59918196 0.60049921 2.32018225 0.27450980 0.27450980 0.29411765
v -0.58016418 0.62772857 2.32106098 0.27450980 0.27450980 0.29411765
v -0.60062178 0.60792973 2.33147765 0.27450980 0.27450980 0.29411765
v -0.61518290 0.61518290 2.31666667 0.27450980 0.27450980 0.29411765
v -0.60762345 0.61826882 2.33709537 0.27450980 0.27450980 0.29411765
v -0.62742229 0.59781123 2.34751203 0.27450980 0.27450980 0.29411765
v -0.63498174 0.59472530 2.32708333 0.27450980 0.27450980 0.29411765
v -0.61779357 0.62704845 2.33500769 0.27450980 0.27450980 0.29411765
v -0.63759241 0.60659085 2.34542436 0.27450980 0.27450980 0.29411765
v -0.62696650 0.63129584 2.32591437 0.27450980 0.27450980 0.29411765
v -0.64676535 0.61083824 2.33633104 0.27450980 0.27450980 0.29411765
v -0.63163850 0.62938863 2.31328874 0.27450980 0.27450980 0.29411765
v -0.65143734 0.60893103 2.32370540 0.27450980 0.27450980 0.29411765
v -0.63002502 0.62205532 2.30195336 0.27450980 0.27450980 0.29411765
v -0.64982386 0.60159772 2.31237003 0.27450980 0.27450980 0.29411765
v -0.62274235 0.61209698 2.29623797 0.27450980 0.27450980 0.29411765
v -0.64254119 0.59163938 2.30665463 0.27450980 0.27450980 0.29411765
v -0.61257223 0.60331735 2.29832564 0.27450980 0.27450980 0.29411765
v -0.63237107 0.58285976 2.30874231 0.27450980 0.27450980 0.29411765
v -0.60339930 0.59906996 2.30741896 0.27450980 0.27450980 0.29411765
v -0.62319814 0.57861237 2.31783563 0.27450980 0.27450980 0.29411765
v -0.59872730 0.60097717 2.32004460 0.27450980 0.27450980 0.29411765
v -0.61852614 0.58051957 2.33046126 0.27450980 0.27450980 0.29411765
v -0.60034078 0.60831048 2.33137997 0.27450980 0.27450980 0.29411765
v -0.62013962 0.58785288 2.34179664 0.27450980 0.27450980 0.29411765
v -0.63498174 0.59472530 2.32708333 0.27450980 0.27450980 0.29411765
v -0.62742229 0.59795106 2.34749042 0.27450980 0.27450980 0.29411765
v -0.64654118 0.57685661 2.35790709 0.27450980 0.27450980 0.29411765
v -0.65410063 0.57363086 2.33750000 0.27450980 0.27450980 0.29411765
v -0.63786407 0.60642664 2.34548906 0.27450980 0.27450980 0.29411765
v -0.65698296 0.58533220 2.35590573 0.27450980 0.27450980 0.29411765
v -0.64720489 0.61043271 2.33645735 0.27450980 0.27450980 0.29411765
v -0.66632378 0.58933826 2.34687401 0.27450980 0.27450980 0.29411765
v -0.65187689 0.60843908 2.32384507 0.27450980 0.27450980 0.29411765
v -0.67099578 0.58734464 2.33426174 0.27450980 0.27450980 0.29411765
v -0.65009552 0.60120726 2.31246970 0.27450980 0.27450980 0.29411765
v -0.66921440 0.58011281 2.32288637 0.27450980 0.27450980 0.29411765
v -0.64254119 0.59149955 2.30667625 0.27450980 0.27450980 0.29411765
v -0.66166008 0.57040510 2.31709291 0.27450980 0.27450980 0.29411765
v -0.63209942 0.58302397 2.30867760 0.27450980 0.27450980 0.29411765
v -0.65121831 0.56192952 2.31909427 0.27450980 0.27450980 0.29411765
v -0.62275860 0.57901790 2.31770932 0.27450980 0.27450980 0.29411765
v -0.64187748 0.55792345 2.32812599 0.27450980 0.27450980 0.29411765
v -0.61808660 0.58101152 2.33032159 0.27450980 0.27450980 0.29411765
v -0.63720549 0.55991708 2.34073826 0.27450980 0.27450980 0.29411765
v -0.61986797 0.58824335 2.34169696 0.27450980 0.27450980 0.29411765
v -0.63898686 0.56714890 2.35211363 0.27450980 0.27450980 0.29411765
v -0.65410063 0.57363086 2.33750000 0.27450980 0.27450980 0.29411765
v -0.64654118 0.57699826 2.35788419 0.27450980 0.27450980 0.29411765
v -0.66495964 0.55528956 2.36830086 0.27450980 0.27450980 0.29411765
v -0.67251909 0.55192216 2.34791667 0.27450980 0.27450980 0.29411765
v -0.65724497 0.58516147 2.35597047 0.27450980 0.27450980 0.29411765
v -0.67566344 0.56345277 2.36638713 0.27450980 0.27450980 0.29411765
v -0.66674773 0.58892038 2.34700165 0.27450980 0.27450980 0.29411765
v -0.68516620 0.56721168 2.35741832 0.27450980 0.27450980 0.29411765
v -0.67141973 0.58683921 2.33440353 0.27450980 0.27450980 0.29411765
v -0.68983819 0.56513051 2.34482019 0.27450980 0.27450980 0.29411765
v -0.66947642 0.57971290 2.32298815 0.27450980 0.27450980 0.29411765
v -0.68789488 0.55800420 2.33340482 0.27450980 0.27450980 0.29411765
v -0.66166008 0.57026346 2.31711581 0.27450980 0.27450980 0.29411765
v -0.68007855 0.54855476 2.32753247 0.27450980 0.27450980 0.29411765
v -0.65095629 0.56210025 2.31902953 0.27450980 0.27450980 0.29411765
v -0.66937475 0.54039155 2.32944620 0.27450980 0.27450980 0.29411765
v -0.64145353 0.55834134 2.32799835 0.27450980 0.27450980 0.29411765
v -0.65987199 0.53663264 2.33841502 0.27450980 0.27450980 0.29411765
v -0.63678153 0.56042250 2.34059647 0.27450980 0.27450980 0.29411765
v -0.65519999 0.53871380 2.35101314 0.27450980 0.27450980 0.29411765
v -0.63872484 0.56754881 2.35201185 0.27450980 0.27450980 0.29411765
v -0.65714330 0.54584011 2.36242852 0.27450980 0.27450980 0.29411765
v -0.67251909 0.55192216 2.34791667 0.27450980 0.27450980 0.29411765
v -0.66495964 0.55543312 2.36827662 0.27450980 0.27450980 0.29411765
v -0.68265795 0.53313340 2.37869329 0.27450980 0.27450980 0.29411765
v -0.69021741 0.52962244 2.35833333 0.27450980 0.27450980 0.29411765
v -0.67591554 0.56327597 2.36645191 0.27450980 0.27450980 0.29411765
v -0.69361385 0.54097625 2.37686857 0.27450980 0.27450980 0.29411765
v -0.68557411 0.56678205 2.35754736 0.27450980 0.27450980 0.29411765
v -0.70327242 0.54448234 2.36796403 0.27450980 0.27450980 0.29411765
v -0.69024610 0.56461216 2.34496421 0.27450980 0.27450980 0.29411765
v -0.70794442 0.54231245 2.35538088 0.27450980 0.27450980 0.29411765
v -0.68814699 0.55759512 2.33350880 0.27450980 0.27450980 0.29411765
v -0.70584530 0.53529540 2.34392547 0.27450980 0.27450980 0.29411765
v -0.68007855 0.54841120 2.32755671 0.27450980 0.27450980 0.29411765
v -0.69777686 0.52611149 2.33797338 0.27450980 0.27450980 0.29411765
v -0.66912265 0.54056835 2.32938143 0.27450980 0.27450980 0.29411765
v -0.68682096 0.51826863 2.33979809 0.27450980 0.27450980 0.29411765
v -0.65946408 0.53706226 2.33828597 0.27450980 0.27450980 0.29411765
v -0.67716239 0.51476255 2.34870264 0.27450980 0.27450980 0.29411765
v -0.65479208 0.53923216 2.35086912 0.27450980 0.27450980 0.29411765
v -0.67249040 0.51693244 2.36128579 0.27450980 0.27450980 0.29411765
v -0.65689120 0.54624920 2.36232453 0.27450980 0.27450980 0.29411765
v -0.67458951 0.52394948 2.37274120 0.27450980 0.27450980 0.29411765
v -0.69021741 0.52962244 2.35833333 0.27450980 0.27450980 0.29411765
v -0.68265795 0.53327898 2.37866765 0.27450980 0.27450980 0.29411765
v -0.69961716 0.51041213 2.38908432 0.27450980 0.27450980 0.29411765
v -0.70717662 0.50675560 2.36875000 0.27450980 0.27450980 0.29411765
v -0.69385577 0.54079383 2.37693340 0.27450980 0.27450980 0.29411765
v -0.71081497 0.51792698 2.38735007 0.27450980 0.27450980 0.29411765
v -0.70366385 0.54404159 2.36809456 0.27450980 0.27450980 0.29411765
v -0.72062306 0.52117474 2.37851122 0.27450980 0.27450980 0.29411765
v -0.70833584 0.54178172 2.35552726 0.27450980 0.27450980 0.29411765
v -0.72529505 0.51891488 2.36594392 0.27450980 0.27450980 0.29411765
v -0.70608721 0.53487743 2.34403178 0.27450980 0.27450980 0.29411765
v -0.72304642 0.51201058 2.35444845 0.27450980 0.27450980 0.29411765
v -0.69777686 0.52596591 2.33799902 0.27450980 0.27450980 0.29411765
v -0.71473607 0.50309906 2.34841568 0.27450980 0.27450980 0.29411765
v -0.68657905 0.51845106 2.33973327 0.27450980 0.27450980 0.29411765
v -0.70353826 0.49558421 2.35014993 0.27450980 0.27450980 0.29411765
v -0.67677097 0.51520330 2.34857211 0.27450980 0.27450980 0.29411765
v -0.69373018 0.49233645 2.35898878 0.27450980 0.27450980 0.29411765
v -0.67209897 0.51746316 2.36113941 0.27450980 0.27450980 0.29411765
v -0.68905818 0.49459631 2.37155608 0.27450980 0.27450980 0.29411765
v -0.67434760 0.52436746 2.37263488 0.27450980 0.27450980 0.29411765
v -0.69130681 0.50150061 2.38305155 0.27450980 0.27450980 0.29411765
v -0.70717662 0.50675560 2.36875000 0.27450980 0.27450980 0.29411765
v -0.69961716 0.51055984 2.38905720 0.27450980 0.27450980 0.29411765
v -0.71581911 0.48715035 2.39947387 0.27450980 0.27450980 0.29411765
v -0.72337856 0.48334610 2.37916667 0.27450980 0.27450980 0.29411765
v -0.71104645 0.51773940 2.38741495 0.27450980 0.27450980 0.29411765
v -0.72724839 0.49432991 2.39783162 0.27450980 0.27450980 0.29411765
v -0.72099758 0.52072352 2.37864332 0.27450980 0.27450980 0.29411765
v -0.73719953 0.49731403 2.38905999 0.27450980 0.27450980 0.29411765
v -0.72566958 0.51837237 2.36609278 0.27450980 0.27450980 0.29411765
v -0.74187153 0.49496287 2.37650945 0.27450980 0.27450980 0.29411765
v -0.72327790 0.51158400 2.35455721 0.27450980 0.27450980 0.29411765
v -0.73947984 0.48817451 2.36497388 0.27450980 0.27450980 0.29411765
v -0.71473607 0.50295135 2.34844280 0.27450980 0.27450980 0.29411765
v -0.73093801 0.47954186 2.35885947 0.27450980 0.27450980 0.29411765
v -0.70330679 0.49577179 2.35008505 0.27450980 0.27450980 0.29411765
v -0.71950873 0.47236230 2.36050172 0.27450980 0.27450980 0.29411765
v -0.69335565 0.49278767 2.35885668 0.27450980 0.27450980 0.29411765
v -0.70955759 0.46937818 2.36927334 0.27450980 0.27450980 0.29411765
v -0.68868365 0.49513882 2.37140722 0.27450980 0.27450980 0.29411765
v -0.70488560 0.47172933 2.38182388 0.27450980 0.27450980 0.29411765
v -0.69107534 0.50192719 2.38294279 0.27450980 0.27450980 0.29411765
v -0.70727728 0.47851770 2.39335946 0.27450980 0.27450980 0.29411765
v -0.72337856 0.48334610 2.37916667 0.27450980 0.27450980 0.29411765
v -0.71581911 0.48730031 2.39944520 0.27450980 0.27450980 0.29411765
v -0.73124645 0.46337323 2.40986187 0.27450980 0.27450980 0.29411765
v -0.73880590 0.45941903 2.38958333 0.27450980 0.27450980 0.29411765
v -0.72746917 0.49413766 2.39789657 0.27450980 0.27450980 0.29411765
v -0.74289651 0.47021059 2.40831324 0.27450980 0.27450980 0.29411765
v -0.73755676 0.49685300 2.38919375 0.27450980 0.27450980 0.29411765
v -0.75298409 0.47292593 2.39961042 0.27450980 0.27450980 0.29411765
v -0.74222876 0.49440917 2.37666093 0.27450980 0.27450980 0.29411765
v -0.75765609 0.47048210 2.38707759 0.27450980 0.27450980 0.29411765
v -0.73970062 0.48773962 2.36508521 0.27450980 0.27450980 0.29411765
v -0.75512796 0.46381255 2.37550188 0.27450980 0.27450980 0.29411765
v -0.73093801 0.47939190 2.35888813 0.27450980 0.27450980 0.29411765
v -0.74636535 0.45546483 2.36930480 0.27450980 0.27450980 0.29411765
v -0.71928795 0.47255455 2.36043676 0.27450980 0.27450980 0.29411765
v -0.73471529 0.44862747 2.37085343 0.27450980 0.27450980 0.29411765
v -0.70920037 0.46983920 2.36913958 0.27450980 0.27450980 0.29411765
v -0.72462770 0.44591213 2.37955625 0.27450980 0.27450980 0.29411765
v -0.70452837 0.47228304 2.38167241 0.27450980 0.27450980 0.29411765
v -0.71995570 0.44835596 2.39208907 0.27450980 0.27450980 0.29411765
v -0.70705650 0.47895258 2.39324812 0.27450980 0.27450980 0.29411765
v -0.72248384 0.45502551 2.40366479 0.27450980 0.27450980 0.29411765
v -0.73880590 0.45941903 2.38958333 0.27450980 0.27450980 0.29411765
v -0.73124645 0.46352556 2.40983157 0.27450980 0.27450980 0.29411765
v -0.74588265 0.43910653 2.42024824 0.27450980 0.27450980 0.29411765
v -0.75344210 0.43500000 2.40000000 0.27450980 0.27450980 0.29411765
v -0.74310636 0.47001416 2.40837826 0.27450980 0.27450980 0.29411765
v -0.75774256 0.44559513 2.41879493 0.27450980 0.27450980 0.29411765
v -0.75332364 0.47245579 2.39974592 0.27450980 0.27450980 0.29411765
v -0.76795984 0.44803675 2.41016259 0.27450980 0.27450980 0.29411765
v -0.75799564 0.46991781 2.38723183 0.27450980 0.27450980 0.29411765
v -0.77263184 0.44549878 2.39764849 0.27450980 0.27450980 0.29411765
v -0.75533781 0.46336966 2.37561592 0.27450980 0.27450980 0.29411765
v -0.76997401 0.43895063 2.38603259 0.27450980 0.27450980 0.29411765
v -0.74636535 0.45531250 2.36933510 0.27450980 0.27450980 0.29411765
v -0.76100155 0.43089347 2.37975176 0.27450980 0.27450980 0.29411765
v -0.73450544 0.44882390 2.37078841 0.27450980 0.27450980 0.29411765
v -0.74914164 0.42440487 2.38120507 0.27450980 0.27450980 0.29411765
v -0.72428816 0.44638228 2.37942074 0.27450980 0.27450980 0.29411765
v -0.73892436 0.42196325 2.38983741 0.27450980 0.27450980 0.29411765
v -0.71961616 0.44892025 2.39193484 0.27450980 0.27450980 0.29411765
v -0.73425236 0.42450122 2.40235151 0.27450980 0.27450980 0.29411765
v -0.72227399 0.45546840 2.40355074 0.27450980 0.27450980 0.29411765
v -0.73691019 0.43104937 2.41396741 0.27450980 0.27450980 0.29411765
v -0.75344210 0.43500000 2.40000000 0.27450980 0.27450980 0.29411765
v -0.74588265 0.43926135 2.42021622 0.27450980 0.27450980 0.29411765
v -0.75971205 0.41437651 2.43063289 0.27450980 0.27450980 0.29411765
v -0.76727150 0.41011516 2.41041667 0.27450980 0.27450980 0.29411765
v -0.75794126 0.44539505 2.41886002 0.27450980 0.27450980 0.29411765
v -0.77177065 0.42051021 2.42927669 0.27450980 0.27450980 0.29411765
v -0.76828134 0.44755820 2.41029994 0.27450980 0.27450980 0.29411765
v -0.78211074 0.42267336 2.42071661 0.27450980 0.27450980 0.29411765
v -0.77295333 0.44492454 2.39780563 0.27450980 0.27450980 0.29411765
v -0.78678273 0.42003970 2.40822229 0.27450980 0.27450980 0.29411765
v -0.77017270 0.43850004 2.38614949 0.27450980 0.27450980 0.29411765
v -0.78400210 0.41361521 2.39656616 0.27450980 0.27450980 0.29411765
v -0.76100155 0.43073865 2.37978378 0.27450980 0.27450980 0.29411765
v -0.77483095 0.40585381 2.39020045 0.27450980 0.27450980 0.29411765
v -0.74894295 0.42460495 2.38113998 0.27450980 0.27450980 0.29411765
v -0.76277235 0.39972011 2.39155664 0.27450980 0.27450980 0.29411765
v -0.73860287 0.42244180 2.38970006 0.27450980 0.27450980 0.29411765
v -0.75243226 0.39755696 2.40011673 0.27450980 0.27450980 0.29411765
v -0.73393087 0.42507546 2.40219437 0.27450980 0.27450980 0.29411765
v -0.74776027 0.40019062 2.41261104 0.27450980 0.27450980 0.29411765
v -0.73671150 0.43149996 2.41385051 0.27450980 0.27450980 0.29411765
v -0.75054090 0.40661512 2.42426718 0.27450980 0.27450980 0.29411765
v -0.76727150 0.41011516 2.41041667 0.27450980 0.27450980 0.29411765
v -0.75971205 0.41453395 2.43059906 0.27450980 0.27450980 0.29411765
v -0.77271983 0.38920995 2.44101573 0.27450980 0.27450980 0.29411765
v -0.78027929 0.38479116 2.42083333 0.27450980 0.27450980 0.29411765
v -0.77195798 0.42030700 2.42934187 0.27450980 0.27450980 0.29411765
v -0.78496577 0.39498300 2.43975853 0.27450980 0.27450980 0.29411765
v -0.78241384 0.42218712 2.42085589 0.27450980 0.27450980 0.29411765
v -0.79542163 0.39686312 2.43127256 0.27450980 0.27450980 0.29411765
v -0.78708584 0.41945615 2.40838249 0.27450980 0.27450980 0.29411765
v -0.80009362 0.39413215 2.41879915 0.27450980 0.27450980 0.29411765
v -0.78418943 0.41315725 2.39668607 0.27450980 0.27450980 0.29411765
v -0.79719722 0.38783325 2.40710274 0.27450980 0.27450980 0.29411765
v -0.77483095 0.40569637 2.39023427 0.27450980 0.27450980 0.29411765
v -0.78783874 0.38037237 2.40065094 0.27450980 0.27450980 0.29411765
v -0.76258502 0.39992332 2.39149147 0.27450980 0.27450980 0.29411765
v -0.77559280 0.37459932 2.40190813 0.27450980 0.27450980 0.29411765
v -0.75212916 0.39804320 2.39997744 0.27450980 0.27450980 0.29411765
v -0.76513695 0.37271920 2.41039411 0.27450980 0.27450980 0.29411765
v -0.74745716 0.40077417 2.41245085 0.27450980 0.27450980 0.29411765
v -0.76046495 0.37545017 2.42286751 0.27450980 0.27450980 0.29411765
v -0.75035357 0.40707308 2.42414726 0.27450980 0.27450980 0.29411765
v -0.76336135 0.38174907 2.43456393 0.27450980 0.27450980 0.29411765
v -0.78027929 0.38479116 2.42083333 0.27450980 0.27450980 0.29411765
v -0.77271983 0.38937016 2.44097998 0.27450980 0.27450980 0.29411765
v -0.78489208 0.36363412 2.45139665 0.27450980 0.27450980 0.29411765
v -0.79245153 0.35905512 2.43125000 0.27450980 0.27450980 0.29411765
v -0.78514153 0.39477722 2.43982378 0.27450980 0.27450980 0.29411765
v -0.79731377 0.36904117 2.45024045 0.27450980 0.27450980 0.29411765
v -0.79570601 0.39636994 2.43141388 0.27450980 0.27450980 0.29411765
v -0.80787826 0.37063389 2.44183055 0.27450980 0.27450980 0.29411765
v -0.80037801 0.39353996 2.41896257 0.27450980 0.27450980 0.29411765
v -0.81255025 0.36780391 2.42937923 0.27450980 0.27450980 0.29411765
v -0.79737298 0.38736823 2.40722582 0.27450980 0.27450980 0.29411765
v -0.80954522 0.36163219 2.41764249 0.27450980 0.27450980 0.29411765
v -0.78783874 0.38021216 2.40068669 0.27450980 0.27450980 0.29411765
v -0.80001098 0.35447611 2.41110335 0.27450980 0.27450980 0.29411765
v -0.77541704 0.37480510 2.40184288 0.27450980 0.27450980 0.29411765
v -0.78758928 0.34906906 2.41225955 0.27450980 0.27450980 0.29411765
v -0.76485256 0.37321238 2.41025279 0.27450980 0.27450980 0.29411765
v -0.77702480 0.34747634 2.42066945 0.27450980 0.27450980 0.29411765
v -0.76018056 0.37604236 2.42270410 0.27450980 0.27450980 0.29411765
v -0.77235280 0.35030632 2.43312077 0.27450980 0.27450980 0.29411765
v -0.76318559 0.38221409 2.43444084 0.27450980 0.27450980 0.29411765
v -0.77535783 0.35647804 2.44485751 0.27450980 0.27450980 0.29411765
v -0.79245153 0.35905512 2.43125000 0.27450980 0.27450980 0.29411765
v -0.78489208 0.36379724 2.45135888 0.27450980 0.27450980 0.29411765
v -0.79621574 0.33767671 2.46177554 0.27450980 0.27450980 0.29411765
v -0.80377519 0.33293459 2.44166667 0.27450980 0.27450980 0.29411765
v -0.79747778 0.36883337 2.45030577 0.27450980 0.27450980 0.29411765
v -0.80880144 0.34271284 2.46072244 0.27450980 0.27450980 0.29411765
v -0.80814362 0.37013454 2.44197401 0.27450980 0.27450980 0.29411765
v -0.81946729 0.34401401 2.45239068 0.27450980 0.27450980 0.29411765
v -0.81281562 0.36720375 2.42954604 0.27450980 0.27450980 0.29411765
v -0.82413929 0.34108322 2.43996271 0.27450980 0.27450980 0.29411765
v -0.80970923 0.36116046 2.41776893 0.27450980 0.27450980 0.29411765
v -0.82103289 0.33503993 2.42818559 0.27450980 0.27450980 0.29411765
v -0.80001098 0.35431299 2.41114112 0.27450980 0.27450980 0.29411765
v -0.81133464 0.32819246 2.42155779 0.27450980 0.27450980 0.29411765
v -0.78742528 0.34927686 2.41219423 0.27450980 0.27450980 0.29411765
v -0.79874894 0.32315633 2.42261089 0.27450980 0.27450980 0.29411765
v -0.77675943 0.34797569 2.42052599 0.27450980 0.27450980 0.29411765
v -0.78808310 0.32185516 2.43094265 0.27450980 0.27450980 0.29411765
v -0.77208743 0.35090648 2.43295396 0.27450980 0.27450980 0.29411765
v -0.78341110 0.32478595 2.44337062 0.27450980 0.27450980 0.29411765
v -0.77519383 0.35694978 2.44473107 0.27450980 0.27450980 0.29411765
v -0.78651749 0.33082925 2.45514774 0.27450980 0.27450980 0.29411765
v -0.80377519 0.33293459 2.44166667 0.27450980 0.27450980 0.29411765
v -0.79621574 0.33784289 2.46173563 0.27450980 0.27450980 0.29411765
v -0.80667870 0.31136585 2.47215230 0.27450980 0.27450980 0.29411765
v -0.81423816 0.30645754 2.45208333 0.27450980 0.27450980 0.29411765
v -0.80895352 0.34250361 2.46078783 0.27450980 0.27450980 0.29411765
v -0.81941648 0.31602656 2.47120449 0.27450980 0.27450980 0.29411765
v -0.81971335 0.34350928 2.45253639 0.27450980 0.27450980 0.29411765
v -0.83017631 0.31703224 2.46295306 0.27450980 0.27450980 0.29411765
v -0.82438535 0.34047578 2.44013309 0.27450980 0.27450980 0.29411765
v -0.83484831 0.31399874 2.45054976 0.27450980 0.27450980 0.29411765
v -0.82118497 0.33456180 2.42831557 0.27450980 0.27450980 0.29411765
v -0.83164793 0.30808476 2.43873223 0.27450980 0.27450980 0.29411765
v -0.81133464 0.32802628 2.42159770 0.27450980 0.27450980 0.29411765
v -0.82179761 0.30154924 2.43201437 0.27450980 0.27450980 0.29411765
v -0.79859687 0.32336557 2.42254551 0.27450980 0.27450980 0.29411765
v -0.80905983 0.29688852 2.43296217 0.27450980 0.27450980 0.29411765
v -0.78783704 0.32235989 2.43079694 0.27450980 0.27450980 0.29411765
v -0.79830000 0.29588285 2.44121361 0.27450980 0.27450980 0.29411765
v -0.78316504 0.32539339 2.44320024 0.27450980 0.27450980 0.29411765
v -0.79362800 0.29891635 2.45361691 0.27450980 0.27450980 0.29411765
v -0.78636542 0.33130737 2.45501777 0.27450980 0.27450980 0.29411765
v -0.79682838 0.30483033 2.46543443 0.27450980 0.27450980 0.29411765
v -0.81423816 0.30645754 2.45208333 0.27450980 0.27450980 0.29411765
v -0.80667870 0.31153525 2.47211010 0.27450980 0.27450980 0.29411765
v -0.81626976 0.28473004 2.48252677 0.27450980 0.27450980 0.29411765
v -0.82382921 0.27965233 2.46250000 0.27450980 0.27450980 0.29411765
v -0.81955646 0.31581649 2.47126993 0.27450980 0.27450980 0.29411765
v -0.82914752 0.28901129 2.48168660 0.27450980 0.27450980 0.29411765
v -0.83040281 0.31652293 2.46310114 0.27450980 0.27450980 0.29411765
v -0.83999386 0.28971772 2.47351780 0.27450980 0.27450980 0.29411765
v -0.83507481 0.31338473 2.45072391 0.27450980 0.27450980 0.29411765
v -0.84466586 0.28657953 2.46114058 0.27450980 0.27450980 0.29411765
v -0.83178791 0.30760058 2.43886594 0.27450980 0.27450980 0.29411765
v -0.84137897 0.28079538 2.44928261 0.27450980 0.27450980 0.29411765
v -0.82179761 0.30137983 2.43205656 0.27450980 0.27450980 0.29411765
v -0.83138866 0.27457462 2.44247323 0.27450980 0.27450980 0.29411765
v -0.80891985 0.29709859 2.43289673 0.27450980 0.27450980 0.29411765
v -0.81851091 0.27029338 2.44331340 0.27450980 0.27450980 0.29411765
v -0.79807350 0.29639215 2.44106553 0.27450980 0.27450980 0.29411765
v -0.80766456 0.26958694 2.45148220 0.27450980 0.27450980 0.29411765
v -0.79340151 0.29953035 2.45344276 0.27450980 0.27450980 0.29411765
v -0.80299256 0.27272514 2.46385942 0.27450980 0.27450980 0.29411765
v -0.79668840 0.30531450 2.46530073 0.27450980 0.27450980 0.29411765
v -0.80627946 0.27850929 2.47571739 0.27450980 0.27450980 0.29411765
v -0.82382921 0.27965233 2.46250000 0.27450980 0.27450980 0.29411765
v -0.81626976 0.28490284 2.48248216 0.27450980 0.27450980 0.29411765
v -0.82497864 0.25779817 2.49289883 0.27450980 0.27450980 0.29411765
v -0.83253809 0.25254767 2.47291667 0.27450980 0.27450980 0.29411765
v -0.82927526 0.28880100 2.48175208 0.27450980 0.27450980 0.29411765
v -0.83798414 0.26169633 2.49216875 0.27450980 0.27450980 0.29411765
v -0.84020055 0.28920468 2.47366836 0.27450980 0.27450980 0.29411765
v -0.84890943 0.26210001 2.48408502 0.27450980 0.27450980 0.29411765
v -0.84487255 0.28595969 2.46131870 0.27450980 0.27450980 0.29411765
v -0.85358142 0.25885502 2.47173537 0.27450980 0.27450980 0.29411765
v -0.84150671 0.28030550 2.44942026 0.27450980 0.27450980 0.29411765
v -0.85021558 0.25320084 2.45983693 0.27450980 0.27450980 0.29411765
v -0.83138866 0.27440183 2.44251784 0.27450980 0.27450980 0.29411765
v -0.84009754 0.24729716 2.45293450 0.27450980 0.27450980 0.29411765
v -0.81838317 0.27050367 2.44324792 0.27450980 0.27450980 0.29411765
v -0.82709205 0.24339901 2.45366459 0.27450980 0.27450980 0.29411765
v -0.80745788 0.27009999 2.45133164 0.27450980 0.27450980 0.29411765
v -0.81616676 0.24299533 2.46174831 0.27450980 0.27450980 0.29411765
v -0.80278588 0.27334498 2.46368130 0.27450980 0.27450980 0.29411765
v -0.81149476 0.24624032 2.47409797 0.27450980 0.27450980 0.29411765
v -0.80615172 0.27899917 2.47557974 0.27450980 0.27450980 0.29411765
v -0.81486060 0.25189450 2.48599641 0.27450980 0.27450980 0.29411765
v -0.83253809 0.25254767 2.47291667 0.27450980 0.27450980 0.29411765
v -0.82497864 0.25797454 2.49285166 0.27450980 0.27450980 0.29411765
v -0.83279602 0.23059944 2.50326832 0.27450980 0.27450980 0.29411765
v -0.84035547 0.22517257 2.48333333 0.27450980 0.27450980 0.29411765
v -0.83809949 0.26148646 2.49223424 0.27450980 0.27450980 0.29411765
v -0.84591687 0.23411136 2.50265091 0.27450980 0.27450980 0.29411765
v -0.84909608 0.26158407 2.48423818 0.27450980 0.27450980 0.29411765
v -0.85691345 0.23420897 2.49465484 0.27450980 0.27450980 0.29411765
v -0.85376808 0.25823008 2.47191767 0.27450980 0.27450980 0.29411765
v -0.86158545 0.23085498 2.48233434 0.27450980 0.27450980 0.29411765
v -0.85033094 0.25270560 2.45997875 0.27450980 0.27450980 0.29411765
v -0.85814832 0.22533050 2.47039542 0.27450980 0.27450980 0.29411765
v -0.84009754 0.24712080 2.45298168 0.27450980 0.27450980 0.29411765
v -0.84791492 0.21974570 2.46339834 0.27450980 0.27450980 0.29411765
v -0.82697669 0.24360888 2.45359909 0.27450980 0.27450980 0.29411765
v -0.83479407 0.21623378 2.46401576 0.27450980 0.27450980 0.29411765
v -0.81598011 0.24351127 2.46159516 0.27450980 0.27450980 0.29411765
v -0.82379748 0.21613617 2.47201182 0.27450980 0.27450980 0.29411765
v -0.81130811 0.24686526 2.47391566 0.27450980 0.27450980 0.29411765
v -0.81912549 0.21949016 2.48433233 0.27450980 0.27450980 0.29411765
v -0.81474524 0.25238973 2.48585458 0.27450980 0.27450980 0.29411765
v -0.82256262 0.22501463 2.49627125 0.27450980 0.27450980 0.29411765
v -0.84035547 0.22517257 2.48333333 0.27450980 0.27450980 0.29411765
v -0.83279602 0.23077955 2.50321841 0.27450980 0.27450980 0.29411765
v -0.83971352 0.20316333 2.51363508 0.27450980 0.27450980 0.29411765
v -0.84727297 0.19755635 2.49375000 0.27450980 0.27450980 0.29411765
v -0.84601972 0.23390256 2.50271640 0.27450980 0.27450980 0.29411765
v -0.85293722 0.20628634 2.51313307 0.27450980 0.27450980 0.29411765
v -0.85707987 0.23369101 2.49481072 0.27450980 0.27450980 0.29411765
v -0.86399738 0.20607479 2.50522739 0.27450980 0.27450980 0.29411765
v -0.86175187 0.23022571 2.48252106 0.27450980 0.27450980 0.29411765
v -0.86866937 0.20260949 2.49293773 0.27450980 0.27450980 0.29411765
v -0.85825117 0.22483027 2.47054167 0.27450980 0.27450980 0.29411765
v -0.86516867 0.19721405 2.48095834 0.27450980 0.27450980 0.29411765
v -0.84791492 0.21956558 2.46344825 0.27450980 0.27450980 0.29411765
v -0.85483242 0.19194936 2.47386492 0.27450980 0.27450980 0.29411765
v -0.83469122 0.21644257 2.46395026 0.27450980 0.27450980 0.29411765
v -0.84160872 0.18882635 2.47436693 0.27450980 0.27450980 0.29411765
v -0.82363106 0.21665413 2.47185595 0.27450980 0.27450980 0.29411765
v -0.83054857 0.18903790 2.48227261 0.27450980 0.27450980 0.29411765
v -0.81895907 0.22011943 2.48414560 0.27450980 0.27450980 0.29411765
v -0.82587657 0.19250321 2.49456227 0.27450980 0.27450980 0.29411765
v -0.82245977 0.22551487 2.49612500 0.27450980 0.27450980 0.29411765
v -0.82937727 0.19789865 2.50654166 0.27450980 0.27450980 0.29411765
v -0.84727297 0.19755635 2.49375000 0.27450980 0.27450980 0.29411765
v -0.83971352 0.20334740 2.51358226 0.27450980 0.27450980 0.29411765
v -0.84572374 0.17551963 2.52399892 0.27450980 0.27450980 0.29411765
v -0.85328319 0.16972858 2.50416667 0.27450980 0.27450980 0.29411765
v -0.85302746 0.20607930 2.51319853 0.27450980 0.27450980 0.29411765
v -0.85903768 0.17825153 2.52361519 0.27450980 0.27450980 0.29411765
v -0.86414338 0.20555572 2.50538612 0.27450980 0.27450980 0.29411765
v -0.87015361 0.17772795 2.51580279 0.27450980 0.27450980 0.29411765
v -0.86881538 0.20197665 2.49312911 0.27450980 0.27450980 0.29411765
v -0.87482560 0.17414888 2.50354578 0.27450980 0.27450980 0.29411765
v -0.86525891 0.19670918 2.48110926 0.27450980 0.27450980 0.29411765
v -0.87126913 0.16888141 2.49152593 0.27450980 0.27450980 0.29411765
v -0.85483242 0.19176530 2.47391774 0.27450980 0.27450980 0.29411765
v -0.86084265 0.16393753 2.48433441 0.27450980 0.27450980 0.29411765
v -0.84151848 0.18903340 2.47430147 0.27450980 0.27450980 0.29411765
v -0.84752870 0.16120563 2.48471814 0.27450980 0.27450980 0.29411765
v -0.83040256 0.18955698 2.48211388 0.27450980 0.27450980 0.29411765
v -0.83641278 0.16172921 2.49253055 0.27450980 0.27450980 0.29411765
v -0.82573056 0.19313605 2.49437089 0.27450980 0.27450980 0.29411765
v -0.83174078 0.16530828 2.50478755 0.27450980 0.27450980 0.29411765
v -0.82928703 0.19840352 2.50639074 0.27450980 0.27450980 0.29411765
v -0.83529725 0.17057575 2.51680741 0.27450980 0.27450980 0.29411765
v -0.85328319 0.16972858 2.50416667 0.27450980 0.27450980 0.29411765
v -0.84572374 0.17570785 2.52394299 0.27450980 0.27450980 0.29411765
v -0.85082025 0.14769834 2.53435966 0.27450980 0.27450980 0.29411765
v -0.85837970 0.14171906 2.51458333 0.27450980 0.27450980 0.29411765
v -0.85911521 0.17804692 2.52368058 0.27450980 0.27450980 0.29411765
v -0.86421172 0.15003741 2.53409724 0.27450980 0.27450980 0.29411765
v -0.87027905 0.17720867 2.51596451 0.27450980 0.27450980 0.29411765
v -0.87537555 0.14919915 2.52638118 0.27450980 0.27450980 0.29411765
v -0.87495105 0.17351327 2.50374207 0.27450980 0.27450980 0.29411765
v -0.88004755 0.14550376 2.51415874 0.27450980 0.27450980 0.29411765
v -0.87134666 0.16837226 2.49168181 0.27450980 0.27450980 0.29411765
v -0.87644317 0.14036274 2.50209848 0.27450980 0.27450980 0.29411765
v -0.86084265 0.16374931 2.48439034 0.27450980 0.27450980 0.29411765
v -0.86593915 0.13573979 2.49480701 0.27450980 0.27450980 0.29411765
v -0.84745118 0.16141024 2.48465276 0.27450980 0.27450980 0.29411765
v -0.85254768 0.13340072 2.49506942 0.27450980 0.27450980 0.29411765
v -0.83628734 0.16224849 2.49236882 0.27450980 0.27450980 0.29411765
v -0.84138384 0.13423897 2.50278549 0.27450980 0.27450980 0.29411765
v -0.83161534 0.16594389 2.50459126 0.27450980 0.27450980 0.29411765
v -0.83671185 0.13793437 2.51500793 0.27450980 0.27450980 0.29411765
v -0.83521973 0.17108490 2.51665152 0.27450980 0.27450980 0.29411765
v -0.84031623 0.14307539 2.52706819 0.27450980 0.27450980 0.29411765
v -0.85837970 0.14171906 2.51458333 0.27450980 0.27450980 0.29411765
v -0.85082025 0.14789093 2.53430040 0.27450980 0.27450980 0.29411765
v -0.85499758 0.11972966 2.54471707 0.27450980 0.27450980 0.29411765
v -0.86255703 0.11355779 2.52500000 0.27450980 0.27450980 0.29411765
v -0.86427645 0.14983597 2.53416251 0.27450980 0.27450980 0.29411765
v -0.86845378 0.12167469 2.54457918 0.27450980 0.27450980 0.29411765
v -0.87548029 0.14868062 2.52654604 0.27450980 0.27450980 0.29411765
v -0.87965762 0.12051935 2.53696271 0.27450980 0.27450980 0.29411765
v -0.88015229 0.14486619 2.51436022 0.27450980 0.27450980 0.29411765
v -0.88432962 0.11670492 2.52477689 0.27450980 0.27450980 0.29411765
v -0.87650790 0.13984967 2.50225963 0.27450980 0.27450980 0.29411765
v -0.88068523 0.11168840 2.51267629 0.27450980 0.27450980 0.29411765
v -0.86593915 0.13554719 2.49486627 0.27450980 0.27450980 0.29411765
v -0.87011648 0.10738592 2.50528293 0.27450980 0.27450980 0.29411765
v -0.85248295 0.13360216 2.49500416 0.27450980 0.27450980 0.29411765
v -0.85666028 0.10544088 2.50542082 0.27450980 0.27450980 0.29411765
v -0.84127910 0.13475750 2.50262063 0.27450980 0.27450980 0.29411765
v -0.84545643 0.10659623 2.51303729 0.27450980 0.27450980 0.29411765
v -0.83660711 0.13857193 2.51480644 0.27450980 0.27450980 0.29411765
v -0.84078444 0.11041065 2.52522311 0.27450980 0.27450980 0.29411765
v -0.84025150 0.14358845 2.52690704 0.27450980 0.27450980 0.29411765
v -0.84442883 0.11542718 2.53732371 0.27450980 0.27450980 0.29411765
v -0.86255703 0.11355779 2.52500000 0.27450980 0.27450980 0.29411765
v -0.85499758 0.11992686 2.54465425 0.27450980 0.27450980 0.29411765
v -0.85825126 0.09164399 2.55507092 0.27450980 0.27450980 0.29411765
v -0.86581071 0.08527491 2.53541667 0.27450980 0.27450980 0.29411765
v -0.86850565 0.12147716 2.54464427 0.27450980 0.27450980 0.29411765
v -0.87175933 0.09319429 2.55506094 0.27450980 0.27450980 0.29411765
v -0.87974155 0.12000253 2.53713085 0.27450980 0.27450980 0.29411765
v -0.88299523 0.09171966 2.54754751 0.27450980 0.27450980 0.29411765
v -0.88441355 0.11606623 2.52498385 0.27450980 0.27450980 0.29411765
v -0.88766723 0.08778335 2.53540052 0.27450980 0.27450980 0.29411765
v -0.88073710 0.11117179 2.51284302 0.27450980 0.27450980 0.29411765
v -0.88399078 0.08288891 2.52325969 0.27450980 0.27450980 0.29411765
v -0.87011648 0.10718871 2.50534575 0.27450980 0.27450980 0.29411765
v -0.87337016 0.07890584 2.51576242 0.27450980 0.27450980 0.29411765
v -0.85660841 0.10563841 2.50535573 0.27450980 0.27450980 0.29411765
v -0.85986209 0.07735554 2.51577240 0.27450980 0.27450980 0.29411765
v -0.84537251 0.10711304 2.51286915 0.27450980 0.27450980 0.29411765
v -0.84862619 0.07883017 2.52328582 0.27450980 0.27450980 0.29411765
v -0.84070051 0.11104934 2.52501615 0.27450980 0.27450980 0.29411765
v -0.84395419 0.08276647 2.53543281 0.27450980 0.27450980 0.29411765
v -0.84437696 0.11594379 2.53715698 0.27450980 0.27450980 0.29411765
v -0.84763064 0.08766091 2.54757364 0.27450980 0.27450980 0.29411765
v -0.86581071 0.08527491 2.53541667 0.27450980 0.27450980 0.29411765
v -0.85825126 0.09184604 2.55500429 0.27450980 0.27450980 0.29411765
v -0.86057781 0.06347185 2.56542096 0.27450980 0.27450980 0.29411765
v -0.86813726 0.05690072 2.54583333 0.27450980 0.27450980 0.29411765
v -0.87179828 0.09300144 2.55512580 0.27450980 0.27450980 0.29411765
v -0.87412483 0.06462725 2.56554246 0.27450980 0.27450980 0.29411765
v -0.88305826 0.09120557 2.54771909 0.27450980 0.27450980 0.29411765
v -0.88538481 0.06283138 2.55813575 0.27450980 0.27450980 0.29411765
v -0.88773026 0.08714439 2.53561327 0.27450980 0.27450980 0.29411765
v -0.89005681 0.05877020 2.54602993 0.27450980 0.27450980 0.29411765
v -0.88402973 0.08236913 2.52343236 0.27450980 0.27450980 0.29411765
v -0.88635628 0.05399494 2.53384902 0.27450980 0.27450980 0.29411765
v -0.87337016 0.07870379 2.51582904 0.27450980 0.27450980 0.29411765
v -0.87569671 0.05032960 2.52624571 0.27450980 0.27450980 0.29411765
v -0.85982314 0.07754839 2.51570754 0.27450980 0.27450980 0.29411765
v -0.86214969 0.04917420 2.52612420 0.27450980 0.27450980 0.29411765
v -0.84856317 0.07934426 2.52311425 0.27450980 0.27450980 0.29411765
v -0.85088972 0.05097007 2.53353091 0.27450980 0.27450980 0.29411765
v -0.84389117 0.08340544 2.53522007 0.27450980 0.27450980 0.29411765
v -0.84621772 0.05503125 2.54563673 0.27450980 0.27450980 0.29411765
v -0.84759169 0.08818069 2.54740098 0.27450980 0.27450980 0.29411765
v -0.84991824 0.05980650 2.55781764 0.27450980 0.27450980 0.29411765
v -0.86813726 0.05690072 2.54583333 0.27450980 0.27450980 0.29411765
v -0.86057781 0.06367900 2.56535024 0.27450980 0.27450980 0.29411765
v -0.86197474 0.03524388 2.57576691 0.27450980 0.27450980 0.29411765
v -0.86953419 0.02846560 2.55625000 0.27450980 0.27450980 0.29411765
v -0.87415083 0.06443986 2.56560701 0.27450980 0.27450980 0.29411765
v -0.87554775 0.03600474 2.57602368 0.27450980 0.27450980 0.29411765
v -0.88542686 0.06232103 2.55831091 0.27450980 0.27450980 0.29411765
v -0.88682379 0.03388591 2.56872758 0.27450980 0.27450980 0.29411765
v -0.89009886 0.05813183 2.54624880 0.27450980 0.27450980 0.29411765
v -0.89149579 0.02969670 2.55666547 0.27450980 0.27450980 0.29411765
v -0.88638227 0.05347238 2.53402799 0.27450980 0.27450980 0.29411765
v -0.88777920 0.02503726 2.54444466 0.27450980 0.27450980 0.29411765
v -0.87569671 0.05012245 2.52631643 0.27450980 0.27450980 0.29411765
v -0.87709364 0.02168733 2.53673309 0.27450980 0.27450980 0.29411765
v -0.86212370 0.04936158 2.52605965 0.27450980 0.27450980 0.29411765
v -0.86352063 0.02092646 2.53647632 0.27450980 0.27450980 0.29411765
v -0.85084766 0.05148041 2.53335575 0.27450980 0.27450980 0.29411765
v -0.85224459 0.02304529 2.54377242 0.27450980 0.27450980 0.29411765
v -0.84617567 0.05566962 2.54541787 0.27450980 0.27450980 0.29411765
v -0.84757259 0.02723450 2.55583453 0.27450980 0.27450980 0.29411765
v -0.84989225 0.06032906 2.55763867 0.27450980 0.27450980 0.29411765
v -0.85128918 0.03189394 2.56805534 0.27450980 0.27450980 0.29411765
v -0.86953419 0.02846560 2.55625000 0.27450980 0.27450980 0.29411765
v -0.86197474 0.03545641 2.57569179 0.27450980 0.27450980 0.29411765
v -0.86244055 0.00699080 2.58610846 0.27450980 0.27450980 0.29411765
v -0.87000000 0.00000000 2.56666667 0.27450980 0.27450980 0.29411765
v -0.87556076 0.03582365 2.57608783 0.27450980 0.27450980 0.29411765
v -0.87602656 0.00735805 2.58650450 0.27450980 0.27450980 0.29411765
v -0.88684483 0.03338037 2.56890649 0.27450980 0.27450980 0.29411765
v -0.88731064 0.00491477 2.57932316 0.27450980 0.27450980 0.29411765
v -0.89151683 0.02905982 2.55689080 0.27450980 0.27450980 0.29411765
v -0.89198264 0.00059422 2.56730747 0.27450980 0.27450980 0.29411765
v -0.88779221 0.02451229 2.54463035 0.27450980 0.27450980 0.29411765
v -0.88825801 -0.00395331 2.55504702 0.27450980 0.27450980 0.29411765
v -0.87709364 0.02147480 2.53680821 0.27450980 0.27450980 0.29411765
v -0.87755945 -0.00699080 2.54722487 0.27450980 0.27450980 0.29411765
v -0.86350763 0.02110755 2.53641217 0.27450980 0.27450980 0.29411765
v -0.86397344 -0.00735805 2.54682883 0.27450980 0.27450980 0.29411765
v -0.85222355 0.02355083 2.54359351 0.27450980 0.27450980 0.29411765
v -0.85268936 -0.00491477 2.55401017 0.27450980 0.27450980 0.29411765
v -0.84755156 0.02787138 2.55560920 0.27450980 0.27450980 0.29411765
v -0.84801736 -0.00059422 2.56602586 0.27450980 0.27450980 0.29411765
v -0.85127618 0.03241891 2.56786965 0.27450980 0.27450980 0.29411765
v -0.85174199 0.00395331 2.57828632 0.27450980 0.27450980 0.29411765
v -0.87000000 0.00000000 2.56666667 0.27450980 0.27450980 0.29411765
v -0.86244055 -0.00699080 2.54722487 0.27450980 0.27450980 0.29411765
v -0.86197474 -0.03545641 2.55764154 0.27450980 0.27450980 0.29411765
v -0.86953419 -0.02846560 2.57708333 0.27450980 0.27450980 0.29411765
v -0.85174199 -0.00395331 2.55504702 0.27450980 0.27450980 0.29411765
v -0.85127618 -0.03241891 2.56546368 0.27450980 0.27450980 0.29411765
v -0.84801736 0.00059422 2.56730747 0.27450980 0.27450980 0.29411765
v -0.84755156 -0.02787138 2.57772414 0.27450980 0.27450980 0.29411765
v -0.85268936 0.00491477 2.57932316 0.27450980 0.27450980 0.29411765
v -0.85222355 -0.02355083 2.58973983 0.27450980 0.27450980 0.29411765
v -0.86397344 0.00735805 2.58650450 0.27450980 0.27450980 0.29411765
v -0.86350763 -0.02110755 2.59692117 0.27450980 0.27450980 0.29411765
v -0.87755945 0.00699080 2.58610846 0.27450980 0.27450980 0.29411765
v -0.87709364 -0.02147480 2.59652513 0.27450980 0.27450980 0.29411765
v -0.88825801 0.00395331 2.57828632 0.27450980 0.27450980 0.29411765
v -0.88779221 -0.02451229 2.58870298 0.27450980 0.27450980 0.29411765
v -0.89198264 -0.00059422 2.56602586 0.27450980 0.27450980 0.29411765
v -0.89151683 -0.02905982 2.57644253 0.27450980 0.27450980 0.29411765
v -0.88731064 -0.00491477 2.55401017 0.27450980 0.27450980 0.29411765
v -0.88684483 -0.03338037 2.56442684 0.27450980 0.27450980 0.29411765
v -0.87602656 -0.00735805 2.54682883 0.27450980 0.27450980 0.29411765
v -0.87556076 -0.03582365 2.55724550 0.27450980 0.27450980 0.29411765
v -0.86953419 -0.02846560 2.57708333 0.27450980 0.27450980 0.29411765
v -0.86197474 -0.03524388 2.55756643 0.27450980 0.27450980 0.29411765
v -0.86057781 -0.06367900 2.56798309 0.27450980 0.27450980 0.29411765
v -0.86813726 -0.05690072 2.58750000 0.27450980 0.27450980 0.29411765
v -0.85128918 -0.03189394 2.56527799 0.27450980 0.27450980 0.29411765
v -0.84989225 -0.06032906 2.57569466 0.27450980 0.27450980 0.29411765
v -0.84757259 -0.02723450 2.57749880 0.27450980 0.27450980 0.29411765
v -0.84617567 -0.05566962 2.58791547 0.27450980 0.27450980 0.29411765
v -0.85224459 -0.02304529 2.58956091 0.27450980 0.27450980 0.29411765
v -0.85084766 -0.05148041 2.59997758 0.27450980 0.27450980 0.29411765
v -0.86352063 -0.02092646 2.59685701 0.27450980 0.27450980 0.29411765
v -0.86212370 -0.04936158 2.60727368 0.27450980 0.27450980 0.29411765
v -0.87709364 -0.02168733 2.59660024 0.27450980 0.27450980 0.29411765
v -0.87569671 -0.05012245 2.60701691 0.27450980 0.27450980 0.29411765
v -0.88777920 -0.02503726 2.58888867 0.27450980 0.27450980 0.29411765
v -0.88638227 -0.05347238 2.59930534 0.27450980 0.27450980 0.29411765
v -0.89149579 -0.02969670 2.57666787 0.27450980 0.27450980 0.29411765
v -0.89009886 -0.05813183 2.58708453 0.27450980 0.27450980 0.29411765
v -0.88682379 -0.03388591 2.56460575 0.27450980 0.27450980 0.29411765
v -0.88542686 -0.06232103 2.57502242 0.27450980 0.27450980 0.29411765
v -0.87554775 -0.03600474 2.55730965 0.27450980 0.27450980 0.29411765
v -0.87415083 -0.06443986 2.56772632 0.27450980 0.27450980 0.29411765
v -0.86813726 -0.05690072 2.58750000 0.27450980 0.27450980 0.29411765
v -0.86057781 -0.06347185 2.56791238 0.27450980 0.27450980 0.29411765
v -0.85825126 -0.09184604 2.57832904 0.27450980 0.27450980 0.29411765
v -0.86581071 -0.08527491 2.59791667 0.27450980 0.27450980 0.29411765
v -0.84991824 -0.05980650 2.57551569 0.27450980 0.27450980 0.29411765
v -0.84759169 -0.08818069 2.58593236 0.27450980 0.27450980 0.29411765
v -0.84621772 -0.05503125 2.58769660 0.27450980 0.27450980 0.29411765
v -0.84389117 -0.08340544 2.59811327 0.27450980 0.27450980 0.29411765
v -0.85088972 -0.05097007 2.59980242 0.27450980 0.27450980 0.29411765
v -0.84856317 -0.07934426 2.61021909 0.27450980 0.27450980 0.29411765
v -0.86214969 -0.04917420 2.60720913 0.27450980 0.27450980 0.29411765
v -0.85982314 -0.07754839 2.61762580 0.27450980 0.27450980 0.29411765
v -0.87569671 -0.05032960 2.60708762 0.27450980 0.27450980 0.29411765
v -0.87337016 -0.07870379 2.61750429 0.27450980 0.27450980 0.29411765
v -0.88635628 -0.05399494 2.59948431 0.27450980 0.27450980 0.29411765
v -0.88402973 -0.08236913 2.60990098 0.27450980 0.27450980 0.29411765
v -0.89005681 -0.05877020 2.58730340 0.27450980 0.27450980 0.29411765
v -0.88773026 -0.08714439 2.59772007 0.27450980 0.27450980 0.29411765
v -0.88538481 -0.06283138 2.57519758 0.27450980 0.27450980 0.29411765
v -0.88305826 -0.09120557 2.58561425 0.27450980 0.27450980 0.29411765
v -0.87412483 -0.06462725 2.56779087 0.27450980 0.27450980 0.29411765
v -0.87179828 -0.09300144 2.57820754 0.27450980 0.27450980 0.29411765
v -0.86581071 -0.08527491 2.59791667 0.27450980 0.27450980 0.29411765
v -0.85825126 -0.09164399 2.57826242 0.27450980 0.27450980 0.29411765
v -0.85499758 -0.11992686 2.58867908 0.27450980 0.27450980 0.29411765
v -0.86255703 -0.11355779 2.60833333 0.27450980 0.27450980 0.29411765
v -0.84763064 -0.08766091 2.58575969 0.27450980 0.27450980 0.29411765
v -0.84437696 -0.11594379 2.59617636 0.27450980 0.27450980 0.29411765
v -0.84395419 -0.08276647 2.59790052 0.27450980 0.27450980 0.29411765
v -0.84070051 -0.11104934 2.60831719 0.27450980 0.27450980 0.29411765
v -0.84862619 -0.07883017 2.61004751 0.27450980 0.27450980 0.29411765
v -0.84537251 -0.10711304 2.62046418 0.27450980 0.27450980 0.29411765
v -0.85986209 -0.07735554 2.61756094 0.27450980 0.27450980 0.29411765
v -0.85660841 -0.10563841 2.62797760 0.27450980 0.27450980 0.29411765
v -0.87337016 -0.07890584 2.61757092 0.27450980 0.27450980 0.29411765
v -0.87011648 -0.10718871 2.62798758 0.27450980 0.27450980 0.29411765
v -0.88399078 -0.08288891 2.61007364 0.27450980 0.27450980 0.29411765
v -0.88073710 -0.11117179 2.62049031 0.27450980 0.27450980 0.29411765
v -0.88766723 -0.08778335 2.59793281 0.27450980 0.27450980 0.29411765
v -0.88441355 -0.11606623 2.60834948 0.27450980 0.27450980 0.29411765
v -0.88299523 -0.09171966 2.58578582 0.27450980 0.27450980 0.29411765
v -0.87974155 -0.12000253 2.59620249 0.27450980 0.27450980 0.29411765
v -0.87175933 -0.09319429 2.57827240 0.27450980 0.27450980 0.29411765
v -0.86850565 -0.12147716 2.58868906 0.27450980 0.27450980 0.29411765
v -0.86255703 -0.11355779 2.60833333 0.27450980 0.27450980 0.29411765
v -0.85499758 -0.11972966 2.58861627 0.27450980 0.27450980 0.29411765
v -0.85082025 -0.14789093 2.59903293 0.27450980 0.27450980 0.29411765
v -0.85837970 -0.14171906 2.61875000 0.27450980 0.27450980 0.29411765
v -0.84442883 -0.11542718 2.59600963 0.27450980 0.27450980 0.29411765
v -0.84025150 -0.14358845 2.60642629 0.27450980 0.27450980 0.29411765
v -0.84078444 -0.11041065 2.60811022 0.27450980 0.27450980 0.29411765
v -0.83660711 -0.13857193 2.61852689 0.27450980 0.27450980 0.29411765
v -0.84545643 -0.10659623 2.62029604 0.27450980 0.27450980 0.29411765
v -0.84127910 -0.13475750 2.63071271 0.27450980 0.27450980 0.29411765
v -0.85666028 -0.10544088 2.62791251 0.27450980 0.27450980 0.29411765
v -0.85248295 -0.13360216 2.63832918 0.27450980 0.27450980 0.29411765
v -0.87011648 -0.10738592 2.62805040 0.27450980 0.27450980 0.29411765
v -0.86593915 -0.13554719 2.63846707 0.27450980 0.27450980 0.29411765
v -0.88068523 -0.11168840 2.62065704 0.27450980 0.27450980 0.29411765
v -0.87650790 -0.13984967 2.63107371 0.27450980 0.27450980 0.29411765
v -0.88432962 -0.11670492 2.60855644 0.27450980 0.27450980 0.29411765
v -0.88015229 -0.14486619 2.61897311 0.27450980 0.27450980 0.29411765
v -0.87965762 -0.12051935 2.59637063 0.27450980 0.27450980 0.29411765
v -0.87548029 -0.14868062 2.60678729 0.27450980 0.27450980 0.29411765
v -0.86845378 -0.12167469 2.58875416 0.27450980 0.27450980 0.29411765
v -0.86427645 -0.14983597 2.59917082 0.27450980 0.27450980 0.29411765
v -0.85837970 -0.14171906 2.61875000 0.27450980 0.27450980 0.29411765
v -0.85082025 -0.14769834 2.59897368 0.27450980 0.27450980 0.29411765
v -0.84572374 -0.17570785 2.60939034 0.27450980 0.27450980 0.29411765
v -0.85328319 -0.16972858 2.62916667 0.27450980 0.27450980 0.29411765
v -0.84031623 -0.14307539 2.60626515 0.27450980 0.27450980 0.29411765
v -0.83521973 -0.17108490 2.61668181 0.27450980 0.27450980 0.29411765
v -0.83671185 -0.13793437 2.61832541 0.27450980 0.27450980 0.29411765
v -0.83161534 -0.16594389 2.62874207 0.27450980 0.27450980 0.29411765
v -0.84138384 -0.13423897 2.63054785 0.27450980 0.27450980 0.29411765
v -0.83628734 -0.16224849 2.64096451 0.27450980 0.27450980 0.29411765
v -0.85254768 -0.13340072 2.63826391 0.27450980 0.27450980 0.29411765
v -0.84745118 -0.16141024 2.64868058 0.27450980 0.27450980 0.29411765
v -0.86593915 -0.13573979 2.63852632 0.27450980 0.27450980 0.29411765
v -0.86084265 -0.16374931 2.64894299 0.27450980 0.27450980 0.29411765
v -0.87644317 -0.14036274 2.63123485 0.27450980 0.27450980 0.29411765
v -0.87134666 -0.16837226 2.64165152 0.27450980 0.27450980 0.29411765
v -0.88004755 -0.14550376 2.61917459 0.27450980 0.27450980 0.29411765
v -0.87495105 -0.17351327 2.62959126 0.27450980 0.27450980 0.29411765
v -0.87537555 -0.14919915 2.60695215 0.27450980 0.27450980 0.29411765
v -0.87027905 -0.17720867 2.61736882 0.27450980 0.27450980 0.29411765
v -0.86421172 -0.15003741 2.59923609 0.27450980 0.27450980 0.29411765
v -0.85911521 -0.17804692 2.60965276 0.27450980 0.27450980 0.29411765
v -0.85328319 -0.16972858 2.62916667 0.27450980 0.27450980 0.29411765
v -0.84572374 -0.17551963 2.60933441 0.27450980 0.27450980 0.29411765
v -0.83971352 -0.20334740 2.61975108 0.27450980 0.27450980 0.29411765
v -0.84727297 -0.19755635 2.63958333 0.27450980 0.27450980 0.29411765
v -0.83529725 -0.17057575 2.61652593 0.27450980 0.27450980 0.29411765
v -0.82928703 -0.19840352 2.62694259 0.27450980 0.27450980 0.29411765
v -0.83174078 -0.16530828 2.62854578 0.27450980 0.27450980 0.29411765
v -0.82573056 -0.19313605 2.63896245 0.27450980 0.27450980 0.29411765
v -0.83641278 -0.16172921 2.64080279 0.27450980 0.27450980 0.29411765
v -0.83040256 -0.18955698 2.65121945 0.27450980 0.27450980 0.29411765
v -0.84752870 -0.16120563 2.64861519 0.27450980 0.27450980 0.29411765
v -0.84151848 -0.18903340 2.65903186 0.27450980 0.27450980 0.29411765
v -0.86084265 -0.16393753 2.64899892 0.27450980 0.27450980 0.29411765
v -0.85483242 -0.19176530 2.65941559 0.27450980 0.27450980 0.29411765
v -0.87126913 -0.16888141 2.64180741 0.27450980 0.27450980 0.29411765
v -0.86525891 -0.19670918 2.65222407 0.27450980 0.27450980 0.29411765
v -0.87482560 -0.17414888 2.62978755 0.27450980 0.27450980 0.29411765
v -0.86881538 -0.20197665 2.64020422 0.27450980 0.27450980 0.29411765
v -0.87015361 -0.17772795 2.61753055 0.27450980 0.27450980 0.29411765
v -0.86414338 -0.20555572 2.62794721 0.27450980 0.27450980 0.29411765
v -0.85903768 -0.17825153 2.60971814 0.27450980 0.27450980 0.29411765
v -0.85302746 -0.20607930 2.62013481 0.27450980 0.27450980 0.29411765
v -0.84727297 -0.19755635 2.63958333 0.27450980 0.27450980 0.29411765
v -0.83971352 -0.20316333 2.61969825 0.27450980 0.27450980 0.29411765
v -0.83279602 -0.23077955 2.63011492 0.27450980 0.27450980 0.29411765
v -0.84035547 -0.22517257 2.65000000 0.27450980 0.27450980 0.29411765
v -0.82937727 -0.19789865 2.62679167 0.27450980 0.27450980 0.29411765
v -0.82245977 -0.22551487 2.63720834 0.27450980 0.27450980 0.29411765
v -0.82587657 -0.19250321 2.63877106 0.27450980 0.27450980 0.29411765
v -0.81895907 -0.22011943 2.64918773 0.27450980 0.27450980 0.29411765
v -0.83054857 -0.18903790 2.65106072 0.27450980 0.27450980 0.29411765
v -0.82363106 -0.21665413 2.66147739 0.27450980 0.27450980 0.29411765
v -0.84160872 -0.18882635 2.65896640 0.27450980 0.27450980 0.29411765
v -0.83469122 -0.21644257 2.66938307 0.27450980 0.27450980 0.29411765
v -0.85483242 -0.19194936 2.65946841 0.27450980 0.27450980 0.29411765
v -0.84791492 -0.21956558 2.66988508 0.27450980 0.27450980 0.29411765
v -0.86516867 -0.19721405 2.65237500 0.27450980 0.27450980 0.29411765
v -0.85825117 -0.22483027 2.66279166 0.27450980 0.27450980 0.29411765
v -0.86866937 -0.20260949 2.64039560 0.27450980 0.27450980 0.29411765
v -0.86175187 -0.23022571 2.65081227 0.27450980 0.27450980 0.29411765
v -0.86399738 -0.20607479 2.62810595 0.27450980 0.27450980 0.29411765
v -0.85707987 -0.23369101 2.63852261 0.27450980 0.27450980 0.29411765
v -0.85293722 -0.20628634 2.62020026 0.27450980 0.27450980 0.29411765
v -0.84601972 -0.23390256 2.63061693 0.27450980 0.27450980 0.29411765
v -0.84035547 -0.22517257 2.65000000 0.27450980 0.27450980 0.29411765
v -0.83279602 -0.23059944 2.63006501 0.27450980 0.27450980 0.29411765
v -0.82497864 -0.25797454 2.64048168 0.27450980 0.27450980 0.29411765
v -0.83253809 -0.25254767 2.66041667 0.27450980 0.27450980 0.29411765
v -0.82256262 -0.22501463 2.63706209 0.27450980 0.27450980 0.29411765
v -0.81474524 -0.25238973 2.64747875 0.27450980 0.27450980 0.29411765
v -0.81912549 -0.21949016 2.64900101 0.27450980 0.27450980 0.29411765
v -0.81130811 -0.24686526 2.65941767 0.27450980 0.27450980 0.29411765
v -0.82379748 -0.21613617 2.66132151 0.27450980 0.27450980 0.29411765
v -0.81598011 -0.24351127 2.67173818 0.27450980 0.27450980 0.29411765
v -0.83479407 -0.21623378 2.66931758 0.27450980 0.27450980 0.29411765
v -0.82697669 -0.24360888 2.67973424 0.27450980 0.27450980 0.29411765
v -0.84791492 -0.21974570 2.66993499 0.27450980 0.27450980 0.29411765
v -0.84009754 -0.24712080 2.68035166 0.27450980 0.27450980 0.29411765
v -0.85814832 -0.22533050 2.66293791 0.27450980 0.27450980 0.29411765
v -0.85033094 -0.25270560 2.67335458 0.27450980 0.27450980 0.29411765
v -0.86158545 -0.23085498 2.65099899 0.27450980 0.27450980 0.29411765
v -0.85376808 -0.25823008 2.66141566 0.27450980 0.27450980 0.29411765
v -0.85691345 -0.23420897 2.63867849 0.27450980 0.27450980 0.29411765
v -0.84909608 -0.26158407 2.64909516 0.27450980 0.27450980 0.29411765
v -0.84591687 -0.23411136 2.63068242 0.27450980 0.27450980 0.29411765
v -0.83809949 -0.26148646 2.64109909 0.27450980 0.27450980 0.29411765
v -0.83253809 -0.25254767 2.66041667 0.27450980 0.27450980 0.29411765
v -0.82497864 -0.25779817 2.64043450 0.27450980 0.27450980 0.29411765
v -0.81626976 -0.28490284 2.65085117 0.27450980 0.27450980 0.29411765
v -0.82382921 -0.27965233 2.67083333 0.27450980 0.27450980 0.29411765
v -0.81486060 -0.25189450 2.64733693 0.27450980 0.27450980 0.29411765
v -0.80615172 -0.27899917 2.65775359 0.27450980 0.27450980 0.29411765
v -0.81149476 -0.24624032 2.65923537 0.27450980 0.27450980 0.29411765
v -0.80278588 -0.27334498 2.66965203 0.27450980 0.27450980 0.29411765
v -0.81616676 -0.24299533 2.67158502 0.27450980 0.27450980 0.29411765
v -0.80745788 -0.27009999 2.68200169 0.27450980 0.27450980 0.29411765
v -0.82709205 -0.24339901 2.67966875 0.27450980 0.27450980 0.29411765
v -0.81838317 -0.27050367 2.69008541 0.27450980 0.27450980 0.29411765
v -0.84009754 -0.24729716 2.68039883 0.27450980 0.27450980 0.29411765
v -0.83138866 -0.27440183 2.69081550 0.27450980 0.27450980 0.29411765
v -0.85021558 -0.25320084 2.67349641 0.27450980 0.27450980 0.29411765
v -0.84150671 -0.28030550 2.68391307 0.27450980 0.27450980 0.29411765
v -0.85358142 -0.25885502 2.66159797 0.27450980 0.27450980 0.29411765
v -0.84487255 -0.28595969 2.67201463 0.27450980 0.27450980 0.29411765
v -0.84890943 -0.26210001 2.64924831 0.27450980 0.27450980 0.29411765
v -0.84020055 -0.28920468 2.65966498 0.27450980 0.27450980 0.29411765
v -0.83798414 -0.26169633 2.64116459 0.27450980 0.27450980 0.29411765
v -0.82927526 -0.28880100 2.65158125 0.27450980 0.27450980 0.29411765
v -0.82382921 -0.27965233 2.67083333 0.27450980 0.27450980 0.29411765
v -0.81626976 -0.28473004 2.65080656 0.27450980 0.27450980 0.29411765
v -0.80667870 -0.31153525 2.66122323 0.27450980 0.27450980 0.29411765
v -0.81423816 -0.30645754 2.68125000 0.27450980 0.27450980 0.29411765
v -0.80627946 -0.27850929 2.65761594 0.27450980 0.27450980 0.29411765
v -0.79668840 -0.30531450 2.66803261 0.27450980 0.27450980 0.29411765
v -0.80299256 -0.27272514 2.66947391 0.27450980 0.27450980 0.29411765
v -0.79340151 -0.29953035 2.67989058 0.27450980 0.27450980 0.29411765
v -0.80766456 -0.26958694 2.68185114 0.27450980 0.27450980 0.29411765
v -0.79807350 -0.29639215 2.69226780 0.27450980 0.27450980 0.29411765
v -0.81851091 -0.27029338 2.69001993 0.27450980 0.27450980 0.29411765
v -0.80891985 -0.29709859 2.70043660 0.27450980 0.27450980 0.29411765
v -0.83138866 -0.27457462 2.69086010 0.27450980 0.27450980 0.29411765
v -0.82179761 -0.30137983 2.70127677 0.27450980 0.27450980 0.29411765
v -0.84137897 -0.28079538 2.68405073 0.27450980 0.27450980 0.29411765
v -0.83178791 -0.30760058 2.69446739 0.27450980 0.27450980 0.29411765
v -0.84466586 -0.28657953 2.67219276 0.27450980 0.27450980 0.29411765
v -0.83507481 -0.31338473 2.68260942 0.27450980 0.27450980 0.29411765
v -0.83999386 -0.28971772 2.65981553 0.27450980 0.27450980 0.29411765
v -0.83040281 -0.31652293 2.67023220 0.27450980 0.27450980 0.29411765
v -0.82914752 -0.28901129 2.65164673 0.27450980 0.27450980 0.29411765
v -0.81955646 -0.31581649 2.66206340 0.27450980 0.27450980 0.29411765
v -0.81423816 -0.30645754 2.68125000 0.27450980 0.27450980 0.29411765
v -0.80667870 -0.31136585 2.66118104 0.27450980 0.27450980 0.29411765
v -0.79621574 -0.33784289 2.67159770 0.27450980 0.27450980 0.29411765
v -0.80377519 -0.33293459 2.69166667 0.27450980 0.27450980 0.29411765
v -0.79682838 -0.30483033 2.66789890 0.27450980 0.27450980 0.29411765
v -0.78636542 -0.33130737 2.67831557 0.27450980 0.27450980 0.29411765
v -0.79362800 -0.29891635 2.67971643 0.27450980 0.27450980 0.29411765
v -0.78316504 -0.32539339 2.69013309 0.27450980 0.27450980 0.29411765
v -0.79830000 -0.29588285 2.69211973 0.27450980 0.27450980 0.29411765
v -0.78783704 -0.32235989 2.70253639 0.27450980 0.27450980 0.29411765
v -0.80905983 -0.29688852 2.70037116 0.27450980 0.27450980 0.29411765
v -0.79859687 -0.32336557 2.71078783 0.27450980 0.27450980 0.29411765
v -0.82179761 -0.30154924 2.70131896 0.27450980 0.27450980 0.29411765
v -0.81133464 -0.32802628 2.71173563 0.27450980 0.27450980 0.29411765
v -0.83164793 -0.30808476 2.69460110 0.27450980 0.27450980 0.29411765
v -0.82118497 -0.33456180 2.70501777 0.27450980 0.27450980 0.29411765
v -0.83484831 -0.31399874 2.68278357 0.27450980 0.27450980 0.29411765
v -0.82438535 -0.34047578 2.69320024 0.27450980 0.27450980 0.29411765
v -0.83017631 -0.31703224 2.67038027 0.27450980 0.27450980 0.29411765
v -0.81971335 -0.34350928 2.68079694 0.27450980 0.27450980 0.29411765
v -0.81941648 -0.31602656 2.66212884 0.27450980 0.27450980 0.29411765
v -0.80895352 -0.34250361 2.67254551 0.27450980 0.27450980 0.29411765
v -0.80377519 -0.33293459 2.69166667 0.27450980 0.27450980 0.29411765
v -0.79621574 -0.33767671 2.67155779 0.27450980 0.27450980 0.29411765
v -0.78489208 -0.36379724 2.68197446 0.27450980 0.27450980 0.29411765
v -0.79245153 -0.35905512 2.70208333 0.27450980 0.27450980 0.29411765
v -0.78651749 -0.33082925 2.67818559 0.27450980 0.27450980 0.29411765
v -0.77519383 -0.35694978 2.68860226 0.27450980 0.27450980 0.29411765
v -0.78341110 -0.32478595 2.68996271 0.27450980 0.27450980 0.29411765
v -0.77208743 -0.35090648 2.70037938 0.27450980 0.27450980 0.29411765
v -0.78808310 -0.32185516 2.70239068 0.27450980 0.27450980 0.29411765
v -0.77675943 -0.34797569 2.71280735 0.27450980 0.27450980 0.29411765
v -0.79874894 -0.32315633 2.71072244 0.27450980 0.27450980 0.29411765
v -0.78742528 -0.34927686 2.72113911 0.27450980 0.27450980 0.29411765
v -0.81133464 -0.32819246 2.71177554 0.27450980 0.27450980 0.29411765
v -0.80001098 -0.35431299 2.72219221 0.27450980 0.27450980 0.29411765
v -0.82103289 -0.33503993 2.70514774 0.27450980 0.27450980 0.29411765
v -0.80970923 -0.36116046 2.71556441 0.27450980 0.27450980 0.29411765
v -0.82413929 -0.34108322 2.69337062 0.27450980 0.27450980 0.29411765
v -0.81281562 -0.36720375 2.70378729 0.27450980 0.27450980 0.29411765
v -0.81946729 -0.34401401 2.68094265 0.27450980 0.27450980 0.29411765
v -0.80814362 -0.37013454 2.69135932 0.27450980 0.27450980 0.29411765
v -0.80880144 -0.34271284 2.67261089 0.27450980 0.27450980 0.29411765
v -0.79747778 -0.36883337 2.68302756 0.27450980 0.27450980 0.29411765
v -0.79245153 -0.35905512 2.70208333 0.27450980 0.27450980 0.29411765
v -0.78489208 -0.36363412 2.68193669 0.27450980 0.27450980 0.29411765
v -0.77271983 -0.38937016 2.69235335 0.27450980 0.27450980 0.29411765
v -0.78027929 -0.38479116 2.71250000 0.27450980 0.27450980 0.29411765
v -0.77535783 -0.35647804 2.68847582 0.27450980 0.27450980 0.29411765
v -0.76318559 -0.38221409 2.69889249 0.27450980 0.27450980 0.29411765
v -0.77235280 -0.35030632 2.70021257 0.27450980 0.27450980 0.29411765
v -0.76018056 -0.37604236 2.71062923 0.27450980 0.27450980 0.29411765
v -0.77702480 -0.34747634 2.71266388 0.27450980 0.27450980 0.29411765
v -0.76485256 -0.37321238 2.72308055 0.27450980 0.27450980 0.29411765
v -0.78758928 -0.34906906 2.72107378 0.27450980 0.27450980 0.29411765
v -0.77541704 -0.37480510 2.73149045 0.27450980 0.27450980 0.29411765
v -0.80001098 -0.35447611 2.72222998 0.27450980 0.27450980 0.29411765
v -0.78783874 -0.38021216 2.73264665 0.27450980 0.27450980 0.29411765
v -0.80954522 -0.36163219 2.71569084 0.27450980 0.27450980 0.29411765
v -0.79737298 -0.38736823 2.72610751 0.27450980 0.27450980 0.29411765
v -0.81255025 -0.36780391 2.70395410 0.27450980 0.27450980 0.29411765
v -0.80037801 -0.39353996 2.71437077 0.27450980 0.27450980 0.29411765
v -0.80787826 -0.37063389 2.69150279 0.27450980 0.27450980 0.29411765
v -0.79570601 -0.39636994 2.70191945 0.27450980 0.27450980 0.29411765
v -0.79731377 -0.36904117 2.68309288 0.27450980 0.27450980 0.29411765
v -0.78514153 -0.39477722 2.69350955 0.27450980 0.27450980 0.29411765
v -0.78027929 -0.38479116 2.71250000 0.27450980 0.27450980 0.29411765
v -0.77271983 -0.38920995 2.69231761 0.27450980 0.27450980 0.29411765
v -0.75971205 -0.41453395 2.70273427 0.27450980 0.27450980 0.29411765
v -0.76727150 -0.41011516 2.72291667 0.27450980 0.27450980 0.29411765
v -0.76336135 -0.38174907 2.69876940 0.27450980 0.27450980 0.29411765
v -0.75035357 -0.40707308 2.70918607 0.27450980 0.27450980 0.29411765
v -0.76046495 -0.37545017 2.71046582 0.27450980 0.27450980 0.29411765
v -0.74745716 -0.40077417 2.72088249 0.27450980 0.27450980 0.29411765
v -0.76513695 -0.37271920 2.72293922 0.27450980 0.27450980 0.29411765
v -0.75212916 -0.39804320 2.73335589 0.27450980 0.27450980 0.29411765
v -0.77559280 -0.37459932 2.73142520 0.27450980 0.27450980 0.29411765
v -0.76258502 -0.39992332 2.74184187 0.27450980 0.27450980 0.29411765
v -0.78783874 -0.38037237 2.73268239 0.27450980 0.27450980 0.29411765
v -0.77483095 -0.40569637 2.74309906 0.27450980 0.27450980 0.29411765
v -0.79719722 -0.38783325 2.72623060 0.27450980 0.27450980 0.29411765
v -0.78418943 -0.41315725 2.73664726 0.27450980 0.27450980 0.29411765
v -0.80009362 -0.39413215 2.71453418 0.27450980 0.27450980 0.29411765
v -0.78708584 -0.41945615 2.72495085 0.27450980 0.27450980 0.29411765
v -0.79542163 -0.39686312 2.70206078 0.27450980 0.27450980 0.29411765
v -0.78241384 -0.42218712 2.71247744 0.27450980 0.27450980 0.29411765
v -0.78496577 -0.39498300 2.69357480 0.27450980 0.27450980 0.29411765
v -0.77195798 -0.42030700 2.70399147 0.27450980 0.27450980 0.29411765
v -0.76727150 -0.41011516 2.72291667 0.27450980 0.27450980 0.29411765
v -0.75971205 -0.41437651 2.70270045 0.27450980 0.27450980 0.29411765
v -0.74588265 -0.43926135 2.71311711 0.27450980 0.27450980 0.29411765
v -0.75344210 -0.43500000 2.73333333 0.27450980 0.27450980 0.29411765
v -0.75054090 -0.40661512 2.70906616 0.27450980 0.27450980 0.29411765
v -0.73671150 -0.43149996 2.71948282 0.27450980 0.27450980 0.29411765
v -0.74776027 -0.40019062 2.72072229 0.27450980 0.27450980 0.29411765
v -0.73393087 -0.42507546 2.73113896 0.27450980 0.27450980 0.29411765
v -0.75243226 -0.39755696 2.73321661 0.27450980 0.27450980 0.29411765
v -0.73860287 -0.42244180 2.74363327 0.27450980 0.27450980 0.29411765
v -0.76277235 -0.39972011 2.74177669 0.27450980 0.27450980 0.29411765
v -0.74894295 -0.42460495 2.75219336 0.27450980 0.27450980 0.29411765
v -0.77483095 -0.40585381 2.74313289 0.27450980 0.27450980 0.29411765
v -0.76100155 -0.43073865 2.75354955 0.27450980 0.27450980 0.29411765
v -0.78400210 -0.41361521 2.73676718 0.27450980 0.27450980 0.29411765
v -0.77017270 -0.43850004 2.74718384 0.27450980 0.27450980 0.29411765
v -0.78678273 -0.42003970 2.72511104 0.27450980 0.27450980 0.29411765
v -0.77295333 -0.44492454 2.73552771 0.27450980 0.27450980 0.29411765
v -0.78211074 -0.42267336 2.71261673 0.27450980 0.27450980 0.29411765
v -0.76828134 -0.44755820 2.72303339 0.27450980 0.27450980 0.29411765
v -0.77177065 -0.42051021 2.70405664 0.27450980 0.27450980 0.29411765
v -0.75794126 -0.44539505 2.71447331 0.27450980 0.27450980 0.29411765
v -0.75344210 -0.43500000 2.73333333 0.27450980 0.27450980 0.29411765
v -0.74588265 -0.43910653 2.71308510 0.27450980 0.27450980 0.29411765
v -0.73124645 -0.46352556 2.72350176 0.27450980 0.27450980 0.29411765
v -0.73880590 -0.45941903 2.74375000 0.27450980 0.27450980 0.29411765
v -0.73691019 -0.43104937 2.71936592 0.27450980 0.27450980 0.29411765
v -0.72227399 -0.45546840 2.72978259 0.27450980 0.27450980 0.29411765
v -0.73425236 -0.42450122 2.73098183 0.27450980 0.27450980 0.29411765
v -0.71961616 -0.44892025 2.74139849 0.27450980 0.27450980 0.29411765
v -0.73892436 -0.42196325 2.74349592 0.27450980 0.27450980 0.29411765
v -0.72428816 -0.44638228 2.75391259 0.27450980 0.27450980 0.29411765
v -0.74914164 -0.42440487 2.75212826 0.27450980 0.27450980 0.29411765
v -0.73450544 -0.44882390 2.76254493 0.27450980 0.27450980 0.29411765
v -0.76100155 -0.43089347 2.75358157 0.27450980 0.27450980 0.29411765
v -0.74636535 -0.45531250 2.76399824 0.27450980 0.27450980 0.29411765
v -0.76997401 -0.43895063 2.74730074 0.27450980 0.27450980 0.29411765
v -0.75533781 -0.46336966 2.75771741 0.27450980 0.27450980 0.29411765
v -0.77263184 -0.44549878 2.73568484 0.27450980 0.27450980 0.29411765
v -0.75799564 -0.46991781 2.74610151 0.27450980 0.27450980 0.29411765
v -0.76795984 -0.44803675 2.72317074 0.27450980 0.27450980 0.29411765
v -0.75332364 -0.47245579 2.73358741 0.27450980 0.27450980 0.29411765
v -0.75774256 -0.44559513 2.71453841 0.27450980 0.27450980 0.29411765
v -0.74310636 -0.47001416 2.72495507 0.27450980 0.27450980 0.29411765
v -0.73880590 -0.45941903 2.74375000 0.27450980 0.27450980 0.29411765
v -0.73124645 -0.46337323 2.72347147 0.27450980 0.27450980 0.29411765
v -0.71581911 -0.48730031 2.73388813 0.27450980 0.27450980 0.29411765
v -0.72337856 -0.48334610 2.75416667 0.27450980 0.27450980 0.29411765
v -0.72248384 -0.45502551 2.72966854 0.27450980 0.27450980 0.29411765
v -0.70705650 -0.47895258 2.74008521 0.27450980 0.27450980 0.29411765
v -0.71995570 -0.44835596 2.74124426 0.27450980 0.27450980 0.29411765
v -0.70452837 -0.47228304 2.75166093 0.27450980 0.27450980 0.29411765
v -0.72462770 -0.44591213 2.75377708 0.27450980 0.27450980 0.29411765
v -0.70920037 -0.46983920 2.76419375 0.27450980 0.27450980 0.29411765
v -0.73471529 -0.44862747 2.76247990 0.27450980 0.27450980 0.29411765
v -0.71928795 -0.47255455 2.77289657 0.27450980 0.27450980 0.29411765
v -0.74636535 -0.45546483 2.76402853 0.27450980 0.27450980 0.29411765
v -0.73093801 -0.47939190 2.77444520 0.27450980 0.27450980 0.29411765
v -0.75512796 -0.46381255 2.75783146 0.27450980 0.27450980 0.29411765
v -0.73970062 -0.48773962 2.76824812 0.27450980 0.27450980 0.29411765
v -0.75765609 -0.47048210 2.74625574 0.27450980 0.27450980 0.29411765
v -0.74222876 -0.49440917 2.75667241 0.27450980 0.27450980 0.29411765
v -0.75298409 -0.47292593 2.73372292 0.27450980 0.27450980 0.29411765
v -0.73755676 -0.49685300 2.74413958 0.27450980 0.27450980 0.29411765
v -0.74289651 -0.47021059 2.72502010 0.27450980 0.27450980 0.29411765
v -0.72746917 -0.49413766 2.73543676 0.27450980 0.27450980 0.29411765
v -0.72337856 -0.48334610 2.75416667 0.27450980 0.27450980 0.29411765
v -0.71581911 -0.48715035 2.73385947 0.27450980 0.27450980 0.29411765
v -0.69961716 -0.51055984 2.74427613 0.27450980 0.27450980 0.29411765
v -0.70717662 -0.50675560 2.76458333 0.27450980 0.27450980 0.29411765
v -0.70727728 -0.47851770 2.73997388 0.27450980 0.27450980 0.29411765
v -0.69107534 -0.50192719 2.75039054 0.27450980 0.27450980 0.29411765
v -0.70488560 -0.47172933 2.75150945 0.27450980 0.27450980 0.29411765
v -0.68868365 -0.49513882 2.76192612 0.27450980 0.27450980 0.29411765
v -0.70955759 -0.46937818 2.76405999 0.27450980 0.27450980 0.29411765
v -0.69335565 -0.49278767 2.77447666 0.27450980 0.27450980 0.29411765
v -0.71950873 -0.47236230 2.77283162 0.27450980 0.27450980 0.29411765
v -0.70330679 -0.49577179 2.78324828 0.27450980 0.27450980 0.29411765
v -0.73093801 -0.47954186 2.77447387 0.27450980 0.27450980 0.29411765
v -0.71473607 -0.50295135 2.78489053 0.27450980 0.27450980 0.29411765
v -0.73947984 -0.48817451 2.76835946 0.27450980 0.27450980 0.29411765
v -0.72327790 -0.51158400 2.77877612 0.27450980 0.27450980 0.29411765
v -0.74187153 -0.49496287 2.75682388 0.27450980 0.27450980 0.29411765
v -0.72566958 -0.51837237 2.76724055 0.27450980 0.27450980 0.29411765
v -0.73719953 -0.49731403 2.74427334 0.27450980 0.27450980 0.29411765
v -0.72099758 -0.52072352 2.75469001 0.27450980 0.27450980 0.29411765
v -0.72724839 -0.49432991 2.73550172 0.27450980 0.27450980 0.29411765
v -0.71104645 -0.51773940 2.74591838 0.27450980 0.27450980 0.29411765
v -0.70717662 -0.50675560 2.76458333 0.27450980 0.27450980 0.29411765
v -0.69961716 -0.51041213 2.74424902 0.27450980 0.27450980 0.29411765
v -0.68265795 -0.53327898 2.75466568 0.27450980 0.27450980 0.29411765
v -0.69021741 -0.52962244 2.77500000 0.27450980 0.27450980 0.29411765
v -0.69130681 -0.50150061 2.75028178 0.27450980 0.27450980 0.29411765
v -0.67434760 -0.52436746 2.76069845 0.27450980 0.27450980 0.29411765
v -0.68905818 -0.49459631 2.76177726 0.27450980 0.27450980 0.29411765
v -0.67209897 -0.51746316 2.77219392 0.27450980 0.27450980 0.29411765
v -0.69373018 -0.49233645 2.77434456 0.27450980 0.27450980 0.29411765
v -0.67677097 -0.51520330 2.78476122 0.27450980 0.27450980 0.29411765
v -0.70353826 -0.49558421 2.78318340 0.27450980 0.27450980 0.29411765
v -0.68657905 -0.51845106 2.79360007 0.27450980 0.27450980 0.29411765
v -0.71473607 -0.50309906 2.78491765 0.27450980 0.27450980 0.29411765
v -0.69777686 -0.52596591 2.79533432 0.27450980 0.27450980 0.29411765
v -0.72304642 -0.51201058 2.77888488 0.27450980 0.27450980 0.29411765
v -0.70608721 -0.53487743 2.78930155 0.27450980 0.27450980 0.29411765
v -0.72529505 -0.51891488 2.76738941 0.27450980 0.27450980 0.29411765
v -0.70833584 -0.54178172 2.77780608 0.27450980 0.27450980 0.29411765
v -0.72062306 -0.52117474 2.75482211 0.27450980 0.27450980 0.29411765
v -0.70366385 -0.54404159 2.76523878 0.27450980 0.27450980 0.29411765
v -0.71081497 -0.51792698 2.74598327 0.27450980 0.27450980 0.29411765
v -0.69385577 -0.54079383 2.75639993 0.27450980 0.27450980 0.29411765
v -0.69021741 -0.52962244 2.77500000 0.27450980 0.27450980 0.29411765
v -0.68265795 -0.53313340 2.75464004 0.27450980 0.27450980 0.29411765
v -0.66495964 -0.55543312 2.76505671 0.27450980 0.27450980 0.29411765
v -0.67251909 -0.55192216 2.78541667 0.27450980 0.27450980 0.29411765
v -0.67458951 -0.52394948 2.76059214 0.27450980 0.27450980 0.29411765
v -0.65689120 -0.54624920 2.77100880 0.27450980 0.27450980 0.29411765
v -0.67249040 -0.51693244 2.77204755 0.27450980 0.27450980 0.29411765
v -0.65479208 -0.53923216 2.78246421 0.27450980 0.27450980 0.29411765
v -0.67716239 -0.51476255 2.78463069 0.27450980 0.27450980 0.29411765
v -0.65946408 -0.53706226 2.79504736 0.27450980 0.27450980 0.29411765
v -0.68682096 -0.51826863 2.79353524 0.27450980 0.27450980 0.29411765
v -0.66912265 -0.54056835 2.80395191 0.27450980 0.27450980 0.29411765
v -0.69777686 -0.52611149 2.79535996 0.27450980 0.27450980 0.29411765
v -0.68007855 -0.54841120 2.80577662 0.27450980 0.27450980 0.29411765
v -0.70584530 -0.53529540 2.78940786 0.27450980 0.27450980 0.29411765
v -0.68814699 -0.55759512 2.79982453 0.27450980 0.27450980 0.29411765
v -0.70794442 -0.54231245 2.77795245 0.27450980 0.27450980 0.29411765
v -0.69024610 -0.56461216 2.78836912 0.27450980 0.27450980 0.29411765
v -0.70327242 -0.54448234 2.76536931 0.27450980 0.27450980 0.29411765
v -0.68557411 -0.56678205 2.77578597 0.27450980 0.27450980 0.29411765
v -0.69361385 -0.54097625 2.75646476 0.27450980 0.27450980 0.29411765
v -0.67591554 -0.56327597 2.76688143 0.27450980 0.27450980 0.29411765
v -0.67251909 -0.55192216 2.78541667 0.27450980 0.27450980 0.29411765
v -0.66495964 -0.55528956 2.76503247 0.27450980 0.27450980 0.29411765
v -0.64654118 -0.57699826 2.77544914 0.27450980 0.27450980 0.29411765
v -0.65410063 -0.57363086 2.79583333 0.27450980 0.27450980 0.29411765
v -0.65714330 -0.54584011 2.77090482 0.27450980 0.27450980 0.29411765
v -0.63872484 -0.56754881 2.78132148 0.27450980 0.27450980 0.29411765
v -0.65519999 -0.53871380 2.78232019 0.27450980 0.27450980 0.29411765
v -0.63678153 -0.56042250 2.79273686 0.27450980 0.27450980 0.29411765
v -0.65987199 -0.53663264 2.79491832 0.27450980 0.27450980 0.29411765
v -0.64145353 -0.55834134 2.80533498 0.27450980 0.27450980 0.29411765
v -0.66937475 -0.54039155 2.80388713 0.27450980 0.27450980 0.29411765
v -0.65095629 -0.56210025 2.81430380 0.27450980 0.27450980 0.29411765
v -0.68007855 -0.54855476 2.80580086 0.27450980 0.27450980 0.29411765
v -0.66166008 -0.57026346 2.81621753 0.27450980 0.27450980 0.29411765
v -0.68789488 -0.55800420 2.79992852 0.27450980 0.27450980 0.29411765
v -0.66947642 -0.57971290 2.81034518 0.27450980 0.27450980 0.29411765
v -0.68983819 -0.56513051 2.78851314 0.27450980 0.27450980 0.29411765
v -0.67141973 -0.58683921 2.79892981 0.27450980 0.27450980 0.29411765
v -0.68516620 -0.56721168 2.77591502 0.27450980 0.27450980 0.29411765
v -0.66674773 -0.58892038 2.78633168 0.27450980 0.27450980 0.29411765
v -0.67566344 -0.56345277 2.76694620 0.27450980 0.27450980 0.29411765
v -0.65724497 -0.58516147 2.77736287 0.27450980 0.27450980 0.29411765
v -0.65410063 -0.57363086 2.79583333 0.27450980 0.27450980 0.29411765
v -0.64654118 -0.57685661 2.77542625 0.27450980 0.27450980 0.29411765
v -0.62742229 -0.59795106 2.78584291 0.27450980 0.27450980 0.29411765
v -0.63498174 -0.59472530 2.80625000 0.27450980 0.27450980 0.29411765
v -0.63898686 -0.56714890 2.78121970 0.27450980 0.27450980 0.29411765
v -0.61986797 -0.58824335 2.79163637 0.27450980 0.27450980 0.29411765
v -0.63720549 -0.55991708 2.79259507 0.27450980 0.27450980 0.29411765
v -0.61808660 -0.58101152 2.80301174 0.27450980 0.27450980 0.29411765
v -0.64187748 -0.55792345 2.80520735 0.27450980 0.27450980 0.29411765
v -0.62275860 -0.57901790 2.81562401 0.27450980 0.27450980 0.29411765
v -0.65121831 -0.56192952 2.81423906 0.27450980 0.27450980 0.29411765
v -0.63209942 -0.58302397 2.82465573 0.27450980 0.27450980 0.29411765
v -0.66166008 -0.57040510 2.81624042 0.27450980 0.27450980 0.29411765
v -0.64254119 -0.59149955 2.82665709 0.27450980 0.27450980 0.29411765
v -0.66921440 -0.58011281 2.81044696 0.27450980 0.27450980 0.29411765
v -0.65009552 -0.60120726 2.82086363 0.27450980 0.27450980 0.29411765
v -0.67099578 -0.58734464 2.79907159 0.27450980 0.27450980 0.29411765
v -0.65187689 -0.60843908 2.80948826 0.27450980 0.27450980 0.29411765
v -0.66632378 -0.58933826 2.78645932 0.27450980 0.27450980 0.29411765
v -0.64720489 -0.61043271 2.79687599 0.27450980 0.27450980 0.29411765
v -0.65698296 -0.58533220 2.77742760 0.27450980 0.27450980 0.29411765
v -0.63786407 -0.60642664 2.78784427 0.27450980 0.27450980 0.29411765
v -0.63498174 -0.59472530 2.80625000 0.27450980 0.27450980 0.29411765
v -0.62742229 -0.59781123 2.78582130 0.27450980 0.27450980 0.29411765
v -0.60762345 -0.61826882 2.79623797 0.27450980 0.27450980 0.29411765
v -0.61518290 -0.61518290 2.81666667 0.27450980 0.27450980 0.29411765
v -0.62013962 -0.58785288 2.79153669 0.27450980 0.27450980 0.29411765
v -0.60034078 -0.60831048 2.80195336 0.27450980 0.27450980 0.29411765
v -0.61852614 -0.58051957 2.80287207 0.27450980 0.27450980 0.29411765
v -0.59872730 -0.60097717 2.81328874 0.27450980 0.27450980 0.29411765
v -0.62319814 -0.57861237 2.81549770 0.27450980 0.27450980 0.29411765
v -0.60339930 -0.59906996 2.82591437 0.27450980 0.27450980 0.29411765
v -0.63237107 -0.58285976 2.82459103 0.27450980 0.27450980 0.29411765
v -0.61257223 -0.60331735 2.83500769 0.27450980 0.27450980 0.29411765
v -0.64254119 -0.59163938 2.82667870 0.27450980 0.27450980 0.29411765
v -0.62274235 -0.61209698 2.83709537 0.27450980 0.27450980 0.29411765
v -0.64982386 -0.60159772 2.82096331 0.27450980 0.27450980 0.29411765
v -0.63002502 -0.62205532 2.83137997 0.27450980 0.27450980 0.29411765
v -0.65143734 -0.60893103 2.80962793 0.27450980 0.27450980 0.29411765
v -0.63163850 -0.62938863 2.82004460 0.27450980 0.27450980 0.29411765
v -0.64676535 -0.61083824 2.79700230 0.27450980 0.27450980 0.29411765
v -0.62696650 -0.63129584 2.80741896 0.27450980 0.27450980 0.29411765
v -0.63759241 -0.60659085 2.78790897 0.27450980 0.27450980 0.29411765
v -0.61779357 -0.62704845 2.79832564 0.27450980 0.27450980 0.29411765
v -0.61518290 -0.61518290 2.81666667 0.27450980 0.27450980 0.29411765
v -0.60762345 -0.61813070 2.79621758 0.27450980 0.27450980 0.29411765
v -0.58716585 -0.63792955 2.80663425 0.27450980 0.27450980 0.29411765
v -0.59472530 -0.63498174 2.82708333 0.27450980 0.27450980 0.29411765
v -0.60062178 -0.60792973 2.80185568 0.27450980 0.27450980 0.29411765
v -0.58016418 -0.62772857 2.81227235 0.27450980 0.27450980 0.29411765
v -0.59918196 -0.60049921 2.81315108 0.27450980 0.27450980 0.29411765
v -0.57872437 -0.62029806 2.82356775 0.27450980 0.27450980 0.29411765
v -0.60385396 -0.59867737 2.82578931 0.27450980 0.27450980 0.29411765
v -0.58339636 -0.61847621 2.83620598 0.27450980 0.27450980 0.29411765
v -0.61285323 -0.60316008 2.83494300 0.27450980 0.27450980 0.29411765
v -0.59239563 -0.62295892 2.84535967 0.27450980 0.27450980 0.29411765
v -0.62274235 -0.61223510 2.83711575 0.27450980 0.27450980 0.29411765
v -0.60228475 -0.63203394 2.84753242 0.27450980 0.27450980 0.29411765
v -0.62974402 -0.62243607 2.83147765 0.27450980 0.27450980 0.29411765
v -0.60928642 -0.64223492 2.84189432 0.27450980 0.27450980 0.29411765
v -0.63118384 -0.62986659 2.82018225 0.27450980 0.27450980 0.29411765
v -0.61072624 -0.64966543 2.83059892 0.27450980 0.27450980 0.29411765
v -0.62651184 -0.63168843 2.80754402 0.27450980 0.27450980 0.29411765
v -0.60605424 -0.65148727 2.81796069 0.27450980 0.27450980 0.29411765
v -0.61751257 -0.62720572 2.79839033 0.27450980 0.27450980 0.29411765
v -0.59705497 -0.64700456 2.80880700 0.27450980 0.27450980 0.29411765
v -0.59472530 -0.63498174 2.82708333 0.27450980 0.27450980 0.29411765
v -0.58716585 -0.63779305 2.80661503 0.27450980 0.27450980 0.29411765
v -0.56607141 -0.65691194 2.81703170 0.27450980 0.27450980 0.29411765
v -0.57363086 -0.65410063 2.83750000 0.27450980 0.27450980 0.29411765
v -0.58045422 -0.62735778 2.81217658 0.27450980 0.27450980 0.29411765
v -0.55935978 -0.64647667 2.82259324 0.27450980 0.27450980 0.29411765
v -0.57919366 -0.61983460 2.82343199 0.27450980 0.27450980 0.29411765
v -0.55809922 -0.63895349 2.83384866 0.27450980 0.27450980 0.29411765
v -0.58386566 -0.61809712 2.83608210 0.27450980 0.27450980 0.29411765
v -0.56277122 -0.63721601 2.84649876 0.27450980 0.27450980 0.29411765
v -0.59268567 -0.62280899 2.84529498 0.27450980 0.27450980 0.29411765
v -0.57159123 -0.64192788 2.85571165 0.27450980 0.27450980 0.29411765
v -0.60228475 -0.63217044 2.84755163 0.27450980 0.27450980 0.29411765
v -0.58119031 -0.65128933 2.85796830 0.27450980 0.27450980 0.29411765
v -0.60899638 -0.64260571 2.84199009 0.27450980 0.27450980 0.29411765
v -0.58790194 -0.66172460 2.85240676 0.27450980 0.27450980 0.29411765
v -0.61025694 -0.65012888 2.83073468 0.27450980 0.27450980 0.29411765
v -0.58916250 -0.66924777 2.84115134 0.27450980 0.27450980 0.29411765
v -0.60558495 -0.65186637 2.81808457 0.27450980 0.27450980 0.29411765
v -0.58449050 -0.67098525 2.82850124 0.27450980 0.27450980 0.29411765
v -0.59676493 -0.64715450 2.80887169 0.27450980 0.27450980 0.29411765
v -0.57567049 -0.66627338 2.81928835 0.27450980 0.27450980 0.29411765
v -0.57363086 -0.65410063 2.83750000 0.27450980 0.27450980 0.29411765
v -0.56607141 -0.65677697 2.81701362 0.27450980 0.27450980 0.29411765
v -0.54436271 -0.67519543 2.82743028 0.27450980 0.27450980 0.29411765
v -0.55192216 -0.67251909 2.84791667 0.27450980 0.27450980 0.29411765
v -0.55965855 -0.64611609 2.82249928 0.27450980 0.27450980 0.29411765
v -0.53794985 -0.66453455 2.83291594 0.27450980 0.27450980 0.29411765
v -0.55858265 -0.63850503 2.83371470 0.27450980 0.27450980 0.29411765
v -0.53687394 -0.65692349 2.84413137 0.27450980 0.27450980 0.29411765
v -0.56325464 -0.63685096 2.84637599 0.27450980 0.27450980 0.29411765
v -0.54154594 -0.65526943 2.85679265 0.27450980 0.27450980 0.29411765
v -0.57189000 -0.64178569 2.85564694 0.27450980 0.27450980 0.29411765
v -0.55018130 -0.66020415 2.86606361 0.27450980 0.27450980 0.29411765
v -0.58119031 -0.65142430 2.85798638 0.27450980 0.27450980 0.29411765
v -0.55948161 -0.66984276 2.86840305 0.27450980 0.27450980 0.29411765
v -0.58760316 -0.66208518 2.85250072 0.27450980 0.27450980 0.29411765
v -0.56589446 -0.68050364 2.86291739 0.27450980 0.27450980 0.29411765
v -0.58867907 -0.66969623 2.84128530 0.27450980 0.27450980 0.29411765
v -0.56697037 -0.68811470 2.85170196 0.27450980 0.27450980 0.29411765
v -0.58400707 -0.67135030 2.82862401 0.27450980 0.27450980 0.29411765
v -0.56229837 -0.68976876 2.83904068 0.27450980 0.27450980 0.29411765
v -0.57537171 -0.66641558 2.81935306 0.27450980 0.27450980 0.29411765
v -0.55366301 -0.68483404 2.82976972 0.27450980 0.27450980 0.29411765
v -0.55192216 -0.67251909 2.84791667 0.27450980 0.27450980 0.29411765
v -0.54436271 -0.67506190 2.82741328 0.27450980 0.27450980 0.29411765
v -0.52206299 -0.69276021 2.83782995 0.27450980 0.27450980 0.29411765
v -0.52962244 -0.69021741 2.85833333 0.27450980 0.27450980 0.29411765
v -0.53825704 -0.66418441 2.83282370 0.27450980 0.27450980 0.29411765
v -0.51595733 -0.68188272 2.84324037 0.27450980 0.27450980 0.29411765
v -0.53737098 -0.65649049 2.84399912 0.27450980 0.27450980 0.29411765
v -0.51507127 -0.67418880 2.85441579 0.27450980 0.27450980 0.29411765
v -0.54204298 -0.65491895 2.85667091 0.27450980 0.27450980 0.29411765
v -0.51974327 -0.67261726 2.86708758 0.27450980 0.27450980 0.29411765
v -0.55048849 -0.66007007 2.86599888 0.27450980 0.27450980 0.29411765
v -0.52818877 -0.67776838 2.87641554 0.27450980 0.27450980 0.29411765
v -0.55948161 -0.66997629 2.86842005 0.27450980 0.27450980 0.29411765
v -0.53718189 -0.68767460 2.87883672 0.27450980 0.27450980 0.29411765
v -0.56558728 -0.68085378 2.86300963 0.27450980 0.27450980 0.29411765
v -0.54328756 -0.69855209 2.87342630 0.27450980 0.27450980 0.29411765
v -0.56647333 -0.68854770 2.85183421 0.27450980 0.27450980 0.29411765
v -0.54417362 -0.70624601 2.86225088 0.27450980 0.27450980 0.29411765
v -0.56180133 -0.69011924 2.83916242 0.27450980 0.27450980 0.29411765
v -0.53950162 -0.70781755 2.84957909 0.27450980 0.27450980 0.29411765
v -0.55335583 -0.68496812 2.82983446 0.27450980 0.27450980 0.29411765
v -0.53105611 -0.70266643 2.84025112 0.27450980 0.27450980 0.29411765
v -0.52962244 -0.69021741 2.85833333 0.27450980 0.27450980 0.29411765
v -0.52206299 -0.69262804 2.83781399 0.27450980 0.27450980 0.29411765
v -0.49919614 -0.70958724 2.84823065 0.27450980 0.27450980 0.29411765
v -0.50675560 -0.70717662 2.86875000 0.27450980 0.27450980 0.29411765
v -0.51627260 -0.68154326 2.84314977 0.27450980 0.27450980 0.29411765
v -0.49340575 -0.69850247 2.85356643 0.27450980 0.27450980 0.29411765
v -0.51558139 -0.67377171 2.85428515 0.27450980 0.27450980 0.29411765
v -0.49271454 -0.69073092 2.86470182 0.27450980 0.27450980 0.29411765
v -0.52025339 -0.67228186 2.86696680 0.27450980 0.27450980 0.29411765
v -0.49738654 -0.68924107 2.87738347 0.27450980 0.27450980 0.29411765
v -0.52850405 -0.67764278 2.87635077 0.27450980 0.27450980 0.29411765
v -0.50563720 -0.69460199 2.88676743 0.27450980 0.27450980 0.29411765
v -0.53718189 -0.68780678 2.87885268 0.27450980 0.27450980 0.29411765
v -0.51431505 -0.70476599 2.88926935 0.27450980 0.27450980 0.29411765
v -0.54297229 -0.69889156 2.87351690 0.27450980 0.27450980 0.29411765
v -0.52010544 -0.71585077 2.88393357 0.27450980 0.27450980 0.29411765
v -0.54366350 -0.70666311 2.86238152 0.27450980 0.27450980 0.29411765
v -0.52079665 -0.72362232 2.87279818 0.27450980 0.27450980 0.29411765
v -0.53899150 -0.70815296 2.84969986 0.27450980 0.27450980 0.29411765
v -0.51612465 -0.72511217 2.86011653 0.27450980 0.27450980 0.29411765
v -0.53074084 -0.70279204 2.84031590 0.27450980 0.27450980 0.29411765
v -0.50787399 -0.71975125 2.85073257 0.27450980 0.27450980 0.29411765
v -0.50675560 -0.70717662 2.86875000 0.27450980 0.27450980 0.29411765
v -0.49919614 -0.70945634 2.84821570 0.27450980 0.27450980 0.29411765
v -0.47578665 -0.72565829 2.85863237 0.27450980 0.27450980 0.29411765
v -0.48334610 -0.72337856 2.87916667 0.27450980 0.27450980 0.29411765
v -0.49372877 -0.69817388 2.85347739 0.27450980 0.27450980 0.29411765
v -0.47031927 -0.71437583 2.86389406 0.27450980 0.27450980 0.29411765
v -0.49323720 -0.69033016 2.86457270 0.27450980 0.27450980 0.29411765
v -0.46982770 -0.70653211 2.87498937 0.27450980 0.27450980 0.29411765
v -0.49790919 -0.68892121 2.87726360 0.27450980 0.27450980 0.29411765
v -0.47449970 -0.70512316 2.88768027 0.27450980 0.27450980 0.29411765
v -0.50596022 -0.69448521 2.88670259 0.27450980 0.27450980 0.29411765
v -0.48255072 -0.71068715 2.89711926 0.27450980 0.27450980 0.29411765
v -0.51431505 -0.70489689 2.88928430 0.27450980 0.27450980 0.29411765
v -0.49090555 -0.72109883 2.89970097 0.27450980 0.27450980 0.29411765
v -0.51978242 -0.71617935 2.88402261 0.27450980 0.27450980 0.29411765
v -0.49637293 -0.73238129 2.89443927 0.27450980 0.27450980 0.29411765
v -0.52027400 -0.72402307 2.87292730 0.27450980 0.27450980 0.29411765
v -0.49686450 -0.74022502 2.88334396 0.27450980 0.27450980 0.29411765
v -0.51560200 -0.72543202 2.86023640 0.27450980 0.27450980 0.29411765
v -0.49219250 -0.74163397 2.87065307 0.27450980 0.27450980 0.29411765
v -0.50755098 -0.71986803 2.85079741 0.27450980 0.27450980 0.29411765
v -0.48414148 -0.73606997 2.86121408 0.27450980 0.27450980 0.29411765
v -0.48334610 -0.72337856 2.87916667 0.27450980 0.27450980 0.29411765
v -0.47578665 -0.72552858 2.85861838 0.27450980 0.27450980 0.29411765
v -0.45185958 -0.74095592 2.86903505 0.27450980 0.27450980 0.29411765
v -0.45941903 -0.73880590 2.88958333 0.27450980 0.27450980 0.29411765
v -0.47064969 -0.71405834 2.86380650 0.27450980 0.27450980 0.29411765
v -0.44672262 -0.72948567 2.87422317 0.27450980 0.27450980 0.29411765
v -0.47036233 -0.70614810 2.87486169 0.27450980 0.27450980 0.29411765
v -0.44643526 -0.72157544 2.88527836 0.27450980 0.27450980 0.29411765
v -0.47503433 -0.70481931 2.88756123 0.27450980 0.27450980 0.29411765
v -0.45110726 -0.72024665 2.89797790 0.27450980 0.27450980 0.29411765
v -0.48288114 -0.71057953 2.89705433 0.27450980 0.27450980 0.29411765
v -0.45895407 -0.72600686 2.90747100 0.27450980 0.27450980 0.29411765
v -0.49090555 -0.72122854 2.89971495 0.27450980 0.27450980 0.29411765
v -0.46697848 -0.73665588 2.91013162 0.27450980 0.27450980 0.29411765
v -0.49604251 -0.73269879 2.89452683 0.27450980 0.27450980 0.29411765
v -0.47211544 -0.74812612 2.90494350 0.27450980 0.27450980 0.29411765
v -0.49632987 -0.74060903 2.88347164 0.27450980 0.27450980 0.29411765
v -0.47240280 -0.75603636 2.89388831 0.27450980 0.27450980 0.29411765
v -0.49165788 -0.74193781 2.87077210 0.27450980 0.27450980 0.29411765
v -0.46773080 -0.75736515 2.88118877 0.27450980 0.27450980 0.29411765
v -0.48381106 -0.73617760 2.86127900 0.27450980 0.27450980 0.29411765
v -0.45988399 -0.75160493 2.87169567 0.27450980 0.27450980 0.29411765
v -0.45941903 -0.73880590 2.88958333 0.27450980 0.27450980 0.29411765
v -0.45185958 -0.74082733 2.86902200 0.27450980 0.27450980 0.29411765
v -0.42744055 -0.75546353 2.87943866 0.27450980 0.27450980 0.29411765
v -0.43500000 -0.75344210 2.90000000 0.27450980 0.27450980 0.29411765
v -0.44706009 -0.72917946 2.87413703 0.27450980 0.27450980 0.29411765
v -0.42264106 -0.74381567 2.88455370 0.27450980 0.27450980 0.29411765
v -0.44698129 -0.72120856 2.88515203 0.27450980 0.27450980 0.29411765
v -0.42256226 -0.73584477 2.89556869 0.27450980 0.27450980 0.29411765
v -0.45165329 -0.71995925 2.89785963 0.27450980 0.27450980 0.29411765
v -0.42723426 -0.73459545 2.90827630 0.27450980 0.27450980 0.29411765
v -0.45929153 -0.72590872 2.90740597 0.27450980 0.27450980 0.29411765
v -0.43487250 -0.74054492 2.91782264 0.27450980 0.27450980 0.29411765
v -0.46697848 -0.73678447 2.91014467 0.27450980 0.27450980 0.29411765
v -0.44255945 -0.75142067 2.92056134 0.27450980 0.27450980 0.29411765
v -0.47177797 -0.74843233 2.90502963 0.27450980 0.27450980 0.29411765
v -0.44735894 -0.76306854 2.91544630 0.27450980 0.27450980 0.29411765
v -0.47185677 -0.75640323 2.89401464 0.27450980 0.27450980 0.29411765
v -0.44743774 -0.77103943 2.90443131 0.27450980 0.27450980 0.29411765
v -0.46718477 -0.75765255 2.88130703 0.27450980 0.27450980 0.29411765
v -0.44276574 -0.77228875 2.89172370 0.27450980 0.27450980 0.29411765
v -0.45954653 -0.75170308 2.87176070 0.27450980 0.27450980 0.29411765
v -0.43512750 -0.76633928 2.88217736 0.27450980 0.27450980 0.29411765
v -0.43500000 -0.75344210 2.90000000 0.27450980 0.27450980 0.29411765
v -0.42744055 -0.75533599 2.87942652 0.27450980 0.27450980 0.29411765
v -0.40255571 -0.76916539 2.88984319 0.27450980 0.27450980 0.29411765
v -0.41011516 -0.76727150 2.91041667 0.27450980 0.27450980 0.29411765
v -0.42298521 -0.74352092 2.88446891 0.27450980 0.27450980 0.29411765
v -0.39810037 -0.75735032 2.89488557 0.27450980 0.27450980 0.29411765
v -0.42311911 -0.73549540 2.89544364 0.27450980 0.27450980 0.29411765
v -0.39823427 -0.74932480 2.90586031 0.27450980 0.27450980 0.29411765
v -0.42779110 -0.73432492 2.90815875 0.27450980 0.27450980 0.29411765
v -0.40290627 -0.74815432 2.91857541 0.27450980 0.27450980 0.29411765
v -0.43521666 -0.74045655 2.91775749 0.27450980 0.27450980 0.29411765
v -0.41033182 -0.75428595 2.92817416 0.27450980 0.27450980 0.29411765
v -0.44255945 -0.75154822 2.92057348 0.27450980 0.27450980 0.29411765
v -0.41767461 -0.76537761 2.93099014 0.27450980 0.27450980 0.29411765
v -0.44701479 -0.76336328 2.91553109 0.27450980 0.27450980 0.29411765
v -0.42212996 -0.77719268 2.92594776 0.27450980 0.27450980 0.29411765
v -0.44688089 -0.77138880 2.90455636 0.27450980 0.27450980 0.29411765
v -0.42199605 -0.78521820 2.91497303 0.27450980 0.27450980 0.29411765
v -0.44220890 -0.77255928 2.89184125 0.27450980 0.27450980 0.29411765
v -0.41732406 -0.78638868 2.90225792 0.27450980 0.27450980 0.29411765
v -0.43478334 -0.76642766 2.88224251 0.27450980 0.27450980 0.29411765
v -0.40989851 -0.78025705 2.89265918 0.27450980 0.27450980 0.29411765
v -0.41011516 -0.76727150 2.91041667 0.27450980 0.27450980 0.29411765
v -0.40255571 -0.76903881 2.88983193 0.27450980 0.27450980 0.29411765
v -0.37723171 -0.78204659 2.90024860 0.27450980 0.27450980 0.29411765
v -0.38479116 -0.78027929 2.92083333 0.27450980 0.27450980 0.29411765
v -0.39845083 -0.75706720 2.89480206 0.27450980 0.27450980 0.29411765
v -0.37312683 -0.77007499 2.90521873 0.27450980 0.27450980 0.29411765
v -0.39880134 -0.74899329 2.90573644 0.27450980 0.27450980 0.29411765
v -0.37347734 -0.76200108 2.91615311 0.27450980 0.27450980 0.29411765
v -0.40347333 -0.74790104 2.91845851 0.27450980 0.27450980 0.29411765
v -0.37814933 -0.76090882 2.92887518 0.27450980 0.27450980 0.29411765
v -0.41068228 -0.75420764 2.92810886 0.27450980 0.27450980 0.29411765
v -0.38535828 -0.76721542 2.93852553 0.27450980 0.27450980 0.29411765
v -0.41767461 -0.76550419 2.93100140 0.27450980 0.27450980 0.29411765
v -0.39235061 -0.77851198 2.94141807 0.27450980 0.27450980 0.29411765
v -0.42177949 -0.77747580 2.92603127 0.27450980 0.27450980 0.29411765
v -0.39645549 -0.79048358 2.93644794 0.27450980 0.27450980 0.29411765
v -0.42142899 -0.78554971 2.91509689 0.27450980 0.27450980 0.29411765
v -0.39610499 -0.79855749 2.92551356 0.27450980 0.27450980 0.29411765
v -0.41675699 -0.78664196 2.90237482 0.27450980 0.27450980 0.29411765
v -0.39143299 -0.79964975 2.91279149 0.27450980 0.27450980 0.29411765
v -0.40954804 -0.78033536 2.89272447 0.27450980 0.27450980 0.29411765
v -0.38422404 -0.79334315 2.90314114 0.27450980 0.27450980 0.29411765
v -0.38479116 -0.78027929 2.92083333 0.27450980 0.27450980 0.29411765
v -0.37723171 -0.78192091 2.90023819 0.27450980 0.27450980 0.29411765
v -0.35149566 -0.79409316 2.91065486 0.27450980 0.27450980 0.29411765
v -0.35905512 -0.79245153 2.93125000 0.27450980 0.27450980 0.29411765
v -0.37348324 -0.76980367 2.90513644 0.27450980 0.27450980 0.29411765
v -0.34774720 -0.78197591 2.91555311 0.27450980 0.27450980 0.29411765
v -0.37405402 -0.76168775 2.91603037 0.27450980 0.27450980 0.29411765
v -0.34831797 -0.77385999 2.92644703 0.27450980 0.27450980 0.29411765
v -0.37872602 -0.76067316 2.92875886 0.27450980 0.27450980 0.29411765
v -0.35298997 -0.77284541 2.93917553 0.27450980 0.27450980 0.29411765
v -0.38571469 -0.76714745 2.93846008 0.27450980 0.27450980 0.29411765
v -0.35997865 -0.77931970 2.94887674 0.27450980 0.27450980 0.29411765
v -0.39235061 -0.77863766 2.94142847 0.27450980 0.27450980 0.29411765
v -0.36661457 -0.79080990 2.95184514 0.27450980 0.27450980 0.29411765
v -0.39609908 -0.79075490 2.93653022 0.27450980 0.27450980 0.29411765
v -0.37036303 -0.80292715 2.94694689 0.27450980 0.27450980 0.29411765
v -0.39552830 -0.79887082 2.92563630 0.27450980 0.27450980 0.29411765
v -0.36979226 -0.81104307 2.93605297 0.27450980 0.27450980 0.29411765
v -0.39085631 -0.79988541 2.91290780 0.27450980 0.27450980 0.29411765
v -0.36512026 -0.81205765 2.92332447 0.27450980 0.27450980 0.29411765
v -0.38386763 -0.79341112 2.90320659 0.27450980 0.27450980 0.29411765
v -0.35813158 -0.80558336 2.91362326 0.27450980 0.27450980 0.29411765
v -0.35905512 -0.79245153 2.93125000 0.27450980 0.27450980 0.29411765
v -0.35149566 -0.79396831 2.91064529 0.27450980 0.27450980 0.29411765
v -0.32537513 -0.80529197 2.92106196 0.27450980 0.27450980 0.29411765
v -0.33293459 -0.80377519 2.94166667 0.27450980 0.27450980 0.29411765
v -0.34810917 -0.78171652 2.91547198 0.27450980 0.27450980 0.29411765
v -0.32198864 -0.79304019 2.92588865 0.27450980 0.27450980 0.29411765
v -0.34890365 -0.77356514 2.92632534 0.27450980 0.27450980 0.29411765
v -0.32278312 -0.78488881 2.93674201 0.27450980 0.27450980 0.29411765
v -0.35357565 -0.77262772 2.93905975 0.27450980 0.27450980 0.29411765
v -0.32745512 -0.78395139 2.94947642 0.27450980 0.27450980 0.29411765
v -0.36034062 -0.77926232 2.94881110 0.27450980 0.27450980 0.29411765
v -0.33422009 -0.79058599 2.95922777 0.27450980 0.27450980 0.29411765
v -0.36661457 -0.79093475 2.95185471 0.27450980 0.27450980 0.29411765
v -0.34049404 -0.80225841 2.96227138 0.27450980 0.27450980 0.29411765
v -0.37000106 -0.80318653 2.94702802 0.27450980 0.27450980 0.29411765
v -0.34388053 -0.81451020 2.95744469 0.27450980 0.27450980 0.29411765
v -0.36920658 -0.81133791 2.93617466 0.27450980 0.27450980 0.29411765
v -0.34308605 -0.82266158 2.94659133 0.27450980 0.27450980 0.29411765
v -0.36453458 -0.81227533 2.92344025 0.27450980 0.27450980 0.29411765
v -0.33841405 -0.82359900 2.93385692 0.27450980 0.27450980 0.29411765
v -0.35776961 -0.80564074 2.91368890 0.27450980 0.27450980 0.29411765
v -0.33164909 -0.81696440 2.92410556 0.27450980 0.27450980 0.29411765
v -0.33293459 -0.80377519 2.94166667 0.27450980 0.27450980 0.29411765
v -0.32537513 -0.80516789 2.92105320 0.27450980 0.27450980 0.29411765
v -0.29889809 -0.81563085 2.93146986 0.27450980 0.27450980 0.29411765
v -0.30645754 -0.81423816 2.95208333 0.27450980 0.27450980 0.29411765
v -0.32235578 -0.79279287 2.92580862 0.27450980 0.27450980 0.29411765
v -0.29587873 -0.80325584 2.93622529 0.27450980 0.27450980 0.29411765
v -0.32337717 -0.78461273 2.93662128 0.27450980 0.27450980 0.29411765
v -0.29690012 -0.79507570 2.94703795 0.27450980 0.27450980 0.29411765
v -0.32804917 -0.78375200 2.94936111 0.27450980 0.27450980 0.29411765
v -0.30157212 -0.79421496 2.95977778 0.27450980 0.27450980 0.29411765
v -0.33458723 -0.79053945 2.95916192 0.27450980 0.27450980 0.29411765
v -0.30811018 -0.80100241 2.96957858 0.27450980 0.27450980 0.29411765
v -0.34049404 -0.80238250 2.96228014 0.27450980 0.27450980 0.29411765
v -0.31401699 -0.81284546 2.97269680 0.27450980 0.27450980 0.29411765
v -0.34351339 -0.81475751 2.95752471 0.27450980 0.27450980 0.29411765
v -0.31703635 -0.82522048 2.96794138 0.27450980 0.27450980 0.29411765
v -0.34249200 -0.82293765 2.94671205 0.27450980 0.27450980 0.29411765
v -0.31601496 -0.83340062 2.95712872 0.27450980 0.27450980 0.29411765
v -0.33782001 -0.82379839 2.93397222 0.27450980 0.27450980 0.29411765
v -0.31134296 -0.83426135 2.94438889 0.27450980 0.27450980 0.29411765
v -0.33128194 -0.81701094 2.92417142 0.27450980 0.27450980 0.29411765
v -0.30480490 -0.82747390 2.93458808 0.27450980 0.27450980 0.29411765
v -0.30645754 -0.81423816 2.95208333 0.27450980 0.27450980 0.29411765
v -0.29889809 -0.81550746 2.93146190 0.27450980 0.27450980 0.29411765
v -0.27209288 -0.82509851 2.94187857 0.27450980 0.27450980 0.29411765
v -0.27965233 -0.82382921 2.96250000 0.27450980 0.27450980 0.29411765
v -0.29625066 -0.80302071 2.93614632 0.27450980 0.27450980 0.29411765
v -0.26944545 -0.81261177 2.94656299 0.27450980 0.27450980 0.29411765
v -0.29750190 -0.79481865 2.94691814 0.27450980 0.27450980 0.29411765
v -0.27069670 -0.80440970 2.95733480 0.27450980 0.27450980 0.29411765
v -0.30217390 -0.79403418 2.95966289 0.27450980 0.27450980 0.29411765
v -0.27536870 -0.80362523 2.97007955 0.27450980 0.27450980 0.29411765
v -0.30848210 -0.80096694 2.96951250 0.27450980 0.27450980 0.29411765
v -0.28167690 -0.81055799 2.97992917 0.27450980 0.27450980 0.29411765
v -0.31401699 -0.81296885 2.97270477 0.27450980 0.27450980 0.29411765
v -0.28721179 -0.82255991 2.98312143 0.27450980 0.27450980 0.29411765
v -0.31666443 -0.82545560 2.96802035 0.27450980 0.27450980 0.29411765
v -0.28985922 -0.83504666 2.97843701 0.27450980 0.27450980 0.29411765
v -0.31541318 -0.83365766 2.95724853 0.27450980 0.27450980 0.29411765
v -0.28860797 -0.84324872 2.96766520 0.27450980 0.27450980 0.29411765
v -0.31074118 -0.83444214 2.94450378 0.27450980 0.27450980 0.29411765
v -0.28393597 -0.84403319 2.95492045 0.27450980 0.27450980 0.29411765
v -0.30443298 -0.82750937 2.93465417 0.27450980 0.27450980 0.29411765
v -0.27762777 -0.83710043 2.94507083 0.27450980 0.27450980 0.29411765
v -0.27965233 -0.82382921 2.96250000 0.27450980 0.27450980 0.29411765
v -0.27209288 -0.82497575 2.94187138 0.27450980 0.27450980 0.29411765
v -0.24498822 -0.83368463 2.95228804 0.27450980 0.27450980 0.29411765
v -0.25254767 -0.83253809 2.97291667 0.27450980 0.27450980 0.29411765
v -0.26982175 -0.81238894 2.94648501 0.27450980 0.27450980 0.29411765
v -0.24271708 -0.82109782 2.95690168 0.27450980 0.27450980 0.29411765
v -0.27130557 -0.80417192 2.95721583 0.27450980 0.27450980 0.29411765
v -0.24420090 -0.81288080 2.96763250 0.27450980 0.27450980 0.29411765
v -0.27597756 -0.80346332 2.96996502 0.27450980 0.27450980 0.29411765
v -0.24887290 -0.81217220 2.98038169 0.27450980 0.27450980 0.29411765
v -0.28205320 -0.81053380 2.97986283 0.27450980 0.27450980 0.29411765
v -0.25494853 -0.81924268 2.99027949 0.27450980 0.27450980 0.29411765
v -0.28721179 -0.82268267 2.98312862 0.27450980 0.27450980 0.29411765
v -0.26010712 -0.83139155 2.99354529 0.27450980 0.27450980 0.29411765
v -0.28948292 -0.83526948 2.97851499 0.27450980 0.27450980 0.29411765
v -0.26237825 -0.84397836 2.98893165 0.27450980 0.27450980 0.29411765
v -0.28799910 -0.84348650 2.96778417 0.27450980 0.27450980 0.29411765
v -0.26089444 -0.85219538 2.97820084 0.27450980 0.27450980 0.29411765
v -0.28332711 -0.84419510 2.95503498 0.27450980 0.27450980 0.29411765
v -0.25622244 -0.85290398 2.96545164 0.27450980 0.27450980 0.29411765
v -0.27725147 -0.83712463 2.94513717 0.27450980 0.27450980 0.29411765
v -0.25014680 -0.84583351 2.95555384 0.27450980 0.27450980 0.29411765
v -0.25254767 -0.83253809 2.97291667 0.27450980 0.27450980 0.29411765
v -0.24498822 -0.83356244 2.95228161 0.27450980 0.27450980 0.29411765
v -0.21761312 -0.84137982 2.96269828 0.27450980 0.27450980 0.29411765
v -0.22517257 -0.84035547 2.98333333 0.27450980 0.27450980 0.29411765
v -0.24309736 -0.82088739 2.95682466 0.27450980 0.27450980 0.29411765
v -0.21572226 -0.82870476 2.96724132 0.27450980 0.27450980 0.29411765
v -0.24481621 -0.81266251 2.96751430 0.27450980 0.27450980 0.29411765
v -0.21744111 -0.82047988 2.97793097 0.27450980 0.27450980 0.29411765
v -0.24948820 -0.81202942 2.98026746 0.27450980 0.27450980 0.29411765
v -0.22211310 -0.81984680 2.99068413 0.27450980 0.27450980 0.29411765
v -0.25532881 -0.81922996 2.99021287 0.27450980 0.27450980 0.29411765
v -0.22795371 -0.82704733 3.00062954 0.27450980 0.27450980 0.29411765
v -0.26010712 -0.83151374 2.99355172 0.27450980 0.27450980 0.29411765
v -0.23273202 -0.83933112 3.00396839 0.27450980 0.27450980 0.29411765
v -0.26199797 -0.84418880 2.98900868 0.27450980 0.27450980 0.29411765
v -0.23462287 -0.85200617 2.99942534 0.27450980 0.27450980 0.29411765
v -0.26027913 -0.85241368 2.97831903 0.27450980 0.27450980 0.29411765
v -0.23290403 -0.86023105 2.98873570 0.27450980 0.27450980 0.29411765
v -0.25560714 -0.85304676 2.96556587 0.27450980 0.27450980 0.29411765
v -0.22823204 -0.86086414 2.97598254 0.27450980 0.27450980 0.29411765
v -0.24976653 -0.84584623 2.95562046 0.27450980 0.27450980 0.29411765
v -0.22239143 -0.85366361 2.96603713 0.27450980 0.27450980 0.29411765
v -0.22517257 -0.84035547 2.98333333 0.27450980 0.27450980 0.29411765
v -0.21761312 -0.84125813 2.96269260 0.27450980 0.27450980 0.29411765
v -0.18999690 -0.84817563 2.97310927 0.27450980 0.27450980 0.29411765
v -0.19755635 -0.84727297 2.99375000 0.27450980 0.27450980 0.29411765
v -0.21610611 -0.82850680 2.96716520 0.27450980 0.27450980 0.29411765
v -0.18848989 -0.83542431 2.97758187 0.27450980 0.27450980 0.29411765
v -0.21806219 -0.82028126 2.97781348 0.27450980 0.27450980 0.29411765
v -0.19044597 -0.82719877 2.98823014 0.27450980 0.27450980 0.29411765
v -0.22273419 -0.81972339 2.99057015 0.27450980 0.27450980 0.29411765
v -0.19511797 -0.82664089 3.00098682 0.27450980 0.27450980 0.29411765
v -0.22833756 -0.82704627 3.00056261 0.27450980 0.27450980 0.29411765
v -0.20072134 -0.83396377 3.01097928 0.27450980 0.27450980 0.29411765
v -0.23273202 -0.83945281 3.00397407 0.27450980 0.27450980 0.29411765
v -0.20511580 -0.84637031 3.01439073 0.27450980 0.27450980 0.29411765
v -0.23423902 -0.85220413 2.99950147 0.27450980 0.27450980 0.29411765
v -0.20662280 -0.85912164 3.00991813 0.27450980 0.27450980 0.29411765
v -0.23228295 -0.86042967 2.98885319 0.27450980 0.27450980 0.29411765
v -0.20466673 -0.86734718 2.99926986 0.27450980 0.27450980 0.29411765
v -0.22761095 -0.86098755 2.97609651 0.27450980 0.27450980 0.29411765
v -0.19999473 -0.86790505 2.98651318 0.27450980 0.27450980 0.29411765
v -0.22200758 -0.85366467 2.96610406 0.27450980 0.27450980 0.29411765
v -0.19439135 -0.86058217 2.97652072 0.27450980 0.27450980 0.29411765
v -0.19755635 -0.84727297 2.99375000 0.27450980 0.27450980 0.29411765
v -0.18999690 -0.84805439 2.97310432 0.27450980 0.27450980 0.29411765
v -0.16216913 -0.85406461 2.98352099 0.27450980 0.27450980 0.29411765
v -0.16972858 -0.85328319 3.00416667 0.27450980 0.27450980 0.29411765
v -0.18887690 -0.83523889 2.97750660 0.27450980 0.27450980 0.29411765
v -0.16104913 -0.84124911 2.98792327 0.27450980 0.27450980 0.29411765
v -0.19107216 -0.82702000 2.98811331 0.27450980 0.27450980 0.29411765
v -0.16324439 -0.83303022 2.99852997 0.27450980 0.27450980 0.29411765
v -0.19574416 -0.82653705 3.00087304 0.27450980 0.27450980 0.29411765
v -0.16791639 -0.83254728 3.01128970 0.27450980 0.27450980 0.29411765
v -0.20110835 -0.83397453 3.01091201 0.27450980 0.27450980 0.29411765
v -0.17328058 -0.83998475 3.02132868 0.27450980 0.27450980 0.29411765
v -0.20511580 -0.84649155 3.01439568 0.27450980 0.27450980 0.29411765
v -0.17728803 -0.85250178 3.02481235 0.27450980 0.27450980 0.29411765
v -0.20623579 -0.85930706 3.00999340 0.27450980 0.27450980 0.29411765
v -0.17840803 -0.86531728 3.02041007 0.27450980 0.27450980 0.29411765
v -0.20404054 -0.86752595 2.99938669 0.27450980 0.27450980 0.29411765
v -0.17621277 -0.87353617 3.00980336 0.27450980 0.27450980 0.29411765
v -0.19936854 -0.86800889 2.98662696 0.27450980 0.27450980 0.29411765
v -0.17154077 -0.87401911 2.99704363 0.27450980 0.27450980 0.29411765
v -0.19400434 -0.86057142 2.97658799 0.27450980 0.27450980 0.29411765
v -0.16617658 -0.86658164 2.98700466 0.27450980 0.27450980 0.29411765
v -0.16972858 -0.85328319 3.00416667 0.27450980 0.27450980 0.29411765
v -0.16216913 -0.85394375 2.98351677 0.27450980 0.27450980 0.29411765
v -0.13415961 -0.85904026 2.99393343 0.27450980 0.27450980 0.29411765
v -0.14171906 -0.85837970 3.01458333 0.27450980 0.27450980 0.29411765
v -0.16143889 -0.84107628 2.98784881 0.27450980 0.27450980 0.29411765
v -0.13342937 -0.84617279 2.99826548 0.27450980 0.27450980 0.29411765
v -0.16387503 -0.83287144 2.99841372 0.27450980 0.27450980 0.29411765
v -0.13586551 -0.83796795 3.00883039 0.27450980 0.27450980 0.29411765
v -0.16854703 -0.83246320 3.01117606 0.27450980 0.27450980 0.29411765
v -0.14053751 -0.83755970 3.02159273 0.27450980 0.27450980 0.29411765
v -0.17367034 -0.84000748 3.02126105 0.27450980 0.27450980 0.29411765
v -0.14566082 -0.84510399 3.03167772 0.27450980 0.27450980 0.29411765
v -0.17728803 -0.85262264 3.02481657 0.27450980 0.27450980 0.29411765
v -0.14927851 -0.85771914 3.03523323 0.27450980 0.27450980 0.29411765
v -0.17801827 -0.86549010 3.02048452 0.27450980 0.27450980 0.29411765
v -0.15000875 -0.87058661 3.03090119 0.27450980 0.27450980 0.29411765
v -0.17558213 -0.87369495 3.00991961 0.27450980 0.27450980 0.29411765
v -0.14757261 -0.87879145 3.02033628 0.27450980 0.27450980 0.29411765
v -0.17091013 -0.87410319 2.99715727 0.27450980 0.27450980 0.29411765
v -0.14290061 -0.87919970 3.00757394 0.27450980 0.27450980 0.29411765
v -0.16578682 -0.86655891 2.98707228 0.27450980 0.27450980 0.29411765
v -0.13777730 -0.87165541 2.99748895 0.27450980 0.27450980 0.29411765
v -0.14171906 -0.85837970 3.01458333 0.27450980 0.27450980 0.29411765
v -0.13415961 -0.85891972 2.99392993 0.27450980 0.27450980 0.29411765
v -0.10599834 -0.86309705 3.00434660 0.27450980 0.27450980 0.29411765
v -0.11355779 -0.86255703 3.02500000 0.27450980 0.27450980 0.29411765
v -0.13382145 -0.84601260 2.99819179 0.27450980 0.27450980 0.29411765
v -0.10566018 -0.85018993 3.00860846 0.27450980 0.27450980 0.29411765
v -0.13649992 -0.83782929 3.00871467 0.27450980 0.27450980 0.29411765
v -0.10833864 -0.84200662 3.01913133 0.27450980 0.27450980 0.29411765
v -0.14117191 -0.83749554 3.02147917 0.27450980 0.27450980 0.29411765
v -0.11301064 -0.84167287 3.03189584 0.27450980 0.27450980 0.29411765
v -0.14605290 -0.84513883 3.03160970 0.27450980 0.27450980 0.29411765
v -0.11789163 -0.84931616 3.04202637 0.27450980 0.27450980 0.29411765
v -0.14927851 -0.85783968 3.03523674 0.27450980 0.27450980 0.29411765
v -0.12111724 -0.86201701 3.04565340 0.27450980 0.27450980 0.29411765
v -0.14961667 -0.87074680 3.03097487 0.27450980 0.27450980 0.29411765
v -0.12145539 -0.87492413 3.04139154 0.27450980 0.27450980 0.29411765
v -0.14693821 -0.87893011 3.02045200 0.27450980 0.27450980 0.29411765
v -0.11877693 -0.88310744 3.03086867 0.27450980 0.27450980 0.29411765
v -0.14226621 -0.87926386 3.00768749 0.27450980 0.27450980 0.29411765
v -0.11410493 -0.88344119 3.01810416 0.27450980 0.27450980 0.29411765
v -0.13738522 -0.87162057 2.99755696 0.27450980 0.27450980 0.29411765
v -0.10922394 -0.87579790 3.00797363 0.27450980 0.27450980 0.29411765
v -0.11355779 -0.86255703 3.02500000 0.27450980 0.27450980 0.29411765
v -0.10599834 -0.86297677 3.00434380 0.27450980 0.27450980 0.29411765
v -0.07771546 -0.86623045 3.01476047 0.27450980 0.27450980 0.29411765
v -0.08527491 -0.86581071 3.03541667 0.27450980 0.27450980 0.29411765
v -0.10605417 -0.85004239 3.00853550 0.27450980 0.27450980 0.29411765
v -0.07777130 -0.85329608 3.01895217 0.27450980 0.27450980 0.29411765
v -0.10897613 -0.84188818 3.01901608 0.27450980 0.27450980 0.29411765
v -0.08069326 -0.84514187 3.02943275 0.27450980 0.27450980 0.29411765
v -0.11364813 -0.84162877 3.03178231 0.27450980 0.27450980 0.29411765
v -0.08536526 -0.84488245 3.04219898 0.27450980 0.27450980 0.29411765
v -0.11828562 -0.84936324 3.04195793 0.27450980 0.27450980 0.29411765
v -0.09000275 -0.85261692 3.05237460 0.27450980 0.27450980 0.29411765
v -0.12111724 -0.86213729 3.04565620 0.27450980 0.27450980 0.29411765
v -0.09283436 -0.86539097 3.05607286 0.27450980 0.27450980 0.29411765
v -0.12106140 -0.87507166 3.04146450 0.27450980 0.27450980 0.29411765
v -0.09277853 -0.87832535 3.05188116 0.27450980 0.27450980 0.29411765
v -0.11813944 -0.88322587 3.03098392 0.27450980 0.27450980 0.29411765
v -0.08985657 -0.88647956 3.04140059 0.27450980 0.27450980 0.29411765
v -0.11346744 -0.88348529 3.01821769 0.27450980 0.27450980 0.29411765
v -0.08518457 -0.88673897 3.02863435 0.27450980 0.27450980 0.29411765
v -0.10882995 -0.87575082 3.00804207 0.27450980 0.27450980 0.29411765
v -0.08054708 -0.87900450 3.01845873 0.27450980 0.27450980 0.29411765
v -0.08527491 -0.86581071 3.03541667 0.27450980 0.27450980 0.29411765
v -0.07771546 -0.86611038 3.01475838 0.27450980 0.27450980 0.29411765
v -0.04934127 -0.86843693 3.02517504 0.27450980 0.27450980 0.29411765
v -0.05690072 -0.86813726 3.04583333 0.27450980 0.27450980 0.29411765
v -0.07816677 -0.85316122 3.01887990 0.27450980 0.27450980 0.29411765
v -0.04979258 -0.85548777 3.02929657 0.27450980 0.27450980 0.29411765
v -0.08133315 -0.84504373 3.02931791 0.27450980 0.27450980 0.29411765
v -0.05295896 -0.84737028 3.03973457 0.27450980 0.27450980 0.29411765
v -0.08600515 -0.84485852 3.04208543 0.27450980 0.27450980 0.29411765
v -0.05763096 -0.84718507 3.05250210 0.27450980 0.27450980 0.29411765
v -0.09039822 -0.85267634 3.05230571 0.27450980 0.27450980 0.29411765
v -0.06202403 -0.85500289 3.06272238 0.27450980 0.27450980 0.29411765
v -0.09283436 -0.86551104 3.05607496 0.27450980 0.27450980 0.29411765
v -0.06446017 -0.86783759 3.06649162 0.27450980 0.27450980 0.29411765
v -0.09238305 -0.87846021 3.05195343 0.27450980 0.27450980 0.29411765
v -0.06400886 -0.88078676 3.06237010 0.27450980 0.27450980 0.29411765
v -0.08921667 -0.88657770 3.04151543 0.27450980 0.27450980 0.29411765
v -0.06084248 -0.88890425 3.05193209 0.27450980 0.27450980 0.29411765
v -0.08454467 -0.88676290 3.02874790 0.27450980 0.27450980 0.29411765
v -0.05617048 -0.88908945 3.03916457 0.27450980 0.27450980 0.29411765
v -0.08015160 -0.87894508 3.01852762 0.27450980 0.27450980 0.29411765
v -0.05177741 -0.88127164 3.02894429 0.27450980 0.27450980 0.29411765
v -0.05690072 -0.86813726 3.04583333 0.27450980 0.27450980 0.29411765
v -0.04934127 -0.86831701 3.02517365 0.27450980 0.27450980 0.29411765
v -0.02090615 -0.86971393 3.03559032 0.27450980 0.27450980 0.29411765
v -0.02846560 -0.86953419 3.05625000 0.27450980 0.27450980 0.29411765
v -0.05018912 -0.85536557 3.02922495 0.27450980 0.27450980 0.29411765
v -0.02175400 -0.85676250 3.03964162 0.27450980 0.27450980 0.29411765
v -0.05360058 -0.84729249 3.03962009 0.27450980 0.27450980 0.29411765
v -0.02516546 -0.84868942 3.05003675 0.27450980 0.27450980 0.29411765
v -0.05827258 -0.84718140 3.05238847 0.27450980 0.27450980 0.29411765
v -0.02983746 -0.84857833 3.06280514 0.27450980 0.27450980 0.29411765
v -0.06242057 -0.85507474 3.06265302 0.27450980 0.27450980 0.29411765
v -0.03398545 -0.85647167 3.07306968 0.27450980 0.27450980 0.29411765
v -0.06446017 -0.86795752 3.06649301 0.27450980 0.27450980 0.29411765
v -0.03602505 -0.86935445 3.07690968 0.27450980 0.27450980 0.29411765
v -0.06361232 -0.88090895 3.06244172 0.27450980 0.27450980 0.29411765
v -0.03517720 -0.88230588 3.07285838 0.27450980 0.27450980 0.29411765
v -0.06020087 -0.88898204 3.05204658 0.27450980 0.27450980 0.29411765
v -0.03176574 -0.89037897 3.06246325 0.27450980 0.27450980 0.29411765
v -0.05552887 -0.88909313 3.03927819 0.27450980 0.27450980 0.29411765
v -0.02709375 -0.89049005 3.04969486 0.27450980 0.27450980 0.29411765
v -0.05138087 -0.88119979 3.02901365 0.27450980 0.27450980 0.29411765
v -0.02294575 -0.88259671 3.03943032 0.27450980 0.27450980 0.29411765
v -0.02846560 -0.86953419 3.05625000 0.27450980 0.27450980 0.29411765
v -0.02090615 -0.86959410 3.03558962 0.27450980 0.27450980 0.29411765
v 0.00755945 -0.87005990 3.04600629 0.27450980 0.27450980 0.29411765
v -0.00000000 -0.87000000 3.06666667 0.27450980 0.27450980 0.29411765
v -0.02215118 -0.85665295 3.03957062 0.27450980 0.27450980 0.29411765
v 0.00631442 -0.85711876 3.04998728 0.27450980 0.27450980 0.29411765
v -0.02580811 -0.84863201 3.04992257 0.27450980 0.27450980 0.29411765
v 0.00265750 -0.84909782 3.06033923 0.27450980 0.27450980 0.29411765
v -0.03048010 -0.84859498 3.06269138 0.27450980 0.27450980 0.29411765
v -0.00201450 -0.84906079 3.07310805 0.27450980 0.27450980 0.29411765
v -0.03438263 -0.85655603 3.07299981 0.27450980 0.27450980 0.29411765
v -0.00591703 -0.85702183 3.08341647 0.27450980 0.27450980 0.29411765
v -0.03602505 -0.86947429 3.07691038 0.27450980 0.27450980 0.29411765
v -0.00755945 -0.86994010 3.08732704 0.27450980 0.27450980 0.29411765
v -0.03478002 -0.88241543 3.07292938 0.27450980 0.27450980 0.29411765
v -0.00631442 -0.88288124 3.08334605 0.27450980 0.27450980 0.29411765
v -0.03112310 -0.89043638 3.06257743 0.27450980 0.27450980 0.29411765
v -0.00265750 -0.89090218 3.07299410 0.27450980 0.27450980 0.29411765
v -0.02645110 -0.89047340 3.04980862 0.27450980 0.27450980 0.29411765
v 0.00201450 -0.89093921 3.06022529 0.27450980 0.27450980 0.29411765
v -0.02254857 -0.88251236 3.03950019 0.27450980 0.27450980 0.29411765
v 0.00591703 -0.88297817 3.04991686 0.27450980 0.27450980 0.29411765
v -0.00000000 -0.87000000 3.06666667 0.27450980 0.27450980 0.29411765
v 0.00755945 -0.86994010 3.04600629 0.27450980 0.27450980 0.29411765
v 0.03602505 -0.86947429 3.05642296 0.27450980 0.27450980 0.29411765
v 0.02846560 -0.86953419 3.07708333 0.27450980 0.27450980 0.29411765
v 0.00591703 -0.85702183 3.04991686 0.27450980 0.27450980 0.29411765
v 0.03438263 -0.85655603 3.06033353 0.27450980 0.27450980 0.29411765
v 0.00201450 -0.84906079 3.06022529 0.27450980 0.27450980 0.29411765
v 0.03048010 -0.84859498 3.07064195 0.27450980 0.27450980 0.29411765
v -0.00265750 -0.84909782 3.07299410 0.27450980 0.27450980 0.29411765
v 0.02580811 -0.84863201 3.08341077 0.27450980 0.27450980 0.29411765
v -0.00631442 -0.85711876 3.08334605 0.27450980 0.27450980 0.29411765
v 0.02215118 -0.85665295 3.09376272 0.27450980 0.27450980 0.29411765
v -0.00755945 -0.87005990 3.08732704 0.27450980 0.27450980 0.29411765
v 0.02090615 -0.86959410 3.09774371 0.27450980 0.27450980 0.29411765
v -0.00591703 -0.88297817 3.08341647 0.27450980 0.27450980 0.29411765
v 0.02254857 -0.88251236 3.09383314 0.27450980 0.27450980 0.29411765
v -0.00201450 -0.89093921 3.07310805 0.27450980 0.27450980 0.29411765
v 0.02645110 -0.89047340 3.08352471 0.27450980 0.27450980 0.29411765
v 0.00265750 -0.89090218 3.06033923 0.27450980 0.27450980 0.29411765
v 0.03112310 -0.89043638 3.07075590 0.27450980 0.27450980 0.29411765
v 0.00631442 -0.88288124 3.04998728 0.27450980 0.27450980 0.29411765
v 0.03478002 -0.88241543 3.06040395 0.27450980 0.27450980 0.29411765
v 0.02846560 -0.86953419 3.07708333 0.27450980 0.27450980 0.29411765
v 0.03602505 -0.86935445 3.05642365 0.27450980 0.27450980 0.29411765
v 0.06446017 -0.86795752 3.06684032 0.27450980 0.27450980 0.29411765
v 0.05690072 -0.86813726 3.08750000 0.27450980 0.27450980 0.29411765
v 0.03398545 -0.85647167 3.06026365 0.27450980 0.27450980 0.29411765
v 0.06242057 -0.85507474 3.07068032 0.27450980 0.27450980 0.29411765
v 0.02983746 -0.84857833 3.07052819 0.27450980 0.27450980 0.29411765
v 0.05827258 -0.84718140 3.08094486 0.27450980 0.27450980 0.29411765
v 0.02516546 -0.84868942 3.08329658 0.27450980 0.27450980 0.29411765
v 0.05360058 -0.84729249 3.09371325 0.27450980 0.27450980 0.29411765
v 0.02175400 -0.85676250 3.09369172 0.27450980 0.27450980 0.29411765
v 0.05018912 -0.85536557 3.10410838 0.27450980 0.27450980 0.29411765
v 0.02090615 -0.86971393 3.09774301 0.27450980 0.27450980 0.29411765
v 0.04934127 -0.86831701 3.10815968 0.27450980 0.27450980 0.29411765
v 0.02294575 -0.88259671 3.09390302 0.27450980 0.27450980 0.29411765
v 0.05138087 -0.88119979 3.10431968 0.27450980 0.27450980 0.29411765
v 0.02709375 -0.89049005 3.08363847 0.27450980 0.27450980 0.29411765
v 0.05552887 -0.88909313 3.09405514 0.27450980 0.27450980 0.29411765
v 0.03176574 -0.89037897 3.07087009 0.27450980 0.27450980 0.29411765
v 0.06020087 -0.88898204 3.08128675 0.27450980 0.27450980 0.29411765
v 0.03517720 -0.88230588 3.06047495 0.27450980 0.27450980 0.29411765
v 0.06361232 -0.88090895 3.07089162 0.27450980 0.27450980 0.29411765
v 0.05690072 -0.86813726 3.08750000 0.27450980 0.27450980 0.29411765
v 0.06446017 -0.86783759 3.06684171 0.27450980 0.27450980 0.29411765
v 0.09283436 -0.86551104 3.07725838 0.27450980 0.27450980 0.29411765
v 0.08527491 -0.86581071 3.09791667 0.27450980 0.27450980 0.29411765
v 0.06202403 -0.85500289 3.07061095 0.27450980 0.27450980 0.29411765
v 0.09039822 -0.85267634 3.08102762 0.27450980 0.27450980 0.29411765
v 0.05763096 -0.84718507 3.08083123 0.27450980 0.27450980 0.29411765
v 0.08600515 -0.84485852 3.09124790 0.27450980 0.27450980 0.29411765
v 0.05295896 -0.84737028 3.09359876 0.27450980 0.27450980 0.29411765
v 0.08133315 -0.84504373 3.10401543 0.27450980 0.27450980 0.29411765
v 0.04979258 -0.85548777 3.10403677 0.27450980 0.27450980 0.29411765
v 0.07816677 -0.85316122 3.11445343 0.27450980 0.27450980 0.29411765
v 0.04934127 -0.86843693 3.10815829 0.27450980 0.27450980 0.29411765
v 0.07771546 -0.86611038 3.11857496 0.27450980 0.27450980 0.29411765
v 0.05177741 -0.88127164 3.10438905 0.27450980 0.27450980 0.29411765
v 0.08015160 -0.87894508 3.11480571 0.27450980 0.27450980 0.29411765
v 0.05617048 -0.88908945 3.09416877 0.27450980 0.27450980 0.29411765
v 0.08454467 -0.88676290 3.10458543 0.27450980 0.27450980 0.29411765
v 0.06084248 -0.88890425 3.08140124 0.27450980 0.27450980 0.29411765
v 0.08921667 -0.88657770 3.09181791 0.27450980 0.27450980 0.29411765
v 0.06400886 -0.88078676 3.07096323 0.27450980 0.27450980 0.29411765
v 0.09238305 -0.87846021 3.08137990 0.27450980 0.27450980 0.29411765
v 0.08527491 -0.86581071 3.09791667 0.27450980 0.27450980 0.29411765
v 0.09283436 -0.86539097 3.07726047 0.27450980 0.27450980 0.29411765
v 0.12111724 -0.86213729 3.08767714 0.27450980 0.27450980 0.29411765
v 0.11355779 -0.86255703 3.10833333 0.27450980 0.27450980 0.29411765
v 0.09000275 -0.85261692 3.08095873 0.27450980 0.27450980 0.29411765
v 0.11828562 -0.84936324 3.09137540 0.27450980 0.27450980 0.29411765
v 0.08536526 -0.84488245 3.09113435 0.27450980 0.27450980 0.29411765
v 0.11364813 -0.84162877 3.10155102 0.27450980 0.27450980 0.29411765
v 0.08069326 -0.84514187 3.10390059 0.27450980 0.27450980 0.29411765
v 0.10897613 -0.84188818 3.11431725 0.27450980 0.27450980 0.29411765
v 0.07777130 -0.85329608 3.11438116 0.27450980 0.27450980 0.29411765
v 0.10605417 -0.85004239 3.12479783 0.27450980 0.27450980 0.29411765
v 0.07771546 -0.86623045 3.11857286 0.27450980 0.27450980 0.29411765
v 0.10599834 -0.86297677 3.12898953 0.27450980 0.27450980 0.29411765
v 0.08054708 -0.87900450 3.11487460 0.27450980 0.27450980 0.29411765
v 0.10882995 -0.87575082 3.12529127 0.27450980 0.27450980 0.29411765
v 0.08518457 -0.88673897 3.10469898 0.27450980 0.27450980 0.29411765
v 0.11346744 -0.88348529 3.11511565 0.27450980 0.27450980 0.29411765
v 0.08985657 -0.88647956 3.09193275 0.27450980 0.27450980 0.29411765
v 0.11813944 -0.88322587 3.10234941 0.27450980 0.27450980 0.29411765
v 0.09277853 -0.87832535 3.08145217 0.27450980 0.27450980 0.29411765
v 0.12106140 -0.87507166 3.09186884 0.27450980 0.27450980 0.29411765
v 0.11355779 -0.86255703 3.10833333 0.27450980 0.27450980 0.29411765
v 0.12111724 -0.86201701 3.08767993 0.27450980 0.27450980 0.29411765
v 0.14927851 -0.85783968 3.09809660 0.27450980 0.27450980 0.29411765
v 0.14171906 -0.85837970 3.11875000 0.27450980 0.27450980 0.29411765
v 0.11789163 -0.84931616 3.09130696 0.27450980 0.27450980 0.29411765
v 0.14605290 -0.84513883 3.10172363 0.27450980 0.27450980 0.29411765
v 0.11301064 -0.84167287 3.10143749 0.27450980 0.27450980 0.29411765
v 0.14117191 -0.83749554 3.11185416 0.27450980 0.27450980 0.29411765
v 0.10833864 -0.84200662 3.11420200 0.27450980 0.27450980 0.29411765
v 0.13649992 -0.83782929 3.12461867 0.27450980 0.27450980 0.29411765
v 0.10566018 -0.85018993 3.12472487 0.27450980 0.27450980 0.29411765
v 0.13382145 -0.84601260 3.13514154 0.27450980 0.27450980 0.29411765
v 0.10599834 -0.86309705 3.12898674 0.27450980 0.27450980 0.29411765
v 0.13415961 -0.85891972 3.13940340 0.27450980 0.27450980 0.29411765
v 0.10922394 -0.87579790 3.12535970 0.27450980 0.27450980 0.29411765
v 0.13738522 -0.87162057 3.13577637 0.27450980 0.27450980 0.29411765
v 0.11410493 -0.88344119 3.11522917 0.27450980 0.27450980 0.29411765
v 0.14226621 -0.87926386 3.12564584 0.27450980 0.27450980 0.29411765
v 0.11877693 -0.88310744 3.10246467 0.27450980 0.27450980 0.29411765
v 0.14693821 -0.87893011 3.11288133 0.27450980 0.27450980 0.29411765
v 0.12145539 -0.87492413 3.09194179 0.27450980 0.27450980 0.29411765
v 0.14961667 -0.87074680 3.10235846 0.27450980 0.27450980 0.29411765
v 0.14171906 -0.85837970 3.11875000 0.27450980 0.27450980 0.29411765
v 0.14927851 -0.85771914 3.09810010 0.27450980 0.27450980 0.29411765
v 0.17728803 -0.85262264 3.10851677 0.27450980 0.27450980 0.29411765
v 0.16972858 -0.85328319 3.12916667 0.27450980 0.27450980 0.29411765
v 0.14566082 -0.84510399 3.10165562 0.27450980 0.27450980 0.29411765
v 0.17367034 -0.84000748 3.11207228 0.27450980 0.27450980 0.29411765
v 0.14053751 -0.83755970 3.11174060 0.27450980 0.27450980 0.29411765
v 0.16854703 -0.83246320 3.12215727 0.27450980 0.27450980 0.29411765
v 0.13586551 -0.83796795 3.12450294 0.27450980 0.27450980 0.29411765
v 0.16387503 -0.83287144 3.13491961 0.27450980 0.27450980 0.29411765
v 0.13342937 -0.84617279 3.13506785 0.27450980 0.27450980 0.29411765
v 0.16143889 -0.84107628 3.14548452 0.27450980 0.27450980 0.29411765
v 0.13415961 -0.85904026 3.13939990 0.27450980 0.27450980 0.29411765
v 0.16216913 -0.85394375 3.14981657 0.27450980 0.27450980 0.29411765
v 0.13777730 -0.87165541 3.13584438 0.27450980 0.27450980 0.29411765
v 0.16578682 -0.86655891 3.14626105 0.27450980 0.27450980 0.29411765
v 0.14290061 -0.87919970 3.12575940 0.27450980 0.27450980 0.29411765
v 0.17091013 -0.87410319 3.13617606 0.27450980 0.27450980 0.29411765
v 0.14757261 -0.87879145 3.11299706 0.27450980 0.27450980 0.29411765
v 0.17558213 -0.87369495 3.12341372 0.27450980 0.27450980 0.29411765
v 0.15000875 -0.87058661 3.10243215 0.27450980 0.27450980 0.29411765
v 0.17801827 -0.86549010 3.11284881 0.27450980 0.27450980 0.29411765
v 0.16972858 -0.85328319 3.12916667 0.27450980 0.27450980 0.29411765
v 0.17728803 -0.85250178 3.10852099 0.27450980 0.27450980 0.29411765
v 0.20511580 -0.84649155 3.11893765 0.27450980 0.27450980 0.29411765
v 0.19755635 -0.84727297 3.13958333 0.27450980 0.27450980 0.29411765
v 0.17328058 -0.83998475 3.11200466 0.27450980 0.27450980 0.29411765
v 0.20110835 -0.83397453 3.12242132 0.27450980 0.27450980 0.29411765
v 0.16791639 -0.83254728 3.12204363 0.27450980 0.27450980 0.29411765
v 0.19574416 -0.82653705 3.13246030 0.27450980 0.27450980 0.29411765
v 0.16324439 -0.83303022 3.13480336 0.27450980 0.27450980 0.29411765
v 0.19107216 -0.82702000 3.14522003 0.27450980 0.27450980 0.29411765
v 0.16104913 -0.84124911 3.14541007 0.27450980 0.27450980 0.29411765
v 0.18887690 -0.83523889 3.15582673 0.27450980 0.27450980 0.29411765
v 0.16216913 -0.85406461 3.14981235 0.27450980 0.27450980 0.29411765
v 0.18999690 -0.84805439 3.16022901 0.27450980 0.27450980 0.29411765
v 0.16617658 -0.86658164 3.14632868 0.27450980 0.27450980 0.29411765
v 0.19400434 -0.86057142 3.15674534 0.27450980 0.27450980 0.29411765
v 0.17154077 -0.87401911 3.13628970 0.27450980 0.27450980 0.29411765
v 0.19936854 -0.86800889 3.14670637 0.27450980 0.27450980 0.29411765
v 0.17621277 -0.87353617 3.12352997 0.27450980 0.27450980 0.29411765
v 0.20404054 -0.86752595 3.13394664 0.27450980 0.27450980 0.29411765
v 0.17840803 -0.86531728 3.11292327 0.27450980 0.27450980 0.29411765
v 0.20623579 -0.85930706 3.12333993 0.27450980 0.27450980 0.29411765
v 0.19755635 -0.84727297 3.13958333 0.27450980 0.27450980 0.29411765
v 0.20511580 -0.84637031 3.11894260 0.27450980 0.27450980 0.29411765
v 0.23273202 -0.83945281 3.12935927 0.27450980 0.27450980 0.29411765
v 0.22517257 -0.84035547 3.15000000 0.27450980 0.27450980 0.29411765
v 0.20072134 -0.83396377 3.12235406 0.27450980 0.27450980 0.29411765
v 0.22833756 -0.82704627 3.13277072 0.27450980 0.27450980 0.29411765
v 0.19511797 -0.82664089 3.13234651 0.27450980 0.27450980 0.29411765
v 0.22273419 -0.81972339 3.14276318 0.27450980 0.27450980 0.29411765
v 0.19044597 -0.82719877 3.14510319 0.27450980 0.27450980 0.29411765
v 0.21806219 -0.82028126 3.15551986 0.27450980 0.27450980 0.29411765
v 0.18848989 -0.83542431 3.15575147 0.27450980 0.27450980 0.29411765
v 0.21610611 -0.82850680 3.16616813 0.27450980 0.27450980 0.29411765
v 0.18999690 -0.84817563 3.16022407 0.27450980 0.27450980 0.29411765
v 0.21761312 -0.84125813 3.17064073 0.27450980 0.27450980 0.29411765
v 0.19439135 -0.86058217 3.15681261 0.27450980 0.27450980 0.29411765
v 0.22200758 -0.85366467 3.16722928 0.27450980 0.27450980 0.29411765
v 0.19999473 -0.86790505 3.14682015 0.27450980 0.27450980 0.29411765
v 0.22761095 -0.86098755 3.15723682 0.27450980 0.27450980 0.29411765
v 0.20466673 -0.86734718 3.13406348 0.27450980 0.27450980 0.29411765
v 0.23228295 -0.86042967 3.14448014 0.27450980 0.27450980 0.29411765
v 0.20662280 -0.85912164 3.12341520 0.27450980 0.27450980 0.29411765
v 0.23423902 -0.85220413 3.13383187 0.27450980 0.27450980 0.29411765
v 0.22517257 -0.84035547 3.15000000 0.27450980 0.27450980 0.29411765
v 0.23273202 -0.83933112 3.12936495 0.27450980 0.27450980 0.29411765
v 0.26010712 -0.83151374 3.13978161 0.27450980 0.27450980 0.29411765
v 0.25254767 -0.83253809 3.16041667 0.27450980 0.27450980 0.29411765
v 0.22795371 -0.82704733 3.13270379 0.27450980 0.27450980 0.29411765
v 0.25532881 -0.81922996 3.14312046 0.27450980 0.27450980 0.29411765
v 0.22211310 -0.81984680 3.14264920 0.27450980 0.27450980 0.29411765
v 0.24948820 -0.81202942 3.15306587 0.27450980 0.27450980 0.29411765
v 0.21744111 -0.82047988 3.15540237 0.27450980 0.27450980 0.29411765
v 0.24481621 -0.81266251 3.16581903 0.27450980 0.27450980 0.29411765
v 0.21572226 -0.82870476 3.16609201 0.27450980 0.27450980 0.29411765
v 0.24309736 -0.82088739 3.17650868 0.27450980 0.27450980 0.29411765
v 0.21761312 -0.84137982 3.17063505 0.27450980 0.27450980 0.29411765
v 0.24498822 -0.83356244 3.18105172 0.27450980 0.27450980 0.29411765
v 0.22239143 -0.85366361 3.16729621 0.27450980 0.27450980 0.29411765
v 0.24976653 -0.84584623 3.17771287 0.27450980 0.27450980 0.29411765
v 0.22823204 -0.86086414 3.15735080 0.27450980 0.27450980 0.29411765
v 0.25560714 -0.85304676 3.16776746 0.27450980 0.27450980 0.29411765
v 0.23290403 -0.86023105 3.14459763 0.27450980 0.27450980 0.29411765
v 0.26027913 -0.85241368 3.15501430 0.27450980 0.27450980 0.29411765
v 0.23462287 -0.85200617 3.13390799 0.27450980 0.27450980 0.29411765
v 0.26199797 -0.84418880 3.14432466 0.27450980 0.27450980 0.29411765
v 0.25254767 -0.83253809 3.16041667 0.27450980 0.27450980 0.29411765
v 0.26010712 -0.83139155 3.13978804 0.27450980 0.27450980 0.29411765
v 0.28721179 -0.82268267 3.15020471 0.27450980 0.27450980 0.29411765
v 0.27965233 -0.82382921 3.17083333 0.27450980 0.27450980 0.29411765
v 0.25494853 -0.81924268 3.14305384 0.27450980 0.27450980 0.29411765
v 0.28205320 -0.81053380 3.15347051 0.27450980 0.27450980 0.29411765
v 0.24887290 -0.81217220 3.15295164 0.27450980 0.27450980 0.29411765
v 0.27597756 -0.80346332 3.16336831 0.27450980 0.27450980 0.29411765
v 0.24420090 -0.81288080 3.16570084 0.27450980 0.27450980 0.29411765
v 0.27130557 -0.80417192 3.17611750 0.27450980 0.27450980 0.29411765
v 0.24271708 -0.82109782 3.17643165 0.27450980 0.27450980 0.29411765
v 0.26982175 -0.81238894 3.18684832 0.27450980 0.27450980 0.29411765
v 0.24498822 -0.83368463 3.18104529 0.27450980 0.27450980 0.29411765
v 0.27209288 -0.82497575 3.19146196 0.27450980 0.27450980 0.29411765
v 0.25014680 -0.84583351 3.17777949 0.27450980 0.27450980 0.29411765
v 0.27725147 -0.83712463 3.18819616 0.27450980 0.27450980 0.29411765
v 0.25622244 -0.85290398 3.16788169 0.27450980 0.27450980 0.29411765
v 0.28332711 -0.84419510 3.17829836 0.27450980 0.27450980 0.29411765
v 0.26089444 -0.85219538 3.15513250 0.27450980 0.27450980 0.29411765
v 0.28799910 -0.84348650 3.16554916 0.27450980 0.27450980 0.29411765
v 0.26237825 -0.84397836 3.14440168 0.27450980 0.27450980 0.29411765
v 0.28948292 -0.83526948 3.15481835 0.27450980 0.27450980 0.29411765
v 0.27965233 -0.82382921 3.17083333 0.27450980 0.27450980 0.29411765
v 0.28721179 -0.82255991 3.15021190 0.27450980 0.27450980 0.29411765
v 0.31401699 -0.81296885 3.16062857 0.27450980 0.27450980 0.29411765
v 0.30645754 -0.81423816 3.18125000 0.27450980 0.27450980 0.29411765
v 0.28167690 -0.81055799 3.15340417 0.27450980 0.27450980 0.29411765
v 0.30848210 -0.80096694 3.16382083 0.27450980 0.27450980 0.29411765
v 0.27536870 -0.80362523 3.16325378 0.27450980 0.27450980 0.29411765
v 0.30217390 -0.79403418 3.17367045 0.27450980 0.27450980 0.29411765
v 0.27069670 -0.80440970 3.17599853 0.27450980 0.27450980 0.29411765
v 0.29750190 -0.79481865 3.18641520 0.27450980 0.27450980 0.29411765
v 0.26944545 -0.81261177 3.18677035 0.27450980 0.27450980 0.29411765
v 0.29625066 -0.80302071 3.19718701 0.27450980 0.27450980 0.29411765
v 0.27209288 -0.82509851 3.19145477 0.27450980 0.27450980 0.29411765
v 0.29889809 -0.81550746 3.20187143 0.27450980 0.27450980 0.29411765
v 0.27762777 -0.83710043 3.18826250 0.27450980 0.27450980 0.29411765
v 0.30443298 -0.82750937 3.19867917 0.27450980 0.27450980 0.29411765
v 0.28393597 -0.84403319 3.17841289 0.27450980 0.27450980 0.29411765
v 0.31074118 -0.83444214 3.18882955 0.27450980 0.27450980 0.29411765
v 0.28860797 -0.84324872 3.16566814 0.27450980 0.27450980 0.29411765
v 0.31541318 -0.83365766 3.17608480 0.27450980 0.27450980 0.29411765
v 0.28985922 -0.83504666 3.15489632 0.27450980 0.27450980 0.29411765
v 0.31666443 -0.82545560 3.16531299 0.27450980 0.27450980 0.29411765
v 0.30645754 -0.81423816 3.18125000 0.27450980 0.27450980 0.29411765
v 0.31401699 -0.81284546 3.16063653 0.27450980 0.27450980 0.29411765
v 0.34049404 -0.80238250 3.17105320 0.27450980 0.27450980 0.29411765
v 0.33293459 -0.80377519 3.19166667 0.27450980 0.27450980 0.29411765
v 0.30811018 -0.80100241 3.16375475 0.27450980 0.27450980 0.29411765
v 0.33458723 -0.79053945 3.17417142 0.27450980 0.27450980 0.29411765
v 0.30157212 -0.79421496 3.17355556 0.27450980 0.27450980 0.29411765
v 0.32804917 -0.78375200 3.18397222 0.27450980 0.27450980 0.29411765
v 0.29690012 -0.79507570 3.18629538 0.27450980 0.27450980 0.29411765
v 0.32337717 -0.78461273 3.19671205 0.27450980 0.27450980 0.29411765
v 0.29587873 -0.80325584 3.19710804 0.27450980 0.27450980 0.29411765
v 0.32235578 -0.79279287 3.20752471 0.27450980 0.27450980 0.29411765
v 0.29889809 -0.81563085 3.20186347 0.27450980 0.27450980 0.29411765
v 0.32537513 -0.80516789 3.21228014 0.27450980 0.27450980 0.29411765
v 0.30480490 -0.82747390 3.19874525 0.27450980 0.27450980 0.29411765
v 0.33128194 -0.81701094 3.20916192 0.27450980 0.27450980 0.29411765
v 0.31134296 -0.83426135 3.18894444 0.27450980 0.27450980 0.29411765
v 0.33782001 -0.82379839 3.19936111 0.27450980 0.27450980 0.29411765
v 0.31601496 -0.83340062 3.17620462 0.27450980 0.27450980 0.29411765
v 0.34249200 -0.82293765 3.18662128 0.27450980 0.27450980 0.29411765
v 0.31703635 -0.82522048 3.16539196 0.27450980 0.27450980 0.29411765
v 0.34351339 -0.81475751 3.17580862 0.27450980 0.27450980 0.29411765
v 0.33293459 -0.80377519 3.19166667 0.27450980 0.27450980 0.29411765
v 0.34049404 -0.80225841 3.17106196 0.27450980 0.27450980 0.29411765
v 0.36661457 -0.79093475 3.18147862 0.27450980 0.27450980 0.29411765
v 0.35905512 -0.79245153 3.20208333 0.27450980 0.27450980 0.29411765
v 0.33422009 -0.79058599 3.17410556 0.27450980 0.27450980 0.29411765
v 0.36034062 -0.77926232 3.18452223 0.27450980 0.27450980 0.29411765
v 0.32745512 -0.78395139 3.18385692 0.27450980 0.27450980 0.29411765
v 0.35357565 -0.77262772 3.19427358 0.27450980 0.27450980 0.29411765
v 0.32278312 -0.78488881 3.19659133 0.27450980 0.27450980 0.29411765
v 0.34890365 -0.77356514 3.20700799 0.27450980 0.27450980 0.29411765
v 0.32198864 -0.79304019 3.20744469 0.27450980 0.27450980 0.29411765
v 0.34810917 -0.78171652 3.21786135 0.27450980 0.27450980 0.29411765
v 0.32537513 -0.80529197 3.21227138 0.27450980 0.27450980 0.29411765
v 0.35149566 -0.79396831 3.22268804 0.27450980 0.27450980 0.29411765
v 0.33164909 -0.81696440 3.20922777 0.27450980 0.27450980 0.29411765
v 0.35776961 -0.80564074 3.21964444 0.27450980 0.27450980 0.29411765
v 0.33841405 -0.82359900 3.19947642 0.27450980 0.27450980 0.29411765
v 0.36453458 -0.81227533 3.20989308 0.27450980 0.27450980 0.29411765
v 0.34308605 -0.82266158 3.18674201 0.27450980 0.27450980 0.29411765
v 0.36920658 -0.81133791 3.19715867 0.27450980 0.27450980 0.29411765
v 0.34388053 -0.81451020 3.17588865 0.27450980 0.27450980 0.29411765
v 0.37000106 -0.80318653 3.18630531 0.27450980 0.27450980 0.29411765
v 0.35905512 -0.79245153 3.20208333 0.27450980 0.27450980 0.29411765
v 0.36661457 -0.79080990 3.18148819 0.27450980 0.27450980 0.29411765
v 0.39235061 -0.77863766 3.19190486 0.27450980 0.27450980 0.29411765
v 0.38479116 -0.78027929 3.21250000 0.27450980 0.27450980 0.29411765
v 0.35997865 -0.77931970 3.18445659 0.27450980 0.27450980 0.29411765
v 0.38571469 -0.76714745 3.19487326 0.27450980 0.27450980 0.29411765
v 0.35298997 -0.77284541 3.19415780 0.27450980 0.27450980 0.29411765
v 0.37872602 -0.76067316 3.20457447 0.27450980 0.27450980 0.29411765
v 0.34831797 -0.77385999 3.20688630 0.27450980 0.27450980 0.29411765
v 0.37405402 -0.76168775 3.21730297 0.27450980 0.27450980 0.29411765
v 0.34774720 -0.78197591 3.21778022 0.27450980 0.27450980 0.29411765
v 0.37348324 -0.76980367 3.22819689 0.27450980 0.27450980 0.29411765
v 0.35149566 -0.79409316 3.22267847 0.27450980 0.27450980 0.29411765
v 0.37723171 -0.78192091 3.23309514 0.27450980 0.27450980 0.29411765
v 0.35813158 -0.80558336 3.21971008 0.27450980 0.27450980 0.29411765
v 0.38386763 -0.79341112 3.23012674 0.27450980 0.27450980 0.29411765
v 0.36512026 -0.81205765 3.21000886 0.27450980 0.27450980 0.29411765
v 0.39085631 -0.79988541 3.22042553 0.27450980 0.27450980 0.29411765
v 0.36979226 -0.81104307 3.19728037 0.27450980 0.27450980 0.29411765
v 0.39552830 -0.79887082 3.20769703 0.27450980 0.27450980 0.29411765
v 0.37036303 -0.80292715 3.18638644 0.27450980 0.27450980 0.29411765
v 0.39609908 -0.79075490 3.19680311 0.27450980 0.27450980 0.29411765
v 0.38479116 -0.78027929 3.21250000 0.27450980 0.27450980 0.29411765
v 0.39235061 -0.77851198 3.19191527 0.27450980 0.27450980 0.29411765
v 0.41767461 -0.76550419 3.20233193 0.27450980 0.27450980 0.29411765
v 0.41011516 -0.76727150 3.22291667 0.27450980 0.27450980 0.29411765
v 0.38535828 -0.76721542 3.19480780 0.27450980 0.27450980 0.29411765
v 0.41068228 -0.75420764 3.20522447 0.27450980 0.27450980 0.29411765
v 0.37814933 -0.76090882 3.20445816 0.27450980 0.27450980 0.29411765
v 0.40347333 -0.74790104 3.21487482 0.27450980 0.27450980 0.29411765
v 0.37347734 -0.76200108 3.21718022 0.27450980 0.27450980 0.29411765
v 0.39880134 -0.74899329 3.22759689 0.27450980 0.27450980 0.29411765
v 0.37312683 -0.77007499 3.22811460 0.27450980 0.27450980 0.29411765
v 0.39845083 -0.75706720 3.23853127 0.27450980 0.27450980 0.29411765
v 0.37723171 -0.78204659 3.23308473 0.27450980 0.27450980 0.29411765
v 0.40255571 -0.76903881 3.24350140 0.27450980 0.27450980 0.29411765
v 0.38422404 -0.79334315 3.23019220 0.27450980 0.27450980 0.29411765
v 0.40954804 -0.78033536 3.24060886 0.27450980 0.27450980 0.29411765
v 0.39143299 -0.79964975 3.22054184 0.27450980 0.27450980 0.29411765
v 0.41675699 -0.78664196 3.23095851 0.27450980 0.27450980 0.29411765
v 0.39610499 -0.79855749 3.20781978 0.27450980 0.27450980 0.29411765
v 0.42142899 -0.78554971 3.21823644 0.27450980 0.27450980 0.29411765
v 0.39645549 -0.79048358 3.19688540 0.27450980 0.27450980 0.29411765
v 0.42177949 -0.77747580 3.20730206 0.27450980 0.27450980 0.29411765
v 0.41011516 -0.76727150 3.22291667 0.27450980 0.27450980 0.29411765
v 0.41767461 -0.76537761 3.20234319 0.27450980 0.27450980 0.29411765
v 0.44255945 -0.75154822 3.21275986 0.27450980 0.27450980 0.29411765
v 0.43500000 -0.75344210 3.23333333 0.27450980 0.27450980 0.29411765
v 0.41033182 -0.75428595 3.20515918 0.27450980 0.27450980 0.29411765
v 0.43521666 -0.74045655 3.21557584 0.27450980 0.27450980 0.29411765
v 0.40290627 -0.74815432 3.21475792 0.27450980 0.27450980 0.29411765
v 0.42779110 -0.73432492 3.22517459 0.27450980 0.27450980 0.29411765
v 0.39823427 -0.74932480 3.22747303 0.27450980 0.27450980 0.29411765
v 0.42311911 -0.73549540 3.23788969 0.27450980 0.27450980 0.29411765
v 0.39810037 -0.75735032 3.23844776 0.27450980 0.27450980 0.29411765
v 0.42298521 -0.74352092 3.24886443 0.27450980 0.27450980 0.29411765
v 0.40255571 -0.76916539 3.24349014 0.27450980 0.27450980 0.29411765
v 0.42744055 -0.75533599 3.25390681 0.27450980 0.27450980 0.29411765
v 0.40989851 -0.78025705 3.24067416 0.27450980 0.27450980 0.29411765
v 0.43478334 -0.76642766 3.25109082 0.27450980 0.27450980 0.29411765
v 0.41732406 -0.78638868 3.23107541 0.27450980 0.27450980 0.29411765
v 0.44220890 -0.77255928 3.24149208 0.27450980 0.27450980 0.29411765
v 0.42199605 -0.78521820 3.21836031 0.27450980 0.27450980 0.29411765
v 0.44688089 -0.77138880 3.22877697 0.27450980 0.27450980 0.29411765
v 0.42212996 -0.77719268 3.20738557 0.27450980 0.27450980 0.29411765
v 0.44701479 -0.76336328 3.21780224 0.27450980 0.27450980 0.29411765
v 0.43500000 -0.75344210 3.23333333 0.27450980 0.27450980 0.29411765
v 0.44255945 -0.75142067 3.21277200 0.27450980 0.27450980 0.29411765
v 0.46697848 -0.73678447 3.22318866 0.27450980 0.27450980 0.29411765
v 0.45941903 -0.73880590 3.24375000 0.27450980 0.27450980 0.29411765
v 0.43487250 -0.74054492 3.21551070 0.27450980 0.27450980 0.29411765
v 0.45929153 -0.72590872 3.22592736 0.27450980 0.27450980 0.29411765
v 0.42723426 -0.73459545 3.22505703 0.27450980 0.27450980 0.29411765
v 0.45165329 -0.71995925 3.23547370 0.27450980 0.27450980 0.29411765
v 0.42256226 -0.73584477 3.23776464 0.27450980 0.27450980 0.29411765
v 0.44698129 -0.72120856 3.24818131 0.27450980 0.27450980 0.29411765
v 0.42264106 -0.74381567 3.24877963 0.27450980 0.27450980 0.29411765
v 0.44706009 -0.72917946 3.25919630 0.27450980 0.27450980 0.29411765
v 0.42744055 -0.75546353 3.25389467 0.27450980 0.27450980 0.29411765
v 0.45185958 -0.74082733 3.26431134 0.27450980 0.27450980 0.29411765
v 0.43512750 -0.76633928 3.25115597 0.27450980 0.27450980 0.29411765
v 0.45954653 -0.75170308 3.26157264 0.27450980 0.27450980 0.29411765
v 0.44276574 -0.77228875 3.24160963 0.27450980 0.27450980 0.29411765
v 0.46718477 -0.75765255 3.25202630 0.27450980 0.27450980 0.29411765
v 0.44743774 -0.77103943 3.22890203 0.27450980 0.27450980 0.29411765
v 0.47185677 -0.75640323 3.23931869 0.27450980 0.27450980 0.29411765
v 0.44735894 -0.76306854 3.21788703 0.27450980 0.27450980 0.29411765
v 0.47177797 -0.74843233 3.22830370 0.27450980 0.27450980 0.29411765
v 0.45941903 -0.73880590 3.24375000 0.27450980 0.27450980 0.29411765
v 0.46697848 -0.73665588 3.22320171 0.27450980 0.27450980 0.29411765
v 0.49090555 -0.72122854 3.23361838 0.27450980 0.27450980 0.29411765
v 0.48334610 -0.72337856 3.25416667 0.27450980 0.27450980 0.29411765
v 0.45895407 -0.72600686 3.22586234 0.27450980 0.27450980 0.29411765
v 0.48288114 -0.71057953 3.23627900 0.27450980 0.27450980 0.29411765
v 0.45110726 -0.72024665 3.23535544 0.27450980 0.27450980 0.29411765
v 0.47503433 -0.70481931 3.24577210 0.27450980 0.27450980 0.29411765
v 0.44643526 -0.72157544 3.24805498 0.27450980 0.27450980 0.29411765
v 0.47036233 -0.70614810 3.25847164 0.27450980 0.27450980 0.29411765
v 0.44672262 -0.72948567 3.25911016 0.27450980 0.27450980 0.29411765
v 0.47064969 -0.71405834 3.26952683 0.27450980 0.27450980 0.29411765
v 0.45185958 -0.74095592 3.26429829 0.27450980 0.27450980 0.29411765
v 0.47578665 -0.72552858 3.27471495 0.27450980 0.27450980 0.29411765
v 0.45988399 -0.75160493 3.26163766 0.27450980 0.27450980 0.29411765
v 0.48381106 -0.73617760 3.27205433 0.27450980 0.27450980 0.29411765
v 0.46773080 -0.75736515 3.25214456 0.27450980 0.27450980 0.29411765
v 0.49165788 -0.74193781 3.26256123 0.27450980 0.27450980 0.29411765
v 0.47240280 -0.75603636 3.23944502 0.27450980 0.27450980 0.29411765
v 0.49632987 -0.74060903 3.24986169 0.27450980 0.27450980 0.29411765
v 0.47211544 -0.74812612 3.22838984 0.27450980 0.27450980 0.29411765
v 0.49604251 -0.73269879 3.23880650 0.27450980 0.27450980 0.29411765
v 0.48334610 -0.72337856 3.25416667 0.27450980 0.27450980 0.29411765
v 0.49090555 -0.72109883 3.23363237 0.27450980 0.27450980 0.29411765
v 0.51431505 -0.70489689 3.24404903 0.27450980 0.27450980 0.29411765
v 0.50675560 -0.70717662 3.26458333 0.27450980 0.27450980 0.29411765
v 0.48255072 -0.71068715 3.23621408 0.27450980 0.27450980 0.29411765
v 0.50596022 -0.69448521 3.24663074 0.27450980 0.27450980 0.29411765
v 0.47449970 -0.70512316 3.24565307 0.27450980 0.27450980 0.29411765
v 0.49790919 -0.68892121 3.25606973 0.27450980 0.27450980 0.29411765
v 0.46982770 -0.70653211 3.25834396 0.27450980 0.27450980 0.29411765
v 0.49323720 -0.69033016 3.26876063 0.27450980 0.27450980 0.29411765
v 0.47031927 -0.71437583 3.26943927 0.27450980 0.27450980 0.29411765
v 0.49372877 -0.69817388 3.27985594 0.27450980 0.27450980 0.29411765
v 0.47578665 -0.72565829 3.27470097 0.27450980 0.27450980 0.29411765
v 0.49919614 -0.70945634 3.28511763 0.27450980 0.27450980 0.29411765
v 0.48414148 -0.73606997 3.27211926 0.27450980 0.27450980 0.29411765
v 0.50755098 -0.71986803 3.28253592 0.27450980 0.27450980 0.29411765
v 0.49219250 -0.74163397 3.26268027 0.27450980 0.27450980 0.29411765
v 0.51560200 -0.72543202 3.27309693 0.27450980 0.27450980 0.29411765
v 0.49686450 -0.74022502 3.24998937 0.27450980 0.27450980 0.29411765
v 0.52027400 -0.72402307 3.26040604 0.27450980 0.27450980 0.29411765
v 0.49637293 -0.73238129 3.23889406 0.27450980 0.27450980 0.29411765
v 0.51978242 -0.71617935 3.24931073 0.27450980 0.27450980 0.29411765
v 0.50675560 -0.70717662 3.26458333 0.27450980 0.27450980 0.29411765
v 0.51431505 -0.70476599 3.24406399 0.27450980 0.27450980 0.29411765
v 0.53718189 -0.68780678 3.25448065 0.27450980 0.27450980 0.29411765
v 0.52962244 -0.69021741 3.27500000 0.27450980 0.27450980 0.29411765
v 0.50563720 -0.69460199 3.24656590 0.27450980 0.27450980 0.29411765
v 0.52850405 -0.67764278 3.25698257 0.27450980 0.27450980 0.29411765
v 0.49738654 -0.68924107 3.25594986 0.27450980 0.27450980 0.29411765
v 0.52025339 -0.67228186 3.26636653 0.27450980 0.27450980 0.29411765
v 0.49271454 -0.69073092 3.26863152 0.27450980 0.27450980 0.29411765
v 0.51558139 -0.67377171 3.27904818 0.27450980 0.27450980 0.29411765
v 0.49340575 -0.69850247 3.27976690 0.27450980 0.27450980 0.29411765
v 0.51627260 -0.68154326 3.29018357 0.27450980 0.27450980 0.29411765
v 0.49919614 -0.70958724 3.28510268 0.27450980 0.27450980 0.29411765
v 0.52206299 -0.69262804 3.29551935 0.27450980 0.27450980 0.29411765
v 0.50787399 -0.71975125 3.28260077 0.27450980 0.27450980 0.29411765
v 0.53074084 -0.70279204 3.29301743 0.27450980 0.27450980 0.29411765
v 0.51612465 -0.72511217 3.27321680 0.27450980 0.27450980 0.29411765
v 0.53899150 -0.70815296 3.28363347 0.27450980 0.27450980 0.29411765
v 0.52079665 -0.72362232 3.26053515 0.27450980 0.27450980 0.29411765
v 0.54366350 -0.70666311 3.27095182 0.27450980 0.27450980 0.29411765
v 0.52010544 -0.71585077 3.24939977 0.27450980 0.27450980 0.29411765
v 0.54297229 -0.69889156 3.25981643 0.27450980 0.27450980 0.29411765
v 0.52962244 -0.69021741 3.27500000 0.27450980 0.27450980 0.29411765
v 0.53718189 -0.68767460 3.25449661 0.27450980 0.27450980 0.29411765
v 0.55948161 -0.66997629 3.26491328 0.27450980 0.27450980 0.29411765
v 0.55192216 -0.67251909 3.28541667 0.27450980 0.27450980 0.29411765
v 0.52818877 -0.67776838 3.25691779 0.27450980 0.27450980 0.29411765
v 0.55048849 -0.66007007 3.26733446 0.27450980 0.27450980 0.29411765
v 0.51974327 -0.67261726 3.26624576 0.27450980 0.27450980 0.29411765
v 0.54204298 -0.65491895 3.27666242 0.27450980 0.27450980 0.29411765
v 0.51507127 -0.67418880 3.27891754 0.27450980 0.27450980 0.29411765
v 0.53737098 -0.65649049 3.28933421 0.27450980 0.27450980 0.29411765
v 0.51595733 -0.68188272 3.29009297 0.27450980 0.27450980 0.29411765
v 0.53825704 -0.66418441 3.30050963 0.27450980 0.27450980 0.29411765
v 0.52206299 -0.69276021 3.29550339 0.27450980 0.27450980 0.29411765
v 0.54436271 -0.67506190 3.30592005 0.27450980 0.27450980 0.29411765
v 0.53105611 -0.70266643 3.29308221 0.27450980 0.27450980 0.29411765
v 0.55335583 -0.68496812 3.30349888 0.27450980 0.27450980 0.29411765
v 0.53950162 -0.70781755 3.28375424 0.27450980 0.27450980 0.29411765
v 0.56180133 -0.69011924 3.29417091 0.27450980 0.27450980 0.29411765
v 0.54417362 -0.70624601 3.27108246 0.27450980 0.27450980 0.29411765
v 0.56647333 -0.68854770 3.28149912 0.27450980 0.27450980 0.29411765
v 0.54328756 -0.69855209 3.25990703 0.27450980 0.27450980 0.29411765
v 0.56558728 -0.68085378 3.27032370 0.27450980 0.27450980 0.29411765
v 0.55192216 -0.67251909 3.28541667 0.27450980 0.27450980 0.29411765
v 0.55948161 -0.66984276 3.26493028 0.27450980 0.27450980 0.29411765
v 0.58119031 -0.65142430 3.27534695 0.27450980 0.27450980 0.29411765
v 0.57363086 -0.65410063 3.29583333 0.27450980 0.27450980 0.29411765
v 0.55018130 -0.66020415 3.26726972 0.27450980 0.27450980 0.29411765
v 0.57189000 -0.64178569 3.27768639 0.27450980 0.27450980 0.29411765
v 0.54154594 -0.65526943 3.27654068 0.27450980 0.27450980 0.29411765
v 0.56325464 -0.63685096 3.28695735 0.27450980 0.27450980 0.29411765
v 0.53687394 -0.65692349 3.28920196 0.27450980 0.27450980 0.29411765
v 0.55858265 -0.63850503 3.29961863 0.27450980 0.27450980 0.29411765
v 0.53794985 -0.66453455 3.30041739 0.27450980 0.27450980 0.29411765
v 0.55965855 -0.64611609 3.31083406 0.27450980 0.27450980 0.29411765
v 0.54436271 -0.67519543 3.30590305 0.27450980 0.27450980 0.29411765
v 0.56607141 -0.65677697 3.31631972 0.27450980 0.27450980 0.29411765
v 0.55366301 -0.68483404 3.30356361 0.27450980 0.27450980 0.29411765
v 0.57537171 -0.66641558 3.31398028 0.27450980 0.27450980 0.29411765
v 0.56229837 -0.68976876 3.29429265 0.27450980 0.27450980 0.29411765
v 0.58400707 -0.67135030 3.30470932 0.27450980 0.27450980 0.29411765
v 0.56697037 -0.68811470 3.28163137 0.27450980 0.27450980 0.29411765
v 0.58867907 -0.66969623 3.29204804 0.27450980 0.27450980 0.29411765
v 0.56589446 -0.68050364 3.27041594 0.27450980 0.27450980 0.29411765
v 0.58760316 -0.66208518 3.28083261 0.27450980 0.27450980 0.29411765
v 0.57363086 -0.65410063 3.29583333 0.27450980 0.27450980 0.29411765
v 0.58119031 -0.65128933 3.27536503 0.27450980 0.27450980 0.29411765
v 0.60228475 -0.63217044 3.28578170 0.27450980 0.27450980 0.29411765
v 0.59472530 -0.63498174 3.30625000 0.27450980 0.27450980 0.29411765
v 0.57159123 -0.64192788 3.27762169 0.27450980 0.27450980 0.29411765
v 0.59268567 -0.62280899 3.28803835 0.27450980 0.27450980 0.29411765
v 0.56277122 -0.63721601 3.28683457 0.27450980 0.27450980 0.29411765
v 0.58386566 -0.61809712 3.29725124 0.27450980 0.27450980 0.29411765
v 0.55809922 -0.63895349 3.29948468 0.27450980 0.27450980 0.29411765
v 0.57919366 -0.61983460 3.30990134 0.27450980 0.27450980 0.29411765
v 0.55935978 -0.64647667 3.31074009 0.27450980 0.27450980 0.29411765
v 0.58045422 -0.62735778 3.32115676 0.27450980 0.27450980 0.29411765
v 0.56607141 -0.65691194 3.31630163 0.27450980 0.27450980 0.29411765
v 0.58716585 -0.63779305 3.32671830 0.27450980 0.27450980 0.29411765
v 0.57567049 -0.66627338 3.31404498 0.27450980 0.27450980 0.29411765
v 0.59676493 -0.64715450 3.32446165 0.27450980 0.27450980 0.29411765
v 0.58449050 -0.67098525 3.30483210 0.27450980 0.27450980 0.29411765
v 0.60558495 -0.65186637 3.31524876 0.27450980 0.27450980 0.29411765
v 0.58916250 -0.66924777 3.29218199 0.27450980 0.27450980 0.29411765
v 0.61025694 -0.65012888 3.30259866 0.27450980 0.27450980 0.29411765
v 0.58790194 -0.66172460 3.28092658 0.27450980 0.27450980 0.29411765
v 0.60899638 -0.64260571 3.29134324 0.27450980 0.27450980 0.29411765
v 0.59472530 -0.63498174 3.30625000 0.27450980 0.27450980 0.29411765
v 0.60228475 -0.63203394 3.28580091 0.27450980 0.27450980 0.29411765
v 0.62274235 -0.61223510 3.29621758 0.27450980 0.27450980 0.29411765
v 0.61518290 -0.61518290 3.31666667 0.27450980 0.27450980 0.29411765
v 0.59239563 -0.62295892 3.28797367 0.27450980 0.27450980 0.29411765
v 0.61285323 -0.60316008 3.29839033 0.27450980 0.27450980 0.29411765
v 0.58339636 -0.61847621 3.29712736 0.27450980 0.27450980 0.29411765
v 0.60385396 -0.59867737 3.30754402 0.27450980 0.27450980 0.29411765
v 0.57872437 -0.62029806 3.30976559 0.27450980 0.27450980 0.29411765
v 0.59918196 -0.60049921 3.32018225 0.27450980 0.27450980 0.29411765
v 0.58016418 -0.62772857 3.32106098 0.27450980 0.27450980 0.29411765
v 0.60062178 -0.60792973 3.33147765 0.27450980 0.27450980 0.29411765
v 0.58716585 -0.63792955 3.32669909 0.27450980 0.27450980 0.29411765
v 0.60762345 -0.61813070 3.33711575 0.27450980 0.27450980 0.29411765
v 0.59705497 -0.64700456 3.32452633 0.27450980 0.27450980 0.29411765
v 0.61751257 -0.62720572 3.33494300 0.27450980 0.27450980 0.29411765
v 0.60605424 -0.65148727 3.31537264 0.27450980 0.27450980 0.29411765
v 0.62651184 -0.63168843 3.32578931 0.27450980 0.27450980 0.29411765
v 0.61072624 -0.64966543 3.30273441 0.27450980 0.27450980 0.29411765
v 0.63118384 -0.62986659 3.31315108 0.27450980 0.27450980 0.29411765
v 0.60928642 -0.64223492 3.29143902 0.27450980 0.27450980 0.29411765
v 0.62974402 -0.62243607 3.30185568 0.27450980 0.27450980 0.29411765
v 0.61518290 -0.61518290 3.31666667 0.27450980 0.27450980 0.29411765
v 0.62274235 -0.61209698 3.29623797 0.27450980 0.27450980 0.29411765
v 0.64254119 -0.59163938 3.30665463 0.27450980 0.27450980 0.29411765
v 0.63498174 -0.59472530 3.32708333 0.27450980 0.27450980 0.29411765
v 0.61257223 -0.60331735 3.29832564 0.27450980 0.27450980 0.29411765
v 0.63237107 -0.58285976 3.30874231 0.27450980 0.27450980 0.29411765
v 0.60339930 -0.59906996 3.30741896 0.27450980 0.27450980 0.29411765
v 0.62319814 -0.57861237 3.31783563 0.27450980 0.27450980 0.29411765
v 0.59872730 -0.60097717 3.32004460 0.27450980 0.27450980 0.29411765
v 0.61852614 -0.58051957 3.33046126 0.27450980 0.27450980 0.29411765
v 0.60034078 -0.60831048 3.33137997 0.27450980 0.27450980 0.29411765
v 0.62013962 -0.58785288 3.34179664 0.27450980 0.27450980 0.29411765
v 0.60762345 -0.61826882 3.33709537 0.27450980 0.27450980 0.29411765
v 0.62742229 -0.59781123 3.34751203 0.27450980 0.27450980 0.29411765
v 0.61779357 -0.62704845 3.33500769 0.27450980 0.27450980 0.29411765
v 0.63759241 -0.60659085 3.34542436 0.27450980 0.27450980 0.29411765
v 0.62696650 -0.63129584 3.32591437 0.27450980 0.27450980 0.29411765
v 0.64676535 -0.61083824 3.33633104 0.27450980 0.27450980 0.29411765
v 0.63163850 -0.62938863 3.31328874 0.27450980 0.27450980 0.29411765
v 0.65143734 -0.60893103 3.32370540 0.27450980 0.27450980 0.29411765
v 0.63002502 -0.62205532 3.30195336 0.27450980 0.27450980 0.29411765
v 0.64982386 -0.60159772 3.31237003 0.27450980 0.27450980 0.29411765
v 0.63498174 -0.59472530 3.32708333 0.27450980 0.27450980 0.29411765
v 0.64254119 -0.59149955 3.30667625 0.27450980 0.27450980 0.29411765
v 0.66166008 -0.57040510 3.31709291 0.27450980 0.27450980 0.29411765
v 0.65410063 -0.57363086 3.33750000 0.27450980 0.27450980 0.29411765
v 0.63209942 -0.58302397 3.30867760 0.27450980 0.27450980 0.29411765
v 0.65121831 -0.56192952 3.31909427 0.27450980 0.27450980 0.29411765
v 0.62275860 -0.57901790 3.31770932 0.27450980 0.27450980 0.29411765
v 0.64187748 -0.55792345 3.32812599 0.27450980 0.27450980 0.29411765
v 0.61808660 -0.58101152 3.33032159 0.27450980 0.27450980 0.29411765
v 0.63720549 -0.55991708 3.34073826 0.27450980 0.27450980 0.29411765
v 0.61986797 -0.58824335 3.34169696 0.27450980 0.27450980 0.29411765
v 0.63898686 -0.56714890 3.35211363 0.27450980 0.27450980 0.29411765
v 0.62742229 -0.59795106 3.34749042 0.27450980 0.27450980 0.29411765
v 0.64654118 -0.57685661 3.35790709 0.27450980 0.27450980 0.29411765
v 0.63786407 -0.60642664 3.34548906 0.27450980 0.27450980 0.29411765
v 0.65698296 -0.58533220 3.35590573 0.27450980 0.27450980 0.29411765
v 0.64720489 -0.61043271 3.33645735 0.27450980 0.27450980 0.29411765
v 0.66632378 -0.58933826 3.34687401 0.27450980 0.27450980 0.29411765
v 0.65187689 -0.60843908 3.32384507 0.27450980 0.27450980 0.29411765
v 0.67099578 -0.58734464 3.33426174 0.27450980 0.27450980 0.29411765
v 0.65009552 -0.60120726 3.31246970 0.27450980 0.27450980 0.29411765
v 0.66921440 -0.58011281 3.32288637 0.27450980 0.27450980 0.29411765
v 0.65410063 -0.57363086 3.33750000 0.27450980 0.27450980 0.29411765
v 0.66166008 -0.57026346 3.31711581 0.27450980 0.27450980 0.29411765
v 0.68007855 -0.54855476 3.32753247 0.27450980 0.27450980 0.29411765
v 0.67251909 -0.55192216 3.34791667 0.27450980 0.27450980 0.29411765
v 0.65095629 -0.56210025 3.31902953 0.27450980 0.27450980 0.29411765
v 0.66937475 -0.54039155 3.32944620 0.27450980 0.27450980 0.29411765
v 0.64145353 -0.55834134 3.32799835 0.27450980 0.27450980 0.29411765
v 0.65987199 -0.53663264 3.33841502 0.27450980 0.27450980 0.29411765
v 0.63678153 -0.56042250 3.34059647 0.27450980 0.27450980 0.29411765
v 0.65519999 -0.53871380 3.35101314 0.27450980 0.27450980 0.29411765
v 0.63872484 -0.56754881 3.35201185 0.27450980 0.27450980 0.29411765
v 0.65714330 -0.54584011 3.36242852 0.27450980 0.27450980 0.29411765
v 0.64654118 -0.57699826 3.35788419 0.27450980 0.27450980 0.29411765
v 0.66495964 -0.55528956 3.36830086 0.27450980 0.27450980 0.29411765
v 0.65724497 -0.58516147 3.35597047 0.27450980 0.27450980 0.29411765
v 0.67566344 -0.56345277 3.36638713 0.27450980 0.27450980 0.29411765
v 0.66674773 -0.58892038 3.34700165 0.27450980 0.27450980 0.29411765
v 0.68516620 -0.56721168 3.35741832 0.27450980 0.27450980 0.29411765
v 0.67141973 -0.58683921 3.33440353 0.27450980 0.27450980 0.29411765
v 0.68983819 -0.56513051 3.34482019 0.27450980 0.27450980 0.29411765
v 0.66947642 -0.57971290 3.32298815 0.27450980 0.27450980 0.29411765
v 0.68789488 -0.55800420 3.33340482 0.27450980 0.27450980 0.29411765
v 0.67251909 -0.55192216 3.34791667 0.27450980 0.27450980 0.29411765
v 0.68007855 -0.54841120 3.32755671 0.27450980 0.27450980 0.29411765
v 0.69777686 -0.52611149 3.33797338 0.27450980 0.27450980 0.29411765
v 0.69021741 -0.52962244 3.35833333 0.27450980 0.27450980 0.29411765
v 0.66912265 -0.54056835 3.32938143 0.27450980 0.27450980 0.29411765
v 0.68682096 -0.51826863 3.33979809 0.27450980 0.27450980 0.29411765
v 0.65946408 -0.53706226 3.33828597 0.27450980 0.27450980 0.29411765
v 0.67716239 -0.51476255 3.34870264 0.27450980 0.27450980 0.29411765
v 0.65479208 -0.53923216 3.35086912 0.27450980 0.27450980 0.29411765
v 0.67249040 -0.51693244 3.36128579 0.27450980 0.27450980 0.29411765
v 0.65689120 -0.54624920 3.36232453 0.27450980 0.27450980 0.29411765
v 0.67458951 -0.52394948 3.37274120 0.27450980 0.27450980 0.29411765
v 0.66495964 -0.55543312 3.36827662 0.27450980 0.27450980 0.29411765
v 0.68265795 -0.53313340 3.37869329 0.27450980 0.27450980 0.29411765
v 0.67591554 -0.56327597 3.36645191 0.27450980 0.27450980 0.29411765
v 0.69361385 -0.54097625 3.37686857 0.27450980 0.27450980 0.29411765
v 0.68557411 -0.56678205 3.35754736 0.27450980 0.27450980 0.29411765
v 0.70327242 -0.54448234 3.36796403 0.27450980 0.27450980 0.29411765
v 0.69024610 -0.56461216 3.34496421 0.27450980 0.27450980 0.29411765
v 0.70794442 -0.54231245 3.35538088 0.27450980 0.27450980 0.29411765
v 0.68814699 -0.55759512 3.33350880 0.27450980 0.27450980 0.29411765
v 0.70584530 -0.53529540 3.34392547 0.27450980 0.27450980 0.29411765
v 0.69021741 -0.52962244 3.35833333 0.27450980 0.27450980 0.29411765
v 0.69777686 -0.52596591 3.33799902 0.27450980 0.27450980 0.29411765
v 0.71473607 -0.50309906 3.34841568 0.27450980 0.27450980 0.29411765
v 0.70717662 -0.50675560 3.36875000 0.27450980 0.27450980 0.29411765
v 0.68657905 -0.51845106 3.33973327 0.27450980 0.27450980 0.29411765
v 0.70353826 -0.49558421 3.35014993 0.27450980 0.27450980 0.29411765
v 0.67677097 -0.51520330 3.34857211 0.27450980 0.27450980 0.29411765
v 0.69373018 -0.49233645 3.35898878 0.27450980 0.27450980 0.29411765
v 0.67209897 -0.51746316 3.36113941 0.27450980 0.27450980 0.29411765
v 0.68905818 -0.49459631 3.37155608 0.27450980 0.27450980 0.29411765
v 0.67434760 -0.52436746 3.37263488 0.27450980 0.27450980 0.29411765
v 0.69130681 -0.50150061 3.38305155 0.27450980 0.27450980 0.29411765
v 0.68265795 -0.53327898 3.37866765 0.27450980 0.27450980 0.29411765
v 0.69961716 -0.51041213 3.38908432 0.27450980 0.27450980 0.29411765
v 0.69385577 -0.54079383 3.37693340 0.27450980 0.27450980 0.29411765
v 0.71081497 -0.51792698 3.38735007 0.27450980 0.27450980 0.29411765
v 0.70366385 -0.54404159 3.36809456 0.27450980 0.27450980 0.29411765
v 0.72062306 -0.52117474 3.37851122 0.27450980 0.27450980 0.29411765
v 0.70833584 -0.54178172 3.35552726 0.27450980 0.27450980 0.29411765
v 0.72529505 -0.51891488 3.36594392 0.27450980 0.27450980 0.29411765
v 0.70608721 -0.53487743 3.34403178 0.27450980 0.27450980 0.29411765
v 0.72304642 -0.51201058 3.35444845 0.27450980 0.27450980 0.29411765
v 0.70717662 -0.50675560 3.36875000 0.27450980 0.27450980 0.29411765
v 0.71473607 -0.50295135 3.34844280 0.27450980 0.27450980 0.29411765
v 0.73093801 -0.47954186 3.35885947 0.27450980 0.27450980 0.29411765
v 0.72337856 -0.48334610 3.37916667 0.27450980 0.27450980 0.29411765
v 0.70330679 -0.49577179 3.35008505 0.27450980 0.27450980 0.29411765
v 0.71950873 -0.47236230 3.36050172 0.27450980 0.27450980 0.29411765
v 0.69335565 -0.49278767 3.35885668 0.27450980 0.27450980 0.29411765
v 0.70955759 -0.46937818 3.36927334 0.27450980 0.27450980 0.29411765
v 0.68868365 -0.49513882 3.37140722 0.27450980 0.27450980 0.29411765
v 0.70488560 -0.47172933 3.38182388 0.27450980 0.27450980 0.29411765
v 0.69107534 -0.50192719 3.38294279 0.27450980 0.27450980 0.29411765
v 0.70727728 -0.47851770 3.39335946 0.27450980 0.27450980 0.29411765
v 0.69961716 -0.51055984 3.38905720 0.27450980 0.27450980 0.29411765
v 0.71581911 -0.48715035 3.39947387 0.27450980 0.27450980 0.29411765
v 0.71104645 -0.51773940 3.38741495 0.27450980 0.27450980 0.29411765
v 0.72724839 -0.49432991 3.39783162 0.27450980 0.27450980 0.29411765
v 0.72099758 -0.52072352 3.37864332 0.27450980 0.27450980 0.29411765
v 0.73719953 -0.49731403 3.38905999 0.27450980 0.27450980 0.29411765
v 0.72566958 -0.51837237 3.36609278 0.27450980 0.27450980 0.29411765
v 0.74187153 -0.49496287 3.37650945 0.27450980 0.27450980 0.29411765
v 0.72327790 -0.51158400 3.35455721 0.27450980 0.27450980 0.29411765
v 0.73947984 -0.48817451 3.36497388 0.27450980 0.27450980 0.29411765
v 0.72337856 -0.48334610 3.37916667 0.27450980 0.27450980 0.29411765
v 0.73093801 -0.47939190 3.35888813 0.27450980 0.27450980 0.29411765
v 0.74636535 -0.45546483 3.36930480 0.27450980 0.27450980 0.29411765
v 0.73880590 -0.45941903 3.38958333 0.27450980 0.27450980 0.29411765
v 0.71928795 -0.47255455 3.36043676 0.27450980 0.27450980 0.29411765
v 0.73471529 -0.44862747 3.37085343 0.27450980 0.27450980 0.29411765
v 0.70920037 -0.46983920 3.36913958 0.27450980 0.27450980 0.29411765
v 0.72462770 -0.44591213 3.37955625 0.27450980 0.27450980 0.29411765
v 0.70452837 -0.47228304 3.38167241 0.27450980 0.27450980 0.29411765
v 0.71995570 -0.44835596 3.39208907 0.27450980 0.27450980 0.29411765
v 0.70705650 -0.47895258 3.39324812 0.27450980 0.27450980 0.29411765
v 0.72248384 -0.45502551 3.40366479 0.27450980 0.27450980 0.29411765
v 0.71581911 -0.48730031 3.39944520 0.27450980 0.27450980 0.29411765
v 0.73124645 -0.46337323 3.40986187 0.27450980 0.27450980 0.29411765
v 0.72746917 -0.49413766 3.39789657 0.27450980 0.27450980 0.29411765
v 0.74289651 -0.47021059 3.40831324 0.27450980 0.27450980 0.29411765
v 0.73755676 -0.49685300 3.38919375 0.27450980 0.27450980 0.29411765
v 0.75298409 -0.47292593 3.39961042 0.27450980 0.27450980 0.29411765
v 0.74222876 -0.49440917 3.37666093 0.27450980 0.27450980 0.29411765
v 0.75765609 -0.47048210 3.38707759 0.27450980 0.27450980 0.29411765
v 0.73970062 -0.48773962 3.36508521 0.27450980 0.27450980 0.29411765
v 0.75512796 -0.46381255 3.37550188 0.27450980 0.27450980 0.29411765
v 0.73880590 -0.45941903 3.38958333 0.27450980 0.27450980 0.29411765
v 0.74636535 -0.45531250 3.36933510 0.27450980 0.27450980 0.29411765
v 0.76100155 -0.43089347 3.37975176 0.27450980 0.27450980 0.29411765
v 0.75344210 -0.43500000 3.40000000 0.27450980 0.27450980 0.29411765
v 0.73450544 -0.44882390 3.37078841 0.27450980 0.27450980 0.29411765
v 0.74914164 -0.42440487 3.38120507 0.27450980 0.27450980 0.29411765
v 0.72428816 -0.44638228 3.37942074 0.27450980 0.27450980 0.29411765
v 0.73892436 -0.42196325 3.38983741 0.27450980 0.27450980 0.29411765
v 0.71961616 -0.44892025 3.39193484 0.27450980 0.27450980 0.29411765
v 0.73425236 -0.42450122 3.40235151 0.27450980 0.27450980 0.29411765
v 0.72227399 -0.45546840 3.40355074 0.27450980 0.27450980 0.29411765
v 0.73691019 -0.43104937 3.41396741 0.27450980 0.27450980 0.29411765
v 0.73124645 -0.46352556 3.40983157 0.27450980 0.27450980 0.29411765
v 0.74588265 -0.43910653 3.42024824 0.27450980 0.27450980 0.29411765
v 0.74310636 -0.47001416 3.40837826 0.27450980 0.27450980 0.29411765
v 0.75774256 -0.44559513 3.41879493 0.27450980 0.27450980 0.29411765
v 0.75332364 -0.47245579 3.39974592 0.27450980 0.27450980 0.29411765
v 0.76795984 -0.44803675 3.41016259 0.27450980 0.27450980 0.29411765
v 0.75799564 -0.46991781 3.38723183 0.27450980 0.27450980 0.29411765
v 0.77263184 -0.44549878 3.39764849 0.27450980 0.27450980 0.29411765
v 0.75533781 -0.46336966 3.37561592 0.27450980 0.27450980 0.29411765
v 0.76997401 -0.43895063 3.38603259 0.27450980 0.27450980 0.29411765
v 0.75344210 -0.43500000 3.40000000 0.27450980 0.27450980 0.29411765
v 0.76100155 -0.43073865 3.37978378 0.27450980 0.27450980 0.29411765
v 0.77483095 -0.40585381 3.39020045 0.27450980 0.27450980 0.29411765
v 0.76727150 -0.41011516 3.41041667 0.27450980 0.27450980 0.29411765
v 0.74894295 -0.42460495 3.38113998 0.27450980 0.27450980 0.29411765
v 0.76277235 -0.39972011 3.39155664 0.27450980 0.27450980 0.29411765
v 0.73860287 -0.42244180 3.38970006 0.27450980 0.27450980 0.29411765
v 0.75243226 -0.39755696 3.40011673 0.27450980 0.27450980 0.29411765
v 0.73393087 -0.42507546 3.40219437 0.27450980 0.27450980 0.29411765
v 0.74776027 -0.40019062 3.41261104 0.27450980 0.27450980 0.29411765
v 0.73671150 -0.43149996 3.41385051 0.27450980 0.27450980 0.29411765
v 0.75054090 -0.40661512 3.42426718 0.27450980 0.27450980 0.29411765
v 0.74588265 -0.43926135 3.42021622 0.27450980 0.27450980 0.29411765
v 0.75971205 -0.41437651 3.43063289 0.27450980 0.27450980 0.29411765
v 0.75794126 -0.44539505 3.41886002 0.27450980 0.27450980 0.29411765
v 0.77177065 -0.42051021 3.42927669 0.27450980 0.27450980 0.29411765
v 0.76828134 -0.44755820 3.41029994 0.27450980 0.27450980 0.29411765
v 0.78211074 -0.42267336 3.42071661 0.27450980 0.27450980 0.29411765
v 0.77295333 -0.44492454 3.39780563 0.27450980 0.27450980 0.29411765
v 0.78678273 -0.42003970 3.40822229 0.27450980 0.27450980 0.29411765
v 0.77017270 -0.43850004 3.38614949 0.27450980 0.27450980 0.29411765
v 0.78400210 -0.41361521 3.39656616 0.27450980 0.27450980 0.29411765
v 0.76727150 -0.41011516 3.41041667 0.27450980 0.27450980 0.29411765
v 0.77483095 -0.40569637 3.39023427 0.27450980 0.27450980 0.29411765
v 0.78783874 -0.38037237 3.40065094 0.27450980 0.27450980 0.29411765
v 0.78027929 -0.38479116 3.42083333 0.27450980 0.27450980 0.29411765
v 0.76258502 -0.39992332 3.39149147 0.27450980 0.27450980 0.29411765
v 0.77559280 -0.37459932 3.40190813 0.27450980 0.27450980 0.29411765
v 0.75212916 -0.39804320 3.39997744 0.27450980 0.27450980 0.29411765
v 0.76513695 -0.37271920 3.41039411 0.27450980 0.27450980 0.29411765
v 0.74745716 -0.40077417 3.41245085 0.27450980 0.27450980 0.29411765
v 0.76046495 -0.37545017 3.42286751 0.27450980 0.27450980 0.29411765
v 0.75035357 -0.40707308 3.42414726 0.27450980 0.27450980 0.29411765
v 0.76336135 -0.38174907 3.43456393 0.27450980 0.27450980 0.29411765
v 0.75971205 -0.41453395 3.43059906 0.27450980 0.27450980 0.29411765
v 0.77271983 -0.38920995 3.44101573 0.27450980 0.27450980 0.29411765
v 0.77195798 -0.42030700 3.42934187 0.27450980 0.27450980 0.29411765
v 0.78496577 -0.39498300 3.43975853 0.27450980 0.27450980 0.29411765
v 0.78241384 -0.42218712 3.42085589 0.27450980 0.27450980 0.29411765
v 0.79542163 -0.39686312 3.43127256 0.27450980 0.27450980 0.29411765
v 0.78708584 -0.41945615 3.40838249 0.27450980 0.27450980 0.29411765
v 0.80009362 -0.39413215 3.41879915 0.27450980 0.27450980 0.29411765
v 0.78418943 -0.41315725 3.39668607 0.27450980 0.27450980 0.29411765
v 0.79719722 -0.38783325 3.40710274 0.27450980 0.27450980 0.29411765
v 0.78027929 -0.38479116 3.42083333 0.27450980 0.27450980 0.29411765
v 0.78783874 -0.38021216 3.40068669 0.27450980 0.27450980 0.29411765
v 0.80001098 -0.35447611 3.41110335 0.27450980 0.27450980 0.29411765
v 0.79245153 -0.35905512 3.43125000 0.27450980 0.27450980 0.29411765
v 0.77541704 -0.37480510 3.40184288 0.27450980 0.27450980 0.29411765
v 0.78758928 -0.34906906 3.41225955 0.27450980 0.27450980 0.29411765
v 0.76485256 -0.37321238 3.41025279 0.27450980 0.27450980 0.29411765
v 0.77702480 -0.34747634 3.42066945 0.27450980 0.27450980 0.29411765
v 0.76018056 -0.37604236 3.42270410 0.27450980 0.27450980 0.29411765
v 0.77235280 -0.35030632 3.43312077 0.27450980 0.27450980 0.29411765
v 0.76318559 -0.38221409 3.43444084 0.27450980 0.27450980 0.29411765
v 0.77535783 -0.35647804 3.44485751 0.27450980 0.27450980 0.29411765
v 0.77271983 -0.38937016 3.44097998 0.27450980 0.27450980 0.29411765
v 0.78489208 -0.36363412 3.45139665 0.27450980 0.27450980 0.29411765
v 0.78514153 -0.39477722 3.43982378 0.27450980 0.27450980 0.29411765
v 0.79731377 -0.36904117 3.45024045 0.27450980 0.27450980 0.29411765
v 0.79570601 -0.39636994 3.43141388 0.27450980 0.27450980 0.29411765
v 0.80787826 -0.37063389 3.44183055 0.27450980 0.27450980 0.29411765
v 0.80037801 -0.39353996 3.41896257 0.27450980 0.27450980 0.29411765
v 0.81255025 -0.36780391 3.42937923 0.27450980 0.27450980 0.29411765
v 0.79737298 -0.38736823 3.40722582 0.27450980 0.27450980 0.29411765
v 0.80954522 -0.36163219 3.41764249 0.27450980 0.27450980 0.29411765
v 0.79245153 -0.35905512 3.43125000 0.27450980 0.27450980 0.29411765
v 0.80001098 -0.35431299 3.41114112 0.27450980 0.27450980 0.29411765
v 0.81133464 -0.32819246 3.42155779 0.27450980 0.27450980 0.29411765
v 0.80377519 -0.33293459 3.44166667 0.27450980 0.27450980 0.29411765
v 0.78742528 -0.34927686 3.41219423 0.27450980 0.27450980 0.29411765
v 0.79874894 -0.32315633 3.42261089 0.27450980 0.27450980 0.29411765
v 0.77675943 -0.34797569 3.42052599 0.27450980 0.27450980 0.29411765
v 0.78808310 -0.32185516 3.43094265 0.27450980 0.27450980 0.29411765
v 0.77208743 -0.35090648 3.43295396 0.27450980 0.27450980 0.29411765
v 0.78341110 -0.32478595 3.44337062 0.27450980 0.27450980 0.29411765
v 0.77519383 -0.35694978 3.44473107 0.27450980 0.27450980 0.29411765
v 0.78651749 -0.33082925 3.45514774 0.27450980 0.27450980 0.29411765
v 0.78489208 -0.36379724 3.45135888 0.27450980 0.27450980 0.29411765
v 0.79621574 -0.33767671 3.46177554 0.27450980 0.27450980 0.29411765
v 0.79747778 -0.36883337 3.45030577 0.27450980 0.27450980 0.29411765
v 0.80880144 -0.34271284 3.46072244 0.27450980 0.27450980 0.29411765
v 0.80814362 -0.37013454 3.44197401 0.27450980 0.27450980 0.29411765
v 0.81946729 -0.34401401 3.45239068 0.27450980 0.27450980 0.29411765
v 0.81281562 -0.36720375 3.42954604 0.27450980 0.27450980 0.29411765
v 0.82413929 -0.34108322 3.43996271 0.27450980 0.27450980 0.29411765
v 0.80970923 -0.36116046 3.41776893 0.27450980 0.27450980 0.29411765
v 0.82103289 -0.33503993 3.42818559 0.27450980 0.27450980 0.29411765
v 0.80377519 -0.33293459 3.44166667 0.27450980 0.27450980 0.29411765
v 0.81133464 -0.32802628 3.42159770 0.27450980 0.27450980 0.29411765
v 0.82179761 -0.30154924 3.43201437 0.27450980 0.27450980 0.29411765
v 0.81423816 -0.30645754 3.45208333 0.27450980 0.27450980 0.29411765
v 0.79859687 -0.32336557 3.42254551 0.27450980 0.27450980 0.29411765
v 0.80905983 -0.29688852 3.43296217 0.27450980 0.27450980 0.29411765
v 0.78783704 -0.32235989 3.43079694 0.27450980 0.27450980 0.29411765
v 0.79830000 -0.29588285 3.44121361 0.27450980 0.27450980 0.29411765
v 0.78316504 -0.32539339 3.44320024 0.27450980 0.27450980 0.29411765
v 0.79362800 -0.29891635 3.45361691 0.27450980 0.27450980 0.29411765
v 0.78636542 -0.33130737 3.45501777 0.27450980 0.27450980 0.29411765
v 0.79682838 -0.30483033 3.46543443 0.27450980 0.27450980 0.29411765
v 0.79621574 -0.33784289 3.46173563 0.27450980 0.27450980 0.29411765
v 0.80667870 -0.31136585 3.47215230 0.27450980 0.27450980 0.29411765
v 0.80895352 -0.34250361 3.46078783 0.27450980 0.27450980 0.29411765
v 0.81941648 -0.31602656 3.47120449 0.27450980 0.27450980 0.29411765
v 0.81971335 -0.34350928 3.45253639 0.27450980 0.27450980 0.29411765
v 0.83017631 -0.31703224 3.46295306 0.27450980 0.27450980 0.29411765
v 0.82438535 -0.34047578 3.44013309 0.27450980 0.27450980 0.29411765
v 0.83484831 -0.31399874 3.45054976 0.27450980 0.27450980 0.29411765
v 0.82118497 -0.33456180 3.42831557 0.27450980 0.27450980 0.29411765
v 0.83164793 -0.30808476 3.43873223 0.27450980 0.27450980 0.29411765
v 0.81423816 -0.30645754 3.45208333 0.27450980 0.27450980 0.29411765
v 0.82179761 -0.30137983 3.43205656 0.27450980 0.27450980 0.29411765
v 0.83138866 -0.27457462 3.44247323 0.27450980 0.27450980 0.29411765
v 0.82382921 -0.27965233 3.46250000 0.27450980 0.27450980 0.29411765
v 0.80891985 -0.29709859 3.43289673 0.27450980 0.27450980 0.29411765
v 0.81851091 -0.27029338 3.44331340 0.27450980 0.27450980 0.29411765
v 0.79807350 -0.29639215 3.44106553 0.27450980 0.27450980 0.29411765
v 0.80766456 -0.26958694 3.45148220 0.27450980 0.27450980 0.29411765
v 0.79340151 -0.29953035 3.45344276 0.27450980 0.27450980 0.29411765
v 0.80299256 -0.27272514 3.46385942 0.27450980 0.27450980 0.29411765
v 0.79668840 -0.30531450 3.46530073 0.27450980 0.27450980 0.29411765
v 0.80627946 -0.27850929 3.47571739 0.27450980 0.27450980 0.29411765
v 0.80667870 -0.31153525 3.47211010 0.27450980 0.27450980 0.29411765
v 0.81626976 -0.28473004 3.48252677 0.27450980 0.27450980 0.29411765
v 0.81955646 -0.31581649 3.47126993 0.27450980 0.27450980 0.29411765
v 0.82914752 -0.28901129 3.48168660 0.27450980 0.27450980 0.29411765
v 0.83040281 -0.31652293 3.46310114 0.27450980 0.27450980 0.29411765
v 0.83999386 -0.28971772 3.47351780 0.27450980 0.27450980 0.29411765
v 0.83507481 -0.31338473 3.45072391 0.27450980 0.27450980 0.29411765
v 0.84466586 -0.28657953 3.46114058 0.27450980 0.27450980 0.29411765
v 0.83178791 -0.30760058 3.43886594 0.27450980 0.27450980 0.29411765
v 0.84137897 -0.28079538 3.44928261 0.27450980 0.27450980 0.29411765
v 0.82382921 -0.27965233 3.46250000 0.27450980 0.27450980 0.29411765
v 0.83138866 -0.27440183 3.44251784 0.27450980 0.27450980 0.29411765
v 0.84009754 -0.24729716 3.45293450 0.27450980 0.27450980 0.29411765
v 0.83253809 -0.25254767 3.47291667 0.27450980 0.27450980 0.29411765
v 0.81838317 -0.27050367 3.44324792 0.27450980 0.27450980 0.29411765
v 0.82709205 -0.24339901 3.45366459 0.27450980 0.27450980 0.29411765
v 0.80745788 -0.27009999 3.45133164 0.27450980 0.27450980 0.29411765
v 0.81616676 -0.24299533 3.46174831 0.27450980 0.27450980 0.29411765
v 0.80278588 -0.27334498 3.46368130 0.27450980 0.27450980 0.29411765
v 0.81149476 -0.24624032 3.47409797 0.27450980 0.27450980 0.29411765
v 0.80615172 -0.27899917 3.47557974 0.27450980 0.27450980 0.29411765
v 0.81486060 -0.25189450 3.48599641 0.27450980 0.27450980 0.29411765
v 0.81626976 -0.28490284 3.48248216 0.27450980 0.27450980 0.29411765
v 0.82497864 -0.25779817 3.49289883 0.27450980 0.27450980 0.29411765
v 0.82927526 -0.28880100 3.48175208 0.27450980 0.27450980 0.29411765
v 0.83798414 -0.26169633 3.49216875 0.27450980 0.27450980 0.29411765
v 0.84020055 -0.28920468 3.47366836 0.27450980 0.27450980 0.29411765
v 0.84890943 -0.26210001 3.48408502 0.27450980 0.27450980 0.29411765
v 0.84487255 -0.28595969 3.46131870 0.27450980 0.27450980 0.29411765
v 0.85358142 -0.25885502 3.47173537 0.27450980 0.27450980 0.29411765
v 0.84150671 -0.28030550 3.44942026 0.27450980 0.27450980 0.29411765
v 0.85021558 -0.25320084 3.45983693 0.27450980 0.27450980 0.29411765
v 0.83253809 -0.25254767 3.47291667 0.27450980 0.27450980 0.29411765
v 0.84009754 -0.24712080 3.45298168 0.27450980 0.27450980 0.29411765
v 0.84791492 -0.21974570 3.46339834 0.27450980 0.27450980 0.29411765
v 0.84035547 -0.22517257 3.48333333 0.27450980 0.27450980 0.29411765
v 0.82697669 -0.24360888 3.45359909 0.27450980 0.27450980 0.29411765
v 0.83479407 -0.21623378 3.46401576 0.27450980 0.27450980 0.29411765
v 0.81598011 -0.24351127 3.46159516 0.27450980 0.27450980 0.29411765
v 0.82379748 -0.21613617 3.47201182 0.27450980 0.27450980 0.29411765
v 0.81130811 -0.24686526 3.47391566 0.27450980 0.27450980 0.29411765
v 0.81912549 -0.21949016 3.48433233 0.27450980 0.27450980 0.29411765
v 0.81474524 -0.25238973 3.48585458 0.27450980 0.27450980 0.29411765
v 0.82256262 -0.22501463 3.49627125 0.27450980 0.27450980 0.29411765
v 0.82497864 -0.25797454 3.49285166 0.27450980 0.27450980 0.29411765
v 0.83279602 -0.23059944 3.50326832 0.27450980 0.27450980 0.29411765
v 0.83809949 -0.26148646 3.49223424 0.27450980 0.27450980 0.29411765
v 0.84591687 -0.23411136 3.50265091 0.27450980 0.27450980 0.29411765
v 0.84909608 -0.26158407 3.48423818 0.27450980 0.27450980 0.29411765
v 0.85691345 -0.23420897 3.49465484 0.27450980 0.27450980 0.29411765
v 0.85376808 -0.25823008 3.47191767 0.27450980 0.27450980 0.29411765
v 0.86158545 -0.23085498 3.48233434 0.27450980 0.27450980 0.29411765
v 0.85033094 -0.25270560 3.45997875 0.27450980 0.27450980 0.29411765
v 0.85814832 -0.22533050 3.47039542 0.27450980 0.27450980 0.29411765
v 0.84035547 -0.22517257 3.48333333 0.27450980 0.27450980 0.29411765
v 0.84791492 -0.21956558 3.46344825 0.27450980 0.27450980 0.29411765
v 0.85483242 -0.19194936 3.47386492 0.27450980 0.27450980 0.29411765
v 0.84727297 -0.19755635 3.49375000 0.27450980 0.27450980 0.29411765
v 0.83469122 -0.21644257 3.46395026 0.27450980 0.27450980 0.29411765
v 0.84160872 -0.18882635 3.47436693 0.27450980 0.27450980 0.29411765
v 0.82363106 -0.21665413 3.47185595 0.27450980 0.27450980 0.29411765
v 0.83054857 -0.18903790 3.48227261 0.27450980 0.27450980 0.29411765
v 0.81895907 -0.22011943 3.48414560 0.27450980 0.27450980 0.29411765
v 0.82587657 -0.19250321 3.49456227 0.27450980 0.27450980 0.29411765
v 0.82245977 -0.22551487 3.49612500 0.27450980 0.27450980 0.29411765
v 0.82937727 -0.19789865 3.50654166 0.27450980 0.27450980 0.29411765
v 0.83279602 -0.23077955 3.50321841 0.27450980 0.27450980 0.29411765
v 0.83971352 -0.20316333 3.51363508 0.27450980 0.27450980 0.29411765
v 0.84601972 -0.23390256 3.50271640 0.27450980 0.27450980 0.29411765
v 0.85293722 -0.20628634 3.51313307 0.27450980 0.27450980 0.29411765
v 0.85707987 -0.23369101 3.49481072 0.27450980 0.27450980 0.29411765
v 0.86399738 -0.20607479 3.50522739 0.27450980 0.27450980 0.29411765
v 0.86175187 -0.23022571 3.48252106 0.27450980 0.27450980 0.29411765
v 0.86866937 -0.20260949 3.49293773 0.27450980 0.27450980 0.29411765
v 0.85825117 -0.22483027 3.47054167 0.27450980 0.27450980 0.29411765
v 0.86516867 -0.19721405 3.48095834 0.27450980 0.27450980 0.29411765
v 0.84727297 -0.19755635 3.49375000 0.27450980 0.27450980 0.29411765
v 0.85483242 -0.19176530 3.47391774 0.27450980 0.27450980 0.29411765
v 0.86084265 -0.16393753 3.48433441 0.27450980 0.27450980 0.29411765
v 0.85328319 -0.16972858 3.50416667 0.27450980 0.27450980 0.29411765
v 0.84151848 -0.18903340 3.47430147 0.27450980 0.27450980 0.29411765
v 0.84752870 -0.16120563 3.48471814 0.27450980 0.27450980 0.29411765
v 0.83040256 -0.18955698 3.48211388 0.27450980 0.27450980 0.29411765
v 0.83641278 -0.16172921 3.49253055 0.27450980 0.27450980 0.29411765
v 0.82573056 -0.19313605 3.49437089 0.27450980 0.27450980 0.29411765
v 0.83174078 -0.16530828 3.50478755 0.27450980 0.27450980 0.29411765
v 0.82928703 -0.19840352 3.50639074 0.27450980 0.27450980 0.29411765
v 0.83529725 -0.17057575 3.51680741 0.27450980 0.27450980 0.29411765
v 0.83971352 -0.20334740 3.51358226 0.27450980 0.27450980 0.29411765
v 0.84572374 -0.17551963 3.52399892 0.27450980 0.27450980 0.29411765
v 0.85302746 -0.20607930 3.51319853 0.27450980 0.27450980 0.29411765
v 0.85903768 -0.17825153 3.52361519 0.27450980 0.27450980 0.29411765
v 0.86414338 -0.20555572 3.50538612 0.27450980 0.27450980 0.29411765
v 0.87015361 -0.17772795 3.51580279 0.27450980 0.27450980 0.29411765
v 0.86881538 -0.20197665 3.49312911 0.27450980 0.27450980 0.29411765
v 0.87482560 -0.17414888 3.50354578 0.27450980 0.27450980 0.29411765
v 0.86525891 -0.19670918 3.48110926 0.27450980 0.27450980 0.29411765
v 0.87126913 -0.16888141 3.49152593 0.27450980 0.27450980 0.29411765
v 0.85328319 -0.16972858 3.50416667 0.27450980 0.27450980 0.29411765
v 0.86084265 -0.16374931 3.48439034 0.27450980 0.27450980 0.29411765
v 0.86593915 -0.13573979 3.49480701 0.27450980 0.27450980 0.29411765
v 0.85837970 -0.14171906 3.51458333 0.27450980 0.27450980 0.29411765
v 0.84745118 -0.16141024 3.48465276 0.27450980 0.27450980 0.29411765
v 0.85254768 -0.13340072 3.49506942 0.27450980 0.27450980 0.29411765
v 0.83628734 -0.16224849 3.49236882 0.27450980 0.27450980 0.29411765
v 0.84138384 -0.13423897 3.50278549 0.27450980 0.27450980 0.29411765
v 0.83161534 -0.16594389 3.50459126 0.27450980 0.27450980 0.29411765
v 0.83671185 -0.13793437 3.51500793 0.27450980 0.27450980 0.29411765
v 0.83521973 -0.17108490 3.51665152 0.27450980 0.27450980 0.29411765
v 0.84031623 -0.14307539 3.52706819 0.27450980 0.27450980 0.29411765
v 0.84572374 -0.17570785 3.52394299 0.27450980 0.27450980 0.29411765
v 0.85082025 -0.14769834 3.53435966 0.27450980 0.27450980 0.29411765
v 0.85911521 -0.17804692 3.52368058 0.27450980 0.27450980 0.29411765
v 0.86421172 -0.15003741 3.53409724 0.27450980 0.27450980 0.29411765
v 0.87027905 -0.17720867 3.51596451 0.27450980 0.27450980 0.29411765
v 0.87537555 -0.14919915 3.52638118 0.27450980 0.27450980 0.29411765
v 0.87495105 -0.17351327 3.50374207 0.27450980 0.27450980 0.29411765
v 0.88004755 -0.14550376 3.51415874 0.27450980 0.27450980 0.29411765
v 0.87134666 -0.16837226 3.49168181 0.27450980 0.27450980 0.29411765
v 0.87644317 -0.14036274 3.50209848 0.27450980 0.27450980 0.29411765
v 0.85837970 -0.14171906 3.51458333 0.27450980 0.27450980 0.29411765
v 0.86593915 -0.13554719 3.49486627 0.27450980 0.27450980 0.29411765
v 0.87011648 -0.10738592 3.50528293 0.27450980 0.27450980 0.29411765
v 0.86255703 -0.11355779 3.52500000 0.27450980 0.27450980 0.29411765
v 0.85248295 -0.13360216 3.49500416 0.27450980 0.27450980 0.29411765
v 0.85666028 -0.10544088 3.50542082 0.27450980 0.27450980 0.29411765
v 0.84127910 -0.13475750 3.50262063 0.27450980 0.27450980 0.29411765
v 0.84545643 -0.10659623 3.51303729 0.27450980 0.27450980 0.29411765
v 0.83660711 -0.13857193 3.51480644 0.27450980 0.27450980 0.29411765
v 0.84078444 -0.11041065 3.52522311 0.27450980 0.27450980 0.29411765
v 0.84025150 -0.14358845 3.52690704 0.27450980 0.27450980 0.29411765
v 0.84442883 -0.11542718 3.53732371 0.27450980 0.27450980 0.29411765
v 0.85082025 -0.14789093 3.53430040 0.27450980 0.27450980 0.29411765
v 0.85499758 -0.11972966 3.54471707 0.27450980 0.27450980 0.29411765
v 0.86427645 -0.14983597 3.53416251 0.27450980 0.27450980 0.29411765
v 0.86845378 -0.12167469 3.54457918 0.27450980 0.27450980 0.29411765
v 0.87548029 -0.14868062 3.52654604 0.27450980 0.27450980 0.29411765
v 0.87965762 -0.12051935 3.53696271 0.27450980 0.27450980 0.29411765
v 0.88015229 -0.14486619 3.51436022 0.27450980 0.27450980 0.29411765
v 0.88432962 -0.11670492 3.52477689 0.27450980 0.27450980 0.29411765
v 0.87650790 -0.13984967 3.50225963 0.27450980 0.27450980 0.29411765
v 0.88068523 -0.11168840 3.51267629 0.27450980 0.27450980 0.29411765
v 0.86255703 -0.11355779 3.52500000 0.27450980 0.27450980 0.29411765
v 0.87011648 -0.10718871 3.50534575 0.27450980 0.27450980 0.29411765
v 0.87337016 -0.07890584 3.51576242 0.27450980 0.27450980 0.29411765
v 0.86581071 -0.08527491 3.53541667 0.27450980 0.27450980 0.29411765
v 0.85660841 -0.10563841 3.50535573 0.27450980 0.27450980 0.29411765
v 0.85986209 -0.07735554 3.51577240 0.27450980 0.27450980 0.29411765
v 0.84537251 -0.10711304 3.51286915 0.27450980 0.27450980 0.29411765
v 0.84862619 -0.07883017 3.52328582 0.27450980 0.27450980 0.29411765
v 0.84070051 -0.11104934 3.52501615 0.27450980 0.27450980 0.29411765
v 0.84395419 -0.08276647 3.53543281 0.27450980 0.27450980 0.29411765
v 0.84437696 -0.11594379 3.53715698 0.27450980 0.27450980 0.29411765
v 0.84763064 -0.08766091 3.54757364 0.27450980 0.27450980 0.29411765
v 0.85499758 -0.11992686 3.54465425 0.27450980 0.27450980 0.29411765
v 0.85825126 -0.09164399 3.55507092 0.27450980 0.27450980 0.29411765
v 0.86850565 -0.12147716 3.54464427 0.27450980 0.27450980 0.29411765
v 0.87175933 -0.09319429 3.55506094 0.27450980 0.27450980 0.29411765
v 0.87974155 -0.12000253 3.53713085 0.27450980 0.27450980 0.29411765
v 0.88299523 -0.09171966 3.54754751 0.27450980 0.27450980 0.29411765
v 0.88441355 -0.11606623 3.52498385 0.27450980 0.27450980 0.29411765
v 0.88766723 -0.08778335 3.53540052 0.27450980 0.27450980 0.29411765
v 0.88073710 -0.11117179 3.51284302 0.27450980 0.27450980 0.29411765
v 0.88399078 -0.08288891 3.52325969 0.27450980 0.27450980 0.29411765
v 0.86581071 -0.08527491 3.53541667 0.27450980 0.27450980 0.29411765
v 0.87337016 -0.07870379 3.51582904 0.27450980 0.27450980 0.29411765
v 0.87569671 -0.05032960 3.52624571 0.27450980 0.27450980 0.29411765
v 0.86813726 -0.05690072 3.54583333 0.27450980 0.27450980 0.29411765
v 0.85982314 -0.07754839 3.51570754 0.27450980 0.27450980 0.29411765
v 0.86214969 -0.04917420 3.52612420 0.27450980 0.27450980 0.29411765
v 0.84856317 -0.07934426 3.52311425 0.27450980 0.27450980 0.29411765
v 0.85088972 -0.05097007 3.53353091 0.27450980 0.27450980 0.29411765
v 0.84389117 -0.08340544 3.53522007 0.27450980 0.27450980 0.29411765
v 0.84621772 -0.05503125 3.54563673 0.27450980 0.27450980 0.29411765
v 0.84759169 -0.08818069 3.54740098 0.27450980 0.27450980 0.29411765
v 0.84991824 -0.05980650 3.55781764 0.27450980 0.27450980 0.29411765
v 0.85825126 -0.09184604 3.55500429 0.27450980 0.27450980 0.29411765
v 0.86057781 -0.06347185 3.56542096 0.27450980 0.27450980 0.29411765
v 0.87179828 -0.09300144 3.55512580 0.27450980 0.27450980 0.29411765
v 0.87412483 -0.06462725 3.56554246 0.27450980 0.27450980 0.29411765
v 0.88305826 -0.09120557 3.54771909 0.27450980 0.27450980 0.29411765
v 0.88538481 -0.06283138 3.55813575 0.27450980 0.27450980 0.29411765
v 0.88773026 -0.08714439 3.53561327 0.27450980 0.27450980 0.29411765
v 0.89005681 -0.05877020 3.54602993 0.27450980 0.27450980 0.29411765
v 0.88402973 -0.08236913 3.52343236 0.27450980 0.27450980 0.29411765
v 0.88635628 -0.05399494 3.53384902 0.27450980 0.27450980 0.29411765
v 0.86813726 -0.05690072 3.54583333 0.27450980 0.27450980 0.29411765
v 0.87569671 -0.05012245 3.52631643 0.27450980 0.27450980 0.29411765
v 0.87709364 -0.02168733 3.53673309 0.27450980 0.27450980 0.29411765
v 0.86953419 -0.02846560 3.55625000 0.27450980 0.27450980 0.29411765
v 0.86212370 -0.04936158 3.52605965 0.27450980 0.27450980 0.29411765
v 0.86352063 -0.02092646 3.53647632 0.27450980 0.27450980 0.29411765
v 0.85084766 -0.05148041 3.53335575 0.27450980 0.27450980 0.29411765
v 0.85224459 -0.02304529 3.54377242 0.27450980 0.27450980 0.29411765
v 0.84617567 -0.05566962 3.54541787 0.27450980 0.27450980 0.29411765
v 0.84757259 -0.02723450 3.55583453 0.27450980 0.27450980 0.29411765
v 0.84989225 -0.06032906 3.55763867 0.27450980 0.27450980 0.29411765
v 0.85128918 -0.03189394 3.56805534 0.27450980 0.27450980 0.29411765
v 0.86057781 -0.06367900 3.56535024 0.27450980 0.27450980 0.29411765
v 0.86197474 -0.03524388 3.57576691 0.27450980 0.27450980 0.29411765
v 0.87415083 -0.06443986 3.56560701 0.27450980 0.27450980 0.29411765
v 0.87554775 -0.03600474 3.57602368 0.27450980 0.27450980 0.29411765
v 0.88542686 -0.06232103 3.55831091 0.27450980 0.27450980 0.29411765
v 0.88682379 -0.03388591 3.56872758 0.27450980 0.27450980 0.29411765
v 0.89009886 -0.05813183 3.54624880 0.27450980 0.27450980 0.29411765
v 0.89149579 -0.02969670 3.55666547 0.27450980 0.27450980 0.29411765
v 0.88638227 -0.05347238 3.53402799 0.27450980 0.27450980 0.29411765
v 0.88777920 -0.02503726 3.54444466 0.27450980 0.27450980 0.29411765
v 0.86953419 -0.02846560 3.55625000 0.27450980 0.27450980 0.29411765
v 0.87709364 -0.02147480 3.53680821 0.27450980 0.27450980 0.29411765
v 0.87755945 0.00699080 3.54722487 0.27450980 0.27450980 0.29411765
v 0.87000000 -0.00000000 3.56666667 0.27450980 0.27450980 0.29411765
v 0.86350763 -0.02110755 3.53641217 0.27450980 0.27450980 0.29411765
v 0.86397344 0.00735805 3.54682883 0.27450980 0.27450980 0.29411765
v 0.85222355 -0.02355083 3.54359351 0.27450980 0.27450980 0.29411765
v 0.85268936 0.00491477 3.55401017 0.27450980 0.27450980 0.29411765
v 0.84755156 -0.02787138 3.55560920 0.27450980 0.27450980 0.29411765
v 0.84801736 0.00059422 3.56602586 0.27450980 0.27450980 0.29411765
v 0.85127618 -0.03241891 3.56786965 0.27450980 0.27450980 0.29411765
v 0.85174199 -0.00395331 3.57828632 0.27450980 0.27450980 0.29411765
v 0.86197474 -0.03545641 3.57569179 0.27450980 0.27450980 0.29411765
v 0.86244055 -0.00699080 3.58610846 0.27450980 0.27450980 0.29411765
v 0.87556076 -0.03582365 3.57608783 0.27450980 0.27450980 0.29411765
v 0.87602656 -0.00735805 3.58650450 0.27450980 0.27450980 0.29411765
v 0.88684483 -0.03338037 3.56890649 0.27450980 0.27450980 0.29411765
v 0.88731064 -0.00491477 3.57932316 0.27450980 0.27450980 0.29411765
v 0.89151683 -0.02905982 3.55689080 0.27450980 0.27450980 0.29411765
v 0.89198264 -0.00059422 3.56730747 0.27450980 0.27450980 0.29411765
v 0.88779221 -0.02451229 3.54463035 0.27450980 0.27450980 0.29411765
v 0.88825801 0.00395331 3.55504702 0.27450980 0.27450980 0.29411765
v 0.87000000 -0.00000000 3.56666667 0.27450980 0.27450980 0.29411765
v 0.87755945 -0.00699080 3.58610846 0.27450980 0.27450980 0.29411765
v 0.87709364 0.02147480 3.59652513 0.27450980 0.27450980 0.29411765
v 0.86953419 0.02846560 3.57708333 0.27450980 0.27450980 0.29411765
v 0.88825801 -0.00395331 3.57828632 0.27450980 0.27450980 0.29411765
v 0.88779221 0.02451229 3.58870298 0.27450980 0.27450980 0.29411765
v 0.89198264 0.00059422 3.56602586 0.27450980 0.27450980 0.29411765
v 0.89151683 0.02905982 3.57644253 0.27450980 0.27450980 0.29411765
v 0.88731064 0.00491477 3.55401017 0.27450980 0.27450980 0.29411765
v 0.88684483 0.03338037 3.56442684 0.27450980 0.27450980 0.29411765
v 0.87602656 0.00735805 3.54682883 0.27450980 0.27450980 0.29411765
v 0.87556076 0.03582365 3.55724550 0.27450980 0.27450980 0.29411765
v 0.86244055 0.00699080 3.54722487 0.27450980 0.27450980 0.29411765
v 0.86197474 0.03545641 3.55764154 0.27450980 0.27450980 0.29411765
v 0.85174199 0.00395331 3.55504702 0.27450980 0.27450980 0.29411765
v 0.85127618 0.03241891 3.56546368 0.27450980 0.27450980 0.29411765
v 0.84801736 -0.00059422 3.56730747 0.27450980 0.27450980 0.29411765
v 0.84755156 0.02787138 3.57772414 0.27450980 0.27450980 0.29411765
v 0.85268936 -0.00491477 3.57932316 0.27450980 0.27450980 0.29411765
v 0.85222355 0.02355083 3.58973983 0.27450980 0.27450980 0.29411765
v 0.86397344 -0.00735805 3.58650450 0.27450980 0.27450980 0.29411765
v 0.86350763 0.02110755 3.59692117 0.27450980 0.27450980 0.29411765
v 0.86953419 0.02846560 3.57708333 0.27450980 0.27450980 0.29411765
v 0.87709364 0.02168733 3.59660024 0.27450980 0.27450980 0.29411765
v 0.87569671 0.05012245 3.60701691 0.27450980 0.27450980 0.29411765
v 0.86813726 0.05690072 3.58750000 0.27450980 0.27450980 0.29411765
v 0.88777920 0.02503726 3.58888867 0.27450980 0.27450980 0.29411765
v 0.88638227 0.05347238 3.59930534 0.27450980 0.27450980 0.29411765
v 0.89149579 0.02969670 3.57666787 0.27450980 0.27450980 0.29411765
v 0.89009886 0.05813183 3.58708453 0.27450980 0.27450980 0.29411765
v 0.88682379 0.03388591 3.56460575 0.27450980 0.27450980 0.29411765
v 0.88542686 0.06232103 3.57502242 0.27450980 0.27450980 0.29411765
v 0.87554775 0.03600474 3.55730965 0.27450980 0.27450980 0.29411765
v 0.87415083 0.06443986 3.56772632 0.27450980 0.27450980 0.29411765
v 0.86197474 0.03524388 3.55756643 0.27450980 0.27450980 0.29411765
v 0.86057781 0.06367900 3.56798309 0.27450980 0.27450980 0.29411765
v 0.85128918 0.03189394 3.56527799 0.27450980 0.27450980 0.29411765
v 0.84989225 0.06032906 3.57569466 0.27450980 0.27450980 0.29411765
v 0.84757259 0.02723450 3.57749880 0.27450980 0.27450980 0.29411765
v 0.84617567 0.05566962 3.58791547 0.27450980 0.27450980 0.29411765
v 0.85224459 0.02304529 3.58956091 0.27450980 0.27450980 0.29411765
v 0.85084766 0.05148041 3.59997758 0.27450980 0.27450980 0.29411765
v 0.86352063 0.02092646 3.59685701 0.27450980 0.27450980 0.29411765
v 0.86212370 0.04936158 3.60727368 0.27450980 0.27450980 0.29411765
v 0.86813726 0.05690072 3.58750000 0.27450980 0.27450980 0.29411765
v 0.87569671 0.05032960 3.60708762 0.27450980 0.27450980 0.29411765
v 0.87337016 0.07870379 3.61750429 0.27450980 0.27450980 0.29411765
v 0.86581071 0.08527491 3.59791667 0.27450980 0.27450980 0.29411765
v 0.88635628 0.05399494 3.59948431 0.27450980 0.27450980 0.29411765
v 0.88402973 0.08236913 3.60990098 0.27450980 0.27450980 0.29411765
v 0.89005681 0.05877020 3.58730340 0.27450980 0.27450980 0.29411765
v 0.88773026 0.08714439 3.59772007 0.27450980 0.27450980 0.29411765
v 0.88538481 0.06283138 3.57519758 0.27450980 0.27450980 0.29411765
v 0.88305826 0.09120557 3.58561425 0.27450980 0.27450980 0.29411765
v 0.87412483 0.06462725 3.56779087 0.27450980 0.27450980 0.29411765
v 0.87179828 0.09300144 3.57820754 0.27450980 0.27450980 0.29411765
v 0.86057781 0.06347185 3.56791238 0.27450980 0.27450980 0.29411765
v 0.85825126 0.09184604 3.57832904 0.27450980 0.27450980 0.29411765
v 0.84991824 0.05980650 3.57551569 0.27450980 0.27450980 0.29411765
v 0.84759169 0.08818069 3.58593236 0.27450980 0.27450980 0.29411765
v 0.84621772 0.05503125 3.58769660 0.27450980 0.27450980 0.29411765
v 0.84389117 0.08340544 3.59811327 0.27450980 0.27450980 0.29411765
v 0.85088972 0.05097007 3.59980242 0.27450980 0.27450980 0.29411765
v 0.84856317 0.07934426 3.61021909 0.27450980 0.27450980 0.29411765
v 0.86214969 0.04917420 3.60720913 0.27450980 0.27450980 0.29411765
v 0.85982314 0.07754839 3.61762580 0.27450980 0.27450980 0.29411765
v 0.86581071 0.08527491 3.59791667 0.27450980 0.27450980 0.29411765
v 0.87337016 0.07890584 3.61757092 0.27450980 0.27450980 0.29411765
v 0.87011648 0.10718871 3.62798758 0.27450980 0.27450980 0.29411765
v 0.86255703 0.11355779 3.60833333 0.27450980 0.27450980 0.29411765
v 0.88399078 0.08288891 3.61007364 0.27450980 0.27450980 0.29411765
v 0.88073710 0.11117179 3.62049031 0.27450980 0.27450980 0.29411765
v 0.88766723 0.08778335 3.59793281 0.27450980 0.27450980 0.29411765
v 0.88441355 0.11606623 3.60834948 0.27450980 0.27450980 0.29411765
v 0.88299523 0.09171966 3.58578582 0.27450980 0.27450980 0.29411765
v 0.87974155 0.12000253 3.59620249 0.27450980 0.27450980 0.29411765
v 0.87175933 0.09319429 3.57827240 0.27450980 0.27450980 0.29411765
v 0.86850565 0.12147716 3.58868906 0.27450980 0.27450980 0.29411765
v 0.85825126 0.09164399 3.57826242 0.27450980 0.27450980 0.29411765
v 0.85499758 0.11992686 3.58867908 0.27450980 0.27450980 0.29411765
v 0.84763064 0.08766091 3.58575969 0.27450980 0.27450980 0.29411765
v 0.84437696 0.11594379 3.59617636 0.27450980 0.27450980 0.29411765
v 0.84395419 0.08276647 3.59790052 0.27450980 0.27450980 0.29411765
v 0.84070051 0.11104934 3.60831719 0.27450980 0.27450980 0.29411765
v 0.84862619 0.07883017 3.61004751 0.27450980 0.27450980 0.29411765
v 0.84537251 0.10711304 3.62046418 0.27450980 0.27450980 0.29411765
v 0.85986209 0.07735554 3.61756094 0.27450980 0.27450980 0.29411765
v 0.85660841 0.10563841 3.62797760 0.27450980 0.27450980 0.29411765
v 0.86255703 0.11355779 3.60833333 0.27450980 0.27450980 0.29411765
v 0.87011648 0.10738592 3.62805040 0.27450980 0.27450980 0.29411765
v 0.86593915 0.13554719 3.63846707 0.27450980 0.27450980 0.29411765
v 0.85837970 0.14171906 3.61875000 0.27450980 0.27450980 0.29411765
v 0.88068523 0.11168840 3.62065704 0.27450980 0.27450980 0.29411765
v 0.87650790 0.13984967 3.63107371 0.27450980 0.27450980 0.29411765
v 0.88432962 0.11670492 3.60855644 0.27450980 0.27450980 0.29411765
v 0.88015229 0.14486619 3.61897311 0.27450980 0.27450980 0.29411765
v 0.87965762 0.12051935 3.59637063 0.27450980 0.27450980 0.29411765
v 0.87548029 0.14868062 3.60678729 0.27450980 0.27450980 0.29411765
v 0.86845378 0.12167469 3.58875416 0.27450980 0.27450980 0.29411765
v 0.86427645 0.14983597 3.59917082 0.27450980 0.27450980 0.29411765
v 0.85499758 0.11972966 3.58861627 0.27450980 0.27450980 0.29411765
v 0.85082025 0.14789093 3.59903293 0.27450980 0.27450980 0.29411765
v 0.84442883 0.11542718 3.59600963 0.27450980 0.27450980 0.29411765
v 0.84025150 0.14358845 3.60642629 0.27450980 0.27450980 0.29411765
v 0.84078444 0.11041065 3.60811022 0.27450980 0.27450980 0.29411765
v 0.83660711 0.13857193 3.61852689 0.27450980 0.27450980 0.29411765
v 0.84545643 0.10659623 3.62029604 0.27450980 0.27450980 0.29411765
v 0.84127910 0.13475750 3.63071271 0.27450980 0.27450980 0.29411765
v 0.85666028 0.10544088 3.62791251 0.27450980 0.27450980 0.29411765
v 0.85248295 0.13360216 3.63832918 0.27450980 0.27450980 0.29411765
v 0.85837970 0.14171906 3.61875000 0.27450980 0.27450980 0.29411765
v 0.86593915 0.13573979 3.63852632 0.27450980 0.27450980 0.29411765
v 0.86084265 0.16374931 3.64894299 0.27450980 0.27450980 0.29411765
v 0.85328319 0.16972858 3.62916667 0.27450980 0.27450980 0.29411765
v 0.87644317 0.14036274 3.63123485 0.27450980 0.27450980 0.29411765
v 0.87134666 0.16837226 3.64165152 0.27450980 0.27450980 0.29411765
v 0.88004755 0.14550376 3.61917459 0.27450980 0.27450980 0.29411765
v 0.87495105 0.17351327 3.62959126 0.27450980 0.27450980 0.29411765
v 0.87537555 0.14919915 3.60695215 0.27450980 0.27450980 0.29411765
v 0.87027905 0.17720867 3.61736882 0.27450980 0.27450980 0.29411765
v 0.86421172 0.15003741 3.59923609 0.27450980 0.27450980 0.29411765
v 0.85911521 0.17804692 3.60965276 0.27450980 0.27450980 0.29411765
v 0.85082025 0.14769834 3.59897368 0.27450980 0.27450980 0.29411765
v 0.84572374 0.17570785 3.60939034 0.27450980 0.27450980 0.29411765
v 0.84031623 0.14307539 3.60626515 0.27450980 0.27450980 0.29411765
v 0.83521973 0.17108490 3.61668181 0.27450980 0.27450980 0.29411765
v 0.83671185 0.13793437 3.61832541 0.27450980 0.27450980 0.29411765
v 0.83161534 0.16594389 3.62874207 0.27450980 0.27450980 0.29411765
v 0.84138384 0.13423897 3.63054785 0.27450980 0.27450980 0.29411765
v 0.83628734 0.16224849 3.64096451 0.27450980 0.27450980 0.29411765
v 0.85254768 0.13340072 3.63826391 0.27450980 0.27450980 0.29411765
v 0.84745118 0.16141024 3.64868058 0.27450980 0.27450980 0.29411765
v 0.85328319 0.16972858 3.62916667 0.27450980 0.27450980 0.29411765
v 0.86084265 0.16393753 3.64899892 0.27450980 0.27450980 0.29411765
v 0.85483242 0.19176530 3.65941559 0.27450980 0.27450980 0.29411765
v 0.84727297 0.19755635 3.63958333 0.27450980 0.27450980 0.29411765
v 0.87126913 0.16888141 3.64180741 0.27450980 0.27450980 0.29411765
v 0.86525891 0.19670918 3.65222407 0.27450980 0.27450980 0.29411765
v 0.87482560 0.17414888 3.62978755 0.27450980 0.27450980 0.29411765
v 0.86881538 0.20197665 3.64020422 0.27450980 0.27450980 0.29411765
v 0.87015361 0.17772795 3.61753055 0.27450980 0.27450980 0.29411765
v 0.86414338 0.20555572 3.62794721 0.27450980 0.27450980 0.29411765
v 0.85903768 0.17825153 3.60971814 0.27450980 0.27450980 0.29411765
v 0.85302746 0.20607930 3.62013481 0.27450980 0.27450980 0.29411765
v 0.84572374 0.17551963 3.60933441 0.27450980 0.27450980 0.29411765
v 0.83971352 0.20334740 3.61975108 0.27450980 0.27450980 0.29411765
v 0.83529725 0.17057575 3.61652593 0.27450980 0.27450980 0.29411765
v 0.82928703 0.19840352 3.62694259 0.27450980 0.27450980 0.29411765
v 0.83174078 0.16530828 3.62854578 0.27450980 0.27450980 0.29411765
v 0.82573056 0.19313605 3.63896245 0.27450980 0.27450980 0.29411765
v 0.83641278 0.16172921 3.64080279 0.27450980 0.27450980 0.29411765
v 0.83040256 0.18955698 3.65121945 0.27450980 0.27450980 0.29411765
v 0.84752870 0.16120563 3.64861519 0.27450980 0.27450980 0.29411765
v 0.84151848 0.18903340 3.65903186 0.27450980 0.27450980 0.29411765
v 0.84727297 0.19755635 3.63958333 0.27450980 0.27450980 0.29411765
v 0.85483242 0.19194936 3.65946841 0.27450980 0.27450980 0.29411765
v 0.84791492 0.21956558 3.66988508 0.27450980 0.27450980 0.29411765
v 0.84035547 0.22517257 3.65000000 0.27450980 0.27450980 0.29411765
v 0.86516867 0.19721405 3.65237500 0.27450980 0.27450980 0.29411765
v 0.85825117 0.22483027 3.66279166 0.27450980 0.27450980 0.29411765
v 0.86866937 0.20260949 3.64039560 0.27450980 0.27450980 0.29411765
v 0.86175187 0.23022571 3.65081227 0.27450980 0.27450980 0.29411765
v 0.86399738 0.20607479 3.62810595 0.27450980 0.27450980 0.29411765
v 0.85707987 0.23369101 3.63852261 0.27450980 0.27450980 0.29411765
v 0.85293722 0.20628634 3.62020026 0.27450980 0.27450980 0.29411765
v 0.84601972 0.23390256 3.63061693 0.27450980 0.27450980 0.29411765
v 0.83971352 0.20316333 3.61969825 0.27450980 0.27450980 0.29411765
v 0.83279602 0.23077955 3.63011492 0.27450980 0.27450980 0.29411765
v 0.82937727 0.19789865 3.62679167 0.27450980 0.27450980 0.29411765
v 0.82245977 0.22551487 3.63720834 0.27450980 0.27450980 0.29411765
v 0.82587657 0.19250321 3.63877106 0.27450980 0.27450980 0.29411765
v 0.81895907 0.22011943 3.64918773 0.27450980 0.27450980 0.29411765
v 0.83054857 0.18903790 3.65106072 0.27450980 0.27450980 0.29411765
v 0.82363106 0.21665413 3.66147739 0.27450980 0.27450980 0.29411765
v 0.84160872 0.18882635 3.65896640 0.27450980 0.27450980 0.29411765
v 0.83469122 0.21644257 3.66938307 0.27450980 0.27450980 0.29411765
v 0.84035547 0.22517257 3.65000000 0.27450980 0.27450980 0.29411765
v 0.84791492 0.21974570 3.66993499 0.27450980 0.27450980 0.29411765
v 0.84009754 0.24712080 3.68035166 0.27450980 0.27450980 0.29411765
v 0.83253809 0.25254767 3.66041667 0.27450980 0.27450980 0.29411765
v 0.85814832 0.22533050 3.66293791 0.27450980 0.27450980 0.29411765
v 0.85033094 0.25270560 3.67335458 0.27450980 0.27450980 0.29411765
v 0.86158545 0.23085498 3.65099899 0.27450980 0.27450980 0.29411765
v 0.85376808 0.25823008 3.66141566 0.27450980 0.27450980 0.29411765
v 0.85691345 0.23420897 3.63867849 0.27450980 0.27450980 0.29411765
v 0.84909608 0.26158407 3.64909516 0.27450980 0.27450980 0.29411765
v 0.84591687 0.23411136 3.63068242 0.27450980 0.27450980 0.29411765
v 0.83809949 0.26148646 3.64109909 0.27450980 0.27450980 0.29411765
v 0.83279602 0.23059944 3.63006501 0.27450980 0.27450980 0.29411765
v 0.82497864 0.25797454 3.64048168 0.27450980 0.27450980 0.29411765
v 0.82256262 0.22501463 3.63706209 0.27450980 0.27450980 0.29411765
v 0.81474524 0.25238973 3.64747875 0.27450980 0.27450980 0.29411765
v 0.81912549 0.21949016 3.64900101 0.27450980 0.27450980 0.29411765
v 0.81130811 0.24686526 3.65941767 0.27450980 0.27450980 0.29411765
v 0.82379748 0.21613617 3.66132151 0.27450980 0.27450980 0.29411765
v 0.81598011 0.24351127 3.67173818 0.27450980 0.27450980 0.29411765
v 0.83479407 0.21623378 3.66931758 0.27450980 0.27450980 0.29411765
v 0.82697669 0.24360888 3.67973424 0.27450980 0.27450980 0.29411765
v 0.83253809 0.25254767 3.66041667 0.27450980 0.27450980 0.29411765
v 0.84009754 0.24729716 3.68039883 0.27450980 0.27450980 0.29411765
v 0.83138866 0.27440183 3.69081550 0.27450980 0.27450980 0.29411765
v 0.82382921 0.27965233 3.67083333 0.27450980 0.27450980 0.29411765
v 0.85021558 0.25320084 3.67349641 0.27450980 0.27450980 0.29411765
v 0.84150671 0.28030550 3.68391307 0.27450980 0.27450980 0.29411765
v 0.85358142 0.25885502 3.66159797 0.27450980 0.27450980 0.29411765
v 0.84487255 0.28595969 3.67201463 0.27450980 0.27450980 0.29411765
v 0.84890943 0.26210001 3.64924831 0.27450980 0.27450980 0.29411765
v 0.84020055 0.28920468 3.65966498 0.27450980 0.27450980 0.29411765
v 0.83798414 0.26169633 3.64116459 0.27450980 0.27450980 0.29411765
v 0.82927526 0.28880100 3.65158125 0.27450980 0.27450980 0.29411765
v 0.82497864 0.25779817 3.64043450 0.27450980 0.27450980 0.29411765
v 0.81626976 0.28490284 3.65085117 0.27450980 0.27450980 0.29411765
v 0.81486060 0.25189450 3.64733693 0.27450980 0.27450980 0.29411765
v 0.80615172 0.27899917 3.65775359 0.27450980 0.27450980 0.29411765
v 0.81149476 0.24624032 3.65923537 0.27450980 0.27450980 0.29411765
v 0.80278588 0.27334498 3.66965203 0.27450980 0.27450980 0.29411765
v 0.81616676 0.24299533 3.67158502 0.27450980 0.27450980 0.29411765
v 0.80745788 0.27009999 3.68200169 0.27450980 0.27450980 0.29411765
v 0.82709205 0.24339901 3.67966875 0.27450980 0.27450980 0.29411765
v 0.81838317 0.27050367 3.69008541 0.27450980 0.27450980 0.29411765
v 0.82382921 0.27965233 3.67083333 0.27450980 0.27450980 0.29411765
v 0.83138866 0.27457462 3.69086010 0.27450980 0.27450980 0.29411765
v 0.82179761 0.30137983 3.70127677 0.27450980 0.27450980 0.29411765
v 0.81423816 0.30645754 3.68125000 0.27450980 0.27450980 0.29411765
v 0.84137897 0.28079538 3.68405073 0.27450980 0.27450980 0.29411765
v 0.83178791 0.30760058 3.69446739 0.27450980 0.27450980 0.29411765
v 0.84466586 0.28657953 3.67219276 0.27450980 0.27450980 0.29411765
v 0.83507481 0.31338473 3.68260942 0.27450980 0.27450980 0.29411765
v 0.83999386 0.28971772 3.65981553 0.27450980 0.27450980 0.29411765
v 0.83040281 0.31652293 3.67023220 0.27450980 0.27450980 0.29411765
v 0.82914752 0.28901129 3.65164673 0.27450980 0.27450980 0.29411765
v 0.81955646 0.31581649 3.66206340 0.27450980 0.27450980 0.29411765
v 0.81626976 0.28473004 3.65080656 0.27450980 0.27450980 0.29411765
v 0.80667870 0.31153525 3.66122323 0.27450980 0.27450980 0.29411765
v 0.80627946 0.27850929 3.65761594 0.27450980 0.27450980 0.29411765
v 0.79668840 0.30531450 3.66803261 0.27450980 0.27450980 0.29411765
v 0.80299256 0.27272514 3.66947391 0.27450980 0.27450980 0.29411765
v 0.79340151 0.29953035 3.67989058 0.27450980 0.27450980 0.29411765
v 0.80766456 0.26958694 3.68185114 0.27450980 0.27450980 0.29411765
v 0.79807350 0.29639215 3.69226780 0.27450980 0.27450980 0.29411765
v 0.81851091 0.27029338 3.69001993 0.27450980 0.27450980 0.29411765
v 0.80891985 0.29709859 3.70043660 0.27450980 0.27450980 0.29411765
v 0.81423816 0.30645754 3.68125000 0.27450980 0.27450980 0.29411765
v 0.82179761 0.30154924 3.70131896 0.27450980 0.27450980 0.29411765
v 0.81133464 0.32802628 3.71173563 0.27450980 0.27450980 0.29411765
v 0.80377519 0.33293459 3.69166667 0.27450980 0.27450980 0.29411765
v 0.83164793 0.30808476 3.69460110 0.27450980 0.27450980 0.29411765
v 0.82118497 0.33456180 3.70501777 0.27450980 0.27450980 0.29411765
v 0.83484831 0.31399874 3.68278357 0.27450980 0.27450980 0.29411765
v 0.82438535 0.34047578 3.69320024 0.27450980 0.27450980 0.29411765
v 0.83017631 0.31703224 3.67038027 0.27450980 0.27450980 0.29411765
v 0.81971335 0.34350928 3.68079694 0.27450980 0.27450980 0.29411765
v 0.81941648 0.31602656 3.66212884 0.27450980 0.27450980 0.29411765
v 0.80895352 0.34250361 3.67254551 0.27450980 0.27450980 0.29411765
v 0.80667870 0.31136585 3.66118104 0.27450980 0.27450980 0.29411765
v 0.79621574 0.33784289 3.67159770 0.27450980 0.27450980 0.29411765
v 0.79682838 0.30483033 3.66789890 0.27450980 0.27450980 0.29411765
v 0.78636542 0.33130737 3.67831557 0.27450980 0.27450980 0.29411765
v 0.79362800 0.29891635 3.67971643 0.27450980 0.27450980 0.29411765
v 0.78316504 0.32539339 3.69013309 0.27450980 0.27450980 0.29411765
v 0.79830000 0.29588285 3.69211973 0.27450980 0.27450980 0.29411765
v 0.78783704 0.32235989 3.70253639 0.27450980 0.27450980 0.29411765
v 0.80905983 0.29688852 3.70037116 0.27450980 0.27450980 0.29411765
v 0.79859687 0.32336557 3.71078783 0.27450980 0.27450980 0.29411765
v 0.80377519 0.33293459 3.69166667 0.27450980 0.27450980 0.29411765
v 0.81133464 0.32819246 3.71177554 0.27450980 0.27450980 0.29411765
v 0.80001098 0.35431299 3.72219221 0.27450980 0.27450980 0.29411765
v 0.79245153 0.35905512 3.70208333 0.27450980 0.27450980 0.29411765
v 0.82103289 0.33503993 3.70514774 0.27450980 0.27450980 0.29411765
v 0.80970923 0.36116046 3.71556441 0.27450980 0.27450980 0.29411765
v 0.82413929 0.34108322 3.69337062 0.27450980 0.27450980 0.29411765
v 0.81281562 0.36720375 3.70378729 0.27450980 0.27450980 0.29411765
v 0.81946729 0.34401401 3.68094265 0.27450980 0.27450980 0.29411765
v 0.80814362 0.37013454 3.69135932 0.27450980 0.27450980 0.29411765
v 0.80880144 0.34271284 3.67261089 0.27450980 0.27450980 0.29411765
v 0.79747778 0.36883337 3.68302756 0.27450980 0.27450980 0.29411765
v 0.79621574 0.33767671 3.67155779 0.27450980 0.27450980 0.29411765
v 0.78489208 0.36379724 3.68197446 0.27450980 0.27450980 0.29411765
v 0.78651749 0.33082925 3.67818559 0.27450980 0.27450980 0.29411765
v 0.77519383 0.35694978 3.68860226 0.27450980 0.27450980 0.29411765
v 0.78341110 0.32478595 3.68996271 0.27450980 0.27450980 0.29411765
v 0.77208743 0.35090648 3.70037938 0.27450980 0.27450980 0.29411765
v 0.78808310 0.32185516 3.70239068 0.27450980 0.27450980 0.29411765
v 0.77675943 0.34797569 3.71280735 0.27450980 0.27450980 0.29411765
v 0.79874894 0.32315633 3.71072244 0.27450980 0.27450980 0.29411765
v 0.78742528 0.34927686 3.72113911 0.27450980 0.27450980 0.29411765
v 0.79245153 0.35905512 3.70208333 0.27450980 0.27450980 0.29411765
v 0.80001098 0.35447611 3.72222998 0.27450980 0.27450980 0.29411765
v 0.78783874 0.38021216 3.73264665 0.27450980 0.27450980 0.29411765
v 0.78027929 0.38479116 3.71250000 0.27450980 0.27450980 0.29411765
v 0.80954522 0.36163219 3.71569084 0.27450980 0.27450980 0.29411765
v 0.79737298 0.38736823 3.72610751 0.27450980 0.27450980 0.29411765
v 0.81255025 0.36780391 3.70395410 0.27450980 0.27450980 0.29411765
v 0.80037801 0.39353996 3.71437077 0.27450980 0.27450980 0.29411765
v 0.80787826 0.37063389 3.69150279 0.27450980 0.27450980 0.29411765
v 0.79570601 0.39636994 3.70191945 0.27450980 0.27450980 0.29411765
v 0.79731377 0.36904117 3.68309288 0.27450980 0.27450980 0.29411765
v 0.78514153 0.39477722 3.69350955 0.27450980 0.27450980 0.29411765
v 0.78489208 0.36363412 3.68193669 0.27450980 0.27450980 0.29411765
v 0.77271983 0.38937016 3.69235335 0.27450980 0.27450980 0.29411765
v 0.77535783 0.35647804 3.68847582 0.27450980 0.27450980 0.29411765
v 0.76318559 0.38221409 3.69889249 0.27450980 0.27450980 0.29411765
v 0.77235280 0.35030632 3.70021257 0.27450980 0.27450980 0.29411765
v 0.76018056 0.37604236 3.71062923 0.27450980 0.27450980 0.29411765
v 0.77702480 0.34747634 3.71266388 0.27450980 0.27450980 0.29411765
v 0.76485256 0.37321238 3.72308055 0.27450980 0.27450980 0.29411765
v 0.78758928 0.34906906 3.72107378 0.27450980 0.27450980 0.29411765
v 0.77541704 0.37480510 3.73149045 0.27450980 0.27450980 0.29411765
v 0.78027929 0.38479116 3.71250000 0.27450980 0.27450980 0.29411765
v 0.78783874 0.38037237 3.73268239 0.27450980 0.27450980 0.29411765
v 0.77483095 0.40569637 3.74309906 0.27450980 0.27450980 0.29411765
v 0.76727150 0.41011516 3.72291667 0.27450980 0.27450980 0.29411765
v 0.79719722 0.38783325 3.72623060 0.27450980 0.27450980 0.29411765
v 0.78418943 0.41315725 3.73664726 0.27450980 0.27450980 0.29411765
v 0.80009362 0.39413215 3.71453418 0.27450980 0.27450980 0.29411765
v 0.78708584 0.41945615 3.72495085 0.27450980 0.27450980 0.29411765
v 0.79542163 0.39686312 3.70206078 0.27450980 0.27450980 0.29411765
v 0.78241384 0.42218712 3.71247744 0.27450980 0.27450980 0.29411765
v 0.78496577 0.39498300 3.69357480 0.27450980 0.27450980 0.29411765
v 0.77195798 0.42030700 3.70399147 0.27450980 0.27450980 0.29411765
v 0.77271983 0.38920995 3.69231761 0.27450980 0.27450980 0.29411765
v 0.75971205 0.41453395 3.70273427 0.27450980 0.27450980 0.29411765
v 0.76336135 0.38174907 3.69876940 0.27450980 0.27450980 0.29411765
v 0.75035357 0.40707308 3.70918607 0.27450980 0.27450980 0.29411765
v 0.76046495 0.37545017 3.71046582 0.27450980 0.27450980 0.29411765
v 0.74745716 0.40077417 3.72088249 0.27450980 0.27450980 0.29411765
v 0.76513695 0.37271920 3.72293922 0.27450980 0.27450980 0.29411765
v 0.75212916 0.39804320 3.73335589 0.27450980 0.27450980 0.29411765
v 0.77559280 0.37459932 3.73142520 0.27450980 0.27450980 0.29411765
v 0.76258502 0.39992332 3.74184187 0.27450980 0.27450980 0.29411765
v 0.76727150 0.41011516 3.72291667 0.27450980 0.27450980 0.29411765
v 0.77483095 0.40585381 3.74313289 0.27450980 0.27450980 0.29411765
v 0.76100155 0.43073865 3.75354955 0.27450980 0.27450980 0.29411765
v 0.75344210 0.43500000 3.73333333 0.27450980 0.27450980 0.29411765
v 0.78400210 0.41361521 3.73676718 0.27450980 0.27450980 0.29411765
v 0.77017270 0.43850004 3.74718384 0.27450980 0.27450980 0.29411765
v 0.78678273 0.42003970 3.72511104 0.27450980 0.27450980 0.29411765
v 0.77295333 0.44492454 3.73552771 0.27450980 0.27450980 0.29411765
v 0.78211074 0.42267336 3.71261673 0.27450980 0.27450980 0.29411765
v 0.76828134 0.44755820 3.72303339 0.27450980 0.27450980 0.29411765
v 0.77177065 0.42051021 3.70405664 0.27450980 0.27450980 0.29411765
v 0.75794126 0.44539505 3.71447331 0.27450980 0.27450980 0.29411765
v 0.75971205 0.41437651 3.70270045 0.27450980 0.27450980 0.29411765
v 0.74588265 0.43926135 3.71311711 0.27450980 0.27450980 0.29411765
v 0.75054090 0.40661512 3.70906616 0.27450980 0.27450980 0.29411765
v 0.73671150 0.43149996 3.71948282 0.27450980 0.27450980 0.29411765
v 0.74776027 0.40019062 3.72072229 0.27450980 0.27450980 0.29411765
v 0.73393087 0.42507546 3.73113896 0.27450980 0.27450980 0.29411765
v 0.75243226 0.39755696 3.73321661 0.27450980 0.27450980 0.29411765
v 0.73860287 0.42244180 3.74363327 0.27450980 0.27450980 0.29411765
v 0.76277235 0.39972011 3.74177669 0.27450980 0.27450980 0.29411765
v 0.74894295 0.42460495 3.75219336 0.27450980 0.27450980 0.29411765
v 0.75344210 0.43500000 3.73333333 0.27450980 0.27450980 0.29411765
v 0.76100155 0.43089347 3.75358157 0.27450980 0.27450980 0.29411765
v 0.74636535 0.45531250 3.76399824 0.27450980 0.27450980 0.29411765
v 0.73880590 0.45941903 3.74375000 0.27450980 0.27450980 0.29411765
v 0.76997401 0.43895063 3.74730074 0.27450980 0.27450980 0.29411765
v 0.75533781 0.46336966 3.75771741 0.27450980 0.27450980 0.29411765
v 0.77263184 0.44549878 3.73568484 0.27450980 0.27450980 0.29411765
v 0.75799564 0.46991781 3.74610151 0.27450980 0.27450980 0.29411765
v 0.76795984 0.44803675 3.72317074 0.27450980 0.27450980 0.29411765
v 0.75332364 0.47245579 3.73358741 0.27450980 0.27450980 0.29411765
v 0.75774256 0.44559513 3.71453841 0.27450980 0.27450980 0.29411765
v 0.74310636 0.47001416 3.72495507 0.27450980 0.27450980 0.29411765
v 0.74588265 0.43910653 3.71308510 0.27450980 0.27450980 0.29411765
v 0.73124645 0.46352556 3.72350176 0.27450980 0.27450980 0.29411765
v 0.73691019 0.43104937 3.71936592 0.27450980 0.27450980 0.29411765
v 0.72227399 0.45546840 3.72978259 0.27450980 0.27450980 0.29411765
v 0.73425236 0.42450122 3.73098183 0.27450980 0.27450980 0.29411765
v 0.71961616 0.44892025 3.74139849 0.27450980 0.27450980 0.29411765
v 0.73892436 0.42196325 3.74349592 0.27450980 0.27450980 0.29411765
v 0.72428816 0.44638228 3.75391259 0.27450980 0.27450980 0.29411765
v 0.74914164 0.42440487 3.75212826 0.27450980 0.27450980 0.29411765
v 0.73450544 0.44882390 3.76254493 0.27450980 0.27450980 0.29411765
v 0.73880590 0.45941903 3.74375000 0.27450980 0.27450980 0.29411765
v 0.74636535 0.45546483 3.76402853 0.27450980 0.27450980 0.29411765
v 0.73093801 0.47939190 3.77444520 0.27450980 0.27450980 0.29411765
v 0.72337856 0.48334610 3.75416667 0.27450980 0.27450980 0.29411765
v 0.75512796 0.46381255 3.75783146 0.27450980 0.27450980 0.29411765
v 0.73970062 0.48773962 3.76824812 0.27450980 0.27450980 0.29411765
v 0.75765609 0.47048210 3.74625574 0.27450980 0.27450980 0.29411765
v 0.74222876 0.49440917 3.75667241 0.27450980 0.27450980 0.29411765
v 0.75298409 0.47292593 3.73372292 0.27450980 0.27450980 0.29411765
v 0.73755676 0.49685300 3.74413958 0.27450980 0.27450980 0.29411765
v 0.74289651 0.47021059 3.72502010 0.27450980 0.27450980 0.29411765
v 0.72746917 0.49413766 3.73543676 0.27450980 0.27450980 0.29411765
v 0.73124645 0.46337323 3.72347147 0.27450980 0.27450980 0.29411765
v 0.71581911 0.48730031 3.73388813 0.27450980 0.27450980 0.29411765
v 0.72248384 0.45502551 3.72966854 0.27450980 0.27450980 0.29411765
v 0.70705650 0.47895258 3.74008521 0.27450980 0.27450980 0.29411765
v 0.71995570 0.44835596 3.74124426 0.27450980 0.27450980 0.29411765
v 0.70452837 0.47228304 3.75166093 0.27450980 0.27450980 0.29411765
v 0.72462770 0.44591213 3.75377708 0.27450980 0.27450980 0.29411765
v 0.70920037 0.46983920 3.76419375 0.27450980 0.27450980 0.29411765
v 0.73471529 0.44862747 3.76247990 0.27450980 0.27450980 0.29411765
v 0.71928795 0.47255455 3.77289657 0.27450980 0.27450980 0.29411765
v 0.72337856 0.48334610 3.75416667 0.27450980 0.27450980 0.29411765
v 0.73093801 0.47954186 3.77447387 0.27450980 0.27450980 0.29411765
v 0.71473607 0.50295135 3.78489053 0.27450980 0.27450980 0.29411765
v 0.70717662 0.50675560 3.76458333 0.27450980 0.27450980 0.29411765
v 0.73947984 0.48817451 3.76835946 0.27450980 0.27450980 0.29411765
v 0.72327790 0.51158400 3.77877612 0.27450980 0.27450980 0.29411765
v 0.74187153 0.49496287 3.75682388 0.27450980 0.27450980 0.29411765
v 0.72566958 0.51837237 3.76724055 0.27450980 0.27450980 0.29411765
v 0.73719953 0.49731403 3.74427334 0.27450980 0.27450980 0.29411765
v 0.72099758 0.52072352 3.75469001 0.27450980 0.27450980 0.29411765
v 0.72724839 0.49432991 3.73550172 0.27450980 0.27450980 0.29411765
v 0.71104645 0.51773940 3.74591838 0.27450980 0.27450980 0.29411765
v 0.71581911 0.48715035 3.73385947 0.27450980 0.27450980 0.29411765
v 0.69961716 0.51055984 3.74427613 0.27450980 0.27450980 0.29411765
v 0.70727728 0.47851770 3.73997388 0.27450980 0.27450980 0.29411765
v 0.69107534 0.50192719 3.75039054 0.27450980 0.27450980 0.29411765
v 0.70488560 0.47172933 3.75150945 0.27450980 0.27450980 0.29411765
v 0.68868365 0.49513882 3.76192612 0.27450980 0.27450980 0.29411765
v 0.70955759 0.46937818 3.76405999 0.27450980 0.27450980 0.29411765
v 0.69335565 0.49278767 3.77447666 0.27450980 0.27450980 0.29411765
v 0.71950873 0.47236230 3.77283162 0.27450980 0.27450980 0.29411765
v 0.70330679 0.49577179 3.78324828 0.27450980 0.27450980 0.29411765
v 0.70717662 0.50675560 3.76458333 0.27450980 0.27450980 0.29411765
v 0.71473607 0.50309906 3.78491765 0.27450980 0.27450980 0.29411765
v 0.69777686 0.52596591 3.79533432 0.27450980 0.27450980 0.29411765
v 0.69021741 0.52962244 3.77500000 0.27450980 0.27450980 0.29411765
v 0.72304642 0.51201058 3.77888488 0.27450980 0.27450980 0.29411765
v 0.70608721 0.53487743 3.78930155 0.27450980 0.27450980 0.29411765
v 0.72529505 0.51891488 3.76738941 0.27450980 0.27450980 0.29411765
v 0.70833584 0.54178172 3.77780608 0.27450980 0.27450980 0.29411765
v 0.72062306 0.52117474 3.75482211 0.27450980 0.27450980 0.29411765
v 0.70366385 0.54404159 3.76523878 0.27450980 0.27450980 0.29411765
v 0.71081497 0.51792698 3.74598327 0.27450980 0.27450980 0.29411765
v 0.69385577 0.54079383 3.75639993 0.27450980 0.27450980 0.29411765
v 0.69961716 0.51041213 3.74424902 0.27450980 0.27450980 0.29411765
v 0.68265795 0.53327898 3.75466568 0.27450980 0.27450980 0.29411765
v 0.69130681 0.50150061 3.75028178 0.27450980 0.27450980 0.29411765
v 0.67434760 0.52436746 3.76069845 0.27450980 0.27450980 0.29411765
v 0.68905818 0.49459631 3.76177726 0.27450980 0.27450980 0.29411765
v 0.67209897 0.51746316 3.77219392 0.27450980 0.27450980 0.29411765
v 0.69373018 0.49233645 3.77434456 0.27450980 0.27450980 0.29411765
v 0.67677097 0.51520330 3.78476122 0.27450980 0.27450980 0.29411765
v 0.70353826 0.49558421 3.78318340 0.27450980 0.27450980 0.29411765
v 0.68657905 0.51845106 3.79360007 0.27450980 0.27450980 0.29411765
v 0.69021741 0.52962244 3.77500000 0.27450980 0.27450980 0.29411765
v 0.69777686 0.52611149 3.79535996 0.27450980 0.27450980 0.29411765
v 0.68007855 0.54841120 3.80577662 0.27450980 0.27450980 0.29411765
v 0.67251909 0.55192216 3.78541667 0.27450980 0.27450980 0.29411765
v 0.70584530 0.53529540 3.78940786 0.27450980 0.27450980 0.29411765
v 0.68814699 0.55759512 3.79982453 0.27450980 0.27450980 0.29411765
v 0.70794442 0.54231245 3.77795245 0.27450980 0.27450980 0.29411765
v 0.69024610 0.56461216 3.78836912 0.27450980 0.27450980 0.29411765
v 0.70327242 0.54448234 3.76536931 0.27450980 0.27450980 0.29411765
v 0.68557411 0.56678205 3.77578597 0.27450980 0.27450980 0.29411765
v 0.69361385 0.54097625 3.75646476 0.27450980 0.27450980 0.29411765
v 0.67591554 0.56327597 3.76688143 0.27450980 0.27450980 0.29411765
v 0.68265795 0.53313340 3.75464004 0.27450980 0.27450980 0.29411765
v 0.66495964 0.55543312 3.76505671 0.27450980 0.27450980 0.29411765
v 0.67458951 0.52394948 3.76059214 0.27450980 0.27450980 0.29411765
v 0.65689120 0.54624920 3.77100880 0.27450980 0.27450980 0.29411765
v 0.67249040 0.51693244 3.77204755 0.27450980 0.27450980 0.29411765
v 0.65479208 0.53923216 3.78246421 0.27450980 0.27450980 0.29411765
v 0.67716239 0.51476255 3.78463069 0.27450980 0.27450980 0.29411765
v 0.65946408 0.53706226 3.79504736 0.27450980 0.27450980 0.29411765
v 0.68682096 0.51826863 3.79353524 0.27450980 0.27450980 0.29411765
v 0.66912265 0.54056835 3.80395191 0.27450980 0.27450980 0.29411765
v 0.67251909 0.55192216 3.78541667 0.27450980 0.27450980 0.29411765
v 0.68007855 0.54855476 3.80580086 0.27450980 0.27450980 0.29411765
v 0.66166008 0.57026346 3.81621753 0.27450980 0.27450980 0.29411765
v 0.65410063 0.57363086 3.79583333 0.27450980 0.27450980 0.29411765
v 0.68789488 0.55800420 3.79992852 0.27450980 0.27450980 0.29411765
v 0.66947642 0.57971290 3.81034518 0.27450980 0.27450980 0.29411765
v 0.68983819 0.56513051 3.78851314 0.27450980 0.27450980 0.29411765
v 0.67141973 0.58683921 3.79892981 0.27450980 0.27450980 0.29411765
v 0.68516620 0.56721168 3.77591502 0.27450980 0.27450980 0.29411765
v 0.66674773 0.58892038 3.78633168 0.27450980 0.27450980 0.29411765
v 0.67566344 0.56345277 3.76694620 0.27450980 0.27450980 0.29411765
v 0.65724497 0.58516147 3.77736287 0.27450980 0.27450980 0.29411765
v 0.66495964 0.55528956 3.76503247 0.27450980 0.27450980 0.29411765
v 0.64654118 0.57699826 3.77544914 0.27450980 0.27450980 0.29411765
v 0.65714330 0.54584011 3.77090482 0.27450980 0.27450980 0.29411765
v 0.63872484 0.56754881 3.78132148 0.27450980 0.27450980 0.29411765
v 0.65519999 0.53871380 3.78232019 0.27450980 0.27450980 0.29411765
v 0.63678153 0.56042250 3.79273686 0.27450980 0.27450980 0.29411765
v 0.65987199 0.53663264 3.79491832 0.27450980 0.27450980 0.29411765
v 0.64145353 0.55834134 3.80533498 0.27450980 0.27450980 0.29411765
v 0.66937475 0.54039155 3.80388713 0.27450980 0.27450980 0.29411765
v 0.65095629 0.56210025 3.81430380 0.27450980 0.27450980 0.29411765
v 0.65410063 0.57363086 3.79583333 0.27450980 0.27450980 0.29411765
v 0.66166008 0.57040510 3.81624042 0.27450980 0.27450980 0.29411765
v 0.64254119 0.59149955 3.82665709 0.27450980 0.27450980 0.29411765
v 0.63498174 0.59472530 3.80625000 0.27450980 0.27450980 0.29411765
v 0.66921440 0.58011281 3.81044696 0.27450980 0.27450980 0.29411765
v 0.65009552 0.60120726 3.82086363 0.27450980 0.27450980 0.29411765
v 0.67099578 0.58734464 3.79907159 0.27450980 0.27450980 0.29411765
v 0.65187689 0.60843908 3.80948826 0.27450980 0.27450980 0.29411765
v 0.66632378 0.58933826 3.78645932 0.27450980 0.27450980 0.29411765
v 0.64720489 0.61043271 3.79687599 0.27450980 0.27450980 0.29411765
v 0.65698296 0.58533220 3.77742760 0.27450980 0.27450980 0.29411765
v 0.63786407 0.60642664 3.78784427 0.27450980 0.27450980 0.29411765
v 0.64654118 0.57685661 3.77542625 0.27450980 0.27450980 0.29411765
v 0.62742229 0.59795106 3.78584291 0.27450980 0.27450980 0.29411765
v 0.63898686 0.56714890 3.78121970 0.27450980 0.27450980 0.29411765
v 0.61986797 0.58824335 3.79163637 0.27450980 0.27450980 0.29411765
v 0.63720549 0.55991708 3.79259507 0.27450980 0.27450980 0.29411765
v 0.61808660 0.58101152 3.80301174 0.27450980 0.27450980 0.29411765
v 0.64187748 0.55792345 3.80520735 0.27450980 0.27450980 0.29411765
v 0.62275860 0.57901790 3.81562401 0.27450980 0.27450980 0.29411765
v 0.65121831 0.56192952 3.81423906 0.27450980 0.27450980 0.29411765
v 0.63209942 0.58302397 3.82465573 0.27450980 0.27450980 0.29411765
v 0.63498174 0.59472530 3.80625000 0.27450980 0.27450980 0.29411765
v 0.64254119 0.59163938 3.82667870 0.27450980 0.27450980 0.29411765
v 0.62274235 0.61209698 3.83709537 0.27450980 0.27450980 0.29411765
v 0.61518290 0.61518290 3.81666667 0.27450980 0.27450980 0.29411765
v 0.64982386 0.60159772 3.82096331 0.27450980 0.27450980 0.29411765
v 0.63002502 0.62205532 3.83137997 0.27450980 0.27450980 0.29411765
v 0.65143734 0.60893103 3.80962793 0.27450980 0.27450980 0.29411765
v 0.63163850 0.62938863 3.82004460 0.27450980 0.27450980 0.29411765
v 0.64676535 0.61083824 3.79700230 0.27450980 0.27450980 0.29411765
v 0.62696650 0.63129584 3.80741896 0.27450980 0.27450980 0.29411765
v 0.63759241 0.60659085 3.78790897 0.27450980 0.27450980 0.29411765
v 0.61779357 0.62704845 3.79832564 0.27450980 0.27450980 0.29411765
v 0.62742229 0.59781123 3.78582130 0.27450980 0.27450980 0.29411765
v 0.60762345 0.61826882 3.79623797 0.27450980 0.27450980 0.29411765
v 0.62013962 0.58785288 3.79153669 0.27450980 0.27450980 0.29411765
v 0.60034078 0.60831048 3.80195336 0.27450980 0.27450980 0.29411765
v 0.61852614 0.58051957 3.80287207 0.27450980 0.27450980 0.29411765
v 0.59872730 0.60097717 3.81328874 0.27450980 0.27450980 0.29411765
v 0.62319814 0.57861237 3.81549770 0.27450980 0.27450980 0.29411765
v 0.60339930 0.59906996 3.82591437 0.27450980 0.27450980 0.29411765
v 0.63237107 0.58285976 3.82459103 0.27450980 0.27450980 0.29411765
v 0.61257223 0.60331735 3.83500769 0.27450980 0.27450980 0.29411765
v 0.61518290 0.61518290 3.81666667 0.27450980 0.27450980 0.29411765
v 0.62274235 0.61223510 3.83711575 0.27450980 0.27450980 0.29411765
v 0.60228475 0.63203394 3.84753242 0.27450980 0.27450980 0.29411765
v 0.59472530 0.63498174 3.82708333 0.27450980 0.27450980 0.29411765
v 0.62974402 0.62243607 3.83147765 0.27450980 0.27450980 0.29411765
v 0.60928642 0.64223492 3.84189432 0.27450980 0.27450980 0.29411765
v 0.63118384 0.62986659 3.82018225 0.27450980 0.27450980 0.29411765
v 0.61072624 0.64966543 3.83059892 0.27450980 0.27450980 0.29411765
v 0.62651184 0.63168843 3.80754402 0.27450980 0.27450980 0.29411765
v 0.60605424 0.65148727 3.81796069 0.27450980 0.27450980 0.29411765
v 0.61751257 0.62720572 3.79839033 0.27450980 0.27450980 0.29411765
v 0.59705497 0.64700456 3.80880700 0.27450980 0.27450980 0.29411765
v 0.60762345 0.61813070 3.79621758 0.27450980 0.27450980 0.29411765
v 0.58716585 0.63792955 3.80663425 0.27450980 0.27450980 0.29411765
v 0.60062178 0.60792973 3.80185568 0.27450980 0.27450980 0.29411765
v 0.58016418 0.62772857 3.81227235 0.27450980 0.27450980 0.29411765
v 0.59918196 0.60049921 3.81315108 0.27450980 0.27450980 0.29411765
v 0.57872437 0.62029806 3.82356775 0.27450980 0.27450980 0.29411765
v 0.60385396 0.59867737 3.82578931 0.27450980 0.27450980 0.29411765
v 0.58339636 0.61847621 3.83620598 0.27450980 0.27450980 0.29411765
v 0.61285323 0.60316008 3.83494300 0.27450980 0.27450980 0.29411765
v 0.59239563 0.62295892 3.84535967 0.27450980 0.27450980 0.29411765
v 0.59472530 0.63498174 3.82708333 0.27450980 0.27450980 0.29411765
v 0.60228475 0.63217044 3.84755163 0.27450980 0.27450980 0.29411765
v 0.58119031 0.65128933 3.85796830 0.27450980 0.27450980 0.29411765
v 0.57363086 0.65410063 3.83750000 0.27450980 0.27450980 0.29411765
v 0.60899638 0.64260571 3.84199009 0.27450980 0.27450980 0.29411765
v 0.58790194 0.66172460 3.85240676 0.27450980 0.27450980 0.29411765
v 0.61025694 0.65012888 3.83073468 0.27450980 0.27450980 0.29411765
v 0.58916250 0.66924777 3.84115134 0.27450980 0.27450980 0.29411765
v 0.60558495 0.65186637 3.81808457 0.27450980 0.27450980 0.29411765
v 0.58449050 0.67098525 3.82850124 0.27450980 0.27450980 0.29411765
v 0.59676493 0.64715450 3.80887169 0.27450980 0.27450980 0.29411765
v 0.57567049 0.66627338 3.81928835 0.27450980 0.27450980 0.29411765
v 0.58716585 0.63779305 3.80661503 0.27450980 0.27450980 0.29411765
v 0.56607141 0.65691194 3.81703170 0.27450980 0.27450980 0.29411765
v 0.58045422 0.62735778 3.81217658 0.27450980 0.27450980 0.29411765
v 0.55935978 0.64647667 3.82259324 0.27450980 0.27450980 0.29411765
v 0.57919366 0.61983460 3.82343199 0.27450980 0.27450980 0.29411765
v 0.55809922 0.63895349 3.83384866 0.27450980 0.27450980 0.29411765
v 0.58386566 0.61809712 3.83608210 0.27450980 0.27450980 0.29411765
v 0.56277122 0.63721601 3.84649876 0.27450980 0.27450980 0.29411765
v 0.59268567 0.62280899 3.84529498 0.27450980 0.27450980 0.29411765
v 0.57159123 0.64192788 3.85571165 0.27450980 0.27450980 0.29411765
v 0.57363086 0.65410063 3.83750000 0.27450980 0.27450980 0.29411765
v 0.58119031 0.65142430 3.85798638 0.27450980 0.27450980 0.29411765
v 0.55948161 0.66984276 3.86840305 0.27450980 0.27450980 0.29411765
v 0.55192216 0.67251909 3.84791667 0.27450980 0.27450980 0.29411765
v 0.58760316 0.66208518 3.85250072 0.27450980 0.27450980 0.29411765
v 0.56589446 0.68050364 3.86291739 0.27450980 0.27450980 0.29411765
v 0.58867907 0.66969623 3.84128530 0.27450980 0.27450980 0.29411765
v 0.56697037 0.68811470 3.85170196 0.27450980 0.27450980 0.29411765
v 0.58400707 0.67135030 3.82862401 0.27450980 0.27450980 0.29411765
v 0.56229837 0.68976876 3.83904068 0.27450980 0.27450980 0.29411765
v 0.57537171 0.66641558 3.81935306 0.27450980 0.27450980 0.29411765
v 0.55366301 0.68483404 3.82976972 0.27450980 0.27450980 0.29411765
v 0.56607141 0.65677697 3.81701362 0.27450980 0.27450980 0.29411765
v 0.54436271 0.67519543 3.82743028 0.27450980 0.27450980 0.29411765
v 0.55965855 0.64611609 3.82249928 0.27450980 0.27450980 0.29411765
v 0.53794985 0.66453455 3.83291594 0.27450980 0.27450980 0.29411765
v 0.55858265 0.63850503 3.83371470 0.27450980 0.27450980 0.29411765
v 0.53687394 0.65692349 3.84413137 0.27450980 0.27450980 0.29411765
v 0.56325464 0.63685096 3.84637599 0.27450980 0.27450980 0.29411765
v 0.54154594 0.65526943 3.85679265 0.27450980 0.27450980 0.29411765
v 0.57189000 0.64178569 3.85564694 0.27450980 0.27450980 0.29411765
v 0.55018130 0.66020415 3.86606361 0.27450980 0.27450980 0.29411765
v 0.55192216 0.67251909 3.84791667 0.27450980 0.27450980 0.29411765
v 0.55948161 0.66997629 3.86842005 0.27450980 0.27450980 0.29411765
v 0.53718189 0.68767460 3.87883672 0.27450980 0.27450980 0.29411765
v 0.52962244 0.69021741 3.85833333 0.27450980 0.27450980 0.29411765
v 0.56558728 0.68085378 3.86300963 0.27450980 0.27450980 0.29411765
v 0.54328756 0.69855209 3.87342630 0.27450980 0.27450980 0.29411765
v 0.56647333 0.68854770 3.85183421 0.27450980 0.27450980 0.29411765
v 0.54417362 0.70624601 3.86225088 0.27450980 0.27450980 0.29411765
v 0.56180133 0.69011924 3.83916242 0.27450980 0.27450980 0.29411765
v 0.53950162 0.70781755 3.84957909 0.27450980 0.27450980 0.29411765
v 0.55335583 0.68496812 3.82983446 0.27450980 0.27450980 0.29411765
v 0.53105611 0.70266643 3.84025112 0.27450980 0.27450980 0.29411765
v 0.54436271 0.67506190 3.82741328 0.27450980 0.27450980 0.29411765
v 0.52206299 0.69276021 3.83782995 0.27450980 0.27450980 0.29411765
v 0.53825704 0.66418441 3.83282370 0.27450980 0.27450980 0.29411765
v 0.51595733 0.68188272 3.84324037 0.27450980 0.27450980 0.29411765
v 0.53737098 0.65649049 3.84399912 0.27450980 0.27450980 0.29411765
v 0.51507127 0.67418880 3.85441579 0.27450980 0.27450980 0.29411765
v 0.54204298 0.65491895 3.85667091 0.27450980 0.27450980 0.29411765
v 0.51974327 0.67261726 3.86708758 0.27450980 0.27450980 0.29411765
v 0.55048849 0.66007007 3.86599888 0.27450980 0.27450980 0.29411765
v 0.52818877 0.67776838 3.87641554 0.27450980 0.27450980 0.29411765
v 0.52962244 0.69021741 3.85833333 0.27450980 0.27450980 0.29411765
v 0.53718189 0.68780678 3.87885268 0.27450980 0.27450980 0.29411765
v 0.51431505 0.70476599 3.88926935 0.27450980 0.27450980 0.29411765
v 0.50675560 0.70717662 3.86875000 0.27450980 0.27450980 0.29411765
v 0.54297229 0.69889156 3.87351690 0.27450980 0.27450980 0.29411765
v 0.52010544 0.71585077 3.88393357 0.27450980 0.27450980 0.29411765
v 0.54366350 0.70666311 3.86238152 0.27450980 0.27450980 0.29411765
v 0.52079665 0.72362232 3.87279818 0.27450980 0.27450980 0.29411765
v 0.53899150 0.70815296 3.84969986 0.27450980 0.27450980 0.29411765
v 0.51612465 0.72511217 3.86011653 0.27450980 0.27450980 0.29411765
v 0.53074084 0.70279204 3.84031590 0.27450980 0.27450980 0.29411765
v 0.50787399 0.71975125 3.85073257 0.27450980 0.27450980 0.29411765
v 0.52206299 0.69262804 3.83781399 0.27450980 0.27450980 0.29411765
v 0.49919614 0.70958724 3.84823065 0.27450980 0.27450980 0.29411765
v 0.51627260 0.68154326 3.84314977 0.27450980 0.27450980 0.29411765
v 0.49340575 0.69850247 3.85356643 0.27450980 0.27450980 0.29411765
v 0.51558139 0.67377171 3.85428515 0.27450980 0.27450980 0.29411765
v 0.49271454 0.69073092 3.86470182 0.27450980 0.27450980 0.29411765
v 0.52025339 0.67228186 3.86696680 0.27450980 0.27450980 0.29411765
v 0.49738654 0.68924107 3.87738347 0.27450980 0.27450980 0.29411765
v 0.52850405 0.67764278 3.87635077 0.27450980 0.27450980 0.29411765
v 0.50563720 0.69460199 3.88676743 0.27450980 0.27450980 0.29411765
v 0.50675560 0.70717662 3.86875000 0.27450980 0.27450980 0.29411765
v 0.51431505 0.70489689 3.88928430 0.27450980 0.27450980 0.29411765
v 0.49090555 0.72109883 3.89970097 0.27450980 0.27450980 0.29411765
v 0.48334610 0.72337856 3.87916667 0.27450980 0.27450980 0.29411765
v 0.51978242 0.71617935 3.88402261 0.27450980 0.27450980 0.29411765
v 0.49637293 0.73238129 3.89443927 0.27450980 0.27450980 0.29411765
v 0.52027400 0.72402307 3.87292730 0.27450980 0.27450980 0.29411765
v 0.49686450 0.74022502 3.88334396 0.27450980 0.27450980 0.29411765
v 0.51560200 0.72543202 3.86023640 0.27450980 0.27450980 0.29411765
v 0.49219250 0.74163397 3.87065307 0.27450980 0.27450980 0.29411765
v 0.50755098 0.71986803 3.85079741 0.27450980 0.27450980 0.29411765
v 0.48414148 0.73606997 3.86121408 0.27450980 0.27450980 0.29411765
v 0.49919614 0.70945634 3.84821570 0.27450980 0.27450980 0.29411765
v 0.47578665 0.72565829 3.85863237 0.27450980 0.27450980 0.29411765
v 0.49372877 0.69817388 3.85347739 0.27450980 0.27450980 0.29411765
v 0.47031927 0.71437583 3.86389406 0.27450980 0.27450980 0.29411765
v 0.49323720 0.69033016 3.86457270 0.27450980 0.27450980 0.29411765
v 0.46982770 0.70653211 3.87498937 0.27450980 0.27450980 0.29411765
v 0.49790919 0.68892121 3.87726360 0.27450980 0.27450980 0.29411765
v 0.47449970 0.70512316 3.88768027 0.27450980 0.27450980 0.29411765
v 0.50596022 0.69448521 3.88670259 0.27450980 0.27450980 0.29411765
v 0.48255072 0.71068715 3.89711926 0.27450980 0.27450980 0.29411765
v 0.48334610 0.72337856 3.87916667 0.27450980 0.27450980 0.29411765
v 0.49090555 0.72122854 3.89971495 0.27450980 0.27450980 0.29411765
v 0.46697848 0.73665588 3.91013162 0.27450980 0.27450980 0.29411765
v 0.45941903 0.73880590 3.88958333 0.27450980 0.27450980 0.29411765
v 0.49604251 0.73269879 3.89452683 0.27450980 0.27450980 0.29411765
v 0.47211544 0.74812612 3.90494350 0.27450980 0.27450980 0.29411765
v 0.49632987 0.74060903 3.88347164 0.27450980 0.27450980 0.29411765
v 0.47240280 0.75603636 3.89388831 0.27450980 0.27450980 0.29411765
v 0.49165788 0.74193781 3.87077210 0.27450980 0.27450980 0.29411765
v 0.46773080 0.75736515 3.88118877 0.27450980 0.27450980 0.29411765
v 0.48381106 0.73617760 3.86127900 0.27450980 0.27450980 0.29411765
v 0.45988399 0.75160493 3.87169567 0.27450980 0.27450980 0.29411765
v 0.47578665 0.72552858 3.85861838 0.27450980 0.27450980 0.29411765
v 0.45185958 0.74095592 3.86903505 0.27450980 0.27450980 0.29411765
v 0.47064969 0.71405834 3.86380650 0.27450980 0.27450980 0.29411765
v 0.44672262 0.72948567 3.87422317 0.27450980 0.27450980 0.29411765
v 0.47036233 0.70614810 3.87486169 0.27450980 0.27450980 0.29411765
v 0.44643526 0.72157544 3.88527836 0.27450980 0.27450980 0.29411765
v 0.47503433 0.70481931 3.88756123 0.27450980 0.27450980 0.29411765
v 0.45110726 0.72024665 3.89797790 0.27450980 0.27450980 0.29411765
v 0.48288114 0.71057953 3.89705433 0.27450980 0.27450980 0.29411765
v 0.45895407 0.72600686 3.90747100 0.27450980 0.27450980 0.29411765
v 0.45941903 0.73880590 3.88958333 0.27450980 0.27450980 0.29411765
v 0.46697848 0.73678447 3.91014467 0.27450980 0.27450980 0.29411765
v 0.44255945 0.75142067 3.92056134 0.27450980 0.27450980 0.29411765
v 0.43500000 0.75344210 3.90000000 0.27450980 0.27450980 0.29411765
v 0.47177797 0.74843233 3.90502963 0.27450980 0.27450980 0.29411765
v 0.44735894 0.76306854 3.91544630 0.27450980 0.27450980 0.29411765
v 0.47185677 0.75640323 3.89401464 0.27450980 0.27450980 0.29411765
v 0.44743774 0.77103943 3.90443131 0.27450980 0.27450980 0.29411765
v 0.46718477 0.75765255 3.88130703 0.27450980 0.27450980 0.29411765
v 0.44276574 0.77228875 3.89172370 0.27450980 0.27450980 0.29411765
v 0.45954653 0.75170308 3.87176070 0.27450980 0.27450980 0.29411765
v 0.43512750 0.76633928 3.88217736 0.27450980 0.27450980 0.29411765
v 0.45185958 0.74082733 3.86902200 0.27450980 0.27450980 0.29411765
v 0.42744055 0.75546353 3.87943866 0.27450980 0.27450980 0.29411765
v 0.44706009 0.72917946 3.87413703 0.27450980 0.27450980 0.29411765
v 0.42264106 0.74381567 3.88455370 0.27450980 0.27450980 0.29411765
v 0.44698129 0.72120856 3.88515203 0.27450980 0.27450980 0.29411765
v 0.42256226 0.73584477 3.89556869 0.27450980 0.27450980 0.29411765
v 0.45165329 0.71995925 3.89785963 0.27450980 0.27450980 0.29411765
v 0.42723426 0.73459545 3.90827630 0.27450980 0.27450980 0.29411765
v 0.45929153 0.72590872 3.90740597 0.27450980 0.27450980 0.29411765
v 0.43487250 0.74054492 3.91782264 0.27450980 0.27450980 0.29411765
f 1936 1935 1939
f 1936 1939 1937
f 1937 1939 1940
f 1937 1940 1938
f 1939 1935 1941
f 1939 1941 1940
f 1940 1941 1942
f 1940 1942 1938
f 1941 1935 1943
f 1941 1943 1942
f 1942 1943 1944
f 1942 1944 1938
f 1943 1935 1945
f 1943 1945 1944
f 1944 1945 1946
f 1944 1946 1938
f 1945 1935 1947
f 1945 1947 1946
f 1946 1947 1948
f 1946 1948 1938
f 1947 1935 1949
f 1947 1949 1948
f 1948 1949 1950
f 1948 1950 1938
f 1949 1935 1951
f 1949 1951 1950
f 1950 1951 1952
f 1950 1952 1938
f 1951 1935 1953
f 1951 1953 1952
f 1952 1953 1954
f 1952 1954 1938
f 1953 1935 1955
f 1953 1955 1954
f 1954 1955 1956
f 1954 1956 1938
f 1955 1935 1936
f 1955 1936 1956
f 1956 1936 1937
f 1956 1937 1938
f 1958 1957 1961
f 1958 1961 1959
f 1959 1961 1962
f 1959 1962 1960
f 1961 1957 1963
f 1961 1963 1962
f 1962 1963 1964
f 1962 1964 1960
f 1963 1957 1965
f 1963 1965 1964
f 1964 1965 1966
f 1964 1966 1960
f 1965 1957 1967
f 1965 1967 1966
f 1966 1967 1968
f 1966 1968 1960
f 1967 1957 1969
f 1967 1969 1968
f 1968 1969 1970
f 1968 1970 1960
f 1969 1957 1971
f 1969 1971 1970
f 1970 1971 1972
f 1970 1972 1960
f 1971 1957 1973
f 1971 1973 1972
f 1972 1973 1974
f 1972 1974 1960
f 1973 1957 1975
f 1973 1975 1974
f 1974 1975 1976
f 1974 1976 1960
f 1975 1957 1977
f 1975 1977 1976
f 1976 1977 1978
f 1976 1978 1960
f 1977 1957 1958
f 1977 1958 1978
f 1978 1958 1959
f 1978 1959 1960
f 1980 1979 1983
f 1980 1983 1981
f 1981 1983 1984
f 1981 1984 1982
f 1983 1979 1985
f 1983 1985 1984
f 1984 1985 1986
f 1984 1986 1982
f 1985 1979 1987
f 1985 1987 1986
f 1986 1987 1988
f 1986 1988 1982
f 1987 1979 1989
f 1987 1989 1988
f 1988 1989 1990
f 1988 1990 1982
f 1989 1979 1991
f 1989 1991 1990
f 1990 1991 1992
f 1990 1992 1982
f 1991 1979 1993
f 1991 1993 1992
f 1992 1993 1994
f 1992 1994 1982
f 1993 1979 1995
f 1993 1995 1994
f 1994 1995 1996
f 1994 1996 1982
f 1995 1979 1997
f 1995 1997 1996
f 1996 1997 1998
f 1996 1998 1982
f 1997 1979 1999
f 1997 1999 1998
f 1998 1999 2000
f 1998 2000 1982
f 1999 1979 1980
f 1999 1980 2000
f 2000 1980 1981
f 2000 1981 1982
f 2002 2001 2005
f 2002 2005 2003
f 2003 2005 2006
f 2003 2006 2004
f 2005 2001 2007
f 2005 2007 2006
f 2006 2007 2008
f 2006 2008 2004
f 2007 2001 2009
f 2007 2009 2008
f 2008 2009 2010
f 2008 2010 2004
f 2009 2001 2011
f 2009 2011 2010
f 2010 2011 2012
f 2010 2012 2004
f 2011 2001 2013
f 2011 2013 2012
f 2012 2013 2014
f 2012 2014 2004
f 2013 2001 2015
f 2013 2015 2014
f 2014 2015 2016
f 2014 2016 2004
f 2015 2001 2017
f 2015 2017 2016
f 2016 2017 2018
f 2016 2018 2004
f 2017 2001 2019
f 2017 2019 2018
f 2018 2019 2020
f 2018 2020 2004
f 2019 2001 2021
f 2019 2021 2020
f 2020 2021 2022
f 2020 2022 2004
f 2021 2001 2002
f 2021 2002 2022
f 2022 2002 2003
f 2022 2003 2004
f 2024 2023 2027
f 2024 2027 2025
f 2025 2027 2028
f 2025 2028 2026
f 2027 2023 2029
f 2027 2029 2028
f 2028 2029 2030
f 2028 2030 2026
f 2029 2023 2031
f 2029 2031 2030
f 2030 2031 2032
f 2030 2032 2026
f 2031 2023 2033
f 2031 2033 2032
f 2032 2033 2034
f 2032 2034 2026
f 2033 2023 2035
f 2033 2035 2034
f 2034 2035 2036
f 2034 2036 2026
f 2035 2023 2037
f 2035 2037 2036
f 2036 2037 2038
f 2036 2038 2026
f 2037 2023 2039
f 2037 2039 2038
f 2038 2039 2040
f 2038 2040 2026
f 2039 2023 2041
f 2039 2041 2040
f 2040 2041 2042
f 2040 2042 2026
f 2041 2023 2043
f 2041 2043 2042
f 2042 2043 2044
f 2042 2044 2026
f 2043 2023 2024
f 2043 2024 2044
f 2044 2024 2025
f 2044 2025 2026
f 2046 2045 2049
f 2046 2049 2047
f 2047 2049 2050
f 2047 2050 2048
f 2049 2045 2051
f 2049 2051 2050
f 2050 2051 2052
f 2050 2052 2048
f 2051 2045 2053
f 2051 2053 2052
f 2052 2053 2054
f 2052 2054 2048
f 2053 2045 2055
f 2053 2055 2054
f 2054 2055 2056
f 2054 2056 2048
f 2055 2045 2057
f 2055 2057 2056
f 2056 2057 2058
f 2056 2058 2048
f 2057 2045 2059
f 2057 2059 2058
f 2058 2059 2060
f 2058 2060 2048
f 2059 2045 2061
f 2059 2061 2060
f 2060 2061 2062
f 2060 2062 2048
f 2061 2045 2063
f 2061 2063 2062
f 2062 2063 2064
f 2062 2064 2048
f 2063 2045 2065
f 2063 2065 2064
f 2064 2065 2066
f 2064 2066 2048
f 2065 2045 2046
f 2065 2046 2066
f 2066 2046 2047
f 2066 2047 2048
f 2068 2067 2071
f 2068 2071 2069
f 2069 2071 2072
f 2069 2072 2070
f 2071 2067 2073
f 2071 2073 2072
f 2072 2073 2074
f 2072 2074 2070
f 2073 2067 2075
f 2073 2075 2074
f 2074 2075 2076
f 2074 2076 2070
f 2075 2067 2077
f 2075 2077 2076
f 2076 2077 2078
f 2076 2078 2070
f 2077 2067 2079
f 2077 2079 2078
f 2078 2079 2080
f 2078 2080 2070
f 2079 2067 2081
f 2079 2081 2080
f 2080 2081 2082
f 2080 2082 2070
f 2081 2067 2083
f 2081 2083 2082
f 2082 2083 2084
f 2082 2084 2070
f 2083 2067 2085
f 2083 2085 2084
f 2084 2085 2086
f 2084 2086 2070
f 2085 2067 2087
f 2085 2087 2086
f 2086 2087 2088
f 2086 2088 2070
f 2087 2067 2068
f 2087 2068 2088
f 2088 2068 2069
f 2088 2069 2070
f 2090 2089 2093
f 2090 2093 2091
f 2091 2093 2094
f 2091 2094 2092
f 2093 2089 2095
f 2093 2095 2094
f 2094 2095 2096
f 2094 2096 2092
f 2095 2089 2097
f 2095 2097 2096
f 2096 2097 2098
f 2096 2098 2092
f 2097 2089 2099
f 2097 2099 2098
f 2098 2099 2100
f 2098 2100 2092
f 2099 2089 2101
f 2099 2101 2100
f 2100 2101 2102
f 2100 2102 2092
f 2101 2089 2103
f 2101 2103 2102
f 2102 2103 2104
f 2102 2104 2092
f 2103 2089 2105
f 2103 2105 2104
f 2104 2105 2106
f 2104 2106 2092
f 2105 2089 2107
f 2105 2107 2106
f 2106 2107 2108
f 2106 2108 2092
f 2107 2089 2109
f 2107 2109 2108
f 2108 2109 2110
f 2108 2110 2092
f 2109 2089 2090
f 2109 2090 2110
f 2110 2090 2091
f 2110 2091 2092
f 2112 2111 2115
f 2112 2115 2113
f 2113 2115 2116
f 2113 2116 2114
f 2115 2111 2117
f 2115 2117 2116
f 2116 2117 2118
f 2116 2118 2114
f 2117 2111 2119
f 2117 2119 2118
f 2118 2119 2120
f 2118 2120 2114
f 2119 2111 2121
f 2119 2121 2120
f 2120 2121 2122
f 2120 2122 2114
f 2121 2111 2123
f 2121 2123 2122
f 2122 2123 2124
f 2122 2124 2114
f 2123 2111 2125
f 2123 2125 2124
f 2124 2125 2126
f 2124 2126 2114
f 2125 2111 2127
f 2125 2127 2126
f 2126 2127 2128
f 2126 2128 2114
f 2127 2111 2129
f 2127 2129 2128
f 2128 2129 2130
f 2128 2130 2114
f 2129 2111 2131
f 2129 2131 2130
f 2130 2131 2132
f 2130 2132 2114
f 2131 2111 2112
f 2131 2112 2132
f 2132 2112 2113
f 2132 2113 2114
f 2134 2133 2137
f 2134 2137 2135
f 2135 2137 2138
f 2135 2138 2136
f 2137 2133 2139
f 2137 2139 2138
f 2138 2139 2140
f 2138 2140 2136
f 2139 2133 2141
f 2139 2141 2140
f 2140 2141 2142
f 2140 2142 2136
f 2141 2133 2143
f 2141 2143 2142
f 2142 2143 2144
f 2142 2144 2136
f 2143 2133 2145
f 2143 2145 2144
f 2144 2145 2146
f 2144 2146 2136
f 2145 2133 2147
f 2145 2147 2146
f 2146 2147 2148
f 2146 2148 2136
f 2147 2133 2149
f 2147 2149 2148
f 2148 2149 2150
f 2148 2150 2136
f 2149 2133 2151
f 2149 2151 2150
f 2150 2151 2152
f 2150 2152 2136
f 2151 2133 2153
f 2151 2153 2152
f 2152 2153 2154
f 2152 2154 2136
f 2153 2133 2134
f 2153 2134 2154
f 2154 2134 2135
f 2154 2135 2136
f 2156 2155 2159
f 2156 2159 2157
f 2157 2159 2160
f 2157 2160 2158
f 2159 2155 2161
f 2159 2161 2160
f 2160 2161 2162
f 2160 2162 2158
f 2161 2155 2163
f 2161 2163 2162
f 2162 2163 2164
f 2162 2164 2158
f 2163 2155 2165
f 2163 2165 2164
f 2164 2165 2166
f 2164 2166 2158
f 2165 2155 2167
f 2165 2167 2166
f 2166 2167 2168
f 2166 2168 2158
f 2167 2155 2169
f 2167 2169 2168
f 2168 2169 2170
f 2168 2170 2158
f 2169 2155 2171
f 2169 2171 2170
f 2170 2171 2172
f 2170 2172 2158
f 2171 2155 2173
f 2171 2173 2172
f 2172 2173 2174
f 2172 2174 2158
f 2173 2155 2175
f 2173 2175 2174
f 2174 2175 2176
f 2174 2176 2158
f 2175 2155 2156
f 2175 2156 2176
f 2176 2156 2157
f 2176 2157 2158
f 2178 2177 2181
f 2178 2181 2179
f 2179 2181 2182
f 2179 2182 2180
f 2181 2177 2183
f 2181 2183 2182
f 2182 2183 2184
f 2182 2184 2180
f 2183 2177 2185
f 2183 2185 2184
f 2184 2185 2186
f 2184 2186 2180
f 2185 2177 2187
f 2185 2187 2186
f 2186 2187 2188
f 2186 2188 2180
f 2187 2177 2189
f 2187 2189 2188
f 2188 2189 2190
f 2188 2190 2180
f 2189 2177 2191
f 2189 2191 2190
f 2190 2191 2192
f 2190 2192 2180
f 2191 2177 2193
f 2191 2193 2192
f 2192 2193 2194
f 2192 2194 2180
f 2193 2177 2195
f 2193 2195 2194
f 2194 2195 2196
f 2194 2196 2180
f 2195 2177 2197
f 2195 2197 2196
f 2196 2197 2198
f 2196 2198 2180
f 2197 2177 2178
f 2197 2178 2198
f 2198 2178 2179
f 2198 2179 2180
f 2200 2199 2203
f 2200 2203 2201
f 2201 2203 2204
f 2201 2204 2202
f 2203 2199 2205
f 2203 2205 2204
f 2204 2205 2206
f 2204 2206 2202
f 2205 2199 2207
f 2205 2207 2206
f 2206 2207 2208
f 2206 2208 2202
f 2207 2199 2209
f 2207 2209 2208
f 2208 2209 2210
f 2208 2210 2202
f 2209 2199 2211
f 2209 2211 2210
f 2210 2211 2212
f 2210 2212 2202
f 2211 2199 2213
f 2211 2213 2212
f 2212 2213 2214
f 2212 2214 2202
f 2213 2199 2215
f 2213 2215 2214
f 2214 2215 2216
f 2214 2216 2202
f 2215 2199 2217
f 2215 2217 2216
f 2216 2217 2218
f 2216 2218 2202
f 2217 2199 2219
f 2217 2219 2218
f 2218 2219 2220
f 2218 2220 2202
f 2219 2199 2200
f 2219 2200 2220
f 2220 2200 2201
f 2220 2201 2202
f 2222 2221 2225
f 2222 2225 2223
f 2223 2225 2226
f 2223 2226 2224
f 2225 2221 2227
f 2225 2227 2226
f 2226 2227 2228
f 2226 2228 2224
f 2227 2221 2229
f 2227 2229 2228
f 2228 2229 2230
f 2228 2230 2224
f 2229 2221 2231
f 2229 2231 2230
f 2230 2231 2232
f 2230 2232 2224
f 2231 2221 2233
f 2231 2233 2232
f 2232 2233 2234
f 2232 2234 2224
f 2233 2221 2235
f 2233 2235 2234
f 2234 2235 2236
f 2234 2236 2224
f 2235 2221 2237
f 2235 2237 2236
f 2236 2237 2238
f 2236 2238 2224
f 2237 2221 2239
f 2237 2239 2238
f 2238 2239 2240
f 2238 2240 2224
f 2239 2221 2241
f 2239 2241 2240
f 2240 2241 2242
f 2240 2242 2224
f 2241 2221 2222
f 2241 2222 2242
f 2242 2222 2223
f 2242 2223 2224
f 2244 2243 2247
f 2244 2247 2245
f 2245 2247 2248
f 2245 2248 2246
f 2247 2243 2249
f 2247 2249 2248
f 2248 2249 2250
f 2248 2250 2246
f 2249 2243 2251
f 2249 2251 2250
f 2250 2251 2252
f 2250 2252 2246
f 2251 2243 2253
f 2251 2253 2252
f 2252 2253 2254
f 2252 2254 2246
f 2253 2243 2255
f 2253 2255 2254
f 2254 2255 2256
f 2254 2256 2246
f 2255 2243 2257
f 2255 2257 2256
f 2256 2257 2258
f 2256 2258 2246
f 2257 2243 2259
f 2257 2259 2258
f 2258 2259 2260
f 2258 2260 2246
f 2259 2243 2261
f 2259 2261 2260
f 2260 2261 2262
f 2260 2262 2246
f 2261 2243 2263
f 2261 2263 2262
f 2262 2263 2264
f 2262 2264 2246
f 2263 2243 2244
f 2263 2244 2264
f 2264 2244 2245
f 2264 2245 2246
f 2266 2265 2269
f 2266 2269 2267
f 2267 2269 2270
f 2267 2270 2268
f 2269 2265 2271
f 2269 2271 2270
f 2270 2271 2272
f 2270 2272 2268
f 2271 2265 2273
f 2271 2273 2272
f 2272 2273 2274
f 2272 2274 2268
f 2273 2265 2275
f 2273 2275 2274
f 2274 2275 2276
f 2274 2276 2268
f 2275 2265 2277
f 2275 2277 2276
f 2276 2277 2278
f 2276 2278 2268
f 2277 2265 2279
f 2277 2279 2278
f 2278 2279 2280
f 2278 2280 2268
f 2279 2265 2281
f 2279 2281 2280
f 2280 2281 2282
f 2280 2282 2268
f 2281 2265 2283
f 2281 2283 2282
f 2282 2283 2284
f 2282 2284 2268
f 2283 2265 2285
f 2283 2285 2284
f 2284 2285 2286
f 2284 2286 2268
f 2285 2265 2266
f 2285 2266 2286
f 2286 2266 2267
f 2286 2267 2268
f 2288 2287 2291
f 2288 2291 2289
f 2289 2291 2292
f 2289 2292 2290
f 2291 2287 2293
f 2291 2293 2292
f 2292 2293 2294
f 2292 2294 2290
f 2293 2287 2295
f 2293 2295 2294
f 2294 2295 2296
f 2294 2296 2290
f 2295 2287 2297
f 2295 2297 2296
f 2296 2297 2298
f 2296 2298 2290
f 2297 2287 2299
f 2297 2299 2298
f 2298 2299 2300
f 2298 2300 2290
f 2299 2287 2301
f 2299 2301 2300
f 2300 2301 2302
f 2300 2302 2290
f 2301 2287 2303
f 2301 2303 2302
f 2302 2303 2304
f 2302 2304 2290
f 2303 2287 2305
f 2303 2305 2304
f 2304 2305 2306
f 2304 2306 2290
f 2305 2287 2307
f 2305 2307 2306
f 2306 2307 2308
f 2306 2308 2290
f 2307 2287 2288
f 2307 2288 2308
f 2308 2288 2289
f 2308 2289 2290
f 2310 2309 2313
f 2310 2313 2311
f 2311 2313 2314
f 2311 2314 2312
f 2313 2309 2315
f 2313 2315 2314
f 2314 2315 2316
f 2314 2316 2312
f 2315 2309 2317
f 2315 2317 2316
f 2316 2317 2318
f 2316 2318 2312
f 2317 2309 2319
f 2317 2319 2318
f 2318 2319 2320
f 2318 2320 2312
f 2319 2309 2321
f 2319 2321 2320
f 2320 2321 2322
f 2320 2322 2312
f 2321 2309 2323
f 2321 2323 2322
f 2322 2323 2324
f 2322 2324 2312
f 2323 2309 2325
f 2323 2325 2324
f 2324 2325 2326
f 2324 2326 2312
f 2325 2309 2327
f 2325 2327 2326
f 2326 2327 2328
f 2326 2328 2312
f 2327 2309 2329
f 2327 2329 2328
f 2328 2329 2330
f 2328 2330 2312
f 2329 2309 2310
f 2329 2310 2330
f 2330 2310 2311
f 2330 2311 2312
f 2332 2331 2335
f 2332 2335 2333
f 2333 2335 2336
f 2333 2336 2334
f 2335 2331 2337
f 2335 2337 2336
f 2336 2337 2338
f 2336 2338 2334
f 2337 2331 2339
f 2337 2339 2338
f 2338 2339 2340
f 2338 2340 2334
f 2339 2331 2341
f 2339 2341 2340
f 2340 2341 2342
f 2340 2342 2334
f 2341 2331 2343
f 2341 2343 2342
f 2342 2343 2344
f 2342 2344 2334
f 2343 2331 2345
f 2343 2345 2344
f 2344 2345 2346
f 2344 2346 2334
f 2345 2331 2347
f 2345 2347 2346
f 2346 2347 2348
f 2346 2348 2334
f 2347 2331 2349
f 2347 2349 2348
f 2348 2349 2350
f 2348 2350 2334
f 2349 2331 2351
f 2349 2351 2350
f 2350 2351 2352
f 2350 2352 2334
f 2351 2331 2332
f 2351 2332 2352
f 2352 2332 2333
f 2352 2333 2334
f 2354 2353 2357
f 2354 2357 2355
f 2355 2357 2358
f 2355 2358 2356
f 2357 2353 2359
f 2357 2359 2358
f 2358 2359 2360
f 2358 2360 2356
f 2359 2353 2361
f 2359 2361 2360
f 2360 2361 2362
f 2360 2362 2356
f 2361 2353 2363
f 2361 2363 2362
f 2362 2363 2364
f 2362 2364 2356
f 2363 2353 2365
f 2363 2365 2364
f 2364 2365 2366
f 2364 2366 2356
f 2365 2353 2367
f 2365 2367 2366
f 2366 2367 2368
f 2366 2368 2356
f 2367 2353 2369
f 2367 2369 2368
f 2368 2369 2370
f 2368 2370 2356
f 2369 2353 2371
f 2369 2371 2370
f 2370 2371 2372
f 2370 2372 2356
f 2371 2353 2373
f 2371 2373 2372
f 2372 2373 2374
f 2372 2374 2356
f 2373 2353 2354
f 2373 2354 2374
f 2374 2354 2355
f 2374 2355 2356
f 2376 2375 2379
f 2376 2379 2377
f 2377 2379 2380
f 2377 2380 2378
f 2379 2375 2381
f 2379 2381 2380
f 2380 2381 2382
f 2380 2382 2378
f 2381 2375 2383
f 2381 2383 2382
f 2382 2383 2384
f 2382 2384 2378
f 2383 2375 2385
f 2383 2385 2384
f 2384 2385 2386
f 2384 2386 2378
f 2385 2375 2387
f 2385 2387 2386
f 2386 2387 2388
f 2386 2388 2378
f 2387 2375 2389
f 2387 2389 2388
f 2388 2389 2390
f 2388 2390 2378
f 2389 2375 2391
f 2389 2391 2390
f 2390 2391 2392
f 2390 2392 2378
f 2391 2375 2393
f 2391 2393 2392
f 2392 2393 2394
f 2392 2394 2378
f 2393 2375 2395
f 2393 2395 2394
f 2394 2395 2396
f 2394 2396 2378
f 2395 2375 2376
f 2395 2376 2396
f 2396 2376 2377
f 2396 2377 2378
f 2398 2397 2401
f 2398 2401 2399
f 2399 2401 2402
f 2399 2402 2400
f 2401 2397 2403
f 2401 2403 2402
f 2402 2403 2404
f 2402 2404 2400
f 2403 2397 2405
f 2403 2405 2404
f 2404 2405 2406
f 2404 2406 2400
f 2405 2397 2407
f 2405 2407 2406
f 2406 2407 2408
f 2406 2408 2400
f 2407 2397 2409
f 2407 2409 2408
f 2408 2409 2410
f 2408 2410 2400
f 2409 2397 2411
f 2409 2411 2410
f 2410 2411 2412
f 2410 2412 2400
f 2411 2397 2413
f 2411 2413 2412
f 2412 2413 2414
f 2412 2414 2400
f 2413 2397 2415
f 2413 2415 2414
f 2414 2415 2416
f 2414 2416 2400
f 2415 2397 2417
f 2415 2417 2416
f 2416 2417 2418
f 2416 2418 2400
f 2417 2397 2398
f 2417 2398 2418
f 2418 2398 2399
f 2418 2399 2400
f 2420 2419 2423
f 2420 2423 2421
f 2421 2423 2424
f 2421 2424 2422
f 2423 2419 2425
f 2423 2425 2424
f 2424 2425 2426
f 2424 2426 2422
f 2425 2419 2427
f 2425 2427 2426
f 2426 2427 2428
f 2426 2428 2422
f 2427 2419 2429
f 2427 2429 2428
f 2428 2429 2430
f 2428 2430 2422
f 2429 2419 2431
f 2429 2431 2430
f 2430 2431 2432
f 2430 2432 2422
f 2431 2419 2433
f 2431 2433 2432
f 2432 2433 2434
f 2432 2434 2422
f 2433 2419 2435
f 2433 2435 2434
f 2434 2435 2436
f 2434 2436 2422
f 2435 2419 2437
f 2435 2437 2436
f 2436 2437 2438
f 2436 2438 2422
f 2437 2419 2439
f 2437 2439 2438
f 2438 2439 2440
f 2438 2440 2422
f 2439 2419 2420
f 2439 2420 2440
f 2440 2420 2421
f 2440 2421 2422
f 2442 2441 2445
f 2442 2445 2443
f 2443 2445 2446
f 2443 2446 2444
f 2445 2441 2447
f 2445 2447 2446
f 2446 2447 2448
f 2446 2448 2444
f 2447 2441 2449
f 2447 2449 2448
f 2448 2449 2450
f 2448 2450 2444
f 2449 2441 2451
f 2449 2451 2450
f 2450 2451 2452
f 2450 2452 2444
f 2451 2441 2453
f 2451 2453 2452
f 2452 2453 2454
f 2452 2454 2444
f 2453 2441 2455
f 2453 2455 2454
f 2454 2455 2456
f 2454 2456 2444
f 2455 2441 2457
f 2455 2457 2456
f 2456 2457 2458
f 2456 2458 2444
f 2457 2441 2459
f 2457 2459 2458
f 2458 2459 2460
f 2458 2460 2444
f 2459 2441 2461
f 2459 2461 2460
f 2460 2461 2462
f 2460 2462 2444
f 2461 2441 2442
f 2461 2442 2462
f 2462 2442 2443
f 2462 2443 2444
f 2464 2463 2467
f 2464 2467 2465
f 2465 2467 2468
f 2465 2468 2466
f 2467 2463 2469
f 2467 2469 2468
f 2468 2469 2470
f 2468 2470 2466
f 2469 2463 2471
f 2469 2471 2470
f 2470 2471 2472
f 2470 2472 2466
f 2471 2463 2473
f 2471 2473 2472
f 2472 2473 2474
f 2472 2474 2466
f 2473 2463 2475
f 2473 2475 2474
f 2474 2475 2476
f 2474 2476 2466
f 2475 2463 2477
f 2475 2477 2476
f 2476 2477 2478
f 2476 2478 2466
f 2477 2463 2479
f 2477 2479 2478
f 2478 2479 2480
f 2478 2480 2466
f 2479 2463 2481
f 2479 2481 2480
f 2480 2481 2482
f 2480 2482 2466
f 2481 2463 2483
f 2481 2483 2482
f 2482 2483 2484
f 2482 2484 2466
f 2483 2463 2464
f 2483 2464 2484
f 2484 2464 2465
f 2484 2465 2466
f 2486 2485 2489
f 2486 2489 2487
f 2487 2489 2490
f 2487 2490 2488
f 2489 2485 2491
f 2489 2491 2490
f 2490 2491 2492
f 2490 2492 2488
f 2491 2485 2493
f 2491 2493 2492
f 2492 2493 2494
f 2492 2494 2488
f 2493 2485 2495
f 2493 2495 2494
f 2494 2495 2496
f 2494 2496 2488
f 2495 2485 2497
f 2495 2497 2496
f 2496 2497 2498
f 2496 2498 2488
f 2497 2485 2499
f 2497 2499 2498
f 2498 2499 2500
f 2498 2500 2488
f 2499 2485 2501
f 2499 2501 2500
f 2500 2501 2502
f 2500 2502 2488
f 2501 2485 2503
f 2501 2503 2502
f 2502 2503 2504
f 2502 2504 2488
f 2503 2485 2505
f 2503 2505 2504
f 2504 2505 2506
f 2504 2506 2488
f 2505 2485 2486
f 2505 2486 2506
f 2506 2486 2487
f 2506 2487 2488
f 2508 2507 2511
f 2508 2511 2509
f 2509 2511 2512
f 2509 2512 2510
f 2511 2507 2513
f 2511 2513 2512
f 2512 2513 2514
f 2512 2514 2510
f 2513 2507 2515
f 2513 2515 2514
f 2514 2515 2516
f 2514 2516 2510
f 2515 2507 2517
f 2515 2517 2516
f 2516 2517 2518
f 2516 2518 2510
f 2517 2507 2519
f 2517 2519 2518
f 2518 2519 2520
f 2518 2520 2510
f 2519 2507 2521
f 2519 2521 2520
f 2520 2521 2522
f 2520 2522 2510
f 2521 2507 2523
f 2521 2523 2522
f 2522 2523 2524
f 2522 2524 2510
f 2523 2507 2525
f 2523 2525 2524
f 2524 2525 2526
f 2524 2526 2510
f 2525 2507 2527
f 2525 2527 2526
f 2526 2527 2528
f 2526 2528 2510
f 2527 2507 2508
f 2527 2508 2528
f 2528 2508 2509
f 2528 2509 2510
f 2530 2529 2533
f 2530 2533 2531
f 2531 2533 2534
f 2531 2534 2532
f 2533 2529 2535
f 2533 2535 2534
f 2534 2535 2536
f 2534 2536 2532
f 2535 2529 2537
f 2535 2537 2536
f 2536 2537 2538
f 2536 2538 2532
f 2537 2529 2539
f 2537 2539 2538
f 2538 2539 2540
f 2538 2540 2532
f 2539 2529 2541
f 2539 2541 2540
f 2540 2541 2542
f 2540 2542 2532
f 2541 2529 2543
f 2541 2543 2542
f 2542 2543 2544
f 2542 2544 2532
f 2543 2529 2545
f 2543 2545 2544
f 2544 2545 2546
f 2544 2546 2532
f 2545 2529 2547
f 2545 2547 2546
f 2546 2547 2548
f 2546 2548 2532
f 2547 2529 2549
f 2547 2549 2548
f 2548 2549 2550
f 2548 2550 2532
f 2549 2529 2530
f 2549 2530 2550
f 2550 2530 2531
f 2550 2531 2532
f 2552 2551 2555
f 2552 2555 2553
f 2553 2555 2556
f 2553 2556 2554
f 2555 2551 2557
f 2555 2557 2556
f 2556 2557 2558
f 2556 2558 2554
f 2557 2551 2559
f 2557 2559 2558
f 2558 2559 2560
f 2558 2560 2554
f 2559 2551 2561
f 2559 2561 2560
f 2560 2561 2562
f 2560 2562 2554
f 2561 2551 2563
f 2561 2563 2562
f 2562 2563 2564
f 2562 2564 2554
f 2563 2551 2565
f 2563 2565 2564
f 2564 2565 2566
f 2564 2566 2554
f 2565 2551 2567
f 2565 2567 2566
f 2566 2567 2568
f 2566 2568 2554
f 2567 2551 2569
f 2567 2569 2568
f 2568 2569 2570
f 2568 2570 2554
f 2569 2551 2571
f 2569 2571 2570
f 2570 2571 2572
f 2570 2572 2554
f 2571 2551 2552
f 2571 2552 2572
f 2572 2552 2553
f 2572 2553 2554
f 2574 2573 2577
f 2574 2577 2575
f 2575 2577 2578
f 2575 2578 2576
f 2577 2573 2579
f 2577 2579 2578
f 2578 2579 2580
f 2578 2580 2576
f 2579 2573 2581
f 2579 2581 2580
f 2580 2581 2582
f 2580 2582 2576
f 2581 2573 2583
f 2581 2583 2582
f 2582 2583 2584
f 2582 2584 2576
f 2583 2573 2585
f 2583 2585 2584
f 2584 2585 2586
f 2584 2586 2576
f 2585 2573 2587
f 2585 2587 2586
f 2586 2587 2588
f 2586 2588 2576
f 2587 2573 2589
f 2587 2589 2588
f 2588 2589 2590
f 2588 2590 2576
f 2589 2573 2591
f 2589 2591 2590
f 2590 2591 2592
f 2590 2592 2576
f 2591 2573 2593
f 2591 2593 2592
f 2592 2593 2594
f 2592 2594 2576
f 2593 2573 2574
f 2593 2574 2594
f 2594 2574 2575
f 2594 2575 2576
f 2596 2595 2599
f 2596 2599 2597
f 2597 2599 2600
f 2597 2600 2598
f 2599 2595 2601
f 2599 2601 2600
f 2600 2601 2602
f 2600 2602 2598
f 2601 2595 2603
f 2601 2603 2602
f 2602 2603 2604
f 2602 2604 2598
f 2603 2595 2605
f 2603 2605 2604
f 2604 2605 2606
f 2604 2606 2598
f 2605 2595 2607
f 2605 2607 2606
f 2606 2607 2608
f 2606 2608 2598
f 2607 2595 2609
f 2607 2609 2608
f 2608 2609 2610
f 2608 2610 2598
f 2609 2595 2611
f 2609 2611 2610
f 2610 2611 2612
f 2610 2612 2598
f 2611 2595 2613
f 2611 2613 2612
f 2612 2613 2614
f 2612 2614 2598
f 2613 2595 2615
f 2613 2615 2614
f 2614 2615 2616
f 2614 2616 2598
f 2615 2595 2596
f 2615 2596 2616
f 2616 2596 2597
f 2616 2597 2598
f 2618 2617 2621
f 2618 2621 2619
f 2619 2621 2622
f 2619 2622 2620
f 2621 2617 2623
f 2621 2623 2622
f 2622 2623 2624
f 2622 2624 2620
f 2623 2617 2625
f 2623 2625 2624
f 2624 2625 2626
f 2624 2626 2620
f 2625 2617 2627
f 2625 2627 2626
f 2626 2627 2628
f 2626 2628 2620
f 2627 2617 2629
f 2627 2629 2628
f 2628 2629 2630
f 2628 2630 2620
f 2629 2617 2631
f 2629 2631 2630
f 2630 2631 2632
f 2630 2632 2620
f 2631 2617 2633
f 2631 2633 2632
f 2632 2633 2634
f 2632 2634 2620
f 2633 2617 2635
f 2633 2635 2634
f 2634 2635 2636
f 2634 2636 2620
f 2635 2617 2637
f 2635 2637 2636
f 2636 2637 2638
f 2636 2638 2620
f 2637 2617 2618
f 2637 2618 2638
f 2638 2618 2619
f 2638 2619 2620
f 2640 2639 2643
f 2640 2643 2641
f 2641 2643 2644
f 2641 2644 2642
f 2643 2639 2645
f 2643 2645 2644
f 2644 2645 2646
f 2644 2646 2642
f 2645 2639 2647
f 2645 2647 2646
f 2646 2647 2648
f 2646 2648 2642
f 2647 2639 2649
f 2647 2649 2648
f 2648 2649 2650
f 2648 2650 2642
f 2649 2639 2651
f 2649 2651 2650
f 2650 2651 2652
f 2650 2652 2642
f 2651 2639 2653
f 2651 2653 2652
f 2652 2653 2654
f 2652 2654 2642
f 2653 2639 2655
f 2653 2655 2654
f 2654 2655 2656
f 2654 2656 2642
f 2655 2639 2657
f 2655 2657 2656
f 2656 2657 2658
f 2656 2658 2642
f 2657 2639 2659
f 2657 2659 2658
f 2658 2659 2660
f 2658 2660 2642
f 2659 2639 2640
f 2659 2640 2660
f 2660 2640 2641
f 2660 2641 2642
f 2662 2661 2665
f 2662 2665 2663
f 2663 2665 2666
f 2663 2666 2664
f 2665 2661 2667
f 2665 2667 2666
f 2666 2667 2668
f 2666 2668 2664
f 2667 2661 2669
f 2667 2669 2668
f 2668 2669 2670
f 2668 2670 2664
f 2669 2661 2671
f 2669 2671 2670
f 2670 2671 2672
f 2670 2672 2664
f 2671 2661 2673
f 2671 2673 2672
f 2672 2673 2674
f 2672 2674 2664
f 2673 2661 2675
f 2673 2675 2674
f 2674 2675 2676
f 2674 2676 2664
f 2675 2661 2677
f 2675 2677 2676
f 2676 2677 2678
f 2676 2678 2664
f 2677 2661 2679
f 2677 2679 2678
f 2678 2679 2680
f 2678 2680 2664
f 2679 2661 2681
f 2679 2681 2680
f 2680 2681 2682
f 2680 2682 2664
f 2681 2661 2662
f 2681 2662 2682
f 2682 2662 2663
f 2682 2663 2664
f 2684 2683 2687
f 2684 2687 2685
f 2685 2687 2688
f 2685 2688 2686
f 2687 2683 2689
f 2687 2689 2688
f 2688 2689 2690
f 2688 2690 2686
f 2689 2683 2691
f 2689 2691 2690
f 2690 2691 2692
f 2690 2692 2686
f 2691 2683 2693
f 2691 2693 2692
f 2692 2693 2694
f 2692 2694 2686
f 2693 2683 2695
f 2693 2695 2694
f 2694 2695 2696
f 2694 2696 2686
f 2695 2683 2697
f 2695 2697 2696
f 2696 2697 2698
f 2696 2698 2686
f 2697 2683 2699
f 2697 2699 2698
f 2698 2699 2700
f 2698 2700 2686
f 2699 2683 2701
f 2699 2701 2700
f 2700 2701 2702
f 2700 2702 2686
f 2701 2683 2703
f 2701 2703 2702
f 2702 2703 2704
f 2702 2704 2686
f 2703 2683 2684
f 2703 2684 2704
f 2704 2684 2685
f 2704 2685 2686
f 2706 2705 2709
f 2706 2709 2707
f 2707 2709 2710
f 2707 2710 2708
f 2709 2705 2711
f 2709 2711 2710
f 2710 2711 2712
f 2710 2712 2708
f 2711 2705 2713
f 2711 2713 2712
f 2712 2713 2714
f 2712 2714 2708
f 2713 2705 2715
f 2713 2715 2714
f 2714 2715 2716
f 2714 2716 2708
f 2715 2705 2717
f 2715 2717 2716
f 2716 2717 2718
f 2716 2718 2708
f 2717 2705 2719
f 2717 2719 2718
f 2718 2719 2720
f 2718 2720 2708
f 2719 2705 2721
f 2719 2721 2720
f 2720 2721 2722
f 2720 2722 2708
f 2721 2705 2723
f 2721 2723 2722
f 2722 2723 2724
f 2722 2724 2708
f 2723 2705 2725
f 2723 2725 2724
f 2724 2725 2726
f 2724 2726 2708
f 2725 2705 2706
f 2725 2706 2726
f 2726 2706 2707
f 2726 2707 2708
f 2728 2727 2731
f 2728 2731 2729
f 2729 2731 2732
f 2729 2732 2730
f 2731 2727 2733
f 2731 2733 2732
f 2732 2733 2734
f 2732 2734 2730
f 2733 2727 2735
f 2733 2735 2734
f 2734 2735 2736
f 2734 2736 2730
f 2735 2727 2737
f 2735 2737 2736
f 2736 2737 2738
f 2736 2738 2730
f 2737 2727 2739
f 2737 2739 2738
f 2738 2739 2740
f 2738 2740 2730
f 2739 2727 2741
f 2739 2741 2740
f 2740 2741 2742
f 2740 2742 2730
f 2741 2727 2743
f 2741 2743 2742
f 2742 2743 2744
f 2742 2744 2730
f 2743 2727 2745
f 2743 2745 2744
f 2744 2745 2746
f 2744 2746 2730
f 2745 2727 2747
f 2745 2747 2746
f 2746 2747 2748
f 2746 2748 2730
f 2747 2727 2728
f 2747 2728 2748
f 2748 2728 2729
f 2748 2729 2730
f 2750 2749 2753
f 2750 2753 2751
f 2751 2753 2754
f 2751 2754 2752
f 2753 2749 2755
f 2753 2755 2754
f 2754 2755 2756
f 2754 2756 2752
f 2755 2749 2757
f 2755 2757 2756
f 2756 2757 2758
f 2756 2758 2752
f 2757 2749 2759
f 2757 2759 2758
f 2758 2759 2760
f 2758 2760 2752
f 2759 2749 2761
f 2759 2761 2760
f 2760 2761 2762
f 2760 2762 2752
f 2761 2749 2763
f 2761 2763 2762
f 2762 2763 2764
f 2762 2764 2752
f 2763 2749 2765
f 2763 2765 2764
f 2764 2765 2766
f 2764 2766 2752
f 2765 2749 2767
f 2765 2767 2766
f 2766 2767 2768
f 2766 2768 2752
f 2767 2749 2769
f 2767 2769 2768
f 2768 2769 2770
f 2768 2770 2752
f 2769 2749 2750
f 2769 2750 2770
f 2770 2750 2751
f 2770 2751 2752
f 2772 2771 2775
f 2772 2775 2773
f 2773 2775 2776
f 2773 2776 2774
f 2775 2771 2777
f 2775 2777 2776
f 2776 2777 2778
f 2776 2778 2774
f 2777 2771 2779
f 2777 2779 2778
f 2778 2779 2780
f 2778 2780 2774
f 2779 2771 2781
f 2779 2781 2780
f 2780 2781 2782
f 2780 2782 2774
f 2781 2771 2783
f 2781 2783 2782
f 2782 2783 2784
f 2782 2784 2774
f 2783 2771 2785
f 2783 2785 2784
f 2784 2785 2786
f 2784 2786 2774
f 2785 2771 2787
f 2785 2787 2786
f 2786 2787 2788
f 2786 2788 2774
f 2787 2771 2789
f 2787 2789 2788
f 2788 2789 2790
f 2788 2790 2774
f 2789 2771 2791
f 2789 2791 2790
f 2790 2791 2792
f 2790 2792 2774
f 2791 2771 2772
f 2791 2772 2792
f 2792 2772 2773
f 2792 2773 2774
f 2794 2793 2797
f 2794 2797 2795
f 2795 2797 2798
f 2795 2798 2796
f 2797 2793 2799
f 2797 2799 2798
f 2798 2799 2800
f 2798 2800 2796
f 2799 2793 2801
f 2799 2801 2800
f 2800 2801 2802
f 2800 2802 2796
f 2801 2793 2803
f 2801 2803 2802
f 2802 2803 2804
f 2802 2804 2796
f 2803 2793 2805
f 2803 2805 2804
f 2804 2805 2806
f 2804 2806 2796
f 2805 2793 2807
f 2805 2807 2806
f 2806 2807 2808
f 2806 2808 2796
f 2807 2793 2809
f 2807 2809 2808
f 2808 2809 2810
f 2808 2810 2796
f 2809 2793 2811
f 2809 2811 2810
f 2810 2811 2812
f 2810 2812 2796
f 2811 2793 2813
f 2811 2813 2812
f 2812 2813 2814
f 2812 2814 2796
f 2813 2793 2794
f 2813 2794 2814
f 2814 2794 2795
f 2814 2795 2796
f 2816 2815 2819
f 2816 2819 2817
f 2817 2819 2820
f 2817 2820 2818
f 2819 2815 2821
f 2819 2821 2820
f 2820 2821 2822
f 2820 2822 2818
f 2821 2815 2823
f 2821 2823 2822
f 2822 2823 2824
f 2822 2824 2818
f 2823 2815 2825
f 2823 2825 2824
f 2824 2825 2826
f 2824 2826 2818
f 2825 2815 2827
f 2825 2827 2826
f 2826 2827 2828
f 2826 2828 2818
f 2827 2815 2829
f 2827 2829 2828
f 2828 2829 2830
f 2828 2830 2818
f 2829 2815 2831
f 2829 2831 2830
f 2830 2831 2832
f 2830 2832 2818
f 2831 2815 2833
f 2831 2833 2832
f 2832 2833 2834
f 2832 2834 2818
f 2833 2815 2835
f 2833 2835 2834
f 2834 2835 2836
f 2834 2836 2818
f 2835 2815 2816
f 2835 2816 2836
f 2836 2816 2817
f 2836 2817 2818
f 2838 2837 2841
f 2838 2841 2839
f 2839 2841 2842
f 2839 2842 2840
f 2841 2837 2843
f 2841 2843 2842
f 2842 2843 2844
f 2842 2844 2840
f 2843 2837 2845
f 2843 2845 2844
f 2844 2845 2846
f 2844 2846 2840
f 2845 2837 2847
f 2845 2847 2846
f 2846 2847 2848
f 2846 2848 2840
f 2847 2837 2849
f 2847 2849 2848
f 2848 2849 2850
f 2848 2850 2840
f 2849 2837 2851
f 2849 2851 2850
f 2850 2851 2852
f 2850 2852 2840
f 2851 2837 2853
f 2851 2853 2852
f 2852 2853 2854
f 2852 2854 2840
f 2853 2837 2855
f 2853 2855 2854
f 2854 2855 2856
f 2854 2856 2840
f 2855 2837 2857
f 2855 2857 2856
f 2856 2857 2858
f 2856 2858 2840
f 2857 2837 2838
f 2857 2838 2858
f 2858 2838 2839
f 2858 2839 2840
f 2860 2859 2863
f 2860 2863 2861
f 2861 2863 2864
f 2861 2864 2862
f 2863 2859 2865
f 2863 2865 2864
f 2864 2865 2866
f 2864 2866 2862
f 2865 2859 2867
f 2865 2867 2866
f 2866 2867 2868
f 2866 2868 2862
f 2867 2859 2869
f 2867 2869 2868
f 2868 2869 2870
f 2868 2870 2862
f 2869 2859 2871
f 2869 2871 2870
f 2870 2871 2872
f 2870 2872 2862
f 2871 2859 2873
f 2871 2873 2872
f 2872 2873 2874
f 2872 2874 2862
f 2873 2859 2875
f 2873 2875 2874
f 2874 2875 2876
f 2874 2876 2862
f 2875 2859 2877
f 2875 2877 2876
f 2876 2877 2878
f 2876 2878 2862
f 2877 2859 2879
f 2877 2879 2878
f 2878 2879 2880
f 2878 2880 2862
f 2879 2859 2860
f 2879 2860 2880
f 2880 2860 2861
f 2880 2861 2862
f 2882 2881 2885
f 2882 2885 2883
f 2883 2885 2886
f 2883 2886 2884
f 2885 2881 2887
f 2885 2887 2886
f 2886 2887 2888
f 2886 2888 2884
f 2887 2881 2889
f 2887 2889 2888
f 2888 2889 2890
f 2888 2890 2884
f 2889 2881 2891
f 2889 2891 2890
f 2890 2891 2892
f 2890 2892 2884
f 2891 2881 2893
f 2891 2893 2892
f 2892 2893 2894
f 2892 2894 2884
f 2893 2881 2895
f 2893 2895 2894
f 2894 2895 2896
f 2894 2896 2884
f 2895 2881 2897
f 2895 2897 2896
f 2896 2897 2898
f 2896 2898 2884
f 2897 2881 2899
f 2897 2899 2898
f 2898 2899 2900
f 2898 2900 2884
f 2899 2881 2901
f 2899 2901 2900
f 2900 2901 2902
f 2900 2902 2884
f 2901 2881 2882
f 2901 2882 2902
f 2902 2882 2883
f 2902 2883 2884
f 2904 2903 2907
f 2904 2907 2905
f 2905 2907 2908
f 2905 2908 2906
f 2907 2903 2909
f 2907 2909 2908
f 2908 2909 2910
f 2908 2910 2906
f 2909 2903 2911
f 2909 2911 2910
f 2910 2911 2912
f 2910 2912 2906
f 2911 2903 2913
f 2911 2913 2912
f 2912 2913 2914
f 2912 2914 2906
f 2913 2903 2915
f 2913 2915 2914
f 2914 2915 2916
f 2914 2916 2906
f 2915 2903 2917
f 2915 2917 2916
f 2916 2917 2918
f 2916 2918 2906
f 2917 2903 2919
f 2917 2919 2918
f 2918 2919 2920
f 2918 2920 2906
f 2919 2903 2921
f 2919 2921 2920
f 2920 2921 2922
f 2920 2922 2906
f 2921 2903 2923
f 2921 2923 2922
f 2922 2923 2924
f 2922 2924 2906
f 2923 2903 2904
f 2923 2904 2924
f 2924 2904 2905
f 2924 2905 2906
f 2926 2925 2929
f 2926 2929 2927
f 2927 2929 2930
f 2927 2930 2928
f 2929 2925 2931
f 2929 2931 2930
f 2930 2931 2932
f 2930 2932 2928
f 2931 2925 2933
f 2931 2933 2932
f 2932 2933 2934
f 2932 2934 2928
f 2933 2925 2935
f 2933 2935 2934
f 2934 2935 2936
f 2934 2936 2928
f 2935 2925 2937
f 2935 2937 2936
f 2936 2937 2938
f 2936 2938 2928
f 2937 2925 2939
f 2937 2939 2938
f 2938 2939 2940
f 2938 2940 2928
f 2939 2925 2941
f 2939 2941 2940
f 2940 2941 2942
f 2940 2942 2928
f 2941 2925 2943
f 2941 2943 2942
f 2942 2943 2944
f 2942 2944 2928
f 2943 2925 2945
f 2943 2945 2944
f 2944 2945 2946
f 2944 2946 2928
f 2945 2925 2926
f 2945 2926 2946
f 2946 2926 2927
f 2946 2927 2928
f 2948 2947 2951
f 2948 2951 2949
f 2949 2951 2952
f 2949 2952 2950
f 2951 2947 2953
f 2951 2953 2952
f 2952 2953 2954
f 2952 2954 2950
f 2953 2947 2955
f 2953 2955 2954
f 2954 2955 2956
f 2954 2956 2950
f 2955 2947 2957
f 2955 2957 2956
f 2956 2957 2958
f 2956 2958 2950
f 2957 2947 2959
f 2957 2959 2958
f 2958 2959 2960
f 2958 2960 2950
f 2959 2947 2961
f 2959 2961 2960
f 2960 2961 2962
f 2960 2962 2950
f 2961 2947 2963
f 2961 2963 2962
f 2962 2963 2964
f 2962 2964 2950
f 2963 2947 2965
f 2963 2965 2964
f 2964 2965 2966
f 2964 2966 2950
f 2965 2947 2967
f 2965 2967 2966
f 2966 2967 2968
f 2966 2968 2950
f 2967 2947 2948
f 2967 2948 2968
f 2968 2948 2949
f 2968 2949 2950
f 2970 2969 2973
f 2970 2973 2971
f 2971 2973 2974
f 2971 2974 2972
f 2973 2969 2975
f 2973 2975 2974
f 2974 2975 2976
f 2974 2976 2972
f 2975 2969 2977
f 2975 2977 2976
f 2976 2977 2978
f 2976 2978 2972
f 2977 2969 2979
f 2977 2979 2978
f 2978 2979 2980
f 2978 2980 2972
f 2979 2969 2981
f 2979 2981 2980
f 2980 2981 2982
f 2980 2982 2972
f 2981 2969 2983
f 2981 2983 2982
f 2982 2983 2984
f 2982 2984 2972
f 2983 2969 2985
f 2983 2985 2984
f 2984 2985 2986
f 2984 2986 2972
f 2985 2969 2987
f 2985 2987 2986
f 2986 2987 2988
f 2986 2988 2972
f 2987 2969 2989
f 2987 2989 2988
f 2988 2989 2990
f 2988 2990 2972
f 2989 2969 2970
f 2989 2970 2990
f 2990 2970 2971
f 2990 2971 2972
f 2992 2991 2995
f 2992 2995 2993
f 2993 2995 2996
f 2993 2996 2994
f 2995 2991 2997
f 2995 2997 2996
f 2996 2997 2998
f 2996 2998 2994
f 2997 2991 2999
f 2997 2999 2998
f 2998 2999 3000
f 2998 3000 2994
f 2999 2991 3001
f 2999 3001 3000
f 3000 3001 3002
f 3000 3002 2994
f 3001 2991 3003
f 3001 3003 3002
f 3002 3003 3004
f 3002 3004 2994
f 3003 2991 3005
f 3003 3005 3004
f 3004 3005 3006
f 3004 3006 2994
f 3005 2991 3007
f 3005 3007 3006
f 3006 3007 3008
f 3006 3008 2994
f 3007 2991 3009
f 3007 3009 3008
f 3008 3009 3010
f 3008 3010 2994
f 3009 2991 3011
f 3009 3011 3010
f 3010 3011 3012
f 3010 3012 2994
f 3011 2991 2992
f 3011 2992 3012
f 3012 2992 2993
f 3012 2993 2994
f 3014 3013 3017
f 3014 3017 3015
f 3015 3017 3018
f 3015 3018 3016
f 3017 3013 3019
f 3017 3019 3018
f 3018 3019 3020
f 3018 3020 3016
f 3019 3013 3021
f 3019 3021 3020
f 3020 3021 3022
f 3020 3022 3016
f 3021 3013 3023
f 3021 3023 3022
f 3022 3023 3024
f 3022 3024 3016
f 3023 3013 3025
f 3023 3025 3024
f 3024 3025 3026
f 3024 3026 3016
f 3025 3013 3027
f 3025 3027 3026
f 3026 3027 3028
f 3026 3028 3016
f 3027 3013 3029
f 3027 3029 3028
f 3028 3029 3030
f 3028 3030 3016
f 3029 3013 3031
f 3029 3031 3030
f 3030 3031 3032
f 3030 3032 3016
f 3031 3013 3033
f 3031 3033 3032
f 3032 3033 3034
f 3032 3034 3016
f 3033 3013 3014
f 3033 3014 3034
f 3034 3014 3015
f 3034 3015 3016
f 3036 3035 3039
f 3036 3039 3037
f 3037 3039 3040
f 3037 3040 3038
f 3039 3035 3041
f 3039 3041 3040
f 3040 3041 3042
f 3040 3042 3038
f 3041 3035 3043
f 3041 3043 3042
f 3042 3043 3044
f 3042 3044 3038
f 3043 3035 3045
f 3043 3045 3044
f 3044 3045 3046
f 3044 3046 3038
f 3045 3035 3047
f 3045 3047 3046
f 3046 3047 3048
f 3046 3048 3038
f 3047 3035 3049
f 3047 3049 3048
f 3048 3049 3050
f 3048 3050 3038
f 3049 3035 3051
f 3049 3051 3050
f 3050 3051 3052
f 3050 3052 3038
f 3051 3035 3053
f 3051 3053 3052
f 3052 3053 3054
f 3052 3054 3038
f 3053 3035 3055
f 3053 3055 3054
f 3054 3055 3056
f 3054 3056 3038
f 3055 3035 3036
f 3055 3036 3056
f 3056 3036 3037
f 3056 3037 3038
f 3058 3057 3061
f 3058 3061 3059
f 3059 3061 3062
f 3059 3062 3060
f 3061 3057 3063
f 3061 3063 3062
f 3062 3063 3064
f 3062 3064 3060
f 3063 3057 3065
f 3063 3065 3064
f 3064 3065 3066
f 3064 3066 3060
f 3065 3057 3067
f 3065 3067 3066
f 3066 3067 3068
f 3066 3068 3060
f 3067 3057 3069
f 3067 3069 3068
f 3068 3069 3070
f 3068 3070 3060
f 3069 3057 3071
f 3069 3071 3070
f 3070 3071 3072
f 3070 3072 3060
f 3071 3057 3073
f 3071 3073 3072
f 3072 3073 3074
f 3072 3074 3060
f 3073 3057 3075
f 3073 3075 3074
f 3074 3075 3076
f 3074 3076 3060
f 3075 3057 3077
f 3075 3077 3076
f 3076 3077 3078
f 3076 3078 3060
f 3077 3057 3058
f 3077 3058 3078
f 3078 3058 3059
f 3078 3059 3060
f 3080 3079 3083
f 3080 3083 3081
f 3081 3083 3084
f 3081 3084 3082
f 3083 3079 3085
f 3083 3085 3084
f 3084 3085 3086
f 3084 3086 3082
f 3085 3079 3087
f 3085 3087 3086
f 3086 3087 3088
f 3086 3088 3082
f 3087 3079 3089
f 3087 3089 3088
f 3088 3089 3090
f 3088 3090 3082
f 3089 3079 3091
f 3089 3091 3090
f 3090 3091 3092
f 3090 3092 3082
f 3091 3079 3093
f 3091 3093 3092
f 3092 3093 3094
f 3092 3094 3082
f 3093 3079 3095
f 3093 3095 3094
f 3094 3095 3096
f 3094 3096 3082
f 3095 3079 3097
f 3095 3097 3096
f 3096 3097 3098
f 3096 3098 3082
f 3097 3079 3099
f 3097 3099 3098
f 3098 3099 3100
f 3098 3100 3082
f 3099 3079 3080
f 3099 3080 3100
f 3100 3080 3081
f 3100 3081 3082
f 3102 3101 3105
f 3102 3105 3103
f 3103 3105 3106
f 3103 3106 3104
f 3105 3101 3107
f 3105 3107 3106
f 3106 3107 3108
f 3106 3108 3104
f 3107 3101 3109
f 3107 3109 3108
f 3108 3109 3110
f 3108 3110 3104
f 3109 3101 3111
f 3109 3111 3110
f 3110 3111 3112
f 3110 3112 3104
f 3111 3101 3113
f 3111 3113 3112
f 3112 3113 3114
f 3112 3114 3104
f 3113 3101 3115
f 3113 3115 3114
f 3114 3115 3116
f 3114 3116 3104
f 3115 3101 3117
f 3115 3117 3116
f 3116 3117 3118
f 3116 3118 3104
f 3117 3101 3119
f 3117 3119 3118
f 3118 3119 3120
f 3118 3120 3104
f 3119 3101 3121
f 3119 3121 3120
f 3120 3121 3122
f 3120 3122 3104
f 3121 3101 3102
f 3121 3102 3122
f 3122 3102 3103
f 3122 3103 3104
f 3124 3123 3127
f 3124 3127 3125
f 3125 3127 3128
f 3125 3128 3126
f 3127 3123 3129
f 3127 3129 3128
f 3128 3129 3130
f 3128 3130 3126
f 3129 3123 3131
f 3129 3131 3130
f 3130 3131 3132
f 3130 3132 3126
f 3131 3123 3133
f 3131 3133 3132
f 3132 3133 3134
f 3132 3134 3126
f 3133 3123 3135
f 3133 3135 3134
f 3134 3135 3136
f 3134 3136 3126
f 3135 3123 3137
f 3135 3137 3136
f 3136 3137 3138
f 3136 3138 3126
f 3137 3123 3139
f 3137 3139 3138
f 3138 3139 3140
f 3138 3140 3126
f 3139 3123 3141
f 3139 3141 3140
f 3140 3141 3142
f 3140 3142 3126
f 3141 3123 3143
f 3141 3143 3142
f 3142 3143 3144
f 3142 3144 3126
f 3143 3123 3124
f 3143 3124 3144
f 3144 3124 3125
f 3144 3125 3126
f 3146 3145 3149
f 3146 3149 3147
f 3147 3149 3150
f 3147 3150 3148
f 3149 3145 3151
f 3149 3151 3150
f 3150 3151 3152
f 3150 3152 3148
f 3151 3145 3153
f 3151 3153 3152
f 3152 3153 3154
f 3152 3154 3148
f 3153 3145 3155
f 3153 3155 3154
f 3154 3155 3156
f 3154 3156 3148
f 3155 3145 3157
f 3155 3157 3156
f 3156 3157 3158
f 3156 3158 3148
f 3157 3145 3159
f 3157 3159 3158
f 3158 3159 3160
f 3158 3160 3148
f 3159 3145 3161
f 3159 3161 3160
f 3160 3161 3162
f 3160 3162 3148
f 3161 3145 3163
f 3161 3163 3162
f 3162 3163 3164
f 3162 3164 3148
f 3163 3145 3165
f 3163 3165 3164
f 3164 3165 3166
f 3164 3166 3148
f 3165 3145 3146
f 3165 3146 3166
f 3166 3146 3147
f 3166 3147 3148
f 3168 3167 3171
f 3168 3171 3169
f 3169 3171 3172
f 3169 3172 3170
f 3171 3167 3173
f 3171 3173 3172
f 3172 3173 3174
f 3172 3174 3170
f 3173 3167 3175
f 3173 3175 3174
f 3174 3175 3176
f 3174 3176 3170
f 3175 3167 3177
f 3175 3177 3176
f 3176 3177 3178
f 3176 3178 3170
f 3177 3167 3179
f 3177 3179 3178
f 3178 3179 3180
f 3178 3180 3170
f 3179 3167 3181
f 3179 3181 3180
f 3180 3181 3182
f 3180 3182 3170
f 3181 3167 3183
f 3181 3183 3182
f 3182 3183 3184
f 3182 3184 3170
f 3183 3167 3185
f 3183 3185 3184
f 3184 3185 3186
f 3184 3186 3170
f 3185 3167 3187
f 3185 3187 3186
f 3186 3187 3188
f 3186 3188 3170
f 3187 3167 3168
f 3187 3168 3188
f 3188 3168 3169
f 3188 3169 3170
f 3190 3189 3193
f 3190 3193 3191
f 3191 3193 3194
f 3191 3194 3192
f 3193 3189 3195
f 3193 3195 3194
f 3194 3195 3196
f 3194 3196 3192
f 3195 3189 3197
f 3195 3197 3196
f 3196 3197 3198
f 3196 3198 3192
f 3197 3189 3199
f 3197 3199 3198
f 3198 3199 3200
f 3198 3200 3192
f 3199 3189 3201
f 3199 3201 3200
f 3200 3201 3202
f 3200 3202 3192
f 3201 3189 3203
f 3201 3203 3202
f 3202 3203 3204
f 3202 3204 3192
f 3203 3189 3205
f 3203 3205 3204
f 3204 3205 3206
f 3204 3206 3192
f 3205 3189 3207
f 3205 3207 3206
f 3206 3207 3208
f 3206 3208 3192
f 3207 3189 3209
f 3207 3209 3208
f 3208 3209 3210
f 3208 3210 3192
f 3209 3189 3190
f 3209 3190 3210
f 3210 3190 3191
f 3210 3191 3192
f 3212 3211 3215
f 3212 3215 3213
f 3213 3215 3216
f 3213 3216 3214
f 3215 3211 3217
f 3215 3217 3216
f 3216 3217 3218
f 3216 3218 3214
f 3217 3211 3219
f 3217 3219 3218
f 3218 3219 3220
f 3218 3220 3214
f 3219 3211 3221
f 3219 3221 3220
f 3220 3221 3222
f 3220 3222 3214
f 3221 3211 3223
f 3221 3223 3222
f 3222 3223 3224
f 3222 3224 3214
f 3223 3211 3225
f 3223 3225 3224
f 3224 3225 3226
f 3224 3226 3214
f 3225 3211 3227
f 3225 3227 3226
f 3226 3227 3228
f 3226 3228 3214
f 3227 3211 3229
f 3227 3229 3228
f 3228 3229 3230
f 3228 3230 3214
f 3229 3211 3231
f 3229 3231 3230
f 3230 3231 3232
f 3230 3232 3214
f 3231 3211 3212
f 3231 3212 3232
f 3232 3212 3213
f 3232 3213 3214
f 3234 3233 3237
f 3234 3237 3235
f 3235 3237 3238
f 3235 3238 3236
f 3237 3233 3239
f 3237 3239 3238
f 3238 3239 3240
f 3238 3240 3236
f 3239 3233 3241
f 3239 3241 3240
f 3240 3241 3242
f 3240 3242 3236
f 3241 3233 3243
f 3241 3243 3242
f 3242 3243 3244
f 3242 3244 3236
f 3243 3233 3245
f 3243 3245 3244
f 3244 3245 3246
f 3244 3246 3236
f 3245 3233 3247
f 3245 3247 3246
f 3246 3247 3248
f 3246 3248 3236
f 3247 3233 3249
f 3247 3249 3248
f 3248 3249 3250
f 3248 3250 3236
f 3249 3233 3251
f 3249 3251 3250
f 3250 3251 3252
f 3250 3252 3236
f 3251 3233 3253
f 3251 3253 3252
f 3252 3253 3254
f 3252 3254 3236
f 3253 3233 3234
f 3253 3234 3254
f 3254 3234 3235
f 3254 3235 3236
f 3256 3255 3259
f 3256 3259 3257
f 3257 3259 3260
f 3257 3260 3258
f 3259 3255 3261
f 3259 3261 3260
f 3260 3261 3262
f 3260 3262 3258
f 3261 3255 3263
f 3261 3263 3262
f 3262 3263 3264
f 3262 3264 3258
f 3263 3255 3265
f 3263 3265 3264
f 3264 3265 3266
f 3264 3266 3258
f 3265 3255 3267
f 3265 3267 3266
f 3266 3267 3268
f 3266 3268 3258
f 3267 3255 3269
f 3267 3269 3268
f 3268 3269 3270
f 3268 3270 3258
f 3269 3255 3271
f 3269 3271 3270
f 3270 3271 3272
f 3270 3272 3258
f 3271 3255 3273
f 3271 3273 3272
f 3272 3273 3274
f 3272 3274 3258
f 3273 3255 3275
f 3273 3275 3274
f 3274 3275 3276
f 3274 3276 3258
f 3275 3255 3256
f 3275 3256 3276
f 3276 3256 3257
f 3276 3257 3258
f 3278 3277 3281
f 3278 3281 3279
f 3279 3281 3282
f 3279 3282 3280
f 3281 3277 3283
f 3281 3283 3282
f 3282 3283 3284
f 3282 3284 3280
f 3283 3277 3285
f 3283 3285 3284
f 3284 3285 3286
f 3284 3286 3280
f 3285 3277 3287
f 3285 3287 3286
f 3286 3287 3288
f 3286 3288 3280
f 3287 3277 3289
f 3287 3289 3288
f 3288 3289 3290
f 3288 3290 3280
f 3289 3277 3291
f 3289 3291 3290
f 3290 3291 3292
f 3290 3292 3280
f 3291 3277 3293
f 3291 3293 3292
f 3292 3293 3294
f 3292 3294 3280
f 3293 3277 3295
f 3293 3295 3294
f 3294 3295 3296
f 3294 3296 3280
f 3295 3277 3297
f 3295 3297 3296
f 3296 3297 3298
f 3296 3298 3280
f 3297 3277 3278
f 3297 3278 3298
f 3298 3278 3279
f 3298 3279 3280
f 3300 3299 3303
f 3300 3303 3301
f 3301 3303 3304
f 3301 3304 3302
f 3303 3299 3305
f 3303 3305 3304
f 3304 3305 3306
f 3304 3306 3302
f 3305 3299 3307
f 3305 3307 3306
f 3306 3307 3308
f 3306 3308 3302
f 3307 3299 3309
f 3307 3309 3308
f 3308 3309 3310
f 3308 3310 3302
f 3309 3299 3311
f 3309 3311 3310
f 3310 3311 3312
f 3310 3312 3302
f 3311 3299 3313
f 3311 3313 3312
f 3312 3313 3314
f 3312 3314 3302
f 3313 3299 3315
f 3313 3315 3314
f 3314 3315 3316
f 3314 3316 3302
f 3315 3299 3317
f 3315 3317 3316
f 3316 3317 3318
f 3316 3318 3302
f 3317 3299 3319
f 3317 3319 3318
f 3318 3319 3320
f 3318 3320 3302
f 3319 3299 3300
f 3319 3300 3320
f 3320 3300 3301
f 3320 3301 3302
f 3322 3321 3325
f 3322 3325 3323
f 3323 3325 3326
f 3323 3326 3324
f 3325 3321 3327
f 3325 3327 3326
f 3326 3327 3328
f 3326 3328 3324
f 3327 3321 3329
f 3327 3329 3328
f 3328 3329 3330
f 3328 3330 3324
f 3329 3321 3331
f 3329 3331 3330
f 3330 3331 3332
f 3330 3332 3324
f 3331 3321 3333
f 3331 3333 3332
f 3332 3333 3334
f 3332 3334 3324
f 3333 3321 3335
f 3333 3335 3334
f 3334 3335 3336
f 3334 3336 3324
f 3335 3321 3337
f 3335 3337 3336
f 3336 3337 3338
f 3336 3338 3324
f 3337 3321 3339
f 3337 3339 3338
f 3338 3339 3340
f 3338 3340 3324
f 3339 3321 3341
f 3339 3341 3340
f 3340 3341 3342
f 3340 3342 3324
f 3341 3321 3322
f 3341 3322 3342
f 3342 3322 3323
f 3342 3323 3324
f 3344 3343 3347
f 3344 3347 3345
f 3345 3347 3348
f 3345 3348 3346
f 3347 3343 3349
f 3347 3349 3348
f 3348 3349 3350
f 3348 3350 3346
f 3349 3343 3351
f 3349 3351 3350
f 3350 3351 3352
f 3350 3352 3346
f 3351 3343 3353
f 3351 3353 3352
f 3352 3353 3354
f 3352 3354 3346
f 3353 3343 3355
f 3353 3355 3354
f 3354 3355 3356
f 3354 3356 3346
f 3355 3343 3357
f 3355 3357 3356
f 3356 3357 3358
f 3356 3358 3346
f 3357 3343 3359
f 3357 3359 3358
f 3358 3359 3360
f 3358 3360 3346
f 3359 3343 3361
f 3359 3361 3360
f 3360 3361 3362
f 3360 3362 3346
f 3361 3343 3363
f 3361 3363 3362
f 3362 3363 3364
f 3362 3364 3346
f 3363 3343 3344
f 3363 3344 3364
f 3364 3344 3345
f 3364 3345 3346
f 3366 3365 3369
f 3366 3369 3367
f 3367 3369 3370
f 3367 3370 3368
f 3369 3365 3371
f 3369 3371 3370
f 3370 3371 3372
f 3370 3372 3368
f 3371 3365 3373
f 3371 3373 3372
f 3372 3373 3374
f 3372 3374 3368
f 3373 3365 3375
f 3373 3375 3374
f 3374 3375 3376
f 3374 3376 3368
f 3375 3365 3377
f 3375 3377 3376
f 3376 3377 3378
f 3376 3378 3368
f 3377 3365 3379
f 3377 3379 3378
f 3378 3379 3380
f 3378 3380 3368
f 3379 3365 3381
f 3379 3381 3380
f 3380 3381 3382
f 3380 3382 3368
f 3381 3365 3383
f 3381 3383 3382
f 3382 3383 3384
f 3382 3384 3368
f 3383 3365 3385
f 3383 3385 3384
f 3384 3385 3386
f 3384 3386 3368
f 3385 3365 3366
f 3385 3366 3386
f 3386 3366 3367
f 3386 3367 3368
f 3388 3387 3391
f 3388 3391 3389
f 3389 3391 3392
f 3389 3392 3390
f 3391 3387 3393
f 3391 3393 3392
f 3392 3393 3394
f 3392 3394 3390
f 3393 3387 3395
f 3393 3395 3394
f 3394 3395 3396
f 3394 3396 3390
f 3395 3387 3397
f 3395 3397 3396
f 3396 3397 3398
f 3396 3398 3390
f 3397 3387 3399
f 3397 3399 3398
f 3398 3399 3400
f 3398 3400 3390
f 3399 3387 3401
f 3399 3401 3400
f 3400 3401 3402
f 3400 3402 3390
f 3401 3387 3403
f 3401 3403 3402
f 3402 3403 3404
f 3402 3404 3390
f 3403 3387 3405
f 3403 3405 3404
f 3404 3405 3406
f 3404 3406 3390
f 3405 3387 3407
f 3405 3407 3406
f 3406 3407 3408
f 3406 3408 3390
f 3407 3387 3388
f 3407 3388 3408
f 3408 3388 3389
f 3408 3389 3390
f 3410 3409 3413
f 3410 3413 3411
f 3411 3413 3414
f 3411 3414 3412
f 3413 3409 3415
f 3413 3415 3414
f 3414 3415 3416
f 3414 3416 3412
f 3415 3409 3417
f 3415 3417 3416
f 3416 3417 3418
f 3416 3418 3412
f 3417 3409 3419
f 3417 3419 3418
f 3418 3419 3420
f 3418 3420 3412
f 3419 3409 3421
f 3419 3421 3420
f 3420 3421 3422
f 3420 3422 3412
f 3421 3409 3423
f 3421 3423 3422
f 3422 3423 3424
f 3422 3424 3412
f 3423 3409 3425
f 3423 3425 3424
f 3424 3425 3426
f 3424 3426 3412
f 3425 3409 3427
f 3425 3427 3426
f 3426 3427 3428
f 3426 3428 3412
f 3427 3409 3429
f 3427 3429 3428
f 3428 3429 3430
f 3428 3430 3412
f 3429 3409 3410
f 3429 3410 3430
f 3430 3410 3411
f 3430 3411 3412
f 3432 3431 3435
f 3432 3435 3433
f 3433 3435 3436
f 3433 3436 3434
f 3435 3431 3437
f 3435 3437 3436
f 3436 3437 3438
f 3436 3438 3434
f 3437 3431 3439
f 3437 3439 3438
f 3438 3439 3440
f 3438 3440 3434
f 3439 3431 3441
f 3439 3441 3440
f 3440 3441 3442
f 3440 3442 3434
f 3441 3431 3443
f 3441 3443 3442
f 3442 3443 3444
f 3442 3444 3434
f 3443 3431 3445
f 3443 3445 3444
f 3444 3445 3446
f 3444 3446 3434
f 3445 3431 3447
f 3445 3447 3446
f 3446 3447 3448
f 3446 3448 3434
f 3447 3431 3449
f 3447 3449 3448
f 3448 3449 3450
f 3448 3450 3434
f 3449 3431 3451
f 3449 3451 3450
f 3450 3451 3452
f 3450 3452 3434
f 3451 3431 3432
f 3451 3432 3452
f 3452 3432 3433
f 3452 3433 3434
f 3454 3453 3457
f 3454 3457 3455
f 3455 3457 3458
f 3455 3458 3456
f 3457 3453 3459
f 3457 3459 3458
f 3458 3459 3460
f 3458 3460 3456
f 3459 3453 3461
f 3459 3461 3460
f 3460 3461 3462
f 3460 3462 3456
f 3461 3453 3463
f 3461 3463 3462
f 3462 3463 3464
f 3462 3464 3456
f 3463 3453 3465
f 3463 3465 3464
f 3464 3465 3466
f 3464 3466 3456
f 3465 3453 3467
f 3465 3467 3466
f 3466 3467 3468
f 3466 3468 3456
f 3467 3453 3469
f 3467 3469 3468
f 3468 3469 3470
f 3468 3470 3456
f 3469 3453 3471
f 3469 3471 3470
f 3470 3471 3472
f 3470 3472 3456
f 3471 3453 3473
f 3471 3473 3472
f 3472 3473 3474
f 3472 3474 3456
f 3473 3453 3454
f 3473 3454 3474
f 3474 3454 3455
f 3474 3455 3456
f 3476 3475 3479
f 3476 3479 3477
f 3477 3479 3480
f 3477 3480 3478
f 3479 3475 3481
f 3479 3481 3480
f 3480 3481 3482
f 3480 3482 3478
f 3481 3475 3483
f 3481 3483 3482
f 3482 3483 3484
f 3482 3484 3478
f 3483 3475 3485
f 3483 3485 3484
f 3484 3485 3486
f 3484 3486 3478
f 3485 3475 3487
f 3485 3487 3486
f 3486 3487 3488
f 3486 3488 3478
f 3487 3475 3489
f 3487 3489 3488
f 3488 3489 3490
f 3488 3490 3478
f 3489 3475 3491
f 3489 3491 3490
f 3490 3491 3492
f 3490 3492 3478
f 3491 3475 3493
f 3491 3493 3492
f 3492 3493 3494
f 3492 3494 3478
f 3493 3475 3495
f 3493 3495 3494
f 3494 3495 3496
f 3494 3496 3478
f 3495 3475 3476
f 3495 3476 3496
f 3496 3476 3477
f 3496 3477 3478
f 3498 3497 3501
f 3498 3501 3499
f 3499 3501 3502
f 3499 3502 3500
f 3501 3497 3503
f 3501 3503 3502
f 3502 3503 3504
f 3502 3504 3500
f 3503 3497 3505
f 3503 3505 3504
f 3504 3505 3506
f 3504 3506 3500
f 3505 3497 3507
f 3505 3507 3506
f 3506 3507 3508
f 3506 3508 3500
f 3507 3497 3509
f 3507 3509 3508
f 3508 3509 3510
f 3508 3510 3500
f 3509 3497 3511
f 3509 3511 3510
f 3510 3511 3512
f 3510 3512 3500
f 3511 3497 3513
f 3511 3513 3512
f 3512 3513 3514
f 3512 3514 3500
f 3513 3497 3515
f 3513 3515 3514
f 3514 3515 3516
f 3514 3516 3500
f 3515 3497 3517
f 3515 3517 3516
f 3516 3517 3518
f 3516 3518 3500
f 3517 3497 3498
f 3517 3498 3518
f 3518 3498 3499
f 3518 3499 3500
f 3520 3519 3523
f 3520 3523 3521
f 3521 3523 3524
f 3521 3524 3522
f 3523 3519 3525
f 3523 3525 3524
f 3524 3525 3526
f 3524 3526 3522
f 3525 3519 3527
f 3525 3527 3526
f 3526 3527 3528
f 3526 3528 3522
f 3527 3519 3529
f 3527 3529 3528
f 3528 3529 3530
f 3528 3530 3522
f 3529 3519 3531
f 3529 3531 3530
f 3530 3531 3532
f 3530 3532 3522
f 3531 3519 3533
f 3531 3533 3532
f 3532 3533 3534
f 3532 3534 3522
f 3533 3519 3535
f 3533 3535 3534
f 3534 3535 3536
f 3534 3536 3522
f 3535 3519 3537
f 3535 3537 3536
f 3536 3537 3538
f 3536 3538 3522
f 3537 3519 3539
f 3537 3539 3538
f 3538 3539 3540
f 3538 3540 3522
f 3539 3519 3520
f 3539 3520 3540
f 3540 3520 3521
f 3540 3521 3522
f 3542 3541 3545
f 3542 3545 3543
f 3543 3545 3546
f 3543 3546 3544
f 3545 3541 3547
f 3545 3547 3546
f 3546 3547 3548
f 3546 3548 3544
f 3547 3541 3549
f 3547 3549 3548
f 3548 3549 3550
f 3548 3550 3544
f 3549 3541 3551
f 3549 3551 3550
f 3550 3551 3552
f 3550 3552 3544
f 3551 3541 3553
f 3551 3553 3552
f 3552 3553 3554
f 3552 3554 3544
f 3553 3541 3555
f 3553 3555 3554
f 3554 3555 3556
f 3554 3556 3544
f 3555 3541 3557
f 3555 3557 3556
f 3556 3557 3558
f 3556 3558 3544
f 3557 3541 3559
f 3557 3559 3558
f 3558 3559 3560
f 3558 3560 3544
f 3559 3541 3561
f 3559 3561 3560
f 3560 3561 3562
f 3560 3562 3544
f 3561 3541 3542
f 3561 3542 3562
f 3562 3542 3543
f 3562 3543 3544
f 3564 3563 3567
f 3564 3567 3565
f 3565 3567 3568
f 3565 3568 3566
f 3567 3563 3569
f 3567 3569 3568
f 3568 3569 3570
f 3568 3570 3566
f 3569 3563 3571
f 3569 3571 3570
f 3570 3571 3572
f 3570 3572 3566
f 3571 3563 3573
f 3571 3573 3572
f 3572 3573 3574
f 3572 3574 3566
f 3573 3563 3575
f 3573 3575 3574
f 3574 3575 3576
f 3574 3576 3566
f 3575 3563 3577
f 3575 3577 3576
f 3576 3577 3578
f 3576 3578 3566
f 3577 3563 3579
f 3577 3579 3578
f 3578 3579 3580
f 3578 3580 3566
f 3579 3563 3581
f 3579 3581 3580
f 3580 3581 3582
f 3580 3582 3566
f 3581 3563 3583
f 3581 3583 3582
f 3582 3583 3584
f 3582 3584 3566
f 3583 3563 3564
f 3583 3564 3584
f 3584 3564 3565
f 3584 3565 3566
f 3586 3585 3589
f 3586 3589 3587
f 3587 3589 3590
f 3587 3590 3588
f 3589 3585 3591
f 3589 3591 3590
f 3590 3591 3592
f 3590 3592 3588
f 3591 3585 3593
f 3591 3593 3592
f 3592 3593 3594
f 3592 3594 3588
f 3593 3585 3595
f 3593 3595 3594
f 3594 3595 3596
f 3594 3596 3588
f 3595 3585 3597
f 3595 3597 3596
f 3596 3597 3598
f 3596 3598 3588
f 3597 3585 3599
f 3597 3599 3598
f 3598 3599 3600
f 3598 3600 3588
f 3599 3585 3601
f 3599 3601 3600
f 3600 3601 3602
f 3600 3602 3588
f 3601 3585 3603
f 3601 3603 3602
f 3602 3603 3604
f 3602 3604 3588
f 3603 3585 3605
f 3603 3605 3604
f 3604 3605 3606
f 3604 3606 3588
f 3605 3585 3586
f 3605 3586 3606
f 3606 3586 3587
f 3606 3587 3588
f 3608 3607 3611
f 3608 3611 3609
f 3609 3611 3612
f 3609 3612 3610
f 3611 3607 3613
f 3611 3613 3612
f 3612 3613 3614
f 3612 3614 3610
f 3613 3607 3615
f 3613 3615 3614
f 3614 3615 3616
f 3614 3616 3610
f 3615 3607 3617
f 3615 3617 3616
f 3616 3617 3618
f 3616 3618 3610
f 3617 3607 3619
f 3617 3619 3618
f 3618 3619 3620
f 3618 3620 3610
f 3619 3607 3621
f 3619 3621 3620
f 3620 3621 3622
f 3620 3622 3610
f 3621 3607 3623
f 3621 3623 3622
f 3622 3623 3624
f 3622 3624 3610
f 3623 3607 3625
f 3623 3625 3624
f 3624 3625 3626
f 3624 3626 3610
f 3625 3607 3627
f 3625 3627 3626
f 3626 3627 3628
f 3626 3628 3610
f 3627 3607 3608
f 3627 3608 3628
f 3628 3608 3609
f 3628 3609 3610
f 3630 3629 3633
f 3630 3633 3631
f 3631 3633 3634
f 3631 3634 3632
f 3633 3629 3635
f 3633 3635 3634
f 3634 3635 3636
f 3634 3636 3632
f 3635 3629 3637
f 3635 3637 3636
f 3636 3637 3638
f 3636 3638 3632
f 3637 3629 3639
f 3637 3639 3638
f 3638 3639 3640
f 3638 3640 3632
f 3639 3629 3641
f 3639 3641 3640
f 3640 3641 3642
f 3640 3642 3632
f 3641 3629 3643
f 3641 3643 3642
f 3642 3643 3644
f 3642 3644 3632
f 3643 3629 3645
f 3643 3645 3644
f 3644 3645 3646
f 3644 3646 3632
f 3645 3629 3647
f 3645 3647 3646
f 3646 3647 3648
f 3646 3648 3632
f 3647 3629 3649
f 3647 3649 3648
f 3648 3649 3650
f 3648 3650 3632
f 3649 3629 3630
f 3649 3630 3650
f 3650 3630 3631
f 3650 3631 3632
f 3652 3651 3655
f 3652 3655 3653
f 3653 3655 3656
f 3653 3656 3654
f 3655 3651 3657
f 3655 3657 3656
f 3656 3657 3658
f 3656 3658 3654
f 3657 3651 3659
f 3657 3659 3658
f 3658 3659 3660
f 3658 3660 3654
f 3659 3651 3661
f 3659 3661 3660
f 3660 3661 3662
f 3660 3662 3654
f 3661 3651 3663
f 3661 3663 3662
f 3662 3663 3664
f 3662 3664 3654
f 3663 3651 3665
f 3663 3665 3664
f 3664 3665 3666
f 3664 3666 3654
f 3665 3651 3667
f 3665 3667 3666
f 3666 3667 3668
f 3666 3668 3654
f 3667 3651 3669
f 3667 3669 3668
f 3668 3669 3670
f 3668 3670 3654
f 3669 3651 3671
f 3669 3671 3670
f 3670 3671 3672
f 3670 3672 3654
f 3671 3651 3652
f 3671 3652 3672
f 3672 3652 3653
f 3672 3653 3654
f 3674 3673 3677
f 3674 3677 3675
f 3675 3677 3678
f 3675 3678 3676
f 3677 3673 3679
f 3677 3679 3678
f 3678 3679 3680
f 3678 3680 3676
f 3679 3673 3681
f 3679 3681 3680
f 3680 3681 3682
f 3680 3682 3676
f 3681 3673 3683
f 3681 3683 3682
f 3682 3683 3684
f 3682 3684 3676
f 3683 3673 3685
f 3683 3685 3684
f 3684 3685 3686
f 3684 3686 3676
f 3685 3673 3687
f 3685 3687 3686
f 3686 3687 3688
f 3686 3688 3676
f 3687 3673 3689
f 3687 3689 3688
f 3688 3689 3690
f 3688 3690 3676
f 3689 3673 3691
f 3689 3691 3690
f 3690 3691 3692
f 3690 3692 3676
f 3691 3673 3693
f 3691 3693 3692
f 3692 3693 3694
f 3692 3694 3676
f 3693 3673 3674
f 3693 3674 3694
f 3694 3674 3675
f 3694 3675 3676
f 3696 3695 3699
f 3696 3699 3697
f 3697 3699 3700
f 3697 3700 3698
f 3699 3695 3701
f 3699 3701 3700
f 3700 3701 3702
f 3700 3702 3698
f 3701 3695 3703
f 3701 3703 3702
f 3702 3703 3704
f 3702 3704 3698
f 3703 3695 3705
f 3703 3705 3704
f 3704 3705 3706
f 3704 3706 3698
f 3705 3695 3707
f 3705 3707 3706
f 3706 3707 3708
f 3706 3708 3698
f 3707 3695 3709
f 3707 3709 3708
f 3708 3709 3710
f 3708 3710 3698
f 3709 3695 3711
f 3709 3711 3710
f 3710 3711 3712
f 3710 3712 3698
f 3711 3695 3713
f 3711 3713 3712
f 3712 3713 3714
f 3712 3714 3698
f 3713 3695 3715
f 3713 3715 3714
f 3714 3715 3716
f 3714 3716 3698
f 3715 3695 3696
f 3715 3696 3716
f 3716 3696 3697
f 3716 3697 3698
f 3718 3717 3721
f 3718 3721 3719
f 3719 3721 3722
f 3719 3722 3720
f 3721 3717 3723
f 3721 3723 3722
f 3722 3723 3724
f 3722 3724 3720
f 3723 3717 3725
f 3723 3725 3724
f 3724 3725 3726
f 3724 3726 3720
f 3725 3717 3727
f 3725 3727 3726
f 3726 3727 3728
f 3726 3728 3720
f 3727 3717 3729
f 3727 3729 3728
f 3728 3729 3730
f 3728 3730 3720
f 3729 3717 3731
f 3729 3731 3730
f 3730 3731 3732
f 3730 3732 3720
f 3731 3717 3733
f 3731 3733 3732
f 3732 3733 3734
f 3732 3734 3720
f 3733 3717 3735
f 3733 3735 3734
f 3734 3735 3736
f 3734 3736 3720
f 3735 3717 3737
f 3735 3737 3736
f 3736 3737 3738
f 3736 3738 3720
f 3737 3717 3718
f 3737 3718 3738
f 3738 3718 3719
f 3738 3719 3720
f 3740 3739 3743
f 3740 3743 3741
f 3741 3743 3744
f 3741 3744 3742
f 3743 3739 3745
f 3743 3745 3744
f 3744 3745 3746
f 3744 3746 3742
f 3745 3739 3747
f 3745 3747 3746
f 3746 3747 3748
f 3746 3748 3742
f 3747 3739 3749
f 3747 3749 3748
f 3748 3749 3750
f 3748 3750 3742
f 3749 3739 3751
f 3749 3751 3750
f 3750 3751 3752
f 3750 3752 3742
f 3751 3739 3753
f 3751 3753 3752
f 3752 3753 3754
f 3752 3754 3742
f 3753 3739 3755
f 3753 3755 3754
f 3754 3755 3756
f 3754 3756 3742
f 3755 3739 3757
f 3755 3757 3756
f 3756 3757 3758
f 3756 3758 3742
f 3757 3739 3759
f 3757 3759 3758
f 3758 3759 3760
f 3758 3760 3742
f 3759 3739 3740
f 3759 3740 3760
f 3760 3740 3741
f 3760 3741 3742
f 3762 3761 3765
f 3762 3765 3763
f 3763 3765 3766
f 3763 3766 3764
f 3765 3761 3767
f 3765 3767 3766
f 3766 3767 3768
f 3766 3768 3764
f 3767 3761 3769
f 3767 3769 3768
f 3768 3769 3770
f 3768 3770 3764
f 3769 3761 3771
f 3769 3771 3770
f 3770 3771 3772
f 3770 3772 3764
f 3771 3761 3773
f 3771 3773 3772
f 3772 3773 3774
f 3772 3774 3764
f 3773 3761 3775
f 3773 3775 3774
f 3774 3775 3776
f 3774 3776 3764
f 3775 3761 3777
f 3775 3777 3776
f 3776 3777 3778
f 3776 3778 3764
f 3777 3761 3779
f 3777 3779 3778
f 3778 3779 3780
f 3778 3780 3764
f 3779 3761 3781
f 3779 3781 3780
f 3780 3781 3782
f 3780 3782 3764
f 3781 3761 3762
f 3781 3762 3782
f 3782 3762 3763
f 3782 3763 3764
f 3784 3783 3787
f 3784 3787 3785
f 3785 3787 3788
f 3785 3788 3786
f 3787 3783 3789
f 3787 3789 3788
f 3788 3789 3790
f 3788 3790 3786
f 3789 3783 3791
f 3789 3791 3790
f 3790 3791 3792
f 3790 3792 3786
f 3791 3783 3793
f 3791 3793 3792
f 3792 3793 3794
f 3792 3794 3786
f 3793 3783 3795
f 3793 3795 3794
f 3794 3795 3796
f 3794 3796 3786
f 3795 3783 3797
f 3795 3797 3796
f 3796 3797 3798
f 3796 3798 3786
f 3797 3783 3799
f 3797 3799 3798
f 3798 3799 3800
f 3798 3800 3786
f 3799 3783 3801
f 3799 3801 3800
f 3800 3801 3802
f 3800 3802 3786
f 3801 3783 3803
f 3801 3803 3802
f 3802 3803 3804
f 3802 3804 3786
f 3803 3783 3784
f 3803 3784 3804
f 3804 3784 3785
f 3804 3785 3786
f 3806 3805 3809
f 3806 3809 3807
f 3807 3809 3810
f 3807 3810 3808
f 3809 3805 3811
f 3809 3811 3810
f 3810 3811 3812
f 3810 3812 3808
f 3811 3805 3813
f 3811 3813 3812
f 3812 3813 3814
f 3812 3814 3808
f 3813 3805 3815
f 3813 3815 3814
f 3814 3815 3816
f 3814 3816 3808
f 3815 3805 3817
f 3815 3817 3816
f 3816 3817 3818
f 3816 3818 3808
f 3817 3805 3819
f 3817 3819 3818
f 3818 3819 3820
f 3818 3820 3808
f 3819 3805 3821
f 3819 3821 3820
f 3820 3821 3822
f 3820 3822 3808
f 3821 3805 3823
f 3821 3823 3822
f 3822 3823 3824
f 3822 3824 3808
f 3823 3805 3825
f 3823 3825 3824
f 3824 3825 3826
f 3824 3826 3808
f 3825 3805 3806
f 3825 3806 3826
f 3826 3806 3807
f 3826 3807 3808
f 3828 3827 3831
f 3828 3831 3829
f 3829 3831 3832
f 3829 3832 3830
f 3831 3827 3833
f 3831 3833 3832
f 3832 3833 3834
f 3832 3834 3830
f 3833 3827 3835
f 3833 3835 3834
f 3834 3835 3836
f 3834 3836 3830
f 3835 3827 3837
f 3835 3837 3836
f 3836 3837 3838
f 3836 3838 3830
f 3837 3827 3839
f 3837 3839 3838
f 3838 3839 3840
f 3838 3840 3830
f 3839 3827 3841
f 3839 3841 3840
f 3840 3841 3842
f 3840 3842 3830
f 3841 3827 3843
f 3841 3843 3842
f 3842 3843 3844
f 3842 3844 3830
f 3843 3827 3845
f 3843 3845 3844
f 3844 3845 3846
f 3844 3846 3830
f 3845 3827 3847
f 3845 3847 3846
f 3846 3847 3848
f 3846 3848 3830
f 3847 3827 3828
f 3847 3828 3848
f 3848 3828 3829
f 3848 3829 3830
f 3850 3849 3853
f 3850 3853 3851
f 3851 3853 3854
f 3851 3854 3852
f 3853 3849 3855
f 3853 3855 3854
f 3854 3855 3856
f 3854 3856 3852
f 3855 3849 3857
f 3855 3857 3856
f 3856 3857 3858
f 3856 3858 3852
f 3857 3849 3859
f 3857 3859 3858
f 3858 3859 3860
f 3858 3860 3852
f 3859 3849 3861
f 3859 3861 3860
f 3860 3861 3862
f 3860 3862 3852
f 3861 3849 3863
f 3861 3863 3862
f 3862 3863 3864
f 3862 3864 3852
f 3863 3849 3865
f 3863 3865 3864
f 3864 3865 3866
f 3864 3866 3852
f 3865 3849 3867
f 3865 3867 3866
f 3866 3867 3868
f 3866 3868 3852
f 3867 3849 3869
f 3867 3869 3868
f 3868 3869 3870
f 3868 3870 3852
f 3869 3849 3850
f 3869 3850 3870
f 3870 3850 3851
f 3870 3851 3852
f 3872 3871 3875
f 3872 3875 3873
f 3873 3875 3876
f 3873 3876 3874
f 3875 3871 3877
f 3875 3877 3876
f 3876 3877 3878
f 3876 3878 3874
f 3877 3871 3879
f 3877 3879 3878
f 3878 3879 3880
f 3878 3880 3874
f 3879 3871 3881
f 3879 3881 3880
f 3880 3881 3882
f 3880 3882 3874
f 3881 3871 3883
f 3881 3883 3882
f 3882 3883 3884
f 3882 3884 3874
f 3883 3871 3885
f 3883 3885 3884
f 3884 3885 3886
f 3884 3886 3874
f 3885 3871 3887
f 3885 3887 3886
f 3886 3887 3888
f 3886 3888 3874
f 3887 3871 3889
f 3887 3889 3888
f 3888 3889 3890
f 3888 3890 3874
f 3889 3871 3891
f 3889 3891 3890
f 3890 3891 3892
f 3890 3892 3874
f 3891 3871 3872
f 3891 3872 3892
f 3892 3872 3873
f 3892 3873 3874
f 3894 3893 3897
f 3894 3897 3895
f 3895 3897 3898
f 3895 3898 3896
f 3897 3893 3899
f 3897 3899 3898
f 3898 3899 3900
f 3898 3900 3896
f 3899 3893 3901
f 3899 3901 3900
f 3900 3901 3902
f 3900 3902 3896
f 3901 3893 3903
f 3901 3903 3902
f 3902 3903 3904
f 3902 3904 3896
f 3903 3893 3905
f 3903 3905 3904
f 3904 3905 3906
f 3904 3906 3896
f 3905 3893 3907
f 3905 3907 3906
f 3906 3907 3908
f 3906 3908 3896
f 3907 3893 3909
f 3907 3909 3908
f 3908 3909 3910
f 3908 3910 3896
f 3909 3893 3911
f 3909 3911 3910
f 3910 3911 3912
f 3910 3912 3896
f 3911 3893 3913
f 3911 3913 3912
f 3912 3913 3914
f 3912 3914 3896
f 3913 3893 3894
f 3913 3894 3914
f 3914 3894 3895
f 3914 3895 3896
f 3916 3915 3919
f 3916 3919 3917
f 3917 3919 3920
f 3917 3920 3918
f 3919 3915 3921
f 3919 3921 3920
f 3920 3921 3922
f 3920 3922 3918
f 3921 3915 3923
f 3921 3923 3922
f 3922 3923 3924
f 3922 3924 3918
f 3923 3915 3925
f 3923 3925 3924
f 3924 3925 3926
f 3924 3926 3918
f 3925 3915 3927
f 3925 3927 3926
f 3926 3927 3928
f 3926 3928 3918
f 3927 3915 3929
f 3927 3929 3928
f 3928 3929 3930
f 3928 3930 3918
f 3929 3915 3931
f 3929 3931 3930
f 3930 3931 3932
f 3930 3932 3918
f 3931 3915 3933
f 3931 3933 3932
f 3932 3933 3934
f 3932 3934 3918
f 3933 3915 3935
f 3933 3935 3934
f 3934 3935 3936
f 3934 3936 3918
f 3935 3915 3916
f 3935 3916 3936
f 3936 3916 3917
f 3936 3917 3918
f 3938 3937 3941
f 3938 3941 3939
f 3939 3941 3942
f 3939 3942 3940
f 3941 3937 3943
f 3941 3943 3942
f 3942 3943 3944
f 3942 3944 3940
f 3943 3937 3945
f 3943 3945 3944
f 3944 3945 3946
f 3944 3946 3940
f 3945 3937 3947
f 3945 3947 3946
f 3946 3947 3948
f 3946 3948 3940
f 3947 3937 3949
f 3947 3949 3948
f 3948 3949 3950
f 3948 3950 3940
f 3949 3937 3951
f 3949 3951 3950
f 3950 3951 3952
f 3950 3952 3940
f 3951 3937 3953
f 3951 3953 3952
f 3952 3953 3954
f 3952 3954 3940
f 3953 3937 3955
f 3953 3955 3954
f 3954 3955 3956
f 3954 3956 3940
f 3955 3937 3957
f 3955 3957 3956
f 3956 3957 3958
f 3956 3958 3940
f 3957 3937 3938
f 3957 3938 3958
f 3958 3938 3939
f 3958 3939 3940
f 3960 3959 3963
f 3960 3963 3961
f 3961 3963 3964
f 3961 3964 3962
f 3963 3959 3965
f 3963 3965 3964
f 3964 3965 3966
f 3964 3966 3962
f 3965 3959 3967
f 3965 3967 3966
f 3966 3967 3968
f 3966 3968 3962
f 3967 3959 3969
f 3967 3969 3968
f 3968 3969 3970
f 3968 3970 3962
f 3969 3959 3971
f 3969 3971 3970
f 3970 3971 3972
f 3970 3972 3962
f 3971 3959 3973
f 3971 3973 3972
f 3972 3973 3974
f 3972 3974 3962
f 3973 3959 3975
f 3973 3975 3974
f 3974 3975 3976
f 3974 3976 3962
f 3975 3959 3977
f 3975 3977 3976
f 3976 3977 3978
f 3976 3978 3962
f 3977 3959 3979
f 3977 3979 3978
f 3978 3979 3980
f 3978 3980 3962
f 3979 3959 3960
f 3979 3960 3980
f 3980 3960 3961
f 3980 3961 3962
f 3982 3981 3985
f 3982 3985 3983
f 3983 3985 3986
f 3983 3986 3984
f 3985 3981 3987
f 3985 3987 3986
f 3986 3987 3988
f 3986 3988 3984
f 3987 3981 3989
f 3987 3989 3988
f 3988 3989 3990
f 3988 3990 3984
f 3989 3981 3991
f 3989 3991 3990
f 3990 3991 3992
f 3990 3992 3984
f 3991 3981 3993
f 3991 3993 3992
f 3992 3993 3994
f 3992 3994 3984
f 3993 3981 3995
f 3993 3995 3994
f 3994 3995 3996
f 3994 3996 3984
f 3995 3981 3997
f 3995 3997 3996
f 3996 3997 3998
f 3996 3998 3984
f 3997 3981 3999
f 3997 3999 3998
f 3998 3999 4000
f 3998 4000 3984
f 3999 3981 4001
f 3999 4001 4000
f 4000 4001 4002
f 4000 4002 3984
f 4001 3981 3982
f 4001 3982 4002
f 4002 3982 3983
f 4002 3983 3984
f 4004 4003 4007
f 4004 4007 4005
f 4005 4007 4008
f 4005 4008 4006
f 4007 4003 4009
f 4007 4009 4008
f 4008 4009 4010
f 4008 4010 4006
f 4009 4003 4011
f 4009 4011 4010
f 4010 4011 4012
f 4010 4012 4006
f 4011 4003 4013
f 4011 4013 4012
f 4012 4013 4014
f 4012 4014 4006
f 4013 4003 4015
f 4013 4015 4014
f 4014 4015 4016
f 4014 4016 4006
f 4015 4003 4017
f 4015 4017 4016
f 4016 4017 4018
f 4016 4018 4006
f 4017 4003 4019
f 4017 4019 4018
f 4018 4019 4020
f 4018 4020 4006
f 4019 4003 4021
f 4019 4021 4020
f 4020 4021 4022
f 4020 4022 4006
f 4021 4003 4023
f 4021 4023 4022
f 4022 4023 4024
f 4022 4024 4006
f 4023 4003 4004
f 4023 4004 4024
f 4024 4004 4005
f 4024 4005 4006
f 4026 4025 4029
f 4026 4029 4027
f 4027 4029 4030
f 4027 4030 4028
f 4029 4025 4031
f 4029 4031 4030
f 4030 4031 4032
f 4030 4032 4028
f 4031 4025 4033
f 4031 4033 4032
f 4032 4033 4034
f 4032 4034 4028
f 4033 4025 4035
f 4033 4035 4034
f 4034 4035 4036
f 4034 4036 4028
f 4035 4025 4037
f 4035 4037 4036
f 4036 4037 4038
f 4036 4038 4028
f 4037 4025 4039
f 4037 4039 4038
f 4038 4039 4040
f 4038 4040 4028
f 4039 4025 4041
f 4039 4041 4040
f 4040 4041 4042
f 4040 4042 4028
f 4041 4025 4043
f 4041 4043 4042
f 4042 4043 4044
f 4042 4044 4028
f 4043 4025 4045
f 4043 4045 4044
f 4044 4045 4046
f 4044 4046 4028
f 4045 4025 4026
f 4045 4026 4046
f 4046 4026 4027
f 4046 4027 4028
f 4048 4047 4051
f 4048 4051 4049
f 4049 4051 4052
f 4049 4052 4050
f 4051 4047 4053
f 4051 4053 4052
f 4052 4053 4054
f 4052 4054 4050
f 4053 4047 4055
f 4053 4055 4054
f 4054 4055 4056
f 4054 4056 4050
f 4055 4047 4057
f 4055 4057 4056
f 4056 4057 4058
f 4056 4058 4050
f 4057 4047 4059
f 4057 4059 4058
f 4058 4059 4060
f 4058 4060 4050
f 4059 4047 4061
f 4059 4061 4060
f 4060 4061 4062
f 4060 4062 4050
f 4061 4047 4063
f 4061 4063 4062
f 4062 4063 4064
f 4062 4064 4050
f 4063 4047 4065
f 4063 4065 4064
f 4064 4065 4066
f 4064 4066 4050
f 4065 4047 4067
f 4065 4067 4066
f 4066 4067 4068
f 4066 4068 4050
f 4067 4047 4048
f 4067 4048 4068
f 4068 4048 4049
f 4068 4049 4050
f 4070 4069 4073
f 4070 4073 4071
f 4071 4073 4074
f 4071 4074 4072
f 4073 4069 4075
f 4073 4075 4074
f 4074 4075 4076
f 4074 4076 4072
f 4075 4069 4077
f 4075 4077 4076
f 4076 4077 4078
f 4076 4078 4072
f 4077 4069 4079
f 4077 4079 4078
f 4078 4079 4080
f 4078 4080 4072
f 4079 4069 4081
f 4079 4081 4080
f 4080 4081 4082
f 4080 4082 4072
f 4081 4069 4083
f 4081 4083 4082
f 4082 4083 4084
f 4082 4084 4072
f 4083 4069 4085
f 4083 4085 4084
f 4084 4085 4086
f 4084 4086 4072
f 4085 4069 4087
f 4085 4087 4086
f 4086 4087 4088
f 4086 4088 4072
f 4087 4069 4089
f 4087 4089 4088
f 4088 4089 4090
f 4088 4090 4072
f 4089 4069 4070
f 4089 4070 4090
f 4090 4070 4071
f 4090 4071 4072
f 4092 4091 4095
f 4092 4095 4093
f 4093 4095 4096
f 4093 4096 4094
f 4095 4091 4097
f 4095 4097 4096
f 4096 4097 4098
f 4096 4098 4094
f 4097 4091 4099
f 4097 4099 4098
f 4098 4099 4100
f 4098 4100 4094
f 4099 4091 4101
f 4099 4101 4100
f 4100 4101 4102
f 4100 4102 4094
f 4101 4091 4103
f 4101 4103 4102
f 4102 4103 4104
f 4102 4104 4094
f 4103 4091 4105
f 4103 4105 4104
f 4104 4105 4106
f 4104 4106 4094
f 4105 4091 4107
f 4105 4107 4106
f 4106 4107 4108
f 4106 4108 4094
f 4107 4091 4109
f 4107 4109 4108
f 4108 4109 4110
f 4108 4110 4094
f 4109 4091 4111
f 4109 4111 4110
f 4110 4111 4112
f 4110 4112 4094
f 4111 4091 4092
f 4111 4092 4112
f 4112 4092 4093
f 4112 4093 4094
f 4114 4113 4117
f 4114 4117 4115
f 4115 4117 4118
f 4115 4118 4116
f 4117 4113 4119
f 4117 4119 4118
f 4118 4119 4120
f 4118 4120 4116
f 4119 4113 4121
f 4119 4121 4120
f 4120 4121 4122
f 4120 4122 4116
f 4121 4113 4123
f 4121 4123 4122
f 4122 4123 4124
f 4122 4124 4116
f 4123 4113 4125
f 4123 4125 4124
f 4124 4125 4126
f 4124 4126 4116
f 4125 4113 4127
f 4125 4127 4126
f 4126 4127 4128
f 4126 4128 4116
f 4127 4113 4129
f 4127 4129 4128
f 4128 4129 4130
f 4128 4130 4116
f 4129 4113 4131
f 4129 4131 4130
f 4130 4131 4132
f 4130 4132 4116
f 4131 4113 4133
f 4131 4133 4132
f 4132 4133 4134
f 4132 4134 4116
f 4133 4113 4114
f 4133 4114 4134
f 4134 4114 4115
f 4134 4115 4116
f 4136 4135 4139
f 4136 4139 4137
f 4137 4139 4140
f 4137 4140 4138
f 4139 4135 4141
f 4139 4141 4140
f 4140 4141 4142
f 4140 4142 4138
f 4141 4135 4143
f 4141 4143 4142
f 4142 4143 4144
f 4142 4144 4138
f 4143 4135 4145
f 4143 4145 4144
f 4144 4145 4146
f 4144 4146 4138
f 4145 4135 4147
f 4145 4147 4146
f 4146 4147 4148
f 4146 4148 4138
f 4147 4135 4149
f 4147 4149 4148
f 4148 4149 4150
f 4148 4150 4138
f 4149 4135 4151
f 4149 4151 4150
f 4150 4151 4152
f 4150 4152 4138
f 4151 4135 4153
f 4151 4153 4152
f 4152 4153 4154
f 4152 4154 4138
f 4153 4135 4155
f 4153 4155 4154
f 4154 4155 4156
f 4154 4156 4138
f 4155 4135 4136
f 4155 4136 4156
f 4156 4136 4137
f 4156 4137 4138
f 4158 4157 4161
f 4158 4161 4159
f 4159 4161 4162
f 4159 4162 4160
f 4161 4157 4163
f 4161 4163 4162
f 4162 4163 4164
f 4162 4164 4160
f 4163 4157 4165
f 4163 4165 4164
f 4164 4165 4166
f 4164 4166 4160
f 4165 4157 4167
f 4165 4167 4166
f 4166 4167 4168
f 4166 4168 4160
f 4167 4157 4169
f 4167 4169 4168
f 4168 4169 4170
f 4168 4170 4160
f 4169 4157 4171
f 4169 4171 4170
f 4170 4171 4172
f 4170 4172 4160
f 4171 4157 4173
f 4171 4173 4172
f 4172 4173 4174
f 4172 4174 4160
f 4173 4157 4175
f 4173 4175 4174
f 4174 4175 4176
f 4174 4176 4160
f 4175 4157 4177
f 4175 4177 4176
f 4176 4177 4178
f 4176 4178 4160
f 4177 4157 4158
f 4177 4158 4178
f 4178 4158 4159
f 4178 4159 4160
f 4180 4179 4183
f 4180 4183 4181
f 4181 4183 4184
f 4181 4184 4182
f 4183 4179 4185
f 4183 4185 4184
f 4184 4185 4186
f 4184 4186 4182
f 4185 4179 4187
f 4185 4187 4186
f 4186 4187 4188
f 4186 4188 4182
f 4187 4179 4189
f 4187 4189 4188
f 4188 4189 4190
f 4188 4190 4182
f 4189 4179 4191
f 4189 4191 4190
f 4190 4191 4192
f 4190 4192 4182
f 4191 4179 4193
f 4191 4193 4192
f 4192 4193 4194
f 4192 4194 4182
f 4193 4179 4195
f 4193 4195 4194
f 4194 4195 4196
f 4194 4196 4182
f 4195 4179 4197
f 4195 4197 4196
f 4196 4197 4198
f 4196 4198 4182
f 4197 4179 4199
f 4197 4199 4198
f 4198 4199 4200
f 4198 4200 4182
f 4199 4179 4180
f 4199 4180 4200
f 4200 4180 4181
f 4200 4181 4182
f 4202 4201 4205
f 4202 4205 4203
f 4203 4205 4206
f 4203 4206 4204
f 4205 4201 4207
f 4205 4207 4206
f 4206 4207 4208
f 4206 4208 4204
f 4207 4201 4209
f 4207 4209 4208
f 4208 4209 4210
f 4208 4210 4204
f 4209 4201 4211
f 4209 4211 4210
f 4210 4211 4212
f 4210 4212 4204
f 4211 4201 4213
f 4211 4213 4212
f 4212 4213 4214
f 4212 4214 4204
f 4213 4201 4215
f 4213 4215 4214
f 4214 4215 4216
f 4214 4216 4204
f 4215 4201 4217
f 4215 4217 4216
f 4216 4217 4218
f 4216 4218 4204
f 4217 4201 4219
f 4217 4219 4218
f 4218 4219 4220
f 4218 4220 4204
f 4219 4201 4221
f 4219 4221 4220
f 4220 4221 4222
f 4220 4222 4204
f 4221 4201 4202
f 4221 4202 4222
f 4222 4202 4203
f 4222 4203 4204
f 4224 4223 4227
f 4224 4227 4225
f 4225 4227 4228
f 4225 4228 4226
f 4227 4223 4229
f 4227 4229 4228
f 4228 4229 4230
f 4228 4230 4226
f 4229 4223 4231
f 4229 4231 4230
f 4230 4231 4232
f 4230 4232 4226
f 4231 4223 4233
f 4231 4233 4232
f 4232 4233 4234
f 4232 4234 4226
f 4233 4223 4235
f 4233 4235 4234
f 4234 4235 4236
f 4234 4236 4226
f 4235 4223 4237
f 4235 4237 4236
f 4236 4237 4238
f 4236 4238 4226
f 4237 4223 4239
f 4237 4239 4238
f 4238 4239 4240
f 4238 4240 4226
f 4239 4223 4241
f 4239 4241 4240
f 4240 4241 4242
f 4240 4242 4226
f 4241 4223 4243
f 4241 4243 4242
f 4242 4243 4244
f 4242 4244 4226
f 4243 4223 4224
f 4243 4224 4244
f 4244 4224 4225
f 4244 4225 4226
f 4246 4245 4249
f 4246 4249 4247
f 4247 4249 4250
f 4247 4250 4248
f 4249 4245 4251
f 4249 4251 4250
f 4250 4251 4252
f 4250 4252 4248
f 4251 4245 4253
f 4251 4253 4252
f 4252 4253 4254
f 4252 4254 4248
f 4253 4245 4255
f 4253 4255 4254
f 4254 4255 4256
f 4254 4256 4248
f 4255 4245 4257
f 4255 4257 4256
f 4256 4257 4258
f 4256 4258 4248
f 4257 4245 4259
f 4257 4259 4258
f 4258 4259 4260
f 4258 4260 4248
f 4259 4245 4261
f 4259 4261 4260
f 4260 4261 4262
f 4260 4262 4248
f 4261 4245 4263
f 4261 4263 4262
f 4262 4263 4264
f 4262 4264 4248
f 4263 4245 4265
f 4263 4265 4264
f 4264 4265 4266
f 4264 4266 4248
f 4265 4245 4246
f 4265 4246 4266
f 4266 4246 4247
f 4266 4247 4248
f 4268 4267 4271
f 4268 4271 4269
f 4269 4271 4272
f 4269 4272 4270
f 4271 4267 4273
f 4271 4273 4272
f 4272 4273 4274
f 4272 4274 4270
f 4273 4267 4275
f 4273 4275 4274
f 4274 4275 4276
f 4274 4276 4270
f 4275 4267 4277
f 4275 4277 4276
f 4276 4277 4278
f 4276 4278 4270
f 4277 4267 4279
f 4277 4279 4278
f 4278 4279 4280
f 4278 4280 4270
f 4279 4267 4281
f 4279 4281 4280
f 4280 4281 4282
f 4280 4282 4270
f 4281 4267 4283
f 4281 4283 4282
f 4282 4283 4284
f 4282 4284 4270
f 4283 4267 4285
f 4283 4285 4284
f 4284 4285 4286
f 4284 4286 4270
f 4285 4267 4287
f 4285 4287 4286
f 4286 4287 4288
f 4286 4288 4270
f 4287 4267 4268
f 4287 4268 4288
f 4288 4268 4269
f 4288 4269 4270
f 4290 4289 4293
f 4290 4293 4291
f 4291 4293 4294
f 4291 4294 4292
f 4293 4289 4295
f 4293 4295 4294
f 4294 4295 4296
f 4294 4296 4292
f 4295 4289 4297
f 4295 4297 4296
f 4296 4297 4298
f 4296 4298 4292
f 4297 4289 4299
f 4297 4299 4298
f 4298 4299 4300
f 4298 4300 4292
f 4299 4289 4301
f 4299 4301 4300
f 4300 4301 4302
f 4300 4302 4292
f 4301 4289 4303
f 4301 4303 4302
f 4302 4303 4304
f 4302 4304 4292
f 4303 4289 4305
f 4303 4305 4304
f 4304 4305 4306
f 4304 4306 4292
f 4305 4289 4307
f 4305 4307 4306
f 4306 4307 4308
f 4306 4308 4292
f 4307 4289 4309
f 4307 4309 4308
f 4308 4309 4310
f 4308 4310 4292
f 4309 4289 4290
f 4309 4290 4310
f 4310 4290 4291
f 4310 4291 4292
f 4312 4311 4315
f 4312 4315 4313
f 4313 4315 4316
f 4313 4316 4314
f 4315 4311 4317
f 4315 4317 4316
f 4316 4317 4318
f 4316 4318 4314
f 4317 4311 4319
f 4317 4319 4318
f 4318 4319 4320
f 4318 4320 4314
f 4319 4311 4321
f 4319 4321 4320
f 4320 4321 4322
f 4320 4322 4314
f 4321 4311 4323
f 4321 4323 4322
f 4322 4323 4324
f 4322 4324 4314
f 4323 4311 4325
f 4323 4325 4324
f 4324 4325 4326
f 4324 4326 4314
f 4325 4311 4327
f 4325 4327 4326
f 4326 4327 4328
f 4326 4328 4314
f 4327 4311 4329
f 4327 4329 4328
f 4328 4329 4330
f 4328 4330 4314
f 4329 4311 4331
f 4329 4331 4330
f 4330 4331 4332
f 4330 4332 4314
f 4331 4311 4312
f 4331 4312 4332
f 4332 4312 4313
f 4332 4313 4314
f 4334 4333 4337
f 4334 4337 4335
f 4335 4337 4338
f 4335 4338 4336
f 4337 4333 4339
f 4337 4339 4338
f 4338 4339 4340
f 4338 4340 4336
f 4339 4333 4341
f 4339 4341 4340
f 4340 4341 4342
f 4340 4342 4336
f 4341 4333 4343
f 4341 4343 4342
f 4342 4343 4344
f 4342 4344 4336
f 4343 4333 4345
f 4343 4345 4344
f 4344 4345 4346
f 4344 4346 4336
f 4345 4333 4347
f 4345 4347 4346
f 4346 4347 4348
f 4346 4348 4336
f 4347 4333 4349
f 4347 4349 4348
f 4348 4349 4350
f 4348 4350 4336
f 4349 4333 4351
f 4349 4351 4350
f 4350 4351 4352
f 4350 4352 4336
f 4351 4333 4353
f 4351 4353 4352
f 4352 4353 4354
f 4352 4354 4336
f 4353 4333 4334
f 4353 4334 4354
f 4354 4334 4335
f 4354 4335 4336
f 4356 4355 4359
f 4356 4359 4357
f 4357 4359 4360
f 4357 4360 4358
f 4359 4355 4361
f 4359 4361 4360
f 4360 4361 4362
f 4360 4362 4358
f 4361 4355 4363
f 4361 4363 4362
f 4362 4363 4364
f 4362 4364 4358
f 4363 4355 4365
f 4363 4365 4364
f 4364 4365 4366
f 4364 4366 4358
f 4365 4355 4367
f 4365 4367 4366
f 4366 4367 4368
f 4366 4368 4358
f 4367 4355 4369
f 4367 4369 4368
f 4368 4369 4370
f 4368 4370 4358
f 4369 4355 4371
f 4369 4371 4370
f 4370 4371 4372
f 4370 4372 4358
f 4371 4355 4373
f 4371 4373 4372
f 4372 4373 4374
f 4372 4374 4358
f 4373 4355 4375
f 4373 4375 4374
f 4374 4375 4376
f 4374 4376 4358
f 4375 4355 4356
f 4375 4356 4376
f 4376 4356 4357
f 4376 4357 4358
f 4378 4377 4381
f 4378 4381 4379
f 4379 4381 4382
f 4379 4382 4380
f 4381 4377 4383
f 4381 4383 4382
f 4382 4383 4384
f 4382 4384 4380
f 4383 4377 4385
f 4383 4385 4384
f 4384 4385 4386
f 4384 4386 4380
f 4385 4377 4387
f 4385 4387 4386
f 4386 4387 4388
f 4386 4388 4380
f 4387 4377 4389
f 4387 4389 4388
f 4388 4389 4390
f 4388 4390 4380
f 4389 4377 4391
f 4389 4391 4390
f 4390 4391 4392
f 4390 4392 4380
f 4391 4377 4393
f 4391 4393 4392
f 4392 4393 4394
f 4392 4394 4380
f 4393 4377 4395
f 4393 4395 4394
f 4394 4395 4396
f 4394 4396 4380
f 4395 4377 4397
f 4395 4397 4396
f 4396 4397 4398
f 4396 4398 4380
f 4397 4377 4378
f 4397 4378 4398
f 4398 4378 4379
f 4398 4379 4380
f 4400 4399 4403
f 4400 4403 4401
f 4401 4403 4404
f 4401 4404 4402
f 4403 4399 4405
f 4403 4405 4404
f 4404 4405 4406
f 4404 4406 4402
f 4405 4399 4407
f 4405 4407 4406
f 4406 4407 4408
f 4406 4408 4402
f 4407 4399 4409
f 4407 4409 4408
f 4408 4409 4410
f 4408 4410 4402
f 4409 4399 4411
f 4409 4411 4410
f 4410 4411 4412
f 4410 4412 4402
f 4411 4399 4413
f 4411 4413 4412
f 4412 4413 4414
f 4412 4414 4402
f 4413 4399 4415
f 4413 4415 4414
f 4414 4415 4416
f 4414 4416 4402
f 4415 4399 4417
f 4415 4417 4416
f 4416 4417 4418
f 4416 4418 4402
f 4417 4399 4419
f 4417 4419 4418
f 4418 4419 4420
f 4418 4420 4402
f 4419 4399 4400
f 4419 4400 4420
f 4420 4400 4401
f 4420 4401 4402
f 4422 4421 4425
f 4422 4425 4423
f 4423 4425 4426
f 4423 4426 4424
f 4425 4421 4427
f 4425 4427 4426
f 4426 4427 4428
f 4426 4428 4424
f 4427 4421 4429
f 4427 4429 4428
f 4428 4429 4430
f 4428 4430 4424
f 4429 4421 4431
f 4429 4431 4430
f 4430 4431 4432
f 4430 4432 4424
f 4431 4421 4433
f 4431 4433 4432
f 4432 4433 4434
f 4432 4434 4424
f 4433 4421 4435
f 4433 4435 4434
f 4434 4435 4436
f 4434 4436 4424
f 4435 4421 4437
f 4435 4437 4436
f 4436 4437 4438
f 4436 4438 4424
f 4437 4421 4439
f 4437 4439 4438
f 4438 4439 4440
f 4438 4440 4424
f 4439 4421 4441
f 4439 4441 4440
f 4440 4441 4442
f 4440 4442 4424
f 4441 4421 4422
f 4441 4422 4442
f 4442 4422 4423
f 4442 4423 4424
f 4444 4443 4447
f 4444 4447 4445
f 4445 4447 4448
f 4445 4448 4446
f 4447 4443 4449
f 4447 4449 4448
f 4448 4449 4450
f 4448 4450 4446
f 4449 4443 4451
f 4449 4451 4450
f 4450 4451 4452
f 4450 4452 4446
f 4451 4443 4453
f 4451 4453 4452
f 4452 4453 4454
f 4452 4454 4446
f 4453 4443 4455
f 4453 4455 4454
f 4454 4455 4456
f 4454 4456 4446
f 4455 4443 4457
f 4455 4457 4456
f 4456 4457 4458
f 4456 4458 4446
f 4457 4443 4459
f 4457 4459 4458
f 4458 4459 4460
f 4458 4460 4446
f 4459 4443 4461
f 4459 4461 4460
f 4460 4461 4462
f 4460 4462 4446
f 4461 4443 4463
f 4461 4463 4462
f 4462 4463 4464
f 4462 4464 4446
f 4463 4443 4444
f 4463 4444 4464
f 4464 4444 4445
f 4464 4445 4446
f 4466 4465 4469
f 4466 4469 4467
f 4467 4469 4470
f 4467 4470 4468
f 4469 4465 4471
f 4469 4471 4470
f 4470 4471 4472
f 4470 4472 4468
f 4471 4465 4473
f 4471 4473 4472
f 4472 4473 4474
f 4472 4474 4468
f 4473 4465 4475
f 4473 4475 4474
f 4474 4475 4476
f 4474 4476 4468
f 4475 4465 4477
f 4475 4477 4476
f 4476 4477 4478
f 4476 4478 4468
f 4477 4465 4479
f 4477 4479 4478
f 4478 4479 4480
f 4478 4480 4468
f 4479 4465 4481
f 4479 4481 4480
f 4480 4481 4482
f 4480 4482 4468
f 4481 4465 4483
f 4481 4483 4482
f 4482 4483 4484
f 4482 4484 4468
f 4483 4465 4485
f 4483 4485 4484
f 4484 4485 4486
f 4484 4486 4468
f 4485 4465 4466
f 4485 4466 4486
f 4486 4466 4467
f 4486 4467 4468
f 4488 4487 4491
f 4488 4491 4489
f 4489 4491 4492
f 4489 4492 4490
f 4491 4487 4493
f 4491 4493 4492
f 4492 4493 4494
f 4492 4494 4490
f 4493 4487 4495
f 4493 4495 4494
f 4494 4495 4496
f 4494 4496 4490
f 4495 4487 4497
f 4495 4497 4496
f 4496 4497 4498
f 4496 4498 4490
f 4497 4487 4499
f 4497 4499 4498
f 4498 4499 4500
f 4498 4500 4490
f 4499 4487 4501
f 4499 4501 4500
f 4500 4501 4502
f 4500 4502 4490
f 4501 4487 4503
f 4501 4503 4502
f 4502 4503 4504
f 4502 4504 4490
f 4503 4487 4505
f 4503 4505 4504
f 4504 4505 4506
f 4504 4506 4490
f 4505 4487 4507
f 4505 4507 4506
f 4506 4507 4508
f 4506 4508 4490
f 4507 4487 4488
f 4507 4488 4508
f 4508 4488 4489
f 4508 4489 4490
f 4510 4509 4513
f 4510 4513 4511
f 4511 4513 4514
f 4511 4514 4512
f 4513 4509 4515
f 4513 4515 4514
f 4514 4515 4516
f 4514 4516 4512
f 4515 4509 4517
f 4515 4517 4516
f 4516 4517 4518
f 4516 4518 4512
f 4517 4509 4519
f 4517 4519 4518
f 4518 4519 4520
f 4518 4520 4512
f 4519 4509 4521
f 4519 4521 4520
f 4520 4521 4522
f 4520 4522 4512
f 4521 4509 4523
f 4521 4523 4522
f 4522 4523 4524
f 4522 4524 4512
f 4523 4509 4525
f 4523 4525 4524
f 4524 4525 4526
f 4524 4526 4512
f 4525 4509 4527
f 4525 4527 4526
f 4526 4527 4528
f 4526 4528 4512
f 4527 4509 4529
f 4527 4529 4528
f 4528 4529 4530
f 4528 4530 4512
f 4529 4509 4510
f 4529 4510 4530
f 4530 4510 4511
f 4530 4511 4512
f 4532 4531 4535
f 4532 4535 4533
f 4533 4535 4536
f 4533 4536 4534
f 4535 4531 4537
f 4535 4537 4536
f 4536 4537 4538
f 4536 4538 4534
f 4537 4531 4539
f 4537 4539 4538
f 4538 4539 4540
f 4538 4540 4534
f 4539 4531 4541
f 4539 4541 4540
f 4540 4541 4542
f 4540 4542 4534
f 4541 4531 4543
f 4541 4543 4542
f 4542 4543 4544
f 4542 4544 4534
f 4543 4531 4545
f 4543 4545 4544
f 4544 4545 4546
f 4544 4546 4534
f 4545 4531 4547
f 4545 4547 4546
f 4546 4547 4548
f 4546 4548 4534
f 4547 4531 4549
f 4547 4549 4548
f 4548 4549 4550
f 4548 4550 4534
f 4549 4531 4551
f 4549 4551 4550
f 4550 4551 4552
f 4550 4552 4534
f 4551 4531 4532
f 4551 4532 4552
f 4552 4532 4533
f 4552 4533 4534
f 4554 4553 4557
f 4554 4557 4555
f 4555 4557 4558
f 4555 4558 4556
f 4557 4553 4559
f 4557 4559 4558
f 4558 4559 4560
f 4558 4560 4556
f 4559 4553 4561
f 4559 4561 4560
f 4560 4561 4562
f 4560 4562 4556
f 4561 4553 4563
f 4561 4563 4562
f 4562 4563 4564
f 4562 4564 4556
f 4563 4553 4565
f 4563 4565 4564
f 4564 4565 4566
f 4564 4566 4556
f 4565 4553 4567
f 4565 4567 4566
f 4566 4567 4568
f 4566 4568 4556
f 4567 4553 4569
f 4567 4569 4568
f 4568 4569 4570
f 4568 4570 4556
f 4569 4553 4571
f 4569 4571 4570
f 4570 4571 4572
f 4570 4572 4556
f 4571 4553 4573
f 4571 4573 4572
f 4572 4573 4574
f 4572 4574 4556
f 4573 4553 4554
f 4573 4554 4574
f 4574 4554 4555
f 4574 4555 4556
f 4576 4575 4579
f 4576 4579 4577
f 4577 4579 4580
f 4577 4580 4578
f 4579 4575 4581
f 4579 4581 4580
f 4580 4581 4582
f 4580 4582 4578
f 4581 4575 4583
f 4581 4583 4582
f 4582 4583 4584
f 4582 4584 4578
f 4583 4575 4585
f 4583 4585 4584
f 4584 4585 4586
f 4584 4586 4578
f 4585 4575 4587
f 4585 4587 4586
f 4586 4587 4588
f 4586 4588 4578
f 4587 4575 4589
f 4587 4589 4588
f 4588 4589 4590
f 4588 4590 4578
f 4589 4575 4591
f 4589 4591 4590
f 4590 4591 4592
f 4590 4592 4578
f 4591 4575 4593
f 4591 4593 4592
f 4592 4593 4594
f 4592 4594 4578
f 4593 4575 4595
f 4593 4595 4594
f 4594 4595 4596
f 4594 4596 4578
f 4595 4575 4576
f 4595 4576 4596
f 4596 4576 4577
f 4596 4577 4578
f 4598 4597 4601
f 4598 4601 4599
f 4599 4601 4602
f 4599 4602 4600
f 4601 4597 4603
f 4601 4603 4602
f 4602 4603 4604
f 4602 4604 4600
f 4603 4597 4605
f 4603 4605 4604
f 4604 4605 4606
f 4604 4606 4600
f 4605 4597 4607
f 4605 4607 4606
f 4606 4607 4608
f 4606 4608 4600
f 4607 4597 4609
f 4607 4609 4608
f 4608 4609 4610
f 4608 4610 4600
f 4609 4597 4611
f 4609 4611 4610
f 4610 4611 4612
f 4610 4612 4600
f 4611 4597 4613
f 4611 4613 4612
f 4612 4613 4614
f 4612 4614 4600
f 4613 4597 4615
f 4613 4615 4614
f 4614 4615 4616
f 4614 4616 4600
f 4615 4597 4617
f 4615 4617 4616
f 4616 4617 4618
f 4616 4618 4600
f 4617 4597 4598
f 4617 4598 4618
f 4618 4598 4599
f 4618 4599 4600
f 4620 4619 4623
f 4620 4623 4621
f 4621 4623 4624
f 4621 4624 4622
f 4623 4619 4625
f 4623 4625 4624
f 4624 4625 4626
f 4624 4626 4622
f 4625 4619 4627
f 4625 4627 4626
f 4626 4627 4628
f 4626 4628 4622
f 4627 4619 4629
f 4627 4629 4628
f 4628 4629 4630
f 4628 4630 4622
f 4629 4619 4631
f 4629 4631 4630
f 4630 4631 4632
f 4630 4632 4622
f 4631 4619 4633
f 4631 4633 4632
f 4632 4633 4634
f 4632 4634 4622
f 4633 4619 4635
f 4633 4635 4634
f 4634 4635 4636
f 4634 4636 4622
f 4635 4619 4637
f 4635 4637 4636
f 4636 4637 4638
f 4636 4638 4622
f 4637 4619 4639
f 4637 4639 4638
f 4638 4639 4640
f 4638 4640 4622
f 4639 4619 4620
f 4639 4620 4640
f 4640 4620 4621
f 4640 4621 4622
f 4642 4641 4645
f 4642 4645 4643
f 4643 4645 4646
f 4643 4646 4644
f 4645 4641 4647
f 4645 4647 4646
f 4646 4647 4648
f 4646 4648 4644
f 4647 4641 4649
f 4647 4649 4648
f 4648 4649 4650
f 4648 4650 4644
f 4649 4641 4651
f 4649 4651 4650
f 4650 4651 4652
f 4650 4652 4644
f 4651 4641 4653
f 4651 4653 4652
f 4652 4653 4654
f 4652 4654 4644
f 4653 4641 4655
f 4653 4655 4654
f 4654 4655 4656
f 4654 4656 4644
f 4655 4641 4657
f 4655 4657 4656
f 4656 4657 4658
f 4656 4658 4644
f 4657 4641 4659
f 4657 4659 4658
f 4658 4659 4660
f 4658 4660 4644
f 4659 4641 4661
f 4659 4661 4660
f 4660 4661 4662
f 4660 4662 4644
f 4661 4641 4642
f 4661 4642 4662
f 4662 4642 4643
f 4662 4643 4644
f 4664 4663 4667
f 4664 4667 4665
f 4665 4667 4668
f 4665 4668 4666
f 4667 4663 4669
f 4667 4669 4668
f 4668 4669 4670
f 4668 4670 4666
f 4669 4663 4671
f 4669 4671 4670
f 4670 4671 4672
f 4670 4672 4666
f 4671 4663 4673
f 4671 4673 4672
f 4672 4673 4674
f 4672 4674 4666
f 4673 4663 4675
f 4673 4675 4674
f 4674 4675 4676
f 4674 4676 4666
f 4675 4663 4677
f 4675 4677 4676
f 4676 4677 4678
f 4676 4678 4666
f 4677 4663 4679
f 4677 4679 4678
f 4678 4679 4680
f 4678 4680 4666
f 4679 4663 4681
f 4679 4681 4680
f 4680 4681 4682
f 4680 4682 4666
f 4681 4663 4683
f 4681 4683 4682
f 4682 4683 4684
f 4682 4684 4666
f 4683 4663 4664
f 4683 4664 4684
f 4684 4664 4665
f 4684 4665 4666
f 4686 4685 4689
f 4686 4689 4687
f 4687 4689 4690
f 4687 4690 4688
f 4689 4685 4691
f 4689 4691 4690
f 4690 4691 4692
f 4690 4692 4688
f 4691 4685 4693
f 4691 4693 4692
f 4692 4693 4694
f 4692 4694 4688
f 4693 4685 4695
f 4693 4695 4694
f 4694 4695 4696
f 4694 4696 4688
f 4695 4685 4697
f 4695 4697 4696
f 4696 4697 4698
f 4696 4698 4688
f 4697 4685 4699
f 4697 4699 4698
f 4698 4699 4700
f 4698 4700 4688
f 4699 4685 4701
f 4699 4701 4700
f 4700 4701 4702
f 4700 4702 4688
f 4701 4685 4703
f 4701 4703 4702
f 4702 4703 4704
f 4702 4704 4688
f 4703 4685 4705
f 4703 4705 4704
f 4704 4705 4706
f 4704 4706 4688
f 4705 4685 4686
f 4705 4686 4706
f 4706 4686 4687
f 4706 4687 4688
f 4708 4707 4711
f 4708 4711 4709
f 4709 4711 4712
f 4709 4712 4710
f 4711 4707 4713
f 4711 4713 4712
f 4712 4713 4714
f 4712 4714 4710
f 4713 4707 4715
f 4713 4715 4714
f 4714 4715 4716
f 4714 4716 4710
f 4715 4707 4717
f 4715 4717 4716
f 4716 4717 4718
f 4716 4718 4710
f 4717 4707 4719
f 4717 4719 4718
f 4718 4719 4720
f 4718 4720 4710
f 4719 4707 4721
f 4719 4721 4720
f 4720 4721 4722
f 4720 4722 4710
f 4721 4707 4723
f 4721 4723 4722
f 4722 4723 4724
f 4722 4724 4710
f 4723 4707 4725
f 4723 4725 4724
f 4724 4725 4726
f 4724 4726 4710
f 4725 4707 4727
f 4725 4727 4726
f 4726 4727 4728
f 4726 4728 4710
f 4727 4707 4708
f 4727 4708 4728
f 4728 4708 4709
f 4728 4709 4710
f 4730 4729 4733
f 4730 4733 4731
f 4731 4733 4734
f 4731 4734 4732
f 4733 4729 4735
f 4733 4735 4734
f 4734 4735 4736
f 4734 4736 4732
f 4735 4729 4737
f 4735 4737 4736
f 4736 4737 4738
f 4736 4738 4732
f 4737 4729 4739
f 4737 4739 4738
f 4738 4739 4740
f 4738 4740 4732
f 4739 4729 4741
f 4739 4741 4740
f 4740 4741 4742
f 4740 4742 4732
f 4741 4729 4743
f 4741 4743 4742
f 4742 4743 4744
f 4742 4744 4732
f 4743 4729 4745
f 4743 4745 4744
f 4744 4745 4746
f 4744 4746 4732
f 4745 4729 4747
f 4745 4747 4746
f 4746 4747 4748
f 4746 4748 4732
f 4747 4729 4749
f 4747 4749 4748
f 4748 4749 4750
f 4748 4750 4732
f 4749 4729 4730
f 4749 4730 4750
f 4750 4730 4731
f 4750 4731 4732
f 4752 4751 4755
f 4752 4755 4753
f 4753 4755 4756
f 4753 4756 4754
f 4755 4751 4757
f 4755 4757 4756
f 4756 4757 4758
f 4756 4758 4754
f 4757 4751 4759
f 4757 4759 4758
f 4758 4759 4760
f 4758 4760 4754
f 4759 4751 4761
f 4759 4761 4760
f 4760 4761 4762
f 4760 4762 4754
f 4761 4751 4763
f 4761 4763 4762
f 4762 4763 4764
f 4762 4764 4754
f 4763 4751 4765
f 4763 4765 4764
f 4764 4765 4766
f 4764 4766 4754
f 4765 4751 4767
f 4765 4767 4766
f 4766 4767 4768
f 4766 4768 4754
f 4767 4751 4769
f 4767 4769 4768
f 4768 4769 4770
f 4768 4770 4754
f 4769 4751 4771
f 4769 4771 4770
f 4770 4771 4772
f 4770 4772 4754
f 4771 4751 4752
f 4771 4752 4772
f 4772 4752 4753
f 4772 4753 4754
f 4774 4773 4777
f 4774 4777 4775
f 4775 4777 4778
f 4775 4778 4776
f 4777 4773 4779
f 4777 4779 4778
f 4778 4779 4780
f 4778 4780 4776
f 4779 4773 4781
f 4779 4781 4780
f 4780 4781 4782
f 4780 4782 4776
f 4781 4773 4783
f 4781 4783 4782
f 4782 4783 4784
f 4782 4784 4776
f 4783 4773 4785
f 4783 4785 4784
f 4784 4785 4786
f 4784 4786 4776
f 4785 4773 4787
f 4785 4787 4786
f 4786 4787 4788
f 4786 4788 4776
f 4787 4773 4789
f 4787 4789 4788
f 4788 4789 4790
f 4788 4790 4776
f 4789 4773 4791
f 4789 4791 4790
f 4790 4791 4792
f 4790 4792 4776
f 4791 4773 4793
f 4791 4793 4792
f 4792 4793 4794
f 4792 4794 4776
f 4793 4773 4774
f 4793 4774 4794
f 4794 4774 4775
f 4794 4775 4776
f 4796 4795 4799
f 4796 4799 4797
f 4797 4799 4800
f 4797 4800 4798
f 4799 4795 4801
f 4799 4801 4800
f 4800 4801 4802
f 4800 4802 4798
f 4801 4795 4803
f 4801 4803 4802
f 4802 4803 4804
f 4802 4804 4798
f 4803 4795 4805
f 4803 4805 4804
f 4804 4805 4806
f 4804 4806 4798
f 4805 4795 4807
f 4805 4807 4806
f 4806 4807 4808
f 4806 4808 4798
f 4807 4795 4809
f 4807 4809 4808
f 4808 4809 4810
f 4808 4810 4798
f 4809 4795 4811
f 4809 4811 4810
f 4810 4811 4812
f 4810 4812 4798
f 4811 4795 4813
f 4811 4813 4812
f 4812 4813 4814
f 4812 4814 4798
f 4813 4795 4815
f 4813 4815 4814
f 4814 4815 4816
f 4814 4816 4798
f 4815 4795 4796
f 4815 4796 4816
f 4816 4796 4797
f 4816 4797 4798
f 4818 4817 4821
f 4818 4821 4819
f 4819 4821 4822
f 4819 4822 4820
f 4821 4817 4823
f 4821 4823 4822
f 4822 4823 4824
f 4822 4824 4820
f 4823 4817 4825
f 4823 4825 4824
f 4824 4825 4826
f 4824 4826 4820
f 4825 4817 4827
f 4825 4827 4826
f 4826 4827 4828
f 4826 4828 4820
f 4827 4817 4829
f 4827 4829 4828
f 4828 4829 4830
f 4828 4830 4820
f 4829 4817 4831
f 4829 4831 4830
f 4830 4831 4832
f 4830 4832 4820
f 4831 4817 4833
f 4831 4833 4832
f 4832 4833 4834
f 4832 4834 4820
f 4833 4817 4835
f 4833 4835 4834
f 4834 4835 4836
f 4834 4836 4820
f 4835 4817 4837
f 4835 4837 4836
f 4836 4837 4838
f 4836 4838 4820
f 4837 4817 4818
f 4837 4818 4838
f 4838 4818 4819
f 4838 4819 4820
f 4840 4839 4843
f 4840 4843 4841
f 4841 4843 4844
f 4841 4844 4842
f 4843 4839 4845
f 4843 4845 4844
f 4844 4845 4846
f 4844 4846 4842
f 4845 4839 4847
f 4845 4847 4846
f 4846 4847 4848
f 4846 4848 4842
f 4847 4839 4849
f 4847 4849 4848
f 4848 4849 4850
f 4848 4850 4842
f 4849 4839 4851
f 4849 4851 4850
f 4850 4851 4852
f 4850 4852 4842
f 4851 4839 4853
f 4851 4853 4852
f 4852 4853 4854
f 4852 4854 4842
f 4853 4839 4855
f 4853 4855 4854
f 4854 4855 4856
f 4854 4856 4842
f 4855 4839 4857
f 4855 4857 4856
f 4856 4857 4858
f 4856 4858 4842
f 4857 4839 4859
f 4857 4859 4858
f 4858 4859 4860
f 4858 4860 4842
f 4859 4839 4840
f 4859 4840 4860
f 4860 4840 4841
f 4860 4841 4842
f 4862 4861 4865
f 4862 4865 4863
f 4863 4865 4866
f 4863 4866 4864
f 4865 4861 4867
f 4865 4867 4866
f 4866 4867 4868
f 4866 4868 4864
f 4867 4861 4869
f 4867 4869 4868
f 4868 4869 4870
f 4868 4870 4864
f 4869 4861 4871
f 4869 4871 4870
f 4870 4871 4872
f 4870 4872 4864
f 4871 4861 4873
f 4871 4873 4872
f 4872 4873 4874
f 4872 4874 4864
f 4873 4861 4875
f 4873 4875 4874
f 4874 4875 4876
f 4874 4876 4864
f 4875 4861 4877
f 4875 4877 4876
f 4876 4877 4878
f 4876 4878 4864
f 4877 4861 4879
f 4877 4879 4878
f 4878 4879 4880
f 4878 4880 4864
f 4879 4861 4881
f 4879 4881 4880
f 4880 4881 4882
f 4880 4882 4864
f 4881 4861 4862
f 4881 4862 4882
f 4882 4862 4863
f 4882 4863 4864
f 4884 4883 4887
f 4884 4887 4885
f 4885 4887 4888
f 4885 4888 4886
f 4887 4883 4889
f 4887 4889 4888
f 4888 4889 4890
f 4888 4890 4886
f 4889 4883 4891
f 4889 4891 4890
f 4890 4891 4892
f 4890 4892 4886
f 4891 4883 4893
f 4891 4893 4892
f 4892 4893 4894
f 4892 4894 4886
f 4893 4883 4895
f 4893 4895 4894
f 4894 4895 4896
f 4894 4896 4886
f 4895 4883 4897
f 4895 4897 4896
f 4896 4897 4898
f 4896 4898 4886
f 4897 4883 4899
f 4897 4899 4898
f 4898 4899 4900
f 4898 4900 4886
f 4899 4883 4901
f 4899 4901 4900
f 4900 4901 4902
f 4900 4902 4886
f 4901 4883 4903
f 4901 4903 4902
f 4902 4903 4904
f 4902 4904 4886
f 4903 4883 4884
f 4903 4884 4904
f 4904 4884 4885
f 4904 4885 4886
f 4906 4905 4909
f 4906 4909 4907
f 4907 4909 4910
f 4907 4910 4908
f 4909 4905 4911
f 4909 4911 4910
f 4910 4911 4912
f 4910 4912 4908
f 4911 4905 4913
f 4911 4913 4912
f 4912 4913 4914
f 4912 4914 4908
f 4913 4905 4915
f 4913 4915 4914
f 4914 4915 4916
f 4914 4916 4908
f 4915 4905 4917
f 4915 4917 4916
f 4916 4917 4918
f 4916 4918 4908
f 4917 4905 4919
f 4917 4919 4918
f 4918 4919 4920
f 4918 4920 4908
f 4919 4905 4921
f 4919 4921 4920
f 4920 4921 4922
f 4920 4922 4908
f 4921 4905 4923
f 4921 4923 4922
f 4922 4923 4924
f 4922 4924 4908
f 4923 4905 4925
f 4923 4925 4924
f 4924 4925 4926
f 4924 4926 4908
f 4925 4905 4906
f 4925 4906 4926
f 4926 4906 4907
f 4926 4907 4908
f 4928 4927 4931
f 4928 4931 4929
f 4929 4931 4932
f 4929 4932 4930
f 4931 4927 4933
f 4931 4933 4932
f 4932 4933 4934
f 4932 4934 4930
f 4933 4927 4935
f 4933 4935 4934
f 4934 4935 4936
f 4934 4936 4930
f 4935 4927 4937
f 4935 4937 4936
f 4936 4937 4938
f 4936 4938 4930
f 4937 4927 4939
f 4937 4939 4938
f 4938 4939 4940
f 4938 4940 4930
f 4939 4927 4941
f 4939 4941 4940
f 4940 4941 4942
f 4940 4942 4930
f 4941 4927 4943
f 4941 4943 4942
f 4942 4943 4944
f 4942 4944 4930
f 4943 4927 4945
f 4943 4945 4944
f 4944 4945 4946
f 4944 4946 4930
f 4945 4927 4947
f 4945 4947 4946
f 4946 4947 4948
f 4946 4948 4930
f 4947 4927 4928
f 4947 4928 4948
f 4948 4928 4929
f 4948 4929 4930
f 4950 4949 4953
f 4950 4953 4951
f 4951 4953 4954
f 4951 4954 4952
f 4953 4949 4955
f 4953 4955 4954
f 4954 4955 4956
f 4954 4956 4952
f 4955 4949 4957
f 4955 4957 4956
f 4956 4957 4958
f 4956 4958 4952
f 4957 4949 4959
f 4957 4959 4958
f 4958 4959 4960
f 4958 4960 4952
f 4959 4949 4961
f 4959 4961 4960
f 4960 4961 4962
f 4960 4962 4952
f 4961 4949 4963
f 4961 4963 4962
f 4962 4963 4964
f 4962 4964 4952
f 4963 4949 4965
f 4963 4965 4964
f 4964 4965 4966
f 4964 4966 4952
f 4965 4949 4967
f 4965 4967 4966
f 4966 4967 4968
f 4966 4968 4952
f 4967 4949 4969
f 4967 4969 4968
f 4968 4969 4970
f 4968 4970 4952
f 4969 4949 4950
f 4969 4950 4970
f 4970 4950 4951
f 4970 4951 4952
f 4972 4971 4975
f 4972 4975 4973
f 4973 4975 4976
f 4973 4976 4974
f 4975 4971 4977
f 4975 4977 4976
f 4976 4977 4978
f 4976 4978 4974
f 4977 4971 4979
f 4977 4979 4978
f 4978 4979 4980
f 4978 4980 4974
f 4979 4971 4981
f 4979 4981 4980
f 4980 4981 4982
f 4980 4982 4974
f 4981 4971 4983
f 4981 4983 4982
f 4982 4983 4984
f 4982 4984 4974
f 4983 4971 4985
f 4983 4985 4984
f 4984 4985 4986
f 4984 4986 4974
f 4985 4971 4987
f 4985 4987 4986
f 4986 4987 4988
f 4986 4988 4974
f 4987 4971 4989
f 4987 4989 4988
f 4988 4989 4990
f 4988 4990 4974
f 4989 4971 4991
f 4989 4991 4990
f 4990 4991 4992
f 4990 4992 4974
f 4991 4971 4972
f 4991 4972 4992
f 4992 4972 4973
f 4992 4973 4974
f 4994 4993 4997
f 4994 4997 4995
f 4995 4997 4998
f 4995 4998 4996
f 4997 4993 4999
f 4997 4999 4998
f 4998 4999 5000
f 4998 5000 4996
f 4999 4993 5001
f 4999 5001 5000
f 5000 5001 5002
f 5000 5002 4996
f 5001 4993 5003
f 5001 5003 5002
f 5002 5003 5004
f 5002 5004 4996
f 5003 4993 5005
f 5003 5005 5004
f 5004 5005 5006
f 5004 5006 4996
f 5005 4993 5007
f 5005 5007 5006
f 5006 5007 5008
f 5006 5008 4996
f 5007 4993 5009
f 5007 5009 5008
f 5008 5009 5010
f 5008 5010 4996
f 5009 4993 5011
f 5009 5011 5010
f 5010 5011 5012
f 5010 5012 4996
f 5011 4993 5013
f 5011 5013 5012
f 5012 5013 5014
f 5012 5014 4996
f 5013 4993 4994
f 5013 4994 5014
f 5014 4994 4995
f 5014 4995 4996
f 5016 5015 5019
f 5016 5019 5017
f 5017 5019 5020
f 5017 5020 5018
f 5019 5015 5021
f 5019 5021 5020
f 5020 5021 5022
f 5020 5022 5018
f 5021 5015 5023
f 5021 5023 5022
f 5022 5023 5024
f 5022 5024 5018
f 5023 5015 5025
f 5023 5025 5024
f 5024 5025 5026
f 5024 5026 5018
f 5025 5015 5027
f 5025 5027 5026
f 5026 5027 5028
f 5026 5028 5018
f 5027 5015 5029
f 5027 5029 5028
f 5028 5029 5030
f 5028 5030 5018
f 5029 5015 5031
f 5029 5031 5030
f 5030 5031 5032
f 5030 5032 5018
f 5031 5015 5033
f 5031 5033 5032
f 5032 5033 5034
f 5032 5034 5018
f 5033 5015 5035
f 5033 5035 5034
f 5034 5035 5036
f 5034 5036 5018
f 5035 5015 5016
f 5035 5016 5036
f 5036 5016 5017
f 5036 5017 5018
f 5038 5037 5041
f 5038 5041 5039
f 5039 5041 5042
f 5039 5042 5040
f 5041 5037 5043
f 5041 5043 5042
f 5042 5043 5044
f 5042 5044 5040
f 5043 5037 5045
f 5043 5045 5044
f 5044 5045 5046
f 5044 5046 5040
f 5045 5037 5047
f 5045 5047 5046
f 5046 5047 5048
f 5046 5048 5040
f 5047 5037 5049
f 5047 5049 5048
f 5048 5049 5050
f 5048 5050 5040
f 5049 5037 5051
f 5049 5051 5050
f 5050 5051 5052
f 5050 5052 5040
f 5051 5037 5053
f 5051 5053 5052
f 5052 5053 5054
f 5052 5054 5040
f 5053 5037 5055
f 5053 5055 5054
f 5054 5055 5056
f 5054 5056 5040
f 5055 5037 5057
f 5055 5057 5056
f 5056 5057 5058
f 5056 5058 5040
f 5057 5037 5038
f 5057 5038 5058
f 5058 5038 5039
f 5058 5039 5040
f 5060 5059 5063
f 5060 5063 5061
f 5061 5063 5064
f 5061 5064 5062
f 5063 5059 5065
f 5063 5065 5064
f 5064 5065 5066
f 5064 5066 5062
f 5065 5059 5067
f 5065 5067 5066
f 5066 5067 5068
f 5066 5068 5062
f 5067 5059 5069
f 5067 5069 5068
f 5068 5069 5070
f 5068 5070 5062
f 5069 5059 5071
f 5069 5071 5070
f 5070 5071 5072
f 5070 5072 5062
f 5071 5059 5073
f 5071 5073 5072
f 5072 5073 5074
f 5072 5074 5062
f 5073 5059 5075
f 5073 5075 5074
f 5074 5075 5076
f 5074 5076 5062
f 5075 5059 5077
f 5075 5077 5076
f 5076 5077 5078
f 5076 5078 5062
f 5077 5059 5079
f 5077 5079 5078
f 5078 5079 5080
f 5078 5080 5062
f 5079 5059 5060
f 5079 5060 5080
f 5080 5060 5061
f 5080 5061 5062
f 5082 5081 5085
f 5082 5085 5083
f 5083 5085 5086
f 5083 5086 5084
f 5085 5081 5087
f 5085 5087 5086
f 5086 5087 5088
f 5086 5088 5084
f 5087 5081 5089
f 5087 5089 5088
f 5088 5089 5090
f 5088 5090 5084
f 5089 5081 5091
f 5089 5091 5090
f 5090 5091 5092
f 5090 5092 5084
f 5091 5081 5093
f 5091 5093 5092
f 5092 5093 5094
f 5092 5094 5084
f 5093 5081 5095
f 5093 5095 5094
f 5094 5095 5096
f 5094 5096 5084
f 5095 5081 5097
f 5095 5097 5096
f 5096 5097 5098
f 5096 5098 5084
f 5097 5081 5099
f 5097 5099 5098
f 5098 5099 5100
f 5098 5100 5084
f 5099 5081 5101
f 5099 5101 5100
f 5100 5101 5102
f 5100 5102 5084
f 5101 5081 5082
f 5101 5082 5102
f 5102 5082 5083
f 5102 5083 5084
f 5104 5103 5107
f 5104 5107 5105
f 5105 5107 5108
f 5105 5108 5106
f 5107 5103 5109
f 5107 5109 5108
f 5108 5109 5110
f 5108 5110 5106
f 5109 5103 5111
f 5109 5111 5110
f 5110 5111 5112
f 5110 5112 5106
f 5111 5103 5113
f 5111 5113 5112
f 5112 5113 5114
f 5112 5114 5106
f 5113 5103 5115
f 5113 5115 5114
f 5114 5115 5116
f 5114 5116 5106
f 5115 5103 5117
f 5115 5117 5116
f 5116 5117 5118
f 5116 5118 5106
f 5117 5103 5119
f 5117 5119 5118
f 5118 5119 5120
f 5118 5120 5106
f 5119 5103 5121
f 5119 5121 5120
f 5120 5121 5122
f 5120 5122 5106
f 5121 5103 5123
f 5121 5123 5122
f 5122 5123 5124
f 5122 5124 5106
f 5123 5103 5104
f 5123 5104 5124
f 5124 5104 5105
f 5124 5105 5106
f 5126 5125 5129
f 5126 5129 5127
f 5127 5129 5130
f 5127 5130 5128
f 5129 5125 5131
f 5129 5131 5130
f 5130 5131 5132
f 5130 5132 5128
f 5131 5125 5133
f 5131 5133 5132
f 5132 5133 5134
f 5132 5134 5128
f 5133 5125 5135
f 5133 5135 5134
f 5134 5135 5136
f 5134 5136 5128
f 5135 5125 5137
f 5135 5137 5136
f 5136 5137 5138
f 5136 5138 5128
f 5137 5125 5139
f 5137 5139 5138
f 5138 5139 5140
f 5138 5140 5128
f 5139 5125 5141
f 5139 5141 5140
f 5140 5141 5142
f 5140 5142 5128
f 5141 5125 5143
f 5141 5143 5142
f 5142 5143 5144
f 5142 5144 5128
f 5143 5125 5145
f 5143 5145 5144
f 5144 5145 5146
f 5144 5146 5128
f 5145 5125 5126
f 5145 5126 5146
f 5146 5126 5127
f 5146 5127 5128
f 5148 5147 5151
f 5148 5151 5149
f 5149 5151 5152
f 5149 5152 5150
f 5151 5147 5153
f 5151 5153 5152
f 5152 5153 5154
f 5152 5154 5150
f 5153 5147 5155
f 5153 5155 5154
f 5154 5155 5156
f 5154 5156 5150
f 5155 5147 5157
f 5155 5157 5156
f 5156 5157 5158
f 5156 5158 5150
f 5157 5147 5159
f 5157 5159 5158
f 5158 5159 5160
f 5158 5160 5150
f 5159 5147 5161
f 5159 5161 5160
f 5160 5161 5162
f 5160 5162 5150
f 5161 5147 5163
f 5161 5163 5162
f 5162 5163 5164
f 5162 5164 5150
f 5163 5147 5165
f 5163 5165 5164
f 5164 5165 5166
f 5164 5166 5150
f 5165 5147 5167
f 5165 5167 5166
f 5166 5167 5168
f 5166 5168 5150
f 5167 5147 5148
f 5167 5148 5168
f 5168 5148 5149
f 5168 5149 5150
f 5170 5169 5173
f 5170 5173 5171
f 5171 5173 5174
f 5171 5174 5172
f 5173 5169 5175
f 5173 5175 5174
f 5174 5175 5176
f 5174 5176 5172
f 5175 5169 5177
f 5175 5177 5176
f 5176 5177 5178
f 5176 5178 5172
f 5177 5169 5179
f 5177 5179 5178
f 5178 5179 5180
f 5178 5180 5172
f 5179 5169 5181
f 5179 5181 5180
f 5180 5181 5182
f 5180 5182 5172
f 5181 5169 5183
f 5181 5183 5182
f 5182 5183 5184
f 5182 5184 5172
f 5183 5169 5185
f 5183 5185 5184
f 5184 5185 5186
f 5184 5186 5172
f 5185 5169 5187
f 5185 5187 5186
f 5186 5187 5188
f 5186 5188 5172
f 5187 5169 5189
f 5187 5189 5188
f 5188 5189 5190
f 5188 5190 5172
f 5189 5169 5170
f 5189 5170 5190
f 5190 5170 5171
f 5190 5171 5172
f 5192 5191 5195
f 5192 5195 5193
f 5193 5195 5196
f 5193 5196 5194
f 5195 5191 5197
f 5195 5197 5196
f 5196 5197 5198
f 5196 5198 5194
f 5197 5191 5199
f 5197 5199 5198
f 5198 5199 5200
f 5198 5200 5194
f 5199 5191 5201
f 5199 5201 5200
f 5200 5201 5202
f 5200 5202 5194
f 5201 5191 5203
f 5201 5203 5202
f 5202 5203 5204
f 5202 5204 5194
f 5203 5191 5205
f 5203 5205 5204
f 5204 5205 5206
f 5204 5206 5194
f 5205 5191 5207
f 5205 5207 5206
f 5206 5207 5208
f 5206 5208 5194
f 5207 5191 5209
f 5207 5209 5208
f 5208 5209 5210
f 5208 5210 5194
f 5209 5191 5211
f 5209 5211 5210
f 5210 5211 5212
f 5210 5212 5194
f 5211 5191 5192
f 5211 5192 5212
f 5212 5192 5193
f 5212 5193 5194
f 5214 5213 5217
f 5214 5217 5215
f 5215 5217 5218
f 5215 5218 5216
f 5217 5213 5219
f 5217 5219 5218
f 5218 5219 5220
f 5218 5220 5216
f 5219 5213 5221
f 5219 5221 5220
f 5220 5221 5222
f 5220 5222 5216
f 5221 5213 5223
f 5221 5223 5222
f 5222 5223 5224
f 5222 5224 5216
f 5223 5213 5225
f 5223 5225 5224
f 5224 5225 5226
f 5224 5226 5216
f 5225 5213 5227
f 5225 5227 5226
f 5226 5227 5228
f 5226 5228 5216
f 5227 5213 5229
f 5227 5229 5228
f 5228 5229 5230
f 5228 5230 5216
f 5229 5213 5231
f 5229 5231 5230
f 5230 5231 5232
f 5230 5232 5216
f 5231 5213 5233
f 5231 5233 5232
f 5232 5233 5234
f 5232 5234 5216
f 5233 5213 5214
f 5233 5214 5234
f 5234 5214 5215
f 5234 5215 5216
f 5236 5235 5239
f 5236 5239 5237
f 5237 5239 5240
f 5237 5240 5238
f 5239 5235 5241
f 5239 5241 5240
f 5240 5241 5242
f 5240 5242 5238
f 5241 5235 5243
f 5241 5243 5242
f 5242 5243 5244
f 5242 5244 5238
f 5243 5235 5245
f 5243 5245 5244
f 5244 5245 5246
f 5244 5246 5238
f 5245 5235 5247
f 5245 5247 5246
f 5246 5247 5248
f 5246 5248 5238
f 5247 5235 5249
f 5247 5249 5248
f 5248 5249 5250
f 5248 5250 5238
f 5249 5235 5251
f 5249 5251 5250
f 5250 5251 5252
f 5250 5252 5238
f 5251 5235 5253
f 5251 5253 5252
f 5252 5253 5254
f 5252 5254 5238
f 5253 5235 5255
f 5253 5255 5254
f 5254 5255 5256
f 5254 5256 5238
f 5255 5235 5236
f 5255 5236 5256
f 5256 5236 5237
f 5256 5237 5238
f 5258 5257 5261
f 5258 5261 5259
f 5259 5261 5262
f 5259 5262 5260
f 5261 5257 5263
f 5261 5263 5262
f 5262 5263 5264
f 5262 5264 5260
f 5263 5257 5265
f 5263 5265 5264
f 5264 5265 5266
f 5264 5266 5260
f 5265 5257 5267
f 5265 5267 5266
f 5266 5267 5268
f 5266 5268 5260
f 5267 5257 5269
f 5267 5269 5268
f 5268 5269 5270
f 5268 5270 5260
f 5269 5257 5271
f 5269 5271 5270
f 5270 5271 5272
f 5270 5272 5260
f 5271 5257 5273
f 5271 5273 5272
f 5272 5273 5274
f 5272 5274 5260
f 5273 5257 5275
f 5273 5275 5274
f 5274 5275 5276
f 5274 5276 5260
f 5275 5257 5277
f 5275 5277 5276
f 5276 5277 5278
f 5276 5278 5260
f 5277 5257 5258
f 5277 5258 5278
f 5278 5258 5259
f 5278 5259 5260
f 5280 5279 5283
f 5280 5283 5281
f 5281 5283 5284
f 5281 5284 5282
f 5283 5279 5285
f 5283 5285 5284
f 5284 5285 5286
f 5284 5286 5282
f 5285 5279 5287
f 5285 5287 5286
f 5286 5287 5288
f 5286 5288 5282
f 5287 5279 5289
f 5287 5289 5288
f 5288 5289 5290
f 5288 5290 5282
f 5289 5279 5291
f 5289 5291 5290
f 5290 5291 5292
f 5290 5292 5282
f 5291 5279 5293
f 5291 5293 5292
f 5292 5293 5294
f 5292 5294 5282
f 5293 5279 5295
f 5293 5295 5294
f 5294 5295 5296
f 5294 5296 5282
f 5295 5279 5297
f 5295 5297 5296
f 5296 5297 5298
f 5296 5298 5282
f 5297 5279 5299
f 5297 5299 5298
f 5298 5299 5300
f 5298 5300 5282
f 5299 5279 5280
f 5299 5280 5300
f 5300 5280 5281
f 5300 5281 5282
f 5302 5301 5305
f 5302 5305 5303
f 5303 5305 5306
f 5303 5306 5304
f 5305 5301 5307
f 5305 5307 5306
f 5306 5307 5308
f 5306 5308 5304
f 5307 5301 5309
f 5307 5309 5308
f 5308 5309 5310
f 5308 5310 5304
f 5309 5301 5311
f 5309 5311 5310
f 5310 5311 5312
f 5310 5312 5304
f 5311 5301 5313
f 5311 5313 5312
f 5312 5313 5314
f 5312 5314 5304
f 5313 5301 5315
f 5313 5315 5314
f 5314 5315 5316
f 5314 5316 5304
f 5315 5301 5317
f 5315 5317 5316
f 5316 5317 5318
f 5316 5318 5304
f 5317 5301 5319
f 5317 5319 5318
f 5318 5319 5320
f 5318 5320 5304
f 5319 5301 5321
f 5319 5321 5320
f 5320 5321 5322
f 5320 5322 5304
f 5321 5301 5302
f 5321 5302 5322
f 5322 5302 5303
f 5322 5303 5304
f 5324 5323 5327
f 5324 5327 5325
f 5325 5327 5328
f 5325 5328 5326
f 5327 5323 5329
f 5327 5329 5328
f 5328 5329 5330
f 5328 5330 5326
f 5329 5323 5331
f 5329 5331 5330
f 5330 5331 5332
f 5330 5332 5326
f 5331 5323 5333
f 5331 5333 5332
f 5332 5333 5334
f 5332 5334 5326
f 5333 5323 5335
f 5333 5335 5334
f 5334 5335 5336
f 5334 5336 5326
f 5335 5323 5337
f 5335 5337 5336
f 5336 5337 5338
f 5336 5338 5326
f 5337 5323 5339
f 5337 5339 5338
f 5338 5339 5340
f 5338 5340 5326
f 5339 5323 5341
f 5339 5341 5340
f 5340 5341 5342
f 5340 5342 5326
f 5341 5323 5343
f 5341 5343 5342
f 5342 5343 5344
f 5342 5344 5326
f 5343 5323 5324
f 5343 5324 5344
f 5344 5324 5325
f 5344 5325 5326
f 5346 5345 5349
f 5346 5349 5347
f 5347 5349 5350
f 5347 5350 5348
f 5349 5345 5351
f 5349 5351 5350
f 5350 5351 5352
f 5350 5352 5348
f 5351 5345 5353
f 5351 5353 5352
f 5352 5353 5354
f 5352 5354 5348
f 5353 5345 5355
f 5353 5355 5354
f 5354 5355 5356
f 5354 5356 5348
f 5355 5345 5357
f 5355 5357 5356
f 5356 5357 5358
f 5356 5358 5348
f 5357 5345 5359
f 5357 5359 5358
f 5358 5359 5360
f 5358 5360 5348
f 5359 5345 5361
f 5359 5361 5360
f 5360 5361 5362
f 5360 5362 5348
f 5361 5345 5363
f 5361 5363 5362
f 5362 5363 5364
f 5362 5364 5348
f 5363 5345 5365
f 5363 5365 5364
f 5364 5365 5366
f 5364 5366 5348
f 5365 5345 5346
f 5365 5346 5366
f 5366 5346 5347
f 5366 5347 5348
f 5368 5367 5371
f 5368 5371 5369
f 5369 5371 5372
f 5369 5372 5370
f 5371 5367 5373
f 5371 5373 5372
f 5372 5373 5374
f 5372 5374 5370
f 5373 5367 5375
f 5373 5375 5374
f 5374 5375 5376
f 5374 5376 5370
f 5375 5367 5377
f 5375 5377 5376
f 5376 5377 5378
f 5376 5378 5370
f 5377 5367 5379
f 5377 5379 5378
f 5378 5379 5380
f 5378 5380 5370
f 5379 5367 5381
f 5379 5381 5380
f 5380 5381 5382
f 5380 5382 5370
f 5381 5367 5383
f 5381 5383 5382
f 5382 5383 5384
f 5382 5384 5370
f 5383 5367 5385
f 5383 5385 5384
f 5384 5385 5386
f 5384 5386 5370
f 5385 5367 5387
f 5385 5387 5386
f 5386 5387 5388
f 5386 5388 5370
f 5387 5367 5368
f 5387 5368 5388
f 5388 5368 5369
f 5388 5369 5370
f 5390 5389 5393
f 5390 5393 5391
f 5391 5393 5394
f 5391 5394 5392
f 5393 5389 5395
f 5393 5395 5394
f 5394 5395 5396
f 5394 5396 5392
f 5395 5389 5397
f 5395 5397 5396
f 5396 5397 5398
f 5396 5398 5392
f 5397 5389 5399
f 5397 5399 5398
f 5398 5399 5400
f 5398 5400 5392
f 5399 5389 5401
f 5399 5401 5400
f 5400 5401 5402
f 5400 5402 5392
f 5401 5389 5403
f 5401 5403 5402
f 5402 5403 5404
f 5402 5404 5392
f 5403 5389 5405
f 5403 5405 5404
f 5404 5405 5406
f 5404 5406 5392
f 5405 5389 5407
f 5405 5407 5406
f 5406 5407 5408
f 5406 5408 5392
f 5407 5389 5409
f 5407 5409 5408
f 5408 5409 5410
f 5408 5410 5392
f 5409 5389 5390
f 5409 5390 5410
f 5410 5390 5391
f 5410 5391 5392
f 5412 5411 5415
f 5412 5415 5413
f 5413 5415 5416
f 5413 5416 5414
f 5415 5411 5417
f 5415 5417 5416
f 5416 5417 5418
f 5416 5418 5414
f 5417 5411 5419
f 5417 5419 5418
f 5418 5419 5420
f 5418 5420 5414
f 5419 5411 5421
f 5419 5421 5420
f 5420 5421 5422
f 5420 5422 5414
f 5421 5411 5423
f 5421 5423 5422
f 5422 5423 5424
f 5422 5424 5414
f 5423 5411 5425
f 5423 5425 5424
f 5424 5425 5426
f 5424 5426 5414
f 5425 5411 5427
f 5425 5427 5426
f 5426 5427 5428
f 5426 5428 5414
f 5427 5411 5429
f 5427 5429 5428
f 5428 5429 5430
f 5428 5430 5414
f 5429 5411 5431
f 5429 5431 5430
f 5430 5431 5432
f 5430 5432 5414
f 5431 5411 5412
f 5431 5412 5432
f 5432 5412 5413
f 5432 5413 5414
f 5434 5433 5437
f 5434 5437 5435
f 5435 5437 5438
f 5435 5438 5436
f 5437 5433 5439
f 5437 5439 5438
f 5438 5439 5440
f 5438 5440 5436
f 5439 5433 5441
f 5439 5441 5440
f 5440 5441 5442
f 5440 5442 5436
f 5441 5433 5443
f 5441 5443 5442
f 5442 5443 5444
f 5442 5444 5436
f 5443 5433 5445
f 5443 5445 5444
f 5444 5445 5446
f 5444 5446 5436
f 5445 5433 5447
f 5445 5447 5446
f 5446 5447 5448
f 5446 5448 5436
f 5447 5433 5449
f 5447 5449 5448
f 5448 5449 5450
f 5448 5450 5436
f 5449 5433 5451
f 5449 5451 5450
f 5450 5451 5452
f 5450 5452 5436
f 5451 5433 5453
f 5451 5453 5452
f 5452 5453 5454
f 5452 5454 5436
f 5453 5433 5434
f 5453 5434 5454
f 5454 5434 5435
f 5454 5435 5436
f 5456 5455 5459
f 5456 5459 5457
f 5457 5459 5460
f 5457 5460 5458
f 5459 5455 5461
f 5459 5461 5460
f 5460 5461 5462
f 5460 5462 5458
f 5461 5455 5463
f 5461 5463 5462
f 5462 5463 5464
f 5462 5464 5458
f 5463 5455 5465
f 5463 5465 5464
f 5464 5465 5466
f 5464 5466 5458
f 5465 5455 5467
f 5465 5467 5466
f 5466 5467 5468
f 5466 5468 5458
f 5467 5455 5469
f 5467 5469 5468
f 5468 5469 5470
f 5468 5470 5458
f 5469 5455 5471
f 5469 5471 5470
f 5470 5471 5472
f 5470 5472 5458
f 5471 5455 5473
f 5471 5473 5472
f 5472 5473 5474
f 5472 5474 5458
f 5473 5455 5475
f 5473 5475 5474
f 5474 5475 5476
f 5474 5476 5458
f 5475 5455 5456
f 5475 5456 5476
f 5476 5456 5457
f 5476 5457 5458
f 5478 5477 5481
f 5478 5481 5479
f 5479 5481 5482
f 5479 5482 5480
f 5481 5477 5483
f 5481 5483 5482
f 5482 5483 5484
f 5482 5484 5480
f 5483 5477 5485
f 5483 5485 5484
f 5484 5485 5486
f 5484 5486 5480
f 5485 5477 5487
f 5485 5487 5486
f 5486 5487 5488
f 5486 5488 5480
f 5487 5477 5489
f 5487 5489 5488
f 5488 5489 5490
f 5488 5490 5480
f 5489 5477 5491
f 5489 5491 5490
f 5490 5491 5492
f 5490 5492 5480
f 5491 5477 5493
f 5491 5493 5492
f 5492 5493 5494
f 5492 5494 5480
f 5493 5477 5495
f 5493 5495 5494
f 5494 5495 5496
f 5494 5496 5480
f 5495 5477 5497
f 5495 5497 5496
f 5496 5497 5498
f 5496 5498 5480
f 5497 5477 5478
f 5497 5478 5498
f 5498 5478 5479
f 5498 5479 5480
f 5500 5499 5503
f 5500 5503 5501
f 5501 5503 5504
f 5501 5504 5502
f 5503 5499 5505
f 5503 5505 5504
f 5504 5505 5506
f 5504 5506 5502
f 5505 5499 5507
f 5505 5507 5506
f 5506 5507 5508
f 5506 5508 5502
f 5507 5499 5509
f 5507 5509 5508
f 5508 5509 5510
f 5508 5510 5502
f 5509 5499 5511
f 5509 5511 5510
f 5510 5511 5512
f 5510 5512 5502
f 5511 5499 5513
f 5511 5513 5512
f 5512 5513 5514
f 5512 5514 5502
f 5513 5499 5515
f 5513 5515 5514
f 5514 5515 5516
f 5514 5516 5502
f 5515 5499 5517
f 5515 5517 5516
f 5516 5517 5518
f 5516 5518 5502
f 5517 5499 5519
f 5517 5519 5518
f 5518 5519 5520
f 5518 5520 5502
f 5519 5499 5500
f 5519 5500 5520
f 5520 5500 5501
f 5520 5501 5502
f 5522 5521 5525
f 5522 5525 5523
f 5523 5525 5526
f 5523 5526 5524
f 5525 5521 5527
f 5525 5527 5526
f 5526 5527 5528
f 5526 5528 5524
f 5527 5521 5529
f 5527 5529 5528
f 5528 5529 5530
f 5528 5530 5524
f 5529 5521 5531
f 5529 5531 5530
f 5530 5531 5532
f 5530 5532 5524
f 5531 5521 5533
f 5531 5533 5532
f 5532 5533 5534
f 5532 5534 5524
f 5533 5521 5535
f 5533 5535 5534
f 5534 5535 5536
f 5534 5536 5524
f 5535 5521 5537
f 5535 5537 5536
f 5536 5537 5538
f 5536 5538 5524
f 5537 5521 5539
f 5537 5539 5538
f 5538 5539 5540
f 5538 5540 5524
f 5539 5521 5541
f 5539 5541 5540
f 5540 5541 5542
f 5540 5542 5524
f 5541 5521 5522
f 5541 5522 5542
f 5542 5522 5523
f 5542 5523 5524
f 5544 5543 5547
f 5544 5547 5545
f 5545 5547 5548
f 5545 5548 5546
f 5547 5543 5549
f 5547 5549 5548
f 5548 5549 5550
f 5548 5550 5546
f 5549 5543 5551
f 5549 5551 5550
f 5550 5551 5552
f 5550 5552 5546
f 5551 5543 5553
f 5551 5553 5552
f 5552 5553 5554
f 5552 5554 5546
f 5553 5543 5555
f 5553 5555 5554
f 5554 5555 5556
f 5554 5556 5546
f 5555 5543 5557
f 5555 5557 5556
f 5556 5557 5558
f 5556 5558 5546
f 5557 5543 5559
f 5557 5559 5558
f 5558 5559 5560
f 5558 5560 5546
f 5559 5543 5561
f 5559 5561 5560
f 5560 5561 5562
f 5560 5562 5546
f 5561 5543 5563
f 5561 5563 5562
f 5562 5563 5564
f 5562 5564 5546
f 5563 5543 5544
f 5563 5544 5564
f 5564 5544 5545
f 5564 5545 5546
f 5566 5565 5569
f 5566 5569 5567
f 5567 5569 5570
f 5567 5570 5568
f 5569 5565 5571
f 5569 5571 5570
f 5570 5571 5572
f 5570 5572 5568
f 5571 5565 5573
f 5571 5573 5572
f 5572 5573 5574
f 5572 5574 5568
f 5573 5565 5575
f 5573 5575 5574
f 5574 5575 5576
f 5574 5576 5568
f 5575 5565 5577
f 5575 5577 5576
f 5576 5577 5578
f 5576 5578 5568
f 5577 5565 5579
f 5577 5579 5578
f 5578 5579 5580
f 5578 5580 5568
f 5579 5565 5581
f 5579 5581 5580
f 5580 5581 5582
f 5580 5582 5568
f 5581 5565 5583
f 5581 5583 5582
f 5582 5583 5584
f 5582 5584 5568
f 5583 5565 5585
f 5583 5585 5584
f 5584 5585 5586
f 5584 5586 5568
f 5585 5565 5566
f 5585 5566 5586
f 5586 5566 5567
f 5586 5567 5568
f 5588 5587 5591
f 5588 5591 5589
f 5589 5591 5592
f 5589 5592 5590
f 5591 5587 5593
f 5591 5593 5592
f 5592 5593 5594
f 5592 5594 5590
f 5593 5587 5595
f 5593 5595 5594
f 5594 5595 5596
f 5594 5596 5590
f 5595 5587 5597
f 5595 5597 5596
f 5596 5597 5598
f 5596 5598 5590
f 5597 5587 5599
f 5597 5599 5598
f 5598 5599 5600
f 5598 5600 5590
f 5599 5587 5601
f 5599 5601 5600
f 5600 5601 5602
f 5600 5602 5590
f 5601 5587 5603
f 5601 5603 5602
f 5602 5603 5604
f 5602 5604 5590
f 5603 5587 5605
f 5603 5605 5604
f 5604 5605 5606
f 5604 5606 5590
f 5605 5587 5607
f 5605 5607 5606
f 5606 5607 5608
f 5606 5608 5590
f 5607 5587 5588
f 5607 5588 5608
f 5608 5588 5589
f 5608 5589 5590
f 5610 5609 5613
f 5610 5613 5611
f 5611 5613 5614
f 5611 5614 5612
f 5613 5609 5615
f 5613 5615 5614
f 5614 5615 5616
f 5614 5616 5612
f 5615 5609 5617
f 5615 5617 5616
f 5616 5617 5618
f 5616 5618 5612
f 5617 5609 5619
f 5617 5619 5618
f 5618 5619 5620
f 5618 5620 5612
f 5619 5609 5621
f 5619 5621 5620
f 5620 5621 5622
f 5620 5622 5612
f 5621 5609 5623
f 5621 5623 5622
f 5622 5623 5624
f 5622 5624 5612
f 5623 5609 5625
f 5623 5625 5624
f 5624 5625 5626
f 5624 5626 5612
f 5625 5609 5627
f 5625 5627 5626
f 5626 5627 5628
f 5626 5628 5612
f 5627 5609 5629
f 5627 5629 5628
f 5628 5629 5630
f 5628 5630 5612
f 5629 5609 5610
f 5629 5610 5630
f 5630 5610 5611
f 5630 5611 5612
f 5632 5631 5635
f 5632 5635 5633
f 5633 5635 5636
f 5633 5636 5634
f 5635 5631 5637
f 5635 5637 5636
f 5636 5637 5638
f 5636 5638 5634
f 5637 5631 5639
f 5637 5639 5638
f 5638 5639 5640
f 5638 5640 5634
f 5639 5631 5641
f 5639 5641 5640
f 5640 5641 5642
f 5640 5642 5634
f 5641 5631 5643
f 5641 5643 5642
f 5642 5643 5644
f 5642 5644 5634
f 5643 5631 5645
f 5643 5645 5644
f 5644 5645 5646
f 5644 5646 5634
f 5645 5631 5647
f 5645 5647 5646
f 5646 5647 5648
f 5646 5648 5634
f 5647 5631 5649
f 5647 5649 5648
f 5648 5649 5650
f 5648 5650 5634
f 5649 5631 5651
f 5649 5651 5650
f 5650 5651 5652
f 5650 5652 5634
f 5651 5631 5632
f 5651 5632 5652
f 5652 5632 5633
f 5652 5633 5634
f 5654 5653 5657
f 5654 5657 5655
f 5655 5657 5658
f 5655 5658 5656
f 5657 5653 5659
f 5657 5659 5658
f 5658 5659 5660
f 5658 5660 5656
f 5659 5653 5661
f 5659 5661 5660
f 5660 5661 5662
f 5660 5662 5656
f 5661 5653 5663
f 5661 5663 5662
f 5662 5663 5664
f 5662 5664 5656
f 5663 5653 5665
f 5663 5665 5664
f 5664 5665 5666
f 5664 5666 5656
f 5665 5653 5667
f 5665 5667 5666
f 5666 5667 5668
f 5666 5668 5656
f 5667 5653 5669
f 5667 5669 5668
f 5668 5669 5670
f 5668 5670 5656
f 5669 5653 5671
f 5669 5671 5670
f 5670 5671 5672
f 5670 5672 5656
f 5671 5653 5673
f 5671 5673 5672
f 5672 5673 5674
f 5672 5674 5656
f 5673 5653 5654
f 5673 5654 5674
f 5674 5654 5655
f 5674 5655 5656
f 5676 5675 5679
f 5676 5679 5677
f 5677 5679 5680
f 5677 5680 5678
f 5679 5675 5681
f 5679 5681 5680
f 5680 5681 5682
f 5680 5682 5678
f 5681 5675 5683
f 5681 5683 5682
f 5682 5683 5684
f 5682 5684 5678
f 5683 5675 5685
f 5683 5685 5684
f 5684 5685 5686
f 5684 5686 5678
f 5685 5675 5687
f 5685 5687 5686
f 5686 5687 5688
f 5686 5688 5678
f 5687 5675 5689
f 5687 5689 5688
f 5688 5689 5690
f 5688 5690 5678
f 5689 5675 5691
f 5689 5691 5690
f 5690 5691 5692
f 5690 5692 5678
f 5691 5675 5693
f 5691 5693 5692
f 5692 5693 5694
f 5692 5694 5678
f 5693 5675 5695
f 5693 5695 5694
f 5694 5695 5696
f 5694 5696 5678
f 5695 5675 5676
f 5695 5676 5696
f 5696 5676 5677
f 5696 5677 5678
f 5698 5697 5701
f 5698 5701 5699
f 5699 5701 5702
f 5699 5702 5700
f 5701 5697 5703
f 5701 5703 5702
f 5702 5703 5704
f 5702 5704 5700
f 5703 5697 5705
f 5703 5705 5704
f 5704 5705 5706
f 5704 5706 5700
f 5705 5697 5707
f 5705 5707 5706
f 5706 5707 5708
f 5706 5708 5700
f 5707 5697 5709
f 5707 5709 5708
f 5708 5709 5710
f 5708 5710 5700
f 5709 5697 5711
f 5709 5711 5710
f 5710 5711 5712
f 5710 5712 5700
f 5711 5697 5713
f 5711 5713 5712
f 5712 5713 5714
f 5712 5714 5700
f 5713 5697 5715
f 5713 5715 5714
f 5714 5715 5716
f 5714 5716 5700
f 5715 5697 5717
f 5715 5717 5716
f 5716 5717 5718
f 5716 5718 5700
f 5717 5697 5698
f 5717 5698 5718
f 5718 5698 5699
f 5718 5699 5700
f 5720 5719 5723
f 5720 5723 5721
f 5721 5723 5724
f 5721 5724 5722
f 5723 5719 5725
f 5723 5725 5724
f 5724 5725 5726
f 5724 5726 5722
f 5725 5719 5727
f 5725 5727 5726
f 5726 5727 5728
f 5726 5728 5722
f 5727 5719 5729
f 5727 5729 5728
f 5728 5729 5730
f 5728 5730 5722
f 5729 5719 5731
f 5729 5731 5730
f 5730 5731 5732
f 5730 5732 5722
f 5731 5719 5733
f 5731 5733 5732
f 5732 5733 5734
f 5732 5734 5722
f 5733 5719 5735
f 5733 5735 5734
f 5734 5735 5736
f 5734 5736 5722
f 5735 5719 5737
f 5735 5737 5736
f 5736 5737 5738
f 5736 5738 5722
f 5737 5719 5739
f 5737 5739 5738
f 5738 5739 5740
f 5738 5740 5722
f 5739 5719 5720
f 5739 5720 5740
f 5740 5720 5721
f 5740 5721 5722
f 5742 5741 5745
f 5742 5745 5743
f 5743 5745 5746
f 5743 5746 5744
f 5745 5741 5747
f 5745 5747 5746
f 5746 5747 5748
f 5746 5748 5744
f 5747 5741 5749
f 5747 5749 5748
f 5748 5749 5750
f 5748 5750 5744
f 5749 5741 5751
f 5749 5751 5750
f 5750 5751 5752
f 5750 5752 5744
f 5751 5741 5753
f 5751 5753 5752
f 5752 5753 5754
f 5752 5754 5744
f 5753 5741 5755
f 5753 5755 5754
f 5754 5755 5756
f 5754 5756 5744
f 5755 5741 5757
f 5755 5757 5756
f 5756 5757 5758
f 5756 5758 5744
f 5757 5741 5759
f 5757 5759 5758
f 5758 5759 5760
f 5758 5760 5744
f 5759 5741 5761
f 5759 5761 5760
f 5760 5761 5762
f 5760 5762 5744
f 5761 5741 5742
f 5761 5742 5762
f 5762 5742 5743
f 5762 5743 5744
f 5764 5763 5767
f 5764 5767 5765
f 5765 5767 5768
f 5765 5768 5766
f 5767 5763 5769
f 5767 5769 5768
f 5768 5769 5770
f 5768 5770 5766
f 5769 5763 5771
f 5769 5771 5770
f 5770 5771 5772
f 5770 5772 5766
f 5771 5763 5773
f 5771 5773 5772
f 5772 5773 5774
f 5772 5774 5766
f 5773 5763 5775
f 5773 5775 5774
f 5774 5775 5776
f 5774 5776 5766
f 5775 5763 5777
f 5775 5777 5776
f 5776 5777 5778
f 5776 5778 5766
f 5777 5763 5779
f 5777 5779 5778
f 5778 5779 5780
f 5778 5780 5766
f 5779 5763 5781
f 5779 5781 5780
f 5780 5781 5782
f 5780 5782 5766
f 5781 5763 5783
f 5781 5783 5782
f 5782 5783 5784
f 5782 5784 5766
f 5783 5763 5764
f 5783 5764 5784
f 5784 5764 5765
f 5784 5765 5766
f 5786 5785 5789
f 5786 5789 5787
f 5787 5789 5790
f 5787 5790 5788
f 5789 5785 5791
f 5789 5791 5790
f 5790 5791 5792
f 5790 5792 5788
f 5791 5785 5793
f 5791 5793 5792
f 5792 5793 5794
f 5792 5794 5788
f 5793 5785 5795
f 5793 5795 5794
f 5794 5795 5796
f 5794 5796 5788
f 5795 5785 5797
f 5795 5797 5796
f 5796 5797 5798
f 5796 5798 5788
f 5797 5785 5799
f 5797 5799 5798
f 5798 5799 5800
f 5798 5800 5788
f 5799 5785 5801
f 5799 5801 5800
f 5800 5801 5802
f 5800 5802 5788
f 5801 5785 5803
f 5801 5803 5802
f 5802 5803 5804
f 5802 5804 5788
f 5803 5785 5805
f 5803 5805 5804
f 5804 5805 5806
f 5804 5806 5788
f 5805 5785 5786
f 5805 5786 5806
f 5806 5786 5787
f 5806 5787 5788
f 5808 5807 5811
f 5808 5811 5809
f 5809 5811 5812
f 5809 5812 5810
f 5811 5807 5813
f 5811 5813 5812
f 5812 5813 5814
f 5812 5814 5810
f 5813 5807 5815
f 5813 5815 5814
f 5814 5815 5816
f 5814 5816 5810
f 5815 5807 5817
f 5815 5817 5816
f 5816 5817 5818
f 5816 5818 5810
f 5817 5807 5819
f 5817 5819 5818
f 5818 5819 5820
f 5818 5820 5810
f 5819 5807 5821
f 5819 5821 5820
f 5820 5821 5822
f 5820 5822 5810
f 5821 5807 5823
f 5821 5823 5822
f 5822 5823 5824
f 5822 5824 5810
f 5823 5807 5825
f 5823 5825 5824
f 5824 5825 5826
f 5824 5826 5810
f 5825 5807 5827
f 5825 5827 5826
f 5826 5827 5828
f 5826 5828 5810
f 5827 5807 5808
f 5827 5808 5828
f 5828 5808 5809
f 5828 5809 5810
f 5830 5829 5833
f 5830 5833 5831
f 5831 5833 5834
f 5831 5834 5832
f 5833 5829 5835
f 5833 5835 5834
f 5834 5835 5836
f 5834 5836 5832
f 5835 5829 5837
f 5835 5837 5836
f 5836 5837 5838
f 5836 5838 5832
f 5837 5829 5839
f 5837 5839 5838
f 5838 5839 5840
f 5838 5840 5832
f 5839 5829 5841
f 5839 5841 5840
f 5840 5841 5842
f 5840 5842 5832
f 5841 5829 5843
f 5841 5843 5842
f 5842 5843 5844
f 5842 5844 5832
f 5843 5829 5845
f 5843 5845 5844
f 5844 5845 5846
f 5844 5846 5832
f 5845 5829 5847
f 5845 5847 5846
f 5846 5847 5848
f 5846 5848 5832
f 5847 5829 5849
f 5847 5849 5848
f 5848 5849 5850
f 5848 5850 5832
f 5849 5829 5830
f 5849 5830 5850
f 5850 5830 5831
f 5850 5831 5832
f 5852 5851 5855
f 5852 5855 5853
f 5853 5855 5856
f 5853 5856 5854
f 5855 5851 5857
f 5855 5857 5856
f 5856 5857 5858
f 5856 5858 5854
f 5857 5851 5859
f 5857 5859 5858
f 5858 5859 5860
f 5858 5860 5854
f 5859 5851 5861
f 5859 5861 5860
f 5860 5861 5862
f 5860 5862 5854
f 5861 5851 5863
f 5861 5863 5862
f 5862 5863 5864
f 5862 5864 5854
f 5863 5851 5865
f 5863 5865 5864
f 5864 5865 5866
f 5864 5866 5854
f 5865 5851 5867
f 5865 5867 5866
f 5866 5867 5868
f 5866 5868 5854
f 5867 5851 5869
f 5867 5869 5868
f 5868 5869 5870
f 5868 5870 5854
f 5869 5851 5871
f 5869 5871 5870
f 5870 5871 5872
f 5870 5872 5854
f 5871 5851 5852
f 5871 5852 5872
f 5872 5852 5853
f 5872 5853 5854
f 5874 5873 5877
f 5874 5877 5875
f 5875 5877 5878
f 5875 5878 5876
f 5877 5873 5879
f 5877 5879 5878
f 5878 5879 5880
f 5878 5880 5876
f 5879 5873 5881
f 5879 5881 5880
f 5880 5881 5882
f 5880 5882 5876
f 5881 5873 5883
f 5881 5883 5882
f 5882 5883 5884
f 5882 5884 5876
f 5883 5873 5885
f 5883 5885 5884
f 5884 5885 5886
f 5884 5886 5876
f 5885 5873 5887
f 5885 5887 5886
f 5886 5887 5888
f 5886 5888 5876
f 5887 5873 5889
f 5887 5889 5888
f 5888 5889 5890
f 5888 5890 5876
f 5889 5873 5891
f 5889 5891 5890
f 5890 5891 5892
f 5890 5892 5876
f 5891 5873 5893
f 5891 5893 5892
f 5892 5893 5894
f 5892 5894 5876
f 5893 5873 5874
f 5893 5874 5894
f 5894 5874 5875
f 5894 5875 5876
f 5896 5895 5899
f 5896 5899 5897
f 5897 5899 5900
f 5897 5900 5898
f 5899 5895 5901
f 5899 5901 5900
f 5900 5901 5902
f 5900 5902 5898
f 5901 5895 5903
f 5901 5903 5902
f 5902 5903 5904
f 5902 5904 5898
f 5903 5895 5905
f 5903 5905 5904
f 5904 5905 5906
f 5904 5906 5898
f 5905 5895 5907
f 5905 5907 5906
f 5906 5907 5908
f 5906 5908 5898
f 5907 5895 5909
f 5907 5909 5908
f 5908 5909 5910
f 5908 5910 5898
f 5909 5895 5911
f 5909 5911 5910
f 5910 5911 5912
f 5910 5912 5898
f 5911 5895 5913
f 5911 5913 5912
f 5912 5913 5914
f 5912 5914 5898
f 5913 5895 5915
f 5913 5915 5914
f 5914 5915 5916
f 5914 5916 5898
f 5915 5895 5896
f 5915 5896 5916
f 5916 5896 5897
f 5916 5897 5898
f 5918 5917 5921
f 5918 5921 5919
f 5919 5921 5922
f 5919 5922 5920
f 5921 5917 5923
f 5921 5923 5922
f 5922 5923 5924
f 5922 5924 5920
f 5923 5917 5925
f 5923 5925 5924
f 5924 5925 5926
f 5924 5926 5920
f 5925 5917 5927
f 5925 5927 5926
f 5926 5927 5928
f 5926 5928 5920
f 5927 5917 5929
f 5927 5929 5928
f 5928 5929 5930
f 5928 5930 5920
f 5929 5917 5931
f 5929 5931 5930
f 5930 5931 5932
f 5930 5932 5920
f 5931 5917 5933
f 5931 5933 5932
f 5932 5933 5934
f 5932 5934 5920
f 5933 5917 5935
f 5933 5935 5934
f 5934 5935 5936
f 5934 5936 5920
f 5935 5917 5937
f 5935 5937 5936
f 5936 5937 5938
f 5936 5938 5920
f 5937 5917 5918
f 5937 5918 5938
f 5938 5918 5919
f 5938 5919 5920
f 5940 5939 5943
f 5940 5943 5941
f 5941 5943 5944
f 5941 5944 5942
f 5943 5939 5945
f 5943 5945 5944
f 5944 5945 5946
f 5944 5946 5942
f 5945 5939 5947
f 5945 5947 5946
f 5946 5947 5948
f 5946 5948 5942
f 5947 5939 5949
f 5947 5949 5948
f 5948 5949 5950
f 5948 5950 5942
f 5949 5939 5951
f 5949 5951 5950
f 5950 5951 5952
f 5950 5952 5942
f 5951 5939 5953
f 5951 5953 5952
f 5952 5953 5954
f 5952 5954 5942
f 5953 5939 5955
f 5953 5955 5954
f 5954 5955 5956
f 5954 5956 5942
f 5955 5939 5957
f 5955 5957 5956
f 5956 5957 5958
f 5956 5958 5942
f 5957 5939 5959
f 5957 5959 5958
f 5958 5959 5960
f 5958 5960 5942
f 5959 5939 5940
f 5959 5940 5960
f 5960 5940 5941
f 5960 5941 5942
f 5962 5961 5965
f 5962 5965 5963
f 5963 5965 5966
f 5963 5966 5964
f 5965 5961 5967
f 5965 5967 5966
f 5966 5967 5968
f 5966 5968 5964
f 5967 5961 5969
f 5967 5969 5968
f 5968 5969 5970
f 5968 5970 5964
f 5969 5961 5971
f 5969 5971 5970
f 5970 5971 5972
f 5970 5972 5964
f 5971 5961 5973
f 5971 5973 5972
f 5972 5973 5974
f 5972 5974 5964
f 5973 5961 5975
f 5973 5975 5974
f 5974 5975 5976
f 5974 5976 5964
f 5975 5961 5977
f 5975 5977 5976
f 5976 5977 5978
f 5976 5978 5964
f 5977 5961 5979
f 5977 5979 5978
f 5978 5979 5980
f 5978 5980 5964
f 5979 5961 5981
f 5979 5981 5980
f 5980 5981 5982
f 5980 5982 5964
f 5981 5961 5962
f 5981 5962 5982
f 5982 5962 5963
f 5982 5963 5964
f 5984 5983 5987
f 5984 5987 5985
f 5985 5987 5988
f 5985 5988 5986
f 5987 5983 5989
f 5987 5989 5988
f 5988 5989 5990
f 5988 5990 5986
f 5989 5983 5991
f 5989 5991 5990
f 5990 5991 5992
f 5990 5992 5986
f 5991 5983 5993
f 5991 5993 5992
f 5992 5993 5994
f 5992 5994 5986
f 5993 5983 5995
f 5993 5995 5994
f 5994 5995 5996
f 5994 5996 5986
f 5995 5983 5997
f 5995 5997 5996
f 5996 5997 5998
f 5996 5998 5986
f 5997 5983 5999
f 5997 5999 5998
f 5998 5999 6000
f 5998 6000 5986
f 5999 5983 6001
f 5999 6001 6000
f 6000 6001 6002
f 6000 6002 5986
f 6001 5983 6003
f 6001 6003 6002
f 6002 6003 6004
f 6002 6004 5986
f 6003 5983 5984
f 6003 5984 6004
f 6004 5984 5985
f 6004 5985 5986
f 6006 6005 6009
f 6006 6009 6007
f 6007 6009 6010
f 6007 6010 6008
f 6009 6005 6011
f 6009 6011 6010
f 6010 6011 6012
f 6010 6012 6008
f 6011 6005 6013
f 6011 6013 6012
f 6012 6013 6014
f 6012 6014 6008
f 6013 6005 6015
f 6013 6015 6014
f 6014 6015 6016
f 6014 6016 6008
f 6015 6005 6017
f 6015 6017 6016
f 6016 6017 6018
f 6016 6018 6008
f 6017 6005 6019
f 6017 6019 6018
f 6018 6019 6020
f 6018 6020 6008
f 6019 6005 6021
f 6019 6021 6020
f 6020 6021 6022
f 6020 6022 6008
f 6021 6005 6023
f 6021 6023 6022
f 6022 6023 6024
f 6022 6024 6008
f 6023 6005 6025
f 6023 6025 6024
f 6024 6025 6026
f 6024 6026 6008
f 6025 6005 6006
f 6025 6006 6026
f 6026 6006 6007
f 6026 6007 6008
f 6028 6027 6031
f 6028 6031 6029
f 6029 6031 6032
f 6029 6032 6030
f 6031 6027 6033
f 6031 6033 6032
f 6032 6033 6034
f 6032 6034 6030
f 6033 6027 6035
f 6033 6035 6034
f 6034 6035 6036
f 6034 6036 6030
f 6035 6027 6037
f 6035 6037 6036
f 6036 6037 6038
f 6036 6038 6030
f 6037 6027 6039
f 6037 6039 6038
f 6038 6039 6040
f 6038 6040 6030
f 6039 6027 6041
f 6039 6041 6040
f 6040 6041 6042
f 6040 6042 6030
f 6041 6027 6043
f 6041 6043 6042
f 6042 6043 6044
f 6042 6044 6030
f 6043 6027 6045
f 6043 6045 6044
f 6044 6045 6046
f 6044 6046 6030
f 6045 6027 6047
f 6045 6047 6046
f 6046 6047 6048
f 6046 6048 6030
f 6047 6027 6028
f 6047 6028 6048
f 6048 6028 6029
f 6048 6029 6030
f 6050 6049 6053
f 6050 6053 6051
f 6051 6053 6054
f 6051 6054 6052
f 6053 6049 6055
f 6053 6055 6054
f 6054 6055 6056
f 6054 6056 6052
f 6055 6049 6057
f 6055 6057 6056
f 6056 6057 6058
f 6056 6058 6052
f 6057 6049 6059
f 6057 6059 6058
f 6058 6059 6060
f 6058 6060 6052
f 6059 6049 6061
f 6059 6061 6060
f 6060 6061 6062
f 6060 6062 6052
f 6061 6049 6063
f 6061 6063 6062
f 6062 6063 6064
f 6062 6064 6052
f 6063 6049 6065
f 6063 6065 6064
f 6064 6065 6066
f 6064 6066 6052
f 6065 6049 6067
f 6065 6067 6066
f 6066 6067 6068
f 6066 6068 6052
f 6067 6049 6069
f 6067 6069 6068
f 6068 6069 6070
f 6068 6070 6052
f 6069 6049 6050
f 6069 6050 6070
f 6070 6050 6051
f 6070 6051 6052
f 6072 6071 6075
f 6072 6075 6073
f 6073 6075 6076
f 6073 6076 6074
f 6075 6071 6077
f 6075 6077 6076
f 6076 6077 6078
f 6076 6078 6074
f 6077 6071 6079
f 6077 6079 6078
f 6078 6079 6080
f 6078 6080 6074
f 6079 6071 6081
f 6079 6081 6080
f 6080 6081 6082
f 6080 6082 6074
f 6081 6071 6083
f 6081 6083 6082
f 6082 6083 6084
f 6082 6084 6074
f 6083 6071 6085
f 6083 6085 6084
f 6084 6085 6086
f 6084 6086 6074
f 6085 6071 6087
f 6085 6087 6086
f 6086 6087 6088
f 6086 6088 6074
f 6087 6071 6089
f 6087 6089 6088
f 6088 6089 6090
f 6088 6090 6074
f 6089 6071 6091
f 6089 6091 6090
f 6090 6091 6092
f 6090 6092 6074
f 6091 6071 6072
f 6091 6072 6092
f 6092 6072 6073
f 6092 6073 6074
f 6094 6093 6097
f 6094 6097 6095
f 6095 6097 6098
f 6095 6098 6096
f 6097 6093 6099
f 6097 6099 6098
f 6098 6099 6100
f 6098 6100 6096
f 6099 6093 6101
f 6099 6101 6100
f 6100 6101 6102
f 6100 6102 6096
f 6101 6093 6103
f 6101 6103 6102
f 6102 6103 6104
f 6102 6104 6096
f 6103 6093 6105
f 6103 6105 6104
f 6104 6105 6106
f 6104 6106 6096
f 6105 6093 6107
f 6105 6107 6106
f 6106 6107 6108
f 6106 6108 6096
f 6107 6093 6109
f 6107 6109 6108
f 6108 6109 6110
f 6108 6110 6096
f 6109 6093 6111
f 6109 6111 6110
f 6110 6111 6112
f 6110 6112 6096
f 6111 6093 6113
f 6111 6113 6112
f 6112 6113 6114
f 6112 6114 6096
f 6113 6093 6094
f 6113 6094 6114
f 6114 6094 6095
f 6114 6095 6096
f 6116 6115 6119
f 6116 6119 6117
f 6117 6119 6120
f 6117 6120 6118
f 6119 6115 6121
f 6119 6121 6120
f 6120 6121 6122
f 6120 6122 6118
f 6121 6115 6123
f 6121 6123 6122
f 6122 6123 6124
f 6122 6124 6118
f 6123 6115 6125
f 6123 6125 6124
f 6124 6125 6126
f 6124 6126 6118
f 6125 6115 6127
f 6125 6127 6126
f 6126 6127 6128
f 6126 6128 6118
f 6127 6115 6129
f 6127 6129 6128
f 6128 6129 6130
f 6128 6130 6118
f 6129 6115 6131
f 6129 6131 6130
f 6130 6131 6132
f 6130 6132 6118
f 6131 6115 6133
f 6131 6133 6132
f 6132 6133 6134
f 6132 6134 6118
f 6133 6115 6135
f 6133 6135 6134
f 6134 6135 6136
f 6134 6136 6118
f 6135 6115 6116
f 6135 6116 6136
f 6136 6116 6117
f 6136 6117 6118
f 6138 6137 6141
f 6138 6141 6139
f 6139 6141 6142
f 6139 6142 6140
f 6141 6137 6143
f 6141 6143 6142
f 6142 6143 6144
f 6142 6144 6140
f 6143 6137 6145
f 6143 6145 6144
f 6144 6145 6146
f 6144 6146 6140
f 6145 6137 6147
f 6145 6147 6146
f 6146 6147 6148
f 6146 6148 6140
f 6147 6137 6149
f 6147 6149 6148
f 6148 6149 6150
f 6148 6150 6140
f 6149 6137 6151
f 6149 6151 6150
f 6150 6151 6152
f 6150 6152 6140
f 6151 6137 6153
f 6151 6153 6152
f 6152 6153 6154
f 6152 6154 6140
f 6153 6137 6155
f 6153 6155 6154
f 6154 6155 6156
f 6154 6156 6140
f 6155 6137 6157
f 6155 6157 6156
f 6156 6157 6158
f 6156 6158 6140
f 6157 6137 6138
f 6157 6138 6158
f 6158 6138 6139
f 6158 6139 6140
f 6160 6159 6163
f 6160 6163 6161
f 6161 6163 6164
f 6161 6164 6162
f 6163 6159 6165
f 6163 6165 6164
f 6164 6165 6166
f 6164 6166 6162
f 6165 6159 6167
f 6165 6167 6166
f 6166 6167 6168
f 6166 6168 6162
f 6167 6159 6169
f 6167 6169 6168
f 6168 6169 6170
f 6168 6170 6162
f 6169 6159 6171
f 6169 6171 6170
f 6170 6171 6172
f 6170 6172 6162
f 6171 6159 6173
f 6171 6173 6172
f 6172 6173 6174
f 6172 6174 6162
f 6173 6159 6175
f 6173 6175 6174
f 6174 6175 6176
f 6174 6176 6162
f 6175 6159 6177
f 6175 6177 6176
f 6176 6177 6178
f 6176 6178 6162
f 6177 6159 6179
f 6177 6179 6178
f 6178 6179 6180
f 6178 6180 6162
f 6179 6159 6160
f 6179 6160 6180
f 6180 6160 6161
f 6180 6161 6162
f 6182 6181 6185
f 6182 6185 6183
f 6183 6185 6186
f 6183 6186 6184
f 6185 6181 6187
f 6185 6187 6186
f 6186 6187 6188
f 6186 6188 6184
f 6187 6181 6189
f 6187 6189 6188
f 6188 6189 6190
f 6188 6190 6184
f 6189 6181 6191
f 6189 6191 6190
f 6190 6191 6192
f 6190 6192 6184
f 6191 6181 6193
f 6191 6193 6192
f 6192 6193 6194
f 6192 6194 6184
f 6193 6181 6195
f 6193 6195 6194
f 6194 6195 6196
f 6194 6196 6184
f 6195 6181 6197
f 6195 6197 6196
f 6196 6197 6198
f 6196 6198 6184
f 6197 6181 6199
f 6197 6199 6198
f 6198 6199 6200
f 6198 6200 6184
f 6199 6181 6201
f 6199 6201 6200
f 6200 6201 6202
f 6200 6202 6184
f 6201 6181 6182
f 6201 6182 6202
f 6202 6182 6183
f 6202 6183 6184
f 6204 6203 6207
f 6204 6207 6205
f 6205 6207 6208
f 6205 6208 6206
f 6207 6203 6209
f 6207 6209 6208
f 6208 6209 6210
f 6208 6210 6206
f 6209 6203 6211
f 6209 6211 6210
f 6210 6211 6212
f 6210 6212 6206
f 6211 6203 6213
f 6211 6213 6212
f 6212 6213 6214
f 6212 6214 6206
f 6213 6203 6215
f 6213 6215 6214
f 6214 6215 6216
f 6214 6216 6206
f 6215 6203 6217
f 6215 6217 6216
f 6216 6217 6218
f 6216 6218 6206
f 6217 6203 6219
f 6217 6219 6218
f 6218 6219 6220
f 6218 6220 6206
f 6219 6203 6221
f 6219 6221 6220
f 6220 6221 6222
f 6220 6222 6206
f 6221 6203 6223
f 6221 6223 6222
f 6222 6223 6224
f 6222 6224 6206
f 6223 6203 6204
f 6223 6204 6224
f 6224 6204 6205
f 6224 6205 6206
f 6226 6225 6229
f 6226 6229 6227
f 6227 6229 6230
f 6227 6230 6228
f 6229 6225 6231
f 6229 6231 6230
f 6230 6231 6232
f 6230 6232 6228
f 6231 6225 6233
f 6231 6233 6232
f 6232 6233 6234
f 6232 6234 6228
f 6233 6225 6235
f 6233 6235 6234
f 6234 6235 6236
f 6234 6236 6228
f 6235 6225 6237
f 6235 6237 6236
f 6236 6237 6238
f 6236 6238 6228
f 6237 6225 6239
f 6237 6239 6238
f 6238 6239 6240
f 6238 6240 6228
f 6239 6225 6241
f 6239 6241 6240
f 6240 6241 6242
f 6240 6242 6228
f 6241 6225 6243
f 6241 6243 6242
f 6242 6243 6244
f 6242 6244 6228
f 6243 6225 6245
f 6243 6245 6244
f 6244 6245 6246
f 6244 6246 6228
f 6245 6225 6226
f 6245 6226 6246
f 6246 6226 6227
f 6246 6227 6228
f 6248 6247 6251
f 6248 6251 6249
f 6249 6251 6252
f 6249 6252 6250
f 6251 6247 6253
f 6251 6253 6252
f 6252 6253 6254
f 6252 6254 6250
f 6253 6247 6255
f 6253 6255 6254
f 6254 6255 6256
f 6254 6256 6250
f 6255 6247 6257
f 6255 6257 6256
f 6256 6257 6258
f 6256 6258 6250
f 6257 6247 6259
f 6257 6259 6258
f 6258 6259 6260
f 6258 6260 6250
f 6259 6247 6261
f 6259 6261 6260
f 6260 6261 6262
f 6260 6262 6250
f 6261 6247 6263
f 6261 6263 6262
f 6262 6263 6264
f 6262 6264 6250
f 6263 6247 6265
f 6263 6265 6264
f 6264 6265 6266
f 6264 6266 6250
f 6265 6247 6267
f 6265 6267 6266
f 6266 6267 6268
f 6266 6268 6250
f 6267 6247 6248
f 6267 6248 6268
f 6268 6248 6249
f 6268 6249 6250
f 6270 6269 6273
f 6270 6273 6271
f 6271 6273 6274
f 6271 6274 6272
f 6273 6269 6275
f 6273 6275 6274
f 6274 6275 6276
f 6274 6276 6272
f 6275 6269 6277
f 6275 6277 6276
f 6276 6277 6278
f 6276 6278 6272
f 6277 6269 6279
f 6277 6279 6278
f 6278 6279 6280
f 6278 6280 6272
f 6279 6269 6281
f 6279 6281 6280
f 6280 6281 6282
f 6280 6282 6272
f 6281 6269 6283
f 6281 6283 6282
f 6282 6283 6284
f 6282 6284 6272
f 6283 6269 6285
f 6283 6285 6284
f 6284 6285 6286
f 6284 6286 6272
f 6285 6269 6287
f 6285 6287 6286
f 6286 6287 6288
f 6286 6288 6272
f 6287 6269 6289
f 6287 6289 6288
f 6288 6289 6290
f 6288 6290 6272
f 6289 6269 6270
f 6289 6270 6290
f 6290 6270 6271
f 6290 6271 6272
f 6292 6291 6295
f 6292 6295 6293
f 6293 6295 6296
f 6293 6296 6294
f 6295 6291 6297
f 6295 6297 6296
f 6296 6297 6298
f 6296 6298 6294
f 6297 6291 6299
f 6297 6299 6298
f 6298 6299 6300
f 6298 6300 6294
f 6299 6291 6301
f 6299 6301 6300
f 6300 6301 6302
f 6300 6302 6294
f 6301 6291 6303
f 6301 6303 6302
f 6302 6303 6304
f 6302 6304 6294
f 6303 6291 6305
f 6303 6305 6304
f 6304 6305 6306
f 6304 6306 6294
f 6305 6291 6307
f 6305 6307 6306
f 6306 6307 6308
f 6306 6308 6294
f 6307 6291 6309
f 6307 6309 6308
f 6308 6309 6310
f 6308 6310 6294
f 6309 6291 6311
f 6309 6311 6310
f 6310 6311 6312
f 6310 6312 6294
f 6311 6291 6292
f 6311 6292 6312
f 6312 6292 6293
f 6312 6293 6294
f 6314 6313 6317
f 6314 6317 6315
f 6315 6317 6318
f 6315 6318 6316
f 6317 6313 6319
f 6317 6319 6318
f 6318 6319 6320
f 6318 6320 6316
f 6319 6313 6321
f 6319 6321 6320
f 6320 6321 6322
f 6320 6322 6316
f 6321 6313 6323
f 6321 6323 6322
f 6322 6323 6324
f 6322 6324 6316
f 6323 6313 6325
f 6323 6325 6324
f 6324 6325 6326
f 6324 6326 6316
f 6325 6313 6327
f 6325 6327 6326
f 6326 6327 6328
f 6326 6328 6316
f 6327 6313 6329
f 6327 6329 6328
f 6328 6329 6330
f 6328 6330 6316
f 6329 6313 6331
f 6329 6331 6330
f 6330 6331 6332
f 6330 6332 6316
f 6331 6313 6333
f 6331 6333 6332
f 6332 6333 6334
f 6332 6334 6316
f 6333 6313 6314
f 6333 6314 6334
f 6334 6314 6315
f 6334 6315 6316
f 6336 6335 6339
f 6336 6339 6337
f 6337 6339 6340
f 6337 6340 6338
f 6339 6335 6341
f 6339 6341 6340
f 6340 6341 6342
f 6340 6342 6338
f 6341 6335 6343
f 6341 6343 6342
f 6342 6343 6344
f 6342 6344 6338
f 6343 6335 6345
f 6343 6345 6344
f 6344 6345 6346
f 6344 6346 6338
f 6345 6335 6347
f 6345 6347 6346
f 6346 6347 6348
f 6346 6348 6338
f 6347 6335 6349
f 6347 6349 6348
f 6348 6349 6350
f 6348 6350 6338
f 6349 6335 6351
f 6349 6351 6350
f 6350 6351 6352
f 6350 6352 6338
f 6351 6335 6353
f 6351 6353 6352
f 6352 6353 6354
f 6352 6354 6338
f 6353 6335 6355
f 6353 6355 6354
f 6354 6355 6356
f 6354 6356 6338
f 6355 6335 6336
f 6355 6336 6356
f 6356 6336 6337
f 6356 6337 6338
f 6358 6357 6361
f 6358 6361 6359
f 6359 6361 6362
f 6359 6362 6360
f 6361 6357 6363
f 6361 6363 6362
f 6362 6363 6364
f 6362 6364 6360
f 6363 6357 6365
f 6363 6365 6364
f 6364 6365 6366
f 6364 6366 6360
f 6365 6357 6367
f 6365 6367 6366
f 6366 6367 6368
f 6366 6368 6360
f 6367 6357 6369
f 6367 6369 6368
f 6368 6369 6370
f 6368 6370 6360
f 6369 6357 6371
f 6369 6371 6370
f 6370 6371 6372
f 6370 6372 6360
f 6371 6357 6373
f 6371 6373 6372
f 6372 6373 6374
f 6372 6374 6360
f 6373 6357 6375
f 6373 6375 6374
f 6374 6375 6376
f 6374 6376 6360
f 6375 6357 6377
f 6375 6377 6376
f 6376 6377 6378
f 6376 6378 6360
f 6377 6357 6358
f 6377 6358 6378
f 6378 6358 6359
f 6378 6359 6360
f 6380 6379 6383
f 6380 6383 6381
f 6381 6383 6384
f 6381 6384 6382
f 6383 6379 6385
f 6383 6385 6384
f 6384 6385 6386
f 6384 6386 6382
f 6385 6379 6387
f 6385 6387 6386
f 6386 6387 6388
f 6386 6388 6382
f 6387 6379 6389
f 6387 6389 6388
f 6388 6389 6390
f 6388 6390 6382
f 6389 6379 6391
f 6389 6391 6390
f 6390 6391 6392
f 6390 6392 6382
f 6391 6379 6393
f 6391 6393 6392
f 6392 6393 6394
f 6392 6394 6382
f 6393 6379 6395
f 6393 6395 6394
f 6394 6395 6396
f 6394 6396 6382
f 6395 6379 6397
f 6395 6397 6396
f 6396 6397 6398
f 6396 6398 6382
f 6397 6379 6399
f 6397 6399 6398
f 6398 6399 6400
f 6398 6400 6382
f 6399 6379 6380
f 6399 6380 6400
f 6400 6380 6381
f 6400 6381 6382
f 6402 6401 6405
f 6402 6405 6403
f 6403 6405 6406
f 6403 6406 6404
f 6405 6401 6407
f 6405 6407 6406
f 6406 6407 6408
f 6406 6408 6404
f 6407 6401 6409
f 6407 6409 6408
f 6408 6409 6410
f 6408 6410 6404
f 6409 6401 6411
f 6409 6411 6410
f 6410 6411 6412
f 6410 6412 6404
f 6411 6401 6413
f 6411 6413 6412
f 6412 6413 6414
f 6412 6414 6404
f 6413 6401 6415
f 6413 6415 6414
f 6414 6415 6416
f 6414 6416 6404
f 6415 6401 6417
f 6415 6417 6416
f 6416 6417 6418
f 6416 6418 6404
f 6417 6401 6419
f 6417 6419 6418
f 6418 6419 6420
f 6418 6420 6404
f 6419 6401 6421
f 6419 6421 6420
f 6420 6421 6422
f 6420 6422 6404
f 6421 6401 6402
f 6421 6402 6422
f 6422 6402 6403
f 6422 6403 6404
f 6424 6423 6427
f 6424 6427 6425
f 6425 6427 6428
f 6425 6428 6426
f 6427 6423 6429
f 6427 6429 6428
f 6428 6429 6430
f 6428 6430 6426
f 6429 6423 6431
f 6429 6431 6430
f 6430 6431 6432
f 6430 6432 6426
f 6431 6423 6433
f 6431 6433 6432
f 6432 6433 6434
f 6432 6434 6426
f 6433 6423 6435
f 6433 6435 6434
f 6434 6435 6436
f 6434 6436 6426
f 6435 6423 6437
f 6435 6437 6436
f 6436 6437 6438
f 6436 6438 6426
f 6437 6423 6439
f 6437 6439 6438
f 6438 6439 6440
f 6438 6440 6426
f 6439 6423 6441
f 6439 6441 6440
f 6440 6441 6442
f 6440 6442 6426
f 6441 6423 6443
f 6441 6443 6442
f 6442 6443 6444
f 6442 6444 6426
f 6443 6423 6424
f 6443 6424 6444
f 6444 6424 6425
f 6444 6425 6426
f 6446 6445 6449
f 6446 6449 6447
f 6447 6449 6450
f 6447 6450 6448
f 6449 6445 6451
f 6449 6451 6450
f 6450 6451 6452
f 6450 6452 6448
f 6451 6445 6453
f 6451 6453 6452
f 6452 6453 6454
f 6452 6454 6448
f 6453 6445 6455
f 6453 6455 6454
f 6454 6455 6456
f 6454 6456 6448
f 6455 6445 6457
f 6455 6457 6456
f 6456 6457 6458
f 6456 6458 6448
f 6457 6445 6459
f 6457 6459 6458
f 6458 6459 6460
f 6458 6460 6448
f 6459 6445 6461
f 6459 6461 6460
f 6460 6461 6462
f 6460 6462 6448
f 6461 6445 6463
f 6461 6463 6462
f 6462 6463 6464
f 6462 6464 6448
f 6463 6445 6465
f 6463 6465 6464
f 6464 6465 6466
f 6464 6466 6448
f 6465 6445 6446
f 6465 6446 6466
f 6466 6446 6447
f 6466 6447 6448
f 6468 6467 6471
f 6468 6471 6469
f 6469 6471 6472
f 6469 6472 6470
f 6471 6467 6473
f 6471 6473 6472
f 6472 6473 6474
f 6472 6474 6470
f 6473 6467 6475
f 6473 6475 6474
f 6474 6475 6476
f 6474 6476 6470
f 6475 6467 6477
f 6475 6477 6476
f 6476 6477 6478
f 6476 6478 6470
f 6477 6467 6479
f 6477 6479 6478
f 6478 6479 6480
f 6478 6480 6470
f 6479 6467 6481
f 6479 6481 6480
f 6480 6481 6482
f 6480 6482 6470
f 6481 6467 6483
f 6481 6483 6482
f 6482 6483 6484
f 6482 6484 6470
f 6483 6467 6485
f 6483 6485 6484
f 6484 6485 6486
f 6484 6486 6470
f 6485 6467 6487
f 6485 6487 6486
f 6486 6487 6488
f 6486 6488 6470
f 6487 6467 6468
f 6487 6468 6488
f 6488 6468 6469
f 6488 6469 6470
f 6490 6489 6493
f 6490 6493 6491
f 6491 6493 6494
f 6491 6494 6492
f 6493 6489 6495
f 6493 6495 6494
f 6494 6495 6496
f 6494 6496 6492
f 6495 6489 6497
f 6495 6497 6496
f 6496 6497 6498
f 6496 6498 6492
f 6497 6489 6499
f 6497 6499 6498
f 6498 6499 6500
f 6498 6500 6492
f 6499 6489 6501
f 6499 6501 6500
f 6500 6501 6502
f 6500 6502 6492
f 6501 6489 6503
f 6501 6503 6502
f 6502 6503 6504
f 6502 6504 6492
f 6503 6489 6505
f 6503 6505 6504
f 6504 6505 6506
f 6504 6506 6492
f 6505 6489 6507
f 6505 6507 6506
f 6506 6507 6508
f 6506 6508 6492
f 6507 6489 6509
f 6507 6509 6508
f 6508 6509 6510
f 6508 6510 6492
f 6509 6489 6490
f 6509 6490 6510
f 6510 6490 6491
f 6510 6491 6492
f 6512 6511 6515
f 6512 6515 6513
f 6513 6515 6516
f 6513 6516 6514
f 6515 6511 6517
f 6515 6517 6516
f 6516 6517 6518
f 6516 6518 6514
f 6517 6511 6519
f 6517 6519 6518
f 6518 6519 6520
f 6518 6520 6514
f 6519 6511 6521
f 6519 6521 6520
f 6520 6521 6522
f 6520 6522 6514
f 6521 6511 6523
f 6521 6523 6522
f 6522 6523 6524
f 6522 6524 6514
f 6523 6511 6525
f 6523 6525 6524
f 6524 6525 6526
f 6524 6526 6514
f 6525 6511 6527
f 6525 6527 6526
f 6526 6527 6528
f 6526 6528 6514
f 6527 6511 6529
f 6527 6529 6528
f 6528 6529 6530
f 6528 6530 6514
f 6529 6511 6531
f 6529 6531 6530
f 6530 6531 6532
f 6530 6532 6514
f 6531 6511 6512
f 6531 6512 6532
f 6532 6512 6513
f 6532 6513 6514
f 6534 6533 6537
f 6534 6537 6535
f 6535 6537 6538
f 6535 6538 6536
f 6537 6533 6539
f 6537 6539 6538
f 6538 6539 6540
f 6538 6540 6536
f 6539 6533 6541
f 6539 6541 6540
f 6540 6541 6542
f 6540 6542 6536
f 6541 6533 6543
f 6541 6543 6542
f 6542 6543 6544
f 6542 6544 6536
f 6543 6533 6545
f 6543 6545 6544
f 6544 6545 6546
f 6544 6546 6536
f 6545 6533 6547
f 6545 6547 6546
f 6546 6547 6548
f 6546 6548 6536
f 6547 6533 6549
f 6547 6549 6548
f 6548 6549 6550
f 6548 6550 6536
f 6549 6533 6551
f 6549 6551 6550
f 6550 6551 6552
f 6550 6552 6536
f 6551 6533 6553
f 6551 6553 6552
f 6552 6553 6554
f 6552 6554 6536
f 6553 6533 6534
f 6553 6534 6554
f 6554 6534 6535
f 6554 6535 6536
f 6556 6555 6559
f 6556 6559 6557
f 6557 6559 6560
f 6557 6560 6558
f 6559 6555 6561
f 6559 6561 6560
f 6560 6561 6562
f 6560 6562 6558
f 6561 6555 6563
f 6561 6563 6562
f 6562 6563 6564
f 6562 6564 6558
f 6563 6555 6565
f 6563 6565 6564
f 6564 6565 6566
f 6564 6566 6558
f 6565 6555 6567
f 6565 6567 6566
f 6566 6567 6568
f 6566 6568 6558
f 6567 6555 6569
f 6567 6569 6568
f 6568 6569 6570
f 6568 6570 6558
f 6569 6555 6571
f 6569 6571 6570
f 6570 6571 6572
f 6570 6572 6558
f 6571 6555 6573
f 6571 6573 6572
f 6572 6573 6574
f 6572 6574 6558
f 6573 6555 6575
f 6573 6575 6574
f 6574 6575 6576
f 6574 6576 6558
f 6575 6555 6556
f 6575 6556 6576
f 6576 6556 6557
f 6576 6557 6558
f 6578 6577 6581
f 6578 6581 6579
f 6579 6581 6582
f 6579 6582 6580
f 6581 6577 6583
f 6581 6583 6582
f 6582 6583 6584
f 6582 6584 6580
f 6583 6577 6585
f 6583 6585 6584
f 6584 6585 6586
f 6584 6586 6580
f 6585 6577 6587
f 6585 6587 6586
f 6586 6587 6588
f 6586 6588 6580
f 6587 6577 6589
f 6587 6589 6588
f 6588 6589 6590
f 6588 6590 6580
f 6589 6577 6591
f 6589 6591 6590
f 6590 6591 6592
f 6590 6592 6580
f 6591 6577 6593
f 6591 6593 6592
f 6592 6593 6594
f 6592 6594 6580
f 6593 6577 6595
f 6593 6595 6594
f 6594 6595 6596
f 6594 6596 6580
f 6595 6577 6597
f 6595 6597 6596
f 6596 6597 6598
f 6596 6598 6580
f 6597 6577 6578
f 6597 6578 6598
f 6598 6578 6579
f 6598 6579 6580
f 6600 6599 6603
f 6600 6603 6601
f 6601 6603 6604
f 6601 6604 6602
f 6603 6599 6605
f 6603 6605 6604
f 6604 6605 6606
f 6604 6606 6602
f 6605 6599 6607
f 6605 6607 6606
f 6606 6607 6608
f 6606 6608 6602
f 6607 6599 6609
f 6607 6609 6608
f 6608 6609 6610
f 6608 6610 6602
f 6609 6599 6611
f 6609 6611 6610
f 6610 6611 6612
f 6610 6612 6602
f 6611 6599 6613
f 6611 6613 6612
f 6612 6613 6614
f 6612 6614 6602
f 6613 6599 6615
f 6613 6615 6614
f 6614 6615 6616
f 6614 6616 6602
f 6615 6599 6617
f 6615 6617 6616
f 6616 6617 6618
f 6616 6618 6602
f 6617 6599 6619
f 6617 6619 6618
f 6618 6619 6620
f 6618 6620 6602
f 6619 6599 6600
f 6619 6600 6620
f 6620 6600 6601
f 6620 6601 6602
f 6622 6621 6625
f 6622 6625 6623
f 6623 6625 6626
f 6623 6626 6624
f 6625 6621 6627
f 6625 6627 6626
f 6626 6627 6628
f 6626 6628 6624
f 6627 6621 6629
f 6627 6629 6628
f 6628 6629 6630
f 6628 6630 6624
f 6629 6621 6631
f 6629 6631 6630
f 6630 6631 6632
f 6630 6632 6624
f 6631 6621 6633
f 6631 6633 6632
f 6632 6633 6634
f 6632 6634 6624
f 6633 6621 6635
f 6633 6635 6634
f 6634 6635 6636
f 6634 6636 6624
f 6635 6621 6637
f 6635 6637 6636
f 6636 6637 6638
f 6636 6638 6624
f 6637 6621 6639
f 6637 6639 6638
f 6638 6639 6640
f 6638 6640 6624
f 6639 6621 6641
f 6639 6641 6640
f 6640 6641 6642
f 6640 6642 6624
f 6641 6621 6622
f 6641 6622 6642
f 6642 6622 6623
f 6642 6623 6624
f 6644 6643 6647
f 6644 6647 6645
f 6645 6647 6648
f 6645 6648 6646
f 6647 6643 6649
f 6647 6649 6648
f 6648 6649 6650
f 6648 6650 6646
f 6649 6643 6651
f 6649 6651 6650
f 6650 6651 6652
f 6650 6652 6646
f 6651 6643 6653
f 6651 6653 6652
f 6652 6653 6654
f 6652 6654 6646
f 6653 6643 6655
f 6653 6655 6654
f 6654 6655 6656
f 6654 6656 6646
f 6655 6643 6657
f 6655 6657 6656
f 6656 6657 6658
f 6656 6658 6646
f 6657 6643 6659
f 6657 6659 6658
f 6658 6659 6660
f 6658 6660 6646
f 6659 6643 6661
f 6659 6661 6660
f 6660 6661 6662
f 6660 6662 6646
f 6661 6643 6663
f 6661 6663 6662
f 6662 6663 6664
f 6662 6664 6646
f 6663 6643 6644
f 6663 6644 6664
f 6664 6644 6645
f 6664 6645 6646
f 6666 6665 6669
f 6666 6669 6667
f 6667 6669 6670
f 6667 6670 6668
f 6669 6665 6671
f 6669 6671 6670
f 6670 6671 6672
f 6670 6672 6668
f 6671 6665 6673
f 6671 6673 6672
f 6672 6673 6674
f 6672 6674 6668
f 6673 6665 6675
f 6673 6675 6674
f 6674 6675 6676
f 6674 6676 6668
f 6675 6665 6677
f 6675 6677 6676
f 6676 6677 6678
f 6676 6678 6668
f 6677 6665 6679
f 6677 6679 6678
f 6678 6679 6680
f 6678 6680 6668
f 6679 6665 6681
f 6679 6681 6680
f 6680 6681 6682
f 6680 6682 6668
f 6681 6665 6683
f 6681 6683 6682
f 6682 6683 6684
f 6682 6684 6668
f 6683 6665 6685
f 6683 6685 6684
f 6684 6685 6686
f 6684 6686 6668
f 6685 6665 6666
f 6685 6666 6686
f 6686 6666 6667
f 6686 6667 6668
f 6688 6687 6691
f 6688 6691 6689
f 6689 6691 6692
f 6689 6692 6690
f 6691 6687 6693
f 6691 6693 6692
f 6692 6693 6694
f 6692 6694 6690
f 6693 6687 6695
f 6693 6695 6694
f 6694 6695 6696
f 6694 6696 6690
f 6695 6687 6697
f 6695 6697 6696
f 6696 6697 6698
f 6696 6698 6690
f 6697 6687 6699
f 6697 6699 6698
f 6698 6699 6700
f 6698 6700 6690
f 6699 6687 6701
f 6699 6701 6700
f 6700 6701 6702
f 6700 6702 6690
f 6701 6687 6703
f 6701 6703 6702
f 6702 6703 6704
f 6702 6704 6690
f 6703 6687 6705
f 6703 6705 6704
f 6704 6705 6706
f 6704 6706 6690
f 6705 6687 6707
f 6705 6707 6706
f 6706 6707 6708
f 6706 6708 6690
f 6707 6687 6688
f 6707 6688 6708
f 6708 6688 6689
f 6708 6689 6690
f 6710 6709 6713
f 6710 6713 6711
f 6711 6713 6714
f 6711 6714 6712
f 6713 6709 6715
f 6713 6715 6714
f 6714 6715 6716
f 6714 6716 6712
f 6715 6709 6717
f 6715 6717 6716
f 6716 6717 6718
f 6716 6718 6712
f 6717 6709 6719
f 6717 6719 6718
f 6718 6719 6720
f 6718 6720 6712
f 6719 6709 6721
f 6719 6721 6720
f 6720 6721 6722
f 6720 6722 6712
f 6721 6709 6723
f 6721 6723 6722
f 6722 6723 6724
f 6722 6724 6712
f 6723 6709 6725
f 6723 6725 6724
f 6724 6725 6726
f 6724 6726 6712
f 6725 6709 6727
f 6725 6727 6726
f 6726 6727 6728
f 6726 6728 6712
f 6727 6709 6729
f 6727 6729 6728
f 6728 6729 6730
f 6728 6730 6712
f 6729 6709 6710
f 6729 6710 6730
f 6730 6710 6711
f 6730 6711 6712
f 6732 6731 6735
f 6732 6735 6733
f 6733 6735 6736
f 6733 6736 6734
f 6735 6731 6737
f 6735 6737 6736
f 6736 6737 6738
f 6736 6738 6734
f 6737 6731 6739
f 6737 6739 6738
f 6738 6739 6740
f 6738 6740 6734
f 6739 6731 6741
f 6739 6741 6740
f 6740 6741 6742
f 6740 6742 6734
f 6741 6731 6743
f 6741 6743 6742
f 6742 6743 6744
f 6742 6744 6734
f 6743 6731 6745
f 6743 6745 6744
f 6744 6745 6746
f 6744 6746 6734
f 6745 6731 6747
f 6745 6747 6746
f 6746 6747 6748
f 6746 6748 6734
f 6747 6731 6749
f 6747 6749 6748
f 6748 6749 6750
f 6748 6750 6734
f 6749 6731 6751
f 6749 6751 6750
f 6750 6751 6752
f 6750 6752 6734
f 6751 6731 6732
f 6751 6732 6752
f 6752 6732 6733
f 6752 6733 6734
f 6754 6753 6757
f 6754 6757 6755
f 6755 6757 6758
f 6755 6758 6756
f 6757 6753 6759
f 6757 6759 6758
f 6758 6759 6760
f 6758 6760 6756
f 6759 6753 6761
f 6759 6761 6760
f 6760 6761 6762
f 6760 6762 6756
f 6761 6753 6763
f 6761 6763 6762
f 6762 6763 6764
f 6762 6764 6756
f 6763 6753 6765
f 6763 6765 6764
f 6764 6765 6766
f 6764 6766 6756
f 6765 6753 6767
f 6765 6767 6766
f 6766 6767 6768
f 6766 6768 6756
f 6767 6753 6769
f 6767 6769 6768
f 6768 6769 6770
f 6768 6770 6756
f 6769 6753 6771
f 6769 6771 6770
f 6770 6771 6772
f 6770 6772 6756
f 6771 6753 6773
f 6771 6773 6772
f 6772 6773 6774
f 6772 6774 6756
f 6773 6753 6754
f 6773 6754 6774
f 6774 6754 6755
f 6774 6755 6756
f 6776 6775 6779
f 6776 6779 6777
f 6777 6779 6780
f 6777 6780 6778
f 6779 6775 6781
f 6779 6781 6780
f 6780 6781 6782
f 6780 6782 6778
f 6781 6775 6783
f 6781 6783 6782
f 6782 6783 6784
f 6782 6784 6778
f 6783 6775 6785
f 6783 6785 6784
f 6784 6785 6786
f 6784 6786 6778
f 6785 6775 6787
f 6785 6787 6786
f 6786 6787 6788
f 6786 6788 6778
f 6787 6775 6789
f 6787 6789 6788
f 6788 6789 6790
f 6788 6790 6778
f 6789 6775 6791
f 6789 6791 6790
f 6790 6791 6792
f 6790 6792 6778
f 6791 6775 6793
f 6791 6793 6792
f 6792 6793 6794
f 6792 6794 6778
f 6793 6775 6795
f 6793 6795 6794
f 6794 6795 6796
f 6794 6796 6778
f 6795 6775 6776
f 6795 6776 6796
f 6796 6776 6777
f 6796 6777 6778
f 6798 6797 6801
f 6798 6801 6799
f 6799 6801 6802
f 6799 6802 6800
f 6801 6797 6803
f 6801 6803 6802
f 6802 6803 6804
f 6802 6804 6800
f 6803 6797 6805
f 6803 6805 6804
f 6804 6805 6806
f 6804 6806 6800
f 6805 6797 6807
f 6805 6807 6806
f 6806 6807 6808
f 6806 6808 6800
f 6807 6797 6809
f 6807 6809 6808
f 6808 6809 6810
f 6808 6810 6800
f 6809 6797 6811
f 6809 6811 6810
f 6810 6811 6812
f 6810 6812 6800
f 6811 6797 6813
f 6811 6813 6812
f 6812 6813 6814
f 6812 6814 6800
f 6813 6797 6815
f 6813 6815 6814
f 6814 6815 6816
f 6814 6816 6800
f 6815 6797 6817
f 6815 6817 6816
f 6816 6817 6818
f 6816 6818 6800
f 6817 6797 6798
f 6817 6798 6818
f 6818 6798 6799
f 6818 6799 6800
f 6820 6819 6823
f 6820 6823 6821
f 6821 6823 6824
f 6821 6824 6822
f 6823 6819 6825
f 6823 6825 6824
f 6824 6825 6826
f 6824 6826 6822
f 6825 6819 6827
f 6825 6827 6826
f 6826 6827 6828
f 6826 6828 6822
f 6827 6819 6829
f 6827 6829 6828
f 6828 6829 6830
f 6828 6830 6822
f 6829 6819 6831
f 6829 6831 6830
f 6830 6831 6832
f 6830 6832 6822
f 6831 6819 6833
f 6831 6833 6832
f 6832 6833 6834
f 6832 6834 6822
f 6833 6819 6835
f 6833 6835 6834
f 6834 6835 6836
f 6834 6836 6822
f 6835 6819 6837
f 6835 6837 6836
f 6836 6837 6838
f 6836 6838 6822
f 6837 6819 6839
f 6837 6839 6838
f 6838 6839 6840
f 6838 6840 6822
f 6839 6819 6820
f 6839 6820 6840
f 6840 6820 6821
f 6840 6821 6822
f 6842 6841 6845
f 6842 6845 6843
f 6843 6845 6846
f 6843 6846 6844
f 6845 6841 6847
f 6845 6847 6846
f 6846 6847 6848
f 6846 6848 6844
f 6847 6841 6849
f 6847 6849 6848
f 6848 6849 6850
f 6848 6850 6844
f 6849 6841 6851
f 6849 6851 6850
f 6850 6851 6852
f 6850 6852 6844
f 6851 6841 6853
f 6851 6853 6852
f 6852 6853 6854
f 6852 6854 6844
f 6853 6841 6855
f 6853 6855 6854
f 6854 6855 6856
f 6854 6856 6844
f 6855 6841 6857
f 6855 6857 6856
f 6856 6857 6858
f 6856 6858 6844
f 6857 6841 6859
f 6857 6859 6858
f 6858 6859 6860
f 6858 6860 6844
f 6859 6841 6861
f 6859 6861 6860
f 6860 6861 6862
f 6860 6862 6844
f 6861 6841 6842
f 6861 6842 6862
f 6862 6842 6843
f 6862 6843 6844
f 6864 6863 6867
f 6864 6867 6865
f 6865 6867 6868
f 6865 6868 6866
f 6867 6863 6869
f 6867 6869 6868
f 6868 6869 6870
f 6868 6870 6866
f 6869 6863 6871
f 6869 6871 6870
f 6870 6871 6872
f 6870 6872 6866
f 6871 6863 6873
f 6871 6873 6872
f 6872 6873 6874
f 6872 6874 6866
f 6873 6863 6875
f 6873 6875 6874
f 6874 6875 6876
f 6874 6876 6866
f 6875 6863 6877
f 6875 6877 6876
f 6876 6877 6878
f 6876 6878 6866
f 6877 6863 6879
f 6877 6879 6878
f 6878 6879 6880
f 6878 6880 6866
f 6879 6863 6881
f 6879 6881 6880
f 6880 6881 6882
f 6880 6882 6866
f 6881 6863 6883
f 6881 6883 6882
f 6882 6883 6884
f 6882 6884 6866
f 6883 6863 6864
f 6883 6864 6884
f 6884 6864 6865
f 6884 6865 6866
f 6886 6885 6889
f 6886 6889 6887
f 6887 6889 6890
f 6887 6890 6888
f 6889 6885 6891
f 6889 6891 6890
f 6890 6891 6892
f 6890 6892 6888
f 6891 6885 6893
f 6891 6893 6892
f 6892 6893 6894
f 6892 6894 6888
f 6893 6885 6895
f 6893 6895 6894
f 6894 6895 6896
f 6894 6896 6888
f 6895 6885 6897
f 6895 6897 6896
f 6896 6897 6898
f 6896 6898 6888
f 6897 6885 6899
f 6897 6899 6898
f 6898 6899 6900
f 6898 6900 6888
f 6899 6885 6901
f 6899 6901 6900
f 6900 6901 6902
f 6900 6902 6888
f 6901 6885 6903
f 6901 6903 6902
f 6902 6903 6904
f 6902 6904 6888
f 6903 6885 6905
f 6903 6905 6904
f 6904 6905 6906
f 6904 6906 6888
f 6905 6885 6886
f 6905 6886 6906
f 6906 6886 6887
f 6906 6887 6888
f 6908 6907 6911
f 6908 6911 6909
f 6909 6911 6912
f 6909 6912 6910
f 6911 6907 6913
f 6911 6913 6912
f 6912 6913 6914
f 6912 6914 6910
f 6913 6907 6915
f 6913 6915 6914
f 6914 6915 6916
f 6914 6916 6910
f 6915 6907 6917
f 6915 6917 6916
f 6916 6917 6918
f 6916 6918 6910
f 6917 6907 6919
f 6917 6919 6918
f 6918 6919 6920
f 6918 6920 6910
f 6919 6907 6921
f 6919 6921 6920
f 6920 6921 6922
f 6920 6922 6910
f 6921 6907 6923
f 6921 6923 6922
f 6922 6923 6924
f 6922 6924 6910
f 6923 6907 6925
f 6923 6925 6924
f 6924 6925 6926
f 6924 6926 6910
f 6925 6907 6927
f 6925 6927 6926
f 6926 6927 6928
f 6926 6928 6910
f 6927 6907 6908
f 6927 6908 6928
f 6928 6908 6909
f 6928 6909 6910
f 6930 6929 6933
f 6930 6933 6931
f 6931 6933 6934
f 6931 6934 6932
f 6933 6929 6935
f 6933 6935 6934
f 6934 6935 6936
f 6934 6936 6932
f 6935 6929 6937
f 6935 6937 6936
f 6936 6937 6938
f 6936 6938 6932
f 6937 6929 6939
f 6937 6939 6938
f 6938 6939 6940
f 6938 6940 6932
f 6939 6929 6941
f 6939 6941 6940
f 6940 6941 6942
f 6940 6942 6932
f 6941 6929 6943
f 6941 6943 6942
f 6942 6943 6944
f 6942 6944 6932
f 6943 6929 6945
f 6943 6945 6944
f 6944 6945 6946
f 6944 6946 6932
f 6945 6929 6947
f 6945 6947 6946
f 6946 6947 6948
f 6946 6948 6932
f 6947 6929 6949
f 6947 6949 6948
f 6948 6949 6950
f 6948 6950 6932
f 6949 6929 6930
f 6949 6930 6950
f 6950 6930 6931
f 6950 6931 6932
f 6952 6951 6955
f 6952 6955 6953
f 6953 6955 6956
f 6953 6956 6954
f 6955 6951 6957
f 6955 6957 6956
f 6956 6957 6958
f 6956 6958 6954
f 6957 6951 6959
f 6957 6959 6958
f 6958 6959 6960
f 6958 6960 6954
f 6959 6951 6961
f 6959 6961 6960
f 6960 6961 6962
f 6960 6962 6954
f 6961 6951 6963
f 6961 6963 6962
f 6962 6963 6964
f 6962 6964 6954
f 6963 6951 6965
f 6963 6965 6964
f 6964 6965 6966
f 6964 6966 6954
f 6965 6951 6967
f 6965 6967 6966
f 6966 6967 6968
f 6966 6968 6954
f 6967 6951 6969
f 6967 6969 6968
f 6968 6969 6970
f 6968 6970 6954
f 6969 6951 6971
f 6969 6971 6970
f 6970 6971 6972
f 6970 6972 6954
f 6971 6951 6952
f 6971 6952 6972
f 6972 6952 6953
f 6972 6953 6954
f 6974 6973 6977
f 6974 6977 6975
f 6975 6977 6978
f 6975 6978 6976
f 6977 6973 6979
f 6977 6979 6978
f 6978 6979 6980
f 6978 6980 6976
f 6979 6973 6981
f 6979 6981 6980
f 6980 6981 6982
f 6980 6982 6976
f 6981 6973 6983
f 6981 6983 6982
f 6982 6983 6984
f 6982 6984 6976
f 6983 6973 6985
f 6983 6985 6984
f 6984 6985 6986
f 6984 6986 6976
f 6985 6973 6987
f 6985 6987 6986
f 6986 6987 6988
f 6986 6988 6976
f 6987 6973 6989
f 6987 6989 6988
f 6988 6989 6990
f 6988 6990 6976
f 6989 6973 6991
f 6989 6991 6990
f 6990 6991 6992
f 6990 6992 6976
f 6991 6973 6993
f 6991 6993 6992
f 6992 6993 6994
f 6992 6994 6976
f 6993 6973 6974
f 6993 6974 6994
f 6994 6974 6975
f 6994 6975 6976
f 6996 6995 6999
f 6996 6999 6997
f 6997 6999 7000
f 6997 7000 6998
f 6999 6995 7001
f 6999 7001 7000
f 7000 7001 7002
f 7000 7002 6998
f 7001 6995 7003
f 7001 7003 7002
f 7002 7003 7004
f 7002 7004 6998
f 7003 6995 7005
f 7003 7005 7004
f 7004 7005 7006
f 7004 7006 6998
f 7005 6995 7007
f 7005 7007 7006
f 7006 7007 7008
f 7006 7008 6998
f 7007 6995 7009
f 7007 7009 7008
f 7008 7009 7010
f 7008 7010 6998
f 7009 6995 7011
f 7009 7011 7010
f 7010 7011 7012
f 7010 7012 6998
f 7011 6995 7013
f 7011 7013 7012
f 7012 7013 7014
f 7012 7014 6998
f 7013 6995 7015
f 7013 7015 7014
f 7014 7015 7016
f 7014 7016 6998
f 7015 6995 6996
f 7015 6996 7016
f 7016 6996 6997
f 7016 6997 6998
f 7018 7017 7021
f 7018 7021 7019
f 7019 7021 7022
f 7019 7022 7020
f 7021 7017 7023
f 7021 7023 7022
f 7022 7023 7024
f 7022 7024 7020
f 7023 7017 7025
f 7023 7025 7024
f 7024 7025 7026
f 7024 7026 7020
f 7025 7017 7027
f 7025 7027 7026
f 7026 7027 7028
f 7026 7028 7020
f 7027 7017 7029
f 7027 7029 7028
f 7028 7029 7030
f 7028 7030 7020
f 7029 7017 7031
f 7029 7031 7030
f 7030 7031 7032
f 7030 7032 7020
f 7031 7017 7033
f 7031 7033 7032
f 7032 7033 7034
f 7032 7034 7020
f 7033 7017 7035
f 7033 7035 7034
f 7034 7035 7036
f 7034 7036 7020
f 7035 7017 7037
f 7035 7037 7036
f 7036 7037 7038
f 7036 7038 7020
f 7037 7017 7018
f 7037 7018 7038
f 7038 7018 7019
f 7038 7019 7020
f 7040 7039 7043
f 7040 7043 7041
f 7041 7043 7044
f 7041 7044 7042
f 7043 7039 7045
f 7043 7045 7044
f 7044 7045 7046
f 7044 7046 7042
f 7045 7039 7047
f 7045 7047 7046
f 7046 7047 7048
f 7046 7048 7042
f 7047 7039 7049
f 7047 7049 7048
f 7048 7049 7050
f 7048 7050 7042
f 7049 7039 7051
f 7049 7051 7050
f 7050 7051 7052
f 7050 7052 7042
f 7051 7039 7053
f 7051 7053 7052
f 7052 7053 7054
f 7052 7054 7042
f 7053 7039 7055
f 7053 7055 7054
f 7054 7055 7056
f 7054 7056 7042
f 7055 7039 7057
f 7055 7057 7056
f 7056 7057 7058
f 7056 7058 7042
f 7057 7039 7059
f 7057 7059 7058
f 7058 7059 7060
f 7058 7060 7042
f 7059 7039 7040
f 7059 7040 7060
f 7060 7040 7041
f 7060 7041 7042
f 7062 7061 7065
f 7062 7065 7063
f 7063 7065 7066
f 7063 7066 7064
f 7065 7061 7067
f 7065 7067 7066
f 7066 7067 7068
f 7066 7068 7064
f 7067 7061 7069
f 7067 7069 7068
f 7068 7069 7070
f 7068 7070 7064
f 7069 7061 7071
f 7069 7071 7070
f 7070 7071 7072
f 7070 7072 7064
f 7071 7061 7073
f 7071 7073 7072
f 7072 7073 7074
f 7072 7074 7064
f 7073 7061 7075
f 7073 7075 7074
f 7074 7075 7076
f 7074 7076 7064
f 7075 7061 7077
f 7075 7077 7076
f 7076 7077 7078
f 7076 7078 7064
f 7077 7061 7079
f 7077 7079 7078
f 7078 7079 7080
f 7078 7080 7064
f 7079 7061 7081
f 7079 7081 7080
f 7080 7081 7082
f 7080 7082 7064
f 7081 7061 7062
f 7081 7062 7082
f 7082 7062 7063
f 7082 7063 7064
f 7084 7083 7087
f 7084 7087 7085
f 7085 7087 7088
f 7085 7088 7086
f 7087 7083 7089
f 7087 7089 7088
f 7088 7089 7090
f 7088 7090 7086
f 7089 7083 7091
f 7089 7091 7090
f 7090 7091 7092
f 7090 7092 7086
f 7091 7083 7093
f 7091 7093 7092
f 7092 7093 7094
f 7092 7094 7086
f 7093 7083 7095
f 7093 7095 7094
f 7094 7095 7096
f 7094 7096 7086
f 7095 7083 7097
f 7095 7097 7096
f 7096 7097 7098
f 7096 7098 7086
f 7097 7083 7099
f 7097 7099 7098
f 7098 7099 7100
f 7098 7100 7086
f 7099 7083 7101
f 7099 7101 7100
f 7100 7101 7102
f 7100 7102 7086
f 7101 7083 7103
f 7101 7103 7102
f 7102 7103 7104
f 7102 7104 7086
f 7103 7083 7084
f 7103 7084 7104
f 7104 7084 7085
f 7104 7085 7086
f 7106 7105 7109
f 7106 7109 7107
f 7107 7109 7110
f 7107 7110 7108
f 7109 7105 7111
f 7109 7111 7110
f 7110 7111 7112
f 7110 7112 7108
f 7111 7105 7113
f 7111 7113 7112
f 7112 7113 7114
f 7112 7114 7108
f 7113 7105 7115
f 7113 7115 7114
f 7114 7115 7116
f 7114 7116 7108
f 7115 7105 7117
f 7115 7117 7116
f 7116 7117 7118
f 7116 7118 7108
f 7117 7105 7119
f 7117 7119 7118
f 7118 7119 7120
f 7118 7120 7108
f 7119 7105 7121
f 7119 7121 7120
f 7120 7121 7122
f 7120 7122 7108
f 7121 7105 7123
f 7121 7123 7122
f 7122 7123 7124
f 7122 7124 7108
f 7123 7105 7125
f 7123 7125 7124
f 7124 7125 7126
f 7124 7126 7108
f 7125 7105 7106
f 7125 7106 7126
f 7126 7106 7107
f 7126 7107 7108
f 7128 7127 7131
f 7128 7131 7129
f 7129 7131 7132
f 7129 7132 7130
f 7131 7127 7133
f 7131 7133 7132
f 7132 7133 7134
f 7132 7134 7130
f 7133 7127 7135
f 7133 7135 7134
f 7134 7135 7136
f 7134 7136 7130
f 7135 7127 7137
f 7135 7137 7136
f 7136 7137 7138
f 7136 7138 7130
f 7137 7127 7139
f 7137 7139 7138
f 7138 7139 7140
f 7138 7140 7130
f 7139 7127 7141
f 7139 7141 7140
f 7140 7141 7142
f 7140 7142 7130
f 7141 7127 7143
f 7141 7143 7142
f 7142 7143 7144
f 7142 7144 7130
f 7143 7127 7145
f 7143 7145 7144
f 7144 7145 7146
f 7144 7146 7130
f 7145 7127 7147
f 7145 7147 7146
f 7146 7147 7148
f 7146 7148 7130
f 7147 7127 7128
f 7147 7128 7148
f 7148 7128 7129
f 7148 7129 7130
f 7150 7149 7153
f 7150 7153 7151
f 7151 7153 7154
f 7151 7154 7152
f 7153 7149 7155
f 7153 7155 7154
f 7154 7155 7156
f 7154 7156 7152
f 7155 7149 7157
f 7155 7157 7156
f 7156 7157 7158
f 7156 7158 7152
f 7157 7149 7159
f 7157 7159 7158
f 7158 7159 7160
f 7158 7160 7152
f 7159 7149 7161
f 7159 7161 7160
f 7160 7161 7162
f 7160 7162 7152
f 7161 7149 7163
f 7161 7163 7162
f 7162 7163 7164
f 7162 7164 7152
f 7163 7149 7165
f 7163 7165 7164
f 7164 7165 7166
f 7164 7166 7152
f 7165 7149 7167
f 7165 7167 7166
f 7166 7167 7168
f 7166 7168 7152
f 7167 7149 7169
f 7167 7169 7168
f 7168 7169 7170
f 7168 7170 7152
f 7169 7149 7150
f 7169 7150 7170
f 7170 7150 7151
f 7170 7151 7152
f 7172 7171 7175
f 7172 7175 7173
f 7173 7175 7176
f 7173 7176 7174
f 7175 7171 7177
f 7175 7177 7176
f 7176 7177 7178
f 7176 7178 7174
f 7177 7171 7179
f 7177 7179 7178
f 7178 7179 7180
f 7178 7180 7174
f 7179 7171 7181
f 7179 7181 7180
f 7180 7181 7182
f 7180 7182 7174
f 7181 7171 7183
f 7181 7183 7182
f 7182 7183 7184
f 7182 7184 7174
f 7183 7171 7185
f 7183 7185 7184
f 7184 7185 7186
f 7184 7186 7174
f 7185 7171 7187
f 7185 7187 7186
f 7186 7187 7188
f 7186 7188 7174
f 7187 7171 7189
f 7187 7189 7188
f 7188 7189 7190
f 7188 7190 7174
f 7189 7171 7191
f 7189 7191 7190
f 7190 7191 7192
f 7190 7192 7174
f 7191 7171 7172
f 7191 7172 7192
f 7192 7172 7173
f 7192 7173 7174
f 7194 7193 7197
f 7194 7197 7195
f 7195 7197 7198
f 7195 7198 7196
f 7197 7193 7199
f 7197 7199 7198
f 7198 7199 7200
f 7198 7200 7196
f 7199 7193 7201
f 7199 7201 7200
f 7200 7201 7202
f 7200 7202 7196
f 7201 7193 7203
f 7201 7203 7202
f 7202 7203 7204
f 7202 7204 7196
f 7203 7193 7205
f 7203 7205 7204
f 7204 7205 7206
f 7204 7206 7196
f 7205 7193 7207
f 7205 7207 7206
f 7206 7207 7208
f 7206 7208 7196
f 7207 7193 7209
f 7207 7209 7208
f 7208 7209 7210
f 7208 7210 7196
f 7209 7193 7211
f 7209 7211 7210
f 7210 7211 7212
f 7210 7212 7196
f 7211 7193 7213
f 7211 7213 7212
f 7212 7213 7214
f 7212 7214 7196
f 7213 7193 7194
f 7213 7194 7214
f 7214 7194 7195
f 7214 7195 7196
f 7216 7215 7219
f 7216 7219 7217
f 7217 7219 7220
f 7217 7220 7218
f 7219 7215 7221
f 7219 7221 7220
f 7220 7221 7222
f 7220 7222 7218
f 7221 7215 7223
f 7221 7223 7222
f 7222 7223 7224
f 7222 7224 7218
f 7223 7215 7225
f 7223 7225 7224
f 7224 7225 7226
f 7224 7226 7218
f 7225 7215 7227
f 7225 7227 7226
f 7226 7227 7228
f 7226 7228 7218
f 7227 7215 7229
f 7227 7229 7228
f 7228 7229 7230
f 7228 7230 7218
f 7229 7215 7231
f 7229 7231 7230
f 7230 7231 7232
f 7230 7232 7218
f 7231 7215 7233
f 7231 7233 7232
f 7232 7233 7234
f 7232 7234 7218
f 7233 7215 7235
f 7233 7235 7234
f 7234 7235 7236
f 7234 7236 7218
f 7235 7215 7216
f 7235 7216 7236
f 7236 7216 7217
f 7236 7217 7218
f 7238 7237 7241
f 7238 7241 7239
f 7239 7241 7242
f 7239 7242 7240
f 7241 7237 7243
f 7241 7243 7242
f 7242 7243 7244
f 7242 7244 7240
f 7243 7237 7245
f 7243 7245 7244
f 7244 7245 7246
f 7244 7246 7240
f 7245 7237 7247
f 7245 7247 7246
f 7246 7247 7248
f 7246 7248 7240
f 7247 7237 7249
f 7247 7249 7248
f 7248 7249 7250
f 7248 7250 7240
f 7249 7237 7251
f 7249 7251 7250
f 7250 7251 7252
f 7250 7252 7240
f 7251 7237 7253
f 7251 7253 7252
f 7252 7253 7254
f 7252 7254 7240
f 7253 7237 7255
f 7253 7255 7254
f 7254 7255 7256
f 7254 7256 7240
f 7255 7237 7257
f 7255 7257 7256
f 7256 7257 7258
f 7256 7258 7240
f 7257 7237 7238
f 7257 7238 7258
f 7258 7238 7239
f 7258 7239 7240
f 7260 7259 7263
f 7260 7263 7261
f 7261 7263 7264
f 7261 7264 7262
f 7263 7259 7265
f 7263 7265 7264
f 7264 7265 7266
f 7264 7266 7262
f 7265 7259 7267
f 7265 7267 7266
f 7266 7267 7268
f 7266 7268 7262
f 7267 7259 7269
f 7267 7269 7268
f 7268 7269 7270
f 7268 7270 7262
f 7269 7259 7271
f 7269 7271 7270
f 7270 7271 7272
f 7270 7272 7262
f 7271 7259 7273
f 7271 7273 7272
f 7272 7273 7274
f 7272 7274 7262
f 7273 7259 7275
f 7273 7275 7274
f 7274 7275 7276
f 7274 7276 7262
f 7275 7259 7277
f 7275 7277 7276
f 7276 7277 7278
f 7276 7278 7262
f 7277 7259 7279
f 7277 7279 7278
f 7278 7279 7280
f 7278 7280 7262
f 7279 7259 7260
f 7279 7260 7280
f 7280 7260 7261
f 7280 7261 7262
f 7282 7281 7285
f 7282 7285 7283
f 7283 7285 7286
f 7283 7286 7284
f 7285 7281 7287
f 7285 7287 7286
f 7286 7287 7288
f 7286 7288 7284
f 7287 7281 7289
f 7287 7289 7288
f 7288 7289 7290
f 7288 7290 7284
f 7289 7281 7291
f 7289 7291 7290
f 7290 7291 7292
f 7290 7292 7284
f 7291 7281 7293
f 7291 7293 7292
f 7292 7293 7294
f 7292 7294 7284
f 7293 7281 7295
f 7293 7295 7294
f 7294 7295 7296
f 7294 7296 7284
f 7295 7281 7297
f 7295 7297 7296
f 7296 7297 7298
f 7296 7298 7284
f 7297 7281 7299
f 7297 7299 7298
f 7298 7299 7300
f 7298 7300 7284
f 7299 7281 7301
f 7299 7301 7300
f 7300 7301 7302
f 7300 7302 7284
f 7301 7281 7282
f 7301 7282 7302
f 7302 7282 7283
f 7302 7283 7284
f 7304 7303 7307
f 7304 7307 7305
f 7305 7307 7308
f 7305 7308 7306
f 7307 7303 7309
f 7307 7309 7308
f 7308 7309 7310
f 7308 7310 7306
f 7309 7303 7311
f 7309 7311 7310
f 7310 7311 7312
f 7310 7312 7306
f 7311 7303 7313
f 7311 7313 7312
f 7312 7313 7314
f 7312 7314 7306
f 7313 7303 7315
f 7313 7315 7314
f 7314 7315 7316
f 7314 7316 7306
f 7315 7303 7317
f 7315 7317 7316
f 7316 7317 7318
f 7316 7318 7306
f 7317 7303 7319
f 7317 7319 7318
f 7318 7319 7320
f 7318 7320 7306
f 7319 7303 7321
f 7319 7321 7320
f 7320 7321 7322
f 7320 7322 7306
f 7321 7303 7323
f 7321 7323 7322
f 7322 7323 7324
f 7322 7324 7306
f 7323 7303 7304
f 7323 7304 7324
f 7324 7304 7305
f 7324 7305 7306
f 7326 7325 7329
f 7326 7329 7327
f 7327 7329 7330
f 7327 7330 7328
f 7329 7325 7331
f 7329 7331 7330
f 7330 7331 7332
f 7330 7332 7328
f 7331 7325 7333
f 7331 7333 7332
f 7332 7333 7334
f 7332 7334 7328
f 7333 7325 7335
f 7333 7335 7334
f 7334 7335 7336
f 7334 7336 7328
f 7335 7325 7337
f 7335 7337 7336
f 7336 7337 7338
f 7336 7338 7328
f 7337 7325 7339
f 7337 7339 7338
f 7338 7339 7340
f 7338 7340 7328
f 7339 7325 7341
f 7339 7341 7340
f 7340 7341 7342
f 7340 7342 7328
f 7341 7325 7343
f 7341 7343 7342
f 7342 7343 7344
f 7342 7344 7328
f 7343 7325 7345
f 7343 7345 7344
f 7344 7345 7346
f 7344 7346 7328
f 7345 7325 7326
f 7345 7326 7346
f 7346 7326 7327
f 7346 7327 7328
f 7348 7347 7351
f 7348 7351 7349
f 7349 7351 7352
f 7349 7352 7350
f 7351 7347 7353
f 7351 7353 7352
f 7352 7353 7354
f 7352 7354 7350
f 7353 7347 7355
f 7353 7355 7354
f 7354 7355 7356
f 7354 7356 7350
f 7355 7347 7357
f 7355 7357 7356
f 7356 7357 7358
f 7356 7358 7350
f 7357 7347 7359
f 7357 7359 7358
f 7358 7359 7360
f 7358 7360 7350
f 7359 7347 7361
f 7359 7361 7360
f 7360 7361 7362
f 7360 7362 7350
f 7361 7347 7363
f 7361 7363 7362
f 7362 7363 7364
f 7362 7364 7350
f 7363 7347 7365
f 7363 7365 7364
f 7364 7365 7366
f 7364 7366 7350
f 7365 7347 7367
f 7365 7367 7366
f 7366 7367 7368
f 7366 7368 7350
f 7367 7347 7348
f 7367 7348 7368
f 7368 7348 7349
f 7368 7349 7350
f 7370 7369 7373
f 7370 7373 7371
f 7371 7373 7374
f 7371 7374 7372
f 7373 7369 7375
f 7373 7375 7374
f 7374 7375 7376
f 7374 7376 7372
f 7375 7369 7377
f 7375 7377 7376
f 7376 7377 7378
f 7376 7378 7372
f 7377 7369 7379
f 7377 7379 7378
f 7378 7379 7380
f 7378 7380 7372
f 7379 7369 7381
f 7379 7381 7380
f 7380 7381 7382
f 7380 7382 7372
f 7381 7369 7383
f 7381 7383 7382
f 7382 7383 7384
f 7382 7384 7372
f 7383 7369 7385
f 7383 7385 7384
f 7384 7385 7386
f 7384 7386 7372
f 7385 7369 7387
f 7385 7387 7386
f 7386 7387 7388
f 7386 7388 7372
f 7387 7369 7389
f 7387 7389 7388
f 7388 7389 7390
f 7388 7390 7372
f 7389 7369 7370
f 7389 7370 7390
f 7390 7370 7371
f 7390 7371 7372
f 7392 7391 7395
f 7392 7395 7393
f 7393 7395 7396
f 7393 7396 7394
f 7395 7391 7397
f 7395 7397 7396
f 7396 7397 7398
f 7396 7398 7394
f 7397 7391 7399
f 7397 7399 7398
f 7398 7399 7400
f 7398 7400 7394
f 7399 7391 7401
f 7399 7401 7400
f 7400 7401 7402
f 7400 7402 7394
f 7401 7391 7403
f 7401 7403 7402
f 7402 7403 7404
f 7402 7404 7394
f 7403 7391 7405
f 7403 7405 7404
f 7404 7405 7406
f 7404 7406 7394
f 7405 7391 7407
f 7405 7407 7406
f 7406 7407 7408
f 7406 7408 7394
f 7407 7391 7409
f 7407 7409 7408
f 7408 7409 7410
f 7408 7410 7394
f 7409 7391 7411
f 7409 7411 7410
f 7410 7411 7412
f 7410 7412 7394
f 7411 7391 7392
f 7411 7392 7412
f 7412 7392 7393
f 7412 7393 7394
f 7414 7413 7417
f 7414 7417 7415
f 7415 7417 7418
f 7415 7418 7416
f 7417 7413 7419
f 7417 7419 7418
f 7418 7419 7420
f 7418 7420 7416
f 7419 7413 7421
f 7419 7421 7420
f 7420 7421 7422
f 7420 7422 7416
f 7421 7413 7423
f 7421 7423 7422
f 7422 7423 7424
f 7422 7424 7416
f 7423 7413 7425
f 7423 7425 7424
f 7424 7425 7426
f 7424 7426 7416
f 7425 7413 7427
f 7425 7427 7426
f 7426 7427 7428
f 7426 7428 7416
f 7427 7413 7429
f 7427 7429 7428
f 7428 7429 7430
f 7428 7430 7416
f 7429 7413 7431
f 7429 7431 7430
f 7430 7431 7432
f 7430 7432 7416
f 7431 7413 7433
f 7431 7433 7432
f 7432 7433 7434
f 7432 7434 7416
f 7433 7413 7414
f 7433 7414 7434
f 7434 7414 7415
f 7434 7415 7416
f 7436 7435 7439
f 7436 7439 7437
f 7437 7439 7440
f 7437 7440 7438
f 7439 7435 7441
f 7439 7441 7440
f 7440 7441 7442
f 7440 7442 7438
f 7441 7435 7443
f 7441 7443 7442
f 7442 7443 7444
f 7442 7444 7438
f 7443 7435 7445
f 7443 7445 7444
f 7444 7445 7446
f 7444 7446 7438
f 7445 7435 7447
f 7445 7447 7446
f 7446 7447 7448
f 7446 7448 7438
f 7447 7435 7449
f 7447 7449 7448
f 7448 7449 7450
f 7448 7450 7438
f 7449 7435 7451
f 7449 7451 7450
f 7450 7451 7452
f 7450 7452 7438
f 7451 7435 7453
f 7451 7453 7452
f 7452 7453 7454
f 7452 7454 7438
f 7453 7435 7455
f 7453 7455 7454
f 7454 7455 7456
f 7454 7456 7438
f 7455 7435 7436
f 7455 7436 7456
f 7456 7436 7437
f 7456 7437 7438
f 7458 7457 7461
f 7458 7461 7459
f 7459 7461 7462
f 7459 7462 7460
f 7461 7457 7463
f 7461 7463 7462
f 7462 7463 7464
f 7462 7464 7460
f 7463 7457 7465
f 7463 7465 7464
f 7464 7465 7466
f 7464 7466 7460
f 7465 7457 7467
f 7465 7467 7466
f 7466 7467 7468
f 7466 7468 7460
f 7467 7457 7469
f 7467 7469 7468
f 7468 7469 7470
f 7468 7470 7460
f 7469 7457 7471
f 7469 7471 7470
f 7470 7471 7472
f 7470 7472 7460
f 7471 7457 7473
f 7471 7473 7472
f 7472 7473 7474
f 7472 7474 7460
f 7473 7457 7475
f 7473 7475 7474
f 7474 7475 7476
f 7474 7476 7460
f 7475 7457 7477
f 7475 7477 7476
f 7476 7477 7478
f 7476 7478 7460
f 7477 7457 7458
f 7477 7458 7478
f 7478 7458 7459
f 7478 7459 7460
f 7480 7479 7483
f 7480 7483 7481
f 7481 7483 7484
f 7481 7484 7482
f 7483 7479 7485
f 7483 7485 7484
f 7484 7485 7486
f 7484 7486 7482
f 7485 7479 7487
f 7485 7487 7486
f 7486 7487 7488
f 7486 7488 7482
f 7487 7479 7489
f 7487 7489 7488
f 7488 7489 7490
f 7488 7490 7482
f 7489 7479 7491
f 7489 7491 7490
f 7490 7491 7492
f 7490 7492 7482
f 7491 7479 7493
f 7491 7493 7492
f 7492 7493 7494
f 7492 7494 7482
f 7493 7479 7495
f 7493 7495 7494
f 7494 7495 7496
f 7494 7496 7482
f 7495 7479 7497
f 7495 7497 7496
f 7496 7497 7498
f 7496 7498 7482
f 7497 7479 7499
f 7497 7499 7498
f 7498 7499 7500
f 7498 7500 7482
f 7499 7479 7480
f 7499 7480 7500
f 7500 7480 7481
f 7500 7481 7482
f 7502 7501 7505
f 7502 7505 7503
f 7503 7505 7506
f 7503 7506 7504
f 7505 7501 7507
f 7505 7507 7506
f 7506 7507 7508
f 7506 7508 7504
f 7507 7501 7509
f 7507 7509 7508
f 7508 7509 7510
f 7508 7510 7504
f 7509 7501 7511
f 7509 7511 7510
f 7510 7511 7512
f 7510 7512 7504
f 7511 7501 7513
f 7511 7513 7512
f 7512 7513 7514
f 7512 7514 7504
f 7513 7501 7515
f 7513 7515 7514
f 7514 7515 7516
f 7514 7516 7504
f 7515 7501 7517
f 7515 7517 7516
f 7516 7517 7518
f 7516 7518 7504
f 7517 7501 7519
f 7517 7519 7518
f 7518 7519 7520
f 7518 7520 7504
f 7519 7501 7521
f 7519 7521 7520
f 7520 7521 7522
f 7520 7522 7504
f 7521 7501 7502
f 7521 7502 7522
f 7522 7502 7503
f 7522 7503 7504
f 7524 7523 7527
f 7524 7527 7525
f 7525 7527 7528
f 7525 7528 7526
f 7527 7523 7529
f 7527 7529 7528
f 7528 7529 7530
f 7528 7530 7526
f 7529 7523 7531
f 7529 7531 7530
f 7530 7531 7532
f 7530 7532 7526
f 7531 7523 7533
f 7531 7533 7532
f 7532 7533 7534
f 7532 7534 7526
f 7533 7523 7535
f 7533 7535 7534
f 7534 7535 7536
f 7534 7536 7526
f 7535 7523 7537
f 7535 7537 7536
f 7536 7537 7538
f 7536 7538 7526
f 7537 7523 7539
f 7537 7539 7538
f 7538 7539 7540
f 7538 7540 7526
f 7539 7523 7541
f 7539 7541 7540
f 7540 7541 7542
f 7540 7542 7526
f 7541 7523 7543
f 7541 7543 7542
f 7542 7543 7544
f 7542 7544 7526
f 7543 7523 7524
f 7543 7524 7544
f 7544 7524 7525
f 7544 7525 7526
f 7546 7545 7549
f 7546 7549 7547
f 7547 7549 7550
f 7547 7550 7548
f 7549 7545 7551
f 7549 7551 7550
f 7550 7551 7552
f 7550 7552 7548
f 7551 7545 7553
f 7551 7553 7552
f 7552 7553 7554
f 7552 7554 7548
f 7553 7545 7555
f 7553 7555 7554
f 7554 7555 7556
f 7554 7556 7548
f 7555 7545 7557
f 7555 7557 7556
f 7556 7557 7558
f 7556 7558 7548
f 7557 7545 7559
f 7557 7559 7558
f 7558 7559 7560
f 7558 7560 7548
f 7559 7545 7561
f 7559 7561 7560
f 7560 7561 7562
f 7560 7562 7548
f 7561 7545 7563
f 7561 7563 7562
f 7562 7563 7564
f 7562 7564 7548
f 7563 7545 7565
f 7563 7565 7564
f 7564 7565 7566
f 7564 7566 7548
f 7565 7545 7546
f 7565 7546 7566
f 7566 7546 7547
f 7566 7547 7548
f 7568 7567 7571
f 7568 7571 7569
f 7569 7571 7572
f 7569 7572 7570
f 7571 7567 7573
f 7571 7573 7572
f 7572 7573 7574
f 7572 7574 7570
f 7573 7567 7575
f 7573 7575 7574
f 7574 7575 7576
f 7574 7576 7570
f 7575 7567 7577
f 7575 7577 7576
f 7576 7577 7578
f 7576 7578 7570
f 7577 7567 7579
f 7577 7579 7578
f 7578 7579 7580
f 7578 7580 7570
f 7579 7567 7581
f 7579 7581 7580
f 7580 7581 7582
f 7580 7582 7570
f 7581 7567 7583
f 7581 7583 7582
f 7582 7583 7584
f 7582 7584 7570
f 7583 7567 7585
f 7583 7585 7584
f 7584 7585 7586
f 7584 7586 7570
f 7585 7567 7587
f 7585 7587 7586
f 7586 7587 7588
f 7586 7588 7570
f 7587 7567 7568
f 7587 7568 7588
f 7588 7568 7569
f 7588 7569 7570
f 7590 7589 7593
f 7590 7593 7591
f 7591 7593 7594
f 7591 7594 7592
f 7593 7589 7595
f 7593 7595 7594
f 7594 7595 7596
f 7594 7596 7592
f 7595 7589 7597
f 7595 7597 7596
f 7596 7597 7598
f 7596 7598 7592
f 7597 7589 7599
f 7597 7599 7598
f 7598 7599 7600
f 7598 7600 7592
f 7599 7589 7601
f 7599 7601 7600
f 7600 7601 7602
f 7600 7602 7592
f 7601 7589 7603
f 7601 7603 7602
f 7602 7603 7604
f 7602 7604 7592
f 7603 7589 7605
f 7603 7605 7604
f 7604 7605 7606
f 7604 7606 7592
f 7605 7589 7607
f 7605 7607 7606
f 7606 7607 7608
f 7606 7608 7592
f 7607 7589 7609
f 7607 7609 7608
f 7608 7609 7610
f 7608 7610 7592
f 7609 7589 7590
f 7609 7590 7610
f 7610 7590 7591
f 7610 7591 7592
f 7612 7611 7615
f 7612 7615 7613
f 7613 7615 7616
f 7613 7616 7614
f 7615 7611 7617
f 7615 7617 7616
f 7616 7617 7618
f 7616 7618 7614
f 7617 7611 7619
f 7617 7619 7618
f 7618 7619 7620
f 7618 7620 7614
f 7619 7611 7621
f 7619 7621 7620
f 7620 7621 7622
f 7620 7622 7614
f 7621 7611 7623
f 7621 7623 7622
f 7622 7623 7624
f 7622 7624 7614
f 7623 7611 7625
f 7623 7625 7624
f 7624 7625 7626
f 7624 7626 7614
f 7625 7611 7627
f 7625 7627 7626
f 7626 7627 7628
f 7626 7628 7614
f 7627 7611 7629
f 7627 7629 7628
f 7628 7629 7630
f 7628 7630 7614
f 7629 7611 7631
f 7629 7631 7630
f 7630 7631 7632
f 7630 7632 7614
f 7631 7611 7612
f 7631 7612 7632
f 7632 7612 7613
f 7632 7613 7614
f 7634 7633 7637
f 7634 7637 7635
f 7635 7637 7638
f 7635 7638 7636
f 7637 7633 7639
f 7637 7639 7638
f 7638 7639 7640
f 7638 7640 7636
f 7639 7633 7641
f 7639 7641 7640
f 7640 7641 7642
f 7640 7642 7636
f 7641 7633 7643
f 7641 7643 7642
f 7642 7643 7644
f 7642 7644 7636
f 7643 7633 7645
f 7643 7645 7644
f 7644 7645 7646
f 7644 7646 7636
f 7645 7633 7647
f 7645 7647 7646
f 7646 7647 7648
f 7646 7648 7636
f 7647 7633 7649
f 7647 7649 7648
f 7648 7649 7650
f 7648 7650 7636
f 7649 7633 7651
f 7649 7651 7650
f 7650 7651 7652
f 7650 7652 7636
f 7651 7633 7653
f 7651 7653 7652
f 7652 7653 7654
f 7652 7654 7636
f 7653 7633 7634
f 7653 7634 7654
f 7654 7634 7635
f 7654 7635 7636
f 7656 7655 7659
f 7656 7659 7657
f 7657 7659 7660
f 7657 7660 7658
f 7659 7655 7661
f 7659 7661 7660
f 7660 7661 7662
f 7660 7662 7658
f 7661 7655 7663
f 7661 7663 7662
f 7662 7663 7664
f 7662 7664 7658
f 7663 7655 7665
f 7663 7665 7664
f 7664 7665 7666
f 7664 7666 7658
f 7665 7655 7667
f 7665 7667 7666
f 7666 7667 7668
f 7666 7668 7658
f 7667 7655 7669
f 7667 7669 7668
f 7668 7669 7670
f 7668 7670 7658
f 7669 7655 7671
f 7669 7671 7670
f 7670 7671 7672
f 7670 7672 7658
f 7671 7655 7673
f 7671 7673 7672
f 7672 7673 7674
f 7672 7674 7658
f 7673 7655 7675
f 7673 7675 7674
f 7674 7675 7676
f 7674 7676 7658
f 7675 7655 7656
f 7675 7656 7676
f 7676 7656 7657
f 7676 7657 7658
f 7678 7677 7681
f 7678 7681 7679
f 7679 7681 7682
f 7679 7682 7680
f 7681 7677 7683
f 7681 7683 7682
f 7682 7683 7684
f 7682 7684 7680
f 7683 7677 7685
f 7683 7685 7684
f 7684 7685 7686
f 7684 7686 7680
f 7685 7677 7687
f 7685 7687 7686
f 7686 7687 7688
f 7686 7688 7680
f 7687 7677 7689
f 7687 7689 7688
f 7688 7689 7690
f 7688 7690 7680
f 7689 7677 7691
f 7689 7691 7690
f 7690 7691 7692
f 7690 7692 7680
f 7691 7677 7693
f 7691 7693 7692
f 7692 7693 7694
f 7692 7694 7680
f 7693 7677 7695
f 7693 7695 7694
f 7694 7695 7696
f 7694 7696 7680
f 7695 7677 7697
f 7695 7697 7696
f 7696 7697 7698
f 7696 7698 7680
f 7697 7677 7678
f 7697 7678 7698
f 7698 7678 7679
f 7698 7679 7680
f 7700 7699 7703
f 7700 7703 7701
f 7701 7703 7704
f 7701 7704 7702
f 7703 7699 7705
f 7703 7705 7704
f 7704 7705 7706
f 7704 7706 7702
f 7705 7699 7707
f 7705 7707 7706
f 7706 7707 7708
f 7706 7708 7702
f 7707 7699 7709
f 7707 7709 7708
f 7708 7709 7710
f 7708 7710 7702
f 7709 7699 7711
f 7709 7711 7710
f 7710 7711 7712
f 7710 7712 7702
f 7711 7699 7713
f 7711 7713 7712
f 7712 7713 7714
f 7712 7714 7702
f 7713 7699 7715
f 7713 7715 7714
f 7714 7715 7716
f 7714 7716 7702
f 7715 7699 7717
f 7715 7717 7716
f 7716 7717 7718
f 7716 7718 7702
f 7717 7699 7719
f 7717 7719 7718
f 7718 7719 7720
f 7718 7720 7702
f 7719 7699 7700
f 7719 7700 7720
f 7720 7700 7701
f 7720 7701 7702
f 7722 7721 7725
f 7722 7725 7723
f 7723 7725 7726
f 7723 7726 7724
f 7725 7721 7727
f 7725 7727 7726
f 7726 7727 7728
f 7726 7728 7724
f 7727 7721 7729
f 7727 7729 7728
f 7728 7729 7730
f 7728 7730 7724
f 7729 7721 7731
f 7729 7731 7730
f 7730 7731 7732
f 7730 7732 7724
f 7731 7721 7733
f 7731 7733 7732
f 7732 7733 7734
f 7732 7734 7724
f 7733 7721 7735
f 7733 7735 7734
f 7734 7735 7736
f 7734 7736 7724
f 7735 7721 7737
f 7735 7737 7736
f 7736 7737 7738
f 7736 7738 7724
f 7737 7721 7739
f 7737 7739 7738
f 7738 7739 7740
f 7738 7740 7724
f 7739 7721 7741
f 7739 7741 7740
f 7740 7741 7742
f 7740 7742 7724
f 7741 7721 7722
f 7741 7722 7742
f 7742 7722 7723
f 7742 7723 7724
f 7744 7743 7747
f 7744 7747 7745
f 7745 7747 7748
f 7745 7748 7746
f 7747 7743 7749
f 7747 7749 7748
f 7748 7749 7750
f 7748 7750 7746
f 7749 7743 7751
f 7749 7751 7750
f 7750 7751 7752
f 7750 7752 7746
f 7751 7743 7753
f 7751 7753 7752
f 7752 7753 7754
f 7752 7754 7746
f 7753 7743 7755
f 7753 7755 7754
f 7754 7755 7756
f 7754 7756 7746
f 7755 7743 7757
f 7755 7757 7756
f 7756 7757 7758
f 7756 7758 7746
f 7757 7743 7759
f 7757 7759 7758
f 7758 7759 7760
f 7758 7760 7746
f 7759 7743 7761
f 7759 7761 7760
f 7760 7761 7762
f 7760 7762 7746
f 7761 7743 7763
f 7761 7763 7762
f 7762 7763 7764
f 7762 7764 7746
f 7763 7743 7744
f 7763 7744 7764
f 7764 7744 7745
f 7764 7745 7746
f 7766 7765 7769
f 7766 7769 7767
f 7767 7769 7770
f 7767 7770 7768
f 7769 7765 7771
f 7769 7771 7770
f 7770 7771 7772
f 7770 7772 7768
f 7771 7765 7773
f 7771 7773 7772
f 7772 7773 7774
f 7772 7774 7768
f 7773 7765 7775
f 7773 7775 7774
f 7774 7775 7776
f 7774 7776 7768
f 7775 7765 7777
f 7775 7777 7776
f 7776 7777 7778
f 7776 7778 7768
f 7777 7765 7779
f 7777 7779 7778
f 7778 7779 7780
f 7778 7780 7768
f 7779 7765 7781
f 7779 7781 7780
f 7780 7781 7782
f 7780 7782 7768
f 7781 7765 7783
f 7781 7783 7782
f 7782 7783 7784
f 7782 7784 7768
f 7783 7765 7785
f 7783 7785 7784
f 7784 7785 7786
f 7784 7786 7768
f 7785 7765 7766
f 7785 7766 7786
f 7786 7766 7767
f 7786 7767 7768
f 7788 7787 7791
f 7788 7791 7789
f 7789 7791 7792
f 7789 7792 7790
f 7791 7787 7793
f 7791 7793 7792
f 7792 7793 7794
f 7792 7794 7790
f 7793 7787 7795
f 7793 7795 7794
f 7794 7795 7796
f 7794 7796 7790
f 7795 7787 7797
f 7795 7797 7796
f 7796 7797 7798
f 7796 7798 7790
f 7797 7787 7799
f 7797 7799 7798
f 7798 7799 7800
f 7798 7800 7790
f 7799 7787 7801
f 7799 7801 7800
f 7800 7801 7802
f 7800 7802 7790
f 7801 7787 7803
f 7801 7803 7802
f 7802 7803 7804
f 7802 7804 7790
f 7803 7787 7805
f 7803 7805 7804
f 7804 7805 7806
f 7804 7806 7790
f 7805 7787 7807
f 7805 7807 7806
f 7806 7807 7808
f 7806 7808 7790
f 7807 7787 7788
f 7807 7788 7808
f 7808 7788 7789
f 7808 7789 7790
f 7810 7809 7813
f 7810 7813 7811
f 7811 7813 7814
f 7811 7814 7812
f 7813 7809 7815
f 7813 7815 7814
f 7814 7815 7816
f 7814 7816 7812
f 7815 7809 7817
f 7815 7817 7816
f 7816 7817 7818
f 7816 7818 7812
f 7817 7809 7819
f 7817 7819 7818
f 7818 7819 7820
f 7818 7820 7812
f 7819 7809 7821
f 7819 7821 7820
f 7820 7821 7822
f 7820 7822 7812
f 7821 7809 7823
f 7821 7823 7822
f 7822 7823 7824
f 7822 7824 7812
f 7823 7809 7825
f 7823 7825 7824
f 7824 7825 7826
f 7824 7826 7812
f 7825 7809 7827
f 7825 7827 7826
f 7826 7827 7828
f 7826 7828 7812
f 7827 7809 7829
f 7827 7829 7828
f 7828 7829 7830
f 7828 7830 7812
f 7829 7809 7810
f 7829 7810 7830
f 7830 7810 7811
f 7830 7811 7812
f 7832 7831 7835
f 7832 7835 7833
f 7833 7835 7836
f 7833 7836 7834
f 7835 7831 7837
f 7835 7837 7836
f 7836 7837 7838
f 7836 7838 7834
f 7837 7831 7839
f 7837 7839 7838
f 7838 7839 7840
f 7838 7840 7834
f 7839 7831 7841
f 7839 7841 7840
f 7840 7841 7842
f 7840 7842 7834
f 7841 7831 7843
f 7841 7843 7842
f 7842 7843 7844
f 7842 7844 7834
f 7843 7831 7845
f 7843 7845 7844
f 7844 7845 7846
f 7844 7846 7834
f 7845 7831 7847
f 7845 7847 7846
f 7846 7847 7848
f 7846 7848 7834
f 7847 7831 7849
f 7847 7849 7848
f 7848 7849 7850
f 7848 7850 7834
f 7849 7831 7851
f 7849 7851 7850
f 7850 7851 7852
f 7850 7852 7834
f 7851 7831 7832
f 7851 7832 7852
f 7852 7832 7833
f 7852 7833 7834
f 7854 7853 7857
f 7854 7857 7855
f 7855 7857 7858
f 7855 7858 7856
f 7857 7853 7859
f 7857 7859 7858
f 7858 7859 7860
f 7858 7860 7856
f 7859 7853 7861
f 7859 7861 7860
f 7860 7861 7862
f 7860 7862 7856
f 7861 7853 7863
f 7861 7863 7862
f 7862 7863 7864
f 7862 7864 7856
f 7863 7853 7865
f 7863 7865 7864
f 7864 7865 7866
f 7864 7866 7856
f 7865 7853 7867
f 7865 7867 7866
f 7866 7867 7868
f 7866 7868 7856
f 7867 7853 7869
f 7867 7869 7868
f 7868 7869 7870
f 7868 7870 7856
f 7869 7853 7871
f 7869 7871 7870
f 7870 7871 7872
f 7870 7872 7856
f 7871 7853 7873
f 7871 7873 7872
f 7872 7873 7874
f 7872 7874 7856
f 7873 7853 7854
f 7873 7854 7874
f 7874 7854 7855
f 7874 7855 7856
f 7876 7875 7879
f 7876 7879 7877
f 7877 7879 7880
f 7877 7880 7878
f 7879 7875 7881
f 7879 7881 7880
f 7880 7881 7882
f 7880 7882 7878
f 7881 7875 7883
f 7881 7883 7882
f 7882 7883 7884
f 7882 7884 7878
f 7883 7875 7885
f 7883 7885 7884
f 7884 7885 7886
f 7884 7886 7878
f 7885 7875 7887
f 7885 7887 7886
f 7886 7887 7888
f 7886 7888 7878
f 7887 7875 7889
f 7887 7889 7888
f 7888 7889 7890
f 7888 7890 7878
f 7889 7875 7891
f 7889 7891 7890
f 7890 7891 7892
f 7890 7892 7878
f 7891 7875 7893
f 7891 7893 7892
f 7892 7893 7894
f 7892 7894 7878
f 7893 7875 7895
f 7893 7895 7894
f 7894 7895 7896
f 7894 7896 7878
f 7895 7875 7876
f 7895 7876 7896
f 7896 7876 7877
f 7896 7877 7878
f 7898 7897 7901
f 7898 7901 7899
f 7899 7901 7902
f 7899 7902 7900
f 7901 7897 7903
f 7901 7903 7902
f 7902 7903 7904
f 7902 7904 7900
f 7903 7897 7905
f 7903 7905 7904
f 7904 7905 7906
f 7904 7906 7900
f 7905 7897 7907
f 7905 7907 7906
f 7906 7907 7908
f 7906 7908 7900
f 7907 7897 7909
f 7907 7909 7908
f 7908 7909 7910
f 7908 7910 7900
f 7909 7897 7911
f 7909 7911 7910
f 7910 7911 7912
f 7910 7912 7900
f 7911 7897 7913
f 7911 7913 7912
f 7912 7913 7914
f 7912 7914 7900
f 7913 7897 7915
f 7913 7915 7914
f 7914 7915 7916
f 7914 7916 7900
f 7915 7897 7917
f 7915 7917 7916
f 7916 7917 7918
f 7916 7918 7900
f 7917 7897 7898
f 7917 7898 7918
f 7918 7898 7899
f 7918 7899 7900

o geometry_53
v -1.20000000 -1.20000000 -0.03000000 0.82352941 0.82352941 0.82352941
v -1.20000000 -1.20000000 0.00000000 0.82352941 0.82352941 0.82352941
v -1.20000000 1.20000000 -0.03000000 0.82352941 0.82352941 0.82352941
v -1.20000000 1.20000000 0.00000000 0.82352941 0.82352941 0.82352941
v 1.20000000 -1.20000000 -0.03000000 0.82352941 0.82352941 0.82352941
v 1.20000000 -1.20000000 0.00000000 0.82352941 0.82352941 0.82352941
v 1.20000000 1.20000000 -0.03000000 0.82352941 0.82352941 0.82352941
v 1.20000000 1.20000000 0.00000000 0.82352941 0.82352941 0.82352941
f 7920 7922 7919
f 7923 7920 7919
f 7919 7922 7921
f 7921 7923 7919
f 7920 7926 7922
f 7924 7920 7923
f 7924 7926 7920
f 7922 7926 7921
f 7925 7923 7921
f 7921 7926 7925
f 7925 7924 7923
f 7926 7924 7925

o geometry_54
v -1.20000000 -1.20000000 2.97000000 0.78431373 0.74509804 0.66666667
v -1.20000000 -1.20000000 3.00000000 0.78431373 0.74509804 0.66666667
v -1.20000000 1.20000000 2.97000000 0.78431373 0.74509804 0.66666667
v -1.20000000 1.20000000 3.00000000 0.78431373 0.74509804 0.66666667
v 1.20000000 -1.20000000 2.97000000 0.78431373 0.74509804 0.66666667
v 1.20000000 -1.20000000 3.00000000 0.78431373 0.74509804 0.66666667
v 1.20000000 1.20000000 2.97000000 0.78431373 0.74509804 0.66666667
v 1.20000000 1.20000000 3.00000000 0.78431373 0.74509804 0.66666667
f 7928 7930 7927
f 7931 7928 7927
f 7927 7930 7929
f 7929 7931 7927
f 7928 7934 7930
f 7932 7928 7931
f 7932 7934 7928
f 7930 7934 7929
f 7933 7931 7929
f 7929 7934 7933
f 7933 7932 7931
f 7934 7932 7933

