<COLLADA xmlns="http://www.collada.org/2005/11/COLLADASchema" version="1.4.1">
  <asset>
    <created>2026-09-07T17:46:43.060390</created>
    <modified>2026-09-07T17:46:43.060394</modified>
    <up_axis>Y_UP</up_axis>
  </asset>
  <library_effects>
    <effect id="e353a5144b594a7e9d5a0b379a2f91c1" name="e353a5144b594a7e9d5a0b379a2f91c1">
      <profile_COMMON>
        <technique sid="common">
          <phong>
            <emission>
              <color>0.0 0.0 0.0 1.0</color>
            </emission>
            <ambient>
              <color>0.0 0.0 0.0 1.0</color>
            </ambient>
            <diffuse>
              <color>0.27450980392156865 0.27450980392156865 0.29411764705882354 1.0</color>
            </diffuse>
            <specular>
              <color>0.0 0.0 0.0 1.0</color>
            </specular>
            <shininess>
              <float>0.0</float>
            </shininess>
            <reflective>
              <color>0.0 0.0 0.0 1.0</color>
            </reflective>
            <reflectivity>
              <float>0.0</float>
            </reflectivity>
            <transparent>
              <color>0.0 0.0 0.0 1.0</color>
            </transparent>
            <transparency>
              <float>1.0</float>
            </transparency>
          </phong>
        </technique>
        <extra>
          <technique profile="GOOGLEEARTH">
            <double_sided>0</double_sided>
          </technique>
        </extra>
      </profile_COMMON>
    </effect>
  </library_effects>
  <library_geometries>
    <geometry id="b0d0780fa4164eda896983be5f0d8701" name="3a6eb253d3bb4d14a8d88ea138ecee4b">
      <mesh>
        <source id="verts-array">
          <float_array count="23802" id="verts-array-array">0 0 0 0.11 0 0 0.11 0 3.2 0 0 3.2 0.1090589 0.01435788 0 0.1090589 0.01435788 3.2 0.1062518 0.02847009 0 0.1062518 0.02847009 3.2 0.1016267 0.04209518 0 0.1016267 0.04209518 3.2 0.09526279 0.055 0 0.09526279 0.055 3.2 0.08726887 0.06696376 0 0.08726887 0.06696376 3.2 0.07778175 0.07778175 0 0.07778175 0.07778175 3.2 0.06696376 0.08726887 0 0.06696376 0.08726887 3.2 0.055 0.09526279 0 0.055 0.09526279 3.2 0.04209518 0.1016267 0 0.04209518 0.1016267 3.2 0.02847009 0.1062518 0 0.02847009 0.1062518 3.2 0.01435788 0.1090589 0 0.01435788 0.1090589 3.2 6.735557e-18 0.11 0 6.735557e-18 0.11 3.2 -0.01435788 0.1090589 0 -0.01435788 0.1090589 3.2 -0.02847009 0.1062518 0 -0.02847009 0.1062518 3.2 -0.04209518 0.1016267 0 -0.04209518 0.1016267 3.2 -0.055 0.09526279 0 -0.055 0.09526279 3.2 -0.06696376 0.08726887 0 -0.06696376 0.08726887 3.2 -0.07778175 0.07778175 0 -0.07778175 0.07778175 3.2 -0.08726887 0.06696376 0 -0.08726887 0.06696376 3.2 -0.09526279 0.055 0 -0.09526279 0.055 3.2 -0.1016267 0.04209518 0 -0.1016267 0.04209518 3.2 -0.1062518 0.02847009 0 -0.1062518 0.02847009 3.2 -0.1090589 0.01435788 0 -0.1090589 0.01435788 3.2 -0.11 1.347111e-17 0 -0.11 1.347111e-17 3.2 -0.1090589 -0.01435788 0 -0.1090589 -0.01435788 3.2 -0.1062518 -0.02847009 0 -0.1062518 -0.02847009 3.2 -0.1016267 -0.04209518 0 -0.1016267 -0.04209518 3.2 -0.09526279 -0.055 0 -0.09526279 -0.055 3.2 -0.08726887 -0.06696376 0 -0.08726887 -0.06696376 3.2 -0.07778175 -0.07778175 0 -0.07778175 -0.07778175 3.2 -0.06696376 -0.08726887 0 -0.06696376 -0.08726887 3.2 -0.055 -0.09526279 0 -0.055 -0.09526279 3.2 -0.04209518 -0.1016267 0 -0.04209518 -0.1016267 3.2 -0.02847009 -0.1062518 0 -0.02847009 -0.1062518 3.2 -0.01435788 -0.1090589 0 -0.01435788 -0.1090589 3.2 -2.020667e-17 -0.11 0 -2.020667e-17 -0.11 3.2 0.01435788 -0.1090589 0 0.01435788 -0.1090589 3.2 0.02847009 -0.1062518 0 0.02847009 -0.1062518 3.2 0.04209518 -0.1016267 0 0.04209518 -0.1016267 3.2 0.055 -0.09526279 0 0.055 -0.09526279 3.2 0.06696376 -0.08726887 0 0.06696376 -0.08726887 3.2 0.07778175 -0.07778175 0 0.07778175 -0.07778175 3.2 0.08726887 -0.06696376 0 0.08726887 -0.06696376 3.2 0.09526279 -0.055 0 0.09526279 -0.055 3.2 0.1016267 -0.04209518 0 0.1016267 -0.04209518 3.2 0.1062518 -0.02847009 0 0.1062518 -0.02847009 3.2 0.1090589 -0.01435788 0 0.1090589 -0.01435788 3.2 5.510911e-17 -0.9 0.1166667 0.0307816 -0.8994735 0.1166667 0.06152719 -0.8978944 0.1166667 0.09220078 -0.8952648 0.1166667 0.1227665 -0.8915876 0.1166667 0.1531885 -0.8868671 0.1166667 0.1834314 -0.8811089 0.1166667 0.2134595 -0.8743197 0.1166667 0.2432379 -0.8665075 0.1166667 0.2727317 -0.8576814 0.1166667 0.3019064 -0.8478517 0.1166667 0.3307278 -0.8370299 0.1166667 0.3591622 -0.8252287 0.1166667 0.3871764 -0.812462 0.1166667 0.4147375 -0.7987445 0.1166667 0.4418134 -0.7840924 0.1166667 0.05291942 -0.09391685 0.1166667 0.04967634 -0.09567184 0.1166667 0.04637513 -0.09731489 0.1166667 0.04301966 -0.09884407 0.1166667 0.03961384 -0.1002576 0.1166667 0.03616168 -0.1015538 0.1166667 0.0326672 -0.1027312 0.1166667 0.0291345 -0.1037883 0.1166667 0.02556771 -0.1047241 0.1166667 0.021971 -0.1055373 0.1166667 0.01834858 -0.106227 0.1166667 0.0147047 -0.1067924 0.1166667 0.0110436 -0.1072328 0.1166667 0.00736959 -0.1075478 0.1166667 0.003686952 -0.1077369 0.1166667 6.600846e-18 -0.1078 0.1166667 5.510911e-17 -0.9 0.1666667 0.0307816 -0.8994735 0.1666667 0.06152719 -0.8978944 0.1666667 0.09220078 -0.8952648 0.1666667 0.1227665 -0.8915876 0.1666667 0.1531885 -0.8868671 0.1666667 0.1834314 -0.8811089 0.1666667 0.2134595 -0.8743197 0.1666667 0.2432379 -0.8665075 0.1666667 0.2727317 -0.8576814 0.1666667 0.3019064 -0.8478517 0.1666667 0.3307278 -0.8370299 0.1666667 0.3591622 -0.8252287 0.1666667 0.3871764 -0.812462 0.1666667 0.4147375 -0.7987445 0.1666667 0.4418134 -0.7840924 0.1666667 0.05291942 -0.09391685 0.1666667 0.04967634 -0.09567184 0.1666667 0.04637513 -0.09731489 0.1666667 0.04301966 -0.09884407 0.1666667 0.03961384 -0.1002576 0.1666667 0.03616168 -0.1015538 0.1666667 0.0326672 -0.1027312 0.1666667 0.0291345 -0.1037883 0.1666667 0.02556771 -0.1047241 0.1666667 0.021971 -0.1055373 0.1666667 0.01834858 -0.106227 0.1666667 0.0147047 -0.1067924 0.1666667 0.0110436 -0.1072328 0.1666667 0.00736959 -0.1075478 0.1666667 0.003686952 -0.1077369 0.1666667 6.600846e-18 -0.1078 0.1666667 0.06825941 -0.8673181 0.1666667 0.07825941 -0.8673181 0.1666667 0.07825941 -0.8673181 1.066667 0.06825941 -0.8673181 1.066667 0.07634958 -0.8614402 0.1666667 0.07634958 -0.8614402 1.066667 0.07134958 -0.8578075 0.1666667 0.07134958 -0.8578075 1.066667 0.06516924 -0.8578075 0.1666667 0.06516924 -0.8578075 1.066667 0.06016924 -0.8614402 0.1666667 0.06016924 -0.8614402 1.066667 0.05825941 -0.8673181 0.1666667 0.05825941 -0.8673181 1.066667 0.06016924 -0.8731959 0.1666667 0.06016924 -0.8731959 1.066667 0.06516924 -0.8768286 0.1666667 0.06516924 -0.8768286 1.066667 0.07134958 -0.8768286 0.1666667 0.07134958 -0.8768286 1.066667 0.07634958 -0.8731959 0.1666667 0.07634958 -0.8731959 1.066667 0.3745447 -0.7852492 0.1666667 0.3845447 -0.7852492 0.1666667 0.3845447 -0.7852492 1.066667 0.3745447 -0.7852492 1.066667 0.3826348 -0.7793713 0.1666667 0.3826348 -0.7793713 1.066667 0.3776348 -0.7757386 0.1666667 0.3776348 -0.7757386 1.066667 0.3714545 -0.7757386 0.1666667 0.3714545 -0.7757386 1.066667 0.3664545 -0.7793713 0.1666667 0.3664545 -0.7793713 1.066667 0.3645447 -0.7852492 0.1666667 0.3645447 -0.7852492 1.066667 0.3664545 -0.791127 0.1666667 0.3664545 -0.791127 1.066667 0.3714545 -0.7947598 0.1666667 0.3714545 -0.7947598 1.066667 0.3776348 -0.7947598 0.1666667 0.3776348 -0.7947598 1.066667 0.3826348 -0.791127 0.1666667 0.3826348 -0.791127 1.066667 0.45 -0.7794229 0.2833333 0.4763944 -0.7635761 0.2833333 0.5022313 -0.7468358 0.2833333 0.5274806 -0.7292216 0.2833333 0.5521127 -0.7107542 0.2833333 0.5760987 -0.6914552 0.2833333 0.5994107 -0.671347 0.2833333 0.6220213 -0.6504533 0.2833333 0.643904 -0.6287986 0.2833333 0.6650333 -0.606408 0.2833333 0.6853845 -0.5833079 0.2833333 0.7049337 -0.5595253 0.2833333 0.723658 -0.5350879 0.2833333 0.7415356 -0.5100245 0.2833333 0.7585455 -0.4843643 0.2833333 0.7746678 -0.4581373 0.2833333 0.09278799 -0.05487466 0.2833333 0.09085689 -0.05801607 0.2833333 0.08881948 -0.0610896 0.2833333 0.08667815 -0.06409164 0.2833333 0.08443539 -0.06701869 0.2833333 0.08209383 -0.06986733 0.2833333 0.07965621 -0.0726342 0.2833333 0.07712539 -0.07531609 0.2833333 0.07450432 -0.07790986 0.2833333 0.07179608 -0.08041246 0.2833333 0.06900383 -0.08282096 0.2833333 0.06613083 -0.08513256 0.2833333 0.06318045 -0.08734455 0.2833333 0.06015615 -0.08945433 0.2833333 0.05706146 -0.09145944 0.2833333 0.0539 -0.09335754 0.2833333 0.45 -0.7794229 0.3333333 0.4763944 -0.7635761 0.3333333 0.5022313 -0.7468358 0.3333333 0.5274806 -0.7292216 0.3333333 0.5521127 -0.7107542 0.3333333 0.5760987 -0.6914552 0.3333333 0.5994107 -0.671347 0.3333333 0.6220213 -0.6504533 0.3333333 0.643904 -0.6287986 0.3333333 0.6650333 -0.606408 0.3333333 0.6853845 -0.5833079 0.3333333 0.7049337 -0.5595253 0.3333333 0.723658 -0.5350879 0.3333333 0.7415356 -0.5100245 0.3333333 0.7585455 -0.4843643 0.3333333 0.7746678 -0.4581373 0.3333333 0.09278799 -0.05487466 0.3333333 0.09085689 -0.05801607 0.3333333 0.08881948 -0.0610896 0.3333333 0.08667815 -0.06409164 0.3333333 0.08443539 -0.06701869 0.3333333 0.08209383 -0.06986733 0.3333333 0.07965621 -0.0726342 0.3333333 0.07712539 -0.07531609 0.3333333 0.07450432 -0.07790986 0.3333333 0.07179608 -0.08041246 0.3333333 0.06900383 -0.08282096 0.3333333 0.06613083 -0.08513256 0.3333333 0.06318045 -0.08734455 0.3333333 0.06015615 -0.08945433 0.3333333 0.05706146 -0.09145944 0.3333333 0.0539 -0.09335754 0.3333333 0.4927734 -0.7169898 0.3333333 0.5027734 -0.7169898 0.3333333 0.5027734 -0.7169898 1.233333 0.4927734 -0.7169898 1.233333 0.5008636 -0.7111119 0.3333333 0.5008636 -0.7111119 1.233333 0.4958636 -0.7074792 0.3333333 0.4958636 -0.7074792 1.233333 0.4896833 -0.7074792 0.3333333 0.4896833 -0.7074792 1.233333 0.4846833 -0.7111119 0.3333333 0.4846833 -0.7111119 1.233333 0.4827734 -0.7169898 0.3333333 0.4827734 -0.7169898 1.233333 0.4846833 -0.7228676 0.3333333 0.4846833 -0.7228676 1.233333 0.4896833 -0.7265003 0.3333333 0.4896833 -0.7265003 1.233333 0.4958636 -0.7265003 0.3333333 0.4958636 -0.7265003 1.233333 0.5008636 -0.7228676 0.3333333 0.5008636 -0.7228676 1.233333 0.7169898 -0.4927734 0.3333333 0.7269898 -0.4927734 0.3333333 0.7269898 -0.4927734 1.233333 0.7169898 -0.4927734 1.233333 0.72508 -0.4868956 0.3333333 0.72508 -0.4868956 1.233333 0.72008 -0.4832629 0.3333333 0.72008 -0.4832629 1.233333 0.7138996 -0.4832629 0.3333333 0.7138996 -0.4832629 1.233333 0.7088996 -0.4868956 0.3333333 0.7088996 -0.4868956 1.233333 0.7069898 -0.4927734 0.3333333 0.7069898 -0.4927734 1.233333 0.7088996 -0.4986513 0.3333333 0.7088996 -0.4986513 1.233333 0.7138996 -0.502284 0.3333333 0.7138996 -0.502284 1.233333 0.72008 -0.502284 0.3333333 0.72008 -0.502284 1.233333 0.72508 -0.4986513 0.3333333 0.72508 -0.4986513 1.233333 0.7794229 -0.45 0.45 0.7943577 -0.4230791 0.45 0.808363 -0.3956631 0.45 0.8214224 -0.3677842 0.45 0.8335207 -0.3394749 0.45 0.8446437 -0.3107684 0.45 0.8547784 -0.2816982 0.45 0.8639129 -0.2522985 0.45 0.8720365 -0.2226035 0.45 0.8791398 -0.1926481 0.45 0.8852143 -0.1624672 0.45 0.8902531 -0.1320963 0.45 0.8942502 -0.1015707 0.45 0.8972009 -0.07092637 0.45 0.8991018 -0.04019901 0.45 0.8999507 -0.009424606 0.45 0.1077941 -0.001128858 0.45 0.1076924 -0.004814948 0.45 0.1074647 -0.008495403 0.45 0.1071113 -0.01216592 0.45 0.1066325 -0.0158222 0.45 0.106029 -0.01945996 0.45 0.1053014 -0.02307496 0.45 0.1044506 -0.02666296 0.45 0.1034776 -0.03021975 0.45 0.1023835 -0.03374119 0.45 0.1011695 -0.03722315 0.45 0.09983726 -0.04066155 0.45 0.09838815 -0.04405237 0.45 0.09682392 -0.04739165 0.45 0.0951464 -0.05067547 0.45 0.09335754 -0.0539 0.45 0.7794229 -0.45 0.5 0.7943577 -0.4230791 0.5 0.808363 -0.3956631 0.5 0.8214224 -0.3677842 0.5 0.8335207 -0.3394749 0.5 0.8446437 -0.3107684 0.5 0.8547784 -0.2816982 0.5 0.8639129 -0.2522985 0.5 0.8720365 -0.2226035 0.5 0.8791398 -0.1926481 0.5 0.8852143 -0.1624672 0.5 0.8902531 -0.1320963 0.5 0.8942502 -0.1015707 0.5 0.8972009 -0.07092637 0.5 0.8991018 -0.04019901 0.5 0.8999507 -0.009424606 0.5 0.1077941 -0.001128858 0.5 0.1076924 -0.004814948 0.5 0.1074647 -0.008495403 0.5 0.1071113 -0.01216592 0.5 0.1066325 -0.0158222 0.5 0.106029 -0.01945996 0.5 0.1053014 -0.02307496 0.5 0.1044506 -0.02666296 0.5 0.1034776 -0.03021975 0.5 0.1023835 -0.03374119 0.5 0.1011695 -0.03722315 0.5 0.09983726 -0.04066155 0.5 0.09838815 -0.04405237 0.5 0.09682392 -0.04739165 0.5 0.0951464 -0.05067547 0.5 0.09335754 -0.0539 0.5 0.7852492 -0.3745447 0.5 0.7952492 -0.3745447 0.5 0.7952492 -0.3745447 1.4 0.7852492 -0.3745447 1.4 0.7933394 -0.3686668 0.5 0.7933394 -0.3686668 1.4 0.7883394 -0.3650341 0.5 0.7883394 -0.3650341 1.4 0.782159 -0.3650341 0.5 0.782159 -0.3650341 1.4 0.777159 -0.3686668 0.5 0.777159 -0.3686668 1.4 0.7752492 -0.3745447 0.5 0.7752492 -0.3745447 1.4 0.777159 -0.3804225 0.5 0.777159 -0.3804225 1.4 0.782159 -0.3840552 0.5 0.782159 -0.3840552 1.4 0.7883394 -0.3840552 0.5 0.7883394 -0.3840552 1.4 0.7933394 -0.3804225 0.5 0.7933394 -0.3804225 1.4 0.8673181 -0.06825941 0.5 0.8773181 -0.06825941 0.5 0.8773181 -0.06825941 1.4 0.8673181 -0.06825941 1.4 0.8754083 -0.06238156 0.5 0.8754083 -0.06238156 1.4 0.8704083 -0.05874885 0.5 0.8704083 -0.05874885 1.4 0.8642279 -0.05874885 0.5 0.8642279 -0.05874885 1.4 0.8592279 -0.06238156 0.5 0.8592279 -0.06238156 1.4 0.8573181 -0.06825941 0.5 0.8573181 -0.06825941 1.4 0.8592279 -0.07413727 0.5 0.8592279 -0.07413727 1.4 0.8642279 -0.07776998 0.5 0.8642279 -0.07776998 1.4 0.8704083 -0.07776998 0.5 0.8704083 -0.07776998 1.4 0.8754083 -0.07413727 0.5 0.8754083 -0.07413727 1.4 0.9 0 0.6166667 0.8994735 0.0307816 0.6166667 0.8978944 0.06152719 0.6166667 0.8952648 0.09220078 0.6166667 0.8915876 0.1227665 0.6166667 0.8868671 0.1531885 0.6166667 0.8811089 0.1834314 0.6166667 0.8743197 0.2134595 0.6166667 0.8665075 0.2432379 0.6166667 0.8576814 0.2727317 0.6166667 0.8478517 0.3019064 0.6166667 0.8370299 0.3307278 0.6166667 0.8252287 0.3591622 0.6166667 0.812462 0.3871764 0.6166667 0.7987445 0.4147375 0.6166667 0.7840924 0.4418134 0.6166667 0.09391685 0.05291942 0.6166667 0.09567184 0.04967634 0.6166667 0.09731489 0.04637513 0.6166667 0.09884407 0.04301966 0.6166667 0.1002576 0.03961384 0.6166667 0.1015538 0.03616168 0.6166667 0.1027312 0.0326672 0.6166667 0.1037883 0.0291345 0.6166667 0.1047241 0.02556771 0.6166667 0.1055373 0.021971 0.6166667 0.106227 0.01834858 0.6166667 0.1067924 0.0147047 0.6166667 0.1072328 0.0110436 0.6166667 0.1075478 0.00736959 0.6166667 0.1077369 0.003686952 0.6166667 0.1078 0 0.6166667 0.9 0 0.6666667 0.8994735 0.0307816 0.6666667 0.8978944 0.06152719 0.6666667 0.8952648 0.09220078 0.6666667 0.8915876 0.1227665 0.6666667 0.8868671 0.1531885 0.6666667 0.8811089 0.1834314 0.6666667 0.8743197 0.2134595 0.6666667 0.8665075 0.2432379 0.6666667 0.8576814 0.2727317 0.6666667 0.8478517 0.3019064 0.6666667 0.8370299 0.3307278 0.6666667 0.8252287 0.3591622 0.6666667 0.812462 0.3871764 0.6666667 0.7987445 0.4147375 0.6666667 0.7840924 0.4418134 0.6666667 0.09391685 0.05291942 0.6666667 0.09567184 0.04967634 0.6666667 0.09731489 0.04637513 0.6666667 0.09884407 0.04301966 0.6666667 0.1002576 0.03961384 0.6666667 0.1015538 0.03616168 0.6666667 0.1027312 0.0326672 0.6666667 0.1037883 0.0291345 0.6666667 0.1047241 0.02556771 0.6666667 0.1055373 0.021971 0.6666667 0.106227 0.01834858 0.6666667 0.1067924 0.0147047 0.6666667 0.1072328 0.0110436 0.6666667 0.1075478 0.00736959 0.6666667 0.1077369 0.003686952 0.6666667 0.1078 0 0.6666667 0.8673181 0.06825941 0.6666667 0.8773181 0.06825941 0.6666667 0.8773181 0.06825941 1.566667 0.8673181 0.06825941 1.566667 0.8754083 0.07413727 0.6666667 0.8754083 0.07413727 1.566667 0.8704083 0.07776998 0.6666667 0.8704083 0.07776998 1.566667 0.8642279 0.07776998 0.6666667 0.8642279 0.07776998 1.566667 0.8592279 0.07413727 0.6666667 0.8592279 0.07413727 1.566667 0.8573181 0.06825941 0.6666667 0.8573181 0.06825941 1.566667 0.8592279 0.06238156 0.6666667 0.8592279 0.06238156 1.566667 0.8642279 0.05874885 0.6666667 0.8642279 0.05874885 1.566667 0.8704083 0.05874885 0.6666667 0.8704083 0.05874885 1.566667 0.8754083 0.06238156 0.6666667 0.8754083 0.06238156 1.566667 0.7852492 0.3745447 0.6666667 0.7952492 0.3745447 0.6666667 0.7952492 0.3745447 1.566667 0.7852492 0.3745447 1.566667 0.7933394 0.3804225 0.6666667 0.7933394 0.3804225 1.566667 0.7883394 0.3840552 0.6666667 0.7883394 0.3840552 1.566667 0.782159 0.3840552 0.6666667 0.782159 0.3840552 1.566667 0.777159 0.3804225 0.6666667 0.777159 0.3804225 1.566667 0.7752492 0.3745447 0.6666667 0.7752492 0.3745447 1.566667 0.777159 0.3686668 0.6666667 0.777159 0.3686668 1.566667 0.782159 0.3650341 0.6666667 0.782159 0.3650341 1.566667 0.7883394 0.3650341 0.6666667 0.7883394 0.3650341 1.566667 0.7933394 0.3686668 0.6666667 0.7933394 0.3686668 1.566667 0.7794229 0.45 0.7833333 0.7635761 0.4763944 0.7833333 0.7468358 0.5022313 0.7833333 0.7292216 0.5274806 0.7833333 0.7107542 0.5521127 0.7833333 0.6914552 0.5760987 0.7833333 0.671347 0.5994107 0.7833333 0.6504533 0.6220213 0.7833333 0.6287986 0.643904 0.7833333 0.606408 0.6650333 0.7833333 0.5833079 0.6853845 0.7833333 0.5595253 0.7049337 0.7833333 0.5350879 0.723658 0.7833333 0.5100245 0.7415356 0.7833333 0.4843643 0.7585455 0.7833333 0.4581373 0.7746678 0.7833333 0.05487466 0.09278799 0.7833333 0.05801607 0.09085689 0.7833333 0.0610896 0.08881948 0.7833333 0.06409164 0.08667815 0.7833333 0.06701869 0.08443539 0.7833333 0.06986733 0.08209383 0.7833333 0.0726342 0.07965621 0.7833333 0.07531609 0.07712539 0.7833333 0.07790986 0.07450432 0.7833333 0.08041246 0.07179608 0.7833333 0.08282096 0.06900383 0.7833333 0.08513256 0.06613083 0.7833333 0.08734455 0.06318045 0.7833333 0.08945433 0.06015615 0.7833333 0.09145944 0.05706146 0.7833333 0.09335754 0.0539 0.7833333 0.7794229 0.45 0.8333333 0.7635761 0.4763944 0.8333333 0.7468358 0.5022313 0.8333333 0.7292216 0.5274806 0.8333333 0.7107542 0.5521127 0.8333333 0.6914552 0.5760987 0.8333333 0.671347 0.5994107 0.8333333 0.6504533 0.6220213 0.8333333 0.6287986 0.643904 0.8333333 0.606408 0.6650333 0.8333333 0.5833079 0.6853845 0.8333333 0.5595253 0.7049337 0.8333333 0.5350879 0.723658 0.8333333 0.5100245 0.7415356 0.8333333 0.4843643 0.7585455 0.8333333 0.4581373 0.7746678 0.8333333 0.05487466 0.09278799 0.8333333 0.05801607 0.09085689 0.8333333 0.0610896 0.08881948 0.8333333 0.06409164 0.08667815 0.8333333 0.06701869 0.08443539 0.8333333 0.06986733 0.08209383 0.8333333 0.0726342 0.07965621 0.8333333 0.07531609 0.07712539 0.8333333 0.07790986 0.07450432 0.8333333 0.08041246 0.07179608 0.8333333 0.08282096 0.06900383 0.8333333 0.08513256 0.06613083 0.8333333 0.08734455 0.06318045 0.8333333 0.08945433 0.06015615 0.8333333 0.09145944 0.05706146 0.8333333 0.09335754 0.0539 0.8333333 0.7169898 0.4927734 0.8333333 0.7269898 0.4927734 0.8333333 0.7269898 0.4927734 1.733333 0.7169898 0.4927734 1.733333 0.72508 0.4986513 0.8333333 0.72508 0.4986513 1.733333 0.72008 0.502284 0.8333333 0.72008 0.502284 1.733333 0.7138996 0.502284 0.8333333 0.7138996 0.502284 1.733333 0.7088996 0.4986513 0.8333333 0.7088996 0.4986513 1.733333 0.7069898 0.4927734 0.8333333 0.7069898 0.4927734 1.733333 0.7088996 0.4868956 0.8333333 0.7088996 0.4868956 1.733333 0.7138996 0.4832629 0.8333333 0.7138996 0.4832629 1.733333 0.72008 0.4832629 0.8333333 0.72008 0.4832629 1.733333 0.72508 0.4868956 0.8333333 0.72508 0.4868956 1.733333 0.4927734 0.7169898 0.8333333 0.5027734 0.7169898 0.8333333 0.5027734 0.7169898 1.733333 0.4927734 0.7169898 1.733333 0.5008636 0.7228676 0.8333333 0.5008636 0.7228676 1.733333 0.4958636 0.7265003 0.8333333 0.4958636 0.7265003 1.733333 0.4896833 0.7265003 0.8333333 0.4896833 0.7265003 1.733333 0.4846833 0.7228676 0.8333333 0.4846833 0.7228676 1.733333 0.4827734 0.7169898 0.8333333 0.4827734 0.7169898 1.733333 0.4846833 0.7111119 0.8333333 0.4846833 0.7111119 1.733333 0.4896833 0.7074792 0.8333333 0.4896833 0.7074792 1.733333 0.4958636 0.7074792 0.8333333 0.4958636 0.7074792 1.733333 0.5008636 0.7111119 0.8333333 0.5008636 0.7111119 1.733333 0.45 0.7794229 0.95 0.4230791 0.7943577 0.95 0.3956631 0.808363 0.95 0.3677842 0.8214224 0.95 0.3394749 0.8335207 0.95 0.3107684 0.8446437 0.95 0.2816982 0.8547784 0.95 0.2522985 0.8639129 0.95 0.2226035 0.8720365 0.95 0.1926481 0.8791398 0.95 0.1624672 0.8852143 0.95 0.1320963 0.8902531 0.95 0.1015707 0.8942502 0.95 0.07092637 0.8972009 0.95 0.04019901 0.8991018 0.95 0.009424606 0.8999507 0.95 0.001128858 0.1077941 0.95 0.004814948 0.1076924 0.95 0.008495403 0.1074647 0.95 0.01216592 0.1071113 0.95 0.0158222 0.1066325 0.95 0.01945996 0.106029 0.95 0.02307496 0.1053014 0.95 0.02666296 0.1044506 0.95 0.03021975 0.1034776 0.95 0.03374119 0.1023835 0.95 0.03722315 0.1011695 0.95 0.04066155 0.09983726 0.95 0.04405237 0.09838815 0.95 0.04739165 0.09682392 0.95 0.05067547 0.0951464 0.95 0.0539 0.09335754 0.95 0.45 0.7794229 1 0.4230791 0.7943577 1 0.3956631 0.808363 1 0.3677842 0.8214224 1 0.3394749 0.8335207 1 0.3107684 0.8446437 1 0.2816982 0.8547784 1 0.2522985 0.8639129 1 0.2226035 0.8720365 1 0.1926481 0.8791398 1 0.1624672 0.8852143 1 0.1320963 0.8902531 1 0.1015707 0.8942502 1 0.07092637 0.8972009 1 0.04019901 0.8991018 1 0.009424606 0.8999507 1 0.001128858 0.1077941 1 0.004814948 0.1076924 1 0.008495403 0.1074647 1 0.01216592 0.1071113 1 0.0158222 0.1066325 1 0.01945996 0.106029 1 0.02307496 0.1053014 1 0.02666296 0.1044506 1 0.03021975 0.1034776 1 0.03374119 0.1023835 1 0.03722315 0.1011695 1 0.04066155 0.09983726 1 0.04405237 0.09838815 1 0.04739165 0.09682392 1 0.05067547 0.0951464 1 0.0539 0.09335754 1 0.3745447 0.7852492 1 0.3845447 0.7852492 1 0.3845447 0.7852492 1.9 0.3745447 0.7852492 1.9 0.3826348 0.791127 1 0.3826348 0.791127 1.9 0.3776348 0.7947598 1 0.3776348 0.7947598 1.9 0.3714545 0.7947598 1 0.3714545 0.7947598 1.9 0.3664545 0.791127 1 0.3664545 0.791127 1.9 0.3645447 0.7852492 1 0.3645447 0.7852492 1.9 0.3664545 0.7793713 1 0.3664545 0.7793713 1.9 0.3714545 0.7757386 1 0.3714545 0.7757386 1.9 0.3776348 0.7757386 1 0.3776348 0.7757386 1.9 0.3826348 0.7793713 1 0.3826348 0.7793713 1.9 0.06825941 0.8673181 1 0.07825941 0.8673181 1 0.07825941 0.8673181 1.9 0.06825941 0.8673181 1.9 0.07634958 0.8731959 1 0.07634958 0.8731959 1.9 0.07134958 0.8768286 1 0.07134958 0.8768286 1.9 0.06516924 0.8768286 1 0.06516924 0.8768286 1.9 0.06016924 0.8731959 1 0.06016924 0.8731959 1.9 0.05825941 0.8673181 1 0.05825941 0.8673181 1.9 0.06016924 0.8614402 1 0.06016924 0.8614402 1.9 0.06516924 0.8578075 1 0.06516924 0.8578075 1.9 0.07134958 0.8578075 1 0.07134958 0.8578075 1.9 0.07634958 0.8614402 1 0.07634958 0.8614402 1.9 5.510911e-17 0.9 1.116667 -0.0307816 0.8994735 1.116667 -0.06152719 0.8978944 1.116667 -0.09220078 0.8952648 1.116667 -0.1227665 0.8915876 1.116667 -0.1531885 0.8868671 1.116667 -0.1834314 0.8811089 1.116667 -0.2134595 0.8743197 1.116667 -0.2432379 0.8665075 1.116667 -0.2727317 0.8576814 1.116667 -0.3019064 0.8478517 1.116667 -0.3307278 0.8370299 1.116667 -0.3591622 0.8252287 1.116667 -0.3871764 0.812462 1.116667 -0.4147375 0.7987445 1.116667 -0.4418134 0.7840924 1.116667 -0.05291942 0.09391685 1.116667 -0.04967634 0.09567184 1.116667 -0.04637513 0.09731489 1.116667 -0.04301966 0.09884407 1.116667 -0.03961384 0.1002576 1.116667 -0.03616168 0.1015538 1.116667 -0.0326672 0.1027312 1.116667 -0.0291345 0.1037883 1.116667 -0.02556771 0.1047241 1.116667 -0.021971 0.1055373 1.116667 -0.01834858 0.106227 1.116667 -0.0147047 0.1067924 1.116667 -0.0110436 0.1072328 1.116667 -0.00736959 0.1075478 1.116667 -0.003686952 0.1077369 1.116667 6.600846e-18 0.1078 1.116667 5.510911e-17 0.9 1.166667 -0.0307816 0.8994735 1.166667 -0.06152719 0.8978944 1.166667 -0.09220078 0.8952648 1.166667 -0.1227665 0.8915876 1.166667 -0.1531885 0.8868671 1.166667 -0.1834314 0.8811089 1.166667 -0.2134595 0.8743197 1.166667 -0.2432379 0.8665075 1.166667 -0.2727317 0.8576814 1.166667 -0.3019064 0.8478517 1.166667 -0.3307278 0.8370299 1.166667 -0.3591622 0.8252287 1.166667 -0.3871764 0.812462 1.166667 -0.4147375 0.7987445 1.166667 -0.4418134 0.7840924 1.166667 -0.05291942 0.09391685 1.166667 -0.04967634 0.09567184 1.166667 -0.04637513 0.09731489 1.166667 -0.04301966 0.09884407 1.166667 -0.03961384 0.1002576 1.166667 -0.03616168 0.1015538 1.166667 -0.0326672 0.1027312 1.166667 -0.0291345 0.1037883 1.166667 -0.02556771 0.1047241 1.166667 -0.021971 0.1055373 1.166667 -0.01834858 0.106227 1.166667 -0.0147047 0.1067924 1.166667 -0.0110436 0.1072328 1.166667 -0.00736959 0.1075478 1.166667 -0.003686952 0.1077369 1.166667 6.600846e-18 0.1078 1.166667 -0.06825941 0.8673181 1.166667 -0.05825941 0.8673181 1.166667 -0.05825941 0.8673181 2.066667 -0.06825941 0.8673181 2.066667 -0.06016924 0.8731959 1.166667 -0.06016924 0.8731959 2.066667 -0.06516924 0.8768286 1.166667 -0.06516924 0.8768286 2.066667 -0.07134958 0.8768286 1.166667 -0.07134958 0.8768286 2.066667 -0.07634958 0.8731959 1.166667 -0.07634958 0.8731959 2.066667 -0.07825941 0.8673181 1.166667 -0.07825941 0.8673181 2.066667 -0.07634958 0.8614402 1.166667 -0.07634958 0.8614402 2.066667 -0.07134958 0.8578075 1.166667 -0.07134958 0.8578075 2.066667 -0.06516924 0.8578075 1.166667 -0.06516924 0.8578075 2.066667 -0.06016924 0.8614402 1.166667 -0.06016924 0.8614402 2.066667 -0.3745447 0.7852492 1.166667 -0.3645447 0.7852492 1.166667 -0.3645447 0.7852492 2.066667 -0.3745447 0.7852492 2.066667 -0.3664545 0.791127 1.166667 -0.3664545 0.791127 2.066667 -0.3714545 0.7947598 1.166667 -0.3714545 0.7947598 2.066667 -0.3776348 0.7947598 1.166667 -0.3776348 0.7947598 2.066667 -0.3826348 0.791127 1.166667 -0.3826348 0.791127 2.066667 -0.3845447 0.7852492 1.166667 -0.3845447 0.7852492 2.066667 -0.3826348 0.7793713 1.166667 -0.3826348 0.7793713 2.066667 -0.3776348 0.7757386 1.166667 -0.3776348 0.7757386 2.066667 -0.3714545 0.7757386 1.166667 -0.3714545 0.7757386 2.066667 -0.3664545 0.7793713 1.166667 -0.3664545 0.7793713 2.066667 -0.45 0.7794229 1.283333 -0.4763944 0.7635761 1.283333 -0.5022313 0.7468358 1.283333 -0.5274806 0.7292216 1.283333 -0.5521127 0.7107542 1.283333 -0.5760987 0.6914552 1.283333 -0.5994107 0.671347 1.283333 -0.6220213 0.6504533 1.283333 -0.643904 0.6287986 1.283333 -0.6650333 0.606408 1.283333 -0.6853845 0.5833079 1.283333 -0.7049337 0.5595253 1.283333 -0.723658 0.5350879 1.283333 -0.7415356 0.5100245 1.283333 -0.7585455 0.4843643 1.283333 -0.7746678 0.4581373 1.283333 -0.09278799 0.05487466 1.283333 -0.09085689 0.05801607 1.283333 -0.08881948 0.0610896 1.283333 -0.08667815 0.06409164 1.283333 -0.08443539 0.06701869 1.283333 -0.08209383 0.06986733 1.283333 -0.07965621 0.0726342 1.283333 -0.07712539 0.07531609 1.283333 -0.07450432 0.07790986 1.283333 -0.07179608 0.08041246 1.283333 -0.06900383 0.08282096 1.283333 -0.06613083 0.08513256 1.283333 -0.06318045 0.08734455 1.283333 -0.06015615 0.08945433 1.283333 -0.05706146 0.09145944 1.283333 -0.0539 0.09335754 1.283333 -0.45 0.7794229 1.333333 -0.4763944 0.7635761 1.333333 -0.5022313 0.7468358 1.333333 -0.5274806 0.7292216 1.333333 -0.5521127 0.7107542 1.333333 -0.5760987 0.6914552 1.333333 -0.5994107 0.671347 1.333333 -0.6220213 0.6504533 1.333333 -0.643904 0.6287986 1.333333 -0.6650333 0.606408 1.333333 -0.6853845 0.5833079 1.333333 -0.7049337 0.5595253 1.333333 -0.723658 0.5350879 1.333333 -0.7415356 0.5100245 1.333333 -0.7585455 0.4843643 1.333333 -0.7746678 0.4581373 1.333333 -0.09278799 0.05487466 1.333333 -0.09085689 0.05801607 1.333333 -0.08881948 0.0610896 1.333333 -0.08667815 0.06409164 1.333333 -0.08443539 0.06701869 1.333333 -0.08209383 0.06986733 1.333333 -0.07965621 0.0726342 1.333333 -0.07712539 0.07531609 1.333333 -0.07450432 0.07790986 1.333333 -0.07179608 0.08041246 1.333333 -0.06900383 0.08282096 1.333333 -0.06613083 0.08513256 1.333333 -0.06318045 0.08734455 1.333333 -0.06015615 0.08945433 1.333333 -0.05706146 0.09145944 1.333333 -0.0539 0.09335754 1.333333 -0.4927734 0.7169898 1.333333 -0.4827734 0.7169898 1.333333 -0.4827734 0.7169898 2.233333 -0.4927734 0.7169898 2.233333 -0.4846833 0.7228676 1.333333 -0.4846833 0.7228676 2.233333 -0.4896833 0.7265003 1.333333 -0.4896833 0.7265003 2.233333 -0.4958636 0.7265003 1.333333 -0.4958636 0.7265003 2.233333 -0.5008636 0.7228676 1.333333 -0.5008636 0.7228676 2.233333 -0.5027734 0.7169898 1.333333 -0.5027734 0.7169898 2.233333 -0.5008636 0.7111119 1.333333 -0.5008636 0.7111119 2.233333 -0.4958636 0.7074792 1.333333 -0.4958636 0.7074792 2.233333 -0.4896833 0.7074792 1.333333 -0.4896833 0.7074792 2.233333 -0.4846833 0.7111119 1.333333 -0.4846833 0.7111119 2.233333 -0.7169898 0.4927734 1.333333 -0.7069898 0.4927734 1.333333 -0.7069898 0.4927734 2.233333 -0.7169898 0.4927734 2.233333 -0.7088996 0.4986513 1.333333 -0.7088996 0.4986513 2.233333 -0.7138996 0.502284 1.333333 -0.7138996 0.502284 2.233333 -0.72008 0.502284 1.333333 -0.72008 0.502284 2.233333 -0.72508 0.4986513 1.333333 -0.72508 0.4986513 2.233333 -0.7269898 0.4927734 1.333333 -0.7269898 0.4927734 2.233333 -0.72508 0.4868956 1.333333 -0.72508 0.4868956 2.233333 -0.72008 0.4832629 1.333333 -0.72008 0.4832629 2.233333 -0.7138996 0.4832629 1.333333 -0.7138996 0.4832629 2.233333 -0.7088996 0.4868956 1.333333 -0.7088996 0.4868956 2.233333 -0.7794229 0.45 1.45 -0.7943577 0.4230791 1.45 -0.808363 0.3956631 1.45 -0.8214224 0.3677842 1.45 -0.8335207 0.3394749 1.45 -0.8446437 0.3107684 1.45 -0.8547784 0.2816982 1.45 -0.8639129 0.2522985 1.45 -0.8720365 0.2226035 1.45 -0.8791398 0.1926481 1.45 -0.8852143 0.1624672 1.45 -0.8902531 0.1320963 1.45 -0.8942502 0.1015707 1.45 -0.8972009 0.07092637 1.45 -0.8991018 0.04019901 1.45 -0.8999507 0.009424606 1.45 -0.1077941 0.001128858 1.45 -0.1076924 0.004814948 1.45 -0.1074647 0.008495403 1.45 -0.1071113 0.01216592 1.45 -0.1066325 0.0158222 1.45 -0.106029 0.01945996 1.45 -0.1053014 0.02307496 1.45 -0.1044506 0.02666296 1.45 -0.1034776 0.03021975 1.45 -0.1023835 0.03374119 1.45 -0.1011695 0.03722315 1.45 -0.09983726 0.04066155 1.45 -0.09838815 0.04405237 1.45 -0.09682392 0.04739165 1.45 -0.0951464 0.05067547 1.45 -0.09335754 0.0539 1.45 -0.7794229 0.45 1.5 -0.7943577 0.4230791 1.5 -0.808363 0.3956631 1.5 -0.8214224 0.3677842 1.5 -0.8335207 0.3394749 1.5 -0.8446437 0.3107684 1.5 -0.8547784 0.2816982 1.5 -0.8639129 0.2522985 1.5 -0.8720365 0.2226035 1.5 -0.8791398 0.1926481 1.5 -0.8852143 0.1624672 1.5 -0.8902531 0.1320963 1.5 -0.8942502 0.1015707 1.5 -0.8972009 0.07092637 1.5 -0.8991018 0.04019901 1.5 -0.8999507 0.009424606 1.5 -0.1077941 0.001128858 1.5 -0.1076924 0.004814948 1.5 -0.1074647 0.008495403 1.5 -0.1071113 0.01216592 1.5 -0.1066325 0.0158222 1.5 -0.106029 0.01945996 1.5 -0.1053014 0.02307496 1.5 -0.1044506 0.02666296 1.5 -0.1034776 0.03021975 1.5 -0.1023835 0.03374119 1.5 -0.1011695 0.03722315 1.5 -0.09983726 0.04066155 1.5 -0.09838815 0.04405237 1.5 -0.09682392 0.04739165 1.5 -0.0951464 0.05067547 1.5 -0.09335754 0.0539 1.5 -0.7852492 0.3745447 1.5 -0.7752492 0.3745447 1.5 -0.7752492 0.3745447 2.4 -0.7852492 0.3745447 2.4 -0.777159 0.3804225 1.5 -0.777159 0.3804225 2.4 -0.782159 0.3840552 1.5 -0.782159 0.3840552 2.4 -0.7883394 0.3840552 1.5 -0.7883394 0.3840552 2.4 -0.7933394 0.3804225 1.5 -0.7933394 0.3804225 2.4 -0.7952492 0.3745447 1.5 -0.7952492 0.3745447 2.4 -0.7933394 0.3686668 1.5 -0.7933394 0.3686668 2.4 -0.7883394 0.3650341 1.5 -0.7883394 0.3650341 2.4 -0.782159 0.3650341 1.5 -0.782159 0.3650341 2.4 -0.777159 0.3686668 1.5 -0.777159 0.3686668 2.4 -0.8673181 0.06825941 1.5 -0.8573181 0.06825941 1.5 -0.8573181 0.06825941 2.4 -0.8673181 0.06825941 2.4 -0.8592279 0.07413727 1.5 -0.8592279 0.07413727 2.4 -0.8642279 0.07776998 1.5 -0.8642279 0.07776998 2.4 -0.8704083 0.07776998 1.5 -0.8704083 0.07776998 2.4 -0.8754083 0.07413727 1.5 -0.8754083 0.07413727 2.4 -0.8773181 0.06825941 1.5 -0.8773181 0.06825941 2.4 -0.8754083 0.06238156 1.5 -0.8754083 0.06238156 2.4 -0.8704083 0.05874885 1.5 -0.8704083 0.05874885 2.4 -0.8642279 0.05874885 1.5 -0.8642279 0.05874885 2.4 -0.8592279 0.06238156 1.5 -0.8592279 0.06238156 2.4 -0.9 1.102182e-16 1.616667 -0.8994735 -0.0307816 1.616667 -0.8978944 -0.06152719 1.616667 -0.8952648 -0.09220078 1.616667 -0.8915876 -0.1227665 1.616667 -0.8868671 -0.1531885 1.616667 -0.8811089 -0.1834314 1.616667 -0.8743197 -0.2134595 1.616667 -0.8665075 -0.2432379 1.616667 -0.8576814 -0.2727317 1.616667 -0.8478517 -0.3019064 1.616667 -0.8370299 -0.3307278 1.616667 -0.8252287 -0.3591622 1.616667 -0.812462 -0.3871764 1.616667 -0.7987445 -0.4147375 1.616667 -0.7840924 -0.4418134 1.616667 -0.09391685 -0.05291942 1.616667 -0.09567184 -0.04967634 1.616667 -0.09731489 -0.04637513 1.616667 -0.09884407 -0.04301966 1.616667 -0.1002576 -0.03961384 1.616667 -0.1015538 -0.03616168 1.616667 -0.1027312 -0.0326672 1.616667 -0.1037883 -0.0291345 1.616667 -0.1047241 -0.02556771 1.616667 -0.1055373 -0.021971 1.616667 -0.106227 -0.01834858 1.616667 -0.1067924 -0.0147047 1.616667 -0.1072328 -0.0110436 1.616667 -0.1075478 -0.00736959 1.616667 -0.1077369 -0.003686952 1.616667 -0.1078 1.320169e-17 1.616667 -0.9 1.102182e-16 1.666667 -0.8994735 -0.0307816 1.666667 -0.8978944 -0.06152719 1.666667 -0.8952648 -0.09220078 1.666667 -0.8915876 -0.1227665 1.666667 -0.8868671 -0.1531885 1.666667 -0.8811089 -0.1834314 1.666667 -0.8743197 -0.2134595 1.666667 -0.8665075 -0.2432379 1.666667 -0.8576814 -0.2727317 1.666667 -0.8478517 -0.3019064 1.666667 -0.8370299 -0.3307278 1.666667 -0.8252287 -0.3591622 1.666667 -0.812462 -0.3871764 1.666667 -0.7987445 -0.4147375 1.666667 -0.7840924 -0.4418134 1.666667 -0.09391685 -0.05291942 1.666667 -0.09567184 -0.04967634 1.666667 -0.09731489 -0.04637513 1.666667 -0.09884407 -0.04301966 1.666667 -0.1002576 -0.03961384 1.666667 -0.1015538 -0.03616168 1.666667 -0.1027312 -0.0326672 1.666667 -0.1037883 -0.0291345 1.666667 -0.1047241 -0.02556771 1.666667 -0.1055373 -0.021971 1.666667 -0.106227 -0.01834858 1.666667 -0.1067924 -0.0147047 1.666667 -0.1072328 -0.0110436 1.666667 -0.1075478 -0.00736959 1.666667 -0.1077369 -0.003686952 1.666667 -0.1078 1.320169e-17 1.666667 -0.8673181 -0.06825941 1.666667 -0.8573181 -0.06825941 1.666667 -0.8573181 -0.06825941 2.566667 -0.8673181 -0.06825941 2.566667 -0.8592279 -0.06238156 1.666667 -0.8592279 -0.06238156 2.566667 -0.8642279 -0.05874885 1.666667 -0.8642279 -0.05874885 2.566667 -0.8704083 -0.05874885 1.666667 -0.8704083 -0.05874885 2.566667 -0.8754083 -0.06238156 1.666667 -0.8754083 -0.06238156 2.566667 -0.8773181 -0.06825941 1.666667 -0.8773181 -0.06825941 2.566667 -0.8754083 -0.07413727 1.666667 -0.8754083 -0.07413727 2.566667 -0.8704083 -0.07776998 1.666667 -0.8704083 -0.07776998 2.566667 -0.8642279 -0.07776998 1.666667 -0.8642279 -0.07776998 2.566667 -0.8592279 -0.07413727 1.666667 -0.8592279 -0.07413727 2.566667 -0.7852492 -0.3745447 1.666667 -0.7752492 -0.3745447 1.666667 -0.7752492 -0.3745447 2.566667 -0.7852492 -0.3745447 2.566667 -0.777159 -0.3686668 1.666667 -0.777159 -0.3686668 2.566667 -0.782159 -0.3650341 1.666667 -0.782159 -0.3650341 2.566667 -0.7883394 -0.3650341 1.666667 -0.7883394 -0.3650341 2.566667 -0.7933394 -0.3686668 1.666667 -0.7933394 -0.3686668 2.566667 -0.7952492 -0.3745447 1.666667 -0.7952492 -0.3745447 2.566667 -0.7933394 -0.3804225 1.666667 -0.7933394 -0.3804225 2.566667 -0.7883394 -0.3840552 1.666667 -0.7883394 -0.3840552 2.566667 -0.782159 -0.3840552 1.666667 -0.782159 -0.3840552 2.566667 -0.777159 -0.3804225 1.666667 -0.777159 -0.3804225 2.566667 -0.7794229 -0.45 1.783333 -0.7635761 -0.4763944 1.783333 -0.7468358 -0.5022313 1.783333 -0.7292216 -0.5274806 1.783333 -0.7107542 -0.5521127 1.783333 -0.6914552 -0.5760987 1.783333 -0.671347 -0.5994107 1.783333 -0.6504533 -0.6220213 1.783333 -0.6287986 -0.643904 1.783333 -0.606408 -0.6650333 1.783333 -0.5833079 -0.6853845 1.783333 -0.5595253 -0.7049337 1.783333 -0.5350879 -0.723658 1.783333 -0.5100245 -0.7415356 1.783333 -0.4843643 -0.7585455 1.783333 -0.4581373 -0.7746678 1.783333 -0.05487466 -0.09278799 1.783333 -0.05801607 -0.09085689 1.783333 -0.0610896 -0.08881948 1.783333 -0.06409164 -0.08667815 1.783333 -0.06701869 -0.08443539 1.783333 -0.06986733 -0.08209383 1.783333 -0.0726342 -0.07965621 1.783333 -0.07531609 -0.07712539 1.783333 -0.07790986 -0.07450432 1.783333 -0.08041246 -0.07179608 1.783333 -0.08282096 -0.06900383 1.783333 -0.08513256 -0.06613083 1.783333 -0.08734455 -0.06318045 1.783333 -0.08945433 -0.06015615 1.783333 -0.09145944 -0.05706146 1.783333 -0.09335754 -0.0539 1.783333 -0.7794229 -0.45 1.833333 -0.7635761 -0.4763944 1.833333 -0.7468358 -0.5022313 1.833333 -0.7292216 -0.5274806 1.833333 -0.7107542 -0.5521127 1.833333 -0.6914552 -0.5760987 1.833333 -0.671347 -0.5994107 1.833333 -0.6504533 -0.6220213 1.833333 -0.6287986 -0.643904 1.833333 -0.606408 -0.6650333 1.833333 -0.5833079 -0.6853845 1.833333 -0.5595253 -0.7049337 1.833333 -0.5350879 -0.723658 1.833333 -0.5100245 -0.7415356 1.833333 -0.4843643 -0.7585455 1.833333 -0.4581373 -0.7746678 1.833333 -0.05487466 -0.09278799 1.833333 -0.05801607 -0.09085689 1.833333 -0.0610896 -0.08881948 1.833333 -0.06409164 -0.08667815 1.833333 -0.06701869 -0.08443539 1.833333 -0.06986733 -0.08209383 1.833333 -0.0726342 -0.07965621 1.833333 -0.07531609 -0.07712539 1.833333 -0.07790986 -0.07450432 1.833333 -0.08041246 -0.07179608 1.833333 -0.08282096 -0.06900383 1.833333 -0.08513256 -0.06613083 1.833333 -0.08734455 -0.06318045 1.833333 -0.08945433 -0.06015615 1.833333 -0.09145944 -0.05706146 1.833333 -0.09335754 -0.0539 1.833333 -0.7169898 -0.4927734 1.833333 -0.7069898 -0.4927734 1.833333 -0.7069898 -0.4927734 2.733333 -0.7169898 -0.4927734 2.733333 -0.7088996 -0.4868956 1.833333 -0.7088996 -0.4868956 2.733333 -0.7138996 -0.4832629 1.833333 -0.7138996 -0.4832629 2.733333 -0.72008 -0.4832629 1.833333 -0.72008 -0.4832629 2.733333 -0.72508 -0.4868956 1.833333 -0.72508 -0.4868956 2.733333 -0.7269898 -0.4927734 1.833333 -0.7269898 -0.4927734 2.733333 -0.72508 -0.4986513 1.833333 -0.72508 -0.4986513 2.733333 -0.72008 -0.502284 1.833333 -0.72008 -0.502284 2.733333 -0.7138996 -0.502284 1.833333 -0.7138996 -0.502284 2.733333 -0.7088996 -0.4986513 1.833333 -0.7088996 -0.4986513 2.733333 -0.4927734 -0.7169898 1.833333 -0.4827734 -0.7169898 1.833333 -0.4827734 -0.7169898 2.733333 -0.4927734 -0.7169898 2.733333 -0.4846833 -0.7111119 1.833333 -0.4846833 -0.7111119 2.733333 -0.4896833 -0.7074792 1.833333 -0.4896833 -0.7074792 2.733333 -0.4958636 -0.7074792 1.833333 -0.4958636 -0.7074792 2.733333 -0.5008636 -0.7111119 1.833333 -0.5008636 -0.7111119 2.733333 -0.5027734 -0.7169898 1.833333 -0.5027734 -0.7169898 2.733333 -0.5008636 -0.7228676 1.833333 -0.5008636 -0.7228676 2.733333 -0.4958636 -0.7265003 1.833333 -0.4958636 -0.7265003 2.733333 -0.4896833 -0.7265003 1.833333 -0.4896833 -0.7265003 2.733333 -0.4846833 -0.7228676 1.833333 -0.4846833 -0.7228676 2.733333 -0.45 -0.7794229 1.95 -0.4230791 -0.7943577 1.95 -0.3956631 -0.808363 1.95 -0.3677842 -0.8214224 1.95 -0.3394749 -0.8335207 1.95 -0.3107684 -0.8446437 1.95 -0.2816982 -0.8547784 1.95 -0.2522985 -0.8639129 1.95 -0.2226035 -0.8720365 1.95 -0.1926481 -0.8791398 1.95 -0.1624672 -0.8852143 1.95 -0.1320963 -0.8902531 1.95 -0.1015707 -0.8942502 1.95 -0.07092637 -0.8972009 1.95 -0.04019901 -0.8991018 1.95 -0.009424606 -0.8999507 1.95 -0.001128858 -0.1077941 1.95 -0.004814948 -0.1076924 1.95 -0.008495403 -0.1074647 1.95 -0.01216592 -0.1071113 1.95 -0.0158222 -0.1066325 1.95 -0.01945996 -0.106029 1.95 -0.02307496 -0.1053014 1.95 -0.02666296 -0.1044506 1.95 -0.03021975 -0.1034776 1.95 -0.03374119 -0.1023835 1.95 -0.03722315 -0.1011695 1.95 -0.04066155 -0.09983726 1.95 -0.04405237 -0.09838815 1.95 -0.04739165 -0.09682392 1.95 -0.05067547 -0.0951464 1.95 -0.0539 -0.09335754 1.95 -0.45 -0.7794229 2 -0.4230791 -0.7943577 2 -0.3956631 -0.808363 2 -0.3677842 -0.8214224 2 -0.3394749 -0.8335207 2 -0.3107684 -0.8446437 2 -0.2816982 -0.8547784 2 -0.2522985 -0.8639129 2 -0.2226035 -0.8720365 2 -0.1926481 -0.8791398 2 -0.1624672 -0.8852143 2 -0.1320963 -0.8902531 2 -0.1015707 -0.8942502 2 -0.07092637 -0.8972009 2 -0.04019901 -0.8991018 2 -0.009424606 -0.8999507 2 -0.001128858 -0.1077941 2 -0.004814948 -0.1076924 2 -0.008495403 -0.1074647 2 -0.01216592 -0.1071113 2 -0.0158222 -0.1066325 2 -0.01945996 -0.106029 2 -0.02307496 -0.1053014 2 -0.02666296 -0.1044506 2 -0.03021975 -0.1034776 2 -0.03374119 -0.1023835 2 -0.03722315 -0.1011695 2 -0.04066155 -0.09983726 2 -0.04405237 -0.09838815 2 -0.04739165 -0.09682392 2 -0.05067547 -0.0951464 2 -0.0539 -0.09335754 2 -0.3745447 -0.7852492 2 -0.3645447 -0.7852492 2 -0.3645447 -0.7852492 2.9 -0.3745447 -0.7852492 2.9 -0.3664545 -0.7793713 2 -0.3664545 -0.7793713 2.9 -0.3714545 -0.7757386 2 -0.3714545 -0.7757386 2.9 -0.3776348 -0.7757386 2 -0.3776348 -0.7757386 2.9 -0.3826348 -0.7793713 2 -0.3826348 -0.7793713 2.9 -0.3845447 -0.7852492 2 -0.3845447 -0.7852492 2.9 -0.3826348 -0.791127 2 -0.3826348 -0.791127 2.9 -0.3776348 -0.7947598 2 -0.3776348 -0.7947598 2.9 -0.3714545 -0.7947598 2 -0.3714545 -0.7947598 2.9 -0.3664545 -0.791127 2 -0.3664545 -0.791127 2.9 -0.06825941 -0.8673181 2 -0.05825941 -0.8673181 2 -0.05825941 -0.8673181 2.9 -0.06825941 -0.8673181 2.9 -0.06016924 -0.8614402 2 -0.06016924 -0.8614402 2.9 -0.06516924 -0.8578075 2 -0.06516924 -0.8578075 2.9 -0.07134958 -0.8578075 2 -0.07134958 -0.8578075 2.9 -0.07634958 -0.8614402 2 -0.07634958 -0.8614402 2.9 -0.07825941 -0.8673181 2 -0.07825941 -0.8673181 2.9 -0.07634958 -0.8731959 2 -0.07634958 -0.8731959 2.9 -0.07134958 -0.8768286 2 -0.07134958 -0.8768286 2.9 -0.06516924 -0.8768286 2 -0.06516924 -0.8768286 2.9 -0.06016924 -0.8731959 2 -0.06016924 -0.8731959 2.9 -1.653273e-16 -0.9 2.116667 0.0307816 -0.8994735 2.116667 0.06152719 -0.8978944 2.116667 0.09220078 -0.8952648 2.116667 0.1227665 -0.8915876 2.116667 0.1531885 -0.8868671 2.116667 0.1834314 -0.8811089 2.116667 0.2134595 -0.8743197 2.116667 0.2432379 -0.8665075 2.116667 0.2727317 -0.8576814 2.116667 0.3019064 -0.8478517 2.116667 0.3307278 -0.8370299 2.116667 0.3591622 -0.8252287 2.116667 0.3871764 -0.812462 2.116667 0.4147375 -0.7987445 2.116667 0.4418134 -0.7840924 2.116667 0.05291942 -0.09391685 2.116667 0.04967634 -0.09567184 2.116667 0.04637513 -0.09731489 2.116667 0.04301966 -0.09884407 2.116667 0.03961384 -0.1002576 2.116667 0.03616168 -0.1015538 2.116667 0.0326672 -0.1027312 2.116667 0.0291345 -0.1037883 2.116667 0.02556771 -0.1047241 2.116667 0.021971 -0.1055373 2.116667 0.01834858 -0.106227 2.116667 0.0147047 -0.1067924 2.116667 0.0110436 -0.1072328 2.116667 0.00736959 -0.1075478 2.116667 0.003686952 -0.1077369 2.116667 -1.980254e-17 -0.1078 2.116667 -1.653273e-16 -0.9 2.166667 0.0307816 -0.8994735 2.166667 0.06152719 -0.8978944 2.166667 0.09220078 -0.8952648 2.166667 0.1227665 -0.8915876 2.166667 0.1531885 -0.8868671 2.166667 0.1834314 -0.8811089 2.166667 0.2134595 -0.8743197 2.166667 0.2432379 -0.8665075 2.166667 0.2727317 -0.8576814 2.166667 0.3019064 -0.8478517 2.166667 0.3307278 -0.8370299 2.166667 0.3591622 -0.8252287 2.166667 0.3871764 -0.812462 2.166667 0.4147375 -0.7987445 2.166667 0.4418134 -0.7840924 2.166667 0.05291942 -0.09391685 2.166667 0.04967634 -0.09567184 2.166667 0.04637513 -0.09731489 2.166667 0.04301966 -0.09884407 2.166667 0.03961384 -0.1002576 2.166667 0.03616168 -0.1015538 2.166667 0.0326672 -0.1027312 2.166667 0.0291345 -0.1037883 2.166667 0.02556771 -0.1047241 2.166667 0.021971 -0.1055373 2.166667 0.01834858 -0.106227 2.166667 0.0147047 -0.1067924 2.166667 0.0110436 -0.1072328 2.166667 0.00736959 -0.1075478 2.166667 0.003686952 -0.1077369 2.166667 -1.980254e-17 -0.1078 2.166667 0.06825941 -0.8673181 2.166667 0.07825941 -0.8673181 2.166667 0.07825941 -0.8673181 3.066667 0.06825941 -0.8673181 3.066667 0.07634958 -0.8614402 2.166667 0.07634958 -0.8614402 3.066667 0.07134958 -0.8578075 2.166667 0.07134958 -0.8578075 3.066667 0.06516924 -0.8578075 2.166667 0.06516924 -0.8578075 3.066667 0.06016924 -0.8614402 2.166667 0.06016924 -0.8614402 3.066667 0.05825941 -0.8673181 2.166667 0.05825941 -0.8673181 3.066667 0.06016924 -0.8731959 2.166667 0.06016924 -0.8731959 3.066667 0.06516924 -0.8768286 2.166667 0.06516924 -0.8768286 3.066667 0.07134958 -0.8768286 2.166667 0.07134958 -0.8768286 3.066667 0.07634958 -0.8731959 2.166667 0.07634958 -0.8731959 3.066667 0.3745447 -0.7852492 2.166667 0.3845447 -0.7852492 2.166667 0.3845447 -0.7852492 3.066667 0.3745447 -0.7852492 3.066667 0.3826348 -0.7793713 2.166667 0.3826348 -0.7793713 3.066667 0.3776348 -0.7757386 2.166667 0.3776348 -0.7757386 3.066667 0.3714545 -0.7757386 2.166667 0.3714545 -0.7757386 3.066667 0.3664545 -0.7793713 2.166667 0.3664545 -0.7793713 3.066667 0.3645447 -0.7852492 2.166667 0.3645447 -0.7852492 3.066667 0.3664545 -0.791127 2.166667 0.3664545 -0.791127 3.066667 0.3714545 -0.7947598 2.166667 0.3714545 -0.7947598 3.066667 0.3776348 -0.7947598 2.166667 0.3776348 -0.7947598 3.066667 0.3826348 -0.791127 2.166667 0.3826348 -0.791127 3.066667 0.45 -0.7794229 2.283333 0.4763944 -0.7635761 2.283333 0.5022313 -0.7468358 2.283333 0.5274806 -0.7292216 2.283333 0.5521127 -0.7107542 2.283333 0.5760987 -0.6914552 2.283333 0.5994107 -0.671347 2.283333 0.6220213 -0.6504533 2.283333 0.643904 -0.6287986 2.283333 0.6650333 -0.606408 2.283333 0.6853845 -0.5833079 2.283333 0.7049337 -0.5595253 2.283333 0.723658 -0.5350879 2.283333 0.7415356 -0.5100245 2.283333 0.7585455 -0.4843643 2.283333 0.7746678 -0.4581373 2.283333 0.09278799 -0.05487466 2.283333 0.09085689 -0.05801607 2.283333 0.08881948 -0.0610896 2.283333 0.08667815 -0.06409164 2.283333 0.08443539 -0.06701869 2.283333 0.08209383 -0.06986733 2.283333 0.07965621 -0.0726342 2.283333 0.07712539 -0.07531609 2.283333 0.07450432 -0.07790986 2.283333 0.07179608 -0.08041246 2.283333 0.06900383 -0.08282096 2.283333 0.06613083 -0.08513256 2.283333 0.06318045 -0.08734455 2.283333 0.06015615 -0.08945433 2.283333 0.05706146 -0.09145944 2.283333 0.0539 -0.09335754 2.283333 0.45 -0.7794229 2.333333 0.4763944 -0.7635761 2.333333 0.5022313 -0.7468358 2.333333 0.5274806 -0.7292216 2.333333 0.5521127 -0.7107542 2.333333 0.5760987 -0.6914552 2.333333 0.5994107 -0.671347 2.333333 0.6220213 -0.6504533 2.333333 0.643904 -0.6287986 2.333333 0.6650333 -0.606408 2.333333 0.6853845 -0.5833079 2.333333 0.7049337 -0.5595253 2.333333 0.723658 -0.5350879 2.333333 0.7415356 -0.5100245 2.333333 0.7585455 -0.4843643 2.333333 0.7746678 -0.4581373 2.333333 0.09278799 -0.05487466 2.333333 0.09085689 -0.05801607 2.333333 0.08881948 -0.0610896 2.333333 0.08667815 -0.06409164 2.333333 0.08443539 -0.06701869 2.333333 0.08209383 -0.06986733 2.333333 0.07965621 -0.0726342 2.333333 0.07712539 -0.07531609 2.333333 0.07450432 -0.07790986 2.333333 0.07179608 -0.08041246 2.333333 0.06900383 -0.08282096 2.333333 0.06613083 -0.08513256 2.333333 0.06318045 -0.08734455 2.333333 0.06015615 -0.08945433 2.333333 0.05706146 -0.09145944 2.333333 0.0539 -0.09335754 2.333333 0.4927734 -0.7169898 2.333333 0.5027734 -0.7169898 2.333333 0.5027734 -0.7169898 3.233333 0.4927734 -0.7169898 3.233333 0.5008636 -0.7111119 2.333333 0.5008636 -0.7111119 3.233333 0.4958636 -0.7074792 2.333333 0.4958636 -0.7074792 3.233333 0.4896833 -0.7074792 2.333333 0.4896833 -0.7074792 3.233333 0.4846833 -0.7111119 2.333333 0.4846833 -0.7111119 3.233333 0.4827734 -0.7169898 2.333333 0.4827734 -0.7169898 3.233333 0.4846833 -0.7228676 2.333333 0.4846833 -0.7228676 3.233333 0.4896833 -0.7265003 2.333333 0.4896833 -0.7265003 3.233333 0.4958636 -0.7265003 2.333333 0.4958636 -0.7265003 3.233333 0.5008636 -0.7228676 2.333333 0.5008636 -0.7228676 3.233333 0.7169898 -0.4927734 2.333333 0.7269898 -0.4927734 2.333333 0.7269898 -0.4927734 3.233333 0.7169898 -0.4927734 3.233333 0.72508 -0.4868956 2.333333 0.72508 -0.4868956 3.233333 0.72008 -0.4832629 2.333333 0.72008 -0.4832629 3.233333 0.7138996 -0.4832629 2.333333 0.7138996 -0.4832629 3.233333 0.7088996 -0.4868956 2.333333 0.7088996 -0.4868956 3.233333 0.7069898 -0.4927734 2.333333 0.7069898 -0.4927734 3.233333 0.7088996 -0.4986513 2.333333 0.7088996 -0.4986513 3.233333 0.7138996 -0.502284 2.333333 0.7138996 -0.502284 3.233333 0.72008 -0.502284 2.333333 0.72008 -0.502284 3.233333 0.72508 -0.4986513 2.333333 0.72508 -0.4986513 3.233333 0.7794229 -0.45 2.45 0.7943577 -0.4230791 2.45 0.808363 -0.3956631 2.45 0.8214224 -0.3677842 2.45 0.8335207 -0.3394749 2.45 0.8446437 -0.3107684 2.45 0.8547784 -0.2816982 2.45 0.8639129 -0.2522985 2.45 0.8720365 -0.2226035 2.45 0.8791398 -0.1926481 2.45 0.8852143 -0.1624672 2.45 0.8902531 -0.1320963 2.45 0.8942502 -0.1015707 2.45 0.8972009 -0.07092637 2.45 0.8991018 -0.04019901 2.45 0.8999507 -0.009424606 2.45 0.1077941 -0.001128858 2.45 0.1076924 -0.004814948 2.45 0.1074647 -0.008495403 2.45 0.1071113 -0.01216592 2.45 0.1066325 -0.0158222 2.45 0.106029 -0.01945996 2.45 0.1053014 -0.02307496 2.45 0.1044506 -0.02666296 2.45 0.1034776 -0.03021975 2.45 0.1023835 -0.03374119 2.45 0.1011695 -0.03722315 2.45 0.09983726 -0.04066155 2.45 0.09838815 -0.04405237 2.45 0.09682392 -0.04739165 2.45 0.0951464 -0.05067547 2.45 0.09335754 -0.0539 2.45 0.7794229 -0.45 2.5 0.7943577 -0.4230791 2.5 0.808363 -0.3956631 2.5 0.8214224 -0.3677842 2.5 0.8335207 -0.3394749 2.5 0.8446437 -0.3107684 2.5 0.8547784 -0.2816982 2.5 0.8639129 -0.2522985 2.5 0.8720365 -0.2226035 2.5 0.8791398 -0.1926481 2.5 0.8852143 -0.1624672 2.5 0.8902531 -0.1320963 2.5 0.8942502 -0.1015707 2.5 0.8972009 -0.07092637 2.5 0.8991018 -0.04019901 2.5 0.8999507 -0.009424606 2.5 0.1077941 -0.001128858 2.5 0.1076924 -0.004814948 2.5 0.1074647 -0.008495403 2.5 0.1071113 -0.01216592 2.5 0.1066325 -0.0158222 2.5 0.106029 -0.01945996 2.5 0.1053014 -0.02307496 2.5 0.1044506 -0.02666296 2.5 0.1034776 -0.03021975 2.5 0.1023835 -0.03374119 2.5 0.1011695 -0.03722315 2.5 0.09983726 -0.04066155 2.5 0.09838815 -0.04405237 2.5 0.09682392 -0.04739165 2.5 0.0951464 -0.05067547 2.5 0.09335754 -0.0539 2.5 0.7852492 -0.3745447 2.5 0.7952492 -0.3745447 2.5 0.7952492 -0.3745447 3.4 0.7852492 -0.3745447 3.4 0.7933394 -0.3686668 2.5 0.7933394 -0.3686668 3.4 0.7883394 -0.3650341 2.5 0.7883394 -0.3650341 3.4 0.782159 -0.3650341 2.5 0.782159 -0.3650341 3.4 0.777159 -0.3686668 2.5 0.777159 -0.3686668 3.4 0.7752492 -0.3745447 2.5 0.7752492 -0.3745447 3.4 0.777159 -0.3804225 2.5 0.777159 -0.3804225 3.4 0.782159 -0.3840552 2.5 0.782159 -0.3840552 3.4 0.7883394 -0.3840552 2.5 0.7883394 -0.3840552 3.4 0.7933394 -0.3804225 2.5 0.7933394 -0.3804225 3.4 0.8673181 -0.06825941 2.5 0.8773181 -0.06825941 2.5 0.8773181 -0.06825941 3.4 0.8673181 -0.06825941 3.4 0.8754083 -0.06238156 2.5 0.8754083 -0.06238156 3.4 0.8704083 -0.05874885 2.5 0.8704083 -0.05874885 3.4 0.8642279 -0.05874885 2.5 0.8642279 -0.05874885 3.4 0.8592279 -0.06238156 2.5 0.8592279 -0.06238156 3.4 0.8573181 -0.06825941 2.5 0.8573181 -0.06825941 3.4 0.8592279 -0.07413727 2.5 0.8592279 -0.07413727 3.4 0.8642279 -0.07776998 2.5 0.8642279 -0.07776998 3.4 0.8704083 -0.07776998 2.5 0.8704083 -0.07776998 3.4 0.8754083 -0.07413727 2.5 0.8754083 -0.07413727 3.4 0.9 -1.019797e-15 2.616667 0.8994735 0.0307816 2.616667 0.8978944 0.06152719 2.616667 0.8952648 0.09220078 2.616667 0.8915876 0.1227665 2.616667 0.8868671 0.1531885 2.616667 0.8811089 0.1834314 2.616667 0.8743197 0.2134595 2.616667 0.8665075 0.2432379 2.616667 0.8576814 0.2727317 2.616667 0.8478517 0.3019064 2.616667 0.8370299 0.3307278 2.616667 0.8252287 0.3591622 2.616667 0.812462 0.3871764 2.616667 0.7987445 0.4147375 2.616667 0.7840924 0.4418134 2.616667 0.09391685 0.05291942 2.616667 0.09567184 0.04967634 2.616667 0.09731489 0.04637513 2.616667 0.09884407 0.04301966 2.616667 0.1002576 0.03961384 2.616667 0.1015538 0.03616168 2.616667 0.1027312 0.0326672 2.616667 0.1037883 0.0291345 2.616667 0.1047241 0.02556771 2.616667 0.1055373 0.021971 2.616667 0.106227 0.01834858 2.616667 0.1067924 0.0147047 2.616667 0.1072328 0.0110436 2.616667 0.1075478 0.00736959 2.616667 0.1077369 0.003686952 2.616667 0.1078 -1.22149e-16 2.616667 0.9 -1.019797e-15 2.666667 0.8994735 0.0307816 2.666667 0.8978944 0.06152719 2.666667 0.8952648 0.09220078 2.666667 0.8915876 0.1227665 2.666667 0.8868671 0.1531885 2.666667 0.8811089 0.1834314 2.666667 0.8743197 0.2134595 2.666667 0.8665075 0.2432379 2.666667 0.8576814 0.2727317 2.666667 0.8478517 0.3019064 2.666667 0.8370299 0.3307278 2.666667 0.8252287 0.3591622 2.666667 0.812462 0.3871764 2.666667 0.7987445 0.4147375 2.666667 0.7840924 0.4418134 2.666667 0.09391685 0.05291942 2.666667 0.09567184 0.04967634 2.666667 0.09731489 0.04637513 2.666667 0.09884407 0.04301966 2.666667 0.1002576 0.03961384 2.666667 0.1015538 0.03616168 2.666667 0.1027312 0.0326672 2.666667 0.1037883 0.0291345 2.666667 0.1047241 0.02556771 2.666667 0.1055373 0.021971 2.666667 0.106227 0.01834858 2.666667 0.1067924 0.0147047 2.666667 0.1072328 0.0110436 2.666667 0.1075478 0.00736959 2.666667 0.1077369 0.003686952 2.666667 0.1078 -1.22149e-16 2.666667 0.8673181 0.06825941 2.666667 0.8773181 0.06825941 2.666667 0.8773181 0.06825941 3.566667 0.8673181 0.06825941 3.566667 0.8754083 0.07413727 2.666667 0.8754083 0.07413727 3.566667 0.8704083 0.07776998 2.666667 0.8704083 0.07776998 3.566667 0.8642279 0.07776998 2.666667 0.8642279 0.07776998 3.566667 0.8592279 0.07413727 2.666667 0.8592279 0.07413727 3.566667 0.8573181 0.06825941 2.666667 0.8573181 0.06825941 3.566667 0.8592279 0.06238156 2.666667 0.8592279 0.06238156 3.566667 0.8642279 0.05874885 2.666667 0.8642279 0.05874885 3.566667 0.8704083 0.05874885 2.666667 0.8704083 0.05874885 3.566667 0.8754083 0.06238156 2.666667 0.8754083 0.06238156 3.566667 0.7852492 0.3745447 2.666667 0.7952492 0.3745447 2.666667 0.7952492 0.3745447 3.566667 0.7852492 0.3745447 3.566667 0.7933394 0.3804225 2.666667 0.7933394 0.3804225 3.566667 0.7883394 0.3840552 2.666667 0.7883394 0.3840552 3.566667 0.782159 0.3840552 2.666667 0.782159 0.3840552 3.566667 0.777159 0.3804225 2.666667 0.777159 0.3804225 3.566667 0.7752492 0.3745447 2.666667 0.7752492 0.3745447 3.566667 0.777159 0.3686668 2.666667 0.777159 0.3686668 3.566667 0.782159 0.3650341 2.666667 0.782159 0.3650341 3.566667 0.7883394 0.3650341 2.666667 0.7883394 0.3650341 3.566667 0.7933394 0.3686668 2.666667 0.7933394 0.3686668 3.566667 0.7794229 0.45 2.783333 0.7635761 0.4763944 2.783333 0.7468358 0.5022313 2.783333 0.7292216 0.5274806 2.783333 0.7107542 0.5521127 2.783333 0.6914552 0.5760987 2.783333 0.671347 0.5994107 2.783333 0.6504533 0.6220213 2.783333 0.6287986 0.643904 2.783333 0.606408 0.6650333 2.783333 0.5833079 0.6853845 2.783333 0.5595253 0.7049337 2.783333 0.5350879 0.723658 2.783333 0.5100245 0.7415356 2.783333 0.4843643 0.7585455 2.783333 0.4581373 0.7746678 2.783333 0.05487466 0.09278799 2.783333 0.05801607 0.09085689 2.783333 0.0610896 0.08881948 2.783333 0.06409164 0.08667815 2.783333 0.06701869 0.08443539 2.783333 0.06986733 0.08209383 2.783333 0.0726342 0.07965621 2.783333 0.07531609 0.07712539 2.783333 0.07790986 0.07450432 2.783333 0.08041246 0.07179608 2.783333 0.08282096 0.06900383 2.783333 0.08513256 0.06613083 2.783333 0.08734455 0.06318045 2.783333 0.08945433 0.06015615 2.783333 0.09145944 0.05706146 2.783333 0.09335754 0.0539 2.783333 0.7794229 0.45 2.833333 0.7635761 0.4763944 2.833333 0.7468358 0.5022313 2.833333 0.7292216 0.5274806 2.833333 0.7107542 0.5521127 2.833333 0.6914552 0.5760987 2.833333 0.671347 0.5994107 2.833333 0.6504533 0.6220213 2.833333 0.6287986 0.643904 2.833333 0.606408 0.6650333 2.833333 0.5833079 0.6853845 2.833333 0.5595253 0.7049337 2.833333 0.5350879 0.723658 2.833333 0.5100245 0.7415356 2.833333 0.4843643 0.7585455 2.833333 0.4581373 0.7746678 2.833333 0.05487466 0.09278799 2.833333 0.05801607 0.09085689 2.833333 0.0610896 0.08881948 2.833333 0.06409164 0.08667815 2.833333 0.06701869 0.08443539 2.833333 0.06986733 0.08209383 2.833333 0.0726342 0.07965621 2.833333 0.07531609 0.07712539 2.833333 0.07790986 0.07450432 2.833333 0.08041246 0.07179608 2.833333 0.08282096 0.06900383 2.833333 0.08513256 0.06613083 2.833333 0.08734455 0.06318045 2.833333 0.08945433 0.06015615 2.833333 0.09145944 0.05706146 2.833333 0.09335754 0.0539 2.833333 0.7169898 0.4927734 2.833333 0.7269898 0.4927734 2.833333 0.7269898 0.4927734 3.733333 0.7169898 0.4927734 3.733333 0.72508 0.4986513 2.833333 0.72508 0.4986513 3.733333 0.72008 0.502284 2.833333 0.72008 0.502284 3.733333 0.7138996 0.502284 2.833333 0.7138996 0.502284 3.733333 0.7088996 0.4986513 2.833333 0.7088996 0.4986513 3.733333 0.7069898 0.4927734 2.833333 0.7069898 0.4927734 3.733333 0.7088996 0.4868956 2.833333 0.7088996 0.4868956 3.733333 0.7138996 0.4832629 2.833333 0.7138996 0.4832629 3.733333 0.72008 0.4832629 2.833333 0.72008 0.4832629 3.733333 0.72508 0.4868956 2.833333 0.72508 0.4868956 3.733333 0.4927734 0.7169898 2.833333 0.5027734 0.7169898 2.833333 0.5027734 0.7169898 3.733333 0.4927734 0.7169898 3.733333 0.5008636 0.7228676 2.833333 0.5008636 0.7228676 3.733333 0.4958636 0.7265003 2.833333 0.4958636 0.7265003 3.733333 0.4896833 0.7265003 2.833333 0.4896833 0.7265003 3.733333 0.4846833 0.7228676 2.833333 0.4846833 0.7228676 3.733333 0.4827734 0.7169898 2.833333 0.4827734 0.7169898 3.733333 0.4846833 0.7111119 2.833333 0.4846833 0.7111119 3.733333 0.4896833 0.7074792 2.833333 0.4896833 0.7074792 3.733333 0.4958636 0.7074792 2.833333 0.4958636 0.7074792 3.733333 0.5008636 0.7111119 2.833333 0.5008636 0.7111119 3.733333 5.551115e-17 -0.87 1.066667 0.007559451 -0.8699401 1.046006 0.03602505 -0.8694743 1.056423 0.0284656 -0.8695342 1.077083 0.005917029 -0.8570218 1.049917 0.03438263 -0.856556 1.060334 0.002014503 -0.8490608 1.060225 0.0304801 -0.848595 1.070642 -0.002657495 -0.8490978 1.072994 0.02580811 -0.848632 1.083411 -0.00631442 -0.8571188 1.083346 0.02215118 -0.856653 1.093763 -0.007559451 -0.8700599 1.087327 0.02090615 -0.8695941 1.097744 -0.005917029 -0.8829782 1.083416 0.02254857 -0.8825124 1.093833 -0.002014503 -0.8909392 1.073108 0.0264511 -0.8904734 1.083525 0.002657495 -0.8909022 1.060339 0.0311231 -0.8904364 1.070756 0.00631442 -0.8828812 1.049987 0.03478002 -0.8824154 1.060404 0.0284656 -0.8695342 1.077083 0.03602505 -0.8693544 1.056424 0.06446017 -0.8679575 1.06684 0.05690072 -0.8681373 1.0875 0.03398545 -0.8564717 1.060264 0.06242057 -0.8550747 1.07068 0.02983746 -0.8485783 1.070528 0.05827258 -0.8471814 1.080945 0.02516546 -0.8486894 1.083297 0.05360058 -0.8472925 1.093713 0.021754 -0.8567625 1.093692 0.05018912 -0.8553656 1.104108 0.02090615 -0.8697139 1.097743 0.04934127 -0.868317 1.10816 0.02294575 -0.8825967 1.093903 0.05138087 -0.8811998 1.10432 0.02709375 -0.8904901 1.083638 0.05552887 -0.8890931 1.094055 0.03176574 -0.890379 1.07087 0.06020087 -0.888982 1.081287 0.0351772 -0.8823059 1.060475 0.06361232 -0.880909 1.070892 0.05690072 -0.8681373 1.0875 0.06446017 -0.8678376 1.066842 0.09283436 -0.865511 1.077258 0.08527491 -0.8658107 1.097917 0.06202403 -0.8550029 1.070611 0.09039822 -0.8526763 1.081028 0.05763096 -0.8471851 1.080831 0.08600515 -0.8448585 1.091248 0.05295896 -0.8473703 1.093599 0.08133315 -0.8450437 1.104015 0.04979258 -0.8554878 1.104037 0.07816677 -0.8531612 1.114453 0.04934127 -0.8684369 1.108158 0.07771546 -0.8661104 1.118575 0.05177741 -0.8812716 1.104389 0.0801516 -0.8789451 1.114806 0.05617048 -0.8890895 1.094169 0.08454467 -0.8867629 1.104585 0.06084248 -0.8889042 1.081401 0.08921667 -0.8865777 1.091818 0.06400886 -0.8807868 1.070963 0.09238305 -0.8784602 1.08138 0.08527491 -0.8658107 1.097917 0.09283436 -0.865391 1.07726 0.1211172 -0.8621373 1.087677 0.1135578 -0.862557 1.108333 0.09000275 -0.8526169 1.080959 0.1182856 -0.8493632 1.091375 0.08536526 -0.8448825 1.091134 0.1136481 -0.8416288 1.101551 0.08069326 -0.8451419 1.103901 0.1089761 -0.8418882 1.114317 0.0777713 -0.8532961 1.114381 0.1060542 -0.8500424 1.124798 0.07771546 -0.8662305 1.118573 0.1059983 -0.8629768 1.12899 0.08054708 -0.8790045 1.114875 0.10883 -0.8757508 1.125291 0.08518457 -0.886739 1.104699 0.1134674 -0.8834853 1.115116 0.08985657 -0.8864796 1.091933 0.1181394 -0.8832259 1.102349 0.09277853 -0.8783253 1.081452 0.1210614 -0.8750717 1.091869 0.1135578 -0.862557 1.108333 0.1211172 -0.862017 1.08768 0.1492785 -0.8578397 1.098097 0.1417191 -0.8583797 1.11875 0.1178916 -0.8493162 1.091307 0.1460529 -0.8451388 1.101724 0.1130106 -0.8416729 1.101437 0.1411719 -0.8374955 1.111854 0.1083386 -0.8420066 1.114202 0.1364999 -0.8378293 1.124619 0.1056602 -0.8501899 1.124725 0.1338215 -0.8460126 1.135142 0.1059983 -0.863097 1.128987 0.1341596 -0.8589197 1.139403 0.1092239 -0.8757979 1.12536 0.1373852 -0.8716206 1.135776 0.1141049 -0.8834412 1.115229 0.1422662 -0.8792639 1.125646 0.1187769 -0.8831074 1.102465 0.1469382 -0.8789301 1.112881 0.1214554 -0.8749241 1.091942 0.1496167 -0.8707468 1.102358 0.1417191 -0.8583797 1.11875 0.1492785 -0.8577191 1.0981 0.177288 -0.8526226 1.108517 0.1697286 -0.8532832 1.129167 0.1456608 -0.845104 1.101656 0.1736703 -0.8400075 1.112072 0.1405375 -0.8375597 1.111741 0.168547 -0.8324632 1.122157 0.1358655 -0.8379679 1.124503 0.163875 -0.8328714 1.13492 0.1334294 -0.8461728 1.135068 0.1614389 -0.8410763 1.145485 0.1341596 -0.8590403 1.1394 0.1621691 -0.8539438 1.149817 0.1377773 -0.8716554 1.135844 0.1657868 -0.8665589 1.146261 0.1429006 -0.8791997 1.125759 0.1709101 -0.8741032 1.136176 0.1475726 -0.8787915 1.112997 0.1755821 -0.8736949 1.123414 0.1500088 -0.8705866 1.102432 0.1780183 -0.8654901 1.112849 0.1697286 -0.8532832 1.129167 0.177288 -0.8525018 1.108521 0.2051158 -0.8464916 1.118938 0.1975563 -0.847273 1.139583 0.1732806 -0.8399847 1.112005 0.2011084 -0.8339745 1.122421 0.1679164 -0.8325473 1.122044 0.1957442 -0.8265371 1.13246 0.1632444 -0.8330302 1.134803 0.1910722 -0.82702 1.14522 0.1610491 -0.8412491 1.14541 0.1888769 -0.8352389 1.155827 0.1621691 -0.8540646 1.149812 0.1899969 -0.8480544 1.160229 0.1661766 -0.8665816 1.146329 0.1940043 -0.8605714 1.156745 0.1715408 -0.8740191 1.13629 0.1993685 -0.8680089 1.146706 0.1762128 -0.8735362 1.12353 0.2040405 -0.8675259 1.133947 0.178408 -0.8653173 1.112923 0.2062358 -0.8593071 1.12334 0.1975563 -0.847273 1.139583 0.2051158 -0.8463703 1.118943 0.232732 -0.8394528 1.129359 0.2251726 -0.8403555 1.15 0.2007213 -0.8339638 1.122354 0.2283376 -0.8270463 1.132771 0.195118 -0.8266409 1.132347 0.2227342 -0.8197234 1.142763 0.190446 -0.8271988 1.145103 0.2180622 -0.8202813 1.15552 0.1884899 -0.8354243 1.155751 0.2161061 -0.8285068 1.166168 0.1899969 -0.8481756 1.160224 0.2176131 -0.8412581 1.170641 0.1943914 -0.8605822 1.156813 0.2220076 -0.8536647 1.167229 0.1999947 -0.8679051 1.14682 0.227611 -0.8609875 1.157237 0.2046667 -0.8673472 1.134063 0.232283 -0.8604297 1.14448 0.2066228 -0.8591216 1.123415 0.234239 -0.8522041 1.133832 0.2251726 -0.8403555 1.15 0.232732 -0.8393311 1.129365 0.2601071 -0.8315137 1.139782 0.2525477 -0.8325381 1.160417 0.2279537 -0.8270473 1.132704 0.2553288 -0.81923 1.14312 0.2221131 -0.8198468 1.142649 0.2494882 -0.8120294 1.153066 0.2174411 -0.8204799 1.155402 0.2448162 -0.8126625 1.165819 0.2157223 -0.8287048 1.166092 0.2430974 -0.8208874 1.176509 0.2176131 -0.8413798 1.170635 0.2449882 -0.8335624 1.181052 0.2223914 -0.8536636 1.167296 0.2497665 -0.8458462 1.177713 0.228232 -0.8608641 1.157351 0.2556071 -0.8530468 1.167767 0.232904 -0.8602311 1.144598 0.2602791 -0.8524137 1.155014 0.2346229 -0.8520062 1.133908 0.261998 -0.8441888 1.144325 0.2525477 -0.8325381 1.160417 0.2601071 -0.8313915 1.139788 0.2872118 -0.8226827 1.150205 0.2796523 -0.8238292 1.170833 0.2549485 -0.8192427 1.143054 0.2820532 -0.8105338 1.153471 0.2488729 -0.8121722 1.152952 0.2759776 -0.8034633 1.163368 0.2442009 -0.8128808 1.165701 0.2713056 -0.8041719 1.176118 0.2427171 -0.8210978 1.176432 0.2698217 -0.8123889 1.186848 0.2449882 -0.8336846 1.181045 0.2720929 -0.8249758 1.191462 0.2501468 -0.8458335 1.177779 0.2772515 -0.8371246 1.188196 0.2562224 -0.852904 1.167882 0.2833271 -0.8441951 1.178298 0.2608944 -0.8521954 1.155132 0.2879991 -0.8434865 1.165549 0.2623783 -0.8439784 1.144402 0.2894829 -0.8352695 1.154818 0.2796523 -0.8238292 1.170833 0.2872118 -0.8225599 1.150212 0.314017 -0.8129689 1.160629 0.3064575 -0.8142382 1.18125 0.2816769 -0.810558 1.153404 0.3084821 -0.8009669 1.163821 0.2753687 -0.8036252 1.163254 0.3021739 -0.7940342 1.17367 0.2706967 -0.8044097 1.175999 0.2975019 -0.7948186 1.186415 0.2694454 -0.8126118 1.18677 0.2962507 -0.8030207 1.197187 0.2720929 -0.8250985 1.191455 0.2988981 -0.8155075 1.201871 0.2776278 -0.8371004 1.188263 0.304433 -0.8275094 1.198679 0.283936 -0.8440332 1.178413 0.3107412 -0.8344421 1.18883 0.288608 -0.8432487 1.165668 0.3154132 -0.8336577 1.176085 0.2898592 -0.8350467 1.154896 0.3166644 -0.8254556 1.165313 0.3064575 -0.8142382 1.18125 0.314017 -0.8128455 1.160637 0.340494 -0.8023825 1.171053 0.3329346 -0.8037752 1.191667 0.3081102 -0.8010024 1.163755 0.3345872 -0.7905394 1.174171 0.3015721 -0.794215 1.173556 0.3280492 -0.783752 1.183972 0.2969001 -0.7950757 1.186295 0.3233772 -0.7846127 1.196712 0.2958787 -0.8032558 1.197108 0.3223558 -0.7927929 1.207525 0.2988981 -0.8156308 1.201863 0.3253751 -0.8051679 1.21228 0.3048049 -0.8274739 1.198745 0.3312819 -0.8170109 1.209162 0.311343 -0.8342613 1.188944 0.33782 -0.8237984 1.199361 0.316015 -0.8334006 1.176205 0.342492 -0.8229377 1.186621 0.3170363 -0.8252205 1.165392 0.3435134 -0.8147575 1.175809 0.3329346 -0.8037752 1.191667 0.340494 -0.8022584 1.171062 0.3666146 -0.7909347 1.181479 0.3590551 -0.7924515 1.202083 0.3342201 -0.790586 1.174106 0.3603406 -0.7792623 1.184522 0.3274551 -0.7839514 1.183857 0.3535756 -0.7726277 1.194274 0.3227831 -0.7848888 1.196591 0.3489037 -0.7735651 1.207008 0.3219886 -0.7930402 1.207445 0.3481092 -0.7817165 1.217861 0.3253751 -0.805292 1.212271 0.3514957 -0.7939683 1.222688 0.3316491 -0.8169644 1.209228 0.3577696 -0.8056407 1.219644 0.3384141 -0.823599 1.199476 0.3645346 -0.8122753 1.209893 0.3430861 -0.8226616 1.186742 0.3692066 -0.8113379 1.197159 0.3438805 -0.8145102 1.175889 0.3700011 -0.8031865 1.186305 0.3590551 -0.7924515 1.202083 0.3666146 -0.7908099 1.181488 0.3923506 -0.7786377 1.191905 0.3847912 -0.7802793 1.2125 0.3599786 -0.7793197 1.184457 0.3857147 -0.7671475 1.194873 0.35299 -0.7728454 1.194158 0.378726 -0.7606732 1.204574 0.348318 -0.77386 1.206886 0.374054 -0.7616877 1.217303 0.3477472 -0.7819759 1.21778 0.3734832 -0.7698037 1.228197 0.3514957 -0.7940932 1.222678 0.3772317 -0.7819209 1.233095 0.3581316 -0.8055834 1.21971 0.3838676 -0.7934111 1.230127 0.3651203 -0.8120576 1.210009 0.3908563 -0.7998854 1.220426 0.3697923 -0.8110431 1.19728 0.3955283 -0.7988708 1.207697 0.370363 -0.8029271 1.186386 0.3960991 -0.7907549 1.196803 0.3847912 -0.7802793 1.2125 0.3923506 -0.778512 1.191915 0.4176746 -0.7655042 1.202332 0.4101152 -0.7672715 1.222917 0.3853583 -0.7672154 1.194808 0.4106823 -0.7542076 1.205224 0.3781493 -0.7609088 1.204458 0.4034733 -0.747901 1.214875 0.3734773 -0.7620011 1.21718 0.3988013 -0.7489933 1.227597 0.3731268 -0.770075 1.228115 0.3984508 -0.7570672 1.238531 0.3772317 -0.7820466 1.233085 0.4025557 -0.7690388 1.243501 0.384224 -0.7933431 1.230192 0.409548 -0.7803354 1.240609 0.391433 -0.7996497 1.220542 0.416757 -0.786642 1.230959 0.396105 -0.7985575 1.20782 0.421429 -0.7855497 1.218236 0.3964555 -0.7904836 1.196885 0.4217795 -0.7774758 1.207302 0.4101152 -0.7672715 1.222917 0.4176746 -0.7653776 1.202343 0.4425595 -0.7515482 1.21276 0.435 -0.7534421 1.233333 0.4103318 -0.7542859 1.205159 0.4352167 -0.7404565 1.215576 0.4029063 -0.7481543 1.214758 0.4277911 -0.7343249 1.225175 0.3982343 -0.7493248 1.227473 0.4231191 -0.7354954 1.23789 0.3981004 -0.7573503 1.238448 0.4229852 -0.7435209 1.248864 0.4025557 -0.7691654 1.24349 0.4274405 -0.755336 1.253907 0.4098985 -0.7802571 1.240674 0.4347833 -0.7664277 1.251091 0.4173241 -0.7863887 1.231075 0.4422089 -0.7725593 1.241492 0.4219961 -0.7852182 1.21836 0.4468809 -0.7713888 1.228777 0.42213 -0.7771927 1.207386 0.4470148 -0.7633633 1.217802 0.435 -0.7534421 1.233333 0.4425595 -0.7514207 1.212772 0.4669785 -0.7367845 1.223189 0.459419 -0.7388059 1.24375 0.4348725 -0.7405449 1.215511 0.4592915 -0.7259087 1.225927 0.4272343 -0.7345955 1.225057 0.4516533 -0.7199593 1.235474 0.4225623 -0.7358448 1.237765 0.4469813 -0.7212086 1.248181 0.4226411 -0.7438157 1.24878 0.4470601 -0.7291795 1.259196 0.4274405 -0.7554635 1.253895 0.4518596 -0.7408273 1.264311 0.4351275 -0.7663393 1.251156 0.4595465 -0.7517031 1.261573 0.4427657 -0.7722887 1.24161 0.4671848 -0.7576525 1.252026 0.4474377 -0.7710394 1.228902 0.4718568 -0.7564032 1.239319 0.4473589 -0.7630685 1.217887 0.471778 -0.7484323 1.228304 0.459419 -0.7388059 1.24375 0.4669785 -0.7366559 1.223202 0.4909056 -0.7212285 1.233618 0.4833461 -0.7233786 1.254167 0.4589541 -0.7260069 1.225862 0.4828811 -0.7105795 1.236279 0.4511073 -0.7202466 1.235355 0.4750343 -0.7048193 1.245772 0.4464353 -0.7215754 1.248055 0.4703623 -0.7061481 1.258472 0.4467226 -0.7294857 1.25911 0.4706497 -0.7140583 1.269527 0.4518596 -0.7409559 1.264298 0.4757867 -0.7255286 1.274715 0.459884 -0.7516049 1.261638 0.4838111 -0.7361776 1.272054 0.4677308 -0.7573651 1.252145 0.4916579 -0.7419378 1.262561 0.4724028 -0.7560364 1.239445 0.4963299 -0.740609 1.249862 0.4721154 -0.7481261 1.22839 0.4960425 -0.7326988 1.238807 0.4833461 -0.7233786 1.254167 0.4909056 -0.7210988 1.233632 0.514315 -0.7048969 1.244049 0.5067556 -0.7071766 1.264583 0.4825507 -0.7106872 1.236214 0.5059602 -0.6944852 1.246631 0.4744997 -0.7051232 1.245653 0.4979092 -0.6889212 1.25607 0.4698277 -0.7065321 1.258344 0.4932372 -0.6903302 1.268761 0.4703193 -0.7143758 1.269439 0.4937288 -0.6981739 1.279856 0.4757867 -0.7256583 1.274701 0.4991961 -0.7094563 1.285118 0.4841415 -0.73607 1.272119 0.507551 -0.719868 1.282536 0.4921925 -0.741634 1.26268 0.515602 -0.725432 1.273097 0.4968645 -0.740225 1.249989 0.520274 -0.7240231 1.260406 0.4963729 -0.7323813 1.238894 0.5197824 -0.7161793 1.249311 0.5067556 -0.7071766 1.264583 0.514315 -0.704766 1.244064 0.5371819 -0.6878068 1.254481 0.5296224 -0.6902174 1.275 0.5056372 -0.694602 1.246566 0.528504 -0.6776428 1.256983 0.4973865 -0.6892411 1.25595 0.5202534 -0.6722819 1.266367 0.4927145 -0.6907309 1.268632 0.5155814 -0.6737717 1.279048 0.4934057 -0.6985025 1.279767 0.5162726 -0.6815433 1.290184 0.4991961 -0.7095872 1.285103 0.522063 -0.692628 1.295519 0.507874 -0.7197512 1.282601 0.5307408 -0.702792 1.293017 0.5161247 -0.7251122 1.273217 0.5389915 -0.708153 1.283633 0.5207966 -0.7236223 1.260535 0.5436635 -0.7066631 1.270952 0.5201054 -0.7158508 1.2494 0.5429723 -0.6988916 1.259816 0.5296224 -0.6902174 1.275 0.5371819 -0.6876746 1.254497 0.5594816 -0.6699763 1.264913 0.5519222 -0.6725191 1.285417 0.5281888 -0.6777684 1.256918 0.5504885 -0.6600701 1.267334 0.5197433 -0.6726173 1.266246 0.542043 -0.6549189 1.276662 0.5150713 -0.6741888 1.278918 0.537371 -0.6564905 1.289334 0.5159573 -0.6818827 1.290093 0.538257 -0.6641844 1.30051 0.522063 -0.6927602 1.295503 0.5443627 -0.6750619 1.30592 0.5310561 -0.7026664 1.293082 0.5533558 -0.6849681 1.303499 0.5395016 -0.7078176 1.283754 0.5618013 -0.6901192 1.294171 0.5441736 -0.706246 1.271082 0.5664733 -0.6885477 1.281499 0.5432876 -0.6985521 1.259907 0.5655873 -0.6808538 1.270324 0.5519222 -0.6725191 1.285417 0.5594816 -0.6698428 1.26493 0.5811903 -0.6514243 1.275347 0.5736309 -0.6541006 1.295833 0.5501813 -0.6602041 1.26727 0.57189 -0.6417857 1.277686 0.5415459 -0.6552694 1.276541 0.5632546 -0.636851 1.286957 0.5368739 -0.6569235 1.289202 0.5585826 -0.638505 1.299619 0.5379499 -0.6645345 1.300417 0.5596586 -0.6461161 1.310834 0.5443627 -0.6751954 1.305903 0.5660714 -0.656777 1.31632 0.553663 -0.684834 1.303564 0.5753717 -0.6664156 1.31398 0.5622984 -0.6897688 1.294293 0.5840071 -0.6713503 1.304709 0.5669704 -0.6881147 1.281631 0.5886791 -0.6696962 1.292048 0.5658945 -0.6805036 1.270416 0.5876032 -0.6620852 1.280833 0.5736309 -0.6541006 1.295833 0.5811903 -0.6512893 1.275365 0.6022848 -0.6321704 1.285782 0.5947253 -0.6349817 1.30625 0.5715912 -0.6419279 1.277622 0.5926857 -0.622809 1.288038 0.5627712 -0.637216 1.286835 0.5838657 -0.6180971 1.297251 0.5580992 -0.6389535 1.299485 0.5791937 -0.6198346 1.309901 0.5593598 -0.6464767 1.31074 0.5804542 -0.6273578 1.321157 0.5660714 -0.6569119 1.316302 0.5871659 -0.637793 1.326718 0.5756705 -0.6662734 1.314045 0.5967649 -0.6471545 1.324462 0.5844905 -0.6709853 1.304832 0.6055849 -0.6518664 1.315249 0.5891625 -0.6692478 1.292182 0.6102569 -0.6501289 1.302599 0.5879019 -0.6617246 1.280927 0.6089964 -0.6426057 1.291343 0.5947253 -0.6349817 1.30625 0.6022848 -0.6320339 1.285801 0.6227424 -0.6122351 1.296218 0.6151829 -0.6151829 1.316667 0.5923956 -0.6229589 1.287974 0.6128532 -0.6031601 1.29839 0.5833964 -0.6184762 1.297127 0.603854 -0.5986774 1.307544 0.5787244 -0.6202981 1.309766 0.599182 -0.6004992 1.320182 0.5801642 -0.6277286 1.321061 0.6006218 -0.6079297 1.331478 0.5871659 -0.6379295 1.326699 0.6076234 -0.6181307 1.337116 0.597055 -0.6470046 1.324526 0.6175126 -0.6272057 1.334943 0.6060542 -0.6514873 1.315373 0.6265118 -0.6316884 1.325789 0.6107262 -0.6496654 1.302734 0.6311838 -0.6298666 1.313151 0.6092864 -0.6422349 1.291439 0.629744 -0.6224361 1.301856 0.6151829 -0.6151829 1.316667 0.6227424 -0.612097 1.296238 0.6425412 -0.5916394 1.306655 0.6349817 -0.5947253 1.327083 0.6125722 -0.6033174 1.298326 0.6323711 -0.5828598 1.308742 0.6033993 -0.59907 1.307419 0.6231981 -0.5786124 1.317836 0.5987273 -0.6009772 1.320045 0.6185261 -0.5805196 1.330461 0.6003408 -0.6083105 1.33138 0.6201396 -0.5878529 1.341797 0.6076234 -0.6182688 1.337095 0.6274223 -0.5978112 1.347512 0.6177936 -0.6270484 1.335008 0.6375924 -0.6065908 1.345424 0.6269665 -0.6312958 1.325914 0.6467653 -0.6108382 1.336331 0.6316385 -0.6293886 1.313289 0.6514373 -0.608931 1.323705 0.630025 -0.6220553 1.301953 0.6498239 -0.6015977 1.31237 0.6349817 -0.5947253 1.327083 0.6425412 -0.5914995 1.306676 0.6616601 -0.5704051 1.317093 0.6541006 -0.5736309 1.3375 0.6320994 -0.583024 1.308678 0.6512183 -0.5619295 1.319094 0.6227586 -0.5790179 1.317709 0.6418775 -0.5579235 1.328126 0.6180866 -0.5810115 1.330322 0.6372055 -0.5599171 1.340738 0.619868 -0.5882433 1.341697 0.6389869 -0.5671489 1.352114 0.6274223 -0.5979511 1.34749 0.6465412 -0.5768566 1.357907 0.6378641 -0.6064266 1.345489 0.656983 -0.5853322 1.355906 0.6472049 -0.6104327 1.336457 0.6663238 -0.5893383 1.346874 0.6518769 -0.6084391 1.323845 0.6709958 -0.5873446 1.334262 0.6500955 -0.6012073 1.31247 0.6692144 -0.5801128 1.322886 0.6541006 -0.5736309 1.3375 0.6616601 -0.5702635 1.317116 0.6800785 -0.5485548 1.327532 0.6725191 -0.5519222 1.347917 0.6509563 -0.5621002 1.31903 0.6693748 -0.5403915 1.329446 0.6414535 -0.5583413 1.327998 0.659872 -0.5366326 1.338415 0.6367815 -0.5604225 1.340596 0.6552 -0.5387138 1.351013 0.6387248 -0.5675488 1.352012 0.6571433 -0.5458401 1.362429 0.6465412 -0.5769983 1.357884 0.6649596 -0.5552896 1.368301 0.657245 -0.5851615 1.35597 0.6756634 -0.5634528 1.366387 0.6667477 -0.5889204 1.347002 0.6851662 -0.5672117 1.357418 0.6714197 -0.5868392 1.334404 0.6898382 -0.5651305 1.34482 0.6694764 -0.5797129 1.322988 0.6878949 -0.5580042 1.333405 0.6725191 -0.5519222 1.347917 0.6800785 -0.5484112 1.327557 0.6977769 -0.5261115 1.337973 0.6902174 -0.5296224 1.358333 0.6691227 -0.5405683 1.329381 0.686821 -0.5182686 1.339798 0.6594641 -0.5370623 1.338286 0.6771624 -0.5147625 1.348703 0.6547921 -0.5392322 1.350869 0.6724904 -0.5169324 1.361286 0.6568912 -0.5462492 1.362325 0.6745895 -0.5239495 1.372741 0.6649596 -0.5554331 1.368277 0.682658 -0.5331334 1.378693 0.6759155 -0.563276 1.366452 0.6936138 -0.5409763 1.376869 0.6855741 -0.5667821 1.357547 0.7032724 -0.5444823 1.367964 0.6902461 -0.5646122 1.344964 0.7079444 -0.5423124 1.355381 0.688147 -0.5575951 1.333509 0.7058453 -0.5352954 1.343925 0.6902174 -0.5296224 1.358333 0.6977769 -0.5259659 1.337999 0.7147361 -0.5030991 1.348416 0.7071766 -0.5067556 1.36875 0.686579 -0.5184511 1.339733 0.7035383 -0.4955842 1.35015 0.676771 -0.5152033 1.348572 0.6937302 -0.4923365 1.358989 0.672099 -0.5174632 1.361139 0.6890582 -0.4945963 1.371556 0.6743476 -0.5243675 1.372635 0.6913068 -0.5015006 1.383052 0.682658 -0.533279 1.378668 0.6996172 -0.5104121 1.389084 0.6938558 -0.5407938 1.376933 0.710815 -0.517927 1.38735 0.7036638 -0.5440416 1.368095 0.7206231 -0.5211747 1.378511 0.7083358 -0.5417817 1.355527 0.7252951 -0.5189149 1.365944 0.7060872 -0.5348774 1.344032 0.7230464 -0.5120106 1.354448 0.7071766 -0.5067556 1.36875 0.7147361 -0.5029513 1.348443 0.730938 -0.4795419 1.358859 0.7233786 -0.4833461 1.379167 0.7033068 -0.4957718 1.350085 0.7195087 -0.4723623 1.360502 0.6933556 -0.4927877 1.358857 0.7095576 -0.4693782 1.369273 0.6886836 -0.4951388 1.371407 0.7048856 -0.4717293 1.381824 0.6910753 -0.5019272 1.382943 0.7072773 -0.4785177 1.393359 0.6996172 -0.5105598 1.389057 0.7158191 -0.4871504 1.399474 0.7110464 -0.5177394 1.387415 0.7272484 -0.4943299 1.397832 0.7209976 -0.5207235 1.378643 0.7371995 -0.497314 1.38906 0.7256696 -0.5183724 1.366093 0.7418715 -0.4949629 1.376509 0.7232779 -0.511584 1.354557 0.7394798 -0.4881745 1.364974 0.7233786 -0.4833461 1.379167 0.730938 -0.4793919 1.358888 0.7463653 -0.4554648 1.369305 0.7388059 -0.459419 1.389583 0.719288 -0.4725545 1.360437 0.7347153 -0.4486275 1.370853 0.7092004 -0.4698392 1.36914 0.7246277 -0.4459121 1.379556 0.7045284 -0.472283 1.381672 0.7199557 -0.448356 1.392089 0.7070565 -0.4789526 1.393248 0.7224838 -0.4550255 1.403665 0.7158191 -0.4873003 1.399445 0.7312464 -0.4633732 1.409862 0.7274692 -0.4941377 1.397897 0.7428965 -0.4702106 1.408313 0.7375568 -0.496853 1.389194 0.7529841 -0.4729259 1.39961 0.7422288 -0.4944092 1.376661 0.7576561 -0.4704821 1.387078 0.7397006 -0.4877396 1.365085 0.755128 -0.4638125 1.375502 0.7388059 -0.459419 1.389583 0.7463653 -0.4553125 1.369335 0.7610016 -0.4308935 1.379752 0.7534421 -0.435 1.4 0.7345054 -0.4488239 1.370788 0.7491416 -0.4244049 1.381205 0.7242882 -0.4463823 1.379421 0.7389244 -0.4219632 1.389837 0.7196162 -0.4489202 1.391935 0.7342524 -0.4245012 1.402352 0.722274 -0.4554684 1.403551 0.7369102 -0.4310494 1.413967 0.7312464 -0.4635256 1.409832 0.7458826 -0.4391065 1.420248 0.7431064 -0.4700142 1.408378 0.7577426 -0.4455951 1.418795 0.7533236 -0.4724558 1.399746 0.7679598 -0.4480368 1.410163 0.7579956 -0.4699178 1.387232 0.7726318 -0.4454988 1.397648 0.7553378 -0.4633697 1.375616 0.769974 -0.4389506 1.386033 0.7534421 -0.435 1.4 0.7610016 -0.4307387 1.379784 0.774831 -0.4058538 1.3902 0.7672715 -0.4101152 1.410417 0.7489429 -0.4246049 1.38114 0.7627723 -0.3997201 1.391557 0.7386029 -0.4224418 1.3897 0.7524323 -0.397557 1.400117 0.7339309 -0.4250755 1.402194 0.7477603 -0.4001906 1.412611 0.7367115 -0.4315 1.413851 0.7505409 -0.4066151 1.424267 0.7458826 -0.4392613 1.420216 0.759712 -0.4143765 1.430633 0.7579413 -0.4453951 1.41886 0.7717707 -0.4205102 1.429277 0.7682813 -0.4475582 1.4103 0.7821107 -0.4226734 1.420717 0.7729533 -0.4449245 1.397806 0.7867827 -0.4200397 1.408222 0.7701727 -0.4385 1.386149 0.7840021 -0.4136152 1.396566 0.7672715 -0.4101152 1.410417 0.774831 -0.4056964 1.390234 0.7878387 -0.3803724 1.400651 0.7802793 -0.3847912 1.420833 0.762585 -0.3999233 1.391491 0.7755928 -0.3745993 1.401908 0.7521292 -0.3980432 1.399977 0.7651369 -0.3727192 1.410394 0.7474572 -0.4007742 1.412451 0.7604649 -0.3754502 1.422868 0.7503536 -0.4070731 1.424147 0.7633614 -0.3817491 1.434564 0.759712 -0.414534 1.430599 0.7727198 -0.38921 1.441016 0.771958 -0.420307 1.429342 0.7849658 -0.394983 1.439759 0.7824138 -0.4221871 1.420856 0.7954216 -0.3968631 1.431273 0.7870858 -0.4194562 1.408382 0.8000936 -0.3941322 1.418799 0.7841894 -0.4131572 1.396686 0.7971972 -0.3878332 1.407103 0.7802793 -0.3847912 1.420833 0.7878387 -0.3802122 1.400687 0.800011 -0.3544761 1.411103 0.7924515 -0.3590551 1.43125 0.775417 -0.3748051 1.401843 0.7875893 -0.3490691 1.41226 0.7648526 -0.3732124 1.410253 0.7770248 -0.3474763 1.420669 0.7601806 -0.3760424 1.422704 0.7723528 -0.3503063 1.433121 0.7631856 -0.3822141 1.434441 0.7753578 -0.356478 1.444858 0.7727198 -0.3893702 1.44098 0.7848921 -0.3636341 1.451397 0.7851415 -0.3947772 1.439824 0.7973138 -0.3690412 1.45024 0.795706 -0.3963699 1.431414 0.8078783 -0.3706339 1.441831 0.800378 -0.39354 1.418963 0.8125503 -0.3678039 1.429379 0.797373 -0.3873682 1.407226 0.8095452 -0.3616322 1.417642 0.7924515 -0.3590551 1.43125 0.800011 -0.354313 1.411141 0.8113346 -0.3281925 1.421558 0.8037752 -0.3329346 1.441667 0.7874253 -0.3492769 1.412194 0.7987489 -0.3231563 1.422611 0.7767594 -0.3479757 1.420526 0.7880831 -0.3218552 1.430943 0.7720874 -0.3509065 1.432954 0.7834111 -0.324786 1.443371 0.7751938 -0.3569498 1.444731 0.7865175 -0.3308292 1.455148 0.7848921 -0.3637972 1.451359 0.7962157 -0.3376767 1.461776 0.7974778 -0.3688334 1.450306 0.8088014 -0.3427128 1.460722 0.8081436 -0.3701345 1.441974 0.8194673 -0.344014 1.452391 0.8128156 -0.3672037 1.429546 0.8241393 -0.3410832 1.439963 0.8097092 -0.3611605 1.417769 0.8210329 -0.3350399 1.428186 0.8037752 -0.3329346 1.441667 0.8113346 -0.3280263 1.421598 0.8217976 -0.3015492 1.432014 0.8142382 -0.3064575 1.452083 0.7985969 -0.3233656 1.422546 0.8090598 -0.2968885 1.432962 0.787837 -0.3223599 1.430797 0.7983 -0.2958828 1.441214 0.783165 -0.3253934 1.4432 0.793628 -0.2989163 1.453617 0.7863654 -0.3313074 1.455018 0.7968284 -0.3048303 1.465434 0.7962157 -0.3378429 1.461736 0.8066787 -0.3113658 1.472152 0.8089535 -0.3425036 1.460788 0.8194165 -0.3160266 1.471204 0.8197134 -0.3435093 1.452536 0.8301763 -0.3170322 1.462953 0.8243853 -0.3404758 1.440133 0.8348483 -0.3139987 1.45055 0.821185 -0.3345618 1.428316 0.8316479 -0.3080848 1.438732 0.8142382 -0.3064575 1.452083 0.8217976 -0.3013798 1.432057 0.8313887 -0.2745746 1.442473 0.8238292 -0.2796523 1.4625 0.8089198 -0.2970986 1.432897 0.8185109 -0.2702934 1.443313 0.7980735 -0.2963922 1.441066 0.8076646 -0.2695869 1.451482 0.7934015 -0.2995303 1.453443 0.8029926 -0.2727251 1.463859 0.7966884 -0.3053145 1.465301 0.8062795 -0.2785093 1.475717 0.8066787 -0.3115353 1.47211 0.8162698 -0.28473 1.482527 0.8195565 -0.3158165 1.47127 0.8291475 -0.2890113 1.481687 0.8304028 -0.3165229 1.463101 0.8399939 -0.2897177 1.473518 0.8350748 -0.3133847 1.450724 0.8446659 -0.2865795 1.461141 0.8317879 -0.3076006 1.438866 0.841379 -0.2807954 1.449283 0.8238292 -0.2796523 1.4625 0.8313887 -0.2744018 1.442518 0.8400975 -0.2472972 1.452935 0.8325381 -0.2525477 1.472917 0.8183832 -0.2705037 1.443248 0.827092 -0.243399 1.453665 0.8074579 -0.2701 1.451332 0.8161668 -0.2429953 1.461748 0.8027859 -0.273345 1.463681 0.8114948 -0.2462403 1.474098 0.8061517 -0.2789992 1.47558 0.8148606 -0.2518945 1.485996 0.8162698 -0.2849028 1.482482 0.8249786 -0.2577982 1.492899 0.8292753 -0.288801 1.481752 0.8379841 -0.2616963 1.492169 0.8402005 -0.2892047 1.473668 0.8489094 -0.2621 1.484085 0.8448725 -0.2859597 1.461319 0.8535814 -0.258855 1.471735 0.8415067 -0.2803055 1.44942 0.8502156 -0.2532008 1.459837 0.8325381 -0.2525477 1.472917 0.8400975 -0.2471208 1.452982 0.8479149 -0.2197457 1.463398 0.8403555 -0.2251726 1.483333 0.8269767 -0.2436089 1.453599 0.8347941 -0.2162338 1.464016 0.8159801 -0.2435113 1.461595 0.8237975 -0.2161362 1.472012 0.8113081 -0.2468653 1.473916 0.8191255 -0.2194902 1.484332 0.8147452 -0.2523897 1.485855 0.8225626 -0.2250146 1.496271 0.8249786 -0.2579745 1.492852 0.832796 -0.2305994 1.503268 0.8380995 -0.2614865 1.492234 0.8459169 -0.2341114 1.502651 0.8490961 -0.2615841 1.484238 0.8569135 -0.234209 1.494655 0.8537681 -0.2582301 1.471918 0.8615855 -0.230855 1.482334 0.8503309 -0.2527056 1.459979 0.8581483 -0.2253305 1.470395 0.8403555 -0.2251726 1.483333 0.8479149 -0.2195656 1.463448 0.8548324 -0.1919494 1.473865 0.847273 -0.1975563 1.49375 0.8346912 -0.2164426 1.46395 0.8416087 -0.1888264 1.474367 0.8236311 -0.2166541 1.471856 0.8305486 -0.1890379 1.482273 0.8189591 -0.2201194 1.484146 0.8258766 -0.1925032 1.494562 0.8224598 -0.2255149 1.496125 0.8293773 -0.1978986 1.506542 0.832796 -0.2307796 1.503218 0.8397135 -0.2031633 1.513635 0.8460197 -0.2339026 1.502716 0.8529372 -0.2062863 1.513133 0.8570799 -0.233691 1.494811 0.8639974 -0.2060748 1.505227 0.8617519 -0.2302257 1.482521 0.8686694 -0.2026095 1.492938 0.8582512 -0.2248303 1.470542 0.8651687 -0.1972141 1.480958 0.847273 -0.1975563 1.49375 0.8548324 -0.1917653 1.473918 0.8608426 -0.1639375 1.484334 0.8532832 -0.1697286 1.504167 0.8415185 -0.1890334 1.474301 0.8475287 -0.1612056 1.484718 0.8304026 -0.189557 1.482114 0.8364128 -0.1617292 1.492531 0.8257306 -0.193136 1.494371 0.8317408 -0.1653083 1.504788 0.829287 -0.1984035 1.506391 0.8352973 -0.1705758 1.516807 0.8397135 -0.2033474 1.513582 0.8457237 -0.1755196 1.523999 0.8530275 -0.2060793 1.513199 0.8590377 -0.1782515 1.523615 0.8641434 -0.2055557 1.505386 0.8701536 -0.1777279 1.515803 0.8688154 -0.2019766 1.493129 0.8748256 -0.1741489 1.503546 0.8652589 -0.1967092 1.481109 0.8712691 -0.1688814 1.491526 0.8532832 -0.1697286 1.504167 0.8608426 -0.1637493 1.48439 0.8659392 -0.1357398 1.494807 0.8583797 -0.1417191 1.514583 0.8474512 -0.1614102 1.484653 0.8525477 -0.1334007 1.495069 0.8362873 -0.1622485 1.492369 0.8413838 -0.134239 1.502785 0.8316153 -0.1659439 1.504591 0.8367118 -0.1379344 1.515008 0.8352197 -0.1710849 1.516652 0.8403162 -0.1430754 1.527068 0.8457237 -0.1757079 1.523943 0.8508202 -0.1476983 1.53436 0.8591152 -0.1780469 1.523681 0.8642117 -0.1500374 1.534097 0.870279 -0.1772087 1.515965 0.8753756 -0.1491992 1.526381 0.874951 -0.1735133 1.503742 0.8800476 -0.1455038 1.514159 0.8713467 -0.1683723 1.491682 0.8764432 -0.1403627 1.502098 0.8583797 -0.1417191 1.514583 0.8659392 -0.1355472 1.494866 0.8701165 -0.1073859 1.505283 0.862557 -0.1135578 1.525 0.8524829 -0.1336022 1.495004 0.8566603 -0.1054409 1.505421 0.8412791 -0.1347575 1.502621 0.8454564 -0.1065962 1.513037 0.8366071 -0.1385719 1.514806 0.8407844 -0.1104107 1.525223 0.8402515 -0.1435885 1.526907 0.8444288 -0.1154272 1.537324 0.8508202 -0.1478909 1.5343 0.8549976 -0.1197297 1.544717 0.8642764 -0.149836 1.534163 0.8684538 -0.1216747 1.544579 0.8754803 -0.1486806 1.526546 0.8796576 -0.1205193 1.536963 0.8801523 -0.1448662 1.51436 0.8843296 -0.1167049 1.524777 0.8765079 -0.1398497 1.50226 0.8806852 -0.1116884 1.512676 0.862557 -0.1135578 1.525 0.8701165 -0.1071887 1.505346 0.8733702 -0.07890584 1.515762 0.8658107 -0.08527491 1.535417 0.8566084 -0.1056384 1.505356 0.8598621 -0.07735554 1.515772 0.8453725 -0.107113 1.512869 0.8486262 -0.07883017 1.523286 0.8407005 -0.1110493 1.525016 0.8439542 -0.08276647 1.535433 0.844377 -0.1159438 1.537157 0.8476306 -0.08766091 1.547574 0.8549976 -0.1199269 1.544654 0.8582513 -0.09164399 1.555071 0.8685056 -0.1214772 1.544644 0.8717593 -0.09319429 1.555061 0.8797416 -0.1200025 1.537131 0.8829952 -0.09171966 1.547548 0.8844135 -0.1160662 1.524984 0.8876672 -0.08778335 1.535401 0.8807371 -0.1111718 1.512843 0.8839908 -0.08288891 1.52326 0.8658107 -0.08527491 1.535417 0.8733702 -0.07870379 1.515829 0.8756967 -0.0503296 1.526246 0.8681373 -0.05690072 1.545833 0.8598231 -0.07754839 1.515708 0.8621497 -0.0491742 1.526124 0.8485632 -0.07934426 1.523114 0.8508897 -0.05097007 1.533531 0.8438912 -0.08340544 1.53522 0.8462177 -0.05503125 1.545637 0.8475917 -0.08818069 1.547401 0.8499182 -0.0598065 1.557818 0.8582513 -0.09184604 1.555004 0.8605778 -0.06347185 1.565421 0.8717983 -0.09300144 1.555126 0.8741248 -0.06462725 1.565542 0.8830583 -0.09120557 1.547719 0.8853848 -0.06283138 1.558136 0.8877303 -0.08714439 1.535613 0.8900568 -0.0587702 1.54603 0.8840297 -0.08236913 1.523432 0.8863563 -0.05399494 1.533849 0.8681373 -0.05690072 1.545833 0.8756967 -0.05012245 1.526316 0.8770936 -0.02168733 1.536733 0.8695342 -0.0284656 1.55625 0.8621237 -0.04936158 1.52606 0.8635206 -0.02092646 1.536476 0.8508477 -0.05148041 1.533356 0.8522446 -0.02304529 1.543772 0.8461757 -0.05566962 1.545418 0.8475726 -0.0272345 1.555835 0.8498923 -0.06032906 1.557639 0.8512892 -0.03189394 1.568055 0.8605778 -0.063679 1.56535 0.8619747 -0.03524388 1.575767 0.8741508 -0.06443986 1.565607 0.8755478 -0.03600474 1.576024 0.8854269 -0.06232103 1.558311 0.8868238 -0.03388591 1.568728 0.8900989 -0.05813183 1.546249 0.8914958 -0.0296967 1.556665 0.8863823 -0.05347238 1.534028 0.8877792 -0.02503726 1.544445 0.8695342 -0.0284656 1.55625 0.8770936 -0.0214748 1.536808 0.8775595 0.006990803 1.547225 0.87 0 1.566667 0.8635076 -0.02110755 1.536412 0.8639734 0.00735805 1.546829 0.8522236 -0.02355083 1.543594 0.8526894 0.004914771 1.55401 0.8475516 -0.02787138 1.555609 0.8480174 0.0005942173 1.566026 0.8512762 -0.03241891 1.56787 0.851742 -0.003953308 1.578286 0.8619747 -0.03545641 1.575692 0.8624405 -0.006990803 1.586108 0.8755608 -0.03582365 1.576088 0.8760266 -0.00735805 1.586504 0.8868448 -0.03338037 1.568906 0.8873106 -0.004914771 1.579323 0.8915168 -0.02905982 1.556891 0.8919826 -0.0005942173 1.567307 0.8877922 -0.02451229 1.54463 0.888258 0.003953308 1.555047 0.87 3.469447e-18 1.566667 0.8775595 -0.006990803 1.586108 0.8770936 0.0214748 1.596525 0.8695342 0.0284656 1.577083 0.888258 -0.003953308 1.578286 0.8877922 0.02451229 1.588703 0.8919826 0.0005942173 1.566026 0.8915168 0.02905982 1.576443 0.8873106 0.004914771 1.55401 0.8868448 0.03338037 1.564427 0.8760266 0.00735805 1.546829 0.8755608 0.03582365 1.557246 0.8624405 0.006990803 1.547225 0.8619747 0.03545641 1.557642 0.851742 0.003953308 1.555047 0.8512762 0.03241891 1.565464 0.8480174 -0.0005942173 1.567307 0.8475516 0.02787138 1.577724 0.8526894 -0.004914771 1.579323 0.8522236 0.02355083 1.58974 0.8639734 -0.00735805 1.586504 0.8635076 0.02110755 1.596921 0.8695342 0.0284656 1.577083 0.8770936 0.02168733 1.5966 0.8756967 0.05012245 1.607017 0.8681373 0.05690072 1.5875 0.8877792 0.02503726 1.588889 0.8863823 0.05347238 1.599305 0.8914958 0.0296967 1.576668 0.8900989 0.05813183 1.587085 0.8868238 0.03388591 1.564606 0.8854269 0.06232103 1.575022 0.8755478 0.03600474 1.55731 0.8741508 0.06443986 1.567726 0.8619747 0.03524388 1.557566 0.8605778 0.063679 1.567983 0.8512892 0.03189394 1.565278 0.8498923 0.06032906 1.575695 0.8475726 0.0272345 1.577499 0.8461757 0.05566962 1.587915 0.8522446 0.02304529 1.589561 0.8508477 0.05148041 1.599978 0.8635206 0.02092646 1.596857 0.8621237 0.04936158 1.607274 0.8681373 0.05690072 1.5875 0.8756967 0.0503296 1.607088 0.8733702 0.07870379 1.617504 0.8658107 0.08527491 1.597917 0.8863563 0.05399494 1.599484 0.8840297 0.08236913 1.609901 0.8900568 0.0587702 1.587303 0.8877303 0.08714439 1.59772 0.8853848 0.06283138 1.575198 0.8830583 0.09120557 1.585614 0.8741248 0.06462725 1.567791 0.8717983 0.09300144 1.578208 0.8605778 0.06347185 1.567912 0.8582513 0.09184604 1.578329 0.8499182 0.0598065 1.575516 0.8475917 0.08818069 1.585932 0.8462177 0.05503125 1.587697 0.8438912 0.08340544 1.598113 0.8508897 0.05097007 1.599802 0.8485632 0.07934426 1.610219 0.8621497 0.0491742 1.607209 0.8598231 0.07754839 1.617626 0.8658107 0.08527491 1.597917 0.8733702 0.07890584 1.617571 0.8701165 0.1071887 1.627988 0.862557 0.1135578 1.608333 0.8839908 0.08288891 1.610074 0.8807371 0.1111718 1.62049 0.8876672 0.08778335 1.597933 0.8844135 0.1160662 1.608349 0.8829952 0.09171966 1.585786 0.8797416 0.1200025 1.596202 0.8717593 0.09319429 1.578272 0.8685056 0.1214772 1.588689 0.8582513 0.09164399 1.578262 0.8549976 0.1199269 1.588679 0.8476306 0.08766091 1.58576 0.844377 0.1159438 1.596176 0.8439542 0.08276647 1.597901 0.8407005 0.1110493 1.608317 0.8486262 0.07883017 1.610048 0.8453725 0.107113 1.620464 0.8598621 0.07735554 1.617561 0.8566084 0.1056384 1.627978 0.862557 0.1135578 1.608333 0.8701165 0.1073859 1.62805 0.8659392 0.1355472 1.638467 0.8583797 0.1417191 1.61875 0.8806852 0.1116884 1.620657 0.8765079 0.1398497 1.631074 0.8843296 0.1167049 1.608556 0.8801523 0.1448662 1.618973 0.8796576 0.1205193 1.596371 0.8754803 0.1486806 1.606787 0.8684538 0.1216747 1.588754 0.8642764 0.149836 1.599171 0.8549976 0.1197297 1.588616 0.8508202 0.1478909 1.599033 0.8444288 0.1154272 1.59601 0.8402515 0.1435885 1.606426 0.8407844 0.1104107 1.60811 0.8366071 0.1385719 1.618527 0.8454564 0.1065962 1.620296 0.8412791 0.1347575 1.630713 0.8566603 0.1054409 1.627913 0.8524829 0.1336022 1.638329 0.8583797 0.1417191 1.61875 0.8659392 0.1357398 1.638526 0.8608426 0.1637493 1.648943 0.8532832 0.1697286 1.629167 0.8764432 0.1403627 1.631235 0.8713467 0.1683723 1.641652 0.8800476 0.1455038 1.619175 0.874951 0.1735133 1.629591 0.8753756 0.1491992 1.606952 0.870279 0.1772087 1.617369 0.8642117 0.1500374 1.599236 0.8591152 0.1780469 1.609653 0.8508202 0.1476983 1.598974 0.8457237 0.1757079 1.60939 0.8403162 0.1430754 1.606265 0.8352197 0.1710849 1.616682 0.8367118 0.1379344 1.618325 0.8316153 0.1659439 1.628742 0.8413838 0.134239 1.630548 0.8362873 0.1622485 1.640965 0.8525477 0.1334007 1.638264 0.8474512 0.1614102 1.648681 0.8532832 0.1697286 1.629167 0.8608426 0.1639375 1.648999 0.8548324 0.1917653 1.659416 0.847273 0.1975563 1.639583 0.8712691 0.1688814 1.641807 0.8652589 0.1967092 1.652224 0.8748256 0.1741489 1.629788 0.8688154 0.2019766 1.640204 0.8701536 0.1777279 1.617531 0.8641434 0.2055557 1.627947 0.8590377 0.1782515 1.609718 0.8530275 0.2060793 1.620135 0.8457237 0.1755196 1.609334 0.8397135 0.2033474 1.619751 0.8352973 0.1705758 1.616526 0.829287 0.1984035 1.626943 0.8317408 0.1653083 1.628546 0.8257306 0.193136 1.638962 0.8364128 0.1617292 1.640803 0.8304026 0.189557 1.651219 0.8475287 0.1612056 1.648615 0.8415185 0.1890334 1.659032 0.847273 0.1975563 1.639583 0.8548324 0.1919494 1.659468 0.8479149 0.2195656 1.669885 0.8403555 0.2251726 1.65 0.8651687 0.1972141 1.652375 0.8582512 0.2248303 1.662792 0.8686694 0.2026095 1.640396 0.8617519 0.2302257 1.650812 0.8639974 0.2060748 1.628106 0.8570799 0.233691 1.638523 0.8529372 0.2062863 1.6202 0.8460197 0.2339026 1.630617 0.8397135 0.2031633 1.619698 0.832796 0.2307796 1.630115 0.8293773 0.1978986 1.626792 0.8224598 0.2255149 1.637208 0.8258766 0.1925032 1.638771 0.8189591 0.2201194 1.649188 0.8305486 0.1890379 1.651061 0.8236311 0.2166541 1.661477 0.8416087 0.1888264 1.658966 0.8346912 0.2164426 1.669383 0.8403555 0.2251726 1.65 0.8479149 0.2197457 1.669935 0.8400975 0.2471208 1.680352 0.8325381 0.2525477 1.660417 0.8581483 0.2253305 1.662938 0.8503309 0.2527056 1.673355 0.8615855 0.230855 1.650999 0.8537681 0.2582301 1.661416 0.8569135 0.234209 1.638678 0.8490961 0.2615841 1.649095 0.8459169 0.2341114 1.630682 0.8380995 0.2614865 1.641099 0.832796 0.2305994 1.630065 0.8249786 0.2579745 1.640482 0.8225626 0.2250146 1.637062 0.8147452 0.2523897 1.647479 0.8191255 0.2194902 1.649001 0.8113081 0.2468653 1.659418 0.8237975 0.2161362 1.661322 0.8159801 0.2435113 1.671738 0.8347941 0.2162338 1.669318 0.8269767 0.2436089 1.679734 0.8325381 0.2525477 1.660417 0.8400975 0.2472972 1.680399 0.8313887 0.2744018 1.690815 0.8238292 0.2796523 1.670833 0.8502156 0.2532008 1.673496 0.8415067 0.2803055 1.683913 0.8535814 0.258855 1.661598 0.8448725 0.2859597 1.672015 0.8489094 0.2621 1.649248 0.8402005 0.2892047 1.659665 0.8379841 0.2616963 1.641165 0.8292753 0.288801 1.651581 0.8249786 0.2577982 1.640435 0.8162698 0.2849028 1.650851 0.8148606 0.2518945 1.647337 0.8061517 0.2789992 1.657754 0.8114948 0.2462403 1.659235 0.8027859 0.273345 1.669652 0.8161668 0.2429953 1.671585 0.8074579 0.2701 1.682002 0.827092 0.243399 1.679669 0.8183832 0.2705037 1.690085 0.8238292 0.2796523 1.670833 0.8313887 0.2745746 1.69086 0.8217976 0.3013798 1.701277 0.8142382 0.3064575 1.68125 0.841379 0.2807954 1.684051 0.8317879 0.3076006 1.694467 0.8446659 0.2865795 1.672193 0.8350748 0.3133847 1.682609 0.8399939 0.2897177 1.659816 0.8304028 0.3165229 1.670232 0.8291475 0.2890113 1.651647 0.8195565 0.3158165 1.662063 0.8162698 0.28473 1.650807 0.8066787 0.3115353 1.661223 0.8062795 0.2785093 1.657616 0.7966884 0.3053145 1.668033 0.8029926 0.2727251 1.669474 0.7934015 0.2995303 1.679891 0.8076646 0.2695869 1.681851 0.7980735 0.2963922 1.692268 0.8185109 0.2702934 1.69002 0.8089198 0.2970986 1.700437 0.8142382 0.3064575 1.68125 0.8217976 0.3015492 1.701319 0.8113346 0.3280263 1.711736 0.8037752 0.3329346 1.691667 0.8316479 0.3080848 1.694601 0.821185 0.3345618 1.705018 0.8348483 0.3139987 1.682784 0.8243853 0.3404758 1.6932 0.8301763 0.3170322 1.67038 0.8197134 0.3435093 1.680797 0.8194165 0.3160266 1.662129 0.8089535 0.3425036 1.672546 0.8066787 0.3113658 1.661181 0.7962157 0.3378429 1.671598 0.7968284 0.3048303 1.667899 0.7863654 0.3313074 1.678316 0.793628 0.2989163 1.679716 0.783165 0.3253934 1.690133 0.7983 0.2958828 1.69212 0.787837 0.3223599 1.702536 0.8090598 0.2968885 1.700371 0.7985969 0.3233656 1.710788 0.8037752 0.3329346 1.691667 0.8113346 0.3281925 1.711776 0.800011 0.354313 1.722192 0.7924515 0.3590551 1.702083 0.8210329 0.3350399 1.705148 0.8097092 0.3611605 1.715564 0.8241393 0.3410832 1.693371 0.8128156 0.3672037 1.703787 0.8194673 0.344014 1.680943 0.8081436 0.3701345 1.691359 0.8088014 0.3427128 1.672611 0.7974778 0.3688334 1.683028 0.7962157 0.3376767 1.671558 0.7848921 0.3637972 1.681974 0.7865175 0.3308292 1.678186 0.7751938 0.3569498 1.688602 0.7834111 0.324786 1.689963 0.7720874 0.3509065 1.700379 0.7880831 0.3218552 1.702391 0.7767594 0.3479757 1.712807 0.7987489 0.3231563 1.710722 0.7874253 0.3492769 1.721139 0.7924515 0.3590551 1.702083 0.800011 0.3544761 1.72223 0.7878387 0.3802122 1.732647 0.7802793 0.3847912 1.7125 0.8095452 0.3616322 1.715691 0.797373 0.3873682 1.726108 0.8125503 0.3678039 1.703954 0.800378 0.39354 1.714371 0.8078783 0.3706339 1.691503 0.795706 0.3963699 1.701919 0.7973138 0.3690412 1.683093 0.7851415 0.3947772 1.69351 0.7848921 0.3636341 1.681937 0.7727198 0.3893702 1.692353 0.7753578 0.356478 1.688476 0.7631856 0.3822141 1.698892 0.7723528 0.3503063 1.700213 0.7601806 0.3760424 1.710629 0.7770248 0.3474763 1.712664 0.7648526 0.3732124 1.723081 0.7875893 0.3490691 1.721074 0.775417 0.3748051 1.73149 0.7802793 0.3847912 1.7125 0.7878387 0.3803724 1.732682 0.774831 0.4056964 1.743099 0.7672715 0.4101152 1.722917 0.7971972 0.3878332 1.726231 0.7841894 0.4131572 1.736647 0.8000936 0.3941322 1.714534 0.7870858 0.4194562 1.724951 0.7954216 0.3968631 1.702061 0.7824138 0.4221871 1.712477 0.7849658 0.394983 1.693575 0.771958 0.420307 1.703991 0.7727198 0.38921 1.692318 0.759712 0.414534 1.702734 0.7633614 0.3817491 1.698769 0.7503536 0.4070731 1.709186 0.7604649 0.3754502 1.710466 0.7474572 0.4007742 1.720882 0.7651369 0.3727192 1.722939 0.7521292 0.3980432 1.733356 0.7755928 0.3745993 1.731425 0.762585 0.3999233 1.741842 0.7672715 0.4101152 1.722917 0.774831 0.4058538 1.743133 0.7610016 0.4307387 1.75355 0.7534421 0.435 1.733333 0.7840021 0.4136152 1.736767 0.7701727 0.4385 1.747184 0.7867827 0.4200397 1.725111 0.7729533 0.4449245 1.735528 0.7821107 0.4226734 1.712617 0.7682813 0.4475582 1.723033 0.7717707 0.4205102 1.704057 0.7579413 0.4453951 1.714473 0.759712 0.4143765 1.7027 0.7458826 0.4392613 1.713117 0.7505409 0.4066151 1.709066 0.7367115 0.4315 1.719483 0.7477603 0.4001906 1.720722 0.7339309 0.4250755 1.731139 0.7524323 0.397557 1.733217 0.7386029 0.4224418 1.743633 0.7627723 0.3997201 1.741777 0.7489429 0.4246049 1.752193 0.7534421 0.435 1.733333 0.7610016 0.4308935 1.753582 0.7463653 0.4553125 1.763998 0.7388059 0.459419 1.74375 0.769974 0.4389506 1.747301 0.7553378 0.4633697 1.757717 0.7726318 0.4454988 1.735685 0.7579956 0.4699178 1.746102 0.7679598 0.4480368 1.723171 0.7533236 0.4724558 1.733587 0.7577426 0.4455951 1.714538 0.7431064 0.4700142 1.724955 0.7458826 0.4391065 1.713085 0.7312464 0.4635256 1.723502 0.7369102 0.4310494 1.719366 0.722274 0.4554684 1.729783 0.7342524 0.4245012 1.730982 0.7196162 0.4489202 1.741398 0.7389244 0.4219632 1.743496 0.7242882 0.4463823 1.753913 0.7491416 0.4244049 1.752128 0.7345054 0.4488239 1.762545 0.7388059 0.459419 1.74375 0.7463653 0.4554648 1.764029 0.730938 0.4793919 1.774445 0.7233786 0.4833461 1.754167 0.755128 0.4638125 1.757831 0.7397006 0.4877396 1.768248 0.7576561 0.4704821 1.746256 0.7422288 0.4944092 1.756672 0.7529841 0.4729259 1.733723 0.7375568 0.496853 1.74414 0.7428965 0.4702106 1.72502 0.7274692 0.4941377 1.735437 0.7312464 0.4633732 1.723471 0.7158191 0.4873003 1.733888 0.7224838 0.4550255 1.729669 0.7070565 0.4789526 1.740085 0.7199557 0.448356 1.741244 0.7045284 0.472283 1.751661 0.7246277 0.4459121 1.753777 0.7092004 0.4698392 1.764194 0.7347153 0.4486275 1.76248 0.719288 0.4725545 1.772897 0.7233786 0.4833461 1.754167 0.730938 0.4795419 1.774474 0.7147361 0.5029513 1.784891 0.7071766 0.5067556 1.764583 0.7394798 0.4881745 1.768359 0.7232779 0.511584 1.778776 0.7418715 0.4949629 1.756824 0.7256696 0.5183724 1.767241 0.7371995 0.497314 1.744273 0.7209976 0.5207235 1.75469 0.7272484 0.4943299 1.735502 0.7110464 0.5177394 1.745918 0.7158191 0.4871504 1.733859 0.6996172 0.5105598 1.744276 0.7072773 0.4785177 1.739974 0.6910753 0.5019272 1.750391 0.7048856 0.4717293 1.751509 0.6886836 0.4951388 1.761926 0.7095576 0.4693782 1.76406 0.6933556 0.4927877 1.774477 0.7195087 0.4723623 1.772832 0.7033068 0.4957718 1.783248 0.7071766 0.5067556 1.764583 0.7147361 0.5030991 1.784918 0.6977769 0.5259659 1.795334 0.6902174 0.5296224 1.775 0.7230464 0.5120106 1.778885 0.7060872 0.5348774 1.789302 0.7252951 0.5189149 1.767389 0.7083358 0.5417817 1.777806 0.7206231 0.5211747 1.754822 0.7036638 0.5440416 1.765239 0.710815 0.517927 1.745983 0.6938558 0.5407938 1.7564 0.6996172 0.5104121 1.744249 0.682658 0.533279 1.754666 0.6913068 0.5015006 1.750282 0.6743476 0.5243675 1.760698 0.6890582 0.4945963 1.761777 0.672099 0.5174632 1.772194 0.6937302 0.4923365 1.774345 0.676771 0.5152033 1.784761 0.7035383 0.4955842 1.783183 0.686579 0.5184511 1.7936 0.6902174 0.5296224 1.775 0.6977769 0.5261115 1.79536 0.6800785 0.5484112 1.805777 0.6725191 0.5519222 1.785417 0.7058453 0.5352954 1.789408 0.688147 0.5575951 1.799825 0.7079444 0.5423124 1.777952 0.6902461 0.5646122 1.788369 0.7032724 0.5444823 1.765369 0.6855741 0.5667821 1.775786 0.6936138 0.5409763 1.756465 0.6759155 0.563276 1.766881 0.682658 0.5331334 1.75464 0.6649596 0.5554331 1.765057 0.6745895 0.5239495 1.760592 0.6568912 0.5462492 1.771009 0.6724904 0.5169324 1.772048 0.6547921 0.5392322 1.782464 0.6771624 0.5147625 1.784631 0.6594641 0.5370623 1.795047 0.686821 0.5182686 1.793535 0.6691227 0.5405683 1.803952 0.6725191 0.5519222 1.785417 0.6800785 0.5485548 1.805801 0.6616601 0.5702635 1.816218 0.6541006 0.5736309 1.795833 0.6878949 0.5580042 1.799929 0.6694764 0.5797129 1.810345 0.6898382 0.5651305 1.788513 0.6714197 0.5868392 1.79893 0.6851662 0.5672117 1.775915 0.6667477 0.5889204 1.786332 0.6756634 0.5634528 1.766946 0.657245 0.5851615 1.777363 0.6649596 0.5552896 1.765032 0.6465412 0.5769983 1.775449 0.6571433 0.5458401 1.770905 0.6387248 0.5675488 1.781321 0.6552 0.5387138 1.78232 0.6367815 0.5604225 1.792737 0.659872 0.5366326 1.794918 0.6414535 0.5583413 1.805335 0.6693748 0.5403915 1.803887 0.6509563 0.5621002 1.814304 0.6541006 0.5736309 1.795833 0.6616601 0.5704051 1.81624 0.6425412 0.5914995 1.826657 0.6349817 0.5947253 1.80625 0.6692144 0.5801128 1.810447 0.6500955 0.6012073 1.820864 0.6709958 0.5873446 1.799072 0.6518769 0.6084391 1.809488 0.6663238 0.5893383 1.786459 0.6472049 0.6104327 1.796876 0.656983 0.5853322 1.777428 0.6378641 0.6064266 1.787844 0.6465412 0.5768566 1.775426 0.6274223 0.5979511 1.785843 0.6389869 0.5671489 1.78122 0.619868 0.5882433 1.791636 0.6372055 0.5599171 1.792595 0.6180866 0.5810115 1.803012 0.6418775 0.5579235 1.805207 0.6227586 0.5790179 1.815624 0.6512183 0.5619295 1.814239 0.6320994 0.583024 1.824656 0.6349817 0.5947253 1.80625 0.6425412 0.5916394 1.826679 0.6227424 0.612097 1.837095 0.6151829 0.6151829 1.816667 0.6498239 0.6015977 1.820963 0.630025 0.6220553 1.83138 0.6514373 0.608931 1.809628 0.6316385 0.6293886 1.820045 0.6467653 0.6108382 1.797002 0.6269665 0.6312958 1.807419 0.6375924 0.6065908 1.787909 0.6177936 0.6270484 1.798326 0.6274223 0.5978112 1.785821 0.6076234 0.6182688 1.796238 0.6201396 0.5878529 1.791537 0.6003408 0.6083105 1.801953 0.6185261 0.5805196 1.802872 0.5987273 0.6009772 1.813289 0.6231981 0.5786124 1.815498 0.6033993 0.59907 1.825914 0.6323711 0.5828598 1.824591 0.6125722 0.6033174 1.835008 0.6151829 0.6151829 1.816667 0.6227424 0.6122351 1.837116 0.6022848 0.6320339 1.847532 0.5947253 0.6349817 1.827083 0.629744 0.6224361 1.831478 0.6092864 0.6422349 1.841894 0.6311838 0.6298666 1.820182 0.6107262 0.6496654 1.830599 0.6265118 0.6316884 1.807544 0.6060542 0.6514873 1.817961 0.6175126 0.6272057 1.79839 0.597055 0.6470046 1.808807 0.6076234 0.6181307 1.796218 0.5871659 0.6379295 1.806634 0.6006218 0.6079297 1.801856 0.5801642 0.6277286 1.812272 0.599182 0.6004992 1.813151 0.5787244 0.6202981 1.823568 0.603854 0.5986774 1.825789 0.5833964 0.6184762 1.836206 0.6128532 0.6031601 1.834943 0.5923956 0.6229589 1.84536 0.5947253 0.6349817 1.827083 0.6022848 0.6321704 1.847552 0.5811903 0.6512893 1.857968 0.5736309 0.6541006 1.8375 0.6089964 0.6426057 1.84199 0.5879019 0.6617246 1.852407 0.6102569 0.6501289 1.830735 0.5891625 0.6692478 1.841151 0.6055849 0.6518664 1.818085 0.5844905 0.6709853 1.828501 0.5967649 0.6471545 1.808872 0.5756705 0.6662734 1.819288 0.5871659 0.637793 1.806615 0.5660714 0.6569119 1.817032 0.5804542 0.6273578 1.812177 0.5593598 0.6464767 1.822593 0.5791937 0.6198346 1.823432 0.5580992 0.6389535 1.833849 0.5838657 0.6180971 1.836082 0.5627712 0.637216 1.846499 0.5926857 0.622809 1.845295 0.5715912 0.6419279 1.855712 0.5736309 0.6541006 1.8375 0.5811903 0.6514243 1.857986 0.5594816 0.6698428 1.868403 0.5519222 0.6725191 1.847917 0.5876032 0.6620852 1.852501 0.5658945 0.6805036 1.862917 0.5886791 0.6696962 1.841285 0.5669704 0.6881147 1.851702 0.5840071 0.6713503 1.828624 0.5622984 0.6897688 1.839041 0.5753717 0.6664156 1.819353 0.553663 0.684834 1.82977 0.5660714 0.656777 1.817014 0.5443627 0.6751954 1.82743 0.5596586 0.6461161 1.822499 0.5379499 0.6645345 1.832916 0.5585826 0.638505 1.833715 0.5368739 0.6569235 1.844131 0.5632546 0.636851 1.846376 0.5415459 0.6552694 1.856793 0.57189 0.6417857 1.855647 0.5501813 0.6602041 1.866064 0.5519222 0.6725191 1.847917 0.5594816 0.6699763 1.86842 0.5371819 0.6876746 1.878837 0.5296224 0.6902174 1.858333 0.5655873 0.6808538 1.86301 0.5432876 0.6985521 1.873426 0.5664733 0.6885477 1.851834 0.5441736 0.706246 1.862251 0.5618013 0.6901192 1.839162 0.5395016 0.7078176 1.849579 0.5533558 0.6849681 1.829834 0.5310561 0.7026664 1.840251 0.5443627 0.6750619 1.827413 0.522063 0.6927602 1.83783 0.538257 0.6641844 1.832824 0.5159573 0.6818827 1.84324 0.537371 0.6564905 1.843999 0.5150713 0.6741888 1.854416 0.542043 0.6549189 1.856671 0.5197433 0.6726173 1.867088 0.5504885 0.6600701 1.865999 0.5281888 0.6777684 1.876416 0.5296224 0.6902174 1.858333 0.5371819 0.6878068 1.878853 0.514315 0.704766 1.889269 0.5067556 0.7071766 1.86875 0.5429723 0.6988916 1.873517 0.5201054 0.7158508 1.883934 0.5436635 0.7066631 1.862382 0.5207966 0.7236223 1.872798 0.5389915 0.708153 1.8497 0.5161247 0.7251122 1.860117 0.5307408 0.702792 1.840316 0.507874 0.7197512 1.850733 0.522063 0.692628 1.837814 0.4991961 0.7095872 1.848231 0.5162726 0.6815433 1.84315 0.4934057 0.6985025 1.853566 0.5155814 0.6737717 1.854285 0.4927145 0.6907309 1.864702 0.5202534 0.6722819 1.866967 0.4973865 0.6892411 1.877383 0.528504 0.6776428 1.876351 0.5056372 0.694602 1.886767 0.5067556 0.7071766 1.86875 0.514315 0.7048969 1.889284 0.4909056 0.7210988 1.899701 0.4833461 0.7233786 1.879167 0.5197824 0.7161793 1.884023 0.4963729 0.7323813 1.894439 0.520274 0.7240231 1.872927 0.4968645 0.740225 1.883344 0.515602 0.725432 1.860236 0.4921925 0.741634 1.870653 0.507551 0.719868 1.850797 0.4841415 0.73607 1.861214 0.4991961 0.7094563 1.848216 0.4757867 0.7256583 1.858632 0.4937288 0.6981739 1.853477 0.4703193 0.7143758 1.863894 0.4932372 0.6903302 1.864573 0.4698277 0.7065321 1.874989 0.4979092 0.6889212 1.877264 0.4744997 0.7051232 1.88768 0.5059602 0.6944852 1.886703 0.4825507 0.7106872 1.897119 0.4833461 0.7233786 1.879167 0.4909056 0.7212285 1.899715 0.4669785 0.7366559 1.910132 0.459419 0.7388059 1.889583 0.4960425 0.7326988 1.894527 0.4721154 0.7481261 1.904943 0.4963299 0.740609 1.883472 0.4724028 0.7560364 1.893888 0.4916579 0.7419378 1.870772 0.4677308 0.7573651 1.881189 0.4838111 0.7361776 1.861279 0.459884 0.7516049 1.871696 0.4757867 0.7255286 1.858618 0.4518596 0.7409559 1.869035 0.4706497 0.7140583 1.863807 0.4467226 0.7294857 1.874223 0.4703623 0.7061481 1.874862 0.4464353 0.7215754 1.885278 0.4750343 0.7048193 1.887561 0.4511073 0.7202466 1.897978 0.4828811 0.7105795 1.897054 0.4589541 0.7260069 1.907471 0.459419 0.7388059 1.889583 0.4669785 0.7367845 1.910145 0.4425595 0.7514207 1.920561 0.435 0.7534421 1.9 0.471778 0.7484323 1.90503 0.4473589 0.7630685 1.915446 0.4718568 0.7564032 1.894015 0.4474377 0.7710394 1.904431 0.4671848 0.7576525 1.881307 0.4427657 0.7722887 1.891724 0.4595465 0.7517031 1.871761 0.4351275 0.7663393 1.882177 0.4518596 0.7408273 1.869022 0.4274405 0.7554635 1.879439 0.4470601 0.7291795 1.874137 0.4226411 0.7438157 1.884554 0.4469813 0.7212086 1.885152 0.4225623 0.7358448 1.895569 0.4516533 0.7199593 1.89786 0.4272343 0.7345955 1.908276 0.4592915 0.7259087 1.907406 0.4348725 0.7405449 1.917823 0.435 0.7534421 1.9 0.4425595 0.7515482 1.920573 0.4176746 0.7653776 1.93099 0.4101152 0.7672715 1.910417 0.4470148 0.7633633 1.915531 0.42213 0.7771927 1.925948 0.4468809 0.7713888 1.904556 0.4219961 0.7852182 1.914973 0.4422089 0.7725593 1.891841 0.4173241 0.7863887 1.902258 0.4347833 0.7664277 1.882243 0.4098985 0.7802571 1.892659 0.4274405 0.755336 1.879427 0.4025557 0.7691654 1.889843 0.4229852 0.7435209 1.884469 0.3981004 0.7573503 1.894886 0.4231191 0.7354954 1.895444 0.3982343 0.7493248 1.90586 0.4277911 0.7343249 1.908159 0.4029063 0.7481543 1.918575 0.4352167 0.7404565 1.917757 0.4103318 0.7542859 1.928174 0.4101152 0.7672715 1.910417 0.4176746 0.7655042 1.931001 0.3923506 0.778512 1.941418 0.3847912 0.7802793 1.920833 0.4217795 0.7774758 1.926031 0.3964555 0.7904836 1.936448 0.421429 0.7855497 1.915097 0.396105 0.7985575 1.925514 0.416757 0.786642 1.902375 0.391433 0.7996497 1.912791 0.409548 0.7803354 1.892724 0.384224 0.7933431 1.903141 0.4025557 0.7690388 1.889832 0.3772317 0.7820466 1.900249 0.3984508 0.7570672 1.894802 0.3731268 0.770075 1.905219 0.3988013 0.7489933 1.905736 0.3734773 0.7620011 1.916153 0.4034733 0.747901 1.918459 0.3781493 0.7609088 1.928875 0.4106823 0.7542076 1.928109 0.3853583 0.7672154 1.938526 0.3847912 0.7802793 1.920833 0.3923506 0.7786377 1.941428 0.3666146 0.7908099 1.951845 0.3590551 0.7924515 1.93125 0.3960991 0.7907549 1.93653 0.370363 0.8029271 1.946947 0.3955283 0.7988708 1.925636 0.3697923 0.8110431 1.936053 0.3908563 0.7998854 1.912908 0.3651203 0.8120576 1.923324 0.3838676 0.7934111 1.903207 0.3581316 0.8055834 1.913623 0.3772317 0.7819209 1.900238 0.3514957 0.7940932 1.910655 0.3734832 0.7698037 1.905136 0.3477472 0.7819759 1.915553 0.374054 0.7616877 1.91603 0.348318 0.77386 1.926447 0.378726 0.7606732 1.928759 0.35299 0.7728454 1.939176 0.3857147 0.7671475 1.93846 0.3599786 0.7793197 1.948877 0.3590551 0.7924515 1.93125 0.3666146 0.7909347 1.951855 0.340494 0.8022584 1.962271 0.3329346 0.8037752 1.941667 0.3700011 0.8031865 1.947028 0.3438805 0.8145102 1.957445 0.3692066 0.8113379 1.936175 0.3430861 0.8226616 1.946591 0.3645346 0.8122753 1.92344 0.3384141 0.823599 1.933857 0.3577696 0.8056407 1.913689 0.3316491 0.8169644 1.924106 0.3514957 0.7939683 1.910645 0.3253751 0.805292 1.921062 0.3481092 0.7817165 1.915472 0.3219886 0.7930402 1.925889 0.3489037 0.7735651 1.926325 0.3227831 0.7848888 1.936742 0.3535756 0.7726277 1.93906 0.3274551 0.7839514 1.949476 0.3603406 0.7792623 1.948811 0.3342201 0.790586 1.959228 0.3329346 0.8037752 1.941667 0.340494 0.8023825 1.96228 0.314017 0.8128455 1.972697 0.3064575 0.8142382 1.952083 0.3435134 0.8147575 1.957525 0.3170363 0.8252205 1.967941 0.342492 0.8229377 1.946712 0.316015 0.8334006 1.957129 0.33782 0.8237984 1.933972 0.311343 0.8342613 1.944389 0.3312819 0.8170109 1.924171 0.3048049 0.8274739 1.934588 0.3253751 0.8051679 1.921053 0.2988981 0.8156308 1.93147 0.3223558 0.7927929 1.925809 0.2958787 0.8032558 1.936225 0.3233772 0.7846127 1.936621 0.2969001 0.7950757 1.947038 0.3280492 0.783752 1.949361 0.3015721 0.794215 1.959778 0.3345872 0.7905394 1.959162 0.3081102 0.8010024 1.969579 0.3064575 0.8142382 1.952083 0.314017 0.8129689 1.972705 0.2872118 0.8225599 1.983121 0.2796523 0.8238292 1.9625 0.3166644 0.8254556 1.96802 0.2898592 0.8350467 1.978437 0.3154132 0.8336577 1.957249 0.288608 0.8432487 1.967665 0.3107412 0.8344421 1.944504 0.283936 0.8440332 1.95492 0.304433 0.8275094 1.934654 0.2776278 0.8371004 1.945071 0.2988981 0.8155075 1.931462 0.2720929 0.8250985 1.941879 0.2962507 0.8030207 1.936146 0.2694454 0.8126118 1.946563 0.2975019 0.7948186 1.946918 0.2706967 0.8044097 1.957335 0.3021739 0.7940342 1.959663 0.2753687 0.8036252 1.97008 0.3084821 0.8009669 1.969513 0.2816769 0.810558 1.979929 0.2796523 0.8238292 1.9625 0.2872118 0.8226827 1.983129 0.2601071 0.8313915 1.993545 0.2525477 0.8325381 1.972917 0.2894829 0.8352695 1.978515 0.2623783 0.8439784 1.988932 0.2879991 0.8434865 1.967784 0.2608944 0.8521954 1.978201 0.2833271 0.8441951 1.955035 0.2562224 0.852904 1.965452 0.2772515 0.8371246 1.945137 0.2501468 0.8458335 1.955554 0.2720929 0.8249758 1.941871 0.2449882 0.8336846 1.952288 0.2698217 0.8123889 1.946485 0.2427171 0.8210978 1.956902 0.2713056 0.8041719 1.957216 0.2442009 0.8128808 1.967632 0.2759776 0.8034633 1.969965 0.2488729 0.8121722 1.980382 0.2820532 0.8105338 1.979863 0.2549485 0.8192427 1.990279 0.2525477 0.8325381 1.972917 0.2601071 0.8315137 1.993552 0.232732 0.8393311 2.003968 0.2251726 0.8403555 1.983333 0.261998 0.8441888 1.989009 0.2346229 0.8520062 1.999425 0.2602791 0.8524137 1.978319 0.232904 0.8602311 1.988736 0.2556071 0.8530468 1.965566 0.228232 0.8608641 1.975983 0.2497665 0.8458462 1.95562 0.2223914 0.8536636 1.966037 0.2449882 0.8335624 1.952282 0.2176131 0.8413798 1.962698 0.2430974 0.8208874 1.956825 0.2157223 0.8287048 1.967241 0.2448162 0.8126625 1.967514 0.2174411 0.8204799 1.977931 0.2494882 0.8120294 1.980267 0.2221131 0.8198468 1.990684 0.2553288 0.81923 1.990213 0.2279537 0.8270473 2.00063 0.2251726 0.8403555 1.983333 0.232732 0.8394528 2.003974 0.2051158 0.8463703 2.014391 0.1975563 0.847273 1.99375 0.234239 0.8522041 1.999501 0.2066228 0.8591216 2.009918 0.232283 0.8604297 1.988853 0.2046667 0.8673472 1.99927 0.227611 0.8609875 1.976097 0.1999947 0.8679051 1.986513 0.2220076 0.8536647 1.966104 0.1943914 0.8605822 1.976521 0.2176131 0.8412581 1.962693 0.1899969 0.8481756 1.973109 0.2161061 0.8285068 1.967165 0.1884899 0.8354243 1.977582 0.2180622 0.8202813 1.977813 0.190446 0.8271988 1.98823 0.2227342 0.8197234 1.99057 0.195118 0.8266409 2.000987 0.2283376 0.8270463 2.000563 0.2007213 0.8339638 2.010979 0.1975563 0.847273 1.99375 0.2051158 0.8464916 2.014396 0.177288 0.8525018 2.024812 0.1697286 0.8532832 2.004167 0.2062358 0.8593071 2.009993 0.178408 0.8653173 2.02041 0.2040405 0.8675259 1.999387 0.1762128 0.8735362 2.009803 0.1993685 0.8680089 1.986627 0.1715408 0.8740191 1.997044 0.1940043 0.8605714 1.976588 0.1661766 0.8665816 1.987005 0.1899969 0.8480544 1.973104 0.1621691 0.8540646 1.983521 0.1888769 0.8352389 1.977507 0.1610491 0.8412491 1.987923 0.1910722 0.82702 1.988113 0.1632444 0.8330302 1.99853 0.1957442 0.8265371 2.000873 0.1679164 0.8325473 2.01129 0.2011084 0.8339745 2.010912 0.1732806 0.8399847 2.021329 0.1697286 0.8532832 2.004167 0.177288 0.8526226 2.024817 0.1492785 0.8577191 2.035233 0.1417191 0.8583797 2.014583 0.1780183 0.8654901 2.020485 0.1500088 0.8705866 2.030901 0.1755821 0.8736949 2.00992 0.1475726 0.8787915 2.020336 0.1709101 0.8741032 1.997157 0.1429006 0.8791997 2.007574 0.1657868 0.8665589 1.987072 0.1377773 0.8716554 1.997489 0.1621691 0.8539438 1.983517 0.1341596 0.8590403 1.993933 0.1614389 0.8410763 1.987849 0.1334294 0.8461728 1.998265 0.163875 0.8328714 1.998414 0.1358655 0.8379679 2.00883 0.168547 0.8324632 2.011176 0.1405375 0.8375597 2.021593 0.1736703 0.8400075 2.021261 0.1456608 0.845104 2.031678 0.1417191 0.8583797 2.014583 0.1492785 0.8578397 2.035237 0.1211172 0.862017 2.045653 0.1135578 0.862557 2.025 0.1496167 0.8707468 2.030975 0.1214554 0.8749241 2.041392 0.1469382 0.8789301 2.020452 0.1187769 0.8831074 2.030869 0.1422662 0.8792639 2.007687 0.1141049 0.8834412 2.018104 0.1373852 0.8716206 1.997557 0.1092239 0.8757979 2.007974 0.1341596 0.8589197 1.99393 0.1059983 0.863097 2.004347 0.1338215 0.8460126 1.998192 0.1056602 0.8501899 2.008608 0.1364999 0.8378293 2.008715 0.1083386 0.8420066 2.019131 0.1411719 0.8374955 2.021479 0.1130106 0.8416729 2.031896 0.1460529 0.8451388 2.03161 0.1178916 0.8493162 2.042026 0.1135578 0.862557 2.025 0.1211172 0.8621373 2.045656 0.09283436 0.865391 2.056073 0.08527491 0.8658107 2.035417 0.1210614 0.8750717 2.041464 0.09277853 0.8783253 2.051881 0.1181394 0.8832259 2.030984 0.08985657 0.8864796 2.041401 0.1134674 0.8834853 2.018218 0.08518457 0.886739 2.028634 0.10883 0.8757508 2.008042 0.08054708 0.8790045 2.018459 0.1059983 0.8629768 2.004344 0.07771546 0.8662305 2.01476 0.1060542 0.8500424 2.008536 0.0777713 0.8532961 2.018952 0.1089761 0.8418882 2.019016 0.08069326 0.8451419 2.029433 0.1136481 0.8416288 2.031782 0.08536526 0.8448825 2.042199 0.1182856 0.8493632 2.041958 0.09000275 0.8526169 2.052375 0.08527491 0.8658107 2.035417 0.09283436 0.865511 2.056075 0.06446017 0.8678376 2.066492 0.05690072 0.8681373 2.045833 0.09238305 0.8784602 2.051953 0.06400886 0.8807868 2.06237 0.08921667 0.8865777 2.041515 0.06084248 0.8889042 2.051932 0.08454467 0.8867629 2.028748 0.05617048 0.8890895 2.039165 0.0801516 0.8789451 2.018528 0.05177741 0.8812716 2.028944 0.07771546 0.8661104 2.014758 0.04934127 0.8684369 2.025175 0.07816677 0.8531612 2.01888 0.04979258 0.8554878 2.029297 0.08133315 0.8450437 2.029318 0.05295896 0.8473703 2.039735 0.08600515 0.8448585 2.042085 0.05763096 0.8471851 2.052502 0.09039822 0.8526763 2.052306 0.06202403 0.8550029 2.062722 0.05690072 0.8681373 2.045833 0.06446017 0.8679575 2.066493 0.03602505 0.8693544 2.07691 0.0284656 0.8695342 2.05625 0.06361232 0.880909 2.062442 0.0351772 0.8823059 2.072858 0.06020087 0.888982 2.052047 0.03176574 0.890379 2.062463 0.05552887 0.8890931 2.039278 0.02709375 0.8904901 2.049695 0.05138087 0.8811998 2.029014 0.02294575 0.8825967 2.03943 0.04934127 0.868317 2.025174 0.02090615 0.8697139 2.03559 0.05018912 0.8553656 2.029225 0.021754 0.8567625 2.039642 0.05360058 0.8472925 2.03962 0.02516546 0.8486894 2.050037 0.05827258 0.8471814 2.052388 0.02983746 0.8485783 2.062805 0.06242057 0.8550747 2.062653 0.03398545 0.8564717 2.07307 0.0284656 0.8695342 2.05625 0.03602505 0.8694743 2.07691 0.007559451 0.8699401 2.087327 5.030698e-17 0.87 2.066667 0.03478002 0.8824154 2.072929 0.00631442 0.8828812 2.083346 0.0311231 0.8904364 2.062577 0.002657495 0.8909022 2.072994 0.0264511 0.8904734 2.049809 -0.002014503 0.8909392 2.060225 0.02254857 0.8825124 2.0395 -0.005917029 0.8829782 2.049917 0.02090615 0.8695941 2.03559 -0.007559451 0.8700599 2.046006 0.02215118 0.856653 2.039571 -0.00631442 0.8571188 2.049987 0.02580811 0.848632 2.049923 -0.002657495 0.8490978 2.060339 0.0304801 0.848595 2.062691 0.002014503 0.8490608 2.073108 0.03438263 0.856556 2.073 0.005917029 0.8570218 2.083416 5.20417e-17 0.87 2.066667 0.007559451 0.8700599 2.087327 -0.02090615 0.8695941 2.097744 -0.0284656 0.8695342 2.077083 0.005917029 0.8829782 2.083416 -0.02254857 0.8825124 2.093833 0.002014503 0.8909392 2.073108 -0.0264511 0.8904734 2.083525 -0.002657495 0.8909022 2.060339 -0.0311231 0.8904364 2.070756 -0.00631442 0.8828812 2.049987 -0.03478002 0.8824154 2.060404 -0.007559451 0.8699401 2.046006 -0.03602505 0.8694743 2.056423 -0.005917029 0.8570218 2.049917 -0.03438263 0.856556 2.060334 -0.002014503 0.8490608 2.060225 -0.0304801 0.848595 2.070642 0.002657495 0.8490978 2.072994 -0.02580811 0.848632 2.083411 0.00631442 0.8571188 2.083346 -0.02215118 0.856653 2.093763 -0.0284656 0.8695342 2.077083 -0.02090615 0.8697139 2.097743 -0.04934127 0.868317 2.10816 -0.05690072 0.8681373 2.0875 -0.02294575 0.8825967 2.093903 -0.05138087 0.8811998 2.10432 -0.02709375 0.8904901 2.083638 -0.05552887 0.8890931 2.094055 -0.03176574 0.890379 2.07087 -0.06020087 0.888982 2.081287 -0.0351772 0.8823059 2.060475 -0.06361232 0.880909 2.070892 -0.03602505 0.8693544 2.056424 -0.06446017 0.8679575 2.06684 -0.03398545 0.8564717 2.060264 -0.06242057 0.8550747 2.07068 -0.02983746 0.8485783 2.070528 -0.05827258 0.8471814 2.080945 -0.02516546 0.8486894 2.083297 -0.05360058 0.8472925 2.093713 -0.021754 0.8567625 2.093692 -0.05018912 0.8553656 2.104108 -0.05690072 0.8681373 2.0875 -0.04934127 0.8684369 2.108158 -0.07771546 0.8661104 2.118575 -0.08527491 0.8658107 2.097917 -0.05177741 0.8812716 2.104389 -0.0801516 0.8789451 2.114806 -0.05617048 0.8890895 2.094169 -0.08454467 0.8867629 2.104585 -0.06084248 0.8889042 2.081401 -0.08921667 0.8865777 2.091818 -0.06400886 0.8807868 2.070963 -0.09238305 0.8784602 2.08138 -0.06446017 0.8678376 2.066842 -0.09283436 0.865511 2.077258 -0.06202403 0.8550029 2.070611 -0.09039822 0.8526763 2.081028 -0.05763096 0.8471851 2.080831 -0.08600515 0.8448585 2.091248 -0.05295896 0.8473703 2.093599 -0.08133315 0.8450437 2.104015 -0.04979258 0.8554878 2.104037 -0.07816677 0.8531612 2.114453 -0.08527491 0.8658107 2.097917 -0.07771546 0.8662305 2.118573 -0.1059983 0.8629768 2.12899 -0.1135578 0.862557 2.108333 -0.08054708 0.8790045 2.114875 -0.10883 0.8757508 2.125291 -0.08518457 0.886739 2.104699 -0.1134674 0.8834853 2.115116 -0.08985657 0.8864796 2.091933 -0.1181394 0.8832259 2.102349 -0.09277853 0.8783253 2.081452 -0.1210614 0.8750717 2.091869 -0.09283436 0.865391 2.07726 -0.1211172 0.8621373 2.087677 -0.09000275 0.8526169 2.080959 -0.1182856 0.8493632 2.091375 -0.08536526 0.8448825 2.091134 -0.1136481 0.8416288 2.101551 -0.08069326 0.8451419 2.103901 -0.1089761 0.8418882 2.114317 -0.0777713 0.8532961 2.114381 -0.1060542 0.8500424 2.124798 -0.1135578 0.862557 2.108333 -0.1059983 0.863097 2.128987 -0.1341596 0.8589197 2.139403 -0.1417191 0.8583797 2.11875 -0.1092239 0.8757979 2.12536 -0.1373852 0.8716206 2.135776 -0.1141049 0.8834412 2.115229 -0.1422662 0.8792639 2.125646 -0.1187769 0.8831074 2.102465 -0.1469382 0.8789301 2.112881 -0.1214554 0.8749241 2.091942 -0.1496167 0.8707468 2.102358 -0.1211172 0.862017 2.08768 -0.1492785 0.8578397 2.098097 -0.1178916 0.8493162 2.091307 -0.1460529 0.8451388 2.101724 -0.1130106 0.8416729 2.101437 -0.1411719 0.8374955 2.111854 -0.1083386 0.8420066 2.114202 -0.1364999 0.8378293 2.124619 -0.1056602 0.8501899 2.124725 -0.1338215 0.8460126 2.135142 -0.1417191 0.8583797 2.11875 -0.1341596 0.8590403 2.1394 -0.1621691 0.8539438 2.149817 -0.1697286 0.8532832 2.129167 -0.1377773 0.8716554 2.135844 -0.1657868 0.8665589 2.146261 -0.1429006 0.8791997 2.125759 -0.1709101 0.8741032 2.136176 -0.1475726 0.8787915 2.112997 -0.1755821 0.8736949 2.123414 -0.1500088 0.8705866 2.102432 -0.1780183 0.8654901 2.112849 -0.1492785 0.8577191 2.0981 -0.177288 0.8526226 2.108517 -0.1456608 0.845104 2.101656 -0.1736703 0.8400075 2.112072 -0.1405375 0.8375597 2.111741 -0.168547 0.8324632 2.122157 -0.1358655 0.8379679 2.124503 -0.163875 0.8328714 2.13492 -0.1334294 0.8461728 2.135068 -0.1614389 0.8410763 2.145485 -0.1697286 0.8532832 2.129167 -0.1621691 0.8540646 2.149812 -0.1899969 0.8480544 2.160229 -0.1975563 0.847273 2.139583 -0.1661766 0.8665816 2.146329 -0.1940043 0.8605714 2.156745 -0.1715408 0.8740191 2.13629 -0.1993685 0.8680089 2.146706 -0.1762128 0.8735362 2.12353 -0.2040405 0.8675259 2.133947 -0.178408 0.8653173 2.112923 -0.2062358 0.8593071 2.12334 -0.177288 0.8525018 2.108521 -0.2051158 0.8464916 2.118938 -0.1732806 0.8399847 2.112005 -0.2011084 0.8339745 2.122421 -0.1679164 0.8325473 2.122044 -0.1957442 0.8265371 2.13246 -0.1632444 0.8330302 2.134803 -0.1910722 0.82702 2.14522 -0.1610491 0.8412491 2.14541 -0.1888769 0.8352389 2.155827 -0.1975563 0.847273 2.139583 -0.1899969 0.8481756 2.160224 -0.2176131 0.8412581 2.170641 -0.2251726 0.8403555 2.15 -0.1943914 0.8605822 2.156813 -0.2220076 0.8536647 2.167229 -0.1999947 0.8679051 2.14682 -0.227611 0.8609875 2.157237 -0.2046667 0.8673472 2.134063 -0.232283 0.8604297 2.14448 -0.2066228 0.8591216 2.123415 -0.234239 0.8522041 2.133832 -0.2051158 0.8463703 2.118943 -0.232732 0.8394528 2.129359 -0.2007213 0.8339638 2.122354 -0.2283376 0.8270463 2.132771 -0.195118 0.8266409 2.132347 -0.2227342 0.8197234 2.142763 -0.190446 0.8271988 2.145103 -0.2180622 0.8202813 2.15552 -0.1884899 0.8354243 2.155751 -0.2161061 0.8285068 2.166168 -0.2251726 0.8403555 2.15 -0.2176131 0.8413798 2.170635 -0.2449882 0.8335624 2.181052 -0.2525477 0.8325381 2.160417 -0.2223914 0.8536636 2.167296 -0.2497665 0.8458462 2.177713 -0.228232 0.8608641 2.157351 -0.2556071 0.8530468 2.167767 -0.232904 0.8602311 2.144598 -0.2602791 0.8524137 2.155014 -0.2346229 0.8520062 2.133908 -0.261998 0.8441888 2.144325 -0.232732 0.8393311 2.129365 -0.2601071 0.8315137 2.139782 -0.2279537 0.8270473 2.132704 -0.2553288 0.81923 2.14312 -0.2221131 0.8198468 2.142649 -0.2494882 0.8120294 2.153066 -0.2174411 0.8204799 2.155402 -0.2448162 0.8126625 2.165819 -0.2157223 0.8287048 2.166092 -0.2430974 0.8208874 2.176509 -0.2525477 0.8325381 2.160417 -0.2449882 0.8336846 2.181045 -0.2720929 0.8249758 2.191462 -0.2796523 0.8238292 2.170833 -0.2501468 0.8458335 2.177779 -0.2772515 0.8371246 2.188196 -0.2562224 0.852904 2.167882 -0.2833271 0.8441951 2.178298 -0.2608944 0.8521954 2.155132 -0.2879991 0.8434865 2.165549 -0.2623783 0.8439784 2.144402 -0.2894829 0.8352695 2.154818 -0.2601071 0.8313915 2.139788 -0.2872118 0.8226827 2.150205 -0.2549485 0.8192427 2.143054 -0.2820532 0.8105338 2.153471 -0.2488729 0.8121722 2.152952 -0.2759776 0.8034633 2.163368 -0.2442009 0.8128808 2.165701 -0.2713056 0.8041719 2.176118 -0.2427171 0.8210978 2.176432 -0.2698217 0.8123889 2.186848 -0.2796523 0.8238292 2.170833 -0.2720929 0.8250985 2.191455 -0.2988981 0.8155075 2.201871 -0.3064575 0.8142382 2.18125 -0.2776278 0.8371004 2.188263 -0.304433 0.8275094 2.198679 -0.283936 0.8440332 2.178413 -0.3107412 0.8344421 2.18883 -0.288608 0.8432487 2.165668 -0.3154132 0.8336577 2.176085 -0.2898592 0.8350467 2.154896 -0.3166644 0.8254556 2.165313 -0.2872118 0.8225599 2.150212 -0.314017 0.8129689 2.160629 -0.2816769 0.810558 2.153404 -0.3084821 0.8009669 2.163821 -0.2753687 0.8036252 2.163254 -0.3021739 0.7940342 2.17367 -0.2706967 0.8044097 2.175999 -0.2975019 0.7948186 2.186415 -0.2694454 0.8126118 2.18677 -0.2962507 0.8030207 2.197187 -0.3064575 0.8142382 2.18125 -0.2988981 0.8156308 2.201863 -0.3253751 0.8051679 2.21228 -0.3329346 0.8037752 2.191667 -0.3048049 0.8274739 2.198745 -0.3312819 0.8170109 2.209162 -0.311343 0.8342613 2.188944 -0.33782 0.8237984 2.199361 -0.316015 0.8334006 2.176205 -0.342492 0.8229377 2.186621 -0.3170363 0.8252205 2.165392 -0.3435134 0.8147575 2.175809 -0.314017 0.8128455 2.160637 -0.340494 0.8023825 2.171053 -0.3081102 0.8010024 2.163755 -0.3345872 0.7905394 2.174171 -0.3015721 0.794215 2.173556 -0.3280492 0.783752 2.183972 -0.2969001 0.7950757 2.186295 -0.3233772 0.7846127 2.196712 -0.2958787 0.8032558 2.197108 -0.3223558 0.7927929 2.207525 -0.3329346 0.8037752 2.191667 -0.3253751 0.805292 2.212271 -0.3514957 0.7939683 2.222688 -0.3590551 0.7924515 2.202083 -0.3316491 0.8169644 2.209228 -0.3577696 0.8056407 2.219644 -0.3384141 0.823599 2.199476 -0.3645346 0.8122753 2.209893 -0.3430861 0.8226616 2.186742 -0.3692066 0.8113379 2.197159 -0.3438805 0.8145102 2.175889 -0.3700011 0.8031865 2.186305 -0.340494 0.8022584 2.171062 -0.3666146 0.7909347 2.181479 -0.3342201 0.790586 2.174106 -0.3603406 0.7792623 2.184522 -0.3274551 0.7839514 2.183857 -0.3535756 0.7726277 2.194274 -0.3227831 0.7848888 2.196591 -0.3489037 0.7735651 2.207008 -0.3219886 0.7930402 2.207445 -0.3481092 0.7817165 2.217861 -0.3590551 0.7924515 2.202083 -0.3514957 0.7940932 2.222678 -0.3772317 0.7819209 2.233095 -0.3847912 0.7802793 2.2125 -0.3581316 0.8055834 2.21971 -0.3838676 0.7934111 2.230127 -0.3651203 0.8120576 2.210009 -0.3908563 0.7998854 2.220426 -0.3697923 0.8110431 2.19728 -0.3955283 0.7988708 2.207697 -0.370363 0.8029271 2.186386 -0.3960991 0.7907549 2.196803 -0.3666146 0.7908099 2.181488 -0.3923506 0.7786377 2.191905 -0.3599786 0.7793197 2.184457 -0.3857147 0.7671475 2.194873 -0.35299 0.7728454 2.194158 -0.378726 0.7606732 2.204574 -0.348318 0.77386 2.206886 -0.374054 0.7616877 2.217303 -0.3477472 0.7819759 2.21778 -0.3734832 0.7698037 2.228197 -0.3847912 0.7802793 2.2125 -0.3772317 0.7820466 2.233085 -0.4025557 0.7690388 2.243501 -0.4101152 0.7672715 2.222917 -0.384224 0.7933431 2.230192 -0.409548 0.7803354 2.240609 -0.391433 0.7996497 2.220542 -0.416757 0.786642 2.230959 -0.396105 0.7985575 2.20782 -0.421429 0.7855497 2.218236 -0.3964555 0.7904836 2.196885 -0.4217795 0.7774758 2.207302 -0.3923506 0.778512 2.191915 -0.4176746 0.7655042 2.202332 -0.3853583 0.7672154 2.194808 -0.4106823 0.7542076 2.205224 -0.3781493 0.7609088 2.204458 -0.4034733 0.747901 2.214875 -0.3734773 0.7620011 2.21718 -0.3988013 0.7489933 2.227597 -0.3731268 0.770075 2.228115 -0.3984508 0.7570672 2.238531 -0.4101152 0.7672715 2.222917 -0.4025557 0.7691654 2.24349 -0.4274405 0.755336 2.253907 -0.435 0.7534421 2.233333 -0.4098985 0.7802571 2.240674 -0.4347833 0.7664277 2.251091 -0.4173241 0.7863887 2.231075 -0.4422089 0.7725593 2.241492 -0.4219961 0.7852182 2.21836 -0.4468809 0.7713888 2.228777 -0.42213 0.7771927 2.207386 -0.4470148 0.7633633 2.217802 -0.4176746 0.7653776 2.202343 -0.4425595 0.7515482 2.21276 -0.4103318 0.7542859 2.205159 -0.4352167 0.7404565 2.215576 -0.4029063 0.7481543 2.214758 -0.4277911 0.7343249 2.225175 -0.3982343 0.7493248 2.227473 -0.4231191 0.7354954 2.23789 -0.3981004 0.7573503 2.238448 -0.4229852 0.7435209 2.248864 -0.435 0.7534421 2.233333 -0.4274405 0.7554635 2.253895 -0.4518596 0.7408273 2.264311 -0.459419 0.7388059 2.24375 -0.4351275 0.7663393 2.251156 -0.4595465 0.7517031 2.261573 -0.4427657 0.7722887 2.24161 -0.4671848 0.7576525 2.252026 -0.4474377 0.7710394 2.228902 -0.4718568 0.7564032 2.239319 -0.4473589 0.7630685 2.217887 -0.471778 0.7484323 2.228304 -0.4425595 0.7514207 2.212772 -0.4669785 0.7367845 2.223189 -0.4348725 0.7405449 2.215511 -0.4592915 0.7259087 2.225927 -0.4272343 0.7345955 2.225057 -0.4516533 0.7199593 2.235474 -0.4225623 0.7358448 2.237765 -0.4469813 0.7212086 2.248181 -0.4226411 0.7438157 2.24878 -0.4470601 0.7291795 2.259196 -0.459419 0.7388059 2.24375 -0.4518596 0.7409559 2.264298 -0.4757867 0.7255286 2.274715 -0.4833461 0.7233786 2.254167 -0.459884 0.7516049 2.261638 -0.4838111 0.7361776 2.272054 -0.4677308 0.7573651 2.252145 -0.4916579 0.7419378 2.262561 -0.4724028 0.7560364 2.239445 -0.4963299 0.740609 2.249862 -0.4721154 0.7481261 2.22839 -0.4960425 0.7326988 2.238807 -0.4669785 0.7366559 2.223202 -0.4909056 0.7212285 2.233618 -0.4589541 0.7260069 2.225862 -0.4828811 0.7105795 2.236279 -0.4511073 0.7202466 2.235355 -0.4750343 0.7048193 2.245772 -0.4464353 0.7215754 2.248055 -0.4703623 0.7061481 2.258472 -0.4467226 0.7294857 2.25911 -0.4706497 0.7140583 2.269527 -0.4833461 0.7233786 2.254167 -0.4757867 0.7256583 2.274701 -0.4991961 0.7094563 2.285118 -0.5067556 0.7071766 2.264583 -0.4841415 0.73607 2.272119 -0.507551 0.719868 2.282536 -0.4921925 0.741634 2.26268 -0.515602 0.725432 2.273097 -0.4968645 0.740225 2.249989 -0.520274 0.7240231 2.260406 -0.4963729 0.7323813 2.238894 -0.5197824 0.7161793 2.249311 -0.4909056 0.7210988 2.233632 -0.514315 0.7048969 2.244049 -0.4825507 0.7106872 2.236214 -0.5059602 0.6944852 2.246631 -0.4744997 0.7051232 2.245653 -0.4979092 0.6889212 2.25607 -0.4698277 0.7065321 2.258344 -0.4932372 0.6903302 2.268761 -0.4703193 0.7143758 2.269439 -0.4937288 0.6981739 2.279856 -0.5067556 0.7071766 2.264583 -0.4991961 0.7095872 2.285103 -0.522063 0.692628 2.295519 -0.5296224 0.6902174 2.275 -0.507874 0.7197512 2.282601 -0.5307408 0.702792 2.293017 -0.5161247 0.7251122 2.273217 -0.5389915 0.708153 2.283633 -0.5207966 0.7236223 2.260535 -0.5436635 0.7066631 2.270952 -0.5201054 0.7158508 2.2494 -0.5429723 0.6988916 2.259816 -0.514315 0.704766 2.244064 -0.5371819 0.6878068 2.254481 -0.5056372 0.694602 2.246566 -0.528504 0.6776428 2.256983 -0.4973865 0.6892411 2.25595 -0.5202534 0.6722819 2.266367 -0.4927145 0.6907309 2.268632 -0.5155814 0.6737717 2.279048 -0.4934057 0.6985025 2.279767 -0.5162726 0.6815433 2.290184 -0.5296224 0.6902174 2.275 -0.522063 0.6927602 2.295503 -0.5443627 0.6750619 2.30592 -0.5519222 0.6725191 2.285417 -0.5310561 0.7026664 2.293082 -0.5533558 0.6849681 2.303499 -0.5395016 0.7078176 2.283754 -0.5618013 0.6901192 2.294171 -0.5441736 0.706246 2.271082 -0.5664733 0.6885477 2.281499 -0.5432876 0.6985521 2.259907 -0.5655873 0.6808538 2.270324 -0.5371819 0.6876746 2.254497 -0.5594816 0.6699763 2.264913 -0.5281888 0.6777684 2.256918 -0.5504885 0.6600701 2.267334 -0.5197433 0.6726173 2.266246 -0.542043 0.6549189 2.276662 -0.5150713 0.6741888 2.278918 -0.537371 0.6564905 2.289334 -0.5159573 0.6818827 2.290093 -0.538257 0.6641844 2.30051 -0.5519222 0.6725191 2.285417 -0.5443627 0.6751954 2.305903 -0.5660714 0.656777 2.31632 -0.5736309 0.6541006 2.295833 -0.553663 0.684834 2.303564 -0.5753717 0.6664156 2.31398 -0.5622984 0.6897688 2.294293 -0.5840071 0.6713503 2.304709 -0.5669704 0.6881147 2.281631 -0.5886791 0.6696962 2.292048 -0.5658945 0.6805036 2.270416 -0.5876032 0.6620852 2.280833 -0.5594816 0.6698428 2.26493 -0.5811903 0.6514243 2.275347 -0.5501813 0.6602041 2.26727 -0.57189 0.6417857 2.277686 -0.5415459 0.6552694 2.276541 -0.5632546 0.636851 2.286957 -0.5368739 0.6569235 2.289202 -0.5585826 0.638505 2.299619 -0.5379499 0.6645345 2.300417 -0.5596586 0.6461161 2.310834 -0.5736309 0.6541006 2.295833 -0.5660714 0.6569119 2.316302 -0.5871659 0.637793 2.326718 -0.5947253 0.6349817 2.30625 -0.5756705 0.6662734 2.314045 -0.5967649 0.6471545 2.324462 -0.5844905 0.6709853 2.304832 -0.6055849 0.6518664 2.315249 -0.5891625 0.6692478 2.292182 -0.6102569 0.6501289 2.302599 -0.5879019 0.6617246 2.280927 -0.6089964 0.6426057 2.291343 -0.5811903 0.6512893 2.275365 -0.6022848 0.6321704 2.285782 -0.5715912 0.6419279 2.277622 -0.5926857 0.622809 2.288038 -0.5627712 0.637216 2.286835 -0.5838657 0.6180971 2.297251 -0.5580992 0.6389535 2.299485 -0.5791937 0.6198346 2.309901 -0.5593598 0.6464767 2.31074 -0.5804542 0.6273578 2.321157 -0.5947253 0.6349817 2.30625 -0.5871659 0.6379295 2.326699 -0.6076234 0.6181307 2.337116 -0.6151829 0.6151829 2.316667 -0.597055 0.6470046 2.324526 -0.6175126 0.6272057 2.334943 -0.6060542 0.6514873 2.315373 -0.6265118 0.6316884 2.325789 -0.6107262 0.6496654 2.302734 -0.6311838 0.6298666 2.313151 -0.6092864 0.6422349 2.291439 -0.629744 0.6224361 2.301856 -0.6022848 0.6320339 2.285801 -0.6227424 0.6122351 2.296218 -0.5923956 0.6229589 2.287974 -0.6128532 0.6031601 2.29839 -0.5833964 0.6184762 2.297127 -0.603854 0.5986774 2.307544 -0.5787244 0.6202981 2.309766 -0.599182 0.6004992 2.320182 -0.5801642 0.6277286 2.321061 -0.6006218 0.6079297 2.331478 -0.6151829 0.6151829 2.316667 -0.6076234 0.6182688 2.337095 -0.6274223 0.5978112 2.347512 -0.6349817 0.5947253 2.327083 -0.6177936 0.6270484 2.335008 -0.6375924 0.6065908 2.345424 -0.6269665 0.6312958 2.325914 -0.6467653 0.6108382 2.336331 -0.6316385 0.6293886 2.313289 -0.6514373 0.608931 2.323705 -0.630025 0.6220553 2.301953 -0.6498239 0.6015977 2.31237 -0.6227424 0.612097 2.296238 -0.6425412 0.5916394 2.306655 -0.6125722 0.6033174 2.298326 -0.6323711 0.5828598 2.308742 -0.6033993 0.59907 2.307419 -0.6231981 0.5786124 2.317836 -0.5987273 0.6009772 2.320045 -0.6185261 0.5805196 2.330461 -0.6003408 0.6083105 2.33138 -0.6201396 0.5878529 2.341797 -0.6349817 0.5947253 2.327083 -0.6274223 0.5979511 2.34749 -0.6465412 0.5768566 2.357907 -0.6541006 0.5736309 2.3375 -0.6378641 0.6064266 2.345489 -0.656983 0.5853322 2.355906 -0.6472049 0.6104327 2.336457 -0.6663238 0.5893383 2.346874 -0.6518769 0.6084391 2.323845 -0.6709958 0.5873446 2.334262 -0.6500955 0.6012073 2.31247 -0.6692144 0.5801128 2.322886 -0.6425412 0.5914995 2.306676 -0.6616601 0.5704051 2.317093 -0.6320994 0.583024 2.308678 -0.6512183 0.5619295 2.319094 -0.6227586 0.5790179 2.317709 -0.6418775 0.5579235 2.328126 -0.6180866 0.5810115 2.330322 -0.6372055 0.5599171 2.340738 -0.619868 0.5882433 2.341697 -0.6389869 0.5671489 2.352114 -0.6541006 0.5736309 2.3375 -0.6465412 0.5769983 2.357884 -0.6649596 0.5552896 2.368301 -0.6725191 0.5519222 2.347917 -0.657245 0.5851615 2.35597 -0.6756634 0.5634528 2.366387 -0.6667477 0.5889204 2.347002 -0.6851662 0.5672117 2.357418 -0.6714197 0.5868392 2.334404 -0.6898382 0.5651305 2.34482 -0.6694764 0.5797129 2.322988 -0.6878949 0.5580042 2.333405 -0.6616601 0.5702635 2.317116 -0.6800785 0.5485548 2.327532 -0.6509563 0.5621002 2.31903 -0.6693748 0.5403915 2.329446 -0.6414535 0.5583413 2.327998 -0.659872 0.5366326 2.338415 -0.6367815 0.5604225 2.340596 -0.6552 0.5387138 2.351013 -0.6387248 0.5675488 2.352012 -0.6571433 0.5458401 2.362429 -0.6725191 0.5519222 2.347917 -0.6649596 0.5554331 2.368277 -0.682658 0.5331334 2.378693 -0.6902174 0.5296224 2.358333 -0.6759155 0.563276 2.366452 -0.6936138 0.5409763 2.376869 -0.6855741 0.5667821 2.357547 -0.7032724 0.5444823 2.367964 -0.6902461 0.5646122 2.344964 -0.7079444 0.5423124 2.355381 -0.688147 0.5575951 2.333509 -0.7058453 0.5352954 2.343925 -0.6800785 0.5484112 2.327557 -0.6977769 0.5261115 2.337973 -0.6691227 0.5405683 2.329381 -0.686821 0.5182686 2.339798 -0.6594641 0.5370623 2.338286 -0.6771624 0.5147625 2.348703 -0.6547921 0.5392322 2.350869 -0.6724904 0.5169324 2.361286 -0.6568912 0.5462492 2.362325 -0.6745895 0.5239495 2.372741 -0.6902174 0.5296224 2.358333 -0.682658 0.533279 2.378668 -0.6996172 0.5104121 2.389084 -0.7071766 0.5067556 2.36875 -0.6938558 0.5407938 2.376933 -0.710815 0.517927 2.38735 -0.7036638 0.5440416 2.368095 -0.7206231 0.5211747 2.378511 -0.7083358 0.5417817 2.355527 -0.7252951 0.5189149 2.365944 -0.7060872 0.5348774 2.344032 -0.7230464 0.5120106 2.354448 -0.6977769 0.5259659 2.337999 -0.7147361 0.5030991 2.348416 -0.686579 0.5184511 2.339733 -0.7035383 0.4955842 2.35015 -0.676771 0.5152033 2.348572 -0.6937302 0.4923365 2.358989 -0.672099 0.5174632 2.361139 -0.6890582 0.4945963 2.371556 -0.6743476 0.5243675 2.372635 -0.6913068 0.5015006 2.383052 -0.7071766 0.5067556 2.36875 -0.6996172 0.5105598 2.389057 -0.7158191 0.4871504 2.399474 -0.7233786 0.4833461 2.379167 -0.7110464 0.5177394 2.387415 -0.7272484 0.4943299 2.397832 -0.7209976 0.5207235 2.378643 -0.7371995 0.497314 2.38906 -0.7256696 0.5183724 2.366093 -0.7418715 0.4949629 2.376509 -0.7232779 0.511584 2.354557 -0.7394798 0.4881745 2.364974 -0.7147361 0.5029513 2.348443 -0.730938 0.4795419 2.358859 -0.7033068 0.4957718 2.350085 -0.7195087 0.4723623 2.360502 -0.6933556 0.4927877 2.358857 -0.7095576 0.4693782 2.369273 -0.6886836 0.4951388 2.371407 -0.7048856 0.4717293 2.381824 -0.6910753 0.5019272 2.382943 -0.7072773 0.4785177 2.393359 -0.7233786 0.4833461 2.379167 -0.7158191 0.4873003 2.399445 -0.7312464 0.4633732 2.409862 -0.7388059 0.459419 2.389583 -0.7274692 0.4941377 2.397897 -0.7428965 0.4702106 2.408313 -0.7375568 0.496853 2.389194 -0.7529841 0.4729259 2.39961 -0.7422288 0.4944092 2.376661 -0.7576561 0.4704821 2.387078 -0.7397006 0.4877396 2.365085 -0.755128 0.4638125 2.375502 -0.730938 0.4793919 2.358888 -0.7463653 0.4554648 2.369305 -0.719288 0.4725545 2.360437 -0.7347153 0.4486275 2.370853 -0.7092004 0.4698392 2.36914 -0.7246277 0.4459121 2.379556 -0.7045284 0.472283 2.381672 -0.7199557 0.448356 2.392089 -0.7070565 0.4789526 2.393248 -0.7224838 0.4550255 2.403665 -0.7388059 0.459419 2.389583 -0.7312464 0.4635256 2.409832 -0.7458826 0.4391065 2.420248 -0.7534421 0.435 2.4 -0.7431064 0.4700142 2.408378 -0.7577426 0.4455951 2.418795 -0.7533236 0.4724558 2.399746 -0.7679598 0.4480368 2.410163 -0.7579956 0.4699178 2.387232 -0.7726318 0.4454988 2.397648 -0.7553378 0.4633697 2.375616 -0.769974 0.4389506 2.386033 -0.7463653 0.4553125 2.369335 -0.7610016 0.4308935 2.379752 -0.7345054 0.4488239 2.370788 -0.7491416 0.4244049 2.381205 -0.7242882 0.4463823 2.379421 -0.7389244 0.4219632 2.389837 -0.7196162 0.4489202 2.391935 -0.7342524 0.4245012 2.402352 -0.722274 0.4554684 2.403551 -0.7369102 0.4310494 2.413967 -0.7534421 0.435 2.4 -0.7458826 0.4392613 2.420216 -0.759712 0.4143765 2.430633 -0.7672715 0.4101152 2.410417 -0.7579413 0.4453951 2.41886 -0.7717707 0.4205102 2.429277 -0.7682813 0.4475582 2.4103 -0.7821107 0.4226734 2.420717 -0.7729533 0.4449245 2.397806 -0.7867827 0.4200397 2.408222 -0.7701727 0.4385 2.386149 -0.7840021 0.4136152 2.396566 -0.7610016 0.4307387 2.379784 -0.774831 0.4058538 2.3902 -0.7489429 0.4246049 2.38114 -0.7627723 0.3997201 2.391557 -0.7386029 0.4224418 2.3897 -0.7524323 0.397557 2.400117 -0.7339309 0.4250755 2.402194 -0.7477603 0.4001906 2.412611 -0.7367115 0.4315 2.413851 -0.7505409 0.4066151 2.424267 -0.7672715 0.4101152 2.410417 -0.759712 0.414534 2.430599 -0.7727198 0.38921 2.441016 -0.7802793 0.3847912 2.420833 -0.771958 0.420307 2.429342 -0.7849658 0.394983 2.439759 -0.7824138 0.4221871 2.420856 -0.7954216 0.3968631 2.431273 -0.7870858 0.4194562 2.408382 -0.8000936 0.3941322 2.418799 -0.7841894 0.4131572 2.396686 -0.7971972 0.3878332 2.407103 -0.774831 0.4056964 2.390234 -0.7878387 0.3803724 2.400651 -0.762585 0.3999233 2.391491 -0.7755928 0.3745993 2.401908 -0.7521292 0.3980432 2.399977 -0.7651369 0.3727192 2.410394 -0.7474572 0.4007742 2.412451 -0.7604649 0.3754502 2.422868 -0.7503536 0.4070731 2.424147 -0.7633614 0.3817491 2.434564 -0.7802793 0.3847912 2.420833 -0.7727198 0.3893702 2.44098 -0.7848921 0.3636341 2.451397 -0.7924515 0.3590551 2.43125 -0.7851415 0.3947772 2.439824 -0.7973138 0.3690412 2.45024 -0.795706 0.3963699 2.431414 -0.8078783 0.3706339 2.441831 -0.800378 0.39354 2.418963 -0.8125503 0.3678039 2.429379 -0.797373 0.3873682 2.407226 -0.8095452 0.3616322 2.417642 -0.7878387 0.3802122 2.400687 -0.800011 0.3544761 2.411103 -0.775417 0.3748051 2.401843 -0.7875893 0.3490691 2.41226 -0.7648526 0.3732124 2.410253 -0.7770248 0.3474763 2.420669 -0.7601806 0.3760424 2.422704 -0.7723528 0.3503063 2.433121 -0.7631856 0.3822141 2.434441 -0.7753578 0.356478 2.444858 -0.7924515 0.3590551 2.43125 -0.7848921 0.3637972 2.451359 -0.7962157 0.3376767 2.461776 -0.8037752 0.3329346 2.441667 -0.7974778 0.3688334 2.450306 -0.8088014 0.3427128 2.460722 -0.8081436 0.3701345 2.441974 -0.8194673 0.344014 2.452391 -0.8128156 0.3672037 2.429546 -0.8241393 0.3410832 2.439963 -0.8097092 0.3611605 2.417769 -0.8210329 0.3350399 2.428186 -0.800011 0.354313 2.411141 -0.8113346 0.3281925 2.421558 -0.7874253 0.3492769 2.412194 -0.7987489 0.3231563 2.422611 -0.7767594 0.3479757 2.420526 -0.7880831 0.3218552 2.430943 -0.7720874 0.3509065 2.432954 -0.7834111 0.324786 2.443371 -0.7751938 0.3569498 2.444731 -0.7865175 0.3308292 2.455148 -0.8037752 0.3329346 2.441667 -0.7962157 0.3378429 2.461736 -0.8066787 0.3113658 2.472152 -0.8142382 0.3064575 2.452083 -0.8089535 0.3425036 2.460788 -0.8194165 0.3160266 2.471204 -0.8197134 0.3435093 2.452536 -0.8301763 0.3170322 2.462953 -0.8243853 0.3404758 2.440133 -0.8348483 0.3139987 2.45055 -0.821185 0.3345618 2.428316 -0.8316479 0.3080848 2.438732 -0.8113346 0.3280263 2.421598 -0.8217976 0.3015492 2.432014 -0.7985969 0.3233656 2.422546 -0.8090598 0.2968885 2.432962 -0.787837 0.3223599 2.430797 -0.7983 0.2958828 2.441214 -0.783165 0.3253934 2.4432 -0.793628 0.2989163 2.453617 -0.7863654 0.3313074 2.455018 -0.7968284 0.3048303 2.465434 -0.8142382 0.3064575 2.452083 -0.8066787 0.3115353 2.47211 -0.8162698 0.28473 2.482527 -0.8238292 0.2796523 2.4625 -0.8195565 0.3158165 2.47127 -0.8291475 0.2890113 2.481687 -0.8304028 0.3165229 2.463101 -0.8399939 0.2897177 2.473518 -0.8350748 0.3133847 2.450724 -0.8446659 0.2865795 2.461141 -0.8317879 0.3076006 2.438866 -0.841379 0.2807954 2.449283 -0.8217976 0.3013798 2.432057 -0.8313887 0.2745746 2.442473 -0.8089198 0.2970986 2.432897 -0.8185109 0.2702934 2.443313 -0.7980735 0.2963922 2.441066 -0.8076646 0.2695869 2.451482 -0.7934015 0.2995303 2.453443 -0.8029926 0.2727251 2.463859 -0.7966884 0.3053145 2.465301 -0.8062795 0.2785093 2.475717 -0.8238292 0.2796523 2.4625 -0.8162698 0.2849028 2.482482 -0.8249786 0.2577982 2.492899 -0.8325381 0.2525477 2.472917 -0.8292753 0.288801 2.481752 -0.8379841 0.2616963 2.492169 -0.8402005 0.2892047 2.473668 -0.8489094 0.2621 2.484085 -0.8448725 0.2859597 2.461319 -0.8535814 0.258855 2.471735 -0.8415067 0.2803055 2.44942 -0.8502156 0.2532008 2.459837 -0.8313887 0.2744018 2.442518 -0.8400975 0.2472972 2.452935 -0.8183832 0.2705037 2.443248 -0.827092 0.243399 2.453665 -0.8074579 0.2701 2.451332 -0.8161668 0.2429953 2.461748 -0.8027859 0.273345 2.463681 -0.8114948 0.2462403 2.474098 -0.8061517 0.2789992 2.47558 -0.8148606 0.2518945 2.485996 -0.8325381 0.2525477 2.472917 -0.8249786 0.2579745 2.492852 -0.832796 0.2305994 2.503268 -0.8403555 0.2251726 2.483333 -0.8380995 0.2614865 2.492234 -0.8459169 0.2341114 2.502651 -0.8490961 0.2615841 2.484238 -0.8569135 0.234209 2.494655 -0.8537681 0.2582301 2.471918 -0.8615855 0.230855 2.482334 -0.8503309 0.2527056 2.459979 -0.8581483 0.2253305 2.470395 -0.8400975 0.2471208 2.452982 -0.8479149 0.2197457 2.463398 -0.8269767 0.2436089 2.453599 -0.8347941 0.2162338 2.464016 -0.8159801 0.2435113 2.461595 -0.8237975 0.2161362 2.472012 -0.8113081 0.2468653 2.473916 -0.8191255 0.2194902 2.484332 -0.8147452 0.2523897 2.485855 -0.8225626 0.2250146 2.496271 -0.8403555 0.2251726 2.483333 -0.832796 0.2307796 2.503218 -0.8397135 0.2031633 2.513635 -0.847273 0.1975563 2.49375 -0.8460197 0.2339026 2.502716 -0.8529372 0.2062863 2.513133 -0.8570799 0.233691 2.494811 -0.8639974 0.2060748 2.505227 -0.8617519 0.2302257 2.482521 -0.8686694 0.2026095 2.492938 -0.8582512 0.2248303 2.470542 -0.8651687 0.1972141 2.480958 -0.8479149 0.2195656 2.463448 -0.8548324 0.1919494 2.473865 -0.8346912 0.2164426 2.46395 -0.8416087 0.1888264 2.474367 -0.8236311 0.2166541 2.471856 -0.8305486 0.1890379 2.482273 -0.8189591 0.2201194 2.484146 -0.8258766 0.1925032 2.494562 -0.8224598 0.2255149 2.496125 -0.8293773 0.1978986 2.506542 -0.847273 0.1975563 2.49375 -0.8397135 0.2033474 2.513582 -0.8457237 0.1755196 2.523999 -0.8532832 0.1697286 2.504167 -0.8530275 0.2060793 2.513199 -0.8590377 0.1782515 2.523615 -0.8641434 0.2055557 2.505386 -0.8701536 0.1777279 2.515803 -0.8688154 0.2019766 2.493129 -0.8748256 0.1741489 2.503546 -0.8652589 0.1967092 2.481109 -0.8712691 0.1688814 2.491526 -0.8548324 0.1917653 2.473918 -0.8608426 0.1639375 2.484334 -0.8415185 0.1890334 2.474301 -0.8475287 0.1612056 2.484718 -0.8304026 0.189557 2.482114 -0.8364128 0.1617292 2.492531 -0.8257306 0.193136 2.494371 -0.8317408 0.1653083 2.504788 -0.829287 0.1984035 2.506391 -0.8352973 0.1705758 2.516807 -0.8532832 0.1697286 2.504167 -0.8457237 0.1757079 2.523943 -0.8508202 0.1476983 2.53436 -0.8583797 0.1417191 2.514583 -0.8591152 0.1780469 2.523681 -0.8642117 0.1500374 2.534097 -0.870279 0.1772087 2.515965 -0.8753756 0.1491992 2.526381 -0.874951 0.1735133 2.503742 -0.8800476 0.1455038 2.514159 -0.8713467 0.1683723 2.491682 -0.8764432 0.1403627 2.502098 -0.8608426 0.1637493 2.48439 -0.8659392 0.1357398 2.494807 -0.8474512 0.1614102 2.484653 -0.8525477 0.1334007 2.495069 -0.8362873 0.1622485 2.492369 -0.8413838 0.134239 2.502785 -0.8316153 0.1659439 2.504591 -0.8367118 0.1379344 2.515008 -0.8352197 0.1710849 2.516652 -0.8403162 0.1430754 2.527068 -0.8583797 0.1417191 2.514583 -0.8508202 0.1478909 2.5343 -0.8549976 0.1197297 2.544717 -0.862557 0.1135578 2.525 -0.8642764 0.149836 2.534163 -0.8684538 0.1216747 2.544579 -0.8754803 0.1486806 2.526546 -0.8796576 0.1205193 2.536963 -0.8801523 0.1448662 2.51436 -0.8843296 0.1167049 2.524777 -0.8765079 0.1398497 2.50226 -0.8806852 0.1116884 2.512676 -0.8659392 0.1355472 2.494866 -0.8701165 0.1073859 2.505283 -0.8524829 0.1336022 2.495004 -0.8566603 0.1054409 2.505421 -0.8412791 0.1347575 2.502621 -0.8454564 0.1065962 2.513037 -0.8366071 0.1385719 2.514806 -0.8407844 0.1104107 2.525223 -0.8402515 0.1435885 2.526907 -0.8444288 0.1154272 2.537324 -0.862557 0.1135578 2.525 -0.8549976 0.1199269 2.544654 -0.8582513 0.09164399 2.555071 -0.8658107 0.08527491 2.535417 -0.8685056 0.1214772 2.544644 -0.8717593 0.09319429 2.555061 -0.8797416 0.1200025 2.537131 -0.8829952 0.09171966 2.547548 -0.8844135 0.1160662 2.524984 -0.8876672 0.08778335 2.535401 -0.8807371 0.1111718 2.512843 -0.8839908 0.08288891 2.52326 -0.8701165 0.1071887 2.505346 -0.8733702 0.07890584 2.515762 -0.8566084 0.1056384 2.505356 -0.8598621 0.07735554 2.515772 -0.8453725 0.107113 2.512869 -0.8486262 0.07883017 2.523286 -0.8407005 0.1110493 2.525016 -0.8439542 0.08276647 2.535433 -0.844377 0.1159438 2.537157 -0.8476306 0.08766091 2.547574 -0.8658107 0.08527491 2.535417 -0.8582513 0.09184604 2.555004 -0.8605778 0.06347185 2.565421 -0.8681373 0.05690072 2.545833 -0.8717983 0.09300144 2.555126 -0.8741248 0.06462725 2.565542 -0.8830583 0.09120557 2.547719 -0.8853848 0.06283138 2.558136 -0.8877303 0.08714439 2.535613 -0.8900568 0.0587702 2.54603 -0.8840297 0.08236913 2.523432 -0.8863563 0.05399494 2.533849 -0.8733702 0.07870379 2.515829 -0.8756967 0.0503296 2.526246 -0.8598231 0.07754839 2.515708 -0.8621497 0.0491742 2.526124 -0.8485632 0.07934426 2.523114 -0.8508897 0.05097007 2.533531 -0.8438912 0.08340544 2.53522 -0.8462177 0.05503125 2.545637 -0.8475917 0.08818069 2.547401 -0.8499182 0.0598065 2.557818 -0.8681373 0.05690072 2.545833 -0.8605778 0.063679 2.56535 -0.8619747 0.03524388 2.575767 -0.8695342 0.0284656 2.55625 -0.8741508 0.06443986 2.565607 -0.8755478 0.03600474 2.576024 -0.8854269 0.06232103 2.558311 -0.8868238 0.03388591 2.568728 -0.8900989 0.05813183 2.546249 -0.8914958 0.0296967 2.556665 -0.8863823 0.05347238 2.534028 -0.8877792 0.02503726 2.544445 -0.8756967 0.05012245 2.526316 -0.8770936 0.02168733 2.536733 -0.8621237 0.04936158 2.52606 -0.8635206 0.02092646 2.536476 -0.8508477 0.05148041 2.533356 -0.8522446 0.02304529 2.543772 -0.8461757 0.05566962 2.545418 -0.8475726 0.0272345 2.555835 -0.8498923 0.06032906 2.557639 -0.8512892 0.03189394 2.568055 -0.8695342 0.0284656 2.55625 -0.8619747 0.03545641 2.575692 -0.8624405 0.006990803 2.586108 -0.87 1.075529e-16 2.566667 -0.8755608 0.03582365 2.576088 -0.8760266 0.00735805 2.586504 -0.8868448 0.03338037 2.568906 -0.8873106 0.004914771 2.579323 -0.8915168 0.02905982 2.556891 -0.8919826 0.0005942173 2.567307 -0.8877922 0.02451229 2.54463 -0.888258 -0.003953308 2.555047 -0.8770936 0.0214748 2.536808 -0.8775595 -0.006990803 2.547225 -0.8635076 0.02110755 2.536412 -0.8639734 -0.00735805 2.546829 -0.8522236 0.02355083 2.543594 -0.8526894 -0.004914771 2.55401 -0.8475516 0.02787138 2.555609 -0.8480174 -0.0005942173 2.566026 -0.8512762 0.03241891 2.56787 -0.851742 0.003953308 2.578286 -0.87 1.040834e-16 2.566667 -0.8624405 -0.006990803 2.547225 -0.8619747 -0.03545641 2.557642 -0.8695342 -0.0284656 2.577083 -0.851742 -0.003953308 2.555047 -0.8512762 -0.03241891 2.565464 -0.8480174 0.0005942173 2.567307 -0.8475516 -0.02787138 2.577724 -0.8526894 0.004914771 2.579323 -0.8522236 -0.02355083 2.58974 -0.8639734 0.00735805 2.586504 -0.8635076 -0.02110755 2.596921 -0.8775595 0.006990803 2.586108 -0.8770936 -0.0214748 2.596525 -0.888258 0.003953308 2.578286 -0.8877922 -0.02451229 2.588703 -0.8919826 -0.0005942173 2.566026 -0.8915168 -0.02905982 2.576443 -0.8873106 -0.004914771 2.55401 -0.8868448 -0.03338037 2.564427 -0.8760266 -0.00735805 2.546829 -0.8755608 -0.03582365 2.557246 -0.8695342 -0.0284656 2.577083 -0.8619747 -0.03524388 2.557566 -0.8605778 -0.063679 2.567983 -0.8681373 -0.05690072 2.5875 -0.8512892 -0.03189394 2.565278 -0.8498923 -0.06032906 2.575695 -0.8475726 -0.0272345 2.577499 -0.8461757 -0.05566962 2.587915 -0.8522446 -0.02304529 2.589561 -0.8508477 -0.05148041 2.599978 -0.8635206 -0.02092646 2.596857 -0.8621237 -0.04936158 2.607274 -0.8770936 -0.02168733 2.5966 -0.8756967 -0.05012245 2.607017 -0.8877792 -0.02503726 2.588889 -0.8863823 -0.05347238 2.599305 -0.8914958 -0.0296967 2.576668 -0.8900989 -0.05813183 2.587085 -0.8868238 -0.03388591 2.564606 -0.8854269 -0.06232103 2.575022 -0.8755478 -0.03600474 2.55731 -0.8741508 -0.06443986 2.567726 -0.8681373 -0.05690072 2.5875 -0.8605778 -0.06347185 2.567912 -0.8582513 -0.09184604 2.578329 -0.8658107 -0.08527491 2.597917 -0.8499182 -0.0598065 2.575516 -0.8475917 -0.08818069 2.585932 -0.8462177 -0.05503125 2.587697 -0.8438912 -0.08340544 2.598113 -0.8508897 -0.05097007 2.599802 -0.8485632 -0.07934426 2.610219 -0.8621497 -0.0491742 2.607209 -0.8598231 -0.07754839 2.617626 -0.8756967 -0.0503296 2.607088 -0.8733702 -0.07870379 2.617504 -0.8863563 -0.05399494 2.599484 -0.8840297 -0.08236913 2.609901 -0.8900568 -0.0587702 2.587303 -0.8877303 -0.08714439 2.59772 -0.8853848 -0.06283138 2.575198 -0.8830583 -0.09120557 2.585614 -0.8741248 -0.06462725 2.567791 -0.8717983 -0.09300144 2.578208 -0.8658107 -0.08527491 2.597917 -0.8582513 -0.09164399 2.578262 -0.8549976 -0.1199269 2.588679 -0.862557 -0.1135578 2.608333 -0.8476306 -0.08766091 2.58576 -0.844377 -0.1159438 2.596176 -0.8439542 -0.08276647 2.597901 -0.8407005 -0.1110493 2.608317 -0.8486262 -0.07883017 2.610048 -0.8453725 -0.107113 2.620464 -0.8598621 -0.07735554 2.617561 -0.8566084 -0.1056384 2.627978 -0.8733702 -0.07890584 2.617571 -0.8701165 -0.1071887 2.627988 -0.8839908 -0.08288891 2.610074 -0.8807371 -0.1111718 2.62049 -0.8876672 -0.08778335 2.597933 -0.8844135 -0.1160662 2.608349 -0.8829952 -0.09171966 2.585786 -0.8797416 -0.1200025 2.596202 -0.8717593 -0.09319429 2.578272 -0.8685056 -0.1214772 2.588689 -0.862557 -0.1135578 2.608333 -0.8549976 -0.1197297 2.588616 -0.8508202 -0.1478909 2.599033 -0.8583797 -0.1417191 2.61875 -0.8444288 -0.1154272 2.59601 -0.8402515 -0.1435885 2.606426 -0.8407844 -0.1104107 2.60811 -0.8366071 -0.1385719 2.618527 -0.8454564 -0.1065962 2.620296 -0.8412791 -0.1347575 2.630713 -0.8566603 -0.1054409 2.627913 -0.8524829 -0.1336022 2.638329 -0.8701165 -0.1073859 2.62805 -0.8659392 -0.1355472 2.638467 -0.8806852 -0.1116884 2.620657 -0.8765079 -0.1398497 2.631074 -0.8843296 -0.1167049 2.608556 -0.8801523 -0.1448662 2.618973 -0.8796576 -0.1205193 2.596371 -0.8754803 -0.1486806 2.606787 -0.8684538 -0.1216747 2.588754 -0.8642764 -0.149836 2.599171 -0.8583797 -0.1417191 2.61875 -0.8508202 -0.1476983 2.598974 -0.8457237 -0.1757079 2.60939 -0.8532832 -0.1697286 2.629167 -0.8403162 -0.1430754 2.606265 -0.8352197 -0.1710849 2.616682 -0.8367118 -0.1379344 2.618325 -0.8316153 -0.1659439 2.628742 -0.8413838 -0.134239 2.630548 -0.8362873 -0.1622485 2.640965 -0.8525477 -0.1334007 2.638264 -0.8474512 -0.1614102 2.648681 -0.8659392 -0.1357398 2.638526 -0.8608426 -0.1637493 2.648943 -0.8764432 -0.1403627 2.631235 -0.8713467 -0.1683723 2.641652 -0.8800476 -0.1455038 2.619175 -0.874951 -0.1735133 2.629591 -0.8753756 -0.1491992 2.606952 -0.870279 -0.1772087 2.617369 -0.8642117 -0.1500374 2.599236 -0.8591152 -0.1780469 2.609653 -0.8532832 -0.1697286 2.629167 -0.8457237 -0.1755196 2.609334 -0.8397135 -0.2033474 2.619751 -0.847273 -0.1975563 2.639583 -0.8352973 -0.1705758 2.616526 -0.829287 -0.1984035 2.626943 -0.8317408 -0.1653083 2.628546 -0.8257306 -0.193136 2.638962 -0.8364128 -0.1617292 2.640803 -0.8304026 -0.189557 2.651219 -0.8475287 -0.1612056 2.648615 -0.8415185 -0.1890334 2.659032 -0.8608426 -0.1639375 2.648999 -0.8548324 -0.1917653 2.659416 -0.8712691 -0.1688814 2.641807 -0.8652589 -0.1967092 2.652224 -0.8748256 -0.1741489 2.629788 -0.8688154 -0.2019766 2.640204 -0.8701536 -0.1777279 2.617531 -0.8641434 -0.2055557 2.627947 -0.8590377 -0.1782515 2.609718 -0.8530275 -0.2060793 2.620135 -0.847273 -0.1975563 2.639583 -0.8397135 -0.2031633 2.619698 -0.832796 -0.2307796 2.630115 -0.8403555 -0.2251726 2.65 -0.8293773 -0.1978986 2.626792 -0.8224598 -0.2255149 2.637208 -0.8258766 -0.1925032 2.638771 -0.8189591 -0.2201194 2.649188 -0.8305486 -0.1890379 2.651061 -0.8236311 -0.2166541 2.661477 -0.8416087 -0.1888264 2.658966 -0.8346912 -0.2164426 2.669383 -0.8548324 -0.1919494 2.659468 -0.8479149 -0.2195656 2.669885 -0.8651687 -0.1972141 2.652375 -0.8582512 -0.2248303 2.662792 -0.8686694 -0.2026095 2.640396 -0.8617519 -0.2302257 2.650812 -0.8639974 -0.2060748 2.628106 -0.8570799 -0.233691 2.638523 -0.8529372 -0.2062863 2.6202 -0.8460197 -0.2339026 2.630617 -0.8403555 -0.2251726 2.65 -0.832796 -0.2305994 2.630065 -0.8249786 -0.2579745 2.640482 -0.8325381 -0.2525477 2.660417 -0.8225626 -0.2250146 2.637062 -0.8147452 -0.2523897 2.647479 -0.8191255 -0.2194902 2.649001 -0.8113081 -0.2468653 2.659418 -0.8237975 -0.2161362 2.661322 -0.8159801 -0.2435113 2.671738 -0.8347941 -0.2162338 2.669318 -0.8269767 -0.2436089 2.679734 -0.8479149 -0.2197457 2.669935 -0.8400975 -0.2471208 2.680352 -0.8581483 -0.2253305 2.662938 -0.8503309 -0.2527056 2.673355 -0.8615855 -0.230855 2.650999 -0.8537681 -0.2582301 2.661416 -0.8569135 -0.234209 2.638678 -0.8490961 -0.2615841 2.649095 -0.8459169 -0.2341114 2.630682 -0.8380995 -0.2614865 2.641099 -0.8325381 -0.2525477 2.660417 -0.8249786 -0.2577982 2.640435 -0.8162698 -0.2849028 2.650851 -0.8238292 -0.2796523 2.670833 -0.8148606 -0.2518945 2.647337 -0.8061517 -0.2789992 2.657754 -0.8114948 -0.2462403 2.659235 -0.8027859 -0.273345 2.669652 -0.8161668 -0.2429953 2.671585 -0.8074579 -0.2701 2.682002 -0.827092 -0.243399 2.679669 -0.8183832 -0.2705037 2.690085 -0.8400975 -0.2472972 2.680399 -0.8313887 -0.2744018 2.690815 -0.8502156 -0.2532008 2.673496 -0.8415067 -0.2803055 2.683913 -0.8535814 -0.258855 2.661598 -0.8448725 -0.2859597 2.672015 -0.8489094 -0.2621 2.649248 -0.8402005 -0.2892047 2.659665 -0.8379841 -0.2616963 2.641165 -0.8292753 -0.288801 2.651581 -0.8238292 -0.2796523 2.670833 -0.8162698 -0.28473 2.650807 -0.8066787 -0.3115353 2.661223 -0.8142382 -0.3064575 2.68125 -0.8062795 -0.2785093 2.657616 -0.7966884 -0.3053145 2.668033 -0.8029926 -0.2727251 2.669474 -0.7934015 -0.2995303 2.679891 -0.8076646 -0.2695869 2.681851 -0.7980735 -0.2963922 2.692268 -0.8185109 -0.2702934 2.69002 -0.8089198 -0.2970986 2.700437 -0.8313887 -0.2745746 2.69086 -0.8217976 -0.3013798 2.701277 -0.841379 -0.2807954 2.684051 -0.8317879 -0.3076006 2.694467 -0.8446659 -0.2865795 2.672193 -0.8350748 -0.3133847 2.682609 -0.8399939 -0.2897177 2.659816 -0.8304028 -0.3165229 2.670232 -0.8291475 -0.2890113 2.651647 -0.8195565 -0.3158165 2.662063 -0.8142382 -0.3064575 2.68125 -0.8066787 -0.3113658 2.661181 -0.7962157 -0.3378429 2.671598 -0.8037752 -0.3329346 2.691667 -0.7968284 -0.3048303 2.667899 -0.7863654 -0.3313074 2.678316 -0.793628 -0.2989163 2.679716 -0.783165 -0.3253934 2.690133 -0.7983 -0.2958828 2.69212 -0.787837 -0.3223599 2.702536 -0.8090598 -0.2968885 2.700371 -0.7985969 -0.3233656 2.710788 -0.8217976 -0.3015492 2.701319 -0.8113346 -0.3280263 2.711736 -0.8316479 -0.3080848 2.694601 -0.821185 -0.3345618 2.705018 -0.8348483 -0.3139987 2.682784 -0.8243853 -0.3404758 2.6932 -0.8301763 -0.3170322 2.67038 -0.8197134 -0.3435093 2.680797 -0.8194165 -0.3160266 2.662129 -0.8089535 -0.3425036 2.672546 -0.8037752 -0.3329346 2.691667 -0.7962157 -0.3376767 2.671558 -0.7848921 -0.3637972 2.681974 -0.7924515 -0.3590551 2.702083 -0.7865175 -0.3308292 2.678186 -0.7751938 -0.3569498 2.688602 -0.7834111 -0.324786 2.689963 -0.7720874 -0.3509065 2.700379 -0.7880831 -0.3218552 2.702391 -0.7767594 -0.3479757 2.712807 -0.7987489 -0.3231563 2.710722 -0.7874253 -0.3492769 2.721139 -0.8113346 -0.3281925 2.711776 -0.800011 -0.354313 2.722192 -0.8210329 -0.3350399 2.705148 -0.8097092 -0.3611605 2.715564 -0.8241393 -0.3410832 2.693371 -0.8128156 -0.3672037 2.703787 -0.8194673 -0.344014 2.680943 -0.8081436 -0.3701345 2.691359 -0.8088014 -0.3427128 2.672611 -0.7974778 -0.3688334 2.683028 -0.7924515 -0.3590551 2.702083 -0.7848921 -0.3636341 2.681937 -0.7727198 -0.3893702 2.692353 -0.7802793 -0.3847912 2.7125 -0.7753578 -0.356478 2.688476 -0.7631856 -0.3822141 2.698892 -0.7723528 -0.3503063 2.700213 -0.7601806 -0.3760424 2.710629 -0.7770248 -0.3474763 2.712664 -0.7648526 -0.3732124 2.723081 -0.7875893 -0.3490691 2.721074 -0.775417 -0.3748051 2.73149 -0.800011 -0.3544761 2.72223 -0.7878387 -0.3802122 2.732647 -0.8095452 -0.3616322 2.715691 -0.797373 -0.3873682 2.726108 -0.8125503 -0.3678039 2.703954 -0.800378 -0.39354 2.714371 -0.8078783 -0.3706339 2.691503 -0.795706 -0.3963699 2.701919 -0.7973138 -0.3690412 2.683093 -0.7851415 -0.3947772 2.69351 -0.7802793 -0.3847912 2.7125 -0.7727198 -0.38921 2.692318 -0.759712 -0.414534 2.702734 -0.7672715 -0.4101152 2.722917 -0.7633614 -0.3817491 2.698769 -0.7503536 -0.4070731 2.709186 -0.7604649 -0.3754502 2.710466 -0.7474572 -0.4007742 2.720882 -0.7651369 -0.3727192 2.722939 -0.7521292 -0.3980432 2.733356 -0.7755928 -0.3745993 2.731425 -0.762585 -0.3999233 2.741842 -0.7878387 -0.3803724 2.732682 -0.774831 -0.4056964 2.743099 -0.7971972 -0.3878332 2.726231 -0.7841894 -0.4131572 2.736647 -0.8000936 -0.3941322 2.714534 -0.7870858 -0.4194562 2.724951 -0.7954216 -0.3968631 2.702061 -0.7824138 -0.4221871 2.712477 -0.7849658 -0.394983 2.693575 -0.771958 -0.420307 2.703991 -0.7672715 -0.4101152 2.722917 -0.759712 -0.4143765 2.7027 -0.7458826 -0.4392613 2.713117 -0.7534421 -0.435 2.733333 -0.7505409 -0.4066151 2.709066 -0.7367115 -0.4315 2.719483 -0.7477603 -0.4001906 2.720722 -0.7339309 -0.4250755 2.731139 -0.7524323 -0.397557 2.733217 -0.7386029 -0.4224418 2.743633 -0.7627723 -0.3997201 2.741777 -0.7489429 -0.4246049 2.752193 -0.774831 -0.4058538 2.743133 -0.7610016 -0.4307387 2.75355 -0.7840021 -0.4136152 2.736767 -0.7701727 -0.4385 2.747184 -0.7867827 -0.4200397 2.725111 -0.7729533 -0.4449245 2.735528 -0.7821107 -0.4226734 2.712617 -0.7682813 -0.4475582 2.723033 -0.7717707 -0.4205102 2.704057 -0.7579413 -0.4453951 2.714473 -0.7534421 -0.435 2.733333 -0.7458826 -0.4391065 2.713085 -0.7312464 -0.4635256 2.723502 -0.7388059 -0.459419 2.74375 -0.7369102 -0.4310494 2.719366 -0.722274 -0.4554684 2.729783 -0.7342524 -0.4245012 2.730982 -0.7196162 -0.4489202 2.741398 -0.7389244 -0.4219632 2.743496 -0.7242882 -0.4463823 2.753913 -0.7491416 -0.4244049 2.752128 -0.7345054 -0.4488239 2.762545 -0.7610016 -0.4308935 2.753582 -0.7463653 -0.4553125 2.763998 -0.769974 -0.4389506 2.747301 -0.7553378 -0.4633697 2.757717 -0.7726318 -0.4454988 2.735685 -0.7579956 -0.4699178 2.746102 -0.7679598 -0.4480368 2.723171 -0.7533236 -0.4724558 2.733587 -0.7577426 -0.4455951 2.714538 -0.7431064 -0.4700142 2.724955 -0.7388059 -0.459419 2.74375 -0.7312464 -0.4633732 2.723471 -0.7158191 -0.4873003 2.733888 -0.7233786 -0.4833461 2.754167 -0.7224838 -0.4550255 2.729669 -0.7070565 -0.4789526 2.740085 -0.7199557 -0.448356 2.741244 -0.7045284 -0.472283 2.751661 -0.7246277 -0.4459121 2.753777 -0.7092004 -0.4698392 2.764194 -0.7347153 -0.4486275 2.76248 -0.719288 -0.4725545 2.772897 -0.7463653 -0.4554648 2.764029 -0.730938 -0.4793919 2.774445 -0.755128 -0.4638125 2.757831 -0.7397006 -0.4877396 2.768248 -0.7576561 -0.4704821 2.746256 -0.7422288 -0.4944092 2.756672 -0.7529841 -0.4729259 2.733723 -0.7375568 -0.496853 2.74414 -0.7428965 -0.4702106 2.72502 -0.7274692 -0.4941377 2.735437 -0.7233786 -0.4833461 2.754167 -0.7158191 -0.4871504 2.733859 -0.6996172 -0.5105598 2.744276 -0.7071766 -0.5067556 2.764583 -0.7072773 -0.4785177 2.739974 -0.6910753 -0.5019272 2.750391 -0.7048856 -0.4717293 2.751509 -0.6886836 -0.4951388 2.761926 -0.7095576 -0.4693782 2.76406 -0.6933556 -0.4927877 2.774477 -0.7195087 -0.4723623 2.772832 -0.7033068 -0.4957718 2.783248 -0.730938 -0.4795419 2.774474 -0.7147361 -0.5029513 2.784891 -0.7394798 -0.4881745 2.768359 -0.7232779 -0.511584 2.778776 -0.7418715 -0.4949629 2.756824 -0.7256696 -0.5183724 2.767241 -0.7371995 -0.497314 2.744273 -0.7209976 -0.5207235 2.75469 -0.7272484 -0.4943299 2.735502 -0.7110464 -0.5177394 2.745918 -0.7071766 -0.5067556 2.764583 -0.6996172 -0.5104121 2.744249 -0.682658 -0.533279 2.754666 -0.6902174 -0.5296224 2.775 -0.6913068 -0.5015006 2.750282 -0.6743476 -0.5243675 2.760698 -0.6890582 -0.4945963 2.761777 -0.672099 -0.5174632 2.772194 -0.6937302 -0.4923365 2.774345 -0.676771 -0.5152033 2.784761 -0.7035383 -0.4955842 2.783183 -0.686579 -0.5184511 2.7936 -0.7147361 -0.5030991 2.784918 -0.6977769 -0.5259659 2.795334 -0.7230464 -0.5120106 2.778885 -0.7060872 -0.5348774 2.789302 -0.7252951 -0.5189149 2.767389 -0.7083358 -0.5417817 2.777806 -0.7206231 -0.5211747 2.754822 -0.7036638 -0.5440416 2.765239 -0.710815 -0.517927 2.745983 -0.6938558 -0.5407938 2.7564 -0.6902174 -0.5296224 2.775 -0.682658 -0.5331334 2.75464 -0.6649596 -0.5554331 2.765057 -0.6725191 -0.5519222 2.785417 -0.6745895 -0.5239495 2.760592 -0.6568912 -0.5462492 2.771009 -0.6724904 -0.5169324 2.772048 -0.6547921 -0.5392322 2.782464 -0.6771624 -0.5147625 2.784631 -0.6594641 -0.5370623 2.795047 -0.686821 -0.5182686 2.793535 -0.6691227 -0.5405683 2.803952 -0.6977769 -0.5261115 2.79536 -0.6800785 -0.5484112 2.805777 -0.7058453 -0.5352954 2.789408 -0.688147 -0.5575951 2.799825 -0.7079444 -0.5423124 2.777952 -0.6902461 -0.5646122 2.788369 -0.7032724 -0.5444823 2.765369 -0.6855741 -0.5667821 2.775786 -0.6936138 -0.5409763 2.756465 -0.6759155 -0.563276 2.766881 -0.6725191 -0.5519222 2.785417 -0.6649596 -0.5552896 2.765032 -0.6465412 -0.5769983 2.775449 -0.6541006 -0.5736309 2.795833 -0.6571433 -0.5458401 2.770905 -0.6387248 -0.5675488 2.781321 -0.6552 -0.5387138 2.78232 -0.6367815 -0.5604225 2.792737 -0.659872 -0.5366326 2.794918 -0.6414535 -0.5583413 2.805335 -0.6693748 -0.5403915 2.803887 -0.6509563 -0.5621002 2.814304 -0.6800785 -0.5485548 2.805801 -0.6616601 -0.5702635 2.816218 -0.6878949 -0.5580042 2.799929 -0.6694764 -0.5797129 2.810345 -0.6898382 -0.5651305 2.788513 -0.6714197 -0.5868392 2.79893 -0.6851662 -0.5672117 2.775915 -0.6667477 -0.5889204 2.786332 -0.6756634 -0.5634528 2.766946 -0.657245 -0.5851615 2.777363 -0.6541006 -0.5736309 2.795833 -0.6465412 -0.5768566 2.775426 -0.6274223 -0.5979511 2.785843 -0.6349817 -0.5947253 2.80625 -0.6389869 -0.5671489 2.78122 -0.619868 -0.5882433 2.791636 -0.6372055 -0.5599171 2.792595 -0.6180866 -0.5810115 2.803012 -0.6418775 -0.5579235 2.805207 -0.6227586 -0.5790179 2.815624 -0.6512183 -0.5619295 2.814239 -0.6320994 -0.583024 2.824656 -0.6616601 -0.5704051 2.81624 -0.6425412 -0.5914995 2.826657 -0.6692144 -0.5801128 2.810447 -0.6500955 -0.6012073 2.820864 -0.6709958 -0.5873446 2.799072 -0.6518769 -0.6084391 2.809488 -0.6663238 -0.5893383 2.786459 -0.6472049 -0.6104327 2.796876 -0.656983 -0.5853322 2.777428 -0.6378641 -0.6064266 2.787844 -0.6349817 -0.5947253 2.80625 -0.6274223 -0.5978112 2.785821 -0.6076234 -0.6182688 2.796238 -0.6151829 -0.6151829 2.816667 -0.6201396 -0.5878529 2.791537 -0.6003408 -0.6083105 2.801953 -0.6185261 -0.5805196 2.802872 -0.5987273 -0.6009772 2.813289 -0.6231981 -0.5786124 2.815498 -0.6033993 -0.59907 2.825914 -0.6323711 -0.5828598 2.824591 -0.6125722 -0.6033174 2.835008 -0.6425412 -0.5916394 2.826679 -0.6227424 -0.612097 2.837095 -0.6498239 -0.6015977 2.820963 -0.630025 -0.6220553 2.83138 -0.6514373 -0.608931 2.809628 -0.6316385 -0.6293886 2.820045 -0.6467653 -0.6108382 2.797002 -0.6269665 -0.6312958 2.807419 -0.6375924 -0.6065908 2.787909 -0.6177936 -0.6270484 2.798326 -0.6151829 -0.6151829 2.816667 -0.6076234 -0.6181307 2.796218 -0.5871659 -0.6379295 2.806634 -0.5947253 -0.6349817 2.827083 -0.6006218 -0.6079297 2.801856 -0.5801642 -0.6277286 2.812272 -0.599182 -0.6004992 2.813151 -0.5787244 -0.6202981 2.823568 -0.603854 -0.5986774 2.825789 -0.5833964 -0.6184762 2.836206 -0.6128532 -0.6031601 2.834943 -0.5923956 -0.6229589 2.84536 -0.6227424 -0.6122351 2.837116 -0.6022848 -0.6320339 2.847532 -0.629744 -0.6224361 2.831478 -0.6092864 -0.6422349 2.841894 -0.6311838 -0.6298666 2.820182 -0.6107262 -0.6496654 2.830599 -0.6265118 -0.6316884 2.807544 -0.6060542 -0.6514873 2.817961 -0.6175126 -0.6272057 2.79839 -0.597055 -0.6470046 2.808807 -0.5947253 -0.6349817 2.827083 -0.5871659 -0.637793 2.806615 -0.5660714 -0.6569119 2.817032 -0.5736309 -0.6541006 2.8375 -0.5804542 -0.6273578 2.812177 -0.5593598 -0.6464767 2.822593 -0.5791937 -0.6198346 2.823432 -0.5580992 -0.6389535 2.833849 -0.5838657 -0.6180971 2.836082 -0.5627712 -0.637216 2.846499 -0.5926857 -0.622809 2.845295 -0.5715912 -0.6419279 2.855712 -0.6022848 -0.6321704 2.847552 -0.5811903 -0.6512893 2.857968 -0.6089964 -0.6426057 2.84199 -0.5879019 -0.6617246 2.852407 -0.6102569 -0.6501289 2.830735 -0.5891625 -0.6692478 2.841151 -0.6055849 -0.6518664 2.818085 -0.5844905 -0.6709853 2.828501 -0.5967649 -0.6471545 2.808872 -0.5756705 -0.6662734 2.819288 -0.5736309 -0.6541006 2.8375 -0.5660714 -0.656777 2.817014 -0.5443627 -0.6751954 2.82743 -0.5519222 -0.6725191 2.847917 -0.5596586 -0.6461161 2.822499 -0.5379499 -0.6645345 2.832916 -0.5585826 -0.638505 2.833715 -0.5368739 -0.6569235 2.844131 -0.5632546 -0.636851 2.846376 -0.5415459 -0.6552694 2.856793 -0.57189 -0.6417857 2.855647 -0.5501813 -0.6602041 2.866064 -0.5811903 -0.6514243 2.857986 -0.5594816 -0.6698428 2.868403 -0.5876032 -0.6620852 2.852501 -0.5658945 -0.6805036 2.862917 -0.5886791 -0.6696962 2.841285 -0.5669704 -0.6881147 2.851702 -0.5840071 -0.6713503 2.828624 -0.5622984 -0.6897688 2.839041 -0.5753717 -0.6664156 2.819353 -0.553663 -0.684834 2.82977 -0.5519222 -0.6725191 2.847917 -0.5443627 -0.6750619 2.827413 -0.522063 -0.6927602 2.83783 -0.5296224 -0.6902174 2.858333 -0.538257 -0.6641844 2.832824 -0.5159573 -0.6818827 2.84324 -0.537371 -0.6564905 2.843999 -0.5150713 -0.6741888 2.854416 -0.542043 -0.6549189 2.856671 -0.5197433 -0.6726173 2.867088 -0.5504885 -0.6600701 2.865999 -0.5281888 -0.6777684 2.876416 -0.5594816 -0.6699763 2.86842 -0.5371819 -0.6876746 2.878837 -0.5655873 -0.6808538 2.86301 -0.5432876 -0.6985521 2.873426 -0.5664733 -0.6885477 2.851834 -0.5441736 -0.706246 2.862251 -0.5618013 -0.6901192 2.839162 -0.5395016 -0.7078176 2.849579 -0.5533558 -0.6849681 2.829834 -0.5310561 -0.7026664 2.840251 -0.5296224 -0.6902174 2.858333 -0.522063 -0.692628 2.837814 -0.4991961 -0.7095872 2.848231 -0.5067556 -0.7071766 2.86875 -0.5162726 -0.6815433 2.84315 -0.4934057 -0.6985025 2.853566 -0.5155814 -0.6737717 2.854285 -0.4927145 -0.6907309 2.864702 -0.5202534 -0.6722819 2.866967 -0.4973865 -0.6892411 2.877383 -0.528504 -0.6776428 2.876351 -0.5056372 -0.694602 2.886767 -0.5371819 -0.6878068 2.878853 -0.514315 -0.704766 2.889269 -0.5429723 -0.6988916 2.873517 -0.5201054 -0.7158508 2.883934 -0.5436635 -0.7066631 2.862382 -0.5207966 -0.7236223 2.872798 -0.5389915 -0.708153 2.8497 -0.5161247 -0.7251122 2.860117 -0.5307408 -0.702792 2.840316 -0.507874 -0.7197512 2.850733 -0.5067556 -0.7071766 2.86875 -0.4991961 -0.7094563 2.848216 -0.4757867 -0.7256583 2.858632 -0.4833461 -0.7233786 2.879167 -0.4937288 -0.6981739 2.853477 -0.4703193 -0.7143758 2.863894 -0.4932372 -0.6903302 2.864573 -0.4698277 -0.7065321 2.874989 -0.4979092 -0.6889212 2.877264 -0.4744997 -0.7051232 2.88768 -0.5059602 -0.6944852 2.886703 -0.4825507 -0.7106872 2.897119 -0.514315 -0.7048969 2.889284 -0.4909056 -0.7210988 2.899701 -0.5197824 -0.7161793 2.884023 -0.4963729 -0.7323813 2.894439 -0.520274 -0.7240231 2.872927 -0.4968645 -0.740225 2.883344 -0.515602 -0.725432 2.860236 -0.4921925 -0.741634 2.870653 -0.507551 -0.719868 2.850797 -0.4841415 -0.73607 2.861214 -0.4833461 -0.7233786 2.879167 -0.4757867 -0.7255286 2.858618 -0.4518596 -0.7409559 2.869035 -0.459419 -0.7388059 2.889583 -0.4706497 -0.7140583 2.863807 -0.4467226 -0.7294857 2.874223 -0.4703623 -0.7061481 2.874862 -0.4464353 -0.7215754 2.885278 -0.4750343 -0.7048193 2.887561 -0.4511073 -0.7202466 2.897978 -0.4828811 -0.7105795 2.897054 -0.4589541 -0.7260069 2.907471 -0.4909056 -0.7212285 2.899715 -0.4669785 -0.7366559 2.910132 -0.4960425 -0.7326988 2.894527 -0.4721154 -0.7481261 2.904943 -0.4963299 -0.740609 2.883472 -0.4724028 -0.7560364 2.893888 -0.4916579 -0.7419378 2.870772 -0.4677308 -0.7573651 2.881189 -0.4838111 -0.7361776 2.861279 -0.459884 -0.7516049 2.871696 -0.459419 -0.7388059 2.889583 -0.4518596 -0.7408273 2.869022 -0.4274405 -0.7554635 2.879439 -0.435 -0.7534421 2.9 -0.4470601 -0.7291795 2.874137 -0.4226411 -0.7438157 2.884554 -0.4469813 -0.7212086 2.885152 -0.4225623 -0.7358448 2.895569 -0.4516533 -0.7199593 2.89786 -0.4272343 -0.7345955 2.908276 -0.4592915 -0.7259087 2.907406 -0.4348725 -0.7405449 2.917823 -0.4669785 -0.7367845 2.910145 -0.4425595 -0.7514207 2.920561 -0.471778 -0.7484323 2.90503 -0.4473589 -0.7630685 2.915446 -0.4718568 -0.7564032 2.894015 -0.4474377 -0.7710394 2.904431 -0.4671848 -0.7576525 2.881307 -0.4427657 -0.7722887 2.891724 -0.4595465 -0.7517031 2.871761 -0.4351275 -0.7663393 2.882177 -0.435 -0.7534421 2.9 -0.4274405 -0.755336 2.879427 -0.4025557 -0.7691654 2.889843 -0.4101152 -0.7672715 2.910417 -0.4229852 -0.7435209 2.884469 -0.3981004 -0.7573503 2.894886 -0.4231191 -0.7354954 2.895444 -0.3982343 -0.7493248 2.90586 -0.4277911 -0.7343249 2.908159 -0.4029063 -0.7481543 2.918575 -0.4352167 -0.7404565 2.917757 -0.4103318 -0.7542859 2.928174 -0.4425595 -0.7515482 2.920573 -0.4176746 -0.7653776 2.93099 -0.4470148 -0.7633633 2.915531 -0.42213 -0.7771927 2.925948 -0.4468809 -0.7713888 2.904556 -0.4219961 -0.7852182 2.914973 -0.4422089 -0.7725593 2.891841 -0.4173241 -0.7863887 2.902258 -0.4347833 -0.7664277 2.882243 -0.4098985 -0.7802571 2.892659 -0.4101152 -0.7672715 2.910417 -0.4025557 -0.7690388 2.889832 -0.3772317 -0.7820466 2.900249 -0.3847912 -0.7802793 2.920833 -0.3984508 -0.7570672 2.894802 -0.3731268 -0.770075 2.905219 -0.3988013 -0.7489933 2.905736 -0.3734773 -0.7620011 2.916153 -0.4034733 -0.747901 2.918459 -0.3781493 -0.7609088 2.928875 -0.4106823 -0.7542076 2.928109 -0.3853583 -0.7672154 2.938526 -0.4176746 -0.7655042 2.931001 -0.3923506 -0.778512 2.941418 -0.4217795 -0.7774758 2.926031 -0.3964555 -0.7904836 2.936448 -0.421429 -0.7855497 2.915097 -0.396105 -0.7985575 2.925514 -0.416757 -0.786642 2.902375 -0.391433 -0.7996497 2.912791 -0.409548 -0.7803354 2.892724 -0.384224 -0.7933431 2.903141 -0.3847912 -0.7802793 2.920833 -0.3772317 -0.7819209 2.900238 -0.3514957 -0.7940932 2.910655 -0.3590551 -0.7924515 2.93125 -0.3734832 -0.7698037 2.905136 -0.3477472 -0.7819759 2.915553 -0.374054 -0.7616877 2.91603 -0.348318 -0.77386 2.926447 -0.378726 -0.7606732 2.928759 -0.35299 -0.7728454 2.939176 -0.3857147 -0.7671475 2.93846 -0.3599786 -0.7793197 2.948877 -0.3923506 -0.7786377 2.941428 -0.3666146 -0.7908099 2.951845 -0.3960991 -0.7907549 2.93653 -0.370363 -0.8029271 2.946947 -0.3955283 -0.7988708 2.925636 -0.3697923 -0.8110431 2.936053 -0.3908563 -0.7998854 2.912908 -0.3651203 -0.8120576 2.923324 -0.3838676 -0.7934111 2.903207 -0.3581316 -0.8055834 2.913623 -0.3590551 -0.7924515 2.93125 -0.3514957 -0.7939683 2.910645 -0.3253751 -0.805292 2.921062 -0.3329346 -0.8037752 2.941667 -0.3481092 -0.7817165 2.915472 -0.3219886 -0.7930402 2.925889 -0.3489037 -0.7735651 2.926325 -0.3227831 -0.7848888 2.936742 -0.3535756 -0.7726277 2.93906 -0.3274551 -0.7839514 2.949476 -0.3603406 -0.7792623 2.948811 -0.3342201 -0.790586 2.959228 -0.3666146 -0.7909347 2.951855 -0.340494 -0.8022584 2.962271 -0.3700011 -0.8031865 2.947028 -0.3438805 -0.8145102 2.957445 -0.3692066 -0.8113379 2.936175 -0.3430861 -0.8226616 2.946591 -0.3645346 -0.8122753 2.92344 -0.3384141 -0.823599 2.933857 -0.3577696 -0.8056407 2.913689 -0.3316491 -0.8169644 2.924106 -0.3329346 -0.8037752 2.941667 -0.3253751 -0.8051679 2.921053 -0.2988981 -0.8156308 2.93147 -0.3064575 -0.8142382 2.952083 -0.3223558 -0.7927929 2.925809 -0.2958787 -0.8032558 2.936225 -0.3233772 -0.7846127 2.936621 -0.2969001 -0.7950757 2.947038 -0.3280492 -0.783752 2.949361 -0.3015721 -0.794215 2.959778 -0.3345872 -0.7905394 2.959162 -0.3081102 -0.8010024 2.969579 -0.340494 -0.8023825 2.96228 -0.314017 -0.8128455 2.972697 -0.3435134 -0.8147575 2.957525 -0.3170363 -0.8252205 2.967941 -0.342492 -0.8229377 2.946712 -0.316015 -0.8334006 2.957129 -0.33782 -0.8237984 2.933972 -0.311343 -0.8342613 2.944389 -0.3312819 -0.8170109 2.924171 -0.3048049 -0.8274739 2.934588 -0.3064575 -0.8142382 2.952083 -0.2988981 -0.8155075 2.931462 -0.2720929 -0.8250985 2.941879 -0.2796523 -0.8238292 2.9625 -0.2962507 -0.8030207 2.936146 -0.2694454 -0.8126118 2.946563 -0.2975019 -0.7948186 2.946918 -0.2706967 -0.8044097 2.957335 -0.3021739 -0.7940342 2.959663 -0.2753687 -0.8036252 2.97008 -0.3084821 -0.8009669 2.969513 -0.2816769 -0.810558 2.979929 -0.314017 -0.8129689 2.972705 -0.2872118 -0.8225599 2.983121 -0.3166644 -0.8254556 2.96802 -0.2898592 -0.8350467 2.978437 -0.3154132 -0.8336577 2.957249 -0.288608 -0.8432487 2.967665 -0.3107412 -0.8344421 2.944504 -0.283936 -0.8440332 2.95492 -0.304433 -0.8275094 2.934654 -0.2776278 -0.8371004 2.945071 -0.2796523 -0.8238292 2.9625 -0.2720929 -0.8249758 2.941871 -0.2449882 -0.8336846 2.952288 -0.2525477 -0.8325381 2.972917 -0.2698217 -0.8123889 2.946485 -0.2427171 -0.8210978 2.956902 -0.2713056 -0.8041719 2.957216 -0.2442009 -0.8128808 2.967632 -0.2759776 -0.8034633 2.969965 -0.2488729 -0.8121722 2.980382 -0.2820532 -0.8105338 2.979863 -0.2549485 -0.8192427 2.990279 -0.2872118 -0.8226827 2.983129 -0.2601071 -0.8313915 2.993545 -0.2894829 -0.8352695 2.978515 -0.2623783 -0.8439784 2.988932 -0.2879991 -0.8434865 2.967784 -0.2608944 -0.8521954 2.978201 -0.2833271 -0.8441951 2.955035 -0.2562224 -0.852904 2.965452 -0.2772515 -0.8371246 2.945137 -0.2501468 -0.8458335 2.955554 -0.2525477 -0.8325381 2.972917 -0.2449882 -0.8335624 2.952282 -0.2176131 -0.8413798 2.962698 -0.2251726 -0.8403555 2.983333 -0.2430974 -0.8208874 2.956825 -0.2157223 -0.8287048 2.967241 -0.2448162 -0.8126625 2.967514 -0.2174411 -0.8204799 2.977931 -0.2494882 -0.8120294 2.980267 -0.2221131 -0.8198468 2.990684 -0.2553288 -0.81923 2.990213 -0.2279537 -0.8270473 3.00063 -0.2601071 -0.8315137 2.993552 -0.232732 -0.8393311 3.003968 -0.261998 -0.8441888 2.989009 -0.2346229 -0.8520062 2.999425 -0.2602791 -0.8524137 2.978319 -0.232904 -0.8602311 2.988736 -0.2556071 -0.8530468 2.965566 -0.228232 -0.8608641 2.975983 -0.2497665 -0.8458462 2.95562 -0.2223914 -0.8536636 2.966037 -0.2251726 -0.8403555 2.983333 -0.2176131 -0.8412581 2.962693 -0.1899969 -0.8481756 2.973109 -0.1975563 -0.847273 2.99375 -0.2161061 -0.8285068 2.967165 -0.1884899 -0.8354243 2.977582 -0.2180622 -0.8202813 2.977813 -0.190446 -0.8271988 2.98823 -0.2227342 -0.8197234 2.99057 -0.195118 -0.8266409 3.000987 -0.2283376 -0.8270463 3.000563 -0.2007213 -0.8339638 3.010979 -0.232732 -0.8394528 3.003974 -0.2051158 -0.8463703 3.014391 -0.234239 -0.8522041 2.999501 -0.2066228 -0.8591216 3.009918 -0.232283 -0.8604297 2.988853 -0.2046667 -0.8673472 2.99927 -0.227611 -0.8609875 2.976097 -0.1999947 -0.8679051 2.986513 -0.2220076 -0.8536647 2.966104 -0.1943914 -0.8605822 2.976521 -0.1975563 -0.847273 2.99375 -0.1899969 -0.8480544 2.973104 -0.1621691 -0.8540646 2.983521 -0.1697286 -0.8532832 3.004167 -0.1888769 -0.8352389 2.977507 -0.1610491 -0.8412491 2.987923 -0.1910722 -0.82702 2.988113 -0.1632444 -0.8330302 2.99853 -0.1957442 -0.8265371 3.000873 -0.1679164 -0.8325473 3.01129 -0.2011084 -0.8339745 3.010912 -0.1732806 -0.8399847 3.021329 -0.2051158 -0.8464916 3.014396 -0.177288 -0.8525018 3.024812 -0.2062358 -0.8593071 3.009993 -0.178408 -0.8653173 3.02041 -0.2040405 -0.8675259 2.999387 -0.1762128 -0.8735362 3.009803 -0.1993685 -0.8680089 2.986627 -0.1715408 -0.8740191 2.997044 -0.1940043 -0.8605714 2.976588 -0.1661766 -0.8665816 2.987005 -0.1697286 -0.8532832 3.004167 -0.1621691 -0.8539438 2.983517 -0.1341596 -0.8590403 2.993933 -0.1417191 -0.8583797 3.014583 -0.1614389 -0.8410763 2.987849 -0.1334294 -0.8461728 2.998265 -0.163875 -0.8328714 2.998414 -0.1358655 -0.8379679 3.00883 -0.168547 -0.8324632 3.011176 -0.1405375 -0.8375597 3.021593 -0.1736703 -0.8400075 3.021261 -0.1456608 -0.845104 3.031678 -0.177288 -0.8526226 3.024817 -0.1492785 -0.8577191 3.035233 -0.1780183 -0.8654901 3.020485 -0.1500088 -0.8705866 3.030901 -0.1755821 -0.8736949 3.00992 -0.1475726 -0.8787915 3.020336 -0.1709101 -0.8741032 2.997157 -0.1429006 -0.8791997 3.007574 -0.1657868 -0.8665589 2.987072 -0.1377773 -0.8716554 2.997489 -0.1417191 -0.8583797 3.014583 -0.1341596 -0.8589197 2.99393 -0.1059983 -0.863097 3.004347 -0.1135578 -0.862557 3.025 -0.1338215 -0.8460126 2.998192 -0.1056602 -0.8501899 3.008608 -0.1364999 -0.8378293 3.008715 -0.1083386 -0.8420066 3.019131 -0.1411719 -0.8374955 3.021479 -0.1130106 -0.8416729 3.031896 -0.1460529 -0.8451388 3.03161 -0.1178916 -0.8493162 3.042026 -0.1492785 -0.8578397 3.035237 -0.1211172 -0.862017 3.045653 -0.1496167 -0.8707468 3.030975 -0.1214554 -0.8749241 3.041392 -0.1469382 -0.8789301 3.020452 -0.1187769 -0.8831074 3.030869 -0.1422662 -0.8792639 3.007687 -0.1141049 -0.8834412 3.018104 -0.1373852 -0.8716206 2.997557 -0.1092239 -0.8757979 3.007974 -0.1135578 -0.862557 3.025 -0.1059983 -0.8629768 3.004344 -0.07771546 -0.8662305 3.01476 -0.08527491 -0.8658107 3.035417 -0.1060542 -0.8500424 3.008536 -0.0777713 -0.8532961 3.018952 -0.1089761 -0.8418882 3.019016 -0.08069326 -0.8451419 3.029433 -0.1136481 -0.8416288 3.031782 -0.08536526 -0.8448825 3.042199 -0.1182856 -0.8493632 3.041958 -0.09000275 -0.8526169 3.052375 -0.1211172 -0.8621373 3.045656 -0.09283436 -0.865391 3.056073 -0.1210614 -0.8750717 3.041464 -0.09277853 -0.8783253 3.051881 -0.1181394 -0.8832259 3.030984 -0.08985657 -0.8864796 3.041401 -0.1134674 -0.8834853 3.018218 -0.08518457 -0.886739 3.028634 -0.10883 -0.8757508 3.008042 -0.08054708 -0.8790045 3.018459 -0.08527491 -0.8658107 3.035417 -0.07771546 -0.8661104 3.014758 -0.04934127 -0.8684369 3.025175 -0.05690072 -0.8681373 3.045833 -0.07816677 -0.8531612 3.01888 -0.04979258 -0.8554878 3.029297 -0.08133315 -0.8450437 3.029318 -0.05295896 -0.8473703 3.039735 -0.08600515 -0.8448585 3.042085 -0.05763096 -0.8471851 3.052502 -0.09039822 -0.8526763 3.052306 -0.06202403 -0.8550029 3.062722 -0.09283436 -0.865511 3.056075 -0.06446017 -0.8678376 3.066492 -0.09238305 -0.8784602 3.051953 -0.06400886 -0.8807868 3.06237 -0.08921667 -0.8865777 3.041515 -0.06084248 -0.8889042 3.051932 -0.08454467 -0.8867629 3.028748 -0.05617048 -0.8890895 3.039165 -0.0801516 -0.8789451 3.018528 -0.05177741 -0.8812716 3.028944 -0.05690072 -0.8681373 3.045833 -0.04934127 -0.868317 3.025174 -0.02090615 -0.8697139 3.03559 -0.0284656 -0.8695342 3.05625 -0.05018912 -0.8553656 3.029225 -0.021754 -0.8567625 3.039642 -0.05360058 -0.8472925 3.03962 -0.02516546 -0.8486894 3.050037 -0.05827258 -0.8471814 3.052388 -0.02983746 -0.8485783 3.062805 -0.06242057 -0.8550747 3.062653 -0.03398545 -0.8564717 3.07307 -0.06446017 -0.8679575 3.066493 -0.03602505 -0.8693544 3.07691 -0.06361232 -0.880909 3.062442 -0.0351772 -0.8823059 3.072858 -0.06020087 -0.888982 3.052047 -0.03176574 -0.890379 3.062463 -0.05552887 -0.8890931 3.039278 -0.02709375 -0.8904901 3.049695 -0.05138087 -0.8811998 3.029014 -0.02294575 -0.8825967 3.03943 -0.0284656 -0.8695342 3.05625 -0.02090615 -0.8695941 3.03559 0.007559451 -0.8700599 3.046006 -1.578598e-16 -0.87 3.066667 -0.02215118 -0.856653 3.039571 0.00631442 -0.8571188 3.049987 -0.02580811 -0.848632 3.049923 0.002657495 -0.8490978 3.060339 -0.0304801 -0.848595 3.062691 -0.002014503 -0.8490608 3.073108 -0.03438263 -0.856556 3.073 -0.005917029 -0.8570218 3.083416 -0.03602505 -0.8694743 3.07691 -0.007559451 -0.8699401 3.087327 -0.03478002 -0.8824154 3.072929 -0.00631442 -0.8828812 3.083346 -0.0311231 -0.8904364 3.062577 -0.002657495 -0.8909022 3.072994 -0.0264511 -0.8904734 3.049809 0.002014503 -0.8909392 3.060225 -0.02254857 -0.8825124 3.0395 0.005917029 -0.8829782 3.049917 -1.595946e-16 -0.87 3.066667 0.007559451 -0.8699401 3.046006 0.03602505 -0.8694743 3.056423 0.0284656 -0.8695342 3.077083 0.005917029 -0.8570218 3.049917 0.03438263 -0.856556 3.060334 0.002014503 -0.8490608 3.060225 0.0304801 -0.848595 3.070642 -0.002657495 -0.8490978 3.072994 0.02580811 -0.848632 3.083411 -0.00631442 -0.8571188 3.083346 0.02215118 -0.856653 3.093763 -0.007559451 -0.8700599 3.087327 0.02090615 -0.8695941 3.097744 -0.005917029 -0.8829782 3.083416 0.02254857 -0.8825124 3.093833 -0.002014503 -0.8909392 3.073108 0.0264511 -0.8904734 3.083525 0.002657495 -0.8909022 3.060339 0.0311231 -0.8904364 3.070756 0.00631442 -0.8828812 3.049987 0.03478002 -0.8824154 3.060404 0.0284656 -0.8695342 3.077083 0.03602505 -0.8693544 3.056424 0.06446017 -0.8679575 3.06684 0.05690072 -0.8681373 3.0875 0.03398545 -0.8564717 3.060264 0.06242057 -0.8550747 3.07068 0.02983746 -0.8485783 3.070528 0.05827258 -0.8471814 3.080945 0.02516546 -0.8486894 3.083297 0.05360058 -0.8472925 3.093713 0.021754 -0.8567625 3.093692 0.05018912 -0.8553656 3.104108 0.02090615 -0.8697139 3.097743 0.04934127 -0.868317 3.10816 0.02294575 -0.8825967 3.093903 0.05138087 -0.8811998 3.10432 0.02709375 -0.8904901 3.083638 0.05552887 -0.8890931 3.094055 0.03176574 -0.890379 3.07087 0.06020087 -0.888982 3.081287 0.0351772 -0.8823059 3.060475 0.06361232 -0.880909 3.070892 0.05690072 -0.8681373 3.0875 0.06446017 -0.8678376 3.066842 0.09283436 -0.865511 3.077258 0.08527491 -0.8658107 3.097917 0.06202403 -0.8550029 3.070611 0.09039822 -0.8526763 3.081028 0.05763096 -0.8471851 3.080831 0.08600515 -0.8448585 3.091248 0.05295896 -0.8473703 3.093599 0.08133315 -0.8450437 3.104015 0.04979258 -0.8554878 3.104037 0.07816677 -0.8531612 3.114453 0.04934127 -0.8684369 3.108158 0.07771546 -0.8661104 3.118575 0.05177741 -0.8812716 3.104389 0.0801516 -0.8789451 3.114806 0.05617048 -0.8890895 3.094169 0.08454467 -0.8867629 3.104585 0.06084248 -0.8889042 3.081401 0.08921667 -0.8865777 3.091818 0.06400886 -0.8807868 3.070963 0.09238305 -0.8784602 3.08138 0.08527491 -0.8658107 3.097917 0.09283436 -0.865391 3.07726 0.1211172 -0.8621373 3.087677 0.1135578 -0.862557 3.108333 0.09000275 -0.8526169 3.080959 0.1182856 -0.8493632 3.091375 0.08536526 -0.8448825 3.091134 0.1136481 -0.8416288 3.101551 0.08069326 -0.8451419 3.103901 0.1089761 -0.8418882 3.114317 0.0777713 -0.8532961 3.114381 0.1060542 -0.8500424 3.124798 0.07771546 -0.8662305 3.118573 0.1059983 -0.8629768 3.12899 0.08054708 -0.8790045 3.114875 0.10883 -0.8757508 3.125291 0.08518457 -0.886739 3.104699 0.1134674 -0.8834853 3.115116 0.08985657 -0.8864796 3.091933 0.1181394 -0.8832259 3.102349 0.09277853 -0.8783253 3.081452 0.1210614 -0.8750717 3.091869 0.1135578 -0.862557 3.108333 0.1211172 -0.862017 3.08768 0.1492785 -0.8578397 3.098097 0.1417191 -0.8583797 3.11875 0.1178916 -0.8493162 3.091307 0.1460529 -0.8451388 3.101724 0.1130106 -0.8416729 3.101437 0.1411719 -0.8374955 3.111854 0.1083386 -0.8420066 3.114202 0.1364999 -0.8378293 3.124619 0.1056602 -0.8501899 3.124725 0.1338215 -0.8460126 3.135142 0.1059983 -0.863097 3.128987 0.1341596 -0.8589197 3.139403 0.1092239 -0.8757979 3.12536 0.1373852 -0.8716206 3.135776 0.1141049 -0.8834412 3.115229 0.1422662 -0.8792639 3.125646 0.1187769 -0.8831074 3.102465 0.1469382 -0.8789301 3.112881 0.1214554 -0.8749241 3.091942 0.1496167 -0.8707468 3.102358 0.1417191 -0.8583797 3.11875 0.1492785 -0.8577191 3.0981 0.177288 -0.8526226 3.108517 0.1697286 -0.8532832 3.129167 0.1456608 -0.845104 3.101656 0.1736703 -0.8400075 3.112072 0.1405375 -0.8375597 3.111741 0.168547 -0.8324632 3.122157 0.1358655 -0.8379679 3.124503 0.163875 -0.8328714 3.13492 0.1334294 -0.8461728 3.135068 0.1614389 -0.8410763 3.145485 0.1341596 -0.8590403 3.1394 0.1621691 -0.8539438 3.149817 0.1377773 -0.8716554 3.135844 0.1657868 -0.8665589 3.146261 0.1429006 -0.8791997 3.125759 0.1709101 -0.8741032 3.136176 0.1475726 -0.8787915 3.112997 0.1755821 -0.8736949 3.123414 0.1500088 -0.8705866 3.102432 0.1780183 -0.8654901 3.112849 0.1697286 -0.8532832 3.129167 0.177288 -0.8525018 3.108521 0.2051158 -0.8464916 3.118938 0.1975563 -0.847273 3.139583 0.1732806 -0.8399847 3.112005 0.2011084 -0.8339745 3.122421 0.1679164 -0.8325473 3.122044 0.1957442 -0.8265371 3.13246 0.1632444 -0.8330302 3.134803 0.1910722 -0.82702 3.14522 0.1610491 -0.8412491 3.14541 0.1888769 -0.8352389 3.155827 0.1621691 -0.8540646 3.149812 0.1899969 -0.8480544 3.160229 0.1661766 -0.8665816 3.146329 0.1940043 -0.8605714 3.156745 0.1715408 -0.8740191 3.13629 0.1993685 -0.8680089 3.146706 0.1762128 -0.8735362 3.12353 0.2040405 -0.8675259 3.133947 0.178408 -0.8653173 3.112923 0.2062358 -0.8593071 3.12334 0.1975563 -0.847273 3.139583 0.2051158 -0.8463703 3.118943 0.232732 -0.8394528 3.129359 0.2251726 -0.8403555 3.15 0.2007213 -0.8339638 3.122354 0.2283376 -0.8270463 3.132771 0.195118 -0.8266409 3.132347 0.2227342 -0.8197234 3.142763 0.190446 -0.8271988 3.145103 0.2180622 -0.8202813 3.15552 0.1884899 -0.8354243 3.155751 0.2161061 -0.8285068 3.166168 0.1899969 -0.8481756 3.160224 0.2176131 -0.8412581 3.170641 0.1943914 -0.8605822 3.156813 0.2220076 -0.8536647 3.167229 0.1999947 -0.8679051 3.14682 0.227611 -0.8609875 3.157237 0.2046667 -0.8673472 3.134063 0.232283 -0.8604297 3.14448 0.2066228 -0.8591216 3.123415 0.234239 -0.8522041 3.133832 0.2251726 -0.8403555 3.15 0.232732 -0.8393311 3.129365 0.2601071 -0.8315137 3.139782 0.2525477 -0.8325381 3.160417 0.2279537 -0.8270473 3.132704 0.2553288 -0.81923 3.14312 0.2221131 -0.8198468 3.142649 0.2494882 -0.8120294 3.153066 0.2174411 -0.8204799 3.155402 0.2448162 -0.8126625 3.165819 0.2157223 -0.8287048 3.166092 0.2430974 -0.8208874 3.176509 0.2176131 -0.8413798 3.170635 0.2449882 -0.8335624 3.181052 0.2223914 -0.8536636 3.167296 0.2497665 -0.8458462 3.177713 0.228232 -0.8608641 3.157351 0.2556071 -0.8530468 3.167767 0.232904 -0.8602311 3.144598 0.2602791 -0.8524137 3.155014 0.2346229 -0.8520062 3.133908 0.261998 -0.8441888 3.144325 0.2525477 -0.8325381 3.160417 0.2601071 -0.8313915 3.139788 0.2872118 -0.8226827 3.150205 0.2796523 -0.8238292 3.170833 0.2549485 -0.8192427 3.143054 0.2820532 -0.8105338 3.153471 0.2488729 -0.8121722 3.152952 0.2759776 -0.8034633 3.163368 0.2442009 -0.8128808 3.165701 0.2713056 -0.8041719 3.176118 0.2427171 -0.8210978 3.176432 0.2698217 -0.8123889 3.186848 0.2449882 -0.8336846 3.181045 0.2720929 -0.8249758 3.191462 0.2501468 -0.8458335 3.177779 0.2772515 -0.8371246 3.188196 0.2562224 -0.852904 3.167882 0.2833271 -0.8441951 3.178298 0.2608944 -0.8521954 3.155132 0.2879991 -0.8434865 3.165549 0.2623783 -0.8439784 3.144402 0.2894829 -0.8352695 3.154818 0.2796523 -0.8238292 3.170833 0.2872118 -0.8225599 3.150212 0.314017 -0.8129689 3.160629 0.3064575 -0.8142382 3.18125 0.2816769 -0.810558 3.153404 0.3084821 -0.8009669 3.163821 0.2753687 -0.8036252 3.163254 0.3021739 -0.7940342 3.17367 0.2706967 -0.8044097 3.175999 0.2975019 -0.7948186 3.186415 0.2694454 -0.8126118 3.18677 0.2962507 -0.8030207 3.197187 0.2720929 -0.8250985 3.191455 0.2988981 -0.8155075 3.201871 0.2776278 -0.8371004 3.188263 0.304433 -0.8275094 3.198679 0.283936 -0.8440332 3.178413 0.3107412 -0.8344421 3.18883 0.288608 -0.8432487 3.165668 0.3154132 -0.8336577 3.176085 0.2898592 -0.8350467 3.154896 0.3166644 -0.8254556 3.165313 0.3064575 -0.8142382 3.18125 0.314017 -0.8128455 3.160637 0.340494 -0.8023825 3.171053 0.3329346 -0.8037752 3.191667 0.3081102 -0.8010024 3.163755 0.3345872 -0.7905394 3.174171 0.3015721 -0.794215 3.173556 0.3280492 -0.783752 3.183972 0.2969001 -0.7950757 3.186295 0.3233772 -0.7846127 3.196712 0.2958787 -0.8032558 3.197108 0.3223558 -0.7927929 3.207525 0.2988981 -0.8156308 3.201863 0.3253751 -0.8051679 3.21228 0.3048049 -0.8274739 3.198745 0.3312819 -0.8170109 3.209162 0.311343 -0.8342613 3.188944 0.33782 -0.8237984 3.199361 0.316015 -0.8334006 3.176205 0.342492 -0.8229377 3.186621 0.3170363 -0.8252205 3.165392 0.3435134 -0.8147575 3.175809 0.3329346 -0.8037752 3.191667 0.340494 -0.8022584 3.171062 0.3666146 -0.7909347 3.181479 0.3590551 -0.7924515 3.202083 0.3342201 -0.790586 3.174106 0.3603406 -0.7792623 3.184522 0.3274551 -0.7839514 3.183857 0.3535756 -0.7726277 3.194274 0.3227831 -0.7848888 3.196591 0.3489037 -0.7735651 3.207008 0.3219886 -0.7930402 3.207445 0.3481092 -0.7817165 3.217861 0.3253751 -0.805292 3.212271 0.3514957 -0.7939683 3.222688 0.3316491 -0.8169644 3.209228 0.3577696 -0.8056407 3.219644 0.3384141 -0.823599 3.199476 0.3645346 -0.8122753 3.209893 0.3430861 -0.8226616 3.186742 0.3692066 -0.8113379 3.197159 0.3438805 -0.8145102 3.175889 0.3700011 -0.8031865 3.186305 0.3590551 -0.7924515 3.202083 0.3666146 -0.7908099 3.181488 0.3923506 -0.7786377 3.191905 0.3847912 -0.7802793 3.2125 0.3599786 -0.7793197 3.184457 0.3857147 -0.7671475 3.194873 0.35299 -0.7728454 3.194158 0.378726 -0.7606732 3.204574 0.348318 -0.77386 3.206886 0.374054 -0.7616877 3.217303 0.3477472 -0.7819759 3.21778 0.3734832 -0.7698037 3.228197 0.3514957 -0.7940932 3.222678 0.3772317 -0.7819209 3.233095 0.3581316 -0.8055834 3.21971 0.3838676 -0.7934111 3.230127 0.3651203 -0.8120576 3.210009 0.3908563 -0.7998854 3.220426 0.3697923 -0.8110431 3.19728 0.3955283 -0.7988708 3.207697 0.370363 -0.8029271 3.186386 0.3960991 -0.7907549 3.196803 0.3847912 -0.7802793 3.2125 0.3923506 -0.778512 3.191915 0.4176746 -0.7655042 3.202332 0.4101152 -0.7672715 3.222917 0.3853583 -0.7672154 3.194808 0.4106823 -0.7542076 3.205224 0.3781493 -0.7609088 3.204458 0.4034733 -0.747901 3.214875 0.3734773 -0.7620011 3.21718 0.3988013 -0.7489933 3.227597 0.3731268 -0.770075 3.228115 0.3984508 -0.7570672 3.238531 0.3772317 -0.7820466 3.233085 0.4025557 -0.7690388 3.243501 0.384224 -0.7933431 3.230192 0.409548 -0.7803354 3.240609 0.391433 -0.7996497 3.220542 0.416757 -0.786642 3.230959 0.396105 -0.7985575 3.20782 0.421429 -0.7855497 3.218236 0.3964555 -0.7904836 3.196885 0.4217795 -0.7774758 3.207302 0.4101152 -0.7672715 3.222917 0.4176746 -0.7653776 3.202343 0.4425595 -0.7515482 3.21276 0.435 -0.7534421 3.233333 0.4103318 -0.7542859 3.205159 0.4352167 -0.7404565 3.215576 0.4029063 -0.7481543 3.214758 0.4277911 -0.7343249 3.225175 0.3982343 -0.7493248 3.227473 0.4231191 -0.7354954 3.23789 0.3981004 -0.7573503 3.238448 0.4229852 -0.7435209 3.248864 0.4025557 -0.7691654 3.24349 0.4274405 -0.755336 3.253907 0.4098985 -0.7802571 3.240674 0.4347833 -0.7664277 3.251091 0.4173241 -0.7863887 3.231075 0.4422089 -0.7725593 3.241492 0.4219961 -0.7852182 3.21836 0.4468809 -0.7713888 3.228777 0.42213 -0.7771927 3.207386 0.4470148 -0.7633633 3.217802 0.435 -0.7534421 3.233333 0.4425595 -0.7514207 3.212772 0.4669785 -0.7367845 3.223189 0.459419 -0.7388059 3.24375 0.4348725 -0.7405449 3.215511 0.4592915 -0.7259087 3.225927 0.4272343 -0.7345955 3.225057 0.4516533 -0.7199593 3.235474 0.4225623 -0.7358448 3.237765 0.4469813 -0.7212086 3.248181 0.4226411 -0.7438157 3.24878 0.4470601 -0.7291795 3.259196 0.4274405 -0.7554635 3.253895 0.4518596 -0.7408273 3.264311 0.4351275 -0.7663393 3.251156 0.4595465 -0.7517031 3.261573 0.4427657 -0.7722887 3.24161 0.4671848 -0.7576525 3.252026 0.4474377 -0.7710394 3.228902 0.4718568 -0.7564032 3.239319 0.4473589 -0.7630685 3.217887 0.471778 -0.7484323 3.228304 0.459419 -0.7388059 3.24375 0.4669785 -0.7366559 3.223202 0.4909056 -0.7212285 3.233618 0.4833461 -0.7233786 3.254167 0.4589541 -0.7260069 3.225862 0.4828811 -0.7105795 3.236279 0.4511073 -0.7202466 3.235355 0.4750343 -0.7048193 3.245772 0.4464353 -0.7215754 3.248055 0.4703623 -0.7061481 3.258472 0.4467226 -0.7294857 3.25911 0.4706497 -0.7140583 3.269527 0.4518596 -0.7409559 3.264298 0.4757867 -0.7255286 3.274715 0.459884 -0.7516049 3.261638 0.4838111 -0.7361776 3.272054 0.4677308 -0.7573651 3.252145 0.4916579 -0.7419378 3.262561 0.4724028 -0.7560364 3.239445 0.4963299 -0.740609 3.249862 0.4721154 -0.7481261 3.22839 0.4960425 -0.7326988 3.238807 0.4833461 -0.7233786 3.254167 0.4909056 -0.7210988 3.233632 0.514315 -0.7048969 3.244049 0.5067556 -0.7071766 3.264583 0.4825507 -0.7106872 3.236214 0.5059602 -0.6944852 3.246631 0.4744997 -0.7051232 3.245653 0.4979092 -0.6889212 3.25607 0.4698277 -0.7065321 3.258344 0.4932372 -0.6903302 3.268761 0.4703193 -0.7143758 3.269439 0.4937288 -0.6981739 3.279856 0.4757867 -0.7256583 3.274701 0.4991961 -0.7094563 3.285118 0.4841415 -0.73607 3.272119 0.507551 -0.719868 3.282536 0.4921925 -0.741634 3.26268 0.515602 -0.725432 3.273097 0.4968645 -0.740225 3.249989 0.520274 -0.7240231 3.260406 0.4963729 -0.7323813 3.238894 0.5197824 -0.7161793 3.249311 0.5067556 -0.7071766 3.264583 0.514315 -0.704766 3.244064 0.5371819 -0.6878068 3.254481 0.5296224 -0.6902174 3.275 0.5056372 -0.694602 3.246566 0.528504 -0.6776428 3.256983 0.4973865 -0.6892411 3.25595 0.5202534 -0.6722819 3.266367 0.4927145 -0.6907309 3.268632 0.5155814 -0.6737717 3.279048 0.4934057 -0.6985025 3.279767 0.5162726 -0.6815433 3.290184 0.4991961 -0.7095872 3.285103 0.522063 -0.692628 3.295519 0.507874 -0.7197512 3.282601 0.5307408 -0.702792 3.293017 0.5161247 -0.7251122 3.273217 0.5389915 -0.708153 3.283633 0.5207966 -0.7236223 3.260535 0.5436635 -0.7066631 3.270952 0.5201054 -0.7158508 3.2494 0.5429723 -0.6988916 3.259816 0.5296224 -0.6902174 3.275 0.5371819 -0.6876746 3.254497 0.5594816 -0.6699763 3.264913 0.5519222 -0.6725191 3.285417 0.5281888 -0.6777684 3.256918 0.5504885 -0.6600701 3.267334 0.5197433 -0.6726173 3.266246 0.542043 -0.6549189 3.276662 0.5150713 -0.6741888 3.278918 0.537371 -0.6564905 3.289334 0.5159573 -0.6818827 3.290093 0.538257 -0.6641844 3.30051 0.522063 -0.6927602 3.295503 0.5443627 -0.6750619 3.30592 0.5310561 -0.7026664 3.293082 0.5533558 -0.6849681 3.303499 0.5395016 -0.7078176 3.283754 0.5618013 -0.6901192 3.294171 0.5441736 -0.706246 3.271082 0.5664733 -0.6885477 3.281499 0.5432876 -0.6985521 3.259907 0.5655873 -0.6808538 3.270324 0.5519222 -0.6725191 3.285417 0.5594816 -0.6698428 3.26493 0.5811903 -0.6514243 3.275347 0.5736309 -0.6541006 3.295833 0.5501813 -0.6602041 3.26727 0.57189 -0.6417857 3.277686 0.5415459 -0.6552694 3.276541 0.5632546 -0.636851 3.286957 0.5368739 -0.6569235 3.289202 0.5585826 -0.638505 3.299619 0.5379499 -0.6645345 3.300417 0.5596586 -0.6461161 3.310834 0.5443627 -0.6751954 3.305903 0.5660714 -0.656777 3.31632 0.553663 -0.684834 3.303564 0.5753717 -0.6664156 3.31398 0.5622984 -0.6897688 3.294293 0.5840071 -0.6713503 3.304709 0.5669704 -0.6881147 3.281631 0.5886791 -0.6696962 3.292048 0.5658945 -0.6805036 3.270416 0.5876032 -0.6620852 3.280833 0.5736309 -0.6541006 3.295833 0.5811903 -0.6512893 3.275365 0.6022848 -0.6321704 3.285782 0.5947253 -0.6349817 3.30625 0.5715912 -0.6419279 3.277622 0.5926857 -0.622809 3.288038 0.5627712 -0.637216 3.286835 0.5838657 -0.6180971 3.297251 0.5580992 -0.6389535 3.299485 0.5791937 -0.6198346 3.309901 0.5593598 -0.6464767 3.31074 0.5804542 -0.6273578 3.321157 0.5660714 -0.6569119 3.316302 0.5871659 -0.637793 3.326718 0.5756705 -0.6662734 3.314045 0.5967649 -0.6471545 3.324462 0.5844905 -0.6709853 3.304832 0.6055849 -0.6518664 3.315249 0.5891625 -0.6692478 3.292182 0.6102569 -0.6501289 3.302599 0.5879019 -0.6617246 3.280927 0.6089964 -0.6426057 3.291343 0.5947253 -0.6349817 3.30625 0.6022848 -0.6320339 3.285801 0.6227424 -0.6122351 3.296218 0.6151829 -0.6151829 3.316667 0.5923956 -0.6229589 3.287974 0.6128532 -0.6031601 3.29839 0.5833964 -0.6184762 3.297127 0.603854 -0.5986774 3.307544 0.5787244 -0.6202981 3.309766 0.599182 -0.6004992 3.320182 0.5801642 -0.6277286 3.321061 0.6006218 -0.6079297 3.331478 0.5871659 -0.6379295 3.326699 0.6076234 -0.6181307 3.337116 0.597055 -0.6470046 3.324526 0.6175126 -0.6272057 3.334943 0.6060542 -0.6514873 3.315373 0.6265118 -0.6316884 3.325789 0.6107262 -0.6496654 3.302734 0.6311838 -0.6298666 3.313151 0.6092864 -0.6422349 3.291439 0.629744 -0.6224361 3.301856 0.6151829 -0.6151829 3.316667 0.6227424 -0.612097 3.296238 0.6425412 -0.5916394 3.306655 0.6349817 -0.5947253 3.327083 0.6125722 -0.6033174 3.298326 0.6323711 -0.5828598 3.308742 0.6033993 -0.59907 3.307419 0.6231981 -0.5786124 3.317836 0.5987273 -0.6009772 3.320045 0.6185261 -0.5805196 3.330461 0.6003408 -0.6083105 3.33138 0.6201396 -0.5878529 3.341797 0.6076234 -0.6182688 3.337095 0.6274223 -0.5978112 3.347512 0.6177936 -0.6270484 3.335008 0.6375924 -0.6065908 3.345424 0.6269665 -0.6312958 3.325914 0.6467653 -0.6108382 3.336331 0.6316385 -0.6293886 3.313289 0.6514373 -0.608931 3.323705 0.630025 -0.6220553 3.301953 0.6498239 -0.6015977 3.31237 0.6349817 -0.5947253 3.327083 0.6425412 -0.5914995 3.306676 0.6616601 -0.5704051 3.317093 0.6541006 -0.5736309 3.3375 0.6320994 -0.583024 3.308678 0.6512183 -0.5619295 3.319094 0.6227586 -0.5790179 3.317709 0.6418775 -0.5579235 3.328126 0.6180866 -0.5810115 3.330322 0.6372055 -0.5599171 3.340738 0.619868 -0.5882433 3.341697 0.6389869 -0.5671489 3.352114 0.6274223 -0.5979511 3.34749 0.6465412 -0.5768566 3.357907 0.6378641 -0.6064266 3.345489 0.656983 -0.5853322 3.355906 0.6472049 -0.6104327 3.336457 0.6663238 -0.5893383 3.346874 0.6518769 -0.6084391 3.323845 0.6709958 -0.5873446 3.334262 0.6500955 -0.6012073 3.31247 0.6692144 -0.5801128 3.322886 0.6541006 -0.5736309 3.3375 0.6616601 -0.5702635 3.317116 0.6800785 -0.5485548 3.327532 0.6725191 -0.5519222 3.347917 0.6509563 -0.5621002 3.31903 0.6693748 -0.5403915 3.329446 0.6414535 -0.5583413 3.327998 0.659872 -0.5366326 3.338415 0.6367815 -0.5604225 3.340596 0.6552 -0.5387138 3.351013 0.6387248 -0.5675488 3.352012 0.6571433 -0.5458401 3.362429 0.6465412 -0.5769983 3.357884 0.6649596 -0.5552896 3.368301 0.657245 -0.5851615 3.35597 0.6756634 -0.5634528 3.366387 0.6667477 -0.5889204 3.347002 0.6851662 -0.5672117 3.357418 0.6714197 -0.5868392 3.334404 0.6898382 -0.5651305 3.34482 0.6694764 -0.5797129 3.322988 0.6878949 -0.5580042 3.333405 0.6725191 -0.5519222 3.347917 0.6800785 -0.5484112 3.327557 0.6977769 -0.5261115 3.337973 0.6902174 -0.5296224 3.358333 0.6691227 -0.5405683 3.329381 0.686821 -0.5182686 3.339798 0.6594641 -0.5370623 3.338286 0.6771624 -0.5147625 3.348703 0.6547921 -0.5392322 3.350869 0.6724904 -0.5169324 3.361286 0.6568912 -0.5462492 3.362325 0.6745895 -0.5239495 3.372741 0.6649596 -0.5554331 3.368277 0.682658 -0.5331334 3.378693 0.6759155 -0.563276 3.366452 0.6936138 -0.5409763 3.376869 0.6855741 -0.5667821 3.357547 0.7032724 -0.5444823 3.367964 0.6902461 -0.5646122 3.344964 0.7079444 -0.5423124 3.355381 0.688147 -0.5575951 3.333509 0.7058453 -0.5352954 3.343925 0.6902174 -0.5296224 3.358333 0.6977769 -0.5259659 3.337999 0.7147361 -0.5030991 3.348416 0.7071766 -0.5067556 3.36875 0.686579 -0.5184511 3.339733 0.7035383 -0.4955842 3.35015 0.676771 -0.5152033 3.348572 0.6937302 -0.4923365 3.358989 0.672099 -0.5174632 3.361139 0.6890582 -0.4945963 3.371556 0.6743476 -0.5243675 3.372635 0.6913068 -0.5015006 3.383052 0.682658 -0.533279 3.378668 0.6996172 -0.5104121 3.389084 0.6938558 -0.5407938 3.376933 0.710815 -0.517927 3.38735 0.7036638 -0.5440416 3.368095 0.7206231 -0.5211747 3.378511 0.7083358 -0.5417817 3.355527 0.7252951 -0.5189149 3.365944 0.7060872 -0.5348774 3.344032 0.7230464 -0.5120106 3.354448 0.7071766 -0.5067556 3.36875 0.7147361 -0.5029513 3.348443 0.730938 -0.4795419 3.358859 0.7233786 -0.4833461 3.379167 0.7033068 -0.4957718 3.350085 0.7195087 -0.4723623 3.360502 0.6933556 -0.4927877 3.358857 0.7095576 -0.4693782 3.369273 0.6886836 -0.4951388 3.371407 0.7048856 -0.4717293 3.381824 0.6910753 -0.5019272 3.382943 0.7072773 -0.4785177 3.393359 0.6996172 -0.5105598 3.389057 0.7158191 -0.4871504 3.399474 0.7110464 -0.5177394 3.387415 0.7272484 -0.4943299 3.397832 0.7209976 -0.5207235 3.378643 0.7371995 -0.497314 3.38906 0.7256696 -0.5183724 3.366093 0.7418715 -0.4949629 3.376509 0.7232779 -0.511584 3.354557 0.7394798 -0.4881745 3.364974 0.7233786 -0.4833461 3.379167 0.730938 -0.4793919 3.358888 0.7463653 -0.4554648 3.369305 0.7388059 -0.459419 3.389583 0.719288 -0.4725545 3.360437 0.7347153 -0.4486275 3.370853 0.7092004 -0.4698392 3.36914 0.7246277 -0.4459121 3.379556 0.7045284 -0.472283 3.381672 0.7199557 -0.448356 3.392089 0.7070565 -0.4789526 3.393248 0.7224838 -0.4550255 3.403665 0.7158191 -0.4873003 3.399445 0.7312464 -0.4633732 3.409862 0.7274692 -0.4941377 3.397897 0.7428965 -0.4702106 3.408313 0.7375568 -0.496853 3.389194 0.7529841 -0.4729259 3.39961 0.7422288 -0.4944092 3.376661 0.7576561 -0.4704821 3.387078 0.7397006 -0.4877396 3.365085 0.755128 -0.4638125 3.375502 0.7388059 -0.459419 3.389583 0.7463653 -0.4553125 3.369335 0.7610016 -0.4308935 3.379752 0.7534421 -0.435 3.4 0.7345054 -0.4488239 3.370788 0.7491416 -0.4244049 3.381205 0.7242882 -0.4463823 3.379421 0.7389244 -0.4219632 3.389837 0.7196162 -0.4489202 3.391935 0.7342524 -0.4245012 3.402352 0.722274 -0.4554684 3.403551 0.7369102 -0.4310494 3.413967 0.7312464 -0.4635256 3.409832 0.7458826 -0.4391065 3.420248 0.7431064 -0.4700142 3.408378 0.7577426 -0.4455951 3.418795 0.7533236 -0.4724558 3.399746 0.7679598 -0.4480368 3.410163 0.7579956 -0.4699178 3.387232 0.7726318 -0.4454988 3.397648 0.7553378 -0.4633697 3.375616 0.769974 -0.4389506 3.386033 0.7534421 -0.435 3.4 0.7610016 -0.4307387 3.379784 0.774831 -0.4058538 3.3902 0.7672715 -0.4101152 3.410417 0.7489429 -0.4246049 3.38114 0.7627723 -0.3997201 3.391557 0.7386029 -0.4224418 3.3897 0.7524323 -0.397557 3.400117 0.7339309 -0.4250755 3.402194 0.7477603 -0.4001906 3.412611 0.7367115 -0.4315 3.413851 0.7505409 -0.4066151 3.424267 0.7458826 -0.4392613 3.420216 0.759712 -0.4143765 3.430633 0.7579413 -0.4453951 3.41886 0.7717707 -0.4205102 3.429277 0.7682813 -0.4475582 3.4103 0.7821107 -0.4226734 3.420717 0.7729533 -0.4449245 3.397806 0.7867827 -0.4200397 3.408222 0.7701727 -0.4385 3.386149 0.7840021 -0.4136152 3.396566 0.7672715 -0.4101152 3.410417 0.774831 -0.4056964 3.390234 0.7878387 -0.3803724 3.400651 0.7802793 -0.3847912 3.420833 0.762585 -0.3999233 3.391491 0.7755928 -0.3745993 3.401908 0.7521292 -0.3980432 3.399977 0.7651369 -0.3727192 3.410394 0.7474572 -0.4007742 3.412451 0.7604649 -0.3754502 3.422868 0.7503536 -0.4070731 3.424147 0.7633614 -0.3817491 3.434564 0.759712 -0.414534 3.430599 0.7727198 -0.38921 3.441016 0.771958 -0.420307 3.429342 0.7849658 -0.394983 3.439759 0.7824138 -0.4221871 3.420856 0.7954216 -0.3968631 3.431273 0.7870858 -0.4194562 3.408382 0.8000936 -0.3941322 3.418799 0.7841894 -0.4131572 3.396686 0.7971972 -0.3878332 3.407103 0.7802793 -0.3847912 3.420833 0.7878387 -0.3802122 3.400687 0.800011 -0.3544761 3.411103 0.7924515 -0.3590551 3.43125 0.775417 -0.3748051 3.401843 0.7875893 -0.3490691 3.41226 0.7648526 -0.3732124 3.410253 0.7770248 -0.3474763 3.420669 0.7601806 -0.3760424 3.422704 0.7723528 -0.3503063 3.433121 0.7631856 -0.3822141 3.434441 0.7753578 -0.356478 3.444858 0.7727198 -0.3893702 3.44098 0.7848921 -0.3636341 3.451397 0.7851415 -0.3947772 3.439824 0.7973138 -0.3690412 3.45024 0.795706 -0.3963699 3.431414 0.8078783 -0.3706339 3.441831 0.800378 -0.39354 3.418963 0.8125503 -0.3678039 3.429379 0.797373 -0.3873682 3.407226 0.8095452 -0.3616322 3.417642 0.7924515 -0.3590551 3.43125 0.800011 -0.354313 3.411141 0.8113346 -0.3281925 3.421558 0.8037752 -0.3329346 3.441667 0.7874253 -0.3492769 3.412194 0.7987489 -0.3231563 3.422611 0.7767594 -0.3479757 3.420526 0.7880831 -0.3218552 3.430943 0.7720874 -0.3509065 3.432954 0.7834111 -0.324786 3.443371 0.7751938 -0.3569498 3.444731 0.7865175 -0.3308292 3.455148 0.7848921 -0.3637972 3.451359 0.7962157 -0.3376767 3.461776 0.7974778 -0.3688334 3.450306 0.8088014 -0.3427128 3.460722 0.8081436 -0.3701345 3.441974 0.8194673 -0.344014 3.452391 0.8128156 -0.3672037 3.429546 0.8241393 -0.3410832 3.439963 0.8097092 -0.3611605 3.417769 0.8210329 -0.3350399 3.428186 0.8037752 -0.3329346 3.441667 0.8113346 -0.3280263 3.421598 0.8217976 -0.3015492 3.432014 0.8142382 -0.3064575 3.452083 0.7985969 -0.3233656 3.422546 0.8090598 -0.2968885 3.432962 0.787837 -0.3223599 3.430797 0.7983 -0.2958828 3.441214 0.783165 -0.3253934 3.4432 0.793628 -0.2989163 3.453617 0.7863654 -0.3313074 3.455018 0.7968284 -0.3048303 3.465434 0.7962157 -0.3378429 3.461736 0.8066787 -0.3113658 3.472152 0.8089535 -0.3425036 3.460788 0.8194165 -0.3160266 3.471204 0.8197134 -0.3435093 3.452536 0.8301763 -0.3170322 3.462953 0.8243853 -0.3404758 3.440133 0.8348483 -0.3139987 3.45055 0.821185 -0.3345618 3.428316 0.8316479 -0.3080848 3.438732 0.8142382 -0.3064575 3.452083 0.8217976 -0.3013798 3.432057 0.8313887 -0.2745746 3.442473 0.8238292 -0.2796523 3.4625 0.8089198 -0.2970986 3.432897 0.8185109 -0.2702934 3.443313 0.7980735 -0.2963922 3.441066 0.8076646 -0.2695869 3.451482 0.7934015 -0.2995303 3.453443 0.8029926 -0.2727251 3.463859 0.7966884 -0.3053145 3.465301 0.8062795 -0.2785093 3.475717 0.8066787 -0.3115353 3.47211 0.8162698 -0.28473 3.482527 0.8195565 -0.3158165 3.47127 0.8291475 -0.2890113 3.481687 0.8304028 -0.3165229 3.463101 0.8399939 -0.2897177 3.473518 0.8350748 -0.3133847 3.450724 0.8446659 -0.2865795 3.461141 0.8317879 -0.3076006 3.438866 0.841379 -0.2807954 3.449283 0.8238292 -0.2796523 3.4625 0.8313887 -0.2744018 3.442518 0.8400975 -0.2472972 3.452935 0.8325381 -0.2525477 3.472917 0.8183832 -0.2705037 3.443248 0.827092 -0.243399 3.453665 0.8074579 -0.2701 3.451332 0.8161668 -0.2429953 3.461748 0.8027859 -0.273345 3.463681 0.8114948 -0.2462403 3.474098 0.8061517 -0.2789992 3.47558 0.8148606 -0.2518945 3.485996 0.8162698 -0.2849028 3.482482 0.8249786 -0.2577982 3.492899 0.8292753 -0.288801 3.481752 0.8379841 -0.2616963 3.492169 0.8402005 -0.2892047 3.473668 0.8489094 -0.2621 3.484085 0.8448725 -0.2859597 3.461319 0.8535814 -0.258855 3.471735 0.8415067 -0.2803055 3.44942 0.8502156 -0.2532008 3.459837 0.8325381 -0.2525477 3.472917 0.8400975 -0.2471208 3.452982 0.8479149 -0.2197457 3.463398 0.8403555 -0.2251726 3.483333 0.8269767 -0.2436089 3.453599 0.8347941 -0.2162338 3.464016 0.8159801 -0.2435113 3.461595 0.8237975 -0.2161362 3.472012 0.8113081 -0.2468653 3.473916 0.8191255 -0.2194902 3.484332 0.8147452 -0.2523897 3.485855 0.8225626 -0.2250146 3.496271 0.8249786 -0.2579745 3.492852 0.832796 -0.2305994 3.503268 0.8380995 -0.2614865 3.492234 0.8459169 -0.2341114 3.502651 0.8490961 -0.2615841 3.484238 0.8569135 -0.234209 3.494655 0.8537681 -0.2582301 3.471918 0.8615855 -0.230855 3.482334 0.8503309 -0.2527056 3.459979 0.8581483 -0.2253305 3.470395 0.8403555 -0.2251726 3.483333 0.8479149 -0.2195656 3.463448 0.8548324 -0.1919494 3.473865 0.847273 -0.1975563 3.49375 0.8346912 -0.2164426 3.46395 0.8416087 -0.1888264 3.474367 0.8236311 -0.2166541 3.471856 0.8305486 -0.1890379 3.482273 0.8189591 -0.2201194 3.484146 0.8258766 -0.1925032 3.494562 0.8224598 -0.2255149 3.496125 0.8293773 -0.1978986 3.506542 0.832796 -0.2307796 3.503218 0.8397135 -0.2031633 3.513635 0.8460197 -0.2339026 3.502716 0.8529372 -0.2062863 3.513133 0.8570799 -0.233691 3.494811 0.8639974 -0.2060748 3.505227 0.8617519 -0.2302257 3.482521 0.8686694 -0.2026095 3.492938 0.8582512 -0.2248303 3.470542 0.8651687 -0.1972141 3.480958 0.847273 -0.1975563 3.49375 0.8548324 -0.1917653 3.473918 0.8608426 -0.1639375 3.484334 0.8532832 -0.1697286 3.504167 0.8415185 -0.1890334 3.474301 0.8475287 -0.1612056 3.484718 0.8304026 -0.189557 3.482114 0.8364128 -0.1617292 3.492531 0.8257306 -0.193136 3.494371 0.8317408 -0.1653083 3.504788 0.829287 -0.1984035 3.506391 0.8352973 -0.1705758 3.516807 0.8397135 -0.2033474 3.513582 0.8457237 -0.1755196 3.523999 0.8530275 -0.2060793 3.513199 0.8590377 -0.1782515 3.523615 0.8641434 -0.2055557 3.505386 0.8701536 -0.1777279 3.515803 0.8688154 -0.2019766 3.493129 0.8748256 -0.1741489 3.503546 0.8652589 -0.1967092 3.481109 0.8712691 -0.1688814 3.491526 0.8532832 -0.1697286 3.504167 0.8608426 -0.1637493 3.48439 0.8659392 -0.1357398 3.494807 0.8583797 -0.1417191 3.514583 0.8474512 -0.1614102 3.484653 0.8525477 -0.1334007 3.495069 0.8362873 -0.1622485 3.492369 0.8413838 -0.134239 3.502785 0.8316153 -0.1659439 3.504591 0.8367118 -0.1379344 3.515008 0.8352197 -0.1710849 3.516652 0.8403162 -0.1430754 3.527068 0.8457237 -0.1757079 3.523943 0.8508202 -0.1476983 3.53436 0.8591152 -0.1780469 3.523681 0.8642117 -0.1500374 3.534097 0.870279 -0.1772087 3.515965 0.8753756 -0.1491992 3.526381 0.874951 -0.1735133 3.503742 0.8800476 -0.1455038 3.514159 0.8713467 -0.1683723 3.491682 0.8764432 -0.1403627 3.502098 0.8583797 -0.1417191 3.514583 0.8659392 -0.1355472 3.494866 0.8701165 -0.1073859 3.505283 0.862557 -0.1135578 3.525 0.8524829 -0.1336022 3.495004 0.8566603 -0.1054409 3.505421 0.8412791 -0.1347575 3.502621 0.8454564 -0.1065962 3.513037 0.8366071 -0.1385719 3.514806 0.8407844 -0.1104107 3.525223 0.8402515 -0.1435885 3.526907 0.8444288 -0.1154272 3.537324 0.8508202 -0.1478909 3.5343 0.8549976 -0.1197297 3.544717 0.8642764 -0.149836 3.534163 0.8684538 -0.1216747 3.544579 0.8754803 -0.1486806 3.526546 0.8796576 -0.1205193 3.536963 0.8801523 -0.1448662 3.51436 0.8843296 -0.1167049 3.524777 0.8765079 -0.1398497 3.50226 0.8806852 -0.1116884 3.512676 0.862557 -0.1135578 3.525 0.8701165 -0.1071887 3.505346 0.8733702 -0.07890584 3.515762 0.8658107 -0.08527491 3.535417 0.8566084 -0.1056384 3.505356 0.8598621 -0.07735554 3.515772 0.8453725 -0.107113 3.512869 0.8486262 -0.07883017 3.523286 0.8407005 -0.1110493 3.525016 0.8439542 -0.08276647 3.535433 0.844377 -0.1159438 3.537157 0.8476306 -0.08766091 3.547574 0.8549976 -0.1199269 3.544654 0.8582513 -0.09164399 3.555071 0.8685056 -0.1214772 3.544644 0.8717593 -0.09319429 3.555061 0.8797416 -0.1200025 3.537131 0.8829952 -0.09171966 3.547548 0.8844135 -0.1160662 3.524984 0.8876672 -0.08778335 3.535401 0.8807371 -0.1111718 3.512843 0.8839908 -0.08288891 3.52326 0.8658107 -0.08527491 3.535417 0.8733702 -0.07870379 3.515829 0.8756967 -0.0503296 3.526246 0.8681373 -0.05690072 3.545833 0.8598231 -0.07754839 3.515708 0.8621497 -0.0491742 3.526124 0.8485632 -0.07934426 3.523114 0.8508897 -0.05097007 3.533531 0.8438912 -0.08340544 3.53522 0.8462177 -0.05503125 3.545637 0.8475917 -0.08818069 3.547401 0.8499182 -0.0598065 3.557818 0.8582513 -0.09184604 3.555004 0.8605778 -0.06347185 3.565421 0.8717983 -0.09300144 3.555126 0.8741248 -0.06462725 3.565542 0.8830583 -0.09120557 3.547719 0.8853848 -0.06283138 3.558136 0.8877303 -0.08714439 3.535613 0.8900568 -0.0587702 3.54603 0.8840297 -0.08236913 3.523432 0.8863563 -0.05399494 3.533849 0.8681373 -0.05690072 3.545833 0.8756967 -0.05012245 3.526316 0.8770936 -0.02168733 3.536733 0.8695342 -0.0284656 3.55625 0.8621237 -0.04936158 3.52606 0.8635206 -0.02092646 3.536476 0.8508477 -0.05148041 3.533356 0.8522446 -0.02304529 3.543772 0.8461757 -0.05566962 3.545418 0.8475726 -0.0272345 3.555835 0.8498923 -0.06032906 3.557639 0.8512892 -0.03189394 3.568055 0.8605778 -0.063679 3.56535 0.8619747 -0.03524388 3.575767 0.8741508 -0.06443986 3.565607 0.8755478 -0.03600474 3.576024 0.8854269 -0.06232103 3.558311 0.8868238 -0.03388591 3.568728 0.8900989 -0.05813183 3.546249 0.8914958 -0.0296967 3.556665 0.8863823 -0.05347238 3.534028 0.8877792 -0.02503726 3.544445 0.8695342 -0.0284656 3.55625 0.8770936 -0.0214748 3.536808 0.8775595 0.006990803 3.547225 0.87 -9.853229e-16 3.566667 0.8635076 -0.02110755 3.536412 0.8639734 0.00735805 3.546829 0.8522236 -0.02355083 3.543594 0.8526894 0.004914771 3.55401 0.8475516 -0.02787138 3.555609 0.8480174 0.0005942173 3.566026 0.8512762 -0.03241891 3.56787 0.851742 -0.003953308 3.578286 0.8619747 -0.03545641 3.575692 0.8624405 -0.006990803 3.586108 0.8755608 -0.03582365 3.576088 0.8760266 -0.00735805 3.586504 0.8868448 -0.03338037 3.568906 0.8873106 -0.004914771 3.579323 0.8915168 -0.02905982 3.556891 0.8919826 -0.0005942173 3.567307 0.8877922 -0.02451229 3.54463 0.888258 0.003953308 3.555047 0.87 -9.853229e-16 3.566667 0.8775595 -0.006990803 3.586108 0.8770936 0.0214748 3.596525 0.8695342 0.0284656 3.577083 0.888258 -0.003953308 3.578286 0.8877922 0.02451229 3.588703 0.8919826 0.0005942173 3.566026 0.8915168 0.02905982 3.576443 0.8873106 0.004914771 3.55401 0.8868448 0.03338037 3.564427 0.8760266 0.00735805 3.546829 0.8755608 0.03582365 3.557246 0.8624405 0.006990803 3.547225 0.8619747 0.03545641 3.557642 0.851742 0.003953308 3.555047 0.8512762 0.03241891 3.565464 0.8480174 -0.0005942173 3.567307 0.8475516 0.02787138 3.577724 0.8526894 -0.004914771 3.579323 0.8522236 0.02355083 3.58974 0.8639734 -0.00735805 3.586504 0.8635076 0.02110755 3.596921 0.8695342 0.0284656 3.577083 0.8770936 0.02168733 3.5966 0.8756967 0.05012245 3.607017 0.8681373 0.05690072 3.5875 0.8877792 0.02503726 3.588889 0.8863823 0.05347238 3.599305 0.8914958 0.0296967 3.576668 0.8900989 0.05813183 3.587085 0.8868238 0.03388591 3.564606 0.8854269 0.06232103 3.575022 0.8755478 0.03600474 3.55731 0.8741508 0.06443986 3.567726 0.8619747 0.03524388 3.557566 0.8605778 0.063679 3.567983 0.8512892 0.03189394 3.565278 0.8498923 0.06032906 3.575695 0.8475726 0.0272345 3.577499 0.8461757 0.05566962 3.587915 0.8522446 0.02304529 3.589561 0.8508477 0.05148041 3.599978 0.8635206 0.02092646 3.596857 0.8621237 0.04936158 3.607274 0.8681373 0.05690072 3.5875 0.8756967 0.0503296 3.607088 0.8733702 0.07870379 3.617504 0.8658107 0.08527491 3.597917 0.8863563 0.05399494 3.599484 0.8840297 0.08236913 3.609901 0.8900568 0.0587702 3.587303 0.8877303 0.08714439 3.59772 0.8853848 0.06283138 3.575198 0.8830583 0.09120557 3.585614 0.8741248 0.06462725 3.567791 0.8717983 0.09300144 3.578208 0.8605778 0.06347185 3.567912 0.8582513 0.09184604 3.578329 0.8499182 0.0598065 3.575516 0.8475917 0.08818069 3.585932 0.8462177 0.05503125 3.587697 0.8438912 0.08340544 3.598113 0.8508897 0.05097007 3.599802 0.8485632 0.07934426 3.610219 0.8621497 0.0491742 3.607209 0.8598231 0.07754839 3.617626 0.8658107 0.08527491 3.597917 0.8733702 0.07890584 3.617571 0.8701165 0.1071887 3.627988 0.862557 0.1135578 3.608333 0.8839908 0.08288891 3.610074 0.8807371 0.1111718 3.62049 0.8876672 0.08778335 3.597933 0.8844135 0.1160662 3.608349 0.8829952 0.09171966 3.585786 0.8797416 0.1200025 3.596202 0.8717593 0.09319429 3.578272 0.8685056 0.1214772 3.588689 0.8582513 0.09164399 3.578262 0.8549976 0.1199269 3.588679 0.8476306 0.08766091 3.58576 0.844377 0.1159438 3.596176 0.8439542 0.08276647 3.597901 0.8407005 0.1110493 3.608317 0.8486262 0.07883017 3.610048 0.8453725 0.107113 3.620464 0.8598621 0.07735554 3.617561 0.8566084 0.1056384 3.627978 0.862557 0.1135578 3.608333 0.8701165 0.1073859 3.62805 0.8659392 0.1355472 3.638467 0.8583797 0.1417191 3.61875 0.8806852 0.1116884 3.620657 0.8765079 0.1398497 3.631074 0.8843296 0.1167049 3.608556 0.8801523 0.1448662 3.618973 0.8796576 0.1205193 3.596371 0.8754803 0.1486806 3.606787 0.8684538 0.1216747 3.588754 0.8642764 0.149836 3.599171 0.8549976 0.1197297 3.588616 0.8508202 0.1478909 3.599033 0.8444288 0.1154272 3.59601 0.8402515 0.1435885 3.606426 0.8407844 0.1104107 3.60811 0.8366071 0.1385719 3.618527 0.8454564 0.1065962 3.620296 0.8412791 0.1347575 3.630713 0.8566603 0.1054409 3.627913 0.8524829 0.1336022 3.638329 0.8583797 0.1417191 3.61875 0.8659392 0.1357398 3.638526 0.8608426 0.1637493 3.648943 0.8532832 0.1697286 3.629167 0.8764432 0.1403627 3.631235 0.8713467 0.1683723 3.641652 0.8800476 0.1455038 3.619175 0.874951 0.1735133 3.629591 0.8753756 0.1491992 3.606952 0.870279 0.1772087 3.617369 0.8642117 0.1500374 3.599236 0.8591152 0.1780469 3.609653 0.8508202 0.1476983 3.598974 0.8457237 0.1757079 3.60939 0.8403162 0.1430754 3.606265 0.8352197 0.1710849 3.616682 0.8367118 0.1379344 3.618325 0.8316153 0.1659439 3.628742 0.8413838 0.134239 3.630548 0.8362873 0.1622485 3.640965 0.8525477 0.1334007 3.638264 0.8474512 0.1614102 3.648681 0.8532832 0.1697286 3.629167 0.8608426 0.1639375 3.648999 0.8548324 0.1917653 3.659416 0.847273 0.1975563 3.639583 0.8712691 0.1688814 3.641807 0.8652589 0.1967092 3.652224 0.8748256 0.1741489 3.629788 0.8688154 0.2019766 3.640204 0.8701536 0.1777279 3.617531 0.8641434 0.2055557 3.627947 0.8590377 0.1782515 3.609718 0.8530275 0.2060793 3.620135 0.8457237 0.1755196 3.609334 0.8397135 0.2033474 3.619751 0.8352973 0.1705758 3.616526 0.829287 0.1984035 3.626943 0.8317408 0.1653083 3.628546 0.8257306 0.193136 3.638962 0.8364128 0.1617292 3.640803 0.8304026 0.189557 3.651219 0.8475287 0.1612056 3.648615 0.8415185 0.1890334 3.659032 0.847273 0.1975563 3.639583 0.8548324 0.1919494 3.659468 0.8479149 0.2195656 3.669885 0.8403555 0.2251726 3.65 0.8651687 0.1972141 3.652375 0.8582512 0.2248303 3.662792 0.8686694 0.2026095 3.640396 0.8617519 0.2302257 3.650812 0.8639974 0.2060748 3.628106 0.8570799 0.233691 3.638523 0.8529372 0.2062863 3.6202 0.8460197 0.2339026 3.630617 0.8397135 0.2031633 3.619698 0.832796 0.2307796 3.630115 0.8293773 0.1978986 3.626792 0.8224598 0.2255149 3.637208 0.8258766 0.1925032 3.638771 0.8189591 0.2201194 3.649188 0.8305486 0.1890379 3.651061 0.8236311 0.2166541 3.661477 0.8416087 0.1888264 3.658966 0.8346912 0.2164426 3.669383 0.8403555 0.2251726 3.65 0.8479149 0.2197457 3.669935 0.8400975 0.2471208 3.680352 0.8325381 0.2525477 3.660417 0.8581483 0.2253305 3.662938 0.8503309 0.2527056 3.673355 0.8615855 0.230855 3.650999 0.8537681 0.2582301 3.661416 0.8569135 0.234209 3.638678 0.8490961 0.2615841 3.649095 0.8459169 0.2341114 3.630682 0.8380995 0.2614865 3.641099 0.832796 0.2305994 3.630065 0.8249786 0.2579745 3.640482 0.8225626 0.2250146 3.637062 0.8147452 0.2523897 3.647479 0.8191255 0.2194902 3.649001 0.8113081 0.2468653 3.659418 0.8237975 0.2161362 3.661322 0.8159801 0.2435113 3.671738 0.8347941 0.2162338 3.669318 0.8269767 0.2436089 3.679734 0.8325381 0.2525477 3.660417 0.8400975 0.2472972 3.680399 0.8313887 0.2744018 3.690815 0.8238292 0.2796523 3.670833 0.8502156 0.2532008 3.673496 0.8415067 0.2803055 3.683913 0.8535814 0.258855 3.661598 0.8448725 0.2859597 3.672015 0.8489094 0.2621 3.649248 0.8402005 0.2892047 3.659665 0.8379841 0.2616963 3.641165 0.8292753 0.288801 3.651581 0.8249786 0.2577982 3.640435 0.8162698 0.2849028 3.650851 0.8148606 0.2518945 3.647337 0.8061517 0.2789992 3.657754 0.8114948 0.2462403 3.659235 0.8027859 0.273345 3.669652 0.8161668 0.2429953 3.671585 0.8074579 0.2701 3.682002 0.827092 0.243399 3.679669 0.8183832 0.2705037 3.690085 0.8238292 0.2796523 3.670833 0.8313887 0.2745746 3.69086 0.8217976 0.3013798 3.701277 0.8142382 0.3064575 3.68125 0.841379 0.2807954 3.684051 0.8317879 0.3076006 3.694467 0.8446659 0.2865795 3.672193 0.8350748 0.3133847 3.682609 0.8399939 0.2897177 3.659816 0.8304028 0.3165229 3.670232 0.8291475 0.2890113 3.651647 0.8195565 0.3158165 3.662063 0.8162698 0.28473 3.650807 0.8066787 0.3115353 3.661223 0.8062795 0.2785093 3.657616 0.7966884 0.3053145 3.668033 0.8029926 0.2727251 3.669474 0.7934015 0.2995303 3.679891 0.8076646 0.2695869 3.681851 0.7980735 0.2963922 3.692268 0.8185109 0.2702934 3.69002 0.8089198 0.2970986 3.700437 0.8142382 0.3064575 3.68125 0.8217976 0.3015492 3.701319 0.8113346 0.3280263 3.711736 0.8037752 0.3329346 3.691667 0.8316479 0.3080848 3.694601 0.821185 0.3345618 3.705018 0.8348483 0.3139987 3.682784 0.8243853 0.3404758 3.6932 0.8301763 0.3170322 3.67038 0.8197134 0.3435093 3.680797 0.8194165 0.3160266 3.662129 0.8089535 0.3425036 3.672546 0.8066787 0.3113658 3.661181 0.7962157 0.3378429 3.671598 0.7968284 0.3048303 3.667899 0.7863654 0.3313074 3.678316 0.793628 0.2989163 3.679716 0.783165 0.3253934 3.690133 0.7983 0.2958828 3.69212 0.787837 0.3223599 3.702536 0.8090598 0.2968885 3.700371 0.7985969 0.3233656 3.710788 0.8037752 0.3329346 3.691667 0.8113346 0.3281925 3.711776 0.800011 0.354313 3.722192 0.7924515 0.3590551 3.702083 0.8210329 0.3350399 3.705148 0.8097092 0.3611605 3.715564 0.8241393 0.3410832 3.693371 0.8128156 0.3672037 3.703787 0.8194673 0.344014 3.680943 0.8081436 0.3701345 3.691359 0.8088014 0.3427128 3.672611 0.7974778 0.3688334 3.683028 0.7962157 0.3376767 3.671558 0.7848921 0.3637972 3.681974 0.7865175 0.3308292 3.678186 0.7751938 0.3569498 3.688602 0.7834111 0.324786 3.689963 0.7720874 0.3509065 3.700379 0.7880831 0.3218552 3.702391 0.7767594 0.3479757 3.712807 0.7987489 0.3231563 3.710722 0.7874253 0.3492769 3.721139 0.7924515 0.3590551 3.702083 0.800011 0.3544761 3.72223 0.7878387 0.3802122 3.732647 0.7802793 0.3847912 3.7125 0.8095452 0.3616322 3.715691 0.797373 0.3873682 3.726108 0.8125503 0.3678039 3.703954 0.800378 0.39354 3.714371 0.8078783 0.3706339 3.691503 0.795706 0.3963699 3.701919 0.7973138 0.3690412 3.683093 0.7851415 0.3947772 3.69351 0.7848921 0.3636341 3.681937 0.7727198 0.3893702 3.692353 0.7753578 0.356478 3.688476 0.7631856 0.3822141 3.698892 0.7723528 0.3503063 3.700213 0.7601806 0.3760424 3.710629 0.7770248 0.3474763 3.712664 0.7648526 0.3732124 3.723081 0.7875893 0.3490691 3.721074 0.775417 0.3748051 3.73149 0.7802793 0.3847912 3.7125 0.7878387 0.3803724 3.732682 0.774831 0.4056964 3.743099 0.7672715 0.4101152 3.722917 0.7971972 0.3878332 3.726231 0.7841894 0.4131572 3.736647 0.8000936 0.3941322 3.714534 0.7870858 0.4194562 3.724951 0.7954216 0.3968631 3.702061 0.7824138 0.4221871 3.712477 0.7849658 0.394983 3.693575 0.771958 0.420307 3.703991 0.7727198 0.38921 3.692318 0.759712 0.414534 3.702734 0.7633614 0.3817491 3.698769 0.7503536 0.4070731 3.709186 0.7604649 0.3754502 3.710466 0.7474572 0.4007742 3.720882 0.7651369 0.3727192 3.722939 0.7521292 0.3980432 3.733356 0.7755928 0.3745993 3.731425 0.762585 0.3999233 3.741842 0.7672715 0.4101152 3.722917 0.774831 0.4058538 3.743133 0.7610016 0.4307387 3.75355 0.7534421 0.435 3.733333 0.7840021 0.4136152 3.736767 0.7701727 0.4385 3.747184 0.7867827 0.4200397 3.725111 0.7729533 0.4449245 3.735528 0.7821107 0.4226734 3.712617 0.7682813 0.4475582 3.723033 0.7717707 0.4205102 3.704057 0.7579413 0.4453951 3.714473 0.759712 0.4143765 3.7027 0.7458826 0.4392613 3.713117 0.7505409 0.4066151 3.709066 0.7367115 0.4315 3.719483 0.7477603 0.4001906 3.720722 0.7339309 0.4250755 3.731139 0.7524323 0.397557 3.733217 0.7386029 0.4224418 3.743633 0.7627723 0.3997201 3.741777 0.7489429 0.4246049 3.752193 0.7534421 0.435 3.733333 0.7610016 0.4308935 3.753582 0.7463653 0.4553125 3.763998 0.7388059 0.459419 3.74375 0.769974 0.4389506 3.747301 0.7553378 0.4633697 3.757717 0.7726318 0.4454988 3.735685 0.7579956 0.4699178 3.746102 0.7679598 0.4480368 3.723171 0.7533236 0.4724558 3.733587 0.7577426 0.4455951 3.714538 0.7431064 0.4700142 3.724955 0.7458826 0.4391065 3.713085 0.7312464 0.4635256 3.723502 0.7369102 0.4310494 3.719366 0.722274 0.4554684 3.729783 0.7342524 0.4245012 3.730982 0.7196162 0.4489202 3.741398 0.7389244 0.4219632 3.743496 0.7242882 0.4463823 3.753913 0.7491416 0.4244049 3.752128 0.7345054 0.4488239 3.762545 0.7388059 0.459419 3.74375 0.7463653 0.4554648 3.764029 0.730938 0.4793919 3.774445 0.7233786 0.4833461 3.754167 0.755128 0.4638125 3.757831 0.7397006 0.4877396 3.768248 0.7576561 0.4704821 3.746256 0.7422288 0.4944092 3.756672 0.7529841 0.4729259 3.733723 0.7375568 0.496853 3.74414 0.7428965 0.4702106 3.72502 0.7274692 0.4941377 3.735437 0.7312464 0.4633732 3.723471 0.7158191 0.4873003 3.733888 0.7224838 0.4550255 3.729669 0.7070565 0.4789526 3.740085 0.7199557 0.448356 3.741244 0.7045284 0.472283 3.751661 0.7246277 0.4459121 3.753777 0.7092004 0.4698392 3.764194 0.7347153 0.4486275 3.76248 0.719288 0.4725545 3.772897 0.7233786 0.4833461 3.754167 0.730938 0.4795419 3.774474 0.7147361 0.5029513 3.784891 0.7071766 0.5067556 3.764583 0.7394798 0.4881745 3.768359 0.7232779 0.511584 3.778776 0.7418715 0.4949629 3.756824 0.7256696 0.5183724 3.767241 0.7371995 0.497314 3.744273 0.7209976 0.5207235 3.75469 0.7272484 0.4943299 3.735502 0.7110464 0.5177394 3.745918 0.7158191 0.4871504 3.733859 0.6996172 0.5105598 3.744276 0.7072773 0.4785177 3.739974 0.6910753 0.5019272 3.750391 0.7048856 0.4717293 3.751509 0.6886836 0.4951388 3.761926 0.7095576 0.4693782 3.76406 0.6933556 0.4927877 3.774477 0.7195087 0.4723623 3.772832 0.7033068 0.4957718 3.783248 0.7071766 0.5067556 3.764583 0.7147361 0.5030991 3.784918 0.6977769 0.5259659 3.795334 0.6902174 0.5296224 3.775 0.7230464 0.5120106 3.778885 0.7060872 0.5348774 3.789302 0.7252951 0.5189149 3.767389 0.7083358 0.5417817 3.777806 0.7206231 0.5211747 3.754822 0.7036638 0.5440416 3.765239 0.710815 0.517927 3.745983 0.6938558 0.5407938 3.7564 0.6996172 0.5104121 3.744249 0.682658 0.533279 3.754666 0.6913068 0.5015006 3.750282 0.6743476 0.5243675 3.760698 0.6890582 0.4945963 3.761777 0.672099 0.5174632 3.772194 0.6937302 0.4923365 3.774345 0.676771 0.5152033 3.784761 0.7035383 0.4955842 3.783183 0.686579 0.5184511 3.7936 0.6902174 0.5296224 3.775 0.6977769 0.5261115 3.79536 0.6800785 0.5484112 3.805777 0.6725191 0.5519222 3.785417 0.7058453 0.5352954 3.789408 0.688147 0.5575951 3.799825 0.7079444 0.5423124 3.777952 0.6902461 0.5646122 3.788369 0.7032724 0.5444823 3.765369 0.6855741 0.5667821 3.775786 0.6936138 0.5409763 3.756465 0.6759155 0.563276 3.766881 0.682658 0.5331334 3.75464 0.6649596 0.5554331 3.765057 0.6745895 0.5239495 3.760592 0.6568912 0.5462492 3.771009 0.6724904 0.5169324 3.772048 0.6547921 0.5392322 3.782464 0.6771624 0.5147625 3.784631 0.6594641 0.5370623 3.795047 0.686821 0.5182686 3.793535 0.6691227 0.5405683 3.803952 0.6725191 0.5519222 3.785417 0.6800785 0.5485548 3.805801 0.6616601 0.5702635 3.816218 0.6541006 0.5736309 3.795833 0.6878949 0.5580042 3.799929 0.6694764 0.5797129 3.810345 0.6898382 0.5651305 3.788513 0.6714197 0.5868392 3.79893 0.6851662 0.5672117 3.775915 0.6667477 0.5889204 3.786332 0.6756634 0.5634528 3.766946 0.657245 0.5851615 3.777363 0.6649596 0.5552896 3.765032 0.6465412 0.5769983 3.775449 0.6571433 0.5458401 3.770905 0.6387248 0.5675488 3.781321 0.6552 0.5387138 3.78232 0.6367815 0.5604225 3.792737 0.659872 0.5366326 3.794918 0.6414535 0.5583413 3.805335 0.6693748 0.5403915 3.803887 0.6509563 0.5621002 3.814304 0.6541006 0.5736309 3.795833 0.6616601 0.5704051 3.81624 0.6425412 0.5914995 3.826657 0.6349817 0.5947253 3.80625 0.6692144 0.5801128 3.810447 0.6500955 0.6012073 3.820864 0.6709958 0.5873446 3.799072 0.6518769 0.6084391 3.809488 0.6663238 0.5893383 3.786459 0.6472049 0.6104327 3.796876 0.656983 0.5853322 3.777428 0.6378641 0.6064266 3.787844 0.6465412 0.5768566 3.775426 0.6274223 0.5979511 3.785843 0.6389869 0.5671489 3.78122 0.619868 0.5882433 3.791636 0.6372055 0.5599171 3.792595 0.6180866 0.5810115 3.803012 0.6418775 0.5579235 3.805207 0.6227586 0.5790179 3.815624 0.6512183 0.5619295 3.814239 0.6320994 0.583024 3.824656 0.6349817 0.5947253 3.80625 0.6425412 0.5916394 3.826679 0.6227424 0.612097 3.837095 0.6151829 0.6151829 3.816667 0.6498239 0.6015977 3.820963 0.630025 0.6220553 3.83138 0.6514373 0.608931 3.809628 0.6316385 0.6293886 3.820045 0.6467653 0.6108382 3.797002 0.6269665 0.6312958 3.807419 0.6375924 0.6065908 3.787909 0.6177936 0.6270484 3.798326 0.6274223 0.5978112 3.785821 0.6076234 0.6182688 3.796238 0.6201396 0.5878529 3.791537 0.6003408 0.6083105 3.801953 0.6185261 0.5805196 3.802872 0.5987273 0.6009772 3.813289 0.6231981 0.5786124 3.815498 0.6033993 0.59907 3.825914 0.6323711 0.5828598 3.824591 0.6125722 0.6033174 3.835008 0.6151829 0.6151829 3.816667 0.6227424 0.6122351 3.837116 0.6022848 0.6320339 3.847532 0.5947253 0.6349817 3.827083 0.629744 0.6224361 3.831478 0.6092864 0.6422349 3.841894 0.6311838 0.6298666 3.820182 0.6107262 0.6496654 3.830599 0.6265118 0.6316884 3.807544 0.6060542 0.6514873 3.817961 0.6175126 0.6272057 3.79839 0.597055 0.6470046 3.808807 0.6076234 0.6181307 3.796218 0.5871659 0.6379295 3.806634 0.6006218 0.6079297 3.801856 0.5801642 0.6277286 3.812272 0.599182 0.6004992 3.813151 0.5787244 0.6202981 3.823568 0.603854 0.5986774 3.825789 0.5833964 0.6184762 3.836206 0.6128532 0.6031601 3.834943 0.5923956 0.6229589 3.84536 0.5947253 0.6349817 3.827083 0.6022848 0.6321704 3.847552 0.5811903 0.6512893 3.857968 0.5736309 0.6541006 3.8375 0.6089964 0.6426057 3.84199 0.5879019 0.6617246 3.852407 0.6102569 0.6501289 3.830735 0.5891625 0.6692478 3.841151 0.6055849 0.6518664 3.818085 0.5844905 0.6709853 3.828501 0.5967649 0.6471545 3.808872 0.5756705 0.6662734 3.819288 0.5871659 0.637793 3.806615 0.5660714 0.6569119 3.817032 0.5804542 0.6273578 3.812177 0.5593598 0.6464767 3.822593 0.5791937 0.6198346 3.823432 0.5580992 0.6389535 3.833849 0.5838657 0.6180971 3.836082 0.5627712 0.637216 3.846499 0.5926857 0.622809 3.845295 0.5715912 0.6419279 3.855712 0.5736309 0.6541006 3.8375 0.5811903 0.6514243 3.857986 0.5594816 0.6698428 3.868403 0.5519222 0.6725191 3.847917 0.5876032 0.6620852 3.852501 0.5658945 0.6805036 3.862917 0.5886791 0.6696962 3.841285 0.5669704 0.6881147 3.851702 0.5840071 0.6713503 3.828624 0.5622984 0.6897688 3.839041 0.5753717 0.6664156 3.819353 0.553663 0.684834 3.82977 0.5660714 0.656777 3.817014 0.5443627 0.6751954 3.82743 0.5596586 0.6461161 3.822499 0.5379499 0.6645345 3.832916 0.5585826 0.638505 3.833715 0.5368739 0.6569235 3.844131 0.5632546 0.636851 3.846376 0.5415459 0.6552694 3.856793 0.57189 0.6417857 3.855647 0.5501813 0.6602041 3.866064 0.5519222 0.6725191 3.847917 0.5594816 0.6699763 3.86842 0.5371819 0.6876746 3.878837 0.5296224 0.6902174 3.858333 0.5655873 0.6808538 3.86301 0.5432876 0.6985521 3.873426 0.5664733 0.6885477 3.851834 0.5441736 0.706246 3.862251 0.5618013 0.6901192 3.839162 0.5395016 0.7078176 3.849579 0.5533558 0.6849681 3.829834 0.5310561 0.7026664 3.840251 0.5443627 0.6750619 3.827413 0.522063 0.6927602 3.83783 0.538257 0.6641844 3.832824 0.5159573 0.6818827 3.84324 0.537371 0.6564905 3.843999 0.5150713 0.6741888 3.854416 0.542043 0.6549189 3.856671 0.5197433 0.6726173 3.867088 0.5504885 0.6600701 3.865999 0.5281888 0.6777684 3.876416 0.5296224 0.6902174 3.858333 0.5371819 0.6878068 3.878853 0.514315 0.704766 3.889269 0.5067556 0.7071766 3.86875 0.5429723 0.6988916 3.873517 0.5201054 0.7158508 3.883934 0.5436635 0.7066631 3.862382 0.5207966 0.7236223 3.872798 0.5389915 0.708153 3.8497 0.5161247 0.7251122 3.860117 0.5307408 0.702792 3.840316 0.507874 0.7197512 3.850733 0.522063 0.692628 3.837814 0.4991961 0.7095872 3.848231 0.5162726 0.6815433 3.84315 0.4934057 0.6985025 3.853566 0.5155814 0.6737717 3.854285 0.4927145 0.6907309 3.864702 0.5202534 0.6722819 3.866967 0.4973865 0.6892411 3.877383 0.528504 0.6776428 3.876351 0.5056372 0.694602 3.886767 0.5067556 0.7071766 3.86875 0.514315 0.7048969 3.889284 0.4909056 0.7210988 3.899701 0.4833461 0.7233786 3.879167 0.5197824 0.7161793 3.884023 0.4963729 0.7323813 3.894439 0.520274 0.7240231 3.872927 0.4968645 0.740225 3.883344 0.515602 0.725432 3.860236 0.4921925 0.741634 3.870653 0.507551 0.719868 3.850797 0.4841415 0.73607 3.861214 0.4991961 0.7094563 3.848216 0.4757867 0.7256583 3.858632 0.4937288 0.6981739 3.853477 0.4703193 0.7143758 3.863894 0.4932372 0.6903302 3.864573 0.4698277 0.7065321 3.874989 0.4979092 0.6889212 3.877264 0.4744997 0.7051232 3.88768 0.5059602 0.6944852 3.886703 0.4825507 0.7106872 3.897119 0.4833461 0.7233786 3.879167 0.4909056 0.7212285 3.899715 0.4669785 0.7366559 3.910132 0.459419 0.7388059 3.889583 0.4960425 0.7326988 3.894527 0.4721154 0.7481261 3.904943 0.4963299 0.740609 3.883472 0.4724028 0.7560364 3.893888 0.4916579 0.7419378 3.870772 0.4677308 0.7573651 3.881189 0.4838111 0.7361776 3.861279 0.459884 0.7516049 3.871696 0.4757867 0.7255286 3.858618 0.4518596 0.7409559 3.869035 0.4706497 0.7140583 3.863807 0.4467226 0.7294857 3.874223 0.4703623 0.7061481 3.874862 0.4464353 0.7215754 3.885278 0.4750343 0.7048193 3.887561 0.4511073 0.7202466 3.897978 0.4828811 0.7105795 3.897054 0.4589541 0.7260069 3.907471 0.459419 0.7388059 3.889583 0.4669785 0.7367845 3.910145 0.4425595 0.7514207 3.920561 0.435 0.7534421 3.9 0.471778 0.7484323 3.90503 0.4473589 0.7630685 3.915446 0.4718568 0.7564032 3.894015 0.4474377 0.7710394 3.904431 0.4671848 0.7576525 3.881307 0.4427657 0.7722887 3.891724 0.4595465 0.7517031 3.871761 0.4351275 0.7663393 3.882177 0.4518596 0.7408273 3.869022 0.4274405 0.7554635 3.879439 0.4470601 0.7291795 3.874137 0.4226411 0.7438157 3.884554 0.4469813 0.7212086 3.885152 0.4225623 0.7358448 3.895569 0.4516533 0.7199593 3.89786 0.4272343 0.7345955 3.908276 0.4592915 0.7259087 3.907406 0.4348725 0.7405449 3.917823 -1.2 -1.2 -0.03 -1.2 -1.2 0 -1.2 1.2 -0.03 -1.2 1.2 0 1.2 -1.2 -0.03 1.2 -1.2 0 1.2 1.2 -0.03 1.2 1.2 0 -1.2 -1.2 2.97 -1.2 -1.2 3 -1.2 1.2 2.97 -1.2 1.2 3 1.2 -1.2 2.97 1.2 -1.2 3 1.2 1.2 2.97 1.2 1.2 3</float_array>
          <technique_common>
            <accessor count="7934" source="#verts-array-array" stride="3">
              <param type="float" name="X"/>
              <param type="float" name="Y"/>
              <param type="float" name="Z"/>
            </accessor>
          </technique_common>
        </source>
        <source id="normals-array">
          <float_array count="23802" id="normals-array-array">0 0 -1 0.7212469 -7.119292e-16 -0.692678 0.7212469 3.831479e-16 0.692678 0 0 1 0.7150766 0.09414161 -0.692678 0.7150766 0.09414161 0.692678 0.696671 0.1866724 -0.692678 0.696671 0.1866724 0.692678 0.6663453 0.2760092 -0.692678 0.6663453 0.2760092 0.692678 0.6246182 0.3606235 -0.692678 0.6246182 0.3606235 0.692678 0.5722037 0.4390673 -0.692678 0.5722037 0.4390673 0.692678 0.5099986 0.5099986 -0.692678 0.5099986 0.5099986 0.692678 0.4390673 0.5722037 -0.692678 0.4390673 0.5722037 0.692678 0.3606235 0.6246182 -0.692678 0.3606235 0.6246182 0.692678 0.2760092 0.6663453 -0.692678 0.2760092 0.6663453 0.692678 0.1866724 0.696671 -0.692678 0.1866724 0.696671 0.692678 0.09414161 0.7150766 -0.692678 0.09414161 0.7150766 0.692678 5.140568e-16 0.7212469 -0.692678 -5.843005e-16 0.7212469 0.692678 -0.09414161 0.7150766 -0.692678 -0.09414161 0.7150766 0.692678 -0.1866724 0.696671 -0.692678 -0.1866724 0.696671 0.692678 -0.2760092 0.6663453 -0.692678 -0.2760092 0.6663453 0.692678 -0.3606235 0.6246182 -0.692678 -0.3606235 0.6246182 0.692678 -0.4390673 0.5722037 -0.692678 -0.4390673 0.5722037 0.692678 -0.5099986 0.5099986 -0.692678 -0.5099986 0.5099986 0.692678 -0.5722037 0.4390673 -0.692678 -0.5722037 0.4390673 0.692678 -0.6246182 0.3606235 -0.692678 -0.6246182 0.3606235 0.692678 -0.6663453 0.2760092 -0.692678 -0.6663453 0.2760092 0.692678 -0.696671 0.1866724 -0.692678 -0.696671 0.1866724 0.692678 -0.7150766 0.09414161 -0.692678 -0.7150766 0.09414161 0.692678 -0.7212469 4.725491e-16 -0.692678 -0.7212469 -6.226153e-16 0.692678 -0.7150766 -0.09414161 -0.692678 -0.7150766 -0.09414161 0.692678 -0.696671 -0.1866724 -0.692678 -0.696671 -0.1866724 0.692678 -0.6663453 -0.2760092 -0.692678 -0.6663453 -0.2760092 0.692678 -0.6246182 -0.3606235 -0.692678 -0.6246182 -0.3606235 0.692678 -0.5722037 -0.4390673 -0.692678 -0.5722037 -0.4390673 0.692678 -0.5099986 -0.5099986 -0.692678 -0.5099986 -0.5099986 0.692678 -0.4390673 -0.5722037 -0.692678 -0.4390673 -0.5722037 0.692678 -0.3606235 -0.6246182 -0.692678 -0.3606235 -0.6246182 0.692678 -0.2760092 -0.6663453 -0.692678 -0.2760092 -0.6663453 0.692678 -0.1866724 -0.696671 -0.692678 -0.1866724 -0.696671 0.692678 -0.09414161 -0.7150766 -0.692678 -0.09414161 -0.7150766 0.692678 -7.471384e-16 -0.7212469 -0.692678 3.448331e-16 -0.7212469 0.692678 0.09414161 -0.7150766 -0.692678 0.09414161 -0.7150766 0.692678 0.1866724 -0.696671 -0.692678 0.1866724 -0.696671 0.692678 0.2760092 -0.6663453 -0.692678 0.2760092 -0.6663453 0.692678 0.3606235 -0.6246182 -0.692678 0.3606235 -0.6246182 0.692678 0.4390673 -0.5722037 -0.692678 0.4390673 -0.5722037 0.692678 0.5099986 -0.5099986 -0.692678 0.5099986 -0.5099986 0.692678 0.5722037 -0.4390673 -0.692678 0.5722037 -0.4390673 0.692678 0.6246182 -0.3606235 -0.692678 0.6246182 -0.3606235 0.692678 0.6663453 -0.2760092 -0.692678 0.6663453 -0.2760092 0.692678 0.696671 -0.1866724 -0.692678 0.696671 -0.1866724 0.692678 0.7150766 -0.09414161 -0.692678 0.7150766 -0.09414161 0.692678 -0.5728343 -0.582717 0.5764562 0.02431458 -0.7104996 0.7032774 0.04860071 -0.7092524 0.7032774 0.07282997 -0.7071752 0.7032774 0.09697401 -0.7042705 0.7032774 0.1210046 -0.7005418 0.7032774 0.1448936 -0.6959934 0.7032774 0.168613 -0.6906306 0.7032774 0.1921352 -0.6844597 0.7032774 0.2154325 -0.6774879 0.7032774 0.2384777 -0.6697233 0.7032774 0.261244 -0.6611751 0.7032774 0.2837045 -0.6518533 0.7032774 0.305833 -0.6417687 0.7032774 0.3276037 -0.6309332 0.7032774 0.7851192 -0.2264646 0.5764562 0.226112 0.783897 0.578255 -0.3240554 0.6240995 0.7109767 -0.3025205 0.6348176 0.7109767 -0.2806316 0.644793 0.7109767 -0.2584144 0.6540138 0.7109767 -0.2358947 0.6624694 0.7109767 -0.2130991 0.6701499 0.7109767 -0.1900541 0.6770462 0.7109767 -0.1667867 0.6831502 0.7109767 -0.1433242 0.688455 0.7109767 -0.119694 0.6929541 0.7109767 -0.09592367 0.6966425 0.7109767 -0.07204113 0.6995156 0.7109767 -0.0480743 0.7015703 0.7109767 -0.02405122 0.7028041 0.7109767 -0.5818099 0.5719426 0.578255 -0.5728343 -0.582717 -0.5764562 0.02431458 -0.7104996 -0.7032774 0.04860071 -0.7092524 -0.7032774 0.07282997 -0.7071752 -0.7032774 0.09697401 -0.7042705 -0.7032774 0.1210046 -0.7005418 -0.7032774 0.1448936 -0.6959934 -0.7032774 0.168613 -0.6906306 -0.7032774 0.1921352 -0.6844597 -0.7032774 0.2154325 -0.6774879 -0.7032774 0.2384777 -0.6697233 -0.7032774 0.261244 -0.6611751 -0.7032774 0.2837045 -0.6518533 -0.7032774 0.305833 -0.6417687 -0.7032774 0.3276037 -0.6309332 -0.7032774 0.7851192 -0.2264646 -0.5764562 0.226112 0.783897 -0.578255 -0.3240554 0.6240995 -0.7109767 -0.3025205 0.6348176 -0.7109767 -0.2806316 0.644793 -0.7109767 -0.2584144 0.6540138 -0.7109767 -0.2358947 0.6624694 -0.7109767 -0.2130991 0.6701499 -0.7109767 -0.1900541 0.6770462 -0.7109767 -0.1667867 0.6831502 -0.7109767 -0.1433242 0.688455 -0.7109767 -0.119694 0.6929541 -0.7109767 -0.09592367 0.6966425 -0.7109767 -0.07204113 0.6995156 -0.7109767 -0.0480743 0.7015703 -0.7109767 -0.02405122 0.7028041 -0.7109767 -0.5818099 0.5719426 -0.578255 0 0 -1 0.7652638 1.378802e-15 -0.6437168 0.7652638 -1.364918e-15 0.6437168 0 0 1 0.6191114 0.4498108 -0.6437168 0.6191114 0.4498108 0.6437168 0.2364795 0.7278091 -0.6437168 0.2364795 0.7278091 0.6437168 -0.2364795 0.7278091 -0.6437168 -0.2364795 0.7278091 0.6437168 -0.6191114 0.4498108 -0.6437168 -0.6191114 0.4498108 0.6437168 -0.7652638 -1.393353e-15 -0.6437168 -0.7652638 1.379136e-15 0.6437168 -0.6191114 -0.4498108 -0.6437168 -0.6191114 -0.4498108 0.6437168 -0.2364795 -0.7278091 -0.6437168 -0.2364795 -0.7278091 0.6437168 0.2364795 -0.7278091 -0.6437168 0.2364795 -0.7278091 0.6437168 0.6191114 -0.4498108 -0.6437168 0.6191114 -0.4498108 0.6437168 0 0 -1 0.7652638 1.382246e-15 -0.6437168 0.7652638 -1.364918e-15 0.6437168 0 0 1 0.6191114 0.4498108 -0.6437168 0.6191114 0.4498108 0.6437168 0.2364795 0.7278091 -0.6437168 0.2364795 0.7278091 0.6437168 -0.2364795 0.7278091 -0.6437168 -0.2364795 0.7278091 0.6437168 -0.6191114 0.4498108 -0.6437168 -0.6191114 0.4498108 0.6437168 -0.7652638 -1.379136e-15 -0.6437168 -0.7652638 1.364918e-15 0.6437168 -0.6191114 -0.4498108 -0.6437168 -0.6191114 -0.4498108 0.6437168 -0.2364795 -0.7278091 -0.6437168 -0.2364795 -0.7278091 0.6437168 0.2364795 -0.7278091 -0.6437168 0.2364795 -0.7278091 0.6437168 0.6191114 -0.4498108 -0.6437168 0.6191114 -0.4498108 0.6437168 -0.2047306 -0.7910649 0.5764562 0.3763069 -0.6031535 0.7032774 0.3967156 -0.5899302 0.7032774 0.4166602 -0.5760167 0.7032774 0.4361172 -0.5614292 0.7032774 0.455064 -0.5461847 0.7032774 0.4734782 -0.5303012 0.7032774 0.4913384 -0.5137971 0.7032774 0.5086238 -0.4966919 0.7032774 0.5253139 -0.4790054 0.7032774 0.5413894 -0.4607585 0.7032774 0.5568315 -0.4419725 0.7032774 0.5716219 -0.4226693 0.7032774 0.5857435 -0.4028715 0.7032774 0.5991798 -0.3826023 0.7032774 0.7931654 0.1964355 0.5764562 -0.1961297 0.7919307 0.578255 -0.59269 0.3784583 0.7109767 -0.5793993 0.3985079 0.7109767 -0.5654306 0.4180913 0.7109767 -0.5508003 0.4371854 0.7109767 -0.5355256 0.455768 0.7109767 -0.5196242 0.4738173 0.7109767 -0.5031148 0.4913121 0.7109767 -0.4860167 0.5082321 0.7109767 -0.4683499 0.5245574 0.7109767 -0.4501351 0.5402689 0.7109767 -0.4313936 0.5553482 0.7109767 -0.4121473 0.5697778 0.7109767 -0.3924187 0.5835406 0.7109767 -0.372231 0.5966206 0.7109767 -0.7898335 0.2044119 0.578255 -0.2047306 -0.7910649 -0.5764562 0.3763069 -0.6031535 -0.7032774 0.3967156 -0.5899302 -0.7032774 0.4166602 -0.5760167 -0.7032774 0.4361172 -0.5614292 -0.7032774 0.455064 -0.5461847 -0.7032774 0.4734782 -0.5303012 -0.7032774 0.4913384 -0.5137971 -0.7032774 0.5086238 -0.4966919 -0.7032774 0.5253139 -0.4790054 -0.7032774 0.5413894 -0.4607585 -0.7032774 0.5568315 -0.4419725 -0.7032774 0.5716219 -0.4226693 -0.7032774 0.5857435 -0.4028715 -0.7032774 0.5991798 -0.3826023 -0.7032774 0.7931654 0.1964355 -0.5764562 -0.1961297 0.7919307 -0.578255 -0.59269 0.3784583 -0.7109767 -0.5793993 0.3985079 -0.7109767 -0.5654306 0.4180913 -0.7109767 -0.5508003 0.4371854 -0.7109767 -0.5355256 0.455768 -0.7109767 -0.5196242 0.4738173 -0.7109767 -0.5031148 0.4913121 -0.7109767 -0.4860167 0.5082321 -0.7109767 -0.4683499 0.5245574 -0.7109767 -0.4501351 0.5402689 -0.7109767 -0.4313936 0.5553482 -0.7109767 -0.4121473 0.5697778 -0.7109767 -0.3924187 0.5835406 -0.7109767 -0.372231 0.5966206 -0.7109767 -0.7898335 0.2044119 -0.578255 0 0 -1 0.7652638 -1.191082e-15 -0.6437168 0.7652638 1.180085e-15 0.6437168 0 0 1 0.6191114 0.4498108 -0.6437168 0.6191114 0.4498108 0.6437168 0.2364795 0.7278091 -0.6437168 0.2364795 0.7278091 0.6437168 -0.2364795 0.7278091 -0.6437168 -0.2364795 0.7278091 0.6437168 -0.6191114 0.4498108 -0.6437168 -0.6191114 0.4498108 0.6437168 -0.7652638 1.180085e-15 -0.6437168 -0.7652638 -1.180085e-15 0.6437168 -0.6191114 -0.4498108 -0.6437168 -0.6191114 -0.4498108 0.6437168 -0.2364795 -0.7278091 -0.6437168 -0.2364795 -0.7278091 0.6437168 0.2364795 -0.7278091 -0.6437168 0.2364795 -0.7278091 0.6437168 0.6191114 -0.4498108 -0.6437168 0.6191114 -0.4498108 0.6437168 0 0 -1 0.7652638 -1.176975e-15 -0.6437168 0.7652638 1.180085e-15 0.6437168 0 0 1 0.6191114 0.4498108 -0.6437168 0.6191114 0.4498108 0.6437168 0.2364795 0.7278091 -0.6437168 0.2364795 0.7278091 0.6437168 -0.2364795 0.7278091 -0.6437168 -0.2364795 0.7278091 0.6437168 -0.6191114 0.4498108 -0.6437168 -0.6191114 0.4498108 0.6437168 -0.7652638 1.180085e-15 -0.6437168 -0.7652638 -1.180085e-15 0.6437168 -0.6191114 -0.4498108 -0.6437168 -0.6191114 -0.4498108 0.6437168 -0.2364795 -0.7278091 -0.6437168 -0.2364795 -0.7278091 0.6437168 0.2364795 -0.7278091 -0.6437168 0.2364795 -0.7278091 0.6437168 0.6191114 -0.4498108 -0.6437168 0.6191114 -0.4498108 0.6437168 0.2182305 -0.7874476 0.5764562 0.627468 -0.3341928 0.7032774 0.6385309 -0.3125367 0.7032774 0.6488467 -0.290515 0.7032774 0.6584032 -0.2681533 0.7032774 0.6671893 -0.2454779 0.7032774 0.6751947 -0.2225152 0.7032774 0.6824101 -0.1992921 0.7032774 0.688827 -0.1758359 0.7032774 0.6944379 -0.1521739 0.7032774 0.6992363 -0.1283339 0.7032774 0.7032164 -0.1043437 0.7032774 0.7063738 -0.08023136 0.7032774 0.7087045 -0.05602518 0.7032774 0.7102061 -0.03175345 0.7032774 0.5886836 0.5667009 0.5764562 -0.5658187 0.5877672 0.578255 -0.7025137 0.03140952 0.7109767 -0.7010284 0.05541836 0.7109767 -0.6987229 0.07936236 0.7109767 -0.6955998 0.1032135 0.7109767 -0.6916627 0.1269439 0.7109767 -0.6869164 0.1505257 0.7109767 -0.6813662 0.1739314 0.7109767 -0.6750188 0.1971336 0.7109767 -0.6678816 0.2201051 0.7109767 -0.6599629 0.2428191 0.7109767 -0.6512719 0.2652489 0.7109767 -0.6418189 0.2873684 0.7109767 -0.6316149 0.3091516 0.7109767 -0.6206718 0.3305731 0.7109767 -0.7862218 -0.2178908 0.578255 0.2182305 -0.7874476 -0.5764562 0.627468 -0.3341928 -0.7032774 0.6385309 -0.3125367 -0.7032774 0.6488467 -0.290515 -0.7032774 0.6584032 -0.2681533 -0.7032774 0.6671893 -0.2454779 -0.7032774 0.6751947 -0.2225152 -0.7032774 0.6824101 -0.1992921 -0.7032774 0.688827 -0.1758359 -0.7032774 0.6944379 -0.1521739 -0.7032774 0.6992363 -0.1283339 -0.7032774 0.7032164 -0.1043437 -0.7032774 0.7063738 -0.08023136 -0.7032774 0.7087045 -0.05602518 -0.7032774 0.7102061 -0.03175345 -0.7032774 0.5886836 0.5667009 -0.5764562 -0.5658187 0.5877672 -0.578255 -0.7025137 0.03140952 -0.7109767 -0.7010284 0.05541836 -0.7109767 -0.6987229 0.07936236 -0.7109767 -0.6955998 0.1032135 -0.7109767 -0.6916627 0.1269439 -0.7109767 -0.6869164 0.1505257 -0.7109767 -0.6813662 0.1739314 -0.7109767 -0.6750188 0.1971336 -0.7109767 -0.6678816 0.2201051 -0.7109767 -0.6599629 0.2428191 -0.7109767 -0.6512719 0.2652489 -0.7109767 -0.6418189 0.2873684 -0.7109767 -0.6316149 0.3091516 -0.7109767 -0.6206718 0.3305731 -0.7109767 -0.7862218 -0.2178908 -0.578255 0 0 -1 0.7652638 1.382246e-15 -0.6437168 0.7652638 -1.364918e-15 0.6437168 0 0 1 0.6191114 0.4498108 -0.6437168 0.6191114 0.4498108 0.6437168 0.2364795 0.7278091 -0.6437168 0.2364795 0.7278091 0.6437168 -0.2364795 0.7278091 -0.6437168 -0.2364795 0.7278091 0.6437168 -0.6191114 0.4498108 -0.6437168 -0.6191114 0.4498108 0.6437168 -0.7652638 -1.379136e-15 -0.6437168 -0.7652638 1.364918e-15 0.6437168 -0.6191114 -0.4498108 -0.6437168 -0.6191114 -0.4498108 0.6437168 -0.2364795 -0.7278091 -0.6437168 -0.2364795 -0.7278091 0.6437168 0.2364795 -0.7278091 -0.6437168 0.2364795 -0.7278091 0.6437168 0.6191114 -0.4498108 -0.6437168 0.6191114 -0.4498108 0.6437168 0 0 -1 0.7652638 1.383468e-15 -0.6437168 0.7652638 -1.364918e-15 0.6437168 0 0 1 0.6191114 0.4498108 -0.6437168 0.6191114 0.4498108 0.6437168 0.2364795 0.7278091 -0.6437168 0.2364795 0.7278091 0.6437168 -0.2364795 0.7278091 -0.6437168 -0.2364795 0.7278091 0.6437168 -0.6191114 0.4498108 -0.6437168 -0.6191114 0.4498108 0.6437168 -0.7652638 -1.379136e-15 -0.6437168 -0.7652638 1.364918e-15 0.6437168 -0.6191114 -0.4498108 -0.6437168 -0.6191114 -0.4498108 0.6437168 -0.2364795 -0.7278091 -0.6437168 -0.2364795 -0.7278091 0.6437168 0.2364795 -0.7278091 -0.6437168 0.2364795 -0.7278091 0.6437168 0.6191114 -0.4498108 -0.6437168 0.6191114 -0.4498108 0.6437168 0.582717 -0.5728343 0.5764562 0.7104996 0.02431458 0.7032774 0.7092524 0.04860071 0.7032774 0.7071752 0.07282997 0.7032774 0.7042705 0.09697401 0.7032774 0.7005418 0.1210046 0.7032774 0.6959934 0.1448936 0.7032774 0.6906306 0.168613 0.7032774 0.6844597 0.1921352 0.7032774 0.6774879 0.2154325 0.7032774 0.6697233 0.2384777 0.7032774 0.6611751 0.261244 0.7032774 0.6518533 0.2837045 0.7032774 0.6417687 0.305833 0.7032774 0.6309332 0.3276037 0.7032774 0.2264646 0.7851192 0.5764562 -0.783897 0.226112 0.578255 -0.6240995 -0.3240554 0.7109767 -0.6348176 -0.3025205 0.7109767 -0.644793 -0.2806316 0.7109767 -0.6540138 -0.2584144 0.7109767 -0.6624694 -0.2358947 0.7109767 -0.6701499 -0.2130991 0.7109767 -0.6770462 -0.1900541 0.7109767 -0.6831502 -0.1667867 0.7109767 -0.688455 -0.1433242 0.7109767 -0.6929541 -0.119694 0.7109767 -0.6966425 -0.09592367 0.7109767 -0.6995156 -0.07204113 0.7109767 -0.7015703 -0.0480743 0.7109767 -0.7028041 -0.02405122 0.7109767 -0.5719426 -0.5818099 0.578255 0.582717 -0.5728343 -0.5764562 0.7104996 0.02431458 -0.7032774 0.7092524 0.04860071 -0.7032774 0.7071752 0.07282997 -0.7032774 0.7042705 0.09697401 -0.7032774 0.7005418 0.1210046 -0.7032774 0.6959934 0.1448936 -0.7032774 0.6906306 0.168613 -0.7032774 0.6844597 0.1921352 -0.7032774 0.6774879 0.2154325 -0.7032774 0.6697233 0.2384777 -0.7032774 0.6611751 0.261244 -0.7032774 0.6518533 0.2837045 -0.7032774 0.6417687 0.305833 -0.7032774 0.6309332 0.3276037 -0.7032774 0.2264646 0.7851192 -0.5764562 -0.783897 0.226112 -0.578255 -0.6240995 -0.3240554 -0.7109767 -0.6348176 -0.3025205 -0.7109767 -0.644793 -0.2806316 -0.7109767 -0.6540138 -0.2584144 -0.7109767 -0.6624694 -0.2358947 -0.7109767 -0.6701499 -0.2130991 -0.7109767 -0.6770462 -0.1900541 -0.7109767 -0.6831502 -0.1667867 -0.7109767 -0.688455 -0.1433242 -0.7109767 -0.6929541 -0.119694 -0.7109767 -0.6966425 -0.09592367 -0.7109767 -0.6995156 -0.07204113 -0.7109767 -0.7015703 -0.0480743 -0.7109767 -0.7028041 -0.02405122 -0.7109767 -0.5719426 -0.5818099 -0.578255 0 0 -1 0.7652638 1.383468e-15 -0.6437168 0.7652638 -1.364918e-15 0.6437168 0 0 1 0.6191114 0.4498108 -0.6437168 0.6191114 0.4498108 0.6437168 0.2364795 0.7278091 -0.6437168 0.2364795 0.7278091 0.6437168 -0.2364795 0.7278091 -0.6437168 -0.2364795 0.7278091 0.6437168 -0.6191114 0.4498108 -0.6437168 -0.6191114 0.4498108 0.6437168 -0.7652638 -1.379136e-15 -0.6437168 -0.7652638 1.364918e-15 0.6437168 -0.6191114 -0.4498108 -0.6437168 -0.6191114 -0.4498108 0.6437168 -0.2364795 -0.7278091 -0.6437168 -0.2364795 -0.7278091 0.6437168 0.2364795 -0.7278091 -0.6437168 0.2364795 -0.7278091 0.6437168 0.6191114 -0.4498108 -0.6437168 0.6191114 -0.4498108 0.6437168 0 0 -1 0.7652638 1.382246e-15 -0.6437168 0.7652638 -1.364918e-15 0.6437168 0 0 1 0.6191114 0.4498108 -0.6437168 0.6191114 0.4498108 0.6437168 0.2364795 0.7278091 -0.6437168 0.2364795 0.7278091 0.6437168 -0.2364795 0.7278091 -0.6437168 -0.2364795 0.7278091 0.6437168 -0.6191114 0.4498108 -0.6437168 -0.6191114 0.4498108 0.6437168 -0.7652638 -1.379136e-15 -0.6437168 -0.7652638 1.364918e-15 0.6437168 -0.6191114 -0.4498108 -0.6437168 -0.6191114 -0.4498108 0.6437168 -0.2364795 -0.7278091 -0.6437168 -0.2364795 -0.7278091 0.6437168 0.2364795 -0.7278091 -0.6437168 0.2364795 -0.7278091 0.6437168 0.6191114 -0.4498108 -0.6437168 0.6191114 -0.4498108 0.6437168 0.7910649 -0.2047306 0.5764562 0.6031535 0.3763069 0.7032774 0.5899302 0.3967156 0.7032774 0.5760167 0.4166602 0.7032774 0.5614292 0.4361172 0.7032774 0.5461847 0.455064 0.7032774 0.5303012 0.4734782 0.7032774 0.5137971 0.4913384 0.7032774 0.4966919 0.5086238 0.7032774 0.4790054 0.5253139 0.7032774 0.4607585 0.5413894 0.7032774 0.4419725 0.5568315 0.7032774 0.4226693 0.5716219 0.7032774 0.4028715 0.5857435 0.7032774 0.3826023 0.5991798 0.7032774 -0.1964355 0.7931654 0.5764562 -0.7919307 -0.1961297 0.578255 -0.3784583 -0.59269 0.7109767 -0.3985079 -0.5793993 0.7109767 -0.4180913 -0.5654306 0.7109767 -0.4371854 -0.5508003 0.7109767 -0.455768 -0.5355256 0.7109767 -0.4738173 -0.5196242 0.7109767 -0.4913121 -0.5031148 0.7109767 -0.5082321 -0.4860167 0.7109767 -0.5245574 -0.4683499 0.7109767 -0.5402689 -0.4501351 0.7109767 -0.5553482 -0.4313936 0.7109767 -0.5697778 -0.4121473 0.7109767 -0.5835406 -0.3924187 0.7109767 -0.5966206 -0.372231 0.7109767 -0.2044119 -0.7898335 0.578255 0.7910649 -0.2047306 -0.5764562 0.6031535 0.3763069 -0.7032774 0.5899302 0.3967156 -0.7032774 0.5760167 0.4166602 -0.7032774 0.5614292 0.4361172 -0.7032774 0.5461847 0.455064 -0.7032774 0.5303012 0.4734782 -0.7032774 0.5137971 0.4913384 -0.7032774 0.4966919 0.5086238 -0.7032774 0.4790054 0.5253139 -0.7032774 0.4607585 0.5413894 -0.7032774 0.4419725 0.5568315 -0.7032774 0.4226693 0.5716219 -0.7032774 0.4028715 0.5857435 -0.7032774 0.3826023 0.5991798 -0.7032774 -0.1964355 0.7931654 -0.5764562 -0.7919307 -0.1961297 -0.578255 -0.3784583 -0.59269 -0.7109767 -0.3985079 -0.5793993 -0.7109767 -0.4180913 -0.5654306 -0.7109767 -0.4371854 -0.5508003 -0.7109767 -0.455768 -0.5355256 -0.7109767 -0.4738173 -0.5196242 -0.7109767 -0.4913121 -0.5031148 -0.7109767 -0.5082321 -0.4860167 -0.7109767 -0.5245574 -0.4683499 -0.7109767 -0.5402689 -0.4501351 -0.7109767 -0.5553482 -0.4313936 -0.7109767 -0.5697778 -0.4121473 -0.7109767 -0.5835406 -0.3924187 -0.7109767 -0.5966206 -0.372231 -0.7109767 -0.2044119 -0.7898335 -0.578255 0 0 -1 0.7652638 1.382246e-15 -0.6437168 0.7652638 -1.364918e-15 0.6437168 0 0 1 0.6191114 0.4498108 -0.6437168 0.6191114 0.4498108 0.6437168 0.2364795 0.7278091 -0.6437168 0.2364795 0.7278091 0.6437168 -0.2364795 0.7278091 -0.6437168 -0.2364795 0.7278091 0.6437168 -0.6191114 0.4498108 -0.6437168 -0.6191114 0.4498108 0.6437168 -0.7652638 -1.379136e-15 -0.6437168 -0.7652638 1.364918e-15 0.6437168 -0.6191114 -0.4498108 -0.6437168 -0.6191114 -0.4498108 0.6437168 -0.2364795 -0.7278091 -0.6437168 -0.2364795 -0.7278091 0.6437168 0.2364795 -0.7278091 -0.6437168 0.2364795 -0.7278091 0.6437168 0.6191114 -0.4498108 -0.6437168 0.6191114 -0.4498108 0.6437168 0 0 -1 0.7652638 1.382246e-15 -0.6437168 0.7652638 -1.364918e-15 0.6437168 0 0 1 0.6191114 0.4498108 -0.6437168 0.6191114 0.4498108 0.6437168 0.2364795 0.7278091 -0.6437168 0.2364795 0.7278091 0.6437168 -0.2364795 0.7278091 -0.6437168 -0.2364795 0.7278091 0.6437168 -0.6191114 0.4498108 -0.6437168 -0.6191114 0.4498108 0.6437168 -0.7652638 -1.379136e-15 -0.6437168 -0.7652638 1.364918e-15 0.6437168 -0.6191114 -0.4498108 -0.6437168 -0.6191114 -0.4498108 0.6437168 -0.2364795 -0.7278091 -0.6437168 -0.2364795 -0.7278091 0.6437168 0.2364795 -0.7278091 -0.6437168 0.2364795 -0.7278091 0.6437168 0.6191114 -0.4498108 -0.6437168 0.6191114 -0.4498108 0.6437168 0.7874476 0.2182305 0.5764562 0.3341928 0.627468 0.7032774 0.3125367 0.6385309 0.7032774 0.290515 0.6488467 0.7032774 0.2681533 0.6584032 0.7032774 0.2454779 0.6671893 0.7032774 0.2225152 0.6751947 0.7032774 0.1992921 0.6824101 0.7032774 0.1758359 0.688827 0.7032774 0.1521739 0.6944379 0.7032774 0.1283339 0.6992363 0.7032774 0.1043437 0.7032164 0.7032774 0.08023136 0.7063738 0.7032774 0.05602518 0.7087045 0.7032774 0.03175345 0.7102061 0.7032774 -0.5667009 0.5886836 0.5764562 -0.5877672 -0.5658187 0.578255 -0.03140952 -0.7025137 0.7109767 -0.05541836 -0.7010284 0.7109767 -0.07936236 -0.6987229 0.7109767 -0.1032135 -0.6955998 0.7109767 -0.1269439 -0.6916627 0.7109767 -0.1505257 -0.6869164 0.7109767 -0.1739314 -0.6813662 0.7109767 -0.1971336 -0.6750188 0.7109767 -0.2201051 -0.6678816 0.7109767 -0.2428191 -0.6599629 0.7109767 -0.2652489 -0.6512719 0.7109767 -0.2873684 -0.6418189 0.7109767 -0.3091516 -0.6316149 0.7109767 -0.3305731 -0.6206718 0.7109767 0.2178908 -0.7862218 0.578255 0.7874476 0.2182305 -0.5764562 0.3341928 0.627468 -0.7032774 0.3125367 0.6385309 -0.7032774 0.290515 0.6488467 -0.7032774 0.2681533 0.6584032 -0.7032774 0.2454779 0.6671893 -0.7032774 0.2225152 0.6751947 -0.7032774 0.1992921 0.6824101 -0.7032774 0.1758359 0.688827 -0.7032774 0.1521739 0.6944379 -0.7032774 0.1283339 0.6992363 -0.7032774 0.1043437 0.7032164 -0.7032774 0.08023136 0.7063738 -0.7032774 0.05602518 0.7087045 -0.7032774 0.03175345 0.7102061 -0.7032774 -0.5667009 0.5886836 -0.5764562 -0.5877672 -0.5658187 -0.578255 -0.03140952 -0.7025137 -0.7109767 -0.05541836 -0.7010284 -0.7109767 -0.07936236 -0.6987229 -0.7109767 -0.1032135 -0.6955998 -0.7109767 -0.1269439 -0.6916627 -0.7109767 -0.1505257 -0.6869164 -0.7109767 -0.1739314 -0.6813662 -0.7109767 -0.1971336 -0.6750188 -0.7109767 -0.2201051 -0.6678816 -0.7109767 -0.2428191 -0.6599629 -0.7109767 -0.2652489 -0.6512719 -0.7109767 -0.2873684 -0.6418189 -0.7109767 -0.3091516 -0.6316149 -0.7109767 -0.3305731 -0.6206718 -0.7109767 0.2178908 -0.7862218 -0.578255 0 0 -1 0.7652638 1.382246e-15 -0.6437168 0.7652638 -1.364918e-15 0.6437168 0 0 1 0.6191114 0.4498108 -0.6437168 0.6191114 0.4498108 0.6437168 0.2364795 0.7278091 -0.6437168 0.2364795 0.7278091 0.6437168 -0.2364795 0.7278091 -0.6437168 -0.2364795 0.7278091 0.6437168 -0.6191114 0.4498108 -0.6437168 -0.6191114 0.4498108 0.6437168 -0.7652638 -1.379136e-15 -0.6437168 -0.7652638 1.364918e-15 0.6437168 -0.6191114 -0.4498108 -0.6437168 -0.6191114 -0.4498108 0.6437168 -0.2364795 -0.7278091 -0.6437168 -0.2364795 -0.7278091 0.6437168 0.2364795 -0.7278091 -0.6437168 0.2364795 -0.7278091 0.6437168 0.6191114 -0.4498108 -0.6437168 0.6191114 -0.4498108 0.6437168 0 0 -1 0.7652638 1.378802e-15 -0.6437168 0.7652638 -1.364918e-15 0.6437168 0 0 1 0.6191114 0.4498108 -0.6437168 0.6191114 0.4498108 0.6437168 0.2364795 0.7278091 -0.6437168 0.2364795 0.7278091 0.6437168 -0.2364795 0.7278091 -0.6437168 -0.2364795 0.7278091 0.6437168 -0.6191114 0.4498108 -0.6437168 -0.6191114 0.4498108 0.6437168 -0.7652638 -1.393353e-15 -0.6437168 -0.7652638 1.379136e-15 0.6437168 -0.6191114 -0.4498108 -0.6437168 -0.6191114 -0.4498108 0.6437168 -0.2364795 -0.7278091 -0.6437168 -0.2364795 -0.7278091 0.6437168 0.2364795 -0.7278091 -0.6437168 0.2364795 -0.7278091 0.6437168 0.6191114 -0.4498108 -0.6437168 0.6191114 -0.4498108 0.6437168 0.5728343 0.582717 0.5764562 -0.02431458 0.7104996 0.7032774 -0.04860071 0.7092524 0.7032774 -0.07282997 0.7071752 0.7032774 -0.09697401 0.7042705 0.7032774 -0.1210046 0.7005418 0.7032774 -0.1448936 0.6959934 0.7032774 -0.168613 0.6906306 0.7032774 -0.1921352 0.6844597 0.7032774 -0.2154325 0.6774879 0.7032774 -0.2384777 0.6697233 0.7032774 -0.261244 0.6611751 0.7032774 -0.2837045 0.6518533 0.7032774 -0.305833 0.6417687 0.7032774 -0.3276037 0.6309332 0.7032774 -0.7851192 0.2264646 0.5764562 -0.226112 -0.783897 0.578255 0.3240554 -0.6240995 0.7109767 0.3025205 -0.6348176 0.7109767 0.2806316 -0.644793 0.7109767 0.2584144 -0.6540138 0.7109767 0.2358947 -0.6624694 0.7109767 0.2130991 -0.6701499 0.7109767 0.1900541 -0.6770462 0.7109767 0.1667867 -0.6831502 0.7109767 0.1433242 -0.688455 0.7109767 0.119694 -0.6929541 0.7109767 0.09592367 -0.6966425 0.7109767 0.07204113 -0.6995156 0.7109767 0.0480743 -0.7015703 0.7109767 0.02405122 -0.7028041 0.7109767 0.5818099 -0.5719426 0.578255 0.5728343 0.582717 -0.5764562 -0.02431458 0.7104996 -0.7032774 -0.04860071 0.7092524 -0.7032774 -0.07282997 0.7071752 -0.7032774 -0.09697401 0.7042705 -0.7032774 -0.1210046 0.7005418 -0.7032774 -0.1448936 0.6959934 -0.7032774 -0.168613 0.6906306 -0.7032774 -0.1921352 0.6844597 -0.7032774 -0.2154325 0.6774879 -0.7032774 -0.2384777 0.6697233 -0.7032774 -0.261244 0.6611751 -0.7032774 -0.2837045 0.6518533 -0.7032774 -0.305833 0.6417687 -0.7032774 -0.3276037 0.6309332 -0.7032774 -0.7851192 0.2264646 -0.5764562 -0.226112 -0.783897 -0.578255 0.3240554 -0.6240995 -0.7109767 0.3025205 -0.6348176 -0.7109767 0.2806316 -0.644793 -0.7109767 0.2584144 -0.6540138 -0.7109767 0.2358947 -0.6624694 -0.7109767 0.2130991 -0.6701499 -0.7109767 0.1900541 -0.6770462 -0.7109767 0.1667867 -0.6831502 -0.7109767 0.1433242 -0.688455 -0.7109767 0.119694 -0.6929541 -0.7109767 0.09592367 -0.6966425 -0.7109767 0.07204113 -0.6995156 -0.7109767 0.0480743 -0.7015703 -0.7109767 0.02405122 -0.7028041 -0.7109767 0.5818099 -0.5719426 -0.578255 0 0 -1 0.7652638 1.391132e-15 -0.6437168 0.7652638 -1.379136e-15 0.6437168 0 0 1 0.6191114 0.4498108 -0.6437168 0.6191114 0.4498108 0.6437168 0.2364795 0.7278091 -0.6437168 0.2364795 0.7278091 0.6437168 -0.2364795 0.7278091 -0.6437168 -0.2364795 0.7278091 0.6437168 -0.6191114 0.4498108 -0.6437168 -0.6191114 0.4498108 0.6437168 -0.7652638 -1.379136e-15 -0.6437168 -0.7652638 1.364918e-15 0.6437168 -0.6191114 -0.4498108 -0.6437168 -0.6191114 -0.4498108 0.6437168 -0.2364795 -0.7278091 -0.6437168 -0.2364795 -0.7278091 0.6437168 0.2364795 -0.7278091 -0.6437168 0.2364795 -0.7278091 0.6437168 0.6191114 -0.4498108 -0.6437168 0.6191114 -0.4498108 0.6437168 0 0 -1 0.7652638 1.382246e-15 -0.6437168 0.7652638 -1.364918e-15 0.6437168 0 0 1 0.6191114 0.4498108 -0.6437168 0.6191114 0.4498108 0.6437168 0.2364795 0.7278091 -0.6437168 0.2364795 0.7278091 0.6437168 -0.2364795 0.7278091 -0.6437168 -0.2364795 0.7278091 0.6437168 -0.6191114 0.4498108 -0.6437168 -0.6191114 0.4498108 0.6437168 -0.7652638 -1.379136e-15 -0.6437168 -0.7652638 1.364918e-15 0.6437168 -0.6191114 -0.4498108 -0.6437168 -0.6191114 -0.4498108 0.6437168 -0.2364795 -0.7278091 -0.6437168 -0.2364795 -0.7278091 0.6437168 0.2364795 -0.7278091 -0.6437168 0.2364795 -0.7278091 0.6437168 0.6191114 -0.4498108 -0.6437168 0.6191114 -0.4498108 0.6437168 0.2047306 0.7910649 0.5764562 -0.3763069 0.6031535 0.7032774 -0.3967156 0.5899302 0.7032774 -0.4166602 0.5760167 0.7032774 -0.4361172 0.5614292 0.7032774 -0.455064 0.5461847 0.7032774 -0.4734782 0.5303012 0.7032774 -0.4913384 0.5137971 0.7032774 -0.5086238 0.4966919 0.7032774 -0.5253139 0.4790054 0.7032774 -0.5413894 0.4607585 0.7032774 -0.5568315 0.4419725 0.7032774 -0.5716219 0.4226693 0.7032774 -0.5857435 0.4028715 0.7032774 -0.5991798 0.3826023 0.7032774 -0.7931654 -0.1964355 0.5764562 0.1961297 -0.7919307 0.578255 0.59269 -0.3784583 0.7109767 0.5793993 -0.3985079 0.7109767 0.5654306 -0.4180913 0.7109767 0.5508003 -0.4371854 0.7109767 0.5355256 -0.455768 0.7109767 0.5196242 -0.4738173 0.7109767 0.5031148 -0.4913121 0.7109767 0.4860167 -0.5082321 0.7109767 0.4683499 -0.5245574 0.7109767 0.4501351 -0.5402689 0.7109767 0.4313936 -0.5553482 0.7109767 0.4121473 -0.5697778 0.7109767 0.3924187 -0.5835406 0.7109767 0.372231 -0.5966206 0.7109767 0.7898335 -0.2044119 0.578255 0.2047306 0.7910649 -0.5764562 -0.3763069 0.6031535 -0.7032774 -0.3967156 0.5899302 -0.7032774 -0.4166602 0.5760167 -0.7032774 -0.4361172 0.5614292 -0.7032774 -0.455064 0.5461847 -0.7032774 -0.4734782 0.5303012 -0.7032774 -0.4913384 0.5137971 -0.7032774 -0.5086238 0.4966919 -0.7032774 -0.5253139 0.4790054 -0.7032774 -0.5413894 0.4607585 -0.7032774 -0.5568315 0.4419725 -0.7032774 -0.5716219 0.4226693 -0.7032774 -0.5857435 0.4028715 -0.7032774 -0.5991798 0.3826023 -0.7032774 -0.7931654 -0.1964355 -0.5764562 0.1961297 -0.7919307 -0.578255 0.59269 -0.3784583 -0.7109767 0.5793993 -0.3985079 -0.7109767 0.5654306 -0.4180913 -0.7109767 0.5508003 -0.4371854 -0.7109767 0.5355256 -0.455768 -0.7109767 0.5196242 -0.4738173 -0.7109767 0.5031148 -0.4913121 -0.7109767 0.4860167 -0.5082321 -0.7109767 0.4683499 -0.5245574 -0.7109767 0.4501351 -0.5402689 -0.7109767 0.4313936 -0.5553482 -0.7109767 0.4121473 -0.5697778 -0.7109767 0.3924187 -0.5835406 -0.7109767 0.372231 -0.5966206 -0.7109767 0.7898335 -0.2044119 -0.578255 0 0 -1 0.7652638 -1.176975e-15 -0.6437168 0.7652638 1.180085e-15 0.6437168 0 0 1 0.6191114 0.4498108 -0.6437168 0.6191114 0.4498108 0.6437168 0.2364795 0.7278091 -0.6437168 0.2364795 0.7278091 0.6437168 -0.2364795 0.7278091 -0.6437168 -0.2364795 0.7278091 0.6437168 -0.6191114 0.4498108 -0.6437168 -0.6191114 0.4498108 0.6437168 -0.7652638 1.194303e-15 -0.6437168 -0.7652638 -1.180085e-15 0.6437168 -0.6191114 -0.4498108 -0.6437168 -0.6191114 -0.4498108 0.6437168 -0.2364795 -0.7278091 -0.6437168 -0.2364795 -0.7278091 0.6437168 0.2364795 -0.7278091 -0.6437168 0.2364795 -0.7278091 0.6437168 0.6191114 -0.4498108 -0.6437168 0.6191114 -0.4498108 0.6437168 0 0 -1 0.7652638 -1.176975e-15 -0.6437168 0.7652638 1.180085e-15 0.6437168 0 0 1 0.6191114 0.4498108 -0.6437168 0.6191114 0.4498108 0.6437168 0.2364795 0.7278091 -0.6437168 0.2364795 0.7278091 0.6437168 -0.2364795 0.7278091 -0.6437168 -0.2364795 0.7278091 0.6437168 -0.6191114 0.4498108 -0.6437168 -0.6191114 0.4498108 0.6437168 -0.7652638 1.180085e-15 -0.6437168 -0.7652638 -1.180085e-15 0.6437168 -0.6191114 -0.4498108 -0.6437168 -0.6191114 -0.4498108 0.6437168 -0.2364795 -0.7278091 -0.6437168 -0.2364795 -0.7278091 0.6437168 0.2364795 -0.7278091 -0.6437168 0.2364795 -0.7278091 0.6437168 0.6191114 -0.4498108 -0.6437168 0.6191114 -0.4498108 0.6437168 -0.2182305 0.7874476 0.5764562 -0.627468 0.3341928 0.7032774 -0.6385309 0.3125367 0.7032774 -0.6488467 0.290515 0.7032774 -0.6584032 0.2681533 0.7032774 -0.6671893 0.2454779 0.7032774 -0.6751947 0.2225152 0.7032774 -0.6824101 0.1992921 0.7032774 -0.688827 0.1758359 0.7032774 -0.6944379 0.1521739 0.7032774 -0.6992363 0.1283339 0.7032774 -0.7032164 0.1043437 0.7032774 -0.7063738 0.08023136 0.7032774 -0.7087045 0.05602518 0.7032774 -0.7102061 0.03175345 0.7032774 -0.5886836 -0.5667009 0.5764562 0.5658187 -0.5877672 0.578255 0.7025137 -0.03140952 0.7109767 0.7010284 -0.05541836 0.7109767 0.6987229 -0.07936236 0.7109767 0.6955998 -0.1032135 0.7109767 0.6916627 -0.1269439 0.7109767 0.6869164 -0.1505257 0.7109767 0.6813662 -0.1739314 0.7109767 0.6750188 -0.1971336 0.7109767 0.6678816 -0.2201051 0.7109767 0.6599629 -0.2428191 0.7109767 0.6512719 -0.2652489 0.7109767 0.6418189 -0.2873684 0.7109767 0.6316149 -0.3091516 0.7109767 0.6206718 -0.3305731 0.7109767 0.7862218 0.2178908 0.578255 -0.2182305 0.7874476 -0.5764562 -0.627468 0.3341928 -0.7032774 -0.6385309 0.3125367 -0.7032774 -0.6488467 0.290515 -0.7032774 -0.6584032 0.2681533 -0.7032774 -0.6671893 0.2454779 -0.7032774 -0.6751947 0.2225152 -0.7032774 -0.6824101 0.1992921 -0.7032774 -0.688827 0.1758359 -0.7032774 -0.6944379 0.1521739 -0.7032774 -0.6992363 0.1283339 -0.7032774 -0.7032164 0.1043437 -0.7032774 -0.7063738 0.08023136 -0.7032774 -0.7087045 0.05602518 -0.7032774 -0.7102061 0.03175345 -0.7032774 -0.5886836 -0.5667009 -0.5764562 0.5658187 -0.5877672 -0.578255 0.7025137 -0.03140952 -0.7109767 0.7010284 -0.05541836 -0.7109767 0.6987229 -0.07936236 -0.7109767 0.6955998 -0.1032135 -0.7109767 0.6916627 -0.1269439 -0.7109767 0.6869164 -0.1505257 -0.7109767 0.6813662 -0.1739314 -0.7109767 0.6750188 -0.1971336 -0.7109767 0.6678816 -0.2201051 -0.7109767 0.6599629 -0.2428191 -0.7109767 0.6512719 -0.2652489 -0.7109767 0.6418189 -0.2873684 -0.7109767 0.6316149 -0.3091516 -0.7109767 0.6206718 -0.3305731 -0.7109767 0.7862218 0.2178908 -0.578255 0 0 -1 0.7652638 1.382246e-15 -0.6437168 0.7652638 -1.364918e-15 0.6437168 0 0 1 0.6191114 0.4498108 -0.6437168 0.6191114 0.4498108 0.6437168 0.2364795 0.7278091 -0.6437168 0.2364795 0.7278091 0.6437168 -0.2364795 0.7278091 -0.6437168 -0.2364795 0.7278091 0.6437168 -0.6191114 0.4498108 -0.6437168 -0.6191114 0.4498108 0.6437168 -0.7652638 -1.379136e-15 -0.6437168 -0.7652638 1.364918e-15 0.6437168 -0.6191114 -0.4498108 -0.6437168 -0.6191114 -0.4498108 0.6437168 -0.2364795 -0.7278091 -0.6437168 -0.2364795 -0.7278091 0.6437168 0.2364795 -0.7278091 -0.6437168 0.2364795 -0.7278091 0.6437168 0.6191114 -0.4498108 -0.6437168 0.6191114 -0.4498108 0.6437168 0 0 -1 0.7652638 1.383468e-15 -0.6437168 0.7652638 -1.364918e-15 0.6437168 0 0 1 0.6191114 0.4498108 -0.6437168 0.6191114 0.4498108 0.6437168 0.2364795 0.7278091 -0.6437168 0.2364795 0.7278091 0.6437168 -0.2364795 0.7278091 -0.6437168 -0.2364795 0.7278091 0.6437168 -0.6191114 0.4498108 -0.6437168 -0.6191114 0.4498108 0.6437168 -0.7652638 -1.379136e-15 -0.6437168 -0.7652638 1.364918e-15 0.6437168 -0.6191114 -0.4498108 -0.6437168 -0.6191114 -0.4498108 0.6437168 -0.2364795 -0.7278091 -0.6437168 -0.2364795 -0.7278091 0.6437168 0.2364795 -0.7278091 -0.6437168 0.2364795 -0.7278091 0.6437168 0.6191114 -0.4498108 -0.6437168 0.6191114 -0.4498108 0.6437168 -0.582717 0.5728343 0.5764562 -0.7104996 -0.02431458 0.7032774 -0.7092524 -0.04860071 0.7032774 -0.7071752 -0.07282997 0.7032774 -0.7042705 -0.09697401 0.7032774 -0.7005418 -0.1210046 0.7032774 -0.6959934 -0.1448936 0.7032774 -0.6906306 -0.168613 0.7032774 -0.6844597 -0.1921352 0.7032774 -0.6774879 -0.2154325 0.7032774 -0.6697233 -0.2384777 0.7032774 -0.6611751 -0.261244 0.7032774 -0.6518533 -0.2837045 0.7032774 -0.6417687 -0.305833 0.7032774 -0.6309332 -0.3276037 0.7032774 -0.2264646 -0.7851192 0.5764562 0.783897 -0.226112 0.578255 0.6240995 0.3240554 0.7109767 0.6348176 0.3025205 0.7109767 0.644793 0.2806316 0.7109767 0.6540138 0.2584144 0.7109767 0.6624694 0.2358947 0.7109767 0.6701499 0.2130991 0.7109767 0.6770462 0.1900541 0.7109767 0.6831502 0.1667867 0.7109767 0.688455 0.1433242 0.7109767 0.6929541 0.119694 0.7109767 0.6966425 0.09592367 0.7109767 0.6995156 0.07204113 0.7109767 0.7015703 0.0480743 0.7109767 0.7028041 0.02405122 0.7109767 0.5719426 0.5818099 0.578255 -0.582717 0.5728343 -0.5764562 -0.7104996 -0.02431458 -0.7032774 -0.7092524 -0.04860071 -0.7032774 -0.7071752 -0.07282997 -0.7032774 -0.7042705 -0.09697401 -0.7032774 -0.7005418 -0.1210046 -0.7032774 -0.6959934 -0.1448936 -0.7032774 -0.6906306 -0.168613 -0.7032774 -0.6844597 -0.1921352 -0.7032774 -0.6774879 -0.2154325 -0.7032774 -0.6697233 -0.2384777 -0.7032774 -0.6611751 -0.261244 -0.7032774 -0.6518533 -0.2837045 -0.7032774 -0.6417687 -0.305833 -0.7032774 -0.6309332 -0.3276037 -0.7032774 -0.2264646 -0.7851192 -0.5764562 0.783897 -0.226112 -0.578255 0.6240995 0.3240554 -0.7109767 0.6348176 0.3025205 -0.7109767 0.644793 0.2806316 -0.7109767 0.6540138 0.2584144 -0.7109767 0.6624694 0.2358947 -0.7109767 0.6701499 0.2130991 -0.7109767 0.6770462 0.1900541 -0.7109767 0.6831502 0.1667867 -0.7109767 0.688455 0.1433242 -0.7109767 0.6929541 0.119694 -0.7109767 0.6966425 0.09592367 -0.7109767 0.6995156 0.07204113 -0.7109767 0.7015703 0.0480743 -0.7109767 0.7028041 0.02405122 -0.7109767 0.5719426 0.5818099 -0.578255 0 0 -1 0.7652638 -1.190193e-15 -0.6437168 0.7652638 1.180085e-15 0.6437168 0 0 1 0.6191114 0.4498108 -0.6437168 0.6191114 0.4498108 0.6437168 0.2364795 0.7278091 -0.6437168 0.2364795 0.7278091 0.6437168 -0.2364795 0.7278091 -0.6437168 -0.2364795 0.7278091 0.6437168 -0.6191114 0.4498108 -0.6437168 -0.6191114 0.4498108 0.6437168 -0.7652638 1.194303e-15 -0.6437168 -0.7652638 -1.180085e-15 0.6437168 -0.6191114 -0.4498108 -0.6437168 -0.6191114 -0.4498108 0.6437168 -0.2364795 -0.7278091 -0.6437168 -0.2364795 -0.7278091 0.6437168 0.2364795 -0.7278091 -0.6437168 0.2364795 -0.7278091 0.6437168 0.6191114 -0.4498108 -0.6437168 0.6191114 -0.4498108 0.6437168 0 0 -1 0.7652638 -1.176975e-15 -0.6437168 0.7652638 1.180085e-15 0.6437168 0 0 1 0.6191114 0.4498108 -0.6437168 0.6191114 0.4498108 0.6437168 0.2364795 0.7278091 -0.6437168 0.2364795 0.7278091 0.6437168 -0.2364795 0.7278091 -0.6437168 -0.2364795 0.7278091 0.6437168 -0.6191114 0.4498108 -0.6437168 -0.6191114 0.4498108 0.6437168 -0.7652638 1.180085e-15 -0.6437168 -0.7652638 -1.180085e-15 0.6437168 -0.6191114 -0.4498108 -0.6437168 -0.6191114 -0.4498108 0.6437168 -0.2364795 -0.7278091 -0.6437168 -0.2364795 -0.7278091 0.6437168 0.2364795 -0.7278091 -0.6437168 0.2364795 -0.7278091 0.6437168 0.6191114 -0.4498108 -0.6437168 0.6191114 -0.4498108 0.6437168 -0.7910649 0.2047306 0.5764562 -0.6031535 -0.3763069 0.7032774 -0.5899302 -0.3967156 0.7032774 -0.5760167 -0.4166602 0.7032774 -0.5614292 -0.4361172 0.7032774 -0.5461847 -0.455064 0.7032774 -0.5303012 -0.4734782 0.7032774 -0.5137971 -0.4913384 0.7032774 -0.4966919 -0.5086238 0.7032774 -0.4790054 -0.5253139 0.7032774 -0.4607585 -0.5413894 0.7032774 -0.4419725 -0.5568315 0.7032774 -0.4226693 -0.5716219 0.7032774 -0.4028715 -0.5857435 0.7032774 -0.3826023 -0.5991798 0.7032774 0.1964355 -0.7931654 0.5764562 0.7919307 0.1961297 0.578255 0.3784583 0.59269 0.7109767 0.3985079 0.5793993 0.7109767 0.4180913 0.5654306 0.7109767 0.4371854 0.5508003 0.7109767 0.455768 0.5355256 0.7109767 0.4738173 0.5196242 0.7109767 0.4913121 0.5031148 0.7109767 0.5082321 0.4860167 0.7109767 0.5245574 0.4683499 0.7109767 0.5402689 0.4501351 0.7109767 0.5553482 0.4313936 0.7109767 0.5697778 0.4121473 0.7109767 0.5835406 0.3924187 0.7109767 0.5966206 0.372231 0.7109767 0.2044119 0.7898335 0.578255 -0.7910649 0.2047306 -0.5764562 -0.6031535 -0.3763069 -0.7032774 -0.5899302 -0.3967156 -0.7032774 -0.5760167 -0.4166602 -0.7032774 -0.5614292 -0.4361172 -0.7032774 -0.5461847 -0.455064 -0.7032774 -0.5303012 -0.4734782 -0.7032774 -0.5137971 -0.4913384 -0.7032774 -0.4966919 -0.5086238 -0.7032774 -0.4790054 -0.5253139 -0.7032774 -0.4607585 -0.5413894 -0.7032774 -0.4419725 -0.5568315 -0.7032774 -0.4226693 -0.5716219 -0.7032774 -0.4028715 -0.5857435 -0.7032774 -0.3826023 -0.5991798 -0.7032774 0.1964355 -0.7931654 -0.5764562 0.7919307 0.1961297 -0.578255 0.3784583 0.59269 -0.7109767 0.3985079 0.5793993 -0.7109767 0.4180913 0.5654306 -0.7109767 0.4371854 0.5508003 -0.7109767 0.455768 0.5355256 -0.7109767 0.4738173 0.5196242 -0.7109767 0.4913121 0.5031148 -0.7109767 0.5082321 0.4860167 -0.7109767 0.5245574 0.4683499 -0.7109767 0.5402689 0.4501351 -0.7109767 0.5553482 0.4313936 -0.7109767 0.5697778 0.4121473 -0.7109767 0.5835406 0.3924187 -0.7109767 0.5966206 0.372231 -0.7109767 0.2044119 0.7898335 -0.578255 0 0 -1 0.7652638 -1.176975e-15 -0.6437168 0.7652638 1.180085e-15 0.6437168 0 0 1 0.6191114 0.4498108 -0.6437168 0.6191114 0.4498108 0.6437168 0.2364795 0.7278091 -0.6437168 0.2364795 0.7278091 0.6437168 -0.2364795 0.7278091 -0.6437168 -0.2364795 0.7278091 0.6437168 -0.6191114 0.4498108 -0.6437168 -0.6191114 0.4498108 0.6437168 -0.7652638 1.180085e-15 -0.6437168 -0.7652638 -1.180085e-15 0.6437168 -0.6191114 -0.4498108 -0.6437168 -0.6191114 -0.4498108 0.6437168 -0.2364795 -0.7278091 -0.6437168 -0.2364795 -0.7278091 0.6437168 0.2364795 -0.7278091 -0.6437168 0.2364795 -0.7278091 0.6437168 0.6191114 -0.4498108 -0.6437168 0.6191114 -0.4498108 0.6437168 0 0 -1 0.7652638 -1.176975e-15 -0.6437168 0.7652638 1.180085e-15 0.6437168 0 0 1 0.6191114 0.4498108 -0.6437168 0.6191114 0.4498108 0.6437168 0.2364795 0.7278091 -0.6437168 0.2364795 0.7278091 0.6437168 -0.2364795 0.7278091 -0.6437168 -0.2364795 0.7278091 0.6437168 -0.6191114 0.4498108 -0.6437168 -0.6191114 0.4498108 0.6437168 -0.7652638 1.194303e-15 -0.6437168 -0.7652638 -1.180085e-15 0.6437168 -0.6191114 -0.4498108 -0.6437168 -0.6191114 -0.4498108 0.6437168 -0.2364795 -0.7278091 -0.6437168 -0.2364795 -0.7278091 0.6437168 0.2364795 -0.7278091 -0.6437168 0.2364795 -0.7278091 0.6437168 0.6191114 -0.4498108 -0.6437168 0.6191114 -0.4498108 0.6437168 -0.7874476 -0.2182305 0.5764562 -0.3341928 -0.627468 0.7032774 -0.3125367 -0.6385309 0.7032774 -0.290515 -0.6488467 0.7032774 -0.2681533 -0.6584032 0.7032774 -0.2454779 -0.6671893 0.7032774 -0.2225152 -0.6751947 0.7032774 -0.1992921 -0.6824101 0.7032774 -0.1758359 -0.688827 0.7032774 -0.1521739 -0.6944379 0.7032774 -0.1283339 -0.6992363 0.7032774 -0.1043437 -0.7032164 0.7032774 -0.08023136 -0.7063738 0.7032774 -0.05602518 -0.7087045 0.7032774 -0.03175345 -0.7102061 0.7032774 0.5667009 -0.5886836 0.5764562 0.5877672 0.5658187 0.578255 0.03140952 0.7025137 0.7109767 0.05541836 0.7010284 0.7109767 0.07936236 0.6987229 0.7109767 0.1032135 0.6955998 0.7109767 0.1269439 0.6916627 0.7109767 0.1505257 0.6869164 0.7109767 0.1739314 0.6813662 0.7109767 0.1971336 0.6750188 0.7109767 0.2201051 0.6678816 0.7109767 0.2428191 0.6599629 0.7109767 0.2652489 0.6512719 0.7109767 0.2873684 0.6418189 0.7109767 0.3091516 0.6316149 0.7109767 0.3305731 0.6206718 0.7109767 -0.2178908 0.7862218 0.578255 -0.7874476 -0.2182305 -0.5764562 -0.3341928 -0.627468 -0.7032774 -0.3125367 -0.6385309 -0.7032774 -0.290515 -0.6488467 -0.7032774 -0.2681533 -0.6584032 -0.7032774 -0.2454779 -0.6671893 -0.7032774 -0.2225152 -0.6751947 -0.7032774 -0.1992921 -0.6824101 -0.7032774 -0.1758359 -0.688827 -0.7032774 -0.1521739 -0.6944379 -0.7032774 -0.1283339 -0.6992363 -0.7032774 -0.1043437 -0.7032164 -0.7032774 -0.08023136 -0.7063738 -0.7032774 -0.05602518 -0.7087045 -0.7032774 -0.03175345 -0.7102061 -0.7032774 0.5667009 -0.5886836 -0.5764562 0.5877672 0.5658187 -0.578255 0.03140952 0.7025137 -0.7109767 0.05541836 0.7010284 -0.7109767 0.07936236 0.6987229 -0.7109767 0.1032135 0.6955998 -0.7109767 0.1269439 0.6916627 -0.7109767 0.1505257 0.6869164 -0.7109767 0.1739314 0.6813662 -0.7109767 0.1971336 0.6750188 -0.7109767 0.2201051 0.6678816 -0.7109767 0.2428191 0.6599629 -0.7109767 0.2652489 0.6512719 -0.7109767 0.2873684 0.6418189 -0.7109767 0.3091516 0.6316149 -0.7109767 0.3305731 0.6206718 -0.7109767 -0.2178908 0.7862218 -0.578255 0 0 -1 0.7652638 1.026354e-16 -0.6437168 0.7652638 -9.952524e-17 0.6437168 0 0 1 0.6191114 0.4498108 -0.6437168 0.6191114 0.4498108 0.6437168 0.2364795 0.7278091 -0.6437168 0.2364795 0.7278091 0.6437168 -0.2364795 0.7278091 -0.6437168 -0.2364795 0.7278091 0.6437168 -0.6191114 0.4498108 -0.6437168 -0.6191114 0.4498108 0.6437168 -0.7652638 -9.952524e-17 -0.6437168 -0.7652638 9.952524e-17 0.6437168 -0.6191114 -0.4498108 -0.6437168 -0.6191114 -0.4498108 0.6437168 -0.2364795 -0.7278091 -0.6437168 -0.2364795 -0.7278091 0.6437168 0.2364795 -0.7278091 -0.6437168 0.2364795 -0.7278091 0.6437168 0.6191114 -0.4498108 -0.6437168 0.6191114 -0.4498108 0.6437168 0 0 -1 0.7652638 9.741478e-17 -0.6437168 0.7652638 -1.137431e-16 0.6437168 0 0 1 0.6191114 0.4498108 -0.6437168 0.6191114 0.4498108 0.6437168 0.2364795 0.7278091 -0.6437168 0.2364795 0.7278091 0.6437168 -0.2364795 0.7278091 -0.6437168 -0.2364795 0.7278091 0.6437168 -0.6191114 0.4498108 -0.6437168 -0.6191114 0.4498108 0.6437168 -0.7652638 -9.952524e-17 -0.6437168 -0.7652638 9.952524e-17 0.6437168 -0.6191114 -0.4498108 -0.6437168 -0.6191114 -0.4498108 0.6437168 -0.2364795 -0.7278091 -0.6437168 -0.2364795 -0.7278091 0.6437168 0.2364795 -0.7278091 -0.6437168 0.2364795 -0.7278091 0.6437168 0.6191114 -0.4498108 -0.6437168 0.6191114 -0.4498108 0.6437168 -0.5728343 -0.582717 0.5764562 0.02431458 -0.7104996 0.7032774 0.04860071 -0.7092524 0.7032774 0.07282997 -0.7071752 0.7032774 0.09697401 -0.7042705 0.7032774 0.1210046 -0.7005418 0.7032774 0.1448936 -0.6959934 0.7032774 0.168613 -0.6906306 0.7032774 0.1921352 -0.6844597 0.7032774 0.2154325 -0.6774879 0.7032774 0.2384777 -0.6697233 0.7032774 0.261244 -0.6611751 0.7032774 0.2837045 -0.6518533 0.7032774 0.305833 -0.6417687 0.7032774 0.3276037 -0.6309332 0.7032774 0.7851192 -0.2264646 0.5764562 0.226112 0.783897 0.578255 -0.3240554 0.6240995 0.7109767 -0.3025205 0.6348176 0.7109767 -0.2806316 0.644793 0.7109767 -0.2584144 0.6540138 0.7109767 -0.2358947 0.6624694 0.7109767 -0.2130991 0.6701499 0.7109767 -0.1900541 0.6770462 0.7109767 -0.1667867 0.6831502 0.7109767 -0.1433242 0.688455 0.7109767 -0.119694 0.6929541 0.7109767 -0.09592367 0.6966425 0.7109767 -0.07204113 0.6995156 0.7109767 -0.0480743 0.7015703 0.7109767 -0.02405122 0.7028041 0.7109767 -0.5818099 0.5719426 0.578255 -0.5728343 -0.582717 -0.5764562 0.02431458 -0.7104996 -0.7032774 0.04860071 -0.7092524 -0.7032774 0.07282997 -0.7071752 -0.7032774 0.09697401 -0.7042705 -0.7032774 0.1210046 -0.7005418 -0.7032774 0.1448936 -0.6959934 -0.7032774 0.168613 -0.6906306 -0.7032774 0.1921352 -0.6844597 -0.7032774 0.2154325 -0.6774879 -0.7032774 0.2384777 -0.6697233 -0.7032774 0.261244 -0.6611751 -0.7032774 0.2837045 -0.6518533 -0.7032774 0.305833 -0.6417687 -0.7032774 0.3276037 -0.6309332 -0.7032774 0.7851192 -0.2264646 -0.5764562 0.226112 0.783897 -0.578255 -0.3240554 0.6240995 -0.7109767 -0.3025205 0.6348176 -0.7109767 -0.2806316 0.644793 -0.7109767 -0.2584144 0.6540138 -0.7109767 -0.2358947 0.6624694 -0.7109767 -0.2130991 0.6701499 -0.7109767 -0.1900541 0.6770462 -0.7109767 -0.1667867 0.6831502 -0.7109767 -0.1433242 0.688455 -0.7109767 -0.119694 0.6929541 -0.7109767 -0.09592367 0.6966425 -0.7109767 -0.07204113 0.6995156 -0.7109767 -0.0480743 0.7015703 -0.7109767 -0.02405122 0.7028041 -0.7109767 -0.5818099 0.5719426 -0.578255 0 0 -1 0.7652638 9.919201e-17 -0.6437168 0.7652638 -9.952524e-17 0.6437168 0 0 1 0.6191114 0.4498108 -0.6437168 0.6191114 0.4498108 0.6437168 0.2364795 0.7278091 -0.6437168 0.2364795 0.7278091 0.6437168 -0.2364795 0.7278091 -0.6437168 -0.2364795 0.7278091 0.6437168 -0.6191114 0.4498108 -0.6437168 -0.6191114 0.4498108 0.6437168 -0.7652638 -9.952524e-17 -0.6437168 -0.7652638 1.137431e-16 0.6437168 -0.6191114 -0.4498108 -0.6437168 -0.6191114 -0.4498108 0.6437168 -0.2364795 -0.7278091 -0.6437168 -0.2364795 -0.7278091 0.6437168 0.2364795 -0.7278091 -0.6437168 0.2364795 -0.7278091 0.6437168 0.6191114 -0.4498108 -0.6437168 0.6191114 -0.4498108 0.6437168 0 0 -1 0.7652638 1.026354e-16 -0.6437168 0.7652638 -9.952524e-17 0.6437168 0 0 1 0.6191114 0.4498108 -0.6437168 0.6191114 0.4498108 0.6437168 0.2364795 0.7278091 -0.6437168 0.2364795 0.7278091 0.6437168 -0.2364795 0.7278091 -0.6437168 -0.2364795 0.7278091 0.6437168 -0.6191114 0.4498108 -0.6437168 -0.6191114 0.4498108 0.6437168 -0.7652638 -9.952524e-17 -0.6437168 -0.7652638 9.952524e-17 0.6437168 -0.6191114 -0.4498108 -0.6437168 -0.6191114 -0.4498108 0.6437168 -0.2364795 -0.7278091 -0.6437168 -0.2364795 -0.7278091 0.6437168 0.2364795 -0.7278091 -0.6437168 0.2364795 -0.7278091 0.6437168 0.6191114 -0.4498108 -0.6437168 0.6191114 -0.4498108 0.6437168 -0.2047306 -0.7910649 0.5764562 0.3763069 -0.6031535 0.7032774 0.3967156 -0.5899302 0.7032774 0.4166602 -0.5760167 0.7032774 0.4361172 -0.5614292 0.7032774 0.455064 -0.5461847 0.7032774 0.4734782 -0.5303012 0.7032774 0.4913384 -0.5137971 0.7032774 0.5086238 -0.4966919 0.7032774 0.5253139 -0.4790054 0.7032774 0.5413894 -0.4607585 0.7032774 0.5568315 -0.4419725 0.7032774 0.5716219 -0.4226693 0.7032774 0.5857435 -0.4028715 0.7032774 0.5991798 -0.3826023 0.7032774 0.7931654 0.1964355 0.5764562 -0.1961297 0.7919307 0.578255 -0.59269 0.3784583 0.7109767 -0.5793993 0.3985079 0.7109767 -0.5654306 0.4180913 0.7109767 -0.5508003 0.4371854 0.7109767 -0.5355256 0.455768 0.7109767 -0.5196242 0.4738173 0.7109767 -0.5031148 0.4913121 0.7109767 -0.4860167 0.5082321 0.7109767 -0.4683499 0.5245574 0.7109767 -0.4501351 0.5402689 0.7109767 -0.4313936 0.5553482 0.7109767 -0.4121473 0.5697778 0.7109767 -0.3924187 0.5835406 0.7109767 -0.372231 0.5966206 0.7109767 -0.7898335 0.2044119 0.578255 -0.2047306 -0.7910649 -0.5764562 0.3763069 -0.6031535 -0.7032774 0.3967156 -0.5899302 -0.7032774 0.4166602 -0.5760167 -0.7032774 0.4361172 -0.5614292 -0.7032774 0.455064 -0.5461847 -0.7032774 0.4734782 -0.5303012 -0.7032774 0.4913384 -0.5137971 -0.7032774 0.5086238 -0.4966919 -0.7032774 0.5253139 -0.4790054 -0.7032774 0.5413894 -0.4607585 -0.7032774 0.5568315 -0.4419725 -0.7032774 0.5716219 -0.4226693 -0.7032774 0.5857435 -0.4028715 -0.7032774 0.5991798 -0.3826023 -0.7032774 0.7931654 0.1964355 -0.5764562 -0.1961297 0.7919307 -0.578255 -0.59269 0.3784583 -0.7109767 -0.5793993 0.3985079 -0.7109767 -0.5654306 0.4180913 -0.7109767 -0.5508003 0.4371854 -0.7109767 -0.5355256 0.455768 -0.7109767 -0.5196242 0.4738173 -0.7109767 -0.5031148 0.4913121 -0.7109767 -0.4860167 0.5082321 -0.7109767 -0.4683499 0.5245574 -0.7109767 -0.4501351 0.5402689 -0.7109767 -0.4313936 0.5553482 -0.7109767 -0.4121473 0.5697778 -0.7109767 -0.3924187 0.5835406 -0.7109767 -0.372231 0.5966206 -0.7109767 -0.7898335 0.2044119 -0.578255 0 0 -1 0.7652638 1.027465e-16 -0.6437168 0.7652638 -9.952524e-17 0.6437168 0 0 1 0.6191114 0.4498108 -0.6437168 0.6191114 0.4498108 0.6437168 0.2364795 0.7278091 -0.6437168 0.2364795 0.7278091 0.6437168 -0.2364795 0.7278091 -0.6437168 -0.2364795 0.7278091 0.6437168 -0.6191114 0.4498108 -0.6437168 -0.6191114 0.4498108 0.6437168 -0.7652638 -9.952524e-17 -0.6437168 -0.7652638 9.952524e-17 0.6437168 -0.6191114 -0.4498108 -0.6437168 -0.6191114 -0.4498108 0.6437168 -0.2364795 -0.7278091 -0.6437168 -0.2364795 -0.7278091 0.6437168 0.2364795 -0.7278091 -0.6437168 0.2364795 -0.7278091 0.6437168 0.6191114 -0.4498108 -0.6437168 0.6191114 -0.4498108 0.6437168 0 0 -1 0.7652638 1.026354e-16 -0.6437168 0.7652638 -9.952524e-17 0.6437168 0 0 1 0.6191114 0.4498108 -0.6437168 0.6191114 0.4498108 0.6437168 0.2364795 0.7278091 -0.6437168 0.2364795 0.7278091 0.6437168 -0.2364795 0.7278091 -0.6437168 -0.2364795 0.7278091 0.6437168 -0.6191114 0.4498108 -0.6437168 -0.6191114 0.4498108 0.6437168 -0.7652638 -9.952524e-17 -0.6437168 -0.7652638 9.952524e-17 0.6437168 -0.6191114 -0.4498108 -0.6437168 -0.6191114 -0.4498108 0.6437168 -0.2364795 -0.7278091 -0.6437168 -0.2364795 -0.7278091 0.6437168 0.2364795 -0.7278091 -0.6437168 0.2364795 -0.7278091 0.6437168 0.6191114 -0.4498108 -0.6437168 0.6191114 -0.4498108 0.6437168 0.2182305 -0.7874476 0.5764562 0.627468 -0.3341928 0.7032774 0.6385309 -0.3125367 0.7032774 0.6488467 -0.290515 0.7032774 0.6584032 -0.2681533 0.7032774 0.6671893 -0.2454779 0.7032774 0.6751947 -0.2225152 0.7032774 0.6824101 -0.1992921 0.7032774 0.688827 -0.1758359 0.7032774 0.6944379 -0.1521739 0.7032774 0.6992363 -0.1283339 0.7032774 0.7032164 -0.1043437 0.7032774 0.7063738 -0.08023136 0.7032774 0.7087045 -0.05602518 0.7032774 0.7102061 -0.03175345 0.7032774 0.5886836 0.5667009 0.5764562 -0.5658187 0.5877672 0.578255 -0.7025137 0.03140952 0.7109767 -0.7010284 0.05541836 0.7109767 -0.6987229 0.07936236 0.7109767 -0.6955998 0.1032135 0.7109767 -0.6916627 0.1269439 0.7109767 -0.6869164 0.1505257 0.7109767 -0.6813662 0.1739314 0.7109767 -0.6750188 0.1971336 0.7109767 -0.6678816 0.2201051 0.7109767 -0.6599629 0.2428191 0.7109767 -0.6512719 0.2652489 0.7109767 -0.6418189 0.2873684 0.7109767 -0.6316149 0.3091516 0.7109767 -0.6206718 0.3305731 0.7109767 -0.7862218 -0.2178908 0.578255 0.2182305 -0.7874476 -0.5764562 0.627468 -0.3341928 -0.7032774 0.6385309 -0.3125367 -0.7032774 0.6488467 -0.290515 -0.7032774 0.6584032 -0.2681533 -0.7032774 0.6671893 -0.2454779 -0.7032774 0.6751947 -0.2225152 -0.7032774 0.6824101 -0.1992921 -0.7032774 0.688827 -0.1758359 -0.7032774 0.6944379 -0.1521739 -0.7032774 0.6992363 -0.1283339 -0.7032774 0.7032164 -0.1043437 -0.7032774 0.7063738 -0.08023136 -0.7032774 0.7087045 -0.05602518 -0.7032774 0.7102061 -0.03175345 -0.7032774 0.5886836 0.5667009 -0.5764562 -0.5658187 0.5877672 -0.578255 -0.7025137 0.03140952 -0.7109767 -0.7010284 0.05541836 -0.7109767 -0.6987229 0.07936236 -0.7109767 -0.6955998 0.1032135 -0.7109767 -0.6916627 0.1269439 -0.7109767 -0.6869164 0.1505257 -0.7109767 -0.6813662 0.1739314 -0.7109767 -0.6750188 0.1971336 -0.7109767 -0.6678816 0.2201051 -0.7109767 -0.6599629 0.2428191 -0.7109767 -0.6512719 0.2652489 -0.7109767 -0.6418189 0.2873684 -0.7109767 -0.6316149 0.3091516 -0.7109767 -0.6206718 0.3305731 -0.7109767 -0.7862218 -0.2178908 -0.578255 0 0 -1 0.7652638 1.026354e-16 -0.6437168 0.7652638 -9.952524e-17 0.6437168 0 0 1 0.6191114 0.4498108 -0.6437168 0.6191114 0.4498108 0.6437168 0.2364795 0.7278091 -0.6437168 0.2364795 0.7278091 0.6437168 -0.2364795 0.7278091 -0.6437168 -0.2364795 0.7278091 0.6437168 -0.6191114 0.4498108 -0.6437168 -0.6191114 0.4498108 0.6437168 -0.7652638 -9.952524e-17 -0.6437168 -0.7652638 9.952524e-17 0.6437168 -0.6191114 -0.4498108 -0.6437168 -0.6191114 -0.4498108 0.6437168 -0.2364795 -0.7278091 -0.6437168 -0.2364795 -0.7278091 0.6437168 0.2364795 -0.7278091 -0.6437168 0.2364795 -0.7278091 0.6437168 0.6191114 -0.4498108 -0.6437168 0.6191114 -0.4498108 0.6437168 0 0 -1 0.7652638 1.038573e-16 -0.6437168 0.7652638 -9.952524e-17 0.6437168 0 0 1 0.6191114 0.4498108 -0.6437168 0.6191114 0.4498108 0.6437168 0.2364795 0.7278091 -0.6437168 0.2364795 0.7278091 0.6437168 -0.2364795 0.7278091 -0.6437168 -0.2364795 0.7278091 0.6437168 -0.6191114 0.4498108 -0.6437168 -0.6191114 0.4498108 0.6437168 -0.7652638 -9.952524e-17 -0.6437168 -0.7652638 9.952524e-17 0.6437168 -0.6191114 -0.4498108 -0.6437168 -0.6191114 -0.4498108 0.6437168 -0.2364795 -0.7278091 -0.6437168 -0.2364795 -0.7278091 0.6437168 0.2364795 -0.7278091 -0.6437168 0.2364795 -0.7278091 0.6437168 0.6191114 -0.4498108 -0.6437168 0.6191114 -0.4498108 0.6437168 0.582717 -0.5728343 0.5764562 0.7104996 0.02431458 0.7032774 0.7092524 0.04860071 0.7032774 0.7071752 0.07282997 0.7032774 0.7042705 0.09697401 0.7032774 0.7005418 0.1210046 0.7032774 0.6959934 0.1448936 0.7032774 0.6906306 0.168613 0.7032774 0.6844597 0.1921352 0.7032774 0.6774879 0.2154325 0.7032774 0.6697233 0.2384777 0.7032774 0.6611751 0.261244 0.7032774 0.6518533 0.2837045 0.7032774 0.6417687 0.305833 0.7032774 0.6309332 0.3276037 0.7032774 0.2264646 0.7851192 0.5764562 -0.783897 0.226112 0.578255 -0.6240995 -0.3240554 0.7109767 -0.6348176 -0.3025205 0.7109767 -0.644793 -0.2806316 0.7109767 -0.6540138 -0.2584144 0.7109767 -0.6624694 -0.2358947 0.7109767 -0.6701499 -0.2130991 0.7109767 -0.6770462 -0.1900541 0.7109767 -0.6831502 -0.1667867 0.7109767 -0.688455 -0.1433242 0.7109767 -0.6929541 -0.119694 0.7109767 -0.6966425 -0.09592367 0.7109767 -0.6995156 -0.07204113 0.7109767 -0.7015703 -0.0480743 0.7109767 -0.7028041 -0.02405122 0.7109767 -0.5719426 -0.5818099 0.578255 0.582717 -0.5728343 -0.5764562 0.7104996 0.02431458 -0.7032774 0.7092524 0.04860071 -0.7032774 0.7071752 0.07282997 -0.7032774 0.7042705 0.09697401 -0.7032774 0.7005418 0.1210046 -0.7032774 0.6959934 0.1448936 -0.7032774 0.6906306 0.168613 -0.7032774 0.6844597 0.1921352 -0.7032774 0.6774879 0.2154325 -0.7032774 0.6697233 0.2384777 -0.7032774 0.6611751 0.261244 -0.7032774 0.6518533 0.2837045 -0.7032774 0.6417687 0.305833 -0.7032774 0.6309332 0.3276037 -0.7032774 0.2264646 0.7851192 -0.5764562 -0.783897 0.226112 -0.578255 -0.6240995 -0.3240554 -0.7109767 -0.6348176 -0.3025205 -0.7109767 -0.644793 -0.2806316 -0.7109767 -0.6540138 -0.2584144 -0.7109767 -0.6624694 -0.2358947 -0.7109767 -0.6701499 -0.2130991 -0.7109767 -0.6770462 -0.1900541 -0.7109767 -0.6831502 -0.1667867 -0.7109767 -0.688455 -0.1433242 -0.7109767 -0.6929541 -0.119694 -0.7109767 -0.6966425 -0.09592367 -0.7109767 -0.6995156 -0.07204113 -0.7109767 -0.7015703 -0.0480743 -0.7109767 -0.7028041 -0.02405122 -0.7109767 -0.5719426 -0.5818099 -0.578255 0 0 -1 0.7652638 1.038573e-16 -0.6437168 0.7652638 -9.952524e-17 0.6437168 0 0 1 0.6191114 0.4498108 -0.6437168 0.6191114 0.4498108 0.6437168 0.2364795 0.7278091 -0.6437168 0.2364795 0.7278091 0.6437168 -0.2364795 0.7278091 -0.6437168 -0.2364795 0.7278091 0.6437168 -0.6191114 0.4498108 -0.6437168 -0.6191114 0.4498108 0.6437168 -0.7652638 -9.952524e-17 -0.6437168 -0.7652638 9.952524e-17 0.6437168 -0.6191114 -0.4498108 -0.6437168 -0.6191114 -0.4498108 0.6437168 -0.2364795 -0.7278091 -0.6437168 -0.2364795 -0.7278091 0.6437168 0.2364795 -0.7278091 -0.6437168 0.2364795 -0.7278091 0.6437168 0.6191114 -0.4498108 -0.6437168 0.6191114 -0.4498108 0.6437168 0 0 -1 0.7652638 1.026354e-16 -0.6437168 0.7652638 -9.952524e-17 0.6437168 0 0 1 0.6191114 0.4498108 -0.6437168 0.6191114 0.4498108 0.6437168 0.2364795 0.7278091 -0.6437168 0.2364795 0.7278091 0.6437168 -0.2364795 0.7278091 -0.6437168 -0.2364795 0.7278091 0.6437168 -0.6191114 0.4498108 -0.6437168 -0.6191114 0.4498108 0.6437168 -0.7652638 -9.952524e-17 -0.6437168 -0.7652638 9.952524e-17 0.6437168 -0.6191114 -0.4498108 -0.6437168 -0.6191114 -0.4498108 0.6437168 -0.2364795 -0.7278091 -0.6437168 -0.2364795 -0.7278091 0.6437168 0.2364795 -0.7278091 -0.6437168 0.2364795 -0.7278091 0.6437168 0.6191114 -0.4498108 -0.6437168 0.6191114 -0.4498108 0.6437168 0.7910649 -0.2047306 0.5764562 0.6031535 0.3763069 0.7032774 0.5899302 0.3967156 0.7032774 0.5760167 0.4166602 0.7032774 0.5614292 0.4361172 0.7032774 0.5461847 0.455064 0.7032774 0.5303012 0.4734782 0.7032774 0.5137971 0.4913384 0.7032774 0.4966919 0.5086238 0.7032774 0.4790054 0.5253139 0.7032774 0.4607585 0.5413894 0.7032774 0.4419725 0.5568315 0.7032774 0.4226693 0.5716219 0.7032774 0.4028715 0.5857435 0.7032774 0.3826023 0.5991798 0.7032774 -0.1964355 0.7931654 0.5764562 -0.7919307 -0.1961297 0.578255 -0.3784583 -0.59269 0.7109767 -0.3985079 -0.5793993 0.7109767 -0.4180913 -0.5654306 0.7109767 -0.4371854 -0.5508003 0.7109767 -0.455768 -0.5355256 0.7109767 -0.4738173 -0.5196242 0.7109767 -0.4913121 -0.5031148 0.7109767 -0.5082321 -0.4860167 0.7109767 -0.5245574 -0.4683499 0.7109767 -0.5402689 -0.4501351 0.7109767 -0.5553482 -0.4313936 0.7109767 -0.5697778 -0.4121473 0.7109767 -0.5835406 -0.3924187 0.7109767 -0.5966206 -0.372231 0.7109767 -0.2044119 -0.7898335 0.578255 0.7910649 -0.2047306 -0.5764562 0.6031535 0.3763069 -0.7032774 0.5899302 0.3967156 -0.7032774 0.5760167 0.4166602 -0.7032774 0.5614292 0.4361172 -0.7032774 0.5461847 0.455064 -0.7032774 0.5303012 0.4734782 -0.7032774 0.5137971 0.4913384 -0.7032774 0.4966919 0.5086238 -0.7032774 0.4790054 0.5253139 -0.7032774 0.4607585 0.5413894 -0.7032774 0.4419725 0.5568315 -0.7032774 0.4226693 0.5716219 -0.7032774 0.4028715 0.5857435 -0.7032774 0.3826023 0.5991798 -0.7032774 -0.1964355 0.7931654 -0.5764562 -0.7919307 -0.1961297 -0.578255 -0.3784583 -0.59269 -0.7109767 -0.3985079 -0.5793993 -0.7109767 -0.4180913 -0.5654306 -0.7109767 -0.4371854 -0.5508003 -0.7109767 -0.455768 -0.5355256 -0.7109767 -0.4738173 -0.5196242 -0.7109767 -0.4913121 -0.5031148 -0.7109767 -0.5082321 -0.4860167 -0.7109767 -0.5245574 -0.4683499 -0.7109767 -0.5402689 -0.4501351 -0.7109767 -0.5553482 -0.4313936 -0.7109767 -0.5697778 -0.4121473 -0.7109767 -0.5835406 -0.3924187 -0.7109767 -0.5966206 -0.372231 -0.7109767 -0.2044119 -0.7898335 -0.578255 0 0 -1 0.7652638 1.026354e-16 -0.6437168 0.7652638 -9.952524e-17 0.6437168 0 0 1 0.6191114 0.4498108 -0.6437168 0.6191114 0.4498108 0.6437168 0.2364795 0.7278091 -0.6437168 0.2364795 0.7278091 0.6437168 -0.2364795 0.7278091 -0.6437168 -0.2364795 0.7278091 0.6437168 -0.6191114 0.4498108 -0.6437168 -0.6191114 0.4498108 0.6437168 -0.7652638 -9.952524e-17 -0.6437168 -0.7652638 9.952524e-17 0.6437168 -0.6191114 -0.4498108 -0.6437168 -0.6191114 -0.4498108 0.6437168 -0.2364795 -0.7278091 -0.6437168 -0.2364795 -0.7278091 0.6437168 0.2364795 -0.7278091 -0.6437168 0.2364795 -0.7278091 0.6437168 0.6191114 -0.4498108 -0.6437168 0.6191114 -0.4498108 0.6437168 0 0 -1 0.7652638 1.027465e-16 -0.6437168 0.7652638 -9.952524e-17 0.6437168 0 0 1 0.6191114 0.4498108 -0.6437168 0.6191114 0.4498108 0.6437168 0.2364795 0.7278091 -0.6437168 0.2364795 0.7278091 0.6437168 -0.2364795 0.7278091 -0.6437168 -0.2364795 0.7278091 0.6437168 -0.6191114 0.4498108 -0.6437168 -0.6191114 0.4498108 0.6437168 -0.7652638 -9.952524e-17 -0.6437168 -0.7652638 9.952524e-17 0.6437168 -0.6191114 -0.4498108 -0.6437168 -0.6191114 -0.4498108 0.6437168 -0.2364795 -0.7278091 -0.6437168 -0.2364795 -0.7278091 0.6437168 0.2364795 -0.7278091 -0.6437168 0.2364795 -0.7278091 0.6437168 0.6191114 -0.4498108 -0.6437168 0.6191114 -0.4498108 0.6437168 -0.9389862 -0.0153655 -0.3436114 -0.3414878 -0.007807254 -0.9398538 0.8673946 0.0119748 -0.4974769 0.9389862 0.0153655 0.3436114 -0.398619 0.4415508 -0.8038257 0.8102634 0.4613328 -0.3614488 -0.5343673 0.7184734 -0.44525 0.6745151 0.7382555 -0.002873143 -0.6968814 0.7171856 -0.001090432 0.512001 0.7369676 0.4412865 -0.8240865 0.4381792 0.3589992 0.3847959 0.4579612 0.8013761 -0.8673946 -0.0119748 0.4974769 0.3414878 0.007807254 0.9398538 -0.8102634 -0.4613328 0.3614488 0.398619 -0.4415508 0.8038257 -0.6745151 -0.7382555 0.002873143 0.5343673 -0.7184734 0.44525 -0.512001 -0.7369676 -0.4412865 0.6968814 -0.7171856 0.001090432 -0.3847959 -0.4579612 -0.8013761 0.8240865 -0.4381792 -0.3589992 -0.9379807 -0.04608004 -0.3436114 -0.3408405 -0.02341016 -0.9398296 0.8667473 0.03591483 -0.4974527 0.9379807 0.04608004 0.3436114 -0.4117875 0.4247137 -0.8062564 0.7958004 0.4840387 -0.3638795 -0.5560743 0.6992813 -0.4492071 0.6515135 0.7586063 -0.006830207 -0.7185885 0.6954171 -0.005062438 0.4889994 0.7547421 0.4373145 -0.837255 0.4145972 0.3565294 0.3703329 0.4739222 0.7989063 -0.8667473 -0.03591483 0.4974527 0.3408405 0.02341016 0.9398296 -0.7958004 -0.4840387 0.3638795 0.4117875 -0.4247137 0.8062564 -0.6515135 -0.7586063 0.006830207 0.5560743 -0.6992813 0.4492071 -0.4889994 -0.7547421 -0.4373145 0.7185885 -0.6954171 0.005062438 -0.3703329 -0.4739222 -0.7989063 0.837255 -0.4145972 -0.3565294 -0.9359708 -0.07674523 -0.3436114 -0.3395467 -0.03897827 -0.9397812 0.8654535 0.05982612 -0.4974043 0.9359708 0.07674523 0.3436114 -0.4242872 0.4074733 -0.8086692 0.7807131 0.5062776 -0.3662923 -0.5770989 0.6794139 -0.4531596 0.6279013 0.7782183 -0.01078267 -0.7396131 0.6729715 -0.009044817 0.4653872 0.7717759 0.4333321 -0.8497547 0.390607 0.3540383 0.3552455 0.4894114 0.7964152 -0.8654535 -0.05982612 0.4974043 0.3395467 0.03897827 0.9397812 -0.7807131 -0.5062776 0.3662923 0.4242872 -0.4074733 0.8086692 -0.6279013 -0.7782183 0.01078267 0.5770989 -0.6794139 0.4531596 -0.4653872 -0.7717759 -0.4333321 0.7396131 -0.6729715 0.009044817 -0.3552455 -0.4894114 -0.7964152 0.8497547 -0.390607 -0.3540383 -0.9329586 -0.1073283 -0.3436114 -0.3376077 -0.05448841 -0.9397085 0.8635145 0.08368958 -0.4973316 0.9329586 0.1073283 0.3436114 -0.4361048 0.3898533 -0.8110654 0.7650175 0.5280313 -0.3686885 -0.5974186 0.6588946 -0.4571093 0.6037037 0.7970726 -0.01473243 -0.7599327 0.649871 -0.01303953 0.4411896 0.788049 0.4293374 -0.8615723 0.366229 0.3515245 0.33955 0.504407 0.7939014 -0.8635145 -0.08368958 0.4973316 0.3376077 0.05448841 0.9397085 -0.7650175 -0.5280313 0.3686885 0.4361048 -0.3898533 0.8110654 -0.6037037 -0.7970726 0.01473243 0.5974186 -0.6588946 0.4571093 -0.4411896 -0.788049 -0.4293374 0.7599327 -0.649871 0.01303953 -0.33955 -0.504407 -0.7939014 0.8615723 -0.366229 -0.3515245 -0.9289474 -0.1377963 -0.3436114 -0.3350257 -0.06991747 -0.9396113 0.8609325 0.1074862 -0.4972344 0.9289474 0.1377963 0.3436114 -0.4472276 0.3718781 -0.8134459 0.7487306 0.5492817 -0.371069 -0.6170114 0.6377477 -0.4610583 0.5789467 0.8151514 -0.01868139 -0.7795256 0.6261384 -0.01704856 0.4164326 0.803542 0.4253283 -0.8726951 0.3414843 0.3489867 0.323263 0.518888 0.7913636 -0.8609325 -0.1074862 0.4972344 0.3350257 0.06991747 0.9396113 -0.7487306 -0.5492817 0.371069 0.4472276 -0.3718781 0.8134459 -0.5789467 -0.8151514 0.01868139 0.6170114 -0.6377477 0.4610583 -0.4164326 -0.803542 -0.4253283 0.7795256 -0.6261384 0.01704856 -0.323263 -0.518888 -0.7913636 0.8726951 -0.3414843 -0.3489867 -0.9239415 -0.1681169 -0.3436114 -0.3318033 -0.08524239 -0.9394894 0.8577101 0.1311969 -0.4971125 0.9239415 0.1681169 0.3436114 -0.4576437 0.3535723 -0.8158118 0.7318696 0.5700116 -0.3734349 -0.6358566 0.6159981 -0.4650083 0.5536567 0.8324374 -0.02263142 -0.7983707 0.6017974 -0.02107392 0.3911426 0.8182367 0.421303 -0.8831112 0.3163943 0.3464235 0.3064021 0.5328336 0.7888004 -0.8577101 -0.1311969 0.4971125 0.3318033 0.08524239 0.9394894 -0.7318696 -0.5700116 0.3734349 0.4576437 -0.3535723 0.8158118 -0.5536567 -0.8324374 0.02263142 0.6358566 -0.6159981 0.4650083 -0.3911426 -0.8182367 -0.421303 0.7983707 -0.6017974 0.02107392 -0.3064021 -0.5328336 -0.7888004 0.8831112 -0.3163943 -0.3464235 -0.9179462 -0.1982574 -0.3436114 -0.327944 -0.1004402 -0.9393426 0.8538508 0.154803 -0.4969657 0.9179462 0.1982574 0.3436114 -0.4673419 0.3349611 -0.8181642 0.7144528 0.5902043 -0.3757873 -0.6539338 0.5936715 -0.4689613 0.5278609 0.8489147 -0.02658443 -0.816448 0.5768725 -0.02511765 0.3653468 0.8321157 0.4172592 -0.8928094 0.2909806 0.3438336 0.2889853 0.5462238 0.7862105 -0.8538508 -0.154803 0.4969657 0.327944 0.1004402 0.9393426 -0.7144528 -0.5902043 0.3757873 0.4673419 -0.3349611 0.8181642 -0.5278609 -0.8489147 0.02658443 0.6539338 -0.5936715 0.4689613 -0.3653468 -0.8321157 -0.4172592 0.816448 -0.5768725 0.02511765 -0.2889853 -0.5462238 -0.7862105 0.8928094 -0.2909806 -0.3438336 -0.9109679 -0.2281856 -0.3436114 -0.3234519 -0.1154881 -0.9391706 0.8493587 0.1782857 -0.4967937 0.9109679 0.2281856 0.3436114 -0.4763119 0.31607 -0.820504 0.6964988 0.6098437 -0.3781271 -0.6712238 0.5707942 -0.4729192 0.5015869 0.864568 -0.0305423 -0.833738 0.5513887 -0.02918184 0.3390727 0.8451624 0.4131951 -0.9017794 0.2652656 0.3412155 0.2710312 0.5590394 0.7835924 -0.8493587 -0.1782857 0.4967937 0.3234519 0.1154881 0.9391706 -0.6964988 -0.6098437 0.3781271 0.4763119 -0.31607 0.820504 -0.5015869 -0.864568 0.0305423 0.6712238 -0.5707942 0.4729192 -0.3390727 -0.8451624 -0.4131951 0.833738 -0.5513887 0.02918184 -0.2710312 -0.5590394 -0.7835924 0.9017794 -0.2652656 -0.3412155 -0.9030141 -0.2578694 -0.3436114 -0.318332 -0.1303632 -0.9389729 0.8442388 0.2016266 -0.4965961 0.9030141 0.2578694 0.3436114 -0.4845441 0.2969249 -0.8228321 0.6780267 0.6289147 -0.3804552 -0.687708 0.5473934 -0.4768838 0.4748627 0.8793831 -0.03450693 -0.8502222 0.5253717 -0.03326861 0.3123486 0.8573615 0.4091083 -0.9100116 0.2392716 0.3385676 0.2525591 0.5712614 0.7809445 -0.8442388 -0.2016266 0.4965961 0.318332 0.1303632 0.9389729 -0.6780267 -0.6289147 0.3804552 0.4845441 -0.2969249 0.8228321 -0.4748627 -0.8793831 0.03450693 0.687708 -0.5473934 0.4768838 -0.3123486 -0.8573615 -0.4091083 0.8502222 -0.5253717 0.03326861 -0.2525591 -0.5712614 -0.7809445 0.9100116 -0.2392716 -0.3385676 -0.8940934 -0.2872772 -0.3436114 -0.3125895 -0.145043 -0.9387493 0.8384963 0.2248073 -0.4963724 0.8940934 0.2872772 0.3436114 -0.4920295 0.2775521 -0.8251495 0.6590563 0.6474024 -0.3827726 -0.7033688 0.5234966 -0.4808571 0.4477171 0.8933469 -0.03848023 -0.8658829 0.4988481 -0.03738011 0.2852029 0.8686984 0.4049968 -0.9174971 0.2130215 0.3358884 0.2335888 0.5828717 0.7782653 -0.8384963 -0.2248073 0.4963724 0.3125895 0.145043 0.9387493 -0.6590563 -0.6474024 0.3827726 0.4920295 -0.2775521 0.8251495 -0.4477171 -0.8933469 0.03848023 0.7033688 -0.5234966 0.4808571 -0.2852029 -0.8686984 -0.4049968 0.8658829 -0.4988481 0.03738011 -0.2335888 -0.5828717 -0.7782653 0.9174971 -0.2130215 -0.3358884 -0.8842152 -0.3163773 -0.3436114 -0.3062308 -0.159505 -0.9384992 0.8321376 0.2478097 -0.4961224 0.8842152 0.3163773 0.3436114 -0.4987603 0.2579782 -0.8274572 0.6396081 0.665293 -0.3850803 -0.7181894 0.4991324 -0.484841 0.420179 0.9064471 -0.04246413 -0.8807035 0.4718448 -0.04151857 0.2576649 0.8791595 0.4008583 -0.9242279 0.1865383 0.3331761 0.2141405 0.593853 0.775553 -0.8321376 -0.2478097 0.4961224 0.3062308 0.159505 0.9384992 -0.6396081 -0.665293 0.3850803 0.4987603 -0.2579782 0.8274572 -0.420179 -0.9064471 0.04246413 0.7181894 -0.4991324 0.484841 -0.2576649 -0.8791595 -0.4008583 0.8807035 -0.4718448 0.04151857 -0.2141405 -0.593853 -0.775553 0.9242279 -0.1865383 -0.3331761 -0.8733903 -0.3451386 -0.3436114 -0.2992626 -0.1737271 -0.9382222 0.8251694 0.270616 -0.4958453 0.8733903 0.3451386 0.3436114 -0.5047293 0.2382302 -0.8297558 0.6197027 0.6825732 -0.3873789 -0.7321539 0.4743296 -0.4888375 0.392278 0.9186726 -0.04646057 -0.8946681 0.4443893 -0.04568626 0.2297639 0.8887323 0.3966906 -0.9301968 0.1598454 0.3304291 0.1942351 0.6041884 0.772806 -0.8251694 -0.270616 0.4958453 0.2992626 0.1737271 0.9382222 -0.6197027 -0.6825732 0.3873789 0.5047293 -0.2382302 0.8297558 -0.392278 -0.9186726 0.04646057 0.7321539 -0.4743296 0.4888375 -0.2297639 -0.8887323 -0.3966906 0.8946681 -0.4443893 0.04568626 -0.1942351 -0.6041884 -0.772806 0.9301968 -0.1598454 -0.3304291 -0.86163 -0.3735303 -0.3436114 -0.2916923 -0.187687 -0.9379175 0.8175991 0.2932085 -0.4955406 0.86163 0.3735303 0.3436114 -0.5099299 0.2183351 -0.8320464 0.5993615 0.6992306 -0.3896695 -0.7452474 0.4491177 -0.4928484 0.364044 0.9300132 -0.0504715 -0.9077616 0.4165098 -0.04988549 0.2015299 0.8974053 0.3924914 -0.9353974 0.1329664 0.3276455 0.173894 0.6138619 0.7700224 -0.8175991 -0.2932085 0.4955406 0.2916923 0.187687 0.9379175 -0.5993615 -0.6992306 0.3896695 0.5099299 -0.2183351 0.8320464 -0.364044 -0.9300132 0.0504715 0.7452474 -0.4491177 0.4928484 -0.2015299 -0.8974053 -0.3924914 0.9077616 -0.4165098 0.04988549 -0.173894 -0.6138619 -0.7700224 0.9353974 -0.1329664 -0.3276455 -0.8489471 -0.4015221 -0.3436114 -0.2835281 -0.2013629 -0.9375846 0.8094349 0.3155701 -0.4952077 0.8489471 0.4015221 0.3436114 -0.5143567 0.1983206 -0.8343297 0.5786063 0.7152536 -0.3919529 -0.7574559 0.4235269 -0.4968758 0.3355071 0.9404599 -0.05449891 -0.91997 0.3882349 -0.05411865 0.172993 0.9051679 0.3882582 -0.9398242 0.105925 0.3248235 0.1531388 0.622858 0.7672004 -0.8094349 -0.3155701 0.4952077 0.2835281 0.2013629 0.9375846 -0.5786063 -0.7152536 0.3919529 0.5143567 -0.1983206 0.8343297 -0.3355071 -0.9404599 0.05449891 0.7574559 -0.4235269 0.4968758 -0.172993 -0.9051679 -0.3882582 0.91997 -0.3882349 0.05411865 -0.1531388 -0.622858 -0.7672004 0.9398242 -0.105925 -0.3248235 -0.8353551 -0.4290839 -0.3436114 -0.2747787 -0.2147332 -0.9372227 0.8006855 0.3376838 -0.4948458 0.8353551 0.4290839 0.3436114 -0.5180049 0.1782143 -0.8366066 0.5574593 0.7306313 -0.3942297 -0.7687662 0.3975877 -0.5009217 0.306698 0.9500046 -0.0585448 -0.9312804 0.3595938 -0.05838822 0.1441839 0.9120108 0.3839887 -0.9434724 0.0787451 0.3219611 0.1319918 0.6311621 0.764338 -0.8006855 -0.3376838 0.4948458 0.2747787 0.2147332 0.9372227 -0.5574593 -0.7306313 0.3942297 0.5180049 -0.1782143 0.8366066 -0.306698 -0.9500046 0.0585448 0.7687662 -0.3975877 0.5009217 -0.1441839 -0.9120108 -0.3839887 0.9312804 -0.3595938 0.05838822 -0.1319918 -0.6311621 -0.764338 0.9434724 -0.0787451 -0.3219611 -0.8208687 -0.4561862 -0.3436114 -0.2654535 -0.2277764 -0.936831 0.7913603 0.359533 -0.4944541 0.8208687 0.4561862 0.3436114 -0.5208706 0.1580442 -0.8388777 0.5359432 0.7453536 -0.3965008 -0.7791663 0.3713311 -0.5049881 0.2776475 0.9586405 -0.06261124 -0.9416805 0.3306161 -0.06269671 0.1151334 0.9179255 0.3796802 -0.9463382 0.05145085 0.3190563 0.1104757 0.6387603 0.7614331 -0.7913603 -0.359533 0.4944541 0.2654535 0.2277764 0.936831 -0.5359432 -0.7453536 0.3965008 0.5208706 -0.1580442 0.8388777 -0.2776475 -0.9586405 0.06261124 0.7791663 -0.3713311 0.5049881 -0.1151334 -0.9179255 -0.3796802 0.9416805 -0.3306161 0.06269671 -0.1104757 -0.6387603 -0.7614331 0.9463382 -0.05145085 -0.3190563 -0.8055032 -0.4828 -0.3436114 -0.2555625 -0.2404715 -0.9364087 0.7814693 0.3811014 -0.4940318 0.8055032 0.4828 0.3436114 -0.5229508 0.1378384 -0.8411439 0.514081 0.7594113 -0.398767 -0.7886451 0.3447888 -0.5090772 0.2483867 0.9663618 -0.06670028 -0.9511592 0.3013318 -0.06704674 0.08587258 0.9229048 0.3753302 -0.9484183 0.02406639 0.3161068 0.08861349 0.6456393 0.7584837 -0.7814693 -0.3811014 0.4940318 0.2555625 0.2404715 0.9364087 -0.514081 -0.7594113 0.398767 0.5229508 -0.1378384 0.8411439 -0.2483867 -0.9663618 0.06670028 0.7886451 -0.3447888 0.5090772 -0.08587258 -0.9229048 -0.3753302 0.9511592 -0.3013318 0.06704674 -0.08861349 -0.6456393 -0.7584837 0.9484183 -0.02406639 -0.3161068 -0.7892751 -0.5088968 -0.3436114 -0.2451162 -0.2527975 -0.9359548 0.771023 0.4023734 -0.4935779 0.7892751 0.5088968 0.3436114 -0.5242432 0.1176253 -0.8434058 0.4918961 0.7727962 -0.4010289 -0.7971923 0.3179928 -0.5131909 0.2189469 0.9731637 -0.07081404 -0.9597065 0.2717714 -0.07144102 0.0564328 0.9269422 0.3709359 -0.9497107 -0.003384036 0.3131105 0.06642859 0.6517868 0.7554874 -0.771023 -0.4023734 0.4935779 0.2451162 0.2527975 0.9359548 -0.4918961 -0.7727962 0.4010289 0.5242432 -0.1176253 0.8434058 -0.2189469 -0.9731637 0.07081404 0.7971923 -0.3179928 0.5131909 -0.0564328 -0.9269422 -0.3709359 0.9597065 -0.2717714 0.07144102 -0.06642859 -0.6517868 -0.7554874 0.9497107 0.003384036 -0.3131105 -0.7722019 -0.5344487 -0.3436114 -0.2341259 -0.2647339 -0.9354683 0.7600327 0.4233333 -0.4930914 0.7722019 0.5344487 0.3436114 -0.5247463 0.09743352 -0.8456642 0.4694123 0.7855008 -0.4032873 -0.8047989 0.2909755 -0.5173316 0.1893597 0.9790427 -0.07495469 -0.967313 0.2419656 -0.07588233 0.02684558 0.9300328 0.3664946 -0.9502139 -0.03087611 0.3100649 0.04394475 0.6571911 0.7524418 -0.7600327 -0.4233333 0.4930914 0.2341259 0.2647339 0.9354683 -0.4694123 -0.7855008 0.4032873 0.5247463 -0.09743352 0.8456642 -0.1893597 -0.9790427 0.07495469 0.8047989 -0.2909755 0.5173316 -0.02684558 -0.9300328 -0.3664946 0.967313 -0.2419656 0.07588233 -0.04394475 -0.6571911 -0.7524418 0.9502139 0.03087611 -0.3100649 -0.7543018 -0.5594283 -0.3436114 -0.2226033 -0.2762603 -0.9349481 0.7485101 0.4439665 -0.4925712 0.7543018 0.5594283 0.3436114 -0.5244598 0.07729159 -0.8479197 0.4466536 0.7975184 -0.4055429 -0.8114567 0.2637697 -0.5215013 0.1596567 0.9839965 -0.07912442 -0.9739708 0.2119456 -0.08037358 -0.002857394 0.9321724 0.3620033 -0.9499274 -0.05838551 0.3069677 0.02118606 0.6618413 0.7493446 -0.7485101 -0.4439665 0.4925712 0.2226033 0.2762603 0.9349481 -0.4466536 -0.7975184 0.4055429 0.5244598 -0.07729159 0.8479197 -0.1596567 -0.9839965 0.07912442 0.8114567 -0.2637697 0.5215013 0.002857394 -0.9321724 -0.3620033 0.9739708 -0.2119456 0.08037358 -0.02118606 -0.6618413 -0.7493446 0.9499274 0.05838551 -0.3069677 -0.7355939 -0.5838089 -0.3436114 -0.2105608 -0.2873568 -0.934393 0.7364675 0.4642583 -0.4920161 0.7355939 0.5838089 0.3436114 -0.5233839 0.05722833 -0.850173 0.4236444 0.8088434 -0.4077962 -0.8171585 0.2364085 -0.5257024 0.1298698 0.9880236 -0.08332549 -0.9796726 0.181743 -0.08491776 -0.03264432 0.9333581 0.3574591 -0.9488514 -0.08588793 0.3038161 -0.001823124 0.6657272 0.746193 -0.7364675 -0.4642583 0.4920161 0.2105608 0.2873568 0.934393 -0.4236444 -0.8088434 0.4077962 0.5233839 -0.05722833 0.850173 -0.1298698 -0.9880236 0.08332549 0.8171585 -0.2364085 0.5257024 0.03264432 -0.9333581 -0.3574591 0.9796726 -0.181743 0.08491776 0.001823124 -0.6657272 -0.746193 0.9488514 0.08588793 -0.3038161 -0.7160984 -0.6075642 -0.3436114 -0.1980112 -0.2980038 -0.9338015 0.7239179 0.4841948 -0.4914247 0.7160984 0.6075642 0.3436114 -0.5215197 0.03727265 -0.8524247 0.4004094 0.8194712 -0.4100478 -0.8218983 0.2089255 -0.5299371 0.1000308 0.9911241 -0.08756022 -0.9844124 0.1513893 -0.08951799 -0.06248331 0.9335879 0.3528589 -0.9469873 -0.1133591 0.3006075 -0.02505815 0.6688395 0.7429844 -0.7239179 -0.4841948 0.4914247 0.1980112 0.2980038 0.9338015 -0.4004094 -0.8194712 0.4100478 0.5215197 -0.03727265 0.8524247 -0.1000308 -0.9911241 0.08756022 0.8218983 -0.2089255 0.5299371 0.06248331 -0.9335879 -0.3528589 0.9844124 -0.1513893 0.08951799 0.02505815 -0.6688395 -0.7429844 0.9469873 0.1133591 -0.3006075 -0.695836 -0.630669 -0.3436114 -0.1849679 -0.3081818 -0.9331725 0.7108747 0.5037627 -0.4907956 0.695836 0.630669 0.3436114 -0.5188693 0.01745352 -0.8546754 0.3769734 0.829398 -0.4122985 -0.8256709 0.1813546 -0.5342078 0.07017173 0.9932991 -0.09183095 -0.9881851 0.1209168 -0.09417752 -0.0923424 0.9328612 0.3481994 -0.9443368 -0.1407747 0.2973389 -0.04849415 0.6711697 0.7397158 -0.7108747 -0.5037627 0.4907956 0.1849679 0.3081818 0.9331725 -0.3769734 -0.829398 0.4122985 0.5188693 -0.01745352 0.8546754 -0.07017173 -0.9932991 0.09183095 0.8256709 -0.1813546 0.5342078 0.0923424 -0.9328612 -0.3481994 0.9881851 -0.1209168 0.09417752 0.04849415 -0.6711697 -0.7397158 0.9443368 0.1407747 -0.2973389 -0.6748286 -0.6530985 -0.3436114 -0.1714451 -0.3178719 -0.9325042 0.6973519 0.522949 -0.4901273 0.6748286 0.6530985 0.3436114 -0.5154354 -0.002199985 -0.8569256 0.3533615 0.8386209 -0.4145487 -0.8284724 0.1537298 -0.538517 0.04032451 0.9945507 -0.09614014 -0.9909866 0.09035747 -0.09889974 -0.1221896 0.9311784 0.3434772 -0.940903 -0.1681108 0.2940074 -0.07210602 0.6727101 0.7363843 -0.6973519 -0.522949 0.4901273 0.1714451 0.3178719 0.9325042 -0.3533615 -0.8386209 0.4145487 0.5154354 0.002199985 0.8569256 -0.04032451 -0.9945507 0.09614014 0.8284724 -0.1537298 0.538517 0.1221896 -0.9311784 -0.3434772 0.9909866 -0.09035747 0.09889974 0.07210602 -0.6727101 -0.7363843 0.940903 0.1681108 -0.2940074 -0.6530985 -0.6748286 -0.3436114 -0.1574571 -0.3270555 -0.931795 0.6833638 0.5417414 -0.4894181 0.6530985 0.6748286 0.3436114 -0.5112218 -0.02165876 -0.8591758 0.329599 0.8471382 -0.4167989 -0.8302998 0.1260855 -0.5428672 0.01052113 0.9948824 -0.1004903 -0.9928139 0.05974388 -0.1036881 -0.151993 0.9285408 0.3386887 -0.9366894 -0.1953433 0.2906097 -0.09586848 0.6734537 0.7329866 -0.6833638 -0.5417414 0.4894181 0.1574571 0.3270555 0.931795 -0.329599 -0.8471382 0.4167989 0.5112218 0.02165876 0.8591758 -0.01052113 -0.9948824 0.1004903 0.8302998 -0.1260855 0.5428672 0.151993 -0.9285408 -0.3386887 0.9928139 -0.05974388 0.1036881 0.09586848 -0.6734537 -0.7329866 0.9366894 0.1953433 -0.2906097 -0.630669 -0.695836 -0.3436114 -0.1430188 -0.3357144 -0.9310432 0.6689256 0.5601283 -0.4886663 0.630669 0.695836 0.3436114 -0.506233 -0.04089365 -0.8614266 0.3057114 0.854949 -0.4190497 -0.831151 0.09845632 -0.5472608 -0.01920652 0.994299 -0.1048839 -0.9936651 0.02910859 -0.1085464 -0.1817206 0.9249513 0.3338305 -0.9317005 -0.2224484 0.2871425 -0.1197561 0.6733943 0.7295194 -0.6689256 -0.5601283 0.4886663 0.1430188 0.3357144 0.9310432 -0.3057114 -0.854949 0.4190497 0.506233 0.04089365 0.8614266 0.01920652 -0.994299 0.1048839 0.831151 -0.09845632 0.5472608 0.1817206 -0.9249513 -0.3338305 0.9936651 -0.02910859 0.1085464 0.1197561 -0.6733943 -0.7295194 0.9317005 0.2224484 -0.2871425 -0.6075642 -0.7160984 -0.3436114 -0.1281459 -0.3438305 -0.9302469 0.6540527 0.5780986 -0.48787 0.6075642 0.7160984 0.3436114 -0.5004743 -0.05987547 -0.8636784 0.2817243 0.8620536 -0.4213015 -0.8310252 0.07087717 -0.5517006 -0.04882658 0.9928063 -0.1093237 -0.9935393 -0.001515653 -0.1134784 -0.2113407 0.9204134 0.3288984 -0.9259418 -0.2494023 0.2836022 -0.1437432 0.6725268 0.7259791 -0.6540527 -0.5780986 0.48787 0.1281459 0.3438305 0.9302469 -0.2817243 -0.8620536 0.4213015 0.5004743 0.05987547 0.8636784 0.04882658 -0.9928063 0.1093237 0.8310252 -0.07087717 0.5517006 0.2113407 -0.9204134 -0.3288984 0.9935393 0.001515653 0.1134784 0.1437432 -0.6725268 -0.7259791 0.9259418 0.2494023 -0.2836022 -0.5838089 -0.7355939 -0.3436114 -0.1128542 -0.3513865 -0.9294038 0.638761 0.5956418 -0.4870269 0.5838089 0.7355939 0.3436114 -0.4939519 -0.07857504 -0.8659316 0.2576632 0.8684533 -0.4235547 -0.8299225 0.04338306 -0.5561894 -0.07830734 0.9904114 -0.1138125 -0.9924366 -0.032096 -0.1184882 -0.2408215 0.9149323 0.3238887 -0.9194194 -0.2761818 0.279985 -0.1678043 0.6708465 0.7223619 -0.638761 -0.5956418 0.4870269 0.1128542 0.3513865 0.9294038 -0.2576632 -0.8684533 0.4235547 0.4939519 0.07857504 0.8659316 0.07830734 -0.9904114 0.1138125 0.8299225 -0.04338306 0.5561894 0.2408215 -0.9149323 -0.3238887 0.9924366 0.032096 0.1184882 0.1678043 -0.6708465 -0.7223619 0.9194194 0.2761818 -0.279985 -0.5594283 -0.7543018 -0.3436114 -0.09716 -0.3583651 -0.9285119 0.6230668 0.6127483 -0.486135 0.5594283 0.7543018 0.3436114 -0.4866727 -0.09696317 -0.8681865 0.2335541 0.8741502 -0.4258096 -0.827844 0.01600923 -0.5607298 -0.1076172 0.9871226 -0.1183529 -0.9903582 -0.06259951 -0.1235799 -0.2701314 0.9085139 0.318797 -0.9121402 -0.3027635 0.2762869 -0.1919134 0.6683499 0.7186638 -0.6230668 -0.6127483 0.486135 0.09716 0.3583651 0.9285119 -0.2335541 -0.8741502 0.4258096 0.4866727 0.09696317 0.8681865 0.1076172 -0.9871226 0.1183529 0.827844 -0.01600923 0.5607298 0.2701314 -0.9085139 -0.318797 0.9903582 0.06259951 0.1235799 0.1919134 -0.6683499 -0.7186638 0.9121402 0.3027635 -0.2762869 -0.5344487 -0.7722019 -0.3436114 -0.08108023 -0.3647496 -0.9275687 0.606987 0.629409 -0.4851918 0.5344487 0.7722019 0.3436114 -0.4786446 -0.1150107 -0.8704435 0.2094227 0.879148 -0.4280666 -0.8247921 -0.01120895 -0.565325 -0.1367249 0.9829497 -0.1229481 -0.9873063 -0.09299318 -0.1287579 -0.299239 0.9011654 0.3136189 -0.9041121 -0.3291246 0.2725038 -0.2160449 0.665034 0.7148806 -0.606987 -0.629409 0.4851918 0.08108023 0.3647496 0.9275687 -0.2094227 -0.879148 0.4280666 0.4786446 0.1150107 0.8704435 0.1367249 -0.9829497 0.1229481 0.8247921 0.01120895 0.565325 0.299239 -0.9011654 -0.3136189 0.9873063 0.09299318 0.1287579 0.2160449 -0.665034 -0.7148806 0.9041121 0.3291246 -0.2725038 -0.5088968 -0.7892751 -0.3436114 -0.06463205 -0.3705237 -0.9265716 0.5905388 0.6456155 -0.4841947 0.5088968 0.7892751 0.3436114 -0.4698761 -0.1326884 -0.8727028 0.1852948 0.8834509 -0.4303259 -0.82077 -0.03823593 -0.5699777 -0.1655991 0.9779033 -0.1276008 -0.9832841 -0.123244 -0.134027 -0.3281133 0.8928953 0.3083499 -0.8953437 -0.3552423 0.268631 -0.2401728 0.6608969 0.7110079 -0.5905388 -0.6456155 0.4841947 0.06463205 0.3705237 0.9265716 -0.1852948 -0.8834509 0.4303259 0.4698761 0.1326884 0.8727028 0.1655991 -0.9779033 0.1276008 0.82077 0.03823593 0.5699777 0.3281133 -0.8928953 -0.3083499 0.9832841 0.123244 0.134027 0.2401728 -0.6608969 -0.7110079 0.8953437 0.3552423 -0.268631 -0.4828 -0.8055032 -0.3436114 -0.04783308 -0.3756714 -0.9255177 0.5737399 0.6613604 -0.4831408 0.4828 0.8055032 0.3436114 -0.4603767 -0.1499672 -0.8749646 0.1611962 0.8870646 -0.4325877 -0.815782 -0.06503605 -0.5746913 -0.194209 0.9719958 -0.1323144 -0.9782961 -0.1533188 -0.1393919 -0.3567231 0.883713 0.302985 -0.8858442 -0.3810944 0.264664 -0.2642713 0.6559374 0.7070409 -0.5737399 -0.6613604 0.4831408 0.04783308 0.3756714 0.9255177 -0.1611962 -0.8870646 0.4325877 0.4603767 0.1499672 0.8749646 0.194209 -0.9719958 0.1323144 0.815782 0.06503605 0.5746913 0.3567231 -0.883713 -0.302985 0.9782961 0.1533188 0.1393919 0.2642713 -0.6559374 -0.7070409 0.8858442 0.3810944 -0.264664 -0.4561862 -0.8208687 -0.3436114 -0.03070132 -0.3801771 -0.924404 0.5566081 0.6766367 -0.4820271 0.4561862 0.8208687 0.3436114 -0.4501565 -0.166818 -0.8772291 0.1371529 0.8899959 -0.4348522 -0.8098333 -0.09157355 -0.5794689 -0.2225239 0.9652403 -0.137092 -0.9723475 -0.1831846 -0.1448578 -0.3850381 0.8736293 0.2975191 -0.875624 -0.4066589 0.2605976 -0.2883146 0.650155 0.7029745 -0.5566081 -0.6766367 0.4820271 0.03070132 0.3801771 0.924404 -0.1371529 -0.8899959 0.4348522 0.4501565 0.166818 0.8772291 0.2225239 -0.9652403 0.137092 0.8098333 0.09157355 0.5794689 0.3850381 -0.8736293 -0.2975191 0.9723475 0.1831846 0.1448578 0.2883146 -0.650155 -0.7029745 0.875624 0.4066589 -0.2605976 -0.4290839 -0.8353551 -0.3436114 -0.0132551 -0.3840256 -0.9232273 0.5391619 0.6914386 -0.4808504 0.4290839 0.8353551 0.3436114 -0.4392265 -0.1832117 -0.8794962 0.1131905 0.8922526 -0.4371193 -0.8029305 -0.1178125 -0.5843139 -0.2505135 0.9576517 -0.141937 -0.9654447 -0.2128084 -0.1504301 -0.4130277 0.8626559 0.2919468 -0.864694 -0.431914 0.2564265 -0.312277 0.6435502 0.6988034 -0.5391619 -0.6914386 0.4808504 0.0132551 0.3840256 0.9232273 -0.1131905 -0.8922526 0.4371193 0.4392265 0.1832117 0.8794962 0.2505135 -0.9576517 0.141937 0.8029305 0.1178125 0.5843139 0.4130277 -0.8626559 -0.2919468 0.9654447 0.2128084 0.1504301 0.312277 -0.6435502 -0.6988034 0.864694 0.431914 -0.2564265 -0.4015221 -0.8489471 -0.3436114 0.004486887 -0.3872022 -0.9219839 0.5214199 0.7057609 -0.479607 0.4015221 0.8489471 0.3436114 -0.4275983 -0.1991193 -0.8817659 0.0893347 0.8938437 -0.4393891 -0.7950809 -0.143717 -0.5892298 -0.2781479 0.949246 -0.1468529 -0.957595 -0.2421571 -0.1561144 -0.440662 0.8508059 0.2862625 -0.8530658 -0.4568387 0.252145 -0.3361328 0.6361243 0.6945218 -0.5214199 -0.7057609 0.479607 -0.004486887 0.3872022 0.9219839 -0.0893347 -0.8938437 0.4393891 0.4275983 0.1991193 0.8817659 0.2781479 -0.949246 0.1468529 0.7950809 0.143717 0.5892298 0.440662 -0.8508059 -0.2862625 0.957595 0.2421571 0.1561144 0.3361328 -0.6361243 -0.6945218 0.8530658 0.4568387 -0.252145 -0.3735303 -0.86163 -0.3436114 0.02250565 -0.3896923 -0.9206701 0.5034011 0.7195991 -0.4782932 0.3735303 0.86163 0.3436114 -0.4152844 -0.2145118 -0.8840382 0.06561104 0.8947796 -0.4416613 -0.7862929 -0.169251 -0.5942202 -0.3053974 0.9400405 -0.1518433 -0.948807 -0.2711978 -0.1619168 -0.4679115 0.8380936 0.2804601 -0.840752 -0.4814121 0.2477469 -0.3598565 0.6278793 0.6901238 -0.5034011 -0.7195991 0.4782932 -0.02250565 0.3896923 0.9206701 -0.06561104 -0.8947796 0.4416613 0.4152844 0.2145118 0.8840382 0.3053974 -0.9400405 0.1518433 0.7862929 0.169251 0.5942202 0.4679115 -0.8380936 -0.2804601 0.948807 0.2711978 0.1619168 0.3598565 -0.6278793 -0.6901238 0.840752 0.4814121 -0.2477469 -0.3451386 -0.8733903 -0.3436114 0.04078188 -0.3914819 -0.9192816 0.4851249 0.73295 -0.4769047 0.3451386 0.8733903 0.3436114 -0.4022981 -0.2293603 -0.8863126 0.04204492 0.8950717 -0.4439358 -0.7765758 -0.1943782 -0.5992888 -0.3322328 0.9300538 -0.1569119 -0.93909 -0.2998976 -0.1678435 -0.494747 0.8245343 0.2745334 -0.8277656 -0.5056137 0.2432259 -0.3834226 0.6188182 0.6856028 -0.4851249 -0.73295 0.4769047 -0.04078188 0.3914819 0.9192816 -0.04204492 -0.8950717 0.4439358 0.4022981 0.2293603 0.8863126 0.3322328 -0.9300538 0.1569119 0.7765758 0.1943782 0.5992888 0.494747 -0.8245343 -0.2745334 0.93909 0.2998976 0.1678435 0.3834226 -0.6188182 -0.6856028 0.8277656 0.5056137 -0.2432259 -0.3163773 -0.8842152 -0.3436114 0.05929603 -0.3925575 -0.917814 0.4666108 0.7458109 -0.4754371 0.3163773 0.8842152 0.3436114 -0.3886532 -0.2436357 -0.888589 0.01866158 0.8947327 -0.4462121 -0.7659402 -0.2190624 -0.6044396 -0.3586255 0.919306 -0.1620627 -0.9284544 -0.3282238 -0.1739013 -0.5211396 0.8101446 0.2684756 -0.8141207 -0.5294238 0.2385749 -0.406806 0.6089446 0.6809518 -0.4666108 -0.7458109 0.4754371 -0.05929603 0.3925575 0.917814 -0.01866158 -0.8947327 0.4462121 0.3886532 0.2436357 0.888589 0.3586255 -0.919306 0.1620627 0.7659402 0.2190624 0.6044396 0.5211396 -0.8101446 -0.2684756 0.9284544 0.3282238 0.1739013 0.406806 -0.6089446 -0.6809518 0.8141207 0.5294238 -0.2385749 -0.2872772 -0.8940934 -0.3436114 0.07802825 -0.3929056 -0.9162624 0.4478785 0.7581803 -0.4738855 0.2872772 0.8940934 0.3436114 -0.3743642 -0.2573093 -0.8908666 -0.00451395 0.8937766 -0.4484897 -0.7543974 -0.2432674 -0.6096766 -0.3845471 0.9078184 -0.1672997 -0.9169115 -0.3561435 -0.1800972 -0.5470613 0.7949424 0.2622797 -0.7998318 -0.5528227 0.2337867 -0.4299815 0.5982631 0.6761635 -0.4478785 -0.7581803 0.4738855 -0.07802825 0.3929056 0.9162624 0.00451395 -0.8937766 0.4484897 0.3743642 0.2573093 0.8908666 0.3845471 -0.9078184 0.1672997 0.7543974 0.2432674 0.6096766 0.5470613 -0.7949424 -0.2622797 0.9169115 0.3561435 0.1800972 0.4299815 -0.5982631 -0.6761635 0.7998318 0.5528227 -0.2337867 -0.2578694 -0.9030141 -0.3436114 0.0969585 -0.3925133 -0.9146214 0.4289483 0.7700574 -0.4722445 0.2578694 0.9030141 0.3436114 -0.3594466 -0.270352 -0.893145 -0.02745684 0.8922187 -0.4507681 -0.7419598 -0.2669567 -0.6150039 -0.40997 0.895614 -0.172627 -0.9044739 -0.3836242 -0.1864388 -0.5724841 0.7789465 0.2559381 -0.7849141 -0.5757916 0.2288532 -0.4529244 0.5867791 0.6712301 -0.4289483 -0.7700574 0.4722445 -0.0969585 0.3925133 0.9146214 0.02745684 -0.8922187 0.4507681 0.3594466 0.270352 0.893145 0.40997 -0.895614 0.172627 0.7419598 0.2669567 0.6150039 0.5724841 -0.7789465 -0.2559381 0.9044739 0.3836242 0.1864388 0.4529244 -0.5867791 -0.6712301 0.7849141 0.5757916 -0.2288532 -0.2281856 -0.9109679 -0.3436114 0.1160665 -0.391368 -0.9128854 0.4098403 0.7814427 -0.4705085 0.2281856 0.9109679 0.3436114 -0.3439163 -0.2827349 -0.8954231 -0.05014253 0.8900758 -0.4530462 -0.7286406 -0.2900937 -0.6204261 -0.4348668 0.882717 -0.1780492 -0.8911547 -0.4106334 -0.1929339 -0.5973809 0.7621773 0.249443 -0.7693838 -0.598312 0.223766 -0.4756101 0.5744986 0.6661429 -0.4098403 -0.7814427 0.4705085 -0.1160665 0.391368 0.9128854 0.05014253 -0.8900758 0.4530462 0.3439163 0.2827349 0.8954231 0.4348668 -0.882717 0.1780492 0.7286406 0.2900937 0.6204261 0.5973809 -0.7621773 -0.249443 0.8911547 0.4106334 0.1929339 0.4756101 -0.5744986 -0.6661429 0.7693838 0.598312 -0.223766 -0.1982574 -0.9179462 -0.3436114 0.1353318 -0.3894573 -0.9110479 0.390575 0.7923375 -0.468671 0.1982574 0.9179462 0.3436114 -0.3277899 -0.2944291 -0.8977 -0.07254673 0.8873657 -0.4553231 -0.7144541 -0.3126417 -0.6259477 -0.4592109 0.8691531 -0.1835708 -0.8769683 -0.4371385 -0.199591 -0.6217251 0.7446563 0.2427858 -0.7532575 -0.620366 0.2185161 -0.4980143 0.5614288 0.660893 -0.390575 -0.7923375 0.468671 -0.1353318 0.3894573 0.9110479 0.07254673 -0.8873657 0.4553231 0.3277899 0.2944291 0.8977 0.4592109 -0.8691531 0.1835708 0.7144541 0.3126417 0.6259477 0.6217251 -0.7446563 -0.2427858 0.8769683 0.4371385 0.199591 0.4980143 -0.5614288 -0.660893 0.7532575 0.620366 -0.2185161 -0.1681169 -0.9239415 -0.3436114 0.1547337 -0.3867693 -0.9091023 0.371173 0.802744 -0.4667254 0.1681169 0.9239415 0.3436114 -0.3110847 -0.3054054 -0.8999743 -0.09464544 0.8841079 -0.4575975 -0.6994156 -0.3345639 -0.6315733 -0.4829763 0.8549495 -0.1891964 -0.8619298 -0.4631071 -0.2064191 -0.6454905 0.7264062 0.2359578 -0.7365523 -0.641936 0.2130936 -0.520113 0.5475773 0.6554705 -0.371173 -0.802744 0.4667254 -0.1547337 0.3867693 0.9091023 0.09464544 -0.8841079 0.4575975 0.3110847 0.3054054 0.8999743 0.4829763 -0.8549495 0.1891964 0.6994156 0.3345639 0.6315733 0.6454905 -0.7264062 -0.2359578 0.8619298 0.4631071 0.2064191 0.520113 -0.5475773 -0.6554705 0.7365523 0.641936 -0.2130936 -0.1377963 -0.9289474 -0.3436114 0.1742516 -0.3832922 -0.907041 0.3516552 0.8126659 -0.4646641 0.1377963 0.9289474 0.3436114 -0.2938186 -0.3156348 -0.9022446 -0.116415 0.8803234 -0.4598677 -0.6835412 -0.3558232 -0.6373079 -0.5061376 0.8401349 -0.194931 -0.8460553 -0.488507 -0.2134276 -0.6686517 0.7074512 0.2289493 -0.7192862 -0.6630053 0.2074882 -0.5418825 0.5329528 0.6498651 -0.3516552 -0.8126659 0.4646641 -0.1742516 0.3832922 0.907041 0.116415 -0.8803234 0.4598677 0.2938186 0.3156348 0.9022446 0.5061376 -0.8401349 0.194931 0.6835412 0.3558232 0.6373079 0.6686517 -0.7074512 -0.2289493 0.8460553 0.488507 0.2134276 0.5418825 -0.5329528 -0.6498651 0.7192862 0.6630053 -0.2074882 -0.1073283 -0.9329586 -0.3436114 0.1938644 -0.3790147 -0.904856 0.3320424 0.8221076 -0.4624791 0.1073283 0.9329586 0.3436114 -0.2760101 -0.3250878 -0.9045089 -0.1378321 0.8760344 -0.462132 -0.6668477 -0.3763824 -0.6431565 -0.5286698 0.8247398 -0.2007797 -0.8293619 -0.5133057 -0.2206267 -0.6911839 0.6878166 0.2217502 -0.7014776 -0.6835575 0.2016885 -0.5632996 0.5175648 0.6440654 -0.3320424 -0.8221076 0.4624791 -0.1938644 0.3790147 0.904856 0.1378321 -0.8760344 0.462132 0.2760101 0.3250878 0.9045089 0.5286698 -0.8247398 0.2007797 0.6668477 0.3763824 0.6431565 0.6911839 -0.6878166 -0.2217502 0.8293619 0.5133057 0.2206267 0.5632996 -0.5175648 -0.6440654 0.7014776 0.6835575 -0.2016885 -0.07674523 -0.9359708 -0.3436114 0.2135512 -0.3739254 -0.9025384 0.3123556 0.8310748 -0.4601616 0.07674523 0.9359708 0.3436114 -0.2576782 -0.3337352 -0.906765 -0.1588738 0.8712651 -0.4643881 -0.6493532 -0.396204 -0.6491246 -0.5505488 0.8087962 -0.2067477 -0.8118674 -0.5374709 -0.2280272 -0.713063 0.6675293 0.2143497 -0.6831457 -0.7035768 0.1956825 -0.5843413 0.5014235 0.6380594 -0.3123556 -0.8310748 0.4601616 -0.2135512 0.3739254 0.9025384 0.1588738 -0.8712651 0.4643881 0.2576782 0.3337352 0.906765 0.5505488 -0.8087962 0.2067477 0.6493532 0.396204 0.6491246 0.713063 -0.6675293 -0.2143497 0.8118674 0.5374709 0.2280272 0.5843413 -0.5014235 -0.6380594 0.6831457 0.7035768 -0.1956825 -0.04608004 -0.9379807 -0.3436114 0.2332909 -0.3680135 -0.9000786 0.2926159 0.8395744 -0.4577017 0.04608004 0.9379807 0.3436114 -0.2388426 -0.3415471 -0.9090104 -0.1795176 0.8660408 -0.4666335 -0.6310764 -0.41525 -0.6552176 -0.5717514 0.7923378 -0.2128407 -0.7935905 -0.5609704 -0.2356404 -0.7342655 0.6466175 0.2067365 -0.6643101 -0.7230478 0.1894569 -0.6049851 0.48454 0.6318338 -0.2926159 -0.8395744 0.4577017 -0.2332909 0.3680135 0.9000786 0.1795176 -0.8660408 0.4666335 0.2388426 0.3415471 0.9090104 0.5717514 -0.7923378 0.2128407 0.6310764 0.41525 0.6552176 0.7342655 -0.6466175 -0.2067365 0.7935905 0.5609704 0.2356404 0.6049851 -0.48454 -0.6318338 0.6643101 0.7230478 -0.1894569 -0.0153655 -0.9389862 -0.3436114 0.2530624 -0.3612681 -0.8974658 0.2728444 0.8476143 -0.4550889 0.0153655 0.9389862 0.3436114 -0.2195234 -0.3484935 -0.9112419 -0.1997413 0.8603889 -0.468865 -0.6120367 -0.4334822 -0.661441 -0.5922546 0.7754001 -0.2190641 -0.7745508 -0.5837715 -0.2434786 -0.7547688 0.6251109 0.1988982 -0.6449909 -0.7419559 0.1829978 -0.6252089 0.4669265 0.6253747 -0.2728444 -0.8476143 0.4550889 -0.2530624 0.3612681 0.8974658 0.1997413 -0.8603889 0.468865 0.2195234 0.3484935 0.9112419 0.5922546 -0.7754001 0.2190641 0.6120367 0.4334822 0.661441 0.7547688 -0.6251109 -0.1988982 0.7745508 0.5837715 0.2434786 0.6252089 -0.4669265 -0.6253747 0.6449909 0.7419559 -0.1829978 0.0153655 -0.9389862 -0.3436114 0.2728444 -0.8476143 0.4550889 0.2530624 0.3612681 0.8974658 -0.0153655 0.9389862 0.3436114 0.6449909 -0.7419559 0.1829978 0.6252089 0.4669265 0.6253747 0.7745508 -0.5837715 -0.2434786 0.7547688 0.6251109 0.1988982 0.6120367 -0.4334822 -0.661441 0.5922546 0.7754001 -0.2190641 0.2195234 -0.3484935 -0.9112419 0.1997413 0.8603889 -0.468865 -0.2530624 -0.3612681 -0.8974658 -0.2728444 0.8476143 -0.4550889 -0.6252089 -0.4669265 -0.6253747 -0.6449909 0.7419559 -0.1829978 -0.7547688 -0.6251109 -0.1988982 -0.7745508 0.5837715 0.2434786 -0.5922546 -0.7754001 0.2190641 -0.6120367 0.4334822 0.661441 -0.1997413 -0.8603889 0.468865 -0.2195234 0.3484935 0.9112419 0.04608004 -0.9379807 -0.3436114 0.2926159 -0.8395744 0.4577017 0.2332909 0.3680135 0.9000786 -0.04608004 0.9379807 0.3436114 0.6643101 -0.7230478 0.1894569 0.6049851 0.48454 0.6318338 0.7935905 -0.5609704 -0.2356404 0.7342655 0.6466175 0.2067365 0.6310764 -0.41525 -0.6552176 0.5717514 0.7923378 -0.2128407 0.2388426 -0.3415471 -0.9090104 0.1795176 0.8660408 -0.4666335 -0.2332909 -0.3680135 -0.9000786 -0.2926159 0.8395744 -0.4577017 -0.6049851 -0.48454 -0.6318338 -0.6643101 0.7230478 -0.1894569 -0.7342655 -0.6466175 -0.2067365 -0.7935905 0.5609704 0.2356404 -0.5717514 -0.7923378 0.2128407 -0.6310764 0.41525 0.6552176 -0.1795176 -0.8660408 0.4666335 -0.2388426 0.3415471 0.9090104 0.07674523 -0.9359708 -0.3436114 0.3123556 -0.8310748 0.4601616 0.2135512 0.3739254 0.9025384 -0.07674523 0.9359708 0.3436114 0.6831457 -0.7035768 0.1956825 0.5843413 0.5014235 0.6380594 0.8118674 -0.5374709 -0.2280272 0.713063 0.6675293 0.2143497 0.6493532 -0.396204 -0.6491246 0.5505488 0.8087962 -0.2067477 0.2576782 -0.3337352 -0.906765 0.1588738 0.8712651 -0.4643881 -0.2135512 -0.3739254 -0.9025384 -0.3123556 0.8310748 -0.4601616 -0.5843413 -0.5014235 -0.6380594 -0.6831457 0.7035768 -0.1956825 -0.713063 -0.6675293 -0.2143497 -0.8118674 0.5374709 0.2280272 -0.5505488 -0.8087962 0.2067477 -0.6493532 0.396204 0.6491246 -0.1588738 -0.8712651 0.4643881 -0.2576782 0.3337352 0.906765 0.1073283 -0.9329586 -0.3436114 0.3320424 -0.8221076 0.4624791 0.1938644 0.3790147 0.904856 -0.1073283 0.9329586 0.3436114 0.7014776 -0.6835575 0.2016885 0.5632996 0.5175648 0.6440654 0.8293619 -0.5133057 -0.2206267 0.6911839 0.6878166 0.2217502 0.6668477 -0.3763824 -0.6431565 0.5286698 0.8247398 -0.2007797 0.2760101 -0.3250878 -0.9045089 0.1378321 0.8760344 -0.462132 -0.1938644 -0.3790147 -0.904856 -0.3320424 0.8221076 -0.4624791 -0.5632996 -0.5175648 -0.6440654 -0.7014776 0.6835575 -0.2016885 -0.6911839 -0.6878166 -0.2217502 -0.8293619 0.5133057 0.2206267 -0.5286698 -0.8247398 0.2007797 -0.6668477 0.3763824 0.6431565 -0.1378321 -0.8760344 0.462132 -0.2760101 0.3250878 0.9045089 0.1377963 -0.9289474 -0.3436114 0.3516552 -0.8126659 0.4646641 0.1742516 0.3832922 0.907041 -0.1377963 0.9289474 0.3436114 0.7192862 -0.6630053 0.2074882 0.5418825 0.5329528 0.6498651 0.8460553 -0.488507 -0.2134276 0.6686517 0.7074512 0.2289493 0.6835412 -0.3558232 -0.6373079 0.5061376 0.8401349 -0.194931 0.2938186 -0.3156348 -0.9022446 0.116415 0.8803234 -0.4598677 -0.1742516 -0.3832922 -0.907041 -0.3516552 0.8126659 -0.4646641 -0.5418825 -0.5329528 -0.6498651 -0.7192862 0.6630053 -0.2074882 -0.6686517 -0.7074512 -0.2289493 -0.8460553 0.488507 0.2134276 -0.5061376 -0.8401349 0.194931 -0.6835412 0.3558232 0.6373079 -0.116415 -0.8803234 0.4598677 -0.2938186 0.3156348 0.9022446 0.1681169 -0.9239415 -0.3436114 0.371173 -0.802744 0.4667254 0.1547337 0.3867693 0.9091023 -0.1681169 0.9239415 0.3436114 0.7365523 -0.641936 0.2130936 0.520113 0.5475773 0.6554705 0.8619298 -0.4631071 -0.2064191 0.6454905 0.7264062 0.2359578 0.6994156 -0.3345639 -0.6315733 0.4829763 0.8549495 -0.1891964 0.3110847 -0.3054054 -0.8999743 0.09464544 0.8841079 -0.4575975 -0.1547337 -0.3867693 -0.9091023 -0.371173 0.802744 -0.4667254 -0.520113 -0.5475773 -0.6554705 -0.7365523 0.641936 -0.2130936 -0.6454905 -0.7264062 -0.2359578 -0.8619298 0.4631071 0.2064191 -0.4829763 -0.8549495 0.1891964 -0.6994156 0.3345639 0.6315733 -0.09464544 -0.8841079 0.4575975 -0.3110847 0.3054054 0.8999743 0.1982574 -0.9179462 -0.3436114 0.390575 -0.7923375 0.468671 0.1353318 0.3894573 0.9110479 -0.1982574 0.9179462 0.3436114 0.7532575 -0.620366 0.2185161 0.4980143 0.5614288 0.660893 0.8769683 -0.4371385 -0.199591 0.6217251 0.7446563 0.2427858 0.7144541 -0.3126417 -0.6259477 0.4592109 0.8691531 -0.1835708 0.3277899 -0.2944291 -0.8977 0.07254673 0.8873657 -0.4553231 -0.1353318 -0.3894573 -0.9110479 -0.390575 0.7923375 -0.468671 -0.4980143 -0.5614288 -0.660893 -0.7532575 0.620366 -0.2185161 -0.6217251 -0.7446563 -0.2427858 -0.8769683 0.4371385 0.199591 -0.4592109 -0.8691531 0.1835708 -0.7144541 0.3126417 0.6259477 -0.07254673 -0.8873657 0.4553231 -0.3277899 0.2944291 0.8977 0.2281856 -0.9109679 -0.3436114 0.4098403 -0.7814427 0.4705085 0.1160665 0.391368 0.9128854 -0.2281856 0.9109679 0.3436114 0.7693838 -0.598312 0.223766 0.4756101 0.5744986 0.6661429 0.8911547 -0.4106334 -0.1929339 0.5973809 0.7621773 0.249443 0.7286406 -0.2900937 -0.6204261 0.4348668 0.882717 -0.1780492 0.3439163 -0.2827349 -0.8954231 0.05014253 0.8900758 -0.4530462 -0.1160665 -0.391368 -0.9128854 -0.4098403 0.7814427 -0.4705085 -0.4756101 -0.5744986 -0.6661429 -0.7693838 0.598312 -0.223766 -0.5973809 -0.7621773 -0.249443 -0.8911547 0.4106334 0.1929339 -0.4348668 -0.882717 0.1780492 -0.7286406 0.2900937 0.6204261 -0.05014253 -0.8900758 0.4530462 -0.3439163 0.2827349 0.8954231 0.2578694 -0.9030141 -0.3436114 0.4289483 -0.7700574 0.4722445 0.0969585 0.3925133 0.9146214 -0.2578694 0.9030141 0.3436114 0.7849141 -0.5757916 0.2288532 0.4529244 0.5867791 0.6712301 0.9044739 -0.3836242 -0.1864388 0.5724841 0.7789465 0.2559381 0.7419598 -0.2669567 -0.6150039 0.40997 0.895614 -0.172627 0.3594466 -0.270352 -0.893145 0.02745684 0.8922187 -0.4507681 -0.0969585 -0.3925133 -0.9146214 -0.4289483 0.7700574 -0.4722445 -0.4529244 -0.5867791 -0.6712301 -0.7849141 0.5757916 -0.2288532 -0.5724841 -0.7789465 -0.2559381 -0.9044739 0.3836242 0.1864388 -0.40997 -0.895614 0.172627 -0.7419598 0.2669567 0.6150039 -0.02745684 -0.8922187 0.4507681 -0.3594466 0.270352 0.893145 0.2872772 -0.8940934 -0.3436114 0.4478785 -0.7581803 0.4738855 0.07802825 0.3929056 0.9162624 -0.2872772 0.8940934 0.3436114 0.7998318 -0.5528227 0.2337867 0.4299815 0.5982631 0.6761635 0.9169115 -0.3561435 -0.1800972 0.5470613 0.7949424 0.2622797 0.7543974 -0.2432674 -0.6096766 0.3845471 0.9078184 -0.1672997 0.3743642 -0.2573093 -0.8908666 0.00451395 0.8937766 -0.4484897 -0.07802825 -0.3929056 -0.9162624 -0.4478785 0.7581803 -0.4738855 -0.4299815 -0.5982631 -0.6761635 -0.7998318 0.5528227 -0.2337867 -0.5470613 -0.7949424 -0.2622797 -0.9169115 0.3561435 0.1800972 -0.3845471 -0.9078184 0.1672997 -0.7543974 0.2432674 0.6096766 -0.00451395 -0.8937766 0.4484897 -0.3743642 0.2573093 0.8908666 0.3163773 -0.8842152 -0.3436114 0.4666108 -0.7458109 0.4754371 0.05929603 0.3925575 0.917814 -0.3163773 0.8842152 0.3436114 0.8141207 -0.5294238 0.2385749 0.406806 0.6089446 0.6809518 0.9284544 -0.3282238 -0.1739013 0.5211396 0.8101446 0.2684756 0.7659402 -0.2190624 -0.6044396 0.3586255 0.919306 -0.1620627 0.3886532 -0.2436357 -0.888589 -0.01866158 0.8947327 -0.4462121 -0.05929603 -0.3925575 -0.917814 -0.4666108 0.7458109 -0.4754371 -0.406806 -0.6089446 -0.6809518 -0.8141207 0.5294238 -0.2385749 -0.5211396 -0.8101446 -0.2684756 -0.9284544 0.3282238 0.1739013 -0.3586255 -0.919306 0.1620627 -0.7659402 0.2190624 0.6044396 0.01866158 -0.8947327 0.4462121 -0.3886532 0.2436357 0.888589 0.3451386 -0.8733903 -0.3436114 0.4851249 -0.73295 0.4769047 0.04078188 0.3914819 0.9192816 -0.3451386 0.8733903 0.3436114 0.8277656 -0.5056137 0.2432259 0.3834226 0.6188182 0.6856028 0.93909 -0.2998976 -0.1678435 0.494747 0.8245343 0.2745334 0.7765758 -0.1943782 -0.5992888 0.3322328 0.9300538 -0.1569119 0.4022981 -0.2293603 -0.8863126 -0.04204492 0.8950717 -0.4439358 -0.04078188 -0.3914819 -0.9192816 -0.4851249 0.73295 -0.4769047 -0.3834226 -0.6188182 -0.6856028 -0.8277656 0.5056137 -0.2432259 -0.494747 -0.8245343 -0.2745334 -0.93909 0.2998976 0.1678435 -0.3322328 -0.9300538 0.1569119 -0.7765758 0.1943782 0.5992888 0.04204492 -0.8950717 0.4439358 -0.4022981 0.2293603 0.8863126 0.3735303 -0.86163 -0.3436114 0.5034011 -0.7195991 0.4782932 0.02250565 0.3896923 0.9206701 -0.3735303 0.86163 0.3436114 0.840752 -0.4814121 0.2477469 0.3598565 0.6278793 0.6901238 0.948807 -0.2711978 -0.1619168 0.4679115 0.8380936 0.2804601 0.7862929 -0.169251 -0.5942202 0.3053974 0.9400405 -0.1518433 0.4152844 -0.2145118 -0.8840382 -0.06561104 0.8947796 -0.4416613 -0.02250565 -0.3896923 -0.9206701 -0.5034011 0.7195991 -0.4782932 -0.3598565 -0.6278793 -0.6901238 -0.840752 0.4814121 -0.2477469 -0.4679115 -0.8380936 -0.2804601 -0.948807 0.2711978 0.1619168 -0.3053974 -0.9400405 0.1518433 -0.7862929 0.169251 0.5942202 0.06561104 -0.8947796 0.4416613 -0.4152844 0.2145118 0.8840382 0.4015221 -0.8489471 -0.3436114 0.5214199 -0.7057609 0.479607 0.004486887 0.3872022 0.9219839 -0.4015221 0.8489471 0.3436114 0.8530658 -0.4568387 0.252145 0.3361328 0.6361243 0.6945218 0.957595 -0.2421571 -0.1561144 0.440662 0.8508059 0.2862625 0.7950809 -0.143717 -0.5892298 0.2781479 0.949246 -0.1468529 0.4275983 -0.1991193 -0.8817659 -0.0893347 0.8938437 -0.4393891 -0.004486887 -0.3872022 -0.9219839 -0.5214199 0.7057609 -0.479607 -0.3361328 -0.6361243 -0.6945218 -0.8530658 0.4568387 -0.252145 -0.440662 -0.8508059 -0.2862625 -0.957595 0.2421571 0.1561144 -0.2781479 -0.949246 0.1468529 -0.7950809 0.143717 0.5892298 0.0893347 -0.8938437 0.4393891 -0.4275983 0.1991193 0.8817659 0.4290839 -0.8353551 -0.3436114 0.5391619 -0.6914386 0.4808504 -0.0132551 0.3840256 0.9232273 -0.4290839 0.8353551 0.3436114 0.864694 -0.431914 0.2564265 0.312277 0.6435502 0.6988034 0.9654447 -0.2128084 -0.1504301 0.4130277 0.8626559 0.2919468 0.8029305 -0.1178125 -0.5843139 0.2505135 0.9576517 -0.141937 0.4392265 -0.1832117 -0.8794962 -0.1131905 0.8922526 -0.4371193 0.0132551 -0.3840256 -0.9232273 -0.5391619 0.6914386 -0.4808504 -0.312277 -0.6435502 -0.6988034 -0.864694 0.431914 -0.2564265 -0.4130277 -0.8626559 -0.2919468 -0.9654447 0.2128084 0.1504301 -0.2505135 -0.9576517 0.141937 -0.8029305 0.1178125 0.5843139 0.1131905 -0.8922526 0.4371193 -0.4392265 0.1832117 0.8794962 0.4561862 -0.8208687 -0.3436114 0.5566081 -0.6766367 0.4820271 -0.03070132 0.3801771 0.924404 -0.4561862 0.8208687 0.3436114 0.875624 -0.4066589 0.2605976 0.2883146 0.650155 0.7029745 0.9723475 -0.1831846 -0.1448578 0.3850381 0.8736293 0.2975191 0.8098333 -0.09157355 -0.5794689 0.2225239 0.9652403 -0.137092 0.4501565 -0.166818 -0.8772291 -0.1371529 0.8899959 -0.4348522 0.03070132 -0.3801771 -0.924404 -0.5566081 0.6766367 -0.4820271 -0.2883146 -0.650155 -0.7029745 -0.875624 0.4066589 -0.2605976 -0.3850381 -0.8736293 -0.2975191 -0.9723475 0.1831846 0.1448578 -0.2225239 -0.9652403 0.137092 -0.8098333 0.09157355 0.5794689 0.1371529 -0.8899959 0.4348522 -0.4501565 0.166818 0.8772291 0.4828 -0.8055032 -0.3436114 0.5737399 -0.6613604 0.4831408 -0.04783308 0.3756714 0.9255177 -0.4828 0.8055032 0.3436114 0.8858442 -0.3810944 0.264664 0.2642713 0.6559374 0.7070409 0.9782961 -0.1533188 -0.1393919 0.3567231 0.883713 0.302985 0.815782 -0.06503605 -0.5746913 0.194209 0.9719958 -0.1323144 0.4603767 -0.1499672 -0.8749646 -0.1611962 0.8870646 -0.4325877 0.04783308 -0.3756714 -0.9255177 -0.5737399 0.6613604 -0.4831408 -0.2642713 -0.6559374 -0.7070409 -0.8858442 0.3810944 -0.264664 -0.3567231 -0.883713 -0.302985 -0.9782961 0.1533188 0.1393919 -0.194209 -0.9719958 0.1323144 -0.815782 0.06503605 0.5746913 0.1611962 -0.8870646 0.4325877 -0.4603767 0.1499672 0.8749646 0.5088968 -0.7892751 -0.3436114 0.5905388 -0.6456155 0.4841947 -0.06463205 0.3705237 0.9265716 -0.5088968 0.7892751 0.3436114 0.8953437 -0.3552423 0.268631 0.2401728 0.6608969 0.7110079 0.9832841 -0.123244 -0.134027 0.3281133 0.8928953 0.3083499 0.82077 -0.03823593 -0.5699777 0.1655991 0.9779033 -0.1276008 0.4698761 -0.1326884 -0.8727028 -0.1852948 0.8834509 -0.4303259 0.06463205 -0.3705237 -0.9265716 -0.5905388 0.6456155 -0.4841947 -0.2401728 -0.6608969 -0.7110079 -0.8953437 0.3552423 -0.268631 -0.3281133 -0.8928953 -0.3083499 -0.9832841 0.123244 0.134027 -0.1655991 -0.9779033 0.1276008 -0.82077 0.03823593 0.5699777 0.1852948 -0.8834509 0.4303259 -0.4698761 0.1326884 0.8727028 0.5344487 -0.7722019 -0.3436114 0.606987 -0.629409 0.4851918 -0.08108023 0.3647496 0.9275687 -0.5344487 0.7722019 0.3436114 0.9041121 -0.3291246 0.2725038 0.2160449 0.665034 0.7148806 0.9873063 -0.09299318 -0.1287579 0.299239 0.9011654 0.3136189 0.8247921 -0.01120895 -0.565325 0.1367249 0.9829497 -0.1229481 0.4786446 -0.1150107 -0.8704435 -0.2094227 0.879148 -0.4280666 0.08108023 -0.3647496 -0.9275687 -0.606987 0.629409 -0.4851918 -0.2160449 -0.665034 -0.7148806 -0.9041121 0.3291246 -0.2725038 -0.299239 -0.9011654 -0.3136189 -0.9873063 0.09299318 0.1287579 -0.1367249 -0.9829497 0.1229481 -0.8247921 0.01120895 0.565325 0.2094227 -0.879148 0.4280666 -0.4786446 0.1150107 0.8704435 0.5594283 -0.7543018 -0.3436114 0.6230668 -0.6127483 0.486135 -0.09716 0.3583651 0.9285119 -0.5594283 0.7543018 0.3436114 0.9121402 -0.3027635 0.2762869 0.1919134 0.6683499 0.7186638 0.9903582 -0.06259951 -0.1235799 0.2701314 0.9085139 0.318797 0.827844 0.01600923 -0.5607298 0.1076172 0.9871226 -0.1183529 0.4866727 -0.09696317 -0.8681865 -0.2335541 0.8741502 -0.4258096 0.09716 -0.3583651 -0.9285119 -0.6230668 0.6127483 -0.486135 -0.1919134 -0.6683499 -0.7186638 -0.9121402 0.3027635 -0.2762869 -0.2701314 -0.9085139 -0.318797 -0.9903582 0.06259951 0.1235799 -0.1076172 -0.9871226 0.1183529 -0.827844 -0.01600923 0.5607298 0.2335541 -0.8741502 0.4258096 -0.4866727 0.09696317 0.8681865 0.5838089 -0.7355939 -0.3436114 0.638761 -0.5956418 0.4870269 -0.1128542 0.3513865 0.9294038 -0.5838089 0.7355939 0.3436114 0.9194194 -0.2761818 0.279985 0.1678043 0.6708465 0.7223619 0.9924366 -0.032096 -0.1184882 0.2408215 0.9149323 0.3238887 0.8299225 0.04338306 -0.5561894 0.07830734 0.9904114 -0.1138125 0.4939519 -0.07857504 -0.8659316 -0.2576632 0.8684533 -0.4235547 0.1128542 -0.3513865 -0.9294038 -0.638761 0.5956418 -0.4870269 -0.1678043 -0.6708465 -0.7223619 -0.9194194 0.2761818 -0.279985 -0.2408215 -0.9149323 -0.3238887 -0.9924366 0.032096 0.1184882 -0.07830734 -0.9904114 0.1138125 -0.8299225 -0.04338306 0.5561894 0.2576632 -0.8684533 0.4235547 -0.4939519 0.07857504 0.8659316 0.6075642 -0.7160984 -0.3436114 0.6540527 -0.5780986 0.48787 -0.1281459 0.3438305 0.9302469 -0.6075642 0.7160984 0.3436114 0.9259418 -0.2494023 0.2836022 0.1437432 0.6725268 0.7259791 0.9935393 -0.001515653 -0.1134784 0.2113407 0.9204134 0.3288984 0.8310252 0.07087717 -0.5517006 0.04882658 0.9928063 -0.1093237 0.5004743 -0.05987547 -0.8636784 -0.2817243 0.8620536 -0.4213015 0.1281459 -0.3438305 -0.9302469 -0.6540527 0.5780986 -0.48787 -0.1437432 -0.6725268 -0.7259791 -0.9259418 0.2494023 -0.2836022 -0.2113407 -0.9204134 -0.3288984 -0.9935393 0.001515653 0.1134784 -0.04882658 -0.9928063 0.1093237 -0.8310252 -0.07087717 0.5517006 0.2817243 -0.8620536 0.4213015 -0.5004743 0.05987547 0.8636784 0.630669 -0.695836 -0.3436114 0.6689256 -0.5601283 0.4886663 -0.1430188 0.3357144 0.9310432 -0.630669 0.695836 0.3436114 0.9317005 -0.2224484 0.2871425 0.1197561 0.6733943 0.7295194 0.9936651 0.02910859 -0.1085464 0.1817206 0.9249513 0.3338305 0.831151 0.09845632 -0.5472608 0.01920652 0.994299 -0.1048839 0.506233 -0.04089365 -0.8614266 -0.3057114 0.854949 -0.4190497 0.1430188 -0.3357144 -0.9310432 -0.6689256 0.5601283 -0.4886663 -0.1197561 -0.6733943 -0.7295194 -0.9317005 0.2224484 -0.2871425 -0.1817206 -0.9249513 -0.3338305 -0.9936651 -0.02910859 0.1085464 -0.01920652 -0.994299 0.1048839 -0.831151 -0.09845632 0.5472608 0.3057114 -0.854949 0.4190497 -0.506233 0.04089365 0.8614266 0.6530985 -0.6748286 -0.3436114 0.6833638 -0.5417414 0.4894181 -0.1574571 0.3270555 0.931795 -0.6530985 0.6748286 0.3436114 0.9366894 -0.1953433 0.2906097 0.09586848 0.6734537 0.7329866 0.9928139 0.05974388 -0.1036881 0.151993 0.9285408 0.3386887 0.8302998 0.1260855 -0.5428672 -0.01052113 0.9948824 -0.1004903 0.5112218 -0.02165876 -0.8591758 -0.329599 0.8471382 -0.4167989 0.1574571 -0.3270555 -0.931795 -0.6833638 0.5417414 -0.4894181 -0.09586848 -0.6734537 -0.7329866 -0.9366894 0.1953433 -0.2906097 -0.151993 -0.9285408 -0.3386887 -0.9928139 -0.05974388 0.1036881 0.01052113 -0.9948824 0.1004903 -0.8302998 -0.1260855 0.5428672 0.329599 -0.8471382 0.4167989 -0.5112218 0.02165876 0.8591758 0.6748286 -0.6530985 -0.3436114 0.6973519 -0.522949 0.4901273 -0.1714451 0.3178719 0.9325042 -0.6748286 0.6530985 0.3436114 0.940903 -0.1681108 0.2940074 0.07210602 0.6727101 0.7363843 0.9909866 0.09035747 -0.09889974 0.1221896 0.9311784 0.3434772 0.8284724 0.1537298 -0.538517 -0.04032451 0.9945507 -0.09614014 0.5154354 -0.002199985 -0.8569256 -0.3533615 0.8386209 -0.4145487 0.1714451 -0.3178719 -0.9325042 -0.6973519 0.522949 -0.4901273 -0.07210602 -0.6727101 -0.7363843 -0.940903 0.1681108 -0.2940074 -0.1221896 -0.9311784 -0.3434772 -0.9909866 -0.09035747 0.09889974 0.04032451 -0.9945507 0.09614014 -0.8284724 -0.1537298 0.538517 0.3533615 -0.8386209 0.4145487 -0.5154354 0.002199985 0.8569256 0.695836 -0.630669 -0.3436114 0.7108747 -0.5037627 0.4907956 -0.1849679 0.3081818 0.9331725 -0.695836 0.630669 0.3436114 0.9443368 -0.1407747 0.2973389 0.04849415 0.6711697 0.7397158 0.9881851 0.1209168 -0.09417752 0.0923424 0.9328612 0.3481994 0.8256709 0.1813546 -0.5342078 -0.07017173 0.9932991 -0.09183095 0.5188693 0.01745352 -0.8546754 -0.3769734 0.829398 -0.4122985 0.1849679 -0.3081818 -0.9331725 -0.7108747 0.5037627 -0.4907956 -0.04849415 -0.6711697 -0.7397158 -0.9443368 0.1407747 -0.2973389 -0.0923424 -0.9328612 -0.3481994 -0.9881851 -0.1209168 0.09417752 0.07017173 -0.9932991 0.09183095 -0.8256709 -0.1813546 0.5342078 0.3769734 -0.829398 0.4122985 -0.5188693 -0.01745352 0.8546754 0.7160984 -0.6075642 -0.3436114 0.7239179 -0.4841948 0.4914247 -0.1980112 0.2980038 0.9338015 -0.7160984 0.6075642 0.3436114 0.9469873 -0.1133591 0.3006075 0.02505815 0.6688395 0.7429844 0.9844124 0.1513893 -0.08951799 0.06248331 0.9335879 0.3528589 0.8218983 0.2089255 -0.5299371 -0.1000308 0.9911241 -0.08756022 0.5215197 0.03727265 -0.8524247 -0.4004094 0.8194712 -0.4100478 0.1980112 -0.2980038 -0.9338015 -0.7239179 0.4841948 -0.4914247 -0.02505815 -0.6688395 -0.7429844 -0.9469873 0.1133591 -0.3006075 -0.06248331 -0.9335879 -0.3528589 -0.9844124 -0.1513893 0.08951799 0.1000308 -0.9911241 0.08756022 -0.8218983 -0.2089255 0.5299371 0.4004094 -0.8194712 0.4100478 -0.5215197 -0.03727265 0.8524247 0.7355939 -0.5838089 -0.3436114 0.7364675 -0.4642583 0.4920161 -0.2105608 0.2873568 0.934393 -0.7355939 0.5838089 0.3436114 0.9488514 -0.08588793 0.3038161 0.001823124 0.6657272 0.746193 0.9796726 0.181743 -0.08491776 0.03264432 0.9333581 0.3574591 0.8171585 0.2364085 -0.5257024 -0.1298698 0.9880236 -0.08332549 0.5233839 0.05722833 -0.850173 -0.4236444 0.8088434 -0.4077962 0.2105608 -0.2873568 -0.934393 -0.7364675 0.4642583 -0.4920161 -0.001823124 -0.6657272 -0.746193 -0.9488514 0.08588793 -0.3038161 -0.03264432 -0.9333581 -0.3574591 -0.9796726 -0.181743 0.08491776 0.1298698 -0.9880236 0.08332549 -0.8171585 -0.2364085 0.5257024 0.4236444 -0.8088434 0.4077962 -0.5233839 -0.05722833 0.850173 0.7543018 -0.5594283 -0.3436114 0.7485101 -0.4439665 0.4925712 -0.2226033 0.2762603 0.9349481 -0.7543018 0.5594283 0.3436114 0.9499274 -0.05838551 0.3069677 -0.02118606 0.6618413 0.7493446 0.9739708 0.2119456 -0.08037358 0.002857394 0.9321724 0.3620033 0.8114567 0.2637697 -0.5215013 -0.1596567 0.9839965 -0.07912442 0.5244598 0.07729159 -0.8479197 -0.4466536 0.7975184 -0.4055429 0.2226033 -0.2762603 -0.9349481 -0.7485101 0.4439665 -0.4925712 0.02118606 -0.6618413 -0.7493446 -0.9499274 0.05838551 -0.3069677 -0.002857394 -0.9321724 -0.3620033 -0.9739708 -0.2119456 0.08037358 0.1596567 -0.9839965 0.07912442 -0.8114567 -0.2637697 0.5215013 0.4466536 -0.7975184 0.4055429 -0.5244598 -0.07729159 0.8479197 0.7722019 -0.5344487 -0.3436114 0.7600327 -0.4233333 0.4930914 -0.2341259 0.2647339 0.9354683 -0.7722019 0.5344487 0.3436114 0.9502139 -0.03087611 0.3100649 -0.04394475 0.6571911 0.7524418 0.967313 0.2419656 -0.07588233 -0.02684558 0.9300328 0.3664946 0.8047989 0.2909755 -0.5173316 -0.1893597 0.9790427 -0.07495469 0.5247463 0.09743352 -0.8456642 -0.4694123 0.7855008 -0.4032873 0.2341259 -0.2647339 -0.9354683 -0.7600327 0.4233333 -0.4930914 0.04394475 -0.6571911 -0.7524418 -0.9502139 0.03087611 -0.3100649 0.02684558 -0.9300328 -0.3664946 -0.967313 -0.2419656 0.07588233 0.1893597 -0.9790427 0.07495469 -0.8047989 -0.2909755 0.5173316 0.4694123 -0.7855008 0.4032873 -0.5247463 -0.09743352 0.8456642 0.7892751 -0.5088968 -0.3436114 0.771023 -0.4023734 0.4935779 -0.2451162 0.2527975 0.9359548 -0.7892751 0.5088968 0.3436114 0.9497107 -0.003384036 0.3131105 -0.06642859 0.6517868 0.7554874 0.9597065 0.2717714 -0.07144102 -0.0564328 0.9269422 0.3709359 0.7971923 0.3179928 -0.5131909 -0.2189469 0.9731637 -0.07081404 0.5242432 0.1176253 -0.8434058 -0.4918961 0.7727962 -0.4010289 0.2451162 -0.2527975 -0.9359548 -0.771023 0.4023734 -0.4935779 0.06642859 -0.6517868 -0.7554874 -0.9497107 0.003384036 -0.3131105 0.0564328 -0.9269422 -0.3709359 -0.9597065 -0.2717714 0.07144102 0.2189469 -0.9731637 0.07081404 -0.7971923 -0.3179928 0.5131909 0.4918961 -0.7727962 0.4010289 -0.5242432 -0.1176253 0.8434058 0.8055032 -0.4828 -0.3436114 0.7814693 -0.3811014 0.4940318 -0.2555625 0.2404715 0.9364087 -0.8055032 0.4828 0.3436114 0.9484183 0.02406639 0.3161068 -0.08861349 0.6456393 0.7584837 0.9511592 0.3013318 -0.06704674 -0.08587258 0.9229048 0.3753302 0.7886451 0.3447888 -0.5090772 -0.2483867 0.9663618 -0.06670028 0.5229508 0.1378384 -0.8411439 -0.514081 0.7594113 -0.398767 0.2555625 -0.2404715 -0.9364087 -0.7814693 0.3811014 -0.4940318 0.08861349 -0.6456393 -0.7584837 -0.9484183 -0.02406639 -0.3161068 0.08587258 -0.9229048 -0.3753302 -0.9511592 -0.3013318 0.06704674 0.2483867 -0.9663618 0.06670028 -0.7886451 -0.3447888 0.5090772 0.514081 -0.7594113 0.398767 -0.5229508 -0.1378384 0.8411439 0.8208687 -0.4561862 -0.3436114 0.7913603 -0.359533 0.4944541 -0.2654535 0.2277764 0.936831 -0.8208687 0.4561862 0.3436114 0.9463382 0.05145085 0.3190563 -0.1104757 0.6387603 0.7614331 0.9416805 0.3306161 -0.06269671 -0.1151334 0.9179255 0.3796802 0.7791663 0.3713311 -0.5049881 -0.2776475 0.9586405 -0.06261124 0.5208706 0.1580442 -0.8388777 -0.5359432 0.7453536 -0.3965008 0.2654535 -0.2277764 -0.936831 -0.7913603 0.359533 -0.4944541 0.1104757 -0.6387603 -0.7614331 -0.9463382 -0.05145085 -0.3190563 0.1151334 -0.9179255 -0.3796802 -0.9416805 -0.3306161 0.06269671 0.2776475 -0.9586405 0.06261124 -0.7791663 -0.3713311 0.5049881 0.5359432 -0.7453536 0.3965008 -0.5208706 -0.1580442 0.8388777 0.8353551 -0.4290839 -0.3436114 0.8006855 -0.3376838 0.4948458 -0.2747787 0.2147332 0.9372227 -0.8353551 0.4290839 0.3436114 0.9434724 0.0787451 0.3219611 -0.1319918 0.6311621 0.764338 0.9312804 0.3595938 -0.05838822 -0.1441839 0.9120108 0.3839887 0.7687662 0.3975877 -0.5009217 -0.306698 0.9500046 -0.0585448 0.5180049 0.1782143 -0.8366066 -0.5574593 0.7306313 -0.3942297 0.2747787 -0.2147332 -0.9372227 -0.8006855 0.3376838 -0.4948458 0.1319918 -0.6311621 -0.764338 -0.9434724 -0.0787451 -0.3219611 0.1441839 -0.9120108 -0.3839887 -0.9312804 -0.3595938 0.05838822 0.306698 -0.9500046 0.0585448 -0.7687662 -0.3975877 0.5009217 0.5574593 -0.7306313 0.3942297 -0.5180049 -0.1782143 0.8366066 0.8489471 -0.4015221 -0.3436114 0.8094349 -0.3155701 0.4952077 -0.2835281 0.2013629 0.9375846 -0.8489471 0.4015221 0.3436114 0.9398242 0.105925 0.3248235 -0.1531388 0.622858 0.7672004 0.91997 0.3882349 -0.05411865 -0.172993 0.9051679 0.3882582 0.7574559 0.4235269 -0.4968758 -0.3355071 0.9404599 -0.05449891 0.5143567 0.1983206 -0.8343297 -0.5786063 0.7152536 -0.3919529 0.2835281 -0.2013629 -0.9375846 -0.8094349 0.3155701 -0.4952077 0.1531388 -0.622858 -0.7672004 -0.9398242 -0.105925 -0.3248235 0.172993 -0.9051679 -0.3882582 -0.91997 -0.3882349 0.05411865 0.3355071 -0.9404599 0.05449891 -0.7574559 -0.4235269 0.4968758 0.5786063 -0.7152536 0.3919529 -0.5143567 -0.1983206 0.8343297 0.86163 -0.3735303 -0.3436114 0.8175991 -0.2932085 0.4955406 -0.2916923 0.187687 0.9379175 -0.86163 0.3735303 0.3436114 0.9353974 0.1329664 0.3276455 -0.173894 0.6138619 0.7700224 0.9077616 0.4165098 -0.04988549 -0.2015299 0.8974053 0.3924914 0.7452474 0.4491177 -0.4928484 -0.364044 0.9300132 -0.0504715 0.5099299 0.2183351 -0.8320464 -0.5993615 0.6992306 -0.3896695 0.2916923 -0.187687 -0.9379175 -0.8175991 0.2932085 -0.4955406 0.173894 -0.6138619 -0.7700224 -0.9353974 -0.1329664 -0.3276455 0.2015299 -0.8974053 -0.3924914 -0.9077616 -0.4165098 0.04988549 0.364044 -0.9300132 0.0504715 -0.7452474 -0.4491177 0.4928484 0.5993615 -0.6992306 0.3896695 -0.5099299 -0.2183351 0.8320464 0.8733903 -0.3451386 -0.3436114 0.8251694 -0.270616 0.4958453 -0.2992626 0.1737271 0.9382222 -0.8733903 0.3451386 0.3436114 0.9301968 0.1598454 0.3304291 -0.1942351 0.6041884 0.772806 0.8946681 0.4443893 -0.04568626 -0.2297639 0.8887323 0.3966906 0.7321539 0.4743296 -0.4888375 -0.392278 0.9186726 -0.04646057 0.5047293 0.2382302 -0.8297558 -0.6197027 0.6825732 -0.3873789 0.2992626 -0.1737271 -0.9382222 -0.8251694 0.270616 -0.4958453 0.1942351 -0.6041884 -0.772806 -0.9301968 -0.1598454 -0.3304291 0.2297639 -0.8887323 -0.3966906 -0.8946681 -0.4443893 0.04568626 0.392278 -0.9186726 0.04646057 -0.7321539 -0.4743296 0.4888375 0.6197027 -0.6825732 0.3873789 -0.5047293 -0.2382302 0.8297558 0.8842152 -0.3163773 -0.3436114 0.8321376 -0.2478097 0.4961224 -0.3062308 0.159505 0.9384992 -0.8842152 0.3163773 0.3436114 0.9242279 0.1865383 0.3331761 -0.2141405 0.593853 0.775553 0.8807035 0.4718448 -0.04151857 -0.2576649 0.8791595 0.4008583 0.7181894 0.4991324 -0.484841 -0.420179 0.9064471 -0.04246413 0.4987603 0.2579782 -0.8274572 -0.6396081 0.665293 -0.3850803 0.3062308 -0.159505 -0.9384992 -0.8321376 0.2478097 -0.4961224 0.2141405 -0.593853 -0.775553 -0.9242279 -0.1865383 -0.3331761 0.2576649 -0.8791595 -0.4008583 -0.8807035 -0.4718448 0.04151857 0.420179 -0.9064471 0.04246413 -0.7181894 -0.4991324 0.484841 0.6396081 -0.665293 0.3850803 -0.4987603 -0.2579782 0.8274572 0.8940934 -0.2872772 -0.3436114 0.8384963 -0.2248073 0.4963724 -0.3125895 0.145043 0.9387493 -0.8940934 0.2872772 0.3436114 0.9174971 0.2130215 0.3358884 -0.2335888 0.5828717 0.7782653 0.8658829 0.4988481 -0.03738011 -0.2852029 0.8686984 0.4049968 0.7033688 0.5234966 -0.4808571 -0.4477171 0.8933469 -0.03848023 0.4920295 0.2775521 -0.8251495 -0.6590563 0.6474024 -0.3827726 0.3125895 -0.145043 -0.9387493 -0.8384963 0.2248073 -0.4963724 0.2335888 -0.5828717 -0.7782653 -0.9174971 -0.2130215 -0.3358884 0.2852029 -0.8686984 -0.4049968 -0.8658829 -0.4988481 0.03738011 0.4477171 -0.8933469 0.03848023 -0.7033688 -0.5234966 0.4808571 0.6590563 -0.6474024 0.3827726 -0.4920295 -0.2775521 0.8251495 0.9030141 -0.2578694 -0.3436114 0.8442388 -0.2016266 0.4965961 -0.318332 0.1303632 0.9389729 -0.9030141 0.2578694 0.3436114 0.9100116 0.2392716 0.3385676 -0.2525591 0.5712614 0.7809445 0.8502222 0.5253717 -0.03326861 -0.3123486 0.8573615 0.4091083 0.687708 0.5473934 -0.4768838 -0.4748627 0.8793831 -0.03450693 0.4845441 0.2969249 -0.8228321 -0.6780267 0.6289147 -0.3804552 0.318332 -0.1303632 -0.9389729 -0.8442388 0.2016266 -0.4965961 0.2525591 -0.5712614 -0.7809445 -0.9100116 -0.2392716 -0.3385676 0.3123486 -0.8573615 -0.4091083 -0.8502222 -0.5253717 0.03326861 0.4748627 -0.8793831 0.03450693 -0.687708 -0.5473934 0.4768838 0.6780267 -0.6289147 0.3804552 -0.4845441 -0.2969249 0.8228321 0.9109679 -0.2281856 -0.3436114 0.8493587 -0.1782857 0.4967937 -0.3234519 0.1154881 0.9391706 -0.9109679 0.2281856 0.3436114 0.9017794 0.2652656 0.3412155 -0.2710312 0.5590394 0.7835924 0.833738 0.5513887 -0.02918184 -0.3390727 0.8451624 0.4131951 0.6712238 0.5707942 -0.4729192 -0.5015869 0.864568 -0.0305423 0.4763119 0.31607 -0.820504 -0.6964988 0.6098437 -0.3781271 0.3234519 -0.1154881 -0.9391706 -0.8493587 0.1782857 -0.4967937 0.2710312 -0.5590394 -0.7835924 -0.9017794 -0.2652656 -0.3412155 0.3390727 -0.8451624 -0.4131951 -0.833738 -0.5513887 0.02918184 0.5015869 -0.864568 0.0305423 -0.6712238 -0.5707942 0.4729192 0.6964988 -0.6098437 0.3781271 -0.4763119 -0.31607 0.820504 0.9179462 -0.1982574 -0.3436114 0.8538508 -0.154803 0.4969657 -0.327944 0.1004402 0.9393426 -0.9179462 0.1982574 0.3436114 0.8928094 0.2909806 0.3438336 -0.2889853 0.5462238 0.7862105 0.816448 0.5768725 -0.02511765 -0.3653468 0.8321157 0.4172592 0.6539338 0.5936715 -0.4689613 -0.5278609 0.8489147 -0.02658443 0.4673419 0.3349611 -0.8181642 -0.7144528 0.5902043 -0.3757873 0.327944 -0.1004402 -0.9393426 -0.8538508 0.154803 -0.4969657 0.2889853 -0.5462238 -0.7862105 -0.8928094 -0.2909806 -0.3438336 0.3653468 -0.8321157 -0.4172592 -0.816448 -0.5768725 0.02511765 0.5278609 -0.8489147 0.02658443 -0.6539338 -0.5936715 0.4689613 0.7144528 -0.5902043 0.3757873 -0.4673419 -0.3349611 0.8181642 0.9239415 -0.1681169 -0.3436114 0.8577101 -0.1311969 0.4971125 -0.3318033 0.08524239 0.9394894 -0.9239415 0.1681169 0.3436114 0.8831112 0.3163943 0.3464235 -0.3064021 0.5328336 0.7888004 0.7983707 0.6017974 -0.02107392 -0.3911426 0.8182367 0.421303 0.6358566 0.6159981 -0.4650083 -0.5536567 0.8324374 -0.02263142 0.4576437 0.3535723 -0.8158118 -0.7318696 0.5700116 -0.3734349 0.3318033 -0.08524239 -0.9394894 -0.8577101 0.1311969 -0.4971125 0.3064021 -0.5328336 -0.7888004 -0.8831112 -0.3163943 -0.3464235 0.3911426 -0.8182367 -0.421303 -0.7983707 -0.6017974 0.02107392 0.5536567 -0.8324374 0.02263142 -0.6358566 -0.6159981 0.4650083 0.7318696 -0.5700116 0.3734349 -0.4576437 -0.3535723 0.8158118 0.9289474 -0.1377963 -0.3436114 0.8609325 -0.1074862 0.4972344 -0.3350257 0.06991747 0.9396113 -0.9289474 0.1377963 0.3436114 0.8726951 0.3414843 0.3489867 -0.323263 0.518888 0.7913636 0.7795256 0.6261384 -0.01704856 -0.4164326 0.803542 0.4253283 0.6170114 0.6377477 -0.4610583 -0.5789467 0.8151514 -0.01868139 0.4472276 0.3718781 -0.8134459 -0.7487306 0.5492817 -0.371069 0.3350257 -0.06991747 -0.9396113 -0.8609325 0.1074862 -0.4972344 0.323263 -0.518888 -0.7913636 -0.8726951 -0.3414843 -0.3489867 0.4164326 -0.803542 -0.4253283 -0.7795256 -0.6261384 0.01704856 0.5789467 -0.8151514 0.01868139 -0.6170114 -0.6377477 0.4610583 0.7487306 -0.5492817 0.371069 -0.4472276 -0.3718781 0.8134459 0.9329586 -0.1073283 -0.3436114 0.8635145 -0.08368958 0.4973316 -0.3376077 0.05448841 0.9397085 -0.9329586 0.1073283 0.3436114 0.8615723 0.366229 0.3515245 -0.33955 0.504407 0.7939014 0.7599327 0.649871 -0.01303953 -0.4411896 0.788049 0.4293374 0.5974186 0.6588946 -0.4571093 -0.6037037 0.7970726 -0.01473243 0.4361048 0.3898533 -0.8110654 -0.7650175 0.5280313 -0.3686885 0.3376077 -0.05448841 -0.9397085 -0.8635145 0.08368958 -0.4973316 0.33955 -0.504407 -0.7939014 -0.8615723 -0.366229 -0.3515245 0.4411896 -0.788049 -0.4293374 -0.7599327 -0.649871 0.01303953 0.6037037 -0.7970726 0.01473243 -0.5974186 -0.6588946 0.4571093 0.7650175 -0.5280313 0.3686885 -0.4361048 -0.3898533 0.8110654 0.9359708 -0.07674523 -0.3436114 0.8654535 -0.05982612 0.4974043 -0.3395467 0.03897827 0.9397812 -0.9359708 0.07674523 0.3436114 0.8497547 0.390607 0.3540383 -0.3552455 0.4894114 0.7964152 0.7396131 0.6729715 -0.009044817 -0.4653872 0.7717759 0.4333321 0.5770989 0.6794139 -0.4531596 -0.6279013 0.7782183 -0.01078267 0.4242872 0.4074733 -0.8086692 -0.7807131 0.5062776 -0.3662923 0.3395467 -0.03897827 -0.9397812 -0.8654535 0.05982612 -0.4974043 0.3552455 -0.4894114 -0.7964152 -0.8497547 -0.390607 -0.3540383 0.4653872 -0.7717759 -0.4333321 -0.7396131 -0.6729715 0.009044817 0.6279013 -0.7782183 0.01078267 -0.5770989 -0.6794139 0.4531596 0.7807131 -0.5062776 0.3662923 -0.4242872 -0.4074733 0.8086692 0.9379807 -0.04608004 -0.3436114 0.8667473 -0.03591483 0.4974527 -0.3408405 0.02341016 0.9398296 -0.9379807 0.04608004 0.3436114 0.837255 0.4145972 0.3565294 -0.3703329 0.4739222 0.7989063 0.7185885 0.6954171 -0.005062438 -0.4889994 0.7547421 0.4373145 0.5560743 0.6992813 -0.4492071 -0.6515135 0.7586063 -0.006830207 0.4117875 0.4247137 -0.8062564 -0.7958004 0.4840387 -0.3638795 0.3408405 -0.02341016 -0.9398296 -0.8667473 0.03591483 -0.4974527 0.3703329 -0.4739222 -0.7989063 -0.837255 -0.4145972 -0.3565294 0.4889994 -0.7547421 -0.4373145 -0.7185885 -0.6954171 0.005062438 0.6515135 -0.7586063 0.006830207 -0.5560743 -0.6992813 0.4492071 0.7958004 -0.4840387 0.3638795 -0.4117875 -0.4247137 0.8062564 0.9389862 -0.0153655 -0.3436114 0.8673946 -0.0119748 0.4974769 -0.3414878 0.007807254 0.9398538 -0.9389862 0.0153655 0.3436114 0.8240865 0.4381792 0.3589992 -0.3847959 0.4579612 0.8013761 0.6968814 0.7171856 -0.001090432 -0.512001 0.7369676 0.4412865 0.5343673 0.7184734 -0.44525 -0.6745151 0.7382555 -0.002873143 0.398619 0.4415508 -0.8038257 -0.8102634 0.4613328 -0.3614488 0.3414878 -0.007807254 -0.9398538 -0.8673946 0.0119748 -0.4974769 0.3847959 -0.4579612 -0.8013761 -0.8240865 -0.4381792 -0.3589992 0.512001 -0.7369676 -0.4412865 -0.6968814 -0.7171856 0.001090432 0.6745151 -0.7382555 0.002873143 -0.5343673 -0.7184734 0.44525 0.8102634 -0.4613328 0.3614488 -0.398619 -0.4415508 0.8038257 0.9389862 0.0153655 -0.3436114 0.8673946 0.0119748 0.4974769 -0.3414878 -0.007807254 0.9398538 -0.9389862 -0.0153655 0.3436114 0.8102634 0.4613328 0.3614488 -0.398619 0.4415508 0.8038257 0.6745151 0.7382555 0.002873143 -0.5343673 0.7184734 0.44525 0.512001 0.7369676 -0.4412865 -0.6968814 0.7171856 0.001090432 0.3847959 0.4579612 -0.8013761 -0.8240865 0.4381792 -0.3589992 0.3414878 0.007807254 -0.9398538 -0.8673946 -0.0119748 -0.4974769 0.398619 -0.4415508 -0.8038257 -0.8102634 -0.4613328 -0.3614488 0.5343673 -0.7184734 -0.44525 -0.6745151 -0.7382555 -0.002873143 0.6968814 -0.7171856 -0.001090432 -0.512001 -0.7369676 0.4412865 0.8240865 -0.4381792 0.3589992 -0.3847959 -0.4579612 0.8013761 0.9379807 0.04608004 -0.3436114 0.8667473 0.03591483 0.4974527 -0.3408405 -0.02341016 0.9398296 -0.9379807 -0.04608004 0.3436114 0.7958004 0.4840387 0.3638795 -0.4117875 0.4247137 0.8062564 0.6515135 0.7586063 0.006830207 -0.5560743 0.6992813 0.4492071 0.4889994 0.7547421 -0.4373145 -0.7185885 0.6954171 0.005062438 0.3703329 0.4739222 -0.7989063 -0.837255 0.4145972 -0.3565294 0.3408405 0.02341016 -0.9398296 -0.8667473 -0.03591483 -0.4974527 0.4117875 -0.4247137 -0.8062564 -0.7958004 -0.4840387 -0.3638795 0.5560743 -0.6992813 -0.4492071 -0.6515135 -0.7586063 -0.006830207 0.7185885 -0.6954171 -0.005062438 -0.4889994 -0.7547421 0.4373145 0.837255 -0.4145972 0.3565294 -0.3703329 -0.4739222 0.7989063 0.9359708 0.07674523 -0.3436114 0.8654535 0.05982612 0.4974043 -0.3395467 -0.03897827 0.9397812 -0.9359708 -0.07674523 0.3436114 0.7807131 0.5062776 0.3662923 -0.4242872 0.4074733 0.8086692 0.6279013 0.7782183 0.01078267 -0.5770989 0.6794139 0.4531596 0.4653872 0.7717759 -0.4333321 -0.7396131 0.6729715 0.009044817 0.3552455 0.4894114 -0.7964152 -0.8497547 0.390607 -0.3540383 0.3395467 0.03897827 -0.9397812 -0.8654535 -0.05982612 -0.4974043 0.4242872 -0.4074733 -0.8086692 -0.7807131 -0.5062776 -0.3662923 0.5770989 -0.6794139 -0.4531596 -0.6279013 -0.7782183 -0.01078267 0.7396131 -0.6729715 -0.009044817 -0.4653872 -0.7717759 0.4333321 0.8497547 -0.390607 0.3540383 -0.3552455 -0.4894114 0.7964152 0.9329586 0.1073283 -0.3436114 0.8635145 0.08368958 0.4973316 -0.3376077 -0.05448841 0.9397085 -0.9329586 -0.1073283 0.3436114 0.7650175 0.5280313 0.3686885 -0.4361048 0.3898533 0.8110654 0.6037037 0.7970726 0.01473243 -0.5974186 0.6588946 0.4571093 0.4411896 0.788049 -0.4293374 -0.7599327 0.649871 0.01303953 0.33955 0.504407 -0.7939014 -0.8615723 0.366229 -0.3515245 0.3376077 0.05448841 -0.9397085 -0.8635145 -0.08368958 -0.4973316 0.4361048 -0.3898533 -0.8110654 -0.7650175 -0.5280313 -0.3686885 0.5974186 -0.6588946 -0.4571093 -0.6037037 -0.7970726 -0.01473243 0.7599327 -0.649871 -0.01303953 -0.4411896 -0.788049 0.4293374 0.8615723 -0.366229 0.3515245 -0.33955 -0.504407 0.7939014 0.9289474 0.1377963 -0.3436114 0.8609325 0.1074862 0.4972344 -0.3350257 -0.06991747 0.9396113 -0.9289474 -0.1377963 0.3436114 0.7487306 0.5492817 0.371069 -0.4472276 0.3718781 0.8134459 0.5789467 0.8151514 0.01868139 -0.6170114 0.6377477 0.4610583 0.4164326 0.803542 -0.4253283 -0.7795256 0.6261384 0.01704856 0.323263 0.518888 -0.7913636 -0.8726951 0.3414843 -0.3489867 0.3350257 0.06991747 -0.9396113 -0.8609325 -0.1074862 -0.4972344 0.4472276 -0.3718781 -0.8134459 -0.7487306 -0.5492817 -0.371069 0.6170114 -0.6377477 -0.4610583 -0.5789467 -0.8151514 -0.01868139 0.7795256 -0.6261384 -0.01704856 -0.4164326 -0.803542 0.4253283 0.8726951 -0.3414843 0.3489867 -0.323263 -0.518888 0.7913636 0.9239415 0.1681169 -0.3436114 0.8577101 0.1311969 0.4971125 -0.3318033 -0.08524239 0.9394894 -0.9239415 -0.1681169 0.3436114 0.7318696 0.5700116 0.3734349 -0.4576437 0.3535723 0.8158118 0.5536567 0.8324374 0.02263142 -0.6358566 0.6159981 0.4650083 0.3911426 0.8182367 -0.421303 -0.7983707 0.6017974 0.02107392 0.3064021 0.5328336 -0.7888004 -0.8831112 0.3163943 -0.3464235 0.3318033 0.08524239 -0.9394894 -0.8577101 -0.1311969 -0.4971125 0.4576437 -0.3535723 -0.8158118 -0.7318696 -0.5700116 -0.3734349 0.6358566 -0.6159981 -0.4650083 -0.5536567 -0.8324374 -0.02263142 0.7983707 -0.6017974 -0.02107392 -0.3911426 -0.8182367 0.421303 0.8831112 -0.3163943 0.3464235 -0.3064021 -0.5328336 0.7888004 0.9179462 0.1982574 -0.3436114 0.8538508 0.154803 0.4969657 -0.327944 -0.1004402 0.9393426 -0.9179462 -0.1982574 0.3436114 0.7144528 0.5902043 0.3757873 -0.4673419 0.3349611 0.8181642 0.5278609 0.8489147 0.02658443 -0.6539338 0.5936715 0.4689613 0.3653468 0.8321157 -0.4172592 -0.816448 0.5768725 0.02511765 0.2889853 0.5462238 -0.7862105 -0.8928094 0.2909806 -0.3438336 0.327944 0.1004402 -0.9393426 -0.8538508 -0.154803 -0.4969657 0.4673419 -0.3349611 -0.8181642 -0.7144528 -0.5902043 -0.3757873 0.6539338 -0.5936715 -0.4689613 -0.5278609 -0.8489147 -0.02658443 0.816448 -0.5768725 -0.02511765 -0.3653468 -0.8321157 0.4172592 0.8928094 -0.2909806 0.3438336 -0.2889853 -0.5462238 0.7862105 0.9109679 0.2281856 -0.3436114 0.8493587 0.1782857 0.4967937 -0.3234519 -0.1154881 0.9391706 -0.9109679 -0.2281856 0.3436114 0.6964988 0.6098437 0.3781271 -0.4763119 0.31607 0.820504 0.5015869 0.864568 0.0305423 -0.6712238 0.5707942 0.4729192 0.3390727 0.8451624 -0.4131951 -0.833738 0.5513887 0.02918184 0.2710312 0.5590394 -0.7835924 -0.9017794 0.2652656 -0.3412155 0.3234519 0.1154881 -0.9391706 -0.8493587 -0.1782857 -0.4967937 0.4763119 -0.31607 -0.820504 -0.6964988 -0.6098437 -0.3781271 0.6712238 -0.5707942 -0.4729192 -0.5015869 -0.864568 -0.0305423 0.833738 -0.5513887 -0.02918184 -0.3390727 -0.8451624 0.4131951 0.9017794 -0.2652656 0.3412155 -0.2710312 -0.5590394 0.7835924 0.9030141 0.2578694 -0.3436114 0.8442388 0.2016266 0.4965961 -0.318332 -0.1303632 0.9389729 -0.9030141 -0.2578694 0.3436114 0.6780267 0.6289147 0.3804552 -0.4845441 0.2969249 0.8228321 0.4748627 0.8793831 0.03450693 -0.687708 0.5473934 0.4768838 0.3123486 0.8573615 -0.4091083 -0.8502222 0.5253717 0.03326861 0.2525591 0.5712614 -0.7809445 -0.9100116 0.2392716 -0.3385676 0.318332 0.1303632 -0.9389729 -0.8442388 -0.2016266 -0.4965961 0.4845441 -0.2969249 -0.8228321 -0.6780267 -0.6289147 -0.3804552 0.687708 -0.5473934 -0.4768838 -0.4748627 -0.8793831 -0.03450693 0.8502222 -0.5253717 -0.03326861 -0.3123486 -0.8573615 0.4091083 0.9100116 -0.2392716 0.3385676 -0.2525591 -0.5712614 0.7809445 0.8940934 0.2872772 -0.3436114 0.8384963 0.2248073 0.4963724 -0.3125895 -0.145043 0.9387493 -0.8940934 -0.2872772 0.3436114 0.6590563 0.6474024 0.3827726 -0.4920295 0.2775521 0.8251495 0.4477171 0.8933469 0.03848023 -0.7033688 0.5234966 0.4808571 0.2852029 0.8686984 -0.4049968 -0.8658829 0.4988481 0.03738011 0.2335888 0.5828717 -0.7782653 -0.9174971 0.2130215 -0.3358884 0.3125895 0.145043 -0.9387493 -0.8384963 -0.2248073 -0.4963724 0.4920295 -0.2775521 -0.8251495 -0.6590563 -0.6474024 -0.3827726 0.7033688 -0.5234966 -0.4808571 -0.4477171 -0.8933469 -0.03848023 0.8658829 -0.4988481 -0.03738011 -0.2852029 -0.8686984 0.4049968 0.9174971 -0.2130215 0.3358884 -0.2335888 -0.5828717 0.7782653 0.8842152 0.3163773 -0.3436114 0.8321376 0.2478097 0.4961224 -0.3062308 -0.159505 0.9384992 -0.8842152 -0.3163773 0.3436114 0.6396081 0.665293 0.3850803 -0.4987603 0.2579782 0.8274572 0.420179 0.9064471 0.04246413 -0.7181894 0.4991324 0.484841 0.2576649 0.8791595 -0.4008583 -0.8807035 0.4718448 0.04151857 0.2141405 0.593853 -0.775553 -0.9242279 0.1865383 -0.3331761 0.3062308 0.159505 -0.9384992 -0.8321376 -0.2478097 -0.4961224 0.4987603 -0.2579782 -0.8274572 -0.6396081 -0.665293 -0.3850803 0.7181894 -0.4991324 -0.484841 -0.420179 -0.9064471 -0.04246413 0.8807035 -0.4718448 -0.04151857 -0.2576649 -0.8791595 0.4008583 0.9242279 -0.1865383 0.3331761 -0.2141405 -0.593853 0.775553 0.8733903 0.3451386 -0.3436114 0.8251694 0.270616 0.4958453 -0.2992626 -0.1737271 0.9382222 -0.8733903 -0.3451386 0.3436114 0.6197027 0.6825732 0.3873789 -0.5047293 0.2382302 0.8297558 0.392278 0.9186726 0.04646057 -0.7321539 0.4743296 0.4888375 0.2297639 0.8887323 -0.3966906 -0.8946681 0.4443893 0.04568626 0.1942351 0.6041884 -0.772806 -0.9301968 0.1598454 -0.3304291 0.2992626 0.1737271 -0.9382222 -0.8251694 -0.270616 -0.4958453 0.5047293 -0.2382302 -0.8297558 -0.6197027 -0.6825732 -0.3873789 0.7321539 -0.4743296 -0.4888375 -0.392278 -0.9186726 -0.04646057 0.8946681 -0.4443893 -0.04568626 -0.2297639 -0.8887323 0.3966906 0.9301968 -0.1598454 0.3304291 -0.1942351 -0.6041884 0.772806 0.86163 0.3735303 -0.3436114 0.8175991 0.2932085 0.4955406 -0.2916923 -0.187687 0.9379175 -0.86163 -0.3735303 0.3436114 0.5993615 0.6992306 0.3896695 -0.5099299 0.2183351 0.8320464 0.364044 0.9300132 0.0504715 -0.7452474 0.4491177 0.4928484 0.2015299 0.8974053 -0.3924914 -0.9077616 0.4165098 0.04988549 0.173894 0.6138619 -0.7700224 -0.9353974 0.1329664 -0.3276455 0.2916923 0.187687 -0.9379175 -0.8175991 -0.2932085 -0.4955406 0.5099299 -0.2183351 -0.8320464 -0.5993615 -0.6992306 -0.3896695 0.7452474 -0.4491177 -0.4928484 -0.364044 -0.9300132 -0.0504715 0.9077616 -0.4165098 -0.04988549 -0.2015299 -0.8974053 0.3924914 0.9353974 -0.1329664 0.3276455 -0.173894 -0.6138619 0.7700224 0.8489471 0.4015221 -0.3436114 0.8094349 0.3155701 0.4952077 -0.2835281 -0.2013629 0.9375846 -0.8489471 -0.4015221 0.3436114 0.5786063 0.7152536 0.3919529 -0.5143567 0.1983206 0.8343297 0.3355071 0.9404599 0.05449891 -0.7574559 0.4235269 0.4968758 0.172993 0.9051679 -0.3882582 -0.91997 0.3882349 0.05411865 0.1531388 0.622858 -0.7672004 -0.9398242 0.105925 -0.3248235 0.2835281 0.2013629 -0.9375846 -0.8094349 -0.3155701 -0.4952077 0.5143567 -0.1983206 -0.8343297 -0.5786063 -0.7152536 -0.3919529 0.7574559 -0.4235269 -0.4968758 -0.3355071 -0.9404599 -0.05449891 0.91997 -0.3882349 -0.05411865 -0.172993 -0.9051679 0.3882582 0.9398242 -0.105925 0.3248235 -0.1531388 -0.622858 0.7672004 0.8353551 0.4290839 -0.3436114 0.8006855 0.3376838 0.4948458 -0.2747787 -0.2147332 0.9372227 -0.8353551 -0.4290839 0.3436114 0.5574593 0.7306313 0.3942297 -0.5180049 0.1782143 0.8366066 0.306698 0.9500046 0.0585448 -0.7687662 0.3975877 0.5009217 0.1441839 0.9120108 -0.3839887 -0.9312804 0.3595938 0.05838822 0.1319918 0.6311621 -0.764338 -0.9434724 0.0787451 -0.3219611 0.2747787 0.2147332 -0.9372227 -0.8006855 -0.3376838 -0.4948458 0.5180049 -0.1782143 -0.8366066 -0.5574593 -0.7306313 -0.3942297 0.7687662 -0.3975877 -0.5009217 -0.306698 -0.9500046 -0.0585448 0.9312804 -0.3595938 -0.05838822 -0.1441839 -0.9120108 0.3839887 0.9434724 -0.0787451 0.3219611 -0.1319918 -0.6311621 0.764338 0.8208687 0.4561862 -0.3436114 0.7913603 0.359533 0.4944541 -0.2654535 -0.2277764 0.936831 -0.8208687 -0.4561862 0.3436114 0.5359432 0.7453536 0.3965008 -0.5208706 0.1580442 0.8388777 0.2776475 0.9586405 0.06261124 -0.7791663 0.3713311 0.5049881 0.1151334 0.9179255 -0.3796802 -0.9416805 0.3306161 0.06269671 0.1104757 0.6387603 -0.7614331 -0.9463382 0.05145085 -0.3190563 0.2654535 0.2277764 -0.936831 -0.7913603 -0.359533 -0.4944541 0.5208706 -0.1580442 -0.8388777 -0.5359432 -0.7453536 -0.3965008 0.7791663 -0.3713311 -0.5049881 -0.2776475 -0.9586405 -0.06261124 0.9416805 -0.3306161 -0.06269671 -0.1151334 -0.9179255 0.3796802 0.9463382 -0.05145085 0.3190563 -0.1104757 -0.6387603 0.7614331 0.8055032 0.4828 -0.3436114 0.7814693 0.3811014 0.4940318 -0.2555625 -0.2404715 0.9364087 -0.8055032 -0.4828 0.3436114 0.514081 0.7594113 0.398767 -0.5229508 0.1378384 0.8411439 0.2483867 0.9663618 0.06670028 -0.7886451 0.3447888 0.5090772 0.08587258 0.9229048 -0.3753302 -0.9511592 0.3013318 0.06704674 0.08861349 0.6456393 -0.7584837 -0.9484183 0.02406639 -0.3161068 0.2555625 0.2404715 -0.9364087 -0.7814693 -0.3811014 -0.4940318 0.5229508 -0.1378384 -0.8411439 -0.514081 -0.7594113 -0.398767 0.7886451 -0.3447888 -0.5090772 -0.2483867 -0.9663618 -0.06670028 0.9511592 -0.3013318 -0.06704674 -0.08587258 -0.9229048 0.3753302 0.9484183 -0.02406639 0.3161068 -0.08861349 -0.6456393 0.7584837 0.7892751 0.5088968 -0.3436114 0.771023 0.4023734 0.4935779 -0.2451162 -0.2527975 0.9359548 -0.7892751 -0.5088968 0.3436114 0.4918961 0.7727962 0.4010289 -0.5242432 0.1176253 0.8434058 0.2189469 0.9731637 0.07081404 -0.7971923 0.3179928 0.5131909 0.0564328 0.9269422 -0.3709359 -0.9597065 0.2717714 0.07144102 0.06642859 0.6517868 -0.7554874 -0.9497107 -0.003384036 -0.3131105 0.2451162 0.2527975 -0.9359548 -0.771023 -0.4023734 -0.4935779 0.5242432 -0.1176253 -0.8434058 -0.4918961 -0.7727962 -0.4010289 0.7971923 -0.3179928 -0.5131909 -0.2189469 -0.9731637 -0.07081404 0.9597065 -0.2717714 -0.07144102 -0.0564328 -0.9269422 0.3709359 0.9497107 0.003384036 0.3131105 -0.06642859 -0.6517868 0.7554874 0.7722019 0.5344487 -0.3436114 0.7600327 0.4233333 0.4930914 -0.2341259 -0.2647339 0.9354683 -0.7722019 -0.5344487 0.3436114 0.4694123 0.7855008 0.4032873 -0.5247463 0.09743352 0.8456642 0.1893597 0.9790427 0.07495469 -0.8047989 0.2909755 0.5173316 0.02684558 0.9300328 -0.3664946 -0.967313 0.2419656 0.07588233 0.04394475 0.6571911 -0.7524418 -0.9502139 -0.03087611 -0.3100649 0.2341259 0.2647339 -0.9354683 -0.7600327 -0.4233333 -0.4930914 0.5247463 -0.09743352 -0.8456642 -0.4694123 -0.7855008 -0.4032873 0.8047989 -0.2909755 -0.5173316 -0.1893597 -0.9790427 -0.07495469 0.967313 -0.2419656 -0.07588233 -0.02684558 -0.9300328 0.3664946 0.9502139 0.03087611 0.3100649 -0.04394475 -0.6571911 0.7524418 0.7543018 0.5594283 -0.3436114 0.7485101 0.4439665 0.4925712 -0.2226033 -0.2762603 0.9349481 -0.7543018 -0.5594283 0.3436114 0.4466536 0.7975184 0.4055429 -0.5244598 0.07729159 0.8479197 0.1596567 0.9839965 0.07912442 -0.8114567 0.2637697 0.5215013 -0.002857394 0.9321724 -0.3620033 -0.9739708 0.2119456 0.08037358 0.02118606 0.6618413 -0.7493446 -0.9499274 -0.05838551 -0.3069677 0.2226033 0.2762603 -0.9349481 -0.7485101 -0.4439665 -0.4925712 0.5244598 -0.07729159 -0.8479197 -0.4466536 -0.7975184 -0.4055429 0.8114567 -0.2637697 -0.5215013 -0.1596567 -0.9839965 -0.07912442 0.9739708 -0.2119456 -0.08037358 0.002857394 -0.9321724 0.3620033 0.9499274 0.05838551 0.3069677 -0.02118606 -0.6618413 0.7493446 0.7355939 0.5838089 -0.3436114 0.7364675 0.4642583 0.4920161 -0.2105608 -0.2873568 0.934393 -0.7355939 -0.5838089 0.3436114 0.4236444 0.8088434 0.4077962 -0.5233839 0.05722833 0.850173 0.1298698 0.9880236 0.08332549 -0.8171585 0.2364085 0.5257024 -0.03264432 0.9333581 -0.3574591 -0.9796726 0.181743 0.08491776 -0.001823124 0.6657272 -0.746193 -0.9488514 -0.08588793 -0.3038161 0.2105608 0.2873568 -0.934393 -0.7364675 -0.4642583 -0.4920161 0.5233839 -0.05722833 -0.850173 -0.4236444 -0.8088434 -0.4077962 0.8171585 -0.2364085 -0.5257024 -0.1298698 -0.9880236 -0.08332549 0.9796726 -0.181743 -0.08491776 0.03264432 -0.9333581 0.3574591 0.9488514 0.08588793 0.3038161 0.001823124 -0.6657272 0.746193 0.7160984 0.6075642 -0.3436114 0.7239179 0.4841948 0.4914247 -0.1980112 -0.2980038 0.9338015 -0.7160984 -0.6075642 0.3436114 0.4004094 0.8194712 0.4100478 -0.5215197 0.03727265 0.8524247 0.1000308 0.9911241 0.08756022 -0.8218983 0.2089255 0.5299371 -0.06248331 0.9335879 -0.3528589 -0.9844124 0.1513893 0.08951799 -0.02505815 0.6688395 -0.7429844 -0.9469873 -0.1133591 -0.3006075 0.1980112 0.2980038 -0.9338015 -0.7239179 -0.4841948 -0.4914247 0.5215197 -0.03727265 -0.8524247 -0.4004094 -0.8194712 -0.4100478 0.8218983 -0.2089255 -0.5299371 -0.1000308 -0.9911241 -0.08756022 0.9844124 -0.1513893 -0.08951799 0.06248331 -0.9335879 0.3528589 0.9469873 0.1133591 0.3006075 0.02505815 -0.6688395 0.7429844 0.695836 0.630669 -0.3436114 0.7108747 0.5037627 0.4907956 -0.1849679 -0.3081818 0.9331725 -0.695836 -0.630669 0.3436114 0.3769734 0.829398 0.4122985 -0.5188693 0.01745352 0.8546754 0.07017173 0.9932991 0.09183095 -0.8256709 0.1813546 0.5342078 -0.0923424 0.9328612 -0.3481994 -0.9881851 0.1209168 0.09417752 -0.04849415 0.6711697 -0.7397158 -0.9443368 -0.1407747 -0.2973389 0.1849679 0.3081818 -0.9331725 -0.7108747 -0.5037627 -0.4907956 0.5188693 -0.01745352 -0.8546754 -0.3769734 -0.829398 -0.4122985 0.8256709 -0.1813546 -0.5342078 -0.07017173 -0.9932991 -0.09183095 0.9881851 -0.1209168 -0.09417752 0.0923424 -0.9328612 0.3481994 0.9443368 0.1407747 0.2973389 0.04849415 -0.6711697 0.7397158 0.6748286 0.6530985 -0.3436114 0.6973519 0.522949 0.4901273 -0.1714451 -0.3178719 0.9325042 -0.6748286 -0.6530985 0.3436114 0.3533615 0.8386209 0.4145487 -0.5154354 -0.002199985 0.8569256 0.04032451 0.9945507 0.09614014 -0.8284724 0.1537298 0.538517 -0.1221896 0.9311784 -0.3434772 -0.9909866 0.09035747 0.09889974 -0.07210602 0.6727101 -0.7363843 -0.940903 -0.1681108 -0.2940074 0.1714451 0.3178719 -0.9325042 -0.6973519 -0.522949 -0.4901273 0.5154354 0.002199985 -0.8569256 -0.3533615 -0.8386209 -0.4145487 0.8284724 -0.1537298 -0.538517 -0.04032451 -0.9945507 -0.09614014 0.9909866 -0.09035747 -0.09889974 0.1221896 -0.9311784 0.3434772 0.940903 0.1681108 0.2940074 0.07210602 -0.6727101 0.7363843 0.6530985 0.6748286 -0.3436114 0.6833638 0.5417414 0.4894181 -0.1574571 -0.3270555 0.931795 -0.6530985 -0.6748286 0.3436114 0.329599 0.8471382 0.4167989 -0.5112218 -0.02165876 0.8591758 0.01052113 0.9948824 0.1004903 -0.8302998 0.1260855 0.5428672 -0.151993 0.9285408 -0.3386887 -0.9928139 0.05974388 0.1036881 -0.09586848 0.6734537 -0.7329866 -0.9366894 -0.1953433 -0.2906097 0.1574571 0.3270555 -0.931795 -0.6833638 -0.5417414 -0.4894181 0.5112218 0.02165876 -0.8591758 -0.329599 -0.8471382 -0.4167989 0.8302998 -0.1260855 -0.5428672 -0.01052113 -0.9948824 -0.1004903 0.9928139 -0.05974388 -0.1036881 0.151993 -0.9285408 0.3386887 0.9366894 0.1953433 0.2906097 0.09586848 -0.6734537 0.7329866 0.630669 0.695836 -0.3436114 0.6689256 0.5601283 0.4886663 -0.1430188 -0.3357144 0.9310432 -0.630669 -0.695836 0.3436114 0.3057114 0.854949 0.4190497 -0.506233 -0.04089365 0.8614266 -0.01920652 0.994299 0.1048839 -0.831151 0.09845632 0.5472608 -0.1817206 0.9249513 -0.3338305 -0.9936651 0.02910859 0.1085464 -0.1197561 0.6733943 -0.7295194 -0.9317005 -0.2224484 -0.2871425 0.1430188 0.3357144 -0.9310432 -0.6689256 -0.5601283 -0.4886663 0.506233 0.04089365 -0.8614266 -0.3057114 -0.854949 -0.4190497 0.831151 -0.09845632 -0.5472608 0.01920652 -0.994299 -0.1048839 0.9936651 -0.02910859 -0.1085464 0.1817206 -0.9249513 0.3338305 0.9317005 0.2224484 0.2871425 0.1197561 -0.6733943 0.7295194 0.6075642 0.7160984 -0.3436114 0.6540527 0.5780986 0.48787 -0.1281459 -0.3438305 0.9302469 -0.6075642 -0.7160984 0.3436114 0.2817243 0.8620536 0.4213015 -0.5004743 -0.05987547 0.8636784 -0.04882658 0.9928063 0.1093237 -0.8310252 0.07087717 0.5517006 -0.2113407 0.9204134 -0.3288984 -0.9935393 -0.001515653 0.1134784 -0.1437432 0.6725268 -0.7259791 -0.9259418 -0.2494023 -0.2836022 0.1281459 0.3438305 -0.9302469 -0.6540527 -0.5780986 -0.48787 0.5004743 0.05987547 -0.8636784 -0.2817243 -0.8620536 -0.4213015 0.8310252 -0.07087717 -0.5517006 0.04882658 -0.9928063 -0.1093237 0.9935393 0.001515653 -0.1134784 0.2113407 -0.9204134 0.3288984 0.9259418 0.2494023 0.2836022 0.1437432 -0.6725268 0.7259791 0.5838089 0.7355939 -0.3436114 0.638761 0.5956418 0.4870269 -0.1128542 -0.3513865 0.9294038 -0.5838089 -0.7355939 0.3436114 0.2576632 0.8684533 0.4235547 -0.4939519 -0.07857504 0.8659316 -0.07830734 0.9904114 0.1138125 -0.8299225 0.04338306 0.5561894 -0.2408215 0.9149323 -0.3238887 -0.9924366 -0.032096 0.1184882 -0.1678043 0.6708465 -0.7223619 -0.9194194 -0.2761818 -0.279985 0.1128542 0.3513865 -0.9294038 -0.638761 -0.5956418 -0.4870269 0.4939519 0.07857504 -0.8659316 -0.2576632 -0.8684533 -0.4235547 0.8299225 -0.04338306 -0.5561894 0.07830734 -0.9904114 -0.1138125 0.9924366 0.032096 -0.1184882 0.2408215 -0.9149323 0.3238887 0.9194194 0.2761818 0.279985 0.1678043 -0.6708465 0.7223619 0.5594283 0.7543018 -0.3436114 0.6230668 0.6127483 0.486135 -0.09716 -0.3583651 0.9285119 -0.5594283 -0.7543018 0.3436114 0.2335541 0.8741502 0.4258096 -0.4866727 -0.09696317 0.8681865 -0.1076172 0.9871226 0.1183529 -0.827844 0.01600923 0.5607298 -0.2701314 0.9085139 -0.318797 -0.9903582 -0.06259951 0.1235799 -0.1919134 0.6683499 -0.7186638 -0.9121402 -0.3027635 -0.2762869 0.09716 0.3583651 -0.9285119 -0.6230668 -0.6127483 -0.486135 0.4866727 0.09696317 -0.8681865 -0.2335541 -0.8741502 -0.4258096 0.827844 -0.01600923 -0.5607298 0.1076172 -0.9871226 -0.1183529 0.9903582 0.06259951 -0.1235799 0.2701314 -0.9085139 0.318797 0.9121402 0.3027635 0.2762869 0.1919134 -0.6683499 0.7186638 0.5344487 0.7722019 -0.3436114 0.606987 0.629409 0.4851918 -0.08108023 -0.3647496 0.9275687 -0.5344487 -0.7722019 0.3436114 0.2094227 0.879148 0.4280666 -0.4786446 -0.1150107 0.8704435 -0.1367249 0.9829497 0.1229481 -0.8247921 -0.01120895 0.565325 -0.299239 0.9011654 -0.3136189 -0.9873063 -0.09299318 0.1287579 -0.2160449 0.665034 -0.7148806 -0.9041121 -0.3291246 -0.2725038 0.08108023 0.3647496 -0.9275687 -0.606987 -0.629409 -0.4851918 0.4786446 0.1150107 -0.8704435 -0.2094227 -0.879148 -0.4280666 0.8247921 0.01120895 -0.565325 0.1367249 -0.9829497 -0.1229481 0.9873063 0.09299318 -0.1287579 0.299239 -0.9011654 0.3136189 0.9041121 0.3291246 0.2725038 0.2160449 -0.665034 0.7148806 0.5088968 0.7892751 -0.3436114 0.5905388 0.6456155 0.4841947 -0.06463205 -0.3705237 0.9265716 -0.5088968 -0.7892751 0.3436114 0.1852948 0.8834509 0.4303259 -0.4698761 -0.1326884 0.8727028 -0.1655991 0.9779033 0.1276008 -0.82077 -0.03823593 0.5699777 -0.3281133 0.8928953 -0.3083499 -0.9832841 -0.123244 0.134027 -0.2401728 0.6608969 -0.7110079 -0.8953437 -0.3552423 -0.268631 0.06463205 0.3705237 -0.9265716 -0.5905388 -0.6456155 -0.4841947 0.4698761 0.1326884 -0.8727028 -0.1852948 -0.8834509 -0.4303259 0.82077 0.03823593 -0.5699777 0.1655991 -0.9779033 -0.1276008 0.9832841 0.123244 -0.134027 0.3281133 -0.8928953 0.3083499 0.8953437 0.3552423 0.268631 0.2401728 -0.6608969 0.7110079 0.4828 0.8055032 -0.3436114 0.5737399 0.6613604 0.4831408 -0.04783308 -0.3756714 0.9255177 -0.4828 -0.8055032 0.3436114 0.1611962 0.8870646 0.4325877 -0.4603767 -0.1499672 0.8749646 -0.194209 0.9719958 0.1323144 -0.815782 -0.06503605 0.5746913 -0.3567231 0.883713 -0.302985 -0.9782961 -0.1533188 0.1393919 -0.2642713 0.6559374 -0.7070409 -0.8858442 -0.3810944 -0.264664 0.04783308 0.3756714 -0.9255177 -0.5737399 -0.6613604 -0.4831408 0.4603767 0.1499672 -0.8749646 -0.1611962 -0.8870646 -0.4325877 0.815782 0.06503605 -0.5746913 0.194209 -0.9719958 -0.1323144 0.9782961 0.1533188 -0.1393919 0.3567231 -0.883713 0.302985 0.8858442 0.3810944 0.264664 0.2642713 -0.6559374 0.7070409 0.4561862 0.8208687 -0.3436114 0.5566081 0.6766367 0.4820271 -0.03070132 -0.3801771 0.924404 -0.4561862 -0.8208687 0.3436114 0.1371529 0.8899959 0.4348522 -0.4501565 -0.166818 0.8772291 -0.2225239 0.9652403 0.137092 -0.8098333 -0.09157355 0.5794689 -0.3850381 0.8736293 -0.2975191 -0.9723475 -0.1831846 0.1448578 -0.2883146 0.650155 -0.7029745 -0.875624 -0.4066589 -0.2605976 0.03070132 0.3801771 -0.924404 -0.5566081 -0.6766367 -0.4820271 0.4501565 0.166818 -0.8772291 -0.1371529 -0.8899959 -0.4348522 0.8098333 0.09157355 -0.5794689 0.2225239 -0.9652403 -0.137092 0.9723475 0.1831846 -0.1448578 0.3850381 -0.8736293 0.2975191 0.875624 0.4066589 0.2605976 0.2883146 -0.650155 0.7029745 0.4290839 0.8353551 -0.3436114 0.5391619 0.6914386 0.4808504 -0.0132551 -0.3840256 0.9232273 -0.4290839 -0.8353551 0.3436114 0.1131905 0.8922526 0.4371193 -0.4392265 -0.1832117 0.8794962 -0.2505135 0.9576517 0.141937 -0.8029305 -0.1178125 0.5843139 -0.4130277 0.8626559 -0.2919468 -0.9654447 -0.2128084 0.1504301 -0.312277 0.6435502 -0.6988034 -0.864694 -0.431914 -0.2564265 0.0132551 0.3840256 -0.9232273 -0.5391619 -0.6914386 -0.4808504 0.4392265 0.1832117 -0.8794962 -0.1131905 -0.8922526 -0.4371193 0.8029305 0.1178125 -0.5843139 0.2505135 -0.9576517 -0.141937 0.9654447 0.2128084 -0.1504301 0.4130277 -0.8626559 0.2919468 0.864694 0.431914 0.2564265 0.312277 -0.6435502 0.6988034 0.4015221 0.8489471 -0.3436114 0.5214199 0.7057609 0.479607 0.004486887 -0.3872022 0.9219839 -0.4015221 -0.8489471 0.3436114 0.0893347 0.8938437 0.4393891 -0.4275983 -0.1991193 0.8817659 -0.2781479 0.949246 0.1468529 -0.7950809 -0.143717 0.5892298 -0.440662 0.8508059 -0.2862625 -0.957595 -0.2421571 0.1561144 -0.3361328 0.6361243 -0.6945218 -0.8530658 -0.4568387 -0.252145 -0.004486887 0.3872022 -0.9219839 -0.5214199 -0.7057609 -0.479607 0.4275983 0.1991193 -0.8817659 -0.0893347 -0.8938437 -0.4393891 0.7950809 0.143717 -0.5892298 0.2781479 -0.949246 -0.1468529 0.957595 0.2421571 -0.1561144 0.440662 -0.8508059 0.2862625 0.8530658 0.4568387 0.252145 0.3361328 -0.6361243 0.6945218 0.3735303 0.86163 -0.3436114 0.5034011 0.7195991 0.4782932 0.02250565 -0.3896923 0.9206701 -0.3735303 -0.86163 0.3436114 0.06561104 0.8947796 0.4416613 -0.4152844 -0.2145118 0.8840382 -0.3053974 0.9400405 0.1518433 -0.7862929 -0.169251 0.5942202 -0.4679115 0.8380936 -0.2804601 -0.948807 -0.2711978 0.1619168 -0.3598565 0.6278793 -0.6901238 -0.840752 -0.4814121 -0.2477469 -0.02250565 0.3896923 -0.9206701 -0.5034011 -0.7195991 -0.4782932 0.4152844 0.2145118 -0.8840382 -0.06561104 -0.8947796 -0.4416613 0.7862929 0.169251 -0.5942202 0.3053974 -0.9400405 -0.1518433 0.948807 0.2711978 -0.1619168 0.4679115 -0.8380936 0.2804601 0.840752 0.4814121 0.2477469 0.3598565 -0.6278793 0.6901238 0.3451386 0.8733903 -0.3436114 0.4851249 0.73295 0.4769047 0.04078188 -0.3914819 0.9192816 -0.3451386 -0.8733903 0.3436114 0.04204492 0.8950717 0.4439358 -0.4022981 -0.2293603 0.8863126 -0.3322328 0.9300538 0.1569119 -0.7765758 -0.1943782 0.5992888 -0.494747 0.8245343 -0.2745334 -0.93909 -0.2998976 0.1678435 -0.3834226 0.6188182 -0.6856028 -0.8277656 -0.5056137 -0.2432259 -0.04078188 0.3914819 -0.9192816 -0.4851249 -0.73295 -0.4769047 0.4022981 0.2293603 -0.8863126 -0.04204492 -0.8950717 -0.4439358 0.7765758 0.1943782 -0.5992888 0.3322328 -0.9300538 -0.1569119 0.93909 0.2998976 -0.1678435 0.494747 -0.8245343 0.2745334 0.8277656 0.5056137 0.2432259 0.3834226 -0.6188182 0.6856028 0.3163773 0.8842152 -0.3436114 0.4666108 0.7458109 0.4754371 0.05929603 -0.3925575 0.917814 -0.3163773 -0.8842152 0.3436114 0.01866158 0.8947327 0.4462121 -0.3886532 -0.2436357 0.888589 -0.3586255 0.919306 0.1620627 -0.7659402 -0.2190624 0.6044396 -0.5211396 0.8101446 -0.2684756 -0.9284544 -0.3282238 0.1739013 -0.406806 0.6089446 -0.6809518 -0.8141207 -0.5294238 -0.2385749 -0.05929603 0.3925575 -0.917814 -0.4666108 -0.7458109 -0.4754371 0.3886532 0.2436357 -0.888589 -0.01866158 -0.8947327 -0.4462121 0.7659402 0.2190624 -0.6044396 0.3586255 -0.919306 -0.1620627 0.9284544 0.3282238 -0.1739013 0.5211396 -0.8101446 0.2684756 0.8141207 0.5294238 0.2385749 0.406806 -0.6089446 0.6809518 0.2872772 0.8940934 -0.3436114 0.4478785 0.7581803 0.4738855 0.07802825 -0.3929056 0.9162624 -0.2872772 -0.8940934 0.3436114 -0.00451395 0.8937766 0.4484897 -0.3743642 -0.2573093 0.8908666 -0.3845471 0.9078184 0.1672997 -0.7543974 -0.2432674 0.6096766 -0.5470613 0.7949424 -0.2622797 -0.9169115 -0.3561435 0.1800972 -0.4299815 0.5982631 -0.6761635 -0.7998318 -0.5528227 -0.2337867 -0.07802825 0.3929056 -0.9162624 -0.4478785 -0.7581803 -0.4738855 0.3743642 0.2573093 -0.8908666 0.00451395 -0.8937766 -0.4484897 0.7543974 0.2432674 -0.6096766 0.3845471 -0.9078184 -0.1672997 0.9169115 0.3561435 -0.1800972 0.5470613 -0.7949424 0.2622797 0.7998318 0.5528227 0.2337867 0.4299815 -0.5982631 0.6761635 0.2578694 0.9030141 -0.3436114 0.4289483 0.7700574 0.4722445 0.0969585 -0.3925133 0.9146214 -0.2578694 -0.9030141 0.3436114 -0.02745684 0.8922187 0.4507681 -0.3594466 -0.270352 0.893145 -0.40997 0.895614 0.172627 -0.7419598 -0.2669567 0.6150039 -0.5724841 0.7789465 -0.2559381 -0.9044739 -0.3836242 0.1864388 -0.4529244 0.5867791 -0.6712301 -0.7849141 -0.5757916 -0.2288532 -0.0969585 0.3925133 -0.9146214 -0.4289483 -0.7700574 -0.4722445 0.3594466 0.270352 -0.893145 0.02745684 -0.8922187 -0.4507681 0.7419598 0.2669567 -0.6150039 0.40997 -0.895614 -0.172627 0.9044739 0.3836242 -0.1864388 0.5724841 -0.7789465 0.2559381 0.7849141 0.5757916 0.2288532 0.4529244 -0.5867791 0.6712301 0.2281856 0.9109679 -0.3436114 0.4098403 0.7814427 0.4705085 0.1160665 -0.391368 0.9128854 -0.2281856 -0.9109679 0.3436114 -0.05014253 0.8900758 0.4530462 -0.3439163 -0.2827349 0.8954231 -0.4348668 0.882717 0.1780492 -0.7286406 -0.2900937 0.6204261 -0.5973809 0.7621773 -0.249443 -0.8911547 -0.4106334 0.1929339 -0.4756101 0.5744986 -0.6661429 -0.7693838 -0.598312 -0.223766 -0.1160665 0.391368 -0.9128854 -0.4098403 -0.7814427 -0.4705085 0.3439163 0.2827349 -0.8954231 0.05014253 -0.8900758 -0.4530462 0.7286406 0.2900937 -0.6204261 0.4348668 -0.882717 -0.1780492 0.8911547 0.4106334 -0.1929339 0.5973809 -0.7621773 0.249443 0.7693838 0.598312 0.223766 0.4756101 -0.5744986 0.6661429 0.1982574 0.9179462 -0.3436114 0.390575 0.7923375 0.468671 0.1353318 -0.3894573 0.9110479 -0.1982574 -0.9179462 0.3436114 -0.07254673 0.8873657 0.4553231 -0.3277899 -0.2944291 0.8977 -0.4592109 0.8691531 0.1835708 -0.7144541 -0.3126417 0.6259477 -0.6217251 0.7446563 -0.2427858 -0.8769683 -0.4371385 0.199591 -0.4980143 0.5614288 -0.660893 -0.7532575 -0.620366 -0.2185161 -0.1353318 0.3894573 -0.9110479 -0.390575 -0.7923375 -0.468671 0.3277899 0.2944291 -0.8977 0.07254673 -0.8873657 -0.4553231 0.7144541 0.3126417 -0.6259477 0.4592109 -0.8691531 -0.1835708 0.8769683 0.4371385 -0.199591 0.6217251 -0.7446563 0.2427858 0.7532575 0.620366 0.2185161 0.4980143 -0.5614288 0.660893 0.1681169 0.9239415 -0.3436114 0.371173 0.802744 0.4667254 0.1547337 -0.3867693 0.9091023 -0.1681169 -0.9239415 0.3436114 -0.09464544 0.8841079 0.4575975 -0.3110847 -0.3054054 0.8999743 -0.4829763 0.8549495 0.1891964 -0.6994156 -0.3345639 0.6315733 -0.6454905 0.7264062 -0.2359578 -0.8619298 -0.4631071 0.2064191 -0.520113 0.5475773 -0.6554705 -0.7365523 -0.641936 -0.2130936 -0.1547337 0.3867693 -0.9091023 -0.371173 -0.802744 -0.4667254 0.3110847 0.3054054 -0.8999743 0.09464544 -0.8841079 -0.4575975 0.6994156 0.3345639 -0.6315733 0.4829763 -0.8549495 -0.1891964 0.8619298 0.4631071 -0.2064191 0.6454905 -0.7264062 0.2359578 0.7365523 0.641936 0.2130936 0.520113 -0.5475773 0.6554705 0.1377963 0.9289474 -0.3436114 0.3516552 0.8126659 0.4646641 0.1742516 -0.3832922 0.907041 -0.1377963 -0.9289474 0.3436114 -0.116415 0.8803234 0.4598677 -0.2938186 -0.3156348 0.9022446 -0.5061376 0.8401349 0.194931 -0.6835412 -0.3558232 0.6373079 -0.6686517 0.7074512 -0.2289493 -0.8460553 -0.488507 0.2134276 -0.5418825 0.5329528 -0.6498651 -0.7192862 -0.6630053 -0.2074882 -0.1742516 0.3832922 -0.907041 -0.3516552 -0.8126659 -0.4646641 0.2938186 0.3156348 -0.9022446 0.116415 -0.8803234 -0.4598677 0.6835412 0.3558232 -0.6373079 0.5061376 -0.8401349 -0.194931 0.8460553 0.488507 -0.2134276 0.6686517 -0.7074512 0.2289493 0.7192862 0.6630053 0.2074882 0.5418825 -0.5329528 0.6498651 0.1073283 0.9329586 -0.3436114 0.3320424 0.8221076 0.4624791 0.1938644 -0.3790147 0.904856 -0.1073283 -0.9329586 0.3436114 -0.1378321 0.8760344 0.462132 -0.2760101 -0.3250878 0.9045089 -0.5286698 0.8247398 0.2007797 -0.6668477 -0.3763824 0.6431565 -0.6911839 0.6878166 -0.2217502 -0.8293619 -0.5133057 0.2206267 -0.5632996 0.5175648 -0.6440654 -0.7014776 -0.6835575 -0.2016885 -0.1938644 0.3790147 -0.904856 -0.3320424 -0.8221076 -0.4624791 0.2760101 0.3250878 -0.9045089 0.1378321 -0.8760344 -0.462132 0.6668477 0.3763824 -0.6431565 0.5286698 -0.8247398 -0.2007797 0.8293619 0.5133057 -0.2206267 0.6911839 -0.6878166 0.2217502 0.7014776 0.6835575 0.2016885 0.5632996 -0.5175648 0.6440654 0.07674523 0.9359708 -0.3436114 0.3123556 0.8310748 0.4601616 0.2135512 -0.3739254 0.9025384 -0.07674523 -0.9359708 0.3436114 -0.1588738 0.8712651 0.4643881 -0.2576782 -0.3337352 0.906765 -0.5505488 0.8087962 0.2067477 -0.6493532 -0.396204 0.6491246 -0.713063 0.6675293 -0.2143497 -0.8118674 -0.5374709 0.2280272 -0.5843413 0.5014235 -0.6380594 -0.6831457 -0.7035768 -0.1956825 -0.2135512 0.3739254 -0.9025384 -0.3123556 -0.8310748 -0.4601616 0.2576782 0.3337352 -0.906765 0.1588738 -0.8712651 -0.4643881 0.6493532 0.396204 -0.6491246 0.5505488 -0.8087962 -0.2067477 0.8118674 0.5374709 -0.2280272 0.713063 -0.6675293 0.2143497 0.6831457 0.7035768 0.1956825 0.5843413 -0.5014235 0.6380594 0.04608004 0.9379807 -0.3436114 0.2926159 0.8395744 0.4577017 0.2332909 -0.3680135 0.9000786 -0.04608004 -0.9379807 0.3436114 -0.1795176 0.8660408 0.4666335 -0.2388426 -0.3415471 0.9090104 -0.5717514 0.7923378 0.2128407 -0.6310764 -0.41525 0.6552176 -0.7342655 0.6466175 -0.2067365 -0.7935905 -0.5609704 0.2356404 -0.6049851 0.48454 -0.6318338 -0.6643101 -0.7230478 -0.1894569 -0.2332909 0.3680135 -0.9000786 -0.2926159 -0.8395744 -0.4577017 0.2388426 0.3415471 -0.9090104 0.1795176 -0.8660408 -0.4666335 0.6310764 0.41525 -0.6552176 0.5717514 -0.7923378 -0.2128407 0.7935905 0.5609704 -0.2356404 0.7342655 -0.6466175 0.2067365 0.6643101 0.7230478 0.1894569 0.6049851 -0.48454 0.6318338 0.0153655 0.9389862 -0.3436114 0.2728444 0.8476143 0.4550889 0.2530624 -0.3612681 0.8974658 -0.0153655 -0.9389862 0.3436114 -0.1997413 0.8603889 0.468865 -0.2195234 -0.3484935 0.9112419 -0.5922546 0.7754001 0.2190641 -0.6120367 -0.4334822 0.661441 -0.7547688 0.6251109 -0.1988982 -0.7745508 -0.5837715 0.2434786 -0.6252089 0.4669265 -0.6253747 -0.6449909 -0.7419559 -0.1829978 -0.2530624 0.3612681 -0.8974658 -0.2728444 -0.8476143 -0.4550889 0.2195234 0.3484935 -0.9112419 0.1997413 -0.8603889 -0.468865 0.6120367 0.4334822 -0.661441 0.5922546 -0.7754001 -0.2190641 0.7745508 0.5837715 -0.2434786 0.7547688 -0.6251109 0.1988982 0.6449909 0.7419559 0.1829978 0.6252089 -0.4669265 0.6253747 -0.0153655 0.9389862 -0.3436114 0.2530624 0.3612681 -0.8974658 0.2728444 -0.8476143 -0.4550889 0.0153655 -0.9389862 0.3436114 0.6252089 0.4669265 -0.6253747 0.6449909 -0.7419559 -0.1829978 0.7547688 0.6251109 -0.1988982 0.7745508 -0.5837715 0.2434786 0.5922546 0.7754001 0.2190641 0.6120367 -0.4334822 0.661441 0.1997413 0.8603889 0.468865 0.2195234 -0.3484935 0.9112419 -0.2728444 0.8476143 0.4550889 -0.2530624 -0.3612681 0.8974658 -0.6449909 0.7419559 0.1829978 -0.6252089 -0.4669265 0.6253747 -0.7745508 0.5837715 -0.2434786 -0.7547688 -0.6251109 0.1988982 -0.6120367 0.4334822 -0.661441 -0.5922546 -0.7754001 -0.2190641 -0.2195234 0.3484935 -0.9112419 -0.1997413 -0.8603889 -0.468865 -0.04608004 0.9379807 -0.3436114 0.2332909 0.3680135 -0.9000786 0.2926159 -0.8395744 -0.4577017 0.04608004 -0.9379807 0.3436114 0.6049851 0.48454 -0.6318338 0.6643101 -0.7230478 -0.1894569 0.7342655 0.6466175 -0.2067365 0.7935905 -0.5609704 0.2356404 0.5717514 0.7923378 0.2128407 0.6310764 -0.41525 0.6552176 0.1795176 0.8660408 0.4666335 0.2388426 -0.3415471 0.9090104 -0.2926159 0.8395744 0.4577017 -0.2332909 -0.3680135 0.9000786 -0.6643101 0.7230478 0.1894569 -0.6049851 -0.48454 0.6318338 -0.7935905 0.5609704 -0.2356404 -0.7342655 -0.6466175 0.2067365 -0.6310764 0.41525 -0.6552176 -0.5717514 -0.7923378 -0.2128407 -0.2388426 0.3415471 -0.9090104 -0.1795176 -0.8660408 -0.4666335 -0.07674523 0.9359708 -0.3436114 0.2135512 0.3739254 -0.9025384 0.3123556 -0.8310748 -0.4601616 0.07674523 -0.9359708 0.3436114 0.5843413 0.5014235 -0.6380594 0.6831457 -0.7035768 -0.1956825 0.713063 0.6675293 -0.2143497 0.8118674 -0.5374709 0.2280272 0.5505488 0.8087962 0.2067477 0.6493532 -0.396204 0.6491246 0.1588738 0.8712651 0.4643881 0.2576782 -0.3337352 0.906765 -0.3123556 0.8310748 0.4601616 -0.2135512 -0.3739254 0.9025384 -0.6831457 0.7035768 0.1956825 -0.5843413 -0.5014235 0.6380594 -0.8118674 0.5374709 -0.2280272 -0.713063 -0.6675293 0.2143497 -0.6493532 0.396204 -0.6491246 -0.5505488 -0.8087962 -0.2067477 -0.2576782 0.3337352 -0.906765 -0.1588738 -0.8712651 -0.4643881 -0.1073283 0.9329586 -0.3436114 0.1938644 0.3790147 -0.904856 0.3320424 -0.8221076 -0.4624791 0.1073283 -0.9329586 0.3436114 0.5632996 0.5175648 -0.6440654 0.7014776 -0.6835575 -0.2016885 0.6911839 0.6878166 -0.2217502 0.8293619 -0.5133057 0.2206267 0.5286698 0.8247398 0.2007797 0.6668477 -0.3763824 0.6431565 0.1378321 0.8760344 0.462132 0.2760101 -0.3250878 0.9045089 -0.3320424 0.8221076 0.4624791 -0.1938644 -0.3790147 0.904856 -0.7014776 0.6835575 0.2016885 -0.5632996 -0.5175648 0.6440654 -0.8293619 0.5133057 -0.2206267 -0.6911839 -0.6878166 0.2217502 -0.6668477 0.3763824 -0.6431565 -0.5286698 -0.8247398 -0.2007797 -0.2760101 0.3250878 -0.9045089 -0.1378321 -0.8760344 -0.462132 -0.1377963 0.9289474 -0.3436114 0.1742516 0.3832922 -0.907041 0.3516552 -0.8126659 -0.4646641 0.1377963 -0.9289474 0.3436114 0.5418825 0.5329528 -0.6498651 0.7192862 -0.6630053 -0.2074882 0.6686517 0.7074512 -0.2289493 0.8460553 -0.488507 0.2134276 0.5061376 0.8401349 0.194931 0.6835412 -0.3558232 0.6373079 0.116415 0.8803234 0.4598677 0.2938186 -0.3156348 0.9022446 -0.3516552 0.8126659 0.4646641 -0.1742516 -0.3832922 0.907041 -0.7192862 0.6630053 0.2074882 -0.5418825 -0.5329528 0.6498651 -0.8460553 0.488507 -0.2134276 -0.6686517 -0.7074512 0.2289493 -0.6835412 0.3558232 -0.6373079 -0.5061376 -0.8401349 -0.194931 -0.2938186 0.3156348 -0.9022446 -0.116415 -0.8803234 -0.4598677 -0.1681169 0.9239415 -0.3436114 0.1547337 0.3867693 -0.9091023 0.371173 -0.802744 -0.4667254 0.1681169 -0.9239415 0.3436114 0.520113 0.5475773 -0.6554705 0.7365523 -0.641936 -0.2130936 0.6454905 0.7264062 -0.2359578 0.8619298 -0.4631071 0.2064191 0.4829763 0.8549495 0.1891964 0.6994156 -0.3345639 0.6315733 0.09464544 0.8841079 0.4575975 0.3110847 -0.3054054 0.8999743 -0.371173 0.802744 0.4667254 -0.1547337 -0.3867693 0.9091023 -0.7365523 0.641936 0.2130936 -0.520113 -0.5475773 0.6554705 -0.8619298 0.4631071 -0.2064191 -0.6454905 -0.7264062 0.2359578 -0.6994156 0.3345639 -0.6315733 -0.4829763 -0.8549495 -0.1891964 -0.3110847 0.3054054 -0.8999743 -0.09464544 -0.8841079 -0.4575975 -0.1982574 0.9179462 -0.3436114 0.1353318 0.3894573 -0.9110479 0.390575 -0.7923375 -0.468671 0.1982574 -0.9179462 0.3436114 0.4980143 0.5614288 -0.660893 0.7532575 -0.620366 -0.2185161 0.6217251 0.7446563 -0.2427858 0.8769683 -0.4371385 0.199591 0.4592109 0.8691531 0.1835708 0.7144541 -0.3126417 0.6259477 0.07254673 0.8873657 0.4553231 0.3277899 -0.2944291 0.8977 -0.390575 0.7923375 0.468671 -0.1353318 -0.3894573 0.9110479 -0.7532575 0.620366 0.2185161 -0.4980143 -0.5614288 0.660893 -0.8769683 0.4371385 -0.199591 -0.6217251 -0.7446563 0.2427858 -0.7144541 0.3126417 -0.6259477 -0.4592109 -0.8691531 -0.1835708 -0.3277899 0.2944291 -0.8977 -0.07254673 -0.8873657 -0.4553231 -0.2281856 0.9109679 -0.3436114 0.1160665 0.391368 -0.9128854 0.4098403 -0.7814427 -0.4705085 0.2281856 -0.9109679 0.3436114 0.4756101 0.5744986 -0.6661429 0.7693838 -0.598312 -0.223766 0.5973809 0.7621773 -0.249443 0.8911547 -0.4106334 0.1929339 0.4348668 0.882717 0.1780492 0.7286406 -0.2900937 0.6204261 0.05014253 0.8900758 0.4530462 0.3439163 -0.2827349 0.8954231 -0.4098403 0.7814427 0.4705085 -0.1160665 -0.391368 0.9128854 -0.7693838 0.598312 0.223766 -0.4756101 -0.5744986 0.6661429 -0.8911547 0.4106334 -0.1929339 -0.5973809 -0.7621773 0.249443 -0.7286406 0.2900937 -0.6204261 -0.4348668 -0.882717 -0.1780492 -0.3439163 0.2827349 -0.8954231 -0.05014253 -0.8900758 -0.4530462 -0.2578694 0.9030141 -0.3436114 0.0969585 0.3925133 -0.9146214 0.4289483 -0.7700574 -0.4722445 0.2578694 -0.9030141 0.3436114 0.4529244 0.5867791 -0.6712301 0.7849141 -0.5757916 -0.2288532 0.5724841 0.7789465 -0.2559381 0.9044739 -0.3836242 0.1864388 0.40997 0.895614 0.172627 0.7419598 -0.2669567 0.6150039 0.02745684 0.8922187 0.4507681 0.3594466 -0.270352 0.893145 -0.4289483 0.7700574 0.4722445 -0.0969585 -0.3925133 0.9146214 -0.7849141 0.5757916 0.2288532 -0.4529244 -0.5867791 0.6712301 -0.9044739 0.3836242 -0.1864388 -0.5724841 -0.7789465 0.2559381 -0.7419598 0.2669567 -0.6150039 -0.40997 -0.895614 -0.172627 -0.3594466 0.270352 -0.893145 -0.02745684 -0.8922187 -0.4507681 -0.2872772 0.8940934 -0.3436114 0.07802825 0.3929056 -0.9162624 0.4478785 -0.7581803 -0.4738855 0.2872772 -0.8940934 0.3436114 0.4299815 0.5982631 -0.6761635 0.7998318 -0.5528227 -0.2337867 0.5470613 0.7949424 -0.2622797 0.9169115 -0.3561435 0.1800972 0.3845471 0.9078184 0.1672997 0.7543974 -0.2432674 0.6096766 0.00451395 0.8937766 0.4484897 0.3743642 -0.2573093 0.8908666 -0.4478785 0.7581803 0.4738855 -0.07802825 -0.3929056 0.9162624 -0.7998318 0.5528227 0.2337867 -0.4299815 -0.5982631 0.6761635 -0.9169115 0.3561435 -0.1800972 -0.5470613 -0.7949424 0.2622797 -0.7543974 0.2432674 -0.6096766 -0.3845471 -0.9078184 -0.1672997 -0.3743642 0.2573093 -0.8908666 -0.00451395 -0.8937766 -0.4484897 -0.3163773 0.8842152 -0.3436114 0.05929603 0.3925575 -0.917814 0.4666108 -0.7458109 -0.4754371 0.3163773 -0.8842152 0.3436114 0.406806 0.6089446 -0.6809518 0.8141207 -0.5294238 -0.2385749 0.5211396 0.8101446 -0.2684756 0.9284544 -0.3282238 0.1739013 0.3586255 0.919306 0.1620627 0.7659402 -0.2190624 0.6044396 -0.01866158 0.8947327 0.4462121 0.3886532 -0.2436357 0.888589 -0.4666108 0.7458109 0.4754371 -0.05929603 -0.3925575 0.917814 -0.8141207 0.5294238 0.2385749 -0.406806 -0.6089446 0.6809518 -0.9284544 0.3282238 -0.1739013 -0.5211396 -0.8101446 0.2684756 -0.7659402 0.2190624 -0.6044396 -0.3586255 -0.919306 -0.1620627 -0.3886532 0.2436357 -0.888589 0.01866158 -0.8947327 -0.4462121 -0.3451386 0.8733903 -0.3436114 0.04078188 0.3914819 -0.9192816 0.4851249 -0.73295 -0.4769047 0.3451386 -0.8733903 0.3436114 0.3834226 0.6188182 -0.6856028 0.8277656 -0.5056137 -0.2432259 0.494747 0.8245343 -0.2745334 0.93909 -0.2998976 0.1678435 0.3322328 0.9300538 0.1569119 0.7765758 -0.1943782 0.5992888 -0.04204492 0.8950717 0.4439358 0.4022981 -0.2293603 0.8863126 -0.4851249 0.73295 0.4769047 -0.04078188 -0.3914819 0.9192816 -0.8277656 0.5056137 0.2432259 -0.3834226 -0.6188182 0.6856028 -0.93909 0.2998976 -0.1678435 -0.494747 -0.8245343 0.2745334 -0.7765758 0.1943782 -0.5992888 -0.3322328 -0.9300538 -0.1569119 -0.4022981 0.2293603 -0.8863126 0.04204492 -0.8950717 -0.4439358 -0.3735303 0.86163 -0.3436114 0.02250565 0.3896923 -0.9206701 0.5034011 -0.7195991 -0.4782932 0.3735303 -0.86163 0.3436114 0.3598565 0.6278793 -0.6901238 0.840752 -0.4814121 -0.2477469 0.4679115 0.8380936 -0.2804601 0.948807 -0.2711978 0.1619168 0.3053974 0.9400405 0.1518433 0.7862929 -0.169251 0.5942202 -0.06561104 0.8947796 0.4416613 0.4152844 -0.2145118 0.8840382 -0.5034011 0.7195991 0.4782932 -0.02250565 -0.3896923 0.9206701 -0.840752 0.4814121 0.2477469 -0.3598565 -0.6278793 0.6901238 -0.948807 0.2711978 -0.1619168 -0.4679115 -0.8380936 0.2804601 -0.7862929 0.169251 -0.5942202 -0.3053974 -0.9400405 -0.1518433 -0.4152844 0.2145118 -0.8840382 0.06561104 -0.8947796 -0.4416613 -0.4015221 0.8489471 -0.3436114 0.004486887 0.3872022 -0.9219839 0.5214199 -0.7057609 -0.479607 0.4015221 -0.8489471 0.3436114 0.3361328 0.6361243 -0.6945218 0.8530658 -0.4568387 -0.252145 0.440662 0.8508059 -0.2862625 0.957595 -0.2421571 0.1561144 0.2781479 0.949246 0.1468529 0.7950809 -0.143717 0.5892298 -0.0893347 0.8938437 0.4393891 0.4275983 -0.1991193 0.8817659 -0.5214199 0.7057609 0.479607 -0.004486887 -0.3872022 0.9219839 -0.8530658 0.4568387 0.252145 -0.3361328 -0.6361243 0.6945218 -0.957595 0.2421571 -0.1561144 -0.440662 -0.8508059 0.2862625 -0.7950809 0.143717 -0.5892298 -0.2781479 -0.949246 -0.1468529 -0.4275983 0.1991193 -0.8817659 0.0893347 -0.8938437 -0.4393891 -0.4290839 0.8353551 -0.3436114 -0.0132551 0.3840256 -0.9232273 0.5391619 -0.6914386 -0.4808504 0.4290839 -0.8353551 0.3436114 0.312277 0.6435502 -0.6988034 0.864694 -0.431914 -0.2564265 0.4130277 0.8626559 -0.2919468 0.9654447 -0.2128084 0.1504301 0.2505135 0.9576517 0.141937 0.8029305 -0.1178125 0.5843139 -0.1131905 0.8922526 0.4371193 0.4392265 -0.1832117 0.8794962 -0.5391619 0.6914386 0.4808504 0.0132551 -0.3840256 0.9232273 -0.864694 0.431914 0.2564265 -0.312277 -0.6435502 0.6988034 -0.9654447 0.2128084 -0.1504301 -0.4130277 -0.8626559 0.2919468 -0.8029305 0.1178125 -0.5843139 -0.2505135 -0.9576517 -0.141937 -0.4392265 0.1832117 -0.8794962 0.1131905 -0.8922526 -0.4371193 -0.4561862 0.8208687 -0.3436114 -0.03070132 0.3801771 -0.924404 0.5566081 -0.6766367 -0.4820271 0.4561862 -0.8208687 0.3436114 0.2883146 0.650155 -0.7029745 0.875624 -0.4066589 -0.2605976 0.3850381 0.8736293 -0.2975191 0.9723475 -0.1831846 0.1448578 0.2225239 0.9652403 0.137092 0.8098333 -0.09157355 0.5794689 -0.1371529 0.8899959 0.4348522 0.4501565 -0.166818 0.8772291 -0.5566081 0.6766367 0.4820271 0.03070132 -0.3801771 0.924404 -0.875624 0.4066589 0.2605976 -0.2883146 -0.650155 0.7029745 -0.9723475 0.1831846 -0.1448578 -0.3850381 -0.8736293 0.2975191 -0.8098333 0.09157355 -0.5794689 -0.2225239 -0.9652403 -0.137092 -0.4501565 0.166818 -0.8772291 0.1371529 -0.8899959 -0.4348522 -0.4828 0.8055032 -0.3436114 -0.04783308 0.3756714 -0.9255177 0.5737399 -0.6613604 -0.4831408 0.4828 -0.8055032 0.3436114 0.2642713 0.6559374 -0.7070409 0.8858442 -0.3810944 -0.264664 0.3567231 0.883713 -0.302985 0.9782961 -0.1533188 0.1393919 0.194209 0.9719958 0.1323144 0.815782 -0.06503605 0.5746913 -0.1611962 0.8870646 0.4325877 0.4603767 -0.1499672 0.8749646 -0.5737399 0.6613604 0.4831408 0.04783308 -0.3756714 0.9255177 -0.8858442 0.3810944 0.264664 -0.2642713 -0.6559374 0.7070409 -0.9782961 0.1533188 -0.1393919 -0.3567231 -0.883713 0.302985 -0.815782 0.06503605 -0.5746913 -0.194209 -0.9719958 -0.1323144 -0.4603767 0.1499672 -0.8749646 0.1611962 -0.8870646 -0.4325877 -0.5088968 0.7892751 -0.3436114 -0.06463205 0.3705237 -0.9265716 0.5905388 -0.6456155 -0.4841947 0.5088968 -0.7892751 0.3436114 0.2401728 0.6608969 -0.7110079 0.8953437 -0.3552423 -0.268631 0.3281133 0.8928953 -0.3083499 0.9832841 -0.123244 0.134027 0.1655991 0.9779033 0.1276008 0.82077 -0.03823593 0.5699777 -0.1852948 0.8834509 0.4303259 0.4698761 -0.1326884 0.8727028 -0.5905388 0.6456155 0.4841947 0.06463205 -0.3705237 0.9265716 -0.8953437 0.3552423 0.268631 -0.2401728 -0.6608969 0.7110079 -0.9832841 0.123244 -0.134027 -0.3281133 -0.8928953 0.3083499 -0.82077 0.03823593 -0.5699777 -0.1655991 -0.9779033 -0.1276008 -0.4698761 0.1326884 -0.8727028 0.1852948 -0.8834509 -0.4303259 -0.5344487 0.7722019 -0.3436114 -0.08108023 0.3647496 -0.9275687 0.606987 -0.629409 -0.4851918 0.5344487 -0.7722019 0.3436114 0.2160449 0.665034 -0.7148806 0.9041121 -0.3291246 -0.2725038 0.299239 0.9011654 -0.3136189 0.9873063 -0.09299318 0.1287579 0.1367249 0.9829497 0.1229481 0.8247921 -0.01120895 0.565325 -0.2094227 0.879148 0.4280666 0.4786446 -0.1150107 0.8704435 -0.606987 0.629409 0.4851918 0.08108023 -0.3647496 0.9275687 -0.9041121 0.3291246 0.2725038 -0.2160449 -0.665034 0.7148806 -0.9873063 0.09299318 -0.1287579 -0.299239 -0.9011654 0.3136189 -0.8247921 0.01120895 -0.565325 -0.1367249 -0.9829497 -0.1229481 -0.4786446 0.1150107 -0.8704435 0.2094227 -0.879148 -0.4280666 -0.5594283 0.7543018 -0.3436114 -0.09716 0.3583651 -0.9285119 0.6230668 -0.6127483 -0.486135 0.5594283 -0.7543018 0.3436114 0.1919134 0.6683499 -0.7186638 0.9121402 -0.3027635 -0.2762869 0.2701314 0.9085139 -0.318797 0.9903582 -0.06259951 0.1235799 0.1076172 0.9871226 0.1183529 0.827844 0.01600923 0.5607298 -0.2335541 0.8741502 0.4258096 0.4866727 -0.09696317 0.8681865 -0.6230668 0.6127483 0.486135 0.09716 -0.3583651 0.9285119 -0.9121402 0.3027635 0.2762869 -0.1919134 -0.6683499 0.7186638 -0.9903582 0.06259951 -0.1235799 -0.2701314 -0.9085139 0.318797 -0.827844 -0.01600923 -0.5607298 -0.1076172 -0.9871226 -0.1183529 -0.4866727 0.09696317 -0.8681865 0.2335541 -0.8741502 -0.4258096 -0.5838089 0.7355939 -0.3436114 -0.1128542 0.3513865 -0.9294038 0.638761 -0.5956418 -0.4870269 0.5838089 -0.7355939 0.3436114 0.1678043 0.6708465 -0.7223619 0.9194194 -0.2761818 -0.279985 0.2408215 0.9149323 -0.3238887 0.9924366 -0.032096 0.1184882 0.07830734 0.9904114 0.1138125 0.8299225 0.04338306 0.5561894 -0.2576632 0.8684533 0.4235547 0.4939519 -0.07857504 0.8659316 -0.638761 0.5956418 0.4870269 0.1128542 -0.3513865 0.9294038 -0.9194194 0.2761818 0.279985 -0.1678043 -0.6708465 0.7223619 -0.9924366 0.032096 -0.1184882 -0.2408215 -0.9149323 0.3238887 -0.8299225 -0.04338306 -0.5561894 -0.07830734 -0.9904114 -0.1138125 -0.4939519 0.07857504 -0.8659316 0.2576632 -0.8684533 -0.4235547 -0.6075642 0.7160984 -0.3436114 -0.1281459 0.3438305 -0.9302469 0.6540527 -0.5780986 -0.48787 0.6075642 -0.7160984 0.3436114 0.1437432 0.6725268 -0.7259791 0.9259418 -0.2494023 -0.2836022 0.2113407 0.9204134 -0.3288984 0.9935393 -0.001515653 0.1134784 0.04882658 0.9928063 0.1093237 0.8310252 0.07087717 0.5517006 -0.2817243 0.8620536 0.4213015 0.5004743 -0.05987547 0.8636784 -0.6540527 0.5780986 0.48787 0.1281459 -0.3438305 0.9302469 -0.9259418 0.2494023 0.2836022 -0.1437432 -0.6725268 0.7259791 -0.9935393 0.001515653 -0.1134784 -0.2113407 -0.9204134 0.3288984 -0.8310252 -0.07087717 -0.5517006 -0.04882658 -0.9928063 -0.1093237 -0.5004743 0.05987547 -0.8636784 0.2817243 -0.8620536 -0.4213015 -0.630669 0.695836 -0.3436114 -0.1430188 0.3357144 -0.9310432 0.6689256 -0.5601283 -0.4886663 0.630669 -0.695836 0.3436114 0.1197561 0.6733943 -0.7295194 0.9317005 -0.2224484 -0.2871425 0.1817206 0.9249513 -0.3338305 0.9936651 0.02910859 0.1085464 0.01920652 0.994299 0.1048839 0.831151 0.09845632 0.5472608 -0.3057114 0.854949 0.4190497 0.506233 -0.04089365 0.8614266 -0.6689256 0.5601283 0.4886663 0.1430188 -0.3357144 0.9310432 -0.9317005 0.2224484 0.2871425 -0.1197561 -0.6733943 0.7295194 -0.9936651 -0.02910859 -0.1085464 -0.1817206 -0.9249513 0.3338305 -0.831151 -0.09845632 -0.5472608 -0.01920652 -0.994299 -0.1048839 -0.506233 0.04089365 -0.8614266 0.3057114 -0.854949 -0.4190497 -0.6530985 0.6748286 -0.3436114 -0.1574571 0.3270555 -0.931795 0.6833638 -0.5417414 -0.4894181 0.6530985 -0.6748286 0.3436114 0.09586848 0.6734537 -0.7329866 0.9366894 -0.1953433 -0.2906097 0.151993 0.9285408 -0.3386887 0.9928139 0.05974388 0.1036881 -0.01052113 0.9948824 0.1004903 0.8302998 0.1260855 0.5428672 -0.329599 0.8471382 0.4167989 0.5112218 -0.02165876 0.8591758 -0.6833638 0.5417414 0.4894181 0.1574571 -0.3270555 0.931795 -0.9366894 0.1953433 0.2906097 -0.09586848 -0.6734537 0.7329866 -0.9928139 -0.05974388 -0.1036881 -0.151993 -0.9285408 0.3386887 -0.8302998 -0.1260855 -0.5428672 0.01052113 -0.9948824 -0.1004903 -0.5112218 0.02165876 -0.8591758 0.329599 -0.8471382 -0.4167989 -0.6748286 0.6530985 -0.3436114 -0.1714451 0.3178719 -0.9325042 0.6973519 -0.522949 -0.4901273 0.6748286 -0.6530985 0.3436114 0.07210602 0.6727101 -0.7363843 0.940903 -0.1681108 -0.2940074 0.1221896 0.9311784 -0.3434772 0.9909866 0.09035747 0.09889974 -0.04032451 0.9945507 0.09614014 0.8284724 0.1537298 0.538517 -0.3533615 0.8386209 0.4145487 0.5154354 -0.002199985 0.8569256 -0.6973519 0.522949 0.4901273 0.1714451 -0.3178719 0.9325042 -0.940903 0.1681108 0.2940074 -0.07210602 -0.6727101 0.7363843 -0.9909866 -0.09035747 -0.09889974 -0.1221896 -0.9311784 0.3434772 -0.8284724 -0.1537298 -0.538517 0.04032451 -0.9945507 -0.09614014 -0.5154354 0.002199985 -0.8569256 0.3533615 -0.8386209 -0.4145487 -0.695836 0.630669 -0.3436114 -0.1849679 0.3081818 -0.9331725 0.7108747 -0.5037627 -0.4907956 0.695836 -0.630669 0.3436114 0.04849415 0.6711697 -0.7397158 0.9443368 -0.1407747 -0.2973389 0.0923424 0.9328612 -0.3481994 0.9881851 0.1209168 0.09417752 -0.07017173 0.9932991 0.09183095 0.8256709 0.1813546 0.5342078 -0.3769734 0.829398 0.4122985 0.5188693 0.01745352 0.8546754 -0.7108747 0.5037627 0.4907956 0.1849679 -0.3081818 0.9331725 -0.9443368 0.1407747 0.2973389 -0.04849415 -0.6711697 0.7397158 -0.9881851 -0.1209168 -0.09417752 -0.0923424 -0.9328612 0.3481994 -0.8256709 -0.1813546 -0.5342078 0.07017173 -0.9932991 -0.09183095 -0.5188693 -0.01745352 -0.8546754 0.3769734 -0.829398 -0.4122985 -0.7160984 0.6075642 -0.3436114 -0.1980112 0.2980038 -0.9338015 0.7239179 -0.4841948 -0.4914247 0.7160984 -0.6075642 0.3436114 0.02505815 0.6688395 -0.7429844 0.9469873 -0.1133591 -0.3006075 0.06248331 0.9335879 -0.3528589 0.9844124 0.1513893 0.08951799 -0.1000308 0.9911241 0.08756022 0.8218983 0.2089255 0.5299371 -0.4004094 0.8194712 0.4100478 0.5215197 0.03727265 0.8524247 -0.7239179 0.4841948 0.4914247 0.1980112 -0.2980038 0.9338015 -0.9469873 0.1133591 0.3006075 -0.02505815 -0.6688395 0.7429844 -0.9844124 -0.1513893 -0.08951799 -0.06248331 -0.9335879 0.3528589 -0.8218983 -0.2089255 -0.5299371 0.1000308 -0.9911241 -0.08756022 -0.5215197 -0.03727265 -0.8524247 0.4004094 -0.8194712 -0.4100478 -0.7355939 0.5838089 -0.3436114 -0.2105608 0.2873568 -0.934393 0.7364675 -0.4642583 -0.4920161 0.7355939 -0.5838089 0.3436114 0.001823124 0.6657272 -0.746193 0.9488514 -0.08588793 -0.3038161 0.03264432 0.9333581 -0.3574591 0.9796726 0.181743 0.08491776 -0.1298698 0.9880236 0.08332549 0.8171585 0.2364085 0.5257024 -0.4236444 0.8088434 0.4077962 0.5233839 0.05722833 0.850173 -0.7364675 0.4642583 0.4920161 0.2105608 -0.2873568 0.934393 -0.9488514 0.08588793 0.3038161 -0.001823124 -0.6657272 0.746193 -0.9796726 -0.181743 -0.08491776 -0.03264432 -0.9333581 0.3574591 -0.8171585 -0.2364085 -0.5257024 0.1298698 -0.9880236 -0.08332549 -0.5233839 -0.05722833 -0.850173 0.4236444 -0.8088434 -0.4077962 -0.7543018 0.5594283 -0.3436114 -0.2226033 0.2762603 -0.9349481 0.7485101 -0.4439665 -0.4925712 0.7543018 -0.5594283 0.3436114 -0.02118606 0.6618413 -0.7493446 0.9499274 -0.05838551 -0.3069677 0.002857394 0.9321724 -0.3620033 0.9739708 0.2119456 0.08037358 -0.1596567 0.9839965 0.07912442 0.8114567 0.2637697 0.5215013 -0.4466536 0.7975184 0.4055429 0.5244598 0.07729159 0.8479197 -0.7485101 0.4439665 0.4925712 0.2226033 -0.2762603 0.9349481 -0.9499274 0.05838551 0.3069677 0.02118606 -0.6618413 0.7493446 -0.9739708 -0.2119456 -0.08037358 -0.002857394 -0.9321724 0.3620033 -0.8114567 -0.2637697 -0.5215013 0.1596567 -0.9839965 -0.07912442 -0.5244598 -0.07729159 -0.8479197 0.4466536 -0.7975184 -0.4055429 -0.7722019 0.5344487 -0.3436114 -0.2341259 0.2647339 -0.9354683 0.7600327 -0.4233333 -0.4930914 0.7722019 -0.5344487 0.3436114 -0.04394475 0.6571911 -0.7524418 0.9502139 -0.03087611 -0.3100649 -0.02684558 0.9300328 -0.3664946 0.967313 0.2419656 0.07588233 -0.1893597 0.9790427 0.07495469 0.8047989 0.2909755 0.5173316 -0.4694123 0.7855008 0.4032873 0.5247463 0.09743352 0.8456642 -0.7600327 0.4233333 0.4930914 0.2341259 -0.2647339 0.9354683 -0.9502139 0.03087611 0.3100649 0.04394475 -0.6571911 0.7524418 -0.967313 -0.2419656 -0.07588233 0.02684558 -0.9300328 0.3664946 -0.8047989 -0.2909755 -0.5173316 0.1893597 -0.9790427 -0.07495469 -0.5247463 -0.09743352 -0.8456642 0.4694123 -0.7855008 -0.4032873 -0.7892751 0.5088968 -0.3436114 -0.2451162 0.2527975 -0.9359548 0.771023 -0.4023734 -0.4935779 0.7892751 -0.5088968 0.3436114 -0.06642859 0.6517868 -0.7554874 0.9497107 -0.003384036 -0.3131105 -0.0564328 0.9269422 -0.3709359 0.9597065 0.2717714 0.07144102 -0.2189469 0.9731637 0.07081404 0.7971923 0.3179928 0.5131909 -0.4918961 0.7727962 0.4010289 0.5242432 0.1176253 0.8434058 -0.771023 0.4023734 0.4935779 0.2451162 -0.2527975 0.9359548 -0.9497107 0.003384036 0.3131105 0.06642859 -0.6517868 0.7554874 -0.9597065 -0.2717714 -0.07144102 0.0564328 -0.9269422 0.3709359 -0.7971923 -0.3179928 -0.5131909 0.2189469 -0.9731637 -0.07081404 -0.5242432 -0.1176253 -0.8434058 0.4918961 -0.7727962 -0.4010289 -0.8055032 0.4828 -0.3436114 -0.2555625 0.2404715 -0.9364087 0.7814693 -0.3811014 -0.4940318 0.8055032 -0.4828 0.3436114 -0.08861349 0.6456393 -0.7584837 0.9484183 0.02406639 -0.3161068 -0.08587258 0.9229048 -0.3753302 0.9511592 0.3013318 0.06704674 -0.2483867 0.9663618 0.06670028 0.7886451 0.3447888 0.5090772 -0.514081 0.7594113 0.398767 0.5229508 0.1378384 0.8411439 -0.7814693 0.3811014 0.4940318 0.2555625 -0.2404715 0.9364087 -0.9484183 -0.02406639 0.3161068 0.08861349 -0.6456393 0.7584837 -0.9511592 -0.3013318 -0.06704674 0.08587258 -0.9229048 0.3753302 -0.7886451 -0.3447888 -0.5090772 0.2483867 -0.9663618 -0.06670028 -0.5229508 -0.1378384 -0.8411439 0.514081 -0.7594113 -0.398767 -0.8208687 0.4561862 -0.3436114 -0.2654535 0.2277764 -0.936831 0.7913603 -0.359533 -0.4944541 0.8208687 -0.4561862 0.3436114 -0.1104757 0.6387603 -0.7614331 0.9463382 0.05145085 -0.3190563 -0.1151334 0.9179255 -0.3796802 0.9416805 0.3306161 0.06269671 -0.2776475 0.9586405 0.06261124 0.7791663 0.3713311 0.5049881 -0.5359432 0.7453536 0.3965008 0.5208706 0.1580442 0.8388777 -0.7913603 0.359533 0.4944541 0.2654535 -0.2277764 0.936831 -0.9463382 -0.05145085 0.3190563 0.1104757 -0.6387603 0.7614331 -0.9416805 -0.3306161 -0.06269671 0.1151334 -0.9179255 0.3796802 -0.7791663 -0.3713311 -0.5049881 0.2776475 -0.9586405 -0.06261124 -0.5208706 -0.1580442 -0.8388777 0.5359432 -0.7453536 -0.3965008 -0.8353551 0.4290839 -0.3436114 -0.2747787 0.2147332 -0.9372227 0.8006855 -0.3376838 -0.4948458 0.8353551 -0.4290839 0.3436114 -0.1319918 0.6311621 -0.764338 0.9434724 0.0787451 -0.3219611 -0.1441839 0.9120108 -0.3839887 0.9312804 0.3595938 0.05838822 -0.306698 0.9500046 0.0585448 0.7687662 0.3975877 0.5009217 -0.5574593 0.7306313 0.3942297 0.5180049 0.1782143 0.8366066 -0.8006855 0.3376838 0.4948458 0.2747787 -0.2147332 0.9372227 -0.9434724 -0.0787451 0.3219611 0.1319918 -0.6311621 0.764338 -0.9312804 -0.3595938 -0.05838822 0.1441839 -0.9120108 0.3839887 -0.7687662 -0.3975877 -0.5009217 0.306698 -0.9500046 -0.0585448 -0.5180049 -0.1782143 -0.8366066 0.5574593 -0.7306313 -0.3942297 -0.8489471 0.4015221 -0.3436114 -0.2835281 0.2013629 -0.9375846 0.8094349 -0.3155701 -0.4952077 0.8489471 -0.4015221 0.3436114 -0.1531388 0.622858 -0.7672004 0.9398242 0.105925 -0.3248235 -0.172993 0.9051679 -0.3882582 0.91997 0.3882349 0.05411865 -0.3355071 0.9404599 0.05449891 0.7574559 0.4235269 0.4968758 -0.5786063 0.7152536 0.3919529 0.5143567 0.1983206 0.8343297 -0.8094349 0.3155701 0.4952077 0.2835281 -0.2013629 0.9375846 -0.9398242 -0.105925 0.3248235 0.1531388 -0.622858 0.7672004 -0.91997 -0.3882349 -0.05411865 0.172993 -0.9051679 0.3882582 -0.7574559 -0.4235269 -0.4968758 0.3355071 -0.9404599 -0.05449891 -0.5143567 -0.1983206 -0.8343297 0.5786063 -0.7152536 -0.3919529 -0.86163 0.3735303 -0.3436114 -0.2916923 0.187687 -0.9379175 0.8175991 -0.2932085 -0.4955406 0.86163 -0.3735303 0.3436114 -0.173894 0.6138619 -0.7700224 0.9353974 0.1329664 -0.3276455 -0.2015299 0.8974053 -0.3924914 0.9077616 0.4165098 0.04988549 -0.364044 0.9300132 0.0504715 0.7452474 0.4491177 0.4928484 -0.5993615 0.6992306 0.3896695 0.5099299 0.2183351 0.8320464 -0.8175991 0.2932085 0.4955406 0.2916923 -0.187687 0.9379175 -0.9353974 -0.1329664 0.3276455 0.173894 -0.6138619 0.7700224 -0.9077616 -0.4165098 -0.04988549 0.2015299 -0.8974053 0.3924914 -0.7452474 -0.4491177 -0.4928484 0.364044 -0.9300132 -0.0504715 -0.5099299 -0.2183351 -0.8320464 0.5993615 -0.6992306 -0.3896695 -0.8733903 0.3451386 -0.3436114 -0.2992626 0.1737271 -0.9382222 0.8251694 -0.270616 -0.4958453 0.8733903 -0.3451386 0.3436114 -0.1942351 0.6041884 -0.772806 0.9301968 0.1598454 -0.3304291 -0.2297639 0.8887323 -0.3966906 0.8946681 0.4443893 0.04568626 -0.392278 0.9186726 0.04646057 0.7321539 0.4743296 0.4888375 -0.6197027 0.6825732 0.3873789 0.5047293 0.2382302 0.8297558 -0.8251694 0.270616 0.4958453 0.2992626 -0.1737271 0.9382222 -0.9301968 -0.1598454 0.3304291 0.1942351 -0.6041884 0.772806 -0.8946681 -0.4443893 -0.04568626 0.2297639 -0.8887323 0.3966906 -0.7321539 -0.4743296 -0.4888375 0.392278 -0.9186726 -0.04646057 -0.5047293 -0.2382302 -0.8297558 0.6197027 -0.6825732 -0.3873789 -0.8842152 0.3163773 -0.3436114 -0.3062308 0.159505 -0.9384992 0.8321376 -0.2478097 -0.4961224 0.8842152 -0.3163773 0.3436114 -0.2141405 0.593853 -0.775553 0.9242279 0.1865383 -0.3331761 -0.2576649 0.8791595 -0.4008583 0.8807035 0.4718448 0.04151857 -0.420179 0.9064471 0.04246413 0.7181894 0.4991324 0.484841 -0.6396081 0.665293 0.3850803 0.4987603 0.2579782 0.8274572 -0.8321376 0.2478097 0.4961224 0.3062308 -0.159505 0.9384992 -0.9242279 -0.1865383 0.3331761 0.2141405 -0.593853 0.775553 -0.8807035 -0.4718448 -0.04151857 0.2576649 -0.8791595 0.4008583 -0.7181894 -0.4991324 -0.484841 0.420179 -0.9064471 -0.04246413 -0.4987603 -0.2579782 -0.8274572 0.6396081 -0.665293 -0.3850803 -0.8940934 0.2872772 -0.3436114 -0.3125895 0.145043 -0.9387493 0.8384963 -0.2248073 -0.4963724 0.8940934 -0.2872772 0.3436114 -0.2335888 0.5828717 -0.7782653 0.9174971 0.2130215 -0.3358884 -0.2852029 0.8686984 -0.4049968 0.8658829 0.4988481 0.03738011 -0.4477171 0.8933469 0.03848023 0.7033688 0.5234966 0.4808571 -0.6590563 0.6474024 0.3827726 0.4920295 0.2775521 0.8251495 -0.8384963 0.2248073 0.4963724 0.3125895 -0.145043 0.9387493 -0.9174971 -0.2130215 0.3358884 0.2335888 -0.5828717 0.7782653 -0.8658829 -0.4988481 -0.03738011 0.2852029 -0.8686984 0.4049968 -0.7033688 -0.5234966 -0.4808571 0.4477171 -0.8933469 -0.03848023 -0.4920295 -0.2775521 -0.8251495 0.6590563 -0.6474024 -0.3827726 -0.9030141 0.2578694 -0.3436114 -0.318332 0.1303632 -0.9389729 0.8442388 -0.2016266 -0.4965961 0.9030141 -0.2578694 0.3436114 -0.2525591 0.5712614 -0.7809445 0.9100116 0.2392716 -0.3385676 -0.3123486 0.8573615 -0.4091083 0.8502222 0.5253717 0.03326861 -0.4748627 0.8793831 0.03450693 0.687708 0.5473934 0.4768838 -0.6780267 0.6289147 0.3804552 0.4845441 0.2969249 0.8228321 -0.8442388 0.2016266 0.4965961 0.318332 -0.1303632 0.9389729 -0.9100116 -0.2392716 0.3385676 0.2525591 -0.5712614 0.7809445 -0.8502222 -0.5253717 -0.03326861 0.3123486 -0.8573615 0.4091083 -0.687708 -0.5473934 -0.4768838 0.4748627 -0.8793831 -0.03450693 -0.4845441 -0.2969249 -0.8228321 0.6780267 -0.6289147 -0.3804552 -0.9109679 0.2281856 -0.3436114 -0.3234519 0.1154881 -0.9391706 0.8493587 -0.1782857 -0.4967937 0.9109679 -0.2281856 0.3436114 -0.2710312 0.5590394 -0.7835924 0.9017794 0.2652656 -0.3412155 -0.3390727 0.8451624 -0.4131951 0.833738 0.5513887 0.02918184 -0.5015869 0.864568 0.0305423 0.6712238 0.5707942 0.4729192 -0.6964988 0.6098437 0.3781271 0.4763119 0.31607 0.820504 -0.8493587 0.1782857 0.4967937 0.3234519 -0.1154881 0.9391706 -0.9017794 -0.2652656 0.3412155 0.2710312 -0.5590394 0.7835924 -0.833738 -0.5513887 -0.02918184 0.3390727 -0.8451624 0.4131951 -0.6712238 -0.5707942 -0.4729192 0.5015869 -0.864568 -0.0305423 -0.4763119 -0.31607 -0.820504 0.6964988 -0.6098437 -0.3781271 -0.9179462 0.1982574 -0.3436114 -0.327944 0.1004402 -0.9393426 0.8538508 -0.154803 -0.4969657 0.9179462 -0.1982574 0.3436114 -0.2889853 0.5462238 -0.7862105 0.8928094 0.2909806 -0.3438336 -0.3653468 0.8321157 -0.4172592 0.816448 0.5768725 0.02511765 -0.5278609 0.8489147 0.02658443 0.6539338 0.5936715 0.4689613 -0.7144528 0.5902043 0.3757873 0.4673419 0.3349611 0.8181642 -0.8538508 0.154803 0.4969657 0.327944 -0.1004402 0.9393426 -0.8928094 -0.2909806 0.3438336 0.2889853 -0.5462238 0.7862105 -0.816448 -0.5768725 -0.02511765 0.3653468 -0.8321157 0.4172592 -0.6539338 -0.5936715 -0.4689613 0.5278609 -0.8489147 -0.02658443 -0.4673419 -0.3349611 -0.8181642 0.7144528 -0.5902043 -0.3757873 -0.9239415 0.1681169 -0.3436114 -0.3318033 0.08524239 -0.9394894 0.8577101 -0.1311969 -0.4971125 0.9239415 -0.1681169 0.3436114 -0.3064021 0.5328336 -0.7888004 0.8831112 0.3163943 -0.3464235 -0.3911426 0.8182367 -0.421303 0.7983707 0.6017974 0.02107392 -0.5536567 0.8324374 0.02263142 0.6358566 0.6159981 0.4650083 -0.7318696 0.5700116 0.3734349 0.4576437 0.3535723 0.8158118 -0.8577101 0.1311969 0.4971125 0.3318033 -0.08524239 0.9394894 -0.8831112 -0.3163943 0.3464235 0.3064021 -0.5328336 0.7888004 -0.7983707 -0.6017974 -0.02107392 0.3911426 -0.8182367 0.421303 -0.6358566 -0.6159981 -0.4650083 0.5536567 -0.8324374 -0.02263142 -0.4576437 -0.3535723 -0.8158118 0.7318696 -0.5700116 -0.3734349 -0.9289474 0.1377963 -0.3436114 -0.3350257 0.06991747 -0.9396113 0.8609325 -0.1074862 -0.4972344 0.9289474 -0.1377963 0.3436114 -0.323263 0.518888 -0.7913636 0.8726951 0.3414843 -0.3489867 -0.4164326 0.803542 -0.4253283 0.7795256 0.6261384 0.01704856 -0.5789467 0.8151514 0.01868139 0.6170114 0.6377477 0.4610583 -0.7487306 0.5492817 0.371069 0.4472276 0.3718781 0.8134459 -0.8609325 0.1074862 0.4972344 0.3350257 -0.06991747 0.9396113 -0.8726951 -0.3414843 0.3489867 0.323263 -0.518888 0.7913636 -0.7795256 -0.6261384 -0.01704856 0.4164326 -0.803542 0.4253283 -0.6170114 -0.6377477 -0.4610583 0.5789467 -0.8151514 -0.01868139 -0.4472276 -0.3718781 -0.8134459 0.7487306 -0.5492817 -0.371069 -0.9329586 0.1073283 -0.3436114 -0.3376077 0.05448841 -0.9397085 0.8635145 -0.08368958 -0.4973316 0.9329586 -0.1073283 0.3436114 -0.33955 0.504407 -0.7939014 0.8615723 0.366229 -0.3515245 -0.4411896 0.788049 -0.4293374 0.7599327 0.649871 0.01303953 -0.6037037 0.7970726 0.01473243 0.5974186 0.6588946 0.4571093 -0.7650175 0.5280313 0.3686885 0.4361048 0.3898533 0.8110654 -0.8635145 0.08368958 0.4973316 0.3376077 -0.05448841 0.9397085 -0.8615723 -0.366229 0.3515245 0.33955 -0.504407 0.7939014 -0.7599327 -0.649871 -0.01303953 0.4411896 -0.788049 0.4293374 -0.5974186 -0.6588946 -0.4571093 0.6037037 -0.7970726 -0.01473243 -0.4361048 -0.3898533 -0.8110654 0.7650175 -0.5280313 -0.3686885 -0.9359708 0.07674523 -0.3436114 -0.3395467 0.03897827 -0.9397812 0.8654535 -0.05982612 -0.4974043 0.9359708 -0.07674523 0.3436114 -0.3552455 0.4894114 -0.7964152 0.8497547 0.390607 -0.3540383 -0.4653872 0.7717759 -0.4333321 0.7396131 0.6729715 0.009044817 -0.6279013 0.7782183 0.01078267 0.5770989 0.6794139 0.4531596 -0.7807131 0.5062776 0.3662923 0.4242872 0.4074733 0.8086692 -0.8654535 0.05982612 0.4974043 0.3395467 -0.03897827 0.9397812 -0.8497547 -0.390607 0.3540383 0.3552455 -0.4894114 0.7964152 -0.7396131 -0.6729715 -0.009044817 0.4653872 -0.7717759 0.4333321 -0.5770989 -0.6794139 -0.4531596 0.6279013 -0.7782183 -0.01078267 -0.4242872 -0.4074733 -0.8086692 0.7807131 -0.5062776 -0.3662923 -0.9379807 0.04608004 -0.3436114 -0.3408405 0.02341016 -0.9398296 0.8667473 -0.03591483 -0.4974527 0.9379807 -0.04608004 0.3436114 -0.3703329 0.4739222 -0.7989063 0.837255 0.4145972 -0.3565294 -0.4889994 0.7547421 -0.4373145 0.7185885 0.6954171 0.005062438 -0.6515135 0.7586063 0.006830207 0.5560743 0.6992813 0.4492071 -0.7958004 0.4840387 0.3638795 0.4117875 0.4247137 0.8062564 -0.8667473 0.03591483 0.4974527 0.3408405 -0.02341016 0.9398296 -0.837255 -0.4145972 0.3565294 0.3703329 -0.4739222 0.7989063 -0.7185885 -0.6954171 -0.005062438 0.4889994 -0.7547421 0.4373145 -0.5560743 -0.6992813 -0.4492071 0.6515135 -0.7586063 -0.006830207 -0.4117875 -0.4247137 -0.8062564 0.7958004 -0.4840387 -0.3638795 -0.9389862 0.0153655 -0.3436114 -0.3414878 0.007807254 -0.9398538 0.8673946 -0.0119748 -0.4974769 0.9389862 -0.0153655 0.3436114 -0.3847959 0.4579612 -0.8013761 0.8240865 0.4381792 -0.3589992 -0.512001 0.7369676 -0.4412865 0.6968814 0.7171856 0.001090432 -0.6745151 0.7382555 0.002873143 0.5343673 0.7184734 0.44525 -0.8102634 0.4613328 0.3614488 0.398619 0.4415508 0.8038257 -0.8673946 0.0119748 0.4974769 0.3414878 -0.007807254 0.9398538 -0.8240865 -0.4381792 0.3589992 0.3847959 -0.4579612 0.8013761 -0.6968814 -0.7171856 -0.001090432 0.512001 -0.7369676 0.4412865 -0.5343673 -0.7184734 -0.44525 0.6745151 -0.7382555 -0.002873143 -0.398619 -0.4415508 -0.8038257 0.8102634 -0.4613328 -0.3614488 -0.9389862 -0.0153655 -0.3436114 -0.3414878 -0.007807254 -0.9398538 0.8673946 0.0119748 -0.4974769 0.9389862 0.0153655 0.3436114 -0.398619 0.4415508 -0.8038257 0.8102634 0.4613328 -0.3614488 -0.5343673 0.7184734 -0.44525 0.6745151 0.7382555 -0.002873143 -0.6968814 0.7171856 -0.001090432 0.512001 0.7369676 0.4412865 -0.8240865 0.4381792 0.3589992 0.3847959 0.4579612 0.8013761 -0.8673946 -0.0119748 0.4974769 0.3414878 0.007807254 0.9398538 -0.8102634 -0.4613328 0.3614488 0.398619 -0.4415508 0.8038257 -0.6745151 -0.7382555 0.002873143 0.5343673 -0.7184734 0.44525 -0.512001 -0.7369676 -0.4412865 0.6968814 -0.7171856 0.001090432 -0.3847959 -0.4579612 -0.8013761 0.8240865 -0.4381792 -0.3589992 -0.9379807 -0.04608004 -0.3436114 -0.3408405 -0.02341016 -0.9398296 0.8667473 0.03591483 -0.4974527 0.9379807 0.04608004 0.3436114 -0.4117875 0.4247137 -0.8062564 0.7958004 0.4840387 -0.3638795 -0.5560743 0.6992813 -0.4492071 0.6515135 0.7586063 -0.006830207 -0.7185885 0.6954171 -0.005062438 0.4889994 0.7547421 0.4373145 -0.837255 0.4145972 0.3565294 0.3703329 0.4739222 0.7989063 -0.8667473 -0.03591483 0.4974527 0.3408405 0.02341016 0.9398296 -0.7958004 -0.4840387 0.3638795 0.4117875 -0.4247137 0.8062564 -0.6515135 -0.7586063 0.006830207 0.5560743 -0.6992813 0.4492071 -0.4889994 -0.7547421 -0.4373145 0.7185885 -0.6954171 0.005062438 -0.3703329 -0.4739222 -0.7989063 0.837255 -0.4145972 -0.3565294 -0.9359708 -0.07674523 -0.3436114 -0.3395467 -0.03897827 -0.9397812 0.8654535 0.05982612 -0.4974043 0.9359708 0.07674523 0.3436114 -0.4242872 0.4074733 -0.8086692 0.7807131 0.5062776 -0.3662923 -0.5770989 0.6794139 -0.4531596 0.6279013 0.7782183 -0.01078267 -0.7396131 0.6729715 -0.009044817 0.4653872 0.7717759 0.4333321 -0.8497547 0.390607 0.3540383 0.3552455 0.4894114 0.7964152 -0.8654535 -0.05982612 0.4974043 0.3395467 0.03897827 0.9397812 -0.7807131 -0.5062776 0.3662923 0.4242872 -0.4074733 0.8086692 -0.6279013 -0.7782183 0.01078267 0.5770989 -0.6794139 0.4531596 -0.4653872 -0.7717759 -0.4333321 0.7396131 -0.6729715 0.009044817 -0.3552455 -0.4894114 -0.7964152 0.8497547 -0.390607 -0.3540383 -0.9329586 -0.1073283 -0.3436114 -0.3376077 -0.05448841 -0.9397085 0.8635145 0.08368958 -0.4973316 0.9329586 0.1073283 0.3436114 -0.4361048 0.3898533 -0.8110654 0.7650175 0.5280313 -0.3686885 -0.5974186 0.6588946 -0.4571093 0.6037037 0.7970726 -0.01473243 -0.7599327 0.649871 -0.01303953 0.4411896 0.788049 0.4293374 -0.8615723 0.366229 0.3515245 0.33955 0.504407 0.7939014 -0.8635145 -0.08368958 0.4973316 0.3376077 0.05448841 0.9397085 -0.7650175 -0.5280313 0.3686885 0.4361048 -0.3898533 0.8110654 -0.6037037 -0.7970726 0.01473243 0.5974186 -0.6588946 0.4571093 -0.4411896 -0.788049 -0.4293374 0.7599327 -0.649871 0.01303953 -0.33955 -0.504407 -0.7939014 0.8615723 -0.366229 -0.3515245 -0.9289474 -0.1377963 -0.3436114 -0.3350257 -0.06991747 -0.9396113 0.8609325 0.1074862 -0.4972344 0.9289474 0.1377963 0.3436114 -0.4472276 0.3718781 -0.8134459 0.7487306 0.5492817 -0.371069 -0.6170114 0.6377477 -0.4610583 0.5789467 0.8151514 -0.01868139 -0.7795256 0.6261384 -0.01704856 0.4164326 0.803542 0.4253283 -0.8726951 0.3414843 0.3489867 0.323263 0.518888 0.7913636 -0.8609325 -0.1074862 0.4972344 0.3350257 0.06991747 0.9396113 -0.7487306 -0.5492817 0.371069 0.4472276 -0.3718781 0.8134459 -0.5789467 -0.8151514 0.01868139 0.6170114 -0.6377477 0.4610583 -0.4164326 -0.803542 -0.4253283 0.7795256 -0.6261384 0.01704856 -0.323263 -0.518888 -0.7913636 0.8726951 -0.3414843 -0.3489867 -0.9239415 -0.1681169 -0.3436114 -0.3318033 -0.08524239 -0.9394894 0.8577101 0.1311969 -0.4971125 0.9239415 0.1681169 0.3436114 -0.4576437 0.3535723 -0.8158118 0.7318696 0.5700116 -0.3734349 -0.6358566 0.6159981 -0.4650083 0.5536567 0.8324374 -0.02263142 -0.7983707 0.6017974 -0.02107392 0.3911426 0.8182367 0.421303 -0.8831112 0.3163943 0.3464235 0.3064021 0.5328336 0.7888004 -0.8577101 -0.1311969 0.4971125 0.3318033 0.08524239 0.9394894 -0.7318696 -0.5700116 0.3734349 0.4576437 -0.3535723 0.8158118 -0.5536567 -0.8324374 0.02263142 0.6358566 -0.6159981 0.4650083 -0.3911426 -0.8182367 -0.421303 0.7983707 -0.6017974 0.02107392 -0.3064021 -0.5328336 -0.7888004 0.8831112 -0.3163943 -0.3464235 -0.9179462 -0.1982574 -0.3436114 -0.327944 -0.1004402 -0.9393426 0.8538508 0.154803 -0.4969657 0.9179462 0.1982574 0.3436114 -0.4673419 0.3349611 -0.8181642 0.7144528 0.5902043 -0.3757873 -0.6539338 0.5936715 -0.4689613 0.5278609 0.8489147 -0.02658443 -0.816448 0.5768725 -0.02511765 0.3653468 0.8321157 0.4172592 -0.8928094 0.2909806 0.3438336 0.2889853 0.5462238 0.7862105 -0.8538508 -0.154803 0.4969657 0.327944 0.1004402 0.9393426 -0.7144528 -0.5902043 0.3757873 0.4673419 -0.3349611 0.8181642 -0.5278609 -0.8489147 0.02658443 0.6539338 -0.5936715 0.4689613 -0.3653468 -0.8321157 -0.4172592 0.816448 -0.5768725 0.02511765 -0.2889853 -0.5462238 -0.7862105 0.8928094 -0.2909806 -0.3438336 -0.9109679 -0.2281856 -0.3436114 -0.3234519 -0.1154881 -0.9391706 0.8493587 0.1782857 -0.4967937 0.9109679 0.2281856 0.3436114 -0.4763119 0.31607 -0.820504 0.6964988 0.6098437 -0.3781271 -0.6712238 0.5707942 -0.4729192 0.5015869 0.864568 -0.0305423 -0.833738 0.5513887 -0.02918184 0.3390727 0.8451624 0.4131951 -0.9017794 0.2652656 0.3412155 0.2710312 0.5590394 0.7835924 -0.8493587 -0.1782857 0.4967937 0.3234519 0.1154881 0.9391706 -0.6964988 -0.6098437 0.3781271 0.4763119 -0.31607 0.820504 -0.5015869 -0.864568 0.0305423 0.6712238 -0.5707942 0.4729192 -0.3390727 -0.8451624 -0.4131951 0.833738 -0.5513887 0.02918184 -0.2710312 -0.5590394 -0.7835924 0.9017794 -0.2652656 -0.3412155 -0.9030141 -0.2578694 -0.3436114 -0.318332 -0.1303632 -0.9389729 0.8442388 0.2016266 -0.4965961 0.9030141 0.2578694 0.3436114 -0.4845441 0.2969249 -0.8228321 0.6780267 0.6289147 -0.3804552 -0.687708 0.5473934 -0.4768838 0.4748627 0.8793831 -0.03450693 -0.8502222 0.5253717 -0.03326861 0.3123486 0.8573615 0.4091083 -0.9100116 0.2392716 0.3385676 0.2525591 0.5712614 0.7809445 -0.8442388 -0.2016266 0.4965961 0.318332 0.1303632 0.9389729 -0.6780267 -0.6289147 0.3804552 0.4845441 -0.2969249 0.8228321 -0.4748627 -0.8793831 0.03450693 0.687708 -0.5473934 0.4768838 -0.3123486 -0.8573615 -0.4091083 0.8502222 -0.5253717 0.03326861 -0.2525591 -0.5712614 -0.7809445 0.9100116 -0.2392716 -0.3385676 -0.8940934 -0.2872772 -0.3436114 -0.3125895 -0.145043 -0.9387493 0.8384963 0.2248073 -0.4963724 0.8940934 0.2872772 0.3436114 -0.4920295 0.2775521 -0.8251495 0.6590563 0.6474024 -0.3827726 -0.7033688 0.5234966 -0.4808571 0.4477171 0.8933469 -0.03848023 -0.8658829 0.4988481 -0.03738011 0.2852029 0.8686984 0.4049968 -0.9174971 0.2130215 0.3358884 0.2335888 0.5828717 0.7782653 -0.8384963 -0.2248073 0.4963724 0.3125895 0.145043 0.9387493 -0.6590563 -0.6474024 0.3827726 0.4920295 -0.2775521 0.8251495 -0.4477171 -0.8933469 0.03848023 0.7033688 -0.5234966 0.4808571 -0.2852029 -0.8686984 -0.4049968 0.8658829 -0.4988481 0.03738011 -0.2335888 -0.5828717 -0.7782653 0.9174971 -0.2130215 -0.3358884 -0.8842152 -0.3163773 -0.3436114 -0.3062308 -0.159505 -0.9384992 0.8321376 0.2478097 -0.4961224 0.8842152 0.3163773 0.3436114 -0.4987603 0.2579782 -0.8274572 0.6396081 0.665293 -0.3850803 -0.7181894 0.4991324 -0.484841 0.420179 0.9064471 -0.04246413 -0.8807035 0.4718448 -0.04151857 0.2576649 0.8791595 0.4008583 -0.9242279 0.1865383 0.3331761 0.2141405 0.593853 0.775553 -0.8321376 -0.2478097 0.4961224 0.3062308 0.159505 0.9384992 -0.6396081 -0.665293 0.3850803 0.4987603 -0.2579782 0.8274572 -0.420179 -0.9064471 0.04246413 0.7181894 -0.4991324 0.484841 -0.2576649 -0.8791595 -0.4008583 0.8807035 -0.4718448 0.04151857 -0.2141405 -0.593853 -0.775553 0.9242279 -0.1865383 -0.3331761 -0.8733903 -0.3451386 -0.3436114 -0.2992626 -0.1737271 -0.9382222 0.8251694 0.270616 -0.4958453 0.8733903 0.3451386 0.3436114 -0.5047293 0.2382302 -0.8297558 0.6197027 0.6825732 -0.3873789 -0.7321539 0.4743296 -0.4888375 0.392278 0.9186726 -0.04646057 -0.8946681 0.4443893 -0.04568626 0.2297639 0.8887323 0.3966906 -0.9301968 0.1598454 0.3304291 0.1942351 0.6041884 0.772806 -0.8251694 -0.270616 0.4958453 0.2992626 0.1737271 0.9382222 -0.6197027 -0.6825732 0.3873789 0.5047293 -0.2382302 0.8297558 -0.392278 -0.9186726 0.04646057 0.7321539 -0.4743296 0.4888375 -0.2297639 -0.8887323 -0.3966906 0.8946681 -0.4443893 0.04568626 -0.1942351 -0.6041884 -0.772806 0.9301968 -0.1598454 -0.3304291 -0.86163 -0.3735303 -0.3436114 -0.2916923 -0.187687 -0.9379175 0.8175991 0.2932085 -0.4955406 0.86163 0.3735303 0.3436114 -0.5099299 0.2183351 -0.8320464 0.5993615 0.6992306 -0.3896695 -0.7452474 0.4491177 -0.4928484 0.364044 0.9300132 -0.0504715 -0.9077616 0.4165098 -0.04988549 0.2015299 0.8974053 0.3924914 -0.9353974 0.1329664 0.3276455 0.173894 0.6138619 0.7700224 -0.8175991 -0.2932085 0.4955406 0.2916923 0.187687 0.9379175 -0.5993615 -0.6992306 0.3896695 0.5099299 -0.2183351 0.8320464 -0.364044 -0.9300132 0.0504715 0.7452474 -0.4491177 0.4928484 -0.2015299 -0.8974053 -0.3924914 0.9077616 -0.4165098 0.04988549 -0.173894 -0.6138619 -0.7700224 0.9353974 -0.1329664 -0.3276455 -0.8489471 -0.4015221 -0.3436114 -0.2835281 -0.2013629 -0.9375846 0.8094349 0.3155701 -0.4952077 0.8489471 0.4015221 0.3436114 -0.5143567 0.1983206 -0.8343297 0.5786063 0.7152536 -0.3919529 -0.7574559 0.4235269 -0.4968758 0.3355071 0.9404599 -0.05449891 -0.91997 0.3882349 -0.05411865 0.172993 0.9051679 0.3882582 -0.9398242 0.105925 0.3248235 0.1531388 0.622858 0.7672004 -0.8094349 -0.3155701 0.4952077 0.2835281 0.2013629 0.9375846 -0.5786063 -0.7152536 0.3919529 0.5143567 -0.1983206 0.8343297 -0.3355071 -0.9404599 0.05449891 0.7574559 -0.4235269 0.4968758 -0.172993 -0.9051679 -0.3882582 0.91997 -0.3882349 0.05411865 -0.1531388 -0.622858 -0.7672004 0.9398242 -0.105925 -0.3248235 -0.8353551 -0.4290839 -0.3436114 -0.2747787 -0.2147332 -0.9372227 0.8006855 0.3376838 -0.4948458 0.8353551 0.4290839 0.3436114 -0.5180049 0.1782143 -0.8366066 0.5574593 0.7306313 -0.3942297 -0.7687662 0.3975877 -0.5009217 0.306698 0.9500046 -0.0585448 -0.9312804 0.3595938 -0.05838822 0.1441839 0.9120108 0.3839887 -0.9434724 0.0787451 0.3219611 0.1319918 0.6311621 0.764338 -0.8006855 -0.3376838 0.4948458 0.2747787 0.2147332 0.9372227 -0.5574593 -0.7306313 0.3942297 0.5180049 -0.1782143 0.8366066 -0.306698 -0.9500046 0.0585448 0.7687662 -0.3975877 0.5009217 -0.1441839 -0.9120108 -0.3839887 0.9312804 -0.3595938 0.05838822 -0.1319918 -0.6311621 -0.764338 0.9434724 -0.0787451 -0.3219611 -0.8208687 -0.4561862 -0.3436114 -0.2654535 -0.2277764 -0.936831 0.7913603 0.359533 -0.4944541 0.8208687 0.4561862 0.3436114 -0.5208706 0.1580442 -0.8388777 0.5359432 0.7453536 -0.3965008 -0.7791663 0.3713311 -0.5049881 0.2776475 0.9586405 -0.06261124 -0.9416805 0.3306161 -0.06269671 0.1151334 0.9179255 0.3796802 -0.9463382 0.05145085 0.3190563 0.1104757 0.6387603 0.7614331 -0.7913603 -0.359533 0.4944541 0.2654535 0.2277764 0.936831 -0.5359432 -0.7453536 0.3965008 0.5208706 -0.1580442 0.8388777 -0.2776475 -0.9586405 0.06261124 0.7791663 -0.3713311 0.5049881 -0.1151334 -0.9179255 -0.3796802 0.9416805 -0.3306161 0.06269671 -0.1104757 -0.6387603 -0.7614331 0.9463382 -0.05145085 -0.3190563 -0.8055032 -0.4828 -0.3436114 -0.2555625 -0.2404715 -0.9364087 0.7814693 0.3811014 -0.4940318 0.8055032 0.4828 0.3436114 -0.5229508 0.1378384 -0.8411439 0.514081 0.7594113 -0.398767 -0.7886451 0.3447888 -0.5090772 0.2483867 0.9663618 -0.06670028 -0.9511592 0.3013318 -0.06704674 0.08587258 0.9229048 0.3753302 -0.9484183 0.02406639 0.3161068 0.08861349 0.6456393 0.7584837 -0.7814693 -0.3811014 0.4940318 0.2555625 0.2404715 0.9364087 -0.514081 -0.7594113 0.398767 0.5229508 -0.1378384 0.8411439 -0.2483867 -0.9663618 0.06670028 0.7886451 -0.3447888 0.5090772 -0.08587258 -0.9229048 -0.3753302 0.9511592 -0.3013318 0.06704674 -0.08861349 -0.6456393 -0.7584837 0.9484183 -0.02406639 -0.3161068 -0.7892751 -0.5088968 -0.3436114 -0.2451162 -0.2527975 -0.9359548 0.771023 0.4023734 -0.4935779 0.7892751 0.5088968 0.3436114 -0.5242432 0.1176253 -0.8434058 0.4918961 0.7727962 -0.4010289 -0.7971923 0.3179928 -0.5131909 0.2189469 0.9731637 -0.07081404 -0.9597065 0.2717714 -0.07144102 0.0564328 0.9269422 0.3709359 -0.9497107 -0.003384036 0.3131105 0.06642859 0.6517868 0.7554874 -0.771023 -0.4023734 0.4935779 0.2451162 0.2527975 0.9359548 -0.4918961 -0.7727962 0.4010289 0.5242432 -0.1176253 0.8434058 -0.2189469 -0.9731637 0.07081404 0.7971923 -0.3179928 0.5131909 -0.0564328 -0.9269422 -0.3709359 0.9597065 -0.2717714 0.07144102 -0.06642859 -0.6517868 -0.7554874 0.9497107 0.003384036 -0.3131105 -0.7722019 -0.5344487 -0.3436114 -0.2341259 -0.2647339 -0.9354683 0.7600327 0.4233333 -0.4930914 0.7722019 0.5344487 0.3436114 -0.5247463 0.09743352 -0.8456642 0.4694123 0.7855008 -0.4032873 -0.8047989 0.2909755 -0.5173316 0.1893597 0.9790427 -0.07495469 -0.967313 0.2419656 -0.07588233 0.02684558 0.9300328 0.3664946 -0.9502139 -0.03087611 0.3100649 0.04394475 0.6571911 0.7524418 -0.7600327 -0.4233333 0.4930914 0.2341259 0.2647339 0.9354683 -0.4694123 -0.7855008 0.4032873 0.5247463 -0.09743352 0.8456642 -0.1893597 -0.9790427 0.07495469 0.8047989 -0.2909755 0.5173316 -0.02684558 -0.9300328 -0.3664946 0.967313 -0.2419656 0.07588233 -0.04394475 -0.6571911 -0.7524418 0.9502139 0.03087611 -0.3100649 -0.7543018 -0.5594283 -0.3436114 -0.2226033 -0.2762603 -0.9349481 0.7485101 0.4439665 -0.4925712 0.7543018 0.5594283 0.3436114 -0.5244598 0.07729159 -0.8479197 0.4466536 0.7975184 -0.4055429 -0.8114567 0.2637697 -0.5215013 0.1596567 0.9839965 -0.07912442 -0.9739708 0.2119456 -0.08037358 -0.002857394 0.9321724 0.3620033 -0.9499274 -0.05838551 0.3069677 0.02118606 0.6618413 0.7493446 -0.7485101 -0.4439665 0.4925712 0.2226033 0.2762603 0.9349481 -0.4466536 -0.7975184 0.4055429 0.5244598 -0.07729159 0.8479197 -0.1596567 -0.9839965 0.07912442 0.8114567 -0.2637697 0.5215013 0.002857394 -0.9321724 -0.3620033 0.9739708 -0.2119456 0.08037358 -0.02118606 -0.6618413 -0.7493446 0.9499274 0.05838551 -0.3069677 -0.7355939 -0.5838089 -0.3436114 -0.2105608 -0.2873568 -0.934393 0.7364675 0.4642583 -0.4920161 0.7355939 0.5838089 0.3436114 -0.5233839 0.05722833 -0.850173 0.4236444 0.8088434 -0.4077962 -0.8171585 0.2364085 -0.5257024 0.1298698 0.9880236 -0.08332549 -0.9796726 0.181743 -0.08491776 -0.03264432 0.9333581 0.3574591 -0.9488514 -0.08588793 0.3038161 -0.001823124 0.6657272 0.746193 -0.7364675 -0.4642583 0.4920161 0.2105608 0.2873568 0.934393 -0.4236444 -0.8088434 0.4077962 0.5233839 -0.05722833 0.850173 -0.1298698 -0.9880236 0.08332549 0.8171585 -0.2364085 0.5257024 0.03264432 -0.9333581 -0.3574591 0.9796726 -0.181743 0.08491776 0.001823124 -0.6657272 -0.746193 0.9488514 0.08588793 -0.3038161 -0.7160984 -0.6075642 -0.3436114 -0.1980112 -0.2980038 -0.9338015 0.7239179 0.4841948 -0.4914247 0.7160984 0.6075642 0.3436114 -0.5215197 0.03727265 -0.8524247 0.4004094 0.8194712 -0.4100478 -0.8218983 0.2089255 -0.5299371 0.1000308 0.9911241 -0.08756022 -0.9844124 0.1513893 -0.08951799 -0.06248331 0.9335879 0.3528589 -0.9469873 -0.1133591 0.3006075 -0.02505815 0.6688395 0.7429844 -0.7239179 -0.4841948 0.4914247 0.1980112 0.2980038 0.9338015 -0.4004094 -0.8194712 0.4100478 0.5215197 -0.03727265 0.8524247 -0.1000308 -0.9911241 0.08756022 0.8218983 -0.2089255 0.5299371 0.06248331 -0.9335879 -0.3528589 0.9844124 -0.1513893 0.08951799 0.02505815 -0.6688395 -0.7429844 0.9469873 0.1133591 -0.3006075 -0.695836 -0.630669 -0.3436114 -0.1849679 -0.3081818 -0.9331725 0.7108747 0.5037627 -0.4907956 0.695836 0.630669 0.3436114 -0.5188693 0.01745352 -0.8546754 0.3769734 0.829398 -0.4122985 -0.8256709 0.1813546 -0.5342078 0.07017173 0.9932991 -0.09183095 -0.9881851 0.1209168 -0.09417752 -0.0923424 0.9328612 0.3481994 -0.9443368 -0.1407747 0.2973389 -0.04849415 0.6711697 0.7397158 -0.7108747 -0.5037627 0.4907956 0.1849679 0.3081818 0.9331725 -0.3769734 -0.829398 0.4122985 0.5188693 -0.01745352 0.8546754 -0.07017173 -0.9932991 0.09183095 0.8256709 -0.1813546 0.5342078 0.0923424 -0.9328612 -0.3481994 0.9881851 -0.1209168 0.09417752 0.04849415 -0.6711697 -0.7397158 0.9443368 0.1407747 -0.2973389 -0.6748286 -0.6530985 -0.3436114 -0.1714451 -0.3178719 -0.9325042 0.6973519 0.522949 -0.4901273 0.6748286 0.6530985 0.3436114 -0.5154354 -0.002199985 -0.8569256 0.3533615 0.8386209 -0.4145487 -0.8284724 0.1537298 -0.538517 0.04032451 0.9945507 -0.09614014 -0.9909866 0.09035747 -0.09889974 -0.1221896 0.9311784 0.3434772 -0.940903 -0.1681108 0.2940074 -0.07210602 0.6727101 0.7363843 -0.6973519 -0.522949 0.4901273 0.1714451 0.3178719 0.9325042 -0.3533615 -0.8386209 0.4145487 0.5154354 0.002199985 0.8569256 -0.04032451 -0.9945507 0.09614014 0.8284724 -0.1537298 0.538517 0.1221896 -0.9311784 -0.3434772 0.9909866 -0.09035747 0.09889974 0.07210602 -0.6727101 -0.7363843 0.940903 0.1681108 -0.2940074 -0.6530985 -0.6748286 -0.3436114 -0.1574571 -0.3270555 -0.931795 0.6833638 0.5417414 -0.4894181 0.6530985 0.6748286 0.3436114 -0.5112218 -0.02165876 -0.8591758 0.329599 0.8471382 -0.4167989 -0.8302998 0.1260855 -0.5428672 0.01052113 0.9948824 -0.1004903 -0.9928139 0.05974388 -0.1036881 -0.151993 0.9285408 0.3386887 -0.9366894 -0.1953433 0.2906097 -0.09586848 0.6734537 0.7329866 -0.6833638 -0.5417414 0.4894181 0.1574571 0.3270555 0.931795 -0.329599 -0.8471382 0.4167989 0.5112218 0.02165876 0.8591758 -0.01052113 -0.9948824 0.1004903 0.8302998 -0.1260855 0.5428672 0.151993 -0.9285408 -0.3386887 0.9928139 -0.05974388 0.1036881 0.09586848 -0.6734537 -0.7329866 0.9366894 0.1953433 -0.2906097 -0.630669 -0.695836 -0.3436114 -0.1430188 -0.3357144 -0.9310432 0.6689256 0.5601283 -0.4886663 0.630669 0.695836 0.3436114 -0.506233 -0.04089365 -0.8614266 0.3057114 0.854949 -0.4190497 -0.831151 0.09845632 -0.5472608 -0.01920652 0.994299 -0.1048839 -0.9936651 0.02910859 -0.1085464 -0.1817206 0.9249513 0.3338305 -0.9317005 -0.2224484 0.2871425 -0.1197561 0.6733943 0.7295194 -0.6689256 -0.5601283 0.4886663 0.1430188 0.3357144 0.9310432 -0.3057114 -0.854949 0.4190497 0.506233 0.04089365 0.8614266 0.01920652 -0.994299 0.1048839 0.831151 -0.09845632 0.5472608 0.1817206 -0.9249513 -0.3338305 0.9936651 -0.02910859 0.1085464 0.1197561 -0.6733943 -0.7295194 0.9317005 0.2224484 -0.2871425 -0.6075642 -0.7160984 -0.3436114 -0.1281459 -0.3438305 -0.9302469 0.6540527 0.5780986 -0.48787 0.6075642 0.7160984 0.3436114 -0.5004743 -0.05987547 -0.8636784 0.2817243 0.8620536 -0.4213015 -0.8310252 0.07087717 -0.5517006 -0.04882658 0.9928063 -0.1093237 -0.9935393 -0.001515653 -0.1134784 -0.2113407 0.9204134 0.3288984 -0.9259418 -0.2494023 0.2836022 -0.1437432 0.6725268 0.7259791 -0.6540527 -0.5780986 0.48787 0.1281459 0.3438305 0.9302469 -0.2817243 -0.8620536 0.4213015 0.5004743 0.05987547 0.8636784 0.04882658 -0.9928063 0.1093237 0.8310252 -0.07087717 0.5517006 0.2113407 -0.9204134 -0.3288984 0.9935393 0.001515653 0.1134784 0.1437432 -0.6725268 -0.7259791 0.9259418 0.2494023 -0.2836022 -0.5838089 -0.7355939 -0.3436114 -0.1128542 -0.3513865 -0.9294038 0.638761 0.5956418 -0.4870269 0.5838089 0.7355939 0.3436114 -0.4939519 -0.07857504 -0.8659316 0.2576632 0.8684533 -0.4235547 -0.8299225 0.04338306 -0.5561894 -0.07830734 0.9904114 -0.1138125 -0.9924366 -0.032096 -0.1184882 -0.2408215 0.9149323 0.3238887 -0.9194194 -0.2761818 0.279985 -0.1678043 0.6708465 0.7223619 -0.638761 -0.5956418 0.4870269 0.1128542 0.3513865 0.9294038 -0.2576632 -0.8684533 0.4235547 0.4939519 0.07857504 0.8659316 0.07830734 -0.9904114 0.1138125 0.8299225 -0.04338306 0.5561894 0.2408215 -0.9149323 -0.3238887 0.9924366 0.032096 0.1184882 0.1678043 -0.6708465 -0.7223619 0.9194194 0.2761818 -0.279985 -0.5594283 -0.7543018 -0.3436114 -0.09716 -0.3583651 -0.9285119 0.6230668 0.6127483 -0.486135 0.5594283 0.7543018 0.3436114 -0.4866727 -0.09696317 -0.8681865 0.2335541 0.8741502 -0.4258096 -0.827844 0.01600923 -0.5607298 -0.1076172 0.9871226 -0.1183529 -0.9903582 -0.06259951 -0.1235799 -0.2701314 0.9085139 0.318797 -0.9121402 -0.3027635 0.2762869 -0.1919134 0.6683499 0.7186638 -0.6230668 -0.6127483 0.486135 0.09716 0.3583651 0.9285119 -0.2335541 -0.8741502 0.4258096 0.4866727 0.09696317 0.8681865 0.1076172 -0.9871226 0.1183529 0.827844 -0.01600923 0.5607298 0.2701314 -0.9085139 -0.318797 0.9903582 0.06259951 0.1235799 0.1919134 -0.6683499 -0.7186638 0.9121402 0.3027635 -0.2762869 -0.5344487 -0.7722019 -0.3436114 -0.08108023 -0.3647496 -0.9275687 0.606987 0.629409 -0.4851918 0.5344487 0.7722019 0.3436114 -0.4786446 -0.1150107 -0.8704435 0.2094227 0.879148 -0.4280666 -0.8247921 -0.01120895 -0.565325 -0.1367249 0.9829497 -0.1229481 -0.9873063 -0.09299318 -0.1287579 -0.299239 0.9011654 0.3136189 -0.9041121 -0.3291246 0.2725038 -0.2160449 0.665034 0.7148806 -0.606987 -0.629409 0.4851918 0.08108023 0.3647496 0.9275687 -0.2094227 -0.879148 0.4280666 0.4786446 0.1150107 0.8704435 0.1367249 -0.9829497 0.1229481 0.8247921 0.01120895 0.565325 0.299239 -0.9011654 -0.3136189 0.9873063 0.09299318 0.1287579 0.2160449 -0.665034 -0.7148806 0.9041121 0.3291246 -0.2725038 -0.5088968 -0.7892751 -0.3436114 -0.06463205 -0.3705237 -0.9265716 0.5905388 0.6456155 -0.4841947 0.5088968 0.7892751 0.3436114 -0.4698761 -0.1326884 -0.8727028 0.1852948 0.8834509 -0.4303259 -0.82077 -0.03823593 -0.5699777 -0.1655991 0.9779033 -0.1276008 -0.9832841 -0.123244 -0.134027 -0.3281133 0.8928953 0.3083499 -0.8953437 -0.3552423 0.268631 -0.2401728 0.6608969 0.7110079 -0.5905388 -0.6456155 0.4841947 0.06463205 0.3705237 0.9265716 -0.1852948 -0.8834509 0.4303259 0.4698761 0.1326884 0.8727028 0.1655991 -0.9779033 0.1276008 0.82077 0.03823593 0.5699777 0.3281133 -0.8928953 -0.3083499 0.9832841 0.123244 0.134027 0.2401728 -0.6608969 -0.7110079 0.8953437 0.3552423 -0.268631 -0.4828 -0.8055032 -0.3436114 -0.04783308 -0.3756714 -0.9255177 0.5737399 0.6613604 -0.4831408 0.4828 0.8055032 0.3436114 -0.4603767 -0.1499672 -0.8749646 0.1611962 0.8870646 -0.4325877 -0.815782 -0.06503605 -0.5746913 -0.194209 0.9719958 -0.1323144 -0.9782961 -0.1533188 -0.1393919 -0.3567231 0.883713 0.302985 -0.8858442 -0.3810944 0.264664 -0.2642713 0.6559374 0.7070409 -0.5737399 -0.6613604 0.4831408 0.04783308 0.3756714 0.9255177 -0.1611962 -0.8870646 0.4325877 0.4603767 0.1499672 0.8749646 0.194209 -0.9719958 0.1323144 0.815782 0.06503605 0.5746913 0.3567231 -0.883713 -0.302985 0.9782961 0.1533188 0.1393919 0.2642713 -0.6559374 -0.7070409 0.8858442 0.3810944 -0.264664 -0.4561862 -0.8208687 -0.3436114 -0.03070132 -0.3801771 -0.924404 0.5566081 0.6766367 -0.4820271 0.4561862 0.8208687 0.3436114 -0.4501565 -0.166818 -0.8772291 0.1371529 0.8899959 -0.4348522 -0.8098333 -0.09157355 -0.5794689 -0.2225239 0.9652403 -0.137092 -0.9723475 -0.1831846 -0.1448578 -0.3850381 0.8736293 0.2975191 -0.875624 -0.4066589 0.2605976 -0.2883146 0.650155 0.7029745 -0.5566081 -0.6766367 0.4820271 0.03070132 0.3801771 0.924404 -0.1371529 -0.8899959 0.4348522 0.4501565 0.166818 0.8772291 0.2225239 -0.9652403 0.137092 0.8098333 0.09157355 0.5794689 0.3850381 -0.8736293 -0.2975191 0.9723475 0.1831846 0.1448578 0.2883146 -0.650155 -0.7029745 0.875624 0.4066589 -0.2605976 -0.4290839 -0.8353551 -0.3436114 -0.0132551 -0.3840256 -0.9232273 0.5391619 0.6914386 -0.4808504 0.4290839 0.8353551 0.3436114 -0.4392265 -0.1832117 -0.8794962 0.1131905 0.8922526 -0.4371193 -0.8029305 -0.1178125 -0.5843139 -0.2505135 0.9576517 -0.141937 -0.9654447 -0.2128084 -0.1504301 -0.4130277 0.8626559 0.2919468 -0.864694 -0.431914 0.2564265 -0.312277 0.6435502 0.6988034 -0.5391619 -0.6914386 0.4808504 0.0132551 0.3840256 0.9232273 -0.1131905 -0.8922526 0.4371193 0.4392265 0.1832117 0.8794962 0.2505135 -0.9576517 0.141937 0.8029305 0.1178125 0.5843139 0.4130277 -0.8626559 -0.2919468 0.9654447 0.2128084 0.1504301 0.312277 -0.6435502 -0.6988034 0.864694 0.431914 -0.2564265 -0.4015221 -0.8489471 -0.3436114 0.004486887 -0.3872022 -0.9219839 0.5214199 0.7057609 -0.479607 0.4015221 0.8489471 0.3436114 -0.4275983 -0.1991193 -0.8817659 0.0893347 0.8938437 -0.4393891 -0.7950809 -0.143717 -0.5892298 -0.2781479 0.949246 -0.1468529 -0.957595 -0.2421571 -0.1561144 -0.440662 0.8508059 0.2862625 -0.8530658 -0.4568387 0.252145 -0.3361328 0.6361243 0.6945218 -0.5214199 -0.7057609 0.479607 -0.004486887 0.3872022 0.9219839 -0.0893347 -0.8938437 0.4393891 0.4275983 0.1991193 0.8817659 0.2781479 -0.949246 0.1468529 0.7950809 0.143717 0.5892298 0.440662 -0.8508059 -0.2862625 0.957595 0.2421571 0.1561144 0.3361328 -0.6361243 -0.6945218 0.8530658 0.4568387 -0.252145 -0.3735303 -0.86163 -0.3436114 0.02250565 -0.3896923 -0.9206701 0.5034011 0.7195991 -0.4782932 0.3735303 0.86163 0.3436114 -0.4152844 -0.2145118 -0.8840382 0.06561104 0.8947796 -0.4416613 -0.7862929 -0.169251 -0.5942202 -0.3053974 0.9400405 -0.1518433 -0.948807 -0.2711978 -0.1619168 -0.4679115 0.8380936 0.2804601 -0.840752 -0.4814121 0.2477469 -0.3598565 0.6278793 0.6901238 -0.5034011 -0.7195991 0.4782932 -0.02250565 0.3896923 0.9206701 -0.06561104 -0.8947796 0.4416613 0.4152844 0.2145118 0.8840382 0.3053974 -0.9400405 0.1518433 0.7862929 0.169251 0.5942202 0.4679115 -0.8380936 -0.2804601 0.948807 0.2711978 0.1619168 0.3598565 -0.6278793 -0.6901238 0.840752 0.4814121 -0.2477469 -0.3451386 -0.8733903 -0.3436114 0.04078188 -0.3914819 -0.9192816 0.4851249 0.73295 -0.4769047 0.3451386 0.8733903 0.3436114 -0.4022981 -0.2293603 -0.8863126 0.04204492 0.8950717 -0.4439358 -0.7765758 -0.1943782 -0.5992888 -0.3322328 0.9300538 -0.1569119 -0.93909 -0.2998976 -0.1678435 -0.494747 0.8245343 0.2745334 -0.8277656 -0.5056137 0.2432259 -0.3834226 0.6188182 0.6856028 -0.4851249 -0.73295 0.4769047 -0.04078188 0.3914819 0.9192816 -0.04204492 -0.8950717 0.4439358 0.4022981 0.2293603 0.8863126 0.3322328 -0.9300538 0.1569119 0.7765758 0.1943782 0.5992888 0.494747 -0.8245343 -0.2745334 0.93909 0.2998976 0.1678435 0.3834226 -0.6188182 -0.6856028 0.8277656 0.5056137 -0.2432259 -0.3163773 -0.8842152 -0.3436114 0.05929603 -0.3925575 -0.917814 0.4666108 0.7458109 -0.4754371 0.3163773 0.8842152 0.3436114 -0.3886532 -0.2436357 -0.888589 0.01866158 0.8947327 -0.4462121 -0.7659402 -0.2190624 -0.6044396 -0.3586255 0.919306 -0.1620627 -0.9284544 -0.3282238 -0.1739013 -0.5211396 0.8101446 0.2684756 -0.8141207 -0.5294238 0.2385749 -0.406806 0.6089446 0.6809518 -0.4666108 -0.7458109 0.4754371 -0.05929603 0.3925575 0.917814 -0.01866158 -0.8947327 0.4462121 0.3886532 0.2436357 0.888589 0.3586255 -0.919306 0.1620627 0.7659402 0.2190624 0.6044396 0.5211396 -0.8101446 -0.2684756 0.9284544 0.3282238 0.1739013 0.406806 -0.6089446 -0.6809518 0.8141207 0.5294238 -0.2385749 -0.2872772 -0.8940934 -0.3436114 0.07802825 -0.3929056 -0.9162624 0.4478785 0.7581803 -0.4738855 0.2872772 0.8940934 0.3436114 -0.3743642 -0.2573093 -0.8908666 -0.00451395 0.8937766 -0.4484897 -0.7543974 -0.2432674 -0.6096766 -0.3845471 0.9078184 -0.1672997 -0.9169115 -0.3561435 -0.1800972 -0.5470613 0.7949424 0.2622797 -0.7998318 -0.5528227 0.2337867 -0.4299815 0.5982631 0.6761635 -0.4478785 -0.7581803 0.4738855 -0.07802825 0.3929056 0.9162624 0.00451395 -0.8937766 0.4484897 0.3743642 0.2573093 0.8908666 0.3845471 -0.9078184 0.1672997 0.7543974 0.2432674 0.6096766 0.5470613 -0.7949424 -0.2622797 0.9169115 0.3561435 0.1800972 0.4299815 -0.5982631 -0.6761635 0.7998318 0.5528227 -0.2337867 -0.2578694 -0.9030141 -0.3436114 0.0969585 -0.3925133 -0.9146214 0.4289483 0.7700574 -0.4722445 0.2578694 0.9030141 0.3436114 -0.3594466 -0.270352 -0.893145 -0.02745684 0.8922187 -0.4507681 -0.7419598 -0.2669567 -0.6150039 -0.40997 0.895614 -0.172627 -0.9044739 -0.3836242 -0.1864388 -0.5724841 0.7789465 0.2559381 -0.7849141 -0.5757916 0.2288532 -0.4529244 0.5867791 0.6712301 -0.4289483 -0.7700574 0.4722445 -0.0969585 0.3925133 0.9146214 0.02745684 -0.8922187 0.4507681 0.3594466 0.270352 0.893145 0.40997 -0.895614 0.172627 0.7419598 0.2669567 0.6150039 0.5724841 -0.7789465 -0.2559381 0.9044739 0.3836242 0.1864388 0.4529244 -0.5867791 -0.6712301 0.7849141 0.5757916 -0.2288532 -0.2281856 -0.9109679 -0.3436114 0.1160665 -0.391368 -0.9128854 0.4098403 0.7814427 -0.4705085 0.2281856 0.9109679 0.3436114 -0.3439163 -0.2827349 -0.8954231 -0.05014253 0.8900758 -0.4530462 -0.7286406 -0.2900937 -0.6204261 -0.4348668 0.882717 -0.1780492 -0.8911547 -0.4106334 -0.1929339 -0.5973809 0.7621773 0.249443 -0.7693838 -0.598312 0.223766 -0.4756101 0.5744986 0.6661429 -0.4098403 -0.7814427 0.4705085 -0.1160665 0.391368 0.9128854 0.05014253 -0.8900758 0.4530462 0.3439163 0.2827349 0.8954231 0.4348668 -0.882717 0.1780492 0.7286406 0.2900937 0.6204261 0.5973809 -0.7621773 -0.249443 0.8911547 0.4106334 0.1929339 0.4756101 -0.5744986 -0.6661429 0.7693838 0.598312 -0.223766 -0.1982574 -0.9179462 -0.3436114 0.1353318 -0.3894573 -0.9110479 0.390575 0.7923375 -0.468671 0.1982574 0.9179462 0.3436114 -0.3277899 -0.2944291 -0.8977 -0.07254673 0.8873657 -0.4553231 -0.7144541 -0.3126417 -0.6259477 -0.4592109 0.8691531 -0.1835708 -0.8769683 -0.4371385 -0.199591 -0.6217251 0.7446563 0.2427858 -0.7532575 -0.620366 0.2185161 -0.4980143 0.5614288 0.660893 -0.390575 -0.7923375 0.468671 -0.1353318 0.3894573 0.9110479 0.07254673 -0.8873657 0.4553231 0.3277899 0.2944291 0.8977 0.4592109 -0.8691531 0.1835708 0.7144541 0.3126417 0.6259477 0.6217251 -0.7446563 -0.2427858 0.8769683 0.4371385 0.199591 0.4980143 -0.5614288 -0.660893 0.7532575 0.620366 -0.2185161 -0.1681169 -0.9239415 -0.3436114 0.1547337 -0.3867693 -0.9091023 0.371173 0.802744 -0.4667254 0.1681169 0.9239415 0.3436114 -0.3110847 -0.3054054 -0.8999743 -0.09464544 0.8841079 -0.4575975 -0.6994156 -0.3345639 -0.6315733 -0.4829763 0.8549495 -0.1891964 -0.8619298 -0.4631071 -0.2064191 -0.6454905 0.7264062 0.2359578 -0.7365523 -0.641936 0.2130936 -0.520113 0.5475773 0.6554705 -0.371173 -0.802744 0.4667254 -0.1547337 0.3867693 0.9091023 0.09464544 -0.8841079 0.4575975 0.3110847 0.3054054 0.8999743 0.4829763 -0.8549495 0.1891964 0.6994156 0.3345639 0.6315733 0.6454905 -0.7264062 -0.2359578 0.8619298 0.4631071 0.2064191 0.520113 -0.5475773 -0.6554705 0.7365523 0.641936 -0.2130936 -0.1377963 -0.9289474 -0.3436114 0.1742516 -0.3832922 -0.907041 0.3516552 0.8126659 -0.4646641 0.1377963 0.9289474 0.3436114 -0.2938186 -0.3156348 -0.9022446 -0.116415 0.8803234 -0.4598677 -0.6835412 -0.3558232 -0.6373079 -0.5061376 0.8401349 -0.194931 -0.8460553 -0.488507 -0.2134276 -0.6686517 0.7074512 0.2289493 -0.7192862 -0.6630053 0.2074882 -0.5418825 0.5329528 0.6498651 -0.3516552 -0.8126659 0.4646641 -0.1742516 0.3832922 0.907041 0.116415 -0.8803234 0.4598677 0.2938186 0.3156348 0.9022446 0.5061376 -0.8401349 0.194931 0.6835412 0.3558232 0.6373079 0.6686517 -0.7074512 -0.2289493 0.8460553 0.488507 0.2134276 0.5418825 -0.5329528 -0.6498651 0.7192862 0.6630053 -0.2074882 -0.1073283 -0.9329586 -0.3436114 0.1938644 -0.3790147 -0.904856 0.3320424 0.8221076 -0.4624791 0.1073283 0.9329586 0.3436114 -0.2760101 -0.3250878 -0.9045089 -0.1378321 0.8760344 -0.462132 -0.6668477 -0.3763824 -0.6431565 -0.5286698 0.8247398 -0.2007797 -0.8293619 -0.5133057 -0.2206267 -0.6911839 0.6878166 0.2217502 -0.7014776 -0.6835575 0.2016885 -0.5632996 0.5175648 0.6440654 -0.3320424 -0.8221076 0.4624791 -0.1938644 0.3790147 0.904856 0.1378321 -0.8760344 0.462132 0.2760101 0.3250878 0.9045089 0.5286698 -0.8247398 0.2007797 0.6668477 0.3763824 0.6431565 0.6911839 -0.6878166 -0.2217502 0.8293619 0.5133057 0.2206267 0.5632996 -0.5175648 -0.6440654 0.7014776 0.6835575 -0.2016885 -0.07674523 -0.9359708 -0.3436114 0.2135512 -0.3739254 -0.9025384 0.3123556 0.8310748 -0.4601616 0.07674523 0.9359708 0.3436114 -0.2576782 -0.3337352 -0.906765 -0.1588738 0.8712651 -0.4643881 -0.6493532 -0.396204 -0.6491246 -0.5505488 0.8087962 -0.2067477 -0.8118674 -0.5374709 -0.2280272 -0.713063 0.6675293 0.2143497 -0.6831457 -0.7035768 0.1956825 -0.5843413 0.5014235 0.6380594 -0.3123556 -0.8310748 0.4601616 -0.2135512 0.3739254 0.9025384 0.1588738 -0.8712651 0.4643881 0.2576782 0.3337352 0.906765 0.5505488 -0.8087962 0.2067477 0.6493532 0.396204 0.6491246 0.713063 -0.6675293 -0.2143497 0.8118674 0.5374709 0.2280272 0.5843413 -0.5014235 -0.6380594 0.6831457 0.7035768 -0.1956825 -0.04608004 -0.9379807 -0.3436114 0.2332909 -0.3680135 -0.9000786 0.2926159 0.8395744 -0.4577017 0.04608004 0.9379807 0.3436114 -0.2388426 -0.3415471 -0.9090104 -0.1795176 0.8660408 -0.4666335 -0.6310764 -0.41525 -0.6552176 -0.5717514 0.7923378 -0.2128407 -0.7935905 -0.5609704 -0.2356404 -0.7342655 0.6466175 0.2067365 -0.6643101 -0.7230478 0.1894569 -0.6049851 0.48454 0.6318338 -0.2926159 -0.8395744 0.4577017 -0.2332909 0.3680135 0.9000786 0.1795176 -0.8660408 0.4666335 0.2388426 0.3415471 0.9090104 0.5717514 -0.7923378 0.2128407 0.6310764 0.41525 0.6552176 0.7342655 -0.6466175 -0.2067365 0.7935905 0.5609704 0.2356404 0.6049851 -0.48454 -0.6318338 0.6643101 0.7230478 -0.1894569 -0.0153655 -0.9389862 -0.3436114 0.2530624 -0.3612681 -0.8974658 0.2728444 0.8476143 -0.4550889 0.0153655 0.9389862 0.3436114 -0.2195234 -0.3484935 -0.9112419 -0.1997413 0.8603889 -0.468865 -0.6120367 -0.4334822 -0.661441 -0.5922546 0.7754001 -0.2190641 -0.7745508 -0.5837715 -0.2434786 -0.7547688 0.6251109 0.1988982 -0.6449909 -0.7419559 0.1829978 -0.6252089 0.4669265 0.6253747 -0.2728444 -0.8476143 0.4550889 -0.2530624 0.3612681 0.8974658 0.1997413 -0.8603889 0.468865 0.2195234 0.3484935 0.9112419 0.5922546 -0.7754001 0.2190641 0.6120367 0.4334822 0.661441 0.7547688 -0.6251109 -0.1988982 0.7745508 0.5837715 0.2434786 0.6252089 -0.4669265 -0.6253747 0.6449909 0.7419559 -0.1829978 0.0153655 -0.9389862 -0.3436114 0.2728444 -0.8476143 0.4550889 0.2530624 0.3612681 0.8974658 -0.0153655 0.9389862 0.3436114 0.6449909 -0.7419559 0.1829978 0.6252089 0.4669265 0.6253747 0.7745508 -0.5837715 -0.2434786 0.7547688 0.6251109 0.1988982 0.6120367 -0.4334822 -0.661441 0.5922546 0.7754001 -0.2190641 0.2195234 -0.3484935 -0.9112419 0.1997413 0.8603889 -0.468865 -0.2530624 -0.3612681 -0.8974658 -0.2728444 0.8476143 -0.4550889 -0.6252089 -0.4669265 -0.6253747 -0.6449909 0.7419559 -0.1829978 -0.7547688 -0.6251109 -0.1988982 -0.7745508 0.5837715 0.2434786 -0.5922546 -0.7754001 0.2190641 -0.6120367 0.4334822 0.661441 -0.1997413 -0.8603889 0.468865 -0.2195234 0.3484935 0.9112419 0.04608004 -0.9379807 -0.3436114 0.2926159 -0.8395744 0.4577017 0.2332909 0.3680135 0.9000786 -0.04608004 0.9379807 0.3436114 0.6643101 -0.7230478 0.1894569 0.6049851 0.48454 0.6318338 0.7935905 -0.5609704 -0.2356404 0.7342655 0.6466175 0.2067365 0.6310764 -0.41525 -0.6552176 0.5717514 0.7923378 -0.2128407 0.2388426 -0.3415471 -0.9090104 0.1795176 0.8660408 -0.4666335 -0.2332909 -0.3680135 -0.9000786 -0.2926159 0.8395744 -0.4577017 -0.6049851 -0.48454 -0.6318338 -0.6643101 0.7230478 -0.1894569 -0.7342655 -0.6466175 -0.2067365 -0.7935905 0.5609704 0.2356404 -0.5717514 -0.7923378 0.2128407 -0.6310764 0.41525 0.6552176 -0.1795176 -0.8660408 0.4666335 -0.2388426 0.3415471 0.9090104 0.07674523 -0.9359708 -0.3436114 0.3123556 -0.8310748 0.4601616 0.2135512 0.3739254 0.9025384 -0.07674523 0.9359708 0.3436114 0.6831457 -0.7035768 0.1956825 0.5843413 0.5014235 0.6380594 0.8118674 -0.5374709 -0.2280272 0.713063 0.6675293 0.2143497 0.6493532 -0.396204 -0.6491246 0.5505488 0.8087962 -0.2067477 0.2576782 -0.3337352 -0.906765 0.1588738 0.8712651 -0.4643881 -0.2135512 -0.3739254 -0.9025384 -0.3123556 0.8310748 -0.4601616 -0.5843413 -0.5014235 -0.6380594 -0.6831457 0.7035768 -0.1956825 -0.713063 -0.6675293 -0.2143497 -0.8118674 0.5374709 0.2280272 -0.5505488 -0.8087962 0.2067477 -0.6493532 0.396204 0.6491246 -0.1588738 -0.8712651 0.4643881 -0.2576782 0.3337352 0.906765 0.1073283 -0.9329586 -0.3436114 0.3320424 -0.8221076 0.4624791 0.1938644 0.3790147 0.904856 -0.1073283 0.9329586 0.3436114 0.7014776 -0.6835575 0.2016885 0.5632996 0.5175648 0.6440654 0.8293619 -0.5133057 -0.2206267 0.6911839 0.6878166 0.2217502 0.6668477 -0.3763824 -0.6431565 0.5286698 0.8247398 -0.2007797 0.2760101 -0.3250878 -0.9045089 0.1378321 0.8760344 -0.462132 -0.1938644 -0.3790147 -0.904856 -0.3320424 0.8221076 -0.4624791 -0.5632996 -0.5175648 -0.6440654 -0.7014776 0.6835575 -0.2016885 -0.6911839 -0.6878166 -0.2217502 -0.8293619 0.5133057 0.2206267 -0.5286698 -0.8247398 0.2007797 -0.6668477 0.3763824 0.6431565 -0.1378321 -0.8760344 0.462132 -0.2760101 0.3250878 0.9045089 0.1377963 -0.9289474 -0.3436114 0.3516552 -0.8126659 0.4646641 0.1742516 0.3832922 0.907041 -0.1377963 0.9289474 0.3436114 0.7192862 -0.6630053 0.2074882 0.5418825 0.5329528 0.6498651 0.8460553 -0.488507 -0.2134276 0.6686517 0.7074512 0.2289493 0.6835412 -0.3558232 -0.6373079 0.5061376 0.8401349 -0.194931 0.2938186 -0.3156348 -0.9022446 0.116415 0.8803234 -0.4598677 -0.1742516 -0.3832922 -0.907041 -0.3516552 0.8126659 -0.4646641 -0.5418825 -0.5329528 -0.6498651 -0.7192862 0.6630053 -0.2074882 -0.6686517 -0.7074512 -0.2289493 -0.8460553 0.488507 0.2134276 -0.5061376 -0.8401349 0.194931 -0.6835412 0.3558232 0.6373079 -0.116415 -0.8803234 0.4598677 -0.2938186 0.3156348 0.9022446 0.1681169 -0.9239415 -0.3436114 0.371173 -0.802744 0.4667254 0.1547337 0.3867693 0.9091023 -0.1681169 0.9239415 0.3436114 0.7365523 -0.641936 0.2130936 0.520113 0.5475773 0.6554705 0.8619298 -0.4631071 -0.2064191 0.6454905 0.7264062 0.2359578 0.6994156 -0.3345639 -0.6315733 0.4829763 0.8549495 -0.1891964 0.3110847 -0.3054054 -0.8999743 0.09464544 0.8841079 -0.4575975 -0.1547337 -0.3867693 -0.9091023 -0.371173 0.802744 -0.4667254 -0.520113 -0.5475773 -0.6554705 -0.7365523 0.641936 -0.2130936 -0.6454905 -0.7264062 -0.2359578 -0.8619298 0.4631071 0.2064191 -0.4829763 -0.8549495 0.1891964 -0.6994156 0.3345639 0.6315733 -0.09464544 -0.8841079 0.4575975 -0.3110847 0.3054054 0.8999743 0.1982574 -0.9179462 -0.3436114 0.390575 -0.7923375 0.468671 0.1353318 0.3894573 0.9110479 -0.1982574 0.9179462 0.3436114 0.7532575 -0.620366 0.2185161 0.4980143 0.5614288 0.660893 0.8769683 -0.4371385 -0.199591 0.6217251 0.7446563 0.2427858 0.7144541 -0.3126417 -0.6259477 0.4592109 0.8691531 -0.1835708 0.3277899 -0.2944291 -0.8977 0.07254673 0.8873657 -0.4553231 -0.1353318 -0.3894573 -0.9110479 -0.390575 0.7923375 -0.468671 -0.4980143 -0.5614288 -0.660893 -0.7532575 0.620366 -0.2185161 -0.6217251 -0.7446563 -0.2427858 -0.8769683 0.4371385 0.199591 -0.4592109 -0.8691531 0.1835708 -0.7144541 0.3126417 0.6259477 -0.07254673 -0.8873657 0.4553231 -0.3277899 0.2944291 0.8977 0.2281856 -0.9109679 -0.3436114 0.4098403 -0.7814427 0.4705085 0.1160665 0.391368 0.9128854 -0.2281856 0.9109679 0.3436114 0.7693838 -0.598312 0.223766 0.4756101 0.5744986 0.6661429 0.8911547 -0.4106334 -0.1929339 0.5973809 0.7621773 0.249443 0.7286406 -0.2900937 -0.6204261 0.4348668 0.882717 -0.1780492 0.3439163 -0.2827349 -0.8954231 0.05014253 0.8900758 -0.4530462 -0.1160665 -0.391368 -0.9128854 -0.4098403 0.7814427 -0.4705085 -0.4756101 -0.5744986 -0.6661429 -0.7693838 0.598312 -0.223766 -0.5973809 -0.7621773 -0.249443 -0.8911547 0.4106334 0.1929339 -0.4348668 -0.882717 0.1780492 -0.7286406 0.2900937 0.6204261 -0.05014253 -0.8900758 0.4530462 -0.3439163 0.2827349 0.8954231 0.2578694 -0.9030141 -0.3436114 0.4289483 -0.7700574 0.4722445 0.0969585 0.3925133 0.9146214 -0.2578694 0.9030141 0.3436114 0.7849141 -0.5757916 0.2288532 0.4529244 0.5867791 0.6712301 0.9044739 -0.3836242 -0.1864388 0.5724841 0.7789465 0.2559381 0.7419598 -0.2669567 -0.6150039 0.40997 0.895614 -0.172627 0.3594466 -0.270352 -0.893145 0.02745684 0.8922187 -0.4507681 -0.0969585 -0.3925133 -0.9146214 -0.4289483 0.7700574 -0.4722445 -0.4529244 -0.5867791 -0.6712301 -0.7849141 0.5757916 -0.2288532 -0.5724841 -0.7789465 -0.2559381 -0.9044739 0.3836242 0.1864388 -0.40997 -0.895614 0.172627 -0.7419598 0.2669567 0.6150039 -0.02745684 -0.8922187 0.4507681 -0.3594466 0.270352 0.893145 0.2872772 -0.8940934 -0.3436114 0.4478785 -0.7581803 0.4738855 0.07802825 0.3929056 0.9162624 -0.2872772 0.8940934 0.3436114 0.7998318 -0.5528227 0.2337867 0.4299815 0.5982631 0.6761635 0.9169115 -0.3561435 -0.1800972 0.5470613 0.7949424 0.2622797 0.7543974 -0.2432674 -0.6096766 0.3845471 0.9078184 -0.1672997 0.3743642 -0.2573093 -0.8908666 0.00451395 0.8937766 -0.4484897 -0.07802825 -0.3929056 -0.9162624 -0.4478785 0.7581803 -0.4738855 -0.4299815 -0.5982631 -0.6761635 -0.7998318 0.5528227 -0.2337867 -0.5470613 -0.7949424 -0.2622797 -0.9169115 0.3561435 0.1800972 -0.3845471 -0.9078184 0.1672997 -0.7543974 0.2432674 0.6096766 -0.00451395 -0.8937766 0.4484897 -0.3743642 0.2573093 0.8908666 0.3163773 -0.8842152 -0.3436114 0.4666108 -0.7458109 0.4754371 0.05929603 0.3925575 0.917814 -0.3163773 0.8842152 0.3436114 0.8141207 -0.5294238 0.2385749 0.406806 0.6089446 0.6809518 0.9284544 -0.3282238 -0.1739013 0.5211396 0.8101446 0.2684756 0.7659402 -0.2190624 -0.6044396 0.3586255 0.919306 -0.1620627 0.3886532 -0.2436357 -0.888589 -0.01866158 0.8947327 -0.4462121 -0.05929603 -0.3925575 -0.917814 -0.4666108 0.7458109 -0.4754371 -0.406806 -0.6089446 -0.6809518 -0.8141207 0.5294238 -0.2385749 -0.5211396 -0.8101446 -0.2684756 -0.9284544 0.3282238 0.1739013 -0.3586255 -0.919306 0.1620627 -0.7659402 0.2190624 0.6044396 0.01866158 -0.8947327 0.4462121 -0.3886532 0.2436357 0.888589 0.3451386 -0.8733903 -0.3436114 0.4851249 -0.73295 0.4769047 0.04078188 0.3914819 0.9192816 -0.3451386 0.8733903 0.3436114 0.8277656 -0.5056137 0.2432259 0.3834226 0.6188182 0.6856028 0.93909 -0.2998976 -0.1678435 0.494747 0.8245343 0.2745334 0.7765758 -0.1943782 -0.5992888 0.3322328 0.9300538 -0.1569119 0.4022981 -0.2293603 -0.8863126 -0.04204492 0.8950717 -0.4439358 -0.04078188 -0.3914819 -0.9192816 -0.4851249 0.73295 -0.4769047 -0.3834226 -0.6188182 -0.6856028 -0.8277656 0.5056137 -0.2432259 -0.494747 -0.8245343 -0.2745334 -0.93909 0.2998976 0.1678435 -0.3322328 -0.9300538 0.1569119 -0.7765758 0.1943782 0.5992888 0.04204492 -0.8950717 0.4439358 -0.4022981 0.2293603 0.8863126 0.3735303 -0.86163 -0.3436114 0.5034011 -0.7195991 0.4782932 0.02250565 0.3896923 0.9206701 -0.3735303 0.86163 0.3436114 0.840752 -0.4814121 0.2477469 0.3598565 0.6278793 0.6901238 0.948807 -0.2711978 -0.1619168 0.4679115 0.8380936 0.2804601 0.7862929 -0.169251 -0.5942202 0.3053974 0.9400405 -0.1518433 0.4152844 -0.2145118 -0.8840382 -0.06561104 0.8947796 -0.4416613 -0.02250565 -0.3896923 -0.9206701 -0.5034011 0.7195991 -0.4782932 -0.3598565 -0.6278793 -0.6901238 -0.840752 0.4814121 -0.2477469 -0.4679115 -0.8380936 -0.2804601 -0.948807 0.2711978 0.1619168 -0.3053974 -0.9400405 0.1518433 -0.7862929 0.169251 0.5942202 0.06561104 -0.8947796 0.4416613 -0.4152844 0.2145118 0.8840382 0.4015221 -0.8489471 -0.3436114 0.5214199 -0.7057609 0.479607 0.004486887 0.3872022 0.9219839 -0.4015221 0.8489471 0.3436114 0.8530658 -0.4568387 0.252145 0.3361328 0.6361243 0.6945218 0.957595 -0.2421571 -0.1561144 0.440662 0.8508059 0.2862625 0.7950809 -0.143717 -0.5892298 0.2781479 0.949246 -0.1468529 0.4275983 -0.1991193 -0.8817659 -0.0893347 0.8938437 -0.4393891 -0.004486887 -0.3872022 -0.9219839 -0.5214199 0.7057609 -0.479607 -0.3361328 -0.6361243 -0.6945218 -0.8530658 0.4568387 -0.252145 -0.440662 -0.8508059 -0.2862625 -0.957595 0.2421571 0.1561144 -0.2781479 -0.949246 0.1468529 -0.7950809 0.143717 0.5892298 0.0893347 -0.8938437 0.4393891 -0.4275983 0.1991193 0.8817659 0.4290839 -0.8353551 -0.3436114 0.5391619 -0.6914386 0.4808504 -0.0132551 0.3840256 0.9232273 -0.4290839 0.8353551 0.3436114 0.864694 -0.431914 0.2564265 0.312277 0.6435502 0.6988034 0.9654447 -0.2128084 -0.1504301 0.4130277 0.8626559 0.2919468 0.8029305 -0.1178125 -0.5843139 0.2505135 0.9576517 -0.141937 0.4392265 -0.1832117 -0.8794962 -0.1131905 0.8922526 -0.4371193 0.0132551 -0.3840256 -0.9232273 -0.5391619 0.6914386 -0.4808504 -0.312277 -0.6435502 -0.6988034 -0.864694 0.431914 -0.2564265 -0.4130277 -0.8626559 -0.2919468 -0.9654447 0.2128084 0.1504301 -0.2505135 -0.9576517 0.141937 -0.8029305 0.1178125 0.5843139 0.1131905 -0.8922526 0.4371193 -0.4392265 0.1832117 0.8794962 0.4561862 -0.8208687 -0.3436114 0.5566081 -0.6766367 0.4820271 -0.03070132 0.3801771 0.924404 -0.4561862 0.8208687 0.3436114 0.875624 -0.4066589 0.2605976 0.2883146 0.650155 0.7029745 0.9723475 -0.1831846 -0.1448578 0.3850381 0.8736293 0.2975191 0.8098333 -0.09157355 -0.5794689 0.2225239 0.9652403 -0.137092 0.4501565 -0.166818 -0.8772291 -0.1371529 0.8899959 -0.4348522 0.03070132 -0.3801771 -0.924404 -0.5566081 0.6766367 -0.4820271 -0.2883146 -0.650155 -0.7029745 -0.875624 0.4066589 -0.2605976 -0.3850381 -0.8736293 -0.2975191 -0.9723475 0.1831846 0.1448578 -0.2225239 -0.9652403 0.137092 -0.8098333 0.09157355 0.5794689 0.1371529 -0.8899959 0.4348522 -0.4501565 0.166818 0.8772291 0.4828 -0.8055032 -0.3436114 0.5737399 -0.6613604 0.4831408 -0.04783308 0.3756714 0.9255177 -0.4828 0.8055032 0.3436114 0.8858442 -0.3810944 0.264664 0.2642713 0.6559374 0.7070409 0.9782961 -0.1533188 -0.1393919 0.3567231 0.883713 0.302985 0.815782 -0.06503605 -0.5746913 0.194209 0.9719958 -0.1323144 0.4603767 -0.1499672 -0.8749646 -0.1611962 0.8870646 -0.4325877 0.04783308 -0.3756714 -0.9255177 -0.5737399 0.6613604 -0.4831408 -0.2642713 -0.6559374 -0.7070409 -0.8858442 0.3810944 -0.264664 -0.3567231 -0.883713 -0.302985 -0.9782961 0.1533188 0.1393919 -0.194209 -0.9719958 0.1323144 -0.815782 0.06503605 0.5746913 0.1611962 -0.8870646 0.4325877 -0.4603767 0.1499672 0.8749646 0.5088968 -0.7892751 -0.3436114 0.5905388 -0.6456155 0.4841947 -0.06463205 0.3705237 0.9265716 -0.5088968 0.7892751 0.3436114 0.8953437 -0.3552423 0.268631 0.2401728 0.6608969 0.7110079 0.9832841 -0.123244 -0.134027 0.3281133 0.8928953 0.3083499 0.82077 -0.03823593 -0.5699777 0.1655991 0.9779033 -0.1276008 0.4698761 -0.1326884 -0.8727028 -0.1852948 0.8834509 -0.4303259 0.06463205 -0.3705237 -0.9265716 -0.5905388 0.6456155 -0.4841947 -0.2401728 -0.6608969 -0.7110079 -0.8953437 0.3552423 -0.268631 -0.3281133 -0.8928953 -0.3083499 -0.9832841 0.123244 0.134027 -0.1655991 -0.9779033 0.1276008 -0.82077 0.03823593 0.5699777 0.1852948 -0.8834509 0.4303259 -0.4698761 0.1326884 0.8727028 0.5344487 -0.7722019 -0.3436114 0.606987 -0.629409 0.4851918 -0.08108023 0.3647496 0.9275687 -0.5344487 0.7722019 0.3436114 0.9041121 -0.3291246 0.2725038 0.2160449 0.665034 0.7148806 0.9873063 -0.09299318 -0.1287579 0.299239 0.9011654 0.3136189 0.8247921 -0.01120895 -0.565325 0.1367249 0.9829497 -0.1229481 0.4786446 -0.1150107 -0.8704435 -0.2094227 0.879148 -0.4280666 0.08108023 -0.3647496 -0.9275687 -0.606987 0.629409 -0.4851918 -0.2160449 -0.665034 -0.7148806 -0.9041121 0.3291246 -0.2725038 -0.299239 -0.9011654 -0.3136189 -0.9873063 0.09299318 0.1287579 -0.1367249 -0.9829497 0.1229481 -0.8247921 0.01120895 0.565325 0.2094227 -0.879148 0.4280666 -0.4786446 0.1150107 0.8704435 0.5594283 -0.7543018 -0.3436114 0.6230668 -0.6127483 0.486135 -0.09716 0.3583651 0.9285119 -0.5594283 0.7543018 0.3436114 0.9121402 -0.3027635 0.2762869 0.1919134 0.6683499 0.7186638 0.9903582 -0.06259951 -0.1235799 0.2701314 0.9085139 0.318797 0.827844 0.01600923 -0.5607298 0.1076172 0.9871226 -0.1183529 0.4866727 -0.09696317 -0.8681865 -0.2335541 0.8741502 -0.4258096 0.09716 -0.3583651 -0.9285119 -0.6230668 0.6127483 -0.486135 -0.1919134 -0.6683499 -0.7186638 -0.9121402 0.3027635 -0.2762869 -0.2701314 -0.9085139 -0.318797 -0.9903582 0.06259951 0.1235799 -0.1076172 -0.9871226 0.1183529 -0.827844 -0.01600923 0.5607298 0.2335541 -0.8741502 0.4258096 -0.4866727 0.09696317 0.8681865 0.5838089 -0.7355939 -0.3436114 0.638761 -0.5956418 0.4870269 -0.1128542 0.3513865 0.9294038 -0.5838089 0.7355939 0.3436114 0.9194194 -0.2761818 0.279985 0.1678043 0.6708465 0.7223619 0.9924366 -0.032096 -0.1184882 0.2408215 0.9149323 0.3238887 0.8299225 0.04338306 -0.5561894 0.07830734 0.9904114 -0.1138125 0.4939519 -0.07857504 -0.8659316 -0.2576632 0.8684533 -0.4235547 0.1128542 -0.3513865 -0.9294038 -0.638761 0.5956418 -0.4870269 -0.1678043 -0.6708465 -0.7223619 -0.9194194 0.2761818 -0.279985 -0.2408215 -0.9149323 -0.3238887 -0.9924366 0.032096 0.1184882 -0.07830734 -0.9904114 0.1138125 -0.8299225 -0.04338306 0.5561894 0.2576632 -0.8684533 0.4235547 -0.4939519 0.07857504 0.8659316 0.6075642 -0.7160984 -0.3436114 0.6540527 -0.5780986 0.48787 -0.1281459 0.3438305 0.9302469 -0.6075642 0.7160984 0.3436114 0.9259418 -0.2494023 0.2836022 0.1437432 0.6725268 0.7259791 0.9935393 -0.001515653 -0.1134784 0.2113407 0.9204134 0.3288984 0.8310252 0.07087717 -0.5517006 0.04882658 0.9928063 -0.1093237 0.5004743 -0.05987547 -0.8636784 -0.2817243 0.8620536 -0.4213015 0.1281459 -0.3438305 -0.9302469 -0.6540527 0.5780986 -0.48787 -0.1437432 -0.6725268 -0.7259791 -0.9259418 0.2494023 -0.2836022 -0.2113407 -0.9204134 -0.3288984 -0.9935393 0.001515653 0.1134784 -0.04882658 -0.9928063 0.1093237 -0.8310252 -0.07087717 0.5517006 0.2817243 -0.8620536 0.4213015 -0.5004743 0.05987547 0.8636784 0.630669 -0.695836 -0.3436114 0.6689256 -0.5601283 0.4886663 -0.1430188 0.3357144 0.9310432 -0.630669 0.695836 0.3436114 0.9317005 -0.2224484 0.2871425 0.1197561 0.6733943 0.7295194 0.9936651 0.02910859 -0.1085464 0.1817206 0.9249513 0.3338305 0.831151 0.09845632 -0.5472608 0.01920652 0.994299 -0.1048839 0.506233 -0.04089365 -0.8614266 -0.3057114 0.854949 -0.4190497 0.1430188 -0.3357144 -0.9310432 -0.6689256 0.5601283 -0.4886663 -0.1197561 -0.6733943 -0.7295194 -0.9317005 0.2224484 -0.2871425 -0.1817206 -0.9249513 -0.3338305 -0.9936651 -0.02910859 0.1085464 -0.01920652 -0.994299 0.1048839 -0.831151 -0.09845632 0.5472608 0.3057114 -0.854949 0.4190497 -0.506233 0.04089365 0.8614266 0.6530985 -0.6748286 -0.3436114 0.6833638 -0.5417414 0.4894181 -0.1574571 0.3270555 0.931795 -0.6530985 0.6748286 0.3436114 0.9366894 -0.1953433 0.2906097 0.09586848 0.6734537 0.7329866 0.9928139 0.05974388 -0.1036881 0.151993 0.9285408 0.3386887 0.8302998 0.1260855 -0.5428672 -0.01052113 0.9948824 -0.1004903 0.5112218 -0.02165876 -0.8591758 -0.329599 0.8471382 -0.4167989 0.1574571 -0.3270555 -0.931795 -0.6833638 0.5417414 -0.4894181 -0.09586848 -0.6734537 -0.7329866 -0.9366894 0.1953433 -0.2906097 -0.151993 -0.9285408 -0.3386887 -0.9928139 -0.05974388 0.1036881 0.01052113 -0.9948824 0.1004903 -0.8302998 -0.1260855 0.5428672 0.329599 -0.8471382 0.4167989 -0.5112218 0.02165876 0.8591758 0.6748286 -0.6530985 -0.3436114 0.6973519 -0.522949 0.4901273 -0.1714451 0.3178719 0.9325042 -0.6748286 0.6530985 0.3436114 0.940903 -0.1681108 0.2940074 0.07210602 0.6727101 0.7363843 0.9909866 0.09035747 -0.09889974 0.1221896 0.9311784 0.3434772 0.8284724 0.1537298 -0.538517 -0.04032451 0.9945507 -0.09614014 0.5154354 -0.002199985 -0.8569256 -0.3533615 0.8386209 -0.4145487 0.1714451 -0.3178719 -0.9325042 -0.6973519 0.522949 -0.4901273 -0.07210602 -0.6727101 -0.7363843 -0.940903 0.1681108 -0.2940074 -0.1221896 -0.9311784 -0.3434772 -0.9909866 -0.09035747 0.09889974 0.04032451 -0.9945507 0.09614014 -0.8284724 -0.1537298 0.538517 0.3533615 -0.8386209 0.4145487 -0.5154354 0.002199985 0.8569256 0.695836 -0.630669 -0.3436114 0.7108747 -0.5037627 0.4907956 -0.1849679 0.3081818 0.9331725 -0.695836 0.630669 0.3436114 0.9443368 -0.1407747 0.2973389 0.04849415 0.6711697 0.7397158 0.9881851 0.1209168 -0.09417752 0.0923424 0.9328612 0.3481994 0.8256709 0.1813546 -0.5342078 -0.07017173 0.9932991 -0.09183095 0.5188693 0.01745352 -0.8546754 -0.3769734 0.829398 -0.4122985 0.1849679 -0.3081818 -0.9331725 -0.7108747 0.5037627 -0.4907956 -0.04849415 -0.6711697 -0.7397158 -0.9443368 0.1407747 -0.2973389 -0.0923424 -0.9328612 -0.3481994 -0.9881851 -0.1209168 0.09417752 0.07017173 -0.9932991 0.09183095 -0.8256709 -0.1813546 0.5342078 0.3769734 -0.829398 0.4122985 -0.5188693 -0.01745352 0.8546754 0.7160984 -0.6075642 -0.3436114 0.7239179 -0.4841948 0.4914247 -0.1980112 0.2980038 0.9338015 -0.7160984 0.6075642 0.3436114 0.9469873 -0.1133591 0.3006075 0.02505815 0.6688395 0.7429844 0.9844124 0.1513893 -0.08951799 0.06248331 0.9335879 0.3528589 0.8218983 0.2089255 -0.5299371 -0.1000308 0.9911241 -0.08756022 0.5215197 0.03727265 -0.8524247 -0.4004094 0.8194712 -0.4100478 0.1980112 -0.2980038 -0.9338015 -0.7239179 0.4841948 -0.4914247 -0.02505815 -0.6688395 -0.7429844 -0.9469873 0.1133591 -0.3006075 -0.06248331 -0.9335879 -0.3528589 -0.9844124 -0.1513893 0.08951799 0.1000308 -0.9911241 0.08756022 -0.8218983 -0.2089255 0.5299371 0.4004094 -0.8194712 0.4100478 -0.5215197 -0.03727265 0.8524247 0.7355939 -0.5838089 -0.3436114 0.7364675 -0.4642583 0.4920161 -0.2105608 0.2873568 0.934393 -0.7355939 0.5838089 0.3436114 0.9488514 -0.08588793 0.3038161 0.001823124 0.6657272 0.746193 0.9796726 0.181743 -0.08491776 0.03264432 0.9333581 0.3574591 0.8171585 0.2364085 -0.5257024 -0.1298698 0.9880236 -0.08332549 0.5233839 0.05722833 -0.850173 -0.4236444 0.8088434 -0.4077962 0.2105608 -0.2873568 -0.934393 -0.7364675 0.4642583 -0.4920161 -0.001823124 -0.6657272 -0.746193 -0.9488514 0.08588793 -0.3038161 -0.03264432 -0.9333581 -0.3574591 -0.9796726 -0.181743 0.08491776 0.1298698 -0.9880236 0.08332549 -0.8171585 -0.2364085 0.5257024 0.4236444 -0.8088434 0.4077962 -0.5233839 -0.05722833 0.850173 0.7543018 -0.5594283 -0.3436114 0.7485101 -0.4439665 0.4925712 -0.2226033 0.2762603 0.9349481 -0.7543018 0.5594283 0.3436114 0.9499274 -0.05838551 0.3069677 -0.02118606 0.6618413 0.7493446 0.9739708 0.2119456 -0.08037358 0.002857394 0.9321724 0.3620033 0.8114567 0.2637697 -0.5215013 -0.1596567 0.9839965 -0.07912442 0.5244598 0.07729159 -0.8479197 -0.4466536 0.7975184 -0.4055429 0.2226033 -0.2762603 -0.9349481 -0.7485101 0.4439665 -0.4925712 0.02118606 -0.6618413 -0.7493446 -0.9499274 0.05838551 -0.3069677 -0.002857394 -0.9321724 -0.3620033 -0.9739708 -0.2119456 0.08037358 0.1596567 -0.9839965 0.07912442 -0.8114567 -0.2637697 0.5215013 0.4466536 -0.7975184 0.4055429 -0.5244598 -0.07729159 0.8479197 0.7722019 -0.5344487 -0.3436114 0.7600327 -0.4233333 0.4930914 -0.2341259 0.2647339 0.9354683 -0.7722019 0.5344487 0.3436114 0.9502139 -0.03087611 0.3100649 -0.04394475 0.6571911 0.7524418 0.967313 0.2419656 -0.07588233 -0.02684558 0.9300328 0.3664946 0.8047989 0.2909755 -0.5173316 -0.1893597 0.9790427 -0.07495469 0.5247463 0.09743352 -0.8456642 -0.4694123 0.7855008 -0.4032873 0.2341259 -0.2647339 -0.9354683 -0.7600327 0.4233333 -0.4930914 0.04394475 -0.6571911 -0.7524418 -0.9502139 0.03087611 -0.3100649 0.02684558 -0.9300328 -0.3664946 -0.967313 -0.2419656 0.07588233 0.1893597 -0.9790427 0.07495469 -0.8047989 -0.2909755 0.5173316 0.4694123 -0.7855008 0.4032873 -0.5247463 -0.09743352 0.8456642 0.7892751 -0.5088968 -0.3436114 0.771023 -0.4023734 0.4935779 -0.2451162 0.2527975 0.9359548 -0.7892751 0.5088968 0.3436114 0.9497107 -0.003384036 0.3131105 -0.06642859 0.6517868 0.7554874 0.9597065 0.2717714 -0.07144102 -0.0564328 0.9269422 0.3709359 0.7971923 0.3179928 -0.5131909 -0.2189469 0.9731637 -0.07081404 0.5242432 0.1176253 -0.8434058 -0.4918961 0.7727962 -0.4010289 0.2451162 -0.2527975 -0.9359548 -0.771023 0.4023734 -0.4935779 0.06642859 -0.6517868 -0.7554874 -0.9497107 0.003384036 -0.3131105 0.0564328 -0.9269422 -0.3709359 -0.9597065 -0.2717714 0.07144102 0.2189469 -0.9731637 0.07081404 -0.7971923 -0.3179928 0.5131909 0.4918961 -0.7727962 0.4010289 -0.5242432 -0.1176253 0.8434058 0.8055032 -0.4828 -0.3436114 0.7814693 -0.3811014 0.4940318 -0.2555625 0.2404715 0.9364087 -0.8055032 0.4828 0.3436114 0.9484183 0.02406639 0.3161068 -0.08861349 0.6456393 0.7584837 0.9511592 0.3013318 -0.06704674 -0.08587258 0.9229048 0.3753302 0.7886451 0.3447888 -0.5090772 -0.2483867 0.9663618 -0.06670028 0.5229508 0.1378384 -0.8411439 -0.514081 0.7594113 -0.398767 0.2555625 -0.2404715 -0.9364087 -0.7814693 0.3811014 -0.4940318 0.08861349 -0.6456393 -0.7584837 -0.9484183 -0.02406639 -0.3161068 0.08587258 -0.9229048 -0.3753302 -0.9511592 -0.3013318 0.06704674 0.2483867 -0.9663618 0.06670028 -0.7886451 -0.3447888 0.5090772 0.514081 -0.7594113 0.398767 -0.5229508 -0.1378384 0.8411439 -0.5773503 -0.5773503 -0.5773503 -0.5773503 -0.5773503 0.5773503 -0.5773503 0.5773503 -0.5773503 -0.5773503 0.5773503 0.5773503 0.5773503 -0.5773503 -0.5773503 0.5773503 -0.5773503 0.5773503 0.5773503 0.5773503 -0.5773503 0.5773503 0.5773503 0.5773503 -0.5773503 -0.5773503 -0.5773503 -0.5773503 -0.5773503 0.5773503 -0.5773503 0.5773503 -0.5773503 -0.5773503 0.5773503 0.5773503 0.5773503 -0.5773503 -0.5773503 0.5773503 -0.5773503 0.5773503 0.5773503 0.5773503 -0.5773503 0.5773503 0.5773503 0.5773503</float_array>
          <technique_common>
            <accessor count="7934" source="#normals-array-array" stride="3">
              <param type="float" name="X"/>
              <param type="float" name="Y"/>
              <param type="float" name="Z"/>
            </accessor>
          </technique_common>
        </source>
        <vertices id="verts-array-vertices">
          <input semantic="POSITION" source="#verts-array"/>
        </vertices>
        <triangles count="14564" material="material0">
          <input offset="0" semantic="VERTEX" source="#verts-array-vertices"/>
          <input offset="1" semantic="NORMAL" source="#normals-array"/>
          <p>1 1 0 0 4 4 1 1 4 4 2 2 2 2 4 4 5 5 2 2 5 5 3 3 4 4 0 0 6 6 4 4 6 6 5 5 5 5 6 6 7 7 5 5 7 7 3 3 6 6 0 0 8 8 6 6 8 8 7 7 7 7 8 8 9 9 7 7 9 9 3 3 8 8 0 0 10 10 8 8 10 10 9 9 9 9 10 10 11 11 9 9 11 11 3 3 10 10 0 0 12 12 10 10 12 12 11 11 11 11 12 12 13 13 11 11 13 13 3 3 12 12 0 0 14 14 12 12 14 14 13 13 13 13 14 14 15 15 13 13 15 15 3 3 14 14 0 0 16 16 14 14 16 16 15 15 15 15 16 16 17 17 15 15 17 17 3 3 16 16 0 0 18 18 16 16 18 18 17 17 17 17 18 18 19 19 17 17 19 19 3 3 18 18 0 0 20 20 18 18 20 20 19 19 19 19 20 20 21 21 19 19 21 21 3 3 20 20 0 0 22 22 20 20 22 22 21 21 21 21 22 22 23 23 21 21 23 23 3 3 22 22 0 0 24 24 22 22 24 24 23 23 23 23 24 24 25 25 23 23 25 25 3 3 24 24 0 0 26 26 24 24 26 26 25 25 25 25 26 26 27 27 25 25 27 27 3 3 26 26 0 0 28 28 26 26 28 28 27 27 27 27 28 28 29 29 27 27 29 29 3 3 28 28 0 0 30 30 28 28 30 30 29 29 29 29 30 30 31 31 29 29 31 31 3 3 30 30 0 0 32 32 30 30 32 32 31 31 31 31 32 32 33 33 31 31 33 33 3 3 32 32 0 0 34 34 32 32 34 34 33 33 33 33 34 34 35 35 33 33 35 35 3 3 34 34 0 0 36 36 34 34 36 36 35 35 35 35 36 36 37 37 35 35 37 37 3 3 36 36 0 0 38 38 36 36 38 38 37 37 37 37 38 38 39 39 37 37 39 39 3 3 38 38 0 0 40 40 38 38 40 40 39 39 39 39 40 40 41 41 39 39 41 41 3 3 40 40 0 0 42 42 40 40 42 42 41 41 41 41 42 42 43 43 41 41 43 43 3 3 42 42 0 0 44 44 42 42 44 44 43 43 43 43 44 44 45 45 43 43 45 45 3 3 44 44 0 0 46 46 44 44 46 46 45 45 45 45 46 46 47 47 45 45 47 47 3 3 46 46 0 0 48 48 46 46 48 48 47 47 47 47 48 48 49 49 47 47 49 49 3 3 48 48 0 0 50 50 48 48 50 50 49 49 49 49 50 50 51 51 49 49 51 51 3 3 50 50 0 0 52 52 50 50 52 52 51 51 51 51 52 52 53 53 51 51 53 53 3 3 52 52 0 0 54 54 52 52 54 54 53 53 53 53 54 54 55 55 53 53 55 55 3 3 54 54 0 0 56 56 54 54 56 56 55 55 55 55 56 56 57 57 55 55 57 57 3 3 56 56 0 0 58 58 56 56 58 58 57 57 57 57 58 58 59 59 57 57 59 59 3 3 58 58 0 0 60 60 58 58 60 60 59 59 59 59 60 60 61 61 59 59 61 61 3 3 60 60 0 0 62 62 60 60 62 62 61 61 61 61 62 62 63 63 61 61 63 63 3 3 62 62 0 0 64 64 62 62 64 64 63 63 63 63 64 64 65 65 63 63 65 65 3 3 64 64 0 0 66 66 64 64 66 66 65 65 65 65 66 66 67 67 65 65 67 67 3 3 66 66 0 0 68 68 66 66 68 68 67 67 67 67 68 68 69 69 67 67 69 69 3 3 68 68 0 0 70 70 68 68 70 70 69 69 69 69 70 70 71 71 69 69 71 71 3 3 70 70 0 0 72 72 70 70 72 72 71 71 71 71 72 72 73 73 71 71 73 73 3 3 72 72 0 0 74 74 72 72 74 74 73 73 73 73 74 74 75 75 73 73 75 75 3 3 74 74 0 0 76 76 74 74 76 76 75 75 75 75 76 76 77 77 75 75 77 77 3 3 76 76 0 0 78 78 76 76 78 78 77 77 77 77 78 78 79 79 77 77 79 79 3 3 78 78 0 0 80 80 78 78 80 80 79 79 79 79 80 80 81 81 79 79 81 81 3 3 80 80 0 0 82 82 80 80 82 82 81 81 81 81 82 82 83 83 81 81 83 83 3 3 82 82 0 0 84 84 82 82 84 84 83 83 83 83 84 84 85 85 83 83 85 85 3 3 84 84 0 0 86 86 84 84 86 86 85 85 85 85 86 86 87 87 85 85 87 87 3 3 86 86 0 0 88 88 86 86 88 88 87 87 87 87 88 88 89 89 87 87 89 89 3 3 88 88 0 0 90 90 88 88 90 90 89 89 89 89 90 90 91 91 89 89 91 91 3 3 90 90 0 0 92 92 90 90 92 92 91 91 91 91 92 92 93 93 91 91 93 93 3 3 92 92 0 0 94 94 92 92 94 94 93 93 93 93 94 94 95 95 93 93 95 95 3 3 94 94 0 0 96 96 94 94 96 96 95 95 95 95 96 96 97 97 95 95 97 97 3 3 96 96 0 0 1 1 96 96 1 1 97 97 97 97 1 1 2 2 97 97 2 2 3 3 98 98 99 99 131 131 98 98 131 131 130 130 99 99 100 100 132 132 99 99 132 132 131 131 100 100 101 101 133 133 100 100 133 133 132 132 101 101 102 102 134 134 101 101 134 134 133 133 102 102 103 103 135 135 102 102 135 135 134 134 103 103 104 104 136 136 103 103 136 136 135 135 104 104 105 105 137 137 104 104 137 137 136 136 105 105 106 106 138 138 105 105 138 138 137 137 106 106 107 107 139 139 106 106 139 139 138 138 107 107 108 108 140 140 107 107 140 140 139 139 108 108 109 109 141 141 108 108 141 141 140 140 109 109 110 110 142 142 109 109 142 142 141 141 110 110 111 111 143 143 110 110 143 143 142 142 111 111 112 112 144 144 111 111 144 144 143 143 112 112 113 113 145 145 112 112 145 145 144 144 113 113 114 114 146 146 113 113 146 146 145 145 114 114 115 115 147 147 114 114 147 147 146 146 115 115 116 116 148 148 115 115 148 148 147 147 116 116 117 117 149 149 116 116 149 149 148 148 117 117 118 118 150 150 117 117 150 150 149 149 118 118 119 119 151 151 118 118 151 151 150 150 119 119 120 120 152 152 119 119 152 152 151 151 120 120 121 121 153 153 120 120 153 153 152 152 121 121 122 122 154 154 121 121 154 154 153 153 122 122 123 123 155 155 122 122 155 155 154 154 123 123 124 124 156 156 123 123 156 156 155 155 124 124 125 125 157 157 124 124 157 157 156 156 125 125 126 126 158 158 125 125 158 158 157 157 126 126 127 127 159 159 126 126 159 159 158 158 127 127 128 128 160 160 127 127 160 160 159 159 128 128 129 129 161 161 128 128 161 161 160 160 129 129 98 98 130 130 129 129 130 130 161 161 98 98 99 99 128 128 98 98 128 128 129 129 130 130 160 160 131 131 130 130 161 161 160 160 99 99 100 100 127 127 99 99 127 127 128 128 131 131 159 159 132 132 131 131 160 160 159 159 100 100 101 101 126 126 100 100 126 126 127 127 132 132 158 158 133 133 132 132 159 159 158 158 101 101 102 102 125 125 101 101 125 125 126 126 133 133 157 157 134 134 133 133 158 158 157 157 102 102 103 103 124 124 102 102 124 124 125 125 134 134 156 156 135 135 134 134 157 157 156 156 103 103 104 104 123 123 103 103 123 123 124 124 135 135 155 155 136 136 135 135 156 156 155 155 104 104 105 105 122 122 104 104 122 122 123 123 136 136 154 154 137 137 136 136 155 155 154 154 105 105 106 106 121 121 105 105 121 121 122 122 137 137 153 153 138 138 137 137 154 154 153 153 106 106 107 107 120 120 106 106 120 120 121 121 138 138 152 152 139 139 138 138 153 153 152 152 107 107 108 108 119 119 107 107 119 119 120 120 139 139 151 151 140 140 139 139 152 152 151 151 108 108 109 109 118 118 108 108 118 118 119 119 140 140 150 150 141 141 140 140 151 151 150 150 109 109 110 110 117 117 109 109 117 117 118 118 141 141 149 149 142 142 141 141 150 150 149 149 110 110 111 111 116 116 110 110 116 116 117 117 142 142 148 148 143 143 142 142 149 149 148 148 111 111 112 112 115 115 111 111 115 115 116 116 143 143 147 147 144 144 143 143 148 148 147 147 112 112 113 113 114 114 112 112 114 114 115 115 144 144 146 146 145 145 144 144 147 147 146 146 163 163 162 162 166 166 163 163 166 166 164 164 164 164 166 166 167 167 164 164 167 167 165 165 166 166 162 162 168 168 166 166 168 168 167 167 167 167 168 168 169 169 167 167 169 169 165 165 168 168 162 162 170 170 168 168 170 170 169 169 169 169 170 170 171 171 169 169 171 171 165 165 170 170 162 162 172 172 170 170 172 172 171 171 171 171 172 172 173 173 171 171 173 173 165 165 172 172 162 162 174 174 172 172 174 174 173 173 173 173 174 174 175 175 173 173 175 175 165 165 174 174 162 162 176 176 174 174 176 176 175 175 175 175 176 176 177 177 175 175 177 177 165 165 176 176 162 162 178 178 176 176 178 178 177 177 177 177 178 178 179 179 177 177 179 179 165 165 178 178 162 162 180 180 178 178 180 180 179 179 179 179 180 180 181 181 179 179 181 181 165 165 180 180 162 162 182 182 180 180 182 182 181 181 181 181 182 182 183 183 181 181 183 183 165 165 182 182 162 162 163 163 182 182 163 163 183 183 183 183 163 163 164 164 183 183 164 164 165 165 185 185 184 184 188 188 185 185 188 188 186 186 186 186 188 188 189 189 186 186 189 189 187 187 188 188 184 184 190 190 188 188 190 190 189 189 189 189 190 190 191 191 189 189 191 191 187 187 190 190 184 184 192 192 190 190 192 192 191 191 191 191 192 192 193 193 191 191 193 193 187 187 192 192 184 184 194 194 192 192 194 194 193 193 193 193 194 194 195 195 193 193 195 195 187 187 194 194 184 184 196 196 194 194 196 196 195 195 195 195 196 196 197 197 195 195 197 197 187 187 196 196 184 184 198 198 196 196 198 198 197 197 197 197 198 198 199 199 197 197 199 199 187 187 198 198 184 184 200 200 198 198 200 200 199 199 199 199 200 200 201 201 199 199 201 201 187 187 200 200 184 184 202 202 200 200 202 202 201 201 201 201 202 202 203 203 201 201 203 203 187 187 202 202 184 184 204 204 202 202 204 204 203 203 203 203 204 204 205 205 203 203 205 205 187 187 204 204 184 184 185 185 204 204 185 185 205 205 205 205 185 185 186 186 205 205 186 186 187 187 206 206 207 207 239 239 206 206 239 239 238 238 207 207 208 208 240 240 207 207 240 240 239 239 208 208 209 209 241 241 208 208 241 241 240 240 209 209 210 210 242 242 209 209 242 242 241 241 210 210 211 211 243 243 210 210 243 243 242 242 211 211 212 212 244 244 211 211 244 244 243 243 212 212 213 213 245 245 212 212 245 245 244 244 213 213 214 214 246 246 213 213 246 246 245 245 214 214 215 215 247 247 214 214 247 247 246 246 215 215 216 216 248 248 215 215 248 248 247 247 216 216 217 217 249 249 216 216 249 249 248 248 217 217 218 218 250 250 217 217 250 250 249 249 218 218 219 219 251 251 218 218 251 251 250 250 219 219 220 220 252 252 219 219 252 252 251 251 220 220 221 221 253 253 220 220 253 253 252 252 221 221 222 222 254 254 221 221 254 254 253 253 222 222 223 223 255 255 222 222 255 255 254 254 223 223 224 224 256 256 223 223 256 256 255 255 224 224 225 225 257 257 224 224 257 257 256 256 225 225 226 226 258 258 225 225 258 258 257 257 226 226 227 227 259 259 226 226 259 259 258 258 227 227 228 228 260 260 227 227 260 260 259 259 228 228 229 229 261 261 228 228 261 261 260 260 229 229 230 230 262 262 229 229 262 262 261 261 230 230 231 231 263 263 230 230 263 263 262 262 231 231 232 232 264 264 231 231 264 264 263 263 232 232 233 233 265 265 232 232 265 265 264 264 233 233 234 234 266 266 233 233 266 266 265 265 234 234 235 235 267 267 234 234 267 267 266 266 235 235 236 236 268 268 235 235 268 268 267 267 236 236 237 237 269 269 236 236 269 269 268 268 237 237 206 206 238 238 237 237 238 238 269 269 206 206 207 207 236 236 206 206 236 236 237 237 238 238 268 268 239 239 238 238 269 269 268 268 207 207 208 208 235 235 207 207 235 235 236 236 239 239 267 267 240 240 239 239 268 268 267 267 208 208 209 209 234 234 208 208 234 234 235 235 240 240 266 266 241 241 240 240 267 267 266 266 209 209 210 210 233 233 209 209 233 233 234 234 241 241 265 265 242 242 241 241 266 266 265 265 210 210 211 211 232 232 210 210 232 232 233 233 242 242 264 264 243 243 242 242 265 265 264 264 211 211 212 212 231 231 211 211 231 231 232 232 243 243 263 263 244 244 243 243 264 264 263 263 212 212 213 213 230 230 212 212 230 230 231 231 244 244 262 262 245 245 244 244 263 263 262 262 213 213 214 214 229 229 213 213 229 229 230 230 245 245 261 261 246 246 245 245 262 262 261 261 214 214 215 215 228 228 214 214 228 228 229 229 246 246 260 260 247 247 246 246 261 261 260 260 215 215 216 216 227 227 215 215 227 227 228 228 247 247 259 259 248 248 247 247 260 260 259 259 216 216 217 217 226 226 216 216 226 226 227 227 248 248 258 258 249 249 248 248 259 259 258 258 217 217 218 218 225 225 217 217 225 225 226 226 249 249 257 257 250 250 249 249 258 258 257 257 218 218 219 219 224 224 218 218 224 224 225 225 250 250 256 256 251 251 250 250 257 257 256 256 219 219 220 220 223 223 219 219 223 223 224 224 251 251 255 255 252 252 251 251 256 256 255 255 220 220 221 221 222 222 220 220 222 222 223 223 252 252 254 254 253 253 252 252 255 255 254 254 271 271 270 270 274 274 271 271 274 274 272 272 272 272 274 274 275 275 272 272 275 275 273 273 274 274 270 270 276 276 274 274 276 276 275 275 275 275 276 276 277 277 275 275 277 277 273 273 276 276 270 270 278 278 276 276 278 278 277 277 277 277 278 278 279 279 277 277 279 279 273 273 278 278 270 270 280 280 278 278 280 280 279 279 279 279 280 280 281 281 279 279 281 281 273 273 280 280 270 270 282 282 280 280 282 282 281 281 281 281 282 282 283 283 281 281 283 283 273 273 282 282 270 270 284 284 282 282 284 284 283 283 283 283 284 284 285 285 283 283 285 285 273 273 284 284 270 270 286 286 284 284 286 286 285 285 285 285 286 286 287 287 285 285 287 287 273 273 286 286 270 270 288 288 286 286 288 288 287 287 287 287 288 288 289 289 287 287 289 289 273 273 288 288 270 270 290 290 288 288 290 290 289 289 289 289 290 290 291 291 289 289 291 291 273 273 290 290 270 270 271 271 290 290 271 271 291 291 291 291 271 271 272 272 291 291 272 272 273 273 293 293 292 292 296 296 293 293 296 296 294 294 294 294 296 296 297 297 294 294 297 297 295 295 296 296 292 292 298 298 296 296 298 298 297 297 297 297 298 298 299 299 297 297 299 299 295 295 298 298 292 292 300 300 298 298 300 300 299 299 299 299 300 300 301 301 299 299 301 301 295 295 300 300 292 292 302 302 300 300 302 302 301 301 301 301 302 302 303 303 301 301 303 303 295 295 302 302 292 292 304 304 302 302 304 304 303 303 303 303 304 304 305 305 303 303 305 305 295 295 304 304 292 292 306 306 304 304 306 306 305 305 305 305 306 306 307 307 305 305 307 307 295 295 306 306 292 292 308 308 306 306 308 308 307 307 307 307 308 308 309 309 307 307 309 309 295 295 308 308 292 292 310 310 308 308 310 310 309 309 309 309 310 310 311 311 309 309 311 311 295 295 310 310 292 292 312 312 310 310 312 312 311 311 311 311 312 312 313 313 311 311 313 313 295 295 312 312 292 292 293 293 312 312 293 293 313 313 313 313 293 293 294 294 313 313 294 294 295 295 314 314 315 315 347 347 314 314 347 347 346 346 315 315 316 316 348 348 315 315 348 348 347 347 316 316 317 317 349 349 316 316 349 349 348 348 317 317 318 318 350 350 317 317 350 350 349 349 318 318 319 319 351 351 318 318 351 351 350 350 319 319 320 320 352 352 319 319 352 352 351 351 320 320 321 321 353 353 320 320 353 353 352 352 321 321 322 322 354 354 321 321 354 354 353 353 322 322 323 323 355 355 322 322 355 355 354 354 323 323 324 324 356 356 323 323 356 356 355 355 324 324 325 325 357 357 324 324 357 357 356 356 325 325 326 326 358 358 325 325 358 358 357 357 326 326 327 327 359 359 326 326 359 359 358 358 327 327 328 328 360 360 327 327 360 360 359 359 328 328 329 329 361 361 328 328 361 361 360 360 329 329 330 330 362 362 329 329 362 362 361 361 330 330 331 331 363 363 330 330 363 363 362 362 331 331 332 332 364 364 331 331 364 364 363 363 332 332 333 333 365 365 332 332 365 365 364 364 333 333 334 334 366 366 333 333 366 366 365 365 334 334 335 335 367 367 334 334 367 367 366 366 335 335 336 336 368 368 335 335 368 368 367 367 336 336 337 337 369 369 336 336 369 369 368 368 337 337 338 338 370 370 337 337 370 370 369 369 338 338 339 339 371 371 338 338 371 371 370 370 339 339 340 340 372 372 339 339 372 372 371 371 340 340 341 341 373 373 340 340 373 373 372 372 341 341 342 342 374 374 341 341 374 374 373 373 342 342 343 343 375 375 342 342 375 375 374 374 343 343 344 344 376 376 343 343 376 376 375 375 344 344 345 345 377 377 344 344 377 377 376 376 345 345 314 314 346 346 345 345 346 346 377 377 314 314 315 315 344 344 314 314 344 344 345 345 346 346 376 376 347 347 346 346 377 377 376 376 315 315 316 316 343 343 315 315 343 343 344 344 347 347 375 375 348 348 347 347 376 376 375 375 316 316 317 317 342 342 316 316 342 342 343 343 348 348 374 374 349 349 348 348 375 375 374 374 317 317 318 318 341 341 317 317 341 341 342 342 349 349 373 373 350 350 349 349 374 374 373 373 318 318 319 319 340 340 318 318 340 340 341 341 350 350 372 372 351 351 350 350 373 373 372 372 319 319 320 320 339 339 319 319 339 339 340 340 351 351 371 371 352 352 351 351 372 372 371 371 320 320 321 321 338 338 320 320 338 338 339 339 352 352 370 370 353 353 352 352 371 371 370 370 321 321 322 322 337 337 321 321 337 337 338 338 353 353 369 369 354 354 353 353 370 370 369 369 322 322 323 323 336 336 322 322 336 336 337 337 354 354 368 368 355 355 354 354 369 369 368 368 323 323 324 324 335 335 323 323 335 335 336 336 355 355 367 367 356 356 355 355 368 368 367 367 324 324 325 325 334 334 324 324 334 334 335 335 356 356 366 366 357 357 356 356 367 367 366 366 325 325 326 326 333 333 325 325 333 333 334 334 357 357 365 365 358 358 357 357 366 366 365 365 326 326 327 327 332 332 326 326 332 332 333 333 358 358 364 364 359 359 358 358 365 365 364 364 327 327 328 328 331 331 327 327 331 331 332 332 359 359 363 363 360 360 359 359 364 364 363 363 328 328 329 329 330 330 328 328 330 330 331 331 360 360 362 362 361 361 360 360 363 363 362 362 379 379 378 378 382 382 379 379 382 382 380 380 380 380 382 382 383 383 380 380 383 383 381 381 382 382 378 378 384 384 382 382 384 384 383 383 383 383 384 384 385 385 383 383 385 385 381 381 384 384 378 378 386 386 384 384 386 386 385 385 385 385 386 386 387 387 385 385 387 387 381 381 386 386 378 378 388 388 386 386 388 388 387 387 387 387 388 388 389 389 387 387 389 389 381 381 388 388 378 378 390 390 388 388 390 390 389 389 389 389 390 390 391 391 389 389 391 391 381 381 390 390 378 378 392 392 390 390 392 392 391 391 391 391 392 392 393 393 391 391 393 393 381 381 392 392 378 378 394 394 392 392 394 394 393 393 393 393 394 394 395 395 393 393 395 395 381 381 394 394 378 378 396 396 394 394 396 396 395 395 395 395 396 396 397 397 395 395 397 397 381 381 396 396 378 378 398 398 396 396 398 398 397 397 397 397 398 398 399 399 397 397 399 399 381 381 398 398 378 378 379 379 398 398 379 379 399 399 399 399 379 379 380 380 399 399 380 380 381 381 401 401 400 400 404 404 401 401 404 404 402 402 402 402 404 404 405 405 402 402 405 405 403 403 404 404 400 400 406 406 404 404 406 406 405 405 405 405 406 406 407 407 405 405 407 407 403 403 406 406 400 400 408 408 406 406 408 408 407 407 407 407 408 408 409 409 407 407 409 409 403 403 408 408 400 400 410 410 408 408 410 410 409 409 409 409 410 410 411 411 409 409 411 411 403 403 410 410 400 400 412 412 410 410 412 412 411 411 411 411 412 412 413 413 411 411 413 413 403 403 412 412 400 400 414 414 412 412 414 414 413 413 413 413 414 414 415 415 413 413 415 415 403 403 414 414 400 400 416 416 414 414 416 416 415 415 415 415 416 416 417 417 415 415 417 417 403 403 416 416 400 400 418 418 416 416 418 418 417 417 417 417 418 418 419 419 417 417 419 419 403 403 418 418 400 400 420 420 418 418 420 420 419 419 419 419 420 420 421 421 419 419 421 421 403 403 420 420 400 400 401 401 420 420 401 401 421 421 421 421 401 401 402 402 421 421 402 402 403 403 422 422 423 423 455 455 422 422 455 455 454 454 423 423 424 424 456 456 423 423 456 456 455 455 424 424 425 425 457 457 424 424 457 457 456 456 425 425 426 426 458 458 425 425 458 458 457 457 426 426 427 427 459 459 426 426 459 459 458 458 427 427 428 428 460 460 427 427 460 460 459 459 428 428 429 429 461 461 428 428 461 461 460 460 429 429 430 430 462 462 429 429 462 462 461 461 430 430 431 431 463 463 430 430 463 463 462 462 431 431 432 432 464 464 431 431 464 464 463 463 432 432 433 433 465 465 432 432 465 465 464 464 433 433 434 434 466 466 433 433 466 466 465 465 434 434 435 435 467 467 434 434 467 467 466 466 435 435 436 436 468 468 435 435 468 468 467 467 436 436 437 437 469 469 436 436 469 469 468 468 437 437 438 438 470 470 437 437 470 470 469 469 438 438 439 439 471 471 438 438 471 471 470 470 439 439 440 440 472 472 439 439 472 472 471 471 440 440 441 441 473 473 440 440 473 473 472 472 441 441 442 442 474 474 441 441 474 474 473 473 442 442 443 443 475 475 442 442 475 475 474 474 443 443 444 444 476 476 443 443 476 476 475 475 444 444 445 445 477 477 444 444 477 477 476 476 445 445 446 446 478 478 445 445 478 478 477 477 446 446 447 447 479 479 446 446 479 479 478 478 447 447 448 448 480 480 447 447 480 480 479 479 448 448 449 449 481 481 448 448 481 481 480 480 449 449 450 450 482 482 449 449 482 482 481 481 450 450 451 451 483 483 450 450 483 483 482 482 451 451 452 452 484 484 451 451 484 484 483 483 452 452 453 453 485 485 452 452 485 485 484 484 453 453 422 422 454 454 453 453 454 454 485 485 422 422 423 423 452 452 422 422 452 452 453 453 454 454 484 484 455 455 454 454 485 485 484 484 423 423 424 424 451 451 423 423 451 451 452 452 455 455 483 483 456 456 455 455 484 484 483 483 424 424 425 425 450 450 424 424 450 450 451 451 456 456 482 482 457 457 456 456 483 483 482 482 425 425 426 426 449 449 425 425 449 449 450 450 457 457 481 481 458 458 457 457 482 482 481 481 426 426 427 427 448 448 426 426 448 448 449 449 458 458 480 480 459 459 458 458 481 481 480 480 427 427 428 428 447 447 427 427 447 447 448 448 459 459 479 479 460 460 459 459 480 480 479 479 428 428 429 429 446 446 428 428 446 446 447 447 460 460 478 478 461 461 460 460 479 479 478 478 429 429 430 430 445 445 429 429 445 445 446 446 461 461 477 477 462 462 461 461 478 478 477 477 430 430 431 431 444 444 430 430 444 444 445 445 462 462 476 476 463 463 462 462 477 477 476 476 431 431 432 432 443 443 431 431 443 443 444 444 463 463 475 475 464 464 463 463 476 476 475 475 432 432 433 433 442 442 432 432 442 442 443 443 464 464 474 474 465 465 464 464 475 475 474 474 433 433 434 434 441 441 433 433 441 441 442 442 465 465 473 473 466 466 465 465 474 474 473 473 434 434 435 435 440 440 434 434 440 440 441 441 466 466 472 472 467 467 466 466 473 473 472 472 435 435 436 436 439 439 435 435 439 439 440 440 467 467 471 471 468 468 467 467 472 472 471 471 436 436 437 437 438 438 436 436 438 438 439 439 468 468 470 470 469 469 468 468 471 471 470 470 487 487 486 486 490 490 487 487 490 490 488 488 488 488 490 490 491 491 488 488 491 491 489 489 490 490 486 486 492 492 490 490 492 492 491 491 491 491 492 492 493 493 491 491 493 493 489 489 492 492 486 486 494 494 492 492 494 494 493 493 493 493 494 494 495 495 493 493 495 495 489 489 494 494 486 486 496 496 494 494 496 496 495 495 495 495 496 496 497 497 495 495 497 497 489 489 496 496 486 486 498 498 496 496 498 498 497 497 497 497 498 498 499 499 497 497 499 499 489 489 498 498 486 486 500 500 498 498 500 500 499 499 499 499 500 500 501 501 499 499 501 501 489 489 500 500 486 486 502 502 500 500 502 502 501 501 501 501 502 502 503 503 501 501 503 503 489 489 502 502 486 486 504 504 502 502 504 504 503 503 503 503 504 504 505 505 503 503 505 505 489 489 504 504 486 486 506 506 504 504 506 506 505 505 505 505 506 506 507 507 505 505 507 507 489 489 506 506 486 486 487 487 506 506 487 487 507 507 507 507 487 487 488 488 507 507 488 488 489 489 509 509 508 508 512 512 509 509 512 512 510 510 510 510 512 512 513 513 510 510 513 513 511 511 512 512 508 508 514 514 512 512 514 514 513 513 513 513 514 514 515 515 513 513 515 515 511 511 514 514 508 508 516 516 514 514 516 516 515 515 515 515 516 516 517 517 515 515 517 517 511 511 516 516 508 508 518 518 516 516 518 518 517 517 517 517 518 518 519 519 517 517 519 519 511 511 518 518 508 508 520 520 518 518 520 520 519 519 519 519 520 520 521 521 519 519 521 521 511 511 520 520 508 508 522 522 520 520 522 522 521 521 521 521 522 522 523 523 521 521 523 523 511 511 522 522 508 508 524 524 522 522 524 524 523 523 523 523 524 524 525 525 523 523 525 525 511 511 524 524 508 508 526 526 524 524 526 526 525 525 525 525 526 526 527 527 525 525 527 527 511 511 526 526 508 508 528 528 526 526 528 528 527 527 527 527 528 528 529 529 527 527 529 529 511 511 528 528 508 508 509 509 528 528 509 509 529 529 529 529 509 509 510 510 529 529 510 510 511 511 530 530 531 531 563 563 530 530 563 563 562 562 531 531 532 532 564 564 531 531 564 564 563 563 532 532 533 533 565 565 532 532 565 565 564 564 533 533 534 534 566 566 533 533 566 566 565 565 534 534 535 535 567 567 534 534 567 567 566 566 535 535 536 536 568 568 535 535 568 568 567 567 536 536 537 537 569 569 536 536 569 569 568 568 537 537 538 538 570 570 537 537 570 570 569 569 538 538 539 539 571 571 538 538 571 571 570 570 539 539 540 540 572 572 539 539 572 572 571 571 540 540 541 541 573 573 540 540 573 573 572 572 541 541 542 542 574 574 541 541 574 574 573 573 542 542 543 543 575 575 542 542 575 575 574 574 543 543 544 544 576 576 543 543 576 576 575 575 544 544 545 545 577 577 544 544 577 577 576 576 545 545 546 546 578 578 545 545 578 578 577 577 546 546 547 547 579 579 546 546 579 579 578 578 547 547 548 548 580 580 547 547 580 580 579 579 548 548 549 549 581 581 548 548 581 581 580 580 549 549 550 550 582 582 549 549 582 582 581 581 550 550 551 551 583 583 550 550 583 583 582 582 551 551 552 552 584 584 551 551 584 584 583 583 552 552 553 553 585 585 552 552 585 585 584 584 553 553 554 554 586 586 553 553 586 586 585 585 554 554 555 555 587 587 554 554 587 587 586 586 555 555 556 556 588 588 555 555 588 588 587 587 556 556 557 557 589 589 556 556 589 589 588 588 557 557 558 558 590 590 557 557 590 590 589 589 558 558 559 559 591 591 558 558 591 591 590 590 559 559 560 560 592 592 559 559 592 592 591 591 560 560 561 561 593 593 560 560 593 593 592 592 561 561 530 530 562 562 561 561 562 562 593 593 530 530 531 531 560 560 530 530 560 560 561 561 562 562 592 592 563 563 562 562 593 593 592 592 531 531 532 532 559 559 531 531 559 559 560 560 563 563 591 591 564 564 563 563 592 592 591 591 532 532 533 533 558 558 532 532 558 558 559 559 564 564 590 590 565 565 564 564 591 591 590 590 533 533 534 534 557 557 533 533 557 557 558 558 565 565 589 589 566 566 565 565 590 590 589 589 534 534 535 535 556 556 534 534 556 556 557 557 566 566 588 588 567 567 566 566 589 589 588 588 535 535 536 536 555 555 535 535 555 555 556 556 567 567 587 587 568 568 567 567 588 588 587 587 536 536 537 537 554 554 536 536 554 554 555 555 568 568 586 586 569 569 568 568 587 587 586 586 537 537 538 538 553 553 537 537 553 553 554 554 569 569 585 585 570 570 569 569 586 586 585 585 538 538 539 539 552 552 538 538 552 552 553 553 570 570 584 584 571 571 570 570 585 585 584 584 539 539 540 540 551 551 539 539 551 551 552 552 571 571 583 583 572 572 571 571 584 584 583 583 540 540 541 541 550 550 540 540 550 550 551 551 572 572 582 582 573 573 572 572 583 583 582 582 541 541 542 542 549 549 541 541 549 549 550 550 573 573 581 581 574 574 573 573 582 582 581 581 542 542 543 543 548 548 542 542 548 548 549 549 574 574 580 580 575 575 574 574 581 581 580 580 543 543 544 544 547 547 543 543 547 547 548 548 575 575 579 579 576 576 575 575 580 580 579 579 544 544 545 545 546 546 544 544 546 546 547 547 576 576 578 578 577 577 576 576 579 579 578 578 595 595 594 594 598 598 595 595 598 598 596 596 596 596 598 598 599 599 596 596 599 599 597 597 598 598 594 594 600 600 598 598 600 600 599 599 599 599 600 600 601 601 599 599 601 601 597 597 600 600 594 594 602 602 600 600 602 602 601 601 601 601 602 602 603 603 601 601 603 603 597 597 602 602 594 594 604 604 602 602 604 604 603 603 603 603 604 604 605 605 603 603 605 605 597 597 604 604 594 594 606 606 604 604 606 606 605 605 605 605 606 606 607 607 605 605 607 607 597 597 606 606 594 594 608 608 606 606 608 608 607 607 607 607 608 608 609 609 607 607 609 609 597 597 608 608 594 594 610 610 608 608 610 610 609 609 609 609 610 610 611 611 609 609 611 611 597 597 610 610 594 594 612 612 610 610 612 612 611 611 611 611 612 612 613 613 611 611 613 613 597 597 612 612 594 594 614 614 612 612 614 614 613 613 613 613 614 614 615 615 613 613 615 615 597 597 614 614 594 594 595 595 614 614 595 595 615 615 615 615 595 595 596 596 615 615 596 596 597 597 617 617 616 616 620 620 617 617 620 620 618 618 618 618 620 620 621 621 618 618 621 621 619 619 620 620 616 616 622 622 620 620 622 622 621 621 621 621 622 622 623 623 621 621 623 623 619 619 622 622 616 616 624 624 622 622 624 624 623 623 623 623 624 624 625 625 623 623 625 625 619 619 624 624 616 616 626 626 624 624 626 626 625 625 625 625 626 626 627 627 625 625 627 627 619 619 626 626 616 616 628 628 626 626 628 628 627 627 627 627 628 628 629 629 627 627 629 629 619 619 628 628 616 616 630 630 628 628 630 630 629 629 629 629 630 630 631 631 629 629 631 631 619 619 630 630 616 616 632 632 630 630 632 632 631 631 631 631 632 632 633 633 631 631 633 633 619 619 632 632 616 616 634 634 632 632 634 634 633 633 633 633 634 634 635 635 633 633 635 635 619 619 634 634 616 616 636 636 634 634 636 636 635 635 635 635 636 636 637 637 635 635 637 637 619 619 636 636 616 616 617 617 636 636 617 617 637 637 637 637 617 617 618 618 637 637 618 618 619 619 638 638 639 639 671 671 638 638 671 671 670 670 639 639 640 640 672 672 639 639 672 672 671 671 640 640 641 641 673 673 640 640 673 673 672 672 641 641 642 642 674 674 641 641 674 674 673 673 642 642 643 643 675 675 642 642 675 675 674 674 643 643 644 644 676 676 643 643 676 676 675 675 644 644 645 645 677 677 644 644 677 677 676 676 645 645 646 646 678 678 645 645 678 678 677 677 646 646 647 647 679 679 646 646 679 679 678 678 647 647 648 648 680 680 647 647 680 680 679 679 648 648 649 649 681 681 648 648 681 681 680 680 649 649 650 650 682 682 649 649 682 682 681 681 650 650 651 651 683 683 650 650 683 683 682 682 651 651 652 652 684 684 651 651 684 684 683 683 652 652 653 653 685 685 652 652 685 685 684 684 653 653 654 654 686 686 653 653 686 686 685 685 654 654 655 655 687 687 654 654 687 687 686 686 655 655 656 656 688 688 655 655 688 688 687 687 656 656 657 657 689 689 656 656 689 689 688 688 657 657 658 658 690 690 657 657 690 690 689 689 658 658 659 659 691 691 658 658 691 691 690 690 659 659 660 660 692 692 659 659 692 692 691 691 660 660 661 661 693 693 660 660 693 693 692 692 661 661 662 662 694 694 661 661 694 694 693 693 662 662 663 663 695 695 662 662 695 695 694 694 663 663 664 664 696 696 663 663 696 696 695 695 664 664 665 665 697 697 664 664 697 697 696 696 665 665 666 666 698 698 665 665 698 698 697 697 666 666 667 667 699 699 666 666 699 699 698 698 667 667 668 668 700 700 667 667 700 700 699 699 668 668 669 669 701 701 668 668 701 701 700 700 669 669 638 638 670 670 669 669 670 670 701 701 638 638 639 639 668 668 638 638 668 668 669 669 670 670 700 700 671 671 670 670 701 701 700 700 639 639 640 640 667 667 639 639 667 667 668 668 671 671 699 699 672 672 671 671 700 700 699 699 640 640 641 641 666 666 640 640 666 666 667 667 672 672 698 698 673 673 672 672 699 699 698 698 641 641 642 642 665 665 641 641 665 665 666 666 673 673 697 697 674 674 673 673 698 698 697 697 642 642 643 643 664 664 642 642 664 664 665 665 674 674 696 696 675 675 674 674 697 697 696 696 643 643 644 644 663 663 643 643 663 663 664 664 675 675 695 695 676 676 675 675 696 696 695 695 644 644 645 645 662 662 644 644 662 662 663 663 676 676 694 694 677 677 676 676 695 695 694 694 645 645 646 646 661 661 645 645 661 661 662 662 677 677 693 693 678 678 677 677 694 694 693 693 646 646 647 647 660 660 646 646 660 660 661 661 678 678 692 692 679 679 678 678 693 693 692 692 647 647 648 648 659 659 647 647 659 659 660 660 679 679 691 691 680 680 679 679 692 692 691 691 648 648 649 649 658 658 648 648 658 658 659 659 680 680 690 690 681 681 680 680 691 691 690 690 649 649 650 650 657 657 649 649 657 657 658 658 681 681 689 689 682 682 681 681 690 690 689 689 650 650 651 651 656 656 650 650 656 656 657 657 682 682 688 688 683 683 682 682 689 689 688 688 651 651 652 652 655 655 651 651 655 655 656 656 683 683 687 687 684 684 683 683 688 688 687 687 652 652 653 653 654 654 652 652 654 654 655 655 684 684 686 686 685 685 684 684 687 687 686 686 703 703 702 702 706 706 703 703 706 706 704 704 704 704 706 706 707 707 704 704 707 707 705 705 706 706 702 702 708 708 706 706 708 708 707 707 707 707 708 708 709 709 707 707 709 709 705 705 708 708 702 702 710 710 708 708 710 710 709 709 709 709 710 710 711 711 709 709 711 711 705 705 710 710 702 702 712 712 710 710 712 712 711 711 711 711 712 712 713 713 711 711 713 713 705 705 712 712 702 702 714 714 712 712 714 714 713 713 713 713 714 714 715 715 713 713 715 715 705 705 714 714 702 702 716 716 714 714 716 716 715 715 715 715 716 716 717 717 715 715 717 717 705 705 716 716 702 702 718 718 716 716 718 718 717 717 717 717 718 718 719 719 717 717 719 719 705 705 718 718 702 702 720 720 718 718 720 720 719 719 719 719 720 720 721 721 719 719 721 721 705 705 720 720 702 702 722 722 720 720 722 722 721 721 721 721 722 722 723 723 721 721 723 723 705 705 722 722 702 702 703 703 722 722 703 703 723 723 723 723 703 703 704 704 723 723 704 704 705 705 725 725 724 724 728 728 725 725 728 728 726 726 726 726 728 728 729 729 726 726 729 729 727 727 728 728 724 724 730 730 728 728 730 730 729 729 729 729 730 730 731 731 729 729 731 731 727 727 730 730 724 724 732 732 730 730 732 732 731 731 731 731 732 732 733 733 731 731 733 733 727 727 732 732 724 724 734 734 732 732 734 734 733 733 733 733 734 734 735 735 733 733 735 735 727 727 734 734 724 724 736 736 734 734 736 736 735 735 735 735 736 736 737 737 735 735 737 737 727 727 736 736 724 724 738 738 736 736 738 738 737 737 737 737 738 738 739 739 737 737 739 739 727 727 738 738 724 724 740 740 738 738 740 740 739 739 739 739 740 740 741 741 739 739 741 741 727 727 740 740 724 724 742 742 740 740 742 742 741 741 741 741 742 742 743 743 741 741 743 743 727 727 742 742 724 724 744 744 742 742 744 744 743 743 743 743 744 744 745 745 743 743 745 745 727 727 744 744 724 724 725 725 744 744 725 725 745 745 745 745 725 725 726 726 745 745 726 726 727 727 746 746 747 747 779 779 746 746 779 779 778 778 747 747 748 748 780 780 747 747 780 780 779 779 748 748 749 749 781 781 748 748 781 781 780 780 749 749 750 750 782 782 749 749 782 782 781 781 750 750 751 751 783 783 750 750 783 783 782 782 751 751 752 752 784 784 751 751 784 784 783 783 752 752 753 753 785 785 752 752 785 785 784 784 753 753 754 754 786 786 753 753 786 786 785 785 754 754 755 755 787 787 754 754 787 787 786 786 755 755 756 756 788 788 755 755 788 788 787 787 756 756 757 757 789 789 756 756 789 789 788 788 757 757 758 758 790 790 757 757 790 790 789 789 758 758 759 759 791 791 758 758 791 791 790 790 759 759 760 760 792 792 759 759 792 792 791 791 760 760 761 761 793 793 760 760 793 793 792 792 761 761 762 762 794 794 761 761 794 794 793 793 762 762 763 763 795 795 762 762 795 795 794 794 763 763 764 764 796 796 763 763 796 796 795 795 764 764 765 765 797 797 764 764 797 797 796 796 765 765 766 766 798 798 765 765 798 798 797 797 766 766 767 767 799 799 766 766 799 799 798 798 767 767 768 768 800 800 767 767 800 800 799 799 768 768 769 769 801 801 768 768 801 801 800 800 769 769 770 770 802 802 769 769 802 802 801 801 770 770 771 771 803 803 770 770 803 803 802 802 771 771 772 772 804 804 771 771 804 804 803 803 772 772 773 773 805 805 772 772 805 805 804 804 773 773 774 774 806 806 773 773 806 806 805 805 774 774 775 775 807 807 774 774 807 807 806 806 775 775 776 776 808 808 775 775 808 808 807 807 776 776 777 777 809 809 776 776 809 809 808 808 777 777 746 746 778 778 777 777 778 778 809 809 746 746 747 747 776 776 746 746 776 776 777 777 778 778 808 808 779 779 778 778 809 809 808 808 747 747 748 748 775 775 747 747 775 775 776 776 779 779 807 807 780 780 779 779 808 808 807 807 748 748 749 749 774 774 748 748 774 774 775 775 780 780 806 806 781 781 780 780 807 807 806 806 749 749 750 750 773 773 749 749 773 773 774 774 781 781 805 805 782 782 781 781 806 806 805 805 750 750 751 751 772 772 750 750 772 772 773 773 782 782 804 804 783 783 782 782 805 805 804 804 751 751 752 752 771 771 751 751 771 771 772 772 783 783 803 803 784 784 783 783 804 804 803 803 752 752 753 753 770 770 752 752 770 770 771 771 784 784 802 802 785 785 784 784 803 803 802 802 753 753 754 754 769 769 753 753 769 769 770 770 785 785 801 801 786 786 785 785 802 802 801 801 754 754 755 755 768 768 754 754 768 768 769 769 786 786 800 800 787 787 786 786 801 801 800 800 755 755 756 756 767 767 755 755 767 767 768 768 787 787 799 799 788 788 787 787 800 800 799 799 756 756 757 757 766 766 756 756 766 766 767 767 788 788 798 798 789 789 788 788 799 799 798 798 757 757 758 758 765 765 757 757 765 765 766 766 789 789 797 797 790 790 789 789 798 798 797 797 758 758 759 759 764 764 758 758 764 764 765 765 790 790 796 796 791 791 790 790 797 797 796 796 759 759 760 760 763 763 759 759 763 763 764 764 791 791 795 795 792 792 791 791 796 796 795 795 760 760 761 761 762 762 760 760 762 762 763 763 792 792 794 794 793 793 792 792 795 795 794 794 811 811 810 810 814 814 811 811 814 814 812 812 812 812 814 814 815 815 812 812 815 815 813 813 814 814 810 810 816 816 814 814 816 816 815 815 815 815 816 816 817 817 815 815 817 817 813 813 816 816 810 810 818 818 816 816 818 818 817 817 817 817 818 818 819 819 817 817 819 819 813 813 818 818 810 810 820 820 818 818 820 820 819 819 819 819 820 820 821 821 819 819 821 821 813 813 820 820 810 810 822 822 820 820 822 822 821 821 821 821 822 822 823 823 821 821 823 823 813 813 822 822 810 810 824 824 822 822 824 824 823 823 823 823 824 824 825 825 823 823 825 825 813 813 824 824 810 810 826 826 824 824 826 826 825 825 825 825 826 826 827 827 825 825 827 827 813 813 826 826 810 810 828 828 826 826 828 828 827 827 827 827 828 828 829 829 827 827 829 829 813 813 828 828 810 810 830 830 828 828 830 830 829 829 829 829 830 830 831 831 829 829 831 831 813 813 830 830 810 810 811 811 830 830 811 811 831 831 831 831 811 811 812 812 831 831 812 812 813 813 833 833 832 832 836 836 833 833 836 836 834 834 834 834 836 836 837 837 834 834 837 837 835 835 836 836 832 832 838 838 836 836 838 838 837 837 837 837 838 838 839 839 837 837 839 839 835 835 838 838 832 832 840 840 838 838 840 840 839 839 839 839 840 840 841 841 839 839 841 841 835 835 840 840 832 832 842 842 840 840 842 842 841 841 841 841 842 842 843 843 841 841 843 843 835 835 842 842 832 832 844 844 842 842 844 844 843 843 843 843 844 844 845 845 843 843 845 845 835 835 844 844 832 832 846 846 844 844 846 846 845 845 845 845 846 846 847 847 845 845 847 847 835 835 846 846 832 832 848 848 846 846 848 848 847 847 847 847 848 848 849 849 847 847 849 849 835 835 848 848 832 832 850 850 848 848 850 850 849 849 849 849 850 850 851 851 849 849 851 851 835 835 850 850 832 832 852 852 850 850 852 852 851 851 851 851 852 852 853 853 851 851 853 853 835 835 852 852 832 832 833 833 852 852 833 833 853 853 853 853 833 833 834 834 853 853 834 834 835 835 854 854 855 855 887 887 854 854 887 887 886 886 855 855 856 856 888 888 855 855 888 888 887 887 856 856 857 857 889 889 856 856 889 889 888 888 857 857 858 858 890 890 857 857 890 890 889 889 858 858 859 859 891 891 858 858 891 891 890 890 859 859 860 860 892 892 859 859 892 892 891 891 860 860 861 861 893 893 860 860 893 893 892 892 861 861 862 862 894 894 861 861 894 894 893 893 862 862 863 863 895 895 862 862 895 895 894 894 863 863 864 864 896 896 863 863 896 896 895 895 864 864 865 865 897 897 864 864 897 897 896 896 865 865 866 866 898 898 865 865 898 898 897 897 866 866 867 867 899 899 866 866 899 899 898 898 867 867 868 868 900 900 867 867 900 900 899 899 868 868 869 869 901 901 868 868 901 901 900 900 869 869 870 870 902 902 869 869 902 902 901 901 870 870 871 871 903 903 870 870 903 903 902 902 871 871 872 872 904 904 871 871 904 904 903 903 872 872 873 873 905 905 872 872 905 905 904 904 873 873 874 874 906 906 873 873 906 906 905 905 874 874 875 875 907 907 874 874 907 907 906 906 875 875 876 876 908 908 875 875 908 908 907 907 876 876 877 877 909 909 876 876 909 909 908 908 877 877 878 878 910 910 877 877 910 910 909 909 878 878 879 879 911 911 878 878 911 911 910 910 879 879 880 880 912 912 879 879 912 912 911 911 880 880 881 881 913 913 880 880 913 913 912 912 881 881 882 882 914 914 881 881 914 914 913 913 882 882 883 883 915 915 882 882 915 915 914 914 883 883 884 884 916 916 883 883 916 916 915 915 884 884 885 885 917 917 884 884 917 917 916 916 885 885 854 854 886 886 885 885 886 886 917 917 854 854 855 855 884 884 854 854 884 884 885 885 886 886 916 916 887 887 886 886 917 917 916 916 855 855 856 856 883 883 855 855 883 883 884 884 887 887 915 915 888 888 887 887 916 916 915 915 856 856 857 857 882 882 856 856 882 882 883 883 888 888 914 914 889 889 888 888 915 915 914 914 857 857 858 858 881 881 857 857 881 881 882 882 889 889 913 913 890 890 889 889 914 914 913 913 858 858 859 859 880 880 858 858 880 880 881 881 890 890 912 912 891 891 890 890 913 913 912 912 859 859 860 860 879 879 859 859 879 879 880 880 891 891 911 911 892 892 891 891 912 912 911 911 860 860 861 861 878 878 860 860 878 878 879 879 892 892 910 910 893 893 892 892 911 911 910 910 861 861 862 862 877 877 861 861 877 877 878 878 893 893 909 909 894 894 893 893 910 910 909 909 862 862 863 863 876 876 862 862 876 876 877 877 894 894 908 908 895 895 894 894 909 909 908 908 863 863 864 864 875 875 863 863 875 875 876 876 895 895 907 907 896 896 895 895 908 908 907 907 864 864 865 865 874 874 864 864 874 874 875 875 896 896 906 906 897 897 896 896 907 907 906 906 865 865 866 866 873 873 865 865 873 873 874 874 897 897 905 905 898 898 897 897 906 906 905 905 866 866 867 867 872 872 866 866 872 872 873 873 898 898 904 904 899 899 898 898 905 905 904 904 867 867 868 868 871 871 867 867 871 871 872 872 899 899 903 903 900 900 899 899 904 904 903 903 868 868 869 869 870 870 868 868 870 870 871 871 900 900 902 902 901 901 900 900 903 903 902 902 919 919 918 918 922 922 919 919 922 922 920 920 920 920 922 922 923 923 920 920 923 923 921 921 922 922 918 918 924 924 922 922 924 924 923 923 923 923 924 924 925 925 923 923 925 925 921 921 924 924 918 918 926 926 924 924 926 926 925 925 925 925 926 926 927 927 925 925 927 927 921 921 926 926 918 918 928 928 926 926 928 928 927 927 927 927 928 928 929 929 927 927 929 929 921 921 928 928 918 918 930 930 928 928 930 930 929 929 929 929 930 930 931 931 929 929 931 931 921 921 930 930 918 918 932 932 930 930 932 932 931 931 931 931 932 932 933 933 931 931 933 933 921 921 932 932 918 918 934 934 932 932 934 934 933 933 933 933 934 934 935 935 933 933 935 935 921 921 934 934 918 918 936 936 934 934 936 936 935 935 935 935 936 936 937 937 935 935 937 937 921 921 936 936 918 918 938 938 936 936 938 938 937 937 937 937 938 938 939 939 937 937 939 939 921 921 938 938 918 918 919 919 938 938 919 919 939 939 939 939 919 919 920 920 939 939 920 920 921 921 941 941 940 940 944 944 941 941 944 944 942 942 942 942 944 944 945 945 942 942 945 945 943 943 944 944 940 940 946 946 944 944 946 946 945 945 945 945 946 946 947 947 945 945 947 947 943 943 946 946 940 940 948 948 946 946 948 948 947 947 947 947 948 948 949 949 947 947 949 949 943 943 948 948 940 940 950 950 948 948 950 950 949 949 949 949 950 950 951 951 949 949 951 951 943 943 950 950 940 940 952 952 950 950 952 952 951 951 951 951 952 952 953 953 951 951 953 953 943 943 952 952 940 940 954 954 952 952 954 954 953 953 953 953 954 954 955 955 953 953 955 955 943 943 954 954 940 940 956 956 954 954 956 956 955 955 955 955 956 956 957 957 955 955 957 957 943 943 956 956 940 940 958 958 956 956 958 958 957 957 957 957 958 958 959 959 957 957 959 959 943 943 958 958 940 940 960 960 958 958 960 960 959 959 959 959 960 960 961 961 959 959 961 961 943 943 960 960 940 940 941 941 960 960 941 941 961 961 961 961 941 941 942 942 961 961 942 942 943 943 962 962 963 963 995 995 962 962 995 995 994 994 963 963 964 964 996 996 963 963 996 996 995 995 964 964 965 965 997 997 964 964 997 997 996 996 965 965 966 966 998 998 965 965 998 998 997 997 966 966 967 967 999 999 966 966 999 999 998 998 967 967 968 968 1000 1000 967 967 1000 1000 999 999 968 968 969 969 1001 1001 968 968 1001 1001 1000 1000 969 969 970 970 1002 1002 969 969 1002 1002 1001 1001 970 970 971 971 1003 1003 970 970 1003 1003 1002 1002 971 971 972 972 1004 1004 971 971 1004 1004 1003 1003 972 972 973 973 1005 1005 972 972 1005 1005 1004 1004 973 973 974 974 1006 1006 973 973 1006 1006 1005 1005 974 974 975 975 1007 1007 974 974 1007 1007 1006 1006 975 975 976 976 1008 1008 975 975 1008 1008 1007 1007 976 976 977 977 1009 1009 976 976 1009 1009 1008 1008 977 977 978 978 1010 1010 977 977 1010 1010 1009 1009 978 978 979 979 1011 1011 978 978 1011 1011 1010 1010 979 979 980 980 1012 1012 979 979 1012 1012 1011 1011 980 980 981 981 1013 1013 980 980 1013 1013 1012 1012 981 981 982 982 1014 1014 981 981 1014 1014 1013 1013 982 982 983 983 1015 1015 982 982 1015 1015 1014 1014 983 983 984 984 1016 1016 983 983 1016 1016 1015 1015 984 984 985 985 1017 1017 984 984 1017 1017 1016 1016 985 985 986 986 1018 1018 985 985 1018 1018 1017 1017 986 986 987 987 1019 1019 986 986 1019 1019 1018 1018 987 987 988 988 1020 1020 987 987 1020 1020 1019 1019 988 988 989 989 1021 1021 988 988 1021 1021 1020 1020 989 989 990 990 1022 1022 989 989 1022 1022 1021 1021 990 990 991 991 1023 1023 990 990 1023 1023 1022 1022 991 991 992 992 1024 1024 991 991 1024 1024 1023 1023 992 992 993 993 1025 1025 992 992 1025 1025 1024 1024 993 993 962 962 994 994 993 993 994 994 1025 1025 962 962 963 963 992 992 962 962 992 992 993 993 994 994 1024 1024 995 995 994 994 1025 1025 1024 1024 963 963 964 964 991 991 963 963 991 991 992 992 995 995 1023 1023 996 996 995 995 1024 1024 1023 1023 964 964 965 965 990 990 964 964 990 990 991 991 996 996 1022 1022 997 997 996 996 1023 1023 1022 1022 965 965 966 966 989 989 965 965 989 989 990 990 997 997 1021 1021 998 998 997 997 1022 1022 1021 1021 966 966 967 967 988 988 966 966 988 988 989 989 998 998 1020 1020 999 999 998 998 1021 1021 1020 1020 967 967 968 968 987 987 967 967 987 987 988 988 999 999 1019 1019 1000 1000 999 999 1020 1020 1019 1019 968 968 969 969 986 986 968 968 986 986 987 987 1000 1000 1018 1018 1001 1001 1000 1000 1019 1019 1018 1018 969 969 970 970 985 985 969 969 985 985 986 986 1001 1001 1017 1017 1002 1002 1001 1001 1018 1018 1017 1017 970 970 971 971 984 984 970 970 984 984 985 985 1002 1002 1016 1016 1003 1003 1002 1002 1017 1017 1016 1016 971 971 972 972 983 983 971 971 983 983 984 984 1003 1003 1015 1015 1004 1004 1003 1003 1016 1016 1015 1015 972 972 973 973 982 982 972 972 982 982 983 983 1004 1004 1014 1014 1005 1005 1004 1004 1015 1015 1014 1014 973 973 974 974 981 981 973 973 981 981 982 982 1005 1005 1013 1013 1006 1006 1005 1005 1014 1014 1013 1013 974 974 975 975 980 980 974 974 980 980 981 981 1006 1006 1012 1012 1007 1007 1006 1006 1013 1013 1012 1012 975 975 976 976 979 979 975 975 979 979 980 980 1007 1007 1011 1011 1008 1008 1007 1007 1012 1012 1011 1011 976 976 977 977 978 978 976 976 978 978 979 979 1008 1008 1010 1010 1009 1009 1008 1008 1011 1011 1010 1010 1027 1027 1026 1026 1030 1030 1027 1027 1030 1030 1028 1028 1028 1028 1030 1030 1031 1031 1028 1028 1031 1031 1029 1029 1030 1030 1026 1026 1032 1032 1030 1030 1032 1032 1031 1031 1031 1031 1032 1032 1033 1033 1031 1031 1033 1033 1029 1029 1032 1032 1026 1026 1034 1034 1032 1032 1034 1034 1033 1033 1033 1033 1034 1034 1035 1035 1033 1033 1035 1035 1029 1029 1034 1034 1026 1026 1036 1036 1034 1034 1036 1036 1035 1035 1035 1035 1036 1036 1037 1037 1035 1035 1037 1037 1029 1029 1036 1036 1026 1026 1038 1038 1036 1036 1038 1038 1037 1037 1037 1037 1038 1038 1039 1039 1037 1037 1039 1039 1029 1029 1038 1038 1026 1026 1040 1040 1038 1038 1040 1040 1039 1039 1039 1039 1040 1040 1041 1041 1039 1039 1041 1041 1029 1029 1040 1040 1026 1026 1042 1042 1040 1040 1042 1042 1041 1041 1041 1041 1042 1042 1043 1043 1041 1041 1043 1043 1029 1029 1042 1042 1026 1026 1044 1044 1042 1042 1044 1044 1043 1043 1043 1043 1044 1044 1045 1045 1043 1043 1045 1045 1029 1029 1044 1044 1026 1026 1046 1046 1044 1044 1046 1046 1045 1045 1045 1045 1046 1046 1047 1047 1045 1045 1047 1047 1029 1029 1046 1046 1026 1026 1027 1027 1046 1046 1027 1027 1047 1047 1047 1047 1027 1027 1028 1028 1047 1047 1028 1028 1029 1029 1049 1049 1048 1048 1052 1052 1049 1049 1052 1052 1050 1050 1050 1050 1052 1052 1053 1053 1050 1050 1053 1053 1051 1051 1052 1052 1048 1048 1054 1054 1052 1052 1054 1054 1053 1053 1053 1053 1054 1054 1055 1055 1053 1053 1055 1055 1051 1051 1054 1054 1048 1048 1056 1056 1054 1054 1056 1056 1055 1055 1055 1055 1056 1056 1057 1057 1055 1055 1057 1057 1051 1051 1056 1056 1048 1048 1058 1058 1056 1056 1058 1058 1057 1057 1057 1057 1058 1058 1059 1059 1057 1057 1059 1059 1051 1051 1058 1058 1048 1048 1060 1060 1058 1058 1060 1060 1059 1059 1059 1059 1060 1060 1061 1061 1059 1059 1061 1061 1051 1051 1060 1060 1048 1048 1062 1062 1060 1060 1062 1062 1061 1061 1061 1061 1062 1062 1063 1063 1061 1061 1063 1063 1051 1051 1062 1062 1048 1048 1064 1064 1062 1062 1064 1064 1063 1063 1063 1063 1064 1064 1065 1065 1063 1063 1065 1065 1051 1051 1064 1064 1048 1048 1066 1066 1064 1064 1066 1066 1065 1065 1065 1065 1066 1066 1067 1067 1065 1065 1067 1067 1051 1051 1066 1066 1048 1048 1068 1068 1066 1066 1068 1068 1067 1067 1067 1067 1068 1068 1069 1069 1067 1067 1069 1069 1051 1051 1068 1068 1048 1048 1049 1049 1068 1068 1049 1049 1069 1069 1069 1069 1049 1049 1050 1050 1069 1069 1050 1050 1051 1051 1070 1070 1071 1071 1103 1103 1070 1070 1103 1103 1102 1102 1071 1071 1072 1072 1104 1104 1071 1071 1104 1104 1103 1103 1072 1072 1073 1073 1105 1105 1072 1072 1105 1105 1104 1104 1073 1073 1074 1074 1106 1106 1073 1073 1106 1106 1105 1105 1074 1074 1075 1075 1107 1107 1074 1074 1107 1107 1106 1106 1075 1075 1076 1076 1108 1108 1075 1075 1108 1108 1107 1107 1076 1076 1077 1077 1109 1109 1076 1076 1109 1109 1108 1108 1077 1077 1078 1078 1110 1110 1077 1077 1110 1110 1109 1109 1078 1078 1079 1079 1111 1111 1078 1078 1111 1111 1110 1110 1079 1079 1080 1080 1112 1112 1079 1079 1112 1112 1111 1111 1080 1080 1081 1081 1113 1113 1080 1080 1113 1113 1112 1112 1081 1081 1082 1082 1114 1114 1081 1081 1114 1114 1113 1113 1082 1082 1083 1083 1115 1115 1082 1082 1115 1115 1114 1114 1083 1083 1084 1084 1116 1116 1083 1083 1116 1116 1115 1115 1084 1084 1085 1085 1117 1117 1084 1084 1117 1117 1116 1116 1085 1085 1086 1086 1118 1118 1085 1085 1118 1118 1117 1117 1086 1086 1087 1087 1119 1119 1086 1086 1119 1119 1118 1118 1087 1087 1088 1088 1120 1120 1087 1087 1120 1120 1119 1119 1088 1088 1089 1089 1121 1121 1088 1088 1121 1121 1120 1120 1089 1089 1090 1090 1122 1122 1089 1089 1122 1122 1121 1121 1090 1090 1091 1091 1123 1123 1090 1090 1123 1123 1122 1122 1091 1091 1092 1092 1124 1124 1091 1091 1124 1124 1123 1123 1092 1092 1093 1093 1125 1125 1092 1092 1125 1125 1124 1124 1093 1093 1094 1094 1126 1126 1093 1093 1126 1126 1125 1125 1094 1094 1095 1095 1127 1127 1094 1094 1127 1127 1126 1126 1095 1095 1096 1096 1128 1128 1095 1095 1128 1128 1127 1127 1096 1096 1097 1097 1129 1129 1096 1096 1129 1129 1128 1128 1097 1097 1098 1098 1130 1130 1097 1097 1130 1130 1129 1129 1098 1098 1099 1099 1131 1131 1098 1098 1131 1131 1130 1130 1099 1099 1100 1100 1132 1132 1099 1099 1132 1132 1131 1131 1100 1100 1101 1101 1133 1133 1100 1100 1133 1133 1132 1132 1101 1101 1070 1070 1102 1102 1101 1101 1102 1102 1133 1133 1070 1070 1071 1071 1100 1100 1070 1070 1100 1100 1101 1101 1102 1102 1132 1132 1103 1103 1102 1102 1133 1133 1132 1132 1071 1071 1072 1072 1099 1099 1071 1071 1099 1099 1100 1100 1103 1103 1131 1131 1104 1104 1103 1103 1132 1132 1131 1131 1072 1072 1073 1073 1098 1098 1072 1072 1098 1098 1099 1099 1104 1104 1130 1130 1105 1105 1104 1104 1131 1131 1130 1130 1073 1073 1074 1074 1097 1097 1073 1073 1097 1097 1098 1098 1105 1105 1129 1129 1106 1106 1105 1105 1130 1130 1129 1129 1074 1074 1075 1075 1096 1096 1074 1074 1096 1096 1097 1097 1106 1106 1128 1128 1107 1107 1106 1106 1129 1129 1128 1128 1075 1075 1076 1076 1095 1095 1075 1075 1095 1095 1096 1096 1107 1107 1127 1127 1108 1108 1107 1107 1128 1128 1127 1127 1076 1076 1077 1077 1094 1094 1076 1076 1094 1094 1095 1095 1108 1108 1126 1126 1109 1109 1108 1108 1127 1127 1126 1126 1077 1077 1078 1078 1093 1093 1077 1077 1093 1093 1094 1094 1109 1109 1125 1125 1110 1110 1109 1109 1126 1126 1125 1125 1078 1078 1079 1079 1092 1092 1078 1078 1092 1092 1093 1093 1110 1110 1124 1124 1111 1111 1110 1110 1125 1125 1124 1124 1079 1079 1080 1080 1091 1091 1079 1079 1091 1091 1092 1092 1111 1111 1123 1123 1112 1112 1111 1111 1124 1124 1123 1123 1080 1080 1081 1081 1090 1090 1080 1080 1090 1090 1091 1091 1112 1112 1122 1122 1113 1113 1112 1112 1123 1123 1122 1122 1081 1081 1082 1082 1089 1089 1081 1081 1089 1089 1090 1090 1113 1113 1121 1121 1114 1114 1113 1113 1122 1122 1121 1121 1082 1082 1083 1083 1088 1088 1082 1082 1088 1088 1089 1089 1114 1114 1120 1120 1115 1115 1114 1114 1121 1121 1120 1120 1083 1083 1084 1084 1087 1087 1083 1083 1087 1087 1088 1088 1115 1115 1119 1119 1116 1116 1115 1115 1120 1120 1119 1119 1084 1084 1085 1085 1086 1086 1084 1084 1086 1086 1087 1087 1116 1116 1118 1118 1117 1117 1116 1116 1119 1119 1118 1118 1135 1135 1134 1134 1138 1138 1135 1135 1138 1138 1136 1136 1136 1136 1138 1138 1139 1139 1136 1136 1139 1139 1137 1137 1138 1138 1134 1134 1140 1140 1138 1138 1140 1140 1139 1139 1139 1139 1140 1140 1141 1141 1139 1139 1141 1141 1137 1137 1140 1140 1134 1134 1142 1142 1140 1140 1142 1142 1141 1141 1141 1141 1142 1142 1143 1143 1141 1141 1143 1143 1137 1137 1142 1142 1134 1134 1144 1144 1142 1142 1144 1144 1143 1143 1143 1143 1144 1144 1145 1145 1143 1143 1145 1145 1137 1137 1144 1144 1134 1134 1146 1146 1144 1144 1146 1146 1145 1145 1145 1145 1146 1146 1147 1147 1145 1145 1147 1147 1137 1137 1146 1146 1134 1134 1148 1148 1146 1146 1148 1148 1147 1147 1147 1147 1148 1148 1149 1149 1147 1147 1149 1149 1137 1137 1148 1148 1134 1134 1150 1150 1148 1148 1150 1150 1149 1149 1149 1149 1150 1150 1151 1151 1149 1149 1151 1151 1137 1137 1150 1150 1134 1134 1152 1152 1150 1150 1152 1152 1151 1151 1151 1151 1152 1152 1153 1153 1151 1151 1153 1153 1137 1137 1152 1152 1134 1134 1154 1154 1152 1152 1154 1154 1153 1153 1153 1153 1154 1154 1155 1155 1153 1153 1155 1155 1137 1137 1154 1154 1134 1134 1135 1135 1154 1154 1135 1135 1155 1155 1155 1155 1135 1135 1136 1136 1155 1155 1136 1136 1137 1137 1157 1157 1156 1156 1160 1160 1157 1157 1160 1160 1158 1158 1158 1158 1160 1160 1161 1161 1158 1158 1161 1161 1159 1159 1160 1160 1156 1156 1162 1162 1160 1160 1162 1162 1161 1161 1161 1161 1162 1162 1163 1163 1161 1161 1163 1163 1159 1159 1162 1162 1156 1156 1164 1164 1162 1162 1164 1164 1163 1163 1163 1163 1164 1164 1165 1165 1163 1163 1165 1165 1159 1159 1164 1164 1156 1156 1166 1166 1164 1164 1166 1166 1165 1165 1165 1165 1166 1166 1167 1167 1165 1165 1167 1167 1159 1159 1166 1166 1156 1156 1168 1168 1166 1166 1168 1168 1167 1167 1167 1167 1168 1168 1169 1169 1167 1167 1169 1169 1159 1159 1168 1168 1156 1156 1170 1170 1168 1168 1170 1170 1169 1169 1169 1169 1170 1170 1171 1171 1169 1169 1171 1171 1159 1159 1170 1170 1156 1156 1172 1172 1170 1170 1172 1172 1171 1171 1171 1171 1172 1172 1173 1173 1171 1171 1173 1173 1159 1159 1172 1172 1156 1156 1174 1174 1172 1172 1174 1174 1173 1173 1173 1173 1174 1174 1175 1175 1173 1173 1175 1175 1159 1159 1174 1174 1156 1156 1176 1176 1174 1174 1176 1176 1175 1175 1175 1175 1176 1176 1177 1177 1175 1175 1177 1177 1159 1159 1176 1176 1156 1156 1157 1157 1176 1176 1157 1157 1177 1177 1177 1177 1157 1157 1158 1158 1177 1177 1158 1158 1159 1159 1178 1178 1179 1179 1211 1211 1178 1178 1211 1211 1210 1210 1179 1179 1180 1180 1212 1212 1179 1179 1212 1212 1211 1211 1180 1180 1181 1181 1213 1213 1180 1180 1213 1213 1212 1212 1181 1181 1182 1182 1214 1214 1181 1181 1214 1214 1213 1213 1182 1182 1183 1183 1215 1215 1182 1182 1215 1215 1214 1214 1183 1183 1184 1184 1216 1216 1183 1183 1216 1216 1215 1215 1184 1184 1185 1185 1217 1217 1184 1184 1217 1217 1216 1216 1185 1185 1186 1186 1218 1218 1185 1185 1218 1218 1217 1217 1186 1186 1187 1187 1219 1219 1186 1186 1219 1219 1218 1218 1187 1187 1188 1188 1220 1220 1187 1187 1220 1220 1219 1219 1188 1188 1189 1189 1221 1221 1188 1188 1221 1221 1220 1220 1189 1189 1190 1190 1222 1222 1189 1189 1222 1222 1221 1221 1190 1190 1191 1191 1223 1223 1190 1190 1223 1223 1222 1222 1191 1191 1192 1192 1224 1224 1191 1191 1224 1224 1223 1223 1192 1192 1193 1193 1225 1225 1192 1192 1225 1225 1224 1224 1193 1193 1194 1194 1226 1226 1193 1193 1226 1226 1225 1225 1194 1194 1195 1195 1227 1227 1194 1194 1227 1227 1226 1226 1195 1195 1196 1196 1228 1228 1195 1195 1228 1228 1227 1227 1196 1196 1197 1197 1229 1229 1196 1196 1229 1229 1228 1228 1197 1197 1198 1198 1230 1230 1197 1197 1230 1230 1229 1229 1198 1198 1199 1199 1231 1231 1198 1198 1231 1231 1230 1230 1199 1199 1200 1200 1232 1232 1199 1199 1232 1232 1231 1231 1200 1200 1201 1201 1233 1233 1200 1200 1233 1233 1232 1232 1201 1201 1202 1202 1234 1234 1201 1201 1234 1234 1233 1233 1202 1202 1203 1203 1235 1235 1202 1202 1235 1235 1234 1234 1203 1203 1204 1204 1236 1236 1203 1203 1236 1236 1235 1235 1204 1204 1205 1205 1237 1237 1204 1204 1237 1237 1236 1236 1205 1205 1206 1206 1238 1238 1205 1205 1238 1238 1237 1237 1206 1206 1207 1207 1239 1239 1206 1206 1239 1239 1238 1238 1207 1207 1208 1208 1240 1240 1207 1207 1240 1240 1239 1239 1208 1208 1209 1209 1241 1241 1208 1208 1241 1241 1240 1240 1209 1209 1178 1178 1210 1210 1209 1209 1210 1210 1241 1241 1178 1178 1179 1179 1208 1208 1178 1178 1208 1208 1209 1209 1210 1210 1240 1240 1211 1211 1210 1210 1241 1241 1240 1240 1179 1179 1180 1180 1207 1207 1179 1179 1207 1207 1208 1208 1211 1211 1239 1239 1212 1212 1211 1211 1240 1240 1239 1239 1180 1180 1181 1181 1206 1206 1180 1180 1206 1206 1207 1207 1212 1212 1238 1238 1213 1213 1212 1212 1239 1239 1238 1238 1181 1181 1182 1182 1205 1205 1181 1181 1205 1205 1206 1206 1213 1213 1237 1237 1214 1214 1213 1213 1238 1238 1237 1237 1182 1182 1183 1183 1204 1204 1182 1182 1204 1204 1205 1205 1214 1214 1236 1236 1215 1215 1214 1214 1237 1237 1236 1236 1183 1183 1184 1184 1203 1203 1183 1183 1203 1203 1204 1204 1215 1215 1235 1235 1216 1216 1215 1215 1236 1236 1235 1235 1184 1184 1185 1185 1202 1202 1184 1184 1202 1202 1203 1203 1216 1216 1234 1234 1217 1217 1216 1216 1235 1235 1234 1234 1185 1185 1186 1186 1201 1201 1185 1185 1201 1201 1202 1202 1217 1217 1233 1233 1218 1218 1217 1217 1234 1234 1233 1233 1186 1186 1187 1187 1200 1200 1186 1186 1200 1200 1201 1201 1218 1218 1232 1232 1219 1219 1218 1218 1233 1233 1232 1232 1187 1187 1188 1188 1199 1199 1187 1187 1199 1199 1200 1200 1219 1219 1231 1231 1220 1220 1219 1219 1232 1232 1231 1231 1188 1188 1189 1189 1198 1198 1188 1188 1198 1198 1199 1199 1220 1220 1230 1230 1221 1221 1220 1220 1231 1231 1230 1230 1189 1189 1190 1190 1197 1197 1189 1189 1197 1197 1198 1198 1221 1221 1229 1229 1222 1222 1221 1221 1230 1230 1229 1229 1190 1190 1191 1191 1196 1196 1190 1190 1196 1196 1197 1197 1222 1222 1228 1228 1223 1223 1222 1222 1229 1229 1228 1228 1191 1191 1192 1192 1195 1195 1191 1191 1195 1195 1196 1196 1223 1223 1227 1227 1224 1224 1223 1223 1228 1228 1227 1227 1192 1192 1193 1193 1194 1194 1192 1192 1194 1194 1195 1195 1224 1224 1226 1226 1225 1225 1224 1224 1227 1227 1226 1226 1243 1243 1242 1242 1246 1246 1243 1243 1246 1246 1244 1244 1244 1244 1246 1246 1247 1247 1244 1244 1247 1247 1245 1245 1246 1246 1242 1242 1248 1248 1246 1246 1248 1248 1247 1247 1247 1247 1248 1248 1249 1249 1247 1247 1249 1249 1245 1245 1248 1248 1242 1242 1250 1250 1248 1248 1250 1250 1249 1249 1249 1249 1250 1250 1251 1251 1249 1249 1251 1251 1245 1245 1250 1250 1242 1242 1252 1252 1250 1250 1252 1252 1251 1251 1251 1251 1252 1252 1253 1253 1251 1251 1253 1253 1245 1245 1252 1252 1242 1242 1254 1254 1252 1252 1254 1254 1253 1253 1253 1253 1254 1254 1255 1255 1253 1253 1255 1255 1245 1245 1254 1254 1242 1242 1256 1256 1254 1254 1256 1256 1255 1255 1255 1255 1256 1256 1257 1257 1255 1255 1257 1257 1245 1245 1256 1256 1242 1242 1258 1258 1256 1256 1258 1258 1257 1257 1257 1257 1258 1258 1259 1259 1257 1257 1259 1259 1245 1245 1258 1258 1242 1242 1260 1260 1258 1258 1260 1260 1259 1259 1259 1259 1260 1260 1261 1261 1259 1259 1261 1261 1245 1245 1260 1260 1242 1242 1262 1262 1260 1260 1262 1262 1261 1261 1261 1261 1262 1262 1263 1263 1261 1261 1263 1263 1245 1245 1262 1262 1242 1242 1243 1243 1262 1262 1243 1243 1263 1263 1263 1263 1243 1243 1244 1244 1263 1263 1244 1244 1245 1245 1265 1265 1264 1264 1268 1268 1265 1265 1268 1268 1266 1266 1266 1266 1268 1268 1269 1269 1266 1266 1269 1269 1267 1267 1268 1268 1264 1264 1270 1270 1268 1268 1270 1270 1269 1269 1269 1269 1270 1270 1271 1271 1269 1269 1271 1271 1267 1267 1270 1270 1264 1264 1272 1272 1270 1270 1272 1272 1271 1271 1271 1271 1272 1272 1273 1273 1271 1271 1273 1273 1267 1267 1272 1272 1264 1264 1274 1274 1272 1272 1274 1274 1273 1273 1273 1273 1274 1274 1275 1275 1273 1273 1275 1275 1267 1267 1274 1274 1264 1264 1276 1276 1274 1274 1276 1276 1275 1275 1275 1275 1276 1276 1277 1277 1275 1275 1277 1277 1267 1267 1276 1276 1264 1264 1278 1278 1276 1276 1278 1278 1277 1277 1277 1277 1278 1278 1279 1279 1277 1277 1279 1279 1267 1267 1278 1278 1264 1264 1280 1280 1278 1278 1280 1280 1279 1279 1279 1279 1280 1280 1281 1281 1279 1279 1281 1281 1267 1267 1280 1280 1264 1264 1282 1282 1280 1280 1282 1282 1281 1281 1281 1281 1282 1282 1283 1283 1281 1281 1283 1283 1267 1267 1282 1282 1264 1264 1284 1284 1282 1282 1284 1284 1283 1283 1283 1283 1284 1284 1285 1285 1283 1283 1285 1285 1267 1267 1284 1284 1264 1264 1265 1265 1284 1284 1265 1265 1285 1285 1285 1285 1265 1265 1266 1266 1285 1285 1266 1266 1267 1267 1286 1286 1287 1287 1319 1319 1286 1286 1319 1319 1318 1318 1287 1287 1288 1288 1320 1320 1287 1287 1320 1320 1319 1319 1288 1288 1289 1289 1321 1321 1288 1288 1321 1321 1320 1320 1289 1289 1290 1290 1322 1322 1289 1289 1322 1322 1321 1321 1290 1290 1291 1291 1323 1323 1290 1290 1323 1323 1322 1322 1291 1291 1292 1292 1324 1324 1291 1291 1324 1324 1323 1323 1292 1292 1293 1293 1325 1325 1292 1292 1325 1325 1324 1324 1293 1293 1294 1294 1326 1326 1293 1293 1326 1326 1325 1325 1294 1294 1295 1295 1327 1327 1294 1294 1327 1327 1326 1326 1295 1295 1296 1296 1328 1328 1295 1295 1328 1328 1327 1327 1296 1296 1297 1297 1329 1329 1296 1296 1329 1329 1328 1328 1297 1297 1298 1298 1330 1330 1297 1297 1330 1330 1329 1329 1298 1298 1299 1299 1331 1331 1298 1298 1331 1331 1330 1330 1299 1299 1300 1300 1332 1332 1299 1299 1332 1332 1331 1331 1300 1300 1301 1301 1333 1333 1300 1300 1333 1333 1332 1332 1301 1301 1302 1302 1334 1334 1301 1301 1334 1334 1333 1333 1302 1302 1303 1303 1335 1335 1302 1302 1335 1335 1334 1334 1303 1303 1304 1304 1336 1336 1303 1303 1336 1336 1335 1335 1304 1304 1305 1305 1337 1337 1304 1304 1337 1337 1336 1336 1305 1305 1306 1306 1338 1338 1305 1305 1338 1338 1337 1337 1306 1306 1307 1307 1339 1339 1306 1306 1339 1339 1338 1338 1307 1307 1308 1308 1340 1340 1307 1307 1340 1340 1339 1339 1308 1308 1309 1309 1341 1341 1308 1308 1341 1341 1340 1340 1309 1309 1310 1310 1342 1342 1309 1309 1342 1342 1341 1341 1310 1310 1311 1311 1343 1343 1310 1310 1343 1343 1342 1342 1311 1311 1312 1312 1344 1344 1311 1311 1344 1344 1343 1343 1312 1312 1313 1313 1345 1345 1312 1312 1345 1345 1344 1344 1313 1313 1314 1314 1346 1346 1313 1313 1346 1346 1345 1345 1314 1314 1315 1315 1347 1347 1314 1314 1347 1347 1346 1346 1315 1315 1316 1316 1348 1348 1315 1315 1348 1348 1347 1347 1316 1316 1317 1317 1349 1349 1316 1316 1349 1349 1348 1348 1317 1317 1286 1286 1318 1318 1317 1317 1318 1318 1349 1349 1286 1286 1287 1287 1316 1316 1286 1286 1316 1316 1317 1317 1318 1318 1348 1348 1319 1319 1318 1318 1349 1349 1348 1348 1287 1287 1288 1288 1315 1315 1287 1287 1315 1315 1316 1316 1319 1319 1347 1347 1320 1320 1319 1319 1348 1348 1347 1347 1288 1288 1289 1289 1314 1314 1288 1288 1314 1314 1315 1315 1320 1320 1346 1346 1321 1321 1320 1320 1347 1347 1346 1346 1289 1289 1290 1290 1313 1313 1289 1289 1313 1313 1314 1314 1321 1321 1345 1345 1322 1322 1321 1321 1346 1346 1345 1345 1290 1290 1291 1291 1312 1312 1290 1290 1312 1312 1313 1313 1322 1322 1344 1344 1323 1323 1322 1322 1345 1345 1344 1344 1291 1291 1292 1292 1311 1311 1291 1291 1311 1311 1312 1312 1323 1323 1343 1343 1324 1324 1323 1323 1344 1344 1343 1343 1292 1292 1293 1293 1310 1310 1292 1292 1310 1310 1311 1311 1324 1324 1342 1342 1325 1325 1324 1324 1343 1343 1342 1342 1293 1293 1294 1294 1309 1309 1293 1293 1309 1309 1310 1310 1325 1325 1341 1341 1326 1326 1325 1325 1342 1342 1341 1341 1294 1294 1295 1295 1308 1308 1294 1294 1308 1308 1309 1309 1326 1326 1340 1340 1327 1327 1326 1326 1341 1341 1340 1340 1295 1295 1296 1296 1307 1307 1295 1295 1307 1307 1308 1308 1327 1327 1339 1339 1328 1328 1327 1327 1340 1340 1339 1339 1296 1296 1297 1297 1306 1306 1296 1296 1306 1306 1307 1307 1328 1328 1338 1338 1329 1329 1328 1328 1339 1339 1338 1338 1297 1297 1298 1298 1305 1305 1297 1297 1305 1305 1306 1306 1329 1329 1337 1337 1330 1330 1329 1329 1338 1338 1337 1337 1298 1298 1299 1299 1304 1304 1298 1298 1304 1304 1305 1305 1330 1330 1336 1336 1331 1331 1330 1330 1337 1337 1336 1336 1299 1299 1300 1300 1303 1303 1299 1299 1303 1303 1304 1304 1331 1331 1335 1335 1332 1332 1331 1331 1336 1336 1335 1335 1300 1300 1301 1301 1302 1302 1300 1300 1302 1302 1303 1303 1332 1332 1334 1334 1333 1333 1332 1332 1335 1335 1334 1334 1351 1351 1350 1350 1354 1354 1351 1351 1354 1354 1352 1352 1352 1352 1354 1354 1355 1355 1352 1352 1355 1355 1353 1353 1354 1354 1350 1350 1356 1356 1354 1354 1356 1356 1355 1355 1355 1355 1356 1356 1357 1357 1355 1355 1357 1357 1353 1353 1356 1356 1350 1350 1358 1358 1356 1356 1358 1358 1357 1357 1357 1357 1358 1358 1359 1359 1357 1357 1359 1359 1353 1353 1358 1358 1350 1350 1360 1360 1358 1358 1360 1360 1359 1359 1359 1359 1360 1360 1361 1361 1359 1359 1361 1361 1353 1353 1360 1360 1350 1350 1362 1362 1360 1360 1362 1362 1361 1361 1361 1361 1362 1362 1363 1363 1361 1361 1363 1363 1353 1353 1362 1362 1350 1350 1364 1364 1362 1362 1364 1364 1363 1363 1363 1363 1364 1364 1365 1365 1363 1363 1365 1365 1353 1353 1364 1364 1350 1350 1366 1366 1364 1364 1366 1366 1365 1365 1365 1365 1366 1366 1367 1367 1365 1365 1367 1367 1353 1353 1366 1366 1350 1350 1368 1368 1366 1366 1368 1368 1367 1367 1367 1367 1368 1368 1369 1369 1367 1367 1369 1369 1353 1353 1368 1368 1350 1350 1370 1370 1368 1368 1370 1370 1369 1369 1369 1369 1370 1370 1371 1371 1369 1369 1371 1371 1353 1353 1370 1370 1350 1350 1351 1351 1370 1370 1351 1351 1371 1371 1371 1371 1351 1351 1352 1352 1371 1371 1352 1352 1353 1353 1373 1373 1372 1372 1376 1376 1373 1373 1376 1376 1374 1374 1374 1374 1376 1376 1377 1377 1374 1374 1377 1377 1375 1375 1376 1376 1372 1372 1378 1378 1376 1376 1378 1378 1377 1377 1377 1377 1378 1378 1379 1379 1377 1377 1379 1379 1375 1375 1378 1378 1372 1372 1380 1380 1378 1378 1380 1380 1379 1379 1379 1379 1380 1380 1381 1381 1379 1379 1381 1381 1375 1375 1380 1380 1372 1372 1382 1382 1380 1380 1382 1382 1381 1381 1381 1381 1382 1382 1383 1383 1381 1381 1383 1383 1375 1375 1382 1382 1372 1372 1384 1384 1382 1382 1384 1384 1383 1383 1383 1383 1384 1384 1385 1385 1383 1383 1385 1385 1375 1375 1384 1384 1372 1372 1386 1386 1384 1384 1386 1386 1385 1385 1385 1385 1386 1386 1387 1387 1385 1385 1387 1387 1375 1375 1386 1386 1372 1372 1388 1388 1386 1386 1388 1388 1387 1387 1387 1387 1388 1388 1389 1389 1387 1387 1389 1389 1375 1375 1388 1388 1372 1372 1390 1390 1388 1388 1390 1390 1389 1389 1389 1389 1390 1390 1391 1391 1389 1389 1391 1391 1375 1375 1390 1390 1372 1372 1392 1392 1390 1390 1392 1392 1391 1391 1391 1391 1392 1392 1393 1393 1391 1391 1393 1393 1375 1375 1392 1392 1372 1372 1373 1373 1392 1392 1373 1373 1393 1393 1393 1393 1373 1373 1374 1374 1393 1393 1374 1374 1375 1375 1394 1394 1395 1395 1427 1427 1394 1394 1427 1427 1426 1426 1395 1395 1396 1396 1428 1428 1395 1395 1428 1428 1427 1427 1396 1396 1397 1397 1429 1429 1396 1396 1429 1429 1428 1428 1397 1397 1398 1398 1430 1430 1397 1397 1430 1430 1429 1429 1398 1398 1399 1399 1431 1431 1398 1398 1431 1431 1430 1430 1399 1399 1400 1400 1432 1432 1399 1399 1432 1432 1431 1431 1400 1400 1401 1401 1433 1433 1400 1400 1433 1433 1432 1432 1401 1401 1402 1402 1434 1434 1401 1401 1434 1434 1433 1433 1402 1402 1403 1403 1435 1435 1402 1402 1435 1435 1434 1434 1403 1403 1404 1404 1436 1436 1403 1403 1436 1436 1435 1435 1404 1404 1405 1405 1437 1437 1404 1404 1437 1437 1436 1436 1405 1405 1406 1406 1438 1438 1405 1405 1438 1438 1437 1437 1406 1406 1407 1407 1439 1439 1406 1406 1439 1439 1438 1438 1407 1407 1408 1408 1440 1440 1407 1407 1440 1440 1439 1439 1408 1408 1409 1409 1441 1441 1408 1408 1441 1441 1440 1440 1409 1409 1410 1410 1442 1442 1409 1409 1442 1442 1441 1441 1410 1410 1411 1411 1443 1443 1410 1410 1443 1443 1442 1442 1411 1411 1412 1412 1444 1444 1411 1411 1444 1444 1443 1443 1412 1412 1413 1413 1445 1445 1412 1412 1445 1445 1444 1444 1413 1413 1414 1414 1446 1446 1413 1413 1446 1446 1445 1445 1414 1414 1415 1415 1447 1447 1414 1414 1447 1447 1446 1446 1415 1415 1416 1416 1448 1448 1415 1415 1448 1448 1447 1447 1416 1416 1417 1417 1449 1449 1416 1416 1449 1449 1448 1448 1417 1417 1418 1418 1450 1450 1417 1417 1450 1450 1449 1449 1418 1418 1419 1419 1451 1451 1418 1418 1451 1451 1450 1450 1419 1419 1420 1420 1452 1452 1419 1419 1452 1452 1451 1451 1420 1420 1421 1421 1453 1453 1420 1420 1453 1453 1452 1452 1421 1421 1422 1422 1454 1454 1421 1421 1454 1454 1453 1453 1422 1422 1423 1423 1455 1455 1422 1422 1455 1455 1454 1454 1423 1423 1424 1424 1456 1456 1423 1423 1456 1456 1455 1455 1424 1424 1425 1425 1457 1457 1424 1424 1457 1457 1456 1456 1425 1425 1394 1394 1426 1426 1425 1425 1426 1426 1457 1457 1394 1394 1395 1395 1424 1424 1394 1394 1424 1424 1425 1425 1426 1426 1456 1456 1427 1427 1426 1426 1457 1457 1456 1456 1395 1395 1396 1396 1423 1423 1395 1395 1423 1423 1424 1424 1427 1427 1455 1455 1428 1428 1427 1427 1456 1456 1455 1455 1396 1396 1397 1397 1422 1422 1396 1396 1422 1422 1423 1423 1428 1428 1454 1454 1429 1429 1428 1428 1455 1455 1454 1454 1397 1397 1398 1398 1421 1421 1397 1397 1421 1421 1422 1422 1429 1429 1453 1453 1430 1430 1429 1429 1454 1454 1453 1453 1398 1398 1399 1399 1420 1420 1398 1398 1420 1420 1421 1421 1430 1430 1452 1452 1431 1431 1430 1430 1453 1453 1452 1452 1399 1399 1400 1400 1419 1419 1399 1399 1419 1419 1420 1420 1431 1431 1451 1451 1432 1432 1431 1431 1452 1452 1451 1451 1400 1400 1401 1401 1418 1418 1400 1400 1418 1418 1419 1419 1432 1432 1450 1450 1433 1433 1432 1432 1451 1451 1450 1450 1401 1401 1402 1402 1417 1417 1401 1401 1417 1417 1418 1418 1433 1433 1449 1449 1434 1434 1433 1433 1450 1450 1449 1449 1402 1402 1403 1403 1416 1416 1402 1402 1416 1416 1417 1417 1434 1434 1448 1448 1435 1435 1434 1434 1449 1449 1448 1448 1403 1403 1404 1404 1415 1415 1403 1403 1415 1415 1416 1416 1435 1435 1447 1447 1436 1436 1435 1435 1448 1448 1447 1447 1404 1404 1405 1405 1414 1414 1404 1404 1414 1414 1415 1415 1436 1436 1446 1446 1437 1437 1436 1436 1447 1447 1446 1446 1405 1405 1406 1406 1413 1413 1405 1405 1413 1413 1414 1414 1437 1437 1445 1445 1438 1438 1437 1437 1446 1446 1445 1445 1406 1406 1407 1407 1412 1412 1406 1406 1412 1412 1413 1413 1438 1438 1444 1444 1439 1439 1438 1438 1445 1445 1444 1444 1407 1407 1408 1408 1411 1411 1407 1407 1411 1411 1412 1412 1439 1439 1443 1443 1440 1440 1439 1439 1444 1444 1443 1443 1408 1408 1409 1409 1410 1410 1408 1408 1410 1410 1411 1411 1440 1440 1442 1442 1441 1441 1440 1440 1443 1443 1442 1442 1459 1459 1458 1458 1462 1462 1459 1459 1462 1462 1460 1460 1460 1460 1462 1462 1463 1463 1460 1460 1463 1463 1461 1461 1462 1462 1458 1458 1464 1464 1462 1462 1464 1464 1463 1463 1463 1463 1464 1464 1465 1465 1463 1463 1465 1465 1461 1461 1464 1464 1458 1458 1466 1466 1464 1464 1466 1466 1465 1465 1465 1465 1466 1466 1467 1467 1465 1465 1467 1467 1461 1461 1466 1466 1458 1458 1468 1468 1466 1466 1468 1468 1467 1467 1467 1467 1468 1468 1469 1469 1467 1467 1469 1469 1461 1461 1468 1468 1458 1458 1470 1470 1468 1468 1470 1470 1469 1469 1469 1469 1470 1470 1471 1471 1469 1469 1471 1471 1461 1461 1470 1470 1458 1458 1472 1472 1470 1470 1472 1472 1471 1471 1471 1471 1472 1472 1473 1473 1471 1471 1473 1473 1461 1461 1472 1472 1458 1458 1474 1474 1472 1472 1474 1474 1473 1473 1473 1473 1474 1474 1475 1475 1473 1473 1475 1475 1461 1461 1474 1474 1458 1458 1476 1476 1474 1474 1476 1476 1475 1475 1475 1475 1476 1476 1477 1477 1475 1475 1477 1477 1461 1461 1476 1476 1458 1458 1478 1478 1476 1476 1478 1478 1477 1477 1477 1477 1478 1478 1479 1479 1477 1477 1479 1479 1461 1461 1478 1478 1458 1458 1459 1459 1478 1478 1459 1459 1479 1479 1479 1479 1459 1459 1460 1460 1479 1479 1460 1460 1461 1461 1481 1481 1480 1480 1484 1484 1481 1481 1484 1484 1482 1482 1482 1482 1484 1484 1485 1485 1482 1482 1485 1485 1483 1483 1484 1484 1480 1480 1486 1486 1484 1484 1486 1486 1485 1485 1485 1485 1486 1486 1487 1487 1485 1485 1487 1487 1483 1483 1486 1486 1480 1480 1488 1488 1486 1486 1488 1488 1487 1487 1487 1487 1488 1488 1489 1489 1487 1487 1489 1489 1483 1483 1488 1488 1480 1480 1490 1490 1488 1488 1490 1490 1489 1489 1489 1489 1490 1490 1491 1491 1489 1489 1491 1491 1483 1483 1490 1490 1480 1480 1492 1492 1490 1490 1492 1492 1491 1491 1491 1491 1492 1492 1493 1493 1491 1491 1493 1493 1483 1483 1492 1492 1480 1480 1494 1494 1492 1492 1494 1494 1493 1493 1493 1493 1494 1494 1495 1495 1493 1493 1495 1495 1483 1483 1494 1494 1480 1480 1496 1496 1494 1494 1496 1496 1495 1495 1495 1495 1496 1496 1497 1497 1495 1495 1497 1497 1483 1483 1496 1496 1480 1480 1498 1498 1496 1496 1498 1498 1497 1497 1497 1497 1498 1498 1499 1499 1497 1497 1499 1499 1483 1483 1498 1498 1480 1480 1500 1500 1498 1498 1500 1500 1499 1499 1499 1499 1500 1500 1501 1501 1499 1499 1501 1501 1483 1483 1500 1500 1480 1480 1481 1481 1500 1500 1481 1481 1501 1501 1501 1501 1481 1481 1482 1482 1501 1501 1482 1482 1483 1483 1502 1502 1503 1503 1535 1535 1502 1502 1535 1535 1534 1534 1503 1503 1504 1504 1536 1536 1503 1503 1536 1536 1535 1535 1504 1504 1505 1505 1537 1537 1504 1504 1537 1537 1536 1536 1505 1505 1506 1506 1538 1538 1505 1505 1538 1538 1537 1537 1506 1506 1507 1507 1539 1539 1506 1506 1539 1539 1538 1538 1507 1507 1508 1508 1540 1540 1507 1507 1540 1540 1539 1539 1508 1508 1509 1509 1541 1541 1508 1508 1541 1541 1540 1540 1509 1509 1510 1510 1542 1542 1509 1509 1542 1542 1541 1541 1510 1510 1511 1511 1543 1543 1510 1510 1543 1543 1542 1542 1511 1511 1512 1512 1544 1544 1511 1511 1544 1544 1543 1543 1512 1512 1513 1513 1545 1545 1512 1512 1545 1545 1544 1544 1513 1513 1514 1514 1546 1546 1513 1513 1546 1546 1545 1545 1514 1514 1515 1515 1547 1547 1514 1514 1547 1547 1546 1546 1515 1515 1516 1516 1548 1548 1515 1515 1548 1548 1547 1547 1516 1516 1517 1517 1549 1549 1516 1516 1549 1549 1548 1548 1517 1517 1518 1518 1550 1550 1517 1517 1550 1550 1549 1549 1518 1518 1519 1519 1551 1551 1518 1518 1551 1551 1550 1550 1519 1519 1520 1520 1552 1552 1519 1519 1552 1552 1551 1551 1520 1520 1521 1521 1553 1553 1520 1520 1553 1553 1552 1552 1521 1521 1522 1522 1554 1554 1521 1521 1554 1554 1553 1553 1522 1522 1523 1523 1555 1555 1522 1522 1555 1555 1554 1554 1523 1523 1524 1524 1556 1556 1523 1523 1556 1556 1555 1555 1524 1524 1525 1525 1557 1557 1524 1524 1557 1557 1556 1556 1525 1525 1526 1526 1558 1558 1525 1525 1558 1558 1557 1557 1526 1526 1527 1527 1559 1559 1526 1526 1559 1559 1558 1558 1527 1527 1528 1528 1560 1560 1527 1527 1560 1560 1559 1559 1528 1528 1529 1529 1561 1561 1528 1528 1561 1561 1560 1560 1529 1529 1530 1530 1562 1562 1529 1529 1562 1562 1561 1561 1530 1530 1531 1531 1563 1563 1530 1530 1563 1563 1562 1562 1531 1531 1532 1532 1564 1564 1531 1531 1564 1564 1563 1563 1532 1532 1533 1533 1565 1565 1532 1532 1565 1565 1564 1564 1533 1533 1502 1502 1534 1534 1533 1533 1534 1534 1565 1565 1502 1502 1503 1503 1532 1532 1502 1502 1532 1532 1533 1533 1534 1534 1564 1564 1535 1535 1534 1534 1565 1565 1564 1564 1503 1503 1504 1504 1531 1531 1503 1503 1531 1531 1532 1532 1535 1535 1563 1563 1536 1536 1535 1535 1564 1564 1563 1563 1504 1504 1505 1505 1530 1530 1504 1504 1530 1530 1531 1531 1536 1536 1562 1562 1537 1537 1536 1536 1563 1563 1562 1562 1505 1505 1506 1506 1529 1529 1505 1505 1529 1529 1530 1530 1537 1537 1561 1561 1538 1538 1537 1537 1562 1562 1561 1561 1506 1506 1507 1507 1528 1528 1506 1506 1528 1528 1529 1529 1538 1538 1560 1560 1539 1539 1538 1538 1561 1561 1560 1560 1507 1507 1508 1508 1527 1527 1507 1507 1527 1527 1528 1528 1539 1539 1559 1559 1540 1540 1539 1539 1560 1560 1559 1559 1508 1508 1509 1509 1526 1526 1508 1508 1526 1526 1527 1527 1540 1540 1558 1558 1541 1541 1540 1540 1559 1559 1558 1558 1509 1509 1510 1510 1525 1525 1509 1509 1525 1525 1526 1526 1541 1541 1557 1557 1542 1542 1541 1541 1558 1558 1557 1557 1510 1510 1511 1511 1524 1524 1510 1510 1524 1524 1525 1525 1542 1542 1556 1556 1543 1543 1542 1542 1557 1557 1556 1556 1511 1511 1512 1512 1523 1523 1511 1511 1523 1523 1524 1524 1543 1543 1555 1555 1544 1544 1543 1543 1556 1556 1555 1555 1512 1512 1513 1513 1522 1522 1512 1512 1522 1522 1523 1523 1544 1544 1554 1554 1545 1545 1544 1544 1555 1555 1554 1554 1513 1513 1514 1514 1521 1521 1513 1513 1521 1521 1522 1522 1545 1545 1553 1553 1546 1546 1545 1545 1554 1554 1553 1553 1514 1514 1515 1515 1520 1520 1514 1514 1520 1520 1521 1521 1546 1546 1552 1552 1547 1547 1546 1546 1553 1553 1552 1552 1515 1515 1516 1516 1519 1519 1515 1515 1519 1519 1520 1520 1547 1547 1551 1551 1548 1548 1547 1547 1552 1552 1551 1551 1516 1516 1517 1517 1518 1518 1516 1516 1518 1518 1519 1519 1548 1548 1550 1550 1549 1549 1548 1548 1551 1551 1550 1550 1567 1567 1566 1566 1570 1570 1567 1567 1570 1570 1568 1568 1568 1568 1570 1570 1571 1571 1568 1568 1571 1571 1569 1569 1570 1570 1566 1566 1572 1572 1570 1570 1572 1572 1571 1571 1571 1571 1572 1572 1573 1573 1571 1571 1573 1573 1569 1569 1572 1572 1566 1566 1574 1574 1572 1572 1574 1574 1573 1573 1573 1573 1574 1574 1575 1575 1573 1573 1575 1575 1569 1569 1574 1574 1566 1566 1576 1576 1574 1574 1576 1576 1575 1575 1575 1575 1576 1576 1577 1577 1575 1575 1577 1577 1569 1569 1576 1576 1566 1566 1578 1578 1576 1576 1578 1578 1577 1577 1577 1577 1578 1578 1579 1579 1577 1577 1579 1579 1569 1569 1578 1578 1566 1566 1580 1580 1578 1578 1580 1580 1579 1579 1579 1579 1580 1580 1581 1581 1579 1579 1581 1581 1569 1569 1580 1580 1566 1566 1582 1582 1580 1580 1582 1582 1581 1581 1581 1581 1582 1582 1583 1583 1581 1581 1583 1583 1569 1569 1582 1582 1566 1566 1584 1584 1582 1582 1584 1584 1583 1583 1583 1583 1584 1584 1585 1585 1583 1583 1585 1585 1569 1569 1584 1584 1566 1566 1586 1586 1584 1584 1586 1586 1585 1585 1585 1585 1586 1586 1587 1587 1585 1585 1587 1587 1569 1569 1586 1586 1566 1566 1567 1567 1586 1586 1567 1567 1587 1587 1587 1587 1567 1567 1568 1568 1587 1587 1568 1568 1569 1569 1589 1589 1588 1588 1592 1592 1589 1589 1592 1592 1590 1590 1590 1590 1592 1592 1593 1593 1590 1590 1593 1593 1591 1591 1592 1592 1588 1588 1594 1594 1592 1592 1594 1594 1593 1593 1593 1593 1594 1594 1595 1595 1593 1593 1595 1595 1591 1591 1594 1594 1588 1588 1596 1596 1594 1594 1596 1596 1595 1595 1595 1595 1596 1596 1597 1597 1595 1595 1597 1597 1591 1591 1596 1596 1588 1588 1598 1598 1596 1596 1598 1598 1597 1597 1597 1597 1598 1598 1599 1599 1597 1597 1599 1599 1591 1591 1598 1598 1588 1588 1600 1600 1598 1598 1600 1600 1599 1599 1599 1599 1600 1600 1601 1601 1599 1599 1601 1601 1591 1591 1600 1600 1588 1588 1602 1602 1600 1600 1602 1602 1601 1601 1601 1601 1602 1602 1603 1603 1601 1601 1603 1603 1591 1591 1602 1602 1588 1588 1604 1604 1602 1602 1604 1604 1603 1603 1603 1603 1604 1604 1605 1605 1603 1603 1605 1605 1591 1591 1604 1604 1588 1588 1606 1606 1604 1604 1606 1606 1605 1605 1605 1605 1606 1606 1607 1607 1605 1605 1607 1607 1591 1591 1606 1606 1588 1588 1608 1608 1606 1606 1608 1608 1607 1607 1607 1607 1608 1608 1609 1609 1607 1607 1609 1609 1591 1591 1608 1608 1588 1588 1589 1589 1608 1608 1589 1589 1609 1609 1609 1609 1589 1589 1590 1590 1609 1609 1590 1590 1591 1591 1610 1610 1611 1611 1643 1643 1610 1610 1643 1643 1642 1642 1611 1611 1612 1612 1644 1644 1611 1611 1644 1644 1643 1643 1612 1612 1613 1613 1645 1645 1612 1612 1645 1645 1644 1644 1613 1613 1614 1614 1646 1646 1613 1613 1646 1646 1645 1645 1614 1614 1615 1615 1647 1647 1614 1614 1647 1647 1646 1646 1615 1615 1616 1616 1648 1648 1615 1615 1648 1648 1647 1647 1616 1616 1617 1617 1649 1649 1616 1616 1649 1649 1648 1648 1617 1617 1618 1618 1650 1650 1617 1617 1650 1650 1649 1649 1618 1618 1619 1619 1651 1651 1618 1618 1651 1651 1650 1650 1619 1619 1620 1620 1652 1652 1619 1619 1652 1652 1651 1651 1620 1620 1621 1621 1653 1653 1620 1620 1653 1653 1652 1652 1621 1621 1622 1622 1654 1654 1621 1621 1654 1654 1653 1653 1622 1622 1623 1623 1655 1655 1622 1622 1655 1655 1654 1654 1623 1623 1624 1624 1656 1656 1623 1623 1656 1656 1655 1655 1624 1624 1625 1625 1657 1657 1624 1624 1657 1657 1656 1656 1625 1625 1626 1626 1658 1658 1625 1625 1658 1658 1657 1657 1626 1626 1627 1627 1659 1659 1626 1626 1659 1659 1658 1658 1627 1627 1628 1628 1660 1660 1627 1627 1660 1660 1659 1659 1628 1628 1629 1629 1661 1661 1628 1628 1661 1661 1660 1660 1629 1629 1630 1630 1662 1662 1629 1629 1662 1662 1661 1661 1630 1630 1631 1631 1663 1663 1630 1630 1663 1663 1662 1662 1631 1631 1632 1632 1664 1664 1631 1631 1664 1664 1663 1663 1632 1632 1633 1633 1665 1665 1632 1632 1665 1665 1664 1664 1633 1633 1634 1634 1666 1666 1633 1633 1666 1666 1665 1665 1634 1634 1635 1635 1667 1667 1634 1634 1667 1667 1666 1666 1635 1635 1636 1636 1668 1668 1635 1635 1668 1668 1667 1667 1636 1636 1637 1637 1669 1669 1636 1636 1669 1669 1668 1668 1637 1637 1638 1638 1670 1670 1637 1637 1670 1670 1669 1669 1638 1638 1639 1639 1671 1671 1638 1638 1671 1671 1670 1670 1639 1639 1640 1640 1672 1672 1639 1639 1672 1672 1671 1671 1640 1640 1641 1641 1673 1673 1640 1640 1673 1673 1672 1672 1641 1641 1610 1610 1642 1642 1641 1641 1642 1642 1673 1673 1610 1610 1611 1611 1640 1640 1610 1610 1640 1640 1641 1641 1642 1642 1672 1672 1643 1643 1642 1642 1673 1673 1672 1672 1611 1611 1612 1612 1639 1639 1611 1611 1639 1639 1640 1640 1643 1643 1671 1671 1644 1644 1643 1643 1672 1672 1671 1671 1612 1612 1613 1613 1638 1638 1612 1612 1638 1638 1639 1639 1644 1644 1670 1670 1645 1645 1644 1644 1671 1671 1670 1670 1613 1613 1614 1614 1637 1637 1613 1613 1637 1637 1638 1638 1645 1645 1669 1669 1646 1646 1645 1645 1670 1670 1669 1669 1614 1614 1615 1615 1636 1636 1614 1614 1636 1636 1637 1637 1646 1646 1668 1668 1647 1647 1646 1646 1669 1669 1668 1668 1615 1615 1616 1616 1635 1635 1615 1615 1635 1635 1636 1636 1647 1647 1667 1667 1648 1648 1647 1647 1668 1668 1667 1667 1616 1616 1617 1617 1634 1634 1616 1616 1634 1634 1635 1635 1648 1648 1666 1666 1649 1649 1648 1648 1667 1667 1666 1666 1617 1617 1618 1618 1633 1633 1617 1617 1633 1633 1634 1634 1649 1649 1665 1665 1650 1650 1649 1649 1666 1666 1665 1665 1618 1618 1619 1619 1632 1632 1618 1618 1632 1632 1633 1633 1650 1650 1664 1664 1651 1651 1650 1650 1665 1665 1664 1664 1619 1619 1620 1620 1631 1631 1619 1619 1631 1631 1632 1632 1651 1651 1663 1663 1652 1652 1651 1651 1664 1664 1663 1663 1620 1620 1621 1621 1630 1630 1620 1620 1630 1630 1631 1631 1652 1652 1662 1662 1653 1653 1652 1652 1663 1663 1662 1662 1621 1621 1622 1622 1629 1629 1621 1621 1629 1629 1630 1630 1653 1653 1661 1661 1654 1654 1653 1653 1662 1662 1661 1661 1622 1622 1623 1623 1628 1628 1622 1622 1628 1628 1629 1629 1654 1654 1660 1660 1655 1655 1654 1654 1661 1661 1660 1660 1623 1623 1624 1624 1627 1627 1623 1623 1627 1627 1628 1628 1655 1655 1659 1659 1656 1656 1655 1655 1660 1660 1659 1659 1624 1624 1625 1625 1626 1626 1624 1624 1626 1626 1627 1627 1656 1656 1658 1658 1657 1657 1656 1656 1659 1659 1658 1658 1675 1675 1674 1674 1678 1678 1675 1675 1678 1678 1676 1676 1676 1676 1678 1678 1679 1679 1676 1676 1679 1679 1677 1677 1678 1678 1674 1674 1680 1680 1678 1678 1680 1680 1679 1679 1679 1679 1680 1680 1681 1681 1679 1679 1681 1681 1677 1677 1680 1680 1674 1674 1682 1682 1680 1680 1682 1682 1681 1681 1681 1681 1682 1682 1683 1683 1681 1681 1683 1683 1677 1677 1682 1682 1674 1674 1684 1684 1682 1682 1684 1684 1683 1683 1683 1683 1684 1684 1685 1685 1683 1683 1685 1685 1677 1677 1684 1684 1674 1674 1686 1686 1684 1684 1686 1686 1685 1685 1685 1685 1686 1686 1687 1687 1685 1685 1687 1687 1677 1677 1686 1686 1674 1674 1688 1688 1686 1686 1688 1688 1687 1687 1687 1687 1688 1688 1689 1689 1687 1687 1689 1689 1677 1677 1688 1688 1674 1674 1690 1690 1688 1688 1690 1690 1689 1689 1689 1689 1690 1690 1691 1691 1689 1689 1691 1691 1677 1677 1690 1690 1674 1674 1692 1692 1690 1690 1692 1692 1691 1691 1691 1691 1692 1692 1693 1693 1691 1691 1693 1693 1677 1677 1692 1692 1674 1674 1694 1694 1692 1692 1694 1694 1693 1693 1693 1693 1694 1694 1695 1695 1693 1693 1695 1695 1677 1677 1694 1694 1674 1674 1675 1675 1694 1694 1675 1675 1695 1695 1695 1695 1675 1675 1676 1676 1695 1695 1676 1676 1677 1677 1697 1697 1696 1696 1700 1700 1697 1697 1700 1700 1698 1698 1698 1698 1700 1700 1701 1701 1698 1698 1701 1701 1699 1699 1700 1700 1696 1696 1702 1702 1700 1700 1702 1702 1701 1701 1701 1701 1702 1702 1703 1703 1701 1701 1703 1703 1699 1699 1702 1702 1696 1696 1704 1704 1702 1702 1704 1704 1703 1703 1703 1703 1704 1704 1705 1705 1703 1703 1705 1705 1699 1699 1704 1704 1696 1696 1706 1706 1704 1704 1706 1706 1705 1705 1705 1705 1706 1706 1707 1707 1705 1705 1707 1707 1699 1699 1706 1706 1696 1696 1708 1708 1706 1706 1708 1708 1707 1707 1707 1707 1708 1708 1709 1709 1707 1707 1709 1709 1699 1699 1708 1708 1696 1696 1710 1710 1708 1708 1710 1710 1709 1709 1709 1709 1710 1710 1711 1711 1709 1709 1711 1711 1699 1699 1710 1710 1696 1696 1712 1712 1710 1710 1712 1712 1711 1711 1711 1711 1712 1712 1713 1713 1711 1711 1713 1713 1699 1699 1712 1712 1696 1696 1714 1714 1712 1712 1714 1714 1713 1713 1713 1713 1714 1714 1715 1715 1713 1713 1715 1715 1699 1699 1714 1714 1696 1696 1716 1716 1714 1714 1716 1716 1715 1715 1715 1715 1716 1716 1717 1717 1715 1715 1717 1717 1699 1699 1716 1716 1696 1696 1697 1697 1716 1716 1697 1697 1717 1717 1717 1717 1697 1697 1698 1698 1717 1717 1698 1698 1699 1699 1718 1718 1719 1719 1751 1751 1718 1718 1751 1751 1750 1750 1719 1719 1720 1720 1752 1752 1719 1719 1752 1752 1751 1751 1720 1720 1721 1721 1753 1753 1720 1720 1753 1753 1752 1752 1721 1721 1722 1722 1754 1754 1721 1721 1754 1754 1753 1753 1722 1722 1723 1723 1755 1755 1722 1722 1755 1755 1754 1754 1723 1723 1724 1724 1756 1756 1723 1723 1756 1756 1755 1755 1724 1724 1725 1725 1757 1757 1724 1724 1757 1757 1756 1756 1725 1725 1726 1726 1758 1758 1725 1725 1758 1758 1757 1757 1726 1726 1727 1727 1759 1759 1726 1726 1759 1759 1758 1758 1727 1727 1728 1728 1760 1760 1727 1727 1760 1760 1759 1759 1728 1728 1729 1729 1761 1761 1728 1728 1761 1761 1760 1760 1729 1729 1730 1730 1762 1762 1729 1729 1762 1762 1761 1761 1730 1730 1731 1731 1763 1763 1730 1730 1763 1763 1762 1762 1731 1731 1732 1732 1764 1764 1731 1731 1764 1764 1763 1763 1732 1732 1733 1733 1765 1765 1732 1732 1765 1765 1764 1764 1733 1733 1734 1734 1766 1766 1733 1733 1766 1766 1765 1765 1734 1734 1735 1735 1767 1767 1734 1734 1767 1767 1766 1766 1735 1735 1736 1736 1768 1768 1735 1735 1768 1768 1767 1767 1736 1736 1737 1737 1769 1769 1736 1736 1769 1769 1768 1768 1737 1737 1738 1738 1770 1770 1737 1737 1770 1770 1769 1769 1738 1738 1739 1739 1771 1771 1738 1738 1771 1771 1770 1770 1739 1739 1740 1740 1772 1772 1739 1739 1772 1772 1771 1771 1740 1740 1741 1741 1773 1773 1740 1740 1773 1773 1772 1772 1741 1741 1742 1742 1774 1774 1741 1741 1774 1774 1773 1773 1742 1742 1743 1743 1775 1775 1742 1742 1775 1775 1774 1774 1743 1743 1744 1744 1776 1776 1743 1743 1776 1776 1775 1775 1744 1744 1745 1745 1777 1777 1744 1744 1777 1777 1776 1776 1745 1745 1746 1746 1778 1778 1745 1745 1778 1778 1777 1777 1746 1746 1747 1747 1779 1779 1746 1746 1779 1779 1778 1778 1747 1747 1748 1748 1780 1780 1747 1747 1780 1780 1779 1779 1748 1748 1749 1749 1781 1781 1748 1748 1781 1781 1780 1780 1749 1749 1718 1718 1750 1750 1749 1749 1750 1750 1781 1781 1718 1718 1719 1719 1748 1748 1718 1718 1748 1748 1749 1749 1750 1750 1780 1780 1751 1751 1750 1750 1781 1781 1780 1780 1719 1719 1720 1720 1747 1747 1719 1719 1747 1747 1748 1748 1751 1751 1779 1779 1752 1752 1751 1751 1780 1780 1779 1779 1720 1720 1721 1721 1746 1746 1720 1720 1746 1746 1747 1747 1752 1752 1778 1778 1753 1753 1752 1752 1779 1779 1778 1778 1721 1721 1722 1722 1745 1745 1721 1721 1745 1745 1746 1746 1753 1753 1777 1777 1754 1754 1753 1753 1778 1778 1777 1777 1722 1722 1723 1723 1744 1744 1722 1722 1744 1744 1745 1745 1754 1754 1776 1776 1755 1755 1754 1754 1777 1777 1776 1776 1723 1723 1724 1724 1743 1743 1723 1723 1743 1743 1744 1744 1755 1755 1775 1775 1756 1756 1755 1755 1776 1776 1775 1775 1724 1724 1725 1725 1742 1742 1724 1724 1742 1742 1743 1743 1756 1756 1774 1774 1757 1757 1756 1756 1775 1775 1774 1774 1725 1725 1726 1726 1741 1741 1725 1725 1741 1741 1742 1742 1757 1757 1773 1773 1758 1758 1757 1757 1774 1774 1773 1773 1726 1726 1727 1727 1740 1740 1726 1726 1740 1740 1741 1741 1758 1758 1772 1772 1759 1759 1758 1758 1773 1773 1772 1772 1727 1727 1728 1728 1739 1739 1727 1727 1739 1739 1740 1740 1759 1759 1771 1771 1760 1760 1759 1759 1772 1772 1771 1771 1728 1728 1729 1729 1738 1738 1728 1728 1738 1738 1739 1739 1760 1760 1770 1770 1761 1761 1760 1760 1771 1771 1770 1770 1729 1729 1730 1730 1737 1737 1729 1729 1737 1737 1738 1738 1761 1761 1769 1769 1762 1762 1761 1761 1770 1770 1769 1769 1730 1730 1731 1731 1736 1736 1730 1730 1736 1736 1737 1737 1762 1762 1768 1768 1763 1763 1762 1762 1769 1769 1768 1768 1731 1731 1732 1732 1735 1735 1731 1731 1735 1735 1736 1736 1763 1763 1767 1767 1764 1764 1763 1763 1768 1768 1767 1767 1732 1732 1733 1733 1734 1734 1732 1732 1734 1734 1735 1735 1764 1764 1766 1766 1765 1765 1764 1764 1767 1767 1766 1766 1783 1783 1782 1782 1786 1786 1783 1783 1786 1786 1784 1784 1784 1784 1786 1786 1787 1787 1784 1784 1787 1787 1785 1785 1786 1786 1782 1782 1788 1788 1786 1786 1788 1788 1787 1787 1787 1787 1788 1788 1789 1789 1787 1787 1789 1789 1785 1785 1788 1788 1782 1782 1790 1790 1788 1788 1790 1790 1789 1789 1789 1789 1790 1790 1791 1791 1789 1789 1791 1791 1785 1785 1790 1790 1782 1782 1792 1792 1790 1790 1792 1792 1791 1791 1791 1791 1792 1792 1793 1793 1791 1791 1793 1793 1785 1785 1792 1792 1782 1782 1794 1794 1792 1792 1794 1794 1793 1793 1793 1793 1794 1794 1795 1795 1793 1793 1795 1795 1785 1785 1794 1794 1782 1782 1796 1796 1794 1794 1796 1796 1795 1795 1795 1795 1796 1796 1797 1797 1795 1795 1797 1797 1785 1785 1796 1796 1782 1782 1798 1798 1796 1796 1798 1798 1797 1797 1797 1797 1798 1798 1799 1799 1797 1797 1799 1799 1785 1785 1798 1798 1782 1782 1800 1800 1798 1798 1800 1800 1799 1799 1799 1799 1800 1800 1801 1801 1799 1799 1801 1801 1785 1785 1800 1800 1782 1782 1802 1802 1800 1800 1802 1802 1801 1801 1801 1801 1802 1802 1803 1803 1801 1801 1803 1803 1785 1785 1802 1802 1782 1782 1783 1783 1802 1802 1783 1783 1803 1803 1803 1803 1783 1783 1784 1784 1803 1803 1784 1784 1785 1785 1805 1805 1804 1804 1808 1808 1805 1805 1808 1808 1806 1806 1806 1806 1808 1808 1809 1809 1806 1806 1809 1809 1807 1807 1808 1808 1804 1804 1810 1810 1808 1808 1810 1810 1809 1809 1809 1809 1810 1810 1811 1811 1809 1809 1811 1811 1807 1807 1810 1810 1804 1804 1812 1812 1810 1810 1812 1812 1811 1811 1811 1811 1812 1812 1813 1813 1811 1811 1813 1813 1807 1807 1812 1812 1804 1804 1814 1814 1812 1812 1814 1814 1813 1813 1813 1813 1814 1814 1815 1815 1813 1813 1815 1815 1807 1807 1814 1814 1804 1804 1816 1816 1814 1814 1816 1816 1815 1815 1815 1815 1816 1816 1817 1817 1815 1815 1817 1817 1807 1807 1816 1816 1804 1804 1818 1818 1816 1816 1818 1818 1817 1817 1817 1817 1818 1818 1819 1819 1817 1817 1819 1819 1807 1807 1818 1818 1804 1804 1820 1820 1818 1818 1820 1820 1819 1819 1819 1819 1820 1820 1821 1821 1819 1819 1821 1821 1807 1807 1820 1820 1804 1804 1822 1822 1820 1820 1822 1822 1821 1821 1821 1821 1822 1822 1823 1823 1821 1821 1823 1823 1807 1807 1822 1822 1804 1804 1824 1824 1822 1822 1824 1824 1823 1823 1823 1823 1824 1824 1825 1825 1823 1823 1825 1825 1807 1807 1824 1824 1804 1804 1805 1805 1824 1824 1805 1805 1825 1825 1825 1825 1805 1805 1806 1806 1825 1825 1806 1806 1807 1807 1826 1826 1827 1827 1859 1859 1826 1826 1859 1859 1858 1858 1827 1827 1828 1828 1860 1860 1827 1827 1860 1860 1859 1859 1828 1828 1829 1829 1861 1861 1828 1828 1861 1861 1860 1860 1829 1829 1830 1830 1862 1862 1829 1829 1862 1862 1861 1861 1830 1830 1831 1831 1863 1863 1830 1830 1863 1863 1862 1862 1831 1831 1832 1832 1864 1864 1831 1831 1864 1864 1863 1863 1832 1832 1833 1833 1865 1865 1832 1832 1865 1865 1864 1864 1833 1833 1834 1834 1866 1866 1833 1833 1866 1866 1865 1865 1834 1834 1835 1835 1867 1867 1834 1834 1867 1867 1866 1866 1835 1835 1836 1836 1868 1868 1835 1835 1868 1868 1867 1867 1836 1836 1837 1837 1869 1869 1836 1836 1869 1869 1868 1868 1837 1837 1838 1838 1870 1870 1837 1837 1870 1870 1869 1869 1838 1838 1839 1839 1871 1871 1838 1838 1871 1871 1870 1870 1839 1839 1840 1840 1872 1872 1839 1839 1872 1872 1871 1871 1840 1840 1841 1841 1873 1873 1840 1840 1873 1873 1872 1872 1841 1841 1842 1842 1874 1874 1841 1841 1874 1874 1873 1873 1842 1842 1843 1843 1875 1875 1842 1842 1875 1875 1874 1874 1843 1843 1844 1844 1876 1876 1843 1843 1876 1876 1875 1875 1844 1844 1845 1845 1877 1877 1844 1844 1877 1877 1876 1876 1845 1845 1846 1846 1878 1878 1845 1845 1878 1878 1877 1877 1846 1846 1847 1847 1879 1879 1846 1846 1879 1879 1878 1878 1847 1847 1848 1848 1880 1880 1847 1847 1880 1880 1879 1879 1848 1848 1849 1849 1881 1881 1848 1848 1881 1881 1880 1880 1849 1849 1850 1850 1882 1882 1849 1849 1882 1882 1881 1881 1850 1850 1851 1851 1883 1883 1850 1850 1883 1883 1882 1882 1851 1851 1852 1852 1884 1884 1851 1851 1884 1884 1883 1883 1852 1852 1853 1853 1885 1885 1852 1852 1885 1885 1884 1884 1853 1853 1854 1854 1886 1886 1853 1853 1886 1886 1885 1885 1854 1854 1855 1855 1887 1887 1854 1854 1887 1887 1886 1886 1855 1855 1856 1856 1888 1888 1855 1855 1888 1888 1887 1887 1856 1856 1857 1857 1889 1889 1856 1856 1889 1889 1888 1888 1857 1857 1826 1826 1858 1858 1857 1857 1858 1858 1889 1889 1826 1826 1827 1827 1856 1856 1826 1826 1856 1856 1857 1857 1858 1858 1888 1888 1859 1859 1858 1858 1889 1889 1888 1888 1827 1827 1828 1828 1855 1855 1827 1827 1855 1855 1856 1856 1859 1859 1887 1887 1860 1860 1859 1859 1888 1888 1887 1887 1828 1828 1829 1829 1854 1854 1828 1828 1854 1854 1855 1855 1860 1860 1886 1886 1861 1861 1860 1860 1887 1887 1886 1886 1829 1829 1830 1830 1853 1853 1829 1829 1853 1853 1854 1854 1861 1861 1885 1885 1862 1862 1861 1861 1886 1886 1885 1885 1830 1830 1831 1831 1852 1852 1830 1830 1852 1852 1853 1853 1862 1862 1884 1884 1863 1863 1862 1862 1885 1885 1884 1884 1831 1831 1832 1832 1851 1851 1831 1831 1851 1851 1852 1852 1863 1863 1883 1883 1864 1864 1863 1863 1884 1884 1883 1883 1832 1832 1833 1833 1850 1850 1832 1832 1850 1850 1851 1851 1864 1864 1882 1882 1865 1865 1864 1864 1883 1883 1882 1882 1833 1833 1834 1834 1849 1849 1833 1833 1849 1849 1850 1850 1865 1865 1881 1881 1866 1866 1865 1865 1882 1882 1881 1881 1834 1834 1835 1835 1848 1848 1834 1834 1848 1848 1849 1849 1866 1866 1880 1880 1867 1867 1866 1866 1881 1881 1880 1880 1835 1835 1836 1836 1847 1847 1835 1835 1847 1847 1848 1848 1867 1867 1879 1879 1868 1868 1867 1867 1880 1880 1879 1879 1836 1836 1837 1837 1846 1846 1836 1836 1846 1846 1847 1847 1868 1868 1878 1878 1869 1869 1868 1868 1879 1879 1878 1878 1837 1837 1838 1838 1845 1845 1837 1837 1845 1845 1846 1846 1869 1869 1877 1877 1870 1870 1869 1869 1878 1878 1877 1877 1838 1838 1839 1839 1844 1844 1838 1838 1844 1844 1845 1845 1870 1870 1876 1876 1871 1871 1870 1870 1877 1877 1876 1876 1839 1839 1840 1840 1843 1843 1839 1839 1843 1843 1844 1844 1871 1871 1875 1875 1872 1872 1871 1871 1876 1876 1875 1875 1840 1840 1841 1841 1842 1842 1840 1840 1842 1842 1843 1843 1872 1872 1874 1874 1873 1873 1872 1872 1875 1875 1874 1874 1891 1891 1890 1890 1894 1894 1891 1891 1894 1894 1892 1892 1892 1892 1894 1894 1895 1895 1892 1892 1895 1895 1893 1893 1894 1894 1890 1890 1896 1896 1894 1894 1896 1896 1895 1895 1895 1895 1896 1896 1897 1897 1895 1895 1897 1897 1893 1893 1896 1896 1890 1890 1898 1898 1896 1896 1898 1898 1897 1897 1897 1897 1898 1898 1899 1899 1897 1897 1899 1899 1893 1893 1898 1898 1890 1890 1900 1900 1898 1898 1900 1900 1899 1899 1899 1899 1900 1900 1901 1901 1899 1899 1901 1901 1893 1893 1900 1900 1890 1890 1902 1902 1900 1900 1902 1902 1901 1901 1901 1901 1902 1902 1903 1903 1901 1901 1903 1903 1893 1893 1902 1902 1890 1890 1904 1904 1902 1902 1904 1904 1903 1903 1903 1903 1904 1904 1905 1905 1903 1903 1905 1905 1893 1893 1904 1904 1890 1890 1906 1906 1904 1904 1906 1906 1905 1905 1905 1905 1906 1906 1907 1907 1905 1905 1907 1907 1893 1893 1906 1906 1890 1890 1908 1908 1906 1906 1908 1908 1907 1907 1907 1907 1908 1908 1909 1909 1907 1907 1909 1909 1893 1893 1908 1908 1890 1890 1910 1910 1908 1908 1910 1910 1909 1909 1909 1909 1910 1910 1911 1911 1909 1909 1911 1911 1893 1893 1910 1910 1890 1890 1891 1891 1910 1910 1891 1891 1911 1911 1911 1911 1891 1891 1892 1892 1911 1911 1892 1892 1893 1893 1913 1913 1912 1912 1916 1916 1913 1913 1916 1916 1914 1914 1914 1914 1916 1916 1917 1917 1914 1914 1917 1917 1915 1915 1916 1916 1912 1912 1918 1918 1916 1916 1918 1918 1917 1917 1917 1917 1918 1918 1919 1919 1917 1917 1919 1919 1915 1915 1918 1918 1912 1912 1920 1920 1918 1918 1920 1920 1919 1919 1919 1919 1920 1920 1921 1921 1919 1919 1921 1921 1915 1915 1920 1920 1912 1912 1922 1922 1920 1920 1922 1922 1921 1921 1921 1921 1922 1922 1923 1923 1921 1921 1923 1923 1915 1915 1922 1922 1912 1912 1924 1924 1922 1922 1924 1924 1923 1923 1923 1923 1924 1924 1925 1925 1923 1923 1925 1925 1915 1915 1924 1924 1912 1912 1926 1926 1924 1924 1926 1926 1925 1925 1925 1925 1926 1926 1927 1927 1925 1925 1927 1927 1915 1915 1926 1926 1912 1912 1928 1928 1926 1926 1928 1928 1927 1927 1927 1927 1928 1928 1929 1929 1927 1927 1929 1929 1915 1915 1928 1928 1912 1912 1930 1930 1928 1928 1930 1930 1929 1929 1929 1929 1930 1930 1931 1931 1929 1929 1931 1931 1915 1915 1930 1930 1912 1912 1932 1932 1930 1930 1932 1932 1931 1931 1931 1931 1932 1932 1933 1933 1931 1931 1933 1933 1915 1915 1932 1932 1912 1912 1913 1913 1932 1932 1913 1913 1933 1933 1933 1933 1913 1913 1914 1914 1933 1933 1914 1914 1915 1915 1935 1935 1934 1934 1938 1938 1935 1935 1938 1938 1936 1936 1936 1936 1938 1938 1939 1939 1936 1936 1939 1939 1937 1937 1938 1938 1934 1934 1940 1940 1938 1938 1940 1940 1939 1939 1939 1939 1940 1940 1941 1941 1939 1939 1941 1941 1937 1937 1940 1940 1934 1934 1942 1942 1940 1940 1942 1942 1941 1941 1941 1941 1942 1942 1943 1943 1941 1941 1943 1943 1937 1937 1942 1942 1934 1934 1944 1944 1942 1942 1944 1944 1943 1943 1943 1943 1944 1944 1945 1945 1943 1943 1945 1945 1937 1937 1944 1944 1934 1934 1946 1946 1944 1944 1946 1946 1945 1945 1945 1945 1946 1946 1947 1947 1945 1945 1947 1947 1937 1937 1946 1946 1934 1934 1948 1948 1946 1946 1948 1948 1947 1947 1947 1947 1948 1948 1949 1949 1947 1947 1949 1949 1937 1937 1948 1948 1934 1934 1950 1950 1948 1948 1950 1950 1949 1949 1949 1949 1950 1950 1951 1951 1949 1949 1951 1951 1937 1937 1950 1950 1934 1934 1952 1952 1950 1950 1952 1952 1951 1951 1951 1951 1952 1952 1953 1953 1951 1951 1953 1953 1937 1937 1952 1952 1934 1934 1954 1954 1952 1952 1954 1954 1953 1953 1953 1953 1954 1954 1955 1955 1953 1953 1955 1955 1937 1937 1954 1954 1934 1934 1935 1935 1954 1954 1935 1935 1955 1955 1955 1955 1935 1935 1936 1936 1955 1955 1936 1936 1937 1937 1957 1957 1956 1956 1960 1960 1957 1957 1960 1960 1958 1958 1958 1958 1960 1960 1961 1961 1958 1958 1961 1961 1959 1959 1960 1960 1956 1956 1962 1962 1960 1960 1962 1962 1961 1961 1961 1961 1962 1962 1963 1963 1961 1961 1963 1963 1959 1959 1962 1962 1956 1956 1964 1964 1962 1962 1964 1964 1963 1963 1963 1963 1964 1964 1965 1965 1963 1963 1965 1965 1959 1959 1964 1964 1956 1956 1966 1966 1964 1964 1966 1966 1965 1965 1965 1965 1966 1966 1967 1967 1965 1965 1967 1967 1959 1959 1966 1966 1956 1956 1968 1968 1966 1966 1968 1968 1967 1967 1967 1967 1968 1968 1969 1969 1967 1967 1969 1969 1959 1959 1968 1968 1956 1956 1970 1970 1968 1968 1970 1970 1969 1969 1969 1969 1970 1970 1971 1971 1969 1969 1971 1971 1959 1959 1970 1970 1956 1956 1972 1972 1970 1970 1972 1972 1971 1971 1971 1971 1972 1972 1973 1973 1971 1971 1973 1973 1959 1959 1972 1972 1956 1956 1974 1974 1972 1972 1974 1974 1973 1973 1973 1973 1974 1974 1975 1975 1973 1973 1975 1975 1959 1959 1974 1974 1956 1956 1976 1976 1974 1974 1976 1976 1975 1975 1975 1975 1976 1976 1977 1977 1975 1975 1977 1977 1959 1959 1976 1976 1956 1956 1957 1957 1976 1976 1957 1957 1977 1977 1977 1977 1957 1957 1958 1958 1977 1977 1958 1958 1959 1959 1979 1979 1978 1978 1982 1982 1979 1979 1982 1982 1980 1980 1980 1980 1982 1982 1983 1983 1980 1980 1983 1983 1981 1981 1982 1982 1978 1978 1984 1984 1982 1982 1984 1984 1983 1983 1983 1983 1984 1984 1985 1985 1983 1983 1985 1985 1981 1981 1984 1984 1978 1978 1986 1986 1984 1984 1986 1986 1985 1985 1985 1985 1986 1986 1987 1987 1985 1985 1987 1987 1981 1981 1986 1986 1978 1978 1988 1988 1986 1986 1988 1988 1987 1987 1987 1987 1988 1988 1989 1989 1987 1987 1989 1989 1981 1981 1988 1988 1978 1978 1990 1990 1988 1988 1990 1990 1989 1989 1989 1989 1990 1990 1991 1991 1989 1989 1991 1991 1981 1981 1990 1990 1978 1978 1992 1992 1990 1990 1992 1992 1991 1991 1991 1991 1992 1992 1993 1993 1991 1991 1993 1993 1981 1981 1992 1992 1978 1978 1994 1994 1992 1992 1994 1994 1993 1993 1993 1993 1994 1994 1995 1995 1993 1993 1995 1995 1981 1981 1994 1994 1978 1978 1996 1996 1994 1994 1996 1996 1995 1995 1995 1995 1996 1996 1997 1997 1995 1995 1997 1997 1981 1981 1996 1996 1978 1978 1998 1998 1996 1996 1998 1998 1997 1997 1997 1997 1998 1998 1999 1999 1997 1997 1999 1999 1981 1981 1998 1998 1978 1978 1979 1979 1998 1998 1979 1979 1999 1999 1999 1999 1979 1979 1980 1980 1999 1999 1980 1980 1981 1981 2001 2001 2000 2000 2004 2004 2001 2001 2004 2004 2002 2002 2002 2002 2004 2004 2005 2005 2002 2002 2005 2005 2003 2003 2004 2004 2000 2000 2006 2006 2004 2004 2006 2006 2005 2005 2005 2005 2006 2006 2007 2007 2005 2005 2007 2007 2003 2003 2006 2006 2000 2000 2008 2008 2006 2006 2008 2008 2007 2007 2007 2007 2008 2008 2009 2009 2007 2007 2009 2009 2003 2003 2008 2008 2000 2000 2010 2010 2008 2008 2010 2010 2009 2009 2009 2009 2010 2010 2011 2011 2009 2009 2011 2011 2003 2003 2010 2010 2000 2000 2012 2012 2010 2010 2012 2012 2011 2011 2011 2011 2012 2012 2013 2013 2011 2011 2013 2013 2003 2003 2012 2012 2000 2000 2014 2014 2012 2012 2014 2014 2013 2013 2013 2013 2014 2014 2015 2015 2013 2013 2015 2015 2003 2003 2014 2014 2000 2000 2016 2016 2014 2014 2016 2016 2015 2015 2015 2015 2016 2016 2017 2017 2015 2015 2017 2017 2003 2003 2016 2016 2000 2000 2018 2018 2016 2016 2018 2018 2017 2017 2017 2017 2018 2018 2019 2019 2017 2017 2019 2019 2003 2003 2018 2018 2000 2000 2020 2020 2018 2018 2020 2020 2019 2019 2019 2019 2020 2020 2021 2021 2019 2019 2021 2021 2003 2003 2020 2020 2000 2000 2001 2001 2020 2020 2001 2001 2021 2021 2021 2021 2001 2001 2002 2002 2021 2021 2002 2002 2003 2003 2023 2023 2022 2022 2026 2026 2023 2023 2026 2026 2024 2024 2024 2024 2026 2026 2027 2027 2024 2024 2027 2027 2025 2025 2026 2026 2022 2022 2028 2028 2026 2026 2028 2028 2027 2027 2027 2027 2028 2028 2029 2029 2027 2027 2029 2029 2025 2025 2028 2028 2022 2022 2030 2030 2028 2028 2030 2030 2029 2029 2029 2029 2030 2030 2031 2031 2029 2029 2031 2031 2025 2025 2030 2030 2022 2022 2032 2032 2030 2030 2032 2032 2031 2031 2031 2031 2032 2032 2033 2033 2031 2031 2033 2033 2025 2025 2032 2032 2022 2022 2034 2034 2032 2032 2034 2034 2033 2033 2033 2033 2034 2034 2035 2035 2033 2033 2035 2035 2025 2025 2034 2034 2022 2022 2036 2036 2034 2034 2036 2036 2035 2035 2035 2035 2036 2036 2037 2037 2035 2035 2037 2037 2025 2025 2036 2036 2022 2022 2038 2038 2036 2036 2038 2038 2037 2037 2037 2037 2038 2038 2039 2039 2037 2037 2039 2039 2025 2025 2038 2038 2022 2022 2040 2040 2038 2038 2040 2040 2039 2039 2039 2039 2040 2040 2041 2041 2039 2039 2041 2041 2025 2025 2040 2040 2022 2022 2042 2042 2040 2040 2042 2042 2041 2041 2041 2041 2042 2042 2043 2043 2041 2041 2043 2043 2025 2025 2042 2042 2022 2022 2023 2023 2042 2042 2023 2023 2043 2043 2043 2043 2023 2023 2024 2024 2043 2043 2024 2024 2025 2025 2045 2045 2044 2044 2048 2048 2045 2045 2048 2048 2046 2046 2046 2046 2048 2048 2049 2049 2046 2046 2049 2049 2047 2047 2048 2048 2044 2044 2050 2050 2048 2048 2050 2050 2049 2049 2049 2049 2050 2050 2051 2051 2049 2049 2051 2051 2047 2047 2050 2050 2044 2044 2052 2052 2050 2050 2052 2052 2051 2051 2051 2051 2052 2052 2053 2053 2051 2051 2053 2053 2047 2047 2052 2052 2044 2044 2054 2054 2052 2052 2054 2054 2053 2053 2053 2053 2054 2054 2055 2055 2053 2053 2055 2055 2047 2047 2054 2054 2044 2044 2056 2056 2054 2054 2056 2056 2055 2055 2055 2055 2056 2056 2057 2057 2055 2055 2057 2057 2047 2047 2056 2056 2044 2044 2058 2058 2056 2056 2058 2058 2057 2057 2057 2057 2058 2058 2059 2059 2057 2057 2059 2059 2047 2047 2058 2058 2044 2044 2060 2060 2058 2058 2060 2060 2059 2059 2059 2059 2060 2060 2061 2061 2059 2059 2061 2061 2047 2047 2060 2060 2044 2044 2062 2062 2060 2060 2062 2062 2061 2061 2061 2061 2062 2062 2063 2063 2061 2061 2063 2063 2047 2047 2062 2062 2044 2044 2064 2064 2062 2062 2064 2064 2063 2063 2063 2063 2064 2064 2065 2065 2063 2063 2065 2065 2047 2047 2064 2064 2044 2044 2045 2045 2064 2064 2045 2045 2065 2065 2065 2065 2045 2045 2046 2046 2065 2065 2046 2046 2047 2047 2067 2067 2066 2066 2070 2070 2067 2067 2070 2070 2068 2068 2068 2068 2070 2070 2071 2071 2068 2068 2071 2071 2069 2069 2070 2070 2066 2066 2072 2072 2070 2070 2072 2072 2071 2071 2071 2071 2072 2072 2073 2073 2071 2071 2073 2073 2069 2069 2072 2072 2066 2066 2074 2074 2072 2072 2074 2074 2073 2073 2073 2073 2074 2074 2075 2075 2073 2073 2075 2075 2069 2069 2074 2074 2066 2066 2076 2076 2074 2074 2076 2076 2075 2075 2075 2075 2076 2076 2077 2077 2075 2075 2077 2077 2069 2069 2076 2076 2066 2066 2078 2078 2076 2076 2078 2078 2077 2077 2077 2077 2078 2078 2079 2079 2077 2077 2079 2079 2069 2069 2078 2078 2066 2066 2080 2080 2078 2078 2080 2080 2079 2079 2079 2079 2080 2080 2081 2081 2079 2079 2081 2081 2069 2069 2080 2080 2066 2066 2082 2082 2080 2080 2082 2082 2081 2081 2081 2081 2082 2082 2083 2083 2081 2081 2083 2083 2069 2069 2082 2082 2066 2066 2084 2084 2082 2082 2084 2084 2083 2083 2083 2083 2084 2084 2085 2085 2083 2083 2085 2085 2069 2069 2084 2084 2066 2066 2086 2086 2084 2084 2086 2086 2085 2085 2085 2085 2086 2086 2087 2087 2085 2085 2087 2087 2069 2069 2086 2086 2066 2066 2067 2067 2086 2086 2067 2067 2087 2087 2087 2087 2067 2067 2068 2068 2087 2087 2068 2068 2069 2069 2089 2089 2088 2088 2092 2092 2089 2089 2092 2092 2090 2090 2090 2090 2092 2092 2093 2093 2090 2090 2093 2093 2091 2091 2092 2092 2088 2088 2094 2094 2092 2092 2094 2094 2093 2093 2093 2093 2094 2094 2095 2095 2093 2093 2095 2095 2091 2091 2094 2094 2088 2088 2096 2096 2094 2094 2096 2096 2095 2095 2095 2095 2096 2096 2097 2097 2095 2095 2097 2097 2091 2091 2096 2096 2088 2088 2098 2098 2096 2096 2098 2098 2097 2097 2097 2097 2098 2098 2099 2099 2097 2097 2099 2099 2091 2091 2098 2098 2088 2088 2100 2100 2098 2098 2100 2100 2099 2099 2099 2099 2100 2100 2101 2101 2099 2099 2101 2101 2091 2091 2100 2100 2088 2088 2102 2102 2100 2100 2102 2102 2101 2101 2101 2101 2102 2102 2103 2103 2101 2101 2103 2103 2091 2091 2102 2102 2088 2088 2104 2104 2102 2102 2104 2104 2103 2103 2103 2103 2104 2104 2105 2105 2103 2103 2105 2105 2091 2091 2104 2104 2088 2088 2106 2106 2104 2104 2106 2106 2105 2105 2105 2105 2106 2106 2107 2107 2105 2105 2107 2107 2091 2091 2106 2106 2088 2088 2108 2108 2106 2106 2108 2108 2107 2107 2107 2107 2108 2108 2109 2109 2107 2107 2109 2109 2091 2091 2108 2108 2088 2088 2089 2089 2108 2108 2089 2089 2109 2109 2109 2109 2089 2089 2090 2090 2109 2109 2090 2090 2091 2091 2111 2111 2110 2110 2114 2114 2111 2111 2114 2114 2112 2112 2112 2112 2114 2114 2115 2115 2112 2112 2115 2115 2113 2113 2114 2114 2110 2110 2116 2116 2114 2114 2116 2116 2115 2115 2115 2115 2116 2116 2117 2117 2115 2115 2117 2117 2113 2113 2116 2116 2110 2110 2118 2118 2116 2116 2118 2118 2117 2117 2117 2117 2118 2118 2119 2119 2117 2117 2119 2119 2113 2113 2118 2118 2110 2110 2120 2120 2118 2118 2120 2120 2119 2119 2119 2119 2120 2120 2121 2121 2119 2119 2121 2121 2113 2113 2120 2120 2110 2110 2122 2122 2120 2120 2122 2122 2121 2121 2121 2121 2122 2122 2123 2123 2121 2121 2123 2123 2113 2113 2122 2122 2110 2110 2124 2124 2122 2122 2124 2124 2123 2123 2123 2123 2124 2124 2125 2125 2123 2123 2125 2125 2113 2113 2124 2124 2110 2110 2126 2126 2124 2124 2126 2126 2125 2125 2125 2125 2126 2126 2127 2127 2125 2125 2127 2127 2113 2113 2126 2126 2110 2110 2128 2128 2126 2126 2128 2128 2127 2127 2127 2127 2128 2128 2129 2129 2127 2127 2129 2129 2113 2113 2128 2128 2110 2110 2130 2130 2128 2128 2130 2130 2129 2129 2129 2129 2130 2130 2131 2131 2129 2129 2131 2131 2113 2113 2130 2130 2110 2110 2111 2111 2130 2130 2111 2111 2131 2131 2131 2131 2111 2111 2112 2112 2131 2131 2112 2112 2113 2113 2133 2133 2132 2132 2136 2136 2133 2133 2136 2136 2134 2134 2134 2134 2136 2136 2137 2137 2134 2134 2137 2137 2135 2135 2136 2136 2132 2132 2138 2138 2136 2136 2138 2138 2137 2137 2137 2137 2138 2138 2139 2139 2137 2137 2139 2139 2135 2135 2138 2138 2132 2132 2140 2140 2138 2138 2140 2140 2139 2139 2139 2139 2140 2140 2141 2141 2139 2139 2141 2141 2135 2135 2140 2140 2132 2132 2142 2142 2140 2140 2142 2142 2141 2141 2141 2141 2142 2142 2143 2143 2141 2141 2143 2143 2135 2135 2142 2142 2132 2132 2144 2144 2142 2142 2144 2144 2143 2143 2143 2143 2144 2144 2145 2145 2143 2143 2145 2145 2135 2135 2144 2144 2132 2132 2146 2146 2144 2144 2146 2146 2145 2145 2145 2145 2146 2146 2147 2147 2145 2145 2147 2147 2135 2135 2146 2146 2132 2132 2148 2148 2146 2146 2148 2148 2147 2147 2147 2147 2148 2148 2149 2149 2147 2147 2149 2149 2135 2135 2148 2148 2132 2132 2150 2150 2148 2148 2150 2150 2149 2149 2149 2149 2150 2150 2151 2151 2149 2149 2151 2151 2135 2135 2150 2150 2132 2132 2152 2152 2150 2150 2152 2152 2151 2151 2151 2151 2152 2152 2153 2153 2151 2151 2153 2153 2135 2135 2152 2152 2132 2132 2133 2133 2152 2152 2133 2133 2153 2153 2153 2153 2133 2133 2134 2134 2153 2153 2134 2134 2135 2135 2155 2155 2154 2154 2158 2158 2155 2155 2158 2158 2156 2156 2156 2156 2158 2158 2159 2159 2156 2156 2159 2159 2157 2157 2158 2158 2154 2154 2160 2160 2158 2158 2160 2160 2159 2159 2159 2159 2160 2160 2161 2161 2159 2159 2161 2161 2157 2157 2160 2160 2154 2154 2162 2162 2160 2160 2162 2162 2161 2161 2161 2161 2162 2162 2163 2163 2161 2161 2163 2163 2157 2157 2162 2162 2154 2154 2164 2164 2162 2162 2164 2164 2163 2163 2163 2163 2164 2164 2165 2165 2163 2163 2165 2165 2157 2157 2164 2164 2154 2154 2166 2166 2164 2164 2166 2166 2165 2165 2165 2165 2166 2166 2167 2167 2165 2165 2167 2167 2157 2157 2166 2166 2154 2154 2168 2168 2166 2166 2168 2168 2167 2167 2167 2167 2168 2168 2169 2169 2167 2167 2169 2169 2157 2157 2168 2168 2154 2154 2170 2170 2168 2168 2170 2170 2169 2169 2169 2169 2170 2170 2171 2171 2169 2169 2171 2171 2157 2157 2170 2170 2154 2154 2172 2172 2170 2170 2172 2172 2171 2171 2171 2171 2172 2172 2173 2173 2171 2171 2173 2173 2157 2157 2172 2172 2154 2154 2174 2174 2172 2172 2174 2174 2173 2173 2173 2173 2174 2174 2175 2175 2173 2173 2175 2175 2157 2157 2174 2174 2154 2154 2155 2155 2174 2174 2155 2155 2175 2175 2175 2175 2155 2155 2156 2156 2175 2175 2156 2156 2157 2157 2177 2177 2176 2176 2180 2180 2177 2177 2180 2180 2178 2178 2178 2178 2180 2180 2181 2181 2178 2178 2181 2181 2179 2179 2180 2180 2176 2176 2182 2182 2180 2180 2182 2182 2181 2181 2181 2181 2182 2182 2183 2183 2181 2181 2183 2183 2179 2179 2182 2182 2176 2176 2184 2184 2182 2182 2184 2184 2183 2183 2183 2183 2184 2184 2185 2185 2183 2183 2185 2185 2179 2179 2184 2184 2176 2176 2186 2186 2184 2184 2186 2186 2185 2185 2185 2185 2186 2186 2187 2187 2185 2185 2187 2187 2179 2179 2186 2186 2176 2176 2188 2188 2186 2186 2188 2188 2187 2187 2187 2187 2188 2188 2189 2189 2187 2187 2189 2189 2179 2179 2188 2188 2176 2176 2190 2190 2188 2188 2190 2190 2189 2189 2189 2189 2190 2190 2191 2191 2189 2189 2191 2191 2179 2179 2190 2190 2176 2176 2192 2192 2190 2190 2192 2192 2191 2191 2191 2191 2192 2192 2193 2193 2191 2191 2193 2193 2179 2179 2192 2192 2176 2176 2194 2194 2192 2192 2194 2194 2193 2193 2193 2193 2194 2194 2195 2195 2193 2193 2195 2195 2179 2179 2194 2194 2176 2176 2196 2196 2194 2194 2196 2196 2195 2195 2195 2195 2196 2196 2197 2197 2195 2195 2197 2197 2179 2179 2196 2196 2176 2176 2177 2177 2196 2196 2177 2177 2197 2197 2197 2197 2177 2177 2178 2178 2197 2197 2178 2178 2179 2179 2199 2199 2198 2198 2202 2202 2199 2199 2202 2202 2200 2200 2200 2200 2202 2202 2203 2203 2200 2200 2203 2203 2201 2201 2202 2202 2198 2198 2204 2204 2202 2202 2204 2204 2203 2203 2203 2203 2204 2204 2205 2205 2203 2203 2205 2205 2201 2201 2204 2204 2198 2198 2206 2206 2204 2204 2206 2206 2205 2205 2205 2205 2206 2206 2207 2207 2205 2205 2207 2207 2201 2201 2206 2206 2198 2198 2208 2208 2206 2206 2208 2208 2207 2207 2207 2207 2208 2208 2209 2209 2207 2207 2209 2209 2201 2201 2208 2208 2198 2198 2210 2210 2208 2208 2210 2210 2209 2209 2209 2209 2210 2210 2211 2211 2209 2209 2211 2211 2201 2201 2210 2210 2198 2198 2212 2212 2210 2210 2212 2212 2211 2211 2211 2211 2212 2212 2213 2213 2211 2211 2213 2213 2201 2201 2212 2212 2198 2198 2214 2214 2212 2212 2214 2214 2213 2213 2213 2213 2214 2214 2215 2215 2213 2213 2215 2215 2201 2201 2214 2214 2198 2198 2216 2216 2214 2214 2216 2216 2215 2215 2215 2215 2216 2216 2217 2217 2215 2215 2217 2217 2201 2201 2216 2216 2198 2198 2218 2218 2216 2216 2218 2218 2217 2217 2217 2217 2218 2218 2219 2219 2217 2217 2219 2219 2201 2201 2218 2218 2198 2198 2199 2199 2218 2218 2199 2199 2219 2219 2219 2219 2199 2199 2200 2200 2219 2219 2200 2200 2201 2201 2221 2221 2220 2220 2224 2224 2221 2221 2224 2224 2222 2222 2222 2222 2224 2224 2225 2225 2222 2222 2225 2225 2223 2223 2224 2224 2220 2220 2226 2226 2224 2224 2226 2226 2225 2225 2225 2225 2226 2226 2227 2227 2225 2225 2227 2227 2223 2223 2226 2226 2220 2220 2228 2228 2226 2226 2228 2228 2227 2227 2227 2227 2228 2228 2229 2229 2227 2227 2229 2229 2223 2223 2228 2228 2220 2220 2230 2230 2228 2228 2230 2230 2229 2229 2229 2229 2230 2230 2231 2231 2229 2229 2231 2231 2223 2223 2230 2230 2220 2220 2232 2232 2230 2230 2232 2232 2231 2231 2231 2231 2232 2232 2233 2233 2231 2231 2233 2233 2223 2223 2232 2232 2220 2220 2234 2234 2232 2232 2234 2234 2233 2233 2233 2233 2234 2234 2235 2235 2233 2233 2235 2235 2223 2223 2234 2234 2220 2220 2236 2236 2234 2234 2236 2236 2235 2235 2235 2235 2236 2236 2237 2237 2235 2235 2237 2237 2223 2223 2236 2236 2220 2220 2238 2238 2236 2236 2238 2238 2237 2237 2237 2237 2238 2238 2239 2239 2237 2237 2239 2239 2223 2223 2238 2238 2220 2220 2240 2240 2238 2238 2240 2240 2239 2239 2239 2239 2240 2240 2241 2241 2239 2239 2241 2241 2223 2223 2240 2240 2220 2220 2221 2221 2240 2240 2221 2221 2241 2241 2241 2241 2221 2221 2222 2222 2241 2241 2222 2222 2223 2223 2243 2243 2242 2242 2246 2246 2243 2243 2246 2246 2244 2244 2244 2244 2246 2246 2247 2247 2244 2244 2247 2247 2245 2245 2246 2246 2242 2242 2248 2248 2246 2246 2248 2248 2247 2247 2247 2247 2248 2248 2249 2249 2247 2247 2249 2249 2245 2245 2248 2248 2242 2242 2250 2250 2248 2248 2250 2250 2249 2249 2249 2249 2250 2250 2251 2251 2249 2249 2251 2251 2245 2245 2250 2250 2242 2242 2252 2252 2250 2250 2252 2252 2251 2251 2251 2251 2252 2252 2253 2253 2251 2251 2253 2253 2245 2245 2252 2252 2242 2242 2254 2254 2252 2252 2254 2254 2253 2253 2253 2253 2254 2254 2255 2255 2253 2253 2255 2255 2245 2245 2254 2254 2242 2242 2256 2256 2254 2254 2256 2256 2255 2255 2255 2255 2256 2256 2257 2257 2255 2255 2257 2257 2245 2245 2256 2256 2242 2242 2258 2258 2256 2256 2258 2258 2257 2257 2257 2257 2258 2258 2259 2259 2257 2257 2259 2259 2245 2245 2258 2258 2242 2242 2260 2260 2258 2258 2260 2260 2259 2259 2259 2259 2260 2260 2261 2261 2259 2259 2261 2261 2245 2245 2260 2260 2242 2242 2262 2262 2260 2260 2262 2262 2261 2261 2261 2261 2262 2262 2263 2263 2261 2261 2263 2263 2245 2245 2262 2262 2242 2242 2243 2243 2262 2262 2243 2243 2263 2263 2263 2263 2243 2243 2244 2244 2263 2263 2244 2244 2245 2245 2265 2265 2264 2264 2268 2268 2265 2265 2268 2268 2266 2266 2266 2266 2268 2268 2269 2269 2266 2266 2269 2269 2267 2267 2268 2268 2264 2264 2270 2270 2268 2268 2270 2270 2269 2269 2269 2269 2270 2270 2271 2271 2269 2269 2271 2271 2267 2267 2270 2270 2264 2264 2272 2272 2270 2270 2272 2272 2271 2271 2271 2271 2272 2272 2273 2273 2271 2271 2273 2273 2267 2267 2272 2272 2264 2264 2274 2274 2272 2272 2274 2274 2273 2273 2273 2273 2274 2274 2275 2275 2273 2273 2275 2275 2267 2267 2274 2274 2264 2264 2276 2276 2274 2274 2276 2276 2275 2275 2275 2275 2276 2276 2277 2277 2275 2275 2277 2277 2267 2267 2276 2276 2264 2264 2278 2278 2276 2276 2278 2278 2277 2277 2277 2277 2278 2278 2279 2279 2277 2277 2279 2279 2267 2267 2278 2278 2264 2264 2280 2280 2278 2278 2280 2280 2279 2279 2279 2279 2280 2280 2281 2281 2279 2279 2281 2281 2267 2267 2280 2280 2264 2264 2282 2282 2280 2280 2282 2282 2281 2281 2281 2281 2282 2282 2283 2283 2281 2281 2283 2283 2267 2267 2282 2282 2264 2264 2284 2284 2282 2282 2284 2284 2283 2283 2283 2283 2284 2284 2285 2285 2283 2283 2285 2285 2267 2267 2284 2284 2264 2264 2265 2265 2284 2284 2265 2265 2285 2285 2285 2285 2265 2265 2266 2266 2285 2285 2266 2266 2267 2267 2287 2287 2286 2286 2290 2290 2287 2287 2290 2290 2288 2288 2288 2288 2290 2290 2291 2291 2288 2288 2291 2291 2289 2289 2290 2290 2286 2286 2292 2292 2290 2290 2292 2292 2291 2291 2291 2291 2292 2292 2293 2293 2291 2291 2293 2293 2289 2289 2292 2292 2286 2286 2294 2294 2292 2292 2294 2294 2293 2293 2293 2293 2294 2294 2295 2295 2293 2293 2295 2295 2289 2289 2294 2294 2286 2286 2296 2296 2294 2294 2296 2296 2295 2295 2295 2295 2296 2296 2297 2297 2295 2295 2297 2297 2289 2289 2296 2296 2286 2286 2298 2298 2296 2296 2298 2298 2297 2297 2297 2297 2298 2298 2299 2299 2297 2297 2299 2299 2289 2289 2298 2298 2286 2286 2300 2300 2298 2298 2300 2300 2299 2299 2299 2299 2300 2300 2301 2301 2299 2299 2301 2301 2289 2289 2300 2300 2286 2286 2302 2302 2300 2300 2302 2302 2301 2301 2301 2301 2302 2302 2303 2303 2301 2301 2303 2303 2289 2289 2302 2302 2286 2286 2304 2304 2302 2302 2304 2304 2303 2303 2303 2303 2304 2304 2305 2305 2303 2303 2305 2305 2289 2289 2304 2304 2286 2286 2306 2306 2304 2304 2306 2306 2305 2305 2305 2305 2306 2306 2307 2307 2305 2305 2307 2307 2289 2289 2306 2306 2286 2286 2287 2287 2306 2306 2287 2287 2307 2307 2307 2307 2287 2287 2288 2288 2307 2307 2288 2288 2289 2289 2309 2309 2308 2308 2312 2312 2309 2309 2312 2312 2310 2310 2310 2310 2312 2312 2313 2313 2310 2310 2313 2313 2311 2311 2312 2312 2308 2308 2314 2314 2312 2312 2314 2314 2313 2313 2313 2313 2314 2314 2315 2315 2313 2313 2315 2315 2311 2311 2314 2314 2308 2308 2316 2316 2314 2314 2316 2316 2315 2315 2315 2315 2316 2316 2317 2317 2315 2315 2317 2317 2311 2311 2316 2316 2308 2308 2318 2318 2316 2316 2318 2318 2317 2317 2317 2317 2318 2318 2319 2319 2317 2317 2319 2319 2311 2311 2318 2318 2308 2308 2320 2320 2318 2318 2320 2320 2319 2319 2319 2319 2320 2320 2321 2321 2319 2319 2321 2321 2311 2311 2320 2320 2308 2308 2322 2322 2320 2320 2322 2322 2321 2321 2321 2321 2322 2322 2323 2323 2321 2321 2323 2323 2311 2311 2322 2322 2308 2308 2324 2324 2322 2322 2324 2324 2323 2323 2323 2323 2324 2324 2325 2325 2323 2323 2325 2325 2311 2311 2324 2324 2308 2308 2326 2326 2324 2324 2326 2326 2325 2325 2325 2325 2326 2326 2327 2327 2325 2325 2327 2327 2311 2311 2326 2326 2308 2308 2328 2328 2326 2326 2328 2328 2327 2327 2327 2327 2328 2328 2329 2329 2327 2327 2329 2329 2311 2311 2328 2328 2308 2308 2309 2309 2328 2328 2309 2309 2329 2329 2329 2329 2309 2309 2310 2310 2329 2329 2310 2310 2311 2311 2331 2331 2330 2330 2334 2334 2331 2331 2334 2334 2332 2332 2332 2332 2334 2334 2335 2335 2332 2332 2335 2335 2333 2333 2334 2334 2330 2330 2336 2336 2334 2334 2336 2336 2335 2335 2335 2335 2336 2336 2337 2337 2335 2335 2337 2337 2333 2333 2336 2336 2330 2330 2338 2338 2336 2336 2338 2338 2337 2337 2337 2337 2338 2338 2339 2339 2337 2337 2339 2339 2333 2333 2338 2338 2330 2330 2340 2340 2338 2338 2340 2340 2339 2339 2339 2339 2340 2340 2341 2341 2339 2339 2341 2341 2333 2333 2340 2340 2330 2330 2342 2342 2340 2340 2342 2342 2341 2341 2341 2341 2342 2342 2343 2343 2341 2341 2343 2343 2333 2333 2342 2342 2330 2330 2344 2344 2342 2342 2344 2344 2343 2343 2343 2343 2344 2344 2345 2345 2343 2343 2345 2345 2333 2333 2344 2344 2330 2330 2346 2346 2344 2344 2346 2346 2345 2345 2345 2345 2346 2346 2347 2347 2345 2345 2347 2347 2333 2333 2346 2346 2330 2330 2348 2348 2346 2346 2348 2348 2347 2347 2347 2347 2348 2348 2349 2349 2347 2347 2349 2349 2333 2333 2348 2348 2330 2330 2350 2350 2348 2348 2350 2350 2349 2349 2349 2349 2350 2350 2351 2351 2349 2349 2351 2351 2333 2333 2350 2350 2330 2330 2331 2331 2350 2350 2331 2331 2351 2351 2351 2351 2331 2331 2332 2332 2351 2351 2332 2332 2333 2333 2353 2353 2352 2352 2356 2356 2353 2353 2356 2356 2354 2354 2354 2354 2356 2356 2357 2357 2354 2354 2357 2357 2355 2355 2356 2356 2352 2352 2358 2358 2356 2356 2358 2358 2357 2357 2357 2357 2358 2358 2359 2359 2357 2357 2359 2359 2355 2355 2358 2358 2352 2352 2360 2360 2358 2358 2360 2360 2359 2359 2359 2359 2360 2360 2361 2361 2359 2359 2361 2361 2355 2355 2360 2360 2352 2352 2362 2362 2360 2360 2362 2362 2361 2361 2361 2361 2362 2362 2363 2363 2361 2361 2363 2363 2355 2355 2362 2362 2352 2352 2364 2364 2362 2362 2364 2364 2363 2363 2363 2363 2364 2364 2365 2365 2363 2363 2365 2365 2355 2355 2364 2364 2352 2352 2366 2366 2364 2364 2366 2366 2365 2365 2365 2365 2366 2366 2367 2367 2365 2365 2367 2367 2355 2355 2366 2366 2352 2352 2368 2368 2366 2366 2368 2368 2367 2367 2367 2367 2368 2368 2369 2369 2367 2367 2369 2369 2355 2355 2368 2368 2352 2352 2370 2370 2368 2368 2370 2370 2369 2369 2369 2369 2370 2370 2371 2371 2369 2369 2371 2371 2355 2355 2370 2370 2352 2352 2372 2372 2370 2370 2372 2372 2371 2371 2371 2371 2372 2372 2373 2373 2371 2371 2373 2373 2355 2355 2372 2372 2352 2352 2353 2353 2372 2372 2353 2353 2373 2373 2373 2373 2353 2353 2354 2354 2373 2373 2354 2354 2355 2355 2375 2375 2374 2374 2378 2378 2375 2375 2378 2378 2376 2376 2376 2376 2378 2378 2379 2379 2376 2376 2379 2379 2377 2377 2378 2378 2374 2374 2380 2380 2378 2378 2380 2380 2379 2379 2379 2379 2380 2380 2381 2381 2379 2379 2381 2381 2377 2377 2380 2380 2374 2374 2382 2382 2380 2380 2382 2382 2381 2381 2381 2381 2382 2382 2383 2383 2381 2381 2383 2383 2377 2377 2382 2382 2374 2374 2384 2384 2382 2382 2384 2384 2383 2383 2383 2383 2384 2384 2385 2385 2383 2383 2385 2385 2377 2377 2384 2384 2374 2374 2386 2386 2384 2384 2386 2386 2385 2385 2385 2385 2386 2386 2387 2387 2385 2385 2387 2387 2377 2377 2386 2386 2374 2374 2388 2388 2386 2386 2388 2388 2387 2387 2387 2387 2388 2388 2389 2389 2387 2387 2389 2389 2377 2377 2388 2388 2374 2374 2390 2390 2388 2388 2390 2390 2389 2389 2389 2389 2390 2390 2391 2391 2389 2389 2391 2391 2377 2377 2390 2390 2374 2374 2392 2392 2390 2390 2392 2392 2391 2391 2391 2391 2392 2392 2393 2393 2391 2391 2393 2393 2377 2377 2392 2392 2374 2374 2394 2394 2392 2392 2394 2394 2393 2393 2393 2393 2394 2394 2395 2395 2393 2393 2395 2395 2377 2377 2394 2394 2374 2374 2375 2375 2394 2394 2375 2375 2395 2395 2395 2395 2375 2375 2376 2376 2395 2395 2376 2376 2377 2377 2397 2397 2396 2396 2400 2400 2397 2397 2400 2400 2398 2398 2398 2398 2400 2400 2401 2401 2398 2398 2401 2401 2399 2399 2400 2400 2396 2396 2402 2402 2400 2400 2402 2402 2401 2401 2401 2401 2402 2402 2403 2403 2401 2401 2403 2403 2399 2399 2402 2402 2396 2396 2404 2404 2402 2402 2404 2404 2403 2403 2403 2403 2404 2404 2405 2405 2403 2403 2405 2405 2399 2399 2404 2404 2396 2396 2406 2406 2404 2404 2406 2406 2405 2405 2405 2405 2406 2406 2407 2407 2405 2405 2407 2407 2399 2399 2406 2406 2396 2396 2408 2408 2406 2406 2408 2408 2407 2407 2407 2407 2408 2408 2409 2409 2407 2407 2409 2409 2399 2399 2408 2408 2396 2396 2410 2410 2408 2408 2410 2410 2409 2409 2409 2409 2410 2410 2411 2411 2409 2409 2411 2411 2399 2399 2410 2410 2396 2396 2412 2412 2410 2410 2412 2412 2411 2411 2411 2411 2412 2412 2413 2413 2411 2411 2413 2413 2399 2399 2412 2412 2396 2396 2414 2414 2412 2412 2414 2414 2413 2413 2413 2413 2414 2414 2415 2415 2413 2413 2415 2415 2399 2399 2414 2414 2396 2396 2416 2416 2414 2414 2416 2416 2415 2415 2415 2415 2416 2416 2417 2417 2415 2415 2417 2417 2399 2399 2416 2416 2396 2396 2397 2397 2416 2416 2397 2397 2417 2417 2417 2417 2397 2397 2398 2398 2417 2417 2398 2398 2399 2399 2419 2419 2418 2418 2422 2422 2419 2419 2422 2422 2420 2420 2420 2420 2422 2422 2423 2423 2420 2420 2423 2423 2421 2421 2422 2422 2418 2418 2424 2424 2422 2422 2424 2424 2423 2423 2423 2423 2424 2424 2425 2425 2423 2423 2425 2425 2421 2421 2424 2424 2418 2418 2426 2426 2424 2424 2426 2426 2425 2425 2425 2425 2426 2426 2427 2427 2425 2425 2427 2427 2421 2421 2426 2426 2418 2418 2428 2428 2426 2426 2428 2428 2427 2427 2427 2427 2428 2428 2429 2429 2427 2427 2429 2429 2421 2421 2428 2428 2418 2418 2430 2430 2428 2428 2430 2430 2429 2429 2429 2429 2430 2430 2431 2431 2429 2429 2431 2431 2421 2421 2430 2430 2418 2418 2432 2432 2430 2430 2432 2432 2431 2431 2431 2431 2432 2432 2433 2433 2431 2431 2433 2433 2421 2421 2432 2432 2418 2418 2434 2434 2432 2432 2434 2434 2433 2433 2433 2433 2434 2434 2435 2435 2433 2433 2435 2435 2421 2421 2434 2434 2418 2418 2436 2436 2434 2434 2436 2436 2435 2435 2435 2435 2436 2436 2437 2437 2435 2435 2437 2437 2421 2421 2436 2436 2418 2418 2438 2438 2436 2436 2438 2438 2437 2437 2437 2437 2438 2438 2439 2439 2437 2437 2439 2439 2421 2421 2438 2438 2418 2418 2419 2419 2438 2438 2419 2419 2439 2439 2439 2439 2419 2419 2420 2420 2439 2439 2420 2420 2421 2421 2441 2441 2440 2440 2444 2444 2441 2441 2444 2444 2442 2442 2442 2442 2444 2444 2445 2445 2442 2442 2445 2445 2443 2443 2444 2444 2440 2440 2446 2446 2444 2444 2446 2446 2445 2445 2445 2445 2446 2446 2447 2447 2445 2445 2447 2447 2443 2443 2446 2446 2440 2440 2448 2448 2446 2446 2448 2448 2447 2447 2447 2447 2448 2448 2449 2449 2447 2447 2449 2449 2443 2443 2448 2448 2440 2440 2450 2450 2448 2448 2450 2450 2449 2449 2449 2449 2450 2450 2451 2451 2449 2449 2451 2451 2443 2443 2450 2450 2440 2440 2452 2452 2450 2450 2452 2452 2451 2451 2451 2451 2452 2452 2453 2453 2451 2451 2453 2453 2443 2443 2452 2452 2440 2440 2454 2454 2452 2452 2454 2454 2453 2453 2453 2453 2454 2454 2455 2455 2453 2453 2455 2455 2443 2443 2454 2454 2440 2440 2456 2456 2454 2454 2456 2456 2455 2455 2455 2455 2456 2456 2457 2457 2455 2455 2457 2457 2443 2443 2456 2456 2440 2440 2458 2458 2456 2456 2458 2458 2457 2457 2457 2457 2458 2458 2459 2459 2457 2457 2459 2459 2443 2443 2458 2458 2440 2440 2460 2460 2458 2458 2460 2460 2459 2459 2459 2459 2460 2460 2461 2461 2459 2459 2461 2461 2443 2443 2460 2460 2440 2440 2441 2441 2460 2460 2441 2441 2461 2461 2461 2461 2441 2441 2442 2442 2461 2461 2442 2442 2443 2443 2463 2463 2462 2462 2466 2466 2463 2463 2466 2466 2464 2464 2464 2464 2466 2466 2467 2467 2464 2464 2467 2467 2465 2465 2466 2466 2462 2462 2468 2468 2466 2466 2468 2468 2467 2467 2467 2467 2468 2468 2469 2469 2467 2467 2469 2469 2465 2465 2468 2468 2462 2462 2470 2470 2468 2468 2470 2470 2469 2469 2469 2469 2470 2470 2471 2471 2469 2469 2471 2471 2465 2465 2470 2470 2462 2462 2472 2472 2470 2470 2472 2472 2471 2471 2471 2471 2472 2472 2473 2473 2471 2471 2473 2473 2465 2465 2472 2472 2462 2462 2474 2474 2472 2472 2474 2474 2473 2473 2473 2473 2474 2474 2475 2475 2473 2473 2475 2475 2465 2465 2474 2474 2462 2462 2476 2476 2474 2474 2476 2476 2475 2475 2475 2475 2476 2476 2477 2477 2475 2475 2477 2477 2465 2465 2476 2476 2462 2462 2478 2478 2476 2476 2478 2478 2477 2477 2477 2477 2478 2478 2479 2479 2477 2477 2479 2479 2465 2465 2478 2478 2462 2462 2480 2480 2478 2478 2480 2480 2479 2479 2479 2479 2480 2480 2481 2481 2479 2479 2481 2481 2465 2465 2480 2480 2462 2462 2482 2482 2480 2480 2482 2482 2481 2481 2481 2481 2482 2482 2483 2483 2481 2481 2483 2483 2465 2465 2482 2482 2462 2462 2463 2463 2482 2482 2463 2463 2483 2483 2483 2483 2463 2463 2464 2464 2483 2483 2464 2464 2465 2465 2485 2485 2484 2484 2488 2488 2485 2485 2488 2488 2486 2486 2486 2486 2488 2488 2489 2489 2486 2486 2489 2489 2487 2487 2488 2488 2484 2484 2490 2490 2488 2488 2490 2490 2489 2489 2489 2489 2490 2490 2491 2491 2489 2489 2491 2491 2487 2487 2490 2490 2484 2484 2492 2492 2490 2490 2492 2492 2491 2491 2491 2491 2492 2492 2493 2493 2491 2491 2493 2493 2487 2487 2492 2492 2484 2484 2494 2494 2492 2492 2494 2494 2493 2493 2493 2493 2494 2494 2495 2495 2493 2493 2495 2495 2487 2487 2494 2494 2484 2484 2496 2496 2494 2494 2496 2496 2495 2495 2495 2495 2496 2496 2497 2497 2495 2495 2497 2497 2487 2487 2496 2496 2484 2484 2498 2498 2496 2496 2498 2498 2497 2497 2497 2497 2498 2498 2499 2499 2497 2497 2499 2499 2487 2487 2498 2498 2484 2484 2500 2500 2498 2498 2500 2500 2499 2499 2499 2499 2500 2500 2501 2501 2499 2499 2501 2501 2487 2487 2500 2500 2484 2484 2502 2502 2500 2500 2502 2502 2501 2501 2501 2501 2502 2502 2503 2503 2501 2501 2503 2503 2487 2487 2502 2502 2484 2484 2504 2504 2502 2502 2504 2504 2503 2503 2503 2503 2504 2504 2505 2505 2503 2503 2505 2505 2487 2487 2504 2504 2484 2484 2485 2485 2504 2504 2485 2485 2505 2505 2505 2505 2485 2485 2486 2486 2505 2505 2486 2486 2487 2487 2507 2507 2506 2506 2510 2510 2507 2507 2510 2510 2508 2508 2508 2508 2510 2510 2511 2511 2508 2508 2511 2511 2509 2509 2510 2510 2506 2506 2512 2512 2510 2510 2512 2512 2511 2511 2511 2511 2512 2512 2513 2513 2511 2511 2513 2513 2509 2509 2512 2512 2506 2506 2514 2514 2512 2512 2514 2514 2513 2513 2513 2513 2514 2514 2515 2515 2513 2513 2515 2515 2509 2509 2514 2514 2506 2506 2516 2516 2514 2514 2516 2516 2515 2515 2515 2515 2516 2516 2517 2517 2515 2515 2517 2517 2509 2509 2516 2516 2506 2506 2518 2518 2516 2516 2518 2518 2517 2517 2517 2517 2518 2518 2519 2519 2517 2517 2519 2519 2509 2509 2518 2518 2506 2506 2520 2520 2518 2518 2520 2520 2519 2519 2519 2519 2520 2520 2521 2521 2519 2519 2521 2521 2509 2509 2520 2520 2506 2506 2522 2522 2520 2520 2522 2522 2521 2521 2521 2521 2522 2522 2523 2523 2521 2521 2523 2523 2509 2509 2522 2522 2506 2506 2524 2524 2522 2522 2524 2524 2523 2523 2523 2523 2524 2524 2525 2525 2523 2523 2525 2525 2509 2509 2524 2524 2506 2506 2526 2526 2524 2524 2526 2526 2525 2525 2525 2525 2526 2526 2527 2527 2525 2525 2527 2527 2509 2509 2526 2526 2506 2506 2507 2507 2526 2526 2507 2507 2527 2527 2527 2527 2507 2507 2508 2508 2527 2527 2508 2508 2509 2509 2529 2529 2528 2528 2532 2532 2529 2529 2532 2532 2530 2530 2530 2530 2532 2532 2533 2533 2530 2530 2533 2533 2531 2531 2532 2532 2528 2528 2534 2534 2532 2532 2534 2534 2533 2533 2533 2533 2534 2534 2535 2535 2533 2533 2535 2535 2531 2531 2534 2534 2528 2528 2536 2536 2534 2534 2536 2536 2535 2535 2535 2535 2536 2536 2537 2537 2535 2535 2537 2537 2531 2531 2536 2536 2528 2528 2538 2538 2536 2536 2538 2538 2537 2537 2537 2537 2538 2538 2539 2539 2537 2537 2539 2539 2531 2531 2538 2538 2528 2528 2540 2540 2538 2538 2540 2540 2539 2539 2539 2539 2540 2540 2541 2541 2539 2539 2541 2541 2531 2531 2540 2540 2528 2528 2542 2542 2540 2540 2542 2542 2541 2541 2541 2541 2542 2542 2543 2543 2541 2541 2543 2543 2531 2531 2542 2542 2528 2528 2544 2544 2542 2542 2544 2544 2543 2543 2543 2543 2544 2544 2545 2545 2543 2543 2545 2545 2531 2531 2544 2544 2528 2528 2546 2546 2544 2544 2546 2546 2545 2545 2545 2545 2546 2546 2547 2547 2545 2545 2547 2547 2531 2531 2546 2546 2528 2528 2548 2548 2546 2546 2548 2548 2547 2547 2547 2547 2548 2548 2549 2549 2547 2547 2549 2549 2531 2531 2548 2548 2528 2528 2529 2529 2548 2548 2529 2529 2549 2549 2549 2549 2529 2529 2530 2530 2549 2549 2530 2530 2531 2531 2551 2551 2550 2550 2554 2554 2551 2551 2554 2554 2552 2552 2552 2552 2554 2554 2555 2555 2552 2552 2555 2555 2553 2553 2554 2554 2550 2550 2556 2556 2554 2554 2556 2556 2555 2555 2555 2555 2556 2556 2557 2557 2555 2555 2557 2557 2553 2553 2556 2556 2550 2550 2558 2558 2556 2556 2558 2558 2557 2557 2557 2557 2558 2558 2559 2559 2557 2557 2559 2559 2553 2553 2558 2558 2550 2550 2560 2560 2558 2558 2560 2560 2559 2559 2559 2559 2560 2560 2561 2561 2559 2559 2561 2561 2553 2553 2560 2560 2550 2550 2562 2562 2560 2560 2562 2562 2561 2561 2561 2561 2562 2562 2563 2563 2561 2561 2563 2563 2553 2553 2562 2562 2550 2550 2564 2564 2562 2562 2564 2564 2563 2563 2563 2563 2564 2564 2565 2565 2563 2563 2565 2565 2553 2553 2564 2564 2550 2550 2566 2566 2564 2564 2566 2566 2565 2565 2565 2565 2566 2566 2567 2567 2565 2565 2567 2567 2553 2553 2566 2566 2550 2550 2568 2568 2566 2566 2568 2568 2567 2567 2567 2567 2568 2568 2569 2569 2567 2567 2569 2569 2553 2553 2568 2568 2550 2550 2570 2570 2568 2568 2570 2570 2569 2569 2569 2569 2570 2570 2571 2571 2569 2569 2571 2571 2553 2553 2570 2570 2550 2550 2551 2551 2570 2570 2551 2551 2571 2571 2571 2571 2551 2551 2552 2552 2571 2571 2552 2552 2553 2553 2573 2573 2572 2572 2576 2576 2573 2573 2576 2576 2574 2574 2574 2574 2576 2576 2577 2577 2574 2574 2577 2577 2575 2575 2576 2576 2572 2572 2578 2578 2576 2576 2578 2578 2577 2577 2577 2577 2578 2578 2579 2579 2577 2577 2579 2579 2575 2575 2578 2578 2572 2572 2580 2580 2578 2578 2580 2580 2579 2579 2579 2579 2580 2580 2581 2581 2579 2579 2581 2581 2575 2575 2580 2580 2572 2572 2582 2582 2580 2580 2582 2582 2581 2581 2581 2581 2582 2582 2583 2583 2581 2581 2583 2583 2575 2575 2582 2582 2572 2572 2584 2584 2582 2582 2584 2584 2583 2583 2583 2583 2584 2584 2585 2585 2583 2583 2585 2585 2575 2575 2584 2584 2572 2572 2586 2586 2584 2584 2586 2586 2585 2585 2585 2585 2586 2586 2587 2587 2585 2585 2587 2587 2575 2575 2586 2586 2572 2572 2588 2588 2586 2586 2588 2588 2587 2587 2587 2587 2588 2588 2589 2589 2587 2587 2589 2589 2575 2575 2588 2588 2572 2572 2590 2590 2588 2588 2590 2590 2589 2589 2589 2589 2590 2590 2591 2591 2589 2589 2591 2591 2575 2575 2590 2590 2572 2572 2592 2592 2590 2590 2592 2592 2591 2591 2591 2591 2592 2592 2593 2593 2591 2591 2593 2593 2575 2575 2592 2592 2572 2572 2573 2573 2592 2592 2573 2573 2593 2593 2593 2593 2573 2573 2574 2574 2593 2593 2574 2574 2575 2575 2595 2595 2594 2594 2598 2598 2595 2595 2598 2598 2596 2596 2596 2596 2598 2598 2599 2599 2596 2596 2599 2599 2597 2597 2598 2598 2594 2594 2600 2600 2598 2598 2600 2600 2599 2599 2599 2599 2600 2600 2601 2601 2599 2599 2601 2601 2597 2597 2600 2600 2594 2594 2602 2602 2600 2600 2602 2602 2601 2601 2601 2601 2602 2602 2603 2603 2601 2601 2603 2603 2597 2597 2602 2602 2594 2594 2604 2604 2602 2602 2604 2604 2603 2603 2603 2603 2604 2604 2605 2605 2603 2603 2605 2605 2597 2597 2604 2604 2594 2594 2606 2606 2604 2604 2606 2606 2605 2605 2605 2605 2606 2606 2607 2607 2605 2605 2607 2607 2597 2597 2606 2606 2594 2594 2608 2608 2606 2606 2608 2608 2607 2607 2607 2607 2608 2608 2609 2609 2607 2607 2609 2609 2597 2597 2608 2608 2594 2594 2610 2610 2608 2608 2610 2610 2609 2609 2609 2609 2610 2610 2611 2611 2609 2609 2611 2611 2597 2597 2610 2610 2594 2594 2612 2612 2610 2610 2612 2612 2611 2611 2611 2611 2612 2612 2613 2613 2611 2611 2613 2613 2597 2597 2612 2612 2594 2594 2614 2614 2612 2612 2614 2614 2613 2613 2613 2613 2614 2614 2615 2615 2613 2613 2615 2615 2597 2597 2614 2614 2594 2594 2595 2595 2614 2614 2595 2595 2615 2615 2615 2615 2595 2595 2596 2596 2615 2615 2596 2596 2597 2597 2617 2617 2616 2616 2620 2620 2617 2617 2620 2620 2618 2618 2618 2618 2620 2620 2621 2621 2618 2618 2621 2621 2619 2619 2620 2620 2616 2616 2622 2622 2620 2620 2622 2622 2621 2621 2621 2621 2622 2622 2623 2623 2621 2621 2623 2623 2619 2619 2622 2622 2616 2616 2624 2624 2622 2622 2624 2624 2623 2623 2623 2623 2624 2624 2625 2625 2623 2623 2625 2625 2619 2619 2624 2624 2616 2616 2626 2626 2624 2624 2626 2626 2625 2625 2625 2625 2626 2626 2627 2627 2625 2625 2627 2627 2619 2619 2626 2626 2616 2616 2628 2628 2626 2626 2628 2628 2627 2627 2627 2627 2628 2628 2629 2629 2627 2627 2629 2629 2619 2619 2628 2628 2616 2616 2630 2630 2628 2628 2630 2630 2629 2629 2629 2629 2630 2630 2631 2631 2629 2629 2631 2631 2619 2619 2630 2630 2616 2616 2632 2632 2630 2630 2632 2632 2631 2631 2631 2631 2632 2632 2633 2633 2631 2631 2633 2633 2619 2619 2632 2632 2616 2616 2634 2634 2632 2632 2634 2634 2633 2633 2633 2633 2634 2634 2635 2635 2633 2633 2635 2635 2619 2619 2634 2634 2616 2616 2636 2636 2634 2634 2636 2636 2635 2635 2635 2635 2636 2636 2637 2637 2635 2635 2637 2637 2619 2619 2636 2636 2616 2616 2617 2617 2636 2636 2617 2617 2637 2637 2637 2637 2617 2617 2618 2618 2637 2637 2618 2618 2619 2619 2639 2639 2638 2638 2642 2642 2639 2639 2642 2642 2640 2640 2640 2640 2642 2642 2643 2643 2640 2640 2643 2643 2641 2641 2642 2642 2638 2638 2644 2644 2642 2642 2644 2644 2643 2643 2643 2643 2644 2644 2645 2645 2643 2643 2645 2645 2641 2641 2644 2644 2638 2638 2646 2646 2644 2644 2646 2646 2645 2645 2645 2645 2646 2646 2647 2647 2645 2645 2647 2647 2641 2641 2646 2646 2638 2638 2648 2648 2646 2646 2648 2648 2647 2647 2647 2647 2648 2648 2649 2649 2647 2647 2649 2649 2641 2641 2648 2648 2638 2638 2650 2650 2648 2648 2650 2650 2649 2649 2649 2649 2650 2650 2651 2651 2649 2649 2651 2651 2641 2641 2650 2650 2638 2638 2652 2652 2650 2650 2652 2652 2651 2651 2651 2651 2652 2652 2653 2653 2651 2651 2653 2653 2641 2641 2652 2652 2638 2638 2654 2654 2652 2652 2654 2654 2653 2653 2653 2653 2654 2654 2655 2655 2653 2653 2655 2655 2641 2641 2654 2654 2638 2638 2656 2656 2654 2654 2656 2656 2655 2655 2655 2655 2656 2656 2657 2657 2655 2655 2657 2657 2641 2641 2656 2656 2638 2638 2658 2658 2656 2656 2658 2658 2657 2657 2657 2657 2658 2658 2659 2659 2657 2657 2659 2659 2641 2641 2658 2658 2638 2638 2639 2639 2658 2658 2639 2639 2659 2659 2659 2659 2639 2639 2640 2640 2659 2659 2640 2640 2641 2641 2661 2661 2660 2660 2664 2664 2661 2661 2664 2664 2662 2662 2662 2662 2664 2664 2665 2665 2662 2662 2665 2665 2663 2663 2664 2664 2660 2660 2666 2666 2664 2664 2666 2666 2665 2665 2665 2665 2666 2666 2667 2667 2665 2665 2667 2667 2663 2663 2666 2666 2660 2660 2668 2668 2666 2666 2668 2668 2667 2667 2667 2667 2668 2668 2669 2669 2667 2667 2669 2669 2663 2663 2668 2668 2660 2660 2670 2670 2668 2668 2670 2670 2669 2669 2669 2669 2670 2670 2671 2671 2669 2669 2671 2671 2663 2663 2670 2670 2660 2660 2672 2672 2670 2670 2672 2672 2671 2671 2671 2671 2672 2672 2673 2673 2671 2671 2673 2673 2663 2663 2672 2672 2660 2660 2674 2674 2672 2672 2674 2674 2673 2673 2673 2673 2674 2674 2675 2675 2673 2673 2675 2675 2663 2663 2674 2674 2660 2660 2676 2676 2674 2674 2676 2676 2675 2675 2675 2675 2676 2676 2677 2677 2675 2675 2677 2677 2663 2663 2676 2676 2660 2660 2678 2678 2676 2676 2678 2678 2677 2677 2677 2677 2678 2678 2679 2679 2677 2677 2679 2679 2663 2663 2678 2678 2660 2660 2680 2680 2678 2678 2680 2680 2679 2679 2679 2679 2680 2680 2681 2681 2679 2679 2681 2681 2663 2663 2680 2680 2660 2660 2661 2661 2680 2680 2661 2661 2681 2681 2681 2681 2661 2661 2662 2662 2681 2681 2662 2662 2663 2663 2683 2683 2682 2682 2686 2686 2683 2683 2686 2686 2684 2684 2684 2684 2686 2686 2687 2687 2684 2684 2687 2687 2685 2685 2686 2686 2682 2682 2688 2688 2686 2686 2688 2688 2687 2687 2687 2687 2688 2688 2689 2689 2687 2687 2689 2689 2685 2685 2688 2688 2682 2682 2690 2690 2688 2688 2690 2690 2689 2689 2689 2689 2690 2690 2691 2691 2689 2689 2691 2691 2685 2685 2690 2690 2682 2682 2692 2692 2690 2690 2692 2692 2691 2691 2691 2691 2692 2692 2693 2693 2691 2691 2693 2693 2685 2685 2692 2692 2682 2682 2694 2694 2692 2692 2694 2694 2693 2693 2693 2693 2694 2694 2695 2695 2693 2693 2695 2695 2685 2685 2694 2694 2682 2682 2696 2696 2694 2694 2696 2696 2695 2695 2695 2695 2696 2696 2697 2697 2695 2695 2697 2697 2685 2685 2696 2696 2682 2682 2698 2698 2696 2696 2698 2698 2697 2697 2697 2697 2698 2698 2699 2699 2697 2697 2699 2699 2685 2685 2698 2698 2682 2682 2700 2700 2698 2698 2700 2700 2699 2699 2699 2699 2700 2700 2701 2701 2699 2699 2701 2701 2685 2685 2700 2700 2682 2682 2702 2702 2700 2700 2702 2702 2701 2701 2701 2701 2702 2702 2703 2703 2701 2701 2703 2703 2685 2685 2702 2702 2682 2682 2683 2683 2702 2702 2683 2683 2703 2703 2703 2703 2683 2683 2684 2684 2703 2703 2684 2684 2685 2685 2705 2705 2704 2704 2708 2708 2705 2705 2708 2708 2706 2706 2706 2706 2708 2708 2709 2709 2706 2706 2709 2709 2707 2707 2708 2708 2704 2704 2710 2710 2708 2708 2710 2710 2709 2709 2709 2709 2710 2710 2711 2711 2709 2709 2711 2711 2707 2707 2710 2710 2704 2704 2712 2712 2710 2710 2712 2712 2711 2711 2711 2711 2712 2712 2713 2713 2711 2711 2713 2713 2707 2707 2712 2712 2704 2704 2714 2714 2712 2712 2714 2714 2713 2713 2713 2713 2714 2714 2715 2715 2713 2713 2715 2715 2707 2707 2714 2714 2704 2704 2716 2716 2714 2714 2716 2716 2715 2715 2715 2715 2716 2716 2717 2717 2715 2715 2717 2717 2707 2707 2716 2716 2704 2704 2718 2718 2716 2716 2718 2718 2717 2717 2717 2717 2718 2718 2719 2719 2717 2717 2719 2719 2707 2707 2718 2718 2704 2704 2720 2720 2718 2718 2720 2720 2719 2719 2719 2719 2720 2720 2721 2721 2719 2719 2721 2721 2707 2707 2720 2720 2704 2704 2722 2722 2720 2720 2722 2722 2721 2721 2721 2721 2722 2722 2723 2723 2721 2721 2723 2723 2707 2707 2722 2722 2704 2704 2724 2724 2722 2722 2724 2724 2723 2723 2723 2723 2724 2724 2725 2725 2723 2723 2725 2725 2707 2707 2724 2724 2704 2704 2705 2705 2724 2724 2705 2705 2725 2725 2725 2725 2705 2705 2706 2706 2725 2725 2706 2706 2707 2707 2727 2727 2726 2726 2730 2730 2727 2727 2730 2730 2728 2728 2728 2728 2730 2730 2731 2731 2728 2728 2731 2731 2729 2729 2730 2730 2726 2726 2732 2732 2730 2730 2732 2732 2731 2731 2731 2731 2732 2732 2733 2733 2731 2731 2733 2733 2729 2729 2732 2732 2726 2726 2734 2734 2732 2732 2734 2734 2733 2733 2733 2733 2734 2734 2735 2735 2733 2733 2735 2735 2729 2729 2734 2734 2726 2726 2736 2736 2734 2734 2736 2736 2735 2735 2735 2735 2736 2736 2737 2737 2735 2735 2737 2737 2729 2729 2736 2736 2726 2726 2738 2738 2736 2736 2738 2738 2737 2737 2737 2737 2738 2738 2739 2739 2737 2737 2739 2739 2729 2729 2738 2738 2726 2726 2740 2740 2738 2738 2740 2740 2739 2739 2739 2739 2740 2740 2741 2741 2739 2739 2741 2741 2729 2729 2740 2740 2726 2726 2742 2742 2740 2740 2742 2742 2741 2741 2741 2741 2742 2742 2743 2743 2741 2741 2743 2743 2729 2729 2742 2742 2726 2726 2744 2744 2742 2742 2744 2744 2743 2743 2743 2743 2744 2744 2745 2745 2743 2743 2745 2745 2729 2729 2744 2744 2726 2726 2746 2746 2744 2744 2746 2746 2745 2745 2745 2745 2746 2746 2747 2747 2745 2745 2747 2747 2729 2729 2746 2746 2726 2726 2727 2727 2746 2746 2727 2727 2747 2747 2747 2747 2727 2727 2728 2728 2747 2747 2728 2728 2729 2729 2749 2749 2748 2748 2752 2752 2749 2749 2752 2752 2750 2750 2750 2750 2752 2752 2753 2753 2750 2750 2753 2753 2751 2751 2752 2752 2748 2748 2754 2754 2752 2752 2754 2754 2753 2753 2753 2753 2754 2754 2755 2755 2753 2753 2755 2755 2751 2751 2754 2754 2748 2748 2756 2756 2754 2754 2756 2756 2755 2755 2755 2755 2756 2756 2757 2757 2755 2755 2757 2757 2751 2751 2756 2756 2748 2748 2758 2758 2756 2756 2758 2758 2757 2757 2757 2757 2758 2758 2759 2759 2757 2757 2759 2759 2751 2751 2758 2758 2748 2748 2760 2760 2758 2758 2760 2760 2759 2759 2759 2759 2760 2760 2761 2761 2759 2759 2761 2761 2751 2751 2760 2760 2748 2748 2762 2762 2760 2760 2762 2762 2761 2761 2761 2761 2762 2762 2763 2763 2761 2761 2763 2763 2751 2751 2762 2762 2748 2748 2764 2764 2762 2762 2764 2764 2763 2763 2763 2763 2764 2764 2765 2765 2763 2763 2765 2765 2751 2751 2764 2764 2748 2748 2766 2766 2764 2764 2766 2766 2765 2765 2765 2765 2766 2766 2767 2767 2765 2765 2767 2767 2751 2751 2766 2766 2748 2748 2768 2768 2766 2766 2768 2768 2767 2767 2767 2767 2768 2768 2769 2769 2767 2767 2769 2769 2751 2751 2768 2768 2748 2748 2749 2749 2768 2768 2749 2749 2769 2769 2769 2769 2749 2749 2750 2750 2769 2769 2750 2750 2751 2751 2771 2771 2770 2770 2774 2774 2771 2771 2774 2774 2772 2772 2772 2772 2774 2774 2775 2775 2772 2772 2775 2775 2773 2773 2774 2774 2770 2770 2776 2776 2774 2774 2776 2776 2775 2775 2775 2775 2776 2776 2777 2777 2775 2775 2777 2777 2773 2773 2776 2776 2770 2770 2778 2778 2776 2776 2778 2778 2777 2777 2777 2777 2778 2778 2779 2779 2777 2777 2779 2779 2773 2773 2778 2778 2770 2770 2780 2780 2778 2778 2780 2780 2779 2779 2779 2779 2780 2780 2781 2781 2779 2779 2781 2781 2773 2773 2780 2780 2770 2770 2782 2782 2780 2780 2782 2782 2781 2781 2781 2781 2782 2782 2783 2783 2781 2781 2783 2783 2773 2773 2782 2782 2770 2770 2784 2784 2782 2782 2784 2784 2783 2783 2783 2783 2784 2784 2785 2785 2783 2783 2785 2785 2773 2773 2784 2784 2770 2770 2786 2786 2784 2784 2786 2786 2785 2785 2785 2785 2786 2786 2787 2787 2785 2785 2787 2787 2773 2773 2786 2786 2770 2770 2788 2788 2786 2786 2788 2788 2787 2787 2787 2787 2788 2788 2789 2789 2787 2787 2789 2789 2773 2773 2788 2788 2770 2770 2790 2790 2788 2788 2790 2790 2789 2789 2789 2789 2790 2790 2791 2791 2789 2789 2791 2791 2773 2773 2790 2790 2770 2770 2771 2771 2790 2790 2771 2771 2791 2791 2791 2791 2771 2771 2772 2772 2791 2791 2772 2772 2773 2773 2793 2793 2792 2792 2796 2796 2793 2793 2796 2796 2794 2794 2794 2794 2796 2796 2797 2797 2794 2794 2797 2797 2795 2795 2796 2796 2792 2792 2798 2798 2796 2796 2798 2798 2797 2797 2797 2797 2798 2798 2799 2799 2797 2797 2799 2799 2795 2795 2798 2798 2792 2792 2800 2800 2798 2798 2800 2800 2799 2799 2799 2799 2800 2800 2801 2801 2799 2799 2801 2801 2795 2795 2800 2800 2792 2792 2802 2802 2800 2800 2802 2802 2801 2801 2801 2801 2802 2802 2803 2803 2801 2801 2803 2803 2795 2795 2802 2802 2792 2792 2804 2804 2802 2802 2804 2804 2803 2803 2803 2803 2804 2804 2805 2805 2803 2803 2805 2805 2795 2795 2804 2804 2792 2792 2806 2806 2804 2804 2806 2806 2805 2805 2805 2805 2806 2806 2807 2807 2805 2805 2807 2807 2795 2795 2806 2806 2792 2792 2808 2808 2806 2806 2808 2808 2807 2807 2807 2807 2808 2808 2809 2809 2807 2807 2809 2809 2795 2795 2808 2808 2792 2792 2810 2810 2808 2808 2810 2810 2809 2809 2809 2809 2810 2810 2811 2811 2809 2809 2811 2811 2795 2795 2810 2810 2792 2792 2812 2812 2810 2810 2812 2812 2811 2811 2811 2811 2812 2812 2813 2813 2811 2811 2813 2813 2795 2795 2812 2812 2792 2792 2793 2793 2812 2812 2793 2793 2813 2813 2813 2813 2793 2793 2794 2794 2813 2813 2794 2794 2795 2795 2815 2815 2814 2814 2818 2818 2815 2815 2818 2818 2816 2816 2816 2816 2818 2818 2819 2819 2816 2816 2819 2819 2817 2817 2818 2818 2814 2814 2820 2820 2818 2818 2820 2820 2819 2819 2819 2819 2820 2820 2821 2821 2819 2819 2821 2821 2817 2817 2820 2820 2814 2814 2822 2822 2820 2820 2822 2822 2821 2821 2821 2821 2822 2822 2823 2823 2821 2821 2823 2823 2817 2817 2822 2822 2814 2814 2824 2824 2822 2822 2824 2824 2823 2823 2823 2823 2824 2824 2825 2825 2823 2823 2825 2825 2817 2817 2824 2824 2814 2814 2826 2826 2824 2824 2826 2826 2825 2825 2825 2825 2826 2826 2827 2827 2825 2825 2827 2827 2817 2817 2826 2826 2814 2814 2828 2828 2826 2826 2828 2828 2827 2827 2827 2827 2828 2828 2829 2829 2827 2827 2829 2829 2817 2817 2828 2828 2814 2814 2830 2830 2828 2828 2830 2830 2829 2829 2829 2829 2830 2830 2831 2831 2829 2829 2831 2831 2817 2817 2830 2830 2814 2814 2832 2832 2830 2830 2832 2832 2831 2831 2831 2831 2832 2832 2833 2833 2831 2831 2833 2833 2817 2817 2832 2832 2814 2814 2834 2834 2832 2832 2834 2834 2833 2833 2833 2833 2834 2834 2835 2835 2833 2833 2835 2835 2817 2817 2834 2834 2814 2814 2815 2815 2834 2834 2815 2815 2835 2835 2835 2835 2815 2815 2816 2816 2835 2835 2816 2816 2817 2817 2837 2837 2836 2836 2840 2840 2837 2837 2840 2840 2838 2838 2838 2838 2840 2840 2841 2841 2838 2838 2841 2841 2839 2839 2840 2840 2836 2836 2842 2842 2840 2840 2842 2842 2841 2841 2841 2841 2842 2842 2843 2843 2841 2841 2843 2843 2839 2839 2842 2842 2836 2836 2844 2844 2842 2842 2844 2844 2843 2843 2843 2843 2844 2844 2845 2845 2843 2843 2845 2845 2839 2839 2844 2844 2836 2836 2846 2846 2844 2844 2846 2846 2845 2845 2845 2845 2846 2846 2847 2847 2845 2845 2847 2847 2839 2839 2846 2846 2836 2836 2848 2848 2846 2846 2848 2848 2847 2847 2847 2847 2848 2848 2849 2849 2847 2847 2849 2849 2839 2839 2848 2848 2836 2836 2850 2850 2848 2848 2850 2850 2849 2849 2849 2849 2850 2850 2851 2851 2849 2849 2851 2851 2839 2839 2850 2850 2836 2836 2852 2852 2850 2850 2852 2852 2851 2851 2851 2851 2852 2852 2853 2853 2851 2851 2853 2853 2839 2839 2852 2852 2836 2836 2854 2854 2852 2852 2854 2854 2853 2853 2853 2853 2854 2854 2855 2855 2853 2853 2855 2855 2839 2839 2854 2854 2836 2836 2856 2856 2854 2854 2856 2856 2855 2855 2855 2855 2856 2856 2857 2857 2855 2855 2857 2857 2839 2839 2856 2856 2836 2836 2837 2837 2856 2856 2837 2837 2857 2857 2857 2857 2837 2837 2838 2838 2857 2857 2838 2838 2839 2839 2859 2859 2858 2858 2862 2862 2859 2859 2862 2862 2860 2860 2860 2860 2862 2862 2863 2863 2860 2860 2863 2863 2861 2861 2862 2862 2858 2858 2864 2864 2862 2862 2864 2864 2863 2863 2863 2863 2864 2864 2865 2865 2863 2863 2865 2865 2861 2861 2864 2864 2858 2858 2866 2866 2864 2864 2866 2866 2865 2865 2865 2865 2866 2866 2867 2867 2865 2865 2867 2867 2861 2861 2866 2866 2858 2858 2868 2868 2866 2866 2868 2868 2867 2867 2867 2867 2868 2868 2869 2869 2867 2867 2869 2869 2861 2861 2868 2868 2858 2858 2870 2870 2868 2868 2870 2870 2869 2869 2869 2869 2870 2870 2871 2871 2869 2869 2871 2871 2861 2861 2870 2870 2858 2858 2872 2872 2870 2870 2872 2872 2871 2871 2871 2871 2872 2872 2873 2873 2871 2871 2873 2873 2861 2861 2872 2872 2858 2858 2874 2874 2872 2872 2874 2874 2873 2873 2873 2873 2874 2874 2875 2875 2873 2873 2875 2875 2861 2861 2874 2874 2858 2858 2876 2876 2874 2874 2876 2876 2875 2875 2875 2875 2876 2876 2877 2877 2875 2875 2877 2877 2861 2861 2876 2876 2858 2858 2878 2878 2876 2876 2878 2878 2877 2877 2877 2877 2878 2878 2879 2879 2877 2877 2879 2879 2861 2861 2878 2878 2858 2858 2859 2859 2878 2878 2859 2859 2879 2879 2879 2879 2859 2859 2860 2860 2879 2879 2860 2860 2861 2861 2881 2881 2880 2880 2884 2884 2881 2881 2884 2884 2882 2882 2882 2882 2884 2884 2885 2885 2882 2882 2885 2885 2883 2883 2884 2884 2880 2880 2886 2886 2884 2884 2886 2886 2885 2885 2885 2885 2886 2886 2887 2887 2885 2885 2887 2887 2883 2883 2886 2886 2880 2880 2888 2888 2886 2886 2888 2888 2887 2887 2887 2887 2888 2888 2889 2889 2887 2887 2889 2889 2883 2883 2888 2888 2880 2880 2890 2890 2888 2888 2890 2890 2889 2889 2889 2889 2890 2890 2891 2891 2889 2889 2891 2891 2883 2883 2890 2890 2880 2880 2892 2892 2890 2890 2892 2892 2891 2891 2891 2891 2892 2892 2893 2893 2891 2891 2893 2893 2883 2883 2892 2892 2880 2880 2894 2894 2892 2892 2894 2894 2893 2893 2893 2893 2894 2894 2895 2895 2893 2893 2895 2895 2883 2883 2894 2894 2880 2880 2896 2896 2894 2894 2896 2896 2895 2895 2895 2895 2896 2896 2897 2897 2895 2895 2897 2897 2883 2883 2896 2896 2880 2880 2898 2898 2896 2896 2898 2898 2897 2897 2897 2897 2898 2898 2899 2899 2897 2897 2899 2899 2883 2883 2898 2898 2880 2880 2900 2900 2898 2898 2900 2900 2899 2899 2899 2899 2900 2900 2901 2901 2899 2899 2901 2901 2883 2883 2900 2900 2880 2880 2881 2881 2900 2900 2881 2881 2901 2901 2901 2901 2881 2881 2882 2882 2901 2901 2882 2882 2883 2883 2903 2903 2902 2902 2906 2906 2903 2903 2906 2906 2904 2904 2904 2904 2906 2906 2907 2907 2904 2904 2907 2907 2905 2905 2906 2906 2902 2902 2908 2908 2906 2906 2908 2908 2907 2907 2907 2907 2908 2908 2909 2909 2907 2907 2909 2909 2905 2905 2908 2908 2902 2902 2910 2910 2908 2908 2910 2910 2909 2909 2909 2909 2910 2910 2911 2911 2909 2909 2911 2911 2905 2905 2910 2910 2902 2902 2912 2912 2910 2910 2912 2912 2911 2911 2911 2911 2912 2912 2913 2913 2911 2911 2913 2913 2905 2905 2912 2912 2902 2902 2914 2914 2912 2912 2914 2914 2913 2913 2913 2913 2914 2914 2915 2915 2913 2913 2915 2915 2905 2905 2914 2914 2902 2902 2916 2916 2914 2914 2916 2916 2915 2915 2915 2915 2916 2916 2917 2917 2915 2915 2917 2917 2905 2905 2916 2916 2902 2902 2918 2918 2916 2916 2918 2918 2917 2917 2917 2917 2918 2918 2919 2919 2917 2917 2919 2919 2905 2905 2918 2918 2902 2902 2920 2920 2918 2918 2920 2920 2919 2919 2919 2919 2920 2920 2921 2921 2919 2919 2921 2921 2905 2905 2920 2920 2902 2902 2922 2922 2920 2920 2922 2922 2921 2921 2921 2921 2922 2922 2923 2923 2921 2921 2923 2923 2905 2905 2922 2922 2902 2902 2903 2903 2922 2922 2903 2903 2923 2923 2923 2923 2903 2903 2904 2904 2923 2923 2904 2904 2905 2905 2925 2925 2924 2924 2928 2928 2925 2925 2928 2928 2926 2926 2926 2926 2928 2928 2929 2929 2926 2926 2929 2929 2927 2927 2928 2928 2924 2924 2930 2930 2928 2928 2930 2930 2929 2929 2929 2929 2930 2930 2931 2931 2929 2929 2931 2931 2927 2927 2930 2930 2924 2924 2932 2932 2930 2930 2932 2932 2931 2931 2931 2931 2932 2932 2933 2933 2931 2931 2933 2933 2927 2927 2932 2932 2924 2924 2934 2934 2932 2932 2934 2934 2933 2933 2933 2933 2934 2934 2935 2935 2933 2933 2935 2935 2927 2927 2934 2934 2924 2924 2936 2936 2934 2934 2936 2936 2935 2935 2935 2935 2936 2936 2937 2937 2935 2935 2937 2937 2927 2927 2936 2936 2924 2924 2938 2938 2936 2936 2938 2938 2937 2937 2937 2937 2938 2938 2939 2939 2937 2937 2939 2939 2927 2927 2938 2938 2924 2924 2940 2940 2938 2938 2940 2940 2939 2939 2939 2939 2940 2940 2941 2941 2939 2939 2941 2941 2927 2927 2940 2940 2924 2924 2942 2942 2940 2940 2942 2942 2941 2941 2941 2941 2942 2942 2943 2943 2941 2941 2943 2943 2927 2927 2942 2942 2924 2924 2944 2944 2942 2942 2944 2944 2943 2943 2943 2943 2944 2944 2945 2945 2943 2943 2945 2945 2927 2927 2944 2944 2924 2924 2925 2925 2944 2944 2925 2925 2945 2945 2945 2945 2925 2925 2926 2926 2945 2945 2926 2926 2927 2927 2947 2947 2946 2946 2950 2950 2947 2947 2950 2950 2948 2948 2948 2948 2950 2950 2951 2951 2948 2948 2951 2951 2949 2949 2950 2950 2946 2946 2952 2952 2950 2950 2952 2952 2951 2951 2951 2951 2952 2952 2953 2953 2951 2951 2953 2953 2949 2949 2952 2952 2946 2946 2954 2954 2952 2952 2954 2954 2953 2953 2953 2953 2954 2954 2955 2955 2953 2953 2955 2955 2949 2949 2954 2954 2946 2946 2956 2956 2954 2954 2956 2956 2955 2955 2955 2955 2956 2956 2957 2957 2955 2955 2957 2957 2949 2949 2956 2956 2946 2946 2958 2958 2956 2956 2958 2958 2957 2957 2957 2957 2958 2958 2959 2959 2957 2957 2959 2959 2949 2949 2958 2958 2946 2946 2960 2960 2958 2958 2960 2960 2959 2959 2959 2959 2960 2960 2961 2961 2959 2959 2961 2961 2949 2949 2960 2960 2946 2946 2962 2962 2960 2960 2962 2962 2961 2961 2961 2961 2962 2962 2963 2963 2961 2961 2963 2963 2949 2949 2962 2962 2946 2946 2964 2964 2962 2962 2964 2964 2963 2963 2963 2963 2964 2964 2965 2965 2963 2963 2965 2965 2949 2949 2964 2964 2946 2946 2966 2966 2964 2964 2966 2966 2965 2965 2965 2965 2966 2966 2967 2967 2965 2965 2967 2967 2949 2949 2966 2966 2946 2946 2947 2947 2966 2966 2947 2947 2967 2967 2967 2967 2947 2947 2948 2948 2967 2967 2948 2948 2949 2949 2969 2969 2968 2968 2972 2972 2969 2969 2972 2972 2970 2970 2970 2970 2972 2972 2973 2973 2970 2970 2973 2973 2971 2971 2972 2972 2968 2968 2974 2974 2972 2972 2974 2974 2973 2973 2973 2973 2974 2974 2975 2975 2973 2973 2975 2975 2971 2971 2974 2974 2968 2968 2976 2976 2974 2974 2976 2976 2975 2975 2975 2975 2976 2976 2977 2977 2975 2975 2977 2977 2971 2971 2976 2976 2968 2968 2978 2978 2976 2976 2978 2978 2977 2977 2977 2977 2978 2978 2979 2979 2977 2977 2979 2979 2971 2971 2978 2978 2968 2968 2980 2980 2978 2978 2980 2980 2979 2979 2979 2979 2980 2980 2981 2981 2979 2979 2981 2981 2971 2971 2980 2980 2968 2968 2982 2982 2980 2980 2982 2982 2981 2981 2981 2981 2982 2982 2983 2983 2981 2981 2983 2983 2971 2971 2982 2982 2968 2968 2984 2984 2982 2982 2984 2984 2983 2983 2983 2983 2984 2984 2985 2985 2983 2983 2985 2985 2971 2971 2984 2984 2968 2968 2986 2986 2984 2984 2986 2986 2985 2985 2985 2985 2986 2986 2987 2987 2985 2985 2987 2987 2971 2971 2986 2986 2968 2968 2988 2988 2986 2986 2988 2988 2987 2987 2987 2987 2988 2988 2989 2989 2987 2987 2989 2989 2971 2971 2988 2988 2968 2968 2969 2969 2988 2988 2969 2969 2989 2989 2989 2989 2969 2969 2970 2970 2989 2989 2970 2970 2971 2971 2991 2991 2990 2990 2994 2994 2991 2991 2994 2994 2992 2992 2992 2992 2994 2994 2995 2995 2992 2992 2995 2995 2993 2993 2994 2994 2990 2990 2996 2996 2994 2994 2996 2996 2995 2995 2995 2995 2996 2996 2997 2997 2995 2995 2997 2997 2993 2993 2996 2996 2990 2990 2998 2998 2996 2996 2998 2998 2997 2997 2997 2997 2998 2998 2999 2999 2997 2997 2999 2999 2993 2993 2998 2998 2990 2990 3000 3000 2998 2998 3000 3000 2999 2999 2999 2999 3000 3000 3001 3001 2999 2999 3001 3001 2993 2993 3000 3000 2990 2990 3002 3002 3000 3000 3002 3002 3001 3001 3001 3001 3002 3002 3003 3003 3001 3001 3003 3003 2993 2993 3002 3002 2990 2990 3004 3004 3002 3002 3004 3004 3003 3003 3003 3003 3004 3004 3005 3005 3003 3003 3005 3005 2993 2993 3004 3004 2990 2990 3006 3006 3004 3004 3006 3006 3005 3005 3005 3005 3006 3006 3007 3007 3005 3005 3007 3007 2993 2993 3006 3006 2990 2990 3008 3008 3006 3006 3008 3008 3007 3007 3007 3007 3008 3008 3009 3009 3007 3007 3009 3009 2993 2993 3008 3008 2990 2990 3010 3010 3008 3008 3010 3010 3009 3009 3009 3009 3010 3010 3011 3011 3009 3009 3011 3011 2993 2993 3010 3010 2990 2990 2991 2991 3010 3010 2991 2991 3011 3011 3011 3011 2991 2991 2992 2992 3011 3011 2992 2992 2993 2993 3013 3013 3012 3012 3016 3016 3013 3013 3016 3016 3014 3014 3014 3014 3016 3016 3017 3017 3014 3014 3017 3017 3015 3015 3016 3016 3012 3012 3018 3018 3016 3016 3018 3018 3017 3017 3017 3017 3018 3018 3019 3019 3017 3017 3019 3019 3015 3015 3018 3018 3012 3012 3020 3020 3018 3018 3020 3020 3019 3019 3019 3019 3020 3020 3021 3021 3019 3019 3021 3021 3015 3015 3020 3020 3012 3012 3022 3022 3020 3020 3022 3022 3021 3021 3021 3021 3022 3022 3023 3023 3021 3021 3023 3023 3015 3015 3022 3022 3012 3012 3024 3024 3022 3022 3024 3024 3023 3023 3023 3023 3024 3024 3025 3025 3023 3023 3025 3025 3015 3015 3024 3024 3012 3012 3026 3026 3024 3024 3026 3026 3025 3025 3025 3025 3026 3026 3027 3027 3025 3025 3027 3027 3015 3015 3026 3026 3012 3012 3028 3028 3026 3026 3028 3028 3027 3027 3027 3027 3028 3028 3029 3029 3027 3027 3029 3029 3015 3015 3028 3028 3012 3012 3030 3030 3028 3028 3030 3030 3029 3029 3029 3029 3030 3030 3031 3031 3029 3029 3031 3031 3015 3015 3030 3030 3012 3012 3032 3032 3030 3030 3032 3032 3031 3031 3031 3031 3032 3032 3033 3033 3031 3031 3033 3033 3015 3015 3032 3032 3012 3012 3013 3013 3032 3032 3013 3013 3033 3033 3033 3033 3013 3013 3014 3014 3033 3033 3014 3014 3015 3015 3035 3035 3034 3034 3038 3038 3035 3035 3038 3038 3036 3036 3036 3036 3038 3038 3039 3039 3036 3036 3039 3039 3037 3037 3038 3038 3034 3034 3040 3040 3038 3038 3040 3040 3039 3039 3039 3039 3040 3040 3041 3041 3039 3039 3041 3041 3037 3037 3040 3040 3034 3034 3042 3042 3040 3040 3042 3042 3041 3041 3041 3041 3042 3042 3043 3043 3041 3041 3043 3043 3037 3037 3042 3042 3034 3034 3044 3044 3042 3042 3044 3044 3043 3043 3043 3043 3044 3044 3045 3045 3043 3043 3045 3045 3037 3037 3044 3044 3034 3034 3046 3046 3044 3044 3046 3046 3045 3045 3045 3045 3046 3046 3047 3047 3045 3045 3047 3047 3037 3037 3046 3046 3034 3034 3048 3048 3046 3046 3048 3048 3047 3047 3047 3047 3048 3048 3049 3049 3047 3047 3049 3049 3037 3037 3048 3048 3034 3034 3050 3050 3048 3048 3050 3050 3049 3049 3049 3049 3050 3050 3051 3051 3049 3049 3051 3051 3037 3037 3050 3050 3034 3034 3052 3052 3050 3050 3052 3052 3051 3051 3051 3051 3052 3052 3053 3053 3051 3051 3053 3053 3037 3037 3052 3052 3034 3034 3054 3054 3052 3052 3054 3054 3053 3053 3053 3053 3054 3054 3055 3055 3053 3053 3055 3055 3037 3037 3054 3054 3034 3034 3035 3035 3054 3054 3035 3035 3055 3055 3055 3055 3035 3035 3036 3036 3055 3055 3036 3036 3037 3037 3057 3057 3056 3056 3060 3060 3057 3057 3060 3060 3058 3058 3058 3058 3060 3060 3061 3061 3058 3058 3061 3061 3059 3059 3060 3060 3056 3056 3062 3062 3060 3060 3062 3062 3061 3061 3061 3061 3062 3062 3063 3063 3061 3061 3063 3063 3059 3059 3062 3062 3056 3056 3064 3064 3062 3062 3064 3064 3063 3063 3063 3063 3064 3064 3065 3065 3063 3063 3065 3065 3059 3059 3064 3064 3056 3056 3066 3066 3064 3064 3066 3066 3065 3065 3065 3065 3066 3066 3067 3067 3065 3065 3067 3067 3059 3059 3066 3066 3056 3056 3068 3068 3066 3066 3068 3068 3067 3067 3067 3067 3068 3068 3069 3069 3067 3067 3069 3069 3059 3059 3068 3068 3056 3056 3070 3070 3068 3068 3070 3070 3069 3069 3069 3069 3070 3070 3071 3071 3069 3069 3071 3071 3059 3059 3070 3070 3056 3056 3072 3072 3070 3070 3072 3072 3071 3071 3071 3071 3072 3072 3073 3073 3071 3071 3073 3073 3059 3059 3072 3072 3056 3056 3074 3074 3072 3072 3074 3074 3073 3073 3073 3073 3074 3074 3075 3075 3073 3073 3075 3075 3059 3059 3074 3074 3056 3056 3076 3076 3074 3074 3076 3076 3075 3075 3075 3075 3076 3076 3077 3077 3075 3075 3077 3077 3059 3059 3076 3076 3056 3056 3057 3057 3076 3076 3057 3057 3077 3077 3077 3077 3057 3057 3058 3058 3077 3077 3058 3058 3059 3059 3079 3079 3078 3078 3082 3082 3079 3079 3082 3082 3080 3080 3080 3080 3082 3082 3083 3083 3080 3080 3083 3083 3081 3081 3082 3082 3078 3078 3084 3084 3082 3082 3084 3084 3083 3083 3083 3083 3084 3084 3085 3085 3083 3083 3085 3085 3081 3081 3084 3084 3078 3078 3086 3086 3084 3084 3086 3086 3085 3085 3085 3085 3086 3086 3087 3087 3085 3085 3087 3087 3081 3081 3086 3086 3078 3078 3088 3088 3086 3086 3088 3088 3087 3087 3087 3087 3088 3088 3089 3089 3087 3087 3089 3089 3081 3081 3088 3088 3078 3078 3090 3090 3088 3088 3090 3090 3089 3089 3089 3089 3090 3090 3091 3091 3089 3089 3091 3091 3081 3081 3090 3090 3078 3078 3092 3092 3090 3090 3092 3092 3091 3091 3091 3091 3092 3092 3093 3093 3091 3091 3093 3093 3081 3081 3092 3092 3078 3078 3094 3094 3092 3092 3094 3094 3093 3093 3093 3093 3094 3094 3095 3095 3093 3093 3095 3095 3081 3081 3094 3094 3078 3078 3096 3096 3094 3094 3096 3096 3095 3095 3095 3095 3096 3096 3097 3097 3095 3095 3097 3097 3081 3081 3096 3096 3078 3078 3098 3098 3096 3096 3098 3098 3097 3097 3097 3097 3098 3098 3099 3099 3097 3097 3099 3099 3081 3081 3098 3098 3078 3078 3079 3079 3098 3098 3079 3079 3099 3099 3099 3099 3079 3079 3080 3080 3099 3099 3080 3080 3081 3081 3101 3101 3100 3100 3104 3104 3101 3101 3104 3104 3102 3102 3102 3102 3104 3104 3105 3105 3102 3102 3105 3105 3103 3103 3104 3104 3100 3100 3106 3106 3104 3104 3106 3106 3105 3105 3105 3105 3106 3106 3107 3107 3105 3105 3107 3107 3103 3103 3106 3106 3100 3100 3108 3108 3106 3106 3108 3108 3107 3107 3107 3107 3108 3108 3109 3109 3107 3107 3109 3109 3103 3103 3108 3108 3100 3100 3110 3110 3108 3108 3110 3110 3109 3109 3109 3109 3110 3110 3111 3111 3109 3109 3111 3111 3103 3103 3110 3110 3100 3100 3112 3112 3110 3110 3112 3112 3111 3111 3111 3111 3112 3112 3113 3113 3111 3111 3113 3113 3103 3103 3112 3112 3100 3100 3114 3114 3112 3112 3114 3114 3113 3113 3113 3113 3114 3114 3115 3115 3113 3113 3115 3115 3103 3103 3114 3114 3100 3100 3116 3116 3114 3114 3116 3116 3115 3115 3115 3115 3116 3116 3117 3117 3115 3115 3117 3117 3103 3103 3116 3116 3100 3100 3118 3118 3116 3116 3118 3118 3117 3117 3117 3117 3118 3118 3119 3119 3117 3117 3119 3119 3103 3103 3118 3118 3100 3100 3120 3120 3118 3118 3120 3120 3119 3119 3119 3119 3120 3120 3121 3121 3119 3119 3121 3121 3103 3103 3120 3120 3100 3100 3101 3101 3120 3120 3101 3101 3121 3121 3121 3121 3101 3101 3102 3102 3121 3121 3102 3102 3103 3103 3123 3123 3122 3122 3126 3126 3123 3123 3126 3126 3124 3124 3124 3124 3126 3126 3127 3127 3124 3124 3127 3127 3125 3125 3126 3126 3122 3122 3128 3128 3126 3126 3128 3128 3127 3127 3127 3127 3128 3128 3129 3129 3127 3127 3129 3129 3125 3125 3128 3128 3122 3122 3130 3130 3128 3128 3130 3130 3129 3129 3129 3129 3130 3130 3131 3131 3129 3129 3131 3131 3125 3125 3130 3130 3122 3122 3132 3132 3130 3130 3132 3132 3131 3131 3131 3131 3132 3132 3133 3133 3131 3131 3133 3133 3125 3125 3132 3132 3122 3122 3134 3134 3132 3132 3134 3134 3133 3133 3133 3133 3134 3134 3135 3135 3133 3133 3135 3135 3125 3125 3134 3134 3122 3122 3136 3136 3134 3134 3136 3136 3135 3135 3135 3135 3136 3136 3137 3137 3135 3135 3137 3137 3125 3125 3136 3136 3122 3122 3138 3138 3136 3136 3138 3138 3137 3137 3137 3137 3138 3138 3139 3139 3137 3137 3139 3139 3125 3125 3138 3138 3122 3122 3140 3140 3138 3138 3140 3140 3139 3139 3139 3139 3140 3140 3141 3141 3139 3139 3141 3141 3125 3125 3140 3140 3122 3122 3142 3142 3140 3140 3142 3142 3141 3141 3141 3141 3142 3142 3143 3143 3141 3141 3143 3143 3125 3125 3142 3142 3122 3122 3123 3123 3142 3142 3123 3123 3143 3143 3143 3143 3123 3123 3124 3124 3143 3143 3124 3124 3125 3125 3145 3145 3144 3144 3148 3148 3145 3145 3148 3148 3146 3146 3146 3146 3148 3148 3149 3149 3146 3146 3149 3149 3147 3147 3148 3148 3144 3144 3150 3150 3148 3148 3150 3150 3149 3149 3149 3149 3150 3150 3151 3151 3149 3149 3151 3151 3147 3147 3150 3150 3144 3144 3152 3152 3150 3150 3152 3152 3151 3151 3151 3151 3152 3152 3153 3153 3151 3151 3153 3153 3147 3147 3152 3152 3144 3144 3154 3154 3152 3152 3154 3154 3153 3153 3153 3153 3154 3154 3155 3155 3153 3153 3155 3155 3147 3147 3154 3154 3144 3144 3156 3156 3154 3154 3156 3156 3155 3155 3155 3155 3156 3156 3157 3157 3155 3155 3157 3157 3147 3147 3156 3156 3144 3144 3158 3158 3156 3156 3158 3158 3157 3157 3157 3157 3158 3158 3159 3159 3157 3157 3159 3159 3147 3147 3158 3158 3144 3144 3160 3160 3158 3158 3160 3160 3159 3159 3159 3159 3160 3160 3161 3161 3159 3159 3161 3161 3147 3147 3160 3160 3144 3144 3162 3162 3160 3160 3162 3162 3161 3161 3161 3161 3162 3162 3163 3163 3161 3161 3163 3163 3147 3147 3162 3162 3144 3144 3164 3164 3162 3162 3164 3164 3163 3163 3163 3163 3164 3164 3165 3165 3163 3163 3165 3165 3147 3147 3164 3164 3144 3144 3145 3145 3164 3164 3145 3145 3165 3165 3165 3165 3145 3145 3146 3146 3165 3165 3146 3146 3147 3147 3167 3167 3166 3166 3170 3170 3167 3167 3170 3170 3168 3168 3168 3168 3170 3170 3171 3171 3168 3168 3171 3171 3169 3169 3170 3170 3166 3166 3172 3172 3170 3170 3172 3172 3171 3171 3171 3171 3172 3172 3173 3173 3171 3171 3173 3173 3169 3169 3172 3172 3166 3166 3174 3174 3172 3172 3174 3174 3173 3173 3173 3173 3174 3174 3175 3175 3173 3173 3175 3175 3169 3169 3174 3174 3166 3166 3176 3176 3174 3174 3176 3176 3175 3175 3175 3175 3176 3176 3177 3177 3175 3175 3177 3177 3169 3169 3176 3176 3166 3166 3178 3178 3176 3176 3178 3178 3177 3177 3177 3177 3178 3178 3179 3179 3177 3177 3179 3179 3169 3169 3178 3178 3166 3166 3180 3180 3178 3178 3180 3180 3179 3179 3179 3179 3180 3180 3181 3181 3179 3179 3181 3181 3169 3169 3180 3180 3166 3166 3182 3182 3180 3180 3182 3182 3181 3181 3181 3181 3182 3182 3183 3183 3181 3181 3183 3183 3169 3169 3182 3182 3166 3166 3184 3184 3182 3182 3184 3184 3183 3183 3183 3183 3184 3184 3185 3185 3183 3183 3185 3185 3169 3169 3184 3184 3166 3166 3186 3186 3184 3184 3186 3186 3185 3185 3185 3185 3186 3186 3187 3187 3185 3185 3187 3187 3169 3169 3186 3186 3166 3166 3167 3167 3186 3186 3167 3167 3187 3187 3187 3187 3167 3167 3168 3168 3187 3187 3168 3168 3169 3169 3189 3189 3188 3188 3192 3192 3189 3189 3192 3192 3190 3190 3190 3190 3192 3192 3193 3193 3190 3190 3193 3193 3191 3191 3192 3192 3188 3188 3194 3194 3192 3192 3194 3194 3193 3193 3193 3193 3194 3194 3195 3195 3193 3193 3195 3195 3191 3191 3194 3194 3188 3188 3196 3196 3194 3194 3196 3196 3195 3195 3195 3195 3196 3196 3197 3197 3195 3195 3197 3197 3191 3191 3196 3196 3188 3188 3198 3198 3196 3196 3198 3198 3197 3197 3197 3197 3198 3198 3199 3199 3197 3197 3199 3199 3191 3191 3198 3198 3188 3188 3200 3200 3198 3198 3200 3200 3199 3199 3199 3199 3200 3200 3201 3201 3199 3199 3201 3201 3191 3191 3200 3200 3188 3188 3202 3202 3200 3200 3202 3202 3201 3201 3201 3201 3202 3202 3203 3203 3201 3201 3203 3203 3191 3191 3202 3202 3188 3188 3204 3204 3202 3202 3204 3204 3203 3203 3203 3203 3204 3204 3205 3205 3203 3203 3205 3205 3191 3191 3204 3204 3188 3188 3206 3206 3204 3204 3206 3206 3205 3205 3205 3205 3206 3206 3207 3207 3205 3205 3207 3207 3191 3191 3206 3206 3188 3188 3208 3208 3206 3206 3208 3208 3207 3207 3207 3207 3208 3208 3209 3209 3207 3207 3209 3209 3191 3191 3208 3208 3188 3188 3189 3189 3208 3208 3189 3189 3209 3209 3209 3209 3189 3189 3190 3190 3209 3209 3190 3190 3191 3191 3211 3211 3210 3210 3214 3214 3211 3211 3214 3214 3212 3212 3212 3212 3214 3214 3215 3215 3212 3212 3215 3215 3213 3213 3214 3214 3210 3210 3216 3216 3214 3214 3216 3216 3215 3215 3215 3215 3216 3216 3217 3217 3215 3215 3217 3217 3213 3213 3216 3216 3210 3210 3218 3218 3216 3216 3218 3218 3217 3217 3217 3217 3218 3218 3219 3219 3217 3217 3219 3219 3213 3213 3218 3218 3210 3210 3220 3220 3218 3218 3220 3220 3219 3219 3219 3219 3220 3220 3221 3221 3219 3219 3221 3221 3213 3213 3220 3220 3210 3210 3222 3222 3220 3220 3222 3222 3221 3221 3221 3221 3222 3222 3223 3223 3221 3221 3223 3223 3213 3213 3222 3222 3210 3210 3224 3224 3222 3222 3224 3224 3223 3223 3223 3223 3224 3224 3225 3225 3223 3223 3225 3225 3213 3213 3224 3224 3210 3210 3226 3226 3224 3224 3226 3226 3225 3225 3225 3225 3226 3226 3227 3227 3225 3225 3227 3227 3213 3213 3226 3226 3210 3210 3228 3228 3226 3226 3228 3228 3227 3227 3227 3227 3228 3228 3229 3229 3227 3227 3229 3229 3213 3213 3228 3228 3210 3210 3230 3230 3228 3228 3230 3230 3229 3229 3229 3229 3230 3230 3231 3231 3229 3229 3231 3231 3213 3213 3230 3230 3210 3210 3211 3211 3230 3230 3211 3211 3231 3231 3231 3231 3211 3211 3212 3212 3231 3231 3212 3212 3213 3213 3233 3233 3232 3232 3236 3236 3233 3233 3236 3236 3234 3234 3234 3234 3236 3236 3237 3237 3234 3234 3237 3237 3235 3235 3236 3236 3232 3232 3238 3238 3236 3236 3238 3238 3237 3237 3237 3237 3238 3238 3239 3239 3237 3237 3239 3239 3235 3235 3238 3238 3232 3232 3240 3240 3238 3238 3240 3240 3239 3239 3239 3239 3240 3240 3241 3241 3239 3239 3241 3241 3235 3235 3240 3240 3232 3232 3242 3242 3240 3240 3242 3242 3241 3241 3241 3241 3242 3242 3243 3243 3241 3241 3243 3243 3235 3235 3242 3242 3232 3232 3244 3244 3242 3242 3244 3244 3243 3243 3243 3243 3244 3244 3245 3245 3243 3243 3245 3245 3235 3235 3244 3244 3232 3232 3246 3246 3244 3244 3246 3246 3245 3245 3245 3245 3246 3246 3247 3247 3245 3245 3247 3247 3235 3235 3246 3246 3232 3232 3248 3248 3246 3246 3248 3248 3247 3247 3247 3247 3248 3248 3249 3249 3247 3247 3249 3249 3235 3235 3248 3248 3232 3232 3250 3250 3248 3248 3250 3250 3249 3249 3249 3249 3250 3250 3251 3251 3249 3249 3251 3251 3235 3235 3250 3250 3232 3232 3252 3252 3250 3250 3252 3252 3251 3251 3251 3251 3252 3252 3253 3253 3251 3251 3253 3253 3235 3235 3252 3252 3232 3232 3233 3233 3252 3252 3233 3233 3253 3253 3253 3253 3233 3233 3234 3234 3253 3253 3234 3234 3235 3235 3255 3255 3254 3254 3258 3258 3255 3255 3258 3258 3256 3256 3256 3256 3258 3258 3259 3259 3256 3256 3259 3259 3257 3257 3258 3258 3254 3254 3260 3260 3258 3258 3260 3260 3259 3259 3259 3259 3260 3260 3261 3261 3259 3259 3261 3261 3257 3257 3260 3260 3254 3254 3262 3262 3260 3260 3262 3262 3261 3261 3261 3261 3262 3262 3263 3263 3261 3261 3263 3263 3257 3257 3262 3262 3254 3254 3264 3264 3262 3262 3264 3264 3263 3263 3263 3263 3264 3264 3265 3265 3263 3263 3265 3265 3257 3257 3264 3264 3254 3254 3266 3266 3264 3264 3266 3266 3265 3265 3265 3265 3266 3266 3267 3267 3265 3265 3267 3267 3257 3257 3266 3266 3254 3254 3268 3268 3266 3266 3268 3268 3267 3267 3267 3267 3268 3268 3269 3269 3267 3267 3269 3269 3257 3257 3268 3268 3254 3254 3270 3270 3268 3268 3270 3270 3269 3269 3269 3269 3270 3270 3271 3271 3269 3269 3271 3271 3257 3257 3270 3270 3254 3254 3272 3272 3270 3270 3272 3272 3271 3271 3271 3271 3272 3272 3273 3273 3271 3271 3273 3273 3257 3257 3272 3272 3254 3254 3274 3274 3272 3272 3274 3274 3273 3273 3273 3273 3274 3274 3275 3275 3273 3273 3275 3275 3257 3257 3274 3274 3254 3254 3255 3255 3274 3274 3255 3255 3275 3275 3275 3275 3255 3255 3256 3256 3275 3275 3256 3256 3257 3257 3277 3277 3276 3276 3280 3280 3277 3277 3280 3280 3278 3278 3278 3278 3280 3280 3281 3281 3278 3278 3281 3281 3279 3279 3280 3280 3276 3276 3282 3282 3280 3280 3282 3282 3281 3281 3281 3281 3282 3282 3283 3283 3281 3281 3283 3283 3279 3279 3282 3282 3276 3276 3284 3284 3282 3282 3284 3284 3283 3283 3283 3283 3284 3284 3285 3285 3283 3283 3285 3285 3279 3279 3284 3284 3276 3276 3286 3286 3284 3284 3286 3286 3285 3285 3285 3285 3286 3286 3287 3287 3285 3285 3287 3287 3279 3279 3286 3286 3276 3276 3288 3288 3286 3286 3288 3288 3287 3287 3287 3287 3288 3288 3289 3289 3287 3287 3289 3289 3279 3279 3288 3288 3276 3276 3290 3290 3288 3288 3290 3290 3289 3289 3289 3289 3290 3290 3291 3291 3289 3289 3291 3291 3279 3279 3290 3290 3276 3276 3292 3292 3290 3290 3292 3292 3291 3291 3291 3291 3292 3292 3293 3293 3291 3291 3293 3293 3279 3279 3292 3292 3276 3276 3294 3294 3292 3292 3294 3294 3293 3293 3293 3293 3294 3294 3295 3295 3293 3293 3295 3295 3279 3279 3294 3294 3276 3276 3296 3296 3294 3294 3296 3296 3295 3295 3295 3295 3296 3296 3297 3297 3295 3295 3297 3297 3279 3279 3296 3296 3276 3276 3277 3277 3296 3296 3277 3277 3297 3297 3297 3297 3277 3277 3278 3278 3297 3297 3278 3278 3279 3279 3299 3299 3298 3298 3302 3302 3299 3299 3302 3302 3300 3300 3300 3300 3302 3302 3303 3303 3300 3300 3303 3303 3301 3301 3302 3302 3298 3298 3304 3304 3302 3302 3304 3304 3303 3303 3303 3303 3304 3304 3305 3305 3303 3303 3305 3305 3301 3301 3304 3304 3298 3298 3306 3306 3304 3304 3306 3306 3305 3305 3305 3305 3306 3306 3307 3307 3305 3305 3307 3307 3301 3301 3306 3306 3298 3298 3308 3308 3306 3306 3308 3308 3307 3307 3307 3307 3308 3308 3309 3309 3307 3307 3309 3309 3301 3301 3308 3308 3298 3298 3310 3310 3308 3308 3310 3310 3309 3309 3309 3309 3310 3310 3311 3311 3309 3309 3311 3311 3301 3301 3310 3310 3298 3298 3312 3312 3310 3310 3312 3312 3311 3311 3311 3311 3312 3312 3313 3313 3311 3311 3313 3313 3301 3301 3312 3312 3298 3298 3314 3314 3312 3312 3314 3314 3313 3313 3313 3313 3314 3314 3315 3315 3313 3313 3315 3315 3301 3301 3314 3314 3298 3298 3316 3316 3314 3314 3316 3316 3315 3315 3315 3315 3316 3316 3317 3317 3315 3315 3317 3317 3301 3301 3316 3316 3298 3298 3318 3318 3316 3316 3318 3318 3317 3317 3317 3317 3318 3318 3319 3319 3317 3317 3319 3319 3301 3301 3318 3318 3298 3298 3299 3299 3318 3318 3299 3299 3319 3319 3319 3319 3299 3299 3300 3300 3319 3319 3300 3300 3301 3301 3321 3321 3320 3320 3324 3324 3321 3321 3324 3324 3322 3322 3322 3322 3324 3324 3325 3325 3322 3322 3325 3325 3323 3323 3324 3324 3320 3320 3326 3326 3324 3324 3326 3326 3325 3325 3325 3325 3326 3326 3327 3327 3325 3325 3327 3327 3323 3323 3326 3326 3320 3320 3328 3328 3326 3326 3328 3328 3327 3327 3327 3327 3328 3328 3329 3329 3327 3327 3329 3329 3323 3323 3328 3328 3320 3320 3330 3330 3328 3328 3330 3330 3329 3329 3329 3329 3330 3330 3331 3331 3329 3329 3331 3331 3323 3323 3330 3330 3320 3320 3332 3332 3330 3330 3332 3332 3331 3331 3331 3331 3332 3332 3333 3333 3331 3331 3333 3333 3323 3323 3332 3332 3320 3320 3334 3334 3332 3332 3334 3334 3333 3333 3333 3333 3334 3334 3335 3335 3333 3333 3335 3335 3323 3323 3334 3334 3320 3320 3336 3336 3334 3334 3336 3336 3335 3335 3335 3335 3336 3336 3337 3337 3335 3335 3337 3337 3323 3323 3336 3336 3320 3320 3338 3338 3336 3336 3338 3338 3337 3337 3337 3337 3338 3338 3339 3339 3337 3337 3339 3339 3323 3323 3338 3338 3320 3320 3340 3340 3338 3338 3340 3340 3339 3339 3339 3339 3340 3340 3341 3341 3339 3339 3341 3341 3323 3323 3340 3340 3320 3320 3321 3321 3340 3340 3321 3321 3341 3341 3341 3341 3321 3321 3322 3322 3341 3341 3322 3322 3323 3323 3343 3343 3342 3342 3346 3346 3343 3343 3346 3346 3344 3344 3344 3344 3346 3346 3347 3347 3344 3344 3347 3347 3345 3345 3346 3346 3342 3342 3348 3348 3346 3346 3348 3348 3347 3347 3347 3347 3348 3348 3349 3349 3347 3347 3349 3349 3345 3345 3348 3348 3342 3342 3350 3350 3348 3348 3350 3350 3349 3349 3349 3349 3350 3350 3351 3351 3349 3349 3351 3351 3345 3345 3350 3350 3342 3342 3352 3352 3350 3350 3352 3352 3351 3351 3351 3351 3352 3352 3353 3353 3351 3351 3353 3353 3345 3345 3352 3352 3342 3342 3354 3354 3352 3352 3354 3354 3353 3353 3353 3353 3354 3354 3355 3355 3353 3353 3355 3355 3345 3345 3354 3354 3342 3342 3356 3356 3354 3354 3356 3356 3355 3355 3355 3355 3356 3356 3357 3357 3355 3355 3357 3357 3345 3345 3356 3356 3342 3342 3358 3358 3356 3356 3358 3358 3357 3357 3357 3357 3358 3358 3359 3359 3357 3357 3359 3359 3345 3345 3358 3358 3342 3342 3360 3360 3358 3358 3360 3360 3359 3359 3359 3359 3360 3360 3361 3361 3359 3359 3361 3361 3345 3345 3360 3360 3342 3342 3362 3362 3360 3360 3362 3362 3361 3361 3361 3361 3362 3362 3363 3363 3361 3361 3363 3363 3345 3345 3362 3362 3342 3342 3343 3343 3362 3362 3343 3343 3363 3363 3363 3363 3343 3343 3344 3344 3363 3363 3344 3344 3345 3345 3365 3365 3364 3364 3368 3368 3365 3365 3368 3368 3366 3366 3366 3366 3368 3368 3369 3369 3366 3366 3369 3369 3367 3367 3368 3368 3364 3364 3370 3370 3368 3368 3370 3370 3369 3369 3369 3369 3370 3370 3371 3371 3369 3369 3371 3371 3367 3367 3370 3370 3364 3364 3372 3372 3370 3370 3372 3372 3371 3371 3371 3371 3372 3372 3373 3373 3371 3371 3373 3373 3367 3367 3372 3372 3364 3364 3374 3374 3372 3372 3374 3374 3373 3373 3373 3373 3374 3374 3375 3375 3373 3373 3375 3375 3367 3367 3374 3374 3364 3364 3376 3376 3374 3374 3376 3376 3375 3375 3375 3375 3376 3376 3377 3377 3375 3375 3377 3377 3367 3367 3376 3376 3364 3364 3378 3378 3376 3376 3378 3378 3377 3377 3377 3377 3378 3378 3379 3379 3377 3377 3379 3379 3367 3367 3378 3378 3364 3364 3380 3380 3378 3378 3380 3380 3379 3379 3379 3379 3380 3380 3381 3381 3379 3379 3381 3381 3367 3367 3380 3380 3364 3364 3382 3382 3380 3380 3382 3382 3381 3381 3381 3381 3382 3382 3383 3383 3381 3381 3383 3383 3367 3367 3382 3382 3364 3364 3384 3384 3382 3382 3384 3384 3383 3383 3383 3383 3384 3384 3385 3385 3383 3383 3385 3385 3367 3367 3384 3384 3364 3364 3365 3365 3384 3384 3365 3365 3385 3385 3385 3385 3365 3365 3366 3366 3385 3385 3366 3366 3367 3367 3387 3387 3386 3386 3390 3390 3387 3387 3390 3390 3388 3388 3388 3388 3390 3390 3391 3391 3388 3388 3391 3391 3389 3389 3390 3390 3386 3386 3392 3392 3390 3390 3392 3392 3391 3391 3391 3391 3392 3392 3393 3393 3391 3391 3393 3393 3389 3389 3392 3392 3386 3386 3394 3394 3392 3392 3394 3394 3393 3393 3393 3393 3394 3394 3395 3395 3393 3393 3395 3395 3389 3389 3394 3394 3386 3386 3396 3396 3394 3394 3396 3396 3395 3395 3395 3395 3396 3396 3397 3397 3395 3395 3397 3397 3389 3389 3396 3396 3386 3386 3398 3398 3396 3396 3398 3398 3397 3397 3397 3397 3398 3398 3399 3399 3397 3397 3399 3399 3389 3389 3398 3398 3386 3386 3400 3400 3398 3398 3400 3400 3399 3399 3399 3399 3400 3400 3401 3401 3399 3399 3401 3401 3389 3389 3400 3400 3386 3386 3402 3402 3400 3400 3402 3402 3401 3401 3401 3401 3402 3402 3403 3403 3401 3401 3403 3403 3389 3389 3402 3402 3386 3386 3404 3404 3402 3402 3404 3404 3403 3403 3403 3403 3404 3404 3405 3405 3403 3403 3405 3405 3389 3389 3404 3404 3386 3386 3406 3406 3404 3404 3406 3406 3405 3405 3405 3405 3406 3406 3407 3407 3405 3405 3407 3407 3389 3389 3406 3406 3386 3386 3387 3387 3406 3406 3387 3387 3407 3407 3407 3407 3387 3387 3388 3388 3407 3407 3388 3388 3389 3389 3409 3409 3408 3408 3412 3412 3409 3409 3412 3412 3410 3410 3410 3410 3412 3412 3413 3413 3410 3410 3413 3413 3411 3411 3412 3412 3408 3408 3414 3414 3412 3412 3414 3414 3413 3413 3413 3413 3414 3414 3415 3415 3413 3413 3415 3415 3411 3411 3414 3414 3408 3408 3416 3416 3414 3414 3416 3416 3415 3415 3415 3415 3416 3416 3417 3417 3415 3415 3417 3417 3411 3411 3416 3416 3408 3408 3418 3418 3416 3416 3418 3418 3417 3417 3417 3417 3418 3418 3419 3419 3417 3417 3419 3419 3411 3411 3418 3418 3408 3408 3420 3420 3418 3418 3420 3420 3419 3419 3419 3419 3420 3420 3421 3421 3419 3419 3421 3421 3411 3411 3420 3420 3408 3408 3422 3422 3420 3420 3422 3422 3421 3421 3421 3421 3422 3422 3423 3423 3421 3421 3423 3423 3411 3411 3422 3422 3408 3408 3424 3424 3422 3422 3424 3424 3423 3423 3423 3423 3424 3424 3425 3425 3423 3423 3425 3425 3411 3411 3424 3424 3408 3408 3426 3426 3424 3424 3426 3426 3425 3425 3425 3425 3426 3426 3427 3427 3425 3425 3427 3427 3411 3411 3426 3426 3408 3408 3428 3428 3426 3426 3428 3428 3427 3427 3427 3427 3428 3428 3429 3429 3427 3427 3429 3429 3411 3411 3428 3428 3408 3408 3409 3409 3428 3428 3409 3409 3429 3429 3429 3429 3409 3409 3410 3410 3429 3429 3410 3410 3411 3411 3431 3431 3430 3430 3434 3434 3431 3431 3434 3434 3432 3432 3432 3432 3434 3434 3435 3435 3432 3432 3435 3435 3433 3433 3434 3434 3430 3430 3436 3436 3434 3434 3436 3436 3435 3435 3435 3435 3436 3436 3437 3437 3435 3435 3437 3437 3433 3433 3436 3436 3430 3430 3438 3438 3436 3436 3438 3438 3437 3437 3437 3437 3438 3438 3439 3439 3437 3437 3439 3439 3433 3433 3438 3438 3430 3430 3440 3440 3438 3438 3440 3440 3439 3439 3439 3439 3440 3440 3441 3441 3439 3439 3441 3441 3433 3433 3440 3440 3430 3430 3442 3442 3440 3440 3442 3442 3441 3441 3441 3441 3442 3442 3443 3443 3441 3441 3443 3443 3433 3433 3442 3442 3430 3430 3444 3444 3442 3442 3444 3444 3443 3443 3443 3443 3444 3444 3445 3445 3443 3443 3445 3445 3433 3433 3444 3444 3430 3430 3446 3446 3444 3444 3446 3446 3445 3445 3445 3445 3446 3446 3447 3447 3445 3445 3447 3447 3433 3433 3446 3446 3430 3430 3448 3448 3446 3446 3448 3448 3447 3447 3447 3447 3448 3448 3449 3449 3447 3447 3449 3449 3433 3433 3448 3448 3430 3430 3450 3450 3448 3448 3450 3450 3449 3449 3449 3449 3450 3450 3451 3451 3449 3449 3451 3451 3433 3433 3450 3450 3430 3430 3431 3431 3450 3450 3431 3431 3451 3451 3451 3451 3431 3431 3432 3432 3451 3451 3432 3432 3433 3433 3453 3453 3452 3452 3456 3456 3453 3453 3456 3456 3454 3454 3454 3454 3456 3456 3457 3457 3454 3454 3457 3457 3455 3455 3456 3456 3452 3452 3458 3458 3456 3456 3458 3458 3457 3457 3457 3457 3458 3458 3459 3459 3457 3457 3459 3459 3455 3455 3458 3458 3452 3452 3460 3460 3458 3458 3460 3460 3459 3459 3459 3459 3460 3460 3461 3461 3459 3459 3461 3461 3455 3455 3460 3460 3452 3452 3462 3462 3460 3460 3462 3462 3461 3461 3461 3461 3462 3462 3463 3463 3461 3461 3463 3463 3455 3455 3462 3462 3452 3452 3464 3464 3462 3462 3464 3464 3463 3463 3463 3463 3464 3464 3465 3465 3463 3463 3465 3465 3455 3455 3464 3464 3452 3452 3466 3466 3464 3464 3466 3466 3465 3465 3465 3465 3466 3466 3467 3467 3465 3465 3467 3467 3455 3455 3466 3466 3452 3452 3468 3468 3466 3466 3468 3468 3467 3467 3467 3467 3468 3468 3469 3469 3467 3467 3469 3469 3455 3455 3468 3468 3452 3452 3470 3470 3468 3468 3470 3470 3469 3469 3469 3469 3470 3470 3471 3471 3469 3469 3471 3471 3455 3455 3470 3470 3452 3452 3472 3472 3470 3470 3472 3472 3471 3471 3471 3471 3472 3472 3473 3473 3471 3471 3473 3473 3455 3455 3472 3472 3452 3452 3453 3453 3472 3472 3453 3453 3473 3473 3473 3473 3453 3453 3454 3454 3473 3473 3454 3454 3455 3455 3475 3475 3474 3474 3478 3478 3475 3475 3478 3478 3476 3476 3476 3476 3478 3478 3479 3479 3476 3476 3479 3479 3477 3477 3478 3478 3474 3474 3480 3480 3478 3478 3480 3480 3479 3479 3479 3479 3480 3480 3481 3481 3479 3479 3481 3481 3477 3477 3480 3480 3474 3474 3482 3482 3480 3480 3482 3482 3481 3481 3481 3481 3482 3482 3483 3483 3481 3481 3483 3483 3477 3477 3482 3482 3474 3474 3484 3484 3482 3482 3484 3484 3483 3483 3483 3483 3484 3484 3485 3485 3483 3483 3485 3485 3477 3477 3484 3484 3474 3474 3486 3486 3484 3484 3486 3486 3485 3485 3485 3485 3486 3486 3487 3487 3485 3485 3487 3487 3477 3477 3486 3486 3474 3474 3488 3488 3486 3486 3488 3488 3487 3487 3487 3487 3488 3488 3489 3489 3487 3487 3489 3489 3477 3477 3488 3488 3474 3474 3490 3490 3488 3488 3490 3490 3489 3489 3489 3489 3490 3490 3491 3491 3489 3489 3491 3491 3477 3477 3490 3490 3474 3474 3492 3492 3490 3490 3492 3492 3491 3491 3491 3491 3492 3492 3493 3493 3491 3491 3493 3493 3477 3477 3492 3492 3474 3474 3494 3494 3492 3492 3494 3494 3493 3493 3493 3493 3494 3494 3495 3495 3493 3493 3495 3495 3477 3477 3494 3494 3474 3474 3475 3475 3494 3494 3475 3475 3495 3495 3495 3495 3475 3475 3476 3476 3495 3495 3476 3476 3477 3477 3497 3497 3496 3496 3500 3500 3497 3497 3500 3500 3498 3498 3498 3498 3500 3500 3501 3501 3498 3498 3501 3501 3499 3499 3500 3500 3496 3496 3502 3502 3500 3500 3502 3502 3501 3501 3501 3501 3502 3502 3503 3503 3501 3501 3503 3503 3499 3499 3502 3502 3496 3496 3504 3504 3502 3502 3504 3504 3503 3503 3503 3503 3504 3504 3505 3505 3503 3503 3505 3505 3499 3499 3504 3504 3496 3496 3506 3506 3504 3504 3506 3506 3505 3505 3505 3505 3506 3506 3507 3507 3505 3505 3507 3507 3499 3499 3506 3506 3496 3496 3508 3508 3506 3506 3508 3508 3507 3507 3507 3507 3508 3508 3509 3509 3507 3507 3509 3509 3499 3499 3508 3508 3496 3496 3510 3510 3508 3508 3510 3510 3509 3509 3509 3509 3510 3510 3511 3511 3509 3509 3511 3511 3499 3499 3510 3510 3496 3496 3512 3512 3510 3510 3512 3512 3511 3511 3511 3511 3512 3512 3513 3513 3511 3511 3513 3513 3499 3499 3512 3512 3496 3496 3514 3514 3512 3512 3514 3514 3513 3513 3513 3513 3514 3514 3515 3515 3513 3513 3515 3515 3499 3499 3514 3514 3496 3496 3516 3516 3514 3514 3516 3516 3515 3515 3515 3515 3516 3516 3517 3517 3515 3515 3517 3517 3499 3499 3516 3516 3496 3496 3497 3497 3516 3516 3497 3497 3517 3517 3517 3517 3497 3497 3498 3498 3517 3517 3498 3498 3499 3499 3519 3519 3518 3518 3522 3522 3519 3519 3522 3522 3520 3520 3520 3520 3522 3522 3523 3523 3520 3520 3523 3523 3521 3521 3522 3522 3518 3518 3524 3524 3522 3522 3524 3524 3523 3523 3523 3523 3524 3524 3525 3525 3523 3523 3525 3525 3521 3521 3524 3524 3518 3518 3526 3526 3524 3524 3526 3526 3525 3525 3525 3525 3526 3526 3527 3527 3525 3525 3527 3527 3521 3521 3526 3526 3518 3518 3528 3528 3526 3526 3528 3528 3527 3527 3527 3527 3528 3528 3529 3529 3527 3527 3529 3529 3521 3521 3528 3528 3518 3518 3530 3530 3528 3528 3530 3530 3529 3529 3529 3529 3530 3530 3531 3531 3529 3529 3531 3531 3521 3521 3530 3530 3518 3518 3532 3532 3530 3530 3532 3532 3531 3531 3531 3531 3532 3532 3533 3533 3531 3531 3533 3533 3521 3521 3532 3532 3518 3518 3534 3534 3532 3532 3534 3534 3533 3533 3533 3533 3534 3534 3535 3535 3533 3533 3535 3535 3521 3521 3534 3534 3518 3518 3536 3536 3534 3534 3536 3536 3535 3535 3535 3535 3536 3536 3537 3537 3535 3535 3537 3537 3521 3521 3536 3536 3518 3518 3538 3538 3536 3536 3538 3538 3537 3537 3537 3537 3538 3538 3539 3539 3537 3537 3539 3539 3521 3521 3538 3538 3518 3518 3519 3519 3538 3538 3519 3519 3539 3539 3539 3539 3519 3519 3520 3520 3539 3539 3520 3520 3521 3521 3541 3541 3540 3540 3544 3544 3541 3541 3544 3544 3542 3542 3542 3542 3544 3544 3545 3545 3542 3542 3545 3545 3543 3543 3544 3544 3540 3540 3546 3546 3544 3544 3546 3546 3545 3545 3545 3545 3546 3546 3547 3547 3545 3545 3547 3547 3543 3543 3546 3546 3540 3540 3548 3548 3546 3546 3548 3548 3547 3547 3547 3547 3548 3548 3549 3549 3547 3547 3549 3549 3543 3543 3548 3548 3540 3540 3550 3550 3548 3548 3550 3550 3549 3549 3549 3549 3550 3550 3551 3551 3549 3549 3551 3551 3543 3543 3550 3550 3540 3540 3552 3552 3550 3550 3552 3552 3551 3551 3551 3551 3552 3552 3553 3553 3551 3551 3553 3553 3543 3543 3552 3552 3540 3540 3554 3554 3552 3552 3554 3554 3553 3553 3553 3553 3554 3554 3555 3555 3553 3553 3555 3555 3543 3543 3554 3554 3540 3540 3556 3556 3554 3554 3556 3556 3555 3555 3555 3555 3556 3556 3557 3557 3555 3555 3557 3557 3543 3543 3556 3556 3540 3540 3558 3558 3556 3556 3558 3558 3557 3557 3557 3557 3558 3558 3559 3559 3557 3557 3559 3559 3543 3543 3558 3558 3540 3540 3560 3560 3558 3558 3560 3560 3559 3559 3559 3559 3560 3560 3561 3561 3559 3559 3561 3561 3543 3543 3560 3560 3540 3540 3541 3541 3560 3560 3541 3541 3561 3561 3561 3561 3541 3541 3542 3542 3561 3561 3542 3542 3543 3543 3563 3563 3562 3562 3566 3566 3563 3563 3566 3566 3564 3564 3564 3564 3566 3566 3567 3567 3564 3564 3567 3567 3565 3565 3566 3566 3562 3562 3568 3568 3566 3566 3568 3568 3567 3567 3567 3567 3568 3568 3569 3569 3567 3567 3569 3569 3565 3565 3568 3568 3562 3562 3570 3570 3568 3568 3570 3570 3569 3569 3569 3569 3570 3570 3571 3571 3569 3569 3571 3571 3565 3565 3570 3570 3562 3562 3572 3572 3570 3570 3572 3572 3571 3571 3571 3571 3572 3572 3573 3573 3571 3571 3573 3573 3565 3565 3572 3572 3562 3562 3574 3574 3572 3572 3574 3574 3573 3573 3573 3573 3574 3574 3575 3575 3573 3573 3575 3575 3565 3565 3574 3574 3562 3562 3576 3576 3574 3574 3576 3576 3575 3575 3575 3575 3576 3576 3577 3577 3575 3575 3577 3577 3565 3565 3576 3576 3562 3562 3578 3578 3576 3576 3578 3578 3577 3577 3577 3577 3578 3578 3579 3579 3577 3577 3579 3579 3565 3565 3578 3578 3562 3562 3580 3580 3578 3578 3580 3580 3579 3579 3579 3579 3580 3580 3581 3581 3579 3579 3581 3581 3565 3565 3580 3580 3562 3562 3582 3582 3580 3580 3582 3582 3581 3581 3581 3581 3582 3582 3583 3583 3581 3581 3583 3583 3565 3565 3582 3582 3562 3562 3563 3563 3582 3582 3563 3563 3583 3583 3583 3583 3563 3563 3564 3564 3583 3583 3564 3564 3565 3565 3585 3585 3584 3584 3588 3588 3585 3585 3588 3588 3586 3586 3586 3586 3588 3588 3589 3589 3586 3586 3589 3589 3587 3587 3588 3588 3584 3584 3590 3590 3588 3588 3590 3590 3589 3589 3589 3589 3590 3590 3591 3591 3589 3589 3591 3591 3587 3587 3590 3590 3584 3584 3592 3592 3590 3590 3592 3592 3591 3591 3591 3591 3592 3592 3593 3593 3591 3591 3593 3593 3587 3587 3592 3592 3584 3584 3594 3594 3592 3592 3594 3594 3593 3593 3593 3593 3594 3594 3595 3595 3593 3593 3595 3595 3587 3587 3594 3594 3584 3584 3596 3596 3594 3594 3596 3596 3595 3595 3595 3595 3596 3596 3597 3597 3595 3595 3597 3597 3587 3587 3596 3596 3584 3584 3598 3598 3596 3596 3598 3598 3597 3597 3597 3597 3598 3598 3599 3599 3597 3597 3599 3599 3587 3587 3598 3598 3584 3584 3600 3600 3598 3598 3600 3600 3599 3599 3599 3599 3600 3600 3601 3601 3599 3599 3601 3601 3587 3587 3600 3600 3584 3584 3602 3602 3600 3600 3602 3602 3601 3601 3601 3601 3602 3602 3603 3603 3601 3601 3603 3603 3587 3587 3602 3602 3584 3584 3604 3604 3602 3602 3604 3604 3603 3603 3603 3603 3604 3604 3605 3605 3603 3603 3605 3605 3587 3587 3604 3604 3584 3584 3585 3585 3604 3604 3585 3585 3605 3605 3605 3605 3585 3585 3586 3586 3605 3605 3586 3586 3587 3587 3607 3607 3606 3606 3610 3610 3607 3607 3610 3610 3608 3608 3608 3608 3610 3610 3611 3611 3608 3608 3611 3611 3609 3609 3610 3610 3606 3606 3612 3612 3610 3610 3612 3612 3611 3611 3611 3611 3612 3612 3613 3613 3611 3611 3613 3613 3609 3609 3612 3612 3606 3606 3614 3614 3612 3612 3614 3614 3613 3613 3613 3613 3614 3614 3615 3615 3613 3613 3615 3615 3609 3609 3614 3614 3606 3606 3616 3616 3614 3614 3616 3616 3615 3615 3615 3615 3616 3616 3617 3617 3615 3615 3617 3617 3609 3609 3616 3616 3606 3606 3618 3618 3616 3616 3618 3618 3617 3617 3617 3617 3618 3618 3619 3619 3617 3617 3619 3619 3609 3609 3618 3618 3606 3606 3620 3620 3618 3618 3620 3620 3619 3619 3619 3619 3620 3620 3621 3621 3619 3619 3621 3621 3609 3609 3620 3620 3606 3606 3622 3622 3620 3620 3622 3622 3621 3621 3621 3621 3622 3622 3623 3623 3621 3621 3623 3623 3609 3609 3622 3622 3606 3606 3624 3624 3622 3622 3624 3624 3623 3623 3623 3623 3624 3624 3625 3625 3623 3623 3625 3625 3609 3609 3624 3624 3606 3606 3626 3626 3624 3624 3626 3626 3625 3625 3625 3625 3626 3626 3627 3627 3625 3625 3627 3627 3609 3609 3626 3626 3606 3606 3607 3607 3626 3626 3607 3607 3627 3627 3627 3627 3607 3607 3608 3608 3627 3627 3608 3608 3609 3609 3629 3629 3628 3628 3632 3632 3629 3629 3632 3632 3630 3630 3630 3630 3632 3632 3633 3633 3630 3630 3633 3633 3631 3631 3632 3632 3628 3628 3634 3634 3632 3632 3634 3634 3633 3633 3633 3633 3634 3634 3635 3635 3633 3633 3635 3635 3631 3631 3634 3634 3628 3628 3636 3636 3634 3634 3636 3636 3635 3635 3635 3635 3636 3636 3637 3637 3635 3635 3637 3637 3631 3631 3636 3636 3628 3628 3638 3638 3636 3636 3638 3638 3637 3637 3637 3637 3638 3638 3639 3639 3637 3637 3639 3639 3631 3631 3638 3638 3628 3628 3640 3640 3638 3638 3640 3640 3639 3639 3639 3639 3640 3640 3641 3641 3639 3639 3641 3641 3631 3631 3640 3640 3628 3628 3642 3642 3640 3640 3642 3642 3641 3641 3641 3641 3642 3642 3643 3643 3641 3641 3643 3643 3631 3631 3642 3642 3628 3628 3644 3644 3642 3642 3644 3644 3643 3643 3643 3643 3644 3644 3645 3645 3643 3643 3645 3645 3631 3631 3644 3644 3628 3628 3646 3646 3644 3644 3646 3646 3645 3645 3645 3645 3646 3646 3647 3647 3645 3645 3647 3647 3631 3631 3646 3646 3628 3628 3648 3648 3646 3646 3648 3648 3647 3647 3647 3647 3648 3648 3649 3649 3647 3647 3649 3649 3631 3631 3648 3648 3628 3628 3629 3629 3648 3648 3629 3629 3649 3649 3649 3649 3629 3629 3630 3630 3649 3649 3630 3630 3631 3631 3651 3651 3650 3650 3654 3654 3651 3651 3654 3654 3652 3652 3652 3652 3654 3654 3655 3655 3652 3652 3655 3655 3653 3653 3654 3654 3650 3650 3656 3656 3654 3654 3656 3656 3655 3655 3655 3655 3656 3656 3657 3657 3655 3655 3657 3657 3653 3653 3656 3656 3650 3650 3658 3658 3656 3656 3658 3658 3657 3657 3657 3657 3658 3658 3659 3659 3657 3657 3659 3659 3653 3653 3658 3658 3650 3650 3660 3660 3658 3658 3660 3660 3659 3659 3659 3659 3660 3660 3661 3661 3659 3659 3661 3661 3653 3653 3660 3660 3650 3650 3662 3662 3660 3660 3662 3662 3661 3661 3661 3661 3662 3662 3663 3663 3661 3661 3663 3663 3653 3653 3662 3662 3650 3650 3664 3664 3662 3662 3664 3664 3663 3663 3663 3663 3664 3664 3665 3665 3663 3663 3665 3665 3653 3653 3664 3664 3650 3650 3666 3666 3664 3664 3666 3666 3665 3665 3665 3665 3666 3666 3667 3667 3665 3665 3667 3667 3653 3653 3666 3666 3650 3650 3668 3668 3666 3666 3668 3668 3667 3667 3667 3667 3668 3668 3669 3669 3667 3667 3669 3669 3653 3653 3668 3668 3650 3650 3670 3670 3668 3668 3670 3670 3669 3669 3669 3669 3670 3670 3671 3671 3669 3669 3671 3671 3653 3653 3670 3670 3650 3650 3651 3651 3670 3670 3651 3651 3671 3671 3671 3671 3651 3651 3652 3652 3671 3671 3652 3652 3653 3653 3673 3673 3672 3672 3676 3676 3673 3673 3676 3676 3674 3674 3674 3674 3676 3676 3677 3677 3674 3674 3677 3677 3675 3675 3676 3676 3672 3672 3678 3678 3676 3676 3678 3678 3677 3677 3677 3677 3678 3678 3679 3679 3677 3677 3679 3679 3675 3675 3678 3678 3672 3672 3680 3680 3678 3678 3680 3680 3679 3679 3679 3679 3680 3680 3681 3681 3679 3679 3681 3681 3675 3675 3680 3680 3672 3672 3682 3682 3680 3680 3682 3682 3681 3681 3681 3681 3682 3682 3683 3683 3681 3681 3683 3683 3675 3675 3682 3682 3672 3672 3684 3684 3682 3682 3684 3684 3683 3683 3683 3683 3684 3684 3685 3685 3683 3683 3685 3685 3675 3675 3684 3684 3672 3672 3686 3686 3684 3684 3686 3686 3685 3685 3685 3685 3686 3686 3687 3687 3685 3685 3687 3687 3675 3675 3686 3686 3672 3672 3688 3688 3686 3686 3688 3688 3687 3687 3687 3687 3688 3688 3689 3689 3687 3687 3689 3689 3675 3675 3688 3688 3672 3672 3690 3690 3688 3688 3690 3690 3689 3689 3689 3689 3690 3690 3691 3691 3689 3689 3691 3691 3675 3675 3690 3690 3672 3672 3692 3692 3690 3690 3692 3692 3691 3691 3691 3691 3692 3692 3693 3693 3691 3691 3693 3693 3675 3675 3692 3692 3672 3672 3673 3673 3692 3692 3673 3673 3693 3693 3693 3693 3673 3673 3674 3674 3693 3693 3674 3674 3675 3675 3695 3695 3694 3694 3698 3698 3695 3695 3698 3698 3696 3696 3696 3696 3698 3698 3699 3699 3696 3696 3699 3699 3697 3697 3698 3698 3694 3694 3700 3700 3698 3698 3700 3700 3699 3699 3699 3699 3700 3700 3701 3701 3699 3699 3701 3701 3697 3697 3700 3700 3694 3694 3702 3702 3700 3700 3702 3702 3701 3701 3701 3701 3702 3702 3703 3703 3701 3701 3703 3703 3697 3697 3702 3702 3694 3694 3704 3704 3702 3702 3704 3704 3703 3703 3703 3703 3704 3704 3705 3705 3703 3703 3705 3705 3697 3697 3704 3704 3694 3694 3706 3706 3704 3704 3706 3706 3705 3705 3705 3705 3706 3706 3707 3707 3705 3705 3707 3707 3697 3697 3706 3706 3694 3694 3708 3708 3706 3706 3708 3708 3707 3707 3707 3707 3708 3708 3709 3709 3707 3707 3709 3709 3697 3697 3708 3708 3694 3694 3710 3710 3708 3708 3710 3710 3709 3709 3709 3709 3710 3710 3711 3711 3709 3709 3711 3711 3697 3697 3710 3710 3694 3694 3712 3712 3710 3710 3712 3712 3711 3711 3711 3711 3712 3712 3713 3713 3711 3711 3713 3713 3697 3697 3712 3712 3694 3694 3714 3714 3712 3712 3714 3714 3713 3713 3713 3713 3714 3714 3715 3715 3713 3713 3715 3715 3697 3697 3714 3714 3694 3694 3695 3695 3714 3714 3695 3695 3715 3715 3715 3715 3695 3695 3696 3696 3715 3715 3696 3696 3697 3697 3717 3717 3716 3716 3720 3720 3717 3717 3720 3720 3718 3718 3718 3718 3720 3720 3721 3721 3718 3718 3721 3721 3719 3719 3720 3720 3716 3716 3722 3722 3720 3720 3722 3722 3721 3721 3721 3721 3722 3722 3723 3723 3721 3721 3723 3723 3719 3719 3722 3722 3716 3716 3724 3724 3722 3722 3724 3724 3723 3723 3723 3723 3724 3724 3725 3725 3723 3723 3725 3725 3719 3719 3724 3724 3716 3716 3726 3726 3724 3724 3726 3726 3725 3725 3725 3725 3726 3726 3727 3727 3725 3725 3727 3727 3719 3719 3726 3726 3716 3716 3728 3728 3726 3726 3728 3728 3727 3727 3727 3727 3728 3728 3729 3729 3727 3727 3729 3729 3719 3719 3728 3728 3716 3716 3730 3730 3728 3728 3730 3730 3729 3729 3729 3729 3730 3730 3731 3731 3729 3729 3731 3731 3719 3719 3730 3730 3716 3716 3732 3732 3730 3730 3732 3732 3731 3731 3731 3731 3732 3732 3733 3733 3731 3731 3733 3733 3719 3719 3732 3732 3716 3716 3734 3734 3732 3732 3734 3734 3733 3733 3733 3733 3734 3734 3735 3735 3733 3733 3735 3735 3719 3719 3734 3734 3716 3716 3736 3736 3734 3734 3736 3736 3735 3735 3735 3735 3736 3736 3737 3737 3735 3735 3737 3737 3719 3719 3736 3736 3716 3716 3717 3717 3736 3736 3717 3717 3737 3737 3737 3737 3717 3717 3718 3718 3737 3737 3718 3718 3719 3719 3739 3739 3738 3738 3742 3742 3739 3739 3742 3742 3740 3740 3740 3740 3742 3742 3743 3743 3740 3740 3743 3743 3741 3741 3742 3742 3738 3738 3744 3744 3742 3742 3744 3744 3743 3743 3743 3743 3744 3744 3745 3745 3743 3743 3745 3745 3741 3741 3744 3744 3738 3738 3746 3746 3744 3744 3746 3746 3745 3745 3745 3745 3746 3746 3747 3747 3745 3745 3747 3747 3741 3741 3746 3746 3738 3738 3748 3748 3746 3746 3748 3748 3747 3747 3747 3747 3748 3748 3749 3749 3747 3747 3749 3749 3741 3741 3748 3748 3738 3738 3750 3750 3748 3748 3750 3750 3749 3749 3749 3749 3750 3750 3751 3751 3749 3749 3751 3751 3741 3741 3750 3750 3738 3738 3752 3752 3750 3750 3752 3752 3751 3751 3751 3751 3752 3752 3753 3753 3751 3751 3753 3753 3741 3741 3752 3752 3738 3738 3754 3754 3752 3752 3754 3754 3753 3753 3753 3753 3754 3754 3755 3755 3753 3753 3755 3755 3741 3741 3754 3754 3738 3738 3756 3756 3754 3754 3756 3756 3755 3755 3755 3755 3756 3756 3757 3757 3755 3755 3757 3757 3741 3741 3756 3756 3738 3738 3758 3758 3756 3756 3758 3758 3757 3757 3757 3757 3758 3758 3759 3759 3757 3757 3759 3759 3741 3741 3758 3758 3738 3738 3739 3739 3758 3758 3739 3739 3759 3759 3759 3759 3739 3739 3740 3740 3759 3759 3740 3740 3741 3741 3761 3761 3760 3760 3764 3764 3761 3761 3764 3764 3762 3762 3762 3762 3764 3764 3765 3765 3762 3762 3765 3765 3763 3763 3764 3764 3760 3760 3766 3766 3764 3764 3766 3766 3765 3765 3765 3765 3766 3766 3767 3767 3765 3765 3767 3767 3763 3763 3766 3766 3760 3760 3768 3768 3766 3766 3768 3768 3767 3767 3767 3767 3768 3768 3769 3769 3767 3767 3769 3769 3763 3763 3768 3768 3760 3760 3770 3770 3768 3768 3770 3770 3769 3769 3769 3769 3770 3770 3771 3771 3769 3769 3771 3771 3763 3763 3770 3770 3760 3760 3772 3772 3770 3770 3772 3772 3771 3771 3771 3771 3772 3772 3773 3773 3771 3771 3773 3773 3763 3763 3772 3772 3760 3760 3774 3774 3772 3772 3774 3774 3773 3773 3773 3773 3774 3774 3775 3775 3773 3773 3775 3775 3763 3763 3774 3774 3760 3760 3776 3776 3774 3774 3776 3776 3775 3775 3775 3775 3776 3776 3777 3777 3775 3775 3777 3777 3763 3763 3776 3776 3760 3760 3778 3778 3776 3776 3778 3778 3777 3777 3777 3777 3778 3778 3779 3779 3777 3777 3779 3779 3763 3763 3778 3778 3760 3760 3780 3780 3778 3778 3780 3780 3779 3779 3779 3779 3780 3780 3781 3781 3779 3779 3781 3781 3763 3763 3780 3780 3760 3760 3761 3761 3780 3780 3761 3761 3781 3781 3781 3781 3761 3761 3762 3762 3781 3781 3762 3762 3763 3763 3783 3783 3782 3782 3786 3786 3783 3783 3786 3786 3784 3784 3784 3784 3786 3786 3787 3787 3784 3784 3787 3787 3785 3785 3786 3786 3782 3782 3788 3788 3786 3786 3788 3788 3787 3787 3787 3787 3788 3788 3789 3789 3787 3787 3789 3789 3785 3785 3788 3788 3782 3782 3790 3790 3788 3788 3790 3790 3789 3789 3789 3789 3790 3790 3791 3791 3789 3789 3791 3791 3785 3785 3790 3790 3782 3782 3792 3792 3790 3790 3792 3792 3791 3791 3791 3791 3792 3792 3793 3793 3791 3791 3793 3793 3785 3785 3792 3792 3782 3782 3794 3794 3792 3792 3794 3794 3793 3793 3793 3793 3794 3794 3795 3795 3793 3793 3795 3795 3785 3785 3794 3794 3782 3782 3796 3796 3794 3794 3796 3796 3795 3795 3795 3795 3796 3796 3797 3797 3795 3795 3797 3797 3785 3785 3796 3796 3782 3782 3798 3798 3796 3796 3798 3798 3797 3797 3797 3797 3798 3798 3799 3799 3797 3797 3799 3799 3785 3785 3798 3798 3782 3782 3800 3800 3798 3798 3800 3800 3799 3799 3799 3799 3800 3800 3801 3801 3799 3799 3801 3801 3785 3785 3800 3800 3782 3782 3802 3802 3800 3800 3802 3802 3801 3801 3801 3801 3802 3802 3803 3803 3801 3801 3803 3803 3785 3785 3802 3802 3782 3782 3783 3783 3802 3802 3783 3783 3803 3803 3803 3803 3783 3783 3784 3784 3803 3803 3784 3784 3785 3785 3805 3805 3804 3804 3808 3808 3805 3805 3808 3808 3806 3806 3806 3806 3808 3808 3809 3809 3806 3806 3809 3809 3807 3807 3808 3808 3804 3804 3810 3810 3808 3808 3810 3810 3809 3809 3809 3809 3810 3810 3811 3811 3809 3809 3811 3811 3807 3807 3810 3810 3804 3804 3812 3812 3810 3810 3812 3812 3811 3811 3811 3811 3812 3812 3813 3813 3811 3811 3813 3813 3807 3807 3812 3812 3804 3804 3814 3814 3812 3812 3814 3814 3813 3813 3813 3813 3814 3814 3815 3815 3813 3813 3815 3815 3807 3807 3814 3814 3804 3804 3816 3816 3814 3814 3816 3816 3815 3815 3815 3815 3816 3816 3817 3817 3815 3815 3817 3817 3807 3807 3816 3816 3804 3804 3818 3818 3816 3816 3818 3818 3817 3817 3817 3817 3818 3818 3819 3819 3817 3817 3819 3819 3807 3807 3818 3818 3804 3804 3820 3820 3818 3818 3820 3820 3819 3819 3819 3819 3820 3820 3821 3821 3819 3819 3821 3821 3807 3807 3820 3820 3804 3804 3822 3822 3820 3820 3822 3822 3821 3821 3821 3821 3822 3822 3823 3823 3821 3821 3823 3823 3807 3807 3822 3822 3804 3804 3824 3824 3822 3822 3824 3824 3823 3823 3823 3823 3824 3824 3825 3825 3823 3823 3825 3825 3807 3807 3824 3824 3804 3804 3805 3805 3824 3824 3805 3805 3825 3825 3825 3825 3805 3805 3806 3806 3825 3825 3806 3806 3807 3807 3827 3827 3826 3826 3830 3830 3827 3827 3830 3830 3828 3828 3828 3828 3830 3830 3831 3831 3828 3828 3831 3831 3829 3829 3830 3830 3826 3826 3832 3832 3830 3830 3832 3832 3831 3831 3831 3831 3832 3832 3833 3833 3831 3831 3833 3833 3829 3829 3832 3832 3826 3826 3834 3834 3832 3832 3834 3834 3833 3833 3833 3833 3834 3834 3835 3835 3833 3833 3835 3835 3829 3829 3834 3834 3826 3826 3836 3836 3834 3834 3836 3836 3835 3835 3835 3835 3836 3836 3837 3837 3835 3835 3837 3837 3829 3829 3836 3836 3826 3826 3838 3838 3836 3836 3838 3838 3837 3837 3837 3837 3838 3838 3839 3839 3837 3837 3839 3839 3829 3829 3838 3838 3826 3826 3840 3840 3838 3838 3840 3840 3839 3839 3839 3839 3840 3840 3841 3841 3839 3839 3841 3841 3829 3829 3840 3840 3826 3826 3842 3842 3840 3840 3842 3842 3841 3841 3841 3841 3842 3842 3843 3843 3841 3841 3843 3843 3829 3829 3842 3842 3826 3826 3844 3844 3842 3842 3844 3844 3843 3843 3843 3843 3844 3844 3845 3845 3843 3843 3845 3845 3829 3829 3844 3844 3826 3826 3846 3846 3844 3844 3846 3846 3845 3845 3845 3845 3846 3846 3847 3847 3845 3845 3847 3847 3829 3829 3846 3846 3826 3826 3827 3827 3846 3846 3827 3827 3847 3847 3847 3847 3827 3827 3828 3828 3847 3847 3828 3828 3829 3829 3849 3849 3848 3848 3852 3852 3849 3849 3852 3852 3850 3850 3850 3850 3852 3852 3853 3853 3850 3850 3853 3853 3851 3851 3852 3852 3848 3848 3854 3854 3852 3852 3854 3854 3853 3853 3853 3853 3854 3854 3855 3855 3853 3853 3855 3855 3851 3851 3854 3854 3848 3848 3856 3856 3854 3854 3856 3856 3855 3855 3855 3855 3856 3856 3857 3857 3855 3855 3857 3857 3851 3851 3856 3856 3848 3848 3858 3858 3856 3856 3858 3858 3857 3857 3857 3857 3858 3858 3859 3859 3857 3857 3859 3859 3851 3851 3858 3858 3848 3848 3860 3860 3858 3858 3860 3860 3859 3859 3859 3859 3860 3860 3861 3861 3859 3859 3861 3861 3851 3851 3860 3860 3848 3848 3862 3862 3860 3860 3862 3862 3861 3861 3861 3861 3862 3862 3863 3863 3861 3861 3863 3863 3851 3851 3862 3862 3848 3848 3864 3864 3862 3862 3864 3864 3863 3863 3863 3863 3864 3864 3865 3865 3863 3863 3865 3865 3851 3851 3864 3864 3848 3848 3866 3866 3864 3864 3866 3866 3865 3865 3865 3865 3866 3866 3867 3867 3865 3865 3867 3867 3851 3851 3866 3866 3848 3848 3868 3868 3866 3866 3868 3868 3867 3867 3867 3867 3868 3868 3869 3869 3867 3867 3869 3869 3851 3851 3868 3868 3848 3848 3849 3849 3868 3868 3849 3849 3869 3869 3869 3869 3849 3849 3850 3850 3869 3869 3850 3850 3851 3851 3871 3871 3870 3870 3874 3874 3871 3871 3874 3874 3872 3872 3872 3872 3874 3874 3875 3875 3872 3872 3875 3875 3873 3873 3874 3874 3870 3870 3876 3876 3874 3874 3876 3876 3875 3875 3875 3875 3876 3876 3877 3877 3875 3875 3877 3877 3873 3873 3876 3876 3870 3870 3878 3878 3876 3876 3878 3878 3877 3877 3877 3877 3878 3878 3879 3879 3877 3877 3879 3879 3873 3873 3878 3878 3870 3870 3880 3880 3878 3878 3880 3880 3879 3879 3879 3879 3880 3880 3881 3881 3879 3879 3881 3881 3873 3873 3880 3880 3870 3870 3882 3882 3880 3880 3882 3882 3881 3881 3881 3881 3882 3882 3883 3883 3881 3881 3883 3883 3873 3873 3882 3882 3870 3870 3884 3884 3882 3882 3884 3884 3883 3883 3883 3883 3884 3884 3885 3885 3883 3883 3885 3885 3873 3873 3884 3884 3870 3870 3886 3886 3884 3884 3886 3886 3885 3885 3885 3885 3886 3886 3887 3887 3885 3885 3887 3887 3873 3873 3886 3886 3870 3870 3888 3888 3886 3886 3888 3888 3887 3887 3887 3887 3888 3888 3889 3889 3887 3887 3889 3889 3873 3873 3888 3888 3870 3870 3890 3890 3888 3888 3890 3890 3889 3889 3889 3889 3890 3890 3891 3891 3889 3889 3891 3891 3873 3873 3890 3890 3870 3870 3871 3871 3890 3890 3871 3871 3891 3891 3891 3891 3871 3871 3872 3872 3891 3891 3872 3872 3873 3873 3893 3893 3892 3892 3896 3896 3893 3893 3896 3896 3894 3894 3894 3894 3896 3896 3897 3897 3894 3894 3897 3897 3895 3895 3896 3896 3892 3892 3898 3898 3896 3896 3898 3898 3897 3897 3897 3897 3898 3898 3899 3899 3897 3897 3899 3899 3895 3895 3898 3898 3892 3892 3900 3900 3898 3898 3900 3900 3899 3899 3899 3899 3900 3900 3901 3901 3899 3899 3901 3901 3895 3895 3900 3900 3892 3892 3902 3902 3900 3900 3902 3902 3901 3901 3901 3901 3902 3902 3903 3903 3901 3901 3903 3903 3895 3895 3902 3902 3892 3892 3904 3904 3902 3902 3904 3904 3903 3903 3903 3903 3904 3904 3905 3905 3903 3903 3905 3905 3895 3895 3904 3904 3892 3892 3906 3906 3904 3904 3906 3906 3905 3905 3905 3905 3906 3906 3907 3907 3905 3905 3907 3907 3895 3895 3906 3906 3892 3892 3908 3908 3906 3906 3908 3908 3907 3907 3907 3907 3908 3908 3909 3909 3907 3907 3909 3909 3895 3895 3908 3908 3892 3892 3910 3910 3908 3908 3910 3910 3909 3909 3909 3909 3910 3910 3911 3911 3909 3909 3911 3911 3895 3895 3910 3910 3892 3892 3912 3912 3910 3910 3912 3912 3911 3911 3911 3911 3912 3912 3913 3913 3911 3911 3913 3913 3895 3895 3912 3912 3892 3892 3893 3893 3912 3912 3893 3893 3913 3913 3913 3913 3893 3893 3894 3894 3913 3913 3894 3894 3895 3895 3915 3915 3914 3914 3918 3918 3915 3915 3918 3918 3916 3916 3916 3916 3918 3918 3919 3919 3916 3916 3919 3919 3917 3917 3918 3918 3914 3914 3920 3920 3918 3918 3920 3920 3919 3919 3919 3919 3920 3920 3921 3921 3919 3919 3921 3921 3917 3917 3920 3920 3914 3914 3922 3922 3920 3920 3922 3922 3921 3921 3921 3921 3922 3922 3923 3923 3921 3921 3923 3923 3917 3917 3922 3922 3914 3914 3924 3924 3922 3922 3924 3924 3923 3923 3923 3923 3924 3924 3925 3925 3923 3923 3925 3925 3917 3917 3924 3924 3914 3914 3926 3926 3924 3924 3926 3926 3925 3925 3925 3925 3926 3926 3927 3927 3925 3925 3927 3927 3917 3917 3926 3926 3914 3914 3928 3928 3926 3926 3928 3928 3927 3927 3927 3927 3928 3928 3929 3929 3927 3927 3929 3929 3917 3917 3928 3928 3914 3914 3930 3930 3928 3928 3930 3930 3929 3929 3929 3929 3930 3930 3931 3931 3929 3929 3931 3931 3917 3917 3930 3930 3914 3914 3932 3932 3930 3930 3932 3932 3931 3931 3931 3931 3932 3932 3933 3933 3931 3931 3933 3933 3917 3917 3932 3932 3914 3914 3934 3934 3932 3932 3934 3934 3933 3933 3933 3933 3934 3934 3935 3935 3933 3933 3935 3935 3917 3917 3934 3934 3914 3914 3915 3915 3934 3934 3915 3915 3935 3935 3935 3935 3915 3915 3916 3916 3935 3935 3916 3916 3917 3917 3937 3937 3936 3936 3940 3940 3937 3937 3940 3940 3938 3938 3938 3938 3940 3940 3941 3941 3938 3938 3941 3941 3939 3939 3940 3940 3936 3936 3942 3942 3940 3940 3942 3942 3941 3941 3941 3941 3942 3942 3943 3943 3941 3941 3943 3943 3939 3939 3942 3942 3936 3936 3944 3944 3942 3942 3944 3944 3943 3943 3943 3943 3944 3944 3945 3945 3943 3943 3945 3945 3939 3939 3944 3944 3936 3936 3946 3946 3944 3944 3946 3946 3945 3945 3945 3945 3946 3946 3947 3947 3945 3945 3947 3947 3939 3939 3946 3946 3936 3936 3948 3948 3946 3946 3948 3948 3947 3947 3947 3947 3948 3948 3949 3949 3947 3947 3949 3949 3939 3939 3948 3948 3936 3936 3950 3950 3948 3948 3950 3950 3949 3949 3949 3949 3950 3950 3951 3951 3949 3949 3951 3951 3939 3939 3950 3950 3936 3936 3952 3952 3950 3950 3952 3952 3951 3951 3951 3951 3952 3952 3953 3953 3951 3951 3953 3953 3939 3939 3952 3952 3936 3936 3954 3954 3952 3952 3954 3954 3953 3953 3953 3953 3954 3954 3955 3955 3953 3953 3955 3955 3939 3939 3954 3954 3936 3936 3956 3956 3954 3954 3956 3956 3955 3955 3955 3955 3956 3956 3957 3957 3955 3955 3957 3957 3939 3939 3956 3956 3936 3936 3937 3937 3956 3956 3937 3937 3957 3957 3957 3957 3937 3937 3938 3938 3957 3957 3938 3938 3939 3939 3959 3959 3958 3958 3962 3962 3959 3959 3962 3962 3960 3960 3960 3960 3962 3962 3963 3963 3960 3960 3963 3963 3961 3961 3962 3962 3958 3958 3964 3964 3962 3962 3964 3964 3963 3963 3963 3963 3964 3964 3965 3965 3963 3963 3965 3965 3961 3961 3964 3964 3958 3958 3966 3966 3964 3964 3966 3966 3965 3965 3965 3965 3966 3966 3967 3967 3965 3965 3967 3967 3961 3961 3966 3966 3958 3958 3968 3968 3966 3966 3968 3968 3967 3967 3967 3967 3968 3968 3969 3969 3967 3967 3969 3969 3961 3961 3968 3968 3958 3958 3970 3970 3968 3968 3970 3970 3969 3969 3969 3969 3970 3970 3971 3971 3969 3969 3971 3971 3961 3961 3970 3970 3958 3958 3972 3972 3970 3970 3972 3972 3971 3971 3971 3971 3972 3972 3973 3973 3971 3971 3973 3973 3961 3961 3972 3972 3958 3958 3974 3974 3972 3972 3974 3974 3973 3973 3973 3973 3974 3974 3975 3975 3973 3973 3975 3975 3961 3961 3974 3974 3958 3958 3976 3976 3974 3974 3976 3976 3975 3975 3975 3975 3976 3976 3977 3977 3975 3975 3977 3977 3961 3961 3976 3976 3958 3958 3978 3978 3976 3976 3978 3978 3977 3977 3977 3977 3978 3978 3979 3979 3977 3977 3979 3979 3961 3961 3978 3978 3958 3958 3959 3959 3978 3978 3959 3959 3979 3979 3979 3979 3959 3959 3960 3960 3979 3979 3960 3960 3961 3961 3981 3981 3980 3980 3984 3984 3981 3981 3984 3984 3982 3982 3982 3982 3984 3984 3985 3985 3982 3982 3985 3985 3983 3983 3984 3984 3980 3980 3986 3986 3984 3984 3986 3986 3985 3985 3985 3985 3986 3986 3987 3987 3985 3985 3987 3987 3983 3983 3986 3986 3980 3980 3988 3988 3986 3986 3988 3988 3987 3987 3987 3987 3988 3988 3989 3989 3987 3987 3989 3989 3983 3983 3988 3988 3980 3980 3990 3990 3988 3988 3990 3990 3989 3989 3989 3989 3990 3990 3991 3991 3989 3989 3991 3991 3983 3983 3990 3990 3980 3980 3992 3992 3990 3990 3992 3992 3991 3991 3991 3991 3992 3992 3993 3993 3991 3991 3993 3993 3983 3983 3992 3992 3980 3980 3994 3994 3992 3992 3994 3994 3993 3993 3993 3993 3994 3994 3995 3995 3993 3993 3995 3995 3983 3983 3994 3994 3980 3980 3996 3996 3994 3994 3996 3996 3995 3995 3995 3995 3996 3996 3997 3997 3995 3995 3997 3997 3983 3983 3996 3996 3980 3980 3998 3998 3996 3996 3998 3998 3997 3997 3997 3997 3998 3998 3999 3999 3997 3997 3999 3999 3983 3983 3998 3998 3980 3980 4000 4000 3998 3998 4000 4000 3999 3999 3999 3999 4000 4000 4001 4001 3999 3999 4001 4001 3983 3983 4000 4000 3980 3980 3981 3981 4000 4000 3981 3981 4001 4001 4001 4001 3981 3981 3982 3982 4001 4001 3982 3982 3983 3983 4003 4003 4002 4002 4006 4006 4003 4003 4006 4006 4004 4004 4004 4004 4006 4006 4007 4007 4004 4004 4007 4007 4005 4005 4006 4006 4002 4002 4008 4008 4006 4006 4008 4008 4007 4007 4007 4007 4008 4008 4009 4009 4007 4007 4009 4009 4005 4005 4008 4008 4002 4002 4010 4010 4008 4008 4010 4010 4009 4009 4009 4009 4010 4010 4011 4011 4009 4009 4011 4011 4005 4005 4010 4010 4002 4002 4012 4012 4010 4010 4012 4012 4011 4011 4011 4011 4012 4012 4013 4013 4011 4011 4013 4013 4005 4005 4012 4012 4002 4002 4014 4014 4012 4012 4014 4014 4013 4013 4013 4013 4014 4014 4015 4015 4013 4013 4015 4015 4005 4005 4014 4014 4002 4002 4016 4016 4014 4014 4016 4016 4015 4015 4015 4015 4016 4016 4017 4017 4015 4015 4017 4017 4005 4005 4016 4016 4002 4002 4018 4018 4016 4016 4018 4018 4017 4017 4017 4017 4018 4018 4019 4019 4017 4017 4019 4019 4005 4005 4018 4018 4002 4002 4020 4020 4018 4018 4020 4020 4019 4019 4019 4019 4020 4020 4021 4021 4019 4019 4021 4021 4005 4005 4020 4020 4002 4002 4022 4022 4020 4020 4022 4022 4021 4021 4021 4021 4022 4022 4023 4023 4021 4021 4023 4023 4005 4005 4022 4022 4002 4002 4003 4003 4022 4022 4003 4003 4023 4023 4023 4023 4003 4003 4004 4004 4023 4023 4004 4004 4005 4005 4025 4025 4024 4024 4028 4028 4025 4025 4028 4028 4026 4026 4026 4026 4028 4028 4029 4029 4026 4026 4029 4029 4027 4027 4028 4028 4024 4024 4030 4030 4028 4028 4030 4030 4029 4029 4029 4029 4030 4030 4031 4031 4029 4029 4031 4031 4027 4027 4030 4030 4024 4024 4032 4032 4030 4030 4032 4032 4031 4031 4031 4031 4032 4032 4033 4033 4031 4031 4033 4033 4027 4027 4032 4032 4024 4024 4034 4034 4032 4032 4034 4034 4033 4033 4033 4033 4034 4034 4035 4035 4033 4033 4035 4035 4027 4027 4034 4034 4024 4024 4036 4036 4034 4034 4036 4036 4035 4035 4035 4035 4036 4036 4037 4037 4035 4035 4037 4037 4027 4027 4036 4036 4024 4024 4038 4038 4036 4036 4038 4038 4037 4037 4037 4037 4038 4038 4039 4039 4037 4037 4039 4039 4027 4027 4038 4038 4024 4024 4040 4040 4038 4038 4040 4040 4039 4039 4039 4039 4040 4040 4041 4041 4039 4039 4041 4041 4027 4027 4040 4040 4024 4024 4042 4042 4040 4040 4042 4042 4041 4041 4041 4041 4042 4042 4043 4043 4041 4041 4043 4043 4027 4027 4042 4042 4024 4024 4044 4044 4042 4042 4044 4044 4043 4043 4043 4043 4044 4044 4045 4045 4043 4043 4045 4045 4027 4027 4044 4044 4024 4024 4025 4025 4044 4044 4025 4025 4045 4045 4045 4045 4025 4025 4026 4026 4045 4045 4026 4026 4027 4027 4047 4047 4046 4046 4050 4050 4047 4047 4050 4050 4048 4048 4048 4048 4050 4050 4051 4051 4048 4048 4051 4051 4049 4049 4050 4050 4046 4046 4052 4052 4050 4050 4052 4052 4051 4051 4051 4051 4052 4052 4053 4053 4051 4051 4053 4053 4049 4049 4052 4052 4046 4046 4054 4054 4052 4052 4054 4054 4053 4053 4053 4053 4054 4054 4055 4055 4053 4053 4055 4055 4049 4049 4054 4054 4046 4046 4056 4056 4054 4054 4056 4056 4055 4055 4055 4055 4056 4056 4057 4057 4055 4055 4057 4057 4049 4049 4056 4056 4046 4046 4058 4058 4056 4056 4058 4058 4057 4057 4057 4057 4058 4058 4059 4059 4057 4057 4059 4059 4049 4049 4058 4058 4046 4046 4060 4060 4058 4058 4060 4060 4059 4059 4059 4059 4060 4060 4061 4061 4059 4059 4061 4061 4049 4049 4060 4060 4046 4046 4062 4062 4060 4060 4062 4062 4061 4061 4061 4061 4062 4062 4063 4063 4061 4061 4063 4063 4049 4049 4062 4062 4046 4046 4064 4064 4062 4062 4064 4064 4063 4063 4063 4063 4064 4064 4065 4065 4063 4063 4065 4065 4049 4049 4064 4064 4046 4046 4066 4066 4064 4064 4066 4066 4065 4065 4065 4065 4066 4066 4067 4067 4065 4065 4067 4067 4049 4049 4066 4066 4046 4046 4047 4047 4066 4066 4047 4047 4067 4067 4067 4067 4047 4047 4048 4048 4067 4067 4048 4048 4049 4049 4069 4069 4068 4068 4072 4072 4069 4069 4072 4072 4070 4070 4070 4070 4072 4072 4073 4073 4070 4070 4073 4073 4071 4071 4072 4072 4068 4068 4074 4074 4072 4072 4074 4074 4073 4073 4073 4073 4074 4074 4075 4075 4073 4073 4075 4075 4071 4071 4074 4074 4068 4068 4076 4076 4074 4074 4076 4076 4075 4075 4075 4075 4076 4076 4077 4077 4075 4075 4077 4077 4071 4071 4076 4076 4068 4068 4078 4078 4076 4076 4078 4078 4077 4077 4077 4077 4078 4078 4079 4079 4077 4077 4079 4079 4071 4071 4078 4078 4068 4068 4080 4080 4078 4078 4080 4080 4079 4079 4079 4079 4080 4080 4081 4081 4079 4079 4081 4081 4071 4071 4080 4080 4068 4068 4082 4082 4080 4080 4082 4082 4081 4081 4081 4081 4082 4082 4083 4083 4081 4081 4083 4083 4071 4071 4082 4082 4068 4068 4084 4084 4082 4082 4084 4084 4083 4083 4083 4083 4084 4084 4085 4085 4083 4083 4085 4085 4071 4071 4084 4084 4068 4068 4086 4086 4084 4084 4086 4086 4085 4085 4085 4085 4086 4086 4087 4087 4085 4085 4087 4087 4071 4071 4086 4086 4068 4068 4088 4088 4086 4086 4088 4088 4087 4087 4087 4087 4088 4088 4089 4089 4087 4087 4089 4089 4071 4071 4088 4088 4068 4068 4069 4069 4088 4088 4069 4069 4089 4089 4089 4089 4069 4069 4070 4070 4089 4089 4070 4070 4071 4071 4091 4091 4090 4090 4094 4094 4091 4091 4094 4094 4092 4092 4092 4092 4094 4094 4095 4095 4092 4092 4095 4095 4093 4093 4094 4094 4090 4090 4096 4096 4094 4094 4096 4096 4095 4095 4095 4095 4096 4096 4097 4097 4095 4095 4097 4097 4093 4093 4096 4096 4090 4090 4098 4098 4096 4096 4098 4098 4097 4097 4097 4097 4098 4098 4099 4099 4097 4097 4099 4099 4093 4093 4098 4098 4090 4090 4100 4100 4098 4098 4100 4100 4099 4099 4099 4099 4100 4100 4101 4101 4099 4099 4101 4101 4093 4093 4100 4100 4090 4090 4102 4102 4100 4100 4102 4102 4101 4101 4101 4101 4102 4102 4103 4103 4101 4101 4103 4103 4093 4093 4102 4102 4090 4090 4104 4104 4102 4102 4104 4104 4103 4103 4103 4103 4104 4104 4105 4105 4103 4103 4105 4105 4093 4093 4104 4104 4090 4090 4106 4106 4104 4104 4106 4106 4105 4105 4105 4105 4106 4106 4107 4107 4105 4105 4107 4107 4093 4093 4106 4106 4090 4090 4108 4108 4106 4106 4108 4108 4107 4107 4107 4107 4108 4108 4109 4109 4107 4107 4109 4109 4093 4093 4108 4108 4090 4090 4110 4110 4108 4108 4110 4110 4109 4109 4109 4109 4110 4110 4111 4111 4109 4109 4111 4111 4093 4093 4110 4110 4090 4090 4091 4091 4110 4110 4091 4091 4111 4111 4111 4111 4091 4091 4092 4092 4111 4111 4092 4092 4093 4093 4113 4113 4112 4112 4116 4116 4113 4113 4116 4116 4114 4114 4114 4114 4116 4116 4117 4117 4114 4114 4117 4117 4115 4115 4116 4116 4112 4112 4118 4118 4116 4116 4118 4118 4117 4117 4117 4117 4118 4118 4119 4119 4117 4117 4119 4119 4115 4115 4118 4118 4112 4112 4120 4120 4118 4118 4120 4120 4119 4119 4119 4119 4120 4120 4121 4121 4119 4119 4121 4121 4115 4115 4120 4120 4112 4112 4122 4122 4120 4120 4122 4122 4121 4121 4121 4121 4122 4122 4123 4123 4121 4121 4123 4123 4115 4115 4122 4122 4112 4112 4124 4124 4122 4122 4124 4124 4123 4123 4123 4123 4124 4124 4125 4125 4123 4123 4125 4125 4115 4115 4124 4124 4112 4112 4126 4126 4124 4124 4126 4126 4125 4125 4125 4125 4126 4126 4127 4127 4125 4125 4127 4127 4115 4115 4126 4126 4112 4112 4128 4128 4126 4126 4128 4128 4127 4127 4127 4127 4128 4128 4129 4129 4127 4127 4129 4129 4115 4115 4128 4128 4112 4112 4130 4130 4128 4128 4130 4130 4129 4129 4129 4129 4130 4130 4131 4131 4129 4129 4131 4131 4115 4115 4130 4130 4112 4112 4132 4132 4130 4130 4132 4132 4131 4131 4131 4131 4132 4132 4133 4133 4131 4131 4133 4133 4115 4115 4132 4132 4112 4112 4113 4113 4132 4132 4113 4113 4133 4133 4133 4133 4113 4113 4114 4114 4133 4133 4114 4114 4115 4115 4135 4135 4134 4134 4138 4138 4135 4135 4138 4138 4136 4136 4136 4136 4138 4138 4139 4139 4136 4136 4139 4139 4137 4137 4138 4138 4134 4134 4140 4140 4138 4138 4140 4140 4139 4139 4139 4139 4140 4140 4141 4141 4139 4139 4141 4141 4137 4137 4140 4140 4134 4134 4142 4142 4140 4140 4142 4142 4141 4141 4141 4141 4142 4142 4143 4143 4141 4141 4143 4143 4137 4137 4142 4142 4134 4134 4144 4144 4142 4142 4144 4144 4143 4143 4143 4143 4144 4144 4145 4145 4143 4143 4145 4145 4137 4137 4144 4144 4134 4134 4146 4146 4144 4144 4146 4146 4145 4145 4145 4145 4146 4146 4147 4147 4145 4145 4147 4147 4137 4137 4146 4146 4134 4134 4148 4148 4146 4146 4148 4148 4147 4147 4147 4147 4148 4148 4149 4149 4147 4147 4149 4149 4137 4137 4148 4148 4134 4134 4150 4150 4148 4148 4150 4150 4149 4149 4149 4149 4150 4150 4151 4151 4149 4149 4151 4151 4137 4137 4150 4150 4134 4134 4152 4152 4150 4150 4152 4152 4151 4151 4151 4151 4152 4152 4153 4153 4151 4151 4153 4153 4137 4137 4152 4152 4134 4134 4154 4154 4152 4152 4154 4154 4153 4153 4153 4153 4154 4154 4155 4155 4153 4153 4155 4155 4137 4137 4154 4154 4134 4134 4135 4135 4154 4154 4135 4135 4155 4155 4155 4155 4135 4135 4136 4136 4155 4155 4136 4136 4137 4137 4157 4157 4156 4156 4160 4160 4157 4157 4160 4160 4158 4158 4158 4158 4160 4160 4161 4161 4158 4158 4161 4161 4159 4159 4160 4160 4156 4156 4162 4162 4160 4160 4162 4162 4161 4161 4161 4161 4162 4162 4163 4163 4161 4161 4163 4163 4159 4159 4162 4162 4156 4156 4164 4164 4162 4162 4164 4164 4163 4163 4163 4163 4164 4164 4165 4165 4163 4163 4165 4165 4159 4159 4164 4164 4156 4156 4166 4166 4164 4164 4166 4166 4165 4165 4165 4165 4166 4166 4167 4167 4165 4165 4167 4167 4159 4159 4166 4166 4156 4156 4168 4168 4166 4166 4168 4168 4167 4167 4167 4167 4168 4168 4169 4169 4167 4167 4169 4169 4159 4159 4168 4168 4156 4156 4170 4170 4168 4168 4170 4170 4169 4169 4169 4169 4170 4170 4171 4171 4169 4169 4171 4171 4159 4159 4170 4170 4156 4156 4172 4172 4170 4170 4172 4172 4171 4171 4171 4171 4172 4172 4173 4173 4171 4171 4173 4173 4159 4159 4172 4172 4156 4156 4174 4174 4172 4172 4174 4174 4173 4173 4173 4173 4174 4174 4175 4175 4173 4173 4175 4175 4159 4159 4174 4174 4156 4156 4176 4176 4174 4174 4176 4176 4175 4175 4175 4175 4176 4176 4177 4177 4175 4175 4177 4177 4159 4159 4176 4176 4156 4156 4157 4157 4176 4176 4157 4157 4177 4177 4177 4177 4157 4157 4158 4158 4177 4177 4158 4158 4159 4159 4179 4179 4178 4178 4182 4182 4179 4179 4182 4182 4180 4180 4180 4180 4182 4182 4183 4183 4180 4180 4183 4183 4181 4181 4182 4182 4178 4178 4184 4184 4182 4182 4184 4184 4183 4183 4183 4183 4184 4184 4185 4185 4183 4183 4185 4185 4181 4181 4184 4184 4178 4178 4186 4186 4184 4184 4186 4186 4185 4185 4185 4185 4186 4186 4187 4187 4185 4185 4187 4187 4181 4181 4186 4186 4178 4178 4188 4188 4186 4186 4188 4188 4187 4187 4187 4187 4188 4188 4189 4189 4187 4187 4189 4189 4181 4181 4188 4188 4178 4178 4190 4190 4188 4188 4190 4190 4189 4189 4189 4189 4190 4190 4191 4191 4189 4189 4191 4191 4181 4181 4190 4190 4178 4178 4192 4192 4190 4190 4192 4192 4191 4191 4191 4191 4192 4192 4193 4193 4191 4191 4193 4193 4181 4181 4192 4192 4178 4178 4194 4194 4192 4192 4194 4194 4193 4193 4193 4193 4194 4194 4195 4195 4193 4193 4195 4195 4181 4181 4194 4194 4178 4178 4196 4196 4194 4194 4196 4196 4195 4195 4195 4195 4196 4196 4197 4197 4195 4195 4197 4197 4181 4181 4196 4196 4178 4178 4198 4198 4196 4196 4198 4198 4197 4197 4197 4197 4198 4198 4199 4199 4197 4197 4199 4199 4181 4181 4198 4198 4178 4178 4179 4179 4198 4198 4179 4179 4199 4199 4199 4199 4179 4179 4180 4180 4199 4199 4180 4180 4181 4181 4201 4201 4200 4200 4204 4204 4201 4201 4204 4204 4202 4202 4202 4202 4204 4204 4205 4205 4202 4202 4205 4205 4203 4203 4204 4204 4200 4200 4206 4206 4204 4204 4206 4206 4205 4205 4205 4205 4206 4206 4207 4207 4205 4205 4207 4207 4203 4203 4206 4206 4200 4200 4208 4208 4206 4206 4208 4208 4207 4207 4207 4207 4208 4208 4209 4209 4207 4207 4209 4209 4203 4203 4208 4208 4200 4200 4210 4210 4208 4208 4210 4210 4209 4209 4209 4209 4210 4210 4211 4211 4209 4209 4211 4211 4203 4203 4210 4210 4200 4200 4212 4212 4210 4210 4212 4212 4211 4211 4211 4211 4212 4212 4213 4213 4211 4211 4213 4213 4203 4203 4212 4212 4200 4200 4214 4214 4212 4212 4214 4214 4213 4213 4213 4213 4214 4214 4215 4215 4213 4213 4215 4215 4203 4203 4214 4214 4200 4200 4216 4216 4214 4214 4216 4216 4215 4215 4215 4215 4216 4216 4217 4217 4215 4215 4217 4217 4203 4203 4216 4216 4200 4200 4218 4218 4216 4216 4218 4218 4217 4217 4217 4217 4218 4218 4219 4219 4217 4217 4219 4219 4203 4203 4218 4218 4200 4200 4220 4220 4218 4218 4220 4220 4219 4219 4219 4219 4220 4220 4221 4221 4219 4219 4221 4221 4203 4203 4220 4220 4200 4200 4201 4201 4220 4220 4201 4201 4221 4221 4221 4221 4201 4201 4202 4202 4221 4221 4202 4202 4203 4203 4223 4223 4222 4222 4226 4226 4223 4223 4226 4226 4224 4224 4224 4224 4226 4226 4227 4227 4224 4224 4227 4227 4225 4225 4226 4226 4222 4222 4228 4228 4226 4226 4228 4228 4227 4227 4227 4227 4228 4228 4229 4229 4227 4227 4229 4229 4225 4225 4228 4228 4222 4222 4230 4230 4228 4228 4230 4230 4229 4229 4229 4229 4230 4230 4231 4231 4229 4229 4231 4231 4225 4225 4230 4230 4222 4222 4232 4232 4230 4230 4232 4232 4231 4231 4231 4231 4232 4232 4233 4233 4231 4231 4233 4233 4225 4225 4232 4232 4222 4222 4234 4234 4232 4232 4234 4234 4233 4233 4233 4233 4234 4234 4235 4235 4233 4233 4235 4235 4225 4225 4234 4234 4222 4222 4236 4236 4234 4234 4236 4236 4235 4235 4235 4235 4236 4236 4237 4237 4235 4235 4237 4237 4225 4225 4236 4236 4222 4222 4238 4238 4236 4236 4238 4238 4237 4237 4237 4237 4238 4238 4239 4239 4237 4237 4239 4239 4225 4225 4238 4238 4222 4222 4240 4240 4238 4238 4240 4240 4239 4239 4239 4239 4240 4240 4241 4241 4239 4239 4241 4241 4225 4225 4240 4240 4222 4222 4242 4242 4240 4240 4242 4242 4241 4241 4241 4241 4242 4242 4243 4243 4241 4241 4243 4243 4225 4225 4242 4242 4222 4222 4223 4223 4242 4242 4223 4223 4243 4243 4243 4243 4223 4223 4224 4224 4243 4243 4224 4224 4225 4225 4245 4245 4244 4244 4248 4248 4245 4245 4248 4248 4246 4246 4246 4246 4248 4248 4249 4249 4246 4246 4249 4249 4247 4247 4248 4248 4244 4244 4250 4250 4248 4248 4250 4250 4249 4249 4249 4249 4250 4250 4251 4251 4249 4249 4251 4251 4247 4247 4250 4250 4244 4244 4252 4252 4250 4250 4252 4252 4251 4251 4251 4251 4252 4252 4253 4253 4251 4251 4253 4253 4247 4247 4252 4252 4244 4244 4254 4254 4252 4252 4254 4254 4253 4253 4253 4253 4254 4254 4255 4255 4253 4253 4255 4255 4247 4247 4254 4254 4244 4244 4256 4256 4254 4254 4256 4256 4255 4255 4255 4255 4256 4256 4257 4257 4255 4255 4257 4257 4247 4247 4256 4256 4244 4244 4258 4258 4256 4256 4258 4258 4257 4257 4257 4257 4258 4258 4259 4259 4257 4257 4259 4259 4247 4247 4258 4258 4244 4244 4260 4260 4258 4258 4260 4260 4259 4259 4259 4259 4260 4260 4261 4261 4259 4259 4261 4261 4247 4247 4260 4260 4244 4244 4262 4262 4260 4260 4262 4262 4261 4261 4261 4261 4262 4262 4263 4263 4261 4261 4263 4263 4247 4247 4262 4262 4244 4244 4264 4264 4262 4262 4264 4264 4263 4263 4263 4263 4264 4264 4265 4265 4263 4263 4265 4265 4247 4247 4264 4264 4244 4244 4245 4245 4264 4264 4245 4245 4265 4265 4265 4265 4245 4245 4246 4246 4265 4265 4246 4246 4247 4247 4267 4267 4266 4266 4270 4270 4267 4267 4270 4270 4268 4268 4268 4268 4270 4270 4271 4271 4268 4268 4271 4271 4269 4269 4270 4270 4266 4266 4272 4272 4270 4270 4272 4272 4271 4271 4271 4271 4272 4272 4273 4273 4271 4271 4273 4273 4269 4269 4272 4272 4266 4266 4274 4274 4272 4272 4274 4274 4273 4273 4273 4273 4274 4274 4275 4275 4273 4273 4275 4275 4269 4269 4274 4274 4266 4266 4276 4276 4274 4274 4276 4276 4275 4275 4275 4275 4276 4276 4277 4277 4275 4275 4277 4277 4269 4269 4276 4276 4266 4266 4278 4278 4276 4276 4278 4278 4277 4277 4277 4277 4278 4278 4279 4279 4277 4277 4279 4279 4269 4269 4278 4278 4266 4266 4280 4280 4278 4278 4280 4280 4279 4279 4279 4279 4280 4280 4281 4281 4279 4279 4281 4281 4269 4269 4280 4280 4266 4266 4282 4282 4280 4280 4282 4282 4281 4281 4281 4281 4282 4282 4283 4283 4281 4281 4283 4283 4269 4269 4282 4282 4266 4266 4284 4284 4282 4282 4284 4284 4283 4283 4283 4283 4284 4284 4285 4285 4283 4283 4285 4285 4269 4269 4284 4284 4266 4266 4286 4286 4284 4284 4286 4286 4285 4285 4285 4285 4286 4286 4287 4287 4285 4285 4287 4287 4269 4269 4286 4286 4266 4266 4267 4267 4286 4286 4267 4267 4287 4287 4287 4287 4267 4267 4268 4268 4287 4287 4268 4268 4269 4269 4289 4289 4288 4288 4292 4292 4289 4289 4292 4292 4290 4290 4290 4290 4292 4292 4293 4293 4290 4290 4293 4293 4291 4291 4292 4292 4288 4288 4294 4294 4292 4292 4294 4294 4293 4293 4293 4293 4294 4294 4295 4295 4293 4293 4295 4295 4291 4291 4294 4294 4288 4288 4296 4296 4294 4294 4296 4296 4295 4295 4295 4295 4296 4296 4297 4297 4295 4295 4297 4297 4291 4291 4296 4296 4288 4288 4298 4298 4296 4296 4298 4298 4297 4297 4297 4297 4298 4298 4299 4299 4297 4297 4299 4299 4291 4291 4298 4298 4288 4288 4300 4300 4298 4298 4300 4300 4299 4299 4299 4299 4300 4300 4301 4301 4299 4299 4301 4301 4291 4291 4300 4300 4288 4288 4302 4302 4300 4300 4302 4302 4301 4301 4301 4301 4302 4302 4303 4303 4301 4301 4303 4303 4291 4291 4302 4302 4288 4288 4304 4304 4302 4302 4304 4304 4303 4303 4303 4303 4304 4304 4305 4305 4303 4303 4305 4305 4291 4291 4304 4304 4288 4288 4306 4306 4304 4304 4306 4306 4305 4305 4305 4305 4306 4306 4307 4307 4305 4305 4307 4307 4291 4291 4306 4306 4288 4288 4308 4308 4306 4306 4308 4308 4307 4307 4307 4307 4308 4308 4309 4309 4307 4307 4309 4309 4291 4291 4308 4308 4288 4288 4289 4289 4308 4308 4289 4289 4309 4309 4309 4309 4289 4289 4290 4290 4309 4309 4290 4290 4291 4291 4311 4311 4310 4310 4314 4314 4311 4311 4314 4314 4312 4312 4312 4312 4314 4314 4315 4315 4312 4312 4315 4315 4313 4313 4314 4314 4310 4310 4316 4316 4314 4314 4316 4316 4315 4315 4315 4315 4316 4316 4317 4317 4315 4315 4317 4317 4313 4313 4316 4316 4310 4310 4318 4318 4316 4316 4318 4318 4317 4317 4317 4317 4318 4318 4319 4319 4317 4317 4319 4319 4313 4313 4318 4318 4310 4310 4320 4320 4318 4318 4320 4320 4319 4319 4319 4319 4320 4320 4321 4321 4319 4319 4321 4321 4313 4313 4320 4320 4310 4310 4322 4322 4320 4320 4322 4322 4321 4321 4321 4321 4322 4322 4323 4323 4321 4321 4323 4323 4313 4313 4322 4322 4310 4310 4324 4324 4322 4322 4324 4324 4323 4323 4323 4323 4324 4324 4325 4325 4323 4323 4325 4325 4313 4313 4324 4324 4310 4310 4326 4326 4324 4324 4326 4326 4325 4325 4325 4325 4326 4326 4327 4327 4325 4325 4327 4327 4313 4313 4326 4326 4310 4310 4328 4328 4326 4326 4328 4328 4327 4327 4327 4327 4328 4328 4329 4329 4327 4327 4329 4329 4313 4313 4328 4328 4310 4310 4330 4330 4328 4328 4330 4330 4329 4329 4329 4329 4330 4330 4331 4331 4329 4329 4331 4331 4313 4313 4330 4330 4310 4310 4311 4311 4330 4330 4311 4311 4331 4331 4331 4331 4311 4311 4312 4312 4331 4331 4312 4312 4313 4313 4333 4333 4332 4332 4336 4336 4333 4333 4336 4336 4334 4334 4334 4334 4336 4336 4337 4337 4334 4334 4337 4337 4335 4335 4336 4336 4332 4332 4338 4338 4336 4336 4338 4338 4337 4337 4337 4337 4338 4338 4339 4339 4337 4337 4339 4339 4335 4335 4338 4338 4332 4332 4340 4340 4338 4338 4340 4340 4339 4339 4339 4339 4340 4340 4341 4341 4339 4339 4341 4341 4335 4335 4340 4340 4332 4332 4342 4342 4340 4340 4342 4342 4341 4341 4341 4341 4342 4342 4343 4343 4341 4341 4343 4343 4335 4335 4342 4342 4332 4332 4344 4344 4342 4342 4344 4344 4343 4343 4343 4343 4344 4344 4345 4345 4343 4343 4345 4345 4335 4335 4344 4344 4332 4332 4346 4346 4344 4344 4346 4346 4345 4345 4345 4345 4346 4346 4347 4347 4345 4345 4347 4347 4335 4335 4346 4346 4332 4332 4348 4348 4346 4346 4348 4348 4347 4347 4347 4347 4348 4348 4349 4349 4347 4347 4349 4349 4335 4335 4348 4348 4332 4332 4350 4350 4348 4348 4350 4350 4349 4349 4349 4349 4350 4350 4351 4351 4349 4349 4351 4351 4335 4335 4350 4350 4332 4332 4352 4352 4350 4350 4352 4352 4351 4351 4351 4351 4352 4352 4353 4353 4351 4351 4353 4353 4335 4335 4352 4352 4332 4332 4333 4333 4352 4352 4333 4333 4353 4353 4353 4353 4333 4333 4334 4334 4353 4353 4334 4334 4335 4335 4355 4355 4354 4354 4358 4358 4355 4355 4358 4358 4356 4356 4356 4356 4358 4358 4359 4359 4356 4356 4359 4359 4357 4357 4358 4358 4354 4354 4360 4360 4358 4358 4360 4360 4359 4359 4359 4359 4360 4360 4361 4361 4359 4359 4361 4361 4357 4357 4360 4360 4354 4354 4362 4362 4360 4360 4362 4362 4361 4361 4361 4361 4362 4362 4363 4363 4361 4361 4363 4363 4357 4357 4362 4362 4354 4354 4364 4364 4362 4362 4364 4364 4363 4363 4363 4363 4364 4364 4365 4365 4363 4363 4365 4365 4357 4357 4364 4364 4354 4354 4366 4366 4364 4364 4366 4366 4365 4365 4365 4365 4366 4366 4367 4367 4365 4365 4367 4367 4357 4357 4366 4366 4354 4354 4368 4368 4366 4366 4368 4368 4367 4367 4367 4367 4368 4368 4369 4369 4367 4367 4369 4369 4357 4357 4368 4368 4354 4354 4370 4370 4368 4368 4370 4370 4369 4369 4369 4369 4370 4370 4371 4371 4369 4369 4371 4371 4357 4357 4370 4370 4354 4354 4372 4372 4370 4370 4372 4372 4371 4371 4371 4371 4372 4372 4373 4373 4371 4371 4373 4373 4357 4357 4372 4372 4354 4354 4374 4374 4372 4372 4374 4374 4373 4373 4373 4373 4374 4374 4375 4375 4373 4373 4375 4375 4357 4357 4374 4374 4354 4354 4355 4355 4374 4374 4355 4355 4375 4375 4375 4375 4355 4355 4356 4356 4375 4375 4356 4356 4357 4357 4377 4377 4376 4376 4380 4380 4377 4377 4380 4380 4378 4378 4378 4378 4380 4380 4381 4381 4378 4378 4381 4381 4379 4379 4380 4380 4376 4376 4382 4382 4380 4380 4382 4382 4381 4381 4381 4381 4382 4382 4383 4383 4381 4381 4383 4383 4379 4379 4382 4382 4376 4376 4384 4384 4382 4382 4384 4384 4383 4383 4383 4383 4384 4384 4385 4385 4383 4383 4385 4385 4379 4379 4384 4384 4376 4376 4386 4386 4384 4384 4386 4386 4385 4385 4385 4385 4386 4386 4387 4387 4385 4385 4387 4387 4379 4379 4386 4386 4376 4376 4388 4388 4386 4386 4388 4388 4387 4387 4387 4387 4388 4388 4389 4389 4387 4387 4389 4389 4379 4379 4388 4388 4376 4376 4390 4390 4388 4388 4390 4390 4389 4389 4389 4389 4390 4390 4391 4391 4389 4389 4391 4391 4379 4379 4390 4390 4376 4376 4392 4392 4390 4390 4392 4392 4391 4391 4391 4391 4392 4392 4393 4393 4391 4391 4393 4393 4379 4379 4392 4392 4376 4376 4394 4394 4392 4392 4394 4394 4393 4393 4393 4393 4394 4394 4395 4395 4393 4393 4395 4395 4379 4379 4394 4394 4376 4376 4396 4396 4394 4394 4396 4396 4395 4395 4395 4395 4396 4396 4397 4397 4395 4395 4397 4397 4379 4379 4396 4396 4376 4376 4377 4377 4396 4396 4377 4377 4397 4397 4397 4397 4377 4377 4378 4378 4397 4397 4378 4378 4379 4379 4399 4399 4398 4398 4402 4402 4399 4399 4402 4402 4400 4400 4400 4400 4402 4402 4403 4403 4400 4400 4403 4403 4401 4401 4402 4402 4398 4398 4404 4404 4402 4402 4404 4404 4403 4403 4403 4403 4404 4404 4405 4405 4403 4403 4405 4405 4401 4401 4404 4404 4398 4398 4406 4406 4404 4404 4406 4406 4405 4405 4405 4405 4406 4406 4407 4407 4405 4405 4407 4407 4401 4401 4406 4406 4398 4398 4408 4408 4406 4406 4408 4408 4407 4407 4407 4407 4408 4408 4409 4409 4407 4407 4409 4409 4401 4401 4408 4408 4398 4398 4410 4410 4408 4408 4410 4410 4409 4409 4409 4409 4410 4410 4411 4411 4409 4409 4411 4411 4401 4401 4410 4410 4398 4398 4412 4412 4410 4410 4412 4412 4411 4411 4411 4411 4412 4412 4413 4413 4411 4411 4413 4413 4401 4401 4412 4412 4398 4398 4414 4414 4412 4412 4414 4414 4413 4413 4413 4413 4414 4414 4415 4415 4413 4413 4415 4415 4401 4401 4414 4414 4398 4398 4416 4416 4414 4414 4416 4416 4415 4415 4415 4415 4416 4416 4417 4417 4415 4415 4417 4417 4401 4401 4416 4416 4398 4398 4418 4418 4416 4416 4418 4418 4417 4417 4417 4417 4418 4418 4419 4419 4417 4417 4419 4419 4401 4401 4418 4418 4398 4398 4399 4399 4418 4418 4399 4399 4419 4419 4419 4419 4399 4399 4400 4400 4419 4419 4400 4400 4401 4401 4421 4421 4420 4420 4424 4424 4421 4421 4424 4424 4422 4422 4422 4422 4424 4424 4425 4425 4422 4422 4425 4425 4423 4423 4424 4424 4420 4420 4426 4426 4424 4424 4426 4426 4425 4425 4425 4425 4426 4426 4427 4427 4425 4425 4427 4427 4423 4423 4426 4426 4420 4420 4428 4428 4426 4426 4428 4428 4427 4427 4427 4427 4428 4428 4429 4429 4427 4427 4429 4429 4423 4423 4428 4428 4420 4420 4430 4430 4428 4428 4430 4430 4429 4429 4429 4429 4430 4430 4431 4431 4429 4429 4431 4431 4423 4423 4430 4430 4420 4420 4432 4432 4430 4430 4432 4432 4431 4431 4431 4431 4432 4432 4433 4433 4431 4431 4433 4433 4423 4423 4432 4432 4420 4420 4434 4434 4432 4432 4434 4434 4433 4433 4433 4433 4434 4434 4435 4435 4433 4433 4435 4435 4423 4423 4434 4434 4420 4420 4436 4436 4434 4434 4436 4436 4435 4435 4435 4435 4436 4436 4437 4437 4435 4435 4437 4437 4423 4423 4436 4436 4420 4420 4438 4438 4436 4436 4438 4438 4437 4437 4437 4437 4438 4438 4439 4439 4437 4437 4439 4439 4423 4423 4438 4438 4420 4420 4440 4440 4438 4438 4440 4440 4439 4439 4439 4439 4440 4440 4441 4441 4439 4439 4441 4441 4423 4423 4440 4440 4420 4420 4421 4421 4440 4440 4421 4421 4441 4441 4441 4441 4421 4421 4422 4422 4441 4441 4422 4422 4423 4423 4443 4443 4442 4442 4446 4446 4443 4443 4446 4446 4444 4444 4444 4444 4446 4446 4447 4447 4444 4444 4447 4447 4445 4445 4446 4446 4442 4442 4448 4448 4446 4446 4448 4448 4447 4447 4447 4447 4448 4448 4449 4449 4447 4447 4449 4449 4445 4445 4448 4448 4442 4442 4450 4450 4448 4448 4450 4450 4449 4449 4449 4449 4450 4450 4451 4451 4449 4449 4451 4451 4445 4445 4450 4450 4442 4442 4452 4452 4450 4450 4452 4452 4451 4451 4451 4451 4452 4452 4453 4453 4451 4451 4453 4453 4445 4445 4452 4452 4442 4442 4454 4454 4452 4452 4454 4454 4453 4453 4453 4453 4454 4454 4455 4455 4453 4453 4455 4455 4445 4445 4454 4454 4442 4442 4456 4456 4454 4454 4456 4456 4455 4455 4455 4455 4456 4456 4457 4457 4455 4455 4457 4457 4445 4445 4456 4456 4442 4442 4458 4458 4456 4456 4458 4458 4457 4457 4457 4457 4458 4458 4459 4459 4457 4457 4459 4459 4445 4445 4458 4458 4442 4442 4460 4460 4458 4458 4460 4460 4459 4459 4459 4459 4460 4460 4461 4461 4459 4459 4461 4461 4445 4445 4460 4460 4442 4442 4462 4462 4460 4460 4462 4462 4461 4461 4461 4461 4462 4462 4463 4463 4461 4461 4463 4463 4445 4445 4462 4462 4442 4442 4443 4443 4462 4462 4443 4443 4463 4463 4463 4463 4443 4443 4444 4444 4463 4463 4444 4444 4445 4445 4465 4465 4464 4464 4468 4468 4465 4465 4468 4468 4466 4466 4466 4466 4468 4468 4469 4469 4466 4466 4469 4469 4467 4467 4468 4468 4464 4464 4470 4470 4468 4468 4470 4470 4469 4469 4469 4469 4470 4470 4471 4471 4469 4469 4471 4471 4467 4467 4470 4470 4464 4464 4472 4472 4470 4470 4472 4472 4471 4471 4471 4471 4472 4472 4473 4473 4471 4471 4473 4473 4467 4467 4472 4472 4464 4464 4474 4474 4472 4472 4474 4474 4473 4473 4473 4473 4474 4474 4475 4475 4473 4473 4475 4475 4467 4467 4474 4474 4464 4464 4476 4476 4474 4474 4476 4476 4475 4475 4475 4475 4476 4476 4477 4477 4475 4475 4477 4477 4467 4467 4476 4476 4464 4464 4478 4478 4476 4476 4478 4478 4477 4477 4477 4477 4478 4478 4479 4479 4477 4477 4479 4479 4467 4467 4478 4478 4464 4464 4480 4480 4478 4478 4480 4480 4479 4479 4479 4479 4480 4480 4481 4481 4479 4479 4481 4481 4467 4467 4480 4480 4464 4464 4482 4482 4480 4480 4482 4482 4481 4481 4481 4481 4482 4482 4483 4483 4481 4481 4483 4483 4467 4467 4482 4482 4464 4464 4484 4484 4482 4482 4484 4484 4483 4483 4483 4483 4484 4484 4485 4485 4483 4483 4485 4485 4467 4467 4484 4484 4464 4464 4465 4465 4484 4484 4465 4465 4485 4485 4485 4485 4465 4465 4466 4466 4485 4485 4466 4466 4467 4467 4487 4487 4486 4486 4490 4490 4487 4487 4490 4490 4488 4488 4488 4488 4490 4490 4491 4491 4488 4488 4491 4491 4489 4489 4490 4490 4486 4486 4492 4492 4490 4490 4492 4492 4491 4491 4491 4491 4492 4492 4493 4493 4491 4491 4493 4493 4489 4489 4492 4492 4486 4486 4494 4494 4492 4492 4494 4494 4493 4493 4493 4493 4494 4494 4495 4495 4493 4493 4495 4495 4489 4489 4494 4494 4486 4486 4496 4496 4494 4494 4496 4496 4495 4495 4495 4495 4496 4496 4497 4497 4495 4495 4497 4497 4489 4489 4496 4496 4486 4486 4498 4498 4496 4496 4498 4498 4497 4497 4497 4497 4498 4498 4499 4499 4497 4497 4499 4499 4489 4489 4498 4498 4486 4486 4500 4500 4498 4498 4500 4500 4499 4499 4499 4499 4500 4500 4501 4501 4499 4499 4501 4501 4489 4489 4500 4500 4486 4486 4502 4502 4500 4500 4502 4502 4501 4501 4501 4501 4502 4502 4503 4503 4501 4501 4503 4503 4489 4489 4502 4502 4486 4486 4504 4504 4502 4502 4504 4504 4503 4503 4503 4503 4504 4504 4505 4505 4503 4503 4505 4505 4489 4489 4504 4504 4486 4486 4506 4506 4504 4504 4506 4506 4505 4505 4505 4505 4506 4506 4507 4507 4505 4505 4507 4507 4489 4489 4506 4506 4486 4486 4487 4487 4506 4506 4487 4487 4507 4507 4507 4507 4487 4487 4488 4488 4507 4507 4488 4488 4489 4489 4509 4509 4508 4508 4512 4512 4509 4509 4512 4512 4510 4510 4510 4510 4512 4512 4513 4513 4510 4510 4513 4513 4511 4511 4512 4512 4508 4508 4514 4514 4512 4512 4514 4514 4513 4513 4513 4513 4514 4514 4515 4515 4513 4513 4515 4515 4511 4511 4514 4514 4508 4508 4516 4516 4514 4514 4516 4516 4515 4515 4515 4515 4516 4516 4517 4517 4515 4515 4517 4517 4511 4511 4516 4516 4508 4508 4518 4518 4516 4516 4518 4518 4517 4517 4517 4517 4518 4518 4519 4519 4517 4517 4519 4519 4511 4511 4518 4518 4508 4508 4520 4520 4518 4518 4520 4520 4519 4519 4519 4519 4520 4520 4521 4521 4519 4519 4521 4521 4511 4511 4520 4520 4508 4508 4522 4522 4520 4520 4522 4522 4521 4521 4521 4521 4522 4522 4523 4523 4521 4521 4523 4523 4511 4511 4522 4522 4508 4508 4524 4524 4522 4522 4524 4524 4523 4523 4523 4523 4524 4524 4525 4525 4523 4523 4525 4525 4511 4511 4524 4524 4508 4508 4526 4526 4524 4524 4526 4526 4525 4525 4525 4525 4526 4526 4527 4527 4525 4525 4527 4527 4511 4511 4526 4526 4508 4508 4528 4528 4526 4526 4528 4528 4527 4527 4527 4527 4528 4528 4529 4529 4527 4527 4529 4529 4511 4511 4528 4528 4508 4508 4509 4509 4528 4528 4509 4509 4529 4529 4529 4529 4509 4509 4510 4510 4529 4529 4510 4510 4511 4511 4531 4531 4530 4530 4534 4534 4531 4531 4534 4534 4532 4532 4532 4532 4534 4534 4535 4535 4532 4532 4535 4535 4533 4533 4534 4534 4530 4530 4536 4536 4534 4534 4536 4536 4535 4535 4535 4535 4536 4536 4537 4537 4535 4535 4537 4537 4533 4533 4536 4536 4530 4530 4538 4538 4536 4536 4538 4538 4537 4537 4537 4537 4538 4538 4539 4539 4537 4537 4539 4539 4533 4533 4538 4538 4530 4530 4540 4540 4538 4538 4540 4540 4539 4539 4539 4539 4540 4540 4541 4541 4539 4539 4541 4541 4533 4533 4540 4540 4530 4530 4542 4542 4540 4540 4542 4542 4541 4541 4541 4541 4542 4542 4543 4543 4541 4541 4543 4543 4533 4533 4542 4542 4530 4530 4544 4544 4542 4542 4544 4544 4543 4543 4543 4543 4544 4544 4545 4545 4543 4543 4545 4545 4533 4533 4544 4544 4530 4530 4546 4546 4544 4544 4546 4546 4545 4545 4545 4545 4546 4546 4547 4547 4545 4545 4547 4547 4533 4533 4546 4546 4530 4530 4548 4548 4546 4546 4548 4548 4547 4547 4547 4547 4548 4548 4549 4549 4547 4547 4549 4549 4533 4533 4548 4548 4530 4530 4550 4550 4548 4548 4550 4550 4549 4549 4549 4549 4550 4550 4551 4551 4549 4549 4551 4551 4533 4533 4550 4550 4530 4530 4531 4531 4550 4550 4531 4531 4551 4551 4551 4551 4531 4531 4532 4532 4551 4551 4532 4532 4533 4533 4553 4553 4552 4552 4556 4556 4553 4553 4556 4556 4554 4554 4554 4554 4556 4556 4557 4557 4554 4554 4557 4557 4555 4555 4556 4556 4552 4552 4558 4558 4556 4556 4558 4558 4557 4557 4557 4557 4558 4558 4559 4559 4557 4557 4559 4559 4555 4555 4558 4558 4552 4552 4560 4560 4558 4558 4560 4560 4559 4559 4559 4559 4560 4560 4561 4561 4559 4559 4561 4561 4555 4555 4560 4560 4552 4552 4562 4562 4560 4560 4562 4562 4561 4561 4561 4561 4562 4562 4563 4563 4561 4561 4563 4563 4555 4555 4562 4562 4552 4552 4564 4564 4562 4562 4564 4564 4563 4563 4563 4563 4564 4564 4565 4565 4563 4563 4565 4565 4555 4555 4564 4564 4552 4552 4566 4566 4564 4564 4566 4566 4565 4565 4565 4565 4566 4566 4567 4567 4565 4565 4567 4567 4555 4555 4566 4566 4552 4552 4568 4568 4566 4566 4568 4568 4567 4567 4567 4567 4568 4568 4569 4569 4567 4567 4569 4569 4555 4555 4568 4568 4552 4552 4570 4570 4568 4568 4570 4570 4569 4569 4569 4569 4570 4570 4571 4571 4569 4569 4571 4571 4555 4555 4570 4570 4552 4552 4572 4572 4570 4570 4572 4572 4571 4571 4571 4571 4572 4572 4573 4573 4571 4571 4573 4573 4555 4555 4572 4572 4552 4552 4553 4553 4572 4572 4553 4553 4573 4573 4573 4573 4553 4553 4554 4554 4573 4573 4554 4554 4555 4555 4575 4575 4574 4574 4578 4578 4575 4575 4578 4578 4576 4576 4576 4576 4578 4578 4579 4579 4576 4576 4579 4579 4577 4577 4578 4578 4574 4574 4580 4580 4578 4578 4580 4580 4579 4579 4579 4579 4580 4580 4581 4581 4579 4579 4581 4581 4577 4577 4580 4580 4574 4574 4582 4582 4580 4580 4582 4582 4581 4581 4581 4581 4582 4582 4583 4583 4581 4581 4583 4583 4577 4577 4582 4582 4574 4574 4584 4584 4582 4582 4584 4584 4583 4583 4583 4583 4584 4584 4585 4585 4583 4583 4585 4585 4577 4577 4584 4584 4574 4574 4586 4586 4584 4584 4586 4586 4585 4585 4585 4585 4586 4586 4587 4587 4585 4585 4587 4587 4577 4577 4586 4586 4574 4574 4588 4588 4586 4586 4588 4588 4587 4587 4587 4587 4588 4588 4589 4589 4587 4587 4589 4589 4577 4577 4588 4588 4574 4574 4590 4590 4588 4588 4590 4590 4589 4589 4589 4589 4590 4590 4591 4591 4589 4589 4591 4591 4577 4577 4590 4590 4574 4574 4592 4592 4590 4590 4592 4592 4591 4591 4591 4591 4592 4592 4593 4593 4591 4591 4593 4593 4577 4577 4592 4592 4574 4574 4594 4594 4592 4592 4594 4594 4593 4593 4593 4593 4594 4594 4595 4595 4593 4593 4595 4595 4577 4577 4594 4594 4574 4574 4575 4575 4594 4594 4575 4575 4595 4595 4595 4595 4575 4575 4576 4576 4595 4595 4576 4576 4577 4577 4597 4597 4596 4596 4600 4600 4597 4597 4600 4600 4598 4598 4598 4598 4600 4600 4601 4601 4598 4598 4601 4601 4599 4599 4600 4600 4596 4596 4602 4602 4600 4600 4602 4602 4601 4601 4601 4601 4602 4602 4603 4603 4601 4601 4603 4603 4599 4599 4602 4602 4596 4596 4604 4604 4602 4602 4604 4604 4603 4603 4603 4603 4604 4604 4605 4605 4603 4603 4605 4605 4599 4599 4604 4604 4596 4596 4606 4606 4604 4604 4606 4606 4605 4605 4605 4605 4606 4606 4607 4607 4605 4605 4607 4607 4599 4599 4606 4606 4596 4596 4608 4608 4606 4606 4608 4608 4607 4607 4607 4607 4608 4608 4609 4609 4607 4607 4609 4609 4599 4599 4608 4608 4596 4596 4610 4610 4608 4608 4610 4610 4609 4609 4609 4609 4610 4610 4611 4611 4609 4609 4611 4611 4599 4599 4610 4610 4596 4596 4612 4612 4610 4610 4612 4612 4611 4611 4611 4611 4612 4612 4613 4613 4611 4611 4613 4613 4599 4599 4612 4612 4596 4596 4614 4614 4612 4612 4614 4614 4613 4613 4613 4613 4614 4614 4615 4615 4613 4613 4615 4615 4599 4599 4614 4614 4596 4596 4616 4616 4614 4614 4616 4616 4615 4615 4615 4615 4616 4616 4617 4617 4615 4615 4617 4617 4599 4599 4616 4616 4596 4596 4597 4597 4616 4616 4597 4597 4617 4617 4617 4617 4597 4597 4598 4598 4617 4617 4598 4598 4599 4599 4619 4619 4618 4618 4622 4622 4619 4619 4622 4622 4620 4620 4620 4620 4622 4622 4623 4623 4620 4620 4623 4623 4621 4621 4622 4622 4618 4618 4624 4624 4622 4622 4624 4624 4623 4623 4623 4623 4624 4624 4625 4625 4623 4623 4625 4625 4621 4621 4624 4624 4618 4618 4626 4626 4624 4624 4626 4626 4625 4625 4625 4625 4626 4626 4627 4627 4625 4625 4627 4627 4621 4621 4626 4626 4618 4618 4628 4628 4626 4626 4628 4628 4627 4627 4627 4627 4628 4628 4629 4629 4627 4627 4629 4629 4621 4621 4628 4628 4618 4618 4630 4630 4628 4628 4630 4630 4629 4629 4629 4629 4630 4630 4631 4631 4629 4629 4631 4631 4621 4621 4630 4630 4618 4618 4632 4632 4630 4630 4632 4632 4631 4631 4631 4631 4632 4632 4633 4633 4631 4631 4633 4633 4621 4621 4632 4632 4618 4618 4634 4634 4632 4632 4634 4634 4633 4633 4633 4633 4634 4634 4635 4635 4633 4633 4635 4635 4621 4621 4634 4634 4618 4618 4636 4636 4634 4634 4636 4636 4635 4635 4635 4635 4636 4636 4637 4637 4635 4635 4637 4637 4621 4621 4636 4636 4618 4618 4638 4638 4636 4636 4638 4638 4637 4637 4637 4637 4638 4638 4639 4639 4637 4637 4639 4639 4621 4621 4638 4638 4618 4618 4619 4619 4638 4638 4619 4619 4639 4639 4639 4639 4619 4619 4620 4620 4639 4639 4620 4620 4621 4621 4641 4641 4640 4640 4644 4644 4641 4641 4644 4644 4642 4642 4642 4642 4644 4644 4645 4645 4642 4642 4645 4645 4643 4643 4644 4644 4640 4640 4646 4646 4644 4644 4646 4646 4645 4645 4645 4645 4646 4646 4647 4647 4645 4645 4647 4647 4643 4643 4646 4646 4640 4640 4648 4648 4646 4646 4648 4648 4647 4647 4647 4647 4648 4648 4649 4649 4647 4647 4649 4649 4643 4643 4648 4648 4640 4640 4650 4650 4648 4648 4650 4650 4649 4649 4649 4649 4650 4650 4651 4651 4649 4649 4651 4651 4643 4643 4650 4650 4640 4640 4652 4652 4650 4650 4652 4652 4651 4651 4651 4651 4652 4652 4653 4653 4651 4651 4653 4653 4643 4643 4652 4652 4640 4640 4654 4654 4652 4652 4654 4654 4653 4653 4653 4653 4654 4654 4655 4655 4653 4653 4655 4655 4643 4643 4654 4654 4640 4640 4656 4656 4654 4654 4656 4656 4655 4655 4655 4655 4656 4656 4657 4657 4655 4655 4657 4657 4643 4643 4656 4656 4640 4640 4658 4658 4656 4656 4658 4658 4657 4657 4657 4657 4658 4658 4659 4659 4657 4657 4659 4659 4643 4643 4658 4658 4640 4640 4660 4660 4658 4658 4660 4660 4659 4659 4659 4659 4660 4660 4661 4661 4659 4659 4661 4661 4643 4643 4660 4660 4640 4640 4641 4641 4660 4660 4641 4641 4661 4661 4661 4661 4641 4641 4642 4642 4661 4661 4642 4642 4643 4643 4663 4663 4662 4662 4666 4666 4663 4663 4666 4666 4664 4664 4664 4664 4666 4666 4667 4667 4664 4664 4667 4667 4665 4665 4666 4666 4662 4662 4668 4668 4666 4666 4668 4668 4667 4667 4667 4667 4668 4668 4669 4669 4667 4667 4669 4669 4665 4665 4668 4668 4662 4662 4670 4670 4668 4668 4670 4670 4669 4669 4669 4669 4670 4670 4671 4671 4669 4669 4671 4671 4665 4665 4670 4670 4662 4662 4672 4672 4670 4670 4672 4672 4671 4671 4671 4671 4672 4672 4673 4673 4671 4671 4673 4673 4665 4665 4672 4672 4662 4662 4674 4674 4672 4672 4674 4674 4673 4673 4673 4673 4674 4674 4675 4675 4673 4673 4675 4675 4665 4665 4674 4674 4662 4662 4676 4676 4674 4674 4676 4676 4675 4675 4675 4675 4676 4676 4677 4677 4675 4675 4677 4677 4665 4665 4676 4676 4662 4662 4678 4678 4676 4676 4678 4678 4677 4677 4677 4677 4678 4678 4679 4679 4677 4677 4679 4679 4665 4665 4678 4678 4662 4662 4680 4680 4678 4678 4680 4680 4679 4679 4679 4679 4680 4680 4681 4681 4679 4679 4681 4681 4665 4665 4680 4680 4662 4662 4682 4682 4680 4680 4682 4682 4681 4681 4681 4681 4682 4682 4683 4683 4681 4681 4683 4683 4665 4665 4682 4682 4662 4662 4663 4663 4682 4682 4663 4663 4683 4683 4683 4683 4663 4663 4664 4664 4683 4683 4664 4664 4665 4665 4685 4685 4684 4684 4688 4688 4685 4685 4688 4688 4686 4686 4686 4686 4688 4688 4689 4689 4686 4686 4689 4689 4687 4687 4688 4688 4684 4684 4690 4690 4688 4688 4690 4690 4689 4689 4689 4689 4690 4690 4691 4691 4689 4689 4691 4691 4687 4687 4690 4690 4684 4684 4692 4692 4690 4690 4692 4692 4691 4691 4691 4691 4692 4692 4693 4693 4691 4691 4693 4693 4687 4687 4692 4692 4684 4684 4694 4694 4692 4692 4694 4694 4693 4693 4693 4693 4694 4694 4695 4695 4693 4693 4695 4695 4687 4687 4694 4694 4684 4684 4696 4696 4694 4694 4696 4696 4695 4695 4695 4695 4696 4696 4697 4697 4695 4695 4697 4697 4687 4687 4696 4696 4684 4684 4698 4698 4696 4696 4698 4698 4697 4697 4697 4697 4698 4698 4699 4699 4697 4697 4699 4699 4687 4687 4698 4698 4684 4684 4700 4700 4698 4698 4700 4700 4699 4699 4699 4699 4700 4700 4701 4701 4699 4699 4701 4701 4687 4687 4700 4700 4684 4684 4702 4702 4700 4700 4702 4702 4701 4701 4701 4701 4702 4702 4703 4703 4701 4701 4703 4703 4687 4687 4702 4702 4684 4684 4704 4704 4702 4702 4704 4704 4703 4703 4703 4703 4704 4704 4705 4705 4703 4703 4705 4705 4687 4687 4704 4704 4684 4684 4685 4685 4704 4704 4685 4685 4705 4705 4705 4705 4685 4685 4686 4686 4705 4705 4686 4686 4687 4687 4707 4707 4706 4706 4710 4710 4707 4707 4710 4710 4708 4708 4708 4708 4710 4710 4711 4711 4708 4708 4711 4711 4709 4709 4710 4710 4706 4706 4712 4712 4710 4710 4712 4712 4711 4711 4711 4711 4712 4712 4713 4713 4711 4711 4713 4713 4709 4709 4712 4712 4706 4706 4714 4714 4712 4712 4714 4714 4713 4713 4713 4713 4714 4714 4715 4715 4713 4713 4715 4715 4709 4709 4714 4714 4706 4706 4716 4716 4714 4714 4716 4716 4715 4715 4715 4715 4716 4716 4717 4717 4715 4715 4717 4717 4709 4709 4716 4716 4706 4706 4718 4718 4716 4716 4718 4718 4717 4717 4717 4717 4718 4718 4719 4719 4717 4717 4719 4719 4709 4709 4718 4718 4706 4706 4720 4720 4718 4718 4720 4720 4719 4719 4719 4719 4720 4720 4721 4721 4719 4719 4721 4721 4709 4709 4720 4720 4706 4706 4722 4722 4720 4720 4722 4722 4721 4721 4721 4721 4722 4722 4723 4723 4721 4721 4723 4723 4709 4709 4722 4722 4706 4706 4724 4724 4722 4722 4724 4724 4723 4723 4723 4723 4724 4724 4725 4725 4723 4723 4725 4725 4709 4709 4724 4724 4706 4706 4726 4726 4724 4724 4726 4726 4725 4725 4725 4725 4726 4726 4727 4727 4725 4725 4727 4727 4709 4709 4726 4726 4706 4706 4707 4707 4726 4726 4707 4707 4727 4727 4727 4727 4707 4707 4708 4708 4727 4727 4708 4708 4709 4709 4729 4729 4728 4728 4732 4732 4729 4729 4732 4732 4730 4730 4730 4730 4732 4732 4733 4733 4730 4730 4733 4733 4731 4731 4732 4732 4728 4728 4734 4734 4732 4732 4734 4734 4733 4733 4733 4733 4734 4734 4735 4735 4733 4733 4735 4735 4731 4731 4734 4734 4728 4728 4736 4736 4734 4734 4736 4736 4735 4735 4735 4735 4736 4736 4737 4737 4735 4735 4737 4737 4731 4731 4736 4736 4728 4728 4738 4738 4736 4736 4738 4738 4737 4737 4737 4737 4738 4738 4739 4739 4737 4737 4739 4739 4731 4731 4738 4738 4728 4728 4740 4740 4738 4738 4740 4740 4739 4739 4739 4739 4740 4740 4741 4741 4739 4739 4741 4741 4731 4731 4740 4740 4728 4728 4742 4742 4740 4740 4742 4742 4741 4741 4741 4741 4742 4742 4743 4743 4741 4741 4743 4743 4731 4731 4742 4742 4728 4728 4744 4744 4742 4742 4744 4744 4743 4743 4743 4743 4744 4744 4745 4745 4743 4743 4745 4745 4731 4731 4744 4744 4728 4728 4746 4746 4744 4744 4746 4746 4745 4745 4745 4745 4746 4746 4747 4747 4745 4745 4747 4747 4731 4731 4746 4746 4728 4728 4748 4748 4746 4746 4748 4748 4747 4747 4747 4747 4748 4748 4749 4749 4747 4747 4749 4749 4731 4731 4748 4748 4728 4728 4729 4729 4748 4748 4729 4729 4749 4749 4749 4749 4729 4729 4730 4730 4749 4749 4730 4730 4731 4731 4751 4751 4750 4750 4754 4754 4751 4751 4754 4754 4752 4752 4752 4752 4754 4754 4755 4755 4752 4752 4755 4755 4753 4753 4754 4754 4750 4750 4756 4756 4754 4754 4756 4756 4755 4755 4755 4755 4756 4756 4757 4757 4755 4755 4757 4757 4753 4753 4756 4756 4750 4750 4758 4758 4756 4756 4758 4758 4757 4757 4757 4757 4758 4758 4759 4759 4757 4757 4759 4759 4753 4753 4758 4758 4750 4750 4760 4760 4758 4758 4760 4760 4759 4759 4759 4759 4760 4760 4761 4761 4759 4759 4761 4761 4753 4753 4760 4760 4750 4750 4762 4762 4760 4760 4762 4762 4761 4761 4761 4761 4762 4762 4763 4763 4761 4761 4763 4763 4753 4753 4762 4762 4750 4750 4764 4764 4762 4762 4764 4764 4763 4763 4763 4763 4764 4764 4765 4765 4763 4763 4765 4765 4753 4753 4764 4764 4750 4750 4766 4766 4764 4764 4766 4766 4765 4765 4765 4765 4766 4766 4767 4767 4765 4765 4767 4767 4753 4753 4766 4766 4750 4750 4768 4768 4766 4766 4768 4768 4767 4767 4767 4767 4768 4768 4769 4769 4767 4767 4769 4769 4753 4753 4768 4768 4750 4750 4770 4770 4768 4768 4770 4770 4769 4769 4769 4769 4770 4770 4771 4771 4769 4769 4771 4771 4753 4753 4770 4770 4750 4750 4751 4751 4770 4770 4751 4751 4771 4771 4771 4771 4751 4751 4752 4752 4771 4771 4752 4752 4753 4753 4773 4773 4772 4772 4776 4776 4773 4773 4776 4776 4774 4774 4774 4774 4776 4776 4777 4777 4774 4774 4777 4777 4775 4775 4776 4776 4772 4772 4778 4778 4776 4776 4778 4778 4777 4777 4777 4777 4778 4778 4779 4779 4777 4777 4779 4779 4775 4775 4778 4778 4772 4772 4780 4780 4778 4778 4780 4780 4779 4779 4779 4779 4780 4780 4781 4781 4779 4779 4781 4781 4775 4775 4780 4780 4772 4772 4782 4782 4780 4780 4782 4782 4781 4781 4781 4781 4782 4782 4783 4783 4781 4781 4783 4783 4775 4775 4782 4782 4772 4772 4784 4784 4782 4782 4784 4784 4783 4783 4783 4783 4784 4784 4785 4785 4783 4783 4785 4785 4775 4775 4784 4784 4772 4772 4786 4786 4784 4784 4786 4786 4785 4785 4785 4785 4786 4786 4787 4787 4785 4785 4787 4787 4775 4775 4786 4786 4772 4772 4788 4788 4786 4786 4788 4788 4787 4787 4787 4787 4788 4788 4789 4789 4787 4787 4789 4789 4775 4775 4788 4788 4772 4772 4790 4790 4788 4788 4790 4790 4789 4789 4789 4789 4790 4790 4791 4791 4789 4789 4791 4791 4775 4775 4790 4790 4772 4772 4792 4792 4790 4790 4792 4792 4791 4791 4791 4791 4792 4792 4793 4793 4791 4791 4793 4793 4775 4775 4792 4792 4772 4772 4773 4773 4792 4792 4773 4773 4793 4793 4793 4793 4773 4773 4774 4774 4793 4793 4774 4774 4775 4775 4795 4795 4794 4794 4798 4798 4795 4795 4798 4798 4796 4796 4796 4796 4798 4798 4799 4799 4796 4796 4799 4799 4797 4797 4798 4798 4794 4794 4800 4800 4798 4798 4800 4800 4799 4799 4799 4799 4800 4800 4801 4801 4799 4799 4801 4801 4797 4797 4800 4800 4794 4794 4802 4802 4800 4800 4802 4802 4801 4801 4801 4801 4802 4802 4803 4803 4801 4801 4803 4803 4797 4797 4802 4802 4794 4794 4804 4804 4802 4802 4804 4804 4803 4803 4803 4803 4804 4804 4805 4805 4803 4803 4805 4805 4797 4797 4804 4804 4794 4794 4806 4806 4804 4804 4806 4806 4805 4805 4805 4805 4806 4806 4807 4807 4805 4805 4807 4807 4797 4797 4806 4806 4794 4794 4808 4808 4806 4806 4808 4808 4807 4807 4807 4807 4808 4808 4809 4809 4807 4807 4809 4809 4797 4797 4808 4808 4794 4794 4810 4810 4808 4808 4810 4810 4809 4809 4809 4809 4810 4810 4811 4811 4809 4809 4811 4811 4797 4797 4810 4810 4794 4794 4812 4812 4810 4810 4812 4812 4811 4811 4811 4811 4812 4812 4813 4813 4811 4811 4813 4813 4797 4797 4812 4812 4794 4794 4814 4814 4812 4812 4814 4814 4813 4813 4813 4813 4814 4814 4815 4815 4813 4813 4815 4815 4797 4797 4814 4814 4794 4794 4795 4795 4814 4814 4795 4795 4815 4815 4815 4815 4795 4795 4796 4796 4815 4815 4796 4796 4797 4797 4817 4817 4816 4816 4820 4820 4817 4817 4820 4820 4818 4818 4818 4818 4820 4820 4821 4821 4818 4818 4821 4821 4819 4819 4820 4820 4816 4816 4822 4822 4820 4820 4822 4822 4821 4821 4821 4821 4822 4822 4823 4823 4821 4821 4823 4823 4819 4819 4822 4822 4816 4816 4824 4824 4822 4822 4824 4824 4823 4823 4823 4823 4824 4824 4825 4825 4823 4823 4825 4825 4819 4819 4824 4824 4816 4816 4826 4826 4824 4824 4826 4826 4825 4825 4825 4825 4826 4826 4827 4827 4825 4825 4827 4827 4819 4819 4826 4826 4816 4816 4828 4828 4826 4826 4828 4828 4827 4827 4827 4827 4828 4828 4829 4829 4827 4827 4829 4829 4819 4819 4828 4828 4816 4816 4830 4830 4828 4828 4830 4830 4829 4829 4829 4829 4830 4830 4831 4831 4829 4829 4831 4831 4819 4819 4830 4830 4816 4816 4832 4832 4830 4830 4832 4832 4831 4831 4831 4831 4832 4832 4833 4833 4831 4831 4833 4833 4819 4819 4832 4832 4816 4816 4834 4834 4832 4832 4834 4834 4833 4833 4833 4833 4834 4834 4835 4835 4833 4833 4835 4835 4819 4819 4834 4834 4816 4816 4836 4836 4834 4834 4836 4836 4835 4835 4835 4835 4836 4836 4837 4837 4835 4835 4837 4837 4819 4819 4836 4836 4816 4816 4817 4817 4836 4836 4817 4817 4837 4837 4837 4837 4817 4817 4818 4818 4837 4837 4818 4818 4819 4819 4839 4839 4838 4838 4842 4842 4839 4839 4842 4842 4840 4840 4840 4840 4842 4842 4843 4843 4840 4840 4843 4843 4841 4841 4842 4842 4838 4838 4844 4844 4842 4842 4844 4844 4843 4843 4843 4843 4844 4844 4845 4845 4843 4843 4845 4845 4841 4841 4844 4844 4838 4838 4846 4846 4844 4844 4846 4846 4845 4845 4845 4845 4846 4846 4847 4847 4845 4845 4847 4847 4841 4841 4846 4846 4838 4838 4848 4848 4846 4846 4848 4848 4847 4847 4847 4847 4848 4848 4849 4849 4847 4847 4849 4849 4841 4841 4848 4848 4838 4838 4850 4850 4848 4848 4850 4850 4849 4849 4849 4849 4850 4850 4851 4851 4849 4849 4851 4851 4841 4841 4850 4850 4838 4838 4852 4852 4850 4850 4852 4852 4851 4851 4851 4851 4852 4852 4853 4853 4851 4851 4853 4853 4841 4841 4852 4852 4838 4838 4854 4854 4852 4852 4854 4854 4853 4853 4853 4853 4854 4854 4855 4855 4853 4853 4855 4855 4841 4841 4854 4854 4838 4838 4856 4856 4854 4854 4856 4856 4855 4855 4855 4855 4856 4856 4857 4857 4855 4855 4857 4857 4841 4841 4856 4856 4838 4838 4858 4858 4856 4856 4858 4858 4857 4857 4857 4857 4858 4858 4859 4859 4857 4857 4859 4859 4841 4841 4858 4858 4838 4838 4839 4839 4858 4858 4839 4839 4859 4859 4859 4859 4839 4839 4840 4840 4859 4859 4840 4840 4841 4841 4861 4861 4860 4860 4864 4864 4861 4861 4864 4864 4862 4862 4862 4862 4864 4864 4865 4865 4862 4862 4865 4865 4863 4863 4864 4864 4860 4860 4866 4866 4864 4864 4866 4866 4865 4865 4865 4865 4866 4866 4867 4867 4865 4865 4867 4867 4863 4863 4866 4866 4860 4860 4868 4868 4866 4866 4868 4868 4867 4867 4867 4867 4868 4868 4869 4869 4867 4867 4869 4869 4863 4863 4868 4868 4860 4860 4870 4870 4868 4868 4870 4870 4869 4869 4869 4869 4870 4870 4871 4871 4869 4869 4871 4871 4863 4863 4870 4870 4860 4860 4872 4872 4870 4870 4872 4872 4871 4871 4871 4871 4872 4872 4873 4873 4871 4871 4873 4873 4863 4863 4872 4872 4860 4860 4874 4874 4872 4872 4874 4874 4873 4873 4873 4873 4874 4874 4875 4875 4873 4873 4875 4875 4863 4863 4874 4874 4860 4860 4876 4876 4874 4874 4876 4876 4875 4875 4875 4875 4876 4876 4877 4877 4875 4875 4877 4877 4863 4863 4876 4876 4860 4860 4878 4878 4876 4876 4878 4878 4877 4877 4877 4877 4878 4878 4879 4879 4877 4877 4879 4879 4863 4863 4878 4878 4860 4860 4880 4880 4878 4878 4880 4880 4879 4879 4879 4879 4880 4880 4881 4881 4879 4879 4881 4881 4863 4863 4880 4880 4860 4860 4861 4861 4880 4880 4861 4861 4881 4881 4881 4881 4861 4861 4862 4862 4881 4881 4862 4862 4863 4863 4883 4883 4882 4882 4886 4886 4883 4883 4886 4886 4884 4884 4884 4884 4886 4886 4887 4887 4884 4884 4887 4887 4885 4885 4886 4886 4882 4882 4888 4888 4886 4886 4888 4888 4887 4887 4887 4887 4888 4888 4889 4889 4887 4887 4889 4889 4885 4885 4888 4888 4882 4882 4890 4890 4888 4888 4890 4890 4889 4889 4889 4889 4890 4890 4891 4891 4889 4889 4891 4891 4885 4885 4890 4890 4882 4882 4892 4892 4890 4890 4892 4892 4891 4891 4891 4891 4892 4892 4893 4893 4891 4891 4893 4893 4885 4885 4892 4892 4882 4882 4894 4894 4892 4892 4894 4894 4893 4893 4893 4893 4894 4894 4895 4895 4893 4893 4895 4895 4885 4885 4894 4894 4882 4882 4896 4896 4894 4894 4896 4896 4895 4895 4895 4895 4896 4896 4897 4897 4895 4895 4897 4897 4885 4885 4896 4896 4882 4882 4898 4898 4896 4896 4898 4898 4897 4897 4897 4897 4898 4898 4899 4899 4897 4897 4899 4899 4885 4885 4898 4898 4882 4882 4900 4900 4898 4898 4900 4900 4899 4899 4899 4899 4900 4900 4901 4901 4899 4899 4901 4901 4885 4885 4900 4900 4882 4882 4902 4902 4900 4900 4902 4902 4901 4901 4901 4901 4902 4902 4903 4903 4901 4901 4903 4903 4885 4885 4902 4902 4882 4882 4883 4883 4902 4902 4883 4883 4903 4903 4903 4903 4883 4883 4884 4884 4903 4903 4884 4884 4885 4885 4905 4905 4904 4904 4908 4908 4905 4905 4908 4908 4906 4906 4906 4906 4908 4908 4909 4909 4906 4906 4909 4909 4907 4907 4908 4908 4904 4904 4910 4910 4908 4908 4910 4910 4909 4909 4909 4909 4910 4910 4911 4911 4909 4909 4911 4911 4907 4907 4910 4910 4904 4904 4912 4912 4910 4910 4912 4912 4911 4911 4911 4911 4912 4912 4913 4913 4911 4911 4913 4913 4907 4907 4912 4912 4904 4904 4914 4914 4912 4912 4914 4914 4913 4913 4913 4913 4914 4914 4915 4915 4913 4913 4915 4915 4907 4907 4914 4914 4904 4904 4916 4916 4914 4914 4916 4916 4915 4915 4915 4915 4916 4916 4917 4917 4915 4915 4917 4917 4907 4907 4916 4916 4904 4904 4918 4918 4916 4916 4918 4918 4917 4917 4917 4917 4918 4918 4919 4919 4917 4917 4919 4919 4907 4907 4918 4918 4904 4904 4920 4920 4918 4918 4920 4920 4919 4919 4919 4919 4920 4920 4921 4921 4919 4919 4921 4921 4907 4907 4920 4920 4904 4904 4922 4922 4920 4920 4922 4922 4921 4921 4921 4921 4922 4922 4923 4923 4921 4921 4923 4923 4907 4907 4922 4922 4904 4904 4924 4924 4922 4922 4924 4924 4923 4923 4923 4923 4924 4924 4925 4925 4923 4923 4925 4925 4907 4907 4924 4924 4904 4904 4905 4905 4924 4924 4905 4905 4925 4925 4925 4925 4905 4905 4906 4906 4925 4925 4906 4906 4907 4907 4927 4927 4926 4926 4930 4930 4927 4927 4930 4930 4928 4928 4928 4928 4930 4930 4931 4931 4928 4928 4931 4931 4929 4929 4930 4930 4926 4926 4932 4932 4930 4930 4932 4932 4931 4931 4931 4931 4932 4932 4933 4933 4931 4931 4933 4933 4929 4929 4932 4932 4926 4926 4934 4934 4932 4932 4934 4934 4933 4933 4933 4933 4934 4934 4935 4935 4933 4933 4935 4935 4929 4929 4934 4934 4926 4926 4936 4936 4934 4934 4936 4936 4935 4935 4935 4935 4936 4936 4937 4937 4935 4935 4937 4937 4929 4929 4936 4936 4926 4926 4938 4938 4936 4936 4938 4938 4937 4937 4937 4937 4938 4938 4939 4939 4937 4937 4939 4939 4929 4929 4938 4938 4926 4926 4940 4940 4938 4938 4940 4940 4939 4939 4939 4939 4940 4940 4941 4941 4939 4939 4941 4941 4929 4929 4940 4940 4926 4926 4942 4942 4940 4940 4942 4942 4941 4941 4941 4941 4942 4942 4943 4943 4941 4941 4943 4943 4929 4929 4942 4942 4926 4926 4944 4944 4942 4942 4944 4944 4943 4943 4943 4943 4944 4944 4945 4945 4943 4943 4945 4945 4929 4929 4944 4944 4926 4926 4946 4946 4944 4944 4946 4946 4945 4945 4945 4945 4946 4946 4947 4947 4945 4945 4947 4947 4929 4929 4946 4946 4926 4926 4927 4927 4946 4946 4927 4927 4947 4947 4947 4947 4927 4927 4928 4928 4947 4947 4928 4928 4929 4929 4949 4949 4948 4948 4952 4952 4949 4949 4952 4952 4950 4950 4950 4950 4952 4952 4953 4953 4950 4950 4953 4953 4951 4951 4952 4952 4948 4948 4954 4954 4952 4952 4954 4954 4953 4953 4953 4953 4954 4954 4955 4955 4953 4953 4955 4955 4951 4951 4954 4954 4948 4948 4956 4956 4954 4954 4956 4956 4955 4955 4955 4955 4956 4956 4957 4957 4955 4955 4957 4957 4951 4951 4956 4956 4948 4948 4958 4958 4956 4956 4958 4958 4957 4957 4957 4957 4958 4958 4959 4959 4957 4957 4959 4959 4951 4951 4958 4958 4948 4948 4960 4960 4958 4958 4960 4960 4959 4959 4959 4959 4960 4960 4961 4961 4959 4959 4961 4961 4951 4951 4960 4960 4948 4948 4962 4962 4960 4960 4962 4962 4961 4961 4961 4961 4962 4962 4963 4963 4961 4961 4963 4963 4951 4951 4962 4962 4948 4948 4964 4964 4962 4962 4964 4964 4963 4963 4963 4963 4964 4964 4965 4965 4963 4963 4965 4965 4951 4951 4964 4964 4948 4948 4966 4966 4964 4964 4966 4966 4965 4965 4965 4965 4966 4966 4967 4967 4965 4965 4967 4967 4951 4951 4966 4966 4948 4948 4968 4968 4966 4966 4968 4968 4967 4967 4967 4967 4968 4968 4969 4969 4967 4967 4969 4969 4951 4951 4968 4968 4948 4948 4949 4949 4968 4968 4949 4949 4969 4969 4969 4969 4949 4949 4950 4950 4969 4969 4950 4950 4951 4951 4971 4971 4970 4970 4974 4974 4971 4971 4974 4974 4972 4972 4972 4972 4974 4974 4975 4975 4972 4972 4975 4975 4973 4973 4974 4974 4970 4970 4976 4976 4974 4974 4976 4976 4975 4975 4975 4975 4976 4976 4977 4977 4975 4975 4977 4977 4973 4973 4976 4976 4970 4970 4978 4978 4976 4976 4978 4978 4977 4977 4977 4977 4978 4978 4979 4979 4977 4977 4979 4979 4973 4973 4978 4978 4970 4970 4980 4980 4978 4978 4980 4980 4979 4979 4979 4979 4980 4980 4981 4981 4979 4979 4981 4981 4973 4973 4980 4980 4970 4970 4982 4982 4980 4980 4982 4982 4981 4981 4981 4981 4982 4982 4983 4983 4981 4981 4983 4983 4973 4973 4982 4982 4970 4970 4984 4984 4982 4982 4984 4984 4983 4983 4983 4983 4984 4984 4985 4985 4983 4983 4985 4985 4973 4973 4984 4984 4970 4970 4986 4986 4984 4984 4986 4986 4985 4985 4985 4985 4986 4986 4987 4987 4985 4985 4987 4987 4973 4973 4986 4986 4970 4970 4988 4988 4986 4986 4988 4988 4987 4987 4987 4987 4988 4988 4989 4989 4987 4987 4989 4989 4973 4973 4988 4988 4970 4970 4990 4990 4988 4988 4990 4990 4989 4989 4989 4989 4990 4990 4991 4991 4989 4989 4991 4991 4973 4973 4990 4990 4970 4970 4971 4971 4990 4990 4971 4971 4991 4991 4991 4991 4971 4971 4972 4972 4991 4991 4972 4972 4973 4973 4993 4993 4992 4992 4996 4996 4993 4993 4996 4996 4994 4994 4994 4994 4996 4996 4997 4997 4994 4994 4997 4997 4995 4995 4996 4996 4992 4992 4998 4998 4996 4996 4998 4998 4997 4997 4997 4997 4998 4998 4999 4999 4997 4997 4999 4999 4995 4995 4998 4998 4992 4992 5000 5000 4998 4998 5000 5000 4999 4999 4999 4999 5000 5000 5001 5001 4999 4999 5001 5001 4995 4995 5000 5000 4992 4992 5002 5002 5000 5000 5002 5002 5001 5001 5001 5001 5002 5002 5003 5003 5001 5001 5003 5003 4995 4995 5002 5002 4992 4992 5004 5004 5002 5002 5004 5004 5003 5003 5003 5003 5004 5004 5005 5005 5003 5003 5005 5005 4995 4995 5004 5004 4992 4992 5006 5006 5004 5004 5006 5006 5005 5005 5005 5005 5006 5006 5007 5007 5005 5005 5007 5007 4995 4995 5006 5006 4992 4992 5008 5008 5006 5006 5008 5008 5007 5007 5007 5007 5008 5008 5009 5009 5007 5007 5009 5009 4995 4995 5008 5008 4992 4992 5010 5010 5008 5008 5010 5010 5009 5009 5009 5009 5010 5010 5011 5011 5009 5009 5011 5011 4995 4995 5010 5010 4992 4992 5012 5012 5010 5010 5012 5012 5011 5011 5011 5011 5012 5012 5013 5013 5011 5011 5013 5013 4995 4995 5012 5012 4992 4992 4993 4993 5012 5012 4993 4993 5013 5013 5013 5013 4993 4993 4994 4994 5013 5013 4994 4994 4995 4995 5015 5015 5014 5014 5018 5018 5015 5015 5018 5018 5016 5016 5016 5016 5018 5018 5019 5019 5016 5016 5019 5019 5017 5017 5018 5018 5014 5014 5020 5020 5018 5018 5020 5020 5019 5019 5019 5019 5020 5020 5021 5021 5019 5019 5021 5021 5017 5017 5020 5020 5014 5014 5022 5022 5020 5020 5022 5022 5021 5021 5021 5021 5022 5022 5023 5023 5021 5021 5023 5023 5017 5017 5022 5022 5014 5014 5024 5024 5022 5022 5024 5024 5023 5023 5023 5023 5024 5024 5025 5025 5023 5023 5025 5025 5017 5017 5024 5024 5014 5014 5026 5026 5024 5024 5026 5026 5025 5025 5025 5025 5026 5026 5027 5027 5025 5025 5027 5027 5017 5017 5026 5026 5014 5014 5028 5028 5026 5026 5028 5028 5027 5027 5027 5027 5028 5028 5029 5029 5027 5027 5029 5029 5017 5017 5028 5028 5014 5014 5030 5030 5028 5028 5030 5030 5029 5029 5029 5029 5030 5030 5031 5031 5029 5029 5031 5031 5017 5017 5030 5030 5014 5014 5032 5032 5030 5030 5032 5032 5031 5031 5031 5031 5032 5032 5033 5033 5031 5031 5033 5033 5017 5017 5032 5032 5014 5014 5034 5034 5032 5032 5034 5034 5033 5033 5033 5033 5034 5034 5035 5035 5033 5033 5035 5035 5017 5017 5034 5034 5014 5014 5015 5015 5034 5034 5015 5015 5035 5035 5035 5035 5015 5015 5016 5016 5035 5035 5016 5016 5017 5017 5037 5037 5036 5036 5040 5040 5037 5037 5040 5040 5038 5038 5038 5038 5040 5040 5041 5041 5038 5038 5041 5041 5039 5039 5040 5040 5036 5036 5042 5042 5040 5040 5042 5042 5041 5041 5041 5041 5042 5042 5043 5043 5041 5041 5043 5043 5039 5039 5042 5042 5036 5036 5044 5044 5042 5042 5044 5044 5043 5043 5043 5043 5044 5044 5045 5045 5043 5043 5045 5045 5039 5039 5044 5044 5036 5036 5046 5046 5044 5044 5046 5046 5045 5045 5045 5045 5046 5046 5047 5047 5045 5045 5047 5047 5039 5039 5046 5046 5036 5036 5048 5048 5046 5046 5048 5048 5047 5047 5047 5047 5048 5048 5049 5049 5047 5047 5049 5049 5039 5039 5048 5048 5036 5036 5050 5050 5048 5048 5050 5050 5049 5049 5049 5049 5050 5050 5051 5051 5049 5049 5051 5051 5039 5039 5050 5050 5036 5036 5052 5052 5050 5050 5052 5052 5051 5051 5051 5051 5052 5052 5053 5053 5051 5051 5053 5053 5039 5039 5052 5052 5036 5036 5054 5054 5052 5052 5054 5054 5053 5053 5053 5053 5054 5054 5055 5055 5053 5053 5055 5055 5039 5039 5054 5054 5036 5036 5056 5056 5054 5054 5056 5056 5055 5055 5055 5055 5056 5056 5057 5057 5055 5055 5057 5057 5039 5039 5056 5056 5036 5036 5037 5037 5056 5056 5037 5037 5057 5057 5057 5057 5037 5037 5038 5038 5057 5057 5038 5038 5039 5039 5059 5059 5058 5058 5062 5062 5059 5059 5062 5062 5060 5060 5060 5060 5062 5062 5063 5063 5060 5060 5063 5063 5061 5061 5062 5062 5058 5058 5064 5064 5062 5062 5064 5064 5063 5063 5063 5063 5064 5064 5065 5065 5063 5063 5065 5065 5061 5061 5064 5064 5058 5058 5066 5066 5064 5064 5066 5066 5065 5065 5065 5065 5066 5066 5067 5067 5065 5065 5067 5067 5061 5061 5066 5066 5058 5058 5068 5068 5066 5066 5068 5068 5067 5067 5067 5067 5068 5068 5069 5069 5067 5067 5069 5069 5061 5061 5068 5068 5058 5058 5070 5070 5068 5068 5070 5070 5069 5069 5069 5069 5070 5070 5071 5071 5069 5069 5071 5071 5061 5061 5070 5070 5058 5058 5072 5072 5070 5070 5072 5072 5071 5071 5071 5071 5072 5072 5073 5073 5071 5071 5073 5073 5061 5061 5072 5072 5058 5058 5074 5074 5072 5072 5074 5074 5073 5073 5073 5073 5074 5074 5075 5075 5073 5073 5075 5075 5061 5061 5074 5074 5058 5058 5076 5076 5074 5074 5076 5076 5075 5075 5075 5075 5076 5076 5077 5077 5075 5075 5077 5077 5061 5061 5076 5076 5058 5058 5078 5078 5076 5076 5078 5078 5077 5077 5077 5077 5078 5078 5079 5079 5077 5077 5079 5079 5061 5061 5078 5078 5058 5058 5059 5059 5078 5078 5059 5059 5079 5079 5079 5079 5059 5059 5060 5060 5079 5079 5060 5060 5061 5061 5081 5081 5080 5080 5084 5084 5081 5081 5084 5084 5082 5082 5082 5082 5084 5084 5085 5085 5082 5082 5085 5085 5083 5083 5084 5084 5080 5080 5086 5086 5084 5084 5086 5086 5085 5085 5085 5085 5086 5086 5087 5087 5085 5085 5087 5087 5083 5083 5086 5086 5080 5080 5088 5088 5086 5086 5088 5088 5087 5087 5087 5087 5088 5088 5089 5089 5087 5087 5089 5089 5083 5083 5088 5088 5080 5080 5090 5090 5088 5088 5090 5090 5089 5089 5089 5089 5090 5090 5091 5091 5089 5089 5091 5091 5083 5083 5090 5090 5080 5080 5092 5092 5090 5090 5092 5092 5091 5091 5091 5091 5092 5092 5093 5093 5091 5091 5093 5093 5083 5083 5092 5092 5080 5080 5094 5094 5092 5092 5094 5094 5093 5093 5093 5093 5094 5094 5095 5095 5093 5093 5095 5095 5083 5083 5094 5094 5080 5080 5096 5096 5094 5094 5096 5096 5095 5095 5095 5095 5096 5096 5097 5097 5095 5095 5097 5097 5083 5083 5096 5096 5080 5080 5098 5098 5096 5096 5098 5098 5097 5097 5097 5097 5098 5098 5099 5099 5097 5097 5099 5099 5083 5083 5098 5098 5080 5080 5100 5100 5098 5098 5100 5100 5099 5099 5099 5099 5100 5100 5101 5101 5099 5099 5101 5101 5083 5083 5100 5100 5080 5080 5081 5081 5100 5100 5081 5081 5101 5101 5101 5101 5081 5081 5082 5082 5101 5101 5082 5082 5083 5083 5103 5103 5102 5102 5106 5106 5103 5103 5106 5106 5104 5104 5104 5104 5106 5106 5107 5107 5104 5104 5107 5107 5105 5105 5106 5106 5102 5102 5108 5108 5106 5106 5108 5108 5107 5107 5107 5107 5108 5108 5109 5109 5107 5107 5109 5109 5105 5105 5108 5108 5102 5102 5110 5110 5108 5108 5110 5110 5109 5109 5109 5109 5110 5110 5111 5111 5109 5109 5111 5111 5105 5105 5110 5110 5102 5102 5112 5112 5110 5110 5112 5112 5111 5111 5111 5111 5112 5112 5113 5113 5111 5111 5113 5113 5105 5105 5112 5112 5102 5102 5114 5114 5112 5112 5114 5114 5113 5113 5113 5113 5114 5114 5115 5115 5113 5113 5115 5115 5105 5105 5114 5114 5102 5102 5116 5116 5114 5114 5116 5116 5115 5115 5115 5115 5116 5116 5117 5117 5115 5115 5117 5117 5105 5105 5116 5116 5102 5102 5118 5118 5116 5116 5118 5118 5117 5117 5117 5117 5118 5118 5119 5119 5117 5117 5119 5119 5105 5105 5118 5118 5102 5102 5120 5120 5118 5118 5120 5120 5119 5119 5119 5119 5120 5120 5121 5121 5119 5119 5121 5121 5105 5105 5120 5120 5102 5102 5122 5122 5120 5120 5122 5122 5121 5121 5121 5121 5122 5122 5123 5123 5121 5121 5123 5123 5105 5105 5122 5122 5102 5102 5103 5103 5122 5122 5103 5103 5123 5123 5123 5123 5103 5103 5104 5104 5123 5123 5104 5104 5105 5105 5125 5125 5124 5124 5128 5128 5125 5125 5128 5128 5126 5126 5126 5126 5128 5128 5129 5129 5126 5126 5129 5129 5127 5127 5128 5128 5124 5124 5130 5130 5128 5128 5130 5130 5129 5129 5129 5129 5130 5130 5131 5131 5129 5129 5131 5131 5127 5127 5130 5130 5124 5124 5132 5132 5130 5130 5132 5132 5131 5131 5131 5131 5132 5132 5133 5133 5131 5131 5133 5133 5127 5127 5132 5132 5124 5124 5134 5134 5132 5132 5134 5134 5133 5133 5133 5133 5134 5134 5135 5135 5133 5133 5135 5135 5127 5127 5134 5134 5124 5124 5136 5136 5134 5134 5136 5136 5135 5135 5135 5135 5136 5136 5137 5137 5135 5135 5137 5137 5127 5127 5136 5136 5124 5124 5138 5138 5136 5136 5138 5138 5137 5137 5137 5137 5138 5138 5139 5139 5137 5137 5139 5139 5127 5127 5138 5138 5124 5124 5140 5140 5138 5138 5140 5140 5139 5139 5139 5139 5140 5140 5141 5141 5139 5139 5141 5141 5127 5127 5140 5140 5124 5124 5142 5142 5140 5140 5142 5142 5141 5141 5141 5141 5142 5142 5143 5143 5141 5141 5143 5143 5127 5127 5142 5142 5124 5124 5144 5144 5142 5142 5144 5144 5143 5143 5143 5143 5144 5144 5145 5145 5143 5143 5145 5145 5127 5127 5144 5144 5124 5124 5125 5125 5144 5144 5125 5125 5145 5145 5145 5145 5125 5125 5126 5126 5145 5145 5126 5126 5127 5127 5147 5147 5146 5146 5150 5150 5147 5147 5150 5150 5148 5148 5148 5148 5150 5150 5151 5151 5148 5148 5151 5151 5149 5149 5150 5150 5146 5146 5152 5152 5150 5150 5152 5152 5151 5151 5151 5151 5152 5152 5153 5153 5151 5151 5153 5153 5149 5149 5152 5152 5146 5146 5154 5154 5152 5152 5154 5154 5153 5153 5153 5153 5154 5154 5155 5155 5153 5153 5155 5155 5149 5149 5154 5154 5146 5146 5156 5156 5154 5154 5156 5156 5155 5155 5155 5155 5156 5156 5157 5157 5155 5155 5157 5157 5149 5149 5156 5156 5146 5146 5158 5158 5156 5156 5158 5158 5157 5157 5157 5157 5158 5158 5159 5159 5157 5157 5159 5159 5149 5149 5158 5158 5146 5146 5160 5160 5158 5158 5160 5160 5159 5159 5159 5159 5160 5160 5161 5161 5159 5159 5161 5161 5149 5149 5160 5160 5146 5146 5162 5162 5160 5160 5162 5162 5161 5161 5161 5161 5162 5162 5163 5163 5161 5161 5163 5163 5149 5149 5162 5162 5146 5146 5164 5164 5162 5162 5164 5164 5163 5163 5163 5163 5164 5164 5165 5165 5163 5163 5165 5165 5149 5149 5164 5164 5146 5146 5166 5166 5164 5164 5166 5166 5165 5165 5165 5165 5166 5166 5167 5167 5165 5165 5167 5167 5149 5149 5166 5166 5146 5146 5147 5147 5166 5166 5147 5147 5167 5167 5167 5167 5147 5147 5148 5148 5167 5167 5148 5148 5149 5149 5169 5169 5168 5168 5172 5172 5169 5169 5172 5172 5170 5170 5170 5170 5172 5172 5173 5173 5170 5170 5173 5173 5171 5171 5172 5172 5168 5168 5174 5174 5172 5172 5174 5174 5173 5173 5173 5173 5174 5174 5175 5175 5173 5173 5175 5175 5171 5171 5174 5174 5168 5168 5176 5176 5174 5174 5176 5176 5175 5175 5175 5175 5176 5176 5177 5177 5175 5175 5177 5177 5171 5171 5176 5176 5168 5168 5178 5178 5176 5176 5178 5178 5177 5177 5177 5177 5178 5178 5179 5179 5177 5177 5179 5179 5171 5171 5178 5178 5168 5168 5180 5180 5178 5178 5180 5180 5179 5179 5179 5179 5180 5180 5181 5181 5179 5179 5181 5181 5171 5171 5180 5180 5168 5168 5182 5182 5180 5180 5182 5182 5181 5181 5181 5181 5182 5182 5183 5183 5181 5181 5183 5183 5171 5171 5182 5182 5168 5168 5184 5184 5182 5182 5184 5184 5183 5183 5183 5183 5184 5184 5185 5185 5183 5183 5185 5185 5171 5171 5184 5184 5168 5168 5186 5186 5184 5184 5186 5186 5185 5185 5185 5185 5186 5186 5187 5187 5185 5185 5187 5187 5171 5171 5186 5186 5168 5168 5188 5188 5186 5186 5188 5188 5187 5187 5187 5187 5188 5188 5189 5189 5187 5187 5189 5189 5171 5171 5188 5188 5168 5168 5169 5169 5188 5188 5169 5169 5189 5189 5189 5189 5169 5169 5170 5170 5189 5189 5170 5170 5171 5171 5191 5191 5190 5190 5194 5194 5191 5191 5194 5194 5192 5192 5192 5192 5194 5194 5195 5195 5192 5192 5195 5195 5193 5193 5194 5194 5190 5190 5196 5196 5194 5194 5196 5196 5195 5195 5195 5195 5196 5196 5197 5197 5195 5195 5197 5197 5193 5193 5196 5196 5190 5190 5198 5198 5196 5196 5198 5198 5197 5197 5197 5197 5198 5198 5199 5199 5197 5197 5199 5199 5193 5193 5198 5198 5190 5190 5200 5200 5198 5198 5200 5200 5199 5199 5199 5199 5200 5200 5201 5201 5199 5199 5201 5201 5193 5193 5200 5200 5190 5190 5202 5202 5200 5200 5202 5202 5201 5201 5201 5201 5202 5202 5203 5203 5201 5201 5203 5203 5193 5193 5202 5202 5190 5190 5204 5204 5202 5202 5204 5204 5203 5203 5203 5203 5204 5204 5205 5205 5203 5203 5205 5205 5193 5193 5204 5204 5190 5190 5206 5206 5204 5204 5206 5206 5205 5205 5205 5205 5206 5206 5207 5207 5205 5205 5207 5207 5193 5193 5206 5206 5190 5190 5208 5208 5206 5206 5208 5208 5207 5207 5207 5207 5208 5208 5209 5209 5207 5207 5209 5209 5193 5193 5208 5208 5190 5190 5210 5210 5208 5208 5210 5210 5209 5209 5209 5209 5210 5210 5211 5211 5209 5209 5211 5211 5193 5193 5210 5210 5190 5190 5191 5191 5210 5210 5191 5191 5211 5211 5211 5211 5191 5191 5192 5192 5211 5211 5192 5192 5193 5193 5213 5213 5212 5212 5216 5216 5213 5213 5216 5216 5214 5214 5214 5214 5216 5216 5217 5217 5214 5214 5217 5217 5215 5215 5216 5216 5212 5212 5218 5218 5216 5216 5218 5218 5217 5217 5217 5217 5218 5218 5219 5219 5217 5217 5219 5219 5215 5215 5218 5218 5212 5212 5220 5220 5218 5218 5220 5220 5219 5219 5219 5219 5220 5220 5221 5221 5219 5219 5221 5221 5215 5215 5220 5220 5212 5212 5222 5222 5220 5220 5222 5222 5221 5221 5221 5221 5222 5222 5223 5223 5221 5221 5223 5223 5215 5215 5222 5222 5212 5212 5224 5224 5222 5222 5224 5224 5223 5223 5223 5223 5224 5224 5225 5225 5223 5223 5225 5225 5215 5215 5224 5224 5212 5212 5226 5226 5224 5224 5226 5226 5225 5225 5225 5225 5226 5226 5227 5227 5225 5225 5227 5227 5215 5215 5226 5226 5212 5212 5228 5228 5226 5226 5228 5228 5227 5227 5227 5227 5228 5228 5229 5229 5227 5227 5229 5229 5215 5215 5228 5228 5212 5212 5230 5230 5228 5228 5230 5230 5229 5229 5229 5229 5230 5230 5231 5231 5229 5229 5231 5231 5215 5215 5230 5230 5212 5212 5232 5232 5230 5230 5232 5232 5231 5231 5231 5231 5232 5232 5233 5233 5231 5231 5233 5233 5215 5215 5232 5232 5212 5212 5213 5213 5232 5232 5213 5213 5233 5233 5233 5233 5213 5213 5214 5214 5233 5233 5214 5214 5215 5215 5235 5235 5234 5234 5238 5238 5235 5235 5238 5238 5236 5236 5236 5236 5238 5238 5239 5239 5236 5236 5239 5239 5237 5237 5238 5238 5234 5234 5240 5240 5238 5238 5240 5240 5239 5239 5239 5239 5240 5240 5241 5241 5239 5239 5241 5241 5237 5237 5240 5240 5234 5234 5242 5242 5240 5240 5242 5242 5241 5241 5241 5241 5242 5242 5243 5243 5241 5241 5243 5243 5237 5237 5242 5242 5234 5234 5244 5244 5242 5242 5244 5244 5243 5243 5243 5243 5244 5244 5245 5245 5243 5243 5245 5245 5237 5237 5244 5244 5234 5234 5246 5246 5244 5244 5246 5246 5245 5245 5245 5245 5246 5246 5247 5247 5245 5245 5247 5247 5237 5237 5246 5246 5234 5234 5248 5248 5246 5246 5248 5248 5247 5247 5247 5247 5248 5248 5249 5249 5247 5247 5249 5249 5237 5237 5248 5248 5234 5234 5250 5250 5248 5248 5250 5250 5249 5249 5249 5249 5250 5250 5251 5251 5249 5249 5251 5251 5237 5237 5250 5250 5234 5234 5252 5252 5250 5250 5252 5252 5251 5251 5251 5251 5252 5252 5253 5253 5251 5251 5253 5253 5237 5237 5252 5252 5234 5234 5254 5254 5252 5252 5254 5254 5253 5253 5253 5253 5254 5254 5255 5255 5253 5253 5255 5255 5237 5237 5254 5254 5234 5234 5235 5235 5254 5254 5235 5235 5255 5255 5255 5255 5235 5235 5236 5236 5255 5255 5236 5236 5237 5237 5257 5257 5256 5256 5260 5260 5257 5257 5260 5260 5258 5258 5258 5258 5260 5260 5261 5261 5258 5258 5261 5261 5259 5259 5260 5260 5256 5256 5262 5262 5260 5260 5262 5262 5261 5261 5261 5261 5262 5262 5263 5263 5261 5261 5263 5263 5259 5259 5262 5262 5256 5256 5264 5264 5262 5262 5264 5264 5263 5263 5263 5263 5264 5264 5265 5265 5263 5263 5265 5265 5259 5259 5264 5264 5256 5256 5266 5266 5264 5264 5266 5266 5265 5265 5265 5265 5266 5266 5267 5267 5265 5265 5267 5267 5259 5259 5266 5266 5256 5256 5268 5268 5266 5266 5268 5268 5267 5267 5267 5267 5268 5268 5269 5269 5267 5267 5269 5269 5259 5259 5268 5268 5256 5256 5270 5270 5268 5268 5270 5270 5269 5269 5269 5269 5270 5270 5271 5271 5269 5269 5271 5271 5259 5259 5270 5270 5256 5256 5272 5272 5270 5270 5272 5272 5271 5271 5271 5271 5272 5272 5273 5273 5271 5271 5273 5273 5259 5259 5272 5272 5256 5256 5274 5274 5272 5272 5274 5274 5273 5273 5273 5273 5274 5274 5275 5275 5273 5273 5275 5275 5259 5259 5274 5274 5256 5256 5276 5276 5274 5274 5276 5276 5275 5275 5275 5275 5276 5276 5277 5277 5275 5275 5277 5277 5259 5259 5276 5276 5256 5256 5257 5257 5276 5276 5257 5257 5277 5277 5277 5277 5257 5257 5258 5258 5277 5277 5258 5258 5259 5259 5279 5279 5278 5278 5282 5282 5279 5279 5282 5282 5280 5280 5280 5280 5282 5282 5283 5283 5280 5280 5283 5283 5281 5281 5282 5282 5278 5278 5284 5284 5282 5282 5284 5284 5283 5283 5283 5283 5284 5284 5285 5285 5283 5283 5285 5285 5281 5281 5284 5284 5278 5278 5286 5286 5284 5284 5286 5286 5285 5285 5285 5285 5286 5286 5287 5287 5285 5285 5287 5287 5281 5281 5286 5286 5278 5278 5288 5288 5286 5286 5288 5288 5287 5287 5287 5287 5288 5288 5289 5289 5287 5287 5289 5289 5281 5281 5288 5288 5278 5278 5290 5290 5288 5288 5290 5290 5289 5289 5289 5289 5290 5290 5291 5291 5289 5289 5291 5291 5281 5281 5290 5290 5278 5278 5292 5292 5290 5290 5292 5292 5291 5291 5291 5291 5292 5292 5293 5293 5291 5291 5293 5293 5281 5281 5292 5292 5278 5278 5294 5294 5292 5292 5294 5294 5293 5293 5293 5293 5294 5294 5295 5295 5293 5293 5295 5295 5281 5281 5294 5294 5278 5278 5296 5296 5294 5294 5296 5296 5295 5295 5295 5295 5296 5296 5297 5297 5295 5295 5297 5297 5281 5281 5296 5296 5278 5278 5298 5298 5296 5296 5298 5298 5297 5297 5297 5297 5298 5298 5299 5299 5297 5297 5299 5299 5281 5281 5298 5298 5278 5278 5279 5279 5298 5298 5279 5279 5299 5299 5299 5299 5279 5279 5280 5280 5299 5299 5280 5280 5281 5281 5301 5301 5300 5300 5304 5304 5301 5301 5304 5304 5302 5302 5302 5302 5304 5304 5305 5305 5302 5302 5305 5305 5303 5303 5304 5304 5300 5300 5306 5306 5304 5304 5306 5306 5305 5305 5305 5305 5306 5306 5307 5307 5305 5305 5307 5307 5303 5303 5306 5306 5300 5300 5308 5308 5306 5306 5308 5308 5307 5307 5307 5307 5308 5308 5309 5309 5307 5307 5309 5309 5303 5303 5308 5308 5300 5300 5310 5310 5308 5308 5310 5310 5309 5309 5309 5309 5310 5310 5311 5311 5309 5309 5311 5311 5303 5303 5310 5310 5300 5300 5312 5312 5310 5310 5312 5312 5311 5311 5311 5311 5312 5312 5313 5313 5311 5311 5313 5313 5303 5303 5312 5312 5300 5300 5314 5314 5312 5312 5314 5314 5313 5313 5313 5313 5314 5314 5315 5315 5313 5313 5315 5315 5303 5303 5314 5314 5300 5300 5316 5316 5314 5314 5316 5316 5315 5315 5315 5315 5316 5316 5317 5317 5315 5315 5317 5317 5303 5303 5316 5316 5300 5300 5318 5318 5316 5316 5318 5318 5317 5317 5317 5317 5318 5318 5319 5319 5317 5317 5319 5319 5303 5303 5318 5318 5300 5300 5320 5320 5318 5318 5320 5320 5319 5319 5319 5319 5320 5320 5321 5321 5319 5319 5321 5321 5303 5303 5320 5320 5300 5300 5301 5301 5320 5320 5301 5301 5321 5321 5321 5321 5301 5301 5302 5302 5321 5321 5302 5302 5303 5303 5323 5323 5322 5322 5326 5326 5323 5323 5326 5326 5324 5324 5324 5324 5326 5326 5327 5327 5324 5324 5327 5327 5325 5325 5326 5326 5322 5322 5328 5328 5326 5326 5328 5328 5327 5327 5327 5327 5328 5328 5329 5329 5327 5327 5329 5329 5325 5325 5328 5328 5322 5322 5330 5330 5328 5328 5330 5330 5329 5329 5329 5329 5330 5330 5331 5331 5329 5329 5331 5331 5325 5325 5330 5330 5322 5322 5332 5332 5330 5330 5332 5332 5331 5331 5331 5331 5332 5332 5333 5333 5331 5331 5333 5333 5325 5325 5332 5332 5322 5322 5334 5334 5332 5332 5334 5334 5333 5333 5333 5333 5334 5334 5335 5335 5333 5333 5335 5335 5325 5325 5334 5334 5322 5322 5336 5336 5334 5334 5336 5336 5335 5335 5335 5335 5336 5336 5337 5337 5335 5335 5337 5337 5325 5325 5336 5336 5322 5322 5338 5338 5336 5336 5338 5338 5337 5337 5337 5337 5338 5338 5339 5339 5337 5337 5339 5339 5325 5325 5338 5338 5322 5322 5340 5340 5338 5338 5340 5340 5339 5339 5339 5339 5340 5340 5341 5341 5339 5339 5341 5341 5325 5325 5340 5340 5322 5322 5342 5342 5340 5340 5342 5342 5341 5341 5341 5341 5342 5342 5343 5343 5341 5341 5343 5343 5325 5325 5342 5342 5322 5322 5323 5323 5342 5342 5323 5323 5343 5343 5343 5343 5323 5323 5324 5324 5343 5343 5324 5324 5325 5325 5345 5345 5344 5344 5348 5348 5345 5345 5348 5348 5346 5346 5346 5346 5348 5348 5349 5349 5346 5346 5349 5349 5347 5347 5348 5348 5344 5344 5350 5350 5348 5348 5350 5350 5349 5349 5349 5349 5350 5350 5351 5351 5349 5349 5351 5351 5347 5347 5350 5350 5344 5344 5352 5352 5350 5350 5352 5352 5351 5351 5351 5351 5352 5352 5353 5353 5351 5351 5353 5353 5347 5347 5352 5352 5344 5344 5354 5354 5352 5352 5354 5354 5353 5353 5353 5353 5354 5354 5355 5355 5353 5353 5355 5355 5347 5347 5354 5354 5344 5344 5356 5356 5354 5354 5356 5356 5355 5355 5355 5355 5356 5356 5357 5357 5355 5355 5357 5357 5347 5347 5356 5356 5344 5344 5358 5358 5356 5356 5358 5358 5357 5357 5357 5357 5358 5358 5359 5359 5357 5357 5359 5359 5347 5347 5358 5358 5344 5344 5360 5360 5358 5358 5360 5360 5359 5359 5359 5359 5360 5360 5361 5361 5359 5359 5361 5361 5347 5347 5360 5360 5344 5344 5362 5362 5360 5360 5362 5362 5361 5361 5361 5361 5362 5362 5363 5363 5361 5361 5363 5363 5347 5347 5362 5362 5344 5344 5364 5364 5362 5362 5364 5364 5363 5363 5363 5363 5364 5364 5365 5365 5363 5363 5365 5365 5347 5347 5364 5364 5344 5344 5345 5345 5364 5364 5345 5345 5365 5365 5365 5365 5345 5345 5346 5346 5365 5365 5346 5346 5347 5347 5367 5367 5366 5366 5370 5370 5367 5367 5370 5370 5368 5368 5368 5368 5370 5370 5371 5371 5368 5368 5371 5371 5369 5369 5370 5370 5366 5366 5372 5372 5370 5370 5372 5372 5371 5371 5371 5371 5372 5372 5373 5373 5371 5371 5373 5373 5369 5369 5372 5372 5366 5366 5374 5374 5372 5372 5374 5374 5373 5373 5373 5373 5374 5374 5375 5375 5373 5373 5375 5375 5369 5369 5374 5374 5366 5366 5376 5376 5374 5374 5376 5376 5375 5375 5375 5375 5376 5376 5377 5377 5375 5375 5377 5377 5369 5369 5376 5376 5366 5366 5378 5378 5376 5376 5378 5378 5377 5377 5377 5377 5378 5378 5379 5379 5377 5377 5379 5379 5369 5369 5378 5378 5366 5366 5380 5380 5378 5378 5380 5380 5379 5379 5379 5379 5380 5380 5381 5381 5379 5379 5381 5381 5369 5369 5380 5380 5366 5366 5382 5382 5380 5380 5382 5382 5381 5381 5381 5381 5382 5382 5383 5383 5381 5381 5383 5383 5369 5369 5382 5382 5366 5366 5384 5384 5382 5382 5384 5384 5383 5383 5383 5383 5384 5384 5385 5385 5383 5383 5385 5385 5369 5369 5384 5384 5366 5366 5386 5386 5384 5384 5386 5386 5385 5385 5385 5385 5386 5386 5387 5387 5385 5385 5387 5387 5369 5369 5386 5386 5366 5366 5367 5367 5386 5386 5367 5367 5387 5387 5387 5387 5367 5367 5368 5368 5387 5387 5368 5368 5369 5369 5389 5389 5388 5388 5392 5392 5389 5389 5392 5392 5390 5390 5390 5390 5392 5392 5393 5393 5390 5390 5393 5393 5391 5391 5392 5392 5388 5388 5394 5394 5392 5392 5394 5394 5393 5393 5393 5393 5394 5394 5395 5395 5393 5393 5395 5395 5391 5391 5394 5394 5388 5388 5396 5396 5394 5394 5396 5396 5395 5395 5395 5395 5396 5396 5397 5397 5395 5395 5397 5397 5391 5391 5396 5396 5388 5388 5398 5398 5396 5396 5398 5398 5397 5397 5397 5397 5398 5398 5399 5399 5397 5397 5399 5399 5391 5391 5398 5398 5388 5388 5400 5400 5398 5398 5400 5400 5399 5399 5399 5399 5400 5400 5401 5401 5399 5399 5401 5401 5391 5391 5400 5400 5388 5388 5402 5402 5400 5400 5402 5402 5401 5401 5401 5401 5402 5402 5403 5403 5401 5401 5403 5403 5391 5391 5402 5402 5388 5388 5404 5404 5402 5402 5404 5404 5403 5403 5403 5403 5404 5404 5405 5405 5403 5403 5405 5405 5391 5391 5404 5404 5388 5388 5406 5406 5404 5404 5406 5406 5405 5405 5405 5405 5406 5406 5407 5407 5405 5405 5407 5407 5391 5391 5406 5406 5388 5388 5408 5408 5406 5406 5408 5408 5407 5407 5407 5407 5408 5408 5409 5409 5407 5407 5409 5409 5391 5391 5408 5408 5388 5388 5389 5389 5408 5408 5389 5389 5409 5409 5409 5409 5389 5389 5390 5390 5409 5409 5390 5390 5391 5391 5411 5411 5410 5410 5414 5414 5411 5411 5414 5414 5412 5412 5412 5412 5414 5414 5415 5415 5412 5412 5415 5415 5413 5413 5414 5414 5410 5410 5416 5416 5414 5414 5416 5416 5415 5415 5415 5415 5416 5416 5417 5417 5415 5415 5417 5417 5413 5413 5416 5416 5410 5410 5418 5418 5416 5416 5418 5418 5417 5417 5417 5417 5418 5418 5419 5419 5417 5417 5419 5419 5413 5413 5418 5418 5410 5410 5420 5420 5418 5418 5420 5420 5419 5419 5419 5419 5420 5420 5421 5421 5419 5419 5421 5421 5413 5413 5420 5420 5410 5410 5422 5422 5420 5420 5422 5422 5421 5421 5421 5421 5422 5422 5423 5423 5421 5421 5423 5423 5413 5413 5422 5422 5410 5410 5424 5424 5422 5422 5424 5424 5423 5423 5423 5423 5424 5424 5425 5425 5423 5423 5425 5425 5413 5413 5424 5424 5410 5410 5426 5426 5424 5424 5426 5426 5425 5425 5425 5425 5426 5426 5427 5427 5425 5425 5427 5427 5413 5413 5426 5426 5410 5410 5428 5428 5426 5426 5428 5428 5427 5427 5427 5427 5428 5428 5429 5429 5427 5427 5429 5429 5413 5413 5428 5428 5410 5410 5430 5430 5428 5428 5430 5430 5429 5429 5429 5429 5430 5430 5431 5431 5429 5429 5431 5431 5413 5413 5430 5430 5410 5410 5411 5411 5430 5430 5411 5411 5431 5431 5431 5431 5411 5411 5412 5412 5431 5431 5412 5412 5413 5413 5433 5433 5432 5432 5436 5436 5433 5433 5436 5436 5434 5434 5434 5434 5436 5436 5437 5437 5434 5434 5437 5437 5435 5435 5436 5436 5432 5432 5438 5438 5436 5436 5438 5438 5437 5437 5437 5437 5438 5438 5439 5439 5437 5437 5439 5439 5435 5435 5438 5438 5432 5432 5440 5440 5438 5438 5440 5440 5439 5439 5439 5439 5440 5440 5441 5441 5439 5439 5441 5441 5435 5435 5440 5440 5432 5432 5442 5442 5440 5440 5442 5442 5441 5441 5441 5441 5442 5442 5443 5443 5441 5441 5443 5443 5435 5435 5442 5442 5432 5432 5444 5444 5442 5442 5444 5444 5443 5443 5443 5443 5444 5444 5445 5445 5443 5443 5445 5445 5435 5435 5444 5444 5432 5432 5446 5446 5444 5444 5446 5446 5445 5445 5445 5445 5446 5446 5447 5447 5445 5445 5447 5447 5435 5435 5446 5446 5432 5432 5448 5448 5446 5446 5448 5448 5447 5447 5447 5447 5448 5448 5449 5449 5447 5447 5449 5449 5435 5435 5448 5448 5432 5432 5450 5450 5448 5448 5450 5450 5449 5449 5449 5449 5450 5450 5451 5451 5449 5449 5451 5451 5435 5435 5450 5450 5432 5432 5452 5452 5450 5450 5452 5452 5451 5451 5451 5451 5452 5452 5453 5453 5451 5451 5453 5453 5435 5435 5452 5452 5432 5432 5433 5433 5452 5452 5433 5433 5453 5453 5453 5453 5433 5433 5434 5434 5453 5453 5434 5434 5435 5435 5455 5455 5454 5454 5458 5458 5455 5455 5458 5458 5456 5456 5456 5456 5458 5458 5459 5459 5456 5456 5459 5459 5457 5457 5458 5458 5454 5454 5460 5460 5458 5458 5460 5460 5459 5459 5459 5459 5460 5460 5461 5461 5459 5459 5461 5461 5457 5457 5460 5460 5454 5454 5462 5462 5460 5460 5462 5462 5461 5461 5461 5461 5462 5462 5463 5463 5461 5461 5463 5463 5457 5457 5462 5462 5454 5454 5464 5464 5462 5462 5464 5464 5463 5463 5463 5463 5464 5464 5465 5465 5463 5463 5465 5465 5457 5457 5464 5464 5454 5454 5466 5466 5464 5464 5466 5466 5465 5465 5465 5465 5466 5466 5467 5467 5465 5465 5467 5467 5457 5457 5466 5466 5454 5454 5468 5468 5466 5466 5468 5468 5467 5467 5467 5467 5468 5468 5469 5469 5467 5467 5469 5469 5457 5457 5468 5468 5454 5454 5470 5470 5468 5468 5470 5470 5469 5469 5469 5469 5470 5470 5471 5471 5469 5469 5471 5471 5457 5457 5470 5470 5454 5454 5472 5472 5470 5470 5472 5472 5471 5471 5471 5471 5472 5472 5473 5473 5471 5471 5473 5473 5457 5457 5472 5472 5454 5454 5474 5474 5472 5472 5474 5474 5473 5473 5473 5473 5474 5474 5475 5475 5473 5473 5475 5475 5457 5457 5474 5474 5454 5454 5455 5455 5474 5474 5455 5455 5475 5475 5475 5475 5455 5455 5456 5456 5475 5475 5456 5456 5457 5457 5477 5477 5476 5476 5480 5480 5477 5477 5480 5480 5478 5478 5478 5478 5480 5480 5481 5481 5478 5478 5481 5481 5479 5479 5480 5480 5476 5476 5482 5482 5480 5480 5482 5482 5481 5481 5481 5481 5482 5482 5483 5483 5481 5481 5483 5483 5479 5479 5482 5482 5476 5476 5484 5484 5482 5482 5484 5484 5483 5483 5483 5483 5484 5484 5485 5485 5483 5483 5485 5485 5479 5479 5484 5484 5476 5476 5486 5486 5484 5484 5486 5486 5485 5485 5485 5485 5486 5486 5487 5487 5485 5485 5487 5487 5479 5479 5486 5486 5476 5476 5488 5488 5486 5486 5488 5488 5487 5487 5487 5487 5488 5488 5489 5489 5487 5487 5489 5489 5479 5479 5488 5488 5476 5476 5490 5490 5488 5488 5490 5490 5489 5489 5489 5489 5490 5490 5491 5491 5489 5489 5491 5491 5479 5479 5490 5490 5476 5476 5492 5492 5490 5490 5492 5492 5491 5491 5491 5491 5492 5492 5493 5493 5491 5491 5493 5493 5479 5479 5492 5492 5476 5476 5494 5494 5492 5492 5494 5494 5493 5493 5493 5493 5494 5494 5495 5495 5493 5493 5495 5495 5479 5479 5494 5494 5476 5476 5496 5496 5494 5494 5496 5496 5495 5495 5495 5495 5496 5496 5497 5497 5495 5495 5497 5497 5479 5479 5496 5496 5476 5476 5477 5477 5496 5496 5477 5477 5497 5497 5497 5497 5477 5477 5478 5478 5497 5497 5478 5478 5479 5479 5499 5499 5498 5498 5502 5502 5499 5499 5502 5502 5500 5500 5500 5500 5502 5502 5503 5503 5500 5500 5503 5503 5501 5501 5502 5502 5498 5498 5504 5504 5502 5502 5504 5504 5503 5503 5503 5503 5504 5504 5505 5505 5503 5503 5505 5505 5501 5501 5504 5504 5498 5498 5506 5506 5504 5504 5506 5506 5505 5505 5505 5505 5506 5506 5507 5507 5505 5505 5507 5507 5501 5501 5506 5506 5498 5498 5508 5508 5506 5506 5508 5508 5507 5507 5507 5507 5508 5508 5509 5509 5507 5507 5509 5509 5501 5501 5508 5508 5498 5498 5510 5510 5508 5508 5510 5510 5509 5509 5509 5509 5510 5510 5511 5511 5509 5509 5511 5511 5501 5501 5510 5510 5498 5498 5512 5512 5510 5510 5512 5512 5511 5511 5511 5511 5512 5512 5513 5513 5511 5511 5513 5513 5501 5501 5512 5512 5498 5498 5514 5514 5512 5512 5514 5514 5513 5513 5513 5513 5514 5514 5515 5515 5513 5513 5515 5515 5501 5501 5514 5514 5498 5498 5516 5516 5514 5514 5516 5516 5515 5515 5515 5515 5516 5516 5517 5517 5515 5515 5517 5517 5501 5501 5516 5516 5498 5498 5518 5518 5516 5516 5518 5518 5517 5517 5517 5517 5518 5518 5519 5519 5517 5517 5519 5519 5501 5501 5518 5518 5498 5498 5499 5499 5518 5518 5499 5499 5519 5519 5519 5519 5499 5499 5500 5500 5519 5519 5500 5500 5501 5501 5521 5521 5520 5520 5524 5524 5521 5521 5524 5524 5522 5522 5522 5522 5524 5524 5525 5525 5522 5522 5525 5525 5523 5523 5524 5524 5520 5520 5526 5526 5524 5524 5526 5526 5525 5525 5525 5525 5526 5526 5527 5527 5525 5525 5527 5527 5523 5523 5526 5526 5520 5520 5528 5528 5526 5526 5528 5528 5527 5527 5527 5527 5528 5528 5529 5529 5527 5527 5529 5529 5523 5523 5528 5528 5520 5520 5530 5530 5528 5528 5530 5530 5529 5529 5529 5529 5530 5530 5531 5531 5529 5529 5531 5531 5523 5523 5530 5530 5520 5520 5532 5532 5530 5530 5532 5532 5531 5531 5531 5531 5532 5532 5533 5533 5531 5531 5533 5533 5523 5523 5532 5532 5520 5520 5534 5534 5532 5532 5534 5534 5533 5533 5533 5533 5534 5534 5535 5535 5533 5533 5535 5535 5523 5523 5534 5534 5520 5520 5536 5536 5534 5534 5536 5536 5535 5535 5535 5535 5536 5536 5537 5537 5535 5535 5537 5537 5523 5523 5536 5536 5520 5520 5538 5538 5536 5536 5538 5538 5537 5537 5537 5537 5538 5538 5539 5539 5537 5537 5539 5539 5523 5523 5538 5538 5520 5520 5540 5540 5538 5538 5540 5540 5539 5539 5539 5539 5540 5540 5541 5541 5539 5539 5541 5541 5523 5523 5540 5540 5520 5520 5521 5521 5540 5540 5521 5521 5541 5541 5541 5541 5521 5521 5522 5522 5541 5541 5522 5522 5523 5523 5543 5543 5542 5542 5546 5546 5543 5543 5546 5546 5544 5544 5544 5544 5546 5546 5547 5547 5544 5544 5547 5547 5545 5545 5546 5546 5542 5542 5548 5548 5546 5546 5548 5548 5547 5547 5547 5547 5548 5548 5549 5549 5547 5547 5549 5549 5545 5545 5548 5548 5542 5542 5550 5550 5548 5548 5550 5550 5549 5549 5549 5549 5550 5550 5551 5551 5549 5549 5551 5551 5545 5545 5550 5550 5542 5542 5552 5552 5550 5550 5552 5552 5551 5551 5551 5551 5552 5552 5553 5553 5551 5551 5553 5553 5545 5545 5552 5552 5542 5542 5554 5554 5552 5552 5554 5554 5553 5553 5553 5553 5554 5554 5555 5555 5553 5553 5555 5555 5545 5545 5554 5554 5542 5542 5556 5556 5554 5554 5556 5556 5555 5555 5555 5555 5556 5556 5557 5557 5555 5555 5557 5557 5545 5545 5556 5556 5542 5542 5558 5558 5556 5556 5558 5558 5557 5557 5557 5557 5558 5558 5559 5559 5557 5557 5559 5559 5545 5545 5558 5558 5542 5542 5560 5560 5558 5558 5560 5560 5559 5559 5559 5559 5560 5560 5561 5561 5559 5559 5561 5561 5545 5545 5560 5560 5542 5542 5562 5562 5560 5560 5562 5562 5561 5561 5561 5561 5562 5562 5563 5563 5561 5561 5563 5563 5545 5545 5562 5562 5542 5542 5543 5543 5562 5562 5543 5543 5563 5563 5563 5563 5543 5543 5544 5544 5563 5563 5544 5544 5545 5545 5565 5565 5564 5564 5568 5568 5565 5565 5568 5568 5566 5566 5566 5566 5568 5568 5569 5569 5566 5566 5569 5569 5567 5567 5568 5568 5564 5564 5570 5570 5568 5568 5570 5570 5569 5569 5569 5569 5570 5570 5571 5571 5569 5569 5571 5571 5567 5567 5570 5570 5564 5564 5572 5572 5570 5570 5572 5572 5571 5571 5571 5571 5572 5572 5573 5573 5571 5571 5573 5573 5567 5567 5572 5572 5564 5564 5574 5574 5572 5572 5574 5574 5573 5573 5573 5573 5574 5574 5575 5575 5573 5573 5575 5575 5567 5567 5574 5574 5564 5564 5576 5576 5574 5574 5576 5576 5575 5575 5575 5575 5576 5576 5577 5577 5575 5575 5577 5577 5567 5567 5576 5576 5564 5564 5578 5578 5576 5576 5578 5578 5577 5577 5577 5577 5578 5578 5579 5579 5577 5577 5579 5579 5567 5567 5578 5578 5564 5564 5580 5580 5578 5578 5580 5580 5579 5579 5579 5579 5580 5580 5581 5581 5579 5579 5581 5581 5567 5567 5580 5580 5564 5564 5582 5582 5580 5580 5582 5582 5581 5581 5581 5581 5582 5582 5583 5583 5581 5581 5583 5583 5567 5567 5582 5582 5564 5564 5584 5584 5582 5582 5584 5584 5583 5583 5583 5583 5584 5584 5585 5585 5583 5583 5585 5585 5567 5567 5584 5584 5564 5564 5565 5565 5584 5584 5565 5565 5585 5585 5585 5585 5565 5565 5566 5566 5585 5585 5566 5566 5567 5567 5587 5587 5586 5586 5590 5590 5587 5587 5590 5590 5588 5588 5588 5588 5590 5590 5591 5591 5588 5588 5591 5591 5589 5589 5590 5590 5586 5586 5592 5592 5590 5590 5592 5592 5591 5591 5591 5591 5592 5592 5593 5593 5591 5591 5593 5593 5589 5589 5592 5592 5586 5586 5594 5594 5592 5592 5594 5594 5593 5593 5593 5593 5594 5594 5595 5595 5593 5593 5595 5595 5589 5589 5594 5594 5586 5586 5596 5596 5594 5594 5596 5596 5595 5595 5595 5595 5596 5596 5597 5597 5595 5595 5597 5597 5589 5589 5596 5596 5586 5586 5598 5598 5596 5596 5598 5598 5597 5597 5597 5597 5598 5598 5599 5599 5597 5597 5599 5599 5589 5589 5598 5598 5586 5586 5600 5600 5598 5598 5600 5600 5599 5599 5599 5599 5600 5600 5601 5601 5599 5599 5601 5601 5589 5589 5600 5600 5586 5586 5602 5602 5600 5600 5602 5602 5601 5601 5601 5601 5602 5602 5603 5603 5601 5601 5603 5603 5589 5589 5602 5602 5586 5586 5604 5604 5602 5602 5604 5604 5603 5603 5603 5603 5604 5604 5605 5605 5603 5603 5605 5605 5589 5589 5604 5604 5586 5586 5606 5606 5604 5604 5606 5606 5605 5605 5605 5605 5606 5606 5607 5607 5605 5605 5607 5607 5589 5589 5606 5606 5586 5586 5587 5587 5606 5606 5587 5587 5607 5607 5607 5607 5587 5587 5588 5588 5607 5607 5588 5588 5589 5589 5609 5609 5608 5608 5612 5612 5609 5609 5612 5612 5610 5610 5610 5610 5612 5612 5613 5613 5610 5610 5613 5613 5611 5611 5612 5612 5608 5608 5614 5614 5612 5612 5614 5614 5613 5613 5613 5613 5614 5614 5615 5615 5613 5613 5615 5615 5611 5611 5614 5614 5608 5608 5616 5616 5614 5614 5616 5616 5615 5615 5615 5615 5616 5616 5617 5617 5615 5615 5617 5617 5611 5611 5616 5616 5608 5608 5618 5618 5616 5616 5618 5618 5617 5617 5617 5617 5618 5618 5619 5619 5617 5617 5619 5619 5611 5611 5618 5618 5608 5608 5620 5620 5618 5618 5620 5620 5619 5619 5619 5619 5620 5620 5621 5621 5619 5619 5621 5621 5611 5611 5620 5620 5608 5608 5622 5622 5620 5620 5622 5622 5621 5621 5621 5621 5622 5622 5623 5623 5621 5621 5623 5623 5611 5611 5622 5622 5608 5608 5624 5624 5622 5622 5624 5624 5623 5623 5623 5623 5624 5624 5625 5625 5623 5623 5625 5625 5611 5611 5624 5624 5608 5608 5626 5626 5624 5624 5626 5626 5625 5625 5625 5625 5626 5626 5627 5627 5625 5625 5627 5627 5611 5611 5626 5626 5608 5608 5628 5628 5626 5626 5628 5628 5627 5627 5627 5627 5628 5628 5629 5629 5627 5627 5629 5629 5611 5611 5628 5628 5608 5608 5609 5609 5628 5628 5609 5609 5629 5629 5629 5629 5609 5609 5610 5610 5629 5629 5610 5610 5611 5611 5631 5631 5630 5630 5634 5634 5631 5631 5634 5634 5632 5632 5632 5632 5634 5634 5635 5635 5632 5632 5635 5635 5633 5633 5634 5634 5630 5630 5636 5636 5634 5634 5636 5636 5635 5635 5635 5635 5636 5636 5637 5637 5635 5635 5637 5637 5633 5633 5636 5636 5630 5630 5638 5638 5636 5636 5638 5638 5637 5637 5637 5637 5638 5638 5639 5639 5637 5637 5639 5639 5633 5633 5638 5638 5630 5630 5640 5640 5638 5638 5640 5640 5639 5639 5639 5639 5640 5640 5641 5641 5639 5639 5641 5641 5633 5633 5640 5640 5630 5630 5642 5642 5640 5640 5642 5642 5641 5641 5641 5641 5642 5642 5643 5643 5641 5641 5643 5643 5633 5633 5642 5642 5630 5630 5644 5644 5642 5642 5644 5644 5643 5643 5643 5643 5644 5644 5645 5645 5643 5643 5645 5645 5633 5633 5644 5644 5630 5630 5646 5646 5644 5644 5646 5646 5645 5645 5645 5645 5646 5646 5647 5647 5645 5645 5647 5647 5633 5633 5646 5646 5630 5630 5648 5648 5646 5646 5648 5648 5647 5647 5647 5647 5648 5648 5649 5649 5647 5647 5649 5649 5633 5633 5648 5648 5630 5630 5650 5650 5648 5648 5650 5650 5649 5649 5649 5649 5650 5650 5651 5651 5649 5649 5651 5651 5633 5633 5650 5650 5630 5630 5631 5631 5650 5650 5631 5631 5651 5651 5651 5651 5631 5631 5632 5632 5651 5651 5632 5632 5633 5633 5653 5653 5652 5652 5656 5656 5653 5653 5656 5656 5654 5654 5654 5654 5656 5656 5657 5657 5654 5654 5657 5657 5655 5655 5656 5656 5652 5652 5658 5658 5656 5656 5658 5658 5657 5657 5657 5657 5658 5658 5659 5659 5657 5657 5659 5659 5655 5655 5658 5658 5652 5652 5660 5660 5658 5658 5660 5660 5659 5659 5659 5659 5660 5660 5661 5661 5659 5659 5661 5661 5655 5655 5660 5660 5652 5652 5662 5662 5660 5660 5662 5662 5661 5661 5661 5661 5662 5662 5663 5663 5661 5661 5663 5663 5655 5655 5662 5662 5652 5652 5664 5664 5662 5662 5664 5664 5663 5663 5663 5663 5664 5664 5665 5665 5663 5663 5665 5665 5655 5655 5664 5664 5652 5652 5666 5666 5664 5664 5666 5666 5665 5665 5665 5665 5666 5666 5667 5667 5665 5665 5667 5667 5655 5655 5666 5666 5652 5652 5668 5668 5666 5666 5668 5668 5667 5667 5667 5667 5668 5668 5669 5669 5667 5667 5669 5669 5655 5655 5668 5668 5652 5652 5670 5670 5668 5668 5670 5670 5669 5669 5669 5669 5670 5670 5671 5671 5669 5669 5671 5671 5655 5655 5670 5670 5652 5652 5672 5672 5670 5670 5672 5672 5671 5671 5671 5671 5672 5672 5673 5673 5671 5671 5673 5673 5655 5655 5672 5672 5652 5652 5653 5653 5672 5672 5653 5653 5673 5673 5673 5673 5653 5653 5654 5654 5673 5673 5654 5654 5655 5655 5675 5675 5674 5674 5678 5678 5675 5675 5678 5678 5676 5676 5676 5676 5678 5678 5679 5679 5676 5676 5679 5679 5677 5677 5678 5678 5674 5674 5680 5680 5678 5678 5680 5680 5679 5679 5679 5679 5680 5680 5681 5681 5679 5679 5681 5681 5677 5677 5680 5680 5674 5674 5682 5682 5680 5680 5682 5682 5681 5681 5681 5681 5682 5682 5683 5683 5681 5681 5683 5683 5677 5677 5682 5682 5674 5674 5684 5684 5682 5682 5684 5684 5683 5683 5683 5683 5684 5684 5685 5685 5683 5683 5685 5685 5677 5677 5684 5684 5674 5674 5686 5686 5684 5684 5686 5686 5685 5685 5685 5685 5686 5686 5687 5687 5685 5685 5687 5687 5677 5677 5686 5686 5674 5674 5688 5688 5686 5686 5688 5688 5687 5687 5687 5687 5688 5688 5689 5689 5687 5687 5689 5689 5677 5677 5688 5688 5674 5674 5690 5690 5688 5688 5690 5690 5689 5689 5689 5689 5690 5690 5691 5691 5689 5689 5691 5691 5677 5677 5690 5690 5674 5674 5692 5692 5690 5690 5692 5692 5691 5691 5691 5691 5692 5692 5693 5693 5691 5691 5693 5693 5677 5677 5692 5692 5674 5674 5694 5694 5692 5692 5694 5694 5693 5693 5693 5693 5694 5694 5695 5695 5693 5693 5695 5695 5677 5677 5694 5694 5674 5674 5675 5675 5694 5694 5675 5675 5695 5695 5695 5695 5675 5675 5676 5676 5695 5695 5676 5676 5677 5677 5697 5697 5696 5696 5700 5700 5697 5697 5700 5700 5698 5698 5698 5698 5700 5700 5701 5701 5698 5698 5701 5701 5699 5699 5700 5700 5696 5696 5702 5702 5700 5700 5702 5702 5701 5701 5701 5701 5702 5702 5703 5703 5701 5701 5703 5703 5699 5699 5702 5702 5696 5696 5704 5704 5702 5702 5704 5704 5703 5703 5703 5703 5704 5704 5705 5705 5703 5703 5705 5705 5699 5699 5704 5704 5696 5696 5706 5706 5704 5704 5706 5706 5705 5705 5705 5705 5706 5706 5707 5707 5705 5705 5707 5707 5699 5699 5706 5706 5696 5696 5708 5708 5706 5706 5708 5708 5707 5707 5707 5707 5708 5708 5709 5709 5707 5707 5709 5709 5699 5699 5708 5708 5696 5696 5710 5710 5708 5708 5710 5710 5709 5709 5709 5709 5710 5710 5711 5711 5709 5709 5711 5711 5699 5699 5710 5710 5696 5696 5712 5712 5710 5710 5712 5712 5711 5711 5711 5711 5712 5712 5713 5713 5711 5711 5713 5713 5699 5699 5712 5712 5696 5696 5714 5714 5712 5712 5714 5714 5713 5713 5713 5713 5714 5714 5715 5715 5713 5713 5715 5715 5699 5699 5714 5714 5696 5696 5716 5716 5714 5714 5716 5716 5715 5715 5715 5715 5716 5716 5717 5717 5715 5715 5717 5717 5699 5699 5716 5716 5696 5696 5697 5697 5716 5716 5697 5697 5717 5717 5717 5717 5697 5697 5698 5698 5717 5717 5698 5698 5699 5699 5719 5719 5718 5718 5722 5722 5719 5719 5722 5722 5720 5720 5720 5720 5722 5722 5723 5723 5720 5720 5723 5723 5721 5721 5722 5722 5718 5718 5724 5724 5722 5722 5724 5724 5723 5723 5723 5723 5724 5724 5725 5725 5723 5723 5725 5725 5721 5721 5724 5724 5718 5718 5726 5726 5724 5724 5726 5726 5725 5725 5725 5725 5726 5726 5727 5727 5725 5725 5727 5727 5721 5721 5726 5726 5718 5718 5728 5728 5726 5726 5728 5728 5727 5727 5727 5727 5728 5728 5729 5729 5727 5727 5729 5729 5721 5721 5728 5728 5718 5718 5730 5730 5728 5728 5730 5730 5729 5729 5729 5729 5730 5730 5731 5731 5729 5729 5731 5731 5721 5721 5730 5730 5718 5718 5732 5732 5730 5730 5732 5732 5731 5731 5731 5731 5732 5732 5733 5733 5731 5731 5733 5733 5721 5721 5732 5732 5718 5718 5734 5734 5732 5732 5734 5734 5733 5733 5733 5733 5734 5734 5735 5735 5733 5733 5735 5735 5721 5721 5734 5734 5718 5718 5736 5736 5734 5734 5736 5736 5735 5735 5735 5735 5736 5736 5737 5737 5735 5735 5737 5737 5721 5721 5736 5736 5718 5718 5738 5738 5736 5736 5738 5738 5737 5737 5737 5737 5738 5738 5739 5739 5737 5737 5739 5739 5721 5721 5738 5738 5718 5718 5719 5719 5738 5738 5719 5719 5739 5739 5739 5739 5719 5719 5720 5720 5739 5739 5720 5720 5721 5721 5741 5741 5740 5740 5744 5744 5741 5741 5744 5744 5742 5742 5742 5742 5744 5744 5745 5745 5742 5742 5745 5745 5743 5743 5744 5744 5740 5740 5746 5746 5744 5744 5746 5746 5745 5745 5745 5745 5746 5746 5747 5747 5745 5745 5747 5747 5743 5743 5746 5746 5740 5740 5748 5748 5746 5746 5748 5748 5747 5747 5747 5747 5748 5748 5749 5749 5747 5747 5749 5749 5743 5743 5748 5748 5740 5740 5750 5750 5748 5748 5750 5750 5749 5749 5749 5749 5750 5750 5751 5751 5749 5749 5751 5751 5743 5743 5750 5750 5740 5740 5752 5752 5750 5750 5752 5752 5751 5751 5751 5751 5752 5752 5753 5753 5751 5751 5753 5753 5743 5743 5752 5752 5740 5740 5754 5754 5752 5752 5754 5754 5753 5753 5753 5753 5754 5754 5755 5755 5753 5753 5755 5755 5743 5743 5754 5754 5740 5740 5756 5756 5754 5754 5756 5756 5755 5755 5755 5755 5756 5756 5757 5757 5755 5755 5757 5757 5743 5743 5756 5756 5740 5740 5758 5758 5756 5756 5758 5758 5757 5757 5757 5757 5758 5758 5759 5759 5757 5757 5759 5759 5743 5743 5758 5758 5740 5740 5760 5760 5758 5758 5760 5760 5759 5759 5759 5759 5760 5760 5761 5761 5759 5759 5761 5761 5743 5743 5760 5760 5740 5740 5741 5741 5760 5760 5741 5741 5761 5761 5761 5761 5741 5741 5742 5742 5761 5761 5742 5742 5743 5743 5763 5763 5762 5762 5766 5766 5763 5763 5766 5766 5764 5764 5764 5764 5766 5766 5767 5767 5764 5764 5767 5767 5765 5765 5766 5766 5762 5762 5768 5768 5766 5766 5768 5768 5767 5767 5767 5767 5768 5768 5769 5769 5767 5767 5769 5769 5765 5765 5768 5768 5762 5762 5770 5770 5768 5768 5770 5770 5769 5769 5769 5769 5770 5770 5771 5771 5769 5769 5771 5771 5765 5765 5770 5770 5762 5762 5772 5772 5770 5770 5772 5772 5771 5771 5771 5771 5772 5772 5773 5773 5771 5771 5773 5773 5765 5765 5772 5772 5762 5762 5774 5774 5772 5772 5774 5774 5773 5773 5773 5773 5774 5774 5775 5775 5773 5773 5775 5775 5765 5765 5774 5774 5762 5762 5776 5776 5774 5774 5776 5776 5775 5775 5775 5775 5776 5776 5777 5777 5775 5775 5777 5777 5765 5765 5776 5776 5762 5762 5778 5778 5776 5776 5778 5778 5777 5777 5777 5777 5778 5778 5779 5779 5777 5777 5779 5779 5765 5765 5778 5778 5762 5762 5780 5780 5778 5778 5780 5780 5779 5779 5779 5779 5780 5780 5781 5781 5779 5779 5781 5781 5765 5765 5780 5780 5762 5762 5782 5782 5780 5780 5782 5782 5781 5781 5781 5781 5782 5782 5783 5783 5781 5781 5783 5783 5765 5765 5782 5782 5762 5762 5763 5763 5782 5782 5763 5763 5783 5783 5783 5783 5763 5763 5764 5764 5783 5783 5764 5764 5765 5765 5785 5785 5784 5784 5788 5788 5785 5785 5788 5788 5786 5786 5786 5786 5788 5788 5789 5789 5786 5786 5789 5789 5787 5787 5788 5788 5784 5784 5790 5790 5788 5788 5790 5790 5789 5789 5789 5789 5790 5790 5791 5791 5789 5789 5791 5791 5787 5787 5790 5790 5784 5784 5792 5792 5790 5790 5792 5792 5791 5791 5791 5791 5792 5792 5793 5793 5791 5791 5793 5793 5787 5787 5792 5792 5784 5784 5794 5794 5792 5792 5794 5794 5793 5793 5793 5793 5794 5794 5795 5795 5793 5793 5795 5795 5787 5787 5794 5794 5784 5784 5796 5796 5794 5794 5796 5796 5795 5795 5795 5795 5796 5796 5797 5797 5795 5795 5797 5797 5787 5787 5796 5796 5784 5784 5798 5798 5796 5796 5798 5798 5797 5797 5797 5797 5798 5798 5799 5799 5797 5797 5799 5799 5787 5787 5798 5798 5784 5784 5800 5800 5798 5798 5800 5800 5799 5799 5799 5799 5800 5800 5801 5801 5799 5799 5801 5801 5787 5787 5800 5800 5784 5784 5802 5802 5800 5800 5802 5802 5801 5801 5801 5801 5802 5802 5803 5803 5801 5801 5803 5803 5787 5787 5802 5802 5784 5784 5804 5804 5802 5802 5804 5804 5803 5803 5803 5803 5804 5804 5805 5805 5803 5803 5805 5805 5787 5787 5804 5804 5784 5784 5785 5785 5804 5804 5785 5785 5805 5805 5805 5805 5785 5785 5786 5786 5805 5805 5786 5786 5787 5787 5807 5807 5806 5806 5810 5810 5807 5807 5810 5810 5808 5808 5808 5808 5810 5810 5811 5811 5808 5808 5811 5811 5809 5809 5810 5810 5806 5806 5812 5812 5810 5810 5812 5812 5811 5811 5811 5811 5812 5812 5813 5813 5811 5811 5813 5813 5809 5809 5812 5812 5806 5806 5814 5814 5812 5812 5814 5814 5813 5813 5813 5813 5814 5814 5815 5815 5813 5813 5815 5815 5809 5809 5814 5814 5806 5806 5816 5816 5814 5814 5816 5816 5815 5815 5815 5815 5816 5816 5817 5817 5815 5815 5817 5817 5809 5809 5816 5816 5806 5806 5818 5818 5816 5816 5818 5818 5817 5817 5817 5817 5818 5818 5819 5819 5817 5817 5819 5819 5809 5809 5818 5818 5806 5806 5820 5820 5818 5818 5820 5820 5819 5819 5819 5819 5820 5820 5821 5821 5819 5819 5821 5821 5809 5809 5820 5820 5806 5806 5822 5822 5820 5820 5822 5822 5821 5821 5821 5821 5822 5822 5823 5823 5821 5821 5823 5823 5809 5809 5822 5822 5806 5806 5824 5824 5822 5822 5824 5824 5823 5823 5823 5823 5824 5824 5825 5825 5823 5823 5825 5825 5809 5809 5824 5824 5806 5806 5826 5826 5824 5824 5826 5826 5825 5825 5825 5825 5826 5826 5827 5827 5825 5825 5827 5827 5809 5809 5826 5826 5806 5806 5807 5807 5826 5826 5807 5807 5827 5827 5827 5827 5807 5807 5808 5808 5827 5827 5808 5808 5809 5809 5829 5829 5828 5828 5832 5832 5829 5829 5832 5832 5830 5830 5830 5830 5832 5832 5833 5833 5830 5830 5833 5833 5831 5831 5832 5832 5828 5828 5834 5834 5832 5832 5834 5834 5833 5833 5833 5833 5834 5834 5835 5835 5833 5833 5835 5835 5831 5831 5834 5834 5828 5828 5836 5836 5834 5834 5836 5836 5835 5835 5835 5835 5836 5836 5837 5837 5835 5835 5837 5837 5831 5831 5836 5836 5828 5828 5838 5838 5836 5836 5838 5838 5837 5837 5837 5837 5838 5838 5839 5839 5837 5837 5839 5839 5831 5831 5838 5838 5828 5828 5840 5840 5838 5838 5840 5840 5839 5839 5839 5839 5840 5840 5841 5841 5839 5839 5841 5841 5831 5831 5840 5840 5828 5828 5842 5842 5840 5840 5842 5842 5841 5841 5841 5841 5842 5842 5843 5843 5841 5841 5843 5843 5831 5831 5842 5842 5828 5828 5844 5844 5842 5842 5844 5844 5843 5843 5843 5843 5844 5844 5845 5845 5843 5843 5845 5845 5831 5831 5844 5844 5828 5828 5846 5846 5844 5844 5846 5846 5845 5845 5845 5845 5846 5846 5847 5847 5845 5845 5847 5847 5831 5831 5846 5846 5828 5828 5848 5848 5846 5846 5848 5848 5847 5847 5847 5847 5848 5848 5849 5849 5847 5847 5849 5849 5831 5831 5848 5848 5828 5828 5829 5829 5848 5848 5829 5829 5849 5849 5849 5849 5829 5829 5830 5830 5849 5849 5830 5830 5831 5831 5851 5851 5850 5850 5854 5854 5851 5851 5854 5854 5852 5852 5852 5852 5854 5854 5855 5855 5852 5852 5855 5855 5853 5853 5854 5854 5850 5850 5856 5856 5854 5854 5856 5856 5855 5855 5855 5855 5856 5856 5857 5857 5855 5855 5857 5857 5853 5853 5856 5856 5850 5850 5858 5858 5856 5856 5858 5858 5857 5857 5857 5857 5858 5858 5859 5859 5857 5857 5859 5859 5853 5853 5858 5858 5850 5850 5860 5860 5858 5858 5860 5860 5859 5859 5859 5859 5860 5860 5861 5861 5859 5859 5861 5861 5853 5853 5860 5860 5850 5850 5862 5862 5860 5860 5862 5862 5861 5861 5861 5861 5862 5862 5863 5863 5861 5861 5863 5863 5853 5853 5862 5862 5850 5850 5864 5864 5862 5862 5864 5864 5863 5863 5863 5863 5864 5864 5865 5865 5863 5863 5865 5865 5853 5853 5864 5864 5850 5850 5866 5866 5864 5864 5866 5866 5865 5865 5865 5865 5866 5866 5867 5867 5865 5865 5867 5867 5853 5853 5866 5866 5850 5850 5868 5868 5866 5866 5868 5868 5867 5867 5867 5867 5868 5868 5869 5869 5867 5867 5869 5869 5853 5853 5868 5868 5850 5850 5870 5870 5868 5868 5870 5870 5869 5869 5869 5869 5870 5870 5871 5871 5869 5869 5871 5871 5853 5853 5870 5870 5850 5850 5851 5851 5870 5870 5851 5851 5871 5871 5871 5871 5851 5851 5852 5852 5871 5871 5852 5852 5853 5853 5873 5873 5872 5872 5876 5876 5873 5873 5876 5876 5874 5874 5874 5874 5876 5876 5877 5877 5874 5874 5877 5877 5875 5875 5876 5876 5872 5872 5878 5878 5876 5876 5878 5878 5877 5877 5877 5877 5878 5878 5879 5879 5877 5877 5879 5879 5875 5875 5878 5878 5872 5872 5880 5880 5878 5878 5880 5880 5879 5879 5879 5879 5880 5880 5881 5881 5879 5879 5881 5881 5875 5875 5880 5880 5872 5872 5882 5882 5880 5880 5882 5882 5881 5881 5881 5881 5882 5882 5883 5883 5881 5881 5883 5883 5875 5875 5882 5882 5872 5872 5884 5884 5882 5882 5884 5884 5883 5883 5883 5883 5884 5884 5885 5885 5883 5883 5885 5885 5875 5875 5884 5884 5872 5872 5886 5886 5884 5884 5886 5886 5885 5885 5885 5885 5886 5886 5887 5887 5885 5885 5887 5887 5875 5875 5886 5886 5872 5872 5888 5888 5886 5886 5888 5888 5887 5887 5887 5887 5888 5888 5889 5889 5887 5887 5889 5889 5875 5875 5888 5888 5872 5872 5890 5890 5888 5888 5890 5890 5889 5889 5889 5889 5890 5890 5891 5891 5889 5889 5891 5891 5875 5875 5890 5890 5872 5872 5892 5892 5890 5890 5892 5892 5891 5891 5891 5891 5892 5892 5893 5893 5891 5891 5893 5893 5875 5875 5892 5892 5872 5872 5873 5873 5892 5892 5873 5873 5893 5893 5893 5893 5873 5873 5874 5874 5893 5893 5874 5874 5875 5875 5895 5895 5894 5894 5898 5898 5895 5895 5898 5898 5896 5896 5896 5896 5898 5898 5899 5899 5896 5896 5899 5899 5897 5897 5898 5898 5894 5894 5900 5900 5898 5898 5900 5900 5899 5899 5899 5899 5900 5900 5901 5901 5899 5899 5901 5901 5897 5897 5900 5900 5894 5894 5902 5902 5900 5900 5902 5902 5901 5901 5901 5901 5902 5902 5903 5903 5901 5901 5903 5903 5897 5897 5902 5902 5894 5894 5904 5904 5902 5902 5904 5904 5903 5903 5903 5903 5904 5904 5905 5905 5903 5903 5905 5905 5897 5897 5904 5904 5894 5894 5906 5906 5904 5904 5906 5906 5905 5905 5905 5905 5906 5906 5907 5907 5905 5905 5907 5907 5897 5897 5906 5906 5894 5894 5908 5908 5906 5906 5908 5908 5907 5907 5907 5907 5908 5908 5909 5909 5907 5907 5909 5909 5897 5897 5908 5908 5894 5894 5910 5910 5908 5908 5910 5910 5909 5909 5909 5909 5910 5910 5911 5911 5909 5909 5911 5911 5897 5897 5910 5910 5894 5894 5912 5912 5910 5910 5912 5912 5911 5911 5911 5911 5912 5912 5913 5913 5911 5911 5913 5913 5897 5897 5912 5912 5894 5894 5914 5914 5912 5912 5914 5914 5913 5913 5913 5913 5914 5914 5915 5915 5913 5913 5915 5915 5897 5897 5914 5914 5894 5894 5895 5895 5914 5914 5895 5895 5915 5915 5915 5915 5895 5895 5896 5896 5915 5915 5896 5896 5897 5897 5917 5917 5916 5916 5920 5920 5917 5917 5920 5920 5918 5918 5918 5918 5920 5920 5921 5921 5918 5918 5921 5921 5919 5919 5920 5920 5916 5916 5922 5922 5920 5920 5922 5922 5921 5921 5921 5921 5922 5922 5923 5923 5921 5921 5923 5923 5919 5919 5922 5922 5916 5916 5924 5924 5922 5922 5924 5924 5923 5923 5923 5923 5924 5924 5925 5925 5923 5923 5925 5925 5919 5919 5924 5924 5916 5916 5926 5926 5924 5924 5926 5926 5925 5925 5925 5925 5926 5926 5927 5927 5925 5925 5927 5927 5919 5919 5926 5926 5916 5916 5928 5928 5926 5926 5928 5928 5927 5927 5927 5927 5928 5928 5929 5929 5927 5927 5929 5929 5919 5919 5928 5928 5916 5916 5930 5930 5928 5928 5930 5930 5929 5929 5929 5929 5930 5930 5931 5931 5929 5929 5931 5931 5919 5919 5930 5930 5916 5916 5932 5932 5930 5930 5932 5932 5931 5931 5931 5931 5932 5932 5933 5933 5931 5931 5933 5933 5919 5919 5932 5932 5916 5916 5934 5934 5932 5932 5934 5934 5933 5933 5933 5933 5934 5934 5935 5935 5933 5933 5935 5935 5919 5919 5934 5934 5916 5916 5936 5936 5934 5934 5936 5936 5935 5935 5935 5935 5936 5936 5937 5937 5935 5935 5937 5937 5919 5919 5936 5936 5916 5916 5917 5917 5936 5936 5917 5917 5937 5937 5937 5937 5917 5917 5918 5918 5937 5937 5918 5918 5919 5919 5939 5939 5938 5938 5942 5942 5939 5939 5942 5942 5940 5940 5940 5940 5942 5942 5943 5943 5940 5940 5943 5943 5941 5941 5942 5942 5938 5938 5944 5944 5942 5942 5944 5944 5943 5943 5943 5943 5944 5944 5945 5945 5943 5943 5945 5945 5941 5941 5944 5944 5938 5938 5946 5946 5944 5944 5946 5946 5945 5945 5945 5945 5946 5946 5947 5947 5945 5945 5947 5947 5941 5941 5946 5946 5938 5938 5948 5948 5946 5946 5948 5948 5947 5947 5947 5947 5948 5948 5949 5949 5947 5947 5949 5949 5941 5941 5948 5948 5938 5938 5950 5950 5948 5948 5950 5950 5949 5949 5949 5949 5950 5950 5951 5951 5949 5949 5951 5951 5941 5941 5950 5950 5938 5938 5952 5952 5950 5950 5952 5952 5951 5951 5951 5951 5952 5952 5953 5953 5951 5951 5953 5953 5941 5941 5952 5952 5938 5938 5954 5954 5952 5952 5954 5954 5953 5953 5953 5953 5954 5954 5955 5955 5953 5953 5955 5955 5941 5941 5954 5954 5938 5938 5956 5956 5954 5954 5956 5956 5955 5955 5955 5955 5956 5956 5957 5957 5955 5955 5957 5957 5941 5941 5956 5956 5938 5938 5958 5958 5956 5956 5958 5958 5957 5957 5957 5957 5958 5958 5959 5959 5957 5957 5959 5959 5941 5941 5958 5958 5938 5938 5939 5939 5958 5958 5939 5939 5959 5959 5959 5959 5939 5939 5940 5940 5959 5959 5940 5940 5941 5941 5961 5961 5960 5960 5964 5964 5961 5961 5964 5964 5962 5962 5962 5962 5964 5964 5965 5965 5962 5962 5965 5965 5963 5963 5964 5964 5960 5960 5966 5966 5964 5964 5966 5966 5965 5965 5965 5965 5966 5966 5967 5967 5965 5965 5967 5967 5963 5963 5966 5966 5960 5960 5968 5968 5966 5966 5968 5968 5967 5967 5967 5967 5968 5968 5969 5969 5967 5967 5969 5969 5963 5963 5968 5968 5960 5960 5970 5970 5968 5968 5970 5970 5969 5969 5969 5969 5970 5970 5971 5971 5969 5969 5971 5971 5963 5963 5970 5970 5960 5960 5972 5972 5970 5970 5972 5972 5971 5971 5971 5971 5972 5972 5973 5973 5971 5971 5973 5973 5963 5963 5972 5972 5960 5960 5974 5974 5972 5972 5974 5974 5973 5973 5973 5973 5974 5974 5975 5975 5973 5973 5975 5975 5963 5963 5974 5974 5960 5960 5976 5976 5974 5974 5976 5976 5975 5975 5975 5975 5976 5976 5977 5977 5975 5975 5977 5977 5963 5963 5976 5976 5960 5960 5978 5978 5976 5976 5978 5978 5977 5977 5977 5977 5978 5978 5979 5979 5977 5977 5979 5979 5963 5963 5978 5978 5960 5960 5980 5980 5978 5978 5980 5980 5979 5979 5979 5979 5980 5980 5981 5981 5979 5979 5981 5981 5963 5963 5980 5980 5960 5960 5961 5961 5980 5980 5961 5961 5981 5981 5981 5981 5961 5961 5962 5962 5981 5981 5962 5962 5963 5963 5983 5983 5982 5982 5986 5986 5983 5983 5986 5986 5984 5984 5984 5984 5986 5986 5987 5987 5984 5984 5987 5987 5985 5985 5986 5986 5982 5982 5988 5988 5986 5986 5988 5988 5987 5987 5987 5987 5988 5988 5989 5989 5987 5987 5989 5989 5985 5985 5988 5988 5982 5982 5990 5990 5988 5988 5990 5990 5989 5989 5989 5989 5990 5990 5991 5991 5989 5989 5991 5991 5985 5985 5990 5990 5982 5982 5992 5992 5990 5990 5992 5992 5991 5991 5991 5991 5992 5992 5993 5993 5991 5991 5993 5993 5985 5985 5992 5992 5982 5982 5994 5994 5992 5992 5994 5994 5993 5993 5993 5993 5994 5994 5995 5995 5993 5993 5995 5995 5985 5985 5994 5994 5982 5982 5996 5996 5994 5994 5996 5996 5995 5995 5995 5995 5996 5996 5997 5997 5995 5995 5997 5997 5985 5985 5996 5996 5982 5982 5998 5998 5996 5996 5998 5998 5997 5997 5997 5997 5998 5998 5999 5999 5997 5997 5999 5999 5985 5985 5998 5998 5982 5982 6000 6000 5998 5998 6000 6000 5999 5999 5999 5999 6000 6000 6001 6001 5999 5999 6001 6001 5985 5985 6000 6000 5982 5982 6002 6002 6000 6000 6002 6002 6001 6001 6001 6001 6002 6002 6003 6003 6001 6001 6003 6003 5985 5985 6002 6002 5982 5982 5983 5983 6002 6002 5983 5983 6003 6003 6003 6003 5983 5983 5984 5984 6003 6003 5984 5984 5985 5985 6005 6005 6004 6004 6008 6008 6005 6005 6008 6008 6006 6006 6006 6006 6008 6008 6009 6009 6006 6006 6009 6009 6007 6007 6008 6008 6004 6004 6010 6010 6008 6008 6010 6010 6009 6009 6009 6009 6010 6010 6011 6011 6009 6009 6011 6011 6007 6007 6010 6010 6004 6004 6012 6012 6010 6010 6012 6012 6011 6011 6011 6011 6012 6012 6013 6013 6011 6011 6013 6013 6007 6007 6012 6012 6004 6004 6014 6014 6012 6012 6014 6014 6013 6013 6013 6013 6014 6014 6015 6015 6013 6013 6015 6015 6007 6007 6014 6014 6004 6004 6016 6016 6014 6014 6016 6016 6015 6015 6015 6015 6016 6016 6017 6017 6015 6015 6017 6017 6007 6007 6016 6016 6004 6004 6018 6018 6016 6016 6018 6018 6017 6017 6017 6017 6018 6018 6019 6019 6017 6017 6019 6019 6007 6007 6018 6018 6004 6004 6020 6020 6018 6018 6020 6020 6019 6019 6019 6019 6020 6020 6021 6021 6019 6019 6021 6021 6007 6007 6020 6020 6004 6004 6022 6022 6020 6020 6022 6022 6021 6021 6021 6021 6022 6022 6023 6023 6021 6021 6023 6023 6007 6007 6022 6022 6004 6004 6024 6024 6022 6022 6024 6024 6023 6023 6023 6023 6024 6024 6025 6025 6023 6023 6025 6025 6007 6007 6024 6024 6004 6004 6005 6005 6024 6024 6005 6005 6025 6025 6025 6025 6005 6005 6006 6006 6025 6025 6006 6006 6007 6007 6027 6027 6026 6026 6030 6030 6027 6027 6030 6030 6028 6028 6028 6028 6030 6030 6031 6031 6028 6028 6031 6031 6029 6029 6030 6030 6026 6026 6032 6032 6030 6030 6032 6032 6031 6031 6031 6031 6032 6032 6033 6033 6031 6031 6033 6033 6029 6029 6032 6032 6026 6026 6034 6034 6032 6032 6034 6034 6033 6033 6033 6033 6034 6034 6035 6035 6033 6033 6035 6035 6029 6029 6034 6034 6026 6026 6036 6036 6034 6034 6036 6036 6035 6035 6035 6035 6036 6036 6037 6037 6035 6035 6037 6037 6029 6029 6036 6036 6026 6026 6038 6038 6036 6036 6038 6038 6037 6037 6037 6037 6038 6038 6039 6039 6037 6037 6039 6039 6029 6029 6038 6038 6026 6026 6040 6040 6038 6038 6040 6040 6039 6039 6039 6039 6040 6040 6041 6041 6039 6039 6041 6041 6029 6029 6040 6040 6026 6026 6042 6042 6040 6040 6042 6042 6041 6041 6041 6041 6042 6042 6043 6043 6041 6041 6043 6043 6029 6029 6042 6042 6026 6026 6044 6044 6042 6042 6044 6044 6043 6043 6043 6043 6044 6044 6045 6045 6043 6043 6045 6045 6029 6029 6044 6044 6026 6026 6046 6046 6044 6044 6046 6046 6045 6045 6045 6045 6046 6046 6047 6047 6045 6045 6047 6047 6029 6029 6046 6046 6026 6026 6027 6027 6046 6046 6027 6027 6047 6047 6047 6047 6027 6027 6028 6028 6047 6047 6028 6028 6029 6029 6049 6049 6048 6048 6052 6052 6049 6049 6052 6052 6050 6050 6050 6050 6052 6052 6053 6053 6050 6050 6053 6053 6051 6051 6052 6052 6048 6048 6054 6054 6052 6052 6054 6054 6053 6053 6053 6053 6054 6054 6055 6055 6053 6053 6055 6055 6051 6051 6054 6054 6048 6048 6056 6056 6054 6054 6056 6056 6055 6055 6055 6055 6056 6056 6057 6057 6055 6055 6057 6057 6051 6051 6056 6056 6048 6048 6058 6058 6056 6056 6058 6058 6057 6057 6057 6057 6058 6058 6059 6059 6057 6057 6059 6059 6051 6051 6058 6058 6048 6048 6060 6060 6058 6058 6060 6060 6059 6059 6059 6059 6060 6060 6061 6061 6059 6059 6061 6061 6051 6051 6060 6060 6048 6048 6062 6062 6060 6060 6062 6062 6061 6061 6061 6061 6062 6062 6063 6063 6061 6061 6063 6063 6051 6051 6062 6062 6048 6048 6064 6064 6062 6062 6064 6064 6063 6063 6063 6063 6064 6064 6065 6065 6063 6063 6065 6065 6051 6051 6064 6064 6048 6048 6066 6066 6064 6064 6066 6066 6065 6065 6065 6065 6066 6066 6067 6067 6065 6065 6067 6067 6051 6051 6066 6066 6048 6048 6068 6068 6066 6066 6068 6068 6067 6067 6067 6067 6068 6068 6069 6069 6067 6067 6069 6069 6051 6051 6068 6068 6048 6048 6049 6049 6068 6068 6049 6049 6069 6069 6069 6069 6049 6049 6050 6050 6069 6069 6050 6050 6051 6051 6071 6071 6070 6070 6074 6074 6071 6071 6074 6074 6072 6072 6072 6072 6074 6074 6075 6075 6072 6072 6075 6075 6073 6073 6074 6074 6070 6070 6076 6076 6074 6074 6076 6076 6075 6075 6075 6075 6076 6076 6077 6077 6075 6075 6077 6077 6073 6073 6076 6076 6070 6070 6078 6078 6076 6076 6078 6078 6077 6077 6077 6077 6078 6078 6079 6079 6077 6077 6079 6079 6073 6073 6078 6078 6070 6070 6080 6080 6078 6078 6080 6080 6079 6079 6079 6079 6080 6080 6081 6081 6079 6079 6081 6081 6073 6073 6080 6080 6070 6070 6082 6082 6080 6080 6082 6082 6081 6081 6081 6081 6082 6082 6083 6083 6081 6081 6083 6083 6073 6073 6082 6082 6070 6070 6084 6084 6082 6082 6084 6084 6083 6083 6083 6083 6084 6084 6085 6085 6083 6083 6085 6085 6073 6073 6084 6084 6070 6070 6086 6086 6084 6084 6086 6086 6085 6085 6085 6085 6086 6086 6087 6087 6085 6085 6087 6087 6073 6073 6086 6086 6070 6070 6088 6088 6086 6086 6088 6088 6087 6087 6087 6087 6088 6088 6089 6089 6087 6087 6089 6089 6073 6073 6088 6088 6070 6070 6090 6090 6088 6088 6090 6090 6089 6089 6089 6089 6090 6090 6091 6091 6089 6089 6091 6091 6073 6073 6090 6090 6070 6070 6071 6071 6090 6090 6071 6071 6091 6091 6091 6091 6071 6071 6072 6072 6091 6091 6072 6072 6073 6073 6093 6093 6092 6092 6096 6096 6093 6093 6096 6096 6094 6094 6094 6094 6096 6096 6097 6097 6094 6094 6097 6097 6095 6095 6096 6096 6092 6092 6098 6098 6096 6096 6098 6098 6097 6097 6097 6097 6098 6098 6099 6099 6097 6097 6099 6099 6095 6095 6098 6098 6092 6092 6100 6100 6098 6098 6100 6100 6099 6099 6099 6099 6100 6100 6101 6101 6099 6099 6101 6101 6095 6095 6100 6100 6092 6092 6102 6102 6100 6100 6102 6102 6101 6101 6101 6101 6102 6102 6103 6103 6101 6101 6103 6103 6095 6095 6102 6102 6092 6092 6104 6104 6102 6102 6104 6104 6103 6103 6103 6103 6104 6104 6105 6105 6103 6103 6105 6105 6095 6095 6104 6104 6092 6092 6106 6106 6104 6104 6106 6106 6105 6105 6105 6105 6106 6106 6107 6107 6105 6105 6107 6107 6095 6095 6106 6106 6092 6092 6108 6108 6106 6106 6108 6108 6107 6107 6107 6107 6108 6108 6109 6109 6107 6107 6109 6109 6095 6095 6108 6108 6092 6092 6110 6110 6108 6108 6110 6110 6109 6109 6109 6109 6110 6110 6111 6111 6109 6109 6111 6111 6095 6095 6110 6110 6092 6092 6112 6112 6110 6110 6112 6112 6111 6111 6111 6111 6112 6112 6113 6113 6111 6111 6113 6113 6095 6095 6112 6112 6092 6092 6093 6093 6112 6112 6093 6093 6113 6113 6113 6113 6093 6093 6094 6094 6113 6113 6094 6094 6095 6095 6115 6115 6114 6114 6118 6118 6115 6115 6118 6118 6116 6116 6116 6116 6118 6118 6119 6119 6116 6116 6119 6119 6117 6117 6118 6118 6114 6114 6120 6120 6118 6118 6120 6120 6119 6119 6119 6119 6120 6120 6121 6121 6119 6119 6121 6121 6117 6117 6120 6120 6114 6114 6122 6122 6120 6120 6122 6122 6121 6121 6121 6121 6122 6122 6123 6123 6121 6121 6123 6123 6117 6117 6122 6122 6114 6114 6124 6124 6122 6122 6124 6124 6123 6123 6123 6123 6124 6124 6125 6125 6123 6123 6125 6125 6117 6117 6124 6124 6114 6114 6126 6126 6124 6124 6126 6126 6125 6125 6125 6125 6126 6126 6127 6127 6125 6125 6127 6127 6117 6117 6126 6126 6114 6114 6128 6128 6126 6126 6128 6128 6127 6127 6127 6127 6128 6128 6129 6129 6127 6127 6129 6129 6117 6117 6128 6128 6114 6114 6130 6130 6128 6128 6130 6130 6129 6129 6129 6129 6130 6130 6131 6131 6129 6129 6131 6131 6117 6117 6130 6130 6114 6114 6132 6132 6130 6130 6132 6132 6131 6131 6131 6131 6132 6132 6133 6133 6131 6131 6133 6133 6117 6117 6132 6132 6114 6114 6134 6134 6132 6132 6134 6134 6133 6133 6133 6133 6134 6134 6135 6135 6133 6133 6135 6135 6117 6117 6134 6134 6114 6114 6115 6115 6134 6134 6115 6115 6135 6135 6135 6135 6115 6115 6116 6116 6135 6135 6116 6116 6117 6117 6137 6137 6136 6136 6140 6140 6137 6137 6140 6140 6138 6138 6138 6138 6140 6140 6141 6141 6138 6138 6141 6141 6139 6139 6140 6140 6136 6136 6142 6142 6140 6140 6142 6142 6141 6141 6141 6141 6142 6142 6143 6143 6141 6141 6143 6143 6139 6139 6142 6142 6136 6136 6144 6144 6142 6142 6144 6144 6143 6143 6143 6143 6144 6144 6145 6145 6143 6143 6145 6145 6139 6139 6144 6144 6136 6136 6146 6146 6144 6144 6146 6146 6145 6145 6145 6145 6146 6146 6147 6147 6145 6145 6147 6147 6139 6139 6146 6146 6136 6136 6148 6148 6146 6146 6148 6148 6147 6147 6147 6147 6148 6148 6149 6149 6147 6147 6149 6149 6139 6139 6148 6148 6136 6136 6150 6150 6148 6148 6150 6150 6149 6149 6149 6149 6150 6150 6151 6151 6149 6149 6151 6151 6139 6139 6150 6150 6136 6136 6152 6152 6150 6150 6152 6152 6151 6151 6151 6151 6152 6152 6153 6153 6151 6151 6153 6153 6139 6139 6152 6152 6136 6136 6154 6154 6152 6152 6154 6154 6153 6153 6153 6153 6154 6154 6155 6155 6153 6153 6155 6155 6139 6139 6154 6154 6136 6136 6156 6156 6154 6154 6156 6156 6155 6155 6155 6155 6156 6156 6157 6157 6155 6155 6157 6157 6139 6139 6156 6156 6136 6136 6137 6137 6156 6156 6137 6137 6157 6157 6157 6157 6137 6137 6138 6138 6157 6157 6138 6138 6139 6139 6159 6159 6158 6158 6162 6162 6159 6159 6162 6162 6160 6160 6160 6160 6162 6162 6163 6163 6160 6160 6163 6163 6161 6161 6162 6162 6158 6158 6164 6164 6162 6162 6164 6164 6163 6163 6163 6163 6164 6164 6165 6165 6163 6163 6165 6165 6161 6161 6164 6164 6158 6158 6166 6166 6164 6164 6166 6166 6165 6165 6165 6165 6166 6166 6167 6167 6165 6165 6167 6167 6161 6161 6166 6166 6158 6158 6168 6168 6166 6166 6168 6168 6167 6167 6167 6167 6168 6168 6169 6169 6167 6167 6169 6169 6161 6161 6168 6168 6158 6158 6170 6170 6168 6168 6170 6170 6169 6169 6169 6169 6170 6170 6171 6171 6169 6169 6171 6171 6161 6161 6170 6170 6158 6158 6172 6172 6170 6170 6172 6172 6171 6171 6171 6171 6172 6172 6173 6173 6171 6171 6173 6173 6161 6161 6172 6172 6158 6158 6174 6174 6172 6172 6174 6174 6173 6173 6173 6173 6174 6174 6175 6175 6173 6173 6175 6175 6161 6161 6174 6174 6158 6158 6176 6176 6174 6174 6176 6176 6175 6175 6175 6175 6176 6176 6177 6177 6175 6175 6177 6177 6161 6161 6176 6176 6158 6158 6178 6178 6176 6176 6178 6178 6177 6177 6177 6177 6178 6178 6179 6179 6177 6177 6179 6179 6161 6161 6178 6178 6158 6158 6159 6159 6178 6178 6159 6159 6179 6179 6179 6179 6159 6159 6160 6160 6179 6179 6160 6160 6161 6161 6181 6181 6180 6180 6184 6184 6181 6181 6184 6184 6182 6182 6182 6182 6184 6184 6185 6185 6182 6182 6185 6185 6183 6183 6184 6184 6180 6180 6186 6186 6184 6184 6186 6186 6185 6185 6185 6185 6186 6186 6187 6187 6185 6185 6187 6187 6183 6183 6186 6186 6180 6180 6188 6188 6186 6186 6188 6188 6187 6187 6187 6187 6188 6188 6189 6189 6187 6187 6189 6189 6183 6183 6188 6188 6180 6180 6190 6190 6188 6188 6190 6190 6189 6189 6189 6189 6190 6190 6191 6191 6189 6189 6191 6191 6183 6183 6190 6190 6180 6180 6192 6192 6190 6190 6192 6192 6191 6191 6191 6191 6192 6192 6193 6193 6191 6191 6193 6193 6183 6183 6192 6192 6180 6180 6194 6194 6192 6192 6194 6194 6193 6193 6193 6193 6194 6194 6195 6195 6193 6193 6195 6195 6183 6183 6194 6194 6180 6180 6196 6196 6194 6194 6196 6196 6195 6195 6195 6195 6196 6196 6197 6197 6195 6195 6197 6197 6183 6183 6196 6196 6180 6180 6198 6198 6196 6196 6198 6198 6197 6197 6197 6197 6198 6198 6199 6199 6197 6197 6199 6199 6183 6183 6198 6198 6180 6180 6200 6200 6198 6198 6200 6200 6199 6199 6199 6199 6200 6200 6201 6201 6199 6199 6201 6201 6183 6183 6200 6200 6180 6180 6181 6181 6200 6200 6181 6181 6201 6201 6201 6201 6181 6181 6182 6182 6201 6201 6182 6182 6183 6183 6203 6203 6202 6202 6206 6206 6203 6203 6206 6206 6204 6204 6204 6204 6206 6206 6207 6207 6204 6204 6207 6207 6205 6205 6206 6206 6202 6202 6208 6208 6206 6206 6208 6208 6207 6207 6207 6207 6208 6208 6209 6209 6207 6207 6209 6209 6205 6205 6208 6208 6202 6202 6210 6210 6208 6208 6210 6210 6209 6209 6209 6209 6210 6210 6211 6211 6209 6209 6211 6211 6205 6205 6210 6210 6202 6202 6212 6212 6210 6210 6212 6212 6211 6211 6211 6211 6212 6212 6213 6213 6211 6211 6213 6213 6205 6205 6212 6212 6202 6202 6214 6214 6212 6212 6214 6214 6213 6213 6213 6213 6214 6214 6215 6215 6213 6213 6215 6215 6205 6205 6214 6214 6202 6202 6216 6216 6214 6214 6216 6216 6215 6215 6215 6215 6216 6216 6217 6217 6215 6215 6217 6217 6205 6205 6216 6216 6202 6202 6218 6218 6216 6216 6218 6218 6217 6217 6217 6217 6218 6218 6219 6219 6217 6217 6219 6219 6205 6205 6218 6218 6202 6202 6220 6220 6218 6218 6220 6220 6219 6219 6219 6219 6220 6220 6221 6221 6219 6219 6221 6221 6205 6205 6220 6220 6202 6202 6222 6222 6220 6220 6222 6222 6221 6221 6221 6221 6222 6222 6223 6223 6221 6221 6223 6223 6205 6205 6222 6222 6202 6202 6203 6203 6222 6222 6203 6203 6223 6223 6223 6223 6203 6203 6204 6204 6223 6223 6204 6204 6205 6205 6225 6225 6224 6224 6228 6228 6225 6225 6228 6228 6226 6226 6226 6226 6228 6228 6229 6229 6226 6226 6229 6229 6227 6227 6228 6228 6224 6224 6230 6230 6228 6228 6230 6230 6229 6229 6229 6229 6230 6230 6231 6231 6229 6229 6231 6231 6227 6227 6230 6230 6224 6224 6232 6232 6230 6230 6232 6232 6231 6231 6231 6231 6232 6232 6233 6233 6231 6231 6233 6233 6227 6227 6232 6232 6224 6224 6234 6234 6232 6232 6234 6234 6233 6233 6233 6233 6234 6234 6235 6235 6233 6233 6235 6235 6227 6227 6234 6234 6224 6224 6236 6236 6234 6234 6236 6236 6235 6235 6235 6235 6236 6236 6237 6237 6235 6235 6237 6237 6227 6227 6236 6236 6224 6224 6238 6238 6236 6236 6238 6238 6237 6237 6237 6237 6238 6238 6239 6239 6237 6237 6239 6239 6227 6227 6238 6238 6224 6224 6240 6240 6238 6238 6240 6240 6239 6239 6239 6239 6240 6240 6241 6241 6239 6239 6241 6241 6227 6227 6240 6240 6224 6224 6242 6242 6240 6240 6242 6242 6241 6241 6241 6241 6242 6242 6243 6243 6241 6241 6243 6243 6227 6227 6242 6242 6224 6224 6244 6244 6242 6242 6244 6244 6243 6243 6243 6243 6244 6244 6245 6245 6243 6243 6245 6245 6227 6227 6244 6244 6224 6224 6225 6225 6244 6244 6225 6225 6245 6245 6245 6245 6225 6225 6226 6226 6245 6245 6226 6226 6227 6227 6247 6247 6246 6246 6250 6250 6247 6247 6250 6250 6248 6248 6248 6248 6250 6250 6251 6251 6248 6248 6251 6251 6249 6249 6250 6250 6246 6246 6252 6252 6250 6250 6252 6252 6251 6251 6251 6251 6252 6252 6253 6253 6251 6251 6253 6253 6249 6249 6252 6252 6246 6246 6254 6254 6252 6252 6254 6254 6253 6253 6253 6253 6254 6254 6255 6255 6253 6253 6255 6255 6249 6249 6254 6254 6246 6246 6256 6256 6254 6254 6256 6256 6255 6255 6255 6255 6256 6256 6257 6257 6255 6255 6257 6257 6249 6249 6256 6256 6246 6246 6258 6258 6256 6256 6258 6258 6257 6257 6257 6257 6258 6258 6259 6259 6257 6257 6259 6259 6249 6249 6258 6258 6246 6246 6260 6260 6258 6258 6260 6260 6259 6259 6259 6259 6260 6260 6261 6261 6259 6259 6261 6261 6249 6249 6260 6260 6246 6246 6262 6262 6260 6260 6262 6262 6261 6261 6261 6261 6262 6262 6263 6263 6261 6261 6263 6263 6249 6249 6262 6262 6246 6246 6264 6264 6262 6262 6264 6264 6263 6263 6263 6263 6264 6264 6265 6265 6263 6263 6265 6265 6249 6249 6264 6264 6246 6246 6266 6266 6264 6264 6266 6266 6265 6265 6265 6265 6266 6266 6267 6267 6265 6265 6267 6267 6249 6249 6266 6266 6246 6246 6247 6247 6266 6266 6247 6247 6267 6267 6267 6267 6247 6247 6248 6248 6267 6267 6248 6248 6249 6249 6269 6269 6268 6268 6272 6272 6269 6269 6272 6272 6270 6270 6270 6270 6272 6272 6273 6273 6270 6270 6273 6273 6271 6271 6272 6272 6268 6268 6274 6274 6272 6272 6274 6274 6273 6273 6273 6273 6274 6274 6275 6275 6273 6273 6275 6275 6271 6271 6274 6274 6268 6268 6276 6276 6274 6274 6276 6276 6275 6275 6275 6275 6276 6276 6277 6277 6275 6275 6277 6277 6271 6271 6276 6276 6268 6268 6278 6278 6276 6276 6278 6278 6277 6277 6277 6277 6278 6278 6279 6279 6277 6277 6279 6279 6271 6271 6278 6278 6268 6268 6280 6280 6278 6278 6280 6280 6279 6279 6279 6279 6280 6280 6281 6281 6279 6279 6281 6281 6271 6271 6280 6280 6268 6268 6282 6282 6280 6280 6282 6282 6281 6281 6281 6281 6282 6282 6283 6283 6281 6281 6283 6283 6271 6271 6282 6282 6268 6268 6284 6284 6282 6282 6284 6284 6283 6283 6283 6283 6284 6284 6285 6285 6283 6283 6285 6285 6271 6271 6284 6284 6268 6268 6286 6286 6284 6284 6286 6286 6285 6285 6285 6285 6286 6286 6287 6287 6285 6285 6287 6287 6271 6271 6286 6286 6268 6268 6288 6288 6286 6286 6288 6288 6287 6287 6287 6287 6288 6288 6289 6289 6287 6287 6289 6289 6271 6271 6288 6288 6268 6268 6269 6269 6288 6288 6269 6269 6289 6289 6289 6289 6269 6269 6270 6270 6289 6289 6270 6270 6271 6271 6291 6291 6290 6290 6294 6294 6291 6291 6294 6294 6292 6292 6292 6292 6294 6294 6295 6295 6292 6292 6295 6295 6293 6293 6294 6294 6290 6290 6296 6296 6294 6294 6296 6296 6295 6295 6295 6295 6296 6296 6297 6297 6295 6295 6297 6297 6293 6293 6296 6296 6290 6290 6298 6298 6296 6296 6298 6298 6297 6297 6297 6297 6298 6298 6299 6299 6297 6297 6299 6299 6293 6293 6298 6298 6290 6290 6300 6300 6298 6298 6300 6300 6299 6299 6299 6299 6300 6300 6301 6301 6299 6299 6301 6301 6293 6293 6300 6300 6290 6290 6302 6302 6300 6300 6302 6302 6301 6301 6301 6301 6302 6302 6303 6303 6301 6301 6303 6303 6293 6293 6302 6302 6290 6290 6304 6304 6302 6302 6304 6304 6303 6303 6303 6303 6304 6304 6305 6305 6303 6303 6305 6305 6293 6293 6304 6304 6290 6290 6306 6306 6304 6304 6306 6306 6305 6305 6305 6305 6306 6306 6307 6307 6305 6305 6307 6307 6293 6293 6306 6306 6290 6290 6308 6308 6306 6306 6308 6308 6307 6307 6307 6307 6308 6308 6309 6309 6307 6307 6309 6309 6293 6293 6308 6308 6290 6290 6310 6310 6308 6308 6310 6310 6309 6309 6309 6309 6310 6310 6311 6311 6309 6309 6311 6311 6293 6293 6310 6310 6290 6290 6291 6291 6310 6310 6291 6291 6311 6311 6311 6311 6291 6291 6292 6292 6311 6311 6292 6292 6293 6293 6313 6313 6312 6312 6316 6316 6313 6313 6316 6316 6314 6314 6314 6314 6316 6316 6317 6317 6314 6314 6317 6317 6315 6315 6316 6316 6312 6312 6318 6318 6316 6316 6318 6318 6317 6317 6317 6317 6318 6318 6319 6319 6317 6317 6319 6319 6315 6315 6318 6318 6312 6312 6320 6320 6318 6318 6320 6320 6319 6319 6319 6319 6320 6320 6321 6321 6319 6319 6321 6321 6315 6315 6320 6320 6312 6312 6322 6322 6320 6320 6322 6322 6321 6321 6321 6321 6322 6322 6323 6323 6321 6321 6323 6323 6315 6315 6322 6322 6312 6312 6324 6324 6322 6322 6324 6324 6323 6323 6323 6323 6324 6324 6325 6325 6323 6323 6325 6325 6315 6315 6324 6324 6312 6312 6326 6326 6324 6324 6326 6326 6325 6325 6325 6325 6326 6326 6327 6327 6325 6325 6327 6327 6315 6315 6326 6326 6312 6312 6328 6328 6326 6326 6328 6328 6327 6327 6327 6327 6328 6328 6329 6329 6327 6327 6329 6329 6315 6315 6328 6328 6312 6312 6330 6330 6328 6328 6330 6330 6329 6329 6329 6329 6330 6330 6331 6331 6329 6329 6331 6331 6315 6315 6330 6330 6312 6312 6332 6332 6330 6330 6332 6332 6331 6331 6331 6331 6332 6332 6333 6333 6331 6331 6333 6333 6315 6315 6332 6332 6312 6312 6313 6313 6332 6332 6313 6313 6333 6333 6333 6333 6313 6313 6314 6314 6333 6333 6314 6314 6315 6315 6335 6335 6334 6334 6338 6338 6335 6335 6338 6338 6336 6336 6336 6336 6338 6338 6339 6339 6336 6336 6339 6339 6337 6337 6338 6338 6334 6334 6340 6340 6338 6338 6340 6340 6339 6339 6339 6339 6340 6340 6341 6341 6339 6339 6341 6341 6337 6337 6340 6340 6334 6334 6342 6342 6340 6340 6342 6342 6341 6341 6341 6341 6342 6342 6343 6343 6341 6341 6343 6343 6337 6337 6342 6342 6334 6334 6344 6344 6342 6342 6344 6344 6343 6343 6343 6343 6344 6344 6345 6345 6343 6343 6345 6345 6337 6337 6344 6344 6334 6334 6346 6346 6344 6344 6346 6346 6345 6345 6345 6345 6346 6346 6347 6347 6345 6345 6347 6347 6337 6337 6346 6346 6334 6334 6348 6348 6346 6346 6348 6348 6347 6347 6347 6347 6348 6348 6349 6349 6347 6347 6349 6349 6337 6337 6348 6348 6334 6334 6350 6350 6348 6348 6350 6350 6349 6349 6349 6349 6350 6350 6351 6351 6349 6349 6351 6351 6337 6337 6350 6350 6334 6334 6352 6352 6350 6350 6352 6352 6351 6351 6351 6351 6352 6352 6353 6353 6351 6351 6353 6353 6337 6337 6352 6352 6334 6334 6354 6354 6352 6352 6354 6354 6353 6353 6353 6353 6354 6354 6355 6355 6353 6353 6355 6355 6337 6337 6354 6354 6334 6334 6335 6335 6354 6354 6335 6335 6355 6355 6355 6355 6335 6335 6336 6336 6355 6355 6336 6336 6337 6337 6357 6357 6356 6356 6360 6360 6357 6357 6360 6360 6358 6358 6358 6358 6360 6360 6361 6361 6358 6358 6361 6361 6359 6359 6360 6360 6356 6356 6362 6362 6360 6360 6362 6362 6361 6361 6361 6361 6362 6362 6363 6363 6361 6361 6363 6363 6359 6359 6362 6362 6356 6356 6364 6364 6362 6362 6364 6364 6363 6363 6363 6363 6364 6364 6365 6365 6363 6363 6365 6365 6359 6359 6364 6364 6356 6356 6366 6366 6364 6364 6366 6366 6365 6365 6365 6365 6366 6366 6367 6367 6365 6365 6367 6367 6359 6359 6366 6366 6356 6356 6368 6368 6366 6366 6368 6368 6367 6367 6367 6367 6368 6368 6369 6369 6367 6367 6369 6369 6359 6359 6368 6368 6356 6356 6370 6370 6368 6368 6370 6370 6369 6369 6369 6369 6370 6370 6371 6371 6369 6369 6371 6371 6359 6359 6370 6370 6356 6356 6372 6372 6370 6370 6372 6372 6371 6371 6371 6371 6372 6372 6373 6373 6371 6371 6373 6373 6359 6359 6372 6372 6356 6356 6374 6374 6372 6372 6374 6374 6373 6373 6373 6373 6374 6374 6375 6375 6373 6373 6375 6375 6359 6359 6374 6374 6356 6356 6376 6376 6374 6374 6376 6376 6375 6375 6375 6375 6376 6376 6377 6377 6375 6375 6377 6377 6359 6359 6376 6376 6356 6356 6357 6357 6376 6376 6357 6357 6377 6377 6377 6377 6357 6357 6358 6358 6377 6377 6358 6358 6359 6359 6379 6379 6378 6378 6382 6382 6379 6379 6382 6382 6380 6380 6380 6380 6382 6382 6383 6383 6380 6380 6383 6383 6381 6381 6382 6382 6378 6378 6384 6384 6382 6382 6384 6384 6383 6383 6383 6383 6384 6384 6385 6385 6383 6383 6385 6385 6381 6381 6384 6384 6378 6378 6386 6386 6384 6384 6386 6386 6385 6385 6385 6385 6386 6386 6387 6387 6385 6385 6387 6387 6381 6381 6386 6386 6378 6378 6388 6388 6386 6386 6388 6388 6387 6387 6387 6387 6388 6388 6389 6389 6387 6387 6389 6389 6381 6381 6388 6388 6378 6378 6390 6390 6388 6388 6390 6390 6389 6389 6389 6389 6390 6390 6391 6391 6389 6389 6391 6391 6381 6381 6390 6390 6378 6378 6392 6392 6390 6390 6392 6392 6391 6391 6391 6391 6392 6392 6393 6393 6391 6391 6393 6393 6381 6381 6392 6392 6378 6378 6394 6394 6392 6392 6394 6394 6393 6393 6393 6393 6394 6394 6395 6395 6393 6393 6395 6395 6381 6381 6394 6394 6378 6378 6396 6396 6394 6394 6396 6396 6395 6395 6395 6395 6396 6396 6397 6397 6395 6395 6397 6397 6381 6381 6396 6396 6378 6378 6398 6398 6396 6396 6398 6398 6397 6397 6397 6397 6398 6398 6399 6399 6397 6397 6399 6399 6381 6381 6398 6398 6378 6378 6379 6379 6398 6398 6379 6379 6399 6399 6399 6399 6379 6379 6380 6380 6399 6399 6380 6380 6381 6381 6401 6401 6400 6400 6404 6404 6401 6401 6404 6404 6402 6402 6402 6402 6404 6404 6405 6405 6402 6402 6405 6405 6403 6403 6404 6404 6400 6400 6406 6406 6404 6404 6406 6406 6405 6405 6405 6405 6406 6406 6407 6407 6405 6405 6407 6407 6403 6403 6406 6406 6400 6400 6408 6408 6406 6406 6408 6408 6407 6407 6407 6407 6408 6408 6409 6409 6407 6407 6409 6409 6403 6403 6408 6408 6400 6400 6410 6410 6408 6408 6410 6410 6409 6409 6409 6409 6410 6410 6411 6411 6409 6409 6411 6411 6403 6403 6410 6410 6400 6400 6412 6412 6410 6410 6412 6412 6411 6411 6411 6411 6412 6412 6413 6413 6411 6411 6413 6413 6403 6403 6412 6412 6400 6400 6414 6414 6412 6412 6414 6414 6413 6413 6413 6413 6414 6414 6415 6415 6413 6413 6415 6415 6403 6403 6414 6414 6400 6400 6416 6416 6414 6414 6416 6416 6415 6415 6415 6415 6416 6416 6417 6417 6415 6415 6417 6417 6403 6403 6416 6416 6400 6400 6418 6418 6416 6416 6418 6418 6417 6417 6417 6417 6418 6418 6419 6419 6417 6417 6419 6419 6403 6403 6418 6418 6400 6400 6420 6420 6418 6418 6420 6420 6419 6419 6419 6419 6420 6420 6421 6421 6419 6419 6421 6421 6403 6403 6420 6420 6400 6400 6401 6401 6420 6420 6401 6401 6421 6421 6421 6421 6401 6401 6402 6402 6421 6421 6402 6402 6403 6403 6423 6423 6422 6422 6426 6426 6423 6423 6426 6426 6424 6424 6424 6424 6426 6426 6427 6427 6424 6424 6427 6427 6425 6425 6426 6426 6422 6422 6428 6428 6426 6426 6428 6428 6427 6427 6427 6427 6428 6428 6429 6429 6427 6427 6429 6429 6425 6425 6428 6428 6422 6422 6430 6430 6428 6428 6430 6430 6429 6429 6429 6429 6430 6430 6431 6431 6429 6429 6431 6431 6425 6425 6430 6430 6422 6422 6432 6432 6430 6430 6432 6432 6431 6431 6431 6431 6432 6432 6433 6433 6431 6431 6433 6433 6425 6425 6432 6432 6422 6422 6434 6434 6432 6432 6434 6434 6433 6433 6433 6433 6434 6434 6435 6435 6433 6433 6435 6435 6425 6425 6434 6434 6422 6422 6436 6436 6434 6434 6436 6436 6435 6435 6435 6435 6436 6436 6437 6437 6435 6435 6437 6437 6425 6425 6436 6436 6422 6422 6438 6438 6436 6436 6438 6438 6437 6437 6437 6437 6438 6438 6439 6439 6437 6437 6439 6439 6425 6425 6438 6438 6422 6422 6440 6440 6438 6438 6440 6440 6439 6439 6439 6439 6440 6440 6441 6441 6439 6439 6441 6441 6425 6425 6440 6440 6422 6422 6442 6442 6440 6440 6442 6442 6441 6441 6441 6441 6442 6442 6443 6443 6441 6441 6443 6443 6425 6425 6442 6442 6422 6422 6423 6423 6442 6442 6423 6423 6443 6443 6443 6443 6423 6423 6424 6424 6443 6443 6424 6424 6425 6425 6445 6445 6444 6444 6448 6448 6445 6445 6448 6448 6446 6446 6446 6446 6448 6448 6449 6449 6446 6446 6449 6449 6447 6447 6448 6448 6444 6444 6450 6450 6448 6448 6450 6450 6449 6449 6449 6449 6450 6450 6451 6451 6449 6449 6451 6451 6447 6447 6450 6450 6444 6444 6452 6452 6450 6450 6452 6452 6451 6451 6451 6451 6452 6452 6453 6453 6451 6451 6453 6453 6447 6447 6452 6452 6444 6444 6454 6454 6452 6452 6454 6454 6453 6453 6453 6453 6454 6454 6455 6455 6453 6453 6455 6455 6447 6447 6454 6454 6444 6444 6456 6456 6454 6454 6456 6456 6455 6455 6455 6455 6456 6456 6457 6457 6455 6455 6457 6457 6447 6447 6456 6456 6444 6444 6458 6458 6456 6456 6458 6458 6457 6457 6457 6457 6458 6458 6459 6459 6457 6457 6459 6459 6447 6447 6458 6458 6444 6444 6460 6460 6458 6458 6460 6460 6459 6459 6459 6459 6460 6460 6461 6461 6459 6459 6461 6461 6447 6447 6460 6460 6444 6444 6462 6462 6460 6460 6462 6462 6461 6461 6461 6461 6462 6462 6463 6463 6461 6461 6463 6463 6447 6447 6462 6462 6444 6444 6464 6464 6462 6462 6464 6464 6463 6463 6463 6463 6464 6464 6465 6465 6463 6463 6465 6465 6447 6447 6464 6464 6444 6444 6445 6445 6464 6464 6445 6445 6465 6465 6465 6465 6445 6445 6446 6446 6465 6465 6446 6446 6447 6447 6467 6467 6466 6466 6470 6470 6467 6467 6470 6470 6468 6468 6468 6468 6470 6470 6471 6471 6468 6468 6471 6471 6469 6469 6470 6470 6466 6466 6472 6472 6470 6470 6472 6472 6471 6471 6471 6471 6472 6472 6473 6473 6471 6471 6473 6473 6469 6469 6472 6472 6466 6466 6474 6474 6472 6472 6474 6474 6473 6473 6473 6473 6474 6474 6475 6475 6473 6473 6475 6475 6469 6469 6474 6474 6466 6466 6476 6476 6474 6474 6476 6476 6475 6475 6475 6475 6476 6476 6477 6477 6475 6475 6477 6477 6469 6469 6476 6476 6466 6466 6478 6478 6476 6476 6478 6478 6477 6477 6477 6477 6478 6478 6479 6479 6477 6477 6479 6479 6469 6469 6478 6478 6466 6466 6480 6480 6478 6478 6480 6480 6479 6479 6479 6479 6480 6480 6481 6481 6479 6479 6481 6481 6469 6469 6480 6480 6466 6466 6482 6482 6480 6480 6482 6482 6481 6481 6481 6481 6482 6482 6483 6483 6481 6481 6483 6483 6469 6469 6482 6482 6466 6466 6484 6484 6482 6482 6484 6484 6483 6483 6483 6483 6484 6484 6485 6485 6483 6483 6485 6485 6469 6469 6484 6484 6466 6466 6486 6486 6484 6484 6486 6486 6485 6485 6485 6485 6486 6486 6487 6487 6485 6485 6487 6487 6469 6469 6486 6486 6466 6466 6467 6467 6486 6486 6467 6467 6487 6487 6487 6487 6467 6467 6468 6468 6487 6487 6468 6468 6469 6469 6489 6489 6488 6488 6492 6492 6489 6489 6492 6492 6490 6490 6490 6490 6492 6492 6493 6493 6490 6490 6493 6493 6491 6491 6492 6492 6488 6488 6494 6494 6492 6492 6494 6494 6493 6493 6493 6493 6494 6494 6495 6495 6493 6493 6495 6495 6491 6491 6494 6494 6488 6488 6496 6496 6494 6494 6496 6496 6495 6495 6495 6495 6496 6496 6497 6497 6495 6495 6497 6497 6491 6491 6496 6496 6488 6488 6498 6498 6496 6496 6498 6498 6497 6497 6497 6497 6498 6498 6499 6499 6497 6497 6499 6499 6491 6491 6498 6498 6488 6488 6500 6500 6498 6498 6500 6500 6499 6499 6499 6499 6500 6500 6501 6501 6499 6499 6501 6501 6491 6491 6500 6500 6488 6488 6502 6502 6500 6500 6502 6502 6501 6501 6501 6501 6502 6502 6503 6503 6501 6501 6503 6503 6491 6491 6502 6502 6488 6488 6504 6504 6502 6502 6504 6504 6503 6503 6503 6503 6504 6504 6505 6505 6503 6503 6505 6505 6491 6491 6504 6504 6488 6488 6506 6506 6504 6504 6506 6506 6505 6505 6505 6505 6506 6506 6507 6507 6505 6505 6507 6507 6491 6491 6506 6506 6488 6488 6508 6508 6506 6506 6508 6508 6507 6507 6507 6507 6508 6508 6509 6509 6507 6507 6509 6509 6491 6491 6508 6508 6488 6488 6489 6489 6508 6508 6489 6489 6509 6509 6509 6509 6489 6489 6490 6490 6509 6509 6490 6490 6491 6491 6511 6511 6510 6510 6514 6514 6511 6511 6514 6514 6512 6512 6512 6512 6514 6514 6515 6515 6512 6512 6515 6515 6513 6513 6514 6514 6510 6510 6516 6516 6514 6514 6516 6516 6515 6515 6515 6515 6516 6516 6517 6517 6515 6515 6517 6517 6513 6513 6516 6516 6510 6510 6518 6518 6516 6516 6518 6518 6517 6517 6517 6517 6518 6518 6519 6519 6517 6517 6519 6519 6513 6513 6518 6518 6510 6510 6520 6520 6518 6518 6520 6520 6519 6519 6519 6519 6520 6520 6521 6521 6519 6519 6521 6521 6513 6513 6520 6520 6510 6510 6522 6522 6520 6520 6522 6522 6521 6521 6521 6521 6522 6522 6523 6523 6521 6521 6523 6523 6513 6513 6522 6522 6510 6510 6524 6524 6522 6522 6524 6524 6523 6523 6523 6523 6524 6524 6525 6525 6523 6523 6525 6525 6513 6513 6524 6524 6510 6510 6526 6526 6524 6524 6526 6526 6525 6525 6525 6525 6526 6526 6527 6527 6525 6525 6527 6527 6513 6513 6526 6526 6510 6510 6528 6528 6526 6526 6528 6528 6527 6527 6527 6527 6528 6528 6529 6529 6527 6527 6529 6529 6513 6513 6528 6528 6510 6510 6530 6530 6528 6528 6530 6530 6529 6529 6529 6529 6530 6530 6531 6531 6529 6529 6531 6531 6513 6513 6530 6530 6510 6510 6511 6511 6530 6530 6511 6511 6531 6531 6531 6531 6511 6511 6512 6512 6531 6531 6512 6512 6513 6513 6533 6533 6532 6532 6536 6536 6533 6533 6536 6536 6534 6534 6534 6534 6536 6536 6537 6537 6534 6534 6537 6537 6535 6535 6536 6536 6532 6532 6538 6538 6536 6536 6538 6538 6537 6537 6537 6537 6538 6538 6539 6539 6537 6537 6539 6539 6535 6535 6538 6538 6532 6532 6540 6540 6538 6538 6540 6540 6539 6539 6539 6539 6540 6540 6541 6541 6539 6539 6541 6541 6535 6535 6540 6540 6532 6532 6542 6542 6540 6540 6542 6542 6541 6541 6541 6541 6542 6542 6543 6543 6541 6541 6543 6543 6535 6535 6542 6542 6532 6532 6544 6544 6542 6542 6544 6544 6543 6543 6543 6543 6544 6544 6545 6545 6543 6543 6545 6545 6535 6535 6544 6544 6532 6532 6546 6546 6544 6544 6546 6546 6545 6545 6545 6545 6546 6546 6547 6547 6545 6545 6547 6547 6535 6535 6546 6546 6532 6532 6548 6548 6546 6546 6548 6548 6547 6547 6547 6547 6548 6548 6549 6549 6547 6547 6549 6549 6535 6535 6548 6548 6532 6532 6550 6550 6548 6548 6550 6550 6549 6549 6549 6549 6550 6550 6551 6551 6549 6549 6551 6551 6535 6535 6550 6550 6532 6532 6552 6552 6550 6550 6552 6552 6551 6551 6551 6551 6552 6552 6553 6553 6551 6551 6553 6553 6535 6535 6552 6552 6532 6532 6533 6533 6552 6552 6533 6533 6553 6553 6553 6553 6533 6533 6534 6534 6553 6553 6534 6534 6535 6535 6555 6555 6554 6554 6558 6558 6555 6555 6558 6558 6556 6556 6556 6556 6558 6558 6559 6559 6556 6556 6559 6559 6557 6557 6558 6558 6554 6554 6560 6560 6558 6558 6560 6560 6559 6559 6559 6559 6560 6560 6561 6561 6559 6559 6561 6561 6557 6557 6560 6560 6554 6554 6562 6562 6560 6560 6562 6562 6561 6561 6561 6561 6562 6562 6563 6563 6561 6561 6563 6563 6557 6557 6562 6562 6554 6554 6564 6564 6562 6562 6564 6564 6563 6563 6563 6563 6564 6564 6565 6565 6563 6563 6565 6565 6557 6557 6564 6564 6554 6554 6566 6566 6564 6564 6566 6566 6565 6565 6565 6565 6566 6566 6567 6567 6565 6565 6567 6567 6557 6557 6566 6566 6554 6554 6568 6568 6566 6566 6568 6568 6567 6567 6567 6567 6568 6568 6569 6569 6567 6567 6569 6569 6557 6557 6568 6568 6554 6554 6570 6570 6568 6568 6570 6570 6569 6569 6569 6569 6570 6570 6571 6571 6569 6569 6571 6571 6557 6557 6570 6570 6554 6554 6572 6572 6570 6570 6572 6572 6571 6571 6571 6571 6572 6572 6573 6573 6571 6571 6573 6573 6557 6557 6572 6572 6554 6554 6574 6574 6572 6572 6574 6574 6573 6573 6573 6573 6574 6574 6575 6575 6573 6573 6575 6575 6557 6557 6574 6574 6554 6554 6555 6555 6574 6574 6555 6555 6575 6575 6575 6575 6555 6555 6556 6556 6575 6575 6556 6556 6557 6557 6577 6577 6576 6576 6580 6580 6577 6577 6580 6580 6578 6578 6578 6578 6580 6580 6581 6581 6578 6578 6581 6581 6579 6579 6580 6580 6576 6576 6582 6582 6580 6580 6582 6582 6581 6581 6581 6581 6582 6582 6583 6583 6581 6581 6583 6583 6579 6579 6582 6582 6576 6576 6584 6584 6582 6582 6584 6584 6583 6583 6583 6583 6584 6584 6585 6585 6583 6583 6585 6585 6579 6579 6584 6584 6576 6576 6586 6586 6584 6584 6586 6586 6585 6585 6585 6585 6586 6586 6587 6587 6585 6585 6587 6587 6579 6579 6586 6586 6576 6576 6588 6588 6586 6586 6588 6588 6587 6587 6587 6587 6588 6588 6589 6589 6587 6587 6589 6589 6579 6579 6588 6588 6576 6576 6590 6590 6588 6588 6590 6590 6589 6589 6589 6589 6590 6590 6591 6591 6589 6589 6591 6591 6579 6579 6590 6590 6576 6576 6592 6592 6590 6590 6592 6592 6591 6591 6591 6591 6592 6592 6593 6593 6591 6591 6593 6593 6579 6579 6592 6592 6576 6576 6594 6594 6592 6592 6594 6594 6593 6593 6593 6593 6594 6594 6595 6595 6593 6593 6595 6595 6579 6579 6594 6594 6576 6576 6596 6596 6594 6594 6596 6596 6595 6595 6595 6595 6596 6596 6597 6597 6595 6595 6597 6597 6579 6579 6596 6596 6576 6576 6577 6577 6596 6596 6577 6577 6597 6597 6597 6597 6577 6577 6578 6578 6597 6597 6578 6578 6579 6579 6599 6599 6598 6598 6602 6602 6599 6599 6602 6602 6600 6600 6600 6600 6602 6602 6603 6603 6600 6600 6603 6603 6601 6601 6602 6602 6598 6598 6604 6604 6602 6602 6604 6604 6603 6603 6603 6603 6604 6604 6605 6605 6603 6603 6605 6605 6601 6601 6604 6604 6598 6598 6606 6606 6604 6604 6606 6606 6605 6605 6605 6605 6606 6606 6607 6607 6605 6605 6607 6607 6601 6601 6606 6606 6598 6598 6608 6608 6606 6606 6608 6608 6607 6607 6607 6607 6608 6608 6609 6609 6607 6607 6609 6609 6601 6601 6608 6608 6598 6598 6610 6610 6608 6608 6610 6610 6609 6609 6609 6609 6610 6610 6611 6611 6609 6609 6611 6611 6601 6601 6610 6610 6598 6598 6612 6612 6610 6610 6612 6612 6611 6611 6611 6611 6612 6612 6613 6613 6611 6611 6613 6613 6601 6601 6612 6612 6598 6598 6614 6614 6612 6612 6614 6614 6613 6613 6613 6613 6614 6614 6615 6615 6613 6613 6615 6615 6601 6601 6614 6614 6598 6598 6616 6616 6614 6614 6616 6616 6615 6615 6615 6615 6616 6616 6617 6617 6615 6615 6617 6617 6601 6601 6616 6616 6598 6598 6618 6618 6616 6616 6618 6618 6617 6617 6617 6617 6618 6618 6619 6619 6617 6617 6619 6619 6601 6601 6618 6618 6598 6598 6599 6599 6618 6618 6599 6599 6619 6619 6619 6619 6599 6599 6600 6600 6619 6619 6600 6600 6601 6601 6621 6621 6620 6620 6624 6624 6621 6621 6624 6624 6622 6622 6622 6622 6624 6624 6625 6625 6622 6622 6625 6625 6623 6623 6624 6624 6620 6620 6626 6626 6624 6624 6626 6626 6625 6625 6625 6625 6626 6626 6627 6627 6625 6625 6627 6627 6623 6623 6626 6626 6620 6620 6628 6628 6626 6626 6628 6628 6627 6627 6627 6627 6628 6628 6629 6629 6627 6627 6629 6629 6623 6623 6628 6628 6620 6620 6630 6630 6628 6628 6630 6630 6629 6629 6629 6629 6630 6630 6631 6631 6629 6629 6631 6631 6623 6623 6630 6630 6620 6620 6632 6632 6630 6630 6632 6632 6631 6631 6631 6631 6632 6632 6633 6633 6631 6631 6633 6633 6623 6623 6632 6632 6620 6620 6634 6634 6632 6632 6634 6634 6633 6633 6633 6633 6634 6634 6635 6635 6633 6633 6635 6635 6623 6623 6634 6634 6620 6620 6636 6636 6634 6634 6636 6636 6635 6635 6635 6635 6636 6636 6637 6637 6635 6635 6637 6637 6623 6623 6636 6636 6620 6620 6638 6638 6636 6636 6638 6638 6637 6637 6637 6637 6638 6638 6639 6639 6637 6637 6639 6639 6623 6623 6638 6638 6620 6620 6640 6640 6638 6638 6640 6640 6639 6639 6639 6639 6640 6640 6641 6641 6639 6639 6641 6641 6623 6623 6640 6640 6620 6620 6621 6621 6640 6640 6621 6621 6641 6641 6641 6641 6621 6621 6622 6622 6641 6641 6622 6622 6623 6623 6643 6643 6642 6642 6646 6646 6643 6643 6646 6646 6644 6644 6644 6644 6646 6646 6647 6647 6644 6644 6647 6647 6645 6645 6646 6646 6642 6642 6648 6648 6646 6646 6648 6648 6647 6647 6647 6647 6648 6648 6649 6649 6647 6647 6649 6649 6645 6645 6648 6648 6642 6642 6650 6650 6648 6648 6650 6650 6649 6649 6649 6649 6650 6650 6651 6651 6649 6649 6651 6651 6645 6645 6650 6650 6642 6642 6652 6652 6650 6650 6652 6652 6651 6651 6651 6651 6652 6652 6653 6653 6651 6651 6653 6653 6645 6645 6652 6652 6642 6642 6654 6654 6652 6652 6654 6654 6653 6653 6653 6653 6654 6654 6655 6655 6653 6653 6655 6655 6645 6645 6654 6654 6642 6642 6656 6656 6654 6654 6656 6656 6655 6655 6655 6655 6656 6656 6657 6657 6655 6655 6657 6657 6645 6645 6656 6656 6642 6642 6658 6658 6656 6656 6658 6658 6657 6657 6657 6657 6658 6658 6659 6659 6657 6657 6659 6659 6645 6645 6658 6658 6642 6642 6660 6660 6658 6658 6660 6660 6659 6659 6659 6659 6660 6660 6661 6661 6659 6659 6661 6661 6645 6645 6660 6660 6642 6642 6662 6662 6660 6660 6662 6662 6661 6661 6661 6661 6662 6662 6663 6663 6661 6661 6663 6663 6645 6645 6662 6662 6642 6642 6643 6643 6662 6662 6643 6643 6663 6663 6663 6663 6643 6643 6644 6644 6663 6663 6644 6644 6645 6645 6665 6665 6664 6664 6668 6668 6665 6665 6668 6668 6666 6666 6666 6666 6668 6668 6669 6669 6666 6666 6669 6669 6667 6667 6668 6668 6664 6664 6670 6670 6668 6668 6670 6670 6669 6669 6669 6669 6670 6670 6671 6671 6669 6669 6671 6671 6667 6667 6670 6670 6664 6664 6672 6672 6670 6670 6672 6672 6671 6671 6671 6671 6672 6672 6673 6673 6671 6671 6673 6673 6667 6667 6672 6672 6664 6664 6674 6674 6672 6672 6674 6674 6673 6673 6673 6673 6674 6674 6675 6675 6673 6673 6675 6675 6667 6667 6674 6674 6664 6664 6676 6676 6674 6674 6676 6676 6675 6675 6675 6675 6676 6676 6677 6677 6675 6675 6677 6677 6667 6667 6676 6676 6664 6664 6678 6678 6676 6676 6678 6678 6677 6677 6677 6677 6678 6678 6679 6679 6677 6677 6679 6679 6667 6667 6678 6678 6664 6664 6680 6680 6678 6678 6680 6680 6679 6679 6679 6679 6680 6680 6681 6681 6679 6679 6681 6681 6667 6667 6680 6680 6664 6664 6682 6682 6680 6680 6682 6682 6681 6681 6681 6681 6682 6682 6683 6683 6681 6681 6683 6683 6667 6667 6682 6682 6664 6664 6684 6684 6682 6682 6684 6684 6683 6683 6683 6683 6684 6684 6685 6685 6683 6683 6685 6685 6667 6667 6684 6684 6664 6664 6665 6665 6684 6684 6665 6665 6685 6685 6685 6685 6665 6665 6666 6666 6685 6685 6666 6666 6667 6667 6687 6687 6686 6686 6690 6690 6687 6687 6690 6690 6688 6688 6688 6688 6690 6690 6691 6691 6688 6688 6691 6691 6689 6689 6690 6690 6686 6686 6692 6692 6690 6690 6692 6692 6691 6691 6691 6691 6692 6692 6693 6693 6691 6691 6693 6693 6689 6689 6692 6692 6686 6686 6694 6694 6692 6692 6694 6694 6693 6693 6693 6693 6694 6694 6695 6695 6693 6693 6695 6695 6689 6689 6694 6694 6686 6686 6696 6696 6694 6694 6696 6696 6695 6695 6695 6695 6696 6696 6697 6697 6695 6695 6697 6697 6689 6689 6696 6696 6686 6686 6698 6698 6696 6696 6698 6698 6697 6697 6697 6697 6698 6698 6699 6699 6697 6697 6699 6699 6689 6689 6698 6698 6686 6686 6700 6700 6698 6698 6700 6700 6699 6699 6699 6699 6700 6700 6701 6701 6699 6699 6701 6701 6689 6689 6700 6700 6686 6686 6702 6702 6700 6700 6702 6702 6701 6701 6701 6701 6702 6702 6703 6703 6701 6701 6703 6703 6689 6689 6702 6702 6686 6686 6704 6704 6702 6702 6704 6704 6703 6703 6703 6703 6704 6704 6705 6705 6703 6703 6705 6705 6689 6689 6704 6704 6686 6686 6706 6706 6704 6704 6706 6706 6705 6705 6705 6705 6706 6706 6707 6707 6705 6705 6707 6707 6689 6689 6706 6706 6686 6686 6687 6687 6706 6706 6687 6687 6707 6707 6707 6707 6687 6687 6688 6688 6707 6707 6688 6688 6689 6689 6709 6709 6708 6708 6712 6712 6709 6709 6712 6712 6710 6710 6710 6710 6712 6712 6713 6713 6710 6710 6713 6713 6711 6711 6712 6712 6708 6708 6714 6714 6712 6712 6714 6714 6713 6713 6713 6713 6714 6714 6715 6715 6713 6713 6715 6715 6711 6711 6714 6714 6708 6708 6716 6716 6714 6714 6716 6716 6715 6715 6715 6715 6716 6716 6717 6717 6715 6715 6717 6717 6711 6711 6716 6716 6708 6708 6718 6718 6716 6716 6718 6718 6717 6717 6717 6717 6718 6718 6719 6719 6717 6717 6719 6719 6711 6711 6718 6718 6708 6708 6720 6720 6718 6718 6720 6720 6719 6719 6719 6719 6720 6720 6721 6721 6719 6719 6721 6721 6711 6711 6720 6720 6708 6708 6722 6722 6720 6720 6722 6722 6721 6721 6721 6721 6722 6722 6723 6723 6721 6721 6723 6723 6711 6711 6722 6722 6708 6708 6724 6724 6722 6722 6724 6724 6723 6723 6723 6723 6724 6724 6725 6725 6723 6723 6725 6725 6711 6711 6724 6724 6708 6708 6726 6726 6724 6724 6726 6726 6725 6725 6725 6725 6726 6726 6727 6727 6725 6725 6727 6727 6711 6711 6726 6726 6708 6708 6728 6728 6726 6726 6728 6728 6727 6727 6727 6727 6728 6728 6729 6729 6727 6727 6729 6729 6711 6711 6728 6728 6708 6708 6709 6709 6728 6728 6709 6709 6729 6729 6729 6729 6709 6709 6710 6710 6729 6729 6710 6710 6711 6711 6731 6731 6730 6730 6734 6734 6731 6731 6734 6734 6732 6732 6732 6732 6734 6734 6735 6735 6732 6732 6735 6735 6733 6733 6734 6734 6730 6730 6736 6736 6734 6734 6736 6736 6735 6735 6735 6735 6736 6736 6737 6737 6735 6735 6737 6737 6733 6733 6736 6736 6730 6730 6738 6738 6736 6736 6738 6738 6737 6737 6737 6737 6738 6738 6739 6739 6737 6737 6739 6739 6733 6733 6738 6738 6730 6730 6740 6740 6738 6738 6740 6740 6739 6739 6739 6739 6740 6740 6741 6741 6739 6739 6741 6741 6733 6733 6740 6740 6730 6730 6742 6742 6740 6740 6742 6742 6741 6741 6741 6741 6742 6742 6743 6743 6741 6741 6743 6743 6733 6733 6742 6742 6730 6730 6744 6744 6742 6742 6744 6744 6743 6743 6743 6743 6744 6744 6745 6745 6743 6743 6745 6745 6733 6733 6744 6744 6730 6730 6746 6746 6744 6744 6746 6746 6745 6745 6745 6745 6746 6746 6747 6747 6745 6745 6747 6747 6733 6733 6746 6746 6730 6730 6748 6748 6746 6746 6748 6748 6747 6747 6747 6747 6748 6748 6749 6749 6747 6747 6749 6749 6733 6733 6748 6748 6730 6730 6750 6750 6748 6748 6750 6750 6749 6749 6749 6749 6750 6750 6751 6751 6749 6749 6751 6751 6733 6733 6750 6750 6730 6730 6731 6731 6750 6750 6731 6731 6751 6751 6751 6751 6731 6731 6732 6732 6751 6751 6732 6732 6733 6733 6753 6753 6752 6752 6756 6756 6753 6753 6756 6756 6754 6754 6754 6754 6756 6756 6757 6757 6754 6754 6757 6757 6755 6755 6756 6756 6752 6752 6758 6758 6756 6756 6758 6758 6757 6757 6757 6757 6758 6758 6759 6759 6757 6757 6759 6759 6755 6755 6758 6758 6752 6752 6760 6760 6758 6758 6760 6760 6759 6759 6759 6759 6760 6760 6761 6761 6759 6759 6761 6761 6755 6755 6760 6760 6752 6752 6762 6762 6760 6760 6762 6762 6761 6761 6761 6761 6762 6762 6763 6763 6761 6761 6763 6763 6755 6755 6762 6762 6752 6752 6764 6764 6762 6762 6764 6764 6763 6763 6763 6763 6764 6764 6765 6765 6763 6763 6765 6765 6755 6755 6764 6764 6752 6752 6766 6766 6764 6764 6766 6766 6765 6765 6765 6765 6766 6766 6767 6767 6765 6765 6767 6767 6755 6755 6766 6766 6752 6752 6768 6768 6766 6766 6768 6768 6767 6767 6767 6767 6768 6768 6769 6769 6767 6767 6769 6769 6755 6755 6768 6768 6752 6752 6770 6770 6768 6768 6770 6770 6769 6769 6769 6769 6770 6770 6771 6771 6769 6769 6771 6771 6755 6755 6770 6770 6752 6752 6772 6772 6770 6770 6772 6772 6771 6771 6771 6771 6772 6772 6773 6773 6771 6771 6773 6773 6755 6755 6772 6772 6752 6752 6753 6753 6772 6772 6753 6753 6773 6773 6773 6773 6753 6753 6754 6754 6773 6773 6754 6754 6755 6755 6775 6775 6774 6774 6778 6778 6775 6775 6778 6778 6776 6776 6776 6776 6778 6778 6779 6779 6776 6776 6779 6779 6777 6777 6778 6778 6774 6774 6780 6780 6778 6778 6780 6780 6779 6779 6779 6779 6780 6780 6781 6781 6779 6779 6781 6781 6777 6777 6780 6780 6774 6774 6782 6782 6780 6780 6782 6782 6781 6781 6781 6781 6782 6782 6783 6783 6781 6781 6783 6783 6777 6777 6782 6782 6774 6774 6784 6784 6782 6782 6784 6784 6783 6783 6783 6783 6784 6784 6785 6785 6783 6783 6785 6785 6777 6777 6784 6784 6774 6774 6786 6786 6784 6784 6786 6786 6785 6785 6785 6785 6786 6786 6787 6787 6785 6785 6787 6787 6777 6777 6786 6786 6774 6774 6788 6788 6786 6786 6788 6788 6787 6787 6787 6787 6788 6788 6789 6789 6787 6787 6789 6789 6777 6777 6788 6788 6774 6774 6790 6790 6788 6788 6790 6790 6789 6789 6789 6789 6790 6790 6791 6791 6789 6789 6791 6791 6777 6777 6790 6790 6774 6774 6792 6792 6790 6790 6792 6792 6791 6791 6791 6791 6792 6792 6793 6793 6791 6791 6793 6793 6777 6777 6792 6792 6774 6774 6794 6794 6792 6792 6794 6794 6793 6793 6793 6793 6794 6794 6795 6795 6793 6793 6795 6795 6777 6777 6794 6794 6774 6774 6775 6775 6794 6794 6775 6775 6795 6795 6795 6795 6775 6775 6776 6776 6795 6795 6776 6776 6777 6777 6797 6797 6796 6796 6800 6800 6797 6797 6800 6800 6798 6798 6798 6798 6800 6800 6801 6801 6798 6798 6801 6801 6799 6799 6800 6800 6796 6796 6802 6802 6800 6800 6802 6802 6801 6801 6801 6801 6802 6802 6803 6803 6801 6801 6803 6803 6799 6799 6802 6802 6796 6796 6804 6804 6802 6802 6804 6804 6803 6803 6803 6803 6804 6804 6805 6805 6803 6803 6805 6805 6799 6799 6804 6804 6796 6796 6806 6806 6804 6804 6806 6806 6805 6805 6805 6805 6806 6806 6807 6807 6805 6805 6807 6807 6799 6799 6806 6806 6796 6796 6808 6808 6806 6806 6808 6808 6807 6807 6807 6807 6808 6808 6809 6809 6807 6807 6809 6809 6799 6799 6808 6808 6796 6796 6810 6810 6808 6808 6810 6810 6809 6809 6809 6809 6810 6810 6811 6811 6809 6809 6811 6811 6799 6799 6810 6810 6796 6796 6812 6812 6810 6810 6812 6812 6811 6811 6811 6811 6812 6812 6813 6813 6811 6811 6813 6813 6799 6799 6812 6812 6796 6796 6814 6814 6812 6812 6814 6814 6813 6813 6813 6813 6814 6814 6815 6815 6813 6813 6815 6815 6799 6799 6814 6814 6796 6796 6816 6816 6814 6814 6816 6816 6815 6815 6815 6815 6816 6816 6817 6817 6815 6815 6817 6817 6799 6799 6816 6816 6796 6796 6797 6797 6816 6816 6797 6797 6817 6817 6817 6817 6797 6797 6798 6798 6817 6817 6798 6798 6799 6799 6819 6819 6818 6818 6822 6822 6819 6819 6822 6822 6820 6820 6820 6820 6822 6822 6823 6823 6820 6820 6823 6823 6821 6821 6822 6822 6818 6818 6824 6824 6822 6822 6824 6824 6823 6823 6823 6823 6824 6824 6825 6825 6823 6823 6825 6825 6821 6821 6824 6824 6818 6818 6826 6826 6824 6824 6826 6826 6825 6825 6825 6825 6826 6826 6827 6827 6825 6825 6827 6827 6821 6821 6826 6826 6818 6818 6828 6828 6826 6826 6828 6828 6827 6827 6827 6827 6828 6828 6829 6829 6827 6827 6829 6829 6821 6821 6828 6828 6818 6818 6830 6830 6828 6828 6830 6830 6829 6829 6829 6829 6830 6830 6831 6831 6829 6829 6831 6831 6821 6821 6830 6830 6818 6818 6832 6832 6830 6830 6832 6832 6831 6831 6831 6831 6832 6832 6833 6833 6831 6831 6833 6833 6821 6821 6832 6832 6818 6818 6834 6834 6832 6832 6834 6834 6833 6833 6833 6833 6834 6834 6835 6835 6833 6833 6835 6835 6821 6821 6834 6834 6818 6818 6836 6836 6834 6834 6836 6836 6835 6835 6835 6835 6836 6836 6837 6837 6835 6835 6837 6837 6821 6821 6836 6836 6818 6818 6838 6838 6836 6836 6838 6838 6837 6837 6837 6837 6838 6838 6839 6839 6837 6837 6839 6839 6821 6821 6838 6838 6818 6818 6819 6819 6838 6838 6819 6819 6839 6839 6839 6839 6819 6819 6820 6820 6839 6839 6820 6820 6821 6821 6841 6841 6840 6840 6844 6844 6841 6841 6844 6844 6842 6842 6842 6842 6844 6844 6845 6845 6842 6842 6845 6845 6843 6843 6844 6844 6840 6840 6846 6846 6844 6844 6846 6846 6845 6845 6845 6845 6846 6846 6847 6847 6845 6845 6847 6847 6843 6843 6846 6846 6840 6840 6848 6848 6846 6846 6848 6848 6847 6847 6847 6847 6848 6848 6849 6849 6847 6847 6849 6849 6843 6843 6848 6848 6840 6840 6850 6850 6848 6848 6850 6850 6849 6849 6849 6849 6850 6850 6851 6851 6849 6849 6851 6851 6843 6843 6850 6850 6840 6840 6852 6852 6850 6850 6852 6852 6851 6851 6851 6851 6852 6852 6853 6853 6851 6851 6853 6853 6843 6843 6852 6852 6840 6840 6854 6854 6852 6852 6854 6854 6853 6853 6853 6853 6854 6854 6855 6855 6853 6853 6855 6855 6843 6843 6854 6854 6840 6840 6856 6856 6854 6854 6856 6856 6855 6855 6855 6855 6856 6856 6857 6857 6855 6855 6857 6857 6843 6843 6856 6856 6840 6840 6858 6858 6856 6856 6858 6858 6857 6857 6857 6857 6858 6858 6859 6859 6857 6857 6859 6859 6843 6843 6858 6858 6840 6840 6860 6860 6858 6858 6860 6860 6859 6859 6859 6859 6860 6860 6861 6861 6859 6859 6861 6861 6843 6843 6860 6860 6840 6840 6841 6841 6860 6860 6841 6841 6861 6861 6861 6861 6841 6841 6842 6842 6861 6861 6842 6842 6843 6843 6863 6863 6862 6862 6866 6866 6863 6863 6866 6866 6864 6864 6864 6864 6866 6866 6867 6867 6864 6864 6867 6867 6865 6865 6866 6866 6862 6862 6868 6868 6866 6866 6868 6868 6867 6867 6867 6867 6868 6868 6869 6869 6867 6867 6869 6869 6865 6865 6868 6868 6862 6862 6870 6870 6868 6868 6870 6870 6869 6869 6869 6869 6870 6870 6871 6871 6869 6869 6871 6871 6865 6865 6870 6870 6862 6862 6872 6872 6870 6870 6872 6872 6871 6871 6871 6871 6872 6872 6873 6873 6871 6871 6873 6873 6865 6865 6872 6872 6862 6862 6874 6874 6872 6872 6874 6874 6873 6873 6873 6873 6874 6874 6875 6875 6873 6873 6875 6875 6865 6865 6874 6874 6862 6862 6876 6876 6874 6874 6876 6876 6875 6875 6875 6875 6876 6876 6877 6877 6875 6875 6877 6877 6865 6865 6876 6876 6862 6862 6878 6878 6876 6876 6878 6878 6877 6877 6877 6877 6878 6878 6879 6879 6877 6877 6879 6879 6865 6865 6878 6878 6862 6862 6880 6880 6878 6878 6880 6880 6879 6879 6879 6879 6880 6880 6881 6881 6879 6879 6881 6881 6865 6865 6880 6880 6862 6862 6882 6882 6880 6880 6882 6882 6881 6881 6881 6881 6882 6882 6883 6883 6881 6881 6883 6883 6865 6865 6882 6882 6862 6862 6863 6863 6882 6882 6863 6863 6883 6883 6883 6883 6863 6863 6864 6864 6883 6883 6864 6864 6865 6865 6885 6885 6884 6884 6888 6888 6885 6885 6888 6888 6886 6886 6886 6886 6888 6888 6889 6889 6886 6886 6889 6889 6887 6887 6888 6888 6884 6884 6890 6890 6888 6888 6890 6890 6889 6889 6889 6889 6890 6890 6891 6891 6889 6889 6891 6891 6887 6887 6890 6890 6884 6884 6892 6892 6890 6890 6892 6892 6891 6891 6891 6891 6892 6892 6893 6893 6891 6891 6893 6893 6887 6887 6892 6892 6884 6884 6894 6894 6892 6892 6894 6894 6893 6893 6893 6893 6894 6894 6895 6895 6893 6893 6895 6895 6887 6887 6894 6894 6884 6884 6896 6896 6894 6894 6896 6896 6895 6895 6895 6895 6896 6896 6897 6897 6895 6895 6897 6897 6887 6887 6896 6896 6884 6884 6898 6898 6896 6896 6898 6898 6897 6897 6897 6897 6898 6898 6899 6899 6897 6897 6899 6899 6887 6887 6898 6898 6884 6884 6900 6900 6898 6898 6900 6900 6899 6899 6899 6899 6900 6900 6901 6901 6899 6899 6901 6901 6887 6887 6900 6900 6884 6884 6902 6902 6900 6900 6902 6902 6901 6901 6901 6901 6902 6902 6903 6903 6901 6901 6903 6903 6887 6887 6902 6902 6884 6884 6904 6904 6902 6902 6904 6904 6903 6903 6903 6903 6904 6904 6905 6905 6903 6903 6905 6905 6887 6887 6904 6904 6884 6884 6885 6885 6904 6904 6885 6885 6905 6905 6905 6905 6885 6885 6886 6886 6905 6905 6886 6886 6887 6887 6907 6907 6906 6906 6910 6910 6907 6907 6910 6910 6908 6908 6908 6908 6910 6910 6911 6911 6908 6908 6911 6911 6909 6909 6910 6910 6906 6906 6912 6912 6910 6910 6912 6912 6911 6911 6911 6911 6912 6912 6913 6913 6911 6911 6913 6913 6909 6909 6912 6912 6906 6906 6914 6914 6912 6912 6914 6914 6913 6913 6913 6913 6914 6914 6915 6915 6913 6913 6915 6915 6909 6909 6914 6914 6906 6906 6916 6916 6914 6914 6916 6916 6915 6915 6915 6915 6916 6916 6917 6917 6915 6915 6917 6917 6909 6909 6916 6916 6906 6906 6918 6918 6916 6916 6918 6918 6917 6917 6917 6917 6918 6918 6919 6919 6917 6917 6919 6919 6909 6909 6918 6918 6906 6906 6920 6920 6918 6918 6920 6920 6919 6919 6919 6919 6920 6920 6921 6921 6919 6919 6921 6921 6909 6909 6920 6920 6906 6906 6922 6922 6920 6920 6922 6922 6921 6921 6921 6921 6922 6922 6923 6923 6921 6921 6923 6923 6909 6909 6922 6922 6906 6906 6924 6924 6922 6922 6924 6924 6923 6923 6923 6923 6924 6924 6925 6925 6923 6923 6925 6925 6909 6909 6924 6924 6906 6906 6926 6926 6924 6924 6926 6926 6925 6925 6925 6925 6926 6926 6927 6927 6925 6925 6927 6927 6909 6909 6926 6926 6906 6906 6907 6907 6926 6926 6907 6907 6927 6927 6927 6927 6907 6907 6908 6908 6927 6927 6908 6908 6909 6909 6929 6929 6928 6928 6932 6932 6929 6929 6932 6932 6930 6930 6930 6930 6932 6932 6933 6933 6930 6930 6933 6933 6931 6931 6932 6932 6928 6928 6934 6934 6932 6932 6934 6934 6933 6933 6933 6933 6934 6934 6935 6935 6933 6933 6935 6935 6931 6931 6934 6934 6928 6928 6936 6936 6934 6934 6936 6936 6935 6935 6935 6935 6936 6936 6937 6937 6935 6935 6937 6937 6931 6931 6936 6936 6928 6928 6938 6938 6936 6936 6938 6938 6937 6937 6937 6937 6938 6938 6939 6939 6937 6937 6939 6939 6931 6931 6938 6938 6928 6928 6940 6940 6938 6938 6940 6940 6939 6939 6939 6939 6940 6940 6941 6941 6939 6939 6941 6941 6931 6931 6940 6940 6928 6928 6942 6942 6940 6940 6942 6942 6941 6941 6941 6941 6942 6942 6943 6943 6941 6941 6943 6943 6931 6931 6942 6942 6928 6928 6944 6944 6942 6942 6944 6944 6943 6943 6943 6943 6944 6944 6945 6945 6943 6943 6945 6945 6931 6931 6944 6944 6928 6928 6946 6946 6944 6944 6946 6946 6945 6945 6945 6945 6946 6946 6947 6947 6945 6945 6947 6947 6931 6931 6946 6946 6928 6928 6948 6948 6946 6946 6948 6948 6947 6947 6947 6947 6948 6948 6949 6949 6947 6947 6949 6949 6931 6931 6948 6948 6928 6928 6929 6929 6948 6948 6929 6929 6949 6949 6949 6949 6929 6929 6930 6930 6949 6949 6930 6930 6931 6931 6951 6951 6950 6950 6954 6954 6951 6951 6954 6954 6952 6952 6952 6952 6954 6954 6955 6955 6952 6952 6955 6955 6953 6953 6954 6954 6950 6950 6956 6956 6954 6954 6956 6956 6955 6955 6955 6955 6956 6956 6957 6957 6955 6955 6957 6957 6953 6953 6956 6956 6950 6950 6958 6958 6956 6956 6958 6958 6957 6957 6957 6957 6958 6958 6959 6959 6957 6957 6959 6959 6953 6953 6958 6958 6950 6950 6960 6960 6958 6958 6960 6960 6959 6959 6959 6959 6960 6960 6961 6961 6959 6959 6961 6961 6953 6953 6960 6960 6950 6950 6962 6962 6960 6960 6962 6962 6961 6961 6961 6961 6962 6962 6963 6963 6961 6961 6963 6963 6953 6953 6962 6962 6950 6950 6964 6964 6962 6962 6964 6964 6963 6963 6963 6963 6964 6964 6965 6965 6963 6963 6965 6965 6953 6953 6964 6964 6950 6950 6966 6966 6964 6964 6966 6966 6965 6965 6965 6965 6966 6966 6967 6967 6965 6965 6967 6967 6953 6953 6966 6966 6950 6950 6968 6968 6966 6966 6968 6968 6967 6967 6967 6967 6968 6968 6969 6969 6967 6967 6969 6969 6953 6953 6968 6968 6950 6950 6970 6970 6968 6968 6970 6970 6969 6969 6969 6969 6970 6970 6971 6971 6969 6969 6971 6971 6953 6953 6970 6970 6950 6950 6951 6951 6970 6970 6951 6951 6971 6971 6971 6971 6951 6951 6952 6952 6971 6971 6952 6952 6953 6953 6973 6973 6972 6972 6976 6976 6973 6973 6976 6976 6974 6974 6974 6974 6976 6976 6977 6977 6974 6974 6977 6977 6975 6975 6976 6976 6972 6972 6978 6978 6976 6976 6978 6978 6977 6977 6977 6977 6978 6978 6979 6979 6977 6977 6979 6979 6975 6975 6978 6978 6972 6972 6980 6980 6978 6978 6980 6980 6979 6979 6979 6979 6980 6980 6981 6981 6979 6979 6981 6981 6975 6975 6980 6980 6972 6972 6982 6982 6980 6980 6982 6982 6981 6981 6981 6981 6982 6982 6983 6983 6981 6981 6983 6983 6975 6975 6982 6982 6972 6972 6984 6984 6982 6982 6984 6984 6983 6983 6983 6983 6984 6984 6985 6985 6983 6983 6985 6985 6975 6975 6984 6984 6972 6972 6986 6986 6984 6984 6986 6986 6985 6985 6985 6985 6986 6986 6987 6987 6985 6985 6987 6987 6975 6975 6986 6986 6972 6972 6988 6988 6986 6986 6988 6988 6987 6987 6987 6987 6988 6988 6989 6989 6987 6987 6989 6989 6975 6975 6988 6988 6972 6972 6990 6990 6988 6988 6990 6990 6989 6989 6989 6989 6990 6990 6991 6991 6989 6989 6991 6991 6975 6975 6990 6990 6972 6972 6992 6992 6990 6990 6992 6992 6991 6991 6991 6991 6992 6992 6993 6993 6991 6991 6993 6993 6975 6975 6992 6992 6972 6972 6973 6973 6992 6992 6973 6973 6993 6993 6993 6993 6973 6973 6974 6974 6993 6993 6974 6974 6975 6975 6995 6995 6994 6994 6998 6998 6995 6995 6998 6998 6996 6996 6996 6996 6998 6998 6999 6999 6996 6996 6999 6999 6997 6997 6998 6998 6994 6994 7000 7000 6998 6998 7000 7000 6999 6999 6999 6999 7000 7000 7001 7001 6999 6999 7001 7001 6997 6997 7000 7000 6994 6994 7002 7002 7000 7000 7002 7002 7001 7001 7001 7001 7002 7002 7003 7003 7001 7001 7003 7003 6997 6997 7002 7002 6994 6994 7004 7004 7002 7002 7004 7004 7003 7003 7003 7003 7004 7004 7005 7005 7003 7003 7005 7005 6997 6997 7004 7004 6994 6994 7006 7006 7004 7004 7006 7006 7005 7005 7005 7005 7006 7006 7007 7007 7005 7005 7007 7007 6997 6997 7006 7006 6994 6994 7008 7008 7006 7006 7008 7008 7007 7007 7007 7007 7008 7008 7009 7009 7007 7007 7009 7009 6997 6997 7008 7008 6994 6994 7010 7010 7008 7008 7010 7010 7009 7009 7009 7009 7010 7010 7011 7011 7009 7009 7011 7011 6997 6997 7010 7010 6994 6994 7012 7012 7010 7010 7012 7012 7011 7011 7011 7011 7012 7012 7013 7013 7011 7011 7013 7013 6997 6997 7012 7012 6994 6994 7014 7014 7012 7012 7014 7014 7013 7013 7013 7013 7014 7014 7015 7015 7013 7013 7015 7015 6997 6997 7014 7014 6994 6994 6995 6995 7014 7014 6995 6995 7015 7015 7015 7015 6995 6995 6996 6996 7015 7015 6996 6996 6997 6997 7017 7017 7016 7016 7020 7020 7017 7017 7020 7020 7018 7018 7018 7018 7020 7020 7021 7021 7018 7018 7021 7021 7019 7019 7020 7020 7016 7016 7022 7022 7020 7020 7022 7022 7021 7021 7021 7021 7022 7022 7023 7023 7021 7021 7023 7023 7019 7019 7022 7022 7016 7016 7024 7024 7022 7022 7024 7024 7023 7023 7023 7023 7024 7024 7025 7025 7023 7023 7025 7025 7019 7019 7024 7024 7016 7016 7026 7026 7024 7024 7026 7026 7025 7025 7025 7025 7026 7026 7027 7027 7025 7025 7027 7027 7019 7019 7026 7026 7016 7016 7028 7028 7026 7026 7028 7028 7027 7027 7027 7027 7028 7028 7029 7029 7027 7027 7029 7029 7019 7019 7028 7028 7016 7016 7030 7030 7028 7028 7030 7030 7029 7029 7029 7029 7030 7030 7031 7031 7029 7029 7031 7031 7019 7019 7030 7030 7016 7016 7032 7032 7030 7030 7032 7032 7031 7031 7031 7031 7032 7032 7033 7033 7031 7031 7033 7033 7019 7019 7032 7032 7016 7016 7034 7034 7032 7032 7034 7034 7033 7033 7033 7033 7034 7034 7035 7035 7033 7033 7035 7035 7019 7019 7034 7034 7016 7016 7036 7036 7034 7034 7036 7036 7035 7035 7035 7035 7036 7036 7037 7037 7035 7035 7037 7037 7019 7019 7036 7036 7016 7016 7017 7017 7036 7036 7017 7017 7037 7037 7037 7037 7017 7017 7018 7018 7037 7037 7018 7018 7019 7019 7039 7039 7038 7038 7042 7042 7039 7039 7042 7042 7040 7040 7040 7040 7042 7042 7043 7043 7040 7040 7043 7043 7041 7041 7042 7042 7038 7038 7044 7044 7042 7042 7044 7044 7043 7043 7043 7043 7044 7044 7045 7045 7043 7043 7045 7045 7041 7041 7044 7044 7038 7038 7046 7046 7044 7044 7046 7046 7045 7045 7045 7045 7046 7046 7047 7047 7045 7045 7047 7047 7041 7041 7046 7046 7038 7038 7048 7048 7046 7046 7048 7048 7047 7047 7047 7047 7048 7048 7049 7049 7047 7047 7049 7049 7041 7041 7048 7048 7038 7038 7050 7050 7048 7048 7050 7050 7049 7049 7049 7049 7050 7050 7051 7051 7049 7049 7051 7051 7041 7041 7050 7050 7038 7038 7052 7052 7050 7050 7052 7052 7051 7051 7051 7051 7052 7052 7053 7053 7051 7051 7053 7053 7041 7041 7052 7052 7038 7038 7054 7054 7052 7052 7054 7054 7053 7053 7053 7053 7054 7054 7055 7055 7053 7053 7055 7055 7041 7041 7054 7054 7038 7038 7056 7056 7054 7054 7056 7056 7055 7055 7055 7055 7056 7056 7057 7057 7055 7055 7057 7057 7041 7041 7056 7056 7038 7038 7058 7058 7056 7056 7058 7058 7057 7057 7057 7057 7058 7058 7059 7059 7057 7057 7059 7059 7041 7041 7058 7058 7038 7038 7039 7039 7058 7058 7039 7039 7059 7059 7059 7059 7039 7039 7040 7040 7059 7059 7040 7040 7041 7041 7061 7061 7060 7060 7064 7064 7061 7061 7064 7064 7062 7062 7062 7062 7064 7064 7065 7065 7062 7062 7065 7065 7063 7063 7064 7064 7060 7060 7066 7066 7064 7064 7066 7066 7065 7065 7065 7065 7066 7066 7067 7067 7065 7065 7067 7067 7063 7063 7066 7066 7060 7060 7068 7068 7066 7066 7068 7068 7067 7067 7067 7067 7068 7068 7069 7069 7067 7067 7069 7069 7063 7063 7068 7068 7060 7060 7070 7070 7068 7068 7070 7070 7069 7069 7069 7069 7070 7070 7071 7071 7069 7069 7071 7071 7063 7063 7070 7070 7060 7060 7072 7072 7070 7070 7072 7072 7071 7071 7071 7071 7072 7072 7073 7073 7071 7071 7073 7073 7063 7063 7072 7072 7060 7060 7074 7074 7072 7072 7074 7074 7073 7073 7073 7073 7074 7074 7075 7075 7073 7073 7075 7075 7063 7063 7074 7074 7060 7060 7076 7076 7074 7074 7076 7076 7075 7075 7075 7075 7076 7076 7077 7077 7075 7075 7077 7077 7063 7063 7076 7076 7060 7060 7078 7078 7076 7076 7078 7078 7077 7077 7077 7077 7078 7078 7079 7079 7077 7077 7079 7079 7063 7063 7078 7078 7060 7060 7080 7080 7078 7078 7080 7080 7079 7079 7079 7079 7080 7080 7081 7081 7079 7079 7081 7081 7063 7063 7080 7080 7060 7060 7061 7061 7080 7080 7061 7061 7081 7081 7081 7081 7061 7061 7062 7062 7081 7081 7062 7062 7063 7063 7083 7083 7082 7082 7086 7086 7083 7083 7086 7086 7084 7084 7084 7084 7086 7086 7087 7087 7084 7084 7087 7087 7085 7085 7086 7086 7082 7082 7088 7088 7086 7086 7088 7088 7087 7087 7087 7087 7088 7088 7089 7089 7087 7087 7089 7089 7085 7085 7088 7088 7082 7082 7090 7090 7088 7088 7090 7090 7089 7089 7089 7089 7090 7090 7091 7091 7089 7089 7091 7091 7085 7085 7090 7090 7082 7082 7092 7092 7090 7090 7092 7092 7091 7091 7091 7091 7092 7092 7093 7093 7091 7091 7093 7093 7085 7085 7092 7092 7082 7082 7094 7094 7092 7092 7094 7094 7093 7093 7093 7093 7094 7094 7095 7095 7093 7093 7095 7095 7085 7085 7094 7094 7082 7082 7096 7096 7094 7094 7096 7096 7095 7095 7095 7095 7096 7096 7097 7097 7095 7095 7097 7097 7085 7085 7096 7096 7082 7082 7098 7098 7096 7096 7098 7098 7097 7097 7097 7097 7098 7098 7099 7099 7097 7097 7099 7099 7085 7085 7098 7098 7082 7082 7100 7100 7098 7098 7100 7100 7099 7099 7099 7099 7100 7100 7101 7101 7099 7099 7101 7101 7085 7085 7100 7100 7082 7082 7102 7102 7100 7100 7102 7102 7101 7101 7101 7101 7102 7102 7103 7103 7101 7101 7103 7103 7085 7085 7102 7102 7082 7082 7083 7083 7102 7102 7083 7083 7103 7103 7103 7103 7083 7083 7084 7084 7103 7103 7084 7084 7085 7085 7105 7105 7104 7104 7108 7108 7105 7105 7108 7108 7106 7106 7106 7106 7108 7108 7109 7109 7106 7106 7109 7109 7107 7107 7108 7108 7104 7104 7110 7110 7108 7108 7110 7110 7109 7109 7109 7109 7110 7110 7111 7111 7109 7109 7111 7111 7107 7107 7110 7110 7104 7104 7112 7112 7110 7110 7112 7112 7111 7111 7111 7111 7112 7112 7113 7113 7111 7111 7113 7113 7107 7107 7112 7112 7104 7104 7114 7114 7112 7112 7114 7114 7113 7113 7113 7113 7114 7114 7115 7115 7113 7113 7115 7115 7107 7107 7114 7114 7104 7104 7116 7116 7114 7114 7116 7116 7115 7115 7115 7115 7116 7116 7117 7117 7115 7115 7117 7117 7107 7107 7116 7116 7104 7104 7118 7118 7116 7116 7118 7118 7117 7117 7117 7117 7118 7118 7119 7119 7117 7117 7119 7119 7107 7107 7118 7118 7104 7104 7120 7120 7118 7118 7120 7120 7119 7119 7119 7119 7120 7120 7121 7121 7119 7119 7121 7121 7107 7107 7120 7120 7104 7104 7122 7122 7120 7120 7122 7122 7121 7121 7121 7121 7122 7122 7123 7123 7121 7121 7123 7123 7107 7107 7122 7122 7104 7104 7124 7124 7122 7122 7124 7124 7123 7123 7123 7123 7124 7124 7125 7125 7123 7123 7125 7125 7107 7107 7124 7124 7104 7104 7105 7105 7124 7124 7105 7105 7125 7125 7125 7125 7105 7105 7106 7106 7125 7125 7106 7106 7107 7107 7127 7127 7126 7126 7130 7130 7127 7127 7130 7130 7128 7128 7128 7128 7130 7130 7131 7131 7128 7128 7131 7131 7129 7129 7130 7130 7126 7126 7132 7132 7130 7130 7132 7132 7131 7131 7131 7131 7132 7132 7133 7133 7131 7131 7133 7133 7129 7129 7132 7132 7126 7126 7134 7134 7132 7132 7134 7134 7133 7133 7133 7133 7134 7134 7135 7135 7133 7133 7135 7135 7129 7129 7134 7134 7126 7126 7136 7136 7134 7134 7136 7136 7135 7135 7135 7135 7136 7136 7137 7137 7135 7135 7137 7137 7129 7129 7136 7136 7126 7126 7138 7138 7136 7136 7138 7138 7137 7137 7137 7137 7138 7138 7139 7139 7137 7137 7139 7139 7129 7129 7138 7138 7126 7126 7140 7140 7138 7138 7140 7140 7139 7139 7139 7139 7140 7140 7141 7141 7139 7139 7141 7141 7129 7129 7140 7140 7126 7126 7142 7142 7140 7140 7142 7142 7141 7141 7141 7141 7142 7142 7143 7143 7141 7141 7143 7143 7129 7129 7142 7142 7126 7126 7144 7144 7142 7142 7144 7144 7143 7143 7143 7143 7144 7144 7145 7145 7143 7143 7145 7145 7129 7129 7144 7144 7126 7126 7146 7146 7144 7144 7146 7146 7145 7145 7145 7145 7146 7146 7147 7147 7145 7145 7147 7147 7129 7129 7146 7146 7126 7126 7127 7127 7146 7146 7127 7127 7147 7147 7147 7147 7127 7127 7128 7128 7147 7147 7128 7128 7129 7129 7149 7149 7148 7148 7152 7152 7149 7149 7152 7152 7150 7150 7150 7150 7152 7152 7153 7153 7150 7150 7153 7153 7151 7151 7152 7152 7148 7148 7154 7154 7152 7152 7154 7154 7153 7153 7153 7153 7154 7154 7155 7155 7153 7153 7155 7155 7151 7151 7154 7154 7148 7148 7156 7156 7154 7154 7156 7156 7155 7155 7155 7155 7156 7156 7157 7157 7155 7155 7157 7157 7151 7151 7156 7156 7148 7148 7158 7158 7156 7156 7158 7158 7157 7157 7157 7157 7158 7158 7159 7159 7157 7157 7159 7159 7151 7151 7158 7158 7148 7148 7160 7160 7158 7158 7160 7160 7159 7159 7159 7159 7160 7160 7161 7161 7159 7159 7161 7161 7151 7151 7160 7160 7148 7148 7162 7162 7160 7160 7162 7162 7161 7161 7161 7161 7162 7162 7163 7163 7161 7161 7163 7163 7151 7151 7162 7162 7148 7148 7164 7164 7162 7162 7164 7164 7163 7163 7163 7163 7164 7164 7165 7165 7163 7163 7165 7165 7151 7151 7164 7164 7148 7148 7166 7166 7164 7164 7166 7166 7165 7165 7165 7165 7166 7166 7167 7167 7165 7165 7167 7167 7151 7151 7166 7166 7148 7148 7168 7168 7166 7166 7168 7168 7167 7167 7167 7167 7168 7168 7169 7169 7167 7167 7169 7169 7151 7151 7168 7168 7148 7148 7149 7149 7168 7168 7149 7149 7169 7169 7169 7169 7149 7149 7150 7150 7169 7169 7150 7150 7151 7151 7171 7171 7170 7170 7174 7174 7171 7171 7174 7174 7172 7172 7172 7172 7174 7174 7175 7175 7172 7172 7175 7175 7173 7173 7174 7174 7170 7170 7176 7176 7174 7174 7176 7176 7175 7175 7175 7175 7176 7176 7177 7177 7175 7175 7177 7177 7173 7173 7176 7176 7170 7170 7178 7178 7176 7176 7178 7178 7177 7177 7177 7177 7178 7178 7179 7179 7177 7177 7179 7179 7173 7173 7178 7178 7170 7170 7180 7180 7178 7178 7180 7180 7179 7179 7179 7179 7180 7180 7181 7181 7179 7179 7181 7181 7173 7173 7180 7180 7170 7170 7182 7182 7180 7180 7182 7182 7181 7181 7181 7181 7182 7182 7183 7183 7181 7181 7183 7183 7173 7173 7182 7182 7170 7170 7184 7184 7182 7182 7184 7184 7183 7183 7183 7183 7184 7184 7185 7185 7183 7183 7185 7185 7173 7173 7184 7184 7170 7170 7186 7186 7184 7184 7186 7186 7185 7185 7185 7185 7186 7186 7187 7187 7185 7185 7187 7187 7173 7173 7186 7186 7170 7170 7188 7188 7186 7186 7188 7188 7187 7187 7187 7187 7188 7188 7189 7189 7187 7187 7189 7189 7173 7173 7188 7188 7170 7170 7190 7190 7188 7188 7190 7190 7189 7189 7189 7189 7190 7190 7191 7191 7189 7189 7191 7191 7173 7173 7190 7190 7170 7170 7171 7171 7190 7190 7171 7171 7191 7191 7191 7191 7171 7171 7172 7172 7191 7191 7172 7172 7173 7173 7193 7193 7192 7192 7196 7196 7193 7193 7196 7196 7194 7194 7194 7194 7196 7196 7197 7197 7194 7194 7197 7197 7195 7195 7196 7196 7192 7192 7198 7198 7196 7196 7198 7198 7197 7197 7197 7197 7198 7198 7199 7199 7197 7197 7199 7199 7195 7195 7198 7198 7192 7192 7200 7200 7198 7198 7200 7200 7199 7199 7199 7199 7200 7200 7201 7201 7199 7199 7201 7201 7195 7195 7200 7200 7192 7192 7202 7202 7200 7200 7202 7202 7201 7201 7201 7201 7202 7202 7203 7203 7201 7201 7203 7203 7195 7195 7202 7202 7192 7192 7204 7204 7202 7202 7204 7204 7203 7203 7203 7203 7204 7204 7205 7205 7203 7203 7205 7205 7195 7195 7204 7204 7192 7192 7206 7206 7204 7204 7206 7206 7205 7205 7205 7205 7206 7206 7207 7207 7205 7205 7207 7207 7195 7195 7206 7206 7192 7192 7208 7208 7206 7206 7208 7208 7207 7207 7207 7207 7208 7208 7209 7209 7207 7207 7209 7209 7195 7195 7208 7208 7192 7192 7210 7210 7208 7208 7210 7210 7209 7209 7209 7209 7210 7210 7211 7211 7209 7209 7211 7211 7195 7195 7210 7210 7192 7192 7212 7212 7210 7210 7212 7212 7211 7211 7211 7211 7212 7212 7213 7213 7211 7211 7213 7213 7195 7195 7212 7212 7192 7192 7193 7193 7212 7212 7193 7193 7213 7213 7213 7213 7193 7193 7194 7194 7213 7213 7194 7194 7195 7195 7215 7215 7214 7214 7218 7218 7215 7215 7218 7218 7216 7216 7216 7216 7218 7218 7219 7219 7216 7216 7219 7219 7217 7217 7218 7218 7214 7214 7220 7220 7218 7218 7220 7220 7219 7219 7219 7219 7220 7220 7221 7221 7219 7219 7221 7221 7217 7217 7220 7220 7214 7214 7222 7222 7220 7220 7222 7222 7221 7221 7221 7221 7222 7222 7223 7223 7221 7221 7223 7223 7217 7217 7222 7222 7214 7214 7224 7224 7222 7222 7224 7224 7223 7223 7223 7223 7224 7224 7225 7225 7223 7223 7225 7225 7217 7217 7224 7224 7214 7214 7226 7226 7224 7224 7226 7226 7225 7225 7225 7225 7226 7226 7227 7227 7225 7225 7227 7227 7217 7217 7226 7226 7214 7214 7228 7228 7226 7226 7228 7228 7227 7227 7227 7227 7228 7228 7229 7229 7227 7227 7229 7229 7217 7217 7228 7228 7214 7214 7230 7230 7228 7228 7230 7230 7229 7229 7229 7229 7230 7230 7231 7231 7229 7229 7231 7231 7217 7217 7230 7230 7214 7214 7232 7232 7230 7230 7232 7232 7231 7231 7231 7231 7232 7232 7233 7233 7231 7231 7233 7233 7217 7217 7232 7232 7214 7214 7234 7234 7232 7232 7234 7234 7233 7233 7233 7233 7234 7234 7235 7235 7233 7233 7235 7235 7217 7217 7234 7234 7214 7214 7215 7215 7234 7234 7215 7215 7235 7235 7235 7235 7215 7215 7216 7216 7235 7235 7216 7216 7217 7217 7237 7237 7236 7236 7240 7240 7237 7237 7240 7240 7238 7238 7238 7238 7240 7240 7241 7241 7238 7238 7241 7241 7239 7239 7240 7240 7236 7236 7242 7242 7240 7240 7242 7242 7241 7241 7241 7241 7242 7242 7243 7243 7241 7241 7243 7243 7239 7239 7242 7242 7236 7236 7244 7244 7242 7242 7244 7244 7243 7243 7243 7243 7244 7244 7245 7245 7243 7243 7245 7245 7239 7239 7244 7244 7236 7236 7246 7246 7244 7244 7246 7246 7245 7245 7245 7245 7246 7246 7247 7247 7245 7245 7247 7247 7239 7239 7246 7246 7236 7236 7248 7248 7246 7246 7248 7248 7247 7247 7247 7247 7248 7248 7249 7249 7247 7247 7249 7249 7239 7239 7248 7248 7236 7236 7250 7250 7248 7248 7250 7250 7249 7249 7249 7249 7250 7250 7251 7251 7249 7249 7251 7251 7239 7239 7250 7250 7236 7236 7252 7252 7250 7250 7252 7252 7251 7251 7251 7251 7252 7252 7253 7253 7251 7251 7253 7253 7239 7239 7252 7252 7236 7236 7254 7254 7252 7252 7254 7254 7253 7253 7253 7253 7254 7254 7255 7255 7253 7253 7255 7255 7239 7239 7254 7254 7236 7236 7256 7256 7254 7254 7256 7256 7255 7255 7255 7255 7256 7256 7257 7257 7255 7255 7257 7257 7239 7239 7256 7256 7236 7236 7237 7237 7256 7256 7237 7237 7257 7257 7257 7257 7237 7237 7238 7238 7257 7257 7238 7238 7239 7239 7259 7259 7258 7258 7262 7262 7259 7259 7262 7262 7260 7260 7260 7260 7262 7262 7263 7263 7260 7260 7263 7263 7261 7261 7262 7262 7258 7258 7264 7264 7262 7262 7264 7264 7263 7263 7263 7263 7264 7264 7265 7265 7263 7263 7265 7265 7261 7261 7264 7264 7258 7258 7266 7266 7264 7264 7266 7266 7265 7265 7265 7265 7266 7266 7267 7267 7265 7265 7267 7267 7261 7261 7266 7266 7258 7258 7268 7268 7266 7266 7268 7268 7267 7267 7267 7267 7268 7268 7269 7269 7267 7267 7269 7269 7261 7261 7268 7268 7258 7258 7270 7270 7268 7268 7270 7270 7269 7269 7269 7269 7270 7270 7271 7271 7269 7269 7271 7271 7261 7261 7270 7270 7258 7258 7272 7272 7270 7270 7272 7272 7271 7271 7271 7271 7272 7272 7273 7273 7271 7271 7273 7273 7261 7261 7272 7272 7258 7258 7274 7274 7272 7272 7274 7274 7273 7273 7273 7273 7274 7274 7275 7275 7273 7273 7275 7275 7261 7261 7274 7274 7258 7258 7276 7276 7274 7274 7276 7276 7275 7275 7275 7275 7276 7276 7277 7277 7275 7275 7277 7277 7261 7261 7276 7276 7258 7258 7278 7278 7276 7276 7278 7278 7277 7277 7277 7277 7278 7278 7279 7279 7277 7277 7279 7279 7261 7261 7278 7278 7258 7258 7259 7259 7278 7278 7259 7259 7279 7279 7279 7279 7259 7259 7260 7260 7279 7279 7260 7260 7261 7261 7281 7281 7280 7280 7284 7284 7281 7281 7284 7284 7282 7282 7282 7282 7284 7284 7285 7285 7282 7282 7285 7285 7283 7283 7284 7284 7280 7280 7286 7286 7284 7284 7286 7286 7285 7285 7285 7285 7286 7286 7287 7287 7285 7285 7287 7287 7283 7283 7286 7286 7280 7280 7288 7288 7286 7286 7288 7288 7287 7287 7287 7287 7288 7288 7289 7289 7287 7287 7289 7289 7283 7283 7288 7288 7280 7280 7290 7290 7288 7288 7290 7290 7289 7289 7289 7289 7290 7290 7291 7291 7289 7289 7291 7291 7283 7283 7290 7290 7280 7280 7292 7292 7290 7290 7292 7292 7291 7291 7291 7291 7292 7292 7293 7293 7291 7291 7293 7293 7283 7283 7292 7292 7280 7280 7294 7294 7292 7292 7294 7294 7293 7293 7293 7293 7294 7294 7295 7295 7293 7293 7295 7295 7283 7283 7294 7294 7280 7280 7296 7296 7294 7294 7296 7296 7295 7295 7295 7295 7296 7296 7297 7297 7295 7295 7297 7297 7283 7283 7296 7296 7280 7280 7298 7298 7296 7296 7298 7298 7297 7297 7297 7297 7298 7298 7299 7299 7297 7297 7299 7299 7283 7283 7298 7298 7280 7280 7300 7300 7298 7298 7300 7300 7299 7299 7299 7299 7300 7300 7301 7301 7299 7299 7301 7301 7283 7283 7300 7300 7280 7280 7281 7281 7300 7300 7281 7281 7301 7301 7301 7301 7281 7281 7282 7282 7301 7301 7282 7282 7283 7283 7303 7303 7302 7302 7306 7306 7303 7303 7306 7306 7304 7304 7304 7304 7306 7306 7307 7307 7304 7304 7307 7307 7305 7305 7306 7306 7302 7302 7308 7308 7306 7306 7308 7308 7307 7307 7307 7307 7308 7308 7309 7309 7307 7307 7309 7309 7305 7305 7308 7308 7302 7302 7310 7310 7308 7308 7310 7310 7309 7309 7309 7309 7310 7310 7311 7311 7309 7309 7311 7311 7305 7305 7310 7310 7302 7302 7312 7312 7310 7310 7312 7312 7311 7311 7311 7311 7312 7312 7313 7313 7311 7311 7313 7313 7305 7305 7312 7312 7302 7302 7314 7314 7312 7312 7314 7314 7313 7313 7313 7313 7314 7314 7315 7315 7313 7313 7315 7315 7305 7305 7314 7314 7302 7302 7316 7316 7314 7314 7316 7316 7315 7315 7315 7315 7316 7316 7317 7317 7315 7315 7317 7317 7305 7305 7316 7316 7302 7302 7318 7318 7316 7316 7318 7318 7317 7317 7317 7317 7318 7318 7319 7319 7317 7317 7319 7319 7305 7305 7318 7318 7302 7302 7320 7320 7318 7318 7320 7320 7319 7319 7319 7319 7320 7320 7321 7321 7319 7319 7321 7321 7305 7305 7320 7320 7302 7302 7322 7322 7320 7320 7322 7322 7321 7321 7321 7321 7322 7322 7323 7323 7321 7321 7323 7323 7305 7305 7322 7322 7302 7302 7303 7303 7322 7322 7303 7303 7323 7323 7323 7323 7303 7303 7304 7304 7323 7323 7304 7304 7305 7305 7325 7325 7324 7324 7328 7328 7325 7325 7328 7328 7326 7326 7326 7326 7328 7328 7329 7329 7326 7326 7329 7329 7327 7327 7328 7328 7324 7324 7330 7330 7328 7328 7330 7330 7329 7329 7329 7329 7330 7330 7331 7331 7329 7329 7331 7331 7327 7327 7330 7330 7324 7324 7332 7332 7330 7330 7332 7332 7331 7331 7331 7331 7332 7332 7333 7333 7331 7331 7333 7333 7327 7327 7332 7332 7324 7324 7334 7334 7332 7332 7334 7334 7333 7333 7333 7333 7334 7334 7335 7335 7333 7333 7335 7335 7327 7327 7334 7334 7324 7324 7336 7336 7334 7334 7336 7336 7335 7335 7335 7335 7336 7336 7337 7337 7335 7335 7337 7337 7327 7327 7336 7336 7324 7324 7338 7338 7336 7336 7338 7338 7337 7337 7337 7337 7338 7338 7339 7339 7337 7337 7339 7339 7327 7327 7338 7338 7324 7324 7340 7340 7338 7338 7340 7340 7339 7339 7339 7339 7340 7340 7341 7341 7339 7339 7341 7341 7327 7327 7340 7340 7324 7324 7342 7342 7340 7340 7342 7342 7341 7341 7341 7341 7342 7342 7343 7343 7341 7341 7343 7343 7327 7327 7342 7342 7324 7324 7344 7344 7342 7342 7344 7344 7343 7343 7343 7343 7344 7344 7345 7345 7343 7343 7345 7345 7327 7327 7344 7344 7324 7324 7325 7325 7344 7344 7325 7325 7345 7345 7345 7345 7325 7325 7326 7326 7345 7345 7326 7326 7327 7327 7347 7347 7346 7346 7350 7350 7347 7347 7350 7350 7348 7348 7348 7348 7350 7350 7351 7351 7348 7348 7351 7351 7349 7349 7350 7350 7346 7346 7352 7352 7350 7350 7352 7352 7351 7351 7351 7351 7352 7352 7353 7353 7351 7351 7353 7353 7349 7349 7352 7352 7346 7346 7354 7354 7352 7352 7354 7354 7353 7353 7353 7353 7354 7354 7355 7355 7353 7353 7355 7355 7349 7349 7354 7354 7346 7346 7356 7356 7354 7354 7356 7356 7355 7355 7355 7355 7356 7356 7357 7357 7355 7355 7357 7357 7349 7349 7356 7356 7346 7346 7358 7358 7356 7356 7358 7358 7357 7357 7357 7357 7358 7358 7359 7359 7357 7357 7359 7359 7349 7349 7358 7358 7346 7346 7360 7360 7358 7358 7360 7360 7359 7359 7359 7359 7360 7360 7361 7361 7359 7359 7361 7361 7349 7349 7360 7360 7346 7346 7362 7362 7360 7360 7362 7362 7361 7361 7361 7361 7362 7362 7363 7363 7361 7361 7363 7363 7349 7349 7362 7362 7346 7346 7364 7364 7362 7362 7364 7364 7363 7363 7363 7363 7364 7364 7365 7365 7363 7363 7365 7365 7349 7349 7364 7364 7346 7346 7366 7366 7364 7364 7366 7366 7365 7365 7365 7365 7366 7366 7367 7367 7365 7365 7367 7367 7349 7349 7366 7366 7346 7346 7347 7347 7366 7366 7347 7347 7367 7367 7367 7367 7347 7347 7348 7348 7367 7367 7348 7348 7349 7349 7369 7369 7368 7368 7372 7372 7369 7369 7372 7372 7370 7370 7370 7370 7372 7372 7373 7373 7370 7370 7373 7373 7371 7371 7372 7372 7368 7368 7374 7374 7372 7372 7374 7374 7373 7373 7373 7373 7374 7374 7375 7375 7373 7373 7375 7375 7371 7371 7374 7374 7368 7368 7376 7376 7374 7374 7376 7376 7375 7375 7375 7375 7376 7376 7377 7377 7375 7375 7377 7377 7371 7371 7376 7376 7368 7368 7378 7378 7376 7376 7378 7378 7377 7377 7377 7377 7378 7378 7379 7379 7377 7377 7379 7379 7371 7371 7378 7378 7368 7368 7380 7380 7378 7378 7380 7380 7379 7379 7379 7379 7380 7380 7381 7381 7379 7379 7381 7381 7371 7371 7380 7380 7368 7368 7382 7382 7380 7380 7382 7382 7381 7381 7381 7381 7382 7382 7383 7383 7381 7381 7383 7383 7371 7371 7382 7382 7368 7368 7384 7384 7382 7382 7384 7384 7383 7383 7383 7383 7384 7384 7385 7385 7383 7383 7385 7385 7371 7371 7384 7384 7368 7368 7386 7386 7384 7384 7386 7386 7385 7385 7385 7385 7386 7386 7387 7387 7385 7385 7387 7387 7371 7371 7386 7386 7368 7368 7388 7388 7386 7386 7388 7388 7387 7387 7387 7387 7388 7388 7389 7389 7387 7387 7389 7389 7371 7371 7388 7388 7368 7368 7369 7369 7388 7388 7369 7369 7389 7389 7389 7389 7369 7369 7370 7370 7389 7389 7370 7370 7371 7371 7391 7391 7390 7390 7394 7394 7391 7391 7394 7394 7392 7392 7392 7392 7394 7394 7395 7395 7392 7392 7395 7395 7393 7393 7394 7394 7390 7390 7396 7396 7394 7394 7396 7396 7395 7395 7395 7395 7396 7396 7397 7397 7395 7395 7397 7397 7393 7393 7396 7396 7390 7390 7398 7398 7396 7396 7398 7398 7397 7397 7397 7397 7398 7398 7399 7399 7397 7397 7399 7399 7393 7393 7398 7398 7390 7390 7400 7400 7398 7398 7400 7400 7399 7399 7399 7399 7400 7400 7401 7401 7399 7399 7401 7401 7393 7393 7400 7400 7390 7390 7402 7402 7400 7400 7402 7402 7401 7401 7401 7401 7402 7402 7403 7403 7401 7401 7403 7403 7393 7393 7402 7402 7390 7390 7404 7404 7402 7402 7404 7404 7403 7403 7403 7403 7404 7404 7405 7405 7403 7403 7405 7405 7393 7393 7404 7404 7390 7390 7406 7406 7404 7404 7406 7406 7405 7405 7405 7405 7406 7406 7407 7407 7405 7405 7407 7407 7393 7393 7406 7406 7390 7390 7408 7408 7406 7406 7408 7408 7407 7407 7407 7407 7408 7408 7409 7409 7407 7407 7409 7409 7393 7393 7408 7408 7390 7390 7410 7410 7408 7408 7410 7410 7409 7409 7409 7409 7410 7410 7411 7411 7409 7409 7411 7411 7393 7393 7410 7410 7390 7390 7391 7391 7410 7410 7391 7391 7411 7411 7411 7411 7391 7391 7392 7392 7411 7411 7392 7392 7393 7393 7413 7413 7412 7412 7416 7416 7413 7413 7416 7416 7414 7414 7414 7414 7416 7416 7417 7417 7414 7414 7417 7417 7415 7415 7416 7416 7412 7412 7418 7418 7416 7416 7418 7418 7417 7417 7417 7417 7418 7418 7419 7419 7417 7417 7419 7419 7415 7415 7418 7418 7412 7412 7420 7420 7418 7418 7420 7420 7419 7419 7419 7419 7420 7420 7421 7421 7419 7419 7421 7421 7415 7415 7420 7420 7412 7412 7422 7422 7420 7420 7422 7422 7421 7421 7421 7421 7422 7422 7423 7423 7421 7421 7423 7423 7415 7415 7422 7422 7412 7412 7424 7424 7422 7422 7424 7424 7423 7423 7423 7423 7424 7424 7425 7425 7423 7423 7425 7425 7415 7415 7424 7424 7412 7412 7426 7426 7424 7424 7426 7426 7425 7425 7425 7425 7426 7426 7427 7427 7425 7425 7427 7427 7415 7415 7426 7426 7412 7412 7428 7428 7426 7426 7428 7428 7427 7427 7427 7427 7428 7428 7429 7429 7427 7427 7429 7429 7415 7415 7428 7428 7412 7412 7430 7430 7428 7428 7430 7430 7429 7429 7429 7429 7430 7430 7431 7431 7429 7429 7431 7431 7415 7415 7430 7430 7412 7412 7432 7432 7430 7430 7432 7432 7431 7431 7431 7431 7432 7432 7433 7433 7431 7431 7433 7433 7415 7415 7432 7432 7412 7412 7413 7413 7432 7432 7413 7413 7433 7433 7433 7433 7413 7413 7414 7414 7433 7433 7414 7414 7415 7415 7435 7435 7434 7434 7438 7438 7435 7435 7438 7438 7436 7436 7436 7436 7438 7438 7439 7439 7436 7436 7439 7439 7437 7437 7438 7438 7434 7434 7440 7440 7438 7438 7440 7440 7439 7439 7439 7439 7440 7440 7441 7441 7439 7439 7441 7441 7437 7437 7440 7440 7434 7434 7442 7442 7440 7440 7442 7442 7441 7441 7441 7441 7442 7442 7443 7443 7441 7441 7443 7443 7437 7437 7442 7442 7434 7434 7444 7444 7442 7442 7444 7444 7443 7443 7443 7443 7444 7444 7445 7445 7443 7443 7445 7445 7437 7437 7444 7444 7434 7434 7446 7446 7444 7444 7446 7446 7445 7445 7445 7445 7446 7446 7447 7447 7445 7445 7447 7447 7437 7437 7446 7446 7434 7434 7448 7448 7446 7446 7448 7448 7447 7447 7447 7447 7448 7448 7449 7449 7447 7447 7449 7449 7437 7437 7448 7448 7434 7434 7450 7450 7448 7448 7450 7450 7449 7449 7449 7449 7450 7450 7451 7451 7449 7449 7451 7451 7437 7437 7450 7450 7434 7434 7452 7452 7450 7450 7452 7452 7451 7451 7451 7451 7452 7452 7453 7453 7451 7451 7453 7453 7437 7437 7452 7452 7434 7434 7454 7454 7452 7452 7454 7454 7453 7453 7453 7453 7454 7454 7455 7455 7453 7453 7455 7455 7437 7437 7454 7454 7434 7434 7435 7435 7454 7454 7435 7435 7455 7455 7455 7455 7435 7435 7436 7436 7455 7455 7436 7436 7437 7437 7457 7457 7456 7456 7460 7460 7457 7457 7460 7460 7458 7458 7458 7458 7460 7460 7461 7461 7458 7458 7461 7461 7459 7459 7460 7460 7456 7456 7462 7462 7460 7460 7462 7462 7461 7461 7461 7461 7462 7462 7463 7463 7461 7461 7463 7463 7459 7459 7462 7462 7456 7456 7464 7464 7462 7462 7464 7464 7463 7463 7463 7463 7464 7464 7465 7465 7463 7463 7465 7465 7459 7459 7464 7464 7456 7456 7466 7466 7464 7464 7466 7466 7465 7465 7465 7465 7466 7466 7467 7467 7465 7465 7467 7467 7459 7459 7466 7466 7456 7456 7468 7468 7466 7466 7468 7468 7467 7467 7467 7467 7468 7468 7469 7469 7467 7467 7469 7469 7459 7459 7468 7468 7456 7456 7470 7470 7468 7468 7470 7470 7469 7469 7469 7469 7470 7470 7471 7471 7469 7469 7471 7471 7459 7459 7470 7470 7456 7456 7472 7472 7470 7470 7472 7472 7471 7471 7471 7471 7472 7472 7473 7473 7471 7471 7473 7473 7459 7459 7472 7472 7456 7456 7474 7474 7472 7472 7474 7474 7473 7473 7473 7473 7474 7474 7475 7475 7473 7473 7475 7475 7459 7459 7474 7474 7456 7456 7476 7476 7474 7474 7476 7476 7475 7475 7475 7475 7476 7476 7477 7477 7475 7475 7477 7477 7459 7459 7476 7476 7456 7456 7457 7457 7476 7476 7457 7457 7477 7477 7477 7477 7457 7457 7458 7458 7477 7477 7458 7458 7459 7459 7479 7479 7478 7478 7482 7482 7479 7479 7482 7482 7480 7480 7480 7480 7482 7482 7483 7483 7480 7480 7483 7483 7481 7481 7482 7482 7478 7478 7484 7484 7482 7482 7484 7484 7483 7483 7483 7483 7484 7484 7485 7485 7483 7483 7485 7485 7481 7481 7484 7484 7478 7478 7486 7486 7484 7484 7486 7486 7485 7485 7485 7485 7486 7486 7487 7487 7485 7485 7487 7487 7481 7481 7486 7486 7478 7478 7488 7488 7486 7486 7488 7488 7487 7487 7487 7487 7488 7488 7489 7489 7487 7487 7489 7489 7481 7481 7488 7488 7478 7478 7490 7490 7488 7488 7490 7490 7489 7489 7489 7489 7490 7490 7491 7491 7489 7489 7491 7491 7481 7481 7490 7490 7478 7478 7492 7492 7490 7490 7492 7492 7491 7491 7491 7491 7492 7492 7493 7493 7491 7491 7493 7493 7481 7481 7492 7492 7478 7478 7494 7494 7492 7492 7494 7494 7493 7493 7493 7493 7494 7494 7495 7495 7493 7493 7495 7495 7481 7481 7494 7494 7478 7478 7496 7496 7494 7494 7496 7496 7495 7495 7495 7495 7496 7496 7497 7497 7495 7495 7497 7497 7481 7481 7496 7496 7478 7478 7498 7498 7496 7496 7498 7498 7497 7497 7497 7497 7498 7498 7499 7499 7497 7497 7499 7499 7481 7481 7498 7498 7478 7478 7479 7479 7498 7498 7479 7479 7499 7499 7499 7499 7479 7479 7480 7480 7499 7499 7480 7480 7481 7481 7501 7501 7500 7500 7504 7504 7501 7501 7504 7504 7502 7502 7502 7502 7504 7504 7505 7505 7502 7502 7505 7505 7503 7503 7504 7504 7500 7500 7506 7506 7504 7504 7506 7506 7505 7505 7505 7505 7506 7506 7507 7507 7505 7505 7507 7507 7503 7503 7506 7506 7500 7500 7508 7508 7506 7506 7508 7508 7507 7507 7507 7507 7508 7508 7509 7509 7507 7507 7509 7509 7503 7503 7508 7508 7500 7500 7510 7510 7508 7508 7510 7510 7509 7509 7509 7509 7510 7510 7511 7511 7509 7509 7511 7511 7503 7503 7510 7510 7500 7500 7512 7512 7510 7510 7512 7512 7511 7511 7511 7511 7512 7512 7513 7513 7511 7511 7513 7513 7503 7503 7512 7512 7500 7500 7514 7514 7512 7512 7514 7514 7513 7513 7513 7513 7514 7514 7515 7515 7513 7513 7515 7515 7503 7503 7514 7514 7500 7500 7516 7516 7514 7514 7516 7516 7515 7515 7515 7515 7516 7516 7517 7517 7515 7515 7517 7517 7503 7503 7516 7516 7500 7500 7518 7518 7516 7516 7518 7518 7517 7517 7517 7517 7518 7518 7519 7519 7517 7517 7519 7519 7503 7503 7518 7518 7500 7500 7520 7520 7518 7518 7520 7520 7519 7519 7519 7519 7520 7520 7521 7521 7519 7519 7521 7521 7503 7503 7520 7520 7500 7500 7501 7501 7520 7520 7501 7501 7521 7521 7521 7521 7501 7501 7502 7502 7521 7521 7502 7502 7503 7503 7523 7523 7522 7522 7526 7526 7523 7523 7526 7526 7524 7524 7524 7524 7526 7526 7527 7527 7524 7524 7527 7527 7525 7525 7526 7526 7522 7522 7528 7528 7526 7526 7528 7528 7527 7527 7527 7527 7528 7528 7529 7529 7527 7527 7529 7529 7525 7525 7528 7528 7522 7522 7530 7530 7528 7528 7530 7530 7529 7529 7529 7529 7530 7530 7531 7531 7529 7529 7531 7531 7525 7525 7530 7530 7522 7522 7532 7532 7530 7530 7532 7532 7531 7531 7531 7531 7532 7532 7533 7533 7531 7531 7533 7533 7525 7525 7532 7532 7522 7522 7534 7534 7532 7532 7534 7534 7533 7533 7533 7533 7534 7534 7535 7535 7533 7533 7535 7535 7525 7525 7534 7534 7522 7522 7536 7536 7534 7534 7536 7536 7535 7535 7535 7535 7536 7536 7537 7537 7535 7535 7537 7537 7525 7525 7536 7536 7522 7522 7538 7538 7536 7536 7538 7538 7537 7537 7537 7537 7538 7538 7539 7539 7537 7537 7539 7539 7525 7525 7538 7538 7522 7522 7540 7540 7538 7538 7540 7540 7539 7539 7539 7539 7540 7540 7541 7541 7539 7539 7541 7541 7525 7525 7540 7540 7522 7522 7542 7542 7540 7540 7542 7542 7541 7541 7541 7541 7542 7542 7543 7543 7541 7541 7543 7543 7525 7525 7542 7542 7522 7522 7523 7523 7542 7542 7523 7523 7543 7543 7543 7543 7523 7523 7524 7524 7543 7543 7524 7524 7525 7525 7545 7545 7544 7544 7548 7548 7545 7545 7548 7548 7546 7546 7546 7546 7548 7548 7549 7549 7546 7546 7549 7549 7547 7547 7548 7548 7544 7544 7550 7550 7548 7548 7550 7550 7549 7549 7549 7549 7550 7550 7551 7551 7549 7549 7551 7551 7547 7547 7550 7550 7544 7544 7552 7552 7550 7550 7552 7552 7551 7551 7551 7551 7552 7552 7553 7553 7551 7551 7553 7553 7547 7547 7552 7552 7544 7544 7554 7554 7552 7552 7554 7554 7553 7553 7553 7553 7554 7554 7555 7555 7553 7553 7555 7555 7547 7547 7554 7554 7544 7544 7556 7556 7554 7554 7556 7556 7555 7555 7555 7555 7556 7556 7557 7557 7555 7555 7557 7557 7547 7547 7556 7556 7544 7544 7558 7558 7556 7556 7558 7558 7557 7557 7557 7557 7558 7558 7559 7559 7557 7557 7559 7559 7547 7547 7558 7558 7544 7544 7560 7560 7558 7558 7560 7560 7559 7559 7559 7559 7560 7560 7561 7561 7559 7559 7561 7561 7547 7547 7560 7560 7544 7544 7562 7562 7560 7560 7562 7562 7561 7561 7561 7561 7562 7562 7563 7563 7561 7561 7563 7563 7547 7547 7562 7562 7544 7544 7564 7564 7562 7562 7564 7564 7563 7563 7563 7563 7564 7564 7565 7565 7563 7563 7565 7565 7547 7547 7564 7564 7544 7544 7545 7545 7564 7564 7545 7545 7565 7565 7565 7565 7545 7545 7546 7546 7565 7565 7546 7546 7547 7547 7567 7567 7566 7566 7570 7570 7567 7567 7570 7570 7568 7568 7568 7568 7570 7570 7571 7571 7568 7568 7571 7571 7569 7569 7570 7570 7566 7566 7572 7572 7570 7570 7572 7572 7571 7571 7571 7571 7572 7572 7573 7573 7571 7571 7573 7573 7569 7569 7572 7572 7566 7566 7574 7574 7572 7572 7574 7574 7573 7573 7573 7573 7574 7574 7575 7575 7573 7573 7575 7575 7569 7569 7574 7574 7566 7566 7576 7576 7574 7574 7576 7576 7575 7575 7575 7575 7576 7576 7577 7577 7575 7575 7577 7577 7569 7569 7576 7576 7566 7566 7578 7578 7576 7576 7578 7578 7577 7577 7577 7577 7578 7578 7579 7579 7577 7577 7579 7579 7569 7569 7578 7578 7566 7566 7580 7580 7578 7578 7580 7580 7579 7579 7579 7579 7580 7580 7581 7581 7579 7579 7581 7581 7569 7569 7580 7580 7566 7566 7582 7582 7580 7580 7582 7582 7581 7581 7581 7581 7582 7582 7583 7583 7581 7581 7583 7583 7569 7569 7582 7582 7566 7566 7584 7584 7582 7582 7584 7584 7583 7583 7583 7583 7584 7584 7585 7585 7583 7583 7585 7585 7569 7569 7584 7584 7566 7566 7586 7586 7584 7584 7586 7586 7585 7585 7585 7585 7586 7586 7587 7587 7585 7585 7587 7587 7569 7569 7586 7586 7566 7566 7567 7567 7586 7586 7567 7567 7587 7587 7587 7587 7567 7567 7568 7568 7587 7587 7568 7568 7569 7569 7589 7589 7588 7588 7592 7592 7589 7589 7592 7592 7590 7590 7590 7590 7592 7592 7593 7593 7590 7590 7593 7593 7591 7591 7592 7592 7588 7588 7594 7594 7592 7592 7594 7594 7593 7593 7593 7593 7594 7594 7595 7595 7593 7593 7595 7595 7591 7591 7594 7594 7588 7588 7596 7596 7594 7594 7596 7596 7595 7595 7595 7595 7596 7596 7597 7597 7595 7595 7597 7597 7591 7591 7596 7596 7588 7588 7598 7598 7596 7596 7598 7598 7597 7597 7597 7597 7598 7598 7599 7599 7597 7597 7599 7599 7591 7591 7598 7598 7588 7588 7600 7600 7598 7598 7600 7600 7599 7599 7599 7599 7600 7600 7601 7601 7599 7599 7601 7601 7591 7591 7600 7600 7588 7588 7602 7602 7600 7600 7602 7602 7601 7601 7601 7601 7602 7602 7603 7603 7601 7601 7603 7603 7591 7591 7602 7602 7588 7588 7604 7604 7602 7602 7604 7604 7603 7603 7603 7603 7604 7604 7605 7605 7603 7603 7605 7605 7591 7591 7604 7604 7588 7588 7606 7606 7604 7604 7606 7606 7605 7605 7605 7605 7606 7606 7607 7607 7605 7605 7607 7607 7591 7591 7606 7606 7588 7588 7608 7608 7606 7606 7608 7608 7607 7607 7607 7607 7608 7608 7609 7609 7607 7607 7609 7609 7591 7591 7608 7608 7588 7588 7589 7589 7608 7608 7589 7589 7609 7609 7609 7609 7589 7589 7590 7590 7609 7609 7590 7590 7591 7591 7611 7611 7610 7610 7614 7614 7611 7611 7614 7614 7612 7612 7612 7612 7614 7614 7615 7615 7612 7612 7615 7615 7613 7613 7614 7614 7610 7610 7616 7616 7614 7614 7616 7616 7615 7615 7615 7615 7616 7616 7617 7617 7615 7615 7617 7617 7613 7613 7616 7616 7610 7610 7618 7618 7616 7616 7618 7618 7617 7617 7617 7617 7618 7618 7619 7619 7617 7617 7619 7619 7613 7613 7618 7618 7610 7610 7620 7620 7618 7618 7620 7620 7619 7619 7619 7619 7620 7620 7621 7621 7619 7619 7621 7621 7613 7613 7620 7620 7610 7610 7622 7622 7620 7620 7622 7622 7621 7621 7621 7621 7622 7622 7623 7623 7621 7621 7623 7623 7613 7613 7622 7622 7610 7610 7624 7624 7622 7622 7624 7624 7623 7623 7623 7623 7624 7624 7625 7625 7623 7623 7625 7625 7613 7613 7624 7624 7610 7610 7626 7626 7624 7624 7626 7626 7625 7625 7625 7625 7626 7626 7627 7627 7625 7625 7627 7627 7613 7613 7626 7626 7610 7610 7628 7628 7626 7626 7628 7628 7627 7627 7627 7627 7628 7628 7629 7629 7627 7627 7629 7629 7613 7613 7628 7628 7610 7610 7630 7630 7628 7628 7630 7630 7629 7629 7629 7629 7630 7630 7631 7631 7629 7629 7631 7631 7613 7613 7630 7630 7610 7610 7611 7611 7630 7630 7611 7611 7631 7631 7631 7631 7611 7611 7612 7612 7631 7631 7612 7612 7613 7613 7633 7633 7632 7632 7636 7636 7633 7633 7636 7636 7634 7634 7634 7634 7636 7636 7637 7637 7634 7634 7637 7637 7635 7635 7636 7636 7632 7632 7638 7638 7636 7636 7638 7638 7637 7637 7637 7637 7638 7638 7639 7639 7637 7637 7639 7639 7635 7635 7638 7638 7632 7632 7640 7640 7638 7638 7640 7640 7639 7639 7639 7639 7640 7640 7641 7641 7639 7639 7641 7641 7635 7635 7640 7640 7632 7632 7642 7642 7640 7640 7642 7642 7641 7641 7641 7641 7642 7642 7643 7643 7641 7641 7643 7643 7635 7635 7642 7642 7632 7632 7644 7644 7642 7642 7644 7644 7643 7643 7643 7643 7644 7644 7645 7645 7643 7643 7645 7645 7635 7635 7644 7644 7632 7632 7646 7646 7644 7644 7646 7646 7645 7645 7645 7645 7646 7646 7647 7647 7645 7645 7647 7647 7635 7635 7646 7646 7632 7632 7648 7648 7646 7646 7648 7648 7647 7647 7647 7647 7648 7648 7649 7649 7647 7647 7649 7649 7635 7635 7648 7648 7632 7632 7650 7650 7648 7648 7650 7650 7649 7649 7649 7649 7650 7650 7651 7651 7649 7649 7651 7651 7635 7635 7650 7650 7632 7632 7652 7652 7650 7650 7652 7652 7651 7651 7651 7651 7652 7652 7653 7653 7651 7651 7653 7653 7635 7635 7652 7652 7632 7632 7633 7633 7652 7652 7633 7633 7653 7653 7653 7653 7633 7633 7634 7634 7653 7653 7634 7634 7635 7635 7655 7655 7654 7654 7658 7658 7655 7655 7658 7658 7656 7656 7656 7656 7658 7658 7659 7659 7656 7656 7659 7659 7657 7657 7658 7658 7654 7654 7660 7660 7658 7658 7660 7660 7659 7659 7659 7659 7660 7660 7661 7661 7659 7659 7661 7661 7657 7657 7660 7660 7654 7654 7662 7662 7660 7660 7662 7662 7661 7661 7661 7661 7662 7662 7663 7663 7661 7661 7663 7663 7657 7657 7662 7662 7654 7654 7664 7664 7662 7662 7664 7664 7663 7663 7663 7663 7664 7664 7665 7665 7663 7663 7665 7665 7657 7657 7664 7664 7654 7654 7666 7666 7664 7664 7666 7666 7665 7665 7665 7665 7666 7666 7667 7667 7665 7665 7667 7667 7657 7657 7666 7666 7654 7654 7668 7668 7666 7666 7668 7668 7667 7667 7667 7667 7668 7668 7669 7669 7667 7667 7669 7669 7657 7657 7668 7668 7654 7654 7670 7670 7668 7668 7670 7670 7669 7669 7669 7669 7670 7670 7671 7671 7669 7669 7671 7671 7657 7657 7670 7670 7654 7654 7672 7672 7670 7670 7672 7672 7671 7671 7671 7671 7672 7672 7673 7673 7671 7671 7673 7673 7657 7657 7672 7672 7654 7654 7674 7674 7672 7672 7674 7674 7673 7673 7673 7673 7674 7674 7675 7675 7673 7673 7675 7675 7657 7657 7674 7674 7654 7654 7655 7655 7674 7674 7655 7655 7675 7675 7675 7675 7655 7655 7656 7656 7675 7675 7656 7656 7657 7657 7677 7677 7676 7676 7680 7680 7677 7677 7680 7680 7678 7678 7678 7678 7680 7680 7681 7681 7678 7678 7681 7681 7679 7679 7680 7680 7676 7676 7682 7682 7680 7680 7682 7682 7681 7681 7681 7681 7682 7682 7683 7683 7681 7681 7683 7683 7679 7679 7682 7682 7676 7676 7684 7684 7682 7682 7684 7684 7683 7683 7683 7683 7684 7684 7685 7685 7683 7683 7685 7685 7679 7679 7684 7684 7676 7676 7686 7686 7684 7684 7686 7686 7685 7685 7685 7685 7686 7686 7687 7687 7685 7685 7687 7687 7679 7679 7686 7686 7676 7676 7688 7688 7686 7686 7688 7688 7687 7687 7687 7687 7688 7688 7689 7689 7687 7687 7689 7689 7679 7679 7688 7688 7676 7676 7690 7690 7688 7688 7690 7690 7689 7689 7689 7689 7690 7690 7691 7691 7689 7689 7691 7691 7679 7679 7690 7690 7676 7676 7692 7692 7690 7690 7692 7692 7691 7691 7691 7691 7692 7692 7693 7693 7691 7691 7693 7693 7679 7679 7692 7692 7676 7676 7694 7694 7692 7692 7694 7694 7693 7693 7693 7693 7694 7694 7695 7695 7693 7693 7695 7695 7679 7679 7694 7694 7676 7676 7696 7696 7694 7694 7696 7696 7695 7695 7695 7695 7696 7696 7697 7697 7695 7695 7697 7697 7679 7679 7696 7696 7676 7676 7677 7677 7696 7696 7677 7677 7697 7697 7697 7697 7677 7677 7678 7678 7697 7697 7678 7678 7679 7679 7699 7699 7698 7698 7702 7702 7699 7699 7702 7702 7700 7700 7700 7700 7702 7702 7703 7703 7700 7700 7703 7703 7701 7701 7702 7702 7698 7698 7704 7704 7702 7702 7704 7704 7703 7703 7703 7703 7704 7704 7705 7705 7703 7703 7705 7705 7701 7701 7704 7704 7698 7698 7706 7706 7704 7704 7706 7706 7705 7705 7705 7705 7706 7706 7707 7707 7705 7705 7707 7707 7701 7701 7706 7706 7698 7698 7708 7708 7706 7706 7708 7708 7707 7707 7707 7707 7708 7708 7709 7709 7707 7707 7709 7709 7701 7701 7708 7708 7698 7698 7710 7710 7708 7708 7710 7710 7709 7709 7709 7709 7710 7710 7711 7711 7709 7709 7711 7711 7701 7701 7710 7710 7698 7698 7712 7712 7710 7710 7712 7712 7711 7711 7711 7711 7712 7712 7713 7713 7711 7711 7713 7713 7701 7701 7712 7712 7698 7698 7714 7714 7712 7712 7714 7714 7713 7713 7713 7713 7714 7714 7715 7715 7713 7713 7715 7715 7701 7701 7714 7714 7698 7698 7716 7716 7714 7714 7716 7716 7715 7715 7715 7715 7716 7716 7717 7717 7715 7715 7717 7717 7701 7701 7716 7716 7698 7698 7718 7718 7716 7716 7718 7718 7717 7717 7717 7717 7718 7718 7719 7719 7717 7717 7719 7719 7701 7701 7718 7718 7698 7698 7699 7699 7718 7718 7699 7699 7719 7719 7719 7719 7699 7699 7700 7700 7719 7719 7700 7700 7701 7701 7721 7721 7720 7720 7724 7724 7721 7721 7724 7724 7722 7722 7722 7722 7724 7724 7725 7725 7722 7722 7725 7725 7723 7723 7724 7724 7720 7720 7726 7726 7724 7724 7726 7726 7725 7725 7725 7725 7726 7726 7727 7727 7725 7725 7727 7727 7723 7723 7726 7726 7720 7720 7728 7728 7726 7726 7728 7728 7727 7727 7727 7727 7728 7728 7729 7729 7727 7727 7729 7729 7723 7723 7728 7728 7720 7720 7730 7730 7728 7728 7730 7730 7729 7729 7729 7729 7730 7730 7731 7731 7729 7729 7731 7731 7723 7723 7730 7730 7720 7720 7732 7732 7730 7730 7732 7732 7731 7731 7731 7731 7732 7732 7733 7733 7731 7731 7733 7733 7723 7723 7732 7732 7720 7720 7734 7734 7732 7732 7734 7734 7733 7733 7733 7733 7734 7734 7735 7735 7733 7733 7735 7735 7723 7723 7734 7734 7720 7720 7736 7736 7734 7734 7736 7736 7735 7735 7735 7735 7736 7736 7737 7737 7735 7735 7737 7737 7723 7723 7736 7736 7720 7720 7738 7738 7736 7736 7738 7738 7737 7737 7737 7737 7738 7738 7739 7739 7737 7737 7739 7739 7723 7723 7738 7738 7720 7720 7740 7740 7738 7738 7740 7740 7739 7739 7739 7739 7740 7740 7741 7741 7739 7739 7741 7741 7723 7723 7740 7740 7720 7720 7721 7721 7740 7740 7721 7721 7741 7741 7741 7741 7721 7721 7722 7722 7741 7741 7722 7722 7723 7723 7743 7743 7742 7742 7746 7746 7743 7743 7746 7746 7744 7744 7744 7744 7746 7746 7747 7747 7744 7744 7747 7747 7745 7745 7746 7746 7742 7742 7748 7748 7746 7746 7748 7748 7747 7747 7747 7747 7748 7748 7749 7749 7747 7747 7749 7749 7745 7745 7748 7748 7742 7742 7750 7750 7748 7748 7750 7750 7749 7749 7749 7749 7750 7750 7751 7751 7749 7749 7751 7751 7745 7745 7750 7750 7742 7742 7752 7752 7750 7750 7752 7752 7751 7751 7751 7751 7752 7752 7753 7753 7751 7751 7753 7753 7745 7745 7752 7752 7742 7742 7754 7754 7752 7752 7754 7754 7753 7753 7753 7753 7754 7754 7755 7755 7753 7753 7755 7755 7745 7745 7754 7754 7742 7742 7756 7756 7754 7754 7756 7756 7755 7755 7755 7755 7756 7756 7757 7757 7755 7755 7757 7757 7745 7745 7756 7756 7742 7742 7758 7758 7756 7756 7758 7758 7757 7757 7757 7757 7758 7758 7759 7759 7757 7757 7759 7759 7745 7745 7758 7758 7742 7742 7760 7760 7758 7758 7760 7760 7759 7759 7759 7759 7760 7760 7761 7761 7759 7759 7761 7761 7745 7745 7760 7760 7742 7742 7762 7762 7760 7760 7762 7762 7761 7761 7761 7761 7762 7762 7763 7763 7761 7761 7763 7763 7745 7745 7762 7762 7742 7742 7743 7743 7762 7762 7743 7743 7763 7763 7763 7763 7743 7743 7744 7744 7763 7763 7744 7744 7745 7745 7765 7765 7764 7764 7768 7768 7765 7765 7768 7768 7766 7766 7766 7766 7768 7768 7769 7769 7766 7766 7769 7769 7767 7767 7768 7768 7764 7764 7770 7770 7768 7768 7770 7770 7769 7769 7769 7769 7770 7770 7771 7771 7769 7769 7771 7771 7767 7767 7770 7770 7764 7764 7772 7772 7770 7770 7772 7772 7771 7771 7771 7771 7772 7772 7773 7773 7771 7771 7773 7773 7767 7767 7772 7772 7764 7764 7774 7774 7772 7772 7774 7774 7773 7773 7773 7773 7774 7774 7775 7775 7773 7773 7775 7775 7767 7767 7774 7774 7764 7764 7776 7776 7774 7774 7776 7776 7775 7775 7775 7775 7776 7776 7777 7777 7775 7775 7777 7777 7767 7767 7776 7776 7764 7764 7778 7778 7776 7776 7778 7778 7777 7777 7777 7777 7778 7778 7779 7779 7777 7777 7779 7779 7767 7767 7778 7778 7764 7764 7780 7780 7778 7778 7780 7780 7779 7779 7779 7779 7780 7780 7781 7781 7779 7779 7781 7781 7767 7767 7780 7780 7764 7764 7782 7782 7780 7780 7782 7782 7781 7781 7781 7781 7782 7782 7783 7783 7781 7781 7783 7783 7767 7767 7782 7782 7764 7764 7784 7784 7782 7782 7784 7784 7783 7783 7783 7783 7784 7784 7785 7785 7783 7783 7785 7785 7767 7767 7784 7784 7764 7764 7765 7765 7784 7784 7765 7765 7785 7785 7785 7785 7765 7765 7766 7766 7785 7785 7766 7766 7767 7767 7787 7787 7786 7786 7790 7790 7787 7787 7790 7790 7788 7788 7788 7788 7790 7790 7791 7791 7788 7788 7791 7791 7789 7789 7790 7790 7786 7786 7792 7792 7790 7790 7792 7792 7791 7791 7791 7791 7792 7792 7793 7793 7791 7791 7793 7793 7789 7789 7792 7792 7786 7786 7794 7794 7792 7792 7794 7794 7793 7793 7793 7793 7794 7794 7795 7795 7793 7793 7795 7795 7789 7789 7794 7794 7786 7786 7796 7796 7794 7794 7796 7796 7795 7795 7795 7795 7796 7796 7797 7797 7795 7795 7797 7797 7789 7789 7796 7796 7786 7786 7798 7798 7796 7796 7798 7798 7797 7797 7797 7797 7798 7798 7799 7799 7797 7797 7799 7799 7789 7789 7798 7798 7786 7786 7800 7800 7798 7798 7800 7800 7799 7799 7799 7799 7800 7800 7801 7801 7799 7799 7801 7801 7789 7789 7800 7800 7786 7786 7802 7802 7800 7800 7802 7802 7801 7801 7801 7801 7802 7802 7803 7803 7801 7801 7803 7803 7789 7789 7802 7802 7786 7786 7804 7804 7802 7802 7804 7804 7803 7803 7803 7803 7804 7804 7805 7805 7803 7803 7805 7805 7789 7789 7804 7804 7786 7786 7806 7806 7804 7804 7806 7806 7805 7805 7805 7805 7806 7806 7807 7807 7805 7805 7807 7807 7789 7789 7806 7806 7786 7786 7787 7787 7806 7806 7787 7787 7807 7807 7807 7807 7787 7787 7788 7788 7807 7807 7788 7788 7789 7789 7809 7809 7808 7808 7812 7812 7809 7809 7812 7812 7810 7810 7810 7810 7812 7812 7813 7813 7810 7810 7813 7813 7811 7811 7812 7812 7808 7808 7814 7814 7812 7812 7814 7814 7813 7813 7813 7813 7814 7814 7815 7815 7813 7813 7815 7815 7811 7811 7814 7814 7808 7808 7816 7816 7814 7814 7816 7816 7815 7815 7815 7815 7816 7816 7817 7817 7815 7815 7817 7817 7811 7811 7816 7816 7808 7808 7818 7818 7816 7816 7818 7818 7817 7817 7817 7817 7818 7818 7819 7819 7817 7817 7819 7819 7811 7811 7818 7818 7808 7808 7820 7820 7818 7818 7820 7820 7819 7819 7819 7819 7820 7820 7821 7821 7819 7819 7821 7821 7811 7811 7820 7820 7808 7808 7822 7822 7820 7820 7822 7822 7821 7821 7821 7821 7822 7822 7823 7823 7821 7821 7823 7823 7811 7811 7822 7822 7808 7808 7824 7824 7822 7822 7824 7824 7823 7823 7823 7823 7824 7824 7825 7825 7823 7823 7825 7825 7811 7811 7824 7824 7808 7808 7826 7826 7824 7824 7826 7826 7825 7825 7825 7825 7826 7826 7827 7827 7825 7825 7827 7827 7811 7811 7826 7826 7808 7808 7828 7828 7826 7826 7828 7828 7827 7827 7827 7827 7828 7828 7829 7829 7827 7827 7829 7829 7811 7811 7828 7828 7808 7808 7809 7809 7828 7828 7809 7809 7829 7829 7829 7829 7809 7809 7810 7810 7829 7829 7810 7810 7811 7811 7831 7831 7830 7830 7834 7834 7831 7831 7834 7834 7832 7832 7832 7832 7834 7834 7835 7835 7832 7832 7835 7835 7833 7833 7834 7834 7830 7830 7836 7836 7834 7834 7836 7836 7835 7835 7835 7835 7836 7836 7837 7837 7835 7835 7837 7837 7833 7833 7836 7836 7830 7830 7838 7838 7836 7836 7838 7838 7837 7837 7837 7837 7838 7838 7839 7839 7837 7837 7839 7839 7833 7833 7838 7838 7830 7830 7840 7840 7838 7838 7840 7840 7839 7839 7839 7839 7840 7840 7841 7841 7839 7839 7841 7841 7833 7833 7840 7840 7830 7830 7842 7842 7840 7840 7842 7842 7841 7841 7841 7841 7842 7842 7843 7843 7841 7841 7843 7843 7833 7833 7842 7842 7830 7830 7844 7844 7842 7842 7844 7844 7843 7843 7843 7843 7844 7844 7845 7845 7843 7843 7845 7845 7833 7833 7844 7844 7830 7830 7846 7846 7844 7844 7846 7846 7845 7845 7845 7845 7846 7846 7847 7847 7845 7845 7847 7847 7833 7833 7846 7846 7830 7830 7848 7848 7846 7846 7848 7848 7847 7847 7847 7847 7848 7848 7849 7849 7847 7847 7849 7849 7833 7833 7848 7848 7830 7830 7850 7850 7848 7848 7850 7850 7849 7849 7849 7849 7850 7850 7851 7851 7849 7849 7851 7851 7833 7833 7850 7850 7830 7830 7831 7831 7850 7850 7831 7831 7851 7851 7851 7851 7831 7831 7832 7832 7851 7851 7832 7832 7833 7833 7853 7853 7852 7852 7856 7856 7853 7853 7856 7856 7854 7854 7854 7854 7856 7856 7857 7857 7854 7854 7857 7857 7855 7855 7856 7856 7852 7852 7858 7858 7856 7856 7858 7858 7857 7857 7857 7857 7858 7858 7859 7859 7857 7857 7859 7859 7855 7855 7858 7858 7852 7852 7860 7860 7858 7858 7860 7860 7859 7859 7859 7859 7860 7860 7861 7861 7859 7859 7861 7861 7855 7855 7860 7860 7852 7852 7862 7862 7860 7860 7862 7862 7861 7861 7861 7861 7862 7862 7863 7863 7861 7861 7863 7863 7855 7855 7862 7862 7852 7852 7864 7864 7862 7862 7864 7864 7863 7863 7863 7863 7864 7864 7865 7865 7863 7863 7865 7865 7855 7855 7864 7864 7852 7852 7866 7866 7864 7864 7866 7866 7865 7865 7865 7865 7866 7866 7867 7867 7865 7865 7867 7867 7855 7855 7866 7866 7852 7852 7868 7868 7866 7866 7868 7868 7867 7867 7867 7867 7868 7868 7869 7869 7867 7867 7869 7869 7855 7855 7868 7868 7852 7852 7870 7870 7868 7868 7870 7870 7869 7869 7869 7869 7870 7870 7871 7871 7869 7869 7871 7871 7855 7855 7870 7870 7852 7852 7872 7872 7870 7870 7872 7872 7871 7871 7871 7871 7872 7872 7873 7873 7871 7871 7873 7873 7855 7855 7872 7872 7852 7852 7853 7853 7872 7872 7853 7853 7873 7873 7873 7873 7853 7853 7854 7854 7873 7873 7854 7854 7855 7855 7875 7875 7874 7874 7878 7878 7875 7875 7878 7878 7876 7876 7876 7876 7878 7878 7879 7879 7876 7876 7879 7879 7877 7877 7878 7878 7874 7874 7880 7880 7878 7878 7880 7880 7879 7879 7879 7879 7880 7880 7881 7881 7879 7879 7881 7881 7877 7877 7880 7880 7874 7874 7882 7882 7880 7880 7882 7882 7881 7881 7881 7881 7882 7882 7883 7883 7881 7881 7883 7883 7877 7877 7882 7882 7874 7874 7884 7884 7882 7882 7884 7884 7883 7883 7883 7883 7884 7884 7885 7885 7883 7883 7885 7885 7877 7877 7884 7884 7874 7874 7886 7886 7884 7884 7886 7886 7885 7885 7885 7885 7886 7886 7887 7887 7885 7885 7887 7887 7877 7877 7886 7886 7874 7874 7888 7888 7886 7886 7888 7888 7887 7887 7887 7887 7888 7888 7889 7889 7887 7887 7889 7889 7877 7877 7888 7888 7874 7874 7890 7890 7888 7888 7890 7890 7889 7889 7889 7889 7890 7890 7891 7891 7889 7889 7891 7891 7877 7877 7890 7890 7874 7874 7892 7892 7890 7890 7892 7892 7891 7891 7891 7891 7892 7892 7893 7893 7891 7891 7893 7893 7877 7877 7892 7892 7874 7874 7894 7894 7892 7892 7894 7894 7893 7893 7893 7893 7894 7894 7895 7895 7893 7893 7895 7895 7877 7877 7894 7894 7874 7874 7875 7875 7894 7894 7875 7875 7895 7895 7895 7895 7875 7875 7876 7876 7895 7895 7876 7876 7877 7877 7897 7897 7896 7896 7900 7900 7897 7897 7900 7900 7898 7898 7898 7898 7900 7900 7901 7901 7898 7898 7901 7901 7899 7899 7900 7900 7896 7896 7902 7902 7900 7900 7902 7902 7901 7901 7901 7901 7902 7902 7903 7903 7901 7901 7903 7903 7899 7899 7902 7902 7896 7896 7904 7904 7902 7902 7904 7904 7903 7903 7903 7903 7904 7904 7905 7905 7903 7903 7905 7905 7899 7899 7904 7904 7896 7896 7906 7906 7904 7904 7906 7906 7905 7905 7905 7905 7906 7906 7907 7907 7905 7905 7907 7907 7899 7899 7906 7906 7896 7896 7908 7908 7906 7906 7908 7908 7907 7907 7907 7907 7908 7908 7909 7909 7907 7907 7909 7909 7899 7899 7908 7908 7896 7896 7910 7910 7908 7908 7910 7910 7909 7909 7909 7909 7910 7910 7911 7911 7909 7909 7911 7911 7899 7899 7910 7910 7896 7896 7912 7912 7910 7910 7912 7912 7911 7911 7911 7911 7912 7912 7913 7913 7911 7911 7913 7913 7899 7899 7912 7912 7896 7896 7914 7914 7912 7912 7914 7914 7913 7913 7913 7913 7914 7914 7915 7915 7913 7913 7915 7915 7899 7899 7914 7914 7896 7896 7916 7916 7914 7914 7916 7916 7915 7915 7915 7915 7916 7916 7917 7917 7915 7915 7917 7917 7899 7899 7916 7916 7896 7896 7897 7897 7916 7916 7897 7897 7917 7917 7917 7917 7897 7897 7898 7898 7917 7917 7898 7898 7899 7899 7919 7919 7921 7921 7918 7918 7922 7922 7919 7919 7918 7918 7918 7918 7921 7921 7920 7920 7920 7920 7922 7922 7918 7918 7919 7919 7925 7925 7921 7921 7923 7923 7919 7919 7922 7922 7923 7923 7925 7925 7919 7919 7921 7921 7925 7925 7920 7920 7924 7924 7922 7922 7920 7920 7920 7920 7925 7925 7924 7924 7924 7924 7923 7923 7922 7922 7925 7925 7923 7923 7924 7924 7927 7927 7929 7929 7926 7926 7930 7930 7927 7927 7926 7926 7926 7926 7929 7929 7928 7928 7928 7928 7930 7930 7926 7926 7927 7927 7933 7933 7929 7929 7931 7931 7927 7927 7930 7930 7931 7931 7933 7933 7927 7927 7929 7929 7933 7933 7928 7928 7932 7932 7930 7930 7928 7928 7928 7928 7933 7933 7932 7932 7932 7932 7931 7931 7930 7930 7933 7933 7931 7931 7932 7932</p>
        </triangles>
      </mesh>
    </geometry>
  </library_geometries>
  <library_materials>
    <material id="71ca4580f3ed4e3494d060f8a70daf1e" name="defaultmaterial">
      <instance_effect url="#e353a5144b594a7e9d5a0b379a2f91c1"/>
    </material>
  </library_materials>
  <library_visual_scenes>
    <visual_scene id="scene">
      <node id="node0" name="node0">
        <instance_geometry url="#b0d0780fa4164eda896983be5f0d8701">
          <bind_material>
            <technique_common>
              <instance_material symbol="material0" target="#71ca4580f3ed4e3494d060f8a70daf1e"/>
            </technique_common>
          </bind_material>
        </instance_geometry>
      </node>
    </visual_scene>
  </library_visual_scenes>
  <scene>
    <instance_visual_scene url="#scene"/>
  </scene>
</COLLADA>
