# CINCIN topo: survey TIN + Copernicus DEM (offset 38.34) + Esri uydu, Y-up, yerel
mtllib CINCIN_topo_TM27_D5.mtl
v 115.370 114.900 -65.140
v 119.180 115.000 -67.570
v 124.000 113.700 -67.840
v 142.520 110.200 -69.900
v 152.730 110.400 -71.590
v 167.350 108.600 -72.000
v 181.260 108.400 -73.280
v 191.940 110.300 -71.780
v 207.890 109.400 -71.810
v 221.580 108.000 -72.950
v 236.220 105.400 -74.170
v 245.500 103.800 -75.050
v 260.780 102.700 -75.530
v 262.920 100.700 -68.300
v 267.870 97.400 -62.230
v 261.230 97.600 -58.450
v 245.730 99.400 -51.260
v 235.730 102.800 -43.010
v 227.260 102.200 -37.790
v 211.880 101.200 -26.740
v 205.070 100.900 -21.520
v 195.090 102.000 -28.290
v 182.590 105.500 -35.220
v 174.180 106.500 -28.570
v 165.070 107.800 -19.330
v 157.840 108.700 -11.040
v 154.680 108.800 -5.220
v 151.250 110.200 -21.980
v 147.330 110.600 -29.690
v 135.250 110.800 -44.430
v 123.240 112.000 -56.510
v 125.950 111.600 -53.790
v 138.490 110.000 -40.480
v 240.100 102.900 -46.620
v 148.790 108.900 -62.810
v 173.790 107.600 -64.810
v 198.790 107.100 -65.810
v 223.790 105.100 -67.810
v 243.790 104.000 -68.810
v 133.790 110.000 -60.810
v 218.790 106.500 -69.810
v 153.790 108.500 -48.810
v 176.790 106.100 -50.810
v 196.790 105.600 -51.810
v 218.790 103.400 -52.810
v 230.790 103.000 -53.810
v 163.790 107.100 -46.810
v 186.790 105.800 -50.810
v 163.790 108.400 -33.810
v 180.790 106.500 -31.810
v 196.790 104.900 -29.810
v 213.790 103.500 -30.810
v 188.790 105.900 -36.810
v 170.790 107.400 -28.810
v 204.790 103.600 -28.810
v 188.790 112.800 -79.810
v 218.790 113.900 -80.810
v 158.790 111.400 -78.810
v 238.790 112.800 -78.810
v 268.790 106.000 -74.810
v 110.790 115.600 -59.810
v 106.790 114.700 -44.810
v 113.790 113.400 -29.810
v 118.790 112.300 -14.810
v 126.790 111.600 -4.810
v 103.790 117.900 -69.810
v 96.790 118.000 -56.810
v 100.790 116.700 -39.810
v 168.790 107.700 0.190
v 188.790 107.600 3.190
v 148.790 109.600 3.190
v 208.790 104.700 -2.810
v 218.790 102.200 -9.810
v 226.790 103.600 -19.810
v 218.790 103.600 -29.810
v 258.790 98.700 -52.810
v 253.790 98.300 -44.810
v 263.790 97.800 -56.810
v 248.790 99.500 -39.810
v 238.790 98.900 -32.810
v -69.007 157.344 209.096
v -61.007 153.061 209.096
v -53.007 149.119 209.096
v -45.007 145.252 209.096
v -37.007 141.380 209.096
v -29.007 138.009 209.096
v -21.007 134.799 209.096
v -13.007 131.584 209.096
v -5.007 128.780 209.096
v 2.993 126.160 209.096
v 10.993 123.538 209.096
v 18.993 121.178 209.096
v 26.993 118.976 209.096
v 34.993 116.775 209.096
v 42.993 115.007 209.096
v 50.993 113.571 209.096
v 58.993 112.137 209.096
v 66.993 110.781 209.096
v 74.993 109.551 209.096
v 82.993 108.324 209.096
v 90.993 107.465 209.096
v 98.993 107.062 209.096
v 106.993 106.662 209.096
v 114.993 106.475 209.096
v 122.993 106.626 209.096
v 130.993 106.779 209.096
v 138.993 106.790 209.096
v 146.993 106.501 209.096
v 154.993 106.209 209.096
v 162.993 105.893 209.096
v 170.993 105.603 209.096
v 178.993 105.217 209.096
v 186.993 105.005 209.096
v 194.993 105.489 209.096
v 202.993 105.973 209.096
v 210.993 106.608 209.096
v 218.993 108.165 209.096
v 226.993 109.725 209.096
v 234.993 111.320 209.096
v 242.993 113.275 209.096
v 250.993 115.232 209.096
v 258.993 117.140 209.096
v 266.993 116.501 209.096
v 274.993 115.840 209.096
v 282.993 115.176 209.096
v 290.993 113.603 209.096
v 298.993 111.992 209.096
v 306.993 110.383 209.096
v 314.993 109.960 209.096
v 322.993 109.670 209.096
v 330.993 109.378 209.096
v 338.993 109.119 209.096
v 346.993 108.866 209.096
v 354.993 108.613 209.096
v 362.993 108.607 209.096
v 370.993 108.648 209.096
v 378.993 108.715 209.096
v 386.993 109.472 209.096
v 394.993 110.506 209.096
v 402.993 111.540 209.096
v 410.993 113.287 209.096
v 418.993 115.414 209.096
v 426.993 117.546 209.096
v 434.993 119.516 209.096
v 442.993 121.367 209.096
v -69.007 156.800 201.096
v -61.007 152.635 201.096
v -53.007 148.955 201.096
v -45.007 145.378 201.096
v -37.007 141.796 201.096
v -29.007 138.758 201.096
v -21.007 135.889 201.096
v -13.007 133.014 201.096
v -5.007 130.428 201.096
v 2.993 127.967 201.096
v 10.993 125.504 201.096
v 18.993 123.141 201.096
v 26.993 120.838 201.096
v 34.993 118.536 201.096
v 42.993 116.628 201.096
v 50.993 115.011 201.096
v 58.993 113.398 201.096
v 66.993 111.833 201.096
v 74.993 110.369 201.096
v 82.993 108.910 201.096
v 90.993 107.837 201.096
v 98.993 107.226 201.096
v 106.993 106.619 201.096
v 114.993 106.242 201.096
v 122.993 106.216 201.096
v 130.993 106.193 201.096
v 138.993 106.124 201.096
v 146.993 105.958 201.096
v 154.993 105.790 201.096
v 162.993 105.610 201.096
v 170.993 105.508 201.096
v 178.993 105.298 201.096
v 186.993 105.204 201.096
v 194.993 105.556 201.096
v 202.993 105.910 201.096
v 210.993 106.391 201.096
v 218.993 107.588 201.096
v 226.993 108.790 201.096
v 234.993 110.034 201.096
v 242.993 111.669 201.096
v 250.993 113.308 201.096
v 258.993 114.895 201.096
v 266.993 114.477 201.096
v 274.993 114.036 201.096
v 282.993 113.591 201.096
v 290.993 112.189 201.096
v 298.993 110.751 201.096
v 306.993 109.310 201.096
v 314.993 108.945 201.096
v 322.993 108.692 201.096
v 330.993 108.439 201.096
v 338.993 108.335 201.096
v 346.993 108.254 201.096
v 354.993 108.171 201.096
v 362.993 108.214 201.096
v 370.993 108.333 201.096
v 378.993 108.451 201.096
v 386.993 109.226 201.096
v 394.993 110.253 201.096
v 402.993 111.281 201.096
v 410.993 112.897 201.096
v 418.993 114.817 201.096
v 426.993 116.740 201.096
v 434.993 118.583 201.096
v 442.993 120.373 201.096
v -69.007 156.258 193.096
v -61.007 152.211 193.096
v -53.007 148.796 193.096
v -45.007 145.509 193.096
v -37.007 142.217 193.096
v -29.007 139.513 193.096
v -21.007 136.984 193.096
v -13.007 134.449 193.096
v -5.007 132.079 193.096
v 2.993 129.778 193.096
v 10.993 127.473 193.096
v 18.993 125.103 193.096
v 26.993 122.698 193.096
v 34.993 120.295 193.096
v 42.993 118.246 193.096
v 50.993 116.449 193.096
v 58.993 114.656 193.096
v 66.993 112.913 193.096
v 74.993 111.185 193.096
v 82.993 109.492 193.096
v 90.993 108.205 193.096
v 98.993 107.387 193.096
v 106.993 106.573 193.096
v 114.993 106.005 193.096
v 122.993 105.803 193.096
v 130.993 105.603 193.096
v 138.993 105.459 193.096
v 146.993 105.417 193.096
v 154.993 105.372 193.096
v 162.993 105.330 193.096
v 170.993 105.419 193.096
v 178.993 105.384 193.096
v 186.993 105.402 193.096
v 194.993 105.625 193.096
v 202.993 105.849 193.096
v 210.993 106.169 193.096
v 218.993 107.001 193.096
v 226.993 107.838 193.096
v 234.993 108.725 193.096
v 242.993 110.025 193.096
v 250.993 111.331 193.096
v 258.993 112.610 193.096
v 266.993 112.383 193.096
v 274.993 112.153 193.096
v 282.993 111.918 193.096
v 290.993 110.710 193.096
v 298.993 109.473 193.096
v 306.993 108.233 193.096
v 314.993 107.914 193.096
v 322.993 107.682 193.096
v 330.993 107.450 193.096
v 338.993 107.517 193.096
v 346.993 107.634 193.096
v 354.993 107.712 193.096
v 362.993 107.879 193.096
v 370.993 108.058 193.096
v 378.993 108.237 193.096
v 386.993 109.039 193.096
v 394.993 110.072 193.096
v 402.993 111.104 193.096
v 410.993 112.602 193.096
v 418.993 114.332 193.096
v 426.993 116.066 193.096
v 434.993 117.720 193.096
v 442.993 119.325 193.096
v -69.007 155.718 185.096
v -61.007 151.789 185.096
v -53.007 148.642 185.096
v -45.007 145.644 185.096
v -37.007 142.642 185.096
v -29.007 140.273 185.096
v -21.007 138.085 185.096
v -13.007 135.890 185.096
v -5.007 133.733 185.096
v 2.993 131.590 185.096
v 10.993 129.445 185.096
v 18.993 127.063 185.096
v 26.993 124.558 185.096
v 34.993 122.054 185.096
v 42.993 119.861 185.096
v 50.993 117.885 185.096
v 58.993 115.912 185.096
v 66.993 113.962 185.096
v 74.993 111.996 185.096
v 82.993 110.071 185.096
v 90.993 108.570 185.096
v 98.993 107.545 185.096
v 106.993 106.524 185.096
v 114.993 105.766 185.096
v 122.993 105.388 185.096
v 130.993 105.012 185.096
v 138.993 104.797 185.096
v 146.993 104.878 185.096
v 154.993 104.957 185.096
v 162.993 105.053 185.096
v 170.993 105.334 185.096
v 178.993 105.474 185.096
v 186.993 105.601 185.096
v 194.993 105.694 185.096
v 202.993 105.788 185.096
v 210.993 105.944 185.096
v 218.993 106.411 185.096
v 226.993 106.883 185.096
v 234.993 107.411 185.096
v 242.993 108.379 185.096
v 250.993 109.351 185.096
v 258.993 110.312 185.096
v 266.993 110.295 185.096
v 274.993 110.274 185.096
v 282.993 110.250 185.096
v 290.993 109.235 185.096
v 298.993 108.199 185.096
v 306.993 107.160 185.096
v 314.993 106.884 185.096
v 322.993 106.673 185.096
v 330.993 106.461 185.096
v 338.993 106.704 185.096
v 346.993 107.018 185.096
v 354.993 107.289 185.096
v 362.993 107.544 185.096
v 370.993 107.785 185.096
v 378.993 108.024 185.096
v 386.993 108.853 185.096
v 394.993 109.890 185.096
v 402.993 110.928 185.096
v 410.993 112.304 185.096
v 418.993 113.845 185.096
v 426.993 115.389 185.096
v 434.993 116.855 185.096
v 442.993 118.274 185.096
v -69.007 155.927 177.096
v -61.007 152.266 177.096
v -53.007 149.445 177.096
v -45.007 146.775 177.096
v -37.007 144.097 177.096
v -29.007 141.922 177.096
v -21.007 139.890 177.096
v -13.007 137.859 177.096
v -5.007 135.744 177.096
v 2.993 133.600 177.096
v 10.993 131.461 177.096
v 18.993 129.000 177.096
v 26.993 126.376 177.096
v 34.993 123.754 177.096
v 42.993 121.414 177.096
v 50.993 119.264 177.096
v 58.993 117.116 177.096
v 66.993 114.983 177.096
v 74.993 112.817 177.096
v 82.993 110.695 177.096
v 90.993 109.005 177.096
v 98.993 107.787 177.096
v 106.993 106.570 177.096
v 114.993 105.638 177.096
v 122.993 105.101 177.096
v 130.993 104.565 177.096
v 138.993 104.280 177.096
v 146.993 104.448 177.096
v 154.993 104.616 177.096
v 162.993 104.816 177.096
v 170.993 105.248 177.096
v 178.993 105.525 177.096
v 186.993 105.734 177.096
v 194.993 105.721 177.096
v 202.993 105.706 177.096
v 210.993 105.717 177.096
v 218.993 105.857 177.096
v 226.993 105.997 177.096
v 234.993 106.192 177.096
v 242.993 106.826 177.096
v 250.993 107.464 177.096
v 258.993 108.112 177.096
v 266.993 108.277 177.096
v 274.993 108.443 177.096
v 282.993 108.609 177.096
v 290.993 107.784 177.096
v 298.993 106.947 177.096
v 306.993 106.106 177.096
v 314.993 105.867 177.096
v 322.993 105.673 177.096
v 330.993 105.477 177.096
v 338.993 105.895 177.096
v 346.993 106.357 177.096
v 354.993 106.869 177.096
v 362.993 107.211 177.096
v 370.993 107.512 177.096
v 378.993 107.813 177.096
v 386.993 108.667 177.096
v 394.993 109.709 177.096
v 402.993 110.752 177.096
v 410.993 112.004 177.096
v 418.993 113.355 177.096
v 426.993 114.709 177.096
v 434.993 115.987 177.096
v 442.993 117.196 177.096
v -69.007 157.228 169.096
v -61.007 154.097 169.096
v -53.007 151.736 169.096
v -45.007 149.502 169.096
v -37.007 147.262 169.096
v -29.007 145.091 169.096
v -21.007 142.941 169.096
v -13.007 140.793 169.096
v -5.007 138.431 169.096
v 2.993 135.993 169.096
v 10.993 133.560 169.096
v 18.993 130.890 169.096
v 26.993 128.104 169.096
v 34.993 125.321 169.096
v 42.993 122.821 169.096
v 50.993 120.505 169.096
v 58.993 118.192 169.096
v 66.993 115.935 169.096
v 74.993 113.724 169.096
v 82.993 111.463 169.096
v 90.993 109.665 169.096
v 98.993 108.303 169.096
v 106.993 106.944 169.096
v 114.993 105.904 169.096
v 122.993 105.292 169.096
v 130.993 104.682 169.096
v 138.993 104.341 169.096
v 146.993 104.471 169.096
v 154.993 104.600 169.096
v 162.993 104.751 169.096
v 170.993 105.133 169.096
v 178.993 105.337 169.096
v 186.993 105.492 169.096
v 194.993 105.491 169.096
v 202.993 105.490 169.096
v 210.993 105.505 169.096
v 218.993 105.599 169.096
v 226.993 105.693 169.096
v 234.993 105.823 169.096
v 242.993 106.213 169.096
v 250.993 106.641 169.096
v 258.993 107.021 169.096
v 266.993 107.133 169.096
v 274.993 107.246 169.096
v 282.993 107.359 169.096
v 290.993 106.739 169.096
v 298.993 106.114 169.096
v 306.993 105.485 169.096
v 314.993 105.368 169.096
v 322.993 105.284 169.096
v 330.993 105.198 169.096
v 338.993 105.548 169.096
v 346.993 106.032 169.096
v 354.993 106.516 169.096
v 362.993 106.855 169.096
v 370.993 107.162 169.096
v 378.993 107.468 169.096
v 386.993 108.281 169.096
v 394.993 109.259 169.096
v 402.993 110.239 169.096
v 410.993 111.396 169.096
v 418.993 112.632 169.096
v 426.993 113.870 169.096
v 434.993 114.922 169.096
v 442.993 115.918 169.096
v -69.007 158.538 161.096
v -61.007 155.938 161.096
v -53.007 154.034 161.096
v -45.007 152.237 161.096
v -37.007 150.434 161.096
v -29.007 148.258 161.096
v -21.007 145.990 161.096
v -13.007 143.725 161.096
v -5.007 141.113 161.096
v 2.993 138.381 161.096
v 10.993 135.655 161.096
v 18.993 132.778 161.096
v 26.993 129.830 161.096
v 34.993 126.885 161.096
v 42.993 124.226 161.096
v 50.993 121.745 161.096
v 58.993 119.266 161.096
v 66.993 116.887 161.096
v 74.993 114.587 161.096
v 82.993 112.229 161.096
v 90.993 110.322 161.096
v 98.993 108.818 161.096
v 106.993 107.316 161.096
v 114.993 106.169 161.096
v 122.993 105.483 161.096
v 130.993 104.798 161.096
v 138.993 104.403 161.096
v 146.993 104.493 161.096
v 154.993 104.584 161.096
v 162.993 104.686 161.096
v 170.993 105.021 161.096
v 178.993 105.152 161.096
v 186.993 105.253 161.096
v 194.993 105.266 161.096
v 202.993 105.277 161.096
v 210.993 105.294 161.096
v 218.993 105.343 161.096
v 226.993 105.392 161.096
v 234.993 105.453 161.096
v 242.993 105.598 161.096
v 250.993 105.786 161.096
v 258.993 105.932 161.096
v 266.993 105.991 161.096
v 274.993 106.051 161.096
v 282.993 106.107 161.096
v 290.993 105.698 161.096
v 298.993 105.286 161.096
v 306.993 104.870 161.096
v 314.993 104.873 161.096
v 322.993 104.898 161.096
v 330.993 104.851 161.096
v 338.993 105.256 161.096
v 346.993 105.710 161.096
v 354.993 106.164 161.096
v 362.993 106.499 161.096
v 370.993 106.808 161.096
v 378.993 107.118 161.096
v 386.993 107.883 161.096
v 394.993 108.792 161.096
v 402.993 109.701 161.096
v 410.993 110.761 161.096
v 418.993 111.886 161.096
v 426.993 112.978 161.096
v 434.993 113.862 161.096
v 442.993 114.610 161.096
v -69.007 159.857 153.096
v -61.007 157.786 153.096
v -53.007 156.338 153.096
v -45.007 154.979 153.096
v -37.007 153.613 153.096
v -29.007 151.423 153.096
v -21.007 149.038 153.096
v -13.007 146.655 153.096
v -5.007 143.791 153.096
v 2.993 140.765 153.096
v 10.993 137.745 153.096
v 18.993 134.664 153.096
v 26.993 131.554 153.096
v 34.993 128.448 153.096
v 42.993 125.628 153.096
v 50.993 122.982 153.096
v 58.993 120.339 153.096
v 66.993 117.839 153.096
v 74.993 115.449 153.096
v 82.993 112.994 153.096
v 90.993 110.977 153.096
v 98.993 109.330 153.096
v 106.993 107.686 153.096
v 114.993 106.432 153.096
v 122.993 105.672 153.096
v 130.993 104.913 153.096
v 138.993 104.463 153.096
v 146.993 104.515 153.096
v 154.993 104.567 153.096
v 162.993 104.619 153.096
v 170.993 104.910 153.096
v 178.993 104.969 153.096
v 186.993 105.019 153.096
v 194.993 105.044 153.096
v 202.993 105.068 153.096
v 210.993 105.087 153.096
v 218.993 105.091 153.096
v 226.993 105.094 153.096
v 234.993 105.082 153.096
v 242.993 104.982 153.096
v 250.993 104.931 153.096
v 258.993 104.846 153.096
v 266.993 104.852 153.096
v 274.993 104.857 153.096
v 282.993 104.860 153.096
v 290.993 104.664 153.096
v 298.993 104.464 153.096
v 306.993 104.260 153.096
v 314.993 104.380 153.096
v 322.993 104.515 153.096
v 330.993 104.570 153.096
v 338.993 104.963 153.096
v 346.993 105.387 153.096
v 354.993 105.812 153.096
v 362.993 106.143 153.096
v 370.993 106.455 153.096
v 378.993 106.768 153.096
v 386.993 107.485 153.096
v 394.993 108.323 153.096
v 402.993 109.162 153.096
v 410.993 110.125 153.096
v 418.993 111.097 153.096
v 426.993 112.117 153.096
v 434.993 112.797 153.096
v 442.993 113.297 153.096
v -69.007 162.187 145.096
v -61.007 160.429 145.096
v -53.007 159.137 145.096
v -45.007 157.912 145.096
v -37.007 156.690 145.096
v -29.007 154.356 145.096
v -21.007 151.774 145.096
v -13.007 149.197 145.096
v -5.007 146.128 145.096
v 2.993 142.901 145.096
v 10.993 139.676 145.096
v 18.993 136.460 145.096
v 26.993 133.249 145.096
v 34.993 130.039 145.096
v 42.993 127.096 145.096
v 50.993 124.310 145.096
v 58.993 121.525 145.096
v 66.993 118.907 145.096
v 74.993 116.415 145.096
v 82.993 113.924 145.096
v 90.993 111.718 145.096
v 98.993 109.937 145.096
v 106.993 108.158 145.096
v 114.993 106.798 145.096
v 122.993 105.950 145.096
v 130.993 105.103 145.096
v 138.993 104.577 145.096
v 146.993 104.555 145.096
v 154.993 104.535 145.096
v 162.993 104.520 145.096
v 170.993 104.780 145.096
v 178.993 104.775 145.096
v 186.993 104.780 145.096
v 194.993 104.815 145.096
v 202.993 104.847 145.096
v 210.993 104.874 145.096
v 218.993 104.885 145.096
v 226.993 104.893 145.096
v 234.993 104.854 145.096
v 242.993 104.616 145.096
v 250.993 104.326 145.096
v 258.993 104.052 145.096
v 266.993 103.975 145.096
v 274.993 103.899 145.096
v 282.993 103.826 145.096
v 290.993 103.791 145.096
v 298.993 103.756 145.096
v 306.993 103.721 145.096
v 314.993 103.941 145.096
v 322.993 104.077 145.096
v 330.993 104.314 145.096
v 338.993 104.693 145.096
v 346.993 105.087 145.096
v 354.993 105.483 145.096
v 362.993 105.795 145.096
v 370.993 106.094 145.096
v 378.993 106.395 145.096
v 386.993 107.062 145.096
v 394.993 107.832 145.096
v 402.993 108.604 145.096
v 410.993 109.419 145.096
v 418.993 110.328 145.096
v 426.993 111.239 145.096
v 434.993 111.722 145.096
v 442.993 111.982 145.096
v -69.007 165.329 137.096
v -61.007 163.729 137.096
v -53.007 162.355 137.096
v -45.007 161.009 137.096
v -37.007 159.666 137.096
v -29.007 157.067 137.096
v -21.007 154.202 137.096
v -13.007 151.342 137.096
v -5.007 148.114 137.096
v 2.993 144.771 137.096
v 10.993 141.431 137.096
v 18.993 138.157 137.096
v 26.993 134.911 137.096
v 34.993 131.666 137.096
v 42.993 128.648 137.096
v 50.993 125.757 137.096
v 58.993 122.868 137.096
v 66.993 120.140 137.096
v 74.993 117.530 137.096
v 82.993 114.921 137.096
v 90.993 112.594 137.096
v 98.993 110.698 137.096
v 106.993 108.803 137.096
v 114.993 107.339 137.096
v 122.993 106.384 137.096
v 130.993 105.430 137.096
v 138.993 104.792 137.096
v 146.993 104.632 137.096
v 154.993 104.474 137.096
v 162.993 104.352 137.096
v 170.993 104.605 137.096
v 178.993 104.555 137.096
v 186.993 104.526 137.096
v 194.993 104.558 137.096
v 202.993 104.587 137.096
v 210.993 104.644 137.096
v 218.993 104.810 137.096
v 226.993 104.972 137.096
v 234.993 105.062 137.096
v 242.993 104.835 137.096
v 250.993 104.548 137.096
v 258.993 104.266 137.096
v 266.993 104.050 137.096
v 274.993 103.835 137.096
v 282.993 103.627 137.096
v 290.993 103.583 137.096
v 298.993 103.539 137.096
v 306.993 103.495 137.096
v 314.993 103.638 137.096
v 322.993 103.913 137.096
v 330.993 104.187 137.096
v 338.993 104.555 137.096
v 346.993 104.933 137.096
v 354.993 105.311 137.096
v 362.993 105.501 137.096
v 370.993 105.660 137.096
v 378.993 105.821 137.096
v 386.993 106.413 137.096
v 394.993 107.122 137.096
v 402.993 107.770 137.096
v 410.993 108.533 137.096
v 418.993 109.317 137.096
v 426.993 110.102 137.096
v 434.993 110.505 137.096
v 442.993 110.717 137.096
v -69.007 168.476 129.096
v -61.007 167.033 129.096
v -53.007 165.567 129.096
v -45.007 164.104 129.096
v -37.007 162.640 129.096
v -29.007 159.773 129.096
v -21.007 156.626 129.096
v -13.007 153.484 129.096
v -5.007 150.098 129.096
v 2.993 146.640 129.096
v 10.993 143.185 129.096
v 18.993 139.853 129.096
v 26.993 136.573 129.096
v 34.993 133.294 129.096
v 42.993 130.198 129.096
v 50.993 127.203 129.096
v 58.993 124.210 129.096
v 66.993 121.372 129.096
v 74.993 118.645 129.096
v 82.993 115.919 129.096
v 90.993 113.469 129.096
v 98.993 111.457 129.096
v 106.993 109.447 129.096
v 114.993 107.878 129.096
v 122.993 106.816 129.096
v 130.993 105.756 129.096
v 138.993 105.004 129.096
v 146.993 104.707 129.096
v 154.993 104.411 129.096
v 162.993 104.184 129.096
v 170.993 104.434 129.096
v 178.993 104.339 129.096
v 186.993 104.278 129.096
v 194.993 104.307 129.096
v 202.993 104.332 129.096
v 210.993 104.422 129.096
v 218.993 104.743 129.096
v 226.993 105.058 129.096
v 234.993 105.274 129.096
v 242.993 105.060 129.096
v 250.993 104.776 129.096
v 258.993 104.483 129.096
v 266.993 104.127 129.096
v 274.993 103.772 129.096
v 282.993 103.431 129.096
v 290.993 103.378 129.096
v 298.993 103.324 129.096
v 306.993 103.271 129.096
v 314.993 103.439 129.096
v 322.993 103.751 129.096
v 330.993 104.062 129.096
v 338.993 104.418 129.096
v 346.993 104.778 129.096
v 354.993 105.139 129.096
v 362.993 105.205 129.096
v 370.993 105.224 129.096
v 378.993 105.245 129.096
v 386.993 105.763 129.096
v 394.993 106.335 129.096
v 402.993 106.990 129.096
v 410.993 107.646 129.096
v 418.993 108.303 129.096
v 426.993 108.963 129.096
v 434.993 109.288 129.096
v 442.993 109.451 129.096
v -69.007 171.625 121.096
v -61.007 170.340 121.096
v -53.007 168.781 121.096
v -45.007 167.193 121.096
v -37.007 165.612 121.096
v -29.007 162.475 121.096
v -21.007 159.046 121.096
v -13.007 155.621 121.096
v -5.007 152.080 121.096
v 2.993 148.507 121.096
v 10.993 144.937 121.096
v 18.993 141.550 121.096
v 26.993 138.235 121.096
v 34.993 134.922 121.096
v 42.993 131.748 121.096
v 50.993 128.649 121.096
v 58.993 125.551 121.096
v 66.993 122.604 121.096
v 74.993 119.759 121.096
v 82.993 116.916 121.096
v 90.993 114.457 121.096
v 98.993 112.214 121.096
v 106.993 110.088 121.096
v 114.993 108.416 121.096
v 122.993 107.247 121.096
v 130.993 106.080 121.096
v 138.993 105.215 121.096
v 146.993 104.780 121.096
v 154.993 104.346 121.096
v 162.993 104.015 121.096
v 170.993 104.269 121.096
v 178.993 104.129 121.096
v 186.993 104.037 121.096
v 194.993 104.062 121.096
v 202.993 104.084 121.096
v 210.993 104.209 121.096
v 218.993 104.683 121.096
v 226.993 105.152 121.096
v 234.993 105.491 121.096
v 242.993 105.291 121.096
v 250.993 105.009 121.096
v 258.993 104.702 121.096
v 266.993 104.206 121.096
v 274.993 103.711 121.096
v 282.993 103.238 121.096
v 290.993 103.175 121.096
v 298.993 103.112 121.096
v 306.993 102.898 121.096
v 314.993 103.242 121.096
v 322.993 103.590 121.096
v 330.993 103.938 121.096
v 338.993 104.281 121.096
v 346.993 104.624 121.096
v 354.993 104.968 121.096
v 362.993 104.907 121.096
v 370.993 104.786 121.096
v 378.993 104.667 121.096
v 386.993 105.023 121.096
v 394.993 105.616 121.096
v 402.993 106.209 121.096
v 410.993 106.756 121.096
v 418.993 107.288 121.096
v 426.993 107.822 121.096
v 434.993 108.069 121.096
v 442.993 108.184 121.096
v -69.007 174.418 113.096
v -61.007 173.201 113.096
v -53.007 171.422 113.096
v -45.007 169.591 113.096
v -37.007 167.765 113.096
v -29.007 164.488 113.096
v -21.007 160.944 113.096
v -13.007 157.400 113.096
v -5.007 153.794 113.096
v 2.993 150.172 113.096
v 10.993 146.550 113.096
v 18.993 143.107 113.096
v 26.993 139.732 113.096
v 34.993 136.359 113.096
v 42.993 133.117 113.096
v 50.993 129.940 113.096
v 58.993 126.765 113.096
v 66.993 123.738 113.096
v 74.993 120.807 113.096
v 82.993 117.877 113.096
v 90.993 115.337 113.096
v 98.993 112.991 113.096
v 106.993 110.777 113.096
v 114.993 109.007 113.096
v 122.993 107.715 113.096
v 130.993 106.426 113.096
v 138.993 105.436 113.096
v 146.993 104.858 113.096
v 154.993 104.281 113.096
v 162.993 103.838 113.096
v 170.993 104.086 113.096
v 178.993 103.886 113.096
v 186.993 103.757 113.096
v 194.993 103.800 113.096
v 202.993 103.837 113.096
v 210.993 103.989 113.096
v 218.993 104.522 113.096
v 226.993 105.053 113.096
v 234.993 105.535 113.096
v 242.993 105.276 113.096
v 250.993 105.013 113.096
v 258.993 104.712 113.096
v 266.993 104.151 113.096
v 274.993 103.587 113.096
v 282.993 103.049 113.096
v 290.993 102.976 113.096
v 298.993 102.720 113.096
v 306.993 102.664 113.096
v 314.993 103.018 113.096
v 322.993 103.376 113.096
v 330.993 103.735 113.096
v 338.993 104.047 113.096
v 346.993 104.357 113.096
v 354.993 104.669 113.096
v 362.993 104.527 113.096
v 370.993 104.319 113.096
v 378.993 104.003 113.096
v 386.993 104.380 113.096
v 394.993 104.892 113.096
v 402.993 105.407 113.096
v 410.993 105.847 113.096
v 418.993 106.262 113.096
v 426.993 106.679 113.096
v 434.993 106.861 113.096
v 442.993 106.937 113.096
v -69.007 177.057 105.096
v -61.007 175.862 105.096
v -53.007 173.794 105.096
v -45.007 171.651 105.096
v -37.007 169.513 105.096
v -29.007 166.139 105.096
v -21.007 162.557 105.096
v -13.007 158.983 105.096
v -5.007 155.356 105.096
v 2.993 151.716 105.096
v 10.993 148.078 105.096
v 18.993 144.574 105.096
v 26.993 141.120 105.096
v 34.993 137.667 105.096
v 42.993 134.359 105.096
v 50.993 131.121 105.096
v 58.993 127.884 105.096
v 66.993 124.796 105.096
v 74.993 121.802 105.096
v 82.993 118.809 105.096
v 90.993 116.212 105.096
v 98.993 113.940 105.096
v 106.993 111.508 105.096
v 114.993 109.646 105.096
v 122.993 108.219 105.096
v 130.993 106.793 105.096
v 138.993 105.668 105.096
v 146.993 104.941 105.096
v 154.993 104.216 105.096
v 162.993 103.651 105.096
v 170.993 103.881 105.096
v 178.993 103.600 105.096
v 186.993 103.429 105.096
v 194.993 103.513 105.096
v 202.993 103.590 105.096
v 210.993 103.756 105.096
v 218.993 104.208 105.096
v 226.993 104.658 105.096
v 234.993 105.090 105.096
v 242.993 104.864 105.096
v 250.993 104.634 105.096
v 258.993 104.366 105.096
v 266.993 103.858 105.096
v 274.993 103.348 105.096
v 282.993 102.864 105.096
v 290.993 102.781 105.096
v 298.993 102.497 105.096
v 306.993 102.435 105.096
v 314.993 102.736 105.096
v 322.993 103.038 105.096
v 330.993 103.341 105.096
v 338.993 103.571 105.096
v 346.993 103.798 105.096
v 354.993 104.027 105.096
v 362.993 103.924 105.096
v 370.993 103.646 105.096
v 378.993 103.509 105.096
v 386.993 103.787 105.096
v 394.993 104.158 105.096
v 402.993 104.531 105.096
v 410.993 104.873 105.096
v 418.993 105.205 105.096
v 426.993 105.539 105.096
v 434.993 105.700 105.096
v 442.993 105.786 105.096
v -69.007 179.751 97.096
v -61.007 178.524 97.096
v -53.007 176.161 97.096
v -45.007 173.705 97.096
v -37.007 171.256 97.096
v -29.007 167.795 97.096
v -21.007 164.176 97.096
v -13.007 160.557 97.096
v -5.007 156.917 97.096
v 2.993 153.261 97.096
v 10.993 149.606 97.096
v 18.993 146.040 97.096
v 26.993 142.506 97.096
v 34.993 138.974 97.096
v 42.993 135.601 97.096
v 50.993 132.302 97.096
v 58.993 129.004 97.096
v 66.993 125.855 97.096
v 74.993 122.798 97.096
v 82.993 119.742 97.096
v 90.993 117.089 97.096
v 98.993 114.754 97.096
v 106.993 112.238 97.096
v 114.993 110.284 97.096
v 122.993 108.720 97.096
v 130.993 107.159 97.096
v 138.993 105.898 97.096
v 146.993 105.022 97.096
v 154.993 104.149 97.096
v 162.993 103.464 97.096
v 170.993 103.684 97.096
v 178.993 103.322 97.096
v 186.993 103.112 97.096
v 194.993 103.236 97.096
v 202.993 103.353 97.096
v 210.993 103.530 97.096
v 218.993 103.902 97.096
v 226.993 104.269 97.096
v 234.993 104.656 97.096
v 242.993 104.462 97.096
v 250.993 104.263 97.096
v 258.993 104.027 97.096
v 266.993 103.572 97.096
v 274.993 103.114 97.096
v 282.993 102.682 97.096
v 290.993 102.345 97.096
v 298.993 102.275 97.096
v 306.993 102.209 97.096
v 314.993 102.453 97.096
v 322.993 102.699 97.096
v 330.993 102.947 97.096
v 338.993 103.094 97.096
v 346.993 103.238 97.096
v 354.993 103.384 97.096
v 362.993 103.165 97.096
v 370.993 103.091 97.096
v 378.993 103.016 97.096
v 386.993 103.191 97.096
v 394.993 103.421 97.096
v 402.993 103.652 97.096
v 410.993 103.897 97.096
v 418.993 104.146 97.096
v 426.993 104.397 97.096
v 434.993 104.539 97.096
v 442.993 104.628 97.096
v -69.007 182.396 89.096
v -61.007 181.252 89.096
v -53.007 178.596 89.096
v -45.007 175.755 89.096
v -37.007 172.993 89.096
v -29.007 169.451 89.096
v -21.007 165.795 89.096
v -13.007 162.139 89.096
v -5.007 158.468 89.096
v 2.993 154.805 89.096
v 10.993 151.134 89.096
v 18.993 147.505 89.096
v 26.993 143.892 89.096
v 34.993 140.281 89.096
v 42.993 136.842 89.096
v 50.993 133.482 89.096
v 58.993 130.124 89.096
v 66.993 126.915 89.096
v 74.993 123.796 89.096
v 82.993 120.676 89.096
v 90.993 117.967 89.096
v 98.993 115.571 89.096
v 106.993 112.967 89.096
v 114.993 110.920 89.096
v 122.993 109.220 89.096
v 130.993 107.523 89.096
v 138.993 106.125 89.096
v 146.993 105.101 89.096
v 154.993 104.079 89.096
v 162.993 103.275 89.096
v 170.993 103.495 89.096
v 178.993 103.054 89.096
v 186.993 102.806 89.096
v 194.993 102.971 89.096
v 202.993 103.127 89.096
v 210.993 103.313 89.096
v 218.993 103.602 89.096
v 226.993 104.029 89.096
v 234.993 104.232 89.096
v 242.993 104.069 89.096
v 250.993 103.901 89.096
v 258.993 103.696 89.096
v 266.993 103.292 89.096
v 274.993 102.886 89.096
v 282.993 102.209 89.096
v 290.993 102.132 89.096
v 298.993 102.055 89.096
v 306.993 101.983 89.096
v 314.993 102.171 89.096
v 322.993 102.361 89.096
v 330.993 102.552 89.096
v 338.993 102.617 89.096
v 346.993 102.678 89.096
v 354.993 102.551 89.096
v 362.993 102.549 89.096
v 370.993 102.537 89.096
v 378.993 102.524 89.096
v 386.993 102.593 89.096
v 394.993 102.681 89.096
v 402.993 102.771 89.096
v 410.993 102.920 89.096
v 418.993 103.086 89.096
v 426.993 103.244 89.096
v 434.993 103.369 89.096
v 442.993 103.476 89.096
v -69.007 183.257 81.096
v -61.007 181.660 81.096
v -53.007 178.743 81.096
v -45.007 175.746 81.096
v -37.007 172.658 81.096
v -29.007 169.101 81.096
v -21.007 165.467 81.096
v -13.007 161.834 81.096
v -5.007 158.233 81.096
v 2.993 154.639 81.096
v 10.993 151.056 81.096
v 18.993 147.477 81.096
v 26.993 143.901 81.096
v 34.993 140.326 81.096
v 42.993 136.924 81.096
v 50.993 133.597 81.096
v 58.993 130.270 81.096
v 66.993 127.104 81.096
v 74.993 124.028 81.096
v 82.993 120.951 81.096
v 90.993 118.272 81.096
v 98.993 115.888 81.096
v 106.993 113.501 81.096
v 114.993 111.195 81.096
v 122.993 109.433 81.096
v 130.993 107.671 81.096
v 138.993 106.245 81.096
v 146.993 105.224 81.096
v 154.993 104.201 81.096
v 162.993 103.365 81.096
v 170.993 103.595 81.096
v 178.993 103.073 81.096
v 186.993 102.754 81.096
v 194.993 102.853 81.096
v 202.993 102.944 81.096
v 210.993 103.074 81.096
v 218.993 103.322 81.096
v 226.993 103.732 81.096
v 234.993 103.906 81.096
v 242.993 103.778 81.096
v 250.993 103.643 81.096
v 258.993 103.468 81.096
v 266.993 103.093 81.096
v 274.993 102.361 81.096
v 282.993 102.038 81.096
v 290.993 101.938 81.096
v 298.993 101.838 81.096
v 306.993 101.745 81.096
v 314.993 101.878 81.096
v 322.993 102.013 81.096
v 330.993 102.150 81.096
v 338.993 102.185 81.096
v 346.993 101.987 81.096
v 354.993 102.039 81.096
v 362.993 102.063 81.096
v 370.993 102.084 81.096
v 378.993 102.104 81.096
v 386.993 102.105 81.096
v 394.993 102.101 81.096
v 402.993 102.098 81.096
v 410.993 102.167 81.096
v 418.993 102.245 81.096
v 426.993 102.336 81.096
v 434.993 102.431 81.096
v 442.993 102.528 81.096
v -69.007 183.784 73.096
v -61.007 181.621 73.096
v -53.007 178.429 73.096
v -45.007 175.186 73.096
v -37.007 171.949 73.096
v -29.007 168.264 73.096
v -21.007 164.644 73.096
v -13.007 161.024 73.096
v -5.007 157.495 73.096
v 2.993 153.984 73.096
v 10.993 150.473 73.096
v 18.993 146.953 73.096
v 26.993 143.449 73.096
v 34.993 139.929 73.096
v 42.993 136.583 73.096
v 50.993 133.308 73.096
v 58.993 130.034 73.096
v 66.993 126.936 73.096
v 74.993 123.936 73.096
v 82.993 120.934 73.096
v 90.993 118.315 73.096
v 98.993 115.968 73.096
v 106.993 113.618 73.096
v 114.993 111.286 73.096
v 122.993 109.493 73.096
v 130.993 107.701 73.096
v 138.993 106.306 73.096
v 146.993 105.375 73.096
v 154.993 104.442 73.096
v 162.993 103.632 73.096
v 170.993 103.890 73.096
v 178.993 103.294 73.096
v 186.993 102.883 73.096
v 194.993 102.845 73.096
v 202.993 102.795 73.096
v 210.993 102.821 73.096
v 218.993 103.061 73.096
v 226.993 103.494 73.096
v 234.993 103.667 73.096
v 242.993 103.578 73.096
v 250.993 103.481 73.096
v 258.993 103.338 73.096
v 266.993 102.973 73.096
v 274.993 102.214 73.096
v 282.993 101.904 73.096
v 290.993 101.764 73.096
v 298.993 101.625 73.096
v 306.993 101.495 73.096
v 314.993 101.574 73.096
v 322.993 101.655 73.096
v 330.993 101.739 73.096
v 338.993 101.538 73.096
v 346.993 101.638 73.096
v 354.993 101.738 73.096
v 362.993 101.762 73.096
v 370.993 101.778 73.096
v 378.993 101.794 73.096
v 386.993 101.793 73.096
v 394.993 101.788 73.096
v 402.993 101.783 73.096
v 410.993 101.798 73.096
v 418.993 101.837 73.096
v 426.993 101.876 73.096
v 434.993 101.933 73.096
v 442.993 101.991 73.096
v -69.007 184.301 65.096
v -61.007 181.572 65.096
v -53.007 178.112 65.096
v -45.007 174.623 65.096
v -37.007 171.140 65.096
v -29.007 167.557 65.096
v -21.007 163.963 65.096
v -13.007 160.215 65.096
v -5.007 156.759 65.096
v 2.993 153.332 65.096
v 10.993 149.904 65.096
v 18.993 146.446 65.096
v 26.993 142.979 65.096
v 34.993 139.534 65.096
v 42.993 136.243 65.096
v 50.993 133.021 65.096
v 58.993 129.799 65.096
v 66.993 126.772 65.096
v 74.993 123.847 65.096
v 82.993 120.921 65.096
v 90.993 118.361 65.096
v 98.993 116.053 65.096
v 106.993 113.740 65.096
v 114.993 111.376 65.096
v 122.993 109.553 65.096
v 130.993 107.730 65.096
v 138.993 106.369 65.096
v 146.993 105.528 65.096
v 154.993 104.685 65.096
v 162.993 103.899 65.096
v 170.993 104.198 65.096
v 178.993 103.529 65.096
v 186.993 103.026 65.096
v 194.993 102.850 65.096
v 202.993 102.659 65.096
v 210.993 102.581 65.096
v 218.993 103.023 65.096
v 226.993 103.271 65.096
v 234.993 103.443 65.096
v 242.993 103.390 65.096
v 250.993 103.329 65.096
v 258.993 103.216 65.096
v 266.993 102.383 65.096
v 274.993 102.071 65.096
v 282.993 101.772 65.096
v 290.993 101.592 65.096
v 298.993 101.413 65.096
v 306.993 101.245 65.096
v 314.993 101.270 65.096
v 322.993 101.297 65.096
v 330.993 100.995 65.096
v 338.993 101.142 65.096
v 346.993 101.289 65.096
v 354.993 101.436 65.096
v 362.993 101.459 65.096
v 370.993 101.472 65.096
v 378.993 101.484 65.096
v 386.993 101.481 65.096
v 394.993 101.475 65.096
v 402.993 101.451 65.096
v 410.993 101.440 65.096
v 418.993 101.428 65.096
v 426.993 101.416 65.096
v 434.993 101.428 65.096
v 442.993 101.458 65.096
v -69.007 184.809 57.096
v -61.007 181.515 57.096
v -53.007 177.790 57.096
v -45.007 174.056 57.096
v -37.007 170.327 57.096
v -29.007 166.733 57.096
v -21.007 163.155 57.096
v -13.007 159.578 57.096
v -5.007 156.024 57.096
v 2.993 152.680 57.096
v 10.993 149.337 57.096
v 18.993 145.940 57.096
v 26.993 142.529 57.096
v 34.993 139.119 57.096
v 42.993 135.904 57.096
v 50.993 132.735 57.096
v 58.993 129.566 57.096
v 66.993 126.610 57.096
v 74.993 123.762 57.096
v 82.993 120.912 57.096
v 90.993 118.411 57.096
v 98.993 116.142 57.096
v 106.993 113.869 57.096
v 114.993 111.824 57.096
v 122.993 109.613 57.096
v 130.993 107.760 57.096
v 138.993 106.433 57.096
v 146.993 105.683 57.096
v 154.993 104.930 57.096
v 162.993 104.164 57.096
v 170.993 104.520 57.096
v 178.993 103.780 57.096
v 186.993 103.186 57.096
v 194.993 102.872 57.096
v 202.993 102.537 57.096
v 210.993 102.356 57.096
v 218.993 102.828 57.096
v 226.993 103.066 57.096
v 234.993 103.234 57.096
v 242.993 103.215 57.096
v 250.993 103.187 57.096
v 258.993 102.525 57.096
v 266.993 102.228 57.096
v 274.993 101.930 57.096
v 282.993 101.640 57.096
v 290.993 101.420 57.096
v 298.993 101.201 57.096
v 306.993 100.994 57.096
v 314.993 100.964 57.096
v 322.993 100.538 57.096
v 330.993 100.550 57.096
v 338.993 100.745 57.096
v 346.993 100.940 57.096
v 354.993 101.134 57.096
v 362.993 101.156 57.096
v 370.993 101.165 57.096
v 378.993 101.173 57.096
v 386.993 101.169 57.096
v 394.993 101.141 57.096
v 402.993 101.134 57.096
v 410.993 101.081 57.096
v 418.993 101.018 57.096
v 426.993 100.946 57.096
v 434.993 100.928 57.096
v 442.993 100.925 57.096
v -69.007 182.668 49.096
v -61.007 179.296 49.096
v -53.007 175.610 49.096
v -45.007 171.917 49.096
v -37.007 168.225 49.096
v -29.007 164.629 49.096
v -21.007 161.045 49.096
v -13.007 157.464 49.096
v -5.007 154.175 49.096
v 2.993 150.939 49.096
v 10.993 147.453 49.096
v 18.993 144.239 49.096
v 26.993 141.034 49.096
v 34.993 137.827 49.096
v 42.993 134.774 49.096
v 50.993 131.806 49.096
v 58.993 128.812 49.096
v 66.993 126.014 49.096
v 74.993 123.311 49.096
v 82.993 120.607 49.096
v 90.993 118.190 49.096
v 98.993 115.958 49.096
v 106.993 113.722 49.096
v 114.993 111.752 49.096
v 122.993 109.585 49.096
v 130.993 107.824 49.096
v 138.993 106.638 49.096
v 146.993 106.061 49.096
v 154.993 105.480 49.096
v 162.993 104.781 49.096
v 170.993 105.215 49.096
v 178.993 104.414 49.096
v 186.993 103.718 49.096
v 194.993 103.223 49.096
v 202.993 102.701 49.096
v 210.993 102.371 49.096
v 218.993 102.831 49.096
v 226.993 103.008 49.096
v 234.993 103.120 49.096
v 242.993 103.085 49.096
v 250.993 103.041 49.096
v 258.993 102.315 49.096
v 266.993 102.054 49.096
v 274.993 101.791 49.096
v 282.993 101.532 49.096
v 290.993 101.299 49.096
v 298.993 101.067 49.096
v 306.993 100.848 49.096
v 314.993 100.307 49.096
v 322.993 100.292 49.096
v 330.993 100.278 49.096
v 338.993 100.481 49.096
v 346.993 100.683 49.096
v 354.993 100.886 49.096
v 362.993 100.897 49.096
v 370.993 100.895 49.096
v 378.993 100.865 49.096
v 386.993 100.876 49.096
v 394.993 100.888 49.096
v 402.993 100.898 49.096
v 410.993 100.807 49.096
v 418.993 100.708 49.096
v 426.993 100.609 49.096
v 434.993 100.573 49.096
v 442.993 100.556 49.096
v -69.007 180.501 41.096
v -61.007 177.037 41.096
v -53.007 173.382 41.096
v -45.007 169.724 41.096
v -37.007 166.068 41.096
v -29.007 162.459 41.096
v -21.007 158.857 41.096
v -13.007 155.258 41.096
v -5.007 152.035 41.096
v 2.993 148.876 41.096
v 10.993 145.718 41.096
v 18.993 142.411 41.096
v 26.993 139.418 41.096
v 34.993 136.424 41.096
v 42.993 133.566 41.096
v 50.993 130.754 41.096
v 58.993 127.941 41.096
v 66.993 125.346 41.096
v 74.993 122.797 41.096
v 82.993 120.247 41.096
v 90.993 117.915 41.096
v 98.993 115.719 41.096
v 106.993 113.517 41.096
v 114.993 111.637 41.096
v 122.993 109.537 41.096
v 130.993 107.900 41.096
v 138.993 106.885 41.096
v 146.993 106.508 41.096
v 154.993 106.127 41.096
v 162.993 105.509 41.096
v 170.993 106.045 41.096
v 178.993 105.196 41.096
v 186.993 104.400 41.096
v 194.993 103.713 41.096
v 202.993 102.988 41.096
v 210.993 102.491 41.096
v 218.993 102.934 41.096
v 226.993 103.025 41.096
v 234.993 103.058 41.096
v 242.993 102.979 41.096
v 250.993 102.132 41.096
v 258.993 102.086 41.096
v 266.993 101.871 41.096
v 274.993 101.655 41.096
v 282.993 101.438 41.096
v 290.993 101.208 41.096
v 298.993 100.981 41.096
v 306.993 100.190 41.096
v 314.993 100.168 41.096
v 322.993 100.147 41.096
v 330.993 100.127 41.096
v 338.993 100.312 41.096
v 346.993 100.496 41.096
v 354.993 100.679 41.096
v 362.993 100.673 41.096
v 370.993 100.621 41.096
v 378.993 100.604 41.096
v 386.993 100.645 41.096
v 394.993 100.693 41.096
v 402.993 100.725 41.096
v 410.993 100.637 41.096
v 418.993 100.520 41.096
v 426.993 100.402 41.096
v 434.993 100.373 41.096
v 442.993 100.372 41.096
v -69.007 178.332 33.096
v -61.007 174.777 33.096
v -53.007 171.154 33.096
v -45.007 167.532 33.096
v -37.007 163.912 33.096
v -29.007 160.289 33.096
v -21.007 156.669 33.096
v -13.007 153.052 33.096
v -5.007 149.897 33.096
v 2.993 146.815 33.096
v 10.993 143.735 33.096
v 18.993 140.922 33.096
v 26.993 137.806 33.096
v 34.993 135.024 33.096
v 42.993 132.360 33.096
v 50.993 129.736 33.096
v 58.993 127.111 33.096
v 66.993 124.637 33.096
v 74.993 122.285 33.096
v 82.993 119.891 33.096
v 90.993 117.643 33.096
v 98.993 115.483 33.096
v 106.993 113.318 33.096
v 114.993 111.532 33.096
v 122.993 110.034 33.096
v 130.993 107.978 33.096
v 138.993 107.136 33.096
v 146.993 106.959 33.096
v 154.993 106.777 33.096
v 162.993 106.237 33.096
v 170.993 106.889 33.096
v 178.993 106.000 33.096
v 186.993 105.106 33.096
v 194.993 104.226 33.096
v 202.993 103.290 33.096
v 210.993 103.016 33.096
v 218.993 103.062 33.096
v 226.993 103.060 33.096
v 234.993 103.007 33.096
v 242.993 101.956 33.096
v 250.993 101.923 33.096
v 258.993 101.861 33.096
v 266.993 101.690 33.096
v 274.993 101.520 33.096
v 282.993 101.343 33.096
v 290.993 101.117 33.096
v 298.993 100.202 33.096
v 306.993 100.055 33.096
v 314.993 100.027 33.096
v 322.993 100.000 33.096
v 330.993 99.975 33.096
v 338.993 100.141 33.096
v 346.993 100.307 33.096
v 354.993 100.472 33.096
v 362.993 100.407 33.096
v 370.993 100.376 33.096
v 378.993 100.342 33.096
v 386.993 100.415 33.096
v 394.993 100.481 33.096
v 402.993 100.564 33.096
v 410.993 100.466 33.096
v 418.993 100.330 33.096
v 426.993 100.194 33.096
v 434.993 100.174 33.096
v 442.993 100.187 33.096
v -69.007 176.194 25.096
v -61.007 172.544 25.096
v -53.007 168.947 25.096
v -45.007 165.353 25.096
v -37.007 161.762 25.096
v -29.007 158.132 25.096
v -21.007 154.502 25.096
v -13.007 150.873 25.096
v -5.007 147.784 25.096
v 2.993 144.775 25.096
v 10.993 141.769 25.096
v 18.993 139.140 25.096
v 26.993 136.600 25.096
v 34.993 134.062 25.096
v 42.993 131.146 25.096
v 50.993 128.710 25.096
v 58.993 126.276 25.096
v 66.993 123.975 25.096
v 74.993 121.725 25.096
v 82.993 119.535 25.096
v 90.993 117.371 25.096
v 98.993 115.249 25.096
v 106.993 113.124 25.096
v 114.993 111.437 25.096
v 122.993 110.069 25.096
v 130.993 108.059 25.096
v 138.993 107.391 25.096
v 146.993 107.414 25.096
v 154.993 107.431 25.096
v 162.993 106.965 25.096
v 170.993 107.739 25.096
v 178.993 106.825 25.096
v 186.993 105.842 25.096
v 194.993 104.763 25.096
v 202.993 103.604 25.096
v 210.993 103.260 25.096
v 218.993 103.217 25.096
v 226.993 103.110 25.096
v 234.993 102.960 25.096
v 242.993 101.782 25.096
v 250.993 101.717 25.096
v 258.993 101.637 25.096
v 266.993 101.509 25.096
v 274.993 101.384 25.096
v 282.993 101.247 25.096
v 290.993 100.195 25.096
v 298.993 100.051 25.096
v 306.993 99.917 25.096
v 314.993 99.884 25.096
v 322.993 99.851 25.096
v 330.993 99.821 25.096
v 338.993 99.970 25.096
v 346.993 100.117 25.096
v 354.993 100.215 25.096
v 362.993 100.176 25.096
v 370.993 100.129 25.096
v 378.993 100.058 25.096
v 386.993 100.164 25.096
v 394.993 100.285 25.096
v 402.993 100.404 25.096
v 410.993 100.295 25.096
v 418.993 100.141 25.096
v 426.993 99.986 25.096
v 434.993 99.975 25.096
v 442.993 100.003 25.096
v -69.007 174.263 17.096
v -61.007 170.505 17.096
v -53.007 166.889 17.096
v -45.007 163.275 17.096
v -37.007 159.666 17.096
v -29.007 156.111 17.096
v -21.007 152.562 17.096
v -13.007 149.015 17.096
v -5.007 145.981 17.096
v 2.993 143.018 17.096
v 10.993 140.059 17.096
v 18.993 137.454 17.096
v 26.993 134.929 17.096
v 34.993 132.408 17.096
v 42.993 130.016 17.096
v 50.993 127.080 17.096
v 58.993 124.688 17.096
v 66.993 122.494 17.096
v 74.993 120.384 17.096
v 82.993 118.275 17.096
v 90.993 116.418 17.096
v 98.993 114.606 17.096
v 106.993 112.789 17.096
v 114.993 111.450 17.096
v 122.993 110.441 17.096
v 130.993 109.393 17.096
v 138.993 108.187 17.096
v 146.993 108.197 17.096
v 154.993 108.203 17.096
v 162.993 107.683 17.096
v 170.993 108.553 17.096
v 178.993 107.618 17.096
v 186.993 106.569 17.096
v 194.993 105.315 17.096
v 202.993 103.937 17.096
v 210.993 103.579 17.096
v 218.993 103.403 17.096
v 226.993 103.144 17.096
v 234.993 101.679 17.096
v 242.993 101.637 17.096
v 250.993 101.588 17.096
v 258.993 101.519 17.096
v 266.993 101.384 17.096
v 274.993 101.254 17.096
v 282.993 100.129 17.096
v 290.993 100.020 17.096
v 298.993 99.915 17.096
v 306.993 99.814 17.096
v 314.993 99.764 17.096
v 322.993 99.713 17.096
v 330.993 99.666 17.096
v 338.993 99.799 17.096
v 346.993 99.870 17.096
v 354.993 100.002 17.096
v 362.993 99.963 17.096
v 370.993 99.891 17.096
v 378.993 99.844 17.096
v 386.993 99.954 17.096
v 394.993 100.077 17.096
v 402.993 100.198 17.096
v 410.993 100.103 17.096
v 418.993 99.967 17.096
v 426.993 99.829 17.096
v 434.993 99.813 17.096
v 442.993 99.828 17.096
v -69.007 172.329 9.096
v -61.007 168.465 9.096
v -53.007 164.829 9.096
v -45.007 161.197 9.096
v -37.007 157.568 9.096
v -29.007 154.090 9.096
v -21.007 150.622 9.096
v -13.007 147.157 9.096
v -5.007 144.177 9.096
v 2.993 141.260 9.096
v 10.993 138.349 9.096
v 18.993 135.767 9.096
v 26.993 133.258 9.096
v 34.993 130.754 9.096
v 42.993 128.406 9.096
v 50.993 126.106 9.096
v 58.993 123.806 9.096
v 66.993 121.012 9.096
v 74.993 119.037 9.096
v 82.993 117.063 9.096
v 90.993 115.385 9.096
v 98.993 113.862 9.096
v 106.993 112.448 9.096
v 114.993 111.475 9.096
v 122.993 110.850 9.096
v 130.993 110.163 9.096
v 138.993 109.024 9.096
v 146.993 109.009 9.096
v 154.993 108.986 9.096
v 162.993 108.399 9.096
v 170.993 109.313 9.096
v 178.993 108.375 9.096
v 186.993 107.325 9.096
v 194.993 105.862 9.096
v 202.993 104.841 9.096
v 210.993 103.947 9.096
v 218.993 103.597 9.096
v 226.993 101.697 9.096
v 234.993 101.517 9.096
v 242.993 101.496 9.096
v 250.993 101.472 9.096
v 258.993 101.420 9.096
v 266.993 101.266 9.096
v 274.993 99.943 9.096
v 282.993 99.902 9.096
v 290.993 99.841 9.096
v 298.993 99.781 9.096
v 306.993 99.721 9.096
v 314.993 99.650 9.096
v 322.993 99.578 9.096
v 330.993 99.435 9.096
v 338.993 99.555 9.096
v 346.993 99.673 9.096
v 354.993 99.789 9.096
v 362.993 99.726 9.096
v 370.993 99.691 9.096
v 378.993 99.654 9.096
v 386.993 99.753 9.096
v 394.993 99.862 9.096
v 402.993 99.969 9.096
v 410.993 99.902 9.096
v 418.993 99.803 9.096
v 426.993 99.703 9.096
v 434.993 99.672 9.096
v 442.993 99.658 9.096
v -69.007 170.392 1.096
v -61.007 166.424 1.096
v -53.007 162.768 1.096
v -45.007 159.116 1.096
v -37.007 155.469 1.096
v -29.007 152.068 1.096
v -21.007 148.682 1.096
v -13.007 145.299 1.096
v -5.007 142.372 1.096
v 2.993 139.501 1.096
v 10.993 136.637 1.096
v 18.993 134.078 1.096
v 26.993 131.585 1.096
v 34.993 129.099 1.096
v 42.993 126.796 1.096
v 50.993 124.549 1.096
v 58.993 122.305 1.096
v 66.993 120.390 1.096
v 74.993 117.686 1.096
v 82.993 115.849 1.096
v 90.993 114.426 1.096
v 98.993 113.219 1.096
v 106.993 112.002 1.096
v 114.993 111.492 1.096
v 122.993 111.272 1.096
v 130.993 110.946 1.096
v 202.993 105.283 1.096
v 210.993 104.348 1.096
v 218.993 101.958 1.096
v 226.993 101.623 1.096
v 234.993 101.347 1.096
v 242.993 101.341 1.096
v 250.993 101.342 1.096
v 258.993 101.309 1.096
v 266.993 99.747 1.096
v 274.993 99.702 1.096
v 282.993 99.671 1.096
v 290.993 99.658 1.096
v 298.993 99.647 1.096
v 306.993 99.627 1.096
v 314.993 99.536 1.096
v 322.993 99.350 1.096
v 330.993 99.267 1.096
v 338.993 99.373 1.096
v 346.993 99.433 1.096
v 354.993 99.537 1.096
v 362.993 99.517 1.096
v 370.993 99.492 1.096
v 378.993 99.464 1.096
v 386.993 99.552 1.096
v 394.993 99.647 1.096
v 402.993 99.739 1.096
v 410.993 99.701 1.096
v 418.993 99.640 1.096
v 426.993 99.577 1.096
v 434.993 99.531 1.096
v 442.993 99.489 1.096
v -69.007 168.794 -6.904
v -61.007 164.738 -6.904
v -53.007 161.039 -6.904
v -45.007 157.344 -6.904
v -37.007 153.655 -6.904
v -29.007 150.310 -6.904
v -21.007 146.982 -6.904
v -13.007 143.659 -6.904
v -5.007 140.753 -6.904
v 2.993 137.899 -6.904
v 10.993 135.053 -6.904
v 18.993 132.482 -6.904
v 26.993 129.971 -6.904
v 34.993 127.473 -6.904
v 42.993 125.221 -6.904
v 50.993 123.040 -6.904
v 58.993 120.865 -6.904
v 66.993 119.103 -6.904
v 74.993 117.489 -6.904
v 82.993 114.752 -6.904
v 90.993 113.587 -6.904
v 98.993 112.687 -6.904
v 106.993 111.787 -6.904
v 114.993 111.466 -6.904
v 122.993 111.663 -6.904
v 218.993 102.034 -6.904
v 226.993 101.519 -6.904
v 234.993 101.140 -6.904
v 242.993 101.157 -6.904
v 250.993 101.191 -6.904
v 258.993 99.555 -6.904
v 266.993 99.496 -6.904
v 274.993 99.454 -6.904
v 282.993 99.436 -6.904
v 290.993 99.474 -6.904
v 298.993 99.513 -6.904
v 306.993 99.533 -6.904
v 314.993 99.308 -6.904
v 322.993 99.198 -6.904
v 330.993 99.098 -6.904
v 338.993 99.138 -6.904
v 346.993 99.230 -6.904
v 354.993 99.319 -6.904
v 362.993 99.308 -6.904
v 370.993 99.294 -6.904
v 378.993 99.275 -6.904
v 386.993 99.352 -6.904
v 394.993 99.432 -6.904
v 402.993 99.510 -6.904
v 410.993 99.502 -6.904
v 418.993 99.478 -6.904
v 426.993 99.452 -6.904
v 434.993 99.390 -6.904
v 442.993 99.319 -6.904
v -69.007 168.051 -14.904
v -61.007 163.985 -14.904
v -53.007 160.212 -14.904
v -45.007 156.444 -14.904
v -37.007 152.699 -14.904
v -29.007 149.375 -14.904
v -21.007 146.067 -14.904
v -13.007 142.765 -14.904
v -5.007 139.807 -14.904
v 2.993 136.889 -14.904
v 10.993 133.981 -14.904
v 18.993 131.281 -14.904
v 26.993 128.628 -14.904
v 34.993 125.990 -14.904
v 42.993 123.825 -14.904
v 50.993 121.790 -14.904
v 58.993 119.765 -14.904
v 66.993 118.308 -14.904
v 74.993 117.054 -14.904
v 82.993 115.786 -14.904
v 90.993 114.989 -14.904
v 98.993 113.066 -14.904
v 106.993 112.486 -14.904
v 114.993 112.286 -14.904
v 226.993 101.545 -14.904
v 234.993 101.049 -14.904
v 242.993 101.044 -14.904
v 250.993 99.197 -14.904
v 258.993 99.313 -14.904
v 266.993 99.384 -14.904
v 274.993 99.475 -14.904
v 282.993 99.555 -14.904
v 290.993 99.546 -14.904
v 298.993 99.536 -14.904
v 306.993 99.367 -14.904
v 314.993 99.242 -14.904
v 322.993 99.114 -14.904
v 330.993 98.930 -14.904
v 338.993 98.987 -14.904
v 346.993 99.040 -14.904
v 354.993 99.090 -14.904
v 362.993 99.081 -14.904
v 370.993 99.068 -14.904
v 378.993 99.050 -14.904
v 386.993 99.123 -14.904
v 394.993 99.199 -14.904
v 402.993 99.272 -14.904
v 410.993 99.272 -14.904
v 418.993 99.260 -14.904
v 426.993 99.245 -14.904
v 434.993 99.184 -14.904
v 442.993 99.111 -14.904
v -69.007 167.317 -22.904
v -61.007 163.241 -22.904
v -53.007 159.398 -22.904
v -45.007 155.560 -22.904
v -37.007 151.727 -22.904
v -29.007 148.422 -22.904
v -21.007 145.130 -22.904
v -13.007 141.844 -22.904
v -5.007 138.855 -22.904
v 2.993 135.872 -22.904
v 10.993 132.901 -22.904
v 18.993 130.070 -22.904
v 26.993 127.274 -22.904
v 34.993 124.495 -22.904
v 42.993 122.419 -22.904
v 50.993 120.527 -22.904
v 58.993 118.651 -22.904
v 66.993 117.502 -22.904
v 74.993 116.612 -22.904
v 82.993 115.719 -22.904
v 90.993 115.297 -22.904
v 98.993 115.024 -22.904
v 106.993 113.126 -22.904
v 234.993 100.900 -22.904
v 242.993 98.862 -22.904
v 250.993 98.929 -22.904
v 258.993 99.059 -22.904
v 266.993 99.275 -22.904
v 274.993 99.515 -22.904
v 282.993 99.704 -22.904
v 290.993 99.644 -22.904
v 298.993 99.401 -22.904
v 306.993 99.325 -22.904
v 314.993 99.101 -22.904
v 322.993 98.960 -22.904
v 330.993 98.827 -22.904
v 338.993 98.843 -22.904
v 346.993 98.854 -22.904
v 354.993 98.860 -22.904
v 362.993 98.851 -22.904
v 370.993 98.837 -22.904
v 378.993 98.819 -22.904
v 386.993 98.890 -22.904
v 394.993 98.963 -22.904
v 402.993 99.032 -22.904
v 410.993 99.035 -22.904
v 418.993 99.028 -22.904
v 426.993 99.017 -22.904
v 434.993 98.960 -22.904
v 442.993 98.892 -22.904
v -69.007 166.582 -30.904
v -61.007 162.495 -30.904
v -53.007 158.581 -30.904
v -45.007 154.672 -30.904
v -37.007 150.769 -30.904
v -29.007 147.488 -30.904
v -21.007 144.217 -30.904
v -13.007 140.953 -30.904
v -5.007 137.877 -30.904
v 2.993 134.825 -30.904
v 10.993 131.782 -30.904
v 18.993 128.809 -30.904
v 26.993 125.907 -30.904
v 34.993 122.984 -30.904
v 42.993 120.998 -30.904
v 50.993 119.246 -30.904
v 58.993 117.513 -30.904
v 66.993 116.671 -30.904
v 74.993 116.141 -30.904
v 82.993 115.627 -30.904
v 90.993 115.603 -30.904
v 98.993 115.717 -30.904
v 242.993 98.630 -30.904
v 250.993 98.642 -30.904
v 258.993 98.792 -30.904
v 266.993 99.167 -30.904
v 274.993 99.565 -30.904
v 282.993 99.646 -30.904
v 290.993 99.524 -30.904
v 298.993 99.409 -30.904
v 306.993 99.183 -30.904
v 314.993 99.032 -30.904
v 322.993 98.877 -30.904
v 330.993 98.726 -30.904
v 338.993 98.702 -30.904
v 346.993 98.670 -30.904
v 354.993 98.633 -30.904
v 362.993 98.624 -30.904
v 370.993 98.610 -30.904
v 378.993 98.589 -30.904
v 386.993 98.659 -30.904
v 394.993 98.728 -30.904
v 402.993 98.794 -30.904
v 410.993 98.800 -30.904
v 418.993 98.796 -30.904
v 426.993 98.790 -30.904
v 434.993 98.737 -30.904
v 442.993 98.673 -30.904
v -69.007 165.256 -38.904
v -61.007 161.215 -38.904
v -53.007 157.306 -38.904
v -45.007 153.399 -38.904
v -37.007 149.495 -38.904
v -29.007 146.260 -38.904
v -21.007 143.030 -38.904
v -13.007 139.806 -38.904
v -5.007 136.718 -38.904
v 2.993 133.645 -38.904
v 10.993 130.582 -38.904
v 18.993 127.601 -38.904
v 26.993 124.639 -38.904
v 34.993 121.686 -38.904
v 42.993 119.874 -38.904
v 50.993 118.324 -38.904
v 58.993 116.867 -38.904
v 66.993 116.275 -38.904
v 74.993 116.004 -38.904
v 82.993 115.765 -38.904
v 90.993 116.014 -38.904
v 98.993 116.498 -38.904
v 250.993 98.380 -38.904
v 258.993 98.527 -38.904
v 266.993 99.060 -38.904
v 274.993 99.323 -38.904
v 282.993 99.692 -38.904
v 290.993 99.552 -38.904
v 298.993 99.277 -38.904
v 306.993 99.127 -38.904
v 314.993 98.969 -38.904
v 322.993 98.801 -38.904
v 330.993 98.634 -38.904
v 338.993 98.565 -38.904
v 346.993 98.490 -38.904
v 354.993 98.409 -38.904
v 362.993 98.400 -38.904
v 370.993 98.384 -38.904
v 378.993 98.362 -38.904
v 386.993 98.429 -38.904
v 394.993 98.495 -38.904
v 402.993 98.556 -38.904
v 410.993 98.565 -38.904
v 418.993 98.566 -38.904
v 426.993 98.563 -38.904
v 434.993 98.515 -38.904
v 442.993 98.455 -38.904
v -69.007 163.143 -46.904
v -61.007 159.201 -46.904
v -53.007 155.379 -46.904
v -45.007 151.560 -46.904
v -37.007 147.749 -46.904
v -29.007 144.571 -46.904
v -21.007 141.399 -46.904
v -13.007 138.233 -46.904
v -5.007 135.192 -46.904
v 2.993 132.166 -46.904
v 10.993 129.149 -46.904
v 18.993 126.398 -46.904
v 26.993 123.690 -46.904
v 34.993 120.992 -46.904
v 42.993 119.602 -46.904
v 50.993 118.498 -46.904
v 58.993 117.408 -46.904
v 66.993 116.975 -46.904
v 74.993 116.759 -46.904
v 82.993 116.553 -46.904
v 90.993 116.621 -46.904
v 258.993 98.397 -46.904
v 266.993 98.422 -46.904
v 274.993 98.769 -46.904
v 282.993 98.921 -46.904
v 290.993 98.960 -46.904
v 298.993 98.998 -46.904
v 306.993 99.005 -46.904
v 314.993 98.899 -46.904
v 322.993 98.779 -46.904
v 330.993 98.644 -46.904
v 338.993 98.484 -46.904
v 346.993 98.315 -46.904
v 354.993 98.143 -46.904
v 362.993 98.074 -46.904
v 370.993 98.000 -46.904
v 378.993 97.919 -46.904
v 386.993 97.976 -46.904
v 394.993 98.032 -46.904
v 402.993 98.084 -46.904
v 410.993 98.123 -46.904
v 418.993 98.157 -46.904
v 426.993 98.188 -46.904
v 434.993 98.190 -46.904
v 442.993 98.184 -46.904
v -69.007 161.031 -54.904
v -61.007 157.187 -54.904
v -53.007 153.452 -54.904
v -45.007 149.720 -54.904
v -37.007 146.000 -54.904
v -29.007 142.880 -54.904
v -21.007 139.765 -54.904
v -13.007 136.656 -54.904
v -5.007 133.662 -54.904
v 2.993 130.680 -54.904
v 10.993 127.709 -54.904
v 18.993 125.189 -54.904
v 26.993 122.732 -54.904
v 34.993 120.286 -54.904
v 42.993 119.316 -54.904
v 50.993 118.652 -54.904
v 58.993 118.004 -54.904
v 66.993 117.750 -54.904
v 74.993 117.634 -54.904
v 82.993 117.550 -54.904
v 90.993 117.657 -54.904
v 266.993 97.985 -54.904
v 274.993 98.040 -54.904
v 282.993 98.293 -54.904
v 290.993 98.529 -54.904
v 298.993 98.747 -54.904
v 306.993 98.904 -54.904
v 314.993 98.846 -54.904
v 322.993 98.770 -54.904
v 330.993 98.663 -54.904
v 338.993 98.410 -54.904
v 346.993 98.146 -54.904
v 354.993 97.880 -54.904
v 362.993 97.751 -54.904
v 370.993 97.615 -54.904
v 378.993 97.474 -54.904
v 386.993 97.519 -54.904
v 394.993 97.562 -54.904
v 402.993 97.601 -54.904
v 410.993 97.670 -54.904
v 418.993 97.739 -54.904
v 426.993 97.803 -54.904
v 434.993 97.858 -54.904
v 442.993 97.909 -54.904
v -69.007 158.918 -62.904
v -61.007 155.173 -62.904
v -53.007 151.525 -62.904
v -45.007 147.879 -62.904
v -37.007 144.251 -62.904
v -29.007 141.187 -62.904
v -21.007 138.129 -62.904
v -13.007 135.076 -62.904
v -5.007 132.127 -62.904
v 2.993 129.189 -62.904
v 10.993 126.261 -62.904
v 18.993 123.974 -62.904
v 26.993 121.764 -62.904
v 34.993 119.566 -62.904
v 42.993 119.014 -62.904
v 50.993 118.782 -62.904
v 58.993 118.566 -62.904
v 66.993 118.466 -62.904
v 74.993 118.418 -62.904
v 82.993 118.393 -62.904
v 90.993 118.372 -62.904
v 274.993 97.533 -62.904
v 282.993 97.745 -62.904
v 290.993 98.156 -62.904
v 298.993 98.537 -62.904
v 306.993 98.833 -62.904
v 314.993 98.815 -62.904
v 322.993 98.778 -62.904
v 330.993 98.694 -62.904
v 338.993 98.344 -62.904
v 346.993 100.066 -62.904
v 354.993 99.448 -62.904
v 362.993 99.031 -62.904
v 370.993 98.634 -62.904
v 378.993 98.256 -62.904
v 386.993 98.137 -62.904
v 394.993 98.034 -62.904
v 402.993 97.943 -62.904
v 410.993 97.940 -62.904
v 418.993 97.952 -62.904
v 426.993 97.972 -62.904
v 434.993 98.012 -62.904
v 442.993 98.059 -62.904
v -69.007 156.845 -70.904
v -61.007 153.188 -70.904
v -53.007 149.598 -70.904
v -45.007 146.011 -70.904
v -37.007 142.449 -70.904
v -29.007 139.484 -70.904
v -21.007 136.523 -70.904
v -13.007 133.566 -70.904
v -5.007 130.783 -70.904
v 2.993 128.009 -70.904
v 10.993 125.240 -70.904
v 18.993 123.242 -70.904
v 26.993 121.325 -70.904
v 34.993 119.417 -70.904
v 42.993 119.189 -70.904
v 50.993 119.270 -70.904
v 58.993 119.366 -70.904
v 66.993 119.394 -70.904
v 74.993 119.411 -70.904
v 82.993 119.424 -70.904
v 90.993 118.394 -70.904
v 98.993 118.212 -70.904
v 274.993 104.401 -70.904
v 282.993 103.662 -70.904
v 290.993 103.397 -70.904
v 298.993 103.194 -70.904
v 306.993 102.978 -70.904
v 314.993 102.477 -70.904
v 322.993 102.022 -70.904
v 330.993 101.559 -70.904
v 338.993 100.786 -70.904
v 346.993 100.043 -70.904
v 354.993 99.338 -70.904
v 362.993 98.852 -70.904
v 370.993 98.388 -70.904
v 378.993 97.942 -70.904
v 386.993 97.784 -70.904
v 394.993 97.644 -70.904
v 402.993 97.519 -70.904
v 410.993 97.530 -70.904
v 418.993 97.560 -70.904
v 426.993 97.601 -70.904
v 434.993 97.688 -70.904
v 442.993 97.787 -70.904
v -69.007 154.800 -78.904
v -61.007 151.223 -78.904
v -53.007 147.670 -78.904
v -45.007 144.120 -78.904
v -37.007 140.603 -78.904
v -29.007 137.772 -78.904
v -21.007 134.945 -78.904
v -13.007 132.123 -78.904
v -5.007 129.627 -78.904
v 2.993 127.142 -78.904
v 10.993 124.661 -78.904
v 18.993 123.024 -78.904
v 26.993 121.468 -78.904
v 34.993 119.918 -78.904
v 42.993 119.923 -78.904
v 50.993 120.195 -78.904
v 58.993 120.477 -78.904
v 66.993 120.628 -78.904
v 74.993 120.051 -78.904
v 82.993 120.136 -78.904
v 90.993 119.976 -78.904
v 98.993 119.707 -78.904
v 106.993 119.332 -78.904
v 114.993 118.456 -78.904
v 122.993 117.369 -78.904
v 130.993 115.117 -78.904
v 138.993 114.082 -78.904
v 146.993 112.996 -78.904
v 250.993 109.301 -78.904
v 258.993 106.551 -78.904
v 266.993 106.480 -78.904
v 274.993 105.657 -78.904
v 282.993 104.680 -78.904
v 290.993 104.235 -78.904
v 298.993 103.851 -78.904
v 306.993 103.486 -78.904
v 314.993 102.994 -78.904
v 322.993 102.548 -78.904
v 330.993 102.094 -78.904
v 338.993 101.350 -78.904
v 346.993 100.637 -78.904
v 354.993 99.960 -78.904
v 362.993 99.444 -78.904
v 370.993 98.949 -78.904
v 378.993 98.474 -78.904
v 386.993 98.153 -78.904
v 394.993 97.849 -78.904
v 402.993 97.559 -78.904
v 410.993 97.466 -78.904
v 418.993 97.395 -78.904
v 426.993 97.333 -78.904
v 434.993 97.404 -78.904
v 442.993 97.497 -78.904
v -69.007 152.756 -86.904
v -61.007 149.257 -86.904
v -53.007 145.741 -86.904
v -45.007 142.227 -86.904
v -37.007 138.757 -86.904
v -29.007 136.060 -86.904
v -21.007 133.367 -86.904
v -13.007 130.678 -86.904
v -5.007 128.471 -86.904
v 2.993 126.274 -86.904
v 10.993 124.080 -86.904
v 18.993 122.805 -86.904
v 26.993 121.606 -86.904
v 34.993 120.412 -86.904
v 42.993 120.646 -86.904
v 50.993 121.107 -86.904
v 58.993 121.046 -86.904
v 66.993 121.285 -86.904
v 74.993 121.483 -86.904
v 82.993 121.683 -86.904
v 90.993 121.505 -86.904
v 98.993 121.168 -86.904
v 106.993 120.767 -86.904
v 114.993 119.812 -86.904
v 122.993 118.597 -86.904
v 130.993 116.261 -86.904
v 138.993 115.206 -86.904
v 146.993 114.196 -86.904
v 154.993 113.186 -86.904
v 162.993 112.819 -86.904
v 170.993 112.954 -86.904
v 178.993 113.089 -86.904
v 186.993 113.012 -86.904
v 194.993 116.003 -86.904
v 202.993 116.133 -86.904
v 210.993 115.791 -86.904
v 218.993 114.640 -86.904
v 226.993 112.938 -86.904
v 234.993 114.203 -86.904
v 242.993 112.838 -86.904
v 250.993 110.907 -86.904
v 258.993 107.978 -86.904
v 266.993 107.379 -86.904
v 274.993 106.434 -86.904
v 282.993 105.425 -86.904
v 290.993 104.902 -86.904
v 298.993 104.393 -86.904
v 306.993 103.915 -86.904
v 314.993 103.454 -86.904
v 322.993 103.030 -86.904
v 330.993 102.595 -86.904
v 338.993 101.889 -86.904
v 346.993 101.211 -86.904
v 354.993 100.565 -86.904
v 362.993 100.022 -86.904
v 370.993 99.500 -86.904
v 378.993 98.996 -86.904
v 386.993 98.512 -86.904
v 394.993 98.045 -86.904
v 402.993 97.591 -86.904
v 410.993 97.396 -86.904
v 418.993 97.224 -86.904
v 426.993 97.062 -86.904
v 434.993 97.118 -86.904
v 442.993 97.205 -86.904
v -69.007 150.712 -94.904
v -61.007 147.291 -94.904
v -53.007 143.811 -94.904
v -45.007 140.334 -94.904
v -37.007 136.911 -94.904
v -29.007 134.348 -94.904
v -21.007 131.788 -94.904
v -13.007 129.231 -94.904
v -5.007 127.316 -94.904
v 2.993 125.406 -94.904
v 10.993 123.499 -94.904
v 18.993 122.585 -94.904
v 26.993 121.744 -94.904
v 34.993 120.904 -94.904
v 42.993 120.969 -94.904
v 50.993 121.585 -94.904
v 58.993 122.204 -94.904
v 66.993 122.579 -94.904
v 74.993 122.899 -94.904
v 82.993 123.214 -94.904
v 90.993 123.023 -94.904
v 98.993 122.643 -94.904
v 106.993 122.220 -94.904
v 114.993 121.159 -94.904
v 122.993 119.804 -94.904
v 130.993 117.407 -94.904
v 138.993 116.339 -94.904
v 146.993 115.404 -94.904
v 154.993 114.473 -94.904
v 162.993 114.248 -94.904
v 170.993 114.558 -94.904
v 178.993 114.869 -94.904
v 186.993 114.813 -94.904
v 194.993 117.519 -94.904
v 202.993 117.442 -94.904
v 210.993 116.918 -94.904
v 218.993 115.729 -94.904
v 226.993 114.279 -94.904
v 234.993 115.212 -94.904
v 242.993 113.885 -94.904
v 250.993 112.230 -94.904
v 258.993 109.309 -94.904
v 266.993 108.337 -94.904
v 274.993 107.169 -94.904
v 282.993 106.054 -94.904
v 290.993 105.462 -94.904
v 298.993 104.849 -94.904
v 306.993 104.280 -94.904
v 314.993 103.864 -94.904
v 322.993 103.474 -94.904
v 330.993 103.066 -94.904
v 338.993 102.404 -94.904
v 346.993 101.767 -94.904
v 354.993 101.154 -94.904
v 362.993 100.588 -94.904
v 370.993 100.041 -94.904
v 378.993 99.507 -94.904
v 386.993 98.862 -94.904
v 394.993 98.232 -94.904
v 402.993 97.617 -94.904
v 410.993 97.321 -94.904
v 418.993 97.049 -94.904
v 426.993 96.786 -94.904
v 434.993 96.829 -94.904
v 442.993 96.911 -94.904
v -69.007 148.386 -102.904
v -61.007 145.001 -102.904
v -53.007 141.654 -102.904
v -45.007 138.308 -102.904
v -37.007 135.034 -102.904
v -29.007 132.795 -102.904
v -21.007 130.555 -102.904
v -13.007 128.315 -102.904
v -5.007 126.821 -102.904
v 2.993 125.325 -102.904
v 10.993 123.826 -102.904
v 18.993 123.295 -102.904
v 26.993 122.529 -102.904
v 34.993 122.028 -102.904
v 42.993 122.577 -102.904
v 50.993 123.272 -102.904
v 58.993 123.970 -102.904
v 66.993 124.390 -102.904
v 74.993 124.748 -102.904
v 82.993 125.100 -102.904
v 90.993 124.883 -102.904
v 98.993 124.468 -102.904
v 106.993 124.023 -102.904
v 114.993 122.911 -102.904
v 122.993 121.500 -102.904
v 130.993 119.138 -102.904
v 138.993 118.056 -102.904
v 146.993 117.141 -102.904
v 154.993 116.231 -102.904
v 162.993 116.103 -102.904
v 170.993 116.547 -102.904
v 178.993 116.994 -102.904
v 186.993 116.984 -102.904
v 194.993 119.419 -102.904
v 202.993 119.224 -102.904
v 210.993 118.602 -102.904
v 218.993 117.426 -102.904
v 226.993 116.097 -102.904
v 234.993 116.756 -102.904
v 242.993 115.417 -102.904
v 250.993 113.871 -102.904
v 258.993 111.000 -102.904
v 266.993 109.714 -102.904
v 274.993 108.303 -102.904
v 282.993 106.996 -102.904
v 290.993 106.194 -102.904
v 298.993 105.362 -102.904
v 306.993 104.612 -102.904
v 314.993 104.176 -102.904
v 322.993 103.761 -102.904
v 330.993 103.332 -102.904
v 338.993 102.716 -102.904
v 346.993 102.121 -102.904
v 354.993 101.546 -102.904
v 362.993 100.992 -102.904
v 370.993 100.453 -102.904
v 378.993 99.922 -102.904
v 386.993 99.172 -102.904
v 394.993 98.434 -102.904
v 402.993 97.706 -102.904
v 410.993 97.308 -102.904
v 418.993 96.931 -102.904
v 426.993 96.563 -102.904
v 434.993 96.570 -102.904
v 442.993 96.623 -102.904
v -69.007 145.949 -110.904
v -61.007 142.581 -110.904
v -53.007 139.403 -110.904
v -45.007 136.225 -110.904
v -37.007 133.146 -110.904
v -29.007 131.322 -110.904
v -21.007 129.495 -110.904
v -13.007 127.675 -110.904
v -5.007 126.677 -110.904
v 2.993 125.675 -110.904
v 10.993 124.671 -110.904
v 18.993 124.310 -110.904
v 26.993 124.211 -110.904
v 34.993 124.110 -110.904
v 42.993 124.730 -110.904
v 50.993 125.443 -110.904
v 58.993 126.159 -110.904
v 66.993 126.572 -110.904
v 74.993 126.921 -110.904
v 82.993 127.263 -110.904
v 90.993 127.017 -110.904
v 98.993 126.580 -110.904
v 106.993 126.122 -110.904
v 114.993 125.021 -110.904
v 122.993 123.645 -110.904
v 130.993 121.413 -110.904
v 138.993 120.331 -110.904
v 146.993 119.398 -110.904
v 154.993 118.468 -110.904
v 162.993 118.404 -110.904
v 170.993 118.953 -110.904
v 178.993 119.503 -110.904
v 186.993 119.583 -110.904
v 194.993 121.845 -110.904
v 202.993 121.678 -110.904
v 210.993 121.059 -110.904
v 218.993 119.897 -110.904
v 226.993 118.634 -110.904
v 234.993 119.038 -110.904
v 242.993 117.642 -110.904
v 250.993 116.105 -110.904
v 258.993 113.274 -110.904
v 266.993 111.724 -110.904
v 274.993 110.090 -110.904
v 282.993 108.530 -110.904
v 290.993 107.306 -110.904
v 298.993 106.051 -110.904
v 306.993 104.936 -110.904
v 314.993 104.342 -110.904
v 322.993 103.760 -110.904
v 330.993 103.188 -110.904
v 338.993 102.602 -110.904
v 346.993 102.031 -110.904
v 354.993 101.484 -110.904
v 362.993 101.010 -110.904
v 370.993 100.550 -110.904
v 378.993 100.092 -110.904
v 386.993 99.388 -110.904
v 394.993 98.694 -110.904
v 402.993 98.009 -110.904
v 410.993 97.505 -110.904
v 418.993 97.015 -110.904
v 426.993 96.534 -110.904
v 434.993 96.428 -110.904
v 442.993 96.364 -110.904
v -69.007 143.512 -118.904
v -61.007 140.162 -118.904
v -53.007 137.154 -118.904
v -45.007 134.145 -118.904
v -37.007 131.265 -118.904
v -29.007 129.854 -118.904
v -21.007 128.441 -118.904
v -13.007 127.042 -118.904
v -5.007 126.539 -118.904
v 2.993 125.853 -118.904
v 10.993 125.324 -118.904
v 18.993 125.595 -118.904
v 26.993 125.897 -118.904
v 34.993 126.196 -118.904
v 42.993 126.882 -118.904
v 50.993 127.614 -118.904
v 58.993 128.347 -118.904
v 66.993 128.755 -118.904
v 74.993 129.097 -118.904
v 82.993 129.434 -118.904
v 90.993 129.163 -118.904
v 98.993 128.707 -118.904
v 106.993 128.235 -118.904
v 114.993 127.144 -118.904
v 122.993 125.798 -118.904
v 130.993 123.689 -118.904
v 138.993 122.606 -118.904
v 146.993 121.653 -118.904
v 154.993 120.703 -118.904
v 162.993 120.705 -118.904
v 170.993 121.359 -118.904
v 178.993 122.014 -118.904
v 186.993 122.185 -118.904
v 194.993 124.271 -118.904
v 202.993 124.151 -118.904
v 210.993 123.556 -118.904
v 218.993 122.419 -118.904
v 226.993 121.212 -118.904
v 234.993 121.395 -118.904
v 242.993 119.941 -118.904
v 250.993 118.387 -118.904
v 258.993 116.610 -118.904
v 266.993 113.785 -118.904
v 274.993 111.923 -118.904
v 282.993 110.090 -118.904
v 290.993 108.425 -118.904
v 298.993 106.735 -118.904
v 306.993 105.251 -118.904
v 314.993 104.495 -118.904
v 322.993 103.744 -118.904
v 330.993 103.034 -118.904
v 338.993 102.477 -118.904
v 346.993 101.933 -118.904
v 354.993 101.415 -118.904
v 362.993 101.023 -118.904
v 370.993 100.642 -118.904
v 378.993 100.258 -118.904
v 386.993 99.600 -118.904
v 394.993 98.950 -118.904
v 402.993 98.309 -118.904
v 410.993 97.697 -118.904
v 418.993 97.095 -118.904
v 426.993 96.501 -118.904
v 434.993 96.283 -118.904
v 442.993 96.102 -118.904
v -69.007 141.074 -126.904
v -61.007 137.747 -126.904
v -53.007 134.907 -126.904
v -45.007 132.066 -126.904
v -37.007 129.389 -126.904
v -29.007 128.392 -126.904
v -21.007 127.392 -126.904
v -13.007 126.282 -126.904
v -5.007 126.261 -126.904
v 2.993 126.235 -126.904
v 10.993 126.203 -126.904
v 18.993 126.885 -126.904
v 26.993 127.588 -126.904
v 34.993 128.287 -126.904
v 42.993 129.033 -126.904
v 50.993 129.785 -126.904
v 58.993 130.536 -126.904
v 66.993 130.941 -126.904
v 74.993 131.280 -126.904
v 82.993 131.612 -126.904
v 90.993 131.319 -126.904
v 98.993 130.846 -126.904
v 106.993 130.361 -126.904
v 114.993 129.278 -126.904
v 122.993 127.268 -126.904
v 130.993 125.964 -126.904
v 138.993 124.879 -126.904
v 146.993 123.906 -126.904
v 154.993 122.935 -126.904
v 162.993 123.006 -126.904
v 170.993 123.765 -126.904
v 178.993 124.525 -126.904
v 186.993 124.788 -126.904
v 194.993 126.712 -126.904
v 202.993 126.653 -126.904
v 210.993 126.094 -126.904
v 218.993 124.987 -126.904
v 226.993 123.828 -126.904
v 234.993 123.821 -126.904
v 242.993 122.308 -126.904
v 250.993 120.722 -126.904
v 258.993 118.866 -126.904
v 266.993 115.889 -126.904
v 274.993 113.797 -126.904
v 282.993 111.678 -126.904
v 290.993 109.561 -126.904
v 298.993 107.424 -126.904
v 306.993 105.567 -126.904
v 314.993 104.643 -126.904
v 322.993 103.722 -126.904
v 330.993 102.874 -126.904
v 338.993 102.346 -126.904
v 346.993 101.828 -126.904
v 354.993 101.342 -126.904
v 362.993 101.031 -126.904
v 370.993 100.731 -126.904
v 378.993 100.421 -126.904
v 386.993 99.808 -126.904
v 394.993 99.204 -126.904
v 402.993 98.607 -126.904
v 410.993 97.885 -126.904
v 418.993 97.171 -126.904
v 426.993 96.465 -126.904
v 434.993 96.134 -126.904
v 442.993 95.837 -126.904
v -69.007 139.322 -134.904
v -61.007 136.381 -134.904
v -53.007 134.104 -134.904
v -45.007 131.820 -134.904
v -37.007 129.691 -134.904
v -29.007 128.984 -134.904
v -21.007 128.362 -134.904
v -13.007 127.766 -134.904
v -5.007 128.011 -134.904
v 2.993 128.255 -134.904
v 10.993 128.497 -134.904
v 18.993 129.385 -134.904
v 26.993 130.289 -134.904
v 34.993 131.193 -134.904
v 42.993 131.959 -134.904
v 50.993 132.712 -134.904
v 58.993 133.465 -134.904
v 66.993 133.820 -134.904
v 74.993 134.103 -134.904
v 82.993 134.383 -134.904
v 90.993 134.045 -134.904
v 98.993 133.538 -134.904
v 106.993 133.023 -134.904
v 114.993 131.907 -134.904
v 122.993 129.956 -134.904
v 130.993 128.628 -134.904
v 138.993 127.567 -134.904
v 146.993 126.638 -134.904
v 154.993 125.708 -134.904
v 162.993 125.852 -134.904
v 170.993 126.683 -134.904
v 178.993 127.515 -134.904
v 186.993 129.590 -134.904
v 194.993 129.601 -134.904
v 202.993 129.590 -134.904
v 210.993 129.008 -134.904
v 218.993 127.825 -134.904
v 226.993 126.607 -134.904
v 234.993 126.320 -134.904
v 242.993 124.631 -134.904
v 250.993 122.890 -134.904
v 258.993 120.867 -134.904
v 266.993 117.738 -134.904
v 274.993 115.411 -134.904
v 282.993 113.052 -134.904
v 290.993 110.661 -134.904
v 298.993 108.249 -134.904
v 306.993 106.149 -134.904
v 314.993 105.056 -134.904
v 322.993 103.962 -134.904
v 330.993 102.962 -134.904
v 338.993 102.373 -134.904
v 346.993 101.792 -134.904
v 354.993 101.256 -134.904
v 362.993 100.965 -134.904
v 370.993 100.685 -134.904
v 378.993 100.395 -134.904
v 386.993 99.831 -134.904
v 394.993 99.274 -134.904
v 402.993 98.723 -134.904
v 410.993 97.982 -134.904
v 418.993 97.245 -134.904
v 426.993 96.511 -134.904
v 434.993 96.122 -134.904
v 442.993 95.758 -134.904
v -69.007 137.682 -142.904
v -61.007 135.198 -142.904
v -53.007 133.567 -142.904
v -45.007 131.854 -142.904
v -37.007 130.350 -142.904
v -29.007 130.144 -142.904
v -21.007 129.932 -142.904
v -13.007 129.747 -142.904
v -5.007 130.226 -142.904
v 2.993 130.704 -142.904
v 10.993 131.179 -142.904
v 18.993 132.232 -142.904
v 26.993 133.294 -142.904
v 34.993 134.355 -142.904
v 42.993 135.139 -142.904
v 50.993 135.900 -142.904
v 58.993 136.660 -142.904
v 66.993 136.958 -142.904
v 74.993 137.179 -142.904
v 82.993 137.397 -142.904
v 90.993 137.013 -142.904
v 98.993 136.475 -142.904
v 106.993 135.930 -142.904
v 114.993 134.772 -142.904
v 122.993 132.855 -142.904
v 130.993 131.486 -142.904
v 138.993 130.474 -142.904
v 146.993 129.630 -142.904
v 154.993 128.785 -142.904
v 162.993 129.015 -142.904
v 170.993 129.909 -142.904
v 178.993 130.804 -142.904
v 186.993 132.743 -142.904
v 194.993 132.798 -142.904
v 202.993 132.834 -142.904
v 210.993 132.194 -142.904
v 218.993 130.866 -142.904
v 226.993 129.511 -142.904
v 234.993 127.858 -142.904
v 242.993 126.919 -142.904
v 250.993 124.919 -142.904
v 258.993 122.651 -142.904
v 266.993 119.356 -142.904
v 274.993 116.783 -142.904
v 282.993 114.226 -142.904
v 290.993 111.731 -142.904
v 298.993 109.218 -142.904
v 306.993 107.015 -142.904
v 314.993 105.759 -142.904
v 322.993 104.501 -142.904
v 330.993 103.341 -142.904
v 338.993 102.589 -142.904
v 346.993 101.843 -142.904
v 354.993 101.155 -142.904
v 362.993 100.802 -142.904
v 370.993 100.456 -142.904
v 378.993 100.105 -142.904
v 386.993 99.583 -142.904
v 394.993 99.067 -142.904
v 402.993 98.556 -142.904
v 410.993 97.936 -142.904
v 418.993 97.319 -142.904
v 426.993 96.705 -142.904
v 434.993 96.359 -142.904
v 442.993 96.031 -142.904
v -69.007 136.048 -150.904
v -61.007 133.971 -150.904
v -53.007 132.979 -150.904
v -45.007 131.978 -150.904
v -37.007 131.105 -150.904
v -29.007 131.310 -150.904
v -21.007 131.510 -150.904
v -13.007 131.731 -150.904
v -5.007 132.445 -150.904
v 2.993 133.157 -150.904
v 10.993 133.866 -150.904
v 18.993 135.083 -150.904
v 26.993 136.303 -150.904
v 34.993 137.522 -150.904
v 42.993 138.322 -150.904
v 50.993 139.091 -150.904
v 58.993 139.859 -150.904
v 66.993 140.100 -150.904
v 74.993 140.260 -150.904
v 82.993 140.417 -150.904
v 90.993 139.990 -150.904
v 98.993 139.420 -150.904
v 106.993 138.846 -150.904
v 114.993 137.644 -150.904
v 122.993 135.753 -150.904
v 130.993 134.343 -150.904
v 138.993 133.381 -150.904
v 146.993 132.622 -150.904
v 154.993 131.862 -150.904
v 162.993 132.177 -150.904
v 170.993 133.135 -150.904
v 178.993 134.093 -150.904
v 186.993 135.912 -150.904
v 194.993 136.017 -150.904
v 202.993 136.106 -150.904
v 210.993 135.407 -150.904
v 218.993 133.934 -150.904
v 226.993 132.442 -150.904
v 234.993 130.594 -150.904
v 242.993 129.249 -150.904
v 250.993 126.986 -150.904
v 258.993 124.467 -150.904
v 266.993 121.003 -150.904
v 274.993 118.183 -150.904
v 282.993 115.426 -150.904
v 290.993 112.823 -150.904
v 298.993 110.206 -150.904
v 306.993 107.894 -150.904
v 314.993 106.471 -150.904
v 322.993 105.046 -150.904
v 330.993 103.722 -150.904
v 338.993 102.805 -150.904
v 346.993 101.893 -150.904
v 354.993 101.055 -150.904
v 362.993 100.637 -150.904
v 370.993 100.226 -150.904
v 378.993 99.815 -150.904
v 386.993 99.335 -150.904
v 394.993 98.860 -150.904
v 402.993 98.390 -150.904
v 410.993 97.891 -150.904
v 418.993 97.394 -150.904
v 426.993 96.901 -150.904
v 434.993 96.597 -150.904
v 442.993 96.304 -150.904
v -69.007 134.411 -158.904
v -61.007 132.824 -158.904
v -53.007 132.468 -158.904
v -45.007 132.113 -158.904
v -37.007 131.867 -158.904
v -29.007 132.483 -158.904
v -21.007 133.094 -158.904
v -13.007 133.720 -158.904
v -5.007 134.668 -158.904
v 2.993 135.614 -158.904
v 10.993 136.557 -158.904
v 18.993 137.937 -158.904
v 26.993 139.316 -158.904
v 34.993 140.693 -158.904
v 42.993 141.508 -158.904
v 50.993 142.286 -158.904
v 58.993 143.063 -158.904
v 66.993 143.246 -158.904
v 74.993 143.345 -158.904
v 82.993 143.442 -158.904
v 90.993 142.973 -158.904
v 98.993 142.373 -158.904
v 106.993 141.769 -158.904
v 114.993 140.522 -158.904
v 122.993 138.649 -158.904
v 130.993 137.198 -158.904
v 138.993 136.288 -158.904
v 146.993 135.614 -158.904
v 154.993 134.940 -158.904
v 162.993 135.340 -158.904
v 170.993 136.361 -158.904
v 178.993 137.382 -158.904
v 186.993 139.099 -158.904
v 194.993 139.257 -158.904
v 202.993 139.401 -158.904
v 210.993 138.644 -158.904
v 218.993 137.027 -158.904
v 226.993 135.395 -158.904
v 234.993 133.348 -158.904
v 242.993 131.616 -158.904
v 250.993 129.088 -158.904
v 258.993 126.314 -158.904
v 266.993 122.673 -158.904
v 274.993 119.606 -158.904
v 282.993 116.651 -158.904
v 290.993 113.937 -158.904
v 298.993 111.211 -158.904
v 306.993 108.785 -158.904
v 314.993 107.192 -158.904
v 322.993 105.596 -158.904
v 330.993 104.107 -158.904
v 338.993 103.023 -158.904
v 346.993 101.943 -158.904
v 354.993 100.955 -158.904
v 362.993 100.472 -158.904
v 370.993 99.995 -158.904
v 378.993 99.526 -158.904
v 386.993 99.088 -158.904
v 394.993 98.654 -158.904
v 402.993 98.225 -158.904
v 410.993 97.847 -158.904
v 418.993 97.471 -158.904
v 426.993 97.097 -158.904
v 434.993 96.834 -158.904
v 442.993 96.577 -158.904
v -69.007 135.922 -166.904
v -61.007 134.922 -166.904
v -53.007 134.940 -166.904
v -45.007 134.953 -166.904
v -37.007 135.034 -166.904
v -29.007 135.618 -166.904
v -21.007 136.203 -166.904
v -13.007 136.813 -166.904
v -5.007 137.742 -166.904
v 2.993 138.672 -166.904
v 10.993 139.607 -166.904
v 18.993 141.091 -166.904
v 26.993 142.574 -166.904
v 34.993 144.056 -166.904
v 42.993 145.058 -166.904
v 50.993 146.030 -166.904
v 58.993 146.996 -166.904
v 66.993 147.176 -166.904
v 74.993 147.253 -166.904
v 82.993 147.327 -166.904
v 90.993 146.744 -166.904
v 98.993 146.021 -166.904
v 106.993 145.297 -166.904
v 114.993 143.970 -166.904
v 122.993 142.088 -166.904
v 130.993 140.577 -166.904
v 138.993 139.703 -166.904
v 146.993 139.098 -166.904
v 154.993 138.492 -166.904
v 162.993 138.909 -166.904
v 170.993 139.899 -166.904
v 178.993 140.890 -166.904
v 186.993 142.393 -166.904
v 194.993 142.453 -166.904
v 202.993 142.505 -166.904
v 210.993 141.557 -166.904
v 218.993 139.689 -166.904
v 226.993 137.811 -166.904
v 234.993 135.505 -166.904
v 242.993 133.405 -166.904
v 250.993 130.613 -166.904
v 258.993 127.651 -166.904
v 266.993 123.992 -166.904
v 274.993 120.839 -166.904
v 282.993 117.835 -166.904
v 290.993 115.137 -166.904
v 298.993 112.427 -166.904
v 306.993 109.984 -166.904
v 314.993 108.260 -166.904
v 322.993 106.533 -166.904
v 330.993 104.909 -166.904
v 338.993 103.659 -166.904
v 346.993 102.412 -166.904
v 354.993 101.268 -166.904
v 362.993 100.662 -166.904
v 370.993 100.063 -166.904
v 378.993 99.480 -166.904
v 386.993 99.003 -166.904
v 394.993 98.532 -166.904
v 402.993 98.074 -166.904
v 410.993 97.816 -166.904
v 418.993 97.560 -166.904
v 426.993 97.306 -166.904
v 434.993 97.108 -166.904
v 442.993 96.912 -166.904
v -69.007 137.442 -174.904
v -61.007 137.027 -174.904
v -53.007 137.433 -174.904
v -45.007 137.833 -174.904
v -37.007 138.251 -174.904
v -29.007 138.810 -174.904
v -21.007 139.371 -174.904
v -13.007 139.958 -174.904
v -5.007 140.864 -174.904
v 2.993 141.770 -174.904
v 10.993 142.687 -174.904
v 18.993 144.274 -174.904
v 26.993 145.858 -174.904
v 34.993 147.442 -174.904
v 42.993 148.655 -174.904
v 50.993 149.847 -174.904
v 58.993 151.034 -174.904
v 66.993 151.222 -174.904
v 74.993 151.291 -174.904
v 82.993 151.357 -174.904
v 90.993 150.657 -174.904
v 98.993 149.803 -174.904
v 106.993 148.948 -174.904
v 114.993 147.215 -174.904
v 122.993 145.646 -174.904
v 130.993 144.077 -174.904
v 138.993 143.244 -174.904
v 146.993 142.709 -174.904
v 154.993 142.173 -174.904
v 162.993 142.593 -174.904
v 170.993 143.529 -174.904
v 178.993 144.466 -174.904
v 186.993 145.729 -174.904
v 194.993 145.642 -174.904
v 202.993 145.549 -174.904
v 210.993 144.360 -174.904
v 218.993 142.192 -174.904
v 226.993 140.018 -174.904
v 234.993 137.420 -174.904
v 242.993 134.956 -174.904
v 250.993 131.891 -174.904
v 258.993 128.764 -174.904
v 266.993 125.152 -174.904
v 274.993 121.986 -174.904
v 282.993 119.008 -174.904
v 290.993 116.393 -174.904
v 298.993 113.767 -174.904
v 306.993 111.365 -174.904
v 314.993 109.541 -174.904
v 322.993 107.714 -174.904
v 330.993 105.981 -174.904
v 338.993 104.574 -174.904
v 346.993 103.170 -174.904
v 354.993 101.874 -174.904
v 362.993 101.113 -174.904
v 370.993 100.357 -174.904
v 378.993 99.625 -174.904
v 386.993 99.050 -174.904
v 394.993 98.481 -174.904
v 402.993 97.934 -174.904
v 410.993 97.797 -174.904
v 418.993 97.662 -174.904
v 426.993 97.527 -174.904
v 434.993 97.418 -174.904
v 442.993 97.310 -174.904
v -69.007 138.973 -182.904
v -61.007 139.137 -182.904
v -53.007 139.932 -182.904
v -45.007 140.721 -182.904
v -37.007 141.468 -182.904
v -29.007 142.003 -182.904
v -21.007 142.538 -182.904
v -13.007 143.104 -182.904
v -5.007 143.985 -182.904
v 2.993 144.868 -182.904
v 10.993 145.770 -182.904
v 18.993 147.459 -182.904
v 26.993 149.146 -182.904
v 34.993 150.832 -182.904
v 42.993 152.258 -182.904
v 50.993 153.670 -182.904
v 58.993 155.078 -182.904
v 66.993 155.272 -182.904
v 74.993 155.333 -182.904
v 82.993 155.392 -182.904
v 90.993 154.573 -182.904
v 98.993 153.587 -182.904
v 106.993 152.601 -182.904
v 114.993 150.829 -182.904
v 122.993 149.202 -182.904
v 130.993 147.576 -182.904
v 138.993 146.785 -182.904
v 146.993 146.320 -182.904
v 154.993 145.854 -182.904
v 162.993 146.274 -182.904
v 170.993 147.157 -182.904
v 178.993 148.040 -182.904
v 186.993 149.077 -182.904
v 194.993 148.845 -182.904
v 202.993 148.608 -182.904
v 210.993 147.174 -182.904
v 218.993 144.708 -182.904
v 226.993 142.237 -182.904
v 234.993 139.347 -182.904
v 242.993 136.531 -182.904
v 250.993 133.191 -182.904
v 258.993 129.902 -182.904
v 266.993 126.688 -182.904
v 274.993 123.152 -182.904
v 282.993 120.200 -182.904
v 290.993 117.667 -182.904
v 298.993 115.125 -182.904
v 306.993 112.759 -182.904
v 314.993 110.832 -182.904
v 322.993 108.903 -182.904
v 330.993 107.058 -182.904
v 338.993 105.494 -182.904
v 346.993 103.931 -182.904
v 354.993 102.482 -182.904
v 362.993 101.565 -182.904
v 370.993 100.652 -182.904
v 378.993 99.770 -182.904
v 386.993 99.097 -182.904
v 394.993 98.429 -182.904
v 402.993 97.797 -182.904
v 410.993 97.781 -182.904
v 418.993 97.766 -182.904
v 426.993 97.751 -182.904
v 434.993 97.730 -182.904
v 442.993 97.710 -182.904
v -69.007 140.725 -190.904
v -61.007 141.424 -190.904
v -53.007 142.577 -190.904
v -45.007 143.728 -190.904
v -37.007 144.775 -190.904
v -29.007 145.271 -190.904
v -21.007 145.769 -190.904
v -13.007 146.300 -190.904
v -5.007 147.150 -190.904
v 2.993 148.001 -190.904
v 10.993 148.883 -190.904
v 18.993 150.671 -190.904
v 26.993 152.457 -190.904
v 34.993 154.241 -190.904
v 42.993 155.878 -190.904
v 50.993 157.507 -190.904
v 58.993 159.133 -190.904
v 66.993 159.330 -190.904
v 74.993 159.382 -190.904
v 82.993 159.432 -190.904
v 90.993 158.491 -190.904
v 98.993 157.374 -190.904
v 106.993 156.257 -190.904
v 114.993 154.442 -190.904
v 122.993 152.757 -190.904
v 130.993 151.072 -190.904
v 138.993 150.326 -190.904
v 146.993 149.931 -190.904
v 154.993 149.536 -190.904
v 162.993 149.955 -190.904
v 170.993 150.783 -190.904
v 178.993 151.613 -190.904
v 186.993 152.435 -190.904
v 194.993 152.059 -190.904
v 202.993 151.678 -190.904
v 210.993 150.000 -190.904
v 218.993 147.234 -190.904
v 226.993 144.467 -190.904
v 234.993 141.284 -190.904
v 242.993 138.125 -190.904
v 250.993 134.510 -190.904
v 258.993 131.062 -190.904
v 266.993 127.842 -190.904
v 274.993 124.334 -190.904
v 282.993 121.409 -190.904
v 290.993 118.957 -190.904
v 298.993 116.497 -190.904
v 306.993 114.163 -190.904
v 314.993 112.132 -190.904
v 322.993 110.099 -190.904
v 330.993 108.140 -190.904
v 338.993 106.417 -190.904
v 346.993 104.695 -190.904
v 354.993 103.092 -190.904
v 362.993 102.017 -190.904
v 370.993 100.947 -190.904
v 378.993 99.915 -190.904
v 386.993 99.144 -190.904
v 394.993 98.376 -190.904
v 402.993 97.663 -190.904
v 410.993 97.767 -190.904
v 418.993 97.872 -190.904
v 426.993 97.977 -190.904
v 434.993 98.044 -190.904
v 442.993 98.111 -190.904
v -69.007 143.620 -198.904
v -61.007 144.682 -198.904
v -53.007 146.083 -198.904
v -45.007 147.480 -198.904
v -37.007 148.714 -198.904
v -29.007 149.111 -198.904
v -21.007 149.510 -198.904
v -13.007 149.948 -198.904
v -5.007 150.726 -198.904
v 2.993 151.505 -198.904
v 10.993 152.328 -198.904
v 18.993 154.202 -198.904
v 26.993 156.075 -198.904
v 34.993 157.947 -198.904
v 42.993 159.745 -198.904
v 50.993 161.538 -198.904
v 58.993 163.328 -198.904
v 66.993 163.575 -198.904
v 74.993 163.682 -198.904
v 82.993 163.786 -198.904
v 90.993 162.727 -198.904
v 98.993 161.475 -198.904
v 106.993 160.223 -198.904
v 114.993 158.440 -198.904
v 122.993 156.795 -198.904
v 130.993 155.149 -198.904
v 138.993 154.368 -198.904
v 146.993 153.899 -198.904
v 154.993 153.432 -198.904
v 162.993 153.769 -198.904
v 170.993 154.496 -198.904
v 178.993 155.226 -198.904
v 186.993 155.677 -198.904
v 194.993 154.919 -198.904
v 202.993 154.164 -198.904
v 210.993 152.177 -198.904
v 218.993 149.189 -198.904
v 226.993 146.200 -198.904
v 234.993 142.941 -198.904
v 242.993 139.805 -198.904
v 250.993 136.266 -198.904
v 258.993 132.918 -198.904
v 266.993 129.827 -198.904
v 274.993 126.476 -198.904
v 282.993 123.601 -198.904
v 290.993 121.066 -198.904
v 298.993 118.528 -198.904
v 306.993 116.079 -198.904
v 314.993 113.833 -198.904
v 322.993 111.588 -198.904
v 330.993 109.423 -198.904
v 338.993 107.499 -198.904
v 346.993 105.577 -198.904
v 354.993 103.783 -198.904
v 362.993 102.531 -198.904
v 370.993 101.283 -198.904
v 378.993 100.089 -198.904
v 386.993 99.245 -198.904
v 394.993 98.403 -198.904
v 402.993 97.625 -198.904
v 410.993 97.705 -198.904
v 418.993 97.789 -198.904
v 426.993 97.876 -198.904
v 434.993 97.953 -198.904
v 442.993 98.032 -198.904
v -69.007 146.521 -206.904
v -61.007 147.944 -206.904
v -53.007 149.592 -206.904
v -45.007 151.237 -206.904
v -37.007 152.652 -206.904
v -29.007 152.950 -206.904
v -21.007 153.250 -206.904
v -13.007 153.596 -206.904
v -5.007 154.302 -206.904
v 2.993 155.009 -206.904
v 10.993 155.776 -206.904
v 18.993 157.737 -206.904
v 26.993 159.697 -206.904
v 34.993 161.655 -206.904
v 42.993 163.616 -206.904
v 50.993 165.574 -206.904
v 58.993 167.529 -206.904
v 66.993 167.825 -206.904
v 74.993 167.986 -206.904
v 82.993 168.144 -206.904
v 90.993 166.967 -206.904
v 98.993 165.581 -206.904
v 106.993 164.196 -206.904
v 114.993 162.449 -206.904
v 122.993 160.851 -206.904
v 130.993 159.253 -206.904
v 138.993 158.435 -206.904
v 146.993 157.887 -206.904
v 154.993 157.342 -206.904
v 162.993 157.593 -206.904
v 170.993 158.215 -206.904
v 178.993 158.840 -206.904
v 186.993 158.908 -206.904
v 194.993 157.740 -206.904
v 202.993 156.575 -206.904
v 210.993 154.268 -206.904
v 218.993 151.064 -206.904
v 226.993 147.859 -206.904
v 234.993 144.560 -206.904
v 242.993 141.518 -206.904
v 250.993 138.124 -206.904
v 258.993 134.935 -206.904
v 266.993 132.010 -206.904
v 274.993 128.853 -206.904
v 282.993 126.041 -206.904
v 290.993 123.393 -206.904
v 298.993 120.744 -206.904
v 306.993 118.144 -206.904
v 314.993 115.656 -206.904
v 322.993 113.169 -206.904
v 330.993 110.773 -206.904
v 338.993 108.636 -206.904
v 346.993 106.502 -206.904
v 354.993 104.506 -206.904
v 362.993 103.068 -206.904
v 370.993 101.635 -206.904
v 378.993 100.276 -206.904
v 386.993 99.370 -206.904
v 394.993 98.467 -206.904
v 402.993 97.631 -206.904
v 410.993 97.620 -206.904
v 418.993 97.611 -206.904
v 426.993 97.606 -206.904
v 434.993 97.643 -206.904
v 442.993 97.683 -206.904
v -69.007 149.429 -214.904
v -61.007 151.210 -214.904
v -53.007 153.106 -214.904
v -45.007 154.998 -214.904
v -37.007 156.588 -214.904
v -29.007 156.788 -214.904
v -21.007 156.990 -214.904
v -13.007 157.243 -214.904
v -5.007 157.877 -214.904
v 2.993 158.512 -214.904
v 10.993 159.226 -214.904
v 18.993 161.274 -214.904
v 26.993 163.321 -214.904
v 34.993 165.366 -214.904
v 42.993 167.492 -214.904
v 50.993 169.615 -214.904
v 58.993 171.735 -214.904
v 66.993 172.078 -214.904
v 74.993 172.293 -214.904
v 82.993 172.506 -214.904
v 90.993 171.206 -214.904
v 98.993 169.687 -214.904
v 106.993 168.169 -214.904
v 114.993 166.458 -214.904
v 122.993 164.908 -214.904
v 130.993 163.357 -214.904
v 138.993 162.500 -214.904
v 146.993 161.874 -214.904
v 154.993 161.250 -214.904
v 162.993 161.414 -214.904
v 170.993 161.932 -214.904
v 178.993 162.453 -214.904
v 186.993 162.142 -214.904
v 194.993 160.564 -214.904
v 202.993 158.990 -214.904
v 210.993 156.367 -214.904
v 218.993 152.946 -214.904
v 226.993 149.524 -214.904
v 234.993 146.192 -214.904
v 242.993 143.250 -214.904
v 250.993 140.001 -214.904
v 258.993 136.970 -214.904
v 266.993 134.210 -214.904
v 274.993 131.244 -214.904
v 282.993 128.490 -214.904
v 290.993 125.729 -214.904
v 298.993 122.967 -214.904
v 306.993 120.214 -214.904
v 314.993 117.483 -214.904
v 322.993 114.754 -214.904
v 330.993 112.127 -214.904
v 338.993 109.776 -214.904
v 346.993 107.428 -214.904
v 354.993 105.229 -214.904
v 362.993 103.606 -214.904
v 370.993 101.987 -214.904
v 378.993 100.464 -214.904
v 386.993 99.496 -214.904
v 394.993 98.531 -214.904
v 402.993 97.638 -214.904
v 410.993 97.533 -214.904
v 418.993 97.432 -214.904
v 426.993 97.335 -214.904
v 434.993 97.334 -214.904
v 442.993 97.334 -214.904
v -69.007 152.405 -222.904
v -61.007 154.426 -222.904
v -53.007 156.514 -222.904
v -45.007 158.601 -222.904
v -37.007 160.340 -222.904
v -29.007 160.538 -222.904
v -21.007 160.733 -222.904
v -13.007 160.972 -222.904
v -5.007 161.548 -222.904
v 2.993 162.124 -222.904
v 10.993 162.797 -222.904
v 18.993 164.901 -222.904
v 26.993 167.005 -222.904
v 34.993 169.110 -222.904
v 42.993 171.376 -222.904
v 50.993 173.640 -222.904
v 58.993 175.904 -222.904
v 66.993 176.300 -222.904
v 74.993 176.578 -222.904
v 82.993 176.854 -222.904
v 90.993 175.439 -222.904
v 98.993 173.794 -222.904
v 106.993 172.003 -222.904
v 114.993 170.465 -222.904
v 122.993 168.951 -222.904
v 130.993 167.439 -222.904
v 138.993 166.544 -222.904
v 146.993 165.846 -222.904
v 154.993 165.148 -222.904
v 162.993 165.218 -222.904
v 170.993 165.624 -222.904
v 178.993 166.034 -222.904
v 186.993 165.356 -222.904
v 194.993 163.381 -222.904
v 202.993 161.407 -222.904
v 210.993 158.476 -222.904
v 218.993 154.840 -222.904
v 226.993 151.200 -222.904
v 234.993 147.834 -222.904
v 242.993 144.729 -222.904
v 250.993 141.894 -222.904
v 258.993 139.021 -222.904
v 266.993 136.426 -222.904
v 274.993 133.646 -222.904
v 282.993 130.946 -222.904
v 290.993 128.072 -222.904
v 298.993 125.197 -222.904
v 306.993 122.288 -222.904
v 314.993 119.314 -222.904
v 322.993 116.342 -222.904
v 330.993 113.482 -222.904
v 338.993 110.917 -222.904
v 346.993 108.355 -222.904
v 354.993 105.954 -222.904
v 362.993 104.145 -222.904
v 370.993 102.339 -222.904
v 378.993 100.654 -222.904
v 386.993 99.624 -222.904
v 394.993 98.595 -222.904
v 402.993 97.644 -222.904
v 410.993 97.447 -222.904
v 418.993 97.253 -222.904
v 426.993 97.065 -222.904
v 434.993 97.024 -222.904
v 442.993 96.984 -222.904
v -69.007 155.524 -230.904
v -61.007 157.517 -230.904
v -53.007 159.653 -230.904
v -45.007 161.788 -230.904
v -37.007 163.598 -230.904
v -29.007 164.047 -230.904
v -21.007 164.492 -230.904
v -13.007 164.951 -230.904
v -5.007 165.527 -230.904
v 2.993 166.102 -230.904
v 10.993 166.784 -230.904
v 18.993 168.846 -230.904
v 26.993 170.910 -230.904
v 34.993 172.976 -230.904
v 42.993 175.276 -230.904
v 50.993 177.576 -230.904
v 58.993 179.875 -230.904
v 66.993 180.354 -230.904
v 74.993 180.734 -230.904
v 82.993 181.112 -230.904
v 90.993 179.621 -230.904
v 98.993 177.896 -230.904
v 106.993 176.043 -230.904
v 114.993 174.449 -230.904
v 122.993 172.884 -230.904
v 130.993 171.319 -230.904
v 138.993 170.398 -230.904
v 146.993 169.672 -230.904
v 154.993 168.947 -230.904
v 162.993 168.825 -230.904
v 170.993 168.959 -230.904
v 178.993 169.096 -230.904
v 186.993 168.127 -230.904
v 194.993 165.964 -230.904
v 202.993 163.801 -230.904
v 210.993 160.827 -230.904
v 218.993 157.275 -230.904
v 226.993 153.719 -230.904
v 234.993 150.355 -230.904
v 242.993 147.168 -230.904
v 250.993 144.220 -230.904
v 258.993 141.209 -230.904
v 266.993 138.399 -230.904
v 274.993 135.433 -230.904
v 282.993 132.544 -230.904
v 290.993 129.512 -230.904
v 298.993 126.481 -230.904
v 306.993 123.460 -230.904
v 314.993 120.458 -230.904
v 322.993 117.455 -230.904
v 330.993 114.557 -230.904
v 338.993 111.931 -230.904
v 346.993 109.304 -230.904
v 354.993 106.832 -230.904
v 362.993 104.905 -230.904
v 370.993 102.980 -230.904
v 378.993 101.171 -230.904
v 386.993 99.971 -230.904
v 394.993 98.775 -230.904
v 402.993 97.667 -230.904
v 410.993 97.344 -230.904
v 418.993 97.025 -230.904
v 426.993 96.719 -230.904
v 434.993 96.681 -230.904
v 442.993 96.644 -230.904
v -69.007 158.641 -238.904
v -61.007 160.608 -238.904
v -53.007 162.792 -238.904
v -45.007 164.975 -238.904
v -37.007 166.861 -238.904
v -29.007 167.560 -238.904
v -21.007 168.256 -238.904
v -13.007 168.931 -238.904
v -5.007 169.506 -238.904
v 2.993 170.081 -238.904
v 10.993 170.771 -238.904
v 18.993 172.792 -238.904
v 26.993 174.814 -238.904
v 34.993 176.843 -238.904
v 42.993 179.179 -238.904
v 50.993 181.514 -238.904
v 58.993 183.848 -238.904
v 66.993 184.411 -238.904
v 74.993 184.893 -238.904
v 82.993 185.373 -238.904
v 90.993 183.804 -238.904
v 98.993 181.999 -238.904
v 106.993 180.081 -238.904
v 114.993 178.433 -238.904
v 122.993 176.815 -238.904
v 130.993 175.199 -238.904
v 138.993 174.251 -238.904
v 146.993 173.498 -238.904
v 154.993 172.745 -238.904
v 162.993 172.428 -238.904
v 170.993 172.288 -238.904
v 178.993 172.154 -238.904
v 186.993 170.902 -238.904
v 194.993 168.550 -238.904
v 202.993 166.198 -238.904
v 210.993 163.187 -238.904
v 218.993 159.718 -238.904
v 226.993 156.246 -238.904
v 234.993 152.883 -238.904
v 242.993 149.619 -238.904
v 250.993 146.563 -238.904
v 258.993 143.407 -238.904
v 266.993 140.370 -238.904
v 274.993 137.334 -238.904
v 282.993 134.100 -238.904
v 290.993 130.900 -238.904
v 298.993 127.700 -238.904
v 306.993 124.564 -238.904
v 314.993 121.545 -238.904
v 322.993 118.525 -238.904
v 330.993 115.605 -238.904
v 338.993 112.932 -238.904
v 346.993 110.260 -238.904
v 354.993 107.733 -238.904
v 362.993 105.699 -238.904
v 370.993 103.668 -238.904
v 378.993 101.745 -238.904
v 386.993 100.358 -238.904
v 394.993 98.975 -238.904
v 402.993 97.693 -238.904
v 410.993 97.238 -238.904
v 418.993 96.785 -238.904
v 426.993 96.355 -238.904
v 434.993 96.331 -238.904
v 442.993 96.308 -238.904
v -69.007 161.758 -246.904
v -61.007 163.701 -246.904
v -53.007 165.933 -246.904
v -45.007 168.164 -246.904
v -37.007 170.128 -246.904
v -29.007 171.078 -246.904
v -21.007 172.024 -246.904
v -13.007 172.912 -246.904
v -5.007 173.486 -246.904
v 2.993 174.061 -246.904
v 10.993 174.757 -246.904
v 18.993 176.738 -246.904
v 26.993 178.720 -246.904
v 34.993 180.712 -246.904
v 42.993 183.083 -246.904
v 50.993 185.454 -246.904
v 58.993 187.824 -246.904
v 66.993 188.472 -246.904
v 74.993 189.056 -246.904
v 82.993 189.638 -246.904
v 90.993 187.987 -246.904
v 98.993 186.102 -246.904
v 106.993 184.118 -246.904
v 114.993 182.415 -246.904
v 122.993 180.746 -246.904
v 130.993 179.077 -246.904
v 138.993 178.103 -246.904
v 146.993 177.322 -246.904
v 154.993 176.542 -246.904
v 162.993 176.025 -246.904
v 170.993 175.614 -246.904
v 178.993 175.207 -246.904
v 186.993 173.680 -246.904
v 194.993 171.139 -246.904
v 202.993 168.599 -246.904
v 210.993 165.553 -246.904
v 218.993 162.169 -246.904
v 226.993 158.781 -246.904
v 234.993 155.416 -246.904
v 242.993 152.074 -246.904
v 250.993 148.914 -246.904
v 258.993 145.610 -246.904
v 266.993 142.346 -246.904
v 274.993 139.083 -246.904
v 282.993 135.659 -246.904
v 290.993 132.291 -246.904
v 298.993 128.923 -246.904
v 306.993 125.674 -246.904
v 314.993 122.637 -246.904
v 322.993 119.600 -246.904
v 330.993 116.656 -246.904
v 338.993 113.937 -246.904
v 346.993 111.218 -246.904
v 354.993 108.635 -246.904
v 362.993 106.495 -246.904
v 370.993 104.356 -246.904
v 378.993 102.318 -246.904
v 386.993 100.744 -246.904
v 394.993 99.174 -246.904
v 402.993 97.718 -246.904
v 410.993 97.130 -246.904
v 418.993 96.545 -246.904
v 426.993 95.992 -246.904
v 434.993 95.982 -246.904
v 442.993 95.972 -246.904
v -69.007 165.043 -254.904
v -61.007 166.924 -254.904
v -53.007 169.178 -254.904
v -45.007 171.433 -254.904
v -37.007 173.461 -254.904
v -29.007 174.668 -254.904
v -21.007 175.870 -254.904
v -13.007 176.969 -254.904
v -5.007 177.531 -254.904
v 2.993 178.094 -254.904
v 10.993 178.784 -254.904
v 18.993 180.685 -254.904
v 26.993 182.587 -254.904
v 34.993 184.508 -254.904
v 42.993 186.891 -254.904
v 50.993 189.273 -254.904
v 58.993 191.656 -254.904
v 66.993 192.378 -254.904
v 74.993 193.054 -254.904
v 82.993 193.729 -254.904
v 90.993 192.042 -254.904
v 98.993 190.128 -254.904
v 106.993 188.125 -254.904
v 114.993 186.401 -254.904
v 122.993 184.710 -254.904
v 130.993 183.018 -254.904
v 138.993 182.012 -254.904
v 146.993 181.189 -254.904
v 154.993 180.368 -254.904
v 162.993 179.631 -254.904
v 170.993 178.930 -254.904
v 178.993 178.235 -254.904
v 186.993 176.435 -254.904
v 194.993 173.706 -254.904
v 202.993 170.979 -254.904
v 210.993 167.881 -254.904
v 218.993 164.543 -254.904
v 226.993 161.207 -254.904
v 234.993 157.827 -254.904
v 242.993 154.410 -254.904
v 250.993 151.153 -254.904
v 258.993 147.719 -254.904
v 266.993 144.263 -254.904
v 274.993 140.803 -254.904
v 282.993 137.218 -254.904
v 290.993 133.707 -254.904
v 298.993 130.191 -254.904
v 306.993 126.842 -254.904
v 314.993 123.783 -254.904
v 322.993 120.724 -254.904
v 330.993 117.750 -254.904
v 338.993 114.976 -254.904
v 346.993 112.203 -254.904
v 354.993 109.556 -254.904
v 362.993 107.301 -254.904
v 370.993 105.050 -254.904
v 378.993 102.890 -254.904
v 386.993 101.129 -254.904
v 394.993 99.371 -254.904
v 402.993 97.743 -254.904
v 410.993 97.021 -254.904
v 418.993 96.303 -254.904
v 426.993 95.631 -254.904
v 434.993 95.634 -254.904
v 442.993 95.637 -254.904
v -69.007 168.532 -262.904
v -61.007 170.312 -262.904
v -53.007 172.561 -262.904
v -45.007 174.811 -262.904
v -37.007 176.886 -262.904
v -29.007 178.360 -262.904
v -21.007 179.829 -262.904
v -13.007 181.142 -262.904
v -5.007 181.679 -262.904
v 2.993 182.216 -262.904
v 10.993 182.878 -262.904
v 18.993 184.630 -262.904
v 26.993 186.384 -262.904
v 34.993 188.165 -262.904
v 42.993 190.503 -262.904
v 50.993 192.842 -262.904
v 58.993 195.181 -262.904
v 66.993 195.941 -262.904
v 74.993 196.671 -262.904
v 82.993 197.400 -262.904
v 90.993 195.780 -262.904
v 98.993 193.957 -262.904
v 106.993 192.057 -262.904
v 114.993 190.403 -262.904
v 122.993 188.777 -262.904
v 130.993 187.150 -262.904
v 138.993 186.100 -262.904
v 146.993 185.197 -262.904
v 154.993 184.295 -262.904
v 162.993 183.279 -262.904
v 170.993 182.226 -262.904
v 178.993 181.179 -262.904
v 186.993 179.090 -262.904
v 194.993 176.173 -262.904
v 202.993 173.258 -262.904
v 210.993 169.984 -262.904
v 218.993 166.487 -262.904
v 226.993 162.992 -262.904
v 234.993 159.482 -262.904
v 242.993 155.958 -262.904
v 250.993 152.575 -262.904
v 258.993 149.102 -262.904
v 266.993 145.677 -262.904
v 274.993 142.250 -262.904
v 282.993 138.749 -262.904
v 290.993 135.362 -262.904
v 298.993 131.972 -262.904
v 306.993 128.713 -262.904
v 314.993 125.675 -262.904
v 322.993 122.636 -262.904
v 330.993 119.656 -262.904
v 338.993 116.807 -262.904
v 346.993 113.959 -262.904
v 354.993 111.220 -262.904
v 362.993 108.800 -262.904
v 370.993 106.383 -262.904
v 378.993 104.054 -262.904
v 386.993 102.092 -262.904
v 394.993 100.134 -262.904
v 402.993 98.327 -262.904
v 410.993 97.505 -262.904
v 418.993 96.686 -262.904
v 426.993 95.919 -262.904
v 434.993 95.815 -262.904
v 442.993 95.714 -262.904
v -69.007 172.019 -270.904
v -61.007 173.700 -270.904
v -53.007 175.944 -270.904
v -45.007 178.188 -270.904
v -37.007 180.316 -270.904
v -29.007 182.057 -270.904
v -21.007 183.793 -270.904
v -13.007 185.316 -270.904
v -5.007 185.827 -270.904
v 2.993 186.338 -270.904
v 10.993 186.971 -270.904
v 18.993 188.574 -270.904
v 26.993 190.180 -270.904
v 34.993 191.822 -270.904
v 42.993 194.116 -270.904
v 50.993 196.411 -270.904
v 58.993 198.706 -270.904
v 66.993 199.506 -270.904
v 74.993 200.290 -270.904
v 82.993 201.073 -270.904
v 90.993 199.521 -270.904
v 98.993 197.789 -270.904
v 106.993 195.989 -270.904
v 114.993 194.406 -270.904
v 122.993 192.845 -270.904
v 130.993 191.283 -270.904
v 138.993 190.187 -270.904
v 146.993 189.203 -270.904
v 154.993 188.221 -270.904
v 162.993 186.920 -270.904
v 170.993 185.516 -270.904
v 178.993 184.118 -270.904
v 186.993 181.746 -270.904
v 194.993 178.640 -270.904
v 202.993 175.537 -270.904
v 210.993 172.088 -270.904
v 218.993 168.433 -270.904
v 226.993 164.779 -270.904
v 234.993 161.139 -270.904
v 242.993 157.509 -270.904
v 250.993 154.001 -270.904
v 258.993 150.492 -270.904
v 266.993 147.098 -270.904
v 274.993 143.703 -270.904
v 282.993 140.285 -270.904
v 290.993 137.024 -270.904
v 298.993 133.760 -270.904
v 306.993 130.588 -270.904
v 314.993 127.571 -270.904
v 322.993 124.553 -270.904
v 330.993 121.564 -270.904
v 338.993 118.641 -270.904
v 346.993 115.718 -270.904
v 354.993 112.883 -270.904
v 362.993 110.298 -270.904
v 370.993 107.715 -270.904
v 378.993 105.219 -270.904
v 386.993 103.060 -270.904
v 394.993 100.906 -270.904
v 402.993 98.925 -270.904
v 410.993 98.010 -270.904
v 418.993 97.097 -270.904
v 426.993 96.240 -270.904
v 434.993 96.029 -270.904
v 442.993 95.819 -270.904
v -69.007 175.504 -278.904
v -61.007 177.089 -278.904
v -53.007 179.327 -278.904
v -45.007 181.566 -278.904
v -37.007 183.750 -278.904
v -29.007 185.758 -278.904
v -21.007 187.762 -278.904
v -13.007 189.490 -278.904
v -5.007 189.974 -278.904
v 2.993 190.460 -278.904
v 10.993 191.061 -278.904
v 18.993 192.516 -278.904
v 26.993 193.973 -278.904
v 34.993 195.479 -278.904
v 42.993 197.729 -278.904
v 50.993 199.980 -278.904
v 58.993 202.231 -278.904
v 66.993 203.073 -278.904
v 74.993 203.911 -278.904
v 82.993 204.748 -278.904
v 90.993 203.265 -278.904
v 98.993 201.566 -278.904
v 106.993 199.923 -278.904
v 114.993 198.409 -278.904
v 122.993 196.913 -278.904
v 130.993 195.416 -278.904
v 138.993 194.272 -278.904
v 146.993 193.208 -278.904
v 154.993 192.145 -278.904
v 162.993 190.556 -278.904
v 170.993 188.800 -278.904
v 178.993 187.050 -278.904
v 186.993 184.401 -278.904
v 194.993 181.108 -278.904
v 202.993 177.816 -278.904
v 210.993 174.193 -278.904
v 218.993 170.379 -278.904
v 226.993 166.567 -278.904
v 234.993 162.797 -278.904
v 242.993 159.061 -278.904
v 250.993 155.431 -278.904
v 258.993 151.888 -278.904
v 266.993 148.525 -278.904
v 274.993 145.161 -278.904
v 282.993 141.828 -278.904
v 290.993 138.692 -278.904
v 298.993 135.552 -278.904
v 306.993 132.468 -278.904
v 314.993 129.471 -278.904
v 322.993 126.473 -278.904
v 330.993 123.474 -278.904
v 338.993 120.475 -278.904
v 346.993 117.477 -278.904
v 354.993 114.546 -278.904
v 362.993 111.795 -278.904
v 370.993 109.047 -278.904
v 378.993 106.382 -278.904
v 386.993 104.027 -278.904
v 394.993 101.675 -278.904
v 402.993 99.523 -278.904
v 410.993 98.515 -278.904
v 418.993 97.508 -278.904
v 426.993 96.561 -278.904
v 434.993 96.241 -278.904
v 442.993 95.923 -278.904
v -69.007 179.329 -286.904
v -61.007 180.896 -286.904
v -53.007 183.092 -286.904
v -45.007 185.290 -286.904
v -37.007 187.458 -286.904
v -29.007 189.537 -286.904
v -21.007 191.618 -286.904
v -13.007 193.402 -286.904
v -5.007 193.903 -286.904
v 2.993 194.403 -286.904
v 10.993 194.998 -286.904
v 18.993 196.249 -286.904
v 26.993 197.505 -286.904
v 34.993 198.819 -286.904
v 42.993 200.905 -286.904
v 50.993 202.995 -286.904
v 58.993 205.083 -286.904
v 66.993 206.018 -286.904
v 74.993 206.952 -286.904
v 82.993 207.883 -286.904
v 90.993 206.587 -286.904
v 98.993 205.104 -286.904
v 106.993 203.666 -286.904
v 114.993 202.251 -286.904
v 122.993 200.839 -286.904
v 130.993 199.424 -286.904
v 138.993 198.207 -286.904
v 146.993 197.035 -286.904
v 154.993 195.865 -286.904
v 162.993 193.988 -286.904
v 170.993 191.895 -286.904
v 178.993 189.808 -286.904
v 186.993 186.919 -286.904
v 194.993 183.474 -286.904
v 202.993 180.029 -286.904
v 210.993 176.279 -286.904
v 218.993 172.358 -286.904
v 226.993 168.436 -286.904
v 234.993 164.588 -286.904
v 242.993 160.793 -286.904
v 250.993 157.089 -286.904
v 258.993 153.542 -286.904
v 266.993 150.223 -286.904
v 274.993 146.902 -286.904
v 282.993 143.636 -286.904
v 290.993 140.576 -286.904
v 298.993 137.516 -286.904
v 306.993 134.468 -286.904
v 314.993 131.442 -286.904
v 322.993 128.418 -286.904
v 330.993 125.373 -286.904
v 338.993 122.284 -286.904
v 346.993 119.197 -286.904
v 354.993 116.159 -286.904
v 362.993 113.247 -286.904
v 370.993 110.338 -286.904
v 378.993 107.510 -286.904
v 386.993 104.974 -286.904
v 394.993 102.439 -286.904
v 402.993 100.127 -286.904
v 410.993 99.018 -286.904
v 418.993 97.911 -286.904
v 426.993 96.871 -286.904
v 434.993 96.446 -286.904
v 442.993 96.023 -286.904
v -69.007 183.388 -294.904
v -61.007 184.997 -294.904
v -53.007 187.134 -294.904
v -45.007 189.273 -294.904
v -37.007 191.376 -294.904
v -29.007 193.376 -294.904
v -21.007 195.376 -294.904
v -13.007 197.092 -294.904
v -5.007 197.638 -294.904
v 2.993 198.183 -294.904
v 10.993 198.787 -294.904
v 18.993 199.777 -294.904
v 26.993 200.771 -294.904
v 34.993 201.827 -294.904
v 42.993 203.607 -294.904
v 50.993 205.392 -294.904
v 58.993 207.172 -294.904
v 66.993 208.229 -294.904
v 74.993 209.284 -294.904
v 82.993 210.337 -294.904
v 90.993 209.361 -294.904
v 98.993 208.234 -294.904
v 106.993 207.146 -294.904
v 114.993 205.861 -294.904
v 122.993 204.551 -294.904
v 130.993 203.239 -294.904
v 138.993 201.905 -294.904
v 146.993 200.570 -294.904
v 154.993 199.237 -294.904
v 162.993 197.066 -294.904
v 170.993 194.650 -294.904
v 178.993 192.240 -294.904
v 186.993 189.166 -294.904
v 194.993 185.633 -294.904
v 202.993 182.101 -294.904
v 210.993 178.323 -294.904
v 218.993 174.411 -294.904
v 226.993 170.498 -294.904
v 234.993 166.703 -294.904
v 242.993 162.988 -294.904
v 250.993 159.352 -294.904
v 258.993 155.905 -294.904
v 266.993 152.698 -294.904
v 274.993 149.488 -294.904
v 282.993 146.269 -294.904
v 290.993 143.161 -294.904
v 298.993 140.053 -294.904
v 306.993 136.897 -294.904
v 314.993 133.672 -294.904
v 322.993 130.450 -294.904
v 330.993 127.220 -294.904
v 338.993 123.971 -294.904
v 346.993 120.725 -294.904
v 354.993 117.532 -294.904
v 362.993 114.467 -294.904
v 370.993 111.406 -294.904
v 378.993 108.441 -294.904
v 386.993 105.807 -294.904
v 394.993 103.175 -294.904
v 402.993 100.768 -294.904
v 410.993 99.515 -294.904
v 418.993 98.264 -294.904
v 426.993 97.091 -294.904
v 434.993 96.584 -294.904
v 442.993 96.078 -294.904
v -69.007 187.449 -302.904
v -61.007 189.097 -302.904
v -53.007 191.176 -302.904
v -45.007 193.256 -302.904
v -37.007 195.293 -302.904
v -29.007 197.213 -302.904
v -21.007 199.133 -302.904
v -13.007 200.783 -302.904
v -5.007 201.374 -302.904
v 2.993 201.964 -302.904
v 10.993 202.573 -302.904
v 18.993 203.301 -302.904
v 26.993 204.033 -302.904
v 34.993 204.830 -302.904
v 42.993 206.305 -302.904
v 50.993 207.785 -302.904
v 58.993 209.263 -302.904
v 66.993 210.442 -302.904
v 74.993 211.619 -302.904
v 82.993 212.794 -302.904
v 90.993 212.141 -302.904
v 98.993 211.370 -302.904
v 106.993 210.632 -302.904
v 114.993 209.472 -302.904
v 122.993 208.264 -302.904
v 130.993 207.054 -302.904
v 138.993 205.600 -302.904
v 146.993 204.102 -302.904
v 154.993 202.606 -302.904
v 162.993 200.139 -302.904
v 170.993 197.400 -302.904
v 178.993 194.666 -302.904
v 186.993 191.413 -302.904
v 194.993 187.793 -302.904
v 202.993 184.174 -302.904
v 210.993 180.370 -302.904
v 218.993 176.467 -302.904
v 226.993 172.563 -302.904
v 234.993 168.821 -302.904
v 242.993 165.186 -302.904
v 250.993 161.549 -302.904
v 258.993 158.274 -302.904
v 266.993 155.178 -302.904
v 274.993 152.079 -302.904
v 282.993 148.951 -302.904
v 290.993 145.748 -302.904
v 298.993 142.593 -302.904
v 306.993 139.326 -302.904
v 314.993 135.902 -302.904
v 322.993 132.481 -302.904
v 330.993 129.066 -302.904
v 338.993 125.658 -302.904
v 346.993 122.252 -302.904
v 354.993 118.903 -302.904
v 362.993 115.687 -302.904
v 370.993 112.473 -302.904
v 378.993 109.372 -302.904
v 386.993 106.640 -302.904
v 394.993 103.910 -302.904
v 402.993 101.409 -302.904
v 410.993 100.011 -302.904
v 418.993 98.615 -302.904
v 426.993 97.311 -302.904
v 434.993 96.721 -302.904
v 442.993 96.133 -302.904
v -813.007 136.944 953.096
v -783.007 137.170 953.096
v -753.007 138.577 953.096
v -723.007 139.462 953.096
v -693.007 139.568 953.096
v -663.007 141.372 953.096
v -633.007 144.526 953.096
v -603.007 147.457 953.096
v -573.007 146.008 953.096
v -543.007 150.125 953.096
v -513.007 159.447 953.096
v -483.007 169.494 953.096
v -453.007 175.500 953.096
v -423.007 178.570 953.096
v -393.007 183.300 953.096
v -363.007 193.061 953.096
v -333.007 204.536 953.096
v -303.007 205.535 953.096
v -273.007 198.572 953.096
v -243.007 194.612 953.096
v -213.007 198.564 953.096
v -183.007 200.912 953.096
v -153.007 190.336 953.096
v -123.007 175.738 953.096
v -93.007 162.244 953.096
v -63.007 151.867 953.096
v -33.007 143.261 953.096
v -3.007 134.210 953.096
v 26.993 133.032 953.096
v 56.993 139.279 953.096
v 86.993 143.918 953.096
v 116.993 147.593 953.096
v 146.993 153.606 953.096
v 176.993 163.989 953.096
v 206.993 172.295 953.096
v 236.993 175.481 953.096
v 266.993 178.603 953.096
v 296.993 182.741 953.096
v 326.993 181.011 953.096
v 356.993 176.643 953.096
v 386.993 179.245 953.096
v 416.993 190.830 953.096
v 446.993 204.405 953.096
v 476.993 218.382 953.096
v 506.993 232.569 953.096
v 536.993 245.606 953.096
v 566.993 250.876 953.096
v 596.993 250.031 953.096
v 626.993 253.029 953.096
v 656.993 252.355 953.096
v 686.993 245.492 953.096
v 716.993 240.491 953.096
v 746.993 235.341 953.096
v 776.993 234.965 953.096
v 806.993 232.380 953.096
v 836.993 234.400 953.096
v 866.993 242.043 953.096
v 896.993 245.050 953.096
v 926.993 245.954 953.096
v 956.993 243.822 953.096
v 986.993 236.152 953.096
v 1016.993 236.526 953.096
v 1046.993 241.393 953.096
v 1076.993 237.961 953.096
v 1106.993 231.333 953.096
v 1136.993 225.970 953.096
v 1166.993 220.496 953.096
v -813.007 138.966 923.096
v -783.007 135.988 923.096
v -753.007 134.916 923.096
v -723.007 134.303 923.096
v -693.007 135.049 923.096
v -663.007 136.186 923.096
v -633.007 139.215 923.096
v -603.007 142.231 923.096
v -573.007 140.953 923.096
v -543.007 143.586 923.096
v -513.007 151.690 923.096
v -483.007 159.886 923.096
v -453.007 162.194 923.096
v -423.007 167.486 923.096
v -393.007 178.220 923.096
v -363.007 189.414 923.096
v -333.007 196.532 923.096
v -303.007 193.578 923.096
v -273.007 186.987 923.096
v -243.007 184.236 923.096
v -213.007 190.743 923.096
v -183.007 197.689 923.096
v -153.007 192.378 923.096
v -123.007 178.533 923.096
v -93.007 166.126 923.096
v -63.007 155.208 923.096
v -33.007 146.251 923.096
v -3.007 136.787 923.096
v 26.993 131.399 923.096
v 56.993 135.039 923.096
v 86.993 139.670 923.096
v 116.993 143.003 923.096
v 146.993 149.271 923.096
v 176.993 156.672 923.096
v 206.993 161.418 923.096
v 236.993 166.439 923.096
v 266.993 173.989 923.096
v 296.993 176.634 923.096
v 326.993 172.494 923.096
v 356.993 170.723 923.096
v 386.993 177.731 923.096
v 416.993 189.799 923.096
v 446.993 202.305 923.096
v 476.993 215.828 923.096
v 506.993 229.620 923.096
v 536.993 241.013 923.096
v 566.993 242.803 923.096
v 596.993 240.803 923.096
v 626.993 242.119 923.096
v 656.993 240.432 923.096
v 686.993 235.273 923.096
v 716.993 229.177 923.096
v 746.993 224.913 923.096
v 776.993 225.455 923.096
v 806.993 228.882 923.096
v 836.993 236.015 923.096
v 866.993 242.189 923.096
v 896.993 239.874 923.096
v 926.993 235.726 923.096
v 956.993 231.644 923.096
v 986.993 225.705 923.096
v 1016.993 225.174 923.096
v 1046.993 228.013 923.096
v 1076.993 225.805 923.096
v 1106.993 221.692 923.096
v 1136.993 220.930 923.096
v 1166.993 217.805 923.096
v -813.007 142.595 893.096
v -783.007 139.745 893.096
v -753.007 136.082 893.096
v -723.007 133.831 893.096
v -693.007 132.656 893.096
v -663.007 132.459 893.096
v -633.007 134.421 893.096
v -603.007 137.831 893.096
v -573.007 139.035 893.096
v -543.007 138.198 893.096
v -513.007 144.209 893.096
v -483.007 149.329 893.096
v -453.007 150.827 893.096
v -423.007 158.355 893.096
v -393.007 169.420 893.096
v -363.007 179.166 893.096
v -333.007 183.414 893.096
v -303.007 181.879 893.096
v -273.007 175.034 893.096
v -243.007 173.301 893.096
v -213.007 181.785 893.096
v -183.007 192.387 893.096
v -153.007 193.800 893.096
v -123.007 182.714 893.096
v -93.007 168.747 893.096
v -63.007 156.893 893.096
v -33.007 148.150 893.096
v -3.007 139.059 893.096
v 26.993 131.187 893.096
v 56.993 131.195 893.096
v 86.993 136.047 893.096
v 116.993 139.825 893.096
v 146.993 144.793 893.096
v 176.993 150.050 893.096
v 206.993 156.919 893.096
v 236.993 166.449 893.096
v 266.993 174.147 893.096
v 296.993 171.715 893.096
v 326.993 166.696 893.096
v 356.993 169.084 893.096
v 386.993 177.827 893.096
v 416.993 188.372 893.096
v 446.993 200.758 893.096
v 476.993 213.254 893.096
v 506.993 224.784 893.096
v 536.993 233.702 893.096
v 566.993 232.656 893.096
v 596.993 231.654 893.096
v 626.993 232.949 893.096
v 656.993 227.545 893.096
v 686.993 221.466 893.096
v 716.993 217.475 893.096
v 746.993 220.367 893.096
v 776.993 227.921 893.096
v 806.993 235.675 893.096
v 836.993 242.910 893.096
v 866.993 246.361 893.096
v 896.993 240.545 893.096
v 926.993 232.003 893.096
v 956.993 223.299 893.096
v 986.993 216.997 893.096
v 1016.993 215.372 893.096
v 1046.993 215.936 893.096
v 1076.993 214.651 893.096
v 1106.993 213.964 893.096
v 1136.993 217.555 893.096
v 1166.993 215.543 893.096
v -813.007 146.278 863.096
v -783.007 145.889 863.096
v -753.007 143.241 863.096
v -723.007 139.739 863.096
v -693.007 134.173 863.096
v -663.007 132.129 863.096
v -633.007 132.861 863.096
v -603.007 134.196 863.096
v -573.007 135.168 863.096
v -543.007 135.188 863.096
v -513.007 137.679 863.096
v -483.007 140.663 863.096
v -453.007 142.155 863.096
v -423.007 149.204 863.096
v -393.007 157.501 863.096
v -363.007 164.227 863.096
v -333.007 167.840 863.096
v -303.007 169.706 863.096
v -273.007 165.101 863.096
v -243.007 162.643 863.096
v -213.007 171.406 863.096
v -183.007 182.529 863.096
v -153.007 185.124 863.096
v -123.007 180.049 863.096
v -93.007 171.733 863.096
v -63.007 162.439 863.096
v -33.007 152.094 863.096
v -3.007 139.818 863.096
v 26.993 130.000 863.096
v 56.993 128.928 863.096
v 86.993 133.624 863.096
v 116.993 138.078 863.096
v 146.993 142.581 863.096
v 176.993 148.981 863.096
v 206.993 159.182 863.096
v 236.993 171.217 863.096
v 266.993 176.662 863.096
v 296.993 168.648 863.096
v 326.993 163.346 863.096
v 356.993 169.518 863.096
v 386.993 180.437 863.096
v 416.993 191.156 863.096
v 446.993 200.440 863.096
v 476.993 208.356 863.096
v 506.993 216.227 863.096
v 536.993 222.607 863.096
v 566.993 221.752 863.096
v 596.993 223.556 863.096
v 626.993 224.435 863.096
v 656.993 215.452 863.096
v 686.993 207.563 863.096
v 716.993 209.285 863.096
v 746.993 220.148 863.096
v 776.993 232.629 863.096
v 806.993 243.725 863.096
v 836.993 252.543 863.096
v 866.993 253.800 863.096
v 896.993 244.706 863.096
v 926.993 233.098 863.096
v 956.993 223.206 863.096
v 986.993 214.799 863.096
v 1016.993 210.604 863.096
v 1046.993 207.889 863.096
v 1076.993 205.505 863.096
v 1106.993 206.572 863.096
v 1136.993 211.785 863.096
v 1166.993 212.177 863.096
v -813.007 152.075 833.096
v -783.007 150.051 833.096
v -753.007 146.613 833.096
v -723.007 143.065 833.096
v -693.007 138.108 833.096
v -663.007 132.692 833.096
v -633.007 130.036 833.096
v -603.007 129.854 833.096
v -573.007 130.061 833.096
v -543.007 130.705 833.096
v -513.007 133.086 833.096
v -483.007 136.232 833.096
v -453.007 137.057 833.096
v -423.007 140.825 833.096
v -393.007 145.432 833.096
v -363.007 149.894 833.096
v -333.007 153.769 833.096
v -303.007 156.202 833.096
v -273.007 152.912 833.096
v -243.007 152.606 833.096
v -213.007 161.285 833.096
v -183.007 170.503 833.096
v -153.007 171.065 833.096
v -123.007 168.004 833.096
v -93.007 164.329 833.096
v -63.007 157.333 833.096
v -33.007 148.672 833.096
v -3.007 138.008 833.096
v 26.993 129.242 833.096
v 56.993 128.338 833.096
v 86.993 131.937 833.096
v 116.993 135.907 833.096
v 146.993 141.238 833.096
v 176.993 149.503 833.096
v 206.993 161.218 833.096
v 236.993 173.669 833.096
v 266.993 177.224 833.096
v 296.993 166.838 833.096
v 326.993 160.501 833.096
v 356.993 167.573 833.096
v 386.993 179.498 833.096
v 416.993 188.535 833.096
v 446.993 193.113 833.096
v 476.993 198.723 833.096
v 506.993 206.579 833.096
v 536.993 210.621 833.096
v 566.993 210.726 833.096
v 596.993 213.819 833.096
v 626.993 213.575 833.096
v 656.993 204.762 833.096
v 686.993 198.726 833.096
v 716.993 206.419 833.096
v 746.993 220.118 833.096
v 776.993 233.989 833.096
v 806.993 247.601 833.096
v 836.993 259.820 833.096
v 866.993 261.834 833.096
v 896.993 251.056 833.096
v 926.993 237.976 833.096
v 956.993 227.397 833.096
v 986.993 219.167 833.096
v 1016.993 214.725 833.096
v 1046.993 209.347 833.096
v 1076.993 203.850 833.096
v 1106.993 201.308 833.096
v 1136.993 202.886 833.096
v 1166.993 205.310 833.096
v -813.007 161.818 803.096
v -783.007 158.793 803.096
v -753.007 153.728 803.096
v -723.007 148.828 803.096
v -693.007 143.944 803.096
v -663.007 139.091 803.096
v -633.007 133.937 803.096
v -603.007 129.817 803.096
v -573.007 127.939 803.096
v -543.007 128.062 803.096
v -513.007 129.520 803.096
v -483.007 133.421 803.096
v -453.007 134.402 803.096
v -423.007 134.808 803.096
v -393.007 136.244 803.096
v -363.007 139.220 803.096
v -333.007 141.836 803.096
v -303.007 142.854 803.096
v -273.007 141.049 803.096
v -243.007 143.290 803.096
v -213.007 151.177 803.096
v -183.007 156.198 803.096
v -153.007 156.464 803.096
v -123.007 156.068 803.096
v -93.007 155.162 803.096
v -63.007 147.599 803.096
v -33.007 140.547 803.096
v -3.007 133.487 803.096
v 26.993 127.234 803.096
v 56.993 127.535 803.096
v 86.993 130.545 803.096
v 116.993 133.496 803.096
v 146.993 139.993 803.096
v 176.993 149.164 803.096
v 206.993 160.196 803.096
v 236.993 172.307 803.096
v 266.993 176.654 803.096
v 296.993 166.361 803.096
v 326.993 157.864 803.096
v 356.993 162.732 803.096
v 386.993 172.917 803.096
v 416.993 178.633 803.096
v 446.993 181.782 803.096
v 476.993 187.833 803.096
v 506.993 194.972 803.096
v 536.993 199.267 803.096
v 566.993 200.980 803.096
v 596.993 203.216 803.096
v 626.993 201.780 803.096
v 656.993 195.135 803.096
v 686.993 194.053 803.096
v 716.993 206.167 803.096
v 746.993 220.653 803.096
v 776.993 234.499 803.096
v 806.993 248.541 803.096
v 836.993 260.386 803.096
v 866.993 263.356 803.096
v 896.993 255.614 803.096
v 926.993 243.465 803.096
v 956.993 233.806 803.096
v 986.993 228.530 803.096
v 1016.993 224.613 803.096
v 1046.993 217.643 803.096
v 1076.993 210.041 803.096
v 1106.993 202.630 803.096
v 1136.993 197.508 803.096
v 1166.993 198.204 803.096
v -813.007 173.759 773.096
v -783.007 168.954 773.096
v -753.007 160.912 773.096
v -723.007 156.036 773.096
v -693.007 152.790 773.096
v -663.007 147.432 773.096
v -633.007 142.197 773.096
v -603.007 137.561 773.096
v -573.007 131.609 773.096
v -543.007 128.163 773.096
v -513.007 129.796 773.096
v -483.007 131.599 773.096
v -453.007 131.321 773.096
v -423.007 130.278 773.096
v -393.007 131.223 773.096
v -363.007 132.979 773.096
v -333.007 134.353 773.096
v -303.007 134.986 773.096
v -273.007 134.368 773.096
v -243.007 136.768 773.096
v -213.007 141.091 773.096
v -183.007 143.925 773.096
v -153.007 144.232 773.096
v -123.007 144.894 773.096
v -93.007 147.448 773.096
v -63.007 142.130 773.096
v -33.007 134.267 773.096
v -3.007 129.577 773.096
v 26.993 125.300 773.096
v 56.993 126.731 773.096
v 86.993 129.408 773.096
v 116.993 133.348 773.096
v 146.993 140.614 773.096
v 176.993 149.844 773.096
v 206.993 160.221 773.096
v 236.993 170.641 773.096
v 266.993 174.525 773.096
v 296.993 165.134 773.096
v 326.993 155.781 773.096
v 356.993 156.919 773.096
v 386.993 163.353 773.096
v 416.993 166.729 773.096
v 446.993 170.660 773.096
v 476.993 176.155 773.096
v 506.993 182.347 773.096
v 536.993 189.492 773.096
v 566.993 194.657 773.096
v 596.993 194.709 773.096
v 626.993 189.797 773.096
v 656.993 186.203 773.096
v 686.993 193.048 773.096
v 716.993 207.769 773.096
v 746.993 222.774 773.096
v 776.993 235.121 773.096
v 806.993 245.812 773.096
v 836.993 251.328 773.096
v 866.993 253.507 773.096
v 896.993 252.235 773.096
v 926.993 245.913 773.096
v 956.993 240.773 773.096
v 986.993 238.131 773.096
v 1016.993 233.251 773.096
v 1046.993 224.896 773.096
v 1076.993 216.058 773.096
v 1106.993 205.088 773.096
v 1136.993 196.628 773.096
v 1166.993 195.342 773.096
v -813.007 187.599 743.096
v -783.007 178.771 743.096
v -753.007 168.285 743.096
v -723.007 164.441 743.096
v -693.007 163.185 743.096
v -663.007 157.807 743.096
v -633.007 152.944 743.096
v -603.007 146.883 743.096
v -573.007 138.199 743.096
v -543.007 130.149 743.096
v -513.007 127.048 743.096
v -483.007 126.763 743.096
v -453.007 125.879 743.096
v -423.007 125.070 743.096
v -393.007 126.528 743.096
v -363.007 126.573 743.096
v -333.007 127.458 743.096
v -303.007 130.429 743.096
v -273.007 130.958 743.096
v -243.007 132.184 743.096
v -213.007 133.780 743.096
v -183.007 134.300 743.096
v -153.007 134.152 743.096
v -123.007 134.906 743.096
v -93.007 138.760 743.096
v -63.007 137.244 743.096
v -33.007 130.768 743.096
v -3.007 125.891 743.096
v 26.993 123.837 743.096
v 56.993 126.557 743.096
v 86.993 129.562 743.096
v 116.993 134.957 743.096
v 146.993 142.785 743.096
v 176.993 152.178 743.096
v 206.993 162.565 743.096
v 236.993 169.513 743.096
v 266.993 168.217 743.096
v 296.993 161.863 743.096
v 326.993 153.879 743.096
v 356.993 151.213 743.096
v 386.993 154.296 743.096
v 416.993 157.486 743.096
v 446.993 162.924 743.096
v 476.993 169.705 743.096
v 506.993 178.073 743.096
v 536.993 188.378 743.096
v 566.993 192.884 743.096
v 596.993 187.932 743.096
v 626.993 180.361 743.096
v 656.993 182.766 743.096
v 686.993 195.122 743.096
v 716.993 210.734 743.096
v 746.993 225.337 743.096
v 776.993 234.662 743.096
v 806.993 238.118 743.096
v 836.993 237.071 743.096
v 866.993 238.347 743.096
v 896.993 240.448 743.096
v 926.993 240.043 743.096
v 956.993 238.463 743.096
v 986.993 237.580 743.096
v 1016.993 233.830 743.096
v 1046.993 225.191 743.096
v 1076.993 214.746 743.096
v 1106.993 202.770 743.096
v 1136.993 195.967 743.096
v 1166.993 195.342 743.096
v -813.007 199.076 713.096
v -783.007 187.081 713.096
v -753.007 176.317 713.096
v -723.007 169.847 713.096
v -693.007 165.640 713.096
v -663.007 160.749 713.096
v -633.007 155.135 713.096
v -603.007 147.296 713.096
v -573.007 139.390 713.096
v -543.007 134.129 713.096
v -513.007 131.536 713.096
v -483.007 129.039 713.096
v -453.007 125.857 713.096
v -423.007 124.546 713.096
v -393.007 124.222 713.096
v -363.007 122.517 713.096
v -333.007 122.744 713.096
v -303.007 126.101 713.096
v -273.007 128.244 713.096
v -243.007 128.578 713.096
v -213.007 128.677 713.096
v -183.007 128.700 713.096
v -153.007 128.111 713.096
v -123.007 128.105 713.096
v -93.007 129.811 713.096
v -63.007 129.709 713.096
v -33.007 125.621 713.096
v -3.007 121.947 713.096
v 26.993 123.037 713.096
v 56.993 125.824 713.096
v 86.993 129.325 713.096
v 116.993 135.588 713.096
v 146.993 143.933 713.096
v 176.993 152.272 713.096
v 206.993 158.910 713.096
v 236.993 161.159 713.096
v 266.993 158.103 713.096
v 296.993 156.846 713.096
v 326.993 152.094 713.096
v 356.993 146.739 713.096
v 386.993 148.028 713.096
v 416.993 154.948 713.096
v 446.993 163.134 713.096
v 476.993 172.262 713.096
v 506.993 182.491 713.096
v 536.993 192.010 713.096
v 566.993 192.256 713.096
v 596.993 183.953 713.096
v 626.993 175.143 713.096
v 656.993 180.795 713.096
v 686.993 195.374 713.096
v 716.993 210.523 713.096
v 746.993 223.752 713.096
v 776.993 228.667 713.096
v 806.993 226.874 713.096
v 836.993 223.817 713.096
v 866.993 225.354 713.096
v 896.993 227.964 713.096
v 926.993 228.266 713.096
v 956.993 227.073 713.096
v 986.993 227.178 713.096
v 1016.993 227.495 713.096
v 1046.993 223.448 713.096
v 1076.993 212.208 713.096
v 1106.993 201.215 713.096
v 1136.993 196.229 713.096
v 1166.993 195.771 713.096
v -813.007 205.970 683.096
v -783.007 194.680 683.096
v -753.007 182.513 683.096
v -723.007 172.700 683.096
v -693.007 164.488 683.096
v -663.007 158.397 683.096
v -633.007 153.720 683.096
v -603.007 148.275 683.096
v -573.007 143.010 683.096
v -543.007 139.699 683.096
v -513.007 137.289 683.096
v -483.007 134.959 683.096
v -453.007 129.731 683.096
v -423.007 126.724 683.096
v -393.007 125.096 683.096
v -363.007 121.990 683.096
v -333.007 120.419 683.096
v -303.007 121.581 683.096
v -273.007 124.189 683.096
v -243.007 125.016 683.096
v -213.007 124.672 683.096
v -183.007 123.761 683.096
v -153.007 123.140 683.096
v -123.007 122.892 683.096
v -93.007 122.760 683.096
v -63.007 122.544 683.096
v -33.007 121.833 683.096
v -3.007 121.824 683.096
v 26.993 122.984 683.096
v 56.993 125.118 683.096
v 86.993 128.519 683.096
v 116.993 134.635 683.096
v 146.993 141.343 683.096
v 176.993 146.146 683.096
v 206.993 148.948 683.096
v 236.993 149.544 683.096
v 266.993 149.610 683.096
v 296.993 151.090 683.096
v 326.993 149.125 683.096
v 356.993 143.559 683.096
v 386.993 145.746 683.096
v 416.993 155.721 683.096
v 446.993 165.826 683.096
v 476.993 176.000 683.096
v 506.993 186.320 683.096
v 536.993 191.234 683.096
v 566.993 187.980 683.096
v 596.993 179.618 683.096
v 626.993 170.665 683.096
v 656.993 176.203 683.096
v 686.993 192.210 683.096
v 716.993 207.180 683.096
v 746.993 218.198 683.096
v 776.993 218.246 683.096
v 806.993 215.385 683.096
v 836.993 213.823 683.096
v 866.993 218.003 683.096
v 896.993 221.743 683.096
v 926.993 219.133 683.096
v 956.993 216.318 683.096
v 986.993 216.023 683.096
v 1016.993 219.969 683.096
v 1046.993 222.940 683.096
v 1076.993 214.603 683.096
v 1106.993 204.833 683.096
v 1136.993 198.696 683.096
v 1166.993 195.537 683.096
v -813.007 201.269 653.096
v -783.007 191.559 653.096
v -753.007 184.026 653.096
v -723.007 179.634 653.096
v -693.007 173.257 653.096
v -663.007 167.270 653.096
v -633.007 163.576 653.096
v -603.007 157.817 653.096
v -573.007 151.923 653.096
v -543.007 148.692 653.096
v -513.007 145.023 653.096
v -483.007 141.247 653.096
v -453.007 135.559 653.096
v -423.007 132.151 653.096
v -393.007 127.993 653.096
v -363.007 124.621 653.096
v -333.007 121.819 653.096
v -303.007 120.687 653.096
v -273.007 120.386 653.096
v -243.007 119.858 653.096
v -213.007 119.190 653.096
v -183.007 118.414 653.096
v -153.007 118.795 653.096
v -123.007 119.178 653.096
v -93.007 119.431 653.096
v -63.007 120.360 653.096
v -33.007 122.259 653.096
v -3.007 122.650 653.096
v 26.993 122.979 653.096
v 56.993 123.772 653.096
v 86.993 125.377 653.096
v 116.993 129.939 653.096
v 146.993 133.560 653.096
v 176.993 136.575 653.096
v 206.993 138.855 653.096
v 236.993 141.451 653.096
v 266.993 144.171 653.096
v 296.993 146.501 653.096
v 326.993 144.698 653.096
v 356.993 140.197 653.096
v 386.993 144.678 653.096
v 416.993 154.436 653.096
v 446.993 164.924 653.096
v 476.993 175.449 653.096
v 506.993 184.732 653.096
v 536.993 185.462 653.096
v 566.993 180.990 653.096
v 596.993 172.583 653.096
v 626.993 165.839 653.096
v 656.993 174.279 653.096
v 686.993 190.019 653.096
v 716.993 204.650 653.096
v 746.993 212.537 653.096
v 776.993 208.785 653.096
v 806.993 206.191 653.096
v 836.993 208.311 653.096
v 866.993 215.994 653.096
v 896.993 221.532 653.096
v 926.993 216.717 653.096
v 956.993 211.201 653.096
v 986.993 208.039 653.096
v 1016.993 210.913 653.096
v 1046.993 215.007 653.096
v 1076.993 212.121 653.096
v 1106.993 205.670 653.096
v 1136.993 198.853 653.096
v 1166.993 193.093 653.096
v -813.007 191.669 623.096
v -783.007 181.624 623.096
v -753.007 175.822 623.096
v -723.007 174.485 623.096
v -693.007 173.421 623.096
v -663.007 172.062 623.096
v -633.007 171.424 623.096
v -603.007 166.983 623.096
v -573.007 161.001 623.096
v -543.007 156.625 623.096
v -513.007 151.914 623.096
v -483.007 147.010 623.096
v -453.007 141.431 623.096
v -423.007 136.537 623.096
v -393.007 131.747 623.096
v -363.007 127.588 623.096
v -333.007 124.501 623.096
v -303.007 122.379 623.096
v -273.007 120.111 623.096
v -243.007 117.522 623.096
v -213.007 115.898 623.096
v -183.007 115.420 623.096
v -153.007 116.368 623.096
v -123.007 117.670 623.096
v -93.007 118.860 623.096
v -63.007 120.144 623.096
v -33.007 122.227 623.096
v -3.007 122.295 623.096
v 26.993 122.316 623.096
v 56.993 122.134 623.096
v 86.993 122.471 623.096
v 116.993 124.753 623.096
v 146.993 126.664 623.096
v 176.993 129.219 623.096
v 206.993 131.705 623.096
v 236.993 135.728 623.096
v 266.993 139.428 623.096
v 296.993 142.896 623.096
v 326.993 140.064 623.096
v 356.993 137.184 623.096
v 386.993 143.352 623.096
v 416.993 152.019 623.096
v 446.993 161.993 623.096
v 476.993 172.447 623.096
v 506.993 180.010 623.096
v 536.993 178.409 623.096
v 566.993 173.871 623.096
v 596.993 165.206 623.096
v 626.993 163.399 623.096
v 656.993 175.076 623.096
v 686.993 189.121 623.096
v 716.993 201.787 623.096
v 746.993 206.105 623.096
v 776.993 201.314 623.096
v 806.993 201.353 623.096
v 836.993 207.259 623.096
v 866.993 216.377 623.096
v 896.993 224.462 623.096
v 926.993 221.403 623.096
v 956.993 213.528 623.096
v 986.993 206.013 623.096
v 1016.993 203.623 623.096
v 1046.993 203.761 623.096
v 1076.993 202.370 623.096
v 1106.993 198.070 623.096
v 1136.993 193.669 623.096
v 1166.993 189.619 623.096
v -813.007 187.113 593.096
v -783.007 175.767 593.096
v -753.007 168.070 593.096
v -723.007 163.817 593.096
v -693.007 163.361 593.096
v -663.007 163.652 593.096
v -633.007 165.605 593.096
v -603.007 164.329 593.096
v -573.007 159.533 593.096
v -543.007 153.513 593.096
v -513.007 148.038 593.096
v -483.007 142.520 593.096
v -453.007 139.412 593.096
v -423.007 136.654 593.096
v -393.007 133.505 593.096
v -363.007 129.605 593.096
v -333.007 126.950 593.096
v -303.007 124.773 593.096
v -273.007 122.047 593.096
v -243.007 118.449 593.096
v -213.007 115.930 593.096
v -183.007 114.406 593.096
v -153.007 114.343 593.096
v -123.007 116.886 593.096
v -93.007 118.029 593.096
v -63.007 119.257 593.096
v -33.007 121.113 593.096
v -3.007 121.391 593.096
v 26.993 120.929 593.096
v 56.993 121.034 593.096
v 86.993 121.212 593.096
v 116.993 121.993 593.096
v 146.993 123.442 593.096
v 176.993 125.955 593.096
v 206.993 129.067 593.096
v 236.993 132.804 593.096
v 266.993 136.208 593.096
v 296.993 138.863 593.096
v 326.993 136.298 593.096
v 356.993 135.094 593.096
v 386.993 142.030 593.096
v 416.993 150.349 593.096
v 446.993 159.340 593.096
v 476.993 169.143 593.096
v 506.993 174.788 593.096
v 536.993 171.875 593.096
v 566.993 166.597 593.096
v 596.993 159.218 593.096
v 626.993 163.824 593.096
v 656.993 176.912 593.096
v 686.993 189.718 593.096
v 716.993 198.632 593.096
v 746.993 198.884 593.096
v 776.993 196.667 593.096
v 806.993 201.014 593.096
v 836.993 207.871 593.096
v 866.993 215.941 593.096
v 896.993 224.226 593.096
v 926.993 225.020 593.096
v 956.993 217.376 593.096
v 986.993 209.346 593.096
v 1016.993 204.135 593.096
v 1046.993 199.441 593.096
v 1076.993 196.913 593.096
v 1106.993 193.900 593.096
v 1136.993 191.595 593.096
v 1166.993 186.957 593.096
v -813.007 182.002 563.096
v -783.007 173.958 563.096
v -753.007 165.924 563.096
v -723.007 158.726 563.096
v -693.007 155.629 563.096
v -663.007 153.765 563.096
v -633.007 153.983 563.096
v -603.007 153.522 563.096
v -573.007 150.425 563.096
v -543.007 145.082 563.096
v -513.007 140.388 563.096
v -483.007 137.640 563.096
v -453.007 135.247 563.096
v -423.007 131.680 563.096
v -393.007 129.880 563.096
v -363.007 127.831 563.096
v -333.007 126.210 563.096
v -303.007 125.068 563.096
v -273.007 122.192 563.096
v -243.007 119.089 563.096
v -213.007 117.233 563.096
v -183.007 114.862 563.096
v -153.007 112.970 563.096
v -123.007 115.594 563.096
v -93.007 116.351 563.096
v -63.007 117.268 563.096
v -33.007 118.724 563.096
v -3.007 119.761 563.096
v 26.993 119.686 563.096
v 56.993 119.979 563.096
v 86.993 119.651 563.096
v 116.993 120.403 563.096
v 146.993 122.751 563.096
v 176.993 127.006 563.096
v 206.993 131.442 563.096
v 236.993 133.909 563.096
v 266.993 135.865 563.096
v 296.993 135.603 563.096
v 326.993 133.125 563.096
v 356.993 133.548 563.096
v 386.993 140.348 563.096
v 416.993 148.978 563.096
v 446.993 157.398 563.096
v 476.993 165.979 563.096
v 506.993 169.278 563.096
v 536.993 165.785 563.096
v 566.993 160.276 563.096
v 596.993 155.128 563.096
v 626.993 164.390 563.096
v 656.993 180.153 563.096
v 686.993 192.984 563.096
v 716.993 197.316 563.096
v 746.993 193.729 563.096
v 776.993 194.817 563.096
v 806.993 200.378 563.096
v 836.993 205.499 563.096
v 866.993 210.802 563.096
v 896.993 217.273 563.096
v 926.993 221.742 563.096
v 956.993 219.650 563.096
v 986.993 216.361 563.096
v 1016.993 211.718 563.096
v 1046.993 204.751 563.096
v 1076.993 202.112 563.096
v 1106.993 200.278 563.096
v 1136.993 198.093 563.096
v 1166.993 190.662 563.096
v -813.007 171.423 533.096
v -783.007 166.593 533.096
v -753.007 161.375 533.096
v -723.007 157.171 533.096
v -693.007 155.412 533.096
v -663.007 152.694 533.096
v -633.007 149.723 533.096
v -603.007 146.531 533.096
v -573.007 143.932 533.096
v -543.007 142.253 533.096
v -513.007 140.145 533.096
v -483.007 138.160 533.096
v -453.007 135.954 533.096
v -423.007 131.626 533.096
v -393.007 129.673 533.096
v -363.007 128.474 533.096
v -333.007 125.936 533.096
v -303.007 123.822 533.096
v -273.007 123.965 533.096
v -243.007 124.671 533.096
v -213.007 122.638 533.096
v -183.007 117.106 533.096
v -153.007 112.355 533.096
v -123.007 113.055 533.096
v -93.007 114.404 533.096
v -63.007 114.951 533.096
v -33.007 116.143 533.096
v -3.007 117.679 533.096
v 26.993 118.553 533.096
v 56.993 118.536 533.096
v 86.993 118.008 533.096
v 116.993 119.193 533.096
v 146.993 123.335 533.096
v 176.993 130.207 533.096
v 206.993 135.584 533.096
v 236.993 136.368 533.096
v 266.993 136.189 533.096
v 296.993 133.967 533.096
v 326.993 130.241 533.096
v 356.993 131.854 533.096
v 386.993 138.126 533.096
v 416.993 146.543 533.096
v 446.993 155.215 533.096
v 476.993 162.134 533.096
v 506.993 162.784 533.096
v 536.993 158.874 533.096
v 566.993 154.161 533.096
v 596.993 151.926 533.096
v 626.993 163.249 533.096
v 656.993 181.087 533.096
v 686.993 193.792 533.096
v 716.993 194.597 533.096
v 746.993 191.487 533.096
v 776.993 195.125 533.096
v 806.993 199.750 533.096
v 836.993 202.870 533.096
v 866.993 206.207 533.096
v 896.993 210.273 533.096
v 926.993 214.411 533.096
v 956.993 220.257 533.096
v 986.993 224.589 533.096
v 1016.993 220.617 533.096
v 1046.993 214.199 533.096
v 1076.993 212.264 533.096
v 1106.993 209.089 533.096
v 1136.993 204.229 533.096
v 1166.993 195.149 533.096
v -813.007 167.685 503.096
v -783.007 165.694 503.096
v -753.007 164.238 503.096
v -723.007 164.597 503.096
v -693.007 164.034 503.096
v -663.007 159.383 503.096
v -633.007 154.216 503.096
v -603.007 149.448 503.096
v -573.007 145.991 503.096
v -543.007 144.029 503.096
v -513.007 141.930 503.096
v -483.007 139.266 503.096
v -453.007 136.743 503.096
v -423.007 133.487 503.096
v -393.007 132.295 503.096
v -363.007 131.343 503.096
v -333.007 130.319 503.096
v -303.007 130.924 503.096
v -273.007 134.686 503.096
v -243.007 135.035 503.096
v -213.007 129.147 503.096
v -183.007 120.862 503.096
v -153.007 114.250 503.096
v -123.007 111.225 503.096
v -93.007 112.318 503.096
v -63.007 113.392 503.096
v -33.007 114.433 503.096
v -3.007 115.764 503.096
v 26.993 117.335 503.096
v 56.993 117.171 503.096
v 86.993 116.619 503.096
v 116.993 119.237 503.096
v 146.993 125.432 503.096
v 176.993 133.276 503.096
v 206.993 138.197 503.096
v 236.993 136.875 503.096
v 266.993 134.521 503.096
v 296.993 131.841 503.096
v 326.993 127.744 503.096
v 356.993 129.850 503.096
v 386.993 135.816 503.096
v 416.993 143.298 503.096
v 446.993 151.893 503.096
v 476.993 156.403 503.096
v 506.993 153.976 503.096
v 536.993 149.674 503.096
v 566.993 146.665 503.096
v 596.993 150.359 503.096
v 626.993 162.450 503.096
v 656.993 179.544 503.096
v 686.993 190.389 503.096
v 716.993 189.369 503.096
v 746.993 191.354 503.096
v 776.993 198.787 503.096
v 806.993 204.405 503.096
v 836.993 206.638 503.096
v 866.993 206.032 503.096
v 896.993 203.123 503.096
v 926.993 206.918 503.096
v 956.993 217.755 503.096
v 986.993 226.670 503.096
v 1016.993 226.903 503.096
v 1046.993 224.180 503.096
v 1076.993 219.694 503.096
v 1106.993 213.950 503.096
v 1136.993 207.617 503.096
v 1166.993 199.505 503.096
v -813.007 173.249 473.096
v -783.007 175.994 473.096
v -753.007 176.312 473.096
v -723.007 177.590 473.096
v -693.007 175.580 473.096
v -663.007 169.988 473.096
v -633.007 163.369 473.096
v -603.007 155.514 473.096
v -573.007 148.831 473.096
v -543.007 146.040 473.096
v -513.007 144.789 473.096
v -483.007 142.537 473.096
v -453.007 139.717 473.096
v -423.007 137.681 473.096
v -393.007 137.324 473.096
v -363.007 137.312 473.096
v -333.007 139.371 473.096
v -303.007 143.454 473.096
v -273.007 146.849 473.096
v -243.007 141.802 473.096
v -213.007 131.542 473.096
v -183.007 123.654 473.096
v -153.007 118.292 473.096
v -123.007 112.723 473.096
v -93.007 110.666 473.096
v -63.007 111.869 473.096
v -33.007 112.375 473.096
v -3.007 113.344 473.096
v 26.993 115.423 473.096
v 56.993 116.135 473.096
v 86.993 115.891 473.096
v 116.993 119.357 473.096
v 146.993 126.925 473.096
v 176.993 134.100 473.096
v 206.993 138.319 473.096
v 236.993 136.290 473.096
v 266.993 132.262 473.096
v 296.993 129.083 473.096
v 326.993 125.442 473.096
v 356.993 127.617 473.096
v 386.993 133.949 473.096
v 416.993 140.813 473.096
v 446.993 147.136 473.096
v 476.993 148.554 473.096
v 506.993 144.447 473.096
v 536.993 141.003 473.096
v 566.993 141.641 473.096
v 596.993 151.699 473.096
v 626.993 163.804 473.096
v 656.993 177.200 473.096
v 686.993 185.242 473.096
v 716.993 185.229 473.096
v 746.993 191.838 473.096
v 776.993 201.080 473.096
v 806.993 205.797 473.096
v 836.993 206.218 473.096
v 866.993 200.990 473.096
v 896.993 194.548 473.096
v 926.993 200.970 473.096
v 956.993 210.372 473.096
v 986.993 217.510 473.096
v 1016.993 224.434 473.096
v 1046.993 227.889 473.096
v 1076.993 220.813 473.096
v 1106.993 211.152 473.096
v 1136.993 203.086 473.096
v 1166.993 196.825 473.096
v -813.007 182.504 443.096
v -783.007 189.517 443.096
v -753.007 192.188 443.096
v -723.007 191.986 443.096
v -693.007 185.166 443.096
v -663.007 175.848 443.096
v -633.007 165.278 443.096
v -603.007 156.052 443.096
v -573.007 151.886 443.096
v -543.007 151.872 443.096
v -513.007 152.054 443.096
v -483.007 149.336 443.096
v -453.007 147.725 443.096
v -423.007 147.406 443.096
v -393.007 146.753 443.096
v -363.007 147.540 443.096
v -333.007 150.988 443.096
v -303.007 155.337 443.096
v -273.007 153.201 443.096
v -243.007 142.727 443.096
v -213.007 130.734 443.096
v -183.007 124.021 443.096
v -153.007 120.466 443.096
v -123.007 115.879 443.096
v -93.007 111.552 443.096
v -63.007 110.202 443.096
v -33.007 110.197 443.096
v -3.007 110.767 443.096
v 26.993 112.948 443.096
v 56.993 114.758 443.096
v 86.993 115.735 443.096
v 116.993 118.042 443.096
v 146.993 124.229 443.096
v 176.993 130.416 443.096
v 206.993 135.628 443.096
v 236.993 136.427 443.096
v 266.993 131.859 443.096
v 296.993 127.725 443.096
v 326.993 123.457 443.096
v 356.993 124.301 443.096
v 386.993 131.146 443.096
v 416.993 136.959 443.096
v 446.993 140.172 443.096
v 476.993 140.084 443.096
v 506.993 137.779 443.096
v 536.993 135.933 443.096
v 566.993 139.736 443.096
v 596.993 152.431 443.096
v 626.993 165.246 443.096
v 656.993 176.932 443.096
v 686.993 181.919 443.096
v 716.993 183.098 443.096
v 746.993 191.460 443.096
v 776.993 199.645 443.096
v 806.993 200.295 443.096
v 836.993 199.036 443.096
v 866.993 194.065 443.096
v 896.993 188.241 443.096
v 926.993 194.391 443.096
v 956.993 200.129 443.096
v 986.993 205.819 443.096
v 1016.993 215.485 443.096
v 1046.993 220.818 443.096
v 1076.993 217.766 443.096
v 1106.993 209.296 443.096
v 1136.993 199.908 443.096
v 1166.993 192.731 443.096
v -813.007 194.899 413.096
v -783.007 203.117 413.096
v -753.007 205.914 413.096
v -723.007 199.507 413.096
v -693.007 186.759 413.096
v -663.007 172.990 413.096
v -633.007 163.736 413.096
v -603.007 160.710 413.096
v -573.007 160.898 413.096
v -543.007 163.142 413.096
v -513.007 162.727 413.096
v -483.007 158.831 413.096
v -453.007 158.912 413.096
v -423.007 160.296 413.096
v -393.007 159.547 413.096
v -363.007 160.251 413.096
v -333.007 162.616 413.096
v -303.007 162.621 413.096
v -273.007 153.052 413.096
v -243.007 139.749 413.096
v -213.007 129.380 413.096
v -183.007 125.569 413.096
v -153.007 124.721 413.096
v -123.007 122.317 413.096
v -93.007 117.129 413.096
v -63.007 111.740 413.096
v -33.007 109.120 413.096
v -3.007 108.823 413.096
v 26.993 110.231 413.096
v 56.993 111.919 413.096
v 86.993 114.155 413.096
v 116.993 115.876 413.096
v 146.993 119.274 413.096
v 176.993 124.631 413.096
v 206.993 131.037 413.096
v 236.993 135.628 413.096
v 266.993 132.749 413.096
v 296.993 127.041 413.096
v 326.993 121.687 413.096
v 356.993 121.056 413.096
v 386.993 126.547 413.096
v 416.993 130.566 413.096
v 446.993 132.601 413.096
v 476.993 133.042 413.096
v 506.993 132.228 413.096
v 536.993 131.721 413.096
v 566.993 138.384 413.096
v 596.993 151.132 413.096
v 626.993 163.507 413.096
v 656.993 174.633 413.096
v 686.993 177.682 413.096
v 716.993 179.831 413.096
v 746.993 189.000 413.096
v 776.993 194.319 413.096
v 806.993 191.908 413.096
v 836.993 194.046 413.096
v 866.993 190.523 413.096
v 896.993 182.599 413.096
v 926.993 186.467 413.096
v 956.993 193.215 413.096
v 986.993 202.071 413.096
v 1016.993 209.983 413.096
v 1046.993 209.515 413.096
v 1076.993 210.491 413.096
v 1106.993 207.266 413.096
v 1136.993 199.541 413.096
v 1166.993 194.410 413.096
v -813.007 208.356 383.096
v -783.007 214.936 383.096
v -753.007 212.539 383.096
v -723.007 200.168 383.096
v -693.007 184.642 383.096
v -663.007 172.150 383.096
v -633.007 170.975 383.096
v -603.007 173.947 383.096
v -573.007 175.341 383.096
v -543.007 177.345 383.096
v -513.007 175.129 383.096
v -483.007 170.591 383.096
v -453.007 171.814 383.096
v -423.007 174.607 383.096
v -393.007 173.895 383.096
v -363.007 173.049 383.096
v -333.007 170.601 383.096
v -303.007 161.880 383.096
v -273.007 148.089 383.096
v -243.007 136.567 383.096
v -213.007 131.585 383.096
v -183.007 132.421 383.096
v -153.007 134.999 383.096
v -123.007 132.936 383.096
v -93.007 126.014 383.096
v -63.007 118.311 383.096
v -33.007 111.373 383.096
v -3.007 108.028 383.096
v 26.993 107.759 383.096
v 56.993 108.665 383.096
v 86.993 111.284 383.096
v 116.993 113.438 383.096
v 146.993 115.224 383.096
v 176.993 119.610 383.096
v 206.993 125.851 383.096
v 236.993 132.135 383.096
v 266.993 132.207 383.096
v 296.993 125.369 383.096
v 326.993 119.924 383.096
v 356.993 118.701 383.096
v 386.993 122.207 383.096
v 416.993 125.550 383.096
v 446.993 126.923 383.096
v 476.993 128.144 383.096
v 506.993 128.053 383.096
v 536.993 130.082 383.096
v 566.993 137.487 383.096
v 596.993 147.687 383.096
v 626.993 156.881 383.096
v 656.993 165.266 383.096
v 686.993 169.530 383.096
v 716.993 175.266 383.096
v 746.993 184.717 383.096
v 776.993 185.951 383.096
v 806.993 185.273 383.096
v 836.993 190.693 383.096
v 866.993 185.899 383.096
v 896.993 177.436 383.096
v 926.993 184.141 383.096
v 956.993 193.757 383.096
v 986.993 202.312 383.096
v 1016.993 204.519 383.096
v 1046.993 199.397 383.096
v 1076.993 203.191 383.096
v 1106.993 203.472 383.096
v 1136.993 196.346 383.096
v 1166.993 191.674 383.096
v -813.007 217.707 353.096
v -783.007 218.022 353.096
v -753.007 208.537 353.096
v -723.007 194.897 353.096
v -693.007 182.487 353.096
v -663.007 177.911 353.096
v -633.007 184.243 353.096
v -603.007 190.539 353.096
v -573.007 191.873 353.096
v -543.007 192.601 353.096
v -513.007 188.876 353.096
v -483.007 184.292 353.096
v -453.007 185.650 353.096
v -423.007 189.532 353.096
v -393.007 187.175 353.096
v -363.007 181.127 353.096
v -333.007 171.398 353.096
v -303.007 157.184 353.096
v -273.007 144.100 353.096
v -243.007 139.160 353.096
v -213.007 140.866 353.096
v -183.007 144.286 353.096
v -153.007 147.825 353.096
v -123.007 144.589 353.096
v -93.007 136.258 353.096
v -63.007 128.273 353.096
v -33.007 118.808 353.096
v -3.007 110.556 353.096
v 26.993 107.244 353.096
v 56.993 106.964 353.096
v 86.993 108.843 353.096
v 116.993 111.191 353.096
v 146.993 112.747 353.096
v 176.993 115.596 353.096
v 206.993 121.025 353.096
v 236.993 126.564 353.096
v 266.993 127.777 353.096
v 296.993 122.865 353.096
v 326.993 118.643 353.096
v 356.993 116.685 353.096
v 386.993 119.189 353.096
v 416.993 123.387 353.096
v 446.993 125.932 353.096
v 476.993 125.651 353.096
v 506.993 125.354 353.096
v 536.993 128.891 353.096
v 566.993 134.838 353.096
v 596.993 142.667 353.096
v 626.993 149.570 353.096
v 656.993 153.851 353.096
v 686.993 158.647 353.096
v 716.993 168.072 353.096
v 746.993 176.433 353.096
v 776.993 175.419 353.096
v 806.993 180.662 353.096
v 836.993 184.827 353.096
v 866.993 177.389 353.096
v 896.993 171.999 353.096
v 926.993 179.917 353.096
v 956.993 189.687 353.096
v 986.993 197.432 353.096
v 1016.993 196.750 353.096
v 1046.993 191.688 353.096
v 1076.993 197.069 353.096
v 1106.993 200.745 353.096
v 1136.993 197.450 353.096
v 1166.993 188.794 353.096
v -813.007 216.087 323.096
v -783.007 210.410 323.096
v -753.007 198.986 323.096
v -723.007 189.266 323.096
v -693.007 186.366 323.096
v -663.007 189.439 323.096
v -633.007 198.320 323.096
v -603.007 206.983 323.096
v -573.007 208.467 323.096
v -543.007 208.146 323.096
v -513.007 203.545 323.096
v -483.007 199.388 323.096
v -453.007 199.578 323.096
v -423.007 200.644 323.096
v -393.007 192.908 323.096
v -363.007 181.061 323.096
v -333.007 168.059 323.096
v -303.007 155.136 323.096
v -273.007 145.691 323.096
v -243.007 147.660 323.096
v -213.007 154.350 323.096
v -183.007 158.968 323.096
v -153.007 161.738 323.096
v -123.007 157.371 323.096
v -93.007 148.677 323.096
v -63.007 140.654 323.096
v -33.007 129.101 323.096
v -3.007 117.161 323.096
v 26.993 109.385 323.096
v 56.993 106.443 323.096
v 86.993 107.232 323.096
v 116.993 108.968 323.096
v 146.993 111.255 323.096
v 176.993 112.907 323.096
v 206.993 117.244 323.096
v 236.993 123.505 323.096
v 266.993 123.861 323.096
v 296.993 120.903 323.096
v 326.993 117.627 323.096
v 356.993 115.102 323.096
v 386.993 115.941 323.096
v 416.993 121.252 323.096
v 446.993 126.760 323.096
v 476.993 125.526 323.096
v 506.993 123.047 323.096
v 536.993 126.717 323.096
v 566.993 131.104 323.096
v 596.993 136.090 323.096
v 626.993 139.812 323.096
v 656.993 141.501 323.096
v 686.993 149.611 323.096
v 716.993 159.930 323.096
v 746.993 166.415 323.096
v 776.993 166.475 323.096
v 806.993 174.122 323.096
v 836.993 175.800 323.096
v 866.993 168.559 323.096
v 896.993 170.815 323.096
v 926.993 182.504 323.096
v 956.993 191.449 323.096
v 986.993 194.903 323.096
v 1016.993 190.278 323.096
v 1046.993 185.505 323.096
v 1076.993 190.214 323.096
v 1106.993 195.042 323.096
v 1136.993 197.032 323.096
v 1166.993 189.553 323.096
v -813.007 206.298 293.096
v -783.007 200.324 293.096
v -753.007 194.037 293.096
v -723.007 193.359 293.096
v -693.007 198.841 293.096
v -663.007 204.724 293.096
v -633.007 212.847 293.096
v -603.007 222.152 293.096
v -573.007 225.145 293.096
v -543.007 223.980 293.096
v -513.007 218.812 293.096
v -483.007 214.237 293.096
v -453.007 210.321 293.096
v -423.007 203.548 293.096
v -393.007 192.343 293.096
v -363.007 181.072 293.096
v -333.007 170.039 293.096
v -303.007 158.824 293.096
v -273.007 153.126 293.096
v -243.007 158.160 293.096
v -213.007 167.312 293.096
v -183.007 174.536 293.096
v -153.007 176.397 293.096
v -123.007 170.936 293.096
v -93.007 162.751 293.096
v -63.007 153.276 293.096
v -33.007 139.339 293.096
v -3.007 125.691 293.096
v 26.993 114.837 293.096
v 56.993 107.735 293.096
v 86.993 105.820 293.096
v 116.993 107.224 293.096
v 146.993 109.083 293.096
v 176.993 109.458 293.096
v 206.993 112.852 293.096
v 236.993 121.674 293.096
v 266.993 122.554 293.096
v 296.993 118.892 293.096
v 326.993 115.768 293.096
v 356.993 113.112 293.096
v 386.993 113.087 293.096
v 416.993 119.714 293.096
v 446.993 126.397 293.096
v 476.993 124.844 293.096
v 506.993 120.868 293.096
v 536.993 125.037 293.096
v 566.993 128.767 293.096
v 596.993 128.656 293.096
v 626.993 127.513 293.096
v 656.993 132.265 293.096
v 686.993 141.713 293.096
v 716.993 149.171 293.096
v 746.993 153.830 293.096
v 776.993 157.718 293.096
v 806.993 165.977 293.096
v 836.993 166.399 293.096
v 866.993 163.695 293.096
v 896.993 171.872 293.096
v 926.993 183.517 293.096
v 956.993 188.841 293.096
v 986.993 188.309 293.096
v 1016.993 183.250 293.096
v 1046.993 180.003 293.096
v 1076.993 184.410 293.096
v 1106.993 186.725 293.096
v 1136.993 190.325 293.096
v 1166.993 189.820 293.096
v -813.007 204.236 263.096
v -783.007 201.766 263.096
v -753.007 199.069 263.096
v -723.007 204.711 263.096
v -693.007 214.164 263.096
v -663.007 220.934 263.096
v -633.007 227.862 263.096
v -603.007 237.026 263.096
v -573.007 241.935 263.096
v -543.007 238.974 263.096
v -513.007 232.108 263.096
v -483.007 223.833 263.096
v -453.007 213.405 263.096
v -423.007 202.737 263.096
v -393.007 196.973 263.096
v -363.007 189.595 263.096
v -333.007 178.687 263.096
v -303.007 167.415 263.096
v -273.007 164.997 263.096
v -243.007 170.316 263.096
v -213.007 178.751 263.096
v -183.007 188.378 263.096
v -153.007 190.837 263.096
v -123.007 183.255 263.096
v -93.007 173.215 263.096
v -63.007 160.494 263.096
v -33.007 145.324 263.096
v -3.007 131.553 263.096
v 26.993 119.707 263.096
v 56.993 110.347 263.096
v 86.993 105.673 263.096
v 116.993 106.235 263.096
v 146.993 106.919 263.096
v 176.993 106.704 263.096
v 206.993 108.944 263.096
v 236.993 118.144 263.096
v 266.993 121.275 263.096
v 296.993 116.879 263.096
v 326.993 113.655 263.096
v 356.993 111.591 263.096
v 386.993 111.382 263.096
v 416.993 118.996 263.096
v 446.993 125.513 263.096
v 476.993 122.940 263.096
v 506.993 118.683 263.096
v 536.993 122.261 263.096
v 566.993 124.575 263.096
v 596.993 121.982 263.096
v 626.993 120.351 263.096
v 656.993 124.806 263.096
v 686.993 131.326 263.096
v 716.993 137.183 263.096
v 746.993 140.925 263.096
v 776.993 145.581 263.096
v 806.993 153.075 263.096
v 836.993 155.656 263.096
v 866.993 160.936 263.096
v 896.993 173.809 263.096
v 926.993 184.413 263.096
v 956.993 183.769 263.096
v 986.993 180.316 263.096
v 1016.993 177.076 263.096
v 1046.993 176.213 263.096
v 1076.993 180.672 263.096
v 1106.993 178.749 263.096
v 1136.993 179.371 263.096
v 1166.993 180.893 263.096
v -813.007 215.052 233.096
v -783.007 213.844 233.096
v -753.007 209.082 233.096
v -723.007 214.931 233.096
v -693.007 227.200 233.096
v -663.007 236.646 233.096
v -633.007 243.247 233.096
v -603.007 250.749 233.096
v -573.007 253.262 233.096
v -543.007 246.533 233.096
v -513.007 236.563 233.096
v -483.007 224.126 233.096
v -453.007 211.462 233.096
v -423.007 205.817 233.096
v -393.007 207.033 233.096
v -363.007 199.934 233.096
v -333.007 186.622 233.096
v -303.007 178.424 233.096
v -273.007 179.579 233.096
v -243.007 184.051 233.096
v -213.007 190.213 233.096
v -183.007 198.599 233.096
v -153.007 200.318 233.096
v -123.007 188.409 233.096
v -93.007 173.766 233.096
v -63.007 158.247 233.096
v -33.007 143.394 233.096
v -3.007 130.703 233.096
v 26.993 119.817 233.096
v 56.993 111.375 233.096
v 86.993 107.098 233.096
v 116.993 106.385 233.096
v 146.993 106.628 233.096
v 176.993 106.091 233.096
v 206.993 106.805 233.096
v 236.993 114.429 233.096
v 266.993 119.845 233.096
v 296.993 114.995 233.096
v 326.993 111.609 233.096
v 356.993 110.086 233.096
v 386.993 110.945 233.096
v 416.993 117.629 233.096
v 446.993 124.380 233.096
v 476.993 120.852 233.096
v 506.993 114.256 233.096
v 536.993 116.420 233.096
v 566.993 117.624 233.096
v 596.993 117.115 233.096
v 626.993 118.423 233.096
v 656.993 122.518 233.096
v 686.993 127.325 233.096
v 716.993 131.637 233.096
v 746.993 134.310 233.096
v 776.993 137.408 233.096
v 806.993 141.711 233.096
v 836.993 147.662 233.096
v 866.993 156.982 233.096
v 896.993 168.539 233.096
v 926.993 179.009 233.096
v 956.993 178.979 233.096
v 986.993 174.399 233.096
v 1016.993 172.118 233.096
v 1046.993 171.445 233.096
v 1076.993 175.050 233.096
v 1106.993 173.361 233.096
v 1136.993 170.976 233.096
v 1166.993 171.438 233.096
v -813.007 230.015 203.096
v -783.007 226.957 203.096
v -753.007 219.103 203.096
v -723.007 221.551 203.096
v -693.007 235.027 203.096
v -663.007 248.467 203.096
v -633.007 257.471 203.096
v -603.007 260.694 203.096
v -573.007 255.317 203.096
v -543.007 244.030 203.096
v -513.007 231.791 203.096
v -483.007 220.545 203.096
v -453.007 213.004 203.096
v -423.007 212.768 203.096
v -393.007 213.917 203.096
v -363.007 204.505 203.096
v -333.007 192.470 203.096
v -303.007 191.729 203.096
v -273.007 195.499 203.096
v -243.007 198.745 203.096
v -213.007 202.447 203.096
v -183.007 205.619 203.096
v -153.007 200.768 203.096
v -123.007 185.726 203.096
v -93.007 169.626 203.096
v 446.993 121.554 203.096
v 476.993 120.120 203.096
v 506.993 112.012 203.096
v 536.993 111.589 203.096
v 566.993 113.339 203.096
v 596.993 118.268 203.096
v 626.993 121.785 203.096
v 656.993 128.671 203.096
v 686.993 134.995 203.096
v 716.993 139.673 203.096
v 746.993 142.365 203.096
v 776.993 144.478 203.096
v 806.993 148.455 203.096
v 836.993 154.002 203.096
v 866.993 162.502 203.096
v 896.993 171.534 203.096
v 926.993 178.710 203.096
v 956.993 177.918 203.096
v 986.993 173.204 203.096
v 1016.993 169.481 203.096
v 1046.993 167.486 203.096
v 1076.993 167.795 203.096
v 1106.993 167.738 203.096
v 1136.993 166.697 203.096
v 1166.993 167.551 203.096
v -813.007 241.692 173.096
v -783.007 238.311 173.096
v -753.007 228.921 173.096
v -723.007 225.375 173.096
v -693.007 237.504 173.096
v -663.007 253.080 173.096
v -633.007 265.940 173.096
v -603.007 265.792 173.096
v -573.007 254.043 173.096
v -543.007 240.544 173.096
v -513.007 228.735 173.096
v -483.007 222.653 173.096
v -453.007 221.105 173.096
v -423.007 221.167 173.096
v -393.007 217.358 173.096
v -363.007 205.008 173.096
v -333.007 197.905 173.096
v -303.007 204.271 173.096
v -273.007 210.868 173.096
v -243.007 212.613 173.096
v -213.007 212.182 173.096
v -183.007 207.025 173.096
v -153.007 195.771 173.096
v -123.007 181.839 173.096
v -93.007 167.285 173.096
v 446.993 117.132 173.096
v 476.993 115.643 173.096
v 506.993 110.386 173.096
v 536.993 110.512 173.096
v 566.993 114.279 173.096
v 596.993 121.940 173.096
v 626.993 126.888 173.096
v 656.993 133.225 173.096
v 686.993 140.647 173.096
v 716.993 148.707 173.096
v 746.993 153.846 173.096
v 776.993 155.323 173.096
v 806.993 157.281 173.096
v 836.993 161.621 173.096
v 866.993 166.605 173.096
v 896.993 174.158 173.096
v 926.993 180.425 173.096
v 956.993 181.000 173.096
v 986.993 176.998 173.096
v 1016.993 172.493 173.096
v 1046.993 167.724 173.096
v 1076.993 164.412 173.096
v 1106.993 163.978 173.096
v 1136.993 164.032 173.096
v 1166.993 165.572 173.096
v -813.007 249.228 143.096
v -783.007 246.941 143.096
v -753.007 237.525 143.096
v -723.007 230.549 143.096
v -693.007 238.077 143.096
v -663.007 252.724 143.096
v -633.007 266.118 143.096
v -603.007 266.559 143.096
v -573.007 254.602 143.096
v -543.007 241.757 143.096
v -513.007 232.633 143.096
v -483.007 231.793 143.096
v -453.007 231.969 143.096
v -423.007 228.873 143.096
v -393.007 220.068 143.096
v -363.007 207.745 143.096
v -333.007 203.796 143.096
v -303.007 213.135 143.096
v -273.007 221.719 143.096
v -243.007 220.931 143.096
v -213.007 213.068 143.096
v -183.007 201.196 143.096
v -153.007 189.345 143.096
v -123.007 178.423 143.096
v -93.007 168.825 143.096
v 446.993 111.790 143.096
v 476.993 110.480 143.096
v 506.993 108.261 143.096
v 536.993 109.929 143.096
v 566.993 115.110 143.096
v 596.993 124.859 143.096
v 626.993 132.923 143.096
v 656.993 138.884 143.096
v 686.993 146.478 143.096
v 716.993 155.500 143.096
v 746.993 162.609 143.096
v 776.993 164.020 143.096
v 806.993 163.720 143.096
v 836.993 165.276 143.096
v 866.993 167.735 143.096
v 896.993 171.846 143.096
v 926.993 177.432 143.096
v 956.993 180.940 143.096
v 986.993 179.291 143.096
v 1016.993 175.759 143.096
v 1046.993 169.598 143.096
v 1076.993 163.815 143.096
v 1106.993 161.195 143.096
v 1136.993 162.280 143.096
v 1166.993 165.870 143.096
v -813.007 256.882 113.096
v -783.007 254.936 113.096
v -753.007 246.322 113.096
v -723.007 239.751 113.096
v -693.007 240.443 113.096
v -663.007 251.004 113.096
v -633.007 263.249 113.096
v -603.007 266.724 113.096
v -573.007 257.702 113.096
v -543.007 246.913 113.096
v -513.007 240.438 113.096
v -483.007 242.000 113.096
v -453.007 242.788 113.096
v -423.007 235.948 113.096
v -393.007 224.626 113.096
v -363.007 213.305 113.096
v -333.007 208.665 113.096
v -303.007 217.960 113.096
v -273.007 226.344 113.096
v -243.007 221.590 113.096
v -213.007 209.098 113.096
v -183.007 196.959 113.096
v -153.007 190.240 113.096
v -123.007 185.028 113.096
v -93.007 178.767 113.096
v 446.993 106.975 113.096
v 476.993 106.788 113.096
v 506.993 105.941 113.096
v 536.993 108.507 113.096
v 566.993 114.975 113.096
v 596.993 124.745 113.096
v 626.993 133.207 113.096
v 656.993 140.719 113.096
v 686.993 149.134 113.096
v 716.993 157.123 113.096
v 746.993 163.588 113.096
v 776.993 165.215 113.096
v 806.993 164.821 113.096
v 836.993 164.291 113.096
v 866.993 165.722 113.096
v 896.993 168.812 113.096
v 926.993 172.490 113.096
v 956.993 173.323 113.096
v 986.993 171.942 113.096
v 1016.993 171.481 113.096
v 1046.993 167.683 113.096
v 1076.993 161.517 113.096
v 1106.993 159.359 113.096
v 1136.993 164.063 113.096
v 1166.993 168.732 113.096
v -813.007 266.433 83.096
v -783.007 264.466 83.096
v -753.007 256.900 83.096
v -723.007 250.907 83.096
v -693.007 246.880 83.096
v -663.007 249.701 83.096
v -633.007 260.750 83.096
v -603.007 267.605 83.096
v -573.007 263.403 83.096
v -543.007 255.188 83.096
v -513.007 250.700 83.096
v -483.007 251.611 83.096
v -453.007 251.100 83.096
v -423.007 241.301 83.096
v -393.007 229.684 83.096
v -363.007 218.074 83.096
v -333.007 213.026 83.096
v -303.007 220.918 83.096
v -273.007 228.525 83.096
v -243.007 223.639 83.096
v -213.007 211.488 83.096
v -183.007 202.184 83.096
v -153.007 201.003 83.096
v -123.007 196.615 83.096
v -93.007 188.337 83.096
v 446.993 102.714 83.096
v 476.993 103.911 83.096
v 506.993 104.863 83.096
v 536.993 106.320 83.096
v 566.993 111.073 83.096
v 596.993 118.709 83.096
v 626.993 126.850 83.096
v 656.993 135.445 83.096
v 686.993 145.284 83.096
v 716.993 153.566 83.096
v 746.993 159.869 83.096
v 776.993 163.518 83.096
v 806.993 163.017 83.096
v 836.993 160.968 83.096
v 866.993 161.163 83.096
v 896.993 163.624 83.096
v 926.993 165.184 83.096
v 956.993 163.264 83.096
v 986.993 161.683 83.096
v 1016.993 163.286 83.096
v 1046.993 161.939 83.096
v 1076.993 156.963 83.096
v 1106.993 157.406 83.096
v 1136.993 162.830 83.096
v 1166.993 164.644 83.096
v -813.007 277.473 53.096
v -783.007 276.438 53.096
v -753.007 269.462 53.096
v -723.007 262.598 53.096
v -693.007 256.726 53.096
v -663.007 254.751 53.096
v -633.007 262.843 53.096
v -603.007 271.066 53.096
v -573.007 272.395 53.096
v -543.007 266.842 53.096
v -513.007 262.480 53.096
v -483.007 260.518 53.096
v -453.007 254.424 53.096
v -423.007 241.879 53.096
v -393.007 228.918 53.096
v -363.007 219.364 53.096
v -333.007 219.061 53.096
v -303.007 227.059 53.096
v -273.007 233.235 53.096
v -243.007 228.396 53.096
v -213.007 217.961 53.096
v -183.007 212.586 53.096
v -153.007 210.590 53.096
v -123.007 203.640 53.096
v -93.007 193.189 53.096
v 446.993 100.648 53.096
v 476.993 102.047 53.096
v 506.993 102.501 53.096
v 536.993 104.050 53.096
v 566.993 108.832 53.096
v 596.993 113.764 53.096
v 626.993 121.065 53.096
v 656.993 130.783 53.096
v 686.993 140.900 53.096
v 716.993 149.240 53.096
v 746.993 155.591 53.096
v 776.993 159.603 53.096
v 806.993 160.435 53.096
v 836.993 156.420 53.096
v 866.993 154.269 53.096
v 896.993 155.420 53.096
v 926.993 155.924 53.096
v 956.993 154.558 53.096
v 986.993 153.861 53.096
v 1016.993 153.354 53.096
v 1046.993 152.009 53.096
v 1076.993 149.936 53.096
v 1106.993 151.267 53.096
v 1136.993 154.160 53.096
v 1166.993 154.538 53.096
v -813.007 287.808 23.096
v -783.007 289.442 23.096
v -753.007 283.146 23.096
v -723.007 275.190 23.096
v -693.007 266.281 23.096
v -663.007 262.168 23.096
v -633.007 269.517 23.096
v -603.007 278.896 23.096
v -573.007 283.530 23.096
v -543.007 278.592 23.096
v -513.007 271.908 23.096
v -483.007 264.227 23.096
v -453.007 252.470 23.096
v -423.007 239.767 23.096
v -393.007 228.033 23.096
v -363.007 223.868 23.096
v -333.007 228.389 23.096
v -303.007 236.026 23.096
v -273.007 240.751 23.096
v -243.007 235.722 23.096
v -213.007 227.046 23.096
v -183.007 221.589 23.096
v -153.007 213.475 23.096
v -123.007 201.085 23.096
v -93.007 186.986 23.096
v 446.993 99.972 23.096
v 476.993 100.027 23.096
v 506.993 101.418 23.096
v 536.993 103.072 23.096
v 566.993 107.786 23.096
v 596.993 113.323 23.096
v 626.993 119.075 23.096
v 656.993 128.231 23.096
v 686.993 137.085 23.096
v 716.993 143.756 23.096
v 746.993 149.089 23.096
v 776.993 154.471 23.096
v 806.993 156.571 23.096
v 836.993 152.052 23.096
v 866.993 146.661 23.096
v 896.993 145.907 23.096
v 926.993 145.584 23.096
v 956.993 145.080 23.096
v 986.993 145.390 23.096
v 1016.993 143.068 23.096
v 1046.993 140.932 23.096
v 1076.993 140.685 23.096
v 1106.993 143.245 23.096
v 1136.993 145.505 23.096
v 1166.993 146.962 23.096
v -813.007 298.991 -6.904
v -783.007 301.575 -6.904
v -753.007 296.514 -6.904
v -723.007 287.415 -6.904
v -693.007 276.563 -6.904
v -663.007 272.815 -6.904
v -633.007 279.954 -6.904
v -603.007 288.720 -6.904
v -573.007 293.567 -6.904
v -543.007 288.410 -6.904
v -513.007 277.855 -6.904
v -483.007 265.018 -6.904
v -453.007 250.853 -6.904
v -423.007 238.269 -6.904
v -393.007 230.710 -6.904
v -363.007 232.119 -6.904
v -333.007 239.275 -6.904
v -303.007 244.210 -6.904
v -273.007 244.540 -6.904
v -243.007 238.297 -6.904
v -213.007 228.977 -6.904
v -183.007 218.051 -6.904
v -153.007 208.526 -6.904
v -123.007 195.994 -6.904
v -93.007 181.071 -6.904
v 446.993 99.283 -6.904
v 476.993 99.595 -6.904
v 506.993 100.349 -6.904
v 536.993 101.343 -6.904
v 566.993 106.330 -6.904
v 596.993 111.526 -6.904
v 626.993 116.775 -6.904
v 656.993 124.854 -6.904
v 686.993 132.455 -6.904
v 716.993 137.568 -6.904
v 746.993 143.613 -6.904
v 776.993 148.793 -6.904
v 806.993 149.684 -6.904
v 836.993 145.216 -6.904
v 866.993 139.636 -6.904
v 896.993 138.038 -6.904
v 926.993 137.985 -6.904
v 956.993 137.916 -6.904
v 986.993 136.699 -6.904
v 1016.993 134.415 -6.904
v 1046.993 132.891 -6.904
v 1076.993 134.407 -6.904
v 1106.993 137.619 -6.904
v 1136.993 139.550 -6.904
v 1166.993 141.497 -6.904
v -813.007 310.720 -36.904
v -783.007 312.297 -36.904
v -753.007 307.420 -36.904
v -723.007 297.441 -36.904
v -693.007 288.304 -36.904
v -663.007 287.048 -36.904
v -633.007 292.410 -36.904
v -603.007 299.120 -36.904
v -573.007 302.127 -36.904
v -543.007 295.455 -36.904
v -513.007 282.603 -36.904
v -483.007 268.874 -36.904
v -453.007 255.482 -36.904
v -423.007 244.159 -36.904
v -393.007 239.313 -36.904
v -363.007 241.615 -36.904
v -333.007 247.004 -36.904
v -303.007 244.329 -36.904
v -273.007 235.772 -36.904
v -243.007 227.376 -36.904
v -213.007 218.180 -36.904
v -183.007 206.635 -36.904
v -153.007 198.533 -36.904
v -123.007 190.834 -36.904
v -93.007 177.862 -36.904
v 446.993 98.479 -36.904
v 476.993 98.579 -36.904
v 506.993 98.548 -36.904
v 536.993 99.231 -36.904
v 566.993 102.983 -36.904
v 596.993 108.319 -36.904
v 626.993 113.885 -36.904
v 656.993 121.228 -36.904
v 686.993 127.325 -36.904
v 716.993 131.897 -36.904
v 746.993 137.801 -36.904
v 776.993 141.702 -36.904
v 806.993 140.788 -36.904
v 836.993 136.507 -36.904
v 866.993 132.581 -36.904
v 896.993 131.934 -36.904
v 926.993 132.352 -36.904
v 956.993 132.963 -36.904
v 986.993 132.062 -36.904
v 1016.993 129.648 -36.904
v 1046.993 128.393 -36.904
v 1076.993 130.242 -36.904
v 1106.993 133.066 -36.904
v 1136.993 135.084 -36.904
v 1166.993 137.232 -36.904
v -813.007 319.425 -66.904
v -783.007 320.952 -66.904
v -753.007 316.798 -66.904
v -723.007 308.280 -66.904
v -693.007 301.632 -66.904
v -663.007 300.896 -66.904
v -633.007 304.336 -66.904
v -603.007 308.836 -66.904
v -573.007 308.563 -66.904
v -543.007 299.647 -66.904
v -513.007 286.327 -66.904
v -483.007 273.140 -66.904
v -453.007 261.409 -66.904
v -423.007 253.308 -66.904
v -393.007 248.045 -66.904
v -363.007 248.420 -66.904
v -333.007 246.966 -66.904
v -303.007 236.685 -66.904
v -273.007 225.601 -66.904
v -243.007 215.140 -66.904
v -213.007 205.477 -66.904
v -183.007 195.000 -66.904
v -153.007 185.471 -66.904
v -123.007 178.867 -66.904
v -93.007 168.739 -66.904
v 446.993 97.963 -66.904
v 476.993 97.699 -66.904
v 506.993 97.655 -66.904
v 536.993 98.417 -66.904
v 566.993 99.692 -66.904
v 596.993 104.733 -66.904
v 626.993 110.156 -66.904
v 656.993 116.349 -66.904
v 686.993 121.456 -66.904
v 716.993 126.432 -66.904
v 746.993 131.398 -66.904
v 776.993 134.464 -66.904
v 806.993 133.370 -66.904
v 836.993 129.341 -66.904
v 866.993 126.324 -66.904
v 896.993 126.293 -66.904
v 926.993 127.357 -66.904
v 956.993 128.543 -66.904
v 986.993 127.619 -66.904
v 1016.993 126.068 -66.904
v 1046.993 124.697 -66.904
v 1076.993 126.215 -66.904
v 1106.993 128.713 -66.904
v 1136.993 131.134 -66.904
v 1166.993 133.924 -66.904
v -813.007 326.299 -96.904
v -783.007 328.895 -96.904
v -753.007 326.210 -96.904
v -723.007 319.884 -96.904
v -693.007 315.024 -96.904
v -663.007 314.163 -96.904
v -633.007 315.443 -96.904
v -603.007 316.406 -96.904
v -573.007 312.756 -96.904
v -543.007 302.976 -96.904
v -513.007 290.960 -96.904
v -483.007 278.994 -96.904
v -453.007 268.997 -96.904
v -423.007 261.122 -96.904
v -393.007 252.704 -96.904
v -363.007 245.505 -96.904
v -333.007 238.025 -96.904
v -303.007 231.254 -96.904
v -273.007 221.400 -96.904
v -243.007 209.121 -96.904
v -213.007 195.950 -96.904
v -183.007 184.024 -96.904
v -153.007 173.975 -96.904
v -123.007 166.839 -96.904
v -93.007 159.595 -96.904
v 446.993 96.879 -96.904
v 476.993 96.964 -96.904
v 506.993 98.154 -96.904
v 536.993 97.980 -96.904
v 566.993 97.333 -96.904
v 596.993 99.895 -96.904
v 626.993 105.944 -96.904
v 656.993 111.159 -96.904
v 686.993 115.590 -96.904
v 716.993 122.277 -96.904
v 746.993 127.326 -96.904
v 776.993 131.101 -96.904
v 806.993 129.511 -96.904
v 836.993 124.947 -96.904
v 866.993 121.188 -96.904
v 896.993 120.013 -96.904
v 926.993 123.610 -96.904
v 956.993 125.598 -96.904
v 986.993 124.030 -96.904
v 1016.993 121.917 -96.904
v 1046.993 120.975 -96.904
v 1076.993 121.611 -96.904
v 1106.993 123.879 -96.904
v 1136.993 127.279 -96.904
v 1166.993 131.620 -96.904
v -813.007 331.380 -126.904
v -783.007 335.784 -126.904
v -753.007 335.443 -126.904
v -723.007 330.637 -126.904
v -693.007 326.742 -126.904
v -663.007 324.823 -126.904
v -633.007 323.427 -126.904
v -603.007 320.763 -126.904
v -573.007 314.876 -126.904
v -543.007 306.077 -126.904
v -513.007 296.179 -126.904
v -483.007 285.999 -126.904
v -453.007 276.532 -126.904
v -423.007 266.738 -126.904
v -393.007 254.304 -126.904
v -363.007 240.971 -126.904
v -333.007 228.022 -126.904
v -303.007 220.627 -126.904
v -273.007 217.600 -126.904
v -243.007 209.573 -126.904
v -213.007 194.875 -126.904
v -183.007 178.587 -126.904
v -153.007 165.420 -126.904
v -123.007 156.123 -126.904
v -93.007 149.909 -126.904
v 446.993 95.690 -126.904
v 476.993 96.006 -126.904
v 506.993 97.389 -126.904
v 536.993 97.128 -126.904
v 566.993 96.310 -126.904
v 596.993 97.538 -126.904
v 626.993 102.321 -126.904
v 656.993 106.324 -126.904
v 686.993 110.891 -126.904
v 716.993 120.270 -126.904
v 746.993 126.521 -126.904
v 776.993 127.928 -126.904
v 806.993 126.068 -126.904
v 836.993 121.436 -126.904
v 866.993 115.877 -126.904
v 896.993 114.089 -126.904
v 926.993 120.021 -126.904
v 956.993 122.004 -126.904
v 986.993 120.516 -126.904
v 1016.993 118.283 -126.904
v 1046.993 117.457 -126.904
v 1076.993 118.196 -126.904
v 1106.993 120.650 -126.904
v 1136.993 124.818 -126.904
v 1166.993 129.741 -126.904
v -813.007 333.126 -156.904
v -783.007 339.093 -156.904
v -753.007 340.446 -156.904
v -723.007 337.600 -156.904
v -693.007 333.930 -156.904
v -663.007 330.360 -156.904
v -633.007 325.582 -156.904
v -603.007 320.121 -156.904
v -573.007 313.771 -156.904
v -543.007 305.442 -156.904
v -513.007 295.688 -156.904
v -483.007 286.490 -156.904
v -453.007 276.489 -156.904
v -423.007 264.139 -156.904
v -393.007 250.628 -156.904
v -363.007 236.926 -156.904
v -333.007 222.904 -156.904
v -303.007 210.161 -156.904
v -273.007 204.656 -156.904
v -243.007 201.178 -156.904
v -213.007 190.047 -156.904
v -183.007 174.894 -156.904
v -153.007 160.652 -156.904
v -123.007 149.160 -156.904
v -93.007 140.720 -156.904
v 446.993 96.377 -156.904
v 476.993 95.192 -156.904
v 506.993 95.270 -156.904
v 536.993 94.869 -156.904
v 566.993 94.175 -156.904
v 596.993 95.464 -156.904
v 626.993 99.471 -156.904
v 656.993 102.906 -156.904
v 686.993 105.961 -156.904
v 716.993 112.658 -156.904
v 746.993 119.704 -156.904
v 776.993 122.260 -156.904
v 806.993 122.965 -156.904
v 836.993 118.997 -156.904
v 866.993 111.890 -156.904
v 896.993 109.768 -156.904
v 926.993 114.795 -156.904
v 956.993 115.865 -156.904
v 986.993 114.222 -156.904
v 1016.993 112.443 -156.904
v 1046.993 112.738 -156.904
v 1076.993 115.415 -156.904
v 1106.993 118.908 -156.904
v 1136.993 124.291 -156.904
v 1166.993 128.321 -156.904
v -813.007 332.995 -186.904
v -783.007 339.674 -186.904
v -753.007 343.029 -186.904
v -723.007 341.205 -186.904
v -693.007 335.092 -186.904
v -663.007 329.179 -186.904
v -633.007 322.693 -186.904
v -603.007 315.872 -186.904
v -573.007 308.752 -186.904
v -543.007 299.476 -186.904
v -513.007 287.747 -186.904
v -483.007 276.792 -186.904
v -453.007 267.632 -186.904
v -423.007 257.407 -186.904
v -393.007 245.771 -186.904
v -363.007 234.498 -186.904
v -333.007 222.792 -186.904
v -303.007 208.286 -186.904
v -273.007 196.098 -186.904
v -243.007 187.902 -186.904
v -213.007 179.551 -186.904
v -183.007 166.536 -186.904
v -153.007 154.462 -186.904
v -123.007 145.647 -186.904
v -93.007 139.974 -186.904
v 446.993 97.923 -186.904
v 476.993 96.488 -186.904
v 506.993 95.221 -186.904
v 536.993 94.221 -186.904
v 566.993 93.279 -186.904
v 596.993 92.769 -186.904
v 626.993 95.530 -186.904
v 656.993 99.075 -186.904
v 686.993 102.596 -186.904
v 716.993 106.913 -186.904
v 746.993 112.323 -186.904
v 776.993 117.333 -186.904
v 806.993 119.164 -186.904
v 836.993 115.026 -186.904
v 866.993 107.878 -186.904
v 896.993 105.461 -186.904
v 926.993 107.960 -186.904
v 956.993 108.013 -186.904
v 986.993 106.806 -186.904
v 1016.993 105.948 -186.904
v 1046.993 108.037 -186.904
v 1076.993 111.788 -186.904
v 1106.993 116.878 -186.904
v 1136.993 123.838 -186.904
v 1166.993 127.336 -186.904
v -813.007 328.523 -216.904
v -783.007 337.217 -216.904
v -753.007 341.984 -216.904
v -723.007 339.804 -216.904
v -693.007 332.577 -216.904
v -663.007 325.431 -216.904
v -633.007 317.365 -216.904
v -603.007 309.251 -216.904
v -573.007 302.013 -216.904
v -543.007 292.217 -216.904
v -513.007 278.919 -216.904
v -483.007 266.205 -216.904
v -453.007 256.791 -216.904
v -423.007 248.102 -216.904
v -393.007 238.695 -216.904
v -363.007 230.220 -216.904
v -333.007 221.878 -216.904
v -303.007 210.264 -216.904
v -273.007 196.591 -216.904
v -243.007 182.439 -216.904
v -213.007 171.851 -216.904
v -183.007 164.955 -216.904
v -153.007 157.432 -216.904
v -123.007 149.396 -216.904
v -93.007 146.041 -216.904
v 446.993 97.242 -216.904
v 476.993 96.757 -216.904
v 506.993 95.198 -216.904
v 536.993 94.153 -216.904
v 566.993 93.215 -216.904
v 596.993 92.731 -216.904
v 626.993 93.132 -216.904
v 656.993 94.093 -216.904
v 686.993 98.316 -216.904
v 716.993 102.519 -216.904
v 746.993 107.061 -216.904
v 776.993 112.420 -216.904
v 806.993 112.820 -216.904
v 836.993 109.077 -216.904
v 866.993 103.566 -216.904
v 896.993 100.865 -216.904
v 926.993 101.748 -216.904
v 956.993 101.765 -216.904
v 986.993 102.027 -216.904
v 1016.993 103.270 -216.904
v 1046.993 106.269 -216.904
v 1076.993 109.517 -216.904
v 1106.993 114.151 -216.904
v 1136.993 120.114 -216.904
v 1166.993 124.263 -216.904
v -813.007 325.503 -246.904
v -783.007 334.347 -246.904
v -753.007 340.232 -246.904
v -723.007 337.034 -246.904
v -693.007 330.001 -246.904
v -663.007 321.987 -246.904
v -633.007 311.894 -246.904
v -603.007 302.069 -246.904
v -573.007 294.086 -246.904
v -543.007 285.025 -246.904
v -513.007 272.971 -246.904
v -483.007 260.921 -246.904
v -453.007 249.308 -246.904
v -423.007 238.519 -246.904
v -393.007 228.233 -246.904
v -363.007 218.797 -246.904
v -333.007 211.092 -246.904
v -303.007 201.868 -246.904
v -273.007 190.667 -246.904
v -243.007 181.325 -246.904
v -213.007 177.429 -246.904
v -183.007 170.354 -246.904
v -153.007 159.896 -246.904
v -123.007 154.948 -246.904
v -93.007 156.858 -246.904
v 446.993 95.967 -246.904
v 476.993 95.944 -246.904
v 506.993 95.059 -246.904
v 536.993 94.541 -246.904
v 566.993 94.111 -246.904
v 596.993 92.858 -246.904
v 626.993 92.200 -246.904
v 656.993 91.840 -246.904
v 686.993 93.422 -246.904
v 716.993 97.346 -246.904
v 746.993 102.278 -246.904
v 776.993 106.413 -246.904
v 806.993 105.573 -246.904
v 836.993 102.738 -246.904
v 866.993 99.283 -246.904
v 896.993 97.614 -246.904
v 926.993 98.356 -246.904
v 956.993 99.444 -246.904
v 986.993 101.100 -246.904
v 1016.993 104.170 -246.904
v 1046.993 107.802 -246.904
v 1076.993 110.707 -246.904
v 1106.993 113.593 -246.904
v 1136.993 117.157 -246.904
v 1166.993 120.916 -246.904
v -813.007 329.242 -276.904
v -783.007 335.430 -276.904
v -753.007 338.996 -276.904
v -723.007 335.710 -276.904
v -693.007 328.817 -276.904
v -663.007 319.613 -276.904
v -633.007 308.757 -276.904
v -603.007 297.268 -276.904
v -573.007 287.126 -276.904
v -543.007 278.523 -276.904
v -513.007 269.202 -276.904
v -483.007 259.270 -276.904
v -453.007 250.610 -276.904
v -423.007 241.304 -276.904
v -393.007 229.480 -276.904
v -363.007 216.207 -276.904
v -333.007 205.887 -276.904
v -303.007 199.243 -276.904
v -273.007 193.648 -276.904
v -243.007 187.607 -276.904
v -213.007 178.514 -276.904
v -183.007 168.912 -276.904
v -153.007 166.458 -276.904
v -123.007 168.082 -276.904
v -93.007 170.940 -276.904
v 446.993 95.753 -276.904
v 476.993 95.078 -276.904
v 506.993 94.604 -276.904
v 536.993 95.169 -276.904
v 566.993 94.585 -276.904
v 596.993 93.147 -276.904
v 626.993 91.901 -276.904
v 656.993 91.447 -276.904
v 686.993 91.079 -276.904
v 716.993 93.310 -276.904
v 746.993 99.006 -276.904
v 776.993 101.223 -276.904
v 806.993 99.235 -276.904
v 836.993 97.332 -276.904
v 866.993 96.035 -276.904
v 896.993 96.617 -276.904
v 926.993 97.968 -276.904
v 956.993 100.500 -276.904
v 986.993 104.005 -276.904
v 1016.993 108.174 -276.904
v 1046.993 112.827 -276.904
v 1076.993 115.982 -276.904
v 1106.993 117.506 -276.904
v 1136.993 119.300 -276.904
v 1166.993 121.832 -276.904
v -813.007 333.282 -306.904
v -783.007 337.101 -306.904
v -753.007 338.366 -306.904
v -723.007 334.479 -306.904
v -693.007 328.248 -306.904
v -663.007 320.271 -306.904
v -633.007 309.742 -306.904
v -603.007 298.650 -306.904
v -573.007 289.807 -306.904
v -543.007 282.141 -306.904
v -513.007 274.362 -306.904
v -483.007 266.749 -306.904
v -453.007 258.289 -306.904
v -423.007 247.831 -306.904
v -393.007 236.158 -306.904
v -363.007 223.675 -306.904
v -333.007 215.163 -306.904
v -303.007 207.047 -306.904
v -273.007 198.167 -306.904
v -243.007 187.002 -306.904
v -213.007 177.682 -306.904
v -183.007 176.466 -306.904
v -153.007 179.411 -306.904
v -123.007 181.700 -306.904
v -93.007 185.204 -306.904
v -63.007 190.635 -306.904
v -33.007 198.191 -306.904
v -3.007 203.396 -306.904
v 26.993 205.662 -306.904
v 56.993 209.979 -306.904
v 86.993 213.811 -306.904
v 116.993 210.989 -306.904
v 146.993 205.867 -306.904
v 176.993 196.601 -306.904
v 206.993 183.342 -306.904
v 236.993 168.983 -306.904
v 266.993 156.420 -306.904
v 296.993 144.658 -306.904
v 326.993 131.738 -306.904
v 356.993 118.765 -306.904
v 386.993 107.056 -306.904
v 416.993 99.157 -306.904
v 446.993 95.846 -306.904
v 476.993 94.514 -306.904
v 506.993 94.250 -306.904
v 536.993 94.651 -306.904
v 566.993 94.355 -306.904
v 596.993 93.866 -306.904
v 626.993 92.779 -306.904
v 656.993 91.330 -306.904
v 686.993 90.559 -306.904
v 716.993 90.960 -306.904
v 746.993 95.953 -306.904
v 776.993 96.444 -306.904
v 806.993 95.119 -306.904
v 836.993 94.707 -306.904
v 866.993 95.429 -306.904
v 896.993 97.646 -306.904
v 926.993 100.271 -306.904
v 956.993 103.874 -306.904
v 986.993 109.092 -306.904
v 1016.993 114.594 -306.904
v 1046.993 119.597 -306.904
v 1076.993 122.479 -306.904
v 1106.993 123.588 -306.904
v 1136.993 125.086 -306.904
v 1166.993 127.374 -306.904
v -813.007 334.051 -336.904
v -783.007 333.519 -336.904
v -753.007 331.710 -336.904
v -723.007 329.659 -336.904
v -693.007 327.529 -336.904
v -663.007 321.409 -336.904
v -633.007 312.576 -336.904
v -603.007 303.805 -336.904
v -573.007 296.417 -336.904
v -543.007 288.905 -336.904
v -513.007 281.605 -336.904
v -483.007 274.475 -336.904
v -453.007 264.783 -336.904
v -423.007 253.077 -336.904
v -393.007 241.422 -336.904
v -363.007 231.361 -336.904
v -333.007 221.707 -336.904
v -303.007 208.197 -336.904
v -273.007 195.260 -336.904
v -243.007 186.122 -336.904
v -213.007 185.644 -336.904
v -183.007 190.097 -336.904
v -153.007 193.902 -336.904
v -123.007 195.335 -336.904
v -93.007 197.322 -336.904
v -63.007 202.204 -336.904
v -33.007 204.689 -336.904
v -3.007 205.054 -336.904
v 26.993 205.991 -336.904
v 56.993 205.722 -336.904
v 86.993 210.853 -336.904
v 116.993 212.812 -336.904
v 146.993 211.013 -336.904
v 176.993 202.682 -336.904
v 206.993 190.174 -336.904
v 236.993 177.676 -336.904
v 266.993 165.198 -336.904
v 296.993 151.006 -336.904
v 326.993 135.621 -336.904
v 356.993 121.662 -336.904
v 386.993 110.510 -336.904
v 416.993 101.879 -336.904
v 446.993 96.368 -336.904
v 476.993 93.786 -336.904
v 506.993 93.623 -336.904
v 536.993 93.406 -336.904
v 566.993 93.138 -336.904
v 596.993 92.957 -336.904
v 626.993 92.688 -336.904
v 656.993 91.379 -336.904
v 686.993 90.477 -336.904
v 716.993 89.403 -336.904
v 746.993 92.636 -336.904
v 776.993 93.054 -336.904
v 806.993 93.648 -336.904
v 836.993 95.302 -336.904
v 866.993 97.637 -336.904
v 896.993 100.780 -336.904
v 926.993 104.228 -336.904
v 956.993 108.336 -336.904
v 986.993 114.410 -336.904
v 1016.993 121.363 -336.904
v 1046.993 125.822 -336.904
v 1076.993 127.979 -336.904
v 1106.993 129.559 -336.904
v 1136.993 132.464 -336.904
v 1166.993 135.633 -336.904
v -813.007 328.961 -366.904
v -783.007 324.566 -366.904
v -753.007 322.040 -366.904
v -723.007 323.208 -366.904
v -693.007 326.266 -366.904
v -663.007 323.514 -366.904
v -633.007 316.849 -366.904
v -603.007 309.233 -366.904
v -573.007 302.092 -366.904
v -543.007 295.504 -366.904
v -513.007 287.781 -366.904
v -483.007 278.699 -366.904
v -453.007 268.743 -366.904
v -423.007 257.123 -366.904
v -393.007 245.740 -366.904
v -363.007 234.676 -366.904
v -333.007 220.705 -366.904
v -303.007 205.754 -366.904
v -273.007 194.703 -366.904
v -243.007 192.165 -366.904
v -213.007 196.241 -366.904
v -183.007 203.644 -366.904
v -153.007 207.803 -366.904
v -123.007 206.342 -366.904
v -93.007 202.022 -366.904
v -63.007 200.536 -366.904
v -33.007 198.981 -366.904
v -3.007 197.142 -366.904
v 26.993 198.701 -366.904
v 56.993 196.323 -366.904
v 86.993 200.600 -366.904
v 116.993 203.909 -366.904
v 146.993 206.905 -366.904
v 176.993 204.756 -366.904
v 206.993 193.726 -366.904
v 236.993 180.673 -366.904
v 266.993 166.838 -366.904
v 296.993 152.553 -366.904
v 326.993 138.381 -366.904
v 356.993 125.807 -366.904
v 386.993 115.023 -366.904
v 416.993 105.680 -366.904
v 446.993 98.166 -366.904
v 476.993 93.935 -366.904
v 506.993 92.884 -366.904
v 536.993 92.841 -366.904
v 566.993 92.103 -366.904
v 596.993 91.871 -366.904
v 626.993 91.887 -366.904
v 656.993 90.848 -366.904
v 686.993 90.162 -366.904
v 716.993 88.500 -366.904
v 746.993 90.665 -366.904
v 776.993 91.948 -366.904
v 806.993 93.661 -366.904
v 836.993 96.985 -366.904
v 866.993 100.974 -366.904
v 896.993 105.549 -366.904
v 926.993 109.848 -366.904
v 956.993 114.045 -366.904
v 986.993 120.099 -366.904
v 1016.993 127.986 -366.904
v 1046.993 132.987 -366.904
v 1076.993 136.117 -366.904
v 1106.993 138.294 -366.904
v 1136.993 141.844 -366.904
v 1166.993 145.619 -366.904
v -813.007 319.174 -396.904
v -783.007 313.969 -396.904
v -753.007 313.855 -396.904
v -723.007 318.861 -396.904
v -693.007 324.758 -396.904
v -663.007 325.303 -396.904
v -633.007 320.747 -396.904
v -603.007 314.616 -396.904
v -573.007 307.736 -396.904
v -543.007 301.242 -396.904
v -513.007 293.058 -396.904
v -483.007 281.749 -396.904
v -453.007 270.549 -396.904
v -423.007 259.036 -396.904
v -393.007 245.660 -396.904
v -363.007 231.052 -396.904
v -333.007 215.932 -396.904
v -303.007 205.384 -396.904
v -273.007 201.593 -396.904
v -243.007 203.475 -396.904
v -213.007 206.996 -396.904
v -183.007 213.888 -396.904
v -153.007 217.123 -396.904
v -123.007 212.074 -396.904
v -93.007 203.579 -396.904
v -63.007 196.423 -396.904
v -33.007 191.334 -396.904
v -3.007 189.114 -396.904
v 26.993 191.693 -396.904
v 56.993 188.599 -396.904
v 86.993 190.328 -396.904
v 116.993 193.381 -396.904
v 146.993 200.333 -396.904
v 176.993 203.997 -396.904
v 206.993 195.295 -396.904
v 236.993 182.770 -396.904
v 266.993 169.660 -396.904
v 296.993 157.659 -396.904
v 326.993 145.141 -396.904
v 356.993 132.212 -396.904
v 386.993 120.606 -396.904
v 416.993 110.370 -396.904
v 446.993 101.840 -396.904
v 476.993 96.356 -396.904
v 506.993 93.199 -396.904
v 536.993 92.641 -396.904
v 566.993 91.986 -396.904
v 596.993 91.371 -396.904
v 626.993 91.159 -396.904
v 656.993 90.586 -396.904
v 686.993 89.813 -396.904
v 716.993 88.209 -396.904
v 746.993 89.866 -396.904
v 776.993 91.415 -396.904
v 806.993 93.697 -396.904
v 836.993 98.040 -396.904
v 866.993 103.911 -396.904
v 896.993 110.916 -396.904
v 926.993 117.637 -396.904
v 956.993 122.262 -396.904
v 986.993 127.348 -396.904
v 1016.993 135.185 -396.904
v 1046.993 142.016 -396.904
v 1076.993 147.753 -396.904
v 1106.993 150.855 -396.904
v 1136.993 153.396 -396.904
v 1166.993 155.979 -396.904
v -813.007 307.412 -426.904
v -783.007 302.579 -426.904
v -753.007 306.453 -426.904
v -723.007 314.678 -426.904
v -693.007 322.126 -426.904
v -663.007 325.782 -426.904
v -633.007 324.474 -426.904
v -603.007 319.130 -426.904
v -573.007 311.494 -426.904
v -543.007 303.728 -426.904
v -513.007 295.505 -426.904
v -483.007 283.289 -426.904
v -453.007 270.826 -426.904
v -423.007 258.299 -426.904
v -393.007 244.378 -426.904
v -363.007 229.493 -426.904
v -333.007 219.766 -426.904
v -303.007 214.712 -426.904
v -273.007 213.815 -426.904
v -243.007 215.142 -426.904
v -213.007 216.018 -426.904
v -183.007 218.474 -426.904
v -153.007 215.663 -426.904
v -123.007 209.751 -426.904
v -93.007 203.873 -426.904
v -63.007 199.169 -426.904
v -33.007 192.594 -426.904
v -3.007 187.244 -426.904
v 26.993 185.069 -426.904
v 56.993 181.830 -426.904
v 86.993 182.213 -426.904
v 116.993 186.831 -426.904
v 146.993 194.490 -426.904
v 176.993 200.347 -426.904
v 206.993 197.938 -426.904
v 236.993 189.529 -426.904
v 266.993 178.850 -426.904
v 296.993 166.825 -426.904
v 326.993 153.244 -426.904
v 356.993 139.483 -426.904
v 386.993 127.305 -426.904
v 416.993 117.437 -426.904
v 446.993 109.498 -426.904
v 476.993 102.362 -426.904
v 506.993 95.865 -426.904
v 536.993 92.538 -426.904
v 566.993 91.832 -426.904
v 596.993 91.051 -426.904
v 626.993 90.956 -426.904
v 656.993 90.919 -426.904
v 686.993 90.108 -426.904
v 716.993 88.361 -426.904
v 746.993 88.758 -426.904
v 776.993 90.813 -426.904
v 806.993 93.267 -426.904
v 836.993 98.718 -426.904
v 866.993 106.525 -426.904
v 896.993 115.373 -426.904
v 926.993 124.768 -426.904
v 956.993 131.240 -426.904
v 986.993 136.285 -426.904
v 1016.993 143.157 -426.904
v 1046.993 150.723 -426.904
v 1076.993 157.656 -426.904
v 1106.993 161.715 -426.904
v 1136.993 163.654 -426.904
v 1166.993 164.625 -426.904
v -813.007 295.069 -456.904
v -783.007 290.938 -456.904
v -753.007 298.071 -456.904
v -723.007 308.598 -456.904
v -693.007 318.346 -456.904
v -663.007 324.862 -456.904
v -633.007 326.168 -456.904
v -603.007 321.065 -456.904
v -573.007 312.061 -456.904
v -543.007 302.091 -456.904
v -513.007 292.725 -456.904
v -483.007 283.335 -456.904
v -453.007 271.704 -456.904
v -423.007 258.963 -456.904
v -393.007 245.436 -456.904
v -363.007 234.218 -456.904
v -333.007 230.979 -456.904
v -303.007 227.069 -456.904
v -273.007 225.122 -456.904
v -243.007 224.231 -456.904
v -213.007 222.417 -456.904
v -183.007 218.718 -456.904
v -153.007 209.449 -456.904
v -123.007 200.846 -456.904
v -93.007 196.715 -456.904
v -63.007 196.352 -456.904
v -33.007 193.211 -456.904
v -3.007 188.667 -456.904
v 26.993 183.804 -456.904
v 56.993 178.929 -456.904
v 86.993 176.743 -456.904
v 116.993 180.500 -456.904
v 146.993 186.221 -456.904
v 176.993 192.438 -456.904
v 206.993 196.050 -456.904
v 236.993 194.897 -456.904
v 266.993 187.247 -456.904
v 296.993 174.266 -456.904
v 326.993 160.213 -456.904
v 356.993 147.252 -456.904
v 386.993 136.323 -456.904
v 416.993 127.811 -456.904
v 446.993 119.607 -456.904
v 476.993 110.168 -456.904
v 506.993 100.579 -456.904
v 536.993 93.648 -456.904
v 566.993 91.405 -456.904
v 596.993 91.123 -456.904
v 626.993 91.373 -456.904
v 656.993 91.052 -456.904
v 686.993 90.369 -456.904
v 716.993 88.558 -456.904
v 746.993 87.824 -456.904
v 776.993 89.885 -456.904
v 806.993 92.703 -456.904
v 836.993 99.391 -456.904
v 866.993 108.670 -456.904
v 896.993 118.194 -456.904
v 926.993 128.564 -456.904
v 956.993 137.794 -456.904
v 986.993 145.178 -456.904
v 1016.993 151.467 -456.904
v 1046.993 157.897 -456.904
v 1076.993 163.632 -456.904
v 1106.993 167.128 -456.904
v 1136.993 169.117 -456.904
v 1166.993 170.072 -456.904
v -813.007 283.973 -486.904
v -783.007 281.715 -486.904
v -753.007 289.580 -486.904
v -723.007 301.258 -486.904
v -693.007 312.660 -486.904
v -663.007 320.991 -486.904
v -633.007 324.117 -486.904
v -603.007 319.229 -486.904
v -573.007 309.332 -486.904
v -543.007 299.024 -486.904
v -513.007 289.469 -486.904
v -483.007 281.258 -486.904
v -453.007 271.250 -486.904
v -423.007 259.490 -486.904
v -393.007 248.568 -486.904
v -363.007 241.596 -486.904
v -333.007 237.636 -486.904
v -303.007 230.876 -486.904
v -273.007 226.227 -486.904
v -243.007 225.389 -486.904
v -213.007 222.076 -486.904
v -183.007 215.083 -486.904
v -153.007 205.467 -486.904
v -123.007 195.035 -486.904
v -93.007 188.269 -486.904
v -63.007 186.834 -486.904
v -33.007 185.676 -486.904
v -3.007 183.587 -486.904
v 26.993 180.085 -486.904
v 56.993 176.233 -486.904
v 86.993 174.146 -486.904
v 116.993 174.537 -486.904
v 146.993 176.186 -486.904
v 176.993 181.054 -486.904
v 206.993 188.038 -486.904
v 236.993 192.832 -486.904
v 266.993 190.182 -486.904
v 296.993 179.917 -486.904
v 326.993 167.922 -486.904
v 356.993 157.359 -486.904
v 386.993 148.172 -486.904
v 416.993 140.062 -486.904
v 446.993 129.953 -486.904
v 476.993 118.469 -486.904
v 506.993 106.725 -486.904
v 536.993 96.496 -486.904
v 566.993 91.522 -486.904
v 596.993 90.961 -486.904
v 626.993 91.325 -486.904
v 656.993 90.703 -486.904
v 686.993 89.613 -486.904
v 716.993 88.218 -486.904
v 746.993 87.756 -486.904
v 776.993 88.375 -486.904
v 806.993 91.521 -486.904
v 836.993 98.669 -486.904
v 866.993 109.547 -486.904
v 896.993 120.536 -486.904
v 926.993 131.166 -486.904
v 956.993 141.538 -486.904
v 986.993 150.537 -486.904
v 1016.993 157.361 -486.904
v 1046.993 162.732 -486.904
v 1076.993 165.984 -486.904
v 1106.993 166.811 -486.904
v 1136.993 168.257 -486.904
v 1166.993 170.053 -486.904
v -813.007 273.241 -516.904
v -783.007 272.555 -516.904
v -753.007 280.804 -516.904
v -723.007 292.973 -516.904
v -693.007 304.860 -516.904
v -663.007 315.311 -516.904
v -633.007 321.026 -516.904
v -603.007 317.203 -516.904
v -573.007 307.494 -516.904
v -543.007 297.623 -516.904
v -513.007 289.362 -516.904
v -483.007 282.001 -516.904
v -453.007 274.073 -516.904
v -423.007 263.197 -516.904
v -393.007 253.383 -516.904
v -363.007 244.793 -516.904
v -333.007 235.463 -516.904
v -303.007 225.272 -516.904
v -273.007 218.165 -516.904
v -243.007 217.562 -516.904
v -213.007 214.771 -516.904
v -183.007 206.741 -516.904
v -153.007 198.473 -516.904
v -123.007 189.948 -516.904
v -93.007 186.335 -516.904
v -63.007 186.299 -516.904
v -33.007 184.339 -516.904
v -3.007 182.911 -516.904
v 26.993 181.339 -516.904
v 56.993 180.294 -516.904
v 86.993 178.931 -516.904
v 116.993 177.723 -516.904
v 146.993 174.214 -516.904
v 176.993 171.936 -516.904
v 206.993 178.486 -516.904
v 236.993 185.213 -516.904
v 266.993 186.760 -516.904
v 296.993 183.173 -516.904
v 326.993 176.639 -516.904
v 356.993 169.530 -516.904
v 386.993 161.660 -516.904
v 416.993 152.744 -516.904
v 446.993 140.430 -516.904
v 476.993 126.649 -516.904
v 506.993 112.748 -516.904
v 536.993 99.890 -516.904
v 566.993 92.061 -516.904
v 596.993 90.407 -516.904
v 626.993 90.422 -516.904
v 656.993 89.763 -516.904
v 686.993 88.609 -516.904
v 716.993 87.688 -516.904
v 746.993 87.692 -516.904
v 776.993 87.446 -516.904
v 806.993 89.673 -516.904
v 836.993 96.235 -516.904
v 866.993 108.474 -516.904
v 896.993 121.508 -516.904
v 926.993 132.805 -516.904
v 956.993 141.473 -516.904
v 986.993 148.755 -516.904
v 1016.993 156.171 -516.904
v 1046.993 162.210 -516.904
v 1076.993 163.484 -516.904
v 1106.993 161.111 -516.904
v 1136.993 161.182 -516.904
v 1166.993 163.351 -516.904
v -813.007 264.375 -546.904
v -783.007 265.686 -546.904
v -753.007 274.117 -546.904
v -723.007 285.323 -546.904
v -693.007 296.870 -546.904
v -663.007 308.470 -546.904
v -633.007 316.830 -546.904
v -603.007 316.590 -546.904
v -573.007 307.863 -546.904
v -543.007 298.742 -546.904
v -513.007 291.015 -546.904
v -483.007 283.800 -546.904
v -453.007 275.692 -546.904
v -423.007 264.500 -546.904
v -393.007 253.589 -546.904
v -363.007 241.106 -546.904
v -333.007 228.467 -546.904
v -303.007 217.684 -546.904
v -273.007 209.380 -546.904
v -243.007 206.572 -546.904
v -213.007 204.733 -546.904
v -183.007 198.764 -546.904
v -153.007 192.004 -546.904
v -123.007 189.510 -546.904
v -93.007 192.160 -546.904
v -63.007 195.293 -546.904
v -33.007 193.217 -546.904
v -3.007 191.501 -546.904
v 26.993 190.876 -546.904
v 56.993 190.646 -546.904
v 86.993 188.775 -546.904
v 116.993 187.315 -546.904
v 146.993 179.843 -546.904
v 176.993 169.930 -546.904
v 206.993 169.672 -546.904
v 236.993 174.093 -546.904
v 266.993 176.282 -546.904
v 296.993 177.898 -546.904
v 326.993 179.155 -546.904
v 356.993 177.627 -546.904
v 386.993 170.997 -546.904
v 416.993 160.549 -546.904
v 446.993 146.584 -546.904
v 476.993 131.110 -546.904
v 506.993 116.063 -546.904
v 536.993 102.211 -546.904
v 566.993 92.423 -546.904
v 596.993 89.879 -546.904
v 626.993 89.142 -546.904
v 656.993 88.651 -546.904
v 686.993 88.200 -546.904
v 716.993 87.493 -546.904
v 746.993 87.402 -546.904
v 776.993 86.997 -546.904
v 806.993 88.391 -546.904
v 836.993 94.729 -546.904
v 866.993 106.342 -546.904
v 896.993 119.498 -546.904
v 926.993 129.487 -546.904
v 956.993 135.627 -546.904
v 986.993 141.209 -546.904
v 1016.993 149.366 -546.904
v 1046.993 156.380 -546.904
v 1076.993 157.609 -546.904
v 1106.993 154.237 -546.904
v 1136.993 153.331 -546.904
v 1166.993 154.629 -546.904
v -813.007 256.612 -576.904
v -783.007 260.788 -576.904
v -753.007 269.154 -576.904
v -723.007 279.693 -576.904
v -693.007 290.795 -576.904
v -663.007 302.567 -576.904
v -633.007 312.271 -576.904
v -603.007 315.100 -576.904
v -573.007 309.260 -576.904
v -543.007 301.705 -576.904
v -513.007 294.233 -576.904
v -483.007 284.234 -576.904
v -453.007 274.080 -576.904
v -423.007 262.562 -576.904
v -393.007 250.239 -576.904
v -363.007 236.264 -576.904
v -333.007 223.140 -576.904
v -303.007 211.926 -576.904
v -273.007 203.126 -576.904
v -243.007 199.007 -576.904
v -213.007 197.149 -576.904
v -183.007 193.479 -576.904
v -153.007 192.053 -576.904
v -123.007 196.039 -576.904
v -93.007 201.916 -576.904
v -63.007 206.766 -576.904
v -33.007 205.417 -576.904
v -3.007 202.649 -576.904
v 26.993 201.856 -576.904
v 56.993 200.847 -576.904
v 86.993 198.010 -576.904
v 116.993 193.995 -576.904
v 146.993 183.657 -576.904
v 176.993 171.118 -576.904
v 206.993 165.482 -576.904
v 236.993 164.980 -576.904
v 266.993 163.806 -576.904
v 296.993 165.430 -576.904
v 326.993 171.630 -576.904
v 356.993 175.300 -576.904
v 386.993 170.629 -576.904
v 416.993 158.924 -576.904
v 446.993 144.512 -576.904
v 476.993 129.433 -576.904
v 506.993 115.216 -576.904
v 536.993 102.237 -576.904
v 566.993 92.391 -576.904
v 596.993 89.091 -576.904
v 626.993 88.092 -576.904
v 656.993 87.913 -576.904
v 686.993 87.933 -576.904
v 716.993 87.400 -576.904
v 746.993 87.275 -576.904
v 776.993 86.591 -576.904
v 806.993 87.302 -576.904
v 836.993 94.277 -576.904
v 866.993 105.407 -576.904
v 896.993 116.106 -576.904
v 926.993 122.587 -576.904
v 956.993 127.397 -576.904
v 986.993 134.078 -576.904
v 1016.993 143.961 -576.904
v 1046.993 151.657 -576.904
v 1076.993 152.270 -576.904
v 1106.993 148.644 -576.904
v 1136.993 146.776 -576.904
v 1166.993 147.926 -576.904
v -813.007 251.934 -606.904
v -783.007 258.285 -606.904
v -753.007 267.376 -606.904
v -723.007 277.491 -606.904
v -693.007 287.045 -606.904
v -663.007 296.871 -606.904
v -633.007 304.756 -606.904
v -603.007 307.562 -606.904
v -573.007 305.464 -606.904
v -543.007 300.620 -606.904
v -513.007 293.850 -606.904
v -483.007 283.051 -606.904
v -453.007 271.954 -606.904
v -423.007 260.840 -606.904
v -393.007 248.483 -606.904
v -363.007 234.878 -606.904
v -333.007 221.449 -606.904
v -303.007 209.485 -606.904
v -273.007 202.590 -606.904
v -243.007 202.270 -606.904
v -213.007 199.631 -606.904
v -183.007 195.581 -606.904
v -153.007 197.722 -606.904
v -123.007 204.700 -606.904
v -93.007 212.901 -606.904
v -63.007 217.501 -606.904
v -33.007 215.355 -606.904
v -3.007 210.378 -606.904
v 26.993 207.613 -606.904
v 56.993 205.467 -606.904
v 86.993 200.570 -606.904
v 116.993 192.587 -606.904
v 146.993 181.571 -606.904
v 176.993 172.087 -606.904
v 206.993 169.852 -606.904
v 236.993 167.145 -606.904
v 266.993 160.719 -606.904
v 296.993 156.180 -606.904
v 326.993 160.022 -606.904
v 356.993 165.749 -606.904
v 386.993 164.929 -606.904
v 416.993 153.978 -606.904
v 446.993 139.565 -606.904
v 476.993 125.367 -606.904
v 506.993 111.874 -606.904
v 536.993 100.185 -606.904
v 566.993 91.747 -606.904
v 596.993 88.212 -606.904
v 626.993 87.624 -606.904
v 656.993 87.520 -606.904
v 686.993 87.600 -606.904
v 716.993 87.341 -606.904
v 746.993 87.247 -606.904
v 776.993 86.701 -606.904
v 806.993 86.354 -606.904
v 836.993 92.526 -606.904
v 866.993 103.012 -606.904
v 896.993 110.897 -606.904
v 926.993 114.714 -606.904
v 956.993 120.456 -606.904
v 986.993 129.490 -606.904
v 1016.993 140.223 -606.904
v 1046.993 147.902 -606.904
v 1076.993 147.921 -606.904
v 1106.993 143.649 -606.904
v 1136.993 140.704 -606.904
v 1166.993 141.430 -606.904
v -813.007 250.351 -636.904
v -783.007 256.961 -636.904
v -753.007 266.956 -636.904
v -723.007 276.944 -636.904
v -693.007 284.041 -636.904
v -663.007 288.918 -636.904
v -633.007 292.513 -636.904
v -603.007 295.002 -636.904
v -573.007 295.612 -636.904
v -543.007 293.301 -636.904
v -513.007 286.968 -636.904
v -483.007 277.030 -636.904
v -453.007 267.677 -636.904
v -423.007 257.852 -636.904
v -393.007 245.874 -636.904
v -363.007 232.365 -636.904
v -333.007 219.121 -636.904
v -303.007 209.337 -636.904
v -273.007 208.205 -636.904
v -243.007 212.040 -636.904
v -213.007 207.196 -636.904
v -183.007 204.149 -636.904
v -153.007 205.934 -636.904
v -123.007 211.538 -636.904
v -93.007 220.716 -636.904
v -63.007 222.117 -636.904
v -33.007 216.610 -636.904
v -3.007 208.722 -636.904
v 26.993 203.352 -636.904
v 56.993 200.365 -636.904
v 86.993 194.153 -636.904
v 116.993 185.312 -636.904
v 146.993 178.089 -636.904
v 176.993 176.384 -636.904
v 206.993 179.961 -636.904
v 236.993 177.308 -636.904
v 266.993 166.686 -636.904
v 296.993 154.187 -636.904
v 326.993 149.236 -636.904
v 356.993 154.840 -636.904
v 386.993 158.808 -636.904
v 416.993 150.882 -636.904
v 446.993 136.880 -636.904
v 476.993 122.877 -636.904
v 506.993 109.353 -636.904
v 536.993 97.899 -636.904
v 566.993 90.627 -636.904
v 596.993 87.599 -636.904
v 626.993 87.331 -636.904
v 656.993 87.192 -636.904
v 686.993 87.184 -636.904
v 716.993 87.117 -636.904
v 746.993 86.872 -636.904
v 776.993 86.597 -636.904
v 806.993 85.446 -636.904
v 836.993 89.528 -636.904
v 866.993 98.637 -636.904
v 896.993 104.037 -636.904
v 926.993 108.113 -636.904
v 956.993 116.059 -636.904
v 986.993 125.793 -636.904
v 1016.993 135.988 -636.904
v 1046.993 143.803 -636.904
v 1076.993 144.543 -636.904
v 1106.993 139.370 -636.904
v 1136.993 134.508 -636.904
v 1166.993 134.558 -636.904
v -813.007 249.461 -666.904
v -783.007 256.570 -666.904
v -753.007 266.462 -666.904
v -723.007 274.661 -666.904
v -693.007 277.476 -666.904
v -663.007 277.636 -666.904
v -633.007 279.946 -666.904
v -603.007 283.913 -666.904
v -573.007 284.565 -666.904
v -543.007 283.792 -666.904
v -513.007 279.827 -666.904
v -483.007 271.372 -666.904
v -453.007 262.723 -666.904
v -423.007 251.455 -666.904
v -393.007 239.551 -666.904
v -363.007 227.258 -666.904
v -333.007 216.566 -666.904
v -303.007 212.937 -666.904
v -273.007 216.871 -666.904
v -243.007 221.167 -666.904
v -213.007 215.021 -666.904
v -183.007 214.600 -666.904
v -153.007 216.222 -666.904
v -123.007 218.120 -666.904
v -93.007 222.320 -666.904
v -63.007 217.280 -666.904
v -33.007 209.695 -666.904
v -3.007 201.482 -666.904
v 26.993 194.558 -666.904
v 56.993 191.229 -666.904
v 86.993 186.982 -666.904
v 116.993 182.270 -666.904
v 146.993 181.213 -666.904
v 176.993 184.014 -666.904
v 206.993 188.589 -666.904
v 236.993 182.930 -666.904
v 266.993 169.220 -666.904
v 296.993 153.488 -666.904
v 326.993 140.747 -666.904
v 356.993 143.114 -666.904
v 386.993 150.283 -666.904
v 416.993 146.630 -666.904
v 446.993 133.986 -666.904
v 476.993 120.020 -666.904
v 506.993 107.060 -666.904
v 536.993 96.106 -666.904
v 566.993 89.186 -666.904
v 596.993 86.985 -666.904
v 626.993 87.075 -666.904
v 656.993 86.888 -666.904
v 686.993 86.651 -666.904
v 716.993 86.797 -666.904
v 746.993 86.511 -666.904
v 776.993 86.534 -666.904
v 806.993 84.980 -666.904
v 836.993 86.707 -666.904
v 866.993 93.364 -666.904
v 896.993 97.098 -666.904
v 926.993 103.741 -666.904
v 956.993 112.820 -666.904
v 986.993 121.879 -666.904
v 1016.993 131.065 -666.904
v 1046.993 138.922 -666.904
v 1076.993 141.248 -666.904
v 1106.993 136.467 -666.904
v 1136.993 129.795 -666.904
v 1166.993 127.484 -666.904
v -813.007 248.430 -696.904
v -783.007 256.028 -696.904
v -753.007 264.033 -696.904
v -723.007 267.340 -696.904
v -693.007 266.722 -696.904
v -663.007 266.502 -696.904
v -633.007 271.475 -696.904
v -603.007 275.804 -696.904
v -573.007 274.890 -696.904
v -543.007 275.040 -696.904
v -513.007 275.022 -696.904
v -483.007 269.996 -696.904
v -453.007 260.894 -696.904
v -423.007 247.769 -696.904
v -393.007 235.388 -696.904
v -363.007 226.182 -696.904
v -333.007 220.509 -696.904
v -303.007 221.539 -696.904
v -273.007 226.443 -696.904
v -243.007 229.614 -696.904
v -213.007 224.274 -696.904
v -183.007 225.289 -696.904
v -153.007 227.807 -696.904
v -123.007 226.027 -696.904
v -93.007 221.098 -696.904
v -63.007 210.704 -696.904
v -33.007 202.975 -696.904
v -3.007 196.853 -696.904
v 26.993 191.810 -696.904
v 56.993 190.225 -696.904
v 86.993 189.188 -696.904
v 116.993 188.411 -696.904
v 146.993 190.624 -696.904
v 176.993 191.480 -696.904
v 206.993 191.073 -696.904
v 236.993 180.956 -696.904
v 266.993 166.016 -696.904
v 296.993 149.678 -696.904
v 326.993 134.995 -696.904
v 356.993 133.011 -696.904
v 386.993 141.304 -696.904
v 416.993 142.154 -696.904
v 446.993 130.917 -696.904
v 476.993 117.068 -696.904
v 506.993 104.467 -696.904
v 536.993 94.341 -696.904
v 566.993 88.236 -696.904
v 596.993 86.430 -696.904
v 626.993 86.524 -696.904
v 656.993 86.405 -696.904
v 686.993 86.154 -696.904
v 716.993 86.334 -696.904
v 746.993 86.117 -696.904
v 776.993 86.047 -696.904
v 806.993 84.869 -696.904
v 836.993 84.815 -696.904
v 866.993 89.019 -696.904
v 896.993 93.512 -696.904
v 926.993 101.465 -696.904
v 956.993 110.028 -696.904
v 986.993 118.271 -696.904
v 1016.993 126.418 -696.904
v 1046.993 133.441 -696.904
v 1076.993 136.965 -696.904
v 1106.993 133.310 -696.904
v 1136.993 126.642 -696.904
v 1166.993 122.052 -696.904
v -813.007 243.726 -726.904
v -783.007 250.557 -726.904
v -753.007 255.337 -726.904
v -723.007 255.632 -726.904
v -693.007 255.156 -726.904
v -663.007 257.385 -726.904
v -633.007 264.316 -726.904
v -603.007 266.421 -726.904
v -573.007 264.967 -726.904
v -543.007 267.127 -726.904
v -513.007 270.762 -726.904
v -483.007 270.063 -726.904
v -453.007 261.050 -726.904
v -423.007 248.895 -726.904
v -393.007 238.899 -726.904
v -363.007 233.781 -726.904
v -333.007 230.943 -726.904
v -303.007 233.199 -726.904
v -273.007 236.873 -726.904
v -243.007 237.837 -726.904
v -213.007 233.062 -726.904
v -183.007 232.975 -726.904
v -153.007 233.680 -726.904
v -123.007 229.240 -726.904
v -93.007 220.172 -726.904
v -63.007 211.037 -726.904
v -33.007 203.797 -726.904
v -3.007 198.609 -726.904
v 26.993 196.299 -726.904
v 56.993 197.484 -726.904
v 86.993 198.340 -726.904
v 116.993 197.439 -726.904
v 146.993 197.990 -726.904
v 176.993 194.778 -726.904
v 206.993 187.472 -726.904
v 236.993 175.056 -726.904
v 266.993 160.649 -726.904
v 296.993 145.007 -726.904
v 326.993 130.640 -726.904
v 356.993 125.630 -726.904
v 386.993 134.289 -726.904
v 416.993 139.488 -726.904
v 446.993 129.956 -726.904
v 476.993 116.003 -726.904
v 506.993 103.228 -726.904
v 536.993 92.947 -726.904
v 566.993 87.439 -726.904
v 596.993 86.145 -726.904
v 626.993 85.938 -726.904
v 656.993 85.877 -726.904
v 686.993 85.766 -726.904
v 716.993 85.940 -726.904
v 746.993 85.663 -726.904
v 776.993 85.393 -726.904
v 806.993 84.838 -726.904
v 836.993 83.865 -726.904
v 866.993 86.972 -726.904
v 896.993 93.492 -726.904
v 926.993 101.612 -726.904
v 956.993 109.502 -726.904
v 986.993 116.529 -726.904
v 1016.993 122.151 -726.904
v 1046.993 126.589 -726.904
v 1076.993 131.116 -726.904
v 1106.993 131.339 -726.904
v 1136.993 125.251 -726.904
v 1166.993 118.033 -726.904
v -813.007 235.226 -756.904
v -783.007 240.603 -756.904
v -753.007 242.923 -756.904
v -723.007 243.124 -756.904
v -693.007 245.432 -756.904
v -663.007 250.850 -756.904
v -633.007 255.809 -756.904
v -603.007 255.386 -756.904
v -573.007 255.860 -756.904
v -543.007 261.048 -756.904
v -513.007 267.117 -756.904
v -483.007 269.435 -756.904
v -453.007 261.336 -756.904
v -423.007 251.727 -756.904
v -393.007 245.721 -756.904
v -363.007 242.746 -756.904
v -333.007 241.034 -756.904
v -303.007 242.978 -756.904
v -273.007 243.197 -756.904
v -243.007 239.788 -756.904
v -213.007 232.998 -756.904
v -183.007 229.416 -756.904
v -153.007 226.419 -756.904
v -123.007 221.979 -756.904
v -93.007 215.046 -756.904
v -63.007 212.021 -756.904
v -33.007 207.866 -756.904
v -3.007 203.115 -756.904
v 26.993 198.350 -756.904
v 56.993 198.748 -756.904
v 86.993 200.366 -756.904
v 116.993 199.079 -756.904
v 146.993 196.718 -756.904
v 176.993 189.801 -756.904
v 206.993 179.719 -756.904
v 236.993 167.370 -756.904
v 266.993 153.424 -756.904
v 296.993 139.148 -756.904
v 326.993 126.319 -756.904
v 356.993 120.142 -756.904
v 386.993 128.305 -756.904
v 416.993 135.503 -756.904
v 446.993 126.898 -756.904
v 476.993 114.207 -756.904
v 506.993 102.257 -756.904
v 536.993 92.520 -756.904
v 566.993 86.827 -756.904
v 596.993 85.985 -756.904
v 626.993 85.583 -756.904
v 656.993 85.378 -756.904
v 686.993 85.488 -756.904
v 716.993 85.577 -756.904
v 746.993 85.722 -756.904
v 776.993 85.408 -756.904
v 806.993 84.767 -756.904
v 836.993 83.942 -756.904
v 866.993 85.261 -756.904
v 896.993 91.354 -756.904
v 926.993 98.616 -756.904
v 956.993 104.539 -756.904
v 986.993 109.697 -756.904
v 1016.993 113.556 -756.904
v 1046.993 117.899 -756.904
v 1076.993 124.299 -756.904
v 1106.993 128.930 -756.904
v 1136.993 125.052 -756.904
v 1166.993 117.143 -756.904
v -813.007 224.550 -786.904
v -783.007 229.196 -786.904
v -753.007 230.702 -786.904
v -723.007 233.173 -786.904
v -693.007 238.992 -786.904
v -663.007 244.967 -786.904
v -633.007 245.792 -786.904
v -603.007 245.843 -786.904
v -573.007 250.021 -786.904
v -543.007 255.061 -786.904
v -513.007 260.113 -786.904
v -483.007 263.134 -786.904
v -453.007 257.171 -786.904
v -423.007 249.142 -786.904
v -393.007 244.493 -786.904
v -363.007 241.094 -786.904
v -333.007 241.901 -786.904
v -303.007 242.771 -786.904
v -273.007 238.225 -786.904
v -243.007 232.260 -786.904
v -213.007 223.314 -786.904
v -183.007 215.837 -786.904
v -153.007 211.299 -786.904
v -123.007 208.871 -786.904
v -93.007 203.528 -786.904
v -63.007 204.533 -786.904
v -33.007 202.804 -786.904
v -3.007 199.115 -786.904
v 26.993 192.195 -786.904
v 56.993 189.105 -786.904
v 86.993 190.925 -786.904
v 116.993 189.597 -786.904
v 146.993 186.616 -786.904
v 176.993 182.592 -786.904
v 206.993 172.227 -786.904
v 236.993 159.386 -786.904
v 266.993 145.644 -786.904
v 296.993 132.237 -786.904
v 326.993 119.789 -786.904
v 356.993 114.808 -786.904
v 386.993 124.084 -786.904
v 416.993 130.332 -786.904
v 446.993 121.806 -786.904
v 476.993 109.872 -786.904
v 506.993 99.256 -786.904
v 536.993 91.151 -786.904
v 566.993 86.499 -786.904
v 596.993 85.781 -786.904
v 626.993 85.426 -786.904
v 656.993 85.080 -786.904
v 686.993 85.108 -786.904
v 716.993 85.048 -786.904
v 746.993 85.216 -786.904
v 776.993 85.405 -786.904
v 806.993 84.950 -786.904
v 836.993 84.299 -786.904
v 866.993 83.419 -786.904
v 896.993 86.826 -786.904
v 926.993 92.056 -786.904
v 956.993 97.009 -786.904
v 986.993 100.723 -786.904
v 1016.993 103.501 -786.904
v 1046.993 109.621 -786.904
v 1076.993 117.569 -786.904
v 1106.993 125.299 -786.904
v 1136.993 124.862 -786.904
v 1166.993 117.806 -786.904
v -813.007 212.754 -816.904
v -783.007 216.904 -816.904
v -753.007 219.694 -816.904
v -723.007 226.251 -816.904
v -693.007 233.718 -816.904
v -663.007 236.764 -816.904
v -633.007 235.483 -816.904
v -603.007 238.905 -816.904
v -573.007 244.517 -816.904
v -543.007 245.143 -816.904
v -513.007 247.706 -816.904
v -483.007 251.591 -816.904
v -453.007 247.423 -816.904
v -423.007 239.494 -816.904
v -393.007 234.153 -816.904
v -363.007 229.749 -816.904
v -333.007 232.103 -816.904
v -303.007 233.216 -816.904
v -273.007 226.181 -816.904
v -243.007 220.436 -816.904
v -213.007 214.081 -816.904
v -183.007 204.892 -816.904
v -153.007 198.454 -816.904
v -123.007 196.456 -816.904
v -93.007 192.181 -816.904
v -63.007 193.219 -816.904
v -33.007 191.355 -816.904
v -3.007 189.522 -816.904
v 26.993 185.470 -816.904
v 56.993 178.344 -816.904
v 86.993 179.421 -816.904
v 116.993 177.814 -816.904
v 146.993 175.765 -816.904
v 176.993 176.392 -816.904
v 206.993 166.711 -816.904
v 236.993 152.929 -816.904
v 266.993 138.827 -816.904
v 296.993 125.959 -816.904
v 326.993 114.181 -816.904
v 356.993 109.642 -816.904
v 386.993 118.834 -816.904
v 416.993 124.840 -816.904
v 446.993 116.821 -816.904
v 476.993 105.285 -816.904
v 506.993 95.845 -816.904
v 536.993 89.451 -816.904
v 566.993 86.499 -816.904
v 596.993 85.766 -816.904
v 626.993 85.302 -816.904
v 656.993 84.912 -816.904
v 686.993 84.898 -816.904
v 716.993 84.860 -816.904
v 746.993 85.209 -816.904
v 776.993 85.196 -816.904
v 806.993 84.511 -816.904
v 836.993 84.019 -816.904
v 866.993 83.442 -816.904
v 896.993 83.067 -816.904
v 926.993 85.871 -816.904
v 956.993 89.427 -816.904
v 986.993 92.505 -816.904
v 1016.993 96.843 -816.904
v 1046.993 103.920 -816.904
v 1076.993 111.620 -816.904
v 1106.993 119.592 -816.904
v 1136.993 124.495 -816.904
v 1166.993 119.568 -816.904
v -813.007 206.618 -846.904
v -783.007 206.506 -846.904
v -753.007 209.679 -846.904
v -723.007 219.068 -846.904
v -693.007 226.080 -846.904
v -663.007 226.226 -846.904
v -633.007 226.407 -846.904
v -603.007 233.581 -846.904
v -573.007 236.578 -846.904
v -543.007 232.792 -846.904
v -513.007 235.310 -846.904
v -483.007 241.187 -846.904
v -453.007 237.200 -846.904
v -423.007 229.450 -846.904
v -393.007 222.900 -846.904
v -363.007 217.642 -846.904
v -333.007 220.566 -846.904
v -303.007 222.632 -846.904
v -273.007 216.125 -846.904
v -243.007 208.329 -846.904
v -213.007 204.338 -846.904
v -183.007 197.999 -846.904
v -153.007 189.720 -846.904
v -123.007 185.348 -846.904
v -93.007 182.250 -846.904
v -63.007 184.183 -846.904
v -33.007 182.035 -846.904
v -3.007 180.740 -846.904
v 26.993 180.500 -846.904
v 56.993 172.055 -846.904
v 86.993 169.112 -846.904
v 116.993 166.271 -846.904
v 146.993 165.806 -846.904
v 176.993 167.995 -846.904
v 206.993 160.826 -846.904
v 236.993 147.787 -846.904
v 266.993 134.064 -846.904
v 296.993 120.978 -846.904
v 326.993 109.896 -846.904
v 356.993 104.381 -846.904
v 386.993 111.988 -846.904
v 416.993 119.130 -846.904
v 446.993 112.757 -846.904
v 476.993 101.955 -846.904
v 506.993 93.644 -846.904
v 536.993 88.104 -846.904
v 566.993 86.314 -846.904
v 596.993 85.724 -846.904
v 626.993 85.245 -846.904
v 656.993 85.025 -846.904
v 686.993 85.004 -846.904
v 716.993 85.487 -846.904
v 746.993 85.361 -846.904
v 776.993 84.217 -846.904
v 806.993 83.774 -846.904
v 836.993 83.445 -846.904
v 866.993 83.388 -846.904
v 896.993 82.475 -846.904
v 926.993 83.418 -846.904
v 956.993 84.659 -846.904
v 986.993 86.418 -846.904
v 1016.993 92.109 -846.904
v 1046.993 98.136 -846.904
v 1076.993 104.219 -846.904
v 1106.993 112.594 -846.904
v 1136.993 120.387 -846.904
v 1166.993 119.962 -846.904
v -813.007 209.713 -876.904
v -783.007 203.640 -876.904
v -753.007 202.378 -876.904
v -723.007 209.813 -876.904
v -693.007 216.122 -876.904
v -663.007 215.806 -876.904
v -633.007 219.850 -876.904
v -603.007 229.035 -876.904
v -573.007 228.343 -876.904
v -543.007 222.401 -876.904
v -513.007 225.919 -876.904
v -483.007 232.305 -876.904
v -453.007 227.975 -876.904
v -423.007 220.027 -876.904
v -393.007 212.756 -876.904
v -363.007 207.394 -876.904
v -333.007 211.052 -876.904
v -303.007 212.213 -876.904
v -273.007 208.432 -876.904
v -243.007 200.278 -876.904
v -213.007 192.936 -876.904
v -183.007 190.445 -876.904
v -153.007 185.673 -876.904
v -123.007 178.018 -876.904
v -93.007 173.753 -876.904
v -63.007 177.712 -876.904
v -33.007 176.005 -876.904
v -3.007 174.147 -876.904
v 26.993 176.233 -876.904
v 56.993 169.362 -876.904
v 86.993 161.420 -876.904
v 116.993 155.761 -876.904
v 146.993 154.750 -876.904
v 176.993 155.466 -876.904
v 206.993 150.524 -876.904
v 236.993 139.887 -876.904
v 266.993 128.210 -876.904
v 296.993 116.177 -876.904
v 326.993 105.185 -876.904
v 356.993 99.684 -876.904
v 386.993 104.756 -876.904
v 416.993 109.793 -876.904
v 446.993 105.236 -876.904
v 476.993 97.557 -876.904
v 506.993 91.164 -876.904
v 536.993 87.192 -876.904
v 566.993 86.192 -876.904
v 596.993 85.792 -876.904
v 626.993 85.200 -876.904
v 656.993 85.273 -876.904
v 686.993 85.576 -876.904
v 716.993 84.655 -876.904
v 746.993 84.205 -876.904
v 776.993 84.367 -876.904
v 806.993 83.592 -876.904
v 836.993 83.167 -876.904
v 866.993 83.022 -876.904
v 896.993 82.261 -876.904
v 926.993 82.230 -876.904
v 956.993 83.210 -876.904
v 986.993 84.092 -876.904
v 1016.993 86.865 -876.904
v 1046.993 91.899 -876.904
v 1076.993 97.938 -876.904
v 1106.993 106.121 -876.904
v 1136.993 114.337 -876.904
v 1166.993 116.194 -876.904
v -813.007 215.872 -906.904
v -783.007 206.762 -906.904
v -753.007 199.392 -906.904
v -723.007 201.701 -906.904
v -693.007 206.992 -906.904
v -663.007 208.067 -906.904
v -633.007 216.262 -906.904
v -603.007 224.996 -906.904
v -573.007 221.186 -906.904
v -543.007 214.421 -906.904
v -513.007 218.446 -906.904
v -483.007 225.386 -906.904
v -453.007 221.363 -906.904
v -423.007 211.983 -906.904
v -393.007 204.308 -906.904
v -363.007 199.265 -906.904
v -333.007 203.462 -906.904
v -303.007 203.383 -906.904
v -273.007 200.087 -906.904
v -243.007 195.816 -906.904
v -213.007 185.624 -906.904
v -183.007 181.235 -906.904
v -153.007 182.767 -906.904
v -123.007 176.359 -906.904
v -93.007 167.771 -906.904
v -63.007 171.262 -906.904
v -33.007 171.309 -906.904
v -3.007 168.741 -906.904
v 26.993 173.950 -906.904
v 56.993 171.840 -906.904
v 86.993 161.880 -906.904
v 116.993 151.016 -906.904
v 146.993 144.133 -906.904
v 176.993 142.427 -906.904
v 206.993 138.582 -906.904
v 236.993 130.480 -906.904
v 266.993 120.811 -906.904
v 296.993 109.974 -906.904
v 326.993 101.128 -906.904
v 356.993 96.212 -906.904
v 386.993 98.017 -906.904
v 416.993 98.448 -906.904
v 446.993 94.843 -906.904
v 476.993 91.204 -906.904
v 506.993 88.115 -906.904
v 536.993 86.463 -906.904
v 566.993 86.172 -906.904
v 596.993 86.000 -906.904
v 626.993 85.924 -906.904
v 656.993 85.603 -906.904
v 686.993 85.438 -906.904
v 716.993 84.711 -906.904
v 746.993 83.739 -906.904
v 776.993 83.187 -906.904
v 806.993 82.735 -906.904
v 836.993 82.694 -906.904
v 866.993 82.293 -906.904
v 896.993 82.367 -906.904
v 926.993 81.327 -906.904
v 956.993 81.248 -906.904
v 986.993 81.780 -906.904
v 1016.993 83.740 -906.904
v 1046.993 87.675 -906.904
v 1076.993 93.109 -906.904
v 1106.993 100.241 -906.904
v 1136.993 107.751 -906.904
v 1166.993 111.515 -906.904
v -813.007 219.645 -936.904
v -783.007 209.329 -936.904
v -753.007 198.986 -936.904
v -723.007 197.069 -936.904
v -693.007 200.473 -936.904
v -663.007 202.796 -936.904
v -633.007 212.691 -936.904
v -603.007 220.678 -936.904
v -573.007 215.174 -936.904
v -543.007 208.290 -936.904
v -513.007 213.186 -936.904
v -483.007 221.666 -936.904
v -453.007 217.630 -936.904
v -423.007 206.809 -936.904
v -393.007 197.523 -936.904
v -363.007 193.162 -936.904
v -333.007 198.678 -936.904
v -303.007 198.964 -936.904
v -273.007 191.784 -936.904
v -243.007 188.490 -936.904
v -213.007 181.304 -936.904
v -183.007 173.572 -936.904
v -153.007 175.811 -936.904
v -123.007 173.872 -936.904
v -93.007 163.831 -936.904
v -63.007 163.196 -936.904
v -33.007 164.877 -936.904
v -3.007 162.281 -936.904
v 26.993 165.938 -936.904
v 56.993 166.116 -936.904
v 86.993 159.906 -936.904
v 116.993 149.860 -936.904
v 146.993 138.478 -936.904
v 176.993 130.975 -936.904
v 206.993 125.999 -936.904
v 236.993 119.494 -936.904
v 266.993 112.365 -936.904
v 296.993 104.502 -936.904
v 326.993 98.826 -936.904
v 356.993 95.674 -936.904
v 386.993 94.144 -936.904
v 416.993 92.751 -936.904
v 446.993 90.755 -936.904
v 476.993 89.229 -936.904
v 506.993 87.583 -936.904
v 536.993 86.567 -936.904
v 566.993 86.351 -936.904
v 596.993 86.315 -936.904
v 626.993 85.990 -936.904
v 656.993 85.694 -936.904
v 686.993 85.230 -936.904
v 716.993 84.428 -936.904
v 746.993 83.501 -936.904
v 776.993 82.969 -936.904
v 806.993 82.762 -936.904
v 836.993 82.597 -936.904
v 866.993 82.329 -936.904
v 896.993 82.364 -936.904
v 926.993 82.034 -936.904
v 956.993 81.480 -936.904
v 986.993 80.513 -936.904
v 1016.993 80.599 -936.904
v 1046.993 82.971 -936.904
v 1076.993 88.075 -936.904
v 1106.993 93.738 -936.904
v 1136.993 98.982 -936.904
v 1166.993 103.557 -936.904
v -813.007 221.339 -966.904
v -783.007 210.739 -966.904
v -753.007 199.387 -966.904
v -723.007 193.827 -966.904
v -693.007 194.970 -966.904
v -663.007 198.469 -966.904
v -633.007 208.661 -966.904
v -603.007 216.236 -966.904
v -573.007 210.107 -966.904
v -543.007 204.031 -966.904
v -513.007 210.553 -966.904
v -483.007 219.284 -966.904
v -453.007 214.237 -966.904
v -423.007 203.466 -966.904
v -393.007 192.635 -966.904
v -363.007 187.620 -966.904
v -333.007 194.811 -966.904
v -303.007 197.128 -966.904
v -273.007 187.804 -966.904
v -243.007 178.980 -966.904
v -213.007 174.668 -966.904
v -183.007 168.051 -966.904
v -153.007 166.252 -966.904
v -123.007 164.877 -966.904
v -93.007 158.590 -966.904
v -63.007 154.119 -966.904
v -33.007 155.041 -966.904
v -3.007 152.458 -966.904
v 26.993 152.954 -966.904
v 56.993 153.591 -966.904
v 86.993 151.697 -966.904
v 116.993 147.127 -966.904
v 146.993 138.708 -966.904
v 176.993 129.066 -966.904
v 206.993 120.863 -966.904
v 236.993 114.968 -966.904
v 266.993 109.843 -966.904
v 296.993 106.207 -966.904
v 326.993 103.916 -966.904
v 356.993 101.101 -966.904
v 386.993 97.320 -966.904
v 416.993 94.737 -966.904
v 446.993 92.361 -966.904
v 476.993 91.182 -966.904
v 506.993 89.302 -966.904
v 536.993 87.625 -966.904
v 566.993 87.162 -966.904
v 596.993 86.866 -966.904
v 626.993 86.234 -966.904
v 656.993 85.074 -966.904
v 686.993 84.037 -966.904
v 716.993 83.314 -966.904
v 746.993 82.641 -966.904
v 776.993 82.673 -966.904
v 806.993 82.668 -966.904
v 836.993 82.335 -966.904
v 866.993 81.926 -966.904
v 896.993 81.799 -966.904
v 926.993 81.634 -966.904
v 956.993 81.655 -966.904
v 986.993 81.080 -966.904
v 1016.993 80.888 -966.904
v 1046.993 80.721 -966.904
v 1076.993 82.866 -966.904
v 1106.993 87.191 -966.904
v 1136.993 91.378 -966.904
v 1166.993 95.828 -966.904
v -813.007 222.375 -996.904
v -783.007 211.952 -996.904
v -753.007 199.967 -996.904
v -723.007 192.253 -996.904
v -693.007 190.334 -996.904
v -663.007 194.146 -996.904
v -633.007 205.273 -996.904
v -603.007 211.996 -996.904
v -573.007 204.919 -996.904
v -543.007 199.735 -996.904
v -513.007 207.262 -996.904
v -483.007 215.645 -996.904
v -453.007 211.281 -996.904
v -423.007 201.070 -996.904
v -393.007 191.117 -996.904
v -363.007 183.974 -996.904
v -333.007 187.970 -996.904
v -303.007 190.758 -996.904
v -273.007 184.886 -996.904
v -243.007 174.179 -996.904
v -213.007 168.524 -996.904
v -183.007 166.019 -996.904
v -153.007 163.232 -996.904
v -123.007 158.165 -996.904
v -93.007 151.902 -996.904
v -63.007 146.510 -996.904
v -33.007 144.847 -996.904
v -3.007 142.076 -996.904
v 26.993 140.540 -996.904
v 56.993 141.323 -996.904
v 86.993 141.135 -996.904
v 116.993 141.526 -996.904
v 146.993 139.644 -996.904
v 176.993 134.866 -996.904
v 206.993 128.904 -996.904
v 236.993 123.778 -996.904
v 266.993 118.858 -996.904
v 296.993 114.848 -996.904
v 326.993 111.240 -996.904
v 356.993 107.550 -996.904
v 386.993 102.616 -996.904
v 416.993 98.924 -996.904
v 446.993 95.698 -996.904
v 476.993 95.025 -996.904
v 506.993 93.435 -996.904
v 536.993 91.915 -996.904
v 566.993 91.019 -996.904
v 596.993 89.451 -996.904
v 626.993 88.002 -996.904
v 656.993 85.162 -996.904
v 686.993 82.848 -996.904
v 716.993 82.476 -996.904
v 746.993 82.349 -996.904
v 776.993 82.247 -996.904
v 806.993 82.112 -996.904
v 836.993 81.981 -996.904
v 866.993 81.558 -996.904
v 896.993 81.440 -996.904
v 926.993 81.305 -996.904
v 956.993 81.526 -996.904
v 986.993 81.137 -996.904
v 1016.993 80.682 -996.904
v 1046.993 80.507 -996.904
v 1076.993 80.285 -996.904
v 1106.993 82.397 -996.904
v 1136.993 85.974 -996.904
v 1166.993 89.861 -996.904
v -813.007 221.541 -1026.904
v -783.007 211.661 -1026.904
v -753.007 202.285 -1026.904
v -723.007 196.336 -1026.904
v -693.007 190.158 -1026.904
v -663.007 188.861 -1026.904
v -633.007 197.782 -1026.904
v -603.007 204.983 -1026.904
v -573.007 200.440 -1026.904
v -543.007 194.928 -1026.904
v -513.007 200.846 -1026.904
v -483.007 208.615 -1026.904
v -453.007 206.522 -1026.904
v -423.007 199.529 -1026.904
v -393.007 194.138 -1026.904
v -363.007 185.759 -1026.904
v -333.007 181.596 -1026.904
v -303.007 180.391 -1026.904
v -273.007 177.276 -1026.904
v -243.007 173.494 -1026.904
v -213.007 172.116 -1026.904
v -183.007 173.953 -1026.904
v -153.007 172.981 -1026.904
v -123.007 165.898 -1026.904
v -93.007 156.460 -1026.904
v -63.007 147.055 -1026.904
v -33.007 140.644 -1026.904
v -3.007 136.950 -1026.904
v 26.993 133.624 -1026.904
v 56.993 131.588 -1026.904
v 86.993 131.366 -1026.904
v 116.993 133.412 -1026.904
v 146.993 135.934 -1026.904
v 176.993 136.912 -1026.904
v 206.993 135.724 -1026.904
v 236.993 131.827 -1026.904
v 266.993 127.376 -1026.904
v 296.993 121.766 -1026.904
v 326.993 116.497 -1026.904
v 356.993 111.585 -1026.904
v 386.993 106.225 -1026.904
v 416.993 102.131 -1026.904
v 446.993 101.178 -1026.904
v 476.993 101.431 -1026.904
v 506.993 98.904 -1026.904
v 536.993 96.063 -1026.904
v 566.993 94.418 -1026.904
v 596.993 92.475 -1026.904
v 626.993 89.530 -1026.904
v 656.993 85.760 -1026.904
v 686.993 83.098 -1026.904
v 716.993 82.170 -1026.904
v 746.993 81.553 -1026.904
v 776.993 81.721 -1026.904
v 806.993 81.638 -1026.904
v 836.993 81.445 -1026.904
v 866.993 81.362 -1026.904
v 896.993 81.192 -1026.904
v 926.993 80.951 -1026.904
v 956.993 81.165 -1026.904
v 986.993 80.962 -1026.904
v 1016.993 80.669 -1026.904
v 1046.993 80.368 -1026.904
v 1076.993 80.162 -1026.904
v 1106.993 79.676 -1026.904
v 1136.993 82.743 -1026.904
v 1166.993 86.169 -1026.904
vt 0.461459 0.500213
vt 0.463217 0.501319
vt 0.465430 0.501426
vt 0.473936 0.502306
vt 0.478628 0.503047
vt 0.485339 0.503182
vt 0.491727 0.503720
vt 0.496623 0.502989
vt 0.503942 0.502944
vt 0.510229 0.503418
vt 0.516952 0.503926
vt 0.521214 0.504297
vt 0.528228 0.504462
vt 0.529183 0.501122
vt 0.531432 0.498306
vt 0.528371 0.496589
vt 0.521232 0.493333
vt 0.516612 0.489568
vt 0.512706 0.487194
vt 0.505607 0.482159
vt 0.502462 0.479779
vt 0.497907 0.482935
vt 0.492197 0.486176
vt 0.488313 0.483142
vt 0.484098 0.478918
vt 0.480749 0.475124
vt 0.479278 0.472454
vt 0.477765 0.480190
vt 0.475995 0.483758
vt 0.470506 0.490596
vt 0.465039 0.496207
vt 0.466273 0.494944
vt 0.471978 0.488763
vt 0.518631 0.491216
vt 0.476787 0.499016
vt 0.488268 0.499845
vt 0.499744 0.500213
vt 0.511224 0.501041
vt 0.520406 0.501428
vt 0.469896 0.498150
vt 0.508937 0.501982
vt 0.479030 0.492545
vt 0.489593 0.493382
vt 0.498774 0.493768
vt 0.508874 0.494147
vt 0.514385 0.494564
vt 0.483612 0.491586
vt 0.494182 0.493344
vt 0.483564 0.485596
vt 0.491358 0.484611
vt 0.498693 0.483630
vt 0.506498 0.484027
vt 0.495048 0.486885
vt 0.486758 0.483265
vt 0.502361 0.483139
vt 0.495207 0.506702
vt 0.508978 0.507051
vt 0.481436 0.506352
vt 0.518149 0.506055
vt 0.531901 0.504100
vt 0.459338 0.497774
vt 0.457447 0.490876
vt 0.460604 0.483938
vt 0.462843 0.477006
vt 0.466477 0.472368
vt 0.456162 0.502408
vt 0.452902 0.496443
vt 0.454675 0.488594
vt 0.485733 0.469908
vt 0.494900 0.468452
vt 0.476544 0.468600
vt 0.504100 0.471142
vt 0.508715 0.474331
vt 0.512423 0.478910
vt 0.508789 0.483548
vt 0.527231 0.493999
vt 0.524906 0.490331
vt 0.529540 0.495824
vt 0.522593 0.488045
vt 0.517978 0.484856
vt 0.375836 0.374518
vt 0.379508 0.374488
vt 0.383179 0.374459
vt 0.386850 0.374429
vt 0.390521 0.374399
vt 0.394192 0.374370
vt 0.397863 0.374340
vt 0.401535 0.374311
vt 0.405206 0.374281
vt 0.408877 0.374251
vt 0.412548 0.374222
vt 0.416219 0.374192
vt 0.419891 0.374163
vt 0.423562 0.374133
vt 0.427233 0.374103
vt 0.430904 0.374074
vt 0.434575 0.374044
vt 0.438246 0.374014
vt 0.441918 0.373985
vt 0.445589 0.373955
vt 0.449260 0.373925
vt 0.452931 0.373896
vt 0.456602 0.373866
vt 0.460273 0.373836
vt 0.463945 0.373807
vt 0.467616 0.373777
vt 0.471287 0.373747
vt 0.474958 0.373718
vt 0.478629 0.373688
vt 0.482300 0.373658
vt 0.485972 0.373629
vt 0.489643 0.373599
vt 0.493314 0.373569
vt 0.496985 0.373540
vt 0.500656 0.373510
vt 0.504327 0.373480
vt 0.507999 0.373451
vt 0.511670 0.373421
vt 0.515341 0.373391
vt 0.519012 0.373361
vt 0.522683 0.373332
vt 0.526354 0.373302
vt 0.530026 0.373272
vt 0.533697 0.373243
vt 0.537368 0.373213
vt 0.541039 0.373183
vt 0.544710 0.373153
vt 0.548381 0.373124
vt 0.552053 0.373094
vt 0.555724 0.373064
vt 0.559395 0.373034
vt 0.563066 0.373005
vt 0.566737 0.372975
vt 0.570408 0.372945
vt 0.574080 0.372915
vt 0.577751 0.372885
vt 0.581422 0.372856
vt 0.585093 0.372826
vt 0.588764 0.372796
vt 0.592435 0.372766
vt 0.596107 0.372737
vt 0.599778 0.372707
vt 0.603449 0.372677
vt 0.607120 0.372647
vt 0.610791 0.372617
vt 0.375866 0.378204
vt 0.379537 0.378175
vt 0.383208 0.378145
vt 0.386879 0.378116
vt 0.390551 0.378086
vt 0.394222 0.378057
vt 0.397893 0.378027
vt 0.401564 0.377997
vt 0.405235 0.377968
vt 0.408906 0.377938
vt 0.412578 0.377908
vt 0.416249 0.377879
vt 0.419920 0.377849
vt 0.423591 0.377820
vt 0.427262 0.377790
vt 0.430934 0.377760
vt 0.434605 0.377731
vt 0.438276 0.377701
vt 0.441947 0.377671
vt 0.445618 0.377642
vt 0.449289 0.377612
vt 0.452961 0.377582
vt 0.456632 0.377553
vt 0.460303 0.377523
vt 0.463974 0.377493
vt 0.467645 0.377464
vt 0.471316 0.377434
vt 0.474988 0.377404
vt 0.478659 0.377375
vt 0.482330 0.377345
vt 0.486001 0.377315
vt 0.489672 0.377286
vt 0.493343 0.377256
vt 0.497015 0.377226
vt 0.500686 0.377197
vt 0.504357 0.377167
vt 0.508028 0.377137
vt 0.511699 0.377108
vt 0.515371 0.377078
vt 0.519042 0.377048
vt 0.522713 0.377018
vt 0.526384 0.376989
vt 0.530055 0.376959
vt 0.533726 0.376929
vt 0.537398 0.376899
vt 0.541069 0.376870
vt 0.544740 0.376840
vt 0.548411 0.376810
vt 0.552082 0.376780
vt 0.555753 0.376751
vt 0.559425 0.376721
vt 0.563096 0.376691
vt 0.566767 0.376661
vt 0.570438 0.376632
vt 0.574109 0.376602
vt 0.577780 0.376572
vt 0.581452 0.376542
vt 0.585123 0.376513
vt 0.588794 0.376483
vt 0.592465 0.376453
vt 0.596136 0.376423
vt 0.599807 0.376393
vt 0.603479 0.376364
vt 0.607150 0.376334
vt 0.610821 0.376304
vt 0.375895 0.381891
vt 0.379567 0.381862
vt 0.383238 0.381832
vt 0.386909 0.381802
vt 0.390580 0.381773
vt 0.394251 0.381743
vt 0.397922 0.381714
vt 0.401594 0.381684
vt 0.405265 0.381654
vt 0.408936 0.381625
vt 0.412607 0.381595
vt 0.416278 0.381565
vt 0.419950 0.381536
vt 0.423621 0.381506
vt 0.427292 0.381477
vt 0.430963 0.381447
vt 0.434634 0.381417
vt 0.438305 0.381388
vt 0.441977 0.381358
vt 0.445648 0.381328
vt 0.449319 0.381299
vt 0.452990 0.381269
vt 0.456661 0.381239
vt 0.460332 0.381210
vt 0.464004 0.381180
vt 0.467675 0.381150
vt 0.471346 0.381121
vt 0.475017 0.381091
vt 0.478688 0.381061
vt 0.482360 0.381032
vt 0.486031 0.381002
vt 0.489702 0.380972
vt 0.493373 0.380943
vt 0.497044 0.380913
vt 0.500715 0.380883
vt 0.504387 0.380854
vt 0.508058 0.380824
vt 0.511729 0.380794
vt 0.515400 0.380764
vt 0.519071 0.380735
vt 0.522742 0.380705
vt 0.526414 0.380675
vt 0.530085 0.380646
vt 0.533756 0.380616
vt 0.537427 0.380586
vt 0.541098 0.380556
vt 0.544769 0.380527
vt 0.548441 0.380497
vt 0.552112 0.380467
vt 0.555783 0.380437
vt 0.559454 0.380408
vt 0.563125 0.380378
vt 0.566797 0.380348
vt 0.570468 0.380318
vt 0.574139 0.380289
vt 0.577810 0.380259
vt 0.581481 0.380229
vt 0.585152 0.380199
vt 0.588824 0.380169
vt 0.592495 0.380140
vt 0.596166 0.380110
vt 0.599837 0.380080
vt 0.603508 0.380050
vt 0.607179 0.380020
vt 0.610851 0.379991
vt 0.375925 0.385578
vt 0.379596 0.385548
vt 0.383267 0.385519
vt 0.386938 0.385489
vt 0.390610 0.385459
vt 0.394281 0.385430
vt 0.397952 0.385400
vt 0.401623 0.385371
vt 0.405294 0.385341
vt 0.408965 0.385311
vt 0.412637 0.385282
vt 0.416308 0.385252
vt 0.419979 0.385223
vt 0.423650 0.385193
vt 0.427321 0.385163
vt 0.430993 0.385134
vt 0.434664 0.385104
vt 0.438335 0.385074
vt 0.442006 0.385045
vt 0.445677 0.385015
vt 0.449348 0.384985
vt 0.453020 0.384956
vt 0.456691 0.384926
vt 0.460362 0.384896
vt 0.464033 0.384867
vt 0.467704 0.384837
vt 0.471376 0.384807
vt 0.475047 0.384778
vt 0.478718 0.384748
vt 0.482389 0.384718
vt 0.486060 0.384689
vt 0.489731 0.384659
vt 0.493403 0.384629
vt 0.497074 0.384600
vt 0.500745 0.384570
vt 0.504416 0.384540
vt 0.508087 0.384511
vt 0.511759 0.384481
vt 0.515430 0.384451
vt 0.519101 0.384421
vt 0.522772 0.384392
vt 0.526443 0.384362
vt 0.530114 0.384332
vt 0.533786 0.384302
vt 0.537457 0.384273
vt 0.541128 0.384243
vt 0.544799 0.384213
vt 0.548470 0.384183
vt 0.552141 0.384154
vt 0.555813 0.384124
vt 0.559484 0.384094
vt 0.563155 0.384064
vt 0.566826 0.384035
vt 0.570497 0.384005
vt 0.574169 0.383975
vt 0.577840 0.383945
vt 0.581511 0.383916
vt 0.585182 0.383886
vt 0.588853 0.383856
vt 0.592524 0.383826
vt 0.596196 0.383796
vt 0.599867 0.383767
vt 0.603538 0.383737
vt 0.607209 0.383707
vt 0.610880 0.383677
vt 0.375954 0.389264
vt 0.379625 0.389235
vt 0.383297 0.389205
vt 0.386968 0.389176
vt 0.390639 0.389146
vt 0.394310 0.389116
vt 0.397981 0.389087
vt 0.401653 0.389057
vt 0.405324 0.389028
vt 0.408995 0.388998
vt 0.412666 0.388968
vt 0.416337 0.388939
vt 0.420009 0.388909
vt 0.423680 0.388880
vt 0.427351 0.388850
vt 0.431022 0.388820
vt 0.434693 0.388791
vt 0.438364 0.388761
vt 0.442036 0.388731
vt 0.445707 0.388702
vt 0.449378 0.388672
vt 0.453049 0.388642
vt 0.456720 0.388613
vt 0.460392 0.388583
vt 0.464063 0.388553
vt 0.467734 0.388524
vt 0.471405 0.388494
vt 0.475076 0.388464
vt 0.478747 0.388435
vt 0.482419 0.388405
vt 0.486090 0.388375
vt 0.489761 0.388346
vt 0.493432 0.388316
vt 0.497103 0.388286
vt 0.500775 0.388257
vt 0.504446 0.388227
vt 0.508117 0.388197
vt 0.511788 0.388167
vt 0.515459 0.388138
vt 0.519130 0.388108
vt 0.522802 0.388078
vt 0.526473 0.388049
vt 0.530144 0.388019
vt 0.533815 0.387989
vt 0.537486 0.387959
vt 0.541158 0.387930
vt 0.544829 0.387900
vt 0.548500 0.387870
vt 0.552171 0.387840
vt 0.555842 0.387811
vt 0.559513 0.387781
vt 0.563185 0.387751
vt 0.566856 0.387721
vt 0.570527 0.387692
vt 0.574198 0.387662
vt 0.577869 0.387632
vt 0.581541 0.387602
vt 0.585212 0.387572
vt 0.588883 0.387543
vt 0.592554 0.387513
vt 0.596225 0.387483
vt 0.599896 0.387453
vt 0.603568 0.387424
vt 0.607239 0.387394
vt 0.610910 0.387364
vt 0.375984 0.392951
vt 0.379655 0.392921
vt 0.383326 0.392892
vt 0.386997 0.392862
vt 0.390668 0.392833
vt 0.394340 0.392803
vt 0.398011 0.392774
vt 0.401682 0.392744
vt 0.405353 0.392714
vt 0.409024 0.392685
vt 0.412696 0.392655
vt 0.416367 0.392625
vt 0.420038 0.392596
vt 0.423709 0.392566
vt 0.427380 0.392537
vt 0.431052 0.392507
vt 0.434723 0.392477
vt 0.438394 0.392448
vt 0.442065 0.392418
vt 0.445736 0.392388
vt 0.449408 0.392359
vt 0.453079 0.392329
vt 0.456750 0.392299
vt 0.460421 0.392270
vt 0.464092 0.392240
vt 0.467763 0.392210
vt 0.471435 0.392181
vt 0.475106 0.392151
vt 0.478777 0.392121
vt 0.482448 0.392092
vt 0.486119 0.392062
vt 0.489791 0.392032
vt 0.493462 0.392003
vt 0.497133 0.391973
vt 0.500804 0.391943
vt 0.504475 0.391914
vt 0.508147 0.391884
vt 0.511818 0.391854
vt 0.515489 0.391824
vt 0.519160 0.391795
vt 0.522831 0.391765
vt 0.526502 0.391735
vt 0.530174 0.391706
vt 0.533845 0.391676
vt 0.537516 0.391646
vt 0.541187 0.391616
vt 0.544858 0.391587
vt 0.548530 0.391557
vt 0.552201 0.391527
vt 0.555872 0.391497
vt 0.559543 0.391468
vt 0.563214 0.391438
vt 0.566885 0.391408
vt 0.570557 0.391378
vt 0.574228 0.391348
vt 0.577899 0.391319
vt 0.581570 0.391289
vt 0.585241 0.391259
vt 0.588913 0.391229
vt 0.592584 0.391200
vt 0.596255 0.391170
vt 0.599926 0.391140
vt 0.603597 0.391110
vt 0.607268 0.391080
vt 0.610940 0.391051
vt 0.376013 0.396638
vt 0.379684 0.396608
vt 0.383356 0.396579
vt 0.387027 0.396549
vt 0.390698 0.396519
vt 0.394369 0.396490
vt 0.398040 0.396460
vt 0.401712 0.396431
vt 0.405383 0.396401
vt 0.409054 0.396371
vt 0.412725 0.396342
vt 0.416396 0.396312
vt 0.420068 0.396283
vt 0.423739 0.396253
vt 0.427410 0.396223
vt 0.431081 0.396194
vt 0.434752 0.396164
vt 0.438423 0.396134
vt 0.442095 0.396105
vt 0.445766 0.396075
vt 0.449437 0.396045
vt 0.453108 0.396016
vt 0.456779 0.395986
vt 0.460451 0.395956
vt 0.464122 0.395927
vt 0.467793 0.395897
vt 0.471464 0.395867
vt 0.475135 0.395838
vt 0.478807 0.395808
vt 0.482478 0.395778
vt 0.486149 0.395749
vt 0.489820 0.395719
vt 0.493491 0.395689
vt 0.497163 0.395660
vt 0.500834 0.395630
vt 0.504505 0.395600
vt 0.508176 0.395570
vt 0.511847 0.395541
vt 0.515518 0.395511
vt 0.519190 0.395481
vt 0.522861 0.395452
vt 0.526532 0.395422
vt 0.530203 0.395392
vt 0.533874 0.395362
vt 0.537546 0.395333
vt 0.541217 0.395303
vt 0.544888 0.395273
vt 0.548559 0.395243
vt 0.552230 0.395214
vt 0.555902 0.395184
vt 0.559573 0.395154
vt 0.563244 0.395124
vt 0.566915 0.395095
vt 0.570586 0.395065
vt 0.574257 0.395035
vt 0.577929 0.395005
vt 0.581600 0.394976
vt 0.585271 0.394946
vt 0.588942 0.394916
vt 0.592613 0.394886
vt 0.596285 0.394856
vt 0.599956 0.394827
vt 0.603627 0.394797
vt 0.607298 0.394767
vt 0.610969 0.394737
vt 0.376043 0.400324
vt 0.379714 0.400295
vt 0.383385 0.400265
vt 0.387056 0.400236
vt 0.390727 0.400206
vt 0.394399 0.400176
vt 0.398070 0.400147
vt 0.401741 0.400117
vt 0.405412 0.400088
vt 0.409083 0.400058
vt 0.412755 0.400028
vt 0.416426 0.399999
vt 0.420097 0.399969
vt 0.423768 0.399940
vt 0.427439 0.399910
vt 0.431111 0.399880
vt 0.434782 0.399851
vt 0.438453 0.399821
vt 0.442124 0.399791
vt 0.445795 0.399762
vt 0.449467 0.399732
vt 0.453138 0.399702
vt 0.456809 0.399673
vt 0.460480 0.399643
vt 0.464151 0.399613
vt 0.467823 0.399584
vt 0.471494 0.399554
vt 0.475165 0.399524
vt 0.478836 0.399495
vt 0.482507 0.399465
vt 0.486179 0.399435
vt 0.489850 0.399406
vt 0.493521 0.399376
vt 0.497192 0.399346
vt 0.500863 0.399317
vt 0.504534 0.399287
vt 0.508206 0.399257
vt 0.511877 0.399227
vt 0.515548 0.399198
vt 0.519219 0.399168
vt 0.522890 0.399138
vt 0.526562 0.399109
vt 0.530233 0.399079
vt 0.533904 0.399049
vt 0.537575 0.399019
vt 0.541246 0.398990
vt 0.544918 0.398960
vt 0.548589 0.398930
vt 0.552260 0.398900
vt 0.555931 0.398871
vt 0.559602 0.398841
vt 0.563274 0.398811
vt 0.566945 0.398781
vt 0.570616 0.398752
vt 0.574287 0.398722
vt 0.577958 0.398692
vt 0.581630 0.398662
vt 0.585301 0.398632
vt 0.588972 0.398603
vt 0.592643 0.398573
vt 0.596314 0.398543
vt 0.599985 0.398513
vt 0.603657 0.398483
vt 0.607328 0.398454
vt 0.610999 0.398424
vt 0.376072 0.404011
vt 0.379743 0.403982
vt 0.383415 0.403952
vt 0.387086 0.403922
vt 0.390757 0.403893
vt 0.394428 0.403863
vt 0.398099 0.403834
vt 0.401771 0.403804
vt 0.405442 0.403774
vt 0.409113 0.403745
vt 0.412784 0.403715
vt 0.416455 0.403685
vt 0.420127 0.403656
vt 0.423798 0.403626
vt 0.427469 0.403597
vt 0.431140 0.403567
vt 0.434811 0.403537
vt 0.438482 0.403508
vt 0.442154 0.403478
vt 0.445825 0.403448
vt 0.449496 0.403419
vt 0.453167 0.403389
vt 0.456838 0.403359
vt 0.460510 0.403330
vt 0.464181 0.403300
vt 0.467852 0.403270
vt 0.471523 0.403241
vt 0.475194 0.403211
vt 0.478866 0.403181
vt 0.482537 0.403152
vt 0.486208 0.403122
vt 0.489879 0.403092
vt 0.493550 0.403063
vt 0.497222 0.403033
vt 0.500893 0.403003
vt 0.504564 0.402974
vt 0.508235 0.402944
vt 0.511906 0.402914
vt 0.515578 0.402884
vt 0.519249 0.402855
vt 0.522920 0.402825
vt 0.526591 0.402795
vt 0.530262 0.402766
vt 0.533934 0.402736
vt 0.537605 0.402706
vt 0.541276 0.402676
vt 0.544947 0.402647
vt 0.548618 0.402617
vt 0.552290 0.402587
vt 0.555961 0.402557
vt 0.559632 0.402528
vt 0.563303 0.402498
vt 0.566974 0.402468
vt 0.570646 0.402438
vt 0.574317 0.402408
vt 0.577988 0.402379
vt 0.581659 0.402349
vt 0.585330 0.402319
vt 0.589002 0.402289
vt 0.592673 0.402260
vt 0.596344 0.402230
vt 0.600015 0.402200
vt 0.603686 0.402170
vt 0.607358 0.402140
vt 0.611029 0.402111
vt 0.376102 0.407698
vt 0.379773 0.407668
vt 0.383444 0.407639
vt 0.387115 0.407609
vt 0.390786 0.407579
vt 0.394458 0.407550
vt 0.398129 0.407520
vt 0.401800 0.407491
vt 0.405471 0.407461
vt 0.409142 0.407431
vt 0.412814 0.407402
vt 0.416485 0.407372
vt 0.420156 0.407343
vt 0.423827 0.407313
vt 0.427498 0.407283
vt 0.431170 0.407254
vt 0.434841 0.407224
vt 0.438512 0.407194
vt 0.442183 0.407165
vt 0.445854 0.407135
vt 0.449526 0.407105
vt 0.453197 0.407076
vt 0.456868 0.407046
vt 0.460539 0.407016
vt 0.464210 0.406987
vt 0.467882 0.406957
vt 0.471553 0.406927
vt 0.475224 0.406898
vt 0.478895 0.406868
vt 0.482566 0.406838
vt 0.486238 0.406809
vt 0.489909 0.406779
vt 0.493580 0.406749
vt 0.497251 0.406720
vt 0.500922 0.406690
vt 0.504594 0.406660
vt 0.508265 0.406631
vt 0.511936 0.406601
vt 0.515607 0.406571
vt 0.519278 0.406541
vt 0.522950 0.406512
vt 0.526621 0.406482
vt 0.530292 0.406452
vt 0.533963 0.406422
vt 0.537634 0.406393
vt 0.541306 0.406363
vt 0.544977 0.406333
vt 0.548648 0.406303
vt 0.552319 0.406274
vt 0.555990 0.406244
vt 0.559662 0.406214
vt 0.563333 0.406184
vt 0.567004 0.406155
vt 0.570675 0.406125
vt 0.574346 0.406095
vt 0.578018 0.406065
vt 0.581689 0.406036
vt 0.585360 0.406006
vt 0.589031 0.405976
vt 0.592702 0.405946
vt 0.596374 0.405916
vt 0.600045 0.405887
vt 0.603716 0.405857
vt 0.607387 0.405827
vt 0.611058 0.405797
vt 0.376131 0.411384
vt 0.379802 0.411355
vt 0.383473 0.411325
vt 0.387145 0.411296
vt 0.390816 0.411266
vt 0.394487 0.411236
vt 0.398158 0.411207
vt 0.401829 0.411177
vt 0.405501 0.411148
vt 0.409172 0.411118
vt 0.412843 0.411088
vt 0.416514 0.411059
vt 0.420186 0.411029
vt 0.423857 0.411000
vt 0.427528 0.410970
vt 0.431199 0.410940
vt 0.434870 0.410911
vt 0.438542 0.410881
vt 0.442213 0.410851
vt 0.445884 0.410822
vt 0.449555 0.410792
vt 0.453226 0.410762
vt 0.456898 0.410733
vt 0.460569 0.410703
vt 0.464240 0.410673
vt 0.467911 0.410644
vt 0.471582 0.410614
vt 0.475254 0.410584
vt 0.478925 0.410555
vt 0.482596 0.410525
vt 0.486267 0.410495
vt 0.489938 0.410466
vt 0.493610 0.410436
vt 0.497281 0.410406
vt 0.500952 0.410377
vt 0.504623 0.410347
vt 0.508294 0.410317
vt 0.511966 0.410287
vt 0.515637 0.410258
vt 0.519308 0.410228
vt 0.522979 0.410198
vt 0.526650 0.410169
vt 0.530322 0.410139
vt 0.533993 0.410109
vt 0.537664 0.410079
vt 0.541335 0.410050
vt 0.545006 0.410020
vt 0.548678 0.409990
vt 0.552349 0.409960
vt 0.556020 0.409931
vt 0.559691 0.409901
vt 0.563362 0.409871
vt 0.567034 0.409841
vt 0.570705 0.409812
vt 0.574376 0.409782
vt 0.578047 0.409752
vt 0.581718 0.409722
vt 0.585390 0.409692
vt 0.589061 0.409663
vt 0.592732 0.409633
vt 0.596403 0.409603
vt 0.600074 0.409573
vt 0.603746 0.409544
vt 0.607417 0.409514
vt 0.611088 0.409484
vt 0.376160 0.415071
vt 0.379832 0.415042
vt 0.383503 0.415012
vt 0.387174 0.414982
vt 0.390845 0.414953
vt 0.394517 0.414923
vt 0.398188 0.414894
vt 0.401859 0.414864
vt 0.405530 0.414834
vt 0.409201 0.414805
vt 0.412873 0.414775
vt 0.416544 0.414746
vt 0.420215 0.414716
vt 0.423886 0.414686
vt 0.427557 0.414657
vt 0.431229 0.414627
vt 0.434900 0.414597
vt 0.438571 0.414568
vt 0.442242 0.414538
vt 0.445913 0.414508
vt 0.449585 0.414479
vt 0.453256 0.414449
vt 0.456927 0.414419
vt 0.460598 0.414390
vt 0.464270 0.414360
vt 0.467941 0.414330
vt 0.471612 0.414301
vt 0.475283 0.414271
vt 0.478954 0.414241
vt 0.482626 0.414212
vt 0.486297 0.414182
vt 0.489968 0.414152
vt 0.493639 0.414123
vt 0.497310 0.414093
vt 0.500982 0.414063
vt 0.504653 0.414034
vt 0.508324 0.414004
vt 0.511995 0.413974
vt 0.515666 0.413944
vt 0.519338 0.413915
vt 0.523009 0.413885
vt 0.526680 0.413855
vt 0.530351 0.413826
vt 0.534022 0.413796
vt 0.537694 0.413766
vt 0.541365 0.413736
vt 0.545036 0.413707
vt 0.548707 0.413677
vt 0.552379 0.413647
vt 0.556050 0.413617
vt 0.559721 0.413588
vt 0.563392 0.413558
vt 0.567063 0.413528
vt 0.570735 0.413498
vt 0.574406 0.413468
vt 0.578077 0.413439
vt 0.581748 0.413409
vt 0.585419 0.413379
vt 0.589091 0.413349
vt 0.592762 0.413320
vt 0.596433 0.413290
vt 0.600104 0.413260
vt 0.603775 0.413230
vt 0.607447 0.413200
vt 0.611118 0.413171
vt 0.376190 0.418758
vt 0.379861 0.418728
vt 0.383532 0.418699
vt 0.387204 0.418669
vt 0.390875 0.418639
vt 0.394546 0.418610
vt 0.398217 0.418580
vt 0.401888 0.418551
vt 0.405560 0.418521
vt 0.409231 0.418491
vt 0.412902 0.418462
vt 0.416573 0.418432
vt 0.420245 0.418403
vt 0.423916 0.418373
vt 0.427587 0.418343
vt 0.431258 0.418314
vt 0.434929 0.418284
vt 0.438601 0.418254
vt 0.442272 0.418225
vt 0.445943 0.418195
vt 0.449614 0.418165
vt 0.453285 0.418136
vt 0.456957 0.418106
vt 0.460628 0.418076
vt 0.464299 0.418047
vt 0.467970 0.418017
vt 0.471641 0.417987
vt 0.475313 0.417958
vt 0.478984 0.417928
vt 0.482655 0.417898
vt 0.486326 0.417869
vt 0.489998 0.417839
vt 0.493669 0.417809
vt 0.497340 0.417780
vt 0.501011 0.417750
vt 0.504682 0.417720
vt 0.508354 0.417691
vt 0.512025 0.417661
vt 0.515696 0.417631
vt 0.519367 0.417601
vt 0.523038 0.417572
vt 0.526710 0.417542
vt 0.530381 0.417512
vt 0.534052 0.417482
vt 0.537723 0.417453
vt 0.541394 0.417423
vt 0.545066 0.417393
vt 0.548737 0.417364
vt 0.552408 0.417334
vt 0.556079 0.417304
vt 0.559751 0.417274
vt 0.563422 0.417244
vt 0.567093 0.417215
vt 0.570764 0.417185
vt 0.574435 0.417155
vt 0.578107 0.417125
vt 0.581778 0.417096
vt 0.585449 0.417066
vt 0.589120 0.417036
vt 0.592791 0.417006
vt 0.596463 0.416976
vt 0.600134 0.416947
vt 0.603805 0.416917
vt 0.607476 0.416887
vt 0.611147 0.416857
vt 0.376219 0.422445
vt 0.379891 0.422415
vt 0.383562 0.422385
vt 0.387233 0.422356
vt 0.390904 0.422326
vt 0.394575 0.422297
vt 0.398247 0.422267
vt 0.401918 0.422237
vt 0.405589 0.422208
vt 0.409260 0.422178
vt 0.412932 0.422149
vt 0.416603 0.422119
vt 0.420274 0.422089
vt 0.423945 0.422060
vt 0.427616 0.422030
vt 0.431288 0.422000
vt 0.434959 0.421971
vt 0.438630 0.421941
vt 0.442301 0.421911
vt 0.445973 0.421882
vt 0.449644 0.421852
vt 0.453315 0.421822
vt 0.456986 0.421793
vt 0.460657 0.421763
vt 0.464329 0.421734
vt 0.468000 0.421704
vt 0.471671 0.421674
vt 0.475342 0.421644
vt 0.479013 0.421615
vt 0.482685 0.421585
vt 0.486356 0.421555
vt 0.490027 0.421526
vt 0.493698 0.421496
vt 0.497370 0.421466
vt 0.501041 0.421437
vt 0.504712 0.421407
vt 0.508383 0.421377
vt 0.512054 0.421348
vt 0.515726 0.421318
vt 0.519397 0.421288
vt 0.523068 0.421258
vt 0.526739 0.421229
vt 0.530410 0.421199
vt 0.534082 0.421169
vt 0.537753 0.421139
vt 0.541424 0.421110
vt 0.545095 0.421080
vt 0.548767 0.421050
vt 0.552438 0.421020
vt 0.556109 0.420991
vt 0.559780 0.420961
vt 0.563451 0.420931
vt 0.567123 0.420901
vt 0.570794 0.420872
vt 0.574465 0.420842
vt 0.578136 0.420812
vt 0.581807 0.420782
vt 0.585479 0.420753
vt 0.589150 0.420723
vt 0.592821 0.420693
vt 0.596492 0.420663
vt 0.600164 0.420633
vt 0.603835 0.420604
vt 0.607506 0.420574
vt 0.611177 0.420544
vt 0.376249 0.426131
vt 0.379920 0.426102
vt 0.383591 0.426072
vt 0.387263 0.426042
vt 0.390934 0.426013
vt 0.394605 0.425983
vt 0.398276 0.425954
vt 0.401947 0.425924
vt 0.405619 0.425894
vt 0.409290 0.425865
vt 0.412961 0.425835
vt 0.416632 0.425806
vt 0.420304 0.425776
vt 0.423975 0.425746
vt 0.427646 0.425717
vt 0.431317 0.425687
vt 0.434988 0.425657
vt 0.438660 0.425628
vt 0.442331 0.425598
vt 0.446002 0.425568
vt 0.449673 0.425539
vt 0.453344 0.425509
vt 0.457016 0.425480
vt 0.460687 0.425450
vt 0.464358 0.425420
vt 0.468029 0.425391
vt 0.471701 0.425361
vt 0.475372 0.425331
vt 0.479043 0.425302
vt 0.482714 0.425272
vt 0.486385 0.425242
vt 0.490057 0.425212
vt 0.493728 0.425183
vt 0.497399 0.425153
vt 0.501070 0.425123
vt 0.504742 0.425094
vt 0.508413 0.425064
vt 0.512084 0.425034
vt 0.515755 0.425004
vt 0.519426 0.424975
vt 0.523098 0.424945
vt 0.526769 0.424915
vt 0.530440 0.424886
vt 0.534111 0.424856
vt 0.537783 0.424826
vt 0.541454 0.424796
vt 0.545125 0.424767
vt 0.548796 0.424737
vt 0.552467 0.424707
vt 0.556139 0.424677
vt 0.559810 0.424648
vt 0.563481 0.424618
vt 0.567152 0.424588
vt 0.570823 0.424558
vt 0.574495 0.424529
vt 0.578166 0.424499
vt 0.581837 0.424469
vt 0.585508 0.424439
vt 0.589180 0.424409
vt 0.592851 0.424380
vt 0.596522 0.424350
vt 0.600193 0.424320
vt 0.603864 0.424290
vt 0.607536 0.424260
vt 0.611207 0.424231
vt 0.376278 0.429818
vt 0.379950 0.429788
vt 0.383621 0.429759
vt 0.387292 0.429729
vt 0.390963 0.429700
vt 0.394634 0.429670
vt 0.398306 0.429640
vt 0.401977 0.429611
vt 0.405648 0.429581
vt 0.409319 0.429552
vt 0.412991 0.429522
vt 0.416662 0.429492
vt 0.420333 0.429463
vt 0.424004 0.429433
vt 0.427675 0.429403
vt 0.431347 0.429374
vt 0.435018 0.429344
vt 0.438689 0.429314
vt 0.442360 0.429285
vt 0.446032 0.429255
vt 0.449703 0.429226
vt 0.453374 0.429196
vt 0.457045 0.429166
vt 0.460716 0.429137
vt 0.464388 0.429107
vt 0.468059 0.429077
vt 0.471730 0.429048
vt 0.475401 0.429018
vt 0.479073 0.428988
vt 0.482744 0.428959
vt 0.486415 0.428929
vt 0.490086 0.428899
vt 0.493757 0.428869
vt 0.497429 0.428840
vt 0.501100 0.428810
vt 0.504771 0.428780
vt 0.508442 0.428751
vt 0.512114 0.428721
vt 0.515785 0.428691
vt 0.519456 0.428661
vt 0.523127 0.428632
vt 0.526798 0.428602
vt 0.530470 0.428572
vt 0.534141 0.428543
vt 0.537812 0.428513
vt 0.541483 0.428483
vt 0.545155 0.428453
vt 0.548826 0.428424
vt 0.552497 0.428394
vt 0.556168 0.428364
vt 0.559839 0.428334
vt 0.563511 0.428305
vt 0.567182 0.428275
vt 0.570853 0.428245
vt 0.574524 0.428215
vt 0.578196 0.428185
vt 0.581867 0.428156
vt 0.585538 0.428126
vt 0.589209 0.428096
vt 0.592880 0.428066
vt 0.596552 0.428037
vt 0.600223 0.428007
vt 0.603894 0.427977
vt 0.607565 0.427947
vt 0.611237 0.427917
vt 0.376308 0.433505
vt 0.379979 0.433475
vt 0.383650 0.433445
vt 0.387321 0.433416
vt 0.390993 0.433386
vt 0.394664 0.433357
vt 0.398335 0.433327
vt 0.402006 0.433297
vt 0.405678 0.433268
vt 0.409349 0.433238
vt 0.413020 0.433209
vt 0.416691 0.433179
vt 0.420363 0.433149
vt 0.424034 0.433120
vt 0.427705 0.433090
vt 0.431376 0.433060
vt 0.435047 0.433031
vt 0.438719 0.433001
vt 0.442390 0.432972
vt 0.446061 0.432942
vt 0.449732 0.432912
vt 0.453404 0.432883
vt 0.457075 0.432853
vt 0.460746 0.432823
vt 0.464417 0.432794
vt 0.468088 0.432764
vt 0.471760 0.432734
vt 0.475431 0.432705
vt 0.479102 0.432675
vt 0.482773 0.432645
vt 0.486445 0.432616
vt 0.490116 0.432586
vt 0.493787 0.432556
vt 0.497458 0.432526
vt 0.501129 0.432497
vt 0.504801 0.432467
vt 0.508472 0.432437
vt 0.512143 0.432408
vt 0.515814 0.432378
vt 0.519486 0.432348
vt 0.523157 0.432318
vt 0.526828 0.432289
vt 0.530499 0.432259
vt 0.534171 0.432229
vt 0.537842 0.432200
vt 0.541513 0.432170
vt 0.545184 0.432140
vt 0.548855 0.432110
vt 0.552527 0.432081
vt 0.556198 0.432051
vt 0.559869 0.432021
vt 0.563540 0.431991
vt 0.567212 0.431961
vt 0.570883 0.431932
vt 0.574554 0.431902
vt 0.578225 0.431872
vt 0.581896 0.431842
vt 0.585568 0.431813
vt 0.589239 0.431783
vt 0.592910 0.431753
vt 0.596581 0.431723
vt 0.600253 0.431693
vt 0.603924 0.431664
vt 0.607595 0.431634
vt 0.611266 0.431604
vt 0.376337 0.437191
vt 0.380008 0.437162
vt 0.383680 0.437132
vt 0.387351 0.437103
vt 0.391022 0.437073
vt 0.394693 0.437043
vt 0.398365 0.437014
vt 0.402036 0.436984
vt 0.405707 0.436955
vt 0.409378 0.436925
vt 0.413050 0.436895
vt 0.416721 0.436866
vt 0.420392 0.436836
vt 0.424063 0.436806
vt 0.427734 0.436777
vt 0.431406 0.436747
vt 0.435077 0.436718
vt 0.438748 0.436688
vt 0.442419 0.436658
vt 0.446091 0.436629
vt 0.449762 0.436599
vt 0.453433 0.436569
vt 0.457104 0.436540
vt 0.460776 0.436510
vt 0.464447 0.436480
vt 0.468118 0.436451
vt 0.471789 0.436421
vt 0.475460 0.436391
vt 0.479132 0.436362
vt 0.482803 0.436332
vt 0.486474 0.436302
vt 0.490145 0.436273
vt 0.493817 0.436243
vt 0.497488 0.436213
vt 0.501159 0.436183
vt 0.504830 0.436154
vt 0.508502 0.436124
vt 0.512173 0.436094
vt 0.515844 0.436065
vt 0.519515 0.436035
vt 0.523186 0.436005
vt 0.526858 0.435975
vt 0.530529 0.435946
vt 0.534200 0.435916
vt 0.537871 0.435886
vt 0.541543 0.435856
vt 0.545214 0.435827
vt 0.548885 0.435797
vt 0.552556 0.435767
vt 0.556228 0.435737
vt 0.559899 0.435708
vt 0.563570 0.435678
vt 0.567241 0.435648
vt 0.570912 0.435618
vt 0.574584 0.435589
vt 0.578255 0.435559
vt 0.581926 0.435529
vt 0.585597 0.435499
vt 0.589269 0.435470
vt 0.592940 0.435440
vt 0.596611 0.435410
vt 0.600282 0.435380
vt 0.603953 0.435350
vt 0.607625 0.435321
vt 0.611296 0.435291
vt 0.376367 0.440878
vt 0.380038 0.440848
vt 0.383709 0.440819
vt 0.387380 0.440789
vt 0.391052 0.440760
vt 0.394723 0.440730
vt 0.398394 0.440700
vt 0.402065 0.440671
vt 0.405737 0.440641
vt 0.409408 0.440612
vt 0.413079 0.440582
vt 0.416750 0.440552
vt 0.420422 0.440523
vt 0.424093 0.440493
vt 0.427764 0.440464
vt 0.431435 0.440434
vt 0.435106 0.440404
vt 0.438778 0.440375
vt 0.442449 0.440345
vt 0.446120 0.440315
vt 0.449791 0.440286
vt 0.453463 0.440256
vt 0.457134 0.440226
vt 0.460805 0.440197
vt 0.464476 0.440167
vt 0.468148 0.440137
vt 0.471819 0.440108
vt 0.475490 0.440078
vt 0.479161 0.440048
vt 0.482832 0.440019
vt 0.486504 0.439989
vt 0.490175 0.439959
vt 0.493846 0.439930
vt 0.497517 0.439900
vt 0.501189 0.439870
vt 0.504860 0.439840
vt 0.508531 0.439811
vt 0.512202 0.439781
vt 0.515874 0.439751
vt 0.519545 0.439722
vt 0.523216 0.439692
vt 0.526887 0.439662
vt 0.530559 0.439632
vt 0.534230 0.439603
vt 0.537901 0.439573
vt 0.541572 0.439543
vt 0.545243 0.439513
vt 0.548915 0.439484
vt 0.552586 0.439454
vt 0.556257 0.439424
vt 0.559928 0.439394
vt 0.563600 0.439365
vt 0.567271 0.439335
vt 0.570942 0.439305
vt 0.574613 0.439275
vt 0.578285 0.439246
vt 0.581956 0.439216
vt 0.585627 0.439186
vt 0.589298 0.439156
vt 0.592969 0.439126
vt 0.596641 0.439097
vt 0.600312 0.439067
vt 0.603983 0.439037
vt 0.607654 0.439007
vt 0.611326 0.438977
vt 0.376396 0.444565
vt 0.380067 0.444535
vt 0.383739 0.444506
vt 0.387410 0.444476
vt 0.391081 0.444446
vt 0.394752 0.444417
vt 0.398424 0.444387
vt 0.402095 0.444358
vt 0.405766 0.444328
vt 0.409437 0.444298
vt 0.413109 0.444269
vt 0.416780 0.444239
vt 0.420451 0.444209
vt 0.424122 0.444180
vt 0.427793 0.444150
vt 0.431465 0.444121
vt 0.435136 0.444091
vt 0.438807 0.444061
vt 0.442478 0.444032
vt 0.446150 0.444002
vt 0.449821 0.443972
vt 0.453492 0.443943
vt 0.457163 0.443913
vt 0.460835 0.443883
vt 0.464506 0.443854
vt 0.468177 0.443824
vt 0.471848 0.443794
vt 0.475520 0.443765
vt 0.479191 0.443735
vt 0.482862 0.443705
vt 0.486533 0.443676
vt 0.490205 0.443646
vt 0.493876 0.443616
vt 0.497547 0.443587
vt 0.501218 0.443557
vt 0.504889 0.443527
vt 0.508561 0.443497
vt 0.512232 0.443468
vt 0.515903 0.443438
vt 0.519574 0.443408
vt 0.523246 0.443379
vt 0.526917 0.443349
vt 0.530588 0.443319
vt 0.534259 0.443289
vt 0.537931 0.443260
vt 0.541602 0.443230
vt 0.545273 0.443200
vt 0.548944 0.443170
vt 0.552616 0.443141
vt 0.556287 0.443111
vt 0.559958 0.443081
vt 0.563629 0.443051
vt 0.567300 0.443022
vt 0.570972 0.442992
vt 0.574643 0.442962
vt 0.578314 0.442932
vt 0.581985 0.442902
vt 0.585657 0.442873
vt 0.589328 0.442843
vt 0.592999 0.442813
vt 0.596670 0.442783
vt 0.600342 0.442754
vt 0.604013 0.442724
vt 0.607684 0.442694
vt 0.611355 0.442664
vt 0.376426 0.448251
vt 0.380097 0.448222
vt 0.383768 0.448192
vt 0.387439 0.448163
vt 0.391111 0.448133
vt 0.394782 0.448103
vt 0.398453 0.448074
vt 0.402124 0.448044
vt 0.405796 0.448015
vt 0.409467 0.447985
vt 0.413138 0.447955
vt 0.416809 0.447926
vt 0.420481 0.447896
vt 0.424152 0.447867
vt 0.427823 0.447837
vt 0.431494 0.447807
vt 0.435165 0.447778
vt 0.438837 0.447748
vt 0.442508 0.447718
vt 0.446179 0.447689
vt 0.449850 0.447659
vt 0.453522 0.447629
vt 0.457193 0.447600
vt 0.460864 0.447570
vt 0.464535 0.447540
vt 0.468207 0.447511
vt 0.471878 0.447481
vt 0.475549 0.447451
vt 0.479220 0.447422
vt 0.482892 0.447392
vt 0.486563 0.447362
vt 0.490234 0.447333
vt 0.493905 0.447303
vt 0.497577 0.447273
vt 0.501248 0.447244
vt 0.504919 0.447214
vt 0.508590 0.447184
vt 0.512262 0.447154
vt 0.515933 0.447125
vt 0.519604 0.447095
vt 0.523275 0.447065
vt 0.526946 0.447036
vt 0.530618 0.447006
vt 0.534289 0.446976
vt 0.537960 0.446946
vt 0.541631 0.446917
vt 0.545303 0.446887
vt 0.548974 0.446857
vt 0.552645 0.446827
vt 0.556316 0.446798
vt 0.559988 0.446768
vt 0.563659 0.446738
vt 0.567330 0.446708
vt 0.571001 0.446679
vt 0.574673 0.446649
vt 0.578344 0.446619
vt 0.582015 0.446589
vt 0.585686 0.446559
vt 0.589358 0.446530
vt 0.593029 0.446500
vt 0.596700 0.446470
vt 0.600371 0.446440
vt 0.604042 0.446410
vt 0.607714 0.446381
vt 0.611385 0.446351
vt 0.376455 0.451938
vt 0.380126 0.451909
vt 0.383798 0.451879
vt 0.387469 0.451849
vt 0.391140 0.451820
vt 0.394811 0.451790
vt 0.398483 0.451761
vt 0.402154 0.451731
vt 0.405825 0.451701
vt 0.409496 0.451672
vt 0.413168 0.451642
vt 0.416839 0.451613
vt 0.420510 0.451583
vt 0.424181 0.451553
vt 0.427853 0.451524
vt 0.431524 0.451494
vt 0.435195 0.451464
vt 0.438866 0.451435
vt 0.442537 0.451405
vt 0.446209 0.451375
vt 0.449880 0.451346
vt 0.453551 0.451316
vt 0.457222 0.451286
vt 0.460894 0.451257
vt 0.464565 0.451227
vt 0.468236 0.451197
vt 0.471907 0.451168
vt 0.475579 0.451138
vt 0.479250 0.451108
vt 0.482921 0.451079
vt 0.486592 0.451049
vt 0.490264 0.451019
vt 0.493935 0.450990
vt 0.497606 0.450960
vt 0.501277 0.450930
vt 0.504949 0.450901
vt 0.508620 0.450871
vt 0.512291 0.450841
vt 0.515962 0.450811
vt 0.519634 0.450782
vt 0.523305 0.450752
vt 0.526976 0.450722
vt 0.530647 0.450693
vt 0.534319 0.450663
vt 0.537990 0.450633
vt 0.541661 0.450603
vt 0.545332 0.450574
vt 0.549004 0.450544
vt 0.552675 0.450514
vt 0.556346 0.450484
vt 0.560017 0.450455
vt 0.563689 0.450425
vt 0.567360 0.450395
vt 0.571031 0.450365
vt 0.574702 0.450335
vt 0.578373 0.450306
vt 0.582045 0.450276
vt 0.585716 0.450246
vt 0.589387 0.450216
vt 0.593058 0.450187
vt 0.596730 0.450157
vt 0.600401 0.450127
vt 0.604072 0.450097
vt 0.607743 0.450067
vt 0.611415 0.450038
vt 0.376485 0.455625
vt 0.380156 0.455595
vt 0.383827 0.455566
vt 0.387498 0.455536
vt 0.391170 0.455507
vt 0.394841 0.455477
vt 0.398512 0.455447
vt 0.402183 0.455418
vt 0.405855 0.455388
vt 0.409526 0.455359
vt 0.413197 0.455329
vt 0.416868 0.455299
vt 0.420540 0.455270
vt 0.424211 0.455240
vt 0.427882 0.455210
vt 0.431553 0.455181
vt 0.435225 0.455151
vt 0.438896 0.455121
vt 0.442567 0.455092
vt 0.446238 0.455062
vt 0.449910 0.455033
vt 0.453581 0.455003
vt 0.457252 0.454973
vt 0.460923 0.454944
vt 0.464595 0.454914
vt 0.468266 0.454884
vt 0.471937 0.454855
vt 0.475608 0.454825
vt 0.479279 0.454795
vt 0.482951 0.454765
vt 0.486622 0.454736
vt 0.490293 0.454706
vt 0.493964 0.454676
vt 0.497636 0.454647
vt 0.501307 0.454617
vt 0.504978 0.454587
vt 0.508649 0.454558
vt 0.512321 0.454528
vt 0.515992 0.454498
vt 0.519663 0.454468
vt 0.523334 0.454439
vt 0.527006 0.454409
vt 0.530677 0.454379
vt 0.534348 0.454350
vt 0.538019 0.454320
vt 0.541691 0.454290
vt 0.545362 0.454260
vt 0.549033 0.454231
vt 0.552704 0.454201
vt 0.556376 0.454171
vt 0.560047 0.454141
vt 0.563718 0.454112
vt 0.567389 0.454082
vt 0.571061 0.454052
vt 0.574732 0.454022
vt 0.578403 0.453992
vt 0.582074 0.453963
vt 0.585746 0.453933
vt 0.589417 0.453903
vt 0.593088 0.453873
vt 0.596759 0.453843
vt 0.600431 0.453814
vt 0.604102 0.453784
vt 0.607773 0.453754
vt 0.611444 0.453724
vt 0.376514 0.459312
vt 0.380185 0.459282
vt 0.383856 0.459252
vt 0.387528 0.459223
vt 0.391199 0.459193
vt 0.394870 0.459164
vt 0.398542 0.459134
vt 0.402213 0.459104
vt 0.405884 0.459075
vt 0.409555 0.459045
vt 0.413227 0.459016
vt 0.416898 0.458986
vt 0.420569 0.458956
vt 0.424240 0.458927
vt 0.427912 0.458897
vt 0.431583 0.458867
vt 0.435254 0.458838
vt 0.438925 0.458808
vt 0.442597 0.458779
vt 0.446268 0.458749
vt 0.449939 0.458719
vt 0.453610 0.458690
vt 0.457282 0.458660
vt 0.460953 0.458630
vt 0.464624 0.458601
vt 0.468295 0.458571
vt 0.471967 0.458541
vt 0.475638 0.458512
vt 0.479309 0.458482
vt 0.482980 0.458452
vt 0.486652 0.458423
vt 0.490323 0.458393
vt 0.493994 0.458363
vt 0.497665 0.458333
vt 0.501337 0.458304
vt 0.505008 0.458274
vt 0.508679 0.458244
vt 0.512350 0.458215
vt 0.516022 0.458185
vt 0.519693 0.458155
vt 0.523364 0.458125
vt 0.527035 0.458096
vt 0.530707 0.458066
vt 0.534378 0.458036
vt 0.538049 0.458006
vt 0.541720 0.457977
vt 0.545392 0.457947
vt 0.549063 0.457917
vt 0.552734 0.457888
vt 0.556405 0.457858
vt 0.560077 0.457828
vt 0.563748 0.457798
vt 0.567419 0.457768
vt 0.571090 0.457739
vt 0.574762 0.457709
vt 0.578433 0.457679
vt 0.582104 0.457649
vt 0.585775 0.457620
vt 0.589447 0.457590
vt 0.593118 0.457560
vt 0.596789 0.457530
vt 0.600460 0.457500
vt 0.604132 0.457471
vt 0.607803 0.457441
vt 0.611474 0.457411
vt 0.376543 0.462998
vt 0.380215 0.462969
vt 0.383886 0.462939
vt 0.387557 0.462910
vt 0.391228 0.462880
vt 0.394900 0.462850
vt 0.398571 0.462821
vt 0.402242 0.462791
vt 0.405913 0.462762
vt 0.409585 0.462732
vt 0.413256 0.462702
vt 0.416927 0.462673
vt 0.420599 0.462643
vt 0.424270 0.462613
vt 0.427941 0.462584
vt 0.431612 0.462554
vt 0.435284 0.462525
vt 0.438955 0.462495
vt 0.442626 0.462465
vt 0.446297 0.462436
vt 0.449969 0.462406
vt 0.453640 0.462376
vt 0.457311 0.462347
vt 0.460982 0.462317
vt 0.464654 0.462287
vt 0.468325 0.462258
vt 0.471996 0.462228
vt 0.475667 0.462198
vt 0.479339 0.462169
vt 0.483010 0.462139
vt 0.486681 0.462109
vt 0.490352 0.462080
vt 0.494024 0.462050
vt 0.497695 0.462020
vt 0.501366 0.461990
vt 0.505037 0.461961
vt 0.508709 0.461931
vt 0.512380 0.461901
vt 0.516051 0.461872
vt 0.519722 0.461842
vt 0.523394 0.461812
vt 0.527065 0.461782
vt 0.530736 0.461753
vt 0.534407 0.461723
vt 0.538079 0.461693
vt 0.541750 0.461663
vt 0.545421 0.461634
vt 0.549092 0.461604
vt 0.552764 0.461574
vt 0.556435 0.461544
vt 0.560106 0.461515
vt 0.563777 0.461485
vt 0.567449 0.461455
vt 0.571120 0.461425
vt 0.574791 0.461396
vt 0.578462 0.461366
vt 0.582134 0.461336
vt 0.585805 0.461306
vt 0.589476 0.461277
vt 0.593147 0.461247
vt 0.596819 0.461217
vt 0.600490 0.461187
vt 0.604161 0.461157
vt 0.607832 0.461128
vt 0.611504 0.461098
vt 0.376573 0.466685
vt 0.380244 0.466655
vt 0.383915 0.466626
vt 0.387587 0.466596
vt 0.391258 0.466567
vt 0.394929 0.466537
vt 0.398600 0.466508
vt 0.402272 0.466478
vt 0.405943 0.466448
vt 0.409614 0.466419
vt 0.413286 0.466389
vt 0.416957 0.466359
vt 0.420628 0.466330
vt 0.424299 0.466300
vt 0.427971 0.466271
vt 0.431642 0.466241
vt 0.435313 0.466211
vt 0.438984 0.466182
vt 0.442656 0.466152
vt 0.446327 0.466122
vt 0.449998 0.466093
vt 0.453669 0.466063
vt 0.457341 0.466033
vt 0.461012 0.466004
vt 0.464683 0.465974
vt 0.468354 0.465944
vt 0.472026 0.465915
vt 0.475697 0.465885
vt 0.479368 0.465855
vt 0.483039 0.465826
vt 0.486711 0.465796
vt 0.490382 0.465766
vt 0.494053 0.465737
vt 0.497724 0.465707
vt 0.501396 0.465677
vt 0.505067 0.465647
vt 0.508738 0.465618
vt 0.512409 0.465588
vt 0.516081 0.465558
vt 0.519752 0.465529
vt 0.523423 0.465499
vt 0.527095 0.465469
vt 0.530766 0.465439
vt 0.534437 0.465410
vt 0.538108 0.465380
vt 0.541780 0.465350
vt 0.545451 0.465320
vt 0.549122 0.465291
vt 0.552793 0.465261
vt 0.556465 0.465231
vt 0.560136 0.465201
vt 0.563807 0.465172
vt 0.567478 0.465142
vt 0.571150 0.465112
vt 0.574821 0.465082
vt 0.578492 0.465053
vt 0.582163 0.465023
vt 0.585835 0.464993
vt 0.589506 0.464963
vt 0.593177 0.464933
vt 0.596848 0.464904
vt 0.600520 0.464874
vt 0.604191 0.464844
vt 0.607862 0.464814
vt 0.611533 0.464784
vt 0.376602 0.470372
vt 0.380274 0.470342
vt 0.383945 0.470313
vt 0.387616 0.470283
vt 0.391287 0.470253
vt 0.394959 0.470224
vt 0.398630 0.470194
vt 0.402301 0.470165
vt 0.405972 0.470135
vt 0.409644 0.470105
vt 0.413315 0.470076
vt 0.416986 0.470046
vt 0.420658 0.470017
vt 0.424329 0.469987
vt 0.428000 0.469957
vt 0.431671 0.469928
vt 0.435343 0.469898
vt 0.439014 0.469868
vt 0.442685 0.469839
vt 0.446356 0.469809
vt 0.450028 0.469779
vt 0.453699 0.469750
vt 0.457370 0.469720
vt 0.461041 0.469690
vt 0.464713 0.469661
vt 0.468384 0.469631
vt 0.501425 0.469364
vt 0.505097 0.469334
vt 0.508768 0.469304
vt 0.512439 0.469275
vt 0.516110 0.469245
vt 0.519782 0.469215
vt 0.523453 0.469186
vt 0.527124 0.469156
vt 0.530795 0.469126
vt 0.534467 0.469096
vt 0.538138 0.469067
vt 0.541809 0.469037
vt 0.545480 0.469007
vt 0.549152 0.468977
vt 0.552823 0.468948
vt 0.556494 0.468918
vt 0.560165 0.468888
vt 0.563837 0.468858
vt 0.567508 0.468829
vt 0.571179 0.468799
vt 0.574850 0.468769
vt 0.578522 0.468739
vt 0.582193 0.468710
vt 0.585864 0.468680
vt 0.589536 0.468650
vt 0.593207 0.468620
vt 0.596878 0.468590
vt 0.600549 0.468561
vt 0.604221 0.468531
vt 0.607892 0.468501
vt 0.611563 0.468471
vt 0.376632 0.474059
vt 0.380303 0.474029
vt 0.383974 0.473999
vt 0.387646 0.473970
vt 0.391317 0.473940
vt 0.394988 0.473911
vt 0.398659 0.473881
vt 0.402331 0.473851
vt 0.406002 0.473822
vt 0.409673 0.473792
vt 0.413344 0.473763
vt 0.417016 0.473733
vt 0.420687 0.473703
vt 0.424358 0.473674
vt 0.428030 0.473644
vt 0.431701 0.473614
vt 0.435372 0.473585
vt 0.439043 0.473555
vt 0.442715 0.473525
vt 0.446386 0.473496
vt 0.450057 0.473466
vt 0.453728 0.473437
vt 0.457400 0.473407
vt 0.461071 0.473377
vt 0.464742 0.473348
vt 0.508797 0.472991
vt 0.512469 0.472962
vt 0.516140 0.472932
vt 0.519811 0.472902
vt 0.523482 0.472872
vt 0.527154 0.472843
vt 0.530825 0.472813
vt 0.534496 0.472783
vt 0.538168 0.472753
vt 0.541839 0.472724
vt 0.545510 0.472694
vt 0.549181 0.472664
vt 0.552853 0.472634
vt 0.556524 0.472605
vt 0.560195 0.472575
vt 0.563866 0.472545
vt 0.567538 0.472515
vt 0.571209 0.472486
vt 0.574880 0.472456
vt 0.578551 0.472426
vt 0.582223 0.472396
vt 0.585894 0.472366
vt 0.589565 0.472337
vt 0.593236 0.472307
vt 0.596908 0.472277
vt 0.600579 0.472247
vt 0.604250 0.472218
vt 0.607922 0.472188
vt 0.611593 0.472158
vt 0.376661 0.477745
vt 0.380333 0.477716
vt 0.384004 0.477686
vt 0.387675 0.477657
vt 0.391346 0.477627
vt 0.395018 0.477597
vt 0.398689 0.477568
vt 0.402360 0.477538
vt 0.406031 0.477509
vt 0.409703 0.477479
vt 0.413374 0.477449
vt 0.417045 0.477420
vt 0.420717 0.477390
vt 0.424388 0.477360
vt 0.428059 0.477331
vt 0.431730 0.477301
vt 0.435402 0.477272
vt 0.439073 0.477242
vt 0.442744 0.477212
vt 0.446415 0.477183
vt 0.450087 0.477153
vt 0.453758 0.477123
vt 0.457429 0.477094
vt 0.461101 0.477064
vt 0.512498 0.476648
vt 0.516170 0.476619
vt 0.519841 0.476589
vt 0.523512 0.476559
vt 0.527183 0.476529
vt 0.530855 0.476500
vt 0.534526 0.476470
vt 0.538197 0.476440
vt 0.541868 0.476410
vt 0.545540 0.476381
vt 0.549211 0.476351
vt 0.552882 0.476321
vt 0.556553 0.476291
vt 0.560225 0.476262
vt 0.563896 0.476232
vt 0.567567 0.476202
vt 0.571239 0.476172
vt 0.574910 0.476143
vt 0.578581 0.476113
vt 0.582252 0.476083
vt 0.585924 0.476053
vt 0.589595 0.476023
vt 0.593266 0.475994
vt 0.596937 0.475964
vt 0.600609 0.475934
vt 0.604280 0.475904
vt 0.607951 0.475874
vt 0.611622 0.475845
vt 0.376691 0.481432
vt 0.380362 0.481402
vt 0.384033 0.481373
vt 0.387705 0.481343
vt 0.391376 0.481314
vt 0.395047 0.481284
vt 0.398718 0.481254
vt 0.402390 0.481225
vt 0.406061 0.481195
vt 0.409732 0.481166
vt 0.413403 0.481136
vt 0.417075 0.481106
vt 0.420746 0.481077
vt 0.424417 0.481047
vt 0.428089 0.481018
vt 0.431760 0.480988
vt 0.435431 0.480958
vt 0.439102 0.480929
vt 0.442774 0.480899
vt 0.446445 0.480869
vt 0.450116 0.480840
vt 0.453787 0.480810
vt 0.457459 0.480780
vt 0.516199 0.480305
vt 0.519870 0.480276
vt 0.523542 0.480246
vt 0.527213 0.480216
vt 0.530884 0.480186
vt 0.534555 0.480157
vt 0.538227 0.480127
vt 0.541898 0.480097
vt 0.545569 0.480067
vt 0.549241 0.480038
vt 0.552912 0.480008
vt 0.556583 0.479978
vt 0.560254 0.479948
vt 0.563926 0.479919
vt 0.567597 0.479889
vt 0.571268 0.479859
vt 0.574939 0.479829
vt 0.578611 0.479800
vt 0.582282 0.479770
vt 0.585953 0.479740
vt 0.589625 0.479710
vt 0.593296 0.479680
vt 0.596967 0.479651
vt 0.600638 0.479621
vt 0.604310 0.479591
vt 0.607981 0.479561
vt 0.611652 0.479531
vt 0.376720 0.485119
vt 0.380391 0.485089
vt 0.384063 0.485060
vt 0.387734 0.485030
vt 0.391405 0.485000
vt 0.395077 0.484971
vt 0.398748 0.484941
vt 0.402419 0.484912
vt 0.406090 0.484882
vt 0.409762 0.484852
vt 0.413433 0.484823
vt 0.417104 0.484793
vt 0.420776 0.484764
vt 0.424447 0.484734
vt 0.428118 0.484704
vt 0.431789 0.484675
vt 0.435461 0.484645
vt 0.439132 0.484615
vt 0.442803 0.484586
vt 0.446474 0.484556
vt 0.450146 0.484526
vt 0.453817 0.484497
vt 0.519900 0.483962
vt 0.523571 0.483933
vt 0.527243 0.483903
vt 0.530914 0.483873
vt 0.534585 0.483843
vt 0.538256 0.483814
vt 0.541928 0.483784
vt 0.545599 0.483754
vt 0.549270 0.483724
vt 0.552941 0.483695
vt 0.556613 0.483665
vt 0.560284 0.483635
vt 0.563955 0.483605
vt 0.567627 0.483576
vt 0.571298 0.483546
vt 0.574969 0.483516
vt 0.578640 0.483486
vt 0.582312 0.483456
vt 0.585983 0.483427
vt 0.589654 0.483397
vt 0.593325 0.483367
vt 0.596997 0.483337
vt 0.600668 0.483308
vt 0.604339 0.483278
vt 0.608011 0.483248
vt 0.611682 0.483218
vt 0.376750 0.488806
vt 0.380421 0.488776
vt 0.384092 0.488746
vt 0.387764 0.488717
vt 0.391435 0.488687
vt 0.395106 0.488658
vt 0.398777 0.488628
vt 0.402449 0.488598
vt 0.406120 0.488569
vt 0.409791 0.488539
vt 0.413462 0.488510
vt 0.417134 0.488480
vt 0.420805 0.488450
vt 0.424476 0.488421
vt 0.428148 0.488391
vt 0.431819 0.488361
vt 0.435490 0.488332
vt 0.439161 0.488302
vt 0.442833 0.488272
vt 0.446504 0.488243
vt 0.450175 0.488213
vt 0.453847 0.488184
vt 0.523601 0.487619
vt 0.527272 0.487590
vt 0.530943 0.487560
vt 0.534615 0.487530
vt 0.538286 0.487500
vt 0.541957 0.487471
vt 0.545629 0.487441
vt 0.549300 0.487411
vt 0.552971 0.487381
vt 0.556642 0.487352
vt 0.560314 0.487322
vt 0.563985 0.487292
vt 0.567656 0.487262
vt 0.571327 0.487233
vt 0.574999 0.487203
vt 0.578670 0.487173
vt 0.582341 0.487143
vt 0.586013 0.487113
vt 0.589684 0.487084
vt 0.593355 0.487054
vt 0.597026 0.487024
vt 0.600698 0.486994
vt 0.604369 0.486964
vt 0.608040 0.486935
vt 0.611712 0.486905
vt 0.376779 0.492492
vt 0.380450 0.492463
vt 0.384122 0.492433
vt 0.387793 0.492404
vt 0.391464 0.492374
vt 0.395136 0.492344
vt 0.398807 0.492315
vt 0.402478 0.492285
vt 0.406149 0.492256
vt 0.409821 0.492226
vt 0.413492 0.492196
vt 0.417163 0.492167
vt 0.420835 0.492137
vt 0.424506 0.492107
vt 0.428177 0.492078
vt 0.431848 0.492048
vt 0.435520 0.492019
vt 0.439191 0.491989
vt 0.442862 0.491959
vt 0.446534 0.491930
vt 0.450205 0.491900
vt 0.527302 0.491276
vt 0.530973 0.491247
vt 0.534644 0.491217
vt 0.538316 0.491187
vt 0.541987 0.491157
vt 0.545658 0.491128
vt 0.549329 0.491098
vt 0.553001 0.491068
vt 0.556672 0.491038
vt 0.560343 0.491009
vt 0.564015 0.490979
vt 0.567686 0.490949
vt 0.571357 0.490919
vt 0.575028 0.490890
vt 0.578700 0.490860
vt 0.582371 0.490830
vt 0.586042 0.490800
vt 0.589714 0.490770
vt 0.593385 0.490741
vt 0.597056 0.490711
vt 0.600727 0.490681
vt 0.604399 0.490651
vt 0.608070 0.490621
vt 0.611741 0.490592
vt 0.376809 0.496179
vt 0.380480 0.496149
vt 0.384151 0.496120
vt 0.387822 0.496090
vt 0.391494 0.496061
vt 0.395165 0.496031
vt 0.398836 0.496002
vt 0.402508 0.495972
vt 0.406179 0.495942
vt 0.409850 0.495913
vt 0.413521 0.495883
vt 0.417193 0.495853
vt 0.420864 0.495824
vt 0.424535 0.495794
vt 0.428207 0.495765
vt 0.431878 0.495735
vt 0.435549 0.495705
vt 0.439220 0.495676
vt 0.442892 0.495646
vt 0.446563 0.495616
vt 0.450234 0.495587
vt 0.531003 0.494933
vt 0.534674 0.494904
vt 0.538345 0.494874
vt 0.542017 0.494844
vt 0.545688 0.494814
vt 0.549359 0.494785
vt 0.553030 0.494755
vt 0.556702 0.494725
vt 0.560373 0.494695
vt 0.564044 0.494666
vt 0.567715 0.494636
vt 0.571387 0.494606
vt 0.575058 0.494576
vt 0.578729 0.494547
vt 0.582401 0.494517
vt 0.586072 0.494487
vt 0.589743 0.494457
vt 0.593414 0.494427
vt 0.597086 0.494398
vt 0.600757 0.494368
vt 0.604428 0.494338
vt 0.608100 0.494308
vt 0.611771 0.494278
vt 0.376838 0.499866
vt 0.380509 0.499836
vt 0.384181 0.499807
vt 0.387852 0.499777
vt 0.391523 0.499747
vt 0.395194 0.499718
vt 0.398866 0.499688
vt 0.402537 0.499659
vt 0.406208 0.499629
vt 0.409880 0.499599
vt 0.413551 0.499570
vt 0.417222 0.499540
vt 0.420894 0.499511
vt 0.424565 0.499481
vt 0.428236 0.499451
vt 0.431907 0.499422
vt 0.435579 0.499392
vt 0.439250 0.499362
vt 0.442921 0.499333
vt 0.446593 0.499303
vt 0.450264 0.499273
vt 0.534704 0.498590
vt 0.538375 0.498561
vt 0.542046 0.498531
vt 0.545717 0.498501
vt 0.549389 0.498471
vt 0.553060 0.498442
vt 0.556731 0.498412
vt 0.560403 0.498382
vt 0.564074 0.498352
vt 0.567745 0.498323
vt 0.571416 0.498293
vt 0.575088 0.498263
vt 0.578759 0.498233
vt 0.582430 0.498204
vt 0.586102 0.498174
vt 0.589773 0.498144
vt 0.593444 0.498114
vt 0.597115 0.498084
vt 0.600787 0.498055
vt 0.604458 0.498025
vt 0.608129 0.497995
vt 0.611801 0.497965
vt 0.376867 0.503553
vt 0.380539 0.503523
vt 0.384210 0.503493
vt 0.387881 0.503464
vt 0.391553 0.503434
vt 0.395224 0.503405
vt 0.398895 0.503375
vt 0.402567 0.503345
vt 0.406238 0.503316
vt 0.409909 0.503286
vt 0.413580 0.503257
vt 0.417252 0.503227
vt 0.420923 0.503197
vt 0.424594 0.503168
vt 0.428266 0.503138
vt 0.431937 0.503108
vt 0.435608 0.503079
vt 0.439280 0.503049
vt 0.442951 0.503020
vt 0.446622 0.502990
vt 0.450293 0.502960
vt 0.453965 0.502931
vt 0.534733 0.502277
vt 0.538404 0.502247
vt 0.542076 0.502218
vt 0.545747 0.502188
vt 0.549418 0.502158
vt 0.553090 0.502128
vt 0.556761 0.502099
vt 0.560432 0.502069
vt 0.564103 0.502039
vt 0.567775 0.502009
vt 0.571446 0.501980
vt 0.575117 0.501950
vt 0.578789 0.501920
vt 0.582460 0.501890
vt 0.586131 0.501860
vt 0.589803 0.501831
vt 0.593474 0.501801
vt 0.597145 0.501771
vt 0.600816 0.501741
vt 0.604488 0.501712
vt 0.608159 0.501682
vt 0.611830 0.501652
vt 0.376897 0.507239
vt 0.380568 0.507210
vt 0.384240 0.507180
vt 0.387911 0.507151
vt 0.391582 0.507121
vt 0.395253 0.507091
vt 0.398925 0.507062
vt 0.402596 0.507032
vt 0.406267 0.507003
vt 0.409939 0.506973
vt 0.413610 0.506943
vt 0.417281 0.506914
vt 0.420953 0.506884
vt 0.424624 0.506854
vt 0.428295 0.506825
vt 0.431966 0.506795
vt 0.435638 0.506766
vt 0.439309 0.506736
vt 0.442980 0.506706
vt 0.446652 0.506677
vt 0.450323 0.506647
vt 0.453994 0.506617
vt 0.457666 0.506588
vt 0.461337 0.506558
vt 0.465008 0.506528
vt 0.468679 0.506499
vt 0.472351 0.506469
vt 0.476022 0.506439
vt 0.523749 0.506053
vt 0.527420 0.506023
vt 0.531091 0.505994
vt 0.534763 0.505964
vt 0.538434 0.505934
vt 0.542105 0.505904
vt 0.545777 0.505875
vt 0.549448 0.505845
vt 0.553119 0.505815
vt 0.556791 0.505785
vt 0.560462 0.505756
vt 0.564133 0.505726
vt 0.567804 0.505696
vt 0.571476 0.505666
vt 0.575147 0.505637
vt 0.578818 0.505607
vt 0.582490 0.505577
vt 0.586161 0.505547
vt 0.589832 0.505517
vt 0.593503 0.505488
vt 0.597175 0.505458
vt 0.600846 0.505428
vt 0.604517 0.505398
vt 0.608189 0.505368
vt 0.611860 0.505339
vt 0.376926 0.510926
vt 0.380598 0.510897
vt 0.384269 0.510867
vt 0.387940 0.510837
vt 0.391612 0.510808
vt 0.395283 0.510778
vt 0.398954 0.510749
vt 0.402626 0.510719
vt 0.406297 0.510689
vt 0.409968 0.510660
vt 0.413639 0.510630
vt 0.417311 0.510601
vt 0.420982 0.510571
vt 0.424653 0.510541
vt 0.428325 0.510512
vt 0.431996 0.510482
vt 0.435667 0.510452
vt 0.439339 0.510423
vt 0.443010 0.510393
vt 0.446681 0.510363
vt 0.450352 0.510334
vt 0.454024 0.510304
vt 0.457695 0.510274
vt 0.461366 0.510245
vt 0.465038 0.510215
vt 0.468709 0.510185
vt 0.472380 0.510156
vt 0.476052 0.510126
vt 0.479723 0.510096
vt 0.483394 0.510067
vt 0.487065 0.510037
vt 0.490737 0.510007
vt 0.494408 0.509978
vt 0.498079 0.509948
vt 0.501751 0.509918
vt 0.505422 0.509889
vt 0.509093 0.509859
vt 0.512765 0.509829
vt 0.516436 0.509799
vt 0.520107 0.509770
vt 0.523778 0.509740
vt 0.527450 0.509710
vt 0.531121 0.509680
vt 0.534792 0.509651
vt 0.538464 0.509621
vt 0.542135 0.509591
vt 0.545806 0.509561
vt 0.549478 0.509532
vt 0.553149 0.509502
vt 0.556820 0.509472
vt 0.560491 0.509442
vt 0.564163 0.509413
vt 0.567834 0.509383
vt 0.571505 0.509353
vt 0.575177 0.509323
vt 0.578848 0.509294
vt 0.582519 0.509264
vt 0.586191 0.509234
vt 0.589862 0.509204
vt 0.593533 0.509174
vt 0.597204 0.509145
vt 0.600876 0.509115
vt 0.604547 0.509085
vt 0.608218 0.509055
vt 0.611890 0.509025
vt 0.376956 0.514613
vt 0.380627 0.514583
vt 0.384298 0.514554
vt 0.387970 0.514524
vt 0.391641 0.514495
vt 0.395312 0.514465
vt 0.398984 0.514435
vt 0.402655 0.514406
vt 0.406326 0.514376
vt 0.409998 0.514347
vt 0.413669 0.514317
vt 0.417340 0.514287
vt 0.421012 0.514258
vt 0.424683 0.514228
vt 0.428354 0.514198
vt 0.432025 0.514169
vt 0.435697 0.514139
vt 0.439368 0.514109
vt 0.443039 0.514080
vt 0.446711 0.514050
vt 0.450382 0.514021
vt 0.454053 0.513991
vt 0.457725 0.513961
vt 0.461396 0.513932
vt 0.465067 0.513902
vt 0.468739 0.513872
vt 0.472410 0.513843
vt 0.476081 0.513813
vt 0.479752 0.513783
vt 0.483424 0.513753
vt 0.487095 0.513724
vt 0.490766 0.513694
vt 0.494438 0.513664
vt 0.498109 0.513635
vt 0.501780 0.513605
vt 0.505452 0.513575
vt 0.509123 0.513546
vt 0.512794 0.513516
vt 0.516465 0.513486
vt 0.520137 0.513456
vt 0.523808 0.513427
vt 0.527479 0.513397
vt 0.531151 0.513367
vt 0.534822 0.513337
vt 0.538493 0.513308
vt 0.542165 0.513278
vt 0.545836 0.513248
vt 0.549507 0.513219
vt 0.553179 0.513189
vt 0.556850 0.513159
vt 0.560521 0.513129
vt 0.564192 0.513099
vt 0.567864 0.513070
vt 0.571535 0.513040
vt 0.575206 0.513010
vt 0.578878 0.512980
vt 0.582549 0.512951
vt 0.586220 0.512921
vt 0.589892 0.512891
vt 0.593563 0.512861
vt 0.597234 0.512831
vt 0.600905 0.512802
vt 0.604577 0.512772
vt 0.608248 0.512742
vt 0.611919 0.512712
vt 0.376985 0.518300
vt 0.380657 0.518270
vt 0.384328 0.518241
vt 0.387999 0.518211
vt 0.391671 0.518181
vt 0.395342 0.518152
vt 0.399013 0.518122
vt 0.402685 0.518093
vt 0.406356 0.518063
vt 0.410027 0.518033
vt 0.413698 0.518004
vt 0.417370 0.517974
vt 0.421041 0.517944
vt 0.424712 0.517915
vt 0.428384 0.517885
vt 0.432055 0.517856
vt 0.435726 0.517826
vt 0.439398 0.517796
vt 0.443069 0.517767
vt 0.446740 0.517737
vt 0.450412 0.517707
vt 0.454083 0.517678
vt 0.457754 0.517648
vt 0.461425 0.517618
vt 0.465097 0.517589
vt 0.468768 0.517559
vt 0.472439 0.517529
vt 0.476111 0.517500
vt 0.479782 0.517470
vt 0.483453 0.517440
vt 0.487125 0.517411
vt 0.490796 0.517381
vt 0.494467 0.517351
vt 0.498139 0.517321
vt 0.501810 0.517292
vt 0.505481 0.517262
vt 0.509152 0.517232
vt 0.512824 0.517203
vt 0.516495 0.517173
vt 0.520166 0.517143
vt 0.523838 0.517113
vt 0.527509 0.517084
vt 0.531180 0.517054
vt 0.534852 0.517024
vt 0.538523 0.516995
vt 0.542194 0.516965
vt 0.545866 0.516935
vt 0.549537 0.516905
vt 0.553208 0.516876
vt 0.556879 0.516846
vt 0.560551 0.516816
vt 0.564222 0.516786
vt 0.567893 0.516756
vt 0.571565 0.516727
vt 0.575236 0.516697
vt 0.578907 0.516667
vt 0.582579 0.516637
vt 0.586250 0.516608
vt 0.589921 0.516578
vt 0.593593 0.516548
vt 0.597264 0.516518
vt 0.600935 0.516488
vt 0.604606 0.516459
vt 0.608278 0.516429
vt 0.611949 0.516399
vt 0.377015 0.521987
vt 0.380686 0.521957
vt 0.384357 0.521927
vt 0.388029 0.521898
vt 0.391700 0.521868
vt 0.395371 0.521839
vt 0.399043 0.521809
vt 0.402714 0.521779
vt 0.406385 0.521750
vt 0.410057 0.521720
vt 0.413728 0.521690
vt 0.417399 0.521661
vt 0.421071 0.521631
vt 0.424742 0.521602
vt 0.428413 0.521572
vt 0.432085 0.521542
vt 0.435756 0.521513
vt 0.439427 0.521483
vt 0.443098 0.521453
vt 0.446770 0.521424
vt 0.450441 0.521394
vt 0.454112 0.521364
vt 0.457784 0.521335
vt 0.461455 0.521305
vt 0.465126 0.521275
vt 0.468798 0.521246
vt 0.472469 0.521216
vt 0.476140 0.521186
vt 0.479812 0.521157
vt 0.483483 0.521127
vt 0.487154 0.521097
vt 0.490825 0.521068
vt 0.494497 0.521038
vt 0.498168 0.521008
vt 0.501839 0.520979
vt 0.505511 0.520949
vt 0.509182 0.520919
vt 0.512853 0.520889
vt 0.516525 0.520860
vt 0.520196 0.520830
vt 0.523867 0.520800
vt 0.527539 0.520771
vt 0.531210 0.520741
vt 0.534881 0.520711
vt 0.538553 0.520681
vt 0.542224 0.520652
vt 0.545895 0.520622
vt 0.549566 0.520592
vt 0.553238 0.520562
vt 0.556909 0.520533
vt 0.560580 0.520503
vt 0.564252 0.520473
vt 0.567923 0.520443
vt 0.571594 0.520413
vt 0.575266 0.520384
vt 0.578937 0.520354
vt 0.582608 0.520324
vt 0.586280 0.520294
vt 0.589951 0.520265
vt 0.593622 0.520235
vt 0.597293 0.520205
vt 0.600965 0.520175
vt 0.604636 0.520145
vt 0.608307 0.520116
vt 0.611979 0.520086
vt 0.377044 0.525673
vt 0.380716 0.525644
vt 0.384387 0.525614
vt 0.388058 0.525585
vt 0.391730 0.525555
vt 0.395401 0.525525
vt 0.399072 0.525496
vt 0.402743 0.525466
vt 0.406415 0.525437
vt 0.410086 0.525407
vt 0.413757 0.525377
vt 0.417429 0.525348
vt 0.421100 0.525318
vt 0.424771 0.525288
vt 0.428443 0.525259
vt 0.432114 0.525229
vt 0.435785 0.525199
vt 0.439457 0.525170
vt 0.443128 0.525140
vt 0.446799 0.525111
vt 0.450471 0.525081
vt 0.454142 0.525051
vt 0.457813 0.525022
vt 0.461485 0.524992
vt 0.465156 0.524962
vt 0.468827 0.524933
vt 0.472498 0.524903
vt 0.476170 0.524873
vt 0.479841 0.524844
vt 0.483512 0.524814
vt 0.487184 0.524784
vt 0.490855 0.524754
vt 0.494526 0.524725
vt 0.498198 0.524695
vt 0.501869 0.524665
vt 0.505540 0.524636
vt 0.509212 0.524606
vt 0.512883 0.524576
vt 0.516554 0.524546
vt 0.520226 0.524517
vt 0.523897 0.524487
vt 0.527568 0.524457
vt 0.531240 0.524428
vt 0.534911 0.524398
vt 0.538582 0.524368
vt 0.542253 0.524338
vt 0.545925 0.524309
vt 0.549596 0.524279
vt 0.553267 0.524249
vt 0.556939 0.524219
vt 0.560610 0.524190
vt 0.564281 0.524160
vt 0.567953 0.524130
vt 0.571624 0.524100
vt 0.575295 0.524070
vt 0.578967 0.524041
vt 0.582638 0.524011
vt 0.586309 0.523981
vt 0.589981 0.523951
vt 0.593652 0.523922
vt 0.597323 0.523892
vt 0.600994 0.523862
vt 0.604666 0.523832
vt 0.608337 0.523802
vt 0.612008 0.523773
vt 0.377074 0.529360
vt 0.380745 0.529331
vt 0.384416 0.529301
vt 0.388088 0.529271
vt 0.391759 0.529242
vt 0.395430 0.529212
vt 0.399102 0.529183
vt 0.402773 0.529153
vt 0.406444 0.529123
vt 0.410116 0.529094
vt 0.413787 0.529064
vt 0.417458 0.529034
vt 0.421130 0.529005
vt 0.424801 0.528975
vt 0.428472 0.528946
vt 0.432144 0.528916
vt 0.435815 0.528886
vt 0.439486 0.528857
vt 0.443157 0.528827
vt 0.446829 0.528797
vt 0.450500 0.528768
vt 0.454171 0.528738
vt 0.457843 0.528708
vt 0.461514 0.528679
vt 0.465185 0.528649
vt 0.468857 0.528619
vt 0.472528 0.528590
vt 0.476199 0.528560
vt 0.479871 0.528530
vt 0.483542 0.528501
vt 0.487213 0.528471
vt 0.490885 0.528441
vt 0.494556 0.528412
vt 0.498227 0.528382
vt 0.501899 0.528352
vt 0.505570 0.528322
vt 0.509241 0.528293
vt 0.512913 0.528263
vt 0.516584 0.528233
vt 0.520255 0.528204
vt 0.523927 0.528174
vt 0.527598 0.528144
vt 0.531269 0.528114
vt 0.534940 0.528085
vt 0.538612 0.528055
vt 0.542283 0.528025
vt 0.545954 0.527995
vt 0.549626 0.527966
vt 0.553297 0.527936
vt 0.556968 0.527906
vt 0.560640 0.527876
vt 0.564311 0.527847
vt 0.567982 0.527817
vt 0.571654 0.527787
vt 0.575325 0.527757
vt 0.578996 0.527728
vt 0.582668 0.527698
vt 0.586339 0.527668
vt 0.590010 0.527638
vt 0.593682 0.527608
vt 0.597353 0.527579
vt 0.601024 0.527549
vt 0.604695 0.527519
vt 0.608367 0.527489
vt 0.612038 0.527459
vt 0.377103 0.533047
vt 0.380775 0.533017
vt 0.384446 0.532988
vt 0.388117 0.532958
vt 0.391788 0.532929
vt 0.395460 0.532899
vt 0.399131 0.532869
vt 0.402802 0.532840
vt 0.406474 0.532810
vt 0.410145 0.532780
vt 0.413816 0.532751
vt 0.417488 0.532721
vt 0.421159 0.532692
vt 0.424830 0.532662
vt 0.428502 0.532632
vt 0.432173 0.532603
vt 0.435844 0.532573
vt 0.439516 0.532543
vt 0.443187 0.532514
vt 0.446858 0.532484
vt 0.450530 0.532454
vt 0.454201 0.532425
vt 0.457872 0.532395
vt 0.461544 0.532365
vt 0.465215 0.532336
vt 0.468886 0.532306
vt 0.472558 0.532276
vt 0.476229 0.532247
vt 0.479900 0.532217
vt 0.483572 0.532187
vt 0.487243 0.532158
vt 0.490914 0.532128
vt 0.494586 0.532098
vt 0.498257 0.532069
vt 0.501928 0.532039
vt 0.505600 0.532009
vt 0.509271 0.531980
vt 0.512942 0.531950
vt 0.516613 0.531920
vt 0.520285 0.531890
vt 0.523956 0.531861
vt 0.527627 0.531831
vt 0.531299 0.531801
vt 0.534970 0.531771
vt 0.538641 0.531742
vt 0.542313 0.531712
vt 0.545984 0.531682
vt 0.549655 0.531652
vt 0.553327 0.531623
vt 0.556998 0.531593
vt 0.560669 0.531563
vt 0.564341 0.531533
vt 0.568012 0.531504
vt 0.571683 0.531474
vt 0.575355 0.531444
vt 0.579026 0.531414
vt 0.582697 0.531385
vt 0.586369 0.531355
vt 0.590040 0.531325
vt 0.593711 0.531295
vt 0.597383 0.531265
vt 0.601054 0.531236
vt 0.604725 0.531206
vt 0.608396 0.531176
vt 0.612068 0.531146
vt 0.377133 0.536734
vt 0.380804 0.536704
vt 0.384475 0.536675
vt 0.388147 0.536645
vt 0.391818 0.536615
vt 0.395489 0.536586
vt 0.399161 0.536556
vt 0.402832 0.536527
vt 0.406503 0.536497
vt 0.410175 0.536467
vt 0.413846 0.536438
vt 0.417517 0.536408
vt 0.421189 0.536378
vt 0.424860 0.536349
vt 0.428531 0.536319
vt 0.432203 0.536290
vt 0.435874 0.536260
vt 0.439545 0.536230
vt 0.443217 0.536201
vt 0.446888 0.536171
vt 0.450559 0.536141
vt 0.454231 0.536112
vt 0.457902 0.536082
vt 0.461573 0.536052
vt 0.465245 0.536023
vt 0.468916 0.535993
vt 0.472587 0.535963
vt 0.476258 0.535934
vt 0.479930 0.535904
vt 0.483601 0.535874
vt 0.487272 0.535845
vt 0.490944 0.535815
vt 0.494615 0.535785
vt 0.498286 0.535755
vt 0.501958 0.535726
vt 0.505629 0.535696
vt 0.509300 0.535666
vt 0.512972 0.535637
vt 0.516643 0.535607
vt 0.520314 0.535577
vt 0.523986 0.535547
vt 0.527657 0.535518
vt 0.531328 0.535488
vt 0.535000 0.535458
vt 0.538671 0.535428
vt 0.542342 0.535399
vt 0.546014 0.535369
vt 0.549685 0.535339
vt 0.553356 0.535309
vt 0.557028 0.535280
vt 0.560699 0.535250
vt 0.564370 0.535220
vt 0.568042 0.535190
vt 0.571713 0.535161
vt 0.575384 0.535131
vt 0.579056 0.535101
vt 0.582727 0.535071
vt 0.586398 0.535042
vt 0.590070 0.535012
vt 0.593741 0.534982
vt 0.597412 0.534952
vt 0.601084 0.534922
vt 0.604755 0.534893
vt 0.608426 0.534863
vt 0.612097 0.534833
vt 0.377162 0.540421
vt 0.380833 0.540391
vt 0.384505 0.540361
vt 0.388176 0.540332
vt 0.391847 0.540302
vt 0.395519 0.540273
vt 0.399190 0.540243
vt 0.402861 0.540213
vt 0.406533 0.540184
vt 0.410204 0.540154
vt 0.413875 0.540124
vt 0.417547 0.540095
vt 0.421218 0.540065
vt 0.424889 0.540036
vt 0.428561 0.540006
vt 0.432232 0.539976
vt 0.435903 0.539947
vt 0.439575 0.539917
vt 0.443246 0.539887
vt 0.446917 0.539858
vt 0.450589 0.539828
vt 0.454260 0.539798
vt 0.457931 0.539769
vt 0.461603 0.539739
vt 0.465274 0.539709
vt 0.468945 0.539680
vt 0.472617 0.539650
vt 0.476288 0.539620
vt 0.479959 0.539591
vt 0.483631 0.539561
vt 0.487302 0.539531
vt 0.490973 0.539502
vt 0.494645 0.539472
vt 0.498316 0.539442
vt 0.501987 0.539413
vt 0.505659 0.539383
vt 0.509330 0.539353
vt 0.513001 0.539323
vt 0.516673 0.539294
vt 0.520344 0.539264
vt 0.524015 0.539234
vt 0.527687 0.539204
vt 0.531358 0.539175
vt 0.535029 0.539145
vt 0.538701 0.539115
vt 0.542372 0.539086
vt 0.546043 0.539056
vt 0.549715 0.539026
vt 0.553386 0.538996
vt 0.557057 0.538967
vt 0.560729 0.538937
vt 0.564400 0.538907
vt 0.568071 0.538877
vt 0.571743 0.538847
vt 0.575414 0.538818
vt 0.579085 0.538788
vt 0.582757 0.538758
vt 0.586428 0.538728
vt 0.590099 0.538699
vt 0.593771 0.538669
vt 0.597442 0.538639
vt 0.601113 0.538609
vt 0.604785 0.538579
vt 0.608456 0.538550
vt 0.612127 0.538520
vt 0.377192 0.544107
vt 0.380863 0.544078
vt 0.384534 0.544048
vt 0.388206 0.544019
vt 0.391877 0.543989
vt 0.395548 0.543959
vt 0.399220 0.543930
vt 0.402891 0.543900
vt 0.406562 0.543871
vt 0.410234 0.543841
vt 0.413905 0.543811
vt 0.417576 0.543782
vt 0.421248 0.543752
vt 0.424919 0.543722
vt 0.428590 0.543693
vt 0.432262 0.543663
vt 0.435933 0.543633
vt 0.439604 0.543604
vt 0.443276 0.543574
vt 0.446947 0.543545
vt 0.450618 0.543515
vt 0.454290 0.543485
vt 0.457961 0.543456
vt 0.461632 0.543426
vt 0.465304 0.543396
vt 0.468975 0.543367
vt 0.472646 0.543337
vt 0.476318 0.543307
vt 0.479989 0.543278
vt 0.483660 0.543248
vt 0.487332 0.543218
vt 0.491003 0.543188
vt 0.494674 0.543159
vt 0.498346 0.543129
vt 0.502017 0.543099
vt 0.505688 0.543070
vt 0.509360 0.543040
vt 0.513031 0.543010
vt 0.516702 0.542980
vt 0.520374 0.542951
vt 0.524045 0.542921
vt 0.527716 0.542891
vt 0.531388 0.542862
vt 0.535059 0.542832
vt 0.538730 0.542802
vt 0.542402 0.542772
vt 0.546073 0.542743
vt 0.549744 0.542713
vt 0.553416 0.542683
vt 0.557087 0.542653
vt 0.560758 0.542624
vt 0.564430 0.542594
vt 0.568101 0.542564
vt 0.571772 0.542534
vt 0.575444 0.542504
vt 0.579115 0.542475
vt 0.582786 0.542445
vt 0.586458 0.542415
vt 0.590129 0.542385
vt 0.593800 0.542356
vt 0.597472 0.542326
vt 0.601143 0.542296
vt 0.604814 0.542266
vt 0.608486 0.542236
vt 0.612157 0.542207
vt 0.377221 0.547794
vt 0.380892 0.547765
vt 0.384564 0.547735
vt 0.388235 0.547705
vt 0.391906 0.547676
vt 0.395578 0.547646
vt 0.399249 0.547617
vt 0.402920 0.547587
vt 0.406592 0.547557
vt 0.410263 0.547528
vt 0.413934 0.547498
vt 0.417606 0.547468
vt 0.421277 0.547439
vt 0.424948 0.547409
vt 0.428620 0.547380
vt 0.432291 0.547350
vt 0.435962 0.547320
vt 0.439634 0.547291
vt 0.443305 0.547261
vt 0.446976 0.547231
vt 0.450648 0.547202
vt 0.454319 0.547172
vt 0.457990 0.547142
vt 0.461662 0.547113
vt 0.465333 0.547083
vt 0.469004 0.547053
vt 0.472676 0.547024
vt 0.476347 0.546994
vt 0.480018 0.546964
vt 0.483690 0.546935
vt 0.487361 0.546905
vt 0.491033 0.546875
vt 0.494704 0.546846
vt 0.498375 0.546816
vt 0.502047 0.546786
vt 0.505718 0.546756
vt 0.509389 0.546727
vt 0.513061 0.546697
vt 0.516732 0.546667
vt 0.520403 0.546638
vt 0.524075 0.546608
vt 0.527746 0.546578
vt 0.531417 0.546548
vt 0.535089 0.546519
vt 0.538760 0.546489
vt 0.542431 0.546459
vt 0.546103 0.546429
vt 0.549774 0.546400
vt 0.553445 0.546370
vt 0.557117 0.546340
vt 0.560788 0.546310
vt 0.564459 0.546281
vt 0.568131 0.546251
vt 0.571802 0.546221
vt 0.575473 0.546191
vt 0.579145 0.546162
vt 0.582816 0.546132
vt 0.586487 0.546102
vt 0.590159 0.546072
vt 0.593830 0.546042
vt 0.597501 0.546013
vt 0.601173 0.545983
vt 0.604844 0.545953
vt 0.608515 0.545923
vt 0.612187 0.545893
vt 0.377250 0.551481
vt 0.380922 0.551451
vt 0.384593 0.551422
vt 0.388265 0.551392
vt 0.391936 0.551363
vt 0.395607 0.551333
vt 0.399279 0.551303
vt 0.402950 0.551274
vt 0.406621 0.551244
vt 0.410293 0.551215
vt 0.413964 0.551185
vt 0.417635 0.551155
vt 0.421307 0.551126
vt 0.424978 0.551096
vt 0.428649 0.551066
vt 0.432321 0.551037
vt 0.435992 0.551007
vt 0.439663 0.550977
vt 0.443335 0.550948
vt 0.447006 0.550918
vt 0.450677 0.550889
vt 0.454349 0.550859
vt 0.458020 0.550829
vt 0.461691 0.550800
vt 0.465363 0.550770
vt 0.469034 0.550740
vt 0.472705 0.550710
vt 0.476377 0.550681
vt 0.480048 0.550651
vt 0.483719 0.550621
vt 0.487391 0.550592
vt 0.491062 0.550562
vt 0.494733 0.550532
vt 0.498405 0.550503
vt 0.502076 0.550473
vt 0.505747 0.550443
vt 0.509419 0.550414
vt 0.513090 0.550384
vt 0.516761 0.550354
vt 0.520433 0.550324
vt 0.524104 0.550295
vt 0.527775 0.550265
vt 0.531447 0.550235
vt 0.535118 0.550205
vt 0.538789 0.550176
vt 0.542461 0.550146
vt 0.546132 0.550116
vt 0.549803 0.550086
vt 0.553475 0.550057
vt 0.557146 0.550027
vt 0.560818 0.549997
vt 0.564489 0.549967
vt 0.568160 0.549938
vt 0.571832 0.549908
vt 0.575503 0.549878
vt 0.579174 0.549848
vt 0.582846 0.549819
vt 0.586517 0.549789
vt 0.590188 0.549759
vt 0.593860 0.549729
vt 0.597531 0.549699
vt 0.601202 0.549670
vt 0.604874 0.549640
vt 0.608545 0.549610
vt 0.612216 0.549580
vt 0.377280 0.555168
vt 0.380951 0.555138
vt 0.384623 0.555109
vt 0.388294 0.555079
vt 0.391965 0.555049
vt 0.395637 0.555020
vt 0.399308 0.554990
vt 0.402979 0.554961
vt 0.406651 0.554931
vt 0.410322 0.554901
vt 0.413993 0.554872
vt 0.417665 0.554842
vt 0.421336 0.554812
vt 0.425007 0.554783
vt 0.428679 0.554753
vt 0.432350 0.554724
vt 0.436021 0.554694
vt 0.439693 0.554664
vt 0.443364 0.554635
vt 0.447036 0.554605
vt 0.450707 0.554575
vt 0.454378 0.554546
vt 0.458050 0.554516
vt 0.461721 0.554486
vt 0.465392 0.554457
vt 0.469064 0.554427
vt 0.472735 0.554397
vt 0.476406 0.554368
vt 0.480078 0.554338
vt 0.483749 0.554308
vt 0.487420 0.554279
vt 0.491092 0.554249
vt 0.494763 0.554219
vt 0.498434 0.554189
vt 0.502106 0.554160
vt 0.505777 0.554130
vt 0.509448 0.554100
vt 0.513120 0.554071
vt 0.516791 0.554041
vt 0.520462 0.554011
vt 0.524134 0.553981
vt 0.527805 0.553952
vt 0.531476 0.553922
vt 0.535148 0.553892
vt 0.538819 0.553863
vt 0.542490 0.553833
vt 0.546162 0.553803
vt 0.549833 0.553773
vt 0.553504 0.553744
vt 0.557176 0.553714
vt 0.560847 0.553684
vt 0.564518 0.553654
vt 0.568190 0.553624
vt 0.571861 0.553595
vt 0.575533 0.553565
vt 0.579204 0.553535
vt 0.582875 0.553505
vt 0.586547 0.553476
vt 0.590218 0.553446
vt 0.593889 0.553416
vt 0.597561 0.553386
vt 0.601232 0.553356
vt 0.604903 0.553327
vt 0.608575 0.553297
vt 0.612246 0.553267
vt 0.377309 0.558855
vt 0.380981 0.558825
vt 0.384652 0.558795
vt 0.388323 0.558766
vt 0.391995 0.558736
vt 0.395666 0.558707
vt 0.399338 0.558677
vt 0.403009 0.558647
vt 0.406680 0.558618
vt 0.410352 0.558588
vt 0.414023 0.558559
vt 0.417694 0.558529
vt 0.421366 0.558499
vt 0.425037 0.558470
vt 0.428708 0.558440
vt 0.432380 0.558410
vt 0.436051 0.558381
vt 0.439722 0.558351
vt 0.443394 0.558321
vt 0.447065 0.558292
vt 0.450736 0.558262
vt 0.454408 0.558232
vt 0.458079 0.558203
vt 0.461750 0.558173
vt 0.465422 0.558143
vt 0.469093 0.558114
vt 0.472764 0.558084
vt 0.476436 0.558054
vt 0.480107 0.558025
vt 0.483779 0.557995
vt 0.487450 0.557965
vt 0.491121 0.557936
vt 0.494793 0.557906
vt 0.498464 0.557876
vt 0.502135 0.557847
vt 0.505807 0.557817
vt 0.509478 0.557787
vt 0.513149 0.557757
vt 0.516821 0.557728
vt 0.520492 0.557698
vt 0.524163 0.557668
vt 0.527835 0.557639
vt 0.531506 0.557609
vt 0.535177 0.557579
vt 0.538849 0.557549
vt 0.542520 0.557520
vt 0.546191 0.557490
vt 0.549863 0.557460
vt 0.553534 0.557430
vt 0.557205 0.557401
vt 0.560877 0.557371
vt 0.564548 0.557341
vt 0.568219 0.557311
vt 0.571891 0.557281
vt 0.575562 0.557252
vt 0.579234 0.557222
vt 0.582905 0.557192
vt 0.586576 0.557162
vt 0.590248 0.557133
vt 0.593919 0.557103
vt 0.597590 0.557073
vt 0.601262 0.557043
vt 0.604933 0.557013
vt 0.608604 0.556984
vt 0.612276 0.556954
vt 0.377339 0.562541
vt 0.381010 0.562512
vt 0.384682 0.562482
vt 0.388353 0.562453
vt 0.392024 0.562423
vt 0.395696 0.562393
vt 0.399367 0.562364
vt 0.403038 0.562334
vt 0.406710 0.562305
vt 0.410381 0.562275
vt 0.414052 0.562245
vt 0.417724 0.562216
vt 0.421395 0.562186
vt 0.425066 0.562156
vt 0.428738 0.562127
vt 0.432409 0.562097
vt 0.436081 0.562068
vt 0.439752 0.562038
vt 0.443423 0.562008
vt 0.447095 0.561979
vt 0.450766 0.561949
vt 0.454437 0.561919
vt 0.458109 0.561890
vt 0.461780 0.561860
vt 0.465451 0.561830
vt 0.469123 0.561801
vt 0.472794 0.561771
vt 0.476465 0.561741
vt 0.480137 0.561712
vt 0.483808 0.561682
vt 0.487479 0.561652
vt 0.491151 0.561623
vt 0.494822 0.561593
vt 0.498493 0.561563
vt 0.502165 0.561533
vt 0.505836 0.561504
vt 0.509508 0.561474
vt 0.513179 0.561444
vt 0.516850 0.561415
vt 0.520522 0.561385
vt 0.524193 0.561355
vt 0.527864 0.561325
vt 0.531536 0.561296
vt 0.535207 0.561266
vt 0.538878 0.561236
vt 0.542550 0.561206
vt 0.546221 0.561177
vt 0.549892 0.561147
vt 0.553564 0.561117
vt 0.557235 0.561087
vt 0.560906 0.561058
vt 0.564578 0.561028
vt 0.568249 0.560998
vt 0.571920 0.560968
vt 0.575592 0.560939
vt 0.579263 0.560909
vt 0.582935 0.560879
vt 0.586606 0.560849
vt 0.590277 0.560819
vt 0.593949 0.560790
vt 0.597620 0.560760
vt 0.601291 0.560730
vt 0.604963 0.560700
vt 0.608634 0.560670
vt 0.612305 0.560641
vt 0.377368 0.566228
vt 0.381040 0.566199
vt 0.384711 0.566169
vt 0.388382 0.566139
vt 0.392054 0.566110
vt 0.395725 0.566080
vt 0.399396 0.566051
vt 0.403068 0.566021
vt 0.406739 0.565991
vt 0.410411 0.565962
vt 0.414082 0.565932
vt 0.417753 0.565903
vt 0.421425 0.565873
vt 0.425096 0.565843
vt 0.428767 0.565814
vt 0.432439 0.565784
vt 0.436110 0.565754
vt 0.439781 0.565725
vt 0.443453 0.565695
vt 0.447124 0.565665
vt 0.450795 0.565636
vt 0.454467 0.565606
vt 0.458138 0.565576
vt 0.461810 0.565547
vt 0.465481 0.565517
vt 0.469152 0.565487
vt 0.472824 0.565458
vt 0.476495 0.565428
vt 0.480166 0.565398
vt 0.483838 0.565369
vt 0.487509 0.565339
vt 0.491180 0.565309
vt 0.494852 0.565280
vt 0.498523 0.565250
vt 0.502194 0.565220
vt 0.505866 0.565191
vt 0.509537 0.565161
vt 0.513208 0.565131
vt 0.516880 0.565101
vt 0.520551 0.565072
vt 0.524223 0.565042
vt 0.527894 0.565012
vt 0.531565 0.564982
vt 0.535237 0.564953
vt 0.538908 0.564923
vt 0.542579 0.564893
vt 0.546251 0.564863
vt 0.549922 0.564834
vt 0.553593 0.564804
vt 0.557265 0.564774
vt 0.560936 0.564744
vt 0.564607 0.564715
vt 0.568279 0.564685
vt 0.571950 0.564655
vt 0.575621 0.564625
vt 0.579293 0.564596
vt 0.582964 0.564566
vt 0.586636 0.564536
vt 0.590307 0.564506
vt 0.593978 0.564476
vt 0.597650 0.564447
vt 0.601321 0.564417
vt 0.604992 0.564387
vt 0.608664 0.564357
vt 0.612335 0.564327
vt 0.377398 0.569915
vt 0.381069 0.569885
vt 0.384741 0.569856
vt 0.388412 0.569826
vt 0.392083 0.569797
vt 0.395755 0.569767
vt 0.399426 0.569737
vt 0.403097 0.569708
vt 0.406769 0.569678
vt 0.410440 0.569649
vt 0.414111 0.569619
vt 0.417783 0.569589
vt 0.421454 0.569560
vt 0.425125 0.569530
vt 0.428797 0.569501
vt 0.432468 0.569471
vt 0.436140 0.569441
vt 0.439811 0.569412
vt 0.443482 0.569382
vt 0.447154 0.569352
vt 0.450825 0.569323
vt 0.454496 0.569293
vt 0.458168 0.569263
vt 0.461839 0.569234
vt 0.465510 0.569204
vt 0.469182 0.569174
vt 0.472853 0.569145
vt 0.476525 0.569115
vt 0.480196 0.569085
vt 0.483867 0.569056
vt 0.487539 0.569026
vt 0.491210 0.568996
vt 0.494881 0.568966
vt 0.498553 0.568937
vt 0.502224 0.568907
vt 0.505895 0.568877
vt 0.509567 0.568848
vt 0.513238 0.568818
vt 0.516909 0.568788
vt 0.520581 0.568758
vt 0.524252 0.568729
vt 0.527924 0.568699
vt 0.531595 0.568669
vt 0.535266 0.568640
vt 0.538938 0.568610
vt 0.542609 0.568580
vt 0.546280 0.568550
vt 0.549952 0.568521
vt 0.553623 0.568491
vt 0.557294 0.568461
vt 0.560966 0.568431
vt 0.564637 0.568402
vt 0.568308 0.568372
vt 0.571980 0.568342
vt 0.575651 0.568312
vt 0.579322 0.568282
vt 0.582994 0.568253
vt 0.586665 0.568223
vt 0.590337 0.568193
vt 0.594008 0.568163
vt 0.597679 0.568133
vt 0.601351 0.568104
vt 0.605022 0.568074
vt 0.608693 0.568044
vt 0.612365 0.568014
vt 0.377427 0.573602
vt 0.381099 0.573572
vt 0.384770 0.573543
vt 0.388441 0.573513
vt 0.392113 0.573484
vt 0.395784 0.573454
vt 0.399455 0.573424
vt 0.403127 0.573395
vt 0.406798 0.573365
vt 0.410470 0.573335
vt 0.414141 0.573306
vt 0.417812 0.573276
vt 0.421484 0.573247
vt 0.425155 0.573217
vt 0.428826 0.573187
vt 0.432498 0.573158
vt 0.436169 0.573128
vt 0.439840 0.573098
vt 0.443512 0.573069
vt 0.447183 0.573039
vt 0.450855 0.573009
vt 0.454526 0.572980
vt 0.458197 0.572950
vt 0.461869 0.572920
vt 0.465540 0.572891
vt 0.469211 0.572861
vt 0.472883 0.572831
vt 0.476554 0.572802
vt 0.480225 0.572772
vt 0.483897 0.572742
vt 0.487568 0.572713
vt 0.491240 0.572683
vt 0.494911 0.572653
vt 0.498582 0.572624
vt 0.502254 0.572594
vt 0.505925 0.572564
vt 0.509596 0.572534
vt 0.513268 0.572505
vt 0.516939 0.572475
vt 0.520610 0.572445
vt 0.524282 0.572416
vt 0.527953 0.572386
vt 0.531624 0.572356
vt 0.535296 0.572326
vt 0.538967 0.572297
vt 0.542639 0.572267
vt 0.546310 0.572237
vt 0.549981 0.572207
vt 0.553653 0.572178
vt 0.557324 0.572148
vt 0.560995 0.572118
vt 0.564667 0.572088
vt 0.568338 0.572059
vt 0.572009 0.572029
vt 0.575681 0.571999
vt 0.579352 0.571969
vt 0.583024 0.571939
vt 0.586695 0.571910
vt 0.590366 0.571880
vt 0.594038 0.571850
vt 0.597709 0.571820
vt 0.601380 0.571790
vt 0.605052 0.571761
vt 0.608723 0.571731
vt 0.612394 0.571701
vt 0.377457 0.577289
vt 0.381128 0.577259
vt 0.384799 0.577230
vt 0.388471 0.577200
vt 0.392142 0.577170
vt 0.395814 0.577141
vt 0.399485 0.577111
vt 0.403156 0.577082
vt 0.406828 0.577052
vt 0.410499 0.577022
vt 0.414170 0.576993
vt 0.417842 0.576963
vt 0.421513 0.576933
vt 0.425184 0.576904
vt 0.428856 0.576874
vt 0.432527 0.576845
vt 0.436199 0.576815
vt 0.439870 0.576785
vt 0.443541 0.576756
vt 0.447213 0.576726
vt 0.450884 0.576696
vt 0.454555 0.576667
vt 0.458227 0.576637
vt 0.461898 0.576607
vt 0.465570 0.576578
vt 0.469241 0.576548
vt 0.472912 0.576518
vt 0.476584 0.576489
vt 0.480255 0.576459
vt 0.483926 0.576429
vt 0.487598 0.576400
vt 0.491269 0.576370
vt 0.494940 0.576340
vt 0.498612 0.576310
vt 0.502283 0.576281
vt 0.505955 0.576251
vt 0.509626 0.576221
vt 0.513297 0.576192
vt 0.516969 0.576162
vt 0.520640 0.576132
vt 0.524311 0.576102
vt 0.527983 0.576073
vt 0.531654 0.576043
vt 0.535325 0.576013
vt 0.538997 0.575983
vt 0.542668 0.575954
vt 0.546340 0.575924
vt 0.550011 0.575894
vt 0.553682 0.575864
vt 0.557354 0.575835
vt 0.561025 0.575805
vt 0.564696 0.575775
vt 0.568368 0.575745
vt 0.572039 0.575716
vt 0.575710 0.575686
vt 0.579382 0.575656
vt 0.583053 0.575626
vt 0.586725 0.575597
vt 0.590396 0.575567
vt 0.594067 0.575537
vt 0.597739 0.575507
vt 0.601410 0.575477
vt 0.605081 0.575448
vt 0.608753 0.575418
vt 0.612424 0.575388
vt 0.377486 0.580976
vt 0.381158 0.580946
vt 0.384829 0.580916
vt 0.388500 0.580887
vt 0.392172 0.580857
vt 0.395843 0.580828
vt 0.399514 0.580798
vt 0.403186 0.580768
vt 0.406857 0.580739
vt 0.410529 0.580709
vt 0.414200 0.580680
vt 0.417871 0.580650
vt 0.421543 0.580620
vt 0.425214 0.580591
vt 0.428885 0.580561
vt 0.432557 0.580531
vt 0.436228 0.580502
vt 0.439899 0.580472
vt 0.443571 0.580442
vt 0.447242 0.580413
vt 0.450914 0.580383
vt 0.454585 0.580353
vt 0.458256 0.580324
vt 0.461928 0.580294
vt 0.465599 0.580264
vt 0.469270 0.580235
vt 0.472942 0.580205
vt 0.476613 0.580175
vt 0.480285 0.580146
vt 0.483956 0.580116
vt 0.487627 0.580086
vt 0.491299 0.580057
vt 0.494970 0.580027
vt 0.498641 0.579997
vt 0.502313 0.579968
vt 0.505984 0.579938
vt 0.509655 0.579908
vt 0.513327 0.579878
vt 0.516998 0.579849
vt 0.520670 0.579819
vt 0.524341 0.579789
vt 0.528012 0.579760
vt 0.531684 0.579730
vt 0.535355 0.579700
vt 0.539026 0.579670
vt 0.542698 0.579641
vt 0.546369 0.579611
vt 0.550041 0.579581
vt 0.553712 0.579551
vt 0.557383 0.579522
vt 0.561055 0.579492
vt 0.564726 0.579462
vt 0.568397 0.579432
vt 0.572069 0.579402
vt 0.575740 0.579373
vt 0.579411 0.579343
vt 0.583083 0.579313
vt 0.586754 0.579283
vt 0.590426 0.579254
vt 0.594097 0.579224
vt 0.597768 0.579194
vt 0.601440 0.579164
vt 0.605111 0.579134
vt 0.608782 0.579105
vt 0.612454 0.579075
vt 0.377516 0.584662
vt 0.381187 0.584633
vt 0.384858 0.584603
vt 0.388530 0.584574
vt 0.392201 0.584544
vt 0.395873 0.584514
vt 0.399544 0.584485
vt 0.403215 0.584455
vt 0.406887 0.584426
vt 0.410558 0.584396
vt 0.414229 0.584366
vt 0.417901 0.584337
vt 0.421572 0.584307
vt 0.425244 0.584278
vt 0.428915 0.584248
vt 0.432586 0.584218
vt 0.436258 0.584189
vt 0.439929 0.584159
vt 0.443600 0.584129
vt 0.447272 0.584100
vt 0.450943 0.584070
vt 0.454615 0.584040
vt 0.458286 0.584011
vt 0.461957 0.583981
vt 0.465629 0.583951
vt 0.469300 0.583922
vt 0.472971 0.583892
vt 0.476643 0.583862
vt 0.480314 0.583833
vt 0.483985 0.583803
vt 0.487657 0.583773
vt 0.491328 0.583744
vt 0.495000 0.583714
vt 0.498671 0.583684
vt 0.502342 0.583654
vt 0.506014 0.583625
vt 0.509685 0.583595
vt 0.513356 0.583565
vt 0.517028 0.583536
vt 0.520699 0.583506
vt 0.524371 0.583476
vt 0.528042 0.583446
vt 0.531713 0.583417
vt 0.535385 0.583387
vt 0.539056 0.583357
vt 0.542727 0.583327
vt 0.546399 0.583298
vt 0.550070 0.583268
vt 0.553742 0.583238
vt 0.557413 0.583208
vt 0.561084 0.583179
vt 0.564756 0.583149
vt 0.568427 0.583119
vt 0.572098 0.583089
vt 0.575770 0.583060
vt 0.579441 0.583030
vt 0.583112 0.583000
vt 0.586784 0.582970
vt 0.590455 0.582940
vt 0.594127 0.582911
vt 0.597798 0.582881
vt 0.601469 0.582851
vt 0.605141 0.582821
vt 0.608812 0.582791
vt 0.612483 0.582762
vt 0.377545 0.588349
vt 0.381216 0.588320
vt 0.384888 0.588290
vt 0.388559 0.588261
vt 0.392231 0.588231
vt 0.395902 0.588201
vt 0.399573 0.588172
vt 0.403245 0.588142
vt 0.406916 0.588112
vt 0.410588 0.588083
vt 0.414259 0.588053
vt 0.417930 0.588024
vt 0.421602 0.587994
vt 0.425273 0.587964
vt 0.428944 0.587935
vt 0.432616 0.587905
vt 0.436287 0.587875
vt 0.439959 0.587846
vt 0.443630 0.587816
vt 0.447301 0.587786
vt 0.450973 0.587757
vt 0.454644 0.587727
vt 0.458315 0.587698
vt 0.461987 0.587668
vt 0.465658 0.587638
vt 0.469330 0.587608
vt 0.473001 0.587579
vt 0.476672 0.587549
vt 0.480344 0.587519
vt 0.484015 0.587490
vt 0.487686 0.587460
vt 0.491358 0.587430
vt 0.495029 0.587401
vt 0.498701 0.587371
vt 0.502372 0.587341
vt 0.506043 0.587312
vt 0.509715 0.587282
vt 0.513386 0.587252
vt 0.517057 0.587222
vt 0.520729 0.587193
vt 0.524400 0.587163
vt 0.528072 0.587133
vt 0.531743 0.587103
vt 0.535414 0.587074
vt 0.539086 0.587044
vt 0.542757 0.587014
vt 0.546428 0.586985
vt 0.550100 0.586955
vt 0.553771 0.586925
vt 0.557443 0.586895
vt 0.561114 0.586865
vt 0.564785 0.586836
vt 0.568457 0.586806
vt 0.572128 0.586776
vt 0.575799 0.586746
vt 0.579471 0.586717
vt 0.583142 0.586687
vt 0.586814 0.586657
vt 0.590485 0.586627
vt 0.594156 0.586597
vt 0.597828 0.586568
vt 0.601499 0.586538
vt 0.605170 0.586508
vt 0.608842 0.586478
vt 0.612513 0.586448
vt 0.377575 0.592036
vt 0.381246 0.592007
vt 0.384917 0.591977
vt 0.388589 0.591947
vt 0.392260 0.591918
vt 0.395931 0.591888
vt 0.399603 0.591859
vt 0.403274 0.591829
vt 0.406946 0.591799
vt 0.410617 0.591770
vt 0.414288 0.591740
vt 0.417960 0.591710
vt 0.421631 0.591681
vt 0.425303 0.591651
vt 0.428974 0.591622
vt 0.432645 0.591592
vt 0.436317 0.591562
vt 0.439988 0.591533
vt 0.443659 0.591503
vt 0.447331 0.591473
vt 0.451002 0.591444
vt 0.454674 0.591414
vt 0.458345 0.591384
vt 0.462016 0.591355
vt 0.465688 0.591325
vt 0.469359 0.591295
vt 0.473030 0.591266
vt 0.476702 0.591236
vt 0.480373 0.591206
vt 0.484045 0.591177
vt 0.487716 0.591147
vt 0.491387 0.591117
vt 0.495059 0.591088
vt 0.498730 0.591058
vt 0.502402 0.591028
vt 0.506073 0.590998
vt 0.509744 0.590969
vt 0.513416 0.590939
vt 0.517087 0.590909
vt 0.520758 0.590880
vt 0.524430 0.590850
vt 0.528101 0.590820
vt 0.531773 0.590790
vt 0.535444 0.590761
vt 0.539115 0.590731
vt 0.542787 0.590701
vt 0.546458 0.590671
vt 0.550129 0.590642
vt 0.553801 0.590612
vt 0.557472 0.590582
vt 0.561144 0.590552
vt 0.564815 0.590523
vt 0.568486 0.590493
vt 0.572158 0.590463
vt 0.575829 0.590433
vt 0.579500 0.590403
vt 0.583172 0.590374
vt 0.586843 0.590344
vt 0.590515 0.590314
vt 0.594186 0.590284
vt 0.597857 0.590254
vt 0.601529 0.590225
vt 0.605200 0.590195
vt 0.608871 0.590165
vt 0.612543 0.590135
vt 0.377604 0.595723
vt 0.381275 0.595693
vt 0.384947 0.595664
vt 0.388618 0.595634
vt 0.392290 0.595605
vt 0.395961 0.595575
vt 0.399632 0.595545
vt 0.403304 0.595516
vt 0.406975 0.595486
vt 0.410647 0.595457
vt 0.414318 0.595427
vt 0.417989 0.595397
vt 0.421661 0.595368
vt 0.425332 0.595338
vt 0.429003 0.595308
vt 0.432675 0.595279
vt 0.436346 0.595249
vt 0.440018 0.595220
vt 0.443689 0.595190
vt 0.447360 0.595160
vt 0.451032 0.595131
vt 0.454703 0.595101
vt 0.458374 0.595071
vt 0.462046 0.595042
vt 0.465717 0.595012
vt 0.469389 0.594982
vt 0.473060 0.594953
vt 0.476731 0.594923
vt 0.480403 0.594893
vt 0.484074 0.594863
vt 0.487746 0.594834
vt 0.491417 0.594804
vt 0.495088 0.594774
vt 0.498760 0.594745
vt 0.502431 0.594715
vt 0.506102 0.594685
vt 0.509774 0.594656
vt 0.513445 0.594626
vt 0.517117 0.594596
vt 0.520788 0.594566
vt 0.524459 0.594537
vt 0.528131 0.594507
vt 0.531802 0.594477
vt 0.535474 0.594447
vt 0.539145 0.594418
vt 0.542816 0.594388
vt 0.546488 0.594358
vt 0.550159 0.594328
vt 0.553830 0.594299
vt 0.557502 0.594269
vt 0.561173 0.594239
vt 0.564845 0.594209
vt 0.568516 0.594180
vt 0.572187 0.594150
vt 0.575859 0.594120
vt 0.579530 0.594090
vt 0.583201 0.594061
vt 0.586873 0.594031
vt 0.590544 0.594001
vt 0.594216 0.593971
vt 0.597887 0.593941
vt 0.601558 0.593912
vt 0.605230 0.593882
vt 0.608901 0.593852
vt 0.612573 0.593822
vt 0.377634 0.599410
vt 0.381305 0.599380
vt 0.384976 0.599351
vt 0.388648 0.599321
vt 0.392319 0.599291
vt 0.395990 0.599262
vt 0.399662 0.599232
vt 0.403333 0.599203
vt 0.407005 0.599173
vt 0.410676 0.599143
vt 0.414347 0.599114
vt 0.418019 0.599084
vt 0.421690 0.599055
vt 0.425362 0.599025
vt 0.429033 0.598995
vt 0.432704 0.598966
vt 0.436376 0.598936
vt 0.440047 0.598906
vt 0.443718 0.598877
vt 0.447390 0.598847
vt 0.451061 0.598817
vt 0.454733 0.598788
vt 0.458404 0.598758
vt 0.462075 0.598728
vt 0.465747 0.598699
vt 0.469418 0.598669
vt 0.473090 0.598639
vt 0.476761 0.598610
vt 0.480432 0.598580
vt 0.484104 0.598550
vt 0.487775 0.598521
vt 0.491447 0.598491
vt 0.495118 0.598461
vt 0.498789 0.598432
vt 0.502461 0.598402
vt 0.506132 0.598372
vt 0.509803 0.598342
vt 0.513475 0.598313
vt 0.517146 0.598283
vt 0.520818 0.598253
vt 0.524489 0.598224
vt 0.528160 0.598194
vt 0.531832 0.598164
vt 0.535503 0.598134
vt 0.539175 0.598105
vt 0.542846 0.598075
vt 0.546517 0.598045
vt 0.550189 0.598015
vt 0.553860 0.597986
vt 0.557531 0.597956
vt 0.561203 0.597926
vt 0.564874 0.597896
vt 0.568546 0.597866
vt 0.572217 0.597837
vt 0.575888 0.597807
vt 0.579560 0.597777
vt 0.583231 0.597747
vt 0.586903 0.597718
vt 0.590574 0.597688
vt 0.594245 0.597658
vt 0.597917 0.597628
vt 0.601588 0.597598
vt 0.605259 0.597569
vt 0.608931 0.597539
vt 0.612602 0.597509
vt 0.377663 0.603097
vt 0.381334 0.603067
vt 0.385006 0.603038
vt 0.388677 0.603008
vt 0.392349 0.602978
vt 0.396020 0.602949
vt 0.399691 0.602919
vt 0.403363 0.602890
vt 0.407034 0.602860
vt 0.410705 0.602830
vt 0.414377 0.602801
vt 0.418048 0.602771
vt 0.421720 0.602741
vt 0.425391 0.602712
vt 0.429062 0.602682
vt 0.432734 0.602653
vt 0.436405 0.602623
vt 0.440077 0.602593
vt 0.443748 0.602564
vt 0.447419 0.602534
vt 0.451091 0.602504
vt 0.454762 0.602475
vt 0.458434 0.602445
vt 0.462105 0.602415
vt 0.465776 0.602386
vt 0.469448 0.602356
vt 0.473119 0.602326
vt 0.476791 0.602297
vt 0.480462 0.602267
vt 0.484133 0.602237
vt 0.487805 0.602207
vt 0.491476 0.602178
vt 0.495147 0.602148
vt 0.498819 0.602118
vt 0.502490 0.602089
vt 0.506162 0.602059
vt 0.509833 0.602029
vt 0.513504 0.602000
vt 0.517176 0.601970
vt 0.520847 0.601940
vt 0.524519 0.601910
vt 0.528190 0.601881
vt 0.531861 0.601851
vt 0.535533 0.601821
vt 0.539204 0.601791
vt 0.542876 0.601762
vt 0.546547 0.601732
vt 0.550218 0.601702
vt 0.553890 0.601672
vt 0.557561 0.601643
vt 0.561232 0.601613
vt 0.564904 0.601583
vt 0.568575 0.601553
vt 0.572247 0.601524
vt 0.575918 0.601494
vt 0.579589 0.601464
vt 0.583261 0.601434
vt 0.586932 0.601404
vt 0.590604 0.601375
vt 0.594275 0.601345
vt 0.597946 0.601315
vt 0.601618 0.601285
vt 0.605289 0.601255
vt 0.608961 0.601226
vt 0.612632 0.601196
vt 0.377692 0.606784
vt 0.381364 0.606754
vt 0.385035 0.606724
vt 0.388707 0.606695
vt 0.392378 0.606665
vt 0.396049 0.606636
vt 0.399721 0.606606
vt 0.403392 0.606576
vt 0.407064 0.606547
vt 0.410735 0.606517
vt 0.414406 0.606488
vt 0.418078 0.606458
vt 0.421749 0.606428
vt 0.425421 0.606399
vt 0.429092 0.606369
vt 0.432763 0.606339
vt 0.436435 0.606310
vt 0.440106 0.606280
vt 0.443778 0.606250
vt 0.447449 0.606221
vt 0.451120 0.606191
vt 0.454792 0.606161
vt 0.458463 0.606132
vt 0.462135 0.606102
vt 0.465806 0.606072
vt 0.469477 0.606043
vt 0.473149 0.606013
vt 0.476820 0.605983
vt 0.480491 0.605954
vt 0.484163 0.605924
vt 0.487834 0.605894
vt 0.491506 0.605865
vt 0.495177 0.605835
vt 0.498848 0.605805
vt 0.502520 0.605776
vt 0.506191 0.605746
vt 0.509863 0.605716
vt 0.513534 0.605686
vt 0.517205 0.605657
vt 0.520877 0.605627
vt 0.524548 0.605597
vt 0.528220 0.605568
vt 0.531891 0.605538
vt 0.535562 0.605508
vt 0.539234 0.605478
vt 0.542905 0.605449
vt 0.546577 0.605419
vt 0.550248 0.605389
vt 0.553919 0.605359
vt 0.557591 0.605330
vt 0.561262 0.605300
vt 0.564934 0.605270
vt 0.568605 0.605240
vt 0.572276 0.605210
vt 0.575948 0.605181
vt 0.579619 0.605151
vt 0.583290 0.605121
vt 0.586962 0.605091
vt 0.590633 0.605062
vt 0.594305 0.605032
vt 0.597976 0.605002
vt 0.601647 0.604972
vt 0.605319 0.604942
vt 0.608990 0.604912
vt 0.612662 0.604883
vt 0.377722 0.610470
vt 0.381393 0.610441
vt 0.385065 0.610411
vt 0.388736 0.610382
vt 0.392407 0.610352
vt 0.396079 0.610322
vt 0.399750 0.610293
vt 0.403422 0.610263
vt 0.407093 0.610234
vt 0.410764 0.610204
vt 0.414436 0.610174
vt 0.418107 0.610145
vt 0.421779 0.610115
vt 0.425450 0.610086
vt 0.429121 0.610056
vt 0.432793 0.610026
vt 0.436464 0.609997
vt 0.440136 0.609967
vt 0.443807 0.609937
vt 0.447478 0.609908
vt 0.451150 0.609878
vt 0.454821 0.609848
vt 0.458493 0.609819
vt 0.462164 0.609789
vt 0.465835 0.609759
vt 0.469507 0.609730
vt 0.473178 0.609700
vt 0.476850 0.609670
vt 0.480521 0.609641
vt 0.484192 0.609611
vt 0.487864 0.609581
vt 0.491535 0.609552
vt 0.495207 0.609522
vt 0.498878 0.609492
vt 0.502549 0.609462
vt 0.506221 0.609433
vt 0.509892 0.609403
vt 0.513564 0.609373
vt 0.517235 0.609344
vt 0.520906 0.609314
vt 0.524578 0.609284
vt 0.528249 0.609254
vt 0.531921 0.609225
vt 0.535592 0.609195
vt 0.539263 0.609165
vt 0.542935 0.609135
vt 0.546606 0.609106
vt 0.550278 0.609076
vt 0.553949 0.609046
vt 0.557620 0.609016
vt 0.561292 0.608987
vt 0.564963 0.608957
vt 0.568635 0.608927
vt 0.572306 0.608897
vt 0.575977 0.608868
vt 0.579649 0.608838
vt 0.583320 0.608808
vt 0.586992 0.608778
vt 0.590663 0.608748
vt 0.594334 0.608719
vt 0.598006 0.608689
vt 0.601677 0.608659
vt 0.605348 0.608629
vt 0.609020 0.608599
vt 0.612691 0.608570
vt 0.031709 0.034410
vt 0.045474 0.034300
vt 0.059240 0.034190
vt 0.073006 0.034080
vt 0.086771 0.033971
vt 0.100537 0.033861
vt 0.114303 0.033751
vt 0.128069 0.033641
vt 0.141834 0.033531
vt 0.155600 0.033421
vt 0.169366 0.033311
vt 0.183131 0.033200
vt 0.196897 0.033090
vt 0.210663 0.032980
vt 0.224428 0.032870
vt 0.238194 0.032759
vt 0.251960 0.032649
vt 0.265725 0.032538
vt 0.279491 0.032428
vt 0.293257 0.032317
vt 0.307022 0.032207
vt 0.320788 0.032096
vt 0.334554 0.031985
vt 0.348319 0.031874
vt 0.362085 0.031764
vt 0.375851 0.031653
vt 0.389616 0.031542
vt 0.403382 0.031431
vt 0.417148 0.031320
vt 0.430913 0.031209
vt 0.444679 0.031098
vt 0.458444 0.030986
vt 0.472210 0.030875
vt 0.485976 0.030764
vt 0.499741 0.030653
vt 0.513507 0.030541
vt 0.527273 0.030430
vt 0.541038 0.030318
vt 0.554804 0.030207
vt 0.568570 0.030095
vt 0.582335 0.029984
vt 0.596101 0.029872
vt 0.609866 0.029760
vt 0.623632 0.029648
vt 0.637398 0.029537
vt 0.651163 0.029425
vt 0.664929 0.029313
vt 0.678695 0.029201
vt 0.692460 0.029089
vt 0.706226 0.028977
vt 0.719991 0.028865
vt 0.733757 0.028752
vt 0.747523 0.028640
vt 0.761288 0.028528
vt 0.775054 0.028415
vt 0.788820 0.028303
vt 0.802585 0.028191
vt 0.816351 0.028078
vt 0.830116 0.027966
vt 0.843882 0.027853
vt 0.857648 0.027740
vt 0.871413 0.027628
vt 0.885179 0.027515
vt 0.898944 0.027402
vt 0.912710 0.027289
vt 0.926476 0.027177
vt 0.940241 0.027064
vt 0.031818 0.048233
vt 0.045584 0.048124
vt 0.059349 0.048014
vt 0.073115 0.047904
vt 0.086881 0.047794
vt 0.100647 0.047684
vt 0.114412 0.047575
vt 0.128178 0.047465
vt 0.141944 0.047355
vt 0.155710 0.047245
vt 0.169475 0.047134
vt 0.183241 0.047024
vt 0.197007 0.046914
vt 0.210772 0.046804
vt 0.224538 0.046693
vt 0.238304 0.046583
vt 0.252070 0.046473
vt 0.265835 0.046362
vt 0.279601 0.046252
vt 0.293367 0.046141
vt 0.307132 0.046030
vt 0.320898 0.045920
vt 0.334664 0.045809
vt 0.348430 0.045698
vt 0.362195 0.045587
vt 0.375961 0.045476
vt 0.389727 0.045366
vt 0.403492 0.045255
vt 0.417258 0.045144
vt 0.431024 0.045032
vt 0.444790 0.044921
vt 0.458555 0.044810
vt 0.472321 0.044699
vt 0.486087 0.044588
vt 0.499852 0.044476
vt 0.513618 0.044365
vt 0.527384 0.044254
vt 0.541149 0.044142
vt 0.554915 0.044030
vt 0.568681 0.043919
vt 0.582446 0.043807
vt 0.596212 0.043696
vt 0.609978 0.043584
vt 0.623743 0.043472
vt 0.637509 0.043360
vt 0.651275 0.043248
vt 0.665040 0.043136
vt 0.678806 0.043024
vt 0.692572 0.042912
vt 0.706337 0.042800
vt 0.720103 0.042688
vt 0.733869 0.042576
vt 0.747634 0.042464
vt 0.761400 0.042352
vt 0.775166 0.042239
vt 0.788931 0.042127
vt 0.802697 0.042014
vt 0.816463 0.041902
vt 0.830228 0.041789
vt 0.843994 0.041677
vt 0.857760 0.041564
vt 0.871525 0.041451
vt 0.885291 0.041339
vt 0.899057 0.041226
vt 0.912822 0.041113
vt 0.926588 0.041000
vt 0.940354 0.040887
vt 0.031927 0.062057
vt 0.045693 0.061947
vt 0.059459 0.061838
vt 0.073224 0.061728
vt 0.086990 0.061618
vt 0.100756 0.061508
vt 0.114522 0.061398
vt 0.128288 0.061288
vt 0.142053 0.061178
vt 0.155819 0.061068
vt 0.169585 0.060958
vt 0.183351 0.060848
vt 0.197116 0.060738
vt 0.210882 0.060627
vt 0.224648 0.060517
vt 0.238414 0.060407
vt 0.252180 0.060296
vt 0.265945 0.060186
vt 0.279711 0.060075
vt 0.293477 0.059965
vt 0.307243 0.059854
vt 0.321008 0.059743
vt 0.334774 0.059633
vt 0.348540 0.059522
vt 0.362306 0.059411
vt 0.376071 0.059300
vt 0.389837 0.059189
vt 0.403603 0.059078
vt 0.417369 0.058967
vt 0.431134 0.058856
vt 0.444900 0.058745
vt 0.458666 0.058634
vt 0.472432 0.058523
vt 0.486197 0.058411
vt 0.499963 0.058300
vt 0.513729 0.058189
vt 0.527495 0.058077
vt 0.541260 0.057966
vt 0.555026 0.057854
vt 0.568792 0.057743
vt 0.582558 0.057631
vt 0.596323 0.057519
vt 0.610089 0.057408
vt 0.623855 0.057296
vt 0.637621 0.057184
vt 0.651386 0.057072
vt 0.665152 0.056960
vt 0.678918 0.056848
vt 0.692683 0.056736
vt 0.706449 0.056624
vt 0.720215 0.056512
vt 0.733981 0.056400
vt 0.747746 0.056288
vt 0.761512 0.056175
vt 0.775278 0.056063
vt 0.789043 0.055951
vt 0.802809 0.055838
vt 0.816575 0.055726
vt 0.830341 0.055613
vt 0.844106 0.055500
vt 0.857872 0.055388
vt 0.871638 0.055275
vt 0.885403 0.055162
vt 0.899169 0.055050
vt 0.912935 0.054937
vt 0.926700 0.054824
vt 0.940466 0.054711
vt 0.032036 0.075881
vt 0.045802 0.075771
vt 0.059568 0.075662
vt 0.073334 0.075552
vt 0.087100 0.075442
vt 0.100865 0.075332
vt 0.114631 0.075222
vt 0.128397 0.075112
vt 0.142163 0.075002
vt 0.155929 0.074892
vt 0.169695 0.074782
vt 0.183460 0.074672
vt 0.197226 0.074562
vt 0.210992 0.074451
vt 0.224758 0.074341
vt 0.238524 0.074231
vt 0.252290 0.074120
vt 0.266055 0.074010
vt 0.279821 0.073899
vt 0.293587 0.073789
vt 0.307353 0.073678
vt 0.321119 0.073567
vt 0.334884 0.073457
vt 0.348650 0.073346
vt 0.362416 0.073235
vt 0.376182 0.073124
vt 0.389948 0.073013
vt 0.403713 0.072902
vt 0.417479 0.072791
vt 0.431245 0.072680
vt 0.445011 0.072569
vt 0.458777 0.072458
vt 0.472542 0.072346
vt 0.486308 0.072235
vt 0.500074 0.072124
vt 0.513840 0.072012
vt 0.527606 0.071901
vt 0.541371 0.071790
vt 0.555137 0.071678
vt 0.568903 0.071566
vt 0.582669 0.071455
vt 0.596435 0.071343
vt 0.610200 0.071231
vt 0.623966 0.071120
vt 0.637732 0.071008
vt 0.651498 0.070896
vt 0.665263 0.070784
vt 0.679029 0.070672
vt 0.692795 0.070560
vt 0.706561 0.070448
vt 0.720327 0.070336
vt 0.734092 0.070224
vt 0.747858 0.070111
vt 0.761624 0.069999
vt 0.775390 0.069887
vt 0.789155 0.069774
vt 0.802921 0.069662
vt 0.816687 0.069549
vt 0.830453 0.069437
vt 0.844218 0.069324
vt 0.857984 0.069212
vt 0.871750 0.069099
vt 0.885516 0.068986
vt 0.899281 0.068873
vt 0.913047 0.068761
vt 0.926813 0.068648
vt 0.940579 0.068535
vt 0.032145 0.089705
vt 0.045911 0.089595
vt 0.059677 0.089486
vt 0.073443 0.089376
vt 0.087209 0.089266
vt 0.100975 0.089156
vt 0.114741 0.089046
vt 0.128507 0.088936
vt 0.142273 0.088826
vt 0.156038 0.088716
vt 0.169804 0.088606
vt 0.183570 0.088496
vt 0.197336 0.088385
vt 0.211102 0.088275
vt 0.224868 0.088165
vt 0.238634 0.088054
vt 0.252400 0.087944
vt 0.266165 0.087834
vt 0.279931 0.087723
vt 0.293697 0.087612
vt 0.307463 0.087502
vt 0.321229 0.087391
vt 0.334995 0.087280
vt 0.348761 0.087170
vt 0.362526 0.087059
vt 0.376292 0.086948
vt 0.390058 0.086837
vt 0.403824 0.086726
vt 0.417590 0.086615
vt 0.431356 0.086504
vt 0.445122 0.086393
vt 0.458887 0.086282
vt 0.472653 0.086170
vt 0.486419 0.086059
vt 0.500185 0.085948
vt 0.513951 0.085836
vt 0.527717 0.085725
vt 0.541482 0.085613
vt 0.555248 0.085502
vt 0.569014 0.085390
vt 0.582780 0.085279
vt 0.596546 0.085167
vt 0.610312 0.085055
vt 0.624077 0.084943
vt 0.637843 0.084832
vt 0.651609 0.084720
vt 0.665375 0.084608
vt 0.679141 0.084496
vt 0.692907 0.084384
vt 0.706672 0.084272
vt 0.720438 0.084160
vt 0.734204 0.084047
vt 0.747970 0.083935
vt 0.761736 0.083823
vt 0.775501 0.083710
vt 0.789267 0.083598
vt 0.803033 0.083486
vt 0.816799 0.083373
vt 0.830565 0.083261
vt 0.844331 0.083148
vt 0.858096 0.083035
vt 0.871862 0.082923
vt 0.885628 0.082810
vt 0.899394 0.082697
vt 0.913160 0.082584
vt 0.926925 0.082471
vt 0.940691 0.082358
vt 0.032255 0.103529
vt 0.046021 0.103419
vt 0.059787 0.103309
vt 0.073552 0.103200
vt 0.087318 0.103090
vt 0.101084 0.102980
vt 0.114850 0.102870
vt 0.128616 0.102760
vt 0.142382 0.102650
vt 0.156148 0.102540
vt 0.169914 0.102430
vt 0.183680 0.102320
vt 0.197446 0.102209
vt 0.211212 0.102099
vt 0.224978 0.101989
vt 0.238744 0.101878
vt 0.252510 0.101768
vt 0.266275 0.101658
vt 0.280041 0.101547
vt 0.293807 0.101436
vt 0.307573 0.101326
vt 0.321339 0.101215
vt 0.335105 0.101104
vt 0.348871 0.100994
vt 0.362637 0.100883
vt 0.376403 0.100772
vt 0.390169 0.100661
vt 0.403935 0.100550
vt 0.417700 0.100439
vt 0.431466 0.100328
vt 0.445232 0.100217
vt 0.458998 0.100105
vt 0.472764 0.099994
vt 0.486530 0.099883
vt 0.500296 0.099772
vt 0.514062 0.099660
vt 0.527828 0.099549
vt 0.541594 0.099437
vt 0.555359 0.099326
vt 0.569125 0.099214
vt 0.582891 0.099103
vt 0.596657 0.098991
vt 0.610423 0.098879
vt 0.624189 0.098767
vt 0.637955 0.098656
vt 0.651721 0.098544
vt 0.665486 0.098432
vt 0.679252 0.098320
vt 0.693018 0.098208
vt 0.706784 0.098096
vt 0.720550 0.097983
vt 0.734316 0.097871
vt 0.748082 0.097759
vt 0.761848 0.097647
vt 0.775613 0.097534
vt 0.789379 0.097422
vt 0.803145 0.097310
vt 0.816911 0.097197
vt 0.830677 0.097084
vt 0.844443 0.096972
vt 0.858209 0.096859
vt 0.871974 0.096747
vt 0.885740 0.096634
vt 0.899506 0.096521
vt 0.913272 0.096408
vt 0.927038 0.096295
vt 0.940804 0.096182
vt 0.032364 0.117353
vt 0.046130 0.117243
vt 0.059896 0.117133
vt 0.073662 0.117024
vt 0.087428 0.116914
vt 0.101194 0.116804
vt 0.114960 0.116694
vt 0.128726 0.116584
vt 0.142492 0.116474
vt 0.156258 0.116364
vt 0.170024 0.116254
vt 0.183790 0.116144
vt 0.197556 0.116033
vt 0.211322 0.115923
vt 0.225088 0.115813
vt 0.238854 0.115702
vt 0.252620 0.115592
vt 0.266386 0.115481
vt 0.280151 0.115371
vt 0.293917 0.115260
vt 0.307683 0.115150
vt 0.321449 0.115039
vt 0.335215 0.114928
vt 0.348981 0.114818
vt 0.362747 0.114707
vt 0.376513 0.114596
vt 0.390279 0.114485
vt 0.404045 0.114374
vt 0.417811 0.114263
vt 0.431577 0.114152
vt 0.445343 0.114041
vt 0.459109 0.113929
vt 0.472875 0.113818
vt 0.486641 0.113707
vt 0.500407 0.113596
vt 0.514173 0.113484
vt 0.527939 0.113373
vt 0.541705 0.113261
vt 0.555470 0.113150
vt 0.569236 0.113038
vt 0.583002 0.112926
vt 0.596768 0.112815
vt 0.610534 0.112703
vt 0.624300 0.112591
vt 0.638066 0.112479
vt 0.651832 0.112368
vt 0.665598 0.112256
vt 0.679364 0.112144
vt 0.693130 0.112032
vt 0.706896 0.111919
vt 0.720662 0.111807
vt 0.734428 0.111695
vt 0.748193 0.111583
vt 0.761959 0.111471
vt 0.775725 0.111358
vt 0.789491 0.111246
vt 0.803257 0.111133
vt 0.817023 0.111021
vt 0.830789 0.110908
vt 0.844555 0.110796
vt 0.858321 0.110683
vt 0.872087 0.110570
vt 0.885853 0.110458
vt 0.899618 0.110345
vt 0.913384 0.110232
vt 0.927150 0.110119
vt 0.940916 0.110006
vt 0.032473 0.131177
vt 0.046239 0.131067
vt 0.060005 0.130958
vt 0.073771 0.130848
vt 0.087537 0.130738
vt 0.101303 0.130628
vt 0.115069 0.130518
vt 0.128835 0.130408
vt 0.142601 0.130298
vt 0.156367 0.130188
vt 0.170133 0.130078
vt 0.183899 0.129968
vt 0.197665 0.129857
vt 0.211431 0.129747
vt 0.225198 0.129637
vt 0.238964 0.129526
vt 0.252730 0.129416
vt 0.266496 0.129306
vt 0.280262 0.129195
vt 0.294028 0.129084
vt 0.307794 0.128974
vt 0.321560 0.128863
vt 0.335326 0.128752
vt 0.349092 0.128642
vt 0.362858 0.128531
vt 0.376624 0.128420
vt 0.390390 0.128309
vt 0.404156 0.128198
vt 0.417922 0.128087
vt 0.431688 0.127976
vt 0.445454 0.127865
vt 0.459220 0.127753
vt 0.472986 0.127642
vt 0.486752 0.127531
vt 0.500518 0.127420
vt 0.514284 0.127308
vt 0.528050 0.127197
vt 0.541816 0.127085
vt 0.555582 0.126974
vt 0.569348 0.126862
vt 0.583114 0.126750
vt 0.596880 0.126639
vt 0.610646 0.126527
vt 0.624411 0.126415
vt 0.638177 0.126303
vt 0.651943 0.126192
vt 0.665709 0.126080
vt 0.679475 0.125968
vt 0.693241 0.125856
vt 0.707007 0.125743
vt 0.720773 0.125631
vt 0.734539 0.125519
vt 0.748305 0.125407
vt 0.762071 0.125295
vt 0.775837 0.125182
vt 0.789603 0.125070
vt 0.803369 0.124957
vt 0.817135 0.124845
vt 0.830901 0.124732
vt 0.844667 0.124620
vt 0.858433 0.124507
vt 0.872199 0.124394
vt 0.885965 0.124282
vt 0.899731 0.124169
vt 0.913497 0.124056
vt 0.927263 0.123943
vt 0.941029 0.123830
vt 0.032582 0.145001
vt 0.046348 0.144891
vt 0.060114 0.144782
vt 0.073881 0.144672
vt 0.087647 0.144562
vt 0.101413 0.144452
vt 0.115179 0.144342
vt 0.128945 0.144232
vt 0.142711 0.144122
vt 0.156477 0.144012
vt 0.170243 0.143902
vt 0.184009 0.143792
vt 0.197775 0.143682
vt 0.211541 0.143571
vt 0.225307 0.143461
vt 0.239073 0.143351
vt 0.252840 0.143240
vt 0.266606 0.143130
vt 0.280372 0.143019
vt 0.294138 0.142908
vt 0.307904 0.142798
vt 0.321670 0.142687
vt 0.335436 0.142576
vt 0.349202 0.142466
vt 0.362968 0.142355
vt 0.376734 0.142244
vt 0.390500 0.142133
vt 0.404266 0.142022
vt 0.418032 0.141911
vt 0.431798 0.141800
vt 0.445564 0.141689
vt 0.459330 0.141578
vt 0.473096 0.141466
vt 0.486862 0.141355
vt 0.500629 0.141244
vt 0.514395 0.141132
vt 0.528161 0.141021
vt 0.541927 0.140909
vt 0.555693 0.140798
vt 0.569459 0.140686
vt 0.583225 0.140575
vt 0.596991 0.140463
vt 0.610757 0.140351
vt 0.624523 0.140239
vt 0.638289 0.140127
vt 0.652055 0.140016
vt 0.665821 0.139904
vt 0.679587 0.139792
vt 0.693353 0.139680
vt 0.707119 0.139567
vt 0.720885 0.139455
vt 0.734651 0.139343
vt 0.748417 0.139231
vt 0.762183 0.139119
vt 0.775949 0.139006
vt 0.789715 0.138894
vt 0.803481 0.138781
vt 0.817247 0.138669
vt 0.831013 0.138556
vt 0.844779 0.138444
vt 0.858545 0.138331
vt 0.872311 0.138218
vt 0.886077 0.138106
vt 0.899843 0.137993
vt 0.913609 0.137880
vt 0.927375 0.137767
vt 0.941141 0.137654
vt 0.032691 0.158825
vt 0.046458 0.158715
vt 0.060224 0.158606
vt 0.073990 0.158496
vt 0.087756 0.158386
vt 0.101522 0.158276
vt 0.115288 0.158166
vt 0.129054 0.158056
vt 0.142821 0.157946
vt 0.156587 0.157836
vt 0.170353 0.157726
vt 0.184119 0.157616
vt 0.197885 0.157506
vt 0.211651 0.157395
vt 0.225417 0.157285
vt 0.239183 0.157175
vt 0.252950 0.157064
vt 0.266716 0.156954
vt 0.280482 0.156843
vt 0.294248 0.156733
vt 0.308014 0.156622
vt 0.321780 0.156511
vt 0.335546 0.156401
vt 0.349312 0.156290
vt 0.363078 0.156179
vt 0.376845 0.156068
vt 0.390611 0.155957
vt 0.404377 0.155846
vt 0.418143 0.155735
vt 0.431909 0.155624
vt 0.445675 0.155513
vt 0.459441 0.155402
vt 0.473207 0.155290
vt 0.486973 0.155179
vt 0.500739 0.155068
vt 0.514506 0.154956
vt 0.528272 0.154845
vt 0.542038 0.154733
vt 0.555804 0.154622
vt 0.569570 0.154510
vt 0.583336 0.154399
vt 0.597102 0.154287
vt 0.610868 0.154175
vt 0.624634 0.154063
vt 0.638400 0.153952
vt 0.652166 0.153840
vt 0.665932 0.153728
vt 0.679698 0.153616
vt 0.693465 0.153504
vt 0.707231 0.153392
vt 0.720997 0.153279
vt 0.734763 0.153167
vt 0.748529 0.153055
vt 0.762295 0.152943
vt 0.776061 0.152830
vt 0.789827 0.152718
vt 0.803593 0.152606
vt 0.817359 0.152493
vt 0.831125 0.152380
vt 0.844891 0.152268
vt 0.858657 0.152155
vt 0.872423 0.152043
vt 0.886189 0.151930
vt 0.899955 0.151817
vt 0.913722 0.151704
vt 0.927488 0.151591
vt 0.941254 0.151478
vt 0.032801 0.172649
vt 0.046567 0.172540
vt 0.060333 0.172430
vt 0.074099 0.172320
vt 0.087865 0.172210
vt 0.101632 0.172100
vt 0.115398 0.171991
vt 0.129164 0.171881
vt 0.142930 0.171770
vt 0.156696 0.171660
vt 0.170462 0.171550
vt 0.184229 0.171440
vt 0.197995 0.171330
vt 0.211761 0.171220
vt 0.225527 0.171109
vt 0.239293 0.170999
vt 0.253060 0.170888
vt 0.266826 0.170778
vt 0.280592 0.170667
vt 0.294358 0.170557
vt 0.308124 0.170446
vt 0.321890 0.170335
vt 0.335657 0.170225
vt 0.349423 0.170114
vt 0.363189 0.170003
vt 0.376955 0.169892
vt 0.390721 0.169781
vt 0.404487 0.169670
vt 0.418253 0.169559
vt 0.432020 0.169448
vt 0.445786 0.169337
vt 0.459552 0.169226
vt 0.473318 0.169115
vt 0.487084 0.169003
vt 0.500850 0.168892
vt 0.514616 0.168780
vt 0.528383 0.168669
vt 0.542149 0.168558
vt 0.555915 0.168446
vt 0.569681 0.168334
vt 0.583447 0.168223
vt 0.597213 0.168111
vt 0.610979 0.167999
vt 0.624746 0.167888
vt 0.638512 0.167776
vt 0.652278 0.167664
vt 0.666044 0.167552
vt 0.679810 0.167440
vt 0.693576 0.167328
vt 0.707342 0.167216
vt 0.721108 0.167104
vt 0.734875 0.166991
vt 0.748641 0.166879
vt 0.762407 0.166767
vt 0.776173 0.166654
vt 0.789939 0.166542
vt 0.803705 0.166430
vt 0.817471 0.166317
vt 0.831237 0.166205
vt 0.845003 0.166092
vt 0.858770 0.165979
vt 0.872536 0.165867
vt 0.886302 0.165754
vt 0.900068 0.165641
vt 0.913834 0.165528
vt 0.927600 0.165415
vt 0.941366 0.165302
vt 0.032910 0.186474
vt 0.046676 0.186364
vt 0.060442 0.186254
vt 0.074209 0.186144
vt 0.087975 0.186035
vt 0.101741 0.185925
vt 0.115507 0.185815
vt 0.129274 0.185705
vt 0.143040 0.185595
vt 0.156806 0.185485
vt 0.170572 0.185374
vt 0.184338 0.185264
vt 0.198105 0.185154
vt 0.211871 0.185044
vt 0.225637 0.184933
vt 0.239403 0.184823
vt 0.253170 0.184713
vt 0.266936 0.184602
vt 0.280702 0.184492
vt 0.294468 0.184381
vt 0.308234 0.184270
vt 0.322001 0.184160
vt 0.335767 0.184049
vt 0.349533 0.183938
vt 0.363299 0.183827
vt 0.377065 0.183716
vt 0.390832 0.183605
vt 0.404598 0.183494
vt 0.418364 0.183383
vt 0.432130 0.183272
vt 0.445896 0.183161
vt 0.459663 0.183050
vt 0.473429 0.182939
vt 0.487195 0.182827
vt 0.500961 0.182716
vt 0.514727 0.182605
vt 0.528494 0.182493
vt 0.542260 0.182382
vt 0.556026 0.182270
vt 0.569792 0.182159
vt 0.583558 0.182047
vt 0.597325 0.181935
vt 0.611091 0.181824
vt 0.624857 0.181712
vt 0.638623 0.181600
vt 0.652389 0.181488
vt 0.666155 0.181376
vt 0.679922 0.181264
vt 0.693688 0.181152
vt 0.707454 0.181040
vt 0.721220 0.180928
vt 0.734986 0.180816
vt 0.748752 0.180703
vt 0.762519 0.180591
vt 0.776285 0.180479
vt 0.790051 0.180366
vt 0.803817 0.180254
vt 0.817583 0.180141
vt 0.831349 0.180029
vt 0.845116 0.179916
vt 0.858882 0.179803
vt 0.872648 0.179691
vt 0.886414 0.179578
vt 0.900180 0.179465
vt 0.913946 0.179352
vt 0.927712 0.179239
vt 0.941479 0.179127
vt 0.033019 0.200298
vt 0.046785 0.200188
vt 0.060552 0.200079
vt 0.074318 0.199969
vt 0.088084 0.199859
vt 0.101850 0.199749
vt 0.115617 0.199639
vt 0.129383 0.199529
vt 0.143149 0.199419
vt 0.156916 0.199309
vt 0.170682 0.199199
vt 0.184448 0.199089
vt 0.198214 0.198978
vt 0.211981 0.198868
vt 0.225747 0.198758
vt 0.239513 0.198647
vt 0.253280 0.198537
vt 0.267046 0.198426
vt 0.280812 0.198316
vt 0.294578 0.198205
vt 0.308345 0.198095
vt 0.322111 0.197984
vt 0.335877 0.197873
vt 0.349643 0.197762
vt 0.363410 0.197652
vt 0.377176 0.197541
vt 0.390942 0.197430
vt 0.404708 0.197319
vt 0.418475 0.197208
vt 0.432241 0.197097
vt 0.446007 0.196985
vt 0.459773 0.196874
vt 0.473540 0.196763
vt 0.487306 0.196652
vt 0.501072 0.196540
vt 0.514838 0.196429
vt 0.528605 0.196317
vt 0.542371 0.196206
vt 0.556137 0.196094
vt 0.569903 0.195983
vt 0.583670 0.195871
vt 0.597436 0.195760
vt 0.611202 0.195648
vt 0.624968 0.195536
vt 0.638734 0.195424
vt 0.652501 0.195312
vt 0.666267 0.195200
vt 0.680033 0.195088
vt 0.693799 0.194976
vt 0.707566 0.194864
vt 0.721332 0.194752
vt 0.735098 0.194640
vt 0.748864 0.194528
vt 0.762630 0.194415
vt 0.776397 0.194303
vt 0.790163 0.194190
vt 0.803929 0.194078
vt 0.817695 0.193966
vt 0.831462 0.193853
vt 0.845228 0.193740
vt 0.858994 0.193628
vt 0.872760 0.193515
vt 0.886526 0.193402
vt 0.900293 0.193289
vt 0.914059 0.193177
vt 0.927825 0.193064
vt 0.941591 0.192951
vt 0.033128 0.214122
vt 0.046895 0.214013
vt 0.060661 0.213903
vt 0.074427 0.213793
vt 0.088194 0.213683
vt 0.101960 0.213573
vt 0.115726 0.213463
vt 0.129493 0.213353
vt 0.143259 0.213243
vt 0.157025 0.213133
vt 0.170792 0.213023
vt 0.184558 0.212913
vt 0.198324 0.212803
vt 0.212091 0.212692
vt 0.225857 0.212582
vt 0.239623 0.212472
vt 0.253390 0.212361
vt 0.267156 0.212251
vt 0.280922 0.212140
vt 0.294688 0.212030
vt 0.308455 0.211919
vt 0.322221 0.211808
vt 0.335987 0.211697
vt 0.349754 0.211587
vt 0.363520 0.211476
vt 0.377286 0.211365
vt 0.391053 0.211254
vt 0.404819 0.211143
vt 0.418585 0.211032
vt 0.432352 0.210921
vt 0.446118 0.210810
vt 0.459884 0.210699
vt 0.473650 0.210587
vt 0.487417 0.210476
vt 0.501183 0.210365
vt 0.514949 0.210253
vt 0.528716 0.210142
vt 0.542482 0.210030
vt 0.556248 0.209919
vt 0.570014 0.209807
vt 0.583781 0.209695
vt 0.597547 0.209584
vt 0.611313 0.209472
vt 0.625080 0.209360
vt 0.638846 0.209248
vt 0.652612 0.209136
vt 0.666378 0.209025
vt 0.680145 0.208913
vt 0.693911 0.208800
vt 0.707677 0.208688
vt 0.721444 0.208576
vt 0.735210 0.208464
vt 0.748976 0.208352
vt 0.762742 0.208239
vt 0.776509 0.208127
vt 0.790275 0.208015
vt 0.804041 0.207902
vt 0.817807 0.207790
vt 0.831574 0.207677
vt 0.845340 0.207565
vt 0.859106 0.207452
vt 0.872872 0.207339
vt 0.886639 0.207226
vt 0.900405 0.207114
vt 0.914171 0.207001
vt 0.927937 0.206888
vt 0.941704 0.206775
vt 0.033237 0.227947
vt 0.047004 0.227837
vt 0.060770 0.227727
vt 0.074537 0.227617
vt 0.088303 0.227508
vt 0.102069 0.227398
vt 0.115836 0.227288
vt 0.129602 0.227178
vt 0.143369 0.227068
vt 0.157135 0.226958
vt 0.170901 0.226848
vt 0.184668 0.226737
vt 0.198434 0.226627
vt 0.212200 0.226517
vt 0.225967 0.226406
vt 0.239733 0.226296
vt 0.253500 0.226186
vt 0.267266 0.226075
vt 0.281032 0.225965
vt 0.294799 0.225854
vt 0.308565 0.225743
vt 0.322331 0.225633
vt 0.336098 0.225522
vt 0.349864 0.225411
vt 0.363630 0.225300
vt 0.377397 0.225189
vt 0.391163 0.225078
vt 0.404930 0.224967
vt 0.418696 0.224856
vt 0.432462 0.224745
vt 0.446229 0.224634
vt 0.459995 0.224523
vt 0.473761 0.224412
vt 0.487528 0.224300
vt 0.501294 0.224189
vt 0.515060 0.224078
vt 0.528827 0.223966
vt 0.542593 0.223855
vt 0.556359 0.223743
vt 0.570126 0.223631
vt 0.583892 0.223520
vt 0.597658 0.223408
vt 0.611425 0.223296
vt 0.625191 0.223185
vt 0.638957 0.223073
vt 0.652724 0.222961
vt 0.666490 0.222849
vt 0.680256 0.222737
vt 0.694023 0.222625
vt 0.707789 0.222513
vt 0.721555 0.222401
vt 0.735322 0.222288
vt 0.749088 0.222176
vt 0.762854 0.222064
vt 0.776620 0.221951
vt 0.790387 0.221839
vt 0.804153 0.221727
vt 0.817919 0.221614
vt 0.831686 0.221502
vt 0.845452 0.221389
vt 0.859218 0.221276
vt 0.872985 0.221164
vt 0.886751 0.221051
vt 0.900517 0.220938
vt 0.914284 0.220825
vt 0.928050 0.220712
vt 0.941816 0.220599
vt 0.033347 0.241771
vt 0.047113 0.241661
vt 0.060880 0.241552
vt 0.074646 0.241442
vt 0.088412 0.241332
vt 0.102179 0.241222
vt 0.115945 0.241112
vt 0.129712 0.241002
vt 0.143478 0.240892
vt 0.157245 0.240782
vt 0.171011 0.240672
vt 0.184777 0.240562
vt 0.198544 0.240451
vt 0.212310 0.240341
vt 0.226077 0.240231
vt 0.239843 0.240120
vt 0.253610 0.240010
vt 0.267376 0.239900
vt 0.281142 0.239789
vt 0.294909 0.239678
vt 0.308675 0.239568
vt 0.322442 0.239457
vt 0.336208 0.239346
vt 0.349974 0.239235
vt 0.363741 0.239125
vt 0.377507 0.239014
vt 0.391274 0.238903
vt 0.405040 0.238792
vt 0.418806 0.238681
vt 0.432573 0.238570
vt 0.446339 0.238458
vt 0.460106 0.238347
vt 0.473872 0.238236
vt 0.487638 0.238125
vt 0.501405 0.238013
vt 0.515171 0.237902
vt 0.528938 0.237791
vt 0.542704 0.237679
vt 0.556470 0.237567
vt 0.570237 0.237456
vt 0.584003 0.237344
vt 0.597770 0.237233
vt 0.611536 0.237121
vt 0.625302 0.237009
vt 0.639069 0.236897
vt 0.652835 0.236785
vt 0.666601 0.236673
vt 0.680368 0.236561
vt 0.694134 0.236449
vt 0.707901 0.236337
vt 0.721667 0.236225
vt 0.735433 0.236113
vt 0.749200 0.236000
vt 0.762966 0.235888
vt 0.776732 0.235776
vt 0.790499 0.235663
vt 0.804265 0.235551
vt 0.818031 0.235438
vt 0.831798 0.235326
vt 0.845564 0.235213
vt 0.859331 0.235101
vt 0.873097 0.234988
vt 0.886863 0.234875
vt 0.900630 0.234762
vt 0.914396 0.234649
vt 0.928162 0.234537
vt 0.941929 0.234424
vt 0.033456 0.255596
vt 0.047222 0.255486
vt 0.060989 0.255376
vt 0.074755 0.255266
vt 0.088522 0.255157
vt 0.102288 0.255047
vt 0.116055 0.254937
vt 0.129821 0.254827
vt 0.143588 0.254717
vt 0.157354 0.254607
vt 0.171121 0.254496
vt 0.184887 0.254386
vt 0.198654 0.254276
vt 0.212420 0.254166
vt 0.226187 0.254055
vt 0.239953 0.253945
vt 0.253720 0.253834
vt 0.267486 0.253724
vt 0.281252 0.253613
vt 0.295019 0.253503
vt 0.308785 0.253392
vt 0.322552 0.253281
vt 0.336318 0.253171
vt 0.350085 0.253060
vt 0.363851 0.252949
vt 0.377618 0.252838
vt 0.391384 0.252727
vt 0.405151 0.252616
vt 0.418917 0.252505
vt 0.432684 0.252394
vt 0.446450 0.252283
vt 0.460216 0.252172
vt 0.473983 0.252060
vt 0.487749 0.251949
vt 0.501516 0.251838
vt 0.515282 0.251726
vt 0.529049 0.251615
vt 0.542815 0.251503
vt 0.556582 0.251392
vt 0.570348 0.251280
vt 0.584114 0.251169
vt 0.597881 0.251057
vt 0.611647 0.250945
vt 0.625414 0.250833
vt 0.639180 0.250722
vt 0.652947 0.250610
vt 0.666713 0.250498
vt 0.680479 0.250386
vt 0.694246 0.250274
vt 0.708012 0.250162
vt 0.721779 0.250049
vt 0.735545 0.249937
vt 0.749311 0.249825
vt 0.763078 0.249713
vt 0.776844 0.249600
vt 0.790611 0.249488
vt 0.804377 0.249375
vt 0.818144 0.249263
vt 0.831910 0.249150
vt 0.845676 0.249038
vt 0.859443 0.248925
vt 0.873209 0.248812
vt 0.886976 0.248700
vt 0.900742 0.248587
vt 0.914508 0.248474
vt 0.928275 0.248361
vt 0.942041 0.248248
vt 0.033565 0.269420
vt 0.047332 0.269310
vt 0.061098 0.269201
vt 0.074865 0.269091
vt 0.088631 0.268981
vt 0.102398 0.268871
vt 0.116164 0.268761
vt 0.129931 0.268651
vt 0.143697 0.268541
vt 0.157464 0.268431
vt 0.171230 0.268321
vt 0.184997 0.268211
vt 0.198763 0.268101
vt 0.212530 0.267990
vt 0.226297 0.267880
vt 0.240063 0.267769
vt 0.253830 0.267659
vt 0.267596 0.267549
vt 0.281363 0.267438
vt 0.295129 0.267327
vt 0.308896 0.267217
vt 0.322662 0.267106
vt 0.336429 0.266995
vt 0.350195 0.266884
vt 0.363962 0.266774
vt 0.377728 0.266663
vt 0.391495 0.266552
vt 0.405261 0.266441
vt 0.419028 0.266330
vt 0.432794 0.266219
vt 0.446561 0.266107
vt 0.460327 0.265996
vt 0.474094 0.265885
vt 0.487860 0.265774
vt 0.501627 0.265662
vt 0.515393 0.265551
vt 0.529160 0.265439
vt 0.542926 0.265328
vt 0.556693 0.265216
vt 0.570459 0.265105
vt 0.584226 0.264993
vt 0.597992 0.264881
vt 0.611759 0.264770
vt 0.625525 0.264658
vt 0.639292 0.264546
vt 0.653058 0.264434
vt 0.666824 0.264322
vt 0.680591 0.264210
vt 0.694357 0.264098
vt 0.708124 0.263986
vt 0.721890 0.263874
vt 0.735657 0.263762
vt 0.749423 0.263649
vt 0.763190 0.263537
vt 0.776956 0.263425
vt 0.790723 0.263312
vt 0.804489 0.263200
vt 0.818256 0.263087
vt 0.832022 0.262975
vt 0.845789 0.262862
vt 0.859555 0.262749
vt 0.873321 0.262637
vt 0.887088 0.262524
vt 0.900854 0.262411
vt 0.914621 0.262298
vt 0.928387 0.262185
vt 0.942154 0.262072
vt 0.033674 0.283245
vt 0.047441 0.283135
vt 0.061207 0.283025
vt 0.074974 0.282916
vt 0.088741 0.282806
vt 0.102507 0.282696
vt 0.116274 0.282586
vt 0.130040 0.282476
vt 0.143807 0.282366
vt 0.157574 0.282256
vt 0.171340 0.282146
vt 0.185107 0.282035
vt 0.198873 0.281925
vt 0.212640 0.281815
vt 0.226406 0.281704
vt 0.240173 0.281594
vt 0.253940 0.281484
vt 0.267706 0.281373
vt 0.281473 0.281263
vt 0.295239 0.281152
vt 0.309006 0.281041
vt 0.322772 0.280931
vt 0.336539 0.280820
vt 0.350306 0.280709
vt 0.364072 0.280598
vt 0.377839 0.280487
vt 0.391605 0.280376
vt 0.405372 0.280265
vt 0.419138 0.280154
vt 0.432905 0.280043
vt 0.446671 0.279932
vt 0.460438 0.279821
vt 0.474204 0.279710
vt 0.487971 0.279598
vt 0.501738 0.279487
vt 0.515504 0.279375
vt 0.529271 0.279264
vt 0.543037 0.279153
vt 0.556804 0.279041
vt 0.570570 0.278929
vt 0.584337 0.278818
vt 0.598103 0.278706
vt 0.611870 0.278594
vt 0.625636 0.278482
vt 0.639403 0.278371
vt 0.653169 0.278259
vt 0.666936 0.278147
vt 0.680703 0.278035
vt 0.694469 0.277923
vt 0.708236 0.277811
vt 0.722002 0.277698
vt 0.735769 0.277586
vt 0.749535 0.277474
vt 0.763302 0.277362
vt 0.777068 0.277249
vt 0.790835 0.277137
vt 0.804601 0.277024
vt 0.818368 0.276912
vt 0.832134 0.276799
vt 0.845901 0.276687
vt 0.859667 0.276574
vt 0.873434 0.276461
vt 0.887200 0.276349
vt 0.900967 0.276236
vt 0.914733 0.276123
vt 0.928500 0.276010
vt 0.942266 0.275897
vt 0.033784 0.297069
vt 0.047550 0.296960
vt 0.061317 0.296850
vt 0.075083 0.296740
vt 0.088850 0.296630
vt 0.102617 0.296520
vt 0.116383 0.296410
vt 0.130150 0.296300
vt 0.143917 0.296190
vt 0.157683 0.296080
vt 0.171450 0.295970
vt 0.185216 0.295860
vt 0.198983 0.295750
vt 0.212750 0.295639
vt 0.226516 0.295529
vt 0.240283 0.295419
vt 0.254050 0.295308
vt 0.267816 0.295198
vt 0.281583 0.295087
vt 0.295349 0.294977
vt 0.309116 0.294866
vt 0.322883 0.294755
vt 0.336649 0.294644
vt 0.350416 0.294534
vt 0.364183 0.294423
vt 0.377949 0.294312
vt 0.391716 0.294201
vt 0.405482 0.294090
vt 0.419249 0.293979
vt 0.433016 0.293868
vt 0.446782 0.293757
vt 0.460549 0.293645
vt 0.474315 0.293534
vt 0.488082 0.293423
vt 0.501848 0.293311
vt 0.515615 0.293200
vt 0.529382 0.293089
vt 0.543148 0.292977
vt 0.556915 0.292866
vt 0.570681 0.292754
vt 0.584448 0.292642
vt 0.598215 0.292531
vt 0.611981 0.292419
vt 0.625748 0.292307
vt 0.639514 0.292195
vt 0.653281 0.292083
vt 0.667047 0.291971
vt 0.680814 0.291859
vt 0.694581 0.291747
vt 0.708347 0.291635
vt 0.722114 0.291523
vt 0.735880 0.291411
vt 0.749647 0.291298
vt 0.763413 0.291186
vt 0.777180 0.291074
vt 0.790947 0.290961
vt 0.804713 0.290849
vt 0.818480 0.290736
vt 0.832246 0.290624
vt 0.846013 0.290511
vt 0.859779 0.290399
vt 0.873546 0.290286
vt 0.887312 0.290173
vt 0.901079 0.290060
vt 0.914846 0.289947
vt 0.928612 0.289834
vt 0.942379 0.289722
vt 0.033893 0.310894
vt 0.047659 0.310784
vt 0.061426 0.310675
vt 0.075193 0.310565
vt 0.088959 0.310455
vt 0.102726 0.310345
vt 0.116493 0.310235
vt 0.130260 0.310125
vt 0.144026 0.310015
vt 0.157793 0.309905
vt 0.171560 0.309795
vt 0.185326 0.309685
vt 0.199093 0.309574
vt 0.212860 0.309464
vt 0.226626 0.309354
vt 0.240393 0.309243
vt 0.254160 0.309133
vt 0.267926 0.309022
vt 0.281693 0.308912
vt 0.295460 0.308801
vt 0.309226 0.308691
vt 0.322993 0.308580
vt 0.336760 0.308469
vt 0.350526 0.308358
vt 0.364293 0.308247
vt 0.378060 0.308137
vt 0.391826 0.308026
vt 0.405593 0.307915
vt 0.419360 0.307804
vt 0.433126 0.307692
vt 0.446893 0.307581
vt 0.460659 0.307470
vt 0.474426 0.307359
vt 0.488193 0.307247
vt 0.501959 0.307136
vt 0.515726 0.307025
vt 0.529493 0.306913
vt 0.543259 0.306802
vt 0.557026 0.306690
vt 0.570793 0.306579
vt 0.584559 0.306467
vt 0.598326 0.306355
vt 0.612093 0.306243
vt 0.625859 0.306132
vt 0.639626 0.306020
vt 0.653392 0.305908
vt 0.667159 0.305796
vt 0.680926 0.305684
vt 0.694692 0.305572
vt 0.708459 0.305460
vt 0.722225 0.305348
vt 0.735992 0.305235
vt 0.749759 0.305123
vt 0.763525 0.305011
vt 0.777292 0.304898
vt 0.791059 0.304786
vt 0.804825 0.304674
vt 0.818592 0.304561
vt 0.832358 0.304448
vt 0.846125 0.304336
vt 0.859892 0.304223
vt 0.873658 0.304110
vt 0.887425 0.303998
vt 0.901191 0.303885
vt 0.914958 0.303772
vt 0.928725 0.303659
vt 0.942491 0.303546
vt 0.034002 0.324719
vt 0.047769 0.324609
vt 0.061535 0.324499
vt 0.075302 0.324390
vt 0.089069 0.324280
vt 0.102836 0.324170
vt 0.116602 0.324060
vt 0.130369 0.323950
vt 0.144136 0.323840
vt 0.157903 0.323730
vt 0.171669 0.323620
vt 0.185436 0.323509
vt 0.199203 0.323399
vt 0.212969 0.323289
vt 0.226736 0.323178
vt 0.240503 0.323068
vt 0.254270 0.322958
vt 0.268036 0.322847
vt 0.281803 0.322737
vt 0.295570 0.322626
vt 0.309336 0.322515
vt 0.323103 0.322405
vt 0.336870 0.322294
vt 0.350637 0.322183
vt 0.364403 0.322072
vt 0.378170 0.321961
vt 0.391937 0.321850
vt 0.405703 0.321739
vt 0.419470 0.321628
vt 0.433237 0.321517
vt 0.447004 0.321406
vt 0.460770 0.321295
vt 0.474537 0.321183
vt 0.488304 0.321072
vt 0.502070 0.320961
vt 0.515837 0.320849
vt 0.529604 0.320738
vt 0.543370 0.320626
vt 0.557137 0.320515
vt 0.570904 0.320403
vt 0.584670 0.320292
vt 0.598437 0.320180
vt 0.612204 0.320068
vt 0.625970 0.319956
vt 0.639737 0.319844
vt 0.653504 0.319733
vt 0.667271 0.319621
vt 0.681037 0.319509
vt 0.694804 0.319397
vt 0.708571 0.319284
vt 0.722337 0.319172
vt 0.736104 0.319060
vt 0.749871 0.318948
vt 0.763637 0.318835
vt 0.777404 0.318723
vt 0.791171 0.318611
vt 0.804937 0.318498
vt 0.818704 0.318386
vt 0.832471 0.318273
vt 0.846237 0.318161
vt 0.860004 0.318048
vt 0.873770 0.317935
vt 0.887537 0.317822
vt 0.901304 0.317710
vt 0.915070 0.317597
vt 0.928837 0.317484
vt 0.942604 0.317371
vt 0.034111 0.338544
vt 0.047878 0.338434
vt 0.061645 0.338324
vt 0.075412 0.338214
vt 0.089178 0.338105
vt 0.102945 0.337995
vt 0.116712 0.337885
vt 0.130479 0.337775
vt 0.144245 0.337665
vt 0.158012 0.337555
vt 0.171779 0.337444
vt 0.185546 0.337334
vt 0.199313 0.337224
vt 0.213079 0.337114
vt 0.226846 0.337003
vt 0.240613 0.336893
vt 0.254380 0.336782
vt 0.268146 0.336672
vt 0.281913 0.336561
vt 0.295680 0.336451
vt 0.309447 0.336340
vt 0.323213 0.336229
vt 0.336980 0.336119
vt 0.350747 0.336008
vt 0.364514 0.335897
vt 0.378281 0.335786
vt 0.392047 0.335675
vt 0.405814 0.335564
vt 0.419581 0.335453
vt 0.433348 0.335342
vt 0.447114 0.335231
vt 0.460881 0.335120
vt 0.474648 0.335008
vt 0.488415 0.334897
vt 0.502181 0.334786
vt 0.515948 0.334674
vt 0.529715 0.334563
vt 0.543481 0.334451
vt 0.557248 0.334340
vt 0.571015 0.334228
vt 0.584782 0.334116
vt 0.598548 0.334005
vt 0.612315 0.333893
vt 0.626082 0.333781
vt 0.639849 0.333669
vt 0.653615 0.333557
vt 0.667382 0.333445
vt 0.681149 0.333333
vt 0.694915 0.333221
vt 0.708682 0.333109
vt 0.722449 0.332997
vt 0.736216 0.332885
vt 0.749982 0.332772
vt 0.763749 0.332660
vt 0.777516 0.332548
vt 0.791283 0.332435
vt 0.805049 0.332323
vt 0.818816 0.332210
vt 0.832583 0.332098
vt 0.846349 0.331985
vt 0.860116 0.331873
vt 0.873883 0.331760
vt 0.887649 0.331647
vt 0.901416 0.331534
vt 0.915183 0.331421
vt 0.928950 0.331308
vt 0.942716 0.331195
vt 0.034220 0.352369
vt 0.047987 0.352259
vt 0.061754 0.352149
vt 0.075521 0.352039
vt 0.089288 0.351929
vt 0.103055 0.351819
vt 0.116821 0.351710
vt 0.130588 0.351600
vt 0.144355 0.351489
vt 0.158122 0.351379
vt 0.171889 0.351269
vt 0.185656 0.351159
vt 0.199422 0.351049
vt 0.213189 0.350938
vt 0.226956 0.350828
vt 0.240723 0.350718
vt 0.254490 0.350607
vt 0.268256 0.350497
vt 0.282023 0.350386
vt 0.295790 0.350276
vt 0.309557 0.350165
vt 0.323324 0.350054
vt 0.337091 0.349943
vt 0.350857 0.349833
vt 0.364624 0.349722
vt 0.378391 0.349611
vt 0.392158 0.349500
vt 0.405925 0.349389
vt 0.419691 0.349278
vt 0.433458 0.349167
vt 0.447225 0.349056
vt 0.460992 0.348944
vt 0.474759 0.348833
vt 0.488525 0.348722
vt 0.502292 0.348610
vt 0.516059 0.348499
vt 0.529826 0.348387
vt 0.543593 0.348276
vt 0.557359 0.348164
vt 0.571126 0.348053
vt 0.584893 0.347941
vt 0.598660 0.347829
vt 0.612426 0.347718
vt 0.626193 0.347606
vt 0.639960 0.347494
vt 0.653727 0.347382
vt 0.667494 0.347270
vt 0.681260 0.347158
vt 0.695027 0.347046
vt 0.708794 0.346934
vt 0.722561 0.346822
vt 0.736327 0.346710
vt 0.750094 0.346597
vt 0.763861 0.346485
vt 0.777628 0.346373
vt 0.791394 0.346260
vt 0.805161 0.346148
vt 0.818928 0.346035
vt 0.832695 0.345923
vt 0.846462 0.345810
vt 0.860228 0.345697
vt 0.873995 0.345585
vt 0.887762 0.345472
vt 0.901529 0.345359
vt 0.915295 0.345246
vt 0.929062 0.345133
vt 0.942829 0.345020
vt 0.034330 0.366193
vt 0.048096 0.366084
vt 0.061863 0.365974
vt 0.075630 0.365864
vt 0.089397 0.365754
vt 0.103164 0.365644
vt 0.116931 0.365534
vt 0.130698 0.365424
vt 0.144465 0.365314
vt 0.158232 0.365204
vt 0.171998 0.365094
vt 0.185765 0.364984
vt 0.199532 0.364874
vt 0.213299 0.364763
vt 0.227066 0.364653
vt 0.240833 0.364543
vt 0.254600 0.364432
vt 0.268367 0.364322
vt 0.282133 0.364211
vt 0.295900 0.364100
vt 0.309667 0.363990
vt 0.323434 0.363879
vt 0.337201 0.363768
vt 0.350968 0.363657
vt 0.364735 0.363547
vt 0.378501 0.363436
vt 0.392268 0.363325
vt 0.406035 0.363214
vt 0.419802 0.363103
vt 0.433569 0.362992
vt 0.447336 0.362880
vt 0.461103 0.362769
vt 0.474869 0.362658
vt 0.488636 0.362547
vt 0.502403 0.362435
vt 0.516170 0.362324
vt 0.529937 0.362212
vt 0.543704 0.362101
vt 0.557470 0.361989
vt 0.571237 0.361878
vt 0.585004 0.361766
vt 0.598771 0.361654
vt 0.612538 0.361542
vt 0.626305 0.361431
vt 0.640071 0.361319
vt 0.653838 0.361207
vt 0.667605 0.361095
vt 0.681372 0.360983
vt 0.695139 0.360871
vt 0.708906 0.360759
vt 0.722672 0.360647
vt 0.736439 0.360534
vt 0.750206 0.360422
vt 0.763973 0.360310
vt 0.777740 0.360197
vt 0.791506 0.360085
vt 0.805273 0.359972
vt 0.819040 0.359860
vt 0.832807 0.359747
vt 0.846574 0.359635
vt 0.860340 0.359522
vt 0.874107 0.359409
vt 0.887874 0.359297
vt 0.901641 0.359184
vt 0.915408 0.359071
vt 0.929174 0.358958
vt 0.942941 0.358845
vt 0.034439 0.380018
vt 0.048206 0.379909
vt 0.061973 0.379799
vt 0.075740 0.379689
vt 0.089507 0.379579
vt 0.103274 0.379469
vt 0.117040 0.379359
vt 0.130807 0.379249
vt 0.144574 0.379139
vt 0.158341 0.379029
vt 0.172108 0.378919
vt 0.185875 0.378809
vt 0.199642 0.378699
vt 0.213409 0.378588
vt 0.227176 0.378478
vt 0.240943 0.378367
vt 0.254710 0.378257
vt 0.268477 0.378147
vt 0.282244 0.378036
vt 0.296010 0.377925
vt 0.309777 0.377815
vt 0.323544 0.377704
vt 0.337311 0.377593
vt 0.351078 0.377482
vt 0.364845 0.377372
vt 0.612649 0.375367
vt 0.626416 0.375256
vt 0.640183 0.375144
vt 0.653950 0.375032
vt 0.667717 0.374920
vt 0.681483 0.374808
vt 0.695250 0.374696
vt 0.709017 0.374584
vt 0.722784 0.374471
vt 0.736551 0.374359
vt 0.750318 0.374247
vt 0.764085 0.374135
vt 0.777852 0.374022
vt 0.791618 0.373910
vt 0.805385 0.373797
vt 0.819152 0.373685
vt 0.832919 0.373572
vt 0.846686 0.373460
vt 0.860453 0.373347
vt 0.874220 0.373234
vt 0.887986 0.373121
vt 0.901753 0.373009
vt 0.915520 0.372896
vt 0.929287 0.372783
vt 0.943054 0.372670
vt 0.034548 0.393843
vt 0.048315 0.393734
vt 0.062082 0.393624
vt 0.075849 0.393514
vt 0.089616 0.393404
vt 0.103383 0.393294
vt 0.117150 0.393184
vt 0.130917 0.393074
vt 0.144684 0.392964
vt 0.158451 0.392854
vt 0.172218 0.392744
vt 0.185985 0.392634
vt 0.199752 0.392524
vt 0.213519 0.392413
vt 0.227286 0.392303
vt 0.241053 0.392192
vt 0.254820 0.392082
vt 0.268587 0.391971
vt 0.282354 0.391861
vt 0.296121 0.391750
vt 0.309888 0.391640
vt 0.323655 0.391529
vt 0.337422 0.391418
vt 0.351188 0.391307
vt 0.364955 0.391196
vt 0.612760 0.389192
vt 0.626527 0.389081
vt 0.640294 0.388969
vt 0.654061 0.388857
vt 0.667828 0.388745
vt 0.681595 0.388633
vt 0.695362 0.388521
vt 0.709129 0.388409
vt 0.722896 0.388296
vt 0.736663 0.388184
vt 0.750430 0.388072
vt 0.764197 0.387960
vt 0.777963 0.387847
vt 0.791730 0.387735
vt 0.805497 0.387622
vt 0.819264 0.387510
vt 0.833031 0.387397
vt 0.846798 0.387285
vt 0.860565 0.387172
vt 0.874332 0.387059
vt 0.888099 0.386946
vt 0.901866 0.386834
vt 0.915633 0.386721
vt 0.929399 0.386608
vt 0.943166 0.386495
vt 0.034657 0.407668
vt 0.048424 0.407559
vt 0.062191 0.407449
vt 0.075958 0.407339
vt 0.089725 0.407229
vt 0.103492 0.407119
vt 0.117259 0.407009
vt 0.131027 0.406899
vt 0.144794 0.406789
vt 0.158561 0.406679
vt 0.172328 0.406569
vt 0.186095 0.406459
vt 0.199862 0.406349
vt 0.213629 0.406238
vt 0.227396 0.406128
vt 0.241163 0.406017
vt 0.254930 0.405907
vt 0.268697 0.405796
vt 0.282464 0.405686
vt 0.296231 0.405575
vt 0.309998 0.405465
vt 0.323765 0.405354
vt 0.337532 0.405243
vt 0.351299 0.405132
vt 0.365066 0.405021
vt 0.612872 0.403017
vt 0.626639 0.402905
vt 0.640406 0.402794
vt 0.654173 0.402682
vt 0.667940 0.402570
vt 0.681707 0.402458
vt 0.695474 0.402346
vt 0.709241 0.402234
vt 0.723008 0.402121
vt 0.736775 0.402009
vt 0.750541 0.401897
vt 0.764308 0.401785
vt 0.778075 0.401672
vt 0.791842 0.401560
vt 0.805609 0.401447
vt 0.819376 0.401335
vt 0.833143 0.401222
vt 0.846910 0.401110
vt 0.860677 0.400997
vt 0.874444 0.400884
vt 0.888211 0.400771
vt 0.901978 0.400659
vt 0.915745 0.400546
vt 0.929512 0.400433
vt 0.943279 0.400320
vt 0.034766 0.421494
vt 0.048534 0.421384
vt 0.062301 0.421274
vt 0.076068 0.421164
vt 0.089835 0.421054
vt 0.103602 0.420944
vt 0.117369 0.420834
vt 0.131136 0.420724
vt 0.144903 0.420614
vt 0.158670 0.420504
vt 0.172437 0.420394
vt 0.186204 0.420284
vt 0.199971 0.420174
vt 0.213739 0.420063
vt 0.227506 0.419953
vt 0.241273 0.419843
vt 0.255040 0.419732
vt 0.268807 0.419622
vt 0.282574 0.419511
vt 0.296341 0.419400
vt 0.310108 0.419290
vt 0.323875 0.419179
vt 0.337642 0.419068
vt 0.351409 0.418957
vt 0.365176 0.418847
vt 0.612983 0.416842
vt 0.626750 0.416731
vt 0.640517 0.416619
vt 0.654284 0.416507
vt 0.668051 0.416395
vt 0.681818 0.416283
vt 0.695585 0.416171
vt 0.709352 0.416059
vt 0.723119 0.415946
vt 0.736886 0.415834
vt 0.750653 0.415722
vt 0.764420 0.415610
vt 0.778187 0.415497
vt 0.791954 0.415385
vt 0.805721 0.415272
vt 0.819488 0.415160
vt 0.833255 0.415047
vt 0.847022 0.414935
vt 0.860789 0.414822
vt 0.874556 0.414709
vt 0.888323 0.414596
vt 0.902090 0.414484
vt 0.915857 0.414371
vt 0.929624 0.414258
vt 0.943391 0.414145
vt 0.034876 0.435319
vt 0.048643 0.435209
vt 0.062410 0.435099
vt 0.076177 0.434989
vt 0.089944 0.434879
vt 0.103711 0.434770
vt 0.117479 0.434660
vt 0.131246 0.434550
vt 0.145013 0.434440
vt 0.158780 0.434329
vt 0.172547 0.434219
vt 0.186314 0.434109
vt 0.200081 0.433999
vt 0.213848 0.433888
vt 0.227616 0.433778
vt 0.241383 0.433668
vt 0.255150 0.433557
vt 0.268917 0.433447
vt 0.282684 0.433336
vt 0.296451 0.433226
vt 0.310218 0.433115
vt 0.323985 0.433004
vt 0.337752 0.432893
vt 0.351520 0.432783
vt 0.365287 0.432672
vt 0.613094 0.430667
vt 0.626861 0.430556
vt 0.640629 0.430444
vt 0.654396 0.430332
vt 0.668163 0.430220
vt 0.681930 0.430108
vt 0.695697 0.429996
vt 0.709464 0.429884
vt 0.723231 0.429771
vt 0.736998 0.429659
vt 0.750765 0.429547
vt 0.764532 0.429435
vt 0.778299 0.429322
vt 0.792066 0.429210
vt 0.805833 0.429097
vt 0.819600 0.428985
vt 0.833368 0.428872
vt 0.847135 0.428760
vt 0.860902 0.428647
vt 0.874669 0.428534
vt 0.888436 0.428421
vt 0.902203 0.428309
vt 0.915970 0.428196
vt 0.929737 0.428083
vt 0.943504 0.427970
vt 0.034985 0.449144
vt 0.048752 0.449034
vt 0.062519 0.448924
vt 0.076287 0.448815
vt 0.090054 0.448705
vt 0.103821 0.448595
vt 0.117588 0.448485
vt 0.131355 0.448375
vt 0.145122 0.448265
vt 0.158890 0.448155
vt 0.172657 0.448044
vt 0.186424 0.447934
vt 0.200191 0.447824
vt 0.213958 0.447714
vt 0.227725 0.447603
vt 0.241493 0.447493
vt 0.255260 0.447382
vt 0.269027 0.447272
vt 0.282794 0.447161
vt 0.296561 0.447051
vt 0.310329 0.446940
vt 0.324096 0.446829
vt 0.337863 0.446719
vt 0.351630 0.446608
vt 0.365397 0.446497
vt 0.613206 0.444493
vt 0.626973 0.444381
vt 0.640740 0.444269
vt 0.654507 0.444157
vt 0.668274 0.444045
vt 0.682041 0.443933
vt 0.695808 0.443821
vt 0.709576 0.443709
vt 0.723343 0.443597
vt 0.737110 0.443484
vt 0.750877 0.443372
vt 0.764644 0.443260
vt 0.778411 0.443147
vt 0.792178 0.443035
vt 0.805945 0.442922
vt 0.819713 0.442810
vt 0.833480 0.442697
vt 0.847247 0.442585
vt 0.861014 0.442472
vt 0.874781 0.442359
vt 0.888548 0.442247
vt 0.902315 0.442134
vt 0.916082 0.442021
vt 0.929849 0.441908
vt 0.943616 0.441795
vt 0.035094 0.462969
vt 0.048861 0.462859
vt 0.062629 0.462750
vt 0.076396 0.462640
vt 0.090163 0.462530
vt 0.103930 0.462420
vt 0.117698 0.462310
vt 0.131465 0.462200
vt 0.145232 0.462090
vt 0.158999 0.461980
vt 0.172767 0.461870
vt 0.186534 0.461759
vt 0.200301 0.461649
vt 0.214068 0.461539
vt 0.227835 0.461428
vt 0.241603 0.461318
vt 0.255370 0.461208
vt 0.269137 0.461097
vt 0.282904 0.460987
vt 0.296672 0.460876
vt 0.310439 0.460765
vt 0.324206 0.460655
vt 0.337973 0.460544
vt 0.351740 0.460433
vt 0.365508 0.460322
vt 0.613317 0.458318
vt 0.627084 0.458206
vt 0.640851 0.458094
vt 0.654619 0.457982
vt 0.668386 0.457870
vt 0.682153 0.457758
vt 0.695920 0.457646
vt 0.709687 0.457534
vt 0.723454 0.457422
vt 0.737222 0.457309
vt 0.750989 0.457197
vt 0.764756 0.457085
vt 0.778523 0.456973
vt 0.792290 0.456860
vt 0.806057 0.456748
vt 0.819825 0.456635
vt 0.833592 0.456522
vt 0.847359 0.456410
vt 0.861126 0.456297
vt 0.874893 0.456184
vt 0.888660 0.456072
vt 0.902428 0.455959
vt 0.916195 0.455846
vt 0.929962 0.455733
vt 0.943729 0.455620
vt 0.035203 0.476794
vt 0.048971 0.476685
vt 0.062738 0.476575
vt 0.076505 0.476465
vt 0.090273 0.476355
vt 0.104040 0.476245
vt 0.117807 0.476135
vt 0.131574 0.476025
vt 0.145342 0.475915
vt 0.159109 0.475805
vt 0.172876 0.475695
vt 0.186644 0.475585
vt 0.200411 0.475474
vt 0.214178 0.475364
vt 0.227945 0.475254
vt 0.241713 0.475143
vt 0.255480 0.475033
vt 0.269247 0.474922
vt 0.283014 0.474812
vt 0.296782 0.474701
vt 0.310549 0.474590
vt 0.324316 0.474480
vt 0.338083 0.474369
vt 0.351851 0.474258
vt 0.365618 0.474147
vt 0.613428 0.472143
vt 0.627196 0.472031
vt 0.640963 0.471919
vt 0.654730 0.471807
vt 0.668497 0.471695
vt 0.682265 0.471583
vt 0.696032 0.471471
vt 0.709799 0.471359
vt 0.723566 0.471247
vt 0.737333 0.471135
vt 0.751101 0.471022
vt 0.764868 0.470910
vt 0.778635 0.470798
vt 0.792402 0.470685
vt 0.806169 0.470573
vt 0.819937 0.470460
vt 0.833704 0.470348
vt 0.847471 0.470235
vt 0.861238 0.470122
vt 0.875006 0.470010
vt 0.888773 0.469897
vt 0.902540 0.469784
vt 0.916307 0.469671
vt 0.930074 0.469558
vt 0.943842 0.469445
vt 0.035313 0.490620
vt 0.049080 0.490510
vt 0.062847 0.490400
vt 0.076615 0.490290
vt 0.090382 0.490181
vt 0.104149 0.490071
vt 0.117917 0.489961
vt 0.131684 0.489851
vt 0.145451 0.489741
vt 0.159219 0.489630
vt 0.172986 0.489520
vt 0.186753 0.489410
vt 0.200521 0.489300
vt 0.214288 0.489189
vt 0.228055 0.489079
vt 0.241823 0.488969
vt 0.255590 0.488858
vt 0.269357 0.488748
vt 0.283125 0.488637
vt 0.296892 0.488526
vt 0.310659 0.488416
vt 0.324427 0.488305
vt 0.338194 0.488194
vt 0.351961 0.488083
vt 0.365728 0.487973
vt 0.613540 0.485968
vt 0.627307 0.485856
vt 0.641074 0.485745
vt 0.654842 0.485633
vt 0.668609 0.485521
vt 0.682376 0.485409
vt 0.696143 0.485297
vt 0.709911 0.485184
vt 0.723678 0.485072
vt 0.737445 0.484960
vt 0.751212 0.484848
vt 0.764980 0.484735
vt 0.778747 0.484623
vt 0.792514 0.484511
vt 0.806282 0.484398
vt 0.820049 0.484286
vt 0.833816 0.484173
vt 0.847583 0.484060
vt 0.861351 0.483948
vt 0.875118 0.483835
vt 0.888885 0.483722
vt 0.902652 0.483609
vt 0.916420 0.483496
vt 0.930187 0.483383
vt 0.943954 0.483270
vt 0.035422 0.504445
vt 0.049189 0.504335
vt 0.062957 0.504226
vt 0.076724 0.504116
vt 0.090491 0.504006
vt 0.104259 0.503896
vt 0.118026 0.503786
vt 0.131794 0.503676
vt 0.145561 0.503566
vt 0.159328 0.503456
vt 0.173096 0.503346
vt 0.186863 0.503235
vt 0.200630 0.503125
vt 0.214398 0.503015
vt 0.228165 0.502904
vt 0.241933 0.502794
vt 0.255700 0.502684
vt 0.269467 0.502573
vt 0.283235 0.502462
vt 0.297002 0.502352
vt 0.310769 0.502241
vt 0.324537 0.502130
vt 0.338304 0.502020
vt 0.352072 0.501909
vt 0.365839 0.501798
vt 0.613651 0.499794
vt 0.627418 0.499682
vt 0.641186 0.499570
vt 0.654953 0.499458
vt 0.668720 0.499346
vt 0.682488 0.499234
vt 0.696255 0.499122
vt 0.710022 0.499010
vt 0.723790 0.498898
vt 0.737557 0.498785
vt 0.751324 0.498673
vt 0.765092 0.498561
vt 0.778859 0.498448
vt 0.792626 0.498336
vt 0.806394 0.498223
vt 0.820161 0.498111
vt 0.833928 0.497998
vt 0.847695 0.497886
vt 0.861463 0.497773
vt 0.875230 0.497660
vt 0.888997 0.497547
vt 0.902765 0.497435
vt 0.916532 0.497322
vt 0.930299 0.497209
vt 0.944067 0.497096
vt 0.035531 0.518271
vt 0.049299 0.518161
vt 0.063066 0.518051
vt 0.076833 0.517941
vt 0.090601 0.517831
vt 0.104368 0.517721
vt 0.118136 0.517611
vt 0.131903 0.517501
vt 0.145671 0.517391
vt 0.159438 0.517281
vt 0.173205 0.517171
vt 0.186973 0.517061
vt 0.200740 0.516951
vt 0.214508 0.516840
vt 0.228275 0.516730
vt 0.242043 0.516619
vt 0.255810 0.516509
vt 0.269577 0.516398
vt 0.283345 0.516288
vt 0.297112 0.516177
vt 0.310880 0.516067
vt 0.324647 0.515956
vt 0.338414 0.515845
vt 0.352182 0.515734
vt 0.365949 0.515623
vt 0.613762 0.513619
vt 0.627530 0.513507
vt 0.641297 0.513395
vt 0.655065 0.513283
vt 0.668832 0.513171
vt 0.682599 0.513059
vt 0.696367 0.512947
vt 0.710134 0.512835
vt 0.723901 0.512723
vt 0.737669 0.512611
vt 0.751436 0.512498
vt 0.765204 0.512386
vt 0.778971 0.512274
vt 0.792738 0.512161
vt 0.806506 0.512049
vt 0.820273 0.511936
vt 0.834040 0.511824
vt 0.847808 0.511711
vt 0.861575 0.511598
vt 0.875342 0.511486
vt 0.889110 0.511373
vt 0.902877 0.511260
vt 0.916644 0.511147
vt 0.930412 0.511034
vt 0.944179 0.510921
vt 0.035640 0.532096
vt 0.049408 0.531986
vt 0.063175 0.531877
vt 0.076943 0.531767
vt 0.090710 0.531657
vt 0.104478 0.531547
vt 0.118245 0.531437
vt 0.132013 0.531327
vt 0.145780 0.531217
vt 0.159548 0.531107
vt 0.173315 0.530997
vt 0.187083 0.530886
vt 0.200850 0.530776
vt 0.214618 0.530666
vt 0.228385 0.530555
vt 0.242153 0.530445
vt 0.255920 0.530334
vt 0.269688 0.530224
vt 0.283455 0.530113
vt 0.297222 0.530003
vt 0.310990 0.529892
vt 0.324757 0.529781
vt 0.338525 0.529671
vt 0.352292 0.529560
vt 0.366060 0.529449
vt 0.613874 0.527444
vt 0.627641 0.527333
vt 0.641409 0.527221
vt 0.655176 0.527109
vt 0.668943 0.526997
vt 0.682711 0.526885
vt 0.696478 0.526773
vt 0.710246 0.526661
vt 0.724013 0.526548
vt 0.737781 0.526436
vt 0.751548 0.526324
vt 0.765315 0.526211
vt 0.779083 0.526099
vt 0.792850 0.525987
vt 0.806618 0.525874
vt 0.820385 0.525762
vt 0.834152 0.525649
vt 0.847920 0.525536
vt 0.861687 0.525424
vt 0.875455 0.525311
vt 0.889222 0.525198
vt 0.902989 0.525085
vt 0.916757 0.524972
vt 0.930524 0.524860
vt 0.944292 0.524747
vt 0.035750 0.545922
vt 0.049517 0.545812
vt 0.063285 0.545702
vt 0.077052 0.545592
vt 0.090820 0.545482
vt 0.104587 0.545372
vt 0.118355 0.545263
vt 0.132122 0.545152
vt 0.145890 0.545042
vt 0.159657 0.544932
vt 0.173425 0.544822
vt 0.187192 0.544712
vt 0.200960 0.544602
vt 0.214728 0.544491
vt 0.228495 0.544381
vt 0.242263 0.544270
vt 0.256030 0.544160
vt 0.269798 0.544049
vt 0.283565 0.543939
vt 0.297333 0.543828
vt 0.311100 0.543718
vt 0.324868 0.543607
vt 0.338635 0.543496
vt 0.352403 0.543385
vt 0.366170 0.543274
vt 0.613985 0.541270
vt 0.627753 0.541158
vt 0.641520 0.541046
vt 0.655288 0.540934
vt 0.669055 0.540822
vt 0.682822 0.540710
vt 0.696590 0.540598
vt 0.710357 0.540486
vt 0.724125 0.540374
vt 0.737892 0.540262
vt 0.751660 0.540149
vt 0.765427 0.540037
vt 0.779195 0.539925
vt 0.792962 0.539812
vt 0.806730 0.539700
vt 0.820497 0.539587
vt 0.834265 0.539474
vt 0.848032 0.539362
vt 0.861800 0.539249
vt 0.875567 0.539136
vt 0.889334 0.539024
vt 0.903102 0.538911
vt 0.916869 0.538798
vt 0.930637 0.538685
vt 0.944404 0.538572
vt 0.035859 0.559747
vt 0.049626 0.559637
vt 0.063394 0.559528
vt 0.077162 0.559418
vt 0.090929 0.559308
vt 0.104697 0.559198
vt 0.118464 0.559088
vt 0.132232 0.558978
vt 0.146000 0.558868
vt 0.159767 0.558758
vt 0.173535 0.558648
vt 0.187302 0.558537
vt 0.201070 0.558427
vt 0.214837 0.558317
vt 0.228605 0.558206
vt 0.242373 0.558096
vt 0.256140 0.557986
vt 0.269908 0.557875
vt 0.283675 0.557764
vt 0.297443 0.557654
vt 0.311210 0.557543
vt 0.324978 0.557432
vt 0.338746 0.557322
vt 0.352513 0.557211
vt 0.366281 0.557100
vt 0.614096 0.555095
vt 0.627864 0.554984
vt 0.641631 0.554872
vt 0.655399 0.554760
vt 0.669167 0.554648
vt 0.682934 0.554536
vt 0.696702 0.554424
vt 0.710469 0.554312
vt 0.724237 0.554199
vt 0.738004 0.554087
vt 0.751772 0.553975
vt 0.765539 0.553862
vt 0.779307 0.553750
vt 0.793074 0.553638
vt 0.806842 0.553525
vt 0.820609 0.553413
vt 0.834377 0.553300
vt 0.848144 0.553187
vt 0.861912 0.553075
vt 0.875679 0.552962
vt 0.889447 0.552849
vt 0.903214 0.552736
vt 0.916982 0.552623
vt 0.930749 0.552510
vt 0.944517 0.552397
vt 0.035968 0.573573
vt 0.049736 0.573463
vt 0.063503 0.573353
vt 0.077271 0.573244
vt 0.091039 0.573134
vt 0.104806 0.573024
vt 0.118574 0.572914
vt 0.132342 0.572804
vt 0.146109 0.572694
vt 0.159877 0.572584
vt 0.173644 0.572473
vt 0.187412 0.572363
vt 0.201180 0.572253
vt 0.214947 0.572142
vt 0.228715 0.572032
vt 0.242483 0.571922
vt 0.256250 0.571811
vt 0.270018 0.571701
vt 0.283785 0.571590
vt 0.297553 0.571479
vt 0.311321 0.571369
vt 0.325088 0.571258
vt 0.338856 0.571147
vt 0.352623 0.571036
vt 0.366391 0.570926
vt 0.614208 0.568921
vt 0.627975 0.568809
vt 0.641743 0.568697
vt 0.655511 0.568585
vt 0.669278 0.568473
vt 0.683046 0.568361
vt 0.696813 0.568249
vt 0.710581 0.568137
vt 0.724348 0.568025
vt 0.738116 0.567913
vt 0.751884 0.567800
vt 0.765651 0.567688
vt 0.779419 0.567576
vt 0.793186 0.567463
vt 0.806954 0.567351
vt 0.820721 0.567238
vt 0.834489 0.567126
vt 0.848256 0.567013
vt 0.862024 0.566900
vt 0.875792 0.566787
vt 0.889559 0.566675
vt 0.903327 0.566562
vt 0.917094 0.566449
vt 0.930862 0.566336
vt 0.944629 0.566223
vt 0.036077 0.587399
vt 0.049845 0.587289
vt 0.063613 0.587179
vt 0.077380 0.587069
vt 0.091148 0.586959
vt 0.104916 0.586849
vt 0.118683 0.586739
vt 0.132451 0.586629
vt 0.146219 0.586519
vt 0.159986 0.586409
vt 0.173754 0.586299
vt 0.187522 0.586189
vt 0.201290 0.586078
vt 0.215057 0.585968
vt 0.228825 0.585858
vt 0.242593 0.585747
vt 0.256360 0.585637
vt 0.270128 0.585526
vt 0.283896 0.585416
vt 0.297663 0.585305
vt 0.311431 0.585194
vt 0.325199 0.585084
vt 0.338966 0.584973
vt 0.352734 0.584862
vt 0.366502 0.584751
vt 0.614319 0.582747
vt 0.628087 0.582635
vt 0.641854 0.582523
vt 0.655622 0.582411
vt 0.669390 0.582299
vt 0.683157 0.582187
vt 0.696925 0.582075
vt 0.710693 0.581963
vt 0.724460 0.581851
vt 0.738228 0.581738
vt 0.751995 0.581626
vt 0.765763 0.581514
vt 0.779531 0.581401
vt 0.793298 0.581289
vt 0.807066 0.581176
vt 0.820833 0.581064
vt 0.834601 0.580951
vt 0.848369 0.580839
vt 0.862136 0.580726
vt 0.875904 0.580613
vt 0.889671 0.580500
vt 0.903439 0.580387
vt 0.917207 0.580275
vt 0.930974 0.580162
vt 0.944742 0.580049
vt 0.036187 0.601224
vt 0.049954 0.601115
vt 0.063722 0.601005
vt 0.077490 0.600895
vt 0.091258 0.600785
vt 0.105025 0.600675
vt 0.118793 0.600565
vt 0.132561 0.600455
vt 0.146328 0.600345
vt 0.160096 0.600235
vt 0.173864 0.600125
vt 0.187632 0.600015
vt 0.201399 0.599904
vt 0.215167 0.599794
vt 0.228935 0.599684
vt 0.242703 0.599573
vt 0.256470 0.599463
vt 0.270238 0.599352
vt 0.284006 0.599241
vt 0.297773 0.599131
vt 0.311541 0.599020
vt 0.325309 0.598909
vt 0.339077 0.598799
vt 0.352844 0.598688
vt 0.366612 0.598577
vt 0.614430 0.596572
vt 0.628198 0.596460
vt 0.641966 0.596349
vt 0.655734 0.596237
vt 0.669501 0.596125
vt 0.683269 0.596013
vt 0.697037 0.595901
vt 0.710804 0.595788
vt 0.724572 0.595676
vt 0.738340 0.595564
vt 0.752107 0.595452
vt 0.765875 0.595339
vt 0.779643 0.595227
vt 0.793410 0.595114
vt 0.807178 0.595002
vt 0.820946 0.594889
vt 0.834713 0.594777
vt 0.848481 0.594664
vt 0.862248 0.594551
vt 0.876016 0.594439
vt 0.889784 0.594326
vt 0.903551 0.594213
vt 0.917319 0.594100
vt 0.931087 0.593987
vt 0.944854 0.593874
vt 0.036296 0.615050
vt 0.050064 0.614940
vt 0.063831 0.614831
vt 0.077599 0.614721
vt 0.091367 0.614611
vt 0.105135 0.614501
vt 0.118903 0.614391
vt 0.132670 0.614281
vt 0.146438 0.614171
vt 0.160206 0.614061
vt 0.173974 0.613951
vt 0.187741 0.613840
vt 0.201509 0.613730
vt 0.215277 0.613620
vt 0.229045 0.613509
vt 0.242813 0.613399
vt 0.256580 0.613288
vt 0.270348 0.613178
vt 0.284116 0.613067
vt 0.297884 0.612957
vt 0.311651 0.612846
vt 0.325419 0.612735
vt 0.339187 0.612624
vt 0.352955 0.612514
vt 0.366722 0.612403
vt 0.380490 0.612292
vt 0.394258 0.612181
vt 0.408026 0.612070
vt 0.421793 0.611959
vt 0.435561 0.611847
vt 0.449329 0.611736
vt 0.463097 0.611625
vt 0.476864 0.611514
vt 0.490632 0.611402
vt 0.504400 0.611291
vt 0.518168 0.611180
vt 0.531935 0.611068
vt 0.545703 0.610957
vt 0.559471 0.610845
vt 0.573239 0.610733
vt 0.587006 0.610622
vt 0.600774 0.610510
vt 0.614542 0.610398
vt 0.628310 0.610286
vt 0.642077 0.610174
vt 0.655845 0.610062
vt 0.669613 0.609950
vt 0.683380 0.609838
vt 0.697148 0.609726
vt 0.710916 0.609614
vt 0.724684 0.609502
vt 0.738451 0.609390
vt 0.752219 0.609277
vt 0.765987 0.609165
vt 0.779754 0.609053
vt 0.793522 0.608940
vt 0.807290 0.608828
vt 0.821058 0.608715
vt 0.834825 0.608603
vt 0.848593 0.608490
vt 0.862361 0.608377
vt 0.876128 0.608264
vt 0.889896 0.608152
vt 0.903664 0.608039
vt 0.917432 0.607926
vt 0.931199 0.607813
vt 0.944967 0.607700
vt 0.036405 0.628876
vt 0.050173 0.628766
vt 0.063941 0.628656
vt 0.077709 0.628547
vt 0.091476 0.628437
vt 0.105244 0.628327
vt 0.119012 0.628217
vt 0.132780 0.628107
vt 0.146548 0.627997
vt 0.160316 0.627887
vt 0.174083 0.627776
vt 0.187851 0.627666
vt 0.201619 0.627556
vt 0.215387 0.627445
vt 0.229155 0.627335
vt 0.242923 0.627225
vt 0.256690 0.627114
vt 0.270458 0.627004
vt 0.284226 0.626893
vt 0.297994 0.626782
vt 0.311762 0.626672
vt 0.325529 0.626561
vt 0.339297 0.626450
vt 0.353065 0.626339
vt 0.366833 0.626228
vt 0.380601 0.626118
vt 0.394368 0.626007
vt 0.408136 0.625895
vt 0.421904 0.625784
vt 0.435672 0.625673
vt 0.449440 0.625562
vt 0.463207 0.625451
vt 0.476975 0.625340
vt 0.490743 0.625228
vt 0.504511 0.625117
vt 0.518279 0.625005
vt 0.532046 0.624894
vt 0.545814 0.624782
vt 0.559582 0.624671
vt 0.573350 0.624559
vt 0.587118 0.624447
vt 0.600885 0.624336
vt 0.614653 0.624224
vt 0.628421 0.624112
vt 0.642189 0.624000
vt 0.655957 0.623888
vt 0.669724 0.623776
vt 0.683492 0.623664
vt 0.697260 0.623552
vt 0.711028 0.623440
vt 0.724795 0.623328
vt 0.738563 0.623215
vt 0.752331 0.623103
vt 0.766099 0.622991
vt 0.779866 0.622878
vt 0.793634 0.622766
vt 0.807402 0.622653
vt 0.821170 0.622541
vt 0.834937 0.622428
vt 0.848705 0.622316
vt 0.862473 0.622203
vt 0.876241 0.622090
vt 0.890008 0.621977
vt 0.903776 0.621865
vt 0.917544 0.621752
vt 0.931312 0.621639
vt 0.945079 0.621526
vt 0.036514 0.642702
vt 0.050282 0.642592
vt 0.064050 0.642482
vt 0.077818 0.642372
vt 0.091586 0.642263
vt 0.105354 0.642153
vt 0.119122 0.642043
vt 0.132890 0.641933
vt 0.146657 0.641823
vt 0.160425 0.641712
vt 0.174193 0.641602
vt 0.187961 0.641492
vt 0.201729 0.641382
vt 0.215497 0.641271
vt 0.229265 0.641161
vt 0.243033 0.641051
vt 0.256800 0.640940
vt 0.270568 0.640830
vt 0.284336 0.640719
vt 0.298104 0.640608
vt 0.311872 0.640498
vt 0.325640 0.640387
vt 0.339408 0.640276
vt 0.353175 0.640165
vt 0.366943 0.640054
vt 0.380711 0.639943
vt 0.394479 0.639832
vt 0.408247 0.639721
vt 0.422015 0.639610
vt 0.435783 0.639499
vt 0.449550 0.639388
vt 0.463318 0.639277
vt 0.477086 0.639165
vt 0.490854 0.639054
vt 0.504622 0.638943
vt 0.518390 0.638831
vt 0.532158 0.638720
vt 0.545925 0.638608
vt 0.559693 0.638497
vt 0.573461 0.638385
vt 0.587229 0.638273
vt 0.600997 0.638161
vt 0.614765 0.638050
vt 0.628532 0.637938
vt 0.642300 0.637826
vt 0.656068 0.637714
vt 0.669836 0.637602
vt 0.683604 0.637490
vt 0.697371 0.637378
vt 0.711139 0.637266
vt 0.724907 0.637154
vt 0.738675 0.637041
vt 0.752443 0.636929
vt 0.766211 0.636817
vt 0.779978 0.636704
vt 0.793746 0.636592
vt 0.807514 0.636479
vt 0.821282 0.636367
vt 0.835050 0.636254
vt 0.848817 0.636141
vt 0.862585 0.636029
vt 0.876353 0.635916
vt 0.890121 0.635803
vt 0.903889 0.635690
vt 0.917656 0.635577
vt 0.931424 0.635465
vt 0.945192 0.635352
vt 0.036624 0.656528
vt 0.050391 0.656418
vt 0.064159 0.656308
vt 0.077927 0.656198
vt 0.091695 0.656089
vt 0.105463 0.655979
vt 0.119231 0.655869
vt 0.132999 0.655759
vt 0.146767 0.655648
vt 0.160535 0.655538
vt 0.174303 0.655428
vt 0.188071 0.655318
vt 0.201839 0.655208
vt 0.215607 0.655097
vt 0.229375 0.654987
vt 0.243143 0.654876
vt 0.256910 0.654766
vt 0.270678 0.654655
vt 0.284446 0.654545
vt 0.298214 0.654434
vt 0.311982 0.654324
vt 0.325750 0.654213
vt 0.339518 0.654102
vt 0.353286 0.653991
vt 0.367054 0.653880
vt 0.380822 0.653769
vt 0.394590 0.653658
vt 0.408357 0.653547
vt 0.422125 0.653436
vt 0.435893 0.653325
vt 0.449661 0.653214
vt 0.463429 0.653103
vt 0.477197 0.652991
vt 0.490965 0.652880
vt 0.504733 0.652769
vt 0.518501 0.652657
vt 0.532269 0.652546
vt 0.546036 0.652434
vt 0.559804 0.652322
vt 0.573572 0.652211
vt 0.587340 0.652099
vt 0.601108 0.651987
vt 0.614876 0.651876
vt 0.628644 0.651764
vt 0.642412 0.651652
vt 0.656180 0.651540
vt 0.669947 0.651428
vt 0.683715 0.651316
vt 0.697483 0.651204
vt 0.711251 0.651092
vt 0.725019 0.650979
vt 0.738787 0.650867
vt 0.752555 0.650755
vt 0.766322 0.650642
vt 0.780090 0.650530
vt 0.793858 0.650418
vt 0.807626 0.650305
vt 0.821394 0.650193
vt 0.835162 0.650080
vt 0.848930 0.649967
vt 0.862697 0.649855
vt 0.876465 0.649742
vt 0.890233 0.649629
vt 0.904001 0.649516
vt 0.917769 0.649403
vt 0.931537 0.649290
vt 0.945305 0.649177
vt 0.036733 0.670354
vt 0.050501 0.670244
vt 0.064269 0.670134
vt 0.078037 0.670024
vt 0.091805 0.669915
vt 0.105573 0.669805
vt 0.119341 0.669695
vt 0.133109 0.669585
vt 0.146877 0.669474
vt 0.160645 0.669364
vt 0.174413 0.669254
vt 0.188181 0.669144
vt 0.201949 0.669034
vt 0.215717 0.668923
vt 0.229485 0.668813
vt 0.243253 0.668702
vt 0.257021 0.668592
vt 0.270788 0.668481
vt 0.284556 0.668371
vt 0.298324 0.668260
vt 0.312092 0.668149
vt 0.325860 0.668039
vt 0.339628 0.667928
vt 0.353396 0.667817
vt 0.367164 0.667706
vt 0.380932 0.667595
vt 0.394700 0.667484
vt 0.408468 0.667373
vt 0.422236 0.667262
vt 0.436004 0.667151
vt 0.449772 0.667040
vt 0.463540 0.666929
vt 0.477308 0.666817
vt 0.491076 0.666706
vt 0.504844 0.666594
vt 0.518612 0.666483
vt 0.532380 0.666372
vt 0.546148 0.666260
vt 0.559915 0.666148
vt 0.573683 0.666037
vt 0.587451 0.665925
vt 0.601219 0.665813
vt 0.614987 0.665701
vt 0.628755 0.665590
vt 0.642523 0.665478
vt 0.656291 0.665366
vt 0.670059 0.665254
vt 0.683827 0.665142
vt 0.697595 0.665030
vt 0.711363 0.664917
vt 0.725131 0.664805
vt 0.738899 0.664693
vt 0.752666 0.664581
vt 0.766434 0.664468
vt 0.780202 0.664356
vt 0.793970 0.664244
vt 0.807738 0.664131
vt 0.821506 0.664018
vt 0.835274 0.663906
vt 0.849042 0.663793
vt 0.862810 0.663681
vt 0.876578 0.663568
vt 0.890346 0.663455
vt 0.904113 0.663342
vt 0.917881 0.663229
vt 0.931649 0.663116
vt 0.945417 0.663003
vt 0.036842 0.684180
vt 0.050610 0.684070
vt 0.064378 0.683960
vt 0.078146 0.683850
vt 0.091914 0.683741
vt 0.105682 0.683631
vt 0.119450 0.683521
vt 0.133218 0.683411
vt 0.146986 0.683301
vt 0.160754 0.683190
vt 0.174522 0.683080
vt 0.188290 0.682970
vt 0.202058 0.682860
vt 0.215826 0.682749
vt 0.229595 0.682639
vt 0.243363 0.682528
vt 0.257131 0.682418
vt 0.270899 0.682307
vt 0.284667 0.682197
vt 0.298435 0.682086
vt 0.312203 0.681975
vt 0.325971 0.681865
vt 0.339739 0.681754
vt 0.353507 0.681643
vt 0.367275 0.681532
vt 0.381043 0.681421
vt 0.394811 0.681310
vt 0.408579 0.681199
vt 0.422347 0.681088
vt 0.436115 0.680977
vt 0.449883 0.680866
vt 0.463651 0.680755
vt 0.477419 0.680643
vt 0.491187 0.680532
vt 0.504955 0.680420
vt 0.518723 0.680309
vt 0.532491 0.680198
vt 0.546259 0.680086
vt 0.560027 0.679974
vt 0.573795 0.679863
vt 0.587563 0.679751
vt 0.601331 0.679639
vt 0.615099 0.679527
vt 0.628867 0.679416
vt 0.642635 0.679304
vt 0.656403 0.679192
vt 0.670170 0.679080
vt 0.683938 0.678968
vt 0.697706 0.678856
vt 0.711474 0.678743
vt 0.725242 0.678631
vt 0.739010 0.678519
vt 0.752778 0.678407
vt 0.766546 0.678294
vt 0.780314 0.678182
vt 0.794082 0.678070
vt 0.807850 0.677957
vt 0.821618 0.677844
vt 0.835386 0.677732
vt 0.849154 0.677619
vt 0.862922 0.677506
vt 0.876690 0.677394
vt 0.890458 0.677281
vt 0.904226 0.677168
vt 0.917994 0.677055
vt 0.931762 0.676942
vt 0.945530 0.676829
vt 0.036951 0.698006
vt 0.050719 0.697896
vt 0.064487 0.697786
vt 0.078256 0.697677
vt 0.092024 0.697567
vt 0.105792 0.697457
vt 0.119560 0.697347
vt 0.133328 0.697237
vt 0.147096 0.697127
vt 0.160864 0.697016
vt 0.174632 0.696906
vt 0.188400 0.696796
vt 0.202168 0.696686
vt 0.215936 0.696575
vt 0.229704 0.696465
vt 0.243473 0.696355
vt 0.257241 0.696244
vt 0.271009 0.696133
vt 0.284777 0.696023
vt 0.298545 0.695912
vt 0.312313 0.695802
vt 0.326081 0.695691
vt 0.339849 0.695580
vt 0.353617 0.695469
vt 0.367385 0.695358
vt 0.381153 0.695247
vt 0.394921 0.695136
vt 0.408689 0.695025
vt 0.422457 0.694914
vt 0.436225 0.694803
vt 0.449993 0.694692
vt 0.463762 0.694581
vt 0.477530 0.694469
vt 0.491298 0.694358
vt 0.505066 0.694247
vt 0.518834 0.694135
vt 0.532602 0.694024
vt 0.546370 0.693912
vt 0.560138 0.693800
vt 0.573906 0.693689
vt 0.587674 0.693577
vt 0.601442 0.693465
vt 0.615210 0.693354
vt 0.628978 0.693242
vt 0.642746 0.693130
vt 0.656514 0.693018
vt 0.670282 0.692906
vt 0.684050 0.692794
vt 0.697818 0.692682
vt 0.711586 0.692569
vt 0.725354 0.692457
vt 0.739122 0.692345
vt 0.752890 0.692233
vt 0.766658 0.692120
vt 0.780426 0.692008
vt 0.794194 0.691896
vt 0.807962 0.691783
vt 0.821730 0.691670
vt 0.835498 0.691558
vt 0.849266 0.691445
vt 0.863034 0.691332
vt 0.876802 0.691220
vt 0.890570 0.691107
vt 0.904338 0.690994
vt 0.918106 0.690881
vt 0.931874 0.690768
vt 0.945642 0.690655
vt 0.037061 0.711832
vt 0.050829 0.711722
vt 0.064597 0.711613
vt 0.078365 0.711503
vt 0.092133 0.711393
vt 0.105901 0.711283
vt 0.119669 0.711173
vt 0.133438 0.711063
vt 0.147206 0.710953
vt 0.160974 0.710843
vt 0.174742 0.710732
vt 0.188510 0.710622
vt 0.202278 0.710512
vt 0.216046 0.710401
vt 0.229814 0.710291
vt 0.243583 0.710181
vt 0.257351 0.710070
vt 0.271119 0.709960
vt 0.284887 0.709849
vt 0.298655 0.709738
vt 0.312423 0.709628
vt 0.326191 0.709517
vt 0.339959 0.709406
vt 0.353727 0.709295
vt 0.367496 0.709184
vt 0.381264 0.709073
vt 0.395032 0.708962
vt 0.408800 0.708851
vt 0.422568 0.708740
vt 0.436336 0.708629
vt 0.450104 0.708518
vt 0.463872 0.708407
vt 0.477640 0.708295
vt 0.491409 0.708184
vt 0.505177 0.708073
vt 0.518945 0.707961
vt 0.532713 0.707850
vt 0.546481 0.707738
vt 0.560249 0.707627
vt 0.574017 0.707515
vt 0.587785 0.707403
vt 0.601553 0.707291
vt 0.615321 0.707180
vt 0.629089 0.707068
vt 0.642857 0.706956
vt 0.656626 0.706844
vt 0.670394 0.706732
vt 0.684162 0.706620
vt 0.697930 0.706508
vt 0.711698 0.706396
vt 0.725466 0.706283
vt 0.739234 0.706171
vt 0.753002 0.706059
vt 0.766770 0.705946
vt 0.780538 0.705834
vt 0.794306 0.705722
vt 0.808074 0.705609
vt 0.821842 0.705497
vt 0.835610 0.705384
vt 0.849378 0.705271
vt 0.863147 0.705159
vt 0.876915 0.705046
vt 0.890683 0.704933
vt 0.904451 0.704820
vt 0.918219 0.704707
vt 0.931987 0.704594
vt 0.945755 0.704481
vt 0.037170 0.725658
vt 0.050938 0.725549
vt 0.064706 0.725439
vt 0.078474 0.725329
vt 0.092243 0.725219
vt 0.106011 0.725109
vt 0.119779 0.724999
vt 0.133547 0.724889
vt 0.147315 0.724779
vt 0.161084 0.724669
vt 0.174852 0.724559
vt 0.188620 0.724448
vt 0.202388 0.724338
vt 0.216156 0.724228
vt 0.229924 0.724117
vt 0.243693 0.724007
vt 0.257461 0.723896
vt 0.271229 0.723786
vt 0.284997 0.723675
vt 0.298765 0.723565
vt 0.312533 0.723454
vt 0.326302 0.723343
vt 0.340070 0.723232
vt 0.353838 0.723121
vt 0.367606 0.723011
vt 0.381374 0.722900
vt 0.395142 0.722789
vt 0.408911 0.722678
vt 0.422679 0.722566
vt 0.436447 0.722455
vt 0.450215 0.722344
vt 0.463983 0.722233
vt 0.477751 0.722122
vt 0.491519 0.722010
vt 0.505288 0.721899
vt 0.519056 0.721787
vt 0.532824 0.721676
vt 0.546592 0.721564
vt 0.560360 0.721453
vt 0.574128 0.721341
vt 0.587896 0.721229
vt 0.601665 0.721118
vt 0.615433 0.721006
vt 0.629201 0.720894
vt 0.642969 0.720782
vt 0.656737 0.720670
vt 0.670505 0.720558
vt 0.684273 0.720446
vt 0.698041 0.720334
vt 0.711810 0.720222
vt 0.725578 0.720109
vt 0.739346 0.719997
vt 0.753114 0.719885
vt 0.766882 0.719773
vt 0.780650 0.719660
vt 0.794418 0.719548
vt 0.808186 0.719435
vt 0.821954 0.719323
vt 0.835723 0.719210
vt 0.849491 0.719097
vt 0.863259 0.718985
vt 0.877027 0.718872
vt 0.890795 0.718759
vt 0.904563 0.718646
vt 0.918331 0.718533
vt 0.932099 0.718420
vt 0.945867 0.718307
vt 0.037279 0.739485
vt 0.051047 0.739375
vt 0.064816 0.739265
vt 0.078584 0.739155
vt 0.092352 0.739045
vt 0.106120 0.738935
vt 0.119889 0.738825
vt 0.133657 0.738715
vt 0.147425 0.738605
vt 0.161193 0.738495
vt 0.174961 0.738385
vt 0.188730 0.738275
vt 0.202498 0.738164
vt 0.216266 0.738054
vt 0.230034 0.737943
vt 0.243803 0.737833
vt 0.257571 0.737723
vt 0.271339 0.737612
vt 0.285107 0.737501
vt 0.298875 0.737391
vt 0.312644 0.737280
vt 0.326412 0.737169
vt 0.340180 0.737058
vt 0.353948 0.736948
vt 0.367717 0.736837
vt 0.381485 0.736726
vt 0.395253 0.736615
vt 0.409021 0.736504
vt 0.422789 0.736393
vt 0.436558 0.736281
vt 0.450326 0.736170
vt 0.464094 0.736059
vt 0.477862 0.735948
vt 0.491630 0.735836
vt 0.505399 0.735725
vt 0.519167 0.735613
vt 0.532935 0.735502
vt 0.546703 0.735390
vt 0.560471 0.735279
vt 0.574239 0.735167
vt 0.588008 0.735055
vt 0.601776 0.734944
vt 0.615544 0.734832
vt 0.629312 0.734720
vt 0.643080 0.734608
vt 0.656849 0.734496
vt 0.670617 0.734384
vt 0.684385 0.734272
vt 0.698153 0.734160
vt 0.711921 0.734048
vt 0.725689 0.733936
vt 0.739458 0.733823
vt 0.753226 0.733711
vt 0.766994 0.733599
vt 0.780762 0.733486
vt 0.794530 0.733374
vt 0.808298 0.733261
vt 0.822067 0.733149
vt 0.835835 0.733036
vt 0.849603 0.732924
vt 0.863371 0.732811
vt 0.877139 0.732698
vt 0.890907 0.732585
vt 0.904675 0.732472
vt 0.918444 0.732359
vt 0.932212 0.732246
vt 0.945980 0.732133
vt 0.037388 0.753311
vt 0.051157 0.753201
vt 0.064925 0.753091
vt 0.078693 0.752981
vt 0.092462 0.752872
vt 0.106230 0.752762
vt 0.119998 0.752652
vt 0.133766 0.752542
vt 0.147535 0.752431
vt 0.161303 0.752321
vt 0.175071 0.752211
vt 0.188839 0.752101
vt 0.202608 0.751991
vt 0.216376 0.751880
vt 0.230144 0.751770
vt 0.243913 0.751659
vt 0.257681 0.751549
vt 0.271449 0.751438
vt 0.285217 0.751328
vt 0.298986 0.751217
vt 0.312754 0.751106
vt 0.326522 0.750996
vt 0.340290 0.750885
vt 0.354059 0.750774
vt 0.367827 0.750663
vt 0.381595 0.750552
vt 0.395363 0.750441
vt 0.409132 0.750330
vt 0.422900 0.750219
vt 0.436668 0.750108
vt 0.450436 0.749997
vt 0.464205 0.749885
vt 0.477973 0.749774
vt 0.491741 0.749663
vt 0.505509 0.749551
vt 0.519278 0.749440
vt 0.533046 0.749328
vt 0.546814 0.749217
vt 0.560582 0.749105
vt 0.574351 0.748993
vt 0.588119 0.748882
vt 0.601887 0.748770
vt 0.615655 0.748658
vt 0.629424 0.748546
vt 0.643192 0.748434
vt 0.656960 0.748322
vt 0.670728 0.748210
vt 0.684497 0.748098
vt 0.698265 0.747986
vt 0.712033 0.747874
vt 0.725801 0.747762
vt 0.739569 0.747650
vt 0.753338 0.747537
vt 0.767106 0.747425
vt 0.780874 0.747313
vt 0.794642 0.747200
vt 0.808410 0.747088
vt 0.822179 0.746975
vt 0.835947 0.746862
vt 0.849715 0.746750
vt 0.863483 0.746637
vt 0.877252 0.746524
vt 0.891020 0.746411
vt 0.904788 0.746299
vt 0.918556 0.746186
vt 0.932324 0.746073
vt 0.946093 0.745960
vt 0.037498 0.767137
vt 0.051266 0.767027
vt 0.065034 0.766918
vt 0.078803 0.766808
vt 0.092571 0.766698
vt 0.106339 0.766588
vt 0.120108 0.766478
vt 0.133876 0.766368
vt 0.147644 0.766258
vt 0.161413 0.766148
vt 0.175181 0.766037
vt 0.188949 0.765927
vt 0.202718 0.765817
vt 0.216486 0.765706
vt 0.230254 0.765596
vt 0.244023 0.765486
vt 0.257791 0.765375
vt 0.271559 0.765265
vt 0.285328 0.765154
vt 0.299096 0.765043
vt 0.312864 0.764933
vt 0.326633 0.764822
vt 0.340401 0.764711
vt 0.354169 0.764600
vt 0.367937 0.764489
vt 0.381706 0.764378
vt 0.395474 0.764267
vt 0.409242 0.764156
vt 0.423011 0.764045
vt 0.436779 0.763934
vt 0.450547 0.763823
vt 0.464316 0.763712
vt 0.478084 0.763600
vt 0.491852 0.763489
vt 0.505620 0.763377
vt 0.519389 0.763266
vt 0.533157 0.763155
vt 0.546925 0.763043
vt 0.560694 0.762931
vt 0.574462 0.762820
vt 0.588230 0.762708
vt 0.601998 0.762596
vt 0.615767 0.762484
vt 0.629535 0.762373
vt 0.643303 0.762261
vt 0.657072 0.762149
vt 0.670840 0.762037
vt 0.684608 0.761925
vt 0.698376 0.761813
vt 0.712145 0.761700
vt 0.725913 0.761588
vt 0.739681 0.761476
vt 0.753449 0.761364
vt 0.767218 0.761251
vt 0.780986 0.761139
vt 0.794754 0.761026
vt 0.808523 0.760914
vt 0.822291 0.760801
vt 0.836059 0.760689
vt 0.849827 0.760576
vt 0.863596 0.760463
vt 0.877364 0.760350
vt 0.891132 0.760238
vt 0.904900 0.760125
vt 0.918669 0.760012
vt 0.932437 0.759899
vt 0.946205 0.759786
vt 0.037607 0.780964
vt 0.051375 0.780854
vt 0.065144 0.780744
vt 0.078912 0.780634
vt 0.092680 0.780524
vt 0.106449 0.780414
vt 0.120217 0.780304
vt 0.133986 0.780194
vt 0.147754 0.780084
vt 0.161522 0.779974
vt 0.175291 0.779864
vt 0.189059 0.779754
vt 0.202827 0.779643
vt 0.216596 0.779533
vt 0.230364 0.779422
vt 0.244133 0.779312
vt 0.257901 0.779201
vt 0.271669 0.779091
vt 0.285438 0.778980
vt 0.299206 0.778870
vt 0.312974 0.778759
vt 0.326743 0.778648
vt 0.340511 0.778537
vt 0.354280 0.778427
vt 0.368048 0.778316
vt 0.381816 0.778205
vt 0.395585 0.778094
vt 0.409353 0.777983
vt 0.423121 0.777872
vt 0.436890 0.777760
vt 0.450658 0.777649
vt 0.464426 0.777538
vt 0.478195 0.777427
vt 0.491963 0.777315
vt 0.505731 0.777204
vt 0.519500 0.777092
vt 0.533268 0.776981
vt 0.547036 0.776869
vt 0.560805 0.776758
vt 0.574573 0.776646
vt 0.588341 0.776534
vt 0.602110 0.776423
vt 0.615878 0.776311
vt 0.629646 0.776199
vt 0.643415 0.776087
vt 0.657183 0.775975
vt 0.670951 0.775863
vt 0.684720 0.775751
vt 0.698488 0.775639
vt 0.712256 0.775527
vt 0.726025 0.775414
vt 0.739793 0.775302
vt 0.753561 0.775190
vt 0.767330 0.775078
vt 0.781098 0.774965
vt 0.794866 0.774853
vt 0.808635 0.774740
vt 0.822403 0.774628
vt 0.836171 0.774515
vt 0.849940 0.774402
vt 0.863708 0.774290
vt 0.877476 0.774177
vt 0.891244 0.774064
vt 0.905013 0.773951
vt 0.918781 0.773838
vt 0.932549 0.773725
vt 0.946318 0.773612
vt 0.037716 0.794790
vt 0.051485 0.794680
vt 0.065253 0.794570
vt 0.079021 0.794461
vt 0.092790 0.794351
vt 0.106558 0.794241
vt 0.120327 0.794131
vt 0.134095 0.794021
vt 0.147864 0.793911
vt 0.161632 0.793800
vt 0.175401 0.793690
vt 0.189169 0.793580
vt 0.202937 0.793470
vt 0.216706 0.793359
vt 0.230474 0.793249
vt 0.244243 0.793138
vt 0.258011 0.793028
vt 0.271779 0.792917
vt 0.285548 0.792807
vt 0.299316 0.792696
vt 0.313085 0.792585
vt 0.326853 0.792475
vt 0.340622 0.792364
vt 0.354390 0.792253
vt 0.368158 0.792142
vt 0.381927 0.792031
vt 0.395695 0.791920
vt 0.409464 0.791809
vt 0.423232 0.791698
vt 0.437000 0.791587
vt 0.450769 0.791476
vt 0.464537 0.791364
vt 0.478306 0.791253
vt 0.492074 0.791142
vt 0.505842 0.791030
vt 0.519611 0.790919
vt 0.533379 0.790807
vt 0.547148 0.790696
vt 0.560916 0.790584
vt 0.574684 0.790472
vt 0.588453 0.790361
vt 0.602221 0.790249
vt 0.615989 0.790137
vt 0.629758 0.790025
vt 0.643526 0.789913
vt 0.657295 0.789801
vt 0.671063 0.789689
vt 0.684831 0.789577
vt 0.698600 0.789465
vt 0.712368 0.789353
vt 0.726136 0.789241
vt 0.739905 0.789129
vt 0.753673 0.789016
vt 0.767442 0.788904
vt 0.781210 0.788791
vt 0.794978 0.788679
vt 0.808747 0.788566
vt 0.822515 0.788454
vt 0.836283 0.788341
vt 0.850052 0.788229
vt 0.863820 0.788116
vt 0.877588 0.788003
vt 0.891357 0.787890
vt 0.905125 0.787777
vt 0.918894 0.787665
vt 0.932662 0.787552
vt 0.946430 0.787439
vt 0.037825 0.808616
vt 0.051594 0.808507
vt 0.065362 0.808397
vt 0.079131 0.808287
vt 0.092899 0.808177
vt 0.106668 0.808067
vt 0.120436 0.807957
vt 0.134205 0.807847
vt 0.147973 0.807737
vt 0.161742 0.807627
vt 0.175510 0.807517
vt 0.189279 0.807406
vt 0.203047 0.807296
vt 0.216816 0.807186
vt 0.230584 0.807075
vt 0.244353 0.806965
vt 0.258121 0.806854
vt 0.271890 0.806744
vt 0.285658 0.806633
vt 0.299427 0.806523
vt 0.313195 0.806412
vt 0.326963 0.806301
vt 0.340732 0.806190
vt 0.354500 0.806079
vt 0.368269 0.805969
vt 0.382037 0.805858
vt 0.395806 0.805747
vt 0.409574 0.805635
vt 0.423343 0.805524
vt 0.437111 0.805413
vt 0.450880 0.805302
vt 0.464648 0.805191
vt 0.478416 0.805079
vt 0.492185 0.804968
vt 0.505953 0.804857
vt 0.519722 0.804745
vt 0.533490 0.804634
vt 0.547259 0.804522
vt 0.561027 0.804411
vt 0.574796 0.804299
vt 0.588564 0.804187
vt 0.602332 0.804075
vt 0.616101 0.803964
vt 0.629869 0.803852
vt 0.643638 0.803740
vt 0.657406 0.803628
vt 0.671175 0.803516
vt 0.684943 0.803404
vt 0.698711 0.803292
vt 0.712480 0.803179
vt 0.726248 0.803067
vt 0.740017 0.802955
vt 0.753785 0.802843
vt 0.767554 0.802730
vt 0.781322 0.802618
vt 0.795090 0.802505
vt 0.808859 0.802393
vt 0.822627 0.802280
vt 0.836396 0.802168
vt 0.850164 0.802055
vt 0.863932 0.801942
vt 0.877701 0.801830
vt 0.891469 0.801717
vt 0.905238 0.801604
vt 0.919006 0.801491
vt 0.932774 0.801378
vt 0.946543 0.801265
vt 0.037935 0.822443
vt 0.051703 0.822333
vt 0.065472 0.822223
vt 0.079240 0.822114
vt 0.093009 0.822004
vt 0.106777 0.821894
vt 0.120546 0.821784
vt 0.134314 0.821674
vt 0.148083 0.821564
vt 0.161852 0.821453
vt 0.175620 0.821343
vt 0.189389 0.821233
vt 0.203157 0.821123
vt 0.216926 0.821012
vt 0.230694 0.820902
vt 0.244463 0.820791
vt 0.258231 0.820681
vt 0.272000 0.820570
vt 0.285768 0.820460
vt 0.299537 0.820349
vt 0.313305 0.820238
vt 0.327074 0.820128
vt 0.340842 0.820017
vt 0.354611 0.819906
vt 0.368379 0.819795
vt 0.382148 0.819684
vt 0.395916 0.819573
vt 0.409685 0.819462
vt 0.423453 0.819351
vt 0.437222 0.819240
vt 0.450990 0.819129
vt 0.464759 0.819017
vt 0.478527 0.818906
vt 0.492296 0.818795
vt 0.506064 0.818683
vt 0.519833 0.818572
vt 0.533601 0.818460
vt 0.547370 0.818349
vt 0.561138 0.818237
vt 0.574907 0.818125
vt 0.588675 0.818014
vt 0.602444 0.817902
vt 0.616212 0.817790
vt 0.629981 0.817678
vt 0.643749 0.817566
vt 0.657518 0.817454
vt 0.671286 0.817342
vt 0.685055 0.817230
vt 0.698823 0.817118
vt 0.712592 0.817006
vt 0.726360 0.816894
vt 0.740128 0.816781
vt 0.753897 0.816669
vt 0.767665 0.816557
vt 0.781434 0.816444
vt 0.795202 0.816332
vt 0.808971 0.816219
vt 0.822739 0.816107
vt 0.836508 0.815994
vt 0.850276 0.815881
vt 0.864045 0.815769
vt 0.877813 0.815656
vt 0.891582 0.815543
vt 0.905350 0.815430
vt 0.919118 0.815317
vt 0.932887 0.815204
vt 0.946655 0.815091
vt 0.038044 0.836270
vt 0.051813 0.836160
vt 0.065581 0.836050
vt 0.079350 0.835940
vt 0.093118 0.835830
vt 0.106887 0.835720
vt 0.120655 0.835610
vt 0.134424 0.835500
vt 0.148193 0.835390
vt 0.161961 0.835280
vt 0.175730 0.835170
vt 0.189498 0.835060
vt 0.203267 0.834949
vt 0.217036 0.834839
vt 0.230804 0.834728
vt 0.244573 0.834618
vt 0.258341 0.834507
vt 0.272110 0.834397
vt 0.285878 0.834286
vt 0.299647 0.834176
vt 0.313416 0.834065
vt 0.327184 0.833954
vt 0.340953 0.833843
vt 0.354721 0.833732
vt 0.368490 0.833622
vt 0.382258 0.833511
vt 0.396027 0.833400
vt 0.409795 0.833289
vt 0.423564 0.833177
vt 0.437333 0.833066
vt 0.451101 0.832955
vt 0.464870 0.832844
vt 0.478638 0.832732
vt 0.492407 0.832621
vt 0.506175 0.832510
vt 0.519944 0.832398
vt 0.533712 0.832287
vt 0.547481 0.832175
vt 0.561249 0.832064
vt 0.575018 0.831952
vt 0.588787 0.831840
vt 0.602555 0.831728
vt 0.616324 0.831617
vt 0.630092 0.831505
vt 0.643861 0.831393
vt 0.657629 0.831281
vt 0.671398 0.831169
vt 0.685166 0.831057
vt 0.698935 0.830945
vt 0.712703 0.830832
vt 0.726472 0.830720
vt 0.740240 0.830608
vt 0.754009 0.830496
vt 0.767777 0.830383
vt 0.781546 0.830271
vt 0.795314 0.830158
vt 0.809083 0.830046
vt 0.822851 0.829933
vt 0.836620 0.829821
vt 0.850388 0.829708
vt 0.864157 0.829595
vt 0.877925 0.829483
vt 0.891694 0.829370
vt 0.905462 0.829257
vt 0.919231 0.829144
vt 0.932999 0.829031
vt 0.946768 0.828918
vt 0.038153 0.850096
vt 0.051922 0.849986
vt 0.065690 0.849877
vt 0.079459 0.849767
vt 0.093228 0.849657
vt 0.106996 0.849547
vt 0.120765 0.849437
vt 0.134534 0.849327
vt 0.148302 0.849217
vt 0.162071 0.849107
vt 0.175840 0.848996
vt 0.189608 0.848886
vt 0.203377 0.848776
vt 0.217145 0.848665
vt 0.230914 0.848555
vt 0.244683 0.848445
vt 0.258451 0.848334
vt 0.272220 0.848224
vt 0.285989 0.848113
vt 0.299757 0.848002
vt 0.313526 0.847892
vt 0.327294 0.847781
vt 0.341063 0.847670
vt 0.354832 0.847559
vt 0.368600 0.847448
vt 0.382369 0.847337
vt 0.396137 0.847226
vt 0.409906 0.847115
vt 0.423675 0.847004
vt 0.437443 0.846893
vt 0.451212 0.846782
vt 0.464980 0.846670
vt 0.478749 0.846559
vt 0.492518 0.846448
vt 0.506286 0.846336
vt 0.520055 0.846225
vt 0.533823 0.846113
vt 0.547592 0.846002
vt 0.561361 0.845890
vt 0.575129 0.845778
vt 0.588898 0.845667
vt 0.602666 0.845555
vt 0.616435 0.845443
vt 0.630204 0.845331
vt 0.643972 0.845219
vt 0.657741 0.845107
vt 0.671509 0.844995
vt 0.685278 0.844883
vt 0.699046 0.844771
vt 0.712815 0.844659
vt 0.726584 0.844547
vt 0.740352 0.844435
vt 0.754121 0.844322
vt 0.767889 0.844210
vt 0.781658 0.844097
vt 0.795426 0.843985
vt 0.809195 0.843872
vt 0.822964 0.843760
vt 0.836732 0.843647
vt 0.850501 0.843535
vt 0.864269 0.843422
vt 0.878038 0.843309
vt 0.891806 0.843196
vt 0.905575 0.843083
vt 0.919343 0.842970
vt 0.933112 0.842857
vt 0.946880 0.842744
vt 0.038262 0.863923
vt 0.052031 0.863813
vt 0.065800 0.863703
vt 0.079569 0.863594
vt 0.093337 0.863484
vt 0.107106 0.863374
vt 0.120875 0.863264
vt 0.134643 0.863154
vt 0.148412 0.863043
vt 0.162181 0.862933
vt 0.175949 0.862823
vt 0.189718 0.862713
vt 0.203487 0.862603
vt 0.217255 0.862492
vt 0.231024 0.862382
vt 0.244793 0.862271
vt 0.258561 0.862161
vt 0.272330 0.862050
vt 0.286099 0.861940
vt 0.299867 0.861829
vt 0.313636 0.861718
vt 0.327405 0.861607
vt 0.341173 0.861497
vt 0.354942 0.861386
vt 0.368711 0.861275
vt 0.382479 0.861164
vt 0.396248 0.861053
vt 0.410017 0.860942
vt 0.423785 0.860831
vt 0.437554 0.860720
vt 0.451323 0.860608
vt 0.465091 0.860497
vt 0.478860 0.860386
vt 0.492629 0.860274
vt 0.506397 0.860163
vt 0.520166 0.860051
vt 0.533935 0.859940
vt 0.547703 0.859828
vt 0.561472 0.859717
vt 0.575240 0.859605
vt 0.589009 0.859493
vt 0.602778 0.859382
vt 0.616546 0.859270
vt 0.630315 0.859158
vt 0.644084 0.859046
vt 0.657852 0.858934
vt 0.671621 0.858822
vt 0.685389 0.858710
vt 0.699158 0.858598
vt 0.712927 0.858486
vt 0.726695 0.858373
vt 0.740464 0.858261
vt 0.754233 0.858149
vt 0.768001 0.858036
vt 0.781770 0.857924
vt 0.795538 0.857812
vt 0.809307 0.857699
vt 0.823076 0.857586
vt 0.836844 0.857474
vt 0.850613 0.857361
vt 0.864381 0.857248
vt 0.878150 0.857136
vt 0.891919 0.857023
vt 0.905687 0.856910
vt 0.919456 0.856797
vt 0.933224 0.856684
vt 0.946993 0.856571
vt 0.038372 0.877750
vt 0.052141 0.877640
vt 0.065909 0.877530
vt 0.079678 0.877420
vt 0.093447 0.877310
vt 0.107215 0.877200
vt 0.120984 0.877090
vt 0.134753 0.876980
vt 0.148522 0.876870
vt 0.162290 0.876760
vt 0.176059 0.876650
vt 0.189828 0.876540
vt 0.203597 0.876429
vt 0.217365 0.876319
vt 0.231134 0.876208
vt 0.244903 0.876098
vt 0.258671 0.875987
vt 0.272440 0.875877
vt 0.286209 0.875766
vt 0.299978 0.875656
vt 0.313746 0.875545
vt 0.327515 0.875434
vt 0.341284 0.875323
vt 0.355052 0.875212
vt 0.368821 0.875102
vt 0.382590 0.874991
vt 0.396359 0.874880
vt 0.410127 0.874769
vt 0.423896 0.874657
vt 0.437665 0.874546
vt 0.451433 0.874435
vt 0.465202 0.874324
vt 0.478971 0.874212
vt 0.492740 0.874101
vt 0.506508 0.873990
vt 0.520277 0.873878
vt 0.534046 0.873767
vt 0.547814 0.873655
vt 0.561583 0.873543
vt 0.575352 0.873432
vt 0.589120 0.873320
vt 0.602889 0.873208
vt 0.616658 0.873096
vt 0.630426 0.872985
vt 0.644195 0.872873
vt 0.657964 0.872761
vt 0.671732 0.872649
vt 0.685501 0.872537
vt 0.699270 0.872424
vt 0.713038 0.872312
vt 0.726807 0.872200
vt 0.740576 0.872088
vt 0.754344 0.871975
vt 0.768113 0.871863
vt 0.781882 0.871751
vt 0.795650 0.871638
vt 0.809419 0.871526
vt 0.823188 0.871413
vt 0.836956 0.871300
vt 0.850725 0.871188
vt 0.864494 0.871075
vt 0.878262 0.870962
vt 0.892031 0.870849
vt 0.905800 0.870737
vt 0.919568 0.870624
vt 0.933337 0.870511
vt 0.947106 0.870398
vt 0.038481 0.891576
vt 0.052250 0.891467
vt 0.066019 0.891357
vt 0.079787 0.891247
vt 0.093556 0.891137
vt 0.107325 0.891027
vt 0.121094 0.890917
vt 0.134863 0.890807
vt 0.148631 0.890697
vt 0.162400 0.890587
vt 0.176169 0.890477
vt 0.189938 0.890366
vt 0.203706 0.890256
vt 0.217475 0.890146
vt 0.231244 0.890035
vt 0.245013 0.889925
vt 0.258782 0.889814
vt 0.272550 0.889704
vt 0.286319 0.889593
vt 0.300088 0.889482
vt 0.313857 0.889372
vt 0.327625 0.889261
vt 0.341394 0.889150
vt 0.355163 0.889039
vt 0.368932 0.888928
vt 0.382700 0.888817
vt 0.396469 0.888706
vt 0.410238 0.888595
vt 0.424007 0.888484
vt 0.437775 0.888373
vt 0.451544 0.888262
vt 0.465313 0.888150
vt 0.479082 0.888039
vt 0.492850 0.887928
vt 0.506619 0.887816
vt 0.520388 0.887705
vt 0.534157 0.887593
vt 0.547925 0.887482
vt 0.561694 0.887370
vt 0.575463 0.887259
vt 0.589232 0.887147
vt 0.603000 0.887035
vt 0.616769 0.886923
vt 0.630538 0.886811
vt 0.644307 0.886699
vt 0.658075 0.886587
vt 0.671844 0.886475
vt 0.685613 0.886363
vt 0.699381 0.886251
vt 0.713150 0.886139
vt 0.726919 0.886027
vt 0.740688 0.885915
vt 0.754456 0.885802
vt 0.768225 0.885690
vt 0.781994 0.885577
vt 0.795762 0.885465
vt 0.809531 0.885352
vt 0.823300 0.885240
vt 0.837069 0.885127
vt 0.850837 0.885015
vt 0.864606 0.884902
vt 0.878375 0.884789
vt 0.892143 0.884676
vt 0.905912 0.884563
vt 0.919681 0.884450
vt 0.933450 0.884337
vt 0.947218 0.884224
vt 0.038590 0.905403
vt 0.052359 0.905294
vt 0.066128 0.905184
vt 0.079897 0.905074
vt 0.093666 0.904964
vt 0.107435 0.904854
vt 0.121203 0.904744
vt 0.134972 0.904634
vt 0.148741 0.904524
vt 0.162510 0.904414
vt 0.176279 0.904303
vt 0.190048 0.904193
vt 0.203816 0.904083
vt 0.217585 0.903972
vt 0.231354 0.903862
vt 0.245123 0.903752
vt 0.258892 0.903641
vt 0.272660 0.903530
vt 0.286429 0.903420
vt 0.300198 0.903309
vt 0.313967 0.903198
vt 0.327736 0.903088
vt 0.341505 0.902977
vt 0.355273 0.902866
vt 0.369042 0.902755
vt 0.382811 0.902644
vt 0.396580 0.902533
vt 0.410349 0.902422
vt 0.424117 0.902311
vt 0.437886 0.902200
vt 0.451655 0.902089
vt 0.465424 0.901977
vt 0.479193 0.901866
vt 0.492961 0.901755
vt 0.506730 0.901643
vt 0.520499 0.901532
vt 0.534268 0.901420
vt 0.548037 0.901309
vt 0.561805 0.901197
vt 0.575574 0.901085
vt 0.589343 0.900974
vt 0.603112 0.900862
vt 0.616880 0.900750
vt 0.630649 0.900638
vt 0.644418 0.900526
vt 0.658187 0.900414
vt 0.671956 0.900302
vt 0.685724 0.900190
vt 0.699493 0.900078
vt 0.713262 0.899966
vt 0.727031 0.899854
vt 0.740799 0.899741
vt 0.754568 0.899629
vt 0.768337 0.899517
vt 0.782106 0.899404
vt 0.795875 0.899292
vt 0.809643 0.899179
vt 0.823412 0.899067
vt 0.837181 0.898954
vt 0.850950 0.898841
vt 0.864718 0.898729
vt 0.878487 0.898616
vt 0.892256 0.898503
vt 0.906025 0.898390
vt 0.919793 0.898277
vt 0.933562 0.898164
vt 0.947331 0.898051
vt 0.038700 0.919230
vt 0.052468 0.919120
vt 0.066237 0.919011
vt 0.080006 0.918901
vt 0.093775 0.918791
vt 0.107544 0.918681
vt 0.121313 0.918571
vt 0.135082 0.918461
vt 0.148851 0.918351
vt 0.162620 0.918241
vt 0.176388 0.918130
vt 0.190157 0.918020
vt 0.203926 0.917910
vt 0.217695 0.917799
vt 0.231464 0.917689
vt 0.245233 0.917578
vt 0.259002 0.917468
vt 0.272771 0.917357
vt 0.286539 0.917247
vt 0.300308 0.917136
vt 0.314077 0.917025
vt 0.327846 0.916915
vt 0.341615 0.916804
vt 0.355384 0.916693
vt 0.369153 0.916582
vt 0.382921 0.916471
vt 0.396690 0.916360
vt 0.410459 0.916249
vt 0.424228 0.916138
vt 0.437997 0.916027
vt 0.451766 0.915915
vt 0.465535 0.915804
vt 0.479303 0.915693
vt 0.493072 0.915581
vt 0.506841 0.915470
vt 0.520610 0.915359
vt 0.534379 0.915247
vt 0.548148 0.915135
vt 0.561917 0.915024
vt 0.575685 0.914912
vt 0.589454 0.914800
vt 0.603223 0.914689
vt 0.616992 0.914577
vt 0.630761 0.914465
vt 0.644530 0.914353
vt 0.658298 0.914241
vt 0.672067 0.914129
vt 0.685836 0.914017
vt 0.699605 0.913905
vt 0.713374 0.913793
vt 0.727142 0.913680
vt 0.740911 0.913568
vt 0.754680 0.913456
vt 0.768449 0.913343
vt 0.782218 0.913231
vt 0.795987 0.913118
vt 0.809755 0.913006
vt 0.823524 0.912893
vt 0.837293 0.912781
vt 0.851062 0.912668
vt 0.864831 0.912555
vt 0.878599 0.912443
vt 0.892368 0.912330
vt 0.906137 0.912217
vt 0.919906 0.912104
vt 0.933675 0.911991
vt 0.947443 0.911878
vt 0.038809 0.933057
vt 0.052578 0.932947
vt 0.066347 0.932838
vt 0.080116 0.932728
vt 0.093885 0.932618
vt 0.107654 0.932508
vt 0.121423 0.932398
vt 0.135191 0.932288
vt 0.148960 0.932178
vt 0.162729 0.932067
vt 0.176498 0.931957
vt 0.190267 0.931847
vt 0.204036 0.931737
vt 0.217805 0.931626
vt 0.231574 0.931516
vt 0.245343 0.931405
vt 0.259112 0.931295
vt 0.272881 0.931184
vt 0.286650 0.931074
vt 0.300419 0.930963
vt 0.314187 0.930852
vt 0.327956 0.930741
vt 0.341725 0.930631
vt 0.355494 0.930520
vt 0.369263 0.930409
vt 0.383032 0.930298
vt 0.396801 0.930187
vt 0.410570 0.930076
vt 0.424339 0.929965
vt 0.438108 0.929854
vt 0.451877 0.929742
vt 0.465645 0.929631
vt 0.479414 0.929520
vt 0.493183 0.929408
vt 0.506952 0.929297
vt 0.520721 0.929185
vt 0.534490 0.929074
vt 0.548259 0.928962
vt 0.562028 0.928851
vt 0.575797 0.928739
vt 0.589565 0.928627
vt 0.603334 0.928516
vt 0.617103 0.928404
vt 0.630872 0.928292
vt 0.644641 0.928180
vt 0.658410 0.928068
vt 0.672179 0.927956
vt 0.685948 0.927844
vt 0.699717 0.927732
vt 0.713485 0.927619
vt 0.727254 0.927507
vt 0.741023 0.927395
vt 0.754792 0.927283
vt 0.768561 0.927170
vt 0.782330 0.927058
vt 0.796099 0.926945
vt 0.809867 0.926833
vt 0.823636 0.926720
vt 0.837405 0.926608
vt 0.851174 0.926495
vt 0.864943 0.926382
vt 0.878712 0.926269
vt 0.892481 0.926157
vt 0.906249 0.926044
vt 0.920018 0.925931
vt 0.933787 0.925818
vt 0.947556 0.925705
vt 0.038918 0.946884
vt 0.052687 0.946774
vt 0.066456 0.946665
vt 0.080225 0.946555
vt 0.093994 0.946445
vt 0.107763 0.946335
vt 0.121532 0.946225
vt 0.135301 0.946115
vt 0.149070 0.946005
vt 0.162839 0.945894
vt 0.176608 0.945784
vt 0.190377 0.945674
vt 0.204146 0.945564
vt 0.217915 0.945453
vt 0.231684 0.945343
vt 0.245453 0.945232
vt 0.259222 0.945122
vt 0.272991 0.945011
vt 0.286760 0.944901
vt 0.300529 0.944790
vt 0.314298 0.944679
vt 0.328067 0.944568
vt 0.341836 0.944458
vt 0.355605 0.944347
vt 0.369374 0.944236
vt 0.383143 0.944125
vt 0.396912 0.944014
vt 0.410680 0.943903
vt 0.424449 0.943792
vt 0.438218 0.943680
vt 0.451987 0.943569
vt 0.465756 0.943458
vt 0.479525 0.943347
vt 0.493294 0.943235
vt 0.507063 0.943124
vt 0.520832 0.943012
vt 0.534601 0.942901
vt 0.548370 0.942789
vt 0.562139 0.942678
vt 0.575908 0.942566
vt 0.589677 0.942454
vt 0.603446 0.942342
vt 0.617215 0.942231
vt 0.630984 0.942119
vt 0.644752 0.942007
vt 0.658521 0.941895
vt 0.672290 0.941783
vt 0.686059 0.941671
vt 0.699828 0.941559
vt 0.713597 0.941446
vt 0.727366 0.941334
vt 0.741135 0.941222
vt 0.754904 0.941110
vt 0.768673 0.940997
vt 0.782442 0.940885
vt 0.796211 0.940772
vt 0.809980 0.940660
vt 0.823748 0.940547
vt 0.837517 0.940435
vt 0.851286 0.940322
vt 0.865055 0.940209
vt 0.878824 0.940096
vt 0.892593 0.939983
vt 0.906362 0.939871
vt 0.920131 0.939758
vt 0.933900 0.939645
vt 0.947669 0.939532
usemtl uydu
f 5763/5763 5764/5764 91/91
f 5764/5764 92/92 91/91
f 106/106 5768/5768 107/107
f 93/93 92/92 5764/5764
f 43/43 47/47 23/23
f 1641/1641 1706/1706 6127/6127
f 1706/1706 6177/6177 6127/6127
f 6177/6177 1706/1706 1771/1771
f 6077/6077 1446/1446 6127/6127
f 5761/5761 5762/5762 84/84
f 87/87 5762/5762 5763/5763
f 81/81 5760/5760 5761/5761
f 6227/6227 1984/1984 2032/2032
f 6677/6677 6627/6627 3998/3998
f 106/106 5767/5767 5768/5768
f 5766/5766 5767/5767 102/102
f 5768/5768 108/108 107/107
f 5769/5769 110/110 5768/5768
f 5769/5769 5770/5770 114/114
f 5879/5879 340/340 5829/5829
f 90/90 5763/5763 91/91
f 1737/1737 69/69 1736/1736
f 69/69 1737/1737 70/70
f 28/28 49/49 29/29
f 49/49 54/54 23/23
f 47/47 49/49 23/23
f 1828/1828 6177/6177 1771/1771
f 1828/1828 1882/1882 6177/6177
f 731/731 5977/5977 5927/5927
f 6027/6027 1251/1251 6077/6077
f 2341/2341 8/8 2342/2342
f 8/8 9/9 2342/2342
f 6527/6527 3478/3478 6577/6577
f 3478/3478 6527/6527 3413/3413
f 3478/3478 3543/3543 6577/6577
f 2079/2079 6227/6227 2032/2032
f 1882/1882 1934/1934 6177/6177
f 1934/1934 6227/6227 6177/6177
f 6227/6227 1934/1934 1984/1984
f 4063/4063 6677/6677 3998/3998
f 6677/6677 4063/4063 6744/6744
f 4063/4063 6745/6745 6744/6744
f 95/95 5764/5764 5765/5765
f 96/96 95/95 5765/5765
f 110/110 109/109 5768/5768
f 109/109 108/108 5768/5768
f 5772/5772 121/121 5771/5771
f 5878/5878 340/340 5879/5879
f 90/90 89/89 5763/5763
f 71/71 27/27 1796/1796
f 49/49 25/25 54/54
f 25/25 49/49 28/28
f 25/25 69/69 70/70
f 27/27 65/65 1796/1796
f 28/28 65/65 27/27
f 65/65 28/28 29/29
f 64/64 65/65 29/29
f 991/991 6027/6027 5977/5977
f 926/926 991/991 5977/5977
f 731/731 796/796 5977/5977
f 1381/1381 1446/1446 6077/6077
f 81/81 5827/5827 5760/5760
f 83/83 5761/5761 84/84
f 5762/5762 85/85 84/84
f 56/56 7/7 8/8
f 56/56 2341/2341 2340/2340
f 2341/2341 56/56 8/8
f 2339/2339 56/56 2340/2340
f 56/56 2339/2339 7/7
f 36/36 7/7 6/6
f 36/36 47/47 43/43
f 57/57 2345/2345 2344/2344
f 48/48 36/36 43/43
f 48/48 43/43 23/23
f 7/7 48/48 8/8
f 36/36 48/48 7/7
f 37/37 9/9 8/8
f 48/48 37/37 8/8
f 37/37 48/48 44/44
f 45/45 44/44 52/52
f 37/37 45/45 9/9
f 45/45 37/37 44/44
f 2283/2283 2347/2347 12/12
f 21/21 72/72 73/73
f 21/21 22/22 70/70
f 35/35 36/36 6/6
f 36/36 35/35 47/47
f 61/61 1/1 66/66
f 2277/2277 2276/2276 66/66
f 6527/6527 3348/3348 3413/3413
f 3283/3283 3348/3348 6527/6527
f 6379/6379 6429/6429 2827/2827
f 6529/6529 3282/3282 6479/6479
f 2233/2233 15/15 2189/2189
f 2233/2233 2286/2286 60/60
f 15/15 2146/2146 2189/2189
f 2343/2343 57/57 2344/2344
f 9/9 2343/2343 2342/2342
f 57/57 2343/2343 9/9
f 6178/6178 1770/1770 6179/6179
f 1983/1983 6178/6178 6179/6179
f 6079/6079 1510/1510 6078/6078
f 5766/5766 99/99 5765/5765
f 94/94 93/93 5764/5764
f 95/95 94/94 5764/5764
f 5770/5770 115/115 114/114
f 116/116 115/115 5770/5770
f 5769/5769 111/111 110/110
f 112/112 111/111 5769/5769
f 113/113 5769/5769 114/114
f 113/113 112/112 5769/5769
f 5767/5767 103/103 102/102
f 104/104 103/103 5767/5767
f 105/105 5767/5767 106/106
f 105/105 104/104 5767/5767
f 124/124 123/123 5772/5772
f 5776/5776 136/136 5775/5775
f 136/136 135/135 5775/5775
f 340/340 275/275 5829/5829
f 275/275 5828/5828 5829/5829
f 88/88 87/87 5763/5763
f 89/89 88/88 5763/5763
f 74/74 1907/1907 1957/1957
f 20/20 75/75 52/52
f 20/20 21/21 73/73
f 74/74 20/20 73/73
f 20/20 74/74 75/75
f 1732/1732 71/71 1796/1796
f 71/71 1732/1732 1733/1733
f 69/69 26/26 27/27
f 25/25 26/26 69/69
f 26/26 28/28 27/27
f 26/26 25/25 28/28
f 25/25 24/24 54/54
f 54/54 24/24 23/23
f 24/24 50/50 23/23
f 24/24 25/25 70/70
f 22/22 24/24 70/70
f 24/24 22/22 50/50
f 2005/2005 1956/1956 63/63
f 1955/1955 1956/1956 2005/2005
f 67/67 61/61 66/66
f 61/61 67/67 62/62
f 65/65 1795/1795 1796/1796
f 5877/5877 471/471 5927/5927
f 471/471 536/536 5927/5927
f 861/861 926/926 5977/5977
f 796/796 861/861 5977/5977
f 1251/1251 1316/1316 6077/6077
f 1316/1316 1381/1381 6077/6077
f 1186/1186 1251/1251 6027/6027
f 1121/1121 1186/1186 6027/6027
f 991/991 1056/1056 6027/6027
f 1056/1056 1121/1121 6027/6027
f 82/82 81/81 5761/5761
f 83/83 82/82 5761/5761
f 146/146 5827/5827 81/81
f 146/146 211/211 5827/5827
f 5877/5877 276/276 341/341
f 5827/5827 276/276 5877/5877
f 211/211 276/276 5827/5827
f 86/86 5762/5762 87/87
f 86/86 85/85 5762/5762
f 2338/2338 2337/2337 6/6
f 7/7 2338/2338 6/6
f 2339/2339 2338/2338 7/7
f 41/41 57/57 9/9
f 41/41 45/45 38/38
f 45/45 41/41 9/9
f 19/19 74/74 1957/1957
f 74/74 19/19 75/75
f 75/75 19/19 52/52
f 19/19 45/45 52/52
f 13/13 2283/2283 12/12
f 50/50 53/53 23/23
f 22/22 53/53 50/50
f 53/53 48/48 23/23
f 48/48 53/53 44/44
f 44/44 55/55 52/52
f 55/55 20/20 52/52
f 20/20 55/55 21/21
f 58/58 2336/2336 2282/2282
f 2336/2336 58/58 2337/2337
f 2337/2337 58/58 6/6
f 2336/2336 2335/2335 2282/2282
f 35/35 42/42 47/47
f 49/49 42/42 29/29
f 42/42 49/49 47/47
f 1/1 2278/2278 66/66
f 2278/2278 2277/2277 66/66
f 2276/2276 2232/2232 66/66
f 2232/2232 67/67 66/66
f 3023/3023 6477/6477 6427/6427
f 2828/2828 2893/2893 6427/6427
f 3218/3218 6477/6477 3153/3153
f 6477/6477 3218/3218 6527/6527
f 3218/3218 3283/3283 6527/6527
f 6693/6693 4122/4122 6760/6760
f 4107/4107 6757/6757 6756/6756
f 3803/3803 3868/3868 6627/6627
f 4063/4063 6678/6678 6745/6745
f 4064/4064 6678/6678 4063/4063
f 4069/4069 6746/6746 6679/6679
f 6746/6746 4069/4069 6747/6747
f 4069/4069 4070/4070 6747/6747
f 6229/6229 1983/1983 6179/6179
f 2348/2348 2347/2347 2283/2283
f 2145/2145 2146/2146 15/15
f 1510/1510 1445/1445 6078/6078
f 1055/1055 5979/5979 6029/6029
f 1770/1770 1705/1705 6128/6128
f 1827/1827 1770/1770 6178/6178
f 2210/2210 6278/6278 2254/2254
f 1983/1983 1933/1933 6178/6178
f 5929/5929 535/535 5879/5879
f 535/535 5878/5878 5879/5879
f 6079/6079 6129/6129 1510/1510
f 1770/1770 6129/6129 6179/6179
f 6129/6129 1770/1770 6128/6128
f 97/97 96/96 5765/5765
f 100/100 99/99 5766/5766
f 119/119 118/118 5771/5771
f 117/117 116/116 5770/5770
f 117/117 5770/5770 5771/5771
f 118/118 117/117 5771/5771
f 122/122 121/121 5772/5772
f 123/123 122/122 5772/5772
f 135/135 134/134 5775/5775
f 134/134 133/133 5775/5775
f 275/275 210/210 5828/5828
f 1854/1854 1906/1906 73/73
f 1906/1906 74/74 73/73
f 74/74 1906/1906 1907/1907
f 1797/1797 21/21 70/70
f 1797/1797 72/72 21/21
f 1797/1797 1798/1798 72/72
f 1737/1737 1738/1738 70/70
f 1731/1731 1732/1732 1796/1796
f 67/67 2188/2188 2144/2144
f 2188/2188 2232/2232 2231/2231
f 2232/2232 2188/2188 67/67
f 62/62 68/68 63/63
f 68/68 2005/2005 63/63
f 68/68 2053/2053 2005/2005
f 406/406 5877/5877 341/341
f 406/406 471/471 5877/5877
f 666/666 731/731 5927/5927
f 10/10 41/41 38/38
f 41/41 10/10 57/57
f 11/11 10/10 38/38
f 57/57 10/10 2345/2345
f 10/10 11/11 2345/2345
f 80/80 19/19 1957/1957
f 13/13 2284/2284 2283/2283
f 15/15 14/14 16/16
f 13/13 14/14 60/60
f 14/14 2233/2233 60/60
f 2233/2233 14/14 15/15
f 80/80 18/18 19/19
f 2346/2346 59/59 2347/2347
f 2347/2347 59/59 12/12
f 59/59 11/11 12/12
f 72/72 1853/1853 73/73
f 1798/1798 1853/1853 72/72
f 1853/1853 1854/1854 73/73
f 51/51 53/53 22/22
f 51/51 22/22 21/21
f 55/55 51/51 21/21
f 53/53 51/51 44/44
f 51/51 55/55 44/44
f 6683/6683 4081/4081 4082/4082
f 4081/4081 6683/6683 6750/6750
f 4078/4078 6682/6682 4077/4077
f 6682/6682 4078/4078 4079/4079
f 6749/6749 6748/6748 4077/4077
f 6682/6682 6749/6749 4077/4077
f 6749/6749 4081/4081 6750/6750
f 5/5 35/35 6/6
f 58/58 5/5 6/6
f 5/5 58/58 2282/2282
f 4/4 5/5 2282/2282
f 5/5 4/4 35/35
f 30/30 42/42 35/35
f 4073/4073 6748/6748 6747/6747
f 6748/6748 6681/6681 4077/4077
f 4073/4073 6681/6681 6748/6748
f 6681/6681 4073/4073 4074/4074
f 3543/3543 3608/3608 6577/6577
f 3608/3608 3673/3673 6577/6577
f 3738/3738 3803/3803 6627/6627
f 6577/6577 3738/3738 6627/6627
f 3673/3673 3738/3738 6577/6577
f 2958/2958 3023/3023 6427/6427
f 2893/2893 2958/2958 6427/6427
f 2503/2503 6327/6327 2438/2438
f 6377/6377 6327/6327 2503/2503
f 6327/6327 2373/2373 2438/2438
f 2373/2373 6327/6327 2308/2308
f 4122/4122 6761/6761 6760/6760
f 4118/4118 6693/6693 6760/6760
f 4118/4118 6759/6759 6692/6692
f 6759/6759 4118/4118 6760/6760
f 6690/6690 6757/6757 4107/4107
f 6689/6689 4107/4107 6756/6756
f 4088/4088 6752/6752 6751/6751
f 6684/6684 4088/4088 6751/6751
f 6752/6752 4088/4088 6685/6685
f 4088/4088 4089/4089 6685/6685
f 6752/6752 4092/4092 6753/6753
f 4092/4092 6686/6686 6753/6753
f 4092/4092 6752/6752 6685/6685
f 6627/6627 3933/3933 3998/3998
f 3868/3868 3933/3933 6627/6627
f 4065/4065 6678/6678 4064/4064
f 6678/6678 4065/4065 6745/6745
f 4068/4068 4069/4069 6679/6679
f 4067/4067 4068/4068 6679/6679
f 4096/4096 6754/6754 6753/6753
f 6754/6754 4096/4096 6687/6687
f 4062/4062 6696/6696 6695/6695
f 78/78 15/15 16/16
f 78/78 2145/2145 15/15
f 6079/6079 1315/1315 6029/6029
f 1315/1315 1250/1250 6029/6029
f 1315/1315 6079/6079 6078/6078
f 6028/6028 1055/1055 6029/6029
f 6028/6028 1250/1250 1185/1185
f 1250/1250 6028/6028 6029/6029
f 1881/1881 1827/1827 6178/6178
f 1933/1933 1881/1881 6178/6178
f 795/795 5928/5928 5929/5929
f 795/795 5929/5929 5979/5979
f 1055/1055 5978/5978 5979/5979
f 5978/5978 795/795 5979/5979
f 795/795 5978/5978 860/860
f 5928/5928 600/600 5929/5929
f 600/600 535/535 5929/5929
f 600/600 5928/5928 665/665
f 5777/5777 140/140 5776/5776
f 141/141 140/140 5777/5777
f 5878/5878 405/405 340/340
f 99/99 98/98 5765/5765
f 98/98 97/97 5765/5765
f 101/101 5766/5766 102/102
f 101/101 100/100 5766/5766
f 125/125 5773/5773 126/126
f 5773/5773 125/125 5772/5772
f 125/125 124/124 5772/5772
f 132/132 5774/5774 5775/5775
f 133/133 132/132 5775/5775
f 5773/5773 127/127 126/126
f 128/128 127/127 5773/5773
f 5778/5778 144/144 5777/5777
f 1738/1738 1739/1739 70/70
f 1797/1797 1739/1739 1740/1740
f 1739/1739 1797/1797 70/70
f 69/69 1735/1735 1736/1736
f 1735/1735 69/69 27/27
f 1852/1852 1795/1795 65/65
f 1852/1852 65/65 64/64
f 1851/1851 1852/1852 64/64
f 1446/1446 1511/1511 6127/6127
f 536/536 601/601 5927/5927
f 601/601 666/666 5927/5927
f 1958/1958 2006/2006 1957/1957
f 2006/2006 80/80 1957/1957
f 2285/2285 13/13 60/60
f 2285/2285 2284/2284 13/13
f 2286/2286 2285/2285 60/60
f 17/17 76/76 16/16
f 76/76 78/78 16/16
f 78/78 76/76 2145/2145
f 76/76 2100/2100 2101/2101
f 2145/2145 76/76 2101/2101
f 46/46 11/11 38/38
f 17/17 46/46 34/34
f 45/45 46/46 38/38
f 46/46 18/18 34/34
f 19/19 46/46 45/45
f 18/18 46/46 19/19
f 79/79 17/17 34/34
f 79/79 2006/2006 2007/2007
f 2006/2006 79/79 80/80
f 18/18 79/79 34/34
f 79/79 18/18 80/80
f 1799/1799 1853/1853 1798/1798
f 4080/4080 6682/6682 4079/4079
f 4080/4080 6749/6749 6682/6682
f 6749/6749 4080/4080 4081/4081
f 42/42 33/33 29/29
f 30/30 33/33 42/42
f 33/33 30/30 63/63
f 33/33 64/64 29/29
f 64/64 33/33 63/63
f 32/32 62/62 63/63
f 30/30 32/32 63/63
f 2281/2281 4/4 2282/2282
f 2281/2281 2280/2280 4/4
f 6680/6680 4073/4073 6747/6747
f 4070/4070 6680/6680 6747/6747
f 4071/4071 6680/6680 4070/4070
f 4072/4072 6680/6680 4071/4071
f 6680/6680 4072/4072 4073/4073
f 6681/6681 4076/4076 4077/4077
f 2763/2763 2828/2828 6427/6427
f 6377/6377 2763/2763 6427/6427
f 2698/2698 2763/2763 6377/6377
f 6477/6477 3088/3088 3153/3153
f 3088/3088 6477/6477 3023/3023
f 2633/2633 2698/2698 6377/6377
f 2124/2124 2168/2168 6277/6277
f 2124/2124 6277/6277 6227/6227
f 2079/2079 2124/2124 6227/6227
f 2168/2168 2211/2211 6277/6277
f 6761/6761 4126/4126 6762/6762
f 6762/6762 4126/4126 6695/6695
f 6758/6758 4114/4114 6759/6759
f 4114/4114 6758/6758 6691/6691
f 6278/6278 2307/2307 2254/2254
f 2307/2307 6279/6279 6329/6329
f 6279/6279 2307/2307 6278/6278
f 6379/6379 2567/2567 6329/6329
f 2567/2567 6328/6328 6329/6329
f 3542/3542 6528/6528 6529/6529
f 4118/4118 4119/4119 6693/6693
f 4117/4117 4118/4118 6692/6692
f 6758/6758 4111/4111 6691/6691
f 4111/4111 6758/6758 6757/6757
f 4108/4108 6690/6690 4107/4107
f 4084/4084 6751/6751 6750/6750
f 6683/6683 4084/4084 6750/6750
f 4091/4091 4092/4092 6685/6685
f 4093/4093 4094/4094 6686/6686
f 4092/4092 4093/4093 6686/6686
f 4066/4066 4067/4067 6679/6679
f 6746/6746 4066/4066 6679/6679
f 4066/4066 6746/6746 6745/6745
f 4065/4065 4066/4066 6745/6745
f 4099/4099 6754/6754 6687/6687
f 4099/4099 6755/6755 6754/6754
f 6755/6755 4099/4099 4100/4100
f 6688/6688 6755/6755 4100/4100
f 4094/4094 4095/4095 6686/6686
f 6686/6686 4095/4095 6753/6753
f 4095/4095 4096/4096 6753/6753
f 4096/4096 4097/4097 6687/6687
f 2210/2210 2167/2167 6278/6278
f 2167/2167 6279/6279 6278/6278
f 2167/2167 6229/6229 6279/6279
f 2167/2167 2123/2123 6229/6229
f 3802/3802 6629/6629 6628/6628
f 6629/6629 6696/6696 4062/4062
f 1575/1575 6129/6129 6128/6128
f 6129/6129 1575/1575 1510/1510
f 1120/1120 6028/6028 1185/1185
f 6028/6028 1120/1120 1055/1055
f 5928/5928 730/730 665/665
f 795/795 730/730 5928/5928
f 137/137 136/136 5776/5776
f 138/138 137/137 5776/5776
f 139/139 138/138 5776/5776
f 140/140 139/139 5776/5776
f 121/121 120/120 5771/5771
f 120/120 119/119 5771/5771
f 131/131 130/130 5774/5774
f 132/132 131/131 5774/5774
f 145/145 144/144 5778/5778
f 145/145 5779/5779 5829/5829
f 5828/5828 145/145 5829/5829
f 145/145 5778/5778 5779/5779
f 210/210 145/145 5828/5828
f 142/142 141/141 5777/5777
f 71/71 1734/1734 27/27
f 1734/1734 1735/1735 27/27
f 1734/1734 71/71 1733/1733
f 1905/1905 1851/1851 64/64
f 1904/1904 1905/1905 1956/1956
f 1905/1905 64/64 63/63
f 1956/1956 1905/1905 63/63
f 1576/1576 1641/1641 6127/6127
f 1511/1511 1576/1576 6127/6127
f 46/46 39/39 11/11
f 39/39 46/46 17/17
f 11/11 39/39 12/12
f 39/39 17/17 16/16
f 14/14 39/39 16/16
f 39/39 13/13 12/12
f 39/39 14/14 13/13
f 2100/2100 77/77 2055/2055
f 79/79 77/77 17/17
f 76/76 77/77 2100/2100
f 77/77 76/76 17/17
f 4083/4083 6683/6683 4082/4082
f 4083/4083 4084/4084 6683/6683
f 61/61 31/31 1/1
f 31/31 61/61 62/62
f 32/32 31/31 62/62
f 4075/4075 4076/4076 6681/6681
f 4075/4075 6681/6681 4074/4074
f 2568/2568 6377/6377 2503/2503
f 2568/2568 2633/2633 6377/6377
f 2211/2211 2255/2255 6277/6277
f 2255/2255 6327/6327 6277/6277
f 6327/6327 2255/2255 2308/2308
f 4127/4127 4062/4062 6695/6695
f 4126/4126 4127/4127 6695/6695
f 6629/6629 3997/3997 6628/6628
f 3997/3997 6629/6629 4062/4062
f 6759/6759 4115/4115 6692/6692
f 4114/4114 4115/4115 6759/6759
f 4113/4113 4114/4114 6691/6691
f 6378/6378 2762/2762 2697/2697
f 6378/6378 2567/2567 6379/6379
f 6378/6378 6379/6379 2827/2827
f 2762/2762 6378/6378 2827/2827
f 6328/6328 2372/2372 6329/6329
f 2372/2372 2307/2307 6329/6329
f 2567/2567 2502/2502 6328/6328
f 3867/3867 3802/3802 6628/6628
f 3802/3802 3737/3737 6578/6578
f 3607/3607 3542/3542 6578/6578
f 6478/6478 3217/3217 3152/3152
f 3217/3217 6478/6478 3282/3282
f 3282/3282 6478/6478 6479/6479
f 6429/6429 6428/6428 2827/2827
f 3022/3022 6428/6428 6429/6429
f 6689/6689 4106/4106 4107/4107
f 4116/4116 4117/4117 6692/6692
f 4115/4115 4116/4116 6692/6692
f 4103/4103 6689/6689 6756/6756
f 6755/6755 4103/4103 6756/6756
f 4103/4103 6688/6688 4102/4102
f 6688/6688 4103/4103 6755/6755
f 6690/6690 4110/4110 6757/6757
f 4110/4110 4111/4111 6757/6757
f 4111/4111 4112/4112 6691/6691
f 4112/4112 4113/4113 6691/6691
f 4085/4085 6684/6684 6751/6751
f 4084/4084 4085/4085 6751/6751
f 4085/4085 4086/4086 6684/6684
f 4090/4090 4091/4091 6685/6685
f 4089/4089 4090/4090 6685/6685
f 6688/6688 4101/4101 4102/4102
f 4101/4101 6688/6688 4100/4100
f 4097/4097 4098/4098 6687/6687
f 4098/4098 4099/4099 6687/6687
f 6229/6229 6228/6228 1983/1983
f 2123/2123 6228/6228 6229/6229
f 6579/6579 3802/3802 6578/6578
f 6579/6579 6629/6629 3802/3802
f 6579/6579 3542/3542 6529/6529
f 3542/3542 6579/6579 6578/6578
f 1640/1640 1575/1575 6128/6128
f 1705/1705 1640/1640 6128/6128
f 130/130 129/129 5774/5774
f 5774/5774 129/129 5773/5773
f 129/129 128/128 5773/5773
f 144/144 143/143 5777/5777
f 143/143 142/142 5777/5777
f 2099/2099 2052/2052 2053/2053
f 68/68 2099/2099 2053/2053
f 2099/2099 67/67 2144/2144
f 67/67 2099/2099 62/62
f 2099/2099 68/68 62/62
f 77/77 2054/2054 2055/2055
f 2054/2054 77/77 79/79
f 2054/2054 79/79 2007/2007
f 3/3 2280/2280 2279/2279
f 6694/6694 6761/6761 4122/4122
f 2632/2632 6378/6378 2697/2697
f 6378/6378 2632/2632 2567/2567
f 3932/3932 3867/3867 6628/6628
f 3997/3997 3932/3932 6628/6628
f 3477/3477 6528/6528 3542/3542
f 3737/3737 3672/3672 6578/6578
f 3672/3672 3607/3607 6578/6578
f 3347/3347 3282/3282 6529/6529
f 6528/6528 3347/3347 6529/6529
f 3087/3087 6478/6478 3152/3152
f 6478/6478 3087/3087 6479/6479
f 3087/3087 6429/6429 6479/6479
f 3087/3087 3022/3022 6429/6429
f 6428/6428 2892/2892 2827/2827
f 2957/2957 6428/6428 3022/3022
f 2957/2957 2892/2892 6428/6428
f 4105/4105 4106/4106 6689/6689
f 4108/4108 4109/4109 6690/6690
f 4109/4109 4110/4110 6690/6690
f 4087/4087 4088/4088 6684/6684
f 4086/4086 4087/4087 6684/6684
f 6228/6228 2031/2031 1983/1983
f 1445/1445 1380/1380 6078/6078
f 1380/1380 1315/1315 6078/6078
f 990/990 5978/5978 1055/1055
f 470/470 405/405 5878/5878
f 535/535 470/470 5878/5878
f 31/31 2/2 1/1
f 3/3 2/2 31/31
f 2/2 2278/2278 1/1
f 2278/2278 2/2 2279/2279
f 2/2 3/3 2279/2279
f 2280/2280 40/40 4/4
f 3/3 40/40 2280/2280
f 4/4 40/40 35/35
f 40/40 31/31 32/32
f 40/40 3/3 31/31
f 40/40 30/30 35/35
f 40/40 32/32 30/30
f 6694/6694 4123/4123 4124/4124
f 4123/4123 6694/6694 4122/4122
f 4125/4125 4126/4126 6761/6761
f 6694/6694 4125/4125 6761/6761
f 4125/4125 6694/6694 4124/4124
f 2437/2437 2372/2372 6328/6328
f 2502/2502 2437/2437 6328/6328
f 4103/4103 4104/4104 6689/6689
f 4104/4104 4105/4105 6689/6689
f 2078/2078 2031/2031 6228/6228
f 2078/2078 6228/6228 2123/2123
f 990/990 925/925 5978/5978
f 5978/5978 925/925 860/860
f 6693/6693 4121/4121 4122/4122
f 3477/3477 3412/3412 6528/6528
f 3412/3412 3347/3347 6528/6528
f 4119/4119 4120/4120 6693/6693
f 4120/4120 4121/4121 6693/6693
f 5201/5201 5267/5267 5200/5200
f 5267/5267 5201/5201 5268/5268
f 5285/5285 5217/5217 5218/5218
f 5217/5217 5285/5285 5284/5284
f 5201/5201 5269/5269 5268/5268
f 5269/5269 5201/5201 5202/5202
f 8211/8211 8277/8277 8210/8210
f 8277/8277 8211/8211 8278/8278
f 4857/4857 4791/4791 4858/4858
f 4791/4791 4857/4857 4790/4790
f 4857/4857 4858/4858 4925/4925
f 4924/4924 4857/4857 4925/4925
f 4658/4658 4592/4592 4659/4659
f 4592/4592 4658/4658 4591/4591
f 4658/4658 4590/4590 4591/4591
f 4590/4590 4658/4658 4657/4657
f 4912/4912 4844/4844 4845/4845
f 4844/4844 4912/4912 4911/4911
f 4145/4145 4211/4211 4144/4144
f 4211/4211 4145/4145 4212/4212
f 5151/5151 5152/5152 5218/5218
f 5218/5218 5152/5152 5219/5219
f 5286/5286 5285/5285 5218/5218
f 5286/5286 5218/5218 5219/5219
f 6551/6551 6502/6502 6552/6552
f 6502/6502 6551/6551 6501/6501
f 6651/6651 6602/6602 6652/6652
f 6602/6602 6651/6651 6601/6601
f 6602/6602 6551/6551 6552/6552
f 6551/6551 6602/6602 6601/6601
f 7389/7389 7321/7321 7322/7322
f 7321/7321 7389/7389 7388/7388
f 7321/7321 7255/7255 7322/7322
f 7255/7255 7321/7321 7254/7254
f 7255/7255 7187/7187 7188/7188
f 7187/7187 7255/7255 7254/7254
f 7119/7119 7185/7185 7118/7118
f 7185/7185 7119/7119 7186/7186
f 7321/7321 7253/7253 7254/7254
f 7253/7253 7321/7321 7320/7320
f 7253/7253 7187/7187 7254/7254
f 7187/7187 7253/7253 7186/7186
f 7253/7253 7185/7185 7186/7186
f 7185/7185 7253/7253 7252/7252
f 7319/7319 7253/7253 7320/7320
f 7253/7253 7319/7319 7252/7252
f 5217/5217 5150/5150 5218/5218
f 5150/5150 5151/5151 5218/5218
f 5274/5274 5340/5340 5273/5273
f 5340/5340 5274/5274 5341/5341
f 6126/6126 6177/6177 6176/6176
f 6177/6177 6126/6126 6127/6127
f 6154/6154 6153/6153 6103/6103
f 6104/6104 6154/6154 6103/6103
f 6565/6565 6615/6615 6614/6614
f 6564/6564 6565/6565 6614/6614
f 6068/6068 6119/6119 6118/6118
f 6119/6119 6068/6068 6069/6069
f 8209/8209 8277/8277 8276/8276
f 8277/8277 8209/8209 8210/8210
f 8275/8275 8209/8209 8276/8276
f 8209/8209 8275/8275 8208/8208
f 6871/6871 6803/6803 6804/6804
f 6803/6803 6871/6871 6870/6870
f 8094/8094 8160/8160 8093/8093
f 8094/8094 8161/8161 8160/8160
f 8161/8161 8094/8094 8162/8162
f 8094/8094 8095/8095 8162/8162
f 4235/4235 4168/4168 4236/4236
f 4168/4168 4169/4169 4236/4236
f 4168/4168 4235/4235 4234/4234
f 4167/4167 4168/4168 4234/4234
f 4164/4164 4230/4230 4163/4163
f 4230/4230 4164/4164 4231/4231
f 4230/4230 4162/4162 4163/4163
f 4162/4162 4230/4230 4229/4229
f 4296/4296 4230/4230 4297/4297
f 4230/4230 4296/4296 4229/4229
f 4169/4169 4170/4170 4236/4236
f 4170/4170 4237/4237 4236/4236
f 4237/4237 4170/4170 4238/4238
f 4170/4170 4171/4171 4238/4238
f 4371/4371 4305/4305 4372/4372
f 4304/4304 4305/4305 4371/4371
f 4305/4305 4237/4237 4238/4238
f 4305/4305 4304/4304 4237/4237
f 5132/5132 5064/5064 5065/5065
f 5132/5132 5131/5131 5064/5064
f 5132/5132 5199/5199 5198/5198
f 5131/5131 5132/5132 5198/5198
f 4863/4863 4864/4864 4931/4931
f 4863/4863 4931/4931 4930/4930
f 4997/4997 4998/4998 5065/5065
f 5064/5064 4997/4997 5065/5065
f 4998/4998 4997/4997 4931/4931
f 4931/4931 4997/4997 4930/4930
f 4395/4395 4462/4462 4394/4394
f 4462/4462 4461/4461 4394/4394
f 4395/4395 4327/4327 4328/4328
f 4327/4327 4395/4395 4394/4394
f 4327/4327 4261/4261 4328/4328
f 4261/4261 4327/4327 4260/4260
f 4193/4193 4261/4261 4260/4260
f 4261/4261 4193/4193 4194/4194
f 4528/4528 4460/4460 4461/4461
f 4460/4460 4528/4528 4527/4527
f 4462/4462 4528/4528 4461/4461
f 4528/4528 4462/4462 4529/4529
f 4528/4528 4594/4594 4527/4527
f 4594/4594 4528/4528 4595/4595
f 4596/4596 4528/4528 4529/4529
f 4528/4528 4596/4596 4595/4595
f 4596/4596 4662/4662 4595/4595
f 4662/4662 4596/4596 4663/4663
f 4662/4662 4594/4594 4595/4595
f 4594/4594 4662/4662 4661/4661
f 4730/4730 4662/4662 4663/4663
f 4662/4662 4730/4730 4729/4729
f 5952/5952 6002/6002 5951/5951
f 6002/6002 6001/6001 5951/5951
f 4592/4592 4524/4524 4525/4525
f 4524/4524 4592/4592 4591/4591
f 4590/4590 4524/4524 4591/4591
f 4524/4524 4590/4590 4523/4523
f 4254/4254 4186/4186 4187/4187
f 4186/4186 4254/4254 4253/4253
f 4188/4188 4254/4254 4187/4187
f 4254/4254 4188/4188 4255/4255
f 4254/4254 4322/4322 4321/4321
f 4254/4254 4255/4255 4322/4322
f 4726/4726 4660/4660 4727/4727
f 4660/4660 4726/4726 4659/4659
f 4728/4728 4662/4662 4729/4729
f 4662/4662 4728/4728 4661/4661
f 4660/4660 4728/4728 4727/4727
f 4728/4728 4660/4660 4661/4661
f 4725/4725 4658/4658 4659/4659
f 4726/4726 4725/4725 4659/4659
f 5324/5324 5392/5392 5391/5391
f 5392/5392 5324/5324 5325/5325
f 5390/5390 5324/5324 5391/5391
f 5324/5324 5390/5390 5323/5323
f 4146/4146 4213/4213 4145/4145
f 4145/4145 4213/4213 4212/4212
f 4151/4151 4152/4152 4218/4218
f 4152/4152 4219/4219 4218/4218
f 4344/4344 4410/4410 4343/4343
f 4410/4410 4344/4344 4411/4411
f 5224/5224 5290/5290 5223/5223
f 5290/5290 5224/5224 5291/5291
f 5223/5223 5290/5290 5222/5222
f 5290/5290 5289/5289 5222/5222
f 5290/5290 5356/5356 5289/5289
f 5356/5356 5290/5290 5357/5357
f 5424/5424 5356/5356 5357/5357
f 5356/5356 5424/5424 5423/5423
f 8303/8303 8302/8302 8235/8235
f 8236/8236 8303/8303 8235/8235
f 8303/8303 8236/8236 8237/8237
f 8304/8304 8303/8303 8237/8237
f 8239/8239 8305/8305 8238/8238
f 8305/8305 8239/8239 8306/8306
f 8305/8305 8304/8304 8237/8237
f 8305/8305 8237/8237 8238/8238
f 7711/7711 7643/7643 7644/7644
f 7643/7643 7711/7711 7710/7710
f 7848/7848 7916/7916 7915/7915
f 7916/7916 7848/7848 7849/7849
f 6651/6651 6600/6600 6601/6601
f 6650/6650 6600/6600 6651/6651
f 7455/7455 7389/7389 7456/7456
f 7389/7389 7455/7455 7388/7388
f 5351/5351 5417/5417 5350/5350
f 5417/5417 5351/5351 5418/5418
f 5146/5146 5145/5145 5078/5078
f 5146/5146 5078/5078 5079/5079
f 5336/5336 5270/5270 5337/5337
f 5270/5270 5336/5336 5269/5269
f 5611/5611 5543/5543 5544/5544
f 5543/5543 5611/5611 5610/5610
f 5342/5342 5275/5275 5343/5343
f 5275/5275 5276/5276 5343/5343
f 5275/5275 5342/5342 5341/5341
f 5274/5274 5275/5275 5341/5341
f 5275/5275 5207/5207 5208/5208
f 5207/5207 5275/5275 5274/5274
f 5864/5864 5813/5813 5814/5814
f 5813/5813 5864/5864 5863/5863
f 5756/5756 5690/5690 5757/5757
f 5690/5690 5756/5756 5689/5689
f 5550/5550 5616/5616 5549/5549
f 5616/5616 5550/5550 5617/5617
f 5482/5482 5550/5550 5549/5549
f 5550/5550 5482/5482 5483/5483
f 5872/5872 5821/5821 5822/5822
f 5821/5821 5872/5872 5871/5871
f 5684/5684 5616/5616 5617/5617
f 5616/5616 5684/5684 5683/5683
f 2464/2464 2465/2465 2529/2529
f 2465/2465 2530/2530 2529/2529
f 7158/7158 7226/7226 7225/7225
f 7226/7226 7158/7158 7159/7159
f 6787/6787 6855/6855 6854/6854
f 6855/6855 6787/6787 6788/6788
f 6557/6557 6606/6606 6556/6556
f 6606/6606 6557/6557 6607/6607
f 6153/6153 6204/6204 6203/6203
f 6154/6154 6204/6204 6153/6153
f 5862/5862 5811/5811 5812/5812
f 5811/5811 5862/5862 5861/5861
f 5862/5862 5813/5813 5863/5863
f 5813/5813 5862/5862 5812/5812
f 5912/5912 5862/5862 5913/5913
f 5862/5862 5863/5863 5913/5913
f 7525/7525 7591/7591 7524/7524
f 7591/7591 7525/7525 7592/7592
f 7457/7457 7525/7525 7524/7524
f 7525/7525 7457/7457 7458/7458
f 6802/6802 6734/6734 6735/6735
f 6734/6734 6802/6802 6801/6801
f 6736/6736 6802/6802 6735/6735
f 6802/6802 6736/6736 6803/6803
f 6656/6656 6606/6606 6607/6607
f 6657/6657 6656/6656 6607/6607
f 6653/6653 6721/6721 6720/6720
f 6721/6721 6653/6653 6654/6654
f 6787/6787 6721/6721 6788/6788
f 6721/6721 6787/6787 6720/6720
f 6721/6721 6654/6654 6655/6655
f 6722/6722 6721/6721 6655/6655
f 6788/6788 6721/6721 6789/6789
f 6721/6721 6722/6722 6789/6789
f 7007/7007 6941/6941 7008/7008
f 6941/6941 7007/7007 6940/6940
f 6941/6941 7009/7009 7008/7008
f 7009/7009 6941/6941 6942/6942
f 7211/7211 7278/7278 7210/7210
f 7278/7278 7277/7277 7210/7210
f 7212/7212 7278/7278 7211/7211
f 7278/7278 7212/7212 7279/7279
f 7198/7198 7266/7266 7265/7265
f 7266/7266 7198/7198 7199/7199
f 7198/7198 7132/7132 7199/7199
f 7132/7132 7198/7198 7131/7131
f 7135/7135 7067/7067 7068/7068
f 7067/7067 7135/7135 7134/7134
f 7135/7135 7069/7069 7136/7136
f 7069/7069 7135/7135 7068/7068
f 7275/7275 7207/7207 7208/7208
f 7207/7207 7275/7275 7274/7274
f 7275/7275 7341/7341 7274/7274
f 7341/7341 7275/7275 7342/7342
f 7341/7341 7273/7273 7274/7274
f 7273/7273 7341/7341 7340/7340
f 7548/7548 7480/7480 7481/7481
f 7480/7480 7548/7548 7547/7547
f 7484/7484 7550/7550 7483/7483
f 7550/7550 7484/7484 7551/7551
f 7747/7747 7815/7815 7814/7814
f 7815/7815 7747/7747 7748/7748
f 7746/7746 7747/7747 7813/7813
f 7747/7747 7814/7814 7813/7813
f 7605/7605 7539/7539 7606/7606
f 7539/7539 7605/7605 7538/7538
f 7542/7542 7608/7608 7541/7541
f 7608/7608 7542/7542 7609/7609
f 7474/7474 7542/7542 7541/7541
f 7542/7542 7474/7474 7475/7475
f 8013/8013 7947/7947 8014/8014
f 7947/7947 8013/8013 7946/7946
f 8081/8081 8013/8013 8014/8014
f 8080/8080 8013/8013 8081/8081
f 7945/7945 8013/8013 8012/8012
f 8013/8013 7945/7945 7946/7946
f 8013/8013 8079/8079 8012/8012
f 8079/8079 8013/8013 8080/8080
f 8079/8079 8145/8145 8078/8078
f 8145/8145 8079/8079 8146/8146
f 8078/8078 8145/8145 8077/8077
f 8145/8145 8144/8144 8077/8077
f 8160/8160 8159/8159 8093/8093
f 8159/8159 8092/8092 8093/8093
f 8227/8227 8159/8159 8160/8160
f 8159/8159 8227/8227 8226/8226
f 7895/7895 7961/7961 7894/7894
f 7961/7961 7895/7895 7962/7962
f 7895/7895 7963/7963 7962/7962
f 7963/7963 7895/7895 7896/7896
f 7827/7827 7895/7895 7894/7894
f 7895/7895 7827/7827 7828/7828
f 7491/7491 7425/7425 7492/7492
f 7425/7425 7491/7491 7424/7424
f 8029/8029 7961/7961 7962/7962
f 7961/7961 8029/8029 8028/8028
f 7963/7963 8029/8029 7962/7962
f 8029/8029 7963/7963 8030/8030
f 8027/8027 7961/7961 8028/8028
f 7961/7961 8027/8027 7960/7960
f 8094/8094 8027/8027 8095/8095
f 8095/8095 8027/8027 8028/8028
f 8147/8147 8079/8079 8080/8080
f 8079/8079 8147/8147 8146/8146
f 8213/8213 8147/8147 8214/8214
f 8147/8147 8213/8213 8146/8146
f 8213/8213 8281/8281 8280/8280
f 8281/8281 8213/8213 8214/8214
f 4237/4237 4303/4303 4236/4236
f 4304/4304 4303/4303 4237/4237
f 4303/4303 4304/4304 4371/4371
f 4370/4370 4303/4303 4371/4371
f 4160/4160 4227/4227 4226/4226
f 4159/4159 4160/4160 4226/4226
f 4296/4296 4228/4228 4229/4229
f 4228/4228 4296/4296 4295/4295
f 4228/4228 4162/4162 4229/4229
f 4162/4162 4228/4228 4161/4161
f 4160/4160 4228/4228 4227/4227
f 4228/4228 4160/4160 4161/4161
f 4228/4228 4294/4294 4227/4227
f 4294/4294 4228/4228 4295/4295
f 4233/4233 4166/4166 4167/4167
f 4233/4233 4167/4167 4234/4234
f 4566/4566 4500/4500 4567/4567
f 4500/4500 4566/4566 4499/4499
f 4432/4432 4500/4500 4499/4499
f 4500/4500 4432/4432 4433/4433
f 4567/4567 4500/4500 4568/4568
f 4500/4500 4501/4501 4568/4568
f 4172/4172 4239/4239 4171/4171
f 4171/4171 4239/4239 4238/4238
f 4373/4373 4374/4374 4440/4440
f 4440/4440 4374/4374 4441/4441
f 5063/5063 4997/4997 5064/5064
f 4997/4997 5063/5063 4996/4996
f 4995/4995 5063/5063 5062/5062
f 5063/5063 4995/4995 4996/4996
f 5131/5131 5063/5063 5064/5064
f 5130/5130 5063/5063 5131/5131
f 5197/5197 5131/5131 5198/5198
f 5197/5197 5130/5130 5131/5131
f 5263/5263 5197/5197 5264/5264
f 5197/5197 5263/5263 5196/5196
f 5129/5129 5063/5063 5130/5130
f 5063/5063 5129/5129 5062/5062
f 5129/5129 5197/5197 5196/5196
f 5197/5197 5129/5129 5130/5130
f 5195/5195 5129/5129 5196/5196
f 5129/5129 5195/5195 5128/5128
f 5263/5263 5195/5195 5196/5196
f 5195/5195 5263/5263 5262/5262
f 5332/5332 5400/5400 5399/5399
f 5400/5400 5332/5332 5333/5333
f 5197/5197 5265/5265 5264/5264
f 5265/5265 5197/5197 5198/5198
f 5266/5266 5265/5265 5199/5199
f 5199/5199 5265/5265 5198/5198
f 5265/5265 5266/5266 5333/5333
f 5332/5332 5265/5265 5333/5333
f 4796/4796 4728/4728 4729/4729
f 4728/4728 4796/4796 4795/4795
f 4730/4730 4796/4796 4729/4729
f 4796/4796 4730/4730 4797/4797
f 4864/4864 4796/4796 4797/4797
f 4863/4863 4796/4796 4864/4864
f 4192/4192 4193/4193 4260/4260
f 4192/4192 4260/4260 4259/4259
f 4260/4260 4326/4326 4259/4259
f 4327/4327 4326/4326 4260/4260
f 4526/4526 4460/4460 4527/4527
f 4526/4526 4459/4459 4460/4460
f 6002/6002 6051/6051 6001/6001
f 6051/6051 6002/6002 6052/6052
f 6102/6102 6051/6051 6052/6052
f 6051/6051 6102/6102 6101/6101
f 6148/6148 6199/6199 6198/6198
f 6199/6199 6148/6148 6149/6149
f 4849/4849 4917/4917 4916/4916
f 4917/4917 4849/4849 4850/4850
f 4456/4456 4524/4524 4523/4523
f 4524/4524 4456/4456 4457/4457
f 4793/4793 4725/4725 4726/4726
f 4725/4725 4793/4793 4792/4792
f 4658/4658 4724/4724 4657/4657
f 4725/4725 4724/4724 4658/4658
f 4724/4724 4725/4725 4792/4792
f 4791/4791 4724/4724 4792/4792
f 5668/5668 5735/5735 5734/5734
f 5667/5667 5668/5668 5734/5734
f 5600/5600 5668/5668 5667/5667
f 5668/5668 5600/5600 5601/5601
f 5600/5600 5534/5534 5601/5601
f 5534/5534 5600/5600 5533/5533
f 5532/5532 5600/5600 5599/5599
f 5600/5600 5532/5532 5533/5533
f 5400/5400 5466/5466 5399/5399
f 5466/5466 5400/5400 5467/5467
f 5466/5466 5534/5534 5533/5533
f 5534/5534 5466/5466 5467/5467
f 5532/5532 5466/5466 5533/5533
f 5466/5466 5532/5532 5465/5465
f 5256/5256 5255/5255 5189/5189
f 5189/5189 5255/5255 5188/5188
f 5252/5252 5186/5186 5253/5253
f 5186/5186 5252/5252 5185/5185
f 5252/5252 5184/5184 5185/5185
f 5184/5184 5252/5252 5251/5251
f 5320/5320 5252/5252 5253/5253
f 5252/5252 5320/5320 5319/5319
f 5251/5251 5252/5252 5318/5318
f 5252/5252 5319/5319 5318/5318
f 5728/5728 5727/5727 5661/5661
f 5727/5727 5660/5660 5661/5661
f 5261/5261 5195/5195 5262/5262
f 5195/5195 5261/5261 5194/5194
f 5396/5396 5462/5462 5395/5395
f 5462/5462 5396/5396 5463/5463
f 5531/5531 5464/5464 5465/5465
f 5532/5532 5531/5531 5465/5465
f 5393/5393 5392/5392 5325/5325
f 5326/5326 5393/5393 5325/5325
f 5789/5789 5788/5788 5722/5722
f 5788/5788 5721/5721 5722/5722
f 4835/4835 4767/4767 4768/4768
f 4767/4767 4835/4835 4834/4834
f 4900/4900 4833/4833 4834/4834
f 4901/4901 4900/4900 4834/4834
f 4833/4833 4766/4766 4834/4834
f 4766/4766 4767/4767 4834/4834
f 4767/4767 4766/4766 4700/4700
f 4766/4766 4699/4699 4700/4700
f 4554/4554 4621/4621 4620/4620
f 4553/4553 4554/4554 4620/4620
f 5429/5429 5497/5497 5496/5496
f 5497/5497 5429/5429 5430/5430
f 5293/5293 5294/5294 5360/5360
f 5294/5294 5361/5361 5360/5360
f 5633/5633 5567/5567 5634/5634
f 5567/5567 5633/5633 5566/5566
f 5772/5772 5704/5704 5705/5705
f 5704/5704 5772/5772 5771/5771
f 5250/5250 5184/5184 5251/5251
f 5184/5184 5250/5250 5183/5183
f 5317/5317 5250/5250 5318/5318
f 5250/5250 5251/5251 5318/5318
f 4214/4214 4146/4146 4147/4147
f 4214/4214 4213/4213 4146/4146
f 4148/4148 4214/4214 4147/4147
f 4214/4214 4148/4148 4215/4215
f 5203/5203 5269/5269 5202/5202
f 5203/5203 5270/5270 5269/5269
f 5135/5135 5203/5203 5202/5202
f 5203/5203 5135/5135 5136/5136
f 5201/5201 5135/5135 5202/5202
f 5134/5134 5135/5135 5201/5201
f 5135/5135 5069/5069 5136/5136
f 5069/5069 5135/5135 5068/5068
f 4478/4478 4410/4410 4411/4411
f 4410/4410 4478/4478 4477/4477
f 4478/4478 4545/4545 4544/4544
f 4477/4477 4478/4478 4544/4544
f 4415/4415 4483/4483 4482/4482
f 4483/4483 4415/4415 4416/4416
f 4279/4279 4211/4211 4212/4212
f 4211/4211 4279/4279 4278/4278
f 4467/4467 4401/4401 4468/4468
f 4401/4401 4467/4467 4400/4400
f 4606/4606 4540/4540 4607/4607
f 4540/4540 4606/4606 4539/4539
f 5085/5085 5152/5152 5151/5151
f 5085/5085 5151/5151 5084/5084
f 4883/4883 4817/4817 4884/4884
f 4817/4817 4883/4883 4816/4816
f 5085/5085 5153/5153 5152/5152
f 5153/5153 5085/5085 5086/5086
f 5152/5152 5153/5153 5219/5219
f 5153/5153 5220/5220 5219/5219
f 5221/5221 5153/5153 5154/5154
f 5153/5153 5221/5221 5220/5220
f 5087/5087 5153/5153 5086/5086
f 5153/5153 5087/5087 5154/5154
f 5085/5085 5019/5019 5086/5086
f 5019/5019 5085/5085 5018/5018
f 5019/5019 5087/5087 5086/5086
f 5087/5087 5019/5019 5020/5020
f 5159/5159 5091/5091 5092/5092
f 5091/5091 5159/5159 5158/5158
f 5155/5155 5221/5221 5154/5154
f 5221/5221 5155/5155 5222/5222
f 5155/5155 5223/5223 5222/5222
f 5155/5155 5156/5156 5223/5223
f 5157/5157 5224/5224 5223/5223
f 5156/5156 5157/5157 5223/5223
f 5559/5559 5493/5493 5560/5560
f 5493/5493 5559/5559 5492/5492
f 5624/5624 5690/5690 5623/5623
f 5690/5690 5624/5624 5691/5691
f 5625/5625 5624/5624 5558/5558
f 5558/5558 5624/5624 5557/5557
f 5692/5692 5624/5624 5625/5625
f 5624/5624 5692/5692 5691/5691
f 5359/5359 5292/5292 5360/5360
f 5292/5292 5293/5293 5360/5360
f 5358/5358 5424/5424 5357/5357
f 5424/5424 5358/5358 5425/5425
f 5358/5358 5290/5290 5291/5291
f 5290/5290 5358/5358 5357/5357
f 5358/5358 5292/5292 5359/5359
f 5292/5292 5358/5358 5291/5291
f 5490/5490 5491/5491 5557/5557
f 5491/5491 5558/5558 5557/5557
f 5559/5559 5491/5491 5492/5492
f 5491/5491 5559/5559 5558/5558
f 5491/5491 5490/5490 5423/5423
f 5424/5424 5491/5491 5423/5423
f 5491/5491 5424/5424 5425/5425
f 5491/5491 5425/5425 5492/5492
f 5285/5285 5352/5352 5284/5284
f 5352/5352 5351/5351 5284/5284
f 8236/8236 8169/8169 8237/8237
f 8169/8169 8170/8170 8237/8237
f 8301/8301 8234/8234 8302/8302
f 8302/8302 8234/8234 8235/8235
f 8297/8297 8231/8231 8298/8298
f 8231/8231 8297/8297 8230/8230
f 8231/8231 8299/8299 8298/8298
f 8231/8231 8232/8232 8299/8299
f 7970/7970 7971/7971 8038/8038
f 8037/8037 7970/7970 8038/8038
f 8036/8036 7970/7970 8037/8037
f 7970/7970 8036/8036 7969/7969
f 8036/8036 8104/8104 8103/8103
f 8104/8104 8036/8036 8037/8037
f 7969/7969 8036/8036 7968/7968
f 8036/8036 8035/8035 7968/7968
f 8035/8035 8034/8034 7968/7968
f 8034/8034 7967/7967 7968/7968
f 8237/8237 8171/8171 8238/8238
f 8170/8170 8171/8171 8237/8237
f 8104/8104 8171/8171 8103/8103
f 8171/8171 8170/8170 8103/8103
f 7501/7501 7569/7569 7568/7568
f 7569/7569 7501/7501 7502/7502
f 8246/8246 8314/8314 8313/8313
f 8314/8314 8246/8246 8247/8247
f 8312/8312 8246/8246 8313/8313
f 8246/8246 8312/8312 8245/8245
f 7847/7847 7848/7848 7915/7915
f 7914/7914 7847/7847 7915/7915
f 7976/7976 8042/8042 7975/7975
f 8042/8042 7976/7976 8043/8043
f 8322/8322 8321/8321 8254/8254
f 8255/8255 8322/8322 8254/8254
f 8256/8256 8322/8322 8255/8255
f 8322/8322 8256/8256 8323/8323
f 8256/8256 8324/8324 8323/8323
f 8324/8324 8256/8256 8257/8257
f 7992/7992 7991/7991 7924/7924
f 7925/7925 7992/7992 7924/7924
f 6502/6502 6451/6451 6452/6452
f 6451/6451 6502/6502 6501/6501
f 6451/6451 6402/6402 6452/6452
f 6402/6402 6451/6451 6401/6401
f 6352/6352 6402/6402 6351/6351
f 6402/6402 6401/6401 6351/6351
f 6251/6251 6202/6202 6252/6252
f 6202/6202 6251/6251 6201/6201
f 6102/6102 6151/6151 6101/6101
f 6151/6151 6102/6102 6152/6152
f 6151/6151 6202/6202 6201/6201
f 6202/6202 6151/6151 6152/6152
f 6550/6550 6551/6551 6601/6601
f 6600/6600 6550/6550 6601/6601
f 6598/6598 6599/6599 6648/6648
f 6648/6648 6599/6599 6649/6649
f 6550/6550 6599/6599 6549/6549
f 6599/6599 6550/6550 6600/6600
f 6599/6599 6600/6600 6650/6650
f 6599/6599 6650/6650 6649/6649
f 6719/6719 6651/6651 6652/6652
f 6719/6719 6718/6718 6651/6651
f 6592/6592 6641/6641 6591/6591
f 6641/6641 6592/6592 6642/6642
f 6641/6641 6642/6642 6709/6709
f 6708/6708 6641/6641 6709/6709
f 7119/7119 7120/7120 7186/7186
f 7120/7120 7187/7187 7186/7186
f 7187/7187 7120/7120 7188/7188
f 7120/7120 7121/7121 7188/7188
f 7121/7121 7120/7120 7054/7054
f 7054/7054 7120/7120 7053/7053
f 6986/6986 6987/6987 7054/7054
f 6986/6986 7054/7054 7053/7053
f 6987/6987 6986/6986 6920/6920
f 6986/6986 6919/6919 6920/6920
f 6919/6919 6853/6853 6920/6920
f 6852/6852 6853/6853 6919/6919
f 7720/7720 7788/7788 7787/7787
f 7788/7788 7720/7720 7721/7721
f 7719/7719 7720/7720 7786/7786
f 7720/7720 7787/7787 7786/7786
f 7925/7925 7857/7857 7858/7858
f 7857/7857 7925/7925 7924/7924
f 7857/7857 7791/7791 7858/7858
f 7791/7791 7857/7857 7790/7790
f 7723/7723 7791/7791 7790/7790
f 7791/7791 7723/7723 7724/7724
f 7387/7387 7321/7321 7388/7388
f 7321/7321 7387/7387 7320/7320
f 7516/7516 7515/7515 7449/7449
f 7449/7449 7515/7515 7448/7448
f 5497/5497 5564/5564 5496/5496
f 5564/5564 5563/5563 5496/5496
f 5367/5367 5368/5368 5435/5435
f 5434/5434 5367/5367 5435/5435
f 5502/5502 5434/5434 5435/5435
f 5502/5502 5501/5501 5434/5434
f 5482/5482 5414/5414 5415/5415
f 5414/5414 5482/5482 5481/5481
f 5346/5346 5414/5414 5413/5413
f 5414/5414 5346/5346 5347/5347
f 5146/5146 5212/5212 5145/5145
f 5212/5212 5146/5146 5213/5213
f 5416/5416 5482/5482 5415/5415
f 5482/5482 5416/5416 5483/5483
f 5350/5350 5416/5416 5349/5349
f 5417/5417 5416/5416 5350/5350
f 5348/5348 5414/5414 5347/5347
f 5414/5414 5348/5348 5415/5415
f 5416/5416 5348/5348 5349/5349
f 5348/5348 5416/5416 5415/5415
f 5346/5346 5280/5280 5347/5347
f 5280/5280 5346/5346 5279/5279
f 5280/5280 5212/5212 5213/5213
f 5212/5212 5280/5280 5279/5279
f 5280/5280 5348/5348 5347/5347
f 5348/5348 5280/5280 5281/5281
f 5281/5281 5280/5280 5214/5214
f 5214/5214 5280/5280 5213/5213
f 6054/6054 6055/6055 6105/6105
f 6104/6104 6054/6054 6105/6105
f 5404/5404 5336/5336 5337/5337
f 5336/5336 5404/5404 5403/5403
f 5269/5269 5335/5335 5268/5268
f 5336/5336 5335/5335 5269/5269
f 5267/5267 5335/5335 5334/5334
f 5335/5335 5267/5267 5268/5268
f 5335/5335 5336/5336 5403/5403
f 5402/5402 5335/5335 5403/5403
f 5401/5401 5335/5335 5402/5402
f 5335/5335 5401/5401 5334/5334
f 5602/5602 5535/5535 5536/5536
f 5603/5603 5602/5602 5536/5536
f 5338/5338 5404/5404 5337/5337
f 5404/5404 5338/5338 5405/5405
f 5346/5346 5278/5278 5279/5279
f 5278/5278 5346/5346 5345/5345
f 5278/5278 5212/5212 5279/5279
f 5212/5212 5278/5278 5211/5211
f 5278/5278 5210/5210 5211/5211
f 5210/5210 5278/5278 5277/5277
f 5278/5278 5344/5344 5277/5277
f 5344/5344 5278/5278 5345/5345
f 5276/5276 5344/5344 5343/5343
f 5277/5277 5344/5344 5276/5276
f 5344/5344 5410/5410 5343/5343
f 5410/5410 5344/5344 5411/5411
f 5206/5206 5274/5274 5273/5273
f 5206/5206 5207/5207 5274/5274
f 5743/5743 5811/5811 5810/5810
f 5811/5811 5743/5743 5744/5744
f 5743/5743 5677/5677 5744/5744
f 5677/5677 5743/5743 5676/5676
f 6207/6207 6156/6156 6157/6157
f 6156/6156 6207/6207 6206/6206
f 6156/6156 6107/6107 6157/6157
f 6107/6107 6156/6156 6106/6106
f 5862/5862 5911/5911 5861/5861
f 5911/5911 5862/5862 5912/5912
f 5748/5748 5680/5680 5681/5681
f 5680/5680 5748/5748 5747/5747
f 5914/5914 5965/5965 5964/5964
f 5965/5965 5914/5914 5915/5915
f 5864/5864 5914/5914 5863/5863
f 5863/5863 5914/5914 5913/5913
f 6024/6024 5973/5973 5974/5974
f 5973/5973 6024/6024 6023/6023
f 6371/6371 6422/6422 6421/6421
f 6422/6422 6371/6371 6372/6372
f 6219/6219 6170/6170 6220/6220
f 6170/6170 6219/6219 6169/6169
f 5823/5823 5872/5872 5822/5822
f 5823/5823 5873/5873 5872/5872
f 5874/5874 5823/5823 5824/5824
f 5873/5873 5823/5823 5874/5874
f 5755/5755 5823/5823 5822/5822
f 5823/5823 5755/5755 5756/5756
f 5823/5823 5756/5756 5757/5757
f 5823/5823 5757/5757 5824/5824
f 5924/5924 5875/5875 5925/5925
f 5875/5875 5924/5924 5874/5874
f 5875/5875 5874/5874 5824/5824
f 5825/5825 5875/5875 5824/5824
f 5758/5758 5690/5690 5691/5691
f 5690/5690 5758/5758 5757/5757
f 5692/5692 5758/5758 5691/5691
f 5758/5758 5692/5692 5759/5759
f 5758/5758 5825/5825 5824/5824
f 5757/5757 5758/5758 5824/5824
f 5622/5622 5690/5690 5689/5689
f 5690/5690 5622/5622 5623/5623
f 5868/5868 5919/5919 5918/5918
f 5919/5919 5868/5868 5869/5869
f 5619/5619 5620/5620 5687/5687
f 5619/5619 5687/5687 5686/5686
f 5554/5554 5553/5553 5487/5487
f 5553/5553 5486/5486 5487/5487
f 5485/5485 5553/5553 5552/5552
f 5553/5553 5485/5485 5486/5486
f 5619/5619 5553/5553 5620/5620
f 5553/5553 5619/5619 5552/5552
f 5976/5976 6027/6027 6026/6026
f 6027/6027 5976/5976 5977/5977
f 6076/6076 6125/6125 6075/6075
f 6125/6125 6076/6076 6126/6126
f 6126/6126 6076/6076 6127/6127
f 6076/6076 6077/6077 6127/6127
f 6027/6027 6076/6076 6026/6026
f 6076/6076 6027/6027 6077/6077
f 6175/6175 6126/6126 6176/6176
f 6175/6175 6125/6125 6126/6126
f 5873/5873 5923/5923 5872/5872
f 5872/5872 5923/5923 5922/5922
f 5973/5973 5923/5923 5974/5974
f 5923/5923 5924/5924 5974/5974
f 5924/5924 5923/5923 5874/5874
f 5923/5923 5873/5873 5874/5874
f 5694/5694 5762/5762 5761/5761
f 5762/5762 5694/5694 5695/5695
f 5692/5692 5760/5760 5759/5759
f 5760/5760 5692/5692 5693/5693
f 5694/5694 5760/5760 5693/5693
f 5760/5760 5694/5694 5761/5761
f 2712/2712 2777/2777 2776/2776
f 2711/2711 2712/2712 2776/2776
f 6577/6577 6627/6627 6626/6626
f 6576/6576 6577/6577 6626/6626
f 6373/6373 6422/6422 6372/6372
f 6422/6422 6373/6373 6423/6423
f 6526/6526 6527/6527 6576/6576
f 6527/6527 6577/6577 6576/6576
f 7357/7357 7425/7425 7424/7424
f 7425/7425 7357/7357 7358/7358
f 7357/7357 7290/7290 7358/7358
f 7290/7290 7291/7291 7358/7358
f 7227/7227 7226/7226 7159/7159
f 7160/7160 7227/7227 7159/7159
f 7089/7089 7157/7157 7156/7156
f 7157/7157 7089/7089 7090/7090
f 7157/7157 7158/7158 7225/7225
f 7157/7157 7225/7225 7224/7224
f 7501/7501 7567/7567 7500/7500
f 7567/7567 7501/7501 7568/7568
f 7902/7902 7970/7970 7969/7969
f 7970/7970 7902/7902 7903/7903
f 7058/7058 6992/6992 7059/7059
f 6992/6992 7058/7058 6991/6991
f 6604/6604 6653/6653 6603/6603
f 6653/6653 6604/6604 6654/6654
f 6553/6553 6604/6604 6603/6603
f 6604/6604 6553/6553 6554/6554
f 6555/6555 6506/6506 6556/6556
f 6506/6506 6555/6555 6505/6505
f 6553/6553 6504/6504 6554/6554
f 6504/6504 6553/6553 6503/6503
f 6555/6555 6504/6504 6505/6505
f 6504/6504 6555/6555 6554/6554
f 6453/6453 6504/6504 6503/6503
f 6504/6504 6453/6453 6454/6454
f 6504/6504 6454/6454 6455/6455
f 6504/6504 6455/6455 6505/6505
f 6362/6362 6411/6411 6361/6361
f 6411/6411 6362/6362 6412/6412
f 6455/6455 6456/6456 6505/6505
f 6456/6456 6506/6506 6505/6505
f 6456/6456 6507/6507 6506/6506
f 6507/6507 6456/6456 6457/6457
f 6507/6507 6557/6557 6556/6556
f 6506/6506 6507/6507 6556/6556
f 6458/6458 6507/6507 6457/6457
f 6507/6507 6458/6458 6508/6508
f 6461/6461 6410/6410 6411/6411
f 6410/6410 6461/6461 6460/6460
f 6461/6461 6510/6510 6460/6460
f 6510/6510 6461/6461 6511/6511
f 6510/6510 6560/6560 6559/6559
f 6509/6509 6510/6510 6559/6559
f 6510/6510 6511/6511 6561/6561
f 6560/6560 6510/6510 6561/6561
f 6558/6558 6507/6507 6508/6508
f 6507/6507 6558/6558 6557/6557
f 6558/6558 6509/6509 6559/6559
f 6509/6509 6558/6558 6508/6508
f 6557/6557 6558/6558 6607/6607
f 6558/6558 6608/6608 6607/6607
f 6253/6253 6254/6254 6303/6303
f 6303/6303 6254/6254 6304/6304
f 6204/6204 6254/6254 6203/6203
f 6254/6254 6253/6253 6203/6203
f 6056/6056 6107/6107 6106/6106
f 6107/6107 6056/6056 6057/6057
f 6055/6055 6056/6056 6105/6105
f 6056/6056 6106/6106 6105/6105
f 5904/5904 5853/5853 5854/5854
f 5853/5853 5904/5904 5903/5903
f 5904/5904 5953/5953 5903/5903
f 5953/5953 5904/5904 5954/5954
f 6008/6008 5959/5959 6009/6009
f 5959/5959 6008/6008 5958/5958
f 5968/5968 6017/6017 5967/5967
f 6017/6017 5968/5968 6018/6018
f 5916/5916 5965/5965 5915/5915
f 5965/5965 5916/5916 5966/5966
f 7007/7007 7006/7006 6940/6940
f 6940/6940 7006/7006 6939/6939
f 7073/7073 7006/7006 7074/7074
f 7006/7006 7007/7007 7074/7074
f 7143/7143 7209/7209 7142/7142
f 7209/7209 7143/7143 7210/7210
f 7009/7009 7075/7075 7008/7008
f 7075/7075 7009/7009 7076/7076
f 7007/7007 7075/7075 7074/7074
f 7075/7075 7007/7007 7008/7008
f 7075/7075 7143/7143 7142/7142
f 7143/7143 7075/7075 7076/7076
f 6674/6674 6673/6673 6623/6623
f 6674/6674 6623/6623 6624/6624
f 6677/6677 6743/6743 6676/6676
f 6743/6743 6677/6677 6744/6744
f 6627/6627 6677/6677 6626/6626
f 6677/6677 6676/6676 6626/6626
f 6943/6943 7009/7009 6942/6942
f 7009/7009 6943/6943 7010/7010
f 6520/6520 6469/6469 6470/6470
f 6469/6469 6520/6520 6519/6519
f 6469/6469 6420/6420 6470/6470
f 6420/6420 6469/6469 6419/6419
f 6120/6120 6170/6170 6169/6169
f 6119/6119 6120/6120 6169/6169
f 6120/6120 6119/6119 6069/6069
f 6070/6070 6120/6120 6069/6069
f 6311/6311 6362/6362 6361/6361
f 6362/6362 6311/6311 6312/6312
f 6060/6060 6061/6061 6111/6111
f 6110/6110 6060/6060 6111/6111
f 5914/5914 5963/5963 5913/5913
f 5963/5963 5914/5914 5964/5964
f 8275/8275 8207/8207 8208/8208
f 8274/8274 8207/8207 8275/8275
f 8270/8270 8203/8203 8271/8271
f 8271/8271 8203/8203 8204/8204
f 7525/7525 7593/7593 7592/7592
f 7593/7593 7525/7525 7526/7526
f 7189/7189 7190/7190 7256/7256
f 7256/7256 7190/7190 7257/7257
f 7459/7459 7525/7525 7458/7458
f 7525/7525 7459/7459 7526/7526
f 6992/6992 7060/7060 7059/7059
f 7060/7060 6992/6992 6993/6993
f 8194/8194 8262/8262 8261/8261
f 8262/8262 8194/8194 8195/8195
f 8128/8128 8194/8194 8127/8127
f 8194/8194 8128/8128 8195/8195
f 8200/8200 8268/8268 8267/8267
f 8268/8268 8200/8200 8201/8201
f 8266/8266 8200/8200 8267/8267
f 8200/8200 8266/8266 8199/8199
f 8200/8200 8132/8132 8133/8133
f 8132/8132 8200/8200 8199/8199
f 8196/8196 8262/8262 8195/8195
f 8262/8262 8196/8196 8263/8263
f 8128/8128 8196/8196 8195/8195
f 8196/8196 8128/8128 8129/8129
f 8196/8196 8264/8264 8263/8263
f 8264/8264 8196/8196 8197/8197
f 8130/8130 8196/8196 8129/8129
f 8196/8196 8130/8130 8197/8197
f 8198/8198 8132/8132 8199/8199
f 8132/8132 8198/8198 8131/8131
f 8266/8266 8198/8198 8199/8199
f 8198/8198 8266/8266 8265/8265
f 8130/8130 8198/8198 8197/8197
f 8198/8198 8130/8130 8131/8131
f 8198/8198 8264/8264 8197/8197
f 8264/8264 8198/8198 8265/8265
f 8060/8060 8061/8061 8127/8127
f 8061/8061 8128/8128 8127/8127
f 7930/7930 7996/7996 7929/7929
f 7996/7996 7930/7930 7997/7997
f 7726/7726 7792/7792 7725/7725
f 7792/7792 7726/7726 7793/7793
f 7862/7862 7930/7930 7929/7929
f 7930/7930 7862/7862 7863/7863
f 7928/7928 7996/7996 7995/7995
f 7996/7996 7928/7928 7929/7929
f 7928/7928 7862/7862 7929/7929
f 7862/7862 7928/7928 7861/7861
f 7928/7928 7860/7860 7861/7861
f 7860/7860 7928/7928 7927/7927
f 7859/7859 7860/7860 7926/7926
f 7926/7926 7860/7860 7927/7927
f 7860/7860 7792/7792 7793/7793
f 7792/7792 7860/7860 7859/7859
f 7794/7794 7860/7860 7793/7793
f 7860/7860 7794/7794 7861/7861
f 6569/6569 6618/6618 6568/6568
f 6618/6618 6569/6569 6619/6619
f 6667/6667 6733/6733 6666/6666
f 6733/6733 6667/6667 6734/6734
f 6616/6616 6667/6667 6666/6666
f 6667/6667 6616/6616 6617/6617
f 6618/6618 6567/6567 6568/6568
f 6567/6567 6618/6618 6617/6617
f 6873/6873 6941/6941 6940/6940
f 6941/6941 6873/6873 6874/6874
f 6805/6805 6737/6737 6738/6738
f 6737/6737 6805/6805 6804/6804
f 6803/6803 6737/6737 6804/6804
f 6736/6736 6737/6737 6803/6803
f 6800/6800 6732/6732 6733/6733
f 6732/6732 6800/6800 6799/6799
f 6800/6800 6734/6734 6801/6801
f 6800/6800 6733/6733 6734/6734
f 6868/6868 6800/6800 6801/6801
f 6800/6800 6868/6868 6867/6867
f 7080/7080 7146/7146 7079/7079
f 7146/7146 7080/7080 7147/7147
f 7080/7080 7148/7148 7147/7147
f 7148/7148 7080/7080 7081/7081
f 7284/7284 7350/7350 7283/7283
f 7350/7350 7284/7284 7351/7351
f 7484/7484 7416/7416 7417/7417
f 7416/7416 7484/7484 7483/7483
f 7266/7266 7333/7333 7265/7265
f 7333/7333 7332/7332 7265/7265
f 6996/6996 7064/7064 7063/7063
f 7064/7064 6996/6996 6997/6997
f 7277/7277 7276/7276 7210/7210
f 7276/7276 7209/7209 7210/7210
f 7276/7276 7275/7275 7208/7208
f 7209/7209 7276/7276 7208/7208
f 7477/7477 7545/7545 7544/7544
f 7545/7545 7477/7477 7478/7478
f 7411/7411 7477/7477 7410/7410
f 7477/7477 7411/7411 7478/7478
f 7206/7206 7140/7140 7207/7207
f 7140/7140 7206/7206 7139/7139
f 7206/7206 7207/7207 7274/7274
f 7273/7273 7206/7206 7274/7274
f 7346/7346 7278/7278 7279/7279
f 7278/7278 7346/7346 7345/7345
f 7747/7747 7681/7681 7748/7748
f 7681/7681 7747/7747 7680/7680
f 7743/7743 7809/7809 7742/7742
f 7809/7809 7743/7743 7810/7810
f 7539/7539 7607/7607 7606/7606
f 7607/7607 7539/7539 7540/7540
f 7608/7608 7607/7607 7541/7541
f 7607/7607 7540/7540 7541/7541
f 7607/7607 7675/7675 7674/7674
f 7607/7607 7608/7608 7675/7675
f 7747/7747 7679/7679 7680/7680
f 7679/7679 7747/7747 7746/7746
f 7811/7811 7878/7878 7810/7810
f 7878/7878 7877/7877 7810/7810
f 7945/7945 7878/7878 7946/7946
f 7946/7946 7878/7878 7879/7879
f 7880/7880 7947/7947 7946/7946
f 7880/7880 7946/7946 7879/7879
f 8229/8229 8163/8163 8230/8230
f 8163/8163 8229/8229 8162/8162
f 8229/8229 8297/8297 8296/8296
f 8297/8297 8229/8229 8230/8230
f 8034/8034 7966/7966 7967/7967
f 7966/7966 8034/8034 8033/8033
f 7964/7964 7963/7963 7896/7896
f 7964/7964 7896/7896 7897/7897
f 7829/7829 7895/7895 7828/7828
f 7895/7895 7829/7829 7896/7896
f 7896/7896 7829/7829 7897/7897
f 7829/7829 7830/7830 7897/7897
f 7488/7488 7421/7421 7489/7489
f 7489/7489 7421/7421 7422/7422
f 7421/7421 7354/7354 7355/7355
f 7421/7421 7355/7355 7422/7422
f 7487/7487 7421/7421 7488/7488
f 7421/7421 7487/7487 7420/7420
f 7226/7226 7292/7292 7225/7225
f 7292/7292 7226/7226 7293/7293
f 7225/7225 7292/7292 7224/7224
f 7292/7292 7291/7291 7224/7224
f 7490/7490 7489/7489 7422/7422
f 7423/7423 7490/7490 7422/7422
f 7491/7491 7490/7490 7424/7424
f 7490/7490 7423/7423 7424/7424
f 8095/8095 8096/8096 8162/8162
f 8096/8096 8163/8163 8162/8162
f 8096/8096 8095/8095 8028/8028
f 8029/8029 8096/8096 8028/8028
f 8096/8096 8029/8029 8030/8030
f 8096/8096 8030/8030 8097/8097
f 8092/8092 8026/8026 8093/8093
f 8025/8025 8026/8026 8092/8092
f 8027/8027 8026/8026 7960/7960
f 8026/8026 7959/7959 7960/7960
f 8026/8026 8094/8094 8093/8093
f 8026/8026 8027/8027 8094/8094
f 8158/8158 8159/8159 8226/8226
f 8158/8158 8226/8226 8225/8225
f 8224/8224 8158/8158 8225/8225
f 8157/8157 8158/8158 8224/8224
f 8155/8155 8156/8156 8222/8222
f 8156/8156 8223/8223 8222/8222
f 8156/8156 8157/8157 8224/8224
f 8156/8156 8224/8224 8223/8223
f 8227/8227 8293/8293 8226/8226
f 8293/8293 8227/8227 8294/8294
f 8226/8226 8293/8293 8225/8225
f 8293/8293 8292/8292 8225/8225
f 8224/8224 8291/8291 8223/8223
f 8291/8291 8290/8290 8223/8223
f 8291/8291 8224/8224 8225/8225
f 8292/8292 8291/8291 8225/8225
f 8211/8211 8212/8212 8278/8278
f 8212/8212 8279/8279 8278/8278
f 8145/8145 8212/8212 8144/8144
f 8144/8144 8212/8212 8211/8211
f 8279/8279 8212/8212 8280/8280
f 8212/8212 8213/8213 8280/8280
f 8212/8212 8145/8145 8146/8146
f 8213/8213 8212/8212 8146/8146
f 7883/7883 7949/7949 7882/7882
f 7949/7949 7883/7883 7950/7950
f 7815/7815 7883/7883 7882/7882
f 7883/7883 7815/7815 7816/7816
f 8223/8223 8289/8289 8222/8222
f 8290/8290 8289/8289 8223/8223
f 4506/4506 4507/4507 4574/4574
f 4573/4573 4506/4506 4574/4574
f 4506/4506 4573/4573 4572/4572
f 4505/4505 4506/4506 4572/4572
f 4225/4225 4158/4158 4159/4159
f 4225/4225 4159/4159 4226/4226
f 4222/4222 4154/4154 4155/4155
f 4154/4154 4222/4222 4221/4221
f 4156/4156 4222/4222 4155/4155
f 4222/4222 4156/4156 4223/4223
f 4290/4290 4222/4222 4223/4223
f 4222/4222 4290/4290 4289/4289
f 4358/4358 4290/4290 4291/4291
f 4290/4290 4358/4358 4357/4357
f 4164/4164 4232/4232 4231/4231
f 4232/4232 4164/4164 4165/4165
f 4166/4166 4232/4232 4165/4165
f 4233/4233 4232/4232 4166/4166
f 4767/4767 4701/4701 4768/4768
f 4701/4701 4767/4767 4700/4700
f 4301/4301 4233/4233 4234/4234
f 4233/4233 4301/4301 4300/4300
f 4500/4500 4434/4434 4501/4501
f 4434/4434 4500/4500 4433/4433
f 4434/4434 4502/4502 4501/4501
f 4502/4502 4434/4434 4435/4435
f 4641/4641 4573/4573 4574/4574
f 4641/4641 4640/4640 4573/4573
f 4573/4573 4639/4639 4572/4572
f 4640/4640 4639/4639 4573/4573
f 4840/4840 4906/4906 4839/4839
f 4906/4906 4840/4840 4907/4907
f 4772/4772 4840/4840 4839/4839
f 4840/4840 4772/4772 4773/4773
f 4910/4910 4844/4844 4911/4911
f 4910/4910 4843/4843 4844/4844
f 4305/4305 4306/4306 4372/4372
f 4306/4306 4373/4373 4372/4372
f 4306/4306 4374/4374 4373/4373
f 4374/4374 4306/4306 4307/4307
f 4306/4306 4305/4305 4238/4238
f 4239/4239 4306/4306 4238/4238
f 4443/4443 4375/4375 4376/4376
f 4375/4375 4443/4443 4442/4442
f 4375/4375 4442/4442 4441/4441
f 4374/4374 4375/4375 4441/4441
f 4240/4240 4306/4306 4239/4239
f 4306/4306 4240/4240 4307/4307
f 4240/4240 4172/4172 4173/4173
f 4240/4240 4239/4239 4172/4172
f 4174/4174 4240/4240 4173/4173
f 4240/4240 4174/4174 4241/4241
f 5058/5058 5124/5124 5057/5057
f 5124/5124 5058/5058 5125/5125
f 4990/4990 5058/5058 5057/5057
f 5058/5058 4990/4990 4991/4991
f 5190/5190 5122/5122 5123/5123
f 5122/5122 5190/5190 5189/5189
f 4992/4992 4924/4924 4925/4925
f 4992/4992 4991/4991 4924/4924
f 4926/4926 4992/4992 4925/4925
f 4992/4992 4926/4926 4993/4993
f 4994/4994 4928/4928 4995/4995
f 4928/4928 4994/4994 4927/4927
f 4926/4926 4994/4994 4993/4993
f 4994/4994 4926/4926 4927/4927
f 4793/4793 4859/4859 4792/4792
f 4859/4859 4793/4793 4860/4860
f 4791/4791 4859/4859 4858/4858
f 4859/4859 4791/4791 4792/4792
f 4926/4926 4859/4859 4927/4927
f 4859/4859 4860/4860 4927/4927
f 4858/4858 4859/4859 4925/4925
f 4859/4859 4926/4926 4925/4925
f 4929/4929 4997/4997 4996/4996
f 4997/4997 4929/4929 4930/4930
f 4995/4995 4929/4929 4996/4996
f 4928/4928 4929/4929 4995/4995
f 4256/4256 4188/4188 4189/4189
f 4188/4188 4256/4256 4255/4255
f 4190/4190 4256/4256 4189/4189
f 4256/4256 4190/4190 4257/4257
f 4192/4192 4258/4258 4191/4191
f 4258/4258 4192/4192 4259/4259
f 4258/4258 4190/4190 4191/4191
f 4190/4190 4258/4258 4257/4257
f 4593/4593 4594/4594 4661/4661
f 4660/4660 4593/4593 4661/4661
f 4592/4592 4593/4593 4659/4659
f 4593/4593 4660/4660 4659/4659
f 4594/4594 4593/4593 4527/4527
f 4593/4593 4526/4526 4527/4527
f 4593/4593 4592/4592 4525/4525
f 4526/4526 4593/4593 4525/4525
f 6151/6151 6100/6100 6101/6101
f 6100/6100 6151/6151 6150/6150
f 6151/6151 6200/6200 6150/6150
f 6200/6200 6151/6151 6201/6201
f 6251/6251 6200/6200 6201/6201
f 6200/6200 6251/6251 6250/6250
f 6200/6200 6199/6199 6149/6149
f 6200/6200 6149/6149 6150/6150
f 6597/6597 6598/6598 6648/6648
f 6647/6647 6597/6597 6648/6648
f 6440/6440 6490/6490 6489/6489
f 6439/6439 6440/6440 6489/6489
f 4320/4320 4388/4388 4387/4387
f 4388/4388 4320/4320 4321/4321
f 4254/4254 4320/4320 4253/4253
f 4320/4320 4254/4254 4321/4321
f 4178/4178 4244/4244 4177/4177
f 4244/4244 4178/4178 4245/4245
f 4309/4309 4377/4377 4376/4376
f 4377/4377 4309/4309 4310/4310
f 4710/4710 4642/4642 4643/4643
f 4710/4710 4709/4709 4642/4642
f 4443/4443 4509/4509 4442/4442
f 4509/4509 4443/4443 4510/4510
f 5048/5048 5114/5114 5047/5047
f 5114/5114 5048/5048 5115/5115
f 4981/4981 5048/5048 4980/4980
f 5048/5048 5047/5047 4980/4980
f 5182/5182 5116/5116 5183/5183
f 5116/5116 5182/5182 5115/5115
f 5116/5116 5184/5184 5183/5183
f 5116/5116 5117/5117 5184/5184
f 4656/4656 4590/4590 4657/4657
f 4656/4656 4589/4589 4590/4590
f 4522/4522 4456/4456 4523/4523
f 4456/4456 4522/4522 4455/4455
f 4590/4590 4522/4522 4523/4523
f 4589/4589 4522/4522 4590/4590
f 4522/4522 4454/4454 4455/4455
f 4454/4454 4522/4522 4521/4521
f 4388/4388 4454/4454 4387/4387
f 4454/4454 4388/4388 4455/4455
f 4322/4322 4389/4389 4321/4321
f 4389/4389 4388/4388 4321/4321
f 4388/4388 4389/4389 4455/4455
f 4389/4389 4456/4456 4455/4455
f 4456/4456 4389/4389 4457/4457
f 4389/4389 4390/4390 4457/4457
f 4728/4728 4794/4794 4727/4727
f 4794/4794 4728/4728 4795/4795
f 4794/4794 4726/4726 4727/4727
f 4794/4794 4793/4793 4726/4726
f 5802/5802 5801/5801 5735/5735
f 5735/5735 5801/5801 5734/5734
f 6001/6001 5950/5950 5951/5951
f 6000/6000 5950/5950 6001/6001
f 5949/5949 5950/5950 5999/5999
f 5950/5950 6000/6000 5999/5999
f 5320/5320 5387/5387 5319/5319
f 5387/5387 5386/5386 5319/5319
f 5121/5121 5189/5189 5188/5188
f 5121/5121 5122/5122 5189/5189
f 5396/5396 5397/5397 5463/5463
f 5397/5397 5464/5464 5463/5463
f 5260/5260 5192/5192 5193/5193
f 5192/5192 5260/5260 5259/5259
f 5260/5260 5193/5193 5194/5194
f 5261/5261 5260/5260 5194/5194
f 5328/5328 5396/5396 5395/5395
f 5396/5396 5328/5328 5329/5329
f 5328/5328 5261/5261 5262/5262
f 5328/5328 5262/5262 5329/5329
f 5461/5461 5393/5393 5394/5394
f 5393/5393 5461/5461 5460/5460
f 5462/5462 5461/5461 5395/5395
f 5395/5395 5461/5461 5394/5394
f 5666/5666 5667/5667 5734/5734
f 5733/5733 5666/5666 5734/5734
f 5666/5666 5600/5600 5667/5667
f 5600/5600 5666/5666 5599/5599
f 5666/5666 5733/5733 5732/5732
f 5665/5665 5666/5666 5732/5732
f 5598/5598 5666/5666 5665/5665
f 5666/5666 5598/5598 5599/5599
f 5598/5598 5664/5664 5597/5597
f 5664/5664 5598/5598 5665/5665
f 5598/5598 5532/5532 5599/5599
f 5598/5598 5531/5531 5532/5532
f 5788/5788 5787/5787 5721/5721
f 5721/5721 5787/5787 5720/5720
f 5787/5787 5838/5838 5837/5837
f 5838/5838 5787/5787 5788/5788
f 5719/5719 5652/5652 5720/5720
f 5652/5652 5653/5653 5720/5720
f 5652/5652 5586/5586 5653/5653
f 5586/5586 5652/5652 5585/5585
f 5587/5587 5586/5586 5520/5520
f 5520/5520 5586/5586 5519/5519
f 5586/5586 5518/5518 5519/5519
f 5586/5586 5585/5585 5518/5518
f 6030/6030 5979/5979 5980/5980
f 5979/5979 6030/6030 6029/6029
f 5790/5790 5789/5789 5722/5722
f 5723/5723 5790/5790 5722/5722
f 5790/5790 5723/5723 5724/5724
f 5790/5790 5724/5724 5791/5791
f 5887/5887 5937/5937 5886/5886
f 5937/5937 5936/5936 5886/5886
f 5888/5888 5937/5937 5887/5887
f 5937/5937 5888/5888 5938/5938
f 5939/5939 5888/5888 5889/5889
f 5888/5888 5939/5939 5938/5938
f 5838/5838 5888/5888 5837/5837
f 5888/5888 5887/5887 5837/5837
f 5790/5790 5839/5839 5789/5789
f 5839/5839 5790/5790 5840/5840
f 5839/5839 5888/5888 5838/5838
f 5888/5888 5839/5839 5889/5889
f 5839/5839 5788/5788 5789/5789
f 5839/5839 5838/5838 5788/5788
f 5039/5039 5105/5105 5038/5038
f 5105/5105 5039/5039 5106/5106
f 4760/4760 4828/4828 4827/4827
f 4828/4828 4760/4760 4761/4761
f 4762/4762 4828/4828 4761/4761
f 4828/4828 4762/4762 4829/4829
f 4832/4832 4766/4766 4833/4833
f 4766/4766 4832/4832 4765/4765
f 4900/4900 4832/4832 4833/4833
f 4832/4832 4900/4900 4899/4899
f 4832/4832 4764/4764 4765/4765
f 4764/4764 4832/4832 4831/4831
f 4912/4912 4978/4978 4911/4911
f 4979/4979 4978/4978 4912/4912
f 5114/5114 5046/5046 5047/5047
f 5046/5046 5114/5114 5113/5113
f 5046/5046 4978/4978 4979/4979
f 4978/4978 5046/5046 5045/5045
f 5047/5047 5046/5046 4980/4980
f 5046/5046 4979/4979 4980/4980
f 4364/4364 4296/4296 4297/4297
f 4364/4364 4363/4363 4296/4296
f 4756/4756 4822/4822 4755/4755
f 4822/4822 4756/4756 4823/4823
f 4688/4688 4756/4756 4755/4755
f 4756/4756 4688/4688 4689/4689
f 4621/4621 4688/4688 4620/4620
f 4688/4688 4687/4687 4620/4620
f 4687/4687 4688/4688 4754/4754
f 4688/4688 4755/4755 4754/4754
f 4759/4759 4693/4693 4760/4760
f 4693/4693 4759/4759 4692/4692
f 4760/4760 4693/4693 4761/4761
f 4693/4693 4694/4694 4761/4761
f 4622/4622 4688/4688 4621/4621
f 4688/4688 4622/4622 4689/4689
f 4554/4554 4622/4622 4621/4621
f 4622/4622 4554/4554 4555/4555
f 4759/4759 4691/4691 4692/4692
f 4691/4691 4759/4759 4758/4758
f 4625/4625 4691/4691 4624/4624
f 4691/4691 4625/4625 4692/4692
f 4290/4290 4356/4356 4289/4289
f 4356/4356 4290/4290 4357/4357
f 4356/4356 4424/4424 4423/4423
f 4424/4424 4356/4356 4357/4357
f 4552/4552 4553/4553 4620/4620
f 4619/4619 4552/4552 4620/4620
f 4550/4550 4616/4616 4549/4549
f 4616/4616 4550/4550 4617/4617
f 4550/4550 4483/4483 4484/4484
f 4551/4551 4550/4550 4484/4484
f 4483/4483 4550/4550 4482/4482
f 4550/4550 4549/4549 4482/4482
f 4756/4756 4824/4824 4823/4823
f 4824/4824 4756/4756 4757/4757
f 4825/4825 4824/4824 4758/4758
f 4824/4824 4757/4757 4758/4758
f 5160/5160 5159/5159 5092/5092
f 5160/5160 5092/5092 5093/5093
f 5162/5162 5095/5095 5163/5163
f 5095/5095 5096/5096 5163/5163
f 4892/4892 4824/4824 4825/4825
f 4824/4824 4892/4892 4891/4891
f 4826/4826 4825/4825 4758/4758
f 4759/4759 4826/4826 4758/4758
f 4826/4826 4759/4759 4760/4760
f 4826/4826 4760/4760 4827/4827
f 4826/4826 4892/4892 4825/4825
f 4892/4892 4826/4826 4893/4893
f 4898/4898 4832/4832 4899/4899
f 4832/4832 4898/4898 4831/4831
f 5372/5372 5438/5438 5371/5371
f 5438/5438 5372/5372 5439/5439
f 5767/5767 5766/5766 5699/5699
f 5767/5767 5699/5699 5700/5700
f 5701/5701 5633/5633 5634/5634
f 5633/5633 5701/5701 5700/5700
f 5701/5701 5767/5767 5700/5700
f 5767/5767 5701/5701 5768/5768
f 5702/5702 5701/5701 5635/5635
f 5701/5701 5634/5634 5635/5635
f 5701/5701 5769/5769 5768/5768
f 5769/5769 5701/5701 5702/5702
f 5500/5500 5567/5567 5566/5566
f 5499/5499 5500/5500 5566/5566
f 5711/5711 5645/5645 5712/5712
f 5645/5645 5711/5711 5644/5644
f 5711/5711 5643/5643 5644/5644
f 5643/5643 5711/5711 5710/5710
f 4420/4420 4352/4352 4353/4353
f 4352/4352 4420/4420 4419/4419
f 4148/4148 4216/4216 4215/4215
f 4216/4216 4148/4148 4149/4149
f 4287/4287 4354/4354 4286/4286
f 4286/4286 4354/4354 4353/4353
f 4222/4222 4288/4288 4221/4221
f 4288/4288 4222/4222 4289/4289
f 4154/4154 4220/4220 4153/4153
f 4220/4220 4154/4154 4221/4221
f 4152/4152 4220/4220 4219/4219
f 4220/4220 4152/4152 4153/4153
f 4288/4288 4220/4220 4221/4221
f 4220/4220 4288/4288 4287/4287
f 4220/4220 4287/4287 4286/4286
f 4220/4220 4286/4286 4219/4219
f 4493/4493 4426/4426 4427/4427
f 4494/4494 4493/4493 4427/4427
f 4493/4493 4494/4494 4561/4561
f 4560/4560 4493/4493 4561/4561
f 4492/4492 4493/4493 4559/4559
f 4493/4493 4560/4560 4559/4559
f 4487/4487 4554/4554 4553/4553
f 4486/4486 4487/4487 4553/4553
f 4554/4554 4487/4487 4555/4555
f 4487/4487 4488/4488 4555/4555
f 4420/4420 4487/4487 4419/4419
f 4487/4487 4486/4486 4419/4419
f 4801/4801 4869/4869 4868/4868
f 4869/4869 4801/4801 4802/4802
f 4601/4601 4669/4669 4668/4668
f 4669/4669 4601/4601 4602/4602
f 4129/4129 4195/4195 4128/4128
f 4195/4195 4129/4129 4196/4196
f 4200/4200 4133/4133 4201/4201
f 4133/4133 4134/4134 4201/4201
f 4129/4129 4197/4197 4196/4196
f 4197/4197 4129/4129 4130/4130
f 4131/4131 4197/4197 4130/4130
f 4197/4197 4131/4131 4198/4198
f 4199/4199 4133/4133 4200/4200
f 4133/4133 4199/4199 4132/4132
f 4131/4131 4199/4199 4198/4198
f 4199/4199 4131/4131 4132/4132
f 4463/4463 4531/4531 4530/4530
f 4531/4531 4463/4463 4464/4464
f 4197/4197 4263/4263 4196/4196
f 4263/4263 4197/4197 4264/4264
f 4263/4263 4195/4195 4196/4196
f 4195/4195 4263/4263 4262/4262
f 4263/4263 4329/4329 4262/4262
f 4329/4329 4263/4263 4330/4330
f 4463/4463 4397/4397 4464/4464
f 4397/4397 4463/4463 4396/4396
f 4397/4397 4329/4329 4330/4330
f 4329/4329 4397/4397 4396/4396
f 4333/4333 4399/4399 4332/4332
f 4399/4399 4333/4333 4400/4400
f 4199/4199 4265/4265 4198/4198
f 4265/4265 4199/4199 4266/4266
f 4197/4197 4265/4265 4264/4264
f 4265/4265 4197/4197 4198/4198
f 4265/4265 4333/4333 4332/4332
f 4333/4333 4265/4265 4266/4266
f 4331/4331 4397/4397 4330/4330
f 4397/4397 4331/4331 4398/4398
f 4263/4263 4331/4331 4330/4330
f 4331/4331 4263/4263 4264/4264
f 4331/4331 4265/4265 4332/4332
f 4265/4265 4331/4331 4264/4264
f 4331/4331 4399/4399 4398/4398
f 4399/4399 4331/4331 4332/4332
f 4870/4870 4804/4804 4871/4871
f 4870/4870 4803/4803 4804/4804
f 4803/4803 4870/4870 4802/4802
f 4870/4870 4869/4869 4802/4802
f 5067/5067 5135/5135 5134/5134
f 5135/5135 5067/5067 5068/5068
f 4214/4214 4280/4280 4213/4213
f 4280/4280 4214/4214 4281/4281
f 4213/4213 4280/4280 4212/4212
f 4280/4280 4279/4279 4212/4212
f 4270/4270 4337/4337 4336/4336
f 4269/4269 4270/4270 4336/4336
f 4270/4270 4338/4338 4337/4337
f 4338/4338 4270/4270 4271/4271
f 4737/4737 4671/4671 4738/4738
f 4671/4671 4737/4737 4670/4670
f 4671/4671 4739/4739 4738/4738
f 4739/4739 4671/4671 4672/4672
f 4671/4671 4605/4605 4672/4672
f 4605/4605 4671/4671 4604/4604
f 4410/4410 4342/4342 4343/4343
f 4342/4342 4410/4410 4409/4409
f 4268/4268 4202/4202 4269/4269
f 4202/4202 4268/4268 4201/4201
f 4135/4135 4202/4202 4134/4134
f 4134/4134 4202/4202 4201/4201
f 4611/4611 4678/4678 4677/4677
f 4610/4610 4611/4611 4677/4677
f 4543/4543 4611/4611 4610/4610
f 4611/4611 4543/4543 4544/4544
f 4543/4543 4610/4610 4609/4609
f 4542/4542 4543/4543 4609/4609
f 4541/4541 4475/4475 4542/4542
f 4475/4475 4541/4541 4474/4474
f 4541/4541 4542/4542 4609/4609
f 4541/4541 4609/4609 4608/4608
f 4540/4540 4541/4541 4607/4607
f 4607/4607 4541/4541 4608/4608
f 4473/4473 4541/4541 4540/4540
f 4541/4541 4473/4473 4474/4474
f 4407/4407 4473/4473 4406/4406
f 4473/4473 4407/4407 4474/4474
f 4473/4473 4540/4540 4539/4539
f 4472/4472 4473/4473 4539/4539
f 4747/4747 4815/4815 4814/4814
f 4748/4748 4815/4815 4747/4747
f 4687/4687 4686/4686 4620/4620
f 4686/4686 4619/4619 4620/4620
f 4618/4618 4550/4550 4551/4551
f 4550/4550 4618/4618 4617/4617
f 4618/4618 4552/4552 4619/4619
f 4552/4552 4618/4618 4551/4551
f 4618/4618 4686/4686 4685/4685
f 4686/4686 4618/4618 4619/4619
f 4618/4618 4684/4684 4617/4617
f 4684/4684 4618/4618 4685/4685
f 4548/4548 4615/4615 4547/4547
f 4615/4615 4614/4614 4547/4547
f 4616/4616 4615/4615 4549/4549
f 4615/4615 4548/4548 4549/4549
f 5356/5356 5288/5288 5289/5289
f 5288/5288 5356/5356 5355/5355
f 5289/5289 5288/5288 5222/5222
f 5288/5288 5221/5221 5222/5222
f 4883/4883 4951/4951 4950/4950
f 4951/4951 4883/4883 4884/4884
f 4952/4952 5019/5019 5018/5018
f 4951/4951 4952/4952 5018/5018
f 5025/5025 5024/5024 4958/4958
f 5024/5024 4957/4957 4958/4958
f 5091/5091 5024/5024 5092/5092
f 5092/5092 5024/5024 5025/5025
f 5090/5090 5024/5024 5091/5091
f 5024/5024 5090/5090 5023/5023
f 5090/5090 5091/5091 5158/5158
f 5157/5157 5090/5090 5158/5158
f 5696/5696 5762/5762 5695/5695
f 5762/5762 5696/5696 5763/5763
f 5493/5493 5561/5561 5560/5560
f 5561/5561 5493/5493 5494/5494
f 5226/5226 5294/5294 5293/5293
f 5294/5294 5226/5226 5227/5227
f 5160/5160 5226/5226 5159/5159
f 5226/5226 5160/5160 5227/5227
f 5426/5426 5493/5493 5492/5492
f 5425/5425 5426/5426 5492/5492
f 5358/5358 5426/5426 5425/5425
f 5426/5426 5358/5358 5359/5359
f 5493/5493 5426/5426 5494/5494
f 5426/5426 5427/5427 5494/5494
f 5426/5426 5359/5359 5360/5360
f 5427/5427 5426/5426 5360/5360
f 5495/5495 5561/5561 5494/5494
f 5561/5561 5495/5495 5562/5562
f 5563/5563 5495/5495 5496/5496
f 5495/5495 5563/5563 5562/5562
f 5421/5421 5353/5353 5354/5354
f 5353/5353 5421/5421 5420/5420
f 5286/5286 5353/5353 5285/5285
f 5353/5353 5352/5352 5285/5285
f 5353/5353 5419/5419 5352/5352
f 5419/5419 5353/5353 5420/5420
f 5485/5485 5419/5419 5486/5486
f 5419/5419 5485/5485 5418/5418
f 5486/5486 5419/5419 5487/5487
f 5419/5419 5420/5420 5487/5487
f 5351/5351 5419/5419 5418/5418
f 5352/5352 5419/5419 5351/5351
f 8036/8036 8102/8102 8035/8035
f 8102/8102 8036/8036 8103/8103
f 8102/8102 8034/8034 8035/8035
f 8034/8034 8102/8102 8101/8101
f 8170/8170 8102/8102 8103/8103
f 8169/8169 8102/8102 8170/8170
f 8168/8168 8102/8102 8169/8169
f 8102/8102 8168/8168 8101/8101
f 8234/8234 8168/8168 8235/8235
f 8168/8168 8234/8234 8167/8167
f 8168/8168 8236/8236 8235/8235
f 8168/8168 8169/8169 8236/8236
f 7977/7977 7976/7976 7909/7909
f 7977/7977 7909/7909 7910/7910
f 8165/8165 8233/8233 8232/8232
f 8233/8233 8165/8165 8166/8166
f 8299/8299 8233/8233 8300/8300
f 8232/8232 8233/8233 8299/8299
f 8234/8234 8233/8233 8167/8167
f 8167/8167 8233/8233 8166/8166
f 8233/8233 8301/8301 8300/8300
f 8233/8233 8234/8234 8301/8301
f 7963/7963 8031/8031 8030/8030
f 7964/7964 8031/8031 7963/7963
f 8100/8100 8034/8034 8101/8101
f 8034/8034 8100/8100 8033/8033
f 8100/8100 8168/8168 8167/8167
f 8168/8168 8100/8100 8101/8101
f 8100/8100 8167/8167 8166/8166
f 8099/8099 8100/8100 8166/8166
f 8164/8164 8096/8096 8097/8097
f 8096/8096 8164/8164 8163/8163
f 8231/8231 8164/8164 8232/8232
f 8164/8164 8165/8165 8232/8232
f 8164/8164 8231/8231 8230/8230
f 8163/8163 8164/8164 8230/8230
f 8239/8239 8307/8307 8306/8306
f 8240/8240 8307/8307 8239/8239
f 8242/8242 8241/8241 8175/8175
f 8175/8175 8241/8241 8174/8174
f 8241/8241 8309/8309 8308/8308
f 8309/8309 8241/8241 8242/8242
f 8241/8241 8307/8307 8240/8240
f 8307/8307 8241/8241 8308/8308
f 7369/7369 7435/7435 7368/7368
f 7435/7435 7369/7369 7436/7436
f 7440/7440 7507/7507 7506/7506
f 7439/7439 7440/7440 7506/7506
f 7369/7369 7370/7370 7436/7436
f 7436/7436 7370/7370 7437/7437
f 7503/7503 7435/7435 7436/7436
f 7435/7435 7503/7503 7502/7502
f 7503/7503 7436/7436 7437/7437
f 7504/7504 7503/7503 7437/7437
f 7503/7503 7569/7569 7502/7502
f 7503/7503 7570/7570 7569/7569
f 7902/7902 7836/7836 7903/7903
f 7836/7836 7902/7902 7835/7835
f 7906/7906 7838/7838 7839/7839
f 7838/7838 7906/7906 7905/7905
f 7904/7904 7972/7972 7971/7971
f 7972/7972 7904/7904 7905/7905
f 7970/7970 7904/7904 7971/7971
f 7904/7904 7970/7970 7903/7903
f 7904/7904 7838/7838 7905/7905
f 7838/7838 7904/7904 7837/7837
f 7836/7836 7904/7904 7903/7903
f 7904/7904 7836/7836 7837/7837
f 7570/7570 7636/7636 7569/7569
f 7636/7636 7570/7570 7637/7637
f 7704/7704 7636/7636 7637/7637
f 7636/7636 7704/7704 7703/7703
f 7643/7643 7576/7576 7644/7644
f 7576/7576 7577/7577 7644/7644
f 7576/7576 7642/7642 7575/7575
f 7642/7642 7576/7576 7643/7643
f 7709/7709 7777/7777 7776/7776
f 7777/7777 7709/7709 7710/7710
f 7709/7709 7643/7643 7710/7710
f 7709/7709 7642/7642 7643/7643
f 7840/7840 7772/7772 7773/7773
f 7772/7772 7840/7840 7839/7839
f 7638/7638 7704/7704 7637/7637
f 7704/7704 7638/7638 7705/7705
f 7505/7505 7504/7504 7437/7437
f 7438/7438 7505/7505 7437/7437
f 7505/7505 7439/7439 7506/7506
f 7505/7505 7438/7438 7439/7439
f 7505/7505 7573/7573 7572/7572
f 7573/7573 7505/7505 7506/7506
f 7848/7848 7781/7781 7849/7849
f 7781/7781 7782/7782 7849/7849
f 7847/7847 7781/7781 7848/7848
f 7781/7781 7847/7847 7780/7780
f 7781/7781 7715/7715 7782/7782
f 7715/7715 7781/7781 7714/7714
f 7715/7715 7783/7783 7782/7782
f 7783/7783 7715/7715 7716/7716
f 7645/7645 7711/7711 7644/7644
f 7645/7645 7712/7712 7711/7711
f 7781/7781 7713/7713 7714/7714
f 7713/7713 7781/7781 7780/7780
f 7713/7713 7646/7646 7647/7647
f 7714/7714 7713/7713 7647/7647
f 7713/7713 7645/7645 7646/7646
f 7645/7645 7713/7713 7712/7712
f 8320/8320 8253/8253 8321/8321
f 8321/8321 8253/8253 8254/8254
f 8188/8188 8256/8256 8255/8255
f 8256/8256 8188/8188 8189/8189
f 8122/8122 8188/8188 8121/8121
f 8188/8188 8122/8122 8189/8189
f 8256/8256 8190/8190 8257/8257
f 8190/8190 8256/8256 8189/8189
f 8125/8125 8126/8126 8193/8193
f 8125/8125 8193/8193 8192/8192
f 8324/8324 8258/8258 8325/8325
f 8258/8258 8324/8324 8257/8257
f 8190/8190 8258/8258 8257/8257
f 8258/8258 8190/8190 8191/8191
f 7985/7985 8051/8051 7984/7984
f 8051/8051 7985/7985 8052/8052
f 8119/8119 8051/8051 8052/8052
f 8051/8051 8119/8119 8118/8118
f 7916/7916 7982/7982 7915/7915
f 7983/7983 7982/7982 7916/7916
f 7854/7854 7788/7788 7855/7855
f 7788/7788 7854/7854 7787/7787
f 7922/7922 7854/7854 7855/7855
f 7854/7854 7922/7922 7921/7921
f 7854/7854 7853/7853 7786/7786
f 7787/7787 7854/7854 7786/7786
f 6350/6350 6299/6299 6300/6300
f 6299/6299 6350/6350 6349/6349
f 6401/6401 6350/6350 6351/6351
f 6400/6400 6350/6350 6401/6401
f 6399/6399 6350/6350 6400/6400
f 6350/6350 6399/6399 6349/6349
f 6350/6350 6301/6301 6351/6351
f 6301/6301 6350/6350 6300/6300
f 6301/6301 6302/6302 6352/6352
f 6301/6301 6352/6352 6351/6351
f 6302/6302 6301/6301 6252/6252
f 6301/6301 6251/6251 6252/6252
f 6251/6251 6301/6301 6250/6250
f 6301/6301 6300/6300 6250/6250
f 6544/6544 6594/6594 6593/6593
f 6544/6544 6593/6593 6543/6543
f 6496/6496 6447/6447 6497/6497
f 6447/6447 6496/6496 6446/6446
f 6447/6447 6498/6498 6497/6497
f 6498/6498 6447/6447 6448/6448
f 6717/6717 6650/6650 6651/6651
f 6718/6718 6717/6717 6651/6651
f 7185/7185 7184/7184 7118/7118
f 7184/7184 7117/7117 7118/7118
f 6984/6984 6916/6916 6917/6917
f 6916/6916 6984/6984 6983/6983
f 7517/7517 7516/7516 7449/7449
f 7517/7517 7449/7449 7450/7450
f 7857/7857 7789/7789 7790/7790
f 7856/7856 7789/7789 7857/7857
f 7788/7788 7789/7789 7855/7855
f 7789/7789 7856/7856 7855/7855
f 7523/7523 7455/7455 7456/7456
f 7523/7523 7522/7522 7455/7455
f 7386/7386 7319/7319 7320/7320
f 7387/7387 7386/7386 7320/7320
f 7514/7514 7580/7580 7513/7513
f 7580/7580 7514/7514 7581/7581
f 7582/7582 7515/7515 7516/7516
f 7582/7582 7516/7516 7583/7583
f 7514/7514 7582/7582 7581/7581
f 7582/7582 7514/7514 7515/7515
f 5633/5633 5632/5632 5566/5566
f 5566/5566 5632/5632 5565/5565
f 5699/5699 5632/5632 5700/5700
f 5632/5632 5633/5633 5700/5700
f 5438/5438 5370/5370 5371/5371
f 5370/5370 5438/5438 5437/5437
f 5429/5429 5363/5363 5430/5430
f 5362/5362 5363/5363 5429/5429
f 5498/5498 5566/5566 5565/5565
f 5498/5498 5499/5499 5566/5566
f 5498/5498 5564/5564 5497/5497
f 5564/5564 5498/5498 5565/5565
f 5498/5498 5497/5497 5430/5430
f 5431/5431 5498/5498 5430/5430
f 5503/5503 5569/5569 5502/5502
f 5569/5569 5503/5503 5570/5570
f 5438/5438 5504/5504 5437/5437
f 5504/5504 5438/5438 5505/5505
f 5572/5572 5504/5504 5505/5505
f 5504/5504 5572/5572 5571/5571
f 5503/5503 5504/5504 5570/5570
f 5570/5570 5504/5504 5571/5571
f 5436/5436 5370/5370 5437/5437
f 5370/5370 5436/5436 5369/5369
f 5436/5436 5504/5504 5503/5503
f 5504/5504 5436/5436 5437/5437
f 5368/5368 5436/5436 5435/5435
f 5369/5369 5436/5436 5368/5368
f 5436/5436 5502/5502 5435/5435
f 5436/5436 5503/5503 5502/5502
f 5703/5703 5704/5704 5771/5771
f 5770/5770 5703/5703 5771/5771
f 5703/5703 5769/5769 5702/5702
f 5769/5769 5703/5703 5770/5770
f 5572/5572 5638/5638 5571/5571
f 5638/5638 5572/5572 5639/5639
f 5638/5638 5706/5706 5705/5705
f 5706/5706 5638/5638 5639/5639
f 5638/5638 5570/5570 5571/5571
f 5638/5638 5637/5637 5570/5570
f 5704/5704 5638/5638 5705/5705
f 5637/5637 5638/5638 5704/5704
f 5080/5080 5013/5013 5081/5081
f 5013/5013 5014/5014 5081/5081
f 5215/5215 5147/5147 5148/5148
f 5147/5147 5215/5215 5214/5214
f 5147/5147 5214/5214 5213/5213
f 5146/5146 5147/5147 5213/5213
f 5147/5147 5146/5146 5079/5079
f 5080/5080 5147/5147 5079/5079
f 5147/5147 5080/5080 5081/5081
f 5148/5148 5147/5147 5081/5081
f 5150/5150 5083/5083 5151/5151
f 5151/5151 5083/5083 5084/5084
f 5017/5017 4951/4951 5018/5018
f 4951/4951 5017/5017 4950/4950
f 5017/5017 5085/5085 5084/5084
f 5085/5085 5017/5017 5018/5018
f 5083/5083 5017/5017 5084/5084
f 5017/5017 5083/5083 5016/5016
f 5480/5480 5414/5414 5481/5481
f 5414/5414 5480/5480 5413/5413
f 5545/5545 5611/5611 5544/5544
f 5545/5545 5612/5612 5611/5611
f 5545/5545 5546/5546 5613/5613
f 5612/5612 5545/5545 5613/5613
f 4609/4609 4676/4676 4608/4608
f 4676/4676 4675/4675 4608/4608
f 4610/4610 4676/4676 4609/4609
f 4676/4676 4610/4610 4677/4677
f 4742/4742 4676/4676 4743/4743
f 4676/4676 4742/4742 4675/4675
f 4747/4747 4813/4813 4746/4746
f 4813/4813 4747/4747 4814/4814
f 4813/4813 4745/4745 4746/4746
f 4813/4813 4812/4812 4745/4745
f 4811/4811 4879/4879 4878/4878
f 4879/4879 4811/4811 4812/4812
f 5216/5216 5150/5150 5217/5217
f 5150/5150 5216/5216 5149/5149
f 5216/5216 5215/5215 5148/5148
f 5216/5216 5148/5148 5149/5149
f 4801/4801 4735/4735 4802/4802
f 4735/4735 4801/4801 4734/4734
f 6053/6053 6104/6104 6103/6103
f 6053/6053 6054/6054 6104/6104
f 5953/5953 6004/6004 6003/6003
f 6004/6004 5953/5953 5954/5954
f 6053/6053 6004/6004 6054/6054
f 6004/6004 6053/6053 6003/6003
f 6054/6054 6004/6004 6055/6055
f 6055/6055 6004/6004 6005/6005
f 5855/5855 5904/5904 5854/5854
f 5904/5904 5855/5855 5905/5905
f 5473/5473 5407/5407 5474/5474
f 5407/5407 5473/5473 5406/5406
f 5473/5473 5405/5405 5406/5406
f 5473/5473 5472/5472 5405/5405
f 5740/5740 5807/5807 5806/5806
f 5739/5739 5740/5740 5806/5806
f 5272/5272 5206/5206 5273/5273
f 5206/5206 5272/5272 5205/5205
f 5209/5209 5275/5275 5208/5208
f 5275/5275 5209/5209 5276/5276
f 5209/5209 5210/5210 5277/5277
f 5209/5209 5277/5277 5276/5276
f 6155/6155 6204/6204 6154/6154
f 6204/6204 6155/6155 6205/6205
f 6155/6155 6154/6154 6104/6104
f 6155/6155 6104/6104 6105/6105
f 6155/6155 6156/6156 6206/6206
f 6155/6155 6206/6206 6205/6205
f 6106/6106 6155/6155 6105/6105
f 6156/6156 6155/6155 6106/6106
f 5909/5909 5959/5959 5958/5958
f 5909/5909 5958/5958 5908/5908
f 5909/5909 5910/5910 5960/5960
f 5959/5959 5909/5909 5960/5960
f 5609/5609 5543/5543 5610/5610
f 5609/5609 5542/5542 5543/5543
f 5609/5609 5677/5677 5676/5676
f 5677/5677 5609/5609 5610/5610
f 5609/5609 5541/5541 5542/5542
f 5541/5541 5609/5609 5608/5608
f 5910/5910 5961/5961 5960/5960
f 5911/5911 5961/5961 5910/5910
f 5813/5813 5746/5746 5814/5814
f 5746/5746 5747/5747 5814/5814
f 6025/6025 6076/6076 6075/6075
f 6076/6076 6025/6025 6026/6026
f 6123/6123 6172/6172 6122/6122
f 6172/6172 6123/6123 6173/6173
f 6473/6473 6524/6524 6523/6523
f 6524/6524 6473/6473 6474/6474
f 6269/6269 6218/6218 6219/6219
f 6218/6218 6269/6269 6268/6268
f 6165/6165 6114/6114 6115/6115
f 6114/6114 6165/6165 6164/6164
f 5821/5821 5754/5754 5822/5822
f 5754/5754 5755/5755 5822/5822
f 5756/5756 5688/5688 5689/5689
f 5755/5755 5688/5688 5756/5756
f 5754/5754 5688/5688 5755/5755
f 5688/5688 5754/5754 5687/5687
f 5484/5484 5550/5550 5483/5483
f 5484/5484 5551/5551 5550/5550
f 5416/5416 5484/5484 5483/5483
f 5484/5484 5416/5416 5417/5417
f 5484/5484 5485/5485 5552/5552
f 5551/5551 5484/5484 5552/5552
f 5484/5484 5417/5417 5418/5418
f 5485/5485 5484/5484 5418/5418
f 5868/5868 5819/5819 5869/5869
f 5819/5819 5868/5868 5818/5818
f 5751/5751 5819/5819 5818/5818
f 5819/5819 5751/5751 5752/5752
f 5751/5751 5684/5684 5685/5685
f 5752/5752 5751/5751 5685/5685
f 6021/6021 6072/6072 6071/6071
f 6072/6072 6021/6021 6022/6022
f 5872/5872 5921/5921 5871/5871
f 5921/5921 5872/5872 5922/5922
f 5972/5972 5923/5923 5973/5973
f 5923/5923 5972/5972 5922/5922
f 5972/5972 5973/5973 6023/6023
f 5972/5972 6023/6023 6022/6022
f 5972/5972 5921/5921 5922/5922
f 5921/5921 5972/5972 5971/5971
f 6021/6021 5972/5972 6022/6022
f 5972/5972 6021/6021 5971/5971
f 6068/6068 6019/6019 6069/6069
f 6019/6019 6068/6068 6018/6018
f 5682/5682 5748/5748 5681/5681
f 5682/5682 5749/5749 5748/5748
f 5550/5550 5618/5618 5617/5617
f 5551/5551 5618/5618 5550/5550
f 5618/5618 5684/5684 5617/5617
f 5684/5684 5618/5618 5685/5685
f 5618/5618 5551/5551 5552/5552
f 5619/5619 5618/5618 5552/5552
f 5618/5618 5619/5619 5686/5686
f 5685/5685 5618/5618 5686/5686
f 2516/2516 2450/2450 2451/2451
f 2450/2450 2516/2516 2515/2515
f 5875/5875 5926/5926 5925/5925
f 5926/5926 5875/5875 5876/5876
f 5877/5877 5926/5926 5876/5876
f 5926/5926 5877/5877 5927/5927
f 5976/5976 5926/5926 5977/5977
f 5977/5977 5926/5926 5927/5927
f 5626/5626 5692/5692 5625/5625
f 5692/5692 5626/5626 5693/5693
f 5626/5626 5625/5625 5558/5558
f 5559/5559 5626/5626 5558/5558
f 5826/5826 5875/5875 5825/5825
f 5875/5875 5826/5826 5876/5876
f 5826/5826 5758/5758 5759/5759
f 5758/5758 5826/5826 5825/5825
f 2465/2465 2531/2531 2530/2530
f 2466/2466 2531/2531 2465/2465
f 2401/2401 2466/2466 2465/2465
f 2401/2401 2465/2465 2400/2400
f 2401/2401 2402/2402 2467/2467
f 2466/2466 2401/2401 2467/2467
f 2530/2530 2594/2594 2529/2529
f 2595/2595 2594/2594 2530/2530
f 2594/2594 2660/2660 2659/2659
f 2660/2660 2594/2594 2595/2595
f 2656/2656 2722/2722 2721/2721
f 2722/2722 2656/2656 2657/2657
f 2522/2522 2523/2523 2588/2588
f 2522/2522 2588/2588 2587/2587
f 2399/2399 2465/2465 2464/2464
f 2465/2465 2399/2399 2400/2400
f 6572/6572 6621/6621 6571/6571
f 6621/6621 6572/6572 6622/6622
f 1934/1934 1935/1935 1985/1985
f 1984/1984 1934/1934 1985/1985
f 7023/7023 7089/7089 7022/7022
f 7089/7089 7023/7023 7090/7090
f 3323/3323 3389/3389 3388/3388
f 3389/3389 3323/3323 3324/3324
f 7356/7356 7423/7423 7422/7422
f 7355/7355 7356/7356 7422/7422
f 7356/7356 7290/7290 7357/7357
f 7290/7290 7356/7356 7289/7289
f 7423/7423 7356/7356 7424/7424
f 7356/7356 7357/7357 7424/7424
f 7362/7362 7294/7294 7295/7295
f 7294/7294 7362/7362 7361/7361
f 7226/7226 7294/7294 7293/7293
f 7227/7227 7294/7294 7226/7226
f 7361/7361 7429/7429 7428/7428
f 7362/7362 7429/7429 7361/7361
f 7629/7629 7628/7628 7561/7561
f 7562/7562 7629/7629 7561/7561
f 7901/7901 7969/7969 7968/7968
f 7901/7901 7902/7902 7969/7969
f 6855/6855 6921/6921 6854/6854
f 6922/6922 6921/6921 6855/6855
f 6989/6989 7055/7055 6988/6988
f 7055/7055 6989/6989 7056/7056
f 6989/6989 6921/6921 6922/6922
f 6921/6921 6989/6989 6988/6988
f 6989/6989 7057/7057 7056/7056
f 7057/7057 6989/6989 6990/6990
f 6991/6991 7057/7057 6990/6990
f 7058/7058 7057/7057 6991/6991
f 6723/6723 6722/6722 6655/6655
f 6656/6656 6723/6723 6655/6655
f 6722/6722 6723/6723 6789/6789
f 6723/6723 6790/6790 6789/6789
f 6658/6658 6657/6657 6607/6607
f 6608/6608 6658/6658 6607/6607
f 6654/6654 6605/6605 6655/6655
f 6604/6604 6605/6605 6654/6654
f 6656/6656 6605/6605 6606/6606
f 6605/6605 6656/6656 6655/6655
f 6605/6605 6604/6604 6554/6554
f 6555/6555 6605/6605 6554/6554
f 6606/6606 6605/6605 6556/6556
f 6605/6605 6555/6555 6556/6556
f 6562/6562 6612/6612 6561/6561
f 6561/6561 6612/6612 6611/6611
f 6458/6458 6407/6407 6408/6408
f 6407/6407 6458/6458 6457/6457
f 6456/6456 6407/6407 6457/6457
f 6407/6407 6456/6456 6406/6406
f 6358/6358 6407/6407 6357/6357
f 6407/6407 6358/6358 6408/6408
f 6356/6356 6407/6407 6406/6406
f 6357/6357 6407/6407 6356/6356
f 6510/6510 6459/6459 6460/6460
f 6459/6459 6510/6510 6509/6509
f 6458/6458 6459/6459 6508/6508
f 6459/6459 6509/6509 6508/6508
f 6306/6306 6355/6355 6305/6305
f 6355/6355 6306/6306 6356/6356
f 6306/6306 6255/6255 6256/6256
f 6255/6255 6306/6306 6305/6305
f 6206/6206 6255/6255 6205/6205
f 6255/6255 6206/6206 6256/6256
f 6254/6254 6255/6255 6304/6304
f 6255/6255 6305/6305 6304/6304
f 6255/6255 6204/6204 6205/6205
f 6255/6255 6254/6254 6204/6204
f 6109/6109 6060/6060 6110/6110
f 6060/6060 6109/6109 6059/6059
f 6109/6109 6110/6110 6160/6160
f 6159/6159 6109/6109 6160/6160
f 5955/5955 5904/5904 5905/5905
f 5904/5904 5955/5955 5954/5954
f 6004/6004 5955/5955 6005/6005
f 5955/5955 6004/6004 5954/5954
f 6109/6109 6058/6058 6059/6059
f 6058/6058 6109/6109 6108/6108
f 6058/6058 6107/6107 6057/6057
f 6107/6107 6058/6058 6108/6108
f 6058/6058 6008/6008 6009/6009
f 6058/6058 6009/6009 6059/6059
f 6067/6067 6068/6068 6118/6118
f 6117/6117 6067/6067 6118/6118
f 6067/6067 6017/6017 6018/6018
f 6068/6068 6067/6067 6018/6018
f 5868/5868 5867/5867 5818/5818
f 5867/5867 5817/5817 5818/5818
f 6871/6871 6938/6938 6870/6870
f 6938/6938 6937/6937 6870/6870
f 7141/7141 7075/7075 7142/7142
f 7075/7075 7141/7141 7074/7074
f 7141/7141 7209/7209 7208/7208
f 7209/7209 7141/7141 7142/7142
f 7207/7207 7141/7141 7208/7208
f 7140/7140 7141/7141 7207/7207
f 7141/7141 7073/7073 7074/7074
f 7141/7141 7140/7140 7073/7073
f 6676/6676 6675/6675 6626/6626
f 6675/6675 6625/6625 6626/6626
f 6743/6743 6675/6675 6676/6676
f 6675/6675 6743/6743 6742/6742
f 6675/6675 6674/6674 6624/6624
f 6625/6625 6675/6675 6624/6624
f 6675/6675 6742/6742 6741/6741
f 6674/6674 6675/6675 6741/6741
f 6525/6525 6476/6476 6526/6526
f 6476/6476 6525/6525 6475/6475
f 6525/6525 6474/6474 6475/6475
f 6525/6525 6524/6524 6474/6474
f 6945/6945 6878/6878 6879/6879
f 6946/6946 6945/6945 6879/6879
f 6811/6811 6745/6745 6812/6812
f 6745/6745 6811/6811 6744/6744
f 6878/6878 6811/6811 6879/6879
f 6811/6811 6812/6812 6879/6879
f 6674/6674 6740/6740 6673/6673
f 6740/6740 6674/6674 6741/6741
f 6672/6672 6621/6621 6622/6622
f 6621/6621 6672/6672 6671/6671
f 6740/6740 6672/6672 6673/6673
f 6672/6672 6740/6740 6739/6739
f 6673/6673 6672/6672 6623/6623
f 6672/6672 6622/6622 6623/6623
f 6672/6672 6738/6738 6671/6671
f 6672/6672 6739/6739 6738/6738
f 6621/6621 6570/6570 6571/6571
f 6570/6570 6621/6621 6620/6620
f 6570/6570 6620/6620 6619/6619
f 6569/6569 6570/6570 6619/6619
f 6520/6520 6570/6570 6519/6519
f 6519/6519 6570/6570 6569/6569
f 6370/6370 6371/6371 6421/6421
f 6420/6420 6370/6370 6421/6421
f 6463/6463 6414/6414 6464/6464
f 6414/6414 6463/6463 6413/6413
f 6170/6170 6171/6171 6220/6220
f 6171/6171 6221/6221 6220/6220
f 6110/6110 6161/6161 6160/6160
f 6161/6161 6110/6110 6111/6111
f 6161/6161 6212/6212 6211/6211
f 6212/6212 6161/6161 6162/6162
f 6163/6163 6212/6212 6162/6162
f 6212/6212 6163/6163 6213/6213
f 6212/6212 6261/6261 6211/6211
f 6261/6261 6212/6212 6262/6262
f 6311/6311 6261/6261 6312/6312
f 6312/6312 6261/6261 6262/6262
f 5961/5961 6010/6010 5960/5960
f 6010/6010 5961/5961 6011/6011
f 5959/5959 6010/6010 6009/6009
f 6010/6010 5959/5959 5960/5960
f 6010/6010 6011/6011 6061/6061
f 6060/6060 6010/6010 6061/6061
f 6009/6009 6010/6010 6059/6059
f 6010/6010 6060/6060 6059/6059
f 8202/8202 8268/8268 8201/8201
f 8268/8268 8202/8202 8269/8269
f 8202/8202 8270/8270 8269/8269
f 8202/8202 8203/8203 8270/8270
f 8143/8143 8211/8211 8210/8210
f 8143/8143 8144/8144 8211/8211
f 8209/8209 8143/8143 8210/8210
f 8142/8142 8143/8143 8209/8209
f 7944/7944 7878/7878 7945/7945
f 7878/7878 7944/7944 7877/7877
f 7659/7659 7591/7591 7592/7592
f 7659/7659 7658/7658 7591/7591
f 7593/7593 7659/7659 7592/7592
f 7659/7659 7593/7593 7660/7660
f 7658/7658 7659/7659 7725/7725
f 7659/7659 7726/7726 7725/7725
f 7057/7057 7123/7123 7056/7056
f 7123/7123 7057/7057 7124/7124
f 7123/7123 7055/7055 7056/7056
f 7055/7055 7123/7123 7122/7122
f 7123/7123 7189/7189 7122/7122
f 7123/7123 7190/7190 7189/7189
f 7324/7324 7323/7323 7256/7256
f 7324/7324 7256/7256 7257/7257
f 7191/7191 7123/7123 7124/7124
f 7123/7123 7191/7191 7190/7190
f 7332/7332 7264/7264 7265/7265
f 7331/7331 7264/7264 7332/7332
f 7396/7396 7330/7330 7397/7397
f 7330/7330 7396/7396 7329/7329
f 7264/7264 7330/7330 7263/7263
f 7330/7330 7264/7264 7331/7331
f 7398/7398 7330/7330 7331/7331
f 7330/7330 7398/7398 7397/7397
f 7398/7398 7399/7399 7466/7466
f 7465/7465 7398/7398 7466/7466
f 7398/7398 7331/7331 7332/7332
f 7399/7399 7398/7398 7332/7332
f 8202/8202 8136/8136 8203/8203
f 8136/8136 8202/8202 8135/8135
f 8200/8200 8134/8134 8201/8201
f 8134/8134 8200/8200 8133/8133
f 8134/8134 8202/8202 8201/8201
f 8202/8202 8134/8134 8135/8135
f 7796/7796 7729/7729 7797/7797
f 7797/7797 7729/7729 7730/7730
f 8128/8128 8062/8062 8129/8129
f 8061/8061 8062/8062 8128/8128
f 7928/7928 7994/7994 7927/7927
f 7994/7994 7928/7928 7995/7995
f 7926/7926 7994/7994 7993/7993
f 7994/7994 7926/7926 7927/7927
f 7994/7994 8062/8062 8061/8061
f 8062/8062 7994/7994 7995/7995
f 7994/7994 8060/8060 7993/7993
f 7994/7994 8061/8061 8060/8060
f 7659/7659 7727/7727 7726/7726
f 7727/7727 7659/7659 7660/7660
f 7726/7726 7727/7727 7793/7793
f 7727/7727 7794/7794 7793/7793
f 7795/7795 7729/7729 7796/7796
f 7729/7729 7795/7795 7728/7728
f 7727/7727 7795/7795 7794/7794
f 7795/7795 7727/7727 7728/7728
f 7794/7794 7795/7795 7861/7861
f 7795/7795 7862/7862 7861/7861
f 7862/7862 7795/7795 7863/7863
f 7795/7795 7796/7796 7863/7863
f 6565/6565 6566/6566 6615/6615
f 6566/6566 6616/6616 6615/6615
f 6616/6616 6566/6566 6617/6617
f 6566/6566 6567/6567 6617/6617
f 6740/6740 6806/6806 6739/6739
f 6806/6806 6740/6740 6807/6807
f 6739/6739 6806/6806 6738/6738
f 6806/6806 6805/6805 6738/6738
f 6873/6873 6806/6806 6874/6874
f 6874/6874 6806/6806 6807/6807
f 6872/6872 6806/6806 6873/6873
f 6806/6806 6872/6872 6805/6805
f 6872/6872 6938/6938 6871/6871
f 6938/6938 6872/6872 6939/6939
f 6872/6872 6871/6871 6804/6804
f 6805/6805 6872/6872 6804/6804
f 6872/6872 6940/6940 6939/6939
f 6872/6872 6873/6873 6940/6940
f 6869/6869 6803/6803 6870/6870
f 6869/6869 6802/6802 6803/6803
f 6802/6802 6869/6869 6801/6801
f 6869/6869 6868/6868 6801/6801
f 6997/6997 6931/6931 6998/6998
f 6930/6930 6931/6931 6997/6997
f 6665/6665 6616/6616 6666/6666
f 6616/6616 6665/6665 6615/6615
f 6733/6733 6665/6665 6666/6666
f 6732/6732 6665/6665 6733/6733
f 7078/7078 7012/7012 7079/7079
f 7012/7012 7078/7078 7011/7011
f 7013/7013 6945/6945 6946/6946
f 6945/6945 7013/7013 7012/7012
f 7013/7013 7080/7080 7079/7079
f 7012/7012 7013/7013 7079/7079
f 6950/6950 6882/6882 6883/6883
f 6882/6882 6950/6950 6949/6949
f 7082/7082 7016/7016 7083/7083
f 7016/7016 7082/7082 7015/7015
f 7016/7016 6950/6950 7017/7017
f 6950/6950 7016/7016 6949/6949
f 7148/7148 7214/7214 7147/7147
f 7214/7214 7148/7148 7215/7215
f 7214/7214 7146/7146 7147/7147
f 7146/7146 7214/7214 7213/7213
f 7282/7282 7214/7214 7215/7215
f 7214/7214 7282/7282 7281/7281
f 7550/7550 7549/7549 7483/7483
f 7549/7549 7482/7482 7483/7483
f 7549/7549 7548/7548 7481/7481
f 7482/7482 7549/7549 7481/7481
f 7415/7415 7416/7416 7483/7483
f 7482/7482 7415/7415 7483/7483
f 7802/7802 7870/7870 7869/7869
f 7870/7870 7802/7802 7803/7803
f 7601/7601 7669/7669 7668/7668
f 7669/7669 7601/7601 7602/7602
f 7669/7669 7737/7737 7736/7736
f 7737/7737 7669/7669 7670/7670
f 7735/7735 7669/7669 7736/7736
f 7669/7669 7735/7735 7668/7668
f 7802/7802 7735/7735 7803/7803
f 7735/7735 7736/7736 7803/7803
f 7467/7467 7534/7534 7466/7466
f 7534/7534 7533/7533 7466/7466
f 7534/7534 7467/7467 7468/7468
f 7535/7535 7534/7534 7468/7468
f 7601/7601 7534/7534 7602/7602
f 7534/7534 7535/7535 7602/7602
f 7669/7669 7603/7603 7670/7670
f 7603/7603 7669/7669 7602/7602
f 7535/7535 7603/7603 7602/7602
f 7603/7603 7535/7535 7536/7536
f 7670/7670 7603/7603 7671/7671
f 7603/7603 7604/7604 7671/7671
f 7399/7399 7400/7400 7466/7466
f 7400/7400 7467/7467 7466/7466
f 7333/7333 7400/7400 7332/7332
f 7400/7400 7399/7399 7332/7332
f 7065/7065 6997/6997 6998/6998
f 7065/7065 7064/7064 6997/6997
f 7065/7065 7132/7132 7131/7131
f 7064/7064 7065/7065 7131/7131
f 7002/7002 7069/7069 7068/7068
f 7002/7002 7068/7068 7001/7001
f 7002/7002 7070/7070 7069/7069
f 7070/7070 7002/7002 7003/7003
f 7135/7135 7201/7201 7134/7134
f 7201/7201 7135/7135 7202/7202
f 7065/7065 7133/7133 7132/7132
f 7133/7133 7065/7065 7066/7066
f 7201/7201 7133/7133 7134/7134
f 7133/7133 7201/7201 7200/7200
f 7133/7133 7067/7067 7134/7134
f 7133/7133 7066/7066 7067/7067
f 7132/7132 7133/7133 7199/7199
f 7133/7133 7200/7200 7199/7199
f 7201/7201 7267/7267 7200/7200
f 7267/7267 7201/7201 7268/7268
f 7267/7267 7333/7333 7266/7266
f 7333/7333 7267/7267 7334/7334
f 7267/7267 7266/7266 7199/7199
f 7200/7200 7267/7267 7199/7199
f 7471/7471 7539/7539 7538/7538
f 7539/7539 7471/7471 7472/7472
f 7401/7401 7400/7400 7333/7333
f 7401/7401 7333/7333 7334/7334
f 7467/7467 7401/7401 7468/7468
f 7400/7400 7401/7401 7467/7467
f 7335/7335 7267/7267 7268/7268
f 7267/7267 7335/7335 7334/7334
f 6930/6930 6929/6929 6863/6863
f 6929/6929 6862/6862 6863/6863
f 6929/6929 6996/6996 6995/6995
f 6928/6928 6929/6929 6995/6995
f 6996/6996 6929/6929 6997/6997
f 6929/6929 6930/6930 6997/6997
f 7262/7262 7330/7330 7329/7329
f 7330/7330 7262/7262 7263/7263
f 7275/7275 7343/7343 7342/7342
f 7276/7276 7343/7343 7275/7275
f 7542/7542 7543/7543 7609/7609
f 7543/7543 7610/7610 7609/7609
f 7409/7409 7341/7341 7342/7342
f 7341/7341 7409/7409 7408/7408
f 7343/7343 7409/7409 7342/7342
f 7409/7409 7343/7343 7410/7410
f 7212/7212 7280/7280 7279/7279
f 7280/7280 7212/7212 7213/7213
f 7214/7214 7280/7280 7213/7213
f 7280/7280 7214/7214 7281/7281
f 7614/7614 7613/7613 7546/7546
f 7547/7547 7614/7614 7546/7546
f 7614/7614 7681/7681 7680/7680
f 7613/7613 7614/7614 7680/7680
f 7610/7610 7676/7676 7609/7609
f 7676/7676 7610/7610 7677/7677
f 7676/7676 7608/7608 7609/7609
f 7608/7608 7676/7676 7675/7675
f 7676/7676 7743/7743 7742/7742
f 7676/7676 7742/7742 7675/7675
f 7543/7543 7611/7611 7610/7610
f 7611/7611 7543/7543 7544/7544
f 7878/7878 7812/7812 7879/7879
f 7812/7812 7878/7878 7811/7811
f 7812/7812 7880/7880 7879/7879
f 7880/7880 7812/7812 7813/7813
f 7812/7812 7746/7746 7813/7813
f 7812/7812 7745/7745 7746/7746
f 7676/7676 7744/7744 7743/7743
f 7744/7744 7676/7676 7677/7677
f 7812/7812 7744/7744 7745/7745
f 7744/7744 7812/7812 7811/7811
f 7743/7743 7744/7744 7810/7810
f 7744/7744 7811/7811 7810/7810
f 8228/8228 8295/8295 8294/8294
f 8227/8227 8228/8228 8294/8294
f 8161/8161 8228/8228 8160/8160
f 8228/8228 8227/8227 8160/8160
f 8295/8295 8228/8228 8296/8296
f 8228/8228 8229/8229 8296/8296
f 8228/8228 8161/8161 8162/8162
f 8229/8229 8228/8228 8162/8162
f 7826/7826 7758/7758 7759/7759
f 7758/7758 7826/7826 7825/7825
f 7827/7827 7760/7760 7828/7828
f 7760/7760 7761/7761 7828/7828
f 7694/7694 7760/7760 7693/7693
f 7760/7760 7694/7694 7761/7761
f 7760/7760 7826/7826 7759/7759
f 7826/7826 7760/7760 7827/7827
f 7760/7760 7692/7692 7693/7693
f 7760/7760 7759/7759 7692/7692
f 7892/7892 7893/7893 7959/7959
f 7959/7959 7893/7893 7960/7960
f 7961/7961 7893/7893 7894/7894
f 7893/7893 7961/7961 7960/7960
f 7826/7826 7893/7893 7825/7825
f 7893/7893 7892/7892 7825/7825
f 7893/7893 7827/7827 7894/7894
f 7893/7893 7826/7826 7827/7827
f 7762/7762 7829/7829 7828/7828
f 7761/7761 7762/7762 7828/7828
f 7353/7353 7421/7421 7420/7420
f 7421/7421 7353/7353 7354/7354
f 7353/7353 7285/7285 7286/7286
f 7285/7285 7353/7353 7352/7352
f 7351/7351 7285/7285 7352/7352
f 7284/7284 7285/7285 7351/7351
f 7285/7285 7218/7218 7219/7219
f 7286/7286 7285/7285 7219/7219
f 7622/7622 7554/7554 7555/7555
f 7621/7621 7554/7554 7622/7622
f 7554/7554 7487/7487 7488/7488
f 7554/7554 7488/7488 7555/7555
f 7554/7554 7486/7486 7487/7487
f 7486/7486 7554/7554 7553/7553
f 7488/7488 7556/7556 7555/7555
f 7556/7556 7488/7488 7489/7489
f 7892/7892 7891/7891 7825/7825
f 7891/7891 7824/7824 7825/7825
f 7617/7617 7549/7549 7550/7550
f 7549/7549 7617/7617 7616/7616
f 7617/7617 7550/7550 7551/7551
f 7618/7618 7617/7617 7551/7551
f 7749/7749 7815/7815 7748/7748
f 7815/7815 7749/7749 7816/7816
f 7681/7681 7749/7749 7748/7748
f 7749/7749 7681/7681 7682/7682
f 7620/7620 7554/7554 7621/7621
f 7554/7554 7620/7620 7553/7553
f 7688/7688 7620/7620 7621/7621
f 7620/7620 7688/7688 7687/7687
f 8287/8287 8221/8221 8288/8288
f 8221/8221 8287/8287 8220/8220
f 8289/8289 8221/8221 8222/8222
f 8221/8221 8289/8289 8288/8288
f 8221/8221 8220/8220 8153/8153
f 8154/8154 8221/8221 8153/8153
f 8221/8221 8155/8155 8222/8222
f 8221/8221 8154/8154 8155/8155
f 8015/8015 8081/8081 8014/8014
f 8015/8015 8082/8082 8081/8081
f 7815/7815 7881/7881 7814/7814
f 7881/7881 7815/7815 7882/7882
f 7814/7814 7881/7881 7813/7813
f 7881/7881 7880/7880 7813/7813
f 8086/8086 8018/8018 8019/8019
f 8018/8018 8086/8086 8085/8085
f 7883/7883 7951/7951 7950/7950
f 7951/7951 7883/7883 7884/7884
f 7950/7950 7951/7951 8017/8017
f 7951/7951 8018/8018 8017/8017
f 8148/8148 8080/8080 8081/8081
f 8148/8148 8147/8147 8080/8080
f 8287/8287 8219/8219 8220/8220
f 8219/8219 8287/8287 8286/8286
f 4571/4571 4505/4505 4572/4572
f 4571/4571 4504/4504 4505/4505
f 4437/4437 4370/4370 4371/4371
f 4438/4438 4437/4437 4371/4371
f 4504/4504 4437/4437 4505/4505
f 4437/4437 4438/4438 4505/4505
f 4439/4439 4371/4371 4372/4372
f 4439/4439 4438/4438 4371/4371
f 4439/4439 4373/4373 4440/4440
f 4373/4373 4439/4439 4372/4372
f 4439/4439 4506/4506 4505/4505
f 4438/4438 4439/4439 4505/4505
f 4506/4506 4439/4439 4507/4507
f 4439/4439 4440/4440 4507/4507
f 4290/4290 4224/4224 4291/4291
f 4224/4224 4290/4290 4223/4223
f 4156/4156 4224/4224 4223/4223
f 4224/4224 4156/4156 4157/4157
f 4158/4158 4224/4224 4157/4157
f 4225/4225 4224/4224 4158/4158
f 4296/4296 4362/4362 4295/4295
f 4363/4363 4362/4362 4296/4296
f 4362/4362 4294/4294 4295/4295
f 4362/4362 4361/4361 4294/4294
f 4292/4292 4224/4224 4225/4225
f 4224/4224 4292/4292 4291/4291
f 4299/4299 4232/4232 4233/4233
f 4299/4299 4233/4233 4300/4300
f 4634/4634 4567/4567 4568/4568
f 4635/4635 4634/4634 4568/4568
f 4634/4634 4566/4566 4567/4567
f 4566/4566 4634/4634 4633/4633
f 4634/4634 4701/4701 4700/4700
f 4633/4633 4634/4634 4700/4700
f 4634/4634 4702/4702 4701/4701
f 4702/4702 4634/4634 4635/4635
f 4702/4702 4770/4770 4769/4769
f 4770/4770 4702/4702 4703/4703
f 4702/4702 4636/4636 4703/4703
f 4636/4636 4702/4702 4635/4635
f 4701/4701 4702/4702 4768/4768
f 4768/4768 4702/4702 4769/4769
f 4503/4503 4437/4437 4504/4504
f 4437/4437 4503/4503 4436/4436
f 4571/4571 4503/4503 4504/4504
f 4503/4503 4571/4571 4570/4570
f 4503/4503 4502/4502 4435/4435
f 4503/4503 4435/4435 4436/4436
f 4302/4302 4235/4235 4236/4236
f 4303/4303 4302/4302 4236/4236
f 4235/4235 4302/4302 4234/4234
f 4302/4302 4301/4301 4234/4234
f 4708/4708 4709/4709 4776/4776
f 4775/4775 4708/4708 4776/4776
f 4708/4708 4775/4775 4774/4774
f 4707/4707 4708/4708 4774/4774
f 4709/4709 4708/4708 4642/4642
f 4708/4708 4641/4641 4642/4642
f 4641/4641 4708/4708 4640/4640
f 4640/4640 4708/4708 4707/4707
f 4772/4772 4706/4706 4773/4773
f 4706/4706 4772/4772 4705/4705
f 4706/4706 4707/4707 4774/4774
f 4773/4773 4706/4706 4774/4774
f 4706/4706 4640/4640 4707/4707
f 4706/4706 4639/4639 4640/4640
f 4771/4771 4772/4772 4839/4839
f 4838/4838 4771/4771 4839/4839
f 4503/4503 4569/4569 4502/4502
f 4569/4569 4503/4503 4570/4570
f 4501/4501 4569/4569 4568/4568
f 4502/4502 4569/4569 4501/4501
f 4637/4637 4569/4569 4570/4570
f 4636/4636 4569/4569 4637/4637
f 4569/4569 4636/4636 4635/4635
f 4569/4569 4635/4635 4568/4568
f 4841/4841 4773/4773 4774/4774
f 4841/4841 4840/4840 4773/4773
f 4975/4975 5043/5043 5042/5042
f 5043/5043 4975/4975 4976/4976
f 4923/4923 4857/4857 4924/4924
f 4923/4923 4856/4856 4857/4857
f 4855/4855 4923/4923 4922/4922
f 4923/4923 4855/4855 4856/4856
f 4990/4990 4923/4923 4991/4991
f 4991/4991 4923/4923 4924/4924
f 5257/5257 5324/5324 5323/5323
f 5256/5256 5257/5257 5323/5323
f 5257/5257 5256/5256 5189/5189
f 5190/5190 5257/5257 5189/5189
f 4862/4862 4796/4796 4863/4863
f 4796/4796 4862/4862 4795/4795
f 4862/4862 4863/4863 4930/4930
f 4929/4929 4862/4862 4930/4930
f 4389/4389 4323/4323 4390/4390
f 4323/4323 4389/4389 4322/4322
f 4391/4391 4323/4323 4324/4324
f 4323/4323 4391/4391 4390/4390
f 4323/4323 4256/4256 4257/4257
f 4323/4323 4257/4257 4324/4324
f 4255/4255 4323/4323 4322/4322
f 4256/4256 4323/4323 4255/4255
f 4526/4526 4458/4458 4459/4459
f 4458/4458 4526/4526 4525/4525
f 4524/4524 4458/4458 4525/4525
f 4458/4458 4524/4524 4457/4457
f 4458/4458 4392/4392 4459/4459
f 4392/4392 4458/4458 4391/4391
f 4391/4391 4458/4458 4390/4390
f 4390/4390 4458/4458 4457/4457
f 4393/4393 4327/4327 4394/4394
f 4393/4393 4326/4326 4327/4327
f 4461/4461 4393/4393 4394/4394
f 4460/4460 4393/4393 4461/4461
f 4459/4459 4393/4393 4460/4460
f 4392/4392 4393/4393 4459/4459
f 4325/4325 4393/4393 4392/4392
f 4393/4393 4325/4325 4326/4326
f 4325/4325 4392/4392 4391/4391
f 4325/4325 4391/4391 4324/4324
f 4326/4326 4325/4325 4259/4259
f 4325/4325 4258/4258 4259/4259
f 4257/4257 4325/4325 4324/4324
f 4258/4258 4325/4325 4257/4257
f 6051/6051 6050/6050 6001/6001
f 6050/6050 6000/6000 6001/6001
f 6050/6050 6051/6051 6101/6101
f 6100/6100 6050/6050 6101/6101
f 6097/6097 6048/6048 6098/6098
f 6048/6048 6097/6097 6047/6047
f 6245/6245 6246/6246 6296/6296
f 6295/6295 6245/6245 6296/6296
f 6196/6196 6145/6145 6146/6146
f 6145/6145 6196/6196 6195/6195
f 6245/6245 6196/6196 6246/6246
f 6196/6196 6245/6245 6195/6195
f 6283/6283 6334/6334 6333/6333
f 6334/6334 6283/6283 6284/6284
f 6544/6544 6595/6595 6594/6594
f 6595/6595 6544/6544 6545/6545
f 6715/6715 6647/6647 6648/6648
f 6715/6715 6714/6714 6647/6647
f 6715/6715 6781/6781 6714/6714
f 6781/6781 6715/6715 6782/6782
f 6491/6491 6440/6440 6441/6441
f 6440/6440 6491/6491 6490/6490
f 7449/7449 7383/7383 7450/7450
f 7382/7382 7383/7383 7449/7449
f 7381/7381 7449/7449 7448/7448
f 7381/7381 7382/7382 7449/7449
f 7381/7381 7313/7313 7314/7314
f 7313/7313 7381/7381 7380/7380
f 6912/6912 6846/6846 6913/6913
f 6846/6846 6912/6912 6845/6845
f 6981/6981 7047/7047 6980/6980
f 7047/7047 6981/6981 7048/7048
f 6595/6595 6644/6644 6594/6594
f 6644/6644 6595/6595 6645/6645
f 2996/2996 2930/2930 2931/2931
f 2930/2930 2996/2996 2995/2995
f 2341/2341 2406/2406 2340/2340
f 2406/2406 2405/2405 2340/2340
f 5979/5979 5929/5929 5980/5980
f 5929/5929 5930/5930 5980/5980
f 4511/4511 4577/4577 4510/4510
f 4577/4577 4511/4511 4578/4578
f 4312/4312 4246/4246 4313/4313
f 4246/4246 4312/4312 4245/4245
f 4179/4179 4246/4246 4178/4178
f 4178/4178 4246/4246 4245/4245
f 4246/4246 4179/4179 4180/4180
f 4246/4246 4180/4180 4247/4247
f 4252/4252 4186/4186 4253/4253
f 4186/4186 4252/4252 4185/4185
f 4252/4252 4184/4184 4185/4185
f 4184/4184 4252/4252 4251/4251
f 4243/4243 4176/4176 4177/4177
f 4244/4244 4243/4243 4177/4177
f 4308/4308 4374/4374 4307/4307
f 4308/4308 4375/4375 4374/4374
f 4240/4240 4308/4308 4307/4307
f 4308/4308 4240/4240 4241/4241
f 4375/4375 4308/4308 4376/4376
f 4308/4308 4309/4309 4376/4376
f 4644/4644 4577/4577 4578/4578
f 4645/4645 4644/4644 4578/4578
f 4645/4645 4713/4713 4712/4712
f 4713/4713 4645/4645 4646/4646
f 4979/4979 4913/4913 4980/4980
f 4913/4913 4979/4979 4912/4912
f 4508/4508 4440/4440 4441/4441
f 4440/4440 4508/4508 4507/4507
f 4442/4442 4508/4508 4441/4441
f 4509/4509 4508/4508 4442/4442
f 4644/4644 4576/4576 4577/4577
f 4576/4576 4644/4644 4643/4643
f 4576/4576 4509/4509 4510/4510
f 4577/4577 4576/4576 4510/4510
f 5049/5049 4981/4981 4982/4982
f 5049/5049 5048/5048 4981/4981
f 5048/5048 5049/5049 5115/5115
f 5049/5049 5116/5116 5115/5115
f 5053/5053 5121/5121 5120/5120
f 5121/5121 5053/5053 5054/5054
f 5053/5053 4987/4987 5054/5054
f 4987/4987 5053/5053 4986/4986
f 5184/5184 5118/5118 5185/5185
f 5117/5117 5118/5118 5184/5184
f 4781/4781 4713/4713 4714/4714
f 4713/4713 4781/4781 4780/4780
f 4715/4715 4781/4781 4714/4714
f 4781/4781 4715/4715 4782/4782
f 4719/4719 4651/4651 4652/4652
f 4651/4651 4719/4719 4718/4718
f 4919/4919 4987/4987 4986/4986
f 4987/4987 4919/4919 4920/4920
f 4985/4985 4919/4919 4986/4986
f 4919/4919 4985/4985 4918/4918
f 4720/4720 4719/4719 4652/4652
f 4720/4720 4652/4652 4653/4653
f 4717/4717 4651/4651 4718/4718
f 4651/4651 4717/4717 4650/4650
f 4785/4785 4717/4717 4718/4718
f 4717/4717 4785/4785 4784/4784
f 4783/4783 4717/4717 4784/4784
f 4717/4717 4783/4783 4716/4716
f 4849/4849 4783/4783 4850/4850
f 4782/4782 4783/4783 4849/4849
f 4715/4715 4783/4783 4782/4782
f 4783/4783 4715/4715 4716/4716
f 4851/4851 4919/4919 4918/4918
f 4919/4919 4851/4851 4852/4852
f 4783/4783 4851/4851 4850/4850
f 4851/4851 4783/4783 4784/4784
f 4851/4851 4917/4917 4850/4850
f 4851/4851 4918/4918 4917/4917
f 4785/4785 4851/4851 4784/4784
f 4851/4851 4785/4785 4852/4852
f 4855/4855 4789/4789 4856/4856
f 4789/4789 4855/4855 4788/4788
f 4857/4857 4789/4789 4790/4790
f 4856/4856 4789/4789 4857/4857
f 4588/4588 4522/4522 4589/4589
f 4522/4522 4588/4588 4521/4521
f 4656/4656 4588/4588 4589/4589
f 4588/4588 4656/4656 4655/4655
f 4789/4789 4723/4723 4790/4790
f 4723/4723 4789/4789 4722/4722
f 4723/4723 4791/4791 4790/4790
f 4723/4723 4724/4724 4791/4791
f 4656/4656 4723/4723 4655/4655
f 4723/4723 4722/4722 4655/4655
f 4724/4724 4723/4723 4657/4657
f 4723/4723 4656/4656 4657/4657
f 4454/4454 4386/4386 4387/4387
f 4386/4386 4454/4454 4453/4453
f 4520/4520 4454/4454 4521/4521
f 4454/4454 4520/4520 4453/4453
f 4452/4452 4386/4386 4453/4453
f 4386/4386 4452/4452 4385/4385
f 4520/4520 4452/4452 4453/4453
f 4452/4452 4520/4520 4519/4519
f 4452/4452 4518/4518 4451/4451
f 4518/4518 4452/4452 4519/4519
f 5798/5798 5848/5848 5847/5847
f 5797/5797 5798/5798 5847/5847
f 5733/5733 5800/5800 5732/5732
f 5800/5800 5799/5799 5732/5732
f 5801/5801 5800/5800 5734/5734
f 5800/5800 5733/5733 5734/5734
f 5660/5660 5594/5594 5661/5661
f 5593/5593 5594/5594 5660/5660
f 5321/5321 5387/5387 5320/5320
f 5387/5387 5321/5321 5388/5388
f 5321/5321 5320/5320 5253/5253
f 5254/5254 5321/5321 5253/5253
f 5121/5121 5187/5187 5120/5120
f 5187/5187 5121/5121 5188/5188
f 5186/5186 5187/5187 5253/5253
f 5187/5187 5254/5254 5253/5253
f 5255/5255 5187/5187 5188/5188
f 5254/5254 5187/5187 5255/5255
f 5654/5654 5586/5586 5587/5587
f 5586/5586 5654/5654 5653/5653
f 5653/5653 5654/5654 5720/5720
f 5654/5654 5721/5721 5720/5720
f 5721/5721 5654/5654 5722/5722
f 5654/5654 5655/5655 5722/5722
f 5319/5319 5385/5385 5318/5318
f 5386/5386 5385/5385 5319/5319
f 5454/5454 5521/5521 5520/5520
f 5454/5454 5520/5520 5453/5453
f 5387/5387 5454/5454 5386/5386
f 5386/5386 5454/5454 5453/5453
f 5659/5659 5593/5593 5660/5660
f 5659/5659 5592/5592 5593/5593
f 5459/5459 5393/5393 5460/5460
f 5393/5393 5459/5459 5392/5392
f 5331/5331 5265/5265 5332/5332
f 5265/5265 5331/5331 5264/5264
f 5260/5260 5327/5327 5259/5259
f 5327/5327 5326/5326 5259/5259
f 5327/5327 5393/5393 5326/5326
f 5393/5393 5327/5327 5394/5394
f 5327/5327 5260/5260 5261/5261
f 5328/5328 5327/5327 5261/5261
f 5327/5327 5328/5328 5395/5395
f 5327/5327 5395/5395 5394/5394
f 5528/5528 5596/5596 5595/5595
f 5596/5596 5528/5528 5529/5529
f 5528/5528 5461/5461 5462/5462
f 5529/5529 5528/5528 5462/5462
f 5598/5598 5530/5530 5531/5531
f 5530/5530 5598/5598 5597/5597
f 5531/5531 5530/5530 5464/5464
f 5464/5464 5530/5530 5463/5463
f 5530/5530 5596/5596 5529/5529
f 5596/5596 5530/5530 5597/5597
f 5530/5530 5462/5462 5463/5463
f 5530/5530 5529/5529 5462/5462
f 5652/5652 5584/5584 5585/5585
f 5584/5584 5652/5652 5651/5651
f 5718/5718 5652/5652 5719/5719
f 5652/5652 5718/5718 5651/5651
f 5885/5885 5935/5935 5884/5884
f 5935/5935 5934/5934 5884/5884
f 5935/5935 5885/5885 5886/5886
f 5936/5936 5935/5935 5886/5886
f 5935/5935 5984/5984 5934/5934
f 5984/5984 5935/5935 5985/5985
f 6080/6080 6030/6030 6031/6031
f 6080/6080 6031/6031 6081/6081
f 5790/5790 5841/5841 5840/5840
f 5841/5841 5790/5790 5791/5791
f 5792/5792 5841/5841 5791/5791
f 5842/5842 5841/5841 5792/5792
f 6038/6038 6089/6089 6088/6088
f 6038/6038 6039/6039 6089/6089
f 5991/5991 6040/6040 5990/5990
f 6040/6040 5991/5991 6041/6041
f 6039/6039 6040/6040 6089/6089
f 6040/6040 6090/6090 6089/6089
f 5941/5941 5991/5991 5990/5990
f 5940/5940 5941/5941 5990/5990
f 5839/5839 5890/5890 5889/5889
f 5890/5890 5839/5839 5840/5840
f 5841/5841 5890/5890 5840/5840
f 5890/5890 5841/5841 5891/5891
f 5890/5890 5941/5941 5940/5940
f 5941/5941 5890/5890 5891/5891
f 5890/5890 5939/5939 5889/5889
f 5890/5890 5940/5940 5939/5939
f 5238/5238 5237/5237 5170/5170
f 5238/5238 5170/5170 5171/5171
f 5370/5370 5304/5304 5371/5371
f 5304/5304 5370/5370 5303/5303
f 5304/5304 5372/5372 5371/5371
f 5372/5372 5304/5304 5305/5305
f 5238/5238 5304/5304 5237/5237
f 5304/5304 5238/5238 5305/5305
f 5100/5100 5166/5166 5099/5099
f 5166/5166 5100/5100 5167/5167
f 4906/4906 4905/4905 4839/4839
f 4905/4905 4838/4838 4839/4839
f 4894/4894 4826/4826 4827/4827
f 4826/4826 4894/4894 4893/4893
f 5773/5773 5772/5772 5705/5705
f 5706/5706 5773/5773 5705/5705
f 4835/4835 4902/4902 4834/4834
f 4902/4902 4901/4901 4834/4834
f 4968/4968 4902/4902 4969/4969
f 4902/4902 4968/4968 4901/4901
f 4902/4902 4970/4970 4969/4969
f 4970/4970 4902/4902 4903/4903
f 4837/4837 4771/4771 4838/4838
f 4771/4771 4837/4837 4770/4770
f 4837/4837 4905/4905 4904/4904
f 4905/4905 4837/4837 4838/4838
f 4977/4977 5043/5043 4976/4976
f 5043/5043 4977/4977 5044/5044
f 4977/4977 4978/4978 5045/5045
f 5044/5044 4977/4977 5045/5045
f 4977/4977 4910/4910 4911/4911
f 4978/4978 4977/4977 4911/4911
f 5382/5382 5450/5450 5449/5449
f 5450/5450 5382/5382 5383/5383
f 5382/5382 5316/5316 5383/5383
f 5316/5316 5382/5382 5315/5315
f 4764/4764 4698/4698 4765/4765
f 4698/4698 4764/4764 4697/4697
f 4766/4766 4698/4698 4699/4699
f 4698/4698 4766/4766 4765/4765
f 4698/4698 4697/4697 4630/4630
f 4631/4631 4698/4698 4630/4630
f 4632/4632 4698/4698 4631/4631
f 4698/4698 4632/4632 4699/4699
f 4632/4632 4566/4566 4633/4633
f 4566/4566 4632/4632 4565/4565
f 4699/4699 4632/4632 4700/4700
f 4632/4632 4633/4633 4700/4700
f 4632/4632 4564/4564 4565/4565
f 4632/4632 4631/4631 4564/4564
f 4362/4362 4428/4428 4361/4361
f 4428/4428 4362/4362 4429/4429
f 4428/4428 4496/4496 4495/4495
f 4496/4496 4428/4428 4429/4429
f 4428/4428 4494/4494 4427/4427
f 4428/4428 4495/4495 4494/4494
f 4628/4628 4560/4560 4561/4561
f 4560/4560 4628/4628 4627/4627
f 4494/4494 4562/4562 4561/4561
f 4495/4495 4562/4562 4494/4494
f 4562/4562 4628/4628 4561/4561
f 4628/4628 4562/4562 4629/4629
f 5024/5024 4956/4956 4957/4957
f 4956/4956 5024/5024 5023/5023
f 4626/4626 4560/4560 4627/4627
f 4560/4560 4626/4626 4559/4559
f 4625/4625 4626/4626 4692/4692
f 4626/4626 4693/4693 4692/4692
f 4693/4693 4626/4626 4694/4694
f 4626/4626 4627/4627 4694/4694
f 4622/4622 4690/4690 4689/4689
f 4690/4690 4622/4622 4623/4623
f 4690/4690 4756/4756 4689/4689
f 4756/4756 4690/4690 4757/4757
f 4691/4691 4690/4690 4624/4624
f 4690/4690 4623/4623 4624/4624
f 4757/4757 4690/4690 4758/4758
f 4690/4690 4691/4691 4758/4758
f 4425/4425 4493/4493 4492/4492
f 4493/4493 4425/4425 4426/4426
f 4358/4358 4425/4425 4357/4357
f 4425/4425 4424/4424 4357/4357
f 4556/4556 4622/4622 4555/4555
f 4622/4622 4556/4556 4623/4623
f 4488/4488 4556/4556 4555/4555
f 4489/4489 4556/4556 4488/4488
f 4485/4485 4551/4551 4484/4484
f 4485/4485 4552/4552 4551/4551
f 4552/4552 4485/4485 4553/4553
f 4485/4485 4486/4486 4553/4553
f 5160/5160 5228/5228 5227/5227
f 5228/5228 5160/5160 5161/5161
f 5228/5228 5161/5161 5162/5162
f 5229/5229 5228/5228 5162/5162
f 4896/4896 4897/4897 4963/4963
f 4897/4897 4964/4964 4963/4963
f 4897/4897 4965/4965 4964/4964
f 4897/4897 4898/4898 4965/4965
f 5230/5230 5162/5162 5163/5163
f 5230/5230 5229/5229 5162/5162
f 5164/5164 5230/5230 5163/5163
f 5231/5231 5230/5230 5164/5164
f 5031/5031 4965/4965 5032/5032
f 4965/4965 5031/5031 4964/4964
f 4964/4964 5031/5031 4963/4963
f 5031/5031 5030/5030 4963/4963
f 5096/5096 5097/5097 5163/5163
f 5097/5097 5164/5164 5163/5163
f 5029/5029 5097/5097 5096/5096
f 5030/5030 5097/5097 5029/5029
f 5929/5929 5880/5880 5930/5930
f 5880/5880 5929/5929 5879/5879
f 6030/6030 5981/5981 6031/6031
f 5981/5981 6030/6030 5980/5980
f 5708/5708 5776/5776 5775/5775
f 5776/5776 5708/5708 5709/5709
f 5438/5438 5506/5506 5505/5505
f 5506/5506 5438/5438 5439/5439
f 5708/5708 5642/5642 5709/5709
f 5642/5642 5708/5708 5641/5641
f 5576/5576 5642/5642 5575/5575
f 5642/5642 5576/5576 5643/5643
f 5642/5642 5643/5643 5710/5710
f 5642/5642 5710/5710 5709/5709
f 4219/4219 4285/4285 4218/4218
f 4286/4286 4285/4285 4219/4219
f 4352/4352 4285/4285 4353/4353
f 4285/4285 4286/4286 4353/4353
f 4285/4285 4217/4217 4218/4218
f 4217/4217 4285/4285 4284/4284
f 4217/4217 4150/4150 4151/4151
f 4217/4217 4151/4151 4218/4218
f 4150/4150 4217/4217 4149/4149
f 4217/4217 4216/4216 4149/4149
f 4217/4217 4283/4283 4216/4216
f 4283/4283 4217/4217 4284/4284
f 4421/4421 4487/4487 4420/4420
f 4487/4487 4421/4421 4488/4488
f 4421/4421 4489/4489 4488/4488
f 4489/4489 4421/4421 4422/4422
f 4421/4421 4420/4420 4353/4353
f 4354/4354 4421/4421 4353/4353
f 4355/4355 4421/4421 4354/4354
f 4421/4421 4355/4355 4422/4422
f 4355/4355 4356/4356 4423/4423
f 4355/4355 4423/4423 4422/4422
f 4355/4355 4354/4354 4287/4287
f 4288/4288 4355/4355 4287/4287
f 4356/4356 4355/4355 4289/4289
f 4355/4355 4288/4288 4289/4289
f 4671/4671 4603/4603 4604/4604
f 4603/4603 4671/4671 4670/4670
f 4603/4603 4669/4669 4602/4602
f 4669/4669 4603/4603 4670/4670
f 4603/4603 4536/4536 4537/4537
f 4604/4604 4603/4603 4537/4537
f 4535/4535 4603/4603 4602/4602
f 4603/4603 4535/4535 4536/4536
f 4267/4267 4199/4199 4200/4200
f 4199/4199 4267/4267 4266/4266
f 4267/4267 4200/4200 4201/4201
f 4268/4268 4267/4267 4201/4201
f 4335/4335 4269/4269 4336/4336
f 4335/4335 4268/4268 4269/4269
f 4467/4467 4466/4466 4400/4400
f 4466/4466 4399/4399 4400/4400
f 5138/5138 5206/5206 5205/5205
f 5206/5206 5138/5138 5139/5139
f 4865/4865 4798/4798 4799/4799
f 4866/4866 4865/4865 4799/4799
f 5133/5133 5201/5201 5200/5200
f 5133/5133 5134/5134 5201/5201
f 4933/4933 4865/4865 4866/4866
f 4865/4865 4933/4933 4932/4932
f 4933/4933 4999/4999 4932/4932
f 4933/4933 5000/5000 4999/4999
f 4933/4933 5001/5001 5000/5000
f 5001/5001 4933/4933 4934/4934
f 5001/5001 5069/5069 5068/5068
f 5069/5069 5001/5001 5002/5002
f 5067/5067 5001/5001 5068/5068
f 5000/5000 5001/5001 5067/5067
f 4479/4479 4546/4546 4545/4545
f 4478/4478 4479/4479 4545/4545
f 4405/4405 4473/4473 4472/4472
f 4473/4473 4405/4405 4406/4406
f 4405/4405 4471/4471 4404/4404
f 4471/4471 4405/4405 4472/4472
f 4338/4338 4405/4405 4337/4337
f 4337/4337 4405/4405 4404/4404
f 4405/4405 4339/4339 4406/4406
f 4405/4405 4338/4338 4339/4339
f 4538/4538 4471/4471 4472/4472
f 4538/4538 4472/4472 4539/4539
f 4538/4538 4604/4604 4537/4537
f 4538/4538 4605/4605 4604/4604
f 4606/4606 4538/4538 4539/4539
f 4605/4605 4538/4538 4606/4606
f 4277/4277 4345/4345 4344/4344
f 4345/4345 4277/4277 4278/4278
f 4277/4277 4211/4211 4278/4278
f 4277/4277 4210/4210 4211/4211
f 4211/4211 4143/4143 4144/4144
f 4210/4210 4143/4143 4211/4211
f 4142/4142 4143/4143 4209/4209
f 4143/4143 4210/4210 4209/4209
f 4276/4276 4344/4344 4343/4343
f 4276/4276 4277/4277 4344/4344
f 4277/4277 4276/4276 4210/4210
f 4210/4210 4276/4276 4209/4209
f 4340/4340 4407/4407 4406/4406
f 4339/4339 4340/4340 4406/4406
f 4270/4270 4203/4203 4271/4271
f 4203/4203 4204/4204 4271/4271
f 4137/4137 4203/4203 4136/4136
f 4203/4203 4137/4137 4204/4204
f 4203/4203 4270/4270 4269/4269
f 4202/4202 4203/4203 4269/4269
f 4203/4203 4135/4135 4136/4136
f 4203/4203 4202/4202 4135/4135
f 4545/4545 4612/4612 4544/4544
f 4612/4612 4611/4611 4544/4544
f 4340/4340 4408/4408 4407/4407
f 4408/4408 4340/4340 4341/4341
f 4408/4408 4342/4342 4409/4409
f 4342/4342 4408/4408 4341/4341
f 4407/4407 4408/4408 4474/4474
f 4408/4408 4475/4475 4474/4474
f 4408/4408 4476/4476 4475/4475
f 4476/4476 4408/4408 4409/4409
f 4476/4476 4410/4410 4477/4477
f 4410/4410 4476/4476 4409/4409
f 4476/4476 4477/4477 4544/4544
f 4543/4543 4476/4476 4544/4544
f 4476/4476 4543/4543 4542/4542
f 4475/4475 4476/4476 4542/4542
f 4615/4615 4682/4682 4614/4614
f 4614/4614 4682/4682 4681/4681
f 5287/5287 5353/5353 5286/5286
f 5353/5353 5287/5287 5354/5354
f 5287/5287 5286/5286 5219/5219
f 5220/5220 5287/5287 5219/5219
f 5287/5287 5288/5288 5355/5355
f 5354/5354 5287/5287 5355/5355
f 5221/5221 5287/5287 5220/5220
f 5288/5288 5287/5287 5221/5221
f 4755/4755 4821/4821 4754/4754
f 4822/4822 4821/4821 4755/4755
f 5019/5019 4953/4953 5020/5020
f 4952/4952 4953/4953 5019/5019
f 4885/4885 4953/4953 4952/4952
f 4953/4953 4885/4885 4886/4886
f 4817/4817 4885/4885 4884/4884
f 4818/4818 4885/4885 4817/4817
f 4885/4885 4951/4951 4884/4884
f 4885/4885 4952/4952 4951/4951
f 4953/4953 5021/5021 5020/5020
f 5021/5021 4953/4953 4954/4954
f 5629/5629 5561/5561 5562/5562
f 5561/5561 5629/5629 5628/5628
f 5629/5629 5696/5696 5695/5695
f 5628/5628 5629/5629 5695/5695
f 5224/5224 5225/5225 5291/5291
f 5225/5225 5292/5292 5291/5291
f 5157/5157 5225/5225 5224/5224
f 5225/5225 5157/5157 5158/5158
f 5292/5292 5225/5225 5293/5293
f 5225/5225 5226/5226 5293/5293
f 5159/5159 5225/5225 5158/5158
f 5226/5226 5225/5225 5159/5159
f 5361/5361 5428/5428 5360/5360
f 5428/5428 5427/5427 5360/5360
f 5428/5428 5362/5362 5429/5429
f 5362/5362 5428/5428 5361/5361
f 5427/5427 5428/5428 5494/5494
f 5428/5428 5495/5495 5494/5494
f 5428/5428 5429/5429 5496/5496
f 5495/5495 5428/5428 5496/5496
f 5356/5356 5422/5422 5355/5355
f 5422/5422 5356/5356 5423/5423
f 5422/5422 5421/5421 5354/5354
f 5422/5422 5354/5354 5355/5355
f 8110/8110 8042/8042 8043/8043
f 8042/8042 8110/8110 8109/8109
f 8105/8105 8104/8104 8037/8037
f 8105/8105 8037/8037 8038/8038
f 8241/8241 8173/8173 8174/8174
f 8173/8173 8241/8241 8240/8240
f 7973/7973 7972/7972 7905/7905
f 7906/7906 7973/7973 7905/7905
f 7973/7973 8039/8039 7972/7972
f 8039/8039 7973/7973 8040/8040
f 8039/8039 8105/8105 8038/8038
f 8105/8105 8039/8039 8106/8106
f 7971/7971 8039/8039 8038/8038
f 7972/7972 8039/8039 7971/7971
f 7973/7973 8041/8041 8040/8040
f 8041/8041 7973/7973 7974/7974
f 8042/8042 8041/8041 7975/7975
f 8041/8041 7974/7974 7975/7975
f 8041/8041 8042/8042 8109/8109
f 8108/8108 8041/8041 8109/8109
f 8039/8039 8107/8107 8106/8106
f 8107/8107 8039/8039 8040/8040
f 8107/8107 8041/8041 8108/8108
f 8041/8041 8107/8107 8040/8040
f 8173/8173 8107/8107 8174/8174
f 8107/8107 8173/8173 8106/8106
f 8107/8107 8175/8175 8174/8174
f 8107/8107 8108/8108 8175/8175
f 8164/8164 8098/8098 8165/8165
f 8098/8098 8164/8164 8097/8097
f 8165/8165 8098/8098 8166/8166
f 8098/8098 8099/8099 8166/8166
f 8030/8030 8098/8098 8097/8097
f 8031/8031 8098/8098 8030/8030
f 8032/8032 8100/8100 8099/8099
f 8100/8100 8032/8032 8033/8033
f 8032/8032 8098/8098 8031/8031
f 8098/8098 8032/8032 8099/8099
f 8032/8032 7966/7966 8033/8033
f 7966/7966 8032/8032 7965/7965
f 8032/8032 8031/8031 7964/7964
f 8032/8032 7964/7964 7965/7965
f 7642/7642 7574/7574 7575/7575
f 7574/7574 7642/7642 7641/7641
f 7507/7507 7574/7574 7506/7506
f 7574/7574 7573/7573 7506/7506
f 7370/7370 7371/7371 7437/7437
f 7371/7371 7438/7438 7437/7437
f 8112/8112 8044/8044 8045/8045
f 8044/8044 8112/8112 8111/8111
f 8044/8044 8110/8110 8043/8043
f 8110/8110 8044/8044 8111/8111
f 7976/7976 8044/8044 8043/8043
f 7977/7977 8044/8044 7976/7976
f 7846/7846 7847/7847 7914/7914
f 7913/7913 7846/7846 7914/7914
f 7709/7709 7708/7708 7642/7642
f 7642/7642 7708/7708 7641/7641
f 7708/7708 7709/7709 7776/7776
f 7775/7775 7708/7708 7776/7776
f 7704/7704 7771/7771 7703/7703
f 7703/7703 7771/7771 7770/7770
f 7771/7771 7838/7838 7837/7837
f 7771/7771 7837/7837 7770/7770
f 7771/7771 7704/7704 7705/7705
f 7772/7772 7771/7771 7705/7705
f 7838/7838 7771/7771 7839/7839
f 7771/7771 7772/7772 7839/7839
f 7976/7976 7908/7908 7909/7909
f 7908/7908 7976/7976 7975/7975
f 7571/7571 7505/7505 7572/7572
f 7505/7505 7571/7571 7504/7504
f 7571/7571 7503/7503 7504/7504
f 7503/7503 7571/7571 7570/7570
f 7570/7570 7571/7571 7637/7637
f 7571/7571 7638/7638 7637/7637
f 7917/7917 7983/7983 7916/7916
f 7983/7983 7917/7917 7984/7984
f 7648/7648 7580/7580 7581/7581
f 7580/7580 7648/7648 7647/7647
f 7648/7648 7715/7715 7714/7714
f 7648/7648 7714/7714 7647/7647
f 8118/8118 8186/8186 8185/8185
f 8119/8119 8186/8186 8118/8118
f 8251/8251 8318/8318 8250/8250
f 8318/8318 8317/8317 8250/8250
f 8186/8186 8252/8252 8185/8185
f 8252/8252 8186/8186 8253/8253
f 8252/8252 8320/8320 8319/8319
f 8252/8252 8253/8253 8320/8320
f 8252/8252 8318/8318 8251/8251
f 8318/8318 8252/8252 8319/8319
f 8184/8184 8252/8252 8251/8251
f 8252/8252 8184/8184 8185/8185
f 7920/7920 7854/7854 7921/7921
f 7854/7854 7920/7920 7853/7853
f 8053/8053 8119/8119 8052/8052
f 8119/8119 8053/8053 8120/8120
f 7985/7985 8053/8053 8052/8052
f 7986/7986 8053/8053 7985/7985
f 8122/8122 8123/8123 8189/8189
f 8123/8123 8190/8190 8189/8189
f 8259/8259 8260/8260 8327/8327
f 8326/8326 8259/8259 8327/8327
f 8260/8260 8259/8259 8193/8193
f 8193/8193 8259/8259 8192/8192
f 8259/8259 8326/8326 8325/8325
f 8258/8258 8259/8259 8325/8325
f 8259/8259 8258/8258 8191/8191
f 8259/8259 8191/8191 8192/8192
f 7923/7923 7857/7857 7924/7924
f 7923/7923 7856/7856 7857/7857
f 7923/7923 7922/7922 7855/7855
f 7856/7856 7923/7923 7855/7855
f 6443/6443 6494/6494 6493/6493
f 6494/6494 6443/6443 6444/6444
f 6494/6494 6544/6544 6543/6543
f 6493/6493 6494/6494 6543/6543
f 6551/6551 6500/6500 6501/6501
f 6550/6550 6500/6500 6551/6551
f 6597/6597 6548/6548 6598/6598
f 6548/6548 6597/6597 6547/6547
f 6548/6548 6599/6599 6598/6598
f 6599/6599 6548/6548 6549/6549
f 6498/6498 6548/6548 6497/6497
f 6497/6497 6548/6548 6547/6547
f 6345/6345 6295/6295 6296/6296
f 6346/6346 6345/6345 6296/6296
f 7319/7319 7251/7251 7252/7252
f 7318/7318 7251/7251 7319/7319
f 7251/7251 7185/7185 7252/7252
f 7251/7251 7184/7184 7185/7185
f 7117/7117 7116/7116 7050/7050
f 7050/7050 7116/7116 7049/7049
f 7116/7116 7048/7048 7049/7049
f 7116/7116 7115/7115 7048/7048
f 7117/7117 7051/7051 7118/7118
f 7051/7051 7117/7117 7050/7050
f 6984/6984 7051/7051 6983/6983
f 7051/7051 7050/7050 6983/6983
f 7655/7655 7587/7587 7588/7588
f 7587/7587 7655/7655 7654/7654
f 7653/7653 7587/7587 7654/7654
f 7587/7587 7653/7653 7586/7586
f 7720/7720 7653/7653 7721/7721
f 7653/7653 7654/7654 7721/7721
f 7385/7385 7384/7384 7317/7317
f 7318/7318 7385/7385 7317/7317
f 7386/7386 7385/7385 7319/7319
f 7385/7385 7318/7318 7319/7319
f 7455/7455 7454/7454 7388/7388
f 7454/7454 7387/7387 7388/7388
f 7646/7646 7579/7579 7647/7647
f 7579/7579 7580/7580 7647/7647
f 7447/7447 7381/7381 7448/7448
f 7381/7381 7447/7447 7380/7380
f 7515/7515 7447/7447 7448/7448
f 7514/7514 7447/7447 7515/7515
f 5234/5234 5166/5166 5167/5167
f 5166/5166 5234/5234 5233/5233
f 5302/5302 5370/5370 5369/5369
f 5370/5370 5302/5302 5303/5303
f 5236/5236 5304/5304 5303/5303
f 5304/5304 5236/5236 5237/5237
f 5302/5302 5236/5236 5303/5303
f 5236/5236 5302/5302 5235/5235
f 5100/5100 5168/5168 5167/5167
f 5168/5168 5100/5100 5101/5101
f 5168/5168 5234/5234 5167/5167
f 5234/5234 5168/5168 5235/5235
f 5500/5500 5568/5568 5567/5567
f 5568/5568 5500/5500 5501/5501
f 5567/5567 5568/5568 5634/5634
f 5634/5634 5568/5568 5635/5635
f 5502/5502 5568/5568 5501/5501
f 5569/5569 5568/5568 5502/5502
f 5636/5636 5568/5568 5569/5569
f 5568/5568 5636/5636 5635/5635
f 5636/5636 5569/5569 5570/5570
f 5637/5637 5636/5636 5570/5570
f 5636/5636 5637/5637 5704/5704
f 5703/5703 5636/5636 5704/5704
f 5636/5636 5702/5702 5635/5635
f 5636/5636 5703/5703 5702/5702
f 502/502 438/438 503/503
f 438/438 502/502 437/437
f 829/829 830/830 894/894
f 830/830 895/895 894/894
f 764/764 698/698 699/699
f 698/698 764/764 763/763
f 764/764 700/700 765/765
f 700/700 764/764 699/699
f 764/764 828/828 763/763
f 828/828 764/764 829/829
f 764/764 830/830 829/829
f 830/830 764/764 765/765
f 5082/5082 5148/5148 5081/5081
f 5148/5148 5082/5082 5149/5149
f 5082/5082 5083/5083 5150/5150
f 5082/5082 5150/5150 5149/5149
f 4875/4875 4807/4807 4808/4808
f 4807/4807 4875/4875 4874/4874
f 4805/4805 4737/4737 4738/4738
f 4737/4737 4805/4805 4804/4804
f 5206/5206 5140/5140 5207/5207
f 5140/5140 5206/5206 5139/5139
f 5073/5073 5140/5140 5139/5139
f 5073/5073 5139/5139 5072/5072
f 5013/5013 4946/4946 5014/5014
f 5014/5014 4946/4946 4947/4947
f 4946/4946 4880/4880 4947/4947
f 4880/4880 4946/4946 4879/4879
f 4813/4813 4880/4880 4812/4812
f 4880/4880 4879/4879 4812/4812
f 4678/4678 4744/4744 4677/4677
f 4744/4744 4678/4678 4745/4745
f 4744/4744 4676/4676 4677/4677
f 4676/4676 4744/4744 4743/4743
f 4812/4812 4744/4744 4745/4745
f 4811/4811 4744/4744 4812/4812
f 5351/5351 5283/5283 5284/5284
f 5283/5283 5351/5351 5350/5350
f 5283/5283 5217/5217 5284/5284
f 5283/5283 5216/5216 5217/5217
f 4737/4737 4736/4736 4670/4670
f 4736/4736 4669/4669 4670/4670
f 4803/4803 4736/4736 4804/4804
f 4736/4736 4737/4737 4804/4804
f 4669/4669 4736/4736 4668/4668
f 4736/4736 4735/4735 4668/4668
f 4736/4736 4803/4803 4802/4802
f 4735/4735 4736/4736 4802/4802
f 5804/5804 5855/5855 5854/5854
f 5855/5855 5804/5804 5805/5805
f 5853/5853 5804/5804 5854/5854
f 5803/5803 5804/5804 5853/5853
f 5804/5804 5803/5803 5736/5736
f 5804/5804 5736/5736 5737/5737
f 5540/5540 5541/5541 5608/5608
f 5540/5540 5608/5608 5607/5607
f 5540/5540 5473/5473 5474/5474
f 5541/5541 5540/5540 5474/5474
f 5740/5740 5673/5673 5741/5741
f 5673/5673 5674/5674 5741/5741
f 5535/5535 5468/5468 5536/5536
f 5468/5468 5469/5469 5536/5536
f 5468/5468 5401/5401 5402/5402
f 5469/5469 5468/5468 5402/5402
f 5338/5338 5339/5339 5405/5405
f 5405/5405 5339/5339 5406/5406
f 5339/5339 5407/5407 5406/5406
f 5407/5407 5339/5339 5340/5340
f 5340/5340 5339/5339 5273/5273
f 5339/5339 5272/5272 5273/5273
f 5339/5339 5271/5271 5272/5272
f 5271/5271 5339/5339 5338/5338
f 5203/5203 5271/5271 5270/5270
f 5271/5271 5203/5203 5204/5204
f 5270/5270 5271/5271 5337/5337
f 5271/5271 5338/5338 5337/5337
f 5272/5272 5271/5271 5205/5205
f 5205/5205 5271/5271 5204/5204
f 5207/5207 5141/5141 5208/5208
f 5140/5140 5141/5141 5207/5207
f 5073/5073 5141/5141 5140/5140
f 5141/5141 5073/5073 5074/5074
f 5144/5144 5212/5212 5211/5211
f 5212/5212 5144/5144 5145/5145
f 5210/5210 5144/5144 5211/5211
f 5143/5143 5144/5144 5210/5210
f 5543/5543 5476/5476 5544/5544
f 5476/5476 5477/5477 5544/5544
f 5809/5809 5743/5743 5810/5810
f 5809/5809 5742/5742 5743/5743
f 5609/5609 5675/5675 5608/5608
f 5675/5675 5609/5609 5676/5676
f 5608/5608 5675/5675 5607/5607
f 5675/5675 5674/5674 5607/5607
f 5674/5674 5675/5675 5741/5741
f 5675/5675 5742/5742 5741/5741
f 5743/5743 5675/5675 5676/5676
f 5742/5742 5675/5675 5743/5743
f 5745/5745 5811/5811 5744/5744
f 5811/5811 5745/5745 5812/5812
f 5745/5745 5813/5813 5812/5812
f 5745/5745 5746/5746 5813/5813
f 5975/5975 5926/5926 5976/5976
f 5926/5926 5975/5975 5925/5925
f 5975/5975 5924/5924 5925/5925
f 5924/5924 5975/5975 5974/5974
f 5975/5975 5976/5976 6026/6026
f 6025/6025 5975/5975 6026/6026
f 5975/5975 6024/6024 5974/5974
f 5975/5975 6025/6025 6024/6024
f 6175/6175 6124/6124 6125/6125
f 6124/6124 6175/6175 6174/6174
f 6123/6123 6124/6124 6173/6173
f 6173/6173 6124/6124 6174/6174
f 6323/6323 6373/6373 6372/6372
f 6322/6322 6323/6323 6372/6372
f 6370/6370 6321/6321 6371/6371
f 6321/6321 6370/6370 6320/6320
f 6371/6371 6321/6321 6372/6372
f 6321/6321 6322/6322 6372/6372
f 6269/6269 6319/6319 6268/6268
f 6319/6319 6318/6318 6268/6268
f 6270/6270 6321/6321 6320/6320
f 6321/6321 6270/6270 6271/6271
f 6271/6271 6270/6270 6221/6221
f 6221/6221 6270/6270 6220/6220
f 6270/6270 6319/6319 6269/6269
f 6319/6319 6270/6270 6320/6320
f 6270/6270 6219/6219 6220/6220
f 6270/6270 6269/6269 6219/6219
f 6119/6119 6168/6168 6118/6118
f 6168/6168 6119/6119 6169/6169
f 6219/6219 6168/6168 6169/6169
f 6218/6218 6168/6168 6219/6219
f 5753/5753 5752/5752 5685/5685
f 5753/5753 5685/5685 5686/5686
f 5687/5687 5753/5753 5686/5686
f 5754/5754 5753/5753 5687/5687
f 5621/5621 5553/5553 5554/5554
f 5553/5553 5621/5621 5620/5620
f 5621/5621 5622/5622 5689/5689
f 5688/5688 5621/5621 5689/5689
f 5620/5620 5621/5621 5687/5687
f 5621/5621 5688/5688 5687/5687
f 5682/5682 5750/5750 5749/5749
f 5750/5750 5682/5682 5683/5683
f 5750/5750 5751/5751 5818/5818
f 5817/5817 5750/5750 5818/5818
f 5684/5684 5750/5750 5683/5683
f 5751/5751 5750/5750 5684/5684
f 5920/5920 5919/5919 5869/5869
f 5870/5870 5920/5920 5869/5869
f 5921/5921 5920/5920 5871/5871
f 5920/5920 5870/5870 5871/5871
f 5920/5920 5921/5921 5971/5971
f 5920/5920 5971/5971 5970/5970
f 5969/5969 5920/5920 5970/5970
f 5920/5920 5969/5969 5919/5919
f 5919/5919 5969/5969 5918/5918
f 5969/5969 5968/5968 5918/5918
f 5968/5968 5969/5969 6018/6018
f 5969/5969 6019/6019 6018/6018
f 5969/5969 6020/6020 6019/6019
f 6020/6020 5969/5969 5970/5970
f 6021/6021 6020/6020 5971/5971
f 5971/5971 6020/6020 5970/5970
f 6020/6020 6021/6021 6071/6071
f 6070/6070 6020/6020 6071/6071
f 6020/6020 6070/6070 6069/6069
f 6019/6019 6020/6020 6069/6069
f 5680/5680 5614/5614 5681/5681
f 5614/5614 5680/5680 5613/5613
f 1642/1642 1706/1706 1641/1641
f 1706/1706 1642/1642 1707/1707
f 1642/1642 1708/1708 1707/1707
f 1708/1708 1642/1642 1643/1643
f 1885/1885 1937/1937 1936/1936
f 1884/1884 1885/1885 1936/1936
f 1996/1996 1945/1945 1946/1946
f 1945/1945 1996/1996 1995/1995
f 1934/1934 1883/1883 1935/1935
f 1883/1883 1934/1934 1882/1882
f 1883/1883 1884/1884 1936/1936
f 1935/1935 1883/1883 1936/1936
f 2175/2175 2132/2132 2176/2176
f 2132/2132 2175/2175 2131/2131
f 2177/2177 2132/2132 2133/2133
f 2132/2132 2177/2177 2176/2176
f 5694/5694 5627/5627 5695/5695
f 5627/5627 5628/5628 5695/5695
f 5561/5561 5627/5627 5560/5560
f 5627/5627 5561/5561 5628/5628
f 5627/5627 5694/5694 5693/5693
f 5626/5626 5627/5627 5693/5693
f 5627/5627 5559/5559 5560/5560
f 5627/5627 5626/5626 5559/5559
f 5827/5827 5877/5877 5876/5876
f 5826/5826 5827/5827 5876/5876
f 5760/5760 5827/5827 5759/5759
f 5827/5827 5826/5826 5759/5759
f 411/411 412/412 476/476
f 412/412 477/477 476/476
f 866/866 932/932 931/931
f 932/932 866/866 867/867
f 805/805 869/869 804/804
f 869/869 805/805 870/870
f 936/936 1002/1002 1001/1001
f 1002/1002 936/936 937/937
f 2531/2531 2596/2596 2530/2530
f 2596/2596 2595/2595 2530/2530
f 2727/2727 2791/2791 2726/2726
f 2791/2791 2727/2727 2792/2792
f 2856/2856 2921/2921 2855/2855
f 2855/2855 2921/2921 2920/2920
f 6814/6814 6748/6748 6815/6815
f 6747/6747 6748/6748 6814/6814
f 3113/3113 3177/3177 3112/3112
f 3177/3177 3113/3113 3178/3178
f 3177/3177 3111/3111 3112/3112
f 3111/3111 3177/3177 3176/3176
f 2647/2647 2713/2713 2712/2712
f 2713/2713 2647/2647 2648/2648
f 2780/2780 2846/2846 2845/2845
f 2846/2846 2780/2780 2781/2781
f 2523/2523 2589/2589 2588/2588
f 2589/2589 2523/2523 2524/2524
f 2653/2653 2589/2589 2654/2654
f 2589/2589 2653/2653 2588/2588
f 2271/2271 2227/2227 2272/2272
f 2227/2227 2228/2228 2272/2272
f 2185/2185 2140/2140 2141/2141
f 2140/2140 2185/2185 2184/2184
f 2227/2227 2185/2185 2228/2228
f 2185/2185 2227/2227 2184/2184
f 2224/2224 2180/2180 2181/2181
f 2180/2180 2224/2224 2223/2223
f 2450/2450 2385/2385 2451/2451
f 2385/2385 2386/2386 2451/2451
f 2387/2387 2323/2323 2388/2388
f 2323/2323 2387/2387 2322/2322
f 2387/2387 2386/2386 2321/2321
f 2322/2322 2387/2387 2321/2321
f 2782/2782 2716/2716 2717/2717
f 2716/2716 2782/2782 2781/2781
f 2656/2656 2592/2592 2657/2657
f 2592/2592 2656/2656 2591/2591
f 2397/2397 2461/2461 2396/2396
f 2461/2461 2397/2397 2462/2462
f 2395/2395 2461/2461 2460/2460
f 2461/2461 2395/2395 2396/2396
f 2525/2525 2589/2589 2524/2524
f 2589/2589 2525/2525 2590/2590
f 2461/2461 2525/2525 2460/2460
f 2525/2525 2461/2461 2526/2526
f 2525/2525 2524/2524 2459/2459
f 2460/2460 2525/2525 2459/2459
f 2590/2590 2525/2525 2591/2591
f 2525/2525 2526/2526 2591/2591
f 2332/2332 2397/2397 2396/2396
f 2332/2332 2396/2396 2331/2331
f 2332/2332 2398/2398 2397/2397
f 2398/2398 2332/2332 2333/2333
f 2397/2397 2398/2398 2462/2462
f 2398/2398 2463/2463 2462/2462
f 2398/2398 2399/2399 2464/2464
f 2463/2463 2398/2398 2464/2464
f 2401/2401 2336/2336 2402/2402
f 2336/2336 2337/2337 2402/2402
f 2334/2334 2398/2398 2333/2333
f 2398/2398 2334/2334 2399/2399
f 2458/2458 2522/2522 2457/2457
f 2522/2522 2458/2458 2523/2523
f 2524/2524 2458/2458 2459/2459
f 2523/2523 2458/2458 2524/2524
f 2392/2392 2458/2458 2457/2457
f 2458/2458 2392/2392 2393/2393
f 2326/2326 2392/2392 2391/2391
f 2392/2392 2326/2326 2327/2327
f 2328/2328 2392/2392 2327/2327
f 2392/2392 2328/2328 2393/2393
f 2276/2276 2328/2328 2275/2275
f 2328/2328 2276/2276 2329/2329
f 3681/3681 3747/3747 3746/3746
f 3682/3682 3747/3747 3681/3681
f 2896/2896 2960/2960 2895/2895
f 2960/2960 2896/2896 2961/2961
f 2646/2646 2582/2582 2647/2647
f 2582/2582 2646/2646 2581/2581
f 2646/2646 2712/2712 2711/2711
f 2646/2646 2647/2647 2712/2712
f 6572/6572 6573/6573 6622/6622
f 6622/6622 6573/6573 6623/6623
f 6521/6521 6570/6570 6520/6520
f 6570/6570 6521/6521 6571/6571
f 2126/2126 2080/2080 2081/2081
f 2080/2080 2126/2126 2125/2125
f 6177/6177 6226/6226 6176/6176
f 6227/6227 6226/6226 6177/6177
f 6480/6480 6429/6429 6430/6430
f 6429/6429 6480/6480 6479/6479
f 3321/3321 3256/3256 3322/3322
f 3256/3256 3257/3257 3322/3322
f 3320/3320 3256/3256 3321/3321
f 3256/3256 3320/3320 3255/3255
f 3320/3320 3254/3254 3255/3255
f 3254/3254 3320/3320 3319/3319
f 3384/3384 3320/3320 3385/3385
f 3319/3319 3320/3320 3384/3384
f 3179/3179 3243/3243 3178/3178
f 3243/3243 3179/3179 3244/3244
f 3179/3179 3245/3245 3244/3244
f 3245/3245 3179/3179 3180/3180
f 3517/3517 3451/3451 3452/3452
f 3451/3451 3517/3517 3516/3516
f 7290/7290 7223/7223 7291/7291
f 7291/7291 7223/7223 7224/7224
f 7157/7157 7223/7223 7156/7156
f 7223/7223 7157/7157 7224/7224
f 7223/7223 7290/7290 7289/7289
f 7222/7222 7223/7223 7289/7289
f 7156/7156 7223/7223 7155/7155
f 7223/7223 7222/7222 7155/7155
f 7228/7228 7294/7294 7227/7227
f 7294/7294 7228/7228 7295/7295
f 7494/7494 7495/7495 7562/7562
f 7494/7494 7562/7562 7561/7561
f 7692/7692 7626/7626 7693/7693
f 7625/7625 7626/7626 7692/7692
f 7429/7429 7496/7496 7428/7428
f 7496/7496 7495/7495 7428/7428
f 7633/7633 7634/7634 7701/7701
f 7700/7700 7633/7633 7701/7701
f 7768/7768 7769/7769 7835/7835
f 7769/7769 7836/7836 7835/7835
f 7836/7836 7769/7769 7837/7837
f 7837/7837 7769/7769 7770/7770
f 7769/7769 7768/7768 7701/7701
f 7702/7702 7769/7769 7701/7701
f 7769/7769 7703/7703 7770/7770
f 7769/7769 7702/7702 7703/7703
f 7635/7635 7567/7567 7568/7568
f 7635/7635 7634/7634 7567/7567
f 7569/7569 7635/7635 7568/7568
f 7636/7636 7635/7635 7569/7569
f 7635/7635 7702/7702 7701/7701
f 7634/7634 7635/7635 7701/7701
f 7635/7635 7636/7636 7703/7703
f 7702/7702 7635/7635 7703/7703
f 7699/7699 7633/7633 7700/7700
f 7633/7633 7699/7699 7632/7632
f 7829/7829 7763/7763 7830/7830
f 7762/7762 7763/7763 7829/7829
f 6856/6856 6788/6788 6789/6789
f 6856/6856 6855/6855 6788/6788
f 6724/6724 6658/6658 6725/6725
f 6658/6658 6724/6724 6657/6657
f 6723/6723 6724/6724 6790/6790
f 6790/6790 6724/6724 6791/6791
f 6724/6724 6656/6656 6657/6657
f 6724/6724 6723/6723 6656/6656
f 6610/6610 6561/6561 6611/6611
f 6610/6610 6560/6560 6561/6561
f 6929/6929 6861/6861 6862/6862
f 6861/6861 6929/6929 6928/6928
f 6795/6795 6729/6729 6796/6796
f 6729/6729 6795/6795 6728/6728
f 6862/6862 6795/6795 6863/6863
f 6795/6795 6796/6796 6863/6863
f 6795/6795 6861/6861 6794/6794
f 6861/6861 6795/6795 6862/6862
f 6613/6613 6564/6564 6614/6614
f 6564/6564 6613/6613 6563/6563
f 6613/6613 6612/6612 6562/6562
f 6613/6613 6562/6562 6563/6563
f 6613/6613 6662/6662 6612/6612
f 6662/6662 6613/6613 6663/6663
f 6612/6612 6662/6662 6611/6611
f 6662/6662 6661/6661 6611/6611
f 6661/6661 6662/6662 6728/6728
f 6662/6662 6729/6729 6728/6728
f 6662/6662 6663/6663 6730/6730
f 6729/6729 6662/6662 6730/6730
f 6411/6411 6360/6360 6361/6361
f 6410/6410 6360/6360 6411/6411
f 6409/6409 6458/6458 6408/6408
f 6409/6409 6459/6459 6458/6458
f 6409/6409 6410/6410 6460/6460
f 6459/6459 6409/6409 6460/6460
f 6456/6456 6405/6405 6406/6406
f 6405/6405 6456/6456 6455/6455
f 6405/6405 6356/6356 6406/6406
f 6405/6405 6355/6355 6356/6356
f 6109/6109 6158/6158 6108/6108
f 6158/6158 6109/6109 6159/6159
f 6107/6107 6158/6158 6157/6157
f 6158/6158 6107/6107 6108/6108
f 6158/6158 6209/6209 6208/6208
f 6209/6209 6158/6158 6159/6159
f 6158/6158 6207/6207 6157/6157
f 6158/6158 6208/6208 6207/6207
f 6207/6207 6257/6257 6206/6206
f 6206/6206 6257/6257 6256/6256
f 6210/6210 6161/6161 6211/6211
f 6161/6161 6210/6210 6160/6160
f 6261/6261 6210/6210 6211/6211
f 6210/6210 6261/6261 6260/6260
f 6210/6210 6209/6209 6159/6159
f 6210/6210 6159/6159 6160/6160
f 5958/5958 5907/5907 5908/5908
f 5957/5957 5907/5907 5958/5958
f 6007/6007 6058/6058 6057/6057
f 6058/6058 6007/6007 6008/6008
f 6008/6008 6007/6007 5958/5958
f 6007/6007 5957/5957 5958/5958
f 6114/6114 6065/6065 6115/6115
f 6065/6065 6114/6114 6064/6064
f 5916/5916 5917/5917 5966/5966
f 5917/5917 5967/5967 5966/5966
f 5917/5917 5968/5968 5967/5967
f 5968/5968 5917/5917 5918/5918
f 5917/5917 5868/5868 5918/5918
f 5917/5917 5867/5867 5868/5868
f 5747/5747 5815/5815 5814/5814
f 5748/5748 5815/5815 5747/5747
f 6575/6575 6576/6576 6626/6626
f 6625/6625 6575/6575 6626/6626
f 6575/6575 6526/6526 6576/6576
f 6575/6575 6525/6525 6526/6526
f 6808/6808 6740/6740 6741/6741
f 6740/6740 6808/6808 6807/6807
f 6742/6742 6808/6808 6741/6741
f 6809/6809 6808/6808 6742/6742
f 6943/6943 6944/6944 7010/7010
f 7010/7010 6944/6944 7011/7011
f 6945/6945 6944/6944 6878/6878
f 6878/6878 6944/6944 6877/6877
f 6944/6944 6945/6945 7012/7012
f 6944/6944 7012/7012 7011/7011
f 6743/6743 6810/6810 6742/6742
f 6810/6810 6809/6809 6742/6742
f 6810/6810 6743/6743 6744/6744
f 6811/6811 6810/6810 6744/6744
f 6810/6810 6878/6878 6877/6877
f 6810/6810 6811/6811 6878/6878
f 6469/6469 6418/6418 6419/6419
f 6468/6468 6418/6418 6469/6469
f 6567/6567 6518/6518 6568/6568
f 6518/6518 6567/6567 6517/6517
f 6518/6518 6569/6569 6568/6568
f 6518/6518 6519/6519 6569/6569
f 6518/6518 6469/6469 6519/6519
f 6518/6518 6468/6468 6469/6469
f 6462/6462 6461/6461 6411/6411
f 6462/6462 6411/6411 6412/6412
f 6463/6463 6462/6462 6413/6413
f 6413/6413 6462/6462 6412/6412
f 6513/6513 6564/6564 6563/6563
f 6564/6564 6513/6513 6514/6514
f 6513/6513 6463/6463 6464/6464
f 6513/6513 6464/6464 6514/6514
f 6414/6414 6465/6465 6464/6464
f 6465/6465 6414/6414 6415/6415
f 6416/6416 6465/6465 6415/6415
f 6466/6466 6465/6465 6416/6416
f 6518/6518 6467/6467 6468/6468
f 6467/6467 6518/6518 6517/6517
f 6467/6467 6418/6418 6468/6468
f 6418/6418 6467/6467 6417/6417
f 6467/6467 6466/6466 6416/6416
f 6467/6467 6416/6416 6417/6417
f 6121/6121 6120/6120 6070/6070
f 6121/6121 6070/6070 6071/6071
f 6072/6072 6121/6121 6071/6071
f 6121/6121 6072/6072 6122/6122
f 6120/6120 6121/6121 6170/6170
f 6121/6121 6171/6171 6170/6170
f 6172/6172 6121/6121 6122/6122
f 6171/6171 6121/6121 6172/6172
f 6013/6013 5963/5963 5964/5964
f 6013/6013 5964/5964 6014/6014
f 5962/5962 5911/5911 5912/5912
f 5962/5962 5961/5961 5911/5911
f 5962/5962 5912/5912 5913/5913
f 5963/5963 5962/5962 5913/5913
f 5961/5961 5962/5962 6011/6011
f 5962/5962 6012/6012 6011/6011
f 5962/5962 6013/6013 6012/6012
f 6013/6013 5962/5962 5963/5963
f 8205/8205 8272/8272 8271/8271
f 8205/8205 8271/8271 8204/8204
f 8139/8139 8138/8138 8071/8071
f 8139/8139 8071/8071 8072/8072
f 8076/8076 8143/8143 8142/8142
f 8076/8076 8142/8142 8075/8075
f 8144/8144 8076/8076 8077/8077
f 8143/8143 8076/8076 8144/8144
f 8076/8076 8010/8010 8077/8077
f 8010/8010 8076/8076 8009/8009
f 7661/7661 7729/7729 7728/7728
f 7729/7729 7661/7661 7662/7662
f 7727/7727 7661/7661 7728/7728
f 7661/7661 7727/7727 7660/7660
f 7593/7593 7661/7661 7660/7660
f 7594/7594 7661/7661 7593/7593
f 7527/7527 7593/7593 7526/7526
f 7527/7527 7594/7594 7593/7593
f 7532/7532 7465/7465 7466/7466
f 7533/7533 7532/7532 7466/7466
f 7729/7729 7663/7663 7730/7730
f 7663/7663 7729/7729 7662/7662
f 7391/7391 7457/7457 7390/7390
f 7457/7457 7391/7391 7458/7458
f 7323/7323 7391/7391 7390/7390
f 7324/7324 7391/7391 7323/7323
f 7057/7057 7125/7125 7124/7124
f 7125/7125 7057/7057 7058/7058
f 7395/7395 7327/7327 7328/7328
f 7327/7327 7395/7395 7394/7394
f 7396/7396 7395/7395 7329/7329
f 7329/7329 7395/7395 7328/7328
f 7262/7262 7196/7196 7263/7263
f 7196/7196 7262/7262 7195/7195
f 8070/8070 8004/8004 8071/8071
f 8004/8004 8070/8070 8003/8003
f 8063/8063 7996/7996 7997/7997
f 8064/8064 8063/8063 7997/7997
f 8130/8130 8063/8063 8131/8131
f 8063/8063 8064/8064 8131/8131
f 7996/7996 8063/8063 7995/7995
f 8063/8063 8062/8062 7995/7995
f 8063/8063 8130/8130 8129/8129
f 8062/8062 8063/8063 8129/8129
f 6668/6668 6667/6667 6617/6617
f 6618/6618 6668/6668 6617/6617
f 6734/6734 6668/6668 6735/6735
f 6667/6667 6668/6668 6734/6734
f 6668/6668 6618/6618 6619/6619
f 6669/6669 6668/6668 6619/6619
f 6668/6668 6736/6736 6735/6735
f 6668/6668 6669/6669 6736/6736
f 6737/6737 6670/6670 6738/6738
f 6738/6738 6670/6670 6671/6671
f 6670/6670 6621/6621 6671/6671
f 6621/6621 6670/6670 6620/6620
f 6670/6670 6737/6737 6736/6736
f 6669/6669 6670/6670 6736/6736
f 6620/6620 6670/6670 6619/6619
f 6670/6670 6669/6669 6619/6619
f 6516/6516 6467/6467 6517/6517
f 6467/6467 6516/6516 6466/6466
f 6566/6566 6516/6516 6567/6567
f 6567/6567 6516/6516 6517/6517
f 7002/7002 6936/6936 7003/7003
f 6936/6936 7002/7002 6935/6935
f 6937/6937 6936/6936 6870/6870
f 6936/6936 6869/6869 6870/6870
f 6869/6869 6936/6936 6868/6868
f 6868/6868 6936/6936 6935/6935
f 6864/6864 6931/6931 6930/6930
f 6864/6864 6930/6930 6863/6863
f 7067/7067 7000/7000 7068/7068
f 7068/7068 7000/7000 7001/7001
f 7002/7002 6934/6934 6935/6935
f 6934/6934 7002/7002 7001/7001
f 6868/6868 6934/6934 6867/6867
f 6934/6934 6868/6868 6935/6935
f 6934/6934 7000/7000 6933/6933
f 7000/7000 6934/6934 7001/7001
f 6866/6866 6934/6934 6933/6933
f 6934/6934 6866/6866 6867/6867
f 6800/6800 6866/6866 6799/6799
f 6866/6866 6800/6800 6867/6867
f 6866/6866 6798/6798 6799/6799
f 6798/6798 6866/6866 6865/6865
f 6664/6664 6613/6613 6614/6614
f 6613/6613 6664/6664 6663/6663
f 6615/6615 6664/6664 6614/6614
f 6665/6665 6664/6664 6615/6615
f 4005/4005 4004/4004 3940/3940
f 4004/4004 3939/3939 3940/3940
f 7077/7077 7009/7009 7010/7010
f 7009/7009 7077/7077 7076/7076
f 7078/7078 7077/7077 7011/7011
f 7077/7077 7010/7010 7011/7011
f 7082/7082 7014/7014 7015/7015
f 7014/7014 7082/7082 7081/7081
f 7014/7014 7013/7013 6946/6946
f 6947/6947 7014/7014 6946/6946
f 7080/7080 7014/7014 7081/7081
f 7013/7013 7014/7014 7080/7080
f 7149/7149 7148/7148 7081/7081
f 7082/7082 7149/7149 7081/7081
f 6881/6881 6814/6814 6815/6815
f 6882/6882 6881/6881 6815/6815
f 6745/6745 6746/6746 6812/6812
f 6812/6812 6746/6746 6813/6813
f 6746/6746 6747/6747 6814/6814
f 6746/6746 6814/6814 6813/6813
f 7088/7088 7089/7089 7156/7156
f 7088/7088 7156/7156 7155/7155
f 7222/7222 7221/7221 7155/7155
f 7221/7221 7154/7154 7155/7155
f 7416/7416 7349/7349 7417/7417
f 7349/7349 7350/7350 7417/7417
f 7415/7415 7349/7349 7416/7416
f 7349/7349 7415/7415 7348/7348
f 7350/7350 7349/7349 7283/7283
f 7349/7349 7282/7282 7283/7283
f 7282/7282 7349/7349 7281/7281
f 7281/7281 7349/7349 7348/7348
f 7414/7414 7482/7482 7481/7481
f 7414/7414 7415/7415 7482/7482
f 8071/8071 8005/8005 8072/8072
f 8004/8004 8005/8005 8071/8071
f 8005/8005 7937/7937 7938/7938
f 8005/8005 8004/8004 7937/7937
f 7937/7937 7871/7871 7938/7938
f 7870/7870 7871/7871 7937/7937
f 8141/8141 8209/8209 8208/8208
f 8141/8141 8142/8142 8209/8209
f 8142/8142 8141/8141 8075/8075
f 8141/8141 8074/8074 8075/8075
f 7673/7673 7607/7607 7674/7674
f 7607/7607 7673/7673 7606/7606
f 8008/8008 8076/8076 8075/8075
f 8076/8076 8008/8008 8009/8009
f 8005/8005 8006/8006 8072/8072
f 8006/8006 8073/8073 8072/8072
f 7738/7738 7670/7670 7671/7671
f 7738/7738 7737/7737 7670/7670
f 7069/7069 7137/7137 7136/7136
f 7070/7070 7137/7137 7069/7069
f 7140/7140 7072/7072 7073/7073
f 7072/7072 7140/7140 7139/7139
f 7605/7605 7537/7537 7538/7538
f 7604/7604 7537/7537 7605/7605
f 7537/7537 7603/7603 7536/7536
f 7603/7603 7537/7537 7604/7604
f 7402/7402 7401/7401 7334/7334
f 7335/7335 7402/7402 7334/7334
f 7479/7479 7480/7480 7547/7547
f 7479/7479 7547/7547 7546/7546
f 7479/7479 7545/7545 7478/7478
f 7545/7545 7479/7479 7546/7546
f 7411/7411 7479/7479 7478/7478
f 7412/7412 7479/7479 7411/7411
f 7344/7344 7412/7412 7411/7411
f 7412/7412 7344/7344 7345/7345
f 7278/7278 7344/7344 7277/7277
f 7344/7344 7278/7278 7345/7345
f 7344/7344 7411/7411 7410/7410
f 7343/7343 7344/7344 7410/7410
f 7344/7344 7276/7276 7277/7277
f 7344/7344 7343/7343 7276/7276
f 7476/7476 7477/7477 7544/7544
f 7543/7543 7476/7476 7544/7544
f 7476/7476 7542/7542 7475/7475
f 7476/7476 7543/7543 7542/7542
f 7477/7477 7476/7476 7410/7410
f 7476/7476 7409/7409 7410/7410
f 7409/7409 7476/7476 7408/7408
f 7476/7476 7475/7475 7408/7408
f 7203/7203 7135/7135 7136/7136
f 7135/7135 7203/7203 7202/7202
f 7137/7137 7203/7203 7136/7136
f 7203/7203 7137/7137 7204/7204
f 7272/7272 7206/7206 7273/7273
f 7206/7206 7272/7272 7205/7205
f 7272/7272 7204/7204 7205/7205
f 7272/7272 7271/7271 7204/7204
f 7474/7474 7407/7407 7475/7475
f 7475/7475 7407/7407 7408/7408
f 7341/7341 7407/7407 7340/7340
f 7407/7407 7341/7341 7408/7408
f 7473/7473 7407/7407 7474/7474
f 7407/7407 7473/7473 7406/7406
f 7539/7539 7473/7473 7540/7540
f 7473/7473 7539/7539 7472/7472
f 7473/7473 7474/7474 7541/7541
f 7540/7540 7473/7473 7541/7541
f 7615/7615 7683/7683 7682/7682
f 7683/7683 7615/7615 7616/7616
f 7549/7549 7615/7615 7548/7548
f 7615/7615 7549/7549 7616/7616
f 7681/7681 7615/7615 7682/7682
f 7614/7614 7615/7615 7681/7681
f 7548/7548 7615/7615 7547/7547
f 7615/7615 7614/7614 7547/7547
f 7679/7679 7612/7612 7680/7680
f 7612/7612 7613/7613 7680/7680
f 7613/7613 7612/7612 7546/7546
f 7612/7612 7545/7545 7546/7546
f 7545/7545 7612/7612 7544/7544
f 7612/7612 7611/7611 7544/7544
f 7744/7744 7678/7678 7745/7745
f 7678/7678 7744/7744 7677/7677
f 7612/7612 7678/7678 7611/7611
f 7678/7678 7612/7612 7679/7679
f 7678/7678 7679/7679 7746/7746
f 7745/7745 7678/7678 7746/7746
f 7610/7610 7678/7678 7677/7677
f 7611/7611 7678/7678 7610/7610
f 7898/7898 7964/7964 7897/7897
f 7964/7964 7898/7898 7965/7965
f 7898/7898 7966/7966 7965/7965
f 7898/7898 7899/7899 7966/7966
f 7758/7758 7691/7691 7759/7759
f 7759/7759 7691/7691 7692/7692
f 7756/7756 7757/7757 7823/7823
f 7757/7757 7824/7824 7823/7823
f 7757/7757 7758/7758 7825/7825
f 7824/7824 7757/7757 7825/7825
f 7757/7757 7691/7691 7758/7758
f 7691/7691 7757/7757 7690/7690
f 7629/7629 7695/7695 7628/7628
f 7695/7695 7629/7629 7696/7696
f 7694/7694 7695/7695 7761/7761
f 7695/7695 7762/7762 7761/7761
f 7695/7695 7763/7763 7762/7762
f 7763/7763 7695/7695 7696/7696
f 7353/7353 7419/7419 7352/7352
f 7419/7419 7353/7353 7420/7420
f 7487/7487 7419/7419 7420/7420
f 7486/7486 7419/7419 7487/7487
f 7484/7484 7485/7485 7551/7551
f 7485/7485 7552/7552 7551/7551
f 7485/7485 7486/7486 7553/7553
f 7552/7552 7485/7485 7553/7553
f 7624/7624 7625/7625 7692/7692
f 7691/7691 7624/7624 7692/7692
f 8026/8026 7958/7958 7959/7959
f 7958/7958 8026/8026 8025/8025
f 7958/7958 7892/7892 7959/7959
f 7958/7958 7891/7891 7892/7892
f 7684/7684 7617/7617 7618/7618
f 7684/7684 7618/7618 7685/7685
f 7617/7617 7684/7684 7616/7616
f 7684/7684 7683/7683 7616/7616
f 7619/7619 7618/7618 7551/7551
f 7552/7552 7619/7619 7551/7551
f 7620/7620 7619/7619 7553/7553
f 7619/7619 7552/7552 7553/7553
f 7757/7757 7689/7689 7690/7690
f 7689/7689 7757/7757 7756/7756
f 7689/7689 7621/7621 7622/7622
f 7689/7689 7688/7688 7621/7621
f 7689/7689 7755/7755 7688/7688
f 7755/7755 7689/7689 7756/7756
f 7755/7755 7756/7756 7823/7823
f 7822/7822 7755/7755 7823/7823
f 7755/7755 7822/7822 7821/7821
f 7754/7754 7755/7755 7821/7821
f 7688/7688 7755/7755 7687/7687
f 7755/7755 7754/7754 7687/7687
f 8016/8016 7949/7949 7950/7950
f 8016/8016 7950/7950 8017/8017
f 8016/8016 7948/7948 7949/7949
f 7948/7948 8016/8016 8015/8015
f 7947/7947 7948/7948 8014/8014
f 7948/7948 8015/8015 8014/8014
f 7949/7949 7948/7948 7882/7882
f 7948/7948 7881/7881 7882/7882
f 7880/7880 7948/7948 7947/7947
f 7881/7881 7948/7948 7880/7880
f 8087/8087 8020/8020 8021/8021
f 8088/8088 8087/8087 8021/8021
f 8154/8154 8087/8087 8155/8155
f 8087/8087 8088/8088 8155/8155
f 8087/8087 8086/8086 8019/8019
f 8020/8020 8087/8087 8019/8019
f 8087/8087 8154/8154 8153/8153
f 8086/8086 8087/8087 8153/8153
f 7819/7819 7887/7887 7886/7886
f 7887/7887 7819/7819 7820/7820
f 7753/7753 7754/7754 7821/7821
f 7753/7753 7821/7821 7820/7820
f 7819/7819 7753/7753 7820/7820
f 7753/7753 7819/7819 7752/7752
f 7953/7953 7952/7952 7886/7886
f 7952/7952 7885/7885 7886/7886
f 7952/7952 8020/8020 8019/8019
f 7952/7952 7953/7953 8020/8020
f 7885/7885 7952/7952 7884/7884
f 7952/7952 7951/7951 7884/7884
f 8018/8018 7952/7952 8019/8019
f 7951/7951 7952/7952 8018/8018
f 8215/8215 8283/8283 8282/8282
f 8215/8215 8216/8216 8283/8283
f 8215/8215 8281/8281 8214/8214
f 8281/8281 8215/8215 8282/8282
f 8147/8147 8215/8215 8214/8214
f 8148/8148 8215/8215 8147/8147
f 4706/4706 4638/4638 4639/4639
f 4638/4638 4706/4706 4705/4705
f 4639/4639 4638/4638 4572/4572
f 4638/4638 4571/4571 4572/4572
f 4638/4638 4637/4637 4570/4570
f 4571/4571 4638/4638 4570/4570
f 4428/4428 4360/4360 4361/4361
f 4360/4360 4428/4428 4427/4427
f 4432/4432 4366/4366 4433/4433
f 4365/4365 4366/4366 4432/4432
f 4366/4366 4434/4434 4433/4433
f 4434/4434 4366/4366 4367/4367
f 4366/4366 4299/4299 4300/4300
f 4366/4366 4300/4300 4367/4367
f 4366/4366 4298/4298 4299/4299
f 4298/4298 4366/4366 4365/4365
f 4230/4230 4298/4298 4297/4297
f 4298/4298 4230/4230 4231/4231
f 4298/4298 4364/4364 4297/4297
f 4364/4364 4298/4298 4365/4365
f 4232/4232 4298/4298 4231/4231
f 4299/4299 4298/4298 4232/4232
f 4437/4437 4369/4369 4370/4370
f 4369/4369 4437/4437 4436/4436
f 4369/4369 4303/4303 4370/4370
f 4369/4369 4302/4302 4303/4303
f 4638/4638 4704/4704 4637/4637
f 4704/4704 4638/4638 4705/4705
f 4636/4636 4704/4704 4703/4703
f 4704/4704 4636/4636 4637/4637
f 4772/4772 4704/4704 4705/4705
f 4771/4771 4704/4704 4772/4772
f 4704/4704 4770/4770 4703/4703
f 4704/4704 4771/4771 4770/4770
f 4842/4842 4775/4775 4776/4776
f 4843/4843 4842/4842 4776/4776
f 4775/4775 4842/4842 4774/4774
f 4842/4842 4841/4841 4774/4774
f 5111/5111 5043/5043 5044/5044
f 5043/5043 5111/5111 5110/5110
f 4840/4840 4908/4908 4907/4907
f 4841/4841 4908/4908 4840/4840
f 4989/4989 4923/4923 4990/4990
f 4923/4923 4989/4989 4922/4922
f 5258/5258 5326/5326 5325/5325
f 5326/5326 5258/5258 5259/5259
f 5324/5324 5258/5258 5325/5325
f 5257/5257 5258/5258 5324/5324
f 5127/5127 5195/5195 5194/5194
f 5195/5195 5127/5127 5128/5128
f 5061/5061 4995/4995 5062/5062
f 5061/5061 4994/4994 4995/4995
f 5129/5129 5061/5061 5062/5062
f 5061/5061 5129/5129 5128/5128
f 4994/4994 5061/5061 4993/4993
f 5061/5061 5060/5060 4993/4993
f 5061/5061 5127/5127 5060/5060
f 5127/5127 5061/5061 5128/5128
f 4793/4793 4861/4861 4860/4860
f 4794/4794 4861/4861 4793/4793
f 4861/4861 4928/4928 4927/4927
f 4860/4860 4861/4861 4927/4927
f 4861/4861 4794/4794 4795/4795
f 4862/4862 4861/4861 4795/4795
f 4861/4861 4929/4929 4928/4928
f 4861/4861 4862/4862 4929/4929
f 6000/6000 6049/6049 5999/5999
f 6050/6050 6049/6049 6000/6000
f 6147/6147 6097/6097 6098/6098
f 6148/6148 6147/6147 6098/6098
f 6094/6094 6043/6043 6044/6044
f 6043/6043 6094/6094 6093/6093
f 5845/5845 5794/5794 5795/5795
f 5794/5794 5845/5845 5844/5844
f 5794/5794 5727/5727 5728/5728
f 5795/5795 5794/5794 5728/5728
f 5845/5845 5894/5894 5844/5844
f 5894/5894 5845/5845 5895/5895
f 5892/5892 5841/5841 5842/5842
f 5841/5841 5892/5892 5891/5891
f 5843/5843 5794/5794 5844/5844
f 5794/5794 5843/5843 5793/5793
f 5843/5843 5842/5842 5792/5792
f 5843/5843 5792/5792 5793/5793
f 5892/5892 5843/5843 5893/5893
f 5843/5843 5892/5892 5842/5842
f 5894/5894 5843/5843 5844/5844
f 5843/5843 5894/5894 5893/5893
f 6299/6299 6249/6249 6300/6300
f 6300/6300 6249/6249 6250/6250
f 6200/6200 6249/6249 6199/6199
f 6249/6249 6200/6200 6250/6250
f 6199/6199 6249/6249 6198/6198
f 6249/6249 6248/6248 6198/6198
f 6385/6385 6384/6384 6335/6335
f 6384/6384 6334/6334 6335/6335
f 6330/6330 6279/6279 6280/6280
f 6279/6279 6330/6330 6329/6329
f 6330/6330 6281/6281 6331/6331
f 6281/6281 6330/6330 6280/6280
f 6546/6546 6496/6496 6497/6497
f 6546/6546 6497/6497 6547/6547
f 6784/6784 6716/6716 6717/6717
f 6716/6716 6784/6784 6783/6783
f 6650/6650 6716/6716 6649/6649
f 6717/6717 6716/6716 6650/6650
f 6715/6715 6716/6716 6782/6782
f 6716/6716 6783/6783 6782/6782
f 6716/6716 6648/6648 6649/6649
f 6716/6716 6715/6715 6648/6648
f 6849/6849 6781/6781 6782/6782
f 6781/6781 6849/6849 6848/6848
f 6916/6916 6849/6849 6917/6917
f 6849/6849 6850/6850 6917/6917
f 6783/6783 6849/6849 6782/6782
f 6850/6850 6849/6849 6783/6783
f 6389/6389 6388/6388 6338/6338
f 6339/6339 6389/6389 6338/6338
f 6593/6593 6542/6542 6543/6543
f 6592/6592 6542/6542 6593/6593
f 6492/6492 6493/6493 6543/6543
f 6542/6542 6492/6492 6543/6543
f 6392/6392 6341/6341 6342/6342
f 6392/6392 6391/6391 6341/6341
f 6435/6435 6484/6484 6434/6434
f 6484/6484 6435/6435 6485/6485
f 6435/6435 6384/6384 6385/6385
f 6384/6384 6435/6435 6434/6434
f 6641/6641 6640/6640 6591/6591
f 6640/6640 6590/6590 6591/6591
f 6389/6389 6438/6438 6388/6388
f 6438/6438 6389/6389 6439/6439
f 6438/6438 6439/6439 6489/6489
f 6488/6488 6438/6438 6489/6489
f 7384/7384 7316/7316 7317/7317
f 7383/7383 7316/7316 7384/7384
f 7179/7179 7111/7111 7112/7112
f 7111/7111 7179/7179 7178/7178
f 7115/7115 7114/7114 7048/7048
f 7114/7114 7047/7047 7048/7048
f 7114/7114 7115/7115 7182/7182
f 7181/7181 7114/7114 7182/7182
f 6979/6979 6912/6912 6913/6913
f 6979/6979 6913/6913 6980/6980
f 6849/6849 6915/6915 6848/6848
f 6915/6915 6849/6849 6916/6916
f 6592/6592 6643/6643 6642/6642
f 6643/6643 6592/6592 6593/6593
f 6594/6594 6643/6643 6593/6593
f 6644/6644 6643/6643 6594/6594
f 6844/6844 6777/6777 6778/6778
f 6844/6844 6778/6778 6845/6845
f 6776/6776 6708/6708 6709/6709
f 6776/6776 6775/6775 6708/6708
f 6776/6776 6844/6844 6843/6843
f 6844/6844 6776/6776 6777/6777
f 7177/7177 7245/7245 7244/7244
f 7245/7245 7177/7177 7178/7178
f 7177/7177 7111/7111 7178/7178
f 7111/7111 7177/7177 7110/7110
f 7177/7177 7244/7244 7243/7243
f 7176/7176 7177/7177 7243/7243
f 7177/7177 7109/7109 7110/7110
f 7109/7109 7177/7177 7176/7176
f 2286/2286 2352/2352 2351/2351
f 2352/2352 2286/2286 2287/2287
f 2233/2233 2234/2234 2287/2287
f 2286/2286 2233/2233 2287/2287
f 2233/2233 2190/2190 2234/2234
f 2190/2190 2233/2233 2189/2189
f 2146/2146 2190/2190 2189/2189
f 2190/2190 2146/2146 2147/2147
f 2190/2190 2148/2148 2191/2191
f 2148/2148 2190/2190 2147/2147
f 1920/1920 1969/1969 1919/1919
f 1970/1970 1969/1969 1920/1920
f 3257/3257 3258/3258 3322/3322
f 3258/3258 3323/3323 3322/3322
f 2407/2407 2406/2406 2341/2341
f 2407/2407 2341/2341 2342/2342
f 2473/2473 2407/2407 2408/2408
f 2407/2407 2473/2473 2472/2472
f 2343/2343 2407/2407 2342/2342
f 2407/2407 2343/2343 2408/2408
f 2603/2603 2539/2539 2604/2604
f 2539/2539 2603/2603 2538/2538
f 1638/1638 1637/1637 1572/1572
f 1638/1638 1572/1572 1573/1573
f 4311/4311 4243/4243 4244/4244
f 4243/4243 4311/4311 4310/4310
f 4311/4311 4377/4377 4310/4310
f 4377/4377 4311/4311 4378/4378
f 4311/4311 4244/4244 4245/4245
f 4312/4312 4311/4311 4245/4245
f 4452/4452 4384/4384 4385/4385
f 4384/4384 4452/4452 4451/4451
f 4379/4379 4311/4311 4312/4312
f 4311/4311 4379/4379 4378/4378
f 4379/4379 4312/4312 4313/4313
f 4379/4379 4313/4313 4380/4380
f 4379/4379 4445/4445 4378/4378
f 4445/4445 4379/4379 4446/4446
f 4308/4308 4242/4242 4309/4309
f 4242/4242 4308/4308 4241/4241
f 4242/4242 4174/4174 4175/4175
f 4174/4174 4242/4242 4241/4241
f 4309/4309 4242/4242 4310/4310
f 4242/4242 4243/4243 4310/4310
f 4176/4176 4242/4242 4175/4175
f 4243/4243 4242/4242 4176/4176
f 4846/4846 4912/4912 4845/4845
f 4846/4846 4913/4913 4912/4912
f 4711/4711 4710/4710 4643/4643
f 4644/4644 4711/4711 4643/4643
f 4711/4711 4644/4644 4645/4645
f 4711/4711 4645/4645 4712/4712
f 4711/4711 4777/4777 4710/4710
f 4777/4777 4711/4711 4778/4778
f 4843/4843 4777/4777 4844/4844
f 4777/4777 4843/4843 4776/4776
f 4710/4710 4777/4777 4709/4709
f 4709/4709 4777/4777 4776/4776
f 4844/4844 4777/4777 4845/4845
f 4777/4777 4778/4778 4845/4845
f 4507/4507 4575/4575 4574/4574
f 4508/4508 4575/4575 4507/4507
f 4575/4575 4641/4641 4574/4574
f 4641/4641 4575/4575 4642/4642
f 4575/4575 4508/4508 4509/4509
f 4576/4576 4575/4575 4509/4509
f 4642/4642 4575/4575 4643/4643
f 4575/4575 4576/4576 4643/4643
f 5050/5050 5118/5118 5117/5117
f 5118/5118 5050/5050 5051/5051
f 5116/5116 5050/5050 5117/5117
f 5049/5049 5050/5050 5116/5116
f 5187/5187 5119/5119 5120/5120
f 5119/5119 5187/5187 5186/5186
f 5119/5119 5186/5186 5185/5185
f 5118/5118 5119/5119 5185/5185
f 4985/4985 4984/4984 4918/4918
f 4918/4918 4984/4984 4917/4917
f 4789/4789 4721/4721 4722/4722
f 4721/4721 4789/4789 4788/4788
f 4722/4722 4721/4721 4655/4655
f 4721/4721 4654/4654 4655/4655
f 4721/4721 4720/4720 4653/4653
f 4654/4654 4721/4721 4653/4653
f 4853/4853 4919/4919 4852/4852
f 4919/4919 4853/4853 4920/4920
f 4320/4320 4319/4319 4253/4253
f 4319/4319 4252/4252 4253/4253
f 4251/4251 4319/4319 4318/4318
f 4252/4252 4319/4319 4251/4251
f 4319/4319 4320/4320 4387/4387
f 4386/4386 4319/4319 4387/4387
f 4319/4319 4386/4386 4385/4385
f 4319/4319 4385/4385 4318/4318
f 4651/4651 4585/4585 4652/4652
f 4585/4585 4651/4651 4584/4584
f 4652/4652 4585/4585 4653/4653
f 4585/4585 4586/4586 4653/4653
f 4585/4585 4518/4518 4519/4519
f 4586/4586 4585/4585 4519/4519
f 4586/4586 4587/4587 4653/4653
f 4587/4587 4654/4654 4653/4653
f 4587/4587 4588/4588 4655/4655
f 4654/4654 4587/4587 4655/4655
f 4587/4587 4586/4586 4519/4519
f 4520/4520 4587/4587 4519/4519
f 4588/4588 4587/4587 4521/4521
f 4587/4587 4520/4520 4521/4521
f 5731/5731 5665/5665 5732/5732
f 5731/5731 5664/5664 5665/5665
f 5799/5799 5731/5731 5732/5732
f 5798/5798 5731/5731 5799/5799
f 5731/5731 5798/5798 5797/5797
f 5731/5731 5797/5797 5730/5730
f 5849/5849 5798/5798 5799/5799
f 5798/5798 5849/5849 5848/5848
f 5390/5390 5322/5322 5323/5323
f 5389/5389 5322/5322 5390/5390
f 5322/5322 5255/5255 5256/5256
f 5322/5322 5256/5256 5323/5323
f 5321/5321 5322/5322 5388/5388
f 5322/5322 5389/5389 5388/5388
f 5322/5322 5321/5321 5254/5254
f 5322/5322 5254/5254 5255/5255
f 5588/5588 5587/5587 5520/5520
f 5521/5521 5588/5588 5520/5520
f 5588/5588 5654/5654 5587/5587
f 5654/5654 5588/5588 5655/5655
f 5588/5588 5521/5521 5522/5522
f 5589/5589 5588/5588 5522/5522
f 5384/5384 5450/5450 5383/5383
f 5450/5450 5384/5384 5451/5451
f 5316/5316 5384/5384 5383/5383
f 5384/5384 5316/5316 5317/5317
f 5384/5384 5317/5317 5318/5318
f 5385/5385 5384/5384 5318/5318
f 5452/5452 5384/5384 5385/5385
f 5384/5384 5452/5452 5451/5451
f 5452/5452 5520/5520 5519/5519
f 5520/5520 5452/5452 5453/5453
f 5518/5518 5452/5452 5519/5519
f 5451/5451 5452/5452 5518/5518
f 5452/5452 5385/5385 5386/5386
f 5452/5452 5386/5386 5453/5453
f 5523/5523 5455/5455 5456/5456
f 5455/5455 5523/5523 5522/5522
f 5389/5389 5455/5455 5388/5388
f 5456/5456 5455/5455 5389/5389
f 5454/5454 5455/5455 5521/5521
f 5521/5521 5455/5455 5522/5522
f 5455/5455 5387/5387 5388/5388
f 5455/5455 5454/5454 5387/5387
f 5724/5724 5725/5725 5791/5791
f 5725/5725 5792/5792 5791/5791
f 5330/5330 5397/5397 5396/5396
f 5330/5330 5396/5396 5329/5329
f 5263/5263 5330/5330 5262/5262
f 5262/5262 5330/5330 5329/5329
f 5330/5330 5263/5263 5264/5264
f 5331/5331 5330/5330 5264/5264
f 5398/5398 5330/5330 5331/5331
f 5330/5330 5398/5398 5397/5397
f 5398/5398 5466/5466 5465/5465
f 5466/5466 5398/5398 5399/5399
f 5464/5464 5398/5398 5465/5465
f 5397/5397 5398/5398 5464/5464
f 5398/5398 5332/5332 5399/5399
f 5398/5398 5331/5331 5332/5332
f 5731/5731 5663/5663 5664/5664
f 5663/5663 5731/5731 5730/5730
f 5664/5664 5663/5663 5597/5597
f 5663/5663 5596/5596 5597/5597
f 5448/5448 5516/5516 5515/5515
f 5516/5516 5448/5448 5449/5449
f 5447/5447 5448/5448 5514/5514
f 5448/5448 5515/5515 5514/5514
f 5516/5516 5582/5582 5515/5515
f 5582/5582 5516/5516 5583/5583
f 5786/5786 5719/5719 5720/5720
f 5787/5787 5786/5786 5720/5720
f 5935/5935 5986/5986 5985/5985
f 5986/5986 5935/5935 5936/5936
f 5937/5937 5986/5986 5936/5936
f 5986/5986 5937/5937 5987/5987
f 5986/5986 5987/5987 6037/6037
f 6036/6036 5986/5986 6037/6037
f 6084/6084 6035/6035 6085/6085
f 6035/6035 6084/6084 6034/6034
f 5984/5984 6035/6035 6034/6034
f 6035/6035 5984/5984 5985/5985
f 6035/6035 5986/5986 6036/6036
f 5986/5986 6035/6035 5985/5985
f 6030/6030 6079/6079 6029/6029
f 6080/6080 6079/6079 6030/6030
f 6130/6130 6080/6080 6081/6081
f 6131/6131 6130/6130 6081/6081
f 6084/6084 6134/6134 6083/6083
f 6083/6083 6134/6134 6133/6133
f 6082/6082 6131/6131 6081/6081
f 6082/6082 6132/6132 6131/6131
f 6082/6082 6083/6083 6133/6133
f 6132/6132 6082/6082 6133/6133
f 6040/6040 6091/6091 6090/6090
f 6091/6091 6040/6040 6041/6041
f 6190/6190 6139/6139 6140/6140
f 6139/6139 6190/6190 6189/6189
f 6089/6089 6139/6139 6088/6088
f 6139/6139 6138/6138 6088/6088
f 6188/6188 6139/6139 6189/6189
f 6139/6139 6188/6188 6138/6138
f 6090/6090 6139/6139 6089/6089
f 6140/6140 6139/6139 6090/6090
f 5988/5988 5937/5937 5938/5938
f 5937/5937 5988/5988 5987/5987
f 5987/5987 5988/5988 6037/6037
f 5988/5988 6038/6038 6037/6037
f 5105/5105 5104/5104 5038/5038
f 5104/5104 5037/5037 5038/5038
f 5170/5170 5104/5104 5171/5171
f 5103/5103 5104/5104 5170/5170
f 5036/5036 5104/5104 5103/5103
f 5104/5104 5036/5036 5037/5037
f 4968/4968 5036/5036 5035/5035
f 5036/5036 4968/4968 4969/4969
f 4970/4970 5036/5036 4969/4969
f 5036/5036 4970/4970 5037/5037
f 5035/5035 5036/5036 5102/5102
f 5036/5036 5103/5103 5102/5102
f 4967/4967 4900/4900 4901/4901
f 4968/4968 4967/4967 4901/4901
f 5040/5040 4972/4972 4973/4973
f 4972/4972 5040/5040 5039/5039
f 4972/4972 4905/4905 4906/4906
f 4972/4972 4906/4906 4973/4973
f 4974/4974 4906/4906 4907/4907
f 4906/4906 4974/4974 4973/4973
f 4908/4908 4974/4974 4907/4907
f 4974/4974 4908/4908 4975/4975
f 4895/4895 4828/4828 4829/4829
f 4896/4896 4895/4895 4829/4829
f 4828/4828 4895/4895 4827/4827
f 4895/4895 4894/4894 4827/4827
f 4836/4836 4902/4902 4835/4835
f 4902/4902 4836/4836 4903/4903
f 4836/4836 4835/4835 4768/4768
f 4836/4836 4768/4768 4769/4769
f 4836/4836 4837/4837 4904/4904
f 4903/4903 4836/4836 4904/4904
f 4770/4770 4836/4836 4769/4769
f 4837/4837 4836/4836 4770/4770
f 5250/5250 5249/5249 5183/5183
f 5249/5249 5182/5182 5183/5183
f 5249/5249 5250/5250 5317/5317
f 5316/5316 5249/5249 5317/5317
f 4498/4498 4566/4566 4565/4565
f 4566/4566 4498/4498 4499/4499
f 4764/4764 4696/4696 4697/4697
f 4696/4696 4764/4764 4763/4763
f 4697/4697 4696/4696 4630/4630
f 4696/4696 4629/4629 4630/4630
f 4563/4563 4631/4631 4630/4630
f 4631/4631 4563/4563 4564/4564
f 4496/4496 4563/4563 4495/4495
f 4563/4563 4562/4562 4495/4495
f 4562/4562 4563/4563 4629/4629
f 4629/4629 4563/4563 4630/4630
f 4425/4425 4491/4491 4424/4424
f 4491/4491 4425/4425 4492/4492
f 4892/4892 4959/4959 4891/4891
f 4891/4891 4959/4959 4958/4958
f 5094/5094 5095/5095 5162/5162
f 5161/5161 5094/5094 5162/5162
f 5094/5094 5160/5160 5093/5093
f 5160/5160 5094/5094 5161/5161
f 5094/5094 5028/5028 5095/5095
f 5028/5028 5094/5094 5027/5027
f 5095/5095 5028/5028 5096/5096
f 5028/5028 5029/5029 5096/5096
f 5294/5294 5295/5295 5361/5361
f 5295/5295 5362/5362 5361/5361
f 5295/5295 5363/5363 5362/5362
f 5363/5363 5295/5295 5296/5296
f 5295/5295 5294/5294 5227/5227
f 5228/5228 5295/5295 5227/5227
f 5295/5295 5228/5228 5229/5229
f 5295/5295 5229/5229 5296/5296
f 4830/4830 4764/4764 4831/4831
f 4764/4764 4830/4830 4763/4763
f 4762/4762 4830/4830 4829/4829
f 4830/4830 4762/4762 4763/4763
f 4898/4898 4830/4830 4831/4831
f 4897/4897 4830/4830 4898/4898
f 4830/4830 4897/4897 4896/4896
f 4830/4830 4896/4896 4829/4829
f 5231/5231 5232/5232 5298/5298
f 5232/5232 5299/5299 5298/5298
f 5232/5232 5233/5233 5300/5300
f 5299/5299 5232/5232 5300/5300
f 5232/5232 5231/5231 5164/5164
f 5165/5165 5232/5232 5164/5164
f 5232/5232 5166/5166 5233/5233
f 5232/5232 5165/5165 5166/5166
f 5098/5098 5031/5031 5032/5032
f 5099/5099 5098/5098 5032/5032
f 5166/5166 5098/5098 5099/5099
f 5165/5165 5098/5098 5166/5166
f 5031/5031 5098/5098 5030/5030
f 5098/5098 5097/5097 5030/5030
f 5097/5097 5098/5098 5164/5164
f 5098/5098 5165/5165 5164/5164
f 5172/5172 5104/5104 5105/5105
f 5104/5104 5172/5172 5171/5171
f 5172/5172 5238/5238 5171/5171
f 5172/5172 5239/5239 5238/5238
f 171/171 106/106 107/107
f 172/172 171/171 107/107
f 179/179 115/115 180/180
f 115/115 179/179 114/114
f 180/180 115/115 181/181
f 115/115 116/116 181/181
f 179/179 113/113 114/114
f 113/113 179/179 178/178
f 5366/5366 5299/5299 5300/5300
f 5367/5367 5366/5366 5300/5300
f 5366/5366 5365/5365 5298/5298
f 5299/5299 5366/5366 5298/5298
f 5363/5363 5364/5364 5430/5430
f 5364/5364 5431/5431 5430/5430
f 5831/5831 5830/5830 5781/5781
f 5830/5830 5780/5780 5781/5781
f 5779/5779 5830/5830 5829/5829
f 5830/5830 5779/5779 5780/5780
f 5830/5830 5831/5831 5881/5881
f 5880/5880 5830/5830 5881/5881
f 5830/5830 5880/5880 5879/5879
f 5830/5830 5879/5879 5829/5829
f 5880/5880 5931/5931 5930/5930
f 5931/5931 5880/5880 5881/5881
f 5930/5930 5931/5931 5980/5980
f 5931/5931 5981/5981 5980/5980
f 5777/5777 5776/5776 5709/5709
f 5710/5710 5777/5777 5709/5709
f 5707/5707 5773/5773 5706/5706
f 5707/5707 5774/5774 5773/5773
f 5707/5707 5706/5706 5639/5639
f 5707/5707 5639/5639 5640/5640
f 5707/5707 5708/5708 5775/5775
f 5774/5774 5707/5707 5775/5775
f 5708/5708 5707/5707 5641/5641
f 5641/5641 5707/5707 5640/5640
f 5572/5572 5573/5573 5639/5639
f 5639/5639 5573/5573 5640/5640
f 5573/5573 5572/5572 5505/5505
f 5506/5506 5573/5573 5505/5505
f 5238/5238 5306/5306 5305/5305
f 5239/5239 5306/5306 5238/5238
f 5577/5577 5645/5645 5644/5644
f 5577/5577 5578/5578 5645/5645
f 5511/5511 5577/5577 5510/5510
f 5577/5577 5511/5511 5578/5578
f 5643/5643 5577/5577 5644/5644
f 5576/5576 5577/5577 5643/5643
f 4214/4214 4282/4282 4281/4281
f 4282/4282 4214/4214 4215/4215
f 4216/4216 4282/4282 4215/4215
f 4283/4283 4282/4282 4216/4216
f 4285/4285 4351/4351 4284/4284
f 4351/4351 4285/4285 4352/4352
f 4933/4933 4867/4867 4934/4934
f 4867/4867 4933/4933 4866/4866
f 4867/4867 4866/4866 4799/4799
f 4800/4800 4867/4867 4799/4799
f 4867/4867 4801/4801 4868/4868
f 4867/4867 4800/4800 4801/4801
f 4598/4598 4597/4597 4530/4530
f 4531/4531 4598/4598 4530/4530
f 4597/4597 4598/4598 4664/4664
f 4598/4598 4665/4665 4664/4664
f 4731/4731 4732/4732 4798/4798
f 4798/4798 4732/4732 4799/4799
f 4732/4732 4731/4731 4664/4664
f 4665/4665 4732/4732 4664/4664
f 4667/4667 4735/4735 4734/4734
f 4735/4735 4667/4667 4668/4668
f 4667/4667 4601/4601 4668/4668
f 4667/4667 4600/4600 4601/4601
f 4600/4600 4534/4534 4601/4601
f 4534/4534 4600/4600 4533/4533
f 4534/4534 4466/4466 4467/4467
f 4466/4466 4534/4534 4533/4533
f 4601/4601 4534/4534 4602/4602
f 4534/4534 4535/4535 4602/4602
f 4534/4534 4467/4467 4468/4468
f 4535/4535 4534/4534 4468/4468
f 4469/4469 4535/4535 4468/4468
f 4535/4535 4469/4469 4536/4536
f 4334/4334 4401/4401 4400/4400
f 4333/4333 4334/4334 4400/4400
f 4334/4334 4333/4333 4266/4266
f 4267/4267 4334/4334 4266/4266
f 4334/4334 4267/4267 4268/4268
f 4335/4335 4334/4334 4268/4268
f 4397/4397 4465/4465 4464/4464
f 4465/4465 4397/4397 4398/4398
f 4465/4465 4531/4531 4464/4464
f 4531/4531 4465/4465 4532/4532
f 4399/4399 4465/4465 4398/4398
f 4466/4466 4465/4465 4399/4399
f 4465/4465 4466/4466 4533/4533
f 4465/4465 4533/4533 4532/4532
f 5137/5137 5203/5203 5136/5136
f 5203/5203 5137/5137 5204/5204
f 5137/5137 5138/5138 5205/5205
f 5137/5137 5205/5205 5204/5204
f 4935/4935 4867/4867 4868/4868
f 4867/4867 4935/4935 4934/4934
f 5001/5001 4935/4935 5002/5002
f 4935/4935 5001/5001 4934/4934
f 4869/4869 4935/4935 4868/4868
f 4936/4936 4935/4935 4869/4869
f 4935/4935 5003/5003 5002/5002
f 4935/4935 4936/4936 5003/5003
f 4937/4937 4870/4870 4871/4871
f 4938/4938 4937/4937 4871/4871
f 4937/4937 5005/5005 5004/5004
f 5005/5005 4937/4937 4938/4938
f 4870/4870 4937/4937 4869/4869
f 4937/4937 4936/4936 4869/4869
f 4936/4936 4937/4937 5003/5003
f 5003/5003 4937/4937 5004/5004
f 5000/5000 5066/5066 4999/4999
f 5066/5066 5000/5000 5067/5067
f 5066/5066 5067/5067 5134/5134
f 5133/5133 5066/5066 5134/5134
f 4479/4479 4480/4480 4546/4546
f 4546/4546 4480/4480 4547/4547
f 4279/4279 4346/4346 4278/4278
f 4346/4346 4345/4345 4278/4278
f 4412/4412 4480/4480 4479/4479
f 4480/4480 4412/4412 4413/4413
f 4412/4412 4478/4478 4411/4411
f 4412/4412 4479/4479 4478/4478
f 4346/4346 4412/4412 4345/4345
f 4412/4412 4346/4346 4413/4413
f 4344/4344 4412/4412 4411/4411
f 4345/4345 4412/4412 4344/4344
f 4208/4208 4141/4141 4142/4142
f 4208/4208 4142/4142 4209/4209
f 4141/4141 4207/4207 4140/4140
f 4208/4208 4207/4207 4141/4141
f 4614/4614 4613/4613 4547/4547
f 4613/4613 4546/4546 4547/4547
f 4546/4546 4613/4613 4545/4545
f 4613/4613 4612/4612 4545/4545
f 4949/4949 5017/5017 5016/5016
f 5017/5017 4949/4949 4950/4950
f 4818/4818 4750/4750 4751/4751
f 4750/4750 4818/4818 4817/4817
f 4887/4887 4953/4953 4886/4886
f 4953/4953 4887/4887 4954/4954
f 5087/5087 5088/5088 5154/5154
f 5088/5088 5155/5155 5154/5154
f 5088/5088 5087/5087 5020/5020
f 5021/5021 5088/5088 5020/5020
f 5563/5563 5630/5630 5562/5562
f 5630/5630 5629/5629 5562/5562
f 5621/5621 5555/5555 5622/5622
f 5555/5555 5621/5621 5554/5554
f 8108/8108 8176/8176 8175/8175
f 8176/8176 8108/8108 8109/8109
f 8172/8172 8171/8171 8104/8104
f 8105/8105 8172/8172 8104/8104
f 8172/8172 8239/8239 8238/8238
f 8171/8171 8172/8172 8238/8238
f 8173/8173 8172/8172 8106/8106
f 8172/8172 8105/8105 8106/8106
f 8172/8172 8240/8240 8239/8239
f 8172/8172 8173/8173 8240/8240
f 7501/7501 7434/7434 7502/7502
f 7434/7434 7435/7435 7502/7502
f 7435/7435 7434/7434 7368/7368
f 7434/7434 7367/7367 7368/7368
f 7373/7373 7307/7307 7374/7374
f 7307/7307 7373/7373 7306/7306
f 7441/7441 7373/7373 7374/7374
f 7373/7373 7441/7441 7440/7440
f 7375/7375 7441/7441 7374/7374
f 7441/7441 7375/7375 7442/7442
f 7375/7375 7443/7443 7442/7442
f 7443/7443 7375/7375 7376/7376
f 7304/7304 7371/7371 7370/7370
f 7304/7304 7370/7370 7303/7303
f 7978/7978 8044/8044 7977/7977
f 8044/8044 7978/7978 8045/8045
f 7978/7978 7977/7977 7910/7910
f 7911/7911 7978/7978 7910/7910
f 7978/7978 7911/7911 7912/7912
f 7979/7979 7978/7978 7912/7912
f 8179/8179 8246/8246 8245/8245
f 8178/8178 8179/8179 8245/8245
f 8112/8112 8179/8179 8111/8111
f 8179/8179 8178/8178 8111/8111
f 7711/7711 7778/7778 7710/7710
f 7778/7778 7777/7777 7710/7710
f 7777/7777 7843/7843 7776/7776
f 7843/7843 7777/7777 7844/7844
f 7843/7843 7911/7911 7910/7910
f 7911/7911 7843/7843 7844/7844
f 7843/7843 7775/7775 7776/7776
f 7843/7843 7842/7842 7775/7775
f 7909/7909 7843/7843 7910/7910
f 7842/7842 7843/7843 7909/7909
f 7379/7379 7313/7313 7380/7380
f 7313/7313 7379/7379 7312/7312
f 7706/7706 7772/7772 7705/7705
f 7772/7772 7706/7706 7773/7773
f 7907/7907 7906/7906 7839/7839
f 7840/7840 7907/7907 7839/7839
f 7907/7907 7973/7973 7906/7906
f 7973/7973 7907/7907 7974/7974
f 7974/7974 7907/7907 7975/7975
f 7907/7907 7908/7908 7975/7975
f 7907/7907 7841/7841 7908/7908
f 7841/7841 7907/7907 7840/7840
f 7841/7841 7840/7840 7773/7773
f 7841/7841 7773/7773 7774/7774
f 7842/7842 7841/7841 7775/7775
f 7775/7775 7841/7841 7774/7774
f 7908/7908 7841/7841 7909/7909
f 7841/7841 7842/7842 7909/7909
f 7920/7920 7852/7852 7853/7853
f 7852/7852 7920/7920 7919/7919
f 7650/7650 7649/7649 7583/7583
f 7649/7649 7582/7582 7583/7583
f 7649/7649 7717/7717 7716/7716
f 7717/7717 7649/7649 7650/7650
f 7582/7582 7649/7649 7581/7581
f 7649/7649 7648/7648 7581/7581
f 7715/7715 7649/7649 7716/7716
f 7648/7648 7649/7649 7715/7715
f 8188/8188 8187/8187 8121/8121
f 8121/8121 8187/8187 8120/8120
f 8187/8187 8255/8255 8254/8254
f 8187/8187 8188/8188 8255/8255
f 8187/8187 8186/8186 8119/8119
f 8187/8187 8119/8119 8120/8120
f 8253/8253 8187/8187 8254/8254
f 8186/8186 8187/8187 8253/8253
f 8316/8316 8249/8249 8317/8317
f 8317/8317 8249/8249 8250/8250
f 8249/8249 8183/8183 8250/8250
f 8183/8183 8249/8249 8182/8182
f 8183/8183 8251/8251 8250/8250
f 8183/8183 8184/8184 8251/8251
f 8055/8055 8123/8123 8122/8122
f 8123/8123 8055/8055 8056/8056
f 8126/8126 8058/8058 8059/8059
f 8125/8125 8058/8058 8126/8126
f 7992/7992 8058/8058 7991/7991
f 8058/8058 7992/7992 8059/8059
f 8124/8124 8058/8058 8125/8125
f 8058/8058 8124/8124 8057/8057
f 8124/8124 8125/8125 8192/8192
f 8191/8191 8124/8124 8192/8192
f 8190/8190 8124/8124 8191/8191
f 8123/8123 8124/8124 8190/8190
f 8124/8124 8123/8123 8056/8056
f 8057/8057 8124/8124 8056/8056
f 7990/7990 8058/8058 8057/8057
f 8058/8058 7990/7990 7991/7991
f 7990/7990 8057/8057 8056/8056
f 7989/7989 7990/7990 8056/8056
f 7923/7923 7990/7990 7922/7922
f 7990/7990 7989/7989 7922/7922
f 7991/7991 7990/7990 7924/7924
f 7990/7990 7923/7923 7924/7924
f 6399/6399 6398/6398 6349/6349
f 6398/6398 6348/6348 6349/6349
f 6298/6298 6249/6249 6299/6299
f 6249/6249 6298/6298 6248/6248
f 6298/6298 6299/6299 6349/6349
f 6348/6348 6298/6298 6349/6349
f 6496/6496 6495/6495 6446/6446
f 6495/6495 6445/6445 6446/6446
f 6546/6546 6495/6495 6496/6496
f 6495/6495 6546/6546 6545/6545
f 6495/6495 6494/6494 6444/6444
f 6445/6445 6495/6495 6444/6444
f 6544/6544 6495/6495 6545/6545
f 6494/6494 6495/6495 6544/6544
f 6449/6449 6398/6398 6399/6399
f 6398/6398 6449/6449 6448/6448
f 6853/6853 6785/6785 6786/6786
f 6785/6785 6853/6853 6852/6852
f 6785/6785 6719/6719 6786/6786
f 6719/6719 6785/6785 6718/6718
f 6785/6785 6717/6717 6718/6718
f 6785/6785 6784/6784 6717/6717
f 6785/6785 6851/6851 6784/6784
f 6851/6851 6785/6785 6852/6852
f 6851/6851 6852/6852 6919/6919
f 6918/6918 6851/6851 6919/6919
f 6850/6850 6851/6851 6917/6917
f 6851/6851 6918/6918 6917/6917
f 6851/6851 6850/6850 6783/6783
f 6784/6784 6851/6851 6783/6783
f 6395/6395 6445/6445 6444/6444
f 6394/6394 6395/6395 6444/6444
f 6395/6395 6394/6394 6344/6344
f 6345/6345 6395/6395 6344/6344
f 7116/7116 7183/7183 7115/7115
f 7115/7115 7183/7183 7182/7182
f 7184/7184 7183/7183 7117/7117
f 7183/7183 7116/7116 7117/7117
f 6986/6986 6985/6985 6919/6919
f 6985/6985 6918/6918 6919/6919
f 6985/6985 6984/6984 6917/6917
f 6918/6918 6985/6985 6917/6917
f 7722/7722 7723/7723 7790/7790
f 7789/7789 7722/7722 7790/7790
f 7722/7722 7788/7788 7721/7721
f 7722/7722 7789/7789 7788/7788
f 7654/7654 7722/7722 7721/7721
f 7655/7655 7722/7722 7654/7654
f 7589/7589 7523/7523 7590/7590
f 7523/7523 7589/7589 7522/7522
f 7651/7651 7717/7717 7650/7650
f 7717/7717 7651/7651 7718/7718
f 7383/7383 7451/7451 7450/7450
f 7451/7451 7383/7383 7384/7384
f 7451/7451 7517/7517 7450/7450
f 7451/7451 7518/7518 7517/7517
f 7589/7589 7521/7521 7522/7522
f 7521/7521 7589/7589 7588/7588
f 7522/7522 7521/7521 7455/7455
f 7521/7521 7454/7454 7455/7455
f 157/157 156/156 92/92
f 92/92 156/156 91/91
f 152/152 88/88 153/153
f 88/88 152/152 87/87
f 5234/5234 5301/5301 5233/5233
f 5233/5233 5301/5301 5300/5300
f 5367/5367 5301/5301 5368/5368
f 5301/5301 5367/5367 5300/5300
f 5301/5301 5234/5234 5235/5235
f 5302/5302 5301/5301 5235/5235
f 5301/5301 5369/5369 5368/5368
f 5301/5301 5302/5302 5369/5369
f 5237/5237 5169/5169 5170/5170
f 5236/5236 5169/5169 5237/5237
f 5103/5103 5169/5169 5102/5102
f 5169/5169 5103/5103 5170/5170
f 5169/5169 5236/5236 5235/5235
f 5168/5168 5169/5169 5235/5235
f 5169/5169 5168/5168 5101/5101
f 5169/5169 5101/5101 5102/5102
f 2056/2056 2100/2100 2055/2055
f 2100/2100 2056/2056 2101/2101
f 2056/2056 2102/2102 2101/2101
f 2102/2102 2056/2056 2057/2057
f 1551/1551 1486/1486 1552/1552
f 1486/1486 1487/1487 1552/1552
f 1617/1617 1616/1616 1552/1552
f 1616/1616 1551/1551 1552/1552
f 1907/1907 1908/1908 1957/1957
f 1908/1908 1958/1958 1957/1957
f 1803/1803 1747/1747 1804/1804
f 1747/1747 1803/1803 1746/1746
f 2008/2008 1959/1959 1960/1960
f 1959/1959 2008/2008 2007/2007
f 1154/1154 1088/1088 1089/1089
f 1088/1088 1154/1154 1153/1153
f 1086/1086 1021/1021 1087/1087
f 1021/1021 1022/1022 1087/1087
f 1152/1152 1088/1088 1153/1153
f 1088/1088 1152/1152 1087/1087
f 1280/1280 1344/1344 1279/1279
f 1344/1344 1280/1280 1345/1345
f 1280/1280 1214/1214 1215/1215
f 1214/1214 1280/1280 1279/1279
f 1284/1284 1220/1220 1285/1285
f 1220/1220 1284/1284 1219/1219
f 1284/1284 1350/1350 1349/1349
f 1284/1284 1285/1285 1350/1350
f 1143/1143 1144/1144 1209/1209
f 1208/1208 1143/1143 1209/1209
f 1214/1214 1149/1149 1215/1215
f 1149/1149 1150/1150 1215/1215
f 766/766 700/700 701/701
f 700/700 766/766 765/765
f 1336/1336 1272/1272 1337/1337
f 1272/1272 1336/1336 1271/1271
f 1336/1336 1270/1270 1271/1271
f 1270/1270 1336/1336 1335/1335
f 4949/4949 5015/5015 4948/4948
f 5015/5015 4949/4949 5016/5016
f 5015/5015 5014/5014 4947/4947
f 4948/4948 5015/5015 4947/4947
f 5083/5083 5015/5015 5016/5016
f 5082/5082 5015/5015 5083/5083
f 5014/5014 5015/5015 5081/5081
f 5015/5015 5082/5082 5081/5081
f 5412/5412 5344/5344 5345/5345
f 5344/5344 5412/5412 5411/5411
f 5412/5412 5346/5346 5413/5413
f 5346/5346 5412/5412 5345/5345
f 5480/5480 5412/5412 5413/5413
f 5479/5479 5412/5412 5480/5480
f 5478/5478 5412/5412 5479/5479
f 5412/5412 5478/5478 5411/5411
f 5478/5478 5410/5410 5411/5411
f 5478/5478 5477/5477 5410/5410
f 5478/5478 5545/5545 5544/5544
f 5477/5477 5478/5478 5544/5544
f 5545/5545 5478/5478 5546/5546
f 5478/5478 5479/5479 5546/5546
f 5012/5012 5080/5080 5079/5079
f 5012/5012 5013/5013 5080/5080
f 4873/4873 4941/4941 4940/4940
f 4941/4941 4873/4873 4874/4874
f 5006/5006 5005/5005 4938/4938
f 5006/5006 4938/4938 4939/4939
f 4940/4940 5006/5006 4939/4939
f 5006/5006 4940/4940 5007/5007
f 5006/5006 5073/5073 5072/5072
f 5005/5005 5006/5006 5072/5072
f 5073/5073 5006/5006 5074/5074
f 5074/5074 5006/5006 5007/5007
f 4673/4673 4605/4605 4606/4606
f 4605/4605 4673/4673 4672/4672
f 4673/4673 4739/4739 4672/4672
f 4673/4673 4740/4740 4739/4739
f 4809/4809 4741/4741 4742/4742
f 4741/4741 4809/4809 4808/4808
f 4807/4807 4741/4741 4808/4808
f 4740/4740 4741/4741 4807/4807
f 5282/5282 5281/5281 5214/5214
f 5215/5215 5282/5282 5214/5214
f 5282/5282 5348/5348 5281/5281
f 5348/5348 5282/5282 5349/5349
f 5216/5216 5282/5282 5215/5215
f 5283/5283 5282/5282 5216/5216
f 5282/5282 5350/5350 5349/5349
f 5282/5282 5283/5283 5350/5350
f 5473/5473 5539/5539 5472/5472
f 5540/5540 5539/5539 5473/5473
f 5669/5669 5670/5670 5736/5736
f 5736/5736 5670/5670 5737/5737
f 5670/5670 5602/5602 5603/5603
f 5670/5670 5669/5669 5602/5602
f 5671/5671 5670/5670 5603/5603
f 5604/5604 5671/5671 5603/5603
f 5209/5209 5142/5142 5210/5210
f 5142/5142 5143/5143 5210/5210
f 5142/5142 5209/5209 5208/5208
f 5141/5141 5142/5142 5208/5208
f 5142/5142 5141/5141 5074/5074
f 5142/5142 5074/5074 5075/5075
f 5145/5145 5077/5077 5078/5078
f 5144/5144 5077/5077 5145/5145
f 5475/5475 5541/5541 5474/5474
f 5541/5541 5475/5475 5542/5542
f 5542/5542 5475/5475 5543/5543
f 5475/5475 5476/5476 5543/5543
f 5409/5409 5342/5342 5343/5343
f 5410/5410 5409/5409 5343/5343
f 5476/5476 5409/5409 5477/5477
f 5477/5477 5409/5409 5410/5410
f 5740/5740 5808/5808 5807/5807
f 5808/5808 5740/5740 5741/5741
f 5742/5742 5808/5808 5741/5741
f 5809/5809 5808/5808 5742/5742
f 5859/5859 5909/5909 5908/5908
f 5858/5858 5859/5859 5908/5908
f 5859/5859 5808/5808 5809/5809
f 5808/5808 5859/5859 5858/5858
f 5611/5611 5678/5678 5610/5610
f 5678/5678 5677/5677 5610/5610
f 5677/5677 5678/5678 5744/5744
f 5678/5678 5745/5745 5744/5744
f 6074/6074 6025/6025 6075/6075
f 6025/6025 6074/6074 6024/6024
f 6125/6125 6074/6074 6075/6075
f 6124/6124 6074/6074 6125/6125
f 6274/6274 6325/6325 6324/6324
f 6325/6325 6274/6274 6275/6275
f 6318/6318 6317/6317 6268/6268
f 6317/6317 6267/6267 6268/6268
f 6167/6167 6117/6117 6118/6118
f 6168/6168 6167/6167 6118/6118
f 5819/5819 5820/5820 5869/5869
f 5820/5820 5870/5870 5869/5869
f 5820/5820 5821/5821 5871/5871
f 5870/5870 5820/5820 5871/5871
f 5820/5820 5819/5819 5752/5752
f 5753/5753 5820/5820 5752/5752
f 5820/5820 5754/5754 5821/5821
f 5820/5820 5753/5753 5754/5754
f 5482/5482 5548/5548 5481/5481
f 5548/5548 5482/5482 5549/5549
f 1473/1473 1409/1409 1474/1474
f 1409/1409 1473/1473 1408/1408
f 1474/1474 1409/1409 1475/1475
f 1409/1409 1410/1410 1475/1475
f 1409/1409 1344/1344 1345/1345
f 1410/1410 1409/1409 1345/1345
f 1280/1280 1346/1346 1345/1345
f 1346/1346 1280/1280 1281/1281
f 1537/1537 1473/1473 1538/1538
f 1473/1473 1537/1537 1472/1472
f 1891/1891 1838/1838 1892/1892
f 1838/1838 1891/1891 1837/1837
f 1774/1774 1832/1832 1831/1831
f 1775/1775 1832/1832 1774/1774
f 1988/1988 1987/1987 1938/1938
f 1987/1987 1937/1937 1938/1938
f 2035/2035 1987/1987 1988/1988
f 2036/2036 2035/2035 1988/1988
f 2173/2173 2130/2130 2174/2174
f 2130/2130 2173/2173 2129/2129
f 2130/2130 2175/2175 2174/2174
f 2175/2175 2130/2130 2131/2131
f 2084/2084 2130/2130 2129/2129
f 2130/2130 2084/2084 2085/2085
f 2130/2130 2086/2086 2131/2131
f 2086/2086 2130/2130 2085/2085
f 2084/2084 2038/2038 2085/2085
f 2038/2038 2084/2084 2037/2037
f 2038/2038 2086/2086 2085/2085
f 2086/2086 2038/2038 2039/2039
f 2177/2177 2220/2220 2176/2176
f 2176/2176 2220/2220 2219/2219
f 732/732 796/796 731/731
f 796/796 732/732 797/797
f 992/992 1056/1056 991/991
f 1056/1056 992/992 1057/1057
f 1122/1122 1056/1056 1057/1057
f 1056/1056 1122/1122 1121/1121
f 146/146 82/82 147/147
f 82/82 146/146 81/81
f 152/152 86/86 87/87
f 86/86 152/152 151/151
f 478/478 542/542 477/477
f 542/542 478/478 543/543
f 608/608 542/542 543/543
f 607/607 542/542 608/608
f 478/478 544/544 543/543
f 544/544 478/478 479/479
f 544/544 608/608 543/543
f 544/544 609/609 608/608
f 544/544 610/610 609/609
f 610/610 544/544 545/545
f 678/678 744/744 743/743
f 744/744 678/678 679/679
f 744/744 808/808 743/743
f 808/808 744/744 809/809
f 678/678 677/677 613/613
f 613/613 677/677 612/612
f 865/865 801/801 866/866
f 801/801 865/865 800/800
f 997/997 1061/1061 996/996
f 1061/1061 997/997 1062/1062
f 932/932 997/997 931/931
f 997/997 996/996 931/931
f 868/868 932/932 867/867
f 932/932 868/868 933/933
f 868/868 803/803 804/804
f 869/869 868/868 804/804
f 2337/2337 2338/2338 2402/2402
f 2338/2338 2403/2403 2402/2402
f 2338/2338 2404/2404 2403/2403
f 2404/2404 2338/2338 2339/2339
f 2405/2405 2404/2404 2340/2340
f 2404/2404 2339/2339 2340/2340
f 2404/2404 2405/2405 2470/2470
f 2469/2469 2404/2404 2470/2470
f 2532/2532 2596/2596 2531/2531
f 2596/2596 2532/2532 2597/2597
f 2532/2532 2531/2531 2466/2466
f 2532/2532 2466/2466 2467/2467
f 2468/2468 2404/2404 2469/2469
f 2404/2404 2468/2468 2403/2403
f 2468/2468 2532/2532 2467/2467
f 2532/2532 2468/2468 2533/2533
f 2402/2402 2468/2468 2467/2467
f 2403/2403 2468/2468 2402/2402
f 2468/2468 2469/2469 2534/2534
f 2533/2533 2468/2468 2534/2534
f 2661/2661 2725/2725 2660/2660
f 2725/2725 2661/2661 2726/2726
f 2661/2661 2727/2727 2726/2726
f 2727/2727 2661/2661 2662/2662
f 2661/2661 2596/2596 2597/2597
f 2662/2662 2661/2661 2597/2597
f 2661/2661 2660/2660 2595/2595
f 2596/2596 2661/2661 2595/2595
f 2532/2532 2598/2598 2597/2597
f 2598/2598 2532/2532 2533/2533
f 2720/2720 2786/2786 2785/2785
f 2786/2786 2720/2720 2721/2721
f 2722/2722 2786/2786 2721/2721
f 2787/2787 2786/2786 2722/2722
f 2857/2857 2921/2921 2856/2856
f 2921/2921 2857/2857 2922/2922
f 2857/2857 2791/2791 2792/2792
f 2857/2857 2856/2856 2791/2791
f 2406/2406 2471/2471 2405/2405
f 2405/2405 2471/2471 2470/2470
f 2407/2407 2471/2471 2406/2406
f 2471/2471 2407/2407 2472/2472
f 2535/2535 2469/2469 2470/2470
f 2469/2469 2535/2535 2534/2534
f 2473/2473 2537/2537 2472/2472
f 2537/2537 2473/2473 2538/2538
f 2790/2790 2856/2856 2855/2855
f 2856/2856 2790/2790 2791/2791
f 2791/2791 2790/2790 2726/2726
f 2790/2790 2725/2725 2726/2726
f 3116/3116 3051/3051 3117/3117
f 3051/3051 3052/3052 3117/3117
f 2857/2857 2923/2923 2922/2922
f 2923/2923 2857/2857 2858/2858
f 2923/2923 2989/2989 2988/2988
f 2989/2989 2923/2923 2924/2924
f 3053/3053 2989/2989 3054/3054
f 2989/2989 3053/3053 2988/2988
f 6882/6882 6816/6816 6883/6883
f 6816/6816 6882/6882 6815/6815
f 6883/6883 6816/6816 6884/6884
f 6816/6816 6817/6817 6884/6884
f 3945/3945 3879/3879 3880/3880
f 3879/3879 3945/3945 3944/3944
f 3881/3881 3945/3945 3880/3880
f 3945/3945 3881/3881 3946/3946
f 3175/3175 3241/3241 3240/3240
f 3241/3241 3175/3175 3176/3176
f 3241/3241 3305/3305 3240/3240
f 3305/3305 3241/3241 3306/3306
f 2846/2846 2910/2910 2845/2845
f 2910/2910 2846/2846 2911/2911
f 2655/2655 2589/2589 2590/2590
f 2589/2589 2655/2655 2654/2654
f 2655/2655 2590/2590 2591/2591
f 2656/2656 2655/2655 2591/2591
f 2655/2655 2656/2656 2721/2721
f 2720/2720 2655/2655 2721/2721
f 2786/2786 2850/2850 2785/2785
f 2850/2850 2786/2786 2851/2851
f 2850/2850 2916/2916 2915/2915
f 2916/2916 2850/2850 2851/2851
f 2588/2588 2652/2652 2587/2587
f 2653/2653 2652/2652 2588/2588
f 2718/2718 2652/2652 2653/2653
f 2652/2652 2718/2718 2717/2717
f 2139/2139 2140/2140 2184/2184
f 2183/2183 2139/2139 2184/2184
f 2093/2093 2139/2139 2138/2138
f 2139/2139 2093/2093 2094/2094
f 2093/2093 2047/2047 2094/2094
f 2047/2047 2093/2093 2046/2046
f 1595/1595 1660/1660 1659/1659
f 1594/1594 1595/1595 1659/1659
f 2179/2179 2180/2180 2223/2223
f 2179/2179 2223/2223 2222/2222
f 2224/2224 2267/2267 2223/2223
f 2267/2267 2224/2224 2268/2268
f 2223/2223 2267/2267 2222/2222
f 2267/2267 2266/2266 2222/2222
f 2220/2220 2265/2265 2264/2264
f 2265/2265 2220/2220 2221/2221
f 2265/2265 2317/2317 2264/2264
f 2317/2317 2265/2265 2318/2318
f 2266/2266 2265/2265 2222/2222
f 2265/2265 2221/2221 2222/2222
f 2265/2265 2319/2319 2318/2318
f 2265/2265 2266/2266 2319/2319
f 2226/2226 2227/2227 2271/2271
f 2226/2226 2271/2271 2270/2270
f 2227/2227 2226/2226 2184/2184
f 2226/2226 2183/2183 2184/2184
f 2271/2271 2324/2324 2270/2270
f 2324/2324 2323/2323 2270/2270
f 2394/2394 2458/2458 2393/2393
f 2458/2458 2394/2394 2459/2459
f 2394/2394 2328/2328 2329/2329
f 2328/2328 2394/2394 2393/2393
f 2394/2394 2460/2460 2459/2459
f 2394/2394 2395/2395 2460/2460
f 2394/2394 2330/2330 2395/2395
f 2330/2330 2394/2394 2329/2329
f 2276/2276 2330/2330 2329/2329
f 2330/2330 2276/2276 2277/2277
f 2396/2396 2330/2330 2331/2331
f 2395/2395 2330/2330 2396/2396
f 2528/2528 2464/2464 2529/2529
f 2528/2528 2463/2463 2464/2464
f 2335/2335 2401/2401 2400/2400
f 2335/2335 2336/2336 2401/2401
f 2399/2399 2335/2335 2400/2400
f 2334/2334 2335/2335 2399/2399
f 2278/2278 2330/2330 2277/2277
f 2330/2330 2278/2278 2331/2331
f 2278/2278 2332/2332 2331/2331
f 2278/2278 2279/2279 2332/2332
f 2232/2232 2275/2275 2231/2231
f 2232/2232 2276/2276 2275/2275
f 3620/3620 3554/3554 3555/3555
f 3554/3554 3620/3620 3619/3619
f 3815/3815 3881/3881 3880/3880
f 3881/3881 3815/3815 3816/3816
f 3486/3486 3552/3552 3551/3551
f 3552/3552 3486/3486 3487/3487
f 2646/2646 2580/2580 2581/2581
f 2580/2580 2646/2646 2645/2645
f 2516/2516 2580/2580 2515/2515
f 2580/2580 2516/2516 2581/2581
f 2903/2903 2837/2837 2838/2838
f 2837/2837 2903/2903 2902/2902
f 2969/2969 2903/2903 2904/2904
f 2903/2903 2969/2969 2968/2968
f 2644/2644 2580/2580 2645/2645
f 2580/2580 2644/2644 2579/2579
f 2896/2896 2962/2962 2961/2961
f 2962/2962 2896/2896 2897/2897
f 2962/2962 3028/3028 3027/3027
f 3028/3028 2962/2962 2963/2963
f 2962/2962 2898/2898 2963/2963
f 2898/2898 2962/2962 2897/2897
f 2582/2582 2583/2583 2647/2647
f 2647/2647 2583/2583 2648/2648
f 2521/2521 2522/2522 2587/2587
f 2586/2586 2521/2521 2587/2587
f 6477/6477 6476/6476 6426/6426
f 6427/6427 6477/6477 6426/6426
f 6477/6477 6527/6527 6526/6526
f 6476/6476 6477/6477 6526/6526
f 6476/6476 6425/6425 6426/6426
f 6425/6425 6476/6476 6475/6475
f 6377/6377 6427/6427 6426/6426
f 6376/6376 6377/6377 6426/6426
f 6471/6471 6420/6420 6421/6421
f 6420/6420 6471/6471 6470/6470
f 6471/6471 6520/6520 6470/6470
f 6471/6471 6521/6521 6520/6520
f 6522/6522 6573/6573 6572/6572
f 6573/6573 6522/6522 6523/6523
f 6522/6522 6572/6572 6571/6571
f 6521/6521 6522/6522 6571/6571
f 2033/2033 1984/1984 1985/1985
f 1984/1984 2033/2033 2032/2032
f 2080/2080 2033/2033 2081/2081
f 2033/2033 2034/2034 2081/2081
f 2033/2033 2079/2079 2032/2032
f 2033/2033 2080/2080 2079/2079
f 6274/6274 6225/6225 6275/6275
f 6225/6225 6274/6274 6224/6224
f 6175/6175 6225/6225 6174/6174
f 6225/6225 6224/6224 6174/6174
f 6225/6225 6175/6175 6176/6176
f 6226/6226 6225/6225 6176/6176
f 6276/6276 6225/6225 6226/6226
f 6225/6225 6276/6276 6275/6275
f 6276/6276 6325/6325 6275/6275
f 6325/6325 6276/6276 6326/6326
f 6276/6276 6226/6226 6227/6227
f 6277/6277 6276/6276 6227/6227
f 6887/6887 6955/6955 6954/6954
f 6955/6955 6887/6887 6888/6888
f 6955/6955 7023/7023 7022/7022
f 6955/6955 6956/6956 7023/7023
f 7093/7093 7160/7160 7159/7159
f 7092/7092 7093/7093 7159/7159
f 7157/7157 7091/7091 7158/7158
f 7091/7091 7157/7157 7090/7090
f 7158/7158 7091/7091 7159/7159
f 7091/7091 7092/7092 7159/7159
f 3202/3202 3138/3138 3203/3203
f 3138/3138 3202/3202 3137/3137
f 3386/3386 3320/3320 3321/3321
f 3320/3320 3386/3386 3385/3385
f 3386/3386 3450/3450 3385/3385
f 3450/3450 3386/3386 3451/3451
f 3247/3247 3311/3311 3246/3246
f 3312/3312 3311/3311 3247/3247
f 3113/3113 3114/3114 3178/3178
f 3114/3114 3179/3179 3178/3178
f 3181/3181 3245/3245 3180/3180
f 3245/3245 3181/3181 3246/3246
f 3377/3377 3311/3311 3312/3312
f 3311/3311 3377/3377 3376/3376
f 3313/3313 3377/3377 3312/3312
f 3377/3377 3313/3313 3378/3378
f 3313/3313 3312/3312 3247/3247
f 3248/3248 3313/3313 3247/3247
f 3584/3584 3648/3648 3583/3583
f 3648/3648 3584/3584 3649/3649
f 3390/3390 3454/3454 3389/3389
f 3454/3454 3390/3390 3455/3455
f 3389/3389 3454/3454 3388/3388
f 3388/3388 3454/3454 3453/3453
f 3454/3454 3518/3518 3453/3453
f 3518/3518 3454/3454 3519/3519
f 3518/3518 3517/3517 3452/3452
f 3518/3518 3452/3452 3453/3453
f 3582/3582 3518/3518 3583/3583
f 3518/3518 3582/3582 3517/3517
f 3584/3584 3518/3518 3519/3519
f 3518/3518 3584/3584 3583/3583
f 3645/3645 3711/3711 3710/3710
f 3711/3711 3645/3645 3646/3646
f 6752/6752 6753/6753 6820/6820
f 6752/6752 6820/6820 6819/6819
f 6818/6818 6752/6752 6819/6819
f 6752/6752 6818/6818 6751/6751
f 6818/6818 6885/6885 6884/6884
f 6817/6817 6818/6818 6884/6884
f 6818/6818 6817/6817 6750/6750
f 6751/6751 6818/6818 6750/6750
f 3959/3959 3893/3893 3894/3894
f 3893/3893 3959/3959 3958/3958
f 3891/3891 3957/3957 3956/3956
f 3957/3957 3891/3891 3892/3892
f 3957/3957 3893/3893 3958/3958
f 3893/3893 3957/3957 3892/3892
f 7294/7294 7360/7360 7293/7293
f 7360/7360 7294/7294 7361/7361
f 7560/7560 7494/7494 7561/7561
f 7494/7494 7560/7560 7493/7493
f 7563/7563 7629/7629 7562/7562
f 7629/7629 7563/7563 7630/7630
f 7495/7495 7563/7563 7562/7562
f 7496/7496 7563/7563 7495/7495
f 7567/7567 7566/7566 7500/7500
f 7566/7566 7499/7499 7500/7500
f 7498/7498 7566/7566 7565/7565
f 7566/7566 7498/7498 7499/7499
f 7634/7634 7566/7566 7567/7567
f 7633/7633 7566/7566 7634/7634
f 7566/7566 7632/7632 7565/7565
f 7566/7566 7633/7633 7632/7632
f 7830/7830 7831/7831 7897/7897
f 7831/7831 7898/7898 7897/7897
f 7898/7898 7831/7831 7899/7899
f 7899/7899 7831/7831 7832/7832
f 6989/6989 6923/6923 6990/6990
f 6923/6923 6989/6989 6922/6922
f 6923/6923 6922/6922 6855/6855
f 6856/6856 6923/6923 6855/6855
f 6558/6558 6609/6609 6608/6608
f 6609/6609 6558/6558 6559/6559
f 6560/6560 6609/6609 6559/6559
f 6610/6610 6609/6609 6560/6560
f 6994/6994 6927/6927 6995/6995
f 6927/6927 6928/6928 6995/6995
f 6354/6354 6353/6353 6303/6303
f 6354/6354 6303/6303 6304/6304
f 6355/6355 6354/6354 6305/6305
f 6305/6305 6354/6354 6304/6304
f 6306/6306 6307/6307 6356/6356
f 6307/6307 6357/6357 6356/6356
f 6307/6307 6306/6306 6256/6256
f 6257/6257 6307/6307 6256/6256
f 5808/5808 5857/5857 5807/5807
f 5857/5857 5808/5808 5858/5858
f 5907/5907 5857/5857 5908/5908
f 5857/5857 5858/5858 5908/5908
f 5955/5955 6006/6006 6005/6005
f 6006/6006 5955/5955 5956/5956
f 6006/6006 6056/6056 6055/6055
f 6006/6006 6055/6055 6005/6005
f 6007/6007 6006/6006 5957/5957
f 5957/5957 6006/6006 5956/5956
f 6056/6056 6006/6006 6057/6057
f 6006/6006 6007/6007 6057/6057
f 5965/5965 6015/6015 5964/5964
f 5964/5964 6015/6015 6014/6014
f 6015/6015 6065/6065 6064/6064
f 6015/6015 6064/6064 6014/6014
f 6066/6066 6067/6067 6117/6117
f 6066/6066 6117/6117 6116/6116
f 6065/6065 6066/6066 6115/6115
f 6115/6115 6066/6066 6116/6116
f 5917/5917 5866/5866 5867/5867
f 5866/5866 5917/5917 5916/5916
f 6524/6524 6574/6574 6523/6523
f 6574/6574 6573/6573 6523/6523
f 6623/6623 6574/6574 6624/6624
f 6573/6573 6574/6574 6623/6623
f 6525/6525 6574/6574 6524/6524
f 6575/6575 6574/6574 6525/6525
f 6574/6574 6625/6625 6624/6624
f 6574/6574 6575/6575 6625/6625
f 6875/6875 6941/6941 6874/6874
f 6941/6941 6875/6875 6942/6942
f 6875/6875 6874/6874 6807/6807
f 6808/6808 6875/6875 6807/6807
f 6369/6369 6420/6420 6419/6419
f 6369/6369 6370/6370 6420/6420
f 6370/6370 6369/6369 6320/6320
f 6369/6369 6319/6319 6320/6320
f 6363/6363 6362/6362 6312/6312
f 6313/6313 6363/6363 6312/6312
f 6362/6362 6363/6363 6412/6412
f 6363/6363 6413/6413 6412/6412
f 6364/6364 6363/6363 6314/6314
f 6363/6363 6313/6313 6314/6314
f 6363/6363 6414/6414 6413/6413
f 6363/6363 6364/6364 6414/6414
f 6461/6461 6512/6512 6511/6511
f 6462/6462 6512/6512 6461/6461
f 6512/6512 6562/6562 6561/6561
f 6511/6511 6512/6512 6561/6561
f 6512/6512 6462/6462 6463/6463
f 6513/6513 6512/6512 6463/6463
f 6562/6562 6512/6512 6563/6563
f 6512/6512 6513/6513 6563/6563
f 6263/6263 6312/6312 6262/6262
f 6263/6263 6313/6313 6312/6312
f 6263/6263 6212/6212 6213/6213
f 6212/6212 6263/6263 6262/6262
f 6313/6313 6263/6263 6314/6314
f 6263/6263 6264/6264 6314/6314
f 6163/6163 6214/6214 6213/6213
f 6214/6214 6163/6163 6164/6164
f 6214/6214 6263/6263 6213/6213
f 6263/6263 6214/6214 6264/6264
f 6011/6011 6062/6062 6061/6061
f 6012/6012 6062/6062 6011/6011
f 8272/8272 8206/8206 8273/8273
f 8205/8205 8206/8206 8272/8272
f 8206/8206 8274/8274 8273/8273
f 8206/8206 8207/8207 8274/8274
f 8139/8139 8206/8206 8138/8138
f 8206/8206 8205/8205 8138/8138
f 8011/8011 8079/8079 8078/8078
f 8079/8079 8011/8011 8012/8012
f 8011/8011 7945/7945 8012/8012
f 8011/8011 7944/7944 7945/7945
f 8011/8011 8078/8078 8077/8077
f 8010/8010 8011/8011 8077/8077
f 7261/7261 7329/7329 7328/7328
f 7261/7261 7262/7262 7329/7329
f 7395/7395 7461/7461 7394/7394
f 7461/7461 7395/7395 7462/7462
f 7528/7528 7462/7462 7529/7529
f 7528/7528 7461/7461 7462/7462
f 7596/7596 7530/7530 7597/7597
f 7530/7530 7596/7596 7529/7529
f 7666/7666 7732/7732 7665/7665
f 7732/7732 7666/7666 7733/7733
f 7732/7732 7664/7664 7665/7665
f 7664/7664 7732/7732 7731/7731
f 7598/7598 7664/7664 7597/7597
f 7665/7665 7664/7664 7598/7598
f 7663/7663 7664/7664 7730/7730
f 7664/7664 7731/7731 7730/7730
f 7664/7664 7596/7596 7597/7597
f 7664/7664 7663/7663 7596/7596
f 7190/7190 7258/7258 7257/7257
f 7191/7191 7258/7258 7190/7190
f 7258/7258 7324/7324 7257/7257
f 7258/7258 7325/7325 7324/7324
f 7258/7258 7326/7326 7325/7325
f 7326/7326 7258/7258 7259/7259
f 7326/7326 7327/7327 7394/7394
f 7326/7326 7394/7394 7393/7393
f 7392/7392 7326/7326 7393/7393
f 7326/7326 7392/7392 7325/7325
f 7392/7392 7459/7459 7458/7458
f 7391/7391 7392/7392 7458/7458
f 7392/7392 7391/7391 7324/7324
f 7325/7325 7392/7392 7324/7324
f 7126/7126 7060/7060 7127/7127
f 7060/7060 7126/7126 7059/7059
f 7126/7126 7058/7058 7059/7059
f 7126/7126 7125/7125 7058/7058
f 7197/7197 7198/7198 7265/7265
f 7264/7264 7197/7197 7265/7265
f 7197/7197 7264/7264 7263/7263
f 7196/7196 7197/7197 7263/7263
f 8203/8203 8137/8137 8204/8204
f 8136/8136 8137/8137 8203/8203
f 8137/8137 8205/8205 8204/8204
f 8205/8205 8137/8137 8138/8138
f 8137/8137 8136/8136 8069/8069
f 8070/8070 8137/8137 8069/8069
f 8138/8138 8137/8137 8071/8071
f 8137/8137 8070/8070 8071/8071
f 7801/7801 7735/7735 7802/7802
f 7735/7735 7801/7801 7734/7734
f 8065/8065 8132/8132 8131/8131
f 8064/8064 8065/8065 8131/8131
f 6464/6464 6515/6515 6514/6514
f 6465/6465 6515/6515 6464/6464
f 6515/6515 6565/6565 6564/6564
f 6515/6515 6564/6564 6514/6514
f 6515/6515 6465/6465 6466/6466
f 6516/6516 6515/6515 6466/6466
f 6515/6515 6566/6566 6565/6565
f 6515/6515 6516/6516 6566/6566
f 6729/6729 6797/6797 6796/6796
f 6797/6797 6729/6729 6730/6730
f 6797/6797 6798/6798 6865/6865
f 6864/6864 6797/6797 6865/6865
f 6796/6796 6797/6797 6863/6863
f 6797/6797 6864/6864 6863/6863
f 6999/6999 7065/7065 6998/6998
f 7065/7065 6999/6999 7066/7066
f 7066/7066 6999/6999 7067/7067
f 6999/6999 7000/7000 7067/7067
f 6797/6797 6731/6731 6798/6798
f 6731/6731 6797/6797 6730/6730
f 6731/6731 6732/6732 6799/6799
f 6798/6798 6731/6731 6799/6799
f 6731/6731 6665/6665 6732/6732
f 6731/6731 6664/6664 6665/6665
f 6663/6663 6731/6731 6730/6730
f 6664/6664 6731/6731 6663/6663
f 3937/3937 4003/4003 4002/4002
f 4003/4003 3937/3937 3938/3938
f 4004/4004 4003/4003 3939/3939
f 3939/3939 4003/4003 3938/3938
f 3999/3999 3934/3934 3935/3935
f 3999/3999 3935/3935 4000/4000
f 3999/3999 4064/4064 4063/4063
f 3999/3999 4063/4063 3998/3998
f 7144/7144 7211/7211 7210/7210
f 7143/7143 7144/7144 7210/7210
f 7144/7144 7143/7143 7076/7076
f 7077/7077 7144/7144 7076/7076
f 7216/7216 7282/7282 7215/7215
f 7282/7282 7216/7216 7283/7283
f 7148/7148 7216/7216 7215/7215
f 7149/7149 7216/7216 7148/7148
f 7150/7150 7082/7082 7083/7083
f 7150/7150 7149/7149 7082/7082
f 7014/7014 6948/6948 7015/7015
f 6948/6948 7014/7014 6947/6947
f 6948/6948 7016/7016 7015/7015
f 7016/7016 6948/6948 6949/6949
f 6948/6948 6882/6882 6949/6949
f 6948/6948 6881/6881 6882/6882
f 6948/6948 6880/6880 6881/6881
f 6880/6880 6948/6948 6947/6947
f 6812/6812 6880/6880 6879/6879
f 6880/6880 6812/6812 6813/6813
f 6880/6880 6946/6946 6879/6879
f 6880/6880 6947/6947 6946/6946
f 6881/6881 6880/6880 6814/6814
f 6814/6814 6880/6880 6813/6813
f 4069/4069 4004/4004 4005/4005
f 4070/4070 4069/4069 4005/4005
f 6889/6889 6955/6955 6888/6888
f 6955/6955 6889/6889 6956/6956
f 6818/6818 6886/6886 6885/6885
f 6886/6886 6818/6818 6819/6819
f 6886/6886 6887/6887 6954/6954
f 6886/6886 6954/6954 6953/6953
f 6820/6820 6886/6886 6819/6819
f 6887/6887 6886/6886 6820/6820
f 7152/7152 7085/7085 7086/7086
f 7153/7153 7152/7152 7086/7086
f 7356/7356 7288/7288 7289/7289
f 7288/7288 7356/7356 7355/7355
f 7288/7288 7222/7222 7289/7289
f 7288/7288 7221/7221 7222/7222
f 7220/7220 7152/7152 7153/7153
f 7152/7152 7220/7220 7219/7219
f 7221/7221 7220/7220 7154/7154
f 7220/7220 7153/7153 7154/7154
f 7347/7347 7346/7346 7279/7279
f 7280/7280 7347/7347 7279/7279
f 7347/7347 7280/7280 7281/7281
f 7347/7347 7281/7281 7348/7348
f 7415/7415 7347/7347 7348/7348
f 7414/7414 7347/7347 7415/7415
f 7413/7413 7479/7479 7412/7412
f 7479/7479 7413/7413 7480/7480
f 7413/7413 7347/7347 7414/7414
f 7347/7347 7413/7413 7346/7346
f 7346/7346 7413/7413 7345/7345
f 7413/7413 7412/7412 7345/7345
f 7480/7480 7413/7413 7481/7481
f 7413/7413 7414/7414 7481/7481
f 7738/7738 7804/7804 7737/7737
f 7804/7804 7738/7738 7805/7805
f 7737/7737 7804/7804 7736/7736
f 7736/7736 7804/7804 7803/7803
f 7872/7872 7804/7804 7805/7805
f 7804/7804 7872/7872 7871/7871
f 7804/7804 7870/7870 7803/7803
f 7804/7804 7871/7871 7870/7870
f 8140/8140 8206/8206 8139/8139
f 8206/8206 8140/8140 8207/8207
f 8140/8140 8139/8139 8072/8072
f 8073/8073 8140/8140 8072/8072
f 8141/8141 8140/8140 8074/8074
f 8140/8140 8073/8073 8074/8074
f 8207/8207 8140/8140 8208/8208
f 8140/8140 8141/8141 8208/8208
f 7672/7672 7738/7738 7671/7671
f 7738/7738 7672/7672 7739/7739
f 7604/7604 7672/7672 7671/7671
f 7672/7672 7604/7604 7605/7605
f 7672/7672 7605/7605 7606/7606
f 7673/7673 7672/7672 7606/7606
f 8074/8074 8007/8007 8075/8075
f 8007/8007 8008/8008 8075/8075
f 8073/8073 8007/8007 8074/8074
f 8006/8006 8007/8007 8073/8073
f 7672/7672 7740/7740 7739/7739
f 7740/7740 7672/7672 7673/7673
f 7004/7004 6936/6936 6937/6937
f 6936/6936 7004/7004 7003/7003
f 7206/7206 7138/7138 7139/7139
f 7138/7138 7206/7206 7205/7205
f 7137/7137 7138/7138 7204/7204
f 7204/7204 7138/7138 7205/7205
f 7405/7405 7473/7473 7472/7472
f 7473/7473 7405/7405 7406/7406
f 7471/7471 7405/7405 7472/7472
f 7404/7404 7405/7405 7471/7471
f 7404/7404 7470/7470 7403/7403
f 7470/7470 7404/7404 7471/7471
f 7470/7470 7471/7471 7538/7538
f 7537/7537 7470/7470 7538/7538
f 7201/7201 7269/7269 7268/7268
f 7269/7269 7201/7201 7202/7202
f 7405/7405 7339/7339 7406/7406
f 7339/7339 7405/7405 7338/7338
f 7339/7339 7407/7407 7406/7406
f 7407/7407 7339/7339 7340/7340
f 7272/7272 7339/7339 7271/7271
f 7271/7271 7339/7339 7338/7338
f 7339/7339 7273/7273 7340/7340
f 7339/7339 7272/7272 7273/7273
f 7902/7902 7834/7834 7835/7835
f 7901/7901 7834/7834 7902/7902
f 7966/7966 7900/7900 7967/7967
f 7899/7899 7900/7900 7966/7966
f 7967/7967 7900/7900 7968/7968
f 7900/7900 7901/7901 7968/7968
f 7900/7900 7899/7899 7832/7832
f 7833/7833 7900/7900 7832/7832
f 7834/7834 7900/7900 7833/7833
f 7900/7900 7834/7834 7901/7901
f 7418/7418 7351/7351 7352/7352
f 7419/7419 7418/7418 7352/7352
f 7418/7418 7350/7350 7351/7351
f 7350/7350 7418/7418 7417/7417
f 7418/7418 7419/7419 7486/7486
f 7485/7485 7418/7418 7486/7486
f 7418/7418 7484/7484 7417/7417
f 7418/7418 7485/7485 7484/7484
f 7490/7490 7557/7557 7489/7489
f 7557/7557 7556/7556 7489/7489
f 7557/7557 7490/7490 7491/7491
f 7557/7557 7491/7491 7558/7558
f 7624/7624 7557/7557 7625/7625
f 7625/7625 7557/7557 7558/7558
f 7623/7623 7689/7689 7622/7622
f 7689/7689 7623/7623 7690/7690
f 7623/7623 7557/7557 7624/7624
f 7557/7557 7623/7623 7556/7556
f 7623/7623 7622/7622 7555/7555
f 7556/7556 7623/7623 7555/7555
f 7623/7623 7691/7691 7690/7690
f 7623/7623 7624/7624 7691/7691
f 7890/7890 7822/7822 7823/7823
f 7822/7822 7890/7890 7889/7889
f 7891/7891 7890/7890 7824/7824
f 7824/7824 7890/7890 7823/7823
f 7821/7821 7888/7888 7820/7820
f 7888/7888 7887/7887 7820/7820
f 7888/7888 7822/7822 7889/7889
f 7822/7822 7888/7888 7821/7821
f 7888/7888 7889/7889 7956/7956
f 7955/7955 7888/7888 7956/7956
f 7954/7954 7888/7888 7955/7955
f 7888/7888 7954/7954 7887/7887
f 7953/7953 7954/7954 8020/8020
f 8020/8020 7954/7954 8021/8021
f 7954/7954 7953/7953 7886/7886
f 7887/7887 7954/7954 7886/7886
f 7954/7954 8022/8022 8021/8021
f 8022/8022 7954/7954 7955/7955
f 8091/8091 8158/8158 8157/8157
f 8090/8090 8091/8091 8157/8157
f 8159/8159 8091/8091 8092/8092
f 8158/8158 8091/8091 8159/8159
f 8091/8091 8025/8025 8092/8092
f 8091/8091 8024/8024 8025/8025
f 7818/7818 7819/7819 7886/7886
f 7885/7885 7818/7818 7886/7886
f 7686/7686 7620/7620 7687/7687
f 7686/7686 7619/7619 7620/7620
f 7618/7618 7686/7686 7685/7685
f 7619/7619 7686/7686 7618/7618
f 7754/7754 7686/7686 7687/7687
f 7753/7753 7686/7686 7754/7754
f 7686/7686 7753/7753 7752/7752
f 7686/7686 7752/7752 7685/7685
f 8215/8215 8149/8149 8216/8216
f 8149/8149 8215/8215 8148/8148
f 8082/8082 8149/8149 8081/8081
f 8149/8149 8148/8148 8081/8081
f 4359/4359 4358/4358 4291/4291
f 4292/4292 4359/4359 4291/4291
f 4425/4425 4359/4359 4426/4426
f 4359/4359 4425/4425 4358/4358
f 4426/4426 4359/4359 4427/4427
f 4359/4359 4360/4360 4427/4427
f 4359/4359 4293/4293 4360/4360
f 4293/4293 4359/4359 4292/4292
f 4227/4227 4293/4293 4226/4226
f 4294/4294 4293/4293 4227/4227
f 4293/4293 4225/4225 4226/4226
f 4293/4293 4292/4292 4225/4225
f 4361/4361 4293/4293 4294/4294
f 4360/4360 4293/4293 4361/4361
f 4301/4301 4368/4368 4300/4300
f 4300/4300 4368/4368 4367/4367
f 4434/4434 4368/4368 4435/4435
f 4368/4368 4434/4434 4367/4367
f 4302/4302 4368/4368 4301/4301
f 4369/4369 4368/4368 4302/4302
f 4435/4435 4368/4368 4436/4436
f 4368/4368 4369/4369 4436/4436
f 5178/5178 5179/5179 5246/5246
f 5178/5178 5246/5246 5245/5245
f 5046/5046 5112/5112 5045/5045
f 5112/5112 5046/5046 5113/5113
f 5178/5178 5112/5112 5179/5179
f 5112/5112 5178/5178 5111/5111
f 5112/5112 5044/5044 5045/5045
f 5112/5112 5111/5111 5044/5044
f 5180/5180 5112/5112 5113/5113
f 5112/5112 5180/5180 5179/5179
f 5180/5180 5247/5247 5246/5246
f 5179/5179 5180/5180 5246/5246
f 4910/4910 4909/4909 4843/4843
f 4909/4909 4842/4842 4843/4843
f 4909/4909 4977/4977 4976/4976
f 4977/4977 4909/4909 4910/4910
f 4842/4842 4909/4909 4841/4841
f 4909/4909 4908/4908 4841/4841
f 4975/4975 4909/4909 4976/4976
f 4908/4908 4909/4909 4975/4975
f 5124/5124 5056/5056 5057/5057
f 5056/5056 5124/5124 5123/5123
f 5056/5056 4990/4990 5057/5057
f 5056/5056 4989/4989 4990/4990
f 5191/5191 5190/5190 5123/5123
f 5124/5124 5191/5191 5123/5123
f 5191/5191 5124/5124 5125/5125
f 5192/5192 5191/5191 5125/5125
f 5191/5191 5257/5257 5190/5190
f 5191/5191 5258/5258 5257/5257
f 5191/5191 5192/5192 5259/5259
f 5258/5258 5191/5191 5259/5259
f 5192/5192 5126/5126 5193/5193
f 5126/5126 5192/5192 5125/5125
f 5193/5193 5126/5126 5194/5194
f 5126/5126 5127/5127 5194/5194
f 6099/6099 6100/6100 6150/6150
f 6149/6149 6099/6099 6150/6150
f 6148/6148 6099/6099 6149/6149
f 6099/6099 6148/6148 6098/6098
f 6099/6099 6050/6050 6100/6100
f 6099/6099 6049/6049 6050/6050
f 6048/6048 6099/6099 6098/6098
f 6049/6049 6099/6099 6048/6048
f 5946/5946 5995/5995 5945/5945
f 5995/5995 5946/5946 5996/5996
f 6049/6049 5998/5998 5999/5999
f 5998/5998 6049/6049 6048/6048
f 5998/5998 5949/5949 5999/5999
f 5998/5998 5948/5948 5949/5949
f 5998/5998 6048/6048 6047/6047
f 5997/5997 5998/5998 6047/6047
f 6196/6196 6197/6197 6246/6246
f 6246/6246 6197/6197 6247/6247
f 6248/6248 6197/6197 6198/6198
f 6197/6197 6248/6248 6247/6247
f 6197/6197 6196/6196 6146/6146
f 6147/6147 6197/6197 6146/6146
f 6197/6197 6148/6148 6198/6198
f 6197/6197 6147/6147 6148/6148
f 6094/6094 6095/6095 6144/6144
f 6095/6095 6145/6145 6144/6144
f 6194/6194 6145/6145 6195/6195
f 6145/6145 6194/6194 6144/6144
f 6332/6332 6383/6383 6382/6382
f 6383/6383 6332/6332 6333/6333
f 6334/6334 6383/6383 6333/6333
f 6384/6384 6383/6383 6334/6334
f 6381/6381 6332/6332 6382/6382
f 6332/6332 6381/6381 6331/6331
f 6431/6431 6381/6381 6432/6432
f 6381/6381 6382/6382 6432/6432
f 6282/6282 6283/6283 6333/6333
f 6332/6332 6282/6282 6333/6333
f 6281/6281 6282/6282 6331/6331
f 6282/6282 6332/6332 6331/6331
f 6595/6595 6596/6596 6645/6645
f 6596/6596 6646/6646 6645/6645
f 6596/6596 6597/6597 6647/6647
f 6646/6646 6596/6596 6647/6647
f 6596/6596 6595/6595 6545/6545
f 6546/6546 6596/6596 6545/6545
f 6597/6597 6596/6596 6547/6547
f 6596/6596 6546/6546 6547/6547
f 6438/6438 6387/6387 6388/6388
f 6387/6387 6438/6438 6437/6437
f 6440/6440 6390/6390 6441/6441
f 6390/6390 6391/6391 6441/6441
f 6391/6391 6390/6390 6341/6341
f 6341/6341 6390/6390 6340/6340
f 6390/6390 6440/6440 6439/6439
f 6389/6389 6390/6390 6439/6439
f 6390/6390 6389/6389 6339/6339
f 6390/6390 6339/6339 6340/6340
f 6135/6135 6084/6084 6085/6085
f 6135/6135 6134/6134 6084/6084
f 6238/6238 6187/6187 6188/6188
f 6187/6187 6238/6238 6237/6237
f 6188/6188 6187/6187 6138/6138
f 6187/6187 6137/6137 6138/6138
f 6035/6035 6086/6086 6085/6085
f 6086/6086 6035/6035 6036/6036
f 6282/6282 6233/6233 6283/6283
f 6233/6233 6282/6282 6232/6232
f 6283/6283 6233/6233 6284/6284
f 6233/6233 6234/6234 6284/6284
f 6491/6491 6541/6541 6490/6490
f 6541/6541 6540/6540 6490/6490
f 6590/6590 6541/6541 6591/6591
f 6540/6540 6541/6541 6590/6590
f 6541/6541 6492/6492 6542/6542
f 6492/6492 6541/6541 6491/6491
f 6541/6541 6592/6592 6591/6591
f 6541/6541 6542/6542 6592/6592
f 6442/6442 6443/6443 6493/6493
f 6492/6492 6442/6442 6493/6493
f 6442/6442 6491/6491 6441/6441
f 6442/6442 6492/6492 6491/6491
f 6391/6391 6442/6442 6441/6441
f 6392/6392 6442/6442 6391/6391
f 6443/6443 6393/6393 6444/6444
f 6393/6393 6394/6394 6444/6444
f 6442/6442 6393/6393 6443/6443
f 6393/6393 6442/6442 6392/6392
f 6487/6487 6438/6438 6488/6488
f 6438/6438 6487/6487 6437/6437
f 6490/6490 6539/6539 6489/6489
f 6540/6540 6539/6539 6490/6490
f 6539/6539 6540/6540 6590/6590
f 6589/6589 6539/6539 6590/6590
f 6480/6480 6530/6530 6479/6479
f 6530/6530 6529/6529 6479/6479
f 7381/7381 7315/7315 7382/7382
f 7315/7315 7381/7381 7314/7314
f 7315/7315 7383/7383 7382/7382
f 7315/7315 7316/7316 7383/7383
f 7247/7247 7315/7315 7314/7314
f 7315/7315 7247/7247 7248/7248
f 7114/7114 7046/7046 7047/7047
f 7046/7046 7114/7114 7113/7113
f 7047/7047 7046/7046 6980/6980
f 7046/7046 6979/6979 6980/6980
f 6714/6714 6713/6713 6647/6647
f 6713/6713 6646/6646 6647/6647
f 6646/6646 6713/6713 6645/6645
f 6713/6713 6712/6712 6645/6645
f 6914/6914 6981/6981 6980/6980
f 6913/6913 6914/6914 6980/6980
f 6846/6846 6914/6914 6913/6913
f 6914/6914 6846/6846 6847/6847
f 6915/6915 6914/6914 6848/6848
f 6848/6848 6914/6914 6847/6847
f 6982/6982 6914/6914 6915/6915
f 6914/6914 6982/6982 6981/6981
f 6982/6982 7050/7050 7049/7049
f 7050/7050 6982/6982 6983/6983
f 6981/6981 6982/6982 7048/7048
f 7048/7048 6982/6982 7049/7049
f 6982/6982 6916/6916 6983/6983
f 6982/6982 6915/6915 6916/6916
f 6711/6711 6644/6644 6645/6645
f 6712/6712 6711/6711 6645/6645
f 6912/6912 6911/6911 6845/6845
f 6911/6911 6844/6844 6845/6845
f 6776/6776 6842/6842 6775/6775
f 6842/6842 6776/6776 6843/6843
f 6842/6842 6908/6908 6841/6841
f 6908/6908 6842/6842 6909/6909
f 6775/6775 6842/6842 6774/6774
f 6842/6842 6841/6841 6774/6774
f 7107/7107 7040/7040 7041/7041
f 7107/7107 7041/7041 7108/7108
f 7175/7175 7109/7109 7176/7176
f 7109/7109 7175/7175 7108/7108
f 7175/7175 7176/7176 7243/7243
f 7175/7175 7243/7243 7242/7242
f 7175/7175 7107/7107 7108/7108
f 7107/7107 7175/7175 7174/7174
f 7241/7241 7175/7175 7242/7242
f 7174/7174 7175/7175 7241/7241
f 7232/7232 7233/7233 7299/7299
f 7233/7233 7300/7300 7299/7299
f 7030/7030 7096/7096 7029/7029
f 7096/7096 7030/7030 7097/7097
f 7096/7096 7164/7164 7163/7163
f 7096/7096 7097/7097 7164/7164
f 7236/7236 7304/7304 7303/7303
f 7304/7304 7236/7236 7237/7237
f 7170/7170 7236/7236 7169/7169
f 7236/7236 7170/7170 7237/7237
f 7302/7302 7370/7370 7369/7369
f 7370/7370 7302/7302 7303/7303
f 7302/7302 7236/7236 7303/7303
f 7236/7236 7302/7302 7235/7235
f 2417/2417 2352/2352 2353/2353
f 2417/2417 2353/2353 2418/2418
f 2353/2353 2354/2354 2418/2418
f 2354/2354 2419/2419 2418/2418
f 2102/2102 2145/2145 2101/2101
f 2145/2145 2102/2102 2146/2146
f 2016/2016 2062/2062 2015/2015
f 2062/2062 2016/2016 2063/2063
f 1868/1868 1920/1920 1919/1919
f 1867/1867 1868/1868 1919/1919
f 1814/1814 1868/1868 1813/1813
f 1868/1868 1867/1867 1813/1813
f 1689/1689 1624/1624 1625/1625
f 1690/1690 1689/1689 1625/1625
f 2419/2419 2483/2483 2418/2418
f 2484/2484 2483/2483 2419/2419
f 2417/2417 2483/2483 2482/2482
f 2483/2483 2417/2417 2418/2418
f 2483/2483 2484/2484 2549/2549
f 2548/2548 2483/2483 2549/2549
f 2483/2483 2547/2547 2482/2482
f 2547/2547 2483/2483 2548/2548
f 3073/3073 3137/3137 3072/3072
f 3073/3073 3138/3138 3137/3137
f 2613/2613 2547/2547 2548/2548
f 2547/2547 2613/2613 2612/2612
f 2613/2613 2548/2548 2549/2549
f 2613/2613 2549/2549 2614/2614
f 2613/2613 2677/2677 2612/2612
f 2677/2677 2613/2613 2678/2678
f 2994/2994 2930/2930 2995/2995
f 2994/2994 2929/2929 2930/2930
f 3184/3184 3120/3120 3185/3185
f 3119/3119 3120/3120 3184/3184
f 3058/3058 2994/2994 3059/3059
f 2994/2994 3058/3058 2993/2993
f 3123/3123 3058/3058 3124/3124
f 3058/3058 3059/3059 3124/3124
f 3058/3058 2992/2992 2993/2993
f 2992/2992 3058/3058 3057/3057
f 3058/3058 3123/3123 3122/3122
f 3057/3057 3058/3058 3122/3122
f 2927/2927 2992/2992 2991/2991
f 2926/2926 2927/2927 2991/2991
f 2923/2923 2859/2859 2924/2924
f 2859/2859 2923/2923 2858/2858
f 2859/2859 2795/2795 2860/2860
f 2795/2795 2859/2859 2794/2794
f 2925/2925 2989/2989 2924/2924
f 2989/2989 2925/2925 2990/2990
f 2925/2925 2859/2859 2860/2860
f 2859/2859 2925/2925 2924/2924
f 2925/2925 2926/2926 2991/2991
f 2990/2990 2925/2925 2991/2991
f 3060/3060 2994/2994 2995/2995
f 2994/2994 3060/3060 3059/3059
f 2996/2996 3060/3060 2995/2995
f 3061/3061 3060/3060 2996/2996
f 2677/2677 2743/2743 2742/2742
f 2743/2743 2677/2677 2678/2678
f 2932/2932 2996/2996 2931/2931
f 2996/2996 2932/2932 2997/2997
f 2998/2998 2999/2999 3064/3064
f 3063/3063 2998/2998 3064/3064
f 2932/2932 2998/2998 2997/2997
f 2998/2998 2932/2932 2933/2933
f 1633/1633 1569/1569 1634/1634
f 1569/1569 1633/1633 1568/1568
f 1371/1371 1437/1437 1436/1436
f 1437/1437 1371/1371 1372/1372
f 1816/1816 1758/1758 1759/1759
f 1758/1758 1816/1816 1815/1815
f 1558/1558 1624/1624 1623/1623
f 1624/1624 1558/1558 1559/1559
f 1691/1691 1690/1690 1625/1625
f 1691/1691 1625/1625 1626/1626
f 1628/1628 1564/1564 1629/1629
f 1564/1564 1628/1628 1563/1563
f 1564/1564 1565/1565 1630/1630
f 1629/1629 1564/1564 1630/1630
f 1500/1500 1564/1564 1499/1499
f 1564/1564 1500/1500 1565/1565
f 1509/1509 1445/1445 1510/1510
f 1445/1445 1509/1509 1444/1444
f 1638/1638 1703/1703 1637/1637
f 1637/1637 1703/1703 1702/1702
f 721/721 720/720 656/656
f 720/720 655/655 656/656
f 1236/1236 1170/1170 1171/1171
f 1170/1170 1236/1236 1235/1235
f 1296/1296 1232/1232 1297/1297
f 1232/1232 1296/1296 1231/1231
f 4181/4181 4248/4248 4180/4180
f 4180/4180 4248/4248 4247/4247
f 4314/4314 4381/4381 4380/4380
f 4313/4313 4314/4314 4380/4380
f 4246/4246 4314/4314 4313/4313
f 4314/4314 4246/4246 4247/4247
f 4248/4248 4314/4314 4247/4247
f 4314/4314 4248/4248 4315/4315
f 4443/4443 4444/4444 4510/4510
f 4444/4444 4511/4511 4510/4510
f 4444/4444 4443/4443 4376/4376
f 4377/4377 4444/4444 4376/4376
f 4511/4511 4444/4444 4512/4512
f 4444/4444 4445/4445 4512/4512
f 4444/4444 4377/4377 4378/4378
f 4445/4445 4444/4444 4378/4378
f 4711/4711 4779/4779 4778/4778
f 4779/4779 4711/4711 4712/4712
f 4713/4713 4779/4779 4712/4712
f 4779/4779 4713/4713 4780/4780
f 4778/4778 4779/4779 4845/4845
f 4779/4779 4846/4846 4845/4845
f 5053/5053 5052/5052 4986/4986
f 5052/5052 4985/4985 4986/4986
f 5052/5052 4984/4984 4985/4985
f 4984/4984 5052/5052 5051/5051
f 5052/5052 5053/5053 5120/5120
f 5119/5119 5052/5052 5120/5120
f 5052/5052 5118/5118 5051/5051
f 5052/5052 5119/5119 5118/5118
f 4513/4513 4445/4445 4446/4446
f 4445/4445 4513/4513 4512/4512
f 4915/4915 4983/4983 4982/4982
f 4983/4983 4915/4915 4916/4916
f 4983/4983 5049/5049 4982/4982
f 4983/4983 5050/5050 5049/5049
f 5050/5050 4983/4983 5051/5051
f 4983/4983 4984/4984 5051/5051
f 4917/4917 4983/4983 4916/4916
f 4984/4984 4983/4983 4917/4917
f 4721/4721 4787/4787 4720/4720
f 4787/4787 4721/4721 4788/4788
f 5948/5948 5899/5899 5949/5949
f 5899/5899 5948/5948 5898/5898
f 5849/5849 5899/5899 5848/5848
f 5848/5848 5899/5899 5898/5898
f 5523/5523 5590/5590 5522/5522
f 5590/5590 5589/5589 5522/5522
f 5656/5656 5588/5588 5589/5589
f 5588/5588 5656/5656 5655/5655
f 5590/5590 5656/5656 5589/5589
f 5656/5656 5590/5590 5657/5657
f 5655/5655 5656/5656 5722/5722
f 5656/5656 5723/5723 5722/5722
f 5723/5723 5656/5656 5724/5724
f 5656/5656 5657/5657 5724/5724
f 5727/5727 5726/5726 5660/5660
f 5726/5726 5659/5659 5660/5660
f 5794/5794 5726/5726 5727/5727
f 5726/5726 5794/5794 5793/5793
f 5792/5792 5726/5726 5793/5793
f 5725/5725 5726/5726 5792/5792
f 5590/5590 5658/5658 5657/5657
f 5658/5658 5590/5590 5591/5591
f 5658/5658 5726/5726 5725/5725
f 5726/5726 5658/5658 5659/5659
f 5592/5592 5658/5658 5591/5591
f 5659/5659 5658/5658 5592/5592
f 5658/5658 5725/5725 5724/5724
f 5657/5657 5658/5658 5724/5724
f 5592/5592 5525/5525 5593/5593
f 5525/5525 5526/5526 5593/5593
f 5527/5527 5528/5528 5595/5595
f 5594/5594 5527/5527 5595/5595
f 5461/5461 5527/5527 5460/5460
f 5528/5528 5527/5527 5461/5461
f 5527/5527 5594/5594 5593/5593
f 5526/5526 5527/5527 5593/5593
f 5527/5527 5459/5459 5460/5460
f 5527/5527 5526/5526 5459/5459
f 5594/5594 5662/5662 5661/5661
f 5662/5662 5594/5594 5595/5595
f 5662/5662 5728/5728 5661/5661
f 5662/5662 5729/5729 5728/5728
f 5596/5596 5662/5662 5595/5595
f 5663/5663 5662/5662 5596/5596
f 5662/5662 5663/5663 5730/5730
f 5729/5729 5662/5662 5730/5730
f 5585/5585 5517/5517 5518/5518
f 5584/5584 5517/5517 5585/5585
f 5517/5517 5450/5450 5451/5451
f 5517/5517 5451/5451 5518/5518
f 5516/5516 5517/5517 5583/5583
f 5517/5517 5584/5584 5583/5583
f 5450/5450 5517/5517 5449/5449
f 5517/5517 5516/5516 5449/5449
f 5513/5513 5581/5581 5580/5580
f 5581/5581 5513/5513 5514/5514
f 5515/5515 5581/5581 5514/5514
f 5582/5582 5581/5581 5515/5515
f 5835/5835 5885/5885 5884/5884
f 5834/5834 5835/5835 5884/5884
f 5934/5934 5883/5883 5884/5884
f 5933/5933 5883/5883 5934/5934
f 6129/6129 6079/6079 6080/6080
f 6130/6130 6129/6129 6080/6080
f 6031/6031 6032/6032 6081/6081
f 6032/6032 6082/6082 6081/6081
f 6040/6040 5989/5989 5990/5990
f 5989/5989 6040/6040 6039/6039
f 5989/5989 5940/5940 5990/5990
f 5940/5940 5989/5989 5939/5939
f 6038/6038 5989/5989 6039/6039
f 5988/5988 5989/5989 6038/6038
f 5939/5939 5989/5989 5938/5938
f 5989/5989 5988/5988 5938/5938
f 5033/5033 5100/5100 5099/5099
f 5033/5033 5099/5099 5032/5032
f 4971/4971 4970/4970 4903/4903
f 4971/4971 4903/4903 4904/4904
f 5037/5037 4971/4971 5038/5038
f 4970/4970 4971/4971 5037/5037
f 4905/4905 4971/4971 4904/4904
f 4972/4972 4971/4971 4905/4905
f 4971/4971 5039/5039 5038/5038
f 4971/4971 4972/4972 5039/5039
f 5043/5043 5109/5109 5042/5042
f 5109/5109 5043/5043 5110/5110
f 5109/5109 5041/5041 5042/5042
f 5041/5041 5109/5109 5108/5108
f 5041/5041 5040/5040 4973/4973
f 4974/4974 5041/5041 4973/4973
f 5041/5041 4975/4975 5042/5042
f 5041/5041 4974/4974 4975/4975
f 5028/5028 4962/4962 5029/5029
f 4962/4962 5028/5028 4961/4961
f 5030/5030 4962/4962 4963/4963
f 4962/4962 5030/5030 5029/5029
f 4895/4895 4962/4962 4894/4894
f 4894/4894 4962/4962 4961/4961
f 4962/4962 4896/4896 4963/4963
f 4962/4962 4895/4895 4896/4896
f 5248/5248 5316/5316 5315/5315
f 5248/5248 5249/5249 5316/5316
f 4431/4431 4364/4364 4365/4365
f 4431/4431 4365/4365 4432/4432
f 4431/4431 4432/4432 4499/4499
f 4498/4498 4431/4431 4499/4499
f 4628/4628 4695/4695 4627/4627
f 4627/4627 4695/4695 4694/4694
f 4695/4695 4762/4762 4761/4761
f 4694/4694 4695/4695 4761/4761
f 4695/4695 4628/4628 4629/4629
f 4696/4696 4695/4695 4629/4629
f 4762/4762 4695/4695 4763/4763
f 4695/4695 4696/4696 4763/4763
f 4957/4957 4890/4890 4958/4958
f 4890/4890 4891/4891 4958/4958
f 4824/4824 4890/4890 4823/4823
f 4890/4890 4824/4824 4891/4891
f 4956/4956 4890/4890 4957/4957
f 4889/4889 4890/4890 4956/4956
f 4890/4890 4822/4822 4823/4823
f 4890/4890 4889/4889 4822/4822
f 4558/4558 4626/4626 4625/4625
f 4626/4626 4558/4558 4559/4559
f 4558/4558 4492/4492 4559/4559
f 4558/4558 4491/4491 4492/4492
f 5094/5094 5026/5026 5027/5027
f 5026/5026 5094/5094 5093/5093
f 5026/5026 5092/5092 5025/5025
f 5092/5092 5026/5026 5093/5093
f 5026/5026 5025/5025 4958/4958
f 4959/4959 5026/5026 4958/4958
f 5028/5028 4960/4960 4961/4961
f 4960/4960 5028/5028 5027/5027
f 4960/4960 5026/5026 4959/4959
f 5026/5026 4960/4960 5027/5027
f 4894/4894 4960/4960 4893/4893
f 4960/4960 4894/4894 4961/4961
f 4960/4960 4892/4892 4893/4893
f 4960/4960 4959/4959 4892/4892
f 505/505 440/440 506/506
f 440/440 441/441 506/506
f 685/685 619/619 620/620
f 619/619 685/685 684/684
f 160/160 159/159 95/95
f 159/159 94/94 95/95
f 116/116 117/117 181/181
f 117/117 182/182 181/181
f 182/182 117/117 183/183
f 117/117 118/118 183/183
f 168/168 103/103 104/104
f 168/168 104/104 169/169
f 5501/5501 5433/5433 5434/5434
f 5500/5500 5433/5433 5501/5501
f 5433/5433 5367/5367 5434/5434
f 5433/5433 5366/5366 5367/5367
f 5230/5230 5297/5297 5229/5229
f 5229/5229 5297/5297 5296/5296
f 5297/5297 5230/5230 5231/5231
f 5297/5297 5231/5231 5298/5298
f 5297/5297 5363/5363 5296/5296
f 5297/5297 5364/5364 5363/5363
f 5365/5365 5297/5297 5298/5298
f 5364/5364 5297/5297 5365/5365
f 702/702 766/766 701/701
f 766/766 702/702 767/767
f 5932/5932 5883/5883 5933/5933
f 5883/5883 5932/5932 5882/5882
f 5932/5932 5931/5931 5881/5881
f 5882/5882 5932/5932 5881/5881
f 5778/5778 5711/5711 5712/5712
f 5779/5779 5778/5778 5712/5712
f 5711/5711 5778/5778 5710/5710
f 5778/5778 5777/5777 5710/5710
f 5779/5779 5713/5713 5780/5780
f 5713/5713 5779/5779 5712/5712
f 5780/5780 5713/5713 5781/5781
f 5713/5713 5714/5714 5781/5781
f 5574/5574 5642/5642 5641/5641
f 5642/5642 5574/5574 5575/5575
f 5574/5574 5641/5641 5640/5640
f 5573/5573 5574/5574 5640/5640
f 5373/5373 5441/5441 5440/5440
f 5441/5441 5373/5373 5374/5374
f 5372/5372 5373/5373 5439/5439
f 5373/5373 5440/5440 5439/5439
f 5373/5373 5307/5307 5374/5374
f 5307/5307 5373/5373 5306/5306
f 5373/5373 5372/5372 5305/5305
f 5306/5306 5373/5373 5305/5305
f 5381/5381 5382/5382 5449/5449
f 5448/5448 5381/5381 5449/5449
f 5446/5446 5447/5447 5514/5514
f 5513/5513 5446/5446 5514/5514
f 5512/5512 5446/5446 5513/5513
f 5446/5446 5512/5512 5445/5445
f 5512/5512 5580/5580 5579/5579
f 5512/5512 5513/5513 5580/5580
f 5512/5512 5444/5444 5445/5445
f 5444/5444 5512/5512 5511/5511
f 5511/5511 5512/5512 5578/5578
f 5578/5578 5512/5512 5579/5579
f 4415/4415 4349/4349 4416/4416
f 4349/4349 4415/4415 4348/4348
f 4282/4282 4349/4349 4281/4281
f 4349/4349 4348/4348 4281/4281
f 4486/4486 4418/4418 4419/4419
f 4485/4485 4418/4418 4486/4486
f 4418/4418 4352/4352 4419/4419
f 4418/4418 4351/4351 4352/4352
f 4667/4667 4599/4599 4600/4600
f 4599/4599 4667/4667 4666/4666
f 4533/4533 4599/4599 4532/4532
f 4600/4600 4599/4599 4533/4533
f 4598/4598 4599/4599 4665/4665
f 4665/4665 4599/4599 4666/4666
f 4599/4599 4598/4598 4531/4531
f 4599/4599 4531/4531 4532/4532
f 4667/4667 4733/4733 4666/4666
f 4733/4733 4667/4667 4734/4734
f 4801/4801 4733/4733 4734/4734
f 4800/4800 4733/4733 4801/4801
f 4733/4733 4800/4800 4799/4799
f 4732/4732 4733/4733 4799/4799
f 4733/4733 4665/4665 4666/4666
f 4733/4733 4732/4732 4665/4665
f 4470/4470 4538/4538 4537/4537
f 4538/4538 4470/4470 4471/4471
f 4536/4536 4470/4470 4537/4537
f 4469/4469 4470/4470 4536/4536
f 5005/5005 5071/5071 5004/5004
f 5071/5071 5005/5005 5072/5072
f 5138/5138 5071/5071 5139/5139
f 5139/5139 5071/5071 5072/5072
f 4481/4481 4415/4415 4482/4482
f 4481/4481 4414/4414 4415/4415
f 4549/4549 4481/4481 4482/4482
f 4548/4548 4481/4481 4549/4549
f 4481/4481 4480/4480 4413/4413
f 4414/4414 4481/4481 4413/4413
f 4481/4481 4548/4548 4547/4547
f 4480/4480 4481/4481 4547/4547
f 4414/4414 4347/4347 4415/4415
f 4415/4415 4347/4347 4348/4348
f 4347/4347 4280/4280 4281/4281
f 4348/4348 4347/4347 4281/4281
f 4347/4347 4414/4414 4413/4413
f 4346/4346 4347/4347 4413/4413
f 4280/4280 4347/4347 4279/4279
f 4347/4347 4346/4346 4279/4279
f 4342/4342 4275/4275 4343/4343
f 4275/4275 4276/4276 4343/4343
f 4275/4275 4342/4342 4341/4341
f 4274/4274 4275/4275 4341/4341
f 4276/4276 4275/4275 4209/4209
f 4275/4275 4208/4208 4209/4209
f 4275/4275 4207/4207 4208/4208
f 4207/4207 4275/4275 4274/4274
f 4272/4272 4338/4338 4271/4271
f 4338/4338 4272/4272 4339/4339
f 4680/4680 4748/4748 4747/4747
f 4748/4748 4680/4680 4681/4681
f 4680/4680 4614/4614 4681/4681
f 4680/4680 4613/4613 4614/4614
f 4881/4881 4813/4813 4814/4814
f 4881/4881 4880/4880 4813/4813
f 4880/4880 4881/4881 4947/4947
f 4881/4881 4948/4948 4947/4947
f 4682/4682 4749/4749 4681/4681
f 4749/4749 4748/4748 4681/4681
f 4749/4749 4815/4815 4748/4748
f 4815/4815 4749/4749 4816/4816
f 4749/4749 4817/4817 4816/4816
f 4749/4749 4750/4750 4817/4817
f 4749/4749 4683/4683 4750/4750
f 4683/4683 4749/4749 4682/4682
f 4683/4683 4616/4616 4617/4617
f 4684/4684 4683/4683 4617/4617
f 4683/4683 4615/4615 4616/4616
f 4683/4683 4682/4682 4615/4615
f 4750/4750 4683/4683 4751/4751
f 4683/4683 4684/4684 4751/4751
f 4888/4888 4821/4821 4822/4822
f 4889/4889 4888/4888 4822/4822
f 4888/4888 4889/4889 4956/4956
f 4888/4888 4956/4956 4955/4955
f 4887/4887 4888/4888 4954/4954
f 4954/4954 4888/4888 4955/4955
f 4819/4819 4885/4885 4818/4818
f 4885/4885 4819/4819 4886/4886
f 5022/5022 4956/4956 5023/5023
f 4956/4956 5022/5022 4955/4955
f 5022/5022 5021/5021 4954/4954
f 5022/5022 4954/4954 4955/4955
f 5696/5696 5697/5697 5763/5763
f 5763/5763 5697/5697 5764/5764
f 5629/5629 5697/5697 5696/5696
f 5630/5630 5697/5697 5629/5629
f 5624/5624 5556/5556 5557/5557
f 5556/5556 5624/5624 5623/5623
f 5622/5622 5556/5556 5623/5623
f 5555/5555 5556/5556 5622/5622
f 8243/8243 8309/8309 8242/8242
f 8309/8309 8243/8243 8310/8310
f 8243/8243 8242/8242 8175/8175
f 8176/8176 8243/8243 8175/8175
f 7236/7236 7168/7168 7169/7169
f 7168/7168 7236/7236 7235/7235
f 7168/7168 7101/7101 7102/7102
f 7168/7168 7102/7102 7169/7169
f 7238/7238 7304/7304 7237/7237
f 7304/7304 7238/7238 7305/7305
f 7240/7240 7174/7174 7241/7241
f 7174/7174 7240/7240 7173/7173
f 7372/7372 7304/7304 7305/7305
f 7304/7304 7372/7372 7371/7371
f 7438/7438 7372/7372 7439/7439
f 7371/7371 7372/7372 7438/7438
f 7373/7373 7372/7372 7306/7306
f 7306/7306 7372/7372 7305/7305
f 7372/7372 7440/7440 7439/7439
f 7372/7372 7373/7373 7440/7440
f 7308/7308 7240/7240 7241/7241
f 7240/7240 7308/7308 7307/7307
f 7308/7308 7241/7241 7242/7242
f 7309/7309 7308/7308 7242/7242
f 7307/7307 7308/7308 7374/7374
f 7308/7308 7375/7375 7374/7374
f 7375/7375 7308/7308 7376/7376
f 7308/7308 7309/7309 7376/7376
f 7508/7508 7576/7576 7575/7575
f 7576/7576 7508/7508 7509/7509
f 7574/7574 7508/7508 7575/7575
f 7508/7508 7574/7574 7507/7507
f 7508/7508 7441/7441 7442/7442
f 7508/7508 7442/7442 7509/7509
f 7440/7440 7508/7508 7507/7507
f 7441/7441 7508/7508 7440/7440
f 7576/7576 7510/7510 7577/7577
f 7510/7510 7576/7576 7509/7509
f 7443/7443 7510/7510 7442/7442
f 7442/7442 7510/7510 7509/7509
f 8051/8051 8050/8050 7984/7984
f 8050/8050 7983/7983 7984/7984
f 8050/8050 7982/7982 7983/7983
f 8050/8050 8049/8049 7982/7982
f 7978/7978 8046/8046 8045/8045
f 8046/8046 7978/7978 7979/7979
f 7980/7980 7979/7979 7912/7912
f 7913/7913 7980/7980 7912/7912
f 8046/8046 7980/7980 8047/8047
f 7980/7980 8046/8046 7979/7979
f 7847/7847 7779/7779 7780/7780
f 7846/7846 7779/7779 7847/7847
f 7713/7713 7779/7779 7712/7712
f 7779/7779 7713/7713 7780/7780
f 7712/7712 7779/7779 7711/7711
f 7779/7779 7778/7778 7711/7711
f 7779/7779 7845/7845 7778/7778
f 7845/7845 7779/7779 7846/7846
f 7911/7911 7845/7845 7912/7912
f 7845/7845 7911/7911 7844/7844
f 7845/7845 7846/7846 7913/7913
f 7845/7845 7913/7913 7912/7912
f 7778/7778 7845/7845 7777/7777
f 7777/7777 7845/7845 7844/7844
f 7245/7245 7311/7311 7244/7244
f 7311/7311 7245/7245 7312/7312
f 7379/7379 7311/7311 7312/7312
f 7311/7311 7379/7379 7378/7378
f 7571/7571 7639/7639 7638/7638
f 7639/7639 7571/7571 7572/7572
f 7638/7638 7639/7639 7705/7705
f 7639/7639 7706/7706 7705/7705
f 7785/7785 7719/7719 7786/7786
f 7719/7719 7785/7785 7718/7718
f 7853/7853 7785/7785 7786/7786
f 7852/7852 7785/7785 7853/7853
f 8314/8314 8248/8248 8315/8315
f 8248/8248 8314/8314 8247/8247
f 8248/8248 8316/8316 8315/8315
f 8248/8248 8249/8249 8316/8316
f 7922/7922 7988/7988 7921/7921
f 7989/7989 7988/7988 7922/7922
f 8055/8055 7988/7988 8056/8056
f 7988/7988 7989/7989 8056/8056
f 8054/8054 8121/8121 8120/8120
f 8053/8053 8054/8054 8120/8120
f 8054/8054 8122/8122 8121/8121
f 8054/8054 8055/8055 8122/8122
f 6398/6398 6397/6397 6348/6348
f 6348/6348 6397/6397 6347/6347
f 6447/6447 6397/6397 6448/6448
f 6397/6397 6398/6398 6448/6448
f 6297/6297 6346/6346 6296/6296
f 6346/6346 6297/6297 6347/6347
f 6246/6246 6297/6297 6296/6296
f 6297/6297 6246/6246 6247/6247
f 6297/6297 6348/6348 6347/6347
f 6297/6297 6298/6298 6348/6348
f 6248/6248 6297/6297 6247/6247
f 6298/6298 6297/6297 6248/6248
f 6499/6499 6550/6550 6549/6549
f 6499/6499 6500/6500 6550/6550
f 6548/6548 6499/6499 6549/6549
f 6499/6499 6548/6548 6498/6498
f 6499/6499 6498/6498 6448/6448
f 6449/6449 6499/6499 6448/6448
f 6450/6450 6499/6499 6449/6449
f 6499/6499 6450/6450 6500/6500
f 6450/6450 6400/6400 6401/6401
f 6451/6451 6450/6450 6401/6401
f 6450/6450 6451/6451 6501/6501
f 6500/6500 6450/6450 6501/6501
f 6450/6450 6399/6399 6400/6400
f 6450/6450 6449/6449 6399/6399
f 7250/7250 7251/7251 7318/7318
f 7250/7250 7318/7318 7317/7317
f 7251/7251 7250/7250 7184/7184
f 7250/7250 7183/7183 7184/7184
f 7052/7052 7119/7119 7118/7118
f 7051/7051 7052/7052 7118/7118
f 7120/7120 7052/7052 7053/7053
f 7052/7052 7120/7120 7119/7119
f 7052/7052 7051/7051 6984/6984
f 6985/6985 7052/7052 6984/6984
f 7052/7052 6986/6986 7053/7053
f 7052/7052 6985/6985 6986/6986
f 7722/7722 7656/7656 7723/7723
f 7656/7656 7722/7722 7655/7655
f 7723/7723 7656/7656 7724/7724
f 7656/7656 7657/7657 7724/7724
f 7656/7656 7655/7655 7588/7588
f 7589/7589 7656/7656 7588/7588
f 7657/7657 7656/7656 7590/7590
f 7656/7656 7589/7589 7590/7590
f 7453/7453 7386/7386 7387/7387
f 7454/7454 7453/7453 7387/7387
f 942/942 943/943 1008/1008
f 1007/1007 942/942 1008/1008
f 88/88 154/154 153/153
f 154/154 88/88 89/89
f 221/221 156/156 157/157
f 221/221 157/157 222/222
f 287/287 221/221 222/222
f 221/221 287/287 286/286
f 2062/2062 2014/2014 2015/2015
f 2014/2014 2062/2062 2061/2061
f 1967/1967 2014/2014 1966/1966
f 2014/2014 1967/1967 2015/2015
f 2014/2014 1965/1965 1966/1966
f 1965/1965 2014/2014 2013/2013
f 2058/2058 2010/2010 2011/2011
f 2010/2010 2058/2058 2057/2057
f 2012/2012 1965/1965 2013/2013
f 1965/1965 2012/2012 1964/1964
f 2012/2012 2058/2058 2011/2011
f 2058/2058 2012/2012 2059/2059
f 1963/1963 2012/2012 2011/2011
f 2012/2012 1963/1963 1964/1964
f 1963/1963 2010/2010 1962/1962
f 2010/2010 1963/1963 2011/2011
f 1092/1092 1156/1156 1091/1091
f 1156/1156 1092/1092 1157/1157
f 1160/1160 1224/1224 1159/1159
f 1224/1224 1160/1160 1225/1225
f 1159/1159 1224/1224 1158/1158
f 1224/1224 1223/1223 1158/1158
f 1096/1096 1160/1160 1095/1095
f 1160/1160 1096/1096 1161/1161
f 1555/1555 1491/1491 1556/1556
f 1491/1491 1555/1555 1490/1490
f 1491/1491 1490/1490 1425/1425
f 1426/1426 1491/1491 1425/1425
f 1360/1360 1426/1426 1425/1425
f 1426/1426 1360/1360 1361/1361
f 1290/1290 1224/1224 1225/1225
f 1224/1224 1290/1290 1289/1289
f 1484/1484 1485/1485 1549/1549
f 1485/1485 1550/1550 1549/1549
f 1419/1419 1485/1485 1484/1484
f 1485/1485 1419/1419 1420/1420
f 1485/1485 1486/1486 1551/1551
f 1485/1485 1551/1551 1550/1550
f 1855/1855 1908/1908 1907/1907
f 1908/1908 1855/1855 1856/1856
f 1906/1906 1855/1855 1907/1907
f 1855/1855 1906/1906 1854/1854
f 1682/1682 1616/1616 1617/1617
f 1616/1616 1682/1682 1681/1681
f 1682/1682 1747/1747 1746/1746
f 1682/1682 1746/1746 1681/1681
f 1912/1912 1861/1861 1913/1913
f 1861/1861 1912/1912 1860/1860
f 1912/1912 1963/1963 1962/1962
f 1963/1963 1912/1912 1913/1913
f 1961/1961 1912/1912 1962/1962
f 1912/1912 1961/1961 1911/1911
f 1859/1859 1912/1912 1911/1911
f 1912/1912 1859/1859 1860/1860
f 1216/1216 1280/1280 1215/1215
f 1280/1280 1216/1216 1281/1281
f 1154/1154 1218/1218 1153/1153
f 1218/1218 1154/1154 1219/1219
f 1284/1284 1218/1218 1219/1219
f 1218/1218 1284/1284 1283/1283
f 175/175 111/111 176/176
f 111/111 175/175 110/110
f 698/698 633/633 699/699
f 633/633 634/634 699/699
f 298/298 297/297 232/232
f 233/233 298/298 232/232
f 297/297 298/298 362/362
f 298/298 363/363 362/362
f 298/298 364/364 363/363
f 364/364 298/298 299/299
f 430/430 364/364 365/365
f 364/364 430/430 429/429
f 368/368 303/303 304/304
f 369/369 368/368 304/304
f 1473/1473 1407/1407 1408/1408
f 1407/1407 1473/1473 1472/1472
f 1207/1207 1272/1272 1271/1271
f 1207/1207 1271/1271 1206/1206
f 1144/1144 1210/1210 1209/1209
f 1145/1145 1210/1210 1144/1144
f 1082/1082 1147/1147 1146/1146
f 1082/1082 1146/1146 1081/1081
f 1148/1148 1149/1149 1214/1214
f 1148/1148 1214/1214 1213/1213
f 1082/1082 1148/1148 1147/1147
f 1148/1148 1082/1082 1083/1083
f 1212/1212 1148/1148 1213/1213
f 1148/1148 1212/1212 1147/1147
f 1021/1021 957/957 1022/1022
f 957/957 1021/1021 956/956
f 893/893 828/828 829/829
f 893/893 829/829 894/894
f 1595/1595 1531/1531 1596/1596
f 1531/1531 1595/1595 1530/1530
f 1531/1531 1597/1597 1596/1596
f 1597/1597 1531/1531 1532/1532
f 4944/4944 5011/5011 4943/4943
f 4943/4943 5011/5011 5010/5010
f 5077/5077 5011/5011 5078/5078
f 5011/5011 5077/5077 5010/5010
f 5078/5078 5011/5011 5079/5079
f 5011/5011 5012/5012 5079/5079
f 5011/5011 4945/4945 5012/5012
f 4945/4945 5011/5011 4944/4944
f 4879/4879 4945/4945 4878/4878
f 4946/4946 4945/4945 4879/4879
f 4945/4945 4946/4946 5013/5013
f 5012/5012 4945/4945 5013/5013
f 4877/4877 4945/4945 4944/4944
f 4945/4945 4877/4877 4878/4878
f 4739/4739 4806/4806 4738/4738
f 4806/4806 4805/4805 4738/4738
f 4806/4806 4740/4740 4807/4807
f 4740/4740 4806/4806 4739/4739
f 4806/4806 4807/4807 4874/4874
f 4873/4873 4806/4806 4874/4874
f 4872/4872 4806/4806 4873/4873
f 4806/4806 4872/4872 4805/4805
f 4872/4872 4938/4938 4871/4871
f 4938/4938 4872/4872 4939/4939
f 4804/4804 4872/4872 4871/4871
f 4805/4805 4872/4872 4804/4804
f 4872/4872 4873/4873 4940/4940
f 4872/4872 4940/4940 4939/4939
f 4674/4674 4606/4606 4607/4607
f 4674/4674 4673/4673 4606/4606
f 4675/4675 4674/4674 4608/4608
f 4674/4674 4607/4607 4608/4608
f 4673/4673 4674/4674 4740/4740
f 4674/4674 4741/4741 4740/4740
f 4742/4742 4674/4674 4675/4675
f 4741/4741 4674/4674 4742/4742
f 5606/5606 5538/5538 5539/5539
f 5538/5538 5606/5606 5605/5605
f 5673/5673 5606/5606 5674/5674
f 5674/5674 5606/5606 5607/5607
f 5606/5606 5540/5540 5607/5607
f 5606/5606 5539/5539 5540/5540
f 5672/5672 5606/5606 5673/5673
f 5606/5606 5672/5672 5605/5605
f 5672/5672 5740/5740 5739/5739
f 5672/5672 5673/5673 5740/5740
f 5672/5672 5671/5671 5604/5604
f 5672/5672 5604/5604 5605/5605
f 5672/5672 5738/5738 5671/5671
f 5738/5738 5672/5672 5739/5739
f 5804/5804 5738/5738 5805/5805
f 5738/5738 5804/5804 5737/5737
f 5738/5738 5739/5739 5806/5806
f 5805/5805 5738/5738 5806/5806
f 5670/5670 5738/5738 5737/5737
f 5671/5671 5738/5738 5670/5670
f 5407/5407 5408/5408 5474/5474
f 5408/5408 5475/5475 5474/5474
f 5408/5408 5340/5340 5341/5341
f 5408/5408 5407/5407 5340/5340
f 5475/5475 5408/5408 5476/5476
f 5408/5408 5409/5409 5476/5476
f 5342/5342 5408/5408 5341/5341
f 5409/5409 5408/5408 5342/5342
f 5911/5911 5860/5860 5861/5861
f 5860/5860 5911/5911 5910/5910
f 5860/5860 5811/5811 5861/5861
f 5811/5811 5860/5860 5810/5810
f 5909/5909 5860/5860 5910/5910
f 5859/5859 5860/5860 5909/5909
f 5860/5860 5809/5809 5810/5810
f 5860/5860 5859/5859 5809/5809
f 5679/5679 5680/5680 5747/5747
f 5746/5746 5679/5679 5747/5747
f 5679/5679 5612/5612 5613/5613
f 5680/5680 5679/5679 5613/5613
f 5745/5745 5679/5679 5746/5746
f 5678/5678 5679/5679 5745/5745
f 5612/5612 5679/5679 5611/5611
f 5679/5679 5678/5678 5611/5611
f 6073/6073 6123/6123 6122/6122
f 6072/6072 6073/6073 6122/6122
f 6073/6073 6072/6072 6022/6022
f 6023/6023 6073/6073 6022/6022
f 6073/6073 6124/6124 6123/6123
f 6073/6073 6074/6074 6124/6124
f 6024/6024 6073/6073 6023/6023
f 6074/6074 6073/6073 6024/6024
f 6272/6272 6321/6321 6271/6271
f 6321/6321 6272/6272 6322/6322
f 6416/6416 6366/6366 6417/6417
f 6366/6366 6367/6367 6417/6417
f 6166/6166 6165/6165 6115/6115
f 6166/6166 6115/6115 6116/6116
f 6167/6167 6166/6166 6117/6117
f 6117/6117 6166/6166 6116/6116
f 5546/5546 5547/5547 5613/5613
f 5547/5547 5614/5614 5613/5613
f 5547/5547 5479/5479 5480/5480
f 5479/5479 5547/5547 5546/5546
f 5547/5547 5480/5480 5481/5481
f 5548/5548 5547/5547 5481/5481
f 5615/5615 5547/5547 5548/5548
f 5547/5547 5615/5615 5614/5614
f 5615/5615 5616/5616 5683/5683
f 5682/5682 5615/5615 5683/5683
f 5615/5615 5682/5682 5681/5681
f 5614/5614 5615/5615 5681/5681
f 5616/5616 5615/5615 5549/5549
f 5615/5615 5548/5548 5549/5549
f 1616/1616 1615/1615 1551/1551
f 1551/1551 1615/1615 1550/1550
f 1615/1615 1616/1616 1681/1681
f 1680/1680 1615/1615 1681/1681
f 1540/1540 1476/1476 1541/1541
f 1476/1476 1540/1540 1475/1475
f 1797/1797 1740/1740 1741/1741
f 1798/1798 1797/1797 1741/1741
f 1671/1671 1672/1672 1736/1736
f 1672/1672 1737/1737 1736/1736
f 1672/1672 1738/1738 1737/1737
f 1738/1738 1672/1672 1673/1673
f 1480/1480 1414/1414 1415/1415
f 1414/1414 1480/1480 1479/1479
f 1350/1350 1414/1414 1349/1349
f 1415/1415 1414/1414 1350/1350
f 1348/1348 1284/1284 1349/1349
f 1284/1284 1348/1348 1283/1283
f 1414/1414 1348/1348 1349/1349
f 1348/1348 1414/1414 1413/1413
f 1478/1478 1414/1414 1479/1479
f 1414/1414 1478/1478 1413/1413
f 2185/2185 2229/2229 2228/2228
f 2229/2229 2185/2185 2186/2186
f 1709/1709 1773/1773 1708/1708
f 1773/1773 1709/1709 1774/1774
f 1709/1709 1775/1775 1774/1774
f 1709/1709 1710/1710 1775/1775
f 1709/1709 1708/1708 1643/1643
f 1644/1644 1709/1709 1643/1643
f 1647/1647 1583/1583 1648/1648
f 1583/1583 1647/1647 1582/1582
f 1649/1649 1583/1583 1584/1584
f 1583/1583 1649/1649 1648/1648
f 1519/1519 1583/1583 1518/1518
f 1583/1583 1519/1519 1584/1584
f 1780/1780 1781/1781 1837/1837
f 1781/1781 1838/1838 1837/1837
f 1838/1838 1893/1893 1892/1892
f 1893/1893 1838/1838 1839/1839
f 1945/1945 1893/1893 1946/1946
f 1893/1893 1894/1894 1946/1946
f 1840/1840 1893/1893 1839/1839
f 1894/1894 1893/1893 1840/1840
f 1844/1844 1786/1786 1787/1787
f 1786/1786 1844/1844 1843/1843
f 1722/1722 1786/1786 1721/1721
f 1786/1786 1722/1722 1787/1787
f 1844/1844 1898/1898 1843/1843
f 1843/1843 1898/1898 1897/1897
f 2033/2033 1986/1986 2034/2034
f 1986/1986 2033/2033 1985/1985
f 1935/1935 1986/1986 1985/1985
f 1986/1986 1935/1935 1936/1936
f 2035/2035 1986/1986 1987/1987
f 1986/1986 2035/2035 2034/2034
f 1937/1937 1986/1986 1936/1936
f 1987/1987 1986/1986 1937/1937
f 2127/2127 2171/2171 2170/2170
f 2126/2126 2127/2127 2170/2170
f 2087/2087 2132/2132 2131/2131
f 2086/2086 2087/2087 2131/2131
f 1943/1943 1890/1890 1891/1891
f 1890/1890 1943/1943 1942/1942
f 1833/1833 1832/1832 1775/1775
f 1833/1833 1775/1775 1776/1776
f 1834/1834 1833/1833 1777/1777
f 1777/1777 1833/1833 1776/1776
f 1889/1889 1941/1941 1940/1940
f 1889/1889 1940/1940 1888/1888
f 1889/1889 1890/1890 1942/1942
f 1941/1941 1889/1889 1942/1942
f 1989/1989 2036/2036 1988/1988
f 2036/2036 1989/1989 2037/2037
f 1989/1989 1988/1988 1938/1938
f 1939/1939 1989/1989 1938/1938
f 1990/1990 1989/1989 1939/1939
f 1990/1990 1939/1939 1940/1940
f 1990/1990 2038/2038 2037/2037
f 1989/1989 1990/1990 2037/2037
f 1772/1772 1706/1706 1707/1707
f 1706/1706 1772/1772 1771/1771
f 1708/1708 1772/1772 1707/1707
f 1773/1773 1772/1772 1708/1708
f 862/862 796/796 797/797
f 862/862 861/861 796/796
f 1195/1195 1131/1131 1196/1196
f 1130/1130 1131/1131 1195/1195
f 1194/1194 1258/1258 1193/1193
f 1258/1258 1194/1194 1259/1259
f 1324/1324 1388/1388 1323/1323
f 1388/1388 1324/1324 1389/1389
f 1390/1390 1324/1324 1325/1325
f 1324/1324 1390/1390 1389/1389
f 1258/1258 1324/1324 1323/1323
f 1324/1324 1258/1258 1259/1259
f 1252/1252 1317/1317 1316/1316
f 1252/1252 1316/1316 1251/1251
f 82/82 148/148 147/147
f 148/148 82/82 83/83
f 218/218 152/152 153/153
f 218/218 217/217 152/152
f 346/346 410/410 345/345
f 410/410 346/346 411/411
f 480/480 544/544 479/479
f 544/544 480/480 545/545
f 287/287 351/351 286/286
f 351/351 287/287 352/352
f 286/286 351/351 285/285
f 351/351 350/350 285/285
f 672/672 671/671 607/607
f 607/607 671/671 606/606
f 671/671 672/672 737/737
f 736/736 671/671 737/737
f 610/610 674/674 609/609
f 674/674 610/610 675/675
f 605/605 541/541 606/606
f 541/541 605/605 540/540
f 541/541 607/607 606/606
f 541/541 542/542 607/607
f 477/477 541/541 476/476
f 542/542 541/541 477/477
f 873/873 872/872 807/807
f 808/808 873/873 807/807
f 546/546 482/482 547/547
f 482/482 546/546 481/481
f 546/546 610/610 545/545
f 610/610 546/546 611/611
f 546/546 480/480 481/481
f 480/480 546/546 545/545
f 611/611 546/546 612/612
f 546/546 547/547 612/612
f 741/741 806/806 805/805
f 741/741 805/805 740/740
f 678/678 614/614 679/679
f 614/614 678/678 613/613
f 1391/1391 1390/1390 1325/1325
f 1326/1326 1391/1391 1325/1325
f 1391/1391 1456/1456 1455/1455
f 1390/1390 1391/1391 1455/1455
f 1327/1327 1391/1391 1326/1326
f 1391/1391 1327/1327 1392/1392
f 1261/1261 1327/1327 1326/1326
f 1327/1327 1261/1261 1262/1262
f 1327/1327 1262/1262 1263/1263
f 1328/1328 1327/1327 1263/1263
f 1393/1393 1327/1327 1328/1328
f 1327/1327 1393/1393 1392/1392
f 1393/1393 1459/1459 1458/1458
f 1459/1459 1393/1393 1394/1394
f 1457/1457 1391/1391 1392/1392
f 1391/1391 1457/1457 1456/1456
f 1457/1457 1393/1393 1458/1458
f 1393/1393 1457/1457 1392/1392
f 1462/1462 1398/1398 1463/1463
f 1398/1398 1462/1462 1397/1397
f 1330/1330 1396/1396 1395/1395
f 1396/1396 1330/1330 1331/1331
f 1332/1332 1396/1396 1331/1331
f 1396/1396 1332/1332 1397/1397
f 1462/1462 1396/1396 1397/1397
f 1396/1396 1462/1462 1461/1461
f 1396/1396 1460/1460 1395/1395
f 1460/1460 1396/1396 1461/1461
f 1460/1460 1459/1459 1394/1394
f 1395/1395 1460/1460 1394/1394
f 868/868 802/802 803/803
f 802/802 868/868 867/867
f 866/866 802/802 867/867
f 801/801 802/802 866/866
f 802/802 736/736 737/737
f 802/802 801/801 736/736
f 998/998 997/997 932/932
f 998/998 932/932 933/933
f 997/997 998/998 1062/1062
f 998/998 1063/1063 1062/1062
f 1003/1003 1004/1004 1068/1068
f 1004/1004 1069/1069 1068/1068
f 2857/2857 2793/2793 2858/2858
f 2793/2793 2857/2857 2792/2792
f 2859/2859 2793/2793 2794/2794
f 2793/2793 2859/2859 2858/2858
f 2727/2727 2793/2793 2792/2792
f 2728/2728 2793/2793 2727/2727
f 2729/2729 2793/2793 2728/2728
f 2793/2793 2729/2729 2794/2794
f 2729/2729 2795/2795 2794/2794
f 2795/2795 2729/2729 2730/2730
f 2663/2663 2729/2729 2728/2728
f 2729/2729 2663/2663 2664/2664
f 2663/2663 2727/2727 2662/2662
f 2663/2663 2728/2728 2727/2727
f 2663/2663 2662/2662 2597/2597
f 2598/2598 2663/2663 2597/2597
f 2348/2348 2284/2284 2349/2349
f 2284/2284 2348/2348 2283/2283
f 2410/2410 2346/2346 2411/2411
f 2346/2346 2410/2410 2345/2345
f 2348/2348 2412/2412 2347/2347
f 2412/2412 2348/2348 2413/2413
f 2346/2346 2412/2412 2411/2411
f 2412/2412 2346/2346 2347/2347
f 59/59 2346/2346 2345/2345
f 11/11 59/59 2345/2345
f 2599/2599 2533/2533 2534/2534
f 2599/2599 2598/2598 2533/2533
f 2663/2663 2599/2599 2664/2664
f 2599/2599 2663/2663 2598/2598
f 2602/2602 2666/2666 2601/2601
f 2666/2666 2602/2602 2667/2667
f 2603/2603 2602/2602 2538/2538
f 2602/2602 2537/2537 2538/2538
f 2602/2602 2536/2536 2537/2537
f 2536/2536 2602/2602 2601/2601
f 2471/2471 2536/2536 2470/2470
f 2536/2536 2535/2535 2470/2470
f 2536/2536 2471/2471 2472/2472
f 2537/2537 2536/2536 2472/2472
f 2923/2923 2987/2987 2922/2922
f 2987/2987 2923/2923 2988/2988
f 3053/3053 2987/2987 2988/2988
f 2987/2987 3053/3053 3052/3052
f 2982/2982 2981/2981 2917/2917
f 2981/2981 2916/2916 2917/2917
f 2916/2916 2852/2852 2917/2917
f 2852/2852 2916/2916 2851/2851
f 2852/2852 2786/2786 2787/2787
f 2786/2786 2852/2852 2851/2851
f 2917/2917 2852/2852 2918/2918
f 2852/2852 2853/2853 2918/2918
f 4017/4017 4081/4081 4016/4016
f 4081/4081 4017/4017 4082/4082
f 4012/4012 3948/3948 4013/4013
f 3948/3948 4012/4012 3947/3947
f 4012/4012 3946/3946 3947/3947
f 4012/4012 4011/4011 3946/3946
f 4078/4078 4012/4012 4013/4013
f 4012/4012 4078/4078 4077/4077
f 4078/4078 4013/4013 4014/4014
f 4079/4079 4078/4078 4014/4014
f 6748/6748 6749/6749 6815/6815
f 6749/6749 6816/6816 6815/6815
f 6816/6816 6749/6749 6817/6817
f 6817/6817 6749/6749 6750/6750
f 3496/3496 3432/3432 3497/3497
f 3432/3432 3496/3496 3431/3431
f 3691/3691 3757/3757 3756/3756
f 3757/3757 3691/3691 3692/3692
f 3756/3756 3757/3757 3821/3821
f 3757/3757 3822/3822 3821/3821
f 3497/3497 3563/3563 3562/3562
f 3563/3563 3497/3497 3498/3498
f 3882/3882 3948/3948 3947/3947
f 3948/3948 3882/3882 3883/3883
f 3882/3882 3816/3816 3817/3817
f 3882/3882 3881/3881 3816/3816
f 3946/3946 3882/3882 3947/3947
f 3881/3881 3882/3882 3946/3946
f 3882/3882 3818/3818 3883/3883
f 3818/3818 3882/3882 3817/3817
f 3110/3110 3046/3046 3111/3111
f 3046/3046 3110/3110 3045/3045
f 3044/3044 3110/3110 3109/3109
f 3110/3110 3044/3044 3045/3045
f 3110/3110 3111/3111 3176/3176
f 3175/3175 3110/3110 3176/3176
f 3109/3109 3110/3110 3174/3174
f 3110/3110 3175/3175 3174/3174
f 3242/3242 3177/3177 3178/3178
f 3243/3243 3242/3242 3178/3178
f 3177/3177 3242/3242 3176/3176
f 3242/3242 3241/3241 3176/3176
f 3503/3503 3439/3439 3504/3504
f 3439/3439 3503/3503 3438/3438
f 3237/3237 3301/3301 3236/3236
f 3301/3301 3237/3237 3302/3302
f 3171/3171 3237/3237 3236/3236
f 3237/3237 3171/3171 3172/3172
f 2980/2980 3046/3046 3045/3045
f 2980/2980 2981/2981 3046/3046
f 2916/2916 2980/2980 2915/2915
f 2981/2981 2980/2980 2916/2916
f 2912/2912 2977/2977 2911/2911
f 2911/2911 2977/2977 2976/2976
f 2977/2977 2913/2913 2978/2978
f 2913/2913 2977/2977 2912/2912
f 2847/2847 2846/2846 2781/2781
f 2782/2782 2847/2847 2781/2781
f 2847/2847 2912/2912 2911/2911
f 2846/2846 2847/2847 2911/2911
f 2847/2847 2913/2913 2912/2912
f 2913/2913 2847/2847 2848/2848
f 3486/3486 3422/3422 3487/3487
f 3422/3422 3486/3486 3421/3421
f 3355/3355 3356/3356 3421/3421
f 3420/3420 3355/3355 3421/3421
f 3355/3355 3291/3291 3356/3356
f 3291/3291 3355/3355 3290/3290
f 3225/3225 3291/3291 3290/3290
f 3291/3291 3225/3225 3226/3226
f 2969/2969 3033/3033 2968/2968
f 3033/3033 2969/2969 3034/3034
f 3099/3099 3033/3033 3034/3034
f 3033/3033 3099/3099 3098/3098
f 3230/3230 3229/3229 3165/3165
f 3229/3229 3164/3164 3165/3165
f 2712/2712 2778/2778 2777/2777
f 2713/2713 2778/2778 2712/2712
f 2714/2714 2778/2778 2713/2713
f 2778/2778 2714/2714 2779/2779
f 2714/2714 2713/2713 2648/2648
f 2649/2649 2714/2714 2648/2648
f 2586/2586 2651/2651 2585/2585
f 2651/2651 2650/2650 2585/2585
f 2716/2716 2651/2651 2717/2717
f 2651/2651 2652/2652 2717/2717
f 2652/2652 2651/2651 2587/2587
f 2651/2651 2586/2586 2587/2587
f 2783/2783 2847/2847 2782/2782
f 2847/2847 2783/2783 2848/2848
f 2783/2783 2782/2782 2717/2717
f 2718/2718 2783/2783 2717/2717
f 2719/2719 2655/2655 2720/2720
f 2655/2655 2719/2719 2654/2654
f 2719/2719 2653/2653 2654/2654
f 2719/2719 2718/2718 2653/2653
f 2000/2000 2048/2048 1999/1999
f 2048/2048 2047/2047 1999/1999
f 2178/2178 2220/2220 2177/2177
f 2220/2220 2178/2178 2221/2221
f 2178/2178 2179/2179 2222/2222
f 2221/2221 2178/2178 2222/2222
f 2384/2384 2320/2320 2385/2385
f 2320/2320 2384/2384 2319/2319
f 2385/2385 2320/2320 2386/2386
f 2386/2386 2320/2320 2321/2321
f 2267/2267 2320/2320 2266/2266
f 2266/2266 2320/2320 2319/2319
f 2320/2320 2267/2267 2268/2268
f 2320/2320 2268/2268 2321/2321
f 2319/2319 2383/2383 2318/2318
f 2384/2384 2383/2383 2319/2319
f 2323/2323 2389/2389 2388/2388
f 2324/2324 2389/2389 2323/2323
f 2527/2527 2592/2592 2591/2591
f 2526/2526 2527/2527 2591/2591
f 2527/2527 2461/2461 2462/2462
f 2461/2461 2527/2527 2526/2526
f 2463/2463 2527/2527 2462/2462
f 2528/2528 2527/2527 2463/2463
f 2593/2593 2527/2527 2528/2528
f 2527/2527 2593/2593 2592/2592
f 2593/2593 2594/2594 2659/2659
f 2658/2658 2593/2593 2659/2659
f 2592/2592 2593/2593 2657/2657
f 2593/2593 2658/2658 2657/2657
f 2594/2594 2593/2593 2529/2529
f 2593/2593 2528/2528 2529/2529
f 2332/2332 2280/2280 2333/2333
f 2279/2279 2280/2280 2332/2332
f 3818/3818 3752/3752 3753/3753
f 3752/3752 3818/3818 3817/3817
f 3490/3490 3556/3556 3555/3555
f 3556/3556 3490/3490 3491/3491
f 3556/3556 3620/3620 3555/3555
f 3620/3620 3556/3556 3621/3621
f 3496/3496 3430/3430 3431/3431
f 3430/3430 3496/3496 3495/3495
f 3362/3362 3297/3297 3298/3298
f 3362/3362 3298/3298 3363/3363
f 3489/3489 3490/3490 3555/3555
f 3554/3554 3489/3489 3555/3555
f 3616/3616 3682/3682 3681/3681
f 3682/3682 3616/3616 3617/3617
f 3552/3552 3616/3616 3551/3551
f 3616/3616 3552/3552 3617/3617
f 3680/3680 3616/3616 3681/3681
f 3615/3615 3616/3616 3680/3680
f 3943/3943 4009/4009 4008/4008
f 4009/4009 3943/3943 3944/3944
f 4009/4009 4073/4073 4008/4008
f 4073/4073 4009/4009 4074/4074
f 3879/3879 3814/3814 3880/3880
f 3814/3814 3815/3815 3880/3880
f 3878/3878 3879/3879 3944/3944
f 3943/3943 3878/3878 3944/3944
f 3878/3878 3814/3814 3879/3879
f 3814/3814 3878/3878 3813/3813
f 3738/3738 3673/3673 3674/3674
f 3739/3739 3738/3738 3674/3674
f 3553/3553 3489/3489 3554/3554
f 3489/3489 3553/3553 3488/3488
f 3618/3618 3553/3553 3619/3619
f 3553/3553 3554/3554 3619/3619
f 3552/3552 3553/3553 3617/3617
f 3553/3553 3618/3618 3617/3617
f 3553/3553 3552/3552 3487/3487
f 3553/3553 3487/3487 3488/3488
f 3739/3739 3675/3675 3740/3740
f 3675/3675 3739/3739 3674/3674
f 3550/3550 3616/3616 3615/3615
f 3616/3616 3550/3550 3551/3551
f 3419/3419 3355/3355 3420/3420
f 3355/3355 3419/3419 3354/3354
f 3354/3354 3419/3419 3353/3353
f 3419/3419 3418/3418 3353/3353
f 3417/3417 3418/3418 3483/3483
f 3417/3417 3483/3483 3482/3482
f 3418/3418 3417/3417 3353/3353
f 3417/3417 3352/3352 3353/3353
f 3225/3225 3161/3161 3226/3226
f 3161/3161 3225/3225 3160/3160
f 3097/3097 3033/3033 3098/3098
f 3033/3033 3097/3097 3032/3032
f 3097/3097 3096/3096 3031/3031
f 3097/3097 3031/3031 3032/3032
f 3095/3095 3159/3159 3094/3094
f 3159/3159 3095/3095 3160/3160
f 3095/3095 3161/3161 3160/3160
f 3161/3161 3095/3095 3096/3096
f 2901/2901 2837/2837 2902/2902
f 2837/2837 2901/2901 2836/2836
f 2967/2967 2903/2903 2968/2968
f 2903/2903 2967/2967 2902/2902
f 2967/2967 3033/3033 3032/3032
f 3033/3033 2967/2967 2968/2968
f 2967/2967 2901/2901 2902/2902
f 2901/2901 2967/2967 2966/2966
f 3031/3031 2967/2967 3032/3032
f 2966/2966 2967/2967 3031/3031
f 2831/2831 2830/2830 2765/2765
f 2766/2766 2831/2831 2765/2765
f 2831/2831 2896/2896 2895/2895
f 2830/2830 2831/2831 2895/2895
f 2962/2962 3026/3026 2961/2961
f 3026/3026 2962/2962 3027/3027
f 2710/2710 2644/2644 2645/2645
f 2644/2644 2710/2710 2709/2709
f 2710/2710 2646/2646 2711/2711
f 2646/2646 2710/2710 2645/2645
f 2710/2710 2774/2774 2709/2709
f 2774/2774 2710/2710 2775/2775
f 2710/2710 2711/2711 2776/2776
f 2775/2775 2710/2710 2776/2776
f 2767/2767 2702/2702 2768/2768
f 2768/2768 2702/2702 2703/2703
f 2173/2173 2216/2216 2172/2172
f 2172/2172 2216/2216 2215/2215
f 2218/2218 2175/2175 2176/2176
f 2218/2218 2176/2176 2219/2219
f 2518/2518 2584/2584 2583/2583
f 2584/2584 2518/2518 2519/2519
f 2650/2650 2584/2584 2585/2585
f 2649/2649 2584/2584 2650/2650
f 2583/2583 2584/2584 2648/2648
f 2584/2584 2649/2649 2648/2648
f 2392/2392 2456/2456 2391/2391
f 2456/2456 2392/2392 2457/2457
f 2522/2522 2456/2456 2457/2457
f 2521/2521 2456/2456 2522/2522
f 2960/2960 2894/2894 2895/2895
f 2894/2894 2960/2960 2959/2959
f 2958/2958 2894/2894 2959/2959
f 2894/2894 2958/2958 2893/2893
f 6473/6473 6424/6424 6474/6474
f 6424/6424 6473/6473 6423/6423
f 6474/6474 6424/6424 6475/6475
f 6424/6424 6425/6425 6475/6475
f 6327/6327 6377/6377 6376/6376
f 6327/6327 6376/6376 6326/6326
f 6276/6276 6327/6327 6326/6326
f 6327/6327 6276/6276 6277/6277
f 6422/6422 6472/6472 6421/6421
f 6472/6472 6471/6471 6421/6421
f 6472/6472 6422/6422 6423/6423
f 6473/6473 6472/6472 6423/6423
f 6471/6471 6472/6472 6521/6521
f 6472/6472 6522/6522 6521/6521
f 6472/6472 6473/6473 6523/6523
f 6522/6522 6472/6472 6523/6523
f 3220/3220 3284/3284 3219/3219
f 3284/3284 3220/3220 3285/3285
f 3218/3218 3284/3284 3283/3283
f 3284/3284 3218/3218 3219/3219
f 3284/3284 3348/3348 3283/3283
f 3284/3284 3349/3349 3348/3348
f 6826/6826 6759/6759 6760/6760
f 6827/6827 6826/6826 6760/6760
f 6961/6961 7028/7028 7027/7027
f 6960/6960 6961/6961 7027/7027
f 7030/7030 7098/7098 7097/7097
f 7098/7098 7030/7030 7031/7031
f 7097/7097 7098/7098 7164/7164
f 7164/7164 7098/7098 7165/7165
f 7032/7032 7098/7098 7031/7031
f 7098/7098 7032/7032 7099/7099
f 6964/6964 7032/7032 7031/7031
f 7032/7032 6964/6964 6965/6965
f 6761/6761 6827/6827 6760/6760
f 6827/6827 6761/6761 6828/6828
f 6761/6761 6829/6829 6828/6828
f 6761/6761 6762/6762 6829/6829
f 6958/6958 7024/7024 6957/6957
f 7024/7024 6958/6958 7025/7025
f 6956/6956 7024/7024 7023/7023
f 7024/7024 6956/6956 6957/6957
f 7091/7091 7024/7024 7092/7092
f 7092/7092 7024/7024 7025/7025
f 7023/7023 7024/7024 7090/7090
f 7024/7024 7091/7091 7090/7090
f 3268/3268 3204/3204 3269/3269
f 3204/3204 3268/3268 3203/3203
f 3267/3267 3202/3202 3203/3203
f 3268/3268 3267/3267 3203/3203
f 3333/3333 3267/3267 3268/3268
f 3267/3267 3333/3333 3332/3332
f 3452/3452 3387/3387 3453/3453
f 3387/3387 3388/3388 3453/3453
f 3387/3387 3323/3323 3388/3388
f 3323/3323 3387/3387 3322/3322
f 3451/3451 3387/3387 3452/3452
f 3386/3386 3387/3387 3451/3451
f 3387/3387 3321/3321 3322/3322
f 3387/3387 3386/3386 3321/3321
f 3515/3515 3451/3451 3516/3516
f 3515/3515 3450/3450 3451/3451
f 3318/3318 3319/3319 3384/3384
f 3383/3383 3318/3318 3384/3384
f 3318/3318 3254/3254 3319/3319
f 3318/3318 3253/3253 3254/3254
f 3115/3115 3051/3051 3116/3116
f 3051/3051 3115/3115 3050/3050
f 3115/3115 3181/3181 3180/3180
f 3181/3181 3115/3115 3116/3116
f 3179/3179 3115/3115 3180/3180
f 3114/3114 3115/3115 3179/3179
f 3311/3311 3310/3310 3246/3246
f 3310/3310 3245/3245 3246/3246
f 3245/3245 3310/3310 3244/3244
f 3310/3310 3309/3309 3244/3244
f 3118/3118 3053/3053 3054/3054
f 3119/3119 3118/3118 3054/3054
f 3052/3052 3118/3118 3117/3117
f 3053/3053 3118/3118 3052/3052
f 3118/3118 3119/3119 3184/3184
f 3183/3183 3118/3118 3184/3184
f 3182/3182 3118/3118 3183/3183
f 3118/3118 3182/3182 3117/3117
f 3182/3182 3116/3116 3117/3117
f 3182/3182 3181/3181 3116/3116
f 3182/3182 3247/3247 3246/3246
f 3181/3181 3182/3182 3246/3246
f 3182/3182 3248/3248 3247/3247
f 3182/3182 3183/3183 3248/3248
f 3517/3517 3581/3581 3516/3516
f 3582/3582 3581/3581 3517/3517
f 3647/3647 3711/3711 3646/3646
f 3711/3711 3647/3647 3712/3712
f 3647/3647 3582/3582 3583/3583
f 3648/3648 3647/3647 3583/3583
f 3647/3647 3581/3581 3582/3582
f 3581/3581 3647/3647 3646/3646
f 3520/3520 3454/3454 3455/3455
f 3454/3454 3520/3520 3519/3519
f 3587/3587 3652/3652 3586/3586
f 3586/3586 3652/3652 3651/3651
f 3652/3652 3587/3587 3588/3588
f 3653/3653 3652/3652 3588/3588
f 6826/6826 6758/6758 6759/6759
f 6758/6758 6826/6826 6825/6825
f 3377/3377 3442/3442 3376/3376
f 3376/3376 3442/3442 3441/3441
f 3828/3828 3764/3764 3829/3829
f 3764/3764 3828/3828 3763/3763
f 3828/3828 3893/3893 3892/3892
f 3827/3827 3828/3828 3892/3892
f 3828/3828 3829/3829 3894/3894
f 3893/3893 3828/3828 3894/3894
f 4088/4088 4024/4024 4089/4089
f 4024/4024 4088/4088 4023/4023
f 3959/3959 4024/4024 3958/3958
f 3958/3958 4024/4024 4023/4023
f 7363/7363 7429/7429 7362/7362
f 7429/7429 7363/7363 7430/7430
f 7363/7363 7364/7364 7431/7431
f 7363/7363 7431/7431 7430/7430
f 7291/7291 7359/7359 7358/7358
f 7292/7292 7359/7359 7291/7291
f 7359/7359 7292/7292 7293/7293
f 7360/7360 7359/7359 7293/7293
f 7495/7495 7427/7427 7428/7428
f 7494/7494 7427/7427 7495/7495
f 7427/7427 7361/7361 7428/7428
f 7427/7427 7360/7360 7361/7361
f 7627/7627 7694/7694 7693/7693
f 7626/7626 7627/7627 7693/7693
f 7695/7695 7627/7627 7628/7628
f 7627/7627 7695/7695 7694/7694
f 7628/7628 7627/7627 7561/7561
f 7627/7627 7560/7560 7561/7561
f 7627/7627 7559/7559 7560/7560
f 7559/7559 7627/7627 7626/7626
f 7559/7559 7491/7491 7492/7492
f 7491/7491 7559/7559 7558/7558
f 7559/7559 7626/7626 7625/7625
f 7559/7559 7625/7625 7558/7558
f 7560/7560 7559/7559 7493/7493
f 7493/7493 7559/7559 7492/7492
f 7431/7431 7497/7497 7430/7430
f 7498/7498 7497/7497 7431/7431
f 7497/7497 7496/7496 7429/7429
f 7497/7497 7429/7429 7430/7430
f 7629/7629 7697/7697 7696/7696
f 7697/7697 7629/7629 7630/7630
f 6858/6858 6857/6857 6791/6791
f 6857/6857 6790/6790 6791/6791
f 6790/6790 6857/6857 6789/6789
f 6857/6857 6856/6856 6789/6789
f 6727/6727 6795/6795 6794/6794
f 6795/6795 6727/6727 6728/6728
f 6992/6992 6926/6926 6993/6993
f 6926/6926 6992/6992 6925/6925
f 6926/6926 6927/6927 6994/6994
f 6926/6926 6994/6994 6993/6993
f 6210/6210 6259/6259 6209/6209
f 6259/6259 6210/6210 6260/6260
f 6310/6310 6311/6311 6361/6361
f 6360/6360 6310/6310 6361/6361
f 6310/6310 6261/6261 6311/6311
f 6261/6261 6310/6310 6260/6260
f 6310/6310 6259/6259 6260/6260
f 6259/6259 6310/6310 6309/6309
f 6310/6310 6359/6359 6309/6309
f 6359/6359 6310/6310 6360/6360
f 6358/6358 6359/6359 6408/6408
f 6359/6359 6409/6409 6408/6408
f 6359/6359 6360/6360 6410/6410
f 6409/6409 6359/6359 6410/6410
f 6454/6454 6404/6404 6455/6455
f 6404/6404 6405/6405 6455/6455
f 6453/6453 6404/6404 6454/6454
f 6404/6404 6453/6453 6403/6403
f 6405/6405 6404/6404 6355/6355
f 6404/6404 6354/6354 6355/6355
f 6353/6353 6404/6404 6403/6403
f 6354/6354 6404/6404 6353/6353
f 6359/6359 6308/6308 6309/6309
f 6308/6308 6359/6359 6358/6358
f 6308/6308 6358/6358 6357/6357
f 6307/6307 6308/6308 6357/6357
f 5856/5856 5855/5855 5805/5805
f 5856/5856 5805/5805 5806/5806
f 5807/5807 5856/5856 5806/5806
f 5857/5857 5856/5856 5807/5807
f 6016/6016 5965/5965 5966/5966
f 6016/6016 6015/6015 5965/5965
f 6017/6017 6016/6016 5967/5967
f 5967/5967 6016/6016 5966/5966
f 6015/6015 6016/6016 6065/6065
f 6016/6016 6066/6066 6065/6065
f 6067/6067 6016/6016 6017/6017
f 6066/6066 6016/6016 6067/6067
f 5865/5865 5864/5864 5814/5814
f 5815/5815 5865/5865 5814/5814
f 5865/5865 5914/5914 5864/5864
f 5914/5914 5865/5865 5915/5915
f 5865/5865 5916/5916 5915/5915
f 5865/5865 5866/5866 5916/5916
f 5865/5865 5816/5816 5866/5866
f 5816/5816 5865/5865 5815/5815
f 5816/5816 5750/5750 5817/5817
f 5750/5750 5816/5816 5749/5749
f 5749/5749 5816/5816 5748/5748
f 5816/5816 5815/5815 5748/5748
f 5867/5867 5816/5816 5817/5817
f 5866/5866 5816/5816 5867/5867
f 6810/6810 6876/6876 6809/6809
f 6876/6876 6810/6810 6877/6877
f 6876/6876 6944/6944 6943/6943
f 6944/6944 6876/6876 6877/6877
f 6876/6876 6808/6808 6809/6809
f 6876/6876 6875/6875 6808/6808
f 6876/6876 6943/6943 6942/6942
f 6875/6875 6876/6876 6942/6942
f 6368/6368 6418/6418 6417/6417
f 6367/6367 6368/6368 6417/6417
f 6368/6368 6317/6317 6318/6318
f 6317/6317 6368/6368 6367/6367
f 6418/6418 6368/6368 6419/6419
f 6368/6368 6369/6369 6419/6419
f 6319/6319 6368/6368 6318/6318
f 6369/6369 6368/6368 6319/6319
f 6165/6165 6215/6215 6164/6164
f 6215/6215 6214/6214 6164/6164
f 6214/6214 6215/6215 6264/6264
f 6264/6264 6215/6215 6265/6265
f 6161/6161 6112/6112 6162/6162
f 6112/6112 6161/6161 6111/6111
f 6061/6061 6112/6112 6111/6111
f 6062/6062 6112/6112 6061/6061
f 6063/6063 6013/6013 6014/6014
f 6064/6064 6063/6063 6014/6014
f 6013/6013 6063/6063 6012/6012
f 6063/6063 6062/6062 6012/6012
f 7392/7392 7460/7460 7459/7459
f 7460/7460 7392/7392 7393/7393
f 7459/7459 7460/7460 7526/7526
f 7460/7460 7527/7527 7526/7526
f 7528/7528 7460/7460 7461/7461
f 7460/7460 7528/7528 7527/7527
f 7461/7461 7460/7460 7394/7394
f 7394/7394 7460/7460 7393/7393
f 7595/7595 7663/7663 7662/7662
f 7663/7663 7595/7595 7596/7596
f 7661/7661 7595/7595 7662/7662
f 7595/7595 7661/7661 7594/7594
f 7596/7596 7595/7595 7529/7529
f 7595/7595 7528/7528 7529/7529
f 7527/7527 7595/7595 7594/7594
f 7528/7528 7595/7595 7527/7527
f 7395/7395 7463/7463 7462/7462
f 7463/7463 7395/7395 7396/7396
f 7462/7462 7463/7463 7529/7529
f 7463/7463 7530/7530 7529/7529
f 7600/7600 7534/7534 7601/7601
f 7534/7534 7600/7600 7533/7533
f 7192/7192 7258/7258 7191/7191
f 7258/7258 7192/7192 7259/7259
f 7192/7192 7191/7191 7124/7124
f 7125/7125 7192/7192 7124/7124
f 7126/7126 7193/7193 7125/7125
f 7193/7193 7192/7192 7125/7125
f 7061/7061 7060/7060 6993/6993
f 6994/6994 7061/7061 6993/6993
f 7198/7198 7130/7130 7131/7131
f 7197/7197 7130/7130 7198/7198
f 7130/7130 7064/7064 7131/7131
f 7064/7064 7130/7130 7063/7063
f 7130/7130 7197/7197 7196/7196
f 7129/7129 7130/7130 7196/7196
f 7801/7801 7800/7800 7734/7734
f 7734/7734 7800/7800 7733/7733
f 7870/7870 7936/7936 7869/7869
f 7936/7936 7870/7870 7937/7937
f 7936/7936 8004/8004 8003/8003
f 8004/8004 7936/7936 7937/7937
f 7936/7936 7868/7868 7869/7869
f 7868/7868 7936/7936 7935/7935
f 7868/7868 7802/7802 7869/7869
f 7868/7868 7801/7801 7802/7802
f 7868/7868 7800/7800 7801/7801
f 7800/7800 7868/7868 7867/7867
f 7796/7796 7864/7864 7863/7863
f 7864/7864 7796/7796 7797/7797
f 7864/7864 7930/7930 7863/7863
f 7864/7864 7931/7931 7930/7930
f 7998/7998 8064/8064 7997/7997
f 7998/7998 8065/8065 8064/8064
f 7932/7932 7998/7998 7931/7931
f 7998/7998 7932/7932 7999/7999
f 7930/7930 7998/7998 7997/7997
f 7931/7931 7998/7998 7930/7930
f 7932/7932 8000/8000 7999/7999
f 8000/8000 7932/7932 7933/7933
f 8066/8066 7998/7998 7999/7999
f 7998/7998 8066/8066 8065/8065
f 8132/8132 8066/8066 8133/8133
f 8065/8065 8066/8066 8132/8132
f 8000/8000 8066/8066 7999/7999
f 8066/8066 8000/8000 8067/8067
f 8066/8066 8134/8134 8133/8133
f 8066/8066 8067/8067 8134/8134
f 6932/6932 6866/6866 6933/6933
f 6866/6866 6932/6932 6865/6865
f 6864/6864 6932/6932 6931/6931
f 6932/6932 6864/6864 6865/6865
f 7000/7000 6932/6932 6933/6933
f 6999/6999 6932/6932 7000/7000
f 6931/6931 6932/6932 6998/6998
f 6932/6932 6999/6999 6998/6998
f 3999/3999 3933/3933 3934/3934
f 3933/3933 3999/3999 3998/3998
f 3999/3999 4065/4065 4064/4064
f 4065/4065 3999/3999 4000/4000
f 3870/3870 3936/3936 3935/3935
f 3936/3936 3870/3870 3871/3871
f 3936/3936 3937/3937 4002/4002
f 4001/4001 3936/3936 4002/4002
f 3935/3935 3936/3936 4000/4000
f 3936/3936 4001/4001 4000/4000
f 7146/7146 7145/7145 7079/7079
f 7145/7145 7078/7078 7079/7079
f 7145/7145 7146/7146 7213/7213
f 7212/7212 7145/7145 7213/7213
f 7145/7145 7077/7077 7078/7078
f 7145/7145 7144/7144 7077/7077
f 7145/7145 7212/7212 7211/7211
f 7144/7144 7145/7145 7211/7211
f 7217/7217 7284/7284 7283/7283
f 7216/7216 7217/7217 7283/7283
f 7285/7285 7217/7217 7218/7218
f 7217/7217 7285/7285 7284/7284
f 7217/7217 7216/7216 7149/7149
f 7150/7150 7217/7217 7149/7149
f 4068/4068 4003/4003 4004/4004
f 4069/4069 4068/4068 4004/4004
f 4003/4003 4068/4068 4002/4002
f 4068/4068 4067/4067 4002/4002
f 3941/3941 3875/3875 3876/3876
f 3875/3875 3941/3941 3940/3940
f 6889/6889 6821/6821 6822/6822
f 6821/6821 6889/6889 6888/6888
f 6887/6887 6821/6821 6888/6888
f 6821/6821 6887/6887 6820/6820
f 6821/6821 6755/6755 6822/6822
f 6755/6755 6821/6821 6754/6754
f 6753/6753 6821/6821 6820/6820
f 6754/6754 6821/6821 6753/6753
f 6755/6755 6823/6823 6822/6822
f 6823/6823 6755/6755 6756/6756
f 7087/7087 7019/7019 7020/7020
f 7019/7019 7087/7087 7086/7086
f 7153/7153 7087/7087 7154/7154
f 7087/7087 7153/7153 7086/7086
f 7087/7087 7088/7088 7155/7155
f 7154/7154 7087/7087 7155/7155
f 7087/7087 7021/7021 7088/7088
f 7021/7021 7087/7087 7020/7020
f 6955/6955 7021/7021 6954/6954
f 7021/7021 6955/6955 7022/7022
f 7089/7089 7021/7021 7022/7022
f 7088/7088 7021/7021 7089/7089
f 6954/6954 7021/7021 6953/6953
f 7021/7021 7020/7020 6953/6953
f 7217/7217 7151/7151 7218/7218
f 7151/7151 7217/7217 7150/7150
f 7218/7218 7151/7151 7219/7219
f 7151/7151 7152/7152 7219/7219
f 7354/7354 7287/7287 7355/7355
f 7287/7287 7288/7288 7355/7355
f 7287/7287 7353/7353 7286/7286
f 7353/7353 7287/7287 7354/7354
f 7288/7288 7287/7287 7221/7221
f 7287/7287 7220/7220 7221/7221
f 7287/7287 7286/7286 7219/7219
f 7220/7220 7287/7287 7219/7219
f 7939/7939 8007/8007 8006/8006
f 8007/8007 7939/7939 7940/7940
f 7939/7939 8005/8005 7938/7938
f 7939/7939 8006/8006 8005/8005
f 7871/7871 7939/7939 7938/7938
f 7872/7872 7939/7939 7871/7871
f 7809/7809 7741/7741 7742/7742
f 7808/7808 7741/7741 7809/7809
f 7675/7675 7741/7741 7674/7674
f 7742/7742 7741/7741 7675/7675
f 7741/7741 7673/7673 7674/7674
f 7741/7741 7740/7740 7673/7673
f 7943/7943 8011/8011 8010/8010
f 8011/8011 7943/7943 7944/7944
f 8007/8007 7941/7941 8008/8008
f 7941/7941 8007/8007 7940/7940
f 7005/7005 7006/7006 7073/7073
f 7072/7072 7005/7005 7073/7073
f 7006/7006 7005/7005 6939/6939
f 7005/7005 6938/6938 6939/6939
f 6938/6938 7005/7005 6937/6937
f 7005/7005 7004/7004 6937/6937
f 7005/7005 7071/7071 7004/7004
f 7071/7071 7005/7005 7072/7072
f 7071/7071 7070/7070 7003/7003
f 7004/7004 7071/7071 7003/7003
f 7071/7071 7072/7072 7139/7139
f 7138/7138 7071/7071 7139/7139
f 7071/7071 7137/7137 7070/7070
f 7071/7071 7138/7138 7137/7137
f 7401/7401 7469/7469 7468/7468
f 7402/7402 7469/7469 7401/7401
f 7469/7469 7535/7535 7468/7468
f 7535/7535 7469/7469 7536/7536
f 7470/7470 7469/7469 7403/7403
f 7469/7469 7402/7402 7403/7403
f 7469/7469 7537/7537 7536/7536
f 7469/7469 7470/7470 7537/7537
f 7337/7337 7405/7405 7404/7404
f 7405/7405 7337/7337 7338/7338
f 7768/7768 7767/7767 7701/7701
f 7767/7767 7700/7700 7701/7701
f 7767/7767 7768/7768 7835/7835
f 7834/7834 7767/7767 7835/7835
f 7957/7957 7958/7958 8025/8025
f 8024/8024 7957/7957 8025/8025
f 7958/7958 7957/7957 7891/7891
f 7957/7957 7890/7890 7891/7891
f 7889/7889 7957/7957 7956/7956
f 7890/7890 7957/7957 7889/7889
f 8156/8156 8089/8089 8157/8157
f 8089/8089 8090/8090 8157/8157
f 8089/8089 8156/8156 8155/8155
f 8088/8088 8089/8089 8155/8155
f 8089/8089 8088/8088 8021/8021
f 8022/8022 8089/8089 8021/8021
f 8091/8091 8023/8023 8024/8024
f 8023/8023 8091/8091 8090/8090
f 7957/7957 8023/8023 7956/7956
f 8023/8023 7957/7957 8024/8024
f 8023/8023 8089/8089 8022/8022
f 8089/8089 8023/8023 8090/8090
f 8023/8023 8022/8022 7955/7955
f 8023/8023 7955/7955 7956/7956
f 7817/7817 7883/7883 7816/7816
f 7883/7883 7817/7817 7884/7884
f 7817/7817 7885/7885 7884/7884
f 7817/7817 7818/7818 7885/7885
f 8220/8220 8152/8152 8153/8153
f 8219/8219 8152/8152 8220/8220
f 8086/8086 8152/8152 8085/8085
f 8152/8152 8086/8086 8153/8153
f 8015/8015 8083/8083 8082/8082
f 8016/8016 8083/8083 8015/8015
f 8083/8083 8149/8149 8082/8082
f 8149/8149 8083/8083 8150/8150
f 8283/8283 8217/8217 8284/8284
f 8216/8216 8217/8217 8283/8283
f 8149/8149 8217/8217 8216/8216
f 8217/8217 8149/8149 8150/8150
f 4988/4988 4987/4987 4920/4920
f 4921/4921 4988/4988 4920/4920
f 4989/4989 4988/4988 4922/4922
f 4988/4988 4921/4921 4922/4922
f 5059/5059 4992/4992 4993/4993
f 5060/5060 5059/5059 4993/4993
f 5059/5059 5058/5058 4991/4991
f 4992/4992 5059/5059 4991/4991
f 5127/5127 5059/5059 5060/5060
f 5126/5126 5059/5059 5127/5127
f 5058/5058 5059/5059 5125/5125
f 5059/5059 5126/5126 5125/5125
f 5848/5848 5897/5897 5847/5847
f 5897/5897 5848/5848 5898/5898
f 6046/6046 5997/5997 6047/6047
f 5997/5997 6046/6046 5996/5996
f 5796/5796 5795/5795 5728/5728
f 5729/5729 5796/5796 5728/5728
f 5797/5797 5796/5796 5730/5730
f 5796/5796 5729/5729 5730/5730
f 5796/5796 5845/5845 5795/5795
f 5796/5796 5846/5846 5845/5845
f 5796/5796 5797/5797 5847/5847
f 5846/5846 5796/5796 5847/5847
f 5944/5944 5894/5894 5895/5895
f 5945/5945 5944/5944 5895/5895
f 5991/5991 5992/5992 6041/6041
f 5992/5992 6042/6042 6041/6041
f 6042/6042 5992/5992 6043/6043
f 5992/5992 5993/5993 6043/6043
f 6345/6345 6294/6294 6295/6295
f 6294/6294 6345/6345 6344/6344
f 6484/6484 6433/6433 6434/6434
f 6483/6483 6433/6433 6484/6484
f 6433/6433 6384/6384 6434/6434
f 6433/6433 6383/6383 6384/6384
f 6383/6383 6433/6433 6382/6382
f 6382/6382 6433/6433 6432/6432
f 6330/6330 6380/6380 6329/6329
f 6380/6380 6379/6379 6329/6329
f 6429/6429 6380/6380 6430/6430
f 6380/6380 6429/6429 6379/6379
f 6380/6380 6330/6330 6331/6331
f 6381/6381 6380/6380 6331/6331
f 6380/6380 6381/6381 6431/6431
f 6380/6380 6431/6431 6430/6430
f 6132/6132 6181/6181 6131/6131
f 6181/6181 6132/6132 6182/6182
f 6339/6339 6289/6289 6340/6340
f 6340/6340 6289/6289 6290/6290
f 6136/6136 6135/6135 6085/6085
f 6086/6086 6136/6136 6085/6085
f 6138/6138 6087/6087 6088/6088
f 6137/6137 6087/6087 6138/6138
f 6087/6087 6038/6038 6088/6088
f 6038/6038 6087/6087 6037/6037
f 6087/6087 6136/6136 6086/6086
f 6136/6136 6087/6087 6137/6137
f 6087/6087 6036/6036 6037/6037
f 6087/6087 6086/6086 6036/6036
f 6135/6135 6185/6185 6134/6134
f 6134/6134 6185/6185 6184/6184
f 6185/6185 6234/6234 6184/6184
f 6185/6185 6235/6235 6234/6234
f 6336/6336 6285/6285 6286/6286
f 6285/6285 6336/6336 6335/6335
f 6285/6285 6334/6334 6284/6284
f 6334/6334 6285/6285 6335/6335
f 6235/6235 6285/6285 6234/6234
f 6234/6234 6285/6285 6284/6284
f 6134/6134 6183/6183 6133/6133
f 6183/6183 6134/6134 6184/6184
f 6183/6183 6132/6132 6133/6133
f 6132/6132 6183/6183 6182/6182
f 6234/6234 6183/6183 6184/6184
f 6233/6233 6183/6183 6234/6234
f 6183/6183 6233/6233 6232/6232
f 6182/6182 6183/6183 6232/6232
f 6343/6343 6294/6294 6344/6344
f 6294/6294 6343/6343 6293/6293
f 6343/6343 6392/6392 6342/6342
f 6343/6343 6393/6393 6392/6392
f 6394/6394 6343/6343 6344/6344
f 6393/6393 6343/6343 6394/6394
f 7041/7041 6973/6973 6974/6974
f 7040/7040 6973/6973 7041/7041
f 6586/6586 6535/6535 6536/6536
f 6535/6535 6586/6586 6585/6585
f 6535/6535 6486/6486 6536/6536
f 6486/6486 6535/6535 6485/6485
f 6435/6435 6486/6486 6485/6485
f 6486/6486 6435/6435 6436/6436
f 6487/6487 6486/6486 6437/6437
f 6486/6486 6436/6436 6437/6437
f 6433/6433 6482/6482 6432/6432
f 6482/6482 6433/6433 6483/6483
f 7179/7179 7246/7246 7178/7178
f 7246/7246 7245/7245 7178/7178
f 7246/7246 7313/7313 7312/7312
f 7245/7245 7246/7246 7312/7312
f 7313/7313 7246/7246 7314/7314
f 7246/7246 7247/7247 7314/7314
f 7246/7246 7180/7180 7247/7247
f 7180/7180 7246/7246 7179/7179
f 7180/7180 7114/7114 7181/7181
f 7114/7114 7180/7180 7113/7113
f 7180/7180 7179/7179 7112/7112
f 7180/7180 7112/7112 7113/7113
f 7247/7247 7180/7180 7248/7248
f 7180/7180 7181/7181 7248/7248
f 6780/6780 6781/6781 6848/6848
f 6780/6780 6848/6848 6847/6847
f 6781/6781 6780/6780 6714/6714
f 6780/6780 6713/6713 6714/6714
f 6642/6642 6710/6710 6709/6709
f 6643/6643 6710/6710 6642/6642
f 6710/6710 6776/6776 6709/6709
f 6776/6776 6710/6710 6777/6777
f 6710/6710 6643/6643 6644/6644
f 6711/6711 6710/6710 6644/6644
f 6777/6777 6710/6710 6778/6778
f 6710/6710 6711/6711 6778/6778
f 6910/6910 6842/6842 6843/6843
f 6842/6842 6910/6910 6909/6909
f 6844/6844 6910/6910 6843/6843
f 6911/6911 6910/6910 6844/6844
f 7038/7038 7106/7106 7105/7105
f 7106/7106 7038/7038 7039/7039
f 7172/7172 7106/7106 7173/7173
f 7105/7105 7106/7106 7172/7172
f 7107/7107 7106/7106 7040/7040
f 7040/7040 7106/7106 7039/7039
f 7106/7106 7174/7174 7173/7173
f 7106/7106 7107/7107 7174/7174
f 7098/7098 7166/7166 7165/7165
f 7166/7166 7098/7098 7099/7099
f 7166/7166 7233/7233 7232/7232
f 7166/7166 7232/7232 7165/7165
f 7096/7096 7095/7095 7029/7029
f 7095/7095 7028/7028 7029/7029
f 7233/7233 7301/7301 7300/7300
f 7301/7301 7233/7233 7234/7234
f 7367/7367 7301/7301 7368/7368
f 7300/7300 7301/7301 7367/7367
f 7302/7302 7301/7301 7235/7235
f 7235/7235 7301/7301 7234/7234
f 7301/7301 7369/7369 7368/7368
f 7301/7301 7302/7302 7369/7369
f 2414/2414 2348/2348 2349/2349
f 2348/2348 2414/2414 2413/2413
f 2350/2350 2414/2414 2349/2349
f 2414/2414 2350/2350 2415/2415
f 2350/2350 2416/2416 2415/2415
f 2416/2416 2350/2350 2351/2351
f 2352/2352 2416/2416 2351/2351
f 2417/2417 2416/2416 2352/2352
f 1969/1969 1968/1968 1919/1919
f 1968/1968 1918/1918 1919/1919
f 1968/1968 1969/1969 2017/2017
f 2016/2016 1968/1968 2017/2017
f 1968/1968 2016/2016 2015/2015
f 1967/1967 1968/1968 2015/2015
f 2105/2105 2149/2149 2148/2148
f 2104/2104 2105/2105 2148/2148
f 1816/1816 1869/1869 1815/1815
f 1869/1869 1816/1816 1870/1870
f 1869/1869 1868/1868 1814/1814
f 1869/1869 1814/1814 1815/1815
f 1754/1754 1812/1812 1811/1811
f 1812/1812 1754/1754 1755/1755
f 1754/1754 1689/1689 1690/1690
f 1754/1754 1690/1690 1755/1755
f 1866/1866 1867/1867 1919/1919
f 1918/1918 1866/1866 1919/1919
f 1867/1867 1866/1866 1813/1813
f 1866/1866 1812/1812 1813/1813
f 2549/2549 2550/2550 2614/2614
f 2550/2550 2615/2615 2614/2614
f 2486/2486 2550/2550 2485/2485
f 2550/2550 2486/2486 2551/2551
f 2484/2484 2550/2550 2549/2549
f 2485/2485 2550/2550 2484/2484
f 3075/3075 3009/3009 3010/3010
f 3009/3009 3075/3075 3074/3074
f 2881/2881 2817/2817 2882/2882
f 2817/2817 2881/2881 2816/2816
f 2989/2989 3055/3055 3054/3054
f 3055/3055 2989/2989 2990/2990
f 3055/3055 3120/3120 3119/3119
f 3055/3055 3119/3119 3054/3054
f 2928/2928 2994/2994 2993/2993
f 2994/2994 2928/2928 2929/2929
f 2992/2992 2928/2928 2993/2993
f 2927/2927 2928/2928 2992/2992
f 2799/2799 2798/2798 2734/2734
f 2798/2798 2733/2733 2734/2734
f 3192/3192 3258/3258 3257/3257
f 3258/3258 3192/3192 3193/3193
f 3193/3193 3192/3192 3128/3128
f 3192/3192 3127/3127 3128/3128
f 2998/2998 3062/3062 2997/2997
f 3062/3062 2998/2998 3063/3063
f 3062/3062 2996/2996 2997/2997
f 3062/3062 3061/3061 2996/2996
f 3127/3127 3062/3062 3128/3128
f 3062/3062 3063/3063 3128/3128
f 2936/2936 3001/3001 2935/2935
f 2935/2935 3001/3001 3000/3000
f 2668/2668 2602/2602 2603/2603
f 2602/2602 2668/2668 2667/2667
f 2668/2668 2603/2603 2604/2604
f 2669/2669 2668/2668 2604/2604
f 2733/2733 2668/2668 2734/2734
f 2668/2668 2669/2669 2734/2734
f 1500/1500 1566/1566 1565/1565
f 1566/1566 1500/1500 1501/1501
f 1762/1762 1761/1761 1697/1697
f 1697/1697 1761/1761 1696/1696
f 1442/1442 1506/1506 1441/1441
f 1442/1442 1507/1507 1506/1506
f 1376/1376 1442/1442 1441/1441
f 1442/1442 1376/1376 1377/1377
f 1503/1503 1569/1569 1568/1568
f 1569/1569 1503/1503 1504/1504
f 1243/1243 1179/1179 1244/1244
f 1179/1179 1243/1243 1178/1178
f 1506/1506 1440/1440 1441/1441
f 1505/1505 1440/1440 1506/1506
f 1440/1440 1505/1505 1504/1504
f 1439/1439 1440/1440 1504/1504
f 1758/1758 1694/1694 1759/1759
f 1694/1694 1758/1758 1693/1693
f 1694/1694 1628/1628 1629/1629
f 1628/1628 1694/1694 1693/1693
f 1694/1694 1629/1629 1630/1630
f 1695/1695 1694/1694 1630/1630
f 1491/1491 1557/1557 1556/1556
f 1557/1557 1491/1491 1492/1492
f 1622/1622 1557/1557 1623/1623
f 1557/1557 1558/1558 1623/1623
f 1493/1493 1557/1557 1492/1492
f 1558/1558 1557/1557 1493/1493
f 1431/1431 1495/1495 1430/1430
f 1495/1495 1431/1431 1496/1496
f 1628/1628 1562/1562 1563/1563
f 1562/1562 1628/1628 1627/1627
f 1562/1562 1627/1627 1626/1626
f 1561/1561 1562/1562 1626/1626
f 1757/1757 1758/1758 1815/1815
f 1814/1814 1757/1757 1815/1815
f 1236/1236 1302/1302 1301/1301
f 1302/1302 1236/1236 1237/1237
f 1368/1368 1302/1302 1303/1303
f 1302/1302 1368/1368 1367/1367
f 1368/1368 1304/1304 1369/1369
f 1304/1304 1368/1368 1303/1303
f 1434/1434 1368/1368 1369/1369
f 1433/1433 1368/1368 1434/1434
f 1570/1570 1569/1569 1504/1504
f 1505/1505 1570/1570 1504/1504
f 1569/1569 1570/1570 1634/1634
f 1570/1570 1635/1635 1634/1634
f 1932/1932 1881/1881 1933/1933
f 1881/1881 1932/1932 1880/1880
f 655/655 591/591 656/656
f 591/591 655/655 590/590
f 525/525 591/591 590/590
f 526/526 591/591 525/525
f 466/466 530/530 465/465
f 530/530 466/466 531/531
f 462/462 398/398 463/463
f 398/398 462/462 397/397
f 721/721 722/722 786/786
f 722/722 787/787 786/786
f 722/722 788/788 787/787
f 788/788 722/722 723/723
f 724/724 788/788 723/723
f 788/788 724/724 789/789
f 1243/1243 1242/1242 1178/1178
f 1242/1242 1177/1177 1178/1178
f 339/339 275/275 340/340
f 275/275 339/339 274/274
f 339/339 405/405 404/404
f 405/405 339/339 340/340
f 1300/1300 1236/1236 1301/1301
f 1236/1236 1300/1300 1235/1235
f 1300/1300 1299/1299 1234/1234
f 1300/1300 1234/1234 1235/1235
f 1105/1105 1039/1039 1040/1040
f 1039/1039 1105/1105 1104/1104
f 1302/1302 1238/1238 1303/1303
f 1238/1238 1302/1302 1237/1237
f 1238/1238 1304/1304 1303/1303
f 1304/1304 1238/1238 1239/1239
f 1238/1238 1174/1174 1239/1239
f 1174/1174 1238/1238 1173/1173
f 4382/4382 4314/4314 4315/4315
f 4314/4314 4382/4382 4381/4381
f 4517/4517 4585/4585 4584/4584
f 4585/4585 4517/4517 4518/4518
f 4250/4250 4184/4184 4251/4251
f 4184/4184 4250/4250 4183/4183
f 4779/4779 4847/4847 4846/4846
f 4847/4847 4779/4779 4780/4780
f 4579/4579 4645/4645 4578/4578
f 4645/4645 4579/4579 4646/4646
f 4511/4511 4579/4579 4578/4578
f 4579/4579 4511/4511 4512/4512
f 4515/4515 4583/4583 4582/4582
f 4583/4583 4515/4515 4516/4516
f 4583/4583 4651/4651 4650/4650
f 4651/4651 4583/4583 4584/4584
f 4583/4583 4517/4517 4584/4584
f 4517/4517 4583/4583 4516/4516
f 4649/4649 4583/4583 4650/4650
f 4583/4583 4649/4649 4582/4582
f 4717/4717 4649/4649 4650/4650
f 4649/4649 4717/4717 4716/4716
f 4715/4715 4649/4649 4716/4716
f 4648/4648 4649/4649 4715/4715
f 4649/4649 4648/4648 4581/4581
f 4582/4582 4649/4649 4581/4581
f 4853/4853 4854/4854 4920/4920
f 4854/4854 4921/4921 4920/4920
f 4854/4854 4855/4855 4922/4922
f 4921/4921 4854/4854 4922/4922
f 4855/4855 4854/4854 4788/4788
f 4854/4854 4787/4787 4788/4788
f 4854/4854 4786/4786 4787/4787
f 4786/4786 4854/4854 4853/4853
f 4719/4719 4786/4786 4718/4718
f 4786/4786 4785/4785 4718/4718
f 4785/4785 4786/4786 4852/4852
f 4786/4786 4853/4853 4852/4852
f 4720/4720 4786/4786 4719/4719
f 4787/4787 4786/4786 4720/4720
f 5901/5901 5902/5902 5952/5952
f 5901/5901 5952/5952 5951/5951
f 5457/5457 5456/5456 5389/5389
f 5457/5457 5389/5389 5390/5390
f 5836/5836 5787/5787 5837/5837
f 5836/5836 5786/5786 5787/5787
f 5887/5887 5836/5836 5837/5837
f 5836/5836 5887/5887 5886/5886
f 5885/5885 5836/5836 5886/5886
f 5835/5835 5836/5836 5885/5885
f 5785/5785 5836/5836 5835/5835
f 5836/5836 5785/5785 5786/5786
f 5785/5785 5717/5717 5718/5718
f 5717/5717 5785/5785 5784/5784
f 5785/5785 5718/5718 5719/5719
f 5786/5786 5785/5785 5719/5719
f 5785/5785 5834/5834 5784/5784
f 5785/5785 5835/5835 5834/5834
f 5983/5983 5933/5933 5934/5934
f 5984/5984 5983/5983 5934/5934
f 6094/6094 6143/6143 6093/6093
f 6143/6143 6094/6094 6144/6144
f 6092/6092 6091/6091 6041/6041
f 6042/6042 6092/6092 6041/6041
f 6092/6092 6043/6043 6093/6093
f 6092/6092 6042/6042 6043/6043
f 6092/6092 6143/6143 6142/6142
f 6143/6143 6092/6092 6093/6093
f 6141/6141 6092/6092 6142/6142
f 6092/6092 6141/6141 6091/6091
f 6141/6141 6190/6190 6140/6140
f 6190/6190 6141/6141 6191/6191
f 6091/6091 6141/6141 6090/6090
f 6141/6141 6140/6140 6090/6090
f 4900/4900 4966/4966 4899/4899
f 4967/4967 4966/4966 4900/4900
f 4898/4898 4966/4966 4965/4965
f 4966/4966 4898/4898 4899/4899
f 4965/4965 4966/4966 5032/5032
f 4966/4966 5033/5033 5032/5032
f 4966/4966 5034/5034 5033/5033
f 5034/5034 4966/4966 4967/4967
f 5034/5034 5035/5035 5102/5102
f 5101/5101 5034/5034 5102/5102
f 5034/5034 4968/4968 5035/5035
f 5034/5034 4967/4967 4968/4968
f 5100/5100 5034/5034 5101/5101
f 5033/5033 5034/5034 5100/5100
f 5111/5111 5177/5177 5110/5110
f 5178/5178 5177/5177 5111/5111
f 5177/5177 5178/5178 5245/5245
f 5244/5244 5177/5177 5245/5245
f 5176/5176 5109/5109 5110/5110
f 5177/5177 5176/5176 5110/5110
f 5114/5114 5181/5181 5113/5113
f 5181/5181 5180/5180 5113/5113
f 5182/5182 5181/5181 5115/5115
f 5181/5181 5114/5114 5115/5115
f 5180/5180 5181/5181 5247/5247
f 5181/5181 5248/5248 5247/5247
f 5249/5249 5181/5181 5182/5182
f 5248/5248 5181/5181 5249/5249
f 4563/4563 4497/4497 4564/4564
f 4497/4497 4563/4563 4496/4496
f 4564/4564 4497/4497 4565/4565
f 4497/4497 4498/4498 4565/4565
f 4623/4623 4557/4557 4624/4624
f 4556/4556 4557/4557 4623/4623
f 4557/4557 4625/4625 4624/4624
f 4557/4557 4558/4558 4625/4625
f 5107/5107 5041/5041 5108/5108
f 5041/5041 5107/5107 5040/5040
f 5039/5039 5107/5107 5106/5106
f 5040/5040 5107/5107 5039/5039
f 5240/5240 5306/5306 5239/5239
f 5240/5240 5307/5307 5306/5306
f 179/179 244/244 178/178
f 244/244 243/243 178/178
f 244/244 179/179 180/180
f 245/245 244/244 180/180
f 439/439 373/373 374/374
f 373/373 439/439 438/438
f 438/438 439/439 503/503
f 503/503 439/439 504/504
f 375/375 439/439 374/374
f 439/439 375/375 440/440
f 439/439 440/440 505/505
f 439/439 505/505 504/504
f 306/306 372/372 371/371
f 372/372 306/306 307/307
f 372/372 438/438 437/437
f 372/372 373/373 438/438
f 244/244 308/308 243/243
f 308/308 244/244 309/309
f 372/372 308/308 373/373
f 308/308 372/372 307/307
f 242/242 308/308 307/307
f 308/308 242/242 243/243
f 373/373 308/308 374/374
f 374/374 308/308 309/309
f 228/228 294/294 293/293
f 294/294 228/228 229/229
f 230/230 294/294 229/229
f 294/294 230/230 295/295
f 294/294 358/358 293/293
f 358/358 294/294 359/359
f 358/358 292/292 293/293
f 358/358 357/357 292/292
f 813/813 879/879 878/878
f 879/879 813/813 814/814
f 298/298 234/234 299/299
f 234/234 298/298 233/233
f 234/234 168/168 169/169
f 168/168 234/234 233/233
f 170/170 234/234 169/169
f 234/234 170/170 235/235
f 104/104 170/170 169/169
f 105/105 170/170 104/104
f 171/171 170/170 106/106
f 170/170 105/105 106/106
f 177/177 113/113 178/178
f 113/113 177/177 112/112
f 111/111 177/177 176/176
f 177/177 111/111 112/112
f 242/242 177/177 243/243
f 243/243 177/177 178/178
f 246/246 180/180 181/181
f 246/246 245/245 180/180
f 312/312 246/246 247/247
f 246/246 312/312 311/311
f 182/182 246/246 181/181
f 247/247 246/246 182/182
f 101/101 167/167 166/166
f 167/167 101/101 102/102
f 167/167 168/168 233/233
f 167/167 233/233 232/232
f 168/168 167/167 103/103
f 103/103 167/167 102/102
f 5364/5364 5432/5432 5431/5431
f 5432/5432 5364/5364 5365/5365
f 5432/5432 5498/5498 5431/5431
f 5498/5498 5432/5432 5499/5499
f 5366/5366 5432/5432 5365/5365
f 5433/5433 5432/5432 5366/5366
f 5432/5432 5500/5500 5499/5499
f 5432/5432 5433/5433 5500/5500
f 187/187 122/122 123/123
f 187/187 123/123 188/188
f 191/191 125/125 126/126
f 125/125 191/191 190/190
f 123/123 189/189 188/188
f 189/189 123/123 124/124
f 189/189 125/125 190/190
f 125/125 189/189 124/124
f 843/843 908/908 842/842
f 908/908 907/907 842/842
f 907/907 841/841 842/842
f 841/841 907/907 906/906
f 703/703 637/637 638/638
f 703/703 702/702 637/637
f 505/505 570/570 504/504
f 504/504 570/570 569/569
f 570/570 505/505 506/506
f 571/571 570/570 506/506
f 636/636 702/702 701/701
f 702/702 636/636 637/637
f 636/636 572/572 637/637
f 572/572 636/636 571/571
f 572/572 571/571 506/506
f 507/507 572/572 506/506
f 582/582 583/583 647/647
f 583/583 648/648 647/647
f 5578/5578 5646/5646 5645/5645
f 5646/5646 5578/5578 5579/5579
f 5645/5645 5646/5646 5712/5712
f 5646/5646 5713/5713 5712/5712
f 5509/5509 5577/5577 5576/5576
f 5577/5577 5509/5509 5510/5510
f 5508/5508 5576/5576 5575/5575
f 5508/5508 5509/5509 5576/5576
f 5243/5243 5177/5177 5244/5244
f 5243/5243 5176/5176 5177/5177
f 5314/5314 5248/5248 5315/5315
f 5248/5248 5314/5314 5247/5247
f 5382/5382 5314/5314 5315/5315
f 5381/5381 5314/5314 5382/5382
f 4350/4350 4283/4283 4284/4284
f 4351/4351 4350/4350 4284/4284
f 4350/4350 4282/4282 4283/4283
f 4350/4350 4349/4349 4282/4282
f 4403/4403 4337/4337 4404/4404
f 4337/4337 4403/4403 4336/4336
f 4471/4471 4403/4403 4404/4404
f 4470/4470 4403/4403 4471/4471
f 5069/5069 5070/5070 5136/5136
f 5070/5070 5137/5137 5136/5136
f 5070/5070 5069/5069 5002/5002
f 5003/5003 5070/5070 5002/5002
f 5137/5137 5070/5070 5138/5138
f 5070/5070 5071/5071 5138/5138
f 5070/5070 5003/5003 5004/5004
f 5071/5071 5070/5070 5004/5004
f 4137/4137 4205/4205 4204/4204
f 4205/4205 4137/4137 4138/4138
f 4204/4204 4205/4205 4271/4271
f 4205/4205 4272/4272 4271/4271
f 4611/4611 4679/4679 4678/4678
f 4612/4612 4679/4679 4611/4611
f 4745/4745 4679/4679 4746/4746
f 4678/4678 4679/4679 4745/4745
f 4613/4613 4679/4679 4612/4612
f 4680/4680 4679/4679 4613/4613
f 4679/4679 4747/4747 4746/4746
f 4679/4679 4680/4680 4747/4747
f 4882/4882 4883/4883 4950/4950
f 4949/4949 4882/4882 4950/4950
f 4883/4883 4882/4882 4816/4816
f 4882/4882 4815/4815 4816/4816
f 4882/4882 4949/4949 4948/4948
f 4881/4881 4882/4882 4948/4948
f 4815/4815 4882/4882 4814/4814
f 4882/4882 4881/4881 4814/4814
f 4684/4684 4752/4752 4751/4751
f 4752/4752 4684/4684 4685/4685
f 4752/4752 4818/4818 4751/4751
f 4752/4752 4819/4819 4818/4818
f 4820/4820 4888/4888 4887/4887
f 4888/4888 4820/4820 4821/4821
f 4820/4820 4887/4887 4886/4886
f 4819/4819 4820/4820 4886/4886
f 5155/5155 5089/5089 5156/5156
f 5088/5088 5089/5089 5155/5155
f 5089/5089 5157/5157 5156/5156
f 5089/5089 5090/5090 5157/5157
f 5089/5089 5088/5088 5021/5021
f 5022/5022 5089/5089 5021/5021
f 5090/5090 5089/5089 5023/5023
f 5089/5089 5022/5022 5023/5023
f 5631/5631 5564/5564 5565/5565
f 5632/5632 5631/5631 5565/5565
f 5564/5564 5631/5631 5563/5563
f 5631/5631 5630/5630 5563/5563
f 5420/5420 5488/5488 5487/5487
f 5421/5421 5488/5488 5420/5420
f 5488/5488 5554/5554 5487/5487
f 5488/5488 5555/5555 5554/5554
f 8312/8312 8244/8244 8245/8245
f 8311/8311 8244/8244 8312/8312
f 8244/8244 8311/8311 8310/8310
f 8243/8243 8244/8244 8310/8310
f 7171/7171 7105/7105 7172/7172
f 7105/7105 7171/7171 7104/7104
f 7170/7170 7171/7171 7237/7237
f 7171/7171 7238/7238 7237/7237
f 7171/7171 7239/7239 7238/7238
f 7239/7239 7171/7171 7172/7172
f 7238/7238 7239/7239 7305/7305
f 7239/7239 7306/7306 7305/7305
f 7239/7239 7307/7307 7306/7306
f 7239/7239 7240/7240 7307/7307
f 7239/7239 7172/7172 7173/7173
f 7240/7240 7239/7239 7173/7173
f 7577/7577 7578/7578 7644/7644
f 7578/7578 7645/7645 7644/7644
f 7645/7645 7578/7578 7646/7646
f 7578/7578 7579/7579 7646/7646
f 8116/8116 8183/8183 8182/8182
f 8115/8115 8116/8116 8182/8182
f 8048/8048 8116/8116 8115/8115
f 8116/8116 8048/8048 8049/8049
f 7580/7580 7512/7512 7513/7513
f 7579/7579 7512/7512 7580/7580
f 7447/7447 7446/7446 7380/7380
f 7446/7446 7379/7379 7380/7380
f 7446/7446 7514/7514 7513/7513
f 7446/7446 7447/7447 7514/7514
f 7379/7379 7446/7446 7378/7378
f 7446/7446 7445/7445 7378/7378
f 7446/7446 7512/7512 7445/7445
f 7512/7512 7446/7446 7513/7513
f 7309/7309 7310/7310 7376/7376
f 7310/7310 7377/7377 7376/7376
f 7243/7243 7310/7310 7242/7242
f 7310/7310 7309/7309 7242/7242
f 7310/7310 7311/7311 7378/7378
f 7377/7377 7310/7310 7378/7378
f 7244/7244 7310/7310 7243/7243
f 7311/7311 7310/7310 7244/7244
f 7707/7707 7708/7708 7775/7775
f 7707/7707 7775/7775 7774/7774
f 7706/7706 7707/7707 7773/7773
f 7773/7773 7707/7707 7774/7774
f 7918/7918 7985/7985 7984/7984
f 7917/7917 7918/7918 7984/7984
f 7918/7918 7986/7986 7985/7985
f 7986/7986 7918/7918 7919/7919
f 7918/7918 7852/7852 7919/7919
f 7918/7918 7851/7851 7852/7852
f 7918/7918 7850/7850 7851/7851
f 7850/7850 7918/7918 7917/7917
f 7782/7782 7850/7850 7849/7849
f 7783/7783 7850/7850 7782/7782
f 7850/7850 7916/7916 7849/7849
f 7850/7850 7917/7917 7916/7916
f 7784/7784 7850/7850 7783/7783
f 7850/7850 7784/7784 7851/7851
f 7784/7784 7783/7783 7716/7716
f 7717/7717 7784/7784 7716/7716
f 7784/7784 7717/7717 7718/7718
f 7785/7785 7784/7784 7718/7718
f 7784/7784 7785/7785 7852/7852
f 7851/7851 7784/7784 7852/7852
f 8249/8249 8181/8181 8182/8182
f 8248/8248 8181/8181 8249/8249
f 7987/7987 7920/7920 7921/7921
f 7988/7988 7987/7987 7921/7921
f 7920/7920 7987/7987 7919/7919
f 7987/7987 7986/7986 7919/7919
f 7987/7987 7988/7988 8055/8055
f 8054/8054 7987/7987 8055/8055
f 7987/7987 8053/8053 7986/7986
f 7987/7987 8054/8054 8053/8053
f 6396/6396 6345/6345 6346/6346
f 6396/6396 6395/6395 6345/6345
f 6445/6445 6396/6396 6446/6446
f 6395/6395 6396/6396 6445/6445
f 6397/6397 6396/6396 6347/6347
f 6396/6396 6346/6346 6347/6347
f 6396/6396 6447/6447 6446/6446
f 6396/6396 6397/6397 6447/6447
f 7315/7315 7249/7249 7316/7316
f 7249/7249 7315/7315 7248/7248
f 7249/7249 7181/7181 7182/7182
f 7181/7181 7249/7249 7248/7248
f 7316/7316 7249/7249 7317/7317
f 7249/7249 7250/7250 7317/7317
f 7183/7183 7249/7249 7182/7182
f 7250/7250 7249/7249 7183/7183
f 7651/7651 7652/7652 7718/7718
f 7652/7652 7719/7719 7718/7718
f 7652/7652 7720/7720 7719/7719
f 7652/7652 7653/7653 7720/7720
f 7653/7653 7652/7652 7586/7586
f 7652/7652 7585/7585 7586/7586
f 7652/7652 7584/7584 7585/7585
f 7584/7584 7652/7652 7651/7651
f 7517/7517 7584/7584 7516/7516
f 7516/7516 7584/7584 7583/7583
f 7584/7584 7650/7650 7583/7583
f 7584/7584 7651/7651 7650/7650
f 7518/7518 7584/7584 7517/7517
f 7585/7585 7584/7584 7518/7518
f 7587/7587 7520/7520 7588/7588
f 7520/7520 7521/7521 7588/7588
f 7521/7521 7520/7520 7454/7454
f 7520/7520 7453/7453 7454/7454
f 685/685 749/749 684/684
f 750/750 749/749 685/685
f 1076/1076 1010/1010 1011/1011
f 1010/1010 1076/1076 1075/1075
f 942/942 877/877 943/943
f 943/943 877/877 878/878
f 154/154 219/219 153/153
f 219/219 218/218 153/153
f 486/486 420/420 421/421
f 420/420 486/486 485/485
f 357/357 356/356 292/292
f 292/292 356/356 291/291
f 420/420 356/356 421/421
f 356/356 420/420 355/355
f 1859/1859 1806/1806 1860/1860
f 1806/1806 1859/1859 1805/1805
f 2103/2103 2148/2148 2147/2147
f 2103/2103 2104/2104 2148/2148
f 2146/2146 2103/2103 2147/2147
f 2102/2102 2103/2103 2146/2146
f 2103/2103 2058/2058 2059/2059
f 2104/2104 2103/2103 2059/2059
f 2103/2103 2102/2102 2057/2057
f 2058/2058 2103/2103 2057/2057
f 1224/1224 1288/1288 1223/1223
f 1288/1288 1224/1224 1289/1289
f 1155/1155 1220/1220 1219/1219
f 1154/1154 1155/1155 1219/1219
f 1155/1155 1221/1221 1220/1220
f 1221/1221 1155/1155 1156/1156
f 1092/1092 1026/1026 1027/1027
f 1026/1026 1092/1092 1091/1091
f 1427/1427 1491/1491 1426/1426
f 1491/1491 1427/1427 1492/1492
f 1300/1300 1364/1364 1299/1299
f 1364/1364 1300/1300 1365/1365
f 1430/1430 1364/1364 1365/1365
f 1364/1364 1430/1430 1429/1429
f 1364/1364 1298/1298 1299/1299
f 1298/1298 1364/1364 1363/1363
f 1488/1488 1422/1422 1423/1423
f 1422/1422 1488/1488 1487/1487
f 1422/1422 1358/1358 1423/1423
f 1358/1358 1422/1422 1357/1357
f 1485/1485 1421/1421 1486/1486
f 1421/1421 1485/1485 1420/1420
f 1355/1355 1421/1421 1420/1420
f 1421/1421 1355/1355 1356/1356
f 1486/1486 1421/1421 1487/1487
f 1421/1421 1422/1422 1487/1487
f 1357/1357 1421/1421 1356/1356
f 1422/1422 1421/1421 1357/1357
f 1745/1745 1680/1680 1681/1681
f 1746/1746 1745/1745 1681/1681
f 1747/1747 1748/1748 1804/1804
f 1748/1748 1805/1805 1804/1804
f 1748/1748 1806/1806 1805/1805
f 1806/1806 1748/1748 1749/1749
f 2056/2056 2009/2009 2057/2057
f 2009/2009 2010/2010 2057/2057
f 2009/2009 2056/2056 2055/2055
f 2008/2008 2009/2009 2055/2055
f 2010/2010 2009/2009 1962/1962
f 2009/2009 1961/1961 1962/1962
f 2009/2009 2008/2008 1960/1960
f 1961/1961 2009/2009 1960/1960
f 1151/1151 1086/1086 1087/1087
f 1152/1152 1151/1151 1087/1087
f 1150/1150 1151/1151 1215/1215
f 1151/1151 1216/1216 1215/1215
f 1151/1151 1217/1217 1216/1216
f 1217/1217 1151/1151 1152/1152
f 1216/1216 1217/1217 1281/1281
f 1281/1281 1217/1217 1282/1282
f 1217/1217 1152/1152 1153/1153
f 1218/1218 1217/1217 1153/1153
f 1217/1217 1218/1218 1283/1283
f 1217/1217 1283/1283 1282/1282
f 170/170 236/236 235/235
f 236/236 170/170 171/171
f 236/236 171/171 172/172
f 237/237 236/236 172/172
f 237/237 238/238 302/302
f 238/238 303/303 302/302
f 241/241 177/177 242/242
f 177/177 241/241 176/176
f 241/241 175/175 176/176
f 175/175 241/241 240/240
f 241/241 242/242 307/307
f 306/306 241/241 307/307
f 372/372 436/436 371/371
f 436/436 372/372 437/437
f 568/568 503/503 504/504
f 568/568 504/504 569/569
f 633/633 568/568 634/634
f 634/634 568/568 569/569
f 632/632 633/633 698/698
f 697/697 632/632 698/698
f 425/425 489/489 424/424
f 489/489 425/425 490/490
f 364/364 428/428 363/363
f 428/428 364/364 429/429
f 363/363 428/428 362/362
f 362/362 428/428 427/427
f 428/428 492/492 427/427
f 492/492 428/428 493/493
f 492/492 556/556 491/491
f 556/556 492/492 557/557
f 368/368 367/367 303/303
f 303/303 367/367 302/302
f 367/367 431/431 366/366
f 431/431 367/367 432/432
f 430/430 431/431 495/495
f 431/431 496/496 495/495
f 431/431 430/430 365/365
f 366/366 431/431 365/365
f 499/499 500/500 565/565
f 564/564 499/499 565/565
f 367/367 433/433 432/432
f 433/433 367/367 368/368
f 433/433 499/499 498/498
f 499/499 433/433 434/434
f 433/433 368/368 369/369
f 433/433 369/369 434/434
f 1207/1207 1273/1273 1272/1272
f 1273/1273 1207/1207 1208/1208
f 1273/1273 1208/1208 1209/1209
f 1274/1274 1273/1273 1209/1209
f 1076/1076 1142/1142 1141/1141
f 1142/1142 1076/1076 1077/1077
f 1142/1142 1143/1143 1208/1208
f 1207/1207 1142/1142 1208/1208
f 1141/1141 1142/1142 1206/1206
f 1142/1142 1207/1207 1206/1206
f 1210/1210 1275/1275 1209/1209
f 1275/1275 1274/1274 1209/1209
f 1214/1214 1278/1278 1213/1213
f 1278/1278 1214/1214 1279/1279
f 1211/1211 1210/1210 1145/1145
f 1211/1211 1145/1145 1146/1146
f 1211/1211 1275/1275 1210/1210
f 1275/1275 1211/1211 1276/1276
f 1212/1212 1211/1211 1147/1147
f 1147/1147 1211/1211 1146/1146
f 831/831 830/830 765/765
f 766/766 831/831 765/765
f 830/830 831/831 895/895
f 831/831 896/896 895/895
f 1023/1023 1088/1088 1087/1087
f 1022/1022 1023/1023 1087/1087
f 696/696 632/632 697/697
f 632/632 696/696 631/631
f 1529/1529 1595/1595 1594/1594
f 1595/1595 1529/1529 1530/1530
f 1465/1465 1529/1529 1464/1464
f 1529/1529 1465/1465 1530/1530
f 1529/1529 1594/1594 1593/1593
f 1528/1528 1529/1529 1593/1593
f 1529/1529 1463/1463 1464/1464
f 1529/1529 1528/1528 1463/1463
f 1786/1786 1720/1720 1721/1721
f 1720/1720 1786/1786 1785/1785
f 1784/1784 1720/1720 1785/1785
f 1720/1720 1784/1784 1719/1719
f 1720/1720 1719/1719 1654/1654
f 1655/1655 1720/1720 1654/1654
f 1656/1656 1720/1720 1655/1655
f 1720/1720 1656/1656 1721/1721
f 1656/1656 1590/1590 1591/1591
f 1590/1590 1656/1656 1655/1655
f 1656/1656 1591/1591 1592/1592
f 1657/1657 1656/1656 1592/1592
f 1656/1656 1722/1722 1721/1721
f 1656/1656 1657/1657 1722/1722
f 1658/1658 1594/1594 1659/1659
f 1594/1594 1658/1658 1593/1593
f 1657/1657 1658/1658 1722/1722
f 1658/1658 1723/1723 1722/1722
f 1658/1658 1657/1657 1592/1592
f 1658/1658 1592/1592 1593/1593
f 1267/1267 1333/1333 1332/1332
f 1333/1333 1267/1267 1268/1268
f 1333/1333 1398/1398 1397/1397
f 1332/1332 1333/1333 1397/1397
f 1271/1271 1205/1205 1206/1206
f 1270/1270 1205/1205 1271/1271
f 1329/1329 1393/1393 1328/1328
f 1393/1393 1329/1329 1394/1394
f 1329/1329 1330/1330 1395/1395
f 1329/1329 1395/1395 1394/1394
f 1267/1267 1202/1202 1268/1268
f 1202/1202 1203/1203 1268/1268
f 1330/1330 1266/1266 1331/1331
f 1266/1266 1330/1330 1265/1265
f 1266/1266 1332/1332 1331/1331
f 1266/1266 1267/1267 1332/1332
f 1202/1202 1138/1138 1203/1203
f 1138/1138 1202/1202 1137/1137
f 1006/1006 1072/1072 1071/1071
f 1072/1072 1006/1006 1007/1007
f 1072/1072 1138/1138 1137/1137
f 1138/1138 1072/1072 1073/1073
f 1072/1072 1007/1007 1008/1008
f 1073/1073 1072/1072 1008/1008
f 4941/4941 5008/5008 4940/4940
f 4940/4940 5008/5008 5007/5007
f 5008/5008 5074/5074 5007/5007
f 5074/5074 5008/5008 5075/5075
f 5008/5008 5076/5076 5075/5075
f 5076/5076 5008/5008 5009/5009
f 5142/5142 5076/5076 5143/5143
f 5076/5076 5142/5142 5075/5075
f 5076/5076 5144/5144 5143/5143
f 5076/5076 5077/5077 5144/5144
f 5077/5077 5076/5076 5010/5010
f 5076/5076 5009/5009 5010/5010
f 5008/5008 4942/4942 5009/5009
f 4942/4942 5008/5008 4941/4941
f 4875/4875 4942/4942 4874/4874
f 4942/4942 4941/4941 4874/4874
f 5009/5009 4942/4942 5010/5010
f 4942/4942 4943/4943 5010/5010
f 4810/4810 4742/4742 4743/4743
f 4810/4810 4809/4809 4742/4742
f 4810/4810 4744/4744 4811/4811
f 4744/4744 4810/4810 4743/4743
f 4810/4810 4811/4811 4878/4878
f 4877/4877 4810/4810 4878/4878
f 4942/4942 4876/4876 4943/4943
f 4876/4876 4942/4942 4875/4875
f 4876/4876 4810/4810 4877/4877
f 4810/4810 4876/4876 4809/4809
f 4876/4876 4875/4875 4808/4808
f 4809/4809 4876/4876 4808/4808
f 4876/4876 4944/4944 4943/4943
f 4876/4876 4877/4877 4944/4944
f 5470/5470 5402/5402 5403/5403
f 5470/5470 5469/5469 5402/5402
f 6222/6222 6171/6171 6172/6172
f 6171/6171 6222/6222 6221/6221
f 6222/6222 6271/6271 6221/6221
f 6222/6222 6272/6272 6271/6271
f 6364/6364 6365/6365 6414/6414
f 6414/6414 6365/6365 6415/6415
f 6365/6365 6416/6416 6415/6415
f 6365/6365 6366/6366 6416/6416
f 6317/6317 6316/6316 6267/6267
f 6267/6267 6316/6316 6266/6266
f 6366/6366 6316/6316 6367/6367
f 6316/6316 6317/6317 6367/6367
f 6217/6217 6218/6218 6268/6268
f 6267/6267 6217/6217 6268/6268
f 6217/6217 6168/6168 6218/6218
f 6217/6217 6167/6167 6168/6168
f 1550/1550 1614/1614 1549/1549
f 1615/1615 1614/1614 1550/1550
f 1411/1411 1410/1410 1345/1345
f 1346/1346 1411/1411 1345/1345
f 1410/1410 1411/1411 1475/1475
f 1411/1411 1476/1476 1475/1475
f 1539/1539 1473/1473 1474/1474
f 1473/1473 1539/1539 1538/1538
f 1539/1539 1474/1474 1475/1475
f 1540/1540 1539/1539 1475/1475
f 1544/1544 1478/1478 1479/1479
f 1478/1478 1544/1544 1543/1543
f 1480/1480 1544/1544 1479/1479
f 1545/1545 1544/1544 1480/1480
f 1739/1739 1738/1738 1673/1673
f 1674/1674 1739/1739 1673/1673
f 1610/1610 1544/1544 1545/1545
f 1544/1544 1610/1610 1609/1609
f 1541/1541 1607/1607 1606/1606
f 1607/1607 1541/1541 1542/1542
f 1607/1607 1672/1672 1671/1671
f 1607/1607 1671/1671 1606/1606
f 1347/1347 1411/1411 1346/1346
f 1411/1411 1347/1347 1412/1412
f 1347/1347 1346/1346 1281/1281
f 1347/1347 1281/1281 1282/1282
f 1347/1347 1348/1348 1413/1413
f 1347/1347 1413/1413 1412/1412
f 1283/1283 1347/1347 1282/1282
f 1348/1348 1347/1347 1283/1283
f 1477/1477 1411/1411 1412/1412
f 1411/1411 1477/1477 1476/1476
f 1476/1476 1477/1477 1541/1541
f 1541/1541 1477/1477 1542/1542
f 1413/1413 1477/1477 1412/1412
f 1478/1478 1477/1477 1413/1413
f 1477/1477 1478/1478 1543/1543
f 1477/1477 1543/1543 1542/1542
f 1735/1735 1671/1671 1736/1736
f 1735/1735 1670/1670 1671/1671
f 1605/1605 1539/1539 1540/1540
f 1539/1539 1605/1605 1604/1604
f 1605/1605 1540/1540 1541/1541
f 1605/1605 1541/1541 1606/1606
f 1605/1605 1669/1669 1604/1604
f 1605/1605 1670/1670 1669/1669
f 1670/1670 1605/1605 1671/1671
f 1671/1671 1605/1605 1606/1606
f 1539/1539 1603/1603 1538/1538
f 1603/1603 1539/1539 1604/1604
f 1603/1603 1537/1537 1538/1538
f 1603/1603 1602/1602 1537/1537
f 2328/2328 2274/2274 2275/2275
f 2274/2274 2328/2328 2327/2327
f 2143/2143 2188/2188 2187/2187
f 2188/2188 2143/2143 2144/2144
f 2050/2050 2096/2096 2049/2049
f 2096/2096 2050/2050 2097/2097
f 1955/1955 1904/1904 1956/1956
f 1904/1904 1955/1955 1903/1903
f 1709/1709 1645/1645 1710/1710
f 1645/1645 1709/1709 1644/1644
f 1712/1712 1647/1647 1648/1648
f 1712/1712 1648/1648 1713/1713
f 1649/1649 1714/1714 1648/1648
f 1648/1648 1714/1714 1713/1713
f 1390/1390 1454/1454 1389/1389
f 1454/1454 1390/1390 1455/1455
f 1517/1517 1583/1583 1582/1582
f 1583/1583 1517/1517 1518/1518
f 1523/1523 1457/1457 1458/1458
f 1457/1457 1523/1523 1522/1522
f 1459/1459 1523/1523 1458/1458
f 1523/1523 1459/1459 1524/1524
f 1523/1523 1587/1587 1522/1522
f 1523/1523 1588/1588 1587/1587
f 1784/1784 1718/1718 1719/1719
f 1718/1718 1784/1784 1783/1783
f 1511/1511 1447/1447 1512/1512
f 1447/1447 1511/1511 1446/1446
f 1894/1894 1947/1947 1946/1946
f 1947/1947 1894/1894 1895/1895
f 1896/1896 1947/1947 1895/1895
f 1948/1948 1947/1947 1896/1896
f 1898/1898 1949/1949 1897/1897
f 1949/1949 1898/1898 1950/1950
f 1949/1949 2000/2000 1999/1999
f 2000/2000 1949/1949 1950/1950
f 1949/1949 1948/1948 1896/1896
f 1949/1949 1896/1896 1897/1897
f 1842/1842 1843/1843 1897/1897
f 1896/1896 1842/1842 1897/1897
f 1842/1842 1786/1786 1843/1843
f 1786/1786 1842/1842 1785/1785
f 1845/1845 1898/1898 1844/1844
f 1898/1898 1845/1845 1899/1899
f 1955/1955 1902/1902 1903/1903
f 1954/1954 1902/1902 1955/1955
f 1902/1902 1953/1953 1901/1901
f 1953/1953 1902/1902 1954/1954
f 2052/2052 2004/2004 2053/2053
f 2053/2053 2004/2004 2005/2005
f 2004/2004 1954/1954 1955/1955
f 2004/2004 1955/1955 2005/2005
f 2004/2004 1953/1953 1954/1954
f 1953/1953 2004/2004 2003/2003
f 1260/1260 1324/1324 1259/1259
f 1324/1324 1260/1260 1325/1325
f 1194/1194 1260/1260 1259/1259
f 1260/1260 1194/1194 1195/1195
f 1260/1260 1195/1195 1196/1196
f 1261/1261 1260/1260 1196/1196
f 1260/1260 1261/1261 1326/1326
f 1260/1260 1326/1326 1325/1325
f 2173/2173 2128/2128 2129/2129
f 2128/2128 2173/2173 2172/2172
f 2127/2127 2128/2128 2171/2171
f 2171/2171 2128/2128 2172/2172
f 2035/2035 2082/2082 2034/2034
f 2034/2034 2082/2082 2081/2081
f 2082/2082 2126/2126 2081/2081
f 2082/2082 2127/2127 2126/2126
f 2088/2088 2042/2042 2089/2089
f 2042/2042 2088/2088 2041/2041
f 2132/2132 2088/2088 2133/2133
f 2087/2087 2088/2088 2132/2132
f 2040/2040 2088/2088 2087/2087
f 2088/2088 2040/2040 2041/2041
f 2040/2040 2086/2086 2039/2039
f 2040/2040 2087/2087 2086/2086
f 1940/1940 1887/1887 1888/1888
f 1939/1939 1887/1887 1940/1940
f 1887/1887 1833/1833 1834/1834
f 1887/1887 1834/1834 1888/1888
f 1991/1991 2040/2040 2039/2039
f 2040/2040 1991/1991 1992/1992
f 1991/1991 1941/1941 1942/1942
f 1992/1992 1991/1991 1942/1942
f 1941/1941 1991/1991 1940/1940
f 1991/1991 1990/1990 1940/1940
f 2038/2038 1991/1991 2039/2039
f 1990/1990 1991/1991 2038/2038
f 1829/1829 1883/1883 1882/1882
f 1828/1828 1829/1829 1882/1882
f 1772/1772 1829/1829 1771/1771
f 1829/1829 1828/1828 1771/1771
f 2644/2644 2578/2578 2579/2579
f 2578/2578 2644/2644 2643/2643
f 2641/2641 2575/2575 2576/2576
f 2575/2575 2641/2641 2640/2640
f 342/342 407/407 341/341
f 407/407 406/406 341/341
f 407/407 472/472 406/406
f 406/406 472/472 471/471
f 473/473 472/472 408/408
f 472/472 407/407 408/408
f 605/605 539/539 540/540
f 604/604 539/539 605/605
f 993/993 927/927 928/928
f 927/927 993/993 992/992
f 927/927 992/992 991/991
f 927/927 991/991 926/926
f 862/862 927/927 861/861
f 861/861 927/927 926/926
f 732/732 733/733 797/797
f 733/733 798/798 797/797
f 734/734 733/733 669/669
f 669/669 733/733 668/668
f 1066/1066 1131/1131 1130/1130
f 1066/1066 1130/1130 1065/1065
f 1197/1197 1261/1261 1196/1196
f 1261/1261 1197/1197 1262/1262
f 1129/1129 1064/1064 1065/1065
f 1130/1130 1129/1129 1065/1065
f 1129/1129 1130/1130 1195/1195
f 1194/1194 1129/1129 1195/1195
f 1122/1122 1187/1187 1121/1121
f 1187/1187 1186/1186 1121/1121
f 1187/1187 1123/1123 1188/1188
f 1123/1123 1187/1187 1122/1122
f 1187/1187 1252/1252 1251/1251
f 1186/1186 1187/1187 1251/1251
f 992/992 1058/1058 1057/1057
f 993/993 1058/1058 992/992
f 1058/1058 1122/1122 1057/1057
f 1058/1058 1123/1123 1122/1122
f 281/281 345/345 280/280
f 281/281 346/346 345/345
f 149/149 148/148 83/83
f 149/149 83/83 84/84
f 212/212 146/146 147/147
f 146/146 212/212 211/211
f 412/412 413/413 477/477
f 413/413 478/478 477/477
f 478/478 413/413 479/479
f 413/413 414/414 479/479
f 413/413 349/349 414/414
f 349/349 413/413 348/348
f 350/350 349/349 285/285
f 349/349 284/284 285/285
f 349/349 415/415 414/414
f 415/415 349/349 350/350
f 415/415 480/480 479/479
f 414/414 415/415 479/479
f 670/670 604/604 605/605
f 604/604 670/670 669/669
f 671/671 670/670 606/606
f 670/670 605/605 606/606
f 739/739 805/805 804/804
f 805/805 739/739 740/740
f 739/739 674/674 675/675
f 740/740 739/739 675/675
f 410/410 344/344 345/345
f 409/409 344/344 410/410
f 805/805 871/871 870/870
f 806/806 871/871 805/805
f 872/872 871/871 807/807
f 871/871 806/806 807/807
f 936/936 871/871 937/937
f 871/871 872/872 937/937
f 938/938 1002/1002 937/937
f 938/938 1003/1003 1002/1002
f 938/938 1004/1004 1003/1003
f 1004/1004 938/938 939/939
f 873/873 938/938 872/872
f 872/872 938/938 937/937
f 677/677 676/676 612/612
f 676/676 611/611 612/612
f 610/610 676/676 675/675
f 676/676 610/610 611/611
f 676/676 740/740 675/675
f 676/676 741/741 740/740
f 676/676 742/742 741/741
f 742/742 676/676 677/677
f 808/808 742/742 743/743
f 742/742 808/808 807/807
f 742/742 678/678 743/743
f 742/742 677/677 678/678
f 741/741 742/742 806/806
f 806/806 742/742 807/807
f 549/549 484/484 485/485
f 550/550 549/549 485/485
f 549/549 550/550 615/615
f 614/614 549/549 615/615
f 1592/1592 1527/1527 1593/1593
f 1527/1527 1528/1528 1593/1593
f 1591/1591 1527/1527 1592/1592
f 1527/1527 1591/1591 1526/1526
f 1527/1527 1462/1462 1463/1463
f 1528/1528 1527/1527 1463/1463
f 1462/1462 1527/1527 1461/1461
f 1461/1461 1527/1527 1526/1526
f 799/799 733/733 734/734
f 733/733 799/799 798/798
f 865/865 799/799 800/800
f 864/864 799/799 865/865
f 994/994 1058/1058 993/993
f 1058/1058 994/994 1059/1059
f 863/863 927/927 862/862
f 927/927 863/863 928/928
f 863/863 862/862 797/797
f 798/798 863/863 797/797
f 863/863 799/799 864/864
f 799/799 863/863 798/798
f 1000/1000 1066/1066 1065/1065
f 1066/1066 1000/1000 1001/1001
f 1645/1645 1579/1579 1580/1580
f 1579/1579 1645/1645 1644/1644
f 874/874 938/938 873/873
f 938/938 874/874 939/939
f 874/874 810/810 875/875
f 810/810 874/874 809/809
f 874/874 808/808 809/809
f 874/874 873/873 808/808
f 874/874 940/940 939/939
f 874/874 875/875 940/940
f 1005/1005 1004/1004 939/939
f 940/940 1005/1005 939/939
f 941/941 877/877 942/942
f 877/877 941/941 876/876
f 875/875 941/941 940/940
f 941/941 875/875 876/876
f 941/941 942/942 1007/1007
f 1006/1006 941/941 1007/1007
f 941/941 1005/1005 940/940
f 1005/1005 941/941 1006/1006
f 1134/1134 1135/1135 1199/1199
f 1135/1135 1200/1200 1199/1199
f 2006/2006 1959/1959 2007/2007
f 1959/1959 2006/2006 1958/1958
f 2284/2284 2285/2285 2349/2349
f 2285/2285 2350/2350 2349/2349
f 2285/2285 2286/2286 2351/2351
f 2350/2350 2285/2285 2351/2351
f 2475/2475 2541/2541 2540/2540
f 2541/2541 2475/2475 2476/2476
f 2475/2475 2410/2410 2411/2411
f 2475/2475 2411/2411 2476/2476
f 2343/2343 2409/2409 2408/2408
f 2409/2409 2343/2343 2344/2344
f 2410/2410 2409/2409 2345/2345
f 2345/2345 2409/2409 2344/2344
f 2477/2477 2542/2542 2541/2541
f 2477/2477 2541/2541 2476/2476
f 2477/2477 2412/2412 2413/2413
f 2478/2478 2477/2477 2413/2413
f 2411/2411 2477/2477 2476/2476
f 2412/2412 2477/2477 2411/2411
f 2600/2600 2536/2536 2601/2601
f 2536/2536 2600/2600 2535/2535
f 2535/2535 2600/2600 2534/2534
f 2600/2600 2599/2599 2534/2534
f 2985/2985 2986/2986 3050/3050
f 2986/2986 3051/3051 3050/3050
f 2921/2921 2986/2986 2920/2920
f 2986/2986 2985/2985 2920/2920
f 3051/3051 2986/2986 3052/3052
f 2986/2986 2987/2987 3052/3052
f 2986/2986 2921/2921 2922/2922
f 2987/2987 2986/2986 2922/2922
f 3111/3111 3047/3047 3112/3112
f 3046/3046 3047/3047 3111/3111
f 3047/3047 2981/2981 2982/2982
f 2981/2981 3047/3047 3046/3046
f 2723/2723 2722/2722 2657/2657
f 2658/2658 2723/2723 2657/2657
f 2854/2854 2919/2919 2918/2918
f 2853/2853 2854/2854 2918/2918
f 2854/2854 2855/2855 2920/2920
f 2919/2919 2854/2854 2920/2920
f 2854/2854 2790/2790 2855/2855
f 2854/2854 2789/2789 2790/2790
f 4080/4080 4079/4079 4014/4014
f 4015/4015 4080/4080 4014/4014
f 4081/4081 4080/4080 4016/4016
f 4016/4016 4080/4080 4015/4015
f 3954/3954 3955/3955 4019/4019
f 3955/3955 4020/4020 4019/4019
f 3823/3823 3888/3888 3822/3822
f 3888/3888 3887/3887 3822/3822
f 3366/3366 3432/3432 3431/3431
f 3432/3432 3366/3366 3367/3367
f 3366/3366 3430/3430 3365/3365
f 3430/3430 3366/3366 3431/3431
f 3366/3366 3301/3301 3302/3302
f 3367/3367 3366/3366 3302/3302
f 3300/3300 3366/3366 3365/3365
f 3366/3366 3300/3300 3301/3301
f 3432/3432 3433/3433 3497/3497
f 3497/3497 3433/3433 3498/3498
f 3433/3433 3432/3432 3367/3367
f 3368/3368 3433/3433 3367/3367
f 3626/3626 3627/3627 3692/3692
f 3691/3691 3626/3626 3692/3692
f 3948/3948 3949/3949 4013/4013
f 4013/4013 3949/3949 4014/4014
f 3949/3949 4015/4015 4014/4014
f 3949/3949 3950/3950 4015/4015
f 3822/3822 3886/3886 3821/3821
f 3887/3887 3886/3886 3822/3822
f 3884/3884 3948/3948 3883/3883
f 3884/3884 3949/3949 3948/3948
f 3949/3949 3884/3884 3950/3950
f 3884/3884 3885/3885 3950/3950
f 3373/3373 3439/3439 3438/3438
f 3439/3439 3373/3373 3374/3374
f 3173/3173 3238/3238 3172/3172
f 3238/3238 3237/3237 3172/3172
f 3044/3044 2979/2979 3045/3045
f 2979/2979 2980/2980 3045/3045
f 3423/3423 3489/3489 3488/3488
f 3489/3489 3423/3423 3424/3424
f 3422/3422 3423/3423 3487/3487
f 3487/3487 3423/3423 3488/3488
f 3425/3425 3489/3489 3424/3424
f 3489/3489 3425/3425 3490/3490
f 3490/3490 3425/3425 3491/3491
f 3425/3425 3426/3426 3491/3491
f 3359/3359 3425/3425 3424/3424
f 3360/3360 3425/3425 3359/3359
f 2844/2844 2778/2778 2779/2779
f 2778/2778 2844/2844 2843/2843
f 2844/2844 2780/2780 2845/2845
f 2780/2780 2844/2844 2779/2779
f 2910/2910 2844/2844 2845/2845
f 2909/2909 2844/2844 2910/2910
f 2715/2715 2651/2651 2716/2716
f 2651/2651 2715/2715 2650/2650
f 2780/2780 2715/2715 2781/2781
f 2715/2715 2716/2716 2781/2781
f 2714/2714 2715/2715 2779/2779
f 2715/2715 2780/2780 2779/2779
f 2715/2715 2714/2714 2649/2649
f 2715/2715 2649/2649 2650/2650
f 2783/2783 2784/2784 2848/2848
f 2784/2784 2849/2849 2848/2848
f 2850/2850 2784/2784 2785/2785
f 2784/2784 2850/2850 2849/2849
f 2784/2784 2783/2783 2718/2718
f 2719/2719 2784/2784 2718/2718
f 2784/2784 2720/2720 2785/2785
f 2784/2784 2719/2719 2720/2720
f 2180/2180 2136/2136 2181/2181
f 2136/2136 2137/2137 2181/2181
f 2134/2134 2088/2088 2089/2089
f 2088/2088 2134/2134 2133/2133
f 2134/2134 2177/2177 2133/2133
f 2134/2134 2178/2178 2177/2177
f 2269/2269 2322/2322 2321/2321
f 2268/2268 2269/2269 2321/2321
f 2269/2269 2323/2323 2322/2322
f 2323/2323 2269/2269 2270/2270
f 2224/2224 2269/2269 2268/2268
f 2225/2225 2269/2269 2224/2224
f 2269/2269 2226/2226 2270/2270
f 2269/2269 2225/2225 2226/2226
f 2182/2182 2139/2139 2183/2183
f 2139/2139 2182/2182 2138/2138
f 2137/2137 2182/2182 2181/2181
f 2182/2182 2137/2137 2138/2138
f 2226/2226 2182/2182 2183/2183
f 2225/2225 2182/2182 2226/2226
f 2182/2182 2224/2224 2181/2181
f 2182/2182 2225/2225 2224/2224
f 2325/2325 2271/2271 2272/2272
f 2325/2325 2324/2324 2271/2271
f 2281/2281 2335/2335 2334/2334
f 2335/2335 2281/2281 2282/2282
f 2281/2281 2334/2334 2333/2333
f 2280/2280 2281/2281 2333/2333
f 3686/3686 3620/3620 3621/3621
f 3620/3620 3686/3686 3685/3685
f 3493/3493 3557/3557 3492/3492
f 3557/3557 3493/3493 3558/3558
f 3623/3623 3557/3557 3558/3558
f 3557/3557 3623/3623 3622/3622
f 3557/3557 3556/3556 3491/3491
f 3492/3492 3557/3557 3491/3491
f 3556/3556 3557/3557 3621/3621
f 3557/3557 3622/3622 3621/3621
f 3493/3493 3429/3429 3494/3494
f 3429/3429 3493/3493 3428/3428
f 3494/3494 3429/3429 3495/3495
f 3429/3429 3430/3430 3495/3495
f 3297/3297 3232/3232 3298/3298
f 3298/3298 3232/3232 3233/3233
f 3427/3427 3492/3492 3491/3491
f 3426/3426 3427/3427 3491/3491
f 3493/3493 3427/3427 3428/3428
f 3427/3427 3493/3493 3492/3492
f 3427/3427 3362/3362 3363/3363
f 3427/3427 3363/3363 3428/3428
f 3361/3361 3425/3425 3360/3360
f 3425/3425 3361/3361 3426/3426
f 3427/3427 3361/3361 3362/3362
f 3361/3361 3427/3427 3426/3426
f 3361/3361 3295/3295 3296/3296
f 3295/3295 3361/3361 3360/3360
f 3362/3362 3361/3361 3297/3297
f 3297/3297 3361/3361 3296/3296
f 3878/3878 3812/3812 3813/3813
f 3812/3812 3878/3878 3877/3877
f 3747/3747 3812/3812 3746/3746
f 3812/3812 3811/3811 3746/3746
f 3876/3876 3812/3812 3877/3877
f 3811/3811 3812/3812 3876/3876
f 3679/3679 3615/3615 3680/3680
f 3615/3615 3679/3679 3614/3614
f 3936/3936 3872/3872 3937/3937
f 3872/3872 3936/3936 3871/3871
f 4012/4012 4076/4076 4011/4011
f 4076/4076 4012/4012 4077/4077
f 4010/4010 3945/3945 3946/3946
f 4011/4011 4010/4010 3946/3946
f 3945/3945 4010/4010 3944/3944
f 4010/4010 4009/4009 3944/3944
f 3814/3814 3749/3749 3815/3815
f 3815/3815 3749/3749 3750/3750
f 3609/3609 3675/3675 3674/3674
f 3675/3675 3609/3609 3610/3610
f 3545/3545 3609/3609 3544/3544
f 3610/3610 3609/3609 3545/3545
f 3673/3673 3609/3609 3674/3674
f 3608/3608 3609/3609 3673/3673
f 3609/3609 3543/3543 3544/3544
f 3609/3609 3608/3608 3543/3543
f 3483/3483 3547/3547 3482/3482
f 3548/3548 3547/3547 3483/3483
f 3547/3547 3481/3481 3482/3482
f 3547/3547 3546/3546 3481/3481
f 3548/3548 3549/3549 3613/3613
f 3613/3613 3549/3549 3614/3614
f 3549/3549 3550/3550 3615/3615
f 3549/3549 3615/3615 3614/3614
f 3227/3227 3291/3291 3226/3226
f 3291/3291 3227/3227 3292/3292
f 3292/3292 3227/3227 3293/3293
f 3227/3227 3228/3228 3293/3293
f 2964/2964 3028/3028 2963/2963
f 3028/3028 2964/2964 3029/3029
f 3096/3096 3030/3030 3031/3031
f 3095/3095 3030/3030 3096/3096
f 3030/3030 3095/3095 3094/3094
f 3029/3029 3030/3030 3094/3094
f 3030/3030 2966/2966 3031/3031
f 3030/3030 2965/2965 2966/2966
f 3030/3030 2964/2964 2965/2965
f 2964/2964 3030/3030 3029/3029
f 3093/3093 3028/3028 3029/3029
f 3093/3093 3029/3029 3094/3094
f 3159/3159 3093/3093 3094/3094
f 3158/3158 3093/3093 3159/3159
f 3024/3024 2958/2958 2959/2959
f 2958/2958 3024/3024 3023/3023
f 3024/3024 3088/3088 3023/3023
f 3088/3088 3024/3024 3089/3089
f 3287/3287 3221/3221 3222/3222
f 3286/3286 3221/3221 3287/3287
f 3220/3220 3221/3221 3285/3285
f 3221/3221 3286/3286 3285/3285
f 3218/3218 3154/3154 3219/3219
f 3154/3154 3218/3218 3153/3153
f 3154/3154 3088/3088 3089/3089
f 3088/3088 3154/3154 3153/3153
f 2905/2905 2969/2969 2904/2904
f 2905/2905 2970/2970 2969/2969
f 2772/2772 2837/2837 2836/2836
f 2771/2771 2772/2772 2836/2836
f 2839/2839 2905/2905 2904/2904
f 2905/2905 2839/2839 2840/2840
f 2839/2839 2903/2903 2838/2838
f 2903/2903 2839/2839 2904/2904
f 2839/2839 2774/2774 2775/2775
f 2839/2839 2775/2775 2840/2840
f 2832/2832 2831/2831 2766/2766
f 2767/2767 2832/2832 2766/2766
f 2896/2896 2832/2832 2897/2897
f 2831/2831 2832/2832 2896/2896
f 2832/2832 2767/2767 2768/2768
f 2833/2833 2832/2832 2768/2768
f 2832/2832 2898/2898 2897/2897
f 2832/2832 2833/2833 2898/2898
f 2701/2701 2702/2702 2767/2767
f 2701/2701 2767/2767 2766/2766
f 2217/2217 2173/2173 2174/2174
f 2217/2217 2216/2216 2173/2173
f 2175/2175 2217/2217 2174/2174
f 2218/2218 2217/2217 2175/2175
f 2389/2389 2453/2453 2388/2388
f 2453/2453 2389/2389 2454/2454
f 2518/2518 2453/2453 2519/2519
f 2519/2519 2453/2453 2454/2454
f 2830/2830 2829/2829 2765/2765
f 2829/2829 2764/2764 2765/2765
f 2763/2763 2829/2829 2828/2828
f 2829/2829 2763/2763 2764/2764
f 2829/2829 2830/2830 2895/2895
f 2894/2894 2829/2829 2895/2895
f 2829/2829 2894/2894 2893/2893
f 2829/2829 2893/2893 2828/2828
f 6323/6323 6374/6374 6373/6373
f 6374/6374 6323/6323 6324/6324
f 6373/6373 6374/6374 6423/6423
f 6374/6374 6424/6424 6423/6423
f 2569/2569 2505/2505 2570/2570
f 2505/2505 2569/2569 2504/2504
f 2124/2124 2080/2080 2125/2125
f 2080/2080 2124/2124 2079/2079
f 2212/2212 2169/2169 2213/2213
f 2213/2213 2169/2169 2170/2170
f 2126/2126 2169/2169 2125/2125
f 2169/2169 2126/2126 2170/2170
f 2211/2211 2169/2169 2212/2212
f 2169/2169 2211/2211 2168/2168
f 2169/2169 2124/2124 2125/2125
f 2124/2124 2169/2169 2168/2168
f 3543/3543 3479/3479 3544/3544
f 3479/3479 3543/3543 3478/3478
f 3416/3416 3417/3417 3482/3482
f 3481/3481 3416/3416 3482/3482
f 6961/6961 6893/6893 6894/6894
f 6893/6893 6961/6961 6960/6960
f 6893/6893 6959/6959 6892/6892
f 6959/6959 6893/6893 6960/6960
f 6893/6893 6826/6826 6827/6827
f 6893/6893 6827/6827 6894/6894
f 6826/6826 6893/6893 6825/6825
f 6825/6825 6893/6893 6892/6892
f 7026/7026 7093/7093 7092/7092
f 7026/7026 7092/7092 7025/7025
f 6958/6958 7026/7026 7025/7025
f 6959/6959 7026/7026 6958/6958
f 7026/7026 6960/6960 7027/7027
f 7026/7026 6959/6959 6960/6960
f 6961/6961 6962/6962 7028/7028
f 7028/7028 6962/6962 7029/7029
f 7033/7033 7034/7034 7101/7101
f 7033/7033 7101/7101 7100/7100
f 7032/7032 7033/7033 7099/7099
f 7099/7099 7033/7033 7100/7100
f 3323/3323 3259/3259 3324/3324
f 3258/3258 3259/3259 3323/3323
f 3075/3075 3139/3139 3074/3074
f 3139/3139 3075/3075 3140/3140
f 3073/3073 3139/3139 3138/3138
f 3139/3139 3073/3073 3074/3074
f 3138/3138 3139/3139 3203/3203
f 3139/3139 3204/3204 3203/3203
f 3334/3334 3268/3268 3269/3269
f 3334/3334 3333/3333 3268/3268
f 3398/3398 3334/3334 3399/3399
f 3334/3334 3398/3398 3333/3333
f 3709/3709 3645/3645 3710/3710
f 3709/3709 3644/3644 3645/3645
f 3579/3579 3513/3513 3514/3514
f 3513/3513 3579/3579 3578/3578
f 3515/3515 3449/3449 3450/3450
f 3449/3449 3515/3515 3514/3514
f 3449/3449 3384/3384 3385/3385
f 3450/3450 3449/3449 3385/3385
f 3449/3449 3513/3513 3448/3448
f 3513/3513 3449/3449 3514/3514
f 3449/3449 3383/3383 3384/3384
f 3449/3449 3448/3448 3383/3383
f 3313/3313 3314/3314 3378/3378
f 3314/3314 3379/3379 3378/3378
f 3310/3310 3375/3375 3309/3309
f 3309/3309 3375/3375 3374/3374
f 3375/3375 3311/3311 3376/3376
f 3375/3375 3310/3310 3311/3311
f 3375/3375 3439/3439 3374/3374
f 3375/3375 3440/3440 3439/3439
f 3375/3375 3376/3376 3441/3441
f 3440/3440 3375/3375 3441/3441
f 3713/3713 3647/3647 3648/3648
f 3647/3647 3713/3713 3712/3712
f 3713/3713 3777/3777 3712/3712
f 3713/3713 3778/3778 3777/3777
f 3713/3713 3714/3714 3779/3779
f 3778/3778 3713/3713 3779/3779
f 3713/3713 3648/3648 3649/3649
f 3714/3714 3713/3713 3649/3649
f 3584/3584 3585/3585 3649/3649
f 3585/3585 3650/3650 3649/3649
f 3650/3650 3585/3585 3651/3651
f 3585/3585 3586/3586 3651/3651
f 3585/3585 3584/3584 3519/3519
f 3520/3520 3585/3585 3519/3519
f 3586/3586 3585/3585 3521/3521
f 3585/3585 3520/3520 3521/3521
f 4118/4118 4117/4117 4053/4053
f 4053/4053 4117/4117 4052/4052
f 3379/3379 3443/3443 3378/3378
f 3444/3444 3443/3443 3379/3379
f 3443/3443 3377/3377 3378/3378
f 3443/3443 3442/3442 3377/3377
f 3574/3574 3575/3575 3640/3640
f 3574/3574 3640/3640 3639/3639
f 3575/3575 3574/3574 3510/3510
f 3574/3574 3509/3509 3510/3510
f 3637/3637 3701/3701 3636/3636
f 3701/3701 3637/3637 3702/3702
f 3442/3442 3507/3507 3441/3441
f 3507/3507 3506/3506 3441/3441
f 3571/3571 3637/3637 3636/3636
f 3637/3637 3571/3571 3572/3572
f 3570/3570 3571/3571 3635/3635
f 3571/3571 3636/3636 3635/3635
f 3571/3571 3507/3507 3572/3572
f 3507/3507 3571/3571 3506/3506
f 3571/3571 3505/3505 3506/3506
f 3505/3505 3571/3571 3570/3570
f 3439/3439 3505/3505 3504/3504
f 3440/3440 3505/3505 3439/3439
f 3506/3506 3505/3505 3441/3441
f 3505/3505 3440/3440 3441/3441
f 3505/3505 3569/3569 3504/3504
f 3569/3569 3505/3505 3570/3570
f 3569/3569 3503/3503 3504/3504
f 3503/3503 3569/3569 3568/3568
f 3569/3569 3570/3570 3635/3635
f 3634/3634 3569/3569 3635/3635
f 3966/3966 4030/4030 3965/3965
f 4030/4030 3966/3966 4031/4031
f 3640/3640 3704/3704 3639/3639
f 3704/3704 3640/3640 3705/3705
f 3579/3579 3643/3643 3578/3578
f 3643/3643 3579/3579 3644/3644
f 3770/3770 3706/3706 3771/3771
f 3706/3706 3770/3770 3705/3705
f 3836/3836 3772/3772 3837/3837
f 3772/3772 3836/3836 3771/3771
f 3838/3838 3772/3772 3773/3773
f 3772/3772 3838/3838 3837/3837
f 3706/3706 3772/3772 3771/3771
f 3772/3772 3706/3706 3707/3707
f 3891/3891 3826/3826 3892/3892
f 3826/3826 3827/3827 3892/3892
f 3955/3955 4021/4021 4020/4020
f 4021/4021 3955/3955 3956/3956
f 3831/3831 3832/3832 3897/3897
f 3896/3896 3831/3831 3897/3897
f 7298/7298 7365/7365 7297/7297
f 7365/7365 7364/7364 7297/7297
f 7164/7164 7231/7231 7163/7163
f 7231/7231 7230/7230 7163/7163
f 7231/7231 7164/7164 7165/7165
f 7232/7232 7231/7231 7165/7165
f 7231/7231 7298/7298 7297/7297
f 7230/7230 7231/7231 7297/7297
f 7231/7231 7232/7232 7299/7299
f 7298/7298 7231/7231 7299/7299
f 7296/7296 7230/7230 7297/7297
f 7230/7230 7296/7296 7229/7229
f 7228/7228 7296/7296 7295/7295
f 7296/7296 7228/7228 7229/7229
f 7364/7364 7296/7296 7297/7297
f 7363/7363 7296/7296 7364/7364
f 7296/7296 7362/7362 7295/7295
f 7296/7296 7363/7363 7362/7362
f 7426/7426 7425/7425 7358/7358
f 7359/7359 7426/7426 7358/7358
f 7425/7425 7426/7426 7492/7492
f 7426/7426 7493/7493 7492/7492
f 7426/7426 7359/7359 7360/7360
f 7427/7427 7426/7426 7360/7360
f 7426/7426 7494/7494 7493/7493
f 7426/7426 7427/7427 7494/7494
f 7563/7563 7564/7564 7630/7630
f 7564/7564 7631/7631 7630/7630
f 7632/7632 7564/7564 7565/7565
f 7631/7631 7564/7564 7632/7632
f 7564/7564 7563/7563 7496/7496
f 7497/7497 7564/7564 7496/7496
f 7564/7564 7498/7498 7565/7565
f 7564/7564 7497/7497 7498/7498
f 7699/7699 7698/7698 7632/7632
f 7698/7698 7631/7631 7632/7632
f 7631/7631 7698/7698 7630/7630
f 7698/7698 7697/7697 7630/7630
f 7698/7698 7764/7764 7697/7697
f 7764/7764 7698/7698 7765/7765
f 7831/7831 7764/7764 7832/7832
f 7764/7764 7765/7765 7832/7832
f 7763/7763 7764/7764 7830/7830
f 7764/7764 7831/7831 7830/7830
f 7764/7764 7763/7763 7696/7696
f 7697/7697 7764/7764 7696/7696
f 6924/6924 6991/6991 6990/6990
f 6923/6923 6924/6924 6990/6990
f 6924/6924 6992/6992 6991/6991
f 6992/6992 6924/6924 6925/6925
f 6924/6924 6923/6923 6856/6856
f 6857/6857 6924/6924 6856/6856
f 6924/6924 6857/6857 6858/6858
f 6924/6924 6858/6858 6925/6925
f 6659/6659 6658/6658 6608/6608
f 6609/6609 6659/6659 6608/6608
f 6860/6860 6861/6861 6928/6928
f 6927/6927 6860/6860 6928/6928
f 6209/6209 6258/6258 6208/6208
f 6259/6259 6258/6258 6209/6209
f 6208/6208 6258/6258 6207/6207
f 6258/6258 6257/6257 6207/6207
f 6258/6258 6259/6259 6309/6309
f 6308/6308 6258/6258 6309/6309
f 6258/6258 6307/6307 6257/6257
f 6258/6258 6308/6308 6307/6307
f 5906/5906 5907/5907 5957/5957
f 5906/5906 5957/5957 5956/5956
f 5906/5906 5955/5955 5905/5905
f 5955/5955 5906/5906 5956/5956
f 5906/5906 5857/5857 5907/5907
f 5906/5906 5856/5856 5857/5857
f 5855/5855 5906/5906 5905/5905
f 5856/5856 5906/5906 5855/5855
f 6113/6113 6163/6163 6162/6162
f 6112/6112 6113/6113 6162/6162
f 6163/6163 6113/6113 6164/6164
f 6113/6113 6114/6114 6164/6164
f 6113/6113 6112/6112 6062/6062
f 6063/6063 6113/6113 6062/6062
f 6114/6114 6113/6113 6064/6064
f 6113/6113 6063/6063 6064/6064
f 7530/7530 7531/7531 7597/7597
f 7531/7531 7598/7598 7597/7597
f 7798/7798 7797/7797 7730/7730
f 7731/7731 7798/7798 7730/7730
f 7666/7666 7667/7667 7733/7733
f 7667/7667 7734/7734 7733/7733
f 7735/7735 7667/7667 7668/7668
f 7667/7667 7735/7735 7734/7734
f 7667/7667 7601/7601 7668/7668
f 7667/7667 7600/7600 7601/7601
f 7667/7667 7599/7599 7600/7600
f 7599/7599 7667/7667 7666/7666
f 7531/7531 7599/7599 7598/7598
f 7599/7599 7531/7531 7532/7532
f 7599/7599 7666/7666 7665/7665
f 7599/7599 7665/7665 7598/7598
f 7599/7599 7532/7532 7533/7533
f 7600/7600 7599/7599 7533/7533
f 7262/7262 7194/7194 7195/7195
f 7261/7261 7194/7194 7262/7262
f 7194/7194 7126/7126 7127/7127
f 7194/7194 7193/7193 7126/7126
f 7194/7194 7260/7260 7193/7193
f 7260/7260 7194/7194 7261/7261
f 7260/7260 7326/7326 7259/7259
f 7326/7326 7260/7260 7327/7327
f 7327/7327 7260/7260 7328/7328
f 7260/7260 7261/7261 7328/7328
f 7192/7192 7260/7260 7259/7259
f 7193/7193 7260/7260 7192/7192
f 7062/7062 7130/7130 7129/7129
f 7130/7130 7062/7062 7063/7063
f 6996/6996 7062/7062 6995/6995
f 7062/7062 6996/6996 7063/7063
f 7062/7062 6994/6994 6995/6995
f 7062/7062 7061/7061 6994/6994
f 7128/7128 7194/7194 7127/7127
f 7194/7194 7128/7128 7195/7195
f 7062/7062 7128/7128 7061/7061
f 7128/7128 7062/7062 7129/7129
f 7128/7128 7196/7196 7195/7195
f 7128/7128 7129/7129 7196/7196
f 7060/7060 7128/7128 7127/7127
f 7061/7061 7128/7128 7060/7060
f 7934/7934 7866/7866 7867/7867
f 7866/7866 7934/7934 7933/7933
f 7934/7934 7868/7868 7935/7935
f 7868/7868 7934/7934 7867/7867
f 8068/8068 8136/8136 8135/8135
f 8136/8136 8068/8068 8069/8069
f 8134/8134 8068/8068 8135/8135
f 8067/8067 8068/8068 8134/8134
f 4066/4066 4001/4001 4002/4002
f 4067/4067 4066/4066 4002/4002
f 4066/4066 4065/4065 4000/4000
f 4001/4001 4066/4066 4000/4000
f 3942/3942 3878/3878 3943/3943
f 3878/3878 3942/3942 3877/3877
f 3942/3942 3941/3941 3876/3876
f 3942/3942 3876/3876 3877/3877
f 4006/4006 4070/4070 4005/4005
f 4006/4006 4071/4071 4070/4070
f 4006/4006 4005/4005 3940/3940
f 3941/3941 4006/4006 3940/3940
f 4030/4030 4095/4095 4029/4029
f 4095/4095 4094/4094 4029/4029
f 4095/4095 4030/4030 4031/4031
f 4096/4096 4095/4095 4031/4031
f 4097/4097 4096/4096 4031/4031
f 4032/4032 4097/4097 4031/4031
f 6959/6959 6891/6891 6892/6892
f 6891/6891 6959/6959 6958/6958
f 6951/6951 6950/6950 6883/6883
f 6951/6951 6883/6883 6884/6884
f 7084/7084 7016/7016 7017/7017
f 7016/7016 7084/7084 7083/7083
f 7152/7152 7084/7084 7085/7085
f 7151/7151 7084/7084 7152/7152
f 7084/7084 7150/7150 7083/7083
f 7084/7084 7151/7151 7150/7150
f 7876/7876 7875/7875 7808/7808
f 7876/7876 7808/7808 7809/7809
f 7876/7876 7809/7809 7810/7810
f 7877/7877 7876/7876 7810/7810
f 7944/7944 7876/7876 7877/7877
f 7943/7943 7876/7876 7944/7944
f 7942/7942 7876/7876 7943/7943
f 7876/7876 7942/7942 7875/7875
f 7942/7942 8010/8010 8009/8009
f 7942/7942 7943/7943 8010/8010
f 8008/8008 7942/7942 8009/8009
f 7941/7941 7942/7942 8008/8008
f 7874/7874 7942/7942 7941/7941
f 7942/7942 7874/7874 7875/7875
f 7203/7203 7270/7270 7202/7202
f 7270/7270 7269/7269 7202/7202
f 7271/7271 7270/7270 7204/7204
f 7270/7270 7203/7203 7204/7204
f 7270/7270 7271/7271 7338/7338
f 7337/7337 7270/7270 7338/7338
f 7336/7336 7270/7270 7337/7337
f 7270/7270 7336/7336 7269/7269
f 7336/7336 7402/7402 7335/7335
f 7402/7402 7336/7336 7403/7403
f 7336/7336 7335/7335 7268/7268
f 7269/7269 7336/7336 7268/7268
f 7336/7336 7404/7404 7403/7403
f 7336/7336 7337/7337 7404/7404
f 7698/7698 7766/7766 7765/7765
f 7766/7766 7698/7698 7699/7699
f 7766/7766 7833/7833 7832/7832
f 7765/7765 7766/7766 7832/7832
f 7766/7766 7834/7834 7833/7833
f 7766/7766 7767/7767 7834/7834
f 7766/7766 7699/7699 7700/7700
f 7767/7767 7766/7766 7700/7700
f 7683/7683 7750/7750 7682/7682
f 7750/7750 7749/7749 7682/7682
f 7749/7749 7750/7750 7816/7816
f 7750/7750 7817/7817 7816/7816
f 8152/8152 8084/8084 8085/8085
f 8084/8084 8152/8152 8151/8151
f 8084/8084 8018/8018 8085/8085
f 8018/8018 8084/8084 8017/8017
f 8083/8083 8084/8084 8150/8150
f 8084/8084 8151/8151 8150/8150
f 8084/8084 8016/8016 8017/8017
f 8084/8084 8083/8083 8016/8016
f 8218/8218 8152/8152 8219/8219
f 8152/8152 8218/8218 8151/8151
f 8285/8285 8218/8218 8286/8286
f 8218/8218 8219/8219 8286/8286
f 8151/8151 8218/8218 8150/8150
f 8218/8218 8217/8217 8150/8150
f 8218/8218 8285/8285 8284/8284
f 8217/8217 8218/8218 8284/8284
f 5122/5122 5055/5055 5123/5123
f 5055/5055 5056/5056 5123/5123
f 5055/5055 5121/5121 5054/5054
f 5121/5121 5055/5055 5122/5122
f 5056/5056 5055/5055 4989/4989
f 5055/5055 4988/4988 4989/4989
f 4987/4987 5055/5055 5054/5054
f 4988/4988 5055/5055 4987/4987
f 5845/5845 5896/5896 5895/5895
f 5846/5846 5896/5896 5845/5845
f 5896/5896 5946/5946 5945/5945
f 5896/5896 5945/5945 5895/5895
f 5897/5897 5896/5896 5847/5847
f 5896/5896 5846/5846 5847/5847
f 5947/5947 5896/5896 5897/5897
f 5896/5896 5947/5947 5946/5946
f 5998/5998 5947/5947 5948/5948
f 5947/5947 5998/5998 5997/5997
f 5946/5946 5947/5947 5996/5996
f 5947/5947 5997/5997 5996/5996
f 5948/5948 5947/5947 5898/5898
f 5947/5947 5897/5897 5898/5898
f 6045/6045 6094/6094 6044/6044
f 6045/6045 6095/6095 6094/6094
f 6045/6045 5995/5995 5996/5996
f 6046/6046 6045/6045 5996/5996
f 6096/6096 6045/6045 6046/6046
f 6045/6045 6096/6096 6095/6095
f 6096/6096 6147/6147 6146/6146
f 6147/6147 6096/6096 6097/6097
f 6145/6145 6096/6096 6146/6146
f 6095/6095 6096/6096 6145/6145
f 6097/6097 6096/6096 6047/6047
f 6096/6096 6046/6046 6047/6047
f 5894/5894 5943/5943 5893/5893
f 5944/5944 5943/5943 5894/5894
f 6045/6045 5994/5994 5995/5995
f 5994/5994 6045/6045 6044/6044
f 6043/6043 5994/5994 6044/6044
f 5993/5993 5994/5994 6043/6043
f 5994/5994 5943/5943 5944/5944
f 5943/5943 5994/5994 5993/5993
f 5995/5995 5994/5994 5945/5945
f 5994/5994 5944/5944 5945/5945
f 6245/6245 6244/6244 6195/6195
f 6244/6244 6194/6194 6195/6195
f 6244/6244 6294/6294 6293/6293
f 6244/6244 6293/6293 6243/6243
f 6244/6244 6245/6245 6295/6295
f 6294/6294 6244/6244 6295/6295
f 6241/6241 6190/6190 6191/6191
f 6190/6190 6241/6241 6240/6240
f 6343/6343 6292/6292 6293/6293
f 6292/6292 6343/6343 6342/6342
f 6292/6292 6242/6242 6243/6243
f 6293/6293 6292/6292 6243/6243
f 6192/6192 6141/6141 6142/6142
f 6141/6141 6192/6192 6191/6191
f 6192/6192 6241/6241 6191/6191
f 6241/6241 6192/6192 6242/6242
f 2209/2209 2167/2167 2210/2210
f 2167/2167 2209/2209 2166/2166
f 6282/6282 6231/6231 6232/6232
f 6231/6231 6282/6282 6281/6281
f 6231/6231 6181/6181 6182/6182
f 6231/6231 6182/6182 6232/6232
f 6386/6386 6387/6387 6437/6437
f 6436/6436 6386/6386 6437/6437
f 6386/6386 6435/6435 6385/6385
f 6435/6435 6386/6386 6436/6436
f 6386/6386 6385/6385 6335/6335
f 6336/6336 6386/6386 6335/6335
f 6337/6337 6386/6386 6336/6336
f 6386/6386 6337/6337 6387/6387
f 6388/6388 6337/6337 6338/6338
f 6387/6387 6337/6337 6388/6388
f 6337/6337 6336/6336 6286/6286
f 6337/6337 6286/6286 6287/6287
f 6239/6239 6188/6188 6189/6189
f 6239/6239 6238/6238 6188/6188
f 6190/6190 6239/6239 6189/6189
f 6239/6239 6190/6190 6240/6240
f 6289/6289 6239/6239 6290/6290
f 6239/6239 6240/6240 6290/6290
f 6288/6288 6337/6337 6287/6287
f 6337/6337 6288/6288 6338/6338
f 6288/6288 6239/6239 6289/6289
f 6239/6239 6288/6288 6238/6238
f 6238/6238 6288/6288 6237/6237
f 6288/6288 6287/6287 6237/6237
f 6288/6288 6339/6339 6338/6338
f 6288/6288 6289/6289 6339/6339
f 6286/6286 6236/6236 6287/6287
f 6287/6287 6236/6236 6237/6237
f 6285/6285 6236/6236 6286/6286
f 6236/6236 6285/6285 6235/6235
f 6640/6640 6639/6639 6590/6590
f 6639/6639 6589/6589 6590/6590
f 6707/6707 6639/6639 6640/6640
f 6639/6639 6707/6707 6706/6706
f 6775/6775 6707/6707 6708/6708
f 6707/6707 6775/6775 6774/6774
f 6707/6707 6641/6641 6708/6708
f 6707/6707 6640/6640 6641/6641
f 6773/6773 6707/6707 6774/6774
f 6707/6707 6773/6773 6706/6706
f 6705/6705 6639/6639 6706/6706
f 6639/6639 6705/6705 6638/6638
f 6705/6705 6637/6637 6638/6638
f 6637/6637 6705/6705 6704/6704
f 6771/6771 6705/6705 6772/6772
f 6705/6705 6771/6771 6704/6704
f 6773/6773 6705/6705 6706/6706
f 6705/6705 6773/6773 6772/6772
f 7101/7101 7035/7035 7102/7102
f 7034/7034 7035/7035 7101/7101
f 6964/6964 6898/6898 6965/6965
f 6898/6898 6964/6964 6897/6897
f 6481/6481 6480/6480 6430/6430
f 6431/6431 6481/6481 6430/6430
f 6481/6481 6431/6431 6432/6432
f 6482/6482 6481/6481 6432/6432
f 6779/6779 6711/6711 6712/6712
f 6711/6711 6779/6779 6778/6778
f 6779/6779 6846/6846 6845/6845
f 6778/6778 6779/6779 6845/6845
f 6713/6713 6779/6779 6712/6712
f 6780/6780 6779/6779 6713/6713
f 6846/6846 6779/6779 6847/6847
f 6779/6779 6780/6780 6847/6847
f 6979/6979 6978/6978 6912/6912
f 6978/6978 6911/6911 6912/6912
f 7042/7042 7109/7109 7108/7108
f 7041/7041 7042/7042 7108/7108
f 7042/7042 7041/7041 6974/6974
f 6975/6975 7042/7042 6974/6974
f 7167/7167 7168/7168 7235/7235
f 7167/7167 7235/7235 7234/7234
f 7168/7168 7167/7167 7101/7101
f 7101/7101 7167/7167 7100/7100
f 7166/7166 7167/7167 7233/7233
f 7233/7233 7167/7167 7234/7234
f 7167/7167 7166/7166 7099/7099
f 7167/7167 7099/7099 7100/7100
f 7026/7026 7094/7094 7093/7093
f 7094/7094 7026/7026 7027/7027
f 7028/7028 7094/7094 7027/7027
f 7095/7095 7094/7094 7028/7028
f 2479/2479 2414/2414 2415/2415
f 2479/2479 2415/2415 2480/2480
f 2414/2414 2479/2479 2413/2413
f 2479/2479 2478/2478 2413/2413
f 2235/2235 2190/2190 2191/2191
f 2190/2190 2235/2235 2234/2234
f 2237/2237 2291/2291 2290/2290
f 2291/2291 2237/2237 2238/2238
f 2148/2148 2192/2192 2191/2191
f 2149/2149 2192/2192 2148/2148
f 2235/2235 2192/2192 2236/2236
f 2192/2192 2235/2235 2191/2191
f 2105/2105 2106/2106 2149/2149
f 2149/2149 2106/2106 2150/2150
f 2060/2060 2014/2014 2061/2061
f 2014/2014 2060/2060 2013/2013
f 2060/2060 2012/2012 2013/2013
f 2012/2012 2060/2060 2059/2059
f 2060/2060 2106/2106 2105/2105
f 2106/2106 2060/2060 2061/2061
f 2060/2060 2105/2105 2104/2104
f 2060/2060 2104/2104 2059/2059
f 1972/1972 1921/1921 1922/1922
f 1921/1921 1972/1972 1971/1971
f 1921/1921 1970/1970 1920/1920
f 1970/1970 1921/1921 1971/1971
f 1921/1921 1869/1869 1870/1870
f 1922/1922 1921/1921 1870/1870
f 1868/1868 1921/1921 1920/1920
f 1869/1869 1921/1921 1868/1868
f 2018/2018 1969/1969 1970/1970
f 1969/1969 2018/2018 2017/2017
f 2016/2016 2064/2064 2063/2063
f 2064/2064 2016/2016 2017/2017
f 2064/2064 2018/2018 2065/2065
f 2018/2018 2064/2064 2017/2017
f 2679/2679 2743/2743 2678/2678
f 2743/2743 2679/2679 2744/2744
f 2679/2679 2613/2613 2614/2614
f 2613/2613 2679/2679 2678/2678
f 2679/2679 2745/2745 2744/2744
f 2745/2745 2679/2679 2680/2680
f 2680/2680 2679/2679 2615/2615
f 2615/2615 2679/2679 2614/2614
f 2486/2486 2421/2421 2487/2487
f 2487/2487 2421/2421 2422/2422
f 2486/2486 2552/2552 2551/2551
f 2552/2552 2486/2486 2487/2487
f 2488/2488 2552/2552 2487/2487
f 2552/2552 2488/2488 2553/2553
f 2416/2416 2481/2481 2415/2415
f 2415/2415 2481/2481 2480/2480
f 2481/2481 2417/2417 2482/2482
f 2481/2481 2416/2416 2417/2417
f 2547/2547 2481/2481 2482/2482
f 2546/2546 2481/2481 2547/2547
f 3121/3121 3187/3187 3186/3186
f 3187/3187 3121/3121 3122/3122
f 3120/3120 3121/3121 3185/3185
f 3121/3121 3186/3186 3185/3185
f 2928/2928 2863/2863 2929/2929
f 2929/2929 2863/2863 2864/2864
f 2863/2863 2799/2799 2864/2864
f 2863/2863 2798/2798 2799/2799
f 3256/3256 3191/3191 3257/3257
f 3191/3191 3192/3192 3257/3257
f 2940/2940 2874/2874 2875/2875
f 2874/2874 2940/2940 2939/2939
f 2999/2999 3065/3065 3064/3064
f 3065/3065 2999/2999 3000/3000
f 3070/3070 3004/3004 3005/3005
f 3004/3004 3070/3070 3069/3069
f 2940/2940 3004/3004 2939/2939
f 3004/3004 2940/2940 3005/3005
f 3068/3068 3004/3004 3069/3069
f 3004/3004 3068/3068 3003/3003
f 2871/2871 2937/2937 2936/2936
f 2937/2937 2871/2871 2872/2872
f 2937/2937 3001/3001 2936/2936
f 3001/3001 2937/2937 3002/3002
f 2870/2870 2936/2936 2935/2935
f 2870/2870 2871/2871 2936/2936
f 1631/1631 1695/1695 1630/1630
f 1695/1695 1631/1631 1696/1696
f 1565/1565 1631/1631 1630/1630
f 1566/1566 1631/1631 1565/1565
f 1760/1760 1694/1694 1695/1695
f 1694/1694 1760/1760 1759/1759
f 1760/1760 1816/1816 1759/1759
f 1816/1816 1760/1760 1817/1817
f 1761/1761 1760/1760 1696/1696
f 1760/1760 1695/1695 1696/1696
f 1572/1572 1508/1508 1573/1573
f 1507/1507 1508/1508 1572/1572
f 1508/1508 1574/1574 1573/1573
f 1574/1574 1508/1508 1509/1509
f 1312/1312 1246/1246 1247/1247
f 1246/1246 1312/1312 1311/1311
f 1312/1312 1376/1376 1311/1311
f 1376/1376 1312/1312 1377/1377
f 1377/1377 1312/1312 1378/1378
f 1312/1312 1313/1313 1378/1378
f 1435/1435 1500/1500 1499/1499
f 1434/1434 1435/1435 1499/1499
f 1500/1500 1435/1435 1501/1501
f 1435/1435 1436/1436 1501/1501
f 1435/1435 1434/1434 1369/1369
f 1370/1370 1435/1435 1369/1369
f 1435/1435 1371/1371 1436/1436
f 1435/1435 1370/1370 1371/1371
f 1437/1437 1502/1502 1436/1436
f 1436/1436 1502/1502 1501/1501
f 1309/1309 1243/1243 1244/1244
f 1243/1243 1309/1309 1308/1308
f 1438/1438 1502/1502 1437/1437
f 1502/1502 1438/1438 1503/1503
f 1503/1503 1438/1438 1504/1504
f 1438/1438 1439/1439 1504/1504
f 1438/1438 1437/1437 1372/1372
f 1373/1373 1438/1438 1372/1372
f 1816/1816 1871/1871 1870/1870
f 1871/1871 1816/1816 1817/1817
f 1923/1923 1922/1922 1870/1870
f 1871/1871 1923/1923 1870/1870
f 1366/1366 1302/1302 1367/1367
f 1302/1302 1366/1366 1301/1301
f 1300/1300 1366/1366 1365/1365
f 1366/1366 1300/1300 1301/1301
f 1366/1366 1430/1430 1365/1365
f 1366/1366 1431/1431 1430/1430
f 1558/1558 1494/1494 1559/1559
f 1494/1494 1558/1558 1493/1493
f 1430/1430 1494/1494 1429/1429
f 1495/1495 1494/1494 1430/1430
f 1560/1560 1494/1494 1495/1495
f 1494/1494 1560/1560 1559/1559
f 1624/1624 1560/1560 1625/1625
f 1560/1560 1624/1624 1559/1559
f 1625/1625 1560/1560 1626/1626
f 1560/1560 1561/1561 1626/1626
f 1560/1560 1495/1495 1496/1496
f 1561/1561 1560/1560 1496/1496
f 1497/1497 1562/1562 1561/1561
f 1497/1497 1561/1561 1496/1496
f 1692/1692 1691/1691 1626/1626
f 1627/1627 1692/1692 1626/1626
f 1692/1692 1628/1628 1693/1693
f 1628/1628 1692/1692 1627/1627
f 1758/1758 1692/1692 1693/1693
f 1757/1757 1692/1692 1758/1758
f 1756/1756 1692/1692 1757/1757
f 1692/1692 1756/1756 1691/1691
f 1756/1756 1812/1812 1755/1755
f 1812/1812 1756/1756 1813/1813
f 1691/1691 1756/1756 1690/1690
f 1690/1690 1756/1756 1755/1755
f 1756/1756 1814/1814 1813/1813
f 1756/1756 1757/1757 1814/1814
f 844/844 908/908 843/843
f 908/908 844/844 909/909
f 975/975 1039/1039 974/974
f 1039/1039 975/975 1040/1040
f 910/910 975/975 909/909
f 975/975 974/974 909/909
f 975/975 1041/1041 1040/1040
f 1041/1041 975/975 976/976
f 975/975 911/911 976/976
f 911/911 975/975 910/910
f 1575/1575 1509/1509 1510/1510
f 1575/1575 1574/1574 1509/1509
f 1639/1639 1703/1703 1638/1638
f 1703/1703 1639/1639 1704/1704
f 1639/1639 1638/1638 1573/1573
f 1574/1574 1639/1639 1573/1573
f 1054/1054 1120/1120 1119/1119
f 1120/1120 1054/1054 1055/1055
f 1571/1571 1505/1505 1506/1506
f 1571/1571 1570/1570 1505/1505
f 1507/1507 1571/1571 1506/1506
f 1571/1571 1507/1507 1572/1572
f 1570/1570 1571/1571 1635/1635
f 1571/1571 1636/1636 1635/1635
f 1637/1637 1571/1571 1572/1572
f 1636/1636 1571/1571 1637/1637
f 1698/1698 1633/1633 1634/1634
f 1699/1699 1698/1698 1634/1634
f 1703/1703 1768/1768 1702/1702
f 1768/1768 1767/1767 1702/1702
f 1701/1701 1637/1637 1702/1702
f 1701/1701 1636/1636 1637/1637
f 1982/1982 1932/1932 1933/1933
f 1982/1982 1933/1933 1983/1983
f 661/661 597/597 662/662
f 597/597 661/661 596/596
f 595/595 530/530 531/531
f 596/596 595/595 531/531
f 1307/1307 1373/1373 1372/1372
f 1373/1373 1307/1307 1308/1308
f 1307/1307 1242/1242 1243/1243
f 1307/1307 1243/1243 1308/1308
f 785/785 720/720 721/721
f 785/785 721/721 786/786
f 787/787 851/851 786/786
f 852/852 851/851 787/787
f 851/851 852/852 917/917
f 916/916 851/851 917/917
f 1047/1047 983/983 1048/1048
f 983/983 1047/1047 982/982
f 652/652 651/651 586/586
f 652/652 586/586 587/587
f 652/652 716/716 651/651
f 716/716 652/652 717/717
f 524/524 525/525 590/590
f 589/589 524/524 590/590
f 269/269 203/203 204/204
f 203/203 269/269 268/268
f 271/271 207/207 272/272
f 207/207 271/271 206/206
f 337/337 271/271 272/272
f 271/271 337/337 336/336
f 203/203 139/139 204/204
f 139/139 203/203 138/138
f 271/271 205/205 206/206
f 205/205 271/271 270/270
f 205/205 269/269 204/204
f 269/269 205/205 270/270
f 139/139 205/205 204/204
f 205/205 139/139 140/140
f 205/205 141/141 206/206
f 205/205 140/140 141/141
f 338/338 339/339 404/404
f 338/338 404/404 403/403
f 1360/1360 1295/1295 1361/1361
f 1295/1295 1296/1296 1361/1361
f 1296/1296 1295/1295 1231/1231
f 1295/1295 1230/1230 1231/1231
f 1295/1295 1229/1229 1230/1230
f 1229/1229 1295/1295 1294/1294
f 1165/1165 1229/1229 1164/1164
f 1229/1229 1165/1165 1230/1230
f 1228/1228 1229/1229 1293/1293
f 1229/1229 1294/1294 1293/1293
f 1355/1355 1291/1291 1356/1356
f 1291/1291 1355/1355 1290/1290
f 4382/4382 4450/4450 4449/4449
f 4450/4450 4382/4382 4383/4383
f 4450/4450 4384/4384 4451/4451
f 4384/4384 4450/4450 4383/4383
f 4450/4450 4517/4517 4516/4516
f 4449/4449 4450/4450 4516/4516
f 4518/4518 4450/4450 4451/4451
f 4517/4517 4450/4450 4518/4518
f 4385/4385 4317/4317 4318/4318
f 4384/4384 4317/4317 4385/4385
f 4317/4317 4251/4251 4318/4318
f 4317/4317 4250/4250 4251/4251
f 4249/4249 4181/4181 4182/4182
f 4249/4249 4248/4248 4181/4181
f 4249/4249 4182/4182 4183/4183
f 4250/4250 4249/4249 4183/4183
f 4848/4848 4849/4849 4916/4916
f 4915/4915 4848/4848 4916/4916
f 4848/4848 4782/4782 4849/4849
f 4848/4848 4781/4781 4782/4782
f 4781/4781 4848/4848 4780/4780
f 4848/4848 4847/4847 4780/4780
f 4848/4848 4914/4914 4847/4847
f 4914/4914 4848/4848 4915/4915
f 4914/4914 4981/4981 4980/4980
f 4913/4913 4914/4914 4980/4980
f 4981/4981 4914/4914 4982/4982
f 4914/4914 4915/4915 4982/4982
f 4846/4846 4914/4914 4913/4913
f 4847/4847 4914/4914 4846/4846
f 4513/4513 4580/4580 4512/4512
f 4580/4580 4579/4579 4512/4512
f 4379/4379 4447/4447 4446/4446
f 4447/4447 4379/4379 4380/4380
f 5851/5851 5802/5802 5852/5852
f 5851/5851 5801/5801 5802/5802
f 5902/5902 5851/5851 5852/5852
f 5901/5901 5851/5851 5902/5902
f 5525/5525 5458/5458 5526/5526
f 5526/5526 5458/5458 5459/5459
f 5392/5392 5458/5458 5391/5391
f 5459/5459 5458/5458 5392/5392
f 5458/5458 5390/5390 5391/5391
f 5458/5458 5457/5457 5390/5390
f 5458/5458 5524/5524 5457/5457
f 5524/5524 5458/5458 5525/5525
f 5590/5590 5524/5524 5591/5591
f 5524/5524 5590/5590 5523/5523
f 5524/5524 5592/5592 5591/5591
f 5524/5524 5525/5525 5592/5592
f 5524/5524 5523/5523 5456/5456
f 5457/5457 5524/5524 5456/5456
f 5832/5832 5882/5882 5881/5881
f 5831/5831 5832/5832 5881/5881
f 5584/5584 5650/5650 5583/5583
f 5650/5650 5584/5584 5651/5651
f 5718/5718 5650/5650 5651/5651
f 5717/5717 5650/5650 5718/5718
f 6082/6082 6033/6033 6083/6083
f 6032/6032 6033/6033 6082/6082
f 6033/6033 6084/6084 6083/6083
f 6084/6084 6033/6033 6034/6034
f 6033/6033 5984/5984 6034/6034
f 6033/6033 5983/5983 5984/5984
f 6033/6033 5982/5982 5983/5983
f 5982/5982 6033/6033 6032/6032
f 5981/5981 5982/5982 6031/6031
f 5982/5982 6032/6032 6031/6031
f 5931/5931 5982/5982 5981/5981
f 5932/5932 5982/5982 5931/5931
f 5982/5982 5932/5932 5933/5933
f 5983/5983 5982/5982 5933/5933
f 5175/5175 5107/5107 5108/5108
f 5107/5107 5175/5175 5174/5174
f 5241/5241 5175/5175 5242/5242
f 5174/5174 5175/5175 5241/5241
f 5109/5109 5175/5175 5108/5108
f 5176/5176 5175/5175 5109/5109
f 5243/5243 5175/5175 5176/5176
f 5175/5175 5243/5243 5242/5242
f 4364/4364 4430/4430 4363/4363
f 4431/4431 4430/4430 4364/4364
f 4362/4362 4430/4430 4429/4429
f 4430/4430 4362/4362 4363/4363
f 4430/4430 4431/4431 4498/4498
f 4497/4497 4430/4430 4498/4498
f 4430/4430 4496/4496 4429/4429
f 4430/4430 4497/4497 4496/4496
f 4424/4424 4490/4490 4423/4423
f 4491/4491 4490/4490 4424/4424
f 4423/4423 4490/4490 4422/4422
f 4490/4490 4489/4489 4422/4422
f 4558/4558 4490/4490 4491/4491
f 4557/4557 4490/4490 4558/4558
f 4490/4490 4556/4556 4489/4489
f 4490/4490 4557/4557 4556/4556
f 5107/5107 5173/5173 5106/5106
f 5173/5173 5107/5107 5174/5174
f 5173/5173 5105/5105 5106/5106
f 5173/5173 5172/5172 5105/5105
f 5173/5173 5174/5174 5241/5241
f 5240/5240 5173/5173 5241/5241
f 5172/5172 5173/5173 5239/5239
f 5173/5173 5240/5240 5239/5239
f 440/440 376/376 441/441
f 375/375 376/376 440/440
f 310/310 246/246 311/311
f 246/246 310/310 245/245
f 310/310 244/244 245/245
f 244/244 310/310 309/309
f 310/310 376/376 375/375
f 376/376 310/310 311/311
f 310/310 374/374 309/309
f 310/310 375/375 374/374
f 615/615 551/551 616/616
f 550/550 551/551 615/615
f 486/486 551/551 485/485
f 551/551 550/550 485/485
f 165/165 101/101 166/166
f 101/101 165/165 100/100
f 99/99 165/165 164/164
f 100/100 165/165 99/99
f 165/165 230/230 229/229
f 164/164 165/165 229/229
f 231/231 167/167 232/232
f 167/167 231/231 166/166
f 165/165 231/231 230/230
f 231/231 165/165 166/166
f 297/297 231/231 232/232
f 231/231 297/297 296/296
f 230/230 231/231 295/295
f 295/295 231/231 296/296
f 423/423 358/358 359/359
f 423/423 359/359 424/424
f 228/228 163/163 229/229
f 163/163 164/164 229/229
f 163/163 99/99 164/164
f 163/163 98/98 99/99
f 292/292 227/227 293/293
f 227/227 228/228 293/293
f 226/226 227/227 291/291
f 227/227 292/292 291/291
f 159/159 158/158 94/94
f 94/94 158/158 93/93
f 158/158 157/157 92/92
f 93/93 158/158 92/92
f 157/157 158/158 222/222
f 158/158 223/223 222/222
f 158/158 224/224 223/223
f 224/224 158/158 159/159
f 248/248 182/182 183/183
f 248/248 247/247 182/182
f 118/118 184/184 183/183
f 119/119 184/184 118/118
f 184/184 248/248 183/183
f 248/248 184/184 249/249
f 120/120 184/184 119/119
f 184/184 120/120 185/185
f 189/189 253/253 188/188
f 253/253 189/189 254/254
f 120/120 186/186 185/185
f 186/186 120/120 121/121
f 187/187 186/186 122/122
f 122/122 186/186 121/121
f 189/189 255/255 254/254
f 255/255 189/189 190/190
f 642/642 706/706 641/641
f 706/706 642/642 707/707
f 904/904 840/840 905/905
f 840/840 904/904 839/839
f 840/840 841/841 906/906
f 905/905 840/840 906/906
f 841/841 777/777 842/842
f 777/777 841/841 776/776
f 570/570 635/635 569/569
f 635/635 634/634 569/569
f 635/635 700/700 699/699
f 634/634 635/635 699/699
f 635/635 570/570 571/571
f 636/636 635/635 571/571
f 700/700 635/635 701/701
f 635/635 636/636 701/701
f 637/637 573/573 638/638
f 572/572 573/573 637/637
f 573/573 507/507 508/508
f 573/573 572/572 507/507
f 509/509 573/573 508/508
f 573/573 509/509 574/574
f 521/521 520/520 456/456
f 520/520 455/455 456/456
f 454/454 520/520 519/519
f 520/520 454/454 455/455
f 518/518 454/454 519/519
f 454/454 518/518 453/453
f 518/518 583/583 582/582
f 517/517 518/518 582/582
f 454/454 390/390 455/455
f 390/390 454/454 389/389
f 455/455 390/390 456/456
f 456/456 390/390 391/391
f 324/324 390/390 389/389
f 390/390 324/324 325/325
f 390/390 326/326 391/391
f 326/326 390/390 325/325
f 388/388 454/454 453/453
f 454/454 388/388 389/389
f 452/452 518/518 517/517
f 518/518 452/452 453/453
f 452/452 517/517 516/516
f 451/451 452/452 516/516
f 452/452 451/451 386/386
f 387/387 452/452 386/386
f 452/452 388/388 453/453
f 388/388 452/452 387/387
f 398/398 332/332 333/333
f 332/332 398/398 397/397
f 201/201 200/200 136/136
f 136/136 200/200 135/135
f 200/200 134/134 135/135
f 200/200 199/199 134/134
f 260/260 326/326 325/325
f 326/326 260/260 261/261
f 324/324 260/260 325/325
f 260/260 324/324 259/259
f 260/260 196/196 261/261
f 260/260 195/195 196/196
f 131/131 195/195 130/130
f 195/195 131/131 196/196
f 196/196 131/131 197/197
f 131/131 132/132 197/197
f 194/194 260/260 259/259
f 260/260 194/194 195/195
f 258/258 194/194 259/259
f 194/194 258/258 193/193
f 192/192 191/191 126/126
f 127/127 192/192 126/126
f 192/192 127/127 128/128
f 193/193 192/192 128/128
f 258/258 192/192 193/193
f 192/192 258/258 257/257
f 142/142 207/207 206/206
f 141/141 142/142 206/206
f 5714/5714 5647/5647 5715/5715
f 5647/5647 5648/5648 5715/5715
f 5581/5581 5647/5647 5580/5580
f 5647/5647 5581/5581 5648/5648
f 5713/5713 5647/5647 5714/5714
f 5646/5646 5647/5647 5713/5713
f 5580/5580 5647/5647 5579/5579
f 5647/5647 5646/5646 5579/5579
f 5240/5240 5308/5308 5307/5307
f 5308/5308 5240/5240 5241/5241
f 5308/5308 5241/5241 5242/5242
f 5309/5309 5308/5308 5242/5242
f 5307/5307 5308/5308 5374/5374
f 5308/5308 5375/5375 5374/5374
f 5308/5308 5309/5309 5376/5376
f 5375/5375 5308/5308 5376/5376
f 5443/5443 5511/5511 5510/5510
f 5443/5443 5444/5444 5511/5511
f 5507/5507 5573/5573 5506/5506
f 5507/5507 5574/5574 5573/5573
f 5507/5507 5506/5506 5439/5439
f 5440/5440 5507/5507 5439/5439
f 5574/5574 5507/5507 5575/5575
f 5507/5507 5508/5508 5575/5575
f 5441/5441 5507/5507 5440/5440
f 5508/5508 5507/5507 5441/5441
f 5310/5310 5309/5309 5242/5242
f 5243/5243 5310/5310 5242/5242
f 5246/5246 5313/5313 5245/5245
f 5313/5313 5312/5312 5245/5245
f 5247/5247 5313/5313 5246/5246
f 5314/5314 5313/5313 5247/5247
f 4417/4417 4485/4485 4484/4484
f 4417/4417 4418/4418 4485/4485
f 4483/4483 4417/4417 4484/4484
f 4417/4417 4483/4483 4416/4416
f 4418/4418 4417/4417 4351/4351
f 4417/4417 4350/4350 4351/4351
f 4349/4349 4417/4417 4416/4416
f 4350/4350 4417/4417 4349/4349
f 4401/4401 4402/4402 4468/4468
f 4402/4402 4469/4469 4468/4468
f 4334/4334 4402/4402 4401/4401
f 4402/4402 4334/4334 4335/4335
f 4402/4402 4470/4470 4469/4469
f 4402/4402 4403/4403 4470/4470
f 4402/4402 4335/4335 4336/4336
f 4403/4403 4402/4402 4336/4336
f 4206/4206 4139/4139 4140/4140
f 4207/4207 4206/4206 4140/4140
f 4139/4139 4206/4206 4138/4138
f 4206/4206 4205/4205 4138/4138
f 4686/4686 4753/4753 4685/4685
f 4753/4753 4752/4752 4685/4685
f 4753/4753 4687/4687 4754/4754
f 4753/4753 4686/4686 4687/4687
f 4752/4752 4753/4753 4819/4819
f 4753/4753 4820/4820 4819/4819
f 4821/4821 4753/4753 4754/4754
f 4820/4820 4753/4753 4821/4821
f 5697/5697 5698/5698 5764/5764
f 5764/5764 5698/5698 5765/5765
f 5766/5766 5698/5698 5699/5699
f 5698/5698 5766/5766 5765/5765
f 5698/5698 5697/5697 5630/5630
f 5631/5631 5698/5698 5630/5630
f 5698/5698 5632/5632 5699/5699
f 5698/5698 5631/5631 5632/5632
f 5489/5489 5490/5490 5557/5557
f 5556/5556 5489/5489 5557/5557
f 5490/5490 5489/5489 5423/5423
f 5489/5489 5422/5422 5423/5423
f 5489/5489 5556/5556 5555/5555
f 5488/5488 5489/5489 5555/5555
f 5422/5422 5489/5489 5421/5421
f 5489/5489 5488/5488 5421/5421
f 8110/8110 8177/8177 8109/8109
f 8177/8177 8176/8176 8109/8109
f 8177/8177 8110/8110 8111/8111
f 8178/8178 8177/8177 8111/8111
f 8177/8177 8243/8243 8176/8176
f 8177/8177 8244/8244 8243/8243
f 8177/8177 8178/8178 8245/8245
f 8244/8244 8177/8177 8245/8245
f 8117/8117 8051/8051 8118/8118
f 8117/8117 8050/8050 8051/8051
f 8117/8117 8118/8118 8185/8185
f 8184/8184 8117/8117 8185/8185
f 8050/8050 8117/8117 8049/8049
f 8117/8117 8116/8116 8049/8049
f 8183/8183 8117/8117 8184/8184
f 8116/8116 8117/8117 8183/8183
f 7981/7981 7913/7913 7914/7914
f 7981/7981 7980/7980 7913/7913
f 7981/7981 7914/7914 7915/7915
f 7982/7982 7981/7981 7915/7915
f 7980/7980 7981/7981 8047/8047
f 7981/7981 8048/8048 8047/8047
f 8049/8049 7981/7981 7982/7982
f 8048/8048 7981/7981 8049/8049
f 7444/7444 7443/7443 7376/7376
f 7377/7377 7444/7444 7376/7376
f 7445/7445 7444/7444 7378/7378
f 7444/7444 7377/7377 7378/7378
f 7573/7573 7640/7640 7572/7572
f 7640/7640 7639/7639 7572/7572
f 7574/7574 7640/7640 7573/7573
f 7640/7640 7574/7574 7641/7641
f 7639/7639 7640/7640 7706/7706
f 7640/7640 7707/7707 7706/7706
f 7708/7708 7640/7640 7641/7641
f 7707/7707 7640/7640 7708/7708
f 8246/8246 8180/8180 8247/8247
f 8179/8179 8180/8180 8246/8246
f 8180/8180 8248/8248 8247/8247
f 8180/8180 8181/8181 8248/8248
f 7585/7585 7519/7519 7586/7586
f 7519/7519 7585/7585 7518/7518
f 7519/7519 7587/7587 7586/7586
f 7519/7519 7520/7520 7587/7587
f 813/813 748/748 814/814
f 748/748 749/749 814/814
f 815/815 749/749 750/750
f 749/749 815/815 814/814
f 879/879 944/944 878/878
f 944/944 943/943 878/878
f 812/812 748/748 813/813
f 748/748 812/812 747/747
f 812/812 813/813 878/878
f 877/877 812/812 878/878
f 482/482 418/418 483/483
f 418/418 482/482 417/417
f 352/352 418/418 417/417
f 353/353 418/418 352/352
f 156/156 155/155 91/91
f 155/155 90/90 91/91
f 155/155 154/154 89/89
f 155/155 89/89 90/90
f 1810/1810 1865/1865 1864/1864
f 1865/1865 1810/1810 1811/1811
f 1812/1812 1865/1865 1811/1811
f 1866/1866 1865/1865 1812/1812
f 1290/1290 1354/1354 1289/1289
f 1355/1355 1354/1354 1290/1290
f 1419/1419 1354/1354 1420/1420
f 1354/1354 1355/1355 1420/1420
f 1285/1285 1286/1286 1350/1350
f 1286/1286 1351/1351 1350/1350
f 1220/1220 1286/1286 1285/1285
f 1221/1221 1286/1286 1220/1220
f 1222/1222 1286/1286 1221/1221
f 1286/1286 1222/1222 1287/1287
f 1223/1223 1222/1222 1158/1158
f 1158/1158 1222/1222 1157/1157
f 1288/1288 1222/1222 1223/1223
f 1222/1222 1288/1288 1287/1287
f 1222/1222 1156/1156 1157/1157
f 1222/1222 1221/1221 1156/1156
f 1090/1090 1026/1026 1091/1091
f 1026/1026 1090/1090 1025/1025
f 1156/1156 1090/1090 1091/1091
f 1155/1155 1090/1090 1156/1156
f 1090/1090 1154/1154 1089/1089
f 1090/1090 1155/1155 1154/1154
f 896/896 961/961 895/895
f 895/895 961/961 960/960
f 1026/1026 961/961 1027/1027
f 961/961 962/962 1027/1027
f 961/961 1026/1026 1025/1025
f 961/961 1025/1025 960/960
f 1092/1092 1093/1093 1157/1157
f 1093/1093 1158/1158 1157/1157
f 970/970 905/905 906/906
f 971/971 970/970 906/906
f 1038/1038 1039/1039 1104/1104
f 1103/1103 1038/1038 1104/1104
f 1364/1364 1428/1428 1363/1363
f 1428/1428 1364/1364 1429/1429
f 1494/1494 1428/1428 1429/1429
f 1428/1428 1494/1494 1493/1493
f 1428/1428 1493/1493 1492/1492
f 1427/1427 1428/1428 1492/1492
f 1362/1362 1428/1428 1427/1427
f 1428/1428 1362/1362 1363/1363
f 1362/1362 1296/1296 1297/1297
f 1296/1296 1362/1362 1361/1361
f 1362/1362 1298/1298 1363/1363
f 1298/1298 1362/1362 1297/1297
f 1362/1362 1426/1426 1361/1361
f 1362/1362 1427/1427 1426/1426
f 1359/1359 1295/1295 1360/1360
f 1295/1295 1359/1359 1294/1294
f 1294/1294 1359/1359 1293/1293
f 1359/1359 1358/1358 1293/1293
f 1555/1555 1554/1554 1490/1490
f 1490/1490 1554/1554 1489/1489
f 1620/1620 1554/1554 1555/1555
f 1554/1554 1620/1620 1619/1619
f 1965/1965 1915/1915 1966/1966
f 1915/1915 1916/1916 1966/1966
f 1807/1807 1806/1806 1749/1749
f 1807/1807 1749/1749 1750/1750
f 1807/1807 1861/1861 1860/1860
f 1806/1806 1807/1807 1860/1860
f 1751/1751 1807/1807 1750/1750
f 1808/1808 1807/1807 1751/1751
f 1857/1857 1802/1802 1803/1803
f 1802/1802 1857/1857 1856/1856
f 1803/1803 1802/1802 1746/1746
f 1802/1802 1745/1745 1746/1746
f 1683/1683 1682/1682 1617/1617
f 1618/1618 1683/1683 1617/1617
f 1683/1683 1619/1619 1684/1684
f 1619/1619 1683/1683 1618/1618
f 1682/1682 1683/1683 1747/1747
f 1683/1683 1748/1748 1747/1747
f 1748/1748 1683/1683 1749/1749
f 1749/1749 1683/1683 1684/1684
f 1910/1910 1961/1961 1960/1960
f 1961/1961 1910/1910 1911/1911
f 1085/1085 1151/1151 1150/1150
f 1151/1151 1085/1085 1086/1086
f 305/305 241/241 306/306
f 241/241 305/305 240/240
f 305/305 306/306 371/371
f 370/370 305/305 371/371
f 305/305 369/369 304/304
f 305/305 370/370 369/369
f 367/367 301/301 302/302
f 301/301 367/367 366/366
f 301/301 236/236 237/237
f 301/301 237/237 302/302
f 175/175 174/174 110/110
f 174/174 109/109 110/110
f 500/500 501/501 565/565
f 501/501 566/566 565/565
f 502/502 501/501 437/437
f 501/501 436/436 437/437
f 435/435 499/499 434/434
f 499/499 435/435 500/500
f 501/501 435/435 436/436
f 435/435 501/501 500/500
f 370/370 435/435 369/369
f 369/369 435/435 434/434
f 436/436 435/435 371/371
f 435/435 370/370 371/371
f 567/567 501/501 502/502
f 501/501 567/567 566/566
f 567/567 502/502 503/503
f 568/568 567/567 503/503
f 567/567 568/568 633/633
f 632/632 567/567 633/633
f 567/567 632/632 631/631
f 566/566 567/567 631/631
f 621/621 685/685 620/620
f 621/621 686/686 685/685
f 489/489 555/555 554/554
f 555/555 489/489 490/490
f 619/619 555/555 620/620
f 555/555 619/619 554/554
f 556/556 555/555 491/491
f 491/491 555/555 490/490
f 555/555 621/621 620/620
f 621/621 555/555 556/556
f 361/361 297/297 362/362
f 297/297 361/361 296/296
f 496/496 561/561 495/495
f 561/561 560/560 495/495
f 627/627 693/693 692/692
f 693/693 627/627 628/628
f 627/627 561/561 562/562
f 561/561 627/627 626/626
f 627/627 691/691 626/626
f 691/691 627/627 692/692
f 561/561 497/497 562/562
f 497/497 561/561 496/496
f 497/497 431/431 432/432
f 431/431 497/497 496/496
f 433/433 497/497 432/432
f 497/497 433/433 498/498
f 563/563 497/497 498/498
f 497/497 563/563 562/562
f 629/629 563/563 564/564
f 563/563 629/629 628/628
f 563/563 499/499 564/564
f 499/499 563/563 498/498
f 563/563 627/627 562/562
f 627/627 563/563 628/628
f 558/558 492/492 493/493
f 492/492 558/558 557/557
f 624/624 558/558 559/559
f 558/558 624/624 623/623
f 558/558 494/494 559/559
f 494/494 558/558 493/493
f 430/430 494/494 429/429
f 494/494 430/430 495/495
f 494/494 428/428 429/429
f 428/428 494/494 493/493
f 560/560 494/494 495/495
f 559/559 494/494 560/560
f 1409/1409 1343/1343 1344/1344
f 1343/1343 1409/1409 1408/1408
f 1344/1344 1343/1343 1279/1279
f 1343/1343 1278/1278 1279/1279
f 1090/1090 1024/1024 1025/1025
f 1024/1024 1090/1090 1089/1089
f 1088/1088 1024/1024 1089/1089
f 1023/1023 1024/1024 1088/1088
f 1523/1523 1589/1589 1588/1588
f 1589/1589 1523/1523 1524/1524
f 1589/1589 1590/1590 1655/1655
f 1589/1589 1655/1655 1654/1654
f 1589/1589 1525/1525 1590/1590
f 1525/1525 1589/1589 1524/1524
f 1525/1525 1460/1460 1461/1461
f 1525/1525 1461/1461 1526/1526
f 1460/1460 1525/1525 1459/1459
f 1459/1459 1525/1525 1524/1524
f 1591/1591 1525/1525 1526/1526
f 1590/1590 1525/1525 1591/1591
f 1334/1334 1270/1270 1335/1335
f 1334/1334 1269/1269 1270/1270
f 1334/1334 1333/1333 1268/1268
f 1269/1269 1334/1334 1268/1268
f 1140/1140 1076/1076 1141/1141
f 1076/1076 1140/1140 1075/1075
f 1140/1140 1141/1141 1206/1206
f 1205/1205 1140/1140 1206/1206
f 1203/1203 1204/1204 1268/1268
f 1204/1204 1269/1269 1268/1268
f 1204/1204 1205/1205 1270/1270
f 1269/1269 1204/1204 1270/1270
f 1200/1200 1264/1264 1199/1199
f 1264/1264 1200/1200 1265/1265
f 1329/1329 1264/1264 1330/1330
f 1330/1330 1264/1264 1265/1265
f 1264/1264 1328/1328 1263/1263
f 1264/1264 1329/1329 1328/1328
f 1201/1201 1266/1266 1265/1265
f 1200/1200 1201/1201 1265/1265
f 1201/1201 1202/1202 1267/1267
f 1266/1266 1201/1201 1267/1267
f 1078/1078 1142/1142 1077/1077
f 1142/1142 1078/1078 1143/1143
f 1143/1143 1078/1078 1144/1144
f 1078/1078 1079/1079 1144/1144
f 1146/1146 1080/1080 1081/1081
f 1145/1145 1080/1080 1146/1146
f 1080/1080 1145/1145 1144/1144
f 1079/1079 1080/1080 1144/1144
f 1794/1794 1852/1852 1851/1851
f 1852/1852 1794/1794 1795/1795
f 1730/1730 1731/1731 1796/1796
f 1795/1795 1730/1730 1796/1796
f 1666/1666 1730/1730 1665/1665
f 1731/1731 1730/1730 1666/1666
f 1730/1730 1794/1794 1729/1729
f 1794/1794 1730/1730 1795/1795
f 1730/1730 1664/1664 1665/1665
f 1730/1730 1729/1729 1664/1664
f 5539/5539 5471/5471 5472/5472
f 5538/5538 5471/5471 5539/5539
f 5472/5472 5471/5471 5405/5405
f 5471/5471 5404/5404 5405/5405
f 5404/5404 5471/5471 5403/5403
f 5471/5471 5470/5470 5403/5403
f 5471/5471 5537/5537 5470/5470
f 5537/5537 5471/5471 5538/5538
f 5537/5537 5603/5603 5536/5536
f 5537/5537 5604/5604 5603/5603
f 5537/5537 5538/5538 5605/5605
f 5604/5604 5537/5537 5605/5605
f 5469/5469 5537/5537 5536/5536
f 5470/5470 5537/5537 5469/5469
f 6273/6273 6274/6274 6324/6324
f 6323/6323 6273/6273 6324/6324
f 6273/6273 6323/6323 6322/6322
f 6272/6272 6273/6273 6322/6322
f 6315/6315 6364/6364 6314/6314
f 6315/6315 6365/6365 6364/6364
f 6264/6264 6315/6315 6314/6314
f 6315/6315 6264/6264 6265/6265
f 6365/6365 6315/6315 6366/6366
f 6315/6315 6316/6316 6366/6366
f 6316/6316 6315/6315 6266/6266
f 6315/6315 6265/6265 6266/6266
f 6166/6166 6216/6216 6165/6165
f 6216/6216 6215/6215 6165/6165
f 6215/6215 6216/6216 6265/6265
f 6265/6265 6216/6216 6266/6266
f 6216/6216 6166/6166 6167/6167
f 6217/6217 6216/6216 6167/6167
f 6216/6216 6267/6267 6266/6266
f 6216/6216 6217/6217 6267/6267
f 1547/1547 1613/1613 1612/1612
f 1613/1613 1547/1547 1548/1548
f 1614/1614 1613/1613 1549/1549
f 1613/1613 1548/1548 1549/1549
f 1608/1608 1674/1674 1673/1673
f 1674/1674 1608/1608 1609/1609
f 1544/1544 1608/1608 1543/1543
f 1608/1608 1544/1544 1609/1609
f 1672/1672 1608/1608 1673/1673
f 1607/1607 1608/1608 1672/1672
f 1543/1543 1608/1608 1542/1542
f 1608/1608 1607/1607 1542/1542
f 1735/1735 1734/1734 1670/1670
f 1670/1670 1734/1734 1669/1669
f 1734/1734 1668/1668 1669/1669
f 1668/1668 1734/1734 1733/1733
f 1669/1669 1668/1668 1604/1604
f 1668/1668 1603/1603 1604/1604
f 2228/2228 2273/2273 2272/2272
f 2229/2229 2273/2273 2228/2228
f 2273/2273 2325/2325 2272/2272
f 2325/2325 2273/2273 2326/2326
f 2326/2326 2273/2273 2327/2327
f 2273/2273 2274/2274 2327/2327
f 2273/2273 2230/2230 2274/2274
f 2230/2230 2273/2273 2229/2229
f 2188/2188 2230/2230 2187/2187
f 2230/2230 2188/2188 2231/2231
f 2230/2230 2229/2229 2186/2186
f 2187/2187 2230/2230 2186/2186
f 2275/2275 2230/2230 2231/2231
f 2274/2274 2230/2230 2275/2275
f 2142/2142 2096/2096 2097/2097
f 2096/2096 2142/2142 2141/2141
f 2142/2142 2185/2185 2141/2141
f 2185/2185 2142/2142 2186/2186
f 2098/2098 2142/2142 2097/2097
f 2142/2142 2098/2098 2143/2143
f 2142/2142 2143/2143 2187/2187
f 2142/2142 2187/2187 2186/2186
f 2047/2047 2095/2095 2094/2094
f 2048/2048 2095/2095 2047/2047
f 2139/2139 2095/2095 2140/2140
f 2095/2095 2139/2139 2094/2094
f 2096/2096 2095/2095 2049/2049
f 2095/2095 2048/2048 2049/2049
f 2140/2140 2095/2095 2141/2141
f 2095/2095 2096/2096 2141/2141
f 1520/1520 1454/1454 1455/1455
f 1454/1454 1520/1520 1519/1519
f 1715/1715 1779/1779 1714/1714
f 1779/1779 1715/1715 1780/1780
f 1715/1715 1781/1781 1780/1780
f 1781/1781 1715/1715 1716/1716
f 1715/1715 1651/1651 1716/1716
f 1715/1715 1650/1650 1651/1651
f 1715/1715 1714/1714 1649/1649
f 1650/1650 1715/1715 1649/1649
f 1517/1517 1453/1453 1518/1518
f 1453/1453 1517/1517 1452/1452
f 1453/1453 1388/1388 1389/1389
f 1454/1454 1453/1453 1389/1389
f 1453/1453 1519/1519 1518/1518
f 1453/1453 1454/1454 1519/1519
f 1782/1782 1840/1840 1839/1839
f 1840/1840 1782/1782 1783/1783
f 1781/1781 1782/1782 1838/1838
f 1838/1838 1782/1782 1839/1839
f 1576/1576 1642/1642 1641/1641
f 1576/1576 1577/1577 1642/1642
f 1576/1576 1511/1511 1512/1512
f 1577/1577 1576/1576 1512/1512
f 1997/1997 2044/2044 1996/1996
f 2044/2044 1997/1997 2045/2045
f 1997/1997 1996/1996 1946/1946
f 1947/1947 1997/1997 1946/1946
f 1784/1784 1841/1841 1783/1783
f 1841/1841 1840/1840 1783/1783
f 1841/1841 1894/1894 1840/1840
f 1894/1894 1841/1841 1895/1895
f 1841/1841 1784/1784 1785/1785
f 1842/1842 1841/1841 1785/1785
f 1841/1841 1896/1896 1895/1895
f 1841/1841 1842/1842 1896/1896
f 1951/1951 1898/1898 1899/1899
f 1898/1898 1951/1951 1950/1950
f 1845/1845 1846/1846 1899/1899
f 1846/1846 1900/1900 1899/1899
f 1902/1902 1848/1848 1903/1903
f 1848/1848 1849/1849 1903/1903
f 1597/1597 1661/1661 1596/1596
f 1661/1661 1597/1597 1662/1662
f 1595/1595 1661/1661 1660/1660
f 1661/1661 1595/1595 1596/1596
f 2083/2083 2084/2084 2129/2129
f 2128/2128 2083/2083 2129/2129
f 2084/2084 2083/2083 2037/2037
f 2083/2083 2036/2036 2037/2037
f 2083/2083 2128/2128 2127/2127
f 2082/2082 2083/2083 2127/2127
f 2083/2083 2035/2035 2036/2036
f 2083/2083 2082/2082 2035/2035
f 2091/2091 2043/2043 2044/2044
f 2043/2043 2091/2091 2090/2090
f 1996/1996 2043/2043 1995/1995
f 2044/2044 2043/2043 1996/1996
f 2042/2042 2043/2043 2089/2089
f 2089/2089 2043/2043 2090/2090
f 2043/2043 1994/1994 1995/1995
f 1994/1994 2043/2043 2042/2042
f 1832/1832 1886/1886 1831/1831
f 1886/1886 1885/1885 1831/1831
f 1885/1885 1886/1886 1937/1937
f 1937/1937 1886/1886 1938/1938
f 1833/1833 1886/1886 1832/1832
f 1887/1887 1886/1886 1833/1833
f 1886/1886 1939/1939 1938/1938
f 1886/1886 1887/1887 1939/1939
f 1830/1830 1774/1774 1831/1831
f 1830/1830 1773/1773 1774/1774
f 1830/1830 1885/1885 1884/1884
f 1885/1885 1830/1830 1831/1831
f 1830/1830 1772/1772 1773/1773
f 1830/1830 1829/1829 1772/1772
f 1883/1883 1830/1830 1884/1884
f 1829/1829 1830/1830 1883/1883
f 2262/2262 2217/2217 2218/2218
f 2217/2217 2262/2262 2261/2261
f 2382/2382 2317/2317 2318/2318
f 2383/2383 2382/2382 2318/2318
f 603/603 669/669 668/668
f 603/603 604/604 669/669
f 603/603 539/539 604/604
f 539/539 603/603 538/538
f 475/475 541/541 540/540
f 541/541 475/475 476/476
f 475/475 411/411 476/476
f 475/475 410/410 411/411
f 1067/1067 1003/1003 1068/1068
f 1003/1003 1067/1067 1002/1002
f 1002/1002 1067/1067 1001/1001
f 1067/1067 1066/1066 1001/1001
f 1264/1264 1198/1198 1199/1199
f 1198/1198 1264/1264 1263/1263
f 1262/1262 1198/1198 1263/1263
f 1197/1197 1198/1198 1262/1262
f 1063/1063 1128/1128 1062/1062
f 1128/1128 1127/1127 1062/1062
f 1192/1192 1128/1128 1193/1193
f 1127/1127 1128/1128 1192/1192
f 1129/1129 1128/1128 1064/1064
f 1064/1064 1128/1128 1063/1063
f 1128/1128 1194/1194 1193/1193
f 1128/1128 1129/1129 1194/1194
f 1384/1384 1449/1449 1448/1448
f 1383/1383 1384/1384 1448/1448
f 1317/1317 1382/1382 1316/1316
f 1316/1316 1382/1382 1381/1381
f 1382/1382 1447/1447 1446/1446
f 1381/1381 1382/1382 1446/1446
f 1382/1382 1383/1383 1448/1448
f 1447/1447 1382/1382 1448/1448
f 152/152 216/216 151/151
f 217/217 216/216 152/152
f 216/216 281/281 280/280
f 215/215 216/216 280/280
f 282/282 216/216 217/217
f 216/216 282/282 281/281
f 150/150 216/216 215/215
f 216/216 150/150 151/151
f 150/150 86/86 151/151
f 86/86 150/150 85/85
f 150/150 215/215 214/214
f 149/149 150/150 214/214
f 150/150 149/149 84/84
f 85/85 150/150 84/84
f 277/277 342/342 341/341
f 276/276 277/277 341/341
f 212/212 277/277 211/211
f 277/277 276/276 211/211
f 349/349 283/283 284/284
f 283/283 349/349 348/348
f 219/219 283/283 218/218
f 283/283 219/219 284/284
f 218/218 283/283 217/217
f 283/283 282/282 217/217
f 413/413 347/347 348/348
f 347/347 413/413 412/412
f 283/283 347/347 282/282
f 347/347 283/283 348/348
f 347/347 412/412 411/411
f 346/346 347/347 411/411
f 281/281 347/347 346/346
f 282/282 347/347 281/281
f 416/416 351/351 352/352
f 416/416 352/352 417/417
f 416/416 482/482 481/481
f 482/482 416/416 417/417
f 351/351 416/416 350/350
f 416/416 415/415 350/350
f 480/480 416/416 481/481
f 415/415 416/416 480/480
f 799/799 735/735 800/800
f 735/735 799/799 734/734
f 735/735 801/801 800/800
f 801/801 735/735 736/736
f 735/735 734/734 669/669
f 670/670 735/735 669/669
f 735/735 671/671 736/736
f 735/735 670/670 671/671
f 673/673 672/672 607/607
f 673/673 607/607 608/608
f 609/609 673/673 608/608
f 674/674 673/673 609/609
f 482/482 548/548 547/547
f 548/548 482/482 483/483
f 548/548 613/613 612/612
f 547/547 548/548 612/612
f 549/549 548/548 484/484
f 484/484 548/548 483/483
f 548/548 614/614 613/613
f 548/548 549/549 614/614
f 930/930 866/866 931/931
f 930/930 865/865 866/866
f 935/935 871/871 936/936
f 871/871 935/935 870/870
f 935/935 936/936 1001/1001
f 1000/1000 935/935 1001/1001
f 1642/1642 1578/1578 1643/1643
f 1577/1577 1578/1578 1642/1642
f 1578/1578 1644/1644 1643/1643
f 1578/1578 1579/1579 1644/1644
f 1579/1579 1514/1514 1580/1580
f 1580/1580 1514/1514 1515/1515
f 1318/1318 1382/1382 1317/1317
f 1382/1382 1318/1318 1383/1383
f 1058/1058 1124/1124 1123/1123
f 1124/1124 1058/1058 1059/1059
f 1124/1124 1059/1059 1060/1060
f 1125/1125 1124/1124 1060/1060
f 682/682 681/681 617/617
f 617/617 681/681 616/616
f 1070/1070 1006/1006 1071/1071
f 1070/1070 1005/1005 1006/1006
f 1004/1004 1070/1070 1069/1069
f 1005/1005 1070/1070 1004/1004
f 1070/1070 1135/1135 1134/1134
f 1070/1070 1134/1134 1069/1069
f 2474/2474 2475/2475 2540/2540
f 2539/2539 2474/2474 2540/2540
f 2473/2473 2474/2474 2538/2538
f 2474/2474 2539/2539 2538/2538
f 2475/2475 2474/2474 2410/2410
f 2474/2474 2409/2409 2410/2410
f 2474/2474 2473/2473 2408/2408
f 2409/2409 2474/2474 2408/2408
f 2729/2729 2665/2665 2730/2730
f 2665/2665 2729/2729 2664/2664
f 2666/2666 2665/2665 2601/2601
f 2665/2665 2600/2600 2601/2601
f 2599/2599 2665/2665 2664/2664
f 2600/2600 2665/2665 2599/2599
f 2984/2984 2919/2919 2920/2920
f 2985/2985 2984/2984 2920/2920
f 2790/2790 2724/2724 2725/2725
f 2789/2789 2724/2724 2790/2790
f 2660/2660 2724/2724 2659/2659
f 2725/2725 2724/2724 2660/2660
f 2724/2724 2658/2658 2659/2659
f 2724/2724 2723/2723 2658/2658
f 2854/2854 2788/2788 2789/2789
f 2788/2788 2854/2854 2853/2853
f 2724/2724 2788/2788 2723/2723
f 2788/2788 2724/2724 2789/2789
f 2788/2788 2852/2852 2787/2787
f 2852/2852 2788/2788 2853/2853
f 2788/2788 2787/2787 2722/2722
f 2723/2723 2788/2788 2722/2722
f 3890/3890 3891/3891 3956/3956
f 3955/3955 3890/3890 3956/3956
f 4017/4017 4083/4083 4082/4082
f 4018/4018 4083/4083 4017/4017
f 4083/4083 4018/4018 4019/4019
f 4084/4084 4083/4083 4019/4019
f 3953/3953 3954/3954 4019/4019
f 4018/4018 3953/3953 4019/4019
f 3953/3953 4018/4018 4017/4017
f 3953/3953 4017/4017 3952/3952
f 3888/3888 3953/3953 3887/3887
f 3887/3887 3953/3953 3952/3952
f 3170/3170 3106/3106 3171/3171
f 3106/3106 3170/3170 3105/3105
f 3434/3434 3370/3370 3435/3435
f 3370/3370 3434/3434 3369/3369
f 3433/3433 3434/3434 3498/3498
f 3434/3434 3499/3499 3498/3498
f 3434/3434 3433/3433 3368/3368
f 3434/3434 3368/3368 3369/3369
f 3561/3561 3496/3496 3497/3497
f 3561/3561 3497/3497 3562/3562
f 3626/3626 3561/3561 3627/3627
f 3627/3627 3561/3561 3562/3562
f 3563/3563 3628/3628 3562/3562
f 3628/3628 3627/3627 3562/3562
f 3564/3564 3563/3563 3498/3498
f 3499/3499 3564/3564 3498/3498
f 3628/3628 3564/3564 3629/3629
f 3564/3564 3628/3628 3563/3563
f 3951/3951 4016/4016 4015/4015
f 3950/3950 3951/3951 4015/4015
f 3951/3951 4017/4017 4016/4016
f 4017/4017 3951/3951 3952/3952
f 3885/3885 3951/3951 3950/3950
f 3886/3886 3951/3951 3885/3885
f 3951/3951 3887/3887 3952/3952
f 3951/3951 3886/3886 3887/3887
f 3818/3818 3819/3819 3883/3883
f 3819/3819 3884/3884 3883/3883
f 3241/3241 3307/3307 3306/3306
f 3242/3242 3307/3307 3241/3241
f 3434/3434 3500/3500 3499/3499
f 3500/3500 3434/3434 3435/3435
f 3500/3500 3564/3564 3499/3499
f 3564/3564 3500/3500 3565/3565
f 3500/3500 3566/3566 3565/3565
f 3566/3566 3500/3500 3501/3501
f 3630/3630 3564/3564 3565/3565
f 3564/3564 3630/3630 3629/3629
f 3566/3566 3630/3630 3565/3565
f 3630/3630 3566/3566 3631/3631
f 3040/3040 3106/3106 3105/3105
f 3106/3106 3040/3040 3041/3041
f 3304/3304 3370/3370 3369/3369
f 3370/3370 3304/3304 3305/3305
f 2977/2977 3042/3042 2976/2976
f 3042/3042 3041/3041 2976/2976
f 2914/2914 2913/2913 2848/2848
f 2849/2849 2914/2914 2848/2848
f 2914/2914 2850/2850 2915/2915
f 2850/2850 2914/2914 2849/2849
f 2913/2913 2914/2914 2978/2978
f 2914/2914 2979/2979 2978/2978
f 2980/2980 2914/2914 2915/2915
f 2979/2979 2914/2914 2980/2980
f 3423/3423 3358/3358 3424/3424
f 3358/3358 3359/3359 3424/3424
f 3228/3228 3294/3294 3293/3293
f 3229/3229 3294/3294 3228/3228
f 3358/3358 3294/3294 3359/3359
f 3294/3294 3358/3358 3293/3293
f 3294/3294 3229/3229 3230/3230
f 3295/3295 3294/3294 3230/3230
f 3294/3294 3295/3295 3360/3360
f 3294/3294 3360/3360 3359/3359
f 2969/2969 3035/3035 3034/3034
f 2970/2970 3035/3035 2969/2969
f 2971/2971 3035/3035 2970/2970
f 3035/3035 2971/2971 3036/3036
f 2905/2905 2971/2971 2970/2970
f 2971/2971 2905/2905 2906/2906
f 2908/2908 2844/2844 2909/2909
f 2844/2844 2908/2908 2843/2843
f 2778/2778 2842/2842 2777/2777
f 2842/2842 2778/2778 2843/2843
f 2908/2908 2842/2842 2843/2843
f 2842/2842 2908/2908 2907/2907
f 2092/2092 2091/2091 2044/2044
f 2092/2092 2044/2044 2045/2045
f 2093/2093 2092/2092 2046/2046
f 2046/2046 2092/2092 2045/2045
f 2136/2136 2092/2092 2137/2137
f 2092/2092 2136/2136 2091/2091
f 2092/2092 2093/2093 2138/2138
f 2137/2137 2092/2092 2138/2138
f 2179/2179 2135/2135 2180/2180
f 2135/2135 2136/2136 2180/2180
f 2136/2136 2135/2135 2091/2091
f 2091/2091 2135/2135 2090/2090
f 2178/2178 2135/2135 2179/2179
f 2134/2134 2135/2135 2178/2178
f 2135/2135 2089/2089 2090/2090
f 2135/2135 2134/2134 2089/2089
f 3816/3816 3751/3751 3817/3817
f 3751/3751 3752/3752 3817/3817
f 3815/3815 3751/3751 3816/3816
f 3751/3751 3815/3815 3750/3750
f 3686/3686 3751/3751 3685/3685
f 3685/3685 3751/3751 3750/3750
f 3687/3687 3751/3751 3686/3686
f 3751/3751 3687/3687 3752/3752
f 3623/3623 3687/3687 3622/3622
f 3687/3687 3623/3623 3688/3688
f 3752/3752 3687/3687 3753/3753
f 3753/3753 3687/3687 3688/3688
f 3687/3687 3686/3686 3621/3621
f 3622/3622 3687/3687 3621/3621
f 3298/3298 3364/3364 3363/3363
f 3364/3364 3298/3298 3299/3299
f 3364/3364 3300/3300 3365/3365
f 3300/3300 3364/3364 3299/3299
f 3364/3364 3429/3429 3428/3428
f 3363/3363 3364/3364 3428/3428
f 3430/3430 3364/3364 3365/3365
f 3429/3429 3364/3364 3430/3430
f 3231/3231 3230/3230 3165/3165
f 3166/3166 3231/3231 3165/3165
f 3231/3231 3295/3295 3230/3230
f 3295/3295 3231/3231 3296/3296
f 3231/3231 3232/3232 3297/3297
f 3231/3231 3297/3297 3296/3296
f 3678/3678 3613/3613 3614/3614
f 3679/3679 3678/3678 3614/3614
f 3810/3810 3811/3811 3876/3876
f 3875/3875 3810/3810 3876/3876
f 4076/4076 4075/4075 4011/4011
f 4075/4075 4010/4010 4011/4011
f 4009/4009 4075/4075 4074/4074
f 4010/4010 4075/4075 4009/4009
f 3618/3618 3683/3683 3617/3617
f 3683/3683 3682/3682 3617/3617
f 3678/3678 3612/3612 3613/3613
f 3612/3612 3678/3678 3677/3677
f 3612/3612 3547/3547 3548/3548
f 3612/3612 3548/3548 3613/3613
f 3419/3419 3484/3484 3418/3418
f 3418/3418 3484/3484 3483/3483
f 3484/3484 3548/3548 3483/3483
f 3484/3484 3549/3549 3548/3548
f 3097/3097 3162/3162 3096/3096
f 3162/3162 3161/3161 3096/3096
f 3161/3161 3162/3162 3226/3226
f 3162/3162 3227/3227 3226/3226
f 2770/2770 2771/2771 2836/2836
f 2835/2835 2770/2770 2836/2836
f 2833/2833 2899/2899 2898/2898
f 2899/2899 2833/2833 2834/2834
f 2898/2898 2899/2899 2963/2963
f 2899/2899 2964/2964 2963/2963
f 3352/3352 3288/3288 3353/3353
f 3287/3287 3288/3288 3352/3352
f 3288/3288 3287/3287 3222/3222
f 3223/3223 3288/3288 3222/3222
f 3025/3025 2960/2960 2961/2961
f 3026/3026 3025/3025 2961/2961
f 3024/3024 3025/3025 3089/3089
f 3089/3089 3025/3025 3090/3090
f 2960/2960 3025/3025 2959/2959
f 3025/3025 3024/3024 2959/2959
f 3155/3155 3154/3154 3089/3089
f 3155/3155 3089/3089 3090/3090
f 3155/3155 3220/3220 3219/3219
f 3154/3154 3155/3155 3219/3219
f 2644/2644 2708/2708 2643/2643
f 2708/2708 2644/2644 2709/2709
f 2704/2704 2638/2638 2639/2639
f 2638/2638 2704/2704 2703/2703
f 2386/2386 2452/2452 2451/2451
f 2387/2387 2452/2452 2386/2386
f 2452/2452 2387/2387 2388/2388
f 2453/2453 2452/2452 2388/2388
f 2520/2520 2521/2521 2586/2586
f 2520/2520 2586/2586 2585/2585
f 2520/2520 2584/2584 2519/2519
f 2584/2584 2520/2520 2585/2585
f 2520/2520 2456/2456 2521/2521
f 2520/2520 2455/2455 2456/2456
f 2520/2520 2519/2519 2454/2454
f 2455/2455 2520/2520 2454/2454
f 2390/2390 2389/2389 2324/2324
f 2325/2325 2390/2390 2324/2324
f 2390/2390 2326/2326 2391/2391
f 2390/2390 2325/2325 2326/2326
f 2389/2389 2390/2390 2454/2454
f 2390/2390 2455/2455 2454/2454
f 2456/2456 2390/2390 2391/2391
f 2455/2455 2390/2390 2456/2456
f 6425/6425 6375/6375 6426/6426
f 6375/6375 6376/6376 6426/6426
f 6375/6375 6325/6325 6326/6326
f 6376/6376 6375/6375 6326/6326
f 6424/6424 6375/6375 6425/6425
f 6374/6374 6375/6375 6424/6424
f 6325/6325 6375/6375 6324/6324
f 6375/6375 6374/6374 6324/6324
f 2171/2171 2214/2214 2170/2170
f 2214/2214 2213/2213 2170/2170
f 2214/2214 2172/2172 2215/2215
f 2214/2214 2171/2171 2172/2172
f 2509/2509 2508/2508 2444/2444
f 2508/2508 2443/2443 2444/2444
f 2569/2569 2568/2568 2504/2504
f 2504/2504 2568/2568 2503/2503
f 2700/2700 2766/2766 2765/2765
f 2700/2700 2701/2701 2766/2766
f 3349/3349 3414/3414 3348/3348
f 3348/3348 3414/3414 3413/3413
f 3414/3414 3479/3479 3478/3478
f 3414/3414 3478/3478 3413/3413
f 3414/3414 3480/3480 3479/3479
f 3480/3480 3414/3414 3415/3415
f 3546/3546 3480/3480 3481/3481
f 3480/3480 3546/3546 3545/3545
f 3416/3416 3480/3480 3415/3415
f 3480/3480 3416/3416 3481/3481
f 3480/3480 3545/3545 3544/3544
f 3479/3479 3480/3480 3544/3544
f 3351/3351 3286/3286 3287/3287
f 3351/3351 3287/3287 3352/3352
f 3417/3417 3351/3351 3352/3352
f 3416/3416 3351/3351 3417/3417
f 6827/6827 6895/6895 6894/6894
f 6895/6895 6827/6827 6828/6828
f 6895/6895 6961/6961 6894/6894
f 6895/6895 6962/6962 6961/6961
f 4127/4127 4126/4126 4061/4061
f 4062/4062 4127/4127 4061/4061
f 3793/3793 3859/3859 3858/3858
f 3859/3859 3793/3793 3794/3794
f 3071/3071 3070/3070 3005/3005
f 3006/3006 3071/3071 3005/3005
f 3267/3267 3266/3266 3202/3202
f 3266/3266 3201/3201 3202/3202
f 3456/3456 3520/3520 3455/3455
f 3520/3520 3456/3456 3521/3521
f 3325/3325 3389/3389 3324/3324
f 3325/3325 3390/3390 3389/3389
f 3325/3325 3259/3259 3260/3260
f 3259/3259 3325/3325 3324/3324
f 3654/3654 3655/3655 3719/3719
f 3719/3719 3655/3655 3720/3720
f 3011/3011 3075/3075 3010/3010
f 3075/3075 3011/3011 3076/3076
f 3736/3736 3737/3737 3801/3801
f 3737/3737 3802/3802 3801/3801
f 2826/2826 2890/2890 2825/2825
f 2891/2891 2890/2890 2826/2826
f 2956/2956 2890/2890 2891/2891
f 2890/2890 2956/2956 2955/2955
f 3580/3580 3515/3515 3516/3516
f 3581/3581 3580/3580 3516/3516
f 3645/3645 3580/3580 3646/3646
f 3580/3580 3581/3581 3646/3646
f 3515/3515 3580/3580 3514/3514
f 3580/3580 3579/3579 3514/3514
f 3644/3644 3580/3580 3645/3645
f 3579/3579 3580/3580 3644/3644
f 3445/3445 3444/3444 3379/3379
f 3445/3445 3379/3379 3380/3380
f 3509/3509 3445/3445 3510/3510
f 3445/3445 3509/3509 3444/3444
f 3382/3382 3318/3318 3383/3383
f 3318/3318 3382/3382 3317/3317
f 3382/3382 3316/3316 3317/3317
f 3382/3382 3381/3381 3316/3316
f 3186/3186 3250/3250 3185/3185
f 3250/3250 3186/3186 3251/3251
f 3253/3253 3188/3188 3254/3254
f 3254/3254 3188/3188 3189/3189
f 3188/3188 3123/3123 3124/3124
f 3188/3188 3124/3124 3189/3189
f 3123/3123 3188/3188 3122/3122
f 3188/3188 3187/3187 3122/3122
f 3188/3188 3252/3252 3187/3187
f 3252/3252 3188/3188 3253/3253
f 3316/3316 3252/3252 3317/3317
f 3252/3252 3316/3316 3251/3251
f 3318/3318 3252/3252 3253/3253
f 3252/3252 3318/3318 3317/3317
f 3186/3186 3252/3252 3251/3251
f 3187/3187 3252/3252 3186/3186
f 3845/3845 3780/3780 3846/3846
f 3780/3780 3781/3781 3846/3846
f 3652/3652 3716/3716 3651/3651
f 3716/3716 3652/3652 3717/3717
f 3782/3782 3716/3716 3717/3717
f 3716/3716 3782/3782 3781/3781
f 3718/3718 3652/3652 3653/3653
f 3652/3652 3718/3718 3717/3717
f 3718/3718 3654/3654 3719/3719
f 3654/3654 3718/3718 3653/3653
f 4117/4117 4116/4116 4052/4052
f 4116/4116 4051/4051 4052/4052
f 3971/3971 4035/4035 3970/3970
f 3971/3971 4036/4036 4035/4035
f 3776/3776 3711/3711 3712/3712
f 3777/3777 3776/3776 3712/3712
f 4103/4103 4037/4037 4038/4038
f 4037/4037 4103/4103 4102/4102
f 3971/3971 4037/4037 4036/4036
f 4037/4037 3971/3971 3972/3972
f 4047/4047 4112/4112 4046/4046
f 4112/4112 4111/4111 4046/4046
f 3701/3701 3700/3700 3636/3636
f 3636/3636 3700/3700 3635/3635
f 3508/3508 3443/3443 3444/3444
f 3509/3509 3508/3508 3444/3444
f 3443/3443 3508/3508 3442/3442
f 3508/3508 3507/3507 3442/3442
f 3633/3633 3569/3569 3634/3634
f 3569/3569 3633/3633 3568/3568
f 4030/4030 3964/3964 3965/3965
f 3964/3964 4030/4030 4029/4029
f 3835/3835 3770/3770 3771/3771
f 3836/3836 3835/3835 3771/3771
f 3901/3901 3966/3966 3965/3965
f 3901/3901 3965/3965 3900/3900
f 3835/3835 3901/3901 3900/3900
f 3901/3901 3835/3835 3836/3836
f 3901/3901 3836/3836 3837/3837
f 3901/3901 3837/3837 3902/3902
f 3708/3708 3772/3772 3707/3707
f 3772/3772 3708/3708 3773/3773
f 3709/3709 3708/3708 3644/3644
f 3708/3708 3643/3643 3644/3644
f 4022/4022 3957/3957 3958/3958
f 4022/4022 3958/3958 4023/4023
f 3957/3957 4022/4022 3956/3956
f 4022/4022 4021/4021 3956/3956
f 4020/4020 4085/4085 4019/4019
f 4085/4085 4084/4084 4019/4019
f 4021/4021 4085/4085 4020/4020
f 4086/4086 4085/4085 4021/4021
f 4024/4024 4090/4090 4089/4089
f 4090/4090 4024/4024 4025/4025
f 3964/3964 4028/4028 3963/3963
f 4028/4028 3964/3964 4029/4029
f 4028/4028 4093/4093 4092/4092
f 4028/4028 4092/4092 4027/4027
f 4094/4094 4028/4028 4029/4029
f 4093/4093 4028/4028 4094/4094
f 3829/3829 3830/3830 3894/3894
f 3830/3830 3895/3895 3894/3894
f 3764/3764 3830/3830 3829/3829
f 3830/3830 3764/3764 3765/3765
f 3830/3830 3831/3831 3896/3896
f 3895/3895 3830/3830 3896/3896
f 3962/3962 4028/4028 4027/4027
f 4028/4028 3962/3962 3963/3963
f 3962/3962 3896/3896 3897/3897
f 3962/3962 3961/3961 3896/3896
f 3962/3962 4026/4026 3961/3961
f 4026/4026 3962/3962 4027/4027
f 4026/4026 4090/4090 4025/4025
f 4090/4090 4026/4026 4091/4091
f 4092/4092 4026/4026 4027/4027
f 4091/4091 4026/4026 4092/4092
f 3960/3960 4026/4026 4025/4025
f 4026/4026 3960/3960 3961/3961
f 3960/3960 4024/4024 3959/3959
f 4024/4024 3960/3960 4025/4025
f 3960/3960 3959/3959 3894/3894
f 3895/3895 3960/3960 3894/3894
f 3961/3961 3960/3960 3896/3896
f 3960/3960 3895/3895 3896/3896
f 7433/7433 7501/7501 7500/7500
f 7433/7433 7434/7434 7501/7501
f 6658/6658 6726/6726 6725/6725
f 6659/6659 6726/6726 6658/6658
f 6660/6660 6661/6661 6728/6728
f 6727/6727 6660/6660 6728/6728
f 6660/6660 6610/6610 6611/6611
f 6661/6661 6660/6660 6611/6611
f 6660/6660 6726/6726 6659/6659
f 6726/6726 6660/6660 6727/6727
f 6660/6660 6609/6609 6610/6610
f 6660/6660 6659/6659 6609/6609
f 6724/6724 6792/6792 6791/6791
f 6792/6792 6724/6724 6725/6725
f 7464/7464 7396/7396 7397/7397
f 7464/7464 7463/7463 7396/7396
f 7464/7464 7398/7398 7465/7465
f 7398/7398 7464/7464 7397/7397
f 7463/7463 7464/7464 7530/7530
f 7464/7464 7531/7531 7530/7530
f 7532/7532 7464/7464 7465/7465
f 7531/7531 7464/7464 7532/7532
f 7799/7799 7800/7800 7867/7867
f 7866/7866 7799/7799 7867/7867
f 7799/7799 7732/7732 7733/7733
f 7800/7800 7799/7799 7733/7733
f 7732/7732 7799/7799 7731/7731
f 7799/7799 7798/7798 7731/7731
f 7799/7799 7865/7865 7798/7798
f 7865/7865 7799/7799 7866/7866
f 7932/7932 7865/7865 7933/7933
f 7865/7865 7866/7866 7933/7933
f 7864/7864 7865/7865 7931/7931
f 7865/7865 7932/7932 7931/7931
f 7865/7865 7864/7864 7797/7797
f 7798/7798 7865/7865 7797/7797
f 8001/8001 8000/8000 7933/7933
f 7934/7934 8001/8001 7933/7933
f 8000/8000 8001/8001 8067/8067
f 8001/8001 8068/8068 8067/8067
f 3804/3804 3738/3738 3739/3739
f 3738/3738 3804/3804 3803/3803
f 3804/3804 3739/3739 3740/3740
f 3805/3805 3804/3804 3740/3740
f 3678/3678 3742/3742 3677/3677
f 3742/3742 3678/3678 3743/3743
f 4007/4007 3943/3943 4008/4008
f 4007/4007 3942/3942 3943/3943
f 4073/4073 4007/4007 4008/4008
f 4072/4072 4007/4007 4073/4073
f 3942/3942 4007/4007 3941/3941
f 4007/4007 4006/4006 3941/3941
f 4006/4006 4007/4007 4071/4071
f 4007/4007 4072/4072 4071/4071
f 4099/4099 4034/4034 4100/4100
f 4100/4100 4034/4034 4035/4035
f 4101/4101 4037/4037 4102/4102
f 4037/4037 4101/4101 4036/4036
f 4036/4036 4101/4101 4035/4035
f 4101/4101 4100/4100 4035/4035
f 4098/4098 4097/4097 4032/4032
f 4033/4033 4098/4098 4032/4032
f 4098/4098 4034/4034 4099/4099
f 4034/4034 4098/4098 4033/4033
f 6824/6824 6823/6823 6756/6756
f 6757/6757 6824/6824 6756/6756
f 6824/6824 6758/6758 6825/6825
f 6758/6758 6824/6824 6757/6757
f 6824/6824 6825/6825 6892/6892
f 6891/6891 6824/6824 6892/6892
f 6890/6890 6824/6824 6891/6891
f 6824/6824 6890/6890 6823/6823
f 6889/6889 6890/6890 6956/6956
f 6956/6956 6890/6890 6957/6957
f 6890/6890 6889/6889 6822/6822
f 6823/6823 6890/6890 6822/6822
f 6890/6890 6958/6958 6957/6957
f 6890/6890 6891/6891 6958/6958
f 7019/7019 6952/6952 7020/7020
f 7020/7020 6952/6952 6953/6953
f 6952/6952 6886/6886 6953/6953
f 6886/6886 6952/6952 6885/6885
f 6885/6885 6952/6952 6884/6884
f 6952/6952 6951/6951 6884/6884
f 7084/7084 7018/7018 7085/7085
f 7018/7018 7084/7084 7017/7017
f 6952/6952 7018/7018 6951/6951
f 7018/7018 6952/6952 7019/7019
f 7085/7085 7018/7018 7086/7086
f 7018/7018 7019/7019 7086/7086
f 6950/6950 7018/7018 7017/7017
f 6951/6951 7018/7018 6950/6950
f 7806/7806 7738/7738 7739/7739
f 7738/7738 7806/7806 7805/7805
f 7819/7819 7751/7751 7752/7752
f 7818/7818 7751/7751 7819/7819
f 7751/7751 7684/7684 7685/7685
f 7752/7752 7751/7751 7685/7685
f 7817/7817 7751/7751 7818/7818
f 7750/7750 7751/7751 7817/7817
f 7684/7684 7751/7751 7683/7683
f 7751/7751 7750/7750 7683/7683
f 5941/5941 5942/5942 5991/5991
f 5942/5942 5992/5992 5991/5991
f 5942/5942 5941/5941 5891/5891
f 5892/5892 5942/5942 5891/5891
f 5992/5992 5942/5942 5993/5993
f 5942/5942 5943/5943 5993/5993
f 5942/5942 5892/5892 5893/5893
f 5943/5943 5942/5942 5893/5893
f 6241/6241 6291/6291 6240/6240
f 6240/6240 6291/6291 6290/6290
f 6291/6291 6341/6341 6340/6340
f 6291/6291 6340/6340 6290/6290
f 6292/6292 6291/6291 6242/6242
f 6291/6291 6241/6241 6242/6242
f 6341/6341 6291/6291 6342/6342
f 6291/6291 6292/6292 6342/6342
f 6194/6194 6193/6193 6144/6144
f 6193/6193 6143/6143 6144/6144
f 6244/6244 6193/6193 6194/6194
f 6193/6193 6244/6244 6243/6243
f 6143/6143 6193/6193 6142/6142
f 6193/6193 6192/6192 6142/6142
f 6242/6242 6193/6193 6243/6243
f 6192/6192 6193/6193 6242/6242
f 2122/2122 2167/2167 2166/2166
f 2167/2167 2122/2122 2123/2123
f 6180/6180 6129/6129 6130/6130
f 6129/6129 6180/6180 6179/6179
f 6180/6180 6130/6130 6131/6131
f 6181/6181 6180/6180 6131/6131
f 6136/6136 6186/6186 6135/6135
f 6186/6186 6185/6185 6135/6135
f 6187/6187 6186/6186 6137/6137
f 6186/6186 6136/6136 6137/6137
f 6185/6185 6186/6186 6235/6235
f 6186/6186 6236/6236 6235/6235
f 6186/6186 6187/6187 6237/6237
f 6236/6236 6186/6186 6237/6237
f 6587/6587 6637/6637 6636/6636
f 6586/6586 6587/6587 6636/6636
f 6771/6771 6839/6839 6838/6838
f 6839/6839 6771/6771 6772/6772
f 7171/7171 7103/7103 7104/7104
f 7103/7103 7171/7171 7170/7170
f 7103/7103 7170/7170 7169/7169
f 7102/7102 7103/7103 7169/7169
f 6967/6967 7035/7035 7034/7034
f 7035/7035 6967/6967 6968/6968
f 6972/6972 6973/6973 7040/7040
f 6972/6972 7040/7040 7039/7039
f 6904/6904 6972/6972 6971/6971
f 6972/6972 6904/6904 6905/6905
f 7038/7038 6972/6972 7039/7039
f 6971/6971 6972/6972 7038/7038
f 6583/6583 6534/6534 6584/6584
f 6534/6534 6583/6583 6533/6533
f 6534/6534 6483/6483 6484/6484
f 6483/6483 6534/6534 6533/6533
f 6534/6534 6484/6484 6485/6485
f 6535/6535 6534/6534 6485/6485
f 6534/6534 6535/6535 6585/6585
f 6584/6584 6534/6534 6585/6585
f 6634/6634 6583/6583 6584/6584
f 6583/6583 6634/6634 6633/6633
f 6703/6703 6637/6637 6704/6704
f 6637/6637 6703/6703 6636/6636
f 6531/6531 6530/6530 6480/6480
f 6481/6481 6531/6531 6480/6480
f 6696/6696 6763/6763 6695/6695
f 6763/6763 6762/6762 6695/6695
f 6762/6762 6763/6763 6829/6829
f 6763/6763 6830/6830 6829/6829
f 6763/6763 6696/6696 6697/6697
f 6764/6764 6763/6763 6697/6697
f 6531/6531 6580/6580 6530/6530
f 6580/6580 6531/6531 6581/6581
f 6530/6530 6579/6579 6529/6529
f 6580/6580 6579/6579 6530/6530
f 7112/7112 7045/7045 7113/7113
f 7045/7045 7046/7046 7113/7113
f 7046/7046 7045/7045 6979/6979
f 7045/7045 6978/6978 6979/6979
f 7161/7161 7227/7227 7160/7160
f 7161/7161 7228/7228 7227/7227
f 7093/7093 7161/7161 7160/7160
f 7094/7094 7161/7161 7093/7093
f 2352/2352 2288/2288 2353/2353
f 2288/2288 2352/2352 2287/2287
f 2234/2234 2288/2288 2287/2287
f 2235/2235 2288/2288 2234/2234
f 2237/2237 2193/2193 2238/2238
f 2193/2193 2194/2194 2238/2238
f 2151/2151 2193/2193 2150/2150
f 2193/2193 2151/2151 2194/2194
f 2192/2192 2193/2193 2236/2236
f 2193/2193 2237/2237 2236/2236
f 2193/2193 2192/2192 2149/2149
f 2193/2193 2149/2149 2150/2150
f 2488/2488 2489/2489 2553/2553
f 2553/2553 2489/2489 2554/2554
f 2423/2423 2487/2487 2422/2422
f 2423/2423 2488/2488 2487/2487
f 2152/2152 2107/2107 2108/2108
f 2107/2107 2152/2152 2151/2151
f 2107/2107 2062/2062 2063/2063
f 2108/2108 2107/2107 2063/2063
f 2107/2107 2151/2151 2150/2150
f 2106/2106 2107/2107 2150/2150
f 2062/2062 2107/2107 2061/2061
f 2107/2107 2106/2106 2061/2061
f 1752/1752 1808/1808 1751/1751
f 1808/1808 1752/1752 1809/1809
f 2152/2152 2195/2195 2151/2151
f 2151/2151 2195/2195 2194/2194
f 2194/2194 2195/2195 2238/2238
f 2195/2195 2239/2239 2238/2238
f 2363/2363 2429/2429 2428/2428
f 2429/2429 2363/2363 2364/2364
f 2429/2429 2495/2495 2494/2494
f 2495/2495 2429/2429 2430/2430
f 3009/3009 2944/2944 3010/3010
f 3010/3010 2944/2944 2945/2945
f 2751/2751 2817/2817 2816/2816
f 2751/2751 2752/2752 2817/2817
f 2751/2751 2687/2687 2752/2752
f 2687/2687 2751/2751 2686/2686
f 2618/2618 2553/2553 2554/2554
f 2619/2619 2618/2618 2554/2554
f 2684/2684 2618/2618 2619/2619
f 2618/2618 2684/2684 2683/2683
f 3056/3056 2990/2990 2991/2991
f 3056/3056 3055/3055 2990/2990
f 3056/3056 2992/2992 3057/3057
f 2992/2992 3056/3056 2991/2991
f 3055/3055 3056/3056 3120/3120
f 3056/3056 3121/3121 3120/3120
f 3056/3056 3057/3057 3122/3122
f 3121/3121 3056/3056 3122/3122
f 2732/2732 2668/2668 2733/2733
f 2668/2668 2732/2732 2667/2667
f 2798/2798 2732/2732 2733/2733
f 2797/2797 2732/2732 2798/2798
f 2925/2925 2861/2861 2926/2926
f 2861/2861 2925/2925 2860/2860
f 3254/3254 3190/3190 3255/3255
f 3190/3190 3254/3254 3189/3189
f 3190/3190 3256/3256 3255/3255
f 3190/3190 3191/3191 3256/3256
f 3126/3126 3062/3062 3127/3127
f 3062/3062 3126/3126 3061/3061
f 3192/3192 3126/3126 3127/3127
f 3191/3191 3126/3126 3192/3192
f 2745/2745 2809/2809 2744/2744
f 2810/2810 2809/2809 2745/2745
f 2874/2874 2809/2809 2875/2875
f 2809/2809 2810/2810 2875/2875
f 3131/3131 3197/3197 3196/3196
f 3197/3197 3131/3131 3132/3132
f 3068/3068 3067/3067 3003/3003
f 3003/3003 3067/3067 3002/3002
f 3004/3004 2938/2938 2939/2939
f 2938/2938 3004/3004 3003/3003
f 2938/2938 2874/2874 2939/2939
f 2874/2874 2938/2938 2873/2873
f 2938/2938 3003/3003 3002/3002
f 2937/2937 2938/2938 3002/3002
f 2938/2938 2937/2937 2872/2872
f 2873/2873 2938/2938 2872/2872
f 2934/2934 2935/2935 3000/3000
f 2999/2999 2934/2934 3000/3000
f 2998/2998 2934/2934 2999/2999
f 2934/2934 2998/2998 2933/2933
f 1567/1567 1503/1503 1568/1568
f 1567/1567 1502/1502 1503/1503
f 1567/1567 1566/1566 1501/1501
f 1502/1502 1567/1567 1501/1501
f 1443/1443 1442/1442 1377/1377
f 1443/1443 1377/1377 1378/1378
f 1442/1442 1443/1443 1507/1507
f 1443/1443 1508/1508 1507/1507
f 1509/1509 1443/1443 1444/1444
f 1508/1508 1443/1443 1509/1509
f 1049/1049 983/983 984/984
f 983/983 1049/1049 1048/1048
f 1113/1113 1047/1047 1048/1048
f 1047/1047 1113/1113 1112/1112
f 1049/1049 1113/1113 1048/1048
f 1113/1113 1049/1049 1114/1114
f 1177/1177 1113/1113 1178/1178
f 1112/1112 1113/1113 1177/1177
f 1113/1113 1179/1179 1178/1178
f 1113/1113 1114/1114 1179/1179
f 1310/1310 1246/1246 1311/1311
f 1246/1246 1310/1310 1245/1245
f 1310/1310 1309/1309 1244/1244
f 1310/1310 1244/1244 1245/1245
f 2019/2019 1970/1970 1971/1971
f 2019/2019 2018/2018 1970/1970
f 2018/2018 2019/2019 2065/2065
f 2019/2019 2066/2066 2065/2065
f 1432/1432 1366/1366 1367/1367
f 1366/1366 1432/1432 1431/1431
f 1368/1368 1432/1432 1367/1367
f 1432/1432 1368/1368 1433/1433
f 1431/1431 1432/1432 1496/1496
f 1432/1432 1497/1497 1496/1496
f 1432/1432 1498/1498 1497/1497
f 1498/1498 1432/1432 1433/1433
f 1564/1564 1498/1498 1499/1499
f 1498/1498 1564/1564 1563/1563
f 1498/1498 1433/1433 1434/1434
f 1498/1498 1434/1434 1499/1499
f 1562/1562 1498/1498 1563/1563
f 1497/1497 1498/1498 1562/1562
f 716/716 780/780 715/715
f 780/780 716/716 781/781
f 715/715 779/779 714/714
f 780/780 779/779 715/715
f 1170/1170 1106/1106 1171/1171
f 1105/1105 1106/1106 1170/1170
f 1106/1106 1105/1105 1040/1040
f 1041/1041 1106/1106 1040/1040
f 1575/1575 1640/1640 1574/1574
f 1640/1640 1639/1639 1574/1574
f 1639/1639 1640/1640 1704/1704
f 1640/1640 1705/1705 1704/1704
f 1379/1379 1443/1443 1378/1378
f 1443/1443 1379/1379 1444/1444
f 1313/1313 1379/1379 1378/1378
f 1314/1314 1379/1379 1313/1313
f 857/857 923/923 922/922
f 923/923 857/857 858/858
f 857/857 793/793 858/858
f 793/793 857/857 792/792
f 793/793 727/727 728/728
f 727/727 793/793 792/792
f 1705/1705 1769/1769 1704/1704
f 1769/1769 1705/1705 1770/1770
f 1769/1769 1703/1703 1704/1704
f 1769/1769 1768/1768 1703/1703
f 1768/1768 1825/1825 1767/1767
f 1767/1767 1825/1825 1824/1824
f 1973/1973 1972/1972 1922/1922
f 1923/1923 1973/1973 1922/1922
f 469/469 468/468 403/403
f 404/404 469/469 403/403
f 469/469 534/534 533/533
f 468/468 469/469 533/533
f 527/527 461/461 462/462
f 461/461 527/527 526/526
f 527/527 462/462 463/463
f 528/528 527/527 463/463
f 396/396 332/332 397/397
f 332/332 396/396 331/331
f 462/462 396/396 397/397
f 461/461 396/396 462/462
f 460/460 396/396 461/461
f 396/396 460/460 395/395
f 524/524 460/460 525/525
f 460/460 524/524 459/459
f 460/460 526/526 525/525
f 460/460 461/461 526/526
f 532/532 597/597 596/596
f 532/532 596/596 531/531
f 850/850 785/785 786/786
f 851/851 850/850 786/786
f 1174/1174 1240/1240 1239/1239
f 1240/1240 1174/1174 1175/1175
f 918/918 983/983 982/982
f 917/917 918/918 982/982
f 985/985 1049/1049 984/984
f 1049/1049 985/985 1050/1050
f 921/921 857/857 922/922
f 857/857 921/921 856/856
f 921/921 985/985 920/920
f 985/985 921/921 986/986
f 856/856 921/921 855/855
f 921/921 920/920 855/855
f 847/847 911/911 846/846
f 911/911 847/847 912/912
f 202/202 201/201 136/136
f 137/137 202/202 136/136
f 203/203 202/202 138/138
f 202/202 137/137 138/138
f 402/402 338/338 403/403
f 338/338 402/402 337/337
f 337/337 402/402 336/336
f 402/402 401/401 336/336
f 400/400 466/466 465/465
f 400/400 401/401 466/466
f 145/145 209/209 144/144
f 209/209 145/145 210/210
f 209/209 275/275 274/274
f 209/209 210/210 275/275
f 273/273 209/209 274/274
f 209/209 273/273 208/208
f 207/207 273/273 272/272
f 208/208 273/273 207/207
f 273/273 337/337 272/272
f 273/273 338/338 337/337
f 339/339 273/273 274/274
f 338/338 273/273 339/339
f 1174/1174 1109/1109 1175/1175
f 1109/1109 1110/1110 1175/1175
f 1111/1111 1112/1112 1177/1177
f 1176/1176 1111/1111 1177/1177
f 1111/1111 1047/1047 1112/1112
f 1047/1047 1111/1111 1046/1046
f 1110/1110 1111/1111 1175/1175
f 1111/1111 1176/1176 1175/1175
f 1299/1299 1233/1233 1234/1234
f 1298/1298 1233/1233 1299/1299
f 1232/1232 1233/1233 1297/1297
f 1233/1233 1298/1298 1297/1297
f 1233/1233 1169/1169 1234/1234
f 1169/1169 1233/1233 1168/1168
f 1105/1105 1169/1169 1104/1104
f 1169/1169 1105/1105 1170/1170
f 1169/1169 1170/1170 1235/1235
f 1234/1234 1169/1169 1235/1235
f 1169/1169 1168/1168 1103/1103
f 1169/1169 1103/1103 1104/1104
f 1035/1035 970/970 971/971
f 1035/1035 971/971 1036/1036
f 1229/1229 1163/1163 1164/1164
f 1163/1163 1229/1229 1228/1228
f 1226/1226 1160/1160 1161/1161
f 1160/1160 1226/1226 1225/1225
f 1226/1226 1290/1290 1225/1225
f 1226/1226 1291/1291 1290/1290
f 4316/4316 4384/4384 4383/4383
f 4316/4316 4317/4317 4384/4384
f 4316/4316 4382/4382 4315/4315
f 4382/4382 4316/4316 4383/4383
f 4317/4317 4316/4316 4250/4250
f 4316/4316 4249/4249 4250/4250
f 4248/4248 4316/4316 4315/4315
f 4249/4249 4316/4316 4248/4248
f 4647/4647 4715/4715 4714/4714
f 4647/4647 4648/4648 4715/4715
f 4647/4647 4713/4713 4646/4646
f 4713/4713 4647/4647 4714/4714
f 4648/4648 4647/4647 4581/4581
f 4647/4647 4580/4580 4581/4581
f 4579/4579 4647/4647 4646/4646
f 4580/4580 4647/4647 4579/4579
f 4515/4515 4448/4448 4516/4516
f 4448/4448 4449/4449 4516/4516
f 4382/4382 4448/4448 4381/4381
f 4448/4448 4382/4382 4449/4449
f 4381/4381 4448/4448 4380/4380
f 4448/4448 4447/4447 4380/4380
f 4448/4448 4514/4514 4447/4447
f 4514/4514 4448/4448 4515/4515
f 4514/4514 4580/4580 4513/4513
f 4580/4580 4514/4514 4581/4581
f 4514/4514 4515/4515 4582/4582
f 4514/4514 4582/4582 4581/4581
f 4514/4514 4513/4513 4446/4446
f 4447/4447 4514/4514 4446/4446
f 5900/5900 5950/5950 5949/5949
f 5899/5899 5900/5900 5949/5949
f 5950/5950 5900/5900 5951/5951
f 5900/5900 5901/5901 5951/5951
f 5833/5833 5834/5834 5884/5884
f 5883/5883 5833/5833 5884/5884
f 5833/5833 5883/5883 5882/5882
f 5832/5832 5833/5833 5882/5882
f 5649/5649 5716/5716 5715/5715
f 5648/5648 5649/5649 5715/5715
f 5649/5649 5581/5581 5582/5582
f 5581/5581 5649/5649 5648/5648
f 5649/5649 5650/5650 5717/5717
f 5716/5716 5649/5649 5717/5717
f 5649/5649 5582/5582 5583/5583
f 5650/5650 5649/5649 5583/5583
f 250/250 184/184 185/185
f 184/184 250/250 249/249
f 186/186 250/250 185/185
f 250/250 186/186 251/251
f 312/312 377/377 311/311
f 377/377 376/376 311/311
f 356/356 422/422 421/421
f 422/422 356/356 357/357
f 358/358 422/422 357/357
f 423/423 422/422 358/358
f 161/161 160/160 95/95
f 161/161 95/95 96/96
f 290/290 356/356 355/355
f 356/356 290/290 291/291
f 288/288 287/287 222/222
f 223/223 288/288 222/222
f 287/287 288/288 352/352
f 288/288 353/353 352/352
f 186/186 252/252 251/251
f 252/252 186/186 187/187
f 252/252 187/187 188/188
f 253/253 252/252 188/188
f 318/318 252/252 253/253
f 252/252 318/318 317/317
f 318/318 253/253 254/254
f 318/318 254/254 319/319
f 255/255 320/320 254/254
f 254/254 320/320 319/319
f 192/192 256/256 191/191
f 256/256 192/192 257/257
f 191/191 256/256 190/190
f 256/256 255/255 190/190
f 577/577 643/643 642/642
f 643/643 577/577 578/578
f 642/642 643/643 707/707
f 643/643 708/708 707/707
f 773/773 774/774 839/839
f 838/838 773/773 839/839
f 967/967 966/966 902/902
f 966/966 901/901 902/902
f 835/835 899/899 834/834
f 899/899 835/835 900/900
f 581/581 580/580 515/515
f 581/581 515/515 516/516
f 517/517 581/581 516/516
f 581/581 517/517 582/582
f 581/581 582/582 647/647
f 646/646 581/581 647/647
f 645/645 581/581 646/646
f 581/581 645/645 580/580
f 710/710 645/645 711/711
f 645/645 646/646 711/711
f 645/645 579/579 580/580
f 579/579 645/645 644/644
f 579/579 643/643 578/578
f 643/643 579/579 644/644
f 580/580 579/579 515/515
f 579/579 514/514 515/515
f 579/579 578/578 513/513
f 514/514 579/579 513/513
f 648/648 712/712 647/647
f 713/713 712/712 648/648
f 646/646 712/712 711/711
f 712/712 646/646 647/647
f 712/712 777/777 776/776
f 712/712 776/776 711/711
f 709/709 643/643 644/644
f 643/643 709/709 708/708
f 645/645 709/709 644/644
f 709/709 645/645 710/710
f 773/773 709/709 774/774
f 709/709 773/773 708/708
f 709/709 775/775 774/774
f 775/775 709/709 710/710
f 776/776 775/775 711/711
f 775/775 710/710 711/711
f 840/840 775/775 841/841
f 841/841 775/775 776/776
f 775/775 840/840 839/839
f 774/774 775/775 839/839
f 769/769 835/835 834/834
f 835/835 769/769 770/770
f 518/518 584/584 583/583
f 584/584 518/518 519/519
f 323/323 324/324 389/389
f 388/388 323/323 389/389
f 324/324 323/323 259/259
f 323/323 258/258 259/259
f 195/195 129/129 130/130
f 194/194 129/129 195/195
f 129/129 194/194 193/193
f 129/129 193/193 128/128
f 209/209 143/143 144/144
f 143/143 209/209 208/208
f 142/142 143/143 207/207
f 143/143 208/208 207/207
f 5442/5442 5441/5441 5374/5374
f 5375/5375 5442/5442 5374/5374
f 5508/5508 5442/5442 5509/5509
f 5442/5442 5508/5508 5441/5441
f 5442/5442 5375/5375 5376/5376
f 5443/5443 5442/5442 5376/5376
f 5509/5509 5442/5442 5510/5510
f 5442/5442 5443/5443 5510/5510
f 5378/5378 5446/5446 5445/5445
f 5446/5446 5378/5378 5379/5379
f 5380/5380 5448/5448 5447/5447
f 5380/5380 5381/5381 5448/5448
f 5446/5446 5380/5380 5447/5447
f 5380/5380 5446/5446 5379/5379
f 5380/5380 5314/5314 5381/5381
f 5380/5380 5313/5313 5314/5314
f 5313/5313 5380/5380 5312/5312
f 5380/5380 5379/5379 5312/5312
f 4273/4273 4340/4340 4339/4339
f 4272/4272 4273/4273 4339/4339
f 4273/4273 4274/4274 4341/4341
f 4340/4340 4273/4273 4341/4341
f 4205/4205 4273/4273 4272/4272
f 4206/4206 4273/4273 4205/4205
f 4273/4273 4207/4207 4274/4274
f 4273/4273 4206/4206 4207/4207
f 7578/7578 7511/7511 7579/7579
f 7511/7511 7512/7512 7579/7579
f 7510/7510 7511/7511 7577/7577
f 7511/7511 7578/7578 7577/7577
f 7512/7512 7511/7511 7445/7445
f 7511/7511 7444/7444 7445/7445
f 7511/7511 7510/7510 7443/7443
f 7444/7444 7511/7511 7443/7443
f 8113/8113 8112/8112 8045/8045
f 8046/8046 8113/8113 8045/8045
f 8113/8113 8179/8179 8112/8112
f 8113/8113 8180/8180 8179/8179
f 7452/7452 7385/7385 7386/7386
f 7453/7453 7452/7452 7386/7386
f 7385/7385 7452/7452 7384/7384
f 7452/7452 7451/7451 7384/7384
f 7520/7520 7452/7452 7453/7453
f 7519/7519 7452/7452 7520/7520
f 7451/7451 7452/7452 7518/7518
f 7452/7452 7519/7519 7518/7518
f 683/683 617/617 618/618
f 683/683 682/682 617/617
f 683/683 619/619 684/684
f 619/619 683/683 618/618
f 683/683 748/748 747/747
f 682/682 683/683 747/747
f 749/749 683/683 684/684
f 748/748 683/683 749/749
f 880/880 879/879 814/814
f 815/815 880/880 814/814
f 880/880 816/816 881/881
f 816/816 880/880 815/815
f 1009/1009 1010/1010 1075/1075
f 1074/1074 1009/1009 1075/1075
f 1009/1009 1073/1073 1008/1008
f 1073/1073 1009/1009 1074/1074
f 943/943 1009/1009 1008/1008
f 944/944 1009/1009 943/943
f 810/810 811/811 875/875
f 875/875 811/811 876/876
f 811/811 877/877 876/876
f 811/811 812/812 877/877
f 419/419 420/420 485/485
f 484/484 419/419 485/485
f 420/420 419/419 355/355
f 355/355 419/419 354/354
f 419/419 484/484 483/483
f 418/418 419/419 483/483
f 419/419 418/418 353/353
f 419/419 353/353 354/354
f 284/284 220/220 285/285
f 219/219 220/220 284/284
f 220/220 221/221 286/286
f 220/220 286/286 285/285
f 220/220 219/219 154/154
f 155/155 220/220 154/154
f 221/221 220/220 156/156
f 220/220 155/155 156/156
f 1917/1917 1967/1967 1966/1966
f 1916/1916 1917/1917 1966/1966
f 1968/1968 1917/1917 1918/1918
f 1917/1917 1968/1968 1967/1967
f 1865/1865 1917/1917 1864/1864
f 1917/1917 1916/1916 1864/1864
f 1917/1917 1866/1866 1918/1918
f 1917/1917 1865/1865 1866/1866
f 1483/1483 1484/1484 1549/1549
f 1548/1548 1483/1483 1549/1549
f 1286/1286 1352/1352 1351/1351
f 1352/1352 1286/1286 1287/1287
f 1416/1416 1415/1415 1350/1350
f 1351/1351 1416/1416 1350/1350
f 1352/1352 1416/1416 1351/1351
f 1416/1416 1352/1352 1417/1417
f 1160/1160 1094/1094 1095/1095
f 1094/1094 1160/1160 1159/1159
f 1094/1094 1159/1159 1158/1158
f 1093/1093 1094/1094 1158/1158
f 1028/1028 1094/1094 1093/1093
f 1094/1094 1028/1028 1029/1029
f 963/963 1028/1028 962/962
f 962/962 1028/1028 1027/1027
f 1028/1028 963/963 964/964
f 1029/1029 1028/1028 964/964
f 1028/1028 1092/1092 1027/1027
f 1028/1028 1093/1093 1092/1092
f 969/969 1035/1035 1034/1034
f 1035/1035 969/969 970/970
f 969/969 904/904 905/905
f 970/970 969/969 905/905
f 974/974 973/973 909/909
f 973/973 908/908 909/909
f 1039/1039 973/973 974/974
f 1038/1038 973/973 1039/1039
f 1424/1424 1488/1488 1423/1423
f 1488/1488 1424/1424 1489/1489
f 1490/1490 1424/1424 1425/1425
f 1424/1424 1490/1490 1489/1489
f 1358/1358 1424/1424 1423/1423
f 1359/1359 1424/1424 1358/1358
f 1424/1424 1360/1360 1425/1425
f 1424/1424 1359/1359 1360/1360
f 1749/1749 1685/1685 1750/1750
f 1685/1685 1749/1749 1684/1684
f 1620/1620 1685/1685 1619/1619
f 1619/1619 1685/1685 1684/1684
f 1487/1487 1553/1553 1552/1552
f 1488/1488 1553/1553 1487/1487
f 1553/1553 1617/1617 1552/1552
f 1553/1553 1618/1618 1617/1617
f 1553/1553 1488/1488 1489/1489
f 1554/1554 1553/1553 1489/1489
f 1553/1553 1619/1619 1618/1618
f 1553/1553 1554/1554 1619/1619
f 1914/1914 1963/1963 1913/1913
f 1963/1963 1914/1914 1964/1964
f 1914/1914 1965/1965 1964/1964
f 1914/1914 1915/1915 1965/1965
f 1909/1909 1908/1908 1856/1856
f 1857/1857 1909/1909 1856/1856
f 1908/1908 1909/1909 1958/1958
f 1909/1909 1959/1959 1958/1958
f 1959/1959 1909/1909 1960/1960
f 1909/1909 1910/1910 1960/1960
f 1909/1909 1858/1858 1910/1910
f 1858/1858 1909/1909 1857/1857
f 1805/1805 1858/1858 1804/1804
f 1859/1859 1858/1858 1805/1805
f 1858/1858 1803/1803 1804/1804
f 1858/1858 1857/1857 1803/1803
f 1858/1858 1859/1859 1911/1911
f 1910/1910 1858/1858 1911/1911
f 1084/1084 1148/1148 1083/1083
f 1148/1148 1084/1084 1149/1149
f 1149/1149 1084/1084 1150/1150
f 1084/1084 1085/1085 1150/1150
f 1021/1021 1020/1020 956/956
f 1020/1020 955/955 956/956
f 1020/1020 1021/1021 1086/1086
f 1085/1085 1020/1020 1086/1086
f 891/891 957/957 956/956
f 957/957 891/891 892/892
f 234/234 300/300 299/299
f 300/300 234/234 235/235
f 300/300 364/364 299/299
f 364/364 300/300 365/365
f 236/236 300/300 235/235
f 301/301 300/300 236/236
f 300/300 366/366 365/365
f 300/300 301/301 366/366
f 173/173 237/237 172/172
f 173/173 238/238 237/237
f 173/173 172/172 107/107
f 108/108 173/173 107/107
f 174/174 173/173 109/109
f 109/109 173/173 108/108
f 239/239 173/173 174/174
f 173/173 239/239 238/238
f 305/305 239/239 240/240
f 239/239 305/305 304/304
f 303/303 239/239 304/304
f 238/238 239/239 303/303
f 239/239 175/175 240/240
f 239/239 174/174 175/175
f 558/558 622/622 557/557
f 622/622 558/558 623/623
f 622/622 556/556 557/557
f 622/622 621/621 556/556
f 425/425 426/426 490/490
f 426/426 491/491 490/490
f 492/492 426/426 427/427
f 426/426 492/492 491/491
f 426/426 362/362 427/427
f 426/426 361/361 362/362
f 426/426 360/360 361/361
f 360/360 426/426 425/425
f 294/294 360/360 359/359
f 360/360 294/294 295/295
f 360/360 425/425 424/424
f 359/359 360/360 424/424
f 360/360 295/295 296/296
f 361/361 360/360 296/296
f 691/691 625/625 626/626
f 625/625 691/691 690/690
f 561/561 625/625 560/560
f 625/625 561/561 626/626
f 625/625 559/559 560/560
f 625/625 624/624 559/559
f 1336/1336 1401/1401 1335/1335
f 1401/1401 1400/1400 1335/1335
f 1401/1401 1336/1336 1337/1337
f 1402/1402 1401/1401 1337/1337
f 1407/1407 1342/1342 1408/1408
f 1342/1342 1343/1343 1408/1408
f 958/958 957/957 892/892
f 893/893 958/958 892/892
f 957/957 958/958 1022/1022
f 958/958 1023/1023 1022/1022
f 630/630 564/564 565/565
f 630/630 629/629 564/564
f 566/566 630/630 565/565
f 630/630 566/566 631/631
f 696/696 630/630 631/631
f 695/695 630/630 696/696
f 694/694 630/630 695/695
f 630/630 694/694 629/629
f 694/694 693/693 628/628
f 629/629 694/694 628/628
f 694/694 695/695 760/760
f 759/759 694/694 760/760
f 758/758 694/694 759/759
f 694/694 758/758 693/693
f 693/693 758/758 692/692
f 758/758 757/757 692/692
f 757/757 758/758 822/822
f 822/822 758/758 823/823
f 1399/1399 1465/1465 1464/1464
f 1399/1399 1400/1400 1465/1465
f 1398/1398 1399/1399 1463/1463
f 1463/1463 1399/1399 1464/1464
f 1399/1399 1334/1334 1335/1335
f 1400/1400 1399/1399 1335/1335
f 1333/1333 1399/1399 1398/1398
f 1334/1334 1399/1399 1333/1333
f 1140/1140 1139/1139 1075/1075
f 1139/1139 1074/1074 1075/1075
f 1139/1139 1138/1138 1073/1073
f 1139/1139 1073/1073 1074/1074
f 1139/1139 1140/1140 1205/1205
f 1204/1204 1139/1139 1205/1205
f 1138/1138 1139/1139 1203/1203
f 1139/1139 1204/1204 1203/1203
f 1070/1070 1136/1136 1135/1135
f 1136/1136 1070/1070 1071/1071
f 1072/1072 1136/1136 1071/1071
f 1136/1136 1072/1072 1137/1137
f 1135/1135 1136/1136 1200/1200
f 1136/1136 1201/1201 1200/1200
f 1202/1202 1136/1136 1137/1137
f 1201/1201 1136/1136 1202/1202
f 1015/1015 949/949 950/950
f 949/949 1015/1015 1014/1014
f 1015/1015 1080/1080 1079/1079
f 1015/1015 1079/1079 1014/1014
f 6223/6223 6172/6172 6173/6173
f 6223/6223 6222/6222 6172/6172
f 6224/6224 6223/6223 6174/6174
f 6223/6223 6173/6173 6174/6174
f 6222/6222 6223/6223 6272/6272
f 6223/6223 6273/6273 6272/6272
f 6274/6274 6223/6223 6224/6224
f 6273/6273 6223/6223 6274/6274
f 1610/1610 1675/1675 1609/1609
f 1675/1675 1674/1674 1609/1609
f 1675/1675 1739/1739 1674/1674
f 1739/1739 1675/1675 1740/1740
f 1740/1740 1675/1675 1741/1741
f 1675/1675 1676/1676 1741/1741
f 1675/1675 1611/1611 1676/1676
f 1611/1611 1675/1675 1610/1610
f 1611/1611 1547/1547 1612/1612
f 1547/1547 1611/1611 1546/1546
f 1611/1611 1610/1610 1545/1545
f 1611/1611 1545/1545 1546/1546
f 1611/1611 1612/1612 1677/1677
f 1676/1676 1611/1611 1677/1677
f 1667/1667 1731/1731 1666/1666
f 1731/1731 1667/1667 1732/1732
f 1603/1603 1667/1667 1602/1602
f 1668/1668 1667/1667 1603/1603
f 1667/1667 1668/1668 1733/1733
f 1732/1732 1667/1667 1733/1733
f 2143/2143 2099/2099 2144/2144
f 2098/2098 2099/2099 2143/2143
f 2051/2051 2004/2004 2052/2052
f 2004/2004 2051/2051 2003/2003
f 2050/2050 2051/2051 2097/2097
f 2051/2051 2098/2098 2097/2097
f 2051/2051 2099/2099 2098/2098
f 2099/2099 2051/2051 2052/2052
f 1711/1711 1777/1777 1776/1776
f 1711/1711 1712/1712 1777/1777
f 1710/1710 1711/1711 1775/1775
f 1775/1775 1711/1711 1776/1776
f 1712/1712 1711/1711 1647/1647
f 1711/1711 1646/1646 1647/1647
f 1645/1645 1711/1711 1710/1710
f 1646/1646 1711/1711 1645/1645
f 1521/1521 1457/1457 1522/1522
f 1457/1457 1521/1521 1456/1456
f 1456/1456 1521/1521 1455/1455
f 1521/1521 1520/1520 1455/1455
f 1585/1585 1649/1649 1584/1584
f 1585/1585 1650/1650 1649/1649
f 1519/1519 1585/1585 1584/1584
f 1520/1520 1585/1585 1519/1519
f 1834/1834 1835/1835 1888/1888
f 1835/1835 1889/1889 1888/1888
f 1581/1581 1645/1645 1580/1580
f 1581/1581 1646/1646 1645/1645
f 1647/1647 1581/1581 1582/1582
f 1646/1646 1581/1581 1647/1647
f 1516/1516 1581/1581 1515/1515
f 1581/1581 1580/1580 1515/1515
f 1581/1581 1517/1517 1582/1582
f 1581/1581 1516/1516 1517/1517
f 1387/1387 1453/1453 1452/1452
f 1453/1453 1387/1387 1388/1388
f 1388/1388 1387/1387 1323/1323
f 1387/1387 1322/1322 1323/1323
f 1258/1258 1257/1257 1193/1193
f 1257/1257 1192/1192 1193/1193
f 1257/1257 1258/1258 1323/1323
f 1322/1322 1257/1257 1323/1323
f 1256/1256 1257/1257 1322/1322
f 1256/1256 1322/1322 1321/1321
f 1257/1257 1256/1256 1192/1192
f 1256/1256 1191/1191 1192/1192
f 1126/1126 1125/1125 1060/1060
f 1061/1061 1126/1126 1060/1060
f 1126/1126 1061/1061 1062/1062
f 1127/1127 1126/1126 1062/1062
f 1125/1125 1126/1126 1190/1190
f 1126/1126 1191/1191 1190/1190
f 1126/1126 1127/1127 1192/1192
f 1191/1191 1126/1126 1192/1192
f 1719/1719 1653/1653 1654/1654
f 1718/1718 1653/1653 1719/1719
f 1589/1589 1653/1653 1588/1588
f 1653/1653 1589/1589 1654/1654
f 1588/1588 1653/1653 1587/1587
f 1653/1653 1652/1652 1587/1587
f 1653/1653 1717/1717 1652/1652
f 1717/1717 1653/1653 1718/1718
f 1651/1651 1717/1717 1716/1716
f 1652/1652 1717/1717 1651/1651
f 1717/1717 1718/1718 1783/1783
f 1782/1782 1717/1717 1783/1783
f 1717/1717 1781/1781 1716/1716
f 1717/1717 1782/1782 1781/1781
f 1998/1998 1949/1949 1999/1999
f 1949/1949 1998/1998 1948/1948
f 1998/1998 2047/2047 2046/2046
f 2047/2047 1998/1998 1999/1999
f 1998/1998 1947/1947 1948/1948
f 1998/1998 1997/1997 1947/1947
f 1997/1997 1998/1998 2045/2045
f 1998/1998 2046/2046 2045/2045
f 2048/2048 2001/2001 2049/2049
f 2001/2001 2048/2048 2000/2000
f 2001/2001 2000/2000 1950/1950
f 1951/1951 2001/2001 1950/1950
f 1723/1723 1788/1788 1722/1722
f 1722/1722 1788/1788 1787/1787
f 1788/1788 1844/1844 1787/1787
f 1788/1788 1845/1845 1844/1844
f 1846/1846 1847/1847 1900/1900
f 1900/1900 1847/1847 1901/1901
f 1847/1847 1902/1902 1901/1901
f 1847/1847 1848/1848 1902/1902
f 1944/1944 1891/1891 1892/1892
f 1944/1944 1943/1943 1891/1891
f 1944/1944 1893/1893 1945/1945
f 1893/1893 1944/1944 1892/1892
f 1944/1944 1945/1945 1995/1995
f 1994/1994 1944/1944 1995/1995
f 1993/1993 1944/1944 1994/1994
f 1944/1944 1993/1993 1943/1943
f 2040/2040 1993/1993 2041/2041
f 1993/1993 2040/2040 1992/1992
f 1943/1943 1993/1993 1942/1942
f 1993/1993 1992/1992 1942/1942
f 1993/1993 2042/2042 2041/2041
f 1993/1993 1994/1994 2042/2042
f 2382/2382 2316/2316 2317/2317
f 2316/2316 2382/2382 2381/2381
f 2448/2448 2382/2382 2383/2383
f 2382/2382 2448/2448 2447/2447
f 2577/2577 2641/2641 2576/2576
f 2641/2641 2577/2577 2642/2642
f 2577/2577 2578/2578 2643/2643
f 2642/2642 2577/2577 2643/2643
f 667/667 733/733 732/732
f 733/733 667/667 668/668
f 667/667 732/732 731/731
f 666/666 667/667 731/731
f 472/472 537/537 471/471
f 471/471 537/537 536/536
f 537/537 472/472 473/473
f 537/537 473/473 538/538
f 474/474 539/539 538/538
f 473/473 474/474 538/538
f 474/474 473/473 408/408
f 409/409 474/474 408/408
f 539/539 474/474 540/540
f 474/474 475/475 540/540
f 474/474 409/409 410/410
f 475/475 474/474 410/410
f 1069/1069 1133/1133 1068/1068
f 1134/1134 1133/1133 1069/1069
f 1133/1133 1134/1134 1199/1199
f 1198/1198 1133/1133 1199/1199
f 803/803 738/738 804/804
f 738/738 739/739 804/804
f 802/802 738/738 803/803
f 738/738 802/802 737/737
f 739/739 738/738 674/674
f 738/738 673/673 674/674
f 672/672 738/738 737/737
f 673/673 738/738 672/672
f 994/994 995/995 1059/1059
f 1059/1059 995/995 1060/1060
f 1061/1061 995/995 996/996
f 995/995 1061/1061 1060/1060
f 996/996 995/995 931/931
f 995/995 930/930 931/931
f 995/995 929/929 930/930
f 929/929 995/995 994/994
f 863/863 929/929 928/928
f 929/929 863/863 864/864
f 929/929 993/993 928/928
f 929/929 994/994 993/993
f 929/929 864/864 865/865
f 930/930 929/929 865/865
f 934/934 868/868 869/869
f 868/868 934/934 933/933
f 934/934 869/869 870/870
f 935/935 934/934 870/870
f 1513/1513 1577/1577 1512/1512
f 1513/1513 1578/1578 1577/1577
f 1447/1447 1513/1513 1512/1512
f 1513/1513 1447/1447 1448/1448
f 1578/1578 1513/1513 1579/1579
f 1513/1513 1514/1514 1579/1579
f 1449/1449 1513/1513 1448/1448
f 1514/1514 1513/1513 1449/1449
f 1187/1187 1253/1253 1252/1252
f 1253/1253 1187/1187 1188/1188
f 1252/1252 1253/1253 1317/1317
f 1253/1253 1318/1318 1317/1317
f 1253/1253 1319/1319 1318/1318
f 1319/1319 1253/1253 1254/1254
f 1319/1319 1384/1384 1383/1383
f 1318/1318 1319/1319 1383/1383
f 1253/1253 1189/1189 1254/1254
f 1189/1189 1253/1253 1188/1188
f 1189/1189 1125/1125 1190/1190
f 1189/1189 1124/1124 1125/1125
f 1123/1123 1189/1189 1188/1188
f 1124/1124 1189/1189 1123/1123
f 744/744 745/745 809/809
f 745/745 810/810 809/809
f 2008/2008 2054/2054 2007/2007
f 2054/2054 2008/2008 2055/2055
f 1679/1679 1615/1615 1680/1680
f 1679/1679 1614/1614 1615/1615
f 1799/1799 1800/1800 1853/1853
f 1853/1853 1800/1800 1854/1854
f 1742/1742 1798/1798 1741/1741
f 1742/1742 1799/1799 1798/1798
f 1742/1742 1676/1676 1677/1677
f 1676/1676 1742/1742 1741/1741
f 1800/1800 1742/1742 1743/1743
f 1742/1742 1800/1800 1799/1799
f 3049/3049 3115/3115 3114/3114
f 3115/3115 3049/3049 3050/3050
f 3049/3049 2985/2985 3050/3050
f 3049/3049 2984/2984 2985/2985
f 3825/3825 3761/3761 3826/3826
f 3761/3761 3825/3825 3760/3760
f 3825/3825 3826/3826 3891/3891
f 3890/3890 3825/3825 3891/3891
f 3889/3889 3953/3953 3888/3888
f 3953/3953 3889/3889 3954/3954
f 3889/3889 3825/3825 3890/3890
f 3825/3825 3889/3889 3824/3824
f 3889/3889 3823/3823 3824/3824
f 3889/3889 3888/3888 3823/3823
f 3889/3889 3955/3955 3954/3954
f 3889/3889 3890/3890 3955/3955
f 3103/3103 3169/3169 3168/3168
f 3169/3169 3103/3103 3104/3104
f 3170/3170 3169/3169 3105/3105
f 3169/3169 3104/3104 3105/3105
f 3623/3623 3624/3624 3688/3688
f 3624/3624 3689/3689 3688/3688
f 3759/3759 3825/3825 3824/3824
f 3825/3825 3759/3759 3760/3760
f 3755/3755 3691/3691 3756/3756
f 3691/3691 3755/3755 3690/3690
f 3308/3308 3243/3243 3244/3244
f 3309/3309 3308/3308 3244/3244
f 3373/3373 3308/3308 3374/3374
f 3308/3308 3309/3309 3374/3374
f 3308/3308 3242/3242 3243/3243
f 3308/3308 3307/3307 3242/3242
f 3371/3371 3305/3305 3306/3306
f 3371/3371 3370/3370 3305/3305
f 3633/3633 3567/3567 3568/3568
f 3567/3567 3633/3633 3632/3632
f 3567/3567 3503/3503 3568/3568
f 3567/3567 3502/3502 3503/3503
f 3567/3567 3566/3566 3501/3501
f 3502/3502 3567/3567 3501/3501
f 3566/3566 3567/3567 3631/3631
f 3631/3631 3567/3567 3632/3632
f 2975/2975 2910/2910 2911/2911
f 2975/2975 2911/2911 2976/2976
f 3040/3040 2975/2975 3041/3041
f 3041/3041 2975/2975 2976/2976
f 3237/3237 3303/3303 3302/3302
f 3238/3238 3303/3303 3237/3237
f 3303/3303 3368/3368 3367/3367
f 3303/3303 3367/3367 3302/3302
f 3368/3368 3303/3303 3369/3369
f 3303/3303 3304/3304 3369/3369
f 3303/3303 3239/3239 3304/3304
f 3239/3239 3303/3303 3238/3238
f 3175/3175 3239/3239 3174/3174
f 3239/3239 3175/3175 3240/3240
f 3239/3239 3238/3238 3173/3173
f 3239/3239 3173/3173 3174/3174
f 3305/3305 3239/3239 3240/3240
f 3304/3304 3239/3239 3305/3305
f 3043/3043 2979/2979 3044/3044
f 2979/2979 3043/3043 2978/2978
f 3043/3043 2977/2977 2978/2978
f 3043/3043 3042/3042 2977/2977
f 3171/3171 3107/3107 3172/3172
f 3106/3106 3107/3107 3171/3171
f 3107/3107 3106/3106 3041/3041
f 3042/3042 3107/3107 3041/3041
f 3357/3357 3422/3422 3421/3421
f 3356/3356 3357/3357 3421/3421
f 3291/3291 3357/3357 3356/3356
f 3357/3357 3291/3291 3292/3292
f 3357/3357 3423/3423 3422/3422
f 3357/3357 3358/3358 3423/3423
f 3357/3357 3292/3292 3293/3293
f 3358/3358 3357/3357 3293/3293
f 3100/3100 3166/3166 3165/3165
f 3100/3100 3101/3101 3166/3166
f 3164/3164 3100/3100 3165/3165
f 3099/3099 3100/3100 3164/3164
f 3100/3100 3035/3035 3036/3036
f 3101/3101 3100/3100 3036/3036
f 3100/3100 3099/3099 3034/3034
f 3035/3035 3100/3100 3034/3034
f 2908/2908 2972/2972 2907/2907
f 2972/2972 2908/2908 2973/2973
f 2972/2972 2971/2971 2906/2906
f 2907/2907 2972/2972 2906/2906
f 2841/2841 2905/2905 2840/2840
f 2905/2905 2841/2841 2906/2906
f 2841/2841 2775/2775 2776/2776
f 2775/2775 2841/2841 2840/2840
f 2841/2841 2907/2907 2906/2906
f 2841/2841 2842/2842 2907/2907
f 2777/2777 2841/2841 2776/2776
f 2842/2842 2841/2841 2777/2777
f 3744/3744 3678/3678 3679/3679
f 3678/3678 3744/3744 3743/3743
f 3749/3749 3684/3684 3750/3750
f 3684/3684 3685/3685 3750/3750
f 3684/3684 3620/3620 3685/3685
f 3620/3620 3684/3684 3619/3619
f 3684/3684 3618/3618 3619/3619
f 3684/3684 3683/3683 3618/3618
f 3684/3684 3748/3748 3683/3683
f 3748/3748 3684/3684 3749/3749
f 3748/3748 3812/3812 3747/3747
f 3812/3812 3748/3748 3813/3813
f 3748/3748 3814/3814 3813/3813
f 3748/3748 3749/3749 3814/3814
f 3748/3748 3747/3747 3682/3682
f 3683/3683 3748/3748 3682/3682
f 3611/3611 3610/3610 3545/3545
f 3546/3546 3611/3611 3545/3545
f 3611/3611 3675/3675 3610/3610
f 3675/3675 3611/3611 3676/3676
f 3547/3547 3611/3611 3546/3546
f 3612/3612 3611/3611 3547/3547
f 3611/3611 3612/3612 3677/3677
f 3611/3611 3677/3677 3676/3676
f 3485/3485 3486/3486 3551/3551
f 3550/3550 3485/3485 3551/3551
f 3485/3485 3420/3420 3421/3421
f 3486/3486 3485/3485 3421/3421
f 3549/3549 3485/3485 3550/3550
f 3484/3484 3485/3485 3549/3549
f 3485/3485 3419/3419 3420/3420
f 3485/3485 3484/3484 3419/3419
f 3229/3229 3163/3163 3164/3164
f 3163/3163 3229/3229 3228/3228
f 3099/3099 3163/3163 3098/3098
f 3163/3163 3099/3099 3164/3164
f 3227/3227 3163/3163 3228/3228
f 3162/3162 3163/3163 3227/3227
f 3163/3163 3097/3097 3098/3098
f 3163/3163 3162/3162 3097/3097
f 2769/2769 2768/2768 2703/2703
f 2704/2704 2769/2769 2703/2703
f 2769/2769 2833/2833 2768/2768
f 2833/2833 2769/2769 2834/2834
f 2769/2769 2770/2770 2835/2835
f 2769/2769 2835/2835 2834/2834
f 2769/2769 2705/2705 2770/2770
f 2705/2705 2769/2769 2704/2704
f 2641/2641 2705/2705 2640/2640
f 2705/2705 2641/2641 2706/2706
f 2705/2705 2704/2704 2639/2639
f 2640/2640 2705/2705 2639/2639
f 2770/2770 2705/2705 2771/2771
f 2771/2771 2705/2705 2706/2706
f 2901/2901 2900/2900 2836/2836
f 2900/2900 2835/2835 2836/2836
f 2900/2900 2901/2901 2966/2966
f 2965/2965 2900/2900 2966/2966
f 2835/2835 2900/2900 2834/2834
f 2900/2900 2899/2899 2834/2834
f 2964/2964 2900/2900 2965/2965
f 2899/2899 2900/2900 2964/2964
f 3289/3289 3355/3355 3354/3354
f 3355/3355 3289/3289 3290/3290
f 3289/3289 3354/3354 3353/3353
f 3288/3288 3289/3289 3353/3353
f 3156/3156 3221/3221 3220/3220
f 3155/3155 3156/3156 3220/3220
f 2707/2707 2772/2772 2771/2771
f 2707/2707 2771/2771 2706/2706
f 2641/2641 2707/2707 2706/2706
f 2707/2707 2641/2641 2642/2642
f 2708/2708 2707/2707 2643/2643
f 2707/2707 2642/2642 2643/2643
f 2773/2773 2707/2707 2708/2708
f 2707/2707 2773/2773 2772/2772
f 2773/2773 2839/2839 2838/2838
f 2839/2839 2773/2773 2774/2774
f 2837/2837 2773/2773 2838/2838
f 2772/2772 2773/2773 2837/2837
f 2774/2774 2773/2773 2709/2709
f 2773/2773 2708/2708 2709/2709
f 2446/2446 2382/2382 2447/2447
f 2382/2382 2446/2446 2381/2381
f 2574/2574 2575/2575 2640/2640
f 2574/2574 2640/2640 2639/2639
f 2638/2638 2574/2574 2639/2639
f 2574/2574 2638/2638 2573/2573
f 2574/2574 2508/2508 2509/2509
f 2508/2508 2574/2574 2573/2573
f 2701/2701 2637/2637 2702/2702
f 2637/2637 2701/2701 2636/2636
f 2702/2702 2637/2637 2703/2703
f 2637/2637 2638/2638 2703/2703
f 2638/2638 2637/2637 2573/2573
f 2573/2573 2637/2637 2572/2572
f 2517/2517 2583/2583 2582/2582
f 2517/2517 2518/2518 2583/2583
f 2516/2516 2517/2517 2581/2581
f 2517/2517 2582/2582 2581/2581
f 2517/2517 2453/2453 2518/2518
f 2517/2517 2452/2452 2453/2453
f 2517/2517 2516/2516 2451/2451
f 2452/2452 2517/2517 2451/2451
f 2443/2443 2378/2378 2444/2444
f 2378/2378 2379/2379 2444/2444
f 2637/2637 2571/2571 2572/2572
f 2571/2571 2637/2637 2636/2636
f 2505/2505 2571/2571 2570/2570
f 2506/2506 2571/2571 2505/2505
f 2571/2571 2507/2507 2572/2572
f 2507/2507 2571/2571 2506/2506
f 2507/2507 2508/2508 2573/2573
f 2507/2507 2573/2573 2572/2572
f 2635/2635 2571/2571 2636/2636
f 2571/2571 2635/2635 2570/2570
f 2700/2700 2635/2635 2701/2701
f 2701/2701 2635/2635 2636/2636
f 3350/3350 3414/3414 3349/3349
f 3414/3414 3350/3350 3415/3415
f 3284/3284 3350/3350 3349/3349
f 3350/3350 3284/3284 3285/3285
f 3350/3350 3416/3416 3415/3415
f 3350/3350 3351/3351 3416/3416
f 3286/3286 3350/3350 3285/3285
f 3351/3351 3350/3350 3286/3286
f 6830/6830 6896/6896 6829/6829
f 6896/6896 6830/6830 6897/6897
f 6829/6829 6896/6896 6828/6828
f 6896/6896 6895/6895 6828/6828
f 3538/3538 3602/3602 3537/3537
f 3602/3602 3538/3538 3603/3603
f 3668/3668 3604/3604 3669/3669
f 3604/3604 3668/3668 3603/3603
f 3602/3602 3668/3668 3667/3667
f 3668/3668 3602/3602 3603/3603
f 3865/3865 3929/3929 3864/3864
f 3930/3930 3929/3929 3865/3865
f 4050/4050 4115/4115 4114/4114
f 4050/4050 4114/4114 4049/4049
f 4116/4116 4050/4050 4051/4051
f 4050/4050 4116/4116 4115/4115
f 4048/4048 4112/4112 4047/4047
f 4112/4112 4048/4048 4113/4113
f 4114/4114 4048/4048 4049/4049
f 4113/4113 4048/4048 4114/4114
f 3202/3202 3136/3136 3137/3137
f 3201/3201 3136/3136 3202/3202
f 3137/3137 3136/3136 3072/3072
f 3136/3136 3071/3071 3072/3072
f 3333/3333 3397/3397 3332/3332
f 3398/3398 3397/3397 3333/3333
f 3390/3390 3391/3391 3455/3455
f 3391/3391 3456/3456 3455/3455
f 3463/3463 3397/3397 3398/3398
f 3397/3397 3463/3463 3462/3462
f 3463/3463 3398/3398 3399/3399
f 3463/3463 3399/3399 3464/3464
f 3463/3463 3527/3527 3462/3462
f 3463/3463 3528/3528 3527/3527
f 3721/3721 3786/3786 3785/3785
f 3721/3721 3785/3785 3720/3720
f 2946/2946 3011/3011 3010/3010
f 2946/2946 3010/3010 2945/2945
f 2632/2632 2631/2631 2566/2566
f 2567/2567 2632/2632 2566/2566
f 3020/3020 3084/3084 3019/3019
f 3084/3084 3020/3020 3085/3085
f 2755/2755 2819/2819 2754/2754
f 2819/2819 2755/2755 2820/2820
f 2755/2755 2689/2689 2690/2690
f 2689/2689 2755/2755 2754/2754
f 2631/2631 2565/2565 2566/2566
f 2565/2565 2631/2631 2630/2630
f 2629/2629 2695/2695 2694/2694
f 2695/2695 2629/2629 2630/2630
f 2693/2693 2629/2629 2694/2694
f 2629/2629 2693/2693 2628/2628
f 2629/2629 2565/2565 2630/2630
f 2565/2565 2629/2629 2564/2564
f 3866/3866 3930/3930 3865/3865
f 3930/3930 3866/3866 3931/3931
f 3866/3866 3932/3932 3931/3931
f 3932/3932 3866/3866 3867/3867
f 3802/3802 3866/3866 3801/3801
f 3867/3867 3866/3866 3802/3802
f 3672/3672 3737/3737 3736/3736
f 3671/3671 3672/3672 3736/3736
f 3607/3607 3672/3672 3606/3606
f 3672/3672 3671/3671 3606/3606
f 3671/3671 3605/3605 3606/3606
f 3605/3605 3671/3671 3670/3670
f 3669/3669 3605/3605 3670/3670
f 3604/3604 3605/3605 3669/3669
f 3021/3021 3087/3087 3086/3086
f 3087/3087 3021/3021 3022/3022
f 3020/3020 3021/3021 3085/3085
f 3021/3021 3086/3086 3085/3085
f 2956/2956 3021/3021 2955/2955
f 3021/3021 3020/3020 2955/2955
f 2892/2892 2891/2891 2826/2826
f 2892/2892 2826/2826 2827/2827
f 3021/3021 2957/2957 3022/3022
f 2957/2957 3021/3021 2956/2956
f 2957/2957 2956/2956 2891/2891
f 2892/2892 2957/2957 2891/2891
f 3087/3087 3151/3151 3086/3086
f 3151/3151 3087/3087 3152/3152
f 3086/3086 3151/3151 3085/3085
f 3151/3151 3150/3150 3085/3085
f 3249/3249 3313/3313 3248/3248
f 3249/3249 3314/3314 3313/3313
f 3183/3183 3249/3249 3248/3248
f 3249/3249 3183/3183 3184/3184
f 3249/3249 3184/3184 3185/3185
f 3250/3250 3249/3249 3185/3185
f 3315/3315 3249/3249 3250/3250
f 3249/3249 3315/3315 3314/3314
f 3381/3381 3315/3315 3316/3316
f 3315/3315 3381/3381 3380/3380
f 3314/3314 3315/3315 3379/3379
f 3379/3379 3315/3315 3380/3380
f 3315/3315 3250/3250 3251/3251
f 3316/3316 3315/3315 3251/3251
f 3911/3911 3845/3845 3846/3846
f 3845/3845 3911/3911 3910/3910
f 3911/3911 3975/3975 3910/3910
f 3975/3975 3911/3911 3976/3976
f 3714/3714 3715/3715 3779/3779
f 3715/3715 3780/3780 3779/3779
f 3650/3650 3715/3715 3649/3649
f 3715/3715 3714/3714 3649/3649
f 3780/3780 3715/3715 3781/3781
f 3715/3715 3716/3716 3781/3781
f 3715/3715 3650/3650 3651/3651
f 3716/3716 3715/3715 3651/3651
f 3529/3529 3463/3463 3464/3464
f 3463/3463 3529/3529 3528/3528
f 3662/3662 3727/3727 3726/3726
f 3661/3661 3662/3662 3726/3726
f 3838/3838 3903/3903 3837/3837
f 3837/3837 3903/3903 3902/3902
f 3967/3967 3901/3901 3902/3902
f 3901/3901 3967/3967 3966/3966
f 3903/3903 3967/3967 3902/3902
f 3967/3967 3903/3903 3968/3968
f 3966/3966 3967/3967 4031/4031
f 3967/3967 4032/4032 4031/4031
f 3967/3967 4033/4033 4032/4032
f 3967/3967 3968/3968 4033/4033
f 3774/3774 3708/3708 3709/3709
f 3708/3708 3774/3774 3773/3773
f 4037/4037 3973/3973 4038/4038
f 3973/3973 4037/4037 3972/3972
f 3907/3907 3973/3973 3972/3972
f 3973/3973 3907/3907 3908/3908
f 3699/3699 3633/3633 3634/3634
f 3633/3633 3699/3699 3698/3698
f 3699/3699 3764/3764 3763/3763
f 3698/3698 3699/3699 3763/3763
f 3699/3699 3634/3634 3635/3635
f 3700/3700 3699/3699 3635/3635
f 3764/3764 3699/3699 3765/3765
f 3699/3699 3700/3700 3765/3765
f 3573/3573 3574/3574 3639/3639
f 3638/3638 3573/3573 3639/3639
f 3573/3573 3637/3637 3572/3572
f 3637/3637 3573/3573 3638/3638
f 3574/3574 3573/3573 3509/3509
f 3573/3573 3508/3508 3509/3509
f 3507/3507 3573/3573 3572/3572
f 3508/3508 3573/3573 3507/3507
f 3769/3769 3704/3704 3705/3705
f 3770/3770 3769/3769 3705/3705
f 3704/3704 3703/3703 3639/3639
f 3703/3703 3638/3638 3639/3639
f 3637/3637 3703/3703 3702/3702
f 3703/3703 3637/3637 3638/3638
f 3769/3769 3703/3703 3704/3704
f 3703/3703 3769/3769 3768/3768
f 3703/3703 3767/3767 3702/3702
f 3767/3767 3703/3703 3768/3768
f 3762/3762 3828/3828 3827/3827
f 3828/3828 3762/3762 3763/3763
f 3826/3826 3762/3762 3827/3827
f 3761/3761 3762/3762 3826/3826
f 3696/3696 3630/3630 3631/3631
f 3630/3630 3696/3696 3695/3695
f 3696/3696 3761/3761 3760/3760
f 3696/3696 3760/3760 3695/3695
f 4088/4088 4087/4087 4023/4023
f 4087/4087 4022/4022 4023/4023
f 4022/4022 4087/4087 4021/4021
f 4087/4087 4086/4086 4021/4021
f 3830/3830 3766/3766 3831/3831
f 3766/3766 3830/3830 3765/3765
f 3766/3766 3700/3700 3701/3701
f 3700/3700 3766/3766 3765/3765
f 3831/3831 3766/3766 3832/3832
f 3766/3766 3767/3767 3832/3832
f 3766/3766 3701/3701 3702/3702
f 3767/3767 3766/3766 3702/3702
f 7364/7364 7432/7432 7431/7431
f 7365/7365 7432/7432 7364/7364
f 7432/7432 7498/7498 7431/7431
f 7498/7498 7432/7432 7499/7499
f 7499/7499 7432/7432 7500/7500
f 7432/7432 7433/7433 7500/7500
f 7432/7432 7366/7366 7433/7433
f 7366/7366 7432/7432 7365/7365
f 7366/7366 7300/7300 7367/7367
f 7300/7300 7366/7366 7299/7299
f 7366/7366 7365/7365 7298/7298
f 7366/7366 7298/7298 7299/7299
f 7434/7434 7366/7366 7367/7367
f 7433/7433 7366/7366 7434/7434
f 6926/6926 6859/6859 6927/6927
f 6859/6859 6860/6860 6927/6927
f 6858/6858 6859/6859 6925/6925
f 6859/6859 6926/6926 6925/6925
f 6859/6859 6858/6858 6791/6791
f 6792/6792 6859/6859 6791/6791
f 6793/6793 6859/6859 6792/6792
f 6859/6859 6793/6793 6860/6860
f 6861/6861 6793/6793 6794/6794
f 6860/6860 6793/6793 6861/6861
f 6793/6793 6727/6727 6794/6794
f 6793/6793 6726/6726 6727/6727
f 6726/6726 6793/6793 6725/6725
f 6793/6793 6792/6792 6725/6725
f 8002/8002 7936/7936 8003/8003
f 7936/7936 8002/8002 7935/7935
f 8070/8070 8002/8002 8003/8003
f 8002/8002 8070/8070 8069/8069
f 8002/8002 7934/7934 7935/7935
f 8002/8002 8001/8001 7934/7934
f 8068/8068 8002/8002 8069/8069
f 8001/8001 8002/8002 8068/8068
f 3934/3934 3869/3869 3935/3935
f 3869/3869 3870/3870 3935/3935
f 3933/3933 3869/3869 3934/3934
f 3869/3869 3933/3933 3868/3868
f 3869/3869 3804/3804 3805/3805
f 3869/3869 3805/3805 3870/3870
f 3804/3804 3869/3869 3803/3803
f 3869/3869 3868/3868 3803/3803
f 3870/3870 3806/3806 3871/3871
f 3805/3805 3806/3806 3870/3870
f 3903/3903 3969/3969 3968/3968
f 3969/3969 3903/3903 3904/3904
f 3969/3969 3905/3905 3970/3970
f 3905/3905 3969/3969 3904/3904
f 3968/3968 3969/3969 4033/4033
f 3969/3969 4034/4034 4033/4033
f 4035/4035 3969/3969 3970/3970
f 4034/4034 3969/3969 4035/4035
f 7873/7873 7941/7941 7940/7940
f 7873/7873 7874/7874 7941/7941
f 7873/7873 7939/7939 7872/7872
f 7939/7939 7873/7873 7940/7940
f 7873/7873 7872/7872 7805/7805
f 7806/7806 7873/7873 7805/7805
f 7807/7807 7873/7873 7806/7806
f 7873/7873 7807/7807 7874/7874
f 7741/7741 7807/7807 7740/7740
f 7807/7807 7741/7741 7808/7808
f 7875/7875 7807/7807 7808/7808
f 7874/7874 7807/7807 7875/7875
f 7740/7740 7807/7807 7739/7739
f 7807/7807 7806/7806 7739/7739
f 2031/2031 1982/1982 1983/1983
f 1982/1982 2031/2031 2030/2030
f 6230/6230 6281/6281 6280/6280
f 6230/6230 6231/6231 6281/6281
f 6279/6279 6230/6230 6280/6280
f 6229/6229 6230/6230 6279/6279
f 6231/6231 6230/6230 6181/6181
f 6230/6230 6180/6180 6181/6181
f 6180/6180 6230/6230 6179/6179
f 6230/6230 6229/6229 6179/6179
f 6588/6588 6639/6639 6638/6638
f 6639/6639 6588/6588 6589/6589
f 6637/6637 6588/6588 6638/6638
f 6587/6587 6588/6588 6637/6637
f 6907/6907 6975/6975 6974/6974
f 6975/6975 6907/6907 6908/6908
f 6966/6966 7032/7032 6965/6965
f 6966/6966 7033/7033 7032/7032
f 7033/7033 6966/6966 7034/7034
f 6966/6966 6967/6967 7034/7034
f 6767/6767 6835/6835 6834/6834
f 6835/6835 6767/6767 6768/6768
f 6583/6583 6532/6532 6533/6533
f 6532/6532 6583/6583 6582/6582
f 6532/6532 6482/6482 6483/6483
f 6532/6532 6483/6483 6533/6533
f 6531/6531 6532/6532 6581/6581
f 6532/6532 6582/6582 6581/6581
f 6532/6532 6481/6481 6482/6482
f 6532/6532 6531/6531 6481/6481
f 6977/6977 6910/6910 6911/6911
f 6978/6978 6977/6977 6911/6911
f 7162/7162 7096/7096 7163/7163
f 7162/7162 7095/7095 7096/7096
f 7230/7230 7162/7162 7163/7163
f 7162/7162 7230/7230 7229/7229
f 7162/7162 7094/7094 7095/7095
f 7162/7162 7161/7161 7094/7094
f 7228/7228 7162/7162 7229/7229
f 7161/7161 7162/7162 7228/7228
f 2289/2289 2237/2237 2290/2290
f 2237/2237 2289/2289 2236/2236
f 2289/2289 2235/2235 2236/2236
f 2289/2289 2288/2288 2235/2235
f 2289/2289 2354/2354 2353/2353
f 2288/2288 2289/2289 2353/2353
f 2360/2360 2424/2424 2359/2359
f 2424/2424 2360/2360 2425/2425
f 2424/2424 2489/2489 2488/2488
f 2423/2423 2424/2424 2488/2488
f 2563/2563 2629/2629 2628/2628
f 2629/2629 2563/2563 2564/2564
f 2624/2624 2625/2625 2690/2690
f 2689/2689 2624/2624 2690/2690
f 2109/2109 2108/2108 2063/2063
f 2064/2064 2109/2109 2063/2063
f 2109/2109 2064/2064 2065/2065
f 2110/2110 2109/2109 2065/2065
f 2154/2154 2198/2198 2197/2197
f 2198/2198 2154/2154 2155/2155
f 2195/2195 2240/2240 2239/2239
f 2240/2240 2195/2195 2196/2196
f 2421/2421 2357/2357 2422/2422
f 2356/2356 2357/2357 2421/2421
f 2624/2624 2560/2560 2625/2625
f 2560/2560 2624/2624 2559/2559
f 2495/2495 2560/2560 2494/2494
f 2494/2494 2560/2560 2559/2559
f 2420/2420 2485/2485 2484/2484
f 2420/2420 2484/2484 2419/2419
f 2420/2420 2486/2486 2485/2485
f 2420/2420 2421/2421 2486/2486
f 2941/2941 3006/3006 3005/3005
f 2940/2940 2941/2941 3005/3005
f 2622/2622 2687/2687 2686/2686
f 2621/2621 2622/2622 2686/2686
f 2688/2688 2624/2624 2689/2689
f 2624/2624 2688/2688 2623/2623
f 2688/2688 2689/2689 2754/2754
f 2688/2688 2754/2754 2753/2753
f 2622/2622 2688/2688 2687/2687
f 2688/2688 2622/2622 2623/2623
f 2687/2687 2688/2688 2752/2752
f 2752/2752 2688/2688 2753/2753
f 2815/2815 2751/2751 2816/2816
f 2815/2815 2750/2750 2751/2751
f 2751/2751 2685/2685 2686/2686
f 2750/2750 2685/2685 2751/2751
f 2685/2685 2750/2750 2749/2749
f 2684/2684 2685/2685 2749/2749
f 2665/2665 2731/2731 2730/2730
f 2731/2731 2665/2665 2666/2666
f 2731/2731 2666/2666 2667/2667
f 2732/2732 2731/2731 2667/2667
f 2863/2863 2862/2862 2798/2798
f 2862/2862 2797/2797 2798/2798
f 2862/2862 2928/2928 2927/2927
f 2862/2862 2863/2863 2928/2928
f 2862/2862 2927/2927 2926/2926
f 2861/2861 2862/2862 2926/2926
f 3124/3124 3125/3125 3189/3189
f 3125/3125 3190/3190 3189/3189
f 3059/3059 3125/3125 3124/3124
f 3060/3060 3125/3125 3059/3059
f 3190/3190 3125/3125 3191/3191
f 3125/3125 3126/3126 3191/3191
f 3125/3125 3060/3060 3061/3061
f 3126/3126 3125/3125 3061/3061
f 2811/2811 2810/2810 2745/2745
f 2746/2746 2811/2811 2745/2745
f 2808/2808 2873/2873 2872/2872
f 2807/2807 2808/2808 2872/2872
f 2743/2743 2808/2808 2742/2742
f 2808/2808 2807/2807 2742/2742
f 2808/2808 2874/2874 2873/2873
f 2808/2808 2809/2809 2874/2874
f 2808/2808 2743/2743 2744/2744
f 2809/2809 2808/2808 2744/2744
f 3194/3194 3258/3258 3193/3193
f 3194/3194 3259/3259 3258/3258
f 3001/3001 3066/3066 3000/3000
f 3066/3066 3065/3065 3000/3000
f 3131/3131 3066/3066 3132/3132
f 3066/3066 3067/3067 3132/3132
f 3066/3066 3001/3001 3002/3002
f 3067/3067 3066/3066 3002/3002
f 2611/2611 2547/2547 2612/2612
f 2611/2611 2546/2546 2547/2547
f 2677/2677 2611/2611 2612/2612
f 2676/2676 2611/2611 2677/2677
f 2806/2806 2807/2807 2872/2872
f 2871/2871 2806/2806 2872/2872
f 2477/2477 2543/2543 2542/2542
f 2543/2543 2477/2477 2478/2478
f 2607/2607 2543/2543 2608/2608
f 2543/2543 2607/2607 2542/2542
f 2865/2865 2929/2929 2864/2864
f 2929/2929 2865/2865 2930/2930
f 1632/1632 1697/1697 1696/1696
f 1631/1631 1632/1632 1696/1696
f 1698/1698 1632/1632 1633/1633
f 1632/1632 1698/1698 1697/1697
f 1632/1632 1631/1631 1566/1566
f 1567/1567 1632/1632 1566/1566
f 1633/1633 1632/1632 1568/1568
f 1632/1632 1567/1567 1568/1568
f 1179/1179 1180/1180 1244/1244
f 1244/1244 1180/1180 1245/1245
f 1180/1180 1246/1246 1245/1245
f 1180/1180 1181/1181 1246/1246
f 985/985 1051/1051 1050/1050
f 1051/1051 985/985 986/986
f 1438/1438 1374/1374 1439/1439
f 1374/1374 1438/1438 1373/1373
f 1309/1309 1374/1374 1308/1308
f 1374/1374 1373/1373 1308/1308
f 1972/1972 2020/2020 1971/1971
f 2020/2020 2019/2019 1971/1971
f 1818/1818 1760/1760 1761/1761
f 1760/1760 1818/1818 1817/1817
f 1819/1819 1761/1761 1762/1762
f 1819/1819 1818/1818 1761/1761
f 844/844 845/845 909/909
f 845/845 910/910 909/909
f 845/845 911/911 910/910
f 911/911 845/845 846/846
f 845/845 779/779 780/780
f 779/779 845/845 844/844
f 845/845 780/780 781/781
f 846/846 845/845 781/781
f 712/712 778/778 777/777
f 778/778 712/712 713/713
f 778/778 843/843 842/842
f 777/777 778/778 842/842
f 779/779 778/778 714/714
f 778/778 713/713 714/714
f 778/778 844/844 843/843
f 778/778 779/779 844/844
f 1172/1172 1236/1236 1171/1171
f 1236/1236 1172/1172 1237/1237
f 1172/1172 1238/1238 1237/1237
f 1238/1238 1172/1172 1173/1173
f 1380/1380 1445/1445 1444/1444
f 1379/1379 1380/1380 1444/1444
f 1380/1380 1379/1379 1314/1314
f 1380/1380 1314/1314 1315/1315
f 1314/1314 1249/1249 1315/1315
f 1315/1315 1249/1249 1250/1250
f 1117/1117 1182/1182 1116/1116
f 1182/1182 1181/1181 1116/1116
f 1246/1246 1182/1182 1247/1247
f 1181/1181 1182/1182 1246/1246
f 1182/1182 1117/1117 1118/1118
f 1183/1183 1182/1182 1118/1118
f 726/726 661/661 662/662
f 727/727 726/726 662/662
f 661/661 660/660 596/596
f 660/660 595/595 596/596
f 726/726 660/660 661/661
f 660/660 726/726 725/725
f 660/660 724/724 659/659
f 660/660 725/725 724/724
f 924/924 923/923 858/858
f 859/859 924/924 858/858
f 1054/1054 990/990 1055/1055
f 989/989 990/990 1054/1054
f 1825/1825 1879/1879 1824/1824
f 1879/1879 1878/1878 1824/1824
f 1826/1826 1769/1769 1770/1770
f 1827/1827 1826/1826 1770/1770
f 1826/1826 1881/1881 1880/1880
f 1881/1881 1826/1826 1827/1827
f 1769/1769 1826/1826 1768/1768
f 1826/1826 1825/1825 1768/1768
f 1826/1826 1879/1879 1825/1825
f 1879/1879 1826/1826 1880/1880
f 2363/2363 2299/2299 2364/2364
f 2298/2298 2299/2299 2363/2363
f 2154/2154 2111/2111 2155/2155
f 2111/2111 2154/2154 2110/2110
f 2066/2066 2111/2111 2065/2065
f 2111/2111 2110/2110 2065/2065
f 599/599 534/534 535/535
f 600/600 599/599 535/535
f 793/793 794/794 858/858
f 794/794 859/859 858/858
f 794/794 795/795 860/860
f 859/859 794/794 860/860
f 794/794 793/793 728/728
f 729/729 794/794 728/728
f 794/794 730/730 795/795
f 794/794 729/729 730/730
f 405/405 470/470 404/404
f 470/470 469/469 404/404
f 469/469 470/470 534/534
f 534/534 470/470 535/535
f 464/464 528/528 463/463
f 464/464 529/529 528/528
f 530/530 464/464 465/465
f 529/529 464/464 530/530
f 981/981 916/916 917/917
f 981/981 917/917 982/982
f 1047/1047 981/981 982/982
f 981/981 1047/1047 1046/1046
f 981/981 915/915 916/916
f 915/915 981/981 980/980
f 915/915 851/851 916/916
f 915/915 850/850 851/851
f 848/848 913/913 912/912
f 847/847 848/848 912/912
f 1305/1305 1370/1370 1369/1369
f 1304/1304 1305/1305 1369/1369
f 1305/1305 1304/1304 1239/1239
f 1240/1240 1305/1305 1239/1239
f 788/788 853/853 787/787
f 853/853 852/852 787/787
f 852/852 853/853 917/917
f 853/853 918/918 917/917
f 782/782 718/718 783/783
f 718/718 782/782 717/717
f 782/782 716/716 717/717
f 716/716 782/782 781/781
f 782/782 848/848 847/847
f 848/848 782/782 783/783
f 782/782 846/846 781/781
f 782/782 847/847 846/846
f 785/785 719/719 720/720
f 719/719 785/785 784/784
f 718/718 719/719 783/783
f 783/783 719/719 784/784
f 586/586 522/522 587/587
f 521/521 522/522 586/586
f 457/457 521/521 456/456
f 457/457 522/522 521/521
f 266/266 200/200 201/201
f 200/200 266/266 265/265
f 467/467 468/468 533/533
f 532/532 467/467 533/533
f 466/466 467/467 531/531
f 467/467 532/532 531/531
f 468/468 467/467 403/403
f 467/467 402/402 403/403
f 402/402 467/467 401/401
f 401/401 467/467 466/466
f 269/269 334/334 268/268
f 334/334 333/333 268/268
f 1111/1111 1045/1045 1046/1046
f 1045/1045 1111/1111 1110/1110
f 1045/1045 981/981 1046/1046
f 981/981 1045/1045 980/980
f 1163/1163 1099/1099 1164/1164
f 1099/1099 1163/1163 1098/1098
f 1099/1099 1033/1033 1034/1034
f 1033/1033 1099/1099 1098/1098
f 1096/1096 1162/1162 1161/1161
f 1162/1162 1096/1096 1097/1097
f 1163/1163 1162/1162 1098/1098
f 1098/1098 1162/1162 1097/1097
f 1032/1032 1033/1033 1098/1098
f 1032/1032 1098/1098 1097/1097
f 1292/1292 1358/1358 1357/1357
f 1358/1358 1292/1292 1293/1293
f 1292/1292 1357/1357 1356/1356
f 1291/1291 1292/1292 1356/1356
f 5850/5850 5800/5800 5801/5801
f 5851/5851 5850/5850 5801/5801
f 5800/5800 5850/5850 5799/5799
f 5850/5850 5849/5849 5799/5799
f 5850/5850 5851/5851 5901/5901
f 5900/5900 5850/5850 5901/5901
f 5850/5850 5899/5899 5849/5849
f 5850/5850 5900/5900 5899/5899
f 5783/5783 5717/5717 5784/5784
f 5783/5783 5716/5716 5717/5717
f 5834/5834 5783/5783 5784/5784
f 5833/5833 5783/5783 5834/5834
f 441/441 442/442 506/506
f 442/442 507/507 506/506
f 376/376 442/442 441/441
f 377/377 442/442 376/376
f 313/313 312/312 247/247
f 248/248 313/313 247/247
f 552/552 617/617 616/616
f 551/551 552/552 616/616
f 162/162 163/163 228/228
f 227/227 162/162 228/228
f 163/163 162/162 98/98
f 98/98 162/162 97/97
f 162/162 227/227 226/226
f 161/161 162/162 226/226
f 162/162 161/161 96/96
f 97/97 162/162 96/96
f 225/225 159/159 160/160
f 225/225 224/224 159/159
f 161/161 225/225 160/160
f 225/225 161/161 226/226
f 225/225 226/226 291/291
f 290/290 225/225 291/291
f 289/289 225/225 290/290
f 225/225 289/289 224/224
f 289/289 290/290 355/355
f 289/289 355/355 354/354
f 224/224 289/289 223/223
f 289/289 288/288 223/223
f 353/353 289/289 354/354
f 288/288 289/289 353/353
f 321/321 320/320 255/255
f 256/256 321/321 255/255
f 772/772 706/706 707/707
f 772/772 771/771 706/706
f 772/772 773/773 838/838
f 772/772 838/838 837/837
f 708/708 772/772 707/707
f 773/773 772/772 708/708
f 965/965 899/899 900/900
f 899/899 965/965 964/964
f 966/966 965/965 901/901
f 901/901 965/965 900/900
f 836/836 772/772 837/837
f 772/772 836/836 771/771
f 901/901 836/836 902/902
f 836/836 837/837 902/902
f 836/836 835/835 770/770
f 771/771 836/836 770/770
f 836/836 901/901 900/900
f 835/835 836/836 900/900
f 832/832 766/766 767/767
f 832/832 831/831 766/766
f 769/769 705/705 770/770
f 705/705 769/769 704/704
f 705/705 771/771 770/770
f 771/771 705/705 706/706
f 706/706 705/705 641/641
f 705/705 640/640 641/641
f 705/705 639/639 640/640
f 639/639 705/705 704/704
f 573/573 639/639 638/638
f 639/639 573/573 574/574
f 639/639 703/703 638/638
f 639/639 704/704 703/703
f 639/639 574/574 575/575
f 640/640 639/639 575/575
f 650/650 716/716 715/715
f 716/716 650/650 651/651
f 392/392 456/456 391/391
f 392/392 457/457 456/456
f 396/396 330/330 331/331
f 330/330 396/396 395/395
f 266/266 330/330 265/265
f 330/330 266/266 331/331
f 5311/5311 5243/5243 5244/5244
f 5311/5311 5310/5310 5243/5243
f 5311/5311 5244/5244 5245/5245
f 5312/5312 5311/5311 5245/5245
f 5379/5379 5311/5311 5312/5312
f 5378/5378 5311/5311 5379/5379
f 5377/5377 5311/5311 5378/5378
f 5311/5311 5377/5377 5310/5310
f 5443/5443 5377/5377 5444/5444
f 5377/5377 5443/5443 5376/5376
f 5309/5309 5377/5377 5376/5376
f 5310/5310 5377/5377 5309/5309
f 5444/5444 5377/5377 5445/5445
f 5377/5377 5378/5378 5445/5445
f 8114/8114 8115/8115 8182/8182
f 8181/8181 8114/8114 8182/8182
f 8114/8114 8048/8048 8115/8115
f 8048/8048 8114/8114 8047/8047
f 8180/8180 8114/8114 8181/8181
f 8113/8113 8114/8114 8180/8180
f 8114/8114 8046/8046 8047/8047
f 8114/8114 8113/8113 8046/8046
f 1009/1009 945/945 1010/1010
f 945/945 1009/1009 944/944
f 945/945 944/944 879/879
f 880/880 945/945 879/879
f 1012/1012 1076/1076 1011/1011
f 1076/1076 1012/1012 1077/1077
f 1547/1547 1482/1482 1548/1548
f 1482/1482 1483/1483 1548/1548
f 1353/1353 1288/1288 1289/1289
f 1354/1354 1353/1353 1289/1289
f 1288/1288 1353/1353 1287/1287
f 1353/1353 1352/1352 1287/1287
f 1032/1032 968/968 1033/1033
f 968/968 1032/1032 967/967
f 968/968 969/969 1034/1034
f 1033/1033 968/968 1034/1034
f 907/907 972/972 906/906
f 972/972 971/971 906/906
f 908/908 972/972 907/907
f 973/973 972/972 908/908
f 1807/1807 1862/1862 1861/1861
f 1862/1862 1807/1807 1808/1808
f 1861/1861 1862/1862 1913/1913
f 1862/1862 1914/1914 1913/1913
f 1020/1020 1019/1019 955/955
f 955/955 1019/1019 954/954
f 1084/1084 1019/1019 1085/1085
f 1019/1019 1020/1020 1085/1085
f 827/827 893/893 892/892
f 893/893 827/827 828/828
f 955/955 890/890 956/956
f 890/890 891/891 956/956
f 890/890 955/955 954/954
f 889/889 890/890 954/954
f 758/758 824/824 823/823
f 824/824 758/758 759/759
f 824/824 890/890 889/889
f 890/890 824/824 825/825
f 824/824 759/759 760/760
f 825/825 824/824 760/760
f 824/824 888/888 823/823
f 888/888 824/824 889/889
f 887/887 951/951 886/886
f 951/951 887/887 952/952
f 888/888 887/887 823/823
f 887/887 822/822 823/823
f 1531/1531 1466/1466 1532/1532
f 1466/1466 1467/1467 1532/1532
f 1466/1466 1531/1531 1530/1530
f 1465/1465 1466/1466 1530/1530
f 1466/1466 1401/1401 1402/1402
f 1466/1466 1402/1402 1467/1467
f 1401/1401 1466/1466 1400/1400
f 1400/1400 1466/1466 1465/1465
f 1601/1601 1667/1667 1666/1666
f 1667/1667 1601/1601 1602/1602
f 1602/1602 1601/1601 1537/1537
f 1601/1601 1536/1536 1537/1537
f 1341/1341 1275/1275 1276/1276
f 1341/1341 1340/1340 1275/1275
f 1277/1277 1212/1212 1213/1213
f 1278/1278 1277/1277 1213/1213
f 1211/1211 1277/1277 1276/1276
f 1277/1277 1211/1211 1212/1212
f 1343/1343 1277/1277 1278/1278
f 1342/1342 1277/1277 1343/1343
f 1277/1277 1341/1341 1276/1276
f 1341/1341 1277/1277 1342/1342
f 1025/1025 959/959 960/960
f 1024/1024 959/959 1025/1025
f 895/895 959/959 894/894
f 959/959 895/895 960/960
f 959/959 1024/1024 1023/1023
f 958/958 959/959 1023/1023
f 959/959 893/893 894/894
f 959/959 958/958 893/893
f 1587/1587 1586/1586 1522/1522
f 1586/1586 1521/1521 1522/1522
f 1586/1586 1652/1652 1651/1651
f 1652/1652 1586/1586 1587/1587
f 1521/1521 1586/1586 1520/1520
f 1586/1586 1585/1585 1520/1520
f 1650/1650 1586/1586 1651/1651
f 1585/1585 1586/1586 1650/1650
f 1836/1836 1780/1780 1837/1837
f 1836/1836 1779/1779 1780/1780
f 1891/1891 1836/1836 1837/1837
f 1890/1890 1836/1836 1891/1891
f 1889/1889 1836/1836 1890/1890
f 1835/1835 1836/1836 1889/1889
f 1778/1778 1836/1836 1835/1835
f 1836/1836 1778/1778 1779/1779
f 1778/1778 1712/1712 1713/1713
f 1712/1712 1778/1778 1777/1777
f 1714/1714 1778/1778 1713/1713
f 1779/1779 1778/1778 1714/1714
f 1778/1778 1834/1834 1777/1777
f 1778/1778 1835/1835 1834/1834
f 1387/1387 1386/1386 1322/1322
f 1322/1322 1386/1386 1321/1321
f 1255/1255 1189/1189 1190/1190
f 1189/1189 1255/1255 1254/1254
f 1255/1255 1319/1319 1254/1254
f 1319/1319 1255/1255 1320/1320
f 1191/1191 1255/1255 1190/1190
f 1256/1256 1255/1255 1191/1191
f 1255/1255 1256/1256 1321/1321
f 1255/1255 1321/1321 1320/1320
f 2051/2051 2002/2002 2003/2003
f 2002/2002 2051/2051 2050/2050
f 2002/2002 2050/2050 2049/2049
f 2001/2001 2002/2002 2049/2049
f 1727/1727 1661/1661 1662/1662
f 1661/1661 1727/1727 1726/1726
f 1850/1850 1904/1904 1903/1903
f 1849/1849 1850/1850 1903/1903
f 1905/1905 1850/1850 1851/1851
f 1850/1850 1905/1905 1904/1904
f 1850/1850 1794/1794 1851/1851
f 1850/1850 1793/1793 1794/1794
f 1658/1658 1724/1724 1723/1723
f 1724/1724 1658/1658 1659/1659
f 2263/2263 2218/2218 2219/2219
f 2263/2263 2262/2262 2218/2218
f 2220/2220 2263/2263 2219/2219
f 2263/2263 2220/2220 2264/2264
f 2317/2317 2263/2263 2264/2264
f 2316/2316 2263/2263 2317/2317
f 2315/2315 2263/2263 2316/2316
f 2263/2263 2315/2315 2262/2262
f 2379/2379 2315/2315 2380/2380
f 2315/2315 2379/2379 2314/2314
f 2261/2261 2315/2315 2314/2314
f 2262/2262 2315/2315 2261/2261
f 2315/2315 2316/2316 2381/2381
f 2315/2315 2381/2381 2380/2380
f 2449/2449 2385/2385 2450/2450
f 2449/2449 2384/2384 2385/2385
f 2449/2449 2383/2383 2384/2384
f 2449/2449 2448/2448 2383/2383
f 602/602 603/603 668/668
f 667/667 602/602 668/668
f 602/602 667/667 666/666
f 601/601 602/602 666/666
f 603/603 602/602 538/538
f 602/602 537/537 538/538
f 537/537 602/602 536/536
f 602/602 601/601 536/536
f 1066/1066 1132/1132 1131/1131
f 1067/1067 1132/1132 1066/1066
f 1131/1131 1132/1132 1196/1196
f 1132/1132 1197/1197 1196/1196
f 1132/1132 1067/1067 1068/1068
f 1133/1133 1132/1132 1068/1068
f 1132/1132 1198/1198 1197/1197
f 1132/1132 1133/1133 1198/1198
f 345/345 279/279 280/280
f 344/344 279/279 345/345
f 279/279 215/215 280/280
f 215/215 279/279 214/214
f 279/279 213/213 214/214
f 213/213 279/279 278/278
f 149/149 213/213 148/148
f 213/213 149/149 214/214
f 148/148 213/213 147/147
f 213/213 212/212 147/147
f 213/213 277/277 212/212
f 213/213 278/278 277/277
f 279/279 343/343 278/278
f 343/343 279/279 344/344
f 407/407 343/343 408/408
f 343/343 407/407 342/342
f 343/343 344/344 409/409
f 343/343 409/409 408/408
f 277/277 343/343 342/342
f 278/278 343/343 277/277
f 1064/1064 999/999 1065/1065
f 999/999 1000/1000 1065/1065
f 998/998 999/999 1063/1063
f 999/999 1064/1064 1063/1063
f 999/999 935/935 1000/1000
f 999/999 934/934 935/935
f 999/999 998/998 933/933
f 934/934 999/999 933/933
f 680/680 615/615 616/616
f 681/681 680/680 616/616
f 680/680 614/614 615/615
f 614/614 680/680 679/679
f 680/680 744/744 679/679
f 680/680 745/745 744/744
f 680/680 746/746 745/745
f 746/746 680/680 681/681
f 746/746 681/681 682/682
f 746/746 682/682 747/747
f 812/812 746/746 747/747
f 811/811 746/746 812/812
f 746/746 811/811 810/810
f 745/745 746/746 810/810
f 1742/1742 1678/1678 1743/1743
f 1678/1678 1742/1742 1677/1677
f 1613/1613 1678/1678 1612/1612
f 1612/1612 1678/1678 1677/1677
f 1678/1678 1613/1613 1614/1614
f 1679/1679 1678/1678 1614/1614
f 1855/1855 1801/1801 1856/1856
f 1801/1801 1802/1802 1856/1856
f 1801/1801 1855/1855 1854/1854
f 1800/1800 1801/1801 1854/1854
f 3048/3048 3113/3113 3112/3112
f 3047/3047 3048/3048 3112/3112
f 3048/3048 3114/3114 3113/3113
f 3048/3048 3049/3049 3114/3114
f 3301/3301 3235/3235 3236/3236
f 3300/3300 3235/3235 3301/3301
f 3235/3235 3171/3171 3236/3236
f 3235/3235 3170/3170 3171/3171
f 3496/3496 3560/3560 3495/3495
f 3561/3561 3560/3560 3496/3496
f 3627/3627 3693/3693 3692/3692
f 3628/3628 3693/3693 3627/3627
f 3754/3754 3818/3818 3753/3753
f 3754/3754 3819/3819 3818/3818
f 3754/3754 3753/3753 3688/3688
f 3689/3689 3754/3754 3688/3688
f 3755/3755 3754/3754 3690/3690
f 3754/3754 3689/3689 3690/3690
f 3820/3820 3754/3754 3755/3755
f 3754/3754 3820/3820 3819/3819
f 3820/3820 3886/3886 3885/3885
f 3886/3886 3820/3820 3821/3821
f 3884/3884 3820/3820 3885/3885
f 3819/3819 3820/3820 3884/3884
f 3820/3820 3756/3756 3821/3821
f 3820/3820 3755/3755 3756/3756
f 3503/3503 3437/3437 3438/3438
f 3502/3502 3437/3437 3503/3503
f 3167/3167 3231/3231 3166/3166
f 3231/3231 3167/3167 3232/3232
f 3232/3232 3167/3167 3233/3233
f 3233/3233 3167/3167 3168/3168
f 3101/3101 3167/3167 3166/3166
f 3102/3102 3167/3167 3101/3101
f 3167/3167 3103/3103 3168/3168
f 3167/3167 3102/3102 3103/3103
f 3103/3103 3039/3039 3104/3104
f 3039/3039 3103/3103 3038/3038
f 3039/3039 3040/3040 3105/3105
f 3104/3104 3039/3039 3105/3105
f 3108/3108 3044/3044 3109/3109
f 3108/3108 3043/3043 3044/3044
f 3108/3108 3109/3109 3174/3174
f 3173/3173 3108/3108 3174/3174
f 3043/3043 3108/3108 3042/3042
f 3108/3108 3107/3107 3042/3042
f 3108/3108 3173/3173 3172/3172
f 3107/3107 3108/3108 3172/3172
f 3103/3103 3037/3037 3038/3038
f 3102/3102 3037/3037 3103/3103
f 3037/3037 3101/3101 3036/3036
f 3037/3037 3102/3102 3101/3101
f 3037/3037 2972/2972 2973/2973
f 3038/3038 3037/3037 2973/2973
f 2971/2971 3037/3037 3036/3036
f 2972/2972 3037/3037 2971/2971
f 3937/3937 3873/3873 3938/3938
f 3872/3872 3873/3873 3937/3937
f 3745/3745 3681/3681 3746/3746
f 3745/3745 3680/3680 3681/3681
f 3811/3811 3745/3745 3746/3746
f 3810/3810 3745/3745 3811/3811
f 3745/3745 3679/3679 3680/3680
f 3745/3745 3744/3744 3679/3679
f 3224/3224 3158/3158 3159/3159
f 3224/3224 3223/3223 3158/3158
f 3224/3224 3159/3159 3160/3160
f 3225/3225 3224/3224 3160/3160
f 3224/3224 3288/3288 3223/3223
f 3224/3224 3289/3289 3288/3288
f 3224/3224 3225/3225 3290/3290
f 3289/3289 3224/3224 3290/3290
f 3157/3157 3223/3223 3222/3222
f 3223/3223 3157/3157 3158/3158
f 3221/3221 3157/3157 3222/3222
f 3156/3156 3157/3157 3221/3221
f 2511/2511 2577/2577 2576/2576
f 2577/2577 2511/2511 2512/2512
f 2511/2511 2446/2446 2447/2447
f 2512/2512 2511/2511 2447/2447
f 2260/2260 2217/2217 2261/2261
f 2217/2217 2260/2260 2216/2216
f 2309/2309 2374/2374 2373/2373
f 2309/2309 2373/2373 2308/2308
f 2440/2440 2506/2506 2505/2505
f 2440/2440 2441/2441 2506/2506
f 2440/2440 2375/2375 2376/2376
f 2441/2441 2440/2440 2376/2376
f 2442/2442 2441/2441 2376/2376
f 2377/2377 2442/2442 2376/2376
f 2442/2442 2378/2378 2443/2443
f 2378/2378 2442/2442 2377/2377
f 2442/2442 2507/2507 2506/2506
f 2441/2441 2442/2442 2506/2506
f 2508/2508 2442/2442 2443/2443
f 2507/2507 2442/2442 2508/2508
f 2634/2634 2568/2568 2569/2569
f 2568/2568 2634/2634 2633/2633
f 2634/2634 2569/2569 2570/2570
f 2635/2635 2634/2634 2570/2570
f 6963/6963 7030/7030 7029/7029
f 6962/6962 6963/6963 7029/7029
f 7030/7030 6963/6963 7031/7031
f 6963/6963 6964/6964 7031/7031
f 6895/6895 6963/6963 6962/6962
f 6896/6896 6963/6963 6895/6895
f 6964/6964 6963/6963 6897/6897
f 6963/6963 6896/6896 6897/6897
f 3602/3602 3601/3601 3537/3537
f 3601/3601 3536/3536 3537/3537
f 3793/3793 3729/3729 3794/3794
f 3729/3729 3793/3793 3728/3728
f 3866/3866 3800/3800 3801/3801
f 3800/3800 3866/3866 3865/3865
f 3929/3929 3863/3863 3864/3864
f 3863/3863 3929/3929 3928/3928
f 3863/3863 3797/3797 3798/3798
f 3797/3797 3863/3863 3862/3862
f 4126/4126 4125/4125 4061/4061
f 4125/4125 4060/4060 4061/4061
f 3929/3929 3994/3994 3928/3928
f 3928/3928 3994/3994 3993/3993
f 3996/3996 4062/4062 4061/4061
f 3996/3996 3997/3997 4062/4062
f 3932/3932 3996/3996 3931/3931
f 3996/3996 3932/3932 3997/3997
f 3787/3787 3723/3723 3788/3788
f 3723/3723 3787/3787 3722/3722
f 3721/3721 3787/3787 3786/3786
f 3787/3787 3721/3721 3722/3722
f 3786/3786 3787/3787 3851/3851
f 3787/3787 3852/3852 3851/3851
f 3922/3922 3857/3857 3858/3858
f 3923/3923 3922/3922 3858/3858
f 3793/3793 3792/3792 3728/3728
f 3792/3792 3727/3727 3728/3728
f 3792/3792 3793/3793 3858/3858
f 3857/3857 3792/3792 3858/3858
f 3724/3724 3723/3723 3658/3658
f 3724/3724 3658/3658 3659/3659
f 3861/3861 3797/3797 3862/3862
f 3797/3797 3861/3861 3796/3796
f 3731/3731 3795/3795 3730/3730
f 3795/3795 3731/3731 3796/3796
f 3729/3729 3795/3795 3794/3794
f 3795/3795 3729/3729 3730/3730
f 3795/3795 3861/3861 3860/3860
f 3861/3861 3795/3795 3796/3796
f 3795/3795 3859/3859 3794/3794
f 3795/3795 3860/3860 3859/3859
f 3458/3458 3394/3394 3459/3459
f 3394/3394 3458/3458 3393/3393
f 3589/3589 3653/3653 3588/3588
f 3589/3589 3654/3654 3653/3653
f 3655/3655 3589/3589 3590/3590
f 3589/3589 3655/3655 3654/3654
f 3589/3589 3525/3525 3590/3590
f 3589/3589 3524/3524 3525/3525
f 3331/3331 3267/3267 3332/3332
f 3331/3331 3266/3266 3267/3267
f 3071/3071 3135/3135 3070/3070
f 3136/3136 3135/3135 3071/3071
f 3070/3070 3135/3135 3069/3069
f 3135/3135 3134/3134 3069/3069
f 3135/3135 3136/3136 3201/3201
f 3200/3200 3135/3135 3201/3201
f 3133/3133 3068/3068 3069/3069
f 3134/3134 3133/3133 3069/3069
f 3133/3133 3067/3067 3068/3068
f 3067/3067 3133/3133 3132/3132
f 3133/3133 3197/3197 3132/3132
f 3133/3133 3198/3198 3197/3197
f 3198/3198 3262/3262 3197/3197
f 3262/3262 3198/3198 3263/3263
f 3723/3723 3657/3657 3658/3658
f 3657/3657 3723/3723 3722/3722
f 2883/2883 2947/2947 2882/2882
f 2947/2947 2883/2883 2948/2948
f 2947/2947 2881/2881 2882/2882
f 2947/2947 2946/2946 2881/2881
f 2209/2209 2208/2208 2166/2166
f 2208/2208 2165/2165 2166/2166
f 2306/2306 2253/2253 2307/2307
f 2307/2307 2253/2253 2254/2254
f 2253/2253 2209/2209 2210/2210
f 2253/2253 2210/2210 2254/2254
f 2253/2253 2208/2208 2209/2209
f 2208/2208 2253/2253 2252/2252
f 2826/2826 2761/2761 2827/2827
f 2761/2761 2762/2762 2827/2827
f 2500/2500 2565/2565 2564/2564
f 2500/2500 2564/2564 2499/2499
f 3346/3346 3411/3411 3345/3345
f 3411/3411 3410/3410 3345/3345
f 3541/3541 3607/3607 3606/3606
f 3607/3607 3541/3541 3542/3542
f 3541/3541 3477/3477 3542/3542
f 3477/3477 3541/3541 3476/3476
f 3539/3539 3473/3473 3474/3474
f 3473/3473 3539/3539 3538/3538
f 3538/3538 3539/3539 3603/3603
f 3539/3539 3604/3604 3603/3603
f 3147/3147 3212/3212 3146/3146
f 3212/3212 3211/3211 3146/3146
f 3149/3149 3084/3084 3085/3085
f 3150/3150 3149/3149 3085/3085
f 3640/3640 3641/3641 3705/3705
f 3641/3641 3706/3706 3705/3705
f 3575/3575 3641/3641 3640/3640
f 3576/3576 3641/3641 3575/3575
f 3381/3381 3446/3446 3380/3380
f 3446/3446 3445/3445 3380/3380
f 4104/4104 4103/4103 4038/4038
f 4104/4104 4038/4038 4039/4039
f 4105/4105 4040/4040 4106/4106
f 4106/4106 4040/4040 4041/4041
f 4040/4040 4104/4104 4039/4039
f 4104/4104 4040/4040 4105/4105
f 4040/4040 3976/3976 4041/4041
f 4040/4040 3975/3975 3976/3976
f 3660/3660 3594/3594 3595/3595
f 3594/3594 3660/3660 3659/3659
f 3658/3658 3594/3594 3659/3659
f 3594/3594 3658/3658 3593/3593
f 3529/3529 3594/3594 3528/3528
f 3528/3528 3594/3594 3593/3593
f 3601/3601 3535/3535 3536/3536
f 3535/3535 3601/3601 3600/3600
f 3839/3839 3903/3903 3838/3838
f 3903/3903 3839/3839 3904/3904
f 3839/3839 3838/3838 3773/3773
f 3774/3774 3839/3839 3773/3773
f 3711/3711 3775/3775 3710/3710
f 3776/3776 3775/3775 3711/3711
f 3775/3775 3709/3709 3710/3710
f 3775/3775 3774/3774 3709/3709
f 3844/3844 3780/3780 3845/3845
f 3780/3780 3844/3844 3779/3779
f 3844/3844 3778/3778 3779/3779
f 3778/3778 3844/3844 3843/3843
f 3844/3844 3845/3845 3910/3910
f 3909/3909 3844/3844 3910/3910
f 3844/3844 3908/3908 3843/3843
f 3844/3844 3909/3909 3908/3908
f 4040/4040 3974/3974 3975/3975
f 3974/3974 4040/4040 4039/4039
f 3973/3973 3974/3974 4038/4038
f 4038/4038 3974/3974 4039/4039
f 3909/3909 3974/3974 3908/3908
f 3974/3974 3973/3973 3908/3908
f 3975/3975 3974/3974 3910/3910
f 3974/3974 3909/3909 3910/3910
f 3898/3898 3962/3962 3897/3897
f 3962/3962 3898/3898 3963/3963
f 3697/3697 3698/3698 3763/3763
f 3762/3762 3697/3697 3763/3763
f 3633/3633 3697/3697 3632/3632
f 3697/3697 3633/3633 3698/3698
f 3697/3697 3762/3762 3761/3761
f 3696/3696 3697/3697 3761/3761
f 3697/3697 3631/3631 3632/3632
f 3697/3697 3696/3696 3631/3631
f 3807/3807 3872/3872 3871/3871
f 3806/3806 3807/3807 3871/3871
f 3742/3742 3741/3741 3677/3677
f 3677/3677 3741/3741 3676/3676
f 3675/3675 3741/3741 3740/3740
f 3741/3741 3675/3675 3676/3676
f 3741/3741 3807/3807 3806/3806
f 3807/3807 3741/3741 3742/3742
f 3741/3741 3805/3805 3740/3740
f 3741/3741 3806/3806 3805/3805
f 2031/2031 2078/2078 2030/2030
f 2078/2078 2077/2077 2030/2030
f 2122/2122 2078/2078 2123/2123
f 2078/2078 2122/2122 2077/2077
f 6538/6538 6488/6488 6489/6489
f 6539/6539 6538/6538 6489/6489
f 6538/6538 6539/6539 6589/6589
f 6588/6588 6538/6538 6589/6589
f 6839/6839 6906/6906 6838/6838
f 6906/6906 6905/6905 6838/6838
f 6972/6972 6906/6906 6973/6973
f 6906/6906 6972/6972 6905/6905
f 6973/6973 6906/6906 6974/6974
f 6906/6906 6907/6907 6974/6974
f 6906/6906 6840/6840 6907/6907
f 6840/6840 6906/6906 6839/6839
f 6841/6841 6840/6840 6774/6774
f 6840/6840 6773/6773 6774/6774
f 6773/6773 6840/6840 6772/6772
f 6840/6840 6839/6839 6772/6772
f 6908/6908 6840/6840 6841/6841
f 6907/6907 6840/6840 6908/6908
f 6970/6970 6904/6904 6971/6971
f 6904/6904 6970/6970 6903/6903
f 6632/6632 6583/6583 6633/6633
f 6583/6583 6632/6632 6582/6582
f 6582/6582 6632/6632 6581/6581
f 6632/6632 6631/6631 6581/6581
f 6630/6630 6579/6579 6580/6580
f 6579/6579 6630/6630 6629/6629
f 6696/6696 6630/6630 6697/6697
f 6629/6629 6630/6630 6696/6696
f 6630/6630 6580/6580 6581/6581
f 6631/6631 6630/6630 6581/6581
f 6630/6630 6698/6698 6697/6697
f 6630/6630 6631/6631 6698/6698
f 6902/6902 6970/6970 6969/6969
f 6970/6970 6902/6902 6903/6903
f 6898/6898 6899/6899 6965/6965
f 6899/6899 6966/6966 6965/6965
f 6966/6966 6899/6899 6967/6967
f 6899/6899 6900/6900 6967/6967
f 6771/6771 6770/6770 6704/6704
f 6770/6770 6703/6703 6704/6704
f 6635/6635 6584/6584 6585/6585
f 6635/6635 6634/6634 6584/6584
f 6586/6586 6635/6635 6585/6585
f 6635/6635 6586/6586 6636/6636
f 6635/6635 6701/6701 6634/6634
f 6701/6701 6635/6635 6702/6702
f 6703/6703 6635/6635 6636/6636
f 6702/6702 6635/6635 6703/6703
f 7109/7109 7043/7043 7110/7110
f 7042/7042 7043/7043 7109/7109
f 1624/1624 1688/1688 1623/1623
f 1689/1689 1688/1688 1624/1624
f 1688/1688 1622/1622 1623/1623
f 1688/1688 1687/1687 1622/1622
f 1686/1686 1751/1751 1750/1750
f 1685/1685 1686/1686 1750/1750
f 1686/1686 1752/1752 1751/1751
f 1686/1686 1687/1687 1752/1752
f 2884/2884 2819/2819 2820/2820
f 2885/2885 2884/2884 2820/2820
f 2883/2883 2884/2884 2948/2948
f 2884/2884 2949/2949 2948/2948
f 2818/2818 2884/2884 2883/2883
f 2884/2884 2818/2818 2819/2819
f 2752/2752 2818/2818 2817/2817
f 2818/2818 2752/2752 2753/2753
f 2819/2819 2818/2818 2754/2754
f 2754/2754 2818/2818 2753/2753
f 2817/2817 2818/2818 2882/2882
f 2818/2818 2883/2883 2882/2882
f 2563/2563 2498/2498 2564/2564
f 2564/2564 2498/2498 2499/2499
f 2496/2496 2560/2560 2495/2495
f 2560/2560 2496/2496 2561/2561
f 2496/2496 2562/2562 2561/2561
f 2562/2562 2496/2496 2497/2497
f 2562/2562 2498/2498 2563/2563
f 2498/2498 2562/2562 2497/2497
f 2493/2493 2429/2429 2494/2494
f 2429/2429 2493/2493 2428/2428
f 2153/2153 2152/2152 2108/2108
f 2109/2109 2153/2153 2108/2108
f 2153/2153 2195/2195 2152/2152
f 2195/2195 2153/2153 2196/2196
f 2153/2153 2109/2109 2110/2110
f 2154/2154 2153/2153 2110/2110
f 2153/2153 2154/2154 2197/2197
f 2153/2153 2197/2197 2196/2196
f 2241/2241 2240/2240 2196/2196
f 2197/2197 2241/2241 2196/2196
f 2424/2424 2358/2358 2359/2359
f 2358/2358 2424/2424 2423/2423
f 2358/2358 2423/2423 2422/2422
f 2357/2357 2358/2358 2422/2422
f 2292/2292 2358/2358 2357/2357
f 2358/2358 2292/2292 2293/2293
f 2292/2292 2291/2291 2238/2238
f 2239/2239 2292/2292 2238/2238
f 2240/2240 2292/2292 2239/2239
f 2292/2292 2240/2240 2293/2293
f 2292/2292 2357/2357 2356/2356
f 2292/2292 2356/2356 2291/2291
f 2681/2681 2745/2745 2680/2680
f 2681/2681 2746/2746 2745/2745
f 2684/2684 2748/2748 2683/2683
f 2748/2748 2684/2684 2749/2749
f 2291/2291 2355/2355 2290/2290
f 2356/2356 2355/2355 2291/2291
f 2355/2355 2289/2289 2290/2290
f 2289/2289 2355/2355 2354/2354
f 2355/2355 2356/2356 2421/2421
f 2420/2420 2355/2355 2421/2421
f 2354/2354 2355/2355 2419/2419
f 2355/2355 2420/2420 2419/2419
f 3071/3071 3007/3007 3072/3072
f 3007/3007 3071/3071 3006/3006
f 2880/2880 2946/2946 2945/2945
f 2946/2946 2880/2880 2881/2881
f 2881/2881 2880/2880 2816/2816
f 2880/2880 2815/2815 2816/2816
f 2620/2620 2619/2619 2554/2554
f 2555/2555 2620/2620 2554/2554
f 2620/2620 2621/2621 2686/2686
f 2685/2685 2620/2620 2686/2686
f 2620/2620 2684/2684 2619/2619
f 2620/2620 2685/2685 2684/2684
f 2796/2796 2862/2862 2861/2861
f 2862/2862 2796/2796 2797/2797
f 2795/2795 2796/2796 2860/2860
f 2796/2796 2861/2861 2860/2860
f 2796/2796 2732/2732 2797/2797
f 2796/2796 2731/2731 2732/2732
f 2796/2796 2795/2795 2730/2730
f 2731/2731 2796/2796 2730/2730
f 2748/2748 2812/2812 2747/2747
f 2812/2812 2748/2748 2813/2813
f 2878/2878 2812/2812 2813/2813
f 2877/2877 2812/2812 2878/2878
f 2812/2812 2811/2811 2746/2746
f 2747/2747 2812/2812 2746/2746
f 2812/2812 2876/2876 2811/2811
f 2876/2876 2812/2812 2877/2877
f 2876/2876 2940/2940 2875/2875
f 2876/2876 2941/2941 2940/2940
f 2810/2810 2876/2876 2875/2875
f 2811/2811 2876/2876 2810/2810
f 3063/3063 3129/3129 3128/3128
f 3129/3129 3063/3063 3064/3064
f 3129/3129 3193/3193 3128/3128
f 3129/3129 3194/3194 3193/3193
f 2870/2870 2805/2805 2871/2871
f 2805/2805 2806/2806 2871/2871
f 2741/2741 2677/2677 2742/2742
f 2741/2741 2676/2676 2677/2677
f 2807/2807 2741/2741 2742/2742
f 2806/2806 2741/2741 2807/2807
f 2869/2869 2870/2870 2935/2935
f 2934/2934 2869/2869 2935/2935
f 1049/1049 1115/1115 1114/1114
f 1115/1115 1049/1049 1050/1050
f 1051/1051 1115/1115 1050/1050
f 1115/1115 1051/1051 1116/1116
f 1114/1114 1115/1115 1179/1179
f 1115/1115 1180/1180 1179/1179
f 1180/1180 1115/1115 1181/1181
f 1181/1181 1115/1115 1116/1116
f 1051/1051 1052/1052 1116/1116
f 1052/1052 1117/1117 1116/1116
f 1376/1376 1375/1375 1311/1311
f 1375/1375 1310/1310 1311/1311
f 1375/1375 1376/1376 1441/1441
f 1440/1440 1375/1375 1441/1441
f 1310/1310 1375/1375 1309/1309
f 1375/1375 1374/1374 1309/1309
f 1375/1375 1440/1440 1439/1439
f 1374/1374 1375/1375 1439/1439
f 1973/1973 2021/2021 1972/1972
f 2021/2021 2020/2020 1972/1972
f 2067/2067 2111/2111 2066/2066
f 2111/2111 2067/2067 2112/2112
f 2067/2067 2113/2113 2112/2112
f 2113/2113 2067/2067 2068/2068
f 2021/2021 2067/2067 2020/2020
f 2067/2067 2021/2021 2068/2068
f 2019/2019 2067/2067 2066/2066
f 2020/2020 2067/2067 2019/2019
f 1878/1878 1823/1823 1824/1824
f 1877/1877 1823/1823 1878/1878
f 1635/1635 1700/1700 1634/1634
f 1700/1700 1699/1699 1634/1634
f 1636/1636 1700/1700 1635/1635
f 1701/1701 1700/1700 1636/1636
f 1872/1872 1923/1923 1871/1871
f 1923/1923 1872/1872 1924/1924
f 1819/1819 1872/1872 1818/1818
f 1872/1872 1819/1819 1873/1873
f 1872/1872 1871/1871 1817/1817
f 1818/1818 1872/1872 1817/1817
f 1819/1819 1820/1820 1873/1873
f 1873/1873 1820/1820 1874/1874
f 1872/1872 1925/1925 1924/1924
f 1925/1925 1872/1872 1873/1873
f 1926/1926 1925/1925 1874/1874
f 1925/1925 1873/1873 1874/1874
f 1184/1184 1183/1183 1118/1118
f 1119/1119 1184/1184 1118/1118
f 1120/1120 1184/1184 1119/1119
f 1184/1184 1120/1120 1185/1185
f 1249/1249 1184/1184 1250/1250
f 1250/1250 1184/1184 1185/1185
f 1248/1248 1182/1182 1183/1183
f 1182/1182 1248/1248 1247/1247
f 1248/1248 1184/1184 1249/1249
f 1184/1184 1248/1248 1183/1183
f 1312/1312 1248/1248 1313/1313
f 1248/1248 1312/1312 1247/1247
f 1248/1248 1314/1314 1313/1313
f 1248/1248 1249/1249 1314/1314
f 857/857 791/791 792/792
f 791/791 857/857 856/856
f 791/791 727/727 792/792
f 791/791 726/726 727/727
f 925/925 990/990 989/989
f 924/924 925/925 989/989
f 925/925 924/924 859/859
f 925/925 859/859 860/860
f 2204/2204 2205/2205 2248/2248
f 2205/2205 2249/2249 2248/2248
f 663/663 727/727 662/662
f 727/727 663/663 728/728
f 657/657 721/721 656/656
f 657/657 722/722 721/721
f 595/595 594/594 530/530
f 594/594 529/529 530/530
f 660/660 594/594 595/595
f 594/594 660/660 659/659
f 529/529 594/594 528/528
f 594/594 593/593 528/528
f 915/915 849/849 850/850
f 849/849 915/915 914/914
f 850/850 849/849 785/785
f 785/785 849/849 784/784
f 848/848 849/849 913/913
f 913/913 849/849 914/914
f 849/849 783/783 784/784
f 849/849 848/848 783/783
f 1371/1371 1306/1306 1372/1372
f 1306/1306 1307/1307 1372/1372
f 1370/1370 1306/1306 1371/1371
f 1305/1305 1306/1306 1370/1370
f 854/854 788/788 789/789
f 854/854 853/853 788/788
f 654/654 589/589 590/590
f 655/655 654/654 590/590
f 720/720 654/654 655/655
f 719/719 654/654 720/720
f 524/524 523/523 459/459
f 523/523 458/458 459/459
f 523/523 524/524 589/589
f 588/588 523/523 589/589
f 457/457 523/523 522/522
f 523/523 457/457 458/458
f 522/522 523/523 587/587
f 523/523 588/588 587/587
f 267/267 203/203 268/268
f 267/267 202/202 203/203
f 332/332 267/267 333/333
f 333/333 267/267 268/268
f 202/202 267/267 201/201
f 267/267 266/266 201/201
f 267/267 332/332 331/331
f 266/266 267/267 331/331
f 399/399 400/400 465/465
f 464/464 399/399 465/465
f 398/398 399/399 463/463
f 399/399 464/464 463/463
f 399/399 398/398 333/333
f 334/334 399/399 333/333
f 335/335 399/399 334/334
f 399/399 335/335 400/400
f 271/271 335/335 270/270
f 335/335 271/271 336/336
f 401/401 335/335 336/336
f 400/400 335/335 401/401
f 335/335 269/269 270/270
f 335/335 334/334 269/269
f 911/911 977/977 976/976
f 977/977 911/911 912/912
f 1108/1108 1174/1174 1173/1173
f 1108/1108 1109/1109 1174/1174
f 1109/1109 1044/1044 1110/1110
f 1044/1044 1045/1045 1110/1110
f 1108/1108 1044/1044 1109/1109
f 1044/1044 1108/1108 1043/1043
f 1230/1230 1166/1166 1231/1231
f 1165/1165 1166/1166 1230/1230
f 1100/1100 1035/1035 1036/1036
f 1101/1101 1100/1100 1036/1036
f 1100/1100 1166/1166 1165/1165
f 1166/1166 1100/1100 1101/1101
f 1035/1035 1100/1100 1034/1034
f 1100/1100 1099/1099 1034/1034
f 1100/1100 1165/1165 1164/1164
f 1099/1099 1100/1100 1164/1164
f 1227/1227 1226/1226 1161/1161
f 1162/1162 1227/1227 1161/1161
f 1227/1227 1163/1163 1228/1228
f 1227/1227 1162/1162 1163/1163
f 1226/1226 1227/1227 1291/1291
f 1227/1227 1292/1292 1291/1291
f 1227/1227 1228/1228 1293/1293
f 1292/1292 1227/1227 1293/1293
f 5782/5782 5831/5831 5781/5781
f 5782/5782 5832/5832 5831/5831
f 5714/5714 5782/5782 5781/5781
f 5782/5782 5714/5714 5715/5715
f 5782/5782 5833/5833 5832/5832
f 5782/5782 5783/5783 5833/5833
f 5716/5716 5782/5782 5715/5715
f 5783/5783 5782/5782 5716/5716
f 509/509 510/510 574/574
f 574/574 510/510 575/575
f 318/318 382/382 317/317
f 382/382 318/318 383/383
f 553/553 619/619 618/618
f 619/619 553/553 554/554
f 617/617 553/553 618/618
f 552/552 553/553 617/617
f 515/515 450/450 516/516
f 450/450 451/451 516/516
f 514/514 450/450 515/515
f 449/449 450/450 514/514
f 322/322 388/388 387/387
f 322/322 323/323 388/388
f 258/258 322/322 257/257
f 323/323 322/322 258/258
f 322/322 387/387 386/386
f 321/321 322/322 386/386
f 322/322 256/256 257/257
f 322/322 321/321 256/256
f 1096/1096 1031/1031 1097/1097
f 1031/1031 1032/1032 1097/1097
f 1031/1031 966/966 967/967
f 1032/1032 1031/1031 967/967
f 961/961 897/897 962/962
f 897/897 961/961 896/896
f 831/831 897/897 896/896
f 832/832 897/897 831/831
f 702/702 768/768 767/767
f 703/703 768/768 702/702
f 769/769 768/768 704/704
f 704/704 768/768 703/703
f 583/583 649/649 648/648
f 584/584 649/649 583/583
f 649/649 713/713 648/648
f 713/713 649/649 714/714
f 649/649 715/715 714/714
f 649/649 650/650 715/715
f 649/649 585/585 650/650
f 585/585 649/649 584/584
f 585/585 520/520 521/521
f 585/585 521/521 586/586
f 520/520 585/585 519/519
f 585/585 584/584 519/519
f 651/651 585/585 586/586
f 650/650 585/585 651/651
f 200/200 264/264 199/199
f 264/264 200/200 265/265
f 199/199 198/198 134/134
f 134/134 198/198 133/133
f 132/132 198/198 197/197
f 198/198 132/132 133/133
f 264/264 198/198 199/199
f 198/198 264/264 263/263
f 196/196 262/262 261/261
f 262/262 196/196 197/197
f 198/198 262/262 197/197
f 262/262 198/198 263/263
f 392/392 393/393 457/457
f 457/457 393/393 458/458
f 947/947 946/946 882/882
f 882/882 946/946 881/881
f 1012/1012 946/946 947/947
f 946/946 1012/1012 1011/1011
f 946/946 880/880 881/881
f 946/946 945/945 880/880
f 1010/1010 946/946 1011/1011
f 945/945 946/946 1010/1010
f 1078/1078 1013/1013 1079/1079
f 1079/1079 1013/1013 1014/1014
f 1013/1013 1078/1078 1077/1077
f 1012/1012 1013/1013 1077/1077
f 816/816 817/817 881/881
f 817/817 882/882 881/881
f 687/687 622/622 623/623
f 688/688 687/687 623/623
f 621/621 687/687 686/686
f 622/622 687/687 621/621
f 687/687 751/751 686/686
f 751/751 687/687 752/752
f 751/751 750/750 685/685
f 686/686 751/751 685/685
f 751/751 815/815 750/750
f 751/751 816/816 815/815
f 817/817 751/751 752/752
f 751/751 817/817 816/816
f 1481/1481 1480/1480 1415/1415
f 1416/1416 1481/1481 1415/1415
f 1481/1481 1545/1545 1480/1480
f 1545/1545 1481/1481 1546/1546
f 1481/1481 1416/1416 1417/1417
f 1482/1482 1481/1481 1417/1417
f 1481/1481 1547/1547 1546/1546
f 1481/1481 1482/1482 1547/1547
f 1482/1482 1418/1418 1483/1483
f 1418/1418 1482/1482 1417/1417
f 1418/1418 1419/1419 1484/1484
f 1483/1483 1418/1418 1484/1484
f 1352/1352 1418/1418 1417/1417
f 1353/1353 1418/1418 1352/1352
f 1418/1418 1354/1354 1419/1419
f 1418/1418 1353/1353 1354/1354
f 904/904 903/903 839/839
f 903/903 838/838 839/839
f 838/838 903/903 837/837
f 837/837 903/903 902/902
f 969/969 903/903 904/904
f 968/968 903/903 969/969
f 903/903 967/967 902/902
f 903/903 968/968 967/967
f 1037/1037 1038/1038 1103/1103
f 1102/1102 1037/1037 1103/1103
f 1037/1037 1101/1101 1036/1036
f 1101/1101 1037/1037 1102/1102
f 1037/1037 973/973 1038/1038
f 1037/1037 972/972 973/973
f 971/971 1037/1037 1036/1036
f 972/972 1037/1037 971/971
f 1915/1915 1863/1863 1916/1916
f 1916/1916 1863/1863 1864/1864
f 1863/1863 1810/1810 1864/1864
f 1810/1810 1863/1863 1809/1809
f 1914/1914 1863/1863 1915/1915
f 1862/1862 1863/1863 1914/1914
f 1863/1863 1808/1808 1809/1809
f 1863/1863 1862/1862 1808/1808
f 1082/1082 1018/1018 1083/1083
f 1017/1017 1018/1018 1082/1082
f 1018/1018 1084/1084 1083/1083
f 1018/1018 1019/1019 1084/1084
f 762/762 698/698 763/763
f 762/762 697/697 698/698
f 828/828 762/762 763/763
f 827/827 762/762 828/828
f 1080/1080 1016/1016 1081/1081
f 1015/1015 1016/1016 1080/1080
f 1016/1016 1082/1082 1081/1081
f 1016/1016 1017/1017 1082/1082
f 1016/1016 1015/1015 950/950
f 951/951 1016/1016 950/950
f 1016/1016 951/951 952/952
f 1017/1017 1016/1016 952/952
f 756/756 691/691 692/692
f 757/757 756/756 692/692
f 1597/1597 1598/1598 1662/1662
f 1598/1598 1663/1663 1662/1662
f 1598/1598 1599/1599 1663/1663
f 1663/1663 1599/1599 1664/1664
f 1272/1272 1338/1338 1337/1337
f 1273/1273 1338/1338 1272/1272
f 1537/1537 1471/1471 1472/1472
f 1536/1536 1471/1471 1537/1537
f 1517/1517 1451/1451 1452/1452
f 1516/1516 1451/1451 1517/1517
f 1451/1451 1387/1387 1452/1452
f 1451/1451 1386/1386 1387/1387
f 1952/1952 1951/1951 1899/1899
f 1900/1900 1952/1952 1899/1899
f 1953/1953 1952/1952 1901/1901
f 1952/1952 1900/1900 1901/1901
f 1952/1952 2001/2001 1951/1951
f 1952/1952 2002/2002 2001/2001
f 1952/1952 1953/1953 2003/2003
f 2002/2002 1952/1952 2003/2003
f 1850/1850 1792/1792 1793/1793
f 1792/1792 1850/1850 1849/1849
f 1848/1848 1792/1792 1849/1849
f 1792/1792 1848/1848 1791/1791
f 1727/1727 1792/1792 1726/1726
f 1726/1726 1792/1792 1791/1791
f 1728/1728 1792/1792 1727/1727
f 1792/1792 1728/1728 1793/1793
f 1729/1729 1728/1728 1664/1664
f 1728/1728 1663/1663 1664/1664
f 1794/1794 1728/1728 1729/1729
f 1793/1793 1728/1728 1794/1794
f 1728/1728 1727/1727 1662/1662
f 1663/1663 1728/1728 1662/1662
f 1847/1847 1790/1790 1848/1848
f 1848/1848 1790/1790 1791/1791
f 2514/2514 2580/2580 2579/2579
f 2580/2580 2514/2514 2515/2515
f 2514/2514 2450/2450 2515/2515
f 2514/2514 2449/2449 2450/2450
f 1678/1678 1744/1744 1743/1743
f 1744/1744 1678/1678 1679/1679
f 1745/1745 1744/1744 1680/1680
f 1744/1744 1679/1679 1680/1680
f 1744/1744 1800/1800 1743/1743
f 1744/1744 1801/1801 1800/1800
f 1802/1802 1744/1744 1745/1745
f 1801/1801 1744/1744 1802/1802
f 2919/2919 2983/2983 2918/2918
f 2984/2984 2983/2983 2919/2919
f 2983/2983 2917/2917 2918/2918
f 2983/2983 2982/2982 2917/2917
f 3049/3049 2983/2983 2984/2984
f 3048/3048 2983/2983 3049/3049
f 2983/2983 3047/3047 2982/2982
f 2983/2983 3048/3048 3047/3047
f 3169/3169 3234/3234 3168/3168
f 3234/3234 3233/3233 3168/3168
f 3234/3234 3298/3298 3233/3233
f 3298/3298 3234/3234 3299/3299
f 3234/3234 3169/3169 3170/3170
f 3235/3235 3234/3234 3170/3170
f 3234/3234 3300/3300 3299/3299
f 3234/3234 3235/3235 3300/3300
f 3559/3559 3623/3623 3558/3558
f 3559/3559 3624/3624 3623/3623
f 3559/3559 3493/3493 3494/3494
f 3493/3493 3559/3559 3558/3558
f 3559/3559 3494/3494 3495/3495
f 3560/3560 3559/3559 3495/3495
f 3625/3625 3559/3559 3560/3560
f 3559/3559 3625/3625 3624/3624
f 3625/3625 3626/3626 3691/3691
f 3625/3625 3691/3691 3690/3690
f 3624/3624 3625/3625 3689/3689
f 3689/3689 3625/3625 3690/3690
f 3625/3625 3561/3561 3626/3626
f 3625/3625 3560/3560 3561/3561
f 3823/3823 3758/3758 3824/3824
f 3758/3758 3759/3759 3824/3824
f 3757/3757 3758/3758 3822/3822
f 3758/3758 3823/3823 3822/3822
f 3758/3758 3757/3757 3692/3692
f 3693/3693 3758/3758 3692/3692
f 3694/3694 3758/3758 3693/3693
f 3758/3758 3694/3694 3759/3759
f 3630/3630 3694/3694 3629/3629
f 3694/3694 3630/3630 3695/3695
f 3759/3759 3694/3694 3760/3760
f 3760/3760 3694/3694 3695/3695
f 3694/3694 3628/3628 3629/3629
f 3694/3694 3693/3693 3628/3628
f 3307/3307 3372/3372 3306/3306
f 3372/3372 3371/3371 3306/3306
f 3308/3308 3372/3372 3307/3307
f 3372/3372 3308/3308 3373/3373
f 3372/3372 3373/3373 3438/3438
f 3437/3437 3372/3372 3438/3438
f 3436/3436 3372/3372 3437/3437
f 3372/3372 3436/3436 3371/3371
f 3500/3500 3436/3436 3501/3501
f 3436/3436 3500/3500 3435/3435
f 3370/3370 3436/3436 3435/3435
f 3371/3371 3436/3436 3370/3370
f 3436/3436 3502/3502 3501/3501
f 3436/3436 3437/3437 3502/3502
f 2974/2974 2909/2909 2910/2910
f 2975/2975 2974/2974 2910/2910
f 2974/2974 2908/2908 2909/2909
f 2908/2908 2974/2974 2973/2973
f 2974/2974 2975/2975 3040/3040
f 3039/3039 2974/2974 3040/3040
f 2974/2974 3038/3038 2973/2973
f 2974/2974 3039/3039 3038/3038
f 3939/3939 3874/3874 3940/3940
f 3874/3874 3875/3875 3940/3940
f 3874/3874 3939/3939 3938/3938
f 3873/3873 3874/3874 3938/3938
f 3028/3028 3092/3092 3027/3027
f 3093/3093 3092/3092 3028/3028
f 3092/3092 3093/3093 3158/3158
f 3157/3157 3092/3092 3158/3158
f 2379/2379 2445/2445 2444/2444
f 2445/2445 2379/2379 2380/2380
f 2446/2446 2445/2445 2381/2381
f 2381/2381 2445/2445 2380/2380
f 2259/2259 2214/2214 2215/2215
f 2214/2214 2259/2259 2258/2258
f 2216/2216 2259/2259 2215/2215
f 2260/2260 2259/2259 2216/2216
f 2379/2379 2313/2313 2314/2314
f 2378/2378 2313/2313 2379/2379
f 2313/2313 2261/2261 2314/2314
f 2313/2313 2260/2260 2261/2261
f 2214/2214 2257/2257 2213/2213
f 2257/2257 2214/2214 2258/2258
f 2374/2374 2439/2439 2373/2373
f 2373/2373 2439/2439 2438/2438
f 2439/2439 2504/2504 2503/2503
f 2439/2439 2503/2503 2438/2438
f 2440/2440 2439/2439 2375/2375
f 2439/2439 2374/2374 2375/2375
f 2439/2439 2505/2505 2504/2504
f 2439/2439 2440/2440 2505/2505
f 2764/2764 2699/2699 2765/2765
f 2699/2699 2700/2700 2765/2765
f 2763/2763 2699/2699 2764/2764
f 2699/2699 2763/2763 2698/2698
f 2699/2699 2635/2635 2700/2700
f 2699/2699 2634/2634 2635/2635
f 2634/2634 2699/2699 2633/2633
f 2633/2633 2699/2699 2698/2698
f 3535/3535 3471/3471 3536/3536
f 3471/3471 3535/3535 3470/3470
f 3341/3341 3342/3342 3407/3407
f 3406/3406 3341/3341 3407/3407
f 3666/3666 3665/3665 3600/3600
f 3601/3601 3666/3666 3600/3600
f 3666/3666 3602/3602 3667/3667
f 3666/3666 3601/3601 3602/3602
f 3666/3666 3731/3731 3730/3730
f 3666/3666 3730/3730 3665/3665
f 3666/3666 3732/3732 3731/3731
f 3732/3732 3666/3666 3667/3667
f 3668/3668 3732/3732 3667/3667
f 3732/3732 3668/3668 3733/3733
f 3731/3731 3732/3732 3796/3796
f 3732/3732 3797/3797 3796/3796
f 3797/3797 3732/3732 3798/3798
f 3798/3798 3732/3732 3733/3733
f 3671/3671 3735/3735 3670/3670
f 3735/3735 3671/3671 3736/3736
f 3735/3735 3736/3736 3801/3801
f 3800/3800 3735/3735 3801/3801
f 3863/3863 3799/3799 3864/3864
f 3799/3799 3863/3863 3798/3798
f 3799/3799 3865/3865 3864/3864
f 3799/3799 3800/3800 3865/3865
f 4125/4125 4059/4059 4060/4060
f 4059/4059 4125/4125 4124/4124
f 4123/4123 4059/4059 4124/4124
f 4059/4059 4123/4123 4058/4058
f 4059/4059 4058/4058 3993/3993
f 3994/3994 4059/4059 3993/3993
f 3995/3995 4059/4059 3994/3994
f 4059/4059 3995/3995 4060/4060
f 3995/3995 3929/3929 3930/3930
f 3995/3995 3994/3994 3929/3929
f 4060/4060 3995/3995 4061/4061
f 3995/3995 3996/3996 4061/4061
f 3995/3995 3930/3930 3931/3931
f 3996/3996 3995/3995 3931/3931
f 3982/3982 4048/4048 4047/4047
f 4048/4048 3982/3982 3983/3983
f 3983/3983 3982/3982 3918/3918
f 3982/3982 3917/3917 3918/3918
f 4051/4051 3987/3987 4052/4052
f 3986/3986 3987/3987 4051/4051
f 3987/3987 4053/4053 4052/4052
f 3987/3987 3988/3988 4053/4053
f 3987/3987 3986/3986 3921/3921
f 3922/3922 3987/3987 3921/3921
f 3987/3987 3922/3922 3923/3923
f 3988/3988 3987/3987 3923/3923
f 3727/3727 3791/3791 3726/3726
f 3792/3792 3791/3791 3727/3727
f 3723/3723 3789/3789 3788/3788
f 3724/3724 3789/3789 3723/3723
f 3791/3791 3725/3725 3726/3726
f 3725/3725 3791/3791 3790/3790
f 3725/3725 3661/3661 3726/3726
f 3725/3725 3660/3660 3661/3661
f 3725/3725 3789/3789 3724/3724
f 3789/3789 3725/3725 3790/3790
f 3660/3660 3725/3725 3659/3659
f 3725/3725 3724/3724 3659/3659
f 4054/4054 4118/4118 4053/4053
f 4054/4054 4119/4119 4118/4118
f 3522/3522 3586/3586 3521/3521
f 3522/3522 3587/3587 3586/3586
f 3397/3397 3396/3396 3332/3332
f 3396/3396 3331/3331 3332/3332
f 3328/3328 3394/3394 3393/3393
f 3328/3328 3329/3329 3394/3394
f 3264/3264 3328/3328 3263/3263
f 3328/3328 3264/3264 3329/3329
f 3197/3197 3261/3261 3196/3196
f 3262/3262 3261/3261 3197/3197
f 3525/3525 3591/3591 3590/3590
f 3591/3591 3525/3525 3526/3526
f 3011/3011 3012/3012 3076/3076
f 3012/3012 3077/3077 3076/3076
f 3078/3078 3012/3012 3013/3013
f 3012/3012 3078/3078 3077/3077
f 2946/2946 3012/3012 3011/3011
f 2947/2947 3012/3012 2946/2946
f 3012/3012 2947/2947 2948/2948
f 3013/3013 3012/3012 2948/2948
f 2253/2253 2305/2305 2252/2252
f 2305/2305 2253/2253 2306/2306
f 2433/2433 2498/2498 2497/2497
f 2432/2432 2433/2433 2497/2497
f 2691/2691 2755/2755 2690/2690
f 2755/2755 2691/2691 2756/2756
f 2756/2756 2691/2691 2757/2757
f 2691/2691 2692/2692 2757/2757
f 2760/2760 2826/2826 2825/2825
f 2760/2760 2761/2761 2826/2826
f 2631/2631 2696/2696 2630/2630
f 2696/2696 2695/2695 2630/2630
f 2632/2632 2696/2696 2631/2631
f 2696/2696 2632/2632 2697/2697
f 2760/2760 2696/2696 2761/2761
f 2696/2696 2760/2760 2695/2695
f 2761/2761 2696/2696 2762/2762
f 2762/2762 2696/2696 2697/2697
f 2437/2437 2501/2501 2436/2436
f 2501/2501 2437/2437 2502/2502
f 2501/2501 2567/2567 2566/2566
f 2501/2501 2502/2502 2567/2567
f 2501/2501 2435/2435 2436/2436
f 2435/2435 2501/2501 2500/2500
f 2565/2565 2501/2501 2566/2566
f 2500/2500 2501/2501 2565/2565
f 3412/3412 3477/3477 3476/3476
f 3411/3411 3412/3412 3476/3476
f 3412/3412 3411/3411 3346/3346
f 3347/3347 3412/3412 3346/3346
f 3605/3605 3540/3540 3606/3606
f 3540/3540 3541/3541 3606/3606
f 3540/3540 3605/3605 3604/3604
f 3539/3539 3540/3540 3604/3604
f 2954/2954 3020/3020 3019/3019
f 3020/3020 2954/2954 2955/2955
f 2692/2692 2758/2758 2757/2757
f 2758/2758 2692/2692 2693/2693
f 2758/2758 2822/2822 2757/2757
f 2822/2822 2758/2758 2823/2823
f 2755/2755 2821/2821 2820/2820
f 2821/2821 2755/2755 2756/2756
f 2821/2821 2756/2756 2757/2757
f 2822/2822 2821/2821 2757/2757
f 3213/3213 3149/3149 3214/3214
f 3149/3149 3213/3213 3148/3148
f 3278/3278 3213/3213 3279/3279
f 3213/3213 3214/3214 3279/3279
f 3213/3213 3212/3212 3147/3147
f 3213/3213 3147/3147 3148/3148
f 3213/3213 3277/3277 3212/3212
f 3277/3277 3213/3213 3278/3278
f 3341/3341 3277/3277 3342/3342
f 3277/3277 3341/3341 3276/3276
f 3212/3212 3277/3277 3211/3211
f 3211/3211 3277/3277 3276/3276
f 3216/3216 3151/3151 3152/3152
f 3217/3217 3216/3216 3152/3152
f 3643/3643 3642/3642 3578/3578
f 3642/3642 3577/3577 3578/3578
f 3642/3642 3708/3708 3707/3707
f 3708/3708 3642/3642 3643/3643
f 3642/3642 3641/3641 3576/3576
f 3642/3642 3576/3576 3577/3577
f 3706/3706 3642/3642 3707/3707
f 3641/3641 3642/3642 3706/3706
f 3512/3512 3513/3513 3578/3578
f 3577/3577 3512/3512 3578/3578
f 3784/3784 3719/3719 3720/3720
f 3785/3785 3784/3784 3720/3720
f 3852/3852 3916/3916 3851/3851
f 3917/3917 3916/3916 3852/3852
f 3594/3594 3530/3530 3595/3595
f 3530/3530 3594/3594 3529/3529
f 3530/3530 3529/3529 3464/3464
f 3465/3465 3530/3530 3464/3464
f 3530/3530 3596/3596 3595/3595
f 3596/3596 3530/3530 3531/3531
f 3596/3596 3660/3660 3595/3595
f 3660/3660 3596/3596 3661/3661
f 3596/3596 3662/3662 3661/3661
f 3596/3596 3597/3597 3662/3662
f 3205/3205 3139/3139 3140/3140
f 3139/3139 3205/3205 3204/3204
f 3535/3535 3469/3469 3470/3470
f 3469/3469 3535/3535 3534/3534
f 3405/3405 3471/3471 3470/3470
f 3471/3471 3405/3405 3406/3406
f 3469/3469 3405/3405 3470/3470
f 3405/3405 3469/3469 3404/3404
f 3971/3971 3906/3906 3972/3972
f 3906/3906 3907/3907 3972/3972
f 3906/3906 3971/3971 3970/3970
f 3905/3905 3906/3906 3970/3970
f 3840/3840 3906/3906 3905/3905
f 3906/3906 3840/3840 3841/3841
f 3840/3840 3905/3905 3904/3904
f 3839/3839 3840/3840 3904/3904
f 3840/3840 3839/3839 3774/3774
f 3775/3775 3840/3840 3774/3774
f 3840/3840 3775/3775 3776/3776
f 3841/3841 3840/3840 3776/3776
f 3842/3842 3906/3906 3841/3841
f 3906/3906 3842/3842 3907/3907
f 3778/3778 3842/3842 3777/3777
f 3842/3842 3778/3778 3843/3843
f 3907/3907 3842/3842 3908/3908
f 3908/3908 3842/3842 3843/3843
f 3842/3842 3776/3776 3777/3777
f 3842/3842 3841/3841 3776/3776
f 3835/3835 3834/3834 3770/3770
f 3834/3834 3769/3769 3770/3770
f 6537/6537 6586/6586 6536/6536
f 6537/6537 6587/6587 6586/6586
f 6537/6537 6486/6486 6487/6487
f 6486/6486 6537/6537 6536/6536
f 6537/6537 6588/6588 6587/6587
f 6537/6537 6538/6538 6588/6588
f 6537/6537 6487/6487 6488/6488
f 6538/6538 6537/6537 6488/6488
f 7035/7035 7036/7036 7102/7102
f 7036/7036 7103/7103 7102/7102
f 7036/7036 7035/7035 6968/6968
f 6969/6969 7036/7036 6968/6968
f 6632/6632 6699/6699 6631/6631
f 6631/6631 6699/6699 6698/6698
f 6967/6967 6901/6901 6968/6968
f 6900/6900 6901/6901 6967/6967
f 6835/6835 6901/6901 6834/6834
f 6902/6902 6901/6901 6835/6835
f 6901/6901 6902/6902 6969/6969
f 6901/6901 6969/6969 6968/6968
f 6831/6831 6898/6898 6897/6897
f 6830/6830 6831/6831 6897/6897
f 6763/6763 6831/6831 6830/6830
f 6831/6831 6763/6763 6764/6764
f 6905/6905 6837/6837 6838/6838
f 6904/6904 6837/6837 6905/6905
f 6837/6837 6771/6771 6838/6838
f 6837/6837 6770/6770 6771/6771
f 6769/6769 6701/6701 6702/6702
f 6701/6701 6769/6769 6768/6768
f 6770/6770 6769/6769 6703/6703
f 6769/6769 6702/6702 6703/6703
f 7045/7045 7044/7044 6978/6978
f 7044/7044 6977/6977 6978/6978
f 7111/7111 7044/7044 7112/7112
f 7044/7044 7045/7045 7112/7112
f 7044/7044 7111/7111 7110/7110
f 7043/7043 7044/7044 7110/7110
f 6976/6976 7044/7044 7043/7043
f 7044/7044 6976/6976 6977/6977
f 6976/6976 6908/6908 6909/6909
f 6976/6976 6975/6975 6908/6908
f 6910/6910 6976/6976 6909/6909
f 6977/6977 6976/6976 6910/6910
f 6976/6976 7042/7042 6975/6975
f 6976/6976 7043/7043 7042/7042
f 1752/1752 1753/1753 1809/1809
f 1753/1753 1810/1810 1809/1809
f 1753/1753 1754/1754 1811/1811
f 1810/1810 1753/1753 1811/1811
f 1688/1688 1753/1753 1687/1687
f 1687/1687 1753/1753 1752/1752
f 1754/1754 1753/1753 1689/1689
f 1753/1753 1688/1688 1689/1689
f 1621/1621 1555/1555 1556/1556
f 1621/1621 1620/1620 1555/1555
f 1621/1621 1557/1557 1622/1622
f 1557/1557 1621/1621 1556/1556
f 1621/1621 1685/1685 1620/1620
f 1621/1621 1686/1686 1685/1685
f 1687/1687 1621/1621 1622/1622
f 1686/1686 1621/1621 1687/1687
f 2431/2431 2495/2495 2430/2430
f 2431/2431 2496/2496 2495/2495
f 2496/2496 2431/2431 2497/2497
f 2431/2431 2432/2432 2497/2497
f 2693/2693 2627/2627 2628/2628
f 2692/2692 2627/2627 2693/2693
f 2627/2627 2563/2563 2628/2628
f 2627/2627 2562/2562 2563/2563
f 2360/2360 2361/2361 2425/2425
f 2361/2361 2426/2426 2425/2425
f 2493/2493 2427/2427 2428/2428
f 2427/2427 2493/2493 2492/2492
f 2491/2491 2427/2427 2492/2492
f 2427/2427 2491/2491 2426/2426
f 2198/2198 2242/2242 2197/2197
f 2242/2242 2241/2241 2197/2197
f 2358/2358 2294/2294 2359/2359
f 2294/2294 2358/2358 2293/2293
f 2241/2241 2294/2294 2240/2240
f 2240/2240 2294/2294 2293/2293
f 2550/2550 2616/2616 2615/2615
f 2616/2616 2550/2550 2551/2551
f 2616/2616 2680/2680 2615/2615
f 2616/2616 2681/2681 2680/2680
f 2748/2748 2682/2682 2683/2683
f 2682/2682 2748/2748 2747/2747
f 2681/2681 2682/2682 2746/2746
f 2682/2682 2747/2747 2746/2746
f 3008/3008 3009/3009 3074/3074
f 3073/3073 3008/3008 3074/3074
f 3008/3008 3073/3073 3072/3072
f 3007/3007 3008/3008 3072/3072
f 2558/2558 2494/2494 2559/2559
f 2558/2558 2493/2493 2494/2494
f 2624/2624 2558/2558 2559/2559
f 2558/2558 2624/2624 2623/2623
f 2493/2493 2558/2558 2492/2492
f 2558/2558 2557/2557 2492/2492
f 2622/2622 2558/2558 2623/2623
f 2557/2557 2558/2558 2622/2622
f 2944/2944 2879/2879 2945/2945
f 2879/2879 2880/2880 2945/2945
f 3261/3261 3195/3195 3196/3196
f 3195/3195 3261/3261 3260/3260
f 3259/3259 3195/3195 3260/3260
f 3194/3194 3195/3195 3259/3259
f 2674/2674 2740/2740 2739/2739
f 2740/2740 2674/2674 2675/2675
f 2805/2805 2740/2740 2806/2806
f 2740/2740 2741/2741 2806/2806
f 2741/2741 2740/2740 2676/2676
f 2676/2676 2740/2740 2675/2675
f 2605/2605 2539/2539 2540/2540
f 2539/2539 2605/2605 2604/2604
f 2481/2481 2545/2545 2480/2480
f 2545/2545 2481/2481 2546/2546
f 2930/2930 2866/2866 2931/2931
f 2865/2865 2866/2866 2930/2930
f 2866/2866 2932/2932 2931/2931
f 2866/2866 2867/2867 2932/2932
f 2867/2867 2866/2866 2802/2802
f 2866/2866 2801/2801 2802/2802
f 2866/2866 2800/2800 2801/2801
f 2800/2800 2866/2866 2865/2865
f 2800/2800 2799/2799 2734/2734
f 2735/2735 2800/2800 2734/2734
f 2799/2799 2800/2800 2864/2864
f 2800/2800 2865/2865 2864/2864
f 2868/2868 2867/2867 2802/2802
f 2803/2803 2868/2868 2802/2802
f 2932/2932 2868/2868 2933/2933
f 2867/2867 2868/2868 2932/2932
f 2868/2868 2934/2934 2933/2933
f 2868/2868 2869/2869 2934/2934
f 2804/2804 2740/2740 2805/2805
f 2740/2740 2804/2804 2739/2739
f 2868/2868 2804/2804 2869/2869
f 2804/2804 2868/2868 2803/2803
f 2804/2804 2805/2805 2870/2870
f 2869/2869 2804/2804 2870/2870
f 924/924 988/988 923/923
f 988/988 924/924 989/989
f 2115/2115 2160/2160 2159/2159
f 2160/2160 2115/2115 2116/2116
f 1766/1766 1700/1700 1701/1701
f 1700/1700 1766/1766 1765/1765
f 1767/1767 1766/1766 1702/1702
f 1766/1766 1701/1701 1702/1702
f 1765/1765 1766/1766 1822/1822
f 1766/1766 1823/1823 1822/1822
f 1766/1766 1767/1767 1824/1824
f 1823/1823 1766/1766 1824/1824
f 1700/1700 1764/1764 1699/1699
f 1764/1764 1700/1700 1765/1765
f 1876/1876 1823/1823 1877/1877
f 1823/1823 1876/1876 1822/1822
f 1928/1928 1876/1876 1877/1877
f 1928/1928 1877/1877 1929/1929
f 724/724 790/790 789/789
f 725/725 790/790 724/724
f 790/790 854/854 789/789
f 854/854 790/790 855/855
f 726/726 790/790 725/725
f 791/791 790/790 726/726
f 790/790 856/856 855/855
f 790/790 791/791 856/856
f 1980/1980 2027/2027 1979/1979
f 2027/2027 1980/1980 2028/2028
f 1981/1981 1982/1982 2030/2030
f 2029/2029 1981/1981 2030/2030
f 1981/1981 2029/2029 2028/2028
f 1980/1980 1981/1981 2028/2028
f 1930/1930 1877/1877 1878/1878
f 1877/1877 1930/1930 1929/1929
f 1930/1930 1980/1980 1979/1979
f 1930/1930 1979/1979 1929/1929
f 2365/2365 2429/2429 2364/2364
f 2429/2429 2365/2365 2430/2430
f 2299/2299 2365/2365 2364/2364
f 2300/2300 2365/2365 2299/2299
f 2207/2207 2163/2163 2164/2164
f 2163/2163 2207/2207 2206/2206
f 2208/2208 2207/2207 2165/2165
f 2207/2207 2164/2164 2165/2165
f 2163/2163 2120/2120 2164/2164
f 2120/2120 2163/2163 2119/2119
f 2161/2161 2160/2160 2116/2116
f 2161/2161 2116/2116 2117/2117
f 534/534 598/598 533/533
f 599/599 598/598 534/534
f 532/532 598/598 597/597
f 598/598 532/532 533/533
f 597/597 598/598 662/662
f 598/598 663/663 662/662
f 598/598 664/664 663/663
f 664/664 598/598 599/599
f 729/729 664/664 730/730
f 730/730 664/664 665/665
f 664/664 599/599 600/600
f 664/664 600/600 665/665
f 664/664 729/729 728/728
f 663/663 664/664 728/728
f 592/592 527/527 528/528
f 593/593 592/592 528/528
f 592/592 591/591 526/526
f 527/527 592/592 526/526
f 591/591 592/592 656/656
f 592/592 657/657 656/656
f 594/594 658/658 593/593
f 658/658 594/594 659/659
f 592/592 658/658 657/657
f 658/658 592/592 593/593
f 724/724 658/658 659/659
f 658/658 724/724 723/723
f 722/722 658/658 723/723
f 657/657 658/658 722/722
f 1241/1241 1240/1240 1175/1175
f 1176/1176 1241/1241 1175/1175
f 1242/1242 1241/1241 1177/1177
f 1241/1241 1176/1176 1177/1177
f 1241/1241 1305/1305 1240/1240
f 1241/1241 1306/1306 1305/1305
f 1307/1307 1241/1241 1242/1242
f 1306/1306 1241/1241 1307/1307
f 983/983 919/919 984/984
f 918/918 919/919 983/983
f 919/919 985/985 984/984
f 985/985 919/919 920/920
f 853/853 919/919 918/918
f 854/854 919/919 853/853
f 920/920 919/919 855/855
f 919/919 854/854 855/855
f 652/652 653/653 717/717
f 653/653 718/718 717/717
f 653/653 652/652 587/587
f 588/588 653/653 587/587
f 653/653 719/719 718/718
f 653/653 654/654 719/719
f 654/654 653/653 589/589
f 653/653 588/588 589/589
f 1042/1042 1041/1041 976/976
f 977/977 1042/1042 976/976
f 913/913 978/978 912/912
f 978/978 977/977 912/912
f 978/978 1042/1042 977/977
f 1042/1042 978/978 1043/1043
f 1168/1168 1167/1167 1103/1103
f 1167/1167 1102/1102 1103/1103
f 1233/1233 1167/1167 1168/1168
f 1167/1167 1233/1233 1232/1232
f 1167/1167 1101/1101 1102/1102
f 1167/1167 1166/1166 1101/1101
f 1167/1167 1232/1232 1231/1231
f 1166/1166 1167/1167 1231/1231
f 640/640 576/576 641/641
f 576/576 640/640 575/575
f 576/576 642/642 641/641
f 576/576 577/577 642/642
f 448/448 514/514 513/513
f 448/448 449/449 514/514
f 250/250 314/314 249/249
f 314/314 250/250 315/315
f 314/314 248/248 249/249
f 314/314 313/313 248/248
f 489/489 488/488 424/424
f 488/488 423/423 424/424
f 488/488 489/489 554/554
f 553/553 488/488 554/554
f 384/384 318/318 319/319
f 318/318 384/384 383/383
f 448/448 384/384 449/449
f 384/384 448/448 383/383
f 1030/1030 1029/1029 964/964
f 965/965 1030/1030 964/964
f 1094/1094 1030/1030 1095/1095
f 1030/1030 1094/1094 1029/1029
f 1030/1030 965/965 966/966
f 1031/1031 1030/1030 966/966
f 1030/1030 1096/1096 1095/1095
f 1030/1030 1031/1031 1096/1096
f 898/898 899/899 964/964
f 963/963 898/898 964/964
f 898/898 963/963 962/962
f 897/897 898/898 962/962
f 264/264 329/329 263/263
f 263/263 329/329 328/328
f 330/330 329/329 265/265
f 329/329 264/264 265/265
f 327/327 393/393 392/392
f 393/393 327/327 328/328
f 326/326 327/327 391/391
f 327/327 392/392 391/391
f 327/327 263/263 328/328
f 327/327 262/262 263/263
f 327/327 326/326 261/261
f 262/262 327/327 261/261
f 948/948 947/947 882/882
f 883/883 948/948 882/882
f 948/948 884/884 949/949
f 884/884 948/948 883/883
f 948/948 1012/1012 947/947
f 948/948 1013/1013 1012/1012
f 948/948 949/949 1014/1014
f 1013/1013 948/948 1014/1014
f 887/887 953/953 952/952
f 953/953 887/887 888/888
f 953/953 889/889 954/954
f 953/953 888/888 889/889
f 953/953 1018/1018 1017/1017
f 953/953 1017/1017 952/952
f 1019/1019 953/953 954/954
f 1018/1018 953/953 1019/1019
f 695/695 761/761 760/760
f 761/761 695/695 696/696
f 761/761 696/696 697/697
f 762/762 761/761 697/697
f 821/821 887/887 886/886
f 887/887 821/821 822/822
f 821/821 757/757 822/822
f 821/821 756/756 757/757
f 687/687 753/753 752/752
f 753/753 687/687 688/688
f 624/624 689/689 623/623
f 689/689 688/688 623/623
f 689/689 625/625 690/690
f 625/625 689/689 624/624
f 753/753 689/689 754/754
f 689/689 753/753 688/688
f 821/821 755/755 756/756
f 755/755 821/821 820/820
f 689/689 755/755 754/754
f 755/755 689/689 690/690
f 691/691 755/755 690/690
f 756/756 755/755 691/691
f 819/819 755/755 820/820
f 755/755 819/819 754/754
f 821/821 885/885 820/820
f 885/885 821/821 886/886
f 951/951 885/885 886/886
f 885/885 951/951 950/950
f 885/885 819/819 820/820
f 819/819 885/885 884/884
f 949/949 885/885 950/950
f 884/884 885/885 949/949
f 1534/1534 1533/1533 1469/1469
f 1533/1533 1468/1468 1469/1469
f 1467/1467 1533/1533 1532/1532
f 1468/1468 1533/1533 1467/1467
f 1533/1533 1599/1599 1598/1598
f 1599/1599 1533/1533 1534/1534
f 1533/1533 1597/1597 1532/1532
f 1533/1533 1598/1598 1597/1597
f 1600/1600 1666/1666 1665/1665
f 1600/1600 1601/1601 1666/1666
f 1664/1664 1600/1600 1665/1665
f 1599/1599 1600/1600 1664/1664
f 1275/1275 1339/1339 1274/1274
f 1340/1340 1339/1339 1275/1275
f 1339/1339 1273/1273 1274/1274
f 1339/1339 1338/1338 1273/1273
f 1339/1339 1403/1403 1338/1338
f 1403/1403 1339/1339 1404/1404
f 1402/1402 1403/1403 1467/1467
f 1403/1403 1468/1468 1467/1467
f 1468/1468 1403/1403 1469/1469
f 1403/1403 1404/1404 1469/1469
f 1403/1403 1402/1402 1337/1337
f 1338/1338 1403/1403 1337/1337
f 1405/1405 1339/1339 1340/1340
f 1339/1339 1405/1405 1404/1404
f 1404/1404 1470/1470 1469/1469
f 1405/1405 1470/1470 1404/1404
f 1450/1450 1514/1514 1449/1449
f 1514/1514 1450/1450 1515/1515
f 1450/1450 1516/1516 1515/1515
f 1450/1450 1451/1451 1516/1516
f 1660/1660 1725/1725 1659/1659
f 1725/1725 1724/1724 1659/1659
f 1725/1725 1661/1661 1726/1726
f 1661/1661 1725/1725 1660/1660
f 1725/1725 1726/1726 1791/1791
f 1790/1790 1725/1725 1791/1791
f 1789/1789 1725/1725 1790/1790
f 1725/1725 1789/1789 1724/1724
f 1789/1789 1846/1846 1845/1845
f 1788/1788 1789/1789 1845/1845
f 1789/1789 1788/1788 1723/1723
f 1724/1724 1789/1789 1723/1723
f 1789/1789 1847/1847 1846/1846
f 1789/1789 1790/1790 1847/1847
f 2448/2448 2513/2513 2447/2447
f 2513/2513 2512/2512 2447/2447
f 2577/2577 2513/2513 2578/2578
f 2513/2513 2577/2577 2512/2512
f 2449/2449 2513/2513 2448/2448
f 2514/2514 2513/2513 2449/2449
f 2578/2578 2513/2513 2579/2579
f 2513/2513 2514/2514 2579/2579
f 3808/3808 3742/3742 3743/3743
f 3808/3808 3807/3807 3742/3742
f 3808/3808 3873/3873 3872/3872
f 3807/3807 3808/3808 3872/3872
f 3091/3091 3155/3155 3090/3090
f 3091/3091 3156/3156 3155/3155
f 3025/3025 3091/3091 3090/3090
f 3091/3091 3025/3025 3026/3026
f 3091/3091 3157/3157 3156/3156
f 3091/3091 3092/3092 3157/3157
f 3091/3091 3026/3026 3027/3027
f 3092/3092 3091/3091 3027/3027
f 2575/2575 2510/2510 2576/2576
f 2510/2510 2511/2511 2576/2576
f 2574/2574 2510/2510 2575/2575
f 2510/2510 2574/2574 2509/2509
f 2511/2511 2510/2510 2446/2446
f 2510/2510 2445/2445 2446/2446
f 2510/2510 2509/2509 2444/2444
f 2445/2445 2510/2510 2444/2444
f 2259/2259 2312/2312 2258/2258
f 2312/2312 2311/2311 2258/2258
f 2312/2312 2377/2377 2376/2376
f 2311/2311 2312/2312 2376/2376
f 2312/2312 2259/2259 2260/2260
f 2313/2313 2312/2312 2260/2260
f 2312/2312 2378/2378 2377/2377
f 2312/2312 2313/2313 2378/2378
f 2256/2256 2309/2309 2308/2308
f 2255/2255 2256/2256 2308/2308
f 2256/2256 2211/2211 2212/2212
f 2256/2256 2255/2255 2211/2211
f 2256/2256 2212/2212 2213/2213
f 2257/2257 2256/2256 2213/2213
f 2310/2310 2256/2256 2257/2257
f 2256/2256 2310/2310 2309/2309
f 2375/2375 2310/2310 2376/2376
f 2310/2310 2311/2311 2376/2376
f 2309/2309 2310/2310 2374/2374
f 2374/2374 2310/2310 2375/2375
f 2310/2310 2257/2257 2258/2258
f 2311/2311 2310/2310 2258/2258
f 3472/3472 3408/3408 3473/3473
f 3408/3408 3472/3472 3407/3407
f 3472/3472 3538/3538 3537/3537
f 3472/3472 3473/3473 3538/3538
f 3472/3472 3471/3471 3406/3406
f 3472/3472 3406/3406 3407/3407
f 3536/3536 3472/3472 3537/3537
f 3471/3471 3472/3472 3536/3536
f 3344/3344 3280/3280 3345/3345
f 3280/3280 3344/3344 3279/3279
f 3734/3734 3669/3669 3670/3670
f 3735/3735 3734/3734 3670/3670
f 3734/3734 3668/3668 3669/3669
f 3668/3668 3734/3734 3733/3733
f 3734/3734 3735/3735 3800/3800
f 3799/3799 3734/3734 3800/3800
f 3734/3734 3798/3798 3733/3733
f 3734/3734 3799/3799 3798/3798
f 3922/3922 3856/3856 3857/3857
f 3856/3856 3922/3922 3921/3921
f 3791/3791 3856/3856 3790/3790
f 3856/3856 3855/3855 3790/3790
f 3856/3856 3792/3792 3857/3857
f 3856/3856 3791/3791 3792/3792
f 3984/3984 4048/4048 3983/3983
f 4048/4048 3984/3984 4049/4049
f 3984/3984 3983/3983 3918/3918
f 3919/3919 3984/3984 3918/3918
f 3920/3920 3856/3856 3921/3921
f 3856/3856 3920/3920 3855/3855
f 3854/3854 3789/3789 3790/3790
f 3855/3855 3854/3854 3790/3790
f 3920/3920 3854/3854 3855/3855
f 3854/3854 3920/3920 3919/3919
f 3859/3859 3924/3924 3858/3858
f 3924/3924 3923/3923 3858/3858
f 3860/3860 3924/3924 3859/3859
f 3925/3925 3924/3924 3860/3860
f 3523/3523 3458/3458 3459/3459
f 3524/3524 3523/3523 3459/3459
f 3523/3523 3589/3589 3588/3588
f 3589/3589 3523/3523 3524/3524
f 3587/3587 3523/3523 3588/3588
f 3522/3522 3523/3523 3587/3587
f 3457/3457 3523/3523 3522/3522
f 3523/3523 3457/3457 3458/3458
f 3391/3391 3457/3457 3456/3456
f 3457/3457 3391/3391 3392/3392
f 3458/3458 3457/3457 3393/3393
f 3457/3457 3392/3392 3393/3393
f 3456/3456 3457/3457 3521/3521
f 3457/3457 3522/3522 3521/3521
f 3527/3527 3461/3461 3462/3462
f 3461/3461 3527/3527 3526/3526
f 3461/3461 3397/3397 3462/3462
f 3461/3461 3396/3396 3397/3397
f 3199/3199 3133/3133 3134/3134
f 3133/3133 3199/3199 3198/3198
f 3135/3135 3199/3199 3134/3134
f 3199/3199 3135/3135 3200/3200
f 3198/3198 3199/3199 3263/3263
f 3199/3199 3264/3264 3263/3263
f 3199/3199 3265/3265 3264/3264
f 3265/3265 3199/3199 3200/3200
f 3331/3331 3265/3265 3266/3266
f 3265/3265 3331/3331 3330/3330
f 3266/3266 3265/3265 3201/3201
f 3265/3265 3200/3200 3201/3201
f 3264/3264 3265/3265 3329/3329
f 3329/3329 3265/3265 3330/3330
f 3327/3327 3328/3328 3393/3393
f 3392/3392 3327/3327 3393/3393
f 3327/3327 3262/3262 3263/3263
f 3328/3328 3327/3327 3263/3263
f 3657/3657 3592/3592 3658/3658
f 3658/3658 3592/3592 3593/3593
f 3528/3528 3592/3592 3527/3527
f 3592/3592 3528/3528 3593/3593
f 3527/3527 3592/3592 3526/3526
f 3592/3592 3591/3591 3526/3526
f 3592/3592 3656/3656 3591/3591
f 3656/3656 3592/3592 3657/3657
f 3655/3655 3656/3656 3720/3720
f 3656/3656 3721/3721 3720/3720
f 3721/3721 3656/3656 3722/3722
f 3656/3656 3657/3657 3722/3722
f 3656/3656 3655/3655 3590/3590
f 3591/3591 3656/3656 3590/3590
f 2950/2950 2884/2884 2885/2885
f 2884/2884 2950/2950 2949/2949
f 3014/3014 3078/3078 3013/3013
f 3014/3014 3079/3079 3078/3078
f 2949/2949 3014/3014 2948/2948
f 3014/3014 3013/3013 2948/2948
f 2950/2950 3014/3014 2949/2949
f 3014/3014 2950/2950 3015/3015
f 3080/3080 3144/3144 3079/3079
f 3144/3144 3080/3080 3145/3145
f 3014/3014 3080/3080 3079/3079
f 3080/3080 3014/3014 3015/3015
f 3149/3149 3083/3083 3084/3084
f 3083/3083 3149/3149 3148/3148
f 3147/3147 3083/3083 3148/3148
f 3082/3082 3083/3083 3147/3147
f 2205/2205 2250/2250 2249/2249
f 2250/2250 2205/2205 2206/2206
f 2250/2250 2302/2302 2249/2249
f 2302/2302 2250/2250 2303/2303
f 2368/2368 2433/2433 2432/2432
f 2368/2368 2432/2432 2367/2367
f 2368/2368 2302/2302 2303/2303
f 2302/2302 2368/2368 2367/2367
f 2368/2368 2434/2434 2433/2433
f 2434/2434 2368/2368 2369/2369
f 2498/2498 2434/2434 2499/2499
f 2433/2433 2434/2434 2498/2498
f 2370/2370 2434/2434 2369/2369
f 2434/2434 2370/2370 2435/2435
f 2434/2434 2500/2500 2499/2499
f 2434/2434 2435/2435 2500/2500
f 3411/3411 3475/3475 3410/3410
f 3475/3475 3411/3411 3476/3476
f 3541/3541 3475/3475 3476/3476
f 3540/3540 3475/3475 3541/3541
f 3475/3475 3539/3539 3474/3474
f 3475/3475 3540/3540 3539/3539
f 2890/2890 2889/2889 2825/2825
f 2889/2889 2824/2824 2825/2825
f 2889/2889 2890/2890 2955/2955
f 2954/2954 2889/2889 2955/2955
f 2759/2759 2760/2760 2825/2825
f 2824/2824 2759/2759 2825/2825
f 2695/2695 2759/2759 2694/2694
f 2760/2760 2759/2759 2695/2695
f 2758/2758 2759/2759 2823/2823
f 2759/2759 2824/2824 2823/2823
f 2759/2759 2693/2693 2694/2694
f 2759/2759 2758/2758 2693/2693
f 3281/3281 3346/3346 3345/3345
f 3280/3280 3281/3281 3345/3345
f 3281/3281 3347/3347 3346/3346
f 3347/3347 3281/3281 3282/3282
f 3281/3281 3216/3216 3217/3217
f 3281/3281 3217/3217 3282/3282
f 3281/3281 3215/3215 3216/3216
f 3215/3215 3281/3281 3280/3280
f 3215/3215 3149/3149 3150/3150
f 3149/3149 3215/3215 3214/3214
f 3214/3214 3215/3215 3279/3279
f 3215/3215 3280/3280 3279/3279
f 3151/3151 3215/3215 3150/3150
f 3216/3216 3215/3215 3151/3151
f 3382/3382 3447/3447 3381/3381
f 3447/3447 3446/3446 3381/3381
f 3448/3448 3447/3447 3383/3383
f 3447/3447 3382/3382 3383/3383
f 3513/3513 3447/3447 3448/3448
f 3512/3512 3447/3447 3513/3513
f 3511/3511 3447/3447 3512/3512
f 3447/3447 3511/3511 3446/3446
f 3511/3511 3575/3575 3510/3510
f 3511/3511 3576/3576 3575/3575
f 3445/3445 3511/3511 3510/3510
f 3446/3446 3511/3511 3445/3445
f 3576/3576 3511/3511 3577/3577
f 3511/3511 3512/3512 3577/3577
f 3781/3781 3847/3847 3846/3846
f 3782/3782 3847/3847 3781/3781
f 3847/3847 3911/3911 3846/3846
f 3847/3847 3912/3912 3911/3911
f 3783/3783 3847/3847 3782/3782
f 3847/3847 3783/3783 3848/3848
f 3783/3783 3782/3782 3717/3717
f 3718/3718 3783/3783 3717/3717
f 3783/3783 3718/3718 3719/3719
f 3784/3784 3783/3783 3719/3719
f 3981/3981 4047/4047 4046/4046
f 3981/3981 3982/3982 4047/4047
f 3982/3982 3981/3981 3917/3917
f 3981/3981 3916/3916 3917/3917
f 3532/3532 3598/3598 3597/3597
f 3598/3598 3532/3532 3533/3533
f 3596/3596 3532/3532 3597/3597
f 3532/3532 3596/3596 3531/3531
f 3599/3599 3535/3535 3600/3600
f 3535/3535 3599/3599 3534/3534
f 3599/3599 3598/3598 3533/3533
f 3534/3534 3599/3599 3533/3533
f 3727/3727 3663/3663 3728/3728
f 3662/3662 3663/3663 3727/3727
f 3597/3597 3663/3663 3662/3662
f 3598/3598 3663/3663 3597/3597
f 3204/3204 3270/3270 3269/3269
f 3205/3205 3270/3270 3204/3204
f 3270/3270 3336/3336 3335/3335
f 3336/3336 3270/3270 3271/3271
f 3270/3270 3334/3334 3269/3269
f 3270/3270 3335/3335 3334/3334
f 3075/3075 3141/3141 3140/3140
f 3141/3141 3075/3075 3076/3076
f 3077/3077 3142/3142 3076/3076
f 3142/3142 3141/3141 3076/3076
f 3272/3272 3336/3336 3271/3271
f 3336/3336 3272/3272 3337/3337
f 3532/3532 3468/3468 3533/3533
f 3468/3468 3532/3532 3467/3467
f 3468/3468 3469/3469 3534/3534
f 3468/3468 3534/3534 3533/3533
f 3211/3211 3210/3210 3146/3146
f 3146/3146 3210/3210 3145/3145
f 3340/3340 3341/3341 3406/3406
f 3405/3405 3340/3340 3406/3406
f 3899/3899 3964/3964 3963/3963
f 3898/3898 3899/3899 3963/3963
f 3964/3964 3899/3899 3965/3965
f 3965/3965 3899/3899 3900/3900
f 3899/3899 3835/3835 3900/3900
f 3899/3899 3834/3834 3835/3835
f 3899/3899 3833/3833 3834/3834
f 3833/3833 3899/3899 3898/3898
f 3767/3767 3833/3833 3832/3832
f 3833/3833 3767/3767 3768/3768
f 3832/3832 3833/3833 3897/3897
f 3833/3833 3898/3898 3897/3897
f 3769/3769 3833/3833 3768/3768
f 3834/3834 3833/3833 3769/3769
f 7037/7037 6971/6971 7038/7038
f 7037/7037 6970/6970 6971/6971
f 7037/7037 7105/7105 7104/7104
f 7037/7037 7038/7038 7105/7105
f 6970/6970 7037/7037 6969/6969
f 7037/7037 7036/7036 6969/6969
f 7103/7103 7037/7037 7104/7104
f 7036/7036 7037/7037 7103/7103
f 6634/6634 6700/6700 6633/6633
f 6701/6701 6700/6700 6634/6634
f 6767/6767 6700/6700 6768/6768
f 6700/6700 6701/6701 6768/6768
f 6700/6700 6632/6632 6633/6633
f 6700/6700 6699/6699 6632/6632
f 6901/6901 6833/6833 6834/6834
f 6833/6833 6901/6901 6900/6900
f 6836/6836 6904/6904 6903/6903
f 6836/6836 6837/6837 6904/6904
f 6902/6902 6836/6836 6903/6903
f 6836/6836 6902/6902 6835/6835
f 6837/6837 6836/6836 6770/6770
f 6836/6836 6769/6769 6770/6770
f 6836/6836 6835/6835 6768/6768
f 6769/6769 6836/6836 6768/6768
f 2625/2625 2626/2626 2690/2690
f 2626/2626 2691/2691 2690/2690
f 2560/2560 2626/2626 2625/2625
f 2626/2626 2560/2560 2561/2561
f 2691/2691 2626/2626 2692/2692
f 2626/2626 2627/2627 2692/2692
f 2562/2562 2626/2626 2561/2561
f 2627/2627 2626/2626 2562/2562
f 2362/2362 2361/2361 2296/2296
f 2362/2362 2296/2296 2297/2297
f 2362/2362 2298/2298 2363/2363
f 2298/2298 2362/2362 2297/2297
f 2361/2361 2362/2362 2426/2426
f 2362/2362 2427/2427 2426/2426
f 2362/2362 2363/2363 2428/2428
f 2427/2427 2362/2362 2428/2428
f 2556/2556 2622/2622 2621/2621
f 2556/2556 2557/2557 2622/2622
f 2556/2556 2620/2620 2555/2555
f 2620/2620 2556/2556 2621/2621
f 2556/2556 2491/2491 2492/2492
f 2557/2557 2556/2556 2492/2492
f 2556/2556 2490/2490 2491/2491
f 2490/2490 2556/2556 2555/2555
f 2424/2424 2490/2490 2489/2489
f 2490/2490 2424/2424 2425/2425
f 2489/2489 2490/2490 2554/2554
f 2490/2490 2555/2555 2554/2554
f 2426/2426 2490/2490 2425/2425
f 2491/2491 2490/2490 2426/2426
f 2295/2295 2242/2242 2243/2243
f 2296/2296 2295/2295 2243/2243
f 2295/2295 2361/2361 2360/2360
f 2361/2361 2295/2295 2296/2296
f 2242/2242 2295/2295 2241/2241
f 2295/2295 2294/2294 2241/2241
f 2295/2295 2360/2360 2359/2359
f 2294/2294 2295/2295 2359/2359
f 2552/2552 2617/2617 2551/2551
f 2617/2617 2616/2616 2551/2551
f 2617/2617 2552/2552 2553/2553
f 2618/2618 2617/2617 2553/2553
f 2616/2616 2617/2617 2681/2681
f 2617/2617 2682/2682 2681/2681
f 2617/2617 2618/2618 2683/2683
f 2682/2682 2617/2617 2683/2683
f 2943/2943 2879/2879 2944/2944
f 2879/2879 2943/2943 2878/2878
f 2943/2943 2944/2944 3009/3009
f 3008/3008 2943/2943 3009/3009
f 2815/2815 2814/2814 2750/2750
f 2750/2750 2814/2814 2749/2749
f 2814/2814 2748/2748 2749/2749
f 2748/2748 2814/2814 2813/2813
f 2880/2880 2814/2814 2815/2815
f 2879/2879 2814/2814 2880/2880
f 2814/2814 2878/2878 2813/2813
f 2814/2814 2879/2879 2878/2878
f 3065/3065 3130/3130 3064/3064
f 3130/3130 3129/3129 3064/3064
f 3066/3066 3130/3130 3065/3065
f 3130/3130 3066/3066 3131/3131
f 3129/3129 3130/3130 3194/3194
f 3130/3130 3195/3195 3194/3194
f 3130/3130 3131/3131 3196/3196
f 3195/3195 3130/3130 3196/3196
f 2542/2542 2606/2606 2541/2541
f 2607/2607 2606/2606 2542/2542
f 2541/2541 2606/2606 2540/2540
f 2606/2606 2605/2605 2540/2540
f 2606/2606 2670/2670 2605/2605
f 2670/2670 2606/2606 2671/2671
f 2669/2669 2670/2670 2734/2734
f 2670/2670 2735/2735 2734/2734
f 2670/2670 2669/2669 2604/2604
f 2605/2605 2670/2670 2604/2604
f 2804/2804 2738/2738 2739/2739
f 2738/2738 2804/2804 2803/2803
f 2738/2738 2803/2803 2802/2802
f 2737/2737 2738/2738 2802/2802
f 2672/2672 2606/2606 2607/2607
f 2606/2606 2672/2672 2671/2671
f 2736/2736 2800/2800 2735/2735
f 2800/2800 2736/2736 2801/2801
f 2670/2670 2736/2736 2735/2735
f 2736/2736 2670/2670 2671/2671
f 2736/2736 2737/2737 2802/2802
f 2801/2801 2736/2736 2802/2802
f 2672/2672 2736/2736 2671/2671
f 2736/2736 2672/2672 2737/2737
f 2543/2543 2544/2544 2608/2608
f 2544/2544 2609/2609 2608/2608
f 2479/2479 2544/2544 2478/2478
f 2544/2544 2543/2543 2478/2478
f 2544/2544 2479/2479 2480/2480
f 2545/2545 2544/2544 2480/2480
f 2610/2610 2544/2544 2545/2545
f 2544/2544 2610/2610 2609/2609
f 2610/2610 2611/2611 2676/2676
f 2610/2610 2676/2676 2675/2675
f 2674/2674 2610/2610 2675/2675
f 2609/2609 2610/2610 2674/2674
f 2611/2611 2610/2610 2546/2546
f 2610/2610 2545/2545 2546/2546
f 987/987 1051/1051 986/986
f 987/987 1052/1052 1051/1051
f 921/921 987/987 986/986
f 987/987 921/921 922/922
f 923/923 987/987 922/922
f 988/988 987/987 923/923
f 1053/1053 987/987 988/988
f 987/987 1053/1053 1052/1052
f 1053/1053 1054/1054 1119/1119
f 1053/1053 1119/1119 1118/1118
f 1117/1117 1053/1053 1118/1118
f 1052/1052 1053/1053 1117/1117
f 1053/1053 989/989 1054/1054
f 1053/1053 988/988 989/989
f 2114/2114 2115/2115 2159/2159
f 2158/2158 2114/2114 2159/2159
f 1821/1821 1765/1765 1822/1822
f 1821/1821 1764/1764 1765/1765
f 1763/1763 1819/1819 1762/1762
f 1763/1763 1820/1820 1819/1819
f 1763/1763 1762/1762 1697/1697
f 1698/1698 1763/1763 1697/1697
f 1821/1821 1763/1763 1764/1764
f 1763/1763 1821/1821 1820/1820
f 1763/1763 1698/1698 1699/1699
f 1764/1764 1763/1763 1699/1699
f 1927/1927 1976/1976 1926/1926
f 1976/1976 1927/1927 1977/1977
f 1974/1974 1973/1973 1923/1923
f 1974/1974 1923/1923 1924/1924
f 2027/2027 1978/1978 1979/1979
f 1978/1978 2027/2027 2026/2026
f 1979/1979 1978/1978 1929/1929
f 1978/1978 1928/1928 1929/1929
f 1927/1927 1978/1978 1977/1977
f 1928/1928 1978/1978 1927/1927
f 1982/1982 1931/1931 1932/1932
f 1981/1981 1931/1931 1982/1982
f 1932/1932 1931/1931 1880/1880
f 1931/1931 1879/1879 1880/1880
f 1931/1931 1981/1981 1980/1980
f 1930/1930 1931/1931 1980/1980
f 1879/1879 1931/1931 1878/1878
f 1931/1931 1930/1930 1878/1878
f 2296/2296 2244/2244 2297/2297
f 2244/2244 2296/2296 2243/2243
f 2244/2244 2298/2298 2297/2297
f 2244/2244 2245/2245 2298/2298
f 2121/2121 2122/2122 2166/2166
f 2165/2165 2121/2121 2166/2166
f 2164/2164 2121/2121 2165/2165
f 2120/2120 2121/2121 2164/2164
f 2162/2162 2163/2163 2206/2206
f 2205/2205 2162/2162 2206/2206
f 2162/2162 2205/2205 2204/2204
f 2161/2161 2162/2162 2204/2204
f 1172/1172 1107/1107 1173/1173
f 1107/1107 1108/1108 1173/1173
f 1106/1106 1107/1107 1171/1171
f 1107/1107 1172/1172 1171/1171
f 1108/1108 1107/1107 1043/1043
f 1107/1107 1042/1042 1043/1043
f 1107/1107 1106/1106 1041/1041
f 1042/1042 1107/1107 1041/1041
f 1045/1045 979/979 980/980
f 1044/1044 979/979 1045/1045
f 979/979 915/915 980/980
f 915/915 979/979 914/914
f 979/979 1044/1044 1043/1043
f 978/978 979/979 1043/1043
f 979/979 913/913 914/914
f 979/979 978/978 913/913
f 379/379 314/314 315/315
f 380/380 379/379 315/315
f 316/316 250/250 251/251
f 250/250 316/316 315/315
f 252/252 316/316 251/251
f 316/316 252/252 317/317
f 316/316 380/380 315/315
f 316/316 381/381 380/380
f 382/382 316/316 317/317
f 381/381 316/316 382/382
f 381/381 446/446 380/380
f 380/380 446/446 445/445
f 487/487 551/551 486/486
f 487/487 552/552 551/551
f 487/487 486/486 421/421
f 422/422 487/487 421/421
f 487/487 553/553 552/552
f 487/487 488/488 553/553
f 487/487 422/422 423/423
f 488/488 487/487 423/423
f 451/451 385/385 386/386
f 450/450 385/385 451/451
f 321/321 385/385 320/320
f 385/385 321/321 386/386
f 385/385 450/450 449/449
f 384/384 385/385 449/449
f 320/320 385/385 319/319
f 385/385 384/384 319/319
f 833/833 832/832 767/767
f 768/768 833/833 767/767
f 833/833 769/769 834/834
f 833/833 768/768 769/769
f 833/833 897/897 832/832
f 833/833 898/898 897/897
f 899/899 833/833 834/834
f 898/898 833/833 899/899
f 458/458 394/394 459/459
f 393/393 394/394 458/458
f 460/460 394/394 395/395
f 394/394 460/460 459/459
f 329/329 394/394 328/328
f 394/394 393/393 328/328
f 394/394 330/330 395/395
f 394/394 329/329 330/330
f 891/891 826/826 892/892
f 826/826 827/827 892/892
f 890/890 826/826 891/891
f 826/826 890/890 825/825
f 826/826 762/762 827/827
f 826/826 761/761 762/762
f 826/826 825/825 760/760
f 761/761 826/826 760/760
f 818/818 817/817 752/752
f 753/753 818/818 752/752
f 817/817 818/818 882/882
f 818/818 883/883 882/882
f 818/818 753/753 754/754
f 819/819 818/818 754/754
f 818/818 884/884 883/883
f 818/818 819/819 884/884
f 1406/1406 1407/1407 1472/1472
f 1471/1471 1406/1406 1472/1472
f 1406/1406 1342/1342 1407/1407
f 1406/1406 1341/1341 1342/1342
f 1406/1406 1470/1470 1405/1405
f 1470/1470 1406/1406 1471/1471
f 1341/1341 1406/1406 1340/1340
f 1406/1406 1405/1405 1340/1340
f 1535/1535 1599/1599 1534/1534
f 1535/1535 1600/1600 1599/1599
f 1601/1601 1535/1535 1536/1536
f 1600/1600 1535/1535 1601/1601
f 1535/1535 1534/1534 1469/1469
f 1470/1470 1535/1535 1469/1469
f 1535/1535 1471/1471 1536/1536
f 1535/1535 1470/1470 1471/1471
f 1386/1386 1385/1385 1321/1321
f 1321/1321 1385/1385 1320/1320
f 1319/1319 1385/1385 1384/1384
f 1385/1385 1319/1319 1320/1320
f 1451/1451 1385/1385 1386/1386
f 1450/1450 1385/1385 1451/1451
f 1384/1384 1385/1385 1449/1449
f 1385/1385 1450/1450 1449/1449
f 3809/3809 3810/3810 3875/3875
f 3874/3874 3809/3809 3875/3875
f 3809/3809 3745/3745 3810/3810
f 3745/3745 3809/3809 3744/3744
f 3809/3809 3874/3874 3873/3873
f 3808/3808 3809/3809 3873/3873
f 3744/3744 3809/3809 3743/3743
f 3809/3809 3808/3808 3743/3743
f 3342/3342 3343/3343 3407/3407
f 3343/3343 3408/3408 3407/3407
f 3343/3343 3277/3277 3278/3278
f 3277/3277 3343/3343 3342/3342
f 3343/3343 3278/3278 3279/3279
f 3344/3344 3343/3343 3279/3279
f 3409/3409 3475/3475 3474/3474
f 3475/3475 3409/3409 3410/3410
f 3409/3409 3343/3343 3344/3344
f 3343/3343 3409/3409 3408/3408
f 3473/3473 3409/3409 3474/3474
f 3408/3408 3409/3409 3473/3473
f 3410/3410 3409/3409 3345/3345
f 3409/3409 3344/3344 3345/3345
f 3985/3985 4050/4050 4049/4049
f 3984/3984 3985/3985 4049/4049
f 4050/4050 3985/3985 4051/4051
f 3985/3985 3986/3986 4051/4051
f 3985/3985 3984/3984 3919/3919
f 3920/3920 3985/3985 3919/3919
f 3986/3986 3985/3985 3921/3921
f 3985/3985 3920/3920 3921/3921
f 3853/3853 3787/3787 3788/3788
f 3787/3787 3853/3853 3852/3852
f 3917/3917 3853/3853 3918/3918
f 3853/3853 3917/3917 3852/3852
f 3789/3789 3853/3853 3788/3788
f 3854/3854 3853/3853 3789/3789
f 3853/3853 3919/3919 3918/3918
f 3853/3853 3854/3854 3919/3919
f 3988/3988 3989/3989 4053/4053
f 3989/3989 4054/4054 4053/4053
f 3989/3989 3924/3924 3925/3925
f 3989/3989 3925/3925 3990/3990
f 3989/3989 3988/3988 3923/3923
f 3924/3924 3989/3989 3923/3923
f 3927/3927 3863/3863 3928/3928
f 3863/3863 3927/3927 3862/3862
f 3992/3992 3928/3928 3993/3993
f 3992/3992 3927/3927 3928/3928
f 3989/3989 4055/4055 4054/4054
f 4055/4055 3989/3989 3990/3990
f 4054/4054 4055/4055 4119/4119
f 4055/4055 4120/4120 4119/4119
f 3524/3524 3460/3460 3525/3525
f 3460/3460 3524/3524 3459/3459
f 3525/3525 3460/3460 3526/3526
f 3460/3460 3461/3461 3526/3526
f 3326/3326 3325/3325 3260/3260
f 3261/3261 3326/3326 3260/3260
f 3325/3325 3326/3326 3390/3390
f 3326/3326 3391/3391 3390/3390
f 3326/3326 3261/3261 3262/3262
f 3327/3327 3326/3326 3262/3262
f 3391/3391 3326/3326 3392/3392
f 3326/3326 3327/3327 3392/3392
f 3081/3081 3147/3147 3146/3146
f 3081/3081 3082/3082 3147/3147
f 3081/3081 3080/3080 3015/3015
f 3081/3081 3015/3015 3016/3016
f 3081/3081 3146/3146 3145/3145
f 3080/3080 3081/3081 3145/3145
f 2431/2431 2366/2366 2432/2432
f 2432/2432 2366/2366 2367/2367
f 2366/2366 2431/2431 2430/2430
f 2365/2365 2366/2366 2430/2430
f 2251/2251 2208/2208 2252/2252
f 2251/2251 2207/2207 2208/2208
f 2207/2207 2251/2251 2206/2206
f 2251/2251 2250/2250 2206/2206
f 2371/2371 2437/2437 2436/2436
f 2437/2437 2371/2371 2372/2372
f 2371/2371 2306/2306 2307/2307
f 2372/2372 2371/2371 2307/2307
f 2435/2435 2371/2371 2436/2436
f 2370/2370 2371/2371 2435/2435
f 2371/2371 2305/2305 2306/2306
f 2371/2371 2370/2370 2305/2305
f 3081/3081 3017/3017 3082/3082
f 3017/3017 3081/3081 3016/3016
f 2889/2889 2888/2888 2824/2824
f 2824/2824 2888/2888 2823/2823
f 2888/2888 2889/2889 2954/2954
f 2953/2953 2888/2888 2954/2954
f 3847/3847 3913/3913 3912/3912
f 3913/3913 3847/3847 3848/3848
f 3665/3665 3664/3664 3600/3600
f 3664/3664 3599/3599 3600/3600
f 3730/3730 3664/3664 3665/3665
f 3729/3729 3664/3664 3730/3730
f 3599/3599 3664/3664 3598/3598
f 3664/3664 3663/3663 3598/3598
f 3664/3664 3729/3729 3728/3728
f 3663/3663 3664/3664 3728/3728
f 3466/3466 3530/3530 3465/3465
f 3530/3530 3466/3466 3531/3531
f 3466/3466 3532/3532 3531/3531
f 3532/3532 3466/3466 3467/3467
f 3206/3206 3272/3272 3271/3271
f 3272/3272 3206/3206 3207/3207
f 3206/3206 3270/3270 3205/3205
f 3270/3270 3206/3206 3271/3271
f 3142/3142 3206/3206 3141/3141
f 3206/3206 3142/3142 3207/3207
f 3206/3206 3205/3205 3140/3140
f 3141/3141 3206/3206 3140/3140
f 3079/3079 3143/3143 3078/3078
f 3144/3144 3143/3143 3079/3079
f 3078/3078 3143/3143 3077/3077
f 3143/3143 3142/3142 3077/3077
f 3209/3209 3144/3144 3145/3145
f 3210/3210 3209/3209 3145/3145
f 3209/3209 3275/3275 3274/3274
f 3275/3275 3209/3209 3210/3210
f 3275/3275 3211/3211 3276/3276
f 3275/3275 3210/3210 3211/3211
f 3341/3341 3275/3275 3276/3276
f 3340/3340 3275/3275 3341/3341
f 3469/3469 3403/3403 3404/3404
f 3468/3468 3403/3403 3469/3469
f 3272/3272 3273/3273 3337/3337
f 3273/3273 3338/3338 3337/3337
f 3339/3339 3275/3275 3340/3340
f 3275/3275 3339/3339 3274/3274
f 3339/3339 3405/3405 3404/3404
f 3339/3339 3340/3340 3405/3405
f 3273/3273 3339/3339 3338/3338
f 3339/3339 3273/3273 3274/3274
f 3403/3403 3339/3339 3404/3404
f 3339/3339 3403/3403 3338/3338
f 6700/6700 6766/6766 6699/6699
f 6766/6766 6700/6700 6767/6767
f 6766/6766 6767/6767 6834/6834
f 6833/6833 6766/6766 6834/6834
f 2941/2941 2942/2942 3006/3006
f 2942/2942 3007/3007 3006/3006
f 2942/2942 2876/2876 2877/2877
f 2876/2876 2942/2942 2941/2941
f 2942/2942 3008/3008 3007/3007
f 2942/2942 2943/2943 3008/3008
f 2942/2942 2877/2877 2878/2878
f 2943/2943 2942/2942 2878/2878
f 2673/2673 2674/2674 2739/2739
f 2738/2738 2673/2673 2739/2739
f 2673/2673 2609/2609 2674/2674
f 2609/2609 2673/2673 2608/2608
f 2673/2673 2738/2738 2737/2737
f 2672/2672 2673/2673 2737/2737
f 2673/2673 2607/2607 2608/2608
f 2673/2673 2672/2672 2607/2607
f 1928/1928 1875/1875 1876/1876
f 1875/1875 1928/1928 1927/1927
f 1875/1875 1926/1926 1874/1874
f 1875/1875 1927/1927 1926/1926
f 1876/1876 1875/1875 1822/1822
f 1875/1875 1821/1821 1822/1822
f 1820/1820 1875/1875 1874/1874
f 1821/1821 1875/1875 1820/1820
f 2069/2069 2113/2113 2068/2068
f 2069/2069 2114/2114 2113/2113
f 2114/2114 2069/2069 2115/2115
f 2069/2069 2070/2070 2115/2115
f 2024/2024 1975/1975 1976/1976
f 1975/1975 2024/2024 2023/2023
f 1975/1975 1925/1925 1926/1926
f 1976/1976 1975/1975 1926/1926
f 1925/1925 1975/1975 1924/1924
f 1975/1975 1974/1974 1924/1924
f 2244/2244 2200/2200 2245/2245
f 2245/2245 2200/2200 2201/2201
f 2202/2202 2158/2158 2159/2159
f 2158/2158 2202/2202 2201/2201
f 2027/2027 2074/2074 2026/2026
f 2074/2074 2073/2073 2026/2026
f 2074/2074 2027/2027 2028/2028
f 2075/2075 2074/2074 2028/2028
f 2074/2074 2120/2120 2119/2119
f 2074/2074 2075/2075 2120/2120
f 2122/2122 2076/2076 2077/2077
f 2121/2121 2076/2076 2122/2122
f 2076/2076 2029/2029 2030/2030
f 2077/2077 2076/2076 2030/2030
f 2076/2076 2121/2121 2120/2120
f 2075/2075 2076/2076 2120/2120
f 2029/2029 2076/2076 2028/2028
f 2076/2076 2075/2075 2028/2028
f 2118/2118 2074/2074 2119/2119
f 2074/2074 2118/2118 2073/2073
f 2072/2072 2118/2118 2117/2117
f 2073/2073 2118/2118 2072/2072
f 2163/2163 2118/2118 2119/2119
f 2162/2162 2118/2118 2163/2163
f 2118/2118 2161/2161 2117/2117
f 2118/2118 2162/2162 2161/2161
f 507/507 443/443 508/508
f 442/442 443/443 507/507
f 510/510 511/511 575/575
f 511/511 576/576 575/575
f 446/446 511/511 445/445
f 511/511 510/510 445/445
f 3925/3925 3926/3926 3990/3990
f 3926/3926 3991/3991 3990/3990
f 3861/3861 3926/3926 3860/3860
f 3926/3926 3925/3925 3860/3860
f 3992/3992 3926/3926 3927/3927
f 3926/3926 3992/3992 3991/3991
f 3926/3926 3861/3861 3862/3862
f 3927/3927 3926/3926 3862/3862
f 4123/4123 4057/4057 4058/4058
f 4057/4057 4123/4123 4122/4122
f 4058/4058 4057/4057 3993/3993
f 4057/4057 3992/3992 3993/3993
f 3396/3396 3395/3395 3331/3331
f 3331/3331 3395/3395 3330/3330
f 3329/3329 3395/3395 3394/3394
f 3395/3395 3329/3329 3330/3330
f 3461/3461 3395/3395 3396/3396
f 3460/3460 3395/3395 3461/3461
f 3394/3394 3395/3395 3459/3459
f 3395/3395 3460/3460 3459/3459
f 2249/2249 2301/2301 2248/2248
f 2302/2302 2301/2301 2249/2249
f 2301/2301 2247/2247 2248/2248
f 2247/2247 2301/2301 2300/2300
f 2301/2301 2302/2302 2367/2367
f 2366/2366 2301/2301 2367/2367
f 2301/2301 2365/2365 2300/2300
f 2301/2301 2366/2366 2365/2365
f 2304/2304 2368/2368 2303/2303
f 2368/2368 2304/2304 2369/2369
f 2304/2304 2370/2370 2369/2369
f 2370/2370 2304/2304 2305/2305
f 2250/2250 2304/2304 2303/2303
f 2251/2251 2304/2304 2250/2250
f 2305/2305 2304/2304 2252/2252
f 2304/2304 2251/2251 2252/2252
f 3084/3084 3018/3018 3019/3019
f 3083/3083 3018/3018 3084/3084
f 3018/3018 2954/2954 3019/3019
f 3018/3018 2953/2953 2954/2954
f 3018/3018 3083/3083 3082/3082
f 3017/3017 3018/3018 3082/3082
f 2886/2886 2885/2885 2820/2820
f 2821/2821 2886/2886 2820/2820
f 4042/4042 4106/4106 4041/4041
f 4106/4106 4042/4042 4107/4107
f 3981/3981 3915/3915 3916/3916
f 3980/3980 3915/3915 3981/3981
f 4044/4044 4045/4045 4109/4109
f 4109/4109 4045/4045 4110/4110
f 4111/4111 4045/4045 4046/4046
f 4110/4110 4045/4045 4111/4111
f 4045/4045 4044/4044 3979/3979
f 3980/3980 4045/4045 3979/3979
f 4045/4045 3981/3981 4046/4046
f 4045/4045 3980/3980 3981/3981
f 3208/3208 3143/3143 3144/3144
f 3209/3209 3208/3208 3144/3144
f 3142/3142 3208/3208 3207/3207
f 3143/3143 3208/3208 3142/3142
f 3208/3208 3209/3209 3274/3274
f 3273/3273 3208/3208 3274/3274
f 3208/3208 3272/3272 3207/3207
f 3208/3208 3273/3273 3272/3272
f 6832/6832 6899/6899 6898/6898
f 6831/6831 6832/6832 6898/6898
f 6899/6899 6832/6832 6900/6900
f 6832/6832 6833/6833 6900/6900
f 2025/2025 2073/2073 2072/2072
f 2073/2073 2025/2025 2026/2026
f 2025/2025 1978/1978 2026/2026
f 1978/1978 2025/2025 1977/1977
f 2025/2025 1976/1976 1977/1977
f 2025/2025 2024/2024 1976/1976
f 2025/2025 2071/2071 2024/2024
f 2071/2071 2025/2025 2072/2072
f 2116/2116 2071/2071 2117/2117
f 2071/2071 2072/2072 2117/2117
f 2115/2115 2071/2071 2116/2116
f 2070/2070 2071/2071 2115/2115
f 2024/2024 2071/2071 2023/2023
f 2071/2071 2070/2070 2023/2023
f 1975/1975 2022/2022 1974/1974
f 2022/2022 1975/1975 2023/2023
f 2022/2022 2021/2021 1973/1973
f 1974/1974 2022/2022 1973/1973
f 2070/2070 2022/2022 2023/2023
f 2069/2069 2022/2022 2070/2070
f 2021/2021 2022/2022 2068/2068
f 2022/2022 2069/2069 2068/2068
f 2242/2242 2199/2199 2243/2243
f 2199/2199 2242/2242 2198/2198
f 2199/2199 2244/2244 2243/2243
f 2199/2199 2200/2200 2244/2244
f 2203/2203 2204/2204 2248/2248
f 2247/2247 2203/2203 2248/2248
f 2161/2161 2203/2203 2160/2160
f 2203/2203 2161/2161 2204/2204
f 2160/2160 2203/2203 2159/2159
f 2203/2203 2202/2202 2159/2159
f 2203/2203 2246/2246 2202/2202
f 2246/2246 2203/2203 2247/2247
f 2246/2246 2299/2299 2298/2298
f 2245/2245 2246/2246 2298/2298
f 2246/2246 2300/2300 2299/2299
f 2246/2246 2247/2247 2300/2300
f 2246/2246 2245/2245 2201/2201
f 2202/2202 2246/2246 2201/2201
f 444/444 379/379 380/380
f 444/444 380/380 445/445
f 444/444 510/510 509/509
f 510/510 444/444 445/445
f 444/444 509/509 508/508
f 443/443 444/444 508/508
f 378/378 444/444 443/443
f 444/444 378/378 379/379
f 378/378 377/377 312/312
f 313/313 378/378 312/312
f 314/314 378/378 313/313
f 379/379 378/378 314/314
f 378/378 442/442 377/377
f 378/378 443/443 442/442
f 578/578 512/512 513/513
f 577/577 512/512 578/578
f 576/576 512/512 577/577
f 511/511 512/512 576/576
f 4056/4056 4055/4055 3990/3990
f 3991/3991 4056/4056 3990/3990
f 4055/4055 4056/4056 4120/4120
f 4120/4120 4056/4056 4121/4121
f 3992/3992 4056/4056 3991/3991
f 4057/4057 4056/4056 3992/3992
f 4056/4056 4057/4057 4122/4122
f 4121/4121 4056/4056 4122/4122
f 2950/2950 2951/2951 3015/3015
f 3015/3015 2951/2951 3016/3016
f 2951/2951 2950/2950 2885/2885
f 2886/2886 2951/2951 2885/2885
f 2887/2887 2822/2822 2823/2823
f 2888/2888 2887/2887 2823/2823
f 2887/2887 2821/2821 2822/2822
f 2887/2887 2886/2886 2821/2821
f 3849/3849 3783/3783 3784/3784
f 3783/3783 3849/3849 3848/3848
f 3334/3334 3400/3400 3399/3399
f 3335/3335 3400/3400 3334/3334
f 3399/3399 3400/3400 3464/3464
f 3400/3400 3465/3465 3464/3464
f 3336/3336 3400/3400 3335/3335
f 3401/3401 3400/3400 3336/3336
f 3400/3400 3466/3466 3465/3465
f 3400/3400 3401/3401 3466/3466
f 3402/3402 3468/3468 3467/3467
f 3402/3402 3403/3403 3468/3468
f 3338/3338 3402/3402 3337/3337
f 3403/3403 3402/3402 3338/3338
f 3466/3466 3402/3402 3467/3467
f 3401/3401 3402/3402 3466/3466
f 3402/3402 3336/3336 3337/3337
f 3402/3402 3401/3401 3336/3336
f 6699/6699 6765/6765 6698/6698
f 6766/6766 6765/6765 6699/6699
f 6765/6765 6764/6764 6697/6697
f 6698/6698 6765/6765 6697/6697
f 6765/6765 6766/6766 6833/6833
f 6832/6832 6765/6765 6833/6833
f 6765/6765 6831/6831 6764/6764
f 6765/6765 6832/6832 6831/6831
f 2156/2156 2111/2111 2112/2112
f 2111/2111 2156/2156 2155/2155
f 2156/2156 2198/2198 2155/2155
f 2156/2156 2199/2199 2198/2198
f 447/447 381/381 382/382
f 447/447 446/446 381/381
f 447/447 382/382 383/383
f 448/448 447/447 383/383
f 447/447 511/511 446/446
f 447/447 512/512 511/511
f 447/447 448/448 513/513
f 512/512 447/447 513/513
f 2952/2952 3017/3017 3016/3016
f 2951/2951 2952/2952 3016/3016
f 2952/2952 3018/3018 3017/3017
f 3018/3018 2952/2952 2953/2953
f 2952/2952 2951/2951 2886/2886
f 2887/2887 2952/2952 2886/2886
f 2952/2952 2888/2888 2953/2953
f 2952/2952 2887/2887 2888/2888
f 4042/4042 4043/4043 4107/4107
f 4043/4043 4108/4108 4107/4107
f 4043/4043 4044/4044 4109/4109
f 4043/4043 4109/4109 4108/4108
f 4044/4044 4043/4043 3979/3979
f 4043/4043 3978/3978 3979/3979
f 4043/4043 3977/3977 3978/3978
f 3977/3977 4043/4043 4042/4042
f 3911/3911 3977/3977 3976/3976
f 3912/3912 3977/3977 3911/3911
f 3976/3976 3977/3977 4041/4041
f 3977/3977 4042/4042 4041/4041
f 3913/3913 3977/3977 3912/3912
f 3978/3978 3977/3977 3913/3913
f 3916/3916 3850/3850 3851/3851
f 3915/3915 3850/3850 3916/3916
f 3786/3786 3850/3850 3785/3785
f 3850/3850 3786/3786 3851/3851
f 3850/3850 3784/3784 3785/3785
f 3850/3850 3849/3849 3784/3784
f 3850/3850 3914/3914 3849/3849
f 3914/3914 3850/3850 3915/3915
f 3914/3914 3978/3978 3913/3913
f 3978/3978 3914/3914 3979/3979
f 3914/3914 3915/3915 3980/3980
f 3914/3914 3980/3980 3979/3979
f 3914/3914 3913/3913 3848/3848
f 3849/3849 3914/3914 3848/3848
f 2200/2200 2157/2157 2201/2201
f 2157/2157 2158/2158 2201/2201
f 2114/2114 2157/2157 2113/2113
f 2157/2157 2114/2114 2158/2158
f 2199/2199 2157/2157 2200/2200
f 2156/2156 2157/2157 2199/2199
f 2113/2113 2157/2157 2112/2112
f 2157/2157 2156/2156 2112/2112
