# CINCIN Ada 189 - genis zemin: PLANKOTE TIN (ic, gercek kot) + egim-duzlem eteklik (dis, ~140m) + Esri uydu dokusu
mtllib CINCIN_arazi_uydu_D5_GENIS.mtl
v 115.3700 114.9000 -65.1400
v 119.1800 115.0000 -67.5700
v 124.0000 113.7000 -67.8400
v 142.5200 110.2000 -69.9000
v 152.7300 110.4000 -71.5900
v 167.3500 108.6000 -72.0000
v 181.2600 108.4000 -73.2800
v 191.9400 110.3000 -71.7800
v 207.8900 109.4000 -71.8100
v 221.5800 108.0000 -72.9500
v 236.2200 105.4000 -74.1700
v 245.5000 103.8000 -75.0500
v 260.7800 102.7000 -75.5300
v 262.9200 100.7000 -68.3000
v 267.8700 97.4000 -62.2300
v 261.2300 97.6000 -58.4500
v 245.7300 99.4000 -51.2600
v 235.7300 102.8000 -43.0100
v 227.2600 102.2000 -37.7900
v 211.8800 101.2000 -26.7400
v 205.0700 100.9000 -21.5200
v 195.0900 102.0000 -28.2900
v 182.5900 105.5000 -35.2200
v 174.1800 106.5000 -28.5700
v 165.0700 107.8000 -19.3300
v 157.8400 108.7000 -11.0400
v 154.6800 108.8000 -5.2200
v 151.2500 110.2000 -21.9800
v 147.3300 110.6000 -29.6900
v 135.2500 110.8000 -44.4300
v 123.2400 112.0000 -56.5100
v 125.9500 111.6000 -53.7900
v 138.4900 110.0000 -40.4800
v 240.1000 102.9000 -46.6200
v 148.7900 108.9000 -62.8100
v 173.7900 107.6000 -64.8100
v 198.7900 107.1000 -65.8100
v 223.7900 105.1000 -67.8100
v 243.7900 104.0000 -68.8100
v 133.7900 110.0000 -60.8100
v 218.7900 106.5000 -69.8100
v 153.7900 108.5000 -48.8100
v 176.7900 106.1000 -50.8100
v 196.7900 105.6000 -51.8100
v 218.7900 103.4000 -52.8100
v 230.7900 103.0000 -53.8100
v 163.7900 107.1000 -46.8100
v 186.7900 105.8000 -50.8100
v 163.7900 108.4000 -33.8100
v 180.7900 106.5000 -31.8100
v 196.7900 104.9000 -29.8100
v 213.7900 103.5000 -30.8100
v 188.7900 105.9000 -36.8100
v 170.7900 107.4000 -28.8100
v 204.7900 103.6000 -28.8100
v 188.7900 112.8000 -79.8100
v 218.7900 113.9000 -80.8100
v 158.7900 111.4000 -78.8100
v 238.7900 112.8000 -78.8100
v 268.7900 106.0000 -74.8100
v 110.7900 115.6000 -59.8100
v 106.7900 114.7000 -44.8100
v 113.7900 113.4000 -29.8100
v 118.7900 112.3000 -14.8100
v 126.7900 111.6000 -4.8100
v 103.7900 117.9000 -69.8100
v 96.7900 118.0000 -56.8100
v 100.7900 116.7000 -39.8100
v 168.7900 107.7000 0.1900
v 188.7900 107.6000 3.1900
v 148.7900 109.6000 3.1900
v 208.7900 104.7000 -2.8100
v 218.7900 102.2000 -9.8100
v 226.7900 103.6000 -19.8100
v 218.7900 103.6000 -29.8100
v 258.7900 98.7000 -52.8100
v 253.7900 98.3000 -44.8100
v 263.7900 97.8000 -56.8100
v 248.7900 99.5000 -39.8100
v 238.7900 98.9000 -32.8100
v -43.2100 118.0723 143.1900
v -36.2100 117.4173 143.1900
v -29.2100 116.7623 143.1900
v -22.2100 116.1072 143.1900
v -15.2100 115.4522 143.1900
v -8.2100 114.7971 143.1900
v -1.2100 114.1421 143.1900
v 5.7900 113.4870 143.1900
v 12.7900 112.8320 143.1900
v 19.7900 112.1769 143.1900
v 26.7900 111.5219 143.1900
v 33.7900 110.8669 143.1900
v 40.7900 110.2118 143.1900
v 47.7900 109.5568 143.1900
v 54.7900 108.9017 143.1900
v 61.7900 108.2467 143.1900
v 68.7900 107.5916 143.1900
v 75.7900 106.9366 143.1900
v 82.7900 106.2815 143.1900
v 89.7900 105.6265 143.1900
v 96.7900 104.9715 143.1900
v 103.7900 104.3164 143.1900
v 110.7900 103.6614 143.1900
v 117.7900 103.0063 143.1900
v 124.7900 102.3513 143.1900
v 131.7900 101.6962 143.1900
v 138.7900 101.0412 143.1900
v 145.7900 100.3861 143.1900
v 152.7900 99.7311 143.1900
v 159.7900 99.0761 143.1900
v 166.7900 98.4210 143.1900
v 173.7900 97.7660 143.1900
v 180.7900 97.1109 143.1900
v 187.7900 96.4559 143.1900
v 194.7900 95.8008 143.1900
v 201.7900 95.1458 143.1900
v 208.7900 94.4907 143.1900
v 215.7900 93.8357 143.1900
v 222.7900 93.1807 143.1900
v 229.7900 92.5256 143.1900
v 236.7900 91.8706 143.1900
v 243.7900 91.2155 143.1900
v 250.7900 90.5605 143.1900
v 257.7900 89.9054 143.1900
v 264.7900 89.2504 143.1900
v 271.7900 88.5953 143.1900
v 278.7900 87.9403 143.1900
v 285.7900 87.2853 143.1900
v 292.7900 86.6302 143.1900
v 299.7900 85.9752 143.1900
v 306.7900 85.3201 143.1900
v 313.7900 84.6651 143.1900
v 320.7900 84.0100 143.1900
v 327.7900 83.3550 143.1900
v 334.7900 82.6999 143.1900
v 341.7900 82.0449 143.1900
v 348.7900 81.3899 143.1900
v 355.7900 80.7348 143.1900
v 362.7900 80.0798 143.1900
v 369.7900 79.4247 143.1900
v 376.7900 78.7697 143.1900
v 383.7900 78.1146 143.1900
v 390.7900 77.4596 143.1900
v 397.7900 76.8045 143.1900
v 404.7900 76.1495 143.1900
v 411.7900 75.4945 143.1900
v -43.2100 118.5284 136.1900
v -36.2100 117.8733 136.1900
v -29.2100 117.2183 136.1900
v -22.2100 116.5632 136.1900
v -15.2100 115.9082 136.1900
v -8.2100 115.2531 136.1900
v -1.2100 114.5981 136.1900
v 5.7900 113.9430 136.1900
v 12.7900 113.2880 136.1900
v 19.7900 112.6330 136.1900
v 26.7900 111.9779 136.1900
v 33.7900 111.3229 136.1900
v 40.7900 110.6678 136.1900
v 47.7900 110.0128 136.1900
v 54.7900 109.3577 136.1900
v 61.7900 108.7027 136.1900
v 68.7900 108.0476 136.1900
v 75.7900 107.3926 136.1900
v 82.7900 106.7376 136.1900
v 89.7900 106.0825 136.1900
v 96.7900 105.4275 136.1900
v 103.7900 104.7724 136.1900
v 110.7900 104.1174 136.1900
v 117.7900 103.4623 136.1900
v 124.7900 102.8073 136.1900
v 131.7900 102.1522 136.1900
v 138.7900 101.4972 136.1900
v 145.7900 100.8422 136.1900
v 152.7900 100.1871 136.1900
v 159.7900 99.5321 136.1900
v 166.7900 98.8770 136.1900
v 173.7900 98.2220 136.1900
v 180.7900 97.5669 136.1900
v 187.7900 96.9119 136.1900
v 194.7900 96.2568 136.1900
v 201.7900 95.6018 136.1900
v 208.7900 94.9468 136.1900
v 215.7900 94.2917 136.1900
v 222.7900 93.6367 136.1900
v 229.7900 92.9816 136.1900
v 236.7900 92.3266 136.1900
v 243.7900 91.6715 136.1900
v 250.7900 91.0165 136.1900
v 257.7900 90.3614 136.1900
v 264.7900 89.7064 136.1900
v 271.7900 89.0514 136.1900
v 278.7900 88.3963 136.1900
v 285.7900 87.7413 136.1900
v 292.7900 87.0862 136.1900
v 299.7900 86.4312 136.1900
v 306.7900 85.7761 136.1900
v 313.7900 85.1211 136.1900
v 320.7900 84.4660 136.1900
v 327.7900 83.8110 136.1900
v 334.7900 83.1560 136.1900
v 341.7900 82.5009 136.1900
v 348.7900 81.8459 136.1900
v 355.7900 81.1908 136.1900
v 362.7900 80.5358 136.1900
v 369.7900 79.8807 136.1900
v 376.7900 79.2257 136.1900
v 383.7900 78.5706 136.1900
v 390.7900 77.9156 136.1900
v 397.7900 77.2606 136.1900
v 404.7900 76.6055 136.1900
v 411.7900 75.9505 136.1900
v -43.2100 118.9844 129.1900
v -36.2100 118.3293 129.1900
v -29.2100 117.6743 129.1900
v -22.2100 117.0192 129.1900
v -15.2100 116.3642 129.1900
v -8.2100 115.7091 129.1900
v -1.2100 115.0541 129.1900
v 5.7900 114.3991 129.1900
v 12.7900 113.7440 129.1900
v 19.7900 113.0890 129.1900
v 26.7900 112.4339 129.1900
v 33.7900 111.7789 129.1900
v 40.7900 111.1238 129.1900
v 47.7900 110.4688 129.1900
v 54.7900 109.8137 129.1900
v 61.7900 109.1587 129.1900
v 68.7900 108.5037 129.1900
v 75.7900 107.8486 129.1900
v 82.7900 107.1936 129.1900
v 89.7900 106.5385 129.1900
v 96.7900 105.8835 129.1900
v 103.7900 105.2284 129.1900
v 110.7900 104.5734 129.1900
v 117.7900 103.9183 129.1900
v 124.7900 103.2633 129.1900
v 131.7900 102.6083 129.1900
v 138.7900 101.9532 129.1900
v 145.7900 101.2982 129.1900
v 152.7900 100.6431 129.1900
v 159.7900 99.9881 129.1900
v 166.7900 99.3330 129.1900
v 173.7900 98.6780 129.1900
v 180.7900 98.0229 129.1900
v 187.7900 97.3679 129.1900
v 194.7900 96.7129 129.1900
v 201.7900 96.0578 129.1900
v 208.7900 95.4028 129.1900
v 215.7900 94.7477 129.1900
v 222.7900 94.0927 129.1900
v 229.7900 93.4376 129.1900
v 236.7900 92.7826 129.1900
v 243.7900 92.1275 129.1900
v 250.7900 91.4725 129.1900
v 257.7900 90.8175 129.1900
v 264.7900 90.1624 129.1900
v 271.7900 89.5074 129.1900
v 278.7900 88.8523 129.1900
v 285.7900 88.1973 129.1900
v 292.7900 87.5422 129.1900
v 299.7900 86.8872 129.1900
v 306.7900 86.2321 129.1900
v 313.7900 85.5771 129.1900
v 320.7900 84.9221 129.1900
v 327.7900 84.2670 129.1900
v 334.7900 83.6120 129.1900
v 341.7900 82.9569 129.1900
v 348.7900 82.3019 129.1900
v 355.7900 81.6468 129.1900
v 362.7900 80.9918 129.1900
v 369.7900 80.3367 129.1900
v 376.7900 79.6817 129.1900
v 383.7900 79.0267 129.1900
v 390.7900 78.3716 129.1900
v 397.7900 77.7166 129.1900
v 404.7900 77.0615 129.1900
v 411.7900 76.4065 129.1900
v -43.2100 119.4404 122.1900
v -36.2100 118.7853 122.1900
v -29.2100 118.1303 122.1900
v -22.2100 117.4752 122.1900
v -15.2100 116.8202 122.1900
v -8.2100 116.1652 122.1900
v -1.2100 115.5101 122.1900
v 5.7900 114.8551 122.1900
v 12.7900 114.2000 122.1900
v 19.7900 113.5450 122.1900
v 26.7900 112.8899 122.1900
v 33.7900 112.2349 122.1900
v 40.7900 111.5798 122.1900
v 47.7900 110.9248 122.1900
v 54.7900 110.2698 122.1900
v 61.7900 109.6147 122.1900
v 68.7900 108.9597 122.1900
v 75.7900 108.3046 122.1900
v 82.7900 107.6496 122.1900
v 89.7900 106.9945 122.1900
v 96.7900 106.3395 122.1900
v 103.7900 105.6844 122.1900
v 110.7900 105.0294 122.1900
v 117.7900 104.3744 122.1900
v 124.7900 103.7193 122.1900
v 131.7900 103.0643 122.1900
v 138.7900 102.4092 122.1900
v 145.7900 101.7542 122.1900
v 152.7900 101.0991 122.1900
v 159.7900 100.4441 122.1900
v 166.7900 99.7890 122.1900
v 173.7900 99.1340 122.1900
v 180.7900 98.4790 122.1900
v 187.7900 97.8239 122.1900
v 194.7900 97.1689 122.1900
v 201.7900 96.5138 122.1900
v 208.7900 95.8588 122.1900
v 215.7900 95.2037 122.1900
v 222.7900 94.5487 122.1900
v 229.7900 93.8936 122.1900
v 236.7900 93.2386 122.1900
v 243.7900 92.5836 122.1900
v 250.7900 91.9285 122.1900
v 257.7900 91.2735 122.1900
v 264.7900 90.6184 122.1900
v 271.7900 89.9634 122.1900
v 278.7900 89.3083 122.1900
v 285.7900 88.6533 122.1900
v 292.7900 87.9982 122.1900
v 299.7900 87.3432 122.1900
v 306.7900 86.6882 122.1900
v 313.7900 86.0331 122.1900
v 320.7900 85.3781 122.1900
v 327.7900 84.7230 122.1900
v 334.7900 84.0680 122.1900
v 341.7900 83.4129 122.1900
v 348.7900 82.7579 122.1900
v 355.7900 82.1028 122.1900
v 362.7900 81.4478 122.1900
v 369.7900 80.7928 122.1900
v 376.7900 80.1377 122.1900
v 383.7900 79.4827 122.1900
v 390.7900 78.8276 122.1900
v 397.7900 78.1726 122.1900
v 404.7900 77.5175 122.1900
v 411.7900 76.8625 122.1900
v -43.2100 119.8964 115.1900
v -36.2100 119.2413 115.1900
v -29.2100 118.5863 115.1900
v -22.2100 117.9313 115.1900
v -15.2100 117.2762 115.1900
v -8.2100 116.6212 115.1900
v -1.2100 115.9661 115.1900
v 5.7900 115.3111 115.1900
v 12.7900 114.6560 115.1900
v 19.7900 114.0010 115.1900
v 26.7900 113.3459 115.1900
v 33.7900 112.6909 115.1900
v 40.7900 112.0359 115.1900
v 47.7900 111.3808 115.1900
v 54.7900 110.7258 115.1900
v 61.7900 110.0707 115.1900
v 68.7900 109.4157 115.1900
v 75.7900 108.7606 115.1900
v 82.7900 108.1056 115.1900
v 89.7900 107.4505 115.1900
v 96.7900 106.7955 115.1900
v 103.7900 106.1405 115.1900
v 110.7900 105.4854 115.1900
v 117.7900 104.8304 115.1900
v 124.7900 104.1753 115.1900
v 131.7900 103.5203 115.1900
v 138.7900 102.8652 115.1900
v 145.7900 102.2102 115.1900
v 152.7900 101.5551 115.1900
v 159.7900 100.9001 115.1900
v 166.7900 100.2451 115.1900
v 173.7900 99.5900 115.1900
v 180.7900 98.9350 115.1900
v 187.7900 98.2799 115.1900
v 194.7900 97.6249 115.1900
v 201.7900 96.9698 115.1900
v 208.7900 96.3148 115.1900
v 215.7900 95.6597 115.1900
v 222.7900 95.0047 115.1900
v 229.7900 94.3497 115.1900
v 236.7900 93.6946 115.1900
v 243.7900 93.0396 115.1900
v 250.7900 92.3845 115.1900
v 257.7900 91.7295 115.1900
v 264.7900 91.0744 115.1900
v 271.7900 90.4194 115.1900
v 278.7900 89.7643 115.1900
v 285.7900 89.1093 115.1900
v 292.7900 88.4543 115.1900
v 299.7900 87.7992 115.1900
v 306.7900 87.1442 115.1900
v 313.7900 86.4891 115.1900
v 320.7900 85.8341 115.1900
v 327.7900 85.1790 115.1900
v 334.7900 84.5240 115.1900
v 341.7900 83.8689 115.1900
v 348.7900 83.2139 115.1900
v 355.7900 82.5589 115.1900
v 362.7900 81.9038 115.1900
v 369.7900 81.2488 115.1900
v 376.7900 80.5937 115.1900
v 383.7900 79.9387 115.1900
v 390.7900 79.2836 115.1900
v 397.7900 78.6286 115.1900
v 404.7900 77.9735 115.1900
v 411.7900 77.3185 115.1900
v -43.2100 120.3524 108.1900
v -36.2100 119.6973 108.1900
v -29.2100 119.0423 108.1900
v -22.2100 118.3873 108.1900
v -15.2100 117.7322 108.1900
v -8.2100 117.0772 108.1900
v -1.2100 116.4221 108.1900
v 5.7900 115.7671 108.1900
v 12.7900 115.1120 108.1900
v 19.7900 114.4570 108.1900
v 26.7900 113.8020 108.1900
v 33.7900 113.1469 108.1900
v 40.7900 112.4919 108.1900
v 47.7900 111.8368 108.1900
v 54.7900 111.1818 108.1900
v 61.7900 110.5267 108.1900
v 68.7900 109.8717 108.1900
v 75.7900 109.2166 108.1900
v 82.7900 108.5616 108.1900
v 89.7900 107.9066 108.1900
v 96.7900 107.2515 108.1900
v 103.7900 106.5965 108.1900
v 110.7900 105.9414 108.1900
v 117.7900 105.2864 108.1900
v 124.7900 104.6313 108.1900
v 131.7900 103.9763 108.1900
v 138.7900 103.3212 108.1900
v 145.7900 102.6662 108.1900
v 152.7900 102.0112 108.1900
v 159.7900 101.3561 108.1900
v 166.7900 100.7011 108.1900
v 173.7900 100.0460 108.1900
v 180.7900 99.3910 108.1900
v 187.7900 98.7359 108.1900
v 194.7900 98.0809 108.1900
v 201.7900 97.4258 108.1900
v 208.7900 96.7708 108.1900
v 215.7900 96.1158 108.1900
v 222.7900 95.4607 108.1900
v 229.7900 94.8057 108.1900
v 236.7900 94.1506 108.1900
v 243.7900 93.4956 108.1900
v 250.7900 92.8405 108.1900
v 257.7900 92.1855 108.1900
v 264.7900 91.5304 108.1900
v 271.7900 90.8754 108.1900
v 278.7900 90.2204 108.1900
v 285.7900 89.5653 108.1900
v 292.7900 88.9103 108.1900
v 299.7900 88.2552 108.1900
v 306.7900 87.6002 108.1900
v 313.7900 86.9451 108.1900
v 320.7900 86.2901 108.1900
v 327.7900 85.6350 108.1900
v 334.7900 84.9800 108.1900
v 341.7900 84.3250 108.1900
v 348.7900 83.6699 108.1900
v 355.7900 83.0149 108.1900
v 362.7900 82.3598 108.1900
v 369.7900 81.7048 108.1900
v 376.7900 81.0497 108.1900
v 383.7900 80.3947 108.1900
v 390.7900 79.7396 108.1900
v 397.7900 79.0846 108.1900
v 404.7900 78.4296 108.1900
v 411.7900 77.7745 108.1900
v -43.2100 120.8084 101.1900
v -36.2100 120.1534 101.1900
v -29.2100 119.4983 101.1900
v -22.2100 118.8433 101.1900
v -15.2100 118.1882 101.1900
v -8.2100 117.5332 101.1900
v -1.2100 116.8781 101.1900
v 5.7900 116.2231 101.1900
v 12.7900 115.5681 101.1900
v 19.7900 114.9130 101.1900
v 26.7900 114.2580 101.1900
v 33.7900 113.6029 101.1900
v 40.7900 112.9479 101.1900
v 47.7900 112.2928 101.1900
v 54.7900 111.6378 101.1900
v 61.7900 110.9827 101.1900
v 68.7900 110.3277 101.1900
v 75.7900 109.6727 101.1900
v 82.7900 109.0176 101.1900
v 89.7900 108.3626 101.1900
v 96.7900 107.7075 101.1900
v 103.7900 107.0525 101.1900
v 110.7900 106.3974 101.1900
v 117.7900 105.7424 101.1900
v 124.7900 105.0873 101.1900
v 131.7900 104.4323 101.1900
v 138.7900 103.7773 101.1900
v 145.7900 103.1222 101.1900
v 152.7900 102.4672 101.1900
v 159.7900 101.8121 101.1900
v 166.7900 101.1571 101.1900
v 173.7900 100.5020 101.1900
v 180.7900 99.8470 101.1900
v 187.7900 99.1919 101.1900
v 194.7900 98.5369 101.1900
v 201.7900 97.8819 101.1900
v 208.7900 97.2268 101.1900
v 215.7900 96.5718 101.1900
v 222.7900 95.9167 101.1900
v 229.7900 95.2617 101.1900
v 236.7900 94.6066 101.1900
v 243.7900 93.9516 101.1900
v 250.7900 93.2965 101.1900
v 257.7900 92.6415 101.1900
v 264.7900 91.9865 101.1900
v 271.7900 91.3314 101.1900
v 278.7900 90.6764 101.1900
v 285.7900 90.0213 101.1900
v 292.7900 89.3663 101.1900
v 299.7900 88.7112 101.1900
v 306.7900 88.0562 101.1900
v 313.7900 87.4011 101.1900
v 320.7900 86.7461 101.1900
v 327.7900 86.0911 101.1900
v 334.7900 85.4360 101.1900
v 341.7900 84.7810 101.1900
v 348.7900 84.1259 101.1900
v 355.7900 83.4709 101.1900
v 362.7900 82.8158 101.1900
v 369.7900 82.1608 101.1900
v 376.7900 81.5057 101.1900
v 383.7900 80.8507 101.1900
v 390.7900 80.1957 101.1900
v 397.7900 79.5406 101.1900
v 404.7900 78.8856 101.1900
v 411.7900 78.2305 101.1900
v -43.2100 121.2644 94.1900
v -36.2100 120.6094 94.1900
v -29.2100 119.9543 94.1900
v -22.2100 119.2993 94.1900
v -15.2100 118.6442 94.1900
v -8.2100 117.9892 94.1900
v -1.2100 117.3341 94.1900
v 5.7900 116.6791 94.1900
v 12.7900 116.0241 94.1900
v 19.7900 115.3690 94.1900
v 26.7900 114.7140 94.1900
v 33.7900 114.0589 94.1900
v 40.7900 113.4039 94.1900
v 47.7900 112.7488 94.1900
v 54.7900 112.0938 94.1900
v 61.7900 111.4388 94.1900
v 68.7900 110.7837 94.1900
v 75.7900 110.1287 94.1900
v 82.7900 109.4736 94.1900
v 89.7900 108.8186 94.1900
v 96.7900 108.1635 94.1900
v 103.7900 107.5085 94.1900
v 110.7900 106.8534 94.1900
v 117.7900 106.1984 94.1900
v 124.7900 105.5434 94.1900
v 131.7900 104.8883 94.1900
v 138.7900 104.2333 94.1900
v 145.7900 103.5782 94.1900
v 152.7900 102.9232 94.1900
v 159.7900 102.2681 94.1900
v 166.7900 101.6131 94.1900
v 173.7900 100.9580 94.1900
v 180.7900 100.3030 94.1900
v 187.7900 99.6480 94.1900
v 194.7900 98.9929 94.1900
v 201.7900 98.3379 94.1900
v 208.7900 97.6828 94.1900
v 215.7900 97.0278 94.1900
v 222.7900 96.3727 94.1900
v 229.7900 95.7177 94.1900
v 236.7900 95.0626 94.1900
v 243.7900 94.4076 94.1900
v 250.7900 93.7526 94.1900
v 257.7900 93.0975 94.1900
v 264.7900 92.4425 94.1900
v 271.7900 91.7874 94.1900
v 278.7900 91.1324 94.1900
v 285.7900 90.4773 94.1900
v 292.7900 89.8223 94.1900
v 299.7900 89.1672 94.1900
v 306.7900 88.5122 94.1900
v 313.7900 87.8572 94.1900
v 320.7900 87.2021 94.1900
v 327.7900 86.5471 94.1900
v 334.7900 85.8920 94.1900
v 341.7900 85.2370 94.1900
v 348.7900 84.5819 94.1900
v 355.7900 83.9269 94.1900
v 362.7900 83.2718 94.1900
v 369.7900 82.6168 94.1900
v 376.7900 81.9618 94.1900
v 383.7900 81.3067 94.1900
v 390.7900 80.6517 94.1900
v 397.7900 79.9966 94.1900
v 404.7900 79.3416 94.1900
v 411.7900 78.6865 94.1900
v -43.2100 121.7204 87.1900
v -36.2100 121.0654 87.1900
v -29.2100 120.4103 87.1900
v -22.2100 119.7553 87.1900
v -15.2100 119.1002 87.1900
v -8.2100 118.4452 87.1900
v -1.2100 117.7902 87.1900
v 5.7900 117.1351 87.1900
v 12.7900 116.4801 87.1900
v 19.7900 115.8250 87.1900
v 26.7900 115.1700 87.1900
v 33.7900 114.5149 87.1900
v 40.7900 113.8599 87.1900
v 47.7900 113.2048 87.1900
v 54.7900 112.5498 87.1900
v 61.7900 111.8948 87.1900
v 68.7900 111.2397 87.1900
v 75.7900 110.5847 87.1900
v 82.7900 109.9296 87.1900
v 89.7900 109.2746 87.1900
v 96.7900 108.6195 87.1900
v 103.7900 107.9645 87.1900
v 110.7900 107.3095 87.1900
v 117.7900 106.6544 87.1900
v 124.7900 105.9994 87.1900
v 131.7900 105.3443 87.1900
v 138.7900 104.6893 87.1900
v 145.7900 104.0342 87.1900
v 152.7900 103.3792 87.1900
v 159.7900 102.7241 87.1900
v 166.7900 102.0691 87.1900
v 173.7900 101.4141 87.1900
v 180.7900 100.7590 87.1900
v 187.7900 100.1040 87.1900
v 194.7900 99.4489 87.1900
v 201.7900 98.7939 87.1900
v 208.7900 98.1388 87.1900
v 215.7900 97.4838 87.1900
v 222.7900 96.8287 87.1900
v 229.7900 96.1737 87.1900
v 236.7900 95.5187 87.1900
v 243.7900 94.8636 87.1900
v 250.7900 94.2086 87.1900
v 257.7900 93.5535 87.1900
v 264.7900 92.8985 87.1900
v 271.7900 92.2434 87.1900
v 278.7900 91.5884 87.1900
v 285.7900 90.9333 87.1900
v 292.7900 90.2783 87.1900
v 299.7900 89.6233 87.1900
v 306.7900 88.9682 87.1900
v 313.7900 88.3132 87.1900
v 320.7900 87.6581 87.1900
v 327.7900 87.0031 87.1900
v 334.7900 86.3480 87.1900
v 341.7900 85.6930 87.1900
v 348.7900 85.0379 87.1900
v 355.7900 84.3829 87.1900
v 362.7900 83.7279 87.1900
v 369.7900 83.0728 87.1900
v 376.7900 82.4178 87.1900
v 383.7900 81.7627 87.1900
v 390.7900 81.1077 87.1900
v 397.7900 80.4526 87.1900
v 404.7900 79.7976 87.1900
v 411.7900 79.1425 87.1900
v -43.2100 122.1764 80.1900
v -36.2100 121.5214 80.1900
v -29.2100 120.8663 80.1900
v -22.2100 120.2113 80.1900
v -15.2100 119.5563 80.1900
v -8.2100 118.9012 80.1900
v -1.2100 118.2462 80.1900
v 5.7900 117.5911 80.1900
v 12.7900 116.9361 80.1900
v 19.7900 116.2810 80.1900
v 26.7900 115.6260 80.1900
v 33.7900 114.9709 80.1900
v 40.7900 114.3159 80.1900
v 47.7900 113.6609 80.1900
v 54.7900 113.0058 80.1900
v 61.7900 112.3508 80.1900
v 68.7900 111.6957 80.1900
v 75.7900 111.0407 80.1900
v 82.7900 110.3856 80.1900
v 89.7900 109.7306 80.1900
v 96.7900 109.0756 80.1900
v 103.7900 108.4205 80.1900
v 110.7900 107.7655 80.1900
v 117.7900 107.1104 80.1900
v 124.7900 106.4554 80.1900
v 131.7900 105.8003 80.1900
v 138.7900 105.1453 80.1900
v 145.7900 104.4902 80.1900
v 152.7900 103.8352 80.1900
v 159.7900 103.1802 80.1900
v 166.7900 102.5251 80.1900
v 173.7900 101.8701 80.1900
v 180.7900 101.2150 80.1900
v 187.7900 100.5600 80.1900
v 194.7900 99.9049 80.1900
v 201.7900 99.2499 80.1900
v 208.7900 98.5948 80.1900
v 215.7900 97.9398 80.1900
v 222.7900 97.2848 80.1900
v 229.7900 96.6297 80.1900
v 236.7900 95.9747 80.1900
v 243.7900 95.3196 80.1900
v 250.7900 94.6646 80.1900
v 257.7900 94.0095 80.1900
v 264.7900 93.3545 80.1900
v 271.7900 92.6994 80.1900
v 278.7900 92.0444 80.1900
v 285.7900 91.3894 80.1900
v 292.7900 90.7343 80.1900
v 299.7900 90.0793 80.1900
v 306.7900 89.4242 80.1900
v 313.7900 88.7692 80.1900
v 320.7900 88.1141 80.1900
v 327.7900 87.4591 80.1900
v 334.7900 86.8040 80.1900
v 341.7900 86.1490 80.1900
v 348.7900 85.4940 80.1900
v 355.7900 84.8389 80.1900
v 362.7900 84.1839 80.1900
v 369.7900 83.5288 80.1900
v 376.7900 82.8738 80.1900
v 383.7900 82.2187 80.1900
v 390.7900 81.5637 80.1900
v 397.7900 80.9086 80.1900
v 404.7900 80.2536 80.1900
v 411.7900 79.5986 80.1900
v -43.2100 122.6324 73.1900
v -36.2100 121.9774 73.1900
v -29.2100 121.3224 73.1900
v -22.2100 120.6673 73.1900
v -15.2100 120.0123 73.1900
v -8.2100 119.3572 73.1900
v -1.2100 118.7022 73.1900
v 5.7900 118.0471 73.1900
v 12.7900 117.3921 73.1900
v 19.7900 116.7370 73.1900
v 26.7900 116.0820 73.1900
v 33.7900 115.4270 73.1900
v 40.7900 114.7719 73.1900
v 47.7900 114.1169 73.1900
v 54.7900 113.4618 73.1900
v 61.7900 112.8068 73.1900
v 68.7900 112.1517 73.1900
v 75.7900 111.4967 73.1900
v 82.7900 110.8416 73.1900
v 89.7900 110.1866 73.1900
v 96.7900 109.5316 73.1900
v 103.7900 108.8765 73.1900
v 110.7900 108.2215 73.1900
v 117.7900 107.5664 73.1900
v 124.7900 106.9114 73.1900
v 131.7900 106.2563 73.1900
v 138.7900 105.6013 73.1900
v 145.7900 104.9463 73.1900
v 152.7900 104.2912 73.1900
v 159.7900 103.6362 73.1900
v 166.7900 102.9811 73.1900
v 173.7900 102.3261 73.1900
v 180.7900 101.6710 73.1900
v 187.7900 101.0160 73.1900
v 194.7900 100.3609 73.1900
v 201.7900 99.7059 73.1900
v 208.7900 99.0509 73.1900
v 215.7900 98.3958 73.1900
v 222.7900 97.7408 73.1900
v 229.7900 97.0857 73.1900
v 236.7900 96.4307 73.1900
v 243.7900 95.7756 73.1900
v 250.7900 95.1206 73.1900
v 257.7900 94.4655 73.1900
v 264.7900 93.8105 73.1900
v 271.7900 93.1555 73.1900
v 278.7900 92.5004 73.1900
v 285.7900 91.8454 73.1900
v 292.7900 91.1903 73.1900
v 299.7900 90.5353 73.1900
v 306.7900 89.8802 73.1900
v 313.7900 89.2252 73.1900
v 320.7900 88.5701 73.1900
v 327.7900 87.9151 73.1900
v 334.7900 87.2601 73.1900
v 341.7900 86.6050 73.1900
v 348.7900 85.9500 73.1900
v 355.7900 85.2949 73.1900
v 362.7900 84.6399 73.1900
v 369.7900 83.9848 73.1900
v 376.7900 83.3298 73.1900
v 383.7900 82.6747 73.1900
v 390.7900 82.0197 73.1900
v 397.7900 81.3647 73.1900
v 404.7900 80.7096 73.1900
v 411.7900 80.0546 73.1900
v -43.2100 123.0885 66.1900
v -36.2100 122.4334 66.1900
v -29.2100 121.7784 66.1900
v -22.2100 121.1233 66.1900
v -15.2100 120.4683 66.1900
v -8.2100 119.8132 66.1900
v -1.2100 119.1582 66.1900
v 5.7900 118.5031 66.1900
v 12.7900 117.8481 66.1900
v 19.7900 117.1931 66.1900
v 26.7900 116.5380 66.1900
v 33.7900 115.8830 66.1900
v 40.7900 115.2279 66.1900
v 47.7900 114.5729 66.1900
v 54.7900 113.9178 66.1900
v 61.7900 113.2628 66.1900
v 68.7900 112.6077 66.1900
v 75.7900 111.9527 66.1900
v 82.7900 111.2977 66.1900
v 89.7900 110.6426 66.1900
v 96.7900 109.9876 66.1900
v 103.7900 109.3325 66.1900
v 110.7900 108.6775 66.1900
v 117.7900 108.0224 66.1900
v 124.7900 107.3674 66.1900
v 131.7900 106.7123 66.1900
v 138.7900 106.0573 66.1900
v 145.7900 105.4023 66.1900
v 152.7900 104.7472 66.1900
v 159.7900 104.0922 66.1900
v 166.7900 103.4371 66.1900
v 173.7900 102.7821 66.1900
v 180.7900 102.1270 66.1900
v 187.7900 101.4720 66.1900
v 194.7900 100.8170 66.1900
v 201.7900 100.1619 66.1900
v 208.7900 99.5069 66.1900
v 215.7900 98.8518 66.1900
v 222.7900 98.1968 66.1900
v 229.7900 97.5417 66.1900
v 236.7900 96.8867 66.1900
v 243.7900 96.2316 66.1900
v 250.7900 95.5766 66.1900
v 257.7900 94.9216 66.1900
v 264.7900 94.2665 66.1900
v 271.7900 93.6115 66.1900
v 278.7900 92.9564 66.1900
v 285.7900 92.3014 66.1900
v 292.7900 91.6463 66.1900
v 299.7900 90.9913 66.1900
v 306.7900 90.3362 66.1900
v 313.7900 89.6812 66.1900
v 320.7900 89.0262 66.1900
v 327.7900 88.3711 66.1900
v 334.7900 87.7161 66.1900
v 341.7900 87.0610 66.1900
v 348.7900 86.4060 66.1900
v 355.7900 85.7509 66.1900
v 362.7900 85.0959 66.1900
v 369.7900 84.4408 66.1900
v 376.7900 83.7858 66.1900
v 383.7900 83.1308 66.1900
v 390.7900 82.4757 66.1900
v 397.7900 81.8207 66.1900
v 404.7900 81.1656 66.1900
v 411.7900 80.5106 66.1900
v -43.2100 123.5445 59.1900
v -36.2100 122.8894 59.1900
v -29.2100 122.2344 59.1900
v -22.2100 121.5793 59.1900
v -15.2100 120.9243 59.1900
v -8.2100 120.2692 59.1900
v -1.2100 119.6142 59.1900
v 5.7900 118.9592 59.1900
v 12.7900 118.3041 59.1900
v 19.7900 117.6491 59.1900
v 26.7900 116.9940 59.1900
v 33.7900 116.3390 59.1900
v 40.7900 115.6839 59.1900
v 47.7900 115.0289 59.1900
v 54.7900 114.3738 59.1900
v 61.7900 113.7188 59.1900
v 68.7900 113.0638 59.1900
v 75.7900 112.4087 59.1900
v 82.7900 111.7537 59.1900
v 89.7900 111.0986 59.1900
v 96.7900 110.4436 59.1900
v 103.7900 109.7885 59.1900
v 110.7900 109.1335 59.1900
v 117.7900 108.4784 59.1900
v 124.7900 107.8234 59.1900
v 131.7900 107.1684 59.1900
v 138.7900 106.5133 59.1900
v 145.7900 105.8583 59.1900
v 152.7900 105.2032 59.1900
v 159.7900 104.5482 59.1900
v 166.7900 103.8931 59.1900
v 173.7900 103.2381 59.1900
v 180.7900 102.5831 59.1900
v 187.7900 101.9280 59.1900
v 194.7900 101.2730 59.1900
v 201.7900 100.6179 59.1900
v 208.7900 99.9629 59.1900
v 215.7900 99.3078 59.1900
v 222.7900 98.6528 59.1900
v 229.7900 97.9977 59.1900
v 236.7900 97.3427 59.1900
v 243.7900 96.6877 59.1900
v 250.7900 96.0326 59.1900
v 257.7900 95.3776 59.1900
v 264.7900 94.7225 59.1900
v 271.7900 94.0675 59.1900
v 278.7900 93.4124 59.1900
v 285.7900 92.7574 59.1900
v 292.7900 92.1023 59.1900
v 299.7900 91.4473 59.1900
v 306.7900 90.7923 59.1900
v 313.7900 90.1372 59.1900
v 320.7900 89.4822 59.1900
v 327.7900 88.8271 59.1900
v 334.7900 88.1721 59.1900
v 341.7900 87.5170 59.1900
v 348.7900 86.8620 59.1900
v 355.7900 86.2069 59.1900
v 362.7900 85.5519 59.1900
v 369.7900 84.8969 59.1900
v 376.7900 84.2418 59.1900
v 383.7900 83.5868 59.1900
v 390.7900 82.9317 59.1900
v 397.7900 82.2767 59.1900
v 404.7900 81.6216 59.1900
v 411.7900 80.9666 59.1900
v -43.2100 124.0005 52.1900
v -36.2100 123.3454 52.1900
v -29.2100 122.6904 52.1900
v -22.2100 122.0353 52.1900
v -15.2100 121.3803 52.1900
v -8.2100 120.7253 52.1900
v -1.2100 120.0702 52.1900
v 5.7900 119.4152 52.1900
v 12.7900 118.7601 52.1900
v 19.7900 118.1051 52.1900
v 26.7900 117.4500 52.1900
v 33.7900 116.7950 52.1900
v 40.7900 116.1399 52.1900
v 47.7900 115.4849 52.1900
v 54.7900 114.8299 52.1900
v 61.7900 114.1748 52.1900
v 68.7900 113.5198 52.1900
v 75.7900 112.8647 52.1900
v 82.7900 112.2097 52.1900
v 89.7900 111.5546 52.1900
v 96.7900 110.8996 52.1900
v 103.7900 110.2445 52.1900
v 110.7900 109.5895 52.1900
v 117.7900 108.9345 52.1900
v 124.7900 108.2794 52.1900
v 131.7900 107.6244 52.1900
v 138.7900 106.9693 52.1900
v 145.7900 106.3143 52.1900
v 152.7900 105.6592 52.1900
v 159.7900 105.0042 52.1900
v 166.7900 104.3491 52.1900
v 173.7900 103.6941 52.1900
v 180.7900 103.0391 52.1900
v 187.7900 102.3840 52.1900
v 194.7900 101.7290 52.1900
v 201.7900 101.0739 52.1900
v 208.7900 100.4189 52.1900
v 215.7900 99.7638 52.1900
v 222.7900 99.1088 52.1900
v 229.7900 98.4538 52.1900
v 236.7900 97.7987 52.1900
v 243.7900 97.1437 52.1900
v 250.7900 96.4886 52.1900
v 257.7900 95.8336 52.1900
v 264.7900 95.1785 52.1900
v 271.7900 94.5235 52.1900
v 278.7900 93.8684 52.1900
v 285.7900 93.2134 52.1900
v 292.7900 92.5584 52.1900
v 299.7900 91.9033 52.1900
v 306.7900 91.2483 52.1900
v 313.7900 90.5932 52.1900
v 320.7900 89.9382 52.1900
v 327.7900 89.2831 52.1900
v 334.7900 88.6281 52.1900
v 341.7900 87.9730 52.1900
v 348.7900 87.3180 52.1900
v 355.7900 86.6630 52.1900
v 362.7900 86.0079 52.1900
v 369.7900 85.3529 52.1900
v 376.7900 84.6978 52.1900
v 383.7900 84.0428 52.1900
v 390.7900 83.3877 52.1900
v 397.7900 82.7327 52.1900
v 404.7900 82.0776 52.1900
v 411.7900 81.4226 52.1900
v -43.2100 124.4565 45.1900
v -36.2100 123.8014 45.1900
v -29.2100 123.1464 45.1900
v -22.2100 122.4914 45.1900
v -15.2100 121.8363 45.1900
v -8.2100 121.1813 45.1900
v -1.2100 120.5262 45.1900
v 5.7900 119.8712 45.1900
v 12.7900 119.2161 45.1900
v 19.7900 118.5611 45.1900
v 26.7900 117.9060 45.1900
v 33.7900 117.2510 45.1900
v 40.7900 116.5960 45.1900
v 47.7900 115.9409 45.1900
v 54.7900 115.2859 45.1900
v 61.7900 114.6308 45.1900
v 68.7900 113.9758 45.1900
v 75.7900 113.3207 45.1900
v 82.7900 112.6657 45.1900
v 89.7900 112.0106 45.1900
v 96.7900 111.3556 45.1900
v 103.7900 110.7006 45.1900
v 110.7900 110.0455 45.1900
v 117.7900 109.3905 45.1900
v 124.7900 108.7354 45.1900
v 131.7900 108.0804 45.1900
v 138.7900 107.4253 45.1900
v 145.7900 106.7703 45.1900
v 152.7900 106.1152 45.1900
v 159.7900 105.4602 45.1900
v 166.7900 104.8052 45.1900
v 173.7900 104.1501 45.1900
v 180.7900 103.4951 45.1900
v 187.7900 102.8400 45.1900
v 194.7900 102.1850 45.1900
v 201.7900 101.5299 45.1900
v 208.7900 100.8749 45.1900
v 215.7900 100.2198 45.1900
v 222.7900 99.5648 45.1900
v 229.7900 98.9098 45.1900
v 236.7900 98.2547 45.1900
v 243.7900 97.5997 45.1900
v 250.7900 96.9446 45.1900
v 257.7900 96.2896 45.1900
v 264.7900 95.6345 45.1900
v 271.7900 94.9795 45.1900
v 278.7900 94.3245 45.1900
v 285.7900 93.6694 45.1900
v 292.7900 93.0144 45.1900
v 299.7900 92.3593 45.1900
v 306.7900 91.7043 45.1900
v 313.7900 91.0492 45.1900
v 320.7900 90.3942 45.1900
v 327.7900 89.7391 45.1900
v 334.7900 89.0841 45.1900
v 341.7900 88.4291 45.1900
v 348.7900 87.7740 45.1900
v 355.7900 87.1190 45.1900
v 362.7900 86.4639 45.1900
v 369.7900 85.8089 45.1900
v 376.7900 85.1538 45.1900
v 383.7900 84.4988 45.1900
v 390.7900 83.8437 45.1900
v 397.7900 83.1887 45.1900
v 404.7900 82.5337 45.1900
v 411.7900 81.8786 45.1900
v -43.2100 124.9125 38.1900
v -36.2100 124.2575 38.1900
v -29.2100 123.6024 38.1900
v -22.2100 122.9474 38.1900
v -15.2100 122.2923 38.1900
v -8.2100 121.6373 38.1900
v -1.2100 120.9822 38.1900
v 5.7900 120.3272 38.1900
v 12.7900 119.6721 38.1900
v 19.7900 119.0171 38.1900
v 26.7900 118.3621 38.1900
v 33.7900 117.7070 38.1900
v 40.7900 117.0520 38.1900
v 47.7900 116.3969 38.1900
v 54.7900 115.7419 38.1900
v 61.7900 115.0868 38.1900
v 68.7900 114.4318 38.1900
v 75.7900 113.7767 38.1900
v 82.7900 113.1217 38.1900
v 89.7900 112.4667 38.1900
v 96.7900 111.8116 38.1900
v 103.7900 111.1566 38.1900
v 110.7900 110.5015 38.1900
v 117.7900 109.8465 38.1900
v 124.7900 109.1914 38.1900
v 131.7900 108.5364 38.1900
v 138.7900 107.8813 38.1900
v 145.7900 107.2263 38.1900
v 152.7900 106.5713 38.1900
v 159.7900 105.9162 38.1900
v 166.7900 105.2612 38.1900
v 173.7900 104.6061 38.1900
v 180.7900 103.9511 38.1900
v 187.7900 103.2960 38.1900
v 194.7900 102.6410 38.1900
v 201.7900 101.9859 38.1900
v 208.7900 101.3309 38.1900
v 215.7900 100.6759 38.1900
v 222.7900 100.0208 38.1900
v 229.7900 99.3658 38.1900
v 236.7900 98.7107 38.1900
v 243.7900 98.0557 38.1900
v 250.7900 97.4006 38.1900
v 257.7900 96.7456 38.1900
v 264.7900 96.0906 38.1900
v 271.7900 95.4355 38.1900
v 278.7900 94.7805 38.1900
v 285.7900 94.1254 38.1900
v 292.7900 93.4704 38.1900
v 299.7900 92.8153 38.1900
v 306.7900 92.1603 38.1900
v 313.7900 91.5052 38.1900
v 320.7900 90.8502 38.1900
v 327.7900 90.1952 38.1900
v 334.7900 89.5401 38.1900
v 341.7900 88.8851 38.1900
v 348.7900 88.2300 38.1900
v 355.7900 87.5750 38.1900
v 362.7900 86.9199 38.1900
v 369.7900 86.2649 38.1900
v 376.7900 85.6098 38.1900
v 383.7900 84.9548 38.1900
v 390.7900 84.2998 38.1900
v 397.7900 83.6447 38.1900
v 404.7900 82.9897 38.1900
v 411.7900 82.3346 38.1900
v -43.2100 125.3685 31.1900
v -36.2100 124.7135 31.1900
v -29.2100 124.0584 31.1900
v -22.2100 123.4034 31.1900
v -15.2100 122.7483 31.1900
v -8.2100 122.0933 31.1900
v -1.2100 121.4382 31.1900
v 5.7900 120.7832 31.1900
v 12.7900 120.1282 31.1900
v 19.7900 119.4731 31.1900
v 26.7900 118.8181 31.1900
v 33.7900 118.1630 31.1900
v 40.7900 117.5080 31.1900
v 47.7900 116.8529 31.1900
v 54.7900 116.1979 31.1900
v 61.7900 115.5428 31.1900
v 68.7900 114.8878 31.1900
v 75.7900 114.2328 31.1900
v 82.7900 113.5777 31.1900
v 89.7900 112.9227 31.1900
v 96.7900 112.2676 31.1900
v 103.7900 111.6126 31.1900
v 110.7900 110.9575 31.1900
v 117.7900 110.3025 31.1900
v 124.7900 109.6474 31.1900
v 131.7900 108.9924 31.1900
v 138.7900 108.3374 31.1900
v 145.7900 107.6823 31.1900
v 152.7900 107.0273 31.1900
v 159.7900 106.3722 31.1900
v 166.7900 105.7172 31.1900
v 173.7900 105.0621 31.1900
v 180.7900 104.4071 31.1900
v 187.7900 103.7520 31.1900
v 194.7900 103.0970 31.1900
v 201.7900 102.4420 31.1900
v 208.7900 101.7869 31.1900
v 215.7900 101.1319 31.1900
v 222.7900 100.4768 31.1900
v 229.7900 99.8218 31.1900
v 236.7900 99.1667 31.1900
v 243.7900 98.5117 31.1900
v 250.7900 97.8566 31.1900
v 257.7900 97.2016 31.1900
v 264.7900 96.5466 31.1900
v 271.7900 95.8915 31.1900
v 278.7900 95.2365 31.1900
v 285.7900 94.5814 31.1900
v 292.7900 93.9264 31.1900
v 299.7900 93.2713 31.1900
v 306.7900 92.6163 31.1900
v 313.7900 91.9613 31.1900
v 320.7900 91.3062 31.1900
v 327.7900 90.6512 31.1900
v 334.7900 89.9961 31.1900
v 341.7900 89.3411 31.1900
v 348.7900 88.6860 31.1900
v 355.7900 88.0310 31.1900
v 362.7900 87.3759 31.1900
v 369.7900 86.7209 31.1900
v 376.7900 86.0659 31.1900
v 383.7900 85.4108 31.1900
v 390.7900 84.7558 31.1900
v 397.7900 84.1007 31.1900
v 404.7900 83.4457 31.1900
v 411.7900 82.7906 31.1900
v -43.2100 125.8245 24.1900
v -36.2100 125.1695 24.1900
v -29.2100 124.5144 24.1900
v -22.2100 123.8594 24.1900
v -15.2100 123.2043 24.1900
v -8.2100 122.5493 24.1900
v -1.2100 121.8943 24.1900
v 5.7900 121.2392 24.1900
v 12.7900 120.5842 24.1900
v 19.7900 119.9291 24.1900
v 26.7900 119.2741 24.1900
v 33.7900 118.6190 24.1900
v 40.7900 117.9640 24.1900
v 47.7900 117.3089 24.1900
v 54.7900 116.6539 24.1900
v 61.7900 115.9989 24.1900
v 68.7900 115.3438 24.1900
v 75.7900 114.6888 24.1900
v 82.7900 114.0337 24.1900
v 89.7900 113.3787 24.1900
v 96.7900 112.7236 24.1900
v 103.7900 112.0686 24.1900
v 110.7900 111.4135 24.1900
v 117.7900 110.7585 24.1900
v 124.7900 110.1035 24.1900
v 131.7900 109.4484 24.1900
v 138.7900 108.7934 24.1900
v 145.7900 108.1383 24.1900
v 152.7900 107.4833 24.1900
v 159.7900 106.8282 24.1900
v 166.7900 106.1732 24.1900
v 173.7900 105.5181 24.1900
v 180.7900 104.8631 24.1900
v 187.7900 104.2081 24.1900
v 194.7900 103.5530 24.1900
v 201.7900 102.8980 24.1900
v 208.7900 102.2429 24.1900
v 215.7900 101.5879 24.1900
v 222.7900 100.9328 24.1900
v 229.7900 100.2778 24.1900
v 236.7900 99.6227 24.1900
v 243.7900 98.9677 24.1900
v 250.7900 98.3127 24.1900
v 257.7900 97.6576 24.1900
v 264.7900 97.0026 24.1900
v 271.7900 96.3475 24.1900
v 278.7900 95.6925 24.1900
v 285.7900 95.0374 24.1900
v 292.7900 94.3824 24.1900
v 299.7900 93.7273 24.1900
v 306.7900 93.0723 24.1900
v 313.7900 92.4173 24.1900
v 320.7900 91.7622 24.1900
v 327.7900 91.1072 24.1900
v 334.7900 90.4521 24.1900
v 341.7900 89.7971 24.1900
v 348.7900 89.1420 24.1900
v 355.7900 88.4870 24.1900
v 362.7900 87.8320 24.1900
v 369.7900 87.1769 24.1900
v 376.7900 86.5219 24.1900
v 383.7900 85.8668 24.1900
v 390.7900 85.2118 24.1900
v 397.7900 84.5567 24.1900
v 404.7900 83.9017 24.1900
v 411.7900 83.2466 24.1900
v -43.2100 126.2805 17.1900
v -36.2100 125.6255 17.1900
v -29.2100 124.9704 17.1900
v -22.2100 124.3154 17.1900
v -15.2100 123.6604 17.1900
v -8.2100 123.0053 17.1900
v -1.2100 122.3503 17.1900
v 5.7900 121.6952 17.1900
v 12.7900 121.0402 17.1900
v 19.7900 120.3851 17.1900
v 26.7900 119.7301 17.1900
v 33.7900 119.0750 17.1900
v 40.7900 118.4200 17.1900
v 47.7900 117.7650 17.1900
v 54.7900 117.1099 17.1900
v 61.7900 116.4549 17.1900
v 68.7900 115.7998 17.1900
v 75.7900 115.1448 17.1900
v 82.7900 114.4897 17.1900
v 89.7900 113.8347 17.1900
v 96.7900 113.1796 17.1900
v 103.7900 112.5246 17.1900
v 110.7900 111.8696 17.1900
v 117.7900 111.2145 17.1900
v 124.7900 110.5595 17.1900
v 131.7900 109.9044 17.1900
v 138.7900 109.2494 17.1900
v 145.7900 108.5943 17.1900
v 152.7900 107.9393 17.1900
v 159.7900 107.2842 17.1900
v 166.7900 106.6292 17.1900
v 173.7900 105.9742 17.1900
v 180.7900 105.3191 17.1900
v 187.7900 104.6641 17.1900
v 194.7900 104.0090 17.1900
v 201.7900 103.3540 17.1900
v 208.7900 102.6989 17.1900
v 215.7900 102.0439 17.1900
v 222.7900 101.3888 17.1900
v 229.7900 100.7338 17.1900
v 236.7900 100.0788 17.1900
v 243.7900 99.4237 17.1900
v 250.7900 98.7687 17.1900
v 257.7900 98.1136 17.1900
v 264.7900 97.4586 17.1900
v 271.7900 96.8035 17.1900
v 278.7900 96.1485 17.1900
v 285.7900 95.4934 17.1900
v 292.7900 94.8384 17.1900
v 299.7900 94.1834 17.1900
v 306.7900 93.5283 17.1900
v 313.7900 92.8733 17.1900
v 320.7900 92.2182 17.1900
v 327.7900 91.5632 17.1900
v 334.7900 90.9081 17.1900
v 341.7900 90.2531 17.1900
v 348.7900 89.5980 17.1900
v 355.7900 88.9430 17.1900
v 362.7900 88.2880 17.1900
v 369.7900 87.6329 17.1900
v 376.7900 86.9779 17.1900
v 383.7900 86.3228 17.1900
v 390.7900 85.6678 17.1900
v 397.7900 85.0127 17.1900
v 404.7900 84.3577 17.1900
v 411.7900 83.7027 17.1900
v -43.2100 126.7365 10.1900
v -36.2100 126.0815 10.1900
v -29.2100 125.4265 10.1900
v -22.2100 124.7714 10.1900
v -15.2100 124.1164 10.1900
v -8.2100 123.4613 10.1900
v -1.2100 122.8063 10.1900
v 5.7900 122.1512 10.1900
v 12.7900 121.4962 10.1900
v 19.7900 120.8411 10.1900
v 26.7900 120.1861 10.1900
v 33.7900 119.5311 10.1900
v 40.7900 118.8760 10.1900
v 47.7900 118.2210 10.1900
v 54.7900 117.5659 10.1900
v 61.7900 116.9109 10.1900
v 68.7900 116.2558 10.1900
v 75.7900 115.6008 10.1900
v 82.7900 114.9457 10.1900
v 89.7900 114.2907 10.1900
v 96.7900 113.6357 10.1900
v 103.7900 112.9806 10.1900
v 110.7900 112.3256 10.1900
v 117.7900 111.6705 10.1900
v 124.7900 111.0155 10.1900
v 131.7900 110.3604 10.1900
v 138.7900 109.7054 10.1900
v 145.7900 109.0503 10.1900
v 152.7900 108.3953 10.1900
v 159.7900 107.7403 10.1900
v 166.7900 107.0852 10.1900
v 173.7900 106.4302 10.1900
v 180.7900 105.7751 10.1900
v 187.7900 105.1201 10.1900
v 194.7900 104.4650 10.1900
v 201.7900 103.8100 10.1900
v 208.7900 103.1549 10.1900
v 215.7900 102.4999 10.1900
v 222.7900 101.8449 10.1900
v 229.7900 101.1898 10.1900
v 236.7900 100.5348 10.1900
v 243.7900 99.8797 10.1900
v 250.7900 99.2247 10.1900
v 257.7900 98.5696 10.1900
v 264.7900 97.9146 10.1900
v 271.7900 97.2595 10.1900
v 278.7900 96.6045 10.1900
v 285.7900 95.9495 10.1900
v 292.7900 95.2944 10.1900
v 299.7900 94.6394 10.1900
v 306.7900 93.9843 10.1900
v 313.7900 93.3293 10.1900
v 320.7900 92.6742 10.1900
v 327.7900 92.0192 10.1900
v 334.7900 91.3641 10.1900
v 341.7900 90.7091 10.1900
v 348.7900 90.0541 10.1900
v 355.7900 89.3990 10.1900
v 362.7900 88.7440 10.1900
v 369.7900 88.0889 10.1900
v 376.7900 87.4339 10.1900
v 383.7900 86.7788 10.1900
v 390.7900 86.1238 10.1900
v 397.7900 85.4688 10.1900
v 404.7900 84.8137 10.1900
v 411.7900 84.1587 10.1900
v -43.2100 127.1926 3.1900
v -36.2100 126.5375 3.1900
v -29.2100 125.8825 3.1900
v -22.2100 125.2274 3.1900
v -15.2100 124.5724 3.1900
v -8.2100 123.9173 3.1900
v -1.2100 123.2623 3.1900
v 5.7900 122.6072 3.1900
v 12.7900 121.9522 3.1900
v 19.7900 121.2972 3.1900
v 26.7900 120.6421 3.1900
v 33.7900 119.9871 3.1900
v 40.7900 119.3320 3.1900
v 47.7900 118.6770 3.1900
v 54.7900 118.0219 3.1900
v 61.7900 117.3669 3.1900
v 68.7900 116.7118 3.1900
v 75.7900 116.0568 3.1900
v 82.7900 115.4018 3.1900
v 89.7900 114.7467 3.1900
v 96.7900 114.0917 3.1900
v 103.7900 113.4366 3.1900
v 110.7900 112.7816 3.1900
v 117.7900 112.1265 3.1900
v 124.7900 111.4715 3.1900
v 131.7900 110.8164 3.1900
v 138.7900 110.1614 3.1900
v 145.7900 109.5064 3.1900
v 194.7900 104.9210 3.1900
v 201.7900 104.2660 3.1900
v 208.7900 103.6110 3.1900
v 215.7900 102.9559 3.1900
v 222.7900 102.3009 3.1900
v 229.7900 101.6458 3.1900
v 236.7900 100.9908 3.1900
v 243.7900 100.3357 3.1900
v 250.7900 99.6807 3.1900
v 257.7900 99.0256 3.1900
v 264.7900 98.3706 3.1900
v 271.7900 97.7156 3.1900
v 278.7900 97.0605 3.1900
v 285.7900 96.4055 3.1900
v 292.7900 95.7504 3.1900
v 299.7900 95.0954 3.1900
v 306.7900 94.4403 3.1900
v 313.7900 93.7853 3.1900
v 320.7900 93.1302 3.1900
v 327.7900 92.4752 3.1900
v 334.7900 91.8202 3.1900
v 341.7900 91.1651 3.1900
v 348.7900 90.5101 3.1900
v 355.7900 89.8550 3.1900
v 362.7900 89.2000 3.1900
v 369.7900 88.5449 3.1900
v 376.7900 87.8899 3.1900
v 383.7900 87.2348 3.1900
v 390.7900 86.5798 3.1900
v 397.7900 85.9248 3.1900
v 404.7900 85.2697 3.1900
v 411.7900 84.6147 3.1900
v -43.2100 127.6486 -3.8100
v -36.2100 126.9935 -3.8100
v -29.2100 126.3385 -3.8100
v -22.2100 125.6834 -3.8100
v -15.2100 125.0284 -3.8100
v -8.2100 124.3733 -3.8100
v -1.2100 123.7183 -3.8100
v 5.7900 123.0633 -3.8100
v 12.7900 122.4082 -3.8100
v 19.7900 121.7532 -3.8100
v 26.7900 121.0981 -3.8100
v 33.7900 120.4431 -3.8100
v 40.7900 119.7880 -3.8100
v 47.7900 119.1330 -3.8100
v 54.7900 118.4779 -3.8100
v 61.7900 117.8229 -3.8100
v 68.7900 117.1679 -3.8100
v 75.7900 116.5128 -3.8100
v 82.7900 115.8578 -3.8100
v 89.7900 115.2027 -3.8100
v 96.7900 114.5477 -3.8100
v 103.7900 113.8926 -3.8100
v 110.7900 113.2376 -3.8100
v 117.7900 112.5825 -3.8100
v 124.7900 111.9275 -3.8100
v 215.7900 103.4119 -3.8100
v 222.7900 102.7569 -3.8100
v 229.7900 102.1018 -3.8100
v 236.7900 101.4468 -3.8100
v 243.7900 100.7917 -3.8100
v 250.7900 100.1367 -3.8100
v 257.7900 99.4817 -3.8100
v 264.7900 98.8266 -3.8100
v 271.7900 98.1716 -3.8100
v 278.7900 97.5165 -3.8100
v 285.7900 96.8615 -3.8100
v 292.7900 96.2064 -3.8100
v 299.7900 95.5514 -3.8100
v 306.7900 94.8963 -3.8100
v 313.7900 94.2413 -3.8100
v 320.7900 93.5863 -3.8100
v 327.7900 92.9312 -3.8100
v 334.7900 92.2762 -3.8100
v 341.7900 91.6211 -3.8100
v 348.7900 90.9661 -3.8100
v 355.7900 90.3110 -3.8100
v 362.7900 89.6560 -3.8100
v 369.7900 89.0009 -3.8100
v 376.7900 88.3459 -3.8100
v 383.7900 87.6909 -3.8100
v 390.7900 87.0358 -3.8100
v 397.7900 86.3808 -3.8100
v 404.7900 85.7257 -3.8100
v 411.7900 85.0707 -3.8100
v -43.2100 128.1046 -10.8100
v -36.2100 127.4495 -10.8100
v -29.2100 126.7945 -10.8100
v -22.2100 126.1394 -10.8100
v -15.2100 125.4844 -10.8100
v -8.2100 124.8294 -10.8100
v -1.2100 124.1743 -10.8100
v 5.7900 123.5193 -10.8100
v 12.7900 122.8642 -10.8100
v 19.7900 122.2092 -10.8100
v 26.7900 121.5541 -10.8100
v 33.7900 120.8991 -10.8100
v 40.7900 120.2440 -10.8100
v 47.7900 119.5890 -10.8100
v 54.7900 118.9340 -10.8100
v 61.7900 118.2789 -10.8100
v 68.7900 117.6239 -10.8100
v 75.7900 116.9688 -10.8100
v 82.7900 116.3138 -10.8100
v 89.7900 115.6587 -10.8100
v 96.7900 115.0037 -10.8100
v 103.7900 114.3486 -10.8100
v 110.7900 113.6936 -10.8100
v 117.7900 113.0386 -10.8100
v 222.7900 103.2129 -10.8100
v 229.7900 102.5578 -10.8100
v 236.7900 101.9028 -10.8100
v 243.7900 101.2478 -10.8100
v 250.7900 100.5927 -10.8100
v 257.7900 99.9377 -10.8100
v 264.7900 99.2826 -10.8100
v 271.7900 98.6276 -10.8100
v 278.7900 97.9725 -10.8100
v 285.7900 97.3175 -10.8100
v 292.7900 96.6624 -10.8100
v 299.7900 96.0074 -10.8100
v 306.7900 95.3524 -10.8100
v 313.7900 94.6973 -10.8100
v 320.7900 94.0423 -10.8100
v 327.7900 93.3872 -10.8100
v 334.7900 92.7322 -10.8100
v 341.7900 92.0771 -10.8100
v 348.7900 91.4221 -10.8100
v 355.7900 90.7670 -10.8100
v 362.7900 90.1120 -10.8100
v 369.7900 89.4570 -10.8100
v 376.7900 88.8019 -10.8100
v 383.7900 88.1469 -10.8100
v 390.7900 87.4918 -10.8100
v 397.7900 86.8368 -10.8100
v 404.7900 86.1817 -10.8100
v 411.7900 85.5267 -10.8100
v -43.2100 128.5606 -17.8100
v -36.2100 127.9055 -17.8100
v -29.2100 127.2505 -17.8100
v -22.2100 126.5955 -17.8100
v -15.2100 125.9404 -17.8100
v -8.2100 125.2854 -17.8100
v -1.2100 124.6303 -17.8100
v 5.7900 123.9753 -17.8100
v 12.7900 123.3202 -17.8100
v 19.7900 122.6652 -17.8100
v 26.7900 122.0101 -17.8100
v 33.7900 121.3551 -17.8100
v 40.7900 120.7001 -17.8100
v 47.7900 120.0450 -17.8100
v 54.7900 119.3900 -17.8100
v 61.7900 118.7349 -17.8100
v 68.7900 118.0799 -17.8100
v 75.7900 117.4248 -17.8100
v 82.7900 116.7698 -17.8100
v 89.7900 116.1147 -17.8100
v 96.7900 115.4597 -17.8100
v 103.7900 114.8047 -17.8100
v 110.7900 114.1496 -17.8100
v 229.7900 103.0139 -17.8100
v 236.7900 102.3588 -17.8100
v 243.7900 101.7038 -17.8100
v 250.7900 101.0487 -17.8100
v 257.7900 100.3937 -17.8100
v 264.7900 99.7386 -17.8100
v 271.7900 99.0836 -17.8100
v 278.7900 98.4285 -17.8100
v 285.7900 97.7735 -17.8100
v 292.7900 97.1185 -17.8100
v 299.7900 96.4634 -17.8100
v 306.7900 95.8084 -17.8100
v 313.7900 95.1533 -17.8100
v 320.7900 94.4983 -17.8100
v 327.7900 93.8432 -17.8100
v 334.7900 93.1882 -17.8100
v 341.7900 92.5331 -17.8100
v 348.7900 91.8781 -17.8100
v 355.7900 91.2231 -17.8100
v 362.7900 90.5680 -17.8100
v 369.7900 89.9130 -17.8100
v 376.7900 89.2579 -17.8100
v 383.7900 88.6029 -17.8100
v 390.7900 87.9478 -17.8100
v 397.7900 87.2928 -17.8100
v 404.7900 86.6377 -17.8100
v 411.7900 85.9827 -17.8100
v -43.2100 129.0166 -24.8100
v -36.2100 128.3616 -24.8100
v -29.2100 127.7065 -24.8100
v -22.2100 127.0515 -24.8100
v -15.2100 126.3964 -24.8100
v -8.2100 125.7414 -24.8100
v -1.2100 125.0863 -24.8100
v 5.7900 124.4313 -24.8100
v 12.7900 123.7762 -24.8100
v 19.7900 123.1212 -24.8100
v 26.7900 122.4662 -24.8100
v 33.7900 121.8111 -24.8100
v 40.7900 121.1561 -24.8100
v 47.7900 120.5010 -24.8100
v 54.7900 119.8460 -24.8100
v 61.7900 119.1909 -24.8100
v 68.7900 118.5359 -24.8100
v 75.7900 117.8808 -24.8100
v 82.7900 117.2258 -24.8100
v 89.7900 116.5708 -24.8100
v 96.7900 115.9157 -24.8100
v 103.7900 115.2607 -24.8100
v 236.7900 102.8148 -24.8100
v 243.7900 102.1598 -24.8100
v 250.7900 101.5047 -24.8100
v 257.7900 100.8497 -24.8100
v 264.7900 100.1946 -24.8100
v 271.7900 99.5396 -24.8100
v 278.7900 98.8846 -24.8100
v 285.7900 98.2295 -24.8100
v 292.7900 97.5745 -24.8100
v 299.7900 96.9194 -24.8100
v 306.7900 96.2644 -24.8100
v 313.7900 95.6093 -24.8100
v 320.7900 94.9543 -24.8100
v 327.7900 94.2992 -24.8100
v 334.7900 93.6442 -24.8100
v 341.7900 92.9892 -24.8100
v 348.7900 92.3341 -24.8100
v 355.7900 91.6791 -24.8100
v 362.7900 91.0240 -24.8100
v 369.7900 90.3690 -24.8100
v 376.7900 89.7139 -24.8100
v 383.7900 89.0589 -24.8100
v 390.7900 88.4038 -24.8100
v 397.7900 87.7488 -24.8100
v 404.7900 87.0938 -24.8100
v 411.7900 86.4387 -24.8100
v -43.2100 129.4726 -31.8100
v -36.2100 128.8176 -31.8100
v -29.2100 128.1625 -31.8100
v -22.2100 127.5075 -31.8100
v -15.2100 126.8524 -31.8100
v -8.2100 126.1974 -31.8100
v -1.2100 125.5423 -31.8100
v 5.7900 124.8873 -31.8100
v 12.7900 124.2323 -31.8100
v 19.7900 123.5772 -31.8100
v 26.7900 122.9222 -31.8100
v 33.7900 122.2671 -31.8100
v 40.7900 121.6121 -31.8100
v 47.7900 120.9570 -31.8100
v 54.7900 120.3020 -31.8100
v 61.7900 119.6469 -31.8100
v 68.7900 118.9919 -31.8100
v 75.7900 118.3369 -31.8100
v 82.7900 117.6818 -31.8100
v 89.7900 117.0268 -31.8100
v 96.7900 116.3717 -31.8100
v 103.7900 115.7167 -31.8100
v 243.7900 102.6158 -31.8100
v 250.7900 101.9607 -31.8100
v 257.7900 101.3057 -31.8100
v 264.7900 100.6507 -31.8100
v 271.7900 99.9956 -31.8100
v 278.7900 99.3406 -31.8100
v 285.7900 98.6855 -31.8100
v 292.7900 98.0305 -31.8100
v 299.7900 97.3754 -31.8100
v 306.7900 96.7204 -31.8100
v 313.7900 96.0653 -31.8100
v 320.7900 95.4103 -31.8100
v 327.7900 94.7553 -31.8100
v 334.7900 94.1002 -31.8100
v 341.7900 93.4452 -31.8100
v 348.7900 92.7901 -31.8100
v 355.7900 92.1351 -31.8100
v 362.7900 91.4800 -31.8100
v 369.7900 90.8250 -31.8100
v 376.7900 90.1699 -31.8100
v 383.7900 89.5149 -31.8100
v 390.7900 88.8599 -31.8100
v 397.7900 88.2048 -31.8100
v 404.7900 87.5498 -31.8100
v 411.7900 86.8947 -31.8100
v -43.2100 129.9286 -38.8100
v -36.2100 129.2736 -38.8100
v -29.2100 128.6185 -38.8100
v -22.2100 127.9635 -38.8100
v -15.2100 127.3084 -38.8100
v -8.2100 126.6534 -38.8100
v -1.2100 125.9984 -38.8100
v 5.7900 125.3433 -38.8100
v 12.7900 124.6883 -38.8100
v 19.7900 124.0332 -38.8100
v 26.7900 123.3782 -38.8100
v 33.7900 122.7231 -38.8100
v 40.7900 122.0681 -38.8100
v 47.7900 121.4130 -38.8100
v 54.7900 120.7580 -38.8100
v 61.7900 120.1030 -38.8100
v 68.7900 119.4479 -38.8100
v 75.7900 118.7929 -38.8100
v 82.7900 118.1378 -38.8100
v 89.7900 117.4828 -38.8100
v 96.7900 116.8277 -38.8100
v 250.7900 102.4168 -38.8100
v 257.7900 101.7617 -38.8100
v 264.7900 101.1067 -38.8100
v 271.7900 100.4516 -38.8100
v 278.7900 99.7966 -38.8100
v 285.7900 99.1415 -38.8100
v 292.7900 98.4865 -38.8100
v 299.7900 97.8314 -38.8100
v 306.7900 97.1764 -38.8100
v 313.7900 96.5214 -38.8100
v 320.7900 95.8663 -38.8100
v 327.7900 95.2113 -38.8100
v 334.7900 94.5562 -38.8100
v 341.7900 93.9012 -38.8100
v 348.7900 93.2461 -38.8100
v 355.7900 92.5911 -38.8100
v 362.7900 91.9360 -38.8100
v 369.7900 91.2810 -38.8100
v 376.7900 90.6260 -38.8100
v 383.7900 89.9709 -38.8100
v 390.7900 89.3159 -38.8100
v 397.7900 88.6608 -38.8100
v 404.7900 88.0058 -38.8100
v 411.7900 87.3507 -38.8100
v -43.2100 130.3846 -45.8100
v -36.2100 129.7296 -45.8100
v -29.2100 129.0745 -45.8100
v -22.2100 128.4195 -45.8100
v -15.2100 127.7645 -45.8100
v -8.2100 127.1094 -45.8100
v -1.2100 126.4544 -45.8100
v 5.7900 125.7993 -45.8100
v 12.7900 125.1443 -45.8100
v 19.7900 124.4892 -45.8100
v 26.7900 123.8342 -45.8100
v 33.7900 123.1791 -45.8100
v 40.7900 122.5241 -45.8100
v 47.7900 121.8691 -45.8100
v 54.7900 121.2140 -45.8100
v 61.7900 120.5590 -45.8100
v 68.7900 119.9039 -45.8100
v 75.7900 119.2489 -45.8100
v 82.7900 118.5938 -45.8100
v 89.7900 117.9388 -45.8100
v 96.7900 117.2837 -45.8100
v 257.7900 102.2177 -45.8100
v 264.7900 101.5627 -45.8100
v 271.7900 100.9076 -45.8100
v 278.7900 100.2526 -45.8100
v 285.7900 99.5975 -45.8100
v 292.7900 98.9425 -45.8100
v 299.7900 98.2875 -45.8100
v 306.7900 97.6324 -45.8100
v 313.7900 96.9774 -45.8100
v 320.7900 96.3223 -45.8100
v 327.7900 95.6673 -45.8100
v 334.7900 95.0122 -45.8100
v 341.7900 94.3572 -45.8100
v 348.7900 93.7021 -45.8100
v 355.7900 93.0471 -45.8100
v 362.7900 92.3921 -45.8100
v 369.7900 91.7370 -45.8100
v 376.7900 91.0820 -45.8100
v 383.7900 90.4269 -45.8100
v 390.7900 89.7719 -45.8100
v 397.7900 89.1168 -45.8100
v 404.7900 88.4618 -45.8100
v 411.7900 87.8067 -45.8100
v -43.2100 130.8406 -52.8100
v -36.2100 130.1856 -52.8100
v -29.2100 129.5306 -52.8100
v -22.2100 128.8755 -52.8100
v -15.2100 128.2205 -52.8100
v -8.2100 127.5654 -52.8100
v -1.2100 126.9104 -52.8100
v 5.7900 126.2553 -52.8100
v 12.7900 125.6003 -52.8100
v 19.7900 124.9452 -52.8100
v 26.7900 124.2902 -52.8100
v 33.7900 123.6352 -52.8100
v 40.7900 122.9801 -52.8100
v 47.7900 122.3251 -52.8100
v 54.7900 121.6700 -52.8100
v 61.7900 121.0150 -52.8100
v 68.7900 120.3599 -52.8100
v 75.7900 119.7049 -52.8100
v 82.7900 119.0498 -52.8100
v 89.7900 118.3948 -52.8100
v 264.7900 102.0187 -52.8100
v 271.7900 101.3636 -52.8100
v 278.7900 100.7086 -52.8100
v 285.7900 100.0536 -52.8100
v 292.7900 99.3985 -52.8100
v 299.7900 98.7435 -52.8100
v 306.7900 98.0884 -52.8100
v 313.7900 97.4334 -52.8100
v 320.7900 96.7783 -52.8100
v 327.7900 96.1233 -52.8100
v 334.7900 95.4682 -52.8100
v 341.7900 94.8132 -52.8100
v 348.7900 94.1582 -52.8100
v 355.7900 93.5031 -52.8100
v 362.7900 92.8481 -52.8100
v 369.7900 92.1930 -52.8100
v 376.7900 91.5380 -52.8100
v 383.7900 90.8829 -52.8100
v 390.7900 90.2279 -52.8100
v 397.7900 89.5728 -52.8100
v 404.7900 88.9178 -52.8100
v 411.7900 88.2628 -52.8100
v -43.2100 131.2967 -59.8100
v -36.2100 130.6416 -59.8100
v -29.2100 129.9866 -59.8100
v -22.2100 129.3315 -59.8100
v -15.2100 128.6765 -59.8100
v -8.2100 128.0214 -59.8100
v -1.2100 127.3664 -59.8100
v 5.7900 126.7113 -59.8100
v 12.7900 126.0563 -59.8100
v 19.7900 125.4013 -59.8100
v 26.7900 124.7462 -59.8100
v 33.7900 124.0912 -59.8100
v 40.7900 123.4361 -59.8100
v 47.7900 122.7811 -59.8100
v 54.7900 122.1260 -59.8100
v 61.7900 121.4710 -59.8100
v 68.7900 120.8159 -59.8100
v 75.7900 120.1609 -59.8100
v 82.7900 119.5059 -59.8100
v 89.7900 118.8508 -59.8100
v 96.7900 118.1958 -59.8100
v 271.7900 101.8197 -59.8100
v 278.7900 101.1646 -59.8100
v 285.7900 100.5096 -59.8100
v 292.7900 99.8545 -59.8100
v 299.7900 99.1995 -59.8100
v 306.7900 98.5444 -59.8100
v 313.7900 97.8894 -59.8100
v 320.7900 97.2343 -59.8100
v 327.7900 96.5793 -59.8100
v 334.7900 95.9243 -59.8100
v 341.7900 95.2692 -59.8100
v 348.7900 94.6142 -59.8100
v 355.7900 93.9591 -59.8100
v 362.7900 93.3041 -59.8100
v 369.7900 92.6490 -59.8100
v 376.7900 91.9940 -59.8100
v 383.7900 91.3389 -59.8100
v 390.7900 90.6839 -59.8100
v 397.7900 90.0289 -59.8100
v 404.7900 89.3738 -59.8100
v 411.7900 88.7188 -59.8100
v -43.2100 131.7527 -66.8100
v -36.2100 131.0976 -66.8100
v -29.2100 130.4426 -66.8100
v -22.2100 129.7875 -66.8100
v -15.2100 129.1325 -66.8100
v -8.2100 128.4774 -66.8100
v -1.2100 127.8224 -66.8100
v 5.7900 127.1674 -66.8100
v 12.7900 126.5123 -66.8100
v 19.7900 125.8573 -66.8100
v 26.7900 125.2022 -66.8100
v 33.7900 124.5472 -66.8100
v 40.7900 123.8921 -66.8100
v 47.7900 123.2371 -66.8100
v 54.7900 122.5820 -66.8100
v 61.7900 121.9270 -66.8100
v 68.7900 121.2720 -66.8100
v 75.7900 120.6169 -66.8100
v 82.7900 119.9619 -66.8100
v 89.7900 119.3068 -66.8100
v 96.7900 118.6518 -66.8100
v 271.7900 102.2757 -66.8100
v 278.7900 101.6206 -66.8100
v 285.7900 100.9656 -66.8100
v 292.7900 100.3105 -66.8100
v 299.7900 99.6555 -66.8100
v 306.7900 99.0004 -66.8100
v 313.7900 98.3454 -66.8100
v 320.7900 97.6904 -66.8100
v 327.7900 97.0353 -66.8100
v 334.7900 96.3803 -66.8100
v 341.7900 95.7252 -66.8100
v 348.7900 95.0702 -66.8100
v 355.7900 94.4151 -66.8100
v 362.7900 93.7601 -66.8100
v 369.7900 93.1050 -66.8100
v 376.7900 92.4500 -66.8100
v 383.7900 91.7950 -66.8100
v 390.7900 91.1399 -66.8100
v 397.7900 90.4849 -66.8100
v 404.7900 89.8298 -66.8100
v 411.7900 89.1748 -66.8100
v -43.2100 132.2087 -73.8100
v -36.2100 131.5536 -73.8100
v -29.2100 130.8986 -73.8100
v -22.2100 130.2435 -73.8100
v -15.2100 129.5885 -73.8100
v -8.2100 128.9335 -73.8100
v -1.2100 128.2784 -73.8100
v 5.7900 127.6234 -73.8100
v 12.7900 126.9683 -73.8100
v 19.7900 126.3133 -73.8100
v 26.7900 125.6582 -73.8100
v 33.7900 125.0032 -73.8100
v 40.7900 124.3481 -73.8100
v 47.7900 123.6931 -73.8100
v 54.7900 123.0381 -73.8100
v 61.7900 122.3830 -73.8100
v 68.7900 121.7280 -73.8100
v 75.7900 121.0729 -73.8100
v 82.7900 120.4179 -73.8100
v 89.7900 119.7628 -73.8100
v 96.7900 119.1078 -73.8100
v 103.7900 118.4527 -73.8100
v 110.7900 117.7977 -73.8100
v 117.7900 117.1427 -73.8100
v 271.7900 102.7317 -73.8100
v 278.7900 102.0766 -73.8100
v 285.7900 101.4216 -73.8100
v 292.7900 100.7665 -73.8100
v 299.7900 100.1115 -73.8100
v 306.7900 99.4565 -73.8100
v 313.7900 98.8014 -73.8100
v 320.7900 98.1464 -73.8100
v 327.7900 97.4913 -73.8100
v 334.7900 96.8363 -73.8100
v 341.7900 96.1812 -73.8100
v 348.7900 95.5262 -73.8100
v 355.7900 94.8711 -73.8100
v 362.7900 94.2161 -73.8100
v 369.7900 93.5611 -73.8100
v 376.7900 92.9060 -73.8100
v 383.7900 92.2510 -73.8100
v 390.7900 91.5959 -73.8100
v 397.7900 90.9409 -73.8100
v 404.7900 90.2858 -73.8100
v 411.7900 89.6308 -73.8100
v -43.2100 132.6647 -80.8100
v -36.2100 132.0096 -80.8100
v -29.2100 131.3546 -80.8100
v -22.2100 130.6995 -80.8100
v -15.2100 130.0445 -80.8100
v -8.2100 129.3895 -80.8100
v -1.2100 128.7344 -80.8100
v 5.7900 128.0794 -80.8100
v 12.7900 127.4243 -80.8100
v 19.7900 126.7693 -80.8100
v 26.7900 126.1142 -80.8100
v 33.7900 125.4592 -80.8100
v 40.7900 124.8042 -80.8100
v 47.7900 124.1491 -80.8100
v 54.7900 123.4941 -80.8100
v 61.7900 122.8390 -80.8100
v 68.7900 122.1840 -80.8100
v 75.7900 121.5289 -80.8100
v 82.7900 120.8739 -80.8100
v 89.7900 120.2188 -80.8100
v 96.7900 119.5638 -80.8100
v 103.7900 118.9088 -80.8100
v 110.7900 118.2537 -80.8100
v 117.7900 117.5987 -80.8100
v 124.7900 116.9436 -80.8100
v 131.7900 116.2886 -80.8100
v 138.7900 115.6335 -80.8100
v 145.7900 114.9785 -80.8100
v 152.7900 114.3234 -80.8100
v 159.7900 113.6684 -80.8100
v 166.7900 113.0134 -80.8100
v 173.7900 112.3583 -80.8100
v 180.7900 111.7033 -80.8100
v 187.7900 111.0482 -80.8100
v 229.7900 107.1180 -80.8100
v 236.7900 106.4629 -80.8100
v 243.7900 105.8079 -80.8100
v 250.7900 105.1528 -80.8100
v 257.7900 104.4978 -80.8100
v 264.7900 103.8427 -80.8100
v 271.7900 103.1877 -80.8100
v 278.7900 102.5326 -80.8100
v 285.7900 101.8776 -80.8100
v 292.7900 101.2226 -80.8100
v 299.7900 100.5675 -80.8100
v 306.7900 99.9125 -80.8100
v 313.7900 99.2574 -80.8100
v 320.7900 98.6024 -80.8100
v 327.7900 97.9473 -80.8100
v 334.7900 97.2923 -80.8100
v 341.7900 96.6372 -80.8100
v 348.7900 95.9822 -80.8100
v 355.7900 95.3272 -80.8100
v 362.7900 94.6721 -80.8100
v 369.7900 94.0171 -80.8100
v 376.7900 93.3620 -80.8100
v 383.7900 92.7070 -80.8100
v 390.7900 92.0519 -80.8100
v 397.7900 91.3969 -80.8100
v 404.7900 90.7418 -80.8100
v 411.7900 90.0868 -80.8100
v -43.2100 133.1207 -87.8100
v -36.2100 132.4656 -87.8100
v -29.2100 131.8106 -87.8100
v -22.2100 131.1556 -87.8100
v -15.2100 130.5005 -87.8100
v -8.2100 129.8455 -87.8100
v -1.2100 129.1904 -87.8100
v 5.7900 128.5354 -87.8100
v 12.7900 127.8803 -87.8100
v 19.7900 127.2253 -87.8100
v 26.7900 126.5702 -87.8100
v 33.7900 125.9152 -87.8100
v 40.7900 125.2602 -87.8100
v 47.7900 124.6051 -87.8100
v 54.7900 123.9501 -87.8100
v 61.7900 123.2950 -87.8100
v 68.7900 122.6400 -87.8100
v 75.7900 121.9849 -87.8100
v 82.7900 121.3299 -87.8100
v 89.7900 120.6749 -87.8100
v 96.7900 120.0198 -87.8100
v 103.7900 119.3648 -87.8100
v 110.7900 118.7097 -87.8100
v 117.7900 118.0547 -87.8100
v 124.7900 117.3996 -87.8100
v 131.7900 116.7446 -87.8100
v 138.7900 116.0895 -87.8100
v 145.7900 115.4345 -87.8100
v 152.7900 114.7795 -87.8100
v 159.7900 114.1244 -87.8100
v 166.7900 113.4694 -87.8100
v 173.7900 112.8143 -87.8100
v 180.7900 112.1593 -87.8100
v 187.7900 111.5042 -87.8100
v 194.7900 110.8492 -87.8100
v 201.7900 110.1941 -87.8100
v 208.7900 109.5391 -87.8100
v 215.7900 108.8841 -87.8100
v 222.7900 108.2290 -87.8100
v 229.7900 107.5740 -87.8100
v 236.7900 106.9189 -87.8100
v 243.7900 106.2639 -87.8100
v 250.7900 105.6088 -87.8100
v 257.7900 104.9538 -87.8100
v 264.7900 104.2987 -87.8100
v 271.7900 103.6437 -87.8100
v 278.7900 102.9887 -87.8100
v 285.7900 102.3336 -87.8100
v 292.7900 101.6786 -87.8100
v 299.7900 101.0235 -87.8100
v 306.7900 100.3685 -87.8100
v 313.7900 99.7134 -87.8100
v 320.7900 99.0584 -87.8100
v 327.7900 98.4033 -87.8100
v 334.7900 97.7483 -87.8100
v 341.7900 97.0933 -87.8100
v 348.7900 96.4382 -87.8100
v 355.7900 95.7832 -87.8100
v 362.7900 95.1281 -87.8100
v 369.7900 94.4731 -87.8100
v 376.7900 93.8180 -87.8100
v 383.7900 93.1630 -87.8100
v 390.7900 92.5079 -87.8100
v 397.7900 91.8529 -87.8100
v 404.7900 91.1979 -87.8100
v 411.7900 90.5428 -87.8100
v -43.2100 133.5767 -94.8100
v -36.2100 132.9217 -94.8100
v -29.2100 132.2666 -94.8100
v -22.2100 131.6116 -94.8100
v -15.2100 130.9565 -94.8100
v -8.2100 130.3015 -94.8100
v -1.2100 129.6464 -94.8100
v 5.7900 128.9914 -94.8100
v 12.7900 128.3363 -94.8100
v 19.7900 127.6813 -94.8100
v 26.7900 127.0263 -94.8100
v 33.7900 126.3712 -94.8100
v 40.7900 125.7162 -94.8100
v 47.7900 125.0611 -94.8100
v 54.7900 124.4061 -94.8100
v 61.7900 123.7510 -94.8100
v 68.7900 123.0960 -94.8100
v 75.7900 122.4410 -94.8100
v 82.7900 121.7859 -94.8100
v 89.7900 121.1309 -94.8100
v 96.7900 120.4758 -94.8100
v 103.7900 119.8208 -94.8100
v 110.7900 119.1657 -94.8100
v 117.7900 118.5107 -94.8100
v 124.7900 117.8556 -94.8100
v 131.7900 117.2006 -94.8100
v 138.7900 116.5456 -94.8100
v 145.7900 115.8905 -94.8100
v 152.7900 115.2355 -94.8100
v 159.7900 114.5804 -94.8100
v 166.7900 113.9254 -94.8100
v 173.7900 113.2703 -94.8100
v 180.7900 112.6153 -94.8100
v 187.7900 111.9602 -94.8100
v 194.7900 111.3052 -94.8100
v 201.7900 110.6502 -94.8100
v 208.7900 109.9951 -94.8100
v 215.7900 109.3401 -94.8100
v 222.7900 108.6850 -94.8100
v 229.7900 108.0300 -94.8100
v 236.7900 107.3749 -94.8100
v 243.7900 106.7199 -94.8100
v 250.7900 106.0648 -94.8100
v 257.7900 105.4098 -94.8100
v 264.7900 104.7548 -94.8100
v 271.7900 104.0997 -94.8100
v 278.7900 103.4447 -94.8100
v 285.7900 102.7896 -94.8100
v 292.7900 102.1346 -94.8100
v 299.7900 101.4795 -94.8100
v 306.7900 100.8245 -94.8100
v 313.7900 100.1694 -94.8100
v 320.7900 99.5144 -94.8100
v 327.7900 98.8594 -94.8100
v 334.7900 98.2043 -94.8100
v 341.7900 97.5493 -94.8100
v 348.7900 96.8942 -94.8100
v 355.7900 96.2392 -94.8100
v 362.7900 95.5841 -94.8100
v 369.7900 94.9291 -94.8100
v 376.7900 94.2740 -94.8100
v 383.7900 93.6190 -94.8100
v 390.7900 92.9640 -94.8100
v 397.7900 92.3089 -94.8100
v 404.7900 91.6539 -94.8100
v 411.7900 90.9988 -94.8100
v -43.2100 134.0327 -101.8100
v -36.2100 133.3777 -101.8100
v -29.2100 132.7226 -101.8100
v -22.2100 132.0676 -101.8100
v -15.2100 131.4125 -101.8100
v -8.2100 130.7575 -101.8100
v -1.2100 130.1024 -101.8100
v 5.7900 129.4474 -101.8100
v 12.7900 128.7924 -101.8100
v 19.7900 128.1373 -101.8100
v 26.7900 127.4823 -101.8100
v 33.7900 126.8272 -101.8100
v 40.7900 126.1722 -101.8100
v 47.7900 125.5171 -101.8100
v 54.7900 124.8621 -101.8100
v 61.7900 124.2070 -101.8100
v 68.7900 123.5520 -101.8100
v 75.7900 122.8970 -101.8100
v 82.7900 122.2419 -101.8100
v 89.7900 121.5869 -101.8100
v 96.7900 120.9318 -101.8100
v 103.7900 120.2768 -101.8100
v 110.7900 119.6217 -101.8100
v 117.7900 118.9667 -101.8100
v 124.7900 118.3117 -101.8100
v 131.7900 117.6566 -101.8100
v 138.7900 117.0016 -101.8100
v 145.7900 116.3465 -101.8100
v 152.7900 115.6915 -101.8100
v 159.7900 115.0364 -101.8100
v 166.7900 114.3814 -101.8100
v 173.7900 113.7263 -101.8100
v 180.7900 113.0713 -101.8100
v 187.7900 112.4163 -101.8100
v 194.7900 111.7612 -101.8100
v 201.7900 111.1062 -101.8100
v 208.7900 110.4511 -101.8100
v 215.7900 109.7961 -101.8100
v 222.7900 109.1410 -101.8100
v 229.7900 108.4860 -101.8100
v 236.7900 107.8309 -101.8100
v 243.7900 107.1759 -101.8100
v 250.7900 106.5209 -101.8100
v 257.7900 105.8658 -101.8100
v 264.7900 105.2108 -101.8100
v 271.7900 104.5557 -101.8100
v 278.7900 103.9007 -101.8100
v 285.7900 103.2456 -101.8100
v 292.7900 102.5906 -101.8100
v 299.7900 101.9355 -101.8100
v 306.7900 101.2805 -101.8100
v 313.7900 100.6255 -101.8100
v 320.7900 99.9704 -101.8100
v 327.7900 99.3154 -101.8100
v 334.7900 98.6603 -101.8100
v 341.7900 98.0053 -101.8100
v 348.7900 97.3502 -101.8100
v 355.7900 96.6952 -101.8100
v 362.7900 96.0401 -101.8100
v 369.7900 95.3851 -101.8100
v 376.7900 94.7301 -101.8100
v 383.7900 94.0750 -101.8100
v 390.7900 93.4200 -101.8100
v 397.7900 92.7649 -101.8100
v 404.7900 92.1099 -101.8100
v 411.7900 91.4548 -101.8100
v -43.2100 134.4887 -108.8100
v -36.2100 133.8337 -108.8100
v -29.2100 133.1786 -108.8100
v -22.2100 132.5236 -108.8100
v -15.2100 131.8685 -108.8100
v -8.2100 131.2135 -108.8100
v -1.2100 130.5585 -108.8100
v 5.7900 129.9034 -108.8100
v 12.7900 129.2484 -108.8100
v 19.7900 128.5933 -108.8100
v 26.7900 127.9383 -108.8100
v 33.7900 127.2832 -108.8100
v 40.7900 126.6282 -108.8100
v 47.7900 125.9731 -108.8100
v 54.7900 125.3181 -108.8100
v 61.7900 124.6631 -108.8100
v 68.7900 124.0080 -108.8100
v 75.7900 123.3530 -108.8100
v 82.7900 122.6979 -108.8100
v 89.7900 122.0429 -108.8100
v 96.7900 121.3878 -108.8100
v 103.7900 120.7328 -108.8100
v 110.7900 120.0777 -108.8100
v 117.7900 119.4227 -108.8100
v 124.7900 118.7677 -108.8100
v 131.7900 118.1126 -108.8100
v 138.7900 117.4576 -108.8100
v 145.7900 116.8025 -108.8100
v 152.7900 116.1475 -108.8100
v 159.7900 115.4924 -108.8100
v 166.7900 114.8374 -108.8100
v 173.7900 114.1824 -108.8100
v 180.7900 113.5273 -108.8100
v 187.7900 112.8723 -108.8100
v 194.7900 112.2172 -108.8100
v 201.7900 111.5622 -108.8100
v 208.7900 110.9071 -108.8100
v 215.7900 110.2521 -108.8100
v 222.7900 109.5970 -108.8100
v 229.7900 108.9420 -108.8100
v 236.7900 108.2870 -108.8100
v 243.7900 107.6319 -108.8100
v 250.7900 106.9769 -108.8100
v 257.7900 106.3218 -108.8100
v 264.7900 105.6668 -108.8100
v 271.7900 105.0117 -108.8100
v 278.7900 104.3567 -108.8100
v 285.7900 103.7016 -108.8100
v 292.7900 103.0466 -108.8100
v 299.7900 102.3916 -108.8100
v 306.7900 101.7365 -108.8100
v 313.7900 101.0815 -108.8100
v 320.7900 100.4264 -108.8100
v 327.7900 99.7714 -108.8100
v 334.7900 99.1163 -108.8100
v 341.7900 98.4613 -108.8100
v 348.7900 97.8062 -108.8100
v 355.7900 97.1512 -108.8100
v 362.7900 96.4962 -108.8100
v 369.7900 95.8411 -108.8100
v 376.7900 95.1861 -108.8100
v 383.7900 94.5310 -108.8100
v 390.7900 93.8760 -108.8100
v 397.7900 93.2209 -108.8100
v 404.7900 92.5659 -108.8100
v 411.7900 91.9108 -108.8100
v -43.2100 134.9447 -115.8100
v -36.2100 134.2897 -115.8100
v -29.2100 133.6346 -115.8100
v -22.2100 132.9796 -115.8100
v -15.2100 132.3246 -115.8100
v -8.2100 131.6695 -115.8100
v -1.2100 131.0145 -115.8100
v 5.7900 130.3594 -115.8100
v 12.7900 129.7044 -115.8100
v 19.7900 129.0493 -115.8100
v 26.7900 128.3943 -115.8100
v 33.7900 127.7392 -115.8100
v 40.7900 127.0842 -115.8100
v 47.7900 126.4292 -115.8100
v 54.7900 125.7741 -115.8100
v 61.7900 125.1191 -115.8100
v 68.7900 124.4640 -115.8100
v 75.7900 123.8090 -115.8100
v 82.7900 123.1539 -115.8100
v 89.7900 122.4989 -115.8100
v 96.7900 121.8438 -115.8100
v 103.7900 121.1888 -115.8100
v 110.7900 120.5338 -115.8100
v 117.7900 119.8787 -115.8100
v 124.7900 119.2237 -115.8100
v 131.7900 118.5686 -115.8100
v 138.7900 117.9136 -115.8100
v 145.7900 117.2585 -115.8100
v 152.7900 116.6035 -115.8100
v 159.7900 115.9485 -115.8100
v 166.7900 115.2934 -115.8100
v 173.7900 114.6384 -115.8100
v 180.7900 113.9833 -115.8100
v 187.7900 113.3283 -115.8100
v 194.7900 112.6732 -115.8100
v 201.7900 112.0182 -115.8100
v 208.7900 111.3631 -115.8100
v 215.7900 110.7081 -115.8100
v 222.7900 110.0531 -115.8100
v 229.7900 109.3980 -115.8100
v 236.7900 108.7430 -115.8100
v 243.7900 108.0879 -115.8100
v 250.7900 107.4329 -115.8100
v 257.7900 106.7778 -115.8100
v 264.7900 106.1228 -115.8100
v 271.7900 105.4677 -115.8100
v 278.7900 104.8127 -115.8100
v 285.7900 104.1577 -115.8100
v 292.7900 103.5026 -115.8100
v 299.7900 102.8476 -115.8100
v 306.7900 102.1925 -115.8100
v 313.7900 101.5375 -115.8100
v 320.7900 100.8824 -115.8100
v 327.7900 100.2274 -115.8100
v 334.7900 99.5723 -115.8100
v 341.7900 98.9173 -115.8100
v 348.7900 98.2623 -115.8100
v 355.7900 97.6072 -115.8100
v 362.7900 96.9522 -115.8100
v 369.7900 96.2971 -115.8100
v 376.7900 95.6421 -115.8100
v 383.7900 94.9870 -115.8100
v 390.7900 94.3320 -115.8100
v 397.7900 93.6769 -115.8100
v 404.7900 93.0219 -115.8100
v 411.7900 92.3669 -115.8100
v -43.2100 135.4007 -122.8100
v -36.2100 134.7457 -122.8100
v -29.2100 134.0907 -122.8100
v -22.2100 133.4356 -122.8100
v -15.2100 132.7806 -122.8100
v -8.2100 132.1255 -122.8100
v -1.2100 131.4705 -122.8100
v 5.7900 130.8154 -122.8100
v 12.7900 130.1604 -122.8100
v 19.7900 129.5053 -122.8100
v 26.7900 128.8503 -122.8100
v 33.7900 128.1953 -122.8100
v 40.7900 127.5402 -122.8100
v 47.7900 126.8852 -122.8100
v 54.7900 126.2301 -122.8100
v 61.7900 125.5751 -122.8100
v 68.7900 124.9200 -122.8100
v 75.7900 124.2650 -122.8100
v 82.7900 123.6099 -122.8100
v 89.7900 122.9549 -122.8100
v 96.7900 122.2999 -122.8100
v 103.7900 121.6448 -122.8100
v 110.7900 120.9898 -122.8100
v 117.7900 120.3347 -122.8100
v 124.7900 119.6797 -122.8100
v 131.7900 119.0246 -122.8100
v 138.7900 118.3696 -122.8100
v 145.7900 117.7145 -122.8100
v 152.7900 117.0595 -122.8100
v 159.7900 116.4045 -122.8100
v 166.7900 115.7494 -122.8100
v 173.7900 115.0944 -122.8100
v 180.7900 114.4393 -122.8100
v 187.7900 113.7843 -122.8100
v 194.7900 113.1292 -122.8100
v 201.7900 112.4742 -122.8100
v 208.7900 111.8192 -122.8100
v 215.7900 111.1641 -122.8100
v 222.7900 110.5091 -122.8100
v 229.7900 109.8540 -122.8100
v 236.7900 109.1990 -122.8100
v 243.7900 108.5439 -122.8100
v 250.7900 107.8889 -122.8100
v 257.7900 107.2338 -122.8100
v 264.7900 106.5788 -122.8100
v 271.7900 105.9238 -122.8100
v 278.7900 105.2687 -122.8100
v 285.7900 104.6137 -122.8100
v 292.7900 103.9586 -122.8100
v 299.7900 103.3036 -122.8100
v 306.7900 102.6485 -122.8100
v 313.7900 101.9935 -122.8100
v 320.7900 101.3384 -122.8100
v 327.7900 100.6834 -122.8100
v 334.7900 100.0284 -122.8100
v 341.7900 99.3733 -122.8100
v 348.7900 98.7183 -122.8100
v 355.7900 98.0632 -122.8100
v 362.7900 97.4082 -122.8100
v 369.7900 96.7531 -122.8100
v 376.7900 96.0981 -122.8100
v 383.7900 95.4430 -122.8100
v 390.7900 94.7880 -122.8100
v 397.7900 94.1330 -122.8100
v 404.7900 93.4779 -122.8100
v 411.7900 92.8229 -122.8100
v -43.2100 135.8568 -129.8100
v -36.2100 135.2017 -129.8100
v -29.2100 134.5467 -129.8100
v -22.2100 133.8916 -129.8100
v -15.2100 133.2366 -129.8100
v -8.2100 132.5815 -129.8100
v -1.2100 131.9265 -129.8100
v 5.7900 131.2714 -129.8100
v 12.7900 130.6164 -129.8100
v 19.7900 129.9614 -129.8100
v 26.7900 129.3063 -129.8100
v 33.7900 128.6513 -129.8100
v 40.7900 127.9962 -129.8100
v 47.7900 127.3412 -129.8100
v 54.7900 126.6861 -129.8100
v 61.7900 126.0311 -129.8100
v 68.7900 125.3760 -129.8100
v 75.7900 124.7210 -129.8100
v 82.7900 124.0660 -129.8100
v 89.7900 123.4109 -129.8100
v 96.7900 122.7559 -129.8100
v 103.7900 122.1008 -129.8100
v 110.7900 121.4458 -129.8100
v 117.7900 120.7907 -129.8100
v 124.7900 120.1357 -129.8100
v 131.7900 119.4806 -129.8100
v 138.7900 118.8256 -129.8100
v 145.7900 118.1706 -129.8100
v 152.7900 117.5155 -129.8100
v 159.7900 116.8605 -129.8100
v 166.7900 116.2054 -129.8100
v 173.7900 115.5504 -129.8100
v 180.7900 114.8953 -129.8100
v 187.7900 114.2403 -129.8100
v 194.7900 113.5852 -129.8100
v 201.7900 112.9302 -129.8100
v 208.7900 112.2752 -129.8100
v 215.7900 111.6201 -129.8100
v 222.7900 110.9651 -129.8100
v 229.7900 110.3100 -129.8100
v 236.7900 109.6550 -129.8100
v 243.7900 108.9999 -129.8100
v 250.7900 108.3449 -129.8100
v 257.7900 107.6899 -129.8100
v 264.7900 107.0348 -129.8100
v 271.7900 106.3798 -129.8100
v 278.7900 105.7247 -129.8100
v 285.7900 105.0697 -129.8100
v 292.7900 104.4146 -129.8100
v 299.7900 103.7596 -129.8100
v 306.7900 103.1045 -129.8100
v 313.7900 102.4495 -129.8100
v 320.7900 101.7945 -129.8100
v 327.7900 101.1394 -129.8100
v 334.7900 100.4844 -129.8100
v 341.7900 99.8293 -129.8100
v 348.7900 99.1743 -129.8100
v 355.7900 98.5192 -129.8100
v 362.7900 97.8642 -129.8100
v 369.7900 97.2091 -129.8100
v 376.7900 96.5541 -129.8100
v 383.7900 95.8991 -129.8100
v 390.7900 95.2440 -129.8100
v 397.7900 94.5890 -129.8100
v 404.7900 93.9339 -129.8100
v 411.7900 93.2789 -129.8100
v -43.2100 136.3128 -136.8100
v -36.2100 135.6577 -136.8100
v -29.2100 135.0027 -136.8100
v -22.2100 134.3476 -136.8100
v -15.2100 133.6926 -136.8100
v -8.2100 133.0375 -136.8100
v -1.2100 132.3825 -136.8100
v 5.7900 131.7275 -136.8100
v 12.7900 131.0724 -136.8100
v 19.7900 130.4174 -136.8100
v 26.7900 129.7623 -136.8100
v 33.7900 129.1073 -136.8100
v 40.7900 128.4522 -136.8100
v 47.7900 127.7972 -136.8100
v 54.7900 127.1421 -136.8100
v 61.7900 126.4871 -136.8100
v 68.7900 125.8321 -136.8100
v 75.7900 125.1770 -136.8100
v 82.7900 124.5220 -136.8100
v 89.7900 123.8669 -136.8100
v 96.7900 123.2119 -136.8100
v 103.7900 122.5568 -136.8100
v 110.7900 121.9018 -136.8100
v 117.7900 121.2467 -136.8100
v 124.7900 120.5917 -136.8100
v 131.7900 119.9367 -136.8100
v 138.7900 119.2816 -136.8100
v 145.7900 118.6266 -136.8100
v 152.7900 117.9715 -136.8100
v 159.7900 117.3165 -136.8100
v 166.7900 116.6614 -136.8100
v 173.7900 116.0064 -136.8100
v 180.7900 115.3513 -136.8100
v 187.7900 114.6963 -136.8100
v 194.7900 114.0413 -136.8100
v 201.7900 113.3862 -136.8100
v 208.7900 112.7312 -136.8100
v 215.7900 112.0761 -136.8100
v 222.7900 111.4211 -136.8100
v 229.7900 110.7660 -136.8100
v 236.7900 110.1110 -136.8100
v 243.7900 109.4560 -136.8100
v 250.7900 108.8009 -136.8100
v 257.7900 108.1459 -136.8100
v 264.7900 107.4908 -136.8100
v 271.7900 106.8358 -136.8100
v 278.7900 106.1807 -136.8100
v 285.7900 105.5257 -136.8100
v 292.7900 104.8706 -136.8100
v 299.7900 104.2156 -136.8100
v 306.7900 103.5606 -136.8100
v 313.7900 102.9055 -136.8100
v 320.7900 102.2505 -136.8100
v 327.7900 101.5954 -136.8100
v 334.7900 100.9404 -136.8100
v 341.7900 100.2853 -136.8100
v 348.7900 99.6303 -136.8100
v 355.7900 98.9752 -136.8100
v 362.7900 98.3202 -136.8100
v 369.7900 97.6652 -136.8100
v 376.7900 97.0101 -136.8100
v 383.7900 96.3551 -136.8100
v 390.7900 95.7000 -136.8100
v 397.7900 95.0450 -136.8100
v 404.7900 94.3899 -136.8100
v 411.7900 93.7349 -136.8100
v -43.2100 136.7688 -143.8100
v -36.2100 136.1137 -143.8100
v -29.2100 135.4587 -143.8100
v -22.2100 134.8036 -143.8100
v -15.2100 134.1486 -143.8100
v -8.2100 133.4936 -143.8100
v -1.2100 132.8385 -143.8100
v 5.7900 132.1835 -143.8100
v 12.7900 131.5284 -143.8100
v 19.7900 130.8734 -143.8100
v 26.7900 130.2183 -143.8100
v 33.7900 129.5633 -143.8100
v 40.7900 128.9082 -143.8100
v 47.7900 128.2532 -143.8100
v 54.7900 127.5982 -143.8100
v 61.7900 126.9431 -143.8100
v 68.7900 126.2881 -143.8100
v 75.7900 125.6330 -143.8100
v 82.7900 124.9780 -143.8100
v 89.7900 124.3229 -143.8100
v 96.7900 123.6679 -143.8100
v 103.7900 123.0128 -143.8100
v 110.7900 122.3578 -143.8100
v 117.7900 121.7028 -143.8100
v 124.7900 121.0477 -143.8100
v 131.7900 120.3927 -143.8100
v 138.7900 119.7376 -143.8100
v 145.7900 119.0826 -143.8100
v 152.7900 118.4275 -143.8100
v 159.7900 117.7725 -143.8100
v 166.7900 117.1174 -143.8100
v 173.7900 116.4624 -143.8100
v 180.7900 115.8074 -143.8100
v 187.7900 115.1523 -143.8100
v 194.7900 114.4973 -143.8100
v 201.7900 113.8422 -143.8100
v 208.7900 113.1872 -143.8100
v 215.7900 112.5321 -143.8100
v 222.7900 111.8771 -143.8100
v 229.7900 111.2220 -143.8100
v 236.7900 110.5670 -143.8100
v 243.7900 109.9120 -143.8100
v 250.7900 109.2569 -143.8100
v 257.7900 108.6019 -143.8100
v 264.7900 107.9468 -143.8100
v 271.7900 107.2918 -143.8100
v 278.7900 106.6367 -143.8100
v 285.7900 105.9817 -143.8100
v 292.7900 105.3267 -143.8100
v 299.7900 104.6716 -143.8100
v 306.7900 104.0166 -143.8100
v 313.7900 103.3615 -143.8100
v 320.7900 102.7065 -143.8100
v 327.7900 102.0514 -143.8100
v 334.7900 101.3964 -143.8100
v 341.7900 100.7413 -143.8100
v 348.7900 100.0863 -143.8100
v 355.7900 99.4313 -143.8100
v 362.7900 98.7762 -143.8100
v 369.7900 98.1212 -143.8100
v 376.7900 97.4661 -143.8100
v 383.7900 96.8111 -143.8100
v 390.7900 96.1560 -143.8100
v 397.7900 95.5010 -143.8100
v 404.7900 94.8459 -143.8100
v 411.7900 94.1909 -143.8100
v -43.2100 137.2248 -150.8100
v -36.2100 136.5697 -150.8100
v -29.2100 135.9147 -150.8100
v -22.2100 135.2597 -150.8100
v -15.2100 134.6046 -150.8100
v -8.2100 133.9496 -150.8100
v -1.2100 133.2945 -150.8100
v 5.7900 132.6395 -150.8100
v 12.7900 131.9844 -150.8100
v 19.7900 131.3294 -150.8100
v 26.7900 130.6743 -150.8100
v 33.7900 130.0193 -150.8100
v 40.7900 129.3643 -150.8100
v 47.7900 128.7092 -150.8100
v 54.7900 128.0542 -150.8100
v 61.7900 127.3991 -150.8100
v 68.7900 126.7441 -150.8100
v 75.7900 126.0890 -150.8100
v 82.7900 125.4340 -150.8100
v 89.7900 124.7789 -150.8100
v 96.7900 124.1239 -150.8100
v 103.7900 123.4689 -150.8100
v 110.7900 122.8138 -150.8100
v 117.7900 122.1588 -150.8100
v 124.7900 121.5037 -150.8100
v 131.7900 120.8487 -150.8100
v 138.7900 120.1936 -150.8100
v 145.7900 119.5386 -150.8100
v 152.7900 118.8835 -150.8100
v 159.7900 118.2285 -150.8100
v 166.7900 117.5735 -150.8100
v 173.7900 116.9184 -150.8100
v 180.7900 116.2634 -150.8100
v 187.7900 115.6083 -150.8100
v 194.7900 114.9533 -150.8100
v 201.7900 114.2982 -150.8100
v 208.7900 113.6432 -150.8100
v 215.7900 112.9881 -150.8100
v 222.7900 112.3331 -150.8100
v 229.7900 111.6781 -150.8100
v 236.7900 111.0230 -150.8100
v 243.7900 110.3680 -150.8100
v 250.7900 109.7129 -150.8100
v 257.7900 109.0579 -150.8100
v 264.7900 108.4028 -150.8100
v 271.7900 107.7478 -150.8100
v 278.7900 107.0927 -150.8100
v 285.7900 106.4377 -150.8100
v 292.7900 105.7827 -150.8100
v 299.7900 105.1276 -150.8100
v 306.7900 104.4726 -150.8100
v 313.7900 103.8175 -150.8100
v 320.7900 103.1625 -150.8100
v 327.7900 102.5074 -150.8100
v 334.7900 101.8524 -150.8100
v 341.7900 101.1974 -150.8100
v 348.7900 100.5423 -150.8100
v 355.7900 99.8873 -150.8100
v 362.7900 99.2322 -150.8100
v 369.7900 98.5772 -150.8100
v 376.7900 97.9221 -150.8100
v 383.7900 97.2671 -150.8100
v 390.7900 96.6120 -150.8100
v 397.7900 95.9570 -150.8100
v 404.7900 95.3020 -150.8100
v 411.7900 94.6469 -150.8100
v -43.2100 137.6808 -157.8100
v -36.2100 137.0258 -157.8100
v -29.2100 136.3707 -157.8100
v -22.2100 135.7157 -157.8100
v -15.2100 135.0606 -157.8100
v -8.2100 134.4056 -157.8100
v -1.2100 133.7505 -157.8100
v 5.7900 133.0955 -157.8100
v 12.7900 132.4404 -157.8100
v 19.7900 131.7854 -157.8100
v 26.7900 131.1304 -157.8100
v 33.7900 130.4753 -157.8100
v 40.7900 129.8203 -157.8100
v 47.7900 129.1652 -157.8100
v 54.7900 128.5102 -157.8100
v 61.7900 127.8551 -157.8100
v 68.7900 127.2001 -157.8100
v 75.7900 126.5450 -157.8100
v 82.7900 125.8900 -157.8100
v 89.7900 125.2350 -157.8100
v 96.7900 124.5799 -157.8100
v 103.7900 123.9249 -157.8100
v 110.7900 123.2698 -157.8100
v 117.7900 122.6148 -157.8100
v 124.7900 121.9597 -157.8100
v 131.7900 121.3047 -157.8100
v 138.7900 120.6496 -157.8100
v 145.7900 119.9946 -157.8100
v 152.7900 119.3396 -157.8100
v 159.7900 118.6845 -157.8100
v 166.7900 118.0295 -157.8100
v 173.7900 117.3744 -157.8100
v 180.7900 116.7194 -157.8100
v 187.7900 116.0643 -157.8100
v 194.7900 115.4093 -157.8100
v 201.7900 114.7542 -157.8100
v 208.7900 114.0992 -157.8100
v 215.7900 113.4442 -157.8100
v 222.7900 112.7891 -157.8100
v 229.7900 112.1341 -157.8100
v 236.7900 111.4790 -157.8100
v 243.7900 110.8240 -157.8100
v 250.7900 110.1689 -157.8100
v 257.7900 109.5139 -157.8100
v 264.7900 108.8588 -157.8100
v 271.7900 108.2038 -157.8100
v 278.7900 107.5488 -157.8100
v 285.7900 106.8937 -157.8100
v 292.7900 106.2387 -157.8100
v 299.7900 105.5836 -157.8100
v 306.7900 104.9286 -157.8100
v 313.7900 104.2735 -157.8100
v 320.7900 103.6185 -157.8100
v 327.7900 102.9634 -157.8100
v 334.7900 102.3084 -157.8100
v 341.7900 101.6534 -157.8100
v 348.7900 100.9983 -157.8100
v 355.7900 100.3433 -157.8100
v 362.7900 99.6882 -157.8100
v 369.7900 99.0332 -157.8100
v 376.7900 98.3781 -157.8100
v 383.7900 97.7231 -157.8100
v 390.7900 97.0681 -157.8100
v 397.7900 96.4130 -157.8100
v 404.7900 95.7580 -157.8100
v 411.7900 95.1029 -157.8100
v -43.2100 138.1368 -164.8100
v -36.2100 137.4818 -164.8100
v -29.2100 136.8267 -164.8100
v -22.2100 136.1717 -164.8100
v -15.2100 135.5166 -164.8100
v -8.2100 134.8616 -164.8100
v -1.2100 134.2065 -164.8100
v 5.7900 133.5515 -164.8100
v 12.7900 132.8965 -164.8100
v 19.7900 132.2414 -164.8100
v 26.7900 131.5864 -164.8100
v 33.7900 130.9313 -164.8100
v 40.7900 130.2763 -164.8100
v 47.7900 129.6212 -164.8100
v 54.7900 128.9662 -164.8100
v 61.7900 128.3111 -164.8100
v 68.7900 127.6561 -164.8100
v 75.7900 127.0011 -164.8100
v 82.7900 126.3460 -164.8100
v 89.7900 125.6910 -164.8100
v 96.7900 125.0359 -164.8100
v 103.7900 124.3809 -164.8100
v 110.7900 123.7258 -164.8100
v 117.7900 123.0708 -164.8100
v 124.7900 122.4157 -164.8100
v 131.7900 121.7607 -164.8100
v 138.7900 121.1057 -164.8100
v 145.7900 120.4506 -164.8100
v 152.7900 119.7956 -164.8100
v 159.7900 119.1405 -164.8100
v 166.7900 118.4855 -164.8100
v 173.7900 117.8304 -164.8100
v 180.7900 117.1754 -164.8100
v 187.7900 116.5203 -164.8100
v 194.7900 115.8653 -164.8100
v 201.7900 115.2103 -164.8100
v 208.7900 114.5552 -164.8100
v 215.7900 113.9002 -164.8100
v 222.7900 113.2451 -164.8100
v 229.7900 112.5901 -164.8100
v 236.7900 111.9350 -164.8100
v 243.7900 111.2800 -164.8100
v 250.7900 110.6249 -164.8100
v 257.7900 109.9699 -164.8100
v 264.7900 109.3149 -164.8100
v 271.7900 108.6598 -164.8100
v 278.7900 108.0048 -164.8100
v 285.7900 107.3497 -164.8100
v 292.7900 106.6947 -164.8100
v 299.7900 106.0396 -164.8100
v 306.7900 105.3846 -164.8100
v 313.7900 104.7295 -164.8100
v 320.7900 104.0745 -164.8100
v 327.7900 103.4195 -164.8100
v 334.7900 102.7644 -164.8100
v 341.7900 102.1094 -164.8100
v 348.7900 101.4543 -164.8100
v 355.7900 100.7993 -164.8100
v 362.7900 100.1442 -164.8100
v 369.7900 99.4892 -164.8100
v 376.7900 98.8342 -164.8100
v 383.7900 98.1791 -164.8100
v 390.7900 97.5241 -164.8100
v 397.7900 96.8690 -164.8100
v 404.7900 96.2140 -164.8100
v 411.7900 95.5589 -164.8100
v -43.2100 138.5928 -171.8100
v -36.2100 137.9378 -171.8100
v -29.2100 137.2827 -171.8100
v -22.2100 136.6277 -171.8100
v -15.2100 135.9726 -171.8100
v -8.2100 135.3176 -171.8100
v -1.2100 134.6626 -171.8100
v 5.7900 134.0075 -171.8100
v 12.7900 133.3525 -171.8100
v 19.7900 132.6974 -171.8100
v 26.7900 132.0424 -171.8100
v 33.7900 131.3873 -171.8100
v 40.7900 130.7323 -171.8100
v 47.7900 130.0772 -171.8100
v 54.7900 129.4222 -171.8100
v 61.7900 128.7672 -171.8100
v 68.7900 128.1121 -171.8100
v 75.7900 127.4571 -171.8100
v 82.7900 126.8020 -171.8100
v 89.7900 126.1470 -171.8100
v 96.7900 125.4919 -171.8100
v 103.7900 124.8369 -171.8100
v 110.7900 124.1818 -171.8100
v 117.7900 123.5268 -171.8100
v 124.7900 122.8718 -171.8100
v 131.7900 122.2167 -171.8100
v 138.7900 121.5617 -171.8100
v 145.7900 120.9066 -171.8100
v 152.7900 120.2516 -171.8100
v 159.7900 119.5965 -171.8100
v 166.7900 118.9415 -171.8100
v 173.7900 118.2864 -171.8100
v 180.7900 117.6314 -171.8100
v 187.7900 116.9764 -171.8100
v 194.7900 116.3213 -171.8100
v 201.7900 115.6663 -171.8100
v 208.7900 115.0112 -171.8100
v 215.7900 114.3562 -171.8100
v 222.7900 113.7011 -171.8100
v 229.7900 113.0461 -171.8100
v 236.7900 112.3910 -171.8100
v 243.7900 111.7360 -171.8100
v 250.7900 111.0810 -171.8100
v 257.7900 110.4259 -171.8100
v 264.7900 109.7709 -171.8100
v 271.7900 109.1158 -171.8100
v 278.7900 108.4608 -171.8100
v 285.7900 107.8057 -171.8100
v 292.7900 107.1507 -171.8100
v 299.7900 106.4956 -171.8100
v 306.7900 105.8406 -171.8100
v 313.7900 105.1856 -171.8100
v 320.7900 104.5305 -171.8100
v 327.7900 103.8755 -171.8100
v 334.7900 103.2204 -171.8100
v 341.7900 102.5654 -171.8100
v 348.7900 101.9103 -171.8100
v 355.7900 101.2553 -171.8100
v 362.7900 100.6002 -171.8100
v 369.7900 99.9452 -171.8100
v 376.7900 99.2902 -171.8100
v 383.7900 98.6351 -171.8100
v 390.7900 97.9801 -171.8100
v 397.7900 97.3250 -171.8100
v 404.7900 96.6700 -171.8100
v 411.7900 96.0149 -171.8100
v -43.2100 139.0488 -178.8100
v -36.2100 138.3938 -178.8100
v -29.2100 137.7387 -178.8100
v -22.2100 137.0837 -178.8100
v -15.2100 136.4287 -178.8100
v -8.2100 135.7736 -178.8100
v -1.2100 135.1186 -178.8100
v 5.7900 134.4635 -178.8100
v 12.7900 133.8085 -178.8100
v 19.7900 133.1534 -178.8100
v 26.7900 132.4984 -178.8100
v 33.7900 131.8433 -178.8100
v 40.7900 131.1883 -178.8100
v 47.7900 130.5333 -178.8100
v 54.7900 129.8782 -178.8100
v 61.7900 129.2232 -178.8100
v 68.7900 128.5681 -178.8100
v 75.7900 127.9131 -178.8100
v 82.7900 127.2580 -178.8100
v 89.7900 126.6030 -178.8100
v 96.7900 125.9479 -178.8100
v 103.7900 125.2929 -178.8100
v 110.7900 124.6379 -178.8100
v 117.7900 123.9828 -178.8100
v 124.7900 123.3278 -178.8100
v 131.7900 122.6727 -178.8100
v 138.7900 122.0177 -178.8100
v 145.7900 121.3626 -178.8100
v 152.7900 120.7076 -178.8100
v 159.7900 120.0525 -178.8100
v 166.7900 119.3975 -178.8100
v 173.7900 118.7425 -178.8100
v 180.7900 118.0874 -178.8100
v 187.7900 117.4324 -178.8100
v 194.7900 116.7773 -178.8100
v 201.7900 116.1223 -178.8100
v 208.7900 115.4672 -178.8100
v 215.7900 114.8122 -178.8100
v 222.7900 114.1571 -178.8100
v 229.7900 113.5021 -178.8100
v 236.7900 112.8471 -178.8100
v 243.7900 112.1920 -178.8100
v 250.7900 111.5370 -178.8100
v 257.7900 110.8819 -178.8100
v 264.7900 110.2269 -178.8100
v 271.7900 109.5718 -178.8100
v 278.7900 108.9168 -178.8100
v 285.7900 108.2617 -178.8100
v 292.7900 107.6067 -178.8100
v 299.7900 106.9517 -178.8100
v 306.7900 106.2966 -178.8100
v 313.7900 105.6416 -178.8100
v 320.7900 104.9865 -178.8100
v 327.7900 104.3315 -178.8100
v 334.7900 103.6764 -178.8100
v 341.7900 103.0214 -178.8100
v 348.7900 102.3663 -178.8100
v 355.7900 101.7113 -178.8100
v 362.7900 101.0563 -178.8100
v 369.7900 100.4012 -178.8100
v 376.7900 99.7462 -178.8100
v 383.7900 99.0911 -178.8100
v 390.7900 98.4361 -178.8100
v 397.7900 97.7810 -178.8100
v 404.7900 97.1260 -178.8100
v 411.7900 96.4709 -178.8100
v -43.2100 139.5048 -185.8100
v -36.2100 138.8498 -185.8100
v -29.2100 138.1948 -185.8100
v -22.2100 137.5397 -185.8100
v -15.2100 136.8847 -185.8100
v -8.2100 136.2296 -185.8100
v -1.2100 135.5746 -185.8100
v 5.7900 134.9195 -185.8100
v 12.7900 134.2645 -185.8100
v 19.7900 133.6094 -185.8100
v 26.7900 132.9544 -185.8100
v 33.7900 132.2994 -185.8100
v 40.7900 131.6443 -185.8100
v 47.7900 130.9893 -185.8100
v 54.7900 130.3342 -185.8100
v 61.7900 129.6792 -185.8100
v 68.7900 129.0241 -185.8100
v 75.7900 128.3691 -185.8100
v 82.7900 127.7140 -185.8100
v 89.7900 127.0590 -185.8100
v 96.7900 126.4040 -185.8100
v 103.7900 125.7489 -185.8100
v 110.7900 125.0939 -185.8100
v 117.7900 124.4388 -185.8100
v 124.7900 123.7838 -185.8100
v 131.7900 123.1287 -185.8100
v 138.7900 122.4737 -185.8100
v 145.7900 121.8186 -185.8100
v 152.7900 121.1636 -185.8100
v 159.7900 120.5086 -185.8100
v 166.7900 119.8535 -185.8100
v 173.7900 119.1985 -185.8100
v 180.7900 118.5434 -185.8100
v 187.7900 117.8884 -185.8100
v 194.7900 117.2333 -185.8100
v 201.7900 116.5783 -185.8100
v 208.7900 115.9232 -185.8100
v 215.7900 115.2682 -185.8100
v 222.7900 114.6132 -185.8100
v 229.7900 113.9581 -185.8100
v 236.7900 113.3031 -185.8100
v 243.7900 112.6480 -185.8100
v 250.7900 111.9930 -185.8100
v 257.7900 111.3379 -185.8100
v 264.7900 110.6829 -185.8100
v 271.7900 110.0278 -185.8100
v 278.7900 109.3728 -185.8100
v 285.7900 108.7178 -185.8100
v 292.7900 108.0627 -185.8100
v 299.7900 107.4077 -185.8100
v 306.7900 106.7526 -185.8100
v 313.7900 106.0976 -185.8100
v 320.7900 105.4425 -185.8100
v 327.7900 104.7875 -185.8100
v 334.7900 104.1324 -185.8100
v 341.7900 103.4774 -185.8100
v 348.7900 102.8224 -185.8100
v 355.7900 102.1673 -185.8100
v 362.7900 101.5123 -185.8100
v 369.7900 100.8572 -185.8100
v 376.7900 100.2022 -185.8100
v 383.7900 99.5471 -185.8100
v 390.7900 98.8921 -185.8100
v 397.7900 98.2370 -185.8100
v 404.7900 97.5820 -185.8100
v 411.7900 96.9270 -185.8100
v -43.2100 139.9609 -192.8100
v -36.2100 139.3058 -192.8100
v -29.2100 138.6508 -192.8100
v -22.2100 137.9957 -192.8100
v -15.2100 137.3407 -192.8100
v -8.2100 136.6856 -192.8100
v -1.2100 136.0306 -192.8100
v 5.7900 135.3755 -192.8100
v 12.7900 134.7205 -192.8100
v 19.7900 134.0655 -192.8100
v 26.7900 133.4104 -192.8100
v 33.7900 132.7554 -192.8100
v 40.7900 132.1003 -192.8100
v 47.7900 131.4453 -192.8100
v 54.7900 130.7902 -192.8100
v 61.7900 130.1352 -192.8100
v 68.7900 129.4801 -192.8100
v 75.7900 128.8251 -192.8100
v 82.7900 128.1701 -192.8100
v 89.7900 127.5150 -192.8100
v 96.7900 126.8600 -192.8100
v 103.7900 126.2049 -192.8100
v 110.7900 125.5499 -192.8100
v 117.7900 124.8948 -192.8100
v 124.7900 124.2398 -192.8100
v 131.7900 123.5847 -192.8100
v 138.7900 122.9297 -192.8100
v 145.7900 122.2747 -192.8100
v 152.7900 121.6196 -192.8100
v 159.7900 120.9646 -192.8100
v 166.7900 120.3095 -192.8100
v 173.7900 119.6545 -192.8100
v 180.7900 118.9994 -192.8100
v 187.7900 118.3444 -192.8100
v 194.7900 117.6893 -192.8100
v 201.7900 117.0343 -192.8100
v 208.7900 116.3793 -192.8100
v 215.7900 115.7242 -192.8100
v 222.7900 115.0692 -192.8100
v 229.7900 114.4141 -192.8100
v 236.7900 113.7591 -192.8100
v 243.7900 113.1040 -192.8100
v 250.7900 112.4490 -192.8100
v 257.7900 111.7939 -192.8100
v 264.7900 111.1389 -192.8100
v 271.7900 110.4839 -192.8100
v 278.7900 109.8288 -192.8100
v 285.7900 109.1738 -192.8100
v 292.7900 108.5187 -192.8100
v 299.7900 107.8637 -192.8100
v 306.7900 107.2086 -192.8100
v 313.7900 106.5536 -192.8100
v 320.7900 105.8985 -192.8100
v 327.7900 105.2435 -192.8100
v 334.7900 104.5885 -192.8100
v 341.7900 103.9334 -192.8100
v 348.7900 103.2784 -192.8100
v 355.7900 102.6233 -192.8100
v 362.7900 101.9683 -192.8100
v 369.7900 101.3132 -192.8100
v 376.7900 100.6582 -192.8100
v 383.7900 100.0031 -192.8100
v 390.7900 99.3481 -192.8100
v 397.7900 98.6931 -192.8100
v 404.7900 98.0380 -192.8100
v 411.7900 97.3830 -192.8100
v -43.2100 140.4169 -199.8100
v -36.2100 139.7618 -199.8100
v -29.2100 139.1068 -199.8100
v -22.2100 138.4517 -199.8100
v -15.2100 137.7967 -199.8100
v -8.2100 137.1416 -199.8100
v -1.2100 136.4866 -199.8100
v 5.7900 135.8316 -199.8100
v 12.7900 135.1765 -199.8100
v 19.7900 134.5215 -199.8100
v 26.7900 133.8664 -199.8100
v 33.7900 133.2114 -199.8100
v 40.7900 132.5563 -199.8100
v 47.7900 131.9013 -199.8100
v 54.7900 131.2462 -199.8100
v 61.7900 130.5912 -199.8100
v 68.7900 129.9362 -199.8100
v 75.7900 129.2811 -199.8100
v 82.7900 128.6261 -199.8100
v 89.7900 127.9710 -199.8100
v 96.7900 127.3160 -199.8100
v 103.7900 126.6609 -199.8100
v 110.7900 126.0059 -199.8100
v 117.7900 125.3508 -199.8100
v 124.7900 124.6958 -199.8100
v 131.7900 124.0408 -199.8100
v 138.7900 123.3857 -199.8100
v 145.7900 122.7307 -199.8100
v 152.7900 122.0756 -199.8100
v 159.7900 121.4206 -199.8100
v 166.7900 120.7655 -199.8100
v 173.7900 120.1105 -199.8100
v 180.7900 119.4554 -199.8100
v 187.7900 118.8004 -199.8100
v 194.7900 118.1454 -199.8100
v 201.7900 117.4903 -199.8100
v 208.7900 116.8353 -199.8100
v 215.7900 116.1802 -199.8100
v 222.7900 115.5252 -199.8100
v 229.7900 114.8701 -199.8100
v 236.7900 114.2151 -199.8100
v 243.7900 113.5600 -199.8100
v 250.7900 112.9050 -199.8100
v 257.7900 112.2500 -199.8100
v 264.7900 111.5949 -199.8100
v 271.7900 110.9399 -199.8100
v 278.7900 110.2848 -199.8100
v 285.7900 109.6298 -199.8100
v 292.7900 108.9747 -199.8100
v 299.7900 108.3197 -199.8100
v 306.7900 107.6646 -199.8100
v 313.7900 107.0096 -199.8100
v 320.7900 106.3546 -199.8100
v 327.7900 105.6995 -199.8100
v 334.7900 105.0445 -199.8100
v 341.7900 104.3894 -199.8100
v 348.7900 103.7344 -199.8100
v 355.7900 103.0793 -199.8100
v 362.7900 102.4243 -199.8100
v 369.7900 101.7692 -199.8100
v 376.7900 101.1142 -199.8100
v 383.7900 100.4592 -199.8100
v 390.7900 99.8041 -199.8100
v 397.7900 99.1491 -199.8100
v 404.7900 98.4940 -199.8100
v 411.7900 97.8390 -199.8100
v -43.2100 140.8729 -206.8100
v -36.2100 140.2178 -206.8100
v -29.2100 139.5628 -206.8100
v -22.2100 138.9077 -206.8100
v -15.2100 138.2527 -206.8100
v -8.2100 137.5977 -206.8100
v -1.2100 136.9426 -206.8100
v 5.7900 136.2876 -206.8100
v 12.7900 135.6325 -206.8100
v 19.7900 134.9775 -206.8100
v 26.7900 134.3224 -206.8100
v 33.7900 133.6674 -206.8100
v 40.7900 133.0123 -206.8100
v 47.7900 132.3573 -206.8100
v 54.7900 131.7023 -206.8100
v 61.7900 131.0472 -206.8100
v 68.7900 130.3922 -206.8100
v 75.7900 129.7371 -206.8100
v 82.7900 129.0821 -206.8100
v 89.7900 128.4270 -206.8100
v 96.7900 127.7720 -206.8100
v 103.7900 127.1169 -206.8100
v 110.7900 126.4619 -206.8100
v 117.7900 125.8069 -206.8100
v 124.7900 125.1518 -206.8100
v 131.7900 124.4968 -206.8100
v 138.7900 123.8417 -206.8100
v 145.7900 123.1867 -206.8100
v 152.7900 122.5316 -206.8100
v 159.7900 121.8766 -206.8100
v 166.7900 121.2215 -206.8100
v 173.7900 120.5665 -206.8100
v 180.7900 119.9115 -206.8100
v 187.7900 119.2564 -206.8100
v 194.7900 118.6014 -206.8100
v 201.7900 117.9463 -206.8100
v 208.7900 117.2913 -206.8100
v 215.7900 116.6362 -206.8100
v 222.7900 115.9812 -206.8100
v 229.7900 115.3261 -206.8100
v 236.7900 114.6711 -206.8100
v 243.7900 114.0161 -206.8100
v 250.7900 113.3610 -206.8100
v 257.7900 112.7060 -206.8100
v 264.7900 112.0509 -206.8100
v 271.7900 111.3959 -206.8100
v 278.7900 110.7408 -206.8100
v 285.7900 110.0858 -206.8100
v 292.7900 109.4307 -206.8100
v 299.7900 108.7757 -206.8100
v 306.7900 108.1207 -206.8100
v 313.7900 107.4656 -206.8100
v 320.7900 106.8106 -206.8100
v 327.7900 106.1555 -206.8100
v 334.7900 105.5005 -206.8100
v 341.7900 104.8454 -206.8100
v 348.7900 104.1904 -206.8100
v 355.7900 103.5353 -206.8100
v 362.7900 102.8803 -206.8100
v 369.7900 102.2253 -206.8100
v 376.7900 101.5702 -206.8100
v 383.7900 100.9152 -206.8100
v 390.7900 100.2601 -206.8100
v 397.7900 99.6051 -206.8100
v 404.7900 98.9500 -206.8100
v 411.7900 98.2950 -206.8100
v -43.2100 141.3289 -213.8100
v -36.2100 140.6738 -213.8100
v -29.2100 140.0188 -213.8100
v -22.2100 139.3638 -213.8100
v -15.2100 138.7087 -213.8100
v -8.2100 138.0537 -213.8100
v -1.2100 137.3986 -213.8100
v 5.7900 136.7436 -213.8100
v 12.7900 136.0885 -213.8100
v 19.7900 135.4335 -213.8100
v 26.7900 134.7784 -213.8100
v 33.7900 134.1234 -213.8100
v 40.7900 133.4684 -213.8100
v 47.7900 132.8133 -213.8100
v 54.7900 132.1583 -213.8100
v 61.7900 131.5032 -213.8100
v 68.7900 130.8482 -213.8100
v 75.7900 130.1931 -213.8100
v 82.7900 129.5381 -213.8100
v 89.7900 128.8830 -213.8100
v 96.7900 128.2280 -213.8100
v 103.7900 127.5730 -213.8100
v 110.7900 126.9179 -213.8100
v 117.7900 126.2629 -213.8100
v 124.7900 125.6078 -213.8100
v 131.7900 124.9528 -213.8100
v 138.7900 124.2977 -213.8100
v 145.7900 123.6427 -213.8100
v 152.7900 122.9876 -213.8100
v 159.7900 122.3326 -213.8100
v 166.7900 121.6776 -213.8100
v 173.7900 121.0225 -213.8100
v 180.7900 120.3675 -213.8100
v 187.7900 119.7124 -213.8100
v 194.7900 119.0574 -213.8100
v 201.7900 118.4023 -213.8100
v 208.7900 117.7473 -213.8100
v 215.7900 117.0922 -213.8100
v 222.7900 116.4372 -213.8100
v 229.7900 115.7822 -213.8100
v 236.7900 115.1271 -213.8100
v 243.7900 114.4721 -213.8100
v 250.7900 113.8170 -213.8100
v 257.7900 113.1620 -213.8100
v 264.7900 112.5069 -213.8100
v 271.7900 111.8519 -213.8100
v 278.7900 111.1968 -213.8100
v 285.7900 110.5418 -213.8100
v 292.7900 109.8868 -213.8100
v 299.7900 109.2317 -213.8100
v 306.7900 108.5767 -213.8100
v 313.7900 107.9216 -213.8100
v 320.7900 107.2666 -213.8100
v 327.7900 106.6115 -213.8100
v 334.7900 105.9565 -213.8100
v 341.7900 105.3014 -213.8100
v 348.7900 104.6464 -213.8100
v 355.7900 103.9914 -213.8100
v 362.7900 103.3363 -213.8100
v 369.7900 102.6813 -213.8100
v 376.7900 102.0262 -213.8100
v 383.7900 101.3712 -213.8100
v 390.7900 100.7161 -213.8100
v 397.7900 100.0611 -213.8100
v 404.7900 99.4060 -213.8100
v 411.7900 98.7510 -213.8100
v -43.2100 141.7849 -220.8100
v -36.2100 141.1299 -220.8100
v -29.2100 140.4748 -220.8100
v -22.2100 139.8198 -220.8100
v -15.2100 139.1647 -220.8100
v -8.2100 138.5097 -220.8100
v -1.2100 137.8546 -220.8100
v 5.7900 137.1996 -220.8100
v 12.7900 136.5445 -220.8100
v 19.7900 135.8895 -220.8100
v 26.7900 135.2345 -220.8100
v 33.7900 134.5794 -220.8100
v 40.7900 133.9244 -220.8100
v 47.7900 133.2693 -220.8100
v 54.7900 132.6143 -220.8100
v 61.7900 131.9592 -220.8100
v 68.7900 131.3042 -220.8100
v 75.7900 130.6491 -220.8100
v 82.7900 129.9941 -220.8100
v 89.7900 129.3391 -220.8100
v 96.7900 128.6840 -220.8100
v 103.7900 128.0290 -220.8100
v 110.7900 127.3739 -220.8100
v 117.7900 126.7189 -220.8100
v 124.7900 126.0638 -220.8100
v 131.7900 125.4088 -220.8100
v 138.7900 124.7537 -220.8100
v 145.7900 124.0987 -220.8100
v 152.7900 123.4437 -220.8100
v 159.7900 122.7886 -220.8100
v 166.7900 122.1336 -220.8100
v 173.7900 121.4785 -220.8100
v 180.7900 120.8235 -220.8100
v 187.7900 120.1684 -220.8100
v 194.7900 119.5134 -220.8100
v 201.7900 118.8583 -220.8100
v 208.7900 118.2033 -220.8100
v 215.7900 117.5483 -220.8100
v 222.7900 116.8932 -220.8100
v 229.7900 116.2382 -220.8100
v 236.7900 115.5831 -220.8100
v 243.7900 114.9281 -220.8100
v 250.7900 114.2730 -220.8100
v 257.7900 113.6180 -220.8100
v 264.7900 112.9629 -220.8100
v 271.7900 112.3079 -220.8100
v 278.7900 111.6529 -220.8100
v 285.7900 110.9978 -220.8100
v 292.7900 110.3428 -220.8100
v 299.7900 109.6877 -220.8100
v 306.7900 109.0327 -220.8100
v 313.7900 108.3776 -220.8100
v 320.7900 107.7226 -220.8100
v 327.7900 107.0675 -220.8100
v 334.7900 106.4125 -220.8100
v 341.7900 105.7575 -220.8100
v 348.7900 105.1024 -220.8100
v 355.7900 104.4474 -220.8100
v 362.7900 103.7923 -220.8100
v 369.7900 103.1373 -220.8100
v 376.7900 102.4822 -220.8100
v 383.7900 101.8272 -220.8100
v 390.7900 101.1721 -220.8100
v 397.7900 100.5171 -220.8100
v 404.7900 99.8621 -220.8100
v 411.7900 99.2070 -220.8100
vt 0.327394 0.574782
vt 0.333724 0.578765
vt 0.341696 0.579149
vt 0.372338 0.582321
vt 0.389239 0.584990
vt 0.413412 0.585475
vt 0.436424 0.587413
vt 0.454058 0.584780
vt 0.480425 0.584617
vt 0.503071 0.586326
vt 0.527289 0.588155
vt 0.542641 0.589491
vt 0.567906 0.590083
vt 0.571347 0.578053
vt 0.579449 0.567910
vt 0.568422 0.561724
vt 0.542704 0.549996
vt 0.526063 0.536435
vt 0.511992 0.527883
vt 0.486420 0.509745
vt 0.475093 0.501171
vt 0.458686 0.512543
vt 0.438115 0.524214
vt 0.424124 0.513288
vt 0.408941 0.498071
vt 0.396879 0.484406
vt 0.391578 0.474787
vt 0.386131 0.502655
vt 0.379754 0.515506
vt 0.359981 0.540137
vt 0.340289 0.560351
vt 0.344732 0.555799
vt 0.365285 0.533536
vt 0.533335 0.542369
vt 0.382609 0.570467
vt 0.423962 0.573453
vt 0.465302 0.574778
vt 0.506656 0.577763
vt 0.539731 0.579156
vt 0.357786 0.567348
vt 0.498417 0.581151
vt 0.390687 0.547160
vt 0.428735 0.550172
vt 0.461810 0.551564
vt 0.498191 0.552930
vt 0.518041 0.554429
vt 0.407192 0.543706
vt 0.445266 0.550038
vt 0.407018 0.522125
vt 0.435094 0.518578
vt 0.461516 0.515044
vt 0.489632 0.516476
vt 0.448385 0.526771
vt 0.418523 0.513732
vt 0.474728 0.513276
vt 0.448958 0.598153
vt 0.498564 0.599411
vt 0.399353 0.596894
vt 0.531599 0.595823
vt 0.581138 0.588781
vt 0.319752 0.565995
vt 0.312940 0.541148
vt 0.324312 0.516154
vt 0.332377 0.491187
vt 0.345469 0.474479
vt 0.308313 0.582689
vt 0.296569 0.561202
vt 0.302955 0.532928
vt 0.414831 0.465617
vt 0.447852 0.460370
vt 0.381729 0.460905
vt 0.480993 0.470062
vt 0.497617 0.481548
vt 0.510975 0.498042
vt 0.497884 0.514749
vt 0.564314 0.552394
vt 0.555941 0.539181
vt 0.572632 0.558967
vt 0.547609 0.530948
vt 0.530985 0.519461
vt 0.062482 0.231067
vt 0.074053 0.230974
vt 0.085624 0.230881
vt 0.097195 0.230787
vt 0.108767 0.230694
vt 0.120338 0.230600
vt 0.131909 0.230507
vt 0.143480 0.230414
vt 0.155052 0.230320
vt 0.166623 0.230227
vt 0.178194 0.230133
vt 0.189765 0.230040
vt 0.201337 0.229946
vt 0.212908 0.229853
vt 0.224479 0.229759
vt 0.236050 0.229666
vt 0.247622 0.229572
vt 0.259193 0.229479
vt 0.270764 0.229385
vt 0.282335 0.229292
vt 0.293907 0.229198
vt 0.305478 0.229105
vt 0.317049 0.229011
vt 0.328620 0.228917
vt 0.340192 0.228824
vt 0.351763 0.228730
vt 0.363334 0.228637
vt 0.374905 0.228543
vt 0.386477 0.228449
vt 0.398048 0.228356
vt 0.409619 0.228262
vt 0.421190 0.228168
vt 0.432762 0.228075
vt 0.444333 0.227981
vt 0.455904 0.227887
vt 0.467475 0.227794
vt 0.479047 0.227700
vt 0.490618 0.227606
vt 0.502189 0.227512
vt 0.513760 0.227419
vt 0.525332 0.227325
vt 0.536903 0.227231
vt 0.548474 0.227137
vt 0.560045 0.227044
vt 0.571617 0.226950
vt 0.583188 0.226856
vt 0.594759 0.226762
vt 0.606330 0.226668
vt 0.617902 0.226575
vt 0.629473 0.226481
vt 0.641044 0.226387
vt 0.652615 0.226293
vt 0.664187 0.226199
vt 0.675758 0.226105
vt 0.687329 0.226011
vt 0.698900 0.225918
vt 0.710471 0.225824
vt 0.722043 0.225730
vt 0.733614 0.225636
vt 0.745185 0.225542
vt 0.756756 0.225448
vt 0.768328 0.225354
vt 0.779899 0.225260
vt 0.791470 0.225166
vt 0.803041 0.225072
vt 0.814613 0.224978
vt 0.062575 0.242687
vt 0.074146 0.242594
vt 0.085717 0.242501
vt 0.097288 0.242407
vt 0.108860 0.242314
vt 0.120431 0.242220
vt 0.132002 0.242127
vt 0.143573 0.242034
vt 0.155145 0.241940
vt 0.166716 0.241847
vt 0.178287 0.241753
vt 0.189859 0.241660
vt 0.201430 0.241566
vt 0.213001 0.241473
vt 0.224572 0.241379
vt 0.236144 0.241286
vt 0.247715 0.241192
vt 0.259286 0.241099
vt 0.270857 0.241005
vt 0.282429 0.240912
vt 0.294000 0.240818
vt 0.305571 0.240725
vt 0.317142 0.240631
vt 0.328714 0.240537
vt 0.340285 0.240444
vt 0.351856 0.240350
vt 0.363427 0.240257
vt 0.374999 0.240163
vt 0.386570 0.240069
vt 0.398141 0.239976
vt 0.409712 0.239882
vt 0.421284 0.239788
vt 0.432855 0.239695
vt 0.444426 0.239601
vt 0.455997 0.239507
vt 0.467569 0.239414
vt 0.479140 0.239320
vt 0.490711 0.239226
vt 0.502282 0.239132
vt 0.513854 0.239039
vt 0.525425 0.238945
vt 0.536996 0.238851
vt 0.548567 0.238757
vt 0.560139 0.238664
vt 0.571710 0.238570
vt 0.583281 0.238476
vt 0.594853 0.238382
vt 0.606424 0.238288
vt 0.617995 0.238195
vt 0.629566 0.238101
vt 0.641138 0.238007
vt 0.652709 0.237913
vt 0.664280 0.237819
vt 0.675851 0.237725
vt 0.687423 0.237631
vt 0.698994 0.237538
vt 0.710565 0.237444
vt 0.722136 0.237350
vt 0.733707 0.237256
vt 0.745279 0.237162
vt 0.756850 0.237068
vt 0.768421 0.236974
vt 0.779992 0.236880
vt 0.791564 0.236786
vt 0.803135 0.236692
vt 0.814706 0.236598
vt 0.062668 0.254307
vt 0.074239 0.254214
vt 0.085810 0.254121
vt 0.097381 0.254027
vt 0.108953 0.253934
vt 0.120524 0.253840
vt 0.132095 0.253747
vt 0.143667 0.253654
vt 0.155238 0.253560
vt 0.166809 0.253467
vt 0.178380 0.253373
vt 0.189952 0.253280
vt 0.201523 0.253186
vt 0.213094 0.253093
vt 0.224665 0.252999
vt 0.236237 0.252906
vt 0.247808 0.252812
vt 0.259379 0.252719
vt 0.270951 0.252625
vt 0.282522 0.252532
vt 0.294093 0.252438
vt 0.305664 0.252345
vt 0.317236 0.252251
vt 0.328807 0.252157
vt 0.340378 0.252064
vt 0.351949 0.251970
vt 0.363521 0.251877
vt 0.375092 0.251783
vt 0.386663 0.251689
vt 0.398234 0.251596
vt 0.409806 0.251502
vt 0.421377 0.251408
vt 0.432948 0.251315
vt 0.444520 0.251221
vt 0.456091 0.251127
vt 0.467662 0.251034
vt 0.479233 0.250940
vt 0.490805 0.250846
vt 0.502376 0.250753
vt 0.513947 0.250659
vt 0.525518 0.250565
vt 0.537090 0.250471
vt 0.548661 0.250377
vt 0.560232 0.250284
vt 0.571803 0.250190
vt 0.583375 0.250096
vt 0.594946 0.250002
vt 0.606517 0.249908
vt 0.618088 0.249815
vt 0.629660 0.249721
vt 0.641231 0.249627
vt 0.652802 0.249533
vt 0.664373 0.249439
vt 0.675945 0.249345
vt 0.687516 0.249251
vt 0.699087 0.249158
vt 0.710659 0.249064
vt 0.722230 0.248970
vt 0.733801 0.248876
vt 0.745372 0.248782
vt 0.756944 0.248688
vt 0.768515 0.248594
vt 0.780086 0.248500
vt 0.791657 0.248406
vt 0.803229 0.248312
vt 0.814800 0.248218
vt 0.062761 0.265927
vt 0.074332 0.265834
vt 0.085903 0.265741
vt 0.097474 0.265647
vt 0.109046 0.265554
vt 0.120617 0.265461
vt 0.132188 0.265367
vt 0.143760 0.265274
vt 0.155331 0.265180
vt 0.166902 0.265087
vt 0.178473 0.264993
vt 0.190045 0.264900
vt 0.201616 0.264806
vt 0.213187 0.264713
vt 0.224759 0.264619
vt 0.236330 0.264526
vt 0.247901 0.264432
vt 0.259472 0.264339
vt 0.271044 0.264245
vt 0.282615 0.264152
vt 0.294186 0.264058
vt 0.305757 0.263965
vt 0.317329 0.263871
vt 0.328900 0.263777
vt 0.340471 0.263684
vt 0.352043 0.263590
vt 0.363614 0.263497
vt 0.375185 0.263403
vt 0.386756 0.263309
vt 0.398328 0.263216
vt 0.409899 0.263122
vt 0.421470 0.263028
vt 0.433042 0.262935
vt 0.444613 0.262841
vt 0.456184 0.262747
vt 0.467755 0.262654
vt 0.479327 0.262560
vt 0.490898 0.262466
vt 0.502469 0.262373
vt 0.514040 0.262279
vt 0.525612 0.262185
vt 0.537183 0.262091
vt 0.548754 0.261997
vt 0.560326 0.261904
vt 0.571897 0.261810
vt 0.583468 0.261716
vt 0.595039 0.261622
vt 0.606611 0.261528
vt 0.618182 0.261435
vt 0.629753 0.261341
vt 0.641324 0.261247
vt 0.652896 0.261153
vt 0.664467 0.261059
vt 0.676038 0.260965
vt 0.687610 0.260871
vt 0.699181 0.260778
vt 0.710752 0.260684
vt 0.722323 0.260590
vt 0.733895 0.260496
vt 0.745466 0.260402
vt 0.757037 0.260308
vt 0.768608 0.260214
vt 0.780180 0.260120
vt 0.791751 0.260026
vt 0.803322 0.259932
vt 0.814893 0.259838
vt 0.062854 0.277548
vt 0.074425 0.277454
vt 0.085996 0.277361
vt 0.097567 0.277267
vt 0.109139 0.277174
vt 0.120710 0.277081
vt 0.132281 0.276987
vt 0.143853 0.276894
vt 0.155424 0.276800
vt 0.166995 0.276707
vt 0.178566 0.276613
vt 0.190138 0.276520
vt 0.201709 0.276426
vt 0.213280 0.276333
vt 0.224852 0.276239
vt 0.236423 0.276146
vt 0.247994 0.276052
vt 0.259566 0.275959
vt 0.271137 0.275865
vt 0.282708 0.275772
vt 0.294279 0.275678
vt 0.305851 0.275585
vt 0.317422 0.275491
vt 0.328993 0.275398
vt 0.340565 0.275304
vt 0.352136 0.275210
vt 0.363707 0.275117
vt 0.375278 0.275023
vt 0.386850 0.274929
vt 0.398421 0.274836
vt 0.409992 0.274742
vt 0.421564 0.274648
vt 0.433135 0.274555
vt 0.444706 0.274461
vt 0.456277 0.274367
vt 0.467849 0.274274
vt 0.479420 0.274180
vt 0.490991 0.274086
vt 0.502563 0.273993
vt 0.514134 0.273899
vt 0.525705 0.273805
vt 0.537276 0.273711
vt 0.548848 0.273618
vt 0.560419 0.273524
vt 0.571990 0.273430
vt 0.583561 0.273336
vt 0.595133 0.273242
vt 0.606704 0.273149
vt 0.618275 0.273055
vt 0.629847 0.272961
vt 0.641418 0.272867
vt 0.652989 0.272773
vt 0.664560 0.272679
vt 0.676132 0.272585
vt 0.687703 0.272491
vt 0.699274 0.272398
vt 0.710846 0.272304
vt 0.722417 0.272210
vt 0.733988 0.272116
vt 0.745559 0.272022
vt 0.757131 0.271928
vt 0.768702 0.271834
vt 0.780273 0.271740
vt 0.791845 0.271646
vt 0.803416 0.271552
vt 0.814987 0.271458
vt 0.062947 0.289168
vt 0.074518 0.289074
vt 0.086089 0.288981
vt 0.097660 0.288887
vt 0.109232 0.288794
vt 0.120803 0.288701
vt 0.132374 0.288607
vt 0.143946 0.288514
vt 0.155517 0.288420
vt 0.167088 0.288327
vt 0.178660 0.288233
vt 0.190231 0.288140
vt 0.201802 0.288046
vt 0.213373 0.287953
vt 0.224945 0.287860
vt 0.236516 0.287766
vt 0.248087 0.287672
vt 0.259659 0.287579
vt 0.271230 0.287485
vt 0.282801 0.287392
vt 0.294373 0.287298
vt 0.305944 0.287205
vt 0.317515 0.287111
vt 0.329086 0.287018
vt 0.340658 0.286924
vt 0.352229 0.286830
vt 0.363800 0.286737
vt 0.375372 0.286643
vt 0.386943 0.286550
vt 0.398514 0.286456
vt 0.410086 0.286362
vt 0.421657 0.286269
vt 0.433228 0.286175
vt 0.444799 0.286081
vt 0.456371 0.285987
vt 0.467942 0.285894
vt 0.479513 0.285800
vt 0.491085 0.285706
vt 0.502656 0.285613
vt 0.514227 0.285519
vt 0.525798 0.285425
vt 0.537370 0.285331
vt 0.548941 0.285238
vt 0.560512 0.285144
vt 0.572084 0.285050
vt 0.583655 0.284956
vt 0.595226 0.284862
vt 0.606797 0.284769
vt 0.618369 0.284675
vt 0.629940 0.284581
vt 0.641511 0.284487
vt 0.653083 0.284393
vt 0.664654 0.284299
vt 0.676225 0.284205
vt 0.687797 0.284112
vt 0.699368 0.284018
vt 0.710939 0.283924
vt 0.722510 0.283830
vt 0.734082 0.283736
vt 0.745653 0.283642
vt 0.757224 0.283548
vt 0.768796 0.283454
vt 0.780367 0.283360
vt 0.791938 0.283266
vt 0.803509 0.283172
vt 0.815081 0.283078
vt 0.063040 0.300788
vt 0.074611 0.300694
vt 0.086182 0.300601
vt 0.097753 0.300507
vt 0.109325 0.300414
vt 0.120896 0.300321
vt 0.132467 0.300227
vt 0.144039 0.300134
vt 0.155610 0.300040
vt 0.167181 0.299947
vt 0.178753 0.299853
vt 0.190324 0.299760
vt 0.201895 0.299667
vt 0.213467 0.299573
vt 0.225038 0.299480
vt 0.236609 0.299386
vt 0.248180 0.299293
vt 0.259752 0.299199
vt 0.271323 0.299105
vt 0.282894 0.299012
vt 0.294466 0.298918
vt 0.306037 0.298825
vt 0.317608 0.298731
vt 0.329180 0.298638
vt 0.340751 0.298544
vt 0.352322 0.298450
vt 0.363894 0.298357
vt 0.375465 0.298263
vt 0.387036 0.298170
vt 0.398607 0.298076
vt 0.410179 0.297982
vt 0.421750 0.297889
vt 0.433321 0.297795
vt 0.444893 0.297701
vt 0.456464 0.297608
vt 0.468035 0.297514
vt 0.479607 0.297420
vt 0.491178 0.297326
vt 0.502749 0.297233
vt 0.514321 0.297139
vt 0.525892 0.297045
vt 0.537463 0.296951
vt 0.549034 0.296858
vt 0.560606 0.296764
vt 0.572177 0.296670
vt 0.583748 0.296576
vt 0.595320 0.296482
vt 0.606891 0.296389
vt 0.618462 0.296295
vt 0.630034 0.296201
vt 0.641605 0.296107
vt 0.653176 0.296013
vt 0.664747 0.295919
vt 0.676319 0.295825
vt 0.687890 0.295732
vt 0.699461 0.295638
vt 0.711033 0.295544
vt 0.722604 0.295450
vt 0.734175 0.295356
vt 0.745747 0.295262
vt 0.757318 0.295168
vt 0.768889 0.295074
vt 0.780460 0.294980
vt 0.792032 0.294886
vt 0.803603 0.294792
vt 0.815174 0.294698
vt 0.063132 0.312408
vt 0.074704 0.312314
vt 0.086275 0.312221
vt 0.097846 0.312128
vt 0.109418 0.312034
vt 0.120989 0.311941
vt 0.132560 0.311847
vt 0.144132 0.311754
vt 0.155703 0.311660
vt 0.167274 0.311567
vt 0.178846 0.311474
vt 0.190417 0.311380
vt 0.201988 0.311287
vt 0.213560 0.311193
vt 0.225131 0.311100
vt 0.236702 0.311006
vt 0.248274 0.310913
vt 0.259845 0.310819
vt 0.271416 0.310726
vt 0.282988 0.310632
vt 0.294559 0.310538
vt 0.306130 0.310445
vt 0.317702 0.310351
vt 0.329273 0.310258
vt 0.340844 0.310164
vt 0.352415 0.310071
vt 0.363987 0.309977
vt 0.375558 0.309883
vt 0.387129 0.309790
vt 0.398701 0.309696
vt 0.410272 0.309602
vt 0.421843 0.309509
vt 0.433415 0.309415
vt 0.444986 0.309321
vt 0.456557 0.309228
vt 0.468129 0.309134
vt 0.479700 0.309040
vt 0.491271 0.308946
vt 0.502843 0.308853
vt 0.514414 0.308759
vt 0.525985 0.308665
vt 0.537556 0.308571
vt 0.549128 0.308478
vt 0.560699 0.308384
vt 0.572270 0.308290
vt 0.583842 0.308196
vt 0.595413 0.308102
vt 0.606984 0.308009
vt 0.618556 0.307915
vt 0.630127 0.307821
vt 0.641698 0.307727
vt 0.653270 0.307633
vt 0.664841 0.307539
vt 0.676412 0.307446
vt 0.687984 0.307352
vt 0.699555 0.307258
vt 0.711126 0.307164
vt 0.722697 0.307070
vt 0.734269 0.306976
vt 0.745840 0.306882
vt 0.757411 0.306788
vt 0.768983 0.306694
vt 0.780554 0.306600
vt 0.792125 0.306506
vt 0.803697 0.306412
vt 0.815268 0.306318
vt 0.063225 0.324028
vt 0.074797 0.323934
vt 0.086368 0.323841
vt 0.097939 0.323748
vt 0.109511 0.323654
vt 0.121082 0.323561
vt 0.132653 0.323467
vt 0.144225 0.323374
vt 0.155796 0.323281
vt 0.167367 0.323187
vt 0.178939 0.323094
vt 0.190510 0.323000
vt 0.202081 0.322907
vt 0.213653 0.322813
vt 0.225224 0.322720
vt 0.236795 0.322626
vt 0.248367 0.322533
vt 0.259938 0.322439
vt 0.271509 0.322346
vt 0.283081 0.322252
vt 0.294652 0.322159
vt 0.306223 0.322065
vt 0.317795 0.321971
vt 0.329366 0.321878
vt 0.340937 0.321784
vt 0.352509 0.321691
vt 0.364080 0.321597
vt 0.375651 0.321503
vt 0.387223 0.321410
vt 0.398794 0.321316
vt 0.410365 0.321222
vt 0.421937 0.321129
vt 0.433508 0.321035
vt 0.445079 0.320941
vt 0.456651 0.320848
vt 0.468222 0.320754
vt 0.479793 0.320660
vt 0.491365 0.320567
vt 0.502936 0.320473
vt 0.514507 0.320379
vt 0.526079 0.320285
vt 0.537650 0.320192
vt 0.549221 0.320098
vt 0.560793 0.320004
vt 0.572364 0.319910
vt 0.583935 0.319816
vt 0.595506 0.319723
vt 0.607078 0.319629
vt 0.618649 0.319535
vt 0.630220 0.319441
vt 0.641792 0.319347
vt 0.653363 0.319253
vt 0.664934 0.319159
vt 0.676506 0.319066
vt 0.688077 0.318972
vt 0.699648 0.318878
vt 0.711220 0.318784
vt 0.722791 0.318690
vt 0.734362 0.318596
vt 0.745934 0.318502
vt 0.757505 0.318408
vt 0.769076 0.318314
vt 0.780648 0.318220
vt 0.792219 0.318126
vt 0.803790 0.318032
vt 0.815361 0.317938
vt 0.063318 0.335648
vt 0.074890 0.335555
vt 0.086461 0.335461
vt 0.098032 0.335368
vt 0.109604 0.335274
vt 0.121175 0.335181
vt 0.132746 0.335088
vt 0.144318 0.334994
vt 0.155889 0.334901
vt 0.167461 0.334807
vt 0.179032 0.334714
vt 0.190603 0.334620
vt 0.202175 0.334527
vt 0.213746 0.334433
vt 0.225317 0.334340
vt 0.236889 0.334246
vt 0.248460 0.334153
vt 0.260031 0.334059
vt 0.271603 0.333966
vt 0.283174 0.333872
vt 0.294745 0.333779
vt 0.306317 0.333685
vt 0.317888 0.333591
vt 0.329459 0.333498
vt 0.341031 0.333404
vt 0.352602 0.333311
vt 0.364173 0.333217
vt 0.375745 0.333123
vt 0.387316 0.333030
vt 0.398887 0.332936
vt 0.410459 0.332842
vt 0.422030 0.332749
vt 0.433601 0.332655
vt 0.445173 0.332561
vt 0.456744 0.332468
vt 0.468315 0.332374
vt 0.479887 0.332280
vt 0.491458 0.332187
vt 0.503029 0.332093
vt 0.514601 0.331999
vt 0.526172 0.331905
vt 0.537743 0.331812
vt 0.549315 0.331718
vt 0.560886 0.331624
vt 0.572457 0.331530
vt 0.584029 0.331436
vt 0.595600 0.331343
vt 0.607171 0.331249
vt 0.618743 0.331155
vt 0.630314 0.331061
vt 0.641885 0.330967
vt 0.653457 0.330873
vt 0.665028 0.330780
vt 0.676599 0.330686
vt 0.688171 0.330592
vt 0.699742 0.330498
vt 0.711313 0.330404
vt 0.722885 0.330310
vt 0.734456 0.330216
vt 0.746027 0.330122
vt 0.757598 0.330028
vt 0.769170 0.329934
vt 0.780741 0.329840
vt 0.792312 0.329746
vt 0.803884 0.329652
vt 0.815455 0.329558
vt 0.063411 0.347268
vt 0.074983 0.347175
vt 0.086554 0.347081
vt 0.098125 0.346988
vt 0.109697 0.346894
vt 0.121268 0.346801
vt 0.132840 0.346708
vt 0.144411 0.346614
vt 0.155982 0.346521
vt 0.167554 0.346427
vt 0.179125 0.346334
vt 0.190696 0.346240
vt 0.202268 0.346147
vt 0.213839 0.346053
vt 0.225410 0.345960
vt 0.236982 0.345866
vt 0.248553 0.345773
vt 0.260124 0.345679
vt 0.271696 0.345586
vt 0.283267 0.345492
vt 0.294838 0.345399
vt 0.306410 0.345305
vt 0.317981 0.345212
vt 0.329552 0.345118
vt 0.341124 0.345024
vt 0.352695 0.344931
vt 0.364266 0.344837
vt 0.375838 0.344744
vt 0.387409 0.344650
vt 0.398981 0.344556
vt 0.410552 0.344463
vt 0.422123 0.344369
vt 0.433695 0.344275
vt 0.445266 0.344182
vt 0.456837 0.344088
vt 0.468409 0.343994
vt 0.479980 0.343900
vt 0.491551 0.343807
vt 0.503123 0.343713
vt 0.514694 0.343619
vt 0.526265 0.343525
vt 0.537837 0.343432
vt 0.549408 0.343338
vt 0.560979 0.343244
vt 0.572551 0.343150
vt 0.584122 0.343057
vt 0.595693 0.342963
vt 0.607265 0.342869
vt 0.618836 0.342775
vt 0.630407 0.342681
vt 0.641979 0.342587
vt 0.653550 0.342494
vt 0.665121 0.342400
vt 0.676693 0.342306
vt 0.688264 0.342212
vt 0.699835 0.342118
vt 0.711407 0.342024
vt 0.722978 0.341930
vt 0.734549 0.341836
vt 0.746121 0.341742
vt 0.757692 0.341648
vt 0.769263 0.341554
vt 0.780835 0.341460
vt 0.792406 0.341366
vt 0.803977 0.341272
vt 0.815549 0.341178
vt 0.063504 0.358888
vt 0.075076 0.358795
vt 0.086647 0.358701
vt 0.098218 0.358608
vt 0.109790 0.358515
vt 0.121361 0.358421
vt 0.132933 0.358328
vt 0.144504 0.358234
vt 0.156075 0.358141
vt 0.167647 0.358047
vt 0.179218 0.357954
vt 0.190789 0.357860
vt 0.202361 0.357767
vt 0.213932 0.357674
vt 0.225503 0.357580
vt 0.237075 0.357486
vt 0.248646 0.357393
vt 0.260218 0.357299
vt 0.271789 0.357206
vt 0.283360 0.357112
vt 0.294932 0.357019
vt 0.306503 0.356925
vt 0.318074 0.356832
vt 0.329646 0.356738
vt 0.341217 0.356644
vt 0.352788 0.356551
vt 0.364360 0.356457
vt 0.375931 0.356364
vt 0.387502 0.356270
vt 0.399074 0.356176
vt 0.410645 0.356083
vt 0.422216 0.355989
vt 0.433788 0.355895
vt 0.445359 0.355802
vt 0.456931 0.355708
vt 0.468502 0.355614
vt 0.480073 0.355521
vt 0.491645 0.355427
vt 0.503216 0.355333
vt 0.514787 0.355239
vt 0.526359 0.355146
vt 0.537930 0.355052
vt 0.549501 0.354958
vt 0.561073 0.354864
vt 0.572644 0.354770
vt 0.584215 0.354677
vt 0.595787 0.354583
vt 0.607358 0.354489
vt 0.618929 0.354395
vt 0.630501 0.354301
vt 0.642072 0.354207
vt 0.653643 0.354114
vt 0.665215 0.354020
vt 0.676786 0.353926
vt 0.688358 0.353832
vt 0.699929 0.353738
vt 0.711500 0.353644
vt 0.723072 0.353550
vt 0.734643 0.353456
vt 0.746214 0.353362
vt 0.757786 0.353268
vt 0.769357 0.353174
vt 0.780928 0.353080
vt 0.792500 0.352986
vt 0.804071 0.352892
vt 0.815642 0.352798
vt 0.063597 0.370508
vt 0.075169 0.370415
vt 0.086740 0.370321
vt 0.098311 0.370228
vt 0.109883 0.370135
vt 0.121454 0.370041
vt 0.133026 0.369948
vt 0.144597 0.369854
vt 0.156168 0.369761
vt 0.167740 0.369668
vt 0.179311 0.369574
vt 0.190882 0.369481
vt 0.202454 0.369387
vt 0.214025 0.369294
vt 0.225597 0.369200
vt 0.237168 0.369107
vt 0.248739 0.369013
vt 0.260311 0.368920
vt 0.271882 0.368826
vt 0.283453 0.368732
vt 0.295025 0.368639
vt 0.306596 0.368545
vt 0.318167 0.368452
vt 0.329739 0.368358
vt 0.341310 0.368265
vt 0.352882 0.368171
vt 0.364453 0.368077
vt 0.376024 0.367984
vt 0.387596 0.367890
vt 0.399167 0.367796
vt 0.410738 0.367703
vt 0.422310 0.367609
vt 0.433881 0.367515
vt 0.445452 0.367422
vt 0.457024 0.367328
vt 0.468595 0.367234
vt 0.480167 0.367141
vt 0.491738 0.367047
vt 0.503309 0.366953
vt 0.514881 0.366859
vt 0.526452 0.366766
vt 0.538023 0.366672
vt 0.549595 0.366578
vt 0.561166 0.366484
vt 0.572737 0.366391
vt 0.584309 0.366297
vt 0.595880 0.366203
vt 0.607452 0.366109
vt 0.619023 0.366015
vt 0.630594 0.365921
vt 0.642166 0.365828
vt 0.653737 0.365734
vt 0.665308 0.365640
vt 0.676880 0.365546
vt 0.688451 0.365452
vt 0.700022 0.365358
vt 0.711594 0.365264
vt 0.723165 0.365170
vt 0.734736 0.365076
vt 0.746308 0.364982
vt 0.757879 0.364888
vt 0.769451 0.364795
vt 0.781022 0.364701
vt 0.792593 0.364607
vt 0.804165 0.364513
vt 0.815736 0.364419
vt 0.063690 0.382128
vt 0.075262 0.382035
vt 0.086833 0.381942
vt 0.098404 0.381848
vt 0.109976 0.381755
vt 0.121547 0.381661
vt 0.133119 0.381568
vt 0.144690 0.381475
vt 0.156261 0.381381
vt 0.167833 0.381288
vt 0.179404 0.381194
vt 0.190976 0.381101
vt 0.202547 0.381007
vt 0.214118 0.380914
vt 0.225690 0.380820
vt 0.237261 0.380727
vt 0.248832 0.380633
vt 0.260404 0.380540
vt 0.271975 0.380446
vt 0.283547 0.380353
vt 0.295118 0.380259
vt 0.306689 0.380165
vt 0.318261 0.380072
vt 0.329832 0.379978
vt 0.341403 0.379885
vt 0.352975 0.379791
vt 0.364546 0.379697
vt 0.376118 0.379604
vt 0.387689 0.379510
vt 0.399260 0.379417
vt 0.410832 0.379323
vt 0.422403 0.379229
vt 0.433974 0.379136
vt 0.445546 0.379042
vt 0.457117 0.378948
vt 0.468689 0.378854
vt 0.480260 0.378761
vt 0.491831 0.378667
vt 0.503403 0.378573
vt 0.514974 0.378480
vt 0.526545 0.378386
vt 0.538117 0.378292
vt 0.549688 0.378198
vt 0.561259 0.378104
vt 0.572831 0.378011
vt 0.584402 0.377917
vt 0.595974 0.377823
vt 0.607545 0.377729
vt 0.619116 0.377635
vt 0.630688 0.377542
vt 0.642259 0.377448
vt 0.653830 0.377354
vt 0.665402 0.377260
vt 0.676973 0.377166
vt 0.688545 0.377072
vt 0.700116 0.376978
vt 0.711687 0.376884
vt 0.723259 0.376790
vt 0.734830 0.376696
vt 0.746401 0.376603
vt 0.757973 0.376509
vt 0.769544 0.376415
vt 0.781115 0.376321
vt 0.792687 0.376227
vt 0.804258 0.376133
vt 0.815830 0.376039
vt 0.063783 0.393748
vt 0.075355 0.393655
vt 0.086926 0.393562
vt 0.098497 0.393468
vt 0.110069 0.393375
vt 0.121640 0.393282
vt 0.133212 0.393188
vt 0.144783 0.393095
vt 0.156354 0.393001
vt 0.167926 0.392908
vt 0.179497 0.392814
vt 0.191069 0.392721
vt 0.202640 0.392627
vt 0.214211 0.392534
vt 0.225783 0.392440
vt 0.237354 0.392347
vt 0.248926 0.392253
vt 0.260497 0.392160
vt 0.272068 0.392066
vt 0.283640 0.391973
vt 0.295211 0.391879
vt 0.306782 0.391786
vt 0.318354 0.391692
vt 0.329925 0.391598
vt 0.341497 0.391505
vt 0.353068 0.391411
vt 0.364639 0.391318
vt 0.376211 0.391224
vt 0.387782 0.391130
vt 0.399354 0.391037
vt 0.410925 0.390943
vt 0.422496 0.390849
vt 0.434068 0.390756
vt 0.445639 0.390662
vt 0.457210 0.390568
vt 0.468782 0.390475
vt 0.480353 0.390381
vt 0.491925 0.390287
vt 0.503496 0.390193
vt 0.515067 0.390100
vt 0.526639 0.390006
vt 0.538210 0.389912
vt 0.549782 0.389818
vt 0.561353 0.389725
vt 0.572924 0.389631
vt 0.584496 0.389537
vt 0.596067 0.389443
vt 0.607638 0.389349
vt 0.619210 0.389256
vt 0.630781 0.389162
vt 0.642353 0.389068
vt 0.653924 0.388974
vt 0.665495 0.388880
vt 0.677067 0.388786
vt 0.688638 0.388692
vt 0.700209 0.388598
vt 0.711781 0.388504
vt 0.723352 0.388411
vt 0.734924 0.388317
vt 0.746495 0.388223
vt 0.758066 0.388129
vt 0.769638 0.388035
vt 0.781209 0.387941
vt 0.792780 0.387847
vt 0.804352 0.387753
vt 0.815923 0.387659
vt 0.063876 0.405369
vt 0.075448 0.405275
vt 0.087019 0.405182
vt 0.098590 0.405088
vt 0.110162 0.404995
vt 0.121733 0.404902
vt 0.133305 0.404808
vt 0.144876 0.404715
vt 0.156447 0.404621
vt 0.168019 0.404528
vt 0.179590 0.404434
vt 0.191162 0.404341
vt 0.202733 0.404248
vt 0.214304 0.404154
vt 0.225876 0.404061
vt 0.237447 0.403967
vt 0.249019 0.403874
vt 0.260590 0.403780
vt 0.272161 0.403686
vt 0.283733 0.403593
vt 0.295304 0.403499
vt 0.306876 0.403406
vt 0.318447 0.403312
vt 0.330018 0.403219
vt 0.341590 0.403125
vt 0.353161 0.403031
vt 0.364733 0.402938
vt 0.376304 0.402844
vt 0.387875 0.402750
vt 0.399447 0.402657
vt 0.411018 0.402563
vt 0.422590 0.402470
vt 0.434161 0.402376
vt 0.445732 0.402282
vt 0.457304 0.402188
vt 0.468875 0.402095
vt 0.480447 0.402001
vt 0.492018 0.401907
vt 0.503589 0.401814
vt 0.515161 0.401720
vt 0.526732 0.401626
vt 0.538304 0.401532
vt 0.549875 0.401439
vt 0.561446 0.401345
vt 0.573018 0.401251
vt 0.584589 0.401157
vt 0.596160 0.401063
vt 0.607732 0.400969
vt 0.619303 0.400876
vt 0.630875 0.400782
vt 0.642446 0.400688
vt 0.654017 0.400594
vt 0.665589 0.400500
vt 0.677160 0.400406
vt 0.688732 0.400312
vt 0.700303 0.400219
vt 0.711874 0.400125
vt 0.723446 0.400031
vt 0.735017 0.399937
vt 0.746588 0.399843
vt 0.758160 0.399749
vt 0.769731 0.399655
vt 0.781303 0.399561
vt 0.792874 0.399467
vt 0.804445 0.399373
vt 0.816017 0.399279
vt 0.063969 0.416989
vt 0.075541 0.416895
vt 0.087112 0.416802
vt 0.098683 0.416709
vt 0.110255 0.416615
vt 0.121826 0.416522
vt 0.133398 0.416428
vt 0.144969 0.416335
vt 0.156541 0.416242
vt 0.168112 0.416148
vt 0.179683 0.416055
vt 0.191255 0.415961
vt 0.202826 0.415868
vt 0.214398 0.415774
vt 0.225969 0.415681
vt 0.237540 0.415587
vt 0.249112 0.415494
vt 0.260683 0.415400
vt 0.272255 0.415307
vt 0.283826 0.415213
vt 0.295397 0.415119
vt 0.306969 0.415026
vt 0.318540 0.414932
vt 0.330112 0.414839
vt 0.341683 0.414745
vt 0.353254 0.414652
vt 0.364826 0.414558
vt 0.376397 0.414464
vt 0.387969 0.414371
vt 0.399540 0.414277
vt 0.411111 0.414183
vt 0.422683 0.414090
vt 0.434254 0.413996
vt 0.445826 0.413902
vt 0.457397 0.413809
vt 0.468968 0.413715
vt 0.480540 0.413621
vt 0.492111 0.413527
vt 0.503683 0.413434
vt 0.515254 0.413340
vt 0.526825 0.413246
vt 0.538397 0.413152
vt 0.549968 0.413059
vt 0.561540 0.412965
vt 0.573111 0.412871
vt 0.584682 0.412777
vt 0.596254 0.412683
vt 0.607825 0.412590
vt 0.619397 0.412496
vt 0.630968 0.412402
vt 0.642539 0.412308
vt 0.654111 0.412214
vt 0.665682 0.412120
vt 0.677254 0.412026
vt 0.688825 0.411933
vt 0.700396 0.411839
vt 0.711968 0.411745
vt 0.723539 0.411651
vt 0.735111 0.411557
vt 0.746682 0.411463
vt 0.758253 0.411369
vt 0.769825 0.411275
vt 0.781396 0.411181
vt 0.792968 0.411087
vt 0.804539 0.410993
vt 0.816110 0.410899
vt 0.064062 0.428609
vt 0.075634 0.428516
vt 0.087205 0.428422
vt 0.098776 0.428329
vt 0.110348 0.428235
vt 0.121919 0.428142
vt 0.133491 0.428049
vt 0.145062 0.427955
vt 0.156634 0.427862
vt 0.168205 0.427768
vt 0.179776 0.427675
vt 0.191348 0.427581
vt 0.202919 0.427488
vt 0.214491 0.427394
vt 0.226062 0.427301
vt 0.237634 0.427207
vt 0.249205 0.427114
vt 0.260776 0.427020
vt 0.272348 0.426927
vt 0.283919 0.426833
vt 0.295491 0.426740
vt 0.307062 0.426646
vt 0.318633 0.426552
vt 0.330205 0.426459
vt 0.341776 0.426365
vt 0.353348 0.426272
vt 0.364919 0.426178
vt 0.376491 0.426084
vt 0.388062 0.425991
vt 0.399633 0.425897
vt 0.411205 0.425804
vt 0.422776 0.425710
vt 0.434348 0.425616
vt 0.445919 0.425522
vt 0.457490 0.425429
vt 0.469062 0.425335
vt 0.480633 0.425241
vt 0.492205 0.425148
vt 0.503776 0.425054
vt 0.515347 0.424960
vt 0.526919 0.424866
vt 0.538490 0.424773
vt 0.550062 0.424679
vt 0.561633 0.424585
vt 0.573204 0.424491
vt 0.584776 0.424397
vt 0.596347 0.424304
vt 0.607919 0.424210
vt 0.619490 0.424116
vt 0.631062 0.424022
vt 0.642633 0.423928
vt 0.654204 0.423834
vt 0.665776 0.423741
vt 0.677347 0.423647
vt 0.688919 0.423553
vt 0.700490 0.423459
vt 0.712061 0.423365
vt 0.723633 0.423271
vt 0.735204 0.423177
vt 0.746776 0.423083
vt 0.758347 0.422989
vt 0.769918 0.422895
vt 0.781490 0.422801
vt 0.793061 0.422707
vt 0.804633 0.422613
vt 0.816204 0.422519
vt 0.064155 0.440229
vt 0.075727 0.440136
vt 0.087298 0.440042
vt 0.098869 0.439949
vt 0.110441 0.439856
vt 0.122012 0.439762
vt 0.133584 0.439669
vt 0.145155 0.439575
vt 0.156727 0.439482
vt 0.168298 0.439388
vt 0.179870 0.439295
vt 0.191441 0.439202
vt 0.203012 0.439108
vt 0.214584 0.439015
vt 0.226155 0.438921
vt 0.237727 0.438828
vt 0.249298 0.438734
vt 0.260869 0.438640
vt 0.272441 0.438547
vt 0.284012 0.438453
vt 0.295584 0.438360
vt 0.307155 0.438266
vt 0.318727 0.438173
vt 0.330298 0.438079
vt 0.341869 0.437985
vt 0.353441 0.437892
vt 0.365012 0.437798
vt 0.376584 0.437705
vt 0.388155 0.437611
vt 0.399727 0.437517
vt 0.411298 0.437424
vt 0.422869 0.437330
vt 0.434441 0.437236
vt 0.446012 0.437143
vt 0.457584 0.437049
vt 0.469155 0.436955
vt 0.480727 0.436862
vt 0.492298 0.436768
vt 0.503869 0.436674
vt 0.515441 0.436580
vt 0.527012 0.436487
vt 0.538584 0.436393
vt 0.550155 0.436299
vt 0.561726 0.436205
vt 0.573298 0.436111
vt 0.584869 0.436018
vt 0.596441 0.435924
vt 0.608012 0.435830
vt 0.619584 0.435736
vt 0.631155 0.435642
vt 0.642726 0.435548
vt 0.654298 0.435455
vt 0.665869 0.435361
vt 0.677441 0.435267
vt 0.689012 0.435173
vt 0.700583 0.435079
vt 0.712155 0.434985
vt 0.723726 0.434891
vt 0.735298 0.434797
vt 0.746869 0.434703
vt 0.758441 0.434609
vt 0.770012 0.434515
vt 0.781583 0.434421
vt 0.793155 0.434327
vt 0.804726 0.434233
vt 0.816298 0.434139
vt 0.064248 0.451849
vt 0.075820 0.451756
vt 0.087391 0.451663
vt 0.098963 0.451569
vt 0.110534 0.451476
vt 0.122105 0.451382
vt 0.133677 0.451289
vt 0.145248 0.451196
vt 0.156820 0.451102
vt 0.168391 0.451009
vt 0.179963 0.450915
vt 0.191534 0.450822
vt 0.203105 0.450728
vt 0.214677 0.450635
vt 0.226248 0.450541
vt 0.237820 0.450448
vt 0.249391 0.450354
vt 0.260963 0.450261
vt 0.272534 0.450167
vt 0.284106 0.450074
vt 0.295677 0.449980
vt 0.307248 0.449886
vt 0.318820 0.449793
vt 0.330391 0.449699
vt 0.341963 0.449606
vt 0.353534 0.449512
vt 0.365106 0.449418
vt 0.376677 0.449325
vt 0.388248 0.449231
vt 0.399820 0.449138
vt 0.411391 0.449044
vt 0.422963 0.448950
vt 0.434534 0.448857
vt 0.446106 0.448763
vt 0.457677 0.448669
vt 0.469248 0.448575
vt 0.480820 0.448482
vt 0.492391 0.448388
vt 0.503963 0.448294
vt 0.515534 0.448200
vt 0.527106 0.448107
vt 0.538677 0.448013
vt 0.550248 0.447919
vt 0.561820 0.447825
vt 0.573391 0.447732
vt 0.584963 0.447638
vt 0.596534 0.447544
vt 0.608106 0.447450
vt 0.619677 0.447356
vt 0.631248 0.447262
vt 0.642820 0.447169
vt 0.654391 0.447075
vt 0.665963 0.446981
vt 0.677534 0.446887
vt 0.689106 0.446793
vt 0.700677 0.446699
vt 0.712248 0.446605
vt 0.723820 0.446511
vt 0.735391 0.446417
vt 0.746963 0.446323
vt 0.758534 0.446229
vt 0.770106 0.446136
vt 0.781677 0.446042
vt 0.793248 0.445948
vt 0.804820 0.445854
vt 0.816391 0.445760
vt 0.064341 0.463470
vt 0.075913 0.463376
vt 0.087484 0.463283
vt 0.099056 0.463189
vt 0.110627 0.463096
vt 0.122198 0.463003
vt 0.133770 0.462909
vt 0.145341 0.462816
vt 0.156913 0.462722
vt 0.168484 0.462629
vt 0.180056 0.462535
vt 0.191627 0.462442
vt 0.203199 0.462348
vt 0.214770 0.462255
vt 0.226341 0.462161
vt 0.237913 0.462068
vt 0.249484 0.461974
vt 0.261056 0.461881
vt 0.272627 0.461787
vt 0.284199 0.461694
vt 0.295770 0.461600
vt 0.307342 0.461507
vt 0.318913 0.461413
vt 0.330484 0.461319
vt 0.342056 0.461226
vt 0.353627 0.461132
vt 0.365199 0.461039
vt 0.376770 0.460945
vt 0.457770 0.460289
vt 0.469342 0.460196
vt 0.480913 0.460102
vt 0.492485 0.460008
vt 0.504056 0.459914
vt 0.515628 0.459821
vt 0.527199 0.459727
vt 0.538770 0.459633
vt 0.550342 0.459539
vt 0.561913 0.459446
vt 0.573485 0.459352
vt 0.585056 0.459258
vt 0.596628 0.459164
vt 0.608199 0.459070
vt 0.619770 0.458976
vt 0.631342 0.458883
vt 0.642913 0.458789
vt 0.654485 0.458695
vt 0.666056 0.458601
vt 0.677628 0.458507
vt 0.689199 0.458413
vt 0.700771 0.458319
vt 0.712342 0.458225
vt 0.723913 0.458132
vt 0.735485 0.458038
vt 0.747056 0.457944
vt 0.758628 0.457850
vt 0.770199 0.457756
vt 0.781771 0.457662
vt 0.793342 0.457568
vt 0.804913 0.457474
vt 0.816485 0.457380
vt 0.064434 0.475090
vt 0.076006 0.474996
vt 0.087577 0.474903
vt 0.099149 0.474810
vt 0.110720 0.474716
vt 0.122291 0.474623
vt 0.133863 0.474529
vt 0.145434 0.474436
vt 0.157006 0.474342
vt 0.168577 0.474249
vt 0.180149 0.474156
vt 0.191720 0.474062
vt 0.203292 0.473969
vt 0.214863 0.473875
vt 0.226435 0.473782
vt 0.238006 0.473688
vt 0.249577 0.473595
vt 0.261149 0.473501
vt 0.272720 0.473408
vt 0.284292 0.473314
vt 0.295863 0.473220
vt 0.307435 0.473127
vt 0.319006 0.473033
vt 0.330578 0.472940
vt 0.342149 0.472846
vt 0.492578 0.471628
vt 0.504149 0.471535
vt 0.515721 0.471441
vt 0.527292 0.471347
vt 0.538864 0.471253
vt 0.550435 0.471160
vt 0.562007 0.471066
vt 0.573578 0.470972
vt 0.585150 0.470878
vt 0.596721 0.470784
vt 0.608292 0.470691
vt 0.619864 0.470597
vt 0.631435 0.470503
vt 0.643007 0.470409
vt 0.654578 0.470315
vt 0.666150 0.470221
vt 0.677721 0.470127
vt 0.689293 0.470033
vt 0.700864 0.469940
vt 0.712435 0.469846
vt 0.724007 0.469752
vt 0.735578 0.469658
vt 0.747150 0.469564
vt 0.758721 0.469470
vt 0.770293 0.469376
vt 0.781864 0.469282
vt 0.793436 0.469188
vt 0.805007 0.469094
vt 0.816578 0.469000
vt 0.064527 0.486710
vt 0.076099 0.486617
vt 0.087670 0.486523
vt 0.099242 0.486430
vt 0.110813 0.486336
vt 0.122384 0.486243
vt 0.133956 0.486150
vt 0.145527 0.486056
vt 0.157099 0.485963
vt 0.168670 0.485869
vt 0.180242 0.485776
vt 0.191813 0.485682
vt 0.203385 0.485589
vt 0.214956 0.485495
vt 0.226528 0.485402
vt 0.238099 0.485308
vt 0.249671 0.485215
vt 0.261242 0.485121
vt 0.272814 0.485028
vt 0.284385 0.484934
vt 0.295956 0.484841
vt 0.307528 0.484747
vt 0.319099 0.484653
vt 0.330671 0.484560
vt 0.504243 0.483155
vt 0.515814 0.483061
vt 0.527386 0.482967
vt 0.538957 0.482874
vt 0.550529 0.482780
vt 0.562100 0.482686
vt 0.573672 0.482592
vt 0.585243 0.482498
vt 0.596814 0.482405
vt 0.608386 0.482311
vt 0.619957 0.482217
vt 0.631529 0.482123
vt 0.643100 0.482029
vt 0.654672 0.481935
vt 0.666243 0.481841
vt 0.677815 0.481748
vt 0.689386 0.481654
vt 0.700958 0.481560
vt 0.712529 0.481466
vt 0.724100 0.481372
vt 0.735672 0.481278
vt 0.747243 0.481184
vt 0.758815 0.481090
vt 0.770386 0.480996
vt 0.781958 0.480902
vt 0.793529 0.480808
vt 0.805101 0.480714
vt 0.816672 0.480620
vt 0.064620 0.498330
vt 0.076192 0.498237
vt 0.087763 0.498143
vt 0.099335 0.498050
vt 0.110906 0.497957
vt 0.122477 0.497863
vt 0.134049 0.497770
vt 0.145620 0.497676
vt 0.157192 0.497583
vt 0.168763 0.497489
vt 0.180335 0.497396
vt 0.191906 0.497303
vt 0.203478 0.497209
vt 0.215049 0.497116
vt 0.226621 0.497022
vt 0.238192 0.496929
vt 0.249764 0.496835
vt 0.261335 0.496741
vt 0.272907 0.496648
vt 0.284478 0.496554
vt 0.296050 0.496461
vt 0.307621 0.496367
vt 0.319193 0.496274
vt 0.515908 0.494681
vt 0.527479 0.494588
vt 0.539051 0.494494
vt 0.550622 0.494400
vt 0.562193 0.494306
vt 0.573765 0.494212
vt 0.585336 0.494119
vt 0.596908 0.494025
vt 0.608479 0.493931
vt 0.620051 0.493837
vt 0.631622 0.493743
vt 0.643194 0.493649
vt 0.654765 0.493556
vt 0.666337 0.493462
vt 0.677908 0.493368
vt 0.689480 0.493274
vt 0.701051 0.493180
vt 0.712623 0.493086
vt 0.724194 0.492992
vt 0.735765 0.492898
vt 0.747337 0.492804
vt 0.758908 0.492710
vt 0.770480 0.492616
vt 0.782051 0.492522
vt 0.793623 0.492428
vt 0.805194 0.492334
vt 0.816766 0.492240
vt 0.064713 0.509950
vt 0.076285 0.509857
vt 0.087856 0.509764
vt 0.099428 0.509670
vt 0.110999 0.509577
vt 0.122571 0.509483
vt 0.134142 0.509390
vt 0.145713 0.509297
vt 0.157285 0.509203
vt 0.168856 0.509110
vt 0.180428 0.509016
vt 0.191999 0.508923
vt 0.203571 0.508829
vt 0.215142 0.508736
vt 0.226714 0.508642
vt 0.238285 0.508549
vt 0.249857 0.508455
vt 0.261428 0.508362
vt 0.273000 0.508268
vt 0.284571 0.508175
vt 0.296143 0.508081
vt 0.307714 0.507987
vt 0.527572 0.506208
vt 0.539144 0.506114
vt 0.550715 0.506020
vt 0.562287 0.505926
vt 0.573858 0.505833
vt 0.585430 0.505739
vt 0.597001 0.505645
vt 0.608573 0.505551
vt 0.620144 0.505457
vt 0.631716 0.505363
vt 0.643287 0.505270
vt 0.654859 0.505176
vt 0.666430 0.505082
vt 0.678002 0.504988
vt 0.689573 0.504894
vt 0.701145 0.504800
vt 0.712716 0.504706
vt 0.724288 0.504612
vt 0.735859 0.504518
vt 0.747430 0.504424
vt 0.759002 0.504331
vt 0.770573 0.504237
vt 0.782145 0.504143
vt 0.793716 0.504049
vt 0.805288 0.503955
vt 0.816859 0.503861
vt 0.064806 0.521571
vt 0.076378 0.521477
vt 0.087949 0.521384
vt 0.099521 0.521291
vt 0.111092 0.521197
vt 0.122664 0.521104
vt 0.134235 0.521010
vt 0.145807 0.520917
vt 0.157378 0.520823
vt 0.168950 0.520730
vt 0.180521 0.520636
vt 0.192093 0.520543
vt 0.203664 0.520450
vt 0.215236 0.520356
vt 0.226807 0.520263
vt 0.238379 0.520169
vt 0.249950 0.520076
vt 0.261522 0.519982
vt 0.273093 0.519888
vt 0.284664 0.519795
vt 0.296236 0.519701
vt 0.307807 0.519608
vt 0.539237 0.517734
vt 0.550809 0.517640
vt 0.562380 0.517547
vt 0.573952 0.517453
vt 0.585523 0.517359
vt 0.597095 0.517265
vt 0.608666 0.517171
vt 0.620238 0.517078
vt 0.631809 0.516984
vt 0.643381 0.516890
vt 0.654952 0.516796
vt 0.666524 0.516702
vt 0.678095 0.516608
vt 0.689667 0.516514
vt 0.701238 0.516420
vt 0.712810 0.516327
vt 0.724381 0.516233
vt 0.735953 0.516139
vt 0.747524 0.516045
vt 0.759096 0.515951
vt 0.770667 0.515857
vt 0.782238 0.515763
vt 0.793810 0.515669
vt 0.805381 0.515575
vt 0.816953 0.515481
vt 0.064899 0.533191
vt 0.076471 0.533098
vt 0.088042 0.533004
vt 0.099614 0.532911
vt 0.111185 0.532817
vt 0.122757 0.532724
vt 0.134328 0.532631
vt 0.145900 0.532537
vt 0.157471 0.532444
vt 0.169043 0.532350
vt 0.180614 0.532257
vt 0.192186 0.532163
vt 0.203757 0.532070
vt 0.215329 0.531976
vt 0.226900 0.531883
vt 0.238472 0.531789
vt 0.250043 0.531696
vt 0.261615 0.531602
vt 0.273186 0.531509
vt 0.284758 0.531415
vt 0.296329 0.531322
vt 0.550902 0.529261
vt 0.562474 0.529167
vt 0.574045 0.529073
vt 0.585617 0.528979
vt 0.597188 0.528885
vt 0.608760 0.528792
vt 0.620331 0.528698
vt 0.631903 0.528604
vt 0.643474 0.528510
vt 0.655046 0.528416
vt 0.666617 0.528322
vt 0.678189 0.528228
vt 0.689760 0.528135
vt 0.701332 0.528041
vt 0.712903 0.527947
vt 0.724475 0.527853
vt 0.736046 0.527759
vt 0.747618 0.527665
vt 0.759189 0.527571
vt 0.770761 0.527477
vt 0.782332 0.527383
vt 0.793904 0.527289
vt 0.805475 0.527195
vt 0.817047 0.527101
vt 0.064992 0.544811
vt 0.076564 0.544718
vt 0.088135 0.544624
vt 0.099707 0.544531
vt 0.111278 0.544438
vt 0.122850 0.544344
vt 0.134421 0.544251
vt 0.145993 0.544157
vt 0.157564 0.544064
vt 0.169136 0.543970
vt 0.180707 0.543877
vt 0.192279 0.543784
vt 0.203850 0.543690
vt 0.215422 0.543597
vt 0.226993 0.543503
vt 0.238565 0.543410
vt 0.250136 0.543316
vt 0.261708 0.543222
vt 0.273279 0.543129
vt 0.284851 0.543035
vt 0.296422 0.542942
vt 0.562567 0.540787
vt 0.574139 0.540693
vt 0.585710 0.540600
vt 0.597282 0.540506
vt 0.608853 0.540412
vt 0.620425 0.540318
vt 0.631996 0.540224
vt 0.643568 0.540130
vt 0.655139 0.540036
vt 0.666711 0.539943
vt 0.678282 0.539849
vt 0.689854 0.539755
vt 0.701425 0.539661
vt 0.712997 0.539567
vt 0.724568 0.539473
vt 0.736140 0.539379
vt 0.747711 0.539285
vt 0.759283 0.539191
vt 0.770854 0.539097
vt 0.782426 0.539003
vt 0.793997 0.538909
vt 0.805569 0.538815
vt 0.817140 0.538721
vt 0.065085 0.556431
vt 0.076657 0.556338
vt 0.088228 0.556245
vt 0.099800 0.556151
vt 0.111371 0.556058
vt 0.122943 0.555965
vt 0.134514 0.555871
vt 0.146086 0.555778
vt 0.157657 0.555684
vt 0.169229 0.555591
vt 0.180800 0.555497
vt 0.192372 0.555404
vt 0.203943 0.555310
vt 0.215515 0.555217
vt 0.227086 0.555123
vt 0.238658 0.555030
vt 0.250229 0.554936
vt 0.261801 0.554843
vt 0.273372 0.554749
vt 0.284944 0.554656
vt 0.574232 0.552314
vt 0.585804 0.552220
vt 0.597375 0.552126
vt 0.608947 0.552032
vt 0.620518 0.551938
vt 0.632090 0.551844
vt 0.643661 0.551751
vt 0.655233 0.551657
vt 0.666804 0.551563
vt 0.678376 0.551469
vt 0.689947 0.551375
vt 0.701519 0.551281
vt 0.713090 0.551187
vt 0.724662 0.551093
vt 0.736233 0.550999
vt 0.747805 0.550905
vt 0.759376 0.550811
vt 0.770948 0.550718
vt 0.782519 0.550624
vt 0.794091 0.550530
vt 0.805662 0.550436
vt 0.817234 0.550342
vt 0.065178 0.568052
vt 0.076749 0.567958
vt 0.088321 0.567865
vt 0.099893 0.567772
vt 0.111464 0.567678
vt 0.123036 0.567585
vt 0.134607 0.567491
vt 0.146179 0.567398
vt 0.157750 0.567304
vt 0.169322 0.567211
vt 0.180893 0.567118
vt 0.192465 0.567024
vt 0.204036 0.566931
vt 0.215608 0.566837
vt 0.227179 0.566744
vt 0.238751 0.566650
vt 0.250323 0.566557
vt 0.261894 0.566463
vt 0.273466 0.566370
vt 0.285037 0.566276
vt 0.296609 0.566182
vt 0.585897 0.563840
vt 0.597468 0.563746
vt 0.609040 0.563652
vt 0.620612 0.563559
vt 0.632183 0.563465
vt 0.643755 0.563371
vt 0.655326 0.563277
vt 0.666898 0.563183
vt 0.678469 0.563089
vt 0.690041 0.562995
vt 0.701612 0.562901
vt 0.713184 0.562808
vt 0.724755 0.562714
vt 0.736327 0.562620
vt 0.747898 0.562526
vt 0.759470 0.562432
vt 0.771041 0.562338
vt 0.782613 0.562244
vt 0.794184 0.562150
vt 0.805756 0.562056
vt 0.817327 0.561962
vt 0.065271 0.579672
vt 0.076842 0.579579
vt 0.088414 0.579485
vt 0.099986 0.579392
vt 0.111557 0.579299
vt 0.123129 0.579205
vt 0.134700 0.579112
vt 0.146272 0.579018
vt 0.157843 0.578925
vt 0.169415 0.578831
vt 0.180986 0.578738
vt 0.192558 0.578644
vt 0.204130 0.578551
vt 0.215701 0.578457
vt 0.227273 0.578364
vt 0.238844 0.578270
vt 0.250416 0.578177
vt 0.261987 0.578083
vt 0.273559 0.577990
vt 0.285130 0.577896
vt 0.296702 0.577803
vt 0.585990 0.575460
vt 0.597562 0.575367
vt 0.609133 0.575273
vt 0.620705 0.575179
vt 0.632277 0.575085
vt 0.643848 0.574991
vt 0.655420 0.574897
vt 0.666991 0.574803
vt 0.678563 0.574710
vt 0.690134 0.574616
vt 0.701706 0.574522
vt 0.713277 0.574428
vt 0.724849 0.574334
vt 0.736420 0.574240
vt 0.747992 0.574146
vt 0.759563 0.574052
vt 0.771135 0.573958
vt 0.782706 0.573864
vt 0.794278 0.573770
vt 0.805849 0.573676
vt 0.817421 0.573582
vt 0.065364 0.591292
vt 0.076935 0.591199
vt 0.088507 0.591106
vt 0.100079 0.591012
vt 0.111650 0.590919
vt 0.123222 0.590825
vt 0.134793 0.590732
vt 0.146365 0.590639
vt 0.157936 0.590545
vt 0.169508 0.590452
vt 0.181079 0.590358
vt 0.192651 0.590265
vt 0.204223 0.590171
vt 0.215794 0.590078
vt 0.227366 0.589984
vt 0.238937 0.589891
vt 0.250509 0.589797
vt 0.262080 0.589704
vt 0.273652 0.589610
vt 0.285223 0.589517
vt 0.296795 0.589423
vt 0.308367 0.589329
vt 0.319938 0.589236
vt 0.331510 0.589142
vt 0.586084 0.587081
vt 0.597655 0.586987
vt 0.609227 0.586893
vt 0.620798 0.586799
vt 0.632370 0.586705
vt 0.643942 0.586611
vt 0.655513 0.586518
vt 0.667085 0.586424
vt 0.678656 0.586330
vt 0.690228 0.586236
vt 0.701799 0.586142
vt 0.713371 0.586048
vt 0.724942 0.585954
vt 0.736514 0.585860
vt 0.748085 0.585766
vt 0.759657 0.585672
vt 0.771228 0.585578
vt 0.782800 0.585484
vt 0.794372 0.585390
vt 0.805943 0.585296
vt 0.817515 0.585202
vt 0.065457 0.602913
vt 0.077028 0.602819
vt 0.088600 0.602726
vt 0.100172 0.602633
vt 0.111743 0.602539
vt 0.123315 0.602446
vt 0.134886 0.602352
vt 0.146458 0.602259
vt 0.158029 0.602165
vt 0.169601 0.602072
vt 0.181173 0.601978
vt 0.192744 0.601885
vt 0.204316 0.601792
vt 0.215887 0.601698
vt 0.227459 0.601605
vt 0.239030 0.601511
vt 0.250602 0.601417
vt 0.262174 0.601324
vt 0.273745 0.601230
vt 0.285317 0.601137
vt 0.296888 0.601043
vt 0.308460 0.600950
vt 0.320031 0.600856
vt 0.331603 0.600763
vt 0.343174 0.600669
vt 0.354746 0.600575
vt 0.366318 0.600482
vt 0.377889 0.600388
vt 0.389461 0.600294
vt 0.401032 0.600201
vt 0.412604 0.600107
vt 0.424175 0.600013
vt 0.435747 0.599920
vt 0.447319 0.599826
vt 0.516748 0.599264
vt 0.528319 0.599170
vt 0.539891 0.599076
vt 0.551463 0.598982
vt 0.563034 0.598889
vt 0.574606 0.598795
vt 0.586177 0.598701
vt 0.597749 0.598607
vt 0.609320 0.598513
vt 0.620892 0.598419
vt 0.632463 0.598326
vt 0.644035 0.598232
vt 0.655607 0.598138
vt 0.667178 0.598044
vt 0.678750 0.597950
vt 0.690321 0.597856
vt 0.701893 0.597762
vt 0.713464 0.597668
vt 0.725036 0.597574
vt 0.736607 0.597481
vt 0.748179 0.597387
vt 0.759751 0.597293
vt 0.771322 0.597199
vt 0.782894 0.597105
vt 0.794465 0.597011
vt 0.806037 0.596917
vt 0.817608 0.596823
vt 0.065550 0.614533
vt 0.077121 0.614440
vt 0.088693 0.614346
vt 0.100265 0.614253
vt 0.111836 0.614159
vt 0.123408 0.614066
vt 0.134979 0.613973
vt 0.146551 0.613879
vt 0.158123 0.613786
vt 0.169694 0.613692
vt 0.181266 0.613599
vt 0.192837 0.613505
vt 0.204409 0.613412
vt 0.215980 0.613318
vt 0.227552 0.613225
vt 0.239124 0.613131
vt 0.250695 0.613038
vt 0.262267 0.612944
vt 0.273838 0.612851
vt 0.285410 0.612757
vt 0.296981 0.612664
vt 0.308553 0.612570
vt 0.320125 0.612476
vt 0.331696 0.612383
vt 0.343268 0.612289
vt 0.354839 0.612196
vt 0.366411 0.612102
vt 0.377982 0.612008
vt 0.389554 0.611915
vt 0.401126 0.611821
vt 0.412697 0.611727
vt 0.424269 0.611634
vt 0.435840 0.611540
vt 0.447412 0.611446
vt 0.458983 0.611353
vt 0.470555 0.611259
vt 0.482127 0.611165
vt 0.493698 0.611072
vt 0.505270 0.610978
vt 0.516841 0.610884
vt 0.528413 0.610790
vt 0.539984 0.610696
vt 0.551556 0.610603
vt 0.563127 0.610509
vt 0.574699 0.610415
vt 0.586271 0.610321
vt 0.597842 0.610227
vt 0.609414 0.610134
vt 0.620985 0.610040
vt 0.632557 0.609946
vt 0.644128 0.609852
vt 0.655700 0.609758
vt 0.667272 0.609664
vt 0.678843 0.609570
vt 0.690415 0.609477
vt 0.701986 0.609383
vt 0.713558 0.609289
vt 0.725129 0.609195
vt 0.736701 0.609101
vt 0.748273 0.609007
vt 0.759844 0.608913
vt 0.771416 0.608819
vt 0.782987 0.608725
vt 0.794559 0.608631
vt 0.806130 0.608537
vt 0.817702 0.608443
vt 0.065643 0.626153
vt 0.077214 0.626060
vt 0.088786 0.625967
vt 0.100358 0.625873
vt 0.111929 0.625780
vt 0.123501 0.625686
vt 0.135072 0.625593
vt 0.146644 0.625500
vt 0.158216 0.625406
vt 0.169787 0.625313
vt 0.181359 0.625219
vt 0.192930 0.625126
vt 0.204502 0.625032
vt 0.216073 0.624939
vt 0.227645 0.624845
vt 0.239217 0.624752
vt 0.250788 0.624658
vt 0.262360 0.624565
vt 0.273931 0.624471
vt 0.285503 0.624378
vt 0.297075 0.624284
vt 0.308646 0.624190
vt 0.320218 0.624097
vt 0.331789 0.624003
vt 0.343361 0.623910
vt 0.354932 0.623816
vt 0.366504 0.623722
vt 0.378076 0.623629
vt 0.389647 0.623535
vt 0.401219 0.623441
vt 0.412790 0.623348
vt 0.424362 0.623254
vt 0.435934 0.623160
vt 0.447505 0.623067
vt 0.459077 0.622973
vt 0.470648 0.622879
vt 0.482220 0.622786
vt 0.493791 0.622692
vt 0.505363 0.622598
vt 0.516935 0.622504
vt 0.528506 0.622411
vt 0.540078 0.622317
vt 0.551649 0.622223
vt 0.563221 0.622129
vt 0.574792 0.622035
vt 0.586364 0.621942
vt 0.597936 0.621848
vt 0.609507 0.621754
vt 0.621079 0.621660
vt 0.632650 0.621566
vt 0.644222 0.621472
vt 0.655793 0.621379
vt 0.667365 0.621285
vt 0.678937 0.621191
vt 0.690508 0.621097
vt 0.702080 0.621003
vt 0.713651 0.620909
vt 0.725223 0.620815
vt 0.736795 0.620721
vt 0.748366 0.620627
vt 0.759938 0.620533
vt 0.771509 0.620439
vt 0.783081 0.620345
vt 0.794652 0.620251
vt 0.806224 0.620157
vt 0.817796 0.620063
vt 0.065736 0.637774
vt 0.077307 0.637680
vt 0.088879 0.637587
vt 0.100451 0.637494
vt 0.112022 0.637400
vt 0.123594 0.637307
vt 0.135165 0.637213
vt 0.146737 0.637120
vt 0.158309 0.637026
vt 0.169880 0.636933
vt 0.181452 0.636839
vt 0.193023 0.636746
vt 0.204595 0.636653
vt 0.216167 0.636559
vt 0.227738 0.636466
vt 0.239310 0.636372
vt 0.250881 0.636278
vt 0.262453 0.636185
vt 0.274025 0.636091
vt 0.285596 0.635998
vt 0.297168 0.635904
vt 0.308739 0.635811
vt 0.320311 0.635717
vt 0.331883 0.635624
vt 0.343454 0.635530
vt 0.355026 0.635436
vt 0.366597 0.635343
vt 0.378169 0.635249
vt 0.389740 0.635155
vt 0.401312 0.635062
vt 0.412884 0.634968
vt 0.424455 0.634874
vt 0.436027 0.634781
vt 0.447598 0.634687
vt 0.459170 0.634593
vt 0.470742 0.634500
vt 0.482313 0.634406
vt 0.493885 0.634312
vt 0.505456 0.634218
vt 0.517028 0.634125
vt 0.528600 0.634031
vt 0.540171 0.633937
vt 0.551743 0.633843
vt 0.563314 0.633750
vt 0.574886 0.633656
vt 0.586457 0.633562
vt 0.598029 0.633468
vt 0.609601 0.633374
vt 0.621172 0.633280
vt 0.632744 0.633187
vt 0.644315 0.633093
vt 0.655887 0.632999
vt 0.667459 0.632905
vt 0.679030 0.632811
vt 0.690602 0.632717
vt 0.702173 0.632623
vt 0.713745 0.632529
vt 0.725316 0.632435
vt 0.736888 0.632341
vt 0.748460 0.632248
vt 0.760031 0.632154
vt 0.771603 0.632060
vt 0.783174 0.631966
vt 0.794746 0.631872
vt 0.806318 0.631778
vt 0.817889 0.631684
vt 0.065829 0.649394
vt 0.077400 0.649301
vt 0.088972 0.649207
vt 0.100544 0.649114
vt 0.112115 0.649021
vt 0.123687 0.648927
vt 0.135258 0.648834
vt 0.146830 0.648740
vt 0.158402 0.648647
vt 0.169973 0.648553
vt 0.181545 0.648460
vt 0.193116 0.648366
vt 0.204688 0.648273
vt 0.216260 0.648179
vt 0.227831 0.648086
vt 0.239403 0.647992
vt 0.250975 0.647899
vt 0.262546 0.647805
vt 0.274118 0.647712
vt 0.285689 0.647618
vt 0.297261 0.647525
vt 0.308833 0.647431
vt 0.320404 0.647337
vt 0.331976 0.647244
vt 0.343547 0.647150
vt 0.355119 0.647057
vt 0.366691 0.646963
vt 0.378262 0.646869
vt 0.389834 0.646776
vt 0.401405 0.646682
vt 0.412977 0.646588
vt 0.424549 0.646495
vt 0.436120 0.646401
vt 0.447692 0.646307
vt 0.459263 0.646214
vt 0.470835 0.646120
vt 0.482407 0.646026
vt 0.493978 0.645933
vt 0.505550 0.645839
vt 0.517121 0.645745
vt 0.528693 0.645651
vt 0.540265 0.645557
vt 0.551836 0.645464
vt 0.563408 0.645370
vt 0.574979 0.645276
vt 0.586551 0.645182
vt 0.598122 0.645088
vt 0.609694 0.644995
vt 0.621266 0.644901
vt 0.632837 0.644807
vt 0.644409 0.644713
vt 0.655980 0.644619
vt 0.667552 0.644525
vt 0.679124 0.644431
vt 0.690695 0.644338
vt 0.702267 0.644244
vt 0.713838 0.644150
vt 0.725410 0.644056
vt 0.736982 0.643962
vt 0.748553 0.643868
vt 0.760125 0.643774
vt 0.771696 0.643680
vt 0.783268 0.643586
vt 0.794840 0.643492
vt 0.806411 0.643398
vt 0.817983 0.643304
vt 0.065922 0.661014
vt 0.077493 0.660921
vt 0.089065 0.660828
vt 0.100637 0.660734
vt 0.112208 0.660641
vt 0.123780 0.660547
vt 0.135352 0.660454
vt 0.146923 0.660361
vt 0.158495 0.660267
vt 0.170066 0.660174
vt 0.181638 0.660080
vt 0.193210 0.659987
vt 0.204781 0.659893
vt 0.216353 0.659800
vt 0.227924 0.659706
vt 0.239496 0.659613
vt 0.251068 0.659519
vt 0.262639 0.659426
vt 0.274211 0.659332
vt 0.285782 0.659239
vt 0.297354 0.659145
vt 0.308926 0.659051
vt 0.320497 0.658958
vt 0.332069 0.658864
vt 0.343641 0.658771
vt 0.355212 0.658677
vt 0.366784 0.658583
vt 0.378355 0.658490
vt 0.389927 0.658396
vt 0.401499 0.658302
vt 0.413070 0.658209
vt 0.424642 0.658115
vt 0.436213 0.658021
vt 0.447785 0.657928
vt 0.459357 0.657834
vt 0.470928 0.657740
vt 0.482500 0.657647
vt 0.494071 0.657553
vt 0.505643 0.657459
vt 0.517215 0.657365
vt 0.528786 0.657272
vt 0.540358 0.657178
vt 0.551930 0.657084
vt 0.563501 0.656990
vt 0.575073 0.656896
vt 0.586644 0.656803
vt 0.598216 0.656709
vt 0.609788 0.656615
vt 0.621359 0.656521
vt 0.632931 0.656427
vt 0.644502 0.656333
vt 0.656074 0.656240
vt 0.667646 0.656146
vt 0.679217 0.656052
vt 0.690789 0.655958
vt 0.702360 0.655864
vt 0.713932 0.655770
vt 0.725504 0.655676
vt 0.737075 0.655582
vt 0.748647 0.655488
vt 0.760218 0.655394
vt 0.771790 0.655300
vt 0.783362 0.655206
vt 0.794933 0.655112
vt 0.806505 0.655018
vt 0.818076 0.654924
vt 0.066015 0.672635
vt 0.077586 0.672541
vt 0.089158 0.672448
vt 0.100730 0.672355
vt 0.112301 0.672261
vt 0.123873 0.672168
vt 0.135445 0.672074
vt 0.147016 0.671981
vt 0.158588 0.671888
vt 0.170159 0.671794
vt 0.181731 0.671701
vt 0.193303 0.671607
vt 0.204874 0.671514
vt 0.216446 0.671420
vt 0.228018 0.671327
vt 0.239589 0.671233
vt 0.251161 0.671140
vt 0.262732 0.671046
vt 0.274304 0.670952
vt 0.285876 0.670859
vt 0.297447 0.670765
vt 0.309019 0.670672
vt 0.320591 0.670578
vt 0.332162 0.670485
vt 0.343734 0.670391
vt 0.355305 0.670297
vt 0.366877 0.670204
vt 0.378449 0.670110
vt 0.390020 0.670016
vt 0.401592 0.669923
vt 0.413163 0.669829
vt 0.424735 0.669735
vt 0.436307 0.669642
vt 0.447878 0.669548
vt 0.459450 0.669454
vt 0.471022 0.669361
vt 0.482593 0.669267
vt 0.494165 0.669173
vt 0.505736 0.669079
vt 0.517308 0.668986
vt 0.528880 0.668892
vt 0.540451 0.668798
vt 0.552023 0.668704
vt 0.563595 0.668611
vt 0.575166 0.668517
vt 0.586738 0.668423
vt 0.598309 0.668329
vt 0.609881 0.668235
vt 0.621453 0.668142
vt 0.633024 0.668048
vt 0.644596 0.667954
vt 0.656167 0.667860
vt 0.667739 0.667766
vt 0.679311 0.667672
vt 0.690882 0.667578
vt 0.702454 0.667484
vt 0.714025 0.667390
vt 0.725597 0.667296
vt 0.737169 0.667203
vt 0.748740 0.667109
vt 0.760312 0.667015
vt 0.771884 0.666921
vt 0.783455 0.666827
vt 0.795027 0.666733
vt 0.806598 0.666639
vt 0.818170 0.666545
vt 0.066108 0.684255
vt 0.077679 0.684162
vt 0.089251 0.684068
vt 0.100823 0.683975
vt 0.112394 0.683882
vt 0.123966 0.683788
vt 0.135538 0.683695
vt 0.147109 0.683601
vt 0.158681 0.683508
vt 0.170252 0.683414
vt 0.181824 0.683321
vt 0.193396 0.683227
vt 0.204967 0.683134
vt 0.216539 0.683041
vt 0.228111 0.682947
vt 0.239682 0.682853
vt 0.251254 0.682760
vt 0.262826 0.682666
vt 0.274397 0.682573
vt 0.285969 0.682479
vt 0.297540 0.682386
vt 0.309112 0.682292
vt 0.320684 0.682199
vt 0.332255 0.682105
vt 0.343827 0.682011
vt 0.355399 0.681918
vt 0.366970 0.681824
vt 0.378542 0.681731
vt 0.390114 0.681637
vt 0.401685 0.681543
vt 0.413257 0.681450
vt 0.424828 0.681356
vt 0.436400 0.681262
vt 0.447972 0.681168
vt 0.459543 0.681075
vt 0.471115 0.680981
vt 0.482687 0.680887
vt 0.494258 0.680794
vt 0.505830 0.680700
vt 0.517401 0.680606
vt 0.528973 0.680512
vt 0.540545 0.680419
vt 0.552116 0.680325
vt 0.563688 0.680231
vt 0.575260 0.680137
vt 0.586831 0.680043
vt 0.598403 0.679950
vt 0.609974 0.679856
vt 0.621546 0.679762
vt 0.633118 0.679668
vt 0.644689 0.679574
vt 0.656261 0.679480
vt 0.667833 0.679386
vt 0.679404 0.679293
vt 0.690976 0.679199
vt 0.702547 0.679105
vt 0.714119 0.679011
vt 0.725691 0.678917
vt 0.737262 0.678823
vt 0.748834 0.678729
vt 0.760406 0.678635
vt 0.771977 0.678541
vt 0.783549 0.678447
vt 0.795120 0.678353
vt 0.806692 0.678259
vt 0.818264 0.678165
vt 0.066201 0.695876
vt 0.077772 0.695782
vt 0.089344 0.695689
vt 0.100916 0.695595
vt 0.112487 0.695502
vt 0.124059 0.695409
vt 0.135631 0.695315
vt 0.147202 0.695222
vt 0.158774 0.695128
vt 0.170346 0.695035
vt 0.181917 0.694941
vt 0.193489 0.694848
vt 0.205061 0.694754
vt 0.216632 0.694661
vt 0.228204 0.694567
vt 0.239775 0.694474
vt 0.251347 0.694380
vt 0.262919 0.694287
vt 0.274490 0.694193
vt 0.286062 0.694100
vt 0.297634 0.694006
vt 0.309205 0.693913
vt 0.320777 0.693819
vt 0.332349 0.693725
vt 0.343920 0.693632
vt 0.355492 0.693538
vt 0.367063 0.693445
vt 0.378635 0.693351
vt 0.390207 0.693257
vt 0.401778 0.693164
vt 0.413350 0.693070
vt 0.424922 0.692976
vt 0.436493 0.692883
vt 0.448065 0.692789
vt 0.459637 0.692695
vt 0.471208 0.692601
vt 0.482780 0.692508
vt 0.494352 0.692414
vt 0.505923 0.692320
vt 0.517495 0.692226
vt 0.529066 0.692133
vt 0.540638 0.692039
vt 0.552210 0.691945
vt 0.563781 0.691851
vt 0.575353 0.691758
vt 0.586925 0.691664
vt 0.598496 0.691570
vt 0.610068 0.691476
vt 0.621639 0.691382
vt 0.633211 0.691288
vt 0.644783 0.691195
vt 0.656354 0.691101
vt 0.667926 0.691007
vt 0.679498 0.690913
vt 0.691069 0.690819
vt 0.702641 0.690725
vt 0.714213 0.690631
vt 0.725784 0.690537
vt 0.737356 0.690443
vt 0.748927 0.690349
vt 0.760499 0.690255
vt 0.772071 0.690161
vt 0.783642 0.690067
vt 0.795214 0.689973
vt 0.806786 0.689879
vt 0.818357 0.689785
vt 0.066294 0.707496
vt 0.077865 0.707403
vt 0.089437 0.707309
vt 0.101009 0.707216
vt 0.112580 0.707122
vt 0.124152 0.707029
vt 0.135724 0.706936
vt 0.147295 0.706842
vt 0.158867 0.706749
vt 0.170439 0.706655
vt 0.182010 0.706562
vt 0.193582 0.706468
vt 0.205154 0.706375
vt 0.216725 0.706281
vt 0.228297 0.706188
vt 0.239869 0.706094
vt 0.251440 0.706001
vt 0.263012 0.705907
vt 0.274584 0.705814
vt 0.286155 0.705720
vt 0.297727 0.705627
vt 0.309298 0.705533
vt 0.320870 0.705439
vt 0.332442 0.705346
vt 0.344013 0.705252
vt 0.355585 0.705159
vt 0.367157 0.705065
vt 0.378728 0.704971
vt 0.390300 0.704878
vt 0.401872 0.704784
vt 0.413443 0.704690
vt 0.425015 0.704597
vt 0.436587 0.704503
vt 0.448158 0.704409
vt 0.459730 0.704316
vt 0.471302 0.704222
vt 0.482873 0.704128
vt 0.494445 0.704034
vt 0.506017 0.703941
vt 0.517588 0.703847
vt 0.529160 0.703753
vt 0.540731 0.703659
vt 0.552303 0.703566
vt 0.563875 0.703472
vt 0.575446 0.703378
vt 0.587018 0.703284
vt 0.598590 0.703190
vt 0.610161 0.703096
vt 0.621733 0.703003
vt 0.633305 0.702909
vt 0.644876 0.702815
vt 0.656448 0.702721
vt 0.668020 0.702627
vt 0.679591 0.702533
vt 0.691163 0.702439
vt 0.702734 0.702345
vt 0.714306 0.702252
vt 0.725878 0.702158
vt 0.737449 0.702064
vt 0.749021 0.701970
vt 0.760593 0.701876
vt 0.772164 0.701782
vt 0.783736 0.701688
vt 0.795308 0.701594
vt 0.806879 0.701500
vt 0.818451 0.701406
vt 0.066387 0.719116
vt 0.077958 0.719023
vt 0.089530 0.718930
vt 0.101102 0.718836
vt 0.112673 0.718743
vt 0.124245 0.718649
vt 0.135817 0.718556
vt 0.147388 0.718463
vt 0.158960 0.718369
vt 0.170532 0.718276
vt 0.182103 0.718182
vt 0.193675 0.718089
vt 0.205247 0.717995
vt 0.216818 0.717902
vt 0.228390 0.717808
vt 0.239962 0.717715
vt 0.251533 0.717621
vt 0.263105 0.717528
vt 0.274677 0.717434
vt 0.286248 0.717341
vt 0.297820 0.717247
vt 0.309392 0.717153
vt 0.320963 0.717060
vt 0.332535 0.716966
vt 0.344107 0.716873
vt 0.355678 0.716779
vt 0.367250 0.716685
vt 0.378822 0.716592
vt 0.390393 0.716498
vt 0.401965 0.716404
vt 0.413537 0.716311
vt 0.425108 0.716217
vt 0.436680 0.716123
vt 0.448252 0.716030
vt 0.459823 0.715936
vt 0.471395 0.715842
vt 0.482967 0.715749
vt 0.494538 0.715655
vt 0.506110 0.715561
vt 0.517682 0.715467
vt 0.529253 0.715374
vt 0.540825 0.715280
vt 0.552396 0.715186
vt 0.563968 0.715092
vt 0.575540 0.714998
vt 0.587111 0.714905
vt 0.598683 0.714811
vt 0.610255 0.714717
vt 0.621826 0.714623
vt 0.633398 0.714529
vt 0.644970 0.714435
vt 0.656541 0.714341
vt 0.668113 0.714248
vt 0.679685 0.714154
vt 0.691256 0.714060
vt 0.702828 0.713966
vt 0.714400 0.713872
vt 0.725971 0.713778
vt 0.737543 0.713684
vt 0.749115 0.713590
vt 0.760686 0.713496
vt 0.772258 0.713402
vt 0.783830 0.713308
vt 0.795401 0.713214
vt 0.806973 0.713120
vt 0.818544 0.713026
vt 0.066480 0.730737
vt 0.078051 0.730643
vt 0.089623 0.730550
vt 0.101195 0.730457
vt 0.112766 0.730363
vt 0.124338 0.730270
vt 0.135910 0.730176
vt 0.147481 0.730083
vt 0.159053 0.729990
vt 0.170625 0.729896
vt 0.182196 0.729803
vt 0.193768 0.729709
vt 0.205340 0.729616
vt 0.216911 0.729522
vt 0.228483 0.729429
vt 0.240055 0.729335
vt 0.251626 0.729242
vt 0.263198 0.729148
vt 0.274770 0.729054
vt 0.286342 0.728961
vt 0.297913 0.728867
vt 0.309485 0.728774
vt 0.321057 0.728680
vt 0.332628 0.728587
vt 0.344200 0.728493
vt 0.355772 0.728399
vt 0.367343 0.728306
vt 0.378915 0.728212
vt 0.390487 0.728118
vt 0.402058 0.728025
vt 0.413630 0.727931
vt 0.425202 0.727837
vt 0.436773 0.727744
vt 0.448345 0.727650
vt 0.459917 0.727556
vt 0.471488 0.727463
vt 0.483060 0.727369
vt 0.494632 0.727275
vt 0.506203 0.727181
vt 0.517775 0.727088
vt 0.529347 0.726994
vt 0.540918 0.726900
vt 0.552490 0.726806
vt 0.564062 0.726713
vt 0.575633 0.726619
vt 0.587205 0.726525
vt 0.598777 0.726431
vt 0.610348 0.726337
vt 0.621920 0.726243
vt 0.633492 0.726150
vt 0.645063 0.726056
vt 0.656635 0.725962
vt 0.668207 0.725868
vt 0.679778 0.725774
vt 0.691350 0.725680
vt 0.702921 0.725586
vt 0.714493 0.725492
vt 0.726065 0.725398
vt 0.737636 0.725304
vt 0.749208 0.725211
vt 0.760780 0.725117
vt 0.772351 0.725023
vt 0.783923 0.724929
vt 0.795495 0.724835
vt 0.807066 0.724741
vt 0.818638 0.724647
vt 0.066573 0.742357
vt 0.078144 0.742264
vt 0.089716 0.742171
vt 0.101288 0.742077
vt 0.112859 0.741984
vt 0.124431 0.741890
vt 0.136003 0.741797
vt 0.147574 0.741703
vt 0.159146 0.741610
vt 0.170718 0.741516
vt 0.182290 0.741423
vt 0.193861 0.741330
vt 0.205433 0.741236
vt 0.217005 0.741143
vt 0.228576 0.741049
vt 0.240148 0.740956
vt 0.251720 0.740862
vt 0.263291 0.740768
vt 0.274863 0.740675
vt 0.286435 0.740581
vt 0.298006 0.740488
vt 0.309578 0.740394
vt 0.321150 0.740301
vt 0.332721 0.740207
vt 0.344293 0.740113
vt 0.355865 0.740020
vt 0.367436 0.739926
vt 0.379008 0.739833
vt 0.390580 0.739739
vt 0.402151 0.739645
vt 0.413723 0.739552
vt 0.425295 0.739458
vt 0.436867 0.739364
vt 0.448438 0.739271
vt 0.460010 0.739177
vt 0.471582 0.739083
vt 0.483153 0.738989
vt 0.494725 0.738896
vt 0.506297 0.738802
vt 0.517868 0.738708
vt 0.529440 0.738614
vt 0.541012 0.738521
vt 0.552583 0.738427
vt 0.564155 0.738333
vt 0.575727 0.738239
vt 0.587298 0.738145
vt 0.598870 0.738052
vt 0.610442 0.737958
vt 0.622013 0.737864
vt 0.633585 0.737770
vt 0.645157 0.737676
vt 0.656728 0.737582
vt 0.668300 0.737488
vt 0.679872 0.737395
vt 0.691443 0.737301
vt 0.703015 0.737207
vt 0.714587 0.737113
vt 0.726158 0.737019
vt 0.737730 0.736925
vt 0.749302 0.736831
vt 0.760873 0.736737
vt 0.772445 0.736643
vt 0.784017 0.736549
vt 0.795588 0.736455
vt 0.807160 0.736361
vt 0.818732 0.736267
vt 0.066666 0.753978
vt 0.078237 0.753884
vt 0.089809 0.753791
vt 0.101381 0.753698
vt 0.112952 0.753604
vt 0.124524 0.753511
vt 0.136096 0.753417
vt 0.147668 0.753324
vt 0.159239 0.753230
vt 0.170811 0.753137
vt 0.182383 0.753043
vt 0.193954 0.752950
vt 0.205526 0.752857
vt 0.217098 0.752763
vt 0.228669 0.752669
vt 0.240241 0.752576
vt 0.251813 0.752482
vt 0.263384 0.752389
vt 0.274956 0.752295
vt 0.286528 0.752202
vt 0.298100 0.752108
vt 0.309671 0.752015
vt 0.321243 0.751921
vt 0.332815 0.751827
vt 0.344386 0.751734
vt 0.355958 0.751640
vt 0.367530 0.751547
vt 0.379101 0.751453
vt 0.390673 0.751359
vt 0.402245 0.751266
vt 0.413816 0.751172
vt 0.425388 0.751078
vt 0.436960 0.750985
vt 0.448531 0.750891
vt 0.460103 0.750797
vt 0.471675 0.750704
vt 0.483247 0.750610
vt 0.494818 0.750516
vt 0.506390 0.750422
vt 0.517962 0.750329
vt 0.529533 0.750235
vt 0.541105 0.750141
vt 0.552677 0.750047
vt 0.564248 0.749953
vt 0.575820 0.749860
vt 0.587392 0.749766
vt 0.598963 0.749672
vt 0.610535 0.749578
vt 0.622107 0.749484
vt 0.633678 0.749390
vt 0.645250 0.749297
vt 0.656822 0.749203
vt 0.668393 0.749109
vt 0.679965 0.749015
vt 0.691537 0.748921
vt 0.703109 0.748827
vt 0.714680 0.748733
vt 0.726252 0.748639
vt 0.737824 0.748545
vt 0.749395 0.748451
vt 0.760967 0.748357
vt 0.772539 0.748263
vt 0.784110 0.748169
vt 0.795682 0.748075
vt 0.807254 0.747981
vt 0.818825 0.747887
vt 0.066759 0.765598
vt 0.078330 0.765505
vt 0.089902 0.765411
vt 0.101474 0.765318
vt 0.113045 0.765225
vt 0.124617 0.765131
vt 0.136189 0.765038
vt 0.147761 0.764944
vt 0.159332 0.764851
vt 0.170904 0.764757
vt 0.182476 0.764664
vt 0.194047 0.764570
vt 0.205619 0.764477
vt 0.217191 0.764383
vt 0.228763 0.764290
vt 0.240334 0.764196
vt 0.251906 0.764103
vt 0.263478 0.764009
vt 0.275049 0.763916
vt 0.286621 0.763822
vt 0.298193 0.763729
vt 0.309764 0.763635
vt 0.321336 0.763542
vt 0.332908 0.763448
vt 0.344480 0.763354
vt 0.356051 0.763261
vt 0.367623 0.763167
vt 0.379195 0.763073
vt 0.390766 0.762980
vt 0.402338 0.762886
vt 0.413910 0.762792
vt 0.425481 0.762699
vt 0.437053 0.762605
vt 0.448625 0.762511
vt 0.460197 0.762418
vt 0.471768 0.762324
vt 0.483340 0.762230
vt 0.494912 0.762137
vt 0.506483 0.762043
vt 0.518055 0.761949
vt 0.529627 0.761855
vt 0.541198 0.761761
vt 0.552770 0.761668
vt 0.564342 0.761574
vt 0.575913 0.761480
vt 0.587485 0.761386
vt 0.599057 0.761292
vt 0.610629 0.761199
vt 0.622200 0.761105
vt 0.633772 0.761011
vt 0.645344 0.760917
vt 0.656915 0.760823
vt 0.668487 0.760729
vt 0.680059 0.760635
vt 0.691630 0.760541
vt 0.703202 0.760448
vt 0.714774 0.760354
vt 0.726345 0.760260
vt 0.737917 0.760166
vt 0.749489 0.760072
vt 0.761061 0.759978
vt 0.772632 0.759884
vt 0.784204 0.759790
vt 0.795776 0.759696
vt 0.807347 0.759602
vt 0.818919 0.759508
vt 0.066852 0.777219
vt 0.078423 0.777125
vt 0.089995 0.777032
vt 0.101567 0.776938
vt 0.113138 0.776845
vt 0.124710 0.776752
vt 0.136282 0.776658
vt 0.147854 0.776565
vt 0.159425 0.776471
vt 0.170997 0.776378
vt 0.182569 0.776284
vt 0.194140 0.776191
vt 0.205712 0.776097
vt 0.217284 0.776004
vt 0.228856 0.775910
vt 0.240427 0.775817
vt 0.251999 0.775723
vt 0.263571 0.775630
vt 0.275142 0.775536
vt 0.286714 0.775443
vt 0.298286 0.775349
vt 0.309858 0.775256
vt 0.321429 0.775162
vt 0.333001 0.775068
vt 0.344573 0.774975
vt 0.356144 0.774881
vt 0.367716 0.774788
vt 0.379288 0.774694
vt 0.390860 0.774600
vt 0.402431 0.774507
vt 0.414003 0.774413
vt 0.425575 0.774319
vt 0.437146 0.774226
vt 0.448718 0.774132
vt 0.460290 0.774038
vt 0.471862 0.773944
vt 0.483433 0.773851
vt 0.495005 0.773757
vt 0.506577 0.773663
vt 0.518148 0.773569
vt 0.529720 0.773476
vt 0.541292 0.773382
vt 0.552863 0.773288
vt 0.564435 0.773194
vt 0.576007 0.773101
vt 0.587579 0.773007
vt 0.599150 0.772913
vt 0.610722 0.772819
vt 0.622294 0.772725
vt 0.633865 0.772631
vt 0.645437 0.772537
vt 0.657009 0.772444
vt 0.668580 0.772350
vt 0.680152 0.772256
vt 0.691724 0.772162
vt 0.703296 0.772068
vt 0.714867 0.771974
vt 0.726439 0.771880
vt 0.738011 0.771786
vt 0.749582 0.771692
vt 0.761154 0.771598
vt 0.772726 0.771504
vt 0.784297 0.771410
vt 0.795869 0.771316
vt 0.807441 0.771222
vt 0.819013 0.771128
vt 0.066945 0.788839
vt 0.078516 0.788746
vt 0.090088 0.788652
vt 0.101660 0.788559
vt 0.113232 0.788466
vt 0.124803 0.788372
vt 0.136375 0.788279
vt 0.147947 0.788185
vt 0.159518 0.788092
vt 0.171090 0.787998
vt 0.182662 0.787905
vt 0.194234 0.787811
vt 0.205805 0.787718
vt 0.217377 0.787624
vt 0.228949 0.787531
vt 0.240520 0.787437
vt 0.252092 0.787344
vt 0.263664 0.787250
vt 0.275236 0.787157
vt 0.286807 0.787063
vt 0.298379 0.786970
vt 0.309951 0.786876
vt 0.321523 0.786782
vt 0.333094 0.786689
vt 0.344666 0.786595
vt 0.356238 0.786502
vt 0.367809 0.786408
vt 0.379381 0.786314
vt 0.390953 0.786221
vt 0.402525 0.786127
vt 0.414096 0.786033
vt 0.425668 0.785940
vt 0.437240 0.785846
vt 0.448811 0.785752
vt 0.460383 0.785659
vt 0.471955 0.785565
vt 0.483527 0.785471
vt 0.495098 0.785377
vt 0.506670 0.785284
vt 0.518242 0.785190
vt 0.529813 0.785096
vt 0.541385 0.785002
vt 0.552957 0.784909
vt 0.564529 0.784815
vt 0.576100 0.784721
vt 0.587672 0.784627
vt 0.599244 0.784533
vt 0.610815 0.784440
vt 0.622387 0.784346
vt 0.633959 0.784252
vt 0.645531 0.784158
vt 0.657102 0.784064
vt 0.668674 0.783970
vt 0.680246 0.783876
vt 0.691817 0.783782
vt 0.703389 0.783688
vt 0.714961 0.783595
vt 0.726533 0.783501
vt 0.738104 0.783407
vt 0.749676 0.783313
vt 0.761248 0.783219
vt 0.772819 0.783125
vt 0.784391 0.783031
vt 0.795963 0.782937
vt 0.807534 0.782843
vt 0.819106 0.782749
vt 0.067038 0.800460
vt 0.078609 0.800366
vt 0.090181 0.800273
vt 0.101753 0.800179
vt 0.113325 0.800086
vt 0.124896 0.799993
vt 0.136468 0.799899
vt 0.148040 0.799806
vt 0.159611 0.799712
vt 0.171183 0.799619
vt 0.182755 0.799525
vt 0.194327 0.799432
vt 0.205898 0.799338
vt 0.217470 0.799245
vt 0.229042 0.799151
vt 0.240614 0.799058
vt 0.252185 0.798964
vt 0.263757 0.798871
vt 0.275329 0.798777
vt 0.286901 0.798684
vt 0.298472 0.798590
vt 0.310044 0.798497
vt 0.321616 0.798403
vt 0.333187 0.798309
vt 0.344759 0.798216
vt 0.356331 0.798122
vt 0.367903 0.798028
vt 0.379474 0.797935
vt 0.391046 0.797841
vt 0.402618 0.797748
vt 0.414190 0.797654
vt 0.425761 0.797560
vt 0.437333 0.797466
vt 0.448905 0.797373
vt 0.460476 0.797279
vt 0.472048 0.797185
vt 0.483620 0.797092
vt 0.495192 0.796998
vt 0.506763 0.796904
vt 0.518335 0.796810
vt 0.529907 0.796717
vt 0.541479 0.796623
vt 0.553050 0.796529
vt 0.564622 0.796435
vt 0.576194 0.796341
vt 0.587765 0.796248
vt 0.599337 0.796154
vt 0.610909 0.796060
vt 0.622481 0.795966
vt 0.634052 0.795872
vt 0.645624 0.795778
vt 0.657196 0.795685
vt 0.668767 0.795591
vt 0.680339 0.795497
vt 0.691911 0.795403
vt 0.703483 0.795309
vt 0.715054 0.795215
vt 0.726626 0.795121
vt 0.738198 0.795027
vt 0.749770 0.794933
vt 0.761341 0.794839
vt 0.772913 0.794745
vt 0.784485 0.794651
vt 0.796056 0.794557
vt 0.807628 0.794463
vt 0.819200 0.794369
vt 0.067131 0.812080
vt 0.078702 0.811987
vt 0.090274 0.811893
vt 0.101846 0.811800
vt 0.113418 0.811707
vt 0.124989 0.811613
vt 0.136561 0.811520
vt 0.148133 0.811426
vt 0.159705 0.811333
vt 0.171276 0.811239
vt 0.182848 0.811146
vt 0.194420 0.811052
vt 0.205992 0.810959
vt 0.217563 0.810865
vt 0.229135 0.810772
vt 0.240707 0.810678
vt 0.252278 0.810585
vt 0.263850 0.810491
vt 0.275422 0.810398
vt 0.286994 0.810304
vt 0.298565 0.810211
vt 0.310137 0.810117
vt 0.321709 0.810023
vt 0.333281 0.809930
vt 0.344852 0.809836
vt 0.356424 0.809743
vt 0.367996 0.809649
vt 0.379568 0.809555
vt 0.391139 0.809462
vt 0.402711 0.809368
vt 0.414283 0.809274
vt 0.425855 0.809181
vt 0.437426 0.809087
vt 0.448998 0.808993
vt 0.460570 0.808900
vt 0.472142 0.808806
vt 0.483713 0.808712
vt 0.495285 0.808618
vt 0.506857 0.808525
vt 0.518428 0.808431
vt 0.530000 0.808337
vt 0.541572 0.808243
vt 0.553144 0.808150
vt 0.564715 0.808056
vt 0.576287 0.807962
vt 0.587859 0.807868
vt 0.599431 0.807774
vt 0.611002 0.807680
vt 0.622574 0.807587
vt 0.634146 0.807493
vt 0.645718 0.807399
vt 0.657289 0.807305
vt 0.668861 0.807211
vt 0.680433 0.807117
vt 0.692004 0.807023
vt 0.703576 0.806929
vt 0.715148 0.806835
vt 0.726720 0.806742
vt 0.738291 0.806648
vt 0.749863 0.806554
vt 0.761435 0.806460
vt 0.773007 0.806366
vt 0.784578 0.806272
vt 0.796150 0.806178
vt 0.807722 0.806084
vt 0.819293 0.805990
vt 0.067224 0.823701
vt 0.078795 0.823607
vt 0.090367 0.823514
vt 0.101939 0.823420
vt 0.113511 0.823327
vt 0.125082 0.823234
vt 0.136654 0.823140
vt 0.148226 0.823047
vt 0.159798 0.822953
vt 0.171369 0.822860
vt 0.182941 0.822766
vt 0.194513 0.822673
vt 0.206085 0.822579
vt 0.217656 0.822486
vt 0.229228 0.822392
vt 0.240800 0.822299
vt 0.252372 0.822205
vt 0.263943 0.822112
vt 0.275515 0.822018
vt 0.287087 0.821925
vt 0.298659 0.821831
vt 0.310230 0.821737
vt 0.321802 0.821644
vt 0.333374 0.821550
vt 0.344946 0.821457
vt 0.356517 0.821363
vt 0.368089 0.821269
vt 0.379661 0.821176
vt 0.391233 0.821082
vt 0.402804 0.820988
vt 0.414376 0.820895
vt 0.425948 0.820801
vt 0.437520 0.820707
vt 0.449091 0.820614
vt 0.460663 0.820520
vt 0.472235 0.820426
vt 0.483807 0.820333
vt 0.495378 0.820239
vt 0.506950 0.820145
vt 0.518522 0.820051
vt 0.530094 0.819958
vt 0.541665 0.819864
vt 0.553237 0.819770
vt 0.564809 0.819676
vt 0.576381 0.819582
vt 0.587952 0.819489
vt 0.599524 0.819395
vt 0.611096 0.819301
vt 0.622668 0.819207
vt 0.634239 0.819113
vt 0.645811 0.819019
vt 0.657383 0.818926
vt 0.668954 0.818832
vt 0.680526 0.818738
vt 0.692098 0.818644
vt 0.703670 0.818550
vt 0.715241 0.818456
vt 0.726813 0.818362
vt 0.738385 0.818268
vt 0.749957 0.818174
vt 0.761528 0.818080
vt 0.773100 0.817986
vt 0.784672 0.817892
vt 0.796244 0.817798
vt 0.807815 0.817704
vt 0.819387 0.817610
vt 0.067317 0.835321
vt 0.078888 0.835228
vt 0.090460 0.835134
vt 0.102032 0.835041
vt 0.113604 0.834948
vt 0.125175 0.834854
vt 0.136747 0.834761
vt 0.148319 0.834667
vt 0.159891 0.834574
vt 0.171462 0.834480
vt 0.183034 0.834387
vt 0.194606 0.834293
vt 0.206178 0.834200
vt 0.217749 0.834106
vt 0.229321 0.834013
vt 0.240893 0.833919
vt 0.252465 0.833826
vt 0.264037 0.833732
vt 0.275608 0.833639
vt 0.287180 0.833545
vt 0.298752 0.833452
vt 0.310324 0.833358
vt 0.321895 0.833264
vt 0.333467 0.833171
vt 0.345039 0.833077
vt 0.356611 0.832984
vt 0.368182 0.832890
vt 0.379754 0.832796
vt 0.391326 0.832703
vt 0.402898 0.832609
vt 0.414469 0.832515
vt 0.426041 0.832422
vt 0.437613 0.832328
vt 0.449185 0.832234
vt 0.460756 0.832141
vt 0.472328 0.832047
vt 0.483900 0.831953
vt 0.495472 0.831859
vt 0.507043 0.831766
vt 0.518615 0.831672
vt 0.530187 0.831578
vt 0.541759 0.831484
vt 0.553330 0.831391
vt 0.564902 0.831297
vt 0.576474 0.831203
vt 0.588046 0.831109
vt 0.599617 0.831015
vt 0.611189 0.830921
vt 0.622761 0.830828
vt 0.634333 0.830734
vt 0.645904 0.830640
vt 0.657476 0.830546
vt 0.669048 0.830452
vt 0.680620 0.830358
vt 0.692191 0.830264
vt 0.703763 0.830170
vt 0.715335 0.830076
vt 0.726907 0.829983
vt 0.738478 0.829889
vt 0.750050 0.829795
vt 0.761622 0.829701
vt 0.773194 0.829607
vt 0.784765 0.829513
vt 0.796337 0.829419
vt 0.807909 0.829325
vt 0.819481 0.829231
usemtl uydu
f 47/47 49/49 23/23
f 43/43 47/47 23/23
f 42/42 30/30 33/33
f 42/42 49/49 47/47
f 33/33 63/63 64/64
f 30/30 63/63 33/33
f 1686/1686 63/63 62/62
f 29/29 33/33 64/64
f 65/65 29/29 64/64
f 29/29 65/65 28/28
f 29/29 28/28 49/49
f 29/29 42/42 33/33
f 42/42 29/29 49/49
f 32/32 40/40 31/31
f 40/40 32/32 30/30
f 32/32 63/63 30/30
f 62/62 32/32 31/31
f 63/63 32/32 62/62
f 43/43 36/36 47/47
f 67/67 1777/1777 62/62
f 1777/1777 67/67 1820/1820
f 68/68 1686/1686 62/62
f 68/68 1777/1777 1732/1732
f 1777/1777 68/68 62/62
f 35/35 40/40 30/30
f 42/42 35/35 30/30
f 35/35 4/4 40/40
f 4/4 35/35 5/5
f 35/35 42/42 47/47
f 36/36 35/35 47/47
f 1425/1425 1426/1426 65/65
f 1426/1426 1427/1427 65/65
f 65/65 1427/1427 28/28
f 14/14 15/15 1906/1906
f 4/4 3/3 40/40
f 40/40 3/3 31/31
f 66/66 1947/1947 1905/1905
f 48/48 36/36 43/43
f 48/48 43/43 23/23
f 37/37 9/9 8/8
f 48/48 37/37 8/8
f 37/37 48/48 44/44
f 53/53 48/48 23/23
f 48/48 53/53 44/44
f 35/35 6/6 5/5
f 6/6 35/35 36/36
f 1863/1863 66/66 1905/1905
f 1776/1776 1777/1777 1820/1820
f 9/9 2068/2068 8/8
f 63/63 1589/1589 64/64
f 1589/1589 1537/1537 64/64
f 1485/1485 1425/1425 65/65
f 16/16 15/15 14/14
f 39/39 16/16 14/14
f 27/27 26/26 28/28
f 27/27 1427/1427 1428/1428
f 1427/1427 27/27 28/28
f 1997/1997 4/4 1998/1998
f 1997/1997 3/3 4/4
f 4/4 1999/1999 1998/1998
f 1999/1999 4/4 5/5
f 2000/2000 1999/1999 5/5
f 44/44 51/51 55/55
f 53/53 51/51 44/44
f 58/58 2000/2000 5/5
f 6/6 58/58 5/5
f 7/7 6/6 36/36
f 7/7 48/48 8/8
f 48/48 7/7 36/36
f 1537/1537 1538/1538 64/64
f 1485/1485 1538/1538 1484/1484
f 1538/1538 65/65 64/64
f 1538/1538 1485/1485 65/65
f 67/67 1862/1862 1820/1820
f 1863/1863 1862/1862 67/67
f 1589/1589 1638/1638 1588/1588
f 1638/1638 63/63 1686/1686
f 1638/1638 1589/1589 63/63
f 1685/1685 68/68 1732/1732
f 68/68 1685/1685 1686/1686
f 16/16 78/78 15/15
f 1822/1822 78/78 1821/1821
f 76/76 1779/1779 1821/1821
f 78/78 76/76 1821/1821
f 76/76 78/78 16/16
f 13/13 39/39 14/14
f 13/13 12/12 39/39
f 11/11 12/12 59/59
f 12/12 11/11 39/39
f 11/11 46/46 39/39
f 46/46 11/11 38/38
f 51/51 21/21 55/55
f 49/49 54/54 23/23
f 54/54 24/24 23/23
f 24/24 25/25 70/70
f 54/54 25/25 24/24
f 26/26 25/25 28/28
f 28/28 25/25 49/49
f 25/25 54/54 49/49
f 3/3 2/2 31/31
f 2/2 1/1 31/31
f 61/61 1863/1863 67/67
f 61/61 67/67 62/62
f 1863/1863 61/61 66/66
f 61/61 1/1 66/66
f 61/61 62/62 31/31
f 1/1 61/61 31/31
f 1997/1997 1996/1996 3/3
f 24/24 50/50 23/23
f 50/50 53/53 23/23
f 15/15 1864/1864 1906/1906
f 78/78 1864/1864 15/15
f 1864/1864 78/78 1822/1822
f 76/76 1778/1778 1779/1779
f 13/13 2009/2009 12/12
f 2009/2009 13/13 2010/2010
f 46/46 17/17 39/39
f 17/17 16/16 39/39
f 17/17 76/76 16/16
f 52/52 44/44 55/55
f 1639/1639 19/19 74/74
f 21/21 20/20 55/55
f 20/20 52/52 55/55
f 1429/1429 21/21 70/70
f 1369/1369 1429/1429 70/70
f 72/72 1429/1429 1430/1430
f 1429/1429 72/72 21/21
f 1368/1368 1369/1369 70/70
f 71/71 27/27 1428/1428
f 71/71 1364/1364 27/27
f 1362/1362 71/71 1428/1428
f 69/69 25/25 26/26
f 25/25 69/69 70/70
f 27/27 69/69 26/26
f 1364/1364 69/69 27/27
f 1/1 1949/1949 66/66
f 58/58 2001/2001 2000/2000
f 21/21 22/22 70/70
f 22/22 21/21 51/51
f 22/22 24/24 70/70
f 22/22 50/50 24/24
f 22/22 51/51 53/53
f 50/50 22/22 53/53
f 2069/2069 2068/2068 9/9
f 13/13 2011/2011 2010/2010
f 12/12 2008/2008 59/59
f 2009/2009 2008/2008 12/12
f 11/11 10/10 38/38
f 2006/2006 10/10 11/11
f 10/10 41/41 38/38
f 2007/2007 11/11 59/59
f 2007/2007 2006/2006 11/11
f 2008/2008 2007/2007 59/59
f 2006/2006 2072/2072 2071/2071
f 77/77 1778/1778 76/76
f 17/17 77/77 76/76
f 1487/1487 73/73 1486/1486
f 20/20 73/73 74/74
f 73/73 20/20 21/21
f 73/73 72/72 1486/1486
f 72/72 73/73 21/21
f 1590/1590 1639/1639 74/74
f 1590/1590 1591/1591 1639/1639
f 1640/1640 80/80 1639/1639
f 80/80 19/19 1639/1639
f 45/45 19/19 46/46
f 52/52 45/45 44/44
f 19/19 45/45 52/52
f 45/45 37/37 44/44
f 45/45 46/46 38/38
f 41/41 45/45 38/38
f 37/37 45/45 9/9
f 45/45 41/41 9/9
f 19/19 75/75 74/74
f 75/75 19/19 52/52
f 75/75 20/20 74/74
f 20/20 75/75 52/52
f 1431/1431 72/72 1430/1430
f 1363/1363 71/71 1362/1362
f 71/71 1363/1363 1364/1364
f 1949/1949 1948/1948 66/66
f 1948/1948 1947/1947 66/66
f 2/2 1950/1950 1/1
f 1950/1950 1949/1949 1/1
f 1950/1950 2/2 3/3
f 1950/1950 1996/1996 1995/1995
f 1996/1996 1950/1950 3/3
f 2002/2002 58/58 6/6
f 2002/2002 2001/2001 58/58
f 56/56 7/7 8/8
f 1951/1951 60/60 1906/1906
f 60/60 14/14 1906/1906
f 60/60 13/13 14/14
f 60/60 2011/2011 13/13
f 2011/2011 60/60 2012/2012
f 60/60 1951/1951 2012/2012
f 57/57 2006/2006 2071/2071
f 57/57 10/10 2006/2006
f 2070/2070 57/57 2071/2071
f 2069/2069 57/57 2070/2070
f 57/57 2069/2069 9/9
f 41/41 57/57 9/9
f 10/10 57/57 41/41
f 73/73 1539/1539 74/74
f 1590/1590 1539/1539 1540/1540
f 1539/1539 1590/1590 74/74
f 1539/1539 73/73 1487/1487
f 1687/1687 80/80 1640/1640
f 34/34 17/17 46/46
f 72/72 1432/1432 1486/1486
f 1431/1431 1432/1432 72/72
f 1367/1367 1368/1368 70/70
f 69/69 1367/1367 70/70
f 1366/1366 1367/1367 69/69
f 1734/1734 77/77 1733/1733
f 77/77 1734/1734 1778/1778
f 34/34 79/79 17/17
f 77/77 79/79 1733/1733
f 79/79 77/77 17/17
f 79/79 1687/1687 1688/1688
f 79/79 1688/1688 1733/1733
f 1687/1687 79/79 80/80
f 19/19 18/18 46/46
f 18/18 34/34 46/46
f 80/80 18/18 19/19
f 79/79 18/18 80/80
f 18/18 79/79 34/34
f 1365/1365 69/69 1364/1364
f 1365/1365 1366/1366 69/69
f 2005/2005 2067/2067 2066/2066
f 2067/2067 2005/2005 56/56
f 56/56 2005/2005 7/7
f 2005/2005 2004/2004 7/7
f 2003/2003 2002/2002 6/6
f 7/7 2003/2003 6/6
f 2004/2004 2003/2003 7/7
f 82/82 147/147 81/81
f 147/147 82/82 148/148
f 84/84 149/149 83/83
f 149/149 84/84 150/150
f 149/149 82/82 83/83
f 82/82 149/149 148/148
f 3221/3221 3288/3288 3287/3287
f 3288/3288 3221/3221 3222/3222
f 151/151 84/84 85/85
f 84/84 151/151 150/150
f 3291/3291 3290/3290 3225/3225
f 3290/3290 3224/3224 3225/3225
f 3291/3291 3226/3226 3292/3292
f 3226/3226 3291/3291 3225/3225
f 86/86 151/151 85/85
f 151/151 86/86 152/152
f 3226/3226 3293/3293 3292/3292
f 3293/3293 3226/3226 3227/3227
f 1762/1762 1717/1717 1718/1718
f 1763/1763 1762/1762 1718/1718
f 2957/2957 3024/3024 3023/3023
f 3024/3024 2957/2957 2958/2958
f 3024/3024 3089/3089 3023/3023
f 3089/3089 3024/3024 3090/3090
f 3091/3091 3024/3024 3025/3025
f 3090/3090 3024/3024 3091/3091
f 3223/3223 3290/3290 3289/3289
f 3290/3290 3223/3223 3224/3224
f 3223/3223 3288/3288 3222/3222
f 3288/3288 3223/3223 3289/3289
f 3156/3156 3223/3223 3222/3222
f 3223/3223 3156/3156 3157/3157
f 3156/3156 3221/3221 3155/3155
f 3221/3221 3156/3156 3222/3222
f 3156/3156 3089/3089 3090/3090
f 3089/3089 3156/3156 3155/3155
f 3156/3156 3090/3090 3091/3091
f 3157/3157 3156/3156 3091/3091
f 3158/3158 3223/3223 3157/3157
f 3223/3223 3158/3158 3224/3224
f 3224/3224 3158/3158 3225/3225
f 3225/3225 3158/3158 3159/3159
f 3158/3158 3157/3157 3091/3091
f 3092/3092 3158/3158 3091/3091
f 1514/1514 1459/1459 1460/1460
f 1459/1459 1514/1514 1513/1513
f 1755/1755 1709/1709 1710/1710
f 1709/1709 1755/1755 1754/1754
f 1755/1755 1711/1711 1756/1756
f 1711/1711 1755/1755 1710/1710
f 1798/1798 1755/1755 1799/1799
f 1755/1755 1798/1798 1754/1754
f 215/215 149/149 150/150
f 215/215 150/150 216/216
f 86/86 153/153 152/152
f 153/153 86/86 87/87
f 153/153 218/218 152/152
f 218/218 153/153 219/219
f 1572/1572 1571/1571 1519/1519
f 1572/1572 1519/1519 1520/1520
f 1621/1621 1572/1572 1622/1622
f 1572/1572 1621/1621 1571/1571
f 1465/1465 1466/1466 1520/1520
f 1519/1519 1465/1465 1520/1520
f 1621/1621 1570/1570 1571/1571
f 1570/1570 1621/1621 1620/1620
f 1006/1006 1071/1071 1005/1005
f 1071/1071 1006/1006 1072/1072
f 1588/1588 1535/1535 1536/1536
f 1535/1535 1588/1588 1587/1587
f 1362/1362 1427/1427 1361/1361
f 1427/1427 1362/1362 1428/1428
f 2906/2906 2905/2905 2839/2839
f 2840/2840 2906/2906 2839/2839
f 3051/3051 3116/3116 3050/3050
f 3116/3116 3051/3051 3117/3117
f 2776/2776 2711/2711 2777/2777
f 2711/2711 2776/2776 2710/2710
f 1801/1801 1844/1844 1843/1843
f 1844/1844 1801/1801 1802/1802
f 1803/1803 1760/1760 1804/1804
f 1760/1760 1803/1803 1759/1759
f 1844/1844 1803/1803 1845/1845
f 1803/1803 1844/1844 1802/1802
f 1624/1624 1625/1625 1672/1672
f 1672/1672 1625/1625 1673/1673
f 1719/1719 1671/1671 1672/1672
f 1671/1671 1719/1719 1718/1718
f 1670/1670 1621/1621 1622/1622
f 1621/1621 1670/1670 1669/1669
f 1669/1669 1670/1670 1716/1716
f 1670/1670 1717/1717 1716/1716
f 1670/1670 1671/1671 1718/1718
f 1717/1717 1670/1670 1718/1718
f 1846/1846 1803/1803 1804/1804
f 1803/1803 1846/1846 1845/1845
f 1805/1805 1846/1846 1804/1804
f 1846/1846 1805/1805 1847/1847
f 3026/3026 3091/3091 3025/3025
f 3026/3026 3092/3092 3091/3091
f 2892/2892 2957/2957 2891/2891
f 2957/2957 2892/2892 2958/2958
f 2226/2226 2161/2161 2227/2227
f 2161/2161 2226/2226 2160/2160
f 595/595 660/660 594/594
f 660/660 595/595 661/661
f 1070/1070 1003/1003 1004/1004
f 1003/1003 1070/1070 1069/1069
f 872/872 871/871 805/805
f 806/806 872/872 805/805
f 3337/3337 3271/3271 3338/3338
f 3338/3338 3271/3271 3272/3272
f 3144/3144 3209/3209 3143/3143
f 3209/3209 3144/3144 3210/3210
f 1510/1510 1561/1561 1509/1509
f 1561/1561 1510/1510 1562/1562
f 1838/1838 1879/1879 1837/1837
f 1879/1879 1838/1838 1880/1880
f 1800/1800 1755/1755 1756/1756
f 1755/1755 1800/1800 1799/1799
f 1838/1838 1881/1881 1880/1880
f 1881/1881 1838/1838 1839/1839
f 1161/1161 1094/1094 1095/1095
f 1094/1094 1161/1161 1160/1160
f 147/147 214/214 213/213
f 214/214 147/147 148/148
f 149/149 214/214 148/148
f 215/215 214/214 149/149
f 151/151 217/217 150/150
f 150/150 217/217 216/216
f 217/217 151/151 152/152
f 218/218 217/217 152/152
f 220/220 286/286 285/285
f 219/219 220/220 285/285
f 888/888 954/954 887/887
f 887/887 954/954 953/953
f 492/492 493/493 558/558
f 558/558 493/493 559/559
f 807/807 808/808 873/873
f 873/873 808/808 874/874
f 741/741 808/808 807/807
f 808/808 741/741 742/742
f 743/743 808/808 742/742
f 808/808 743/743 809/809
f 809/809 743/743 810/810
f 810/810 743/743 744/744
f 1012/1012 1079/1079 1078/1078
f 1079/1079 1012/1012 1013/1013
f 1079/1079 1144/1144 1078/1078
f 1144/1144 1079/1079 1145/1145
f 1211/1211 1144/1144 1145/1145
f 1144/1144 1211/1211 1210/1210
f 1077/1077 1144/1144 1143/1143
f 1144/1144 1077/1077 1078/1078
f 613/613 547/547 548/548
f 614/614 613/613 548/548
f 743/743 678/678 744/744
f 678/678 743/743 677/677
f 678/678 613/613 679/679
f 613/613 678/678 612/612
f 745/745 678/678 679/679
f 678/678 745/745 744/744
f 745/745 811/811 810/810
f 745/745 810/810 744/744
f 829/829 764/764 830/830
f 764/764 829/829 763/763
f 499/499 566/566 565/565
f 566/566 499/499 500/500
f 633/633 566/566 567/567
f 566/566 633/633 632/632
f 1515/1515 1568/1568 1567/1567
f 1568/1568 1515/1515 1516/1516
f 1462/1462 1515/1515 1461/1461
f 1515/1515 1462/1462 1516/1516
f 939/939 1006/1006 1005/1005
f 939/939 940/940 1006/1006
f 940/940 939/939 874/874
f 939/939 873/873 874/874
f 875/875 808/808 809/809
f 808/808 875/875 874/874
f 1464/1464 1405/1405 1465/1465
f 1405/1405 1464/1464 1404/1404
f 1465/1465 1405/1405 1466/1466
f 1405/1405 1406/1406 1466/1466
f 1209/1209 1144/1144 1210/1210
f 1144/1144 1209/1209 1143/1143
f 1276/1276 1209/1209 1210/1210
f 1209/1209 1276/1276 1275/1275
f 1270/1270 1269/1269 1203/1203
f 1270/1270 1203/1203 1204/1204
f 1269/1269 1270/1270 1335/1335
f 1335/1335 1270/1270 1336/1336
f 1073/1073 1007/1007 1074/1074
f 1074/1074 1007/1007 1008/1008
f 1006/1006 1007/1007 1072/1072
f 1007/1007 1073/1073 1072/1072
f 1947/1947 1946/1946 1904/1904
f 1947/1947 1904/1904 1905/1905
f 1161/1161 1226/1226 1160/1160
f 1226/1226 1161/1161 1227/1227
f 1226/1226 1159/1159 1160/1160
f 1159/1159 1226/1226 1225/1225
f 1226/1226 1292/1292 1291/1291
f 1225/1225 1226/1226 1291/1291
f 1631/1631 1580/1580 1581/1581
f 1580/1580 1631/1631 1630/1630
f 1580/1580 1529/1529 1581/1581
f 1529/1529 1580/1580 1528/1528
f 1680/1680 1728/1728 1727/1727
f 1728/1728 1680/1680 1681/1681
f 1858/1858 1901/1901 1900/1900
f 1901/1901 1858/1858 1859/1859
f 1589/1589 1588/1588 1536/1536
f 1537/1537 1589/1589 1536/1536
f 1226/1226 1293/1293 1292/1292
f 1293/1293 1226/1226 1227/1227
f 1360/1360 1293/1293 1294/1294
f 1293/1293 1360/1360 1359/1359
f 1360/1360 1425/1425 1359/1359
f 1425/1425 1360/1360 1426/1426
f 1427/1427 1360/1360 1361/1361
f 1360/1360 1427/1427 1426/1426
f 1161/1161 1228/1228 1227/1227
f 1228/1228 1161/1161 1162/1162
f 1293/1293 1228/1228 1294/1294
f 1228/1228 1293/1293 1227/1227
f 1229/1229 1228/1228 1163/1163
f 1228/1228 1162/1162 1163/1163
f 2984/2984 3051/3051 3050/3050
f 3051/3051 2984/2984 2985/2985
f 2986/2986 2919/2919 2920/2920
f 2919/2919 2986/2986 2985/2985
f 2984/2984 2919/2919 2985/2985
f 2919/2919 2984/2984 2918/2918
f 3316/3316 3251/3251 3317/3317
f 3251/3251 3316/3316 3250/3250
f 3317/3317 3251/3251 3318/3318
f 3318/3318 3251/3251 3252/3252
f 3184/3184 3251/3251 3250/3250
f 3251/3251 3184/3184 3185/3185
f 3233/3233 3168/3168 3234/3234
f 3168/3168 3233/3233 3167/3167
f 2515/2515 2580/2580 2514/2514
f 2580/2580 2515/2515 2581/2581
f 2645/2645 2580/2580 2646/2646
f 2580/2580 2645/2645 2579/2579
f 2712/2712 2645/2645 2646/2646
f 2645/2645 2712/2712 2711/2711
f 2515/2515 2582/2582 2581/2581
f 2582/2582 2515/2515 2516/2516
f 2582/2582 2517/2517 2583/2583
f 2517/2517 2582/2582 2516/2516
f 2101/2101 2100/2100 2035/2035
f 2100/2100 2034/2034 2035/2035
f 1803/1803 1758/1758 1759/1759
f 1758/1758 1803/1803 1802/1802
f 1757/1757 1758/1758 1801/1801
f 1801/1801 1758/1758 1802/1802
f 2034/2034 1973/1973 2035/2035
f 1973/1973 1974/1974 2035/2035
f 1973/1973 2033/2033 1972/1972
f 2033/2033 1973/1973 2034/2034
f 1973/1973 1928/1928 1929/1929
f 1974/1974 1973/1973 1929/1929
f 1927/1927 1973/1973 1972/1972
f 1973/1973 1927/1927 1928/1928
f 1623/1623 1670/1670 1622/1622
f 1670/1670 1623/1623 1671/1671
f 1623/1623 1624/1624 1672/1672
f 1671/1671 1623/1623 1672/1672
f 1764/1764 1763/1763 1718/1718
f 1719/1719 1764/1764 1718/1718
f 1720/1720 1672/1672 1673/1673
f 1720/1720 1719/1719 1672/1672
f 1720/1720 1764/1764 1719/1719
f 1764/1764 1720/1720 1765/1765
f 2382/2382 2317/2317 2383/2383
f 2317/2317 2382/2382 2316/2316
f 2315/2315 2382/2382 2381/2381
f 2382/2382 2315/2315 2316/2316
f 2036/2036 2101/2101 2035/2035
f 2101/2101 2036/2036 2102/2102
f 1974/1974 2036/2036 2035/2035
f 2036/2036 1974/1974 1975/1975
f 1976/1976 2036/2036 1975/1975
f 2036/2036 1976/1976 2037/2037
f 1715/1715 1761/1761 1760/1760
f 1761/1761 1715/1715 1716/1716
f 1762/1762 1761/1761 1717/1717
f 1717/1717 1761/1761 1716/1716
f 1760/1760 1761/1761 1804/1804
f 1761/1761 1805/1805 1804/1804
f 1761/1761 1762/1762 1806/1806
f 1805/1805 1761/1761 1806/1806
f 2905/2905 2838/2838 2839/2839
f 2904/2904 2838/2838 2905/2905
f 2418/2418 2351/2351 2352/2352
f 2351/2351 2418/2418 2417/2417
f 2681/2681 2748/2748 2747/2747
f 2748/2748 2681/2681 2682/2682
f 2486/2486 2551/2551 2485/2485
f 2551/2551 2486/2486 2552/2552
f 2739/2739 2672/2672 2673/2673
f 2672/2672 2739/2739 2738/2738
f 1648/1648 1695/1695 1647/1647
f 1647/1647 1695/1695 1694/1694
f 1741/1741 1695/1695 1696/1696
f 1695/1695 1741/1741 1740/1740
f 1561/1561 1508/1508 1509/1509
f 1508/1508 1561/1561 1560/1560
f 1561/1561 1610/1610 1560/1560
f 1610/1610 1561/1561 1611/1611
f 1649/1649 1695/1695 1648/1648
f 1695/1695 1649/1649 1696/1696
f 1068/1068 1003/1003 1069/1069
f 1003/1003 1068/1068 1002/1002
f 1002/1002 1068/1068 1001/1001
f 1068/1068 1067/1067 1001/1001
f 1133/1133 1068/1068 1134/1134
f 1068/1068 1133/1133 1067/1067
f 1495/1495 1548/1548 1547/1547
f 1548/1548 1495/1495 1496/1496
f 1693/1693 1646/1646 1647/1647
f 1693/1693 1647/1647 1694/1694
f 1693/1693 1645/1645 1646/1646
f 1645/1645 1693/1693 1692/1692
f 1510/1510 1511/1511 1562/1562
f 1511/1511 1563/1563 1562/1562
f 1511/1511 1564/1564 1563/1563
f 1564/1564 1511/1511 1512/1512
f 1068/1068 1135/1135 1134/1134
f 1135/1135 1068/1068 1069/1069
f 1136/1136 1135/1135 1070/1070
f 1070/1070 1135/1135 1069/1069
f 1135/1135 1136/1136 1202/1202
f 1135/1135 1202/1202 1201/1201
f 1456/1456 1511/1511 1510/1510
f 1511/1511 1456/1456 1457/1457
f 1200/1200 1135/1135 1201/1201
f 1135/1135 1200/1200 1134/1134
f 1200/1200 1133/1133 1134/1134
f 1133/1133 1200/1200 1199/1199
f 1267/1267 1200/1200 1201/1201
f 1200/1200 1267/1267 1266/1266
f 1267/1267 1268/1268 1334/1334
f 1267/1267 1334/1334 1333/1333
f 1202/1202 1267/1267 1201/1201
f 1268/1268 1267/1267 1202/1202
f 1332/1332 1267/1267 1333/1333
f 1267/1267 1332/1332 1266/1266
f 1399/1399 1332/1332 1333/1333
f 1332/1332 1399/1399 1398/1398
f 1400/1400 1399/1399 1334/1334
f 1334/1334 1399/1399 1333/1333
f 1459/1459 1399/1399 1460/1460
f 1399/1399 1400/1400 1460/1460
f 1397/1397 1332/1332 1398/1398
f 1332/1332 1397/1397 1331/1331
f 1397/1397 1456/1456 1396/1396
f 1456/1456 1397/1397 1457/1457
f 1458/1458 1511/1511 1457/1457
f 1511/1511 1458/1458 1512/1512
f 1397/1397 1458/1458 1457/1457
f 1458/1458 1397/1397 1398/1398
f 1458/1458 1459/1459 1513/1513
f 1512/1512 1458/1458 1513/1513
f 1458/1458 1399/1399 1459/1459
f 1399/1399 1458/1458 1398/1398
f 141/141 207/207 140/140
f 140/140 207/207 206/206
f 205/205 139/139 140/140
f 205/205 140/140 206/206
f 674/674 673/673 608/608
f 608/608 673/673 607/607
f 602/602 535/535 536/536
f 602/602 601/601 535/535
f 270/270 337/337 336/336
f 271/271 337/337 270/270
f 131/131 132/132 198/198
f 197/197 131/131 198/198
f 794/794 728/728 729/729
f 795/795 794/794 729/729
f 792/792 727/727 793/793
f 727/727 792/792 726/726
f 727/727 660/660 661/661
f 660/660 727/727 726/726
f 794/794 727/727 728/728
f 727/727 794/794 793/793
f 528/528 595/595 594/594
f 595/595 528/528 529/529
f 461/461 396/396 462/462
f 396/396 461/461 395/395
f 337/337 402/402 336/336
f 402/402 337/337 403/403
f 399/399 466/466 465/465
f 466/466 399/399 400/400
f 601/601 600/600 535/535
f 600/600 534/534 535/535
f 402/402 467/467 401/401
f 467/467 402/402 468/468
f 534/534 467/467 468/468
f 467/467 534/534 533/533
f 401/401 467/467 400/400
f 467/467 466/466 400/400
f 662/662 727/727 661/661
f 727/727 662/662 728/728
f 728/728 662/662 729/729
f 662/662 663/663 729/729
f 137/137 202/202 136/136
f 202/202 137/137 203/203
f 937/937 1003/1003 1002/1002
f 937/937 1002/1002 936/936
f 3339/3339 3274/3274 3340/3340
f 3339/3339 3273/3273 3274/3274
f 3339/3339 3338/3338 3272/3272
f 3273/3273 3339/3339 3272/3272
f 3275/3275 3341/3341 3340/3340
f 3274/3274 3275/3275 3340/3340
f 3273/3273 3208/3208 3274/3274
f 3208/3208 3273/3273 3207/3207
f 3208/3208 3275/3275 3274/3274
f 3275/3275 3208/3208 3209/3209
f 3209/3209 3208/3208 3143/3143
f 3143/3143 3208/3208 3142/3142
f 3347/3347 3281/3281 3348/3348
f 3348/3348 3281/3281 3282/3282
f 3281/3281 3216/3216 3282/3282
f 3216/3216 3281/3281 3215/3215
f 3281/3281 3347/3347 3346/3346
f 3280/3280 3281/3281 3346/3346
f 3343/3343 3278/3278 3344/3344
f 3278/3278 3343/3343 3277/3277
f 2749/2749 2748/2748 2682/2682
f 2683/2683 2749/2749 2682/2682
f 1659/1659 1610/1610 1611/1611
f 1610/1610 1659/1659 1658/1658
f 1561/1561 1612/1612 1611/1611
f 1612/1612 1561/1561 1562/1562
f 1612/1612 1659/1659 1611/1611
f 1659/1659 1612/1612 1660/1660
f 1563/1563 1612/1612 1562/1562
f 1613/1613 1612/1612 1563/1563
f 1612/1612 1613/1613 1661/1661
f 1660/1660 1612/1612 1661/1661
f 1795/1795 1796/1796 1837/1837
f 1796/1796 1838/1838 1837/1837
f 1796/1796 1795/1795 1751/1751
f 1752/1752 1796/1796 1751/1751
f 1838/1838 1796/1796 1839/1839
f 1796/1796 1797/1797 1839/1839
f 1881/1881 1882/1882 1923/1923
f 1923/1923 1882/1882 1924/1924
f 1923/1923 1969/1969 1968/1968
f 1969/1969 1923/1923 1924/1924
f 178/178 112/112 179/179
f 112/112 113/113 179/179
f 177/177 110/110 111/111
f 110/110 177/177 176/176
f 177/177 112/112 178/178
f 112/112 177/177 111/111
f 174/174 107/107 108/108
f 107/107 174/174 173/173
f 1230/1230 1229/1229 1163/1163
f 1164/1164 1230/1230 1163/1163
f 1360/1360 1295/1295 1361/1361
f 1295/1295 1360/1360 1294/1294
f 1295/1295 1228/1228 1229/1229
f 1228/1228 1295/1295 1294/1294
f 1230/1230 1295/1295 1229/1229
f 1295/1295 1230/1230 1296/1296
f 1295/1295 1362/1362 1361/1361
f 1295/1295 1296/1296 1362/1362
f 1096/1096 1161/1161 1095/1095
f 1161/1161 1096/1096 1162/1162
f 1094/1094 1029/1029 1095/1095
f 1028/1028 1029/1029 1094/1094
f 291/291 292/292 357/357
f 292/292 358/358 357/357
f 158/158 91/91 92/92
f 91/91 158/158 157/157
f 93/93 158/158 92/92
f 158/158 93/93 159/159
f 225/225 292/292 291/291
f 292/292 225/225 226/226
f 225/225 158/158 159/159
f 158/158 225/225 224/224
f 99/99 164/164 98/98
f 164/164 99/99 165/165
f 165/165 99/99 166/166
f 99/99 100/100 166/166
f 280/280 345/345 279/279
f 345/345 280/280 346/346
f 280/280 279/279 213/213
f 214/214 280/280 213/213
f 222/222 287/287 221/221
f 287/287 222/222 288/288
f 220/220 287/287 286/286
f 287/287 220/220 221/221
f 91/91 156/156 90/90
f 156/156 91/91 157/157
f 156/156 89/89 90/90
f 89/89 156/156 155/155
f 156/156 222/222 221/221
f 156/156 221/221 155/155
f 154/154 153/153 87/87
f 88/88 154/154 87/87
f 154/154 88/88 89/89
f 154/154 89/89 155/155
f 153/153 154/154 219/219
f 154/154 220/220 219/219
f 221/221 154/154 155/155
f 220/220 154/154 221/221
f 891/891 825/825 892/892
f 825/825 826/826 892/892
f 889/889 954/954 888/888
f 954/954 889/889 955/955
f 822/822 889/889 888/888
f 889/889 822/822 823/823
f 430/430 365/365 431/431
f 365/365 430/430 364/364
f 294/294 361/361 360/360
f 361/361 294/294 295/295
f 631/631 566/566 632/632
f 566/566 631/631 565/565
f 825/825 760/760 826/826
f 760/760 825/825 759/759
f 693/693 758/758 692/692
f 758/758 693/693 759/759
f 760/760 693/693 694/694
f 693/693 760/760 759/759
f 693/693 628/628 694/694
f 628/628 693/693 627/627
f 561/561 628/628 627/627
f 562/562 628/628 561/561
f 493/493 494/494 559/559
f 494/494 560/560 559/559
f 693/693 626/626 627/627
f 626/626 693/693 692/692
f 560/560 626/626 559/559
f 626/626 625/625 559/559
f 626/626 561/561 627/627
f 626/626 560/560 561/561
f 878/878 945/945 944/944
f 945/945 878/878 879/879
f 948/948 1014/1014 1013/1013
f 947/947 948/948 1013/1013
f 352/352 351/351 285/285
f 286/286 352/352 285/285
f 284/284 219/219 285/285
f 284/284 218/218 219/219
f 352/352 417/417 351/351
f 417/417 352/352 418/418
f 416/416 417/417 482/482
f 482/482 417/417 483/483
f 745/745 812/812 811/811
f 812/812 745/745 746/746
f 698/698 631/631 632/632
f 631/631 698/698 697/697
f 633/633 698/698 632/632
f 698/698 633/633 699/699
f 698/698 763/763 697/697
f 698/698 764/764 763/763
f 1571/1571 1518/1518 1519/1519
f 1570/1570 1518/1518 1571/1571
f 1518/1518 1465/1465 1519/1519
f 1518/1518 1464/1464 1465/1465
f 1618/1618 1665/1665 1617/1617
f 1665/1665 1618/1618 1666/1666
f 1618/1618 1617/1617 1567/1567
f 1568/1568 1618/1618 1567/1567
f 1335/1335 1402/1402 1401/1401
f 1402/1402 1335/1335 1336/1336
f 1402/1402 1461/1461 1401/1401
f 1402/1402 1462/1462 1461/1461
f 1518/1518 1463/1463 1464/1464
f 1463/1463 1518/1518 1517/1517
f 1402/1402 1463/1463 1462/1462
f 1463/1463 1402/1402 1403/1403
f 1463/1463 1403/1403 1404/1404
f 1464/1464 1463/1463 1404/1404
f 1462/1462 1463/1463 1516/1516
f 1463/1463 1517/1517 1516/1516
f 876/876 809/809 810/810
f 876/876 875/875 809/809
f 1211/1211 1277/1277 1210/1210
f 1277/1277 1276/1276 1210/1210
f 1405/1405 1340/1340 1406/1406
f 1340/1340 1405/1405 1339/1339
f 1273/1273 1340/1340 1339/1339
f 1340/1340 1273/1273 1274/1274
f 1273/1273 1208/1208 1274/1274
f 1208/1208 1273/1273 1207/1207
f 1208/1208 1209/1209 1275/1275
f 1274/1274 1208/1208 1275/1275
f 2191/2191 2124/2124 2125/2125
f 2124/2124 2191/2191 2190/2190
f 2256/2256 2323/2323 2322/2322
f 2323/2323 2256/2256 2257/2257
f 2191/2191 2256/2256 2190/2190
f 2256/2256 2191/2191 2257/2257
f 2321/2321 2256/2256 2322/2322
f 2256/2256 2321/2321 2255/2255
f 2189/2189 2256/2256 2255/2255
f 2256/2256 2189/2189 2190/2190
f 2189/2189 2124/2124 2190/2190
f 2124/2124 2189/2189 2123/2123
f 2059/2059 1999/1999 2060/2060
f 1999/1999 2059/2059 1998/1998
f 2125/2125 2059/2059 2126/2126
f 2059/2059 2060/2060 2126/2126
f 1535/1535 1482/1482 1536/1536
f 1481/1481 1482/1482 1535/1535
f 1422/1422 1482/1482 1421/1421
f 1482/1482 1481/1481 1421/1421
f 1480/1480 1481/1481 1535/1535
f 1534/1534 1480/1480 1535/1535
f 1418/1418 1351/1351 1352/1352
f 1351/1351 1418/1418 1417/1417
f 1530/1530 1475/1475 1476/1476
f 1475/1475 1530/1530 1529/1529
f 1904/1904 1862/1862 1905/1905
f 1862/1862 1863/1863 1905/1905
f 1903/1903 1862/1862 1904/1904
f 1862/1862 1903/1903 1861/1861
f 1862/1862 1819/1819 1820/1820
f 1862/1862 1861/1861 1819/1819
f 1680/1680 1633/1633 1681/1681
f 1633/1633 1680/1680 1632/1632
f 1588/1588 1638/1638 1587/1587
f 1638/1638 1637/1637 1587/1587
f 1636/1636 1685/1685 1684/1684
f 1685/1685 1636/1636 1637/1637
f 1638/1638 1685/1685 1637/1637
f 1685/1685 1638/1638 1686/1686
f 1819/1819 1775/1775 1820/1820
f 1775/1775 1776/1776 1820/1820
f 1685/1685 1731/1731 1684/1684
f 1731/1731 1685/1685 1732/1732
f 1777/1777 1731/1731 1732/1732
f 1776/1776 1731/1731 1777/1777
f 1728/1728 1773/1773 1727/1727
f 1727/1727 1773/1773 1772/1772
f 1903/1903 1860/1860 1861/1861
f 1860/1860 1903/1903 1902/1902
f 1860/1860 1901/1901 1859/1859
f 1901/1901 1860/1860 1902/1902
f 1861/1861 1860/1860 1819/1819
f 1860/1860 1818/1818 1819/1819
f 1858/1858 1815/1815 1816/1816
f 1815/1815 1858/1858 1857/1857
f 1939/1939 1898/1898 1940/1940
f 1898/1898 1939/1939 1897/1897
f 1987/1987 1943/1943 1988/1988
f 1943/1943 1987/1987 1942/1942
f 1901/1901 1943/1943 1900/1900
f 1943/1943 1942/1942 1900/1900
f 118/118 184/184 117/117
f 117/117 184/184 183/183
f 184/184 118/118 119/119
f 184/184 119/119 185/185
f 511/511 446/446 512/512
f 446/446 511/511 445/445
f 379/379 446/446 445/445
f 446/446 379/379 380/380
f 381/381 446/446 380/380
f 446/446 381/381 447/447
f 984/984 1049/1049 983/983
f 1049/1049 984/984 1050/1050
f 1049/1049 1048/1048 982/982
f 1049/1049 982/982 983/983
f 856/856 789/789 790/790
f 789/789 856/856 855/855
f 856/856 791/791 857/857
f 791/791 856/856 790/790
f 965/965 966/966 1032/1032
f 1031/1031 965/965 1032/1032
f 3052/3052 3051/3051 2985/2985
f 2986/2986 3052/3052 2985/2985
f 2919/2919 2853/2853 2920/2920
f 2920/2920 2853/2853 2854/2854
f 2853/2853 2788/2788 2854/2854
f 2788/2788 2853/2853 2787/2787
f 2588/2588 2523/2523 2589/2589
f 2523/2523 2588/2588 2522/2522
f 3253/3253 3319/3319 3318/3318
f 3253/3253 3318/3318 3252/3252
f 3251/3251 3186/3186 3252/3252
f 3186/3186 3251/3251 3185/3185
f 3186/3186 3253/3253 3252/3252
f 3253/3253 3186/3186 3187/3187
f 3299/3299 3233/3233 3234/3234
f 3300/3300 3299/3299 3234/3234
f 3295/3295 3230/3230 3296/3296
f 3230/3230 3295/3295 3229/3229
f 3230/3230 3163/3163 3164/3164
f 3163/3163 3230/3230 3229/3229
f 3230/3230 3297/3297 3296/3296
f 3297/3297 3230/3230 3231/3231
f 3233/3233 3232/3232 3167/3167
f 3232/3232 3166/3166 3167/3167
f 3299/3299 3232/3232 3233/3233
f 3232/3232 3299/3299 3298/3298
f 3232/3232 3297/3297 3231/3231
f 3297/3297 3232/3232 3298/3298
f 3242/3242 3177/3177 3243/3243
f 3177/3177 3242/3242 3176/3176
f 3112/3112 3177/3177 3111/3111
f 3177/3177 3112/3112 3178/3178
f 3177/3177 3110/3110 3111/3111
f 3110/3110 3177/3177 3176/3176
f 3239/3239 3306/3306 3305/3305
f 3306/3306 3239/3239 3240/3240
f 3239/3239 3174/3174 3240/3240
f 3174/3174 3239/3239 3173/3173
f 2907/2907 2906/2906 2840/2840
f 2907/2907 2840/2840 2841/2841
f 3102/3102 3168/3168 3167/3167
f 3101/3101 3102/3102 3167/3167
f 3107/3107 3174/3174 3173/3173
f 3174/3174 3107/3107 3108/3108
f 3172/3172 3107/3107 3173/3173
f 3107/3107 3172/3172 3106/3106
f 3300/3300 3235/3235 3301/3301
f 3235/3235 3300/3300 3234/3234
f 2971/2971 2904/2904 2905/2905
f 2904/2904 2971/2971 2970/2970
f 2971/2971 3036/3036 2970/2970
f 2971/2971 3037/3037 3036/3036
f 2449/2449 2382/2382 2383/2383
f 2382/2382 2449/2449 2448/2448
f 2515/2515 2449/2449 2516/2516
f 2516/2516 2449/2449 2450/2450
f 2449/2449 2515/2515 2514/2514
f 2449/2449 2514/2514 2448/2448
f 2321/2321 2254/2254 2255/2255
f 2254/2254 2321/2321 2320/2320
f 2254/2254 2189/2189 2255/2255
f 2189/2189 2254/2254 2188/2188
f 2254/2254 2187/2187 2188/2188
f 2187/2187 2254/2254 2253/2253
f 2319/2319 2254/2254 2320/2320
f 2253/2253 2254/2254 2319/2319
f 3180/3180 3245/3245 3179/3179
f 3245/3245 3180/3180 3246/3246
f 3247/3247 3180/3180 3181/3181
f 3180/3180 3247/3247 3246/3246
f 3180/3180 3115/3115 3181/3181
f 3115/3115 3180/3180 3114/3114
f 3247/3247 3313/3313 3246/3246
f 3313/3313 3312/3312 3246/3246
f 2318/2318 2253/2253 2319/2319
f 2253/2253 2318/2318 2252/2252
f 2315/2315 2250/2250 2316/2316
f 2250/2250 2315/2315 2249/2249
f 2165/2165 2099/2099 2166/2166
f 2099/2099 2100/2100 2166/2166
f 2100/2100 2099/2099 2034/2034
f 2099/2099 2033/2033 2034/2034
f 1665/1665 1713/1713 1712/1712
f 1713/1713 1665/1665 1666/1666
f 1713/1713 1757/1757 1712/1712
f 1713/1713 1758/1758 1757/1757
f 1886/1886 1885/1885 1843/1843
f 1844/1844 1886/1886 1843/1843
f 1886/1886 1927/1927 1885/1885
f 1927/1927 1886/1886 1928/1928
f 1886/1886 1844/1844 1845/1845
f 1887/1887 1886/1886 1845/1845
f 1928/1928 1886/1886 1929/1929
f 1886/1886 1887/1887 1929/1929
f 1277/1277 1342/1342 1276/1276
f 1342/1342 1277/1277 1343/1343
f 1409/1409 1342/1342 1343/1343
f 1342/1342 1409/1409 1408/1408
f 1413/1413 1472/1472 1412/1412
f 1472/1472 1413/1413 1473/1473
f 1807/1807 1762/1762 1763/1763
f 1762/1762 1807/1807 1806/1806
f 1625/1625 1626/1626 1673/1673
f 1626/1626 1674/1674 1673/1673
f 1674/1674 1626/1626 1675/1675
f 1626/1626 1627/1627 1675/1675
f 1977/1977 1932/1932 1933/1933
f 1977/1977 1933/1933 1978/1978
f 1846/1846 1888/1888 1845/1845
f 1888/1888 1887/1887 1845/1845
f 2840/2840 2774/2774 2841/2841
f 2774/2774 2775/2775 2841/2841
f 3160/3160 3226/3226 3225/3225
f 3160/3160 3225/3225 3159/3159
f 3226/3226 3160/3160 3227/3227
f 3160/3160 3161/3161 3227/3227
f 3095/3095 3162/3162 3161/3161
f 3162/3162 3095/3095 3096/3096
f 2382/2382 2447/2447 2381/2381
f 2447/2447 2382/2382 2448/2448
f 1980/1980 2040/2040 1979/1979
f 2040/2040 1980/1980 2041/2041
f 2167/2167 2100/2100 2101/2101
f 2100/2100 2167/2167 2166/2166
f 2826/2826 2893/2893 2892/2892
f 2893/2893 2826/2826 2827/2827
f 2825/2825 2892/2892 2891/2891
f 2825/2825 2826/2826 2892/2892
f 2292/2292 2226/2226 2227/2227
f 2292/2292 2227/2227 2293/2293
f 2225/2225 2292/2292 2291/2291
f 2292/2292 2225/2225 2226/2226
f 2359/2359 2292/2292 2293/2293
f 2358/2358 2292/2292 2359/2359
f 2619/2619 2618/2618 2553/2553
f 2618/2618 2552/2552 2553/2553
f 2031/2031 2097/2097 2096/2096
f 2030/2030 2031/2031 2096/2096
f 2224/2224 2225/2225 2291/2291
f 2290/2290 2224/2224 2291/2291
f 2152/2152 2218/2218 2151/2151
f 2218/2218 2217/2217 2151/2151
f 2281/2281 2348/2348 2347/2347
f 2348/2348 2281/2281 2282/2282
f 2283/2283 2216/2216 2217/2217
f 2216/2216 2283/2283 2282/2282
f 2283/2283 2218/2218 2284/2284
f 2218/2218 2283/2283 2217/2217
f 2283/2283 2348/2348 2282/2282
f 2348/2348 2283/2283 2349/2349
f 2084/2084 2083/2083 2018/2018
f 2083/2083 2017/2017 2018/2018
f 2350/2350 2283/2283 2284/2284
f 2283/2283 2350/2350 2349/2349
f 2746/2746 2681/2681 2747/2747
f 2681/2681 2746/2746 2680/2680
f 2681/2681 2616/2616 2682/2682
f 2615/2615 2616/2616 2681/2681
f 3013/3013 2946/2946 2947/2947
f 2946/2946 3013/3013 3012/3012
f 2946/2946 2881/2881 2947/2947
f 2881/2881 2946/2946 2880/2880
f 3009/3009 3008/3008 2943/2943
f 3008/3008 2942/2942 2943/2943
f 2675/2675 2610/2610 2676/2676
f 2610/2610 2675/2675 2609/2609
f 2543/2543 2610/2610 2609/2609
f 2610/2610 2543/2543 2544/2544
f 2675/2675 2608/2608 2609/2609
f 2608/2608 2675/2675 2674/2674
f 2608/2608 2673/2673 2607/2607
f 2608/2608 2674/2674 2673/2673
f 2608/2608 2543/2543 2609/2609
f 2543/2543 2608/2608 2542/2542
f 2541/2541 2608/2608 2607/2607
f 2608/2608 2541/2541 2542/2542
f 2672/2672 2606/2606 2673/2673
f 2673/2673 2606/2606 2607/2607
f 2606/2606 2541/2541 2607/2607
f 2541/2541 2606/2606 2540/2540
f 3327/3327 3262/3262 3328/3328
f 3262/3262 3327/3327 3261/3261
f 3260/3260 3327/3327 3326/3326
f 3327/3327 3260/3260 3261/3261
f 1787/1787 1828/1828 1786/1786
f 1828/1828 1787/1787 1829/1829
f 1827/1827 1828/1828 1869/1869
f 1869/1869 1828/1828 1870/1870
f 1868/1868 1826/1826 1869/1869
f 1826/1826 1827/1827 1869/1869
f 1828/1828 1785/1785 1786/1786
f 1785/1785 1828/1828 1827/1827
f 1655/1655 1703/1703 1702/1702
f 1703/1703 1655/1655 1656/1656
f 1703/1703 1747/1747 1702/1702
f 1747/1747 1703/1703 1748/1748
f 1702/1702 1747/1747 1701/1701
f 1747/1747 1746/1746 1701/1701
f 1705/1705 1706/1706 1751/1751
f 1705/1705 1751/1751 1750/1750
f 1659/1659 1705/1705 1658/1658
f 1705/1705 1659/1659 1706/1706
f 1495/1495 1442/1442 1496/1496
f 1442/1442 1495/1495 1441/1441
f 1381/1381 1440/1440 1380/1380
f 1440/1440 1381/1381 1441/1441
f 1381/1381 1442/1442 1441/1441
f 1442/1442 1381/1381 1382/1382
f 791/791 858/858 857/857
f 858/858 791/791 792/792
f 856/856 922/922 855/855
f 855/855 922/922 921/921
f 1598/1598 1645/1645 1597/1597
f 1645/1645 1598/1598 1646/1646
f 1548/1548 1598/1598 1547/1547
f 1547/1547 1598/1598 1597/1597
f 1497/1497 1548/1548 1496/1496
f 1548/1548 1497/1497 1549/1549
f 1601/1601 1649/1649 1648/1648
f 1601/1601 1648/1648 1600/1600
f 1601/1601 1602/1602 1650/1650
f 1649/1649 1601/1601 1650/1650
f 1739/1739 1693/1693 1694/1694
f 1693/1693 1739/1739 1738/1738
f 1695/1695 1739/1739 1694/1694
f 1739/1739 1695/1695 1740/1740
f 1440/1440 1379/1379 1380/1380
f 1379/1379 1440/1440 1439/1439
f 1438/1438 1379/1379 1439/1439
f 1379/1379 1438/1438 1378/1378
f 1494/1494 1495/1495 1547/1547
f 1546/1546 1494/1494 1547/1547
f 1494/1494 1440/1440 1441/1441
f 1495/1495 1494/1494 1441/1441
f 1494/1494 1546/1546 1545/1545
f 1493/1493 1494/1494 1545/1545
f 1440/1440 1494/1494 1439/1439
f 1494/1494 1493/1493 1439/1439
f 1514/1514 1565/1565 1513/1513
f 1566/1566 1565/1565 1514/1514
f 1565/1565 1564/1564 1512/1512
f 1565/1565 1512/1512 1513/1513
f 143/143 144/144 210/210
f 209/209 143/143 210/210
f 208/208 141/141 142/142
f 208/208 207/207 141/141
f 275/275 208/208 209/209
f 208/208 275/275 274/274
f 208/208 143/143 209/209
f 143/143 208/208 142/142
f 137/137 204/204 203/203
f 204/204 137/137 138/138
f 204/204 271/271 270/270
f 204/204 205/205 271/271
f 139/139 204/204 138/138
f 205/205 204/204 139/139
f 739/739 806/806 805/805
f 739/739 740/740 806/806
f 740/740 739/739 674/674
f 739/739 673/673 674/674
f 870/870 937/937 936/936
f 937/937 870/870 871/871
f 935/935 1002/1002 1001/1001
f 1002/1002 935/935 936/936
f 935/935 870/870 936/936
f 870/870 935/935 869/869
f 667/667 600/600 601/601
f 600/600 667/667 666/666
f 799/799 864/864 798/798
f 864/864 799/799 865/865
f 732/732 797/797 731/731
f 797/797 732/732 798/798
f 732/732 799/799 798/798
f 799/799 732/732 733/733
f 667/667 732/732 666/666
f 732/732 667/667 733/733
f 337/337 338/338 403/403
f 403/403 338/338 404/404
f 402/402 469/469 468/468
f 469/469 402/402 403/403
f 469/469 534/534 468/468
f 534/534 469/469 535/535
f 469/469 403/403 404/404
f 470/470 469/469 404/404
f 535/535 469/469 536/536
f 469/469 470/470 536/536
f 779/779 712/712 713/713
f 712/712 779/779 778/778
f 644/644 709/709 643/643
f 709/709 644/644 710/710
f 513/513 446/446 447/447
f 446/446 513/513 512/512
f 714/714 779/779 713/713
f 779/779 714/714 780/780
f 781/781 714/714 715/715
f 714/714 781/781 780/780
f 394/394 328/328 329/329
f 395/395 394/394 329/329
f 458/458 525/525 524/524
f 525/525 458/458 459/459
f 264/264 263/263 197/197
f 264/264 197/197 198/198
f 199/199 264/264 198/198
f 264/264 199/199 265/265
f 132/132 199/199 198/198
f 133/133 199/199 132/132
f 199/199 133/133 134/134
f 199/199 134/134 200/200
f 528/528 463/463 529/529
f 463/463 528/528 462/462
f 534/534 599/599 533/533
f 600/600 599/599 534/534
f 1003/1003 938/938 1004/1004
f 937/937 938/938 1003/1003
f 872/872 938/938 871/871
f 938/938 937/937 871/871
f 3351/3351 3286/3286 3352/3352
f 3286/3286 3351/3351 3285/3285
f 3219/3219 3154/3154 3220/3220
f 3154/3154 3219/3219 3153/3153
f 3286/3286 3219/3219 3220/3220
f 3219/3219 3286/3286 3285/3285
f 3085/3085 3152/3152 3151/3151
f 3085/3085 3086/3086 3152/3152
f 3206/3206 3273/3273 3272/3272
f 3273/3273 3206/3206 3207/3207
f 3072/3072 3139/3139 3138/3138
f 3139/3139 3072/3072 3073/3073
f 3075/3075 3010/3010 3076/3076
f 3010/3010 3075/3075 3009/3009
f 3211/3211 3278/3278 3277/3277
f 3278/3278 3211/3211 3212/3212
f 3144/3144 3211/3211 3210/3210
f 3145/3145 3211/3211 3144/3144
f 3211/3211 3276/3276 3210/3210
f 3276/3276 3211/3211 3277/3277
f 3343/3343 3276/3276 3277/3277
f 3276/3276 3343/3343 3342/3342
f 3341/3341 3276/3276 3342/3342
f 3275/3275 3276/3276 3341/3341
f 3276/3276 3209/3209 3210/3210
f 3276/3276 3275/3275 3209/3209
f 3214/3214 3281/3281 3280/3280
f 3281/3281 3214/3214 3215/3215
f 3149/3149 3214/3214 3148/3148
f 3214/3214 3149/3149 3215/3215
f 3279/3279 3214/3214 3280/3280
f 3214/3214 3279/3279 3213/3213
f 3345/3345 3279/3279 3346/3346
f 3279/3279 3280/3280 3346/3346
f 3279/3279 3278/3278 3212/3212
f 3213/3213 3279/3279 3212/3212
f 3279/3279 3345/3345 3344/3344
f 3278/3278 3279/3279 3344/3344
f 3136/3136 3071/3071 3137/3137
f 3071/3071 3136/3136 3070/3070
f 3071/3071 3004/3004 3005/3005
f 3004/3004 3071/3071 3070/3070
f 3071/3071 3072/3072 3138/3138
f 3137/3137 3071/3071 3138/3138
f 3004/3004 2938/2938 3005/3005
f 2938/2938 2939/2939 3005/3005
f 3069/3069 3004/3004 3070/3070
f 3004/3004 3069/3069 3003/3003
f 2750/2750 2749/2749 2683/2683
f 2750/2750 2683/2683 2684/2684
f 2750/2750 2817/2817 2816/2816
f 2817/2817 2750/2750 2751/2751
f 3079/3079 3145/3145 3144/3144
f 3078/3078 3079/3079 3144/3144
f 3013/3013 3079/3079 3012/3012
f 3079/3079 3078/3078 3012/3012
f 3211/3211 3146/3146 3212/3212
f 3146/3146 3211/3211 3145/3145
f 3082/3082 3016/3016 3017/3017
f 3083/3083 3082/3082 3017/3017
f 3082/3082 3149/3149 3148/3148
f 3149/3149 3082/3082 3083/3083
f 3082/3082 3015/3015 3016/3016
f 3015/3015 3082/3082 3081/3081
f 1659/1659 1707/1707 1706/1706
f 1707/1707 1659/1659 1660/1660
f 1706/1706 1707/1707 1751/1751
f 1707/1707 1752/1752 1751/1751
f 1707/1707 1660/1660 1661/1661
f 1708/1708 1707/1707 1661/1661
f 1796/1796 1753/1753 1797/1797
f 1753/1753 1796/1796 1752/1752
f 1753/1753 1707/1707 1708/1708
f 1707/1707 1753/1753 1752/1752
f 1798/1798 1753/1753 1754/1754
f 1797/1797 1753/1753 1798/1798
f 1753/1753 1709/1709 1754/1754
f 1753/1753 1708/1708 1709/1709
f 2024/2024 2090/2090 2023/2023
f 2023/2023 2090/2090 2089/2089
f 2090/2090 2157/2157 2156/2156
f 2157/2157 2090/2090 2091/2091
f 2090/2090 2155/2155 2089/2089
f 2090/2090 2156/2156 2155/2155
f 2356/2356 2289/2289 2290/2290
f 2289/2289 2356/2356 2355/2355
f 1926/1926 1883/1883 1884/1884
f 1883/1883 1926/1926 1925/1925
f 1882/1882 1883/1883 1924/1924
f 1883/1883 1925/1925 1924/1924
f 1797/1797 1840/1840 1839/1839
f 1840/1840 1797/1797 1798/1798
f 1840/1840 1881/1881 1839/1839
f 1840/1840 1882/1882 1881/1881
f 175/175 110/110 176/176
f 175/175 109/109 110/110
f 109/109 175/175 108/108
f 175/175 174/174 108/108
f 242/242 175/175 176/176
f 175/175 242/242 241/241
f 177/177 242/242 176/176
f 242/242 177/177 243/243
f 242/242 307/307 241/241
f 307/307 242/242 308/308
f 373/373 307/307 374/374
f 307/307 308/308 374/374
f 240/240 175/175 241/241
f 175/175 240/240 174/174
f 307/307 240/240 241/241
f 240/240 307/307 306/306
f 174/174 240/240 173/173
f 240/240 239/239 173/173
f 307/307 372/372 306/306
f 372/372 307/307 373/373
f 372/372 439/439 438/438
f 439/439 372/372 373/373
f 370/370 369/369 303/303
f 304/304 370/370 303/303
f 435/435 370/370 436/436
f 370/370 435/435 369/369
f 240/240 305/305 239/239
f 305/305 240/240 306/306
f 305/305 370/370 304/304
f 370/370 305/305 371/371
f 372/372 305/305 306/306
f 305/305 372/372 371/371
f 568/568 503/503 569/569
f 503/503 568/568 502/502
f 503/503 570/570 569/569
f 570/570 503/503 504/504
f 437/437 370/370 371/371
f 370/370 437/437 436/436
f 372/372 437/437 371/371
f 437/437 372/372 438/438
f 437/437 503/503 502/502
f 436/436 437/437 502/502
f 503/503 437/437 504/504
f 504/504 437/437 438/438
f 572/572 505/505 506/506
f 505/505 572/572 571/571
f 505/505 570/570 504/504
f 570/570 505/505 571/571
f 505/505 504/504 438/438
f 439/439 505/505 438/438
f 440/440 505/505 439/439
f 505/505 440/440 506/506
f 375/375 440/440 374/374
f 440/440 375/375 441/441
f 440/440 439/439 373/373
f 440/440 373/373 374/374
f 440/440 507/507 506/506
f 507/507 440/440 441/441
f 442/442 507/507 441/441
f 508/508 507/507 442/442
f 577/577 576/576 511/511
f 511/511 576/576 510/510
f 642/642 576/576 577/577
f 642/642 577/577 643/643
f 843/843 778/778 844/844
f 843/843 777/777 778/778
f 769/769 703/703 704/704
f 770/770 769/769 704/704
f 836/836 903/903 902/902
f 903/903 836/836 837/837
f 836/836 769/769 770/770
f 769/769 836/836 835/835
f 836/836 771/771 837/837
f 771/771 836/836 770/770
f 836/836 901/901 835/835
f 901/901 836/836 902/902
f 968/968 901/901 902/902
f 901/901 968/968 967/967
f 903/903 968/968 902/902
f 968/968 903/903 969/969
f 966/966 1033/1033 1032/1032
f 1033/1033 966/966 967/967
f 1097/1097 1031/1031 1032/1032
f 1097/1097 1032/1032 1098/1098
f 1097/1097 1164/1164 1163/1163
f 1164/1164 1097/1097 1098/1098
f 1162/1162 1097/1097 1163/1163
f 1096/1096 1097/1097 1162/1162
f 1097/1097 1030/1030 1031/1031
f 1030/1030 1097/1097 1096/1096
f 1030/1030 1096/1096 1095/1095
f 1029/1029 1030/1030 1095/1095
f 1093/1093 1094/1094 1160/1160
f 1159/1159 1093/1093 1160/1160
f 1093/1093 1028/1028 1094/1094
f 1093/1093 1027/1027 1028/1028
f 289/289 355/355 288/288
f 355/355 354/354 288/288
f 290/290 225/225 291/291
f 225/225 290/290 224/224
f 223/223 158/158 224/224
f 158/158 223/223 157/157
f 156/156 223/223 222/222
f 223/223 156/156 157/157
f 223/223 289/289 288/288
f 222/222 223/223 288/288
f 290/290 223/223 224/224
f 223/223 290/290 289/289
f 498/498 433/433 499/499
f 433/433 498/498 432/432
f 305/305 238/238 239/239
f 238/238 305/305 304/304
f 238/238 304/304 303/303
f 237/237 238/238 303/303
f 691/691 626/626 692/692
f 626/626 691/691 625/625
f 355/355 420/420 354/354
f 420/420 355/355 421/421
f 358/358 423/423 357/357
f 423/423 358/358 424/424
f 488/488 423/423 489/489
f 423/423 488/488 422/422
f 422/422 488/488 421/421
f 488/488 487/487 421/421
f 680/680 745/745 679/679
f 745/745 680/680 746/746
f 680/680 613/613 614/614
f 613/613 680/680 679/679
f 893/893 960/960 959/959
f 894/894 960/960 893/893
f 889/889 956/956 955/955
f 956/956 889/889 890/890
f 891/891 956/956 890/890
f 957/957 956/956 891/891
f 824/824 825/825 891/891
f 824/824 891/891 890/890
f 824/824 889/889 823/823
f 889/889 824/824 890/890
f 824/824 758/758 759/759
f 825/825 824/824 759/759
f 229/229 296/296 295/295
f 296/296 229/229 230/230
f 232/232 231/231 166/166
f 231/231 165/165 166/166
f 231/231 164/164 165/165
f 164/164 231/231 230/230
f 296/296 231/231 297/297
f 231/231 296/296 230/230
f 231/231 298/298 297/297
f 298/298 231/231 232/232
f 298/298 365/365 364/364
f 365/365 298/298 299/299
f 366/366 301/301 367/367
f 301/301 366/366 300/300
f 366/366 433/433 432/432
f 433/433 366/366 367/367
f 300/300 366/366 299/299
f 366/366 365/365 299/299
f 365/365 366/366 431/431
f 431/431 366/366 432/432
f 161/161 95/95 162/162
f 95/95 96/96 162/162
f 227/227 292/292 226/226
f 292/292 227/227 293/293
f 225/225 160/160 226/226
f 160/160 225/225 159/159
f 160/160 93/93 94/94
f 93/93 160/160 159/159
f 160/160 227/227 226/226
f 227/227 160/160 161/161
f 160/160 95/95 161/161
f 95/95 160/160 94/94
f 359/359 294/294 360/360
f 294/294 359/359 293/293
f 292/292 359/359 358/358
f 359/359 292/292 293/293
f 426/426 359/359 360/360
f 359/359 426/426 425/425
f 359/359 425/425 424/424
f 358/358 359/359 424/424
f 827/827 894/894 893/893
f 894/894 827/827 828/828
f 826/826 827/827 892/892
f 827/827 893/893 892/892
f 430/430 495/495 429/429
f 495/495 430/430 496/496
f 495/495 562/562 561/561
f 562/562 495/495 496/496
f 429/429 495/495 428/428
f 495/495 494/494 428/428
f 494/494 495/495 560/560
f 560/560 495/495 561/561
f 281/281 214/214 215/215
f 281/281 280/280 214/214
f 281/281 215/215 216/216
f 282/282 281/281 216/216
f 280/280 281/281 346/346
f 281/281 347/347 346/346
f 281/281 282/282 348/348
f 347/347 281/281 348/348
f 547/547 481/481 548/548
f 481/481 482/482 548/548
f 481/481 416/416 482/482
f 416/416 481/481 415/415
f 481/481 414/414 415/415
f 414/414 481/481 480/480
f 414/414 347/347 348/348
f 347/347 414/414 413/413
f 1012/1012 946/946 1013/1013
f 946/946 947/947 1013/1013
f 1011/1011 1012/1012 1078/1078
f 1077/1077 1011/1011 1078/1078
f 1011/1011 946/946 1012/1012
f 946/946 1011/1011 945/945
f 945/945 1011/1011 944/944
f 944/944 1011/1011 1010/1010
f 353/353 287/287 288/288
f 354/354 353/353 288/288
f 420/420 353/353 354/354
f 353/353 420/420 419/419
f 287/287 353/353 286/286
f 353/353 352/352 286/286
f 352/352 353/353 418/418
f 418/418 353/353 419/419
f 217/217 283/283 216/216
f 283/283 282/282 216/216
f 283/283 217/217 218/218
f 284/284 283/283 218/218
f 563/563 628/628 562/562
f 628/628 563/563 629/629
f 1569/1569 1518/1518 1570/1570
f 1518/1518 1569/1569 1517/1517
f 1569/1569 1568/1568 1516/1516
f 1517/1517 1569/1569 1516/1516
f 1009/1009 943/943 1010/1010
f 943/943 944/944 1010/1010
f 941/941 940/940 874/874
f 875/875 941/941 874/874
f 940/940 941/941 1006/1006
f 941/941 1007/1007 1006/1006
f 1140/1140 1141/1141 1206/1206
f 1206/1206 1141/1141 1207/1207
f 1139/1139 1073/1073 1074/1074
f 1140/1140 1139/1139 1074/1074
f 1205/1205 1139/1139 1206/1206
f 1139/1139 1140/1140 1206/1206
f 1405/1405 1338/1338 1339/1339
f 1338/1338 1405/1405 1404/1404
f 2388/2388 2321/2321 2322/2322
f 2321/2321 2388/2388 2387/2387
f 1996/1996 2056/2056 1995/1995
f 2056/2056 1996/1996 2057/2057
f 1994/1994 2056/2056 2055/2055
f 2056/2056 1994/1994 1995/1995
f 2192/2192 2191/2191 2125/2125
f 2192/2192 2125/2125 2126/2126
f 2189/2189 2122/2122 2123/2123
f 2122/2122 2189/2189 2188/2188
f 2122/2122 2056/2056 2057/2057
f 2123/2123 2122/2122 2057/2057
f 2054/2054 1994/1994 2055/2055
f 1994/1994 2054/2054 1993/1993
f 2054/2054 2053/2053 1992/1992
f 1993/1993 2054/2054 1992/1992
f 2119/2119 2052/2052 2053/2053
f 2052/2052 2119/2119 2118/2118
f 2054/2054 2119/2119 2053/2053
f 2119/2119 2054/2054 2120/2120
f 2457/2457 2523/2523 2522/2522
f 2456/2456 2457/2457 2522/2522
f 2058/2058 2124/2124 2123/2123
f 2058/2058 2123/2123 2057/2057
f 1996/1996 2058/2058 2057/2057
f 2058/2058 1996/1996 1997/1997
f 2124/2124 2058/2058 2125/2125
f 2058/2058 2059/2059 2125/2125
f 2059/2059 2058/2058 1998/1998
f 2058/2058 1997/1997 1998/1998
f 1999/1999 2061/2061 2060/2060
f 2061/2061 1999/1999 2000/2000
f 2060/2060 2061/2061 2126/2126
f 2061/2061 2127/2127 2126/2126
f 1224/1224 1225/1225 1291/1291
f 1290/1290 1224/1224 1291/1291
f 1356/1356 1290/1290 1291/1291
f 1357/1357 1356/1356 1291/1291
f 1483/1483 1538/1538 1537/1537
f 1538/1538 1483/1483 1484/1484
f 1483/1483 1537/1537 1536/1536
f 1482/1482 1483/1483 1536/1536
f 1358/1358 1293/1293 1359/1359
f 1293/1293 1358/1358 1292/1292
f 1292/1292 1358/1358 1291/1291
f 1358/1358 1357/1357 1291/1291
f 1481/1481 1420/1420 1421/1421
f 1480/1480 1420/1420 1481/1481
f 1479/1479 1480/1480 1534/1534
f 1479/1479 1534/1534 1533/1533
f 1479/1479 1420/1420 1480/1480
f 1420/1420 1479/1479 1419/1419
f 1477/1477 1530/1530 1476/1476
f 1530/1530 1477/1477 1531/1531
f 1413/1413 1474/1474 1473/1473
f 1474/1474 1413/1413 1414/1414
f 1474/1474 1529/1529 1528/1528
f 1474/1474 1475/1475 1529/1529
f 1582/1582 1631/1631 1581/1581
f 1631/1631 1582/1582 1632/1632
f 1582/1582 1633/1633 1632/1632
f 1633/1633 1582/1582 1583/1583
f 1529/1529 1582/1582 1581/1581
f 1530/1530 1582/1582 1529/1529
f 1582/1582 1530/1530 1531/1531
f 1583/1583 1582/1582 1531/1531
f 1586/1586 1535/1535 1587/1587
f 1586/1586 1534/1534 1535/1535
f 1534/1534 1586/1586 1533/1533
f 1586/1586 1585/1585 1533/1533
f 1637/1637 1586/1586 1587/1587
f 1636/1636 1586/1586 1637/1637
f 1860/1860 1817/1817 1818/1818
f 1817/1817 1860/1860 1859/1859
f 1858/1858 1817/1817 1859/1859
f 1817/1817 1858/1858 1816/1816
f 1773/1773 1817/1817 1772/1772
f 1817/1817 1816/1816 1772/1772
f 1774/1774 1817/1817 1773/1773
f 1817/1817 1774/1774 1818/1818
f 1774/1774 1775/1775 1819/1819
f 1818/1818 1774/1774 1819/1819
f 1774/1774 1773/1773 1728/1728
f 1774/1774 1728/1728 1729/1729
f 1856/1856 1815/1815 1857/1857
f 1815/1815 1856/1856 1814/1814
f 1899/1899 1858/1858 1900/1900
f 1858/1858 1899/1899 1857/1857
f 1942/1942 1899/1899 1900/1900
f 1899/1899 1942/1942 1941/1941
f 1899/1899 1856/1856 1857/1857
f 1856/1856 1899/1899 1898/1898
f 1898/1898 1899/1899 1940/1940
f 1940/1940 1899/1899 1941/1941
f 1939/1939 1984/1984 1938/1938
f 1938/1938 1984/1984 1983/1983
f 1984/1984 1939/1939 1940/1940
f 1985/1985 1984/1984 1940/1940
f 1986/1986 1985/1985 1940/1940
f 1986/1986 1940/1940 1941/1941
f 1942/1942 1986/1986 1941/1941
f 1987/1987 1986/1986 1942/1942
f 1944/1944 1901/1901 1902/1902
f 1944/1944 1943/1943 1901/1901
f 1049/1049 1115/1115 1048/1048
f 1048/1048 1115/1115 1114/1114
f 1314/1314 1381/1381 1380/1380
f 1381/1381 1314/1314 1315/1315
f 985/985 918/918 919/919
f 918/918 985/985 984/984
f 792/792 725/725 726/726
f 791/791 725/725 792/792
f 834/834 769/769 835/835
f 769/769 834/834 768/768
f 834/834 767/767 768/768
f 834/834 833/833 767/767
f 766/766 765/765 700/700
f 700/700 765/765 699/699
f 765/765 698/698 699/699
f 698/698 765/765 764/764
f 764/764 765/765 830/830
f 765/765 831/831 830/830
f 3183/3183 3118/3118 3184/3184
f 3118/3118 3183/3183 3117/3117
f 3051/3051 3118/3118 3117/3117
f 3052/3052 3118/3118 3051/3051
f 2845/2845 2846/2846 2911/2911
f 2846/2846 2912/2912 2911/2911
f 2780/2780 2846/2846 2779/2779
f 2846/2846 2845/2845 2779/2779
f 2655/2655 2590/2590 2656/2656
f 2590/2590 2655/2655 2589/2589
f 3119/3119 3118/3118 3052/3052
f 3119/3119 3052/3052 3053/3053
f 3184/3184 3119/3119 3185/3185
f 3118/3118 3119/3119 3184/3184
f 3308/3308 3242/3242 3243/3243
f 3308/3308 3243/3243 3309/3309
f 3175/3175 3110/3110 3176/3176
f 3175/3175 3109/3109 3110/3110
f 3175/3175 3174/3174 3108/3108
f 3109/3109 3175/3175 3108/3108
f 2711/2711 2778/2778 2777/2777
f 2712/2712 2778/2778 2711/2711
f 2909/2909 2842/2842 2843/2843
f 2842/2842 2909/2909 2908/2908
f 2775/2775 2842/2842 2841/2841
f 2842/2842 2775/2775 2776/2776
f 2907/2907 2842/2842 2908/2908
f 2842/2842 2907/2907 2841/2841
f 2842/2842 2776/2776 2777/2777
f 2843/2843 2842/2842 2777/2777
f 3038/3038 3103/3103 3037/3037
f 3103/3103 3038/3038 3104/3104
f 3037/3037 3103/3103 3036/3036
f 3103/3103 3102/3102 3036/3036
f 2987/2987 3052/3052 2986/2986
f 3052/3052 2987/2987 3053/3053
f 2386/2386 2321/2321 2387/2387
f 2321/2321 2386/2386 2320/2320
f 2186/2186 2119/2119 2120/2120
f 2119/2119 2186/2186 2185/2185
f 2186/2186 2253/2253 2252/2252
f 2186/2186 2187/2187 2253/2253
f 3316/3316 3249/3249 3250/3250
f 3249/3249 3316/3316 3315/3315
f 3249/3249 3184/3184 3250/3250
f 3249/3249 3183/3183 3184/3184
f 2384/2384 2449/2449 2383/2383
f 2449/2449 2384/2384 2450/2450
f 2317/2317 2384/2384 2383/2383
f 2318/2318 2384/2384 2317/2317
f 2248/2248 2182/2182 2249/2249
f 2182/2182 2183/2183 2249/2249
f 2117/2117 2182/2182 2116/2116
f 2182/2182 2117/2117 2183/2183
f 2182/2182 2248/2248 2247/2247
f 2181/2181 2182/2182 2247/2247
f 2184/2184 2119/2119 2185/2185
f 2119/2119 2184/2184 2118/2118
f 2117/2117 2184/2184 2183/2183
f 2184/2184 2117/2117 2118/2118
f 2184/2184 2250/2250 2249/2249
f 2183/2183 2184/2184 2249/2249
f 2251/2251 2186/2186 2252/2252
f 2186/2186 2251/2251 2185/2185
f 2184/2184 2251/2251 2250/2250
f 2251/2251 2184/2184 2185/2185
f 2318/2318 2251/2251 2252/2252
f 2251/2251 2318/2318 2317/2317
f 2251/2251 2317/2317 2316/2316
f 2250/2250 2251/2251 2316/2316
f 1668/1668 1669/1669 1716/1716
f 1715/1715 1668/1668 1716/1716
f 1668/1668 1621/1621 1669/1669
f 1621/1621 1668/1668 1620/1620
f 1714/1714 1668/1668 1715/1715
f 1668/1668 1714/1714 1667/1667
f 1714/1714 1760/1760 1759/1759
f 1714/1714 1715/1715 1760/1760
f 1758/1758 1714/1714 1759/1759
f 1713/1713 1714/1714 1758/1758
f 1714/1714 1713/1713 1666/1666
f 1667/1667 1714/1714 1666/1666
f 1406/1406 1467/1467 1466/1466
f 1467/1467 1406/1406 1407/1407
f 1466/1466 1521/1521 1520/1520
f 1467/1467 1521/1521 1466/1466
f 1341/1341 1340/1340 1274/1274
f 1341/1341 1274/1274 1275/1275
f 1340/1340 1341/1341 1406/1406
f 1406/1406 1341/1341 1407/1407
f 1276/1276 1341/1341 1275/1275
f 1342/1342 1341/1341 1276/1276
f 1341/1341 1342/1342 1408/1408
f 1341/1341 1408/1408 1407/1407
f 1895/1895 1937/1937 1936/1936
f 1895/1895 1936/1936 1894/1894
f 1764/1764 1808/1808 1763/1763
f 1808/1808 1807/1807 1763/1763
f 1805/1805 1848/1848 1847/1847
f 1848/1848 1805/1805 1806/1806
f 1932/1932 1891/1891 1933/1933
f 1891/1891 1932/1932 1890/1890
f 1852/1852 1895/1895 1894/1894
f 1895/1895 1852/1852 1853/1853
f 1893/1893 1852/1852 1894/1894
f 1852/1852 1893/1893 1851/1851
f 1936/1936 1893/1893 1894/1894
f 1893/1893 1936/1936 1935/1935
f 1893/1893 1892/1892 1850/1850
f 1851/1851 1893/1893 1850/1850
f 1767/1767 1722/1722 1768/1768
f 1722/1722 1723/1723 1768/1768
f 1852/1852 1811/1811 1853/1853
f 1811/1811 1852/1852 1810/1810
f 1722/1722 1676/1676 1723/1723
f 1676/1676 1722/1722 1675/1675
f 1627/1627 1676/1676 1675/1675
f 1628/1628 1676/1676 1627/1627
f 1524/1524 1576/1576 1523/1523
f 1576/1576 1575/1575 1523/1523
f 1576/1576 1525/1525 1577/1577
f 1576/1576 1524/1524 1525/1525
f 1576/1576 1626/1626 1625/1625
f 1575/1575 1576/1576 1625/1625
f 1626/1626 1576/1576 1627/1627
f 1627/1627 1576/1576 1577/1577
f 1976/1976 2038/2038 2037/2037
f 1977/1977 2038/2038 1976/1976
f 1848/1848 1889/1889 1847/1847
f 1889/1889 1848/1848 1890/1890
f 1889/1889 1846/1846 1847/1847
f 1889/1889 1888/1888 1846/1846
f 2644/2644 2711/2711 2710/2710
f 2644/2644 2645/2645 2711/2711
f 3158/3158 3093/3093 3159/3159
f 3093/3093 3158/3158 3092/3092
f 3228/3228 3295/3295 3294/3294
f 3295/3295 3228/3228 3229/3229
f 3228/3228 3293/3293 3227/3227
f 3293/3293 3228/3228 3294/3294
f 3228/3228 3163/3163 3229/3229
f 3228/3228 3162/3162 3163/3163
f 3161/3161 3228/3228 3227/3227
f 3162/3162 3228/3228 3161/3161
f 2513/2513 2580/2580 2579/2579
f 2580/2580 2513/2513 2514/2514
f 2514/2514 2513/2513 2448/2448
f 2513/2513 2447/2447 2448/2448
f 2315/2315 2314/2314 2249/2249
f 2314/2314 2248/2248 2249/2249
f 3095/3095 3030/3030 3096/3096
f 3030/3030 3095/3095 3029/3029
f 3166/3166 3100/3100 3167/3167
f 3100/3100 3101/3101 3167/3167
f 3165/3165 3230/3230 3164/3164
f 3230/3230 3165/3165 3231/3231
f 3232/3232 3165/3165 3166/3166
f 3165/3165 3232/3232 3231/3231
f 3165/3165 3100/3100 3166/3166
f 3100/3100 3165/3165 3099/3099
f 3035/3035 3102/3102 3101/3101
f 3102/3102 3035/3035 3036/3036
f 3036/3036 3035/3035 2970/2970
f 3035/3035 2969/2969 2970/2970
f 1893/1893 1934/1934 1892/1892
f 1934/1934 1893/1893 1935/1935
f 1891/1891 1934/1934 1933/1933
f 1934/1934 1891/1891 1892/1892
f 1933/1933 1934/1934 1978/1978
f 1934/1934 1979/1979 1978/1978
f 1934/1934 1980/1980 1979/1979
f 1980/1980 1934/1934 1935/1935
f 1982/1982 1938/1938 1983/1983
f 1982/1982 1937/1937 1938/1938
f 2106/2106 2040/2040 2041/2041
f 2106/2106 2041/2041 2107/2107
f 2106/2106 2171/2171 2105/2105
f 2171/2171 2106/2106 2172/2172
f 2168/2168 2101/2101 2102/2102
f 2168/2168 2167/2167 2101/2101
f 2959/2959 3026/3026 3025/3025
f 2959/2959 2960/2960 3026/3026
f 2959/2959 3024/3024 2958/2958
f 3024/3024 2959/2959 3025/3025
f 2892/2892 2959/2959 2958/2958
f 2893/2893 2959/2959 2892/2892
f 2760/2760 2825/2825 2759/2759
f 2825/2825 2760/2760 2826/2826
f 2693/2693 2760/2760 2759/2759
f 2760/2760 2693/2693 2694/2694
f 2425/2425 2358/2358 2359/2359
f 2358/2358 2425/2425 2424/2424
f 2425/2425 2492/2492 2491/2491
f 2492/2492 2425/2425 2426/2426
f 2031/2031 2098/2098 2097/2097
f 2098/2098 2031/2031 2032/2032
f 1970/1970 1969/1969 1924/1924
f 1925/1925 1970/1970 1924/1924
f 1971/1971 1970/1970 1926/1926
f 1926/1926 1970/1970 1925/1925
f 1970/1970 2031/2031 2030/2030
f 1969/1969 1970/1970 2030/2030
f 1970/1970 1971/1971 2032/2032
f 2031/2031 1970/1970 2032/2032
f 2360/2360 2425/2425 2359/2359
f 2425/2425 2360/2360 2426/2426
f 2360/2360 2359/2359 2293/2293
f 2294/2294 2360/2360 2293/2293
f 2296/2296 2229/2229 2230/2230
f 2229/2229 2296/2296 2295/2295
f 2486/2486 2487/2487 2552/2552
f 2552/2552 2487/2487 2553/2553
f 2092/2092 2157/2157 2091/2091
f 2157/2157 2092/2092 2158/2158
f 2224/2224 2159/2159 2225/2225
f 2159/2159 2224/2224 2158/2158
f 2226/2226 2159/2159 2160/2160
f 2225/2225 2159/2159 2226/2226
f 2092/2092 2159/2159 2158/2158
f 2159/2159 2092/2092 2093/2093
f 1969/1969 2029/2029 1968/1968
f 2029/2029 1969/1969 2030/2030
f 2029/2029 2030/2030 2096/2096
f 2095/2095 2029/2029 2096/2096
f 2094/2094 2159/2159 2093/2093
f 2159/2159 2094/2094 2160/2160
f 2094/2094 2029/2029 2095/2095
f 2029/2029 2094/2094 2028/2028
f 2094/2094 2161/2161 2160/2160
f 2094/2094 2095/2095 2161/2161
f 2094/2094 2093/2093 2027/2027
f 2028/2028 2094/2094 2027/2027
f 2083/2083 2150/2150 2149/2149
f 2150/2150 2083/2083 2084/2084
f 2217/2217 2150/2150 2151/2151
f 2216/2216 2150/2150 2217/2217
f 2418/2418 2483/2483 2417/2417
f 2484/2484 2483/2483 2418/2418
f 2020/2020 1960/1960 2021/2021
f 1960/1960 2020/2020 1959/1959
f 1956/1956 2016/2016 1955/1955
f 2016/2016 1956/1956 2017/2017
f 2085/2085 2150/2150 2084/2084
f 2150/2150 2085/2085 2151/2151
f 1911/1911 1869/1869 1870/1870
f 1912/1912 1911/1911 1870/1870
f 1957/1957 1911/1911 1912/1912
f 1911/1911 1957/1957 1956/1956
f 2017/2017 1957/1957 2018/2018
f 1956/1956 1957/1957 2017/2017
f 2944/2944 3009/3009 2943/2943
f 2944/2944 3010/3010 3009/3009
f 2617/2617 2551/2551 2552/2552
f 2618/2618 2617/2617 2552/2552
f 2683/2683 2617/2617 2684/2684
f 2617/2617 2618/2618 2684/2684
f 2617/2617 2683/2683 2682/2682
f 2616/2616 2617/2617 2682/2682
f 2550/2550 2617/2617 2616/2616
f 2617/2617 2550/2550 2551/2551
f 2550/2550 2483/2483 2484/2484
f 2483/2483 2550/2550 2549/2549
f 2551/2551 2550/2550 2485/2485
f 2550/2550 2484/2484 2485/2485
f 2550/2550 2615/2615 2549/2549
f 2550/2550 2616/2616 2615/2615
f 2817/2817 2882/2882 2816/2816
f 2882/2882 2817/2817 2883/2883
f 2815/2815 2750/2750 2816/2816
f 2750/2750 2815/2815 2749/2749
f 2749/2749 2815/2815 2748/2748
f 2748/2748 2815/2815 2814/2814
f 2882/2882 2815/2815 2816/2816
f 2815/2815 2882/2882 2881/2881
f 2815/2815 2880/2880 2814/2814
f 2815/2815 2881/2881 2880/2880
f 2805/2805 2870/2870 2804/2804
f 2870/2870 2805/2805 2871/2871
f 2739/2739 2805/2805 2738/2738
f 2805/2805 2804/2804 2738/2738
f 2675/2675 2740/2740 2674/2674
f 2740/2740 2675/2675 2741/2741
f 2740/2740 2805/2805 2739/2739
f 2805/2805 2740/2740 2806/2806
f 2740/2740 2739/2739 2673/2673
f 2674/2674 2740/2740 2673/2673
f 2807/2807 2740/2740 2741/2741
f 2740/2740 2807/2807 2806/2806
f 2343/2343 2410/2410 2409/2409
f 2410/2410 2343/2343 2344/2344
f 2410/2410 2477/2477 2476/2476
f 2477/2477 2410/2410 2411/2411
f 2412/2412 2477/2477 2411/2411
f 2478/2478 2477/2477 2412/2412
f 2477/2477 2543/2543 2542/2542
f 2476/2476 2477/2477 2542/2542
f 2477/2477 2478/2478 2544/2544
f 2543/2543 2477/2477 2544/2544
f 2870/2870 2803/2803 2804/2804
f 2803/2803 2870/2870 2869/2869
f 2671/2671 2606/2606 2672/2672
f 2606/2606 2671/2671 2605/2605
f 2410/2410 2475/2475 2409/2409
f 2475/2475 2410/2410 2476/2476
f 2541/2541 2475/2475 2542/2542
f 2475/2475 2476/2476 2542/2542
f 2210/2210 2275/2275 2209/2209
f 2275/2275 2210/2210 2276/2276
f 3259/3259 3325/3325 3324/3324
f 3259/3259 3324/3324 3258/3258
f 3325/3325 3259/3259 3326/3326
f 3259/3259 3260/3260 3326/3326
f 3195/3195 3262/3262 3261/3261
f 3262/3262 3195/3195 3196/3196
f 3324/3324 3323/3323 3258/3258
f 3323/3323 3257/3257 3258/3258
f 3323/3323 3322/3322 3256/3256
f 3257/3257 3323/3323 3256/3256
f 3190/3190 3257/3257 3256/3256
f 3257/3257 3190/3190 3191/3191
f 1785/1785 1742/1742 1786/1786
f 1742/1742 1785/1785 1741/1741
f 1871/1871 1828/1828 1829/1829
f 1828/1828 1871/1871 1870/1870
f 1954/1954 2016/2016 2015/2015
f 2016/2016 1954/1954 1955/1955
f 1784/1784 1739/1739 1740/1740
f 1739/1739 1784/1784 1783/1783
f 1783/1783 1784/1784 1825/1825
f 1784/1784 1826/1826 1825/1825
f 1826/1826 1784/1784 1827/1827
f 1784/1784 1785/1785 1827/1827
f 1741/1741 1784/1784 1740/1740
f 1785/1785 1784/1784 1741/1741
f 1392/1392 1326/1326 1327/1327
f 1392/1392 1327/1327 1393/1393
f 1330/1330 1397/1397 1396/1396
f 1397/1397 1330/1330 1331/1331
f 1326/1326 1261/1261 1327/1327
f 1261/1261 1326/1326 1260/1260
f 1605/1605 1654/1654 1653/1653
f 1654/1654 1605/1605 1606/1606
f 1654/1654 1700/1700 1653/1653
f 1700/1700 1654/1654 1701/1701
f 1654/1654 1702/1702 1701/1701
f 1654/1654 1655/1655 1702/1702
f 1703/1703 1704/1704 1748/1748
f 1704/1704 1749/1749 1748/1748
f 1704/1704 1705/1705 1750/1750
f 1749/1749 1704/1704 1750/1750
f 1745/1745 1790/1790 1789/1789
f 1790/1790 1745/1745 1746/1746
f 1745/1745 1699/1699 1700/1700
f 1699/1699 1745/1745 1744/1744
f 1745/1745 1788/1788 1744/1744
f 1788/1788 1745/1745 1789/1789
f 1746/1746 1745/1745 1701/1701
f 1745/1745 1700/1700 1701/1701
f 1610/1610 1559/1559 1560/1560
f 1609/1609 1559/1559 1610/1610
f 1559/1559 1508/1508 1560/1560
f 1559/1559 1507/1507 1508/1508
f 863/863 797/797 798/798
f 864/864 863/863 798/798
f 796/796 863/863 862/862
f 863/863 796/796 797/797
f 995/995 1062/1062 1061/1061
f 1062/1062 995/995 996/996
f 923/923 856/856 857/857
f 923/923 922/922 856/856
f 1599/1599 1648/1648 1647/1647
f 1648/1648 1599/1599 1600/1600
f 1599/1599 1598/1598 1548/1548
f 1599/1599 1548/1548 1549/1549
f 1646/1646 1599/1599 1647/1647
f 1598/1598 1599/1599 1646/1646
f 1443/1443 1384/1384 1444/1444
f 1384/1384 1443/1443 1383/1383
f 1443/1443 1442/1442 1382/1382
f 1443/1443 1382/1382 1383/1383
f 1442/1442 1443/1443 1496/1496
f 1443/1443 1497/1497 1496/1496
f 1693/1693 1737/1737 1692/1692
f 1737/1737 1693/1693 1738/1738
f 1865/1865 1824/1824 1866/1866
f 1824/1824 1865/1865 1823/1823
f 1780/1780 1737/1737 1781/1781
f 1737/1737 1780/1780 1736/1736
f 1780/1780 1781/1781 1823/1823
f 1822/1822 1780/1780 1823/1823
f 1779/1779 1780/1780 1821/1821
f 1780/1780 1822/1822 1821/1821
f 1867/1867 1826/1826 1868/1868
f 1826/1826 1867/1867 1825/1825
f 1866/1866 1867/1867 1908/1908
f 1867/1867 1909/1909 1908/1908
f 1824/1824 1867/1867 1866/1866
f 1867/1867 1824/1824 1825/1825
f 1865/1865 1864/1864 1823/1823
f 1864/1864 1822/1822 1823/1823
f 1737/1737 1691/1691 1692/1692
f 1691/1691 1737/1737 1736/1736
f 1540/1540 1489/1489 1541/1541
f 1489/1489 1540/1540 1488/1488
f 1438/1438 1437/1437 1378/1378
f 1437/1437 1377/1377 1378/1378
f 1543/1543 1492/1492 1544/1544
f 1492/1492 1543/1543 1491/1491
f 1492/1492 1493/1493 1545/1545
f 1544/1544 1492/1492 1545/1545
f 1493/1493 1492/1492 1439/1439
f 1492/1492 1438/1438 1439/1439
f 1492/1492 1437/1437 1438/1438
f 1437/1437 1492/1492 1491/1491
f 1615/1615 1566/1566 1616/1616
f 1615/1615 1565/1565 1566/1566
f 1455/1455 1510/1510 1509/1509
f 1455/1455 1456/1456 1510/1510
f 212/212 211/211 146/146
f 211/211 145/145 146/146
f 145/145 211/211 144/144
f 144/144 211/211 210/210
f 278/278 211/211 212/212
f 211/211 278/278 277/277
f 278/278 343/343 277/277
f 343/343 278/278 344/344
f 410/410 343/343 344/344
f 343/343 410/410 409/409
f 408/408 343/343 409/409
f 343/343 408/408 342/342
f 276/276 211/211 277/277
f 211/211 276/276 210/210
f 276/276 343/343 342/342
f 343/343 276/276 277/277
f 276/276 209/209 210/210
f 276/276 275/275 209/209
f 802/802 737/737 803/803
f 737/737 802/802 736/736
f 737/737 804/804 803/803
f 804/804 737/737 738/738
f 804/804 739/739 805/805
f 739/739 804/804 738/738
f 804/804 870/870 869/869
f 803/803 804/804 869/869
f 871/871 804/804 805/805
f 870/870 804/804 871/871
f 667/667 668/668 733/733
f 733/733 668/668 734/734
f 602/602 668/668 601/601
f 668/668 667/667 601/601
f 800/800 799/799 733/733
f 800/800 733/733 734/734
f 799/799 800/800 865/865
f 800/800 866/866 865/865
f 205/205 272/272 271/271
f 272/272 205/205 206/206
f 272/272 337/337 271/271
f 272/272 338/338 337/337
f 1044/1044 979/979 1045/1045
f 979/979 1044/1044 978/978
f 981/981 916/916 982/982
f 916/916 981/981 915/915
f 981/981 914/914 915/915
f 914/914 981/981 980/980
f 979/979 1046/1046 1045/1045
f 1046/1046 979/979 980/980
f 781/781 782/782 847/847
f 782/782 848/848 847/847
f 716/716 782/782 715/715
f 782/782 781/781 715/715
f 914/914 849/849 915/915
f 849/849 914/914 848/848
f 647/647 714/714 713/713
f 714/714 647/647 648/648
f 711/711 644/644 645/645
f 644/644 711/711 710/710
f 711/711 712/712 778/778
f 777/777 711/711 778/778
f 578/578 511/511 512/512
f 578/578 577/577 511/511
f 578/578 644/644 643/643
f 577/577 578/578 643/643
f 460/460 525/525 459/459
f 525/525 460/460 526/526
f 461/461 460/460 395/395
f 460/460 394/394 395/395
f 460/460 393/393 394/394
f 393/393 460/460 459/459
f 458/458 393/393 459/459
f 393/393 458/458 392/392
f 394/394 393/393 328/328
f 328/328 393/393 327/327
f 653/653 588/588 654/654
f 588/588 653/653 587/587
f 330/330 396/396 395/395
f 330/330 395/395 329/329
f 330/330 264/264 265/265
f 330/330 265/265 331/331
f 264/264 330/330 263/263
f 263/263 330/330 329/329
f 788/788 723/723 789/789
f 723/723 788/788 722/722
f 657/657 592/592 658/658
f 592/592 657/657 591/591
f 592/592 525/525 526/526
f 525/525 592/592 591/591
f 527/527 460/460 461/461
f 460/460 527/527 526/526
f 527/527 592/592 526/526
f 592/592 527/527 593/593
f 527/527 461/461 462/462
f 528/528 527/527 462/462
f 527/527 528/528 594/594
f 593/593 527/527 594/594
f 863/863 928/928 862/862
f 928/928 863/863 929/929
f 928/928 995/995 994/994
f 995/995 928/928 929/929
f 664/664 730/730 663/663
f 663/663 730/730 729/729
f 797/797 730/730 731/731
f 796/796 730/730 797/797
f 730/730 795/795 729/729
f 730/730 796/796 795/795
f 330/330 397/397 396/396
f 397/397 330/330 331/331
f 396/396 397/397 462/462
f 397/397 463/463 462/462
f 730/730 665/665 731/731
f 665/665 730/730 664/664
f 665/665 732/732 731/731
f 732/732 665/665 666/666
f 665/665 600/600 666/666
f 665/665 599/599 600/600
f 595/595 596/596 661/661
f 596/596 662/662 661/661
f 596/596 595/595 529/529
f 530/530 596/596 529/529
f 265/265 266/266 331/331
f 266/266 332/332 331/331
f 199/199 266/266 265/265
f 266/266 199/199 200/200
f 333/333 266/266 267/267
f 266/266 333/333 332/332
f 266/266 201/201 267/267
f 201/201 266/266 200/200
f 135/135 201/201 134/134
f 134/134 201/201 200/200
f 201/201 135/135 136/136
f 202/202 201/201 136/136
f 3150/3150 3216/3216 3215/3215
f 3149/3149 3150/3150 3215/3215
f 3351/3351 3284/3284 3285/3285
f 3284/3284 3351/3351 3350/3350
f 3011/3011 2946/2946 3012/3012
f 2946/2946 3011/3011 2945/2945
f 3011/3011 2944/2944 2945/2945
f 2944/2944 3011/3011 3010/3010
f 3008/3008 3074/3074 3007/3007
f 3007/3007 3074/3074 3073/3073
f 3074/3074 3139/3139 3073/3073
f 3139/3139 3074/3074 3140/3140
f 3074/3074 3008/3008 3009/3009
f 3075/3075 3074/3074 3009/3009
f 3141/3141 3074/3074 3075/3075
f 3074/3074 3141/3141 3140/3140
f 3141/3141 3208/3208 3207/3207
f 3208/3208 3141/3141 3142/3142
f 3206/3206 3141/3141 3207/3207
f 3141/3141 3206/3206 3140/3140
f 3141/3141 3075/3075 3076/3076
f 3141/3141 3076/3076 3142/3142
f 2870/2870 2935/2935 2869/2869
f 2935/2935 2870/2870 2936/2936
f 2935/2935 3002/3002 3001/3001
f 3002/3002 2935/2935 2936/2936
f 3000/3000 2935/2935 3001/3001
f 2935/2935 3000/3000 2934/2934
f 3265/3265 3200/3200 3266/3266
f 3200/3200 3265/3265 3199/3199
f 3200/3200 3133/3133 3134/3134
f 3133/3133 3200/3200 3199/3199
f 3332/3332 3265/3265 3266/3266
f 3265/3265 3332/3332 3331/3331
f 3269/3269 3335/3335 3334/3334
f 3268/3268 3269/3269 3334/3334
f 3206/3206 3205/3205 3140/3140
f 3205/3205 3139/3139 3140/3140
f 3271/3271 3205/3205 3272/3272
f 3205/3205 3206/3206 3272/3272
f 3139/3139 3205/3205 3138/3138
f 3205/3205 3204/3204 3138/3138
f 3006/3006 3071/3071 3005/3005
f 3071/3071 3006/3006 3072/3072
f 3072/3072 3006/3006 3073/3073
f 3006/3006 3007/3007 3073/3073
f 2870/2870 2937/2937 2936/2936
f 2937/2937 2870/2870 2871/2871
f 2937/2937 3002/3002 2936/2936
f 3002/3002 2937/2937 3003/3003
f 2937/2937 3004/3004 3003/3003
f 2937/2937 2938/2938 3004/3004
f 2872/2872 2805/2805 2806/2806
f 2805/2805 2872/2872 2871/2871
f 2937/2937 2872/2872 2938/2938
f 2872/2872 2937/2937 2871/2871
f 2807/2807 2872/2872 2806/2806
f 2872/2872 2807/2807 2873/2873
f 2938/2938 2872/2872 2939/2939
f 2939/2939 2872/2872 2873/2873
f 3136/3136 3135/3135 3070/3070
f 3135/3135 3069/3069 3070/3070
f 3135/3135 3068/3068 3069/3069
f 3068/3068 3135/3135 3134/3134
f 3069/3069 3068/3068 3003/3003
f 3068/3068 3002/3002 3003/3003
f 3082/3082 3147/3147 3081/3081
f 3147/3147 3082/3082 3148/3148
f 3214/3214 3147/3147 3148/3148
f 3147/3147 3214/3214 3213/3213
f 3147/3147 3213/3213 3212/3212
f 3146/3146 3147/3147 3212/3212
f 3080/3080 3015/3015 3081/3081
f 3015/3015 3080/3080 3014/3014
f 3080/3080 3147/3147 3146/3146
f 3147/3147 3080/3080 3081/3081
f 3080/3080 3079/3079 3013/3013
f 3080/3080 3013/3013 3014/3014
f 3079/3079 3080/3080 3145/3145
f 3080/3080 3146/3146 3145/3145
f 1751/1751 1794/1794 1750/1750
f 1795/1795 1794/1794 1751/1751
f 2224/2224 2223/2223 2158/2158
f 2223/2223 2157/2157 2158/2158
f 2157/2157 2223/2223 2156/2156
f 2156/2156 2223/2223 2222/2222
f 2223/2223 2224/2224 2290/2290
f 2289/2289 2223/2223 2290/2290
f 2223/2223 2288/2288 2222/2222
f 2223/2223 2289/2289 2288/2288
f 1841/1841 1842/1842 1884/1884
f 1883/1883 1841/1841 1884/1884
f 1800/1800 1841/1841 1799/1799
f 1841/1841 1800/1800 1842/1842
f 1841/1841 1883/1883 1882/1882
f 1840/1840 1841/1841 1882/1882
f 1841/1841 1798/1798 1799/1799
f 1841/1841 1840/1840 1798/1798
f 511/511 444/444 445/445
f 444/444 511/511 510/510
f 444/444 379/379 445/445
f 444/444 378/378 379/379
f 375/375 376/376 441/441
f 376/376 442/442 441/441
f 249/249 250/250 316/316
f 315/315 249/249 316/316
f 184/184 249/249 183/183
f 249/249 184/184 250/250
f 314/314 381/381 380/380
f 381/381 314/314 315/315
f 314/314 249/249 315/315
f 249/249 314/314 248/248
f 242/242 309/309 308/308
f 309/309 242/242 243/243
f 309/309 375/375 374/374
f 308/308 309/309 374/374
f 309/309 376/376 375/375
f 376/376 309/309 310/310
f 309/309 244/244 310/310
f 244/244 309/309 243/243
f 244/244 177/177 178/178
f 177/177 244/244 243/243
f 244/244 178/178 179/179
f 245/245 244/244 179/179
f 501/501 566/566 500/500
f 566/566 501/501 567/567
f 568/568 501/501 502/502
f 501/501 568/568 567/567
f 501/501 436/436 502/502
f 501/501 435/435 436/436
f 907/907 841/841 842/842
f 908/908 907/907 842/842
f 711/711 776/776 710/710
f 776/776 711/711 777/777
f 843/843 776/776 777/777
f 776/776 843/843 842/842
f 572/572 638/638 571/571
f 638/638 637/637 571/571
f 703/703 638/638 704/704
f 638/638 703/703 637/637
f 638/638 705/705 704/704
f 705/705 638/638 639/639
f 705/705 771/771 770/770
f 705/705 770/770 704/704
f 706/706 705/705 640/640
f 705/705 639/639 640/640
f 638/638 573/573 639/639
f 573/573 638/638 572/572
f 639/639 573/573 640/640
f 640/640 573/573 574/574
f 573/573 572/572 506/506
f 507/507 573/573 506/506
f 573/573 507/507 508/508
f 573/573 508/508 574/574
f 575/575 640/640 574/574
f 575/575 641/641 640/640
f 508/508 575/575 574/574
f 575/575 508/508 509/509
f 642/642 575/575 576/576
f 575/575 642/642 641/641
f 576/576 575/575 510/510
f 575/575 509/509 510/510
f 1487/1487 1433/1433 1488/1488
f 1433/1433 1434/1434 1488/1488
f 1044/1044 1043/1043 978/978
f 978/978 1043/1043 977/977
f 968/968 1034/1034 967/967
f 1034/1034 1033/1033 967/967
f 970/970 905/905 971/971
f 905/905 970/970 904/904
f 903/903 970/970 969/969
f 970/970 903/903 904/904
f 1033/1033 1099/1099 1032/1032
f 1032/1032 1099/1099 1098/1098
f 1099/1099 1034/1034 1100/1100
f 1034/1034 1099/1099 1033/1033
f 1101/1101 1168/1168 1167/1167
f 1168/1168 1101/1101 1102/1102
f 356/356 423/423 422/422
f 423/423 356/356 357/357
f 356/356 422/422 421/421
f 355/355 356/356 421/421
f 356/356 355/355 289/289
f 290/290 356/356 289/289
f 356/356 291/291 357/357
f 356/356 290/290 291/291
f 501/501 434/434 435/435
f 434/434 501/501 500/500
f 435/435 434/434 369/369
f 369/369 434/434 368/368
f 499/499 434/434 500/500
f 433/433 434/434 499/499
f 434/434 433/433 367/367
f 434/434 367/367 368/368
f 172/172 106/106 107/107
f 172/172 107/107 173/173
f 106/106 172/172 105/105
f 105/105 172/172 171/171
f 239/239 172/172 173/173
f 238/238 172/172 239/239
f 172/172 237/237 171/171
f 172/172 238/238 237/237
f 298/298 233/233 299/299
f 233/233 298/298 232/232
f 170/170 104/104 105/105
f 170/170 105/105 171/171
f 170/170 103/103 104/104
f 103/103 170/170 169/169
f 369/369 302/302 303/303
f 302/302 369/369 368/368
f 301/301 302/302 367/367
f 367/367 302/302 368/368
f 824/824 757/757 758/758
f 757/757 824/824 823/823
f 822/822 757/757 823/823
f 757/757 822/822 756/756
f 758/758 757/757 692/692
f 757/757 691/691 692/692
f 690/690 757/757 756/756
f 691/691 757/757 690/690
f 555/555 488/488 489/489
f 488/488 555/555 554/554
f 484/484 417/417 418/418
f 417/417 484/484 483/483
f 882/882 948/948 947/947
f 881/881 882/882 947/947
f 680/680 747/747 746/746
f 747/747 680/680 681/681
f 1026/1026 1091/1091 1025/1025
f 1091/1091 1026/1026 1092/1092
f 1093/1093 1026/1026 1027/1027
f 1026/1026 1093/1093 1092/1092
f 960/960 1026/1026 959/959
f 1026/1026 1025/1025 959/959
f 831/831 896/896 830/830
f 896/896 831/831 897/897
f 958/958 891/891 892/892
f 958/958 957/957 891/891
f 958/958 893/893 959/959
f 893/893 958/958 892/892
f 1025/1025 958/958 959/959
f 1024/1024 958/958 1025/1025
f 821/821 888/888 887/887
f 821/821 822/822 888/888
f 822/822 821/821 756/756
f 821/821 755/755 756/756
f 886/886 887/887 953/953
f 952/952 886/886 953/953
f 886/886 821/821 887/887
f 821/821 886/886 820/820
f 430/430 363/363 364/364
f 363/363 430/430 429/429
f 298/298 363/363 297/297
f 363/363 298/298 364/364
f 229/229 163/163 230/230
f 163/163 164/164 230/230
f 164/164 163/163 98/98
f 163/163 97/97 98/98
f 97/97 163/163 96/96
f 96/96 163/163 162/162
f 163/163 228/228 162/162
f 228/228 163/163 229/229
f 294/294 228/228 295/295
f 228/228 229/229 295/295
f 227/227 228/228 293/293
f 228/228 294/294 293/293
f 228/228 161/161 162/162
f 228/228 227/227 161/161
f 427/427 494/494 493/493
f 494/494 427/427 428/428
f 361/361 427/427 360/360
f 427/427 426/426 360/360
f 427/427 493/493 492/492
f 426/426 427/427 492/492
f 695/695 628/628 629/629
f 628/628 695/695 694/694
f 345/345 412/412 411/411
f 412/412 345/345 346/346
f 347/347 412/412 346/346
f 412/412 347/347 413/413
f 613/613 546/546 547/547
f 546/546 613/613 612/612
f 546/546 481/481 547/547
f 481/481 546/546 480/480
f 414/414 479/479 413/413
f 479/479 414/414 480/480
f 880/880 881/881 947/947
f 946/946 880/880 947/947
f 880/880 945/945 879/879
f 880/880 946/946 945/945
f 417/417 350/350 351/351
f 350/350 417/417 416/416
f 351/351 350/350 285/285
f 350/350 284/284 285/285
f 498/498 497/497 432/432
f 497/497 431/431 432/432
f 497/497 430/430 431/431
f 430/430 497/497 496/496
f 497/497 562/562 496/496
f 497/497 563/563 562/562
f 497/497 564/564 563/563
f 564/564 497/497 498/498
f 631/631 564/564 565/565
f 564/564 631/631 630/630
f 564/564 499/499 565/565
f 564/564 498/498 499/499
f 563/563 564/564 629/629
f 564/564 630/630 629/629
f 1619/1619 1668/1668 1667/1667
f 1668/1668 1619/1619 1620/1620
f 1618/1618 1619/1619 1666/1666
f 1619/1619 1667/1667 1666/1666
f 1619/1619 1618/1618 1568/1568
f 1569/1569 1619/1619 1568/1568
f 1619/1619 1570/1570 1620/1620
f 1619/1619 1569/1569 1570/1570
f 811/811 877/877 810/810
f 877/877 876/876 810/810
f 812/812 877/877 811/811
f 877/877 812/812 878/878
f 877/877 878/878 944/944
f 943/943 877/877 944/944
f 942/942 877/877 943/943
f 877/877 942/942 876/876
f 942/942 943/943 1009/1009
f 942/942 1009/1009 1008/1008
f 876/876 942/942 875/875
f 942/942 941/941 875/875
f 1007/1007 942/942 1008/1008
f 941/941 942/942 1007/1007
f 1011/1011 1076/1076 1010/1010
f 1076/1076 1011/1011 1077/1077
f 1071/1071 1138/1138 1137/1137
f 1138/1138 1071/1071 1072/1072
f 1137/1137 1138/1138 1203/1203
f 1203/1203 1138/1138 1204/1204
f 1073/1073 1138/1138 1072/1072
f 1139/1139 1138/1138 1073/1073
f 1138/1138 1139/1139 1205/1205
f 1138/1138 1205/1205 1204/1204
f 1402/1402 1337/1337 1403/1403
f 1337/1337 1402/1402 1336/1336
f 1403/1403 1337/1337 1404/1404
f 1337/1337 1338/1338 1404/1404
f 2389/2389 2324/2324 2390/2390
f 2324/2324 2389/2389 2323/2323
f 2323/2323 2389/2389 2322/2322
f 2389/2389 2388/2388 2322/2322
f 2193/2193 2192/2192 2126/2126
f 2127/2127 2193/2193 2126/2126
f 2258/2258 2323/2323 2257/2257
f 2258/2258 2324/2324 2323/2323
f 2193/2193 2258/2258 2192/2192
f 2258/2258 2193/2193 2259/2259
f 2191/2191 2258/2258 2257/2257
f 2192/2192 2258/2258 2191/2191
f 2054/2054 2121/2121 2120/2120
f 2121/2121 2054/2054 2055/2055
f 2186/2186 2121/2121 2187/2187
f 2121/2121 2186/2186 2120/2120
f 2187/2187 2121/2121 2188/2188
f 2121/2121 2122/2122 2188/2188
f 2056/2056 2121/2121 2055/2055
f 2122/2122 2121/2121 2056/2056
f 2464/2464 2398/2398 2465/2465
f 2398/2398 2399/2399 2465/2465
f 2531/2531 2466/2466 2532/2532
f 2466/2466 2531/2531 2465/2465
f 1091/1091 1158/1158 1157/1157
f 1158/1158 1091/1091 1092/1092
f 1158/1158 1093/1093 1159/1159
f 1093/1093 1158/1158 1092/1092
f 1157/1157 1158/1158 1223/1223
f 1158/1158 1224/1224 1223/1223
f 1158/1158 1159/1159 1225/1225
f 1224/1224 1158/1158 1225/1225
f 1289/1289 1224/1224 1290/1290
f 1224/1224 1289/1289 1223/1223
f 1423/1423 1356/1356 1357/1357
f 1356/1356 1423/1423 1422/1422
f 1423/1423 1482/1482 1422/1422
f 1423/1423 1483/1483 1482/1482
f 1080/1080 1079/1079 1013/1013
f 1014/1014 1080/1080 1013/1013
f 948/948 1015/1015 1014/1014
f 1015/1015 948/948 949/949
f 1080/1080 1015/1015 1081/1081
f 1015/1015 1080/1080 1014/1014
f 1416/1416 1477/1477 1476/1476
f 1477/1477 1416/1416 1417/1417
f 1416/1416 1351/1351 1417/1417
f 1416/1416 1350/1350 1351/1351
f 1353/1353 1418/1418 1352/1352
f 1418/1418 1353/1353 1419/1419
f 1286/1286 1353/1353 1352/1352
f 1353/1353 1286/1286 1287/1287
f 1532/1532 1583/1583 1531/1531
f 1532/1532 1584/1584 1583/1583
f 1585/1585 1532/1532 1533/1533
f 1584/1584 1532/1532 1585/1585
f 1682/1682 1728/1728 1681/1681
f 1728/1728 1682/1682 1729/1729
f 1730/1730 1774/1774 1729/1729
f 1774/1774 1730/1730 1775/1775
f 1775/1775 1730/1730 1776/1776
f 1730/1730 1731/1731 1776/1776
f 1731/1731 1730/1730 1684/1684
f 1730/1730 1683/1683 1684/1684
f 1730/1730 1682/1682 1683/1683
f 1682/1682 1730/1730 1729/1729
f 1855/1855 1898/1898 1897/1897
f 1855/1855 1856/1856 1898/1898
f 1856/1856 1855/1855 1814/1814
f 1855/1855 1813/1813 1814/1814
f 1679/1679 1631/1631 1632/1632
f 1680/1680 1679/1679 1632/1632
f 1813/1813 1770/1770 1814/1814
f 1770/1770 1813/1813 1769/1769
f 382/382 381/381 315/315
f 382/382 315/315 316/316
f 381/381 382/382 447/447
f 382/382 448/448 447/447
f 317/317 382/382 316/316
f 382/382 317/317 383/383
f 385/385 386/386 451/451
f 451/451 386/386 452/452
f 320/320 386/386 319/319
f 386/386 385/385 319/319
f 1116/1116 1183/1183 1182/1182
f 1183/1183 1116/1116 1117/1117
f 1181/1181 1116/1116 1182/1182
f 1116/1116 1181/1181 1115/1115
f 1116/1116 1049/1049 1050/1050
f 1116/1116 1115/1115 1049/1049
f 1379/1379 1313/1313 1380/1380
f 1313/1313 1314/1314 1380/1380
f 1181/1181 1248/1248 1247/1247
f 1248/1248 1181/1181 1182/1182
f 1313/1313 1248/1248 1314/1314
f 1248/1248 1313/1313 1247/1247
f 1116/1116 1051/1051 1117/1117
f 1051/1051 1116/1116 1050/1050
f 984/984 1051/1051 1050/1050
f 985/985 1051/1051 984/984
f 854/854 855/855 921/921
f 920/920 854/854 921/921
f 854/854 789/789 855/855
f 854/854 788/788 789/789
f 659/659 592/592 593/593
f 592/592 659/659 658/658
f 660/660 659/659 594/594
f 659/659 593/593 594/594
f 659/659 660/660 726/726
f 725/725 659/659 726/726
f 964/964 965/965 1031/1031
f 1030/1030 964/964 1031/1031
f 964/964 1030/1030 1029/1029
f 964/964 1029/1029 963/963
f 965/965 964/964 899/899
f 964/964 898/898 899/899
f 897/897 964/964 963/963
f 898/898 964/964 897/897
f 765/765 832/832 831/831
f 832/832 765/765 766/766
f 833/833 832/832 767/767
f 767/767 832/832 766/766
f 832/832 898/898 897/897
f 831/831 832/832 897/897
f 898/898 832/832 899/899
f 832/832 833/833 899/899
f 900/900 901/901 967/967
f 966/966 900/900 967/967
f 965/965 900/900 966/966
f 900/900 965/965 899/899
f 901/901 900/900 835/835
f 900/900 834/834 835/835
f 834/834 900/900 833/833
f 833/833 900/900 899/899
f 3112/3112 3113/3113 3178/3178
f 3113/3113 3179/3179 3178/3178
f 3113/3113 3180/3180 3179/3179
f 3180/3180 3113/3113 3114/3114
f 3113/3113 3112/3112 3046/3046
f 3047/3047 3113/3113 3046/3046
f 3113/3113 3048/3048 3114/3114
f 3048/3048 3113/3113 3047/3047
f 2713/2713 2778/2778 2712/2712
f 2778/2778 2713/2713 2779/2779
f 2713/2713 2780/2780 2779/2779
f 2713/2713 2714/2714 2780/2780
f 2788/2788 2855/2855 2854/2854
f 2789/2789 2855/2855 2788/2788
f 2721/2721 2788/2788 2787/2787
f 2788/2788 2721/2721 2722/2722
f 2721/2721 2656/2656 2722/2722
f 2721/2721 2655/2655 2656/2656
f 2976/2976 2909/2909 2910/2910
f 2909/2909 2976/2976 2975/2975
f 2977/2977 2976/2976 2910/2910
f 2977/2977 2910/2910 2911/2911
f 3241/3241 3308/3308 3307/3307
f 3308/3308 3241/3241 3242/3242
f 3306/3306 3241/3241 3307/3307
f 3241/3241 3306/3306 3240/3240
f 3242/3242 3241/3241 3176/3176
f 3241/3241 3175/3175 3176/3176
f 3174/3174 3241/3241 3240/3240
f 3175/3175 3241/3241 3174/3174
f 2909/2909 2844/2844 2910/2910
f 2844/2844 2909/2909 2843/2843
f 2844/2844 2845/2845 2911/2911
f 2910/2910 2844/2844 2911/2911
f 2844/2844 2843/2843 2777/2777
f 2778/2778 2844/2844 2777/2777
f 2845/2845 2844/2844 2779/2779
f 2844/2844 2778/2778 2779/2779
f 3172/3172 3105/3105 3106/3106
f 3171/3171 3105/3105 3172/3172
f 2906/2906 2972/2972 2905/2905
f 2972/2972 2971/2971 2905/2905
f 2971/2971 2972/2972 3037/3037
f 2972/2972 3038/3038 3037/3037
f 3168/3168 3169/3169 3234/3234
f 3169/3169 3235/3235 3234/3234
f 3102/3102 3169/3169 3168/3168
f 3103/3103 3169/3169 3102/3102
f 3239/3239 3238/3238 3173/3173
f 3238/3238 3172/3172 3173/3173
f 3171/3171 3238/3238 3237/3237
f 3238/3238 3171/3171 3172/3172
f 3238/3238 3239/3239 3305/3305
f 3304/3304 3238/3238 3305/3305
f 3238/3238 3304/3304 3303/3303
f 3238/3238 3303/3303 3237/3237
f 3302/3302 3236/3236 3303/3303
f 3303/3303 3236/3236 3237/3237
f 3235/3235 3236/3236 3301/3301
f 3236/3236 3302/3302 3301/3301
f 2988/2988 2923/2923 2989/2989
f 2923/2923 2988/2988 2922/2922
f 2726/2726 2791/2791 2725/2725
f 2791/2791 2726/2726 2792/2792
f 2518/2518 2452/2452 2519/2519
f 2519/2519 2452/2452 2453/2453
f 2452/2452 2386/2386 2387/2387
f 2452/2452 2387/2387 2453/2453
f 3311/3311 3245/3245 3246/3246
f 3312/3312 3311/3311 3246/3246
f 3245/3245 3244/3244 3179/3179
f 3179/3179 3244/3244 3178/3178
f 3244/3244 3177/3177 3178/3178
f 3177/3177 3244/3244 3243/3243
f 3311/3311 3244/3244 3245/3245
f 3244/3244 3311/3311 3310/3310
f 3243/3243 3244/3244 3309/3309
f 3244/3244 3310/3310 3309/3309
f 3115/3115 3182/3182 3181/3181
f 3182/3182 3115/3115 3116/3116
f 3182/3182 3116/3116 3117/3117
f 3183/3183 3182/3182 3117/3117
f 2180/2180 2181/2181 2247/2247
f 2246/2246 2180/2180 2247/2247
f 1522/1522 1468/1468 1523/1523
f 1468/1468 1469/1469 1523/1523
f 1409/1409 1468/1468 1408/1408
f 1468/1468 1409/1409 1469/1469
f 1521/1521 1468/1468 1522/1522
f 1468/1468 1521/1521 1467/1467
f 1408/1408 1468/1468 1407/1407
f 1468/1468 1467/1467 1407/1407
f 1572/1572 1573/1573 1622/1622
f 1573/1573 1623/1623 1622/1622
f 1573/1573 1572/1572 1520/1520
f 1521/1521 1573/1573 1520/1520
f 1470/1470 1524/1524 1523/1523
f 1469/1469 1470/1470 1523/1523
f 1896/1896 1855/1855 1897/1897
f 1855/1855 1896/1896 1854/1854
f 1939/1939 1896/1896 1897/1897
f 1896/1896 1939/1939 1938/1938
f 1896/1896 1895/1895 1853/1853
f 1896/1896 1853/1853 1854/1854
f 1895/1895 1896/1896 1937/1937
f 1937/1937 1896/1896 1938/1938
f 1852/1852 1809/1809 1810/1810
f 1809/1809 1852/1852 1851/1851
f 1809/1809 1851/1851 1850/1850
f 1808/1808 1809/1809 1850/1850
f 1809/1809 1764/1764 1765/1765
f 1809/1809 1808/1808 1764/1764
f 1807/1807 1849/1849 1806/1806
f 1849/1849 1848/1848 1806/1806
f 1808/1808 1849/1849 1807/1807
f 1849/1849 1808/1808 1850/1850
f 1849/1849 1891/1891 1890/1890
f 1848/1848 1849/1849 1890/1890
f 1891/1891 1849/1849 1892/1892
f 1892/1892 1849/1849 1850/1850
f 1721/1721 1720/1720 1673/1673
f 1674/1674 1721/1721 1673/1673
f 1721/1721 1674/1674 1675/1675
f 1722/1722 1721/1721 1675/1675
f 1812/1812 1855/1855 1854/1854
f 1855/1855 1812/1812 1813/1813
f 1813/1813 1812/1812 1769/1769
f 1769/1769 1812/1812 1768/1768
f 1811/1811 1812/1812 1853/1853
f 1853/1853 1812/1812 1854/1854
f 1812/1812 1767/1767 1768/1768
f 1812/1812 1811/1811 1767/1767
f 1677/1677 1676/1676 1628/1628
f 1677/1677 1628/1628 1629/1629
f 1527/1527 1474/1474 1528/1528
f 1474/1474 1527/1527 1473/1473
f 1527/1527 1472/1472 1473/1473
f 1527/1527 1526/1526 1472/1472
f 1578/1578 1628/1628 1627/1627
f 1578/1578 1627/1627 1577/1577
f 1525/1525 1578/1578 1577/1577
f 1526/1526 1578/1578 1525/1525
f 2245/2245 2180/2180 2246/2246
f 2180/2180 2245/2245 2179/2179
f 2039/2039 2106/2106 2105/2105
f 2106/2106 2039/2039 2040/2040
f 2040/2040 2039/2039 1979/1979
f 1979/1979 2039/2039 1978/1978
f 2039/2039 1977/1977 1978/1978
f 2039/2039 2038/2038 1977/1977
f 1974/1974 1930/1930 1975/1975
f 1930/1930 1974/1974 1929/1929
f 1887/1887 1930/1930 1929/1929
f 1888/1888 1930/1930 1887/1887
f 2770/2770 2705/2705 2771/2771
f 2704/2704 2705/2705 2770/2770
f 2638/2638 2705/2705 2704/2704
f 2705/2705 2638/2638 2639/2639
f 2709/2709 2644/2644 2710/2710
f 2644/2644 2709/2709 2643/2643
f 2776/2776 2709/2709 2710/2710
f 2775/2775 2709/2709 2776/2776
f 2774/2774 2709/2709 2775/2775
f 2708/2708 2709/2709 2774/2774
f 2642/2642 2709/2709 2708/2708
f 2709/2709 2642/2642 2643/2643
f 2960/2960 3027/3027 3026/3026
f 3027/3027 2960/2960 2961/2961
f 3026/3026 3027/3027 3092/3092
f 3027/3027 3093/3093 3092/3092
f 2313/2313 2246/2246 2247/2247
f 2313/2313 2312/2312 2246/2246
f 2248/2248 2313/2313 2247/2247
f 2314/2314 2313/2313 2248/2248
f 2380/2380 2313/2313 2314/2314
f 2313/2313 2380/2380 2379/2379
f 2447/2447 2380/2380 2381/2381
f 2380/2380 2447/2447 2446/2446
f 2380/2380 2315/2315 2381/2381
f 2380/2380 2314/2314 2315/2315
f 3165/3165 3098/3098 3099/3099
f 3098/3098 3165/3165 3164/3164
f 3098/3098 3032/3032 3099/3099
f 3099/3099 3032/3032 3033/3033
f 2830/2830 2765/2765 2831/2831
f 2765/2765 2830/2830 2764/2764
f 2698/2698 2765/2765 2764/2764
f 2765/2765 2698/2698 2699/2699
f 2831/2831 2765/2765 2832/2832
f 2765/2765 2766/2766 2832/2832
f 2766/2766 2765/2765 2700/2700
f 2765/2765 2699/2699 2700/2700
f 2900/2900 2835/2835 2901/2901
f 2835/2835 2900/2900 2834/2834
f 2834/2834 2900/2900 2833/2833
f 2900/2900 2899/2899 2833/2833
f 2769/2769 2704/2704 2770/2770
f 2704/2704 2769/2769 2703/2703
f 2967/2967 2902/2902 2968/2968
f 2902/2902 2967/2967 2901/2901
f 3034/3034 3099/3099 3033/3033
f 3034/3034 3100/3100 3099/3099
f 3034/3034 2967/2967 2968/2968
f 2967/2967 3034/3034 3033/3033
f 3100/3100 3034/3034 3101/3101
f 3034/3034 3035/3035 3101/3101
f 3035/3035 3034/3034 2969/2969
f 2969/2969 3034/3034 2968/2968
f 1936/1936 1981/1981 1935/1935
f 1981/1981 1980/1980 1935/1935
f 1937/1937 1981/1981 1936/1936
f 1982/1982 1981/1981 1937/1937
f 2103/2103 2036/2036 2037/2037
f 2036/2036 2103/2103 2102/2102
f 2232/2232 2297/2297 2231/2231
f 2232/2232 2298/2298 2297/2297
f 2232/2232 2231/2231 2165/2165
f 2232/2232 2165/2165 2166/2166
f 2298/2298 2232/2232 2299/2299
f 2232/2232 2233/2233 2299/2299
f 2167/2167 2232/2232 2166/2166
f 2233/2233 2232/2232 2167/2167
f 2429/2429 2430/2430 2495/2495
f 2495/2495 2430/2430 2496/2496
f 2895/2895 2896/2896 2961/2961
f 2896/2896 2962/2962 2961/2961
f 2896/2896 2830/2830 2831/2831
f 2896/2896 2831/2831 2897/2897
f 2698/2698 2633/2633 2699/2699
f 2633/2633 2698/2698 2632/2632
f 2699/2699 2633/2633 2700/2700
f 2633/2633 2634/2634 2700/2700
f 2371/2371 2436/2436 2370/2370
f 2436/2436 2371/2371 2437/2437
f 2436/2436 2369/2369 2370/2370
f 2369/2369 2436/2436 2435/2435
f 2436/2436 2501/2501 2435/2435
f 2501/2501 2436/2436 2502/2502
f 2633/2633 2568/2568 2634/2634
f 2568/2568 2633/2633 2567/2567
f 2635/2635 2568/2568 2569/2569
f 2634/2634 2568/2568 2635/2635
f 2568/2568 2501/2501 2502/2502
f 2501/2501 2568/2568 2567/2567
f 2761/2761 2696/2696 2762/2762
f 2696/2696 2761/2761 2695/2695
f 2761/2761 2828/2828 2827/2827
f 2828/2828 2761/2761 2762/2762
f 2761/2761 2694/2694 2695/2695
f 2761/2761 2760/2760 2694/2694
f 2826/2826 2761/2761 2827/2827
f 2760/2760 2761/2761 2826/2826
f 2959/2959 2894/2894 2960/2960
f 2894/2894 2959/2959 2893/2893
f 2894/2894 2895/2895 2961/2961
f 2960/2960 2894/2894 2961/2961
f 2894/2894 2893/2893 2827/2827
f 2828/2828 2894/2894 2827/2827
f 2896/2896 2829/2829 2830/2830
f 2829/2829 2896/2896 2895/2895
f 2829/2829 2894/2894 2828/2828
f 2894/2894 2829/2829 2895/2895
f 2830/2830 2829/2829 2764/2764
f 2829/2829 2763/2763 2764/2764
f 2829/2829 2828/2828 2762/2762
f 2829/2829 2762/2762 2763/2763
f 2698/2698 2697/2697 2632/2632
f 2697/2697 2631/2631 2632/2632
f 2763/2763 2697/2697 2764/2764
f 2697/2697 2698/2698 2764/2764
f 2631/2631 2697/2697 2630/2630
f 2697/2697 2696/2696 2630/2630
f 2762/2762 2697/2697 2763/2763
f 2696/2696 2697/2697 2762/2762
f 2357/2357 2290/2290 2291/2291
f 2357/2357 2356/2356 2290/2290
f 2292/2292 2357/2357 2291/2291
f 2357/2357 2292/2292 2358/2358
f 2357/2357 2358/2358 2424/2424
f 2423/2423 2357/2357 2424/2424
f 2422/2422 2487/2487 2421/2421
f 2487/2487 2422/2422 2488/2488
f 2356/2356 2422/2422 2355/2355
f 2422/2422 2421/2421 2355/2355
f 2422/2422 2357/2357 2423/2423
f 2357/2357 2422/2422 2356/2356
f 2487/2487 2554/2554 2553/2553
f 2554/2554 2487/2487 2488/2488
f 2755/2755 2822/2822 2821/2821
f 2822/2822 2755/2755 2756/2756
f 2688/2688 2755/2755 2754/2754
f 2755/2755 2688/2688 2689/2689
f 2820/2820 2755/2755 2821/2821
f 2755/2755 2820/2820 2754/2754
f 2690/2690 2755/2755 2689/2689
f 2755/2755 2690/2690 2756/2756
f 2361/2361 2296/2296 2362/2362
f 2296/2296 2361/2361 2295/2295
f 2361/2361 2360/2360 2294/2294
f 2361/2361 2294/2294 2295/2295
f 2162/2162 2095/2095 2096/2096
f 2095/2095 2162/2162 2161/2161
f 2419/2419 2484/2484 2418/2418
f 2484/2484 2419/2419 2485/2485
f 2419/2419 2418/2418 2352/2352
f 2353/2353 2419/2419 2352/2352
f 2410/2410 2345/2345 2411/2411
f 2345/2345 2410/2410 2344/2344
f 2215/2215 2150/2150 2216/2216
f 2150/2150 2215/2215 2149/2149
f 2281/2281 2215/2215 2282/2282
f 2215/2215 2216/2216 2282/2282
f 1907/1907 1866/1866 1908/1908
f 1907/1907 1865/1865 1866/1866
f 1907/1907 1864/1864 1865/1865
f 1864/1864 1907/1907 1906/1906
f 2146/2146 2079/2079 2080/2080
f 2079/2079 2146/2146 2145/2145
f 2079/2079 2014/2014 2080/2080
f 2014/2014 2079/2079 2013/2013
f 1907/1907 1951/1951 1906/1906
f 1951/1951 1907/1907 1952/1952
f 1951/1951 1952/1952 2013/2013
f 2012/2012 1951/1951 2013/2013
f 1966/1966 2026/2026 1965/1965
f 2026/2026 1966/1966 2027/2027
f 2092/2092 2026/2026 2093/2093
f 2093/2093 2026/2026 2027/2027
f 1922/1922 1881/1881 1923/1923
f 1881/1881 1922/1922 1880/1880
f 2286/2286 2353/2353 2352/2352
f 2353/2353 2286/2286 2287/2287
f 2156/2156 2221/2221 2155/2155
f 2221/2221 2156/2156 2222/2222
f 2288/2288 2221/2221 2222/2222
f 2221/2221 2288/2288 2287/2287
f 2221/2221 2286/2286 2220/2220
f 2286/2286 2221/2221 2287/2287
f 2415/2415 2348/2348 2349/2349
f 2415/2415 2414/2414 2348/2348
f 2348/2348 2413/2413 2347/2347
f 2414/2414 2413/2413 2348/2348
f 1960/1960 1961/1961 2021/2021
f 1961/1961 2022/2022 2021/2021
f 2215/2215 2148/2148 2149/2149
f 2148/2148 2215/2215 2214/2214
f 1957/1957 2019/2019 2018/2018
f 2019/2019 1957/1957 1958/1958
f 2020/2020 2019/2019 1959/1959
f 2019/2019 1958/1958 1959/1959
f 2019/2019 2084/2084 2018/2018
f 2019/2019 2085/2085 2084/2084
f 1867/1867 1910/1910 1909/1909
f 1910/1910 1867/1867 1868/1868
f 1954/1954 1910/1910 1955/1955
f 1910/1910 1954/1954 1909/1909
f 1910/1910 1868/1868 1869/1869
f 1911/1911 1910/1910 1869/1869
f 1910/1910 1956/1956 1955/1955
f 1910/1910 1911/1911 1956/1956
f 2748/2748 2813/2813 2747/2747
f 2813/2813 2748/2748 2814/2814
f 2548/2548 2483/2483 2549/2549
f 2548/2548 2482/2482 2483/2483
f 2746/2746 2745/2745 2680/2680
f 2745/2745 2679/2679 2680/2680
f 2942/2942 2876/2876 2943/2943
f 2876/2876 2877/2877 2943/2943
f 2742/2742 2675/2675 2676/2676
f 2675/2675 2742/2742 2741/2741
f 2948/2948 3013/3013 2947/2947
f 3013/3013 2948/2948 3014/3014
f 2948/2948 3015/3015 3014/3014
f 3015/3015 2948/2948 2949/2949
f 2881/2881 2948/2948 2947/2947
f 2882/2882 2948/2948 2881/2881
f 2948/2948 2882/2882 2883/2883
f 2948/2948 2883/2883 2949/2949
f 2865/2865 2798/2798 2799/2799
f 2798/2798 2865/2865 2864/2864
f 2598/2598 2531/2531 2532/2532
f 2531/2531 2598/2598 2597/2597
f 2468/2468 2533/2533 2467/2467
f 2533/2533 2468/2468 2534/2534
f 2533/2533 2598/2598 2532/2532
f 2598/2598 2533/2533 2599/2599
f 2466/2466 2533/2533 2532/2532
f 2533/2533 2466/2466 2467/2467
f 2599/2599 2533/2533 2600/2600
f 2600/2600 2533/2533 2534/2534
f 2804/2804 2737/2737 2738/2738
f 2803/2803 2737/2737 2804/2804
f 2737/2737 2672/2672 2738/2738
f 2737/2737 2671/2671 2672/2672
f 2669/2669 2735/2735 2668/2668
f 2735/2735 2734/2734 2668/2668
f 2737/2737 2670/2670 2671/2671
f 2670/2670 2737/2737 2736/2736
f 2671/2671 2670/2670 2605/2605
f 2670/2670 2604/2604 2605/2605
f 2670/2670 2735/2735 2669/2669
f 2735/2735 2670/2670 2736/2736
f 2403/2403 2468/2468 2402/2402
f 2468/2468 2403/2403 2469/2469
f 3265/3265 3198/3198 3199/3199
f 3198/3198 3265/3265 3264/3264
f 3198/3198 3133/3133 3199/3199
f 3133/3133 3198/3198 3132/3132
f 3131/3131 3064/3064 3065/3065
f 3064/3064 3131/3131 3130/3130
f 3198/3198 3131/3131 3132/3132
f 3131/3131 3198/3198 3197/3197
f 3066/3066 3131/3131 3065/3065
f 3131/3131 3066/3066 3132/3132
f 3130/3130 3131/3131 3196/3196
f 3131/3131 3197/3197 3196/3196
f 3330/3330 3265/3265 3331/3331
f 3265/3265 3330/3330 3264/3264
f 3198/3198 3263/3263 3197/3197
f 3263/3263 3198/3198 3264/3264
f 3197/3197 3263/3263 3196/3196
f 3263/3263 3262/3262 3196/3196
f 3330/3330 3263/3263 3264/3264
f 3263/3263 3330/3330 3329/3329
f 3262/3262 3263/3263 3328/3328
f 3263/3263 3329/3329 3328/3328
f 3195/3195 3129/3129 3196/3196
f 3129/3129 3130/3130 3196/3196
f 2862/2862 2929/2929 2928/2928
f 2929/2929 2862/2862 2863/2863
f 3060/3060 3059/3059 2994/2994
f 2994/2994 3059/3059 2993/2993
f 1697/1697 1649/1649 1650/1650
f 1649/1649 1697/1697 1696/1696
f 1697/1697 1741/1741 1696/1696
f 1697/1697 1742/1742 1741/1741
f 1907/1907 1953/1953 1952/1952
f 1953/1953 1907/1907 1908/1908
f 1952/1952 1953/1953 2013/2013
f 1953/1953 2014/2014 2013/2013
f 1953/1953 1954/1954 2015/2015
f 2014/2014 1953/1953 2015/2015
f 1954/1954 1953/1953 1909/1909
f 1909/1909 1953/1953 1908/1908
f 1392/1392 1391/1391 1326/1326
f 1326/1326 1391/1391 1325/1325
f 1264/1264 1329/1329 1263/1263
f 1329/1329 1264/1264 1330/1330
f 1830/1830 1871/1871 1829/1829
f 1871/1871 1830/1830 1872/1872
f 1787/1787 1830/1830 1829/1829
f 1788/1788 1830/1830 1787/1787
f 1830/1830 1788/1788 1789/1789
f 1830/1830 1789/1789 1831/1831
f 1790/1790 1832/1832 1789/1789
f 1789/1789 1832/1832 1831/1831
f 1657/1657 1610/1610 1658/1658
f 1657/1657 1609/1609 1610/1610
f 1705/1705 1657/1657 1658/1658
f 1704/1704 1657/1657 1705/1705
f 1657/1657 1703/1703 1656/1656
f 1657/1657 1704/1704 1703/1703
f 1652/1652 1605/1605 1653/1653
f 1605/1605 1652/1652 1604/1604
f 1700/1700 1652/1652 1653/1653
f 1699/1699 1652/1652 1700/1700
f 997/997 1062/1062 996/996
f 1062/1062 997/997 1063/1063
f 863/863 930/930 929/929
f 930/930 863/863 864/864
f 930/930 995/995 929/929
f 995/995 930/930 996/996
f 930/930 864/864 865/865
f 931/931 930/930 865/865
f 997/997 930/930 931/931
f 930/930 997/997 996/996
f 1654/1654 1607/1607 1655/1655
f 1607/1607 1654/1654 1606/1606
f 1391/1391 1450/1450 1390/1390
f 1450/1450 1391/1391 1451/1451
f 1389/1389 1450/1450 1449/1449
f 1450/1450 1389/1389 1390/1390
f 1505/1505 1450/1450 1451/1451
f 1504/1504 1450/1450 1505/1505
f 1503/1503 1450/1450 1504/1504
f 1450/1450 1503/1503 1449/1449
f 1556/1556 1503/1503 1504/1504
f 1503/1503 1556/1556 1555/1555
f 1605/1605 1556/1556 1606/1606
f 1556/1556 1605/1605 1555/1555
f 1607/1607 1556/1556 1557/1557
f 1556/1556 1607/1607 1606/1606
f 1557/1557 1556/1556 1505/1505
f 1556/1556 1504/1504 1505/1505
f 1326/1326 1259/1259 1260/1260
f 1259/1259 1326/1326 1325/1325
f 1060/1060 993/993 994/994
f 993/993 1060/1060 1059/1059
f 1060/1060 995/995 1061/1061
f 995/995 1060/1060 994/994
f 1062/1062 1127/1127 1061/1061
f 1127/1127 1062/1062 1128/1128
f 858/858 924/924 857/857
f 924/924 923/923 857/857
f 992/992 993/993 1059/1059
f 1058/1058 992/992 1059/1059
f 1554/1554 1503/1503 1555/1555
f 1503/1503 1554/1554 1502/1502
f 1605/1605 1554/1554 1555/1555
f 1554/1554 1605/1605 1604/1604
f 1554/1554 1501/1501 1502/1502
f 1501/1501 1554/1554 1553/1553
f 1603/1603 1554/1554 1604/1604
f 1553/1553 1554/1554 1603/1603
f 1443/1443 1498/1498 1497/1497
f 1498/1498 1443/1443 1444/1444
f 1552/1552 1553/1553 1603/1603
f 1552/1552 1603/1603 1602/1602
f 1309/1309 1244/1244 1310/1310
f 1244/1244 1309/1309 1243/1243
f 1046/1046 1111/1111 1045/1045
f 1111/1111 1046/1046 1112/1112
f 1782/1782 1737/1737 1738/1738
f 1737/1737 1782/1782 1781/1781
f 1739/1739 1782/1782 1738/1738
f 1782/1782 1739/1739 1783/1783
f 1781/1781 1782/1782 1823/1823
f 1782/1782 1824/1824 1823/1823
f 1782/1782 1783/1783 1825/1825
f 1824/1824 1782/1782 1825/1825
f 2007/2007 2008/2008 2074/2074
f 2073/2073 2007/2007 2074/2074
f 2072/2072 2007/2007 2073/2073
f 2007/2007 2072/2072 2006/2006
f 1644/1644 1645/1645 1692/1692
f 1691/1691 1644/1644 1692/1692
f 1735/1735 1780/1780 1779/1779
f 1780/1780 1735/1735 1736/1736
f 1594/1594 1543/1543 1544/1544
f 1543/1543 1594/1594 1593/1593
f 1594/1594 1544/1544 1545/1545
f 1595/1595 1594/1594 1545/1545
f 1594/1594 1595/1595 1643/1643
f 1642/1642 1594/1594 1643/1643
f 1590/1590 1540/1540 1541/1541
f 1591/1591 1590/1590 1541/1541
f 1641/1641 1594/1594 1642/1642
f 1594/1594 1641/1641 1593/1593
f 1592/1592 1543/1543 1593/1593
f 1543/1543 1592/1592 1542/1542
f 1641/1641 1592/1592 1593/1593
f 1592/1592 1641/1641 1640/1640
f 1592/1592 1591/1591 1541/1541
f 1542/1542 1592/1592 1541/1541
f 1591/1591 1592/1592 1639/1639
f 1592/1592 1640/1640 1639/1639
f 1543/1543 1490/1490 1491/1491
f 1490/1490 1543/1543 1542/1542
f 1489/1489 1490/1490 1541/1541
f 1490/1490 1542/1542 1541/1541
f 1708/1708 1662/1662 1709/1709
f 1662/1662 1708/1708 1661/1661
f 1452/1452 1391/1391 1392/1392
f 1391/1391 1452/1452 1451/1451
f 1452/1452 1392/1392 1393/1393
f 1453/1453 1452/1452 1393/1393
f 1508/1508 1454/1454 1509/1509
f 1454/1454 1455/1455 1509/1509
f 1454/1454 1453/1453 1393/1393
f 1394/1394 1454/1454 1393/1393
f 1507/1507 1454/1454 1508/1508
f 1453/1453 1454/1454 1507/1507
f 737/737 672/672 738/738
f 672/672 737/737 671/671
f 739/739 672/672 673/673
f 672/672 739/739 738/738
f 672/672 671/671 605/605
f 606/606 672/672 605/605
f 673/673 672/672 607/607
f 672/672 606/606 607/607
f 471/471 470/470 404/404
f 405/405 471/471 404/404
f 338/338 339/339 404/404
f 339/339 405/405 404/404
f 472/472 406/406 473/473
f 406/406 407/407 473/473
f 406/406 471/471 405/405
f 471/471 406/406 472/472
f 339/339 406/406 405/405
f 406/406 339/339 340/340
f 276/276 341/341 275/275
f 341/341 276/276 342/342
f 341/341 406/406 340/340
f 406/406 341/341 407/407
f 408/408 341/341 342/342
f 341/341 408/408 407/407
f 275/275 341/341 274/274
f 341/341 340/340 274/274
f 410/410 475/475 409/409
f 475/475 410/410 476/476
f 868/868 802/802 803/803
f 868/868 803/803 869/869
f 935/935 868/868 869/869
f 934/934 868/868 935/935
f 737/737 670/670 671/671
f 670/670 737/737 736/736
f 868/868 801/801 802/802
f 801/801 868/868 867/867
f 802/802 801/801 736/736
f 801/801 735/735 736/736
f 801/801 800/800 734/734
f 735/735 801/801 734/734
f 800/800 801/801 866/866
f 866/866 801/801 867/867
f 848/848 913/913 847/847
f 914/914 913/913 848/848
f 913/913 914/914 980/980
f 979/979 913/913 980/980
f 1048/1048 1047/1047 982/982
f 1047/1047 981/981 982/982
f 1047/1047 1048/1048 1114/1114
f 1113/1113 1047/1047 1114/1114
f 981/981 1047/1047 980/980
f 1047/1047 1046/1046 980/980
f 1046/1046 1047/1047 1112/1112
f 1047/1047 1113/1113 1112/1112
f 778/778 845/845 844/844
f 779/779 845/845 778/778
f 982/982 917/917 983/983
f 916/916 917/917 982/982
f 917/917 984/984 983/983
f 917/917 918/918 984/984
f 850/850 917/917 916/916
f 917/917 850/850 851/851
f 851/851 850/850 785/785
f 850/850 784/784 785/785
f 850/850 916/916 915/915
f 849/849 850/850 915/915
f 783/783 850/850 849/849
f 850/850 783/783 784/784
f 783/783 782/782 716/716
f 783/783 716/716 717/717
f 782/782 783/783 848/848
f 783/783 849/849 848/848
f 384/384 385/385 451/451
f 450/450 384/384 451/451
f 449/449 382/382 383/383
f 382/382 449/449 448/448
f 449/449 384/384 450/450
f 384/384 449/449 383/383
f 449/449 516/516 515/515
f 449/449 450/450 516/516
f 517/517 450/450 451/451
f 450/450 517/517 516/516
f 518/518 517/517 452/452
f 517/517 451/451 452/452
f 458/458 391/391 392/392
f 457/457 391/391 458/458
f 719/719 653/653 654/654
f 720/720 719/719 654/654
f 653/653 586/586 587/587
f 586/586 653/653 652/652
f 586/586 651/651 585/585
f 651/651 586/586 652/652
f 586/586 521/521 587/587
f 521/521 586/586 520/520
f 519/519 586/586 585/585
f 586/586 519/519 520/520
f 324/324 323/323 258/258
f 323/323 257/257 258/258
f 196/196 131/131 197/197
f 131/131 196/196 130/130
f 196/196 129/129 130/130
f 129/129 196/196 195/195
f 193/193 128/128 194/194
f 128/128 193/193 127/127
f 128/128 129/129 195/195
f 128/128 195/195 194/194
f 720/720 655/655 721/721
f 655/655 720/720 654/654
f 588/588 655/655 654/654
f 589/589 655/655 588/588
f 522/522 588/588 587/587
f 521/521 522/522 587/587
f 724/724 659/659 725/725
f 659/659 724/724 658/658
f 724/724 791/791 790/790
f 724/724 725/725 791/791
f 724/724 657/657 658/658
f 724/724 723/723 657/657
f 789/789 724/724 790/790
f 723/723 724/724 789/789
f 463/463 464/464 529/529
f 464/464 530/530 529/529
f 665/665 598/598 599/599
f 598/598 665/665 664/664
f 269/269 204/204 270/270
f 204/204 269/269 203/203
f 3084/3084 3083/3083 3017/3017
f 3018/3018 3084/3084 3017/3017
f 3084/3084 3085/3085 3151/3151
f 3150/3150 3084/3084 3151/3151
f 3084/3084 3149/3149 3083/3083
f 3084/3084 3150/3150 3149/3149
f 3283/3283 3349/3349 3348/3348
f 3283/3283 3348/3348 3282/3282
f 3349/3349 3283/3283 3350/3350
f 3283/3283 3284/3284 3350/3350
f 2952/2952 3018/3018 3017/3017
f 2951/2951 2952/2952 3017/3017
f 3019/3019 3084/3084 3018/3018
f 3084/3084 3019/3019 3085/3085
f 3085/3085 3019/3019 3086/3086
f 3019/3019 3020/3020 3086/3086
f 3015/3015 2950/2950 3016/3016
f 2950/2950 3015/3015 2949/2949
f 3016/3016 2950/2950 3017/3017
f 2950/2950 2951/2951 3017/3017
f 3077/3077 3144/3144 3143/3143
f 3077/3077 3078/3078 3144/3144
f 3077/3077 3143/3143 3142/3142
f 3076/3076 3077/3077 3142/3142
f 3078/3078 3077/3077 3012/3012
f 3077/3077 3011/3011 3012/3012
f 3010/3010 3077/3077 3076/3076
f 3011/3011 3077/3077 3010/3010
f 2999/2999 3066/3066 3065/3065
f 2999/2999 3000/3000 3066/3066
f 3000/3000 2999/2999 2934/2934
f 2934/2934 2999/2999 2933/2933
f 3333/3333 3268/3268 3334/3334
f 3268/3268 3333/3333 3267/3267
f 3333/3333 3332/3332 3266/3266
f 3267/3267 3333/3333 3266/3266
f 3205/3205 3270/3270 3204/3204
f 3270/3270 3205/3205 3271/3271
f 3270/3270 3337/3337 3336/3336
f 3270/3270 3271/3271 3337/3337
f 3335/3335 3270/3270 3336/3336
f 3269/3269 3270/3270 3335/3335
f 3203/3203 3270/3270 3269/3269
f 3270/3270 3203/3203 3204/3204
f 3203/3203 3136/3136 3137/3137
f 3136/3136 3203/3203 3202/3202
f 3203/3203 3137/3137 3138/3138
f 3204/3204 3203/3203 3138/3138
f 3203/3203 3269/3269 3268/3268
f 3203/3203 3268/3268 3202/3202
f 2940/2940 2939/2939 2873/2873
f 2874/2874 2940/2940 2873/2873
f 2939/2939 2940/2940 3005/3005
f 2940/2940 3006/3006 3005/3005
f 3200/3200 3201/3201 3266/3266
f 3201/3201 3267/3267 3266/3266
f 3268/3268 3201/3201 3202/3202
f 3201/3201 3268/3268 3267/3267
f 3201/3201 3200/3200 3134/3134
f 3135/3135 3201/3201 3134/3134
f 3201/3201 3135/3135 3136/3136
f 3201/3201 3136/3136 3202/3202
f 3066/3066 3067/3067 3132/3132
f 3067/3067 3133/3133 3132/3132
f 3067/3067 3000/3000 3001/3001
f 3000/3000 3067/3067 3066/3066
f 3133/3133 3067/3067 3134/3134
f 3067/3067 3068/3068 3134/3134
f 3002/3002 3067/3067 3001/3001
f 3068/3068 3067/3067 3002/3002
f 1879/1879 1836/1836 1837/1837
f 1878/1878 1836/1836 1879/1879
f 1836/1836 1795/1795 1837/1837
f 1836/1836 1794/1794 1795/1795
f 1836/1836 1793/1793 1794/1794
f 1793/1793 1836/1836 1835/1835
f 1793/1793 1749/1749 1750/1750
f 1794/1794 1793/1793 1750/1750
f 1749/1749 1793/1793 1748/1748
f 1793/1793 1792/1792 1748/1748
f 1965/1965 1919/1919 1920/1920
f 1919/1919 1965/1965 1964/1964
f 443/443 508/508 442/442
f 508/508 443/443 509/509
f 443/443 444/444 510/510
f 509/509 443/443 510/510
f 444/444 377/377 378/378
f 443/443 377/377 444/444
f 376/376 377/377 442/442
f 377/377 443/443 442/442
f 180/180 245/245 179/179
f 245/245 180/180 246/246
f 180/180 113/113 114/114
f 113/113 180/180 179/179
f 246/246 180/180 247/247
f 180/180 181/181 247/247
f 115/115 180/180 114/114
f 181/181 180/180 115/115
f 182/182 249/249 248/248
f 249/249 182/182 183/183
f 117/117 182/182 116/116
f 182/182 117/117 183/183
f 181/181 182/182 247/247
f 182/182 248/248 247/247
f 182/182 115/115 116/116
f 182/182 181/181 115/115
f 313/313 246/246 247/247
f 246/246 313/313 312/312
f 378/378 313/313 379/379
f 313/313 378/378 312/312
f 248/248 313/313 247/247
f 314/314 313/313 248/248
f 379/379 313/313 380/380
f 313/313 314/314 380/380
f 702/702 769/769 768/768
f 769/769 702/702 703/703
f 634/634 633/633 567/567
f 568/568 634/634 567/567
f 633/633 634/634 699/699
f 634/634 700/700 699/699
f 634/634 568/568 569/569
f 635/635 634/634 569/569
f 707/707 706/706 640/640
f 641/641 707/707 640/640
f 705/705 772/772 771/771
f 772/772 705/705 706/706
f 707/707 772/772 706/706
f 772/772 707/707 773/773
f 1306/1306 1241/1241 1307/1307
f 1241/1241 1306/1306 1240/1240
f 1434/1434 1373/1373 1374/1374
f 1433/1433 1373/1373 1434/1434
f 1373/1373 1306/1306 1307/1307
f 1306/1306 1373/1373 1372/1372
f 1302/1302 1235/1235 1236/1236
f 1235/1235 1302/1302 1301/1301
f 1369/1369 1302/1302 1303/1303
f 1368/1368 1302/1302 1369/1369
f 1296/1296 1363/1363 1362/1362
f 1363/1363 1296/1296 1297/1297
f 1298/1298 1363/1363 1297/1297
f 1363/1363 1298/1298 1364/1364
f 1230/1230 1231/1231 1296/1296
f 1296/1296 1231/1231 1297/1297
f 1035/1035 968/968 969/969
f 1035/1035 1034/1034 968/968
f 970/970 1035/1035 969/969
f 1035/1035 970/970 1036/1036
f 1034/1034 1035/1035 1100/1100
f 1035/1035 1101/1101 1100/1100
f 1035/1035 1036/1036 1102/1102
f 1101/1101 1035/1035 1102/1102
f 103/103 168/168 102/102
f 168/168 103/103 169/169
f 170/170 236/236 169/169
f 169/169 236/236 235/235
f 237/237 236/236 171/171
f 236/236 170/170 171/171
f 236/236 302/302 301/301
f 236/236 301/301 235/235
f 236/236 237/237 303/303
f 302/302 236/236 303/303
f 624/624 558/558 559/559
f 625/625 624/624 559/559
f 691/691 624/624 625/625
f 624/624 691/691 690/690
f 555/555 621/621 554/554
f 621/621 620/620 554/554
f 491/491 426/426 492/492
f 426/426 491/491 425/425
f 617/617 682/682 616/616
f 682/682 617/617 683/683
f 615/615 680/680 614/614
f 680/680 615/615 681/681
f 682/682 615/615 616/616
f 615/615 682/682 681/681
f 485/485 418/418 419/419
f 485/485 484/484 418/418
f 620/620 553/553 554/554
f 619/619 553/553 620/620
f 488/488 553/553 487/487
f 553/553 488/488 554/554
f 553/553 619/619 618/618
f 552/552 553/553 618/618
f 883/883 818/818 884/884
f 818/818 883/883 817/817
f 949/949 883/883 950/950
f 883/883 884/884 950/950
f 883/883 816/816 817/817
f 883/883 882/882 816/816
f 948/948 883/883 949/949
f 882/882 883/883 948/948
f 813/813 880/880 879/879
f 880/880 813/813 814/814
f 878/878 813/813 879/879
f 812/812 813/813 878/878
f 813/813 812/812 746/746
f 747/747 813/813 746/746
f 751/751 818/818 817/817
f 818/818 751/751 752/752
f 815/815 880/880 814/814
f 880/880 815/815 881/881
f 815/815 882/882 881/881
f 882/882 815/815 816/816
f 961/961 1026/1026 960/960
f 1026/1026 961/961 1027/1027
f 958/958 1023/1023 957/957
f 1023/1023 958/958 1024/1024
f 753/753 818/818 752/752
f 818/818 753/753 819/819
f 689/689 624/624 690/690
f 624/624 689/689 623/623
f 689/689 690/690 756/756
f 755/755 689/689 756/756
f 623/623 689/689 622/622
f 689/689 688/688 622/622
f 885/885 818/818 819/819
f 818/818 885/885 884/884
f 884/884 885/885 950/950
f 885/885 951/951 950/950
f 886/886 885/885 820/820
f 820/820 885/885 819/819
f 885/885 886/886 952/952
f 885/885 952/952 951/951
f 362/362 427/427 361/361
f 427/427 362/362 428/428
f 362/362 361/361 295/295
f 296/296 362/362 295/295
f 362/362 296/296 297/297
f 363/363 362/362 297/297
f 362/362 429/429 428/428
f 362/362 363/363 429/429
f 696/696 631/631 697/697
f 631/631 696/696 630/630
f 696/696 695/695 629/629
f 630/630 696/696 629/629
f 609/609 543/543 544/544
f 610/610 609/609 544/544
f 678/678 611/611 612/612
f 611/611 678/678 677/677
f 676/676 743/743 742/742
f 743/743 676/676 677/677
f 676/676 741/741 675/675
f 741/741 676/676 742/742
f 676/676 611/611 677/677
f 611/611 676/676 610/610
f 676/676 609/609 610/610
f 609/609 676/676 675/675
f 1413/1413 1348/1348 1414/1414
f 1347/1347 1348/1348 1413/1413
f 1283/1283 1348/1348 1282/1282
f 1348/1348 1283/1283 1349/1349
f 1350/1350 1283/1283 1284/1284
f 1283/1283 1350/1350 1349/1349
f 1283/1283 1218/1218 1284/1284
f 1283/1283 1217/1217 1218/1218
f 1217/1217 1283/1283 1216/1216
f 1283/1283 1282/1282 1216/1216
f 282/282 349/349 348/348
f 283/283 349/349 282/282
f 414/414 349/349 415/415
f 349/349 414/414 348/348
f 349/349 283/283 284/284
f 350/350 349/349 284/284
f 349/349 416/416 415/415
f 349/349 350/350 416/416
f 1075/1075 1141/1141 1140/1140
f 1075/1075 1140/1140 1074/1074
f 1075/1075 1074/1074 1008/1008
f 1009/1009 1075/1075 1008/1008
f 1075/1075 1009/1009 1010/1010
f 1076/1076 1075/1075 1010/1010
f 1142/1142 1075/1075 1076/1076
f 1075/1075 1142/1142 1141/1141
f 1209/1209 1142/1142 1143/1143
f 1208/1208 1142/1142 1209/1209
f 1142/1142 1208/1208 1207/1207
f 1141/1141 1142/1142 1207/1207
f 1142/1142 1077/1077 1143/1143
f 1142/1142 1076/1076 1077/1077
f 1272/1272 1206/1206 1207/1207
f 1273/1273 1272/1272 1207/1207
f 1272/1272 1273/1273 1339/1339
f 1338/1338 1272/1272 1339/1339
f 2455/2455 2456/2456 2522/2522
f 2521/2521 2455/2455 2522/2522
f 2455/2455 2389/2389 2390/2390
f 2456/2456 2455/2455 2390/2390
f 1948/1948 1994/1994 1993/1993
f 1948/1948 1949/1949 1994/1994
f 1948/1948 1993/1993 1992/1992
f 1947/1947 1948/1948 1992/1992
f 1994/1994 1950/1950 1995/1995
f 1949/1949 1950/1950 1994/1994
f 2129/2129 2194/2194 2128/2128
f 2194/2194 2129/2129 2195/2195
f 2194/2194 2260/2260 2259/2259
f 2193/2193 2194/2194 2259/2259
f 2194/2194 2193/2193 2127/2127
f 2194/2194 2127/2127 2128/2128
f 2590/2590 2657/2657 2656/2656
f 2591/2591 2657/2657 2590/2590
f 2129/2129 2130/2130 2195/2195
f 2130/2130 2196/2196 2195/2195
f 2194/2194 2261/2261 2260/2260
f 2261/2261 2194/2194 2195/2195
f 2196/2196 2261/2261 2195/2195
f 2261/2261 2196/2196 2262/2262
f 2401/2401 2468/2468 2467/2467
f 2468/2468 2401/2401 2402/2402
f 2927/2927 2862/2862 2928/2928
f 2862/2862 2927/2927 2861/2861
f 2927/2927 2994/2994 2993/2993
f 2927/2927 2928/2928 2994/2994
f 2992/2992 2927/2927 2993/2993
f 2926/2926 2927/2927 2992/2992
f 2061/2061 2062/2062 2127/2127
f 2127/2127 2062/2062 2128/2128
f 2062/2062 2061/2061 2000/2000
f 2001/2001 2062/2062 2000/2000
f 1355/1355 1422/1422 1421/1421
f 1355/1355 1356/1356 1422/1422
f 1356/1356 1355/1355 1290/1290
f 1355/1355 1289/1289 1290/1290
f 1425/1425 1424/1424 1359/1359
f 1424/1424 1358/1358 1359/1359
f 1424/1424 1485/1485 1484/1484
f 1485/1485 1424/1424 1425/1425
f 1358/1358 1424/1424 1357/1357
f 1424/1424 1423/1423 1357/1357
f 1483/1483 1424/1424 1484/1484
f 1423/1423 1424/1424 1483/1483
f 952/952 1018/1018 951/951
f 1018/1018 1017/1017 951/951
f 1281/1281 1348/1348 1347/1347
f 1348/1348 1281/1281 1282/1282
f 1079/1079 1146/1146 1145/1145
f 1080/1080 1146/1146 1079/1079
f 1415/1415 1348/1348 1349/1349
f 1348/1348 1415/1415 1414/1414
f 1415/1415 1474/1474 1414/1414
f 1474/1474 1415/1415 1475/1475
f 1475/1475 1415/1415 1476/1476
f 1415/1415 1416/1416 1476/1476
f 1416/1416 1415/1415 1350/1350
f 1350/1350 1415/1415 1349/1349
f 1350/1350 1285/1285 1351/1351
f 1285/1285 1350/1350 1284/1284
f 1351/1351 1285/1285 1352/1352
f 1285/1285 1286/1286 1352/1352
f 1289/1289 1222/1222 1223/1223
f 1222/1222 1289/1289 1288/1288
f 1287/1287 1222/1222 1288/1288
f 1221/1221 1222/1222 1287/1287
f 1418/1418 1478/1478 1417/1417
f 1478/1478 1477/1477 1417/1417
f 1479/1479 1478/1478 1419/1419
f 1478/1478 1418/1418 1419/1419
f 1477/1477 1478/1478 1531/1531
f 1478/1478 1532/1532 1531/1531
f 1478/1478 1479/1479 1533/1533
f 1532/1532 1478/1478 1533/1533
f 1634/1634 1633/1633 1583/1583
f 1584/1584 1634/1634 1583/1583
f 1633/1633 1634/1634 1681/1681
f 1634/1634 1682/1682 1681/1681
f 1815/1815 1771/1771 1816/1816
f 1816/1816 1771/1771 1772/1772
f 1771/1771 1815/1815 1814/1814
f 1770/1770 1771/1771 1814/1814
f 1986/1986 2046/2046 1985/1985
f 2046/2046 1986/1986 2047/2047
f 2113/2113 2180/2180 2179/2179
f 2180/2180 2113/2113 2114/2114
f 2113/2113 2046/2046 2047/2047
f 2046/2046 2113/2113 2112/2112
f 2051/2051 2052/2052 2118/2118
f 2117/2117 2051/2051 2118/2118
f 2051/2051 2117/2117 2116/2116
f 2050/2050 2051/2051 2116/2116
f 2051/2051 1991/1991 2052/2052
f 1991/1991 2051/2051 1990/1990
f 1947/1947 1991/1991 1946/1946
f 1991/1991 1947/1947 1992/1992
f 2053/2053 1991/1991 1992/1992
f 2052/2052 1991/1991 2053/2053
f 2051/2051 1989/1989 1990/1990
f 1989/1989 2051/2051 2050/2050
f 1989/1989 2049/2049 1988/1988
f 2049/2049 1989/1989 2050/2050
f 1943/1943 1989/1989 1988/1988
f 1944/1944 1989/1989 1943/1943
f 1945/1945 1989/1989 1944/1944
f 1989/1989 1945/1945 1990/1990
f 1946/1946 1945/1945 1904/1904
f 1945/1945 1903/1903 1904/1904
f 1903/1903 1945/1945 1902/1902
f 1945/1945 1944/1944 1902/1902
f 1991/1991 1945/1945 1946/1946
f 1945/1945 1991/1991 1990/1990
f 251/251 184/184 185/185
f 184/184 251/251 250/250
f 250/250 251/251 316/316
f 251/251 317/317 316/316
f 186/186 251/251 185/185
f 251/251 186/186 252/252
f 323/323 388/388 322/322
f 388/388 323/323 389/389
f 1377/1377 1312/1312 1378/1378
f 1311/1311 1312/1312 1377/1377
f 1312/1312 1379/1379 1378/1378
f 1312/1312 1313/1313 1379/1379
f 1183/1183 1249/1249 1182/1182
f 1249/1249 1248/1248 1182/1182
f 1314/1314 1249/1249 1315/1315
f 1248/1248 1249/1249 1314/1314
f 853/853 854/854 920/920
f 853/853 920/920 919/919
f 2130/2130 2197/2197 2196/2196
f 2197/2197 2130/2130 2131/2131
f 2132/2132 2199/2199 2198/2198
f 2199/2199 2132/2132 2133/2133
f 2132/2132 2197/2197 2131/2131
f 2197/2197 2132/2132 2198/2198
f 2275/2275 2274/2274 2209/2209
f 2274/2274 2208/2208 2209/2209
f 2141/2141 2142/2142 2207/2207
f 2142/2142 2208/2208 2207/2207
f 2008/2008 2075/2075 2074/2074
f 2075/2075 2008/2008 2009/2009
f 2075/2075 2010/2010 2076/2076
f 2075/2075 2009/2009 2010/2010
f 2075/2075 2140/2140 2074/2074
f 2140/2140 2075/2075 2141/2141
f 2142/2142 2075/2075 2076/2076
f 2075/2075 2142/2142 2141/2141
f 2268/2268 2333/2333 2267/2267
f 2333/2333 2268/2268 2334/2334
f 2268/2268 2201/2201 2202/2202
f 2201/2201 2268/2268 2267/2267
f 3049/3049 2984/2984 3050/3050
f 3049/3049 2983/2983 2984/2984
f 3116/3116 3049/3049 3050/3050
f 3115/3115 3049/3049 3116/3116
f 2983/2983 3049/3049 2982/2982
f 3049/3049 3048/3048 2982/2982
f 3049/3049 3115/3115 3114/3114
f 3048/3048 3049/3049 3114/3114
f 2647/2647 2712/2712 2646/2646
f 2647/2647 2713/2713 2712/2712
f 2647/2647 2580/2580 2581/2581
f 2580/2580 2647/2647 2646/2646
f 2713/2713 2647/2647 2714/2714
f 2647/2647 2648/2648 2714/2714
f 2582/2582 2647/2647 2581/2581
f 2648/2648 2647/2647 2582/2582
f 2988/2988 2921/2921 2922/2922
f 2921/2921 2988/2988 2987/2987
f 2921/2921 2986/2986 2920/2920
f 2921/2921 2987/2987 2986/2986
f 2921/2921 2920/2920 2854/2854
f 2855/2855 2921/2921 2854/2854
f 2856/2856 2791/2791 2857/2857
f 2791/2791 2856/2856 2790/2790
f 2856/2856 2921/2921 2855/2855
f 2921/2921 2856/2856 2922/2922
f 2856/2856 2923/2923 2922/2922
f 2923/2923 2856/2856 2857/2857
f 2856/2856 2855/2855 2789/2789
f 2856/2856 2789/2789 2790/2790
f 2649/2649 2582/2582 2583/2583
f 2649/2649 2648/2648 2582/2582
f 2852/2852 2919/2919 2918/2918
f 2852/2852 2853/2853 2919/2919
f 3042/3042 3109/3109 3108/3108
f 3109/3109 3042/3042 3043/3043
f 3107/3107 3042/3042 3108/3108
f 3042/3042 3107/3107 3041/3041
f 2977/2977 3042/3042 2976/2976
f 3042/3042 2977/2977 3043/3043
f 3042/3042 3041/3041 2975/2975
f 2976/2976 3042/3042 2975/2975
f 3044/3044 3109/3109 3043/3043
f 3109/3109 3044/3044 3110/3110
f 2974/2974 2909/2909 2975/2975
f 2909/2909 2974/2974 2908/2908
f 3170/3170 3103/3103 3104/3104
f 3170/3170 3169/3169 3103/3103
f 3170/3170 3105/3105 3171/3171
f 3105/3105 3170/3170 3104/3104
f 3169/3169 3170/3170 3235/3235
f 3170/3170 3236/3236 3235/3235
f 3170/3170 3171/3171 3237/3237
f 3236/3236 3170/3170 3237/3237
f 2987/2987 3054/3054 3053/3053
f 2988/2988 3054/3054 2987/2987
f 2858/2858 2791/2791 2792/2792
f 2791/2791 2858/2858 2857/2857
f 2385/2385 2319/2319 2320/2320
f 2386/2386 2385/2385 2320/2320
f 2385/2385 2318/2318 2319/2319
f 2385/2385 2384/2384 2318/2318
f 3314/3314 3248/3248 3315/3315
f 3248/3248 3249/3249 3315/3315
f 3248/3248 3313/3313 3247/3247
f 3313/3313 3248/3248 3314/3314
f 3249/3249 3248/3248 3183/3183
f 3248/3248 3182/3182 3183/3183
f 3248/3248 3247/3247 3181/3181
f 3182/3182 3248/3248 3181/3181
f 2048/2048 2113/2113 2047/2047
f 2113/2113 2048/2048 2114/2114
f 2048/2048 1986/1986 1987/1987
f 1986/1986 2048/2048 2047/2047
f 2048/2048 1987/1987 1988/1988
f 2049/2049 2048/2048 1988/1988
f 2115/2115 2180/2180 2114/2114
f 2180/2180 2115/2115 2181/2181
f 2115/2115 2048/2048 2049/2049
f 2048/2048 2115/2115 2114/2114
f 2182/2182 2115/2115 2116/2116
f 2115/2115 2182/2182 2181/2181
f 2115/2115 2049/2049 2050/2050
f 2115/2115 2050/2050 2116/2116
f 1575/1575 1574/1574 1523/1523
f 1574/1574 1522/1522 1523/1523
f 1574/1574 1625/1625 1624/1624
f 1574/1574 1575/1575 1625/1625
f 1574/1574 1521/1521 1522/1522
f 1574/1574 1573/1573 1521/1521
f 1623/1623 1574/1574 1624/1624
f 1573/1573 1574/1574 1623/1623
f 1410/1410 1409/1409 1343/1343
f 1344/1344 1410/1410 1343/1343
f 1409/1409 1410/1410 1469/1469
f 1410/1410 1470/1470 1469/1469
f 1410/1410 1471/1471 1470/1470
f 1471/1471 1410/1410 1411/1411
f 1471/1471 1526/1526 1525/1525
f 1526/1526 1471/1471 1472/1472
f 1472/1472 1471/1471 1412/1412
f 1471/1471 1411/1411 1412/1412
f 1524/1524 1471/1471 1525/1525
f 1470/1470 1471/1471 1524/1524
f 1766/1766 1811/1811 1810/1810
f 1811/1811 1766/1766 1767/1767
f 1809/1809 1766/1766 1810/1810
f 1766/1766 1809/1809 1765/1765
f 1766/1766 1722/1722 1767/1767
f 1766/1766 1721/1721 1722/1722
f 1720/1720 1766/1766 1765/1765
f 1721/1721 1766/1766 1720/1720
f 1724/1724 1770/1770 1769/1769
f 1770/1770 1724/1724 1725/1725
f 1723/1723 1724/1724 1768/1768
f 1724/1724 1769/1769 1768/1768
f 1676/1676 1724/1724 1723/1723
f 1677/1677 1724/1724 1676/1676
f 1678/1678 1724/1724 1677/1677
f 1724/1724 1678/1678 1725/1725
f 1631/1631 1678/1678 1630/1630
f 1679/1679 1678/1678 1631/1631
f 1678/1678 1677/1677 1629/1629
f 1678/1678 1629/1629 1630/1630
f 1580/1580 1579/1579 1528/1528
f 1579/1579 1527/1527 1528/1528
f 1579/1579 1580/1580 1630/1630
f 1629/1629 1579/1579 1630/1630
f 1527/1527 1579/1579 1526/1526
f 1579/1579 1578/1578 1526/1526
f 1628/1628 1579/1579 1629/1629
f 1578/1578 1579/1579 1628/1628
f 2311/2311 2245/2245 2246/2246
f 2312/2312 2311/2311 2246/2246
f 1932/1932 1931/1931 1890/1890
f 1931/1931 1889/1889 1890/1890
f 1977/1977 1931/1931 1932/1932
f 1931/1931 1977/1977 1976/1976
f 1889/1889 1931/1931 1888/1888
f 1931/1931 1930/1930 1888/1888
f 1931/1931 1976/1976 1975/1975
f 1930/1930 1931/1931 1975/1975
f 2707/2707 2642/2642 2708/2708
f 2642/2642 2707/2707 2641/2641
f 2637/2637 2704/2704 2703/2703
f 2637/2637 2638/2638 2704/2704
f 2371/2371 2438/2438 2437/2437
f 2438/2438 2371/2371 2372/2372
f 2436/2436 2503/2503 2502/2502
f 2503/2503 2436/2436 2437/2437
f 2503/2503 2568/2568 2502/2502
f 2568/2568 2503/2503 2569/2569
f 2438/2438 2503/2503 2437/2437
f 2503/2503 2438/2438 2504/2504
f 2570/2570 2637/2637 2636/2636
f 2637/2637 2570/2570 2571/2571
f 2570/2570 2503/2503 2504/2504
f 2503/2503 2570/2570 2569/2569
f 2570/2570 2636/2636 2635/2635
f 2570/2570 2635/2635 2569/2569
f 2642/2642 2577/2577 2643/2643
f 2577/2577 2642/2642 2576/2576
f 2445/2445 2380/2380 2446/2446
f 2380/2380 2445/2445 2379/2379
f 3028/3028 3027/3027 2961/2961
f 2962/2962 3028/3028 2961/2961
f 2963/2963 2896/2896 2897/2897
f 2896/2896 2963/2963 2962/2962
f 2963/2963 3028/3028 2962/2962
f 3028/3028 2963/2963 3029/3029
f 2963/2963 3030/3030 3029/3029
f 2963/2963 2964/2964 3030/3030
f 2963/2963 2898/2898 2964/2964
f 2898/2898 2963/2963 2897/2897
f 2831/2831 2898/2898 2897/2897
f 2898/2898 2831/2831 2832/2832
f 2899/2899 2898/2898 2833/2833
f 2898/2898 2832/2832 2833/2833
f 2898/2898 2899/2899 2965/2965
f 2964/2964 2898/2898 2965/2965
f 3162/3162 3097/3097 3163/3163
f 3097/3097 3162/3162 3096/3096
f 3163/3163 3097/3097 3164/3164
f 3097/3097 3098/3098 3164/3164
f 3032/3032 2966/2966 3033/3033
f 2966/2966 2967/2967 3033/3033
f 2966/2966 2900/2900 2901/2901
f 2967/2967 2966/2966 2901/2901
f 2900/2900 2966/2966 2899/2899
f 2899/2899 2966/2966 2965/2965
f 2701/2701 2634/2634 2635/2635
f 2634/2634 2701/2701 2700/2700
f 2371/2371 2306/2306 2372/2372
f 2306/2306 2371/2371 2305/2305
f 2042/2042 2108/2108 2107/2107
f 2041/2041 2042/2042 2107/2107
f 2042/2042 1981/1981 1982/1982
f 2042/2042 1982/1982 2043/2043
f 1980/1980 2042/2042 2041/2041
f 1981/1981 2042/2042 1980/1980
f 2039/2039 2104/2104 2038/2038
f 2104/2104 2039/2039 2105/2105
f 2038/2038 2104/2104 2037/2037
f 2104/2104 2103/2103 2037/2037
f 2696/2696 2629/2629 2630/2630
f 2629/2629 2696/2696 2695/2695
f 2367/2367 2433/2433 2366/2366
f 2433/2433 2432/2432 2366/2366
f 2565/2565 2631/2631 2630/2630
f 2564/2564 2565/2565 2630/2630
f 2498/2498 2565/2565 2564/2564
f 2565/2565 2498/2498 2499/2499
f 2498/2498 2433/2433 2499/2499
f 2433/2433 2498/2498 2432/2432
f 2560/2560 2559/2559 2494/2494
f 2559/2559 2493/2493 2494/2494
f 2492/2492 2559/2559 2558/2558
f 2559/2559 2492/2492 2493/2493
f 2559/2559 2560/2560 2626/2626
f 2625/2625 2559/2559 2626/2626
f 2559/2559 2624/2624 2558/2558
f 2559/2559 2625/2625 2624/2624
f 2492/2492 2557/2557 2491/2491
f 2557/2557 2492/2492 2558/2558
f 2490/2490 2425/2425 2491/2491
f 2425/2425 2490/2490 2424/2424
f 2557/2557 2490/2490 2491/2491
f 2490/2490 2557/2557 2556/2556
f 2685/2685 2618/2618 2619/2619
f 2618/2618 2685/2685 2684/2684
f 2685/2685 2750/2750 2684/2684
f 2750/2750 2685/2685 2751/2751
f 2685/2685 2752/2752 2751/2751
f 2752/2752 2685/2685 2686/2686
f 2685/2685 2620/2620 2686/2686
f 2620/2620 2685/2685 2619/2619
f 2620/2620 2619/2619 2553/2553
f 2554/2554 2620/2620 2553/2553
f 2620/2620 2687/2687 2686/2686
f 2687/2687 2620/2620 2621/2621
f 2687/2687 2752/2752 2686/2686
f 2752/2752 2687/2687 2753/2753
f 2687/2687 2688/2688 2754/2754
f 2687/2687 2754/2754 2753/2753
f 2691/2691 2626/2626 2692/2692
f 2691/2691 2625/2625 2626/2626
f 2758/2758 2691/2691 2692/2692
f 2691/2691 2758/2758 2757/2757
f 2625/2625 2691/2691 2624/2624
f 2691/2691 2690/2690 2624/2624
f 2690/2690 2691/2691 2756/2756
f 2756/2756 2691/2691 2757/2757
f 2823/2823 2758/2758 2824/2824
f 2758/2758 2823/2823 2757/2757
f 2823/2823 2822/2822 2756/2756
f 2823/2823 2756/2756 2757/2757
f 2427/2427 2428/2428 2494/2494
f 2493/2493 2427/2427 2494/2494
f 2427/2427 2492/2492 2426/2426
f 2492/2492 2427/2427 2493/2493
f 2427/2427 2362/2362 2428/2428
f 2427/2427 2361/2361 2362/2362
f 2360/2360 2427/2427 2426/2426
f 2361/2361 2427/2427 2360/2360
f 2163/2163 2164/2164 2230/2230
f 2229/2229 2163/2163 2230/2230
f 2098/2098 2163/2163 2097/2097
f 2163/2163 2098/2098 2164/2164
f 2097/2097 2163/2163 2096/2096
f 2163/2163 2162/2162 2096/2096
f 2163/2163 2228/2228 2162/2162
f 2228/2228 2163/2163 2229/2229
f 2227/2227 2228/2228 2293/2293
f 2228/2228 2294/2294 2293/2293
f 2228/2228 2229/2229 2295/2295
f 2294/2294 2228/2228 2295/2295
f 2161/2161 2228/2228 2227/2227
f 2162/2162 2228/2228 2161/2161
f 2354/2354 2289/2289 2355/2355
f 2289/2289 2354/2354 2288/2288
f 2354/2354 2353/2353 2287/2287
f 2288/2288 2354/2354 2287/2287
f 2280/2280 2215/2215 2281/2281
f 2215/2215 2280/2280 2214/2214
f 2343/2343 2277/2277 2344/2344
f 2344/2344 2277/2277 2278/2278
f 2210/2210 2277/2277 2276/2276
f 2211/2211 2277/2277 2210/2210
f 2212/2212 2277/2277 2211/2211
f 2277/2277 2212/2212 2278/2278
f 2146/2146 2212/2212 2145/2145
f 2212/2212 2211/2211 2145/2145
f 2025/2025 2090/2090 2024/2024
f 2090/2090 2025/2025 2091/2091
f 2025/2025 1963/1963 1964/1964
f 1963/1963 2025/2025 2024/2024
f 2025/2025 2092/2092 2091/2091
f 2025/2025 2026/2026 2092/2092
f 2026/2026 2025/2025 1965/1965
f 1965/1965 2025/2025 1964/1964
f 1921/1921 1966/1966 1965/1965
f 1921/1921 1965/1965 1920/1920
f 1921/1921 1878/1878 1879/1879
f 1878/1878 1921/1921 1920/1920
f 1921/1921 1879/1879 1880/1880
f 1922/1922 1921/1921 1880/1880
f 1967/1967 1921/1921 1922/1922
f 1921/1921 1967/1967 1966/1966
f 2029/2029 1967/1967 1968/1968
f 1967/1967 2029/2029 2028/2028
f 1967/1967 2028/2028 2027/2027
f 1966/1966 1967/1967 2027/2027
f 1967/1967 1923/1923 1968/1968
f 1967/1967 1922/1922 1923/1923
f 2285/2285 2350/2350 2284/2284
f 2350/2350 2285/2285 2351/2351
f 2351/2351 2285/2285 2352/2352
f 2285/2285 2286/2286 2352/2352
f 2154/2154 2221/2221 2220/2220
f 2221/2221 2154/2154 2155/2155
f 2019/2019 2086/2086 2085/2085
f 2086/2086 2019/2019 2020/2020
f 2086/2086 2152/2152 2151/2151
f 2085/2085 2086/2086 2151/2151
f 2086/2086 2020/2020 2021/2021
f 2087/2087 2086/2086 2021/2021
f 2483/2483 2416/2416 2417/2417
f 2482/2482 2416/2416 2483/2483
f 2416/2416 2351/2351 2417/2417
f 2416/2416 2350/2350 2351/2351
f 2416/2416 2482/2482 2481/2481
f 2415/2415 2416/2416 2481/2481
f 2350/2350 2416/2416 2349/2349
f 2416/2416 2415/2415 2349/2349
f 2479/2479 2478/2478 2412/2412
f 2413/2413 2479/2479 2412/2412
f 1913/1913 1912/1912 1870/1870
f 1871/1871 1913/1913 1870/1870
f 1913/1913 1957/1957 1912/1912
f 1957/1957 1913/1913 1958/1958
f 1914/1914 1913/1913 1872/1872
f 1913/1913 1871/1871 1872/1872
f 1958/1958 1913/1913 1959/1959
f 1913/1913 1914/1914 1959/1959
f 1962/1962 2024/2024 2023/2023
f 1962/1962 1963/1963 2024/2024
f 1961/1961 1962/1962 2022/2022
f 2022/2022 1962/1962 2023/2023
f 2147/2147 2212/2212 2146/2146
f 2212/2212 2147/2147 2213/2213
f 2147/2147 2148/2148 2214/2214
f 2147/2147 2214/2214 2213/2213
f 2812/2812 2745/2745 2746/2746
f 2745/2745 2812/2812 2811/2811
f 2812/2812 2746/2746 2747/2747
f 2813/2813 2812/2812 2747/2747
f 2614/2614 2615/2615 2681/2681
f 2614/2614 2681/2681 2680/2680
f 2615/2615 2614/2614 2549/2549
f 2614/2614 2548/2548 2549/2549
f 2548/2548 2547/2547 2482/2482
f 2482/2482 2547/2547 2481/2481
f 2876/2876 2810/2810 2877/2877
f 2877/2877 2810/2810 2811/2811
f 2807/2807 2808/2808 2873/2873
f 2808/2808 2874/2874 2873/2873
f 2808/2808 2807/2807 2741/2741
f 2742/2742 2808/2808 2741/2741
f 2862/2862 2797/2797 2863/2863
f 2797/2797 2862/2862 2796/2796
f 2797/2797 2798/2798 2864/2864
f 2797/2797 2864/2864 2863/2863
f 2734/2734 2733/2733 2668/2668
f 2733/2733 2667/2667 2668/2668
f 2868/2868 2935/2935 2934/2934
f 2935/2935 2868/2868 2869/2869
f 2868/2868 2934/2934 2933/2933
f 2867/2867 2868/2868 2933/2933
f 2865/2865 2866/2866 2931/2931
f 2866/2866 2932/2932 2931/2931
f 2866/2866 2867/2867 2933/2933
f 2932/2932 2866/2866 2933/2933
f 2468/2468 2535/2535 2534/2534
f 2535/2535 2468/2468 2469/2469
f 2606/2606 2539/2539 2540/2540
f 2539/2539 2606/2606 2605/2605
f 2604/2604 2539/2539 2605/2605
f 2538/2538 2539/2539 2604/2604
f 2472/2472 2539/2539 2538/2538
f 2539/2539 2472/2472 2473/2473
f 2472/2472 2537/2537 2471/2471
f 2537/2537 2472/2472 2538/2538
f 2342/2342 2277/2277 2343/2343
f 2277/2277 2342/2342 2276/2276
f 2342/2342 2343/2343 2409/2409
f 2408/2408 2342/2342 2409/2409
f 2474/2474 2539/2539 2473/2473
f 2539/2539 2474/2474 2540/2540
f 2474/2474 2541/2541 2540/2540
f 2474/2474 2475/2475 2541/2541
f 2475/2475 2474/2474 2409/2409
f 2474/2474 2408/2408 2409/2409
f 2537/2537 2470/2470 2471/2471
f 2470/2470 2537/2537 2536/2536
f 2470/2470 2535/2535 2469/2469
f 2535/2535 2470/2470 2536/2536
f 3321/3321 3255/3255 3322/3322
f 3322/3322 3255/3255 3256/3256
f 3255/3255 3190/3190 3256/3256
f 3255/3255 3189/3189 3190/3190
f 3056/3056 3057/3057 3123/3123
f 3056/3056 3123/3123 3122/3122
f 3056/3056 2990/2990 2991/2991
f 3057/3057 3056/3056 2991/2991
f 1788/1788 1743/1743 1744/1744
f 1743/1743 1788/1788 1787/1787
f 1743/1743 1787/1787 1786/1786
f 1742/1742 1743/1743 1786/1786
f 1200/1200 1265/1265 1199/1199
f 1265/1265 1200/1200 1266/1266
f 1332/1332 1265/1265 1266/1266
f 1265/1265 1332/1332 1331/1331
f 1330/1330 1265/1265 1331/1331
f 1264/1264 1265/1265 1330/1330
f 1327/1327 1328/1328 1393/1393
f 1328/1328 1394/1394 1393/1393
f 1395/1395 1454/1454 1394/1394
f 1454/1454 1395/1395 1455/1455
f 1456/1456 1395/1395 1396/1396
f 1455/1455 1395/1395 1456/1456
f 1328/1328 1395/1395 1394/1394
f 1395/1395 1328/1328 1329/1329
f 1395/1395 1330/1330 1396/1396
f 1395/1395 1329/1329 1330/1330
f 1915/1915 1960/1960 1959/1959
f 1914/1914 1915/1915 1959/1959
f 1602/1602 1651/1651 1650/1650
f 1603/1603 1651/1651 1602/1602
f 1652/1652 1651/1651 1604/1604
f 1651/1651 1603/1603 1604/1604
f 1198/1198 1265/1265 1264/1264
f 1265/1265 1198/1198 1199/1199
f 1129/1129 1062/1062 1063/1063
f 1062/1062 1129/1129 1128/1128
f 1129/1129 1130/1130 1196/1196
f 1195/1195 1129/1129 1196/1196
f 1129/1129 1063/1063 1064/1064
f 1130/1130 1129/1129 1064/1064
f 1657/1657 1608/1608 1609/1609
f 1608/1608 1657/1657 1656/1656
f 1655/1655 1608/1608 1656/1656
f 1607/1607 1608/1608 1655/1655
f 1193/1193 1258/1258 1192/1192
f 1258/1258 1193/1193 1259/1259
f 1126/1126 1193/1193 1192/1192
f 1193/1193 1126/1126 1127/1127
f 1126/1126 1060/1060 1061/1061
f 1127/1127 1126/1126 1061/1061
f 1060/1060 1126/1126 1059/1059
f 1126/1126 1125/1125 1059/1059
f 1124/1124 1058/1058 1059/1059
f 1125/1125 1124/1124 1059/1059
f 859/859 792/792 793/793
f 859/859 858/858 792/792
f 794/794 859/859 793/793
f 860/860 859/859 794/794
f 861/861 796/796 862/862
f 796/796 861/861 795/795
f 861/861 794/794 795/795
f 861/861 860/860 794/794
f 991/991 1056/1056 990/990
f 1056/1056 991/991 1057/1057
f 991/991 992/992 1058/1058
f 991/991 1058/1058 1057/1057
f 1254/1254 1319/1319 1253/1253
f 1319/1319 1254/1254 1320/1320
f 1445/1445 1498/1498 1444/1444
f 1498/1498 1445/1445 1499/1499
f 1384/1384 1445/1445 1444/1444
f 1385/1385 1445/1445 1384/1384
f 1388/1388 1322/1322 1323/1323
f 1389/1389 1388/1388 1323/1323
f 1254/1254 1321/1321 1320/1320
f 1321/1321 1254/1254 1255/1255
f 1388/1388 1321/1321 1322/1322
f 1321/1321 1388/1388 1387/1387
f 1386/1386 1445/1445 1385/1385
f 1445/1445 1386/1386 1446/1446
f 1386/1386 1321/1321 1387/1387
f 1321/1321 1386/1386 1320/1320
f 1386/1386 1319/1319 1320/1320
f 1319/1319 1386/1386 1385/1385
f 1550/1550 1599/1599 1549/1549
f 1599/1599 1550/1550 1600/1600
f 1497/1497 1550/1550 1549/1549
f 1498/1498 1550/1550 1497/1497
f 1500/1500 1445/1445 1446/1446
f 1445/1445 1500/1500 1499/1499
f 1500/1500 1501/1501 1553/1553
f 1552/1552 1500/1500 1553/1553
f 1241/1241 1308/1308 1307/1307
f 1308/1308 1241/1241 1242/1242
f 1308/1308 1373/1373 1307/1307
f 1373/1373 1308/1308 1374/1374
f 1309/1309 1308/1308 1243/1243
f 1243/1243 1308/1308 1242/1242
f 1177/1177 1244/1244 1243/1243
f 1244/1244 1177/1177 1178/1178
f 1177/1177 1111/1111 1112/1112
f 1177/1177 1112/1112 1178/1178
f 2139/2139 2073/2073 2074/2074
f 2140/2140 2139/2139 2074/2074
f 1546/1546 1596/1596 1545/1545
f 1596/1596 1595/1595 1545/1545
f 1596/1596 1547/1547 1597/1597
f 1596/1596 1546/1546 1547/1547
f 1595/1595 1596/1596 1643/1643
f 1596/1596 1644/1644 1643/1643
f 1645/1645 1596/1596 1597/1597
f 1644/1644 1596/1596 1645/1645
f 1689/1689 1641/1641 1642/1642
f 1641/1641 1689/1689 1688/1688
f 1540/1540 1539/1539 1488/1488
f 1539/1539 1487/1487 1488/1488
f 1641/1641 1687/1687 1640/1640
f 1687/1687 1641/1641 1688/1688
f 1436/1436 1437/1437 1491/1491
f 1490/1490 1436/1436 1491/1491
f 1565/1565 1614/1614 1564/1564
f 1615/1615 1614/1614 1565/1565
f 1564/1564 1614/1614 1563/1563
f 1614/1614 1613/1613 1563/1563
f 1613/1613 1614/1614 1661/1661
f 1614/1614 1662/1662 1661/1661
f 1614/1614 1663/1663 1662/1662
f 1663/1663 1614/1614 1615/1615
f 1663/1663 1711/1711 1710/1710
f 1663/1663 1664/1664 1711/1711
f 1664/1664 1663/1663 1616/1616
f 1663/1663 1615/1615 1616/1616
f 1709/1709 1663/1663 1710/1710
f 1662/1662 1663/1663 1709/1709
f 1506/1506 1452/1452 1453/1453
f 1506/1506 1453/1453 1507/1507
f 1506/1506 1505/1505 1451/1451
f 1452/1452 1506/1506 1451/1451
f 207/207 273/273 206/206
f 273/273 272/272 206/206
f 273/273 208/208 274/274
f 208/208 273/273 207/207
f 272/272 273/273 338/338
f 273/273 339/339 338/338
f 340/340 273/273 274/274
f 339/339 273/273 340/340
f 539/539 540/540 605/605
f 540/540 606/606 605/605
f 933/933 868/868 934/934
f 868/868 933/933 867/867
f 997/997 998/998 1063/1063
f 1063/1063 998/998 1064/1064
f 998/998 1065/1065 1064/1064
f 998/998 999/999 1065/1065
f 1000/1000 935/935 1001/1001
f 1000/1000 934/934 935/935
f 1067/1067 1000/1000 1001/1001
f 1066/1066 1000/1000 1067/1067
f 1000/1000 933/933 934/934
f 933/933 1000/1000 999/999
f 999/999 1000/1000 1065/1065
f 1000/1000 1066/1066 1065/1065
f 668/668 669/669 734/734
f 669/669 735/735 734/734
f 669/669 670/670 736/736
f 735/735 669/669 736/736
f 912/912 978/978 977/977
f 911/911 912/912 977/977
f 912/912 979/979 978/978
f 912/912 913/913 979/979
f 843/843 909/909 842/842
f 909/909 908/908 842/842
f 974/974 909/909 975/975
f 909/909 974/974 908/908
f 513/513 579/579 512/512
f 579/579 578/578 512/512
f 644/644 579/579 645/645
f 578/578 579/579 644/644
f 514/514 449/449 515/515
f 449/449 514/514 448/448
f 514/514 579/579 513/513
f 579/579 514/514 580/580
f 514/514 513/513 447/447
f 448/448 514/514 447/447
f 646/646 579/579 580/580
f 579/579 646/646 645/645
f 646/646 711/711 645/645
f 711/711 646/646 712/712
f 712/712 646/646 713/713
f 646/646 647/647 713/713
f 646/646 581/581 647/647
f 581/581 646/646 580/580
f 516/516 581/581 515/515
f 581/581 516/516 582/582
f 648/648 581/581 582/582
f 647/647 581/581 648/648
f 514/514 581/581 580/580
f 581/581 514/514 515/515
f 318/318 251/251 252/252
f 251/251 318/318 317/317
f 317/317 318/318 383/383
f 318/318 384/384 383/383
f 385/385 318/318 319/319
f 384/384 318/318 385/385
f 716/716 650/650 717/717
f 650/650 651/651 717/717
f 323/323 390/390 389/389
f 390/390 323/323 324/324
f 390/390 391/391 457/457
f 390/390 457/457 456/456
f 651/651 718/718 717/717
f 718/718 651/651 652/652
f 783/783 718/718 784/784
f 718/718 783/783 717/717
f 653/653 718/718 652/652
f 719/719 718/718 653/653
f 784/784 718/718 785/785
f 718/718 719/719 785/785
f 455/455 390/390 456/456
f 390/390 455/455 389/389
f 455/455 388/388 389/389
f 388/388 455/455 454/454
f 455/455 521/521 520/520
f 455/455 520/520 454/454
f 455/455 522/522 521/521
f 522/522 455/455 456/456
f 323/323 256/256 257/257
f 256/256 323/323 322/322
f 256/256 191/191 257/257
f 256/256 190/190 191/191
f 259/259 192/192 193/193
f 192/192 259/259 258/258
f 257/257 192/192 258/258
f 191/191 192/192 257/257
f 126/126 192/192 125/125
f 192/192 191/191 125/125
f 192/192 126/126 127/127
f 193/193 192/192 127/127
f 262/262 328/328 327/327
f 261/261 262/262 327/327
f 328/328 262/262 329/329
f 262/262 263/263 329/329
f 196/196 262/262 195/195
f 262/262 261/261 195/195
f 263/263 262/262 197/197
f 262/262 196/196 197/197
f 525/525 590/590 524/524
f 590/590 525/525 591/591
f 590/590 523/523 524/524
f 523/523 590/590 589/589
f 523/523 458/458 524/524
f 523/523 457/457 458/458
f 523/523 589/589 588/588
f 522/522 523/523 588/588
f 523/523 522/522 456/456
f 457/457 523/523 456/456
f 398/398 397/397 331/331
f 332/332 398/398 331/331
f 333/333 398/398 332/332
f 398/398 333/333 399/399
f 397/397 398/398 463/463
f 398/398 464/464 463/463
f 398/398 399/399 465/465
f 464/464 398/398 465/465
f 467/467 532/532 466/466
f 532/532 467/467 533/533
f 599/599 532/532 533/533
f 598/598 532/532 599/599
f 662/662 597/597 663/663
f 596/596 597/597 662/662
f 597/597 664/664 663/663
f 597/597 598/598 664/664
f 399/399 334/334 400/400
f 333/333 334/334 399/399
f 3150/3150 3217/3217 3216/3216
f 3217/3217 3150/3150 3151/3151
f 3216/3216 3217/3217 3282/3282
f 3217/3217 3283/3283 3282/3282
f 3086/3086 3087/3087 3152/3152
f 3152/3152 3087/3087 3153/3153
f 3154/3154 3087/3087 3088/3088
f 3087/3087 3154/3154 3153/3153
f 3021/3021 3087/3087 3020/3020
f 3020/3020 3087/3087 3086/3086
f 3087/3087 3022/3022 3088/3088
f 3022/3022 3087/3087 3021/3021
f 2952/2952 2953/2953 3018/3018
f 2953/2953 3019/3019 3018/3018
f 3064/3064 2998/2998 3065/3065
f 2998/2998 2999/2999 3065/3065
f 2999/2999 2998/2998 2933/2933
f 2998/2998 2932/2932 2933/2933
f 2932/2932 2998/2998 2931/2931
f 2998/2998 2997/2997 2931/2931
f 3128/3128 3063/3063 3129/3129
f 3063/3063 3128/3128 3062/3062
f 2998/2998 3063/3063 2997/2997
f 3063/3063 2998/2998 3064/3064
f 3063/3063 3064/3064 3130/3130
f 3129/3129 3063/3063 3130/3130
f 2996/2996 3063/3063 3062/3062
f 3063/3063 2996/2996 2997/2997
f 3008/3008 2941/2941 2942/2942
f 2941/2941 3008/3008 3007/3007
f 3006/3006 2941/2941 3007/3007
f 2940/2940 2941/2941 3006/3006
f 1918/1918 1919/1919 1964/1964
f 1963/1963 1918/1918 1964/1964
f 1877/1877 1836/1836 1878/1878
f 1836/1836 1877/1877 1835/1835
f 1918/1918 1877/1877 1919/1919
f 1877/1877 1918/1918 1876/1876
f 1877/1877 1878/1878 1920/1920
f 1919/1919 1877/1877 1920/1920
f 244/244 311/311 310/310
f 311/311 244/244 245/245
f 311/311 246/246 312/312
f 311/311 245/245 246/246
f 311/311 376/376 310/310
f 311/311 377/377 376/376
f 378/378 311/311 312/312
f 377/377 311/311 378/378
f 701/701 634/634 635/635
f 634/634 701/701 700/700
f 701/701 766/766 700/700
f 701/701 767/767 766/766
f 767/767 701/701 768/768
f 701/701 702/702 768/768
f 701/701 636/636 702/702
f 636/636 701/701 635/635
f 636/636 570/570 571/571
f 637/637 636/636 571/571
f 570/570 636/636 569/569
f 636/636 635/635 569/569
f 703/703 636/636 637/637
f 702/702 636/636 703/703
f 841/841 775/775 842/842
f 775/775 776/776 842/842
f 775/775 709/709 710/710
f 776/776 775/775 710/710
f 907/907 840/840 841/841
f 840/840 907/907 906/906
f 840/840 775/775 841/841
f 775/775 840/840 774/774
f 708/708 775/775 774/774
f 775/775 708/708 709/709
f 709/709 708/708 643/643
f 708/708 642/642 643/643
f 707/707 708/708 773/773
f 708/708 774/774 773/773
f 642/642 708/708 641/641
f 708/708 707/707 641/641
f 838/838 903/903 837/837
f 903/903 838/838 904/904
f 771/771 838/838 837/837
f 772/772 838/838 771/771
f 1373/1373 1432/1432 1372/1372
f 1432/1432 1373/1373 1433/1433
f 1432/1432 1433/1433 1487/1487
f 1432/1432 1487/1487 1486/1486
f 1432/1432 1371/1371 1372/1372
f 1371/1371 1432/1432 1431/1431
f 1108/1108 1043/1043 1109/1109
f 1043/1043 1108/1108 1042/1042
f 1302/1302 1237/1237 1303/1303
f 1237/1237 1302/1302 1236/1236
f 1168/1168 1234/1234 1167/1167
f 1167/1167 1234/1234 1233/1233
f 1234/1234 1168/1168 1169/1169
f 1235/1235 1234/1234 1169/1169
f 1300/1300 1235/1235 1301/1301
f 1300/1300 1234/1234 1235/1235
f 1302/1302 1367/1367 1301/1301
f 1367/1367 1302/1302 1368/1368
f 1300/1300 1367/1367 1366/1366
f 1367/1367 1300/1300 1301/1301
f 1232/1232 1298/1298 1297/1297
f 1231/1231 1232/1232 1297/1297
f 167/167 232/232 166/166
f 167/167 233/233 232/232
f 100/100 167/167 166/166
f 101/101 167/167 100/100
f 167/167 101/101 102/102
f 168/168 167/167 102/102
f 234/234 167/167 168/168
f 167/167 234/234 233/233
f 234/234 301/301 300/300
f 301/301 234/234 235/235
f 234/234 300/300 299/299
f 233/233 234/234 299/299
f 234/234 168/168 169/169
f 234/234 169/169 235/235
f 624/624 557/557 558/558
f 557/557 624/624 623/623
f 557/557 492/492 558/558
f 557/557 491/491 492/492
f 748/748 813/813 747/747
f 813/813 748/748 814/814
f 748/748 815/815 814/814
f 815/815 748/748 749/749
f 748/748 682/682 683/683
f 749/749 748/748 683/683
f 748/748 747/747 681/681
f 682/682 748/748 681/681
f 484/484 549/549 483/483
f 549/549 484/484 550/550
f 549/549 482/482 483/483
f 482/482 549/549 548/548
f 615/615 549/549 616/616
f 616/616 549/549 550/550
f 549/549 614/614 548/548
f 549/549 615/615 614/614
f 486/486 553/553 552/552
f 553/553 486/486 487/487
f 487/487 486/486 421/421
f 486/486 420/420 421/421
f 420/420 486/486 419/419
f 486/486 485/485 419/419
f 486/486 551/551 485/485
f 551/551 486/486 552/552
f 551/551 617/617 616/616
f 551/551 616/616 550/550
f 551/551 552/552 618/618
f 617/617 551/551 618/618
f 485/485 551/551 484/484
f 484/484 551/551 550/550
f 685/685 619/619 620/620
f 685/685 620/620 686/686
f 751/751 685/685 752/752
f 752/752 685/685 686/686
f 962/962 896/896 897/897
f 962/962 897/897 963/963
f 962/962 1029/1029 1028/1028
f 1029/1029 962/962 963/963
f 1027/1027 962/962 1028/1028
f 961/961 962/962 1027/1027
f 895/895 962/962 961/961
f 962/962 895/895 896/896
f 895/895 894/894 828/828
f 829/829 895/895 828/828
f 895/895 829/829 830/830
f 896/896 895/895 830/830
f 895/895 960/960 894/894
f 895/895 961/961 960/960
f 1021/1021 954/954 955/955
f 1021/1021 1020/1020 954/954
f 1020/1020 1021/1021 1086/1086
f 1021/1021 1087/1087 1086/1086
f 688/688 687/687 622/622
f 687/687 621/621 622/622
f 621/621 687/687 620/620
f 620/620 687/687 686/686
f 687/687 752/752 686/686
f 687/687 753/753 752/752
f 689/689 754/754 688/688
f 754/754 689/689 755/755
f 687/687 754/754 753/753
f 754/754 687/687 688/688
f 821/821 754/754 755/755
f 754/754 821/821 820/820
f 753/753 754/754 819/819
f 754/754 820/820 819/819
f 829/829 762/762 763/763
f 762/762 829/829 828/828
f 763/763 762/762 697/697
f 762/762 696/696 697/697
f 546/546 545/545 480/480
f 545/545 479/479 480/480
f 545/545 546/546 612/612
f 611/611 545/545 612/612
f 545/545 610/610 544/544
f 545/545 611/611 610/610
f 478/478 545/545 544/544
f 545/545 478/478 479/479
f 478/478 412/412 413/413
f 479/479 478/478 413/413
f 412/412 478/478 411/411
f 478/478 477/477 411/411
f 543/543 478/478 544/544
f 477/477 478/478 543/543
f 1270/1270 1271/1271 1336/1336
f 1271/1271 1337/1337 1336/1336
f 1271/1271 1270/1270 1204/1204
f 1205/1205 1271/1271 1204/1204
f 1337/1337 1271/1271 1338/1338
f 1271/1271 1272/1272 1338/1338
f 1271/1271 1205/1205 1206/1206
f 1272/1272 1271/1271 1206/1206
f 2454/2454 2519/2519 2453/2453
f 2454/2454 2520/2520 2519/2519
f 2388/2388 2454/2454 2387/2387
f 2387/2387 2454/2454 2453/2453
f 2454/2454 2455/2455 2521/2521
f 2520/2520 2454/2454 2521/2521
f 2389/2389 2454/2454 2388/2388
f 2455/2455 2454/2454 2389/2389
f 2723/2723 2788/2788 2722/2722
f 2723/2723 2789/2789 2788/2788
f 2656/2656 2723/2723 2722/2722
f 2657/2657 2723/2723 2656/2656
f 2658/2658 2591/2591 2592/2592
f 2658/2658 2657/2657 2591/2591
f 2523/2523 2524/2524 2589/2589
f 2524/2524 2590/2590 2589/2589
f 2457/2457 2524/2524 2523/2523
f 2458/2458 2524/2524 2457/2457
f 2325/2325 2258/2258 2259/2259
f 2258/2258 2325/2325 2324/2324
f 2263/2263 2197/2197 2198/2198
f 2263/2263 2198/2198 2264/2264
f 2196/2196 2263/2263 2262/2262
f 2197/2197 2263/2263 2196/2196
f 2400/2400 2466/2466 2465/2465
f 2399/2399 2400/2400 2465/2465
f 2400/2400 2333/2333 2334/2334
f 2333/2333 2400/2400 2399/2399
f 2466/2466 2400/2400 2467/2467
f 2400/2400 2401/2401 2467/2467
f 2063/2063 2129/2129 2128/2128
f 2062/2062 2063/2063 2128/2128
f 2063/2063 2062/2062 2001/2001
f 2002/2002 2063/2063 2001/2001
f 1354/1354 1420/1420 1419/1419
f 1353/1353 1354/1354 1419/1419
f 1354/1354 1353/1353 1287/1287
f 1354/1354 1287/1287 1288/1288
f 1420/1420 1354/1354 1421/1421
f 1354/1354 1355/1355 1421/1421
f 1289/1289 1354/1354 1288/1288
f 1355/1355 1354/1354 1289/1289
f 1019/1019 1020/1020 1086/1086
f 1085/1085 1019/1019 1086/1086
f 954/954 1019/1019 953/953
f 1020/1020 1019/1019 954/954
f 1019/1019 952/952 953/953
f 1019/1019 1018/1018 952/952
f 1019/1019 1084/1084 1018/1018
f 1084/1084 1019/1019 1085/1085
f 1018/1018 1084/1084 1017/1017
f 1017/1017 1084/1084 1083/1083
f 1151/1151 1084/1084 1085/1085
f 1084/1084 1151/1151 1150/1150
f 1151/1151 1152/1152 1218/1218
f 1217/1217 1151/1151 1218/1218
f 1151/1151 1085/1085 1086/1086
f 1152/1152 1151/1151 1086/1086
f 1151/1151 1217/1217 1216/1216
f 1150/1150 1151/1151 1216/1216
f 1016/1016 1015/1015 949/949
f 1016/1016 949/949 950/950
f 951/951 1016/1016 950/950
f 1017/1017 1016/1016 951/951
f 1015/1015 1016/1016 1081/1081
f 1016/1016 1082/1082 1081/1081
f 1016/1016 1017/1017 1083/1083
f 1082/1082 1016/1016 1083/1083
f 1282/1282 1215/1215 1216/1216
f 1281/1281 1215/1215 1282/1282
f 1410/1410 1345/1345 1411/1411
f 1345/1345 1410/1410 1344/1344
f 1218/1218 1219/1219 1284/1284
f 1219/1219 1285/1285 1284/1284
f 1635/1635 1636/1636 1684/1684
f 1683/1683 1635/1635 1684/1684
f 1586/1586 1635/1635 1585/1585
f 1635/1635 1586/1586 1636/1636
f 1682/1682 1635/1635 1683/1683
f 1634/1634 1635/1635 1682/1682
f 1635/1635 1584/1584 1585/1585
f 1635/1635 1634/1634 1584/1584
f 1726/1726 1678/1678 1679/1679
f 1678/1678 1726/1726 1725/1725
f 1726/1726 1680/1680 1727/1727
f 1726/1726 1679/1679 1680/1680
f 1726/1726 1771/1771 1770/1770
f 1726/1726 1770/1770 1725/1725
f 1726/1726 1727/1727 1772/1772
f 1771/1771 1726/1726 1772/1772
f 119/119 120/120 185/185
f 120/120 186/186 185/185
f 120/120 187/187 186/186
f 187/187 120/120 121/121
f 453/453 518/518 452/452
f 453/453 519/519 518/518
f 519/519 453/453 520/520
f 520/520 453/453 454/454
f 1313/1313 1246/1246 1247/1247
f 1312/1312 1246/1246 1313/1313
f 1249/1249 1316/1316 1315/1315
f 1316/1316 1249/1249 1250/1250
f 1381/1381 1316/1316 1382/1382
f 1316/1316 1381/1381 1315/1315
f 1382/1382 1316/1316 1383/1383
f 1316/1316 1317/1317 1383/1383
f 1316/1316 1251/1251 1317/1317
f 1251/1251 1316/1316 1250/1250
f 786/786 719/719 720/720
f 719/719 786/786 785/785
f 2398/2398 2332/2332 2399/2399
f 2332/2332 2333/2333 2399/2399
f 2133/2133 2067/2067 2134/2134
f 2067/2067 2068/2068 2134/2134
f 2132/2132 2067/2067 2133/2133
f 2067/2067 2132/2132 2066/2066
f 2068/2068 2067/2067 8/8
f 2067/2067 56/56 8/8
f 2274/2274 2273/2273 2208/2208
f 2208/2208 2273/2273 2207/2207
f 2208/2208 2143/2143 2209/2209
f 2142/2142 2143/2143 2208/2208
f 2271/2271 2206/2206 2272/2272
f 2206/2206 2271/2271 2205/2205
f 2273/2273 2206/2206 2207/2207
f 2206/2206 2273/2273 2272/2272
f 2206/2206 2141/2141 2207/2207
f 2206/2206 2140/2140 2141/2141
f 2206/2206 2139/2139 2140/2140
f 2139/2139 2206/2206 2205/2205
f 2200/2200 2199/2199 2133/2133
f 2200/2200 2133/2133 2134/2134
f 2068/2068 2135/2135 2134/2134
f 2069/2069 2135/2135 2068/2068
f 2135/2135 2200/2200 2134/2134
f 2200/2200 2135/2135 2201/2201
f 2648/2648 2715/2715 2714/2714
f 2649/2649 2715/2715 2648/2648
f 2714/2714 2715/2715 2780/2780
f 2715/2715 2781/2781 2780/2780
f 2588/2588 2587/2587 2522/2522
f 2587/2587 2521/2521 2522/2522
f 2979/2979 2914/2914 2980/2980
f 2914/2914 2979/2979 2913/2913
f 3107/3107 3040/3040 3041/3041
f 3040/3040 3107/3107 3106/3106
f 3041/3041 3040/3040 2975/2975
f 3040/3040 2974/2974 2975/2975
f 2907/2907 2973/2973 2906/2906
f 2973/2973 2972/2972 2906/2906
f 2973/2973 2907/2907 2908/2908
f 2974/2974 2973/2973 2908/2908
f 2923/2923 2924/2924 2989/2989
f 2924/2924 2990/2990 2989/2989
f 2924/2924 2923/2923 2857/2857
f 2858/2858 2924/2924 2857/2857
f 2927/2927 2860/2860 2861/2861
f 2860/2860 2927/2927 2926/2926
f 2530/2530 2464/2464 2465/2465
f 2531/2531 2530/2530 2465/2465
f 2530/2530 2596/2596 2595/2595
f 2529/2529 2530/2530 2595/2595
f 2530/2530 2531/2531 2597/2597
f 2596/2596 2530/2530 2597/2597
f 2451/2451 2452/2452 2518/2518
f 2451/2451 2518/2518 2517/2517
f 2451/2451 2516/2516 2450/2450
f 2451/2451 2517/2517 2516/2516
f 2452/2452 2451/2451 2386/2386
f 2451/2451 2385/2385 2386/2386
f 2384/2384 2451/2451 2450/2450
f 2385/2385 2451/2451 2384/2384
f 2113/2113 2178/2178 2112/2112
f 2178/2178 2113/2113 2179/2179
f 2773/2773 2840/2840 2839/2839
f 2773/2773 2774/2774 2840/2840
f 2773/2773 2708/2708 2774/2774
f 2773/2773 2707/2707 2708/2708
f 2513/2513 2512/2512 2447/2447
f 2447/2447 2512/2512 2446/2446
f 2512/2512 2445/2445 2446/2446
f 2445/2445 2512/2512 2511/2511
f 3094/3094 3160/3160 3159/3159
f 3093/3093 3094/3094 3159/3159
f 3094/3094 3095/3095 3161/3161
f 3160/3160 3094/3094 3161/3161
f 3027/3027 3094/3094 3093/3093
f 3028/3028 3094/3094 3027/3027
f 3095/3095 3094/3094 3029/3029
f 3094/3094 3028/3028 3029/3029
f 2966/2966 3031/3031 2965/2965
f 3031/3031 2966/2966 3032/3032
f 2964/2964 3031/3031 3030/3030
f 3031/3031 2964/2964 2965/2965
f 3031/3031 3032/3032 3098/3098
f 3097/3097 3031/3031 3098/3098
f 3030/3030 3031/3031 3096/3096
f 3031/3031 3097/3097 3096/3096
f 2832/2832 2767/2767 2833/2833
f 2766/2766 2767/2767 2832/2832
f 2767/2767 2766/2766 2700/2700
f 2701/2701 2767/2767 2700/2700
f 2835/2835 2836/2836 2901/2901
f 2836/2836 2902/2902 2901/2901
f 2836/2836 2769/2769 2770/2770
f 2769/2769 2836/2836 2835/2835
f 2836/2836 2770/2770 2771/2771
f 2837/2837 2836/2836 2771/2771
f 2903/2903 2836/2836 2837/2837
f 2836/2836 2903/2903 2902/2902
f 2903/2903 2904/2904 2970/2970
f 2969/2969 2903/2903 2970/2970
f 2902/2902 2903/2903 2968/2968
f 2903/2903 2969/2969 2968/2968
f 2903/2903 2838/2838 2904/2904
f 2903/2903 2837/2837 2838/2838
f 2306/2306 2307/2307 2372/2372
f 2372/2372 2307/2307 2373/2373
f 2168/2168 2234/2234 2167/2167
f 2234/2234 2233/2233 2167/2167
f 2237/2237 2170/2170 2171/2171
f 2170/2170 2237/2237 2236/2236
f 2171/2171 2170/2170 2105/2105
f 2170/2170 2104/2104 2105/2105
f 2498/2498 2431/2431 2432/2432
f 2431/2431 2498/2498 2497/2497
f 2430/2430 2431/2431 2496/2496
f 2431/2431 2497/2497 2496/2496
f 2432/2432 2431/2431 2366/2366
f 2431/2431 2365/2365 2366/2366
f 2431/2431 2364/2364 2365/2365
f 2364/2364 2431/2431 2430/2430
f 2297/2297 2364/2364 2363/2363
f 2298/2298 2364/2364 2297/2297
f 2364/2364 2429/2429 2363/2363
f 2364/2364 2430/2430 2429/2429
f 2364/2364 2298/2298 2299/2299
f 2365/2365 2364/2364 2299/2299
f 2693/2693 2628/2628 2694/2694
f 2628/2628 2693/2693 2627/2627
f 2694/2694 2628/2628 2695/2695
f 2628/2628 2629/2629 2695/2695
f 2434/2434 2369/2369 2435/2435
f 2369/2369 2434/2434 2368/2368
f 2434/2434 2433/2433 2367/2367
f 2434/2434 2367/2367 2368/2368
f 2566/2566 2633/2633 2632/2632
f 2633/2633 2566/2566 2567/2567
f 2631/2631 2566/2566 2632/2632
f 2565/2565 2566/2566 2631/2631
f 2623/2623 2690/2690 2689/2689
f 2690/2690 2623/2623 2624/2624
f 2624/2624 2623/2623 2558/2558
f 2623/2623 2557/2557 2558/2558
f 2555/2555 2620/2620 2554/2554
f 2620/2620 2555/2555 2621/2621
f 2754/2754 2819/2819 2753/2753
f 2820/2820 2819/2819 2754/2754
f 2420/2420 2486/2486 2485/2485
f 2419/2419 2420/2420 2485/2485
f 2420/2420 2487/2487 2486/2486
f 2487/2487 2420/2420 2421/2421
f 2420/2420 2419/2419 2353/2353
f 2354/2354 2420/2420 2353/2353
f 2421/2421 2420/2420 2355/2355
f 2420/2420 2354/2354 2355/2355
f 2346/2346 2412/2412 2411/2411
f 2345/2345 2346/2346 2411/2411
f 2413/2413 2346/2346 2347/2347
f 2346/2346 2413/2413 2412/2412
f 2346/2346 2281/2281 2347/2347
f 2346/2346 2280/2280 2281/2281
f 2279/2279 2212/2212 2213/2213
f 2212/2212 2279/2279 2278/2278
f 2346/2346 2279/2279 2280/2280
f 2279/2279 2346/2346 2345/2345
f 2279/2279 2345/2345 2344/2344
f 2279/2279 2344/2344 2278/2278
f 2280/2280 2279/2279 2214/2214
f 2214/2214 2279/2279 2213/2213
f 2218/2218 2219/2219 2284/2284
f 2219/2219 2285/2285 2284/2284
f 2286/2286 2219/2219 2220/2220
f 2285/2285 2219/2219 2286/2286
f 2022/2022 2088/2088 2021/2021
f 2088/2088 2087/2087 2021/2021
f 2088/2088 2023/2023 2089/2089
f 2088/2088 2022/2022 2023/2023
f 2155/2155 2088/2088 2089/2089
f 2154/2154 2088/2088 2155/2155
f 2545/2545 2610/2610 2544/2544
f 2610/2610 2545/2545 2611/2611
f 2478/2478 2545/2545 2544/2544
f 2479/2479 2545/2545 2478/2478
f 2480/2480 2415/2415 2481/2481
f 2415/2415 2480/2480 2414/2414
f 2480/2480 2413/2413 2414/2414
f 2480/2480 2479/2479 2413/2413
f 1918/1918 1917/1917 1876/1876
f 1876/1876 1917/1917 1875/1875
f 1962/1962 1917/1917 1963/1963
f 1917/1917 1918/1918 1963/1963
f 2083/2083 2082/2082 2017/2017
f 2082/2082 2016/2016 2017/2017
f 2082/2082 2083/2083 2149/2149
f 2148/2148 2082/2082 2149/2149
f 2878/2878 2944/2944 2943/2943
f 2877/2877 2878/2878 2943/2943
f 2812/2812 2878/2878 2811/2811
f 2878/2878 2877/2877 2811/2811
f 2679/2679 2613/2613 2680/2680
f 2613/2613 2614/2614 2680/2680
f 2614/2614 2613/2613 2548/2548
f 2613/2613 2547/2547 2548/2548
f 2744/2744 2745/2745 2811/2811
f 2810/2810 2744/2744 2811/2811
f 2798/2798 2732/2732 2799/2799
f 2732/2732 2733/2733 2799/2799
f 2802/2802 2737/2737 2803/2803
f 2737/2737 2802/2802 2736/2736
f 2802/2802 2803/2803 2869/2869
f 2868/2868 2802/2802 2869/2869
f 2800/2800 2733/2733 2734/2734
f 2733/2733 2800/2800 2799/2799
f 2800/2800 2865/2865 2799/2799
f 2800/2800 2866/2866 2865/2865
f 2667/2667 2601/2601 2668/2668
f 2601/2601 2602/2602 2668/2668
f 2601/2601 2535/2535 2536/2536
f 2601/2601 2536/2536 2602/2602
f 2601/2601 2600/2600 2534/2534
f 2535/2535 2601/2601 2534/2534
f 2603/2603 2669/2669 2668/2668
f 2602/2602 2603/2603 2668/2668
f 2670/2670 2603/2603 2604/2604
f 2603/2603 2670/2670 2669/2669
f 2536/2536 2603/2603 2602/2602
f 2537/2537 2603/2603 2536/2536
f 2603/2603 2537/2537 2538/2538
f 2603/2603 2538/2538 2604/2604
f 2341/2341 2274/2274 2275/2275
f 2274/2274 2341/2341 2340/2340
f 2341/2341 2275/2275 2276/2276
f 2342/2342 2341/2341 2276/2276
f 2403/2403 2404/2404 2469/2469
f 2404/2404 2470/2470 2469/2469
f 2337/2337 2404/2404 2403/2403
f 2404/2404 2337/2337 2338/2338
f 2337/2337 2271/2271 2272/2272
f 2337/2337 2272/2272 2338/2338
f 3260/3260 3194/3194 3261/3261
f 3194/3194 3195/3195 3261/3261
f 3194/3194 3129/3129 3195/3195
f 3194/3194 3128/3128 3129/3129
f 3319/3319 3254/3254 3320/3320
f 3253/3253 3254/3254 3319/3319
f 3254/3254 3321/3321 3320/3320
f 3254/3254 3255/3255 3321/3321
f 3058/3058 3057/3057 2991/2991
f 2992/2992 3058/3058 2991/2991
f 3059/3059 3058/3058 2993/2993
f 3058/3058 2992/2992 2993/2993
f 1262/1262 1195/1195 1196/1196
f 1195/1195 1262/1262 1261/1261
f 1261/1261 1262/1262 1327/1327
f 1262/1262 1328/1328 1327/1327
f 1329/1329 1262/1262 1263/1263
f 1328/1328 1262/1262 1329/1329
f 1834/1834 1877/1877 1876/1876
f 1877/1877 1834/1834 1835/1835
f 1834/1834 1793/1793 1835/1835
f 1793/1793 1834/1834 1792/1792
f 1834/1834 1876/1876 1875/1875
f 1833/1833 1834/1834 1875/1875
f 1791/1791 1834/1834 1833/1833
f 1834/1834 1791/1791 1792/1792
f 1747/1747 1791/1791 1746/1746
f 1791/1791 1790/1790 1746/1746
f 1791/1791 1747/1747 1748/1748
f 1792/1792 1791/1791 1748/1748
f 1791/1791 1832/1832 1790/1790
f 1791/1791 1833/1833 1832/1832
f 1873/1873 1830/1830 1831/1831
f 1830/1830 1873/1873 1872/1872
f 1873/1873 1914/1914 1872/1872
f 1873/1873 1915/1915 1914/1914
f 1697/1697 1698/1698 1742/1742
f 1698/1698 1743/1743 1742/1742
f 1698/1698 1699/1699 1744/1744
f 1743/1743 1698/1698 1744/1744
f 1698/1698 1697/1697 1650/1650
f 1651/1651 1698/1698 1650/1650
f 1698/1698 1652/1652 1699/1699
f 1698/1698 1651/1651 1652/1652
f 1131/1131 1130/1130 1064/1064
f 1065/1065 1131/1131 1064/1064
f 1391/1391 1324/1324 1325/1325
f 1324/1324 1391/1391 1390/1390
f 1389/1389 1324/1324 1390/1390
f 1324/1324 1389/1389 1323/1323
f 1324/1324 1259/1259 1325/1325
f 1324/1324 1258/1258 1259/1259
f 1194/1194 1261/1261 1260/1260
f 1194/1194 1195/1195 1261/1261
f 1129/1129 1194/1194 1128/1128
f 1194/1194 1129/1129 1195/1195
f 1259/1259 1194/1194 1260/1260
f 1193/1193 1194/1194 1259/1259
f 1194/1194 1127/1127 1128/1128
f 1194/1194 1193/1193 1127/1127
f 927/927 928/928 994/994
f 993/993 927/927 994/994
f 992/992 927/927 993/993
f 927/927 992/992 926/926
f 928/928 927/927 862/862
f 927/927 861/861 862/862
f 861/861 927/927 860/860
f 860/860 927/927 926/926
f 925/925 924/924 858/858
f 859/859 925/925 858/858
f 925/925 859/859 860/860
f 925/925 860/860 926/926
f 925/925 991/991 990/990
f 924/924 925/925 990/990
f 992/992 925/925 926/926
f 991/991 925/925 992/992
f 989/989 924/924 990/990
f 924/924 989/989 923/923
f 986/986 920/920 921/921
f 987/987 986/986 921/921
f 986/986 985/985 919/919
f 920/920 986/986 919/919
f 1052/1052 986/986 1053/1053
f 986/986 987/987 1053/1053
f 986/986 1051/1051 985/985
f 986/986 1052/1052 1051/1051
f 1190/1190 1123/1123 1124/1124
f 1123/1123 1190/1190 1189/1189
f 1124/1124 1123/1123 1058/1058
f 1058/1058 1123/1123 1057/1057
f 1123/1123 1056/1056 1057/1057
f 1123/1123 1122/1122 1056/1056
f 1188/1188 1123/1123 1189/1189
f 1123/1123 1188/1188 1122/1122
f 1254/1254 1188/1188 1255/1255
f 1255/1255 1188/1188 1189/1189
f 1503/1503 1448/1448 1449/1449
f 1448/1448 1503/1503 1502/1502
f 1448/1448 1389/1389 1449/1449
f 1448/1448 1388/1388 1389/1389
f 1551/1551 1500/1500 1552/1552
f 1500/1500 1551/1551 1499/1499
f 1601/1601 1551/1551 1602/1602
f 1551/1551 1552/1552 1602/1602
f 1551/1551 1498/1498 1499/1499
f 1551/1551 1550/1550 1498/1498
f 1551/1551 1601/1601 1600/1600
f 1550/1550 1551/1551 1600/1600
f 1241/1241 1176/1176 1242/1242
f 1176/1176 1241/1241 1175/1175
f 1176/1176 1243/1243 1242/1242
f 1176/1176 1177/1177 1243/1243
f 2138/2138 2137/2137 2071/2071
f 2072/2072 2138/2138 2071/2071
f 2203/2203 2138/2138 2204/2204
f 2138/2138 2203/2203 2137/2137
f 2138/2138 2072/2072 2073/2073
f 2139/2139 2138/2138 2073/2073
f 2138/2138 2139/2139 2205/2205
f 2204/2204 2138/2138 2205/2205
f 1734/1734 1735/1735 1779/1779
f 1778/1778 1734/1734 1779/1779
f 1689/1689 1734/1734 1688/1688
f 1688/1688 1734/1734 1733/1733
f 1690/1690 1734/1734 1689/1689
f 1734/1734 1690/1690 1735/1735
f 1690/1690 1644/1644 1691/1691
f 1644/1644 1690/1690 1643/1643
f 1690/1690 1691/1691 1736/1736
f 1735/1735 1690/1690 1736/1736
f 1690/1690 1642/1642 1643/1643
f 1690/1690 1689/1689 1642/1642
f 1376/1376 1311/1311 1377/1377
f 1311/1311 1376/1376 1310/1310
f 1437/1437 1376/1376 1377/1377
f 1436/1436 1376/1376 1437/1437
f 1558/1558 1607/1607 1557/1557
f 1558/1558 1608/1608 1607/1607
f 1558/1558 1559/1559 1609/1609
f 1608/1608 1558/1558 1609/1609
f 1558/1558 1557/1557 1505/1505
f 1506/1506 1558/1558 1505/1505
f 1559/1559 1558/1558 1507/1507
f 1558/1558 1506/1506 1507/1507
f 542/542 541/541 476/476
f 541/541 475/475 476/476
f 541/541 608/608 607/607
f 541/541 542/542 608/608
f 606/606 541/541 607/607
f 540/540 541/541 606/606
f 474/474 541/541 540/540
f 541/541 474/474 475/475
f 408/408 474/474 407/407
f 407/407 474/474 473/473
f 474/474 408/408 409/409
f 475/475 474/474 409/409
f 474/474 540/540 539/539
f 474/474 539/539 473/473
f 932/932 866/866 867/867
f 933/933 932/932 867/867
f 932/932 931/931 865/865
f 866/866 932/932 865/865
f 998/998 932/932 999/999
f 932/932 933/933 999/999
f 932/932 997/997 931/931
f 932/932 998/998 997/997
f 470/470 537/537 536/536
f 471/471 537/537 470/470
f 846/846 779/779 780/780
f 846/846 845/845 779/779
f 781/781 846/846 780/780
f 846/846 781/781 847/847
f 846/846 912/912 911/911
f 845/845 846/846 911/911
f 913/913 846/846 847/847
f 912/912 846/846 913/913
f 845/845 910/910 844/844
f 910/910 845/845 911/911
f 910/910 843/843 844/844
f 910/910 909/909 843/843
f 516/516 583/583 582/582
f 517/517 583/583 516/516
f 195/195 260/260 194/194
f 261/261 260/260 195/195
f 260/260 193/193 194/194
f 260/260 259/259 193/193
f 190/190 124/124 191/191
f 191/191 124/124 125/125
f 655/655 656/656 721/721
f 721/721 656/656 722/722
f 656/656 723/723 722/722
f 723/723 656/656 657/657
f 656/656 655/655 589/589
f 590/590 656/656 589/589
f 657/657 656/656 591/591
f 656/656 590/590 591/591
f 466/466 531/531 465/465
f 532/532 531/531 466/466
f 464/464 531/531 530/530
f 531/531 464/464 465/465
f 531/531 532/532 598/598
f 597/597 531/531 598/598
f 531/531 596/596 530/530
f 531/531 597/597 596/596
f 335/335 270/270 336/336
f 335/335 269/269 270/270
f 335/335 402/402 401/401
f 402/402 335/335 336/336
f 335/335 401/401 400/400
f 334/334 335/335 400/400
f 268/268 335/335 334/334
f 335/335 268/268 269/269
f 268/268 201/201 202/202
f 201/201 268/268 267/267
f 268/268 202/202 203/203
f 269/269 268/268 203/203
f 268/268 333/333 267/267
f 268/268 334/334 333/333
f 3218/3218 3219/3219 3285/3285
f 3284/3284 3218/3218 3285/3285
f 3219/3219 3218/3218 3153/3153
f 3218/3218 3152/3152 3153/3153
f 3283/3283 3218/3218 3284/3284
f 3217/3217 3218/3218 3283/3283
f 3152/3152 3218/3218 3151/3151
f 3218/3218 3217/3217 3151/3151
f 2887/2887 2820/2820 2821/2821
f 2820/2820 2887/2887 2886/2886
f 2887/2887 2953/2953 2952/2952
f 2887/2887 2952/2952 2886/2886
f 2995/2995 3061/3061 3060/3060
f 2995/2995 3060/3060 2994/2994
f 2929/2929 2995/2995 2928/2928
f 2928/2928 2995/2995 2994/2994
f 2995/2995 2996/2996 3062/3062
f 3061/3061 2995/2995 3062/3062
f 2995/2995 2930/2930 2996/2996
f 2930/2930 2995/2995 2929/2929
f 2865/2865 2930/2930 2864/2864
f 2930/2930 2865/2865 2931/2931
f 2930/2930 2929/2929 2863/2863
f 2864/2864 2930/2930 2863/2863
f 2996/2996 2930/2930 2997/2997
f 2997/2997 2930/2930 2931/2931
f 2875/2875 2810/2810 2876/2876
f 2810/2810 2875/2875 2809/2809
f 2808/2808 2875/2875 2874/2874
f 2875/2875 2808/2808 2809/2809
f 2875/2875 2876/2876 2942/2942
f 2941/2941 2875/2875 2942/2942
f 2875/2875 2940/2940 2874/2874
f 2875/2875 2941/2941 2940/2940
f 840/840 839/839 774/774
f 774/774 839/839 773/773
f 839/839 840/840 906/906
f 905/905 839/839 906/906
f 839/839 772/772 773/773
f 839/839 838/838 772/772
f 839/839 905/905 904/904
f 838/838 839/839 904/904
f 1370/1370 1429/1429 1369/1369
f 1429/1429 1370/1370 1430/1430
f 1370/1370 1371/1371 1431/1431
f 1370/1370 1431/1431 1430/1430
f 1174/1174 1241/1241 1240/1240
f 1241/1241 1174/1174 1175/1175
f 1239/1239 1174/1174 1240/1240
f 1173/1173 1174/1174 1239/1239
f 1174/1174 1108/1108 1109/1109
f 1175/1175 1174/1174 1109/1109
f 1165/1165 1164/1164 1098/1098
f 1099/1099 1165/1165 1098/1098
f 1165/1165 1230/1230 1164/1164
f 1165/1165 1231/1231 1230/1230
f 423/423 490/490 489/489
f 490/490 423/423 424/424
f 425/425 490/490 424/424
f 491/491 490/490 425/425
f 815/815 750/750 816/816
f 750/750 815/815 749/749
f 816/816 750/750 817/817
f 750/750 751/751 817/817
f 1022/1022 956/956 957/957
f 1023/1023 1022/1022 957/957
f 1021/1021 1022/1022 1087/1087
f 1087/1087 1022/1022 1088/1088
f 956/956 1022/1022 955/955
f 1022/1022 1021/1021 955/955
f 761/761 760/760 694/694
f 695/695 761/761 694/694
f 760/760 761/761 826/826
f 761/761 827/827 826/826
f 696/696 761/761 695/695
f 762/762 761/761 696/696
f 827/827 761/761 828/828
f 761/761 762/762 828/828
f 2789/2789 2724/2724 2790/2790
f 2723/2723 2724/2724 2789/2789
f 2791/2791 2724/2724 2725/2725
f 2724/2724 2791/2791 2790/2790
f 2724/2724 2723/2723 2657/2657
f 2658/2658 2724/2724 2657/2657
f 2724/2724 2659/2659 2725/2725
f 2659/2659 2724/2724 2658/2658
f 2462/2462 2395/2395 2396/2396
f 2395/2395 2462/2462 2461/2461
f 2463/2463 2530/2530 2529/2529
f 2530/2530 2463/2463 2464/2464
f 2463/2463 2398/2398 2464/2464
f 2398/2398 2463/2463 2397/2397
f 2463/2463 2462/2462 2396/2396
f 2463/2463 2396/2396 2397/2397
f 2463/2463 2528/2528 2462/2462
f 2528/2528 2463/2463 2529/2529
f 2528/2528 2529/2529 2595/2595
f 2594/2594 2528/2528 2595/2595
f 2462/2462 2528/2528 2461/2461
f 2528/2528 2527/2527 2461/2461
f 1147/1147 1080/1080 1081/1081
f 1147/1147 1146/1146 1080/1080
f 1082/1082 1147/1147 1081/1081
f 1148/1148 1147/1147 1082/1082
f 1149/1149 1082/1082 1083/1083
f 1149/1149 1148/1148 1082/1082
f 1084/1084 1149/1149 1083/1083
f 1149/1149 1084/1084 1150/1150
f 1148/1148 1149/1149 1214/1214
f 1149/1149 1215/1215 1214/1214
f 1149/1149 1150/1150 1216/1216
f 1215/1215 1149/1149 1216/1216
f 1280/1280 1215/1215 1281/1281
f 1215/1215 1280/1280 1214/1214
f 1091/1091 1090/1090 1025/1025
f 1090/1090 1024/1024 1025/1025
f 1153/1153 1152/1152 1086/1086
f 1087/1087 1153/1153 1086/1086
f 1152/1152 1153/1153 1218/1218
f 1153/1153 1219/1219 1218/1218
f 2044/2044 1982/1982 1983/1983
f 1982/1982 2044/2044 2043/2043
f 318/318 253/253 319/319
f 253/253 318/318 252/252
f 186/186 253/253 252/252
f 187/187 253/253 186/186
f 388/388 387/387 322/322
f 387/387 321/321 322/322
f 387/387 386/386 320/320
f 321/321 387/387 320/320
f 387/387 388/388 454/454
f 453/453 387/387 454/454
f 386/386 387/387 452/452
f 387/387 453/453 452/452
f 1112/1112 1179/1179 1178/1178
f 1113/1113 1179/1179 1112/1112
f 918/918 852/852 919/919
f 852/852 853/853 919/919
f 852/852 917/917 851/851
f 917/917 852/852 918/918
f 852/852 851/851 785/785
f 786/786 852/852 785/785
f 787/787 852/852 786/786
f 852/852 787/787 853/853
f 788/788 787/787 722/722
f 787/787 721/721 722/722
f 854/854 787/787 788/788
f 853/853 787/787 854/854
f 787/787 720/720 721/721
f 787/787 786/786 720/720
f 2198/2198 2265/2265 2264/2264
f 2199/2199 2265/2265 2198/2198
f 2132/2132 2065/2065 2066/2066
f 2065/2065 2132/2132 2131/2131
f 2065/2065 2005/2005 2066/2066
f 2005/2005 2065/2065 2004/2004
f 2339/2339 2273/2273 2274/2274
f 2339/2339 2274/2274 2340/2340
f 2273/2273 2339/2339 2272/2272
f 2272/2272 2339/2339 2338/2338
f 2010/2010 2077/2077 2076/2076
f 2011/2011 2077/2077 2010/2010
f 2077/2077 2142/2142 2076/2076
f 2077/2077 2143/2143 2142/2142
f 2211/2211 2144/2144 2145/2145
f 2144/2144 2211/2211 2210/2210
f 2144/2144 2210/2210 2209/2209
f 2143/2143 2144/2144 2209/2209
f 2203/2203 2136/2136 2137/2137
f 2136/2136 2203/2203 2202/2202
f 2137/2137 2136/2136 2071/2071
f 2136/2136 2070/2070 2071/2071
f 2201/2201 2136/2136 2202/2202
f 2135/2135 2136/2136 2201/2201
f 2136/2136 2135/2135 2069/2069
f 2136/2136 2069/2069 2070/2070
f 2517/2517 2584/2584 2583/2583
f 2518/2518 2584/2584 2517/2517
f 2584/2584 2518/2518 2519/2519
f 2585/2585 2584/2584 2519/2519
f 2520/2520 2586/2586 2519/2519
f 2586/2586 2585/2585 2519/2519
f 2586/2586 2520/2520 2521/2521
f 2587/2587 2586/2586 2521/2521
f 2853/2853 2786/2786 2787/2787
f 2852/2852 2786/2786 2853/2853
f 2653/2653 2586/2586 2587/2587
f 2586/2586 2653/2653 2652/2652
f 2848/2848 2915/2915 2914/2914
f 2915/2915 2848/2848 2849/2849
f 2984/2984 2917/2917 2918/2918
f 2983/2983 2917/2917 2984/2984
f 2977/2977 2978/2978 3043/3043
f 2978/2978 3044/3044 3043/3043
f 2912/2912 2978/2978 2911/2911
f 2978/2978 2977/2977 2911/2911
f 2979/2979 2978/2978 2913/2913
f 2913/2913 2978/2978 2912/2912
f 3045/3045 2978/2978 2979/2979
f 2978/2978 3045/3045 3044/3044
f 3112/3112 3045/3045 3046/3046
f 3045/3045 3112/3112 3111/3111
f 3110/3110 3045/3045 3111/3111
f 3044/3044 3045/3045 3110/3110
f 3045/3045 2979/2979 2980/2980
f 3045/3045 2980/2980 3046/3046
f 3105/3105 3039/3039 3106/3106
f 3039/3039 3040/3040 3106/3106
f 3038/3038 3039/3039 3104/3104
f 3039/3039 3105/3105 3104/3104
f 3040/3040 3039/3039 2974/2974
f 3039/3039 2973/2973 2974/2974
f 2972/2972 3039/3039 3038/3038
f 2973/2973 3039/3039 2972/2972
f 3056/3056 3055/3055 2990/2990
f 2990/2990 3055/3055 2989/2989
f 3055/3055 2988/2988 2989/2989
f 3055/3055 3054/3054 2988/2988
f 3055/3055 3056/3056 3122/3122
f 3121/3121 3055/3055 3122/3122
f 3120/3120 3055/3055 3121/3121
f 3055/3055 3120/3120 3054/3054
f 3120/3120 3186/3186 3185/3185
f 3119/3119 3120/3120 3185/3185
f 3120/3120 3119/3119 3053/3053
f 3054/3054 3120/3120 3053/3053
f 3186/3186 3120/3120 3187/3187
f 3120/3120 3121/3121 3187/3187
f 2860/2860 2925/2925 2859/2859
f 2925/2925 2860/2860 2926/2926
f 2925/2925 2926/2926 2992/2992
f 2925/2925 2992/2992 2991/2991
f 2925/2925 2924/2924 2858/2858
f 2925/2925 2858/2858 2859/2859
f 2990/2990 2925/2925 2991/2991
f 2924/2924 2925/2925 2990/2990
f 2598/2598 2663/2663 2597/2597
f 2663/2663 2598/2598 2664/2664
f 2730/2730 2663/2663 2664/2664
f 2663/2663 2730/2730 2729/2729
f 2795/2795 2862/2862 2861/2861
f 2862/2862 2795/2795 2796/2796
f 2730/2730 2795/2795 2729/2729
f 2795/2795 2730/2730 2796/2796
f 2793/2793 2858/2858 2792/2792
f 2858/2858 2793/2793 2859/2859
f 2726/2726 2793/2793 2792/2792
f 2727/2727 2793/2793 2726/2726
f 2313/2313 2378/2378 2312/2312
f 2378/2378 2313/2313 2379/2379
f 2445/2445 2378/2378 2379/2379
f 2378/2378 2445/2445 2444/2444
f 2378/2378 2311/2311 2312/2312
f 2378/2378 2377/2377 2311/2311
f 2309/2309 2376/2376 2375/2375
f 2376/2376 2309/2309 2310/2310
f 2377/2377 2376/2376 2311/2311
f 2311/2311 2376/2376 2310/2310
f 2309/2309 2244/2244 2310/2310
f 2244/2244 2309/2309 2243/2243
f 2311/2311 2244/2244 2245/2245
f 2244/2244 2311/2311 2310/2310
f 2245/2245 2244/2244 2179/2179
f 2244/2244 2178/2178 2179/2179
f 2706/2706 2705/2705 2639/2639
f 2640/2640 2706/2706 2639/2639
f 2707/2707 2706/2706 2641/2641
f 2706/2706 2640/2640 2641/2641
f 2443/2443 2378/2378 2444/2444
f 2378/2378 2443/2443 2377/2377
f 2443/2443 2376/2376 2377/2377
f 2376/2376 2443/2443 2442/2442
f 2443/2443 2509/2509 2442/2442
f 2509/2509 2508/2508 2442/2442
f 2578/2578 2644/2644 2643/2643
f 2577/2577 2578/2578 2643/2643
f 2645/2645 2578/2578 2579/2579
f 2644/2644 2578/2578 2645/2645
f 2512/2512 2578/2578 2511/2511
f 2578/2578 2577/2577 2511/2511
f 2578/2578 2513/2513 2579/2579
f 2578/2578 2512/2512 2513/2513
f 2768/2768 2835/2835 2834/2834
f 2768/2768 2769/2769 2835/2835
f 2768/2768 2834/2834 2833/2833
f 2767/2767 2768/2768 2833/2833
f 2106/2106 2173/2173 2172/2172
f 2173/2173 2106/2106 2107/2107
f 2108/2108 2173/2173 2107/2107
f 2174/2174 2173/2173 2108/2108
f 2365/2365 2300/2300 2366/2366
f 2300/2300 2365/2365 2299/2299
f 2233/2233 2300/2300 2299/2299
f 2234/2234 2300/2300 2233/2233
f 2238/2238 2171/2171 2172/2172
f 2238/2238 2237/2237 2171/2171
f 2169/2169 2168/2168 2102/2102
f 2103/2103 2169/2169 2102/2102
f 2104/2104 2169/2169 2103/2103
f 2170/2170 2169/2169 2104/2104
f 2563/2563 2498/2498 2564/2564
f 2498/2498 2563/2563 2497/2497
f 2629/2629 2563/2563 2630/2630
f 2563/2563 2564/2564 2630/2630
f 2501/2501 2500/2500 2435/2435
f 2500/2500 2434/2434 2435/2435
f 2433/2433 2500/2500 2499/2499
f 2434/2434 2500/2500 2433/2433
f 2500/2500 2501/2501 2567/2567
f 2566/2566 2500/2500 2567/2567
f 2500/2500 2565/2565 2499/2499
f 2500/2500 2566/2566 2565/2565
f 2622/2622 2687/2687 2621/2621
f 2687/2687 2622/2622 2688/2688
f 2555/2555 2622/2622 2621/2621
f 2622/2622 2555/2555 2556/2556
f 2688/2688 2622/2622 2689/2689
f 2622/2622 2623/2623 2689/2689
f 2557/2557 2622/2622 2556/2556
f 2623/2623 2622/2622 2557/2557
f 2489/2489 2423/2423 2424/2424
f 2490/2490 2489/2489 2424/2424
f 2489/2489 2422/2422 2423/2423
f 2422/2422 2489/2489 2488/2488
f 2489/2489 2490/2490 2556/2556
f 2555/2555 2489/2489 2556/2556
f 2489/2489 2554/2554 2488/2488
f 2489/2489 2555/2555 2554/2554
f 2883/2883 2884/2884 2949/2949
f 2884/2884 2950/2950 2949/2949
f 2153/2153 2088/2088 2154/2154
f 2088/2088 2153/2153 2087/2087
f 2086/2086 2153/2153 2152/2152
f 2153/2153 2086/2086 2087/2087
f 2153/2153 2154/2154 2220/2220
f 2219/2219 2153/2153 2220/2220
f 2153/2153 2218/2218 2152/2152
f 2153/2153 2219/2219 2218/2218
f 2613/2613 2546/2546 2547/2547
f 2546/2546 2613/2613 2612/2612
f 2545/2545 2546/2546 2611/2611
f 2546/2546 2612/2612 2611/2611
f 2546/2546 2545/2545 2479/2479
f 2480/2480 2546/2546 2479/2479
f 2547/2547 2546/2546 2481/2481
f 2546/2546 2480/2480 2481/2481
f 2081/2081 2146/2146 2080/2080
f 2081/2081 2147/2147 2146/2146
f 2014/2014 2081/2081 2080/2080
f 2081/2081 2014/2014 2015/2015
f 2147/2147 2081/2081 2148/2148
f 2081/2081 2082/2082 2148/2148
f 2016/2016 2081/2081 2015/2015
f 2082/2082 2081/2081 2016/2016
f 2880/2880 2879/2879 2814/2814
f 2879/2879 2813/2813 2814/2814
f 2879/2879 2946/2946 2945/2945
f 2946/2946 2879/2879 2880/2880
f 2879/2879 2812/2812 2813/2813
f 2879/2879 2878/2878 2812/2812
f 2944/2944 2879/2879 2945/2945
f 2878/2878 2879/2879 2944/2944
f 2678/2678 2613/2613 2679/2679
f 2613/2613 2678/2678 2612/2612
f 2745/2745 2678/2678 2679/2679
f 2744/2744 2678/2678 2745/2745
f 2665/2665 2598/2598 2599/2599
f 2598/2598 2665/2665 2664/2664
f 2801/2801 2735/2735 2736/2736
f 2802/2802 2801/2801 2736/2736
f 2801/2801 2868/2868 2867/2867
f 2801/2801 2802/2802 2868/2868
f 2735/2735 2801/2801 2734/2734
f 2801/2801 2800/2800 2734/2734
f 2866/2866 2801/2801 2867/2867
f 2800/2800 2801/2801 2866/2866
f 2407/2407 2474/2474 2473/2473
f 2474/2474 2407/2407 2408/2408
f 2472/2472 2407/2407 2473/2473
f 2407/2407 2472/2472 2406/2406
f 2407/2407 2342/2342 2408/2408
f 2407/2407 2341/2341 2342/2342
f 2341/2341 2407/2407 2340/2340
f 2407/2407 2406/2406 2340/2340
f 2336/2336 2403/2403 2402/2402
f 2336/2336 2337/2337 2403/2403
f 3192/3192 3257/3257 3191/3191
f 3257/3257 3192/3192 3258/3258
f 3123/3123 3188/3188 3122/3122
f 3189/3189 3188/3188 3123/3123
f 3121/3121 3188/3188 3187/3187
f 3188/3188 3121/3121 3122/3122
f 3255/3255 3188/3188 3189/3189
f 3254/3254 3188/3188 3255/3255
f 3188/3188 3253/3253 3187/3187
f 3188/3188 3254/3254 3253/3253
f 3190/3190 3124/3124 3191/3191
f 3124/3124 3125/3125 3191/3191
f 3189/3189 3124/3124 3190/3190
f 3124/3124 3189/3189 3123/3123
f 3124/3124 3058/3058 3059/3059
f 3125/3125 3124/3124 3059/3059
f 3057/3057 3124/3124 3123/3123
f 3058/3058 3124/3124 3057/3057
f 1874/1874 1833/1833 1875/1875
f 1833/1833 1874/1874 1832/1832
f 1832/1832 1874/1874 1831/1831
f 1874/1874 1873/1873 1831/1831
f 1132/1132 1133/1133 1199/1199
f 1198/1198 1132/1132 1199/1199
f 1133/1133 1132/1132 1067/1067
f 1132/1132 1066/1066 1067/1067
f 1066/1066 1132/1132 1065/1065
f 1132/1132 1131/1131 1065/1065
f 1132/1132 1197/1197 1131/1131
f 1197/1197 1132/1132 1198/1198
f 1197/1197 1262/1262 1196/1196
f 1262/1262 1197/1197 1263/1263
f 1197/1197 1264/1264 1263/1263
f 1197/1197 1198/1198 1264/1264
f 1130/1130 1197/1197 1196/1196
f 1131/1131 1197/1197 1130/1130
f 1324/1324 1257/1257 1258/1258
f 1257/1257 1324/1324 1323/1323
f 1447/1447 1500/1500 1446/1446
f 1500/1500 1447/1447 1501/1501
f 1386/1386 1447/1447 1446/1446
f 1447/1447 1386/1386 1387/1387
f 1501/1501 1447/1447 1502/1502
f 1447/1447 1448/1448 1502/1502
f 1388/1388 1447/1447 1387/1387
f 1448/1448 1447/1447 1388/1388
f 1110/1110 1044/1044 1045/1045
f 1111/1111 1110/1110 1045/1045
f 1110/1110 1043/1043 1044/1044
f 1043/1043 1110/1110 1109/1109
f 1177/1177 1110/1110 1111/1111
f 1176/1176 1110/1110 1177/1177
f 1110/1110 1175/1175 1109/1109
f 1110/1110 1176/1176 1175/1175
f 1435/1435 1489/1489 1488/1488
f 1434/1434 1435/1435 1488/1488
f 1435/1435 1490/1490 1489/1489
f 1435/1435 1436/1436 1490/1490
f 538/538 472/472 473/473
f 539/539 538/538 473/473
f 538/538 471/471 472/472
f 538/538 537/537 471/471
f 603/603 668/668 602/602
f 603/603 669/669 668/668
f 603/603 602/602 536/536
f 537/537 603/603 536/536
f 1043/1043 976/976 977/977
f 976/976 1043/1043 1042/1042
f 909/909 976/976 975/975
f 910/910 976/976 909/909
f 976/976 911/911 977/977
f 976/976 910/910 911/911
f 905/905 972/972 971/971
f 972/972 905/905 906/906
f 1235/1235 1170/1170 1236/1236
f 1170/1170 1235/1235 1169/1169
f 1174/1174 1107/1107 1108/1108
f 1107/1107 1174/1174 1173/1173
f 649/649 716/716 715/715
f 649/649 650/650 716/716
f 649/649 714/714 648/648
f 714/714 649/649 715/715
f 649/649 648/648 582/582
f 583/583 649/649 582/582
f 584/584 649/649 583/583
f 649/649 584/584 650/650
f 584/584 519/519 585/585
f 519/519 584/584 518/518
f 651/651 584/584 585/585
f 650/650 584/584 651/651
f 584/584 517/517 518/518
f 584/584 583/583 517/517
f 325/325 390/390 324/324
f 390/390 325/325 391/391
f 325/325 324/324 258/258
f 259/259 325/325 258/258
f 2822/2822 2888/2888 2821/2821
f 2888/2888 2887/2887 2821/2821
f 1304/1304 1369/1369 1303/1303
f 1304/1304 1370/1370 1369/1369
f 1237/1237 1304/1304 1303/1303
f 1238/1238 1304/1304 1237/1237
f 1234/1234 1299/1299 1233/1233
f 1300/1300 1299/1299 1234/1234
f 1232/1232 1299/1299 1298/1298
f 1299/1299 1232/1232 1233/1233
f 1299/1299 1300/1300 1366/1366
f 1365/1365 1299/1299 1366/1366
f 1298/1298 1299/1299 1364/1364
f 1299/1299 1365/1365 1364/1364
f 1166/1166 1167/1167 1233/1233
f 1232/1232 1166/1166 1233/1233
f 1166/1166 1101/1101 1167/1167
f 1101/1101 1166/1166 1100/1100
f 1166/1166 1232/1232 1231/1231
f 1165/1165 1166/1166 1231/1231
f 1166/1166 1099/1099 1100/1100
f 1166/1166 1165/1165 1099/1099
f 556/556 623/623 622/622
f 556/556 557/557 623/623
f 556/556 621/621 555/555
f 621/621 556/556 622/622
f 557/557 556/556 491/491
f 556/556 490/490 491/491
f 556/556 555/555 489/489
f 490/490 556/556 489/489
f 619/619 684/684 618/618
f 685/685 684/684 619/619
f 617/617 684/684 683/683
f 684/684 617/617 618/618
f 684/684 685/685 751/751
f 750/750 684/684 751/751
f 684/684 749/749 683/683
f 684/684 750/750 749/749
f 2660/2660 2594/2594 2595/2595
f 2661/2661 2660/2660 2595/2595
f 2660/2660 2727/2727 2726/2726
f 2727/2727 2660/2660 2661/2661
f 2660/2660 2726/2726 2725/2725
f 2659/2659 2660/2660 2725/2725
f 2593/2593 2526/2526 2527/2527
f 2526/2526 2593/2593 2592/2592
f 2528/2528 2593/2593 2527/2527
f 2593/2593 2528/2528 2594/2594
f 2593/2593 2660/2660 2659/2659
f 2660/2660 2593/2593 2594/2594
f 2593/2593 2658/2658 2592/2592
f 2593/2593 2659/2659 2658/2658
f 2527/2527 2460/2460 2461/2461
f 2526/2526 2460/2460 2527/2527
f 2260/2260 2326/2326 2259/2259
f 2326/2326 2325/2325 2259/2259
f 2261/2261 2326/2326 2260/2260
f 2326/2326 2261/2261 2327/2327
f 2326/2326 2327/2327 2393/2393
f 2392/2392 2326/2326 2393/2393
f 2391/2391 2326/2326 2392/2392
f 2326/2326 2391/2391 2325/2325
f 2391/2391 2457/2457 2456/2456
f 2391/2391 2456/2456 2390/2390
f 2324/2324 2391/2391 2390/2390
f 2325/2325 2391/2391 2324/2324
f 2391/2391 2458/2458 2457/2457
f 2391/2391 2392/2392 2458/2458
f 2329/2329 2263/2263 2264/2264
f 2330/2330 2329/2329 2264/2264
f 2395/2395 2329/2329 2396/2396
f 2329/2329 2330/2330 2396/2396
f 1411/1411 1346/1346 1412/1412
f 1345/1345 1346/1346 1411/1411
f 1346/1346 1413/1413 1412/1412
f 1346/1346 1347/1347 1413/1413
f 1346/1346 1281/1281 1347/1347
f 1346/1346 1280/1280 1281/1281
f 1213/1213 1148/1148 1214/1214
f 1213/1213 1147/1147 1148/1148
f 1089/1089 1022/1022 1023/1023
f 1022/1022 1089/1089 1088/1088
f 1089/1089 1023/1023 1024/1024
f 1090/1090 1089/1089 1024/1024
f 1156/1156 1089/1089 1090/1090
f 1089/1089 1156/1156 1155/1155
f 1156/1156 1157/1157 1223/1223
f 1222/1222 1156/1156 1223/1223
f 1156/1156 1222/1222 1221/1221
f 1155/1155 1156/1156 1221/1221
f 1156/1156 1091/1091 1157/1157
f 1156/1156 1090/1090 1091/1091
f 1286/1286 1220/1220 1287/1287
f 1220/1220 1221/1221 1287/1287
f 1285/1285 1220/1220 1286/1286
f 1219/1219 1220/1220 1285/1285
f 2045/2045 2046/2046 2112/2112
f 2111/2111 2045/2045 2112/2112
f 2045/2045 1984/1984 1985/1985
f 2046/2046 2045/2045 1985/1985
f 1984/1984 2045/2045 1983/1983
f 2045/2045 2044/2044 1983/1983
f 2175/2175 2242/2242 2241/2241
f 2242/2242 2175/2175 2176/2176
f 2244/2244 2177/2177 2178/2178
f 2177/2177 2244/2244 2243/2243
f 2178/2178 2177/2177 2112/2112
f 2177/2177 2111/2111 2112/2112
f 2177/2177 2242/2242 2176/2176
f 2242/2242 2177/2177 2243/2243
f 255/255 256/256 322/322
f 321/321 255/255 322/322
f 1180/1180 1181/1181 1247/1247
f 1246/1246 1180/1180 1247/1247
f 1115/1115 1180/1180 1114/1114
f 1181/1181 1180/1180 1115/1115
f 1180/1180 1113/1113 1114/1114
f 1180/1180 1179/1179 1113/1113
f 1180/1180 1245/1245 1179/1179
f 1245/1245 1180/1180 1246/1246
f 1244/1244 1245/1245 1310/1310
f 1245/1245 1311/1311 1310/1310
f 1245/1245 1312/1312 1311/1311
f 1245/1245 1246/1246 1312/1312
f 1245/1245 1244/1244 1178/1178
f 1179/1179 1245/1245 1178/1178
f 1051/1051 1118/1118 1117/1117
f 1052/1052 1118/1118 1051/1051
f 1188/1188 1187/1187 1122/1122
f 1187/1187 1121/1121 1122/1122
f 1187/1187 1254/1254 1253/1253
f 1187/1187 1188/1188 1254/1254
f 1121/1121 1187/1187 1120/1120
f 1187/1187 1186/1186 1120/1120
f 1252/1252 1187/1187 1253/1253
f 1187/1187 1252/1252 1186/1186
f 1318/1318 1385/1385 1384/1384
f 1318/1318 1319/1319 1385/1385
f 1318/1318 1384/1384 1383/1383
f 1317/1317 1318/1318 1383/1383
f 1319/1319 1318/1318 1253/1253
f 1318/1318 1252/1252 1253/1253
f 1251/1251 1318/1318 1317/1317
f 1252/1252 1318/1318 1251/1251
f 2331/2331 2332/2332 2398/2398
f 2331/2331 2398/2398 2397/2397
f 2396/2396 2331/2331 2397/2397
f 2330/2330 2331/2331 2396/2396
f 2265/2265 2331/2331 2264/2264
f 2331/2331 2330/2330 2264/2264
f 2266/2266 2331/2331 2265/2265
f 2331/2331 2266/2266 2332/2332
f 2333/2333 2266/2266 2267/2267
f 2332/2332 2266/2266 2333/2333
f 2266/2266 2201/2201 2267/2267
f 2266/2266 2200/2200 2201/2201
f 2200/2200 2266/2266 2199/2199
f 2266/2266 2265/2265 2199/2199
f 2470/2470 2405/2405 2471/2471
f 2404/2404 2405/2405 2470/2470
f 2405/2405 2472/2472 2471/2471
f 2472/2472 2405/2405 2406/2406
f 2405/2405 2404/2404 2338/2338
f 2339/2339 2405/2405 2338/2338
f 2405/2405 2339/2339 2340/2340
f 2406/2406 2405/2405 2340/2340
f 2078/2078 2077/2077 2011/2011
f 2078/2078 2011/2011 2012/2012
f 2078/2078 2012/2012 2013/2013
f 2079/2079 2078/2078 2013/2013
f 2077/2077 2078/2078 2143/2143
f 2078/2078 2144/2144 2143/2143
f 2078/2078 2079/2079 2145/2145
f 2144/2144 2078/2078 2145/2145
f 2653/2653 2718/2718 2652/2652
f 2718/2718 2653/2653 2719/2719
f 2720/2720 2721/2721 2787/2787
f 2786/2786 2720/2720 2787/2787
f 2785/2785 2718/2718 2719/2719
f 2718/2718 2785/2785 2784/2784
f 2785/2785 2720/2720 2786/2786
f 2720/2720 2785/2785 2719/2719
f 2847/2847 2846/2846 2780/2780
f 2781/2781 2847/2847 2780/2780
f 2846/2846 2847/2847 2912/2912
f 2847/2847 2913/2913 2912/2912
f 2847/2847 2914/2914 2913/2913
f 2847/2847 2848/2848 2914/2914
f 2981/2981 3047/3047 3046/3046
f 2980/2980 2981/2981 3046/3046
f 2981/2981 3048/3048 3047/3047
f 3048/3048 2981/2981 2982/2982
f 2914/2914 2981/2981 2980/2980
f 2915/2915 2981/2981 2914/2914
f 2916/2916 2981/2981 2915/2915
f 2981/2981 2916/2916 2982/2982
f 2916/2916 2915/2915 2849/2849
f 2850/2850 2916/2916 2849/2849
f 2916/2916 2983/2983 2982/2982
f 2916/2916 2917/2917 2983/2983
f 2596/2596 2662/2662 2595/2595
f 2662/2662 2661/2661 2595/2595
f 2662/2662 2727/2727 2661/2661
f 2727/2727 2662/2662 2728/2728
f 2662/2662 2596/2596 2597/2597
f 2663/2663 2662/2662 2597/2597
f 2662/2662 2663/2663 2729/2729
f 2662/2662 2729/2729 2728/2728
f 2860/2860 2794/2794 2861/2861
f 2794/2794 2795/2795 2861/2861
f 2795/2795 2794/2794 2729/2729
f 2729/2729 2794/2794 2728/2728
f 2794/2794 2860/2860 2859/2859
f 2793/2793 2794/2794 2859/2859
f 2794/2794 2727/2727 2728/2728
f 2794/2794 2793/2793 2727/2727
f 2838/2838 2772/2772 2839/2839
f 2772/2772 2773/2773 2839/2839
f 2772/2772 2837/2837 2771/2771
f 2837/2837 2772/2772 2838/2838
f 2773/2773 2772/2772 2707/2707
f 2772/2772 2706/2706 2707/2707
f 2705/2705 2772/2772 2771/2771
f 2706/2706 2772/2772 2705/2705
f 2376/2376 2441/2441 2375/2375
f 2441/2441 2376/2376 2442/2442
f 2572/2572 2637/2637 2571/2571
f 2637/2637 2572/2572 2638/2638
f 2505/2505 2570/2570 2504/2504
f 2570/2570 2505/2505 2571/2571
f 2505/2505 2572/2572 2571/2571
f 2572/2572 2505/2505 2506/2506
f 2640/2640 2575/2575 2641/2641
f 2574/2574 2575/2575 2640/2640
f 2575/2575 2642/2642 2641/2641
f 2642/2642 2575/2575 2576/2576
f 2508/2508 2575/2575 2574/2574
f 2509/2509 2575/2575 2508/2508
f 2510/2510 2575/2575 2509/2509
f 2575/2575 2510/2510 2576/2576
f 2510/2510 2445/2445 2511/2511
f 2445/2445 2510/2510 2444/2444
f 2510/2510 2577/2577 2576/2576
f 2577/2577 2510/2510 2511/2511
f 2510/2510 2443/2443 2444/2444
f 2510/2510 2509/2509 2443/2443
f 2636/2636 2702/2702 2635/2635
f 2702/2702 2701/2701 2635/2635
f 2637/2637 2702/2702 2636/2636
f 2702/2702 2637/2637 2703/2703
f 2702/2702 2767/2767 2701/2701
f 2702/2702 2768/2768 2767/2767
f 2769/2769 2702/2702 2703/2703
f 2768/2768 2702/2702 2769/2769
f 2307/2307 2308/2308 2373/2373
f 2308/2308 2374/2374 2373/2373
f 2308/2308 2309/2309 2375/2375
f 2374/2374 2308/2308 2375/2375
f 2242/2242 2308/2308 2241/2241
f 2308/2308 2307/2307 2241/2241
f 2309/2309 2308/2308 2243/2243
f 2308/2308 2242/2242 2243/2243
f 2173/2173 2239/2239 2172/2172
f 2239/2239 2238/2238 2172/2172
f 2235/2235 2170/2170 2236/2236
f 2235/2235 2169/2169 2170/2170
f 2235/2235 2234/2234 2168/2168
f 2169/2169 2235/2235 2168/2168
f 2303/2303 2369/2369 2368/2368
f 2302/2302 2303/2303 2368/2368
f 2237/2237 2303/2303 2236/2236
f 2303/2303 2302/2302 2236/2236
f 2561/2561 2562/2562 2627/2627
f 2562/2562 2628/2628 2627/2627
f 2562/2562 2495/2495 2496/2496
f 2562/2562 2561/2561 2495/2495
f 2628/2628 2562/2562 2629/2629
f 2562/2562 2563/2563 2629/2629
f 2497/2497 2562/2562 2496/2496
f 2563/2563 2562/2562 2497/2497
f 2818/2818 2752/2752 2753/2753
f 2819/2819 2818/2818 2753/2753
f 2818/2818 2817/2817 2751/2751
f 2752/2752 2818/2818 2751/2751
f 2817/2817 2818/2818 2883/2883
f 2818/2818 2884/2884 2883/2883
f 2818/2818 2885/2885 2884/2884
f 2885/2885 2818/2818 2819/2819
f 2885/2885 2952/2952 2951/2951
f 2952/2952 2885/2885 2886/2886
f 2885/2885 2819/2819 2820/2820
f 2885/2885 2820/2820 2886/2886
f 2950/2950 2885/2885 2951/2951
f 2884/2884 2885/2885 2950/2950
f 2610/2610 2677/2677 2676/2676
f 2677/2677 2610/2610 2611/2611
f 2612/2612 2677/2677 2611/2611
f 2678/2678 2677/2677 2612/2612
f 2731/2731 2797/2797 2796/2796
f 2730/2730 2731/2731 2796/2796
f 2797/2797 2731/2731 2798/2798
f 2731/2731 2732/2732 2798/2798
f 2731/2731 2730/2730 2664/2664
f 2665/2665 2731/2731 2664/2664
f 2666/2666 2731/2731 2665/2665
f 2731/2731 2666/2666 2732/2732
f 2666/2666 2601/2601 2667/2667
f 2601/2601 2666/2666 2600/2600
f 2733/2733 2666/2666 2667/2667
f 2732/2732 2666/2666 2733/2733
f 2666/2666 2599/2599 2600/2600
f 2666/2666 2665/2665 2599/2599
f 2400/2400 2335/2335 2401/2401
f 2335/2335 2400/2400 2334/2334
f 2401/2401 2335/2335 2402/2402
f 2335/2335 2336/2336 2402/2402
f 3126/3126 3059/3059 3060/3060
f 3126/3126 3125/3125 3059/3059
f 3126/3126 3192/3192 3191/3191
f 3125/3125 3126/3126 3191/3191
f 3259/3259 3193/3193 3260/3260
f 3193/3193 3194/3194 3260/3260
f 3193/3193 3259/3259 3258/3258
f 3192/3192 3193/3193 3258/3258
f 1916/1916 1962/1962 1961/1961
f 1916/1916 1917/1917 1962/1962
f 1916/1916 1961/1961 1960/1960
f 1915/1915 1916/1916 1960/1960
f 1917/1917 1916/1916 1875/1875
f 1916/1916 1874/1874 1875/1875
f 1873/1873 1916/1916 1915/1915
f 1874/1874 1916/1916 1873/1873
f 1190/1190 1256/1256 1189/1189
f 1256/1256 1255/1255 1189/1189
f 1321/1321 1256/1256 1322/1322
f 1256/1256 1321/1321 1255/1255
f 1322/1322 1256/1256 1323/1323
f 1256/1256 1257/1257 1323/1323
f 1256/1256 1191/1191 1257/1257
f 1191/1191 1256/1256 1190/1190
f 1126/1126 1191/1191 1125/1125
f 1191/1191 1126/1126 1192/1192
f 1191/1191 1124/1124 1125/1125
f 1191/1191 1190/1190 1124/1124
f 1258/1258 1191/1191 1192/1192
f 1257/1257 1191/1191 1258/1258
f 1122/1122 1055/1055 1056/1056
f 1121/1121 1055/1055 1122/1122
f 1056/1056 1055/1055 990/990
f 1055/1055 989/989 990/990
f 1055/1055 1121/1121 1120/1120
f 1054/1054 1055/1055 1120/1120
f 988/988 1055/1055 1054/1054
f 1055/1055 988/988 989/989
f 922/922 988/988 921/921
f 988/988 987/987 921/921
f 923/923 988/988 922/922
f 989/989 988/988 923/923
f 987/987 988/988 1053/1053
f 988/988 1054/1054 1053/1053
f 1375/1375 1309/1309 1310/1310
f 1376/1376 1375/1375 1310/1310
f 1375/1375 1308/1308 1309/1309
f 1308/1308 1375/1375 1374/1374
f 1375/1375 1376/1376 1436/1436
f 1435/1435 1375/1375 1436/1436
f 1375/1375 1434/1434 1374/1374
f 1375/1375 1435/1435 1434/1434
f 604/604 539/539 605/605
f 604/604 538/538 539/539
f 671/671 604/604 605/605
f 670/670 604/604 671/671
f 538/538 604/604 537/537
f 604/604 603/603 537/537
f 669/669 604/604 670/670
f 603/603 604/604 669/669
f 973/973 907/907 908/908
f 974/974 973/973 908/908
f 907/907 973/973 906/906
f 973/973 972/972 906/906
f 1040/1040 973/973 974/974
f 973/973 1040/1040 1039/1039
f 326/326 261/261 327/327
f 326/326 260/260 261/261
f 393/393 326/326 327/327
f 326/326 393/393 392/392
f 260/260 326/326 259/259
f 326/326 325/325 259/259
f 391/391 326/326 392/392
f 325/325 326/326 391/391
f 2889/2889 2824/2824 2890/2890
f 2889/2889 2823/2823 2824/2824
f 2823/2823 2889/2889 2822/2822
f 2889/2889 2888/2888 2822/2822
f 3019/3019 2954/2954 3020/3020
f 2953/2953 2954/2954 3019/3019
f 2887/2887 2954/2954 2953/2953
f 2888/2888 2954/2954 2887/2887
f 1305/1305 1306/1306 1372/1372
f 1371/1371 1305/1305 1372/1372
f 1306/1306 1305/1305 1240/1240
f 1305/1305 1239/1239 1240/1240
f 1370/1370 1305/1305 1371/1371
f 1304/1304 1305/1305 1370/1370
f 1305/1305 1304/1304 1238/1238
f 1305/1305 1238/1238 1239/1239
f 2394/2394 2395/2395 2461/2461
f 2460/2460 2394/2394 2461/2461
f 2459/2459 2392/2392 2393/2393
f 2392/2392 2459/2459 2458/2458
f 2459/2459 2394/2394 2460/2460
f 2394/2394 2459/2459 2393/2393
f 1277/1277 1278/1278 1343/1343
f 1278/1278 1344/1344 1343/1343
f 1154/1154 1087/1087 1088/1088
f 1154/1154 1153/1153 1087/1087
f 1089/1089 1154/1154 1088/1088
f 1154/1154 1089/1089 1155/1155
f 1153/1153 1154/1154 1219/1219
f 1154/1154 1220/1220 1219/1219
f 1154/1154 1155/1155 1221/1221
f 1220/1220 1154/1154 1221/1221
f 2042/2042 2109/2109 2108/2108
f 2109/2109 2042/2042 2043/2043
f 2109/2109 2174/2174 2108/2108
f 2109/2109 2175/2175 2174/2174
f 188/188 121/121 122/122
f 188/188 187/187 121/121
f 1249/1249 1184/1184 1250/1250
f 1184/1184 1249/1249 1183/1183
f 1184/1184 1183/1183 1117/1117
f 1118/1118 1184/1184 1117/1117
f 2130/2130 2064/2064 2131/2131
f 2064/2064 2065/2065 2131/2131
f 2064/2064 2130/2130 2129/2129
f 2063/2063 2064/2064 2129/2129
f 2065/2065 2064/2064 2004/2004
f 2064/2064 2003/2003 2004/2004
f 2064/2064 2063/2063 2002/2002
f 2003/2003 2064/2064 2002/2002
f 2650/2650 2649/2649 2583/2583
f 2584/2584 2650/2650 2583/2583
f 2650/2650 2715/2715 2649/2649
f 2650/2650 2716/2716 2715/2715
f 2782/2782 2847/2847 2781/2781
f 2847/2847 2782/2782 2848/2848
f 2715/2715 2782/2782 2781/2781
f 2716/2716 2782/2782 2715/2715
f 2654/2654 2587/2587 2588/2588
f 2654/2654 2653/2653 2587/2587
f 2654/2654 2588/2588 2589/2589
f 2655/2655 2654/2654 2589/2589
f 2653/2653 2654/2654 2719/2719
f 2654/2654 2720/2720 2719/2719
f 2721/2721 2654/2654 2655/2655
f 2720/2720 2654/2654 2721/2721
f 2916/2916 2851/2851 2917/2917
f 2851/2851 2916/2916 2850/2850
f 2851/2851 2852/2852 2918/2918
f 2917/2917 2851/2851 2918/2918
f 2785/2785 2851/2851 2784/2784
f 2851/2851 2850/2850 2784/2784
f 2851/2851 2786/2786 2852/2852
f 2851/2851 2785/2785 2786/2786
f 2508/2508 2507/2507 2442/2442
f 2507/2507 2441/2441 2442/2442
f 2507/2507 2440/2440 2441/2441
f 2440/2440 2507/2507 2506/2506
f 2441/2441 2440/2440 2375/2375
f 2440/2440 2374/2374 2375/2375
f 2240/2240 2175/2175 2241/2241
f 2175/2175 2240/2240 2174/2174
f 2240/2240 2307/2307 2306/2306
f 2307/2307 2240/2240 2241/2241
f 2240/2240 2173/2173 2174/2174
f 2240/2240 2239/2239 2173/2173
f 2240/2240 2306/2306 2305/2305
f 2239/2239 2240/2240 2305/2305
f 2301/2301 2367/2367 2366/2366
f 2300/2300 2301/2301 2366/2366
f 2367/2367 2301/2301 2368/2368
f 2301/2301 2302/2302 2368/2368
f 2301/2301 2300/2300 2234/2234
f 2235/2235 2301/2301 2234/2234
f 2302/2302 2301/2301 2236/2236
f 2301/2301 2235/2235 2236/2236
f 2239/2239 2304/2304 2238/2238
f 2304/2304 2239/2239 2305/2305
f 2371/2371 2304/2304 2305/2305
f 2304/2304 2371/2371 2370/2370
f 2238/2238 2304/2304 2237/2237
f 2304/2304 2303/2303 2237/2237
f 2369/2369 2304/2304 2370/2370
f 2303/2303 2304/2304 2369/2369
f 2743/2743 2744/2744 2810/2810
f 2743/2743 2810/2810 2809/2809
f 2743/2743 2808/2808 2742/2742
f 2808/2808 2743/2743 2809/2809
f 2743/2743 2678/2678 2744/2744
f 2743/2743 2677/2677 2678/2678
f 2743/2743 2742/2742 2676/2676
f 2677/2677 2743/2743 2676/2676
f 2269/2269 2268/2268 2202/2202
f 2203/2203 2269/2269 2202/2202
f 2268/2268 2269/2269 2334/2334
f 2269/2269 2335/2335 2334/2334
f 3061/3061 3127/3127 3060/3060
f 3127/3127 3126/3126 3060/3060
f 3127/3127 3061/3061 3062/3062
f 3128/3128 3127/3127 3062/3062
f 3126/3126 3127/3127 3192/3192
f 3127/3127 3193/3193 3192/3192
f 3194/3194 3127/3127 3128/3128
f 3193/3193 3127/3127 3194/3194
f 970/970 1037/1037 1036/1036
f 1037/1037 970/970 971/971
f 1108/1108 1041/1041 1042/1042
f 1107/1107 1041/1041 1108/1108
f 976/976 1041/1041 975/975
f 1041/1041 976/976 1042/1042
f 1041/1041 974/974 975/975
f 1041/1041 1040/1040 974/974
f 1172/1172 1173/1173 1239/1239
f 1238/1238 1172/1172 1239/1239
f 2956/2956 2955/2955 2890/2890
f 2955/2955 2889/2889 2890/2890
f 2955/2955 3022/3022 3021/3021
f 2955/2955 2956/2956 3022/3022
f 2889/2889 2955/2955 2888/2888
f 2955/2955 2954/2954 2888/2888
f 2955/2955 3021/3021 3020/3020
f 2954/2954 2955/2955 3020/3020
f 2263/2263 2328/2328 2262/2262
f 2329/2329 2328/2328 2263/2263
f 2328/2328 2261/2261 2262/2262
f 2261/2261 2328/2328 2327/2327
f 2328/2328 2329/2329 2395/2395
f 2394/2394 2328/2328 2395/2395
f 2327/2327 2328/2328 2393/2393
f 2328/2328 2394/2394 2393/2393
f 2591/2591 2525/2525 2592/2592
f 2525/2525 2526/2526 2592/2592
f 2525/2525 2591/2591 2590/2590
f 2524/2524 2525/2525 2590/2590
f 2525/2525 2460/2460 2526/2526
f 2525/2525 2459/2459 2460/2460
f 2525/2525 2524/2524 2458/2458
f 2459/2459 2525/2525 2458/2458
f 1147/1147 1212/1212 1146/1146
f 1213/1213 1212/1212 1147/1147
f 1212/1212 1211/1211 1145/1145
f 1146/1146 1212/1212 1145/1145
f 1212/1212 1277/1277 1211/1211
f 1212/1212 1278/1278 1277/1277
f 1212/1212 1279/1279 1278/1278
f 1279/1279 1212/1212 1213/1213
f 1346/1346 1279/1279 1280/1280
f 1279/1279 1346/1346 1345/1345
f 1280/1280 1279/1279 1214/1214
f 1279/1279 1213/1213 1214/1214
f 1279/1279 1345/1345 1344/1344
f 1278/1278 1279/1279 1344/1344
f 2177/2177 2110/2110 2111/2111
f 2110/2110 2177/2177 2176/2176
f 2110/2110 2045/2045 2111/2111
f 2045/2045 2110/2110 2044/2044
f 2175/2175 2110/2110 2176/2176
f 2109/2109 2110/2110 2175/2175
f 2044/2044 2110/2110 2043/2043
f 2110/2110 2109/2109 2043/2043
f 256/256 189/189 190/190
f 255/255 189/189 256/256
f 189/189 124/124 190/190
f 124/124 189/189 123/123
f 123/123 189/189 122/122
f 189/189 188/188 122/122
f 189/189 254/254 188/188
f 254/254 189/189 255/255
f 254/254 320/320 319/319
f 253/253 254/254 319/319
f 254/254 321/321 320/320
f 254/254 255/255 321/321
f 254/254 253/253 187/187
f 188/188 254/254 187/187
f 1252/1252 1185/1185 1186/1186
f 1185/1185 1252/1252 1251/1251
f 1185/1185 1251/1251 1250/1250
f 1184/1184 1185/1185 1250/1250
f 2718/2718 2651/2651 2652/2652
f 2651/2651 2718/2718 2717/2717
f 2586/2586 2651/2651 2585/2585
f 2651/2651 2586/2586 2652/2652
f 2650/2650 2651/2651 2716/2716
f 2716/2716 2651/2651 2717/2717
f 2651/2651 2584/2584 2585/2585
f 2651/2651 2650/2650 2584/2584
f 2783/2783 2718/2718 2784/2784
f 2718/2718 2783/2783 2717/2717
f 2783/2783 2850/2850 2849/2849
f 2850/2850 2783/2783 2784/2784
f 2783/2783 2716/2716 2717/2717
f 2783/2783 2782/2782 2716/2716
f 2848/2848 2783/2783 2849/2849
f 2782/2782 2783/2783 2848/2848
f 2638/2638 2573/2573 2639/2639
f 2572/2572 2573/2573 2638/2638
f 2573/2573 2640/2640 2639/2639
f 2573/2573 2574/2574 2640/2640
f 2573/2573 2572/2572 2506/2506
f 2507/2507 2573/2573 2506/2506
f 2573/2573 2508/2508 2574/2574
f 2573/2573 2507/2507 2508/2508
f 2438/2438 2439/2439 2504/2504
f 2439/2439 2505/2505 2504/2504
f 2439/2439 2372/2372 2373/2373
f 2439/2439 2438/2438 2372/2372
f 2505/2505 2439/2439 2506/2506
f 2439/2439 2440/2440 2506/2506
f 2374/2374 2439/2439 2373/2373
f 2440/2440 2439/2439 2374/2374
f 2337/2337 2270/2270 2271/2271
f 2336/2336 2270/2270 2337/2337
f 2270/2270 2204/2204 2205/2205
f 2271/2271 2270/2270 2205/2205
f 2335/2335 2270/2270 2336/2336
f 2269/2269 2270/2270 2335/2335
f 2270/2270 2203/2203 2204/2204
f 2270/2270 2269/2269 2203/2203
f 973/973 1038/1038 972/972
f 1038/1038 973/973 1039/1039
f 972/972 1038/1038 971/971
f 1038/1038 1037/1037 971/971
f 1038/1038 1103/1103 1037/1037
f 1103/1103 1038/1038 1104/1104
f 1168/1168 1103/1103 1169/1169
f 1103/1103 1168/1168 1102/1102
f 1103/1103 1170/1170 1169/1169
f 1103/1103 1104/1104 1170/1170
f 1036/1036 1103/1103 1102/1102
f 1037/1037 1103/1103 1036/1036
f 1171/1171 1237/1237 1236/1236
f 1170/1170 1171/1171 1236/1236
f 1171/1171 1238/1238 1237/1237
f 1171/1171 1172/1172 1238/1238
f 1041/1041 1106/1106 1040/1040
f 1106/1106 1041/1041 1107/1107
f 1106/1106 1107/1107 1173/1173
f 1172/1172 1106/1106 1173/1173
f 1119/1119 1052/1052 1053/1053
f 1119/1119 1118/1118 1052/1052
f 1119/1119 1054/1054 1120/1120
f 1054/1054 1119/1119 1053/1053
f 1119/1119 1184/1184 1118/1118
f 1119/1119 1185/1185 1184/1184
f 1186/1186 1119/1119 1120/1120
f 1185/1185 1119/1119 1186/1186
f 1104/1104 1105/1105 1170/1170
f 1105/1105 1171/1171 1170/1170
f 1105/1105 1038/1038 1039/1039
f 1038/1038 1105/1105 1104/1104
f 1171/1171 1105/1105 1172/1172
f 1105/1105 1106/1106 1172/1172
f 1040/1040 1105/1105 1039/1039
f 1106/1106 1105/1105 1040/1040
