  0
SECTION
  2
HEADER
  9
$ACADVER
  1
AC1018
  9
$ACADMAINTVER
 70
0
  9
$DWGCODEPAGE
  3
ANSI_1254
  9
$INSBASE
 10
0.0
 20
0.0
 30
0.0
  9
$EXTMIN
 10
1e+20
 20
1e+20
 30
1e+20
  9
$EXTMAX
 10
-1e+20
 20
-1e+20
 30
-1e+20
  9
$LIMMIN
 10
0.0
 20
0.0
  9
$LIMMAX
 10
420.0
 20
297.0
  9
$ORTHOMODE
 70
0
  9
$REGENMODE
 70
1
  9
$FILLMODE
 70
1
  9
$QTEXTMODE
 70
0
  9
$MIRRTEXT
 70
1
  9
$LTSCALE
 40
1.0
  9
$ATTMODE
 70
1
  9
$TEXTSIZE
 40
2.5
  9
$TRACEWID
 40
1.0
  9
$TEXTSTYLE
  7
Standard
  9
$CLAYER
  8
0
  9
$CELTYPE
  6
ByLayer
  9
$CECOLOR
 62
256
  9
$CELTSCALE
 40
1.0
  9
$DISPSILH
 70
0
  9
$DIMSCALE
 40
1.0
  9
$DIMASZ
 40
2.5
  9
$DIMEXO
 40
0.625
  9
$DIMDLI
 40
3.75
  9
$DIMRND
 40
0.0
  9
$DIMDLE
 40
0.0
  9
$DIMEXE
 40
1.25
  9
$DIMTP
 40
0.0
  9
$DIMTM
 40
0.0
  9
$DIMTXT
 40
2.5
  9
$DIMCEN
 40
2.5
  9
$DIMTSZ
 40
0.0
  9
$DIMTOL
 70
0
  9
$DIMLIM
 70
0
  9
$DIMTIH
 70
0
  9
$DIMTOH
 70
0
  9
$DIMSE1
 70
0
  9
$DIMSE2
 70
0
  9
$DIMTAD
 70
1
  9
$DIMZIN
 70
8
  9
$DIMBLK
  1

  9
$DIMASO
 70
1
  9
$DIMSHO
 70
1
  9
$DIMPOST
  1

  9
$DIMAPOST
  1

  9
$DIMALT
 70
0
  9
$DIMALTD
 70
3
  9
$DIMALTF
 40
0.03937007874016
  9
$DIMLFAC
 40
1.0
  9
$DIMTOFL
 70
1
  9
$DIMTVP
 40
0.0
  9
$DIMTIX
 70
0
  9
$DIMSOXD
 70
0
  9
$DIMSAH
 70
0
  9
$DIMBLK1
  1

  9
$DIMBLK2
  1

  9
$DIMSTYLE
  2
ISO-25
  9
$DIMCLRD
 70
0
  9
$DIMCLRE
 70
0
  9
$DIMCLRT
 70
0
  9
$DIMTFAC
 40
1.0
  9
$DIMGAP
 40
0.625
  9
$DIMJUST
 70
0
  9
$DIMSD1
 70
0
  9
$DIMSD2
 70
0
  9
$DIMTOLJ
 70
0
  9
$DIMTZIN
 70
8
  9
$DIMALTZ
 70
0
  9
$DIMALTTZ
 70
0
  9
$DIMUPT
 70
0
  9
$DIMDEC
 70
2
  9
$DIMTDEC
 70
2
  9
$DIMALTU
 70
2
  9
$DIMALTTD
 70
3
  9
$DIMTXSTY
  7
Standard
  9
$DIMAUNIT
 70
0
  9
$DIMADEC
 70
0
  9
$DIMALTRND
 40
0.0
  9
$DIMAZIN
 70
0
  9
$DIMDSEP
 70
44
  9
$DIMATFIT
 70
3
  9
$DIMFRAC
 70
0
  9
$DIMLDRBLK
  1

  9
$DIMLUNIT
 70
2
  9
$DIMLWD
 70
-2
  9
$DIMLWE
 70
-2
  9
$DIMTMOVE
 70
0
  9
$LUNITS
 70
2
  9
$LUPREC
 70
4
  9
$SKETCHINC
 40
1.0
  9
$FILLETRAD
 40
10.0
  9
$AUNITS
 70
0
  9
$AUPREC
 70
0
  9
$MENU
  1
.
  9
$ELEVATION
 40
0.0
  9
$PELEVATION
 40
0.0
  9
$THICKNESS
 40
0.0
  9
$LIMCHECK
 70
0
  9
$CHAMFERA
 40
0.0
  9
$CHAMFERB
 40
0.0
  9
$CHAMFERC
 40
0.0
  9
$CHAMFERD
 40
0.0
  9
$SKPOLY
 70
0
  9
$TDCREATE
 40
2461291.709259259
  9
$TDUCREATE
 40
2461291.577348148
  9
$TDUPDATE
 40
2461291.709259259
  9
$TDUUPDATE
 40
2461291.577349063
  9
$TDINDWG
 40
1.16e-08
  9
$TDUSRTIMER
 40
1.16e-08
  9
$USRTIMER
 70
1
  9
$ANGBASE
 50
0.0
  9
$ANGDIR
 70
0
  9
$PDMODE
 70
0
  9
$PDSIZE
 40
0.0
  9
$PLINEWID
 40
0.0
  9
$SPLFRAME
 70
0
  9
$SPLINETYPE
 70
6
  9
$SPLINESEGS
 70
8
  9
$HANDSEED
  5
BAD
  9
$SURFTAB1
 70
6
  9
$SURFTAB2
 70
6
  9
$SURFTYPE
 70
6
  9
$SURFU
 70
6
  9
$SURFV
 70
6
  9
$UCSBASE
  2

  9
$UCSNAME
  2

  9
$UCSORG
 10
0.0
 20
0.0
 30
0.0
  9
$UCSXDIR
 10
1.0
 20
0.0
 30
0.0
  9
$UCSYDIR
 10
0.0
 20
1.0
 30
0.0
  9
$UCSORTHOREF
  2

  9
$UCSORTHOVIEW
 70
0
  9
$UCSORGTOP
 10
0.0
 20
0.0
 30
0.0
  9
$UCSORGBOTTOM
 10
0.0
 20
0.0
 30
0.0
  9
$UCSORGLEFT
 10
0.0
 20
0.0
 30
0.0
  9
$UCSORGRIGHT
 10
0.0
 20
0.0
 30
0.0
  9
$UCSORGFRONT
 10
0.0
 20
0.0
 30
0.0
  9
$UCSORGBACK
 10
0.0
 20
0.0
 30
0.0
  9
$PUCSBASE
  2

  9
$PUCSNAME
  2

  9
$PUCSORG
 10
0.0
 20
0.0
 30
0.0
  9
$PUCSXDIR
 10
1.0
 20
0.0
 30
0.0
  9
$PUCSYDIR
 10
0.0
 20
1.0
 30
0.0
  9
$PUCSORTHOREF
  2

  9
$PUCSORTHOVIEW
 70
0
  9
$PUCSORGTOP
 10
0.0
 20
0.0
 30
0.0
  9
$PUCSORGBOTTOM
 10
0.0
 20
0.0
 30
0.0
  9
$PUCSORGLEFT
 10
0.0
 20
0.0
 30
0.0
  9
$PUCSORGRIGHT
 10
0.0
 20
0.0
 30
0.0
  9
$PUCSORGFRONT
 10
0.0
 20
0.0
 30
0.0
  9
$PUCSORGBACK
 10
0.0
 20
0.0
 30
0.0
  9
$USERI1
 70
0
  9
$USERI2
 70
0
  9
$USERI3
 70
0
  9
$USERI4
 70
0
  9
$USERI5
 70
0
  9
$USERR1
 40
0.0
  9
$USERR2
 40
0.0
  9
$USERR3
 40
0.0
  9
$USERR4
 40
0.0
  9
$USERR5
 40
0.0
  9
$WORLDVIEW
 70
1
  9
$SHADEDGE
 70
3
  9
$SHADEDIF
 70
70
  9
$TILEMODE
 70
1
  9
$MAXACTVP
 70
64
  9
$PINSBASE
 10
0.0
 20
0.0
 30
0.0
  9
$PLIMCHECK
 70
0
  9
$PEXTMIN
 10
1e+20
 20
1e+20
 30
1e+20
  9
$PEXTMAX
 10
-1e+20
 20
-1e+20
 30
-1e+20
  9
$PLIMMIN
 10
0.0
 20
0.0
  9
$PLIMMAX
 10
420.0
 20
297.0
  9
$UNITMODE
 70
0
  9
$VISRETAIN
 70
1
  9
$PLINEGEN
 70
0
  9
$PSLTSCALE
 70
1
  9
$TREEDEPTH
 70
3020
  9
$CMLSTYLE
  2
Standard
  9
$CMLJUST
 70
0
  9
$CMLSCALE
 40
20.0
  9
$PROXYGRAPHICS
 70
1
  9
$MEASUREMENT
 70
1
  9
$CELWEIGHT
370
-1
  9
$ENDCAPS
280
0
  9
$JOINSTYLE
280
0
  9
$LWDISPLAY
290
0
  9
$INSUNITS
 70
6
  9
$HYPERLINKBASE
  1

  9
$STYLESHEET
  1

  9
$XEDIT
290
1
  9
$CEPSNTYPE
380
0
  9
$PSTYLEMODE
290
1
  9
$FINGERPRINTGUID
  2
{07D8790B-07E9-41A8-93BC-606910ACADEB}
  9
$VERSIONGUID
  2
{18BD2677-E55A-4135-9F81-F1C9C62533A6}
  9
$EXTNAMES
290
1
  9
$PSVPSCALE
 40
0.0
  9
$OLESTARTUP
290
0
  9
$SORTENTS
280
127
  9
$INDEXCTL
280
0
  9
$HIDETEXT
280
1
  9
$XCLIPFRAME
290
0
  9
$HALOGAP
280
0
  9
$OBSCOLOR
 70
257
  9
$OBSLTYPE
280
0
  9
$INTERSECTIONDISPLAY
280
0
  9
$INTERSECTIONCOLOR
 70
257
  9
$DIMASSOC
280
2
  9
$PROJECTNAME
  1

  0
ENDSEC
  0
SECTION
  2
CLASSES
  0
CLASS
  1
ACDBDICTIONARYWDFLT
  2
AcDbDictionaryWithDefault
  3
ObjectDBX Classes
 90
0
 91
3
280
0
281
0
  0
CLASS
  1
VISUALSTYLE
  2
AcDbVisualStyle
  3
ObjectDBX Classes
 90
4095
 91
3
280
0
281
0
  0
CLASS
  1
MATERIAL
  2
AcDbMaterial
  3
ObjectDBX Classes
 90
1153
 91
3
280
0
281
0
  0
CLASS
  1
SCALE
  2
AcDbScale
  3
ObjectDBX Classes
 90
1153
 91
3
280
0
281
0
  0
CLASS
  1
TABLESTYLE
  2
AcDbTableStyle
  3
ObjectDBX Classes
 90
4095
 91
3
280
0
281
0
  0
CLASS
  1
MLEADERSTYLE
  2
AcDbMLeaderStyle
  3
ACDB_MLEADERSTYLE_CLASS
 90
4095
 91
3
280
0
281
0
  0
CLASS
  1
SUN
  2
AcDbSun
  3
SCENEOE
 90
1153
 91
3
280
0
281
0
  0
CLASS
  1
DICTIONARYVAR
  2
AcDbDictionaryVar
  3
ObjectDBX Classes
 90
0
 91
3
280
0
281
0
  0
CLASS
  1
CELLSTYLEMAP
  2
AcDbCellStyleMap
  3
ObjectDBX Classes
 90
1152
 91
3
280
0
281
0
  0
CLASS
  1
MENTALRAYRENDERSETTINGS
  2
AcDbMentalRayRenderSettings
  3
SCENEOE
 90
1024
 91
0
280
0
281
0
  0
CLASS
  1
ACDBDETAILVIEWSTYLE
  2
AcDbDetailViewStyle
  3
ObjectDBX Classes
 90
1025
 91
0
280
0
281
0
  0
CLASS
  1
ACDBSECTIONVIEWSTYLE
  2
AcDbSectionViewStyle
  3
ObjectDBX Classes
 90
1025
 91
0
280
0
281
0
  0
CLASS
  1
RASTERVARIABLES
  2
AcDbRasterVariables
  3
ISM
 90
0
 91
0
280
0
281
0
  0
CLASS
  1
LAYOUT
  2
AcDbLayout
  3
ObjectDBX Classes
 90
0
 91
0
280
0
281
0
  0
CLASS
  1
ACDBPLACEHOLDER
  2
AcDbPlaceHolder
  3
ObjectDBX Classes
 90
0
 91
0
280
0
281
0
  0
ENDSEC
  0
SECTION
  2
TABLES
  0
TABLE
  2
VPORT
  5
8
102
{ACAD_XDICTIONARY
360
208
102
}
330
0
100
AcDbSymbolTable
 70
1
  0
VPORT
  5
29
330
8
100
AcDbSymbolTableRecord
100
AcDbViewportTableRecord
  2
*Active
 70
0
 10
0.0
 20
0.0
 11
1.0
 21
1.0
 12
283278.825
 22
2089297.4125
 13
0.0
 23
0.0
 14
10.0
 24
10.0
 15
10.0
 25
10.0
 16
0.0
 26
0.0
 36
1.0
 17
0.0
 27
0.0
 37
0.0
 40
4178594.825
 41
0.1355856869898842
 42
50.0
 43
0.0
 44
0.0
 50
0.0
 51
0.0
 71
0
 72
100
 73
1
 74
3
 75
0
 76
0
 77
0
 78
0
281
0
 65
1
110
0.0
120
0.0
130
0.0
111
1.0
121
0.0
131
0.0
112
0.0
122
1.0
132
0.0
 79
0
146
0.0
  0
ENDTAB
  0
TABLE
  2
LTYPE
  5
5
330
0
100
AcDbSymbolTable
 70
4
  0
LTYPE
  5
14
330
5
100
AcDbSymbolTableRecord
100
AcDbLinetypeTableRecord
  2
ByBlock
 70
0
  3

 72
65
 73
0
 40
0.0
  0
LTYPE
  5
15
330
5
100
AcDbSymbolTableRecord
100
AcDbLinetypeTableRecord
  2
ByLayer
 70
0
  3

 72
65
 73
0
 40
0.0
  0
LTYPE
  5
16
330
5
100
AcDbSymbolTableRecord
100
AcDbLinetypeTableRecord
  2
Continuous
 70
0
  3
Solid line
 72
65
 73
0
 40
0.0
  0
LTYPE
  5
27D
330
5
100
AcDbSymbolTableRecord
100
AcDbLinetypeTableRecord
  2
KESIKLI
 70
0
  3

 72
65
 73
2
 40
1.0
 49
0.7
 74
0
 49
-0.35
 74
0
  0
ENDTAB
  0
TABLE
  2
LAYER
  5
2
330
0
100
AcDbSymbolTable
 70
22
  0
LAYER
  5
10
330
2
100
AcDbSymbolTableRecord
100
AcDbLayerTableRecord
  2
0
 70
0
 62
7
  6
Continuous
370
0
390
F
1001
AcAecLayerStandard
1000

1000
AL=1;
  0
LAYER
  5
6F
330
2
100
AcDbSymbolTableRecord
100
AcDbLayerTableRecord
  2
ADA_SINIR
 70
0
 62
5
  6
Continuous
370
0
390
F
1001
AcAecLayerStandard
1000

1000
AL=1;
  0
LAYER
  5
70
330
2
100
AcDbSymbolTableRecord
100
AcDbLayerTableRecord
  2
PARSEL_SINIR
 70
0
 62
3
  6
Continuous
370
0
390
F
1001
AcAecLayerStandard
1000

1000
AL=1;
  0
LAYER
  5
71
330
2
100
AcDbSymbolTableRecord
100
AcDbLayerTableRecord
  2
PARSEL_BOLME
 70
0
 62
1
  6
Continuous
370
0
390
F
1001
AcAecLayerStandard
1000

1000
AL=1;
  0
LAYER
  5
72
330
2
100
AcDbSymbolTableRecord
100
AcDbLayerTableRecord
  2
CEKME_MESAFESI
 70
0
 62
2
  6
Continuous
370
0
390
F
1001
AcAecLayerStandard
1000

1000
AL=1;
  0
LAYER
  5
73
330
2
100
AcDbSymbolTableRecord
100
AcDbLayerTableRecord
  2
NOKTA
 70
0
 62
7
  6
Continuous
370
0
390
F
1001
AcAecLayerStandard
1000

1000
AL=1;
  0
LAYER
  5
74
330
2
100
AcDbSymbolTableRecord
100
AcDbLayerTableRecord
  2
NOKTA_NO
 70
0
 62
8
  6
Continuous
370
0
390
F
1001
AcAecLayerStandard
1000

1000
AL=1;
  0
LAYER
  5
75
330
2
100
AcDbSymbolTableRecord
100
AcDbLayerTableRecord
  2
PARSEL_NO
 70
0
 62
6
  6
Continuous
370
0
390
F
1001
AcAecLayerStandard
1000

1000
AL=1;
  0
LAYER
  5
76
330
2
100
AcDbSymbolTableRecord
100
AcDbLayerTableRecord
  2
YAPI_YAKLASMA_117
 70
0
 62
2
  6
Continuous
370
0
390
F
1001
AcAecLayerStandard
1000

1000
AL=1;
  0
LAYER
  5
77
330
2
100
AcDbSymbolTableRecord
100
AcDbLayerTableRecord
  2
KUZEY_CEKME_117
 70
0
 62
4
  6
Continuous
370
0
390
F
1001
AcAecLayerStandard
1000

1000
AL=1;
  0
LAYER
  5
78
330
2
100
AcDbSymbolTableRecord
100
AcDbLayerTableRecord
  2
BINA_116
 70
0
 62
1
  6
Continuous
370
0
390
F
1001
AcAecLayerStandard
1000

1000
AL=1;
  0
LAYER
  5
79
330
2
100
AcDbSymbolTableRecord
100
AcDbLayerTableRecord
  2
BINA_115
 70
0
 62
1
  6
Continuous
370
0
390
F
1001
AcAecLayerStandard
1000

1000
AL=1;
  0
LAYER
  5
272
330
2
100
AcDbSymbolTableRecord
100
AcDbLayerTableRecord
  2
Defpoints
 70
0
 62
7
  6
Continuous
290
0
370
-3
390
F
  0
LAYER
  5
274
330
2
100
AcDbSymbolTableRecord
100
AcDbLayerTableRecord
  2
TASLAK_DUVAR
 70
0
 62
7
  6
Continuous
370
-3
390
F
  0
LAYER
  5
275
330
2
100
AcDbSymbolTableRecord
100
AcDbLayerTableRecord
  2
TASLAK_KAPI
 70
0
 62
1
  6
Continuous
370
-3
390
F
  0
LAYER
  5
276
330
2
100
AcDbSymbolTableRecord
100
AcDbLayerTableRecord
  2
TASLAK_PENCERE
 70
0
 62
3
  6
Continuous
370
-3
390
F
  0
LAYER
  5
277
330
2
100
AcDbSymbolTableRecord
100
AcDbLayerTableRecord
  2
TASLAK_MERDIVEN
 70
0
 62
5
  6
Continuous
370
-3
390
F
  0
LAYER
  5
278
330
2
100
AcDbSymbolTableRecord
100
AcDbLayerTableRecord
  2
TASLAK_OK
 70
0
 62
5
  6
Continuous
370
-3
390
F
  0
LAYER
  5
279
330
2
100
AcDbSymbolTableRecord
100
AcDbLayerTableRecord
  2
TASLAK_ASMAKAT
 70
0
 62
4
  6
Continuous
370
-3
390
F
  0
LAYER
  5
27A
330
2
100
AcDbSymbolTableRecord
100
AcDbLayerTableRecord
  2
TASLAK_MEKAN
 70
0
 62
2
  6
Continuous
370
-3
390
F
  0
LAYER
  5
27B
330
2
100
AcDbSymbolTableRecord
100
AcDbLayerTableRecord
  2
TASLAK_GIRIS
 70
0
 62
1
  6
Continuous
370
-3
390
F
  0
LAYER
  5
27C
330
2
100
AcDbSymbolTableRecord
100
AcDbLayerTableRecord
  2
TASLAK_NOT
 70
0
 62
7
  6
Continuous
370
-3
390
F
  0
ENDTAB
  0
TABLE
  2
STYLE
  5
3
330
0
100
AcDbSymbolTable
 70
1
  0
STYLE
  5
11
330
3
100
AcDbSymbolTableRecord
100
AcDbTextStyleTableRecord
  2
Standard
 70
0
 40
0.0
 41
1.0
 50
0.0
 71
0
 42
2.5
  3
times.ttf
  4

1001
ACAD
1000
Times New Roman
1071
256
  0
ENDTAB
  0
TABLE
  2
VIEW
  5
6
330
0
100
AcDbSymbolTable
 70
0
  0
ENDTAB
  0
TABLE
  2
UCS
  5
7
330
0
100
AcDbSymbolTable
 70
0
  0
ENDTAB
  0
TABLE
  2
APPID
  5
9
330
0
100
AcDbSymbolTable
 70
5
  0
APPID
  5
12
330
9
100
AcDbSymbolTableRecord
100
AcDbRegAppTableRecord
  2
ACAD
 70
0
  0
APPID
  5
6E
330
9
100
AcDbSymbolTableRecord
100
AcDbRegAppTableRecord
  2
AcAecLayerStandard
 70
0
  0
APPID
  5
247
330
9
100
AcDbSymbolTableRecord
100
AcDbRegAppTableRecord
  2
ACAD_MLEADERVER
 70
0
  0
APPID
  5
BA9
330
9
100
AcDbSymbolTableRecord
100
AcDbRegAppTableRecord
  2
HATCHBACKGROUNDCOLOR
 70
0
  0
APPID
  5
BAA
330
9
100
AcDbSymbolTableRecord
100
AcDbRegAppTableRecord
  2
EZDXF
 70
0
  0
ENDTAB
  0
TABLE
  2
DIMSTYLE
  5
A
330
0
100
AcDbSymbolTable
 70
2
100
AcDbDimStyleTable
  0
DIMSTYLE
105
27
330
A
100
AcDbSymbolTableRecord
100
AcDbDimStyleTableRecord
  2
ISO-25
 70
0
  3

  4

 40
1.0
 41
2.5
 42
0.625
 43
3.75
 44
1.25
 45
0.0
 46
0.0
 47
0.0
 48
0.0
140
2.5
141
2.5
142
0.0
143
0.03937007874016
144
1.0
145
0.0
146
1.0
147
0.625
148
0.0
 71
0
 72
0
 73
0
 74
0
 75
0
 76
0
 77
1
 78
8
 79
3
170
0
171
3
172
1
173
0
174
0
175
0
176
0
177
0
178
0
179
2
271
2
272
2
273
2
274
3
275
0
276
0
277
2
278
44
279
0
280
0
281
0
282
0
283
0
284
8
285
0
286
0
288
0
289
3
340
11
371
-2
372
-2
  0
DIMSTYLE
105
273
330
A
100
AcDbSymbolTableRecord
100
AcDbDimStyleTableRecord
  2
Standard
 70
0
  3

  4

 40
1.0
 41
2.5
 42
0.625
 43
3.75
 44
1.25
 45
0.0
 46
0.0
 47
0.0
 48
0.0
140
2.5
141
2.5
142
0.0
143
0.03937007874
144
1.0
145
0.0
146
1.0
147
0.625
148
0.0
 71
0
 72
0
 73
0
 74
0
 75
0
 76
0
 77
1
 78
8
 79
3
170
0
171
3
172
1
173
0
174
0
175
0
176
0
177
0
178
0
179
2
271
2
272
2
273
2
274
3
275
0
276
0
277
2
278
44
279
0
280
0
281
0
282
0
283
0
284
8
285
0
286
0
288
0
289
3
371
-2
372
-2
  0
ENDTAB
  0
TABLE
  2
BLOCK_RECORD
  5
1
330
0
100
AcDbSymbolTable
 70
3
  0
BLOCK_RECORD
  5
1F
330
1
100
AcDbSymbolTableRecord
100
AcDbBlockTableRecord
  2
*Model_Space
340
22
  0
BLOCK_RECORD
  5
1B
330
1
100
AcDbSymbolTableRecord
100
AcDbBlockTableRecord
  2
*Paper_Space
340
1E
  0
BLOCK_RECORD
  5
23
330
1
100
AcDbSymbolTableRecord
100
AcDbBlockTableRecord
  2
*Paper_Space0
340
26
  0
ENDTAB
  0
ENDSEC
  0
SECTION
  2
BLOCKS
  0
BLOCK
  5
20
330
1F
100
AcDbEntity
  8
0
100
AcDbBlockBegin
  2
*Model_Space
 70
0
 10
0.0
 20
0.0
 30
0.0
  3
*Model_Space
  1

  0
ENDBLK
  5
21
330
1F
100
AcDbEntity
  8
0
100
AcDbBlockEnd
  0
BLOCK
  5
1C
330
1B
100
AcDbEntity
 67
1
  8
0
100
AcDbBlockBegin
  2
*Paper_Space
 70
0
 10
0.0
 20
0.0
 30
0.0
  3
*Paper_Space
  1

  0
ENDBLK
  5
1D
330
1B
100
AcDbEntity
 67
1
  8
0
100
AcDbBlockEnd
  0
BLOCK
  5
24
330
23
100
AcDbEntity
  8
0
100
AcDbBlockBegin
  2
*Paper_Space0
 70
0
 10
0.0
 20
0.0
 30
0.0
  3
*Paper_Space0
  1

  0
ENDBLK
  5
25
330
23
100
AcDbEntity
  8
0
100
AcDbBlockEnd
  0
ENDSEC
  0
SECTION
  2
ENTITIES
  0
POINT
  5
7A
330
1F
100
AcDbEntity
  8
NOKTA
100
AcDbPoint
 10
566407.16
 20
4178568.98
 30
0.0
  0
TEXT
  5
7B
330
1F
100
AcDbEntity
  8
NOKTA_NO
100
AcDbText
 10
566407.86
 20
4178569.68
 30
0.0
 40
0.6000000238418579
  1
1
100
AcDbText
  0
POINT
  5
7C
330
1F
100
AcDbEntity
  8
NOKTA
100
AcDbPoint
 10
566419.7
 20
4178555.67
 30
0.0
  0
TEXT
  5
7D
330
1F
100
AcDbEntity
  8
NOKTA_NO
100
AcDbText
 10
566420.3999999999
 20
4178556.37
 30
0.0
 40
0.6000000238418579
  1
2
100
AcDbText
  0
POINT
  5
7E
330
1F
100
AcDbEntity
  8
NOKTA
100
AcDbPoint
 10
566521.31
 20
4178561.81
 30
0.0
  0
TEXT
  5
7F
330
1F
100
AcDbEntity
  8
NOKTA_NO
100
AcDbText
 10
566522.01
 20
4178562.51
 30
0.0
 40
0.6000000238418579
  1
3
100
AcDbText
  0
POINT
  5
80
330
1F
100
AcDbEntity
  8
NOKTA
100
AcDbPoint
 10
566489.1
 20
4178587.0
 30
0.0
  0
TEXT
  5
81
330
1F
100
AcDbEntity
  8
NOKTA_NO
100
AcDbText
 10
566489.7999999999
 20
4178587.7
 30
0.0
 40
0.6000000238418579
  1
864
100
AcDbText
  0
POINT
  5
82
330
1F
100
AcDbEntity
  8
NOKTA
100
AcDbPoint
 10
566473.15
 20
4178586.97
 30
0.0
  0
TEXT
  5
83
330
1F
100
AcDbEntity
  8
NOKTA_NO
100
AcDbText
 10
566473.85
 20
4178587.67
 30
0.0
 40
0.6000000238418579
  1
865
100
AcDbText
  0
POINT
  5
84
330
1F
100
AcDbEntity
  8
NOKTA
100
AcDbPoint
 10
566462.47
 20
4178588.47
 30
0.0
  0
TEXT
  5
85
330
1F
100
AcDbEntity
  8
NOKTA_NO
100
AcDbText
 10
566463.1699999999
 20
4178589.17
 30
0.0
 40
0.6000000238418579
  1
866
100
AcDbText
  0
POINT
  5
86
330
1F
100
AcDbEntity
  8
NOKTA
100
AcDbPoint
 10
566448.56
 20
4178587.19
 30
0.0
  0
TEXT
  5
87
330
1F
100
AcDbEntity
  8
NOKTA_NO
100
AcDbText
 10
566449.26
 20
4178587.89
 30
0.0
 40
0.6000000238418579
  1
867
100
AcDbText
  0
POINT
  5
88
330
1F
100
AcDbEntity
  8
NOKTA
100
AcDbPoint
 10
566433.94
 20
4178586.78
 30
0.0
  0
TEXT
  5
89
330
1F
100
AcDbEntity
  8
NOKTA_NO
100
AcDbText
 10
566434.6399999999
 20
4178587.48
 30
0.0
 40
0.6000000238418579
  1
868
100
AcDbText
  0
POINT
  5
8A
330
1F
100
AcDbEntity
  8
NOKTA
100
AcDbPoint
 10
566423.73
 20
4178585.09
 30
0.0
  0
TEXT
  5
8B
330
1F
100
AcDbEntity
  8
NOKTA_NO
100
AcDbText
 10
566424.4299999999
 20
4178585.79
 30
0.0
 40
0.6000000238418579
  1
869
100
AcDbText
  0
POINT
  5
8C
330
1F
100
AcDbEntity
  8
NOKTA
100
AcDbPoint
 10
566405.21
 20
4178583.03
 30
0.0
  0
TEXT
  5
8D
330
1F
100
AcDbEntity
  8
NOKTA_NO
100
AcDbText
 10
566405.9099999999
 20
4178583.73
 30
0.0
 40
0.6000000238418579
  1
870
100
AcDbText
  0
POINT
  5
8E
330
1F
100
AcDbEntity
  8
NOKTA
100
AcDbPoint
 10
566400.39
 20
4178582.76
 30
0.0
  0
TEXT
  5
8F
330
1F
100
AcDbEntity
  8
NOKTA_NO
100
AcDbText
 10
566401.09
 20
4178583.46
 30
0.0
 40
0.6000000238418579
  1
871
100
AcDbText
  0
POINT
  5
90
330
1F
100
AcDbEntity
  8
NOKTA
100
AcDbPoint
 10
566396.58
 20
4178580.33
 30
0.0
  0
TEXT
  5
91
330
1F
100
AcDbEntity
  8
NOKTA_NO
100
AcDbText
 10
566397.2799999999
 20
4178581.03
 30
0.0
 40
0.6000000238418579
  1
872
100
AcDbText
  0
POINT
  5
92
330
1F
100
AcDbEntity
  8
NOKTA
100
AcDbPoint
 10
566549.08
 20
4178577.42
 30
0.0
  0
TEXT
  5
93
330
1F
100
AcDbEntity
  8
NOKTA_NO
100
AcDbText
 10
566549.7799999999
 20
4178578.12
 30
0.0
 40
0.6000000238418579
  1
929
100
AcDbText
  0
POINT
  5
94
330
1F
100
AcDbEntity
  8
NOKTA
100
AcDbPoint
 10
566544.13
 20
4178583.49
 30
0.0
  0
TEXT
  5
95
330
1F
100
AcDbEntity
  8
NOKTA_NO
100
AcDbText
 10
566544.83
 20
4178584.19
 30
0.0
 40
0.6000000238418579
  1
930
100
AcDbText
  0
POINT
  5
96
330
1F
100
AcDbEntity
  8
NOKTA
100
AcDbPoint
 10
566541.99
 20
4178590.72
 30
0.0
  0
TEXT
  5
97
330
1F
100
AcDbEntity
  8
NOKTA_NO
100
AcDbText
 10
566542.69
 20
4178591.42
 30
0.0
 40
0.6000000238418579
  1
931
100
AcDbText
  0
POINT
  5
98
330
1F
100
AcDbEntity
  8
NOKTA
100
AcDbPoint
 10
566526.71
 20
4178590.24
 30
0.0
  0
TEXT
  5
99
330
1F
100
AcDbEntity
  8
NOKTA_NO
100
AcDbText
 10
566527.4099999999
 20
4178590.94
 30
0.0
 40
0.6000000238418579
  1
932
100
AcDbText
  0
POINT
  5
9A
330
1F
100
AcDbEntity
  8
NOKTA
100
AcDbPoint
 10
566517.43
 20
4178589.36
 30
0.0
  0
TEXT
  5
9B
330
1F
100
AcDbEntity
  8
NOKTA_NO
100
AcDbText
 10
566518.13
 20
4178590.06
 30
0.0
 40
0.6000000238418579
  1
933
100
AcDbText
  0
POINT
  5
9C
330
1F
100
AcDbEntity
  8
NOKTA
100
AcDbPoint
 10
566502.79
 20
4178588.14
 30
0.0
  0
TEXT
  5
9D
330
1F
100
AcDbEntity
  8
NOKTA_NO
100
AcDbText
 10
566503.49
 20
4178588.84
 30
0.0
 40
0.6000000238418579
  1
934
100
AcDbText
  0
POINT
  5
9E
330
1F
100
AcDbEntity
  8
NOKTA
100
AcDbPoint
 10
566416.46
 20
4178559.62
 30
0.0
  0
TEXT
  5
9F
330
1F
100
AcDbEntity
  8
NOKTA_NO
100
AcDbText
 10
566417.1599999999
 20
4178560.32
 30
0.0
 40
0.6000000238418579
  1
935
100
AcDbText
  0
POINT
  5
A0
330
1F
100
AcDbEntity
  8
NOKTA
100
AcDbPoint
 10
566404.45
 20
4178571.7
 30
0.0
  0
TEXT
  5
A1
330
1F
100
AcDbEntity
  8
NOKTA_NO
100
AcDbText
 10
566405.1499999999
 20
4178572.4
 30
0.0
 40
0.6000000238418579
  1
936
100
AcDbText
  0
POINT
  5
A2
330
1F
100
AcDbEntity
  8
NOKTA
100
AcDbPoint
 10
566542.44
 20
4178573.64
 30
0.0
  0
TEXT
  5
A3
330
1F
100
AcDbEntity
  8
NOKTA_NO
100
AcDbText
 10
566543.1399999999
 20
4178574.34
 30
0.0
 40
0.6000000238418579
  1
937
100
AcDbText
  0
POINT
  5
A4
330
1F
100
AcDbEntity
  8
NOKTA
100
AcDbPoint
 10
566526.94
 20
4178566.45
 30
0.0
  0
TEXT
  5
A5
330
1F
100
AcDbEntity
  8
NOKTA_NO
100
AcDbText
 10
566527.6399999999
 20
4178567.15
 30
0.0
 40
0.6000000238418579
  1
938
100
AcDbText
  0
POINT
  5
A6
330
1F
100
AcDbEntity
  8
NOKTA
100
AcDbPoint
 10
566516.94
 20
4178558.2
 30
0.0
  0
TEXT
  5
A7
330
1F
100
AcDbEntity
  8
NOKTA_NO
100
AcDbText
 10
566517.6399999999
 20
4178558.9
 30
0.0
 40
0.6000000238418579
  1
939
100
AcDbText
  0
POINT
  5
A8
330
1F
100
AcDbEntity
  8
NOKTA
100
AcDbPoint
 10
566508.47
 20
4178552.98
 30
0.0
  0
TEXT
  5
A9
330
1F
100
AcDbEntity
  8
NOKTA_NO
100
AcDbText
 10
566509.1699999999
 20
4178553.68
 30
0.0
 40
0.6000000238418579
  1
940
100
AcDbText
  0
POINT
  5
AA
330
1F
100
AcDbEntity
  8
NOKTA
100
AcDbPoint
 10
566493.09
 20
4178541.93
 30
0.0
  0
TEXT
  5
AB
330
1F
100
AcDbEntity
  8
NOKTA_NO
100
AcDbText
 10
566493.7899999999
 20
4178542.63
 30
0.0
 40
0.6000000238418579
  1
941
100
AcDbText
  0
POINT
  5
AC
330
1F
100
AcDbEntity
  8
NOKTA
100
AcDbPoint
 10
566486.28
 20
4178536.71
 30
0.0
  0
TEXT
  5
AD
330
1F
100
AcDbEntity
  8
NOKTA_NO
100
AcDbText
 10
566486.98
 20
4178537.41
 30
0.0
 40
0.6000000238418579
  1
942
100
AcDbText
  0
POINT
  5
AE
330
1F
100
AcDbEntity
  8
NOKTA
100
AcDbPoint
 10
566476.3
 20
4178543.48
 30
0.0
  0
TEXT
  5
AF
330
1F
100
AcDbEntity
  8
NOKTA_NO
100
AcDbText
 10
566477.0
 20
4178544.18
 30
0.0
 40
0.6000000238418579
  1
943
100
AcDbText
  0
POINT
  5
B0
330
1F
100
AcDbEntity
  8
NOKTA
100
AcDbPoint
 10
566463.8
 20
4178550.41
 30
0.0
  0
TEXT
  5
B1
330
1F
100
AcDbEntity
  8
NOKTA_NO
100
AcDbText
 10
566464.5
 20
4178551.11
 30
0.0
 40
0.6000000238418579
  1
944
100
AcDbText
  0
POINT
  5
B2
330
1F
100
AcDbEntity
  8
NOKTA
100
AcDbPoint
 10
566455.39
 20
4178543.76
 30
0.0
  0
TEXT
  5
B3
330
1F
100
AcDbEntity
  8
NOKTA_NO
100
AcDbText
 10
566456.09
 20
4178544.46
 30
0.0
 40
0.6000000238418579
  1
945
100
AcDbText
  0
POINT
  5
B4
330
1F
100
AcDbEntity
  8
NOKTA
100
AcDbPoint
 10
566446.28
 20
4178534.52
 30
0.0
  0
TEXT
  5
B5
330
1F
100
AcDbEntity
  8
NOKTA_NO
100
AcDbText
 10
566446.98
 20
4178535.22
 30
0.0
 40
0.6000000238418579
  1
946
100
AcDbText
  0
POINT
  5
B6
330
1F
100
AcDbEntity
  8
NOKTA
100
AcDbPoint
 10
566439.05
 20
4178526.23
 30
0.0
  0
TEXT
  5
B7
330
1F
100
AcDbEntity
  8
NOKTA_NO
100
AcDbText
 10
566439.75
 20
4178526.93
 30
0.0
 40
0.6000000238418579
  1
947
100
AcDbText
  0
POINT
  5
B8
330
1F
100
AcDbEntity
  8
NOKTA
100
AcDbPoint
 10
566435.89
 20
4178520.41
 30
0.0
  0
TEXT
  5
B9
330
1F
100
AcDbEntity
  8
NOKTA_NO
100
AcDbText
 10
566436.59
 20
4178521.11
 30
0.0
 40
0.6000000238418579
  1
948
100
AcDbText
  0
POINT
  5
BA
330
1F
100
AcDbEntity
  8
NOKTA
100
AcDbPoint
 10
566432.46
 20
4178537.17
 30
0.0
  0
TEXT
  5
BB
330
1F
100
AcDbEntity
  8
NOKTA_NO
100
AcDbText
 10
566433.1599999999
 20
4178537.87
 30
0.0
 40
0.6000000238418579
  1
949
100
AcDbText
  0
POINT
  5
BC
330
1F
100
AcDbEntity
  8
NOKTA
100
AcDbPoint
 10
566428.54
 20
4178544.88
 30
0.0
  0
TEXT
  5
BD
330
1F
100
AcDbEntity
  8
NOKTA_NO
100
AcDbText
 10
566429.24
 20
4178545.58
 30
0.0
 40
0.6000000238418579
  1
950
100
AcDbText
  0
POLYLINE
  5
BE
330
1F
100
AcDbEntity
  8
PARSEL_SINIR
100
AcDb3dPolyline
 66
1
 10
0.0
 20
0.0
 30
0.0
 70
9
  0
VERTEX
  5
BF
330
BE
100
AcDbEntity
  8
PARSEL_SINIR
100
AcDbVertex
100
AcDb3dPolylineVertex
 10
566396.58
 20
4178580.33
 30
0.0
 70
32
  0
VERTEX
  5
C0
330
BE
100
AcDbEntity
  8
PARSEL_SINIR
100
AcDbVertex
100
AcDb3dPolylineVertex
 10
566400.39
 20
4178582.76
 30
0.0
 70
32
  0
VERTEX
  5
C1
330
BE
100
AcDbEntity
  8
PARSEL_SINIR
100
AcDbVertex
100
AcDb3dPolylineVertex
 10
566405.21
 20
4178583.03
 30
0.0
 70
32
  0
VERTEX
  5
C2
330
BE
100
AcDbEntity
  8
PARSEL_SINIR
100
AcDbVertex
100
AcDb3dPolylineVertex
 10
566423.73
 20
4178585.09
 30
0.0
 70
32
  0
VERTEX
  5
C3
330
BE
100
AcDbEntity
  8
PARSEL_SINIR
100
AcDbVertex
100
AcDb3dPolylineVertex
 10
566433.94
 20
4178586.78
 30
0.0
 70
32
  0
VERTEX
  5
C4
330
BE
100
AcDbEntity
  8
PARSEL_SINIR
100
AcDbVertex
100
AcDb3dPolylineVertex
 10
566448.56
 20
4178587.19
 30
0.0
 70
32
  0
VERTEX
  5
C5
330
BE
100
AcDbEntity
  8
PARSEL_SINIR
100
AcDbVertex
100
AcDb3dPolylineVertex
 10
566462.47
 20
4178588.47
 30
0.0
 70
32
  0
VERTEX
  5
C6
330
BE
100
AcDbEntity
  8
PARSEL_SINIR
100
AcDbVertex
100
AcDb3dPolylineVertex
 10
566473.15
 20
4178586.97
 30
0.0
 70
32
  0
VERTEX
  5
C7
330
BE
100
AcDbEntity
  8
PARSEL_SINIR
100
AcDbVertex
100
AcDb3dPolylineVertex
 10
566489.1
 20
4178587.0
 30
0.0
 70
32
  0
VERTEX
  5
C8
330
BE
100
AcDbEntity
  8
PARSEL_SINIR
100
AcDbVertex
100
AcDb3dPolylineVertex
 10
566502.79
 20
4178588.14
 30
0.0
 70
32
  0
VERTEX
  5
C9
330
BE
100
AcDbEntity
  8
PARSEL_SINIR
100
AcDbVertex
100
AcDb3dPolylineVertex
 10
566517.43
 20
4178589.36
 30
0.0
 70
32
  0
VERTEX
  5
CA
330
BE
100
AcDbEntity
  8
PARSEL_SINIR
100
AcDbVertex
100
AcDb3dPolylineVertex
 10
566526.71
 20
4178590.24
 30
0.0
 70
32
  0
VERTEX
  5
CB
330
BE
100
AcDbEntity
  8
PARSEL_SINIR
100
AcDbVertex
100
AcDb3dPolylineVertex
 10
566541.99
 20
4178590.72
 30
0.0
 70
32
  0
VERTEX
  5
CC
330
BE
100
AcDbEntity
  8
PARSEL_SINIR
100
AcDbVertex
100
AcDb3dPolylineVertex
 10
566544.13
 20
4178583.49
 30
0.0
 70
32
  0
VERTEX
  5
CD
330
BE
100
AcDbEntity
  8
PARSEL_SINIR
100
AcDbVertex
100
AcDb3dPolylineVertex
 10
566549.08
 20
4178577.42
 30
0.0
 70
32
  0
VERTEX
  5
CE
330
BE
100
AcDbEntity
  8
PARSEL_SINIR
100
AcDbVertex
100
AcDb3dPolylineVertex
 10
566407.16
 20
4178568.98
 30
0.0
 70
32
  0
VERTEX
  5
CF
330
BE
100
AcDbEntity
  8
PARSEL_SINIR
100
AcDbVertex
100
AcDb3dPolylineVertex
 10
566404.45
 20
4178571.7
 30
0.0
 70
32
  0
VERTEX
  5
D0
330
BE
100
AcDbEntity
  8
PARSEL_SINIR
100
AcDbVertex
100
AcDb3dPolylineVertex
 10
566396.58
 20
4178580.33
 30
0.0
 70
32
  0
SEQEND
  5
D1
330
1F
100
AcDbEntity
  8
PARSEL_SINIR
  0
TEXT
  5
D2
330
1F
100
AcDbEntity
  8
PARSEL_NO
100
AcDbText
 10
566462.6989706493
 20
4178583.280588247
 30
0.0
 40
1.399999976158142
  1
189/115
100
AcDbText
  0
POLYLINE
  5
D3
330
1F
100
AcDbEntity
  8
PARSEL_SINIR
100
AcDb3dPolyline
 66
1
 10
0.0
 20
0.0
 30
0.0
 70
9
  0
VERTEX
  5
D4
330
D3
100
AcDbEntity
  8
PARSEL_SINIR
100
AcDbVertex
100
AcDb3dPolylineVertex
 10
566407.16
 20
4178568.98
 30
0.0
 70
32
  0
VERTEX
  5
D5
330
D3
100
AcDbEntity
  8
PARSEL_SINIR
100
AcDbVertex
100
AcDb3dPolylineVertex
 10
566549.08
 20
4178577.42
 30
0.0
 70
32
  0
VERTEX
  5
D6
330
D3
100
AcDbEntity
  8
PARSEL_SINIR
100
AcDbVertex
100
AcDb3dPolylineVertex
 10
566542.44
 20
4178573.64
 30
0.0
 70
32
  0
VERTEX
  5
D7
330
D3
100
AcDbEntity
  8
PARSEL_SINIR
100
AcDbVertex
100
AcDb3dPolylineVertex
 10
566526.94
 20
4178566.45
 30
0.0
 70
32
  0
VERTEX
  5
D8
330
D3
100
AcDbEntity
  8
PARSEL_SINIR
100
AcDbVertex
100
AcDb3dPolylineVertex
 10
566521.31
 20
4178561.81
 30
0.0
 70
32
  0
VERTEX
  5
D9
330
D3
100
AcDbEntity
  8
PARSEL_SINIR
100
AcDbVertex
100
AcDb3dPolylineVertex
 10
566419.7
 20
4178555.67
 30
0.0
 70
32
  0
VERTEX
  5
DA
330
D3
100
AcDbEntity
  8
PARSEL_SINIR
100
AcDbVertex
100
AcDb3dPolylineVertex
 10
566416.46
 20
4178559.62
 30
0.0
 70
32
  0
VERTEX
  5
DB
330
D3
100
AcDbEntity
  8
PARSEL_SINIR
100
AcDbVertex
100
AcDb3dPolylineVertex
 10
566407.16
 20
4178568.98
 30
0.0
 70
32
  0
SEQEND
  5
DC
330
1F
100
AcDbEntity
  8
PARSEL_SINIR
  0
TEXT
  5
DD
330
1F
100
AcDbEntity
  8
PARSEL_NO
100
AcDbText
 10
566479.7110714896
 20
4178565.527142869
 30
0.0
 40
1.399999976158142
  1
189/116
100
AcDbText
  0
POLYLINE
  5
DE
330
1F
100
AcDbEntity
  8
PARSEL_SINIR
100
AcDb3dPolyline
 66
1
 10
0.0
 20
0.0
 30
0.0
 70
9
  0
VERTEX
  5
DF
330
DE
100
AcDbEntity
  8
PARSEL_SINIR
100
AcDbVertex
100
AcDb3dPolylineVertex
 10
566419.7
 20
4178555.67
 30
0.0
 70
32
  0
VERTEX
  5
E0
330
DE
100
AcDbEntity
  8
PARSEL_SINIR
100
AcDbVertex
100
AcDb3dPolylineVertex
 10
566521.31
 20
4178561.81
 30
0.0
 70
32
  0
VERTEX
  5
E1
330
DE
100
AcDbEntity
  8
PARSEL_SINIR
100
AcDbVertex
100
AcDb3dPolylineVertex
 10
566516.94
 20
4178558.2
 30
0.0
 70
32
  0
VERTEX
  5
E2
330
DE
100
AcDbEntity
  8
PARSEL_SINIR
100
AcDbVertex
100
AcDb3dPolylineVertex
 10
566508.47
 20
4178552.98
 30
0.0
 70
32
  0
VERTEX
  5
E3
330
DE
100
AcDbEntity
  8
PARSEL_SINIR
100
AcDbVertex
100
AcDb3dPolylineVertex
 10
566493.09
 20
4178541.93
 30
0.0
 70
32
  0
VERTEX
  5
E4
330
DE
100
AcDbEntity
  8
PARSEL_SINIR
100
AcDbVertex
100
AcDb3dPolylineVertex
 10
566486.28
 20
4178536.71
 30
0.0
 70
32
  0
VERTEX
  5
E5
330
DE
100
AcDbEntity
  8
PARSEL_SINIR
100
AcDbVertex
100
AcDb3dPolylineVertex
 10
566476.3
 20
4178543.48
 30
0.0
 70
32
  0
VERTEX
  5
E6
330
DE
100
AcDbEntity
  8
PARSEL_SINIR
100
AcDbVertex
100
AcDb3dPolylineVertex
 10
566463.8
 20
4178550.41
 30
0.0
 70
32
  0
VERTEX
  5
E7
330
DE
100
AcDbEntity
  8
PARSEL_SINIR
100
AcDbVertex
100
AcDb3dPolylineVertex
 10
566455.39
 20
4178543.76
 30
0.0
 70
32
  0
VERTEX
  5
E8
330
DE
100
AcDbEntity
  8
PARSEL_SINIR
100
AcDbVertex
100
AcDb3dPolylineVertex
 10
566446.28
 20
4178534.52
 30
0.0
 70
32
  0
VERTEX
  5
E9
330
DE
100
AcDbEntity
  8
PARSEL_SINIR
100
AcDbVertex
100
AcDb3dPolylineVertex
 10
566439.05
 20
4178526.23
 30
0.0
 70
32
  0
VERTEX
  5
EA
330
DE
100
AcDbEntity
  8
PARSEL_SINIR
100
AcDbVertex
100
AcDb3dPolylineVertex
 10
566435.89
 20
4178520.41
 30
0.0
 70
32
  0
VERTEX
  5
EB
330
DE
100
AcDbEntity
  8
PARSEL_SINIR
100
AcDbVertex
100
AcDb3dPolylineVertex
 10
566432.46
 20
4178537.17
 30
0.0
 70
32
  0
VERTEX
  5
EC
330
DE
100
AcDbEntity
  8
PARSEL_SINIR
100
AcDbVertex
100
AcDb3dPolylineVertex
 10
566428.54
 20
4178544.88
 30
0.0
 70
32
  0
VERTEX
  5
ED
330
DE
100
AcDbEntity
  8
PARSEL_SINIR
100
AcDbVertex
100
AcDb3dPolylineVertex
 10
566419.7
 20
4178555.67
 30
0.0
 70
32
  0
SEQEND
  5
EE
330
1F
100
AcDbEntity
  8
PARSEL_SINIR
  0
TEXT
  5
EF
330
1F
100
AcDbEntity
  8
PARSEL_NO
100
AcDbText
 10
566462.3767857754
 20
4178542.740000012
 30
0.0
 40
1.399999976158142
  1
189/117
100
AcDbText
  0
LINE
  5
F0
330
1F
100
AcDbEntity
  8
PARSEL_BOLME
100
AcDbLine
 10
566407.16
 20
4178568.98
 30
0.0
 11
566549.08
 21
4178577.42
 31
0.0
  0
LINE
  5
F1
330
1F
100
AcDbEntity
  8
PARSEL_BOLME
100
AcDbLine
 10
566419.7
 20
4178555.67
 30
0.0
 11
566521.31
 21
4178561.81
 31
0.0
  0
POLYLINE
  5
F2
330
1F
100
AcDbEntity
  8
ADA_SINIR
100
AcDb3dPolyline
 66
1
 10
0.0
 20
0.0
 30
0.0
 70
9
  0
VERTEX
  5
F3
330
F2
100
AcDbEntity
  8
ADA_SINIR
100
AcDbVertex
100
AcDb3dPolylineVertex
 10
566396.58
 20
4178580.33
 30
0.0
 70
32
  0
VERTEX
  5
F4
330
F2
100
AcDbEntity
  8
ADA_SINIR
100
AcDbVertex
100
AcDb3dPolylineVertex
 10
566400.39
 20
4178582.76
 30
0.0
 70
32
  0
VERTEX
  5
F5
330
F2
100
AcDbEntity
  8
ADA_SINIR
100
AcDbVertex
100
AcDb3dPolylineVertex
 10
566405.21
 20
4178583.03
 30
0.0
 70
32
  0
VERTEX
  5
F6
330
F2
100
AcDbEntity
  8
ADA_SINIR
100
AcDbVertex
100
AcDb3dPolylineVertex
 10
566423.73
 20
4178585.09
 30
0.0
 70
32
  0
VERTEX
  5
F7
330
F2
100
AcDbEntity
  8
ADA_SINIR
100
AcDbVertex
100
AcDb3dPolylineVertex
 10
566433.94
 20
4178586.78
 30
0.0
 70
32
  0
VERTEX
  5
F8
330
F2
100
AcDbEntity
  8
ADA_SINIR
100
AcDbVertex
100
AcDb3dPolylineVertex
 10
566448.56
 20
4178587.19
 30
0.0
 70
32
  0
VERTEX
  5
F9
330
F2
100
AcDbEntity
  8
ADA_SINIR
100
AcDbVertex
100
AcDb3dPolylineVertex
 10
566462.47
 20
4178588.47
 30
0.0
 70
32
  0
VERTEX
  5
FA
330
F2
100
AcDbEntity
  8
ADA_SINIR
100
AcDbVertex
100
AcDb3dPolylineVertex
 10
566473.15
 20
4178586.97
 30
0.0
 70
32
  0
VERTEX
  5
FB
330
F2
100
AcDbEntity
  8
ADA_SINIR
100
AcDbVertex
100
AcDb3dPolylineVertex
 10
566489.1
 20
4178587.0
 30
0.0
 70
32
  0
VERTEX
  5
FC
330
F2
100
AcDbEntity
  8
ADA_SINIR
100
AcDbVertex
100
AcDb3dPolylineVertex
 10
566502.79
 20
4178588.14
 30
0.0
 70
32
  0
VERTEX
  5
FD
330
F2
100
AcDbEntity
  8
ADA_SINIR
100
AcDbVertex
100
AcDb3dPolylineVertex
 10
566517.43
 20
4178589.36
 30
0.0
 70
32
  0
VERTEX
  5
FE
330
F2
100
AcDbEntity
  8
ADA_SINIR
100
AcDbVertex
100
AcDb3dPolylineVertex
 10
566526.71
 20
4178590.24
 30
0.0
 70
32
  0
VERTEX
  5
FF
330
F2
100
AcDbEntity
  8
ADA_SINIR
100
AcDbVertex
100
AcDb3dPolylineVertex
 10
566541.99
 20
4178590.72
 30
0.0
 70
32
  0
VERTEX
  5
100
330
F2
100
AcDbEntity
  8
ADA_SINIR
100
AcDbVertex
100
AcDb3dPolylineVertex
 10
566544.13
 20
4178583.49
 30
0.0
 70
32
  0
VERTEX
  5
101
330
F2
100
AcDbEntity
  8
ADA_SINIR
100
AcDbVertex
100
AcDb3dPolylineVertex
 10
566549.08
 20
4178577.42
 30
0.0
 70
32
  0
VERTEX
  5
102
330
F2
100
AcDbEntity
  8
ADA_SINIR
100
AcDbVertex
100
AcDb3dPolylineVertex
 10
566542.44
 20
4178573.64
 30
0.0
 70
32
  0
VERTEX
  5
103
330
F2
100
AcDbEntity
  8
ADA_SINIR
100
AcDbVertex
100
AcDb3dPolylineVertex
 10
566526.94
 20
4178566.45
 30
0.0
 70
32
  0
VERTEX
  5
104
330
F2
100
AcDbEntity
  8
ADA_SINIR
100
AcDbVertex
100
AcDb3dPolylineVertex
 10
566521.31
 20
4178561.81
 30
0.0
 70
32
  0
VERTEX
  5
105
330
F2
100
AcDbEntity
  8
ADA_SINIR
100
AcDbVertex
100
AcDb3dPolylineVertex
 10
566516.94
 20
4178558.2
 30
0.0
 70
32
  0
VERTEX
  5
106
330
F2
100
AcDbEntity
  8
ADA_SINIR
100
AcDbVertex
100
AcDb3dPolylineVertex
 10
566508.47
 20
4178552.98
 30
0.0
 70
32
  0
VERTEX
  5
107
330
F2
100
AcDbEntity
  8
ADA_SINIR
100
AcDbVertex
100
AcDb3dPolylineVertex
 10
566493.09
 20
4178541.93
 30
0.0
 70
32
  0
VERTEX
  5
108
330
F2
100
AcDbEntity
  8
ADA_SINIR
100
AcDbVertex
100
AcDb3dPolylineVertex
 10
566486.28
 20
4178536.71
 30
0.0
 70
32
  0
VERTEX
  5
109
330
F2
100
AcDbEntity
  8
ADA_SINIR
100
AcDbVertex
100
AcDb3dPolylineVertex
 10
566476.3
 20
4178543.48
 30
0.0
 70
32
  0
VERTEX
  5
10A
330
F2
100
AcDbEntity
  8
ADA_SINIR
100
AcDbVertex
100
AcDb3dPolylineVertex
 10
566463.8
 20
4178550.41
 30
0.0
 70
32
  0
VERTEX
  5
10B
330
F2
100
AcDbEntity
  8
ADA_SINIR
100
AcDbVertex
100
AcDb3dPolylineVertex
 10
566455.39
 20
4178543.76
 30
0.0
 70
32
  0
VERTEX
  5
10C
330
F2
100
AcDbEntity
  8
ADA_SINIR
100
AcDbVertex
100
AcDb3dPolylineVertex
 10
566446.28
 20
4178534.52
 30
0.0
 70
32
  0
VERTEX
  5
10D
330
F2
100
AcDbEntity
  8
ADA_SINIR
100
AcDbVertex
100
AcDb3dPolylineVertex
 10
566439.05
 20
4178526.23
 30
0.0
 70
32
  0
VERTEX
  5
10E
330
F2
100
AcDbEntity
  8
ADA_SINIR
100
AcDbVertex
100
AcDb3dPolylineVertex
 10
566435.89
 20
4178520.41
 30
0.0
 70
32
  0
VERTEX
  5
10F
330
F2
100
AcDbEntity
  8
ADA_SINIR
100
AcDbVertex
100
AcDb3dPolylineVertex
 10
566432.46
 20
4178537.17
 30
0.0
 70
32
  0
VERTEX
  5
110
330
F2
100
AcDbEntity
  8
ADA_SINIR
100
AcDbVertex
100
AcDb3dPolylineVertex
 10
566428.54
 20
4178544.88
 30
0.0
 70
32
  0
VERTEX
  5
111
330
F2
100
AcDbEntity
  8
ADA_SINIR
100
AcDbVertex
100
AcDb3dPolylineVertex
 10
566419.7
 20
4178555.67
 30
0.0
 70
32
  0
VERTEX
  5
112
330
F2
100
AcDbEntity
  8
ADA_SINIR
100
AcDbVertex
100
AcDb3dPolylineVertex
 10
566416.46
 20
4178559.62
 30
0.0
 70
32
  0
VERTEX
  5
113
330
F2
100
AcDbEntity
  8
ADA_SINIR
100
AcDbVertex
100
AcDb3dPolylineVertex
 10
566407.16
 20
4178568.98
 30
0.0
 70
32
  0
VERTEX
  5
114
330
F2
100
AcDbEntity
  8
ADA_SINIR
100
AcDbVertex
100
AcDb3dPolylineVertex
 10
566404.45
 20
4178571.7
 30
0.0
 70
32
  0
VERTEX
  5
115
330
F2
100
AcDbEntity
  8
ADA_SINIR
100
AcDbVertex
100
AcDb3dPolylineVertex
 10
566396.58
 20
4178580.33
 30
0.0
 70
32
  0
SEQEND
  5
116
330
1F
100
AcDbEntity
  8
ADA_SINIR
  0
POLYLINE
  5
117
330
1F
100
AcDbEntity
  8
CEKME_MESAFESI
100
AcDb3dPolyline
 66
1
 10
0.0
 20
0.0
 30
0.0
 70
9
  0
VERTEX
  5
118
330
117
100
AcDbEntity
  8
CEKME_MESAFESI
100
AcDbVertex
100
AcDb3dPolylineVertex
 10
566405.4599740782
 20
4178580.0392861
 30
0.0
 70
32
  0
VERTEX
  5
119
330
117
100
AcDbEntity
  8
CEKME_MESAFESI
100
AcDbVertex
100
AcDb3dPolylineVertex
 10
566424.1410094256
 20
4178582.117198239
 30
0.0
 70
32
  0
VERTEX
  5
11A
330
117
100
AcDbEntity
  8
CEKME_MESAFESI
100
AcDbVertex
100
AcDb3dPolylineVertex
 10
566434.2283430507
 20
4178583.786894009
 30
0.0
 70
32
  0
VERTEX
  5
11B
330
117
100
AcDbEntity
  8
CEKME_MESAFESI
100
AcDbVertex
100
AcDb3dPolylineVertex
 10
566448.7397874462
 20
4178584.1938497
 30
0.0
 70
32
  0
VERTEX
  5
11C
330
117
100
AcDbEntity
  8
CEKME_MESAFESI
100
AcDbVertex
100
AcDb3dPolylineVertex
 10
566462.3979882307
 20
4178585.450679104
 30
0.0
 70
32
  0
VERTEX
  5
11D
330
117
100
AcDbEntity
  8
CEKME_MESAFESI
100
AcDbVertex
100
AcDb3dPolylineVertex
 10
566472.9433941287
 20
4178583.96958277
 30
0.0
 70
32
  0
VERTEX
  5
11E
330
117
100
AcDbEntity
  8
CEKME_MESAFESI
100
AcDbVertex
100
AcDb3dPolylineVertex
 10
566489.2275608764
 20
4178584.000211297
 30
0.0
 70
32
  0
VERTEX
  5
11F
330
117
100
AcDbEntity
  8
CEKME_MESAFESI
100
AcDbVertex
100
AcDb3dPolylineVertex
 10
566502.8283911145
 20
4178585.132785114
 30
0.0
 70
32
  0
VERTEX
  5
120
330
117
100
AcDbEntity
  8
CEKME_MESAFESI
100
AcDbVertex
100
AcDb3dPolylineVertex
 10
566517.6986028145
 20
4178586.371970222
 30
0.0
 70
32
  0
VERTEX
  5
121
330
117
100
AcDbEntity
  8
CEKME_MESAFESI
100
AcDbVertex
100
AcDb3dPolylineVertex
 10
566526.8997342904
 20
4178587.244491308
 30
0.0
 70
32
  0
VERTEX
  5
122
330
117
100
AcDbEntity
  8
CEKME_MESAFESI
100
AcDbVertex
100
AcDb3dPolylineVertex
 10
566539.7703883556
 20
4178587.648805049
 30
0.0
 70
32
  0
VERTEX
  5
123
330
117
100
AcDbEntity
  8
CEKME_MESAFESI
100
AcDbVertex
100
AcDb3dPolylineVertex
 10
566541.424368889
 20
4178582.06082409
 30
0.0
 70
32
  0
VERTEX
  5
124
330
117
100
AcDbEntity
  8
CEKME_MESAFESI
100
AcDbVertex
100
AcDb3dPolylineVertex
 10
566543.0505272642
 20
4178580.066726848
 30
0.0
 70
32
  0
VERTEX
  5
125
330
117
100
AcDbEntity
  8
CEKME_MESAFESI
100
AcDbVertex
100
AcDb3dPolylineVertex
 10
566410.9964925089
 20
4178572.213457025
 30
0.0
 70
32
  0
VERTEX
  5
126
330
117
100
AcDbEntity
  8
CEKME_MESAFESI
100
AcDbVertex
100
AcDb3dPolylineVertex
 10
566408.0702178836
 20
4178575.150529714
 30
0.0
 70
32
  0
VERTEX
  5
127
330
117
100
AcDbEntity
  8
CEKME_MESAFESI
100
AcDbVertex
100
AcDb3dPolylineVertex
 10
566403.7018028335
 20
4178579.940799328
 30
0.0
 70
32
  0
VERTEX
  5
128
330
117
100
AcDbEntity
  8
CEKME_MESAFESI
100
AcDbVertex
100
AcDb3dPolylineVertex
 10
566405.4599740782
 20
4178580.0392861
 30
0.0
 70
32
  0
SEQEND
  5
129
330
1F
100
AcDbEntity
  8
CEKME_MESAFESI
  0
POLYLINE
  5
12A
330
1F
100
AcDbEntity
  8
CEKME_MESAFESI
100
AcDb3dPolyline
 66
1
 10
0.0
 20
0.0
 30
0.0
 70
9
  0
VERTEX
  5
12B
330
12A
100
AcDbEntity
  8
CEKME_MESAFESI
100
AcDbVertex
100
AcDb3dPolylineVertex
 10
566423.5126402619
 20
4178558.905859521
 30
0.0
 70
32
  0
VERTEX
  5
12C
330
12A
100
AcDbEntity
  8
CEKME_MESAFESI
100
AcDbVertex
100
AcDb3dPolylineVertex
 10
566420.1746393642
 20
4178562.975335921
 30
0.0
 70
32
  0
VERTEX
  5
12D
330
12A
100
AcDbEntity
  8
CEKME_MESAFESI
100
AcDbVertex
100
AcDb3dPolylineVertex
 10
566416.6346550809
 20
4178566.538158814
 30
0.0
 70
32
  0
VERTEX
  5
12E
330
12A
100
AcDbEntity
  8
CEKME_MESAFESI
100
AcDbVertex
100
AcDb3dPolylineVertex
 10
566529.7497994417
 20
4178573.265130478
 30
0.0
 70
32
  0
VERTEX
  5
12F
330
12A
100
AcDbEntity
  8
CEKME_MESAFESI
100
AcDbVertex
100
AcDb3dPolylineVertex
 10
566524.2547069124
 20
4178570.716116589
 30
0.0
 70
32
  0
VERTEX
  5
130
330
12A
100
AcDbEntity
  8
CEKME_MESAFESI
100
AcDbVertex
100
AcDb3dPolylineVertex
 10
566516.7616008248
 20
4178564.540625959
 30
0.0
 70
32
  0
VERTEX
  5
131
330
12A
100
AcDbEntity
  8
CEKME_MESAFESI
100
AcDbVertex
100
AcDb3dPolylineVertex
 10
566423.5126402619
 20
4178558.905859521
 30
0.0
 70
32
  0
SEQEND
  5
132
330
1F
100
AcDbEntity
  8
CEKME_MESAFESI
  0
POLYLINE
  5
133
330
1F
100
AcDbEntity
  8
CEKME_MESAFESI
100
AcDb3dPolyline
 66
1
 10
0.0
 20
0.0
 30
0.0
 70
9
  0
VERTEX
  5
134
330
133
100
AcDbEntity
  8
CEKME_MESAFESI
100
AcDbVertex
100
AcDb3dPolylineVertex
 10
566486.1728607782
 20
4178540.407811229
 30
0.0
 70
32
  0
VERTEX
  5
135
330
133
100
AcDbEntity
  8
CEKME_MESAFESI
100
AcDbVertex
100
AcDb3dPolylineVertex
 10
566477.8728214506
 20
4178546.038198632
 30
0.0
 70
32
  0
VERTEX
  5
136
330
133
100
AcDbEntity
  8
CEKME_MESAFESI
100
AcDbVertex
100
AcDb3dPolylineVertex
 10
566463.5068267819
 20
4178554.002706073
 30
0.0
 70
32
  0
VERTEX
  5
137
330
133
100
AcDbEntity
  8
CEKME_MESAFESI
100
AcDbVertex
100
AcDb3dPolylineVertex
 10
566453.3836888759
 20
4178545.998084539
 30
0.0
 70
32
  0
VERTEX
  5
138
330
133
100
AcDbEntity
  8
CEKME_MESAFESI
100
AcDbVertex
100
AcDb3dPolylineVertex
 10
566444.0792994027
 20
4178536.560921118
 30
0.0
 70
32
  0
VERTEX
  5
139
330
133
100
AcDbEntity
  8
CEKME_MESAFESI
100
AcDbVertex
100
AcDb3dPolylineVertex
 10
566436.5716207118
 20
4178527.952531589
 30
0.0
 70
32
  0
VERTEX
  5
13A
330
133
100
AcDbEntity
  8
CEKME_MESAFESI
100
AcDbVertex
100
AcDb3dPolylineVertex
 10
566438.6620724282
 20
4178531.802667344
 30
0.0
 70
32
  0
VERTEX
  5
13B
330
133
100
AcDbEntity
  8
CEKME_MESAFESI
100
AcDbVertex
100
AcDb3dPolylineVertex
 10
566437.2230541523
 20
4178538.834138571
 30
0.0
 70
32
  0
VERTEX
  5
13C
330
133
100
AcDbEntity
  8
CEKME_MESAFESI
100
AcDbVertex
100
AcDb3dPolylineVertex
 10
566432.7513252972
 20
4178547.629299149
 30
0.0
 70
32
  0
VERTEX
  5
13D
330
133
100
AcDbEntity
  8
CEKME_MESAFESI
100
AcDbVertex
100
AcDb3dPolylineVertex
 10
566428.2050222758
 20
4178553.178463132
 30
0.0
 70
32
  0
VERTEX
  5
13E
330
133
100
AcDbEntity
  8
CEKME_MESAFESI
100
AcDbVertex
100
AcDb3dPolylineVertex
 10
566511.2128821197
 20
4178558.194389315
 30
0.0
 70
32
  0
VERTEX
  5
13F
330
133
100
AcDbEntity
  8
CEKME_MESAFESI
100
AcDbVertex
100
AcDb3dPolylineVertex
 10
566506.8058722564
 20
4178555.478380877
 30
0.0
 70
32
  0
VERTEX
  5
140
330
133
100
AcDbEntity
  8
CEKME_MESAFESI
100
AcDbVertex
100
AcDb3dPolylineVertex
 10
566491.3016837783
 20
4178544.339155741
 30
0.0
 70
32
  0
VERTEX
  5
141
330
133
100
AcDbEntity
  8
CEKME_MESAFESI
100
AcDbVertex
100
AcDb3dPolylineVertex
 10
566486.1728607782
 20
4178540.407811229
 30
0.0
 70
32
  0
SEQEND
  5
142
330
1F
100
AcDbEntity
  8
CEKME_MESAFESI
  0
POLYLINE
  5
143
330
1F
100
AcDbEntity
  8
YAPI_YAKLASMA_117
100
AcDb3dPolyline
 66
1
 10
0.0
 20
0.0
 30
0.0
 70
9
  0
VERTEX
  5
144
330
143
100
AcDbEntity
  8
YAPI_YAKLASMA_117
100
AcDbVertex
100
AcDb3dPolylineVertex
 10
566511.2128846926
 20
4178558.194388203
 30
0.0
 70
32
  0
VERTEX
  5
145
330
143
100
AcDbEntity
  8
YAPI_YAKLASMA_117
100
AcDbVertex
100
AcDb3dPolylineVertex
 10
566506.805708524
 20
4178555.47827727
 30
0.0
 70
32
  0
VERTEX
  5
146
330
143
100
AcDbEntity
  8
YAPI_YAKLASMA_117
100
AcDbVertex
100
AcDb3dPolylineVertex
 10
566491.3018082373
 20
4178544.339259184
 30
0.0
 70
32
  0
VERTEX
  5
147
330
143
100
AcDbEntity
  8
YAPI_YAKLASMA_117
100
AcDbVertex
100
AcDb3dPolylineVertex
 10
566486.1728479476
 20
4178540.407809447
 30
0.0
 70
32
  0
VERTEX
  5
148
330
143
100
AcDbEntity
  8
YAPI_YAKLASMA_117
100
AcDbVertex
100
AcDb3dPolylineVertex
 10
566477.8725460689
 20
4178546.03837495
 30
0.0
 70
32
  0
VERTEX
  5
149
330
143
100
AcDbEntity
  8
YAPI_YAKLASMA_117
100
AcDbVertex
100
AcDb3dPolylineVertex
 10
566463.5068226786
 20
4178554.002731997
 30
0.0
 70
32
  0
VERTEX
  5
14A
330
143
100
AcDbEntity
  8
YAPI_YAKLASMA_117
100
AcDbVertex
100
AcDb3dPolylineVertex
 10
566453.3838487351
 20
4178545.998240115
 30
0.0
 70
32
  0
VERTEX
  5
14B
330
143
100
AcDbEntity
  8
YAPI_YAKLASMA_117
100
AcDbVertex
100
AcDb3dPolylineVertex
 10
566444.0793300221
 20
4178536.560945614
 30
0.0
 70
32
  0
VERTEX
  5
14C
330
143
100
AcDbEntity
  8
YAPI_YAKLASMA_117
100
AcDbVertex
100
AcDb3dPolylineVertex
 10
566438.902959047
 20
4178530.625659945
 30
0.0
 70
32
  0
VERTEX
  5
14D
330
143
100
AcDbEntity
  8
YAPI_YAKLASMA_117
100
AcDbVertex
100
AcDb3dPolylineVertex
 10
566437.3584703039
 20
4178538.172491238
 30
0.0
 70
32
  0
VERTEX
  5
14E
330
143
100
AcDbEntity
  8
YAPI_YAKLASMA_117
100
AcDbVertex
100
AcDb3dPolylineVertex
 10
566437.2492598121
 20
4178538.606311405
 30
0.0
 70
32
  0
VERTEX
  5
14F
330
143
100
AcDbEntity
  8
YAPI_YAKLASMA_117
100
AcDbVertex
100
AcDb3dPolylineVertex
 10
566437.1017109373
 20
4178539.028633792
 30
0.0
 70
32
  0
VERTEX
  5
150
330
143
100
AcDbEntity
  8
YAPI_YAKLASMA_117
100
AcDbVertex
100
AcDb3dPolylineVertex
 10
566436.9170048194
 20
4178539.436077677
 30
0.0
 70
32
  0
VERTEX
  5
151
330
143
100
AcDbEntity
  8
YAPI_YAKLASMA_117
100
AcDbVertex
100
AcDb3dPolylineVertex
 10
566432.9970048195
 20
4178547.146077677
 30
0.0
 70
32
  0
VERTEX
  5
152
330
143
100
AcDbEntity
  8
YAPI_YAKLASMA_117
100
AcDbVertex
100
AcDb3dPolylineVertex
 10
566432.7267541658
 20
4178547.61332939
 30
0.0
 70
32
  0
VERTEX
  5
153
330
143
100
AcDbEntity
  8
YAPI_YAKLASMA_117
100
AcDbVertex
100
AcDb3dPolylineVertex
 10
566432.407709475
 20
4178548.048725835
 30
0.0
 70
32
  0
VERTEX
  5
154
330
143
100
AcDbEntity
  8
YAPI_YAKLASMA_117
100
AcDbVertex
100
AcDb3dPolylineVertex
 10
566428.2050336123
 20
4178553.17846255
 30
0.0
 70
32
  0
VERTEX
  5
155
330
143
100
AcDbEntity
  8
YAPI_YAKLASMA_117
100
AcDbVertex
100
AcDb3dPolylineVertex
 10
566511.2128846926
 20
4178558.194388203
 30
0.0
 70
32
  0
SEQEND
  5
156
330
1F
100
AcDbEntity
  8
YAPI_YAKLASMA_117
  0
LINE
  5
157
330
1F
100
AcDbEntity
  8
KUZEY_CEKME_117
100
AcDbLine
 10
566428.2050336123
 20
4178553.17846255
 30
0.0
 11
566511.2128846926
 21
4178558.194388203
 31
0.0
  0
LWPOLYLINE
  5
158
330
1F
100
AcDbEntity
  8
0
100
AcDbPolyline
 90
5
 70
0
 10
566450.1353115444
 20
4178554.503646159
 10
566450.4399647772
 20
4178549.512936148
 10
566458.4251007938
 20
4178550.000381321
 10
566458.120447561
 20
4178554.991091331
 10
566450.1353115444
 20
4178554.503646159
  0
LWPOLYLINE
  5
159
330
1F
100
AcDbEntity
  8
0
100
AcDbPolyline
 90
5
 70
0
 10
566450.1353115444
 20
4178554.503646159
 10
566445.144601557
 20
4178554.198992549
 10
566445.6320473325
 20
4178546.213856569
 10
566450.6227573198
 20
4178546.518510179
 10
566450.1353115444
 20
4178554.503646159
  0
LWPOLYLINE
  5
15A
330
1F
100
AcDbEntity
  8
0
100
AcDbPolyline
 90
5
 70
0
 10
566445.1446015685
 20
4178554.198992364
 10
566440.1538915811
 20
4178553.894338754
 10
566440.6413373565
 20
4178545.909202774
 10
566445.6320473439
 20
4178546.213856384
 10
566445.1446015685
 20
4178554.198992364
  0
LWPOLYLINE
  5
15B
330
1F
100
AcDbEntity
  8
0
100
AcDbPolyline
 90
5
 70
0
 10
566432.1687556031
 20
4178553.40689295
 10
566432.4734088359
 20
4178548.416182939
 10
566440.4585448526
 20
4178548.903628112
 10
566440.1538916198
 20
4178553.894338122
 10
566432.1687556031
 20
4178553.40689295
  0
LWPOLYLINE
  5
15C
330
1F
100
AcDbEntity
  8
0
100
AcDbPolyline
 90
5
 70
0
 10
566492.1748388222
 20
4178557.059909164
 10
566492.479492055
 20
4178552.069199154
 10
566500.4646280716
 20
4178552.556644326
 10
566500.1599748388
 20
4178557.547354336
 10
566492.1748388222
 20
4178557.059909164
  0
LWPOLYLINE
  5
15D
330
1F
100
AcDbEntity
  8
0
100
AcDbPolyline
 90
5
 70
0
 10
566492.1748388222
 20
4178557.059909164
 10
566487.1841288349
 20
4178556.755255555
 10
566487.6715746103
 20
4178548.770119575
 10
566492.6622845976
 20
4178549.074773184
 10
566492.1748388222
 20
4178557.059909164
  0
LWPOLYLINE
  5
15E
330
1F
100
AcDbEntity
  8
0
100
AcDbPolyline
 90
5
 70
0
 10
566487.1841288463
 20
4178556.755255369
 10
566482.1934188589
 20
4178556.450601759
 10
566482.6808646343
 20
4178548.465465779
 10
566487.6715746217
 20
4178548.770119389
 10
566487.1841288463
 20
4178556.755255369
  0
LWPOLYLINE
  5
15F
330
1F
100
AcDbEntity
  8
0
100
AcDbPolyline
 90
5
 70
0
 10
566474.208282881
 20
4178555.963155955
 10
566474.5129361138
 20
4178550.972445945
 10
566482.4980721304
 20
4178551.459891117
 10
566482.1934188976
 20
4178556.450601127
 10
566474.208282881
 20
4178555.963155955
  0
POLYLINE
  5
160
330
1F
100
AcDbEntity
  8
BINA_116
100
AcDb3dPolyline
 66
1
 10
0.0
 20
0.0
 30
0.0
 70
9
  0
VERTEX
  5
161
330
160
100
AcDbEntity
  8
BINA_116
100
AcDbVertex
100
AcDb3dPolylineVertex
 10
566423.7071569465
 20
4178558.917613132
 30
0.0
 70
32
  0
VERTEX
  5
162
330
160
100
AcDbEntity
  8
BINA_116
100
AcDbVertex
100
AcDb3dPolylineVertex
 10
566428.7357678588
 20
4178559.221477624
 30
0.0
 70
32
  0
VERTEX
  5
163
330
160
100
AcDbEntity
  8
BINA_116
100
AcDbVertex
100
AcDb3dPolylineVertex
 10
566428.2568500721
 20
4178567.147020997
 30
0.0
 70
32
  0
VERTEX
  5
164
330
160
100
AcDbEntity
  8
BINA_116
100
AcDbVertex
100
AcDb3dPolylineVertex
 10
566423.2282391598
 20
4178566.843156505
 30
0.0
 70
32
  0
VERTEX
  5
165
330
160
100
AcDbEntity
  8
BINA_116
100
AcDbVertex
100
AcDb3dPolylineVertex
 10
566423.7071569465
 20
4178558.917613132
 30
0.0
 70
32
  0
SEQEND
  5
166
330
1F
100
AcDbEntity
  8
BINA_116
  0
POLYLINE
  5
167
330
1F
100
AcDbEntity
  8
BINA_116
100
AcDb3dPolyline
 66
1
 10
0.0
 20
0.0
 30
0.0
 70
9
  0
VERTEX
  5
168
330
167
100
AcDbEntity
  8
BINA_116
100
AcDbVertex
100
AcDb3dPolylineVertex
 10
566428.5584355801
 20
4178562.156124666
 30
0.0
 70
32
  0
VERTEX
  5
169
330
167
100
AcDbEntity
  8
BINA_116
100
AcDbVertex
100
AcDb3dPolylineVertex
 10
566436.5438697089
 20
4178562.638661479
 30
0.0
 70
32
  0
VERTEX
  5
16A
330
167
100
AcDbEntity
  8
BINA_116
100
AcDbVertex
100
AcDb3dPolylineVertex
 10
566436.2422842009
 20
4178567.629557809
 30
0.0
 70
32
  0
VERTEX
  5
16B
330
167
100
AcDbEntity
  8
BINA_116
100
AcDbVertex
100
AcDb3dPolylineVertex
 10
566428.2568500721
 20
4178567.147020997
 30
0.0
 70
32
  0
VERTEX
  5
16C
330
167
100
AcDbEntity
  8
BINA_116
100
AcDbVertex
100
AcDb3dPolylineVertex
 10
566428.5584355801
 20
4178562.156124666
 30
0.0
 70
32
  0
SEQEND
  5
16D
330
1F
100
AcDbEntity
  8
BINA_116
  0
POLYLINE
  5
16E
330
1F
100
AcDbEntity
  8
BINA_116
100
AcDb3dPolyline
 66
1
 10
0.0
 20
0.0
 30
0.0
 70
9
  0
VERTEX
  5
16F
330
16E
100
AcDbEntity
  8
BINA_116
100
AcDbVertex
100
AcDb3dPolylineVertex
 10
566436.5438697089
 20
4178562.638661479
 30
0.0
 70
32
  0
VERTEX
  5
170
330
16E
100
AcDbEntity
  8
BINA_116
100
AcDbVertex
100
AcDb3dPolylineVertex
 10
566444.5293038376
 20
4178563.121198291
 30
0.0
 70
32
  0
VERTEX
  5
171
330
16E
100
AcDbEntity
  8
BINA_116
100
AcDbVertex
100
AcDb3dPolylineVertex
 10
566444.2277183295
 20
4178568.112094622
 30
0.0
 70
32
  0
VERTEX
  5
172
330
16E
100
AcDbEntity
  8
BINA_116
100
AcDbVertex
100
AcDb3dPolylineVertex
 10
566436.2422842009
 20
4178567.629557809
 30
0.0
 70
32
  0
VERTEX
  5
173
330
16E
100
AcDbEntity
  8
BINA_116
100
AcDbVertex
100
AcDb3dPolylineVertex
 10
566436.5438697089
 20
4178562.638661479
 30
0.0
 70
32
  0
SEQEND
  5
174
330
1F
100
AcDbEntity
  8
BINA_116
  0
POLYLINE
  5
175
330
1F
100
AcDbEntity
  8
BINA_116
100
AcDb3dPolyline
 66
1
 10
0.0
 20
0.0
 30
0.0
 70
9
  0
VERTEX
  5
176
330
175
100
AcDbEntity
  8
BINA_116
100
AcDbVertex
100
AcDb3dPolylineVertex
 10
566444.7066361163
 20
4178560.186551249
 30
0.0
 70
32
  0
VERTEX
  5
177
330
175
100
AcDbEntity
  8
BINA_116
100
AcDbVertex
100
AcDb3dPolylineVertex
 10
566449.7352470285
 20
4178560.490415741
 30
0.0
 70
32
  0
VERTEX
  5
178
330
175
100
AcDbEntity
  8
BINA_116
100
AcDbVertex
100
AcDb3dPolylineVertex
 10
566449.2563292418
 20
4178568.415959114
 30
0.0
 70
32
  0
VERTEX
  5
179
330
175
100
AcDbEntity
  8
BINA_116
100
AcDbVertex
100
AcDb3dPolylineVertex
 10
566444.2277183295
 20
4178568.112094622
 30
0.0
 70
32
  0
VERTEX
  5
17A
330
175
100
AcDbEntity
  8
BINA_116
100
AcDbVertex
100
AcDb3dPolylineVertex
 10
566444.7066361163
 20
4178560.186551249
 30
0.0
 70
32
  0
SEQEND
  5
17B
330
1F
100
AcDbEntity
  8
BINA_116
  0
POLYLINE
  5
17C
330
1F
100
AcDbEntity
  8
BINA_116
100
AcDb3dPolyline
 66
1
 10
0.0
 20
0.0
 30
0.0
 70
9
  0
VERTEX
  5
17D
330
17C
100
AcDbEntity
  8
BINA_116
100
AcDbVertex
100
AcDb3dPolylineVertex
 10
566457.139239409
 20
4178560.967379567
 30
0.0
 70
32
  0
VERTEX
  5
17E
330
17C
100
AcDbEntity
  8
BINA_116
100
AcDbVertex
100
AcDb3dPolylineVertex
 10
566462.1678503213
 20
4178561.271244059
 30
0.0
 70
32
  0
VERTEX
  5
17F
330
17C
100
AcDbEntity
  8
BINA_116
100
AcDbVertex
100
AcDb3dPolylineVertex
 10
566461.6889325345
 20
4178569.196787432
 30
0.0
 70
32
  0
VERTEX
  5
180
330
17C
100
AcDbEntity
  8
BINA_116
100
AcDbVertex
100
AcDb3dPolylineVertex
 10
566456.6603216223
 20
4178568.89292294
 30
0.0
 70
32
  0
VERTEX
  5
181
330
17C
100
AcDbEntity
  8
BINA_116
100
AcDbVertex
100
AcDb3dPolylineVertex
 10
566457.139239409
 20
4178560.967379567
 30
0.0
 70
32
  0
SEQEND
  5
182
330
1F
100
AcDbEntity
  8
BINA_116
  0
POLYLINE
  5
183
330
1F
100
AcDbEntity
  8
BINA_116
100
AcDb3dPolyline
 66
1
 10
0.0
 20
0.0
 30
0.0
 70
9
  0
VERTEX
  5
184
330
183
100
AcDbEntity
  8
BINA_116
100
AcDbVertex
100
AcDb3dPolylineVertex
 10
566461.9905180426
 20
4178564.205891101
 30
0.0
 70
32
  0
VERTEX
  5
185
330
183
100
AcDbEntity
  8
BINA_116
100
AcDbVertex
100
AcDb3dPolylineVertex
 10
566469.9759521714
 20
4178564.688427914
 30
0.0
 70
32
  0
VERTEX
  5
186
330
183
100
AcDbEntity
  8
BINA_116
100
AcDbVertex
100
AcDb3dPolylineVertex
 10
566469.6743666633
 20
4178569.679324245
 30
0.0
 70
32
  0
VERTEX
  5
187
330
183
100
AcDbEntity
  8
BINA_116
100
AcDbVertex
100
AcDb3dPolylineVertex
 10
566461.6889325345
 20
4178569.196787432
 30
0.0
 70
32
  0
VERTEX
  5
188
330
183
100
AcDbEntity
  8
BINA_116
100
AcDbVertex
100
AcDb3dPolylineVertex
 10
566461.9905180426
 20
4178564.205891101
 30
0.0
 70
32
  0
SEQEND
  5
189
330
1F
100
AcDbEntity
  8
BINA_116
  0
POLYLINE
  5
18A
330
1F
100
AcDbEntity
  8
BINA_116
100
AcDb3dPolyline
 66
1
 10
0.0
 20
0.0
 30
0.0
 70
9
  0
VERTEX
  5
18B
330
18A
100
AcDbEntity
  8
BINA_116
100
AcDbVertex
100
AcDb3dPolylineVertex
 10
566469.9759521714
 20
4178564.688427914
 30
0.0
 70
32
  0
VERTEX
  5
18C
330
18A
100
AcDbEntity
  8
BINA_116
100
AcDbVertex
100
AcDb3dPolylineVertex
 10
566477.9613863
 20
4178565.170964727
 30
0.0
 70
32
  0
VERTEX
  5
18D
330
18A
100
AcDbEntity
  8
BINA_116
100
AcDbVertex
100
AcDb3dPolylineVertex
 10
566477.659800792
 20
4178570.161861057
 30
0.0
 70
32
  0
VERTEX
  5
18E
330
18A
100
AcDbEntity
  8
BINA_116
100
AcDbVertex
100
AcDb3dPolylineVertex
 10
566469.6743666633
 20
4178569.679324245
 30
0.0
 70
32
  0
VERTEX
  5
18F
330
18A
100
AcDbEntity
  8
BINA_116
100
AcDbVertex
100
AcDb3dPolylineVertex
 10
566469.9759521714
 20
4178564.688427914
 30
0.0
 70
32
  0
SEQEND
  5
190
330
1F
100
AcDbEntity
  8
BINA_116
  0
POLYLINE
  5
191
330
1F
100
AcDbEntity
  8
BINA_116
100
AcDb3dPolyline
 66
1
 10
0.0
 20
0.0
 30
0.0
 70
9
  0
VERTEX
  5
192
330
191
100
AcDbEntity
  8
BINA_116
100
AcDbVertex
100
AcDb3dPolylineVertex
 10
566478.1387185787
 20
4178562.236317684
 30
0.0
 70
32
  0
VERTEX
  5
193
330
191
100
AcDbEntity
  8
BINA_116
100
AcDbVertex
100
AcDb3dPolylineVertex
 10
566483.167329491
 20
4178562.540182176
 30
0.0
 70
32
  0
VERTEX
  5
194
330
191
100
AcDbEntity
  8
BINA_116
100
AcDbVertex
100
AcDb3dPolylineVertex
 10
566482.6884117043
 20
4178570.465725549
 30
0.0
 70
32
  0
VERTEX
  5
195
330
191
100
AcDbEntity
  8
BINA_116
100
AcDbVertex
100
AcDb3dPolylineVertex
 10
566477.659800792
 20
4178570.161861057
 30
0.0
 70
32
  0
VERTEX
  5
196
330
191
100
AcDbEntity
  8
BINA_116
100
AcDbVertex
100
AcDb3dPolylineVertex
 10
566478.1387185787
 20
4178562.236317684
 30
0.0
 70
32
  0
SEQEND
  5
197
330
1F
100
AcDbEntity
  8
BINA_116
  0
POLYLINE
  5
198
330
1F
100
AcDbEntity
  8
BINA_116
100
AcDb3dPolyline
 66
1
 10
0.0
 20
0.0
 30
0.0
 70
9
  0
VERTEX
  5
199
330
198
100
AcDbEntity
  8
BINA_116
100
AcDbVertex
100
AcDb3dPolylineVertex
 10
566490.7580229024
 20
4178562.967351154
 30
0.0
 70
32
  0
VERTEX
  5
19A
330
198
100
AcDbEntity
  8
BINA_116
100
AcDbVertex
100
AcDb3dPolylineVertex
 10
566495.7866338147
 20
4178563.271215646
 30
0.0
 70
32
  0
VERTEX
  5
19B
330
198
100
AcDbEntity
  8
BINA_116
100
AcDbVertex
100
AcDb3dPolylineVertex
 10
566495.307716028
 20
4178571.196759019
 30
0.0
 70
32
  0
VERTEX
  5
19C
330
198
100
AcDbEntity
  8
BINA_116
100
AcDbVertex
100
AcDb3dPolylineVertex
 10
566490.2791051157
 20
4178570.892894527
 30
0.0
 70
32
  0
VERTEX
  5
19D
330
198
100
AcDbEntity
  8
BINA_116
100
AcDbVertex
100
AcDb3dPolylineVertex
 10
566490.7580229024
 20
4178562.967351154
 30
0.0
 70
32
  0
SEQEND
  5
19E
330
1F
100
AcDbEntity
  8
BINA_116
  0
POLYLINE
  5
19F
330
1F
100
AcDbEntity
  8
BINA_116
100
AcDb3dPolyline
 66
1
 10
0.0
 20
0.0
 30
0.0
 70
9
  0
VERTEX
  5
1A0
330
19F
100
AcDbEntity
  8
BINA_116
100
AcDbVertex
100
AcDb3dPolylineVertex
 10
566495.609301536
 20
4178566.205862688
 30
0.0
 70
32
  0
VERTEX
  5
1A1
330
19F
100
AcDbEntity
  8
BINA_116
100
AcDbVertex
100
AcDb3dPolylineVertex
 10
566503.5947356648
 20
4178566.688399501
 30
0.0
 70
32
  0
VERTEX
  5
1A2
330
19F
100
AcDbEntity
  8
BINA_116
100
AcDbVertex
100
AcDb3dPolylineVertex
 10
566503.2931501567
 20
4178571.679295832
 30
0.0
 70
32
  0
VERTEX
  5
1A3
330
19F
100
AcDbEntity
  8
BINA_116
100
AcDbVertex
100
AcDb3dPolylineVertex
 10
566495.307716028
 20
4178571.196759019
 30
0.0
 70
32
  0
VERTEX
  5
1A4
330
19F
100
AcDbEntity
  8
BINA_116
100
AcDbVertex
100
AcDb3dPolylineVertex
 10
566495.609301536
 20
4178566.205862688
 30
0.0
 70
32
  0
SEQEND
  5
1A5
330
1F
100
AcDbEntity
  8
BINA_116
  0
POLYLINE
  5
1A6
330
1F
100
AcDbEntity
  8
BINA_116
100
AcDb3dPolyline
 66
1
 10
0.0
 20
0.0
 30
0.0
 70
9
  0
VERTEX
  5
1A7
330
1A6
100
AcDbEntity
  8
BINA_116
100
AcDbVertex
100
AcDb3dPolylineVertex
 10
566503.5947356648
 20
4178566.688399501
 30
0.0
 70
32
  0
VERTEX
  5
1A8
330
1A6
100
AcDbEntity
  8
BINA_116
100
AcDbVertex
100
AcDb3dPolylineVertex
 10
566511.5801697935
 20
4178567.170936314
 30
0.0
 70
32
  0
VERTEX
  5
1A9
330
1A6
100
AcDbEntity
  8
BINA_116
100
AcDbVertex
100
AcDb3dPolylineVertex
 10
566511.2785842854
 20
4178572.161832645
 30
0.0
 70
32
  0
VERTEX
  5
1AA
330
1A6
100
AcDbEntity
  8
BINA_116
100
AcDbVertex
100
AcDb3dPolylineVertex
 10
566503.2931501567
 20
4178571.679295832
 30
0.0
 70
32
  0
VERTEX
  5
1AB
330
1A6
100
AcDbEntity
  8
BINA_116
100
AcDbVertex
100
AcDb3dPolylineVertex
 10
566503.5947356648
 20
4178566.688399501
 30
0.0
 70
32
  0
SEQEND
  5
1AC
330
1F
100
AcDbEntity
  8
BINA_116
  0
POLYLINE
  5
1AD
330
1F
100
AcDbEntity
  8
BINA_116
100
AcDb3dPolyline
 66
1
 10
0.0
 20
0.0
 30
0.0
 70
9
  0
VERTEX
  5
1AE
330
1AD
100
AcDbEntity
  8
BINA_116
100
AcDbVertex
100
AcDb3dPolylineVertex
 10
566511.7575020721
 20
4178564.236289272
 30
0.0
 70
32
  0
VERTEX
  5
1AF
330
1AD
100
AcDbEntity
  8
BINA_116
100
AcDbVertex
100
AcDb3dPolylineVertex
 10
566516.7861129844
 20
4178564.540153763
 30
0.0
 70
32
  0
VERTEX
  5
1B0
330
1AD
100
AcDbEntity
  8
BINA_116
100
AcDbVertex
100
AcDb3dPolylineVertex
 10
566516.3071951977
 20
4178572.465697136
 30
0.0
 70
32
  0
VERTEX
  5
1B1
330
1AD
100
AcDbEntity
  8
BINA_116
100
AcDbVertex
100
AcDb3dPolylineVertex
 10
566511.2785842854
 20
4178572.161832645
 30
0.0
 70
32
  0
VERTEX
  5
1B2
330
1AD
100
AcDbEntity
  8
BINA_116
100
AcDbVertex
100
AcDb3dPolylineVertex
 10
566511.7575020721
 20
4178564.236289272
 30
0.0
 70
32
  0
SEQEND
  5
1B3
330
1F
100
AcDbEntity
  8
BINA_116
  0
POLYLINE
  5
1B4
330
1F
100
AcDbEntity
  8
BINA_115
100
AcDb3dPolyline
 66
1
 10
0.0
 20
0.0
 30
0.0
 70
9
  0
VERTEX
  5
1B5
330
1B4
100
AcDbEntity
  8
BINA_115
100
AcDbVertex
100
AcDb3dPolylineVertex
 10
566411.0247614175
 20
4178572.215138202
 30
0.0
 70
32
  0
VERTEX
  5
1B6
330
1B4
100
AcDbEntity
  8
BINA_115
100
AcDbVertex
100
AcDb3dPolylineVertex
 10
566416.2171480441
 20
4178572.523930078
 30
0.0
 70
32
  0
VERTEX
  5
1B7
330
1B4
100
AcDbEntity
  8
BINA_115
100
AcDbVertex
100
AcDb3dPolylineVertex
 10
566415.7606293617
 20
4178580.200367448
 30
0.0
 70
32
  0
VERTEX
  5
1B8
330
1B4
100
AcDbEntity
  8
BINA_115
100
AcDbVertex
100
AcDb3dPolylineVertex
 10
566410.5682427351
 20
4178579.891575572
 30
0.0
 70
32
  0
VERTEX
  5
1B9
330
1B4
100
AcDbEntity
  8
BINA_115
100
AcDbVertex
100
AcDb3dPolylineVertex
 10
566411.0247614175
 20
4178572.215138202
 30
0.0
 70
32
  0
SEQEND
  5
1BA
330
1F
100
AcDbEntity
  8
BINA_115
  0
POLYLINE
  5
1BB
330
1F
100
AcDbEntity
  8
BINA_115
100
AcDb3dPolyline
 66
1
 10
0.0
 20
0.0
 30
0.0
 70
9
  0
VERTEX
  5
1BC
330
1BB
100
AcDbEntity
  8
BINA_115
100
AcDbVertex
100
AcDb3dPolylineVertex
 10
566416.0574555531
 20
4178575.209185803
 30
0.0
 70
32
  0
VERTEX
  5
1BD
330
1BB
100
AcDbEntity
  8
BINA_115
100
AcDbVertex
100
AcDb3dPolylineVertex
 10
566424.0433461849
 20
4178575.68410771
 30
0.0
 70
32
  0
VERTEX
  5
1BE
330
1BB
100
AcDbEntity
  8
BINA_115
100
AcDbVertex
100
AcDb3dPolylineVertex
 10
566423.7465199935
 20
4178580.675289355
 30
0.0
 70
32
  0
VERTEX
  5
1BF
330
1BB
100
AcDbEntity
  8
BINA_115
100
AcDbVertex
100
AcDb3dPolylineVertex
 10
566415.7606293617
 20
4178580.200367448
 30
0.0
 70
32
  0
VERTEX
  5
1C0
330
1BB
100
AcDbEntity
  8
BINA_115
100
AcDbVertex
100
AcDb3dPolylineVertex
 10
566416.0574555531
 20
4178575.209185803
 30
0.0
 70
32
  0
SEQEND
  5
1C1
330
1F
100
AcDbEntity
  8
BINA_115
  0
POLYLINE
  5
1C2
330
1F
100
AcDbEntity
  8
BINA_115
100
AcDb3dPolyline
 66
1
 10
0.0
 20
0.0
 30
0.0
 70
9
  0
VERTEX
  5
1C3
330
1C2
100
AcDbEntity
  8
BINA_115
100
AcDbVertex
100
AcDb3dPolylineVertex
 10
566424.0433461849
 20
4178575.68410771
 30
0.0
 70
32
  0
VERTEX
  5
1C4
330
1C2
100
AcDbEntity
  8
BINA_115
100
AcDbVertex
100
AcDb3dPolylineVertex
 10
566432.0292368167
 20
4178576.159029616
 30
0.0
 70
32
  0
VERTEX
  5
1C5
330
1C2
100
AcDbEntity
  8
BINA_115
100
AcDbVertex
100
AcDb3dPolylineVertex
 10
566431.7324106253
 20
4178581.150211261
 30
0.0
 70
32
  0
VERTEX
  5
1C6
330
1C2
100
AcDbEntity
  8
BINA_115
100
AcDbVertex
100
AcDb3dPolylineVertex
 10
566423.7465199935
 20
4178580.675289355
 30
0.0
 70
32
  0
VERTEX
  5
1C7
330
1C2
100
AcDbEntity
  8
BINA_115
100
AcDbVertex
100
AcDb3dPolylineVertex
 10
566424.0433461849
 20
4178575.68410771
 30
0.0
 70
32
  0
SEQEND
  5
1C8
330
1F
100
AcDbEntity
  8
BINA_115
  0
POLYLINE
  5
1C9
330
1F
100
AcDbEntity
  8
BINA_115
100
AcDb3dPolyline
 66
1
 10
0.0
 20
0.0
 30
0.0
 70
9
  0
VERTEX
  5
1CA
330
1C9
100
AcDbEntity
  8
BINA_115
100
AcDbVertex
100
AcDb3dPolylineVertex
 10
566432.1889293077
 20
4178573.473773891
 30
0.0
 70
32
  0
VERTEX
  5
1CB
330
1C9
100
AcDbEntity
  8
BINA_115
100
AcDbVertex
100
AcDb3dPolylineVertex
 10
566437.3813159345
 20
4178573.782565768
 30
0.0
 70
32
  0
VERTEX
  5
1CC
330
1C9
100
AcDbEntity
  8
BINA_115
100
AcDbVertex
100
AcDb3dPolylineVertex
 10
566436.924797252
 20
4178581.459003138
 30
0.0
 70
32
  0
VERTEX
  5
1CD
330
1C9
100
AcDbEntity
  8
BINA_115
100
AcDbVertex
100
AcDb3dPolylineVertex
 10
566431.7324106253
 20
4178581.150211261
 30
0.0
 70
32
  0
VERTEX
  5
1CE
330
1C9
100
AcDbEntity
  8
BINA_115
100
AcDbVertex
100
AcDb3dPolylineVertex
 10
566432.1889293077
 20
4178573.473773891
 30
0.0
 70
32
  0
SEQEND
  5
1CF
330
1F
100
AcDbEntity
  8
BINA_115
  0
POLYLINE
  5
1D0
330
1F
100
AcDbEntity
  8
BINA_115
100
AcDb3dPolyline
 66
1
 10
0.0
 20
0.0
 30
0.0
 70
9
  0
VERTEX
  5
1D1
330
1D0
100
AcDbEntity
  8
BINA_115
100
AcDbVertex
100
AcDb3dPolylineVertex
 10
566513.5935442196
 20
4178578.314916435
 30
0.0
 70
32
  0
VERTEX
  5
1D2
330
1D0
100
AcDbEntity
  8
BINA_115
100
AcDbVertex
100
AcDb3dPolylineVertex
 10
566518.7859308464
 20
4178578.623708311
 30
0.0
 70
32
  0
VERTEX
  5
1D3
330
1D0
100
AcDbEntity
  8
BINA_115
100
AcDbVertex
100
AcDb3dPolylineVertex
 10
566518.3294121639
 20
4178586.300145681
 30
0.0
 70
32
  0
VERTEX
  5
1D4
330
1D0
100
AcDbEntity
  8
BINA_115
100
AcDbVertex
100
AcDb3dPolylineVertex
 10
566513.1370255372
 20
4178585.991353805
 30
0.0
 70
32
  0
VERTEX
  5
1D5
330
1D0
100
AcDbEntity
  8
BINA_115
100
AcDbVertex
100
AcDb3dPolylineVertex
 10
566513.5935442196
 20
4178578.314916435
 30
0.0
 70
32
  0
SEQEND
  5
1D6
330
1F
100
AcDbEntity
  8
BINA_115
  0
POLYLINE
  5
1D7
330
1F
100
AcDbEntity
  8
BINA_115
100
AcDb3dPolyline
 66
1
 10
0.0
 20
0.0
 30
0.0
 70
9
  0
VERTEX
  5
1D8
330
1D7
100
AcDbEntity
  8
BINA_115
100
AcDbVertex
100
AcDb3dPolylineVertex
 10
566534.75771211
 20
4178579.573552124
 30
0.0
 70
32
  0
VERTEX
  5
1D9
330
1D7
100
AcDbEntity
  8
BINA_115
100
AcDbVertex
100
AcDb3dPolylineVertex
 10
566539.9500987366
 20
4178579.882344001
 30
0.0
 70
32
  0
VERTEX
  5
1DA
330
1D7
100
AcDbEntity
  8
BINA_115
100
AcDbVertex
100
AcDb3dPolylineVertex
 10
566539.4935800541
 20
4178587.558781371
 30
0.0
 70
32
  0
VERTEX
  5
1DB
330
1D7
100
AcDbEntity
  8
BINA_115
100
AcDbVertex
100
AcDb3dPolylineVertex
 10
566534.3011934275
 20
4178587.249989494
 30
0.0
 70
32
  0
VERTEX
  5
1DC
330
1D7
100
AcDbEntity
  8
BINA_115
100
AcDbVertex
100
AcDb3dPolylineVertex
 10
566534.75771211
 20
4178579.573552124
 30
0.0
 70
32
  0
SEQEND
  5
1DD
330
1F
100
AcDbEntity
  8
BINA_115
  0
POLYLINE
  5
1DE
330
1F
100
AcDbEntity
  8
BINA_115
100
AcDb3dPolyline
 66
1
 10
0.0
 20
0.0
 30
0.0
 70
9
  0
VERTEX
  5
1DF
330
1DE
100
AcDbEntity
  8
BINA_115
100
AcDbVertex
100
AcDb3dPolylineVertex
 10
566518.6262383553
 20
4178581.308964036
 30
0.0
 70
32
  0
VERTEX
  5
1E0
330
1DE
100
AcDbEntity
  8
BINA_115
100
AcDbVertex
100
AcDb3dPolylineVertex
 10
566526.6121289871
 20
4178581.783885943
 30
0.0
 70
32
  0
VERTEX
  5
1E1
330
1DE
100
AcDbEntity
  8
BINA_115
100
AcDbVertex
100
AcDb3dPolylineVertex
 10
566526.3153027957
 20
4178586.775067588
 30
0.0
 70
32
  0
VERTEX
  5
1E2
330
1DE
100
AcDbEntity
  8
BINA_115
100
AcDbVertex
100
AcDb3dPolylineVertex
 10
566518.3294121639
 20
4178586.300145681
 30
0.0
 70
32
  0
VERTEX
  5
1E3
330
1DE
100
AcDbEntity
  8
BINA_115
100
AcDbVertex
100
AcDb3dPolylineVertex
 10
566518.6262383553
 20
4178581.308964036
 30
0.0
 70
32
  0
SEQEND
  5
1E4
330
1F
100
AcDbEntity
  8
BINA_115
  0
POLYLINE
  5
1E5
330
1F
100
AcDbEntity
  8
BINA_115
100
AcDb3dPolyline
 66
1
 10
0.0
 20
0.0
 30
0.0
 70
9
  0
VERTEX
  5
1E6
330
1E5
100
AcDbEntity
  8
BINA_115
100
AcDbVertex
100
AcDb3dPolylineVertex
 10
566526.6121289871
 20
4178581.783885943
 30
0.0
 70
32
  0
VERTEX
  5
1E7
330
1E5
100
AcDbEntity
  8
BINA_115
100
AcDbVertex
100
AcDb3dPolylineVertex
 10
566534.5980196189
 20
4178582.258807849
 30
0.0
 70
32
  0
VERTEX
  5
1E8
330
1E5
100
AcDbEntity
  8
BINA_115
100
AcDbVertex
100
AcDb3dPolylineVertex
 10
566534.3011934275
 20
4178587.249989494
 30
0.0
 70
32
  0
VERTEX
  5
1E9
330
1E5
100
AcDbEntity
  8
BINA_115
100
AcDbVertex
100
AcDb3dPolylineVertex
 10
566526.3153027957
 20
4178586.775067588
 30
0.0
 70
32
  0
VERTEX
  5
1EA
330
1E5
100
AcDbEntity
  8
BINA_115
100
AcDbVertex
100
AcDb3dPolylineVertex
 10
566526.6121289871
 20
4178581.783885943
 30
0.0
 70
32
  0
SEQEND
  5
1EB
330
1F
100
AcDbEntity
  8
BINA_115
  0
POLYLINE
  5
1EC
330
1F
100
AcDbEntity
  8
BINA_115
100
AcDb3dPolyline
 66
1
 10
0.0
 20
0.0
 30
0.0
 70
9
  0
VERTEX
  5
1ED
330
1EC
100
AcDbEntity
  8
BINA_115
100
AcDbVertex
100
AcDb3dPolylineVertex
 10
566461.5815276809
 20
4178577.898519863
 30
0.0
 70
32
  0
VERTEX
  5
1EE
330
1EC
100
AcDbEntity
  8
BINA_115
100
AcDbVertex
100
AcDb3dPolylineVertex
 10
566469.5674183127
 20
4178578.373441769
 30
0.0
 70
32
  0
VERTEX
  5
1EF
330
1EC
100
AcDbEntity
  8
BINA_115
100
AcDbVertex
100
AcDb3dPolylineVertex
 10
566469.2705921213
 20
4178583.364623414
 30
0.0
 70
32
  0
VERTEX
  5
1F0
330
1EC
100
AcDbEntity
  8
BINA_115
100
AcDbVertex
100
AcDb3dPolylineVertex
 10
566461.2847014895
 20
4178582.889701508
 30
0.0
 70
32
  0
VERTEX
  5
1F1
330
1EC
100
AcDbEntity
  8
BINA_115
100
AcDbVertex
100
AcDb3dPolylineVertex
 10
566461.5815276809
 20
4178577.898519863
 30
0.0
 70
32
  0
SEQEND
  5
1F2
330
1F
100
AcDbEntity
  8
BINA_115
  0
POLYLINE
  5
1F3
330
1F
100
AcDbEntity
  8
BINA_115
100
AcDb3dPolyline
 66
1
 10
0.0
 20
0.0
 30
0.0
 70
9
  0
VERTEX
  5
1F4
330
1F3
100
AcDbEntity
  8
BINA_115
100
AcDbVertex
100
AcDb3dPolylineVertex
 10
566456.5270578872
 20
4178574.917644965
 30
0.0
 70
32
  0
VERTEX
  5
1F5
330
1F3
100
AcDbEntity
  8
BINA_115
100
AcDbVertex
100
AcDb3dPolylineVertex
 10
566461.7194445139
 20
4178575.226436842
 30
0.0
 70
32
  0
VERTEX
  5
1F6
330
1F3
100
AcDbEntity
  8
BINA_115
100
AcDbVertex
100
AcDb3dPolylineVertex
 10
566461.2629258315
 20
4178582.902874212
 30
0.0
 70
32
  0
VERTEX
  5
1F7
330
1F3
100
AcDbEntity
  8
BINA_115
100
AcDbVertex
100
AcDb3dPolylineVertex
 10
566456.0705392048
 20
4178582.594082335
 30
0.0
 70
32
  0
VERTEX
  5
1F8
330
1F3
100
AcDbEntity
  8
BINA_115
100
AcDbVertex
100
AcDb3dPolylineVertex
 10
566456.5270578872
 20
4178574.917644965
 30
0.0
 70
32
  0
SEQEND
  5
1F9
330
1F
100
AcDbEntity
  8
BINA_115
  0
POLYLINE
  5
1FA
330
1F
100
AcDbEntity
  8
BINA_115
100
AcDb3dPolyline
 66
1
 10
0.0
 20
0.0
 30
0.0
 70
9
  0
VERTEX
  5
1FB
330
1FA
100
AcDbEntity
  8
BINA_115
100
AcDbVertex
100
AcDb3dPolylineVertex
 10
566477.6912257775
 20
4178576.176280655
 30
0.0
 70
32
  0
VERTEX
  5
1FC
330
1FA
100
AcDbEntity
  8
BINA_115
100
AcDbVertex
100
AcDb3dPolylineVertex
 10
566482.8836124041
 20
4178576.485072531
 30
0.0
 70
32
  0
VERTEX
  5
1FD
330
1FA
100
AcDbEntity
  8
BINA_115
100
AcDbVertex
100
AcDb3dPolylineVertex
 10
566482.4270937217
 20
4178584.161509901
 30
0.0
 70
32
  0
VERTEX
  5
1FE
330
1FA
100
AcDbEntity
  8
BINA_115
100
AcDbVertex
100
AcDb3dPolylineVertex
 10
566477.2347070951
 20
4178583.852718025
 30
0.0
 70
32
  0
VERTEX
  5
1FF
330
1FA
100
AcDbEntity
  8
BINA_115
100
AcDbVertex
100
AcDb3dPolylineVertex
 10
566477.6912257775
 20
4178576.176280655
 30
0.0
 70
32
  0
SEQEND
  5
200
330
1F
100
AcDbEntity
  8
BINA_115
  0
POLYLINE
  5
201
330
1F
100
AcDbEntity
  8
BINA_115
100
AcDb3dPolyline
 66
1
 10
0.0
 20
0.0
 30
0.0
 70
9
  0
VERTEX
  5
202
330
201
100
AcDbEntity
  8
BINA_115
100
AcDbVertex
100
AcDb3dPolylineVertex
 10
566469.5456426546
 20
4178578.386614473
 30
0.0
 70
32
  0
VERTEX
  5
203
330
201
100
AcDbEntity
  8
BINA_115
100
AcDbVertex
100
AcDb3dPolylineVertex
 10
566477.5315332864
 20
4178578.861536379
 30
0.0
 70
32
  0
VERTEX
  5
204
330
201
100
AcDbEntity
  8
BINA_115
100
AcDbVertex
100
AcDb3dPolylineVertex
 10
566477.2347070951
 20
4178583.852718025
 30
0.0
 70
32
  0
VERTEX
  5
205
330
201
100
AcDbEntity
  8
BINA_115
100
AcDbVertex
100
AcDb3dPolylineVertex
 10
566469.2488164633
 20
4178583.377796118
 30
0.0
 70
32
  0
VERTEX
  5
206
330
201
100
AcDbEntity
  8
BINA_115
100
AcDbVertex
100
AcDb3dPolylineVertex
 10
566469.5456426546
 20
4178578.386614473
 30
0.0
 70
32
  0
SEQEND
  5
207
330
1F
100
AcDbEntity
  8
BINA_115
  0
LWPOLYLINE
  5
27E
330
1F
100
AcDbEntity
  8
TASLAK_DUVAR
100
AcDbPolyline
 90
4
 70
1
 10
566450.4399647772
 20
4178549.512936148
 10
566458.4249742427
 20
4178550.00032527
 10
566458.1203210099
 20
4178554.991035281
 10
566450.1353115444
 20
4178554.503646159
  0
LWPOLYLINE
  5
27F
330
1F
100
AcDbEntity
  8
TASLAK_DUVAR
100
AcDbPolyline
 90
4
 70
1
 10
566450.6274071217
 20
4178549.7247494743
 10
566458.2131596395
 20
4178550.187768745
 10
566457.9328786654
 20
4178554.7792219548
 10
566450.3471261476
 20
4178554.3162026843
  0
LINE
  5
280
330
1F
100
AcDbEntity
  8
TASLAK_DUVAR
100
AcDbLine
 10
566450.5055458286
 20
4178551.721033479
 30
0.0
 11
566458.0912983464
 21
4178552.1840527495
 31
0.0
  0
LINE
  5
281
330
1F
100
AcDbEntity
  8
TASLAK_DUVAR
100
AcDbLine
 10
566450.5116388933
 20
4178551.621219279
 30
0.0
 11
566458.0973914111
 21
4178552.084238549
 31
0.0
  0
LINE
  5
282
330
1F
100
AcDbEntity
  8
TASLAK_DUVAR
100
AcDbLine
 10
566455.7677108343
 20
4178550.0385034056
 30
0.0
 11
566455.6519426059
 21
4178551.934973209
 31
0.0
  0
LINE
  5
283
330
1F
100
AcDbEntity
  8
TASLAK_DUVAR
100
AcDbLine
 10
566455.8675250713
 20
4178550.044595869
 30
0.0
 11
566455.7517568428
 21
4178551.9410656723
 31
0.0
  0
LINE
  5
284
330
1F
100
AcDbEntity
  8
TASLAK_DUVAR
100
AcDbLine
 10
566451.8061774413
 20
4178551.7503283955
 30
0.0
 11
566451.644711228
 21
4178554.3954047007
 31
0.0
  0
LINE
  5
285
330
1F
100
AcDbEntity
  8
TASLAK_DUVAR
100
AcDbLine
 10
566451.9059916781
 20
4178551.7564208587
 30
0.0
 11
566451.7445254648
 21
4178554.401497164
 31
0.0
  0
LINE
  5
286
330
1F
100
AcDbEntity
  8
TASLAK_DUVAR
100
AcDbLine
 10
566453.7026479432
 20
4178551.8660851894
 30
0.0
 11
566453.5411817299
 21
4178554.5111614945
 31
0.0
  0
LINE
  5
287
330
1F
100
AcDbEntity
  8
TASLAK_DUVAR
100
AcDbLine
 10
566453.8024621801
 20
4178551.872177652
 30
0.0
 11
566453.6409959669
 21
4178554.517253957
 31
0.0
  0
TEXT
  5
288
330
1F
100
AcDbEntity
  8
TASLAK_MEKAN
100
AcDbText
 10
566454.3608760001
 20
4178550.929447562
 30
0.0
 40
0.26
  1
MUTFAK + SALON\P14.8 m2
 72
1
 11
566454.3608760001
 21
4178550.929447562
 31
0.0
100
AcDbText
 73
2
  0
TEXT
  5
289
330
1F
100
AcDbEntity
  8
TASLAK_MEKAN
100
AcDbText
 10
566451.1016053536
 20
4178553.034788656
 30
0.0
 40
0.26
  1
ANTRE\P3.6 m2
 72
1
 11
566451.1016053536
 21
4178553.034788656
 31
0.0
100
AcDbText
 73
2
  0
TEXT
  5
28A
330
1F
100
AcDbEntity
  8
TASLAK_MEKAN
100
AcDbText
 10
566452.7235867039
 20
4178553.1337911775
 30
0.0
 40
0.26
  1
BANYO/WC\P5.0 m2
 72
1
 11
566452.7235867039
 21
4178553.1337911775
 31
0.0
100
AcDbText
 73
2
  0
CIRCLE
  5
28B
330
1F
100
AcDbEntity
  8
TASLAK_MERDIVEN
100
AcDbCircle
 10
566456.9488063563
 20
4178553.667201993
 30
0.0
 40
0.85
  0
LINE
  5
28C
330
1F
100
AcDbEntity
  8
TASLAK_MERDIVEN
100
AcDbLine
 10
566456.9488063563
 20
4178553.667201993
 30
0.0
 11
566457.7972273703
 21
4178553.7189879273
 31
0.0
  0
LINE
  5
28D
330
1F
100
AcDbEntity
  8
TASLAK_MERDIVEN
100
AcDbLine
 10
566456.9488063563
 20
4178553.667201993
 30
0.0
 11
566457.6576649828
 21
4178554.1362602785
 31
0.0
  0
LINE
  5
28E
330
1F
100
AcDbEntity
  8
TASLAK_MERDIVEN
100
AcDbLine
 10
566456.9488063563
 20
4178553.667201993
 30
0.0
 11
566457.3281644987
 21
4178554.4278488415
 31
0.0
  0
LINE
  5
28F
330
1F
100
AcDbEntity
  8
TASLAK_MERDIVEN
100
AcDbLine
 10
566456.9488063563
 20
4178553.667201993
 30
0.0
 11
566456.8970153066
 21
4178554.515622695
 31
0.0
  0
LINE
  5
290
330
1F
100
AcDbEntity
  8
TASLAK_MERDIVEN
100
AcDbLine
 10
566456.9488063563
 20
4178553.667201993
 30
0.0
 11
566456.4797434846
 21
4178554.3760629073
 31
0.0
  0
LINE
  5
291
330
1F
100
AcDbEntity
  8
TASLAK_MERDIVEN
100
AcDbLine
 10
566456.9488063563
 20
4178553.667201993
 30
0.0
 11
566456.1881566803
 21
4178554.04656441
 31
0.0
  0
LINE
  5
292
330
1F
100
AcDbEntity
  8
TASLAK_MERDIVEN
100
AcDbLine
 10
566456.9488063563
 20
4178553.667201993
 30
0.0
 11
566456.1003853423
 21
4178553.6154160593
 31
0.0
  0
LINE
  5
293
330
1F
100
AcDbEntity
  8
TASLAK_MERDIVEN
100
AcDbLine
 10
566456.9488063563
 20
4178553.667201993
 30
0.0
 11
566456.2399477299
 21
4178553.198143708
 31
0.0
  0
LINE
  5
294
330
1F
100
AcDbEntity
  8
TASLAK_MERDIVEN
100
AcDbLine
 10
566456.9488063563
 20
4178553.667201993
 30
0.0
 11
566456.5694482139
 21
4178552.9065551455
 31
0.0
  0
LINE
  5
295
330
1F
100
AcDbEntity
  8
TASLAK_MERDIVEN
100
AcDbLine
 10
566456.9488063563
 20
4178553.667201993
 30
0.0
 11
566457.0005974058
 21
4178552.8187812916
 31
0.0
  0
LINE
  5
296
330
1F
100
AcDbEntity
  8
TASLAK_MERDIVEN
100
AcDbLine
 10
566456.9488063563
 20
4178553.667201993
 30
0.0
 11
566457.4178692279
 21
4178552.9583410798
 31
0.0
  0
LINE
  5
297
330
1F
100
AcDbEntity
  8
TASLAK_MERDIVEN
100
AcDbLine
 10
566456.9488063563
 20
4178553.667201993
 30
0.0
 11
566457.7094560324
 21
4178553.2878395766
 31
0.0
  0
CIRCLE
  5
298
330
1F
100
AcDbEntity
  8
TASLAK_MERDIVEN
100
AcDbCircle
 10
566456.9488063563
 20
4178553.667201993
 30
0.0
 40
0.09
  0
LINE
  5
299
330
1F
100
AcDbEntity
  8
TASLAK_OK
100
AcDbLine
 10
566456.5106598758
 20
4178553.1720883437
 30
0.0
 11
566457.3869528368
 21
4178554.162315643
 31
0.0
  0
LINE
  5
29A
330
1F
100
AcDbEntity
  8
TASLAK_OK
100
AcDbLine
 10
566457.0812010034
 20
4178554.2884220853
 30
0.0
 11
566457.3869528368
 21
4178554.162315643
 31
0.0
  0
LINE
  5
29B
330
1F
100
AcDbEntity
  8
TASLAK_OK
100
AcDbLine
 10
566457.5493112764
 20
4178553.8741720063
 30
0.0
 11
566457.3869528368
 21
4178554.162315643
 31
0.0
  0
TEXT
  5
29C
330
1F
100
AcDbEntity
  8
TASLAK_OK
100
AcDbText
 10
566456.5245958493
 20
4178553.641309026
 30
0.0
 40
0.22
  1
CIKIS
 50
93.49323263141025
 72
1
 11
566456.5245958493
 21
4178553.641309026
 31
0.0
100
AcDbText
 73
2
  0
LINE
  5
29D
330
1F
100
AcDbEntity
  8
TASLAK_PENCERE
100
AcDbLine
 10
566451.4381071466
 20
4178549.573860776
 30
0.0
 11
566455.6301756082
 21
4178549.829736311
 31
0.0
  0
LINE
  5
29E
330
1F
100
AcDbEntity
  8
TASLAK_PENCERE
100
AcDbLine
 10
566451.4478550871
 20
4178549.414157997
 30
0.0
 11
566451.4283592062
 21
4178549.7335635554
 31
0.0
  0
LINE
  5
29F
330
1F
100
AcDbEntity
  8
TASLAK_PENCERE
100
AcDbLine
 10
566455.6399235487
 20
4178549.6700335317
 30
0.0
 11
566455.6204276677
 21
4178549.9894390902
 31
0.0
  0
LINE
  5
2A0
330
1F
100
AcDbEntity
  8
TASLAK_PENCERE
100
AcDbLine
 10
566451.4332331764
 20
4178549.6537121655
 30
0.0
 11
566455.6253016379
 21
4178549.9095877004
 31
0.0
  0
LINE
  5
2A1
330
1F
100
AcDbEntity
  8
TASLAK_PENCERE
100
AcDbLine
 10
566456.029432556
 20
4178549.854106162
 30
0.0
 11
566457.826088821
 21
4178549.963770493
 31
0.0
  0
LINE
  5
2A2
330
1F
100
AcDbEntity
  8
TASLAK_PENCERE
100
AcDbLine
 10
566456.0391804965
 20
4178549.694403383
 30
0.0
 11
566456.0196846155
 21
4178550.0138089415
 31
0.0
  0
LINE
  5
2A3
330
1F
100
AcDbEntity
  8
TASLAK_PENCERE
100
AcDbLine
 10
566457.8358367615
 20
4178549.8040677137
 30
0.0
 11
566457.8163408806
 21
4178550.123473272
 31
0.0
  0
LINE
  5
2A4
330
1F
100
AcDbEntity
  8
TASLAK_PENCERE
100
AcDbLine
 10
566456.0245585857
 20
4178549.9339575516
 30
0.0
 11
566457.8212148508
 21
4178550.0436218823
 31
0.0
  0
LINE
  5
2A5
330
1F
100
AcDbEntity
  8
TASLAK_PENCERE
100
AcDbLine
 10
566450.3790341306
 20
4178550.51107815
 30
0.0
 11
566450.345522275
 21
4178551.060056252
 31
0.0
  0
LINE
  5
2A6
330
1F
100
AcDbEntity
  8
TASLAK_PENCERE
100
AcDbLine
 10
566450.538736851
 20
4178550.5208270536
 30
0.0
 11
566450.2193314102
 21
4178550.5013292464
 31
0.0
  0
LINE
  5
2A7
330
1F
100
AcDbEntity
  8
TASLAK_PENCERE
100
AcDbLine
 10
566450.5052249953
 20
4178551.0698051555
 30
0.0
 11
566450.1858195546
 21
4178551.0503073484
 31
0.0
  0
LINE
  5
2A8
330
1F
100
AcDbEntity
  8
TASLAK_PENCERE
100
AcDbLine
 10
566450.2991827704
 20
4178550.5062036985
 30
0.0
 11
566450.2656709148
 21
4178551.0551818004
 31
0.0
  0
LINE
  5
2A9
330
1F
100
AcDbEntity
  8
TASLAK_PENCERE
100
AcDbLine
 10
566450.734196966
 20
4178554.540200936
 30
0.0
 11
566451.3829895062
 21
4178554.5798019446
 31
0.0
  0
LINE
  5
2AA
330
1F
100
AcDbEntity
  8
TASLAK_PENCERE
100
AcDbLine
 10
566450.7439449066
 20
4178554.380498157
 30
0.0
 11
566450.7244490255
 21
4178554.6999037154
 31
0.0
  0
LINE
  5
2AB
330
1F
100
AcDbEntity
  8
TASLAK_PENCERE
100
AcDbLine
 10
566451.3927374468
 20
4178554.4200991653
 30
0.0
 11
566451.3732415657
 21
4178554.739504724
 31
0.0
  0
LINE
  5
2AC
330
1F
100
AcDbEntity
  8
TASLAK_PENCERE
100
AcDbLine
 10
566450.7293229958
 20
4178554.6200523255
 30
0.0
 11
566451.378115536
 21
4178554.659653334
 31
0.0
  0
LINE
  5
2AD
330
1F
100
AcDbEntity
  8
TASLAK_PENCERE
100
AcDbLine
 10
566452.0317820463
 20
4178554.619402953
 30
0.0
 11
566453.2295528897
 21
4178554.6925125066
 31
0.0
  0
LINE
  5
2AE
330
1F
100
AcDbEntity
  8
TASLAK_PENCERE
100
AcDbLine
 10
566452.0415299868
 20
4178554.4597001737
 30
0.0
 11
566452.0220341058
 21
4178554.779105732
 31
0.0
  0
LINE
  5
2AF
330
1F
100
AcDbEntity
  8
TASLAK_PENCERE
100
AcDbLine
 10
566453.2393008302
 20
4178554.5328097274
 30
0.0
 11
566453.2198049492
 21
4178554.852215286
 31
0.0
  0
LINE
  5
2B0
330
1F
100
AcDbEntity
  8
TASLAK_PENCERE
100
AcDbLine
 10
566452.026908076
 20
4178554.6992543424
 30
0.0
 11
566453.2246789194
 21
4178554.772363896
 31
0.0
  0
LINE
  5
2B1
330
1F
100
AcDbEntity
  8
TASLAK_PENCERE
100
AcDbLine
 10
566453.9781596668
 20
4178554.7382059777
 30
0.0
 11
566457.5214355882
 21
4178554.954480504
 31
0.0
  0
LINE
  5
2B2
330
1F
100
AcDbEntity
  8
TASLAK_PENCERE
100
AcDbLine
 10
566453.9879076072
 20
4178554.5785031985
 30
0.0
 11
566453.9684117263
 21
4178554.897908757
 31
0.0
  0
LINE
  5
2B3
330
1F
100
AcDbEntity
  8
TASLAK_PENCERE
100
AcDbLine
 10
566457.5311835287
 20
4178554.794777725
 30
0.0
 11
566457.5116876478
 21
4178555.1141832834
 31
0.0
  0
LINE
  5
2B4
330
1F
100
AcDbEntity
  8
TASLAK_PENCERE
100
AcDbLine
 10
566453.9732856965
 20
4178554.818057367
 30
0.0
 11
566457.516561618
 21
4178555.0343318935
 31
0.0
  0
LINE
  5
2B5
330
1F
100
AcDbEntity
  8
TASLAK_KAPI
100
AcDbLine
 10
566450.6343827292
 20
4178554.534108473
 30
0.0
 11
566451.5327108616
 21
4178554.5889406386
 31
0.0
  0
ARC
  5
2B6
330
1F
100
AcDbEntity
  8
TASLAK_KAPI
100
AcDbCircle
 10
566450.6343827292
 20
4178554.534108473
 30
0.0
 40
0.8999999999756002
100
AcDbArc
 50
0.0
 51
90.0
  0
LINE
  5
2B7
330
1F
100
AcDbEntity
  8
TASLAK_KAPI
100
AcDbLine
 10
566451.8286657687
 20
4178552.202538528
 30
0.0
 11
566451.7799212516
 21
4178553.0010521295
 31
0.0
  0
ARC
  5
2B8
330
1F
100
AcDbEntity
  8
TASLAK_KAPI
100
AcDbCircle
 10
566451.8286657687
 20
4178552.202538528
 30
0.0
 40
0.7999999998666716
100
AcDbArc
 50
0.0
 51
90.0
  0
LINE
  5
2B9
330
1F
100
AcDbEntity
  8
TASLAK_KAPI
100
AcDbLine
 10
566450.9802146305
 20
4178551.6999132656
 30
0.0
 11
566451.878542763
 21
4178551.7547454312
 31
0.0
  0
ARC
  5
2BA
330
1F
100
AcDbEntity
  8
TASLAK_KAPI
100
AcDbCircle
 10
566450.9802146305
 20
4178551.6999132656
 30
0.0
 40
0.8999999999756002
100
AcDbArc
 50
0.0
 51
90.0
  0
LWPOLYLINE
  5
2BB
330
1F
100
AcDbEntity
  8
TASLAK_ASMAKAT
  6
KESIKLI
100
AcDbPolyline
 90
4
 70
1
 10
566450.5074726914
 20
4178551.6894683675
 10
566458.0932252092
 20
4178552.152487638
 10
566457.9328786654
 20
4178554.7792219548
 10
566450.3471261476
 20
4178554.3162026843
  0
TEXT
  5
2BC
330
1F
100
AcDbEntity
  8
TASLAK_ASMAKAT
100
AcDbText
 10
566454.2201756783
 20
4178553.234345161
 30
0.0
 40
0.2
  1
ASMA KAT (YATAK ODASI)
 50
3.492887166059666
 72
1
 11
566454.2201756783
 21
4178553.234345161
 31
0.0
100
AcDbText
 73
2
  0
LINE
  5
2BD
330
1F
100
AcDbEntity
  8
TASLAK_GIRIS
100
AcDbLine
 10
566454.1278162772
 20
4178554.74734072
 30
0.0
 11
566454.0486064367
 21
4178556.0449253228
 31
0.0
  0
LINE
  5
2BE
330
1F
100
AcDbEntity
  8
TASLAK_GIRIS
100
AcDbLine
 10
566453.7765825167
 20
4178555.5774840335
 30
0.0
 11
566454.1278162772
 21
4178554.74734072
 31
0.0
  0
LINE
  5
2BF
330
1F
100
AcDbEntity
  8
TASLAK_GIRIS
100
AcDbLine
 10
566454.3754679385
 20
4178555.6140388106
 30
0.0
 11
566454.1278162772
 21
4178554.74734072
 31
0.0
  0
TEXT
  5
2C0
330
1F
100
AcDbEntity
  8
TASLAK_GIRIS
100
AcDbText
 10
566454.0242341781
 20
4178556.4441821235
 30
0.0
 40
0.24
  1
GIRIS
 50
3.492887166059666
 72
1
 11
566454.0242341781
 21
4178556.4441821235
 31
0.0
100
AcDbText
 73
2
  0
LWPOLYLINE
  5
2C1
330
1F
100
AcDbEntity
  8
TASLAK_DUVAR
100
AcDbPolyline
 90
4
 70
1
 10
566445.6320473325
 20
4178546.213856569
 10
566450.6226757914
 20
4178546.5185162043
 10
566450.1351484874
 20
4178554.5036582104
 10
566445.1445200285
 20
4178554.198998575
  0
LWPOLYLINE
  5
2C2
330
1F
100
AcDbEntity
  8
TASLAK_DUVAR
100
AcDbPolyline
 90
4
 70
1
 10
566445.8194875392
 20
4178546.425671428
 10
566450.4108592528
 20
4178546.705957898
 10
566449.9477082806
 20
4178554.2918433514
 10
566445.3563365671
 20
4178554.0115568815
  0
LINE
  5
2C3
330
1F
100
AcDbEntity
  8
TASLAK_DUVAR
100
AcDbLine
 10
566449.2915739125
 20
4178546.988281175
 30
0.0
 11
566448.9807750136
 21
4178552.078813178
 31
0.0
  0
LINE
  5
2C4
330
1F
100
AcDbEntity
  8
TASLAK_DUVAR
100
AcDbLine
 10
566449.3913880988
 20
4178546.9943744666
 30
0.0
 11
566449.0805891999
 21
4178552.0849064696
 31
0.0
  0
LINE
  5
2C5
330
1F
100
AcDbEntity
  8
TASLAK_DUVAR
100
AcDbLine
 10
566446.828756783
 20
4178552.047626486
 30
0.0
 11
566446.703828083
 21
4178554.0938163158
 31
0.0
  0
LINE
  5
2C6
330
1F
100
AcDbEntity
  8
TASLAK_DUVAR
100
AcDbLine
 10
566446.9285709695
 20
4178552.0537197776
 30
0.0
 11
566446.8036422695
 21
4178554.0999096073
 31
0.0
  0
LINE
  5
2C7
330
1F
100
AcDbEntity
  8
TASLAK_DUVAR
100
AcDbLine
 10
566445.4782182256
 20
4178552.015274121
 30
0.0
 11
566449.0215409823
 21
4178552.231581031
 31
0.0
  0
LINE
  5
2C8
330
1F
100
AcDbEntity
  8
TASLAK_DUVAR
100
AcDbLine
 10
566445.4843123086
 20
4178551.9154599826
 30
0.0
 11
566449.0276350653
 21
4178552.1317668925
 31
0.0
  0
LINE
  5
2C9
330
1F
100
AcDbEntity
  8
TASLAK_DUVAR
100
AcDbLine
 10
566445.431358174
 20
4178551.9623204065
 30
0.0
 11
566445.3064294739
 21
4178554.008510236
 31
0.0
  0
LINE
  5
2CA
330
1F
100
AcDbEntity
  8
TASLAK_DUVAR
100
AcDbLine
 10
566445.5311723604
 20
4178551.9684136976
 30
0.0
 11
566445.4062436604
 21
4178554.0146035273
 31
0.0
  0
LINE
  5
2CB
330
1F
100
AcDbEntity
  8
TASLAK_DUVAR
100
AcDbLine
 10
566446.91736273
 20
4178546.492692698
 30
0.0
 11
566446.8015751543
 21
4178548.3891613204
 31
0.0
  0
LINE
  5
2CC
330
1F
100
AcDbEntity
  8
TASLAK_DUVAR
100
AcDbLine
 10
566447.0171769164
 20
4178546.4987859894
 30
0.0
 11
566446.9013893406
 21
4178548.395254612
 31
0.0
  0
TEXT
  5
2CD
330
1F
100
AcDbEntity
  8
TASLAK_MEKAN
100
AcDbText
 10
566446.1175002217
 20
4178553.031115007
 30
0.0
 40
0.26
  1
ANTRE\P2.9 m2
 72
1
 11
566446.1175002217
 21
4178553.031115007
 31
0.0
100
AcDbText
 73
2
  0
TEXT
  5
2CE
330
1F
100
AcDbEntity
  8
TASLAK_MEKAN
100
AcDbText
 10
566447.8891616
 20
4178553.1392684616
 30
0.0
 40
0.26
  1
BANYO/WC\P4.4 m2
 72
1
 11
566447.8891616
 21
4178553.1392684616
 31
0.0
100
AcDbText
 73
2
  0
TEXT
  5
2CF
330
1F
100
AcDbEntity
  8
TASLAK_MEKAN
100
AcDbText
 10
566447.4220377816
 20
4178549.303672695
 30
0.0
 40
0.26
  1
MUTFAK + SALON\P19.7 m2
 72
1
 11
566447.4220377816
 21
4178549.303672695
 31
0.0
100
AcDbText
 73
2
  0
LINE
  5
2D0
330
1F
100
AcDbEntity
  8
TASLAK_MERDIVEN
100
AcDbLine
 10
566449.3414810057
 20
4178546.991327821
 30
0.0
 11
566450.3895299626
 21
4178547.055307381
 31
0.0
  0
LINE
  5
2D1
330
1F
100
AcDbEntity
  8
TASLAK_MERDIVEN
100
AcDbLine
 10
566449.3251231689
 20
4178547.259250558
 30
0.0
 11
566450.3731721258
 21
4178547.323230118
 31
0.0
  0
LINE
  5
2D2
330
1F
100
AcDbEntity
  8
TASLAK_MERDIVEN
100
AcDbLine
 10
566449.3087653321
 20
4178547.5271732947
 30
0.0
 11
566450.356814289
 21
4178547.5911528547
 31
0.0
  0
LINE
  5
2D3
330
1F
100
AcDbEntity
  8
TASLAK_MERDIVEN
100
AcDbLine
 10
566449.2924074953
 20
4178547.795096032
 30
0.0
 11
566450.3404564522
 21
4178547.859075592
 31
0.0
  0
LINE
  5
2D4
330
1F
100
AcDbEntity
  8
TASLAK_MERDIVEN
100
AcDbLine
 10
566449.2760496585
 20
4178548.063018769
 30
0.0
 11
566450.3240986154
 21
4178548.126998329
 31
0.0
  0
LINE
  5
2D5
330
1F
100
AcDbEntity
  8
TASLAK_MERDIVEN
100
AcDbLine
 10
566449.2596918218
 20
4178548.3309415057
 30
0.0
 11
566450.3077407787
 21
4178548.394921066
 31
0.0
  0
LINE
  5
2D6
330
1F
100
AcDbEntity
  8
TASLAK_MERDIVEN
100
AcDbLine
 10
566449.243333985
 20
4178548.598864243
 30
0.0
 11
566450.2913829419
 21
4178548.662843803
 31
0.0
  0
LINE
  5
2D7
330
1F
100
AcDbEntity
  8
TASLAK_MERDIVEN
100
AcDbLine
 10
566449.2269761482
 20
4178548.8667869796
 30
0.0
 11
566450.2750251051
 21
4178548.9307665396
 31
0.0
  0
LINE
  5
2D8
330
1F
100
AcDbEntity
  8
TASLAK_MERDIVEN
100
AcDbLine
 10
566449.2106183114
 20
4178549.134709717
 30
0.0
 11
566450.2586672683
 21
4178549.198689277
 31
0.0
  0
LINE
  5
2D9
330
1F
100
AcDbEntity
  8
TASLAK_MERDIVEN
100
AcDbLine
 10
566449.1942604746
 20
4178549.402632454
 30
0.0
 11
566450.2423094315
 21
4178549.466612014
 31
0.0
  0
LINE
  5
2DA
330
1F
100
AcDbEntity
  8
TASLAK_MERDIVEN
100
AcDbLine
 10
566449.1779026379
 20
4178549.6705551906
 30
0.0
 11
566450.2259515948
 21
4178549.7345347507
 31
0.0
  0
LINE
  5
2DB
330
1F
100
AcDbEntity
  8
TASLAK_MERDIVEN
100
AcDbLine
 10
566449.1615448011
 20
4178549.938477928
 30
0.0
 11
566450.209593758
 21
4178550.002457488
 31
0.0
  0
LINE
  5
2DC
330
1F
100
AcDbEntity
  8
TASLAK_MERDIVEN
100
AcDbLine
 10
566449.1451869643
 20
4178550.2064006645
 30
0.0
 11
566450.1932359212
 21
4178550.2703802246
 31
0.0
  0
LINE
  5
2DD
330
1F
100
AcDbEntity
  8
TASLAK_MERDIVEN
100
AcDbLine
 10
566449.1288291274
 20
4178550.4743234017
 30
0.0
 11
566450.1768780843
 21
4178550.5383029617
 31
0.0
  0
LINE
  5
2DE
330
1F
100
AcDbEntity
  8
TASLAK_MERDIVEN
100
AcDbLine
 10
566449.1124712906
 20
4178550.742246139
 30
0.0
 11
566450.1605202475
 21
4178550.806225699
 31
0.0
  0
LINE
  5
2DF
330
1F
100
AcDbEntity
  8
TASLAK_MERDIVEN
100
AcDbLine
 10
566449.0961134539
 20
4178551.0101688756
 30
0.0
 11
566450.1441624108
 21
4178551.0741484356
 31
0.0
  0
LINE
  5
2E0
330
1F
100
AcDbEntity
  8
TASLAK_MERDIVEN
100
AcDbLine
 10
566449.0797556171
 20
4178551.2780916127
 30
0.0
 11
566450.127804574
 21
4178551.342071173
 31
0.0
  0
LINE
  5
2E1
330
1F
100
AcDbEntity
  8
TASLAK_MERDIVEN
100
AcDbLine
 10
566449.0633977803
 20
4178551.54601435
 30
0.0
 11
566450.1114467372
 21
4178551.60999391
 31
0.0
  0
LINE
  5
2E2
330
1F
100
AcDbEntity
  8
TASLAK_MERDIVEN
100
AcDbLine
 10
566449.0470399435
 20
4178551.8139370866
 30
0.0
 11
566450.0950889004
 21
4178551.8779166467
 31
0.0
  0
LINE
  5
2E3
330
1F
100
AcDbEntity
  8
TASLAK_MERDIVEN
100
AcDbLine
 10
566449.0306821067
 20
4178552.081859824
 30
0.0
 11
566450.0787310636
 21
4178552.145839384
 31
0.0
  0
LINE
  5
2E4
330
1F
100
AcDbEntity
  8
TASLAK_MERDIVEN
100
AcDbLine
 10
566449.865505484
 20
4178547.0233176006
 30
0.0
 11
566449.5547065851
 21
4178552.1138496036
 31
0.0
  0
LINE
  5
2E5
330
1F
100
AcDbEntity
  8
TASLAK_OK
100
AcDbLine
 10
566449.8441761938
 20
4178547.372667084
 30
0.0
 11
566449.5638477096
 21
4178551.9641283965
 31
0.0
  0
LINE
  5
2E6
330
1F
100
AcDbEntity
  8
TASLAK_OK
100
AcDbLine
 10
566449.2948755652
 20
4178551.4467778318
 30
0.0
 11
566449.5638477096
 21
4178551.9641283965
 31
0.0
  0
LINE
  5
2E7
330
1F
100
AcDbEntity
  8
TASLAK_OK
100
AcDbLine
 10
566449.8937606834
 20
4178551.48333758
 30
0.0
 11
566449.5638477096
 21
4178551.9641283965
 31
0.0
  0
TEXT
  5
2E8
330
1F
100
AcDbEntity
  8
TASLAK_OK
100
AcDbText
 10
566449.7019271163
 20
4178549.7025449704
 30
0.0
 40
0.22
  1
CIKIS
 50
93.49381714809878
 72
1
 11
566449.7019271163
 21
4178549.7025449704
 31
0.0
100
AcDbText
 73
2
  0
LINE
  5
2E9
330
1F
100
AcDbEntity
  8
TASLAK_PENCERE
100
AcDbLine
 10
566450.5708760865
 20
4178547.3669363777
 30
0.0
 11
566450.2966416852
 21
4178551.8585835523
 31
0.0
  0
LINE
  5
2EA
330
1F
100
AcDbEntity
  8
TASLAK_PENCERE
100
AcDbLine
 10
566450.7305787073
 20
4178547.3766869106
 30
0.0
 11
566450.4111734657
 21
4178547.357185845
 31
0.0
  0
LINE
  5
2EB
330
1F
100
AcDbEntity
  8
TASLAK_PENCERE
100
AcDbLine
 10
566450.456344306
 20
4178551.868334085
 30
0.0
 11
566450.1369390644
 21
4178551.8488330194
 31
0.0
  0
LINE
  5
2EC
330
1F
100
AcDbEntity
  8
TASLAK_PENCERE
100
AcDbLine
 10
566450.491024776
 20
4178547.3620611113
 30
0.0
 11
566450.2167903747
 21
4178551.853708286
 31
0.0
  0
LINE
  5
2ED
330
1F
100
AcDbEntity
  8
TASLAK_PENCERE
100
AcDbLine
 10
566446.6301891961
 20
4178546.2747894833
 30
0.0
 11
566446.7798296163
 21
4178546.283924484
 31
0.0
  0
LINE
  5
2EE
330
1F
100
AcDbEntity
  8
TASLAK_PENCERE
100
AcDbLine
 10
566446.6399384623
 20
4178546.115086785
 30
0.0
 11
566446.6204399299
 21
4178546.4344921815
 31
0.0
  0
LINE
  5
2EF
330
1F
100
AcDbEntity
  8
TASLAK_PENCERE
100
AcDbLine
 10
566446.7895788825
 20
4178546.124221786
 30
0.0
 11
566446.7700803501
 21
4178546.4436271824
 31
0.0
  0
LINE
  5
2F0
330
1F
100
AcDbEntity
  8
TASLAK_PENCERE
100
AcDbLine
 10
566446.625314563
 20
4178546.354640832
 30
0.0
 11
566446.7749549833
 21
4178546.363775833
 31
0.0
  0
LINE
  5
2F1
330
1F
100
AcDbEntity
  8
TASLAK_PENCERE
100
AcDbLine
 10
566447.1790863618
 20
4178546.30829765
 30
0.0
 11
566448.9757417163
 21
4178546.417976896
 31
0.0
  0
LINE
  5
2F2
330
1F
100
AcDbEntity
  8
TASLAK_PENCERE
100
AcDbLine
 10
566447.1888356281
 20
4178546.1485949517
 30
0.0
 11
566447.1693370955
 21
4178546.468000348
 31
0.0
  0
LINE
  5
2F3
330
1F
100
AcDbEntity
  8
TASLAK_PENCERE
100
AcDbLine
 10
566448.9854909827
 20
4178546.2582741976
 30
0.0
 11
566448.96599245
 21
4178546.577679594
 31
0.0
  0
LINE
  5
2F4
330
1F
100
AcDbEntity
  8
TASLAK_PENCERE
100
AcDbLine
 10
566447.1742117286
 20
4178546.388148999
 30
0.0
 11
566448.9708670832
 21
4178546.4978282447
 31
0.0
  0
LINE
  5
2F5
330
1F
100
AcDbEntity
  8
TASLAK_PENCERE
100
AcDbLine
 10
566445.5711065031
 20
4178547.2119979495
 30
0.0
 11
566445.324295475
 21
4178551.254481503
 31
0.0
  0
LINE
  5
2F6
330
1F
100
AcDbEntity
  8
TASLAK_PENCERE
100
AcDbLine
 10
566445.730809124
 20
4178547.2217484824
 30
0.0
 11
566445.4114038823
 21
4178547.2022474166
 31
0.0
  0
LINE
  5
2F7
330
1F
100
AcDbEntity
  8
TASLAK_PENCERE
100
AcDbLine
 10
566445.4839980958
 20
4178551.2642320357
 30
0.0
 11
566445.1645928542
 21
4178551.24473097
 31
0.0
  0
LINE
  5
2F8
330
1F
100
AcDbEntity
  8
TASLAK_PENCERE
100
AcDbLine
 10
566445.4912551927
 20
4178547.207122683
 30
0.0
 11
566445.2444441646
 21
4178551.2496062363
 31
0.0
  0
LINE
  5
2F9
330
1F
100
AcDbEntity
  8
TASLAK_PENCERE
100
AcDbLine
 10
566445.7434051466
 20
4178554.2355583236
 30
0.0
 11
566446.4421044512
 21
4178554.2782113636
 31
0.0
  0
LINE
  5
2FA
330
1F
100
AcDbEntity
  8
TASLAK_PENCERE
100
AcDbLine
 10
566445.753154413
 20
4178554.0758556253
 30
0.0
 11
566445.7336558803
 21
4178554.395261022
 31
0.0
  0
LINE
  5
2FB
330
1F
100
AcDbEntity
  8
TASLAK_PENCERE
100
AcDbLine
 10
566446.4518537176
 20
4178554.1185086654
 30
0.0
 11
566446.4323551849
 21
4178554.437914062
 31
0.0
  0
LINE
  5
2FC
330
1F
100
AcDbEntity
  8
TASLAK_PENCERE
100
AcDbLine
 10
566445.7385305135
 20
4178554.3154096724
 30
0.0
 11
566446.4372298181
 21
4178554.3580627125
 31
0.0
  0
LINE
  5
2FD
330
1F
100
AcDbEntity
  8
TASLAK_PENCERE
100
AcDbLine
 10
566447.1408037557
 20
4178554.3208644036
 30
0.0
 11
566448.4882144124
 21
4178554.403118902
 31
0.0
  0
LINE
  5
2FE
330
1F
100
AcDbEntity
  8
TASLAK_PENCERE
100
AcDbLine
 10
566447.150553022
 20
4178554.1611617054
 30
0.0
 11
566447.1310544894
 21
4178554.480567102
 31
0.0
  0
LINE
  5
2FF
330
1F
100
AcDbEntity
  8
TASLAK_PENCERE
100
AcDbLine
 10
566448.4979636787
 20
4178554.2434162037
 30
0.0
 11
566448.478465146
 21
4178554.5628216
 31
0.0
  0
LINE
  5
300
330
1F
100
AcDbEntity
  8
TASLAK_PENCERE
100
AcDbLine
 10
566447.1359291226
 20
4178554.4007157525
 30
0.0
 11
566448.4833397792
 21
4178554.482970251
 31
0.0
  0
LINE
  5
301
330
1F
100
AcDbEntity
  8
TASLAK_PENCERE
100
AcDbLine
 10
566445.5345420055
 20
4178547.810882778
 30
0.0
 11
566445.3060132263
 21
4178551.553923917
 31
0.0
  0
LINE
  5
302
330
1F
100
AcDbEntity
  8
TASLAK_PENCERE
100
AcDbLine
 10
566445.6942446263
 20
4178547.820633311
 30
0.0
 11
566445.3748393847
 21
4178547.801132245
 31
0.0
  0
LINE
  5
303
330
1F
100
AcDbEntity
  8
TASLAK_PENCERE
100
AcDbLine
 10
566445.4657158471
 20
4178551.56367445
 30
0.0
 11
566445.1463106055
 21
4178551.544173384
 31
0.0
  0
LINE
  5
304
330
1F
100
AcDbEntity
  8
TASLAK_PENCERE
100
AcDbLine
 10
566445.454690695
 20
4178547.8060075114
 30
0.0
 11
566445.2261619158
 21
4178551.5490486505
 31
0.0
  0
LINE
  5
305
330
1F
100
AcDbEntity
  8
TASLAK_KAPI
100
AcDbLine
 10
566445.6435909603
 20
4178554.2294650325
 30
0.0
 11
566446.5419186376
 21
4178554.284304655
 31
0.0
  0
ARC
  5
306
330
1F
100
AcDbEntity
  8
TASLAK_KAPI
100
AcDbCircle
 10
566445.6435909603
 20
4178554.2294650325
 30
0.0
 40
0.8999999999893019
100
AcDbArc
 50
0.0
 51
90.0
  0
LINE
  5
307
330
1F
100
AcDbEntity
  8
TASLAK_KAPI
100
AcDbLine
 10
566446.8512405031
 20
4178552.499836753
 30
0.0
 11
566446.7994407982
 21
4178553.3482569265
 31
0.0
  0
ARC
  5
308
330
1F
100
AcDbEntity
  8
TASLAK_KAPI
100
AcDbCircle
 10
566446.8512405031
 20
4178552.499836753
 30
0.0
 40
0.8500000000307888
100
AcDbArc
 50
0.0
 51
90.0
  0
LINE
  5
309
330
1F
100
AcDbEntity
  8
TASLAK_KAPI
100
AcDbLine
 10
566445.9703547803
 20
4178551.99522418
 30
0.0
 11
566446.8686824576
 21
4178552.050063803
 31
0.0
  0
ARC
  5
30A
330
1F
100
AcDbEntity
  8
TASLAK_KAPI
100
AcDbCircle
 10
566445.9703547803
 20
4178551.99522418
 30
0.0
 40
0.8999999999893019
100
AcDbArc
 50
0.0
 51
90.0
  0
LWPOLYLINE
  5
30B
330
1F
100
AcDbEntity
  8
TASLAK_ASMAKAT
  6
KESIKLI
100
AcDbPolyline
 90
4
 70
1
 10
566446.7566885736
 20
4178547.4847457223
 10
566449.3018694666
 20
4178547.640119718
 10
566449.0245880238
 20
4178552.1816739617
 10
566446.4794071309
 20
4178552.026299966
  0
TEXT
  5
30C
330
1F
100
AcDbEntity
  8
TASLAK_ASMAKAT
100
AcDbText
 10
566447.8906382988
 20
4178549.833209842
 30
0.0
 40
0.2
  1
ASMA KAT (YATAK ODASI)
 50
3.4933628053196957
 72
1
 11
566447.8906382988
 21
4178549.833209842
 31
0.0
100
AcDbText
 73
2
  0
LINE
  5
30D
330
1F
100
AcDbEntity
  8
TASLAK_GIRIS
100
AcDbLine
 10
566447.6398342579
 20
4178554.351328393
 30
0.0
 11
566447.5606111798
 21
4178555.6489121877
 31
0.0
  0
LINE
  5
30E
330
1F
100
AcDbEntity
  8
TASLAK_GIRIS
100
AcDbLine
 10
566447.288591994
 20
4178555.1814686917
 30
0.0
 11
566447.6398342579
 21
4178554.351328393
 31
0.0
  0
LINE
  5
30F
330
1F
100
AcDbEntity
  8
TASLAK_GIRIS
100
AcDbLine
 10
566447.8874771121
 20
4178555.2180284406
 30
0.0
 11
566447.6398342579
 21
4178554.351328393
 31
0.0
  0
TEXT
  5
310
330
1F
100
AcDbEntity
  8
TASLAK_GIRIS
100
AcDbText
 10
566447.536234848
 20
4178556.04816874
 30
0.0
 40
0.24
  1
GIRIS
 50
3.4933628053196957
 72
1
 11
566447.536234848
 21
4178556.04816874
 31
0.0
100
AcDbText
 73
2
  0
LWPOLYLINE
  5
311
330
1F
100
AcDbEntity
  8
TASLAK_DUVAR
100
AcDbPolyline
 90
4
 70
1
 10
566440.6413373565
 20
4178545.909202774
 10
566445.6319658156
 20
4178546.213862409
 10
566445.1444385117
 20
4178554.199004414
 10
566440.1538100527
 20
4178553.894344779
  0
LWPOLYLINE
  5
312
330
1F
100
AcDbEntity
  8
TASLAK_DUVAR
100
AcDbPolyline
 90
4
 70
1
 10
566440.8287775633
 20
4178546.121017633
 10
566445.420149277
 20
4178546.4013041025
 10
566444.9569983049
 20
4178553.987189555
 10
566440.3656265913
 20
4178553.7069030856
  0
LINE
  5
313
330
1F
100
AcDbEntity
  8
TASLAK_DUVAR
100
AcDbLine
 10
566444.3008639367
 20
4178546.6836273796
 30
0.0
 11
566443.9900650379
 21
4178551.7741593816
 31
0.0
  0
LINE
  5
314
330
1F
100
AcDbEntity
  8
TASLAK_DUVAR
100
AcDbLine
 10
566444.400678123
 20
4178546.689720671
 30
0.0
 11
566444.0898792242
 21
4178551.780252673
 31
0.0
  0
LINE
  5
315
330
1F
100
AcDbEntity
  8
TASLAK_DUVAR
100
AcDbLine
 10
566441.8380468073
 20
4178551.74297269
 30
0.0
 11
566441.7131181073
 21
4178553.78916252
 31
0.0
  0
LINE
  5
316
330
1F
100
AcDbEntity
  8
TASLAK_DUVAR
100
AcDbLine
 10
566441.9378609937
 20
4178551.7490659817
 30
0.0
 11
566441.8129322936
 21
4178553.7952558114
 31
0.0
  0
LINE
  5
317
330
1F
100
AcDbEntity
  8
TASLAK_DUVAR
100
AcDbLine
 10
566440.4875082498
 20
4178551.710620325
 30
0.0
 11
566444.0308310066
 21
4178551.9269272345
 31
0.0
  0
LINE
  5
318
330
1F
100
AcDbEntity
  8
TASLAK_DUVAR
100
AcDbLine
 10
566440.4936023328
 20
4178551.6108061867
 30
0.0
 11
566444.0369250895
 21
4178551.827113096
 31
0.0
  0
LINE
  5
319
330
1F
100
AcDbEntity
  8
TASLAK_DUVAR
100
AcDbLine
 10
566440.4406481981
 20
4178551.6576666106
 30
0.0
 11
566440.3157194981
 21
4178553.7038564403
 31
0.0
  0
LINE
  5
31A
330
1F
100
AcDbEntity
  8
TASLAK_DUVAR
100
AcDbLine
 10
566440.5404623846
 20
4178551.6637599017
 30
0.0
 11
566440.4155336845
 21
4178553.7099497314
 31
0.0
  0
LINE
  5
31B
330
1F
100
AcDbEntity
  8
TASLAK_DUVAR
100
AcDbLine
 10
566441.9266527542
 20
4178546.188038903
 30
0.0
 11
566441.8108651785
 21
4178548.0845075254
 31
0.0
  0
LINE
  5
31C
330
1F
100
AcDbEntity
  8
TASLAK_DUVAR
100
AcDbLine
 10
566442.0264669405
 20
4178546.194132194
 30
0.0
 11
566441.9106793648
 21
4178548.0906008165
 31
0.0
  0
TEXT
  5
31D
330
1F
100
AcDbEntity
  8
TASLAK_MEKAN
100
AcDbText
 10
566441.1267902459
 20
4178552.7264612108
 30
0.0
 40
0.26
  1
ANTRE\P2.9 m2
 72
1
 11
566441.1267902459
 21
4178552.7264612108
 31
0.0
100
AcDbText
 73
2
  0
TEXT
  5
31E
330
1F
100
AcDbEntity
  8
TASLAK_MEKAN
100
AcDbText
 10
566442.8984516244
 20
4178552.8346146657
 30
0.0
 40
0.26
  1
BANYO/WC\P4.4 m2
 72
1
 11
566442.8984516244
 21
4178552.8346146657
 31
0.0
100
AcDbText
 73
2
  0
TEXT
  5
31F
330
1F
100
AcDbEntity
  8
TASLAK_MEKAN
100
AcDbText
 10
566442.4313278055
 20
4178548.9990188987
 30
0.0
 40
0.26
  1
MUTFAK + SALON\P19.7 m2
 72
1
 11
566442.4313278055
 21
4178548.9990188987
 31
0.0
100
AcDbText
 73
2
  0
LINE
  5
320
330
1F
100
AcDbEntity
  8
TASLAK_MERDIVEN
100
AcDbLine
 10
566444.3507710298
 20
4178546.6866740254
 30
0.0
 11
566445.3988199867
 21
4178546.7506535854
 31
0.0
  0
LINE
  5
321
330
1F
100
AcDbEntity
  8
TASLAK_MERDIVEN
100
AcDbLine
 10
566444.334413193
 20
4178546.9545967625
 30
0.0
 11
566445.38246215
 21
4178547.0185763226
 31
0.0
  0
LINE
  5
322
330
1F
100
AcDbEntity
  8
TASLAK_MERDIVEN
100
AcDbLine
 10
566444.3180553563
 20
4178547.2225194992
 30
0.0
 11
566445.3661043132
 21
4178547.2864990593
 31
0.0
  0
LINE
  5
323
330
1F
100
AcDbEntity
  8
TASLAK_MERDIVEN
100
AcDbLine
 10
566444.3016975195
 20
4178547.4904422364
 30
0.0
 11
566445.3497464764
 21
4178547.5544217965
 31
0.0
  0
LINE
  5
324
330
1F
100
AcDbEntity
  8
TASLAK_MERDIVEN
100
AcDbLine
 10
566444.2853396827
 20
4178547.758364973
 30
0.0
 11
566445.3333886396
 21
4178547.822344533
 31
0.0
  0
LINE
  5
325
330
1F
100
AcDbEntity
  8
TASLAK_MERDIVEN
100
AcDbLine
 10
566444.2689818459
 20
4178548.0262877103
 30
0.0
 11
566445.3170308028
 21
4178548.0902672703
 31
0.0
  0
LINE
  5
326
330
1F
100
AcDbEntity
  8
TASLAK_MERDIVEN
100
AcDbLine
 10
566444.2526240092
 20
4178548.294210447
 30
0.0
 11
566445.300672966
 21
4178548.358190007
 31
0.0
  0
LINE
  5
327
330
1F
100
AcDbEntity
  8
TASLAK_MERDIVEN
100
AcDbLine
 10
566444.2362661724
 20
4178548.562133184
 30
0.0
 11
566445.2843151293
 21
4178548.626112744
 31
0.0
  0
LINE
  5
328
330
1F
100
AcDbEntity
  8
TASLAK_MERDIVEN
100
AcDbLine
 10
566444.2199083356
 20
4178548.830055921
 30
0.0
 11
566445.2679572925
 21
4178548.894035481
 31
0.0
  0
LINE
  5
329
330
1F
100
AcDbEntity
  8
TASLAK_MERDIVEN
100
AcDbLine
 10
566444.2035504988
 20
4178549.097978658
 30
0.0
 11
566445.2515994557
 21
4178549.161958218
 31
0.0
  0
LINE
  5
32A
330
1F
100
AcDbEntity
  8
TASLAK_MERDIVEN
100
AcDbLine
 10
566444.187192662
 20
4178549.3659013947
 30
0.0
 11
566445.2352416189
 21
4178549.429880955
 31
0.0
  0
LINE
  5
32B
330
1F
100
AcDbEntity
  8
TASLAK_MERDIVEN
100
AcDbLine
 10
566444.1708348253
 20
4178549.633824132
 30
0.0
 11
566445.2188837822
 21
4178549.697803692
 31
0.0
  0
LINE
  5
32C
330
1F
100
AcDbEntity
  8
TASLAK_MERDIVEN
100
AcDbLine
 10
566444.1544769885
 20
4178549.9017468686
 30
0.0
 11
566445.2025259454
 21
4178549.9657264287
 31
0.0
  0
LINE
  5
32D
330
1F
100
AcDbEntity
  8
TASLAK_MERDIVEN
100
AcDbLine
 10
566444.1381191517
 20
4178550.169669606
 30
0.0
 11
566445.1861681086
 21
4178550.233649166
 31
0.0
  0
LINE
  5
32E
330
1F
100
AcDbEntity
  8
TASLAK_MERDIVEN
100
AcDbLine
 10
566444.1217613149
 20
4178550.4375923425
 30
0.0
 11
566445.1698102718
 21
4178550.5015719025
 31
0.0
  0
LINE
  5
32F
330
1F
100
AcDbEntity
  8
TASLAK_MERDIVEN
100
AcDbLine
 10
566444.1054034781
 20
4178550.7055150797
 30
0.0
 11
566445.153452435
 21
4178550.7694946397
 31
0.0
  0
LINE
  5
330
330
1F
100
AcDbEntity
  8
TASLAK_MERDIVEN
100
AcDbLine
 10
566444.0890456414
 20
4178550.9734378164
 30
0.0
 11
566445.1370945983
 21
4178551.0374173764
 31
0.0
  0
LINE
  5
331
330
1F
100
AcDbEntity
  8
TASLAK_MERDIVEN
100
AcDbLine
 10
566444.0726878046
 20
4178551.2413605535
 30
0.0
 11
566445.1207367615
 21
4178551.3053401136
 31
0.0
  0
LINE
  5
332
330
1F
100
AcDbEntity
  8
TASLAK_MERDIVEN
100
AcDbLine
 10
566444.0563299678
 20
4178551.5092832902
 30
0.0
 11
566445.1043789247
 21
4178551.5732628503
 31
0.0
  0
LINE
  5
333
330
1F
100
AcDbEntity
  8
TASLAK_MERDIVEN
100
AcDbLine
 10
566444.039972131
 20
4178551.7772060274
 30
0.0
 11
566445.0880210879
 21
4178551.8411855875
 31
0.0
  0
LINE
  5
334
330
1F
100
AcDbEntity
  8
TASLAK_MERDIVEN
100
AcDbLine
 10
566444.8747955082
 20
4178546.718663805
 30
0.0
 11
566444.5639966094
 21
4178551.809195807
 31
0.0
  0
LINE
  5
335
330
1F
100
AcDbEntity
  8
TASLAK_OK
100
AcDbLine
 10
566444.853466218
 20
4178547.0680132885
 30
0.0
 11
566444.5731377339
 21
4178551.6594746
 31
0.0
  0
LINE
  5
336
330
1F
100
AcDbEntity
  8
TASLAK_OK
100
AcDbLine
 10
566444.3041655895
 20
4178551.1421240354
 30
0.0
 11
566444.5731377339
 21
4178551.6594746
 31
0.0
  0
LINE
  5
337
330
1F
100
AcDbEntity
  8
TASLAK_OK
100
AcDbLine
 10
566444.9030507077
 20
4178551.178683784
 30
0.0
 11
566444.5731377339
 21
4178551.6594746
 31
0.0
  0
TEXT
  5
338
330
1F
100
AcDbEntity
  8
TASLAK_OK
100
AcDbText
 10
566444.7112171404
 20
4178549.3978911745
 30
0.0
 40
0.22
  1
CIKIS
 50
93.49381714767304
 72
1
 11
566444.7112171404
 21
4178549.3978911745
 31
0.0
100
AcDbText
 73
2
  0
LINE
  5
339
330
1F
100
AcDbEntity
  8
TASLAK_PENCERE
100
AcDbLine
 10
566445.5801661107
 20
4178547.0622825823
 30
0.0
 11
566445.3059317094
 21
4178551.553929756
 31
0.0
  0
LINE
  5
33A
330
1F
100
AcDbEntity
  8
TASLAK_PENCERE
100
AcDbLine
 10
566445.7398687315
 20
4178547.072033115
 30
0.0
 11
566445.4204634898
 21
4178547.0525320494
 31
0.0
  0
LINE
  5
33B
330
1F
100
AcDbEntity
  8
TASLAK_PENCERE
100
AcDbLine
 10
566445.4656343302
 20
4178551.563680289
 30
0.0
 11
566445.1462290885
 21
4178551.544179223
 31
0.0
  0
LINE
  5
33C
330
1F
100
AcDbEntity
  8
TASLAK_PENCERE
100
AcDbLine
 10
566445.5003148002
 20
4178547.057407316
 30
0.0
 11
566445.2260803989
 21
4178551.5490544895
 31
0.0
  0
LINE
  5
33D
330
1F
100
AcDbEntity
  8
TASLAK_PENCERE
100
AcDbLine
 10
566441.6394792201
 20
4178545.9701356883
 30
0.0
 11
566441.7891196405
 21
4178545.979270689
 31
0.0
  0
LINE
  5
33E
330
1F
100
AcDbEntity
  8
TASLAK_PENCERE
100
AcDbLine
 10
566441.6492284863
 20
4178545.81043299
 30
0.0
 11
566441.629729954
 21
4178546.1298383866
 31
0.0
  0
LINE
  5
33F
330
1F
100
AcDbEntity
  8
TASLAK_PENCERE
100
AcDbLine
 10
566441.7988689067
 20
4178545.819567991
 30
0.0
 11
566441.7793703743
 21
4178546.1389733874
 31
0.0
  0
LINE
  5
340
330
1F
100
AcDbEntity
  8
TASLAK_PENCERE
100
AcDbLine
 10
566441.6346045871
 20
4178546.049987037
 30
0.0
 11
566441.7842450074
 21
4178546.059122038
 31
0.0
  0
LINE
  5
341
330
1F
100
AcDbEntity
  8
TASLAK_PENCERE
100
AcDbLine
 10
566442.188376386
 20
4178546.003643855
 30
0.0
 11
566443.9850317405
 21
4178546.1133231004
 31
0.0
  0
LINE
  5
342
330
1F
100
AcDbEntity
  8
TASLAK_PENCERE
100
AcDbLine
 10
566442.1981256522
 20
4178545.8439411568
 30
0.0
 11
566442.1786271197
 21
4178546.163346553
 31
0.0
  0
LINE
  5
343
330
1F
100
AcDbEntity
  8
TASLAK_PENCERE
100
AcDbLine
 10
566443.9947810067
 20
4178545.953620402
 30
0.0
 11
566443.9752824743
 21
4178546.2730257986
 31
0.0
  0
LINE
  5
344
330
1F
100
AcDbEntity
  8
TASLAK_PENCERE
100
AcDbLine
 10
566442.1835017528
 20
4178546.083495204
 30
0.0
 11
566443.9801571073
 21
4178546.1931744493
 31
0.0
  0
LINE
  5
345
330
1F
100
AcDbEntity
  8
TASLAK_PENCERE
100
AcDbLine
 10
566440.5803965272
 20
4178546.9073441545
 30
0.0
 11
566440.3335854992
 21
4178550.949827707
 31
0.0
  0
LINE
  5
346
330
1F
100
AcDbEntity
  8
TASLAK_PENCERE
100
AcDbLine
 10
566440.740099148
 20
4178546.9170946875
 30
0.0
 11
566440.4206939064
 21
4178546.8975936216
 31
0.0
  0
LINE
  5
347
330
1F
100
AcDbEntity
  8
TASLAK_PENCERE
100
AcDbLine
 10
566440.49328812
 20
4178550.95957824
 30
0.0
 11
566440.1738828784
 21
4178550.940077174
 31
0.0
  0
LINE
  5
348
330
1F
100
AcDbEntity
  8
TASLAK_PENCERE
100
AcDbLine
 10
566440.5005452167
 20
4178546.902468888
 30
0.0
 11
566440.2537341887
 21
4178550.9449524404
 31
0.0
  0
LINE
  5
349
330
1F
100
AcDbEntity
  8
TASLAK_PENCERE
100
AcDbLine
 10
566440.7526951708
 20
4178553.9309045277
 30
0.0
 11
566441.4513944754
 21
4178553.9735575677
 31
0.0
  0
LINE
  5
34A
330
1F
100
AcDbEntity
  8
TASLAK_PENCERE
100
AcDbLine
 10
566440.7624444371
 20
4178553.7712018294
 30
0.0
 11
566440.7429459045
 21
4178554.090607226
 31
0.0
  0
LINE
  5
34B
330
1F
100
AcDbEntity
  8
TASLAK_PENCERE
100
AcDbLine
 10
566441.4611437417
 20
4178553.8138548695
 30
0.0
 11
566441.4416452091
 21
4178554.133260266
 31
0.0
  0
LINE
  5
34C
330
1F
100
AcDbEntity
  8
TASLAK_PENCERE
100
AcDbLine
 10
566440.7478205377
 20
4178554.0107558765
 30
0.0
 11
566441.4465198423
 21
4178554.0534089166
 31
0.0
  0
LINE
  5
34D
330
1F
100
AcDbEntity
  8
TASLAK_PENCERE
100
AcDbLine
 10
566442.15009378
 20
4178554.0162106077
 30
0.0
 11
566443.4975044366
 21
4178554.0984651055
 31
0.0
  0
LINE
  5
34E
330
1F
100
AcDbEntity
  8
TASLAK_PENCERE
100
AcDbLine
 10
566442.1598430462
 20
4178553.8565079095
 30
0.0
 11
566442.1403445138
 21
4178554.175913306
 31
0.0
  0
LINE
  5
34F
330
1F
100
AcDbEntity
  8
TASLAK_PENCERE
100
AcDbLine
 10
566443.5072537028
 20
4178553.9387624073
 30
0.0
 11
566443.4877551704
 21
4178554.2581678038
 31
0.0
  0
LINE
  5
350
330
1F
100
AcDbEntity
  8
TASLAK_PENCERE
100
AcDbLine
 10
566442.1452191469
 20
4178554.0960619566
 30
0.0
 11
566443.4926298035
 21
4178554.1783164544
 31
0.0
  0
LINE
  5
351
330
1F
100
AcDbEntity
  8
TASLAK_PENCERE
100
AcDbLine
 10
566440.5438320296
 20
4178547.506228983
 30
0.0
 11
566440.3153032503
 21
4178551.249270121
 31
0.0
  0
LINE
  5
352
330
1F
100
AcDbEntity
  8
TASLAK_PENCERE
100
AcDbLine
 10
566440.7035346504
 20
4178547.515979516
 30
0.0
 11
566440.3841294087
 21
4178547.49647845
 31
0.0
  0
LINE
  5
353
330
1F
100
AcDbEntity
  8
TASLAK_PENCERE
100
AcDbLine
 10
566440.4750058712
 20
4178551.259020654
 30
0.0
 11
566440.1556006295
 21
4178551.239519588
 31
0.0
  0
LINE
  5
354
330
1F
100
AcDbEntity
  8
TASLAK_PENCERE
100
AcDbLine
 10
566440.4639807191
 20
4178547.5013537165
 30
0.0
 11
566440.2354519399
 21
4178551.2443948546
 31
0.0
  0
LINE
  5
355
330
1F
100
AcDbEntity
  8
TASLAK_KAPI
100
AcDbLine
 10
566440.6528809845
 20
4178553.924811236
 30
0.0
 11
566441.5512086618
 21
4178553.9796508593
 31
0.0
  0
ARC
  5
356
330
1F
100
AcDbEntity
  8
TASLAK_KAPI
100
AcDbCircle
 10
566440.6528809845
 20
4178553.924811236
 30
0.0
 40
0.900000000017676
100
AcDbArc
 50
0.0
 51
90.0
  0
LINE
  5
357
330
1F
100
AcDbEntity
  8
TASLAK_KAPI
100
AcDbLine
 10
566441.8605305273
 20
4178552.195182957
 30
0.0
 11
566441.8087308224
 21
4178553.0436031306
 31
0.0
  0
ARC
  5
358
330
1F
100
AcDbEntity
  8
TASLAK_KAPI
100
AcDbCircle
 10
566441.8605305273
 20
4178552.195182957
 30
0.0
 40
0.8500000000307888
100
AcDbArc
 50
0.0
 51
90.0
  0
LINE
  5
359
330
1F
100
AcDbEntity
  8
TASLAK_KAPI
100
AcDbLine
 10
566440.9796448045
 20
4178551.690570384
 30
0.0
 11
566441.8779724818
 21
4178551.745410007
 31
0.0
  0
ARC
  5
35A
330
1F
100
AcDbEntity
  8
TASLAK_KAPI
100
AcDbCircle
 10
566440.9796448045
 20
4178551.690570384
 30
0.0
 40
0.900000000017676
100
AcDbArc
 50
0.0
 51
90.0
  0
LWPOLYLINE
  5
35B
330
1F
100
AcDbEntity
  8
TASLAK_ASMAKAT
  6
KESIKLI
100
AcDbPolyline
 90
4
 70
1
 10
566441.7659785978
 20
4178547.1800919273
 10
566444.3111594908
 20
4178547.3354659225
 10
566444.0338780481
 20
4178551.8770201653
 10
566441.488697155
 20
4178551.72164617
  0
TEXT
  5
35C
330
1F
100
AcDbEntity
  8
TASLAK_ASMAKAT
100
AcDbText
 10
566442.8999283229
 20
4178549.528556046
 30
0.0
 40
0.2
  1
ASMA KAT (YATAK ODASI)
 50
3.493362799912152
 72
1
 11
566442.8999283229
 21
4178549.528556046
 31
0.0
100
AcDbText
 73
2
  0
LINE
  5
35D
330
1F
100
AcDbEntity
  8
TASLAK_GIRIS
100
AcDbLine
 10
566442.6491242822
 20
4178554.0466745966
 30
0.0
 11
566442.5699012041
 21
4178555.3442583913
 31
0.0
  0
LINE
  5
35E
330
1F
100
AcDbEntity
  8
TASLAK_GIRIS
100
AcDbLine
 10
566442.2978820181
 20
4178554.876814896
 30
0.0
 11
566442.6491242822
 21
4178554.0466745966
 31
0.0
  0
LINE
  5
35F
330
1F
100
AcDbEntity
  8
TASLAK_GIRIS
100
AcDbLine
 10
566442.8967671364
 20
4178554.9133746442
 30
0.0
 11
566442.6491242822
 21
4178554.0466745966
 31
0.0
  0
TEXT
  5
360
330
1F
100
AcDbEntity
  8
TASLAK_GIRIS
100
AcDbText
 10
566442.5455248724
 20
4178555.7435149434
 30
0.0
 40
0.24
  1
GIRIS
 50
3.493362799912152
 72
1
 11
566442.5455248724
 21
4178555.7435149434
 31
0.0
100
AcDbText
 73
2
  0
LWPOLYLINE
  5
361
330
1F
100
AcDbEntity
  8
TASLAK_DUVAR
100
AcDbPolyline
 90
4
 70
1
 10
566432.4734088359
 20
4178548.416182939
 10
566440.4584183013
 20
4178548.9035720625
 10
566440.1537650685
 20
4178553.8942820737
 10
566432.1687556031
 20
4178553.40689295
  0
LWPOLYLINE
  5
362
330
1F
100
AcDbEntity
  8
TASLAK_DUVAR
100
AcDbPolyline
 90
4
 70
1
 10
566432.6608511804
 20
4178548.6279962654
 10
566440.2466036981
 20
4178549.0910155373
 10
566439.966322724
 20
4178553.6824687473
 10
566432.3805702063
 20
4178553.2194494754
  0
LINE
  5
363
330
1F
100
AcDbEntity
  8
TASLAK_DUVAR
100
AcDbLine
 10
566432.5389898873
 20
4178550.62428027
 30
0.0
 11
566440.124742405
 21
4178551.087299542
 31
0.0
  0
LINE
  5
364
330
1F
100
AcDbEntity
  8
TASLAK_DUVAR
100
AcDbLine
 10
566432.545082952
 20
4178550.52446607
 30
0.0
 11
566440.1308354697
 21
4178550.9874853417
 31
0.0
  0
LINE
  5
365
330
1F
100
AcDbEntity
  8
TASLAK_DUVAR
100
AcDbLine
 10
566437.801154893
 20
4178548.9417501977
 30
0.0
 11
566437.6853866646
 21
4178550.838220001
 31
0.0
  0
LINE
  5
366
330
1F
100
AcDbEntity
  8
TASLAK_DUVAR
100
AcDbLine
 10
566437.9009691299
 20
4178548.947842661
 30
0.0
 11
566437.7852009014
 21
4178550.8443124644
 31
0.0
  0
LINE
  5
367
330
1F
100
AcDbEntity
  8
TASLAK_DUVAR
100
AcDbLine
 10
566433.8396214999
 20
4178550.653575187
 30
0.0
 11
566433.6781552866
 21
4178553.298651492
 31
0.0
  0
LINE
  5
368
330
1F
100
AcDbEntity
  8
TASLAK_DUVAR
100
AcDbLine
 10
566433.9394357369
 20
4178550.65966765
 30
0.0
 11
566433.7779695236
 21
4178553.304743955
 31
0.0
  0
LINE
  5
369
330
1F
100
AcDbEntity
  8
TASLAK_DUVAR
100
AcDbLine
 10
566435.7360920018
 20
4178550.769331981
 30
0.0
 11
566435.5746257885
 21
4178553.414408286
 31
0.0
  0
LINE
  5
36A
330
1F
100
AcDbEntity
  8
TASLAK_DUVAR
100
AcDbLine
 10
566435.8359062388
 20
4178550.775424444
 30
0.0
 11
566435.6744400255
 21
4178553.4205007493
 31
0.0
  0
TEXT
  5
36B
330
1F
100
AcDbEntity
  8
TASLAK_MEKAN
100
AcDbText
 10
566436.3943200589
 20
4178549.8326943535
 30
0.0
 40
0.26
  1
MUTFAK + SALON\P14.8 m2
 72
1
 11
566436.3943200589
 21
4178549.8326943535
 31
0.0
100
AcDbText
 73
2
  0
TEXT
  5
36C
330
1F
100
AcDbEntity
  8
TASLAK_MEKAN
100
AcDbText
 10
566433.1350494124
 20
4178551.9380354476
 30
0.0
 40
0.26
  1
ANTRE\P3.6 m2
 72
1
 11
566433.1350494124
 21
4178551.9380354476
 31
0.0
100
AcDbText
 73
2
  0
TEXT
  5
36D
330
1F
100
AcDbEntity
  8
TASLAK_MEKAN
100
AcDbText
 10
566434.7570307628
 20
4178552.0370379677
 30
0.0
 40
0.26
  1
BANYO/WC\P5.0 m2
 72
1
 11
566434.7570307628
 21
4178552.0370379677
 31
0.0
100
AcDbText
 73
2
  0
CIRCLE
  5
36E
330
1F
100
AcDbEntity
  8
TASLAK_MERDIVEN
100
AcDbCircle
 10
566438.9822504149
 20
4178552.5704487856
 30
0.0
 40
0.85
  0
LINE
  5
36F
330
1F
100
AcDbEntity
  8
TASLAK_MERDIVEN
100
AcDbLine
 10
566438.9822504149
 20
4178552.5704487856
 30
0.0
 11
566439.8306714289
 21
4178552.62223472
 31
0.0
  0
LINE
  5
370
330
1F
100
AcDbEntity
  8
TASLAK_MERDIVEN
100
AcDbLine
 10
566438.9822504149
 20
4178552.5704487856
 30
0.0
 11
566439.6911090415
 21
4178553.039507071
 31
0.0
  0
LINE
  5
371
330
1F
100
AcDbEntity
  8
TASLAK_MERDIVEN
100
AcDbLine
 10
566438.9822504149
 20
4178552.5704487856
 30
0.0
 11
566439.3616085573
 21
4178553.3310956336
 31
0.0
  0
LINE
  5
372
330
1F
100
AcDbEntity
  8
TASLAK_MERDIVEN
100
AcDbLine
 10
566438.9822504149
 20
4178552.5704487856
 30
0.0
 11
566438.9304593652
 21
4178553.4188694875
 31
0.0
  0
LINE
  5
373
330
1F
100
AcDbEntity
  8
TASLAK_MERDIVEN
100
AcDbLine
 10
566438.9822504149
 20
4178552.5704487856
 30
0.0
 11
566438.5131875433
 21
4178553.2793096993
 31
0.0
  0
LINE
  5
374
330
1F
100
AcDbEntity
  8
TASLAK_MERDIVEN
100
AcDbLine
 10
566438.9822504149
 20
4178552.5704487856
 30
0.0
 11
566438.2216007389
 21
4178552.949811202
 31
0.0
  0
LINE
  5
375
330
1F
100
AcDbEntity
  8
TASLAK_MERDIVEN
100
AcDbLine
 10
566438.9822504149
 20
4178552.5704487856
 30
0.0
 11
566438.1338294009
 21
4178552.5186628513
 31
0.0
  0
LINE
  5
376
330
1F
100
AcDbEntity
  8
TASLAK_MERDIVEN
100
AcDbLine
 10
566438.9822504149
 20
4178552.5704487856
 30
0.0
 11
566438.2733917885
 21
4178552.1013905
 31
0.0
  0
LINE
  5
377
330
1F
100
AcDbEntity
  8
TASLAK_MERDIVEN
100
AcDbLine
 10
566438.9822504149
 20
4178552.5704487856
 30
0.0
 11
566438.6028922725
 21
4178551.8098019375
 31
0.0
  0
LINE
  5
378
330
1F
100
AcDbEntity
  8
TASLAK_MERDIVEN
100
AcDbLine
 10
566438.9822504149
 20
4178552.5704487856
 30
0.0
 11
566439.0340414644
 21
4178551.722028084
 31
0.0
  0
LINE
  5
379
330
1F
100
AcDbEntity
  8
TASLAK_MERDIVEN
100
AcDbLine
 10
566438.9822504149
 20
4178552.5704487856
 30
0.0
 11
566439.4513132866
 21
4178551.861587872
 31
0.0
  0
LINE
  5
37A
330
1F
100
AcDbEntity
  8
TASLAK_MERDIVEN
100
AcDbLine
 10
566438.9822504149
 20
4178552.5704487856
 30
0.0
 11
566439.742900091
 21
4178552.191086369
 31
0.0
  0
CIRCLE
  5
37B
330
1F
100
AcDbEntity
  8
TASLAK_MERDIVEN
100
AcDbCircle
 10
566438.9822504149
 20
4178552.5704487856
 30
0.0
 40
0.09
  0
LINE
  5
37C
330
1F
100
AcDbEntity
  8
TASLAK_OK
100
AcDbLine
 10
566438.5441039344
 20
4178552.0753351357
 30
0.0
 11
566439.4203968954
 21
4178553.0655624354
 31
0.0
  0
LINE
  5
37D
330
1F
100
AcDbEntity
  8
TASLAK_OK
100
AcDbLine
 10
566439.114645062
 20
4178553.1916688774
 30
0.0
 11
566439.4203968954
 21
4178553.0655624354
 31
0.0
  0
LINE
  5
37E
330
1F
100
AcDbEntity
  8
TASLAK_OK
100
AcDbLine
 10
566439.5827553351
 20
4178552.7774187988
 30
0.0
 11
566439.4203968954
 21
4178553.0655624354
 31
0.0
  0
TEXT
  5
37F
330
1F
100
AcDbEntity
  8
TASLAK_OK
100
AcDbText
 10
566438.558039908
 20
4178552.544555818
 30
0.0
 40
0.22
  1
CIKIS
 50
93.49323263141025
 72
1
 11
566438.558039908
 21
4178552.544555818
 31
0.0
100
AcDbText
 73
2
  0
LINE
  5
380
330
1F
100
AcDbEntity
  8
TASLAK_PENCERE
100
AcDbLine
 10
566433.4715512054
 20
4178548.4771075672
 30
0.0
 11
566437.663619667
 21
4178548.732983103
 31
0.0
  0
LINE
  5
381
330
1F
100
AcDbEntity
  8
TASLAK_PENCERE
100
AcDbLine
 10
566433.481299146
 20
4178548.317404788
 30
0.0
 11
566433.4618032648
 21
4178548.6368103465
 31
0.0
  0
LINE
  5
382
330
1F
100
AcDbEntity
  8
TASLAK_PENCERE
100
AcDbLine
 10
566437.6733676075
 20
4178548.5732803238
 30
0.0
 11
566437.6538717264
 21
4178548.8926858823
 31
0.0
  0
LINE
  5
383
330
1F
100
AcDbEntity
  8
TASLAK_PENCERE
100
AcDbLine
 10
566433.4666772351
 20
4178548.5569589566
 30
0.0
 11
566437.6587456967
 21
4178548.8128344924
 31
0.0
  0
LINE
  5
384
330
1F
100
AcDbEntity
  8
TASLAK_PENCERE
100
AcDbLine
 10
566438.0628766146
 20
4178548.7573529542
 30
0.0
 11
566439.8595328797
 21
4178548.8670172854
 31
0.0
  0
LINE
  5
385
330
1F
100
AcDbEntity
  8
TASLAK_PENCERE
100
AcDbLine
 10
566438.0726245552
 20
4178548.597650175
 30
0.0
 11
566438.053128674
 21
4178548.9170557335
 31
0.0
  0
LINE
  5
386
330
1F
100
AcDbEntity
  8
TASLAK_PENCERE
100
AcDbLine
 10
566439.8692808202
 20
4178548.707314506
 30
0.0
 11
566439.8497849391
 21
4178549.0267200647
 31
0.0
  0
LINE
  5
387
330
1F
100
AcDbEntity
  8
TASLAK_PENCERE
100
AcDbLine
 10
566438.0580026443
 20
4178548.8372043436
 30
0.0
 11
566439.8546589094
 21
4178548.946868675
 31
0.0
  0
LINE
  5
388
330
1F
100
AcDbEntity
  8
TASLAK_PENCERE
100
AcDbLine
 10
566432.4124781893
 20
4178549.414324941
 30
0.0
 11
566432.3789663337
 21
4178549.963303043
 31
0.0
  0
LINE
  5
389
330
1F
100
AcDbEntity
  8
TASLAK_PENCERE
100
AcDbLine
 10
566432.5721809097
 20
4178549.4240738447
 30
0.0
 11
566432.252775469
 21
4178549.4045760375
 31
0.0
  0
LINE
  5
38A
330
1F
100
AcDbEntity
  8
TASLAK_PENCERE
100
AcDbLine
 10
566432.538669054
 20
4178549.9730519466
 30
0.0
 11
566432.2192636133
 21
4178549.9535541395
 31
0.0
  0
LINE
  5
38B
330
1F
100
AcDbEntity
  8
TASLAK_PENCERE
100
AcDbLine
 10
566432.3326268292
 20
4178549.4094504896
 30
0.0
 11
566432.2991149735
 21
4178549.9584285915
 31
0.0
  0
LINE
  5
38C
330
1F
100
AcDbEntity
  8
TASLAK_PENCERE
100
AcDbLine
 10
566432.7676410248
 20
4178553.4434477272
 30
0.0
 11
566433.416433565
 21
4178553.4830487357
 31
0.0
  0
LINE
  5
38D
330
1F
100
AcDbEntity
  8
TASLAK_PENCERE
100
AcDbLine
 10
566432.7773889654
 20
4178553.283744948
 30
0.0
 11
566432.7578930842
 21
4178553.6031505065
 31
0.0
  0
LINE
  5
38E
330
1F
100
AcDbEntity
  8
TASLAK_PENCERE
100
AcDbLine
 10
566433.4261815056
 20
4178553.3233459564
 30
0.0
 11
566433.4066856244
 21
4178553.642751515
 31
0.0
  0
LINE
  5
38F
330
1F
100
AcDbEntity
  8
TASLAK_PENCERE
100
AcDbLine
 10
566432.7627670545
 20
4178553.5232991166
 30
0.0
 11
566433.4115595947
 21
4178553.562900125
 31
0.0
  0
LINE
  5
390
330
1F
100
AcDbEntity
  8
TASLAK_PENCERE
100
AcDbLine
 10
566434.065226105
 20
4178553.522649744
 30
0.0
 11
566435.2629969483
 21
4178553.595759298
 31
0.0
  0
LINE
  5
391
330
1F
100
AcDbEntity
  8
TASLAK_PENCERE
100
AcDbLine
 10
566434.0749740456
 20
4178553.362946965
 30
0.0
 11
566434.0554781645
 21
4178553.6823525233
 31
0.0
  0
LINE
  5
392
330
1F
100
AcDbEntity
  8
TASLAK_PENCERE
100
AcDbLine
 10
566435.2727448889
 20
4178553.436056519
 30
0.0
 11
566435.2532490077
 21
4178553.7554620774
 31
0.0
  0
LINE
  5
393
330
1F
100
AcDbEntity
  8
TASLAK_PENCERE
100
AcDbLine
 10
566434.0603521348
 20
4178553.6025011335
 30
0.0
 11
566435.258122978
 21
4178553.6756106876
 31
0.0
  0
LINE
  5
394
330
1F
100
AcDbEntity
  8
TASLAK_PENCERE
100
AcDbLine
 10
566436.0116037255
 20
4178553.6414527697
 30
0.0
 11
566439.5548796469
 21
4178553.8577272967
 31
0.0
  0
LINE
  5
395
330
1F
100
AcDbEntity
  8
TASLAK_PENCERE
100
AcDbLine
 10
566436.0213516661
 20
4178553.4817499905
 30
0.0
 11
566436.0018557849
 21
4178553.801155549
 31
0.0
  0
LINE
  5
396
330
1F
100
AcDbEntity
  8
TASLAK_PENCERE
100
AcDbLine
 10
566439.5646275874
 20
4178553.6980245174
 30
0.0
 11
566439.5451317063
 21
4178554.017430076
 31
0.0
  0
LINE
  5
397
330
1F
100
AcDbEntity
  8
TASLAK_PENCERE
100
AcDbLine
 10
566436.0067297552
 20
4178553.721304159
 30
0.0
 11
566439.5500056766
 21
4178553.937578686
 31
0.0
  0
LINE
  5
398
330
1F
100
AcDbEntity
  8
TASLAK_KAPI
100
AcDbLine
 10
566432.6678267878
 20
4178553.4373552646
 30
0.0
 11
566433.5661549204
 21
4178553.49218743
 31
0.0
  0
ARC
  5
399
330
1F
100
AcDbEntity
  8
TASLAK_KAPI
100
AcDbCircle
 10
566432.6678267878
 20
4178553.4373552646
 30
0.0
 40
0.9000000000917993
100
AcDbArc
 50
0.0
 51
90.0
  0
LINE
  5
39A
330
1F
100
AcDbEntity
  8
TASLAK_KAPI
100
AcDbLine
 10
566433.8621098275
 20
4178551.105785319
 30
0.0
 11
566433.8133653103
 21
4178551.9042989207
 31
0.0
  0
ARC
  5
39B
330
1F
100
AcDbEntity
  8
TASLAK_KAPI
100
AcDbCircle
 10
566433.8621098275
 20
4178551.105785319
 30
0.0
 40
0.7999999998666716
100
AcDbArc
 50
0.0
 51
90.0
  0
LINE
  5
39C
330
1F
100
AcDbEntity
  8
TASLAK_KAPI
100
AcDbLine
 10
566433.0136586892
 20
4178550.603160057
 30
0.0
 11
566433.9119868217
 21
4178550.657992223
 31
0.0
  0
ARC
  5
39D
330
1F
100
AcDbEntity
  8
TASLAK_KAPI
100
AcDbCircle
 10
566433.0136586892
 20
4178550.603160057
 30
0.0
 40
0.8999999999756002
100
AcDbArc
 50
0.0
 51
90.0
  0
LWPOLYLINE
  5
39E
330
1F
100
AcDbEntity
  8
TASLAK_ASMAKAT
  6
KESIKLI
100
AcDbPolyline
 90
4
 70
1
 10
566432.5409167501
 20
4178550.5927151586
 10
566440.1266692678
 20
4178551.0557344304
 10
566439.966322724
 20
4178553.6824687473
 10
566432.3805702063
 20
4178553.2194494754
  0
TEXT
  5
39F
330
1F
100
AcDbEntity
  8
TASLAK_ASMAKAT
100
AcDbText
 10
566436.2536197371
 20
4178552.1375919525
 30
0.0
 40
0.2
  1
ASMA KAT (YATAK ODASI)
 50
3.492887176097199
 72
1
 11
566436.2536197371
 21
4178552.1375919525
 31
0.0
100
AcDbText
 73
2
  0
LINE
  5
3A0
330
1F
100
AcDbEntity
  8
TASLAK_GIRIS
100
AcDbLine
 10
566436.1612603358
 20
4178553.6505875117
 30
0.0
 11
566436.0820504953
 21
4178554.9481721143
 31
0.0
  0
LINE
  5
3A1
330
1F
100
AcDbEntity
  8
TASLAK_GIRIS
100
AcDbLine
 10
566435.8100265755
 20
4178554.4807308256
 30
0.0
 11
566436.1612603358
 21
4178553.6505875117
 31
0.0
  0
LINE
  5
3A2
330
1F
100
AcDbEntity
  8
TASLAK_GIRIS
100
AcDbLine
 10
566436.4089119971
 20
4178554.517285602
 30
0.0
 11
566436.1612603358
 21
4178553.6505875117
 31
0.0
  0
TEXT
  5
3A3
330
1F
100
AcDbEntity
  8
TASLAK_GIRIS
100
AcDbText
 10
566436.0576782367
 20
4178555.347428915
 30
0.0
 40
0.24
  1
GIRIS
 50
3.492887176097199
 72
1
 11
566436.0576782367
 21
4178555.347428915
 31
0.0
100
AcDbText
 73
2
  0
LWPOLYLINE
  5
3A4
330
1F
100
AcDbEntity
  8
TASLAK_DUVAR
100
AcDbPolyline
 90
4
 70
1
 10
566492.4795989939
 20
4178552.0691912496
 10
566500.4647350108
 20
4178552.5566364215
 10
566500.1599748391
 20
4178557.547354336
 10
566492.1748388222
 20
4178557.059909164
  0
LWPOLYLINE
  5
3A5
330
1F
100
AcDbEntity
  8
TASLAK_DUVAR
100
AcDbPolyline
 90
4
 70
1
 10
566492.6670370225
 20
4178552.28100552
 10
566500.2529162386
 20
4178552.7440784336
 10
566499.9725368104
 20
4178557.3355400655
 10
566492.3866575944
 20
4178556.872467152
  0
LINE
  5
3A6
330
1F
100
AcDbEntity
  8
TASLAK_DUVAR
100
AcDbLine
 10
566492.545132427
 20
4178554.2773013134
 30
0.0
 11
566500.1310116431
 21
4178554.740374227
 31
0.0
  0
LINE
  5
3A7
330
1F
100
AcDbEntity
  8
TASLAK_DUVAR
100
AcDbLine
 10
566492.5512276129
 20
4178554.177487243
 30
0.0
 11
566500.137106829
 21
4178554.6405601567
 31
0.0
  0
LINE
  5
3A8
330
1F
100
AcDbEntity
  8
TASLAK_DUVAR
100
AcDbLine
 10
566497.8074683335
 20
4178552.5947983493
 30
0.0
 11
566497.691659802
 21
4178554.4912656927
 31
0.0
  0
LINE
  5
3A9
330
1F
100
AcDbEntity
  8
TASLAK_DUVAR
100
AcDbLine
 10
566497.9072825337
 20
4178552.600891414
 30
0.0
 11
566497.7914740022
 21
4178554.4973587575
 31
0.0
  0
LINE
  5
3AA
330
1F
100
AcDbEntity
  8
TASLAK_DUVAR
100
AcDbLine
 10
566493.8457646227
 20
4178554.3066041186
 30
0.0
 11
566493.6842421971
 21
4178556.9516769922
 31
0.0
  0
LINE
  5
3AB
330
1F
100
AcDbEntity
  8
TASLAK_DUVAR
100
AcDbLine
 10
566493.9455788229
 20
4178554.3126971833
 30
0.0
 11
566493.7840563973
 21
4178556.957770057
 31
0.0
  0
LINE
  5
3AC
330
1F
100
AcDbEntity
  8
TASLAK_DUVAR
100
AcDbLine
 10
566495.7422344267
 20
4178554.422372347
 30
0.0
 11
566495.5807120011
 21
4178557.067445221
 31
0.0
  0
LINE
  5
3AD
330
1F
100
AcDbEntity
  8
TASLAK_DUVAR
100
AcDbLine
 10
566495.8420486269
 20
4178554.4284654115
 30
0.0
 11
566495.6805262013
 21
4178557.073538285
 31
0.0
  0
TEXT
  5
3AE
330
1F
100
AcDbEntity
  8
TASLAK_MEKAN
100
AcDbText
 10
566496.4005481292
 20
4178553.4857363557
 30
0.0
 40
0.26
  1
MUTFAK + SALON\P14.8 m2
 72
1
 11
566496.4005481292
 21
4178553.4857363557
 31
0.0
100
AcDbText
 73
2
  0
TEXT
  5
3AF
330
1F
100
AcDbEntity
  8
TASLAK_MEKAN
100
AcDbText
 10
566493.1411646586
 20
4178555.5910589
 30
0.0
 40
0.26
  1
ANTRE\P3.6 m2
 72
1
 11
566493.1411646586
 21
4178555.5910589
 31
0.0
100
AcDbText
 73
2
  0
TEXT
  5
3B0
330
1F
100
AcDbEntity
  8
TASLAK_MEKAN
100
AcDbText
 10
566494.763145412
 20
4178555.690071202
 30
0.0
 40
0.26
  1
BANYO/WC\P5.0 m2
 72
1
 11
566494.763145412
 21
4178555.690071202
 31
0.0
100
AcDbText
 73
2
  0
CIRCLE
  5
3B1
330
1F
100
AcDbEntity
  8
TASLAK_MERDIVEN
100
AcDbCircle
 10
566498.98848716
 20
4178556.223515144
 30
0.0
 40
0.85
  0
LINE
  5
3B2
330
1F
100
AcDbEntity
  8
TASLAK_MERDIVEN
100
AcDbLine
 10
566498.98848716
 20
4178556.223515144
 30
0.0
 11
566499.8369078616
 21
4178556.2753061936
 31
0.0
  0
LINE
  5
3B3
330
1F
100
AcDbEntity
  8
TASLAK_MERDIVEN
100
AcDbLine
 10
566498.98848716
 20
4178556.223515144
 30
0.0
 11
566499.6973365007
 21
4178556.6925773094
 31
0.0
  0
LINE
  5
3B4
330
1F
100
AcDbEntity
  8
TASLAK_MERDIVEN
100
AcDbLine
 10
566498.98848716
 20
4178556.223515144
 30
0.0
 11
566499.3678295314
 21
4178556.9841635963
 31
0.0
  0
LINE
  5
3B5
330
1F
100
AcDbEntity
  8
TASLAK_MERDIVEN
100
AcDbLine
 10
566498.98848716
 20
4178556.223515144
 30
0.0
 11
566498.93667808
 21
4178557.0719347447
 31
0.0
  0
LINE
  5
3B6
330
1F
100
AcDbEntity
  8
TASLAK_MERDIVEN
100
AcDbLine
 10
566498.98848716
 20
4178556.223515144
 30
0.0
 11
566498.5194088296
 21
4178556.9323725468
 31
0.0
  0
LINE
  5
3B7
330
1F
100
AcDbEntity
  8
TASLAK_MERDIVEN
100
AcDbLine
 10
566498.98848716
 20
4178556.223515144
 30
0.0
 11
566498.2278287391
 21
4178556.6028725803
 31
0.0
  0
LINE
  5
3B8
330
1F
100
AcDbEntity
  8
TASLAK_MERDIVEN
100
AcDbLine
 10
566498.98848716
 20
4178556.223515144
 30
0.0
 11
566498.1400664581
 21
4178556.1717240945
 31
0.0
  0
LINE
  5
3B9
330
1F
100
AcDbEntity
  8
TASLAK_MERDIVEN
100
AcDbLine
 10
566498.98848716
 20
4178556.223515144
 30
0.0
 11
566498.2796378189
 21
4178555.754452979
 31
0.0
  0
LINE
  5
3BA
330
1F
100
AcDbEntity
  8
TASLAK_MERDIVEN
100
AcDbLine
 10
566498.98848716
 20
4178556.223515144
 30
0.0
 11
566498.6091447882
 21
4178555.462866692
 31
0.0
  0
LINE
  5
3BB
330
1F
100
AcDbEntity
  8
TASLAK_MERDIVEN
100
AcDbLine
 10
566498.98848716
 20
4178556.223515144
 30
0.0
 11
566499.0402962398
 21
4178555.375095543
 31
0.0
  0
LINE
  5
3BC
330
1F
100
AcDbEntity
  8
TASLAK_MERDIVEN
100
AcDbLine
 10
566498.98848716
 20
4178556.223515144
 30
0.0
 11
566499.45756549
 21
4178555.5146577414
 31
0.0
  0
LINE
  5
3BD
330
1F
100
AcDbEntity
  8
TASLAK_MERDIVEN
100
AcDbLine
 10
566498.98848716
 20
4178556.223515144
 30
0.0
 11
566499.7491455806
 21
4178555.8441577083
 31
0.0
  0
CIRCLE
  5
3BE
330
1F
100
AcDbEntity
  8
TASLAK_MERDIVEN
100
AcDbCircle
 10
566498.98848716
 20
4178556.223515144
 30
0.0
 40
0.09
  0
LINE
  5
3BF
330
1F
100
AcDbEntity
  8
TASLAK_OK
100
AcDbLine
 10
566498.5503507679
 20
4178555.7283992865
 30
0.0
 11
566499.4266235519
 21
4178556.718631002
 31
0.0
  0
LINE
  5
3C0
330
1F
100
AcDbEntity
  8
TASLAK_OK
100
AcDbLine
 10
566499.1208687627
 20
4178556.844735467
 30
0.0
 11
566499.4266235519
 21
4178556.718631002
 31
0.0
  0
LINE
  5
3C1
330
1F
100
AcDbEntity
  8
TASLAK_OK
100
AcDbLine
 10
566499.5889882492
 20
4178556.43048862
 30
0.0
 11
566499.4266235519
 21
4178556.718631002
 31
0.0
  0
TEXT
  5
3C2
330
1F
100
AcDbEntity
  8
TASLAK_OK
100
AcDbText
 10
566498.564276809
 20
4178556.1976196193
 30
0.0
 40
0.22
  1
CIKIS
 50
93.49445026225
 72
1
 11
566498.564276809
 21
4178556.1976196193
 31
0.0
100
AcDbText
 73
2
  0
LINE
  5
3C3
330
1F
100
AcDbEntity
  8
TASLAK_PENCERE
100
AcDbLine
 10
566493.4777409959
 20
4178552.130121896
 30
0.0
 11
566497.6699374049
 21
4178552.386030611
 31
0.0
  0
LINE
  5
3C4
330
1F
100
AcDbEntity
  8
TASLAK_PENCERE
100
AcDbLine
 10
566493.4874898994
 20
4178551.970419176
 30
0.0
 11
566493.4679920925
 21
4178552.289824616
 31
0.0
  0
LINE
  5
3C5
330
1F
100
AcDbEntity
  8
TASLAK_PENCERE
100
AcDbLine
 10
566497.6796863084
 20
4178552.226327891
 30
0.0
 11
566497.6601885015
 21
4178552.5457333312
 31
0.0
  0
LINE
  5
3C6
330
1F
100
AcDbEntity
  8
TASLAK_PENCERE
100
AcDbLine
 10
566493.4728665443
 20
4178552.209973256
 30
0.0
 11
566497.6650629533
 21
4178552.465881971
 31
0.0
  0
LINE
  5
3C7
330
1F
100
AcDbEntity
  8
TASLAK_PENCERE
100
AcDbLine
 10
566498.0691942058
 20
4178552.41040287
 30
0.0
 11
566499.8658498095
 21
4178552.5200780337
 31
0.0
  0
LINE
  5
3C8
330
1F
100
AcDbEntity
  8
TASLAK_PENCERE
100
AcDbLine
 10
566498.0789431093
 20
4178552.2507001497
 30
0.0
 11
566498.0594453024
 21
4178552.57010559
 31
0.0
  0
LINE
  5
3C9
330
1F
100
AcDbEntity
  8
TASLAK_PENCERE
100
AcDbLine
 10
566499.8755987129
 20
4178552.3603753136
 30
0.0
 11
566499.856100906
 21
4178552.679780754
 31
0.0
  0
LINE
  5
3CA
330
1F
100
AcDbEntity
  8
TASLAK_PENCERE
100
AcDbLine
 10
566498.064319754
 20
4178552.49025423
 30
0.0
 11
566499.8609753577
 21
4178552.5999293937
 31
0.0
  0
LINE
  5
3CB
330
1F
100
AcDbEntity
  8
TASLAK_PENCERE
100
AcDbLine
 10
566492.4186471351
 20
4178553.0673319567
 30
0.0
 11
566492.3851227348
 21
4178553.616323725
 31
0.0
  0
LINE
  5
3CC
330
1F
100
AcDbEntity
  8
TASLAK_PENCERE
100
AcDbLine
 10
566492.5783496483
 20
4178553.077084254
 30
0.0
 11
566492.258944622
 21
4178553.0575796594
 31
0.0
  0
LINE
  5
3CD
330
1F
100
AcDbEntity
  8
TASLAK_PENCERE
100
AcDbLine
 10
566492.544825248
 20
4178553.626076022
 30
0.0
 11
566492.2254202217
 21
4178553.6065714275
 31
0.0
  0
LINE
  5
3CE
330
1F
100
AcDbEntity
  8
TASLAK_PENCERE
100
AcDbLine
 10
566492.3387958786
 20
4178553.062455808
 30
0.0
 11
566492.3052714783
 21
4178553.611447576
 31
0.0
  0
LINE
  5
3CF
330
1F
100
AcDbEntity
  8
TASLAK_PENCERE
100
AcDbLine
 10
566492.7737240235
 20
4178557.096467552
 30
0.0
 11
566493.4225163248
 21
4178557.136072472
 31
0.0
  0
LINE
  5
3D0
330
1F
100
AcDbEntity
  8
TASLAK_PENCERE
100
AcDbLine
 10
566492.7834729269
 20
4178556.9367648317
 30
0.0
 11
566492.76397512
 21
4178557.256170272
 31
0.0
  0
LINE
  5
3D1
330
1F
100
AcDbEntity
  8
TASLAK_PENCERE
100
AcDbLine
 10
566493.4322652282
 20
4178556.976369752
 30
0.0
 11
566493.4127674213
 21
4178557.2957751923
 31
0.0
  0
LINE
  5
3D2
330
1F
100
AcDbEntity
  8
TASLAK_PENCERE
100
AcDbLine
 10
566492.7688495717
 20
4178557.176318912
 30
0.0
 11
566493.417641873
 21
4178557.2159238323
 31
0.0
  0
LINE
  5
3D3
330
1F
100
AcDbEntity
  8
TASLAK_PENCERE
100
AcDbLine
 10
566494.0713086262
 20
4178557.175677392
 30
0.0
 11
566495.2690790286
 21
4178557.2487941682
 31
0.0
  0
LINE
  5
3D4
330
1F
100
AcDbEntity
  8
TASLAK_PENCERE
100
AcDbLine
 10
566494.0810575297
 20
4178557.015974672
 30
0.0
 11
566494.0615597228
 21
4178557.3353801123
 31
0.0
  0
LINE
  5
3D5
330
1F
100
AcDbEntity
  8
TASLAK_PENCERE
100
AcDbLine
 10
566495.2788279321
 20
4178557.089091448
 30
0.0
 11
566495.2593301252
 21
4178557.4084968884
 31
0.0
  0
LINE
  5
3D6
330
1F
100
AcDbEntity
  8
TASLAK_PENCERE
100
AcDbLine
 10
566494.0664341744
 20
4178557.255528752
 30
0.0
 11
566495.2642045768
 21
4178557.3286455283
 31
0.0
  0
LINE
  5
3D7
330
1F
100
AcDbEntity
  8
TASLAK_PENCERE
100
AcDbLine
 10
566496.0176855302
 20
4178557.294492153
 30
0.0
 11
566499.5610896378
 21
4178557.510795948
 31
0.0
  0
LINE
  5
3D8
330
1F
100
AcDbEntity
  8
TASLAK_PENCERE
100
AcDbLine
 10
566496.0274344337
 20
4178557.134789433
 30
0.0
 11
566496.0079366268
 21
4178557.454194873
 31
0.0
  0
LINE
  5
3D9
330
1F
100
AcDbEntity
  8
TASLAK_PENCERE
100
AcDbLine
 10
566499.5708385413
 20
4178557.351093228
 30
0.0
 11
566499.5513407344
 21
4178557.670498668
 31
0.0
  0
LINE
  5
3DA
330
1F
100
AcDbEntity
  8
TASLAK_PENCERE
100
AcDbLine
 10
566496.0128110786
 20
4178557.374343513
 30
0.0
 11
566499.5562151861
 21
4178557.590647308
 31
0.0
  0
LINE
  5
3DB
330
1F
100
AcDbEntity
  8
TASLAK_KAPI
100
AcDbLine
 10
566492.6739098233
 20
4178557.090374487
 30
0.0
 11
566493.5722376251
 21
4178557.145212069
 31
0.0
  0
ARC
  5
3DC
330
1F
100
AcDbEntity
  8
TASLAK_KAPI
100
AcDbCircle
 10
566492.6739098233
 20
4178557.090374487
 30
0.0
 40
0.8999999999892577
100
AcDbArc
 50
0.0
 51
90.0
  0
LINE
  5
3DD
330
1F
100
AcDbEntity
  8
TASLAK_KAPI
100
AcDbLine
 10
566493.8682433864
 20
4178554.7588139693
 30
0.0
 11
566493.8194818994
 21
4178555.5573265348
 31
0.0
  0
ARC
  5
3DE
330
1F
100
AcDbEntity
  8
TASLAK_KAPI
100
AcDbCircle
 10
566493.8682433864
 20
4178554.7588139693
 30
0.0
 40
0.7999999998606573
100
AcDbArc
 50
0.0
 51
90.0
  0
LINE
  5
3DF
330
1F
100
AcDbEntity
  8
TASLAK_KAPI
100
AcDbLine
 10
566493.019802116
 20
4178554.256184009
 30
0.0
 11
566493.9181299178
 21
4178554.3110215906
 31
0.0
  0
ARC
  5
3E0
330
1F
100
AcDbEntity
  8
TASLAK_KAPI
100
AcDbCircle
 10
566493.019802116
 20
4178554.256184009
 30
0.0
 40
0.8999999999608846
100
AcDbArc
 50
0.0
 51
90.0
  0
LWPOLYLINE
  5
3E1
330
1F
100
AcDbEntity
  8
TASLAK_ASMAKAT
  6
KESIKLI
100
AcDbPolyline
 90
4
 70
1
 10
566492.5470572226
 20
4178554.245781081
 10
566500.1329364387
 20
4178554.7088539945
 10
566499.9725368104
 20
4178557.3355400655
 10
566492.3866575944
 20
4178556.872467152
  0
TEXT
  5
3E2
330
1F
100
AcDbEntity
  8
TASLAK_ASMAKAT
100
AcDbText
 10
566496.2597970165
 20
4178555.790660573
 30
0.0
 40
0.2
  1
ASMA KAT (YATAK ODASI)
 50
3.493232627893155
 72
1
 11
566496.2597970165
 21
4178555.790660573
 31
0.0
100
AcDbText
 73
2
  0
LINE
  5
3E3
330
1F
100
AcDbEntity
  8
TASLAK_GIRIS
100
AcDbLine
 10
566496.1674068306
 20
4178557.30363175
 30
0.0
 11
566496.0881694142
 21
4178558.601214669
 31
0.0
  0
LINE
  5
3E4
330
1F
100
AcDbEntity
  8
TASLAK_GIRIS
100
AcDbLine
 10
566495.8161551501
 20
4178558.133772157
 30
0.0
 11
566496.1674068306
 21
4178557.30363175
 31
0.0
  0
LINE
  5
3E5
330
1F
100
AcDbEntity
  8
TASLAK_GIRIS
100
AcDbLine
 10
566496.4150403513
 20
4178558.170330545
 30
0.0
 11
566496.1674068306
 21
4178557.30363175
 31
0.0
  0
TEXT
  5
3E6
330
1F
100
AcDbEntity
  8
TASLAK_GIRIS
100
AcDbText
 10
566496.0637886708
 20
4178559.0004709517
 30
0.0
 40
0.24
  1
GIRIS
 50
3.493232627893155
 72
1
 11
566496.0637886708
 21
4178559.0004709517
 31
0.0
100
AcDbText
 73
2
  0
LWPOLYLINE
  5
3E7
330
1F
100
AcDbEntity
  8
TASLAK_DUVAR
100
AcDbPolyline
 90
4
 70
1
 10
566487.6714930818
 20
4178548.7701256005
 10
566492.6622845976
 20
4178549.074773184
 10
566492.1749203507
 20
4178557.0599031383
 10
566487.1841288349
 20
4178556.755255555
  0
LWPOLYLINE
  5
3E8
330
1F
100
AcDbEntity
  8
TASLAK_DUVAR
100
AcDbPolyline
 90
4
 70
1
 10
566487.8589373851
 20
4178548.9819398294
 10
566492.4504720485
 20
4178549.2622160013
 10
566491.9874760474
 20
4178556.8480889094
 10
566487.395941384
 20
4178556.5678127375
  0
LINE
  5
3E9
330
1F
100
AcDbEntity
  8
TASLAK_DUVAR
100
AcDbLine
 10
566491.3311934889
 20
4178549.544544534
 30
0.0
 11
566491.0204990241
 21
4178554.635060906
 31
0.0
  0
LINE
  5
3EA
330
1F
100
AcDbEntity
  8
TASLAK_DUVAR
100
AcDbLine
 10
566491.431007702
 20
4178549.5506373867
 30
0.0
 11
566491.1203132372
 21
4178554.641153759
 31
0.0
  0
LINE
  5
3EB
330
1F
100
AcDbEntity
  8
TASLAK_DUVAR
100
AcDbLine
 10
566488.868320521
 20
4178554.603873893
 30
0.0
 11
566488.7434332613
 21
4178556.6500662523
 31
0.0
  0
LINE
  5
3EC
330
1F
100
AcDbEntity
  8
TASLAK_DUVAR
100
AcDbLine
 10
566488.9681347341
 20
4178554.609966746
 30
0.0
 11
566488.8432474744
 21
4178556.6561591052
 31
0.0
  0
LINE
  5
3ED
330
1F
100
AcDbEntity
  8
TASLAK_DUVAR
100
AcDbLine
 10
566487.5177826129
 20
4178554.571527509
 30
0.0
 11
566491.0612680383
 21
4178554.787828725
 31
0.0
  0
LINE
  5
3EE
330
1F
100
AcDbEntity
  8
TASLAK_DUVAR
100
AcDbLine
 10
566487.5238746745
 20
4178554.4717132472
 30
0.0
 11
566491.0673600999
 21
4178554.688014463
 31
0.0
  0
LINE
  5
3EF
330
1F
100
AcDbEntity
  8
TASLAK_DUVAR
100
AcDbLine
 10
566487.4709215371
 20
4178554.518573952
 30
0.0
 11
566487.3460342775
 21
4178556.564766311
 31
0.0
  0
LINE
  5
3F0
330
1F
100
AcDbEntity
  8
TASLAK_DUVAR
100
AcDbLine
 10
566487.5707357503
 20
4178554.524666805
 30
0.0
 11
566487.4458484906
 21
4178556.570859164
 31
0.0
  0
LINE
  5
3F1
330
1F
100
AcDbEntity
  8
TASLAK_DUVAR
100
AcDbLine
 10
566488.9569745889
 20
4178549.048966148
 30
0.0
 11
566488.8412254214
 21
4178550.945437115
 31
0.0
  0
LINE
  5
3F2
330
1F
100
AcDbEntity
  8
TASLAK_DUVAR
100
AcDbLine
 10
566489.056788802
 20
4178549.055059001
 30
0.0
 11
566488.9410396345
 21
4178550.951529968
 31
0.0
  0
TEXT
  5
3F3
330
1F
100
AcDbEntity
  8
TASLAK_MEKAN
100
AcDbText
 10
566488.1570845057
 20
4178555.587366529
 30
0.0
 40
0.26
  1
ANTRE\P2.9 m2
 72
1
 11
566488.1570845057
 21
4178555.587366529
 31
0.0
100
AcDbText
 73
2
  0
TEXT
  5
3F4
330
1F
100
AcDbEntity
  8
TASLAK_MEKAN
100
AcDbText
 10
566489.9288272185
 20
4178555.6955171362
 30
0.0
 40
0.26
  1
BANYO/WC\P4.4 m2
 72
1
 11
566489.9288272185
 21
4178555.6955171362
 31
0.0
100
AcDbText
 73
2
  0
TEXT
  5
3F5
330
1F
100
AcDbEntity
  8
TASLAK_MEKAN
100
AcDbText
 10
566489.4616257271
 20
4178551.8599307113
 30
0.0
 40
0.26
  1
MUTFAK + SALON\P19.7 m2
 72
1
 11
566489.4616257271
 21
4178551.8599307113
 31
0.0
100
AcDbText
 73
2
  0
LINE
  5
3F6
330
1F
100
AcDbEntity
  8
TASLAK_MERDIVEN
100
AcDbLine
 10
566491.3811005955
 20
4178549.5475909603
 30
0.0
 11
566492.4291498334
 21
4178549.6115659163
 31
0.0
  0
LINE
  5
3F7
330
1F
100
AcDbEntity
  8
TASLAK_MERDIVEN
100
AcDbLine
 10
566491.3647482552
 20
4178549.8155128746
 30
0.0
 11
566492.4127974932
 21
4178549.8794878307
 31
0.0
  0
LINE
  5
3F8
330
1F
100
AcDbEntity
  8
TASLAK_MERDIVEN
100
AcDbLine
 10
566491.348395915
 20
4178550.083434789
 30
0.0
 11
566492.3964451529
 21
4178550.147409745
 31
0.0
  0
LINE
  5
3F9
330
1F
100
AcDbEntity
  8
TASLAK_MERDIVEN
100
AcDbLine
 10
566491.3320435748
 20
4178550.3513567033
 30
0.0
 11
566492.3800928127
 21
4178550.4153316594
 31
0.0
  0
LINE
  5
3FA
330
1F
100
AcDbEntity
  8
TASLAK_MERDIVEN
100
AcDbLine
 10
566491.3156912344
 20
4178550.6192786177
 30
0.0
 11
566492.3637404724
 21
4178550.6832535737
 31
0.0
  0
LINE
  5
3FB
330
1F
100
AcDbEntity
  8
TASLAK_MERDIVEN
100
AcDbLine
 10
566491.2993388942
 20
4178550.8872005315
 30
0.0
 11
566492.3473881321
 21
4178550.9511754876
 31
0.0
  0
LINE
  5
3FC
330
1F
100
AcDbEntity
  8
TASLAK_MERDIVEN
100
AcDbLine
 10
566491.282986554
 20
4178551.155122446
 30
0.0
 11
566492.3310357919
 21
4178551.219097402
 31
0.0
  0
LINE
  5
3FD
330
1F
100
AcDbEntity
  8
TASLAK_MERDIVEN
100
AcDbLine
 10
566491.2666342137
 20
4178551.4230443602
 30
0.0
 11
566492.3146834517
 21
4178551.4870193163
 31
0.0
  0
LINE
  5
3FE
330
1F
100
AcDbEntity
  8
TASLAK_MERDIVEN
100
AcDbLine
 10
566491.2502818734
 20
4178551.6909662746
 30
0.0
 11
566492.2983311113
 21
4178551.7549412306
 31
0.0
  0
LINE
  5
3FF
330
1F
100
AcDbEntity
  8
TASLAK_MERDIVEN
100
AcDbLine
 10
566491.2339295332
 20
4178551.958888189
 30
0.0
 11
566492.2819787711
 21
4178552.022863145
 31
0.0
  0
LINE
  5
400
330
1F
100
AcDbEntity
  8
TASLAK_MERDIVEN
100
AcDbLine
 10
566491.2175771929
 20
4178552.2268101033
 30
0.0
 11
566492.2656264309
 21
4178552.2907850593
 31
0.0
  0
LINE
  5
401
330
1F
100
AcDbEntity
  8
TASLAK_MERDIVEN
100
AcDbLine
 10
566491.2012248527
 20
4178552.4947320176
 30
0.0
 11
566492.2492740906
 21
4178552.5587069737
 31
0.0
  0
LINE
  5
402
330
1F
100
AcDbEntity
  8
TASLAK_MERDIVEN
100
AcDbLine
 10
566491.1848725124
 20
4178552.762653932
 30
0.0
 11
566492.2329217503
 21
4178552.826628888
 31
0.0
  0
LINE
  5
403
330
1F
100
AcDbEntity
  8
TASLAK_MERDIVEN
100
AcDbLine
 10
566491.1685201721
 20
4178553.0305758463
 30
0.0
 11
566492.21656941
 21
4178553.0945508024
 31
0.0
  0
LINE
  5
404
330
1F
100
AcDbEntity
  8
TASLAK_MERDIVEN
100
AcDbLine
 10
566491.1521678319
 20
4178553.2984977607
 30
0.0
 11
566492.2002170698
 21
4178553.3624727167
 31
0.0
  0
LINE
  5
405
330
1F
100
AcDbEntity
  8
TASLAK_MERDIVEN
100
AcDbLine
 10
566491.1358154917
 20
4178553.566419675
 30
0.0
 11
566492.1838647296
 21
4178553.630394631
 31
0.0
  0
LINE
  5
406
330
1F
100
AcDbEntity
  8
TASLAK_MERDIVEN
100
AcDbLine
 10
566491.1194631513
 20
4178553.8343415894
 30
0.0
 11
566492.1675123892
 21
4178553.8983165454
 31
0.0
  0
LINE
  5
407
330
1F
100
AcDbEntity
  8
TASLAK_MERDIVEN
100
AcDbLine
 10
566491.1031108111
 20
4178554.1022635037
 30
0.0
 11
566492.151160049
 21
4178554.1662384598
 31
0.0
  0
LINE
  5
408
330
1F
100
AcDbEntity
  8
TASLAK_MERDIVEN
100
AcDbLine
 10
566491.0867584709
 20
4178554.370185418
 30
0.0
 11
566492.1348077088
 21
4178554.434160374
 31
0.0
  0
LINE
  5
409
330
1F
100
AcDbEntity
  8
TASLAK_MERDIVEN
100
AcDbLine
 10
566491.0704061306
 20
4178554.6381073324
 30
0.0
 11
566492.1184553686
 21
4178554.7020822885
 31
0.0
  0
LINE
  5
40A
330
1F
100
AcDbEntity
  8
TASLAK_MERDIVEN
100
AcDbLine
 10
566491.9051252144
 20
4178549.5795784383
 30
0.0
 11
566491.5944307495
 21
4178554.6700948104
 31
0.0
  0
LINE
  5
40B
330
1F
100
AcDbEntity
  8
TASLAK_OK
100
AcDbLine
 10
566491.8838029994
 20
4178549.9289283534
 30
0.0
 11
566491.6035688417
 21
4178554.5203734185
 31
0.0
  0
LINE
  5
40C
330
1F
100
AcDbEntity
  8
TASLAK_OK
100
AcDbLine
 10
566491.3345865095
 20
4178554.0030235522
 30
0.0
 11
566491.6035688417
 21
4178554.5203734185
 31
0.0
  0
LINE
  5
40D
330
1F
100
AcDbEntity
  8
TASLAK_OK
100
AcDbLine
 10
566491.9334717883
 20
4178554.0395806697
 30
0.0
 11
566491.6035688417
 21
4178554.5203734185
 31
0.0
  0
TEXT
  5
40E
330
1F
100
AcDbEntity
  8
TASLAK_OK
100
AcDbText
 10
566491.7416018118
 20
4178552.2587975813
 30
0.0
 40
0.22
  1
CIKIS
 50
93.49265676732868
 72
1
 11
566491.7416018118
 21
4178552.2587975813
 31
0.0
100
AcDbText
 73
2
  0
LINE
  5
40F
330
1F
100
AcDbEntity
  8
TASLAK_PENCERE
100
AcDbLine
 10
566492.6105020753
 20
4178549.923194406
 30
0.0
 11
566492.3363599791
 21
4178554.41482521
 31
0.0
  0
LINE
  5
410
330
1F
100
AcDbEntity
  8
TASLAK_PENCERE
100
AcDbLine
 10
566492.7702048935
 20
4178549.9329417045
 30
0.0
 11
566492.450799257
 21
4178549.9134471077
 31
0.0
  0
LINE
  5
411
330
1F
100
AcDbEntity
  8
TASLAK_PENCERE
100
AcDbLine
 10
566492.4960627974
 20
4178554.4245725083
 30
0.0
 11
566492.1766571609
 21
4178554.4050779114
 31
0.0
  0
LINE
  5
412
330
1F
100
AcDbEntity
  8
TASLAK_PENCERE
100
AcDbLine
 10
566492.5306506661
 20
4178549.918320757
 30
0.0
 11
566492.2565085699
 21
4178554.4099515607
 31
0.0
  0
LINE
  5
413
330
1F
100
AcDbEntity
  8
TASLAK_PENCERE
100
AcDbLine
 10
566488.6696352131
 20
4178548.83105413
 30
0.0
 11
566488.819437392
 21
4178548.8401983455
 31
0.0
  0
LINE
  5
414
330
1F
100
AcDbEntity
  8
TASLAK_PENCERE
100
AcDbLine
 10
566488.679383778
 20
4178548.671351389
 30
0.0
 11
566488.6598866482
 21
4178548.990756871
 31
0.0
  0
LINE
  5
415
330
1F
100
AcDbEntity
  8
TASLAK_PENCERE
100
AcDbLine
 10
566488.829185957
 20
4178548.6804956044
 30
0.0
 11
566488.8096888271
 21
4178548.9999010866
 31
0.0
  0
LINE
  5
416
330
1F
100
AcDbEntity
  8
TASLAK_PENCERE
100
AcDbLine
 10
566488.6647609307
 20
4178548.9109055004
 30
0.0
 11
566488.8145631097
 21
4178548.920049716
 31
0.0
  0
LINE
  5
417
330
1F
100
AcDbEntity
  8
TASLAK_PENCERE
100
AcDbLine
 10
566489.2186942446
 20
4178548.864569757
 30
0.0
 11
566491.015350081
 21
4178548.9742411105
 31
0.0
  0
LINE
  5
418
330
1F
100
AcDbEntity
  8
TASLAK_PENCERE
100
AcDbLine
 10
566489.2284428094
 20
4178548.704867016
 30
0.0
 11
566489.2089456798
 21
4178549.024272498
 31
0.0
  0
LINE
  5
419
330
1F
100
AcDbEntity
  8
TASLAK_PENCERE
100
AcDbLine
 10
566491.0250986458
 20
4178548.8145383694
 30
0.0
 11
566491.0056015162
 21
4178549.1339438516
 31
0.0
  0
LINE
  5
41A
330
1F
100
AcDbEntity
  8
TASLAK_PENCERE
100
AcDbLine
 10
566489.2138199622
 20
4178548.9444211274
 30
0.0
 11
566491.0104757986
 21
4178549.054092481
 31
0.0
  0
LINE
  5
41B
330
1F
100
AcDbEntity
  8
TASLAK_PENCERE
100
AcDbLine
 10
566487.6105724673
 20
4178549.768268215
 30
0.0
 11
566487.3638446477
 21
4178553.8107348424
 31
0.0
  0
LINE
  5
41C
330
1F
100
AcDbEntity
  8
TASLAK_PENCERE
100
AcDbLine
 10
566487.7702752856
 20
4178549.7780155134
 30
0.0
 11
566487.4508696491
 21
4178549.7585209166
 31
0.0
  0
LINE
  5
41D
330
1F
100
AcDbEntity
  8
TASLAK_PENCERE
100
AcDbLine
 10
566487.5235474659
 20
4178553.820482141
 30
0.0
 11
566487.2041418294
 21
4178553.800987544
 31
0.0
  0
LINE
  5
41E
330
1F
100
AcDbEntity
  8
TASLAK_PENCERE
100
AcDbLine
 10
566487.5307210581
 20
4178549.763394566
 30
0.0
 11
566487.2839932385
 21
4178553.805861193
 31
0.0
  0
LINE
  5
41F
330
1F
100
AcDbEntity
  8
TASLAK_PENCERE
100
AcDbLine
 10
566487.7830141137
 20
4178556.7918126727
 30
0.0
 11
566488.4817136056
 21
4178556.834462643
 31
0.0
  0
LINE
  5
420
330
1F
100
AcDbEntity
  8
TASLAK_PENCERE
100
AcDbLine
 10
566487.7927626783
 20
4178556.6321099317
 30
0.0
 11
566487.773265549
 21
4178556.951515414
 31
0.0
  0
LINE
  5
421
330
1F
100
AcDbEntity
  8
TASLAK_PENCERE
100
AcDbLine
 10
566488.4914621703
 20
4178556.674759902
 30
0.0
 11
566488.4719650409
 21
4178556.994165384
 31
0.0
  0
LINE
  5
422
330
1F
100
AcDbEntity
  8
TASLAK_PENCERE
100
AcDbLine
 10
566487.7781398314
 20
4178556.871664043
 30
0.0
 11
566488.4768393233
 21
4178556.9143140134
 31
0.0
  0
LINE
  5
423
330
1F
100
AcDbEntity
  8
TASLAK_PENCERE
100
AcDbLine
 10
566489.1804130975
 20
4178556.877112614
 30
0.0
 11
566490.527985834
 21
4178556.959371065
 31
0.0
  0
LINE
  5
424
330
1F
100
AcDbEntity
  8
TASLAK_PENCERE
100
AcDbLine
 10
566489.1901616622
 20
4178556.717409873
 30
0.0
 11
566489.1706645328
 21
4178557.036815355
 31
0.0
  0
LINE
  5
425
330
1F
100
AcDbEntity
  8
TASLAK_PENCERE
100
AcDbLine
 10
566490.5377343987
 20
4178556.7996683237
 30
0.0
 11
566490.5182372694
 21
4178557.119073806
 31
0.0
  0
LINE
  5
426
330
1F
100
AcDbEntity
  8
TASLAK_PENCERE
100
AcDbLine
 10
566489.1755388151
 20
4178556.9569639843
 30
0.0
 11
566490.5231115517
 21
4178557.039222435
 31
0.0
  0
LINE
  5
427
330
1F
100
AcDbEntity
  8
TASLAK_PENCERE
100
AcDbLine
 10
566487.5740200987
 20
4178550.367153784
 30
0.0
 11
566487.3455684633
 21
4178554.1101776264
 31
0.0
  0
LINE
  5
428
330
1F
100
AcDbEntity
  8
TASLAK_PENCERE
100
AcDbLine
 10
566487.7337229169
 20
4178550.376901082
 30
0.0
 11
566487.4143172804
 21
4178550.3574064854
 31
0.0
  0
LINE
  5
429
330
1F
100
AcDbEntity
  8
TASLAK_PENCERE
100
AcDbLine
 10
566487.5052712816
 20
4178554.119924925
 30
0.0
 11
566487.1858656451
 21
4178554.100430328
 31
0.0
  0
LINE
  5
42A
330
1F
100
AcDbEntity
  8
TASLAK_PENCERE
100
AcDbLine
 10
566487.4941686895
 20
4178550.3622801346
 30
0.0
 11
566487.2657170541
 21
4178554.105303977
 31
0.0
  0
LINE
  5
42B
330
1F
100
AcDbEntity
  8
TASLAK_KAPI
100
AcDbLine
 10
566487.6831999006
 20
4178556.7857198194
 30
0.0
 11
566488.5815278187
 21
4178556.840555496
 31
0.0
  0
ARC
  5
42C
330
1F
100
AcDbEntity
  8
TASLAK_KAPI
100
AcDbCircle
 10
566487.6831999006
 20
4178556.7857198194
 30
0.0
 40
0.899999999971612
100
AcDbArc
 50
0.0
 51
90.0
  0
LINE
  5
42D
330
1F
100
AcDbEntity
  8
TASLAK_KAPI
100
AcDbLine
 10
566488.890813351
 20
4178555.056084496
 30
0.0
 11
566488.8390308287
 21
4178555.904505718
 31
0.0
  0
ARC
  5
42E
330
1F
100
AcDbEntity
  8
TASLAK_KAPI
100
AcDbCircle
 10
566488.890813351
 20
4178555.056084496
 30
0.0
 40
0.8499999998062643
100
AcDbArc
 50
0.0
 51
90.0
  0
LINE
  5
42F
330
1F
100
AcDbEntity
  8
TASLAK_KAPI
100
AcDbLine
 10
566488.0099182881
 20
4178554.5514753577
 30
0.0
 11
566488.9082462062
 21
4178554.6063110344
 31
0.0
  0
ARC
  5
430
330
1F
100
AcDbEntity
  8
TASLAK_KAPI
100
AcDbCircle
 10
566488.0099182881
 20
4178554.5514753577
 30
0.0
 40
0.899999999971612
100
AcDbArc
 50
0.0
 51
90.0
  0
LWPOLYLINE
  5
431
330
1F
100
AcDbEntity
  8
TASLAK_ASMAKAT
  6
KESIKLI
100
AcDbPolyline
 90
4
 70
1
 10
566488.796158902
 20
4178550.041010973
 10
566491.341502196
 20
4178550.1963836593
 10
566491.0643140691
 20
4178554.737921594
 10
566488.5189707751
 20
4178554.582548908
  0
TEXT
  5
432
330
1F
100
AcDbEntity
  8
TASLAK_ASMAKAT
100
AcDbText
 10
566489.9302364854
 20
4178552.3894662834
 30
0.0
 40
0.2
  1
ASMA KAT (YATAK ODASI)
 50
3.4931111099860512
 72
1
 11
566489.9302364854
 21
4178552.3894662834
 31
0.0
100
AcDbText
 73
2
  0
LINE
  5
433
330
1F
100
AcDbEntity
  8
TASLAK_GIRIS
100
AcDbLine
 10
566489.6795245928
 20
4178556.9075793466
 30
0.0
 11
566489.600327794
 21
4178558.2051647455
 31
0.0
  0
LINE
  5
434
330
1F
100
AcDbEntity
  8
TASLAK_GIRIS
100
AcDbLine
 10
566489.328299431
 20
4178557.73772201
 30
0.0
 11
566489.6795245928
 21
4178556.9075793466
 31
0.0
  0
LINE
  5
435
330
1F
100
AcDbEntity
  8
TASLAK_GIRIS
100
AcDbLine
 10
566489.9271847098
 20
4178557.7742791274
 30
0.0
 11
566489.6795245928
 21
4178556.9075793466
 31
0.0
  0
TEXT
  5
436
330
1F
100
AcDbEntity
  8
TASLAK_GIRIS
100
AcDbText
 10
566489.5759595481
 20
4178558.604421791
 30
0.0
 40
0.24
  1
GIRIS
 50
3.4931111099860512
 72
1
 11
566489.5759595481
 21
4178558.604421791
 31
0.0
100
AcDbText
 73
2
  0
LWPOLYLINE
  5
437
330
1F
100
AcDbEntity
  8
TASLAK_DUVAR
100
AcDbPolyline
 90
4
 70
1
 10
566482.6808646343
 20
4178548.465465779
 10
566487.671493093
 20
4178548.7701254147
 10
566487.1839657889
 20
4178556.755267421
 10
566482.1933373302
 20
4178556.450607785
  0
LWPOLYLINE
  5
438
330
1F
100
AcDbEntity
  8
TASLAK_DUVAR
100
AcDbPolyline
 90
4
 70
1
 10
566482.8683048411
 20
4178548.677280638
 10
566487.4596765544
 20
4178548.9575671083
 10
566486.9965255822
 20
4178556.543452562
 10
566482.4051538688
 20
4178556.2631660914
  0
LINE
  5
439
330
1F
100
AcDbEntity
  8
TASLAK_DUVAR
100
AcDbLine
 10
566486.3403912141
 20
4178549.2398903854
 30
0.0
 11
566486.0295923151
 21
4178554.3304223884
 31
0.0
  0
LINE
  5
43A
330
1F
100
AcDbEntity
  8
TASLAK_DUVAR
100
AcDbLine
 10
566486.4402054005
 20
4178549.2459836765
 30
0.0
 11
566486.1294065014
 21
4178554.3365156795
 31
0.0
  0
LINE
  5
43B
330
1F
100
AcDbEntity
  8
TASLAK_DUVAR
100
AcDbLine
 10
566483.8775740849
 20
4178554.2992356964
 30
0.0
 11
566483.7526453848
 21
4178556.345425526
 31
0.0
  0
LINE
  5
43C
330
1F
100
AcDbEntity
  8
TASLAK_DUVAR
100
AcDbLine
 10
566483.9773882714
 20
4178554.3053289875
 30
0.0
 11
566483.8524595712
 21
4178556.3515188172
 31
0.0
  0
LINE
  5
43D
330
1F
100
AcDbEntity
  8
TASLAK_DUVAR
100
AcDbLine
 10
566482.5270355275
 20
4178554.266883331
 30
0.0
 11
566486.0703582839
 21
4178554.483190241
 31
0.0
  0
LINE
  5
43E
330
1F
100
AcDbEntity
  8
TASLAK_DUVAR
100
AcDbLine
 10
566482.5331296105
 20
4178554.1670691925
 30
0.0
 11
566486.0764523669
 21
4178554.3833761024
 31
0.0
  0
LINE
  5
43F
330
1F
100
AcDbEntity
  8
TASLAK_DUVAR
100
AcDbLine
 10
566482.4801754758
 20
4178554.2139296164
 30
0.0
 11
566482.3552467757
 21
4178556.260119446
 31
0.0
  0
LINE
  5
440
330
1F
100
AcDbEntity
  8
TASLAK_DUVAR
100
AcDbLine
 10
566482.5799896623
 20
4178554.2200229075
 30
0.0
 11
566482.4550609621
 21
4178556.266212737
 31
0.0
  0
LINE
  5
441
330
1F
100
AcDbEntity
  8
TASLAK_DUVAR
100
AcDbLine
 10
566483.9661800317
 20
4178548.7443019077
 30
0.0
 11
566483.8503924559
 21
4178550.6407705303
 31
0.0
  0
LINE
  5
442
330
1F
100
AcDbEntity
  8
TASLAK_DUVAR
100
AcDbLine
 10
566484.065994218
 20
4178548.7503951993
 30
0.0
 11
566483.9502066423
 21
4178550.646863822
 31
0.0
  0
TEXT
  5
443
330
1F
100
AcDbEntity
  8
TASLAK_MEKAN
100
AcDbText
 10
566483.1663175235
 20
4178555.282724217
 30
0.0
 40
0.26
  1
ANTRE\P2.9 m2
 72
1
 11
566483.1663175235
 21
4178555.282724217
 31
0.0
100
AcDbText
 73
2
  0
TEXT
  5
444
330
1F
100
AcDbEntity
  8
TASLAK_MEKAN
100
AcDbText
 10
566484.9379789017
 20
4178555.390877672
 30
0.0
 40
0.26
  1
BANYO/WC\P4.4 m2
 72
1
 11
566484.9379789017
 21
4178555.390877672
 31
0.0
100
AcDbText
 73
2
  0
TEXT
  5
445
330
1F
100
AcDbEntity
  8
TASLAK_MEKAN
100
AcDbText
 10
566484.4708550833
 20
4178551.5552819045
 30
0.0
 40
0.26
  1
MUTFAK + SALON\P19.7 m2
 72
1
 11
566484.4708550833
 21
4178551.5552819045
 31
0.0
100
AcDbText
 73
2
  0
LINE
  5
446
330
1F
100
AcDbEntity
  8
TASLAK_MERDIVEN
100
AcDbLine
 10
566486.3902983073
 20
4178549.2429370307
 30
0.0
 11
566487.4383472642
 21
4178549.3069165912
 31
0.0
  0
LINE
  5
447
330
1F
100
AcDbEntity
  8
TASLAK_MERDIVEN
100
AcDbLine
 10
566486.3739404705
 20
4178549.510859768
 30
0.0
 11
566487.4219894274
 21
4178549.5748393284
 31
0.0
  0
LINE
  5
448
330
1F
100
AcDbEntity
  8
TASLAK_MERDIVEN
100
AcDbLine
 10
566486.3575826337
 20
4178549.7787825046
 30
0.0
 11
566487.4056315906
 21
4178549.842762065
 31
0.0
  0
LINE
  5
449
330
1F
100
AcDbEntity
  8
TASLAK_MERDIVEN
100
AcDbLine
 10
566486.341224797
 20
4178550.046705242
 30
0.0
 11
566487.3892737539
 21
4178550.1106848023
 31
0.0
  0
LINE
  5
44A
330
1F
100
AcDbEntity
  8
TASLAK_MERDIVEN
100
AcDbLine
 10
566486.3248669602
 20
4178550.314627979
 30
0.0
 11
566487.3729159171
 21
4178550.3786075395
 31
0.0
  0
LINE
  5
44B
330
1F
100
AcDbEntity
  8
TASLAK_MERDIVEN
100
AcDbLine
 10
566486.3085091234
 20
4178550.5825507157
 30
0.0
 11
566487.3565580803
 21
4178550.646530276
 31
0.0
  0
LINE
  5
44C
330
1F
100
AcDbEntity
  8
TASLAK_MERDIVEN
100
AcDbLine
 10
566486.2921512866
 20
4178550.850473453
 30
0.0
 11
566487.3402002435
 21
4178550.9144530133
 31
0.0
  0
LINE
  5
44D
330
1F
100
AcDbEntity
  8
TASLAK_MERDIVEN
100
AcDbLine
 10
566486.2757934497
 20
4178551.1183961895
 30
0.0
 11
566487.3238424066
 21
4178551.18237575
 31
0.0
  0
LINE
  5
44E
330
1F
100
AcDbEntity
  8
TASLAK_MERDIVEN
100
AcDbLine
 10
566486.2594356129
 20
4178551.3863189267
 30
0.0
 11
566487.3074845698
 21
4178551.450298487
 31
0.0
  0
LINE
  5
44F
330
1F
100
AcDbEntity
  8
TASLAK_MERDIVEN
100
AcDbLine
 10
566486.2430777762
 20
4178551.654241664
 30
0.0
 11
566487.2911267331
 21
4178551.7182212244
 31
0.0
  0
LINE
  5
450
330
1F
100
AcDbEntity
  8
TASLAK_MERDIVEN
100
AcDbLine
 10
566486.2267199394
 20
4178551.9221644006
 30
0.0
 11
566487.2747688963
 21
4178551.986143961
 31
0.0
  0
LINE
  5
451
330
1F
100
AcDbEntity
  8
TASLAK_MERDIVEN
100
AcDbLine
 10
566486.2103621026
 20
4178552.1900871377
 30
0.0
 11
566487.2584110595
 21
4178552.2540666983
 31
0.0
  0
LINE
  5
452
330
1F
100
AcDbEntity
  8
TASLAK_MERDIVEN
100
AcDbLine
 10
566486.1940042658
 20
4178552.4580098744
 30
0.0
 11
566487.2420532227
 21
4178552.521989435
 31
0.0
  0
LINE
  5
453
330
1F
100
AcDbEntity
  8
TASLAK_MERDIVEN
100
AcDbLine
 10
566486.177646429
 20
4178552.7259326116
 30
0.0
 11
566487.225695386
 21
4178552.789912172
 31
0.0
  0
LINE
  5
454
330
1F
100
AcDbEntity
  8
TASLAK_MERDIVEN
100
AcDbLine
 10
566486.1612885923
 20
4178552.993855349
 30
0.0
 11
566487.2093375492
 21
4178553.0578349093
 31
0.0
  0
LINE
  5
455
330
1F
100
AcDbEntity
  8
TASLAK_MERDIVEN
100
AcDbLine
 10
566486.1449307555
 20
4178553.2617780855
 30
0.0
 11
566487.1929797124
 21
4178553.325757646
 31
0.0
  0
LINE
  5
456
330
1F
100
AcDbEntity
  8
TASLAK_MERDIVEN
100
AcDbLine
 10
566486.1285729187
 20
4178553.5297008227
 30
0.0
 11
566487.1766218756
 21
4178553.593680383
 31
0.0
  0
LINE
  5
457
330
1F
100
AcDbEntity
  8
TASLAK_MERDIVEN
100
AcDbLine
 10
566486.1122150819
 20
4178553.79762356
 30
0.0
 11
566487.1602640388
 21
4178553.8616031203
 31
0.0
  0
LINE
  5
458
330
1F
100
AcDbEntity
  8
TASLAK_MERDIVEN
100
AcDbLine
 10
566486.0958572451
 20
4178554.0655462965
 30
0.0
 11
566487.143906202
 21
4178554.129525857
 31
0.0
  0
LINE
  5
459
330
1F
100
AcDbEntity
  8
TASLAK_MERDIVEN
100
AcDbLine
 10
566486.0794994083
 20
4178554.3334690337
 30
0.0
 11
566487.1275483652
 21
4178554.397448594
 31
0.0
  0
LINE
  5
45A
330
1F
100
AcDbEntity
  8
TASLAK_MERDIVEN
100
AcDbLine
 10
566486.9143227857
 20
4178549.274926811
 30
0.0
 11
566486.6035238866
 21
4178554.365458814
 31
0.0
  0
LINE
  5
45B
330
1F
100
AcDbEntity
  8
TASLAK_OK
100
AcDbLine
 10
566486.8929934955
 20
4178549.6242762944
 30
0.0
 11
566486.6126650111
 21
4178554.215737607
 31
0.0
  0
LINE
  5
45C
330
1F
100
AcDbEntity
  8
TASLAK_OK
100
AcDbLine
 10
566486.3436928667
 20
4178553.698387042
 30
0.0
 11
566486.6126650111
 21
4178554.215737607
 31
0.0
  0
LINE
  5
45D
330
1F
100
AcDbEntity
  8
TASLAK_OK
100
AcDbLine
 10
566486.9425779849
 20
4178553.7349467906
 30
0.0
 11
566486.6126650111
 21
4178554.215737607
 31
0.0
  0
TEXT
  5
45E
330
1F
100
AcDbEntity
  8
TASLAK_OK
100
AcDbText
 10
566486.7507444178
 20
4178551.954154181
 30
0.0
 40
0.22
  1
CIKIS
 50
93.49381714893099
 72
1
 11
566486.7507444178
 21
4178551.954154181
 31
0.0
100
AcDbText
 73
2
  0
LINE
  5
45F
330
1F
100
AcDbEntity
  8
TASLAK_PENCERE
100
AcDbLine
 10
566487.6196933881
 20
4178549.618545588
 30
0.0
 11
566487.3454589867
 21
4178554.1101927627
 31
0.0
  0
LINE
  5
460
330
1F
100
AcDbEntity
  8
TASLAK_PENCERE
100
AcDbLine
 10
566487.7793960089
 20
4178549.628296121
 30
0.0
 11
566487.4599907673
 21
4178549.608795055
 31
0.0
  0
LINE
  5
461
330
1F
100
AcDbEntity
  8
TASLAK_PENCERE
100
AcDbLine
 10
566487.5051616075
 20
4178554.1199432956
 30
0.0
 11
566487.1857563659
 21
4178554.10044223
 31
0.0
  0
LINE
  5
462
330
1F
100
AcDbEntity
  8
TASLAK_PENCERE
100
AcDbLine
 10
566487.5398420776
 20
4178549.6136703216
 30
0.0
 11
566487.2656076762
 21
4178554.105317496
 31
0.0
  0
LINE
  5
463
330
1F
100
AcDbEntity
  8
TASLAK_PENCERE
100
AcDbLine
 10
566483.679006498
 20
4178548.526398693
 30
0.0
 11
566483.8286469181
 21
4178548.5355336946
 31
0.0
  0
LINE
  5
464
330
1F
100
AcDbEntity
  8
TASLAK_PENCERE
100
AcDbLine
 10
566483.6887557646
 20
4178548.366695995
 30
0.0
 11
566483.6692572313
 21
4178548.6861013914
 31
0.0
  0
LINE
  5
465
330
1F
100
AcDbEntity
  8
TASLAK_PENCERE
100
AcDbLine
 10
566483.8383961847
 20
4178548.3758309963
 30
0.0
 11
566483.8188976514
 21
4178548.695236393
 31
0.0
  0
LINE
  5
466
330
1F
100
AcDbEntity
  8
TASLAK_PENCERE
100
AcDbLine
 10
566483.6741318646
 20
4178548.606250042
 30
0.0
 11
566483.8237722847
 21
4178548.6153850434
 31
0.0
  0
LINE
  5
467
330
1F
100
AcDbEntity
  8
TASLAK_PENCERE
100
AcDbLine
 10
566484.2279036634
 20
4178548.55990686
 30
0.0
 11
566486.024559018
 21
4178548.669586106
 31
0.0
  0
LINE
  5
468
330
1F
100
AcDbEntity
  8
TASLAK_PENCERE
100
AcDbLine
 10
566484.2376529297
 20
4178548.4002041616
 30
0.0
 11
566484.2181543971
 21
4178548.719609558
 31
0.0
  0
LINE
  5
469
330
1F
100
AcDbEntity
  8
TASLAK_PENCERE
100
AcDbLine
 10
566486.0343082843
 20
4178548.509883408
 30
0.0
 11
566486.0148097517
 21
4178548.8292888044
 31
0.0
  0
LINE
  5
46A
330
1F
100
AcDbEntity
  8
TASLAK_PENCERE
100
AcDbLine
 10
566484.2230290303
 20
4178548.6397582088
 30
0.0
 11
566486.0196843848
 21
4178548.749437455
 31
0.0
  0
LINE
  5
46B
330
1F
100
AcDbEntity
  8
TASLAK_PENCERE
100
AcDbLine
 10
566482.619923805
 20
4178549.4636071594
 30
0.0
 11
566482.3731127768
 21
4178553.5060907127
 31
0.0
  0
LINE
  5
46C
330
1F
100
AcDbEntity
  8
TASLAK_PENCERE
100
AcDbLine
 10
566482.7796264258
 20
4178549.4733576924
 30
0.0
 11
566482.4602211842
 21
4178549.4538566265
 31
0.0
  0
LINE
  5
46D
330
1F
100
AcDbEntity
  8
TASLAK_PENCERE
100
AcDbLine
 10
566482.5328153976
 20
4178553.5158412457
 30
0.0
 11
566482.213410156
 21
4178553.49634018
 31
0.0
  0
LINE
  5
46E
330
1F
100
AcDbEntity
  8
TASLAK_PENCERE
100
AcDbLine
 10
566482.5400724945
 20
4178549.458731893
 30
0.0
 11
566482.2932614663
 21
4178553.5012154463
 31
0.0
  0
LINE
  5
46F
330
1F
100
AcDbEntity
  8
TASLAK_PENCERE
100
AcDbLine
 10
566482.7922224484
 20
4178556.4871675335
 30
0.0
 11
566483.490921753
 21
4178556.5298205735
 31
0.0
  0
LINE
  5
470
330
1F
100
AcDbEntity
  8
TASLAK_PENCERE
100
AcDbLine
 10
566482.8019717147
 20
4178556.3274648353
 30
0.0
 11
566482.7824731821
 21
4178556.6468702317
 31
0.0
  0
LINE
  5
471
330
1F
100
AcDbEntity
  8
TASLAK_PENCERE
100
AcDbLine
 10
566483.5006710193
 20
4178556.3701178753
 30
0.0
 11
566483.4811724867
 21
4178556.6895232718
 31
0.0
  0
LINE
  5
472
330
1F
100
AcDbEntity
  8
TASLAK_PENCERE
100
AcDbLine
 10
566482.7873478152
 20
4178556.5670188824
 30
0.0
 11
566483.4860471198
 21
4178556.6096719224
 31
0.0
  0
LINE
  5
473
330
1F
100
AcDbEntity
  8
TASLAK_PENCERE
100
AcDbLine
 10
566484.1896210575
 20
4178556.572473614
 30
0.0
 11
566485.5370317139
 21
4178556.6547281123
 31
0.0
  0
LINE
  5
474
330
1F
100
AcDbEntity
  8
TASLAK_PENCERE
100
AcDbLine
 10
566484.1993703238
 20
4178556.412770916
 30
0.0
 11
566484.1798717912
 21
4178556.7321763122
 31
0.0
  0
LINE
  5
475
330
1F
100
AcDbEntity
  8
TASLAK_PENCERE
100
AcDbLine
 10
566485.5467809802
 20
4178556.495025414
 30
0.0
 11
566485.5272824476
 21
4178556.8144308105
 31
0.0
  0
LINE
  5
476
330
1F
100
AcDbEntity
  8
TASLAK_PENCERE
100
AcDbLine
 10
566484.1847464243
 20
4178556.652324963
 30
0.0
 11
566485.5321570807
 21
4178556.734579461
 31
0.0
  0
LINE
  5
477
330
1F
100
AcDbEntity
  8
TASLAK_PENCERE
100
AcDbLine
 10
566482.5833593074
 20
4178550.062491988
 30
0.0
 11
566482.354830528
 21
4178553.805533127
 31
0.0
  0
LINE
  5
478
330
1F
100
AcDbEntity
  8
TASLAK_PENCERE
100
AcDbLine
 10
566482.7430619282
 20
4178550.0722425207
 30
0.0
 11
566482.4236566866
 21
4178550.052741455
 31
0.0
  0
LINE
  5
479
330
1F
100
AcDbEntity
  8
TASLAK_PENCERE
100
AcDbLine
 10
566482.5145331488
 20
4178553.81528366
 30
0.0
 11
566482.1951279072
 21
4178553.795782594
 31
0.0
  0
LINE
  5
47A
330
1F
100
AcDbEntity
  8
TASLAK_PENCERE
100
AcDbLine
 10
566482.5035079969
 20
4178550.0576167214
 30
0.0
 11
566482.2749792176
 21
4178553.8006578605
 31
0.0
  0
LINE
  5
47B
330
1F
100
AcDbEntity
  8
TASLAK_KAPI
100
AcDbLine
 10
566482.692408262
 20
4178556.4810742424
 30
0.0
 11
566483.5907359393
 21
4178556.535913865
 31
0.0
  0
ARC
  5
47C
330
1F
100
AcDbEntity
  8
TASLAK_KAPI
100
AcDbCircle
 10
566482.692408262
 20
4178556.4810742424
 30
0.0
 40
0.8999999999893019
100
AcDbArc
 50
0.0
 51
90.0
  0
LINE
  5
47D
330
1F
100
AcDbEntity
  8
TASLAK_KAPI
100
AcDbLine
 10
566483.9000578049
 20
4178554.7514459635
 30
0.0
 11
566483.8482580999
 21
4178555.599866137
 31
0.0
  0
ARC
  5
47E
330
1F
100
AcDbEntity
  8
TASLAK_KAPI
100
AcDbCircle
 10
566483.9000578049
 20
4178554.7514459635
 30
0.0
 40
0.8500000000378832
100
AcDbArc
 50
0.0
 51
90.0
  0
LINE
  5
47F
330
1F
100
AcDbEntity
  8
TASLAK_KAPI
100
AcDbLine
 10
566483.0191720822
 20
4178554.24683339
 30
0.0
 11
566483.9174997595
 21
4178554.301673013
 31
0.0
  0
ARC
  5
480
330
1F
100
AcDbEntity
  8
TASLAK_KAPI
100
AcDbCircle
 10
566483.0191720822
 20
4178554.24683339
 30
0.0
 40
0.8999999999893019
100
AcDbArc
 50
0.0
 51
90.0
  0
LWPOLYLINE
  5
481
330
1F
100
AcDbEntity
  8
TASLAK_ASMAKAT
  6
KESIKLI
100
AcDbPolyline
 90
4
 70
1
 10
566483.8055058755
 20
4178549.7363549327
 10
566486.3506867682
 20
4178549.891728928
 10
566486.0734053254
 20
4178554.4332831716
 10
566483.5282244327
 20
4178554.2779091764
  0
TEXT
  5
482
330
1F
100
AcDbEntity
  8
TASLAK_ASMAKAT
100
AcDbText
 10
566484.9394556005
 20
4178552.084819053
 30
0.0
 40
0.2
  1
ASMA KAT (YATAK ODASI)
 50
3.493362810808526
 72
1
 11
566484.9394556005
 21
4178552.084819053
 31
0.0
100
AcDbText
 73
2
  0
LINE
  5
483
330
1F
100
AcDbEntity
  8
TASLAK_GIRIS
100
AcDbLine
 10
566484.6886515596
 20
4178556.602937603
 30
0.0
 11
566484.6094284815
 21
4178557.9005213976
 31
0.0
  0
LINE
  5
484
330
1F
100
AcDbEntity
  8
TASLAK_GIRIS
100
AcDbLine
 10
566484.3374092956
 20
4178557.433077902
 30
0.0
 11
566484.6886515596
 21
4178556.602937603
 31
0.0
  0
LINE
  5
485
330
1F
100
AcDbEntity
  8
TASLAK_GIRIS
100
AcDbLine
 10
566484.9362944138
 20
4178557.4696376505
 30
0.0
 11
566484.6886515596
 21
4178556.602937603
 31
0.0
  0
TEXT
  5
486
330
1F
100
AcDbEntity
  8
TASLAK_GIRIS
100
AcDbText
 10
566484.5850521497
 20
4178558.2997779497
 30
0.0
 40
0.24
  1
GIRIS
 50
3.493362810808526
 72
1
 11
566484.5850521497
 21
4178558.2997779497
 31
0.0
100
AcDbText
 73
2
  0
LWPOLYLINE
  5
487
330
1F
100
AcDbEntity
  8
TASLAK_DUVAR
100
AcDbPolyline
 90
4
 70
1
 10
566474.5129361138
 20
4178550.972445945
 10
566482.497993395
 20
4178551.459831531
 10
566482.1933401622
 20
4178556.4505415414
 10
566474.208282881
 20
4178555.963155955
  0
LWPOLYLINE
  5
488
330
1F
100
AcDbEntity
  8
TASLAK_DUVAR
100
AcDbPolyline
 90
4
 70
1
 10
566474.7003784681
 20
4178551.18425911
 10
566482.2861787819
 20
4178551.647275167
 10
566482.0058978078
 20
4178556.238728376
 10
566474.420097494
 20
4178555.775712319
  0
LINE
  5
489
330
1F
100
AcDbEntity
  8
TASLAK_DUVAR
100
AcDbLine
 10
566474.578517175
 20
4178553.180543114
 30
0.0
 11
566482.1643174888
 21
4178553.643559171
 31
0.0
  0
LINE
  5
48A
330
1F
100
AcDbEntity
  8
TASLAK_DUVAR
100
AcDbLine
 10
566474.5846102397
 20
4178553.0807289137
 30
0.0
 11
566482.1704105535
 21
4178553.5437449706
 31
0.0
  0
LINE
  5
48B
330
1F
100
AcDbEntity
  8
TASLAK_DUVAR
100
AcDbLine
 10
566479.8407298566
 20
4178551.498011797
 30
0.0
 11
566479.7249616282
 21
4178553.3944816007
 31
0.0
  0
LINE
  5
48C
330
1F
100
AcDbEntity
  8
TASLAK_DUVAR
100
AcDbLine
 10
566479.9405440984
 20
4178551.5041041793
 30
0.0
 11
566479.82477587
 21
4178553.400573983
 31
0.0
  0
LINE
  5
48D
330
1F
100
AcDbEntity
  8
TASLAK_DUVAR
100
AcDbLine
 10
566475.8791488515
 20
4178553.209836986
 30
0.0
 11
566475.7176826381
 21
4178555.854913291
 31
0.0
  0
LINE
  5
48E
330
1F
100
AcDbEntity
  8
TASLAK_DUVAR
100
AcDbLine
 10
566475.9789630934
 20
4178553.2159293685
 30
0.0
 11
566475.81749688
 21
4178555.8610056737
 31
0.0
  0
LINE
  5
48F
330
1F
100
AcDbEntity
  8
TASLAK_DUVAR
100
AcDbLine
 10
566477.7756194466
 20
4178553.3255922524
 30
0.0
 11
566477.6141532332
 21
4178555.9706685576
 31
0.0
  0
LINE
  5
490
330
1F
100
AcDbEntity
  8
TASLAK_DUVAR
100
AcDbLine
 10
566477.8754336885
 20
4178553.331684635
 30
0.0
 11
566477.7139674751
 21
4178555.97676094
 31
0.0
  0
TEXT
  5
491
330
1F
100
AcDbEntity
  8
TASLAK_MEKAN
100
AcDbText
 10
566478.4338712448
 20
4178552.388955591
 30
0.0
 40
0.26
  1
MUTFAK + SALON\P14.8 m2
 72
1
 11
566478.4338712448
 21
4178552.388955591
 31
0.0
100
AcDbText
 73
2
  0
TEXT
  5
492
330
1F
100
AcDbEntity
  8
TASLAK_MEKAN
100
AcDbText
 10
566475.1745767333
 20
4178554.4942977475
 30
0.0
 40
0.26
  1
ANTRE\P3.6 m2
 72
1
 11
566475.1745767333
 21
4178554.4942977475
 31
0.0
100
AcDbText
 73
2
  0
TEXT
  5
493
330
1F
100
AcDbEntity
  8
TASLAK_MEKAN
100
AcDbText
 10
566476.7965581632
 20
4178554.5932989633
 30
0.0
 40
0.26
  1
BANYO/WC\P5.0 m2
 72
1
 11
566476.7965581632
 21
4178554.5932989633
 31
0.0
100
AcDbText
 73
2
  0
CIRCLE
  5
494
330
1F
100
AcDbEntity
  8
TASLAK_MERDIVEN
100
AcDbCircle
 10
566481.0218254472
 20
4178555.126709258
 30
0.0
 40
0.85
  0
LINE
  5
495
330
1F
100
AcDbEntity
  8
TASLAK_MERDIVEN
100
AcDbLine
 10
566481.0218254472
 20
4178555.126709258
 30
0.0
 11
566481.870246503
 21
4178555.178494509
 31
0.0
  0
LINE
  5
496
330
1F
100
AcDbEntity
  8
TASLAK_MERDIVEN
100
AcDbLine
 10
566481.0218254472
 20
4178555.126709258
 30
0.0
 11
566481.7306841098
 21
4178555.595766952
 31
0.0
  0
LINE
  5
497
330
1F
100
AcDbEntity
  8
TASLAK_MERDIVEN
100
AcDbLine
 10
566481.0218254472
 20
4178555.126709258
 30
0.0
 11
566481.4011836104
 21
4178555.887355765
 31
0.0
  0
LINE
  5
498
330
1F
100
AcDbEntity
  8
TASLAK_MERDIVEN
100
AcDbLine
 10
566481.0218254472
 20
4178555.126709258
 30
0.0
 11
566480.9700343976
 21
4178555.97512996
 31
0.0
  0
LINE
  5
499
330
1F
100
AcDbEntity
  8
TASLAK_MERDIVEN
100
AcDbLine
 10
566481.0218254472
 20
4178555.126709258
 30
0.0
 11
566480.5527625547
 21
4178555.8355705137
 31
0.0
  0
LINE
  5
49A
330
1F
100
AcDbEntity
  8
TASLAK_MERDIVEN
100
AcDbLine
 10
566481.0218254472
 20
4178555.126709258
 30
0.0
 11
566480.2611757352
 21
4178555.5060722665
 31
0.0
  0
LINE
  5
49B
330
1F
100
AcDbEntity
  8
TASLAK_MERDIVEN
100
AcDbLine
 10
566481.0218254472
 20
4178555.126709258
 30
0.0
 11
566480.1734043915
 21
4178555.0749240075
 31
0.0
  0
LINE
  5
49C
330
1F
100
AcDbEntity
  8
TASLAK_MERDIVEN
100
AcDbLine
 10
566481.0218254472
 20
4178555.126709258
 30
0.0
 11
566480.3129667847
 21
4178554.6576515646
 31
0.0
  0
LINE
  5
49D
330
1F
100
AcDbEntity
  8
TASLAK_MERDIVEN
100
AcDbLine
 10
566481.0218254472
 20
4178555.126709258
 30
0.0
 11
566480.642467284
 21
4178554.366062752
 31
0.0
  0
LINE
  5
49E
330
1F
100
AcDbEntity
  8
TASLAK_MERDIVEN
100
AcDbLine
 10
566481.0218254472
 20
4178555.126709258
 30
0.0
 11
566481.0736164968
 21
4178554.2782885567
 31
0.0
  0
LINE
  5
49F
330
1F
100
AcDbEntity
  8
TASLAK_MERDIVEN
100
AcDbLine
 10
566481.0218254472
 20
4178555.126709258
 30
0.0
 11
566481.4908883397
 21
4178554.417848003
 31
0.0
  0
LINE
  5
4A0
330
1F
100
AcDbEntity
  8
TASLAK_MERDIVEN
100
AcDbLine
 10
566481.0218254472
 20
4178555.126709258
 30
0.0
 11
566481.7824751594
 21
4178554.74734625
 31
0.0
  0
CIRCLE
  5
4A1
330
1F
100
AcDbEntity
  8
TASLAK_MERDIVEN
100
AcDbCircle
 10
566481.0218254472
 20
4178555.126709258
 30
0.0
 40
0.09
  0
LINE
  5
4A2
330
1F
100
AcDbEntity
  8
TASLAK_OK
100
AcDbLine
 10
566480.5836789438
 20
4178554.631595984
 30
0.0
 11
566481.4599719506
 21
4178555.6218225323
 31
0.0
  0
LINE
  5
4A3
330
1F
100
AcDbEntity
  8
TASLAK_OK
100
AcDbLine
 10
566481.1542201026
 20
4178555.7479292136
 30
0.0
 11
566481.4599719506
 21
4178555.6218225323
 31
0.0
  0
LINE
  5
4A4
330
1F
100
AcDbEntity
  8
TASLAK_OK
100
AcDbLine
 10
566481.6223303975
 20
4178555.333678779
 30
0.0
 11
566481.4599719506
 21
4178555.6218225323
 31
0.0
  0
TEXT
  5
4A5
330
1F
100
AcDbEntity
  8
TASLAK_OK
100
AcDbText
 10
566480.5976149194
 20
4178555.1008166326
 30
0.0
 40
0.22
  1
CIKIS
 50
93.49323263206051
 72
1
 11
566480.5976149194
 21
4178555.1008166326
 31
0.0
100
AcDbText
 73
2
  0
LINE
  5
4A6
330
1F
100
AcDbEntity
  8
TASLAK_PENCERE
100
AcDbLine
 10
566475.5110785322
 20
4178551.0333697693
 30
0.0
 11
566479.7031946231
 21
4178551.2892448227
 31
0.0
  0
LINE
  5
4A7
330
1F
100
AcDbEntity
  8
TASLAK_PENCERE
100
AcDbLine
 10
566475.5208263441
 20
4178550.873666982
 30
0.0
 11
566475.5013307203
 21
4178551.1930725565
 31
0.0
  0
LINE
  5
4A8
330
1F
100
AcDbEntity
  8
TASLAK_PENCERE
100
AcDbLine
 10
566479.712942435
 20
4178551.1295420355
 30
0.0
 11
566479.6934468112
 21
4178551.44894761
 31
0.0
  0
LINE
  5
4A9
330
1F
100
AcDbEntity
  8
TASLAK_PENCERE
100
AcDbLine
 10
566475.5062046263
 20
4178551.113221163
 30
0.0
 11
566479.6983207172
 21
4178551.3690962163
 31
0.0
  0
LINE
  5
4AA
330
1F
100
AcDbEntity
  8
TASLAK_PENCERE
100
AcDbLine
 10
566480.1024515906
 20
4178551.3136143526
 30
0.0
 11
566481.8991079439
 21
4178551.4232772365
 31
0.0
  0
LINE
  5
4AB
330
1F
100
AcDbEntity
  8
TASLAK_PENCERE
100
AcDbLine
 10
566480.1121994025
 20
4178551.1539115654
 30
0.0
 11
566480.0927037786
 21
4178551.47331714
 31
0.0
  0
LINE
  5
4AC
330
1F
100
AcDbEntity
  8
TASLAK_PENCERE
100
AcDbLine
 10
566481.9088557558
 20
4178551.2635744493
 30
0.0
 11
566481.8893601319
 21
4178551.5829800237
 31
0.0
  0
LINE
  5
4AD
330
1F
100
AcDbEntity
  8
TASLAK_PENCERE
100
AcDbLine
 10
566480.0975776847
 20
4178551.393465746
 30
0.0
 11
566481.894234038
 21
4178551.50312863
 31
0.0
  0
LINE
  5
4AE
330
1F
100
AcDbEntity
  8
TASLAK_PENCERE
100
AcDbLine
 10
566474.4520054671
 20
4178551.970587947
 30
0.0
 11
566474.4184936116
 21
4178552.519566048
 31
0.0
  0
LINE
  5
4AF
330
1F
100
AcDbEntity
  8
TASLAK_PENCERE
100
AcDbLine
 10
566474.6117081875
 20
4178551.9803368505
 30
0.0
 11
566474.2923027468
 21
4178551.9608390434
 31
0.0
  0
LINE
  5
4B0
330
1F
100
AcDbEntity
  8
TASLAK_PENCERE
100
AcDbLine
 10
566474.578196332
 20
4178552.5293149515
 30
0.0
 11
566474.2587908913
 21
4178552.5098171444
 31
0.0
  0
LINE
  5
4B1
330
1F
100
AcDbEntity
  8
TASLAK_PENCERE
100
AcDbLine
 10
566474.372154107
 20
4178551.9657134954
 30
0.0
 11
566474.3386422514
 21
4178552.5146915964
 31
0.0
  0
LINE
  5
4B2
330
1F
100
AcDbEntity
  8
TASLAK_PENCERE
100
AcDbLine
 10
566474.807168332
 20
4178555.9997102497
 30
0.0
 11
566475.4559609041
 21
4178556.0393107357
 31
0.0
  0
LINE
  5
4B3
330
1F
100
AcDbEntity
  8
TASLAK_PENCERE
100
AcDbLine
 10
566474.816916144
 20
4178555.8400074625
 30
0.0
 11
566474.7974205201
 21
4178556.159413037
 31
0.0
  0
LINE
  5
4B4
330
1F
100
AcDbEntity
  8
TASLAK_PENCERE
100
AcDbLine
 10
566475.4657087161
 20
4178555.8796079485
 30
0.0
 11
566475.4462130922
 21
4178556.199013523
 31
0.0
  0
LINE
  5
4B5
330
1F
100
AcDbEntity
  8
TASLAK_PENCERE
100
AcDbLine
 10
566474.8022944261
 20
4178556.0795616433
 30
0.0
 11
566475.4510869982
 21
4178556.1191621292
 31
0.0
  0
LINE
  5
4B6
330
1F
100
AcDbEntity
  8
TASLAK_PENCERE
100
AcDbLine
 10
566476.1047534761
 20
4178556.0789112216
 30
0.0
 11
566477.3025243783
 21
4178556.152019811
 31
0.0
  0
LINE
  5
4B7
330
1F
100
AcDbEntity
  8
TASLAK_PENCERE
100
AcDbLine
 10
566476.114501288
 20
4178555.9192084344
 30
0.0
 11
566476.0950056642
 21
4178556.2386140088
 31
0.0
  0
LINE
  5
4B8
330
1F
100
AcDbEntity
  8
TASLAK_PENCERE
100
AcDbLine
 10
566477.3122721902
 20
4178555.9923170237
 30
0.0
 11
566477.2927765663
 21
4178556.311722598
 31
0.0
  0
LINE
  5
4B9
330
1F
100
AcDbEntity
  8
TASLAK_PENCERE
100
AcDbLine
 10
566476.0998795702
 20
4178556.158762615
 30
0.0
 11
566477.2976504724
 21
4178556.2318712045
 31
0.0
  0
LINE
  5
4BA
330
1F
100
AcDbEntity
  8
TASLAK_PENCERE
100
AcDbLine
 10
566478.0511311922
 20
4178556.197712679
 30
0.0
 11
566481.5944547111
 21
4178556.413987247
 31
0.0
  0
LINE
  5
4BB
330
1F
100
AcDbEntity
  8
TASLAK_PENCERE
100
AcDbLine
 10
566478.0608790042
 20
4178556.0380098918
 30
0.0
 11
566478.0413833803
 21
4178556.357415466
 31
0.0
  0
LINE
  5
4BC
330
1F
100
AcDbEntity
  8
TASLAK_PENCERE
100
AcDbLine
 10
566481.604202523
 20
4178556.2542844596
 30
0.0
 11
566481.5847068991
 21
4178556.573690034
 31
0.0
  0
LINE
  5
4BD
330
1F
100
AcDbEntity
  8
TASLAK_PENCERE
100
AcDbLine
 10
566478.0462572863
 20
4178556.2775640725
 30
0.0
 11
566481.5895808052
 21
4178556.4938386404
 31
0.0
  0
LINE
  5
4BE
330
1F
100
AcDbEntity
  8
TASLAK_KAPI
100
AcDbLine
 10
566474.7073540902
 20
4178555.993617867
 30
0.0
 11
566475.6056822669
 21
4178556.048449309
 31
0.0
  0
ARC
  5
4BF
330
1F
100
AcDbEntity
  8
TASLAK_KAPI
100
AcDbCircle
 10
566474.7073540902
 20
4178555.993617867
 30
0.0
 40
0.9000000000441826
100
AcDbArc
 50
0.0
 51
90.0
  0
LINE
  5
4C0
330
1F
100
AcDbEntity
  8
TASLAK_KAPI
100
AcDbLine
 10
566475.9016371814
 20
4178553.662047078
 30
0.0
 11
566475.8528926641
 21
4178554.4605606794
 31
0.0
  0
ARC
  5
4C1
330
1F
100
AcDbEntity
  8
TASLAK_KAPI
100
AcDbCircle
 10
566475.9016371814
 20
4178553.662047078
 30
0.0
 40
0.7999999998737649
100
AcDbArc
 50
0.0
 51
90.0
  0
LINE
  5
4C2
330
1F
100
AcDbEntity
  8
TASLAK_KAPI
100
AcDbLine
 10
566475.0531860001
 20
4178553.1594225215
 30
0.0
 11
566475.9515141768
 21
4178553.2142539634
 31
0.0
  0
ARC
  5
4C3
330
1F
100
AcDbEntity
  8
TASLAK_KAPI
100
AcDbCircle
 10
566475.0531860001
 20
4178553.1594225215
 30
0.0
 40
0.9000000000441826
100
AcDbArc
 50
0.0
 51
90.0
  0
LWPOLYLINE
  5
4C4
330
1F
100
AcDbEntity
  8
TASLAK_ASMAKAT
  6
KESIKLI
100
AcDbPolyline
 90
4
 70
1
 10
566474.5804430355
 20
4178553.1489944234
 10
566482.1662433492
 20
4178553.6120104804
 10
566482.0058978078
 20
4178556.238728376
 10
566474.420097494
 20
4178555.775712319
  0
TEXT
  5
4C5
330
1F
100
AcDbEntity
  8
TASLAK_ASMAKAT
100
AcDbText
 10
566478.2931704216
 20
4178554.6938614
 30
0.0
 40
0.2
  1
ASMA KAT (YATAK ODASI)
 50
3.492841025626318
 72
1
 11
566478.2931704216
 21
4178554.6938614
 31
0.0
100
AcDbText
 73
2
  0
LINE
  5
4C6
330
1F
100
AcDbEntity
  8
TASLAK_GIRIS
100
AcDbLine
 10
566478.2008115215
 20
4178556.2068487485
 30
0.0
 11
566478.121601681
 21
4178557.504433351
 31
0.0
  0
LINE
  5
4C7
330
1F
100
AcDbEntity
  8
TASLAK_GIRIS
100
AcDbLine
 10
566477.8495777465
 20
4178557.0369923026
 30
0.0
 11
566478.2008115215
 21
4178556.2068487485
 31
0.0
  0
LINE
  5
4C8
330
1F
100
AcDbEntity
  8
TASLAK_GIRIS
100
AcDbLine
 10
566478.4484631976
 20
4178557.0735465977
 30
0.0
 11
566478.2008115215
 21
4178556.2068487485
 31
0.0
  0
TEXT
  5
4C9
330
1F
100
AcDbEntity
  8
TASLAK_GIRIS
100
AcDbText
 10
566478.0972294223
 20
4178557.903690152
 30
0.0
 40
0.24
  1
GIRIS
 50
3.492841025626318
 72
1
 11
566478.0972294223
 21
4178557.903690152
 31
0.0
100
AcDbText
 73
2
  0
LWPOLYLINE
  5
4CA
330
1F
100
AcDbEntity
  8
TASLAK_DUVAR
100
AcDbPolyline
 90
4
 70
1
 10
566423.7071569465
 20
4178558.917613132
 10
566428.7357013235
 20
4178559.221417176
 10
566428.2567170012
 20
4178567.146900103
 10
566423.2281726243
 20
4178566.843096059
  0
LWPOLYLINE
  5
4CB
330
1F
100
AcDbEntity
  8
TASLAK_DUVAR
100
AcDbPolyline
 90
4
 70
1
 10
566423.8947277528
 20
4178559.1293100673
 10
566428.5240001535
 20
4178559.4089917345
 10
566428.069146195
 20
4178566.9352031676
 10
566423.4398737942
 20
4178566.6555215004
  0
LINE
  5
4CC
330
1F
100
AcDbEntity
  8
TASLAK_DUVAR
100
AcDbLine
 10
566427.4048881509
 20
4178559.692017756
 30
0.0
 11
566427.1008489656
 21
4178564.722782355
 31
0.0
  0
LINE
  5
4CD
330
1F
100
AcDbEntity
  8
TASLAK_DUVAR
100
AcDbLine
 10
566427.5047061449
 20
4178559.69804835
 30
0.0
 11
566427.2006669596
 21
4178564.728812949
 31
0.0
  0
LINE
  5
4CE
330
1F
100
AcDbEntity
  8
TASLAK_DUVAR
100
AcDbLine
 10
566424.9110848279
 20
4178564.690668117
 30
0.0
 11
566424.7874167138
 21
4178566.7369345212
 31
0.0
  0
LINE
  5
4CF
330
1F
100
AcDbEntity
  8
TASLAK_DUVAR
100
AcDbLine
 10
566425.0109028219
 20
4178564.696698711
 30
0.0
 11
566424.8872347078
 21
4178566.7429651152
 31
0.0
  0
LINE
  5
4D0
330
1F
100
AcDbEntity
  8
TASLAK_DUVAR
100
AcDbLine
 10
566423.5605256129
 20
4178564.659164033
 30
0.0
 11
566427.1417090762
 21
4178564.8755244617
 31
0.0
  0
LINE
  5
4D1
330
1F
100
AcDbEntity
  8
TASLAK_DUVAR
100
AcDbLine
 10
566423.5665582038
 20
4178564.5593461595
 30
0.0
 11
566427.1477416671
 21
4178564.7757065883
 31
0.0
  0
LINE
  5
4D2
330
1F
100
AcDbEntity
  8
TASLAK_DUVAR
100
AcDbLine
 10
566423.5136329113
 20
4178564.6062397985
 30
0.0
 11
566423.3899647972
 21
4178566.652506203
 31
0.0
  0
LINE
  5
4D3
330
1F
100
AcDbEntity
  8
TASLAK_DUVAR
100
AcDbLine
 10
566423.6134509053
 20
4178564.612270393
 30
0.0
 11
566423.4897827912
 21
4178566.6585367974
 31
0.0
  0
LINE
  5
4D4
330
1F
100
AcDbEntity
  8
TASLAK_DUVAR
100
AcDbLine
 10
566425.0303703621
 20
4178559.19792094
 30
0.0
 11
566424.9157511344
 21
4178561.094460534
 31
0.0
  0
LINE
  5
4D5
330
1F
100
AcDbEntity
  8
TASLAK_DUVAR
100
AcDbLine
 10
566425.1301883562
 20
4178559.203951534
 30
0.0
 11
566425.0155691284
 21
4178561.100491128
 31
0.0
  0
TEXT
  5
4D6
330
1F
100
AcDbEntity
  8
TASLAK_MEKAN
100
AcDbText
 10
566424.2004338095
 20
4178565.674602457
 30
0.0
 40
0.26
  1
ANTRE\P2.9 m2
 72
1
 11
566424.2004338095
 21
4178565.674602457
 31
0.0
100
AcDbText
 73
2
  0
TEXT
  5
4D7
330
1F
100
AcDbEntity
  8
TASLAK_MEKAN
100
AcDbText
 10
566425.9910255412
 20
4178565.782782672
 30
0.0
 40
0.26
  1
BANYO/WC\P4.5 m2
 72
1
 11
566425.9910255412
 21
4178565.782782672
 31
0.0
100
AcDbText
 73
2
  0
TEXT
  5
4D8
330
1F
100
AcDbEntity
  8
TASLAK_MEKAN
100
AcDbText
 10
566425.5197265622
 20
4178561.977462796
 30
0.0
 40
0.26
  1
MUTFAK + SALON\P19.7 m2
 72
1
 11
566425.5197265622
 21
4178561.977462796
 31
0.0
100
AcDbText
 73
2
  0
LINE
  5
4D9
330
1F
100
AcDbEntity
  8
TASLAK_MERDIVEN
100
AcDbLine
 10
566427.4547971479
 20
4178559.695033053
 30
0.0
 11
566428.5028860853
 21
4178559.7583542913
 31
0.0
  0
LINE
  5
4DA
330
1F
100
AcDbEntity
  8
TASLAK_MERDIVEN
100
AcDbLine
 10
566427.437906082
 20
4178559.974519975
 30
0.0
 11
566428.4859950194
 21
4178560.0378412134
 31
0.0
  0
LINE
  5
4DB
330
1F
100
AcDbEntity
  8
TASLAK_MERDIVEN
100
AcDbLine
 10
566427.4210150162
 20
4178560.254006897
 30
0.0
 11
566428.4691039536
 21
4178560.3173281355
 31
0.0
  0
LINE
  5
4DC
330
1F
100
AcDbEntity
  8
TASLAK_MERDIVEN
100
AcDbLine
 10
566427.4041239503
 20
4178560.533493819
 30
0.0
 11
566428.4522128877
 21
4178560.5968150576
 31
0.0
  0
LINE
  5
4DD
330
1F
100
AcDbEntity
  8
TASLAK_MERDIVEN
100
AcDbLine
 10
566427.3872328844
 20
4178560.8129807413
 30
0.0
 11
566428.4353218218
 21
4178560.8763019796
 31
0.0
  0
LINE
  5
4DE
330
1F
100
AcDbEntity
  8
TASLAK_MERDIVEN
100
AcDbLine
 10
566427.3703418187
 20
4178561.092467664
 30
0.0
 11
566428.4184307561
 21
4178561.155788902
 31
0.0
  0
LINE
  5
4DF
330
1F
100
AcDbEntity
  8
TASLAK_MERDIVEN
100
AcDbLine
 10
566427.3534507528
 20
4178561.371954586
 30
0.0
 11
566428.4015396902
 21
4178561.4352758243
 31
0.0
  0
LINE
  5
4E0
330
1F
100
AcDbEntity
  8
TASLAK_MERDIVEN
100
AcDbLine
 10
566427.3365596869
 20
4178561.651441508
 30
0.0
 11
566428.3846486243
 21
4178561.7147627464
 31
0.0
  0
LINE
  5
4E1
330
1F
100
AcDbEntity
  8
TASLAK_MERDIVEN
100
AcDbLine
 10
566427.319668621
 20
4178561.93092843
 30
0.0
 11
566428.3677575585
 21
4178561.9942496684
 31
0.0
  0
LINE
  5
4E2
330
1F
100
AcDbEntity
  8
TASLAK_MERDIVEN
100
AcDbLine
 10
566427.3027775552
 20
4178562.210415352
 30
0.0
 11
566428.3508664926
 21
4178562.2737365905
 31
0.0
  0
LINE
  5
4E3
330
1F
100
AcDbEntity
  8
TASLAK_MERDIVEN
100
AcDbLine
 10
566427.2858864893
 20
4178562.489902274
 30
0.0
 11
566428.3339754267
 21
4178562.5532235126
 31
0.0
  0
LINE
  5
4E4
330
1F
100
AcDbEntity
  8
TASLAK_MERDIVEN
100
AcDbLine
 10
566427.2689954236
 20
4178562.7693891968
 30
0.0
 11
566428.317084361
 21
4178562.832710435
 31
0.0
  0
LINE
  5
4E5
330
1F
100
AcDbEntity
  8
TASLAK_MERDIVEN
100
AcDbLine
 10
566427.2521043577
 20
4178563.048876119
 30
0.0
 11
566428.3001932951
 21
4178563.112197357
 31
0.0
  0
LINE
  5
4E6
330
1F
100
AcDbEntity
  8
TASLAK_MERDIVEN
100
AcDbLine
 10
566427.2352132918
 20
4178563.328363041
 30
0.0
 11
566428.2833022292
 21
4178563.3916842793
 31
0.0
  0
LINE
  5
4E7
330
1F
100
AcDbEntity
  8
TASLAK_MERDIVEN
100
AcDbLine
 10
566427.218322226
 20
4178563.607849963
 30
0.0
 11
566428.2664111634
 21
4178563.6711712014
 31
0.0
  0
LINE
  5
4E8
330
1F
100
AcDbEntity
  8
TASLAK_MERDIVEN
100
AcDbLine
 10
566427.2014311601
 20
4178563.887336885
 30
0.0
 11
566428.2495200975
 21
4178563.9506581235
 31
0.0
  0
LINE
  5
4E9
330
1F
100
AcDbEntity
  8
TASLAK_MERDIVEN
100
AcDbLine
 10
566427.1845400942
 20
4178564.166823807
 30
0.0
 11
566428.2326290316
 21
4178564.2301450456
 31
0.0
  0
LINE
  5
4EA
330
1F
100
AcDbEntity
  8
TASLAK_MERDIVEN
100
AcDbLine
 10
566427.1676490285
 20
4178564.4463107293
 30
0.0
 11
566428.2157379659
 21
4178564.5096319676
 31
0.0
  0
LINE
  5
4EB
330
1F
100
AcDbEntity
  8
TASLAK_MERDIVEN
100
AcDbLine
 10
566427.1507579626
 20
4178564.725797652
 30
0.0
 11
566428.1988469
 21
4178564.78911889
 31
0.0
  0
LINE
  5
4EC
330
1F
100
AcDbEntity
  8
TASLAK_MERDIVEN
100
AcDbLine
 10
566427.9788416167
 20
4178559.726693672
 30
0.0
 11
566427.6748024314
 21
4178564.757458271
 31
0.0
  0
LINE
  5
4ED
330
1F
100
AcDbEntity
  8
TASLAK_OK
100
AcDbLine
 10
566427.9577275483
 20
4178560.076056229
 30
0.0
 11
566427.6838513177
 21
4178564.6077314606
 31
0.0
  0
LINE
  5
4EE
330
1F
100
AcDbEntity
  8
TASLAK_OK
100
AcDbLine
 10
566427.4145602903
 20
4178564.0905503114
 30
0.0
 11
566427.6838513177
 21
4178564.6077314606
 31
0.0
  0
LINE
  5
4EF
330
1F
100
AcDbEntity
  8
TASLAK_OK
100
AcDbLine
 10
566428.0134682545
 20
4178564.1267338763
 30
0.0
 11
566427.6838513177
 21
4178564.6077314606
 31
0.0
  0
TEXT
  5
4F0
330
1F
100
AcDbEntity
  8
TASLAK_OK
100
AcDbText
 10
566427.8099309581
 20
4178562.5215628934
 30
0.0
 40
0.22
  1
CIKIS
 50
93.45851988260496
 72
1
 11
566427.8099309581
 21
4178562.5215628934
 31
0.0
100
AcDbText
 73
2
  0
LINE
  5
4F1
330
1F
100
AcDbEntity
  8
TASLAK_PENCERE
100
AcDbLine
 10
566428.6844243006
 20
4178560.0698690997
 30
0.0
 11
566428.4165806609
 21
4178564.5017264583
 31
0.0
  0
LINE
  5
4F2
330
1F
100
AcDbEntity
  8
TASLAK_PENCERE
100
AcDbLine
 10
566428.844132898
 20
4178560.0795212453
 30
0.0
 11
566428.5247157031
 21
4178560.060216954
 31
0.0
  0
LINE
  5
4F3
330
1F
100
AcDbEntity
  8
TASLAK_PENCERE
100
AcDbLine
 10
566428.5762892583
 20
4178564.511378604
 30
0.0
 11
566428.2568720634
 21
4178564.4920743126
 31
0.0
  0
LINE
  5
4F4
330
1F
100
AcDbEntity
  8
TASLAK_PENCERE
100
AcDbLine
 10
566428.6045700018
 20
4178560.065043027
 30
0.0
 11
566428.3367263621
 21
4178564.4969003857
 31
0.0
  0
LINE
  5
4F5
330
1F
100
AcDbEntity
  8
TASLAK_PENCERE
100
AcDbLine
 10
566424.7053368869
 20
4178558.9779190733
 30
0.0
 11
566424.8927085529
 21
4178558.9892393015
 31
0.0
  0
LINE
  5
4F6
330
1F
100
AcDbEntity
  8
TASLAK_PENCERE
100
AcDbLine
 10
566424.7149858376
 20
4178558.818210283
 30
0.0
 11
566424.6956879363
 21
4178559.137627864
 31
0.0
  0
LINE
  5
4F7
330
1F
100
AcDbEntity
  8
TASLAK_PENCERE
100
AcDbLine
 10
566424.9023575035
 20
4178558.829530511
 30
0.0
 11
566424.8830596022
 21
4178559.148948092
 31
0.0
  0
LINE
  5
4F8
330
1F
100
AcDbEntity
  8
TASLAK_PENCERE
100
AcDbLine
 10
566424.7005124117
 20
4178559.0577734686
 30
0.0
 11
566424.8878840776
 21
4178559.069093697
 31
0.0
  0
LINE
  5
4F9
330
1F
100
AcDbEntity
  8
TASLAK_PENCERE
100
AcDbLine
 10
566425.2919805291
 20
4178559.013361678
 30
0.0
 11
566427.0887044218
 21
4178559.1219123728
 31
0.0
  0
LINE
  5
4FA
330
1F
100
AcDbEntity
  8
TASLAK_PENCERE
100
AcDbLine
 10
566425.3016294797
 20
4178558.8536528875
 30
0.0
 11
566425.2823315784
 21
4178559.1730704685
 31
0.0
  0
LINE
  5
4FB
330
1F
100
AcDbEntity
  8
TASLAK_PENCERE
100
AcDbLine
 10
566427.0983533724
 20
4178558.9622035823
 30
0.0
 11
566427.0790554711
 21
4178559.2816211632
 31
0.0
  0
LINE
  5
4FC
330
1F
100
AcDbEntity
  8
TASLAK_PENCERE
100
AcDbLine
 10
566425.2871560538
 20
4178559.0932160732
 30
0.0
 11
566427.0838799465
 21
4178559.201766768
 31
0.0
  0
LINE
  5
4FD
330
1F
100
AcDbEntity
  8
TASLAK_PENCERE
100
AcDbLine
 10
566423.6468310372
 20
4178559.915791866
 30
0.0
 11
566423.4061340567
 21
4178563.898468794
 31
0.0
  0
LINE
  5
4FE
330
1F
100
AcDbEntity
  8
TASLAK_PENCERE
100
AcDbLine
 10
566423.8065396347
 20
4178559.9254440116
 30
0.0
 11
566423.4871224398
 21
4178559.90613972
 31
0.0
  0
LINE
  5
4FF
330
1F
100
AcDbEntity
  8
TASLAK_PENCERE
100
AcDbLine
 10
566423.5658426542
 20
4178563.9081209395
 30
0.0
 11
566423.2464254593
 21
4178563.888816648
 31
0.0
  0
LINE
  5
500
330
1F
100
AcDbEntity
  8
TASLAK_PENCERE
100
AcDbLine
 10
566423.5669767385
 20
4178559.9109657933
 30
0.0
 11
566423.326279758
 21
4178563.893642721
 31
0.0
  0
LINE
  5
501
330
1F
100
AcDbEntity
  8
TASLAK_PENCERE
100
AcDbLine
 10
566423.8270805884
 20
4178566.8792796237
 30
0.0
 11
566424.5258065468
 21
4178566.9214937827
 31
0.0
  0
LINE
  5
502
330
1F
100
AcDbEntity
  8
TASLAK_PENCERE
100
AcDbLine
 10
566423.8367295391
 20
4178566.7195708333
 30
0.0
 11
566423.8174316378
 21
4178567.038988414
 31
0.0
  0
LINE
  5
503
330
1F
100
AcDbEntity
  8
TASLAK_PENCERE
100
AcDbLine
 10
566424.5354554974
 20
4178566.761784992
 30
0.0
 11
566424.5161575961
 21
4178567.081202573
 31
0.0
  0
LINE
  5
504
330
1F
100
AcDbEntity
  8
TASLAK_PENCERE
100
AcDbLine
 10
566423.8222561132
 20
4178566.959134019
 30
0.0
 11
566424.5209820715
 21
4178567.001348178
 31
0.0
  0
LINE
  5
505
330
1F
100
AcDbEntity
  8
TASLAK_PENCERE
100
AcDbLine
 10
566425.224532505
 20
4178566.9637079416
 30
0.0
 11
566426.6097200995
 21
4178567.0473952997
 31
0.0
  0
LINE
  5
506
330
1F
100
AcDbEntity
  8
TASLAK_PENCERE
100
AcDbLine
 10
566425.2341814557
 20
4178566.803999151
 30
0.0
 11
566425.2148835544
 21
4178567.123416732
 31
0.0
  0
LINE
  5
507
330
1F
100
AcDbEntity
  8
TASLAK_PENCERE
100
AcDbLine
 10
566426.6193690501
 20
4178566.887686509
 30
0.0
 11
566426.6000711488
 21
4178567.20710409
 31
0.0
  0
LINE
  5
508
330
1F
100
AcDbEntity
  8
TASLAK_PENCERE
100
AcDbLine
 10
566425.2197080298
 20
4178567.043562337
 30
0.0
 11
566426.6048956242
 21
4178567.127249695
 31
0.0
  0
LINE
  5
509
330
1F
100
AcDbEntity
  8
TASLAK_PENCERE
100
AcDbLine
 10
566423.6106354917
 20
4178560.514699106
 30
0.0
 11
566423.3880362839
 21
4178564.197922414
 31
0.0
  0
LINE
  5
50A
330
1F
100
AcDbEntity
  8
TASLAK_PENCERE
100
AcDbLine
 10
566423.7703440891
 20
4178560.524351252
 30
0.0
 11
566423.4509268942
 21
4178560.5050469604
 31
0.0
  0
LINE
  5
50B
330
1F
100
AcDbEntity
  8
TASLAK_PENCERE
100
AcDbLine
 10
566423.5477448814
 20
4178564.20757456
 30
0.0
 11
566423.2283276864
 21
4178564.1882702685
 31
0.0
  0
LINE
  5
50C
330
1F
100
AcDbEntity
  8
TASLAK_PENCERE
100
AcDbLine
 10
566423.5307811929
 20
4178560.5098730335
 30
0.0
 11
566423.3081819852
 21
4178564.1930963416
 31
0.0
  0
LINE
  5
50D
330
1F
100
AcDbEntity
  8
TASLAK_KAPI
100
AcDbLine
 10
566423.7272625945
 20
4178566.8732490297
 30
0.0
 11
566424.6256245408
 21
4178566.9275243767
 31
0.0
  0
ARC
  5
50E
330
1F
100
AcDbEntity
  8
TASLAK_KAPI
100
AcDbCircle
 10
566423.7272625945
 20
4178566.8732490297
 30
0.0
 40
0.899999999952535
100
AcDbArc
 50
0.0
 51
90.0
  0
LINE
  5
50F
330
1F
100
AcDbEntity
  8
TASLAK_KAPI
100
AcDbLine
 10
566424.9338471657
 20
4178565.142863844
 30
0.0
 11
566424.8825701427
 21
4178565.991315768
 31
0.0
  0
ARC
  5
510
330
1F
100
AcDbEntity
  8
TASLAK_KAPI
100
AcDbCircle
 10
566424.9338471657
 20
4178565.142863844
 30
0.0
 40
0.8500000002912481
100
AcDbArc
 50
0.0
 51
90.0
  0
LINE
  5
511
330
1F
100
AcDbEntity
  8
TASLAK_KAPI
100
AcDbLine
 10
566424.052650079
 20
4178564.638805007
 30
0.0
 11
566424.9510120255
 21
4178564.6930803545
 31
0.0
  0
ARC
  5
512
330
1F
100
AcDbEntity
  8
TASLAK_KAPI
100
AcDbCircle
 10
566424.052650079
 20
4178564.638805007
 30
0.0
 40
0.9000000000968206
100
AcDbArc
 50
0.0
 51
90.0
  0
LWPOLYLINE
  5
513
330
1F
100
AcDbEntity
  8
TASLAK_ASMAKAT
  6
KESIKLI
100
AcDbPolyline
 90
4
 70
1
 10
566424.8325817839
 20
4178560.187794742
 10
566427.4155853068
 20
4178560.3438492296
 10
566427.1447253716
 20
4178564.825615525
 10
566424.5617218487
 20
4178564.6695610373
  0
TEXT
  5
514
330
1F
100
AcDbEntity
  8
TASLAK_ASMAKAT
100
AcDbText
 10
566425.9886535777
 20
4178562.5067051332
 30
0.0
 40
0.2
  1
ASMA KAT (YATAK ODASI)
 50
3.4573737202613812
 72
1
 11
566425.9886535777
 21
4178562.5067051332
 31
0.0
100
AcDbText
 73
2
  0
LINE
  5
515
330
1F
100
AcDbEntity
  8
TASLAK_GIRIS
100
AcDbLine
 10
566425.7424448127
 20
4178566.9949980807
 30
0.0
 11
566425.6640211305
 21
4178568.2926304345
 31
0.0
  0
LINE
  5
516
330
1F
100
AcDbEntity
  8
TASLAK_GIRIS
100
AcDbLine
 10
566425.3917138077
 20
4178567.8253582222
 30
0.0
 11
566425.7424448127
 21
4178566.9949980807
 31
0.0
  0
LINE
  5
517
330
1F
100
AcDbEntity
  8
TASLAK_GIRIS
100
AcDbLine
 10
566425.9906217719
 20
4178567.8615417867
 30
0.0
 11
566425.7424448127
 21
4178566.9949980807
 31
0.0
  0
TEXT
  5
518
330
1F
100
AcDbEntity
  8
TASLAK_GIRIS
100
AcDbText
 10
566425.6398907668
 20
4178568.6919019283
 30
0.0
 40
0.24
  1
GIRIS
 50
3.4573737202613812
 72
1
 11
566425.6398907668
 21
4178568.6919019283
 31
0.0
100
AcDbText
 73
2
  0
LWPOLYLINE
  5
519
330
1F
100
AcDbEntity
  8
TASLAK_DUVAR
100
AcDbPolyline
 90
4
 70
1
 10
566428.5584355801
 20
4178562.156124666
 10
566436.5437963661
 20
4178562.6386015383
 10
566436.242210858
 20
4178567.6294978694
 10
566428.2568500721
 20
4178567.147020997
  0
LWPOLYLINE
  5
51A
330
1F
100
AcDbEntity
  8
TASLAK_DUVAR
100
AcDbPolyline
 90
4
 70
1
 10
566428.7460080965
 20
4178562.3678225568
 10
566436.3320970089
 20
4178562.8261753535
 10
566436.0546383417
 20
4178567.4177999785
 10
566428.4685494292
 20
4178566.959447182
  0
LINE
  5
51B
330
1F
100
AcDbEntity
  8
TASLAK_DUVAR
100
AcDbLine
 10
566428.6253738933
 20
4178564.3641810897
 30
0.0
 11
566436.2114628057
 21
4178564.8225338864
 31
0.0
  0
LINE
  5
51C
330
1F
100
AcDbEntity
  8
TASLAK_DUVAR
100
AcDbLine
 10
566428.6314056035
 20
4178564.264363163
 30
0.0
 11
566436.2174945159
 21
4178564.72271596
 31
0.0
  0
LINE
  5
51D
330
1F
100
AcDbEntity
  8
TASLAK_DUVAR
100
AcDbLine
 10
566433.8865567836
 20
4178562.6784153925
 30
0.0
 11
566433.7719542906
 21
4178564.5749559985
 31
0.0
  0
LINE
  5
51E
330
1F
100
AcDbEntity
  8
TASLAK_DUVAR
100
AcDbLine
 10
566433.9863747519
 20
4178562.684446411
 30
0.0
 11
566433.8717722589
 21
4178564.580987017
 31
0.0
  0
LINE
  5
51F
330
1F
100
AcDbEntity
  8
TASLAK_DUVAR
100
AcDbLine
 10
566429.9260233374
 20
4178564.392675371
 30
0.0
 11
566429.7661830182
 21
4178567.037850426
 31
0.0
  0
LINE
  5
520
330
1F
100
AcDbEntity
  8
TASLAK_DUVAR
100
AcDbLine
 10
566430.0258413057
 20
4178564.39870639
 30
0.0
 11
566429.8660009865
 21
4178567.043881445
 31
0.0
  0
LINE
  5
521
330
1F
100
AcDbEntity
  8
TASLAK_DUVAR
100
AcDbLine
 10
566431.8225647366
 20
4178564.5072647287
 30
0.0
 11
566431.6627244174
 21
4178567.152439784
 31
0.0
  0
LINE
  5
522
330
1F
100
AcDbEntity
  8
TASLAK_DUVAR
100
AcDbLine
 10
566431.922382705
 20
4178564.5132957473
 30
0.0
 11
566431.7625423858
 21
4178567.1584708025
 31
0.0
  0
TEXT
  5
523
330
1F
100
AcDbEntity
  8
TASLAK_MEKAN
100
AcDbText
 10
566432.4802433787
 20
4178563.5702237394
 30
0.0
 40
0.26
  1
MUTFAK + SALON\P14.8 m2
 72
1
 11
566432.4802433787
 21
4178563.5702237394
 31
0.0
100
AcDbText
 73
2
  0
TEXT
  5
524
330
1F
100
AcDbEntity
  8
TASLAK_MEKAN
100
AcDbText
 10
566429.2222408754
 20
4178565.6775690312
 30
0.0
 40
0.26
  1
ANTRE\P3.6 m2
 72
1
 11
566429.2222408754
 21
4178565.6775690312
 31
0.0
100
AcDbText
 73
2
  0
TEXT
  5
525
330
1F
100
AcDbEntity
  8
TASLAK_MEKAN
100
AcDbText
 10
566430.8442828616
 20
4178565.7755730874
 30
0.0
 40
0.26
  1
BANYO/WC\P5.0 m2
 72
1
 11
566430.8442828616
 21
4178565.7755730874
 31
0.0
100
AcDbText
 73
2
  0
CIRCLE
  5
526
330
1F
100
AcDbEntity
  8
TASLAK_MERDIVEN
100
AcDbCircle
 10
566435.0698826303
 20
4178566.3063860512
 30
0.0
 40
0.85
  0
LINE
  5
527
330
1F
100
AcDbEntity
  8
TASLAK_MERDIVEN
100
AcDbLine
 10
566435.0698826303
 20
4178566.3063860512
 30
0.0
 11
566435.9183353615
 21
4178566.3576497114
 31
0.0
  0
LINE
  5
528
330
1F
100
AcDbEntity
  8
TASLAK_MERDIVEN
100
AcDbLine
 10
566435.0698826303
 20
4178566.3063860512
 30
0.0
 11
566435.7790294812
 21
4178566.7750078714
 31
0.0
  0
LINE
  5
529
330
1F
100
AcDbEntity
  8
TASLAK_MERDIVEN
100
AcDbLine
 10
566435.0698826303
 20
4178566.3063860512
 30
0.0
 11
566435.4497082749
 21
4178567.066799193
 31
0.0
  0
LINE
  5
52A
330
1F
100
AcDbEntity
  8
TASLAK_MERDIVEN
100
AcDbLine
 10
566435.0698826303
 20
4178566.3063860512
 30
0.0
 11
566435.0186130939
 21
4178567.1548384274
 31
0.0
  0
LINE
  5
52B
330
1F
100
AcDbEntity
  8
TASLAK_MERDIVEN
100
AcDbLine
 10
566435.0698826303
 20
4178566.3063860512
 30
0.0
 11
566434.6012555436
 21
4178567.015535533
 31
0.0
  0
LINE
  5
52C
330
1F
100
AcDbEntity
  8
TASLAK_MERDIVEN
100
AcDbLine
 10
566435.0698826303
 20
4178566.3063860512
 30
0.0
 11
566434.3094662429
 21
4178566.6862166077
 31
0.0
  0
LINE
  5
52D
330
1F
100
AcDbEntity
  8
TASLAK_MERDIVEN
100
AcDbLine
 10
566435.0698826303
 20
4178566.3063860512
 30
0.0
 11
566434.221429899
 21
4178566.2551223915
 31
0.0
  0
LINE
  5
52E
330
1F
100
AcDbEntity
  8
TASLAK_MERDIVEN
100
AcDbLine
 10
566435.0698826303
 20
4178566.3063860512
 30
0.0
 11
566434.3607357793
 21
4178565.8377642315
 31
0.0
  0
LINE
  5
52F
330
1F
100
AcDbEntity
  8
TASLAK_MERDIVEN
100
AcDbLine
 10
566435.0698826303
 20
4178566.3063860512
 30
0.0
 11
566434.6900569856
 21
4178565.54597291
 31
0.0
  0
LINE
  5
530
330
1F
100
AcDbEntity
  8
TASLAK_MERDIVEN
100
AcDbLine
 10
566435.0698826303
 20
4178566.3063860512
 30
0.0
 11
566435.1211521666
 21
4178565.457933675
 31
0.0
  0
LINE
  5
531
330
1F
100
AcDbEntity
  8
TASLAK_MERDIVEN
100
AcDbLine
 10
566435.0698826303
 20
4178566.3063860512
 30
0.0
 11
566435.5385097169
 21
4178565.59723657
 31
0.0
  0
LINE
  5
532
330
1F
100
AcDbEntity
  8
TASLAK_MERDIVEN
100
AcDbLine
 10
566435.0698826303
 20
4178566.3063860512
 30
0.0
 11
566435.8302990176
 21
4178565.9265554952
 31
0.0
  0
CIRCLE
  5
533
330
1F
100
AcDbEntity
  8
TASLAK_MERDIVEN
100
AcDbCircle
 10
566435.0698826303
 20
4178566.3063860512
 30
0.0
 40
0.09
  0
LINE
  5
534
330
1F
100
AcDbEntity
  8
TASLAK_OK
100
AcDbLine
 10
566434.6314318731
 20
4178565.8115422316
 30
0.0
 11
566435.5083333874
 21
4178566.801229872
 31
0.0
  0
LINE
  5
535
330
1F
100
AcDbEntity
  8
TASLAK_OK
100
AcDbLine
 10
566435.2026591103
 20
4178566.9275244945
 30
0.0
 11
566435.5083333874
 21
4178566.801229872
 31
0.0
  0
LINE
  5
536
330
1F
100
AcDbEntity
  8
TASLAK_OK
100
AcDbLine
 10
566435.6705146895
 20
4178566.512986362
 30
0.0
 11
566435.5083333874
 21
4178566.801229872
 31
0.0
  0
TEXT
  5
537
330
1F
100
AcDbEntity
  8
TASLAK_OK
100
AcDbText
 10
566434.6456562646
 20
4178566.280754221
 30
0.0
 40
0.22
  1
CIKIS
 50
93.45801431700849
 72
1
 11
566434.6456562646
 21
4178566.280754221
 31
0.0
100
AcDbText
 73
2
  0
LINE
  5
538
330
1F
100
AcDbEntity
  8
TASLAK_PENCERE
100
AcDbLine
 10
566429.5566152639
 20
4178562.216434854
 30
0.0
 11
566433.7488932514
 21
4178562.4697330114
 31
0.0
  0
LINE
  5
539
330
1F
100
AcDbEntity
  8
TASLAK_PENCERE
100
AcDbLine
 10
566429.5662648941
 20
4178562.0567261046
 30
0.0
 11
566429.5469656338
 21
4178562.3761436036
 31
0.0
  0
LINE
  5
53A
330
1F
100
AcDbEntity
  8
TASLAK_PENCERE
100
AcDbLine
 10
566433.7585428816
 20
4178562.310024262
 30
0.0
 11
566433.7392436212
 21
4178562.629441761
 31
0.0
  0
LINE
  5
53B
330
1F
100
AcDbEntity
  8
TASLAK_PENCERE
100
AcDbLine
 10
566429.5517904488
 20
4178562.296289229
 30
0.0
 11
566433.7440684363
 21
4178562.549587386
 31
0.0
  0
LINE
  5
53C
330
1F
100
AcDbEntity
  8
TASLAK_PENCERE
100
AcDbLine
 10
566434.1481651249
 20
4178562.4938570866
 30
0.0
 11
566435.9448885558
 21
4178562.6024154252
 31
0.0
  0
LINE
  5
53D
330
1F
100
AcDbEntity
  8
TASLAK_PENCERE
100
AcDbLine
 10
566434.157814755
 20
4178562.334148337
 30
0.0
 11
566434.1385154949
 21
4178562.653565836
 31
0.0
  0
LINE
  5
53E
330
1F
100
AcDbEntity
  8
TASLAK_PENCERE
100
AcDbLine
 10
566435.9545381858
 20
4178562.4427066757
 30
0.0
 11
566435.9352389257
 21
4178562.7621241747
 31
0.0
  0
LINE
  5
53F
330
1F
100
AcDbEntity
  8
TASLAK_PENCERE
100
AcDbLine
 10
566434.1433403098
 20
4178562.5737114614
 30
0.0
 11
566435.9400637407
 21
4178562.6822698
 31
0.0
  0
LINE
  5
540
330
1F
100
AcDbEntity
  8
TASLAK_PENCERE
100
AcDbLine
 10
566428.4981184785
 20
4178563.154303932
 30
0.0
 11
566428.4649440725
 21
4178563.703302529
 31
0.0
  0
LINE
  5
541
330
1F
100
AcDbEntity
  8
TASLAK_PENCERE
100
AcDbLine
 10
566428.657827161
 20
4178563.163954668
 30
0.0
 11
566428.3384097959
 21
4178563.144653196
 31
0.0
  0
LINE
  5
542
330
1F
100
AcDbEntity
  8
TASLAK_PENCERE
100
AcDbLine
 10
566428.6246527551
 20
4178563.7129532653
 30
0.0
 11
566428.30523539
 21
4178563.693651793
 31
0.0
  0
LINE
  5
543
330
1F
100
AcDbEntity
  8
TASLAK_PENCERE
100
AcDbLine
 10
566428.4182641371
 20
4178563.149478564
 30
0.0
 11
566428.3850897312
 21
4178563.698477161
 31
0.0
  0
LINE
  5
544
330
1F
100
AcDbEntity
  8
TASLAK_PENCERE
100
AcDbLine
 10
566428.8557578824
 20
4178567.18320711
 30
0.0
 11
566429.5045746769
 21
4178567.2224087324
 31
0.0
  0
LINE
  5
545
330
1F
100
AcDbEntity
  8
TASLAK_PENCERE
100
AcDbLine
 10
566428.8654075125
 20
4178567.0234983605
 30
0.0
 11
566428.8461082522
 21
4178567.3429158595
 31
0.0
  0
LINE
  5
546
330
1F
100
AcDbEntity
  8
TASLAK_PENCERE
100
AcDbLine
 10
566429.514224307
 20
4178567.062699983
 30
0.0
 11
566429.4949250467
 21
4178567.382117482
 31
0.0
  0
LINE
  5
547
330
1F
100
AcDbEntity
  8
TASLAK_PENCERE
100
AcDbLine
 10
566428.8509330673
 20
4178567.263061485
 30
0.0
 11
566429.4997498618
 21
4178567.302263107
 31
0.0
  0
LINE
  5
548
330
1F
100
AcDbEntity
  8
TASLAK_PENCERE
100
AcDbLine
 10
566430.1533914714
 20
4178567.2616103548
 30
0.0
 11
566431.3512070919
 21
4178567.3339825803
 31
0.0
  0
LINE
  5
549
330
1F
100
AcDbEntity
  8
TASLAK_PENCERE
100
AcDbLine
 10
566430.1630411014
 20
4178567.1019016053
 30
0.0
 11
566430.1437418413
 21
4178567.4213191043
 31
0.0
  0
LINE
  5
54A
330
1F
100
AcDbEntity
  8
TASLAK_PENCERE
100
AcDbLine
 10
566431.360856722
 20
4178567.174273831
 30
0.0
 11
566431.3415574619
 21
4178567.49369133
 31
0.0
  0
LINE
  5
54B
330
1F
100
AcDbEntity
  8
TASLAK_PENCERE
100
AcDbLine
 10
566430.1485666563
 20
4178567.3414647295
 30
0.0
 11
566431.3463822769
 21
4178567.413836955
 31
0.0
  0
LINE
  5
54C
330
1F
100
AcDbEntity
  8
TASLAK_PENCERE
100
AcDbLine
 10
566432.0998418548
 20
4178567.379215222
 30
0.0
 11
566435.6433030477
 21
4178567.5933117564
 31
0.0
  0
LINE
  5
54D
330
1F
100
AcDbEntity
  8
TASLAK_PENCERE
100
AcDbLine
 10
566432.1094914848
 20
4178567.2195064723
 30
0.0
 11
566432.0901922247
 21
4178567.5389239714
 31
0.0
  0
LINE
  5
54E
330
1F
100
AcDbEntity
  8
TASLAK_PENCERE
100
AcDbLine
 10
566435.6529526778
 20
4178567.433603007
 30
0.0
 11
566435.6336534177
 21
4178567.753020506
 31
0.0
  0
LINE
  5
54F
330
1F
100
AcDbEntity
  8
TASLAK_PENCERE
100
AcDbLine
 10
566432.0950170397
 20
4178567.4590695966
 30
0.0
 11
566435.6384782327
 21
4178567.673166131
 31
0.0
  0
LINE
  5
550
330
1F
100
AcDbEntity
  8
TASLAK_KAPI
100
AcDbLine
 10
566428.755939914
 20
4178567.177176091
 30
0.0
 11
566429.6543016294
 21
4178567.2314552604
 31
0.0
  0
ARC
  5
551
330
1F
100
AcDbEntity
  8
TASLAK_KAPI
100
AcDbCircle
 10
566428.755939914
 20
4178567.177176091
 30
0.0
 40
0.8999999999393644
100
AcDbArc
 50
0.0
 51
90.0
  0
LINE
  5
552
330
1F
100
AcDbEntity
  8
TASLAK_KAPI
100
AcDbLine
 10
566429.9487896258
 20
4178564.8448715503
 30
0.0
 11
566429.9005359445
 21
4178565.643414963
 31
0.0
  0
ARC
  5
553
330
1F
100
AcDbEntity
  8
TASLAK_KAPI
100
AcDbCircle
 10
566429.9487896258
 20
4178564.8448715503
 30
0.0
 40
0.7999999998311556
100
AcDbArc
 50
0.0
 51
90.0
  0
LINE
  5
554
330
1F
100
AcDbEntity
  8
TASLAK_KAPI
100
AcDbLine
 10
566429.100029649
 20
4178564.3427686905
 30
0.0
 11
566429.9983913645
 21
4178564.3970478596
 31
0.0
  0
ARC
  5
555
330
1F
100
AcDbEntity
  8
TASLAK_KAPI
100
AcDbCircle
 10
566429.100029649
 20
4178564.3427686905
 30
0.0
 40
0.9000000000274837
100
AcDbArc
 50
0.0
 51
90.0
  0
LWPOLYLINE
  5
556
330
1F
100
AcDbEntity
  8
TASLAK_ASMAKAT
  6
KESIKLI
100
AcDbPolyline
 90
4
 70
1
 10
566428.6272802484
 20
4178564.332633086
 10
566436.2133691609
 20
4178564.7909858827
 10
566436.0546383417
 20
4178567.4177999785
 10
566428.4685494292
 20
4178566.959447182
  0
TEXT
  5
557
330
1F
100
AcDbEntity
  8
TASLAK_ASMAKAT
100
AcDbText
 10
566432.340959295
 20
4178565.875216533
 30
0.0
 40
0.2
  1
ASMA KAT (YATAK ODASI)
 50
3.4576174865342426
 72
1
 11
566432.340959295
 21
4178565.875216533
 31
0.0
100
AcDbText
 73
2
  0
LINE
  5
558
330
1F
100
AcDbEntity
  8
TASLAK_GIRIS
100
AcDbLine
 10
566432.2495304651
 20
4178567.388259433
 30
0.0
 11
566432.171118233
 21
4178568.685892479
 31
0.0
  0
LINE
  5
559
330
1F
100
AcDbEntity
  8
TASLAK_GIRIS
100
AcDbLine
 10
566431.8988070235
 20
4178568.218618753
 30
0.0
 11
566432.2495304651
 21
4178567.388259433
 31
0.0
  0
LINE
  5
55A
330
1F
100
AcDbEntity
  8
TASLAK_GIRIS
100
AcDbLine
 10
566432.4977148338
 20
4178568.254804866
 30
0.0
 11
566432.2495304651
 21
4178567.388259433
 31
0.0
  0
TEXT
  5
55B
330
1F
100
AcDbEntity
  8
TASLAK_GIRIS
100
AcDbText
 10
566432.1469913924
 20
4178569.0851641856
 30
0.0
 40
0.24
  1
GIRIS
 50
3.4576174865342426
 72
1
 11
566432.1469913924
 21
4178569.0851641856
 31
0.0
100
AcDbText
 73
2
  0
LWPOLYLINE
  5
55C
330
1F
100
AcDbEntity
  8
TASLAK_DUVAR
100
AcDbPolyline
 90
4
 70
1
 10
566436.5438673617
 20
4178562.638596247
 10
566444.5293014905
 20
4178563.121133059
 10
566444.2277159825
 20
4178568.11202939
 10
566436.2422818537
 20
4178567.629492578
  0
LWPOLYLINE
  5
55D
330
1F
100
AcDbEntity
  8
TASLAK_DUVAR
100
AcDbPolyline
 90
4
 70
1
 10
566436.7314397945
 20
4178562.8502955204
 10
566444.317602217
 20
4178563.3087054915
 10
566444.0401435497
 20
4178567.9003301165
 10
566436.4539811272
 20
4178567.4419201454
  0
LINE
  5
55E
330
1F
100
AcDbEntity
  8
TASLAK_DUVAR
100
AcDbLine
 10
566436.6108055913
 20
4178564.8466540533
 30
0.0
 11
566444.1969680138
 21
4178565.3050640244
 31
0.0
  0
LINE
  5
55F
330
1F
100
AcDbEntity
  8
TASLAK_DUVAR
100
AcDbLine
 10
566436.6168373015
 20
4178564.746836127
 30
0.0
 11
566444.202999724
 21
4178565.205246098
 31
0.0
  0
LINE
  5
560
330
1F
100
AcDbEntity
  8
TASLAK_DUVAR
100
AcDbLine
 10
566441.872063015
 20
4178563.160928593
 30
0.0
 11
566441.757460522
 21
4178565.057469199
 31
0.0
  0
LINE
  5
561
330
1F
100
AcDbEntity
  8
TASLAK_DUVAR
100
AcDbLine
 10
566441.9718809415
 20
4178563.166960303
 30
0.0
 11
566441.8572784485
 21
4178565.063500909
 31
0.0
  0
LINE
  5
562
330
1F
100
AcDbEntity
  8
TASLAK_DUVAR
100
AcDbLine
 10
566437.9114544924
 20
4178564.8751573223
 30
0.0
 11
566437.7516141732
 21
4178567.5203323774
 31
0.0
  0
LINE
  5
563
330
1F
100
AcDbEntity
  8
TASLAK_DUVAR
100
AcDbLine
 10
566438.011272419
 20
4178564.8811890325
 30
0.0
 11
566437.8514320998
 21
4178567.5263640876
 31
0.0
  0
LINE
  5
564
330
1F
100
AcDbEntity
  8
TASLAK_DUVAR
100
AcDbLine
 10
566439.807995098
 20
4178564.989759815
 30
0.0
 11
566439.6481547788
 21
4178567.63493487
 31
0.0
  0
LINE
  5
565
330
1F
100
AcDbEntity
  8
TASLAK_DUVAR
100
AcDbLine
 10
566439.9078130246
 20
4178564.995791525
 30
0.0
 11
566439.7479727054
 21
4178567.6409665802
 31
0.0
  0
TEXT
  5
566
330
1F
100
AcDbEntity
  8
TASLAK_MEKAN
100
AcDbText
 10
566440.4657118318
 20
4178564.052725291
 30
0.0
 40
0.26
  1
MUTFAK + SALON\P14.8 m2
 72
1
 11
566440.4657118318
 21
4178564.052725291
 31
0.0
100
AcDbText
 73
2
  0
TEXT
  5
567
330
1F
100
AcDbEntity
  8
TASLAK_MEKAN
100
AcDbText
 10
566437.2076722914
 20
4178566.1600466617
 30
0.0
 40
0.26
  1
ANTRE\P3.6 m2
 72
1
 11
566437.2076722914
 21
4178566.1600466617
 31
0.0
100
AcDbText
 73
2
  0
TEXT
  5
568
330
1F
100
AcDbEntity
  8
TASLAK_MEKAN
100
AcDbText
 10
566438.8297135988
 20
4178566.258061951
 30
0.0
 40
0.26
  1
BANYO/WC\P5.0 m2
 72
1
 11
566438.8297135988
 21
4178566.258061951
 31
0.0
100
AcDbText
 73
2
  0
CIRCLE
  5
569
330
1F
100
AcDbEntity
  8
TASLAK_MERDIVEN
100
AcDbCircle
 10
566443.0553882768
 20
4178566.7889089305
 30
0.0
 40
0.85
  0
LINE
  5
56A
330
1F
100
AcDbEntity
  8
TASLAK_MERDIVEN
100
AcDbLine
 10
566443.0553882768
 20
4178566.7889089305
 30
0.0
 11
566443.903840653
 21
4178566.8401784664
 31
0.0
  0
LINE
  5
56B
330
1F
100
AcDbEntity
  8
TASLAK_MERDIVEN
100
AcDbLine
 10
566443.0553882768
 20
4178566.7889089305
 30
0.0
 11
566443.7645348203
 21
4178567.2575358395
 31
0.0
  0
LINE
  5
56C
330
1F
100
AcDbEntity
  8
TASLAK_MERDIVEN
100
AcDbLine
 10
566443.0553882768
 20
4178566.7889089305
 30
0.0
 11
566443.435213744
 21
4178567.5493250103
 31
0.0
  0
LINE
  5
56D
330
1F
100
AcDbEntity
  8
TASLAK_MERDIVEN
100
AcDbLine
 10
566443.0553882768
 20
4178566.7889089305
 30
0.0
 11
566443.0041187404
 21
4178567.6373613067
 31
0.0
  0
LINE
  5
56E
330
1F
100
AcDbEntity
  8
TASLAK_MERDIVEN
100
AcDbLine
 10
566443.0553882768
 20
4178566.7889089305
 30
0.0
 11
566442.5867613677
 21
4178567.498055474
 31
0.0
  0
LINE
  5
56F
330
1F
100
AcDbEntity
  8
TASLAK_MERDIVEN
100
AcDbLine
 10
566443.0553882768
 20
4178566.7889089305
 30
0.0
 11
566442.294972197
 21
4178567.1687343977
 31
0.0
  0
LINE
  5
570
330
1F
100
AcDbEntity
  8
TASLAK_MERDIVEN
100
AcDbLine
 10
566443.0553882768
 20
4178566.7889089305
 30
0.0
 11
566442.2069359007
 21
4178566.737639394
 31
0.0
  0
LINE
  5
571
330
1F
100
AcDbEntity
  8
TASLAK_MERDIVEN
100
AcDbLine
 10
566443.0553882768
 20
4178566.7889089305
 30
0.0
 11
566442.3462417334
 21
4178566.3202820215
 31
0.0
  0
LINE
  5
572
330
1F
100
AcDbEntity
  8
TASLAK_MERDIVEN
100
AcDbLine
 10
566443.0553882768
 20
4178566.7889089305
 30
0.0
 11
566442.6755628097
 21
4178566.0284928507
 31
0.0
  0
LINE
  5
573
330
1F
100
AcDbEntity
  8
TASLAK_MERDIVEN
100
AcDbLine
 10
566443.0553882768
 20
4178566.7889089305
 30
0.0
 11
566443.1066578132
 21
4178565.9404565543
 31
0.0
  0
LINE
  5
574
330
1F
100
AcDbEntity
  8
TASLAK_MERDIVEN
100
AcDbLine
 10
566443.0553882768
 20
4178566.7889089305
 30
0.0
 11
566443.5240151859
 21
4178566.079762387
 31
0.0
  0
LINE
  5
575
330
1F
100
AcDbEntity
  8
TASLAK_MERDIVEN
100
AcDbLine
 10
566443.0553882768
 20
4178566.7889089305
 30
0.0
 11
566443.8158043567
 21
4178566.4090834633
 31
0.0
  0
CIRCLE
  5
576
330
1F
100
AcDbEntity
  8
TASLAK_MERDIVEN
100
AcDbCircle
 10
566443.0553882768
 20
4178566.7889089305
 30
0.0
 40
0.09
  0
LINE
  5
577
330
1F
100
AcDbEntity
  8
TASLAK_OK
100
AcDbLine
 10
566442.616937715
 20
4178566.2940618787
 30
0.0
 11
566443.4938388388
 21
4178567.2837559828
 31
0.0
  0
LINE
  5
578
330
1F
100
AcDbEntity
  8
TASLAK_OK
100
AcDbLine
 10
566443.188164686
 20
4178567.4100485486
 30
0.0
 11
566443.4938388388
 21
4178567.2837559828
 31
0.0
  0
LINE
  5
579
330
1F
100
AcDbEntity
  8
TASLAK_OK
100
AcDbLine
 10
566443.6560200804
 20
4178566.995513472
 30
0.0
 11
566443.4938388388
 21
4178567.2837559828
 31
0.0
  0
TEXT
  5
57A
330
1F
100
AcDbEntity
  8
TASLAK_OK
100
AcDbText
 10
566442.6311620887
 20
4178566.763274162
 30
0.0
 40
0.22
  1
CIKIS
 50
93.45801431700849
 72
1
 11
566442.6311620887
 21
4178566.763274162
 31
0.0
100
AcDbText
 73
2
  0
LINE
  5
57B
330
1F
100
AcDbEntity
  8
TASLAK_PENCERE
100
AcDbLine
 10
566437.5420466278
 20
4178562.6989133484
 30
0.0
 11
566441.7343995455
 21
4178562.9522451744
 31
0.0
  0
LINE
  5
57C
330
1F
100
AcDbEntity
  8
TASLAK_PENCERE
100
AcDbLine
 10
566437.5516973641
 20
4178562.539204666
 30
0.0
 11
566437.5323958916
 21
4178562.858622031
 31
0.0
  0
LINE
  5
57D
330
1F
100
AcDbEntity
  8
TASLAK_PENCERE
100
AcDbLine
 10
566441.7440502817
 20
4178562.792536492
 30
0.0
 11
566441.7247488092
 21
4178563.111953857
 31
0.0
  0
LINE
  5
57E
330
1F
100
AcDbEntity
  8
TASLAK_PENCERE
100
AcDbLine
 10
566437.5372212598
 20
4178562.7787676896
 30
0.0
 11
566441.7295741774
 21
4178563.0320995157
 31
0.0
  0
LINE
  5
57F
330
1F
100
AcDbEntity
  8
TASLAK_PENCERE
100
AcDbLine
 10
566442.1336712518
 20
4178562.976372015
 30
0.0
 11
566443.9303939309
 21
4178563.084942798
 31
0.0
  0
LINE
  5
580
330
1F
100
AcDbEntity
  8
TASLAK_PENCERE
100
AcDbLine
 10
566442.143321988
 20
4178562.8166633327
 30
0.0
 11
566442.1240205156
 21
4178563.1360806976
 31
0.0
  0
LINE
  5
581
330
1F
100
AcDbEntity
  8
TASLAK_PENCERE
100
AcDbLine
 10
566443.9400446671
 20
4178562.9252341157
 30
0.0
 11
566443.9207431946
 21
4178563.2446514806
 31
0.0
  0
LINE
  5
582
330
1F
100
AcDbEntity
  8
TASLAK_PENCERE
100
AcDbLine
 10
566442.1288458836
 20
4178563.0562263564
 30
0.0
 11
566443.9255685627
 21
4178563.1647971394
 31
0.0
  0
LINE
  5
583
330
1F
100
AcDbEntity
  8
TASLAK_PENCERE
100
AcDbLine
 10
566436.4835502601
 20
4178563.636775513
 30
0.0
 11
566436.4503758542
 21
4178564.1857741103
 31
0.0
  0
LINE
  5
584
330
1F
100
AcDbEntity
  8
TASLAK_PENCERE
100
AcDbLine
 10
566436.6432589426
 20
4178563.6464262493
 30
0.0
 11
566436.3238415775
 21
4178563.627124777
 31
0.0
  0
LINE
  5
585
330
1F
100
AcDbEntity
  8
TASLAK_PENCERE
100
AcDbLine
 10
566436.6100845367
 20
4178564.1954248464
 30
0.0
 11
566436.2906671716
 21
4178564.176123374
 31
0.0
  0
LINE
  5
586
330
1F
100
AcDbEntity
  8
TASLAK_PENCERE
100
AcDbLine
 10
566436.4036959187
 20
4178563.631950145
 30
0.0
 11
566436.3705215128
 21
4178564.180948742
 31
0.0
  0
LINE
  5
587
330
1F
100
AcDbEntity
  8
TASLAK_PENCERE
100
AcDbLine
 10
566436.8411894133
 20
4178567.6656828388
 30
0.0
 11
566437.4900059364
 21
4178567.7048889548
 31
0.0
  0
LINE
  5
588
330
1F
100
AcDbEntity
  8
TASLAK_PENCERE
100
AcDbLine
 10
566436.8508401496
 20
4178567.5059741563
 30
0.0
 11
566436.8315386771
 21
4178567.825391521
 31
0.0
  0
LINE
  5
589
330
1F
100
AcDbEntity
  8
TASLAK_PENCERE
100
AcDbLine
 10
566437.4996566726
 20
4178567.5451802723
 30
0.0
 11
566437.4803552001
 21
4178567.864597637
 31
0.0
  0
LINE
  5
58A
330
1F
100
AcDbEntity
  8
TASLAK_PENCERE
100
AcDbLine
 10
566436.8363640452
 20
4178567.74553718
 30
0.0
 11
566437.4851805682
 21
4178567.784743296
 31
0.0
  0
LINE
  5
58B
330
1F
100
AcDbEntity
  8
TASLAK_PENCERE
100
AcDbLine
 10
566438.1388224593
 20
4178567.7440950708
 30
0.0
 11
566439.3366375786
 21
4178567.8164755926
 31
0.0
  0
LINE
  5
58C
330
1F
100
AcDbEntity
  8
TASLAK_PENCERE
100
AcDbLine
 10
566438.1484731955
 20
4178567.5843863883
 30
0.0
 11
566438.129171723
 21
4178567.903803753
 31
0.0
  0
LINE
  5
58D
330
1F
100
AcDbEntity
  8
TASLAK_PENCERE
100
AcDbLine
 10
566439.3462883148
 20
4178567.65676691
 30
0.0
 11
566439.3269868423
 21
4178567.976184275
 31
0.0
  0
LINE
  5
58E
330
1F
100
AcDbEntity
  8
TASLAK_PENCERE
100
AcDbLine
 10
566438.1339970911
 20
4178567.823949412
 30
0.0
 11
566439.3318122104
 21
4178567.896329934
 31
0.0
  0
LINE
  5
58F
330
1F
100
AcDbEntity
  8
TASLAK_PENCERE
100
AcDbLine
 10
566440.0852720281
 20
4178567.8617134187
 30
0.0
 11
566443.6288084228
 21
4178568.0758391293
 31
0.0
  0
LINE
  5
590
330
1F
100
AcDbEntity
  8
TASLAK_PENCERE
100
AcDbLine
 10
566440.0949227643
 20
4178567.7020047363
 30
0.0
 11
566440.0756212919
 21
4178568.021422101
 31
0.0
  0
LINE
  5
591
330
1F
100
AcDbEntity
  8
TASLAK_PENCERE
100
AcDbLine
 10
566443.6384591591
 20
4178567.916130447
 30
0.0
 11
566443.6191576866
 21
4178568.2355478117
 31
0.0
  0
LINE
  5
592
330
1F
100
AcDbEntity
  8
TASLAK_PENCERE
100
AcDbLine
 10
566440.0804466599
 20
4178567.94156776
 30
0.0
 11
566443.6239830547
 21
4178568.1556934705
 31
0.0
  0
LINE
  5
593
330
1F
100
AcDbEntity
  8
TASLAK_KAPI
100
AcDbLine
 10
566436.7413714867
 20
4178567.659651129
 30
0.0
 11
566437.6397328263
 21
4178567.7139365203
 31
0.0
  0
ARC
  5
594
330
1F
100
AcDbEntity
  8
TASLAK_KAPI
100
AcDbCircle
 10
566436.7413714867
 20
4178567.659651129
 30
0.0
 40
0.9000000000882702
100
AcDbArc
 50
0.0
 51
90.0
  0
LINE
  5
595
330
1F
100
AcDbEntity
  8
TASLAK_KAPI
100
AcDbLine
 10
566437.93422076
 20
4178565.3273538467
 30
0.0
 11
566437.8859670787
 21
4178566.1258972595
 31
0.0
  0
ARC
  5
596
330
1F
100
AcDbEntity
  8
TASLAK_KAPI
100
AcDbCircle
 10
566437.93422076
 20
4178565.3273538467
 30
0.0
 40
0.7999999998311556
100
AcDbArc
 50
0.0
 51
90.0
  0
LINE
  5
597
330
1F
100
AcDbEntity
  8
TASLAK_KAPI
100
AcDbLine
 10
566437.0854611497
 20
4178564.825244921
 30
0.0
 11
566437.9838224892
 21
4178564.879530312
 31
0.0
  0
ARC
  5
598
330
1F
100
AcDbEntity
  8
TASLAK_KAPI
100
AcDbCircle
 10
566437.0854611497
 20
4178564.825244921
 30
0.0
 40
0.8999999999720668
100
AcDbArc
 50
0.0
 51
90.0
  0
LWPOLYLINE
  5
599
330
1F
100
AcDbEntity
  8
TASLAK_ASMAKAT
  6
KESIKLI
100
AcDbPolyline
 90
4
 70
1
 10
566436.6127103419
 20
4178564.815132603
 10
566444.1988727644
 20
4178565.273542574
 10
566444.0401435497
 20
4178567.9003301165
 10
566436.4539811272
 20
4178567.4419201454
  0
TEXT
  5
59A
330
1F
100
AcDbEntity
  8
TASLAK_ASMAKAT
100
AcDbText
 10
566440.3264269459
 20
4178566.357731359
 30
0.0
 40
0.2
  1
ASMA KAT (YATAK ODASI)
 50
3.458014310137344
 72
1
 11
566440.3264269459
 21
4178566.357731359
 31
0.0
100
AcDbText
 73
2
  0
LINE
  5
59B
330
1F
100
AcDbEntity
  8
TASLAK_GIRIS
100
AcDbLine
 10
566440.2349989181
 20
4178567.870760984
 30
0.0
 11
566440.156586686
 21
4178569.1683940296
 31
0.0
  0
LINE
  5
59C
330
1F
100
AcDbEntity
  8
TASLAK_GIRIS
100
AcDbLine
 10
566439.8842756018
 20
4178568.70111823
 30
0.0
 11
566440.2349989181
 21
4178567.870760984
 31
0.0
  0
LINE
  5
59D
330
1F
100
AcDbEntity
  8
TASLAK_GIRIS
100
AcDbLine
 10
566440.4831831616
 20
4178568.7373084906
 30
0.0
 11
566440.2349989181
 21
4178567.870760984
 31
0.0
  0
TEXT
  5
59E
330
1F
100
AcDbEntity
  8
TASLAK_GIRIS
100
AcDbText
 10
566440.1324598454
 20
4178569.567665736
 30
0.0
 40
0.24
  1
GIRIS
 50
3.458014310137344
 72
1
 11
566440.1324598454
 21
4178569.567665736
 31
0.0
100
AcDbText
 73
2
  0
LWPOLYLINE
  5
59F
330
1F
100
AcDbEntity
  8
TASLAK_DUVAR
100
AcDbPolyline
 90
4
 70
1
 10
566444.7066361163
 20
4178560.186551249
 10
566449.7351804932
 20
4178560.4903552914
 10
566449.256196171
 20
4178568.415838216
 10
566444.2276517941
 20
4178568.1120341737
  0
LWPOLYLINE
  5
5A0
330
1F
100
AcDbEntity
  8
TASLAK_DUVAR
100
AcDbPolyline
 90
4
 70
1
 10
566444.8942069225
 20
4178560.398248184
 10
566449.5234793233
 20
4178560.6779298503
 10
566449.0686253648
 20
4178568.204141281
 10
566444.439352964
 20
4178567.924459615
  0
LINE
  5
5A1
330
1F
100
AcDbEntity
  8
TASLAK_DUVAR
100
AcDbLine
 10
566448.4043673206
 20
4178560.9609558717
 30
0.0
 11
566448.1003281354
 21
4178565.9917204683
 31
0.0
  0
LINE
  5
5A2
330
1F
100
AcDbEntity
  8
TASLAK_DUVAR
100
AcDbLine
 10
566448.5041853146
 20
4178560.9669864657
 30
0.0
 11
566448.2001461295
 21
4178565.9977510623
 31
0.0
  0
LINE
  5
5A3
330
1F
100
AcDbEntity
  8
TASLAK_DUVAR
100
AcDbLine
 10
566445.9105639977
 20
4178565.959606231
 30
0.0
 11
566445.7868958836
 21
4178568.0058726356
 31
0.0
  0
LINE
  5
5A4
330
1F
100
AcDbEntity
  8
TASLAK_DUVAR
100
AcDbLine
 10
566446.0103819917
 20
4178565.965636825
 30
0.0
 11
566445.8867138777
 21
4178568.0119032296
 31
0.0
  0
LINE
  5
5A5
330
1F
100
AcDbEntity
  8
TASLAK_DUVAR
100
AcDbLine
 10
566444.5600047827
 20
4178565.9281021473
 30
0.0
 11
566448.1411882461
 21
4178566.144462575
 31
0.0
  0
LINE
  5
5A6
330
1F
100
AcDbEntity
  8
TASLAK_DUVAR
100
AcDbLine
 10
566444.5660373736
 20
4178565.828284274
 30
0.0
 11
566448.147220837
 21
4178566.0446447018
 31
0.0
  0
LINE
  5
5A7
330
1F
100
AcDbEntity
  8
TASLAK_DUVAR
100
AcDbLine
 10
566444.5131120811
 20
4178565.8751779133
 30
0.0
 11
566444.389443967
 21
4178567.921444318
 31
0.0
  0
LINE
  5
5A8
330
1F
100
AcDbEntity
  8
TASLAK_DUVAR
100
AcDbLine
 10
566444.6129300751
 20
4178565.881208508
 30
0.0
 11
566444.4892619611
 21
4178567.9274749123
 31
0.0
  0
LINE
  5
5A9
330
1F
100
AcDbEntity
  8
TASLAK_DUVAR
100
AcDbLine
 10
566446.0298495318
 20
4178560.466859056
 30
0.0
 11
566445.9152303041
 21
4178562.36339865
 31
0.0
  0
LINE
  5
5AA
330
1F
100
AcDbEntity
  8
TASLAK_DUVAR
100
AcDbLine
 10
566446.1296675258
 20
4178560.4728896506
 30
0.0
 11
566446.015048298
 21
4178562.3694292447
 31
0.0
  0
TEXT
  5
5AB
330
1F
100
AcDbEntity
  8
TASLAK_MEKAN
100
AcDbText
 10
566445.1999129795
 20
4178566.9435405713
 30
0.0
 40
0.26
  1
ANTRE\P2.9 m2
 72
1
 11
566445.1999129795
 21
4178566.9435405713
 31
0.0
100
AcDbText
 73
2
  0
TEXT
  5
5AC
330
1F
100
AcDbEntity
  8
TASLAK_MEKAN
100
AcDbText
 10
566446.990504711
 20
4178567.051720785
 30
0.0
 40
0.26
  1
BANYO/WC\P4.5 m2
 72
1
 11
566446.990504711
 21
4178567.051720785
 31
0.0
100
AcDbText
 73
2
  0
TEXT
  5
5AD
330
1F
100
AcDbEntity
  8
TASLAK_MEKAN
100
AcDbText
 10
566446.5192057319
 20
4178563.2464009104
 30
0.0
 40
0.26
  1
MUTFAK + SALON\P19.7 m2
 72
1
 11
566446.5192057319
 21
4178563.2464009104
 31
0.0
100
AcDbText
 73
2
  0
LINE
  5
5AE
330
1F
100
AcDbEntity
  8
TASLAK_MERDIVEN
100
AcDbLine
 10
566448.4542763176
 20
4178560.9639711687
 30
0.0
 11
566449.502365255
 21
4178561.027292407
 31
0.0
  0
LINE
  5
5AF
330
1F
100
AcDbEntity
  8
TASLAK_MERDIVEN
100
AcDbLine
 10
566448.4373852517
 20
4178561.243458091
 30
0.0
 11
566449.4854741892
 21
4178561.306779329
 31
0.0
  0
LINE
  5
5B0
330
1F
100
AcDbEntity
  8
TASLAK_MERDIVEN
100
AcDbLine
 10
566448.4204941859
 20
4178561.522945013
 30
0.0
 11
566449.4685831233
 21
4178561.5862662513
 31
0.0
  0
LINE
  5
5B1
330
1F
100
AcDbEntity
  8
TASLAK_MERDIVEN
100
AcDbLine
 10
566448.40360312
 20
4178561.8024319345
 30
0.0
 11
566449.4516920574
 21
4178561.865753173
 31
0.0
  0
LINE
  5
5B2
330
1F
100
AcDbEntity
  8
TASLAK_MERDIVEN
100
AcDbLine
 10
566448.3867120543
 20
4178562.0819188566
 30
0.0
 11
566449.4348009917
 21
4178562.145240095
 31
0.0
  0
LINE
  5
5B3
330
1F
100
AcDbEntity
  8
TASLAK_MERDIVEN
100
AcDbLine
 10
566448.3698209884
 20
4178562.3614057787
 30
0.0
 11
566449.4179099258
 21
4178562.424727017
 31
0.0
  0
LINE
  5
5B4
330
1F
100
AcDbEntity
  8
TASLAK_MERDIVEN
100
AcDbLine
 10
566448.3529299225
 20
4178562.6408927008
 30
0.0
 11
566449.4010188599
 21
4178562.704213939
 31
0.0
  0
LINE
  5
5B5
330
1F
100
AcDbEntity
  8
TASLAK_MERDIVEN
100
AcDbLine
 10
566448.3360388567
 20
4178562.920379623
 30
0.0
 11
566449.3841277941
 21
4178562.983700861
 31
0.0
  0
LINE
  5
5B6
330
1F
100
AcDbEntity
  8
TASLAK_MERDIVEN
100
AcDbLine
 10
566448.3191477908
 20
4178563.199866545
 30
0.0
 11
566449.3672367282
 21
4178563.2631877833
 31
0.0
  0
LINE
  5
5B7
330
1F
100
AcDbEntity
  8
TASLAK_MERDIVEN
100
AcDbLine
 10
566448.302256725
 20
4178563.479353467
 30
0.0
 11
566449.3503456624
 21
4178563.5426747054
 31
0.0
  0
LINE
  5
5B8
330
1F
100
AcDbEntity
  8
TASLAK_MERDIVEN
100
AcDbLine
 10
566448.2853656592
 20
4178563.758840389
 30
0.0
 11
566449.3334545966
 21
4178563.8221616275
 31
0.0
  0
LINE
  5
5B9
330
1F
100
AcDbEntity
  8
TASLAK_MERDIVEN
100
AcDbLine
 10
566448.2684745933
 20
4178564.0383273107
 30
0.0
 11
566449.3165635307
 21
4178564.101648549
 31
0.0
  0
LINE
  5
5BA
330
1F
100
AcDbEntity
  8
TASLAK_MERDIVEN
100
AcDbLine
 10
566448.2515835274
 20
4178564.317814233
 30
0.0
 11
566449.2996724648
 21
4178564.381135471
 31
0.0
  0
LINE
  5
5BB
330
1F
100
AcDbEntity
  8
TASLAK_MERDIVEN
100
AcDbLine
 10
566448.2346924617
 20
4178564.597301155
 30
0.0
 11
566449.2827813991
 21
4178564.6606223932
 31
0.0
  0
LINE
  5
5BC
330
1F
100
AcDbEntity
  8
TASLAK_MERDIVEN
100
AcDbLine
 10
566448.2178013958
 20
4178564.876788077
 30
0.0
 11
566449.2658903332
 21
4178564.9401093153
 31
0.0
  0
LINE
  5
5BD
330
1F
100
AcDbEntity
  8
TASLAK_MERDIVEN
100
AcDbLine
 10
566448.2009103299
 20
4178565.156274999
 30
0.0
 11
566449.2489992674
 21
4178565.2195962374
 31
0.0
  0
LINE
  5
5BE
330
1F
100
AcDbEntity
  8
TASLAK_MERDIVEN
100
AcDbLine
 10
566448.1840192641
 20
4178565.435761921
 30
0.0
 11
566449.2321082015
 21
4178565.4990831595
 31
0.0
  0
LINE
  5
5BF
330
1F
100
AcDbEntity
  8
TASLAK_MERDIVEN
100
AcDbLine
 10
566448.1671281983
 20
4178565.715248843
 30
0.0
 11
566449.2152171357
 21
4178565.7785700816
 31
0.0
  0
LINE
  5
5C0
330
1F
100
AcDbEntity
  8
TASLAK_MERDIVEN
100
AcDbLine
 10
566448.1502371324
 20
4178565.9947357653
 30
0.0
 11
566449.1983260699
 21
4178566.0580570037
 31
0.0
  0
LINE
  5
5C1
330
1F
100
AcDbEntity
  8
TASLAK_MERDIVEN
100
AcDbLine
 10
566448.9783207863
 20
4178560.995631788
 30
0.0
 11
566448.6742816011
 21
4178566.0263963845
 31
0.0
  0
LINE
  5
5C2
330
1F
100
AcDbEntity
  8
TASLAK_OK
100
AcDbLine
 10
566448.9572067179
 20
4178561.3449943447
 30
0.0
 11
566448.6833304875
 21
4178565.876669574
 31
0.0
  0
LINE
  5
5C3
330
1F
100
AcDbEntity
  8
TASLAK_OK
100
AcDbLine
 10
566448.4140394601
 20
4178565.359488425
 30
0.0
 11
566448.6833304875
 21
4178565.876669574
 31
0.0
  0
LINE
  5
5C4
330
1F
100
AcDbEntity
  8
TASLAK_OK
100
AcDbLine
 10
566449.0129474243
 20
4178565.39567199
 30
0.0
 11
566448.6833304875
 21
4178565.876669574
 31
0.0
  0
TEXT
  5
5C5
330
1F
100
AcDbEntity
  8
TASLAK_OK
100
AcDbText
 10
566448.8094101278
 20
4178563.7905010083
 30
0.0
 40
0.22
  1
CIKIS
 50
93.45851988277998
 72
1
 11
566448.8094101278
 21
4178563.7905010083
 31
0.0
100
AcDbText
 73
2
  0
LINE
  5
5C6
330
1F
100
AcDbEntity
  8
TASLAK_PENCERE
100
AcDbLine
 10
566449.6839034703
 20
4178561.338807215
 30
0.0
 11
566449.4160598307
 21
4178565.7706645713
 31
0.0
  0
LINE
  5
5C7
330
1F
100
AcDbEntity
  8
TASLAK_PENCERE
100
AcDbLine
 10
566449.8436120678
 20
4178561.3484593607
 30
0.0
 11
566449.5241948728
 21
4178561.3291550693
 31
0.0
  0
LINE
  5
5C8
330
1F
100
AcDbEntity
  8
TASLAK_PENCERE
100
AcDbLine
 10
566449.5757684282
 20
4178565.780316717
 30
0.0
 11
566449.2563512332
 21
4178565.7610124256
 31
0.0
  0
LINE
  5
5C9
330
1F
100
AcDbEntity
  8
TASLAK_PENCERE
100
AcDbLine
 10
566449.6040491716
 20
4178561.3339811424
 30
0.0
 11
566449.336205532
 21
4178565.7658384987
 31
0.0
  0
LINE
  5
5CA
330
1F
100
AcDbEntity
  8
TASLAK_PENCERE
100
AcDbLine
 10
566445.7048160566
 20
4178560.24685719
 30
0.0
 11
566445.8921877226
 21
4178560.2581774183
 31
0.0
  0
LINE
  5
5CB
330
1F
100
AcDbEntity
  8
TASLAK_PENCERE
100
AcDbLine
 10
566445.7144650073
 20
4178560.0871483996
 30
0.0
 11
566445.695167106
 21
4178560.4065659805
 31
0.0
  0
LINE
  5
5CC
330
1F
100
AcDbEntity
  8
TASLAK_PENCERE
100
AcDbLine
 10
566445.9018366733
 20
4178560.098468628
 30
0.0
 11
566445.882538772
 21
4178560.4178862087
 31
0.0
  0
LINE
  5
5CD
330
1F
100
AcDbEntity
  8
TASLAK_PENCERE
100
AcDbLine
 10
566445.6999915814
 20
4178560.3267115853
 30
0.0
 11
566445.8873632473
 21
4178560.3380318135
 31
0.0
  0
LINE
  5
5CE
330
1F
100
AcDbEntity
  8
TASLAK_PENCERE
100
AcDbLine
 10
566446.2914596987
 20
4178560.2822997947
 30
0.0
 11
566448.0881835915
 21
4178560.3908504886
 31
0.0
  0
LINE
  5
5CF
330
1F
100
AcDbEntity
  8
TASLAK_PENCERE
100
AcDbLine
 10
566446.3011086492
 20
4178560.1225910042
 30
0.0
 11
566446.2818107482
 21
4178560.442008585
 31
0.0
  0
LINE
  5
5D0
330
1F
100
AcDbEntity
  8
TASLAK_PENCERE
100
AcDbLine
 10
566448.097832542
 20
4178560.231141698
 30
0.0
 11
566448.078534641
 21
4178560.550559279
 31
0.0
  0
LINE
  5
5D1
330
1F
100
AcDbEntity
  8
TASLAK_PENCERE
100
AcDbLine
 10
566446.2866352234
 20
4178560.36215419
 30
0.0
 11
566448.0833591162
 21
4178560.470704884
 31
0.0
  0
LINE
  5
5D2
330
1F
100
AcDbEntity
  8
TASLAK_PENCERE
100
AcDbLine
 10
566444.646310207
 20
4178561.184729983
 30
0.0
 11
566444.4056132266
 21
4178565.1674069087
 31
0.0
  0
LINE
  5
5D3
330
1F
100
AcDbEntity
  8
TASLAK_PENCERE
100
AcDbLine
 10
566444.8060188044
 20
4178561.194382129
 30
0.0
 11
566444.4866016095
 21
4178561.1750778374
 31
0.0
  0
LINE
  5
5D4
330
1F
100
AcDbEntity
  8
TASLAK_PENCERE
100
AcDbLine
 10
566444.565321824
 20
4178565.1770590544
 30
0.0
 11
566444.2459046291
 21
4178565.157754763
 31
0.0
  0
LINE
  5
5D5
330
1F
100
AcDbEntity
  8
TASLAK_PENCERE
100
AcDbLine
 10
566444.5664559082
 20
4178561.1799039105
 30
0.0
 11
566444.3257589279
 21
4178565.162580836
 31
0.0
  0
LINE
  5
5D6
330
1F
100
AcDbEntity
  8
TASLAK_PENCERE
100
AcDbLine
 10
566444.8265597584
 20
4178568.148217738
 30
0.0
 11
566445.5252857166
 21
4178568.190431897
 31
0.0
  0
LINE
  5
5D7
330
1F
100
AcDbEntity
  8
TASLAK_PENCERE
100
AcDbLine
 10
566444.836208709
 20
4178567.9885089477
 30
0.0
 11
566444.8169108077
 21
4178568.3079265286
 31
0.0
  0
LINE
  5
5D8
330
1F
100
AcDbEntity
  8
TASLAK_PENCERE
100
AcDbLine
 10
566445.5349346673
 20
4178568.0307231066
 30
0.0
 11
566445.515636766
 21
4178568.3501406875
 31
0.0
  0
LINE
  5
5D9
330
1F
100
AcDbEntity
  8
TASLAK_PENCERE
100
AcDbLine
 10
566444.8217352831
 20
4178568.2280721334
 30
0.0
 11
566445.5204612414
 21
4178568.2702862923
 31
0.0
  0
LINE
  5
5DA
330
1F
100
AcDbEntity
  8
TASLAK_PENCERE
100
AcDbLine
 10
566446.224011675
 20
4178568.232646056
 30
0.0
 11
566447.6091992693
 21
4178568.316333413
 31
0.0
  0
LINE
  5
5DB
330
1F
100
AcDbEntity
  8
TASLAK_PENCERE
100
AcDbLine
 10
566446.2336606255
 20
4178568.0729372655
 30
0.0
 11
566446.2143627245
 21
4178568.3923548465
 31
0.0
  0
LINE
  5
5DC
330
1F
100
AcDbEntity
  8
TASLAK_PENCERE
100
AcDbLine
 10
566447.6188482199
 20
4178568.1566246226
 30
0.0
 11
566447.5995503188
 21
4178568.4760422036
 31
0.0
  0
LINE
  5
5DD
330
1F
100
AcDbEntity
  8
TASLAK_PENCERE
100
AcDbLine
 10
566446.2191871997
 20
4178568.312500451
 30
0.0
 11
566447.604374794
 21
4178568.3961878084
 31
0.0
  0
LINE
  5
5DE
330
1F
100
AcDbEntity
  8
TASLAK_PENCERE
100
AcDbLine
 10
566444.6101146614
 20
4178561.7836372233
 30
0.0
 11
566444.3875154537
 21
4178565.466860529
 31
0.0
  0
LINE
  5
5DF
330
1F
100
AcDbEntity
  8
TASLAK_PENCERE
100
AcDbLine
 10
566444.7698232589
 20
4178561.793289369
 30
0.0
 11
566444.4504060639
 21
4178561.7739850776
 31
0.0
  0
LINE
  5
5E0
330
1F
100
AcDbEntity
  8
TASLAK_PENCERE
100
AcDbLine
 10
566444.5472240512
 20
4178565.4765126747
 30
0.0
 11
566444.2278068563
 21
4178565.4572083834
 31
0.0
  0
LINE
  5
5E1
330
1F
100
AcDbEntity
  8
TASLAK_PENCERE
100
AcDbLine
 10
566444.5302603627
 20
4178561.7788111507
 30
0.0
 11
566444.307661155
 21
4178565.4620344564
 31
0.0
  0
LINE
  5
5E2
330
1F
100
AcDbEntity
  8
TASLAK_KAPI
100
AcDbLine
 10
566444.7267417643
 20
4178568.142187144
 30
0.0
 11
566445.6251037107
 21
4178568.196462491
 31
0.0
  0
ARC
  5
5E3
330
1F
100
AcDbEntity
  8
TASLAK_KAPI
100
AcDbCircle
 10
566444.7267417643
 20
4178568.142187144
 30
0.0
 40
0.899999999952535
100
AcDbArc
 50
0.0
 51
90.0
  0
LINE
  5
5E4
330
1F
100
AcDbEntity
  8
TASLAK_KAPI
100
AcDbLine
 10
566445.9333263355
 20
4178566.4118019585
 30
0.0
 11
566445.8820493126
 21
4178567.2602538825
 31
0.0
  0
ARC
  5
5E5
330
1F
100
AcDbEntity
  8
TASLAK_KAPI
100
AcDbCircle
 10
566445.9333263355
 20
4178566.4118019585
 30
0.0
 40
0.8500000002912481
100
AcDbArc
 50
0.0
 51
90.0
  0
LINE
  5
5E6
330
1F
100
AcDbEntity
  8
TASLAK_KAPI
100
AcDbLine
 10
566445.052129249
 20
4178565.9077431215
 30
0.0
 11
566445.9504911953
 21
4178565.9620184684
 31
0.0
  0
ARC
  5
5E7
330
1F
100
AcDbEntity
  8
TASLAK_KAPI
100
AcDbCircle
 10
566445.052129249
 20
4178565.9077431215
 30
0.0
 40
0.899999999952535
100
AcDbArc
 50
0.0
 51
90.0
  0
LWPOLYLINE
  5
5E8
330
1F
100
AcDbEntity
  8
TASLAK_ASMAKAT
  6
KESIKLI
100
AcDbPolyline
 90
4
 70
1
 10
566445.8320609536
 20
4178561.456732859
 10
566448.4150644765
 20
4178561.6127873454
 10
566448.1442045415
 20
4178566.0945536382
 10
566445.5612010185
 20
4178565.9384991517
  0
TEXT
  5
5E9
330
1F
100
AcDbEntity
  8
TASLAK_ASMAKAT
100
AcDbText
 10
566446.9881327475
 20
4178563.7756432486
 30
0.0
 40
0.2
  1
ASMA KAT (YATAK ODASI)
 50
3.457373699115385
 72
1
 11
566446.9881327475
 21
4178563.7756432486
 31
0.0
100
AcDbText
 73
2
  0
LINE
  5
5EA
330
1F
100
AcDbEntity
  8
TASLAK_GIRIS
100
AcDbLine
 10
566446.7419239825
 20
4178568.263936195
 30
0.0
 11
566446.6635003004
 21
4178569.561568549
 31
0.0
  0
LINE
  5
5EB
330
1F
100
AcDbEntity
  8
TASLAK_GIRIS
100
AcDbLine
 10
566446.3911929775
 20
4178569.094296336
 30
0.0
 11
566446.7419239825
 21
4178568.263936195
 31
0.0
  0
LINE
  5
5EC
330
1F
100
AcDbEntity
  8
TASLAK_GIRIS
100
AcDbLine
 10
566446.9901009417
 20
4178569.1304799006
 30
0.0
 11
566446.7419239825
 21
4178568.263936195
 31
0.0
  0
TEXT
  5
5ED
330
1F
100
AcDbEntity
  8
TASLAK_GIRIS
100
AcDbText
 10
566446.6393699367
 20
4178569.9608400427
 30
0.0
 40
0.24
  1
GIRIS
 50
3.457373699115385
 72
1
 11
566446.6393699367
 21
4178569.9608400427
 31
0.0
100
AcDbText
 73
2
  0
LWPOLYLINE
  5
5EE
330
1F
100
AcDbEntity
  8
TASLAK_DUVAR
100
AcDbPolyline
 90
4
 70
1
 10
566457.139239409
 20
4178560.967379567
 10
566462.1677837861
 20
4178561.271183608
 10
566461.6887994638
 20
4178569.1966665313
 10
566456.6602550867
 20
4178568.8928624904
  0
LWPOLYLINE
  5
5EF
330
1F
100
AcDbEntity
  8
TASLAK_DUVAR
100
AcDbPolyline
 90
4
 70
1
 10
566457.3268102153
 20
4178561.179076502
 10
566461.9560826161
 20
4178561.458758167
 10
566461.5012286576
 20
4178568.9849695964
 10
566456.8719562567
 20
4178568.7052879315
  0
LINE
  5
5F0
330
1F
100
AcDbEntity
  8
TASLAK_DUVAR
100
AcDbLine
 10
566460.8369706133
 20
4178561.741784189
 30
0.0
 11
566460.5329314282
 21
4178566.772548784
 31
0.0
  0
LINE
  5
5F1
330
1F
100
AcDbEntity
  8
TASLAK_DUVAR
100
AcDbLine
 10
566460.9367886074
 20
4178561.747814783
 30
0.0
 11
566460.6327494222
 21
4178566.778579378
 31
0.0
  0
LINE
  5
5F2
330
1F
100
AcDbEntity
  8
TASLAK_DUVAR
100
AcDbLine
 10
566458.3431672904
 20
4178566.7404345474
 30
0.0
 11
566458.2194991763
 21
4178568.786700952
 31
0.0
  0
LINE
  5
5F3
330
1F
100
AcDbEntity
  8
TASLAK_DUVAR
100
AcDbLine
 10
566458.4429852845
 20
4178566.7464651414
 30
0.0
 11
566458.3193171703
 21
4178568.792731546
 31
0.0
  0
LINE
  5
5F4
330
1F
100
AcDbEntity
  8
TASLAK_DUVAR
100
AcDbLine
 10
566456.9926080754
 20
4178566.708930464
 30
0.0
 11
566460.5737915388
 21
4178566.925290891
 31
0.0
  0
LINE
  5
5F5
330
1F
100
AcDbEntity
  8
TASLAK_DUVAR
100
AcDbLine
 10
566456.9986406664
 20
4178566.6091125906
 30
0.0
 11
566460.5798241298
 21
4178566.8254730175
 31
0.0
  0
LINE
  5
5F6
330
1F
100
AcDbEntity
  8
TASLAK_DUVAR
100
AcDbLine
 10
566456.9457153738
 20
4178566.65600623
 30
0.0
 11
566456.8220472597
 21
4178568.7022726345
 31
0.0
  0
LINE
  5
5F7
330
1F
100
AcDbEntity
  8
TASLAK_DUVAR
100
AcDbLine
 10
566457.0455333679
 20
4178566.662036824
 30
0.0
 11
566456.9218652537
 21
4178568.7083032285
 31
0.0
  0
LINE
  5
5F8
330
1F
100
AcDbEntity
  8
TASLAK_DUVAR
100
AcDbLine
 10
566458.4624528246
 20
4178561.2476873742
 30
0.0
 11
566458.3478335968
 21
4178563.1442269683
 31
0.0
  0
LINE
  5
5F9
330
1F
100
AcDbEntity
  8
TASLAK_DUVAR
100
AcDbLine
 10
566458.5622708186
 20
4178561.2537179682
 30
0.0
 11
566458.4476515908
 21
4178563.1502575623
 31
0.0
  0
TEXT
  5
5FA
330
1F
100
AcDbEntity
  8
TASLAK_MEKAN
100
AcDbText
 10
566457.6325162721
 20
4178567.7243688884
 30
0.0
 40
0.26
  1
ANTRE\P2.9 m2
 72
1
 11
566457.6325162721
 21
4178567.7243688884
 31
0.0
100
AcDbText
 73
2
  0
TEXT
  5
5FB
330
1F
100
AcDbEntity
  8
TASLAK_MEKAN
100
AcDbText
 10
566459.4231080039
 20
4178567.8325491017
 30
0.0
 40
0.26
  1
BANYO/WC\P4.5 m2
 72
1
 11
566459.4231080039
 21
4178567.8325491017
 31
0.0
100
AcDbText
 73
2
  0
TEXT
  5
5FC
330
1F
100
AcDbEntity
  8
TASLAK_MEKAN
100
AcDbText
 10
566458.9518090247
 20
4178564.027229228
 30
0.0
 40
0.26
  1
MUTFAK + SALON\P19.7 m2
 72
1
 11
566458.9518090247
 21
4178564.027229228
 31
0.0
100
AcDbText
 73
2
  0
LINE
  5
5FD
330
1F
100
AcDbEntity
  8
TASLAK_MERDIVEN
100
AcDbLine
 10
566460.8868796104
 20
4178561.744799486
 30
0.0
 11
566461.9349685478
 21
4178561.808120724
 31
0.0
  0
LINE
  5
5FE
330
1F
100
AcDbEntity
  8
TASLAK_MERDIVEN
100
AcDbLine
 10
566460.8699885446
 20
4178562.0242864075
 30
0.0
 11
566461.918077482
 21
4178562.0876076454
 31
0.0
  0
LINE
  5
5FF
330
1F
100
AcDbEntity
  8
TASLAK_MERDIVEN
100
AcDbLine
 10
566460.8530974787
 20
4178562.3037733296
 30
0.0
 11
566461.9011864162
 21
4178562.3670945675
 31
0.0
  0
LINE
  5
600
330
1F
100
AcDbEntity
  8
TASLAK_MERDIVEN
100
AcDbLine
 10
566460.8362064129
 20
4178562.5832602517
 30
0.0
 11
566461.8842953503
 21
4178562.6465814896
 31
0.0
  0
LINE
  5
601
330
1F
100
AcDbEntity
  8
TASLAK_MERDIVEN
100
AcDbLine
 10
566460.819315347
 20
4178562.8627471738
 30
0.0
 11
566461.8674042844
 21
4178562.9260684117
 31
0.0
  0
LINE
  5
602
330
1F
100
AcDbEntity
  8
TASLAK_MERDIVEN
100
AcDbLine
 10
566460.8024242813
 20
4178563.1422340954
 30
0.0
 11
566461.8505132187
 21
4178563.2055553333
 31
0.0
  0
LINE
  5
603
330
1F
100
AcDbEntity
  8
TASLAK_MERDIVEN
100
AcDbLine
 10
566460.7855332154
 20
4178563.4217210175
 30
0.0
 11
566461.8336221528
 21
4178563.4850422554
 31
0.0
  0
LINE
  5
604
330
1F
100
AcDbEntity
  8
TASLAK_MERDIVEN
100
AcDbLine
 10
566460.7686421495
 20
4178563.7012079395
 30
0.0
 11
566461.8167310869
 21
4178563.7645291775
 31
0.0
  0
LINE
  5
605
330
1F
100
AcDbEntity
  8
TASLAK_MERDIVEN
100
AcDbLine
 10
566460.7517510836
 20
4178563.980694861
 30
0.0
 11
566461.7998400211
 21
4178564.044016099
 31
0.0
  0
LINE
  5
606
330
1F
100
AcDbEntity
  8
TASLAK_MERDIVEN
100
AcDbLine
 10
566460.7348600178
 20
4178564.2601817832
 30
0.0
 11
566461.7829489552
 21
4178564.323503021
 31
0.0
  0
LINE
  5
607
330
1F
100
AcDbEntity
  8
TASLAK_MERDIVEN
100
AcDbLine
 10
566460.717968952
 20
4178564.5396687053
 30
0.0
 11
566461.7660578894
 21
4178564.602989943
 31
0.0
  0
LINE
  5
608
330
1F
100
AcDbEntity
  8
TASLAK_MERDIVEN
100
AcDbLine
 10
566460.7010778862
 20
4178564.8191556274
 30
0.0
 11
566461.7491668236
 21
4178564.8824768653
 31
0.0
  0
LINE
  5
609
330
1F
100
AcDbEntity
  8
TASLAK_MERDIVEN
100
AcDbLine
 10
566460.6841868203
 20
4178565.098642549
 30
0.0
 11
566461.7322757577
 21
4178565.161963787
 31
0.0
  0
LINE
  5
60A
330
1F
100
AcDbEntity
  8
TASLAK_MERDIVEN
100
AcDbLine
 10
566460.6672957544
 20
4178565.378129471
 30
0.0
 11
566461.7153846918
 21
4178565.441450709
 31
0.0
  0
LINE
  5
60B
330
1F
100
AcDbEntity
  8
TASLAK_MERDIVEN
100
AcDbLine
 10
566460.6504046887
 20
4178565.657616393
 30
0.0
 11
566461.6984936261
 21
4178565.720937631
 31
0.0
  0
LINE
  5
60C
330
1F
100
AcDbEntity
  8
TASLAK_MERDIVEN
100
AcDbLine
 10
566460.6335136228
 20
4178565.937103315
 30
0.0
 11
566461.6816025602
 21
4178566.0004245527
 31
0.0
  0
LINE
  5
60D
330
1F
100
AcDbEntity
  8
TASLAK_MERDIVEN
100
AcDbLine
 10
566460.6166225569
 20
4178566.216590237
 30
0.0
 11
566461.6647114943
 21
4178566.279911475
 31
0.0
  0
LINE
  5
60E
330
1F
100
AcDbEntity
  8
TASLAK_MERDIVEN
100
AcDbLine
 10
566460.5997314911
 20
4178566.496077159
 30
0.0
 11
566461.6478204285
 21
4178566.559398397
 31
0.0
  0
LINE
  5
60F
330
1F
100
AcDbEntity
  8
TASLAK_MERDIVEN
100
AcDbLine
 10
566460.5828404252
 20
4178566.775564081
 30
0.0
 11
566461.6309293626
 21
4178566.838885319
 31
0.0
  0
LINE
  5
610
330
1F
100
AcDbEntity
  8
TASLAK_MERDIVEN
100
AcDbLine
 10
566461.410924079
 20
4178561.7764601046
 30
0.0
 11
566461.1068848938
 21
4178566.8072246998
 31
0.0
  0
LINE
  5
611
330
1F
100
AcDbEntity
  8
TASLAK_OK
100
AcDbLine
 10
566461.3898100108
 20
4178562.1258226614
 30
0.0
 11
566461.1159337803
 21
4178566.6574978894
 31
0.0
  0
LINE
  5
612
330
1F
100
AcDbEntity
  8
TASLAK_OK
100
AcDbLine
 10
566460.8466427529
 20
4178566.1403167406
 30
0.0
 11
566461.1159337803
 21
4178566.6574978894
 31
0.0
  0
LINE
  5
613
330
1F
100
AcDbEntity
  8
TASLAK_OK
100
AcDbLine
 10
566461.4455507171
 20
4178566.176500305
 30
0.0
 11
566461.1159337803
 21
4178566.6574978894
 31
0.0
  0
TEXT
  5
614
330
1F
100
AcDbEntity
  8
TASLAK_OK
100
AcDbText
 10
566461.2420134207
 20
4178564.571329324
 30
0.0
 40
0.22
  1
CIKIS
 50
93.45851988422666
 72
1
 11
566461.2420134207
 21
4178564.571329324
 31
0.0
100
AcDbText
 73
2
  0
LINE
  5
615
330
1F
100
AcDbEntity
  8
TASLAK_PENCERE
100
AcDbLine
 10
566462.1165067632
 20
4178562.1196355317
 30
0.0
 11
566461.8486631236
 21
4178566.5514928866
 31
0.0
  0
LINE
  5
616
330
1F
100
AcDbEntity
  8
TASLAK_PENCERE
100
AcDbLine
 10
566462.2762153606
 20
4178562.1292876774
 30
0.0
 11
566461.9567981657
 21
4178562.109983386
 31
0.0
  0
LINE
  5
617
330
1F
100
AcDbEntity
  8
TASLAK_PENCERE
100
AcDbLine
 10
566462.008371721
 20
4178566.5611450323
 30
0.0
 11
566461.6889545261
 21
4178566.541840741
 31
0.0
  0
LINE
  5
618
330
1F
100
AcDbEntity
  8
TASLAK_PENCERE
100
AcDbLine
 10
566462.0366524644
 20
4178562.114809459
 30
0.0
 11
566461.7688088248
 21
4178566.546666814
 31
0.0
  0
LINE
  5
619
330
1F
100
AcDbEntity
  8
TASLAK_PENCERE
100
AcDbLine
 10
566458.1374193494
 20
4178561.027685508
 30
0.0
 11
566458.3247910154
 21
4178561.039005736
 31
0.0
  0
LINE
  5
61A
330
1F
100
AcDbEntity
  8
TASLAK_PENCERE
100
AcDbLine
 10
566458.1470682997
 20
4178560.8679767177
 30
0.0
 11
566458.1277703991
 21
4178561.1873942986
 31
0.0
  0
LINE
  5
61B
330
1F
100
AcDbEntity
  8
TASLAK_PENCERE
100
AcDbLine
 10
566458.3344399657
 20
4178560.8792969454
 30
0.0
 11
566458.315142065
 21
4178561.1987145264
 31
0.0
  0
LINE
  5
61C
330
1F
100
AcDbEntity
  8
TASLAK_PENCERE
100
AcDbLine
 10
566458.1325948742
 20
4178561.1075399034
 30
0.0
 11
566458.3199665402
 21
4178561.118860131
 31
0.0
  0
LINE
  5
61D
330
1F
100
AcDbEntity
  8
TASLAK_PENCERE
100
AcDbLine
 10
566458.7240629916
 20
4178561.0631281123
 30
0.0
 11
566460.5207868844
 21
4178561.1716788057
 31
0.0
  0
LINE
  5
61E
330
1F
100
AcDbEntity
  8
TASLAK_PENCERE
100
AcDbLine
 10
566458.7337119421
 20
4178560.903419322
 30
0.0
 11
566458.714414041
 21
4178561.222836903
 31
0.0
  0
LINE
  5
61F
330
1F
100
AcDbEntity
  8
TASLAK_PENCERE
100
AcDbLine
 10
566460.5304358349
 20
4178561.0119700152
 30
0.0
 11
566460.5111379338
 21
4178561.331387596
 31
0.0
  0
LINE
  5
620
330
1F
100
AcDbEntity
  8
TASLAK_PENCERE
100
AcDbLine
 10
566458.7192385163
 20
4178561.1429825076
 30
0.0
 11
566460.5159624091
 21
4178561.251533201
 31
0.0
  0
LINE
  5
621
330
1F
100
AcDbEntity
  8
TASLAK_PENCERE
100
AcDbLine
 10
566457.0789134997
 20
4178561.965558301
 30
0.0
 11
566456.8382165193
 21
4178565.9482352254
 31
0.0
  0
LINE
  5
622
330
1F
100
AcDbEntity
  8
TASLAK_PENCERE
100
AcDbLine
 10
566457.2386220972
 20
4178561.975210447
 30
0.0
 11
566456.9192049023
 21
4178561.9559061555
 31
0.0
  0
LINE
  5
623
330
1F
100
AcDbEntity
  8
TASLAK_PENCERE
100
AcDbLine
 10
566456.9979251168
 20
4178565.957887371
 30
0.0
 11
566456.6785079219
 21
4178565.9385830797
 31
0.0
  0
LINE
  5
624
330
1F
100
AcDbEntity
  8
TASLAK_PENCERE
100
AcDbLine
 10
566456.999059201
 20
4178561.9607322286
 30
0.0
 11
566456.7583622206
 21
4178565.943409153
 31
0.0
  0
LINE
  5
625
330
1F
100
AcDbEntity
  8
TASLAK_PENCERE
100
AcDbLine
 10
566457.259163051
 20
4178568.929046055
 30
0.0
 11
566457.9578890093
 21
4178568.9712602133
 31
0.0
  0
LINE
  5
626
330
1F
100
AcDbEntity
  8
TASLAK_PENCERE
100
AcDbLine
 10
566457.2688120016
 20
4178568.7693372644
 30
0.0
 11
566457.2495141005
 21
4178569.0887548453
 31
0.0
  0
LINE
  5
627
330
1F
100
AcDbEntity
  8
TASLAK_PENCERE
100
AcDbLine
 10
566457.9675379598
 20
4178568.811551423
 30
0.0
 11
566457.9482400587
 21
4178569.130969004
 31
0.0
  0
LINE
  5
628
330
1F
100
AcDbEntity
  8
TASLAK_PENCERE
100
AcDbLine
 10
566457.2543385758
 20
4178569.00890045
 30
0.0
 11
566457.953064534
 21
4178569.0511146085
 31
0.0
  0
LINE
  5
629
330
1F
100
AcDbEntity
  8
TASLAK_PENCERE
100
AcDbLine
 10
566458.6566149676
 20
4178569.0134743717
 30
0.0
 11
566460.0418025621
 21
4178569.097161729
 31
0.0
  0
LINE
  5
62A
330
1F
100
AcDbEntity
  8
TASLAK_PENCERE
100
AcDbLine
 10
566458.6662639182
 20
4178568.8537655813
 30
0.0
 11
566458.6469660171
 21
4178569.173183162
 31
0.0
  0
LINE
  5
62B
330
1F
100
AcDbEntity
  8
TASLAK_PENCERE
100
AcDbLine
 10
566460.0514515126
 20
4178568.9374529384
 30
0.0
 11
566460.0321536115
 21
4178569.2568705194
 31
0.0
  0
LINE
  5
62C
330
1F
100
AcDbEntity
  8
TASLAK_PENCERE
100
AcDbLine
 10
566458.6517904924
 20
4178569.093328767
 30
0.0
 11
566460.0369780868
 21
4178569.177016124
 31
0.0
  0
LINE
  5
62D
330
1F
100
AcDbEntity
  8
TASLAK_PENCERE
100
AcDbLine
 10
566457.042717954
 20
4178562.5644655414
 30
0.0
 11
566456.8201187465
 21
4178566.2476888457
 31
0.0
  0
LINE
  5
62E
330
1F
100
AcDbEntity
  8
TASLAK_PENCERE
100
AcDbLine
 10
566457.2024265515
 20
4178562.574117687
 30
0.0
 11
566456.8830093566
 21
4178562.5548133957
 31
0.0
  0
LINE
  5
62F
330
1F
100
AcDbEntity
  8
TASLAK_PENCERE
100
AcDbLine
 10
566456.979827344
 20
4178566.2573409914
 30
0.0
 11
566456.660410149
 21
4178566.2380367
 31
0.0
  0
LINE
  5
630
330
1F
100
AcDbEntity
  8
TASLAK_PENCERE
100
AcDbLine
 10
566456.9628636553
 20
4178562.559639469
 30
0.0
 11
566456.7402644478
 21
4178566.242862773
 31
0.0
  0
LINE
  5
631
330
1F
100
AcDbEntity
  8
TASLAK_KAPI
100
AcDbLine
 10
566457.159345057
 20
4178568.923015461
 30
0.0
 11
566458.0577070033
 21
4178568.9772908073
 31
0.0
  0
ARC
  5
632
330
1F
100
AcDbEntity
  8
TASLAK_KAPI
100
AcDbCircle
 10
566457.159345057
 20
4178568.923015461
 30
0.0
 40
0.8999999999244529
100
AcDbArc
 50
0.0
 51
90.0
  0
LINE
  5
633
330
1F
100
AcDbEntity
  8
TASLAK_KAPI
100
AcDbLine
 10
566458.3659296283
 20
4178567.1926302747
 30
0.0
 11
566458.3146526053
 21
4178568.0410821987
 31
0.0
  0
ARC
  5
634
330
1F
100
AcDbEntity
  8
TASLAK_KAPI
100
AcDbCircle
 10
566458.3659296283
 20
4178567.1926302747
 30
0.0
 40
0.8500000002912481
100
AcDbArc
 50
0.0
 51
90.0
  0
LINE
  5
635
330
1F
100
AcDbEntity
  8
TASLAK_KAPI
100
AcDbLine
 10
566457.4847325417
 20
4178566.688571438
 30
0.0
 11
566458.3830944881
 21
4178566.742846785
 31
0.0
  0
ARC
  5
636
330
1F
100
AcDbEntity
  8
TASLAK_KAPI
100
AcDbCircle
 10
566457.4847325417
 20
4178566.688571438
 30
0.0
 40
0.899999999952535
100
AcDbArc
 50
0.0
 51
90.0
  0
LWPOLYLINE
  5
637
330
1F
100
AcDbEntity
  8
TASLAK_ASMAKAT
  6
KESIKLI
100
AcDbPolyline
 90
4
 70
1
 10
566458.2646642462
 20
4178562.2375611765
 10
566460.8476677693
 20
4178562.3936156626
 10
566460.5768078343
 20
4178566.875381954
 10
566457.9938043113
 20
4178566.719327468
  0
TEXT
  5
638
330
1F
100
AcDbEntity
  8
TASLAK_ASMAKAT
100
AcDbText
 10
566459.4207360403
 20
4178564.5564715657
 30
0.0
 40
0.2
  1
ASMA KAT (YATAK ODASI)
 50
3.4573736831760415
 72
1
 11
566459.4207360403
 21
4178564.5564715657
 31
0.0
100
AcDbText
 73
2
  0
LINE
  5
639
330
1F
100
AcDbEntity
  8
TASLAK_GIRIS
100
AcDbLine
 10
566459.1745272753
 20
4178569.044764511
 30
0.0
 11
566459.0961035931
 21
4178570.3423968647
 31
0.0
  0
LINE
  5
63A
330
1F
100
AcDbEntity
  8
TASLAK_GIRIS
100
AcDbLine
 10
566458.8237962702
 20
4178569.875124652
 30
0.0
 11
566459.1745272753
 21
4178569.044764511
 31
0.0
  0
LINE
  5
63B
330
1F
100
AcDbEntity
  8
TASLAK_GIRIS
100
AcDbLine
 10
566459.4227042345
 20
4178569.911308217
 30
0.0
 11
566459.1745272753
 21
4178569.044764511
 31
0.0
  0
TEXT
  5
63C
330
1F
100
AcDbEntity
  8
TASLAK_GIRIS
100
AcDbText
 10
566459.0719732294
 20
4178570.7416683584
 30
0.0
 40
0.24
  1
GIRIS
 50
3.4573736831760415
 72
1
 11
566459.0719732294
 21
4178570.7416683584
 31
0.0
100
AcDbText
 73
2
  0
LWPOLYLINE
  5
63D
330
1F
100
AcDbEntity
  8
TASLAK_DUVAR
100
AcDbPolyline
 90
4
 70
1
 10
566461.9905180426
 20
4178564.205891101
 10
566469.975902494
 20
4178564.6883662064
 10
566469.6742673084
 20
4178569.6792008304
 10
566461.688882857
 20
4178569.196725725
  0
LWPOLYLINE
  5
63E
330
1F
100
AcDbEntity
  8
TASLAK_DUVAR
100
AcDbPolyline
 90
4
 70
1
 10
566462.1780884353
 20
4178564.417588784
 10
566469.7642010037
 20
4178564.8759399727
 10
566469.4866969157
 20
4178569.4675031477
 10
566461.9005843473
 20
4178569.009151959
  0
LINE
  5
63F
330
1F
100
AcDbEntity
  8
TASLAK_DUVAR
100
AcDbLine
 10
566462.057436482
 20
4178566.413887539
 30
0.0
 11
566469.6435490504
 21
4178566.8722387278
 31
0.0
  0
LINE
  5
640
330
1F
100
AcDbEntity
  8
TASLAK_DUVAR
100
AcDbLine
 10
566462.0634692565
 20
4178566.3140696767
 30
0.0
 11
566469.6495818249
 21
4178566.7724208655
 31
0.0
  0
LINE
  5
641
330
1F
100
AcDbEntity
  8
TASLAK_DUVAR
100
AcDbLine
 10
566467.3186607193
 20
4178564.7281809873
 30
0.0
 11
566467.2040380054
 21
4178566.624720371
 31
0.0
  0
LINE
  5
642
330
1F
100
AcDbEntity
  8
TASLAK_DUVAR
100
AcDbLine
 10
566467.4184786902
 20
4178564.7342119664
 30
0.0
 11
566467.3038559763
 21
4178566.63075135
 31
0.0
  0
LINE
  5
643
330
1F
100
AcDbEntity
  8
TASLAK_DUVAR
100
AcDbLine
 10
566463.3580864896
 20
4178566.442381335
 30
0.0
 11
566463.1982179676
 21
4178569.087554686
 31
0.0
  0
LINE
  5
644
330
1F
100
AcDbEntity
  8
TASLAK_DUVAR
100
AcDbLine
 10
566463.4579044604
 20
4178566.448412314
 30
0.0
 11
566463.2980359384
 21
4178569.093585665
 31
0.0
  0
LINE
  5
645
330
1F
100
AcDbEntity
  8
TASLAK_DUVAR
100
AcDbLine
 10
566465.2546279345
 20
4178566.556969936
 30
0.0
 11
566465.0947594126
 21
4178569.202143287
 31
0.0
  0
LINE
  5
646
330
1F
100
AcDbEntity
  8
TASLAK_DUVAR
100
AcDbLine
 10
566465.3544459053
 20
4178566.563000915
 30
0.0
 11
566465.1945773833
 21
4178569.208174266
 31
0.0
  0
TEXT
  5
647
330
1F
100
AcDbEntity
  8
TASLAK_MEKAN
100
AcDbText
 10
566465.9123269366
 20
4178565.6199592897
 30
0.0
 40
0.26
  1
MUTFAK + SALON\P14.8 m2
 72
1
 11
566465.9123269366
 21
4178565.6199592897
 31
0.0
100
AcDbText
 73
2
  0
TEXT
  5
648
330
1F
100
AcDbEntity
  8
TASLAK_MEKAN
100
AcDbText
 10
566462.6542899112
 20
4178567.727274392
 30
0.0
 40
0.26
  1
ANTRE\P3.6 m2
 72
1
 11
566462.6542899112
 21
4178567.727274392
 31
0.0
100
AcDbText
 73
2
  0
TEXT
  5
649
330
1F
100
AcDbEntity
  8
TASLAK_MEKAN
100
AcDbText
 10
566464.2763319364
 20
4178567.8252777997
 30
0.0
 40
0.26
  1
BANYO/WC\P5.0 m2
 72
1
 11
566464.2763319364
 21
4178567.8252777997
 31
0.0
100
AcDbText
 73
2
  0
CIRCLE
  5
64A
330
1F
100
AcDbEntity
  8
TASLAK_MERDIVEN
100
AcDbCircle
 10
566468.5019523537
 20
4178568.356090314
 30
0.0
 40
0.85
  0
LINE
  5
64B
330
1F
100
AcDbEntity
  8
TASLAK_MERDIVEN
100
AcDbLine
 10
566468.5019523537
 20
4178568.356090314
 30
0.0
 11
566469.3504051054
 21
4178568.407353636
 31
0.0
  0
LINE
  5
64C
330
1F
100
AcDbEntity
  8
TASLAK_MERDIVEN
100
AcDbLine
 10
566468.5019523537
 20
4178568.356090314
 30
0.0
 11
566469.2110946993
 21
4178568.8247115677
 31
0.0
  0
LINE
  5
64D
330
1F
100
AcDbEntity
  8
TASLAK_MERDIVEN
100
AcDbLine
 10
566468.5019523537
 20
4178568.356090314
 30
0.0
 11
566468.8817701745
 21
4178569.116502813
 31
0.0
  0
LINE
  5
64E
330
1F
100
AcDbEntity
  8
TASLAK_MERDIVEN
100
AcDbLine
 10
566468.5019523537
 20
4178568.356090314
 30
0.0
 11
566468.4506737712
 21
4178569.2045421437
 31
0.0
  0
LINE
  5
64F
330
1F
100
AcDbEntity
  8
TASLAK_MERDIVEN
100
AcDbLine
 10
566468.5019523537
 20
4178568.356090314
 30
0.0
 11
566468.0333174227
 21
4178569.065239492
 31
0.0
  0
LINE
  5
650
330
1F
100
AcDbEntity
  8
TASLAK_MERDIVEN
100
AcDbLine
 10
566468.5019523537
 20
4178568.356090314
 30
0.0
 11
566467.7415314256
 21
4178568.7359208902
 31
0.0
  0
LINE
  5
651
330
1F
100
AcDbEntity
  8
TASLAK_MERDIVEN
100
AcDbLine
 10
566468.5019523537
 20
4178568.356090314
 30
0.0
 11
566467.653499602
 21
4178568.3048269926
 31
0.0
  0
LINE
  5
652
330
1F
100
AcDbEntity
  8
TASLAK_MERDIVEN
100
AcDbLine
 10
566468.5019523537
 20
4178568.356090314
 30
0.0
 11
566467.7928100082
 21
4178567.8874690607
 31
0.0
  0
LINE
  5
653
330
1F
100
AcDbEntity
  8
TASLAK_MERDIVEN
100
AcDbLine
 10
566468.5019523537
 20
4178568.356090314
 30
0.0
 11
566468.122134533
 21
4178567.5956778154
 31
0.0
  0
LINE
  5
654
330
1F
100
AcDbEntity
  8
TASLAK_MERDIVEN
100
AcDbLine
 10
566468.5019523537
 20
4178568.356090314
 30
0.0
 11
566468.5532309363
 21
4178567.5076384847
 31
0.0
  0
LINE
  5
655
330
1F
100
AcDbEntity
  8
TASLAK_MERDIVEN
100
AcDbLine
 10
566468.5019523537
 20
4178568.356090314
 30
0.0
 11
566468.9705872848
 21
4178567.6469411366
 31
0.0
  0
LINE
  5
656
330
1F
100
AcDbEntity
  8
TASLAK_MERDIVEN
100
AcDbLine
 10
566468.5019523537
 20
4178568.356090314
 30
0.0
 11
566469.2623732819
 21
4178567.976259738
 31
0.0
  0
CIRCLE
  5
657
330
1F
100
AcDbEntity
  8
TASLAK_MERDIVEN
100
AcDbCircle
 10
566468.5019523537
 20
4178568.356090314
 30
0.0
 40
0.09
  0
LINE
  5
658
330
1F
100
AcDbEntity
  8
TASLAK_OK
100
AcDbLine
 10
566468.0635065607
 20
4178567.861246981
 30
0.0
 11
566468.9403981469
 21
4178568.8509336472
 31
0.0
  0
LINE
  5
659
330
1F
100
AcDbEntity
  8
TASLAK_OK
100
AcDbLine
 10
566468.6347223247
 20
4178568.9772282955
 30
0.0
 11
566468.9403981469
 21
4178568.8509336472
 31
0.0
  0
LINE
  5
65A
330
1F
100
AcDbEntity
  8
TASLAK_OK
100
AcDbLine
 10
566469.1025826185
 20
4178568.5626902715
 30
0.0
 11
566468.9403981469
 21
4178568.8509336472
 31
0.0
  0
TEXT
  5
65B
330
1F
100
AcDbEntity
  8
TASLAK_OK
100
AcDbText
 10
566468.0777259779
 20
4178568.3304586536
 30
0.0
 40
0.22
  1
CIKIS
 50
93.4586252015149
 72
1
 11
566468.0777259779
 21
4178568.3304586536
 31
0.0
100
AcDbText
 73
2
  0
LINE
  5
65C
330
1F
100
AcDbEntity
  8
TASLAK_PENCERE
100
AcDbLine
 10
566462.9886977505
 20
4178564.266200891
 30
0.0
 11
566467.180999312
 21
4178564.5194987943
 31
0.0
  0
LINE
  5
65D
330
1F
100
AcDbEntity
  8
TASLAK_PENCERE
100
AcDbLine
 10
566462.9983473169
 20
4178564.106492138
 30
0.0
 11
566462.9790481841
 21
4178564.4259096445
 31
0.0
  0
LINE
  5
65E
330
1F
100
AcDbEntity
  8
TASLAK_PENCERE
100
AcDbLine
 10
566467.1906488783
 20
4178564.359790041
 30
0.0
 11
566467.1713497456
 21
4178564.6792075476
 31
0.0
  0
LINE
  5
65F
330
1F
100
AcDbEntity
  8
TASLAK_PENCERE
100
AcDbLine
 10
566462.9838729673
 20
4178564.346055268
 30
0.0
 11
566467.1761745288
 21
4178564.599353171
 31
0.0
  0
LINE
  5
660
330
1F
100
AcDbEntity
  8
TASLAK_PENCERE
100
AcDbLine
 10
566467.5802711952
 20
4178564.5436227103
 30
0.0
 11
566469.3769946693
 21
4178564.652180332
 31
0.0
  0
LINE
  5
661
330
1F
100
AcDbEntity
  8
TASLAK_PENCERE
100
AcDbLine
 10
566467.5899207615
 20
4178564.383913957
 30
0.0
 11
566467.5706216288
 21
4178564.7033314635
 31
0.0
  0
LINE
  5
662
330
1F
100
AcDbEntity
  8
TASLAK_PENCERE
100
AcDbLine
 10
566469.3866442357
 20
4178564.492471579
 30
0.0
 11
566469.367345103
 21
4178564.8118890855
 31
0.0
  0
LINE
  5
663
330
1F
100
AcDbEntity
  8
TASLAK_PENCERE
100
AcDbLine
 10
566467.575446412
 20
4178564.623477087
 30
0.0
 11
566469.3721698861
 21
4178564.732034709
 31
0.0
  0
LINE
  5
664
330
1F
100
AcDbEntity
  8
TASLAK_PENCERE
100
AcDbLine
 10
566461.9301902985
 20
4178565.2040697243
 30
0.0
 11
566461.8970135743
 21
4178565.7530094762
 31
0.0
  0
LINE
  5
665
330
1F
100
AcDbEntity
  8
TASLAK_PENCERE
100
AcDbLine
 10
566462.0898988781
 20
4178565.2137221633
 30
0.0
 11
566461.7704817188
 21
4178565.1944172853
 31
0.0
  0
LINE
  5
666
330
1F
100
AcDbEntity
  8
TASLAK_PENCERE
100
AcDbLine
 10
566462.0567221539
 20
4178565.7626619153
 30
0.0
 11
566461.7373049946
 21
4178565.743357037
 31
0.0
  0
LINE
  5
667
330
1F
100
AcDbEntity
  8
TASLAK_PENCERE
100
AcDbLine
 10
566461.8503360086
 20
4178565.1992435046
 30
0.0
 11
566461.8171592844
 21
4178565.7481832565
 31
0.0
  0
LINE
  5
668
330
1F
100
AcDbEntity
  8
TASLAK_PENCERE
100
AcDbLine
 10
566462.2877906817
 20
4178569.2329115993
 30
0.0
 11
566462.9366074918
 21
4178569.272112963
 31
0.0
  0
LINE
  5
669
330
1F
100
AcDbEntity
  8
TASLAK_PENCERE
100
AcDbLine
 10
566462.2974402481
 20
4178569.073202846
 30
0.0
 11
566462.2781411153
 21
4178569.3926203526
 31
0.0
  0
LINE
  5
66A
330
1F
100
AcDbEntity
  8
TASLAK_PENCERE
100
AcDbLine
 10
566462.9462570582
 20
4178569.1124042096
 30
0.0
 11
566462.9269579254
 21
4178569.431821716
 31
0.0
  0
LINE
  5
66B
330
1F
100
AcDbEntity
  8
TASLAK_PENCERE
100
AcDbLine
 10
566462.2829658985
 20
4178569.312765976
 30
0.0
 11
566462.9317827086
 21
4178569.3519673394
 31
0.0
  0
LINE
  5
66C
330
1F
100
AcDbEntity
  8
TASLAK_PENCERE
100
AcDbLine
 10
566463.5854243019
 20
4178569.3113143262
 30
0.0
 11
566464.7832399514
 21
4178569.3836860745
 31
0.0
  0
LINE
  5
66D
330
1F
100
AcDbEntity
  8
TASLAK_PENCERE
100
AcDbLine
 10
566463.5950738684
 20
4178569.151605573
 30
0.0
 11
566463.5757747354
 21
4178569.4710230795
 31
0.0
  0
LINE
  5
66E
330
1F
100
AcDbEntity
  8
TASLAK_PENCERE
100
AcDbLine
 10
566464.7928895178
 20
4178569.2239773213
 30
0.0
 11
566464.7735903849
 21
4178569.5433948277
 31
0.0
  0
LINE
  5
66F
330
1F
100
AcDbEntity
  8
TASLAK_PENCERE
100
AcDbLine
 10
566463.5805995187
 20
4178569.391168703
 30
0.0
 11
566464.7784151682
 21
4178569.463540451
 31
0.0
  0
LINE
  5
670
330
1F
100
AcDbEntity
  8
TASLAK_PENCERE
100
AcDbLine
 10
566465.5318747323
 20
4178569.4289184166
 30
0.0
 11
566469.0753594837
 21
4178569.6430149563
 31
0.0
  0
LINE
  5
671
330
1F
100
AcDbEntity
  8
TASLAK_PENCERE
100
AcDbLine
 10
566465.5415242987
 20
4178569.2692096634
 30
0.0
 11
566465.522225166
 21
4178569.58862717
 31
0.0
  0
LINE
  5
672
330
1F
100
AcDbEntity
  8
TASLAK_PENCERE
100
AcDbLine
 10
566469.0850090501
 20
4178569.483306203
 30
0.0
 11
566469.0657099173
 21
4178569.8027237095
 31
0.0
  0
LINE
  5
673
330
1F
100
AcDbEntity
  8
TASLAK_PENCERE
100
AcDbLine
 10
566465.5270499492
 20
4178569.508772793
 30
0.0
 11
566469.0705347005
 21
4178569.722869333
 31
0.0
  0
LINE
  5
674
330
1F
100
AcDbEntity
  8
TASLAK_KAPI
100
AcDbLine
 10
566462.1879727109
 20
4178569.2268806202
 30
0.0
 11
566463.086334448
 21
4178569.281159431
 31
0.0
  0
ARC
  5
675
330
1F
100
AcDbEntity
  8
TASLAK_KAPI
100
AcDbCircle
 10
566462.1879727109
 20
4178569.2268806202
 30
0.0
 40
0.8999999999284978
100
AcDbArc
 50
0.0
 51
90.0
  0
LINE
  5
676
330
1F
100
AcDbEntity
  8
TASLAK_KAPI
100
AcDbLine
 10
566463.3808479902
 20
4178566.8945772047
 30
0.0
 11
566463.3325857949
 21
4178567.693120103
 31
0.0
  0
ARC
  5
677
330
1F
100
AcDbEntity
  8
TASLAK_KAPI
100
AcDbCircle
 10
566463.3808479902
 20
4178566.8945772047
 30
0.0
 40
0.7999999997996609
100
AcDbArc
 50
0.0
 51
90.0
  0
LINE
  5
678
330
1F
100
AcDbEntity
  8
TASLAK_KAPI
100
AcDbLine
 10
566462.5320927813
 20
4178566.392474984
 30
0.0
 11
566463.4304545184
 21
4178566.446753795
 31
0.0
  0
ARC
  5
679
330
1F
100
AcDbEntity
  8
TASLAK_KAPI
100
AcDbCircle
 10
566462.5320927813
 20
4178566.392474984
 30
0.0
 40
0.9000000000447013
100
AcDbArc
 50
0.0
 51
90.0
  0
LWPOLYLINE
  5
67A
330
1F
100
AcDbEntity
  8
TASLAK_ASMAKAT
  6
KESIKLI
100
AcDbPolyline
 90
4
 70
1
 10
566462.0593426824
 20
4178566.382347684
 10
566469.6454552507
 20
4178566.8406988727
 10
566469.4866969157
 20
4178569.4675031477
 10
566461.9005843473
 20
4178569.009151959
  0
TEXT
  5
67B
330
1F
100
AcDbEntity
  8
TASLAK_ASMAKAT
100
AcDbText
 10
566465.773019799
 20
4178567.9249254162
 30
0.0
 40
0.2
  1
ASMA KAT (YATAK ODASI)
 50
3.45759463082457
 72
1
 11
566465.773019799
 21
4178567.9249254162
 31
0.0
100
AcDbText
 73
2
  0
LINE
  5
67C
330
1F
100
AcDbEntity
  8
TASLAK_GIRIS
100
AcDbLine
 10
566465.6815750827
 20
4178569.4379632776
 30
0.0
 11
566465.6031490153
 21
4178570.7355954875
 31
0.0
  0
LINE
  5
67D
330
1F
100
AcDbEntity
  8
TASLAK_GIRIS
100
AcDbLine
 10
566465.3308425877
 20
4178570.2683221702
 30
0.0
 11
566465.6815750827
 21
4178569.4379632776
 31
0.0
  0
LINE
  5
67E
330
1F
100
AcDbEntity
  8
TASLAK_GIRIS
100
AcDbLine
 10
566465.9297504126
 20
4178570.3045080444
 30
0.0
 11
566465.6815750827
 21
4178569.4379632776
 31
0.0
  0
TEXT
  5
67F
330
1F
100
AcDbEntity
  8
TASLAK_GIRIS
100
AcDbText
 10
566465.5790179177
 20
4178571.1348669366
 30
0.0
 40
0.24
  1
GIRIS
 50
3.45759463082457
 72
1
 11
566465.5790179177
 21
4178571.1348669366
 31
0.0
100
AcDbText
 73
2
  0
LWPOLYLINE
  5
680
330
1F
100
AcDbEntity
  8
TASLAK_DUVAR
100
AcDbPolyline
 90
4
 70
1
 10
566469.9759521714
 20
4178564.688427914
 10
566477.9613129573
 20
4178565.170904782
 10
566477.6597274493
 20
4178570.1618011133
 10
566469.6743666633
 20
4178569.679324245
  0
LWPOLYLINE
  5
681
330
1F
100
AcDbEntity
  8
TASLAK_DUVAR
100
AcDbPolyline
 90
4
 70
1
 10
566470.1635246878
 20
4178564.9001258044
 10
566477.7496136002
 20
4178565.358478598
 10
566477.4721549329
 20
4178569.950103223
 10
566469.8860660205
 20
4178569.4917504294
  0
LINE
  5
682
330
1F
100
AcDbEntity
  8
TASLAK_DUVAR
100
AcDbLine
 10
566470.0428904846
 20
4178566.8964843373
 30
0.0
 11
566477.628979397
 21
4178567.3548371308
 31
0.0
  0
LINE
  5
683
330
1F
100
AcDbEntity
  8
TASLAK_DUVAR
100
AcDbLine
 10
566470.0489221948
 20
4178566.7966664108
 30
0.0
 11
566477.6350111072
 21
4178567.255019204
 31
0.0
  0
LINE
  5
684
330
1F
100
AcDbEntity
  8
TASLAK_DUVAR
100
AcDbLine
 10
566475.3040733747
 20
4178565.210718638
 30
0.0
 11
566475.1894708817
 21
4178567.1072592437
 31
0.0
  0
LINE
  5
685
330
1F
100
AcDbEntity
  8
TASLAK_DUVAR
100
AcDbLine
 10
566475.4038913432
 20
4178565.2167496565
 30
0.0
 11
566475.2892888502
 21
4178567.1132902624
 31
0.0
  0
LINE
  5
686
330
1F
100
AcDbEntity
  8
TASLAK_DUVAR
100
AcDbLine
 10
566471.3435399287
 20
4178566.9249786185
 30
0.0
 11
566471.1836996095
 21
4178569.5701536736
 31
0.0
  0
LINE
  5
687
330
1F
100
AcDbEntity
  8
TASLAK_DUVAR
100
AcDbLine
 10
566471.4433578971
 20
4178566.931009637
 30
0.0
 11
566471.2835175779
 21
4178569.5761846923
 31
0.0
  0
LINE
  5
688
330
1F
100
AcDbEntity
  8
TASLAK_DUVAR
100
AcDbLine
 10
566473.240081328
 20
4178567.039567975
 30
0.0
 11
566473.0802410088
 21
4178569.68474303
 31
0.0
  0
LINE
  5
689
330
1F
100
AcDbEntity
  8
TASLAK_DUVAR
100
AcDbLine
 10
566473.3398992964
 20
4178567.045598994
 30
0.0
 11
566473.1800589772
 21
4178569.690774049
 31
0.0
  0
TEXT
  5
68A
330
1F
100
AcDbEntity
  8
TASLAK_MEKAN
100
AcDbText
 10
566473.8977599699
 20
4178566.1025269856
 30
0.0
 40
0.26
  1
MUTFAK + SALON\P14.8 m2
 72
1
 11
566473.8977599699
 21
4178566.1025269856
 31
0.0
100
AcDbText
 73
2
  0
TEXT
  5
68B
330
1F
100
AcDbEntity
  8
TASLAK_MEKAN
100
AcDbText
 10
566470.6397574666
 20
4178568.2098722784
 30
0.0
 40
0.26
  1
ANTRE\P3.6 m2
 72
1
 11
566470.6397574666
 21
4178568.2098722784
 31
0.0
100
AcDbText
 73
2
  0
TEXT
  5
68C
330
1F
100
AcDbEntity
  8
TASLAK_MEKAN
100
AcDbText
 10
566472.261799453
 20
4178568.307876334
 30
0.0
 40
0.26
  1
BANYO/WC\P5.0 m2
 72
1
 11
566472.261799453
 21
4178568.307876334
 31
0.0
100
AcDbText
 73
2
  0
CIRCLE
  5
68D
330
1F
100
AcDbEntity
  8
TASLAK_MERDIVEN
100
AcDbCircle
 10
566476.4873992215
 20
4178568.838689296
 30
0.0
 40
0.85
  0
LINE
  5
68E
330
1F
100
AcDbEntity
  8
TASLAK_MERDIVEN
100
AcDbLine
 10
566476.4873992215
 20
4178568.838689296
 30
0.0
 11
566477.3358519528
 21
4178568.8899529553
 31
0.0
  0
LINE
  5
68F
330
1F
100
AcDbEntity
  8
TASLAK_MERDIVEN
100
AcDbLine
 10
566476.4873992215
 20
4178568.838689296
 30
0.0
 11
566477.1965460725
 21
4178569.3073111153
 31
0.0
  0
LINE
  5
690
330
1F
100
AcDbEntity
  8
TASLAK_MERDIVEN
100
AcDbLine
 10
566476.4873992215
 20
4178568.838689296
 30
0.0
 11
566476.8672248662
 21
4178569.5991024375
 31
0.0
  0
LINE
  5
691
330
1F
100
AcDbEntity
  8
TASLAK_MERDIVEN
100
AcDbLine
 10
566476.4873992215
 20
4178568.838689296
 30
0.0
 11
566476.4361296851
 21
4178569.6871416722
 31
0.0
  0
LINE
  5
692
330
1F
100
AcDbEntity
  8
TASLAK_MERDIVEN
100
AcDbLine
 10
566476.4873992215
 20
4178568.838689296
 30
0.0
 11
566476.0187721349
 21
4178569.547838778
 31
0.0
  0
LINE
  5
693
330
1F
100
AcDbEntity
  8
TASLAK_MERDIVEN
100
AcDbLine
 10
566476.4873992215
 20
4178568.838689296
 30
0.0
 11
566475.726982834
 21
4178569.2185198525
 31
0.0
  0
LINE
  5
694
330
1F
100
AcDbEntity
  8
TASLAK_MERDIVEN
100
AcDbLine
 10
566476.4873992215
 20
4178568.838689296
 30
0.0
 11
566475.6389464902
 21
4178568.7874256363
 31
0.0
  0
LINE
  5
695
330
1F
100
AcDbEntity
  8
TASLAK_MERDIVEN
100
AcDbLine
 10
566476.4873992215
 20
4178568.838689296
 30
0.0
 11
566475.7782523704
 21
4178568.3700674763
 31
0.0
  0
LINE
  5
696
330
1F
100
AcDbEntity
  8
TASLAK_MERDIVEN
100
AcDbLine
 10
566476.4873992215
 20
4178568.838689296
 30
0.0
 11
566476.1075735769
 21
4178568.0782761546
 31
0.0
  0
LINE
  5
697
330
1F
100
AcDbEntity
  8
TASLAK_MERDIVEN
100
AcDbLine
 10
566476.4873992215
 20
4178568.838689296
 30
0.0
 11
566476.5386687579
 21
4178567.99023692
 31
0.0
  0
LINE
  5
698
330
1F
100
AcDbEntity
  8
TASLAK_MERDIVEN
100
AcDbLine
 10
566476.4873992215
 20
4178568.838689296
 30
0.0
 11
566476.9560263081
 21
4178568.1295398143
 31
0.0
  0
LINE
  5
699
330
1F
100
AcDbEntity
  8
TASLAK_MERDIVEN
100
AcDbLine
 10
566476.4873992215
 20
4178568.838689296
 30
0.0
 11
566477.2478156089
 21
4178568.458858739
 31
0.0
  0
CIRCLE
  5
69A
330
1F
100
AcDbEntity
  8
TASLAK_MERDIVEN
100
AcDbCircle
 10
566476.4873992215
 20
4178568.838689296
 30
0.0
 40
0.09
  0
LINE
  5
69B
330
1F
100
AcDbEntity
  8
TASLAK_OK
100
AcDbLine
 10
566476.0489484642
 20
4178568.3438454764
 30
0.0
 11
566476.9258499787
 21
4178569.3335331157
 31
0.0
  0
LINE
  5
69C
330
1F
100
AcDbEntity
  8
TASLAK_OK
100
AcDbLine
 10
566476.6201757016
 20
4178569.459827739
 30
0.0
 11
566476.9258499787
 21
4178569.3335331157
 31
0.0
  0
LINE
  5
69D
330
1F
100
AcDbEntity
  8
TASLAK_OK
100
AcDbLine
 10
566477.0880312807
 20
4178569.045289606
 30
0.0
 11
566476.9258499787
 21
4178569.3335331157
 31
0.0
  0
TEXT
  5
69E
330
1F
100
AcDbEntity
  8
TASLAK_OK
100
AcDbText
 10
566476.0631728559
 20
4178568.813057466
 30
0.0
 40
0.22
  1
CIKIS
 50
93.45801431700849
 72
1
 11
566476.0631728559
 21
4178568.813057466
 31
0.0
100
AcDbText
 73
2
  0
LINE
  5
69F
330
1F
100
AcDbEntity
  8
TASLAK_PENCERE
100
AcDbLine
 10
566470.9741318552
 20
4178564.7487381017
 30
0.0
 11
566475.1664098426
 21
4178565.0020362567
 31
0.0
  0
LINE
  5
6A0
330
1F
100
AcDbEntity
  8
TASLAK_PENCERE
100
AcDbLine
 10
566470.9837814852
 20
4178564.589029352
 30
0.0
 11
566470.9644822251
 21
4178564.908446851
 31
0.0
  0
LINE
  5
6A1
330
1F
100
AcDbEntity
  8
TASLAK_PENCERE
100
AcDbLine
 10
566475.1760594726
 20
4178564.842327507
 30
0.0
 11
566475.1567602125
 21
4178565.161745006
 31
0.0
  0
LINE
  5
6A2
330
1F
100
AcDbEntity
  8
TASLAK_PENCERE
100
AcDbLine
 10
566470.9693070402
 20
4178564.8285924764
 30
0.0
 11
566475.1615850276
 21
4178565.0818906315
 31
0.0
  0
LINE
  5
6A3
330
1F
100
AcDbEntity
  8
TASLAK_PENCERE
100
AcDbLine
 10
566475.5656817161
 20
4178565.026160332
 30
0.0
 11
566477.362405147
 21
4178565.1347186696
 31
0.0
  0
LINE
  5
6A4
330
1F
100
AcDbEntity
  8
TASLAK_PENCERE
100
AcDbLine
 10
566475.5753313461
 20
4178564.8664515824
 30
0.0
 11
566475.556032086
 21
4178565.1858690814
 31
0.0
  0
LINE
  5
6A5
330
1F
100
AcDbEntity
  8
TASLAK_PENCERE
100
AcDbLine
 10
566477.3720547771
 20
4178564.97500992
 30
0.0
 11
566477.352755517
 21
4178565.294427419
 31
0.0
  0
LINE
  5
6A6
330
1F
100
AcDbEntity
  8
TASLAK_PENCERE
100
AcDbLine
 10
566475.5608569011
 20
4178565.1060147067
 30
0.0
 11
566477.3575803321
 21
4178565.2145730443
 31
0.0
  0
LINE
  5
6A7
330
1F
100
AcDbEntity
  8
TASLAK_PENCERE
100
AcDbLine
 10
566469.9156350697
 20
4178565.68660718
 30
0.0
 11
566469.8824606638
 21
4178566.2356057772
 31
0.0
  0
LINE
  5
6A8
330
1F
100
AcDbEntity
  8
TASLAK_PENCERE
100
AcDbLine
 10
566470.0753437523
 20
4178565.6962579163
 30
0.0
 11
566469.7559263872
 21
4178565.676956444
 31
0.0
  0
LINE
  5
6A9
330
1F
100
AcDbEntity
  8
TASLAK_PENCERE
100
AcDbLine
 10
566470.0421693464
 20
4178566.2452565134
 30
0.0
 11
566469.7227519812
 21
4178566.225955041
 31
0.0
  0
LINE
  5
6AA
330
1F
100
AcDbEntity
  8
TASLAK_PENCERE
100
AcDbLine
 10
566469.8357807284
 20
4178565.681781812
 30
0.0
 11
566469.8026063225
 21
4178566.230780409
 31
0.0
  0
LINE
  5
6AB
330
1F
100
AcDbEntity
  8
TASLAK_PENCERE
100
AcDbLine
 10
566470.2732744736
 20
4178569.7155103576
 30
0.0
 11
566470.9220912681
 21
4178569.7547119795
 31
0.0
  0
LINE
  5
6AC
330
1F
100
AcDbEntity
  8
TASLAK_PENCERE
100
AcDbLine
 10
566470.2829241037
 20
4178569.555801608
 30
0.0
 11
566470.2636248436
 21
4178569.875219107
 31
0.0
  0
LINE
  5
6AD
330
1F
100
AcDbEntity
  8
TASLAK_PENCERE
100
AcDbLine
 10
566470.9317408982
 20
4178569.59500323
 30
0.0
 11
566470.9124416381
 21
4178569.914420729
 31
0.0
  0
LINE
  5
6AE
330
1F
100
AcDbEntity
  8
TASLAK_PENCERE
100
AcDbLine
 10
566470.2684496586
 20
4178569.7953647324
 30
0.0
 11
566470.9172664532
 21
4178569.8345663543
 31
0.0
  0
LINE
  5
6AF
330
1F
100
AcDbEntity
  8
TASLAK_PENCERE
100
AcDbLine
 10
566471.5709080626
 20
4178569.793913602
 30
0.0
 11
566472.7687236833
 21
4178569.866285827
 31
0.0
  0
LINE
  5
6B0
330
1F
100
AcDbEntity
  8
TASLAK_PENCERE
100
AcDbLine
 10
566471.5805576927
 20
4178569.6342048524
 30
0.0
 11
566471.5612584326
 21
4178569.9536223514
 31
0.0
  0
LINE
  5
6B1
330
1F
100
AcDbEntity
  8
TASLAK_PENCERE
100
AcDbLine
 10
566472.7783733134
 20
4178569.7065770775
 30
0.0
 11
566472.7590740533
 21
4178570.0259945765
 31
0.0
  0
LINE
  5
6B2
330
1F
100
AcDbEntity
  8
TASLAK_PENCERE
100
AcDbLine
 10
566471.5660832477
 20
4178569.8737679766
 30
0.0
 11
566472.7638988683
 21
4178569.9461402018
 31
0.0
  0
LINE
  5
6B3
330
1F
100
AcDbEntity
  8
TASLAK_PENCERE
100
AcDbLine
 10
566473.5173584461
 20
4178569.9115184676
 30
0.0
 11
566477.060819639
 21
4178570.1256150007
 31
0.0
  0
LINE
  5
6B4
330
1F
100
AcDbEntity
  8
TASLAK_PENCERE
100
AcDbLine
 10
566473.5270080762
 20
4178569.751809718
 30
0.0
 11
566473.5077088161
 21
4178570.071227217
 31
0.0
  0
LINE
  5
6B5
330
1F
100
AcDbEntity
  8
TASLAK_PENCERE
100
AcDbLine
 10
566477.0704692691
 20
4178569.965906251
 30
0.0
 11
566477.051170009
 21
4178570.28532375
 31
0.0
  0
LINE
  5
6B6
330
1F
100
AcDbEntity
  8
TASLAK_PENCERE
100
AcDbLine
 10
566473.5125336312
 20
4178569.9913728423
 30
0.0
 11
566477.055994824
 21
4178570.2054693755
 31
0.0
  0
LINE
  5
6B7
330
1F
100
AcDbEntity
  8
TASLAK_KAPI
100
AcDbLine
 10
566470.1734565053
 20
4178569.709479339
 30
0.0
 11
566471.0718182208
 21
4178569.763758508
 31
0.0
  0
ARC
  5
6B8
330
1F
100
AcDbEntity
  8
TASLAK_KAPI
100
AcDbCircle
 10
566470.1734565053
 20
4178569.709479339
 30
0.0
 40
0.9000000000274837
100
AcDbArc
 50
0.0
 51
90.0
  0
LINE
  5
6B9
330
1F
100
AcDbEntity
  8
TASLAK_KAPI
100
AcDbLine
 10
566471.3663062172
 20
4178567.3771747975
 30
0.0
 11
566471.3180525359
 21
4178568.17571821
 31
0.0
  0
ARC
  5
6BA
330
1F
100
AcDbEntity
  8
TASLAK_KAPI
100
AcDbCircle
 10
566471.3663062172
 20
4178567.3771747975
 30
0.0
 40
0.7999999998311556
100
AcDbArc
 50
0.0
 51
90.0
  0
LINE
  5
6BB
330
1F
100
AcDbEntity
  8
TASLAK_KAPI
100
AcDbLine
 10
566470.5175462402
 20
4178566.875071938
 30
0.0
 11
566471.4159079557
 21
4178566.929351107
 31
0.0
  0
ARC
  5
6BC
330
1F
100
AcDbEntity
  8
TASLAK_KAPI
100
AcDbCircle
 10
566470.5175462402
 20
4178566.875071938
 30
0.0
 40
0.9000000000274837
100
AcDbArc
 50
0.0
 51
90.0
  0
LWPOLYLINE
  5
6BD
330
1F
100
AcDbEntity
  8
TASLAK_ASMAKAT
  6
KESIKLI
100
AcDbPolyline
 90
4
 70
1
 10
566470.0447968397
 20
4178566.8649363336
 10
566477.6308857522
 20
4178567.323289127
 10
566477.4721549329
 20
4178569.950103223
 10
566469.8860660205
 20
4178569.4917504294
  0
TEXT
  5
6BE
330
1F
100
AcDbEntity
  8
TASLAK_ASMAKAT
100
AcDbText
 10
566473.7584758864
 20
4178568.4075197787
 30
0.0
 40
0.2
  1
ASMA KAT (YATAK ODASI)
 50
3.457617456573113
 72
1
 11
566473.7584758864
 21
4178568.4075197787
 31
0.0
100
AcDbText
 73
2
  0
LINE
  5
6BF
330
1F
100
AcDbEntity
  8
TASLAK_GIRIS
100
AcDbLine
 10
566473.6670470564
 20
4178569.920562679
 30
0.0
 11
566473.5886348243
 21
4178571.2181957248
 31
0.0
  0
LINE
  5
6C0
330
1F
100
AcDbEntity
  8
TASLAK_GIRIS
100
AcDbLine
 10
566473.3163236148
 20
4178570.750921999
 30
0.0
 11
566473.6670470564
 21
4178569.920562679
 31
0.0
  0
LINE
  5
6C1
330
1F
100
AcDbEntity
  8
TASLAK_GIRIS
100
AcDbLine
 10
566473.9152314251
 20
4178570.7871081117
 30
0.0
 11
566473.6670470564
 21
4178569.920562679
 31
0.0
  0
TEXT
  5
6C2
330
1F
100
AcDbEntity
  8
TASLAK_GIRIS
100
AcDbText
 10
566473.5645079836
 20
4178571.6174674314
 30
0.0
 40
0.24
  1
GIRIS
 50
3.457617456573113
 72
1
 11
566473.5645079836
 21
4178571.6174674314
 31
0.0
100
AcDbText
 73
2
  0
LWPOLYLINE
  5
6C3
330
1F
100
AcDbEntity
  8
TASLAK_DUVAR
100
AcDbPolyline
 90
4
 70
1
 10
566478.1387185787
 20
4178562.236317684
 10
566483.1672629559
 20
4178562.540121723
 10
566482.6882786339
 20
4178570.4656046443
 10
566477.6597342567
 20
4178570.1618006052
  0
LWPOLYLINE
  5
6C4
330
1F
100
AcDbEntity
  8
TASLAK_DUVAR
100
AcDbPolyline
 90
4
 70
1
 10
566478.326289385
 20
4178562.448014619
 10
566482.955561786
 20
4178562.727696282
 10
566482.5007078276
 20
4178570.2539077094
 10
566477.8714354266
 20
4178569.9742260464
  0
LINE
  5
6C5
330
1F
100
AcDbEntity
  8
TASLAK_DUVAR
100
AcDbLine
 10
566481.8364497832
 20
4178563.010722304
 30
0.0
 11
566481.5324105981
 21
4178568.0414868975
 31
0.0
  0
LINE
  5
6C6
330
1F
100
AcDbEntity
  8
TASLAK_DUVAR
100
AcDbLine
 10
566481.9362677772
 20
4178563.016752898
 30
0.0
 11
566481.6322285922
 21
4178568.0475174915
 31
0.0
  0
LINE
  5
6C7
330
1F
100
AcDbEntity
  8
TASLAK_DUVAR
100
AcDbLine
 10
566479.3426464604
 20
4178568.0093726614
 30
0.0
 11
566479.2189783462
 21
4178570.055639066
 31
0.0
  0
LINE
  5
6C8
330
1F
100
AcDbEntity
  8
TASLAK_DUVAR
100
AcDbLine
 10
566479.4424644544
 20
4178568.015403256
 30
0.0
 11
566479.3187963403
 21
4178570.0616696603
 31
0.0
  0
LINE
  5
6C9
330
1F
100
AcDbEntity
  8
TASLAK_DUVAR
100
AcDbLine
 10
566477.9920872453
 20
4178567.977868579
 30
0.0
 11
566481.5732707088
 21
4178568.1942290044
 31
0.0
  0
LINE
  5
6CA
330
1F
100
AcDbEntity
  8
TASLAK_DUVAR
100
AcDbLine
 10
566477.9981198362
 20
4178567.8780507054
 30
0.0
 11
566481.5793032997
 21
4178568.094411131
 31
0.0
  0
LINE
  5
6CB
330
1F
100
AcDbEntity
  8
TASLAK_DUVAR
100
AcDbLine
 10
566477.9451945438
 20
4178567.924944345
 30
0.0
 11
566477.8215264296
 21
4178569.9712107494
 31
0.0
  0
LINE
  5
6CC
330
1F
100
AcDbEntity
  8
TASLAK_DUVAR
100
AcDbLine
 10
566478.0450125379
 20
4178567.930974939
 30
0.0
 11
566477.9213444237
 21
4178569.9772413434
 31
0.0
  0
LINE
  5
6CD
330
1F
100
AcDbEntity
  8
TASLAK_DUVAR
100
AcDbLine
 10
566479.4619319943
 20
4178562.5166254905
 30
0.0
 11
566479.3473127666
 21
4178564.4131650846
 31
0.0
  0
LINE
  5
6CE
330
1F
100
AcDbEntity
  8
TASLAK_DUVAR
100
AcDbLine
 10
566479.5617499884
 20
4178562.5226560845
 30
0.0
 11
566479.4471307606
 21
4178564.4191956786
 31
0.0
  0
TEXT
  5
6CF
330
1F
100
AcDbEntity
  8
TASLAK_MEKAN
100
AcDbText
 10
566478.6319954421
 20
4178568.9933070014
 30
0.0
 40
0.26
  1
ANTRE\P2.9 m2
 72
1
 11
566478.6319954421
 21
4178568.9933070014
 31
0.0
100
AcDbText
 73
2
  0
TEXT
  5
6D0
330
1F
100
AcDbEntity
  8
TASLAK_MEKAN
100
AcDbText
 10
566480.4225871738
 20
4178569.1014872156
 30
0.0
 40
0.26
  1
BANYO/WC\P4.5 m2
 72
1
 11
566480.4225871738
 21
4178569.1014872156
 31
0.0
100
AcDbText
 73
2
  0
TEXT
  5
6D1
330
1F
100
AcDbEntity
  8
TASLAK_MEKAN
100
AcDbText
 10
566479.9512881946
 20
4178565.2961673425
 30
0.0
 40
0.26
  1
MUTFAK + SALON\P19.7 m2
 72
1
 11
566479.9512881946
 21
4178565.2961673425
 31
0.0
100
AcDbText
 73
2
  0
LINE
  5
6D2
330
1F
100
AcDbEntity
  8
TASLAK_MERDIVEN
100
AcDbLine
 10
566481.8863587802
 20
4178563.013737601
 30
0.0
 11
566482.9344477177
 21
4178563.0770588387
 31
0.0
  0
LINE
  5
6D3
330
1F
100
AcDbEntity
  8
TASLAK_MERDIVEN
100
AcDbLine
 10
566481.8694677143
 20
4178563.293224523
 30
0.0
 11
566482.9175566519
 21
4178563.3565457603
 31
0.0
  0
LINE
  5
6D4
330
1F
100
AcDbEntity
  8
TASLAK_MERDIVEN
100
AcDbLine
 10
566481.8525766485
 20
4178563.572711445
 30
0.0
 11
566482.900665586
 21
4178563.6360326824
 31
0.0
  0
LINE
  5
6D5
330
1F
100
AcDbEntity
  8
TASLAK_MERDIVEN
100
AcDbLine
 10
566481.8356855826
 20
4178563.8521983665
 30
0.0
 11
566482.8837745201
 21
4178563.915519604
 31
0.0
  0
LINE
  5
6D6
330
1F
100
AcDbEntity
  8
TASLAK_MERDIVEN
100
AcDbLine
 10
566481.8187945168
 20
4178564.1316852886
 30
0.0
 11
566482.8668834544
 21
4178564.195006526
 31
0.0
  0
LINE
  5
6D7
330
1F
100
AcDbEntity
  8
TASLAK_MERDIVEN
100
AcDbLine
 10
566481.801903451
 20
4178564.4111722102
 30
0.0
 11
566482.8499923885
 21
4178564.4744934477
 31
0.0
  0
LINE
  5
6D8
330
1F
100
AcDbEntity
  8
TASLAK_MERDIVEN
100
AcDbLine
 10
566481.7850123851
 20
4178564.6906591323
 30
0.0
 11
566482.8331013226
 21
4178564.75398037
 31
0.0
  0
LINE
  5
6D9
330
1F
100
AcDbEntity
  8
TASLAK_MERDIVEN
100
AcDbLine
 10
566481.7681213194
 20
4178564.970146054
 30
0.0
 11
566482.8162102569
 21
4178565.0334672914
 31
0.0
  0
LINE
  5
6DA
330
1F
100
AcDbEntity
  8
TASLAK_MERDIVEN
100
AcDbLine
 10
566481.7512302535
 20
4178565.249632976
 30
0.0
 11
566482.799319191
 21
4178565.3129542135
 31
0.0
  0
LINE
  5
6DB
330
1F
100
AcDbEntity
  8
TASLAK_MERDIVEN
100
AcDbLine
 10
566481.7343391876
 20
4178565.5291198976
 30
0.0
 11
566482.7824281252
 21
4178565.592441135
 31
0.0
  0
LINE
  5
6DC
330
1F
100
AcDbEntity
  8
TASLAK_MERDIVEN
100
AcDbLine
 10
566481.7174481219
 20
4178565.8086068197
 30
0.0
 11
566482.7655370594
 21
4178565.871928057
 31
0.0
  0
LINE
  5
6DD
330
1F
100
AcDbEntity
  8
TASLAK_MERDIVEN
100
AcDbLine
 10
566481.700557056
 20
4178566.0880937413
 30
0.0
 11
566482.7486459935
 21
4178566.151414979
 31
0.0
  0
LINE
  5
6DE
330
1F
100
AcDbEntity
  8
TASLAK_MERDIVEN
100
AcDbLine
 10
566481.6836659901
 20
4178566.3675806634
 30
0.0
 11
566482.7317549277
 21
4178566.430901901
 31
0.0
  0
LINE
  5
6DF
330
1F
100
AcDbEntity
  8
TASLAK_MERDIVEN
100
AcDbLine
 10
566481.6667749244
 20
4178566.647067585
 30
0.0
 11
566482.7148638619
 21
4178566.7103888225
 31
0.0
  0
LINE
  5
6E0
330
1F
100
AcDbEntity
  8
TASLAK_MERDIVEN
100
AcDbLine
 10
566481.6498838585
 20
4178566.926554507
 30
0.0
 11
566482.697972796
 21
4178566.9898757446
 31
0.0
  0
LINE
  5
6E1
330
1F
100
AcDbEntity
  8
TASLAK_MERDIVEN
100
AcDbLine
 10
566481.6329927926
 20
4178567.2060414287
 30
0.0
 11
566482.6810817302
 21
4178567.269362666
 31
0.0
  0
LINE
  5
6E2
330
1F
100
AcDbEntity
  8
TASLAK_MERDIVEN
100
AcDbLine
 10
566481.6161017268
 20
4178567.485528351
 30
0.0
 11
566482.6641906643
 21
4178567.5488495883
 31
0.0
  0
LINE
  5
6E3
330
1F
100
AcDbEntity
  8
TASLAK_MERDIVEN
100
AcDbLine
 10
566481.599210661
 20
4178567.7650152724
 30
0.0
 11
566482.6472995986
 21
4178567.82833651
 31
0.0
  0
LINE
  5
6E4
330
1F
100
AcDbEntity
  8
TASLAK_MERDIVEN
100
AcDbLine
 10
566481.5823195952
 20
4178568.0445021945
 30
0.0
 11
566482.6304085327
 21
4178568.107823432
 31
0.0
  0
LINE
  5
6E5
330
1F
100
AcDbEntity
  8
TASLAK_MERDIVEN
100
AcDbLine
 10
566482.410403249
 20
4178563.04539822
 30
0.0
 11
566482.1063640639
 21
4178568.076162813
 31
0.0
  0
LINE
  5
6E6
330
1F
100
AcDbEntity
  8
TASLAK_OK
100
AcDbLine
 10
566482.3892891806
 20
4178563.394760777
 30
0.0
 11
566482.1154129503
 21
4178567.926436003
 31
0.0
  0
LINE
  5
6E7
330
1F
100
AcDbEntity
  8
TASLAK_OK
100
AcDbLine
 10
566481.8461219228
 20
4178567.409254854
 30
0.0
 11
566482.1154129503
 21
4178567.926436003
 31
0.0
  0
LINE
  5
6E8
330
1F
100
AcDbEntity
  8
TASLAK_OK
100
AcDbLine
 10
566482.4450298871
 20
4178567.445438418
 30
0.0
 11
566482.1154129503
 21
4178567.926436003
 31
0.0
  0
TEXT
  5
6E9
330
1F
100
AcDbEntity
  8
TASLAK_OK
100
AcDbText
 10
566482.2414925906
 20
4178565.8402674384
 30
0.0
 40
0.22
  1
CIKIS
 50
93.45851988336044
 72
1
 11
566482.2414925906
 21
4178565.8402674384
 31
0.0
100
AcDbText
 73
2
  0
LINE
  5
6EA
330
1F
100
AcDbEntity
  8
TASLAK_PENCERE
100
AcDbLine
 10
566483.115985933
 20
4178563.3885736465
 30
0.0
 11
566482.8481422936
 21
4178567.8204309996
 31
0.0
  0
LINE
  5
6EB
330
1F
100
AcDbEntity
  8
TASLAK_PENCERE
100
AcDbLine
 10
566483.2756945305
 20
4178563.398225792
 30
0.0
 11
566482.9562773355
 21
4178563.378921501
 31
0.0
  0
LINE
  5
6EC
330
1F
100
AcDbEntity
  8
TASLAK_PENCERE
100
AcDbLine
 10
566483.0078508911
 20
4178567.8300831453
 30
0.0
 11
566482.6884336962
 21
4178567.810778854
 31
0.0
  0
LINE
  5
6ED
330
1F
100
AcDbEntity
  8
TASLAK_PENCERE
100
AcDbLine
 10
566483.0361316343
 20
4178563.383747574
 30
0.0
 11
566482.7682879949
 21
4178567.815604927
 31
0.0
  0
LINE
  5
6EE
330
1F
100
AcDbEntity
  8
TASLAK_PENCERE
100
AcDbLine
 10
566479.1368985192
 20
4178562.2966236244
 30
0.0
 11
566479.3242701851
 21
4178562.307943852
 31
0.0
  0
LINE
  5
6EF
330
1F
100
AcDbEntity
  8
TASLAK_PENCERE
100
AcDbLine
 10
566479.1465474695
 20
4178562.136914834
 30
0.0
 11
566479.1272495689
 21
4178562.456332415
 31
0.0
  0
LINE
  5
6F0
330
1F
100
AcDbEntity
  8
TASLAK_PENCERE
100
AcDbLine
 10
566479.3339191354
 20
4178562.1482350617
 30
0.0
 11
566479.3146212348
 21
4178562.4676526426
 31
0.0
  0
LINE
  5
6F1
330
1F
100
AcDbEntity
  8
TASLAK_PENCERE
100
AcDbLine
 10
566479.1320740441
 20
4178562.3764780196
 30
0.0
 11
566479.3194457099
 21
4178562.3877982474
 31
0.0
  0
LINE
  5
6F2
330
1F
100
AcDbEntity
  8
TASLAK_PENCERE
100
AcDbLine
 10
566479.7235421613
 20
4178562.3320662286
 30
0.0
 11
566481.5202660542
 21
4178562.440616921
 31
0.0
  0
LINE
  5
6F3
330
1F
100
AcDbEntity
  8
TASLAK_PENCERE
100
AcDbLine
 10
566479.7331911117
 20
4178562.172357438
 30
0.0
 11
566479.7138932109
 21
4178562.491775019
 31
0.0
  0
LINE
  5
6F4
330
1F
100
AcDbEntity
  8
TASLAK_PENCERE
100
AcDbLine
 10
566481.5299150046
 20
4178562.2809081306
 30
0.0
 11
566481.5106171038
 21
4178562.6003257115
 31
0.0
  0
LINE
  5
6F5
330
1F
100
AcDbEntity
  8
TASLAK_PENCERE
100
AcDbLine
 10
566479.718717686
 20
4178562.411920624
 30
0.0
 11
566481.5154415789
 21
4178562.5204713163
 31
0.0
  0
LINE
  5
6F6
330
1F
100
AcDbEntity
  8
TASLAK_PENCERE
100
AcDbLine
 10
566478.0783926694
 20
4178563.234496418
 30
0.0
 11
566477.8376956892
 21
4178567.2171733403
 31
0.0
  0
LINE
  5
6F7
330
1F
100
AcDbEntity
  8
TASLAK_PENCERE
100
AcDbLine
 10
566478.2381012669
 20
4178563.2441485636
 30
0.0
 11
566477.918684072
 21
4178563.2248442722
 31
0.0
  0
LINE
  5
6F8
330
1F
100
AcDbEntity
  8
TASLAK_PENCERE
100
AcDbLine
 10
566477.9974042866
 20
4178567.226825486
 30
0.0
 11
566477.6779870917
 21
4178567.2075211946
 31
0.0
  0
LINE
  5
6F9
330
1F
100
AcDbEntity
  8
TASLAK_PENCERE
100
AcDbLine
 10
566477.9985383707
 20
4178563.2296703453
 30
0.0
 11
566477.7578413904
 21
4178567.2123472677
 31
0.0
  0
LINE
  5
6FA
330
1F
100
AcDbEntity
  8
TASLAK_PENCERE
100
AcDbLine
 10
566478.258642221
 20
4178570.1979841697
 30
0.0
 11
566478.9573681793
 21
4178570.2401983277
 31
0.0
  0
LINE
  5
6FB
330
1F
100
AcDbEntity
  8
TASLAK_PENCERE
100
AcDbLine
 10
566478.2682911714
 20
4178570.038275379
 30
0.0
 11
566478.2489932706
 21
4178570.35769296
 31
0.0
  0
LINE
  5
6FC
330
1F
100
AcDbEntity
  8
TASLAK_PENCERE
100
AcDbLine
 10
566478.9670171298
 20
4178570.080489537
 30
0.0
 11
566478.9477192289
 21
4178570.399907118
 31
0.0
  0
LINE
  5
6FD
330
1F
100
AcDbEntity
  8
TASLAK_PENCERE
100
AcDbLine
 10
566478.2538177458
 20
4178570.277838565
 30
0.0
 11
566478.9525437042
 21
4178570.320052723
 31
0.0
  0
LINE
  5
6FE
330
1F
100
AcDbEntity
  8
TASLAK_PENCERE
100
AcDbLine
 10
566479.6560941376
 20
4178570.282412486
 30
0.0
 11
566481.0412817321
 21
4178570.3660998424
 31
0.0
  0
LINE
  5
6FF
330
1F
100
AcDbEntity
  8
TASLAK_PENCERE
100
AcDbLine
 10
566479.665743088
 20
4178570.1227036957
 30
0.0
 11
566479.6464451872
 21
4178570.4421212766
 31
0.0
  0
LINE
  5
700
330
1F
100
AcDbEntity
  8
TASLAK_PENCERE
100
AcDbLine
 10
566481.0509306826
 20
4178570.206391052
 30
0.0
 11
566481.0316327817
 21
4178570.525808633
 31
0.0
  0
LINE
  5
701
330
1F
100
AcDbEntity
  8
TASLAK_PENCERE
100
AcDbLine
 10
566479.6512696623
 20
4178570.3622668814
 30
0.0
 11
566481.0364572569
 21
4178570.4459542376
 31
0.0
  0
LINE
  5
702
330
1F
100
AcDbEntity
  8
TASLAK_PENCERE
100
AcDbLine
 10
566478.0421971238
 20
4178563.833403658
 30
0.0
 11
566477.8195979164
 21
4178567.5166269606
 31
0.0
  0
LINE
  5
703
330
1F
100
AcDbEntity
  8
TASLAK_PENCERE
100
AcDbLine
 10
566478.2019057212
 20
4178563.843055804
 30
0.0
 11
566477.8824885263
 21
4178563.8237515124
 31
0.0
  0
LINE
  5
704
330
1F
100
AcDbEntity
  8
TASLAK_PENCERE
100
AcDbLine
 10
566477.9793065139
 20
4178567.5262791063
 30
0.0
 11
566477.659889319
 21
4178567.506974815
 31
0.0
  0
LINE
  5
705
330
1F
100
AcDbEntity
  8
TASLAK_PENCERE
100
AcDbLine
 10
566477.962342825
 20
4178563.8285775855
 30
0.0
 11
566477.7397436177
 21
4178567.511800888
 31
0.0
  0
LINE
  5
706
330
1F
100
AcDbEntity
  8
TASLAK_KAPI
100
AcDbLine
 10
566478.1588242269
 20
4178570.1919535752
 30
0.0
 11
566479.0571861734
 21
4178570.2462289217
 31
0.0
  0
ARC
  5
707
330
1F
100
AcDbEntity
  8
TASLAK_KAPI
100
AcDbCircle
 10
566478.1588242269
 20
4178570.1919535752
 30
0.0
 40
0.9000000000406563
100
AcDbArc
 50
0.0
 51
90.0
  0
LINE
  5
708
330
1F
100
AcDbEntity
  8
TASLAK_KAPI
100
AcDbLine
 10
566479.3654087982
 20
4178568.4615683886
 30
0.0
 11
566479.3141317753
 21
4178569.3100203127
 31
0.0
  0
ARC
  5
709
330
1F
100
AcDbEntity
  8
TASLAK_KAPI
100
AcDbCircle
 10
566479.3654087982
 20
4178568.4615683886
 30
0.0
 40
0.8500000002912481
100
AcDbArc
 50
0.0
 51
90.0
  0
LINE
  5
70A
330
1F
100
AcDbEntity
  8
TASLAK_KAPI
100
AcDbLine
 10
566478.4842117117
 20
4178567.9575095526
 30
0.0
 11
566479.382573658
 21
4178568.011784899
 31
0.0
  0
ARC
  5
70B
330
1F
100
AcDbEntity
  8
TASLAK_KAPI
100
AcDbCircle
 10
566478.4842117117
 20
4178567.9575095526
 30
0.0
 40
0.8999999999244529
100
AcDbArc
 50
0.0
 51
90.0
  0
LWPOLYLINE
  5
70C
330
1F
100
AcDbEntity
  8
TASLAK_ASMAKAT
  6
KESIKLI
100
AcDbPolyline
 90
4
 70
1
 10
566479.2641434162
 20
4178563.506499293
 10
566481.8471469391
 20
4178563.662553778
 10
566481.5762870043
 20
4178568.1443200675
 10
566478.9932834813
 20
4178567.9882655824
  0
TEXT
  5
70D
330
1F
100
AcDbEntity
  8
TASLAK_ASMAKAT
100
AcDbText
 10
566480.4202152102
 20
4178565.82540968
 30
0.0
 40
0.2
  1
ASMA KAT (YATAK ODASI)
 50
3.457373661950198
 72
1
 11
566480.4202152102
 21
4178565.82540968
 31
0.0
100
AcDbText
 73
2
  0
LINE
  5
70E
330
1F
100
AcDbEntity
  8
TASLAK_GIRIS
100
AcDbLine
 10
566480.1740064452
 20
4178570.3137026248
 30
0.0
 11
566480.0955827631
 21
4178571.6113349786
 31
0.0
  0
LINE
  5
70F
330
1F
100
AcDbEntity
  8
TASLAK_GIRIS
100
AcDbLine
 10
566479.8232754403
 20
4178571.1440627663
 30
0.0
 11
566480.1740064452
 21
4178570.3137026248
 31
0.0
  0
LINE
  5
710
330
1F
100
AcDbEntity
  8
TASLAK_GIRIS
100
AcDbLine
 10
566480.4221834044
 20
4178571.1802463303
 30
0.0
 11
566480.1740064452
 21
4178570.3137026248
 31
0.0
  0
TEXT
  5
711
330
1F
100
AcDbEntity
  8
TASLAK_GIRIS
100
AcDbText
 10
566480.0714523994
 20
4178572.0106064724
 30
0.0
 40
0.24
  1
GIRIS
 50
3.457373661950198
 72
1
 11
566480.0714523994
 21
4178572.0106064724
 31
0.0
100
AcDbText
 73
2
  0
LWPOLYLINE
  5
712
330
1F
100
AcDbEntity
  8
TASLAK_DUVAR
100
AcDbPolyline
 90
4
 70
1
 10
566490.7580229024
 20
4178562.967351154
 10
566495.7865672796
 20
4178563.271155192
 10
566495.3075829576
 20
4178571.1966381124
 10
566490.2790385804
 20
4178570.8928340743
  0
LWPOLYLINE
  5
713
330
1F
100
AcDbEntity
  8
TASLAK_DUVAR
100
AcDbPolyline
 90
4
 70
1
 10
566490.9455937087
 20
4178563.179048089
 10
566495.5748661096
 20
4178563.458729751
 10
566495.1200121513
 20
4178570.9849411775
 10
566490.4907397503
 20
4178570.7052595154
  0
LINE
  5
714
330
1F
100
AcDbEntity
  8
TASLAK_DUVAR
100
AcDbLine
 10
566494.4557541069
 20
4178563.7417557733
 30
0.0
 11
566494.1517149218
 21
4178568.7725203657
 31
0.0
  0
LINE
  5
715
330
1F
100
AcDbEntity
  8
TASLAK_DUVAR
100
AcDbLine
 10
566494.5555721009
 20
4178563.7477863673
 30
0.0
 11
566494.2515329159
 21
4178568.7785509597
 31
0.0
  0
LINE
  5
716
330
1F
100
AcDbEntity
  8
TASLAK_DUVAR
100
AcDbLine
 10
566491.9619507842
 20
4178568.7404061304
 30
0.0
 11
566491.83828267
 21
4178570.786672535
 31
0.0
  0
LINE
  5
717
330
1F
100
AcDbEntity
  8
TASLAK_DUVAR
100
AcDbLine
 10
566492.0617687783
 20
4178568.7464367244
 30
0.0
 11
566491.9381006641
 21
4178570.792703129
 31
0.0
  0
LINE
  5
718
330
1F
100
AcDbEntity
  8
TASLAK_DUVAR
100
AcDbLine
 10
566490.611391569
 20
4178568.708902048
 30
0.0
 11
566494.1925750325
 21
4178568.9252624726
 31
0.0
  0
LINE
  5
719
330
1F
100
AcDbEntity
  8
TASLAK_DUVAR
100
AcDbLine
 10
566490.6174241599
 20
4178568.6090841745
 30
0.0
 11
566494.1986076233
 21
4178568.825444599
 31
0.0
  0
LINE
  5
71A
330
1F
100
AcDbEntity
  8
TASLAK_DUVAR
100
AcDbLine
 10
566490.5644988675
 20
4178568.655977814
 30
0.0
 11
566490.4408307533
 21
4178570.7022442184
 31
0.0
  0
LINE
  5
71B
330
1F
100
AcDbEntity
  8
TASLAK_DUVAR
100
AcDbLine
 10
566490.6643168615
 20
4178568.662008408
 30
0.0
 11
566490.5406487474
 21
4178570.7082748124
 31
0.0
  0
LINE
  5
71C
330
1F
100
AcDbEntity
  8
TASLAK_DUVAR
100
AcDbLine
 10
566492.081236318
 20
4178563.24765896
 30
0.0
 11
566491.9666170903
 21
4178565.144198554
 31
0.0
  0
LINE
  5
71D
330
1F
100
AcDbEntity
  8
TASLAK_DUVAR
100
AcDbLine
 10
566492.181054312
 20
4178563.253689554
 30
0.0
 11
566492.0664350843
 21
4178565.150229148
 31
0.0
  0
TEXT
  5
71E
330
1F
100
AcDbEntity
  8
TASLAK_MEKAN
100
AcDbText
 10
566491.2512997659
 20
4178569.7243404714
 30
0.0
 40
0.26
  1
ANTRE\P2.9 m2
 72
1
 11
566491.2512997659
 21
4178569.7243404714
 31
0.0
100
AcDbText
 73
2
  0
TEXT
  5
71F
330
1F
100
AcDbEntity
  8
TASLAK_MEKAN
100
AcDbText
 10
566493.0418914974
 20
4178569.8325206833
 30
0.0
 40
0.26
  1
BANYO/WC\P4.5 m2
 72
1
 11
566493.0418914974
 21
4178569.8325206833
 31
0.0
100
AcDbText
 73
2
  0
TEXT
  5
720
330
1F
100
AcDbEntity
  8
TASLAK_MEKAN
100
AcDbText
 10
566492.5705925183
 20
4178566.0272008125
 30
0.0
 40
0.26
  1
MUTFAK + SALON\P19.7 m2
 72
1
 11
566492.5705925183
 21
4178566.0272008125
 31
0.0
100
AcDbText
 73
2
  0
LINE
  5
721
330
1F
100
AcDbEntity
  8
TASLAK_MERDIVEN
100
AcDbLine
 10
566494.5056631039
 20
4178563.7447710703
 30
0.0
 11
566495.5537520414
 21
4178563.8080923078
 31
0.0
  0
LINE
  5
722
330
1F
100
AcDbEntity
  8
TASLAK_MERDIVEN
100
AcDbLine
 10
566494.488772038
 20
4178564.024257992
 30
0.0
 11
566495.5368609756
 21
4178564.0875792294
 31
0.0
  0
LINE
  5
723
330
1F
100
AcDbEntity
  8
TASLAK_MERDIVEN
100
AcDbLine
 10
566494.4718809722
 20
4178564.303744914
 30
0.0
 11
566495.5199699097
 21
4178564.3670661515
 31
0.0
  0
LINE
  5
724
330
1F
100
AcDbEntity
  8
TASLAK_MERDIVEN
100
AcDbLine
 10
566494.4549899063
 20
4178564.5832318356
 30
0.0
 11
566495.5030788438
 21
4178564.646553073
 31
0.0
  0
LINE
  5
725
330
1F
100
AcDbEntity
  8
TASLAK_MERDIVEN
100
AcDbLine
 10
566494.4380988405
 20
4178564.8627187572
 30
0.0
 11
566495.4861877781
 21
4178564.9260399947
 31
0.0
  0
LINE
  5
726
330
1F
100
AcDbEntity
  8
TASLAK_MERDIVEN
100
AcDbLine
 10
566494.4212077747
 20
4178565.1422056793
 30
0.0
 11
566495.4692967122
 21
4178565.205526917
 31
0.0
  0
LINE
  5
727
330
1F
100
AcDbEntity
  8
TASLAK_MERDIVEN
100
AcDbLine
 10
566494.4043167088
 20
4178565.421692601
 30
0.0
 11
566495.4524056463
 21
4178565.4850138384
 31
0.0
  0
LINE
  5
728
330
1F
100
AcDbEntity
  8
TASLAK_MERDIVEN
100
AcDbLine
 10
566494.387425643
 20
4178565.7011795226
 30
0.0
 11
566495.4355145806
 21
4178565.76450076
 31
0.0
  0
LINE
  5
729
330
1F
100
AcDbEntity
  8
TASLAK_MERDIVEN
100
AcDbLine
 10
566494.3705345772
 20
4178565.9806664446
 30
0.0
 11
566495.4186235147
 21
4178566.043987682
 31
0.0
  0
LINE
  5
72A
330
1F
100
AcDbEntity
  8
TASLAK_MERDIVEN
100
AcDbLine
 10
566494.3536435113
 20
4178566.2601533663
 30
0.0
 11
566495.4017324488
 21
4178566.3234746037
 31
0.0
  0
LINE
  5
72B
330
1F
100
AcDbEntity
  8
TASLAK_MERDIVEN
100
AcDbLine
 10
566494.3367524456
 20
4178566.5396402883
 30
0.0
 11
566495.3848413831
 21
4178566.602961526
 31
0.0
  0
LINE
  5
72C
330
1F
100
AcDbEntity
  8
TASLAK_MERDIVEN
100
AcDbLine
 10
566494.3198613797
 20
4178566.81912721
 30
0.0
 11
566495.3679503172
 21
4178566.8824484474
 31
0.0
  0
LINE
  5
72D
330
1F
100
AcDbEntity
  8
TASLAK_MERDIVEN
100
AcDbLine
 10
566494.3029703138
 20
4178567.0986141316
 30
0.0
 11
566495.3510592513
 21
4178567.161935369
 31
0.0
  0
LINE
  5
72E
330
1F
100
AcDbEntity
  8
TASLAK_MERDIVEN
100
AcDbLine
 10
566494.2860792481
 20
4178567.3781010536
 30
0.0
 11
566495.3341681856
 21
4178567.441422291
 31
0.0
  0
LINE
  5
72F
330
1F
100
AcDbEntity
  8
TASLAK_MERDIVEN
100
AcDbLine
 10
566494.2691881822
 20
4178567.6575879753
 30
0.0
 11
566495.3172771197
 21
4178567.7209092127
 31
0.0
  0
LINE
  5
730
330
1F
100
AcDbEntity
  8
TASLAK_MERDIVEN
100
AcDbLine
 10
566494.2522971163
 20
4178567.937074897
 30
0.0
 11
566495.3003860539
 21
4178568.0003961343
 31
0.0
  0
LINE
  5
731
330
1F
100
AcDbEntity
  8
TASLAK_MERDIVEN
100
AcDbLine
 10
566494.2354060506
 20
4178568.216561819
 30
0.0
 11
566495.2834949881
 21
4178568.2798830564
 31
0.0
  0
LINE
  5
732
330
1F
100
AcDbEntity
  8
TASLAK_MERDIVEN
100
AcDbLine
 10
566494.2185149847
 20
4178568.4960487406
 30
0.0
 11
566495.2666039222
 21
4178568.559369978
 31
0.0
  0
LINE
  5
733
330
1F
100
AcDbEntity
  8
TASLAK_MERDIVEN
100
AcDbLine
 10
566494.2016239188
 20
4178568.7755356627
 30
0.0
 11
566495.2497128564
 21
4178568.8388569
 31
0.0
  0
LINE
  5
734
330
1F
100
AcDbEntity
  8
TASLAK_MERDIVEN
100
AcDbLine
 10
566495.0297075727
 20
4178563.776431689
 30
0.0
 11
566494.7256683876
 21
4178568.8071962814
 31
0.0
  0
LINE
  5
735
330
1F
100
AcDbEntity
  8
TASLAK_OK
100
AcDbLine
 10
566495.0085935043
 20
4178564.125794246
 30
0.0
 11
566494.7347172741
 21
4178568.657469471
 31
0.0
  0
LINE
  5
736
330
1F
100
AcDbEntity
  8
TASLAK_OK
100
AcDbLine
 10
566494.4654262465
 20
4178568.140288322
 30
0.0
 11
566494.7347172741
 21
4178568.657469471
 31
0.0
  0
LINE
  5
737
330
1F
100
AcDbEntity
  8
TASLAK_OK
100
AcDbLine
 10
566495.0643342108
 20
4178568.176471886
 30
0.0
 11
566494.7347172741
 21
4178568.657469471
 31
0.0
  0
TEXT
  5
738
330
1F
100
AcDbEntity
  8
TASLAK_OK
100
AcDbText
 10
566494.8607969143
 20
4178566.571300907
 30
0.0
 40
0.22
  1
CIKIS
 50
93.45851988376586
 72
1
 11
566494.8607969143
 21
4178566.571300907
 31
0.0
100
AcDbText
 73
2
  0
LINE
  5
739
330
1F
100
AcDbEntity
  8
TASLAK_PENCERE
100
AcDbLine
 10
566495.7352902567
 20
4178564.1196071156
 30
0.0
 11
566495.4674466173
 21
4178568.551464468
 31
0.0
  0
LINE
  5
73A
330
1F
100
AcDbEntity
  8
TASLAK_PENCERE
100
AcDbLine
 10
566495.8949988541
 20
4178564.1292592613
 30
0.0
 11
566495.5755816592
 21
4178564.10995497
 31
0.0
  0
LINE
  5
73B
330
1F
100
AcDbEntity
  8
TASLAK_PENCERE
100
AcDbLine
 10
566495.6271552148
 20
4178568.5611166134
 30
0.0
 11
566495.3077380199
 21
4178568.541812322
 31
0.0
  0
LINE
  5
73C
330
1F
100
AcDbEntity
  8
TASLAK_PENCERE
100
AcDbLine
 10
566495.655435958
 20
4178564.114781043
 30
0.0
 11
566495.3875923186
 21
4178568.546638395
 31
0.0
  0
LINE
  5
73D
330
1F
100
AcDbEntity
  8
TASLAK_PENCERE
100
AcDbLine
 10
566491.7562028429
 20
4178563.0276570944
 30
0.0
 11
566491.9435745088
 21
4178563.038977322
 31
0.0
  0
LINE
  5
73E
330
1F
100
AcDbEntity
  8
TASLAK_PENCERE
100
AcDbLine
 10
566491.7658517932
 20
4178562.867948304
 30
0.0
 11
566491.7465538926
 21
4178563.187365885
 31
0.0
  0
LINE
  5
73F
330
1F
100
AcDbEntity
  8
TASLAK_PENCERE
100
AcDbLine
 10
566491.9532234591
 20
4178562.8792685317
 30
0.0
 11
566491.9339255585
 21
4178563.1986861126
 31
0.0
  0
LINE
  5
740
330
1F
100
AcDbEntity
  8
TASLAK_PENCERE
100
AcDbLine
 10
566491.7513783678
 20
4178563.1075114897
 30
0.0
 11
566491.9387500336
 21
4178563.1188317174
 31
0.0
  0
LINE
  5
741
330
1F
100
AcDbEntity
  8
TASLAK_PENCERE
100
AcDbLine
 10
566492.342846485
 20
4178563.063099698
 30
0.0
 11
566494.1395703778
 21
4178563.1716503906
 31
0.0
  0
LINE
  5
742
330
1F
100
AcDbEntity
  8
TASLAK_PENCERE
100
AcDbLine
 10
566492.3524954354
 20
4178562.9033909077
 30
0.0
 11
566492.3331975345
 21
4178563.2228084886
 31
0.0
  0
LINE
  5
743
330
1F
100
AcDbEntity
  8
TASLAK_PENCERE
100
AcDbLine
 10
566494.1492193282
 20
4178563.0119416
 30
0.0
 11
566494.1299214273
 21
4178563.331359181
 31
0.0
  0
LINE
  5
744
330
1F
100
AcDbEntity
  8
TASLAK_PENCERE
100
AcDbLine
 10
566492.3380220097
 20
4178563.1429540934
 30
0.0
 11
566494.1347459025
 21
4178563.251504786
 31
0.0
  0
LINE
  5
745
330
1F
100
AcDbEntity
  8
TASLAK_PENCERE
100
AcDbLine
 10
566490.6976969931
 20
4178563.965529888
 30
0.0
 11
566490.4570000129
 21
4178567.9482068093
 31
0.0
  0
LINE
  5
746
330
1F
100
AcDbEntity
  8
TASLAK_PENCERE
100
AcDbLine
 10
566490.8574055906
 20
4178563.9751820336
 30
0.0
 11
566490.5379883957
 21
4178563.9558777423
 31
0.0
  0
LINE
  5
747
330
1F
100
AcDbEntity
  8
TASLAK_PENCERE
100
AcDbLine
 10
566490.6167086103
 20
4178567.957858955
 30
0.0
 11
566490.2972914154
 21
4178567.9385546637
 31
0.0
  0
LINE
  5
748
330
1F
100
AcDbEntity
  8
TASLAK_PENCERE
100
AcDbLine
 10
566490.6178426944
 20
4178563.9607038153
 30
0.0
 11
566490.3771457141
 21
4178567.9433807367
 31
0.0
  0
LINE
  5
749
330
1F
100
AcDbEntity
  8
TASLAK_PENCERE
100
AcDbLine
 10
566490.8779465447
 20
4178570.9290176383
 30
0.0
 11
566491.576672503
 21
4178570.971231797
 31
0.0
  0
LINE
  5
74A
330
1F
100
AcDbEntity
  8
TASLAK_PENCERE
100
AcDbLine
 10
566490.8875954952
 20
4178570.769308848
 30
0.0
 11
566490.8682975941
 21
4178571.088726429
 31
0.0
  0
LINE
  5
74B
330
1F
100
AcDbEntity
  8
TASLAK_PENCERE
100
AcDbLine
 10
566491.5863214536
 20
4178570.8115230063
 30
0.0
 11
566491.5670235525
 21
4178571.1309405873
 31
0.0
  0
LINE
  5
74C
330
1F
100
AcDbEntity
  8
TASLAK_PENCERE
100
AcDbLine
 10
566490.8731220694
 20
4178571.0088720336
 30
0.0
 11
566491.5718480278
 21
4178571.051086192
 31
0.0
  0
LINE
  5
74D
330
1F
100
AcDbEntity
  8
TASLAK_PENCERE
100
AcDbLine
 10
566492.2753984614
 20
4178571.013445955
 30
0.0
 11
566493.6605860557
 21
4178571.097133311
 31
0.0
  0
LINE
  5
74E
330
1F
100
AcDbEntity
  8
TASLAK_PENCERE
100
AcDbLine
 10
566492.2850474118
 20
4178570.8537371643
 30
0.0
 11
566492.265749511
 21
4178571.1731547453
 31
0.0
  0
LINE
  5
74F
330
1F
100
AcDbEntity
  8
TASLAK_PENCERE
100
AcDbLine
 10
566493.6702350061
 20
4178570.9374245205
 30
0.0
 11
566493.6509371053
 21
4178571.2568421015
 31
0.0
  0
LINE
  5
750
330
1F
100
AcDbEntity
  8
TASLAK_PENCERE
100
AcDbLine
 10
566492.2705739861
 20
4178571.09330035
 30
0.0
 11
566493.6557615804
 21
4178571.176987706
 31
0.0
  0
LINE
  5
751
330
1F
100
AcDbEntity
  8
TASLAK_PENCERE
100
AcDbLine
 10
566490.6615014474
 20
4178564.564437128
 30
0.0
 11
566490.4389022401
 21
4178568.2476604297
 31
0.0
  0
LINE
  5
752
330
1F
100
AcDbEntity
  8
TASLAK_PENCERE
100
AcDbLine
 10
566490.8212100449
 20
4178564.574089274
 30
0.0
 11
566490.50179285
 21
4178564.5547849825
 31
0.0
  0
LINE
  5
753
330
1F
100
AcDbEntity
  8
TASLAK_PENCERE
100
AcDbLine
 10
566490.5986108376
 20
4178568.2573125754
 30
0.0
 11
566490.2791936427
 21
4178568.238008284
 31
0.0
  0
LINE
  5
754
330
1F
100
AcDbEntity
  8
TASLAK_PENCERE
100
AcDbLine
 10
566490.5816471487
 20
4178564.5596110555
 30
0.0
 11
566490.3590479414
 21
4178568.242834357
 31
0.0
  0
LINE
  5
755
330
1F
100
AcDbEntity
  8
TASLAK_KAPI
100
AcDbLine
 10
566490.7781285506
 20
4178570.9229870443
 30
0.0
 11
566491.6764904971
 21
4178570.977262391
 31
0.0
  0
ARC
  5
756
330
1F
100
AcDbEntity
  8
TASLAK_KAPI
100
AcDbCircle
 10
566490.7781285506
 20
4178570.9229870443
 30
0.0
 40
0.9000000000406563
100
AcDbArc
 50
0.0
 51
90.0
  0
LINE
  5
757
330
1F
100
AcDbEntity
  8
TASLAK_KAPI
100
AcDbLine
 10
566491.984713122
 20
4178569.1926018577
 30
0.0
 11
566491.9334360991
 21
4178570.0410537818
 31
0.0
  0
ARC
  5
758
330
1F
100
AcDbEntity
  8
TASLAK_KAPI
100
AcDbCircle
 10
566491.984713122
 20
4178569.1926018577
 30
0.0
 40
0.8500000002912481
100
AcDbArc
 50
0.0
 51
90.0
  0
LINE
  5
759
330
1F
100
AcDbEntity
  8
TASLAK_KAPI
100
AcDbLine
 10
566491.1035160354
 20
4178568.6885430217
 30
0.0
 11
566492.0018779818
 21
4178568.742818368
 31
0.0
  0
ARC
  5
75A
330
1F
100
AcDbEntity
  8
TASLAK_KAPI
100
AcDbCircle
 10
566491.1035160354
 20
4178568.6885430217
 30
0.0
 40
0.9000000000406563
100
AcDbArc
 50
0.0
 51
90.0
  0
LWPOLYLINE
  5
75B
330
1F
100
AcDbEntity
  8
TASLAK_ASMAKAT
  6
KESIKLI
100
AcDbPolyline
 90
4
 70
1
 10
566491.8834477399
 20
4178564.237532763
 10
566494.4664512628
 20
4178564.393587247
 10
566494.195591328
 20
4178568.8753535356
 10
566491.612587805
 20
4178568.7192990514
  0
TEXT
  5
75C
330
1F
100
AcDbEntity
  8
TASLAK_ASMAKAT
100
AcDbText
 10
566493.0395195339
 20
4178566.5564431497
 30
0.0
 40
0.2
  1
ASMA KAT (YATAK ODASI)
 50
3.4573736513772
 72
1
 11
566493.0395195339
 21
4178566.5564431497
 31
0.0
100
AcDbText
 73
2
  0
LINE
  5
75D
330
1F
100
AcDbEntity
  8
TASLAK_GIRIS
100
AcDbLine
 10
566492.793310769
 20
4178571.0447360934
 30
0.0
 11
566492.7148870869
 21
4178572.342368447
 31
0.0
  0
LINE
  5
75E
330
1F
100
AcDbEntity
  8
TASLAK_GIRIS
100
AcDbLine
 10
566492.4425797639
 20
4178571.875096235
 30
0.0
 11
566492.793310769
 21
4178571.0447360934
 31
0.0
  0
LINE
  5
75F
330
1F
100
AcDbEntity
  8
TASLAK_GIRIS
100
AcDbLine
 10
566493.0414877281
 20
4178571.911279799
 30
0.0
 11
566492.793310769
 21
4178571.0447360934
 31
0.0
  0
TEXT
  5
760
330
1F
100
AcDbEntity
  8
TASLAK_GIRIS
100
AcDbText
 10
566492.6907567232
 20
4178572.741639941
 30
0.0
 40
0.24
  1
GIRIS
 50
3.4573736513772
 72
1
 11
566492.6907567232
 21
4178572.741639941
 31
0.0
100
AcDbText
 73
2
  0
LWPOLYLINE
  5
761
330
1F
100
AcDbEntity
  8
TASLAK_DUVAR
100
AcDbPolyline
 90
4
 70
1
 10
566495.609301536
 20
4178566.205862688
 10
566503.5946623223
 20
4178566.688339554
 10
566503.2930768143
 20
4178571.679235885
 10
566495.307716028
 20
4178571.196759019
  0
LWPOLYLINE
  5
762
330
1F
100
AcDbEntity
  8
TASLAK_DUVAR
100
AcDbPolyline
 90
4
 70
1
 10
566495.7968740524
 20
4178566.4175605783
 10
566503.3829629652
 20
4178566.8759133695
 10
566503.1055042979
 20
4178571.4675379945
 10
566495.5194153851
 20
4178571.0091852034
  0
LINE
  5
763
330
1F
100
AcDbEntity
  8
TASLAK_DUVAR
100
AcDbLine
 10
566495.6762398492
 20
4178568.4139191112
 30
0.0
 11
566503.262328762
 21
4178568.8722719024
 31
0.0
  0
LINE
  5
764
330
1F
100
AcDbEntity
  8
TASLAK_DUVAR
100
AcDbLine
 10
566495.6822715594
 20
4178568.3141011847
 30
0.0
 11
566503.2683604722
 21
4178568.772453976
 31
0.0
  0
LINE
  5
765
330
1F
100
AcDbEntity
  8
TASLAK_DUVAR
100
AcDbLine
 10
566500.9374227397
 20
4178566.7281534104
 30
0.0
 11
566500.8228202467
 21
4178568.6246940163
 31
0.0
  0
LINE
  5
766
330
1F
100
AcDbEntity
  8
TASLAK_DUVAR
100
AcDbLine
 10
566501.037240708
 20
4178566.734184429
 30
0.0
 11
566500.922638215
 21
4178568.630725035
 31
0.0
  0
LINE
  5
767
330
1F
100
AcDbEntity
  8
TASLAK_DUVAR
100
AcDbLine
 10
566496.9768892933
 20
4178568.442413392
 30
0.0
 11
566496.8170489741
 21
4178571.087588447
 31
0.0
  0
LINE
  5
768
330
1F
100
AcDbEntity
  8
TASLAK_DUVAR
100
AcDbLine
 10
566497.0767072617
 20
4178568.4484444107
 30
0.0
 11
566496.9168669425
 21
4178571.093619466
 31
0.0
  0
LINE
  5
769
330
1F
100
AcDbEntity
  8
TASLAK_DUVAR
100
AcDbLine
 10
566498.8734306927
 20
4178568.557002748
 30
0.0
 11
566498.7135903735
 21
4178571.202177803
 31
0.0
  0
LINE
  5
76A
330
1F
100
AcDbEntity
  8
TASLAK_DUVAR
100
AcDbLine
 10
566498.973248661
 20
4178568.5630337666
 30
0.0
 11
566498.8134083418
 21
4178571.2082088217
 31
0.0
  0
TEXT
  5
76B
330
1F
100
AcDbEntity
  8
TASLAK_MEKAN
100
AcDbText
 10
566499.5311093347
 20
4178567.6199617586
 30
0.0
 40
0.26
  1
MUTFAK + SALON\P14.8 m2
 72
1
 11
566499.5311093347
 21
4178567.6199617586
 31
0.0
100
AcDbText
 73
2
  0
TEXT
  5
76C
330
1F
100
AcDbEntity
  8
TASLAK_MEKAN
100
AcDbText
 10
566496.2731068312
 20
4178569.727307053
 30
0.0
 40
0.26
  1
ANTRE\P3.6 m2
 72
1
 11
566496.2731068312
 21
4178569.727307053
 31
0.0
100
AcDbText
 73
2
  0
TEXT
  5
76D
330
1F
100
AcDbEntity
  8
TASLAK_MEKAN
100
AcDbText
 10
566497.8951488177
 20
4178569.825311107
 30
0.0
 40
0.26
  1
BANYO/WC\P5.0 m2
 72
1
 11
566497.8951488177
 21
4178569.825311107
 31
0.0
100
AcDbText
 73
2
  0
CIRCLE
  5
76E
330
1F
100
AcDbEntity
  8
TASLAK_MERDIVEN
100
AcDbCircle
 10
566502.1207485865
 20
4178570.3561240677
 30
0.0
 40
0.85
  0
LINE
  5
76F
330
1F
100
AcDbEntity
  8
TASLAK_MERDIVEN
100
AcDbLine
 10
566502.1207485865
 20
4178570.3561240677
 30
0.0
 11
566502.9692013178
 21
4178570.4073877274
 31
0.0
  0
LINE
  5
770
330
1F
100
AcDbEntity
  8
TASLAK_MERDIVEN
100
AcDbLine
 10
566502.1207485865
 20
4178570.3561240677
 30
0.0
 11
566502.8298954375
 21
4178570.8247458874
 31
0.0
  0
LINE
  5
771
330
1F
100
AcDbEntity
  8
TASLAK_MERDIVEN
100
AcDbLine
 10
566502.1207485865
 20
4178570.3561240677
 30
0.0
 11
566502.5005742311
 21
4178571.116537209
 31
0.0
  0
LINE
  5
772
330
1F
100
AcDbEntity
  8
TASLAK_MERDIVEN
100
AcDbLine
 10
566502.1207485865
 20
4178570.3561240677
 30
0.0
 11
566502.0694790501
 21
4178571.204576444
 31
0.0
  0
LINE
  5
773
330
1F
100
AcDbEntity
  8
TASLAK_MERDIVEN
100
AcDbLine
 10
566502.1207485865
 20
4178570.3561240677
 30
0.0
 11
566501.6521214998
 21
4178571.06527355
 31
0.0
  0
LINE
  5
774
330
1F
100
AcDbEntity
  8
TASLAK_MERDIVEN
100
AcDbLine
 10
566502.1207485865
 20
4178570.3561240677
 30
0.0
 11
566501.360332199
 21
4178570.7359546246
 31
0.0
  0
LINE
  5
775
330
1F
100
AcDbEntity
  8
TASLAK_MERDIVEN
100
AcDbLine
 10
566502.1207485865
 20
4178570.3561240677
 30
0.0
 11
566501.2722958551
 21
4178570.3048604084
 31
0.0
  0
LINE
  5
776
330
1F
100
AcDbEntity
  8
TASLAK_MERDIVEN
100
AcDbLine
 10
566502.1207485865
 20
4178570.3561240677
 30
0.0
 11
566501.4116017354
 21
4178569.8875022484
 31
0.0
  0
LINE
  5
777
330
1F
100
AcDbEntity
  8
TASLAK_MERDIVEN
100
AcDbLine
 10
566502.1207485865
 20
4178570.3561240677
 30
0.0
 11
566501.7409229417
 21
4178569.5957109267
 31
0.0
  0
LINE
  5
778
330
1F
100
AcDbEntity
  8
TASLAK_MERDIVEN
100
AcDbLine
 10
566502.1207485865
 20
4178570.3561240677
 30
0.0
 11
566502.1720181229
 21
4178569.5076716915
 31
0.0
  0
LINE
  5
779
330
1F
100
AcDbEntity
  8
TASLAK_MERDIVEN
100
AcDbLine
 10
566502.1207485865
 20
4178570.3561240677
 30
0.0
 11
566502.5893756731
 21
4178569.646974586
 31
0.0
  0
LINE
  5
77A
330
1F
100
AcDbEntity
  8
TASLAK_MERDIVEN
100
AcDbLine
 10
566502.1207485865
 20
4178570.3561240677
 30
0.0
 11
566502.8811649738
 21
4178569.976293511
 31
0.0
  0
CIRCLE
  5
77B
330
1F
100
AcDbEntity
  8
TASLAK_MERDIVEN
100
AcDbCircle
 10
566502.1207485865
 20
4178570.3561240677
 30
0.0
 40
0.09
  0
LINE
  5
77C
330
1F
100
AcDbEntity
  8
TASLAK_OK
100
AcDbLine
 10
566501.6822978292
 20
4178569.8612802485
 30
0.0
 11
566502.5591993437
 21
4178570.850967888
 31
0.0
  0
LINE
  5
77D
330
1F
100
AcDbEntity
  8
TASLAK_OK
100
AcDbLine
 10
566502.2535250665
 20
4178570.9772625105
 30
0.0
 11
566502.5591993437
 21
4178570.850967888
 31
0.0
  0
LINE
  5
77E
330
1F
100
AcDbEntity
  8
TASLAK_OK
100
AcDbLine
 10
566502.7213806456
 20
4178570.562724378
 30
0.0
 11
566502.5591993437
 21
4178570.850967888
 31
0.0
  0
TEXT
  5
77F
330
1F
100
AcDbEntity
  8
TASLAK_OK
100
AcDbText
 10
566501.6965222207
 20
4178570.330492238
 30
0.0
 40
0.22
  1
CIKIS
 50
93.45801431700849
 72
1
 11
566501.6965222207
 21
4178570.330492238
 31
0.0
100
AcDbText
 73
2
  0
LINE
  5
780
330
1F
100
AcDbEntity
  8
TASLAK_PENCERE
100
AcDbLine
 10
566496.6074812199
 20
4178566.266172875
 30
0.0
 11
566500.7997592075
 21
4178566.5194710293
 31
0.0
  0
LINE
  5
781
330
1F
100
AcDbEntity
  8
TASLAK_PENCERE
100
AcDbLine
 10
566496.61713085
 20
4178566.1064641257
 30
0.0
 11
566496.5978315899
 21
4178566.4258816247
 31
0.0
  0
LINE
  5
782
330
1F
100
AcDbEntity
  8
TASLAK_PENCERE
100
AcDbLine
 10
566500.8094088376
 20
4178566.35976228
 30
0.0
 11
566500.7901095775
 21
4178566.679179779
 31
0.0
  0
LINE
  5
783
330
1F
100
AcDbEntity
  8
TASLAK_PENCERE
100
AcDbLine
 10
566496.602656405
 20
4178566.34602725
 30
0.0
 11
566500.7949343926
 21
4178566.599325404
 31
0.0
  0
LINE
  5
784
330
1F
100
AcDbEntity
  8
TASLAK_PENCERE
100
AcDbLine
 10
566501.199031081
 20
4178566.543595104
 30
0.0
 11
566502.995754512
 21
4178566.652153441
 31
0.0
  0
LINE
  5
785
330
1F
100
AcDbEntity
  8
TASLAK_PENCERE
100
AcDbLine
 10
566501.208680711
 20
4178566.3838863545
 30
0.0
 11
566501.1893814511
 21
4178566.7033038535
 31
0.0
  0
LINE
  5
786
330
1F
100
AcDbEntity
  8
TASLAK_PENCERE
100
AcDbLine
 10
566503.005404142
 20
4178566.4924446917
 30
0.0
 11
566502.9861048821
 21
4178566.8118621907
 31
0.0
  0
LINE
  5
787
330
1F
100
AcDbEntity
  8
TASLAK_PENCERE
100
AcDbLine
 10
566501.1942062661
 20
4178566.6234494788
 30
0.0
 11
566502.990929697
 21
4178566.732007816
 31
0.0
  0
LINE
  5
788
330
1F
100
AcDbEntity
  8
TASLAK_PENCERE
100
AcDbLine
 10
566495.5489844343
 20
4178567.204041954
 30
0.0
 11
566495.5158100284
 21
4178567.753040551
 31
0.0
  0
LINE
  5
789
330
1F
100
AcDbEntity
  8
TASLAK_PENCERE
100
AcDbLine
 10
566495.7086931169
 20
4178567.2136926902
 30
0.0
 11
566495.3892757518
 21
4178567.194391218
 31
0.0
  0
LINE
  5
78A
330
1F
100
AcDbEntity
  8
TASLAK_PENCERE
100
AcDbLine
 10
566495.675518711
 20
4178567.7626912873
 30
0.0
 11
566495.3561013459
 21
4178567.743389815
 31
0.0
  0
LINE
  5
78B
330
1F
100
AcDbEntity
  8
TASLAK_PENCERE
100
AcDbLine
 10
566495.469130093
 20
4178567.199216586
 30
0.0
 11
566495.4359556871
 21
4178567.748215183
 31
0.0
  0
LINE
  5
78C
330
1F
100
AcDbEntity
  8
TASLAK_PENCERE
100
AcDbLine
 10
566495.9066238382
 20
4178571.2329451316
 30
0.0
 11
566496.5554406327
 21
4178571.2721467535
 31
0.0
  0
LINE
  5
78D
330
1F
100
AcDbEntity
  8
TASLAK_PENCERE
100
AcDbLine
 10
566495.9162734683
 20
4178571.073236382
 30
0.0
 11
566495.8969742082
 21
4178571.392653881
 31
0.0
  0
LINE
  5
78E
330
1F
100
AcDbEntity
  8
TASLAK_PENCERE
100
AcDbLine
 10
566496.5650902628
 20
4178571.112438004
 30
0.0
 11
566496.5457910027
 21
4178571.431855503
 31
0.0
  0
LINE
  5
78F
330
1F
100
AcDbEntity
  8
TASLAK_PENCERE
100
AcDbLine
 10
566495.9017990233
 20
4178571.3127995064
 30
0.0
 11
566496.5506158178
 21
4178571.3520011283
 31
0.0
  0
LINE
  5
790
330
1F
100
AcDbEntity
  8
TASLAK_PENCERE
100
AcDbLine
 10
566497.2042574274
 20
4178571.311348375
 30
0.0
 11
566498.4020730479
 21
4178571.3837206
 31
0.0
  0
LINE
  5
791
330
1F
100
AcDbEntity
  8
TASLAK_PENCERE
100
AcDbLine
 10
566497.2139070574
 20
4178571.1516396254
 30
0.0
 11
566497.1946077973
 21
4178571.4710571244
 31
0.0
  0
LINE
  5
792
330
1F
100
AcDbEntity
  8
TASLAK_PENCERE
100
AcDbLine
 10
566498.411722678
 20
4178571.2240118505
 30
0.0
 11
566498.3924234179
 21
4178571.5434293495
 31
0.0
  0
LINE
  5
793
330
1F
100
AcDbEntity
  8
TASLAK_PENCERE
100
AcDbLine
 10
566497.1994326124
 20
4178571.3912027497
 30
0.0
 11
566498.397248233
 21
4178571.463574975
 31
0.0
  0
LINE
  5
794
330
1F
100
AcDbEntity
  8
TASLAK_PENCERE
100
AcDbLine
 10
566499.1507078109
 20
4178571.4289532406
 30
0.0
 11
566502.694169004
 21
4178571.6430497724
 31
0.0
  0
LINE
  5
795
330
1F
100
AcDbEntity
  8
TASLAK_PENCERE
100
AcDbLine
 10
566499.1603574408
 20
4178571.269244491
 30
0.0
 11
566499.141058181
 21
4178571.58866199
 31
0.0
  0
LINE
  5
796
330
1F
100
AcDbEntity
  8
TASLAK_PENCERE
100
AcDbLine
 10
566502.7038186339
 20
4178571.483341023
 30
0.0
 11
566502.684519374
 21
4178571.802758522
 31
0.0
  0
LINE
  5
797
330
1F
100
AcDbEntity
  8
TASLAK_PENCERE
100
AcDbLine
 10
566499.1458829959
 20
4178571.5088076154
 30
0.0
 11
566502.689344189
 21
4178571.722904147
 31
0.0
  0
LINE
  5
798
330
1F
100
AcDbEntity
  8
TASLAK_KAPI
100
AcDbLine
 10
566495.8068058699
 20
4178571.226914113
 30
0.0
 11
566496.7051675854
 21
4178571.2811932815
 31
0.0
  0
ARC
  5
799
330
1F
100
AcDbEntity
  8
TASLAK_KAPI
100
AcDbCircle
 10
566495.8068058699
 20
4178571.226914113
 30
0.0
 40
0.8999999999993996
100
AcDbArc
 50
0.0
 51
90.0
  0
LINE
  5
79A
330
1F
100
AcDbEntity
  8
TASLAK_KAPI
100
AcDbLine
 10
566496.9996555818
 20
4178568.894609571
 30
0.0
 11
566496.9514019005
 21
4178569.6931529837
 31
0.0
  0
ARC
  5
79B
330
1F
100
AcDbEntity
  8
TASLAK_KAPI
100
AcDbCircle
 10
566496.9996555818
 20
4178568.894609571
 30
0.0
 40
0.7999999998311556
100
AcDbArc
 50
0.0
 51
90.0
  0
LINE
  5
79C
330
1F
100
AcDbEntity
  8
TASLAK_KAPI
100
AcDbLine
 10
566496.1508956049
 20
4178568.3925067117
 30
0.0
 11
566497.0492573204
 21
4178568.4467858807
 31
0.0
  0
ARC
  5
79D
330
1F
100
AcDbEntity
  8
TASLAK_KAPI
100
AcDbCircle
 10
566496.1508956049
 20
4178568.3925067117
 30
0.0
 40
0.9000000000274837
100
AcDbArc
 50
0.0
 51
90.0
  0
LWPOLYLINE
  5
79E
330
1F
100
AcDbEntity
  8
TASLAK_ASMAKAT
  6
KESIKLI
100
AcDbPolyline
 90
4
 70
1
 10
566495.6781462043
 20
4178568.3823711076
 10
566503.2642351171
 20
4178568.8407238987
 10
566503.1055042979
 20
4178571.4675379945
 10
566495.5194153851
 20
4178571.0091852034
  0
TEXT
  5
79F
330
1F
100
AcDbEntity
  8
TASLAK_ASMAKAT
100
AcDbText
 10
566499.391825251
 20
4178569.9249545517
 30
0.0
 40
0.2
  1
ASMA KAT (YATAK ODASI)
 50
3.457617439777186
 72
1
 11
566499.391825251
 21
4178569.9249545517
 31
0.0
100
AcDbText
 73
2
  0
LINE
  5
7A0
330
1F
100
AcDbEntity
  8
TASLAK_GIRIS
100
AcDbLine
 10
566499.3003964211
 20
4178571.437997452
 30
0.0
 11
566499.221984189
 21
4178572.735630498
 31
0.0
  0
LINE
  5
7A1
330
1F
100
AcDbEntity
  8
TASLAK_GIRIS
100
AcDbLine
 10
566498.9496729795
 20
4178572.268356772
 30
0.0
 11
566499.3003964211
 21
4178571.437997452
 31
0.0
  0
LINE
  5
7A2
330
1F
100
AcDbEntity
  8
TASLAK_GIRIS
100
AcDbLine
 10
566499.5485807899
 20
4178572.304542884
 30
0.0
 11
566499.3003964211
 21
4178571.437997452
 31
0.0
  0
TEXT
  5
7A3
330
1F
100
AcDbEntity
  8
TASLAK_GIRIS
100
AcDbText
 10
566499.1978573484
 20
4178573.1349022044
 30
0.0
 40
0.24
  1
GIRIS
 50
3.457617439777186
 72
1
 11
566499.1978573484
 21
4178573.1349022044
 31
0.0
100
AcDbText
 73
2
  0
LWPOLYLINE
  5
7A4
330
1F
100
AcDbEntity
  8
TASLAK_DUVAR
100
AcDbPolyline
 90
4
 70
1
 10
566503.5947356648
 20
4178566.688399501
 10
566511.5801201162
 20
4178567.170874602
 10
566511.2784849309
 20
4178572.1617092225
 10
566503.2931004794
 20
4178571.6792341215
  0
LWPOLYLINE
  5
7A5
330
1F
100
AcDbEntity
  8
TASLAK_DUVAR
100
AcDbPolyline
 90
4
 70
1
 10
566503.7823060575
 20
4178566.9000971834
 10
566511.3684186259
 20
4178567.358448369
 10
566511.0909145381
 20
4178571.95001154
 10
566503.5048019697
 20
4178571.4916603547
  0
LINE
  5
7A6
330
1F
100
AcDbEntity
  8
TASLAK_DUVAR
100
AcDbLine
 10
566503.6616541045
 20
4178568.8963959347
 30
0.0
 11
566511.2477666729
 21
4178569.3547471203
 31
0.0
  0
LINE
  5
7A7
330
1F
100
AcDbEntity
  8
TASLAK_DUVAR
100
AcDbLine
 10
566503.6676868789
 20
4178568.7965780725
 30
0.0
 11
566511.2537994473
 21
4178569.254929258
 31
0.0
  0
LINE
  5
7A8
330
1F
100
AcDbEntity
  8
TASLAK_DUVAR
100
AcDbLine
 10
566508.9228783415
 20
4178567.2106893845
 30
0.0
 11
566508.8082556276
 21
4178569.107228768
 31
0.0
  0
LINE
  5
7A9
330
1F
100
AcDbEntity
  8
TASLAK_DUVAR
100
AcDbLine
 10
566509.0226963123
 20
4178567.2167203636
 30
0.0
 11
566508.9080735984
 21
4178569.113259747
 31
0.0
  0
LINE
  5
7AA
330
1F
100
AcDbEntity
  8
TASLAK_DUVAR
100
AcDbLine
 10
566504.962304112
 20
4178568.9248897303
 30
0.0
 11
566504.8024355901
 21
4178571.570063081
 31
0.0
  0
LINE
  5
7AB
330
1F
100
AcDbEntity
  8
TASLAK_DUVAR
100
AcDbLine
 10
566505.0621220828
 20
4178568.9309207094
 30
0.0
 11
566504.9022535608
 21
4178571.57609406
 31
0.0
  0
LINE
  5
7AC
330
1F
100
AcDbEntity
  8
TASLAK_DUVAR
100
AcDbLine
 10
566506.8588455571
 20
4178569.0394783304
 30
0.0
 11
566506.6989770351
 21
4178571.684651681
 31
0.0
  0
LINE
  5
7AD
330
1F
100
AcDbEntity
  8
TASLAK_DUVAR
100
AcDbLine
 10
566506.9586635279
 20
4178569.0455093095
 30
0.0
 11
566506.7987950059
 21
4178571.6906826603
 31
0.0
  0
TEXT
  5
7AE
330
1F
100
AcDbEntity
  8
TASLAK_MEKAN
100
AcDbText
 10
566507.5165445587
 20
4178568.102467687
 30
0.0
 40
0.26
  1
MUTFAK + SALON\P14.8 m2
 72
1
 11
566507.5165445587
 21
4178568.102467687
 31
0.0
100
AcDbText
 73
2
  0
TEXT
  5
7AF
330
1F
100
AcDbEntity
  8
TASLAK_MEKAN
100
AcDbText
 10
566504.2585075336
 20
4178570.2097827876
 30
0.0
 40
0.26
  1
ANTRE\P3.6 m2
 72
1
 11
566504.2585075336
 21
4178570.2097827876
 31
0.0
100
AcDbText
 73
2
  0
TEXT
  5
7B0
330
1F
100
AcDbEntity
  8
TASLAK_MEKAN
100
AcDbText
 10
566505.8805495589
 20
4178570.307786195
 30
0.0
 40
0.26
  1
BANYO/WC\P5.0 m2
 72
1
 11
566505.8805495589
 21
4178570.307786195
 31
0.0
100
AcDbText
 73
2
  0
CIRCLE
  5
7B1
330
1F
100
AcDbEntity
  8
TASLAK_MERDIVEN
100
AcDbCircle
 10
566510.1061699761
 20
4178570.838598707
 30
0.0
 40
0.85
  0
LINE
  5
7B2
330
1F
100
AcDbEntity
  8
TASLAK_MERDIVEN
100
AcDbLine
 10
566510.1061699761
 20
4178570.838598707
 30
0.0
 11
566510.9546227278
 21
4178570.889862028
 31
0.0
  0
LINE
  5
7B3
330
1F
100
AcDbEntity
  8
TASLAK_MERDIVEN
100
AcDbLine
 10
566510.1061699761
 20
4178570.838598707
 30
0.0
 11
566510.8153123218
 21
4178571.3072199603
 31
0.0
  0
LINE
  5
7B4
330
1F
100
AcDbEntity
  8
TASLAK_MERDIVEN
100
AcDbLine
 10
566510.1061699761
 20
4178570.838598707
 30
0.0
 11
566510.4859877968
 21
4178571.5990112056
 31
0.0
  0
LINE
  5
7B5
330
1F
100
AcDbEntity
  8
TASLAK_MERDIVEN
100
AcDbLine
 10
566510.1061699761
 20
4178570.838598707
 30
0.0
 11
566510.0548913935
 21
4178571.6870505367
 31
0.0
  0
LINE
  5
7B6
330
1F
100
AcDbEntity
  8
TASLAK_MERDIVEN
100
AcDbLine
 10
566510.1061699761
 20
4178570.838598707
 30
0.0
 11
566509.6375350452
 21
4178571.547747885
 31
0.0
  0
LINE
  5
7B7
330
1F
100
AcDbEntity
  8
TASLAK_MERDIVEN
100
AcDbLine
 10
566510.1061699761
 20
4178570.838598707
 30
0.0
 11
566509.3457490479
 21
4178571.2184292832
 31
0.0
  0
LINE
  5
7B8
330
1F
100
AcDbEntity
  8
TASLAK_MERDIVEN
100
AcDbLine
 10
566510.1061699761
 20
4178570.838598707
 30
0.0
 11
566509.2577172244
 21
4178570.787335386
 31
0.0
  0
LINE
  5
7B9
330
1F
100
AcDbEntity
  8
TASLAK_MERDIVEN
100
AcDbLine
 10
566510.1061699761
 20
4178570.838598707
 30
0.0
 11
566509.3970276305
 21
4178570.3699774537
 31
0.0
  0
LINE
  5
7BA
330
1F
100
AcDbEntity
  8
TASLAK_MERDIVEN
100
AcDbLine
 10
566510.1061699761
 20
4178570.838598707
 30
0.0
 11
566509.7263521554
 21
4178570.0781862084
 31
0.0
  0
LINE
  5
7BB
330
1F
100
AcDbEntity
  8
TASLAK_MERDIVEN
100
AcDbLine
 10
566510.1061699761
 20
4178570.838598707
 30
0.0
 11
566510.1574485586
 21
4178569.9901468777
 31
0.0
  0
LINE
  5
7BC
330
1F
100
AcDbEntity
  8
TASLAK_MERDIVEN
100
AcDbLine
 10
566510.1061699761
 20
4178570.838598707
 30
0.0
 11
566510.5748049071
 21
4178570.129449529
 31
0.0
  0
LINE
  5
7BD
330
1F
100
AcDbEntity
  8
TASLAK_MERDIVEN
100
AcDbLine
 10
566510.1061699761
 20
4178570.838598707
 30
0.0
 11
566510.8665909043
 21
4178570.4587681307
 31
0.0
  0
CIRCLE
  5
7BE
330
1F
100
AcDbEntity
  8
TASLAK_MERDIVEN
100
AcDbCircle
 10
566510.1061699761
 20
4178570.838598707
 30
0.0
 40
0.09
  0
LINE
  5
7BF
330
1F
100
AcDbEntity
  8
TASLAK_OK
100
AcDbLine
 10
566509.6677241832
 20
4178570.3437553737
 30
0.0
 11
566510.5446157692
 21
4178571.33344204
 31
0.0
  0
LINE
  5
7C0
330
1F
100
AcDbEntity
  8
TASLAK_OK
100
AcDbLine
 10
566510.2389399471
 20
4178571.459736688
 30
0.0
 11
566510.5446157692
 21
4178571.33344204
 31
0.0
  0
LINE
  5
7C1
330
1F
100
AcDbEntity
  8
TASLAK_OK
100
AcDbLine
 10
566510.7068002409
 20
4178571.045198664
 30
0.0
 11
566510.5446157692
 21
4178571.33344204
 31
0.0
  0
TEXT
  5
7C2
330
1F
100
AcDbEntity
  8
TASLAK_OK
100
AcDbText
 10
566509.6819436003
 20
4178570.8129670466
 30
0.0
 40
0.22
  1
CIKIS
 50
93.45862520142703
 72
1
 11
566509.6819436003
 21
4178570.8129670466
 31
0.0
100
AcDbText
 73
2
  0
LINE
  5
7C3
330
1F
100
AcDbEntity
  8
TASLAK_PENCERE
100
AcDbLine
 10
566504.5929153727
 20
4178566.7487092908
 30
0.0
 11
566508.785216934
 21
4178567.0020071915
 31
0.0
  0
LINE
  5
7C4
330
1F
100
AcDbEntity
  8
TASLAK_PENCERE
100
AcDbLine
 10
566504.6025649391
 20
4178566.5890005375
 30
0.0
 11
566504.5832658063
 21
4178566.908418044
 31
0.0
  0
LINE
  5
7C5
330
1F
100
AcDbEntity
  8
TASLAK_PENCERE
100
AcDbLine
 10
566508.7948665004
 20
4178566.8422984383
 30
0.0
 11
566508.7755673677
 21
4178567.1617159448
 31
0.0
  0
LINE
  5
7C6
330
1F
100
AcDbEntity
  8
TASLAK_PENCERE
100
AcDbLine
 10
566504.5880905895
 20
4178566.8285636674
 30
0.0
 11
566508.7803921509
 21
4178567.081861568
 31
0.0
  0
LINE
  5
7C7
330
1F
100
AcDbEntity
  8
TASLAK_PENCERE
100
AcDbLine
 10
566509.1844888172
 20
4178567.0261311075
 30
0.0
 11
566510.9812122915
 21
4178567.1346887285
 31
0.0
  0
LINE
  5
7C8
330
1F
100
AcDbEntity
  8
TASLAK_PENCERE
100
AcDbLine
 10
566509.1941383835
 20
4178566.8664223542
 30
0.0
 11
566509.174839251
 21
4178567.1858398607
 31
0.0
  0
LINE
  5
7C9
330
1F
100
AcDbEntity
  8
TASLAK_PENCERE
100
AcDbLine
 10
566510.9908618578
 20
4178566.9749799753
 30
0.0
 11
566510.9715627253
 21
4178567.2943974817
 31
0.0
  0
LINE
  5
7CA
330
1F
100
AcDbEntity
  8
TASLAK_PENCERE
100
AcDbLine
 10
566509.179664034
 20
4178567.105985484
 30
0.0
 11
566510.9763875083
 21
4178567.214543105
 31
0.0
  0
LINE
  5
7CB
330
1F
100
AcDbEntity
  8
TASLAK_PENCERE
100
AcDbLine
 10
566503.5344079207
 20
4178567.6865781243
 30
0.0
 11
566503.5012311967
 21
4178568.2355178725
 31
0.0
  0
LINE
  5
7CC
330
1F
100
AcDbEntity
  8
TASLAK_PENCERE
100
AcDbLine
 10
566503.6941165003
 20
4178567.6962305633
 30
0.0
 11
566503.374699341
 21
4178567.6769256853
 31
0.0
  0
LINE
  5
7CD
330
1F
100
AcDbEntity
  8
TASLAK_PENCERE
100
AcDbLine
 10
566503.6609397763
 20
4178568.2451703115
 30
0.0
 11
566503.341522617
 21
4178568.2258654335
 31
0.0
  0
LINE
  5
7CE
330
1F
100
AcDbEntity
  8
TASLAK_PENCERE
100
AcDbLine
 10
566503.4545536308
 20
4178567.6817519045
 30
0.0
 11
566503.4213769068
 21
4178568.2306916527
 31
0.0
  0
LINE
  5
7CF
330
1F
100
AcDbEntity
  8
TASLAK_PENCERE
100
AcDbLine
 10
566503.8920083041
 20
4178571.715419995
 30
0.0
 11
566504.5408251144
 21
4178571.754621358
 31
0.0
  0
LINE
  5
7D0
330
1F
100
AcDbEntity
  8
TASLAK_PENCERE
100
AcDbLine
 10
566503.9016578704
 20
4178571.555711242
 30
0.0
 11
566503.8823587379
 21
4178571.8751287484
 31
0.0
  0
LINE
  5
7D1
330
1F
100
AcDbEntity
  8
TASLAK_PENCERE
100
AcDbLine
 10
566504.5504746806
 20
4178571.594912605
 30
0.0
 11
566504.5311755481
 21
4178571.9143301114
 31
0.0
  0
LINE
  5
7D2
330
1F
100
AcDbEntity
  8
TASLAK_PENCERE
100
AcDbLine
 10
566503.887183521
 20
4178571.7952743717
 30
0.0
 11
566504.5360003312
 21
4178571.8344757347
 31
0.0
  0
LINE
  5
7D3
330
1F
100
AcDbEntity
  8
TASLAK_PENCERE
100
AcDbLine
 10
566505.1896419245
 20
4178571.7938227216
 30
0.0
 11
566506.3874575739
 21
4178571.866194469
 31
0.0
  0
LINE
  5
7D4
330
1F
100
AcDbEntity
  8
TASLAK_PENCERE
100
AcDbLine
 10
566505.1992914907
 20
4178571.6341139683
 30
0.0
 11
566505.1799923582
 21
4178571.953531475
 31
0.0
  0
LINE
  5
7D5
330
1F
100
AcDbEntity
  8
TASLAK_PENCERE
100
AcDbLine
 10
566506.3971071402
 20
4178571.7064857157
 30
0.0
 11
566506.3778080076
 21
4178572.025903222
 31
0.0
  0
LINE
  5
7D6
330
1F
100
AcDbEntity
  8
TASLAK_PENCERE
100
AcDbLine
 10
566505.1848171413
 20
4178571.873677098
 30
0.0
 11
566506.3826327907
 21
4178571.9460488455
 31
0.0
  0
LINE
  5
7D7
330
1F
100
AcDbEntity
  8
TASLAK_PENCERE
100
AcDbLine
 10
566507.1360923549
 20
4178571.911426811
 30
0.0
 11
566510.6795771061
 21
4178572.125523349
 31
0.0
  0
LINE
  5
7D8
330
1F
100
AcDbEntity
  8
TASLAK_PENCERE
100
AcDbLine
 10
566507.1457419213
 20
4178571.751718058
 30
0.0
 11
566507.1264427885
 21
4178572.0711355642
 31
0.0
  0
LINE
  5
7D9
330
1F
100
AcDbEntity
  8
TASLAK_PENCERE
100
AcDbLine
 10
566510.6892266725
 20
4178571.9658145956
 30
0.0
 11
566510.6699275398
 21
4178572.285232102
 31
0.0
  0
LINE
  5
7DA
330
1F
100
AcDbEntity
  8
TASLAK_PENCERE
100
AcDbLine
 10
566507.1312675717
 20
4178571.9912811876
 30
0.0
 11
566510.674752323
 21
4178572.2053777254
 31
0.0
  0
LINE
  5
7DB
330
1F
100
AcDbEntity
  8
TASLAK_KAPI
100
AcDbLine
 10
566503.7921903334
 20
4178571.709389016
 30
0.0
 11
566504.6905520705
 21
4178571.7636678265
 31
0.0
  0
ARC
  5
7DC
330
1F
100
AcDbEntity
  8
TASLAK_KAPI
100
AcDbCircle
 10
566503.7921903334
 20
4178571.709389016
 30
0.0
 40
0.9000000000166173
100
AcDbArc
 50
0.0
 51
90.0
  0
LINE
  5
7DD
330
1F
100
AcDbEntity
  8
TASLAK_KAPI
100
AcDbLine
 10
566504.9850656126
 20
4178569.3770856005
 30
0.0
 11
566504.9368034173
 21
4178570.1756284987
 31
0.0
  0
ARC
  5
7DE
330
1F
100
AcDbEntity
  8
TASLAK_KAPI
100
AcDbCircle
 10
566504.9850656126
 20
4178569.3770856005
 30
0.0
 40
0.7999999997996609
100
AcDbArc
 50
0.0
 51
90.0
  0
LINE
  5
7DF
330
1F
100
AcDbEntity
  8
TASLAK_KAPI
100
AcDbLine
 10
566504.1363104037
 20
4178568.8749833796
 30
0.0
 11
566505.0346721408
 21
4178568.92926219
 31
0.0
  0
ARC
  5
7E0
330
1F
100
AcDbEntity
  8
TASLAK_KAPI
100
AcDbCircle
 10
566504.1363104037
 20
4178568.8749833796
 30
0.0
 40
0.9000000000166173
100
AcDbArc
 50
0.0
 51
90.0
  0
LWPOLYLINE
  5
7E1
330
1F
100
AcDbEntity
  8
TASLAK_ASMAKAT
  6
KESIKLI
100
AcDbPolyline
 90
4
 70
1
 10
566503.6635603048
 20
4178568.8648560797
 10
566511.2496728732
 20
4178569.323207265
 10
566511.0909145381
 20
4178571.95001154
 10
566503.5048019697
 20
4178571.4916603547
  0
TEXT
  5
7E2
330
1F
100
AcDbEntity
  8
TASLAK_ASMAKAT
100
AcDbText
 10
566507.3772374215
 20
4178570.4074338097
 30
0.0
 40
0.2
  1
ASMA KAT (YATAK ODASI)
 50
3.4575946008635277
 72
1
 11
566507.3772374215
 21
4178570.4074338097
 31
0.0
100
AcDbText
 73
2
  0
LINE
  5
7E3
330
1F
100
AcDbEntity
  8
TASLAK_GIRIS
100
AcDbLine
 10
566507.2857927051
 20
4178571.920471672
 30
0.0
 11
566507.2073666378
 21
4178573.218103882
 31
0.0
  0
LINE
  5
7E4
330
1F
100
AcDbEntity
  8
TASLAK_GIRIS
100
AcDbLine
 10
566506.9350602102
 20
4178572.7508305646
 30
0.0
 11
566507.2857927051
 21
4178571.920471672
 31
0.0
  0
LINE
  5
7E5
330
1F
100
AcDbEntity
  8
TASLAK_GIRIS
100
AcDbLine
 10
566507.533968035
 20
4178572.7870164383
 30
0.0
 11
566507.2857927051
 21
4178571.920471672
 31
0.0
  0
TEXT
  5
7E6
330
1F
100
AcDbEntity
  8
TASLAK_GIRIS
100
AcDbText
 10
566507.1832355402
 20
4178573.617375331
 30
0.0
 40
0.24
  1
GIRIS
 50
3.4575946008635277
 72
1
 11
566507.1832355402
 21
4178573.617375331
 31
0.0
100
AcDbText
 73
2
  0
LWPOLYLINE
  5
7E7
330
1F
100
AcDbEntity
  8
TASLAK_DUVAR
100
AcDbPolyline
 90
4
 70
1
 10
566511.7574355372
 20
4178564.2362288157
 10
566516.7861129844
 20
4178564.540153763
 10
566516.3072617326
 20
4178572.465757592
 10
566511.2785842854
 20
4178572.161832645
  0
LWPOLYLINE
  5
7E8
330
1F
100
AcDbEntity
  8
TASLAK_DUVAR
100
AcDbPolyline
 90
4
 70
1
 10
566511.9450095968
 20
4178564.447930428
 10
566516.5744156073
 20
4178564.7277240697
 10
566516.119687673
 20
4178572.2540559797
 10
566511.4902816626
 20
4178571.974262338
  0
LINE
  5
7E9
330
1F
100
AcDbEntity
  8
TASLAK_DUVAR
100
AcDbLine
 10
566515.4553112537
 20
4178565.01072591
 30
0.0
 11
566515.1513540545
 21
4178570.0416083243
 31
0.0
  0
LINE
  5
7EA
330
1F
100
AcDbEntity
  8
TASLAK_DUVAR
100
AcDbLine
 10
566515.5551291129
 20
4178565.016758736
 30
0.0
 11
566515.2511719137
 21
4178570.0476411507
 31
0.0
  0
LINE
  5
7EB
330
1F
100
AcDbEntity
  8
TASLAK_DUVAR
100
AcDbLine
 10
566512.9614547639
 20
4178570.0094369063
 30
0.0
 11
566512.8378227612
 21
4178572.055705493
 31
0.0
  0
LINE
  5
7EC
330
1F
100
AcDbEntity
  8
TASLAK_DUVAR
100
AcDbLine
 10
566513.061272623
 20
4178570.0154697327
 30
0.0
 11
566512.9376406203
 21
4178572.061738319
 31
0.0
  0
LINE
  5
7ED
330
1F
100
AcDbEntity
  8
TASLAK_DUVAR
100
AcDbLine
 10
566511.6108982506
 20
4178569.9779027416
 30
0.0
 11
566515.19221674
 21
4178570.194351707
 31
0.0
  0
LINE
  5
7EE
330
1F
100
AcDbEntity
  8
TASLAK_DUVAR
100
AcDbLine
 10
566511.61692908
 20
4178569.878084762
 30
0.0
 11
566515.1982475694
 21
4178570.0945337275
 31
0.0
  0
LINE
  5
7EF
330
1F
100
AcDbEntity
  8
TASLAK_DUVAR
100
AcDbLine
 10
566511.5640047357
 20
4178569.9249773384
 30
0.0
 11
566511.4403727329
 21
4178571.971245925
 31
0.0
  0
LINE
  5
7F0
330
1F
100
AcDbEntity
  8
TASLAK_DUVAR
100
AcDbLine
 10
566511.6638225948
 20
4178569.931010165
 30
0.0
 11
566511.5401905921
 21
4178571.9772787513
 31
0.0
  0
LINE
  5
7F1
330
1F
100
AcDbEntity
  8
TASLAK_DUVAR
100
AcDbLine
 10
566513.0807905368
 20
4178564.5165751493
 30
0.0
 11
566512.9662047782
 21
4178566.413116766
 31
0.0
  0
LINE
  5
7F2
330
1F
100
AcDbEntity
  8
TASLAK_DUVAR
100
AcDbLine
 10
566513.180608396
 20
4178564.5226079756
 30
0.0
 11
566513.0660226373
 21
4178566.4191495925
 31
0.0
  0
TEXT
  5
7F3
330
1F
100
AcDbEntity
  8
TASLAK_MEKAN
100
AcDbText
 10
566512.250822678
 20
4178570.993357829
 30
0.0
 40
0.26
  1
ANTRE\P2.9 m2
 72
1
 11
566512.250822678
 21
4178570.993357829
 31
0.0
100
AcDbText
 73
2
  0
TEXT
  5
7F4
330
1F
100
AcDbEntity
  8
TASLAK_MEKAN
100
AcDbText
 10
566514.0414819225
 20
4178571.1015823106
 30
0.0
 40
0.26
  1
BANYO/WC\P4.5 m2
 72
1
 11
566514.0414819225
 21
4178571.1015823106
 31
0.0
100
AcDbText
 73
2
  0
TEXT
  5
7F5
330
1F
100
AcDbEntity
  8
TASLAK_MEKAN
100
AcDbText
 10
566513.5701208757
 20
4178567.296186573
 30
0.0
 40
0.26
  1
MUTFAK + SALON\P19.7 m2
 72
1
 11
566513.5701208757
 21
4178567.296186573
 31
0.0
100
AcDbText
 73
2
  0
LINE
  5
7F6
330
1F
100
AcDbEntity
  8
TASLAK_MERDIVEN
100
AcDbLine
 10
566515.5052201833
 20
4178565.013742323
 30
0.0
 11
566516.5533077044
 21
4178565.077086999
 31
0.0
  0
LINE
  5
7F7
330
1F
100
AcDbEntity
  8
TASLAK_MERDIVEN
100
AcDbLine
 10
566515.4892224359
 20
4178565.278525608
 30
0.0
 11
566516.537309957
 21
4178565.341870284
 31
0.0
  0
LINE
  5
7F8
330
1F
100
AcDbEntity
  8
TASLAK_MERDIVEN
100
AcDbLine
 10
566515.4732246886
 20
4178565.5433088928
 30
0.0
 11
566516.5213122097
 21
4178565.606653569
 31
0.0
  0
LINE
  5
7F9
330
1F
100
AcDbEntity
  8
TASLAK_MERDIVEN
100
AcDbLine
 10
566515.4572269412
 20
4178565.808092178
 30
0.0
 11
566516.5053144624
 21
4178565.871436854
 31
0.0
  0
LINE
  5
7FA
330
1F
100
AcDbEntity
  8
TASLAK_MERDIVEN
100
AcDbLine
 10
566515.4412291939
 20
4178566.072875463
 30
0.0
 11
566516.489316715
 21
4178566.136220139
 31
0.0
  0
LINE
  5
7FB
330
1F
100
AcDbEntity
  8
TASLAK_MERDIVEN
100
AcDbLine
 10
566515.4252314466
 20
4178566.337658748
 30
0.0
 11
566516.4733189677
 21
4178566.401003424
 31
0.0
  0
LINE
  5
7FC
330
1F
100
AcDbEntity
  8
TASLAK_MERDIVEN
100
AcDbLine
 10
566515.4092336993
 20
4178566.6024420327
 30
0.0
 11
566516.4573212204
 21
4178566.6657867087
 31
0.0
  0
LINE
  5
7FD
330
1F
100
AcDbEntity
  8
TASLAK_MERDIVEN
100
AcDbLine
 10
566515.393235952
 20
4178566.8672253178
 30
0.0
 11
566516.4413234731
 21
4178566.930569994
 31
0.0
  0
LINE
  5
7FE
330
1F
100
AcDbEntity
  8
TASLAK_MERDIVEN
100
AcDbLine
 10
566515.3772382046
 20
4178567.132008603
 30
0.0
 11
566516.4253257257
 21
4178567.195353279
 31
0.0
  0
LINE
  5
7FF
330
1F
100
AcDbEntity
  8
TASLAK_MERDIVEN
100
AcDbLine
 10
566515.3612404573
 20
4178567.396791888
 30
0.0
 11
566516.4093279784
 21
4178567.460136564
 31
0.0
  0
LINE
  5
800
330
1F
100
AcDbEntity
  8
TASLAK_MERDIVEN
100
AcDbLine
 10
566515.34524271
 20
4178567.6615751726
 30
0.0
 11
566516.3933302311
 21
4178567.7249198486
 31
0.0
  0
LINE
  5
801
330
1F
100
AcDbEntity
  8
TASLAK_MERDIVEN
100
AcDbLine
 10
566515.3292449627
 20
4178567.9263584577
 30
0.0
 11
566516.3773324838
 21
4178567.9897031337
 31
0.0
  0
LINE
  5
802
330
1F
100
AcDbEntity
  8
TASLAK_MERDIVEN
100
AcDbLine
 10
566515.3132472154
 20
4178568.1911417427
 30
0.0
 11
566516.3613347365
 21
4178568.254486419
 31
0.0
  0
LINE
  5
803
330
1F
100
AcDbEntity
  8
TASLAK_MERDIVEN
100
AcDbLine
 10
566515.297249468
 20
4178568.4559250274
 30
0.0
 11
566516.3453369892
 21
4178568.5192697034
 31
0.0
  0
LINE
  5
804
330
1F
100
AcDbEntity
  8
TASLAK_MERDIVEN
100
AcDbLine
 10
566515.2812517207
 20
4178568.7207083125
 30
0.0
 11
566516.3293392418
 21
4178568.7840529885
 31
0.0
  0
LINE
  5
805
330
1F
100
AcDbEntity
  8
TASLAK_MERDIVEN
100
AcDbLine
 10
566515.2652539734
 20
4178568.9854915976
 30
0.0
 11
566516.3133414945
 21
4178569.0488362736
 31
0.0
  0
LINE
  5
806
330
1F
100
AcDbEntity
  8
TASLAK_MERDIVEN
100
AcDbLine
 10
566515.249256226
 20
4178569.2502748827
 30
0.0
 11
566516.2973437471
 21
4178569.3136195587
 31
0.0
  0
LINE
  5
807
330
1F
100
AcDbEntity
  8
TASLAK_MERDIVEN
100
AcDbLine
 10
566515.2332584787
 20
4178569.5150581673
 30
0.0
 11
566516.2813459998
 21
4178569.5784028433
 31
0.0
  0
LINE
  5
808
330
1F
100
AcDbEntity
  8
TASLAK_MERDIVEN
100
AcDbLine
 10
566515.2172607314
 20
4178569.7798414524
 30
0.0
 11
566516.2653482525
 21
4178569.8431861284
 31
0.0
  0
LINE
  5
809
330
1F
100
AcDbEntity
  8
TASLAK_MERDIVEN
100
AcDbLine
 10
566515.2012629841
 20
4178570.0446247375
 30
0.0
 11
566516.2493505052
 21
4178570.1079694135
 31
0.0
  0
LINE
  5
80A
330
1F
100
AcDbEntity
  8
TASLAK_MERDIVEN
100
AcDbLine
 10
566516.0292639439
 20
4178565.045414661
 30
0.0
 11
566515.7253067447
 21
4178570.0762970755
 31
0.0
  0
LINE
  5
80B
330
1F
100
AcDbEntity
  8
TASLAK_OK
100
AcDbLine
 10
566516.0081560409
 20
4178565.3947775904
 30
0.0
 11
566515.7343529888
 21
4178569.926570106
 31
0.0
  0
LINE
  5
80C
330
1F
100
AcDbEntity
  8
TASLAK_OK
100
AcDbLine
 10
566515.4650535583
 20
4178569.4093817277
 30
0.0
 11
566515.7343529888
 21
4178569.926570106
 31
0.0
  0
LINE
  5
80D
330
1F
100
AcDbEntity
  8
TASLAK_OK
100
AcDbLine
 10
566516.0639607133
 20
4178569.4455786855
 30
0.0
 11
566515.7343529888
 21
4178569.926570106
 31
0.0
  0
TEXT
  5
80E
330
1F
100
AcDbEntity
  8
TASLAK_OK
100
AcDbText
 10
566515.8692864706
 20
4178567.6932475106
 30
0.0
 40
0.22
  1
CIKIS
 50
93.45750875850399
 72
1
 11
566515.8692864706
 21
4178567.6932475106
 31
0.0
100
AcDbText
 73
2
  0
LINE
  5
80F
330
1F
100
AcDbEntity
  8
TASLAK_PENCERE
100
AcDbLine
 10
566516.7348509345
 20
4178565.388606591
 30
0.0
 11
566516.4670787117
 21
4178569.8205811265
 31
0.0
  0
LINE
  5
810
330
1F
100
AcDbEntity
  8
TASLAK_PENCERE
100
AcDbLine
 10
566516.8945597023
 20
4178565.398255918
 30
0.0
 11
566516.5751421667
 21
4178565.378957264
 31
0.0
  0
LINE
  5
811
330
1F
100
AcDbEntity
  8
TASLAK_PENCERE
100
AcDbLine
 10
566516.6267874795
 20
4178569.8302304535
 30
0.0
 11
566516.3073699439
 21
4178569.8109317995
 31
0.0
  0
LINE
  5
812
330
1F
100
AcDbEntity
  8
TASLAK_PENCERE
100
AcDbLine
 10
566516.6549965506
 20
4178565.3837819276
 30
0.0
 11
566516.3872243279
 21
4178569.815756463
 31
0.0
  0
LINE
  5
813
330
1F
100
AcDbEntity
  8
TASLAK_PENCERE
100
AcDbLine
 10
566512.7556141288
 20
4178564.2965570786
 30
0.0
 11
566512.9431254069
 21
4178564.3078899505
 31
0.0
  0
LINE
  5
814
330
1F
100
AcDbEntity
  8
TASLAK_PENCERE
100
AcDbLine
 10
566512.7652666512
 20
4178564.136848504
 30
0.0
 11
566512.7459616064
 21
4178564.456265653
 31
0.0
  0
LINE
  5
815
330
1F
100
AcDbEntity
  8
TASLAK_PENCERE
100
AcDbLine
 10
566512.9527779293
 20
4178564.148181376
 30
0.0
 11
566512.9334728845
 21
4178564.467598525
 31
0.0
  0
LINE
  5
816
330
1F
100
AcDbEntity
  8
TASLAK_PENCERE
100
AcDbLine
 10
566512.7507878676
 20
4178564.376411366
 30
0.0
 11
566512.9382991457
 21
4178564.3877442377
 31
0.0
  0
LINE
  5
817
330
1F
100
AcDbEntity
  8
TASLAK_PENCERE
100
AcDbLine
 10
566513.3423968435
 20
4178564.3320212555
 30
0.0
 11
566515.1391183083
 21
4178564.440612129
 31
0.0
  0
LINE
  5
818
330
1F
100
AcDbEntity
  8
TASLAK_PENCERE
100
AcDbLine
 10
566513.3520493655
 20
4178564.1723126806
 30
0.0
 11
566513.3327443214
 21
4178564.4917298304
 31
0.0
  0
LINE
  5
819
330
1F
100
AcDbEntity
  8
TASLAK_PENCERE
100
AcDbLine
 10
566515.1487708304
 20
4178564.280903554
 30
0.0
 11
566515.1294657863
 21
4178564.600320704
 31
0.0
  0
LINE
  5
81A
330
1F
100
AcDbEntity
  8
TASLAK_PENCERE
100
AcDbLine
 10
566513.3375705824
 20
4178564.4118755427
 30
0.0
 11
566515.1342920472
 21
4178564.520466416
 31
0.0
  0
LINE
  5
81B
330
1F
100
AcDbEntity
  8
TASLAK_PENCERE
100
AcDbLine
 10
566511.6971272432
 20
4178565.234408614
 30
0.0
 11
566511.4564937527
 21
4178569.21720224
 31
0.0
  0
LINE
  5
81C
330
1F
100
AcDbEntity
  8
TASLAK_PENCERE
100
AcDbLine
 10
566511.8568360109
 20
4178565.2440579413
 30
0.0
 11
566511.5374184754
 21
4178565.224759287
 31
0.0
  0
LINE
  5
81D
330
1F
100
AcDbEntity
  8
TASLAK_PENCERE
100
AcDbLine
 10
566511.6162025204
 20
4178569.226851567
 30
0.0
 11
566511.2967849849
 21
4178569.207552913
 31
0.0
  0
LINE
  5
81E
330
1F
100
AcDbEntity
  8
TASLAK_PENCERE
100
AcDbLine
 10
566511.6172728593
 20
4178565.2295839507
 30
0.0
 11
566511.3766393688
 21
4178569.2123775766
 31
0.0
  0
LINE
  5
81F
330
1F
100
AcDbEntity
  8
TASLAK_PENCERE
100
AcDbLine
 10
566511.8774914404
 20
4178572.198029603
 30
0.0
 11
566512.5762164545
 21
4178572.240259387
 31
0.0
  0
LINE
  5
820
330
1F
100
AcDbEntity
  8
TASLAK_PENCERE
100
AcDbLine
 10
566511.8871439624
 20
4178572.038321028
 30
0.0
 11
566511.8678389183
 21
4178572.3577381778
 31
0.0
  0
LINE
  5
821
330
1F
100
AcDbEntity
  8
TASLAK_PENCERE
100
AcDbLine
 10
566512.5858689765
 20
4178572.080550812
 30
0.0
 11
566512.5665639325
 21
4178572.399967962
 31
0.0
  0
LINE
  5
822
330
1F
100
AcDbEntity
  8
TASLAK_PENCERE
100
AcDbLine
 10
566511.8726651793
 20
4178572.27788389
 30
0.0
 11
566512.5713901934
 21
4178572.3201136743
 31
0.0
  0
LINE
  5
823
330
1F
100
AcDbEntity
  8
TASLAK_PENCERE
100
AcDbLine
 10
566513.2749414686
 20
4178572.2824891713
 30
0.0
 11
566514.6602670565
 21
4178572.3662159583
 31
0.0
  0
LINE
  5
824
330
1F
100
AcDbEntity
  8
TASLAK_PENCERE
100
AcDbLine
 10
566513.2845939907
 20
4178572.1227805964
 30
0.0
 11
566513.2652889466
 21
4178572.442197746
 31
0.0
  0
LINE
  5
825
330
1F
100
AcDbEntity
  8
TASLAK_PENCERE
100
AcDbLine
 10
566514.6699195786
 20
4178572.2065073834
 30
0.0
 11
566514.6506145345
 21
4178572.525924533
 31
0.0
  0
LINE
  5
826
330
1F
100
AcDbEntity
  8
TASLAK_PENCERE
100
AcDbLine
 10
566513.2701152075
 20
4178572.3623434585
 30
0.0
 11
566514.6554407955
 21
4178572.4460702455
 31
0.0
  0
LINE
  5
827
330
1F
100
AcDbEntity
  8
TASLAK_PENCERE
100
AcDbLine
 10
566511.6609422668
 20
4178565.833316493
 30
0.0
 11
566511.4384012645
 21
4178569.5166561794
 31
0.0
  0
LINE
  5
828
330
1F
100
AcDbEntity
  8
TASLAK_PENCERE
100
AcDbLine
 10
566511.8206510346
 20
4178565.84296582
 30
0.0
 11
566511.501233499
 21
4178565.823667166
 31
0.0
  0
LINE
  5
829
330
1F
100
AcDbEntity
  8
TASLAK_PENCERE
100
AcDbLine
 10
566511.5981100323
 20
4178569.5263055065
 30
0.0
 11
566511.2786924967
 21
4178569.5070068524
 31
0.0
  0
LINE
  5
82A
330
1F
100
AcDbEntity
  8
TASLAK_PENCERE
100
AcDbLine
 10
566511.581087883
 20
4178565.8284918293
 30
0.0
 11
566511.3585468807
 21
4178569.511831516
 31
0.0
  0
LINE
  5
82B
330
1F
100
AcDbEntity
  8
TASLAK_KAPI
100
AcDbLine
 10
566511.7776735811
 20
4178572.1919967765
 30
0.0
 11
566512.6760343136
 21
4178572.2462922134
 31
0.0
  0
ARC
  5
82C
330
1F
100
AcDbEntity
  8
TASLAK_KAPI
100
AcDbCircle
 10
566511.7776735811
 20
4178572.1919967765
 30
0.0
 40
0.9000000000721803
100
AcDbArc
 50
0.0
 51
90.0
  0
LINE
  5
82D
330
1F
100
AcDbEntity
  8
TASLAK_KAPI
100
AcDbLine
 10
566512.9842249611
 20
4178570.461634229
 30
0.0
 11
566512.9329629112
 21
4178571.3100870573
 31
0.0
  0
ARC
  5
82E
330
1F
100
AcDbEntity
  8
TASLAK_KAPI
100
AcDbCircle
 10
566512.9842249611
 20
4178570.461634229
 30
0.0
 40
0.8499999998316254
100
AcDbArc
 50
0.0
 51
90.0
  0
LINE
  5
82F
330
1F
100
AcDbEntity
  8
TASLAK_KAPI
100
AcDbLine
 10
566512.1030211751
 20
4178569.9575546
 30
0.0
 11
566513.0013819075
 21
4178570.011850037
 31
0.0
  0
ARC
  5
830
330
1F
100
AcDbEntity
  8
TASLAK_KAPI
100
AcDbCircle
 10
566512.1030211751
 20
4178569.9575546
 30
0.0
 40
0.899999999955977
100
AcDbArc
 50
0.0
 51
90.0
  0
LWPOLYLINE
  5
831
330
1F
100
AcDbEntity
  8
TASLAK_ASMAKAT
  6
KESIKLI
100
AcDbPolyline
 90
4
 70
1
 10
566512.8828798942
 20
4178565.506438489
 10
566515.4660197921
 20
4178565.6625591917
 10
566515.1952321547
 20
4178570.144442717
 10
566512.6120922568
 20
4178569.9883220145
  0
TEXT
  5
832
330
1F
100
AcDbEntity
  8
TASLAK_ASMAKAT
100
AcDbText
 10
566514.0390560245
 20
4178567.825440603
 30
0.0
 40
0.2
  1
ASMA KAT (YATAK ODASI)
 50
3.4586549848844252
 72
1
 11
566514.0390560245
 21
4178567.825440603
 31
0.0
100
AcDbText
 73
2
  0
LINE
  5
833
330
1F
100
AcDbEntity
  8
TASLAK_GIRIS
100
AcDbLine
 10
566513.792923009
 20
4178572.3137951186
 30
0.0
 11
566513.7145222268
 21
4178573.6114288564
 31
0.0
  0
LINE
  5
834
330
1F
100
AcDbEntity
  8
TASLAK_GIRIS
100
AcDbLine
 10
566513.4422073816
 20
4178573.1441494683
 30
0.0
 11
566513.792923009
 21
4178572.3137951186
 31
0.0
  0
LINE
  5
835
330
1F
100
AcDbEntity
  8
TASLAK_GIRIS
100
AcDbLine
 10
566514.0411145366
 20
4178573.1803464256
 30
0.0
 11
566513.792923009
 21
4178572.3137951186
 31
0.0
  0
TEXT
  5
836
330
1F
100
AcDbEntity
  8
TASLAK_GIRIS
100
AcDbText
 10
566513.6903989093
 20
4178574.010700776
 30
0.0
 40
0.24
  1
GIRIS
 50
3.4586549848844252
 72
1
 11
566513.6903989093
 21
4178574.010700776
 31
0.0
100
AcDbText
 73
2
  0
LWPOLYLINE
  5
837
330
1F
100
AcDbEntity
  8
TASLAK_DUVAR
100
AcDbPolyline
 90
4
 70
1
 10
566411.0245175341
 20
4178572.215156608
 10
566416.2171480441
 20
4178572.523930078
 10
566415.7608732452
 20
4178580.200349042
 10
566410.5682427351
 20
4178579.891575572
  0
LWPOLYLINE
  5
838
330
1F
100
AcDbEntity
  8
TASLAK_DUVAR
100
AcDbPolyline
 90
4
 70
1
 10
566411.2122981194
 20
4178572.4266760345
 10
566416.0056339479
 20
4178572.711705931
 10
566415.5730926598
 20
4178579.9888296155
 10
566410.7797568314
 20
4178579.703799719
  0
LINE
  5
839
330
1F
100
AcDbEntity
  8
TASLAK_DUVAR
100
AcDbLine
 10
566414.8868067515
 20
4178572.9957944737
 30
0.0
 11
566414.602599907
 21
4178577.7773226593
 31
0.0
  0
LINE
  5
83A
330
1F
100
AcDbEntity
  8
TASLAK_DUVAR
100
AcDbLine
 10
566414.986630422
 20
4178573.001730367
 30
0.0
 11
566414.7024235774
 21
4178577.7832585527
 31
0.0
  0
LINE
  5
83B
330
1F
100
AcDbEntity
  8
TASLAK_DUVAR
100
AcDbLine
 10
566412.2490106252
 20
4178577.737545971
 30
0.0
 11
566412.1273763815
 21
4178579.78393428
 31
0.0
  0
LINE
  5
83C
330
1F
100
AcDbEntity
  8
TASLAK_DUVAR
100
AcDbLine
 10
566412.3488342956
 20
4178577.743481864
 30
0.0
 11
566412.227200052
 21
4178579.789870173
 31
0.0
  0
LINE
  5
83D
330
1F
100
AcDbEntity
  8
TASLAK_DUVAR
100
AcDbLine
 10
566410.8984243862
 20
4178577.70732332
 30
0.0
 11
566414.6436116756
 21
4178577.930026336
 31
0.0
  0
LINE
  5
83E
330
1F
100
AcDbEntity
  8
TASLAK_DUVAR
100
AcDbLine
 10
566410.9043577638
 20
4178577.6074995003
 30
0.0
 11
566414.6495450533
 21
4178577.830202516
 31
0.0
  0
LINE
  5
83F
330
1F
100
AcDbEntity
  8
TASLAK_DUVAR
100
AcDbLine
 10
566410.8514792398
 20
4178577.6544434633
 30
0.0
 11
566410.7298449961
 21
4178579.7008317723
 31
0.0
  0
LINE
  5
840
330
1F
100
AcDbEntity
  8
TASLAK_DUVAR
100
AcDbLine
 10
566410.9513029101
 20
4178577.6603793567
 30
0.0
 11
566410.8296686665
 21
4178579.7067676657
 31
0.0
  0
LINE
  5
841
330
1F
100
AcDbEntity
  8
TASLAK_DUVAR
100
AcDbLine
 10
566412.5118054843
 20
4178572.5039496627
 30
0.0
 11
566412.3990713073
 21
4178574.4006022415
 31
0.0
  0
LINE
  5
842
330
1F
100
AcDbEntity
  8
TASLAK_DUVAR
100
AcDbLine
 10
566412.6116291548
 20
4178572.509885556
 30
0.0
 11
566412.4988949777
 21
4178574.406538135
 31
0.0
  0
TEXT
  5
843
330
1F
100
AcDbEntity
  8
TASLAK_MEKAN
100
AcDbText
 10
566411.5393396459
 20
4178578.722156819
 30
0.0
 40
0.26
  1
ANTRE\P2.9 m2
 72
1
 11
566411.5393396459
 21
4178578.722156819
 31
0.0
100
AcDbText
 73
2
  0
TEXT
  5
844
330
1F
100
AcDbEntity
  8
TASLAK_MEKAN
100
AcDbText
 10
566413.4119332905
 20
4178578.8335083257
 30
0.0
 40
0.26
  1
BANYO/WC\P4.8 m2
 72
1
 11
566413.4119332905
 21
4178578.8335083257
 31
0.0
100
AcDbText
 73
2
  0
TEXT
  5
845
330
1F
100
AcDbEntity
  8
TASLAK_MEKAN
100
AcDbText
 10
566412.929438242
 20
4178575.1533952304
 30
0.0
 40
0.26
  1
MUTFAK + SALON\P19.7 m2
 72
1
 11
566412.929438242
 21
4178575.1533952304
 31
0.0
100
AcDbText
 73
2
  0
LINE
  5
846
330
1F
100
AcDbEntity
  8
TASLAK_MERDIVEN
100
AcDbLine
 10
566414.9367185867
 20
4178572.9987624204
 30
0.0
 11
566415.9848671257
 21
4178573.061089301
 31
0.0
  0
LINE
  5
847
330
1F
100
AcDbEntity
  8
TASLAK_MERDIVEN
100
AcDbLine
 10
566414.9209293176
 20
4178573.2644028747
 30
0.0
 11
566415.9690778566
 21
4178573.3267297554
 31
0.0
  0
LINE
  5
848
330
1F
100
AcDbEntity
  8
TASLAK_MERDIVEN
100
AcDbLine
 10
566414.9051400485
 20
4178573.5300433296
 30
0.0
 11
566415.9532885875
 21
4178573.59237021
 31
0.0
  0
LINE
  5
849
330
1F
100
AcDbEntity
  8
TASLAK_MERDIVEN
100
AcDbLine
 10
566414.8893507794
 20
4178573.7956837844
 30
0.0
 11
566415.9374993184
 21
4178573.858010665
 31
0.0
  0
LINE
  5
84A
330
1F
100
AcDbEntity
  8
TASLAK_MERDIVEN
100
AcDbLine
 10
566414.8735615102
 20
4178574.0613242392
 30
0.0
 11
566415.9217100493
 21
4178574.12365112
 31
0.0
  0
LINE
  5
84B
330
1F
100
AcDbEntity
  8
TASLAK_MERDIVEN
100
AcDbLine
 10
566414.857772241
 20
4178574.326964694
 30
0.0
 11
566415.90592078
 21
4178574.3892915747
 31
0.0
  0
LINE
  5
84C
330
1F
100
AcDbEntity
  8
TASLAK_MERDIVEN
100
AcDbLine
 10
566414.8419829719
 20
4178574.592605149
 30
0.0
 11
566415.8901315109
 21
4178574.6549320295
 31
0.0
  0
LINE
  5
84D
330
1F
100
AcDbEntity
  8
TASLAK_MERDIVEN
100
AcDbLine
 10
566414.8261937028
 20
4178574.8582456037
 30
0.0
 11
566415.8743422418
 21
4178574.9205724844
 31
0.0
  0
LINE
  5
84E
330
1F
100
AcDbEntity
  8
TASLAK_MERDIVEN
100
AcDbLine
 10
566414.8104044336
 20
4178575.123886058
 30
0.0
 11
566415.8585529727
 21
4178575.1862129387
 31
0.0
  0
LINE
  5
84F
330
1F
100
AcDbEntity
  8
TASLAK_MERDIVEN
100
AcDbLine
 10
566414.7946151644
 20
4178575.389526513
 30
0.0
 11
566415.8427637034
 21
4178575.4518533936
 31
0.0
  0
LINE
  5
850
330
1F
100
AcDbEntity
  8
TASLAK_MERDIVEN
100
AcDbLine
 10
566414.7788258953
 20
4178575.655166968
 30
0.0
 11
566415.8269744343
 21
4178575.7174938484
 31
0.0
  0
LINE
  5
851
330
1F
100
AcDbEntity
  8
TASLAK_MERDIVEN
100
AcDbLine
 10
566414.7630366262
 20
4178575.9208074226
 30
0.0
 11
566415.8111851652
 21
4178575.9831343032
 31
0.0
  0
LINE
  5
852
330
1F
100
AcDbEntity
  8
TASLAK_MERDIVEN
100
AcDbLine
 10
566414.747247357
 20
4178576.1864478774
 30
0.0
 11
566415.7953958961
 21
4178576.248774758
 31
0.0
  0
LINE
  5
853
330
1F
100
AcDbEntity
  8
TASLAK_MERDIVEN
100
AcDbLine
 10
566414.7314580879
 20
4178576.4520883323
 30
0.0
 11
566415.779606627
 21
4178576.514415213
 31
0.0
  0
LINE
  5
854
330
1F
100
AcDbEntity
  8
TASLAK_MERDIVEN
100
AcDbLine
 10
566414.7156688187
 20
4178576.717728787
 30
0.0
 11
566415.7638173577
 21
4178576.7800556677
 31
0.0
  0
LINE
  5
855
330
1F
100
AcDbEntity
  8
TASLAK_MERDIVEN
100
AcDbLine
 10
566414.6998795496
 20
4178576.983369242
 30
0.0
 11
566415.7480280886
 21
4178577.0456961226
 31
0.0
  0
LINE
  5
856
330
1F
100
AcDbEntity
  8
TASLAK_MERDIVEN
100
AcDbLine
 10
566414.6840902804
 20
4178577.2490096963
 30
0.0
 11
566415.7322388195
 21
4178577.311336577
 31
0.0
  0
LINE
  5
857
330
1F
100
AcDbEntity
  8
TASLAK_MERDIVEN
100
AcDbLine
 10
566414.6683010113
 20
4178577.514650151
 30
0.0
 11
566415.7164495504
 21
4178577.576977032
 31
0.0
  0
LINE
  5
858
330
1F
100
AcDbEntity
  8
TASLAK_MERDIVEN
100
AcDbLine
 10
566414.6525117422
 20
4178577.780290606
 30
0.0
 11
566415.7006602812
 21
4178577.8426174866
 31
0.0
  0
LINE
  5
859
330
1F
100
AcDbEntity
  8
TASLAK_MERDIVEN
100
AcDbLine
 10
566415.4607928563
 20
4178573.029925861
 30
0.0
 11
566415.1765860118
 21
4178577.8114540465
 31
0.0
  0
LINE
  5
85A
330
1F
100
AcDbEntity
  8
TASLAK_OK
100
AcDbLine
 10
566415.4400260343
 20
4178573.3793092305
 30
0.0
 11
566415.1854860784
 21
4178577.661718317
 31
0.0
  0
LINE
  5
85B
330
1F
100
AcDbEntity
  8
TASLAK_OK
100
AcDbLine
 10
566414.9156819559
 20
4178577.144791537
 30
0.0
 11
566415.1854860784
 21
4178577.661718317
 31
0.0
  0
LINE
  5
85C
330
1F
100
AcDbEntity
  8
TASLAK_OK
100
AcDbLine
 10
566415.5146239782
 20
4178577.1804068973
 30
0.0
 11
566415.1854860784
 21
4178577.661718317
 31
0.0
  0
TEXT
  5
85D
330
1F
100
AcDbEntity
  8
TASLAK_OK
100
AcDbText
 10
566415.3029001649
 20
4178575.6863304083
 30
0.0
 40
0.22
  1
CIKIS
 50
93.40157289115173
 72
1
 11
566415.3029001649
 21
4178575.6863304083
 31
0.0
100
AcDbText
 73
2
  0
LINE
  5
85E
330
1F
100
AcDbEntity
  8
TASLAK_PENCERE
100
AcDbLine
 10
566416.1667143333
 20
4178573.3724325476
 30
0.0
 11
566415.9181077552
 21
4178577.5550178136
 31
0.0
  0
LINE
  5
85F
330
1F
100
AcDbEntity
  8
TASLAK_PENCERE
100
AcDbLine
 10
566416.3264324452
 20
4178573.381925952
 30
0.0
 11
566416.0069962215
 21
4178573.362939143
 31
0.0
  0
LINE
  5
860
330
1F
100
AcDbEntity
  8
TASLAK_PENCERE
100
AcDbLine
 10
566416.0778258671
 20
4178577.564511218
 30
0.0
 11
566415.7583896434
 21
4178577.545524409
 31
0.0
  0
LINE
  5
861
330
1F
100
AcDbEntity
  8
TASLAK_PENCERE
100
AcDbLine
 10
566416.0868552774
 20
4178573.3676858456
 30
0.0
 11
566415.8382486993
 21
4178577.5502711115
 31
0.0
  0
LINE
  5
862
330
1F
100
AcDbEntity
  8
TASLAK_PENCERE
100
AcDbLine
 10
566412.022754238
 20
4178572.2745155417
 30
0.0
 11
566412.3739367342
 21
4178572.2953981827
 31
0.0
  0
LINE
  5
863
330
1F
100
AcDbEntity
  8
TASLAK_PENCERE
100
AcDbLine
 10
566412.0322516675
 20
4178572.114797669
 30
0.0
 11
566412.0132568085
 21
4178572.4342334145
 31
0.0
  0
LINE
  5
864
330
1F
100
AcDbEntity
  8
TASLAK_PENCERE
100
AcDbLine
 10
566412.3834341636
 20
4178572.13568031
 30
0.0
 11
566412.3644393047
 21
4178572.4551160554
 31
0.0
  0
LINE
  5
865
330
1F
100
AcDbEntity
  8
TASLAK_PENCERE
100
AcDbLine
 10
566412.0180055232
 20
4178572.354374478
 30
0.0
 11
566412.3691880194
 21
4178572.375257119
 31
0.0
  0
LINE
  5
866
330
1F
100
AcDbEntity
  8
TASLAK_PENCERE
100
AcDbLine
 10
566412.7732314158
 20
4178572.3191417563
 30
0.0
 11
566414.5700574827
 21
4178572.425987837
 31
0.0
  0
LINE
  5
867
330
1F
100
AcDbEntity
  8
TASLAK_PENCERE
100
AcDbLine
 10
566412.7827288451
 20
4178572.1594238835
 30
0.0
 11
566412.7637339864
 21
4178572.478859629
 31
0.0
  0
LINE
  5
868
330
1F
100
AcDbEntity
  8
TASLAK_PENCERE
100
AcDbLine
 10
566414.579554912
 20
4178572.266269964
 30
0.0
 11
566414.5605600533
 21
4178572.5857057096
 31
0.0
  0
LINE
  5
869
330
1F
100
AcDbEntity
  8
TASLAK_PENCERE
100
AcDbLine
 10
566412.768482701
 20
4178572.3990006926
 30
0.0
 11
566414.565308768
 21
4178572.5058467733
 31
0.0
  0
LINE
  5
86A
330
1F
100
AcDbEntity
  8
TASLAK_PENCERE
100
AcDbLine
 10
566410.9651837567
 20
4178573.213394807
 30
0.0
 11
566410.7432773784
 21
4178576.9467728836
 31
0.0
  0
LINE
  5
86B
330
1F
100
AcDbEntity
  8
TASLAK_PENCERE
100
AcDbLine
 10
566411.1249018685
 20
4178573.2228882117
 30
0.0
 11
566410.8054656448
 21
4178573.2039014027
 31
0.0
  0
LINE
  5
86C
330
1F
100
AcDbEntity
  8
TASLAK_PENCERE
100
AcDbLine
 10
566410.9029954902
 20
4178576.956266288
 30
0.0
 11
566410.5835592665
 21
4178576.937279479
 31
0.0
  0
LINE
  5
86D
330
1F
100
AcDbEntity
  8
TASLAK_PENCERE
100
AcDbLine
 10
566410.8853247007
 20
4178573.208648105
 30
0.0
 11
566410.6634183225
 21
4178576.9420261816
 31
0.0
  0
LINE
  5
86E
330
1F
100
AcDbEntity
  8
TASLAK_PENCERE
100
AcDbLine
 10
566411.1671847574
 20
4178579.9271909324
 30
0.0
 11
566411.8659504502
 21
4178579.968742186
 31
0.0
  0
LINE
  5
86F
330
1F
100
AcDbEntity
  8
TASLAK_PENCERE
100
AcDbLine
 10
566411.1766821869
 20
4178579.7674730597
 30
0.0
 11
566411.1576873279
 21
4178580.086908805
 31
0.0
  0
LINE
  5
870
330
1F
100
AcDbEntity
  8
TASLAK_PENCERE
100
AcDbLine
 10
566411.8754478797
 20
4178579.8090243135
 30
0.0
 11
566411.8564530207
 21
4178580.128460059
 31
0.0
  0
LINE
  5
871
330
1F
100
AcDbEntity
  8
TASLAK_PENCERE
100
AcDbLine
 10
566411.1624360427
 20
4178580.007049869
 30
0.0
 11
566411.8612017354
 21
4178580.0486011226
 31
0.0
  0
LINE
  5
872
330
1F
100
AcDbEntity
  8
TASLAK_PENCERE
100
AcDbLine
 10
566412.5647161428
 20
4178580.01029344
 30
0.0
 11
566414.1137826837
 21
4178580.102406801
 31
0.0
  0
LINE
  5
873
330
1F
100
AcDbEntity
  8
TASLAK_PENCERE
100
AcDbLine
 10
566412.5742135722
 20
4178579.850575567
 30
0.0
 11
566412.5552187135
 21
4178580.1700113127
 31
0.0
  0
LINE
  5
874
330
1F
100
AcDbEntity
  8
TASLAK_PENCERE
100
AcDbLine
 10
566414.1232801131
 20
4178579.9426889285
 30
0.0
 11
566414.1042852544
 21
4178580.262124674
 31
0.0
  0
LINE
  5
875
330
1F
100
AcDbEntity
  8
TASLAK_PENCERE
100
AcDbLine
 10
566412.5599674281
 20
4178580.0901523763
 30
0.0
 11
566414.109033969
 21
4178580.1822657376
 31
0.0
  0
LINE
  5
876
330
1F
100
AcDbEntity
  8
TASLAK_PENCERE
100
AcDbLine
 10
566410.9295834902
 20
4178573.812337727
 30
0.0
 11
566410.7254772452
 21
4178577.2462443435
 31
0.0
  0
LINE
  5
877
330
1F
100
AcDbEntity
  8
TASLAK_PENCERE
100
AcDbLine
 10
566411.0893016021
 20
4178573.8218311314
 30
0.0
 11
566410.7698653784
 21
4178573.8028443223
 31
0.0
  0
LINE
  5
878
330
1F
100
AcDbEntity
  8
TASLAK_PENCERE
100
AcDbLine
 10
566410.885195357
 20
4178577.255737748
 30
0.0
 11
566410.5657591333
 21
4178577.236750939
 31
0.0
  0
LINE
  5
879
330
1F
100
AcDbEntity
  8
TASLAK_PENCERE
100
AcDbLine
 10
566410.8497244343
 20
4178573.807591025
 30
0.0
 11
566410.6456181892
 21
4178577.2414976414
 31
0.0
  0
LINE
  5
87A
330
1F
100
AcDbEntity
  8
TASLAK_KAPI
100
AcDbLine
 10
566411.0673610871
 20
4178579.921255039
 30
0.0
 11
566411.9657741205
 21
4178579.9746780796
 31
0.0
  0
ARC
  5
87B
330
1F
100
AcDbEntity
  8
TASLAK_KAPI
100
AcDbCircle
 10
566411.0673610871
 20
4178579.921255039
 30
0.0
 40
0.8999999999708271
100
AcDbArc
 50
0.0
 51
90.0
  0
LINE
  5
87C
330
1F
100
AcDbEntity
  8
TASLAK_KAPI
100
AcDbLine
 10
566412.2722222606
 20
4178578.1897211075
 30
0.0
 11
566412.2217885498
 21
4178579.0382235767
 31
0.0
  0
ARC
  5
87D
330
1F
100
AcDbEntity
  8
TASLAK_KAPI
100
AcDbCircle
 10
566412.2722222606
 20
4178578.1897211075
 30
0.0
 40
0.8499999997098714
100
AcDbArc
 50
0.0
 51
90.0
  0
LINE
  5
87E
330
1F
100
AcDbEntity
  8
TASLAK_KAPI
100
AcDbLine
 10
566411.3905270599
 20
4178577.6864972874
 30
0.0
 11
566412.2889400934
 21
4178577.739920328
 31
0.0
  0
ARC
  5
87F
330
1F
100
AcDbEntity
  8
TASLAK_KAPI
100
AcDbCircle
 10
566411.3905270599
 20
4178577.6864972874
 30
0.0
 40
0.8999999999708271
100
AcDbArc
 50
0.0
 51
90.0
  0
LWPOLYLINE
  5
880
330
1F
100
AcDbEntity
  8
TASLAK_ASMAKAT
  6
KESIKLI
100
AcDbPolyline
 90
4
 70
1
 10
566412.1512010458
 20
4178573.484273168
 10
566414.8981516315
 20
4178573.6476172497
 10
566414.6465783644
 20
4178577.880114426
 10
566411.8996277788
 20
4178577.716770344
  0
TEXT
  5
881
330
1F
100
AcDbEntity
  8
TASLAK_ASMAKAT
100
AcDbText
 10
566413.3988897052
 20
4178575.6821937975
 30
0.0
 40
0.2
  1
ASMA KAT (YATAK ODASI)
 50
3.403016797700375
 72
1
 11
566413.3988897052
 21
4178575.6821937975
 31
0.0
100
AcDbText
 73
2
  0
LINE
  5
882
330
1F
100
AcDbEntity
  8
TASLAK_GIRIS
100
AcDbLine
 10
566413.1645579902
 20
4178580.045962307
 30
0.0
 11
566413.0874240795
 21
4178581.3436719663
 31
0.0
  0
LINE
  5
883
330
1F
100
AcDbEntity
  8
TASLAK_GIRIS
100
AcDbLine
 10
566412.8146532682
 20
4178580.8766570967
 30
0.0
 11
566413.1645579902
 21
4178580.045962307
 31
0.0
  0
LINE
  5
884
330
1F
100
AcDbEntity
  8
TASLAK_GIRIS
100
AcDbLine
 10
566413.4135952905
 20
4178580.912272457
 30
0.0
 11
566413.1645579902
 21
4178580.045962307
 31
0.0
  0
TEXT
  5
885
330
1F
100
AcDbEntity
  8
TASLAK_GIRIS
100
AcDbText
 10
566413.0636905687
 20
4178581.742967246
 30
0.0
 40
0.24
  1
GIRIS
 50
3.403016797700375
 72
1
 11
566413.0636905687
 21
4178581.742967246
 31
0.0
100
AcDbText
 73
2
  0
LWPOLYLINE
  5
886
330
1F
100
AcDbEntity
  8
TASLAK_DUVAR
100
AcDbPolyline
 90
4
 70
1
 10
566416.0574555531
 20
4178575.209185803
 10
566424.0431555491
 20
4178575.6840566853
 10
566423.7461387202
 20
4178580.675187306
 10
566415.7604387242
 20
4178580.2003164236
  0
LWPOLYLINE
  5
887
330
1F
100
AcDbEntity
  8
TASLAK_DUVAR
100
AcDbPolyline
 90
4
 70
1
 10
566416.2452221104
 20
4178575.420704668
 10
566423.8316274572
 20
4178575.871831433
 10
566423.5583721629
 20
4178580.463668441
 10
566415.9719668161
 20
4178580.012541676
  0
LINE
  5
888
330
1F
100
AcDbEntity
  8
TASLAK_DUVAR
100
AcDbLine
 10
566416.1264167908
 20
4178577.4171331907
 30
0.0
 11
566423.7128221375
 21
4178577.8682599557
 31
0.0
  0
LINE
  5
889
330
1F
100
AcDbEntity
  8
TASLAK_DUVAR
100
AcDbLine
 10
566416.1323571744
 20
4178577.317309787
 30
0.0
 11
566423.7187625212
 21
4178577.768436552
 31
0.0
  0
LINE
  5
88A
330
1F
100
AcDbEntity
  8
TASLAK_DUVAR
100
AcDbLine
 10
566421.385947731
 20
4178575.7263987106
 30
0.0
 11
566421.2730804418
 21
4178577.623043373
 31
0.0
  0
LINE
  5
88B
330
1F
100
AcDbEntity
  8
TASLAK_DUVAR
100
AcDbLine
 10
566421.4857713933
 20
4178575.73233474
 30
0.0
 11
566421.3729041041
 21
4178577.6289794026
 31
0.0
  0
LINE
  5
88C
330
1F
100
AcDbEntity
  8
TASLAK_DUVAR
100
AcDbLine
 10
566417.4270945925
 20
4178577.4443898723
 30
0.0
 11
566417.269674426
 21
4178580.0897100596
 31
0.0
  0
LINE
  5
88D
330
1F
100
AcDbEntity
  8
TASLAK_DUVAR
100
AcDbLine
 10
566417.5269182548
 20
4178577.4503259016
 30
0.0
 11
566417.3694980883
 21
4178580.095646089
 31
0.0
  0
LINE
  5
88E
330
1F
100
AcDbEntity
  8
TASLAK_DUVAR
100
AcDbLine
 10
566419.3237441761
 20
4178577.557174432
 30
0.0
 11
566419.1663240095
 21
4178580.2024946194
 31
0.0
  0
LINE
  5
88F
330
1F
100
AcDbEntity
  8
TASLAK_DUVAR
100
AcDbLine
 10
566419.4235678384
 20
4178577.563110462
 30
0.0
 11
566419.2661476718
 21
4178580.2084306492
 31
0.0
  0
TEXT
  5
890
330
1F
100
AcDbEntity
  8
TASLAK_MEKAN
100
AcDbText
 10
566419.98050722
 20
4178576.6195264608
 30
0.0
 40
0.26
  1
MUTFAK + SALON\P14.8 m2
 72
1
 11
566419.98050722
 21
4178576.6195264608
 31
0.0
100
AcDbText
 73
2
  0
TEXT
  5
891
330
1F
100
AcDbEntity
  8
TASLAK_MEKAN
100
AcDbText
 10
566416.7244866199
 20
4178578.7299497817
 30
0.0
 40
0.26
  1
ANTRE\P3.6 m2
 72
1
 11
566416.7244866199
 21
4178578.7299497817
 31
0.0
100
AcDbText
 73
2
  0
TEXT
  5
892
330
1F
100
AcDbEntity
  8
TASLAK_MEKAN
100
AcDbText
 10
566418.3466211321
 20
4178578.82641026
 30
0.0
 40
0.26
  1
BANYO/WC\P5.0 m2
 72
1
 11
566418.3466211321
 21
4178578.82641026
 31
0.0
100
AcDbText
 73
2
  0
CIRCLE
  5
893
330
1F
100
AcDbEntity
  8
TASLAK_MERDIVEN
100
AcDbCircle
 10
566422.5725977371
 20
4178579.3531943965
 30
0.0
 40
0.85
  0
LINE
  5
894
330
1F
100
AcDbEntity
  8
TASLAK_MERDIVEN
100
AcDbLine
 10
566422.5725977371
 20
4178579.3531943965
 30
0.0
 11
566423.4210988666
 21
4178579.403650647
 31
0.0
  0
LINE
  5
895
330
1F
100
AcDbEntity
  8
TASLAK_MERDIVEN
100
AcDbLine
 10
566422.5725977371
 20
4178579.3531943965
 30
0.0
 11
566423.2821746399
 21
4178579.8211402553
 31
0.0
  0
LINE
  5
896
330
1F
100
AcDbEntity
  8
TASLAK_MERDIVEN
100
AcDbLine
 10
566422.5725977371
 20
4178579.3531943965
 30
0.0
 11
566422.9531198551
 21
4178580.113244148
 31
0.0
  0
LINE
  5
897
330
1F
100
AcDbEntity
  8
TASLAK_MERDIVEN
100
AcDbLine
 10
566422.5725977371
 20
4178579.3531943965
 30
0.0
 11
566422.5221044761
 21
4178580.2016933244
 31
0.0
  0
LINE
  5
898
330
1F
100
AcDbEntity
  8
TASLAK_MERDIVEN
100
AcDbLine
 10
566422.5725977371
 20
4178579.3531943965
 30
0.0
 11
566422.1046187256
 21
4178580.0627878974
 31
0.0
  0
LINE
  5
899
330
1F
100
AcDbEntity
  8
TASLAK_MERDIVEN
100
AcDbLine
 10
566422.5725977371
 20
4178579.3531943965
 30
0.0
 11
566421.8125275732
 21
4178579.733747466
 31
0.0
  0
LINE
  5
89A
330
1F
100
AcDbEntity
  8
TASLAK_MERDIVEN
100
AcDbLine
 10
566422.5725977371
 20
4178579.3531943965
 30
0.0
 11
566421.7240966075
 21
4178579.302738146
 31
0.0
  0
LINE
  5
89B
330
1F
100
AcDbEntity
  8
TASLAK_MERDIVEN
100
AcDbLine
 10
566422.5725977371
 20
4178579.3531943965
 30
0.0
 11
566421.8630208342
 21
4178578.885248538
 31
0.0
  0
LINE
  5
89C
330
1F
100
AcDbEntity
  8
TASLAK_MERDIVEN
100
AcDbLine
 10
566422.5725977371
 20
4178579.3531943965
 30
0.0
 11
566422.192075619
 21
4178578.5931446445
 31
0.0
  0
LINE
  5
89D
330
1F
100
AcDbEntity
  8
TASLAK_MERDIVEN
100
AcDbLine
 10
566422.5725977371
 20
4178579.3531943965
 30
0.0
 11
566422.623090998
 21
4178578.5046954686
 31
0.0
  0
LINE
  5
89E
330
1F
100
AcDbEntity
  8
TASLAK_MERDIVEN
100
AcDbLine
 10
566422.5725977371
 20
4178579.3531943965
 30
0.0
 11
566423.0405767485
 21
4178578.643600895
 31
0.0
  0
LINE
  5
89F
330
1F
100
AcDbEntity
  8
TASLAK_MERDIVEN
100
AcDbLine
 10
566422.5725977371
 20
4178579.3531943965
 30
0.0
 11
566423.3326679008
 21
4178578.9726413274
 31
0.0
  0
CIRCLE
  5
8A0
330
1F
100
AcDbEntity
  8
TASLAK_MERDIVEN
100
AcDbCircle
 10
566422.5725977371
 20
4178579.3531943965
 30
0.0
 40
0.09
  0
LINE
  5
8A1
330
1F
100
AcDbEntity
  8
TASLAK_OK
100
AcDbLine
 10
566422.1336934094
 20
4178578.8587690485
 30
0.0
 11
566423.0115020648
 21
4178579.8476197445
 31
0.0
  0
LINE
  5
8A2
330
1F
100
AcDbEntity
  8
TASLAK_OK
100
AcDbLine
 10
566422.705942815
 20
4178579.974204875
 30
0.0
 11
566423.0115020648
 21
4178579.8476197445
 31
0.0
  0
LINE
  5
8A3
330
1F
100
AcDbEntity
  8
TASLAK_OK
100
AcDbLine
 10
566423.1734198981
 20
4178579.559222683
 30
0.0
 11
566423.0115020648
 21
4178579.8476197445
 31
0.0
  0
TEXT
  5
8A4
330
1F
100
AcDbEntity
  8
TASLAK_OK
100
AcDbText
 10
566422.1483471723
 20
4178579.327966271
 30
0.0
 40
0.22
  1
CIKIS
 50
93.40559407211427
 72
1
 11
566422.1483471723
 21
4178579.327966271
 31
0.0
100
AcDbText
 73
2
  0
LINE
  5
8A5
330
1F
100
AcDbEntity
  8
TASLAK_PENCERE
100
AcDbLine
 10
566417.055692176
 20
4178575.2685460974
 30
0.0
 11
566421.2480930048
 21
4178575.5178478598
 31
0.0
  0
LINE
  5
8A6
330
1F
100
AcDbEntity
  8
TASLAK_PENCERE
100
AcDbLine
 10
566417.0651898232
 20
4178575.1088282377
 30
0.0
 11
566417.0461945288
 21
4178575.428263957
 31
0.0
  0
LINE
  5
8A7
330
1F
100
AcDbEntity
  8
TASLAK_PENCERE
100
AcDbLine
 10
566421.257590652
 20
4178575.35813
 30
0.0
 11
566421.2385953576
 21
4178575.6775657195
 31
0.0
  0
LINE
  5
8A8
330
1F
100
AcDbEntity
  8
TASLAK_PENCERE
100
AcDbLine
 10
566417.0509433524
 20
4178575.3484050273
 30
0.0
 11
566421.2433441812
 21
4178575.5977067896
 31
0.0
  0
LINE
  5
8A9
330
1F
100
AcDbEntity
  8
TASLAK_PENCERE
100
AcDbLine
 10
566421.647387654
 20
4178575.5415919777
 30
0.0
 11
566423.4442135753
 21
4178575.6484405086
 31
0.0
  0
LINE
  5
8AA
330
1F
100
AcDbEntity
  8
TASLAK_PENCERE
100
AcDbLine
 10
566421.6568853012
 20
4178575.381874118
 30
0.0
 11
566421.6378900069
 21
4178575.7013098374
 31
0.0
  0
LINE
  5
8AB
330
1F
100
AcDbEntity
  8
TASLAK_PENCERE
100
AcDbLine
 10
566423.4537112225
 20
4178575.488722649
 30
0.0
 11
566423.4347159282
 21
4178575.8081583683
 31
0.0
  0
LINE
  5
8AC
330
1F
100
AcDbEntity
  8
TASLAK_PENCERE
100
AcDbLine
 10
566421.6426388305
 20
4178575.6214509076
 30
0.0
 11
566423.4394647517
 21
4178575.7282994385
 31
0.0
  0
LINE
  5
8AD
330
1F
100
AcDbEntity
  8
TASLAK_PENCERE
100
AcDbLine
 10
566415.9980517167
 20
4178576.2074198355
 30
0.0
 11
566415.9653819598
 21
4178576.7564090104
 31
0.0
  0
LINE
  5
8AE
330
1F
100
AcDbEntity
  8
TASLAK_PENCERE
100
AcDbLine
 10
566416.157769162
 20
4178576.2169244494
 30
0.0
 11
566415.8383342715
 21
4178576.1979152216
 31
0.0
  0
LINE
  5
8AF
330
1F
100
AcDbEntity
  8
TASLAK_PENCERE
100
AcDbLine
 10
566416.1250994051
 20
4178576.7659136243
 30
0.0
 11
566415.8056645145
 21
4178576.7469043965
 31
0.0
  0
LINE
  5
8B0
330
1F
100
AcDbEntity
  8
TASLAK_PENCERE
100
AcDbLine
 10
566415.9181929941
 20
4178576.2026675288
 30
0.0
 11
566415.8855232372
 21
4178576.7516567037
 31
0.0
  0
LINE
  5
8B1
330
1F
100
AcDbEntity
  8
TASLAK_PENCERE
100
AcDbLine
 10
566416.359380698
 20
4178580.2359326
 30
0.0
 11
566417.0082345029
 21
4178580.274516792
 31
0.0
  0
LINE
  5
8B2
330
1F
100
AcDbEntity
  8
TASLAK_PENCERE
100
AcDbLine
 10
566416.3688783451
 20
4178580.0762147405
 30
0.0
 11
566416.3498830508
 21
4178580.39565046
 31
0.0
  0
LINE
  5
8B3
330
1F
100
AcDbEntity
  8
TASLAK_PENCERE
100
AcDbLine
 10
566417.01773215
 20
4178580.1147989323
 30
0.0
 11
566416.9987368557
 21
4178580.4342346517
 31
0.0
  0
LINE
  5
8B4
330
1F
100
AcDbEntity
  8
TASLAK_PENCERE
100
AcDbLine
 10
566416.3546318744
 20
4178580.31579153
 30
0.0
 11
566417.0034856793
 21
4178580.354375722
 31
0.0
  0
LINE
  5
8B5
330
1F
100
AcDbEntity
  8
TASLAK_PENCERE
100
AcDbLine
 10
566417.6570883078
 20
4178580.313100984
 30
0.0
 11
566418.8549722553
 21
4178580.3843333377
 31
0.0
  0
LINE
  5
8B6
330
1F
100
AcDbEntity
  8
TASLAK_PENCERE
100
AcDbLine
 10
566417.666585955
 20
4178580.153383124
 30
0.0
 11
566417.6475906606
 21
4178580.4728188436
 31
0.0
  0
LINE
  5
8B7
330
1F
100
AcDbEntity
  8
TASLAK_PENCERE
100
AcDbLine
 10
566418.8644699025
 20
4178580.224615478
 30
0.0
 11
566418.8454746081
 21
4178580.5440511974
 31
0.0
  0
LINE
  5
8B8
330
1F
100
AcDbEntity
  8
TASLAK_PENCERE
100
AcDbLine
 10
566417.6523394842
 20
4178580.3929599137
 30
0.0
 11
566418.8502234317
 21
4178580.4641922675
 31
0.0
  0
LINE
  5
8B9
330
1F
100
AcDbEntity
  8
TASLAK_PENCERE
100
AcDbLine
 10
566419.6036497225
 20
4178580.4288535584
 30
0.0
 11
566423.1471967464
 21
4178580.6395711293
 31
0.0
  0
LINE
  5
8BA
330
1F
100
AcDbEntity
  8
TASLAK_PENCERE
100
AcDbLine
 10
566419.6131473697
 20
4178580.2691356987
 30
0.0
 11
566419.5941520754
 21
4178580.588571418
 31
0.0
  0
LINE
  5
8BB
330
1F
100
AcDbEntity
  8
TASLAK_PENCERE
100
AcDbLine
 10
566423.1566943936
 20
4178580.4798532696
 30
0.0
 11
566423.1376990993
 21
4178580.799288989
 31
0.0
  0
LINE
  5
8BC
330
1F
100
AcDbEntity
  8
TASLAK_PENCERE
100
AcDbLine
 10
566419.598900899
 20
4178580.508712488
 30
0.0
 11
566423.1424479228
 21
4178580.719430059
 31
0.0
  0
LINE
  5
8BD
330
1F
100
AcDbEntity
  8
TASLAK_KAPI
100
AcDbLine
 10
566416.2595570356
 20
4178580.229996571
 30
0.0
 11
566417.1579699963
 21
4178580.283420836
 31
0.0
  0
ARC
  5
8BE
330
1F
100
AcDbEntity
  8
TASLAK_KAPI
100
AcDbCircle
 10
566416.2595570356
 20
4178580.229996571
 30
0.0
 40
0.9000000000366284
100
AcDbArc
 50
0.0
 51
90.0
  0
LINE
  5
8BF
330
1F
100
AcDbEntity
  8
TASLAK_KAPI
100
AcDbLine
 10
566417.4502746972
 20
4178577.8965632017
 30
0.0
 11
566417.4027516281
 21
4178578.695150428
 31
0.0
  0
ARC
  5
8C0
330
1F
100
AcDbEntity
  8
TASLAK_KAPI
100
AcDbCircle
 10
566417.4502746972
 20
4178577.8965632017
 30
0.0
 40
0.8000000000740028
100
AcDbArc
 50
0.0
 51
90.0
  0
LINE
  5
8C1
330
1F
100
AcDbEntity
  8
TASLAK_KAPI
100
AcDbLine
 10
566416.6010537869
 20
4178577.395269228
 30
0.0
 11
566417.4994667476
 21
4178577.4486934934
 31
0.0
  0
ARC
  5
8C2
330
1F
100
AcDbEntity
  8
TASLAK_KAPI
100
AcDbCircle
 10
566416.6010537869
 20
4178577.395269228
 30
0.0
 40
0.9000000000366284
100
AcDbArc
 50
0.0
 51
90.0
  0
LWPOLYLINE
  5
8C3
330
1F
100
AcDbEntity
  8
TASLAK_ASMAKAT
  6
KESIKLI
100
AcDbPolyline
 90
4
 70
1
 10
566416.1282966781
 20
4178577.385543185
 10
566423.7147020248
 20
4178577.83666995
 10
566423.5583721629
 20
4178580.463668441
 10
566415.9719668161
 20
4178580.012541676
  0
TEXT
  5
8C4
330
1F
100
AcDbEntity
  8
TASLAK_ASMAKAT
100
AcDbText
 10
566419.8433344204
 20
4178578.924605813
 30
0.0
 40
0.2
  1
ASMA KAT (YATAK ODASI)
 50
3.4030949118175196
 72
1
 11
566419.8433344204
 21
4178578.924605813
 31
0.0
100
AcDbText
 73
2
  0
LINE
  5
8C5
330
1F
100
AcDbEntity
  8
TASLAK_GIRIS
100
AcDbLine
 10
566419.7532887222
 20
4178580.4377518645
 30
0.0
 11
566419.6760637349
 21
4178581.735456107
 31
0.0
  0
LINE
  5
8C6
330
1F
100
AcDbEntity
  8
TASLAK_GIRIS
100
AcDbLine
 10
566419.4033244743
 20
4178581.2684427043
 30
0.0
 11
566419.7532887222
 21
4178580.4377518645
 31
0.0
  0
LINE
  5
8C7
330
1F
100
AcDbEntity
  8
TASLAK_GIRIS
100
AcDbLine
 10
566420.0022664481
 20
4178581.304058881
 30
0.0
 11
566419.7532887222
 21
4178580.4377518645
 31
0.0
  0
TEXT
  5
8C8
330
1F
100
AcDbEntity
  8
TASLAK_GIRIS
100
AcDbText
 10
566419.6523022003
 20
4178582.1347497203
 30
0.0
 40
0.24
  1
GIRIS
 50
3.4030949118175196
 72
1
 11
566419.6523022003
 21
4178582.1347497203
 31
0.0
100
AcDbText
 73
2
  0
LWPOLYLINE
  5
8C9
330
1F
100
AcDbEntity
  8
TASLAK_DUVAR
100
AcDbPolyline
 90
4
 70
1
 10
566424.0433907596
 20
4178575.684169759
 10
566432.0292813915
 20
4178576.159091666
 10
566431.7324106254
 20
4178581.150211262
 10
566423.7465199935
 20
4178580.675289355
  0
LWPOLYLINE
  5
8CA
330
1F
100
AcDbEntity
  8
TASLAK_DUVAR
100
AcDbPolyline
 90
4
 70
1
 10
566424.231163054
 20
4178575.8956899582
 10
566431.8177591542
 20
4178576.3468657695
 10
566431.544638331
 20
4178580.938691063
 10
566423.9580422308
 20
4178580.4875152516
  0
LINE
  5
8CB
330
1F
100
AcDbEntity
  8
TASLAK_DUVAR
100
AcDbLine
 10
566424.1124168598
 20
4178577.892102284
 30
0.0
 11
566431.6990129601
 21
4178578.343278095
 31
0.0
  0
LINE
  5
8CC
330
1F
100
AcDbEntity
  8
TASLAK_DUVAR
100
AcDbLine
 10
566424.1183543456
 20
4178577.792278708
 30
0.0
 11
566431.7049504458
 21
4178578.243454519
 31
0.0
  0
LINE
  5
8CD
330
1F
100
AcDbEntity
  8
TASLAK_DUVAR
100
AcDbLine
 10
566429.3720801483
 20
4178576.201420936
 30
0.0
 11
566429.2592679193
 21
4178578.098068874
 31
0.0
  0
LINE
  5
8CE
330
1F
100
AcDbEntity
  8
TASLAK_DUVAR
100
AcDbLine
 10
566429.4719037812
 20
4178576.2073574597
 30
0.0
 11
566429.3590915522
 21
4178578.1040053978
 31
0.0
  0
LINE
  5
8CF
330
1F
100
AcDbEntity
  8
TASLAK_DUVAR
100
AcDbLine
 10
566425.4130928303
 20
4178577.9193653055
 30
0.0
 11
566425.2557494584
 21
4178580.5646900614
 31
0.0
  0
LINE
  5
8D0
330
1F
100
AcDbEntity
  8
TASLAK_DUVAR
100
AcDbLine
 10
566425.5129164632
 20
4178577.9253018294
 30
0.0
 11
566425.3555730913
 21
4178580.5706265853
 31
0.0
  0
LINE
  5
8D1
330
1F
100
AcDbEntity
  8
TASLAK_DUVAR
100
AcDbLine
 10
566427.3097418554
 20
4178578.032159258
 30
0.0
 11
566427.1523984835
 21
4178580.677484014
 31
0.0
  0
LINE
  5
8D2
330
1F
100
AcDbEntity
  8
TASLAK_DUVAR
100
AcDbLine
 10
566427.4095654882
 20
4178578.038095782
 30
0.0
 11
566427.2522221163
 21
4178580.683420538
 31
0.0
  0
TEXT
  5
8D3
330
1F
100
AcDbEntity
  8
TASLAK_MEKAN
100
AcDbText
 10
566427.9665723784
 20
4178577.0945281326
 30
0.0
 40
0.26
  1
MUTFAK + SALON\P14.8 m2
 72
1
 11
566427.9665723784
 21
4178577.0945281326
 31
0.0
100
AcDbText
 73
2
  0
TEXT
  5
8D4
330
1F
100
AcDbEntity
  8
TASLAK_MEKAN
100
AcDbText
 10
566424.7105234388
 20
4178579.2049244097
 30
0.0
 40
0.26
  1
ANTRE\P3.6 m2
 72
1
 11
566424.7105234388
 21
4178579.2049244097
 31
0.0
100
AcDbText
 73
2
  0
TEXT
  5
8D5
330
1F
100
AcDbEntity
  8
TASLAK_MEKAN
100
AcDbText
 10
566426.3326574734
 20
4178579.3013929212
 30
0.0
 40
0.26
  1
BANYO/WC\P5.0 m2
 72
1
 11
566426.3326574734
 21
4178579.3013929212
 31
0.0
100
AcDbText
 73
2
  0
CIRCLE
  5
8D6
330
1F
100
AcDbEntity
  8
TASLAK_MERDIVEN
100
AcDbCircle
 10
566430.5588337858
 20
4178579.828210018
 30
0.0
 40
0.85
  0
LINE
  5
8D7
330
1F
100
AcDbEntity
  8
TASLAK_MERDIVEN
100
AcDbLine
 10
566430.5588337858
 20
4178579.828210018
 30
0.0
 11
566431.4073346655
 21
4178579.878670471
 31
0.0
  0
LINE
  5
8D8
330
1F
100
AcDbEntity
  8
TASLAK_MERDIVEN
100
AcDbLine
 10
566430.5588337858
 20
4178579.828210018
 30
0.0
 11
566431.2684227884
 21
4178580.2961602486
 31
0.0
  0
LINE
  5
8D9
330
1F
100
AcDbEntity
  8
TASLAK_MERDIVEN
100
AcDbLine
 10
566430.5588337858
 20
4178579.828210018
 30
0.0
 11
566430.9393771111
 21
4178580.58826314
 31
0.0
  0
LINE
  5
8DA
330
1F
100
AcDbEntity
  8
TASLAK_MERDIVEN
100
AcDbLine
 10
566430.5588337858
 20
4178579.828210018
 30
0.0
 11
566430.5083651571
 21
4178580.6767104114
 31
0.0
  0
LINE
  5
8DB
330
1F
100
AcDbEntity
  8
TASLAK_MERDIVEN
100
AcDbLine
 10
566430.5588337858
 20
4178579.828210018
 30
0.0
 11
566430.0908762316
 21
4178580.5378026874
 31
0.0
  0
LINE
  5
8DC
330
1F
100
AcDbEntity
  8
TASLAK_MERDIVEN
100
AcDbLine
 10
566430.5588337858
 20
4178579.828210018
 30
0.0
 11
566429.7987761546
 21
4178580.208760181
 31
0.0
  0
LINE
  5
8DD
330
1F
100
AcDbEntity
  8
TASLAK_MERDIVEN
100
AcDbLine
 10
566430.5588337858
 20
4178579.828210018
 30
0.0
 11
566429.7103329062
 21
4178579.7777495654
 31
0.0
  0
LINE
  5
8DE
330
1F
100
AcDbEntity
  8
TASLAK_MERDIVEN
100
AcDbLine
 10
566430.5588337858
 20
4178579.828210018
 30
0.0
 11
566429.8492447834
 21
4178579.3602597876
 31
0.0
  0
LINE
  5
8DF
330
1F
100
AcDbEntity
  8
TASLAK_MERDIVEN
100
AcDbLine
 10
566430.5588337858
 20
4178579.828210018
 30
0.0
 11
566430.1782904606
 21
4178579.0681568957
 31
0.0
  0
LINE
  5
8E0
330
1F
100
AcDbEntity
  8
TASLAK_MERDIVEN
100
AcDbLine
 10
566430.5588337858
 20
4178579.828210018
 30
0.0
 11
566430.6093024146
 21
4178578.979709625
 31
0.0
  0
LINE
  5
8E1
330
1F
100
AcDbEntity
  8
TASLAK_MERDIVEN
100
AcDbLine
 10
566430.5588337858
 20
4178579.828210018
 30
0.0
 11
566431.0267913402
 21
4178579.1186173484
 31
0.0
  0
LINE
  5
8E2
330
1F
100
AcDbEntity
  8
TASLAK_MERDIVEN
100
AcDbLine
 10
566430.5588337858
 20
4178579.828210018
 30
0.0
 11
566431.3188914171
 21
4178579.4476598552
 31
0.0
  0
CIRCLE
  5
8E3
330
1F
100
AcDbEntity
  8
TASLAK_MERDIVEN
100
AcDbCircle
 10
566430.5588337858
 20
4178579.828210018
 30
0.0
 40
0.09
  0
LINE
  5
8E4
330
1F
100
AcDbEntity
  8
TASLAK_OK
100
AcDbLine
 10
566430.1199160479
 20
4178579.3337815525
 30
0.0
 11
566430.9977515239
 21
4178580.3226384833
 31
0.0
  0
LINE
  5
8E5
330
1F
100
AcDbEntity
  8
TASLAK_OK
100
AcDbLine
 10
566430.6921965491
 20
4178580.4492223915
 30
0.0
 11
566430.9977515239
 21
4178580.3226384833
 31
0.0
  0
LINE
  5
8E6
330
1F
100
AcDbEntity
  8
TASLAK_OK
100
AcDbLine
 10
566431.1596606935
 20
4178580.0342416223
 30
0.0
 11
566430.9977515239
 21
4178580.3226384833
 31
0.0
  0
TEXT
  5
8E7
330
1F
100
AcDbEntity
  8
TASLAK_OK
100
AcDbText
 10
566430.1345833461
 20
4178579.8029797915
 30
0.0
 40
0.22
  1
CIKIS
 50
93.40393075625096
 72
1
 11
566430.1345833461
 21
4178579.8029797915
 31
0.0
100
AcDbText
 73
2
  0
LINE
  5
8E8
330
1F
100
AcDbEntity
  8
TASLAK_PENCERE
100
AcDbLine
 10
566425.0416270886
 20
4178575.7435349976
 30
0.0
 11
566429.2342196704
 21
4178575.9928689986
 31
0.0
  0
LINE
  5
8E9
330
1F
100
AcDbEntity
  8
TASLAK_PENCERE
100
AcDbLine
 10
566425.0511255267
 20
4178575.583817185
 30
0.0
 11
566425.0321286505
 21
4178575.9032528102
 31
0.0
  0
LINE
  5
8EA
330
1F
100
AcDbEntity
  8
TASLAK_PENCERE
100
AcDbLine
 10
566429.2437181085
 20
4178575.833151186
 30
0.0
 11
566429.2247212323
 21
4178576.152586811
 31
0.0
  0
LINE
  5
8EB
330
1F
100
AcDbEntity
  8
TASLAK_PENCERE
100
AcDbLine
 10
566425.0368778695
 20
4178575.8233939037
 30
0.0
 11
566429.2294704514
 21
4178576.0727279047
 31
0.0
  0
LINE
  5
8EC
330
1F
100
AcDbEntity
  8
TASLAK_PENCERE
100
AcDbLine
 10
566429.633514202
 20
4178576.0166150937
 30
0.0
 11
566431.4303395941
 21
4178576.123472523
 31
0.0
  0
LINE
  5
8ED
330
1F
100
AcDbEntity
  8
TASLAK_PENCERE
100
AcDbLine
 10
566429.6430126401
 20
4178575.856897281
 30
0.0
 11
566429.6240157639
 21
4178576.1763329064
 31
0.0
  0
LINE
  5
8EE
330
1F
100
AcDbEntity
  8
TASLAK_PENCERE
100
AcDbLine
 10
566431.4398380322
 20
4178575.9637547103
 30
0.0
 11
566431.420841156
 21
4178576.2831903356
 31
0.0
  0
LINE
  5
8EF
330
1F
100
AcDbEntity
  8
TASLAK_PENCERE
100
AcDbLine
 10
566429.6287649829
 20
4178576.096474
 30
0.0
 11
566431.4255903751
 21
4178576.203331429
 31
0.0
  0
LINE
  5
8F0
330
1F
100
AcDbEntity
  8
TASLAK_PENCERE
100
AcDbLine
 10
566423.9840159023
 20
4178576.682405516
 30
0.0
 11
566423.9513632513
 21
4178577.231375994
 31
0.0
  0
LINE
  5
8F1
330
1F
100
AcDbEntity
  8
TASLAK_PENCERE
100
AcDbLine
 10
566424.1437336233
 20
4178576.6919054934
 30
0.0
 11
566423.8242981812
 21
4178576.6729055387
 31
0.0
  0
LINE
  5
8F2
330
1F
100
AcDbEntity
  8
TASLAK_PENCERE
100
AcDbLine
 10
566424.1110809724
 20
4178577.2408759715
 30
0.0
 11
566423.7916455303
 21
4178577.221876017
 31
0.0
  0
LINE
  5
8F3
330
1F
100
AcDbEntity
  8
TASLAK_PENCERE
100
AcDbLine
 10
566423.9041570417
 20
4178576.6776555274
 30
0.0
 11
566423.8715043907
 21
4178577.2266260055
 31
0.0
  0
LINE
  5
8F4
330
1F
100
AcDbEntity
  8
TASLAK_PENCERE
100
AcDbLine
 10
566424.3454617909
 20
4178580.710908498
 30
0.0
 11
566424.9943154048
 21
4178580.749495903
 31
0.0
  0
LINE
  5
8F5
330
1F
100
AcDbEntity
  8
TASLAK_PENCERE
100
AcDbLine
 10
566424.354960229
 20
4178580.5511906855
 30
0.0
 11
566424.3359633528
 21
4178580.870626311
 31
0.0
  0
LINE
  5
8F6
330
1F
100
AcDbEntity
  8
TASLAK_PENCERE
100
AcDbLine
 10
566425.0038138429
 20
4178580.5897780904
 30
0.0
 11
566424.9848169667
 21
4178580.9092137157
 31
0.0
  0
LINE
  5
8F7
330
1F
100
AcDbEntity
  8
TASLAK_PENCERE
100
AcDbLine
 10
566424.3407125719
 20
4178580.7907674043
 30
0.0
 11
566424.9895661857
 21
4178580.829354809
 31
0.0
  0
LINE
  5
8F8
330
1F
100
AcDbEntity
  8
TASLAK_PENCERE
100
AcDbLine
 10
566425.6431690186
 20
4178580.788083308
 30
0.0
 11
566426.8410526133
 21
4178580.8593215942
 31
0.0
  0
LINE
  5
8F9
330
1F
100
AcDbEntity
  8
TASLAK_PENCERE
100
AcDbLine
 10
566425.6526674568
 20
4178580.6283654952
 30
0.0
 11
566425.6336705803
 21
4178580.9478011206
 31
0.0
  0
LINE
  5
8FA
330
1F
100
AcDbEntity
  8
TASLAK_PENCERE
100
AcDbLine
 10
566426.8505510516
 20
4178580.6996037816
 30
0.0
 11
566426.8315541751
 21
4178581.019039407
 31
0.0
  0
LINE
  5
8FB
330
1F
100
AcDbEntity
  8
TASLAK_PENCERE
100
AcDbLine
 10
566425.6384197995
 20
4178580.867942214
 30
0.0
 11
566426.8363033943
 21
4178580.9391805003
 31
0.0
  0
LINE
  5
8FC
330
1F
100
AcDbEntity
  8
TASLAK_PENCERE
100
AcDbLine
 10
566427.5897298601
 20
4178580.903845523
 30
0.0
 11
566431.133468828
 21
4178581.114592119
 31
0.0
  0
LINE
  5
8FD
330
1F
100
AcDbEntity
  8
TASLAK_PENCERE
100
AcDbLine
 10
566427.5992282982
 20
4178580.7441277103
 30
0.0
 11
566427.580231422
 21
4178581.0635633357
 31
0.0
  0
LINE
  5
8FE
330
1F
100
AcDbEntity
  8
TASLAK_PENCERE
100
AcDbLine
 10
566431.1429672661
 20
4178580.9548743065
 30
0.0
 11
566431.12397039
 21
4178581.274309932
 31
0.0
  0
LINE
  5
8FF
330
1F
100
AcDbEntity
  8
TASLAK_PENCERE
100
AcDbLine
 10
566427.584980641
 20
4178580.983704429
 30
0.0
 11
566431.128719609
 21
4178581.194451025
 31
0.0
  0
LINE
  5
900
330
1F
100
AcDbEntity
  8
TASLAK_KAPI
100
AcDbLine
 10
566424.245638158
 20
4178580.7049719742
 30
0.0
 11
566425.144050854
 21
4178580.758400689
 31
0.0
  0
ARC
  5
901
330
1F
100
AcDbEntity
  8
TASLAK_KAPI
100
AcDbCircle
 10
566424.245638158
 20
4178580.7049719742
 30
0.0
 40
0.8999999999033552
100
AcDbArc
 50
0.0
 51
90.0
  0
LINE
  5
902
330
1F
100
AcDbEntity
  8
TASLAK_KAPI
100
AcDbLine
 10
566425.436285961
 20
4178578.3715396584
 30
0.0
 11
566425.388786075
 21
4178579.1701282635
 31
0.0
  0
ARC
  5
903
330
1F
100
AcDbEntity
  8
TASLAK_KAPI
100
AcDbCircle
 10
566425.436285961
 20
4178578.3715396584
 30
0.0
 40
0.7999999996293871
100
AcDbArc
 50
0.0
 51
90.0
  0
LINE
  5
904
330
1F
100
AcDbEntity
  8
TASLAK_KAPI
100
AcDbLine
 10
566424.5870522681
 20
4178577.8702405705
 30
0.0
 11
566425.4854649642
 21
4178577.923669285
 31
0.0
  0
ARC
  5
905
330
1F
100
AcDbEntity
  8
TASLAK_KAPI
100
AcDbCircle
 10
566424.5870522681
 20
4178577.8702405705
 30
0.0
 40
0.9000000000195653
100
AcDbArc
 50
0.0
 51
90.0
  0
LWPOLYLINE
  5
906
330
1F
100
AcDbEntity
  8
TASLAK_ASMAKAT
  6
KESIKLI
100
AcDbPolyline
 90
4
 70
1
 10
566424.1142918554
 20
4178577.860579049
 10
566431.7008879556
 20
4178578.3117548604
 10
566431.544638331
 20
4178580.938691063
 10
566423.9580422308
 20
4178580.4875152516
  0
TEXT
  5
907
330
1F
100
AcDbEntity
  8
TASLAK_ASMAKAT
100
AcDbText
 10
566427.8294650931
 20
4178579.399635055
 30
0.0
 40
0.2
  1
ASMA KAT (YATAK ODASI)
 50
3.403378656208528
 72
1
 11
566427.8294650931
 21
4178579.399635055
 31
0.0
100
AcDbText
 73
2
  0
LINE
  5
908
330
1F
100
AcDbEntity
  8
TASLAK_GIRIS
100
AcDbLine
 10
566427.7394653094
 20
4178580.9127503084
 30
0.0
 11
566427.6622779949
 21
4178582.2104567923
 31
0.0
  0
LINE
  5
909
330
1F
100
AcDbEntity
  8
TASLAK_GIRIS
100
AcDbLine
 10
566427.3895257821
 20
4178581.7434411305
 30
0.0
 11
566427.7394653094
 21
4178580.9127503084
 31
0.0
  0
LINE
  5
90A
330
1F
100
AcDbEntity
  8
TASLAK_GIRIS
100
AcDbLine
 10
566427.9884675794
 20
4178581.7790602734
 30
0.0
 11
566427.7394653094
 21
4178580.9127503084
 31
0.0
  0
TEXT
  5
90B
330
1F
100
AcDbEntity
  8
TASLAK_GIRIS
100
AcDbText
 10
566427.638528052
 20
4178582.609751095
 30
0.0
 40
0.24
  1
GIRIS
 50
3.403378656208528
 72
1
 11
566427.638528052
 21
4178582.609751095
 31
0.0
100
AcDbText
 73
2
  0
LWPOLYLINE
  5
90C
330
1F
100
AcDbEntity
  8
TASLAK_DUVAR
100
AcDbPolyline
 90
4
 70
1
 10
566432.1889293077
 20
4178573.473773891
 10
566437.3810720508
 20
4178573.782584176
 10
566436.9243094842
 20
4178581.4590399545
 10
566431.7321667412
 20
4178581.1502296696
  0
LWPOLYLINE
  5
90D
330
1F
100
AcDbEntity
  8
TASLAK_DUVAR
100
AcDbPolyline
 90
4
 70
1
 10
566432.3766971587
 20
4178573.6852950915
 10
566437.1695455202
 20
4178573.9703567587
 10
566436.7365416333
 20
4178581.247518754
 10
566431.9436932717
 20
4178580.962457087
  0
LINE
  5
90E
330
1F
100
AcDbEntity
  8
TASLAK_DUVAR
100
AcDbLine
 10
566436.0506971262
 20
4178574.254430121
 30
0.0
 11
566435.7661849866
 21
4178579.0360059724
 31
0.0
  0
LINE
  5
90F
330
1F
100
AcDbEntity
  8
TASLAK_DUVAR
100
AcDbLine
 10
566436.1505207217
 20
4178574.260367275
 30
0.0
 11
566435.8660085821
 21
4178579.041943127
 31
0.0
  0
LINE
  5
910
330
1F
100
AcDbEntity
  8
TASLAK_DUVAR
100
AcDbLine
 10
566433.4130750425
 20
4178578.996228033
 30
0.0
 11
566433.2913118097
 21
4178581.042608671
 31
0.0
  0
LINE
  5
911
330
1F
100
AcDbEntity
  8
TASLAK_DUVAR
100
AcDbLine
 10
566433.5128986379
 20
4178579.002165187
 30
0.0
 11
566433.391135405
 21
4178581.048545825
 31
0.0
  0
LINE
  5
912
330
1F
100
AcDbEntity
  8
TASLAK_DUVAR
100
AcDbLine
 10
566432.0624866696
 20
4178578.9659881718
 30
0.0
 11
566435.8071872795
 21
4178579.188709718
 31
0.0
  0
LINE
  5
913
330
1F
100
AcDbEntity
  8
TASLAK_DUVAR
100
AcDbLine
 10
566432.0684263395
 20
4178578.866164726
 30
0.0
 11
566435.8131269494
 21
4178579.0888862726
 31
0.0
  0
LINE
  5
914
330
1F
100
AcDbEntity
  8
TASLAK_DUVAR
100
AcDbLine
 10
566432.015544707
 20
4178578.913107872
 30
0.0
 11
566431.8937814741
 21
4178580.9594885097
 31
0.0
  0
LINE
  5
915
330
1F
100
AcDbEntity
  8
TASLAK_DUVAR
100
AcDbLine
 10
566432.1153683023
 20
4178578.9190450264
 30
0.0
 11
566431.9936050695
 21
4178580.965425664
 31
0.0
  0
LINE
  5
916
330
1F
100
AcDbEntity
  8
TASLAK_DUVAR
100
AcDbLine
 10
566433.6757196812
 20
4178573.7625563564
 30
0.0
 11
566433.5628659532
 21
4178575.6592018255
 31
0.0
  0
LINE
  5
917
330
1F
100
AcDbEntity
  8
TASLAK_DUVAR
100
AcDbLine
 10
566433.7755432767
 20
4178573.7684935103
 30
0.0
 11
566433.6626895487
 21
4178575.6651389794
 31
0.0
  0
TEXT
  5
918
330
1F
100
AcDbEntity
  8
TASLAK_MEKAN
100
AcDbText
 10
566432.703340056
 20
4178579.9808268487
 30
0.0
 40
0.26
  1
ANTRE\P2.9 m2
 72
1
 11
566432.703340056
 21
4178579.9808268487
 31
0.0
100
AcDbText
 73
2
  0
TEXT
  5
919
330
1F
100
AcDbEntity
  8
TASLAK_MEKAN
100
AcDbText
 10
566434.5756903609
 20
4178580.092187622
 30
0.0
 40
0.26
  1
BANYO/WC\P4.8 m2
 72
1
 11
566434.5756903609
 21
4178580.092187622
 31
0.0
100
AcDbText
 73
2
  0
TEXT
  5
91A
330
1F
100
AcDbEntity
  8
TASLAK_MEKAN
100
AcDbText
 10
566434.0934271365
 20
4178576.4120465433
 30
0.0
 40
0.26
  1
MUTFAK + SALON\P19.7 m2
 72
1
 11
566434.0934271365
 21
4178576.4120465433
 31
0.0
100
AcDbText
 73
2
  0
LINE
  5
91B
330
1F
100
AcDbEntity
  8
TASLAK_MERDIVEN
100
AcDbLine
 10
566436.1006089239
 20
4178574.257398698
 30
0.0
 11
566437.1487566757
 21
4178574.319738819
 31
0.0
  0
LINE
  5
91C
330
1F
100
AcDbEntity
  8
TASLAK_MERDIVEN
100
AcDbLine
 10
566436.0848026939
 20
4178574.523041801
 30
0.0
 11
566437.1329504456
 21
4178574.585381922
 31
0.0
  0
LINE
  5
91D
330
1F
100
AcDbEntity
  8
TASLAK_MERDIVEN
100
AcDbLine
 10
566436.0689964639
 20
4178574.7886849036
 30
0.0
 11
566437.1171442156
 21
4178574.8510250244
 31
0.0
  0
LINE
  5
91E
330
1F
100
AcDbEntity
  8
TASLAK_MERDIVEN
100
AcDbLine
 10
566436.053190234
 20
4178575.0543280067
 30
0.0
 11
566437.1013379857
 21
4178575.1166681275
 31
0.0
  0
LINE
  5
91F
330
1F
100
AcDbEntity
  8
TASLAK_MERDIVEN
100
AcDbLine
 10
566436.037384004
 20
4178575.3199711093
 30
0.0
 11
566437.0855317557
 21
4178575.38231123
 31
0.0
  0
LINE
  5
920
330
1F
100
AcDbEntity
  8
TASLAK_MERDIVEN
100
AcDbLine
 10
566436.021577774
 20
4178575.5856142123
 30
0.0
 11
566437.0697255257
 21
4178575.647954333
 31
0.0
  0
LINE
  5
921
330
1F
100
AcDbEntity
  8
TASLAK_MERDIVEN
100
AcDbLine
 10
566436.0057715441
 20
4178575.8512573154
 30
0.0
 11
566437.0539192958
 21
4178575.913597436
 31
0.0
  0
LINE
  5
922
330
1F
100
AcDbEntity
  8
TASLAK_MERDIVEN
100
AcDbLine
 10
566435.989965314
 20
4178576.116900418
 30
0.0
 11
566437.0381130658
 21
4178576.1792405387
 31
0.0
  0
LINE
  5
923
330
1F
100
AcDbEntity
  8
TASLAK_MERDIVEN
100
AcDbLine
 10
566435.974159084
 20
4178576.382543521
 30
0.0
 11
566437.0223068357
 21
4178576.444883642
 31
0.0
  0
LINE
  5
924
330
1F
100
AcDbEntity
  8
TASLAK_MERDIVEN
100
AcDbLine
 10
566435.9583528541
 20
4178576.648186624
 30
0.0
 11
566437.0065006058
 21
4178576.710526745
 31
0.0
  0
LINE
  5
925
330
1F
100
AcDbEntity
  8
TASLAK_MERDIVEN
100
AcDbLine
 10
566435.9425466241
 20
4178576.9138297266
 30
0.0
 11
566436.9906943758
 21
4178576.9761698474
 31
0.0
  0
LINE
  5
926
330
1F
100
AcDbEntity
  8
TASLAK_MERDIVEN
100
AcDbLine
 10
566435.9267403941
 20
4178577.1794728297
 30
0.0
 11
566436.9748881458
 21
4178577.2418129505
 31
0.0
  0
LINE
  5
927
330
1F
100
AcDbEntity
  8
TASLAK_MERDIVEN
100
AcDbLine
 10
566435.9109341642
 20
4178577.4451159323
 30
0.0
 11
566436.9590819159
 21
4178577.507456053
 31
0.0
  0
LINE
  5
928
330
1F
100
AcDbEntity
  8
TASLAK_MERDIVEN
100
AcDbLine
 10
566435.8951279342
 20
4178577.7107590353
 30
0.0
 11
566436.9432756859
 21
4178577.773099156
 31
0.0
  0
LINE
  5
929
330
1F
100
AcDbEntity
  8
TASLAK_MERDIVEN
100
AcDbLine
 10
566435.8793217042
 20
4178577.9764021384
 30
0.0
 11
566436.9274694559
 21
4178578.038742259
 31
0.0
  0
LINE
  5
92A
330
1F
100
AcDbEntity
  8
TASLAK_MERDIVEN
100
AcDbLine
 10
566435.8635154743
 20
4178578.242045241
 30
0.0
 11
566436.911663226
 21
4178578.3043853617
 31
0.0
  0
LINE
  5
92B
330
1F
100
AcDbEntity
  8
TASLAK_MERDIVEN
100
AcDbLine
 10
566435.8477092442
 20
4178578.507688344
 30
0.0
 11
566436.895856996
 21
4178578.570028465
 31
0.0
  0
LINE
  5
92C
330
1F
100
AcDbEntity
  8
TASLAK_MERDIVEN
100
AcDbLine
 10
566435.8319030142
 20
4178578.773331447
 30
0.0
 11
566436.8800507659
 21
4178578.835671568
 31
0.0
  0
LINE
  5
92D
330
1F
100
AcDbEntity
  8
TASLAK_MERDIVEN
100
AcDbLine
 10
566435.8160967843
 20
4178579.0389745496
 30
0.0
 11
566436.864244536
 21
4178579.1013146704
 31
0.0
  0
LINE
  5
92E
330
1F
100
AcDbEntity
  8
TASLAK_MERDIVEN
100
AcDbLine
 10
566436.6246827998
 20
4178574.2885687584
 30
0.0
 11
566436.3401706602
 21
4178579.07014461
 31
0.0
  0
LINE
  5
92F
330
1F
100
AcDbEntity
  8
TASLAK_OK
100
AcDbLine
 10
566436.6038939551
 20
4178574.6379508185
 30
0.0
 11
566436.3490801649
 21
4178578.9204094415
 31
0.0
  0
LINE
  5
930
330
1F
100
AcDbEntity
  8
TASLAK_OK
100
AcDbLine
 10
566436.0793077282
 20
4178578.4034807496
 30
0.0
 11
566436.3490801649
 21
4178578.9204094415
 31
0.0
  0
LINE
  5
931
330
1F
100
AcDbEntity
  8
TASLAK_OK
100
AcDbLine
 10
566436.6782493006
 20
4178578.439103676
 30
0.0
 11
566436.3490801649
 21
4178578.9204094415
 31
0.0
  0
TEXT
  5
932
330
1F
100
AcDbEntity
  8
TASLAK_OK
100
AcDbText
 10
566436.4666205
 20
4178576.944999787
 30
0.0
 40
0.22
  1
CIKIS
 50
93.40518440191754
 72
1
 11
566436.4666205
 21
4178576.944999787
 31
0.0
100
AcDbText
 73
2
  0
LINE
  5
933
330
1F
100
AcDbEntity
  8
TASLAK_PENCERE
100
AcDbLine
 10
566437.3305848567
 20
4178574.6310834647
 30
0.0
 11
566437.0817107364
 21
4178578.813718642
 31
0.0
  0
LINE
  5
934
330
1F
100
AcDbEntity
  8
TASLAK_PENCERE
100
AcDbLine
 10
566437.4903023699
 20
4178574.6405869364
 30
0.0
 11
566437.1708673434
 21
4178574.621579993
 31
0.0
  0
LINE
  5
935
330
1F
100
AcDbEntity
  8
TASLAK_PENCERE
100
AcDbLine
 10
566437.2414282496
 20
4178578.823222114
 30
0.0
 11
566436.9219932231
 21
4178578.8042151704
 31
0.0
  0
LINE
  5
936
330
1F
100
AcDbEntity
  8
TASLAK_PENCERE
100
AcDbLine
 10
566437.2507261
 20
4178574.626331729
 30
0.0
 11
566437.0018519798
 21
4178578.8089669063
 31
0.0
  0
LINE
  5
937
330
1F
100
AcDbEntity
  8
TASLAK_PENCERE
100
AcDbLine
 10
566433.1871652617
 20
4178573.5331454347
 30
0.0
 11
566433.537863628
 21
4178573.554003733
 31
0.0
  0
LINE
  5
938
330
1F
100
AcDbEntity
  8
TASLAK_PENCERE
100
AcDbLine
 10
566433.1966647088
 20
4178573.373427682
 30
0.0
 11
566433.1776658146
 21
4178573.6928631873
 31
0.0
  0
LINE
  5
939
330
1F
100
AcDbEntity
  8
TASLAK_PENCERE
100
AcDbLine
 10
566433.5473630751
 20
4178573.3942859806
 30
0.0
 11
566433.5283641809
 21
4178573.713721486
 31
0.0
  0
LINE
  5
93A
330
1F
100
AcDbEntity
  8
TASLAK_PENCERE
100
AcDbLine
 10
566433.1824155382
 20
4178573.613004311
 30
0.0
 11
566433.5331139045
 21
4178573.6338626095
 31
0.0
  0
LINE
  5
93B
330
1F
100
AcDbEntity
  8
TASLAK_PENCERE
100
AcDbLine
 10
566433.9371580095
 20
4178573.5777523504
 30
0.0
 11
566435.7339827267
 21
4178573.684621129
 31
0.0
  0
LINE
  5
93C
330
1F
100
AcDbEntity
  8
TASLAK_PENCERE
100
AcDbLine
 10
566433.9466574565
 20
4178573.4180345978
 30
0.0
 11
566433.9276585625
 21
4178573.737470103
 31
0.0
  0
LINE
  5
93D
330
1F
100
AcDbEntity
  8
TASLAK_PENCERE
100
AcDbLine
 10
566435.7434821737
 20
4178573.5249033766
 30
0.0
 11
566435.7244832797
 21
4178573.844338882
 31
0.0
  0
LINE
  5
93E
330
1F
100
AcDbEntity
  8
TASLAK_PENCERE
100
AcDbLine
 10
566433.932408286
 20
4178573.6576112267
 30
0.0
 11
566435.7292330032
 21
4178573.7644800055
 31
0.0
  0
LINE
  5
93F
330
1F
100
AcDbEntity
  8
TASLAK_PENCERE
100
AcDbLine
 10
566432.1295326088
 20
4178574.4720083484
 30
0.0
 11
566431.9073870031
 21
4178578.20543802
 31
0.0
  0
LINE
  5
940
330
1F
100
AcDbEntity
  8
TASLAK_PENCERE
100
AcDbLine
 10
566432.289250122
 20
4178574.48151182
 30
0.0
 11
566431.9698150955
 21
4178574.462504877
 31
0.0
  0
LINE
  5
941
330
1F
100
AcDbEntity
  8
TASLAK_PENCERE
100
AcDbLine
 10
566432.0671045163
 20
4178578.214941492
 30
0.0
 11
566431.7476694898
 21
4178578.1959345485
 31
0.0
  0
LINE
  5
942
330
1F
100
AcDbEntity
  8
TASLAK_PENCERE
100
AcDbLine
 10
566432.0496738522
 20
4178574.4672566126
 30
0.0
 11
566431.8275282464
 21
4178578.2006862843
 31
0.0
  0
LINE
  5
943
330
1F
100
AcDbEntity
  8
TASLAK_PENCERE
100
AcDbLine
 10
566432.3311083135
 20
4178581.1858525956
 30
0.0
 11
566433.0298734814
 21
4178581.2274126764
 31
0.0
  0
LINE
  5
944
330
1F
100
AcDbEntity
  8
TASLAK_PENCERE
100
AcDbLine
 10
566432.3406077606
 20
4178581.026134843
 30
0.0
 11
566432.3216088664
 21
4178581.345570348
 31
0.0
  0
LINE
  5
945
330
1F
100
AcDbEntity
  8
TASLAK_PENCERE
100
AcDbLine
 10
566433.0393729284
 20
4178581.067694924
 30
0.0
 11
566433.0203740343
 21
4178581.387130429
 31
0.0
  0
LINE
  5
946
330
1F
100
AcDbEntity
  8
TASLAK_PENCERE
100
AcDbLine
 10
566432.32635859
 20
4178581.265711472
 30
0.0
 11
566433.0251237579
 21
4178581.3072715527
 31
0.0
  0
LINE
  5
947
330
1F
100
AcDbEntity
  8
TASLAK_PENCERE
100
AcDbLine
 10
566433.7286386491
 20
4178581.268972757
 30
0.0
 11
566435.2772201601
 21
4178581.3610769077
 31
0.0
  0
LINE
  5
948
330
1F
100
AcDbEntity
  8
TASLAK_PENCERE
100
AcDbLine
 10
566433.738138096
 20
4178581.109255004
 30
0.0
 11
566433.7191392021
 21
4178581.4286905094
 31
0.0
  0
LINE
  5
949
330
1F
100
AcDbEntity
  8
TASLAK_PENCERE
100
AcDbLine
 10
566435.2867196071
 20
4178581.201359155
 30
0.0
 11
566435.2677207132
 21
4178581.5207946603
 31
0.0
  0
LINE
  5
94A
330
1F
100
AcDbEntity
  8
TASLAK_PENCERE
100
AcDbLine
 10
566433.7238889256
 20
4178581.348831633
 30
0.0
 11
566435.2724704366
 21
4178581.440935784
 31
0.0
  0
LINE
  5
94B
330
1F
100
AcDbEntity
  8
TASLAK_PENCERE
100
AcDbLine
 10
566432.0938945895
 20
4178575.070949023
 30
0.0
 11
566431.8895679933
 21
4178578.5049083573
 31
0.0
  0
LINE
  5
94C
330
1F
100
AcDbEntity
  8
TASLAK_PENCERE
100
AcDbLine
 10
566432.2536121027
 20
4178575.080452495
 30
0.0
 11
566431.9341770762
 21
4178575.0614455515
 31
0.0
  0
LINE
  5
94D
330
1F
100
AcDbEntity
  8
TASLAK_PENCERE
100
AcDbLine
 10
566432.0492855066
 20
4178578.514411829
 30
0.0
 11
566431.7298504801
 21
4178578.4954048856
 31
0.0
  0
LINE
  5
94E
330
1F
100
AcDbEntity
  8
TASLAK_PENCERE
100
AcDbLine
 10
566432.0140358328
 20
4178575.0661972873
 30
0.0
 11
566431.8097092367
 21
4178578.5001566214
 31
0.0
  0
LINE
  5
94F
330
1F
100
AcDbEntity
  8
TASLAK_KAPI
100
AcDbLine
 10
566432.2312847181
 20
4178581.1799154417
 30
0.0
 11
566433.1296970767
 21
4178581.233349831
 31
0.0
  0
ARC
  5
950
330
1F
100
AcDbEntity
  8
TASLAK_KAPI
100
AcDbCircle
 10
566432.2312847181
 20
4178581.1799154417
 30
0.0
 40
0.9000000000156394
100
AcDbArc
 50
0.0
 51
90.0
  0
LINE
  5
951
330
1F
100
AcDbEntity
  8
TASLAK_KAPI
100
AcDbLine
 10
566433.4362583256
 20
4178579.4484021156
 30
0.0
 11
566433.3857711315
 21
4178580.2969014044
 31
0.0
  0
ARC
  5
952
330
1F
100
AcDbEntity
  8
TASLAK_KAPI
100
AcDbCircle
 10
566433.4362583256
 20
4178579.4484021156
 30
0.0
 40
0.8499999999010839
100
AcDbArc
 50
0.0
 51
90.0
  0
LINE
  5
953
330
1F
100
AcDbEntity
  8
TASLAK_KAPI
100
AcDbLine
 10
566432.5545921221
 20
4178578.9451685054
 30
0.0
 11
566433.4530044807
 21
4178578.9986028946
 31
0.0
  0
ARC
  5
954
330
1F
100
AcDbEntity
  8
TASLAK_KAPI
100
AcDbCircle
 10
566432.5545921221
 20
4178578.9451685054
 30
0.0
 40
0.9000000000156394
100
AcDbArc
 50
0.0
 51
90.0
  0
LWPOLYLINE
  5
955
330
1F
100
AcDbEntity
  8
TASLAK_ASMAKAT
  6
KESIKLI
100
AcDbPolyline
 90
4
 70
1
 10
566433.3155364137
 20
4178574.7429010924
 10
566436.0620010695
 20
4178574.9062510952
 10
566435.8101571144
 20
4178579.1387979956
 10
566433.0636924586
 20
4178578.975447993
  0
TEXT
  5
956
330
1F
100
AcDbEntity
  8
TASLAK_ASMAKAT
100
AcDbText
 10
566434.562846764
 20
4178576.940849544
 30
0.0
 40
0.2
  1
ASMA KAT (YATAK ODASI)
 50
3.403740558888421
 72
1
 11
566434.562846764
 21
4178576.940849544
 31
0.0
100
AcDbText
 73
2
  0
LINE
  5
957
330
1F
100
AcDbEntity
  8
TASLAK_GIRIS
100
AcDbLine
 10
566434.3282381127
 20
4178581.304634812
 30
0.0
 11
566434.2510224041
 21
4178582.6023396067
 31
0.0
  0
LINE
  5
958
330
1F
100
AcDbEntity
  8
TASLAK_GIRIS
100
AcDbLine
 10
566433.9782801324
 20
4178582.135322638
 30
0.0
 11
566434.3282381127
 21
4178581.304634812
 31
0.0
  0
LINE
  5
959
330
1F
100
AcDbEntity
  8
TASLAK_GIRIS
100
AcDbLine
 10
566434.5772217048
 20
4178582.170945564
 30
0.0
 11
566434.3282381127
 21
4178581.304634812
 31
0.0
  0
TEXT
  5
95A
330
1F
100
AcDbEntity
  8
TASLAK_GIRIS
100
AcDbText
 10
566434.2272637245
 20
4178583.0016333894
 30
0.0
 40
0.24
  1
GIRIS
 50
3.403740558888421
 72
1
 11
566434.2272637245
 21
4178583.0016333894
 31
0.0
100
AcDbText
 73
2
  0
LWPOLYLINE
  5
95B
330
1F
100
AcDbEntity
  8
TASLAK_DUVAR
100
AcDbPolyline
 90
4
 70
1
 10
566513.5933003355
 20
4178578.314934847
 10
566518.7859308464
 20
4178578.623708311
 10
566518.3296560481
 20
4178586.3001272692
 10
566513.1370255372
 20
4178585.991353805
  0
LWPOLYLINE
  5
95C
330
1F
100
AcDbEntity
  8
TASLAK_DUVAR
100
AcDbPolyline
 90
4
 70
1
 10
566513.7810809208
 20
4178578.526454273
 10
566518.5744167501
 20
4178578.8114841646
 10
566518.1418754627
 20
4178586.088607843
 10
566513.3485396334
 20
4178585.8035779516
  0
LINE
  5
95D
330
1F
100
AcDbEntity
  8
TASLAK_DUVAR
100
AcDbLine
 10
566517.4555895537
 20
4178579.095572708
 30
0.0
 11
566517.1713827096
 21
4178583.8771008877
 31
0.0
  0
LINE
  5
95E
330
1F
100
AcDbEntity
  8
TASLAK_DUVAR
100
AcDbLine
 10
566517.5554132242
 20
4178579.1015086016
 30
0.0
 11
566517.2712063801
 21
4178583.883036781
 31
0.0
  0
LINE
  5
95F
330
1F
100
AcDbEntity
  8
TASLAK_DUVAR
100
AcDbLine
 10
566514.8177934273
 20
4178583.837324202
 30
0.0
 11
566514.6961591837
 21
4178585.883712511
 31
0.0
  0
LINE
  5
960
330
1F
100
AcDbEntity
  8
TASLAK_DUVAR
100
AcDbLine
 10
566514.9176170977
 20
4178583.8432600955
 30
0.0
 11
566514.7959828542
 21
4178585.8896484044
 31
0.0
  0
LINE
  5
961
330
1F
100
AcDbEntity
  8
TASLAK_DUVAR
100
AcDbLine
 10
566513.4672071881
 20
4178583.807101553
 30
0.0
 11
566517.2123944783
 21
4178584.0298045645
 31
0.0
  0
LINE
  5
962
330
1F
100
AcDbEntity
  8
TASLAK_DUVAR
100
AcDbLine
 10
566513.4731405658
 20
4178583.707277733
 30
0.0
 11
566517.2183278559
 21
4178583.9299807446
 31
0.0
  0
LINE
  5
963
330
1F
100
AcDbEntity
  8
TASLAK_DUVAR
100
AcDbLine
 10
566513.4202620417
 20
4178583.7542216964
 30
0.0
 11
566513.2986277982
 21
4178585.8006100054
 31
0.0
  0
LINE
  5
964
330
1F
100
AcDbEntity
  8
TASLAK_DUVAR
100
AcDbLine
 10
566513.5200857122
 20
4178583.7601575893
 30
0.0
 11
566513.3984514687
 21
4178585.8065458983
 31
0.0
  0
LINE
  5
965
330
1F
100
AcDbEntity
  8
TASLAK_DUVAR
100
AcDbLine
 10
566515.0805882863
 20
4178578.6037279
 30
0.0
 11
566514.9678541094
 21
4178580.500380479
 31
0.0
  0
LINE
  5
966
330
1F
100
AcDbEntity
  8
TASLAK_DUVAR
100
AcDbLine
 10
566515.1804119567
 20
4178578.6096637934
 30
0.0
 11
566515.0676777798
 21
4178580.506316372
 31
0.0
  0
TEXT
  5
967
330
1F
100
AcDbEntity
  8
TASLAK_MEKAN
100
AcDbText
 10
566514.108122448
 20
4178584.8219350497
 30
0.0
 40
0.26
  1
ANTRE\P2.9 m2
 72
1
 11
566514.108122448
 21
4178584.8219350497
 31
0.0
100
AcDbText
 73
2
  0
TEXT
  5
968
330
1F
100
AcDbEntity
  8
TASLAK_MEKAN
100
AcDbText
 10
566515.980716093
 20
4178584.9332865565
 30
0.0
 40
0.26
  1
BANYO/WC\P4.8 m2
 72
1
 11
566515.980716093
 21
4178584.9332865565
 31
0.0
100
AcDbText
 73
2
  0
TEXT
  5
969
330
1F
100
AcDbEntity
  8
TASLAK_MEKAN
100
AcDbText
 10
566515.4982210441
 20
4178581.2531734644
 30
0.0
 40
0.26
  1
MUTFAK + SALON\P19.7 m2
 72
1
 11
566515.4982210441
 21
4178581.2531734644
 31
0.0
100
AcDbText
 73
2
  0
LINE
  5
96A
330
1F
100
AcDbEntity
  8
TASLAK_MERDIVEN
100
AcDbLine
 10
566517.5055013889
 20
4178579.098540655
 30
0.0
 11
566518.5536499281
 21
4178579.1608675346
 31
0.0
  0
LINE
  5
96B
330
1F
100
AcDbEntity
  8
TASLAK_MERDIVEN
100
AcDbLine
 10
566517.4897121198
 20
4178579.3641811092
 30
0.0
 11
566518.537860659
 21
4178579.426507989
 31
0.0
  0
LINE
  5
96C
330
1F
100
AcDbEntity
  8
TASLAK_MERDIVEN
100
AcDbLine
 10
566517.4739228507
 20
4178579.6298215636
 30
0.0
 11
566518.5220713898
 21
4178579.6921484433
 31
0.0
  0
LINE
  5
96D
330
1F
100
AcDbEntity
  8
TASLAK_MERDIVEN
100
AcDbLine
 10
566517.4581335816
 20
4178579.895462018
 30
0.0
 11
566518.5062821207
 21
4178579.9577888977
 31
0.0
  0
LINE
  5
96E
330
1F
100
AcDbEntity
  8
TASLAK_MERDIVEN
100
AcDbLine
 10
566517.4423443124
 20
4178580.1611024723
 30
0.0
 11
566518.4904928516
 21
4178580.223429352
 31
0.0
  0
LINE
  5
96F
330
1F
100
AcDbEntity
  8
TASLAK_MERDIVEN
100
AcDbLine
 10
566517.4265550433
 20
4178580.4267429267
 30
0.0
 11
566518.4747035825
 21
4178580.4890698064
 31
0.0
  0
LINE
  5
970
330
1F
100
AcDbEntity
  8
TASLAK_MERDIVEN
100
AcDbLine
 10
566517.4107657742
 20
4178580.692383381
 30
0.0
 11
566518.4589143133
 21
4178580.754710261
 31
0.0
  0
LINE
  5
971
330
1F
100
AcDbEntity
  8
TASLAK_MERDIVEN
100
AcDbLine
 10
566517.3949765051
 20
4178580.958023836
 30
0.0
 11
566518.4431250442
 21
4178581.0203507156
 31
0.0
  0
LINE
  5
972
330
1F
100
AcDbEntity
  8
TASLAK_MERDIVEN
100
AcDbLine
 10
566517.379187236
 20
4178581.2236642903
 30
0.0
 11
566518.4273357751
 21
4178581.28599117
 31
0.0
  0
LINE
  5
973
330
1F
100
AcDbEntity
  8
TASLAK_MERDIVEN
100
AcDbLine
 10
566517.3633979668
 20
4178581.4893047446
 30
0.0
 11
566518.411546506
 21
4178581.5516316243
 31
0.0
  0
LINE
  5
974
330
1F
100
AcDbEntity
  8
TASLAK_MERDIVEN
100
AcDbLine
 10
566517.3476086977
 20
4178581.754945199
 30
0.0
 11
566518.3957572369
 21
4178581.8172720787
 31
0.0
  0
LINE
  5
975
330
1F
100
AcDbEntity
  8
TASLAK_MERDIVEN
100
AcDbLine
 10
566517.3318194286
 20
4178582.0205856534
 30
0.0
 11
566518.3799679677
 21
4178582.082912533
 31
0.0
  0
LINE
  5
976
330
1F
100
AcDbEntity
  8
TASLAK_MERDIVEN
100
AcDbLine
 10
566517.3160301595
 20
4178582.2862261077
 30
0.0
 11
566518.3641786986
 21
4178582.3485529874
 31
0.0
  0
LINE
  5
977
330
1F
100
AcDbEntity
  8
TASLAK_MERDIVEN
100
AcDbLine
 10
566517.3002408904
 20
4178582.551866562
 30
0.0
 11
566518.3483894295
 21
4178582.614193442
 31
0.0
  0
LINE
  5
978
330
1F
100
AcDbEntity
  8
TASLAK_MERDIVEN
100
AcDbLine
 10
566517.2844516212
 20
4178582.817507017
 30
0.0
 11
566518.3326001604
 21
4178582.8798338966
 31
0.0
  0
LINE
  5
979
330
1F
100
AcDbEntity
  8
TASLAK_MERDIVEN
100
AcDbLine
 10
566517.2686623522
 20
4178583.0831474713
 30
0.0
 11
566518.3168108914
 21
4178583.145474351
 31
0.0
  0
LINE
  5
97A
330
1F
100
AcDbEntity
  8
TASLAK_MERDIVEN
100
AcDbLine
 10
566517.2528730831
 20
4178583.3487879257
 30
0.0
 11
566518.3010216223
 21
4178583.4111148054
 31
0.0
  0
LINE
  5
97B
330
1F
100
AcDbEntity
  8
TASLAK_MERDIVEN
100
AcDbLine
 10
566517.237083814
 20
4178583.61442838
 30
0.0
 11
566518.2852323531
 21
4178583.6767552597
 31
0.0
  0
LINE
  5
97C
330
1F
100
AcDbEntity
  8
TASLAK_MERDIVEN
100
AcDbLine
 10
566517.2212945449
 20
4178583.8800688344
 30
0.0
 11
566518.269443084
 21
4178583.942395714
 31
0.0
  0
LINE
  5
97D
330
1F
100
AcDbEntity
  8
TASLAK_MERDIVEN
100
AcDbLine
 10
566518.0295756585
 20
4178579.1297040945
 30
0.0
 11
566517.7453688144
 21
4178583.911232274
 31
0.0
  0
LINE
  5
97E
330
1F
100
AcDbEntity
  8
TASLAK_OK
100
AcDbLine
 10
566518.0088088363
 20
4178579.479087464
 30
0.0
 11
566517.754268881
 21
4178583.7614965443
 31
0.0
  0
LINE
  5
97F
330
1F
100
AcDbEntity
  8
TASLAK_OK
100
AcDbLine
 10
566517.4844647585
 20
4178583.244569765
 30
0.0
 11
566517.754268881
 21
4178583.7614965443
 31
0.0
  0
LINE
  5
980
330
1F
100
AcDbEntity
  8
TASLAK_OK
100
AcDbLine
 10
566518.0834067808
 20
4178583.280185125
 30
0.0
 11
566517.754268881
 21
4178583.7614965443
 31
0.0
  0
TEXT
  5
981
330
1F
100
AcDbEntity
  8
TASLAK_OK
100
AcDbText
 10
566517.8716829673
 20
4178581.7861086386
 30
0.0
 40
0.22
  1
CIKIS
 50
93.4015728886328
 72
1
 11
566517.8716829673
 21
4178581.7861086386
 31
0.0
100
AcDbText
 73
2
  0
LINE
  5
982
330
1F
100
AcDbEntity
  8
TASLAK_PENCERE
100
AcDbLine
 10
566518.7354971357
 20
4178579.4722107807
 30
0.0
 11
566518.486890558
 21
4178583.6547960406
 31
0.0
  0
LINE
  5
983
330
1F
100
AcDbEntity
  8
TASLAK_PENCERE
100
AcDbLine
 10
566518.8952152476
 20
4178579.4817041853
 30
0.0
 11
566518.5757790237
 21
4178579.462717376
 31
0.0
  0
LINE
  5
984
330
1F
100
AcDbEntity
  8
TASLAK_PENCERE
100
AcDbLine
 10
566518.64660867
 20
4178583.664289445
 30
0.0
 11
566518.3271724461
 21
4178583.645302636
 31
0.0
  0
LINE
  5
985
330
1F
100
AcDbEntity
  8
TASLAK_PENCERE
100
AcDbLine
 10
566518.6556380797
 20
4178579.4674640787
 30
0.0
 11
566518.4070315021
 21
4178583.6500493386
 31
0.0
  0
LINE
  5
986
330
1F
100
AcDbEntity
  8
TASLAK_PENCERE
100
AcDbLine
 10
566514.5915370394
 20
4178578.3742937795
 30
0.0
 11
566514.9427195361
 21
4178578.39517642
 31
0.0
  0
LINE
  5
987
330
1F
100
AcDbEntity
  8
TASLAK_PENCERE
100
AcDbLine
 10
566514.6010344686
 20
4178578.2145759067
 30
0.0
 11
566514.5820396101
 21
4178578.534011652
 31
0.0
  0
LINE
  5
988
330
1F
100
AcDbEntity
  8
TASLAK_PENCERE
100
AcDbLine
 10
566514.9522169654
 20
4178578.2354585472
 30
0.0
 11
566514.9332221069
 21
4178578.5548942927
 31
0.0
  0
LINE
  5
989
330
1F
100
AcDbEntity
  8
TASLAK_PENCERE
100
AcDbLine
 10
566514.5867883248
 20
4178578.454152716
 30
0.0
 11
566514.9379708215
 21
4178578.4750353564
 31
0.0
  0
LINE
  5
98A
330
1F
100
AcDbEntity
  8
TASLAK_PENCERE
100
AcDbLine
 10
566515.3420142177
 20
4178578.418919993
 30
0.0
 11
566517.1388402848
 21
4178578.525766072
 31
0.0
  0
LINE
  5
98B
330
1F
100
AcDbEntity
  8
TASLAK_PENCERE
100
AcDbLine
 10
566515.351511647
 20
4178578.2592021204
 30
0.0
 11
566515.3325167885
 21
4178578.578637866
 31
0.0
  0
LINE
  5
98C
330
1F
100
AcDbEntity
  8
TASLAK_PENCERE
100
AcDbLine
 10
566517.148337714
 20
4178578.366048199
 30
0.0
 11
566517.1293428555
 21
4178578.6854839446
 31
0.0
  0
LINE
  5
98D
330
1F
100
AcDbEntity
  8
TASLAK_PENCERE
100
AcDbLine
 10
566515.3372655031
 20
4178578.4987789295
 30
0.0
 11
566517.1340915702
 21
4178578.6056250082
 31
0.0
  0
LINE
  5
98E
330
1F
100
AcDbEntity
  8
TASLAK_PENCERE
100
AcDbLine
 10
566513.5339665582
 20
4178579.3131730463
 30
0.0
 11
566513.3120601802
 21
4178583.0465511167
 31
0.0
  0
LINE
  5
98F
330
1F
100
AcDbEntity
  8
TASLAK_PENCERE
100
AcDbLine
 10
566513.69368467
 20
4178579.322666451
 30
0.0
 11
566513.3742484463
 21
4178579.303679642
 31
0.0
  0
LINE
  5
990
330
1F
100
AcDbEntity
  8
TASLAK_PENCERE
100
AcDbLine
 10
566513.4717782921
 20
4178583.0560445213
 30
0.0
 11
566513.1523420684
 21
4178583.037057712
 31
0.0
  0
LINE
  5
991
330
1F
100
AcDbEntity
  8
TASLAK_PENCERE
100
AcDbLine
 10
566513.4541075022
 20
4178579.3084263443
 30
0.0
 11
566513.2322011243
 21
4178583.0418044147
 31
0.0
  0
LINE
  5
992
330
1F
100
AcDbEntity
  8
TASLAK_PENCERE
100
AcDbLine
 10
566513.7359675596
 20
4178586.0269691646
 30
0.0
 11
566514.4347332524
 21
4178586.068520418
 31
0.0
  0
LINE
  5
993
330
1F
100
AcDbEntity
  8
TASLAK_PENCERE
100
AcDbLine
 10
566513.745464989
 20
4178585.867251292
 30
0.0
 11
566513.7264701303
 21
4178586.1866870373
 31
0.0
  0
LINE
  5
994
330
1F
100
AcDbEntity
  8
TASLAK_PENCERE
100
AcDbLine
 10
566514.4442306818
 20
4178585.908802545
 30
0.0
 11
566514.425235823
 21
4178586.2282382906
 31
0.0
  0
LINE
  5
995
330
1F
100
AcDbEntity
  8
TASLAK_PENCERE
100
AcDbLine
 10
566513.731218845
 20
4178586.106828101
 30
0.0
 11
566514.4299845378
 21
4178586.1483793543
 31
0.0
  0
LINE
  5
996
330
1F
100
AcDbEntity
  8
TASLAK_PENCERE
100
AcDbLine
 10
566515.133498945
 20
4178586.1100716707
 30
0.0
 11
566516.6825654865
 21
4178586.20218503
 31
0.0
  0
LINE
  5
997
330
1F
100
AcDbEntity
  8
TASLAK_PENCERE
100
AcDbLine
 10
566515.1429963743
 20
4178585.950353798
 30
0.0
 11
566515.1240015158
 21
4178586.2697895435
 31
0.0
  0
LINE
  5
998
330
1F
100
AcDbEntity
  8
TASLAK_PENCERE
100
AcDbLine
 10
566516.6920629158
 20
4178586.0424671574
 30
0.0
 11
566516.6730680573
 21
4178586.361902903
 31
0.0
  0
LINE
  5
999
330
1F
100
AcDbEntity
  8
TASLAK_PENCERE
100
AcDbLine
 10
566515.1287502304
 20
4178586.189930607
 30
0.0
 11
566516.6778167719
 21
4178586.2820439665
 31
0.0
  0
LINE
  5
99A
330
1F
100
AcDbEntity
  8
TASLAK_PENCERE
100
AcDbLine
 10
566513.4983662918
 20
4178579.912115966
 30
0.0
 11
566513.2942600471
 21
4178583.3460225766
 31
0.0
  0
LINE
  5
99B
330
1F
100
AcDbEntity
  8
TASLAK_PENCERE
100
AcDbLine
 10
566513.6580844037
 20
4178579.9216093705
 30
0.0
 11
566513.3386481798
 21
4178579.9026225614
 31
0.0
  0
LINE
  5
99C
330
1F
100
AcDbEntity
  8
TASLAK_PENCERE
100
AcDbLine
 10
566513.4539781591
 20
4178583.355515981
 30
0.0
 11
566513.1345419352
 21
4178583.336529172
 31
0.0
  0
LINE
  5
99D
330
1F
100
AcDbEntity
  8
TASLAK_PENCERE
100
AcDbLine
 10
566513.4185072358
 20
4178579.907369264
 30
0.0
 11
566513.2144009912
 21
4178583.3412758745
 31
0.0
  0
LINE
  5
99E
330
1F
100
AcDbEntity
  8
TASLAK_KAPI
100
AcDbLine
 10
566513.6361438892
 20
4178586.0210332717
 30
0.0
 11
566514.5345569227
 21
4178586.074456311
 31
0.0
  0
ARC
  5
99F
330
1F
100
AcDbEntity
  8
TASLAK_KAPI
100
AcDbCircle
 10
566513.6361438892
 20
4178586.0210332717
 30
0.0
 40
0.9000000000041137
100
AcDbArc
 50
0.0
 51
90.0
  0
LINE
  5
9A0
330
1F
100
AcDbEntity
  8
TASLAK_KAPI
100
AcDbLine
 10
566514.8410050627
 20
4178584.2894993387
 30
0.0
 11
566514.790571352
 21
4178585.138001808
 31
0.0
  0
ARC
  5
9A1
330
1F
100
AcDbEntity
  8
TASLAK_KAPI
100
AcDbCircle
 10
566514.8410050627
 20
4178584.2894993387
 30
0.0
 40
0.849999999702964
100
AcDbArc
 50
0.0
 51
90.0
  0
LINE
  5
9A2
330
1F
100
AcDbEntity
  8
TASLAK_KAPI
100
AcDbLine
 10
566513.9593098619
 20
4178583.78627552
 30
0.0
 11
566514.8577228955
 21
4178583.839698559
 31
0.0
  0
ARC
  5
9A3
330
1F
100
AcDbEntity
  8
TASLAK_KAPI
100
AcDbCircle
 10
566513.9593098619
 20
4178583.78627552
 30
0.0
 40
0.9000000000041137
100
AcDbArc
 50
0.0
 51
90.0
  0
LWPOLYLINE
  5
9A4
330
1F
100
AcDbEntity
  8
TASLAK_ASMAKAT
  6
KESIKLI
100
AcDbPolyline
 90
4
 70
1
 10
566514.7199838473
 20
4178579.5840514055
 10
566517.4669344336
 20
4178579.7473954842
 10
566517.2153611671
 20
4178583.9798926543
 10
566514.4684105809
 20
4178583.8165485756
  0
TEXT
  5
9A5
330
1F
100
AcDbEntity
  8
TASLAK_ASMAKAT
100
AcDbText
 10
566515.9676725073
 20
4178581.78197203
 30
0.0
 40
0.2
  1
ASMA KAT (YATAK ODASI)
 50
3.4030167306072006
 72
1
 11
566515.9676725073
 21
4178581.78197203
 31
0.0
100
AcDbText
 73
2
  0
LINE
  5
9A6
330
1F
100
AcDbEntity
  8
TASLAK_GIRIS
100
AcDbLine
 10
566515.7333407927
 20
4178586.145740537
 30
0.0
 11
566515.6562068822
 21
4178587.443450196
 31
0.0
  0
LINE
  5
9A7
330
1F
100
AcDbEntity
  8
TASLAK_GIRIS
100
AcDbLine
 10
566515.3834360708
 20
4178586.976435327
 30
0.0
 11
566515.7333407927
 21
4178586.145740537
 31
0.0
  0
LINE
  5
9A8
330
1F
100
AcDbEntity
  8
TASLAK_GIRIS
100
AcDbLine
 10
566515.9823780932
 20
4178587.012050687
 30
0.0
 11
566515.7333407927
 21
4178586.145740537
 31
0.0
  0
TEXT
  5
9A9
330
1F
100
AcDbEntity
  8
TASLAK_GIRIS
100
AcDbText
 10
566515.6324733712
 20
4178587.842745476
 30
0.0
 40
0.24
  1
GIRIS
 50
3.4030167306072006
 72
1
 11
566515.6324733712
 21
4178587.842745476
 31
0.0
100
AcDbText
 73
2
  0
LWPOLYLINE
  5
9AA
330
1F
100
AcDbEntity
  8
TASLAK_DUVAR
100
AcDbPolyline
 90
4
 70
1
 10
566534.75771211
 20
4178579.573552124
 10
566539.949854852
 20
4178579.882362415
 10
566539.4930922849
 20
4178587.5588181987
 10
566534.3009495428
 20
4178587.250007908
  0
LWPOLYLINE
  5
9AB
330
1F
100
AcDbEntity
  8
TASLAK_DUVAR
100
AcDbPolyline
 90
4
 70
1
 10
566534.9454799609
 20
4178579.7850733246
 10
566539.7383283215
 20
4178580.070134998
 10
566539.305324434
 20
4178587.3472969984
 10
566534.5124760733
 20
4178587.062235325
  0
LINE
  5
9AC
330
1F
100
AcDbEntity
  8
TASLAK_DUVAR
100
AcDbLine
 10
566538.6194799275
 20
4178580.3542083586
 30
0.0
 11
566538.3349677874
 21
4178585.1357842153
 31
0.0
  0
LINE
  5
9AD
330
1F
100
AcDbEntity
  8
TASLAK_DUVAR
100
AcDbLine
 10
566538.7193035228
 20
4178580.360145513
 30
0.0
 11
566538.4347913828
 21
4178585.1417213697
 31
0.0
  0
LINE
  5
9AE
330
1F
100
AcDbEntity
  8
TASLAK_DUVAR
100
AcDbLine
 10
566535.981857844
 20
4178585.096006273
 30
0.0
 11
566535.8600946112
 21
4178587.1423869105
 31
0.0
  0
LINE
  5
9AF
330
1F
100
AcDbEntity
  8
TASLAK_DUVAR
100
AcDbLine
 10
566536.0816814394
 20
4178585.1019434277
 30
0.0
 11
566535.9599182066
 21
4178587.1483240654
 31
0.0
  0
LINE
  5
9B0
330
1F
100
AcDbEntity
  8
TASLAK_DUVAR
100
AcDbLine
 10
566534.6312694713
 20
4178585.06576641
 30
0.0
 11
566538.3759700803
 21
4178585.288487961
 31
0.0
  0
LINE
  5
9B1
330
1F
100
AcDbEntity
  8
TASLAK_DUVAR
100
AcDbLine
 10
566534.6372091412
 20
4178584.9659429644
 30
0.0
 11
566538.3819097502
 21
4178585.1886645155
 31
0.0
  0
LINE
  5
9B2
330
1F
100
AcDbEntity
  8
TASLAK_DUVAR
100
AcDbLine
 10
566534.5843275086
 20
4178585.01288611
 30
0.0
 11
566534.4625642757
 21
4178587.059266748
 31
0.0
  0
LINE
  5
9B3
330
1F
100
AcDbEntity
  8
TASLAK_DUVAR
100
AcDbLine
 10
566534.684151104
 20
4178585.0188232646
 30
0.0
 11
566534.5623878711
 21
4178587.0652039023
 31
0.0
  0
LINE
  5
9B4
330
1F
100
AcDbEntity
  8
TASLAK_DUVAR
100
AcDbLine
 10
566536.2445024828
 20
4178579.862334591
 30
0.0
 11
566536.1316487548
 21
4178581.75898006
 31
0.0
  0
LINE
  5
9B5
330
1F
100
AcDbEntity
  8
TASLAK_DUVAR
100
AcDbLine
 10
566536.3443260782
 20
4178579.8682717453
 30
0.0
 11
566536.2314723502
 21
4178581.7649172144
 31
0.0
  0
TEXT
  5
9B6
330
1F
100
AcDbEntity
  8
TASLAK_MEKAN
100
AcDbText
 10
566535.2721228574
 20
4178586.080605088
 30
0.0
 40
0.26
  1
ANTRE\P2.9 m2
 72
1
 11
566535.2721228574
 21
4178586.080605088
 31
0.0
100
AcDbText
 73
2
  0
TEXT
  5
9B7
330
1F
100
AcDbEntity
  8
TASLAK_MEKAN
100
AcDbText
 10
566537.1444731621
 20
4178586.191965863
 30
0.0
 40
0.26
  1
BANYO/WC\P4.8 m2
 72
1
 11
566537.1444731621
 21
4178586.191965863
 31
0.0
100
AcDbText
 73
2
  0
TEXT
  5
9B8
330
1F
100
AcDbEntity
  8
TASLAK_MEKAN
100
AcDbText
 10
566536.6622099379
 20
4178582.511824781
 30
0.0
 40
0.26
  1
MUTFAK + SALON\P19.7 m2
 72
1
 11
566536.6622099379
 21
4178582.511824781
 31
0.0
100
AcDbText
 73
2
  0
LINE
  5
9B9
330
1F
100
AcDbEntity
  8
TASLAK_MERDIVEN
100
AcDbLine
 10
566538.6693917252
 20
4178580.3571769358
 30
0.0
 11
566539.7175394768
 21
4178580.419517058
 31
0.0
  0
LINE
  5
9BA
330
1F
100
AcDbEntity
  8
TASLAK_MERDIVEN
100
AcDbLine
 10
566538.6535854953
 20
4178580.622820039
 30
0.0
 11
566539.7017332469
 21
4178580.685160161
 31
0.0
  0
LINE
  5
9BB
330
1F
100
AcDbEntity
  8
TASLAK_MERDIVEN
100
AcDbLine
 10
566538.6377792653
 20
4178580.888463142
 30
0.0
 11
566539.6859270169
 21
4178580.950803264
 31
0.0
  0
LINE
  5
9BC
330
1F
100
AcDbEntity
  8
TASLAK_MERDIVEN
100
AcDbLine
 10
566538.6219730353
 20
4178581.1541062454
 30
0.0
 11
566539.6701207869
 21
4178581.2164463676
 31
0.0
  0
LINE
  5
9BD
330
1F
100
AcDbEntity
  8
TASLAK_MERDIVEN
100
AcDbLine
 10
566538.6061668053
 20
4178581.4197493484
 30
0.0
 11
566539.6543145569
 21
4178581.4820894706
 31
0.0
  0
LINE
  5
9BE
330
1F
100
AcDbEntity
  8
TASLAK_MERDIVEN
100
AcDbLine
 10
566538.5903605752
 20
4178581.6853924515
 30
0.0
 11
566539.6385083268
 21
4178581.7477325737
 31
0.0
  0
LINE
  5
9BF
330
1F
100
AcDbEntity
  8
TASLAK_MERDIVEN
100
AcDbLine
 10
566538.5745543452
 20
4178581.9510355545
 30
0.0
 11
566539.6227020968
 21
4178582.0133756767
 31
0.0
  0
LINE
  5
9C0
330
1F
100
AcDbEntity
  8
TASLAK_MERDIVEN
100
AcDbLine
 10
566538.5587481152
 20
4178582.216678658
 30
0.0
 11
566539.6068958668
 21
4178582.27901878
 31
0.0
  0
LINE
  5
9C1
330
1F
100
AcDbEntity
  8
TASLAK_MERDIVEN
100
AcDbLine
 10
566538.5429418852
 20
4178582.482321761
 30
0.0
 11
566539.5910896368
 21
4178582.5446618833
 31
0.0
  0
LINE
  5
9C2
330
1F
100
AcDbEntity
  8
TASLAK_MERDIVEN
100
AcDbLine
 10
566538.5271356552
 20
4178582.747964864
 30
0.0
 11
566539.5752834068
 21
4178582.8103049863
 31
0.0
  0
LINE
  5
9C3
330
1F
100
AcDbEntity
  8
TASLAK_MERDIVEN
100
AcDbLine
 10
566538.5113294251
 20
4178583.013607967
 30
0.0
 11
566539.5594771768
 21
4178583.0759480894
 31
0.0
  0
LINE
  5
9C4
330
1F
100
AcDbEntity
  8
TASLAK_MERDIVEN
100
AcDbLine
 10
566538.4955231952
 20
4178583.2792510707
 30
0.0
 11
566539.5436709468
 21
4178583.341591193
 31
0.0
  0
LINE
  5
9C5
330
1F
100
AcDbEntity
  8
TASLAK_MERDIVEN
100
AcDbLine
 10
566538.4797169652
 20
4178583.5448941737
 30
0.0
 11
566539.5278647168
 21
4178583.607234296
 31
0.0
  0
LINE
  5
9C6
330
1F
100
AcDbEntity
  8
TASLAK_MERDIVEN
100
AcDbLine
 10
566538.4639107352
 20
4178583.810537277
 30
0.0
 11
566539.5120584868
 21
4178583.872877399
 31
0.0
  0
LINE
  5
9C7
330
1F
100
AcDbEntity
  8
TASLAK_MERDIVEN
100
AcDbLine
 10
566538.4481045052
 20
4178584.07618038
 30
0.0
 11
566539.4962522568
 21
4178584.138520502
 31
0.0
  0
LINE
  5
9C8
330
1F
100
AcDbEntity
  8
TASLAK_MERDIVEN
100
AcDbLine
 10
566538.4322982752
 20
4178584.3418234834
 30
0.0
 11
566539.4804460268
 21
4178584.4041636055
 31
0.0
  0
LINE
  5
9C9
330
1F
100
AcDbEntity
  8
TASLAK_MERDIVEN
100
AcDbLine
 10
566538.4164920452
 20
4178584.6074665864
 30
0.0
 11
566539.4646397968
 21
4178584.6698067086
 31
0.0
  0
LINE
  5
9CA
330
1F
100
AcDbEntity
  8
TASLAK_MERDIVEN
100
AcDbLine
 10
566538.4006858151
 20
4178584.8731096894
 30
0.0
 11
566539.4488335667
 21
4178584.9354498116
 31
0.0
  0
LINE
  5
9CB
330
1F
100
AcDbEntity
  8
TASLAK_MERDIVEN
100
AcDbLine
 10
566538.3848795851
 20
4178585.1387527925
 30
0.0
 11
566539.4330273367
 21
4178585.2010929147
 31
0.0
  0
LINE
  5
9CC
330
1F
100
AcDbEntity
  8
TASLAK_MERDIVEN
100
AcDbLine
 10
566539.193465601
 20
4178580.3883469966
 30
0.0
 11
566538.9089534609
 21
4178585.1699228534
 31
0.0
  0
LINE
  5
9CD
330
1F
100
AcDbEntity
  8
TASLAK_OK
100
AcDbLine
 10
566539.1726767564
 20
4178580.7377290567
 30
0.0
 11
566538.9178629657
 21
4178585.020187685
 31
0.0
  0
LINE
  5
9CE
330
1F
100
AcDbEntity
  8
TASLAK_OK
100
AcDbLine
 10
566538.6480905291
 20
4178584.503258993
 30
0.0
 11
566538.9178629657
 21
4178585.020187685
 31
0.0
  0
LINE
  5
9CF
330
1F
100
AcDbEntity
  8
TASLAK_OK
100
AcDbLine
 10
566539.2470321015
 20
4178584.53888192
 30
0.0
 11
566538.9178629657
 21
4178585.020187685
 31
0.0
  0
TEXT
  5
9D0
330
1F
100
AcDbEntity
  8
TASLAK_OK
100
AcDbText
 10
566539.0354033009
 20
4178583.044778028
 30
0.0
 40
0.22
  1
CIKIS
 50
93.4051844039799
 72
1
 11
566539.0354033009
 21
4178583.044778028
 31
0.0
100
AcDbText
 73
2
  0
LINE
  5
9D1
330
1F
100
AcDbEntity
  8
TASLAK_PENCERE
100
AcDbLine
 10
566539.899367658
 20
4178580.730861704
 30
0.0
 11
566539.6504935372
 21
4178584.9134968864
 31
0.0
  0
LINE
  5
9D2
330
1F
100
AcDbEntity
  8
TASLAK_PENCERE
100
AcDbLine
 10
566540.0590851712
 20
4178580.7403651755
 30
0.0
 11
566539.7396501447
 21
4178580.721358232
 31
0.0
  0
LINE
  5
9D3
330
1F
100
AcDbEntity
  8
TASLAK_PENCERE
100
AcDbLine
 10
566539.8102110504
 20
4178584.923000358
 30
0.0
 11
566539.490776024
 21
4178584.9039934147
 31
0.0
  0
LINE
  5
9D4
330
1F
100
AcDbEntity
  8
TASLAK_PENCERE
100
AcDbLine
 10
566539.8195089013
 20
4178580.726109968
 30
0.0
 11
566539.5706347806
 21
4178584.9087451505
 31
0.0
  0
LINE
  5
9D5
330
1F
100
AcDbEntity
  8
TASLAK_PENCERE
100
AcDbLine
 10
566535.7559480638
 20
4178579.632923669
 30
0.0
 11
566536.1066464295
 21
4178579.6537819677
 31
0.0
  0
LINE
  5
9D6
330
1F
100
AcDbEntity
  8
TASLAK_PENCERE
100
AcDbLine
 10
566535.7654475109
 20
4178579.4732059166
 30
0.0
 11
566535.7464486167
 21
4178579.792641422
 31
0.0
  0
LINE
  5
9D7
330
1F
100
AcDbEntity
  8
TASLAK_PENCERE
100
AcDbLine
 10
566536.1161458766
 20
4178579.494064215
 30
0.0
 11
566536.0971469824
 21
4178579.8134997203
 31
0.0
  0
LINE
  5
9D8
330
1F
100
AcDbEntity
  8
TASLAK_PENCERE
100
AcDbLine
 10
566535.7511983402
 20
4178579.7127825455
 30
0.0
 11
566536.1018967059
 21
4178579.733640844
 31
0.0
  0
LINE
  5
9D9
330
1F
100
AcDbEntity
  8
TASLAK_PENCERE
100
AcDbLine
 10
566536.5059408111
 20
4178579.677530586
 30
0.0
 11
566538.3027655281
 21
4178579.784399366
 31
0.0
  0
LINE
  5
9DA
330
1F
100
AcDbEntity
  8
TASLAK_PENCERE
100
AcDbLine
 10
566536.5154402583
 20
4178579.517812833
 30
0.0
 11
566536.4964413639
 21
4178579.8372483384
 31
0.0
  0
LINE
  5
9DB
330
1F
100
AcDbEntity
  8
TASLAK_PENCERE
100
AcDbLine
 10
566538.3122649753
 20
4178579.6246816134
 30
0.0
 11
566538.2932660809
 21
4178579.9441171186
 31
0.0
  0
LINE
  5
9DC
330
1F
100
AcDbEntity
  8
TASLAK_PENCERE
100
AcDbLine
 10
566536.5011910875
 20
4178579.757389462
 30
0.0
 11
566538.2980158045
 21
4178579.8642582423
 31
0.0
  0
LINE
  5
9DD
330
1F
100
AcDbEntity
  8
TASLAK_PENCERE
100
AcDbLine
 10
566534.698315411
 20
4178580.5717865815
 30
0.0
 11
566534.4761698048
 21
4178584.3052162584
 31
0.0
  0
LINE
  5
9DE
330
1F
100
AcDbEntity
  8
TASLAK_PENCERE
100
AcDbLine
 10
566534.8580329242
 20
4178580.581290053
 30
0.0
 11
566534.5385978977
 21
4178580.56228311
 31
0.0
  0
LINE
  5
9DF
330
1F
100
AcDbEntity
  8
TASLAK_PENCERE
100
AcDbLine
 10
566534.635887318
 20
4178584.31471973
 30
0.0
 11
566534.3164522916
 21
4178584.2957127867
 31
0.0
  0
LINE
  5
9E0
330
1F
100
AcDbEntity
  8
TASLAK_PENCERE
100
AcDbLine
 10
566534.6184566544
 20
4178580.5670348457
 30
0.0
 11
566534.3963110482
 21
4178584.3004645226
 31
0.0
  0
LINE
  5
9E1
330
1F
100
AcDbEntity
  8
TASLAK_PENCERE
100
AcDbLine
 10
566534.8998911151
 20
4178587.2856308348
 30
0.0
 11
566535.5986562829
 21
4178587.327190916
 31
0.0
  0
LINE
  5
9E2
330
1F
100
AcDbEntity
  8
TASLAK_PENCERE
100
AcDbLine
 10
566534.9093905623
 20
4178587.125913082
 30
0.0
 11
566534.890391668
 21
4178587.4453485874
 31
0.0
  0
LINE
  5
9E3
330
1F
100
AcDbEntity
  8
TASLAK_PENCERE
100
AcDbLine
 10
566535.6081557301
 20
4178587.1674731635
 30
0.0
 11
566535.5891568357
 21
4178587.4869086687
 31
0.0
  0
LINE
  5
9E4
330
1F
100
AcDbEntity
  8
TASLAK_PENCERE
100
AcDbLine
 10
566534.8951413915
 20
4178587.365489711
 30
0.0
 11
566535.5939065593
 21
4178587.4070497924
 31
0.0
  0
LINE
  5
9E5
330
1F
100
AcDbEntity
  8
TASLAK_PENCERE
100
AcDbLine
 10
566536.2974214506
 20
4178587.3687509974
 30
0.0
 11
566537.8460029609
 21
4178587.4608551497
 31
0.0
  0
LINE
  5
9E6
330
1F
100
AcDbEntity
  8
TASLAK_PENCERE
100
AcDbLine
 10
566536.3069208978
 20
4178587.2090332448
 30
0.0
 11
566536.2879220034
 21
4178587.52846875
 31
0.0
  0
LINE
  5
9E7
330
1F
100
AcDbEntity
  8
TASLAK_PENCERE
100
AcDbLine
 10
566537.8555024081
 20
4178587.301137397
 30
0.0
 11
566537.8365035137
 21
4178587.6205729023
 31
0.0
  0
LINE
  5
9E8
330
1F
100
AcDbEntity
  8
TASLAK_PENCERE
100
AcDbLine
 10
566536.292671727
 20
4178587.4486098737
 30
0.0
 11
566537.8412532373
 21
4178587.540714026
 31
0.0
  0
LINE
  5
9E9
330
1F
100
AcDbEntity
  8
TASLAK_PENCERE
100
AcDbLine
 10
566534.6626773915
 20
4178581.170727256
 30
0.0
 11
566534.4583507951
 21
4178584.6046865955
 31
0.0
  0
LINE
  5
9EA
330
1F
100
AcDbEntity
  8
TASLAK_PENCERE
100
AcDbLine
 10
566534.8223949048
 20
4178581.180230728
 30
0.0
 11
566534.5029598783
 21
4178581.1612237846
 31
0.0
  0
LINE
  5
9EB
330
1F
100
AcDbEntity
  8
TASLAK_PENCERE
100
AcDbLine
 10
566534.6180683083
 20
4178584.614190067
 30
0.0
 11
566534.2986332818
 21
4178584.595183124
 31
0.0
  0
LINE
  5
9EC
330
1F
100
AcDbEntity
  8
TASLAK_PENCERE
100
AcDbLine
 10
566534.5828186349
 20
4178581.1659755204
 30
0.0
 11
566534.3784920385
 21
4178584.5999348597
 31
0.0
  0
LINE
  5
9ED
330
1F
100
AcDbEntity
  8
TASLAK_KAPI
100
AcDbLine
 10
566534.8000675198
 20
4178587.2796936803
 30
0.0
 11
566535.6984798783
 21
4178587.3331280705
 31
0.0
  0
ARC
  5
9EE
330
1F
100
AcDbEntity
  8
TASLAK_KAPI
100
AcDbCircle
 10
566534.8000675198
 20
4178587.2796936803
 30
0.0
 40
0.8999999999547235
100
AcDbArc
 50
0.0
 51
90.0
  0
LINE
  5
9EF
330
1F
100
AcDbEntity
  8
TASLAK_KAPI
100
AcDbLine
 10
566536.0050411272
 20
4178585.5481803557
 30
0.0
 11
566535.954553933
 21
4178586.3966796445
 31
0.0
  0
ARC
  5
9F0
330
1F
100
AcDbEntity
  8
TASLAK_KAPI
100
AcDbCircle
 10
566536.0050411272
 20
4178585.5481803557
 30
0.0
 40
0.8499999999079986
100
AcDbArc
 50
0.0
 51
90.0
  0
LINE
  5
9F1
330
1F
100
AcDbEntity
  8
TASLAK_KAPI
100
AcDbLine
 10
566535.1233749236
 20
4178585.0449467446
 30
0.0
 11
566536.0217872822
 21
4178585.0983811347
 31
0.0
  0
ARC
  5
9F2
330
1F
100
AcDbEntity
  8
TASLAK_KAPI
100
AcDbCircle
 10
566535.1233749236
 20
4178585.0449467446
 30
0.0
 40
0.9000000000709334
100
AcDbArc
 50
0.0
 51
90.0
  0
LWPOLYLINE
  5
9F3
330
1F
100
AcDbEntity
  8
TASLAK_ASMAKAT
  6
KESIKLI
100
AcDbPolyline
 90
4
 70
1
 10
566535.8843192159
 20
4178580.842679327
 10
566538.6307838709
 20
4178581.006029333
 10
566538.3789399152
 20
4178585.2385762385
 10
566535.6324752602
 20
4178585.0752262324
  0
TEXT
  5
9F4
330
1F
100
AcDbEntity
  8
TASLAK_ASMAKAT
100
AcDbText
 10
566537.1316295655
 20
4178583.040627783
 30
0.0
 40
0.2
  1
ASMA KAT (YATAK ODASI)
 50
3.4037406260640486
 72
1
 11
566537.1316295655
 21
4178583.040627783
 31
0.0
100
AcDbText
 73
2
  0
LINE
  5
9F5
330
1F
100
AcDbEntity
  8
TASLAK_GIRIS
100
AcDbLine
 10
566536.8970209139
 20
4178587.4044130533
 30
0.0
 11
566536.8198052052
 21
4178588.702117848
 31
0.0
  0
LINE
  5
9F6
330
1F
100
AcDbEntity
  8
TASLAK_GIRIS
100
AcDbLine
 10
566536.5470629336
 20
4178588.235100879
 30
0.0
 11
566536.8970209139
 21
4178587.4044130533
 31
0.0
  0
LINE
  5
9F7
330
1F
100
AcDbEntity
  8
TASLAK_GIRIS
100
AcDbLine
 10
566537.1460045059
 20
4178588.2707238053
 30
0.0
 11
566536.8970209139
 21
4178587.4044130533
 31
0.0
  0
TEXT
  5
9F8
330
1F
100
AcDbEntity
  8
TASLAK_GIRIS
100
AcDbText
 10
566536.7960465256
 20
4178589.101411631
 30
0.0
 40
0.24
  1
GIRIS
 50
3.4037406260640486
 72
1
 11
566536.7960465256
 21
4178589.101411631
 31
0.0
100
AcDbText
 73
2
  0
LWPOLYLINE
  5
9F9
330
1F
100
AcDbEntity
  8
TASLAK_DUVAR
100
AcDbPolyline
 90
4
 70
1
 10
566518.6262383553
 20
4178581.308964036
 10
566526.6121783336
 20
4178581.783882217
 10
566526.3154014879
 20
4178586.7750601363
 10
566518.3294615096
 20
4178586.3001419553
  0
LWPOLYLINE
  5
9FA
330
1F
100
AcDbEntity
  8
TASLAK_DUVAR
100
AcDbPolyline
 90
4
 70
1
 10
566518.8140145413
 20
4178581.5204843
 10
566526.4006599684
 20
4178581.971656718
 10
566526.1276253018
 20
4178586.5635398724
 10
566518.5409798748
 20
4178586.1123674545
  0
LINE
  5
9FB
330
1F
100
AcDbEntity
  8
TASLAK_DUVAR
100
AcDbLine
 10
566518.6953040397
 20
4178583.5169514855
 30
0.0
 11
566526.2819494668
 21
4178583.9681239035
 31
0.0
  0
LINE
  5
9FC
330
1F
100
AcDbEntity
  8
TASLAK_DUVAR
100
AcDbLine
 10
566518.7012395846
 20
4178583.4171277946
 30
0.0
 11
566526.2878850116
 21
4178583.8683002125
 31
0.0
  0
LINE
  5
9FD
330
1F
100
AcDbEntity
  8
TASLAK_DUVAR
100
AcDbLine
 10
566523.9549808415
 20
4178581.8262139163
 30
0.0
 11
566523.8422054901
 21
4178583.722864047
 31
0.0
  0
LINE
  5
9FE
330
1F
100
AcDbEntity
  8
TASLAK_DUVAR
100
AcDbLine
 10
566524.0548044794
 20
4178581.8321503573
 30
0.0
 11
566523.942029128
 21
4178583.728800488
 31
0.0
  0
LINE
  5
9FF
330
1F
100
AcDbEntity
  8
TASLAK_DUVAR
100
AcDbLine
 10
566519.9959791041
 20
4178583.544213372
 30
0.0
 11
566519.8386871667
 21
4178586.189541186
 31
0.0
  0
LINE
  5
A00
330
1F
100
AcDbEntity
  8
TASLAK_DUVAR
100
AcDbLine
 10
566520.0958027418
 20
4178583.5501498124
 30
0.0
 11
566519.9385108044
 21
4178586.1954776268
 31
0.0
  0
LINE
  5
A01
330
1F
100
AcDbEntity
  8
TASLAK_DUVAR
100
AcDbLine
 10
566521.8926282228
 20
4178583.6570057482
 30
0.0
 11
566521.7353362854
 21
4178586.3023335626
 31
0.0
  0
LINE
  5
A02
330
1F
100
AcDbEntity
  8
TASLAK_DUVAR
100
AcDbLine
 10
566521.9924518607
 20
4178583.6629421893
 30
0.0
 11
566521.8351599233
 21
4178586.3082700036
 31
0.0
  0
TEXT
  5
A03
330
1F
100
AcDbEntity
  8
TASLAK_MEKAN
100
AcDbText
 10
566522.5494658903
 20
4178582.7193481796
 30
0.0
 40
0.26
  1
MUTFAK + SALON\P14.8 m2
 72
1
 11
566522.5494658903
 21
4178582.7193481796
 31
0.0
100
AcDbText
 73
2
  0
TEXT
  5
A04
330
1F
100
AcDbEntity
  8
TASLAK_MEKAN
100
AcDbText
 10
566519.2934353988
 20
4178584.829774523
 30
0.0
 40
0.26
  1
ANTRE\P3.6 m2
 72
1
 11
566519.2934353988
 21
4178584.829774523
 31
0.0
100
AcDbText
 73
2
  0
TEXT
  5
A05
330
1F
100
AcDbEntity
  8
TASLAK_MEKAN
100
AcDbText
 10
566520.9155695136
 20
4178584.9262416884
 30
0.0
 40
0.26
  1
BANYO/WC\P5.0 m2
 72
1
 11
566520.9155695136
 21
4178584.9262416884
 31
0.0
100
AcDbText
 73
2
  0
CIRCLE
  5
A06
330
1F
100
AcDbEntity
  8
TASLAK_MERDIVEN
100
AcDbCircle
 10
566525.1418003251
 20
4178585.453058487
 30
0.0
 40
0.85
  0
LINE
  5
A07
330
1F
100
AcDbEntity
  8
TASLAK_MERDIVEN
100
AcDbLine
 10
566525.1418003251
 20
4178585.453058487
 30
0.0
 11
566525.9903012466
 21
4178585.503518234
 31
0.0
  0
LINE
  5
A08
330
1F
100
AcDbEntity
  8
TASLAK_MERDIVEN
100
AcDbLine
 10
566525.1418003251
 20
4178585.453058487
 30
0.0
 11
566525.8513976128
 21
4178585.9210085967
 31
0.0
  0
LINE
  5
A09
330
1F
100
AcDbEntity
  8
TASLAK_MERDIVEN
100
AcDbLine
 10
566525.1418003251
 20
4178585.453058487
 30
0.0
 11
566525.5223579588
 21
4178586.2131121056
 31
0.0
  0
LINE
  5
A0A
330
1F
100
AcDbEntity
  8
TASLAK_MERDIVEN
100
AcDbLine
 10
566525.1418003251
 20
4178585.453058487
 30
0.0
 11
566525.0913481943
 21
4178586.3015598613
 31
0.0
  0
LINE
  5
A0B
330
1F
100
AcDbEntity
  8
TASLAK_MERDIVEN
100
AcDbLine
 10
566525.1418003251
 20
4178585.453058487
 30
0.0
 11
566524.6738570373
 21
4178586.162652358
 31
0.0
  0
LINE
  5
A0C
330
1F
100
AcDbEntity
  8
TASLAK_MERDIVEN
100
AcDbLine
 10
566525.1418003251
 20
4178585.453058487
 30
0.0
 11
566524.3817509065
 21
4178585.8336097505
 31
0.0
  0
LINE
  5
A0D
330
1F
100
AcDbEntity
  8
TASLAK_MERDIVEN
100
AcDbLine
 10
566525.1418003251
 20
4178585.453058487
 30
0.0
 11
566524.2932994035
 21
4178585.402598739
 31
0.0
  0
LINE
  5
A0E
330
1F
100
AcDbEntity
  8
TASLAK_MERDIVEN
100
AcDbLine
 10
566525.1418003251
 20
4178585.453058487
 30
0.0
 11
566524.4322030373
 21
4178584.985108376
 31
0.0
  0
LINE
  5
A0F
330
1F
100
AcDbEntity
  8
TASLAK_MERDIVEN
100
AcDbLine
 10
566525.1418003251
 20
4178585.453058487
 30
0.0
 11
566524.7612426913
 21
4178584.693004867
 31
0.0
  0
LINE
  5
A10
330
1F
100
AcDbEntity
  8
TASLAK_MERDIVEN
100
AcDbLine
 10
566525.1418003251
 20
4178585.453058487
 30
0.0
 11
566525.192252456
 21
4178584.6045571123
 31
0.0
  0
LINE
  5
A11
330
1F
100
AcDbEntity
  8
TASLAK_MERDIVEN
100
AcDbLine
 10
566525.1418003251
 20
4178585.453058487
 30
0.0
 11
566525.6097436128
 21
4178584.7434646147
 31
0.0
  0
LINE
  5
A12
330
1F
100
AcDbEntity
  8
TASLAK_MERDIVEN
100
AcDbLine
 10
566525.1418003251
 20
4178585.453058487
 30
0.0
 11
566525.9018497437
 21
4178585.072507222
 31
0.0
  0
CIRCLE
  5
A13
330
1F
100
AcDbEntity
  8
TASLAK_MERDIVEN
100
AcDbCircle
 10
566525.1418003251
 20
4178585.453058487
 30
0.0
 40
0.09
  0
LINE
  5
A14
330
1F
100
AcDbEntity
  8
TASLAK_OK
100
AcDbLine
 10
566524.7028734902
 20
4178584.9586298694
 30
0.0
 11
566525.5807271599
 21
4178585.9474871033
 31
0.0
  0
LINE
  5
A15
330
1F
100
AcDbEntity
  8
TASLAK_OK
100
AcDbLine
 10
566525.2751749752
 20
4178586.0740714255
 30
0.0
 11
566525.5807271599
 21
4178585.9474871033
 31
0.0
  0
LINE
  5
A16
330
1F
100
AcDbEntity
  8
TASLAK_OK
100
AcDbLine
 10
566525.7426305624
 20
4178585.6590897795
 30
0.0
 11
566525.5807271599
 21
4178585.9474871033
 31
0.0
  0
TEXT
  5
A17
330
1F
100
AcDbEntity
  8
TASLAK_OK
100
AcDbText
 10
566524.7175498643
 20
4178585.4278286127
 30
0.0
 40
0.22
  1
CIKIS
 50
93.40281672291475
 72
1
 11
566524.7175498643
 21
4178585.4278286127
 31
0.0
100
AcDbText
 73
2
  0
LINE
  5
A18
330
1F
100
AcDbEntity
  8
TASLAK_PENCERE
100
AcDbLine
 10
566519.6244747336
 20
4178581.3683284447
 30
0.0
 11
566523.8171164743
 21
4178581.6176618724
 31
0.0
  0
LINE
  5
A19
330
1F
100
AcDbEntity
  8
TASLAK_PENCERE
100
AcDbLine
 10
566519.633973039
 20
4178581.208610624
 30
0.0
 11
566519.6149764282
 21
4178581.5280462652
 31
0.0
  0
LINE
  5
A1A
330
1F
100
AcDbEntity
  8
TASLAK_PENCERE
100
AcDbLine
 10
566523.8266147797
 20
4178581.457944052
 30
0.0
 11
566523.8076181689
 21
4178581.777379693
 31
0.0
  0
LINE
  5
A1B
330
1F
100
AcDbEntity
  8
TASLAK_PENCERE
100
AcDbLine
 10
566519.6197255809
 20
4178581.448187355
 30
0.0
 11
566523.8123673216
 21
4178581.6975207827
 31
0.0
  0
LINE
  5
A1C
330
1F
100
AcDbEntity
  8
TASLAK_PENCERE
100
AcDbLine
 10
566524.2164110256
 20
4178581.641407636
 30
0.0
 11
566526.0132365066
 21
4178581.748263572
 31
0.0
  0
LINE
  5
A1D
330
1F
100
AcDbEntity
  8
TASLAK_PENCERE
100
AcDbLine
 10
566524.225909331
 20
4178581.4816898154
 30
0.0
 11
566524.2069127202
 21
4178581.8011254566
 31
0.0
  0
LINE
  5
A1E
330
1F
100
AcDbEntity
  8
TASLAK_PENCERE
100
AcDbLine
 10
566526.022734812
 20
4178581.5885457513
 30
0.0
 11
566526.0037382012
 21
4178581.9079813925
 31
0.0
  0
LINE
  5
A1F
330
1F
100
AcDbEntity
  8
TASLAK_PENCERE
100
AcDbLine
 10
566524.2116618729
 20
4178581.7212665463
 30
0.0
 11
566526.0084873539
 21
4178581.828122482
 31
0.0
  0
LINE
  5
A20
330
1F
100
AcDbEntity
  8
TASLAK_PENCERE
100
AcDbLine
 10
566518.5668829072
 20
4178582.3072009473
 30
0.0
 11
566518.5342378054
 21
4178582.856224612
 31
0.0
  0
LINE
  5
A21
330
1F
100
AcDbEntity
  8
TASLAK_PENCERE
100
AcDbLine
 10
566518.726600813
 20
4178582.316697819
 30
0.0
 11
566518.4071650014
 21
4178582.2977040755
 31
0.0
  0
LINE
  5
A22
330
1F
100
AcDbEntity
  8
TASLAK_PENCERE
100
AcDbLine
 10
566518.6939557112
 20
4178582.8657214837
 30
0.0
 11
566518.3745198996
 21
4178582.84672774
 31
0.0
  0
LINE
  5
A23
330
1F
100
AcDbEntity
  8
TASLAK_PENCERE
100
AcDbLine
 10
566518.4870239543
 20
4178582.3024525116
 30
0.0
 11
566518.4543788525
 21
4178582.851476176
 31
0.0
  0
LINE
  5
A24
330
1F
100
AcDbEntity
  8
TASLAK_PENCERE
100
AcDbLine
 10
566518.9284033366
 20
4178586.3357606004
 30
0.0
 11
566519.5772569824
 21
4178586.374347466
 31
0.0
  0
LINE
  5
A25
330
1F
100
AcDbEntity
  8
TASLAK_PENCERE
100
AcDbLine
 10
566518.9379016419
 20
4178586.17604278
 30
0.0
 11
566518.9189050312
 21
4178586.495478421
 31
0.0
  0
LINE
  5
A26
330
1F
100
AcDbEntity
  8
TASLAK_PENCERE
100
AcDbLine
 10
566519.5867552878
 20
4178586.2146296455
 30
0.0
 11
566519.5677586771
 21
4178586.5340652866
 31
0.0
  0
LINE
  5
A27
330
1F
100
AcDbEntity
  8
TASLAK_PENCERE
100
AcDbLine
 10
566518.9236541839
 20
4178586.4156195107
 30
0.0
 11
566519.5725078298
 21
4178586.4542063763
 31
0.0
  0
LINE
  5
A28
330
1F
100
AcDbEntity
  8
TASLAK_PENCERE
100
AcDbLine
 10
566520.2261106283
 20
4178586.4129343317
 30
0.0
 11
566521.4239942824
 21
4178586.4841716224
 31
0.0
  0
LINE
  5
A29
330
1F
100
AcDbEntity
  8
TASLAK_PENCERE
100
AcDbLine
 10
566520.2356089337
 20
4178586.253216511
 30
0.0
 11
566520.216612323
 21
4178586.5726521523
 31
0.0
  0
LINE
  5
A2A
330
1F
100
AcDbEntity
  8
TASLAK_PENCERE
100
AcDbLine
 10
566521.4334925878
 20
4178586.324453802
 30
0.0
 11
566521.414495977
 21
4178586.643889443
 31
0.0
  0
LINE
  5
A2B
330
1F
100
AcDbEntity
  8
TASLAK_PENCERE
100
AcDbLine
 10
566520.2213614756
 20
4178586.492793242
 30
0.0
 11
566521.4192451297
 21
4178586.5640305327
 31
0.0
  0
LINE
  5
A2C
330
1F
100
AcDbEntity
  8
TASLAK_PENCERE
100
AcDbLine
 10
566522.172671566
 20
4178586.528694929
 30
0.0
 11
566525.7164596609
 21
4178586.739441491
 31
0.0
  0
LINE
  5
A2D
330
1F
100
AcDbEntity
  8
TASLAK_PENCERE
100
AcDbLine
 10
566522.1821698714
 20
4178586.3689771085
 30
0.0
 11
566522.1631732606
 21
4178586.6884127497
 31
0.0
  0
LINE
  5
A2E
330
1F
100
AcDbEntity
  8
TASLAK_PENCERE
100
AcDbLine
 10
566525.7259579663
 20
4178586.5797236706
 30
0.0
 11
566525.7069613555
 21
4178586.899159312
 31
0.0
  0
LINE
  5
A2F
330
1F
100
AcDbEntity
  8
TASLAK_PENCERE
100
AcDbLine
 10
566522.1679224133
 20
4178586.6085538394
 30
0.0
 11
566525.7117105082
 21
4178586.8193004015
 31
0.0
  0
LINE
  5
A30
330
1F
100
AcDbEntity
  8
TASLAK_KAPI
100
AcDbLine
 10
566518.8285796988
 20
4178586.32982416
 30
0.0
 11
566519.7269924392
 21
4178586.3832521276
 31
0.0
  0
ARC
  5
A31
330
1F
100
AcDbEntity
  8
TASLAK_KAPI
100
AcDbCircle
 10
566518.8285796988
 20
4178586.32982416
 30
0.0
 40
0.8999999999547619
100
AcDbArc
 50
0.0
 51
90.0
  0
LINE
  5
A32
330
1F
100
AcDbEntity
  8
TASLAK_KAPI
100
AcDbLine
 10
566520.0191809713
 20
4178583.996388202
 30
0.0
 11
566519.9716966128
 21
4178584.7949777306
 31
0.0
  0
ARC
  5
A33
330
1F
100
AcDbEntity
  8
TASLAK_KAPI
100
AcDbCircle
 10
566520.0191809713
 20
4178583.996388202
 30
0.0
 40
0.7999999996230873
100
AcDbArc
 50
0.0
 51
90.0
  0
LINE
  5
A34
330
1F
100
AcDbEntity
  8
TASLAK_KAPI
100
AcDbLine
 10
566519.169938501
 20
4178583.4950893233
 30
0.0
 11
566520.0683512414
 21
4178583.5485172914
 31
0.0
  0
ARC
  5
A35
330
1F
100
AcDbEntity
  8
TASLAK_KAPI
100
AcDbCircle
 10
566519.169938501
 20
4178583.4950893233
 30
0.0
 40
0.8999999999824055
100
AcDbArc
 50
0.0
 51
90.0
  0
LWPOLYLINE
  5
A36
330
1F
100
AcDbEntity
  8
TASLAK_ASMAKAT
  6
KESIKLI
100
AcDbPolyline
 90
4
 70
1
 10
566518.6971774145
 20
4178583.4854451646
 10
566526.2838228416
 20
4178583.9366175826
 10
566526.1276253018
 20
4178586.5635398724
 10
566518.5409798748
 20
4178586.1123674545
  0
TEXT
  5
A37
330
1F
100
AcDbEntity
  8
TASLAK_ASMAKAT
100
AcDbText
 10
566522.4124013581
 20
4178585.0244925185
 30
0.0
 40
0.2
  1
ASMA KAT (YATAK ODASI)
 50
3.4033310391000353
 72
1
 11
566522.4124013581
 21
4178585.0244925185
 31
0.0
100
AcDbText
 73
2
  0
LINE
  5
A38
330
1F
100
AcDbEntity
  8
TASLAK_GIRIS
100
AcDbLine
 10
566522.3224314988
 20
4178586.537601046
 30
0.0
 11
566522.2452694164
 21
4178587.8353090305
 31
0.0
  0
LINE
  5
A39
330
1F
100
AcDbEntity
  8
TASLAK_GIRIS
100
AcDbLine
 10
566521.9725084543
 20
4178587.3682930977
 30
0.0
 11
566522.3224314988
 21
4178586.537601046
 31
0.0
  0
LINE
  5
A3A
330
1F
100
AcDbEntity
  8
TASLAK_GIRIS
100
AcDbLine
 10
566522.5714502814
 20
4178587.403911743
 30
0.0
 11
566522.3224314988
 21
4178586.537601046
 31
0.0
  0
TEXT
  5
A3B
330
1F
100
AcDbEntity
  8
TASLAK_GIRIS
100
AcDbText
 10
566522.2215272371
 20
4178588.2346037948
 30
0.0
 40
0.24
  1
GIRIS
 50
3.4033310391000353
 72
1
 11
566522.2215272371
 21
4178588.2346037948
 31
0.0
100
AcDbText
 73
2
  0
LWPOLYLINE
  5
A3C
330
1F
100
AcDbEntity
  8
TASLAK_DUVAR
100
AcDbPolyline
 90
4
 70
1
 10
566526.6121289871
 20
4178581.783885943
 10
566534.5982008567
 20
4178582.258859591
 10
566534.3015559036
 20
4178587.2500929777
 10
566526.315484034
 20
4178586.7751193293
  0
LWPOLYLINE
  5
A3D
330
1F
100
AcDbEntity
  8
TASLAK_DUVAR
100
AcDbPolyline
 90
4
 70
1
 10
566526.7999104911
 20
4178581.9954077136
 10
566534.3866879506
 20
4178582.446633226
 10
566534.1137743996
 20
4178587.038571207
 10
566526.5269969401
 20
4178586.5873456947
  0
LINE
  5
A3E
330
1F
100
AcDbEntity
  8
TASLAK_DUVAR
100
AcDbLine
 10
566526.6812510542
 20
4178583.9919255613
 30
0.0
 11
566534.2680285136
 21
4178584.4431510735
 31
0.0
  0
LINE
  5
A3F
330
1F
100
AcDbEntity
  8
TASLAK_DUVAR
100
AcDbLine
 10
566526.6871839047
 20
4178583.89210171
 30
0.0
 11
566534.2739613642
 21
4178584.3433272224
 31
0.0
  0
LINE
  5
A40
330
1F
100
AcDbEntity
  8
TASLAK_DUVAR
100
AcDbLine
 10
566531.941009688
 20
4178582.3011758914
 30
0.0
 11
566531.8282855278
 21
4178584.1978290654
 31
0.0
  0
LINE
  5
A41
330
1F
100
AcDbEntity
  8
TASLAK_DUVAR
100
AcDbLine
 10
566532.0408332905
 20
4178582.307112925
 30
0.0
 11
566531.9281091304
 21
4178584.203766099
 31
0.0
  0
LINE
  5
A42
330
1F
100
AcDbEntity
  8
TASLAK_DUVAR
100
AcDbLine
 10
566527.9819243127
 20
4178584.0191950784
 30
0.0
 11
566527.8247037734
 21
4178586.6645271373
 31
0.0
  0
LINE
  5
A43
330
1F
100
AcDbEntity
  8
TASLAK_DUVAR
100
AcDbLine
 10
566528.0817479152
 20
4178584.0251321127
 30
0.0
 11
566527.924527376
 21
4178586.6704641716
 31
0.0
  0
LINE
  5
A44
330
1F
100
AcDbEntity
  8
TASLAK_DUVAR
100
AcDbLine
 10
566529.8785727612
 20
4178584.1319987257
 30
0.0
 11
566529.7213522219
 21
4178586.7773307846
 31
0.0
  0
LINE
  5
A45
330
1F
100
AcDbEntity
  8
TASLAK_DUVAR
100
AcDbLine
 10
566529.9783963637
 20
4178584.13793576
 30
0.0
 11
566529.8211758244
 21
4178586.783267819
 31
0.0
  0
TEXT
  5
A46
330
1F
100
AcDbEntity
  8
TASLAK_MEKAN
100
AcDbText
 10
566530.535452715
 20
4178583.194323431
 30
0.0
 40
0.26
  1
MUTFAK + SALON\P14.8 m2
 72
1
 11
566530.535452715
 21
4178583.194323431
 31
0.0
100
AcDbText
 73
2
  0
TEXT
  5
A47
330
1F
100
AcDbEntity
  8
TASLAK_MEKAN
100
AcDbText
 10
566527.279416527
 20
4178585.3047546446
 30
0.0
 40
0.26
  1
ANTRE\P3.6 m2
 72
1
 11
566527.279416527
 21
4178585.3047546446
 31
0.0
100
AcDbText
 73
2
  0
TEXT
  5
A48
330
1F
100
AcDbEntity
  8
TASLAK_MEKAN
100
AcDbText
 10
566528.9015500685
 20
4178585.4012314486
 30
0.0
 40
0.26
  1
BANYO/WC\P5.0 m2
 72
1
 11
566528.9015500685
 21
4178585.4012314486
 31
0.0
100
AcDbText
 73
2
  0
CIRCLE
  5
A49
330
1F
100
AcDbEntity
  8
TASLAK_MERDIVEN
100
AcDbCircle
 10
566533.1279215035
 20
4178585.9280819106
 30
0.0
 40
0.85
  0
LINE
  5
A4A
330
1F
100
AcDbEntity
  8
TASLAK_MERDIVEN
100
AcDbLine
 10
566533.1279215035
 20
4178585.9280819106
 30
0.0
 11
566533.9764221251
 21
4178585.9785467004
 31
0.0
  0
LINE
  5
A4B
330
1F
100
AcDbEntity
  8
TASLAK_MERDIVEN
100
AcDbLine
 10
566533.1279215035
 20
4178585.9280819106
 30
0.0
 11
566533.8375299822
 21
4178586.396037068
 31
0.0
  0
LINE
  5
A4C
330
1F
100
AcDbEntity
  8
TASLAK_MERDIVEN
100
AcDbLine
 10
566533.1279215035
 20
4178585.9280819106
 30
0.0
 11
566533.5084988205
 21
4178586.6881392305
 31
0.0
  0
LINE
  5
A4D
330
1F
100
AcDbEntity
  8
TASLAK_MERDIVEN
100
AcDbLine
 10
566533.1279215035
 20
4178585.9280819106
 30
0.0
 11
566533.0774922739
 21
4178586.7765846467
 31
0.0
  0
LINE
  5
A4E
330
1F
100
AcDbEntity
  8
TASLAK_MERDIVEN
100
AcDbLine
 10
566533.1279215035
 20
4178585.9280819106
 30
0.0
 11
566532.6599981987
 21
4178586.6376744406
 31
0.0
  0
LINE
  5
A4F
330
1F
100
AcDbEntity
  8
TASLAK_MERDIVEN
100
AcDbLine
 10
566533.1279215035
 20
4178585.9280819106
 30
0.0
 11
566532.3678837952
 21
4178586.308629489
 31
0.0
  0
LINE
  5
A50
330
1F
100
AcDbEntity
  8
TASLAK_MERDIVEN
100
AcDbLine
 10
566533.1279215035
 20
4178585.9280819106
 30
0.0
 11
566532.2794208818
 21
4178585.877617121
 31
0.0
  0
LINE
  5
A51
330
1F
100
AcDbEntity
  8
TASLAK_MERDIVEN
100
AcDbLine
 10
566533.1279215035
 20
4178585.9280819106
 30
0.0
 11
566532.4183130247
 21
4178585.4601267534
 31
0.0
  0
LINE
  5
A52
330
1F
100
AcDbEntity
  8
TASLAK_MERDIVEN
100
AcDbLine
 10
566533.1279215035
 20
4178585.9280819106
 30
0.0
 11
566532.7473441865
 21
4178585.1680245916
 31
0.0
  0
LINE
  5
A53
330
1F
100
AcDbEntity
  8
TASLAK_MERDIVEN
100
AcDbLine
 10
566533.1279215035
 20
4178585.9280819106
 30
0.0
 11
566533.178350733
 21
4178585.079579175
 31
0.0
  0
LINE
  5
A54
330
1F
100
AcDbEntity
  8
TASLAK_MERDIVEN
100
AcDbLine
 10
566533.1279215035
 20
4178585.9280819106
 30
0.0
 11
566533.5958448083
 21
4178585.2184893815
 31
0.0
  0
LINE
  5
A55
330
1F
100
AcDbEntity
  8
TASLAK_MERDIVEN
100
AcDbLine
 10
566533.1279215035
 20
4178585.9280819106
 30
0.0
 11
566533.8879592117
 21
4178585.5475343326
 31
0.0
  0
CIRCLE
  5
A56
330
1F
100
AcDbEntity
  8
TASLAK_MERDIVEN
100
AcDbCircle
 10
566533.1279215035
 20
4178585.9280819106
 30
0.0
 40
0.09
  0
LINE
  5
A57
330
1F
100
AcDbEntity
  8
TASLAK_OK
100
AcDbLine
 10
566532.6889822378
 20
4178585.433649772
 30
0.0
 11
566533.5668607692
 21
4178586.42251405
 31
0.0
  0
LINE
  5
A58
330
1F
100
AcDbEntity
  8
TASLAK_OK
100
AcDbLine
 10
566533.2613125825
 20
4178586.549096839
 30
0.0
 11
566533.5668607692
 21
4178586.42251405
 31
0.0
  0
LINE
  5
A59
330
1F
100
AcDbEntity
  8
TASLAK_OK
100
AcDbLine
 10
566533.7287561052
 20
4178586.1341171064
 30
0.0
 11
566533.5668607692
 21
4178586.42251405
 31
0.0
  0
TEXT
  5
A5A
330
1F
100
AcDbEntity
  8
TASLAK_OK
100
AcDbText
 10
566532.7036711926
 20
4178585.902849516
 30
0.0
 40
0.22
  1
CIKIS
 50
93.40127029534783
 72
1
 11
566532.7036711926
 21
4178585.902849516
 31
0.0
100
AcDbText
 73
2
  0
LINE
  5
A5B
330
1F
100
AcDbEntity
  8
TASLAK_PENCERE
100
AcDbLine
 10
566527.6103650127
 20
4178581.8432562836
 30
0.0
 11
566531.8031399852
 21
4178582.0926226373
 31
0.0
  0
LINE
  5
A5C
330
1F
100
AcDbEntity
  8
TASLAK_PENCERE
100
AcDbLine
 10
566527.6198642672
 20
4178581.6835385193
 30
0.0
 11
566527.6008657581
 21
4178582.002974048
 31
0.0
  0
LINE
  5
A5D
330
1F
100
AcDbEntity
  8
TASLAK_PENCERE
100
AcDbLine
 10
566531.8126392397
 20
4178581.932904873
 30
0.0
 11
566531.7936407307
 21
4178582.2523404015
 31
0.0
  0
LINE
  5
A5E
330
1F
100
AcDbEntity
  8
TASLAK_PENCERE
100
AcDbLine
 10
566527.6056153855
 20
4178581.9231151654
 30
0.0
 11
566531.798390358
 21
4178582.172481519
 31
0.0
  0
LINE
  5
A5F
330
1F
100
AcDbEntity
  8
TASLAK_PENCERE
100
AcDbLine
 10
566532.2024343954
 20
4178582.116370774
 30
0.0
 11
566533.9992592414
 21
4178582.223237387
 31
0.0
  0
LINE
  5
A60
330
1F
100
AcDbEntity
  8
TASLAK_PENCERE
100
AcDbLine
 10
566532.21193365
 20
4178581.9566530096
 30
0.0
 11
566532.1929351409
 21
4178582.276088538
 31
0.0
  0
LINE
  5
A61
330
1F
100
AcDbEntity
  8
TASLAK_PENCERE
100
AcDbLine
 10
566534.0087584959
 20
4178582.0635196227
 30
0.0
 11
566533.9897599869
 21
4178582.382955151
 31
0.0
  0
LINE
  5
A62
330
1F
100
AcDbEntity
  8
TASLAK_PENCERE
100
AcDbLine
 10
566532.1976847682
 20
4178582.1962296558
 30
0.0
 11
566533.9945096142
 21
4178582.303096269
 31
0.0
  0
LINE
  5
A63
330
1F
100
AcDbEntity
  8
TASLAK_PENCERE
100
AcDbLine
 10
566526.5528004817
 20
4178582.7821244556
 30
0.0
 11
566526.5201673775
 21
4178583.33119646
 31
0.0
  0
LINE
  5
A64
330
1F
100
AcDbEntity
  8
TASLAK_PENCERE
100
AcDbLine
 10
566526.7125186437
 20
4178582.7916170163
 30
0.0
 11
566526.3930823196
 21
4178582.772631895
 31
0.0
  0
LINE
  5
A65
330
1F
100
AcDbEntity
  8
TASLAK_PENCERE
100
AcDbLine
 10
566526.6798855396
 20
4178583.3406890207
 30
0.0
 11
566526.3604492155
 21
4178583.321703899
 31
0.0
  0
LINE
  5
A66
330
1F
100
AcDbEntity
  8
TASLAK_PENCERE
100
AcDbLine
 10
566526.4729414006
 20
4178582.777378175
 30
0.0
 11
566526.4403082965
 21
4178583.3264501793
 31
0.0
  0
LINE
  5
A67
330
1F
100
AcDbEntity
  8
TASLAK_PENCERE
100
AcDbLine
 10
566526.9144256493
 20
4178586.8107415335
 30
0.0
 11
566527.5632790659
 21
4178586.8493322553
 31
0.0
  0
LINE
  5
A68
330
1F
100
AcDbEntity
  8
TASLAK_PENCERE
100
AcDbLine
 10
566526.923924904
 20
4178586.6510237693
 30
0.0
 11
566526.9049263947
 21
4178586.9704592978
 31
0.0
  0
LINE
  5
A69
330
1F
100
AcDbEntity
  8
TASLAK_PENCERE
100
AcDbLine
 10
566527.5727783205
 20
4178586.689614491
 30
0.0
 11
566527.5537798112
 21
4178587.0090500196
 31
0.0
  0
LINE
  5
A6A
330
1F
100
AcDbEntity
  8
TASLAK_PENCERE
100
AcDbLine
 10
566526.909676022
 20
4178586.8906004154
 30
0.0
 11
566527.5585294386
 21
4178586.929191137
 31
0.0
  0
LINE
  5
A6B
330
1F
100
AcDbEntity
  8
TASLAK_PENCERE
100
AcDbLine
 10
566528.2121324826
 20
4178586.8879229766
 30
0.0
 11
566529.4100157132
 21
4178586.959167385
 31
0.0
  0
LINE
  5
A6C
330
1F
100
AcDbEntity
  8
TASLAK_PENCERE
100
AcDbLine
 10
566528.221631737
 20
4178586.7282052124
 30
0.0
 11
566528.2026332282
 21
4178587.047640741
 31
0.0
  0
LINE
  5
A6D
330
1F
100
AcDbEntity
  8
TASLAK_PENCERE
100
AcDbLine
 10
566529.4195149676
 20
4178586.799449621
 30
0.0
 11
566529.4005164588
 21
4178587.1188851492
 31
0.0
  0
LINE
  5
A6E
330
1F
100
AcDbEntity
  8
TASLAK_PENCERE
100
AcDbLine
 10
566528.2073828554
 20
4178586.9677818585
 30
0.0
 11
566529.405266086
 21
4178587.039026267
 31
0.0
  0
LINE
  5
A6F
330
1F
100
AcDbEntity
  8
TASLAK_PENCERE
100
AcDbLine
 10
566530.1586927323
 20
4178587.0036951406
 30
0.0
 11
566533.7026142883
 21
4178587.2144707735
 31
0.0
  0
LINE
  5
A70
330
1F
100
AcDbEntity
  8
TASLAK_PENCERE
100
AcDbLine
 10
566530.1681919869
 20
4178586.8439773764
 30
0.0
 11
566530.1491934778
 21
4178587.163412905
 31
0.0
  0
LINE
  5
A71
330
1F
100
AcDbEntity
  8
TASLAK_PENCERE
100
AcDbLine
 10
566533.7121135428
 20
4178587.054753009
 30
0.0
 11
566533.6931150338
 21
4178587.3741885377
 31
0.0
  0
LINE
  5
A72
330
1F
100
AcDbEntity
  8
TASLAK_PENCERE
100
AcDbLine
 10
566530.1539431051
 20
4178587.0835540225
 30
0.0
 11
566533.6978646611
 21
4178587.2943296554
 31
0.0
  0
LINE
  5
A73
330
1F
100
AcDbEntity
  8
TASLAK_KAPI
100
AcDbLine
 10
566526.8146020467
 20
4178586.8048044997
 30
0.0
 11
566527.7130144697
 21
4178586.8582378062
 31
0.0
  0
ARC
  5
A74
330
1F
100
AcDbEntity
  8
TASLAK_KAPI
100
AcDbCircle
 10
566526.8146020467
 20
4178586.8048044997
 30
0.0
 40
0.9000000000010574
100
AcDbArc
 50
0.0
 51
90.0
  0
LINE
  5
A75
330
1F
100
AcDbEntity
  8
TASLAK_KAPI
100
AcDbLine
 10
566528.0051382864
 20
4178584.4713709266
 30
0.0
 11
566527.9576754821
 21
4178585.2699617366
 31
0.0
  0
ARC
  5
A76
330
1F
100
AcDbEntity
  8
TASLAK_KAPI
100
AcDbCircle
 10
566528.0051382864
 20
4178584.4713709266
 30
0.0
 40
0.7999999997899961
100
AcDbArc
 50
0.0
 51
90.0
  0
LINE
  5
A77
330
1F
100
AcDbEntity
  8
TASLAK_KAPI
100
AcDbLine
 10
566527.1558840015
 20
4178583.970066122
 30
0.0
 11
566528.0542964245
 21
4178584.0234994283
 31
0.0
  0
ARC
  5
A78
330
1F
100
AcDbEntity
  8
TASLAK_KAPI
100
AcDbCircle
 10
566527.1558840015
 20
4178583.970066122
 30
0.0
 40
0.9000000000010574
100
AcDbArc
 50
0.0
 51
90.0
  0
LWPOLYLINE
  5
A79
330
1F
100
AcDbEntity
  8
TASLAK_ASMAKAT
  6
KESIKLI
100
AcDbPolyline
 90
4
 70
1
 10
566526.6831208062
 20
4178583.960465835
 10
566534.2698982657
 20
4178584.411691347
 10
566534.1137743996
 20
4178587.038571207
 10
566526.5269969401
 20
4178586.5873456947
  0
TEXT
  5
A7A
330
1F
100
AcDbEntity
  8
TASLAK_ASMAKAT
100
AcDbText
 10
566530.398447603
 20
4178585.499518521
 30
0.0
 40
0.2
  1
ASMA KAT (YATAK ODASI)
 50
3.40367150978837
 72
1
 11
566530.398447603
 21
4178585.499518521
 31
0.0
100
AcDbText
 73
2
  0
LINE
  5
A7B
330
1F
100
AcDbEntity
  8
TASLAK_GIRIS
100
AcDbLine
 10
566530.3085199688
 20
4178587.0126061537
 30
0.0
 11
566530.2313929118
 21
4178588.3103162204
 31
0.0
  0
LINE
  5
A7C
330
1F
100
AcDbEntity
  8
TASLAK_GIRIS
100
AcDbLine
 10
566529.9586199316
 20
4178587.8432977875
 30
0.0
 11
566530.3085199688
 21
4178587.0126061537
 31
0.0
  0
LINE
  5
A7D
330
1F
100
AcDbEntity
  8
TASLAK_GIRIS
100
AcDbLine
 10
566530.5575615468
 20
4178587.8789199917
 30
0.0
 11
566530.3085199688
 21
4178587.0126061537
 31
0.0
  0
TEXT
  5
A7E
330
1F
100
AcDbEntity
  8
TASLAK_GIRIS
100
AcDbText
 10
566530.2076615096
 20
4178588.7096116254
 30
0.0
 40
0.24
  1
GIRIS
 50
3.40367150978837
 72
1
 11
566530.2076615096
 21
4178588.7096116254
 31
0.0
100
AcDbText
 73
2
  0
LWPOLYLINE
  5
A7F
330
1F
100
AcDbEntity
  8
TASLAK_DUVAR
100
AcDbPolyline
 90
4
 70
1
 10
566461.5815722554
 20
4178577.898581916
 10
566469.5674628874
 20
4178578.3735038224
 10
566469.2705921215
 20
4178583.3646234144
 10
566461.2847014895
 20
4178582.889701508
  0
LWPOLYLINE
  5
A80
330
1F
100
AcDbEntity
  8
TASLAK_DUVAR
100
AcDbPolyline
 90
4
 70
1
 10
566461.7693445497
 20
4178578.110102115
 10
566469.3559406501
 20
4178578.561277926
 10
566469.0828198271
 20
4178583.153103215
 10
566461.4962237268
 20
4178582.7019274044
  0
LINE
  5
A81
330
1F
100
AcDbEntity
  8
TASLAK_DUVAR
100
AcDbLine
 10
566461.6505983558
 20
4178580.1065144367
 30
0.0
 11
566469.2371944562
 21
4178580.5576902474
 31
0.0
  0
LINE
  5
A82
330
1F
100
AcDbEntity
  8
TASLAK_DUVAR
100
AcDbLine
 10
566461.6565358415
 20
4178580.0066908607
 30
0.0
 11
566469.2431319419
 21
4178580.4578666715
 31
0.0
  0
LINE
  5
A83
330
1F
100
AcDbEntity
  8
TASLAK_DUVAR
100
AcDbLine
 10
566466.9102616442
 20
4178578.4158330923
 30
0.0
 11
566466.7974494152
 21
4178580.3124810304
 31
0.0
  0
LINE
  5
A84
330
1F
100
AcDbEntity
  8
TASLAK_DUVAR
100
AcDbLine
 10
566467.010085277
 20
4178578.421769616
 30
0.0
 11
566466.8972730481
 21
4178580.3184175543
 31
0.0
  0
LINE
  5
A85
330
1F
100
AcDbEntity
  8
TASLAK_DUVAR
100
AcDbLine
 10
566462.9512743263
 20
4178580.133777458
 30
0.0
 11
566462.7939309544
 21
4178582.779102214
 31
0.0
  0
LINE
  5
A86
330
1F
100
AcDbEntity
  8
TASLAK_DUVAR
100
AcDbLine
 10
566463.0510979592
 20
4178580.139713982
 30
0.0
 11
566462.8937545873
 21
4178582.785038738
 31
0.0
  0
LINE
  5
A87
330
1F
100
AcDbEntity
  8
TASLAK_DUVAR
100
AcDbLine
 10
566464.8479233513
 20
4178580.246571411
 30
0.0
 11
566464.6905799794
 21
4178582.891896167
 31
0.0
  0
LINE
  5
A88
330
1F
100
AcDbEntity
  8
TASLAK_DUVAR
100
AcDbLine
 10
566464.9477469842
 20
4178580.252507935
 30
0.0
 11
566464.7904036123
 21
4178582.8978326907
 31
0.0
  0
TEXT
  5
A89
330
1F
100
AcDbEntity
  8
TASLAK_MEKAN
100
AcDbText
 10
566465.5047538745
 20
4178579.3089402877
 30
0.0
 40
0.26
  1
MUTFAK + SALON\P14.8 m2
 72
1
 11
566465.5047538745
 21
4178579.3089402877
 31
0.0
100
AcDbText
 73
2
  0
TEXT
  5
A8A
330
1F
100
AcDbEntity
  8
TASLAK_MEKAN
100
AcDbText
 10
566462.2487049347
 20
4178581.419336562
 30
0.0
 40
0.26
  1
ANTRE\P3.6 m2
 72
1
 11
566462.2487049347
 21
4178581.419336562
 31
0.0
100
AcDbText
 73
2
  0
TEXT
  5
A8B
330
1F
100
AcDbEntity
  8
TASLAK_MEKAN
100
AcDbText
 10
566463.8708389694
 20
4178581.5158050745
 30
0.0
 40
0.26
  1
BANYO/WC\P5.0 m2
 72
1
 11
566463.8708389694
 21
4178581.5158050745
 31
0.0
100
AcDbText
 73
2
  0
CIRCLE
  5
A8C
330
1F
100
AcDbEntity
  8
TASLAK_MERDIVEN
100
AcDbCircle
 10
566468.0970152819
 20
4178582.0426221704
 30
0.0
 40
0.85
  0
LINE
  5
A8D
330
1F
100
AcDbEntity
  8
TASLAK_MERDIVEN
100
AcDbLine
 10
566468.0970152819
 20
4178582.0426221704
 30
0.0
 11
566468.9455161616
 21
4178582.093082623
 31
0.0
  0
LINE
  5
A8E
330
1F
100
AcDbEntity
  8
TASLAK_MERDIVEN
100
AcDbLine
 10
566468.0970152819
 20
4178582.0426221704
 30
0.0
 11
566468.8066042844
 21
4178582.510572401
 31
0.0
  0
LINE
  5
A8F
330
1F
100
AcDbEntity
  8
TASLAK_MERDIVEN
100
AcDbLine
 10
566468.0970152819
 20
4178582.0426221704
 30
0.0
 11
566468.4775586072
 21
4178582.8026752924
 31
0.0
  0
LINE
  5
A90
330
1F
100
AcDbEntity
  8
TASLAK_MERDIVEN
100
AcDbLine
 10
566468.0970152819
 20
4178582.0426221704
 30
0.0
 11
566468.0465466531
 21
4178582.8911225637
 31
0.0
  0
LINE
  5
A91
330
1F
100
AcDbEntity
  8
TASLAK_MERDIVEN
100
AcDbLine
 10
566468.0970152819
 20
4178582.0426221704
 30
0.0
 11
566467.6290577276
 21
4178582.75221484
 31
0.0
  0
LINE
  5
A92
330
1F
100
AcDbEntity
  8
TASLAK_MERDIVEN
100
AcDbLine
 10
566468.0970152819
 20
4178582.0426221704
 30
0.0
 11
566467.3369576507
 21
4178582.4231723333
 31
0.0
  0
LINE
  5
A93
330
1F
100
AcDbEntity
  8
TASLAK_MERDIVEN
100
AcDbLine
 10
566468.0970152819
 20
4178582.0426221704
 30
0.0
 11
566467.2485144023
 21
4178581.9921617177
 31
0.0
  0
LINE
  5
A94
330
1F
100
AcDbEntity
  8
TASLAK_MERDIVEN
100
AcDbLine
 10
566468.0970152819
 20
4178582.0426221704
 30
0.0
 11
566467.3874262795
 21
4178581.57467194
 31
0.0
  0
LINE
  5
A95
330
1F
100
AcDbEntity
  8
TASLAK_MERDIVEN
100
AcDbLine
 10
566468.0970152819
 20
4178582.0426221704
 30
0.0
 11
566467.7164719567
 21
4178581.2825690485
 31
0.0
  0
LINE
  5
A96
330
1F
100
AcDbEntity
  8
TASLAK_MERDIVEN
100
AcDbLine
 10
566468.0970152819
 20
4178582.0426221704
 30
0.0
 11
566468.1474839107
 21
4178581.194121777
 31
0.0
  0
LINE
  5
A97
330
1F
100
AcDbEntity
  8
TASLAK_MERDIVEN
100
AcDbLine
 10
566468.0970152819
 20
4178582.0426221704
 30
0.0
 11
566468.5649728363
 21
4178581.3330295007
 31
0.0
  0
LINE
  5
A98
330
1F
100
AcDbEntity
  8
TASLAK_MERDIVEN
100
AcDbLine
 10
566468.0970152819
 20
4178582.0426221704
 30
0.0
 11
566468.8570729132
 21
4178581.6620720075
 31
0.0
  0
CIRCLE
  5
A99
330
1F
100
AcDbEntity
  8
TASLAK_MERDIVEN
100
AcDbCircle
 10
566468.0970152819
 20
4178582.0426221704
 30
0.0
 40
0.09
  0
LINE
  5
A9A
330
1F
100
AcDbEntity
  8
TASLAK_OK
100
AcDbLine
 10
566467.658097544
 20
4178581.5481937053
 30
0.0
 11
566468.53593302
 21
4178582.5370506356
 31
0.0
  0
LINE
  5
A9B
330
1F
100
AcDbEntity
  8
TASLAK_OK
100
AcDbLine
 10
566468.2303780452
 20
4178582.663634544
 30
0.0
 11
566468.53593302
 21
4178582.5370506356
 31
0.0
  0
LINE
  5
A9C
330
1F
100
AcDbEntity
  8
TASLAK_OK
100
AcDbLine
 10
566468.6978421896
 20
4178582.248653775
 30
0.0
 11
566468.53593302
 21
4178582.5370506356
 31
0.0
  0
TEXT
  5
A9D
330
1F
100
AcDbEntity
  8
TASLAK_OK
100
AcDbText
 10
566467.6727648422
 20
4178582.0173919443
 30
0.0
 40
0.22
  1
CIKIS
 50
93.40393075643908
 72
1
 11
566467.6727648422
 21
4178582.0173919443
 31
0.0
100
AcDbText
 73
2
  0
LINE
  5
A9E
330
1F
100
AcDbEntity
  8
TASLAK_PENCERE
100
AcDbLine
 10
566462.5798085843
 20
4178577.957947154
 30
0.0
 11
566466.7724011663
 21
4178578.207281155
 31
0.0
  0
LINE
  5
A9F
330
1F
100
AcDbEntity
  8
TASLAK_PENCERE
100
AcDbLine
 10
566462.5893070224
 20
4178577.7982293414
 30
0.0
 11
566462.5703101462
 21
4178578.1176649667
 31
0.0
  0
LINE
  5
AA0
330
1F
100
AcDbEntity
  8
TASLAK_PENCERE
100
AcDbLine
 10
566466.7818996044
 20
4178578.0475633424
 30
0.0
 11
566466.7629027282
 21
4178578.3669989677
 31
0.0
  0
LINE
  5
AA1
330
1F
100
AcDbEntity
  8
TASLAK_PENCERE
100
AcDbLine
 10
566462.5750593652
 20
4178578.03780606
 30
0.0
 11
566466.7676519472
 21
4178578.287140061
 31
0.0
  0
LINE
  5
AA2
330
1F
100
AcDbEntity
  8
TASLAK_PENCERE
100
AcDbLine
 10
566467.1716956978
 20
4178578.2310272506
 30
0.0
 11
566468.96852109
 21
4178578.3378846794
 31
0.0
  0
LINE
  5
AA3
330
1F
100
AcDbEntity
  8
TASLAK_PENCERE
100
AcDbLine
 10
566467.1811941359
 20
4178578.071309438
 30
0.0
 11
566467.1621972597
 21
4178578.3907450633
 31
0.0
  0
LINE
  5
AA4
330
1F
100
AcDbEntity
  8
TASLAK_PENCERE
100
AcDbLine
 10
566468.9780195281
 20
4178578.178166867
 30
0.0
 11
566468.9590226519
 21
4178578.497602492
 31
0.0
  0
LINE
  5
AA5
330
1F
100
AcDbEntity
  8
TASLAK_PENCERE
100
AcDbLine
 10
566467.1669464788
 20
4178578.3108861567
 30
0.0
 11
566468.963771871
 21
4178578.4177435855
 31
0.0
  0
LINE
  5
AA6
330
1F
100
AcDbEntity
  8
TASLAK_PENCERE
100
AcDbLine
 10
566461.522197398
 20
4178578.896817673
 30
0.0
 11
566461.4895447473
 21
4178579.445788147
 31
0.0
  0
LINE
  5
AA7
330
1F
100
AcDbEntity
  8
TASLAK_PENCERE
100
AcDbLine
 10
566461.681915119
 20
4178578.9063176503
 30
0.0
 11
566461.362479677
 21
4178578.8873176957
 31
0.0
  0
LINE
  5
AA8
330
1F
100
AcDbEntity
  8
TASLAK_PENCERE
100
AcDbLine
 10
566461.6492624683
 20
4178579.4552881243
 30
0.0
 11
566461.3298270262
 21
4178579.4362881696
 31
0.0
  0
LINE
  5
AA9
330
1F
100
AcDbEntity
  8
TASLAK_PENCERE
100
AcDbLine
 10
566461.4423385374
 20
4178578.8920676843
 30
0.0
 11
566461.4096858867
 21
4178579.4410381583
 31
0.0
  0
LINE
  5
AAA
330
1F
100
AcDbEntity
  8
TASLAK_PENCERE
100
AcDbLine
 10
566461.8836432869
 20
4178582.925320651
 30
0.0
 11
566462.5324969008
 21
4178582.963908056
 31
0.0
  0
LINE
  5
AAB
330
1F
100
AcDbEntity
  8
TASLAK_PENCERE
100
AcDbLine
 10
566461.893141725
 20
4178582.7656028382
 30
0.0
 11
566461.8741448488
 21
4178583.0850384636
 31
0.0
  0
LINE
  5
AAC
330
1F
100
AcDbEntity
  8
TASLAK_PENCERE
100
AcDbLine
 10
566462.5419953389
 20
4178582.804190243
 30
0.0
 11
566462.5229984627
 21
4178583.1236258685
 31
0.0
  0
LINE
  5
AAD
330
1F
100
AcDbEntity
  8
TASLAK_PENCERE
100
AcDbLine
 10
566461.8788940678
 20
4178583.005179557
 30
0.0
 11
566462.5277476817
 21
4178583.043766962
 31
0.0
  0
LINE
  5
AAE
330
1F
100
AcDbEntity
  8
TASLAK_PENCERE
100
AcDbLine
 10
566463.1813505145
 20
4178583.0024954607
 30
0.0
 11
566464.3792341093
 21
4178583.0737337465
 31
0.0
  0
LINE
  5
AAF
330
1F
100
AcDbEntity
  8
TASLAK_PENCERE
100
AcDbLine
 10
566463.1908489526
 20
4178582.842777648
 30
0.0
 11
566463.1718520764
 21
4178583.1622132733
 31
0.0
  0
LINE
  5
AB0
330
1F
100
AcDbEntity
  8
TASLAK_PENCERE
100
AcDbLine
 10
566464.3887325474
 20
4178582.914015934
 30
0.0
 11
566464.3697356712
 21
4178583.233451559
 31
0.0
  0
LINE
  5
AB1
330
1F
100
AcDbEntity
  8
TASLAK_PENCERE
100
AcDbLine
 10
566463.1766012955
 20
4178583.082354367
 30
0.0
 11
566464.3744848903
 21
4178583.1535926526
 31
0.0
  0
LINE
  5
AB2
330
1F
100
AcDbEntity
  8
TASLAK_PENCERE
100
AcDbLine
 10
566465.127911356
 20
4178583.1182576753
 30
0.0
 11
566468.6716503241
 21
4178583.3290042714
 31
0.0
  0
LINE
  5
AB3
330
1F
100
AcDbEntity
  8
TASLAK_PENCERE
100
AcDbLine
 10
566465.1374097941
 20
4178582.9585398627
 30
0.0
 11
566465.118412918
 21
4178583.277975488
 31
0.0
  0
LINE
  5
AB4
330
1F
100
AcDbEntity
  8
TASLAK_PENCERE
100
AcDbLine
 10
566468.6811487622
 20
4178583.1692864588
 30
0.0
 11
566468.662151886
 21
4178583.488722084
 31
0.0
  0
LINE
  5
AB5
330
1F
100
AcDbEntity
  8
TASLAK_PENCERE
100
AcDbLine
 10
566465.123162137
 20
4178583.1981165814
 30
0.0
 11
566468.6669011051
 21
4178583.4088631775
 31
0.0
  0
LINE
  5
AB6
330
1F
100
AcDbEntity
  8
TASLAK_KAPI
100
AcDbLine
 10
566461.783819654
 20
4178582.919384127
 30
0.0
 11
566462.6822323501
 21
4178582.9728128416
 31
0.0
  0
ARC
  5
AB7
330
1F
100
AcDbEntity
  8
TASLAK_KAPI
100
AcDbCircle
 10
566461.783819654
 20
4178582.919384127
 30
0.0
 40
0.9000000000195653
100
AcDbArc
 50
0.0
 51
90.0
  0
LINE
  5
AB8
330
1F
100
AcDbEntity
  8
TASLAK_KAPI
100
AcDbLine
 10
566462.974467457
 20
4178580.585951811
 30
0.0
 11
566462.9269675711
 21
4178581.3845404163
 31
0.0
  0
ARC
  5
AB9
330
1F
100
AcDbEntity
  8
TASLAK_KAPI
100
AcDbCircle
 10
566462.974467457
 20
4178580.585951811
 30
0.0
 40
0.7999999996293871
100
AcDbArc
 50
0.0
 51
90.0
  0
LINE
  5
ABA
330
1F
100
AcDbEntity
  8
TASLAK_KAPI
100
AcDbLine
 10
566462.1252337641
 20
4178580.0846527233
 30
0.0
 11
566463.0236464601
 21
4178580.138081438
 31
0.0
  0
ARC
  5
ABB
330
1F
100
AcDbEntity
  8
TASLAK_KAPI
100
AcDbCircle
 10
566462.1252337641
 20
4178580.0846527233
 30
0.0
 40
0.9000000000195653
100
AcDbArc
 50
0.0
 51
90.0
  0
LWPOLYLINE
  5
ABC
330
1F
100
AcDbEntity
  8
TASLAK_ASMAKAT
  6
KESIKLI
100
AcDbPolyline
 90
4
 70
1
 10
566461.6524733513
 20
4178580.074991202
 10
566469.2390694517
 20
4178580.5261670128
 10
566469.0828198271
 20
4178583.153103215
 10
566461.4962237268
 20
4178582.7019274044
  0
TEXT
  5
ABD
330
1F
100
AcDbEntity
  8
TASLAK_ASMAKAT
100
AcDbText
 10
566465.3676465892
 20
4178581.6140472083
 30
0.0
 40
0.2
  1
ASMA KAT (YATAK ODASI)
 50
3.40337865282986
 72
1
 11
566465.3676465892
 21
4178581.6140472083
 31
0.0
100
AcDbText
 73
2
  0
LINE
  5
ABE
330
1F
100
AcDbEntity
  8
TASLAK_GIRIS
100
AcDbLine
 10
566465.2776468055
 20
4178583.127162461
 30
0.0
 11
566465.200459491
 21
4178584.424868945
 31
0.0
  0
LINE
  5
ABF
330
1F
100
AcDbEntity
  8
TASLAK_GIRIS
100
AcDbLine
 10
566464.927707278
 20
4178583.957853283
 30
0.0
 11
566465.2776468055
 21
4178583.127162461
 31
0.0
  0
LINE
  5
AC0
330
1F
100
AcDbEntity
  8
TASLAK_GIRIS
100
AcDbLine
 10
566465.5266490754
 20
4178583.993472426
 30
0.0
 11
566465.2776468055
 21
4178583.127162461
 31
0.0
  0
TEXT
  5
AC1
330
1F
100
AcDbEntity
  8
TASLAK_GIRIS
100
AcDbText
 10
566465.1767095481
 20
4178584.824163248
 30
0.0
 40
0.24
  1
GIRIS
 50
3.40337865282986
 72
1
 11
566465.1767095481
 21
4178584.824163248
 31
0.0
100
AcDbText
 73
2
  0
LWPOLYLINE
  5
AC2
330
1F
100
AcDbEntity
  8
TASLAK_DUVAR
100
AcDbPolyline
 90
4
 70
1
 10
566456.5270578872
 20
4178574.917644965
 10
566461.7192006301
 20
4178575.226455251
 10
566461.2624380634
 20
4178582.9029110307
 10
566456.0702953205
 20
4178582.5941007445
  0
LWPOLYLINE
  5
AC3
330
1F
100
AcDbEntity
  8
TASLAK_DUVAR
100
AcDbPolyline
 90
4
 70
1
 10
566456.7148257381
 20
4178575.1291661654
 10
566461.5076740995
 20
4178575.414227834
 10
566461.0746702125
 20
4178582.6913898303
 10
566456.281821851
 20
4178582.4063281617
  0
LINE
  5
AC4
330
1F
100
AcDbEntity
  8
TASLAK_DUVAR
100
AcDbLine
 10
566460.3888257056
 20
4178575.6983011956
 30
0.0
 11
566460.1043135659
 21
4178580.479877048
 31
0.0
  0
LINE
  5
AC5
330
1F
100
AcDbEntity
  8
TASLAK_DUVAR
100
AcDbLine
 10
566460.488649301
 20
4178575.70423835
 30
0.0
 11
566460.2041371613
 21
4178580.4858142026
 31
0.0
  0
LINE
  5
AC6
330
1F
100
AcDbEntity
  8
TASLAK_DUVAR
100
AcDbLine
 10
566457.7512036217
 20
4178580.440099108
 30
0.0
 11
566457.6294403889
 21
4178582.4864797457
 31
0.0
  0
LINE
  5
AC7
330
1F
100
AcDbEntity
  8
TASLAK_DUVAR
100
AcDbLine
 10
566457.8510272172
 20
4178580.4460362624
 30
0.0
 11
566457.7292639844
 21
4178582.4924169
 31
0.0
  0
LINE
  5
AC8
330
1F
100
AcDbEntity
  8
TASLAK_DUVAR
100
AcDbLine
 10
566456.400615249
 20
4178580.4098592466
 30
0.0
 11
566460.1453158587
 21
4178580.632580794
 31
0.0
  0
LINE
  5
AC9
330
1F
100
AcDbEntity
  8
TASLAK_DUVAR
100
AcDbLine
 10
566456.4065549189
 20
4178580.310035801
 30
0.0
 11
566460.1512555286
 21
4178580.5327573484
 31
0.0
  0
LINE
  5
ACA
330
1F
100
AcDbEntity
  8
TASLAK_DUVAR
100
AcDbLine
 10
566456.3536732863
 20
4178580.356978947
 30
0.0
 11
566456.2319100534
 21
4178582.4033595845
 31
0.0
  0
LINE
  5
ACB
330
1F
100
AcDbEntity
  8
TASLAK_DUVAR
100
AcDbLine
 10
566456.4534968816
 20
4178580.3629161012
 30
0.0
 11
566456.3317336488
 21
4178582.409296739
 31
0.0
  0
LINE
  5
ACC
330
1F
100
AcDbEntity
  8
TASLAK_DUVAR
100
AcDbLine
 10
566458.0138482606
 20
4178575.2064274303
 30
0.0
 11
566457.9009945326
 21
4178577.1030728994
 31
0.0
  0
LINE
  5
ACD
330
1F
100
AcDbEntity
  8
TASLAK_DUVAR
100
AcDbLine
 10
566458.113671856
 20
4178575.2123645847
 30
0.0
 11
566458.000818128
 21
4178577.109010054
 31
0.0
  0
TEXT
  5
ACE
330
1F
100
AcDbEntity
  8
TASLAK_MEKAN
100
AcDbText
 10
566457.0414686353
 20
4178581.424697924
 30
0.0
 40
0.26
  1
ANTRE\P2.9 m2
 72
1
 11
566457.0414686353
 21
4178581.424697924
 31
0.0
100
AcDbText
 73
2
  0
TEXT
  5
ACF
330
1F
100
AcDbEntity
  8
TASLAK_MEKAN
100
AcDbText
 10
566458.9138189403
 20
4178581.536058697
 30
0.0
 40
0.26
  1
BANYO/WC\P4.8 m2
 72
1
 11
566458.9138189403
 21
4178581.536058697
 31
0.0
100
AcDbText
 73
2
  0
TEXT
  5
AD0
330
1F
100
AcDbEntity
  8
TASLAK_MEKAN
100
AcDbText
 10
566458.431555716
 20
4178577.8559176186
 30
0.0
 40
0.26
  1
MUTFAK + SALON\P19.7 m2
 72
1
 11
566458.431555716
 21
4178577.8559176186
 31
0.0
100
AcDbText
 73
2
  0
LINE
  5
AD1
330
1F
100
AcDbEntity
  8
TASLAK_MERDIVEN
100
AcDbLine
 10
566460.4387375033
 20
4178575.701269773
 30
0.0
 11
566461.486885255
 21
4178575.763609894
 31
0.0
  0
LINE
  5
AD2
330
1F
100
AcDbEntity
  8
TASLAK_MERDIVEN
100
AcDbLine
 10
566460.4229312732
 20
4178575.966912876
 30
0.0
 11
566461.471079025
 21
4178576.029252997
 31
0.0
  0
LINE
  5
AD3
330
1F
100
AcDbEntity
  8
TASLAK_MERDIVEN
100
AcDbLine
 10
566460.4071250432
 20
4178576.2325559785
 30
0.0
 11
566461.4552727949
 21
4178576.2948960997
 31
0.0
  0
LINE
  5
AD4
330
1F
100
AcDbEntity
  8
TASLAK_MERDIVEN
100
AcDbLine
 10
566460.3913188132
 20
4178576.4981990815
 30
0.0
 11
566461.4394665649
 21
4178576.5605392028
 31
0.0
  0
LINE
  5
AD5
330
1F
100
AcDbEntity
  8
TASLAK_MERDIVEN
100
AcDbLine
 10
566460.3755125833
 20
4178576.7638421846
 30
0.0
 11
566461.423660335
 21
4178576.826182306
 31
0.0
  0
LINE
  5
AD6
330
1F
100
AcDbEntity
  8
TASLAK_MERDIVEN
100
AcDbLine
 10
566460.3597063533
 20
4178577.0294852876
 30
0.0
 11
566461.407854105
 21
4178577.091825409
 31
0.0
  0
LINE
  5
AD7
330
1F
100
AcDbEntity
  8
TASLAK_MERDIVEN
100
AcDbLine
 10
566460.3439001233
 20
4178577.29512839
 30
0.0
 11
566461.392047875
 21
4178577.3574685114
 31
0.0
  0
LINE
  5
AD8
330
1F
100
AcDbEntity
  8
TASLAK_MERDIVEN
100
AcDbLine
 10
566460.3280938934
 20
4178577.5607714932
 30
0.0
 11
566461.3762416451
 21
4178577.6231116145
 31
0.0
  0
LINE
  5
AD9
330
1F
100
AcDbEntity
  8
TASLAK_MERDIVEN
100
AcDbLine
 10
566460.3122876633
 20
4178577.8264145963
 30
0.0
 11
566461.3604354151
 21
4178577.8887547175
 31
0.0
  0
LINE
  5
ADA
330
1F
100
AcDbEntity
  8
TASLAK_MERDIVEN
100
AcDbLine
 10
566460.2964814333
 20
4178578.0920576993
 30
0.0
 11
566461.344629185
 21
4178578.1543978206
 31
0.0
  0
LINE
  5
ADB
330
1F
100
AcDbEntity
  8
TASLAK_MERDIVEN
100
AcDbLine
 10
566460.2806752033
 20
4178578.357700802
 30
0.0
 11
566461.328822955
 21
4178578.420040923
 31
0.0
  0
LINE
  5
ADC
330
1F
100
AcDbEntity
  8
TASLAK_MERDIVEN
100
AcDbLine
 10
566460.2648689734
 20
4178578.623343905
 30
0.0
 11
566461.3130167251
 21
4178578.685684026
 31
0.0
  0
LINE
  5
ADD
330
1F
100
AcDbEntity
  8
TASLAK_MERDIVEN
100
AcDbLine
 10
566460.2490627434
 20
4178578.888987008
 30
0.0
 11
566461.2972104951
 21
4178578.9513271293
 31
0.0
  0
LINE
  5
ADE
330
1F
100
AcDbEntity
  8
TASLAK_MERDIVEN
100
AcDbLine
 10
566460.2332565134
 20
4178579.154630111
 30
0.0
 11
566461.2814042651
 21
4178579.2169702323
 31
0.0
  0
LINE
  5
ADF
330
1F
100
AcDbEntity
  8
TASLAK_MERDIVEN
100
AcDbLine
 10
566460.2174502835
 20
4178579.4202732136
 30
0.0
 11
566461.2655980352
 21
4178579.482613335
 31
0.0
  0
LINE
  5
AE0
330
1F
100
AcDbEntity
  8
TASLAK_MERDIVEN
100
AcDbLine
 10
566460.2016440534
 20
4178579.6859163167
 30
0.0
 11
566461.2497918052
 21
4178579.748256438
 31
0.0
  0
LINE
  5
AE1
330
1F
100
AcDbEntity
  8
TASLAK_MERDIVEN
100
AcDbLine
 10
566460.1858378234
 20
4178579.9515594197
 30
0.0
 11
566461.2339855751
 21
4178580.013899541
 31
0.0
  0
LINE
  5
AE2
330
1F
100
AcDbEntity
  8
TASLAK_MERDIVEN
100
AcDbLine
 10
566460.1700315934
 20
4178580.217202523
 30
0.0
 11
566461.2181793451
 21
4178580.279542644
 31
0.0
  0
LINE
  5
AE3
330
1F
100
AcDbEntity
  8
TASLAK_MERDIVEN
100
AcDbLine
 10
566460.1542253635
 20
4178580.4828456254
 30
0.0
 11
566461.2023731152
 21
4178580.5451857466
 31
0.0
  0
LINE
  5
AE4
330
1F
100
AcDbEntity
  8
TASLAK_MERDIVEN
100
AcDbLine
 10
566460.9628113791
 20
4178575.7324398337
 30
0.0
 11
566460.6782992394
 21
4178580.514015686
 31
0.0
  0
LINE
  5
AE5
330
1F
100
AcDbEntity
  8
TASLAK_OK
100
AcDbLine
 10
566460.9420225344
 20
4178576.081821894
 30
0.0
 11
566460.6872087442
 21
4178580.3642805177
 31
0.0
  0
LINE
  5
AE6
330
1F
100
AcDbEntity
  8
TASLAK_OK
100
AcDbLine
 10
566460.4174363074
 20
4178579.847351826
 30
0.0
 11
566460.6872087442
 21
4178580.3642805177
 31
0.0
  0
LINE
  5
AE7
330
1F
100
AcDbEntity
  8
TASLAK_OK
100
AcDbLine
 10
566461.0163778798
 20
4178579.882974752
 30
0.0
 11
566460.6872087442
 21
4178580.3642805177
 31
0.0
  0
TEXT
  5
AE8
330
1F
100
AcDbEntity
  8
TASLAK_OK
100
AcDbText
 10
566460.8047490792
 20
4178578.388870863
 30
0.0
 40
0.22
  1
CIKIS
 50
93.40518440237123
 72
1
 11
566460.8047490792
 21
4178578.388870863
 31
0.0
100
AcDbText
 73
2
  0
LINE
  5
AE9
330
1F
100
AcDbEntity
  8
TASLAK_PENCERE
100
AcDbLine
 10
566461.668713436
 20
4178576.07495454
 30
0.0
 11
566461.4198393156
 21
4178580.2575897183
 31
0.0
  0
LINE
  5
AEA
330
1F
100
AcDbEntity
  8
TASLAK_PENCERE
100
AcDbLine
 10
566461.8284309492
 20
4178576.0844580117
 30
0.0
 11
566461.5089959227
 21
4178576.0654510683
 31
0.0
  0
LINE
  5
AEB
330
1F
100
AcDbEntity
  8
TASLAK_PENCERE
100
AcDbLine
 10
566461.5795568288
 20
4178580.26709319
 30
0.0
 11
566461.2601218023
 21
4178580.2480862467
 31
0.0
  0
LINE
  5
AEC
330
1F
100
AcDbEntity
  8
TASLAK_PENCERE
100
AcDbLine
 10
566461.5888546794
 20
4178576.070202804
 30
0.0
 11
566461.339980559
 21
4178580.2528379825
 31
0.0
  0
LINE
  5
AED
330
1F
100
AcDbEntity
  8
TASLAK_PENCERE
100
AcDbLine
 10
566457.5252938411
 20
4178574.977016509
 30
0.0
 11
566457.8759922073
 21
4178574.997874807
 31
0.0
  0
LINE
  5
AEE
330
1F
100
AcDbEntity
  8
TASLAK_PENCERE
100
AcDbLine
 10
566457.534793288
 20
4178574.8172987564
 30
0.0
 11
566457.5157943943
 21
4178575.1367342616
 31
0.0
  0
LINE
  5
AEF
330
1F
100
AcDbEntity
  8
TASLAK_PENCERE
100
AcDbLine
 10
566457.8854916542
 20
4178574.8381570545
 30
0.0
 11
566457.8664927605
 21
4178575.1575925597
 31
0.0
  0
LINE
  5
AF0
330
1F
100
AcDbEntity
  8
TASLAK_PENCERE
100
AcDbLine
 10
566457.5205441177
 20
4178575.0568753853
 30
0.0
 11
566457.8712424838
 21
4178575.0777336834
 31
0.0
  0
LINE
  5
AF1
330
1F
100
AcDbEntity
  8
TASLAK_PENCERE
100
AcDbLine
 10
566458.2752865889
 20
4178575.0216234247
 30
0.0
 11
566460.072111306
 21
4178575.128492204
 31
0.0
  0
LINE
  5
AF2
330
1F
100
AcDbEntity
  8
TASLAK_PENCERE
100
AcDbLine
 10
566458.284786036
 20
4178574.861905672
 30
0.0
 11
566458.2657871419
 21
4178575.1813411773
 31
0.0
  0
LINE
  5
AF3
330
1F
100
AcDbEntity
  8
TASLAK_PENCERE
100
AcDbLine
 10
566460.0816107531
 20
4178574.9687744514
 30
0.0
 11
566460.062611859
 21
4178575.2882099566
 31
0.0
  0
LINE
  5
AF4
330
1F
100
AcDbEntity
  8
TASLAK_PENCERE
100
AcDbLine
 10
566458.2705368655
 20
4178575.101482301
 30
0.0
 11
566460.0673615825
 21
4178575.2083510803
 31
0.0
  0
LINE
  5
AF5
330
1F
100
AcDbEntity
  8
TASLAK_PENCERE
100
AcDbLine
 10
566456.4676611882
 20
4178575.9158794223
 30
0.0
 11
566456.2455155824
 21
4178579.649309095
 31
0.0
  0
LINE
  5
AF6
330
1F
100
AcDbEntity
  8
TASLAK_PENCERE
100
AcDbLine
 10
566456.6273787015
 20
4178575.925382894
 30
0.0
 11
566456.307943675
 21
4178575.9063759507
 31
0.0
  0
LINE
  5
AF7
330
1F
100
AcDbEntity
  8
TASLAK_PENCERE
100
AcDbLine
 10
566456.4052330956
 20
4178579.6588125667
 30
0.0
 11
566456.0857980691
 21
4178579.6398056233
 31
0.0
  0
LINE
  5
AF8
330
1F
100
AcDbEntity
  8
TASLAK_PENCERE
100
AcDbLine
 10
566456.3878024316
 20
4178575.9111276865
 30
0.0
 11
566456.1656568258
 21
4178579.644557359
 31
0.0
  0
LINE
  5
AF9
330
1F
100
AcDbEntity
  8
TASLAK_PENCERE
100
AcDbLine
 10
566456.6692368928
 20
4178582.629723671
 30
0.0
 11
566457.3680020606
 21
4178582.6712837517
 31
0.0
  0
LINE
  5
AFA
330
1F
100
AcDbEntity
  8
TASLAK_PENCERE
100
AcDbLine
 10
566456.6787363399
 20
4178582.4700059183
 30
0.0
 11
566456.6597374458
 21
4178582.7894414235
 31
0.0
  0
LINE
  5
AFB
330
1F
100
AcDbEntity
  8
TASLAK_PENCERE
100
AcDbLine
 10
566457.3775015076
 20
4178582.511565999
 30
0.0
 11
566457.3585026135
 21
4178582.8310015043
 31
0.0
  0
LINE
  5
AFC
330
1F
100
AcDbEntity
  8
TASLAK_PENCERE
100
AcDbLine
 10
566456.6644871694
 20
4178582.709582547
 30
0.0
 11
566457.3632523371
 21
4178582.751142628
 31
0.0
  0
LINE
  5
AFD
330
1F
100
AcDbEntity
  8
TASLAK_PENCERE
100
AcDbLine
 10
566458.0667672284
 20
4178582.712843832
 30
0.0
 11
566459.6153487393
 21
4178582.8049479835
 31
0.0
  0
LINE
  5
AFE
330
1F
100
AcDbEntity
  8
TASLAK_PENCERE
100
AcDbLine
 10
566458.0762666755
 20
4178582.5531260795
 30
0.0
 11
566458.0572677813
 21
4178582.8725615847
 31
0.0
  0
LINE
  5
AFF
330
1F
100
AcDbEntity
  8
TASLAK_PENCERE
100
AcDbLine
 10
566459.6248481864
 20
4178582.645230231
 30
0.0
 11
566459.6058492922
 21
4178582.964665736
 31
0.0
  0
LINE
  5
B00
330
1F
100
AcDbEntity
  8
TASLAK_PENCERE
100
AcDbLine
 10
566458.0620175049
 20
4178582.7927027084
 30
0.0
 11
566459.6105990158
 21
4178582.88480686
 31
0.0
  0
LINE
  5
B01
330
1F
100
AcDbEntity
  8
TASLAK_PENCERE
100
AcDbLine
 10
566456.4320231689
 20
4178576.514820097
 30
0.0
 11
566456.2276965727
 21
4178579.948779432
 31
0.0
  0
LINE
  5
B02
330
1F
100
AcDbEntity
  8
TASLAK_PENCERE
100
AcDbLine
 10
566456.5917406821
 20
4178576.5243235687
 30
0.0
 11
566456.2723056556
 21
4178576.5053166253
 31
0.0
  0
LINE
  5
B03
330
1F
100
AcDbEntity
  8
TASLAK_PENCERE
100
AcDbLine
 10
566456.3874140859
 20
4178579.958282904
 30
0.0
 11
566456.0679790594
 21
4178579.9392759604
 31
0.0
  0
LINE
  5
B04
330
1F
100
AcDbEntity
  8
TASLAK_PENCERE
100
AcDbLine
 10
566456.3521644123
 20
4178576.510068361
 30
0.0
 11
566456.147837816
 21
4178579.9440276963
 31
0.0
  0
LINE
  5
B05
330
1F
100
AcDbEntity
  8
TASLAK_KAPI
100
AcDbLine
 10
566456.5694132975
 20
4178582.6237865165
 30
0.0
 11
566457.4678256561
 21
4178582.6772209057
 31
0.0
  0
ARC
  5
B06
330
1F
100
AcDbEntity
  8
TASLAK_KAPI
100
AcDbCircle
 10
566456.5694132975
 20
4178582.6237865165
 30
0.0
 40
0.9000000000156394
100
AcDbArc
 50
0.0
 51
90.0
  0
LINE
  5
B07
330
1F
100
AcDbEntity
  8
TASLAK_KAPI
100
AcDbLine
 10
566457.7743869049
 20
4178580.892273191
 30
0.0
 11
566457.7238997108
 21
4178581.7407724797
 31
0.0
  0
ARC
  5
B08
330
1F
100
AcDbEntity
  8
TASLAK_KAPI
100
AcDbCircle
 10
566457.7743869049
 20
4178580.892273191
 30
0.0
 40
0.8499999999010839
100
AcDbArc
 50
0.0
 51
90.0
  0
LINE
  5
B09
330
1F
100
AcDbEntity
  8
TASLAK_KAPI
100
AcDbLine
 10
566456.8927207014
 20
4178580.3890395807
 30
0.0
 11
566457.79113306
 21
4178580.44247397
 31
0.0
  0
ARC
  5
B0A
330
1F
100
AcDbEntity
  8
TASLAK_KAPI
100
AcDbCircle
 10
566456.8927207014
 20
4178580.3890395807
 30
0.0
 40
0.9000000000156394
100
AcDbArc
 50
0.0
 51
90.0
  0
LWPOLYLINE
  5
B0B
330
1F
100
AcDbEntity
  8
TASLAK_ASMAKAT
  6
KESIKLI
100
AcDbPolyline
 90
4
 70
1
 10
566457.6536649931
 20
4178576.1867721668
 10
566460.4001296489
 20
4178576.35012217
 10
566460.1482856936
 20
4178580.5826690714
 10
566457.4018210379
 20
4178580.419319068
  0
TEXT
  5
B0C
330
1F
100
AcDbEntity
  8
TASLAK_ASMAKAT
100
AcDbText
 10
566458.9009753432
 20
4178578.384720619
 30
0.0
 40
0.2
  1
ASMA KAT (YATAK ODASI)
 50
3.403740574326065
 72
1
 11
566458.9009753432
 21
4178578.384720619
 31
0.0
100
AcDbText
 73
2
  0
LINE
  5
B0D
330
1F
100
AcDbEntity
  8
TASLAK_GIRIS
100
AcDbLine
 10
566458.6663666919
 20
4178582.7485058876
 30
0.0
 11
566458.5891509833
 21
4178584.0462106825
 31
0.0
  0
LINE
  5
B0E
330
1F
100
AcDbEntity
  8
TASLAK_GIRIS
100
AcDbLine
 10
566458.3164087116
 20
4178583.579193713
 30
0.0
 11
566458.6663666919
 21
4178582.7485058876
 31
0.0
  0
LINE
  5
B0F
330
1F
100
AcDbEntity
  8
TASLAK_GIRIS
100
AcDbLine
 10
566458.9153502841
 20
4178583.6148166396
 30
0.0
 11
566458.6663666919
 21
4178582.7485058876
 31
0.0
  0
TEXT
  5
B10
330
1F
100
AcDbEntity
  8
TASLAK_GIRIS
100
AcDbText
 10
566458.5653923037
 20
4178584.445504465
 30
0.0
 40
0.24
  1
GIRIS
 50
3.403740574326065
 72
1
 11
566458.5653923037
 21
4178584.445504465
 31
0.0
100
AcDbText
 73
2
  0
LWPOLYLINE
  5
B11
330
1F
100
AcDbEntity
  8
TASLAK_DUVAR
100
AcDbPolyline
 90
4
 70
1
 10
566477.6909818937
 20
4178576.1762990644
 10
566482.8836124041
 20
4178576.485072531
 10
566482.4273376055
 20
4178584.1614914914
 10
566477.2347070951
 20
4178583.852718025
  0
LWPOLYLINE
  5
B12
330
1F
100
AcDbEntity
  8
TASLAK_DUVAR
100
AcDbPolyline
 90
4
 70
1
 10
566477.878762479
 20
4178576.387818491
 10
566482.6720983079
 20
4178576.672848384
 10
566482.2395570201
 20
4178583.9499720647
 10
566477.4462211913
 20
4178583.664942172
  0
LINE
  5
B13
330
1F
100
AcDbEntity
  8
TASLAK_DUVAR
100
AcDbLine
 10
566481.5532711115
 20
4178576.9569369275
 30
0.0
 11
566481.2690642672
 21
4178581.7384651094
 31
0.0
  0
LINE
  5
B14
330
1F
100
AcDbEntity
  8
TASLAK_DUVAR
100
AcDbLine
 10
566481.6530947818
 20
4178576.962872821
 30
0.0
 11
566481.3688879375
 21
4178581.744401003
 31
0.0
  0
LINE
  5
B15
330
1F
100
AcDbEntity
  8
TASLAK_DUVAR
100
AcDbLine
 10
566478.9154749853
 20
4178581.6986884223
 30
0.0
 11
566478.7938407416
 21
4178583.7450767313
 31
0.0
  0
LINE
  5
B16
330
1F
100
AcDbEntity
  8
TASLAK_DUVAR
100
AcDbLine
 10
566479.0152986556
 20
4178581.7046243157
 30
0.0
 11
566478.893664412
 21
4178583.7510126247
 31
0.0
  0
LINE
  5
B17
330
1F
100
AcDbEntity
  8
TASLAK_DUVAR
100
AcDbLine
 10
566477.564888746
 20
4178581.668465773
 30
0.0
 11
566481.3100760357
 21
4178581.891168786
 31
0.0
  0
LINE
  5
B18
330
1F
100
AcDbEntity
  8
TASLAK_DUVAR
100
AcDbLine
 10
566477.5708221238
 20
4178581.568641953
 30
0.0
 11
566481.3160094135
 21
4178581.7913449663
 31
0.0
  0
LINE
  5
B19
330
1F
100
AcDbEntity
  8
TASLAK_DUVAR
100
AcDbLine
 10
566477.5179435997
 20
4178581.615585916
 30
0.0
 11
566477.3963093561
 21
4178583.661974225
 31
0.0
  0
LINE
  5
B1A
330
1F
100
AcDbEntity
  8
TASLAK_DUVAR
100
AcDbLine
 10
566477.6177672702
 20
4178581.6215218096
 30
0.0
 11
566477.4961330266
 21
4178583.6679101186
 31
0.0
  0
LINE
  5
B1B
330
1F
100
AcDbEntity
  8
TASLAK_DUVAR
100
AcDbLine
 10
566479.1782698442
 20
4178576.465092118
 30
0.0
 11
566479.0655356671
 21
4178578.3617446967
 31
0.0
  0
LINE
  5
B1C
330
1F
100
AcDbEntity
  8
TASLAK_DUVAR
100
AcDbLine
 10
566479.2780935146
 20
4178576.4710280113
 30
0.0
 11
566479.1653593376
 21
4178578.36768059
 31
0.0
  0
TEXT
  5
B1D
330
1F
100
AcDbEntity
  8
TASLAK_MEKAN
100
AcDbText
 10
566478.2058040058
 20
4178582.68329927
 30
0.0
 40
0.26
  1
ANTRE\P2.9 m2
 72
1
 11
566478.2058040058
 21
4178582.68329927
 31
0.0
100
AcDbText
 73
2
  0
TEXT
  5
B1E
330
1F
100
AcDbEntity
  8
TASLAK_MEKAN
100
AcDbText
 10
566480.0783976506
 20
4178582.7946507772
 30
0.0
 40
0.26
  1
BANYO/WC\P4.8 m2
 72
1
 11
566480.0783976506
 21
4178582.7946507772
 31
0.0
100
AcDbText
 73
2
  0
TEXT
  5
B1F
330
1F
100
AcDbEntity
  8
TASLAK_MEKAN
100
AcDbText
 10
566479.595902602
 20
4178579.1145376842
 30
0.0
 40
0.26
  1
MUTFAK + SALON\P19.7 m2
 72
1
 11
566479.595902602
 21
4178579.1145376842
 31
0.0
100
AcDbText
 73
2
  0
LINE
  5
B20
330
1F
100
AcDbEntity
  8
TASLAK_MERDIVEN
100
AcDbLine
 10
566481.6031829466
 20
4178576.959904874
 30
0.0
 11
566482.6513314857
 21
4178577.022231754
 31
0.0
  0
LINE
  5
B21
330
1F
100
AcDbEntity
  8
TASLAK_MERDIVEN
100
AcDbLine
 10
566481.5873936774
 20
4178577.2255453286
 30
0.0
 11
566482.6355422166
 21
4178577.2878722083
 31
0.0
  0
LINE
  5
B22
330
1F
100
AcDbEntity
  8
TASLAK_MERDIVEN
100
AcDbLine
 10
566481.5716044083
 20
4178577.491185783
 30
0.0
 11
566482.6197529475
 21
4178577.5535126626
 31
0.0
  0
LINE
  5
B23
330
1F
100
AcDbEntity
  8
TASLAK_MERDIVEN
100
AcDbLine
 10
566481.5558151392
 20
4178577.756826238
 30
0.0
 11
566482.6039636784
 21
4178577.8191531175
 31
0.0
  0
LINE
  5
B24
330
1F
100
AcDbEntity
  8
TASLAK_MERDIVEN
100
AcDbLine
 10
566481.5400258701
 20
4178578.022466692
 30
0.0
 11
566482.5881744092
 21
4178578.084793572
 31
0.0
  0
LINE
  5
B25
330
1F
100
AcDbEntity
  8
TASLAK_MERDIVEN
100
AcDbLine
 10
566481.524236601
 20
4178578.288107147
 30
0.0
 11
566482.5723851401
 21
4178578.3504340267
 31
0.0
  0
LINE
  5
B26
330
1F
100
AcDbEntity
  8
TASLAK_MERDIVEN
100
AcDbLine
 10
566481.5084473318
 20
4178578.5537476013
 30
0.0
 11
566482.556595871
 21
4178578.616074481
 31
0.0
  0
LINE
  5
B27
330
1F
100
AcDbEntity
  8
TASLAK_MERDIVEN
100
AcDbLine
 10
566481.4926580627
 20
4178578.819388056
 30
0.0
 11
566482.5408066019
 21
4178578.881714936
 31
0.0
  0
LINE
  5
B28
330
1F
100
AcDbEntity
  8
TASLAK_MERDIVEN
100
AcDbLine
 10
566481.4768687936
 20
4178579.0850285105
 30
0.0
 11
566482.5250173328
 21
4178579.1473553902
 31
0.0
  0
LINE
  5
B29
330
1F
100
AcDbEntity
  8
TASLAK_MERDIVEN
100
AcDbLine
 10
566481.4610795245
 20
4178579.350668965
 30
0.0
 11
566482.5092280636
 21
4178579.4129958446
 31
0.0
  0
LINE
  5
B2A
330
1F
100
AcDbEntity
  8
TASLAK_MERDIVEN
100
AcDbLine
 10
566481.4452902554
 20
4178579.6163094197
 30
0.0
 11
566482.4934387945
 21
4178579.6786362994
 31
0.0
  0
LINE
  5
B2B
330
1F
100
AcDbEntity
  8
TASLAK_MERDIVEN
100
AcDbLine
 10
566481.4295009862
 20
4178579.881949874
 30
0.0
 11
566482.4776495254
 21
4178579.944276754
 31
0.0
  0
LINE
  5
B2C
330
1F
100
AcDbEntity
  8
TASLAK_MERDIVEN
100
AcDbLine
 10
566481.4137117171
 20
4178580.147590329
 30
0.0
 11
566482.4618602563
 21
4178580.2099172086
 31
0.0
  0
LINE
  5
B2D
330
1F
100
AcDbEntity
  8
TASLAK_MERDIVEN
100
AcDbLine
 10
566481.397922448
 20
4178580.4132307833
 30
0.0
 11
566482.4460709871
 21
4178580.475557663
 31
0.0
  0
LINE
  5
B2E
330
1F
100
AcDbEntity
  8
TASLAK_MERDIVEN
100
AcDbLine
 10
566481.3821331789
 20
4178580.6788712377
 30
0.0
 11
566482.430281718
 21
4178580.7411981174
 31
0.0
  0
LINE
  5
B2F
330
1F
100
AcDbEntity
  8
TASLAK_MERDIVEN
100
AcDbLine
 10
566481.3663439096
 20
4178580.9445116925
 30
0.0
 11
566482.4144924488
 21
4178581.006838572
 31
0.0
  0
LINE
  5
B30
330
1F
100
AcDbEntity
  8
TASLAK_MERDIVEN
100
AcDbLine
 10
566481.3505546405
 20
4178581.210152147
 30
0.0
 11
566482.3987031797
 21
4178581.2724790266
 31
0.0
  0
LINE
  5
B31
330
1F
100
AcDbEntity
  8
TASLAK_MERDIVEN
100
AcDbLine
 10
566481.3347653714
 20
4178581.4757926017
 30
0.0
 11
566482.3829139106
 21
4178581.5381194814
 31
0.0
  0
LINE
  5
B32
330
1F
100
AcDbEntity
  8
TASLAK_MERDIVEN
100
AcDbLine
 10
566481.3189761023
 20
4178581.741433056
 30
0.0
 11
566482.3671246414
 21
4178581.803759936
 31
0.0
  0
LINE
  5
B33
330
1F
100
AcDbEntity
  8
TASLAK_MERDIVEN
100
AcDbLine
 10
566482.1272572161
 20
4178576.9910683143
 30
0.0
 11
566481.8430503719
 21
4178581.772596496
 31
0.0
  0
LINE
  5
B34
330
1F
100
AcDbEntity
  8
TASLAK_OK
100
AcDbLine
 10
566482.1064903941
 20
4178577.340451684
 30
0.0
 11
566481.8519504385
 21
4178581.6228607665
 31
0.0
  0
LINE
  5
B35
330
1F
100
AcDbEntity
  8
TASLAK_OK
100
AcDbLine
 10
566481.582146316
 20
4178581.1059339866
 30
0.0
 11
566481.8519504385
 21
4178581.6228607665
 31
0.0
  0
LINE
  5
B36
330
1F
100
AcDbEntity
  8
TASLAK_OK
100
AcDbLine
 10
566482.1810883384
 20
4178581.1415493465
 30
0.0
 11
566481.8519504385
 21
4178581.6228607665
 31
0.0
  0
TEXT
  5
B37
330
1F
100
AcDbEntity
  8
TASLAK_OK
100
AcDbText
 10
566481.9693645249
 20
4178579.64747286
 30
0.0
 40
0.22
  1
CIKIS
 50
93.40157289020107
 72
1
 11
566481.9693645249
 21
4178579.64747286
 31
0.0
100
AcDbText
 73
2
  0
LINE
  5
B38
330
1F
100
AcDbEntity
  8
TASLAK_PENCERE
100
AcDbLine
 10
566482.8331786933
 20
4178577.3335750005
 30
0.0
 11
566482.5845721154
 21
4178581.5161602627
 31
0.0
  0
LINE
  5
B39
330
1F
100
AcDbEntity
  8
TASLAK_PENCERE
100
AcDbLine
 10
566482.9928968052
 20
4178577.343068405
 30
0.0
 11
566482.6734605815
 21
4178577.324081596
 31
0.0
  0
LINE
  5
B3A
330
1F
100
AcDbEntity
  8
TASLAK_PENCERE
100
AcDbLine
 10
566482.7442902273
 20
4178581.5256536673
 30
0.0
 11
566482.4248540036
 21
4178581.506666858
 31
0.0
  0
LINE
  5
B3B
330
1F
100
AcDbEntity
  8
TASLAK_PENCERE
100
AcDbLine
 10
566482.7533196374
 20
4178577.3288282985
 30
0.0
 11
566482.5047130595
 21
4178581.5114135607
 31
0.0
  0
LINE
  5
B3C
330
1F
100
AcDbEntity
  8
TASLAK_PENCERE
100
AcDbLine
 10
566478.6892185976
 20
4178576.2356579974
 30
0.0
 11
566479.040401094
 21
4178576.2565406384
 31
0.0
  0
LINE
  5
B3D
330
1F
100
AcDbEntity
  8
TASLAK_PENCERE
100
AcDbLine
 10
566478.6987160271
 20
4178576.0759401247
 30
0.0
 11
566478.6797211681
 21
4178576.39537587
 31
0.0
  0
LINE
  5
B3E
330
1F
100
AcDbEntity
  8
TASLAK_PENCERE
100
AcDbLine
 10
566479.0498985235
 20
4178576.0968227657
 30
0.0
 11
566479.0309036645
 21
4178576.416258511
 31
0.0
  0
LINE
  5
B3F
330
1F
100
AcDbEntity
  8
TASLAK_PENCERE
100
AcDbLine
 10
566478.6844698829
 20
4178576.315516934
 30
0.0
 11
566479.0356523793
 21
4178576.3363995748
 31
0.0
  0
LINE
  5
B40
330
1F
100
AcDbEntity
  8
TASLAK_PENCERE
100
AcDbLine
 10
566479.4396957756
 20
4178576.2802842115
 30
0.0
 11
566481.2365218427
 21
4178576.387130291
 31
0.0
  0
LINE
  5
B41
330
1F
100
AcDbEntity
  8
TASLAK_PENCERE
100
AcDbLine
 10
566479.449193205
 20
4178576.1205663388
 30
0.0
 11
566479.4301983463
 21
4178576.4400020842
 31
0.0
  0
LINE
  5
B42
330
1F
100
AcDbEntity
  8
TASLAK_PENCERE
100
AcDbLine
 10
566481.246019272
 20
4178576.2274124185
 30
0.0
 11
566481.2270244133
 21
4178576.546848164
 31
0.0
  0
LINE
  5
B43
330
1F
100
AcDbEntity
  8
TASLAK_PENCERE
100
AcDbLine
 10
566479.434947061
 20
4178576.360143148
 30
0.0
 11
566481.231773128
 21
4178576.4669892276
 31
0.0
  0
LINE
  5
B44
330
1F
100
AcDbEntity
  8
TASLAK_PENCERE
100
AcDbLine
 10
566477.6316481164
 20
4178577.174537264
 30
0.0
 11
566477.4097417382
 21
4178580.9079153365
 31
0.0
  0
LINE
  5
B45
330
1F
100
AcDbEntity
  8
TASLAK_PENCERE
100
AcDbLine
 10
566477.7913662283
 20
4178577.1840306683
 30
0.0
 11
566477.4719300045
 21
4178577.1650438593
 31
0.0
  0
LINE
  5
B46
330
1F
100
AcDbEntity
  8
TASLAK_PENCERE
100
AcDbLine
 10
566477.5694598501
 20
4178580.917408741
 30
0.0
 11
566477.2500236264
 21
4178580.898421932
 31
0.0
  0
LINE
  5
B47
330
1F
100
AcDbEntity
  8
TASLAK_PENCERE
100
AcDbLine
 10
566477.5517890605
 20
4178577.169790562
 30
0.0
 11
566477.3298826823
 21
4178580.9031686345
 31
0.0
  0
LINE
  5
B48
330
1F
100
AcDbEntity
  8
TASLAK_PENCERE
100
AcDbLine
 10
566477.8336491174
 20
4178583.888333385
 30
0.0
 11
566478.5324148101
 21
4178583.929884638
 31
0.0
  0
LINE
  5
B49
330
1F
100
AcDbEntity
  8
TASLAK_PENCERE
100
AcDbLine
 10
566477.8431465467
 20
4178583.728615512
 30
0.0
 11
566477.824151688
 21
4178584.0480512576
 31
0.0
  0
LINE
  5
B4A
330
1F
100
AcDbEntity
  8
TASLAK_PENCERE
100
AcDbLine
 10
566478.5419122395
 20
4178583.7701667654
 30
0.0
 11
566478.5229173808
 21
4178584.089602511
 31
0.0
  0
LINE
  5
B4B
330
1F
100
AcDbEntity
  8
TASLAK_PENCERE
100
AcDbLine
 10
566477.8289004028
 20
4178583.9681923212
 30
0.0
 11
566478.5276660955
 21
4178584.0097435745
 31
0.0
  0
LINE
  5
B4C
330
1F
100
AcDbEntity
  8
TASLAK_PENCERE
100
AcDbLine
 10
566479.2311805029
 20
4178583.9714358915
 30
0.0
 11
566480.780247044
 21
4178584.0635492518
 31
0.0
  0
LINE
  5
B4D
330
1F
100
AcDbEntity
  8
TASLAK_PENCERE
100
AcDbLine
 10
566479.2406779322
 20
4178583.8117180187
 30
0.0
 11
566479.2216830737
 21
4178584.131153764
 31
0.0
  0
LINE
  5
B4E
330
1F
100
AcDbEntity
  8
TASLAK_PENCERE
100
AcDbLine
 10
566480.7897444733
 20
4178583.903831379
 30
0.0
 11
566480.7707496148
 21
4178584.2232671245
 31
0.0
  0
LINE
  5
B4F
330
1F
100
AcDbEntity
  8
TASLAK_PENCERE
100
AcDbLine
 10
566479.2264317883
 20
4178584.051294828
 30
0.0
 11
566480.7754983294
 21
4178584.143408188
 31
0.0
  0
LINE
  5
B50
330
1F
100
AcDbEntity
  8
TASLAK_PENCERE
100
AcDbLine
 10
566477.59604785
 20
4178577.7734801834
 30
0.0
 11
566477.391941605
 21
4178581.2073867964
 31
0.0
  0
LINE
  5
B51
330
1F
100
AcDbEntity
  8
TASLAK_PENCERE
100
AcDbLine
 10
566477.7557659618
 20
4178577.782973588
 30
0.0
 11
566477.4363297381
 21
4178577.763986779
 31
0.0
  0
LINE
  5
B52
330
1F
100
AcDbEntity
  8
TASLAK_PENCERE
100
AcDbLine
 10
566477.5516597169
 20
4178581.216880201
 30
0.0
 11
566477.2322234932
 21
4178581.197893392
 31
0.0
  0
LINE
  5
B53
330
1F
100
AcDbEntity
  8
TASLAK_PENCERE
100
AcDbLine
 10
566477.516188794
 20
4178577.7687334814
 30
0.0
 11
566477.3120825491
 21
4178581.2026400943
 31
0.0
  0
LINE
  5
B54
330
1F
100
AcDbEntity
  8
TASLAK_KAPI
100
AcDbLine
 10
566477.733825447
 20
4178583.8823974915
 30
0.0
 11
566478.6322384806
 21
4178583.9358205316
 31
0.0
  0
ARC
  5
B55
330
1F
100
AcDbEntity
  8
TASLAK_KAPI
100
AcDbCircle
 10
566477.733825447
 20
4178583.8823974915
 30
0.0
 40
0.9000000000593961
100
AcDbArc
 50
0.0
 51
90.0
  0
LINE
  5
B56
330
1F
100
AcDbEntity
  8
TASLAK_KAPI
100
AcDbLine
 10
566478.9386866206
 20
4178582.150863559
 30
0.0
 11
566478.8882529098
 21
4178582.9993660282
 31
0.0
  0
ARC
  5
B57
330
1F
100
AcDbEntity
  8
TASLAK_KAPI
100
AcDbCircle
 10
566478.9386866206
 20
4178582.150863559
 30
0.0
 40
0.8499999997098714
100
AcDbArc
 50
0.0
 51
90.0
  0
LINE
  5
B58
330
1F
100
AcDbEntity
  8
TASLAK_KAPI
100
AcDbLine
 10
566478.0569914199
 20
4178581.64763974
 30
0.0
 11
566478.9554044533
 21
4178581.70106278
 31
0.0
  0
ARC
  5
B59
330
1F
100
AcDbEntity
  8
TASLAK_KAPI
100
AcDbCircle
 10
566478.0569914199
 20
4178581.64763974
 30
0.0
 40
0.899999999943186
100
AcDbArc
 50
0.0
 51
90.0
  0
LWPOLYLINE
  5
B5A
330
1F
100
AcDbEntity
  8
TASLAK_ASMAKAT
  6
KESIKLI
100
AcDbPolyline
 90
4
 70
1
 10
566478.8176654056
 20
4178577.4454156235
 10
566481.5646159913
 20
4178577.6087597036
 10
566481.3130427246
 20
4178581.841256876
 10
566478.5660921389
 20
4178581.677912796
  0
TEXT
  5
B5B
330
1F
100
AcDbEntity
  8
TASLAK_ASMAKAT
100
AcDbText
 10
566480.0653540652
 20
4178579.6433362495
 30
0.0
 40
0.2
  1
ASMA KAT (YATAK ODASI)
 50
3.4030167565118017
 72
1
 11
566480.0653540652
 21
4178579.6433362495
 31
0.0
100
AcDbText
 73
2
  0
LINE
  5
B5C
330
1F
100
AcDbEntity
  8
TASLAK_GIRIS
100
AcDbLine
 10
566479.8310223504
 20
4178584.007104758
 30
0.0
 11
566479.7538884399
 21
4178585.3048144174
 31
0.0
  0
LINE
  5
B5D
330
1F
100
AcDbEntity
  8
TASLAK_GIRIS
100
AcDbLine
 10
566479.4811176283
 20
4178584.837799548
 30
0.0
 11
566479.8310223504
 21
4178584.007104758
 31
0.0
  0
LINE
  5
B5E
330
1F
100
AcDbEntity
  8
TASLAK_GIRIS
100
AcDbLine
 10
566480.0800596507
 20
4178584.8734149076
 30
0.0
 11
566479.8310223504
 21
4178584.007104758
 31
0.0
  0
TEXT
  5
B5F
330
1F
100
AcDbEntity
  8
TASLAK_GIRIS
100
AcDbText
 10
566479.7301549289
 20
4178585.704109697
 30
0.0
 40
0.24
  1
GIRIS
 50
3.4030167565118017
 72
1
 11
566479.7301549289
 21
4178585.704109697
 31
0.0
100
AcDbText
 73
2
  0
LWPOLYLINE
  5
B60
330
1F
100
AcDbEntity
  8
TASLAK_DUVAR
100
AcDbPolyline
 90
4
 70
1
 10
566469.5457773148
 20
4178578.3866697266
 10
566477.5316679467
 20
4178578.861591633
 10
566477.2348417556
 20
4178583.852773278
 10
566469.2489511237
 20
4178583.3778513717
  0
LWPOLYLINE
  5
B61
330
1F
100
AcDbEntity
  8
TASLAK_DUVAR
100
AcDbPolyline
 90
4
 70
1
 10
566469.733551533
 20
4178578.5981900403
 10
566477.3201476332
 20
4178579.049365851
 10
566477.0470675374
 20
4178583.6412529643
 10
566469.4604714372
 20
4178583.1900771535
  0
LINE
  5
B62
330
1F
100
AcDbEntity
  8
TASLAK_DUVAR
100
AcDbLine
 10
566469.6148210565
 20
4178580.5946626985
 30
0.0
 11
566477.2014171567
 21
4178581.045838509
 31
0.0
  0
LINE
  5
B63
330
1F
100
AcDbEntity
  8
TASLAK_DUVAR
100
AcDbLine
 10
566469.6207575804
 20
4178580.4948390652
 30
0.0
 11
566477.2073536806
 21
4178580.946014876
 31
0.0
  0
LINE
  5
B64
330
1F
100
AcDbEntity
  8
TASLAK_DUVAR
100
AcDbLine
 10
566474.8744686273
 20
4178578.9039210174
 30
0.0
 11
566474.7616746747
 21
4178580.8005700423
 31
0.0
  0
LINE
  5
B65
330
1F
100
AcDbEntity
  8
TASLAK_DUVAR
100
AcDbLine
 10
566474.9742922601
 20
4178578.9098575413
 30
0.0
 11
566474.8614983076
 21
4178580.8065065662
 31
0.0
  0
LINE
  5
B66
330
1F
100
AcDbEntity
  8
TASLAK_DUVAR
100
AcDbLine
 10
566470.9154965461
 20
4178580.6219256916
 30
0.0
 11
566470.7581786648
 21
4178583.2672519633
 31
0.0
  0
LINE
  5
B67
330
1F
100
AcDbEntity
  8
TASLAK_DUVAR
100
AcDbLine
 10
566471.0153201789
 20
4178580.6278622155
 30
0.0
 11
566470.8580022977
 21
4178583.273188487
 31
0.0
  0
LINE
  5
B68
330
1F
100
AcDbEntity
  8
TASLAK_DUVAR
100
AcDbLine
 10
566472.8121455711
 20
4178580.7347196443
 30
0.0
 11
566472.6548276899
 21
4178583.380045916
 31
0.0
  0
LINE
  5
B69
330
1F
100
AcDbEntity
  8
TASLAK_DUVAR
100
AcDbLine
 10
566472.911969204
 20
4178580.740656168
 30
0.0
 11
566472.7546513227
 21
4178583.38598244
 31
0.0
  0
TEXT
  5
B6A
330
1F
100
AcDbEntity
  8
TASLAK_MEKAN
100
AcDbText
 10
566473.4689684759
 20
4178579.797058367
 30
0.0
 40
0.26
  1
MUTFAK + SALON\P14.8 m2
 72
1
 11
566473.4689684759
 21
4178579.797058367
 31
0.0
100
AcDbText
 73
2
  0
TEXT
  5
B6B
330
1F
100
AcDbEntity
  8
TASLAK_MEKAN
100
AcDbText
 10
566470.2129398999
 20
4178581.9074855535
 30
0.0
 40
0.26
  1
ANTRE\P3.6 m2
 72
1
 11
566470.2129398999
 21
4178581.9074855535
 31
0.0
100
AcDbText
 73
2
  0
TEXT
  5
B6C
330
1F
100
AcDbEntity
  8
TASLAK_MEKAN
100
AcDbText
 10
566471.8350739344
 20
4178582.003954066
 30
0.0
 40
0.26
  1
BANYO/WC\P5.0 m2
 72
1
 11
566471.8350739344
 21
4178582.003954066
 31
0.0
100
AcDbText
 73
2
  0
CIRCLE
  5
B6D
330
1F
100
AcDbEntity
  8
TASLAK_MERDIVEN
100
AcDbCircle
 10
566476.0612528921
 20
4178582.530771319
 30
0.0
 40
0.85
  0
LINE
  5
B6E
330
1F
100
AcDbEntity
  8
TASLAK_MERDIVEN
100
AcDbLine
 10
566476.0612528921
 20
4178582.530771319
 30
0.0
 11
566476.9097537718
 21
4178582.5812317715
 31
0.0
  0
LINE
  5
B6F
330
1F
100
AcDbEntity
  8
TASLAK_MERDIVEN
100
AcDbLine
 10
566476.0612528921
 20
4178582.530771319
 30
0.0
 11
566476.7708459828
 21
4178582.998721793
 31
0.0
  0
LINE
  5
B70
330
1F
100
AcDbEntity
  8
TASLAK_MERDIVEN
100
AcDbLine
 10
566476.0612528921
 20
4178582.530771319
 30
0.0
 11
566476.4418032982
 21
4178583.290824862
 31
0.0
  0
LINE
  5
B71
330
1F
100
AcDbEntity
  8
TASLAK_MERDIVEN
100
AcDbLine
 10
566476.0612528921
 20
4178582.530771319
 30
0.0
 11
566476.0107924396
 21
4178583.379272199
 31
0.0
  0
LINE
  5
B72
330
1F
100
AcDbEntity
  8
TASLAK_MERDIVEN
100
AcDbLine
 10
566476.0612528921
 20
4178582.530771319
 30
0.0
 11
566475.5933024186
 21
4178583.24036441
 31
0.0
  0
LINE
  5
B73
330
1F
100
AcDbEntity
  8
TASLAK_MERDIVEN
100
AcDbLine
 10
566476.0612528921
 20
4178582.530771319
 30
0.0
 11
566475.3011993491
 21
4178582.911321725
 31
0.0
  0
LINE
  5
B74
330
1F
100
AcDbEntity
  8
TASLAK_MERDIVEN
100
AcDbLine
 10
566476.0612528921
 20
4178582.530771319
 30
0.0
 11
566475.2127520125
 21
4178582.480310866
 31
0.0
  0
LINE
  5
B75
330
1F
100
AcDbEntity
  8
TASLAK_MERDIVEN
100
AcDbLine
 10
566476.0612528921
 20
4178582.530771319
 30
0.0
 11
566475.3516598016
 21
4178582.0628208453
 31
0.0
  0
LINE
  5
B76
330
1F
100
AcDbEntity
  8
TASLAK_MERDIVEN
100
AcDbLine
 10
566476.0612528921
 20
4178582.530771319
 30
0.0
 11
566475.6807024861
 21
4178581.770717776
 31
0.0
  0
LINE
  5
B77
330
1F
100
AcDbEntity
  8
TASLAK_MERDIVEN
100
AcDbLine
 10
566476.0612528921
 20
4178582.530771319
 30
0.0
 11
566476.1117133446
 21
4178581.6822704393
 31
0.0
  0
LINE
  5
B78
330
1F
100
AcDbEntity
  8
TASLAK_MERDIVEN
100
AcDbLine
 10
566476.0612528921
 20
4178582.530771319
 30
0.0
 11
566476.5292033657
 21
4178581.821178228
 31
0.0
  0
LINE
  5
B79
330
1F
100
AcDbEntity
  8
TASLAK_MERDIVEN
100
AcDbLine
 10
566476.0612528921
 20
4178582.530771319
 30
0.0
 11
566476.8213064353
 21
4178582.150220913
 31
0.0
  0
CIRCLE
  5
B7A
330
1F
100
AcDbEntity
  8
TASLAK_MERDIVEN
100
AcDbCircle
 10
566476.0612528921
 20
4178582.530771319
 30
0.0
 40
0.09
  0
LINE
  5
B7B
330
1F
100
AcDbEntity
  8
TASLAK_OK
100
AcDbLine
 10
566475.6223306572
 20
4178582.0363425864
 30
0.0
 11
566476.5001751271
 21
4178583.0252000517
 31
0.0
  0
LINE
  5
B7C
330
1F
100
AcDbEntity
  8
TASLAK_OK
100
AcDbLine
 10
566476.1946215424
 20
4178583.151784043
 30
0.0
 11
566476.5001751271
 21
4178583.0252000517
 31
0.0
  0
LINE
  5
B7D
330
1F
100
AcDbEntity
  8
TASLAK_OK
100
AcDbLine
 10
566476.662081435
 20
4178582.736803021
 30
0.0
 11
566476.5001751271
 21
4178583.0252000517
 31
0.0
  0
TEXT
  5
B7E
330
1F
100
AcDbEntity
  8
TASLAK_OK
100
AcDbText
 10
566475.6370024524
 20
4178582.5055410927
 30
0.0
 40
0.22
  1
CIKIS
 50
93.40337864879525
 72
1
 11
566475.6370024524
 21
4178582.5055410927
 31
0.0
100
AcDbText
 73
2
  0
LINE
  5
B7F
330
1F
100
AcDbEntity
  8
TASLAK_PENCERE
100
AcDbLine
 10
566470.5440136438
 20
4178578.4460349646
 30
0.0
 11
566474.7366062256
 21
4178578.6953689656
 31
0.0
  0
LINE
  5
B80
330
1F
100
AcDbEntity
  8
TASLAK_PENCERE
100
AcDbLine
 10
566470.5535120819
 20
4178578.286317152
 30
0.0
 11
566470.5345152057
 21
4178578.6057527773
 31
0.0
  0
LINE
  5
B81
330
1F
100
AcDbEntity
  8
TASLAK_PENCERE
100
AcDbLine
 10
566474.7461046637
 20
4178578.535651153
 30
0.0
 11
566474.7271077875
 21
4178578.8550867783
 31
0.0
  0
LINE
  5
B82
330
1F
100
AcDbEntity
  8
TASLAK_PENCERE
100
AcDbLine
 10
566470.5392644247
 20
4178578.5258938707
 30
0.0
 11
566474.7318570066
 21
4178578.7752278717
 31
0.0
  0
LINE
  5
B83
330
1F
100
AcDbEntity
  8
TASLAK_PENCERE
100
AcDbLine
 10
566475.1359007572
 20
4178578.719115061
 30
0.0
 11
566476.9327261493
 21
4178578.82597249
 31
0.0
  0
LINE
  5
B84
330
1F
100
AcDbEntity
  8
TASLAK_PENCERE
100
AcDbLine
 10
566475.1453991953
 20
4178578.5593972486
 30
0.0
 11
566475.1264023191
 21
4178578.878832874
 31
0.0
  0
LINE
  5
B85
330
1F
100
AcDbEntity
  8
TASLAK_PENCERE
100
AcDbLine
 10
566476.9422245874
 20
4178578.6662546773
 30
0.0
 11
566476.9232277112
 21
4178578.9856903027
 31
0.0
  0
LINE
  5
B86
330
1F
100
AcDbEntity
  8
TASLAK_PENCERE
100
AcDbLine
 10
566475.1311515381
 20
4178578.7989739673
 30
0.0
 11
566476.9279769303
 21
4178578.905831396
 31
0.0
  0
LINE
  5
B87
330
1F
100
AcDbEntity
  8
TASLAK_PENCERE
100
AcDbLine
 10
566469.4864120766
 20
4178579.3849060554
 30
0.0
 11
566469.4537611955
 21
4178579.9339360367
 31
0.0
  0
LINE
  5
B88
330
1F
100
AcDbEntity
  8
TASLAK_PENCERE
100
AcDbLine
 10
566469.6461298893
 20
4178579.3944044937
 30
0.0
 11
566469.326694264
 21
4178579.375407617
 31
0.0
  0
LINE
  5
B89
330
1F
100
AcDbEntity
  8
TASLAK_PENCERE
100
AcDbLine
 10
566469.6134790082
 20
4178579.943434475
 30
0.0
 11
566469.2940433829
 21
4178579.9244375983
 31
0.0
  0
LINE
  5
B8A
330
1F
100
AcDbEntity
  8
TASLAK_PENCERE
100
AcDbLine
 10
566469.4065531703
 20
4178579.3801568365
 30
0.0
 11
566469.3739022892
 21
4178579.9291868177
 31
0.0
  0
LINE
  5
B8B
330
1F
100
AcDbEntity
  8
TASLAK_PENCERE
100
AcDbLine
 10
566469.8478929211
 20
4178583.4134705146
 30
0.0
 11
566470.496746535
 21
4178583.4520579195
 31
0.0
  0
LINE
  5
B8C
330
1F
100
AcDbEntity
  8
TASLAK_PENCERE
100
AcDbLine
 10
566469.8573913592
 20
4178583.253752702
 30
0.0
 11
566469.838394483
 21
4178583.5731883273
 31
0.0
  0
LINE
  5
B8D
330
1F
100
AcDbEntity
  8
TASLAK_PENCERE
100
AcDbLine
 10
566470.506244973
 20
4178583.292340107
 30
0.0
 11
566470.4872480968
 21
4178583.611775732
 31
0.0
  0
LINE
  5
B8E
330
1F
100
AcDbEntity
  8
TASLAK_PENCERE
100
AcDbLine
 10
566469.843143702
 20
4178583.4933294207
 30
0.0
 11
566470.4919973159
 21
4178583.5319168256
 31
0.0
  0
LINE
  5
B8F
330
1F
100
AcDbEntity
  8
TASLAK_PENCERE
100
AcDbLine
 10
566471.1456001487
 20
4178583.4906453243
 30
0.0
 11
566472.3434837435
 21
4178583.56188361
 31
0.0
  0
LINE
  5
B90
330
1F
100
AcDbEntity
  8
TASLAK_PENCERE
100
AcDbLine
 10
566471.1550985868
 20
4178583.3309275117
 30
0.0
 11
566471.1361017106
 21
4178583.650363137
 31
0.0
  0
LINE
  5
B91
330
1F
100
AcDbEntity
  8
TASLAK_PENCERE
100
AcDbLine
 10
566472.3529821816
 20
4178583.4021657975
 30
0.0
 11
566472.3339853054
 21
4178583.721601423
 31
0.0
  0
LINE
  5
B92
330
1F
100
AcDbEntity
  8
TASLAK_PENCERE
100
AcDbLine
 10
566471.1408509297
 20
4178583.5705042304
 30
0.0
 11
566472.3387345244
 21
4178583.6417425163
 31
0.0
  0
LINE
  5
B93
330
1F
100
AcDbEntity
  8
TASLAK_PENCERE
100
AcDbLine
 10
566473.0921609902
 20
4178583.606407539
 30
0.0
 11
566476.6358999582
 21
4178583.817154135
 31
0.0
  0
LINE
  5
B94
330
1F
100
AcDbEntity
  8
TASLAK_PENCERE
100
AcDbLine
 10
566473.1016594283
 20
4178583.4466897263
 30
0.0
 11
566473.0826625521
 21
4178583.7661253517
 31
0.0
  0
LINE
  5
B95
330
1F
100
AcDbEntity
  8
TASLAK_PENCERE
100
AcDbLine
 10
566476.6453983963
 20
4178583.6574363224
 30
0.0
 11
566476.6264015201
 21
4178583.9768719478
 31
0.0
  0
LINE
  5
B96
330
1F
100
AcDbEntity
  8
TASLAK_PENCERE
100
AcDbLine
 10
566473.0874117712
 20
4178583.686266445
 30
0.0
 11
566476.6311507392
 21
4178583.897013041
 31
0.0
  0
LINE
  5
B97
330
1F
100
AcDbEntity
  8
TASLAK_KAPI
100
AcDbLine
 10
566469.7480692882
 20
4178583.4075339907
 30
0.0
 11
566470.6464819843
 21
4178583.4609627053
 31
0.0
  0
ARC
  5
B98
330
1F
100
AcDbEntity
  8
TASLAK_KAPI
100
AcDbCircle
 10
566469.7480692882
 20
4178583.4075339907
 30
0.0
 40
0.9000000000195653
100
AcDbArc
 50
0.0
 51
90.0
  0
LINE
  5
B99
330
1F
100
AcDbEntity
  8
TASLAK_KAPI
100
AcDbLine
 10
566470.9386940054
 20
4178581.0741003016
 30
0.0
 11
566470.8912018148
 21
4178581.872689365
 31
0.0
  0
ARC
  5
B9A
330
1F
100
AcDbEntity
  8
TASLAK_KAPI
100
AcDbCircle
 10
566470.9386940054
 20
4178581.0741003016
 30
0.0
 40
0.8000000001623554
100
AcDbArc
 50
0.0
 51
90.0
  0
LINE
  5
B9B
330
1F
100
AcDbEntity
  8
TASLAK_KAPI
100
AcDbLine
 10
566470.0894559838
 20
4178580.5728009567
 30
0.0
 11
566470.9878686799
 21
4178580.6262296713
 31
0.0
  0
ARC
  5
B9C
330
1F
100
AcDbEntity
  8
TASLAK_KAPI
100
AcDbCircle
 10
566470.0894559838
 20
4178580.5728009567
 30
0.0
 40
0.9000000000195653
100
AcDbArc
 50
0.0
 51
90.0
  0
LWPOLYLINE
  5
B9D
330
1F
100
AcDbEntity
  8
TASLAK_ASMAKAT
  6
KESIKLI
100
AcDbPolyline
 90
4
 70
1
 10
566469.6166957483
 20
4178580.563139446
 10
566477.2032918485
 20
4178581.014315257
 10
566477.0470675374
 20
4178583.6412529643
 10
566469.4604714372
 20
4178583.1900771535
  0
TEXT
  5
B9E
330
1F
100
AcDbEntity
  8
TASLAK_ASMAKAT
100
AcDbText
 10
566473.3318816428
 20
4178582.1021962054
 30
0.0
 40
0.2
  1
ASMA KAT (YATAK ODASI)
 50
3.403378652879357
 72
1
 11
566473.3318816428
 21
4178582.1021962054
 31
0.0
100
AcDbText
 73
2
  0
LINE
  5
B9F
330
1F
100
AcDbEntity
  8
TASLAK_GIRIS
100
AcDbLine
 10
566473.2418964397
 20
4178583.615312325
 30
0.0
 11
566473.16472163
 21
4178584.9130195524
 31
0.0
  0
LINE
  5
BA0
330
1F
100
AcDbEntity
  8
TASLAK_GIRIS
100
AcDbLine
 10
566472.8919650886
 20
4178584.4460036326
 30
0.0
 11
566473.2418964397
 21
4178583.615312325
 31
0.0
  0
LINE
  5
BA1
330
1F
100
AcDbEntity
  8
TASLAK_GIRIS
100
AcDbLine
 10
566473.4909068858
 20
4178584.481622776
 30
0.0
 11
566473.2418964397
 21
4178583.615312325
 31
0.0
  0
TEXT
  5
BA2
330
1F
100
AcDbEntity
  8
TASLAK_GIRIS
100
AcDbText
 10
566473.1409755347
 20
4178585.3123140843
 30
0.0
 40
0.24
  1
GIRIS
 50
3.403378652879357
 72
1
 11
566473.1409755347
 21
4178585.3123140843
 31
0.0
100
AcDbText
 73
2
  0
TEXT
  5
BA3
330
1F
100
AcDbEntity
  8
TASLAK_NOT
100
AcDbText
 10
566410.5682427351
 20
4178542.909202774
 30
0.0
 40
0.5
  1
COZUM: STUDYO + ASMA KAT.  Zemin = MUTFAK+SALON + BANYO/WC + MERDIVEN + ANTRE.  YATAK ODASI = ASMA KAT 20 m2.
 11
566410.5682427351
 21
4178542.909202774
 31
0.0
100
AcDbText
  0
TEXT
  5
BA4
330
1F
100
AcDbEntity
  8
TASLAK_NOT
100
AcDbText
 10
566410.5682427351
 20
4178542.009202774
 30
0.0
 40
0.5
  1
PAIY asgari: yasama(salon)>=12 m2 (dar kenar>=3.0) | mutfak>=3.3 (>=1.5) | banyo>=3.0 (>=1.2) | antre/hol net>=1.20
 11
566410.5682427351
 21
4178542.009202774
 31
0.0
100
AcDbText
  0
TEXT
  5
BA5
330
1F
100
AcDbEntity
  8
TASLAK_NOT
100
AcDbText
 10
566410.5682427351
 20
4178541.1092027742
 30
0.0
 40
0.5
  1
Duz merdiven kolu net>=1.00 m, rihtiye<=0.175, basamak>=0.28 | Doner merdiven yalniz tek bagimsiz bolume hizmet (asma kat) - Ø>=1.60 m
 11
566410.5682427351
 21
4178541.1092027742
 31
0.0
100
AcDbText
  0
TEXT
  5
BA6
330
1F
100
AcDbEntity
  8
TASLAK_NOT
100
AcDbText
 10
566410.5682427351
 20
4178540.209202774
 30
0.0
 40
0.5
  1
Dis duvar 0.20 / ic duvar 0.10 m | Konut kat h>=2.80 m (net>=2.40) | Asma kat salon uzeri, cephelerden >=1.00 m geride
 11
566410.5682427351
 21
4178540.209202774
 31
0.0
100
AcDbText
  0
TEXT
  5
BA7
330
1F
100
AcDbEntity
  8
TASLAK_NOT
100
AcDbText
 10
566410.5682427351
 20
4178539.309202774
 30
0.0
 40
0.5
  1
Her piyeste dis cepheye pencere; pencere alani >= piyes tabani / 8 | SALON GUNEY cephede
 11
566410.5682427351
 21
4178539.309202774
 31
0.0
100
AcDbText
  0
TEXT
  5
BA8
330
1F
100
AcDbEntity
  8
TASLAK_NOT
100
AcDbText
 10
566410.5682427351
 20
4178538.409202774
 30
0.0
 40
0.5
  1
Zeminde AYRI yatak odasi (10 m2) sarti varsa 40 m2 yetmez -> 2 birim birlestir (80 m2).
 11
566410.5682427351
 21
4178538.409202774
 31
0.0
100
AcDbText
  0
ENDSEC
  0
SECTION
  2
OBJECTS
  0
DICTIONARY
  5
C
330
0
100
AcDbDictionary
281
1
  3
ACAD_DETAILVIEWSTYLE
350
24D
  3
ACAD_GROUP
350
D
  3
ACAD_LAYOUT
350
1A
  3
ACAD_MATERIAL
350
43
  3
ACAD_MLEADERSTYLE
350
6B
  3
ACAD_MLINESTYLE
350
17
  3
ACAD_PLOTSETTINGS
350
19
  3
ACAD_PLOTSTYLENAME
350
E
  3
ACAD_SCALELIST
350
47
  3
ACAD_SECTIONVIEWSTYLE
350
24E
  3
ACAD_TABLESTYLE
350
69
  3
ACAD_VISUALSTYLE
350
2A
  3
ACDB_RECOMPOSE_DATA
350
24A
  3
AcDbVariableDictionary
350
20A
  3
ACAD_COLOR
350
271
  3
EZDXF_META
350
BAB
  0
DICTIONARY
  5
208
330
8
100
AcDbDictionary
280
1
281
1
  3
ACAD_XREC_ROUNDTRIP
360
209
  0
DICTIONARY
  5
24D
102
{ACAD_REACTORS
330
C
102
}
330
C
100
AcDbDictionary
281
1
  0
DICTIONARY
  5
D
102
{ACAD_REACTORS
330
C
102
}
330
C
100
AcDbDictionary
281
1
  0
DICTIONARY
  5
1A
102
{ACAD_REACTORS
330
C
102
}
330
C
100
AcDbDictionary
281
1
  3
Layout1
350
1E
  3
Layout2
350
26
  3
Model
350
22
  0
DICTIONARY
  5
43
102
{ACAD_REACTORS
330
C
102
}
330
C
100
AcDbDictionary
281
1
  3
ByBlock
350
45
  3
ByLayer
350
44
  3
Global
350
46
  0
DICTIONARY
  5
6B
102
{ACAD_REACTORS
330
C
102
}
330
C
100
AcDbDictionary
281
1
  3
Standard
350
6C
  0
DICTIONARY
  5
17
102
{ACAD_REACTORS
330
C
102
}
330
C
100
AcDbDictionary
281
1
  3
Standard
350
18
  0
DICTIONARY
  5
19
102
{ACAD_REACTORS
330
C
102
}
330
C
100
AcDbDictionary
281
1
  0
ACDBDICTIONARYWDFLT
  5
E
102
{ACAD_REACTORS
330
C
102
}
330
C
100
AcDbDictionary
281
1
  3
Normal
350
F
100
AcDbDictionaryWithDefault
340
F
  0
DICTIONARY
  5
47
102
{ACAD_REACTORS
330
C
102
}
330
C
100
AcDbDictionary
281
1
  3
A0
350
48
  3
A1
350
49
  3
A2
350
4A
  3
A3
350
4B
  3
A4
350
4C
  3
A5
350
4D
  3
A6
350
4E
  3
A7
350
4F
  3
A8
350
50
  3
A9
350
51
  3
B0
350
52
  3
B1
350
53
  3
B2
350
54
  3
B3
350
55
  3
B4
350
56
  3
B5
350
57
  3
B6
350
58
  3
B7
350
59
  3
B8
350
5A
  3
B9
350
5B
  3
C0
350
5C
  3
C1
350
5D
  3
C2
350
5E
  3
C3
350
5F
  3
C4
350
60
  3
C5
350
61
  3
C6
350
62
  3
C7
350
63
  3
C8
350
64
  3
C9
350
65
  3
D0
350
66
  3
D1
350
67
  3
D2
350
68
  0
DICTIONARY
  5
24E
102
{ACAD_REACTORS
330
C
102
}
330
C
100
AcDbDictionary
281
1
  0
DICTIONARY
  5
69
102
{ACAD_REACTORS
330
C
102
}
330
C
100
AcDbDictionary
281
1
  3
Standard
350
6A
  0
DICTIONARY
  5
2A
102
{ACAD_REACTORS
330
C
102
}
330
C
100
AcDbDictionary
281
1
  3
2dWireframe
350
2F
  3
Basic
350
32
  3
Brighten
350
36
  3
ColorChange
350
3A
  3
Conceptual
350
34
  3
Dim
350
35
  3
EdgeColorOff
350
3D
  3
Facepattern
350
39
  3
Flat
350
2B
  3
FlatWithEdges
350
2C
  3
Gouraud
350
2D
  3
GouraudWithEdges
350
2E
  3
Hidden
350
31
  3
JitterOff
350
3B
  3
Linepattern
350
38
  3
OverhangOff
350
3C
  3
Realistic
350
33
  3
Shaded
350
42
  3
Shaded with edges
350
41
  3
Shades of Gray
350
3E
  3
Sketchy
350
3F
  3
Thicken
350
37
  3
Wireframe
350
30
  3
X-Ray
350
40
  0
XRECORD
  5
24A
102
{ACAD_REACTORS
330
C
102
}
330
C
100
AcDbXrecord
280
1
 90
1
330
6A
  0
DICTIONARY
  5
20A
102
{ACAD_REACTORS
330
C
102
}
330
C
100
AcDbDictionary
281
1
  3
CANNOSCALE
350
20B
  3
CENTEREXE
350
24F
  3
CENTERLTYPEFILE
350
250
  3
CMLEADERSTYLE
350
24C
  3
CTABLESTYLE
350
24B
  3
MSLTSCALE
350
20C
  3
XCLIPFRAME
350
20D
  0
XRECORD
  5
209
102
{ACAD_REACTORS
330
208
102
}
330
208
100
AcDbXrecord
280
1
102
VTR_0.000_0.000_1.000_1.000_VISUALSTYLE
340
2F
102
VTR_0.000_0.000_1.000_1.000_GRIDDISPLAY
 70
3
102
VTR_0.000_0.000_1.000_1.000_GRIDMAJOR
 70
5
102
VTR_0.000_0.000_1.000_1.000_DEFAULTLIGHTING
280
1
102
VTR_0.000_0.000_1.000_1.000_DEFAULTLIGHTINGTYPE
 70
1
102
VTR_0.000_0.000_1.000_1.000_BRIGHTNESS
141
0.0
102
VTR_0.000_0.000_1.000_1.000_CONTRAST
142
0.0
  0
LAYOUT
  5
1E
102
{ACAD_REACTORS
330
1A
102
}
330
1A
100
AcDbPlotSettings
  1

  2
none_device
  4

  6

 40
0.0
 41
0.0
 42
0.0
 43
0.0
 44
0.0
 45
0.0
 46
0.0
 47
0.0
 48
0.0
 49
0.0
140
0.0
141
0.0
142
1.0
143
1.0
 70
688
 72
1
 73
0
 74
5
  7

 75
16
 76
0
 77
2
 78
300
147
1.0
148
0.0
149
0.0
100
AcDbLayout
  1
Layout1
 70
1
 71
1
 10
0.0
 20
0.0
 11
420.0
 21
297.0
 12
0.0
 22
0.0
 32
0.0
 14
1e+20
 24
1e+20
 34
1e+20
 15
-1e+20
 25
-1e+20
 35
-1e+20
146
0.0
 13
0.0
 23
0.0
 33
0.0
 16
1.0
 26
0.0
 36
0.0
 17
0.0
 27
1.0
 37
0.0
 76
0
330
1B
  0
LAYOUT
  5
26
102
{ACAD_REACTORS
330
1A
102
}
330
1A
100
AcDbPlotSettings
  1

  2
none_device
  4

  6

 40
0.0
 41
0.0
 42
0.0
 43
0.0
 44
0.0
 45
0.0
 46
0.0
 47
0.0
 48
0.0
 49
0.0
140
0.0
141
0.0
142
1.0
143
1.0
 70
688
 72
1
 73
0
 74
5
  7

 75
16
 76
0
 77
2
 78
300
147
1.0
148
0.0
149
0.0
100
AcDbLayout
  1
Layout2
 70
1
 71
2
 10
0.0
 20
0.0
 11
0.0
 21
0.0
 12
0.0
 22
0.0
 32
0.0
 14
0.0
 24
0.0
 34
0.0
 15
0.0
 25
0.0
 35
0.0
146
0.0
 13
0.0
 23
0.0
 33
0.0
 16
1.0
 26
0.0
 36
0.0
 17
0.0
 27
1.0
 37
0.0
 76
0
330
23
  0
LAYOUT
  5
22
102
{ACAD_REACTORS
330
1A
102
}
330
1A
100
AcDbPlotSettings
  1

  2
none_device
  4
Letter_(8.50_x_11.00_Inches)
  6

 40
6.35
 41
6.35
 42
6.35000508
 43
6.35000508
 44
215.9
 45
279.4
 46
0.0
 47
0.0
 48
0.0
 49
0.0
140
0.0
141
0.0
142
1.0
143
1.0
 70
1712
 72
1
 73
0
 74
0
  7

 75
0
 76
0
 77
2
 78
300
147
1.0
148
0.0
149
0.0
100
AcDbLayout
  1
Model
 70
1
 71
0
 10
0.0
 20
0.0
 11
420.0
 21
297.0
 12
0.0
 22
0.0
 32
0.0
 14
1e+20
 24
1e+20
 34
1e+20
 15
-1e+20
 25
-1e+20
 35
-1e+20
146
0.0
 13
0.0
 23
0.0
 33
0.0
 16
1.0
 26
0.0
 36
0.0
 17
0.0
 27
1.0
 37
0.0
 76
0
330
1F
331
29
  0
MATERIAL
  5
45
102
{ACAD_XDICTIONARY
360
240
102
}
102
{ACAD_REACTORS
330
43
102
}
330
43
100
AcDbMaterial
  1
ByBlock
  2

 70
0
 40
1.0
 71
0
 41
1.0
 91
-1023410177
 42
1.0
 72
1
  3

 73
1
 74
1
 75
1
 44
0.5
 73
0
 45
1.0
 46
1.0
 77
1
  4

 78
1
 79
1
170
1
 48
1.0
171
1
  6

172
1
173
1
174
1
140
1.0
141
1.0
175
1
  7

176
1
177
1
178
1
143
1.0
179
1
  8

270
1
271
1
272
1
145
1.0
146
1.0
273
1
  9

274
1
275
1
276
1
 42
1.0
 72
1
  3

 73
1
 74
1
 75
1
 94
63
  0
MATERIAL
  5
44
102
{ACAD_XDICTIONARY
360
23E
102
}
102
{ACAD_REACTORS
330
43
102
}
330
43
100
AcDbMaterial
  1
ByLayer
  2

 70
0
 40
1.0
 71
0
 41
1.0
 91
-1023410177
 42
1.0
 72
1
  3

 73
1
 74
1
 75
1
 44
0.5
 73
0
 45
1.0
 46
1.0
 77
1
  4

 78
1
 79
1
170
1
 48
1.0
171
1
  6

172
1
173
1
174
1
140
1.0
141
1.0
175
1
  7

176
1
177
1
178
1
143
1.0
179
1
  8

270
1
271
1
272
1
145
1.0
146
1.0
273
1
  9

274
1
275
1
276
1
 42
1.0
 72
1
  3

 73
1
 74
1
 75
1
 94
63
  0
MATERIAL
  5
46
102
{ACAD_XDICTIONARY
360
242
102
}
102
{ACAD_REACTORS
330
43
102
}
330
43
100
AcDbMaterial
  1
Global
  2

 70
0
 40
1.0
 71
0
 41
1.0
 91
-1023410177
 42
1.0
 72
1
  3

 73
1
 74
1
 75
1
 44
0.5
 73
0
 45
1.0
 46
1.0
 77
1
  4

 78
1
 79
1
170
1
 48
1.0
171
1
  6

172
1
173
1
174
1
140
1.0
141
1.0
175
1
  7

176
1
177
1
178
1
143
1.0
179
1
  8

270
1
271
1
272
1
145
1.0
146
1.0
273
1
  9

274
1
275
1
276
1
 42
1.0
 72
1
  3

 73
1
 74
1
 75
1
 94
63
  0
MLEADERSTYLE
  5
6C
102
{ACAD_XDICTIONARY
360
248
102
}
102
{ACAD_REACTORS
330
6B
102
}
330
6B
100
AcDbMLeaderStyle
179
2
170
2
171
1
172
0
 90
2
 40
0.0
 41
0.0
173
1
 91
-1056964608
340
14
 92
-2
290
1
 42
2.0
291
1
 43
8.0
  3
Standard
341
0
 44
4.0
300

342
11
174
1
175
1
176
0
178
6
 93
-1056964608
 45
4.0
292
0
297
0
 46
4.0
293
1
343
0
 94
-1056964608
 47
1.0
 49
1.0
140
1.0
294
1
141
0.0
177
0
142
1.0
295
0
296
0
143
3.75
271
0
272
9
273
9
1001
ACAD_MLEADERVER
1070
2
  0
MLINESTYLE
  5
18
102
{ACAD_REACTORS
330
17
102
}
330
17
100
AcDbMlineStyle
  2
Standard
 70
0
  3

 62
256
 51
90.0
 52
90.0
 71
2
 49
0.5
 62
256
  6
BYLAYER
 49
-0.5
 62
256
  6
BYLAYER
  0
ACDBPLACEHOLDER
  5
F
102
{ACAD_REACTORS
330
E
102
}
330
E
  0
SCALE
  5
48
102
{ACAD_REACTORS
330
47
102
}
330
47
100
AcDbScale
 70
0
300
1:1
140
1.0
141
1.0
290
1
  0
SCALE
  5
49
102
{ACAD_REACTORS
330
47
102
}
330
47
100
AcDbScale
 70
0
300
1:2
140
1.0
141
2.0
290
0
  0
SCALE
  5
4A
102
{ACAD_REACTORS
330
47
102
}
330
47
100
AcDbScale
 70
0
300
1:4
140
1.0
141
4.0
290
0
  0
SCALE
  5
4B
102
{ACAD_REACTORS
330
47
102
}
330
47
100
AcDbScale
 70
0
300
1:5
140
1.0
141
5.0
290
0
  0
SCALE
  5
4C
102
{ACAD_REACTORS
330
47
102
}
330
47
100
AcDbScale
 70
0
300
1:8
140
1.0
141
8.0
290
0
  0
SCALE
  5
4D
102
{ACAD_REACTORS
330
47
102
}
330
47
100
AcDbScale
 70
0
300
1:10
140
1.0
141
10.0
290
0
  0
SCALE
  5
4E
102
{ACAD_REACTORS
330
47
102
}
330
47
100
AcDbScale
 70
0
300
1:16
140
1.0
141
16.0
290
0
  0
SCALE
  5
4F
102
{ACAD_REACTORS
330
47
102
}
330
47
100
AcDbScale
 70
0
300
1:20
140
1.0
141
20.0
290
0
  0
SCALE
  5
50
102
{ACAD_REACTORS
330
47
102
}
330
47
100
AcDbScale
 70
0
300
1:30
140
1.0
141
30.0
290
0
  0
SCALE
  5
51
102
{ACAD_REACTORS
330
47
102
}
330
47
100
AcDbScale
 70
0
300
1:40
140
1.0
141
40.0
290
0
  0
SCALE
  5
52
102
{ACAD_REACTORS
330
47
102
}
330
47
100
AcDbScale
 70
0
300
1:50
140
1.0
141
50.0
290
0
  0
SCALE
  5
53
102
{ACAD_REACTORS
330
47
102
}
330
47
100
AcDbScale
 70
0
300
1:100
140
1.0
141
100.0
290
0
  0
SCALE
  5
54
102
{ACAD_REACTORS
330
47
102
}
330
47
100
AcDbScale
 70
0
300
2:1
140
2.0
141
1.0
290
0
  0
SCALE
  5
55
102
{ACAD_REACTORS
330
47
102
}
330
47
100
AcDbScale
 70
0
300
4:1
140
4.0
141
1.0
290
0
  0
SCALE
  5
56
102
{ACAD_REACTORS
330
47
102
}
330
47
100
AcDbScale
 70
0
300
8:1
140
8.0
141
1.0
290
0
  0
SCALE
  5
57
102
{ACAD_REACTORS
330
47
102
}
330
47
100
AcDbScale
 70
0
300
10:1
140
10.0
141
1.0
290
0
  0
SCALE
  5
58
102
{ACAD_REACTORS
330
47
102
}
330
47
100
AcDbScale
 70
0
300
100:1
140
100.0
141
1.0
290
0
  0
SCALE
  5
59
102
{ACAD_REACTORS
330
47
102
}
330
47
100
AcDbScale
 70
0
300
1/128" = 1'-0"
140
0.0078125
141
12.0
290
0
  0
SCALE
  5
5A
102
{ACAD_REACTORS
330
47
102
}
330
47
100
AcDbScale
 70
0
300
1/64" = 1'-0"
140
0.015625
141
12.0
290
0
  0
SCALE
  5
5B
102
{ACAD_REACTORS
330
47
102
}
330
47
100
AcDbScale
 70
0
300
1/32" = 1'-0"
140
0.03125
141
12.0
290
0
  0
SCALE
  5
5C
102
{ACAD_REACTORS
330
47
102
}
330
47
100
AcDbScale
 70
0
300
1/16" = 1'-0"
140
0.0625
141
12.0
290
0
  0
SCALE
  5
5D
102
{ACAD_REACTORS
330
47
102
}
330
47
100
AcDbScale
 70
0
300
3/32" = 1'-0"
140
0.09375
141
12.0
290
0
  0
SCALE
  5
5E
102
{ACAD_REACTORS
330
47
102
}
330
47
100
AcDbScale
 70
0
300
1/8" = 1'-0"
140
0.125
141
12.0
290
0
  0
SCALE
  5
5F
102
{ACAD_REACTORS
330
47
102
}
330
47
100
AcDbScale
 70
0
300
3/16" = 1'-0"
140
0.1875
141
12.0
290
0
  0
SCALE
  5
60
102
{ACAD_REACTORS
330
47
102
}
330
47
100
AcDbScale
 70
0
300
1/4" = 1'-0"
140
0.25
141
12.0
290
0
  0
SCALE
  5
61
102
{ACAD_REACTORS
330
47
102
}
330
47
100
AcDbScale
 70
0
300
3/8" = 1'-0"
140
0.375
141
12.0
290
0
  0
SCALE
  5
62
102
{ACAD_REACTORS
330
47
102
}
330
47
100
AcDbScale
 70
0
300
1/2" = 1'-0"
140
0.5
141
12.0
290
0
  0
SCALE
  5
63
102
{ACAD_REACTORS
330
47
102
}
330
47
100
AcDbScale
 70
0
300
3/4" = 1'-0"
140
0.75
141
12.0
290
0
  0
SCALE
  5
64
102
{ACAD_REACTORS
330
47
102
}
330
47
100
AcDbScale
 70
0
300
1" = 1'-0"
140
1.0
141
12.0
290
0
  0
SCALE
  5
65
102
{ACAD_REACTORS
330
47
102
}
330
47
100
AcDbScale
 70
0
300
1-1/2" = 1'-0"
140
1.5
141
12.0
290
0
  0
SCALE
  5
66
102
{ACAD_REACTORS
330
47
102
}
330
47
100
AcDbScale
 70
0
300
3" = 1'-0"
140
3.0
141
12.0
290
0
  0
SCALE
  5
67
102
{ACAD_REACTORS
330
47
102
}
330
47
100
AcDbScale
 70
0
300
6" = 1'-0"
140
6.0
141
12.0
290
0
  0
SCALE
  5
68
102
{ACAD_REACTORS
330
47
102
}
330
47
100
AcDbScale
 70
0
300
1'-0" = 1'-0"
140
12.0
141
12.0
290
0
  0
TABLESTYLE
  5
6A
102
{ACAD_XDICTIONARY
360
244
102
}
102
{ACAD_REACTORS
330
69
102
}
330
69
100
AcDbTableStyle
  3
Standard
 70
0
 71
0
 40
0.06
 41
0.06
280
0
281
0
  7
Standard
140
4.5
170
2
 62
0
 63
257
283
0
274
-2
284
1
 64
0
275
-2
285
1
 65
0
276
-2
286
1
 66
0
277
-2
287
1
 67
0
278
-2
288
1
 68
0
279
-2
289
1
 69
0
  7
Standard
140
6.0
170
5
 62
0
 63
257
283
0
274
-2
284
1
 64
0
275
-2
285
1
 65
0
276
-2
286
1
 66
0
277
-2
287
1
 67
0
278
-2
288
1
 68
0
279
-2
289
1
 69
0
  7
Standard
140
4.5
170
5
 62
0
 63
257
283
0
274
-2
284
1
 64
0
275
-2
285
1
 65
0
276
-2
286
1
 66
0
277
-2
287
1
 67
0
278
-2
288
1
 68
0
279
-2
289
1
 69
0
  0
VISUALSTYLE
  5
2F
102
{ACAD_XDICTIONARY
360
216
102
}
102
{ACAD_REACTORS
330
2A
102
}
330
2A
100
AcDbVisualStyle
  2
2dWireframe
 70
4
 71
0
 72
2
 73
0
 90
0
 40
0.6
 41
30.0
 62
5
 63
7
421
16777215
 74
1
 91
4
 64
7
 65
257
 75
1
175
1
 42
1.0
 92
0
 66
257
 43
1.0
 76
1
 77
6
 78
2
 67
7
 79
5
170
0
171
0
290
0
174
0
 93
1
 44
0.0
173
0
291
0
 45
0.0
1001
ACAD
1000
AcDbSavedByObjectVersion
1070
0
  0
VISUALSTYLE
  5
32
102
{ACAD_XDICTIONARY
360
21C
102
}
102
{ACAD_REACTORS
330
2A
102
}
330
2A
100
AcDbVisualStyle
  2
Basic
 70
7
 71
1
 72
0
 73
1
 90
0
 40
0.6
 41
30.0
 62
5
 63
7
421
16777215
 74
0
 91
4
 64
7
 65
257
 75
1
175
1
 42
1.0
 92
8
 66
7
 43
1.0
 76
1
 77
6
 78
2
 67
7
 79
5
170
0
171
0
290
0
174
0
 93
1
 44
0.0
173
0
291
1
 45
0.0
1001
ACAD
1000
AcDbSavedByObjectVersion
1070
0
  0
VISUALSTYLE
  5
36
102
{ACAD_XDICTIONARY
360
224
102
}
102
{ACAD_REACTORS
330
2A
102
}
330
2A
100
AcDbVisualStyle
  2
Brighten
 70
12
 71
2
 72
2
 73
0
 90
0
 40
0.6
 41
30.0
 62
5
 63
7
421
16777215
 74
1
 91
4
 64
7
 65
257
 75
1
175
1
 42
1.0
 92
8
 66
7
 43
1.0
 76
1
 77
6
 78
2
 67
7
 79
5
170
0
171
0
290
0
174
0
 93
1
 44
50.0
173
0
291
1
 45
0.0
1001
ACAD
1000
AcDbSavedByObjectVersion
1070
0
  0
VISUALSTYLE
  5
3A
102
{ACAD_XDICTIONARY
360
22C
102
}
102
{ACAD_REACTORS
330
2A
102
}
330
2A
100
AcDbVisualStyle
  2
ColorChange
 70
16
 71
2
 72
2
 73
3
 90
0
 40
0.6
 41
30.0
 62
5
 63
8
421
8421504
 74
1
 91
4
 64
7
 65
257
 75
1
175
1
 42
1.0
 92
8
 66
8
 43
1.0
 76
1
 77
6
 78
2
 67
7
 79
5
170
0
171
0
290
0
174
0
 93
1
 44
0.0
173
0
291
1
 45
0.0
1001
ACAD
1000
AcDbSavedByObjectVersion
1070
0
  0
VISUALSTYLE
  5
34
102
{ACAD_XDICTIONARY
360
220
102
}
102
{ACAD_REACTORS
330
2A
102
}
330
2A
100
AcDbVisualStyle
  2
Conceptual
 70
9
 71
3
 72
2
 73
0
 90
0
 40
0.6
 41
30.0
 62
5
 63
7
421
16777215
 74
2
 91
2
 64
7
 65
257
 75
1
175
1
 42
179.0
 92
8
 66
7
 43
1.0
 76
1
 77
6
 78
2
 67
7
 79
3
170
0
171
0
290
0
174
0
 93
1
 44
0.0
173
0
291
0
 45
0.0
1001
ACAD
1000
AcDbSavedByObjectVersion
1070
0
  0
VISUALSTYLE
  5
35
102
{ACAD_XDICTIONARY
360
222
102
}
102
{ACAD_REACTORS
330
2A
102
}
330
2A
100
AcDbVisualStyle
  2
Dim
 70
11
 71
2
 72
2
 73
0
 90
0
 40
0.6
 41
30.0
 62
5
 63
7
421
16777215
 74
1
 91
4
 64
7
 65
257
 75
1
175
1
 42
1.0
 92
8
 66
7
 43
1.0
 76
1
 77
6
 78
2
 67
7
 79
5
170
0
171
0
290
0
174
0
 93
1
 44
-50.0
173
0
291
1
 45
0.0
1001
ACAD
1000
AcDbSavedByObjectVersion
1070
0
  0
VISUALSTYLE
  5
3D
102
{ACAD_XDICTIONARY
360
232
102
}
102
{ACAD_REACTORS
330
2A
102
}
330
2A
100
AcDbVisualStyle
  2
EdgeColorOff
 70
22
 71
2
 72
2
 73
0
 90
0
 40
0.6
 41
30.0
 62
5
 63
7
421
16777215
 74
1
 91
4
 64
7
 65
257
 75
1
175
1
 42
1.0
 92
8
 66
7
 43
1.0
 76
1
 77
6
 78
2
 67
7
 79
5
170
0
171
0
290
0
174
0
 93
1
 44
0.0
173
0
291
1
 45
0.0
1001
ACAD
1000
AcDbSavedByObjectVersion
1070
0
  0
VISUALSTYLE
  5
39
102
{ACAD_XDICTIONARY
360
22A
102
}
102
{ACAD_REACTORS
330
2A
102
}
330
2A
100
AcDbVisualStyle
  2
Facepattern
 70
15
 71
2
 72
2
 73
0
 90
0
 40
0.6
 41
30.0
 62
5
 63
7
421
16777215
 74
1
 91
4
 64
7
 65
257
 75
1
175
1
 42
1.0
 92
8
 66
7
 43
1.0
 76
1
 77
6
 78
2
 67
7
 79
5
170
0
171
0
290
0
174
0
 93
1
 44
0.0
173
0
291
1
 45
0.0
1001
ACAD
1000
AcDbSavedByObjectVersion
1070
0
  0
VISUALSTYLE
  5
2B
102
{ACAD_XDICTIONARY
360
20E
102
}
102
{ACAD_REACTORS
330
2A
102
}
330
2A
100
AcDbVisualStyle
  2
Flat
 70
0
 71
2
 72
1
 73
1
 90
2
 40
0.6
 41
30.0
 62
5
 63
7
421
16777215
 74
0
 91
0
 64
7
 65
257
 75
1
175
1
 42
1.0
 92
8
 66
7
 43
1.0
 76
1
 77
6
 78
2
 67
7
 79
5
170
0
171
0
290
0
174
0
 93
13
 44
0.0
173
0
291
1
 45
0.0
1001
ACAD
1000
AcDbSavedByObjectVersion
1070
0
  0
VISUALSTYLE
  5
2C
102
{ACAD_XDICTIONARY
360
210
102
}
102
{ACAD_REACTORS
330
2A
102
}
330
2A
100
AcDbVisualStyle
  2
FlatWithEdges
 70
1
 71
2
 72
1
 73
1
 90
2
 40
0.6
 41
30.0
 62
5
 63
7
421
16777215
 74
1
 91
0
 64
7
 65
257
 75
1
175
1
 42
1.0
 92
0
 66
257
 43
1.0
 76
1
 77
6
 78
2
 67
7
 79
5
170
0
171
0
290
0
174
0
 93
13
 44
0.0
173
0
291
1
 45
0.0
1001
ACAD
1000
AcDbSavedByObjectVersion
1070
0
  0
VISUALSTYLE
  5
2D
102
{ACAD_XDICTIONARY
360
212
102
}
102
{ACAD_REACTORS
330
2A
102
}
330
2A
100
AcDbVisualStyle
  2
Gouraud
 70
2
 71
2
 72
2
 73
1
 90
2
 40
0.6
 41
30.0
 62
5
 63
7
421
16777215
 74
0
 91
0
 64
7
 65
257
 75
1
175
1
 42
1.0
 92
0
 66
7
 43
1.0
 76
1
 77
6
 78
2
 67
7
 79
5
170
0
171
0
290
0
174
0
 93
13
 44
0.0
173
0
291
1
 45
0.0
1001
ACAD
1000
AcDbSavedByObjectVersion
1070
0
  0
VISUALSTYLE
  5
2E
102
{ACAD_XDICTIONARY
360
214
102
}
102
{ACAD_REACTORS
330
2A
102
}
330
2A
100
AcDbVisualStyle
  2
GouraudWithEdges
 70
3
 71
2
 72
2
 73
1
 90
2
 40
0.6
 41
30.0
 62
5
 63
7
421
16777215
 74
1
 91
0
 64
7
 65
257
 75
1
175
1
 42
1.0
 92
0
 66
257
 43
1.0
 76
1
 77
6
 78
2
 67
7
 79
5
170
0
171
0
290
0
174
0
 93
13
 44
0.0
173
0
291
1
 45
0.0
1001
ACAD
1000
AcDbSavedByObjectVersion
1070
0
  0
VISUALSTYLE
  5
31
102
{ACAD_XDICTIONARY
360
21A
102
}
102
{ACAD_REACTORS
330
2A
102
}
330
2A
100
AcDbVisualStyle
  2
Hidden
 70
6
 71
1
 72
2
 73
2
 90
0
 40
0.6
 41
30.0
 62
5
 63
7
421
16777215
 74
2
 91
2
 64
7
 65
257
 75
2
175
1
 42
40.0
 92
0
 66
257
 43
1.0
 76
1
 77
6
 78
2
 67
7
 79
3
170
0
171
0
290
0
174
0
 93
1
 44
0.0
173
0
291
0
 45
0.0
1001
ACAD
1000
AcDbSavedByObjectVersion
1070
0
  0
VISUALSTYLE
  5
3B
102
{ACAD_XDICTIONARY
360
22E
102
}
102
{ACAD_REACTORS
330
2A
102
}
330
2A
100
AcDbVisualStyle
  2
JitterOff
 70
20
 71
2
 72
2
 73
0
 90
0
 40
0.6
 41
30.0
 62
5
 63
7
421
16777215
 74
1
 91
4
 64
7
 65
257
 75
1
175
1
 42
1.0
 92
10
 66
7
 43
1.0
 76
1
 77
6
 78
2
 67
7
 79
5
170
0
171
0
290
0
174
0
 93
1
 44
0.0
173
0
291
1
 45
0.0
1001
ACAD
1000
AcDbSavedByObjectVersion
1070
0
  0
VISUALSTYLE
  5
38
102
{ACAD_XDICTIONARY
360
228
102
}
102
{ACAD_REACTORS
330
2A
102
}
330
2A
100
AcDbVisualStyle
  2
Linepattern
 70
14
 71
2
 72
2
 73
0
 90
0
 40
0.6
 41
30.0
 62
5
 63
7
421
16777215
 74
1
 91
4
 64
7
 65
257
 75
7
175
7
 42
1.0
 92
8
 66
7
 43
1.0
 76
1
 77
6
 78
2
 67
7
 79
5
170
0
171
0
290
0
174
0
 93
1
 44
0.0
173
0
291
1
 45
0.0
1001
ACAD
1000
AcDbSavedByObjectVersion
1070
0
  0
VISUALSTYLE
  5
3C
102
{ACAD_XDICTIONARY
360
230
102
}
102
{ACAD_REACTORS
330
2A
102
}
330
2A
100
AcDbVisualStyle
  2
OverhangOff
 70
21
 71
2
 72
2
 73
0
 90
0
 40
0.6
 41
30.0
 62
5
 63
7
421
16777215
 74
1
 91
4
 64
7
 65
257
 75
1
175
1
 42
1.0
 92
9
 66
7
 43
1.0
 76
1
 77
6
 78
2
 67
7
 79
5
170
0
171
0
290
0
174
0
 93
1
 44
0.0
173
0
291
1
 45
0.0
1001
ACAD
1000
AcDbSavedByObjectVersion
1070
0
  0
VISUALSTYLE
  5
33
102
{ACAD_XDICTIONARY
360
21E
102
}
102
{ACAD_REACTORS
330
2A
102
}
330
2A
100
AcDbVisualStyle
  2
Realistic
 70
8
 71
2
 72
3
 73
0
 90
2
 40
0.6
 41
30.0
 62
5
 63
7
421
16777215
 74
0
 91
0
 64
7
 65
257
 75
1
175
1
 42
1.0
 92
8
 66
257
 43
1.0
 76
1
 77
6
 78
2
 67
7
 79
3
170
0
171
0
290
0
174
0
 93
13
 44
0.0
173
0
291
0
 45
0.0
1001
ACAD
1000
AcDbSavedByObjectVersion
1070
0
  0
VISUALSTYLE
  5
42
102
{ACAD_XDICTIONARY
360
23C
102
}
102
{ACAD_REACTORS
330
2A
102
}
330
2A
100
AcDbVisualStyle
  2
Shaded
 70
27
 71
2
 72
2
 73
1
 90
2
 40
0.6
 41
30.0
 62
5
 63
7
421
16777215
 74
0
 91
4
 64
7
 65
257
 75
1
175
1
 42
1.0
 92
8
 66
257
 43
1.0
 76
1
 77
6
 78
2
 67
8
 79
3
170
0
171
0
290
0
174
0
 93
5
 44
0.0
173
0
291
0
 45
0.0
1001
ACAD
1000
AcDbSavedByObjectVersion
1070
0
  0
VISUALSTYLE
  5
41
102
{ACAD_XDICTIONARY
360
23A
102
}
102
{ACAD_REACTORS
330
2A
102
}
330
2A
100
AcDbVisualStyle
  2
Shaded with edges
 70
26
 71
2
 72
2
 73
1
 90
2
 40
0.6
 41
30.0
 62
5
 63
7
421
16777215
 74
1
 91
10
 64
7
 65
257
 75
2
175
1
 42
1.0
 92
8
 66
257
 43
1.0
 76
1
 77
6
 78
2
 67
7
 79
3
170
0
171
0
290
0
174
0
 93
5
 44
0.0
173
0
291
0
 45
0.0
1001
ACAD
1000
AcDbSavedByObjectVersion
1070
0
  0
VISUALSTYLE
  5
3E
102
{ACAD_XDICTIONARY
360
234
102
}
102
{ACAD_REACTORS
330
2A
102
}
330
2A
100
AcDbVisualStyle
  2
Shades of Gray
 70
23
 71
2
 72
2
 73
3
 90
0
 40
0.6
 41
30.0
 62
5
 63
7
421
16777215
 74
2
 91
2
 64
7
 65
7
 75
1
175
1
 42
40.0
 92
8
 66
7
 43
1.0
 76
1
 77
6
 78
2
 67
7
 79
3
170
0
171
0
290
0
174
0
 93
1
 44
0.0
173
0
291
0
 45
0.0
1001
ACAD
1000
AcDbSavedByObjectVersion
1070
0
  0
VISUALSTYLE
  5
3F
102
{ACAD_XDICTIONARY
360
236
102
}
102
{ACAD_REACTORS
330
2A
102
}
330
2A
100
AcDbVisualStyle
  2
Sketchy
 70
24
 71
1
 72
2
 73
2
 90
0
 40
0.6
 41
30.0
 62
5
 63
7
421
16777215
 74
2
 91
2
 64
7
 65
7
 75
1
175
1
 42
40.0
 92
11
 66
7
 43
1.0
 76
1
 77
6
 78
2
 67
7
 79
6
170
0
171
0
290
0
174
0
 93
1
 44
0.0
173
0
291
0
 45
0.0
1001
ACAD
1000
AcDbSavedByObjectVersion
1070
0
  0
VISUALSTYLE
  5
37
102
{ACAD_XDICTIONARY
360
226
102
}
102
{ACAD_REACTORS
330
2A
102
}
330
2A
100
AcDbVisualStyle
  2
Thicken
 70
13
 71
2
 72
2
 73
0
 90
0
 40
0.6
 41
30.0
 62
5
 63
7
421
16777215
 74
1
 91
4
 64
7
 65
257
 75
1
175
1
 42
1.0
 92
12
 66
7
 43
1.0
 76
1
 77
6
 78
2
 67
7
 79
5
170
0
171
0
290
0
174
0
 93
1
 44
0.0
173
0
291
1
 45
0.0
1001
ACAD
1000
AcDbSavedByObjectVersion
1070
0
  0
VISUALSTYLE
  5
30
102
{ACAD_XDICTIONARY
360
218
102
}
102
{ACAD_REACTORS
330
2A
102
}
330
2A
100
AcDbVisualStyle
  2
Wireframe
 70
5
 71
0
 72
2
 73
0
 90
0
 40
0.6
 41
30.0
 62
5
 63
7
421
16777215
 74
1
 91
4
 64
7
 65
257
 75
1
175
1
 42
1.0
 92
0
 66
257
 43
1.0
 76
1
 77
6
 78
2
 67
7
 79
3
170
0
171
0
290
0
174
0
 93
1
 44
0.0
173
0
291
0
 45
0.0
1001
ACAD
1000
AcDbSavedByObjectVersion
1070
0
  0
VISUALSTYLE
  5
40
102
{ACAD_XDICTIONARY
360
238
102
}
102
{ACAD_REACTORS
330
2A
102
}
330
2A
100
AcDbVisualStyle
  2
X-Ray
 70
25
 71
2
 72
2
 73
1
 90
1
 40
0.5
 41
30.0
 62
5
 63
7
421
16777215
 74
1
 91
0
 64
7
 65
257
 75
1
175
1
 42
1.0
 92
8
 66
7
 43
1.0
 76
1
 77
6
 78
2
 67
7
 79
3
170
0
171
0
290
0
174
0
 93
13
 44
0.0
173
0
291
0
 45
0.0
1001
ACAD
1000
AcDbSavedByObjectVersion
1070
0
  0
DICTIONARYVAR
  5
20B
102
{ACAD_REACTORS
330
20A
102
}
330
20A
100
DictionaryVariables
280
0
  1
1:1
  0
DICTIONARYVAR
  5
24F
102
{ACAD_REACTORS
330
20A
102
}
330
20A
100
DictionaryVariables
280
0
  1
3.500000
  0
DICTIONARYVAR
  5
250
102
{ACAD_REACTORS
330
20A
102
}
330
20A
100
DictionaryVariables
280
0
  1
acadiso.lin
  0
DICTIONARYVAR
  5
24C
102
{ACAD_REACTORS
330
20A
102
}
330
20A
100
DictionaryVariables
280
0
  1
Standard
  0
DICTIONARYVAR
  5
24B
102
{ACAD_REACTORS
330
20A
102
}
330
20A
100
DictionaryVariables
280
0
  1
Standard
  0
DICTIONARYVAR
  5
20C
102
{ACAD_REACTORS
330
20A
102
}
330
20A
100
DictionaryVariables
280
0
  1
1
  0
DICTIONARYVAR
  5
20D
102
{ACAD_REACTORS
330
20A
102
}
330
20A
100
DictionaryVariables
280
0
  1
2
  0
DICTIONARY
  5
240
330
45
100
AcDbDictionary
280
1
281
1
  3
ACAD_XREC_ROUNDTRIP
360
241
  0
DICTIONARY
  5
23E
330
44
100
AcDbDictionary
280
1
281
1
  3
ACAD_XREC_ROUNDTRIP
360
23F
  0
DICTIONARY
  5
242
330
46
100
AcDbDictionary
280
1
281
1
  3
ACAD_XREC_ROUNDTRIP
360
243
  0
DICTIONARY
  5
248
330
6C
100
AcDbDictionary
280
1
281
1
  3
ACAD_XREC_ROUNDTRIP
360
249
  0
DICTIONARY
  5
244
330
6A
100
AcDbDictionary
280
1
281
1
  3
ACAD_ROUNDTRIP_2008_TABLESTYLE_CELLSTYLEMAP
360
246
  3
ACAD_XREC_ROUNDTRIP
360
245
  0
DICTIONARY
  5
216
330
2F
100
AcDbDictionary
280
1
281
1
  3
ACAD_XREC_ROUNDTRIP
360
217
  0
DICTIONARY
  5
21C
330
32
100
AcDbDictionary
280
1
281
1
  3
ACAD_XREC_ROUNDTRIP
360
21D
  0
DICTIONARY
  5
224
330
36
100
AcDbDictionary
280
1
281
1
  3
ACAD_XREC_ROUNDTRIP
360
225
  0
DICTIONARY
  5
22C
330
3A
100
AcDbDictionary
280
1
281
1
  3
ACAD_XREC_ROUNDTRIP
360
22D
  0
DICTIONARY
  5
220
330
34
100
AcDbDictionary
280
1
281
1
  3
ACAD_XREC_ROUNDTRIP
360
221
  0
DICTIONARY
  5
222
330
35
100
AcDbDictionary
280
1
281
1
  3
ACAD_XREC_ROUNDTRIP
360
223
  0
DICTIONARY
  5
232
330
3D
100
AcDbDictionary
280
1
281
1
  3
ACAD_XREC_ROUNDTRIP
360
233
  0
DICTIONARY
  5
22A
330
39
100
AcDbDictionary
280
1
281
1
  3
ACAD_XREC_ROUNDTRIP
360
22B
  0
DICTIONARY
  5
20E
330
2B
100
AcDbDictionary
280
1
281
1
  3
ACAD_XREC_ROUNDTRIP
360
20F
  0
DICTIONARY
  5
210
330
2C
100
AcDbDictionary
280
1
281
1
  3
ACAD_XREC_ROUNDTRIP
360
211
  0
DICTIONARY
  5
212
330
2D
100
AcDbDictionary
280
1
281
1
  3
ACAD_XREC_ROUNDTRIP
360
213
  0
DICTIONARY
  5
214
330
2E
100
AcDbDictionary
280
1
281
1
  3
ACAD_XREC_ROUNDTRIP
360
215
  0
DICTIONARY
  5
21A
330
31
100
AcDbDictionary
280
1
281
1
  3
ACAD_XREC_ROUNDTRIP
360
21B
  0
DICTIONARY
  5
22E
330
3B
100
AcDbDictionary
280
1
281
1
  3
ACAD_XREC_ROUNDTRIP
360
22F
  0
DICTIONARY
  5
228
330
38
100
AcDbDictionary
280
1
281
1
  3
ACAD_XREC_ROUNDTRIP
360
229
  0
DICTIONARY
  5
230
330
3C
100
AcDbDictionary
280
1
281
1
  3
ACAD_XREC_ROUNDTRIP
360
231
  0
DICTIONARY
  5
21E
330
33
100
AcDbDictionary
280
1
281
1
  3
ACAD_XREC_ROUNDTRIP
360
21F
  0
DICTIONARY
  5
23C
330
42
100
AcDbDictionary
280
1
281
1
  3
ACAD_XREC_ROUNDTRIP
360
23D
  0
DICTIONARY
  5
23A
330
41
100
AcDbDictionary
280
1
281
1
  3
ACAD_XREC_ROUNDTRIP
360
23B
  0
DICTIONARY
  5
234
330
3E
100
AcDbDictionary
280
1
281
1
  3
ACAD_XREC_ROUNDTRIP
360
235
  0
DICTIONARY
  5
236
330
3F
100
AcDbDictionary
280
1
281
1
  3
ACAD_XREC_ROUNDTRIP
360
237
  0
DICTIONARY
  5
226
330
37
100
AcDbDictionary
280
1
281
1
  3
ACAD_XREC_ROUNDTRIP
360
227
  0
DICTIONARY
  5
218
330
30
100
AcDbDictionary
280
1
281
1
  3
ACAD_XREC_ROUNDTRIP
360
219
  0
DICTIONARY
  5
238
330
40
100
AcDbDictionary
280
1
281
1
  3
ACAD_XREC_ROUNDTRIP
360
239
  0
XRECORD
  5
241
102
{ACAD_REACTORS
330
240
102
}
330
240
100
AcDbXrecord
280
1
102
MATERIAL
148
0.0
149
0.0
149
0.0
 93
0
 94
127
282
0
 72
1
 77
1
171
1
175
1
179
1
273
0
  0
XRECORD
  5
23F
102
{ACAD_REACTORS
330
23E
102
}
330
23E
100
AcDbXrecord
280
1
102
MATERIAL
148
0.0
149
0.0
149
0.0
 93
0
 94
127
282
0
 72
1
 77
1
171
1
175
1
179
1
273
0
  0
XRECORD
  5
243
102
{ACAD_REACTORS
330
242
102
}
330
242
100
AcDbXrecord
280
1
102
MATERIAL
148
0.0
149
0.0
149
0.0
 93
0
 94
127
282
0
 72
1
 77
1
171
1
175
1
179
1
273
0
  0
XRECORD
  5
249
102
{ACAD_REACTORS
330
248
102
}
330
248
100
AcDbXrecord
280
1
102
ACAD_ROUNDTRIP_2010_MLEADER_STYLE
  0
CELLSTYLEMAP
  5
246
102
{ACAD_REACTORS
330
244
102
}
330
244
100
AcDbCellStyleMap
 90
3
300
CELLSTYLE
  1
TABLEFORMAT_BEGIN
 90
5
170
1
 91
0
 92
32768
 62
257
 93
1
300
CONTENTFORMAT
  1
CONTENTFORMAT_BEGIN
 90
0
 91
0
 92
4
 93
0
300

 40
0.0
140
1.0
 94
5
 62
0
340
11
144
6.0
309
CONTENTFORMAT_END
171
1
301
MARGIN
  1
CELLMARGIN_BEGIN
 40
1.5
 40
1.5
 40
1.5
 40
1.5
 40
1.5
 40
1.5
309
CELLMARGIN_END
 94
6
 95
1
302
GRIDFORMAT
  1
GRIDFORMAT_BEGIN
 90
0
 91
1
 62
0
 92
-2
340
14
 93
0
 40
0.045
309
GRIDFORMAT_END
 95
2
302
GRIDFORMAT
  1
GRIDFORMAT_BEGIN
 90
0
 91
1
 62
0
 92
-2
340
14
 93
0
 40
0.045
309
GRIDFORMAT_END
 95
4
302
GRIDFORMAT
  1
GRIDFORMAT_BEGIN
 90
0
 91
1
 62
0
 92
-2
340
14
 93
0
 40
0.045
309
GRIDFORMAT_END
 95
8
302
GRIDFORMAT
  1
GRIDFORMAT_BEGIN
 90
0
 91
1
 62
0
 92
-2
340
14
 93
0
 40
0.045
309
GRIDFORMAT_END
 95
16
302
GRIDFORMAT
  1
GRIDFORMAT_BEGIN
 90
0
 91
1
 62
0
 92
-2
340
14
 93
0
 40
0.045
309
GRIDFORMAT_END
 95
32
302
GRIDFORMAT
  1
GRIDFORMAT_BEGIN
 90
0
 91
1
 62
0
 92
-2
340
14
 93
0
 40
0.045
309
GRIDFORMAT_END
309
TABLEFORMAT_END
  1
CELLSTYLE_BEGIN
 90
1
 91
1
300
_TITLE
309
CELLSTYLE_END
300
CELLSTYLE
  1
TABLEFORMAT_BEGIN
 90
5
170
1
 91
0
 92
0
 62
257
 93
1
300
CONTENTFORMAT
  1
CONTENTFORMAT_BEGIN
 90
0
 91
0
 92
4
 93
0
300

 40
0.0
140
1.0
 94
5
 62
0
340
11
144
4.5
309
CONTENTFORMAT_END
171
1
301
MARGIN
  1
CELLMARGIN_BEGIN
 40
1.5
 40
1.5
 40
1.5
 40
1.5
 40
1.5
 40
1.5
309
CELLMARGIN_END
 94
6
 95
1
302
GRIDFORMAT
  1
GRIDFORMAT_BEGIN
 90
0
 91
1
 62
0
 92
-2
340
14
 93
0
 40
0.045
309
GRIDFORMAT_END
 95
2
302
GRIDFORMAT
  1
GRIDFORMAT_BEGIN
 90
0
 91
1
 62
0
 92
-2
340
14
 93
0
 40
0.045
309
GRIDFORMAT_END
 95
4
302
GRIDFORMAT
  1
GRIDFORMAT_BEGIN
 90
0
 91
1
 62
0
 92
-2
340
14
 93
0
 40
0.045
309
GRIDFORMAT_END
 95
8
302
GRIDFORMAT
  1
GRIDFORMAT_BEGIN
 90
0
 91
1
 62
0
 92
-2
340
14
 93
0
 40
0.045
309
GRIDFORMAT_END
 95
16
302
GRIDFORMAT
  1
GRIDFORMAT_BEGIN
 90
0
 91
1
 62
0
 92
-2
340
14
 93
0
 40
0.045
309
GRIDFORMAT_END
 95
32
302
GRIDFORMAT
  1
GRIDFORMAT_BEGIN
 90
0
 91
1
 62
0
 92
-2
340
14
 93
0
 40
0.045
309
GRIDFORMAT_END
309
TABLEFORMAT_END
  1
CELLSTYLE_BEGIN
 90
2
 91
1
300
_HEADER
309
CELLSTYLE_END
300
CELLSTYLE
  1
TABLEFORMAT_BEGIN
 90
5
170
1
 91
0
 92
0
 62
257
 93
1
300
CONTENTFORMAT
  1
CONTENTFORMAT_BEGIN
 90
0
 91
0
 92
4
 93
0
300

 40
0.0
140
1.0
 94
2
 62
0
340
11
144
4.5
309
CONTENTFORMAT_END
171
1
301
MARGIN
  1
CELLMARGIN_BEGIN
 40
1.5
 40
1.5
 40
1.5
 40
1.5
 40
1.5
 40
1.5
309
CELLMARGIN_END
 94
6
 95
1
302
GRIDFORMAT
  1
GRIDFORMAT_BEGIN
 90
0
 91
1
 62
0
 92
-2
340
14
 93
0
 40
0.045
309
GRIDFORMAT_END
 95
2
302
GRIDFORMAT
  1
GRIDFORMAT_BEGIN
 90
0
 91
1
 62
0
 92
-2
340
14
 93
0
 40
0.045
309
GRIDFORMAT_END
 95
4
302
GRIDFORMAT
  1
GRIDFORMAT_BEGIN
 90
0
 91
1
 62
0
 92
-2
340
14
 93
0
 40
0.045
309
GRIDFORMAT_END
 95
8
302
GRIDFORMAT
  1
GRIDFORMAT_BEGIN
 90
0
 91
1
 62
0
 92
-2
340
14
 93
0
 40
0.045
309
GRIDFORMAT_END
 95
16
302
GRIDFORMAT
  1
GRIDFORMAT_BEGIN
 90
0
 91
1
 62
0
 92
-2
340
14
 93
0
 40
0.045
309
GRIDFORMAT_END
 95
32
302
GRIDFORMAT
  1
GRIDFORMAT_BEGIN
 90
0
 91
1
 62
0
 92
-2
340
14
 93
0
 40
0.045
309
GRIDFORMAT_END
309
TABLEFORMAT_END
  1
CELLSTYLE_BEGIN
 90
3
 91
2
300
_DATA
309
CELLSTYLE_END
  0
XRECORD
  5
245
102
{ACAD_REACTORS
330
244
102
}
330
244
100
AcDbXrecord
280
1
102
ACAD_ROUNDTRIP_PRE2007_TABLESTYLE
 90
4
 91
0
  1

 92
4
 93
0
  2

 94
4
 95
0
  3

  0
XRECORD
  5
217
102
{ACAD_REACTORS
330
216
102
}
330
216
100
AcDbXrecord
280
1
102
RTVSPropertyOp0
 70
1
102
RTVSPropertyOp1
 70
1
102
RTVSPropertyOp2
 70
1
102
RTVSPropertyOp3
 70
1
102
RTVSPropertyOp4
 70
1
102
RTVSPropertyOp5
 70
1
102
RTVSPropertyOp6
 70
1
102
RTVSPropertyOp7
 70
1
102
RTVSPropertyOp8
 70
1
102
RTVSPropertyOp9
 70
1
102
RTVSPropertyOp10
 70
1
102
RTVSPropertyOp11
 70
1
102
RTVSPropertyOp12
 70
1
102
RTVSPropertyOp13
 70
1
102
RTVSPropertyOp14
 70
1
102
RTVSPropertyOp15
 70
1
102
RTVSPropertyOp16
 70
1
102
RTVSPropertyOp17
 70
1
102
RTVSPropertyOp18
 70
1
102
RTVSPropertyOp19
 70
1
102
RTVSPropertyOp20
 70
1
102
RTVSPropertyOp21
 70
1
102
RTVSPropertyOp22
 70
1
102
RTVSPropertyOp23
 70
1
102
RTVSPropertyOp24
 70
1
102
RTVSPropertyOp25
 70
1
102
RTVSPropertyOp26
 70
1
102
RTVSPropertyOp27
 70
1
102
RTVSPropertyOp28
 70
1
102
RTVSPropertyOp29
 70
1
102
RTVSPropertyOp30
 70
1
102
RTVSPropertyOp31
 70
1
102
RTVSPropertyOp32
 70
1
102
RTVSPropertyOp33
 70
1
102
RTVSPropertyOp34
 70
1
102
RTVSPropertyOp35
 70
1
102
RTVSPropertyOp36
 70
1
102
RTVSPropertyOp37
 70
1
102
RTVSPropertyOp38
 70
1
102
RTVSPropertyOp39
 70
1
102
RTVSPropertyOp40
 70
1
102
RTVSPropertyOp41
 70
1
102
RTVSPropertyOp42
 70
1
102
RTVSPropertyOp43
 70
1
102
RTVSPropertyOp44
 70
1
102
RTVSPropertyOp45
 70
1
102
RTVSPropertyOp46
 70
1
102
RTVSPropertyOp47
 70
1
102
RTVSPropertyOp48
 70
1
102
RTVSPropertyOp49
 70
1
102
RTVSPropertyOp50
 70
1
102
RTVSPropertyOp51
 70
0
102
RTVSPropertyOp52
 70
0
102
RTVSPropertyOp53
 70
1
102
RTVSPropertyOp54
 70
1
102
RTVSPropertyOp55
 70
1
102
RTVSPropertyOp56
 70
1
102
RTVSPropertyOp57
 70
1
102
RTVSPost2010Prop28
280
1
102
RTVSPost2010PropOp28
 70
1
102
RTVSPost2010Prop29
280
1
102
RTVSPost2010PropOp29
 70
1
102
RTVSPost2010Prop30
280
0
102
RTVSPost2010PropOp30
 70
1
102
RTVSPost2010Prop31
280
0
102
RTVSPost2010PropOp31
 70
1
102
RTVSPost2010Prop32
280
0
102
RTVSPost2010PropOp32
 70
1
102
RTVSPost2010Prop33
280
0
102
RTVSPost2010PropOp33
 70
1
102
RTVSPost2010Prop34
280
0
102
RTVSPost2010PropOp34
 70
1
102
RTVSPost2010Prop35
280
0
102
RTVSPost2010PropOp35
 70
1
102
RTVSPost2010Prop36
280
0
102
RTVSPost2010PropOp36
 70
1
102
RTVSPost2010Prop37
 90
50
102
RTVSPost2010PropOp37
 70
1
102
RTVSPost2010Prop38
140
0.0
102
RTVSPost2010PropOp38
 70
1
102
RTVSPost2010Prop39
140
1.0
102
RTVSPost2010PropOp39
 70
1
102
RTVSPost2010Prop40
 90
0
102
RTVSPost2010PropOp40
 70
1
102
RTVSPost2010Prop41ColorIndex
 90
18
102
RTVSPost2010Prop41ColorRGB
 90
0
102
RTVSPost2010PropOp41
 70
1
102
RTVSPost2010Prop42
 90
50
102
RTVSPost2010PropOp42
 70
1
102
RTVSPost2010Prop43
 90
3
102
RTVSPost2010PropOp43
 70
1
102
RTVSPost2010Prop44ColorIndex
 90
5
102
RTVSPost2010Prop44ColorRGB
 90
255
102
RTVSPost2010PropOp44
 70
1
102
RTVSPost2010Prop45
280
0
102
RTVSPost2010PropOp45
 70
1
102
RTVSPost2010Prop46
 90
50
102
RTVSPost2010PropOp46
 70
1
102
RTVSPost2010Prop47
 90
50
102
RTVSPost2010PropOp47
 70
1
102
RTVSPost2010Prop48
 90
50
102
RTVSPost2010PropOp48
 70
1
102
RTVSPost2010Prop49
280
0
102
RTVSPost2010PropOp49
 70
1
102
RTVSPost2010Prop50
 90
50
102
RTVSPost2010PropOp50
 70
1
102
RTVSPost2010Prop51ColorIndex
 90
256
102
RTVSPost2010Prop51ColorRGB
 90
-16777216
102
RTVSPost2010PropOp51
 70
0
102
RTVSPost2010Prop52
140
1.0
102
RTVSPost2010PropOp52
 70
0
102
RTVSPost2010Prop53
 90
2
102
RTVSPost2010PropOp53
 70
1
102
RTVSPost2010Prop54
  1
strokes_ogs.tif
102
RTVSPost2010PropOp54
 70
1
102
RTVSPost2010Prop55
280
0
102
RTVSPost2010PropOp55
 70
1
102
RTVSPost2010Prop56
140
1.0
102
RTVSPost2010PropOp56
 70
1
102
RTVSPost2010Prop57
140
1.0
102
RTVSPost2010PropOp57
 70
1
  0
XRECORD
  5
21D
102
{ACAD_REACTORS
330
21C
102
}
330
21C
100
AcDbXrecord
280
1
102
RTVSPropertyOp0
 70
1
102
RTVSPropertyOp1
 70
1
102
RTVSPropertyOp2
 70
1
102
RTVSPropertyOp3
 70
1
102
RTVSPropertyOp4
 70
1
102
RTVSPropertyOp5
 70
1
102
RTVSPropertyOp6
 70
1
102
RTVSPropertyOp7
 70
1
102
RTVSPropertyOp8
 70
1
102
RTVSPropertyOp9
 70
1
102
RTVSPropertyOp10
 70
1
102
RTVSPropertyOp11
 70
1
102
RTVSPropertyOp12
 70
1
102
RTVSPropertyOp13
 70
1
102
RTVSPropertyOp14
 70
1
102
RTVSPropertyOp15
 70
1
102
RTVSPropertyOp16
 70
1
102
RTVSPropertyOp17
 70
1
102
RTVSPropertyOp18
 70
1
102
RTVSPropertyOp19
 70
1
102
RTVSPropertyOp20
 70
1
102
RTVSPropertyOp21
 70
1
102
RTVSPropertyOp22
 70
1
102
RTVSPropertyOp23
 70
1
102
RTVSPropertyOp24
 70
1
102
RTVSPropertyOp25
 70
1
102
RTVSPropertyOp26
 70
1
102
RTVSPropertyOp27
 70
1
102
RTVSPropertyOp28
 70
1
102
RTVSPropertyOp29
 70
1
102
RTVSPropertyOp30
 70
1
102
RTVSPropertyOp31
 70
1
102
RTVSPropertyOp32
 70
1
102
RTVSPropertyOp33
 70
1
102
RTVSPropertyOp34
 70
1
102
RTVSPropertyOp35
 70
1
102
RTVSPropertyOp36
 70
1
102
RTVSPropertyOp37
 70
1
102
RTVSPropertyOp38
 70
1
102
RTVSPropertyOp39
 70
1
102
RTVSPropertyOp40
 70
1
102
RTVSPropertyOp41
 70
1
102
RTVSPropertyOp42
 70
1
102
RTVSPropertyOp43
 70
1
102
RTVSPropertyOp44
 70
1
102
RTVSPropertyOp45
 70
1
102
RTVSPropertyOp46
 70
1
102
RTVSPropertyOp47
 70
1
102
RTVSPropertyOp48
 70
1
102
RTVSPropertyOp49
 70
1
102
RTVSPropertyOp50
 70
1
102
RTVSPropertyOp51
 70
0
102
RTVSPropertyOp52
 70
0
102
RTVSPropertyOp53
 70
1
102
RTVSPropertyOp54
 70
1
102
RTVSPropertyOp55
 70
1
102
RTVSPropertyOp56
 70
1
102
RTVSPropertyOp57
 70
1
102
RTVSPost2010Prop28
280
0
102
RTVSPost2010PropOp28
 70
1
102
RTVSPost2010Prop29
280
1
102
RTVSPost2010PropOp29
 70
1
102
RTVSPost2010Prop30
280
1
102
RTVSPost2010PropOp30
 70
1
102
RTVSPost2010Prop31
280
0
102
RTVSPost2010PropOp31
 70
1
102
RTVSPost2010Prop32
280
0
102
RTVSPost2010PropOp32
 70
1
102
RTVSPost2010Prop33
280
0
102
RTVSPost2010PropOp33
 70
1
102
RTVSPost2010Prop34
280
0
102
RTVSPost2010PropOp34
 70
1
102
RTVSPost2010Prop35
280
0
102
RTVSPost2010PropOp35
 70
1
102
RTVSPost2010Prop36
280
0
102
RTVSPost2010PropOp36
 70
1
102
RTVSPost2010Prop37
 90
50
102
RTVSPost2010PropOp37
 70
1
102
RTVSPost2010Prop38
140
0.0
102
RTVSPost2010PropOp38
 70
1
102
RTVSPost2010Prop39
140
1.0
102
RTVSPost2010PropOp39
 70
1
102
RTVSPost2010Prop40
 90
0
102
RTVSPost2010PropOp40
 70
1
102
RTVSPost2010Prop41ColorIndex
 90
18
102
RTVSPost2010Prop41ColorRGB
 90
0
102
RTVSPost2010PropOp41
 70
1
102
RTVSPost2010Prop42
 90
50
102
RTVSPost2010PropOp42
 70
1
102
RTVSPost2010Prop43
 90
3
102
RTVSPost2010PropOp43
 70
1
102
RTVSPost2010Prop44ColorIndex
 90
5
102
RTVSPost2010Prop44ColorRGB
 90
255
102
RTVSPost2010PropOp44
 70
1
102
RTVSPost2010Prop45
280
0
102
RTVSPost2010PropOp45
 70
1
102
RTVSPost2010Prop46
 90
50
102
RTVSPost2010PropOp46
 70
1
102
RTVSPost2010Prop47
 90
50
102
RTVSPost2010PropOp47
 70
1
102
RTVSPost2010Prop48
 90
50
102
RTVSPost2010PropOp48
 70
1
102
RTVSPost2010Prop49
280
0
102
RTVSPost2010PropOp49
 70
1
102
RTVSPost2010Prop50
 90
50
102
RTVSPost2010PropOp50
 70
1
102
RTVSPost2010Prop51ColorIndex
 90
256
102
RTVSPost2010Prop51ColorRGB
 90
-16777216
102
RTVSPost2010PropOp51
 70
0
102
RTVSPost2010Prop52
140
1.0
102
RTVSPost2010PropOp52
 70
0
102
RTVSPost2010Prop53
 90
2
102
RTVSPost2010PropOp53
 70
1
102
RTVSPost2010Prop54
  1
strokes_ogs.tif
102
RTVSPost2010PropOp54
 70
1
102
RTVSPost2010Prop55
280
0
102
RTVSPost2010PropOp55
 70
1
102
RTVSPost2010Prop56
140
1.0
102
RTVSPost2010PropOp56
 70
1
102
RTVSPost2010Prop57
140
1.0
102
RTVSPost2010PropOp57
 70
1
  0
XRECORD
  5
225
102
{ACAD_REACTORS
330
224
102
}
330
224
100
AcDbXrecord
280
1
102
RTVSPropertyOp0
 70
1
102
RTVSPropertyOp1
 70
1
102
RTVSPropertyOp2
 70
1
102
RTVSPropertyOp3
 70
1
102
RTVSPropertyOp4
 70
1
102
RTVSPropertyOp5
 70
1
102
RTVSPropertyOp6
 70
1
102
RTVSPropertyOp7
 70
1
102
RTVSPropertyOp8
 70
1
102
RTVSPropertyOp9
 70
1
102
RTVSPropertyOp10
 70
1
102
RTVSPropertyOp11
 70
1
102
RTVSPropertyOp12
 70
1
102
RTVSPropertyOp13
 70
1
102
RTVSPropertyOp14
 70
1
102
RTVSPropertyOp15
 70
1
102
RTVSPropertyOp16
 70
1
102
RTVSPropertyOp17
 70
1
102
RTVSPropertyOp18
 70
1
102
RTVSPropertyOp19
 70
1
102
RTVSPropertyOp20
 70
1
102
RTVSPropertyOp21
 70
1
102
RTVSPropertyOp22
 70
1
102
RTVSPropertyOp23
 70
1
102
RTVSPropertyOp24
 70
1
102
RTVSPropertyOp25
 70
1
102
RTVSPropertyOp26
 70
1
102
RTVSPropertyOp27
 70
1
102
RTVSPropertyOp28
 70
1
102
RTVSPropertyOp29
 70
1
102
RTVSPropertyOp30
 70
1
102
RTVSPropertyOp31
 70
1
102
RTVSPropertyOp32
 70
1
102
RTVSPropertyOp33
 70
1
102
RTVSPropertyOp34
 70
1
102
RTVSPropertyOp35
 70
1
102
RTVSPropertyOp36
 70
1
102
RTVSPropertyOp37
 70
1
102
RTVSPropertyOp38
 70
1
102
RTVSPropertyOp39
 70
1
102
RTVSPropertyOp40
 70
1
102
RTVSPropertyOp41
 70
1
102
RTVSPropertyOp42
 70
1
102
RTVSPropertyOp43
 70
1
102
RTVSPropertyOp44
 70
1
102
RTVSPropertyOp45
 70
1
102
RTVSPropertyOp46
 70
1
102
RTVSPropertyOp47
 70
1
102
RTVSPropertyOp48
 70
1
102
RTVSPropertyOp49
 70
1
102
RTVSPropertyOp50
 70
1
102
RTVSPropertyOp51
 70
0
102
RTVSPropertyOp52
 70
0
102
RTVSPropertyOp53
 70
1
102
RTVSPropertyOp54
 70
1
102
RTVSPropertyOp55
 70
1
102
RTVSPropertyOp56
 70
1
102
RTVSPropertyOp57
 70
1
102
RTVSPost2010Prop28
280
0
102
RTVSPost2010PropOp28
 70
1
102
RTVSPost2010Prop29
280
1
102
RTVSPost2010PropOp29
 70
1
102
RTVSPost2010Prop30
280
1
102
RTVSPost2010PropOp30
 70
1
102
RTVSPost2010Prop31
280
0
102
RTVSPost2010PropOp31
 70
1
102
RTVSPost2010Prop32
280
0
102
RTVSPost2010PropOp32
 70
1
102
RTVSPost2010Prop33
280
0
102
RTVSPost2010PropOp33
 70
1
102
RTVSPost2010Prop34
280
0
102
RTVSPost2010PropOp34
 70
1
102
RTVSPost2010Prop35
280
0
102
RTVSPost2010PropOp35
 70
1
102
RTVSPost2010Prop36
280
0
102
RTVSPost2010PropOp36
 70
1
102
RTVSPost2010Prop37
 90
50
102
RTVSPost2010PropOp37
 70
1
102
RTVSPost2010Prop38
140
0.0
102
RTVSPost2010PropOp38
 70
1
102
RTVSPost2010Prop39
140
1.0
102
RTVSPost2010PropOp39
 70
1
102
RTVSPost2010Prop40
 90
0
102
RTVSPost2010PropOp40
 70
1
102
RTVSPost2010Prop41ColorIndex
 90
18
102
RTVSPost2010Prop41ColorRGB
 90
0
102
RTVSPost2010PropOp41
 70
1
102
RTVSPost2010Prop42
 90
50
102
RTVSPost2010PropOp42
 70
1
102
RTVSPost2010Prop43
 90
3
102
RTVSPost2010PropOp43
 70
1
102
RTVSPost2010Prop44ColorIndex
 90
5
102
RTVSPost2010Prop44ColorRGB
 90
255
102
RTVSPost2010PropOp44
 70
1
102
RTVSPost2010Prop45
280
0
102
RTVSPost2010PropOp45
 70
1
102
RTVSPost2010Prop46
 90
50
102
RTVSPost2010PropOp46
 70
1
102
RTVSPost2010Prop47
 90
50
102
RTVSPost2010PropOp47
 70
1
102
RTVSPost2010Prop48
 90
50
102
RTVSPost2010PropOp48
 70
1
102
RTVSPost2010Prop49
280
0
102
RTVSPost2010PropOp49
 70
1
102
RTVSPost2010Prop50
 90
50
102
RTVSPost2010PropOp50
 70
1
102
RTVSPost2010Prop51ColorIndex
 90
256
102
RTVSPost2010Prop51ColorRGB
 90
-16777216
102
RTVSPost2010PropOp51
 70
0
102
RTVSPost2010Prop52
140
1.0
102
RTVSPost2010PropOp52
 70
0
102
RTVSPost2010Prop53
 90
2
102
RTVSPost2010PropOp53
 70
1
102
RTVSPost2010Prop54
  1
strokes_ogs.tif
102
RTVSPost2010PropOp54
 70
1
102
RTVSPost2010Prop55
280
0
102
RTVSPost2010PropOp55
 70
1
102
RTVSPost2010Prop56
140
1.0
102
RTVSPost2010PropOp56
 70
1
102
RTVSPost2010Prop57
140
1.0
102
RTVSPost2010PropOp57
 70
1
  0
XRECORD
  5
22D
102
{ACAD_REACTORS
330
22C
102
}
330
22C
100
AcDbXrecord
280
1
102
RTVSPropertyOp0
 70
1
102
RTVSPropertyOp1
 70
1
102
RTVSPropertyOp2
 70
1
102
RTVSPropertyOp3
 70
1
102
RTVSPropertyOp4
 70
1
102
RTVSPropertyOp5
 70
1
102
RTVSPropertyOp6
 70
1
102
RTVSPropertyOp7
 70
1
102
RTVSPropertyOp8
 70
1
102
RTVSPropertyOp9
 70
1
102
RTVSPropertyOp10
 70
1
102
RTVSPropertyOp11
 70
1
102
RTVSPropertyOp12
 70
1
102
RTVSPropertyOp13
 70
1
102
RTVSPropertyOp14
 70
1
102
RTVSPropertyOp15
 70
1
102
RTVSPropertyOp16
 70
1
102
RTVSPropertyOp17
 70
1
102
RTVSPropertyOp18
 70
1
102
RTVSPropertyOp19
 70
1
102
RTVSPropertyOp20
 70
1
102
RTVSPropertyOp21
 70
1
102
RTVSPropertyOp22
 70
1
102
RTVSPropertyOp23
 70
1
102
RTVSPropertyOp24
 70
1
102
RTVSPropertyOp25
 70
1
102
RTVSPropertyOp26
 70
1
102
RTVSPropertyOp27
 70
1
102
RTVSPropertyOp28
 70
1
102
RTVSPropertyOp29
 70
1
102
RTVSPropertyOp30
 70
1
102
RTVSPropertyOp31
 70
1
102
RTVSPropertyOp32
 70
1
102
RTVSPropertyOp33
 70
1
102
RTVSPropertyOp34
 70
1
102
RTVSPropertyOp35
 70
1
102
RTVSPropertyOp36
 70
1
102
RTVSPropertyOp37
 70
1
102
RTVSPropertyOp38
 70
1
102
RTVSPropertyOp39
 70
1
102
RTVSPropertyOp40
 70
1
102
RTVSPropertyOp41
 70
1
102
RTVSPropertyOp42
 70
1
102
RTVSPropertyOp43
 70
1
102
RTVSPropertyOp44
 70
1
102
RTVSPropertyOp45
 70
1
102
RTVSPropertyOp46
 70
1
102
RTVSPropertyOp47
 70
1
102
RTVSPropertyOp48
 70
1
102
RTVSPropertyOp49
 70
1
102
RTVSPropertyOp50
 70
1
102
RTVSPropertyOp51
 70
0
102
RTVSPropertyOp52
 70
0
102
RTVSPropertyOp53
 70
1
102
RTVSPropertyOp54
 70
1
102
RTVSPropertyOp55
 70
1
102
RTVSPropertyOp56
 70
1
102
RTVSPropertyOp57
 70
1
102
RTVSPost2010Prop28
280
0
102
RTVSPost2010PropOp28
 70
1
102
RTVSPost2010Prop29
280
1
102
RTVSPost2010PropOp29
 70
1
102
RTVSPost2010Prop30
280
1
102
RTVSPost2010PropOp30
 70
1
102
RTVSPost2010Prop31
280
0
102
RTVSPost2010PropOp31
 70
1
102
RTVSPost2010Prop32
280
0
102
RTVSPost2010PropOp32
 70
1
102
RTVSPost2010Prop33
280
0
102
RTVSPost2010PropOp33
 70
1
102
RTVSPost2010Prop34
280
0
102
RTVSPost2010PropOp34
 70
1
102
RTVSPost2010Prop35
280
0
102
RTVSPost2010PropOp35
 70
1
102
RTVSPost2010Prop36
280
0
102
RTVSPost2010PropOp36
 70
1
102
RTVSPost2010Prop37
 90
50
102
RTVSPost2010PropOp37
 70
1
102
RTVSPost2010Prop38
140
0.0
102
RTVSPost2010PropOp38
 70
1
102
RTVSPost2010Prop39
140
1.0
102
RTVSPost2010PropOp39
 70
1
102
RTVSPost2010Prop40
 90
0
102
RTVSPost2010PropOp40
 70
1
102
RTVSPost2010Prop41ColorIndex
 90
18
102
RTVSPost2010Prop41ColorRGB
 90
0
102
RTVSPost2010PropOp41
 70
1
102
RTVSPost2010Prop42
 90
50
102
RTVSPost2010PropOp42
 70
1
102
RTVSPost2010Prop43
 90
3
102
RTVSPost2010PropOp43
 70
1
102
RTVSPost2010Prop44ColorIndex
 90
5
102
RTVSPost2010Prop44ColorRGB
 90
255
102
RTVSPost2010PropOp44
 70
1
102
RTVSPost2010Prop45
280
0
102
RTVSPost2010PropOp45
 70
1
102
RTVSPost2010Prop46
 90
50
102
RTVSPost2010PropOp46
 70
1
102
RTVSPost2010Prop47
 90
50
102
RTVSPost2010PropOp47
 70
1
102
RTVSPost2010Prop48
 90
50
102
RTVSPost2010PropOp48
 70
1
102
RTVSPost2010Prop49
280
0
102
RTVSPost2010PropOp49
 70
1
102
RTVSPost2010Prop50
 90
50
102
RTVSPost2010PropOp50
 70
1
102
RTVSPost2010Prop51ColorIndex
 90
256
102
RTVSPost2010Prop51ColorRGB
 90
-16777216
102
RTVSPost2010PropOp51
 70
0
102
RTVSPost2010Prop52
140
1.0
102
RTVSPost2010PropOp52
 70
0
102
RTVSPost2010Prop53
 90
2
102
RTVSPost2010PropOp53
 70
1
102
RTVSPost2010Prop54
  1
strokes_ogs.tif
102
RTVSPost2010PropOp54
 70
1
102
RTVSPost2010Prop55
280
0
102
RTVSPost2010PropOp55
 70
1
102
RTVSPost2010Prop56
140
1.0
102
RTVSPost2010PropOp56
 70
1
102
RTVSPost2010Prop57
140
1.0
102
RTVSPost2010PropOp57
 70
1
  0
XRECORD
  5
221
102
{ACAD_REACTORS
330
220
102
}
330
220
100
AcDbXrecord
280
1
102
RTVSPropertyOp0
 70
1
102
RTVSPropertyOp1
 70
1
102
RTVSPropertyOp2
 70
1
102
RTVSPropertyOp3
 70
1
102
RTVSPropertyOp4
 70
1
102
RTVSPropertyOp5
 70
1
102
RTVSPropertyOp6
 70
1
102
RTVSPropertyOp7
 70
1
102
RTVSPropertyOp8
 70
1
102
RTVSPropertyOp9
 70
1
102
RTVSPropertyOp10
 70
1
102
RTVSPropertyOp11
 70
1
102
RTVSPropertyOp12
 70
1
102
RTVSPropertyOp13
 70
1
102
RTVSPropertyOp14
 70
1
102
RTVSPropertyOp15
 70
1
102
RTVSPropertyOp16
 70
1
102
RTVSPropertyOp17
 70
1
102
RTVSPropertyOp18
 70
1
102
RTVSPropertyOp19
 70
1
102
RTVSPropertyOp20
 70
1
102
RTVSPropertyOp21
 70
1
102
RTVSPropertyOp22
 70
1
102
RTVSPropertyOp23
 70
1
102
RTVSPropertyOp24
 70
1
102
RTVSPropertyOp25
 70
1
102
RTVSPropertyOp26
 70
1
102
RTVSPropertyOp27
 70
1
102
RTVSPropertyOp28
 70
1
102
RTVSPropertyOp29
 70
1
102
RTVSPropertyOp30
 70
1
102
RTVSPropertyOp31
 70
1
102
RTVSPropertyOp32
 70
1
102
RTVSPropertyOp33
 70
1
102
RTVSPropertyOp34
 70
1
102
RTVSPropertyOp35
 70
1
102
RTVSPropertyOp36
 70
1
102
RTVSPropertyOp37
 70
1
102
RTVSPropertyOp38
 70
1
102
RTVSPropertyOp39
 70
1
102
RTVSPropertyOp40
 70
1
102
RTVSPropertyOp41
 70
1
102
RTVSPropertyOp42
 70
1
102
RTVSPropertyOp43
 70
1
102
RTVSPropertyOp44
 70
1
102
RTVSPropertyOp45
 70
1
102
RTVSPropertyOp46
 70
1
102
RTVSPropertyOp47
 70
1
102
RTVSPropertyOp48
 70
1
102
RTVSPropertyOp49
 70
1
102
RTVSPropertyOp50
 70
1
102
RTVSPropertyOp51
 70
0
102
RTVSPropertyOp52
 70
0
102
RTVSPropertyOp53
 70
1
102
RTVSPropertyOp54
 70
1
102
RTVSPropertyOp55
 70
1
102
RTVSPropertyOp56
 70
1
102
RTVSPropertyOp57
 70
1
102
RTVSPost2010Prop28
280
0
102
RTVSPost2010PropOp28
 70
1
102
RTVSPost2010Prop29
280
1
102
RTVSPost2010PropOp29
 70
1
102
RTVSPost2010Prop30
280
1
102
RTVSPost2010PropOp30
 70
1
102
RTVSPost2010Prop31
280
0
102
RTVSPost2010PropOp31
 70
1
102
RTVSPost2010Prop32
280
0
102
RTVSPost2010PropOp32
 70
1
102
RTVSPost2010Prop33
280
0
102
RTVSPost2010PropOp33
 70
1
102
RTVSPost2010Prop34
280
0
102
RTVSPost2010PropOp34
 70
1
102
RTVSPost2010Prop35
280
0
102
RTVSPost2010PropOp35
 70
1
102
RTVSPost2010Prop36
280
0
102
RTVSPost2010PropOp36
 70
1
102
RTVSPost2010Prop37
 90
50
102
RTVSPost2010PropOp37
 70
1
102
RTVSPost2010Prop38
140
0.0
102
RTVSPost2010PropOp38
 70
1
102
RTVSPost2010Prop39
140
1.0
102
RTVSPost2010PropOp39
 70
1
102
RTVSPost2010Prop40
 90
0
102
RTVSPost2010PropOp40
 70
1
102
RTVSPost2010Prop41ColorIndex
 90
18
102
RTVSPost2010Prop41ColorRGB
 90
0
102
RTVSPost2010PropOp41
 70
1
102
RTVSPost2010Prop42
 90
50
102
RTVSPost2010PropOp42
 70
1
102
RTVSPost2010Prop43
 90
3
102
RTVSPost2010PropOp43
 70
1
102
RTVSPost2010Prop44ColorIndex
 90
5
102
RTVSPost2010Prop44ColorRGB
 90
255
102
RTVSPost2010PropOp44
 70
1
102
RTVSPost2010Prop45
280
0
102
RTVSPost2010PropOp45
 70
1
102
RTVSPost2010Prop46
 90
50
102
RTVSPost2010PropOp46
 70
1
102
RTVSPost2010Prop47
 90
50
102
RTVSPost2010PropOp47
 70
1
102
RTVSPost2010Prop48
 90
50
102
RTVSPost2010PropOp48
 70
1
102
RTVSPost2010Prop49
280
0
102
RTVSPost2010PropOp49
 70
1
102
RTVSPost2010Prop50
 90
50
102
RTVSPost2010PropOp50
 70
1
102
RTVSPost2010Prop51ColorIndex
 90
256
102
RTVSPost2010Prop51ColorRGB
 90
-16777216
102
RTVSPost2010PropOp51
 70
0
102
RTVSPost2010Prop52
140
1.0
102
RTVSPost2010PropOp52
 70
0
102
RTVSPost2010Prop53
 90
2
102
RTVSPost2010PropOp53
 70
1
102
RTVSPost2010Prop54
  1
strokes_ogs.tif
102
RTVSPost2010PropOp54
 70
1
102
RTVSPost2010Prop55
280
0
102
RTVSPost2010PropOp55
 70
1
102
RTVSPost2010Prop56
140
1.0
102
RTVSPost2010PropOp56
 70
1
102
RTVSPost2010Prop57
140
1.0
102
RTVSPost2010PropOp57
 70
1
  0
XRECORD
  5
223
102
{ACAD_REACTORS
330
222
102
}
330
222
100
AcDbXrecord
280
1
102
RTVSPropertyOp0
 70
1
102
RTVSPropertyOp1
 70
1
102
RTVSPropertyOp2
 70
1
102
RTVSPropertyOp3
 70
1
102
RTVSPropertyOp4
 70
1
102
RTVSPropertyOp5
 70
1
102
RTVSPropertyOp6
 70
1
102
RTVSPropertyOp7
 70
1
102
RTVSPropertyOp8
 70
1
102
RTVSPropertyOp9
 70
1
102
RTVSPropertyOp10
 70
1
102
RTVSPropertyOp11
 70
1
102
RTVSPropertyOp12
 70
1
102
RTVSPropertyOp13
 70
1
102
RTVSPropertyOp14
 70
1
102
RTVSPropertyOp15
 70
1
102
RTVSPropertyOp16
 70
1
102
RTVSPropertyOp17
 70
1
102
RTVSPropertyOp18
 70
1
102
RTVSPropertyOp19
 70
1
102
RTVSPropertyOp20
 70
1
102
RTVSPropertyOp21
 70
1
102
RTVSPropertyOp22
 70
1
102
RTVSPropertyOp23
 70
1
102
RTVSPropertyOp24
 70
1
102
RTVSPropertyOp25
 70
1
102
RTVSPropertyOp26
 70
1
102
RTVSPropertyOp27
 70
1
102
RTVSPropertyOp28
 70
1
102
RTVSPropertyOp29
 70
1
102
RTVSPropertyOp30
 70
1
102
RTVSPropertyOp31
 70
1
102
RTVSPropertyOp32
 70
1
102
RTVSPropertyOp33
 70
1
102
RTVSPropertyOp34
 70
1
102
RTVSPropertyOp35
 70
1
102
RTVSPropertyOp36
 70
1
102
RTVSPropertyOp37
 70
1
102
RTVSPropertyOp38
 70
1
102
RTVSPropertyOp39
 70
1
102
RTVSPropertyOp40
 70
1
102
RTVSPropertyOp41
 70
1
102
RTVSPropertyOp42
 70
1
102
RTVSPropertyOp43
 70
1
102
RTVSPropertyOp44
 70
1
102
RTVSPropertyOp45
 70
1
102
RTVSPropertyOp46
 70
1
102
RTVSPropertyOp47
 70
1
102
RTVSPropertyOp48
 70
1
102
RTVSPropertyOp49
 70
1
102
RTVSPropertyOp50
 70
1
102
RTVSPropertyOp51
 70
0
102
RTVSPropertyOp52
 70
0
102
RTVSPropertyOp53
 70
1
102
RTVSPropertyOp54
 70
1
102
RTVSPropertyOp55
 70
1
102
RTVSPropertyOp56
 70
1
102
RTVSPropertyOp57
 70
1
102
RTVSPost2010Prop28
280
0
102
RTVSPost2010PropOp28
 70
1
102
RTVSPost2010Prop29
280
1
102
RTVSPost2010PropOp29
 70
1
102
RTVSPost2010Prop30
280
1
102
RTVSPost2010PropOp30
 70
1
102
RTVSPost2010Prop31
280
0
102
RTVSPost2010PropOp31
 70
1
102
RTVSPost2010Prop32
280
0
102
RTVSPost2010PropOp32
 70
1
102
RTVSPost2010Prop33
280
0
102
RTVSPost2010PropOp33
 70
1
102
RTVSPost2010Prop34
280
0
102
RTVSPost2010PropOp34
 70
1
102
RTVSPost2010Prop35
280
0
102
RTVSPost2010PropOp35
 70
1
102
RTVSPost2010Prop36
280
0
102
RTVSPost2010PropOp36
 70
1
102
RTVSPost2010Prop37
 90
50
102
RTVSPost2010PropOp37
 70
1
102
RTVSPost2010Prop38
140
0.0
102
RTVSPost2010PropOp38
 70
1
102
RTVSPost2010Prop39
140
1.0
102
RTVSPost2010PropOp39
 70
1
102
RTVSPost2010Prop40
 90
0
102
RTVSPost2010PropOp40
 70
1
102
RTVSPost2010Prop41ColorIndex
 90
18
102
RTVSPost2010Prop41ColorRGB
 90
0
102
RTVSPost2010PropOp41
 70
1
102
RTVSPost2010Prop42
 90
50
102
RTVSPost2010PropOp42
 70
1
102
RTVSPost2010Prop43
 90
3
102
RTVSPost2010PropOp43
 70
1
102
RTVSPost2010Prop44ColorIndex
 90
5
102
RTVSPost2010Prop44ColorRGB
 90
255
102
RTVSPost2010PropOp44
 70
1
102
RTVSPost2010Prop45
280
0
102
RTVSPost2010PropOp45
 70
1
102
RTVSPost2010Prop46
 90
50
102
RTVSPost2010PropOp46
 70
1
102
RTVSPost2010Prop47
 90
50
102
RTVSPost2010PropOp47
 70
1
102
RTVSPost2010Prop48
 90
50
102
RTVSPost2010PropOp48
 70
1
102
RTVSPost2010Prop49
280
0
102
RTVSPost2010PropOp49
 70
1
102
RTVSPost2010Prop50
 90
50
102
RTVSPost2010PropOp50
 70
1
102
RTVSPost2010Prop51ColorIndex
 90
256
102
RTVSPost2010Prop51ColorRGB
 90
-16777216
102
RTVSPost2010PropOp51
 70
0
102
RTVSPost2010Prop52
140
1.0
102
RTVSPost2010PropOp52
 70
0
102
RTVSPost2010Prop53
 90
2
102
RTVSPost2010PropOp53
 70
1
102
RTVSPost2010Prop54
  1
strokes_ogs.tif
102
RTVSPost2010PropOp54
 70
1
102
RTVSPost2010Prop55
280
0
102
RTVSPost2010PropOp55
 70
1
102
RTVSPost2010Prop56
140
1.0
102
RTVSPost2010PropOp56
 70
1
102
RTVSPost2010Prop57
140
1.0
102
RTVSPost2010PropOp57
 70
1
  0
XRECORD
  5
233
102
{ACAD_REACTORS
330
232
102
}
330
232
100
AcDbXrecord
280
1
102
RTVSPropertyOp0
 70
0
102
RTVSPropertyOp1
 70
0
102
RTVSPropertyOp2
 70
0
102
RTVSPropertyOp3
 70
0
102
RTVSPropertyOp4
 70
0
102
RTVSPropertyOp5
 70
0
102
RTVSPropertyOp6
 70
0
102
RTVSPropertyOp7
 70
0
102
RTVSPropertyOp8
 70
0
102
RTVSPropertyOp9
 70
0
102
RTVSPropertyOp10
 70
0
102
RTVSPropertyOp11
 70
0
102
RTVSPropertyOp12
 70
0
102
RTVSPropertyOp13
 70
0
102
RTVSPropertyOp14
 70
2
102
RTVSPropertyOp15
 70
0
102
RTVSPropertyOp16
 70
0
102
RTVSPropertyOp17
 70
0
102
RTVSPropertyOp18
 70
0
102
RTVSPropertyOp19
 70
0
102
RTVSPropertyOp20
 70
0
102
RTVSPropertyOp21
 70
0
102
RTVSPropertyOp22
 70
0
102
RTVSPropertyOp23
 70
0
102
RTVSPropertyOp24
 70
0
102
RTVSPropertyOp25
 70
0
102
RTVSPropertyOp26
 70
0
102
RTVSPropertyOp27
 70
0
102
RTVSPropertyOp28
 70
0
102
RTVSPropertyOp29
 70
0
102
RTVSPropertyOp30
 70
0
102
RTVSPropertyOp31
 70
0
102
RTVSPropertyOp32
 70
0
102
RTVSPropertyOp33
 70
0
102
RTVSPropertyOp34
 70
0
102
RTVSPropertyOp35
 70
0
102
RTVSPropertyOp36
 70
0
102
RTVSPropertyOp37
 70
0
102
RTVSPropertyOp38
 70
0
102
RTVSPropertyOp39
 70
0
102
RTVSPropertyOp40
 70
0
102
RTVSPropertyOp41
 70
0
102
RTVSPropertyOp42
 70
0
102
RTVSPropertyOp43
 70
0
102
RTVSPropertyOp44
 70
0
102
RTVSPropertyOp45
 70
0
102
RTVSPropertyOp46
 70
0
102
RTVSPropertyOp47
 70
0
102
RTVSPropertyOp48
 70
0
102
RTVSPropertyOp49
 70
0
102
RTVSPropertyOp50
 70
0
102
RTVSPropertyOp51
 70
0
102
RTVSPropertyOp52
 70
0
102
RTVSPropertyOp53
 70
0
102
RTVSPropertyOp54
 70
0
102
RTVSPropertyOp55
 70
0
102
RTVSPropertyOp56
 70
0
102
RTVSPropertyOp57
 70
0
102
RTVSPost2010Prop28
280
0
102
RTVSPost2010PropOp28
 70
0
102
RTVSPost2010Prop29
280
1
102
RTVSPost2010PropOp29
 70
0
102
RTVSPost2010Prop30
280
1
102
RTVSPost2010PropOp30
 70
0
102
RTVSPost2010Prop31
280
0
102
RTVSPost2010PropOp31
 70
0
102
RTVSPost2010Prop32
280
0
102
RTVSPost2010PropOp32
 70
0
102
RTVSPost2010Prop33
280
0
102
RTVSPost2010PropOp33
 70
0
102
RTVSPost2010Prop34
280
0
102
RTVSPost2010PropOp34
 70
0
102
RTVSPost2010Prop35
280
0
102
RTVSPost2010PropOp35
 70
0
102
RTVSPost2010Prop36
280
0
102
RTVSPost2010PropOp36
 70
0
102
RTVSPost2010Prop37
 90
50
102
RTVSPost2010PropOp37
 70
0
102
RTVSPost2010Prop38
140
0.0
102
RTVSPost2010PropOp38
 70
0
102
RTVSPost2010Prop39
140
1.0
102
RTVSPost2010PropOp39
 70
0
102
RTVSPost2010Prop40
 90
0
102
RTVSPost2010PropOp40
 70
0
102
RTVSPost2010Prop41ColorIndex
 90
18
102
RTVSPost2010Prop41ColorRGB
 90
0
102
RTVSPost2010PropOp41
 70
0
102
RTVSPost2010Prop42
 90
50
102
RTVSPost2010PropOp42
 70
0
102
RTVSPost2010Prop43
 90
3
102
RTVSPost2010PropOp43
 70
0
102
RTVSPost2010Prop44ColorIndex
 90
5
102
RTVSPost2010Prop44ColorRGB
 90
255
102
RTVSPost2010PropOp44
 70
0
102
RTVSPost2010Prop45
280
0
102
RTVSPost2010PropOp45
 70
0
102
RTVSPost2010Prop46
 90
50
102
RTVSPost2010PropOp46
 70
0
102
RTVSPost2010Prop47
 90
50
102
RTVSPost2010PropOp47
 70
0
102
RTVSPost2010Prop48
 90
50
102
RTVSPost2010PropOp48
 70
0
102
RTVSPost2010Prop49
280
0
102
RTVSPost2010PropOp49
 70
0
102
RTVSPost2010Prop50
 90
50
102
RTVSPost2010PropOp50
 70
0
102
RTVSPost2010Prop51ColorIndex
 90
256
102
RTVSPost2010Prop51ColorRGB
 90
-16777216
102
RTVSPost2010PropOp51
 70
0
102
RTVSPost2010Prop52
140
1.0
102
RTVSPost2010PropOp52
 70
0
102
RTVSPost2010Prop53
 90
2
102
RTVSPost2010PropOp53
 70
0
102
RTVSPost2010Prop54
  1
strokes_ogs.tif
102
RTVSPost2010PropOp54
 70
0
102
RTVSPost2010Prop55
280
0
102
RTVSPost2010PropOp55
 70
0
102
RTVSPost2010Prop56
140
1.0
102
RTVSPost2010PropOp56
 70
0
102
RTVSPost2010Prop57
140
1.0
102
RTVSPost2010PropOp57
 70
0
  0
XRECORD
  5
22B
102
{ACAD_REACTORS
330
22A
102
}
330
22A
100
AcDbXrecord
280
1
102
RTVSPropertyOp0
 70
1
102
RTVSPropertyOp1
 70
1
102
RTVSPropertyOp2
 70
1
102
RTVSPropertyOp3
 70
1
102
RTVSPropertyOp4
 70
1
102
RTVSPropertyOp5
 70
1
102
RTVSPropertyOp6
 70
1
102
RTVSPropertyOp7
 70
1
102
RTVSPropertyOp8
 70
1
102
RTVSPropertyOp9
 70
1
102
RTVSPropertyOp10
 70
1
102
RTVSPropertyOp11
 70
1
102
RTVSPropertyOp12
 70
1
102
RTVSPropertyOp13
 70
1
102
RTVSPropertyOp14
 70
1
102
RTVSPropertyOp15
 70
1
102
RTVSPropertyOp16
 70
1
102
RTVSPropertyOp17
 70
1
102
RTVSPropertyOp18
 70
1
102
RTVSPropertyOp19
 70
1
102
RTVSPropertyOp20
 70
1
102
RTVSPropertyOp21
 70
1
102
RTVSPropertyOp22
 70
1
102
RTVSPropertyOp23
 70
1
102
RTVSPropertyOp24
 70
1
102
RTVSPropertyOp25
 70
1
102
RTVSPropertyOp26
 70
1
102
RTVSPropertyOp27
 70
1
102
RTVSPropertyOp28
 70
1
102
RTVSPropertyOp29
 70
1
102
RTVSPropertyOp30
 70
1
102
RTVSPropertyOp31
 70
1
102
RTVSPropertyOp32
 70
1
102
RTVSPropertyOp33
 70
1
102
RTVSPropertyOp34
 70
1
102
RTVSPropertyOp35
 70
1
102
RTVSPropertyOp36
 70
1
102
RTVSPropertyOp37
 70
1
102
RTVSPropertyOp38
 70
1
102
RTVSPropertyOp39
 70
1
102
RTVSPropertyOp40
 70
1
102
RTVSPropertyOp41
 70
1
102
RTVSPropertyOp42
 70
1
102
RTVSPropertyOp43
 70
1
102
RTVSPropertyOp44
 70
1
102
RTVSPropertyOp45
 70
1
102
RTVSPropertyOp46
 70
1
102
RTVSPropertyOp47
 70
1
102
RTVSPropertyOp48
 70
1
102
RTVSPropertyOp49
 70
1
102
RTVSPropertyOp50
 70
1
102
RTVSPropertyOp51
 70
0
102
RTVSPropertyOp52
 70
0
102
RTVSPropertyOp53
 70
1
102
RTVSPropertyOp54
 70
1
102
RTVSPropertyOp55
 70
1
102
RTVSPropertyOp56
 70
1
102
RTVSPropertyOp57
 70
1
102
RTVSPost2010Prop28
280
0
102
RTVSPost2010PropOp28
 70
1
102
RTVSPost2010Prop29
280
1
102
RTVSPost2010PropOp29
 70
1
102
RTVSPost2010Prop30
280
1
102
RTVSPost2010PropOp30
 70
1
102
RTVSPost2010Prop31
280
0
102
RTVSPost2010PropOp31
 70
1
102
RTVSPost2010Prop32
280
0
102
RTVSPost2010PropOp32
 70
1
102
RTVSPost2010Prop33
280
0
102
RTVSPost2010PropOp33
 70
1
102
RTVSPost2010Prop34
280
0
102
RTVSPost2010PropOp34
 70
1
102
RTVSPost2010Prop35
280
0
102
RTVSPost2010PropOp35
 70
1
102
RTVSPost2010Prop36
280
0
102
RTVSPost2010PropOp36
 70
1
102
RTVSPost2010Prop37
 90
50
102
RTVSPost2010PropOp37
 70
1
102
RTVSPost2010Prop38
140
0.0
102
RTVSPost2010PropOp38
 70
1
102
RTVSPost2010Prop39
140
1.0
102
RTVSPost2010PropOp39
 70
1
102
RTVSPost2010Prop40
 90
0
102
RTVSPost2010PropOp40
 70
1
102
RTVSPost2010Prop41ColorIndex
 90
18
102
RTVSPost2010Prop41ColorRGB
 90
0
102
RTVSPost2010PropOp41
 70
1
102
RTVSPost2010Prop42
 90
50
102
RTVSPost2010PropOp42
 70
1
102
RTVSPost2010Prop43
 90
3
102
RTVSPost2010PropOp43
 70
1
102
RTVSPost2010Prop44ColorIndex
 90
5
102
RTVSPost2010Prop44ColorRGB
 90
255
102
RTVSPost2010PropOp44
 70
1
102
RTVSPost2010Prop45
280
0
102
RTVSPost2010PropOp45
 70
1
102
RTVSPost2010Prop46
 90
50
102
RTVSPost2010PropOp46
 70
1
102
RTVSPost2010Prop47
 90
50
102
RTVSPost2010PropOp47
 70
1
102
RTVSPost2010Prop48
 90
50
102
RTVSPost2010PropOp48
 70
1
102
RTVSPost2010Prop49
280
0
102
RTVSPost2010PropOp49
 70
1
102
RTVSPost2010Prop50
 90
50
102
RTVSPost2010PropOp50
 70
1
102
RTVSPost2010Prop51ColorIndex
 90
256
102
RTVSPost2010Prop51ColorRGB
 90
-16777216
102
RTVSPost2010PropOp51
 70
0
102
RTVSPost2010Prop52
140
1.0
102
RTVSPost2010PropOp52
 70
0
102
RTVSPost2010Prop53
 90
2
102
RTVSPost2010PropOp53
 70
1
102
RTVSPost2010Prop54
  1
strokes_ogs.tif
102
RTVSPost2010PropOp54
 70
1
102
RTVSPost2010Prop55
280
0
102
RTVSPost2010PropOp55
 70
1
102
RTVSPost2010Prop56
140
1.0
102
RTVSPost2010PropOp56
 70
1
102
RTVSPost2010Prop57
140
1.0
102
RTVSPost2010PropOp57
 70
1
  0
XRECORD
  5
20F
102
{ACAD_REACTORS
330
20E
102
}
330
20E
100
AcDbXrecord
280
1
102
RTVSPropertyOp0
 70
1
102
RTVSPropertyOp1
 70
1
102
RTVSPropertyOp2
 70
1
102
RTVSPropertyOp3
 70
1
102
RTVSPropertyOp4
 70
1
102
RTVSPropertyOp5
 70
1
102
RTVSPropertyOp6
 70
1
102
RTVSPropertyOp7
 70
1
102
RTVSPropertyOp8
 70
1
102
RTVSPropertyOp9
 70
1
102
RTVSPropertyOp10
 70
1
102
RTVSPropertyOp11
 70
1
102
RTVSPropertyOp12
 70
1
102
RTVSPropertyOp13
 70
1
102
RTVSPropertyOp14
 70
1
102
RTVSPropertyOp15
 70
1
102
RTVSPropertyOp16
 70
1
102
RTVSPropertyOp17
 70
1
102
RTVSPropertyOp18
 70
1
102
RTVSPropertyOp19
 70
1
102
RTVSPropertyOp20
 70
1
102
RTVSPropertyOp21
 70
1
102
RTVSPropertyOp22
 70
1
102
RTVSPropertyOp23
 70
1
102
RTVSPropertyOp24
 70
1
102
RTVSPropertyOp25
 70
1
102
RTVSPropertyOp26
 70
1
102
RTVSPropertyOp27
 70
1
102
RTVSPropertyOp28
 70
1
102
RTVSPropertyOp29
 70
1
102
RTVSPropertyOp30
 70
1
102
RTVSPropertyOp31
 70
1
102
RTVSPropertyOp32
 70
1
102
RTVSPropertyOp33
 70
1
102
RTVSPropertyOp34
 70
1
102
RTVSPropertyOp35
 70
1
102
RTVSPropertyOp36
 70
1
102
RTVSPropertyOp37
 70
1
102
RTVSPropertyOp38
 70
1
102
RTVSPropertyOp39
 70
1
102
RTVSPropertyOp40
 70
1
102
RTVSPropertyOp41
 70
1
102
RTVSPropertyOp42
 70
1
102
RTVSPropertyOp43
 70
1
102
RTVSPropertyOp44
 70
1
102
RTVSPropertyOp45
 70
1
102
RTVSPropertyOp46
 70
1
102
RTVSPropertyOp47
 70
1
102
RTVSPropertyOp48
 70
1
102
RTVSPropertyOp49
 70
1
102
RTVSPropertyOp50
 70
1
102
RTVSPropertyOp51
 70
0
102
RTVSPropertyOp52
 70
0
102
RTVSPropertyOp53
 70
1
102
RTVSPropertyOp54
 70
1
102
RTVSPropertyOp55
 70
1
102
RTVSPropertyOp56
 70
1
102
RTVSPropertyOp57
 70
1
102
RTVSPost2010Prop28
280
0
102
RTVSPost2010PropOp28
 70
1
102
RTVSPost2010Prop29
280
1
102
RTVSPost2010PropOp29
 70
1
102
RTVSPost2010Prop30
280
1
102
RTVSPost2010PropOp30
 70
1
102
RTVSPost2010Prop31
280
0
102
RTVSPost2010PropOp31
 70
1
102
RTVSPost2010Prop32
280
0
102
RTVSPost2010PropOp32
 70
1
102
RTVSPost2010Prop33
280
0
102
RTVSPost2010PropOp33
 70
1
102
RTVSPost2010Prop34
280
0
102
RTVSPost2010PropOp34
 70
1
102
RTVSPost2010Prop35
280
0
102
RTVSPost2010PropOp35
 70
1
102
RTVSPost2010Prop36
280
0
102
RTVSPost2010PropOp36
 70
1
102
RTVSPost2010Prop37
 90
50
102
RTVSPost2010PropOp37
 70
1
102
RTVSPost2010Prop38
140
0.0
102
RTVSPost2010PropOp38
 70
1
102
RTVSPost2010Prop39
140
1.0
102
RTVSPost2010PropOp39
 70
1
102
RTVSPost2010Prop40
 90
0
102
RTVSPost2010PropOp40
 70
1
102
RTVSPost2010Prop41ColorIndex
 90
18
102
RTVSPost2010Prop41ColorRGB
 90
0
102
RTVSPost2010PropOp41
 70
1
102
RTVSPost2010Prop42
 90
50
102
RTVSPost2010PropOp42
 70
1
102
RTVSPost2010Prop43
 90
3
102
RTVSPost2010PropOp43
 70
1
102
RTVSPost2010Prop44ColorIndex
 90
5
102
RTVSPost2010Prop44ColorRGB
 90
255
102
RTVSPost2010PropOp44
 70
1
102
RTVSPost2010Prop45
280
0
102
RTVSPost2010PropOp45
 70
1
102
RTVSPost2010Prop46
 90
50
102
RTVSPost2010PropOp46
 70
1
102
RTVSPost2010Prop47
 90
50
102
RTVSPost2010PropOp47
 70
1
102
RTVSPost2010Prop48
 90
50
102
RTVSPost2010PropOp48
 70
1
102
RTVSPost2010Prop49
280
0
102
RTVSPost2010PropOp49
 70
1
102
RTVSPost2010Prop50
 90
50
102
RTVSPost2010PropOp50
 70
1
102
RTVSPost2010Prop51ColorIndex
 90
256
102
RTVSPost2010Prop51ColorRGB
 90
-16777216
102
RTVSPost2010PropOp51
 70
0
102
RTVSPost2010Prop52
140
1.0
102
RTVSPost2010PropOp52
 70
0
102
RTVSPost2010Prop53
 90
2
102
RTVSPost2010PropOp53
 70
1
102
RTVSPost2010Prop54
  1
strokes_ogs.tif
102
RTVSPost2010PropOp54
 70
1
102
RTVSPost2010Prop55
280
0
102
RTVSPost2010PropOp55
 70
1
102
RTVSPost2010Prop56
140
1.0
102
RTVSPost2010PropOp56
 70
1
102
RTVSPost2010Prop57
140
1.0
102
RTVSPost2010PropOp57
 70
1
  0
XRECORD
  5
211
102
{ACAD_REACTORS
330
210
102
}
330
210
100
AcDbXrecord
280
1
102
RTVSPropertyOp0
 70
1
102
RTVSPropertyOp1
 70
1
102
RTVSPropertyOp2
 70
1
102
RTVSPropertyOp3
 70
1
102
RTVSPropertyOp4
 70
1
102
RTVSPropertyOp5
 70
1
102
RTVSPropertyOp6
 70
1
102
RTVSPropertyOp7
 70
1
102
RTVSPropertyOp8
 70
1
102
RTVSPropertyOp9
 70
1
102
RTVSPropertyOp10
 70
1
102
RTVSPropertyOp11
 70
1
102
RTVSPropertyOp12
 70
1
102
RTVSPropertyOp13
 70
1
102
RTVSPropertyOp14
 70
1
102
RTVSPropertyOp15
 70
1
102
RTVSPropertyOp16
 70
1
102
RTVSPropertyOp17
 70
1
102
RTVSPropertyOp18
 70
1
102
RTVSPropertyOp19
 70
1
102
RTVSPropertyOp20
 70
1
102
RTVSPropertyOp21
 70
1
102
RTVSPropertyOp22
 70
1
102
RTVSPropertyOp23
 70
1
102
RTVSPropertyOp24
 70
1
102
RTVSPropertyOp25
 70
1
102
RTVSPropertyOp26
 70
1
102
RTVSPropertyOp27
 70
1
102
RTVSPropertyOp28
 70
1
102
RTVSPropertyOp29
 70
1
102
RTVSPropertyOp30
 70
1
102
RTVSPropertyOp31
 70
1
102
RTVSPropertyOp32
 70
1
102
RTVSPropertyOp33
 70
1
102
RTVSPropertyOp34
 70
1
102
RTVSPropertyOp35
 70
1
102
RTVSPropertyOp36
 70
1
102
RTVSPropertyOp37
 70
1
102
RTVSPropertyOp38
 70
1
102
RTVSPropertyOp39
 70
1
102
RTVSPropertyOp40
 70
1
102
RTVSPropertyOp41
 70
1
102
RTVSPropertyOp42
 70
1
102
RTVSPropertyOp43
 70
1
102
RTVSPropertyOp44
 70
1
102
RTVSPropertyOp45
 70
1
102
RTVSPropertyOp46
 70
1
102
RTVSPropertyOp47
 70
1
102
RTVSPropertyOp48
 70
1
102
RTVSPropertyOp49
 70
1
102
RTVSPropertyOp50
 70
1
102
RTVSPropertyOp51
 70
0
102
RTVSPropertyOp52
 70
0
102
RTVSPropertyOp53
 70
1
102
RTVSPropertyOp54
 70
1
102
RTVSPropertyOp55
 70
1
102
RTVSPropertyOp56
 70
1
102
RTVSPropertyOp57
 70
1
102
RTVSPost2010Prop28
280
0
102
RTVSPost2010PropOp28
 70
1
102
RTVSPost2010Prop29
280
1
102
RTVSPost2010PropOp29
 70
1
102
RTVSPost2010Prop30
280
1
102
RTVSPost2010PropOp30
 70
1
102
RTVSPost2010Prop31
280
0
102
RTVSPost2010PropOp31
 70
1
102
RTVSPost2010Prop32
280
0
102
RTVSPost2010PropOp32
 70
1
102
RTVSPost2010Prop33
280
0
102
RTVSPost2010PropOp33
 70
1
102
RTVSPost2010Prop34
280
0
102
RTVSPost2010PropOp34
 70
1
102
RTVSPost2010Prop35
280
0
102
RTVSPost2010PropOp35
 70
1
102
RTVSPost2010Prop36
280
0
102
RTVSPost2010PropOp36
 70
1
102
RTVSPost2010Prop37
 90
50
102
RTVSPost2010PropOp37
 70
1
102
RTVSPost2010Prop38
140
0.0
102
RTVSPost2010PropOp38
 70
1
102
RTVSPost2010Prop39
140
1.0
102
RTVSPost2010PropOp39
 70
1
102
RTVSPost2010Prop40
 90
0
102
RTVSPost2010PropOp40
 70
1
102
RTVSPost2010Prop41ColorIndex
 90
18
102
RTVSPost2010Prop41ColorRGB
 90
0
102
RTVSPost2010PropOp41
 70
1
102
RTVSPost2010Prop42
 90
50
102
RTVSPost2010PropOp42
 70
1
102
RTVSPost2010Prop43
 90
3
102
RTVSPost2010PropOp43
 70
1
102
RTVSPost2010Prop44ColorIndex
 90
5
102
RTVSPost2010Prop44ColorRGB
 90
255
102
RTVSPost2010PropOp44
 70
1
102
RTVSPost2010Prop45
280
0
102
RTVSPost2010PropOp45
 70
1
102
RTVSPost2010Prop46
 90
50
102
RTVSPost2010PropOp46
 70
1
102
RTVSPost2010Prop47
 90
50
102
RTVSPost2010PropOp47
 70
1
102
RTVSPost2010Prop48
 90
50
102
RTVSPost2010PropOp48
 70
1
102
RTVSPost2010Prop49
280
0
102
RTVSPost2010PropOp49
 70
1
102
RTVSPost2010Prop50
 90
50
102
RTVSPost2010PropOp50
 70
1
102
RTVSPost2010Prop51ColorIndex
 90
256
102
RTVSPost2010Prop51ColorRGB
 90
-16777216
102
RTVSPost2010PropOp51
 70
0
102
RTVSPost2010Prop52
140
1.0
102
RTVSPost2010PropOp52
 70
0
102
RTVSPost2010Prop53
 90
2
102
RTVSPost2010PropOp53
 70
1
102
RTVSPost2010Prop54
  1
strokes_ogs.tif
102
RTVSPost2010PropOp54
 70
1
102
RTVSPost2010Prop55
280
0
102
RTVSPost2010PropOp55
 70
1
102
RTVSPost2010Prop56
140
1.0
102
RTVSPost2010PropOp56
 70
1
102
RTVSPost2010Prop57
140
1.0
102
RTVSPost2010PropOp57
 70
1
  0
XRECORD
  5
213
102
{ACAD_REACTORS
330
212
102
}
330
212
100
AcDbXrecord
280
1
102
RTVSPropertyOp0
 70
1
102
RTVSPropertyOp1
 70
1
102
RTVSPropertyOp2
 70
1
102
RTVSPropertyOp3
 70
1
102
RTVSPropertyOp4
 70
1
102
RTVSPropertyOp5
 70
1
102
RTVSPropertyOp6
 70
1
102
RTVSPropertyOp7
 70
1
102
RTVSPropertyOp8
 70
1
102
RTVSPropertyOp9
 70
1
102
RTVSPropertyOp10
 70
1
102
RTVSPropertyOp11
 70
1
102
RTVSPropertyOp12
 70
1
102
RTVSPropertyOp13
 70
1
102
RTVSPropertyOp14
 70
1
102
RTVSPropertyOp15
 70
1
102
RTVSPropertyOp16
 70
1
102
RTVSPropertyOp17
 70
1
102
RTVSPropertyOp18
 70
1
102
RTVSPropertyOp19
 70
1
102
RTVSPropertyOp20
 70
1
102
RTVSPropertyOp21
 70
1
102
RTVSPropertyOp22
 70
1
102
RTVSPropertyOp23
 70
1
102
RTVSPropertyOp24
 70
1
102
RTVSPropertyOp25
 70
1
102
RTVSPropertyOp26
 70
1
102
RTVSPropertyOp27
 70
1
102
RTVSPropertyOp28
 70
1
102
RTVSPropertyOp29
 70
1
102
RTVSPropertyOp30
 70
1
102
RTVSPropertyOp31
 70
1
102
RTVSPropertyOp32
 70
1
102
RTVSPropertyOp33
 70
1
102
RTVSPropertyOp34
 70
1
102
RTVSPropertyOp35
 70
1
102
RTVSPropertyOp36
 70
1
102
RTVSPropertyOp37
 70
1
102
RTVSPropertyOp38
 70
1
102
RTVSPropertyOp39
 70
1
102
RTVSPropertyOp40
 70
1
102
RTVSPropertyOp41
 70
1
102
RTVSPropertyOp42
 70
1
102
RTVSPropertyOp43
 70
1
102
RTVSPropertyOp44
 70
1
102
RTVSPropertyOp45
 70
1
102
RTVSPropertyOp46
 70
1
102
RTVSPropertyOp47
 70
1
102
RTVSPropertyOp48
 70
1
102
RTVSPropertyOp49
 70
1
102
RTVSPropertyOp50
 70
1
102
RTVSPropertyOp51
 70
0
102
RTVSPropertyOp52
 70
0
102
RTVSPropertyOp53
 70
1
102
RTVSPropertyOp54
 70
1
102
RTVSPropertyOp55
 70
1
102
RTVSPropertyOp56
 70
1
102
RTVSPropertyOp57
 70
1
102
RTVSPost2010Prop28
280
0
102
RTVSPost2010PropOp28
 70
1
102
RTVSPost2010Prop29
280
1
102
RTVSPost2010PropOp29
 70
1
102
RTVSPost2010Prop30
280
1
102
RTVSPost2010PropOp30
 70
1
102
RTVSPost2010Prop31
280
0
102
RTVSPost2010PropOp31
 70
1
102
RTVSPost2010Prop32
280
0
102
RTVSPost2010PropOp32
 70
1
102
RTVSPost2010Prop33
280
0
102
RTVSPost2010PropOp33
 70
1
102
RTVSPost2010Prop34
280
0
102
RTVSPost2010PropOp34
 70
1
102
RTVSPost2010Prop35
280
0
102
RTVSPost2010PropOp35
 70
1
102
RTVSPost2010Prop36
280
0
102
RTVSPost2010PropOp36
 70
1
102
RTVSPost2010Prop37
 90
50
102
RTVSPost2010PropOp37
 70
1
102
RTVSPost2010Prop38
140
0.0
102
RTVSPost2010PropOp38
 70
1
102
RTVSPost2010Prop39
140
1.0
102
RTVSPost2010PropOp39
 70
1
102
RTVSPost2010Prop40
 90
0
102
RTVSPost2010PropOp40
 70
1
102
RTVSPost2010Prop41ColorIndex
 90
18
102
RTVSPost2010Prop41ColorRGB
 90
0
102
RTVSPost2010PropOp41
 70
1
102
RTVSPost2010Prop42
 90
50
102
RTVSPost2010PropOp42
 70
1
102
RTVSPost2010Prop43
 90
3
102
RTVSPost2010PropOp43
 70
1
102
RTVSPost2010Prop44ColorIndex
 90
5
102
RTVSPost2010Prop44ColorRGB
 90
255
102
RTVSPost2010PropOp44
 70
1
102
RTVSPost2010Prop45
280
0
102
RTVSPost2010PropOp45
 70
1
102
RTVSPost2010Prop46
 90
50
102
RTVSPost2010PropOp46
 70
1
102
RTVSPost2010Prop47
 90
50
102
RTVSPost2010PropOp47
 70
1
102
RTVSPost2010Prop48
 90
50
102
RTVSPost2010PropOp48
 70
1
102
RTVSPost2010Prop49
280
0
102
RTVSPost2010PropOp49
 70
1
102
RTVSPost2010Prop50
 90
50
102
RTVSPost2010PropOp50
 70
1
102
RTVSPost2010Prop51ColorIndex
 90
256
102
RTVSPost2010Prop51ColorRGB
 90
-16777216
102
RTVSPost2010PropOp51
 70
0
102
RTVSPost2010Prop52
140
1.0
102
RTVSPost2010PropOp52
 70
0
102
RTVSPost2010Prop53
 90
2
102
RTVSPost2010PropOp53
 70
1
102
RTVSPost2010Prop54
  1
strokes_ogs.tif
102
RTVSPost2010PropOp54
 70
1
102
RTVSPost2010Prop55
280
0
102
RTVSPost2010PropOp55
 70
1
102
RTVSPost2010Prop56
140
1.0
102
RTVSPost2010PropOp56
 70
1
102
RTVSPost2010Prop57
140
1.0
102
RTVSPost2010PropOp57
 70
1
  0
XRECORD
  5
215
102
{ACAD_REACTORS
330
214
102
}
330
214
100
AcDbXrecord
280
1
102
RTVSPropertyOp0
 70
1
102
RTVSPropertyOp1
 70
1
102
RTVSPropertyOp2
 70
1
102
RTVSPropertyOp3
 70
1
102
RTVSPropertyOp4
 70
1
102
RTVSPropertyOp5
 70
1
102
RTVSPropertyOp6
 70
1
102
RTVSPropertyOp7
 70
1
102
RTVSPropertyOp8
 70
1
102
RTVSPropertyOp9
 70
1
102
RTVSPropertyOp10
 70
1
102
RTVSPropertyOp11
 70
1
102
RTVSPropertyOp12
 70
1
102
RTVSPropertyOp13
 70
1
102
RTVSPropertyOp14
 70
1
102
RTVSPropertyOp15
 70
1
102
RTVSPropertyOp16
 70
1
102
RTVSPropertyOp17
 70
1
102
RTVSPropertyOp18
 70
1
102
RTVSPropertyOp19
 70
1
102
RTVSPropertyOp20
 70
1
102
RTVSPropertyOp21
 70
1
102
RTVSPropertyOp22
 70
1
102
RTVSPropertyOp23
 70
1
102
RTVSPropertyOp24
 70
1
102
RTVSPropertyOp25
 70
1
102
RTVSPropertyOp26
 70
1
102
RTVSPropertyOp27
 70
1
102
RTVSPropertyOp28
 70
1
102
RTVSPropertyOp29
 70
1
102
RTVSPropertyOp30
 70
1
102
RTVSPropertyOp31
 70
1
102
RTVSPropertyOp32
 70
1
102
RTVSPropertyOp33
 70
1
102
RTVSPropertyOp34
 70
1
102
RTVSPropertyOp35
 70
1
102
RTVSPropertyOp36
 70
1
102
RTVSPropertyOp37
 70
1
102
RTVSPropertyOp38
 70
1
102
RTVSPropertyOp39
 70
1
102
RTVSPropertyOp40
 70
1
102
RTVSPropertyOp41
 70
1
102
RTVSPropertyOp42
 70
1
102
RTVSPropertyOp43
 70
1
102
RTVSPropertyOp44
 70
1
102
RTVSPropertyOp45
 70
1
102
RTVSPropertyOp46
 70
1
102
RTVSPropertyOp47
 70
1
102
RTVSPropertyOp48
 70
1
102
RTVSPropertyOp49
 70
1
102
RTVSPropertyOp50
 70
1
102
RTVSPropertyOp51
 70
0
102
RTVSPropertyOp52
 70
0
102
RTVSPropertyOp53
 70
1
102
RTVSPropertyOp54
 70
1
102
RTVSPropertyOp55
 70
1
102
RTVSPropertyOp56
 70
1
102
RTVSPropertyOp57
 70
1
102
RTVSPost2010Prop28
280
0
102
RTVSPost2010PropOp28
 70
1
102
RTVSPost2010Prop29
280
1
102
RTVSPost2010PropOp29
 70
1
102
RTVSPost2010Prop30
280
1
102
RTVSPost2010PropOp30
 70
1
102
RTVSPost2010Prop31
280
0
102
RTVSPost2010PropOp31
 70
1
102
RTVSPost2010Prop32
280
0
102
RTVSPost2010PropOp32
 70
1
102
RTVSPost2010Prop33
280
0
102
RTVSPost2010PropOp33
 70
1
102
RTVSPost2010Prop34
280
0
102
RTVSPost2010PropOp34
 70
1
102
RTVSPost2010Prop35
280
0
102
RTVSPost2010PropOp35
 70
1
102
RTVSPost2010Prop36
280
0
102
RTVSPost2010PropOp36
 70
1
102
RTVSPost2010Prop37
 90
50
102
RTVSPost2010PropOp37
 70
1
102
RTVSPost2010Prop38
140
0.0
102
RTVSPost2010PropOp38
 70
1
102
RTVSPost2010Prop39
140
1.0
102
RTVSPost2010PropOp39
 70
1
102
RTVSPost2010Prop40
 90
0
102
RTVSPost2010PropOp40
 70
1
102
RTVSPost2010Prop41ColorIndex
 90
18
102
RTVSPost2010Prop41ColorRGB
 90
0
102
RTVSPost2010PropOp41
 70
1
102
RTVSPost2010Prop42
 90
50
102
RTVSPost2010PropOp42
 70
1
102
RTVSPost2010Prop43
 90
3
102
RTVSPost2010PropOp43
 70
1
102
RTVSPost2010Prop44ColorIndex
 90
5
102
RTVSPost2010Prop44ColorRGB
 90
255
102
RTVSPost2010PropOp44
 70
1
102
RTVSPost2010Prop45
280
0
102
RTVSPost2010PropOp45
 70
1
102
RTVSPost2010Prop46
 90
50
102
RTVSPost2010PropOp46
 70
1
102
RTVSPost2010Prop47
 90
50
102
RTVSPost2010PropOp47
 70
1
102
RTVSPost2010Prop48
 90
50
102
RTVSPost2010PropOp48
 70
1
102
RTVSPost2010Prop49
280
0
102
RTVSPost2010PropOp49
 70
1
102
RTVSPost2010Prop50
 90
50
102
RTVSPost2010PropOp50
 70
1
102
RTVSPost2010Prop51ColorIndex
 90
256
102
RTVSPost2010Prop51ColorRGB
 90
-16777216
102
RTVSPost2010PropOp51
 70
0
102
RTVSPost2010Prop52
140
1.0
102
RTVSPost2010PropOp52
 70
0
102
RTVSPost2010Prop53
 90
2
102
RTVSPost2010PropOp53
 70
1
102
RTVSPost2010Prop54
  1
strokes_ogs.tif
102
RTVSPost2010PropOp54
 70
1
102
RTVSPost2010Prop55
280
0
102
RTVSPost2010PropOp55
 70
1
102
RTVSPost2010Prop56
140
1.0
102
RTVSPost2010PropOp56
 70
1
102
RTVSPost2010Prop57
140
1.0
102
RTVSPost2010PropOp57
 70
1
  0
XRECORD
  5
21B
102
{ACAD_REACTORS
330
21A
102
}
330
21A
100
AcDbXrecord
280
1
102
RTVSPropertyOp0
 70
1
102
RTVSPropertyOp1
 70
1
102
RTVSPropertyOp2
 70
1
102
RTVSPropertyOp3
 70
1
102
RTVSPropertyOp4
 70
1
102
RTVSPropertyOp5
 70
1
102
RTVSPropertyOp6
 70
1
102
RTVSPropertyOp7
 70
1
102
RTVSPropertyOp8
 70
1
102
RTVSPropertyOp9
 70
1
102
RTVSPropertyOp10
 70
1
102
RTVSPropertyOp11
 70
1
102
RTVSPropertyOp12
 70
1
102
RTVSPropertyOp13
 70
1
102
RTVSPropertyOp14
 70
1
102
RTVSPropertyOp15
 70
1
102
RTVSPropertyOp16
 70
1
102
RTVSPropertyOp17
 70
1
102
RTVSPropertyOp18
 70
1
102
RTVSPropertyOp19
 70
1
102
RTVSPropertyOp20
 70
1
102
RTVSPropertyOp21
 70
1
102
RTVSPropertyOp22
 70
1
102
RTVSPropertyOp23
 70
1
102
RTVSPropertyOp24
 70
1
102
RTVSPropertyOp25
 70
1
102
RTVSPropertyOp26
 70
1
102
RTVSPropertyOp27
 70
1
102
RTVSPropertyOp28
 70
1
102
RTVSPropertyOp29
 70
1
102
RTVSPropertyOp30
 70
1
102
RTVSPropertyOp31
 70
1
102
RTVSPropertyOp32
 70
1
102
RTVSPropertyOp33
 70
1
102
RTVSPropertyOp34
 70
1
102
RTVSPropertyOp35
 70
1
102
RTVSPropertyOp36
 70
1
102
RTVSPropertyOp37
 70
1
102
RTVSPropertyOp38
 70
1
102
RTVSPropertyOp39
 70
1
102
RTVSPropertyOp40
 70
1
102
RTVSPropertyOp41
 70
1
102
RTVSPropertyOp42
 70
1
102
RTVSPropertyOp43
 70
1
102
RTVSPropertyOp44
 70
1
102
RTVSPropertyOp45
 70
1
102
RTVSPropertyOp46
 70
1
102
RTVSPropertyOp47
 70
1
102
RTVSPropertyOp48
 70
1
102
RTVSPropertyOp49
 70
1
102
RTVSPropertyOp50
 70
1
102
RTVSPropertyOp51
 70
0
102
RTVSPropertyOp52
 70
0
102
RTVSPropertyOp53
 70
1
102
RTVSPropertyOp54
 70
1
102
RTVSPropertyOp55
 70
1
102
RTVSPropertyOp56
 70
1
102
RTVSPropertyOp57
 70
1
102
RTVSPost2010Prop28
280
0
102
RTVSPost2010PropOp28
 70
1
102
RTVSPost2010Prop29
280
1
102
RTVSPost2010PropOp29
 70
1
102
RTVSPost2010Prop30
280
1
102
RTVSPost2010PropOp30
 70
1
102
RTVSPost2010Prop31
280
0
102
RTVSPost2010PropOp31
 70
1
102
RTVSPost2010Prop32
280
0
102
RTVSPost2010PropOp32
 70
1
102
RTVSPost2010Prop33
280
0
102
RTVSPost2010PropOp33
 70
1
102
RTVSPost2010Prop34
280
0
102
RTVSPost2010PropOp34
 70
1
102
RTVSPost2010Prop35
280
0
102
RTVSPost2010PropOp35
 70
1
102
RTVSPost2010Prop36
280
0
102
RTVSPost2010PropOp36
 70
1
102
RTVSPost2010Prop37
 90
50
102
RTVSPost2010PropOp37
 70
1
102
RTVSPost2010Prop38
140
0.0
102
RTVSPost2010PropOp38
 70
1
102
RTVSPost2010Prop39
140
1.0
102
RTVSPost2010PropOp39
 70
1
102
RTVSPost2010Prop40
 90
0
102
RTVSPost2010PropOp40
 70
1
102
RTVSPost2010Prop41ColorIndex
 90
18
102
RTVSPost2010Prop41ColorRGB
 90
0
102
RTVSPost2010PropOp41
 70
1
102
RTVSPost2010Prop42
 90
50
102
RTVSPost2010PropOp42
 70
1
102
RTVSPost2010Prop43
 90
3
102
RTVSPost2010PropOp43
 70
1
102
RTVSPost2010Prop44ColorIndex
 90
5
102
RTVSPost2010Prop44ColorRGB
 90
255
102
RTVSPost2010PropOp44
 70
1
102
RTVSPost2010Prop45
280
0
102
RTVSPost2010PropOp45
 70
1
102
RTVSPost2010Prop46
 90
50
102
RTVSPost2010PropOp46
 70
1
102
RTVSPost2010Prop47
 90
50
102
RTVSPost2010PropOp47
 70
1
102
RTVSPost2010Prop48
 90
50
102
RTVSPost2010PropOp48
 70
1
102
RTVSPost2010Prop49
280
0
102
RTVSPost2010PropOp49
 70
1
102
RTVSPost2010Prop50
 90
50
102
RTVSPost2010PropOp50
 70
1
102
RTVSPost2010Prop51ColorIndex
 90
256
102
RTVSPost2010Prop51ColorRGB
 90
-16777216
102
RTVSPost2010PropOp51
 70
0
102
RTVSPost2010Prop52
140
1.0
102
RTVSPost2010PropOp52
 70
0
102
RTVSPost2010Prop53
 90
2
102
RTVSPost2010PropOp53
 70
1
102
RTVSPost2010Prop54
  1
strokes_ogs.tif
102
RTVSPost2010PropOp54
 70
1
102
RTVSPost2010Prop55
280
0
102
RTVSPost2010PropOp55
 70
1
102
RTVSPost2010Prop56
140
1.0
102
RTVSPost2010PropOp56
 70
1
102
RTVSPost2010Prop57
140
1.0
102
RTVSPost2010PropOp57
 70
1
  0
XRECORD
  5
22F
102
{ACAD_REACTORS
330
22E
102
}
330
22E
100
AcDbXrecord
280
1
102
RTVSPropertyOp0
 70
0
102
RTVSPropertyOp1
 70
0
102
RTVSPropertyOp2
 70
0
102
RTVSPropertyOp3
 70
0
102
RTVSPropertyOp4
 70
0
102
RTVSPropertyOp5
 70
0
102
RTVSPropertyOp6
 70
0
102
RTVSPropertyOp7
 70
0
102
RTVSPropertyOp8
 70
0
102
RTVSPropertyOp9
 70
0
102
RTVSPropertyOp10
 70
0
102
RTVSPropertyOp11
 70
0
102
RTVSPropertyOp12
 70
0
102
RTVSPropertyOp13
 70
0
102
RTVSPropertyOp14
 70
2
102
RTVSPropertyOp15
 70
0
102
RTVSPropertyOp16
 70
0
102
RTVSPropertyOp17
 70
0
102
RTVSPropertyOp18
 70
0
102
RTVSPropertyOp19
 70
0
102
RTVSPropertyOp20
 70
0
102
RTVSPropertyOp21
 70
0
102
RTVSPropertyOp22
 70
0
102
RTVSPropertyOp23
 70
0
102
RTVSPropertyOp24
 70
0
102
RTVSPropertyOp25
 70
0
102
RTVSPropertyOp26
 70
0
102
RTVSPropertyOp27
 70
0
102
RTVSPropertyOp28
 70
0
102
RTVSPropertyOp29
 70
0
102
RTVSPropertyOp30
 70
0
102
RTVSPropertyOp31
 70
0
102
RTVSPropertyOp32
 70
0
102
RTVSPropertyOp33
 70
0
102
RTVSPropertyOp34
 70
0
102
RTVSPropertyOp35
 70
0
102
RTVSPropertyOp36
 70
0
102
RTVSPropertyOp37
 70
0
102
RTVSPropertyOp38
 70
0
102
RTVSPropertyOp39
 70
0
102
RTVSPropertyOp40
 70
0
102
RTVSPropertyOp41
 70
0
102
RTVSPropertyOp42
 70
0
102
RTVSPropertyOp43
 70
0
102
RTVSPropertyOp44
 70
0
102
RTVSPropertyOp45
 70
0
102
RTVSPropertyOp46
 70
0
102
RTVSPropertyOp47
 70
0
102
RTVSPropertyOp48
 70
0
102
RTVSPropertyOp49
 70
0
102
RTVSPropertyOp50
 70
0
102
RTVSPropertyOp51
 70
0
102
RTVSPropertyOp52
 70
0
102
RTVSPropertyOp53
 70
0
102
RTVSPropertyOp54
 70
0
102
RTVSPropertyOp55
 70
0
102
RTVSPropertyOp56
 70
0
102
RTVSPropertyOp57
 70
0
102
RTVSPost2010Prop28
280
0
102
RTVSPost2010PropOp28
 70
0
102
RTVSPost2010Prop29
280
1
102
RTVSPost2010PropOp29
 70
0
102
RTVSPost2010Prop30
280
1
102
RTVSPost2010PropOp30
 70
0
102
RTVSPost2010Prop31
280
0
102
RTVSPost2010PropOp31
 70
0
102
RTVSPost2010Prop32
280
0
102
RTVSPost2010PropOp32
 70
0
102
RTVSPost2010Prop33
280
0
102
RTVSPost2010PropOp33
 70
0
102
RTVSPost2010Prop34
280
0
102
RTVSPost2010PropOp34
 70
0
102
RTVSPost2010Prop35
280
0
102
RTVSPost2010PropOp35
 70
0
102
RTVSPost2010Prop36
280
0
102
RTVSPost2010PropOp36
 70
0
102
RTVSPost2010Prop37
 90
50
102
RTVSPost2010PropOp37
 70
0
102
RTVSPost2010Prop38
140
0.0
102
RTVSPost2010PropOp38
 70
0
102
RTVSPost2010Prop39
140
1.0
102
RTVSPost2010PropOp39
 70
0
102
RTVSPost2010Prop40
 90
0
102
RTVSPost2010PropOp40
 70
0
102
RTVSPost2010Prop41ColorIndex
 90
18
102
RTVSPost2010Prop41ColorRGB
 90
0
102
RTVSPost2010PropOp41
 70
0
102
RTVSPost2010Prop42
 90
50
102
RTVSPost2010PropOp42
 70
0
102
RTVSPost2010Prop43
 90
3
102
RTVSPost2010PropOp43
 70
0
102
RTVSPost2010Prop44ColorIndex
 90
5
102
RTVSPost2010Prop44ColorRGB
 90
255
102
RTVSPost2010PropOp44
 70
0
102
RTVSPost2010Prop45
280
0
102
RTVSPost2010PropOp45
 70
0
102
RTVSPost2010Prop46
 90
50
102
RTVSPost2010PropOp46
 70
0
102
RTVSPost2010Prop47
 90
50
102
RTVSPost2010PropOp47
 70
0
102
RTVSPost2010Prop48
 90
50
102
RTVSPost2010PropOp48
 70
0
102
RTVSPost2010Prop49
280
0
102
RTVSPost2010PropOp49
 70
0
102
RTVSPost2010Prop50
 90
50
102
RTVSPost2010PropOp50
 70
0
102
RTVSPost2010Prop51ColorIndex
 90
256
102
RTVSPost2010Prop51ColorRGB
 90
-16777216
102
RTVSPost2010PropOp51
 70
0
102
RTVSPost2010Prop52
140
1.0
102
RTVSPost2010PropOp52
 70
0
102
RTVSPost2010Prop53
 90
2
102
RTVSPost2010PropOp53
 70
0
102
RTVSPost2010Prop54
  1
strokes_ogs.tif
102
RTVSPost2010PropOp54
 70
0
102
RTVSPost2010Prop55
280
0
102
RTVSPost2010PropOp55
 70
0
102
RTVSPost2010Prop56
140
1.0
102
RTVSPost2010PropOp56
 70
0
102
RTVSPost2010Prop57
140
1.0
102
RTVSPost2010PropOp57
 70
0
  0
XRECORD
  5
229
102
{ACAD_REACTORS
330
228
102
}
330
228
100
AcDbXrecord
280
1
102
RTVSPropertyOp0
 70
1
102
RTVSPropertyOp1
 70
1
102
RTVSPropertyOp2
 70
1
102
RTVSPropertyOp3
 70
1
102
RTVSPropertyOp4
 70
1
102
RTVSPropertyOp5
 70
1
102
RTVSPropertyOp6
 70
1
102
RTVSPropertyOp7
 70
1
102
RTVSPropertyOp8
 70
1
102
RTVSPropertyOp9
 70
1
102
RTVSPropertyOp10
 70
1
102
RTVSPropertyOp11
 70
1
102
RTVSPropertyOp12
 70
1
102
RTVSPropertyOp13
 70
1
102
RTVSPropertyOp14
 70
1
102
RTVSPropertyOp15
 70
1
102
RTVSPropertyOp16
 70
1
102
RTVSPropertyOp17
 70
1
102
RTVSPropertyOp18
 70
1
102
RTVSPropertyOp19
 70
1
102
RTVSPropertyOp20
 70
1
102
RTVSPropertyOp21
 70
1
102
RTVSPropertyOp22
 70
1
102
RTVSPropertyOp23
 70
1
102
RTVSPropertyOp24
 70
1
102
RTVSPropertyOp25
 70
1
102
RTVSPropertyOp26
 70
1
102
RTVSPropertyOp27
 70
1
102
RTVSPropertyOp28
 70
1
102
RTVSPropertyOp29
 70
1
102
RTVSPropertyOp30
 70
1
102
RTVSPropertyOp31
 70
1
102
RTVSPropertyOp32
 70
1
102
RTVSPropertyOp33
 70
1
102
RTVSPropertyOp34
 70
1
102
RTVSPropertyOp35
 70
1
102
RTVSPropertyOp36
 70
1
102
RTVSPropertyOp37
 70
1
102
RTVSPropertyOp38
 70
1
102
RTVSPropertyOp39
 70
1
102
RTVSPropertyOp40
 70
1
102
RTVSPropertyOp41
 70
1
102
RTVSPropertyOp42
 70
1
102
RTVSPropertyOp43
 70
1
102
RTVSPropertyOp44
 70
1
102
RTVSPropertyOp45
 70
1
102
RTVSPropertyOp46
 70
1
102
RTVSPropertyOp47
 70
1
102
RTVSPropertyOp48
 70
1
102
RTVSPropertyOp49
 70
1
102
RTVSPropertyOp50
 70
1
102
RTVSPropertyOp51
 70
0
102
RTVSPropertyOp52
 70
0
102
RTVSPropertyOp53
 70
1
102
RTVSPropertyOp54
 70
1
102
RTVSPropertyOp55
 70
1
102
RTVSPropertyOp56
 70
1
102
RTVSPropertyOp57
 70
1
102
RTVSPost2010Prop28
280
0
102
RTVSPost2010PropOp28
 70
1
102
RTVSPost2010Prop29
280
1
102
RTVSPost2010PropOp29
 70
1
102
RTVSPost2010Prop30
280
1
102
RTVSPost2010PropOp30
 70
1
102
RTVSPost2010Prop31
280
0
102
RTVSPost2010PropOp31
 70
1
102
RTVSPost2010Prop32
280
0
102
RTVSPost2010PropOp32
 70
1
102
RTVSPost2010Prop33
280
0
102
RTVSPost2010PropOp33
 70
1
102
RTVSPost2010Prop34
280
0
102
RTVSPost2010PropOp34
 70
1
102
RTVSPost2010Prop35
280
0
102
RTVSPost2010PropOp35
 70
1
102
RTVSPost2010Prop36
280
0
102
RTVSPost2010PropOp36
 70
1
102
RTVSPost2010Prop37
 90
50
102
RTVSPost2010PropOp37
 70
1
102
RTVSPost2010Prop38
140
0.0
102
RTVSPost2010PropOp38
 70
1
102
RTVSPost2010Prop39
140
1.0
102
RTVSPost2010PropOp39
 70
1
102
RTVSPost2010Prop40
 90
0
102
RTVSPost2010PropOp40
 70
1
102
RTVSPost2010Prop41ColorIndex
 90
18
102
RTVSPost2010Prop41ColorRGB
 90
0
102
RTVSPost2010PropOp41
 70
1
102
RTVSPost2010Prop42
 90
50
102
RTVSPost2010PropOp42
 70
1
102
RTVSPost2010Prop43
 90
3
102
RTVSPost2010PropOp43
 70
1
102
RTVSPost2010Prop44ColorIndex
 90
5
102
RTVSPost2010Prop44ColorRGB
 90
255
102
RTVSPost2010PropOp44
 70
1
102
RTVSPost2010Prop45
280
0
102
RTVSPost2010PropOp45
 70
1
102
RTVSPost2010Prop46
 90
50
102
RTVSPost2010PropOp46
 70
1
102
RTVSPost2010Prop47
 90
50
102
RTVSPost2010PropOp47
 70
1
102
RTVSPost2010Prop48
 90
50
102
RTVSPost2010PropOp48
 70
1
102
RTVSPost2010Prop49
280
0
102
RTVSPost2010PropOp49
 70
1
102
RTVSPost2010Prop50
 90
50
102
RTVSPost2010PropOp50
 70
1
102
RTVSPost2010Prop51ColorIndex
 90
256
102
RTVSPost2010Prop51ColorRGB
 90
-16777216
102
RTVSPost2010PropOp51
 70
0
102
RTVSPost2010Prop52
140
1.0
102
RTVSPost2010PropOp52
 70
0
102
RTVSPost2010Prop53
 90
2
102
RTVSPost2010PropOp53
 70
1
102
RTVSPost2010Prop54
  1
strokes_ogs.tif
102
RTVSPost2010PropOp54
 70
1
102
RTVSPost2010Prop55
280
0
102
RTVSPost2010PropOp55
 70
1
102
RTVSPost2010Prop56
140
1.0
102
RTVSPost2010PropOp56
 70
1
102
RTVSPost2010Prop57
140
1.0
102
RTVSPost2010PropOp57
 70
1
  0
XRECORD
  5
231
102
{ACAD_REACTORS
330
230
102
}
330
230
100
AcDbXrecord
280
1
102
RTVSPropertyOp0
 70
0
102
RTVSPropertyOp1
 70
0
102
RTVSPropertyOp2
 70
0
102
RTVSPropertyOp3
 70
0
102
RTVSPropertyOp4
 70
0
102
RTVSPropertyOp5
 70
0
102
RTVSPropertyOp6
 70
0
102
RTVSPropertyOp7
 70
0
102
RTVSPropertyOp8
 70
0
102
RTVSPropertyOp9
 70
0
102
RTVSPropertyOp10
 70
0
102
RTVSPropertyOp11
 70
0
102
RTVSPropertyOp12
 70
0
102
RTVSPropertyOp13
 70
0
102
RTVSPropertyOp14
 70
2
102
RTVSPropertyOp15
 70
0
102
RTVSPropertyOp16
 70
0
102
RTVSPropertyOp17
 70
0
102
RTVSPropertyOp18
 70
0
102
RTVSPropertyOp19
 70
0
102
RTVSPropertyOp20
 70
0
102
RTVSPropertyOp21
 70
0
102
RTVSPropertyOp22
 70
0
102
RTVSPropertyOp23
 70
0
102
RTVSPropertyOp24
 70
0
102
RTVSPropertyOp25
 70
0
102
RTVSPropertyOp26
 70
0
102
RTVSPropertyOp27
 70
0
102
RTVSPropertyOp28
 70
0
102
RTVSPropertyOp29
 70
0
102
RTVSPropertyOp30
 70
0
102
RTVSPropertyOp31
 70
0
102
RTVSPropertyOp32
 70
0
102
RTVSPropertyOp33
 70
0
102
RTVSPropertyOp34
 70
0
102
RTVSPropertyOp35
 70
0
102
RTVSPropertyOp36
 70
0
102
RTVSPropertyOp37
 70
0
102
RTVSPropertyOp38
 70
0
102
RTVSPropertyOp39
 70
0
102
RTVSPropertyOp40
 70
0
102
RTVSPropertyOp41
 70
0
102
RTVSPropertyOp42
 70
0
102
RTVSPropertyOp43
 70
0
102
RTVSPropertyOp44
 70
0
102
RTVSPropertyOp45
 70
0
102
RTVSPropertyOp46
 70
0
102
RTVSPropertyOp47
 70
0
102
RTVSPropertyOp48
 70
0
102
RTVSPropertyOp49
 70
0
102
RTVSPropertyOp50
 70
0
102
RTVSPropertyOp51
 70
0
102
RTVSPropertyOp52
 70
0
102
RTVSPropertyOp53
 70
0
102
RTVSPropertyOp54
 70
0
102
RTVSPropertyOp55
 70
0
102
RTVSPropertyOp56
 70
0
102
RTVSPropertyOp57
 70
0
102
RTVSPost2010Prop28
280
0
102
RTVSPost2010PropOp28
 70
0
102
RTVSPost2010Prop29
280
1
102
RTVSPost2010PropOp29
 70
0
102
RTVSPost2010Prop30
280
1
102
RTVSPost2010PropOp30
 70
0
102
RTVSPost2010Prop31
280
0
102
RTVSPost2010PropOp31
 70
0
102
RTVSPost2010Prop32
280
0
102
RTVSPost2010PropOp32
 70
0
102
RTVSPost2010Prop33
280
0
102
RTVSPost2010PropOp33
 70
0
102
RTVSPost2010Prop34
280
0
102
RTVSPost2010PropOp34
 70
0
102
RTVSPost2010Prop35
280
0
102
RTVSPost2010PropOp35
 70
0
102
RTVSPost2010Prop36
280
0
102
RTVSPost2010PropOp36
 70
0
102
RTVSPost2010Prop37
 90
50
102
RTVSPost2010PropOp37
 70
0
102
RTVSPost2010Prop38
140
0.0
102
RTVSPost2010PropOp38
 70
0
102
RTVSPost2010Prop39
140
1.0
102
RTVSPost2010PropOp39
 70
0
102
RTVSPost2010Prop40
 90
0
102
RTVSPost2010PropOp40
 70
0
102
RTVSPost2010Prop41ColorIndex
 90
18
102
RTVSPost2010Prop41ColorRGB
 90
0
102
RTVSPost2010PropOp41
 70
0
102
RTVSPost2010Prop42
 90
50
102
RTVSPost2010PropOp42
 70
0
102
RTVSPost2010Prop43
 90
3
102
RTVSPost2010PropOp43
 70
0
102
RTVSPost2010Prop44ColorIndex
 90
5
102
RTVSPost2010Prop44ColorRGB
 90
255
102
RTVSPost2010PropOp44
 70
0
102
RTVSPost2010Prop45
280
0
102
RTVSPost2010PropOp45
 70
0
102
RTVSPost2010Prop46
 90
50
102
RTVSPost2010PropOp46
 70
0
102
RTVSPost2010Prop47
 90
50
102
RTVSPost2010PropOp47
 70
0
102
RTVSPost2010Prop48
 90
50
102
RTVSPost2010PropOp48
 70
0
102
RTVSPost2010Prop49
280
0
102
RTVSPost2010PropOp49
 70
0
102
RTVSPost2010Prop50
 90
50
102
RTVSPost2010PropOp50
 70
0
102
RTVSPost2010Prop51ColorIndex
 90
256
102
RTVSPost2010Prop51ColorRGB
 90
-16777216
102
RTVSPost2010PropOp51
 70
0
102
RTVSPost2010Prop52
140
1.0
102
RTVSPost2010PropOp52
 70
0
102
RTVSPost2010Prop53
 90
2
102
RTVSPost2010PropOp53
 70
0
102
RTVSPost2010Prop54
  1
strokes_ogs.tif
102
RTVSPost2010PropOp54
 70
0
102
RTVSPost2010Prop55
280
0
102
RTVSPost2010PropOp55
 70
0
102
RTVSPost2010Prop56
140
1.0
102
RTVSPost2010PropOp56
 70
0
102
RTVSPost2010Prop57
140
1.0
102
RTVSPost2010PropOp57
 70
0
  0
XRECORD
  5
21F
102
{ACAD_REACTORS
330
21E
102
}
330
21E
100
AcDbXrecord
280
1
102
RTVSPropertyOp0
 70
1
102
RTVSPropertyOp1
 70
1
102
RTVSPropertyOp2
 70
1
102
RTVSPropertyOp3
 70
1
102
RTVSPropertyOp4
 70
1
102
RTVSPropertyOp5
 70
1
102
RTVSPropertyOp6
 70
1
102
RTVSPropertyOp7
 70
1
102
RTVSPropertyOp8
 70
1
102
RTVSPropertyOp9
 70
1
102
RTVSPropertyOp10
 70
1
102
RTVSPropertyOp11
 70
1
102
RTVSPropertyOp12
 70
1
102
RTVSPropertyOp13
 70
1
102
RTVSPropertyOp14
 70
1
102
RTVSPropertyOp15
 70
1
102
RTVSPropertyOp16
 70
1
102
RTVSPropertyOp17
 70
1
102
RTVSPropertyOp18
 70
1
102
RTVSPropertyOp19
 70
1
102
RTVSPropertyOp20
 70
1
102
RTVSPropertyOp21
 70
1
102
RTVSPropertyOp22
 70
1
102
RTVSPropertyOp23
 70
1
102
RTVSPropertyOp24
 70
1
102
RTVSPropertyOp25
 70
1
102
RTVSPropertyOp26
 70
1
102
RTVSPropertyOp27
 70
1
102
RTVSPropertyOp28
 70
1
102
RTVSPropertyOp29
 70
1
102
RTVSPropertyOp30
 70
1
102
RTVSPropertyOp31
 70
1
102
RTVSPropertyOp32
 70
1
102
RTVSPropertyOp33
 70
1
102
RTVSPropertyOp34
 70
1
102
RTVSPropertyOp35
 70
1
102
RTVSPropertyOp36
 70
1
102
RTVSPropertyOp37
 70
1
102
RTVSPropertyOp38
 70
1
102
RTVSPropertyOp39
 70
1
102
RTVSPropertyOp40
 70
1
102
RTVSPropertyOp41
 70
1
102
RTVSPropertyOp42
 70
1
102
RTVSPropertyOp43
 70
1
102
RTVSPropertyOp44
 70
1
102
RTVSPropertyOp45
 70
1
102
RTVSPropertyOp46
 70
1
102
RTVSPropertyOp47
 70
1
102
RTVSPropertyOp48
 70
1
102
RTVSPropertyOp49
 70
1
102
RTVSPropertyOp50
 70
1
102
RTVSPropertyOp51
 70
0
102
RTVSPropertyOp52
 70
0
102
RTVSPropertyOp53
 70
1
102
RTVSPropertyOp54
 70
1
102
RTVSPropertyOp55
 70
1
102
RTVSPropertyOp56
 70
1
102
RTVSPropertyOp57
 70
1
102
RTVSPost2010Prop28
280
0
102
RTVSPost2010PropOp28
 70
1
102
RTVSPost2010Prop29
280
1
102
RTVSPost2010PropOp29
 70
1
102
RTVSPost2010Prop30
280
1
102
RTVSPost2010PropOp30
 70
1
102
RTVSPost2010Prop31
280
0
102
RTVSPost2010PropOp31
 70
1
102
RTVSPost2010Prop32
280
0
102
RTVSPost2010PropOp32
 70
1
102
RTVSPost2010Prop33
280
0
102
RTVSPost2010PropOp33
 70
1
102
RTVSPost2010Prop34
280
0
102
RTVSPost2010PropOp34
 70
1
102
RTVSPost2010Prop35
280
0
102
RTVSPost2010PropOp35
 70
1
102
RTVSPost2010Prop36
280
0
102
RTVSPost2010PropOp36
 70
1
102
RTVSPost2010Prop37
 90
50
102
RTVSPost2010PropOp37
 70
1
102
RTVSPost2010Prop38
140
0.0
102
RTVSPost2010PropOp38
 70
1
102
RTVSPost2010Prop39
140
1.0
102
RTVSPost2010PropOp39
 70
1
102
RTVSPost2010Prop40
 90
0
102
RTVSPost2010PropOp40
 70
1
102
RTVSPost2010Prop41ColorIndex
 90
18
102
RTVSPost2010Prop41ColorRGB
 90
0
102
RTVSPost2010PropOp41
 70
1
102
RTVSPost2010Prop42
 90
50
102
RTVSPost2010PropOp42
 70
1
102
RTVSPost2010Prop43
 90
3
102
RTVSPost2010PropOp43
 70
1
102
RTVSPost2010Prop44ColorIndex
 90
5
102
RTVSPost2010Prop44ColorRGB
 90
255
102
RTVSPost2010PropOp44
 70
1
102
RTVSPost2010Prop45
280
0
102
RTVSPost2010PropOp45
 70
1
102
RTVSPost2010Prop46
 90
50
102
RTVSPost2010PropOp46
 70
1
102
RTVSPost2010Prop47
 90
50
102
RTVSPost2010PropOp47
 70
1
102
RTVSPost2010Prop48
 90
50
102
RTVSPost2010PropOp48
 70
1
102
RTVSPost2010Prop49
280
0
102
RTVSPost2010PropOp49
 70
1
102
RTVSPost2010Prop50
 90
50
102
RTVSPost2010PropOp50
 70
1
102
RTVSPost2010Prop51ColorIndex
 90
256
102
RTVSPost2010Prop51ColorRGB
 90
-16777216
102
RTVSPost2010PropOp51
 70
0
102
RTVSPost2010Prop52
140
1.0
102
RTVSPost2010PropOp52
 70
0
102
RTVSPost2010Prop53
 90
2
102
RTVSPost2010PropOp53
 70
1
102
RTVSPost2010Prop54
  1
strokes_ogs.tif
102
RTVSPost2010PropOp54
 70
1
102
RTVSPost2010Prop55
280
0
102
RTVSPost2010PropOp55
 70
1
102
RTVSPost2010Prop56
140
1.0
102
RTVSPost2010PropOp56
 70
1
102
RTVSPost2010Prop57
140
1.0
102
RTVSPost2010PropOp57
 70
1
  0
XRECORD
  5
23D
102
{ACAD_REACTORS
330
23C
102
}
330
23C
100
AcDbXrecord
280
1
102
RTVSPropertyOp0
 70
1
102
RTVSPropertyOp1
 70
1
102
RTVSPropertyOp2
 70
1
102
RTVSPropertyOp3
 70
1
102
RTVSPropertyOp4
 70
1
102
RTVSPropertyOp5
 70
1
102
RTVSPropertyOp6
 70
1
102
RTVSPropertyOp7
 70
1
102
RTVSPropertyOp8
 70
1
102
RTVSPropertyOp9
 70
1
102
RTVSPropertyOp10
 70
1
102
RTVSPropertyOp11
 70
1
102
RTVSPropertyOp12
 70
1
102
RTVSPropertyOp13
 70
1
102
RTVSPropertyOp14
 70
1
102
RTVSPropertyOp15
 70
1
102
RTVSPropertyOp16
 70
1
102
RTVSPropertyOp17
 70
1
102
RTVSPropertyOp18
 70
1
102
RTVSPropertyOp19
 70
1
102
RTVSPropertyOp20
 70
1
102
RTVSPropertyOp21
 70
1
102
RTVSPropertyOp22
 70
1
102
RTVSPropertyOp23
 70
1
102
RTVSPropertyOp24
 70
1
102
RTVSPropertyOp25
 70
1
102
RTVSPropertyOp26
 70
1
102
RTVSPropertyOp27
 70
1
102
RTVSPropertyOp28
 70
1
102
RTVSPropertyOp29
 70
1
102
RTVSPropertyOp30
 70
1
102
RTVSPropertyOp31
 70
1
102
RTVSPropertyOp32
 70
1
102
RTVSPropertyOp33
 70
1
102
RTVSPropertyOp34
 70
1
102
RTVSPropertyOp35
 70
1
102
RTVSPropertyOp36
 70
1
102
RTVSPropertyOp37
 70
1
102
RTVSPropertyOp38
 70
1
102
RTVSPropertyOp39
 70
1
102
RTVSPropertyOp40
 70
1
102
RTVSPropertyOp41
 70
1
102
RTVSPropertyOp42
 70
1
102
RTVSPropertyOp43
 70
1
102
RTVSPropertyOp44
 70
1
102
RTVSPropertyOp45
 70
1
102
RTVSPropertyOp46
 70
1
102
RTVSPropertyOp47
 70
1
102
RTVSPropertyOp48
 70
1
102
RTVSPropertyOp49
 70
1
102
RTVSPropertyOp50
 70
1
102
RTVSPropertyOp51
 70
0
102
RTVSPropertyOp52
 70
0
102
RTVSPropertyOp53
 70
1
102
RTVSPropertyOp54
 70
1
102
RTVSPropertyOp55
 70
1
102
RTVSPropertyOp56
 70
1
102
RTVSPropertyOp57
 70
1
102
RTVSPost2010Prop28
280
0
102
RTVSPost2010PropOp28
 70
1
102
RTVSPost2010Prop29
280
1
102
RTVSPost2010PropOp29
 70
1
102
RTVSPost2010Prop30
280
1
102
RTVSPost2010PropOp30
 70
1
102
RTVSPost2010Prop31
280
0
102
RTVSPost2010PropOp31
 70
1
102
RTVSPost2010Prop32
280
0
102
RTVSPost2010PropOp32
 70
1
102
RTVSPost2010Prop33
280
0
102
RTVSPost2010PropOp33
 70
1
102
RTVSPost2010Prop34
280
0
102
RTVSPost2010PropOp34
 70
1
102
RTVSPost2010Prop35
280
0
102
RTVSPost2010PropOp35
 70
1
102
RTVSPost2010Prop36
280
0
102
RTVSPost2010PropOp36
 70
1
102
RTVSPost2010Prop37
 90
50
102
RTVSPost2010PropOp37
 70
1
102
RTVSPost2010Prop38
140
0.0
102
RTVSPost2010PropOp38
 70
1
102
RTVSPost2010Prop39
140
1.0
102
RTVSPost2010PropOp39
 70
1
102
RTVSPost2010Prop40
 90
0
102
RTVSPost2010PropOp40
 70
1
102
RTVSPost2010Prop41ColorIndex
 90
18
102
RTVSPost2010Prop41ColorRGB
 90
0
102
RTVSPost2010PropOp41
 70
1
102
RTVSPost2010Prop42
 90
50
102
RTVSPost2010PropOp42
 70
1
102
RTVSPost2010Prop43
 90
3
102
RTVSPost2010PropOp43
 70
1
102
RTVSPost2010Prop44ColorIndex
 90
5
102
RTVSPost2010Prop44ColorRGB
 90
255
102
RTVSPost2010PropOp44
 70
1
102
RTVSPost2010Prop45
280
0
102
RTVSPost2010PropOp45
 70
1
102
RTVSPost2010Prop46
 90
50
102
RTVSPost2010PropOp46
 70
1
102
RTVSPost2010Prop47
 90
50
102
RTVSPost2010PropOp47
 70
1
102
RTVSPost2010Prop48
 90
50
102
RTVSPost2010PropOp48
 70
1
102
RTVSPost2010Prop49
280
0
102
RTVSPost2010PropOp49
 70
1
102
RTVSPost2010Prop50
 90
50
102
RTVSPost2010PropOp50
 70
1
102
RTVSPost2010Prop51ColorIndex
 90
256
102
RTVSPost2010Prop51ColorRGB
 90
-16777216
102
RTVSPost2010PropOp51
 70
0
102
RTVSPost2010Prop52
140
1.0
102
RTVSPost2010PropOp52
 70
0
102
RTVSPost2010Prop53
 90
2
102
RTVSPost2010PropOp53
 70
1
102
RTVSPost2010Prop54
  1
strokes_ogs.tif
102
RTVSPost2010PropOp54
 70
1
102
RTVSPost2010Prop55
280
0
102
RTVSPost2010PropOp55
 70
1
102
RTVSPost2010Prop56
140
1.0
102
RTVSPost2010PropOp56
 70
1
102
RTVSPost2010Prop57
140
1.0
102
RTVSPost2010PropOp57
 70
1
  0
XRECORD
  5
23B
102
{ACAD_REACTORS
330
23A
102
}
330
23A
100
AcDbXrecord
280
1
102
RTVSPropertyOp0
 70
1
102
RTVSPropertyOp1
 70
1
102
RTVSPropertyOp2
 70
1
102
RTVSPropertyOp3
 70
1
102
RTVSPropertyOp4
 70
1
102
RTVSPropertyOp5
 70
1
102
RTVSPropertyOp6
 70
1
102
RTVSPropertyOp7
 70
1
102
RTVSPropertyOp8
 70
1
102
RTVSPropertyOp9
 70
1
102
RTVSPropertyOp10
 70
1
102
RTVSPropertyOp11
 70
1
102
RTVSPropertyOp12
 70
1
102
RTVSPropertyOp13
 70
1
102
RTVSPropertyOp14
 70
1
102
RTVSPropertyOp15
 70
1
102
RTVSPropertyOp16
 70
1
102
RTVSPropertyOp17
 70
1
102
RTVSPropertyOp18
 70
1
102
RTVSPropertyOp19
 70
1
102
RTVSPropertyOp20
 70
1
102
RTVSPropertyOp21
 70
1
102
RTVSPropertyOp22
 70
1
102
RTVSPropertyOp23
 70
1
102
RTVSPropertyOp24
 70
1
102
RTVSPropertyOp25
 70
1
102
RTVSPropertyOp26
 70
1
102
RTVSPropertyOp27
 70
1
102
RTVSPropertyOp28
 70
1
102
RTVSPropertyOp29
 70
1
102
RTVSPropertyOp30
 70
1
102
RTVSPropertyOp31
 70
1
102
RTVSPropertyOp32
 70
1
102
RTVSPropertyOp33
 70
1
102
RTVSPropertyOp34
 70
1
102
RTVSPropertyOp35
 70
1
102
RTVSPropertyOp36
 70
1
102
RTVSPropertyOp37
 70
1
102
RTVSPropertyOp38
 70
1
102
RTVSPropertyOp39
 70
1
102
RTVSPropertyOp40
 70
1
102
RTVSPropertyOp41
 70
1
102
RTVSPropertyOp42
 70
1
102
RTVSPropertyOp43
 70
1
102
RTVSPropertyOp44
 70
1
102
RTVSPropertyOp45
 70
1
102
RTVSPropertyOp46
 70
1
102
RTVSPropertyOp47
 70
1
102
RTVSPropertyOp48
 70
1
102
RTVSPropertyOp49
 70
1
102
RTVSPropertyOp50
 70
1
102
RTVSPropertyOp51
 70
0
102
RTVSPropertyOp52
 70
0
102
RTVSPropertyOp53
 70
1
102
RTVSPropertyOp54
 70
1
102
RTVSPropertyOp55
 70
1
102
RTVSPropertyOp56
 70
1
102
RTVSPropertyOp57
 70
1
102
RTVSPost2010Prop28
280
0
102
RTVSPost2010PropOp28
 70
1
102
RTVSPost2010Prop29
280
1
102
RTVSPost2010PropOp29
 70
1
102
RTVSPost2010Prop30
280
1
102
RTVSPost2010PropOp30
 70
1
102
RTVSPost2010Prop31
280
0
102
RTVSPost2010PropOp31
 70
1
102
RTVSPost2010Prop32
280
0
102
RTVSPost2010PropOp32
 70
1
102
RTVSPost2010Prop33
280
0
102
RTVSPost2010PropOp33
 70
1
102
RTVSPost2010Prop34
280
0
102
RTVSPost2010PropOp34
 70
1
102
RTVSPost2010Prop35
280
0
102
RTVSPost2010PropOp35
 70
1
102
RTVSPost2010Prop36
280
0
102
RTVSPost2010PropOp36
 70
1
102
RTVSPost2010Prop37
 90
50
102
RTVSPost2010PropOp37
 70
1
102
RTVSPost2010Prop38
140
0.0
102
RTVSPost2010PropOp38
 70
1
102
RTVSPost2010Prop39
140
1.0
102
RTVSPost2010PropOp39
 70
1
102
RTVSPost2010Prop40
 90
0
102
RTVSPost2010PropOp40
 70
1
102
RTVSPost2010Prop41ColorIndex
 90
18
102
RTVSPost2010Prop41ColorRGB
 90
0
102
RTVSPost2010PropOp41
 70
1
102
RTVSPost2010Prop42
 90
50
102
RTVSPost2010PropOp42
 70
1
102
RTVSPost2010Prop43
 90
3
102
RTVSPost2010PropOp43
 70
1
102
RTVSPost2010Prop44ColorIndex
 90
5
102
RTVSPost2010Prop44ColorRGB
 90
255
102
RTVSPost2010PropOp44
 70
1
102
RTVSPost2010Prop45
280
0
102
RTVSPost2010PropOp45
 70
1
102
RTVSPost2010Prop46
 90
50
102
RTVSPost2010PropOp46
 70
1
102
RTVSPost2010Prop47
 90
50
102
RTVSPost2010PropOp47
 70
1
102
RTVSPost2010Prop48
 90
50
102
RTVSPost2010PropOp48
 70
1
102
RTVSPost2010Prop49
280
0
102
RTVSPost2010PropOp49
 70
1
102
RTVSPost2010Prop50
 90
50
102
RTVSPost2010PropOp50
 70
1
102
RTVSPost2010Prop51ColorIndex
 90
256
102
RTVSPost2010Prop51ColorRGB
 90
-16777216
102
RTVSPost2010PropOp51
 70
0
102
RTVSPost2010Prop52
140
1.0
102
RTVSPost2010PropOp52
 70
0
102
RTVSPost2010Prop53
 90
2
102
RTVSPost2010PropOp53
 70
1
102
RTVSPost2010Prop54
  1
strokes_ogs.tif
102
RTVSPost2010PropOp54
 70
1
102
RTVSPost2010Prop55
280
0
102
RTVSPost2010PropOp55
 70
1
102
RTVSPost2010Prop56
140
1.0
102
RTVSPost2010PropOp56
 70
1
102
RTVSPost2010Prop57
140
1.0
102
RTVSPost2010PropOp57
 70
1
  0
XRECORD
  5
235
102
{ACAD_REACTORS
330
234
102
}
330
234
100
AcDbXrecord
280
1
102
RTVSPropertyOp0
 70
1
102
RTVSPropertyOp1
 70
1
102
RTVSPropertyOp2
 70
1
102
RTVSPropertyOp3
 70
1
102
RTVSPropertyOp4
 70
1
102
RTVSPropertyOp5
 70
1
102
RTVSPropertyOp6
 70
1
102
RTVSPropertyOp7
 70
1
102
RTVSPropertyOp8
 70
1
102
RTVSPropertyOp9
 70
1
102
RTVSPropertyOp10
 70
1
102
RTVSPropertyOp11
 70
1
102
RTVSPropertyOp12
 70
1
102
RTVSPropertyOp13
 70
1
102
RTVSPropertyOp14
 70
1
102
RTVSPropertyOp15
 70
1
102
RTVSPropertyOp16
 70
1
102
RTVSPropertyOp17
 70
1
102
RTVSPropertyOp18
 70
1
102
RTVSPropertyOp19
 70
1
102
RTVSPropertyOp20
 70
1
102
RTVSPropertyOp21
 70
1
102
RTVSPropertyOp22
 70
1
102
RTVSPropertyOp23
 70
1
102
RTVSPropertyOp24
 70
1
102
RTVSPropertyOp25
 70
1
102
RTVSPropertyOp26
 70
1
102
RTVSPropertyOp27
 70
1
102
RTVSPropertyOp28
 70
1
102
RTVSPropertyOp29
 70
1
102
RTVSPropertyOp30
 70
1
102
RTVSPropertyOp31
 70
1
102
RTVSPropertyOp32
 70
1
102
RTVSPropertyOp33
 70
1
102
RTVSPropertyOp34
 70
1
102
RTVSPropertyOp35
 70
1
102
RTVSPropertyOp36
 70
1
102
RTVSPropertyOp37
 70
1
102
RTVSPropertyOp38
 70
1
102
RTVSPropertyOp39
 70
1
102
RTVSPropertyOp40
 70
1
102
RTVSPropertyOp41
 70
1
102
RTVSPropertyOp42
 70
1
102
RTVSPropertyOp43
 70
1
102
RTVSPropertyOp44
 70
1
102
RTVSPropertyOp45
 70
1
102
RTVSPropertyOp46
 70
1
102
RTVSPropertyOp47
 70
1
102
RTVSPropertyOp48
 70
1
102
RTVSPropertyOp49
 70
1
102
RTVSPropertyOp50
 70
1
102
RTVSPropertyOp51
 70
0
102
RTVSPropertyOp52
 70
0
102
RTVSPropertyOp53
 70
1
102
RTVSPropertyOp54
 70
1
102
RTVSPropertyOp55
 70
1
102
RTVSPropertyOp56
 70
1
102
RTVSPropertyOp57
 70
1
102
RTVSPost2010Prop28
280
0
102
RTVSPost2010PropOp28
 70
1
102
RTVSPost2010Prop29
280
1
102
RTVSPost2010PropOp29
 70
1
102
RTVSPost2010Prop30
280
1
102
RTVSPost2010PropOp30
 70
1
102
RTVSPost2010Prop31
280
0
102
RTVSPost2010PropOp31
 70
1
102
RTVSPost2010Prop32
280
0
102
RTVSPost2010PropOp32
 70
1
102
RTVSPost2010Prop33
280
0
102
RTVSPost2010PropOp33
 70
1
102
RTVSPost2010Prop34
280
0
102
RTVSPost2010PropOp34
 70
1
102
RTVSPost2010Prop35
280
0
102
RTVSPost2010PropOp35
 70
1
102
RTVSPost2010Prop36
280
0
102
RTVSPost2010PropOp36
 70
1
102
RTVSPost2010Prop37
 90
50
102
RTVSPost2010PropOp37
 70
1
102
RTVSPost2010Prop38
140
0.0
102
RTVSPost2010PropOp38
 70
1
102
RTVSPost2010Prop39
140
1.0
102
RTVSPost2010PropOp39
 70
1
102
RTVSPost2010Prop40
 90
0
102
RTVSPost2010PropOp40
 70
1
102
RTVSPost2010Prop41ColorIndex
 90
18
102
RTVSPost2010Prop41ColorRGB
 90
0
102
RTVSPost2010PropOp41
 70
1
102
RTVSPost2010Prop42
 90
50
102
RTVSPost2010PropOp42
 70
1
102
RTVSPost2010Prop43
 90
3
102
RTVSPost2010PropOp43
 70
1
102
RTVSPost2010Prop44ColorIndex
 90
5
102
RTVSPost2010Prop44ColorRGB
 90
255
102
RTVSPost2010PropOp44
 70
1
102
RTVSPost2010Prop45
280
0
102
RTVSPost2010PropOp45
 70
1
102
RTVSPost2010Prop46
 90
50
102
RTVSPost2010PropOp46
 70
1
102
RTVSPost2010Prop47
 90
50
102
RTVSPost2010PropOp47
 70
1
102
RTVSPost2010Prop48
 90
50
102
RTVSPost2010PropOp48
 70
1
102
RTVSPost2010Prop49
280
0
102
RTVSPost2010PropOp49
 70
1
102
RTVSPost2010Prop50
 90
50
102
RTVSPost2010PropOp50
 70
1
102
RTVSPost2010Prop51ColorIndex
 90
256
102
RTVSPost2010Prop51ColorRGB
 90
-16777216
102
RTVSPost2010PropOp51
 70
0
102
RTVSPost2010Prop52
140
1.0
102
RTVSPost2010PropOp52
 70
0
102
RTVSPost2010Prop53
 90
2
102
RTVSPost2010PropOp53
 70
1
102
RTVSPost2010Prop54
  1
strokes_ogs.tif
102
RTVSPost2010PropOp54
 70
1
102
RTVSPost2010Prop55
280
0
102
RTVSPost2010PropOp55
 70
1
102
RTVSPost2010Prop56
140
1.0
102
RTVSPost2010PropOp56
 70
1
102
RTVSPost2010Prop57
140
1.0
102
RTVSPost2010PropOp57
 70
1
  0
XRECORD
  5
237
102
{ACAD_REACTORS
330
236
102
}
330
236
100
AcDbXrecord
280
1
102
RTVSPropertyOp0
 70
1
102
RTVSPropertyOp1
 70
1
102
RTVSPropertyOp2
 70
1
102
RTVSPropertyOp3
 70
1
102
RTVSPropertyOp4
 70
1
102
RTVSPropertyOp5
 70
1
102
RTVSPropertyOp6
 70
1
102
RTVSPropertyOp7
 70
1
102
RTVSPropertyOp8
 70
1
102
RTVSPropertyOp9
 70
1
102
RTVSPropertyOp10
 70
1
102
RTVSPropertyOp11
 70
1
102
RTVSPropertyOp12
 70
1
102
RTVSPropertyOp13
 70
1
102
RTVSPropertyOp14
 70
1
102
RTVSPropertyOp15
 70
1
102
RTVSPropertyOp16
 70
1
102
RTVSPropertyOp17
 70
1
102
RTVSPropertyOp18
 70
1
102
RTVSPropertyOp19
 70
1
102
RTVSPropertyOp20
 70
1
102
RTVSPropertyOp21
 70
1
102
RTVSPropertyOp22
 70
1
102
RTVSPropertyOp23
 70
1
102
RTVSPropertyOp24
 70
1
102
RTVSPropertyOp25
 70
1
102
RTVSPropertyOp26
 70
1
102
RTVSPropertyOp27
 70
1
102
RTVSPropertyOp28
 70
1
102
RTVSPropertyOp29
 70
1
102
RTVSPropertyOp30
 70
1
102
RTVSPropertyOp31
 70
1
102
RTVSPropertyOp32
 70
1
102
RTVSPropertyOp33
 70
1
102
RTVSPropertyOp34
 70
1
102
RTVSPropertyOp35
 70
1
102
RTVSPropertyOp36
 70
1
102
RTVSPropertyOp37
 70
1
102
RTVSPropertyOp38
 70
1
102
RTVSPropertyOp39
 70
1
102
RTVSPropertyOp40
 70
1
102
RTVSPropertyOp41
 70
1
102
RTVSPropertyOp42
 70
1
102
RTVSPropertyOp43
 70
1
102
RTVSPropertyOp44
 70
1
102
RTVSPropertyOp45
 70
1
102
RTVSPropertyOp46
 70
1
102
RTVSPropertyOp47
 70
1
102
RTVSPropertyOp48
 70
1
102
RTVSPropertyOp49
 70
1
102
RTVSPropertyOp50
 70
1
102
RTVSPropertyOp51
 70
0
102
RTVSPropertyOp52
 70
0
102
RTVSPropertyOp53
 70
1
102
RTVSPropertyOp54
 70
1
102
RTVSPropertyOp55
 70
1
102
RTVSPropertyOp56
 70
1
102
RTVSPropertyOp57
 70
1
102
RTVSPost2010Prop28
280
0
102
RTVSPost2010PropOp28
 70
1
102
RTVSPost2010Prop29
280
1
102
RTVSPost2010PropOp29
 70
1
102
RTVSPost2010Prop30
280
1
102
RTVSPost2010PropOp30
 70
1
102
RTVSPost2010Prop31
280
0
102
RTVSPost2010PropOp31
 70
1
102
RTVSPost2010Prop32
280
0
102
RTVSPost2010PropOp32
 70
1
102
RTVSPost2010Prop33
280
0
102
RTVSPost2010PropOp33
 70
1
102
RTVSPost2010Prop34
280
0
102
RTVSPost2010PropOp34
 70
1
102
RTVSPost2010Prop35
280
0
102
RTVSPost2010PropOp35
 70
1
102
RTVSPost2010Prop36
280
0
102
RTVSPost2010PropOp36
 70
1
102
RTVSPost2010Prop37
 90
50
102
RTVSPost2010PropOp37
 70
1
102
RTVSPost2010Prop38
140
0.0
102
RTVSPost2010PropOp38
 70
1
102
RTVSPost2010Prop39
140
1.0
102
RTVSPost2010PropOp39
 70
1
102
RTVSPost2010Prop40
 90
0
102
RTVSPost2010PropOp40
 70
1
102
RTVSPost2010Prop41ColorIndex
 90
18
102
RTVSPost2010Prop41ColorRGB
 90
0
102
RTVSPost2010PropOp41
 70
1
102
RTVSPost2010Prop42
 90
50
102
RTVSPost2010PropOp42
 70
1
102
RTVSPost2010Prop43
 90
3
102
RTVSPost2010PropOp43
 70
1
102
RTVSPost2010Prop44ColorIndex
 90
5
102
RTVSPost2010Prop44ColorRGB
 90
255
102
RTVSPost2010PropOp44
 70
1
102
RTVSPost2010Prop45
280
0
102
RTVSPost2010PropOp45
 70
1
102
RTVSPost2010Prop46
 90
50
102
RTVSPost2010PropOp46
 70
1
102
RTVSPost2010Prop47
 90
50
102
RTVSPost2010PropOp47
 70
1
102
RTVSPost2010Prop48
 90
50
102
RTVSPost2010PropOp48
 70
1
102
RTVSPost2010Prop49
280
0
102
RTVSPost2010PropOp49
 70
1
102
RTVSPost2010Prop50
 90
50
102
RTVSPost2010PropOp50
 70
1
102
RTVSPost2010Prop51ColorIndex
 90
256
102
RTVSPost2010Prop51ColorRGB
 90
-16777216
102
RTVSPost2010PropOp51
 70
0
102
RTVSPost2010Prop52
140
1.0
102
RTVSPost2010PropOp52
 70
0
102
RTVSPost2010Prop53
 90
2
102
RTVSPost2010PropOp53
 70
1
102
RTVSPost2010Prop54
  1
strokes_ogs.tif
102
RTVSPost2010PropOp54
 70
1
102
RTVSPost2010Prop55
280
0
102
RTVSPost2010PropOp55
 70
1
102
RTVSPost2010Prop56
140
1.0
102
RTVSPost2010PropOp56
 70
1
102
RTVSPost2010Prop57
140
1.0
102
RTVSPost2010PropOp57
 70
1
  0
XRECORD
  5
227
102
{ACAD_REACTORS
330
226
102
}
330
226
100
AcDbXrecord
280
1
102
RTVSPropertyOp0
 70
1
102
RTVSPropertyOp1
 70
1
102
RTVSPropertyOp2
 70
1
102
RTVSPropertyOp3
 70
1
102
RTVSPropertyOp4
 70
1
102
RTVSPropertyOp5
 70
1
102
RTVSPropertyOp6
 70
1
102
RTVSPropertyOp7
 70
1
102
RTVSPropertyOp8
 70
1
102
RTVSPropertyOp9
 70
1
102
RTVSPropertyOp10
 70
1
102
RTVSPropertyOp11
 70
1
102
RTVSPropertyOp12
 70
1
102
RTVSPropertyOp13
 70
1
102
RTVSPropertyOp14
 70
1
102
RTVSPropertyOp15
 70
1
102
RTVSPropertyOp16
 70
1
102
RTVSPropertyOp17
 70
1
102
RTVSPropertyOp18
 70
1
102
RTVSPropertyOp19
 70
1
102
RTVSPropertyOp20
 70
1
102
RTVSPropertyOp21
 70
1
102
RTVSPropertyOp22
 70
1
102
RTVSPropertyOp23
 70
1
102
RTVSPropertyOp24
 70
1
102
RTVSPropertyOp25
 70
1
102
RTVSPropertyOp26
 70
1
102
RTVSPropertyOp27
 70
1
102
RTVSPropertyOp28
 70
1
102
RTVSPropertyOp29
 70
1
102
RTVSPropertyOp30
 70
1
102
RTVSPropertyOp31
 70
1
102
RTVSPropertyOp32
 70
1
102
RTVSPropertyOp33
 70
1
102
RTVSPropertyOp34
 70
1
102
RTVSPropertyOp35
 70
1
102
RTVSPropertyOp36
 70
1
102
RTVSPropertyOp37
 70
1
102
RTVSPropertyOp38
 70
1
102
RTVSPropertyOp39
 70
1
102
RTVSPropertyOp40
 70
1
102
RTVSPropertyOp41
 70
1
102
RTVSPropertyOp42
 70
1
102
RTVSPropertyOp43
 70
1
102
RTVSPropertyOp44
 70
1
102
RTVSPropertyOp45
 70
1
102
RTVSPropertyOp46
 70
1
102
RTVSPropertyOp47
 70
1
102
RTVSPropertyOp48
 70
1
102
RTVSPropertyOp49
 70
1
102
RTVSPropertyOp50
 70
1
102
RTVSPropertyOp51
 70
0
102
RTVSPropertyOp52
 70
0
102
RTVSPropertyOp53
 70
1
102
RTVSPropertyOp54
 70
1
102
RTVSPropertyOp55
 70
1
102
RTVSPropertyOp56
 70
1
102
RTVSPropertyOp57
 70
1
102
RTVSPost2010Prop28
280
0
102
RTVSPost2010PropOp28
 70
1
102
RTVSPost2010Prop29
280
1
102
RTVSPost2010PropOp29
 70
1
102
RTVSPost2010Prop30
280
1
102
RTVSPost2010PropOp30
 70
1
102
RTVSPost2010Prop31
280
0
102
RTVSPost2010PropOp31
 70
1
102
RTVSPost2010Prop32
280
0
102
RTVSPost2010PropOp32
 70
1
102
RTVSPost2010Prop33
280
0
102
RTVSPost2010PropOp33
 70
1
102
RTVSPost2010Prop34
280
0
102
RTVSPost2010PropOp34
 70
1
102
RTVSPost2010Prop35
280
0
102
RTVSPost2010PropOp35
 70
1
102
RTVSPost2010Prop36
280
0
102
RTVSPost2010PropOp36
 70
1
102
RTVSPost2010Prop37
 90
50
102
RTVSPost2010PropOp37
 70
1
102
RTVSPost2010Prop38
140
0.0
102
RTVSPost2010PropOp38
 70
1
102
RTVSPost2010Prop39
140
1.0
102
RTVSPost2010PropOp39
 70
1
102
RTVSPost2010Prop40
 90
0
102
RTVSPost2010PropOp40
 70
1
102
RTVSPost2010Prop41ColorIndex
 90
18
102
RTVSPost2010Prop41ColorRGB
 90
0
102
RTVSPost2010PropOp41
 70
1
102
RTVSPost2010Prop42
 90
50
102
RTVSPost2010PropOp42
 70
1
102
RTVSPost2010Prop43
 90
3
102
RTVSPost2010PropOp43
 70
1
102
RTVSPost2010Prop44ColorIndex
 90
5
102
RTVSPost2010Prop44ColorRGB
 90
255
102
RTVSPost2010PropOp44
 70
1
102
RTVSPost2010Prop45
280
0
102
RTVSPost2010PropOp45
 70
1
102
RTVSPost2010Prop46
 90
50
102
RTVSPost2010PropOp46
 70
1
102
RTVSPost2010Prop47
 90
50
102
RTVSPost2010PropOp47
 70
1
102
RTVSPost2010Prop48
 90
50
102
RTVSPost2010PropOp48
 70
1
102
RTVSPost2010Prop49
280
0
102
RTVSPost2010PropOp49
 70
1
102
RTVSPost2010Prop50
 90
50
102
RTVSPost2010PropOp50
 70
1
102
RTVSPost2010Prop51ColorIndex
 90
256
102
RTVSPost2010Prop51ColorRGB
 90
-16777216
102
RTVSPost2010PropOp51
 70
0
102
RTVSPost2010Prop52
140
1.0
102
RTVSPost2010PropOp52
 70
0
102
RTVSPost2010Prop53
 90
2
102
RTVSPost2010PropOp53
 70
1
102
RTVSPost2010Prop54
  1
strokes_ogs.tif
102
RTVSPost2010PropOp54
 70
1
102
RTVSPost2010Prop55
280
0
102
RTVSPost2010PropOp55
 70
1
102
RTVSPost2010Prop56
140
1.0
102
RTVSPost2010PropOp56
 70
1
102
RTVSPost2010Prop57
140
1.0
102
RTVSPost2010PropOp57
 70
1
  0
XRECORD
  5
219
102
{ACAD_REACTORS
330
218
102
}
330
218
100
AcDbXrecord
280
1
102
RTVSPropertyOp0
 70
1
102
RTVSPropertyOp1
 70
1
102
RTVSPropertyOp2
 70
1
102
RTVSPropertyOp3
 70
1
102
RTVSPropertyOp4
 70
1
102
RTVSPropertyOp5
 70
1
102
RTVSPropertyOp6
 70
1
102
RTVSPropertyOp7
 70
1
102
RTVSPropertyOp8
 70
1
102
RTVSPropertyOp9
 70
1
102
RTVSPropertyOp10
 70
1
102
RTVSPropertyOp11
 70
1
102
RTVSPropertyOp12
 70
1
102
RTVSPropertyOp13
 70
1
102
RTVSPropertyOp14
 70
1
102
RTVSPropertyOp15
 70
1
102
RTVSPropertyOp16
 70
1
102
RTVSPropertyOp17
 70
1
102
RTVSPropertyOp18
 70
1
102
RTVSPropertyOp19
 70
1
102
RTVSPropertyOp20
 70
1
102
RTVSPropertyOp21
 70
1
102
RTVSPropertyOp22
 70
1
102
RTVSPropertyOp23
 70
1
102
RTVSPropertyOp24
 70
1
102
RTVSPropertyOp25
 70
1
102
RTVSPropertyOp26
 70
1
102
RTVSPropertyOp27
 70
1
102
RTVSPropertyOp28
 70
1
102
RTVSPropertyOp29
 70
1
102
RTVSPropertyOp30
 70
1
102
RTVSPropertyOp31
 70
1
102
RTVSPropertyOp32
 70
1
102
RTVSPropertyOp33
 70
1
102
RTVSPropertyOp34
 70
1
102
RTVSPropertyOp35
 70
1
102
RTVSPropertyOp36
 70
1
102
RTVSPropertyOp37
 70
1
102
RTVSPropertyOp38
 70
1
102
RTVSPropertyOp39
 70
1
102
RTVSPropertyOp40
 70
1
102
RTVSPropertyOp41
 70
1
102
RTVSPropertyOp42
 70
1
102
RTVSPropertyOp43
 70
1
102
RTVSPropertyOp44
 70
1
102
RTVSPropertyOp45
 70
1
102
RTVSPropertyOp46
 70
1
102
RTVSPropertyOp47
 70
1
102
RTVSPropertyOp48
 70
1
102
RTVSPropertyOp49
 70
1
102
RTVSPropertyOp50
 70
1
102
RTVSPropertyOp51
 70
0
102
RTVSPropertyOp52
 70
0
102
RTVSPropertyOp53
 70
1
102
RTVSPropertyOp54
 70
1
102
RTVSPropertyOp55
 70
1
102
RTVSPropertyOp56
 70
1
102
RTVSPropertyOp57
 70
1
102
RTVSPost2010Prop28
280
0
102
RTVSPost2010PropOp28
 70
1
102
RTVSPost2010Prop29
280
1
102
RTVSPost2010PropOp29
 70
1
102
RTVSPost2010Prop30
280
1
102
RTVSPost2010PropOp30
 70
1
102
RTVSPost2010Prop31
280
0
102
RTVSPost2010PropOp31
 70
1
102
RTVSPost2010Prop32
280
0
102
RTVSPost2010PropOp32
 70
1
102
RTVSPost2010Prop33
280
0
102
RTVSPost2010PropOp33
 70
1
102
RTVSPost2010Prop34
280
0
102
RTVSPost2010PropOp34
 70
1
102
RTVSPost2010Prop35
280
0
102
RTVSPost2010PropOp35
 70
1
102
RTVSPost2010Prop36
280
0
102
RTVSPost2010PropOp36
 70
1
102
RTVSPost2010Prop37
 90
50
102
RTVSPost2010PropOp37
 70
1
102
RTVSPost2010Prop38
140
0.0
102
RTVSPost2010PropOp38
 70
1
102
RTVSPost2010Prop39
140
1.0
102
RTVSPost2010PropOp39
 70
1
102
RTVSPost2010Prop40
 90
0
102
RTVSPost2010PropOp40
 70
1
102
RTVSPost2010Prop41ColorIndex
 90
18
102
RTVSPost2010Prop41ColorRGB
 90
0
102
RTVSPost2010PropOp41
 70
1
102
RTVSPost2010Prop42
 90
50
102
RTVSPost2010PropOp42
 70
1
102
RTVSPost2010Prop43
 90
3
102
RTVSPost2010PropOp43
 70
1
102
RTVSPost2010Prop44ColorIndex
 90
5
102
RTVSPost2010Prop44ColorRGB
 90
255
102
RTVSPost2010PropOp44
 70
1
102
RTVSPost2010Prop45
280
0
102
RTVSPost2010PropOp45
 70
1
102
RTVSPost2010Prop46
 90
50
102
RTVSPost2010PropOp46
 70
1
102
RTVSPost2010Prop47
 90
50
102
RTVSPost2010PropOp47
 70
1
102
RTVSPost2010Prop48
 90
50
102
RTVSPost2010PropOp48
 70
1
102
RTVSPost2010Prop49
280
0
102
RTVSPost2010PropOp49
 70
1
102
RTVSPost2010Prop50
 90
50
102
RTVSPost2010PropOp50
 70
1
102
RTVSPost2010Prop51ColorIndex
 90
256
102
RTVSPost2010Prop51ColorRGB
 90
-16777216
102
RTVSPost2010PropOp51
 70
0
102
RTVSPost2010Prop52
140
1.0
102
RTVSPost2010PropOp52
 70
0
102
RTVSPost2010Prop53
 90
2
102
RTVSPost2010PropOp53
 70
1
102
RTVSPost2010Prop54
  1
strokes_ogs.tif
102
RTVSPost2010PropOp54
 70
1
102
RTVSPost2010Prop55
280
0
102
RTVSPost2010PropOp55
 70
1
102
RTVSPost2010Prop56
140
1.0
102
RTVSPost2010PropOp56
 70
1
102
RTVSPost2010Prop57
140
1.0
102
RTVSPost2010PropOp57
 70
1
  0
XRECORD
  5
239
102
{ACAD_REACTORS
330
238
102
}
330
238
100
AcDbXrecord
280
1
102
RTVSPropertyOp0
 70
1
102
RTVSPropertyOp1
 70
1
102
RTVSPropertyOp2
 70
1
102
RTVSPropertyOp3
 70
1
102
RTVSPropertyOp4
 70
1
102
RTVSPropertyOp5
 70
1
102
RTVSPropertyOp6
 70
1
102
RTVSPropertyOp7
 70
1
102
RTVSPropertyOp8
 70
1
102
RTVSPropertyOp9
 70
1
102
RTVSPropertyOp10
 70
1
102
RTVSPropertyOp11
 70
1
102
RTVSPropertyOp12
 70
1
102
RTVSPropertyOp13
 70
1
102
RTVSPropertyOp14
 70
1
102
RTVSPropertyOp15
 70
1
102
RTVSPropertyOp16
 70
1
102
RTVSPropertyOp17
 70
1
102
RTVSPropertyOp18
 70
1
102
RTVSPropertyOp19
 70
1
102
RTVSPropertyOp20
 70
1
102
RTVSPropertyOp21
 70
1
102
RTVSPropertyOp22
 70
1
102
RTVSPropertyOp23
 70
1
102
RTVSPropertyOp24
 70
1
102
RTVSPropertyOp25
 70
1
102
RTVSPropertyOp26
 70
1
102
RTVSPropertyOp27
 70
1
102
RTVSPropertyOp28
 70
1
102
RTVSPropertyOp29
 70
1
102
RTVSPropertyOp30
 70
1
102
RTVSPropertyOp31
 70
1
102
RTVSPropertyOp32
 70
1
102
RTVSPropertyOp33
 70
1
102
RTVSPropertyOp34
 70
1
102
RTVSPropertyOp35
 70
1
102
RTVSPropertyOp36
 70
1
102
RTVSPropertyOp37
 70
1
102
RTVSPropertyOp38
 70
1
102
RTVSPropertyOp39
 70
1
102
RTVSPropertyOp40
 70
1
102
RTVSPropertyOp41
 70
1
102
RTVSPropertyOp42
 70
1
102
RTVSPropertyOp43
 70
1
102
RTVSPropertyOp44
 70
1
102
RTVSPropertyOp45
 70
1
102
RTVSPropertyOp46
 70
1
102
RTVSPropertyOp47
 70
1
102
RTVSPropertyOp48
 70
1
102
RTVSPropertyOp49
 70
1
102
RTVSPropertyOp50
 70
1
102
RTVSPropertyOp51
 70
0
102
RTVSPropertyOp52
 70
0
102
RTVSPropertyOp53
 70
1
102
RTVSPropertyOp54
 70
1
102
RTVSPropertyOp55
 70
1
102
RTVSPropertyOp56
 70
1
102
RTVSPropertyOp57
 70
1
102
RTVSPost2010Prop28
280
0
102
RTVSPost2010PropOp28
 70
1
102
RTVSPost2010Prop29
280
1
102
RTVSPost2010PropOp29
 70
1
102
RTVSPost2010Prop30
280
1
102
RTVSPost2010PropOp30
 70
1
102
RTVSPost2010Prop31
280
0
102
RTVSPost2010PropOp31
 70
1
102
RTVSPost2010Prop32
280
0
102
RTVSPost2010PropOp32
 70
1
102
RTVSPost2010Prop33
280
0
102
RTVSPost2010PropOp33
 70
1
102
RTVSPost2010Prop34
280
0
102
RTVSPost2010PropOp34
 70
1
102
RTVSPost2010Prop35
280
0
102
RTVSPost2010PropOp35
 70
1
102
RTVSPost2010Prop36
280
0
102
RTVSPost2010PropOp36
 70
1
102
RTVSPost2010Prop37
 90
50
102
RTVSPost2010PropOp37
 70
1
102
RTVSPost2010Prop38
140
0.0
102
RTVSPost2010PropOp38
 70
1
102
RTVSPost2010Prop39
140
1.0
102
RTVSPost2010PropOp39
 70
1
102
RTVSPost2010Prop40
 90
0
102
RTVSPost2010PropOp40
 70
1
102
RTVSPost2010Prop41ColorIndex
 90
18
102
RTVSPost2010Prop41ColorRGB
 90
0
102
RTVSPost2010PropOp41
 70
1
102
RTVSPost2010Prop42
 90
50
102
RTVSPost2010PropOp42
 70
1
102
RTVSPost2010Prop43
 90
3
102
RTVSPost2010PropOp43
 70
1
102
RTVSPost2010Prop44ColorIndex
 90
5
102
RTVSPost2010Prop44ColorRGB
 90
255
102
RTVSPost2010PropOp44
 70
1
102
RTVSPost2010Prop45
280
0
102
RTVSPost2010PropOp45
 70
1
102
RTVSPost2010Prop46
 90
50
102
RTVSPost2010PropOp46
 70
1
102
RTVSPost2010Prop47
 90
50
102
RTVSPost2010PropOp47
 70
1
102
RTVSPost2010Prop48
 90
50
102
RTVSPost2010PropOp48
 70
1
102
RTVSPost2010Prop49
280
0
102
RTVSPost2010PropOp49
 70
1
102
RTVSPost2010Prop50
 90
50
102
RTVSPost2010PropOp50
 70
1
102
RTVSPost2010Prop51ColorIndex
 90
256
102
RTVSPost2010Prop51ColorRGB
 90
-16777216
102
RTVSPost2010PropOp51
 70
0
102
RTVSPost2010Prop52
140
1.0
102
RTVSPost2010PropOp52
 70
0
102
RTVSPost2010Prop53
 90
2
102
RTVSPost2010PropOp53
 70
1
102
RTVSPost2010Prop54
  1
strokes_ogs.tif
102
RTVSPost2010PropOp54
 70
1
102
RTVSPost2010Prop55
280
0
102
RTVSPost2010PropOp55
 70
1
102
RTVSPost2010Prop56
140
1.0
102
RTVSPost2010PropOp56
 70
1
102
RTVSPost2010Prop57
140
1.0
102
RTVSPost2010PropOp57
 70
1
  0
DICTIONARY
  5
271
330
C
100
AcDbDictionary
281
1
  0
DICTIONARY
  5
BAB
330
C
100
AcDbDictionary
280
1
281
1
  3
WRITTEN_BY_EZDXF
350
BAC
  0
DICTIONARYVAR
  5
BAC
330
BAB
100
DictionaryVariables
280
0
  1
1.4.4 @ 2026-09-07T14:01:20.277049+00:00
  0
ENDSEC
  0
EOF
