G BAHCE-01_P115-B04 89 131
46.279 75.721 4.782
45.747 75.689 4.823
45.214 75.658 4.862
44.682 75.626 4.899
44.150 75.595 4.940
43.618 75.563 4.955
43.085 75.531 4.959
42.553 75.500 4.978
42.021 75.468 4.975
41.489 75.437 4.970
40.956 75.405 4.972
40.424 75.373 4.978
39.892 75.342 4.981
39.360 75.310 4.987
38.827 75.279 5.003
38.295 75.247 5.020
38.264 75.762 5.081
38.234 76.277 5.143
38.203 76.792 5.210
38.172 77.307 5.282
38.141 77.822 5.355
38.111 78.337 5.429
38.080 78.852 5.509
38.049 79.367 5.588
38.018 79.882 5.681
37.988 80.397 5.784
37.957 80.912 5.886
38.157 80.924 5.862
38.650 80.954 5.805
39.173 80.985 5.743
39.696 81.016 5.683
40.218 81.047 5.626
40.741 81.078 5.569
41.264 81.109 5.512
41.950 81.150 5.437
42.492 81.182 5.380
43.034 81.214 5.321
43.576 81.246 5.260
44.117 81.279 5.201
44.659 81.311 5.147
45.201 81.343 5.092
45.743 81.375 5.039
45.930 81.386 5.021
45.962 80.852 4.999
45.994 80.317 4.973
46.025 79.783 4.950
46.057 79.248 4.928
46.089 78.714 4.906
46.101 78.715 4.905
46.102 78.702 4.905
46.137 78.106 4.885
46.173 77.510 4.864
46.208 76.913 4.836
46.244 76.317 4.808
38.957 76.247 5.108
39.957 76.247 5.080
40.957 76.247 5.059
41.957 76.247 5.047
42.957 76.247 5.025
43.957 76.247 4.988
44.957 76.247 4.908
38.957 77.247 5.238
39.957 77.247 5.188
40.957 77.247 5.161
41.957 77.247 5.132
42.957 77.247 5.106
43.957 77.247 5.039
44.957 77.247 4.956
38.957 78.247 5.367
39.957 78.247 5.304
40.957 78.247 5.263
41.957 78.247 5.221
42.957 78.247 5.167
43.957 78.247 5.086
44.957 78.247 4.998
38.957 79.247 5.501
39.957 79.247 5.425
40.957 79.247 5.363
41.957 79.247 5.298
42.957 79.247 5.231
43.957 79.247 5.136
44.957 79.247 5.037
38.957 80.247 5.640
39.957 80.247 5.565
40.957 80.247 5.463
41.957 80.247 5.387
42.957 80.247 5.278
43.957 80.247 5.179
44.957 80.247 5.079
21 20 68
22 21 68
27 25 28
25 27 26
51 67 52
67 51 74
59 58 5
14 16 15
16 54 17
54 16 14
10 56 11
22 75 23
75 22 68
83 84 31
30 83 31
29 83 30
51 50 74
53 1 0
47 50 49
50 47 74
48 47 49
4 59 5
1 60 2
60 1 53
60 53 52
67 60 52
58 6 5
33 85 34
85 33 84
35 86 36
35 85 86
85 35 34
54 18 17
25 82 28
82 29 28
82 83 29
84 32 31
33 32 84
60 3 2
3 60 59
4 3 59
7 6 58
7 57 8
57 7 58
57 9 8
10 9 56
9 57 56
87 37 86
86 37 36
13 54 14
55 12 11
56 55 11
55 13 12
13 55 54
18 61 19
61 18 54
61 20 19
20 61 68
24 82 25
82 24 75
75 24 23
44 88 45
47 81 74
81 47 46
81 46 45
88 81 45
88 39 87
44 43 88
41 43 42
38 37 87
39 38 87
40 39 88
40 43 41
43 40 88
70 78 77
78 70 71
76 70 77
70 76 69
67 73 66
73 67 74
65 58 66
58 59 66
72 78 71
78 72 79
72 65 66
73 72 66
72 80 79
80 72 73
76 75 69
69 75 68
83 76 77
84 83 77
60 67 66
59 60 66
85 78 79
86 85 79
78 85 77
85 84 77
80 87 79
87 86 79
62 70 69
70 62 63
82 75 76
83 82 76
64 72 71
72 64 65
70 64 71
64 70 63
64 58 65
64 57 58
56 64 63
57 64 56
62 55 63
55 56 63
61 55 62
55 61 54
61 69 68
61 62 69
24 20 21
15 24 26
22 24 21
24 25 26
20 24 19
16 24 15
24 22 23
24 16 17
18 24 17
81 73 74
81 80 73
81 87 80
81 88 87
L 46.279,75.721,4.832;45.747,75.689,4.873;45.214,75.658,4.912;44.682,75.626,4.949;44.150,75.595,4.990;43.618,75.563,5.005;43.085,75.531,5.009;42.553,75.500,5.028;42.021,75.468,5.025;41.489,75.437,5.020;40.956,75.405,5.022;40.424,75.373,5.028;39.892,75.342,5.031;39.360,75.310,5.037;38.827,75.279,5.053;38.295,75.247,5.070;38.264,75.762,5.131;38.234,76.277,5.193;38.203,76.792,5.260;38.172,77.307,5.332;38.141,77.822,5.405;38.111,78.337,5.479;38.080,78.852,5.559;38.049,79.367,5.638;38.018,79.882,5.731;37.988,80.397,5.834;37.957,80.912,5.936;38.157,80.924,5.912;38.650,80.954,5.855;39.173,80.985,5.793;39.696,81.016,5.733;40.218,81.047,5.676;40.741,81.078,5.619;41.264,81.109,5.562;41.950,81.150,5.487;42.492,81.182,5.430;43.034,81.214,5.371;43.576,81.246,5.310;44.117,81.279,5.251;44.659,81.311,5.197;45.201,81.343,5.142;45.743,81.375,5.089;45.930,81.386,5.071;45.962,80.852,5.049;45.994,80.317,5.023;46.025,79.783,5.000;46.057,79.248,4.978;46.089,78.714,4.956;46.101,78.715,4.955;46.102,78.702,4.955;46.137,78.106,4.935;46.173,77.510,4.914;46.208,76.913,4.886;46.244,76.317,4.858
G BAHCE-02_P117-B31 229 350
100.116 53.898 -2.188
100.671 53.931 -2.087
101.225 53.964 -1.978
101.780 53.997 -1.866
102.334 54.030 -1.748
102.889 54.063 -1.637
103.443 54.096 -1.530
103.998 54.129 -1.435
104.552 54.162 -1.363
105.107 54.195 -1.291
105.105 54.226 -1.282
105.834 54.270 -1.223
106.562 54.315 -1.168
106.526 54.907 -1.026
106.490 55.499 -0.889
106.454 56.092 -0.759
106.418 56.684 -0.607
106.381 57.276 -0.459
106.890 57.306 -0.466
107.398 57.337 -0.467
107.906 57.367 -0.450
108.414 57.397 -0.433
108.922 57.427 -0.432
109.421 57.457 -0.433
109.920 57.486 -0.428
110.419 57.516 -0.424
110.918 57.546 -0.421
111.418 57.576 -0.407
111.917 57.605 -0.400
112.416 57.635 -0.399
112.915 57.665 -0.400
112.912 57.708 -0.390
113.639 57.753 -0.427
114.365 57.797 -0.448
114.332 58.337 -0.311
114.299 58.877 -0.199
114.266 59.417 -0.095
114.233 59.957 0.010
114.200 60.496 0.099
114.167 61.036 0.186
114.134 61.576 0.267
114.101 62.116 0.339
114.068 62.656 0.413
114.593 62.656 0.403
115.118 62.656 0.366
115.118 62.148 0.297
115.118 61.641 0.227
115.118 61.133 0.149
115.118 60.625 0.067
115.118 60.118 -0.020
115.118 59.610 -0.111
115.118 59.102 -0.208
115.118 58.595 -0.313
115.118 58.087 -0.437
115.118 57.579 -0.566
115.118 57.071 -0.696
115.118 56.564 -0.856
115.118 56.056 -1.012
115.118 55.548 -1.163
115.118 55.041 -1.346
115.118 54.533 -1.537
115.118 54.025 -1.754
115.118 53.518 -2.029
115.118 53.010 -2.290
114.712 52.718 -2.342
114.305 52.426 -2.386
113.899 52.134 -2.401
113.493 51.842 -2.416
113.087 51.550 -2.431
112.680 51.259 -2.450
112.274 50.967 -2.434
111.868 50.675 -2.416
111.462 50.383 -2.412
111.055 50.091 -2.436
110.649 49.799 -2.440
110.243 49.507 -2.445
109.837 49.215 -2.475
109.430 48.923 -2.529
109.024 48.631 -2.577
108.618 48.340 -2.621
108.212 48.048 -2.683
107.805 47.756 -2.743
107.399 47.464 -2.803
106.993 47.172 -2.864
106.580 46.855 -2.954
106.167 46.539 -3.044
105.754 46.222 -3.132
105.341 45.906 -3.228
104.928 45.589 -3.338
104.515 45.273 -3.449
104.102 44.956 -3.555
103.690 44.640 -3.643
103.277 44.323 -3.731
102.864 44.007 -3.784
102.451 43.690 -3.832
102.038 43.374 -3.880
101.625 43.057 -3.924
101.212 42.741 -3.939
100.799 42.424 -3.943
100.768 42.946 -3.919
100.737 43.467 -3.907
100.706 43.989 -3.892
100.675 44.510 -3.861
100.644 45.032 -3.828
100.613 45.553 -3.776
100.582 46.075 -3.724
100.551 46.596 -3.718
100.520 47.118 -3.643
100.489 47.639 -3.564
100.458 48.161 -3.475
100.426 48.683 -3.377
100.395 49.204 -3.286
100.364 49.726 -3.193
100.333 50.247 -3.087
100.302 50.769 -2.977
100.271 51.290 -2.862
100.240 51.812 -2.743
100.209 52.333 -2.625
100.178 52.855 -2.497
100.147 53.376 -2.351
101.116 43.424 -3.903
101.116 44.424 -3.829
102.116 44.424 -3.755
101.116 45.424 -3.747
102.116 45.424 -3.660
103.116 45.424 -3.556
104.116 45.424 -3.447
101.116 46.424 -3.640
102.116 46.424 -3.497
103.116 46.424 -3.359
104.116 46.424 -3.221
105.116 46.424 -3.120
101.116 47.424 -3.481
102.116 47.424 -3.307
103.116 47.424 -3.147
104.116 47.424 -2.969
105.116 47.424 -2.864
106.116 47.424 -2.812
101.116 48.424 -3.301
102.116 48.424 -3.107
103.116 48.424 -2.905
104.116 48.424 -2.726
105.116 48.424 -2.616
106.116 48.424 -2.547
107.116 48.424 -2.536
108.116 48.424 -2.577
101.116 49.424 -3.102
102.116 49.424 -2.905
103.116 49.424 -2.699
104.116 49.424 -2.500
105.116 49.424 -2.369
106.116 49.424 -2.279
107.116 49.424 -2.267
108.116 49.424 -2.286
109.116 49.424 -2.348
101.116 50.424 -2.878
102.116 50.424 -2.672
103.116 50.424 -2.499
104.116 50.424 -2.305
105.116 50.424 -2.119
106.116 50.424 -2.031
107.116 50.424 -2.012
108.116 50.424 -2.034
109.116 50.424 -2.081
110.116 50.424 -2.173
101.116 51.424 -2.648
102.116 51.424 -2.439
103.116 51.424 -2.258
104.116 51.424 -2.095
105.116 51.424 -1.898
106.116 51.424 -1.805
107.116 51.424 -1.769
108.116 51.424 -1.786
109.116 51.424 -1.835
110.116 51.424 -1.904
111.116 51.424 -2.053
112.116 51.424 -2.252
101.116 52.424 -2.409
102.116 52.424 -2.200
103.116 52.424 -2.018
104.116 52.424 -1.850
105.116 52.424 -1.695
106.116 52.424 -1.598
107.116 52.424 -1.545
108.116 52.424 -1.547
109.116 52.424 -1.582
110.116 52.424 -1.643
111.116 52.424 -1.745
112.116 52.424 -1.912
113.116 52.424 -2.116
101.116 53.424 -2.143
102.116 53.424 -1.945
103.116 53.424 -1.769
104.116 53.424 -1.608
105.116 53.424 -1.489
106.116 53.424 -1.392
107.116 53.424 -1.339
108.116 53.424 -1.333
109.116 53.424 -1.333
110.116 53.424 -1.378
111.116 53.424 -1.457
112.116 53.424 -1.573
113.116 53.424 -1.697
114.116 53.424 -1.852
107.116 54.424 -1.116
108.116 54.424 -1.098
109.116 54.424 -1.098
110.116 54.424 -1.107
111.116 54.424 -1.164
112.116 54.424 -1.240
113.116 54.424 -1.323
114.116 54.424 -1.459
107.116 55.424 -0.880
108.116 55.424 -0.848
109.116 55.424 -0.837
110.116 55.424 -0.841
111.116 55.424 -0.883
112.116 55.424 -0.937
113.116 55.424 -1.000
114.116 55.424 -1.092
107.116 56.424 -0.657
108.116 56.424 -0.630
109.116 56.424 -0.629
110.116 56.424 -0.637
111.116 56.424 -0.659
112.116 56.424 -0.670
113.116 56.424 -0.714
114.116 56.424 -0.790
114.116 57.424 -0.532
176 175 71
41 43 42
136 131 85
131 86 85
175 72 71
73 72 175
18 220 19
53 52 34
112 111 146
87 131 88
131 87 86
70 176 71
70 69 176
69 68 176
43 45 44
41 45 43
26 25 224
33 228 54
53 33 54
33 53 34
228 32 226
33 32 228
164 73 175
164 74 73
74 164 75
154 164 163
174 164 175
220 15 212
16 18 17
16 220 18
16 15 220
117 116 177
190 118 177
118 117 177
138 110 109
110 138 146
111 110 146
155 112 146
153 145 79
137 136 85
145 80 79
21 222 22
222 23 22
47 46 40
46 41 40
46 45 41
36 51 50
37 36 50
49 37 50
39 48 47
39 47 40
228 55 54
227 228 226
55 227 56
227 55 228
131 130 88
191 3 190
119 1 0
1 119 190
119 118 190
12 196 204
212 13 204
13 12 204
195 196 12
155 113 112
113 155 114
114 165 115
155 165 114
165 116 115
116 165 177
78 77 154
153 78 154
78 153 79
77 76 154
164 76 75
76 164 154
84 137 85
97 99 98
25 223 224
24 223 25
23 223 24
223 23 222
36 35 51
51 35 52
52 35 34
29 225 226
225 29 28
27 26 224
225 27 224
27 225 28
203 61 211
68 188 176
126 89 88
130 126 88
126 90 89
4 3 191
192 4 191
2 1 190
3 2 190
11 195 12
195 11 194
15 14 212
14 13 212
120 97 96
120 99 97
120 121 101
95 120 96
121 120 95
122 95 94
122 121 95
93 122 94
92 122 93
121 102 101
105 127 106
127 107 106
107 127 132
32 30 226
30 29 226
39 38 48
38 49 48
49 38 37
211 60 59
61 60 211
62 203 63
203 62 61
227 57 56
58 219 59
219 211 59
57 219 58
219 57 227
90 125 91
126 125 90
125 92 91
125 122 92
5 192 6
5 4 192
9 11 10
11 9 194
9 8 194
192 193 6
193 7 6
8 193 194
7 193 8
84 83 137
81 80 145
100 120 101
120 100 99
125 124 122
103 102 121
108 107 132
108 132 138
108 138 109
19 221 20
220 221 19
221 21 20
221 222 21
31 30 32
203 64 63
65 64 203
189 68 67
189 188 68
202 189 203
189 65 203
81 144 82
144 81 145
144 83 82
144 143 137
83 144 137
123 105 104
123 127 105
103 123 104
123 103 121
66 189 67
189 66 65
198 207 206
207 198 199
150 149 142
149 141 142
156 157 167
166 156 167
161 171 160
171 170 160
198 197 185
185 197 184
197 198 206
205 197 206
164 174 163
174 173 163
191 190 177
191 177 178
179 166 167
166 179 178
149 140 141
140 149 148
153 154 163
162 153 163
139 147 138
138 147 146
147 140 148
140 147 139
147 155 146
155 147 156
156 147 157
157 147 148
172 162 163
173 172 163
172 185 184
172 173 185
172 171 161
172 161 162
183 172 184
171 172 183
198 186 199
186 198 185
186 174 175
187 186 175
173 186 185
174 186 173
196 197 205
196 205 204
197 196 184
196 183 184
192 191 178
179 192 178
165 156 166
165 155 156
177 165 178
165 166 178
137 143 136
136 143 142
158 157 148
149 158 148
158 149 150
159 158 150
132 139 138
139 132 133
207 214 206
214 207 215
223 214 215
214 223 222
188 187 175
176 188 175
186 200 199
200 186 187
188 200 187
200 188 201
217 218 225
225 218 226
141 135 142
135 136 142
135 131 136
135 130 131
171 182 170
182 171 183
196 182 183
195 182 196
182 194 181
182 195 194
151 159 150
159 151 160
151 150 142
143 151 142
168 179 167
179 168 180
157 168 167
158 168 157
132 127 133
127 128 133
205 213 204
213 212 204
213 205 206
214 213 206
202 203 211
202 211 210
216 223 215
223 216 224
216 217 225
216 225 224
211 219 210
219 218 210
218 219 226
219 227 226
125 126 130
125 130 129
134 140 139
134 139 133
128 134 133
134 128 129
140 134 141
134 135 141
135 134 130
130 134 129
193 192 179
193 179 180
194 193 181
193 180 181
161 152 162
152 153 162
152 161 160
151 152 160
170 169 160
169 159 160
182 169 170
169 182 181
169 158 159
169 168 158
168 169 180
180 169 181
124 125 129
128 124 129
108 114 115
98 108 0
116 108 115
108 100 101
110 108 109
108 111 112
108 116 117
118 108 117
108 110 111
99 108 98
119 108 118
102 108 101
107 108 106
100 108 99
213 221 212
221 220 212
221 214 222
221 213 214
188 189 201
189 202 201
209 202 210
202 209 201
209 218 217
218 209 210
144 151 143
144 152 151
152 144 153
153 144 145
127 123 128
123 124 128
122 123 121
124 123 122
207 208 215
208 216 215
208 207 199
200 208 199
216 208 217
208 209 217
208 200 201
209 208 201
L 100.116,53.898,-2.138;100.671,53.931,-2.037;101.225,53.964,-1.928;101.780,53.997,-1.816;102.334,54.030,-1.698;102.889,54.063,-1.587;103.443,54.096,-1.480;103.998,54.129,-1.385;104.552,54.162,-1.313;105.107,54.195,-1.241;105.105,54.226,-1.232;105.834,54.270,-1.173;106.562,54.315,-1.118;106.526,54.907,-0.976;106.490,55.499,-0.839;106.454,56.092,-0.709;106.418,56.684,-0.557;106.381,57.276,-0.409;106.890,57.306,-0.416;107.398,57.337,-0.417;107.906,57.367,-0.400;108.414,57.397,-0.383;108.922,57.427,-0.382;109.421,57.457,-0.383;109.920,57.486,-0.378;110.419,57.516,-0.374;110.918,57.546,-0.371;111.418,57.576,-0.357;111.917,57.605,-0.350;112.416,57.635,-0.349;112.915,57.665,-0.350;112.912,57.708,-0.340;113.639,57.753,-0.377;114.365,57.797,-0.398;114.332,58.337,-0.261;114.299,58.877,-0.149;114.266,59.417,-0.045;114.233,59.957,0.060;114.200,60.496,0.149;114.167,61.036,0.236;114.134,61.576,0.317;114.101,62.116,0.389;114.068,62.656,0.463;114.593,62.656,0.453;115.118,62.656,0.416;115.118,62.148,0.347;115.118,61.641,0.277;115.118,61.133,0.199;115.118,60.625,0.117;115.118,60.118,0.030;115.118,59.610,-0.061;115.118,59.102,-0.158;115.118,58.595,-0.263;115.118,58.087,-0.387;115.118,57.579,-0.516;115.118,57.071,-0.646;115.118,56.564,-0.806;115.118,56.056,-0.962;115.118,55.548,-1.113;115.118,55.041,-1.296;115.118,54.533,-1.487;115.118,54.025,-1.704;115.118,53.518,-1.979;115.118,53.010,-2.240;114.712,52.718,-2.292;114.305,52.426,-2.336;113.899,52.134,-2.351;113.493,51.842,-2.366;113.087,51.550,-2.381;112.680,51.259,-2.400;112.274,50.967,-2.384;111.868,50.675,-2.366;111.462,50.383,-2.362;111.055,50.091,-2.386;110.649,49.799,-2.390;110.243,49.507,-2.395;109.837,49.215,-2.425;109.430,48.923,-2.479;109.024,48.631,-2.527;108.618,48.340,-2.571;108.212,48.048,-2.633;107.805,47.756,-2.693;107.399,47.464,-2.753;106.993,47.172,-2.814;106.580,46.855,-2.904;106.167,46.539,-2.994;105.754,46.222,-3.082;105.341,45.906,-3.178;104.928,45.589,-3.288;104.515,45.273,-3.399;104.102,44.956,-3.505;103.690,44.640,-3.593;103.277,44.323,-3.681;102.864,44.007,-3.734;102.451,43.690,-3.782;102.038,43.374,-3.830;101.625,43.057,-3.874;101.212,42.741,-3.889;100.799,42.424,-3.893;100.768,42.946,-3.869;100.737,43.467,-3.857;100.706,43.989,-3.842;100.675,44.510,-3.811;100.644,45.032,-3.778;100.613,45.553,-3.726;100.582,46.075,-3.674;100.551,46.596,-3.668;100.520,47.118,-3.593;100.489,47.639,-3.514;100.458,48.161,-3.425;100.426,48.683,-3.327;100.395,49.204,-3.236;100.364,49.726,-3.143;100.333,50.247,-3.037;100.302,50.769,-2.927;100.271,51.290,-2.812;100.240,51.812,-2.693;100.209,52.333,-2.575;100.178,52.855,-2.447;100.147,53.376,-2.301
G BAHCE-03_P116-B20 89 132
87.929 69.879 0.884
88.493 69.912 0.938
89.058 69.946 0.975
89.622 69.979 1.004
90.186 70.013 1.054
90.751 70.046 1.096
91.315 70.080 1.132
91.880 70.113 1.173
91.911 69.586 1.070
91.943 69.058 0.968
91.975 68.531 0.918
92.007 68.003 0.870
92.039 67.476 0.824
92.079 67.478 0.824
92.081 67.451 0.823
92.082 67.431 0.822
92.118 66.836 0.805
92.154 66.241 0.790
92.189 65.646 0.777
92.225 65.051 0.763
92.261 64.456 0.746
91.730 64.424 0.727
91.199 64.392 0.689
90.669 64.360 0.651
90.138 64.328 0.527
89.607 64.296 0.424
89.076 64.264 0.322
88.545 64.232 0.169
88.015 64.199 -0.010
87.484 64.167 -0.244
86.953 64.135 -0.513
86.422 64.103 -0.752
85.891 64.071 -0.994
85.361 64.039 -1.247
84.830 64.007 -1.490
84.299 63.975 -1.656
84.266 64.490 -1.462
84.233 65.005 -1.255
84.200 65.520 -1.048
84.167 66.035 -0.845
84.134 66.550 -0.715
84.101 67.066 -0.594
84.068 67.581 -0.476
84.035 68.096 -0.372
84.002 68.611 -0.264
83.969 69.126 -0.139
83.936 69.641 -0.013
84.435 69.671 0.124
84.934 69.701 0.245
85.433 69.730 0.379
85.933 69.760 0.533
86.432 69.790 0.657
86.931 69.820 0.755
87.430 69.849 0.831
84.936 64.975 -1.022
85.936 64.975 -0.581
86.936 64.975 -0.162
87.936 64.975 0.141
88.936 64.975 0.459
89.936 64.975 0.595
90.936 64.975 0.721
84.936 65.975 -0.598
85.936 65.975 -0.236
86.936 65.975 0.127
87.936 65.975 0.425
88.936 65.975 0.644
89.936 65.975 0.733
90.936 65.975 0.782
84.936 66.975 -0.351
85.936 66.975 -0.003
86.936 66.975 0.334
87.936 66.975 0.560
88.936 66.975 0.729
89.936 66.975 0.795
90.936 66.975 0.811
84.936 67.975 -0.130
85.936 67.975 0.205
86.936 67.975 0.510
87.936 67.975 0.700
88.936 67.975 0.799
89.936 67.975 0.833
90.936 67.975 0.868
84.936 68.975 0.090
85.936 68.975 0.388
86.936 68.975 0.623
87.936 68.975 0.778
88.936 68.975 0.837
89.936 68.975 0.874
90.936 68.975 0.913
41 40 68
17 67 18
67 17 74
12 81 74
59 58 25
34 36 35
56 55 31
30 56 31
85 1 0
1 86 2
86 1 85
75 42 68
42 41 68
45 47 46
17 16 74
16 12 74
12 16 15
19 21 20
11 10 81
12 11 81
24 59 25
21 60 22
60 21 19
60 19 18
67 60 18
27 57 28
57 27 58
55 32 31
36 54 37
54 36 34
53 85 0
84 53 52
53 84 85
84 52 51
83 84 51
50 83 51
50 49 83
82 44 75
49 82 83
82 45 44
45 82 47
44 43 75
43 42 75
6 8 7
4 88 5
10 88 81
88 6 5
6 88 8
14 12 15
14 13 12
9 88 10
88 9 8
60 23 22
23 60 59
24 23 59
58 26 25
27 26 58
57 29 28
30 29 56
29 57 56
86 3 2
33 54 34
33 32 55
54 33 55
54 38 37
82 48 47
48 82 49
87 3 86
3 87 4
87 88 4
38 61 39
61 38 54
61 40 39
40 61 68
75 69 76
69 75 68
69 70 76
70 77 76
67 73 66
73 67 74
65 58 66
58 59 66
80 73 74
81 80 74
72 65 66
73 72 66
80 72 73
72 80 79
70 78 77
78 70 71
78 72 79
72 78 71
86 78 79
78 86 85
60 67 66
59 60 66
62 70 69
70 62 63
62 56 63
62 55 56
78 84 77
84 78 85
77 84 76
84 83 76
82 75 76
83 82 76
72 64 65
64 72 71
70 64 71
64 70 63
64 58 65
64 57 58
56 64 63
57 64 56
3 1 2
6 3 5
35 38 46
38 43 44
36 38 35
38 45 46
43 38 42
47 48 46
48 0 46
48 50 51
80 87 79
87 86 79
87 80 81
88 87 81
62 61 55
61 54 55
61 69 68
61 62 69
L 87.929,69.879,0.934;88.493,69.912,0.988;89.058,69.946,1.025;89.622,69.979,1.054;90.186,70.013,1.104;90.751,70.046,1.146;91.315,70.080,1.182;91.880,70.113,1.223;91.911,69.586,1.120;91.943,69.058,1.018;91.975,68.531,0.968;92.007,68.003,0.920;92.039,67.476,0.874;92.079,67.478,0.874;92.081,67.451,0.873;92.082,67.431,0.872;92.118,66.836,0.855;92.154,66.241,0.840;92.189,65.646,0.827;92.225,65.051,0.813;92.261,64.456,0.796;91.730,64.424,0.777;91.199,64.392,0.739;90.669,64.360,0.701;90.138,64.328,0.577;89.607,64.296,0.474;89.076,64.264,0.372;88.545,64.232,0.219;88.015,64.199,0.040;87.484,64.167,-0.194;86.953,64.135,-0.463;86.422,64.103,-0.702;85.891,64.071,-0.944;85.361,64.039,-1.197;84.830,64.007,-1.440;84.299,63.975,-1.606;84.266,64.490,-1.412;84.233,65.005,-1.205;84.200,65.520,-0.998;84.167,66.035,-0.795;84.134,66.550,-0.665;84.101,67.066,-0.544;84.068,67.581,-0.426;84.035,68.096,-0.322;84.002,68.611,-0.214;83.969,69.126,-0.089;83.936,69.641,0.037;84.435,69.671,0.174;84.934,69.701,0.295;85.433,69.730,0.429;85.933,69.760,0.583;86.432,69.790,0.707;86.931,69.820,0.805;87.430,69.849,0.881
G BAHCE-04_P116-B24 88 127
125.667 66.475 -0.750
125.168 66.445 -0.615
124.669 66.415 -0.515
124.170 66.384 -0.433
123.671 66.354 -0.348
123.171 66.324 -0.274
122.672 66.294 -0.211
122.173 66.264 -0.147
121.674 66.233 -0.093
121.175 66.203 -0.044
120.676 66.173 0.006
120.177 66.143 0.051
119.677 66.113 0.102
119.178 66.083 0.154
118.679 66.052 0.216
118.180 66.022 0.295
117.681 65.992 0.373
117.650 66.507 0.458
117.620 67.022 0.544
117.589 67.537 0.638
117.558 68.052 0.741
117.528 68.567 0.843
117.497 69.083 0.937
117.467 69.598 0.986
117.436 70.113 1.035
117.405 70.628 1.086
117.375 71.143 1.138
117.344 71.658 1.190
117.843 71.688 1.144
118.342 71.717 1.097
118.841 71.747 1.049
119.340 71.776 1.002
119.840 71.806 0.955
120.339 71.836 0.907
120.838 71.865 0.863
121.337 71.895 0.819
121.879 71.927 0.772
122.421 71.960 0.725
122.963 71.992 0.677
123.505 72.024 0.631
124.047 72.056 0.590
124.589 72.089 0.548
125.131 72.121 0.490
125.330 72.133 0.450
125.362 71.596 0.363
125.394 71.059 0.273
125.426 70.522 0.175
125.458 69.985 0.062
125.490 69.448 -0.042
125.525 68.853 -0.156
125.561 68.259 -0.274
125.596 67.664 -0.434
125.632 67.070 -0.592
118.344 66.992 0.445
119.344 66.992 0.347
120.344 66.992 0.255
121.344 66.992 0.147
122.344 66.992 0.022
123.344 66.992 -0.126
124.344 66.992 -0.312
118.344 67.992 0.665
119.344 67.992 0.577
120.344 67.992 0.489
121.344 67.992 0.381
122.344 67.992 0.254
123.344 67.992 0.105
124.344 67.992 -0.082
118.344 68.992 0.863
119.344 68.992 0.782
120.344 68.992 0.692
121.344 68.992 0.582
122.344 68.992 0.454
123.344 68.992 0.303
124.344 68.992 0.123
118.344 69.992 0.938
119.344 69.992 0.854
120.344 69.992 0.763
121.344 69.992 0.656
122.344 69.992 0.537
123.344 69.992 0.413
124.344 69.992 0.292
118.344 70.992 1.031
119.344 70.992 0.931
120.344 70.992 0.838
121.344 70.992 0.737
122.344 70.992 0.643
123.344 70.992 0.528
124.344 70.992 0.426
23 22 67
22 21 67
60 21 20
21 60 67
15 17 16
49 48 73
40 39 86
87 40 86
41 40 87
48 80 73
19 60 20
53 14 54
53 19 18
19 53 60
17 53 18
14 53 15
53 17 15
12 55 54
26 28 27
24 74 25
74 24 23
74 23 67
52 1 0
50 66 51
50 49 73
66 50 73
1 59 2
59 1 52
59 52 51
66 59 51
57 56 8
83 34 33
32 83 33
45 44 87
44 41 87
44 42 41
42 44 43
46 45 87
80 46 87
37 36 85
39 38 86
38 85 86
38 37 85
14 13 54
13 12 54
10 56 55
81 26 25
74 81 25
28 81 29
26 81 28
81 30 29
84 36 35
36 84 85
34 84 35
83 84 34
59 3 2
58 6 5
6 58 57
7 57 8
7 6 57
82 32 31
82 83 32
30 82 31
81 82 30
47 80 48
47 46 80
12 11 55
11 10 55
56 9 8
10 9 56
4 58 5
58 4 59
4 3 59
63 69 62
69 63 70
69 61 62
61 69 68
55 61 54
61 55 62
61 68 67
60 61 67
61 53 54
53 61 60
23 26 22
21 26 20
26 19 20
77 69 70
77 76 69
49 50 48
56 57 64
63 56 64
56 63 62
55 56 62
69 75 68
76 75 69
68 75 67
75 74 67
77 84 76
84 83 76
78 84 77
84 78 85
58 59 66
58 66 65
57 58 64
64 58 65
82 75 76
83 82 76
75 82 74
82 81 74
44 47 43
47 48 43
66 72 65
72 66 73
78 79 85
85 79 86
79 87 86
79 80 87
79 72 73
80 79 73
79 71 72
71 79 78
71 63 64
63 71 70
71 77 70
71 78 77
71 64 65
72 71 65
L 125.667,66.475,-0.700;125.168,66.445,-0.565;124.669,66.415,-0.465;124.170,66.384,-0.383;123.671,66.354,-0.298;123.171,66.324,-0.224;122.672,66.294,-0.161;122.173,66.264,-0.097;121.674,66.233,-0.043;121.175,66.203,0.006;120.676,66.173,0.056;120.177,66.143,0.101;119.677,66.113,0.152;119.178,66.083,0.204;118.679,66.052,0.266;118.180,66.022,0.345;117.681,65.992,0.423;117.650,66.507,0.508;117.620,67.022,0.594;117.589,67.537,0.688;117.558,68.052,0.791;117.528,68.567,0.893;117.497,69.083,0.987;117.467,69.598,1.036;117.436,70.113,1.085;117.405,70.628,1.136;117.375,71.143,1.188;117.344,71.658,1.240;117.843,71.688,1.194;118.342,71.717,1.147;118.841,71.747,1.099;119.340,71.776,1.052;119.840,71.806,1.005;120.339,71.836,0.957;120.838,71.865,0.913;121.337,71.895,0.869;121.879,71.927,0.822;122.421,71.960,0.775;122.963,71.992,0.727;123.505,72.024,0.681;124.047,72.056,0.640;124.589,72.089,0.598;125.131,72.121,0.540;125.330,72.133,0.500;125.362,71.596,0.413;125.394,71.059,0.323;125.426,70.522,0.225;125.458,69.985,0.112;125.490,69.448,0.008;125.525,68.853,-0.106;125.561,68.259,-0.224;125.596,67.664,-0.384;125.632,67.070,-0.542
G BAHCE-05_P116-B16 88 121
50.777 61.950 4.354
50.746 62.465 4.345
50.715 62.980 4.342
50.683 63.495 4.323
50.652 64.010 4.312
50.621 64.525 4.306
50.590 65.041 4.294
50.559 65.556 4.280
50.528 66.071 4.257
50.496 66.586 4.241
50.465 67.101 4.231
50.434 67.616 4.220
50.434 67.617 4.220
50.933 67.647 4.145
51.432 67.676 4.070
51.931 67.706 3.976
52.430 67.736 3.880
52.930 67.765 3.783
53.429 67.795 3.670
53.928 67.824 3.554
54.427 67.854 3.437
54.969 67.886 3.292
55.511 67.919 3.146
56.053 67.951 2.997
56.594 67.983 2.846
57.136 68.015 2.693
57.678 68.048 2.526
58.220 68.080 2.330
58.420 68.092 2.259
58.453 67.530 2.264
58.487 66.967 2.257
58.520 66.405 2.257
58.550 65.906 2.263
58.580 65.406 2.299
58.616 64.811 2.361
58.652 64.216 2.453
58.688 63.622 2.577
58.724 63.027 2.696
58.760 62.432 2.827
58.228 62.400 2.983
57.696 62.368 3.130
57.163 62.336 3.256
56.631 62.303 3.383
56.099 62.271 3.531
55.567 62.239 3.658
55.035 62.207 3.765
54.502 62.175 3.853
53.970 62.143 3.957
53.438 62.111 4.040
52.906 62.079 4.117
52.374 62.046 4.185
51.841 62.014 4.255
51.309 61.982 4.317
51.434 62.950 4.279
52.434 62.950 4.143
53.434 62.950 3.985
54.434 62.950 3.796
55.434 62.950 3.580
56.434 62.950 3.338
57.434 62.950 3.068
51.434 63.950 4.237
52.434 63.950 4.089
53.434 63.950 3.907
54.434 63.950 3.698
55.434 63.950 3.453
56.434 63.950 3.157
57.434 63.950 2.865
51.434 64.950 4.192
52.434 64.950 4.019
53.434 64.950 3.829
54.434 64.950 3.608
55.434 64.950 3.340
56.434 64.950 3.044
57.434 64.950 2.722
51.434 65.950 4.138
52.434 65.950 3.957
53.434 65.950 3.757
54.434 65.950 3.531
55.434 65.950 3.275
56.434 65.950 2.982
57.434 65.950 2.645
51.434 66.950 4.096
52.434 66.950 3.913
53.434 66.950 3.707
54.434 66.950 3.476
55.434 66.950 3.210
56.434 66.950 2.917
57.434 66.950 2.631
6 5 67
7 6 67
74 7 67
55 54 49
52 1 0
81 9 74
86 24 23
24 86 25
56 47 46
47 56 55
3 60 4
60 5 4
5 60 67
8 7 74
9 8 74
81 10 9
85 22 21
85 86 23
22 85 23
86 87 25
87 26 25
40 39 59
41 40 59
58 41 59
41 58 42
45 44 57
45 56 46
56 45 57
43 58 57
44 43 57
58 43 42
54 50 49
51 50 54
51 53 52
1 53 2
53 1 52
53 51 54
53 3 2
53 60 3
48 55 49
48 47 55
73 35 34
73 66 35
29 87 30
87 29 26
10 13 11
13 12 11
13 10 81
14 13 81
18 17 83
17 82 83
82 17 16
19 18 83
19 84 20
84 19 83
84 21 20
84 85 21
82 15 81
15 14 81
15 82 16
87 31 30
37 39 38
39 37 59
33 73 34
31 80 32
80 31 87
80 33 32
33 80 73
27 29 28
29 27 26
66 36 35
36 66 59
37 36 59
55 62 61
54 55 61
57 58 64
64 58 65
85 78 79
86 85 79
83 82 76
76 82 75
82 74 75
82 81 74
68 60 61
60 68 67
74 68 75
68 74 67
62 68 61
69 68 62
68 76 75
68 69 76
58 66 65
66 58 59
78 71 79
71 72 79
71 64 65
72 71 65
53 54 61
60 53 61
71 63 64
63 71 70
63 69 62
69 63 70
55 63 62
56 63 55
63 57 64
63 56 57
66 73 65
73 72 65
80 86 79
80 87 86
72 80 79
73 80 72
77 71 78
71 77 70
69 77 76
77 69 70
85 77 78
84 77 85
77 83 76
77 84 83
L 50.777,61.950,4.404;50.746,62.465,4.395;50.715,62.980,4.392;50.683,63.495,4.373;50.652,64.010,4.362;50.621,64.525,4.356;50.590,65.041,4.344;50.559,65.556,4.330;50.528,66.071,4.307;50.496,66.586,4.291;50.465,67.101,4.281;50.434,67.616,4.270;50.434,67.617,4.270;50.933,67.647,4.195;51.432,67.676,4.120;51.931,67.706,4.026;52.430,67.736,3.930;52.930,67.765,3.833;53.429,67.795,3.720;53.928,67.824,3.604;54.427,67.854,3.487;54.969,67.886,3.342;55.511,67.919,3.196;56.053,67.951,3.047;56.594,67.983,2.896;57.136,68.015,2.743;57.678,68.048,2.576;58.220,68.080,2.380;58.420,68.092,2.309;58.453,67.530,2.314;58.487,66.967,2.307;58.520,66.405,2.307;58.550,65.906,2.313;58.580,65.406,2.349;58.616,64.811,2.411;58.652,64.216,2.503;58.688,63.622,2.627;58.724,63.027,2.746;58.760,62.432,2.877;58.228,62.400,3.033;57.696,62.368,3.180;57.163,62.336,3.306;56.631,62.303,3.433;56.099,62.271,3.581;55.567,62.239,3.708;55.035,62.207,3.815;54.502,62.175,3.903;53.970,62.143,4.007;53.438,62.111,4.090;52.906,62.079,4.167;52.374,62.046,4.235;51.841,62.014,4.305;51.309,61.982,4.367
G BAHCE-06_P116-B21 124 177
104.062 72.627 2.053
104.098 72.027 1.977
104.127 71.529 1.907
104.160 70.973 1.828
104.193 70.417 1.748
104.226 69.861 1.664
104.259 69.304 1.579
104.292 68.748 1.492
104.325 68.192 1.402
104.326 68.189 1.402
104.360 68.191 1.402
104.525 68.201 1.402
104.658 68.209 1.402
104.658 68.207 1.402
105.294 68.245 1.406
105.929 68.284 1.404
106.565 68.322 1.400
107.115 68.355 1.395
107.666 68.388 1.387
108.217 68.421 1.376
108.768 68.453 1.363
109.319 68.486 1.348
109.518 68.498 1.342
109.554 67.900 1.255
109.589 67.303 1.165
109.625 66.705 1.070
109.660 66.108 0.975
109.696 65.510 0.876
109.183 65.479 0.887
108.671 65.448 0.898
108.158 65.417 0.905
107.645 65.386 0.911
107.132 65.355 0.916
106.620 65.324 0.921
106.107 65.293 0.925
105.594 65.262 0.930
105.082 65.231 0.921
104.569 65.200 0.911
104.056 65.169 0.902
103.544 65.138 0.889
103.031 65.107 0.875
102.518 65.076 0.853
102.005 65.045 0.831
101.493 65.014 0.830
100.980 64.983 0.830
100.949 65.504 0.886
100.917 66.026 0.942
100.886 66.547 1.012
100.854 67.068 1.085
100.823 67.589 1.158
100.792 68.111 1.236
100.760 68.632 1.314
100.729 69.153 1.395
100.698 69.675 1.480
100.666 70.196 1.565
100.635 70.717 1.669
100.603 71.238 1.773
100.572 71.760 1.875
100.541 72.281 1.976
100.509 72.802 2.071
100.478 73.324 2.163
100.447 73.845 2.252
100.415 74.366 2.332
100.384 74.887 2.407
100.352 75.409 2.466
100.321 75.930 2.526
100.826 75.960 2.510
101.330 75.990 2.495
101.835 76.020 2.465
102.339 76.050 2.430
102.844 76.080 2.398
103.348 76.110 2.367
103.853 76.140 2.341
103.869 75.865 2.327
103.900 75.342 2.299
103.931 74.819 2.267
103.963 74.296 2.227
103.994 73.773 2.186
104.025 73.250 2.133
104.056 72.727 2.066
101.321 65.983 0.949
102.321 65.983 0.982
103.321 65.983 1.016
104.321 65.983 1.040
105.321 65.983 1.048
106.321 65.983 1.034
107.321 65.983 1.016
108.321 65.983 0.995
109.321 65.983 0.966
101.321 66.983 1.091
102.321 66.983 1.139
103.321 66.983 1.182
104.321 66.983 1.208
105.321 66.983 1.208
106.321 66.983 1.195
107.321 66.983 1.175
108.321 66.983 1.153
101.321 67.983 1.248
102.321 67.983 1.301
103.321 67.983 1.344
106.321 67.983 1.351
107.321 67.983 1.333
108.321 67.983 1.308
101.321 68.983 1.402
102.321 68.983 1.463
103.321 68.983 1.506
101.321 69.983 1.568
102.321 69.983 1.626
103.321 69.983 1.659
101.321 70.983 1.735
102.321 70.983 1.786
103.321 70.983 1.819
101.321 71.983 1.930
102.321 71.983 1.948
103.321 71.983 1.964
101.321 72.983 2.099
102.321 72.983 2.101
103.321 72.983 2.110
101.321 73.983 2.247
102.321 73.983 2.235
103.321 73.983 2.224
101.321 74.983 2.389
102.321 74.983 2.347
103.321 74.983 2.306
29 88 87
52 51 103
53 52 103
106 53 103
46 45 80
47 46 80
69 68 122
68 121 122
123 76 75
74 123 75
26 88 27
26 25 88
88 28 27
28 88 29
36 35 84
85 34 33
85 35 34
35 85 84
96 25 24
88 96 87
25 96 88
15 100 16
100 101 16
30 29 87
31 30 87
86 31 87
86 85 33
93 100 15
101 17 16
106 54 53
54 109 55
109 54 106
115 118 60
0 114 1
43 45 44
45 43 80
50 97 51
51 97 103
97 50 49
121 67 66
67 121 68
64 66 65
64 121 66
71 73 72
73 71 74
71 123 74
117 114 0
123 120 76
120 77 76
77 120 78
120 117 78
102 96 24
102 20 19
32 86 33
86 32 31
93 94 100
14 93 15
18 17 101
102 18 101
18 102 19
3 111 4
21 23 22
23 21 20
23 102 24
102 23 20
109 56 55
56 112 57
112 56 109
58 112 115
112 58 57
43 42 80
82 40 39
83 37 36
83 36 84
89 97 49
89 47 80
121 62 118
71 70 123
123 70 122
70 69 122
117 79 78
79 117 0
111 108 4
6 108 105
3 2 111
2 114 111
114 2 1
59 115 60
59 58 115
83 38 37
38 82 39
38 83 82
48 89 49
89 48 47
81 42 41
42 81 80
40 81 41
81 40 82
64 63 121
63 62 121
118 61 60
62 61 118
108 5 4
6 5 108
7 105 99
8 7 99
7 6 105
9 8 99
92 9 99
14 13 93
13 92 93
92 13 11
13 12 11
10 92 11
10 9 92
91 92 99
119 121 118
121 119 122
86 96 95
96 86 87
106 104 107
104 106 103
115 119 118
119 115 116
114 117 113
113 117 116
119 120 122
120 123 122
120 119 116
117 120 116
96 102 95
102 101 95
101 94 95
100 94 101
94 86 95
86 94 85
85 94 84
94 93 84
115 112 116
112 113 116
110 114 113
114 110 111
112 110 113
110 112 109
110 106 107
110 109 106
98 105 104
105 98 99
98 104 103
97 98 103
104 108 107
105 108 104
110 108 111
108 110 107
38 44 27
28 38 27
38 35 36
40 38 39
42 38 41
38 28 29
35 38 34
38 30 31
32 38 31
38 42 43
38 40 41
93 92 84
92 83 84
90 98 97
89 90 97
90 89 80
81 90 80
92 91 83
83 91 82
91 90 81
91 81 82
98 91 99
90 91 98
L 104.062,72.627,2.103;104.098,72.027,2.027;104.127,71.529,1.957;104.160,70.973,1.878;104.193,70.417,1.798;104.226,69.861,1.714;104.259,69.304,1.629;104.292,68.748,1.542;104.325,68.192,1.452;104.326,68.189,1.452;104.360,68.191,1.452;104.525,68.201,1.452;104.658,68.209,1.452;104.658,68.207,1.452;105.294,68.245,1.456;105.929,68.284,1.454;106.565,68.322,1.450;107.115,68.355,1.445;107.666,68.388,1.437;108.217,68.421,1.426;108.768,68.453,1.413;109.319,68.486,1.398;109.518,68.498,1.392;109.554,67.900,1.305;109.589,67.303,1.215;109.625,66.705,1.120;109.660,66.108,1.025;109.696,65.510,0.926;109.183,65.479,0.937;108.671,65.448,0.948;108.158,65.417,0.955;107.645,65.386,0.961;107.132,65.355,0.966;106.620,65.324,0.971;106.107,65.293,0.975;105.594,65.262,0.980;105.082,65.231,0.971;104.569,65.200,0.961;104.056,65.169,0.952;103.544,65.138,0.939;103.031,65.107,0.925;102.518,65.076,0.903;102.005,65.045,0.881;101.493,65.014,0.880;100.980,64.983,0.880;100.949,65.504,0.936;100.917,66.026,0.992;100.886,66.547,1.062;100.854,67.068,1.135;100.823,67.589,1.208;100.792,68.111,1.286;100.760,68.632,1.364;100.729,69.153,1.445;100.698,69.675,1.530;100.666,70.196,1.615;100.635,70.717,1.719;100.603,71.238,1.823;100.572,71.760,1.925;100.541,72.281,2.026;100.509,72.802,2.121;100.478,73.324,2.213;100.447,73.845,2.302;100.415,74.366,2.382;100.384,74.887,2.457;100.352,75.409,2.516;100.321,75.930,2.576;100.826,75.960,2.560;101.330,75.990,2.545;101.835,76.020,2.515;102.339,76.050,2.480;102.844,76.080,2.448;103.348,76.110,2.417;103.853,76.140,2.391;103.869,75.865,2.377;103.900,75.342,2.349;103.931,74.819,2.317;103.963,74.296,2.277;103.994,73.773,2.236;104.025,73.250,2.183;104.056,72.727,2.116
G BAHCE-07_P117-B30 103 147
95.617 45.049 -4.279
95.588 45.552 -4.268
95.559 46.055 -4.282
95.530 46.558 -4.291
95.501 47.061 -4.243
95.472 47.565 -4.223
95.443 48.068 -4.199
95.414 48.571 -4.146
95.385 49.074 -4.092
95.357 49.577 -4.012
95.328 50.080 -3.929
95.299 50.583 -3.848
95.270 51.086 -3.760
95.241 51.590 -3.638
95.212 52.093 -3.517
95.183 52.596 -3.378
95.154 53.099 -3.173
95.125 53.602 -2.973
95.680 53.635 -2.878
96.234 53.668 -2.786
96.789 53.701 -2.714
97.343 53.734 -2.637
97.898 53.766 -2.554
98.452 53.799 -2.451
99.007 53.832 -2.370
99.561 53.865 -2.288
100.116 53.898 -2.188
100.147 53.376 -2.351
100.178 52.855 -2.497
100.209 52.333 -2.625
100.240 51.812 -2.743
100.271 51.290 -2.862
100.302 50.769 -2.977
100.333 50.247 -3.087
100.364 49.726 -3.193
100.395 49.204 -3.286
100.426 48.683 -3.377
100.458 48.161 -3.475
100.489 47.639 -3.564
100.520 47.118 -3.643
100.551 46.596 -3.718
100.582 46.075 -3.724
100.613 45.553 -3.776
100.644 45.032 -3.828
100.675 44.510 -3.861
100.706 43.989 -3.892
100.737 43.467 -3.907
100.768 42.946 -3.919
100.799 42.424 -3.943
100.183 41.952 -3.953
99.768 42.234 -3.929
99.353 42.515 -3.933
98.938 42.797 -3.923
98.523 43.078 -3.951
98.108 43.360 -3.988
97.692 43.641 -4.054
97.277 43.923 -4.133
96.862 44.204 -4.211
96.447 44.486 -4.283
96.032 44.767 -4.298
100.125 42.952 -3.922
98.125 43.952 -4.047
99.125 43.952 -3.955
100.125 43.952 -3.921
97.125 44.952 -4.289
98.125 44.952 -4.199
99.125 44.952 -3.998
100.125 44.952 -3.879
96.125 45.952 -4.298
97.125 45.952 -4.278
98.125 45.952 -4.175
99.125 45.952 -3.998
100.125 45.952 -3.814
96.125 46.952 -4.262
97.125 46.952 -4.190
98.125 46.952 -4.093
99.125 46.952 -3.932
100.125 46.952 -3.747
96.125 47.952 -4.180
97.125 47.952 -4.079
98.125 47.952 -3.938
99.125 47.952 -3.759
100.125 47.952 -3.577
96.125 48.952 -4.040
97.125 48.952 -3.909
98.125 48.952 -3.761
99.125 48.952 -3.583
96.125 49.952 -3.868
97.125 49.952 -3.737
98.125 49.952 -3.578
99.125 49.952 -3.399
96.125 50.952 -3.694
97.125 50.952 -3.551
98.125 50.952 -3.385
99.125 50.952 -3.186
96.125 51.952 -3.458
97.125 51.952 -3.319
98.125 51.952 -3.152
99.125 51.952 -2.948
96.125 52.952 -3.123
97.125 52.952 -3.009
98.125 52.952 -2.840
99.125 52.952 -2.639
16 18 17
60 49 48
99 18 16
52 60 62
36 82 37
81 82 86
82 36 86
60 63 62
64 56 65
68 64 69
25 24 102
24 23 102
25 27 26
27 25 102
98 29 102
34 90 86
35 34 86
36 35 86
15 99 16
99 15 95
52 51 60
1 68 2
23 101 102
83 87 9
29 28 102
28 27 102
30 98 31
98 30 29
33 90 34
14 13 95
15 14 95
8 83 9
99 19 18
20 19 99
60 50 49
51 50 60
53 52 62
56 61 65
53 61 54
61 53 62
82 38 37
42 72 67
46 63 60
46 45 63
63 44 67
45 44 63
64 57 56
58 57 64
59 1 0
1 59 68
59 64 68
59 58 64
4 3 73
73 3 68
68 3 2
5 4 73
101 22 21
22 101 23
100 101 21
20 100 21
100 20 99
33 94 90
98 94 31
8 7 83
55 61 56
61 55 54
38 77 39
77 38 82
41 72 42
47 60 48
47 46 60
43 42 67
44 43 67
5 78 6
78 5 73
78 7 6
7 78 83
87 10 9
11 10 87
13 91 95
91 11 87
94 32 31
32 94 33
40 77 72
41 40 72
77 40 39
12 91 13
91 12 11
85 81 86
81 85 80
73 69 74
73 68 69
92 88 89
92 89 93
90 85 86
90 89 85
96 92 93
97 96 93
66 63 67
63 66 62
64 70 69
70 64 65
66 70 65
70 66 71
98 101 97
101 98 102
88 84 89
89 84 85
87 84 88
84 87 83
85 79 80
84 79 85
66 61 62
61 66 65
79 75 80
75 79 74
75 81 80
81 75 76
69 75 74
70 75 69
75 70 71
75 71 76
72 66 67
66 72 71
22 25 26
25 22 24
22 23 24
100 96 97
101 100 97
100 99 95
96 100 95
94 97 93
94 98 97
89 94 93
90 94 89
71 77 76
72 77 71
77 81 76
77 82 81
78 84 83
78 79 84
78 73 74
79 78 74
96 91 92
91 96 95
92 91 88
91 87 88
L 95.617,45.049,-4.229;95.588,45.552,-4.218;95.559,46.055,-4.232;95.530,46.558,-4.241;95.501,47.061,-4.193;95.472,47.565,-4.173;95.443,48.068,-4.149;95.414,48.571,-4.096;95.385,49.074,-4.042;95.357,49.577,-3.962;95.328,50.080,-3.879;95.299,50.583,-3.798;95.270,51.086,-3.710;95.241,51.590,-3.588;95.212,52.093,-3.467;95.183,52.596,-3.328;95.154,53.099,-3.123;95.125,53.602,-2.923;95.680,53.635,-2.828;96.234,53.668,-2.736;96.789,53.701,-2.664;97.343,53.734,-2.587;97.898,53.766,-2.504;98.452,53.799,-2.401;99.007,53.832,-2.320;99.561,53.865,-2.238;100.116,53.898,-2.138;100.147,53.376,-2.301;100.178,52.855,-2.447;100.209,52.333,-2.575;100.240,51.812,-2.693;100.271,51.290,-2.812;100.302,50.769,-2.927;100.333,50.247,-3.037;100.364,49.726,-3.143;100.395,49.204,-3.236;100.426,48.683,-3.327;100.458,48.161,-3.425;100.489,47.639,-3.514;100.520,47.118,-3.593;100.551,46.596,-3.668;100.582,46.075,-3.674;100.613,45.553,-3.726;100.644,45.032,-3.778;100.675,44.510,-3.811;100.706,43.989,-3.842;100.737,43.467,-3.857;100.768,42.946,-3.869;100.799,42.424,-3.893;100.183,41.952,-3.903;99.768,42.234,-3.879;99.353,42.515,-3.883;98.938,42.797,-3.873;98.523,43.078,-3.901;98.108,43.360,-3.938;97.692,43.641,-4.004;97.277,43.923,-4.083;96.862,44.204,-4.161;96.447,44.486,-4.233;96.032,44.767,-4.248
G BAHCE-08_P116-B17 86 132
76.949 69.225 -0.902
77.548 69.261 -0.943
78.147 69.297 -0.979
78.745 69.332 -0.924
79.344 69.368 -0.860
79.943 69.404 -0.805
80.442 69.434 -0.703
80.941 69.463 -0.619
81.440 69.493 -0.535
81.940 69.523 -0.437
82.439 69.552 -0.337
82.938 69.582 -0.240
83.437 69.611 -0.137
83.936 69.641 -0.013
83.969 69.126 -0.139
84.002 68.611 -0.264
84.035 68.096 -0.372
84.068 67.581 -0.476
84.101 67.066 -0.594
84.134 66.550 -0.715
84.167 66.035 -0.845
84.200 65.520 -1.048
84.233 65.005 -1.255
84.266 64.490 -1.462
84.299 63.975 -1.656
83.799 63.945 -1.763
83.298 63.915 -1.936
82.797 63.884 -2.022
82.297 63.854 -1.988
81.797 63.824 -2.015
81.296 63.794 -2.005
80.796 63.763 -1.942
80.295 63.733 -1.857
79.794 63.703 -1.761
79.294 63.672 -1.652
78.793 63.642 -1.531
78.293 63.612 -1.406
77.793 63.582 -1.268
77.292 63.551 -1.107
76.791 63.521 -0.956
76.291 63.491 -0.800
76.255 64.089 -0.810
76.219 64.687 -0.804
76.182 65.285 -0.808
76.146 65.883 -0.820
76.110 66.481 -0.807
76.060 67.330 -0.805
76.024 67.942 -0.797
75.987 68.554 -0.784
75.951 69.166 -0.735
76.951 64.491 -1.001
77.951 64.491 -1.266
78.951 64.491 -1.511
79.951 64.491 -1.733
80.951 64.491 -1.871
81.951 64.491 -1.924
82.951 64.491 -1.878
83.951 64.491 -1.565
76.951 65.491 -1.021
77.951 65.491 -1.238
78.951 65.491 -1.481
79.951 65.491 -1.625
80.951 65.491 -1.706
81.951 65.491 -1.607
82.951 65.491 -1.457
76.951 66.491 -1.024
77.951 66.491 -1.241
78.951 66.491 -1.387
79.951 66.491 -1.469
80.951 66.491 -1.483
81.951 66.491 -1.349
82.951 66.491 -1.111
76.951 67.491 -1.010
77.951 67.491 -1.160
78.951 67.491 -1.245
79.951 67.491 -1.255
80.951 67.491 -1.212
81.951 67.491 -1.044
82.951 67.491 -0.825
76.951 68.491 -0.953
77.951 68.491 -1.024
78.951 68.491 -1.066
79.951 68.491 -1.030
80.951 68.491 -0.919
81.951 68.491 -0.746
82.951 68.491 -0.564
45 44 65
46 45 65
20 19 71
20 64 21
64 20 71
55 54 30
44 58 65
58 42 50
52 51 36
38 51 50
80 81 2
1 80 2
57 25 24
23 57 24
19 18 71
18 78 71
85 78 16
31 54 32
54 31 30
54 53 32
34 53 52
64 56 57
28 56 55
56 28 27
4 82 5
82 4 81
6 83 7
6 82 83
82 6 5
39 38 50
42 41 50
39 41 40
41 39 50
43 58 44
58 43 42
35 52 36
35 34 52
51 37 36
37 51 38
81 3 2
4 3 81
48 0 49
46 72 47
72 46 65
79 80 1
0 79 1
48 79 0
79 48 47
72 79 47
23 22 57
64 22 21
22 64 57
78 17 16
18 17 78
53 33 32
33 53 34
26 56 27
26 25 57
56 26 57
29 55 30
29 28 55
15 85 16
15 14 85
12 14 13
14 12 85
10 84 85
11 10 85
12 11 85
9 84 10
9 8 84
84 8 83
83 8 7
67 73 66
73 67 74
75 67 68
67 75 74
67 61 68
61 67 60
64 70 63
70 64 71
54 55 62
55 63 62
80 73 74
81 80 74
53 54 62
61 53 62
53 61 60
52 53 60
56 64 63
55 56 63
77 70 71
78 77 71
69 75 68
75 69 76
61 69 68
69 61 62
77 69 70
69 77 76
70 69 63
63 69 62
82 75 76
83 82 76
75 82 74
82 81 74
58 59 65
59 66 65
59 67 66
67 59 60
59 58 50
51 59 50
59 52 60
59 51 52
73 72 66
66 72 65
80 79 73
79 72 73
25 29 24
28 29 27
37 29 36
29 35 36
29 39 40
31 29 30
39 29 38
35 29 34
29 33 34
20 15 19
15 20 21
22 15 21
77 84 76
84 83 76
84 77 78
85 84 78
L 76.949,69.225,-0.852;77.548,69.261,-0.893;78.147,69.297,-0.929;78.745,69.332,-0.874;79.344,69.368,-0.810;79.943,69.404,-0.755;80.442,69.434,-0.653;80.941,69.463,-0.569;81.440,69.493,-0.485;81.940,69.523,-0.387;82.439,69.552,-0.287;82.938,69.582,-0.190;83.437,69.611,-0.087;83.936,69.641,0.037;83.969,69.126,-0.089;84.002,68.611,-0.214;84.035,68.096,-0.322;84.068,67.581,-0.426;84.101,67.066,-0.544;84.134,66.550,-0.665;84.167,66.035,-0.795;84.200,65.520,-0.998;84.233,65.005,-1.205;84.266,64.490,-1.412;84.299,63.975,-1.606;83.799,63.945,-1.713;83.298,63.915,-1.886;82.797,63.884,-1.972;82.297,63.854,-1.938;81.797,63.824,-1.965;81.296,63.794,-1.955;80.796,63.763,-1.892;80.295,63.733,-1.807;79.794,63.703,-1.711;79.294,63.672,-1.602;78.793,63.642,-1.481;78.293,63.612,-1.356;77.793,63.582,-1.218;77.292,63.551,-1.057;76.791,63.521,-0.906;76.291,63.491,-0.750;76.255,64.089,-0.760;76.219,64.687,-0.754;76.182,65.285,-0.758;76.146,65.883,-0.770;76.110,66.481,-0.757;76.060,67.330,-0.755;76.024,67.942,-0.747;75.987,68.554,-0.734;75.951,69.166,-0.685
G BAHCE-09_P116-B19 174 212
100.321 75.930 2.526
100.352 75.409 2.466
100.384 74.887 2.407
100.415 74.366 2.332
100.447 73.845 2.252
100.478 73.324 2.163
100.509 72.802 2.071
100.541 72.281 1.976
100.572 71.760 1.875
100.603 71.238 1.773
100.635 70.717 1.669
100.666 70.196 1.565
100.698 69.675 1.480
100.729 69.153 1.395
100.760 68.632 1.314
100.792 68.111 1.236
100.823 67.589 1.158
100.854 67.068 1.085
100.886 66.547 1.012
100.917 66.026 0.942
100.949 65.504 0.886
100.980 64.983 0.830
100.467 64.952 0.822
99.954 64.921 0.845
99.441 64.890 0.865
98.928 64.859 0.865
98.416 64.828 0.866
97.903 64.797 0.856
97.390 64.766 0.839
96.877 64.735 0.822
96.364 64.704 0.805
95.851 64.673 0.777
95.338 64.642 0.747
94.825 64.611 0.729
94.313 64.580 0.734
93.800 64.549 0.739
93.287 64.518 0.743
92.774 64.487 0.745
92.261 64.456 0.746
92.225 65.051 0.763
92.189 65.646 0.777
92.154 66.241 0.790
92.118 66.836 0.805
92.082 67.431 0.822
92.601 67.462 0.824
93.121 67.493 0.827
93.640 67.524 0.838
94.159 67.555 0.851
94.678 67.585 0.867
95.198 67.616 0.893
95.717 67.647 0.921
96.236 67.678 0.948
96.756 67.709 0.977
97.275 67.740 1.008
97.273 67.765 1.012
97.240 68.317 1.101
97.207 68.870 1.189
97.174 69.422 1.300
97.142 69.974 1.414
97.109 70.527 1.521
97.076 71.079 1.644
97.076 71.080 1.644
97.046 71.578 1.755
97.005 72.277 1.906
96.970 72.870 2.037
96.934 73.463 2.170
96.899 74.056 2.288
96.863 74.649 2.410
96.828 75.242 2.527
96.818 75.416 2.559
96.606 75.403 2.557
96.588 75.706 2.612
96.085 75.676 2.615
95.582 75.645 2.611
95.080 75.615 2.599
94.577 75.584 2.585
94.074 75.554 2.560
93.571 75.524 2.531
93.068 75.493 2.496
92.566 75.463 2.459
92.063 75.432 2.421
91.560 75.402 2.380
91.031 75.370 2.336
90.502 75.338 2.290
89.972 75.306 2.239
89.443 75.274 2.186
88.914 75.242 2.132
88.385 75.210 2.070
87.856 75.178 2.007
87.326 75.146 1.942
86.797 75.114 1.871
86.268 75.082 1.799
85.739 75.050 1.728
85.210 75.018 1.659
84.680 74.986 1.590
84.151 74.954 1.506
83.622 74.922 1.413
83.621 74.937 1.416
84.127 74.967 1.505
84.633 74.997 1.587
85.139 75.027 1.653
85.645 75.057 1.719
86.151 75.087 1.786
86.657 75.118 1.854
87.163 75.148 1.923
87.669 75.178 1.988
88.176 75.208 2.047
88.682 75.238 2.107
89.188 75.268 2.163
89.694 75.298 2.213
90.200 75.328 2.263
90.706 75.358 2.310
91.212 75.388 2.353
91.718 75.418 2.395
92.224 75.449 2.435
92.730 75.479 2.472
93.236 75.509 2.509
93.742 75.539 2.542
94.248 75.569 2.571
94.754 75.599 2.591
95.260 75.629 2.604
95.766 75.659 2.615
96.273 75.689 2.614
96.779 75.719 2.615
97.285 75.749 2.619
97.791 75.780 2.618
98.297 75.810 2.614
98.803 75.840 2.604
99.309 75.870 2.582
99.815 75.900 2.555
92.621 65.456 0.769
93.621 65.456 0.751
94.621 65.456 0.770
95.621 65.456 0.797
96.621 65.456 0.826
97.621 65.456 0.859
98.621 65.456 0.884
99.621 65.456 0.883
100.621 65.456 0.875
92.621 66.456 0.784
93.621 66.456 0.779
94.621 66.456 0.803
95.621 66.456 0.836
96.621 66.456 0.867
97.621 66.456 0.907
98.621 66.456 0.935
99.621 66.456 0.963
97.621 67.456 0.983
98.621 67.456 1.027
99.621 67.456 1.072
97.621 68.456 1.143
98.621 68.456 1.181
99.621 68.456 1.222
97.621 69.456 1.328
98.621 69.456 1.358
99.621 69.456 1.388
97.621 70.456 1.521
98.621 70.456 1.549
99.621 70.456 1.577
97.621 71.456 1.743
98.621 71.456 1.766
99.621 71.456 1.792
97.621 72.456 1.961
98.621 72.456 1.976
99.621 72.456 1.996
97.621 73.456 2.178
98.621 73.456 2.185
99.621 73.456 2.189
97.621 74.456 2.372
98.621 74.456 2.363
99.621 74.456 2.357
97.621 75.456 2.565
98.621 75.456 2.546
99.621 75.456 2.505
114 113 80
114 79 115
43 42 44
60 59 156
96 98 97
89 88 105
32 31 133
33 32 132
32 133 132
134 30 29
30 134 133
31 30 133
16 15 149
138 22 21
13 12 155
158 11 10
12 11 155
11 158 155
121 72 122
51 142 143
34 33 132
131 34 132
35 34 131
42 139 44
139 42 41
40 139 41
139 40 130
141 142 49
95 98 96
98 95 99
100 93 101
103 91 90
104 89 105
104 103 90
89 104 90
84 109 85
86 107 87
17 16 149
146 17 149
17 146 18
146 19 18
19 146 138
146 137 138
25 137 136
135 27 136
144 147 143
4 167 5
4 3 170
167 4 170
165 65 64
3 2 170
2 173 170
66 168 67
165 66 65
66 165 168
171 68 67
168 171 67
68 171 124
74 120 119
121 120 73
142 50 49
51 50 142
59 58 156
58 153 156
40 39 130
37 39 38
39 37 130
130 36 131
37 36 130
36 35 131
46 45 140
45 139 140
139 45 44
48 141 49
141 47 140
47 46 140
48 47 141
95 94 99
94 100 99
100 94 93
102 91 103
93 92 101
92 102 101
102 92 91
84 110 109
111 110 83
110 84 83
107 106 87
88 106 105
106 88 87
109 108 85
108 86 85
108 107 86
150 153 56
55 150 56
14 152 15
15 152 149
13 152 14
152 13 155
20 138 21
20 19 138
24 137 25
28 27 135
28 135 134
28 134 29
26 25 136
27 26 136
129 128 173
171 172 126
128 172 173
2 1 173
129 1 0
1 129 173
125 171 126
171 125 124
117 116 77
78 116 115
147 52 143
52 51 143
153 57 56
58 57 153
82 112 111
24 23 137
138 23 22
137 23 138
7 6 164
167 6 5
164 6 167
9 158 10
9 161 158
172 127 126
127 172 128
71 123 122
71 70 123
70 69 123
123 69 124
69 68 124
76 118 117
150 54 147
54 150 55
112 81 113
113 81 80
9 8 161
8 7 164
161 8 164
118 75 119
53 52 147
54 53 147
159 60 156
60 159 61
159 62 61
62 159 63
159 162 63
63 162 64
162 165 64
134 142 133
142 134 143
140 139 131
139 130 131
142 141 133
133 141 132
141 140 131
141 131 132
134 144 143
135 144 134
150 151 154
153 150 154
148 150 147
151 150 148
152 151 148
152 148 149
151 152 154
154 152 155
148 145 149
145 146 149
137 145 136
145 137 146
145 148 147
144 145 147
145 144 135
145 135 136
166 167 170
166 170 169
168 166 169
165 166 168
172 168 169
172 171 168
170 172 169
173 172 170
157 153 154
153 157 156
157 154 155
158 157 155
8 4 5
16 8 15
8 13 14
17 8 16
4 8 3
20 8 19
1 8 0
160 157 158
161 160 158
157 159 156
160 159 157
163 160 161
163 161 164
166 163 167
163 164 167
163 159 160
163 162 159
163 166 165
162 163 165
L 100.321,75.930,2.576;100.352,75.409,2.516;100.384,74.887,2.457;100.415,74.366,2.382;100.447,73.845,2.302;100.478,73.324,2.213;100.509,72.802,2.121;100.541,72.281,2.026;100.572,71.760,1.925;100.603,71.238,1.823;100.635,70.717,1.719;100.666,70.196,1.615;100.698,69.675,1.530;100.729,69.153,1.445;100.760,68.632,1.364;100.792,68.111,1.286;100.823,67.589,1.208;100.854,67.068,1.135;100.886,66.547,1.062;100.917,66.026,0.992;100.949,65.504,0.936;100.980,64.983,0.880;100.467,64.952,0.872;99.954,64.921,0.895;99.441,64.890,0.915;98.928,64.859,0.915;98.416,64.828,0.916;97.903,64.797,0.906;97.390,64.766,0.889;96.877,64.735,0.872;96.364,64.704,0.855;95.851,64.673,0.827;95.338,64.642,0.797;94.825,64.611,0.779;94.313,64.580,0.784;93.800,64.549,0.789;93.287,64.518,0.793;92.774,64.487,0.795;92.261,64.456,0.796;92.225,65.051,0.813;92.189,65.646,0.827;92.154,66.241,0.840;92.118,66.836,0.855;92.082,67.431,0.872;92.601,67.462,0.874;93.121,67.493,0.877;93.640,67.524,0.888;94.159,67.555,0.901;94.678,67.585,0.917;95.198,67.616,0.943;95.717,67.647,0.971;96.236,67.678,0.998;96.756,67.709,1.027;97.275,67.740,1.058;97.273,67.765,1.062;97.240,68.317,1.151;97.207,68.870,1.239;97.174,69.422,1.350;97.142,69.974,1.464;97.109,70.527,1.571;97.076,71.079,1.694;97.076,71.080,1.694;97.046,71.578,1.805;97.005,72.277,1.956;96.970,72.870,2.087;96.934,73.463,2.220;96.899,74.056,2.338;96.863,74.649,2.460;96.828,75.242,2.577;96.818,75.416,2.609;96.606,75.403,2.607;96.588,75.706,2.662;96.085,75.676,2.665;95.582,75.645,2.661;95.080,75.615,2.649;94.577,75.584,2.635;94.074,75.554,2.610;93.571,75.524,2.581;93.068,75.493,2.546;92.566,75.463,2.509;92.063,75.432,2.471;91.560,75.402,2.430;91.031,75.370,2.386;90.502,75.338,2.340;89.972,75.306,2.289;89.443,75.274,2.236;88.914,75.242,2.182;88.385,75.210,2.120;87.856,75.178,2.057;87.326,75.146,1.992;86.797,75.114,1.921;86.268,75.082,1.849;85.739,75.050,1.778;85.210,75.018,1.709;84.680,74.986,1.640;84.151,74.954,1.556;83.622,74.922,1.463;83.621,74.937,1.466;84.127,74.967,1.555;84.633,74.997,1.637;85.139,75.027,1.703;85.645,75.057,1.769;86.151,75.087,1.836;86.657,75.118,1.904;87.163,75.148,1.973;87.669,75.178,2.038;88.176,75.208,2.097;88.682,75.238,2.157;89.188,75.268,2.213;89.694,75.298,2.263;90.200,75.328,2.313;90.706,75.358,2.360;91.212,75.388,2.403;91.718,75.418,2.445;92.224,75.449,2.485;92.730,75.479,2.522;93.236,75.509,2.559;93.742,75.539,2.592;94.248,75.569,2.621;94.754,75.599,2.641;95.260,75.629,2.654;95.766,75.659,2.665;96.273,75.689,2.664;96.779,75.719,2.665;97.285,75.749,2.669;97.791,75.780,2.668;98.297,75.810,2.664;98.803,75.840,2.654;99.309,75.870,2.632;99.815,75.900,2.605
G BAHCE-10_P116-B17 123 168
70.690 70.010 0.302
70.719 69.512 0.324
70.752 68.956 0.348
70.785 68.400 0.370
70.818 67.844 0.391
70.851 67.288 0.392
70.884 66.732 0.383
70.917 66.176 0.373
70.918 66.173 0.373
70.918 66.172 0.373
70.952 66.174 0.369
71.916 66.231 0.208
72.267 66.252 0.147
72.666 66.276 0.053
73.265 66.312 -0.095
73.864 66.347 -0.243
74.463 66.383 -0.400
75.012 66.416 -0.547
75.561 66.448 -0.678
76.110 66.481 -0.807
76.146 65.883 -0.820
76.182 65.285 -0.808
76.219 64.687 -0.804
76.255 64.089 -0.810
76.291 63.491 -0.800
75.778 63.460 -0.613
75.265 63.429 -0.441
74.752 63.398 -0.288
74.239 63.367 -0.137
73.726 63.336 -0.015
73.213 63.305 0.063
72.700 63.274 0.138
72.187 63.243 0.202
71.674 63.212 0.259
71.161 63.181 0.316
70.648 63.150 0.383
70.135 63.119 0.444
69.622 63.088 0.506
69.109 63.057 0.558
68.596 63.026 0.607
68.083 62.995 0.656
67.570 62.964 0.735
67.537 63.487 0.717
67.503 64.009 0.705
67.470 64.532 0.649
67.436 65.055 0.653
67.403 65.578 0.670
67.369 66.100 0.689
67.336 66.623 0.713
67.303 67.146 0.735
67.269 67.668 0.753
67.236 68.191 0.760
67.202 68.714 0.773
67.169 69.237 0.768
67.135 69.759 0.748
67.102 70.282 0.756
67.069 70.805 0.733
67.035 71.327 0.687
67.002 71.850 0.634
66.968 72.373 0.597
66.935 72.896 0.567
66.901 73.418 0.538
66.868 73.941 0.550
67.379 73.971 0.475
67.889 74.002 0.400
68.400 74.032 0.346
68.911 74.062 0.291
69.422 74.092 0.234
69.932 74.123 0.176
70.443 74.153 0.118
70.461 73.849 0.093
70.492 73.326 0.079
70.523 72.803 0.122
70.554 72.279 0.165
70.586 71.756 0.199
70.617 71.233 0.224
70.648 70.710 0.257
70.654 70.610 0.268
67.868 63.964 0.651
68.868 63.964 0.564
69.868 63.964 0.463
70.868 63.964 0.341
71.868 63.964 0.199
72.868 63.964 0.075
73.868 63.964 -0.104
74.868 63.964 -0.372
75.868 63.964 -0.689
67.868 64.964 0.633
68.868 64.964 0.561
69.868 64.964 0.467
70.868 64.964 0.345
71.868 64.964 0.203
72.868 64.964 0.020
73.868 64.964 -0.195
74.868 64.964 -0.445
75.868 64.964 -0.715
67.868 65.964 0.663
68.868 65.964 0.589
69.868 65.964 0.495
72.868 65.964 0.018
73.868 65.964 -0.225
74.868 65.964 -0.487
67.868 66.964 0.703
68.868 66.964 0.622
69.868 66.964 0.518
67.868 67.964 0.730
68.868 67.964 0.648
69.868 67.964 0.530
67.868 68.964 0.742
68.868 68.964 0.640
69.868 68.964 0.506
67.868 69.964 0.689
68.868 69.964 0.595
69.868 69.964 0.448
67.868 70.964 0.617
68.868 70.964 0.501
69.868 70.964 0.364
67.868 71.964 0.502
68.868 71.964 0.387
69.868 71.964 0.271
67.868 72.964 0.436
68.868 72.964 0.302
69.868 72.964 0.186
47 46 96
67 121 122
116 75 119
75 74 119
113 77 116
72 71 122
74 73 119
73 122 119
73 72 122
86 85 26
113 0 77
80 79 37
121 66 65
66 121 67
114 117 57
77 76 116
76 75 116
95 86 22
86 25 24
25 86 26
23 86 24
86 23 22
28 85 84
29 28 84
15 100 16
100 15 14
1 0 113
95 101 94
101 95 20
101 17 16
100 101 16
79 38 37
39 38 79
78 39 79
10 90 91
10 9 90
11 10 91
108 53 52
53 108 111
54 53 111
108 51 105
51 108 52
61 63 62
117 58 57
58 117 59
56 114 57
18 20 19
18 101 20
101 18 17
68 70 69
68 67 122
71 68 122
70 68 71
21 95 22
95 21 20
99 100 14
92 99 91
31 30 83
83 30 84
30 29 84
82 32 83
32 31 83
32 82 33
85 27 26
28 27 85
110 3 2
1 110 2
110 1 113
107 5 4
3 107 4
110 107 3
78 40 39
46 87 96
36 80 37
36 35 80
35 81 80
90 98 89
9 98 90
51 50 105
50 102 105
102 50 49
48 102 49
102 48 96
48 47 96
120 64 63
61 120 63
120 61 60
64 120 65
120 121 65
120 60 59
117 120 59
114 55 111
56 55 114
55 54 111
13 99 14
40 42 41
42 40 78
42 78 43
45 87 46
34 81 35
81 34 82
82 34 33
98 7 6
7 98 9
107 104 5
5 104 6
104 98 6
13 12 99
12 11 91
99 12 91
45 44 87
87 44 78
78 44 43
8 7 9
122 121 119
119 121 118
115 119 118
115 116 119
115 113 116
113 115 112
85 93 84
93 85 94
80 88 79
88 80 89
108 109 112
111 108 112
115 114 112
114 111 112
114 115 118
117 114 118
85 95 94
95 85 86
92 82 83
82 92 91
93 92 84
92 83 84
108 106 109
106 108 105
101 93 94
101 100 93
102 106 105
106 102 103
97 102 96
102 97 103
19 21 24
23 21 22
99 92 93
100 99 93
110 113 112
109 110 112
106 107 109
107 110 109
88 87 79
87 78 79
87 97 96
97 87 88
81 82 91
90 81 91
80 81 89
81 90 89
98 88 89
98 97 88
121 120 118
120 117 118
104 106 103
104 107 106
97 104 103
98 104 97
L 70.690,70.010,0.352;70.719,69.512,0.374;70.752,68.956,0.398;70.785,68.400,0.420;70.818,67.844,0.441;70.851,67.288,0.442;70.884,66.732,0.433;70.917,66.176,0.423;70.918,66.173,0.423;70.918,66.172,0.423;70.952,66.174,0.419;71.916,66.231,0.258;72.267,66.252,0.197;72.666,66.276,0.103;73.265,66.312,-0.045;73.864,66.347,-0.193;74.463,66.383,-0.350;75.012,66.416,-0.497;75.561,66.448,-0.628;76.110,66.481,-0.757;76.146,65.883,-0.770;76.182,65.285,-0.758;76.219,64.687,-0.754;76.255,64.089,-0.760;76.291,63.491,-0.750;75.778,63.460,-0.563;75.265,63.429,-0.391;74.752,63.398,-0.238;74.239,63.367,-0.087;73.726,63.336,0.035;73.213,63.305,0.113;72.700,63.274,0.188;72.187,63.243,0.252;71.674,63.212,0.309;71.161,63.181,0.366;70.648,63.150,0.433;70.135,63.119,0.494;69.622,63.088,0.556;69.109,63.057,0.608;68.596,63.026,0.657;68.083,62.995,0.706;67.570,62.964,0.785;67.537,63.487,0.767;67.503,64.009,0.755;67.470,64.532,0.699;67.436,65.055,0.703;67.403,65.578,0.720;67.369,66.100,0.739;67.336,66.623,0.763;67.303,67.146,0.785;67.269,67.668,0.803;67.236,68.191,0.810;67.202,68.714,0.823;67.169,69.237,0.818;67.135,69.759,0.798;67.102,70.282,0.806;67.069,70.805,0.783;67.035,71.327,0.737;67.002,71.850,0.684;66.968,72.373,0.647;66.935,72.896,0.617;66.901,73.418,0.588;66.868,73.941,0.600;67.379,73.971,0.525;67.889,74.002,0.450;68.400,74.032,0.396;68.911,74.062,0.341;69.422,74.092,0.284;69.932,74.123,0.226;70.443,74.153,0.168;70.461,73.849,0.143;70.492,73.326,0.129;70.523,72.803,0.172;70.554,72.279,0.215;70.586,71.756,0.249;70.617,71.233,0.274;70.648,70.710,0.307;70.654,70.610,0.318
G BAHCE-11_P115-B02 87 120
35.255 80.752 6.263
35.920 80.791 6.160
36.586 80.831 6.066
37.251 80.870 5.980
38.157 80.924 5.862
37.957 80.912 5.886
37.988 80.397 5.784
38.018 79.882 5.681
38.049 79.367 5.588
38.080 78.852 5.509
38.111 78.337 5.429
38.141 77.822 5.355
38.172 77.307 5.282
38.203 76.792 5.210
38.234 76.277 5.143
38.264 75.762 5.081
38.295 75.247 5.020
37.796 75.217 5.044
37.297 75.188 5.080
36.797 75.158 5.116
36.298 75.128 5.161
35.799 75.099 5.220
35.300 75.069 5.279
34.801 75.039 5.341
34.302 75.010 5.405
33.802 74.980 5.470
33.303 74.950 5.540
32.804 74.920 5.618
32.305 74.891 5.695
31.806 74.861 5.773
31.306 74.831 5.858
30.807 74.802 5.943
30.308 74.772 6.028
30.273 75.368 6.110
30.237 75.964 6.198
30.202 76.560 6.290
30.166 77.156 6.410
30.131 77.752 6.531
30.099 78.289 6.668
30.067 78.826 6.821
30.035 79.363 6.966
30.003 79.900 7.096
29.971 80.437 7.239
30.171 80.449 7.216
30.713 80.481 7.138
31.255 80.514 7.038
31.797 80.546 6.933
32.338 80.578 6.820
32.880 80.610 6.705
33.422 80.643 6.596
33.964 80.675 6.499
34.650 80.716 6.369
30.971 75.772 6.042
31.971 75.772 5.863
32.971 75.772 5.694
33.971 75.772 5.545
34.971 75.772 5.401
35.971 75.772 5.276
36.971 75.772 5.173
30.971 76.772 6.188
31.971 76.772 6.008
32.971 76.772 5.837
33.971 76.772 5.670
34.971 76.772 5.524
35.971 76.772 5.400
36.971 76.772 5.298
30.971 77.772 6.375
31.971 77.772 6.182
32.971 77.772 6.002
33.971 77.772 5.829
34.971 77.772 5.672
35.971 77.772 5.547
36.971 77.772 5.443
30.971 78.772 6.629
31.971 78.772 6.416
32.971 78.772 6.211
33.971 78.772 6.027
34.971 78.772 5.859
35.971 78.772 5.710
36.971 78.772 5.598
30.971 79.772 6.894
31.971 79.772 6.675
32.971 79.772 6.460
33.971 79.772 6.262
34.971 79.772 6.072
35.971 79.772 5.916
36.971 79.772 5.786
37 36 66
12 11 72
86 2 85
2 1 85
3 2 86
1 0 85
0 84 85
0 51 84
41 43 42
80 41 40
3 5 4
7 6 86
6 3 86
6 5 3
11 10 72
10 79 72
30 53 52
36 59 66
59 34 52
38 37 66
83 51 50
51 83 84
81 82 47
81 45 80
41 44 43
80 44 41
45 44 80
39 73 40
73 80 40
73 38 66
38 73 39
83 49 82
49 83 50
57 22 21
22 57 56
65 14 13
65 58 14
65 12 72
12 65 13
8 7 86
79 8 86
31 30 52
34 33 52
31 33 32
33 31 52
54 53 28
53 29 28
29 53 30
35 59 36
59 35 34
46 81 47
81 46 45
82 48 47
49 48 82
23 56 24
23 22 56
57 20 58
20 57 21
58 15 14
10 9 79
9 8 79
27 54 28
54 27 26
55 54 26
56 55 24
19 18 58
20 19 58
15 17 16
18 17 58
17 15 58
55 25 24
25 55 26
70 64 71
64 70 63
83 82 75
76 83 75
82 81 75
75 81 74
81 73 74
73 81 80
67 73 66
73 67 74
70 62 63
62 70 69
77 83 76
83 77 84
70 77 69
77 76 69
68 62 69
62 68 61
76 68 69
68 76 75
67 68 74
68 75 74
57 64 63
56 57 63
64 65 71
71 65 72
57 65 64
65 57 58
60 68 67
68 60 61
60 54 61
54 60 53
53 60 52
60 59 52
60 67 66
59 60 66
78 71 72
79 78 72
78 86 85
78 79 86
78 70 71
78 77 70
77 78 84
84 78 85
55 62 61
54 55 61
62 55 63
55 56 63
L 35.255,80.752,6.313;35.920,80.791,6.210;36.586,80.831,6.116;37.251,80.870,6.030;38.157,80.924,5.912;37.957,80.912,5.936;37.988,80.397,5.834;38.018,79.882,5.731;38.049,79.367,5.638;38.080,78.852,5.559;38.111,78.337,5.479;38.141,77.822,5.405;38.172,77.307,5.332;38.203,76.792,5.260;38.234,76.277,5.193;38.264,75.762,5.131;38.295,75.247,5.070;37.796,75.217,5.094;37.297,75.188,5.130;36.797,75.158,5.166;36.298,75.128,5.211;35.799,75.099,5.270;35.300,75.069,5.329;34.801,75.039,5.391;34.302,75.010,5.455;33.802,74.980,5.520;33.303,74.950,5.590;32.804,74.920,5.668;32.305,74.891,5.745;31.806,74.861,5.823;31.306,74.831,5.908;30.807,74.802,5.993;30.308,74.772,6.078;30.273,75.368,6.160;30.237,75.964,6.248;30.202,76.560,6.340;30.166,77.156,6.460;30.131,77.752,6.581;30.099,78.289,6.718;30.067,78.826,6.871;30.035,79.363,7.016;30.003,79.900,7.146;29.971,80.437,7.289;30.171,80.449,7.266;30.713,80.481,7.188;31.255,80.514,7.088;31.797,80.546,6.983;32.338,80.578,6.870;32.880,80.610,6.755;33.422,80.643,6.646;33.964,80.675,6.549;34.650,80.716,6.419
G BAHCE-12_P116-B21 88 127
109.558 71.195 1.699
110.100 71.227 1.676
110.642 71.259 1.652
111.184 71.291 1.631
111.726 71.324 1.607
112.268 71.356 1.579
112.810 71.388 1.554
113.352 71.420 1.523
114.037 71.461 1.475
114.643 71.497 1.430
115.183 71.529 1.384
115.723 71.561 1.338
116.264 71.594 1.290
116.804 71.626 1.240
117.344 71.658 1.190
117.375 71.143 1.138
117.405 70.628 1.086
117.436 70.113 1.035
117.467 69.598 0.986
117.497 69.083 0.937
117.528 68.567 0.843
117.558 68.052 0.741
117.589 67.537 0.638
117.620 67.022 0.544
117.650 66.507 0.458
117.681 65.992 0.373
117.149 65.960 0.466
116.616 65.928 0.564
116.084 65.896 0.661
115.552 65.863 0.706
115.019 65.831 0.743
114.487 65.799 0.778
113.955 65.767 0.785
113.422 65.735 0.792
112.890 65.703 0.794
112.358 65.671 0.803
111.825 65.639 0.819
111.293 65.606 0.833
110.761 65.574 0.848
110.228 65.542 0.863
109.696 65.510 0.876
109.660 66.108 0.975
109.625 66.705 1.070
109.589 67.303 1.165
109.554 67.900 1.255
109.518 68.498 1.342
109.518 68.501 1.343
109.687 68.511 1.338
109.655 69.047 1.418
109.622 69.584 1.490
109.590 70.120 1.561
109.557 70.657 1.634
109.525 71.193 1.700
110.518 66.510 1.008
111.518 66.510 0.968
112.518 66.510 0.924
113.518 66.510 0.894
114.518 66.510 0.856
115.518 66.510 0.778
116.518 66.510 0.644
110.518 67.510 1.163
111.518 67.510 1.125
112.518 67.510 1.075
113.518 67.510 1.023
114.518 67.510 0.968
115.518 67.510 0.887
116.518 67.510 0.775
110.518 68.510 1.308
111.518 68.510 1.269
112.518 68.510 1.219
113.518 68.510 1.161
114.518 68.510 1.101
115.518 68.510 1.019
116.518 68.510 0.908
110.518 69.510 1.446
111.518 69.510 1.404
112.518 69.510 1.353
113.518 69.510 1.295
114.518 69.510 1.227
115.518 69.510 1.144
116.518 69.510 1.049
110.518 70.510 1.575
111.518 70.510 1.531
112.518 70.510 1.479
113.518 70.510 1.418
114.518 70.510 1.347
115.518 70.510 1.257
116.518 70.510 1.163
87 11 86
43 42 60
47 46 45
44 43 60
44 47 45
67 44 60
44 67 47
48 67 74
67 48 47
11 10 86
10 85 86
23 22 66
22 21 66
57 56 32
87 12 11
19 73 20
73 21 20
21 73 66
39 41 40
42 53 60
41 53 42
53 41 39
53 37 54
50 49 74
49 48 74
16 87 17
16 15 87
13 15 14
15 13 87
13 12 87
80 18 17
87 80 17
18 80 19
80 73 19
38 53 39
38 37 53
8 84 85
83 84 6
81 50 74
81 51 50
9 85 10
9 8 85
5 83 6
81 1 51
31 57 32
31 30 57
30 58 57
24 26 25
37 36 54
36 55 54
84 7 6
7 84 8
81 82 3
82 4 3
4 82 83
5 4 83
2 81 3
2 1 81
51 0 52
1 0 51
58 29 28
29 58 30
27 59 28
59 58 28
59 23 66
26 59 27
59 24 23
59 26 24
55 34 56
36 35 55
35 34 55
56 33 32
34 33 56
75 67 68
67 75 74
72 64 65
64 72 71
70 64 71
64 70 63
56 64 63
64 56 57
73 72 65
73 65 66
40 41 45
44 41 43
67 61 68
61 67 60
61 53 54
53 61 60
76 75 68
76 68 69
21 16 20
24 16 23
15 16 14
22 16 21
80 87 86
79 80 86
73 80 72
72 80 79
64 58 65
58 64 57
61 62 68
68 62 69
70 62 63
62 70 69
62 61 54
55 62 54
62 56 63
62 55 56
77 76 69
70 77 69
77 83 76
83 77 84
76 82 75
83 82 76
75 82 74
82 81 74
65 59 66
58 59 65
78 79 86
85 78 86
72 78 71
78 72 79
77 78 84
84 78 85
78 70 71
78 77 70
L 109.558,71.195,1.749;110.100,71.227,1.726;110.642,71.259,1.702;111.184,71.291,1.681;111.726,71.324,1.657;112.268,71.356,1.629;112.810,71.388,1.604;113.352,71.420,1.573;114.037,71.461,1.525;114.643,71.497,1.480;115.183,71.529,1.434;115.723,71.561,1.388;116.264,71.594,1.340;116.804,71.626,1.290;117.344,71.658,1.240;117.375,71.143,1.188;117.405,70.628,1.136;117.436,70.113,1.085;117.467,69.598,1.036;117.497,69.083,0.987;117.528,68.567,0.893;117.558,68.052,0.791;117.589,67.537,0.688;117.620,67.022,0.594;117.650,66.507,0.508;117.681,65.992,0.423;117.149,65.960,0.516;116.616,65.928,0.614;116.084,65.896,0.711;115.552,65.863,0.756;115.019,65.831,0.793;114.487,65.799,0.828;113.955,65.767,0.835;113.422,65.735,0.842;112.890,65.703,0.844;112.358,65.671,0.853;111.825,65.639,0.869;111.293,65.606,0.883;110.761,65.574,0.898;110.228,65.542,0.913;109.696,65.510,0.926;109.660,66.108,1.025;109.625,66.705,1.120;109.589,67.303,1.215;109.554,67.900,1.305;109.518,68.498,1.392;109.518,68.501,1.393;109.687,68.511,1.388;109.655,69.047,1.468;109.622,69.584,1.540;109.590,70.120,1.611;109.557,70.657,1.684;109.525,71.193,1.750
G BAHCE-13_P115-B11 90 127
140.796 87.041 -0.481
141.310 87.071 -0.601
141.823 87.102 -0.742
142.337 87.133 -0.891
142.850 87.163 -1.039
143.364 87.194 -1.233
143.877 87.224 -1.445
144.391 87.255 -1.666
144.904 87.285 -1.917
145.417 87.316 -2.198
145.931 87.346 -2.479
146.444 87.377 -2.659
146.958 87.407 -2.919
147.471 87.438 -3.178
147.985 87.468 -3.316
148.498 87.499 -3.447
148.494 87.574 -3.422
148.494 87.574 -3.422
148.527 87.022 -3.562
148.559 86.470 -3.710
148.592 85.918 -3.858
148.625 85.366 -3.901
148.658 84.814 -3.953
148.941 84.831 -4.098
148.977 84.232 -4.165
149.013 83.633 -4.243
149.049 83.035 -4.324
149.084 82.436 -4.380
149.120 81.837 -4.260
148.621 81.807 -4.067
148.122 81.778 -3.881
147.623 81.748 -3.769
147.124 81.718 -3.662
146.624 81.689 -3.542
146.125 81.659 -3.328
145.626 81.629 -3.187
145.127 81.600 -3.029
144.628 81.570 -2.880
144.129 81.540 -2.731
143.630 81.510 -2.594
143.130 81.481 -2.462
142.631 81.451 -2.333
142.132 81.421 -2.204
141.633 81.392 -2.069
141.134 81.362 -1.942
141.103 81.878 -1.756
141.073 82.395 -1.564
141.042 82.911 -1.377
141.011 83.427 -1.173
140.981 83.943 -0.968
140.950 84.460 -0.838
140.919 84.976 -0.719
140.889 85.492 -0.603
140.858 86.008 -0.561
140.827 86.525 -0.520
141.796 82.362 -1.784
142.796 82.362 -2.085
143.796 82.362 -2.389
144.796 82.362 -2.713
145.796 82.362 -3.077
146.796 82.362 -3.492
147.796 82.362 -3.863
141.796 83.362 -1.405
142.796 83.362 -1.708
143.796 83.362 -2.052
144.796 83.362 -2.398
145.796 83.362 -2.791
146.796 83.362 -3.225
147.796 83.362 -3.726
141.796 84.362 -1.077
142.796 84.362 -1.380
143.796 84.362 -1.726
144.796 84.362 -2.122
145.796 84.362 -2.542
146.796 84.362 -3.060
147.796 84.362 -3.549
141.796 85.362 -0.859
142.796 85.362 -1.147
143.796 85.362 -1.496
144.796 85.362 -1.903
145.796 85.362 -2.388
146.796 85.362 -2.958
147.796 85.362 -3.508
141.796 86.362 -0.773
142.796 86.362 -1.060
143.796 86.362 -1.409
144.796 86.362 -1.849
145.796 86.362 -2.378
146.796 86.362 -2.956
147.796 86.362 -3.462
50 49 69
76 51 69
51 50 69
25 24 75
22 82 75
22 24 23
24 22 75
62 49 48
49 62 69
57 56 40
42 56 55
3 83 84
83 3 2
1 83 2
83 53 76
27 29 28
21 20 82
22 21 82
59 58 36
38 58 57
26 61 27
29 61 30
61 29 27
10 9 87
9 86 87
86 9 8
86 8 7
88 11 87
11 10 87
20 89 82
43 42 55
47 62 48
47 46 55
62 47 55
39 57 40
39 38 57
56 41 40
41 56 42
5 4 84
4 3 84
85 5 84
85 6 5
6 85 7
85 86 7
54 1 0
1 54 83
54 53 83
52 51 76
53 52 76
35 59 36
35 34 59
58 37 36
37 58 38
68 26 25
68 61 26
68 25 75
89 13 88
43 45 44
46 45 55
45 43 55
61 31 30
32 31 61
32 60 33
60 32 61
60 34 33
34 60 59
19 89 20
19 18 89
16 15 17
12 11 88
13 12 88
18 14 89
14 13 89
15 14 18
76 70 77
70 76 69
65 71 64
71 65 72
70 71 77
71 78 77
79 71 72
71 79 78
83 76 77
84 83 77
58 59 66
65 58 66
58 65 64
57 58 64
81 89 88
89 81 82
63 70 69
62 63 69
71 63 64
63 71 70
63 62 55
56 63 55
63 57 64
63 56 57
78 85 77
85 84 77
79 85 78
86 85 79
73 65 66
65 73 72
41 31 40
31 35 36
34 31 33
31 41 42
35 31 34
59 60 66
60 67 66
60 68 67
68 60 61
80 81 88
80 88 87
80 86 79
86 80 87
80 79 72
73 80 72
74 80 73
80 74 81
68 74 67
74 68 75
81 74 82
82 74 75
74 73 66
67 74 66
L 140.796,87.041,-0.431;141.310,87.071,-0.551;141.823,87.102,-0.692;142.337,87.133,-0.841;142.850,87.163,-0.989;143.364,87.194,-1.183;143.877,87.224,-1.395;144.391,87.255,-1.616;144.904,87.285,-1.867;145.417,87.316,-2.148;145.931,87.346,-2.429;146.444,87.377,-2.609;146.958,87.407,-2.869;147.471,87.438,-3.128;147.985,87.468,-3.266;148.498,87.499,-3.397;148.494,87.574,-3.372;148.494,87.574,-3.372;148.527,87.022,-3.512;148.559,86.470,-3.660;148.592,85.918,-3.808;148.625,85.366,-3.851;148.658,84.814,-3.903;148.941,84.831,-4.048;148.977,84.232,-4.115;149.013,83.633,-4.193;149.049,83.035,-4.274;149.084,82.436,-4.330;149.120,81.837,-4.210;148.621,81.807,-4.017;148.122,81.778,-3.831;147.623,81.748,-3.719;147.124,81.718,-3.612;146.624,81.689,-3.492;146.125,81.659,-3.278;145.626,81.629,-3.137;145.127,81.600,-2.979;144.628,81.570,-2.830;144.129,81.540,-2.681;143.630,81.510,-2.544;143.130,81.481,-2.412;142.631,81.451,-2.283;142.132,81.421,-2.154;141.633,81.392,-2.019;141.134,81.362,-1.892;141.103,81.878,-1.706;141.073,82.395,-1.514;141.042,82.911,-1.327;141.011,83.427,-1.123;140.981,83.943,-0.918;140.950,84.460,-0.788;140.919,84.976,-0.669;140.889,85.492,-0.553;140.858,86.008,-0.511;140.827,86.525,-0.470
G BAHCE-14_P115-B06 90 123
83.712 77.948 1.818
83.688 78.463 1.906
83.664 78.978 1.998
83.640 79.493 2.072
83.617 80.008 2.219
83.593 80.523 2.459
83.569 81.037 2.722
83.545 81.552 2.988
83.521 82.067 3.256
83.497 82.582 3.514
83.474 83.097 3.716
83.450 83.612 3.933
83.467 83.613 3.936
83.466 83.628 3.942
83.997 83.660 4.020
84.528 83.691 4.106
85.059 83.723 4.147
85.590 83.755 4.188
86.121 83.786 4.244
86.652 83.818 4.287
87.183 83.849 4.330
87.714 83.881 4.380
88.245 83.912 4.423
88.776 83.944 4.465
89.307 83.976 4.500
89.838 84.007 4.527
90.369 84.039 4.554
90.900 84.070 4.567
91.431 84.102 4.576
91.463 83.565 4.442
91.495 83.028 4.306
91.527 82.490 4.164
91.559 81.953 4.016
91.591 81.416 3.875
91.594 81.416 3.876
91.630 80.818 3.723
91.665 80.221 3.576
91.701 79.623 3.427
91.736 79.025 3.273
91.772 78.427 3.131
91.268 78.397 3.085
90.764 78.367 3.042
90.261 78.337 2.999
89.757 78.307 2.947
89.253 78.277 2.895
88.750 78.247 2.841
88.246 78.217 2.784
87.742 78.188 2.727
87.238 78.158 2.660
86.734 78.128 2.589
86.231 78.098 2.518
85.727 78.068 2.425
85.223 78.038 2.313
84.720 78.008 2.201
84.216 77.978 2.033
84.450 78.948 2.289
85.450 78.948 2.592
86.450 78.948 2.763
87.450 78.948 2.898
88.450 78.948 2.998
89.450 78.948 3.091
90.450 78.948 3.181
84.450 79.948 2.515
85.450 79.948 2.806
86.450 79.948 3.038
87.450 79.948 3.174
88.450 79.948 3.274
89.450 79.948 3.370
90.450 79.948 3.450
84.450 80.948 2.818
85.450 80.948 3.096
86.450 80.948 3.314
87.450 80.948 3.463
88.450 80.948 3.565
89.450 80.948 3.650
90.450 80.948 3.715
84.450 81.948 3.340
85.450 81.948 3.458
86.450 81.948 3.657
87.450 81.948 3.773
88.450 81.948 3.862
89.450 81.948 3.938
90.450 81.948 3.994
84.450 82.948 3.805
85.450 82.948 3.895
86.450 82.948 3.986
87.450 82.948 4.077
88.450 82.948 4.167
89.450 82.948 4.221
90.450 82.948 4.268
7 6 69
6 5 69
62 5 4
5 62 69
52 51 56
76 7 69
54 1 0
3 62 4
55 3 2
3 55 62
55 52 56
1 55 2
55 1 54
8 76 9
76 8 7
38 40 39
36 68 37
36 35 75
68 36 75
40 61 41
61 40 38
61 38 37
68 61 37
59 58 47
49 58 57
30 29 89
25 24 88
89 25 88
26 25 89
33 82 75
33 35 34
35 33 75
86 21 20
87 21 86
21 87 22
12 14 13
14 12 10
10 12 11
83 10 9
83 14 10
83 15 14
76 83 9
15 83 16
53 55 54
55 53 52
50 49 57
50 57 56
51 50 56
84 85 18
83 84 16
85 19 18
19 86 20
19 85 86
87 23 22
24 23 88
23 87 88
46 59 47
46 45 59
58 48 47
48 58 49
27 29 28
27 26 89
29 27 89
33 32 82
84 17 16
17 84 18
61 42 41
43 42 61
43 60 44
60 43 61
60 45 44
45 60 59
82 31 89
32 31 82
31 30 89
81 82 88
82 89 88
65 71 64
71 65 72
71 63 64
63 71 70
57 63 56
63 57 64
63 55 56
55 63 62
62 63 69
63 70 69
65 73 72
73 65 66
65 58 66
58 59 66
58 65 64
57 58 64
74 82 81
82 74 75
74 68 75
68 74 67
74 73 66
74 66 67
80 74 81
74 80 73
80 81 88
87 80 88
70 77 69
77 76 69
71 77 70
77 71 78
77 83 76
77 84 83
85 77 78
84 77 85
59 60 66
66 60 67
60 68 67
60 61 68
79 85 78
85 79 86
79 71 72
71 79 78
79 80 87
79 87 86
73 79 72
80 79 73
L 83.712,77.948,1.868;83.688,78.463,1.956;83.664,78.978,2.048;83.640,79.493,2.122;83.617,80.008,2.269;83.593,80.523,2.509;83.569,81.037,2.772;83.545,81.552,3.038;83.521,82.067,3.306;83.497,82.582,3.564;83.474,83.097,3.766;83.450,83.612,3.983;83.467,83.613,3.986;83.466,83.628,3.992;83.997,83.660,4.070;84.528,83.691,4.156;85.059,83.723,4.197;85.590,83.755,4.238;86.121,83.786,4.294;86.652,83.818,4.337;87.183,83.849,4.380;87.714,83.881,4.430;88.245,83.912,4.473;88.776,83.944,4.515;89.307,83.976,4.550;89.838,84.007,4.577;90.369,84.039,4.604;90.900,84.070,4.617;91.431,84.102,4.626;91.463,83.565,4.492;91.495,83.028,4.356;91.527,82.490,4.214;91.559,81.953,4.066;91.591,81.416,3.925;91.594,81.416,3.926;91.630,80.818,3.773;91.665,80.221,3.626;91.701,79.623,3.477;91.736,79.025,3.323;91.772,78.427,3.181;91.268,78.397,3.135;90.764,78.367,3.092;90.261,78.337,3.049;89.757,78.307,2.997;89.253,78.277,2.945;88.750,78.247,2.891;88.246,78.217,2.834;87.742,78.188,2.777;87.238,78.158,2.710;86.734,78.128,2.639;86.231,78.098,2.568;85.727,78.068,2.475;85.223,78.038,2.363;84.720,78.008,2.251;84.216,77.978,2.083
G BAHCE-15_P116-B15 144 189
63.544 69.553 1.005
63.502 70.253 1.054
63.467 70.846 1.100
63.432 71.439 1.149
63.396 72.031 1.196
63.361 72.624 1.196
63.326 73.217 1.197
63.316 73.392 1.203
63.172 73.383 1.235
63.156 73.656 1.259
62.653 73.626 1.371
62.150 73.595 1.484
61.648 73.565 1.601
61.145 73.534 1.718
60.642 73.504 1.836
60.139 73.474 1.959
59.636 73.443 2.084
59.134 73.413 2.210
58.631 73.382 2.340
58.128 73.352 2.470
58.107 73.351 2.475
58.103 73.419 2.480
58.619 73.450 2.346
59.134 73.480 2.214
59.650 73.511 2.086
60.165 73.542 1.958
60.681 73.573 1.833
61.197 73.603 1.712
61.712 73.634 1.591
62.228 73.665 1.471
62.743 73.695 1.356
63.259 73.726 1.240
63.774 73.757 1.131
64.290 73.787 1.026
64.806 73.818 0.918
65.321 73.849 0.814
65.837 73.880 0.722
66.352 73.910 0.630
66.868 73.941 0.550
66.901 73.418 0.538
66.935 72.896 0.567
66.968 72.373 0.597
67.002 71.850 0.634
67.035 71.327 0.687
67.069 70.805 0.733
67.102 70.282 0.756
67.135 69.759 0.748
67.169 69.237 0.768
67.202 68.714 0.773
67.236 68.191 0.760
67.269 67.668 0.753
67.303 67.146 0.735
67.336 66.623 0.713
67.369 66.100 0.689
67.403 65.578 0.670
67.436 65.055 0.653
67.470 64.532 0.649
67.503 64.009 0.705
67.537 63.487 0.717
67.570 62.964 0.735
67.052 62.933 0.820
66.534 62.901 0.905
66.015 62.870 1.016
65.497 62.839 1.126
64.979 62.808 1.237
64.461 62.776 1.367
63.942 62.745 1.496
63.424 62.714 1.625
62.906 62.682 1.760
62.388 62.651 1.894
61.869 62.620 2.026
61.351 62.588 2.150
60.833 62.557 2.276
60.315 62.526 2.407
59.796 62.495 2.543
59.278 62.463 2.682
58.760 62.432 2.827
58.724 63.027 2.696
58.688 63.622 2.577
58.652 64.216 2.453
58.616 64.811 2.361
58.580 65.406 2.299
58.779 65.418 2.238
59.503 65.461 2.012
60.227 65.504 1.795
60.826 65.540 1.646
61.425 65.575 1.505
62.024 65.611 1.367
62.607 65.646 1.236
63.189 65.680 1.117
63.772 65.715 0.997
63.771 65.740 0.994
63.738 66.292 0.970
63.705 66.845 0.955
63.672 67.398 0.944
63.640 67.950 0.952
63.607 68.502 0.959
63.574 69.055 0.970
59.103 63.432 2.500
60.103 63.432 2.246
61.103 63.432 2.010
62.103 63.432 1.783
63.103 63.432 1.539
64.103 63.432 1.321
65.103 63.432 1.091
66.103 63.432 0.894
67.103 63.432 0.785
59.103 64.432 2.273
60.103 64.432 2.014
61.103 64.432 1.780
62.103 64.432 1.558
63.103 64.432 1.328
64.103 64.432 1.116
65.103 64.432 0.916
66.103 64.432 0.776
67.103 64.432 0.681
64.103 65.432 0.973
65.103 65.432 0.850
66.103 65.432 0.772
67.103 65.432 0.678
64.103 66.432 0.918
65.103 66.432 0.822
66.103 66.432 0.764
64.103 67.432 0.913
65.103 67.432 0.843
66.103 67.432 0.800
64.103 68.432 0.923
65.103 68.432 0.863
66.103 68.432 0.821
64.103 69.432 0.963
65.103 69.432 0.897
66.103 69.432 0.855
64.103 70.432 1.021
65.103 70.432 0.949
66.103 70.432 0.863
64.103 71.432 1.042
65.103 71.432 0.937
66.103 71.432 0.807
64.103 72.432 1.060
65.103 72.432 0.898
66.103 72.432 0.729
64.103 73.432 1.044
65.103 73.432 0.843
66.103 73.432 0.663
19 22 21
53 52 122
100 99 72
100 70 101
20 19 21
23 16 24
16 23 17
119 53 122
80 79 107
108 83 107
85 108 109
18 22 19
18 23 22
23 18 17
98 74 99
67 102 68
67 103 102
103 67 66
70 69 101
69 102 101
102 69 68
71 100 72
100 71 70
56 55 115
55 119 115
123 93 120
65 103 66
106 105 61
104 65 64
65 104 103
118 119 122
112 116 111
116 89 111
51 125 122
52 51 122
83 82 107
82 80 107
80 82 81
110 86 109
86 85 109
108 84 83
85 84 108
99 73 72
74 73 99
78 98 107
79 78 107
98 75 74
141 6 5
143 35 142
16 15 24
106 60 59
60 106 61
57 56 115
106 57 115
119 54 53
55 54 119
93 92 120
126 95 123
95 126 96
105 62 61
87 86 110
78 77 98
75 77 76
77 75 98
7 6 141
33 32 141
7 32 31
32 7 141
35 34 142
34 141 142
34 33 141
40 143 140
143 36 35
138 141 5
4 138 5
15 25 24
25 15 14
26 25 14
28 27 12
1 129 132
58 106 59
58 57 106
91 116 120
92 91 120
94 93 123
95 94 123
63 104 64
104 63 105
63 62 105
128 49 48
49 128 125
134 46 45
88 110 111
88 87 110
89 88 111
42 41 140
41 40 140
40 39 143
37 36 143
37 39 38
39 37 143
44 134 45
137 43 42
137 42 140
137 44 43
44 137 134
135 138 4
27 13 12
13 27 26
13 26 14
1 0 129
116 90 89
91 90 116
51 50 125
50 49 125
131 46 134
131 128 48
135 2 132
2 1 132
0 97 129
129 97 126
126 97 96
47 131 48
131 47 46
30 29 10
11 29 28
11 28 12
29 11 10
3 135 4
3 2 135
30 9 31
9 7 31
9 8 7
102 110 101
110 102 111
110 100 101
100 110 109
123 121 124
121 123 120
102 103 111
103 112 111
121 125 124
125 121 122
108 100 109
100 108 99
108 98 99
98 108 107
103 104 112
104 113 112
127 123 124
127 126 123
143 139 140
139 143 142
104 114 113
114 104 105
114 106 115
114 105 106
119 114 115
118 114 119
117 114 118
114 117 113
121 117 122
117 118 122
113 117 112
117 116 112
117 121 120
116 117 120
127 129 126
129 127 130
77 80 81
80 77 79
133 129 130
129 133 132
138 139 142
141 138 142
125 128 124
128 127 124
131 133 130
133 131 134
127 131 130
128 131 127
136 133 134
137 136 134
139 136 140
136 137 140
133 136 132
136 135 132
138 136 139
135 136 138
L 63.544,69.553,1.055;63.502,70.253,1.104;63.467,70.846,1.150;63.432,71.439,1.199;63.396,72.031,1.246;63.361,72.624,1.246;63.326,73.217,1.247;63.316,73.392,1.253;63.172,73.383,1.285;63.156,73.656,1.309;62.653,73.626,1.421;62.150,73.595,1.534;61.648,73.565,1.651;61.145,73.534,1.768;60.642,73.504,1.886;60.139,73.474,2.009;59.636,73.443,2.134;59.134,73.413,2.260;58.631,73.382,2.390;58.128,73.352,2.520;58.107,73.351,2.525;58.103,73.419,2.530;58.619,73.450,2.396;59.134,73.480,2.264;59.650,73.511,2.136;60.165,73.542,2.008;60.681,73.573,1.883;61.197,73.603,1.762;61.712,73.634,1.641;62.228,73.665,1.521;62.743,73.695,1.406;63.259,73.726,1.290;63.774,73.757,1.181;64.290,73.787,1.076;64.806,73.818,0.968;65.321,73.849,0.864;65.837,73.880,0.772;66.352,73.910,0.680;66.868,73.941,0.600;66.901,73.418,0.588;66.935,72.896,0.617;66.968,72.373,0.647;67.002,71.850,0.684;67.035,71.327,0.737;67.069,70.805,0.783;67.102,70.282,0.806;67.135,69.759,0.798;67.169,69.237,0.818;67.202,68.714,0.823;67.236,68.191,0.810;67.269,67.668,0.803;67.303,67.146,0.785;67.336,66.623,0.763;67.369,66.100,0.739;67.403,65.578,0.720;67.436,65.055,0.703;67.470,64.532,0.699;67.503,64.009,0.755;67.537,63.487,0.767;67.570,62.964,0.785;67.052,62.933,0.870;66.534,62.901,0.955;66.015,62.870,1.066;65.497,62.839,1.176;64.979,62.808,1.287;64.461,62.776,1.417;63.942,62.745,1.546;63.424,62.714,1.675;62.906,62.682,1.810;62.388,62.651,1.944;61.869,62.620,2.076;61.351,62.588,2.200;60.833,62.557,2.326;60.315,62.526,2.457;59.796,62.495,2.593;59.278,62.463,2.732;58.760,62.432,2.877;58.724,63.027,2.746;58.688,63.622,2.627;58.652,64.216,2.503;58.616,64.811,2.411;58.580,65.406,2.349;58.779,65.418,2.288;59.503,65.461,2.062;60.227,65.504,1.845;60.826,65.540,1.696;61.425,65.575,1.555;62.024,65.611,1.417;62.607,65.646,1.286;63.189,65.680,1.167;63.772,65.715,1.047;63.771,65.740,1.044;63.738,66.292,1.020;63.705,66.845,1.005;63.672,67.398,0.994;63.640,67.950,1.002;63.607,68.502,1.009;63.574,69.055,1.020
G BAHCE-16_P116-B13 144 195
42.136 72.386 4.727
41.635 72.355 4.724
41.134 72.325 4.721
40.634 72.295 4.722
40.133 72.265 4.726
39.632 72.234 4.730
39.131 72.204 4.744
38.630 72.174 4.761
38.130 72.144 4.778
37.629 72.113 4.817
37.128 72.083 4.865
37.143 71.835 4.852
36.959 71.824 4.870
36.990 71.301 4.850
37.021 70.778 4.833
37.053 70.255 4.821
37.084 69.731 4.816
37.115 69.208 4.808
37.146 68.685 4.807
37.152 68.586 4.808
37.187 67.986 4.813
37.217 67.487 4.818
37.250 66.931 4.833
37.283 66.375 4.848
37.316 65.819 4.866
37.349 65.263 4.890
37.382 64.707 4.915
37.415 64.151 4.945
37.416 64.148 4.945
37.450 64.150 4.941
37.607 64.160 4.924
37.607 64.158 4.924
38.251 64.197 4.858
38.895 64.236 4.806
39.539 64.274 4.751
40.113 64.309 4.726
40.687 64.343 4.705
41.261 64.377 4.685
41.834 64.411 4.670
42.408 64.445 4.655
42.608 64.456 4.650
42.644 63.858 4.656
42.680 63.260 4.662
42.717 62.663 4.665
42.753 62.065 4.674
42.789 61.467 4.684
42.266 61.435 4.712
41.743 61.404 4.746
41.220 61.372 4.779
40.697 61.340 4.826
40.174 61.309 4.872
39.650 61.277 4.918
39.127 61.246 4.971
38.604 61.214 5.031
38.081 61.182 5.096
37.558 61.151 5.169
37.035 61.119 5.235
36.764 61.563 5.214
36.494 62.007 5.207
36.223 62.452 5.202
35.952 62.896 5.198
35.681 63.340 5.196
35.411 63.784 5.195
35.140 64.228 5.194
34.869 64.673 5.197
34.599 65.117 5.209
34.328 65.561 5.219
34.057 66.005 5.226
33.786 66.450 5.244
33.516 66.894 5.262
33.245 67.338 5.283
32.974 67.782 5.310
32.704 68.226 5.341
32.433 68.671 5.371
32.162 69.115 5.403
31.892 69.559 5.445
31.621 70.003 5.489
31.350 70.447 5.537
31.079 70.892 5.597
30.809 71.336 5.659
30.538 71.780 5.721
31.042 71.810 5.644
31.546 71.840 5.566
32.050 71.870 5.488
32.554 71.900 5.418
33.058 71.930 5.348
33.562 71.960 5.280
34.066 71.990 5.218
34.570 72.020 5.157
35.074 72.050 5.096
35.578 72.080 5.036
36.082 72.110 4.977
36.587 72.139 4.921
37.091 72.169 4.874
37.595 72.199 4.826
38.099 72.229 4.785
38.603 72.259 4.768
39.107 72.289 4.750
39.611 72.319 4.736
40.115 72.349 4.732
40.619 72.379 4.728
41.123 72.409 4.726
41.627 72.439 4.730
42.131 72.469 4.733
37.538 62.119 5.076
38.538 62.119 4.969
39.538 62.119 4.873
40.538 62.119 4.794
41.538 62.119 4.743
36.538 63.119 5.109
37.538 63.119 5.000
38.538 63.119 4.902
39.538 63.119 4.813
40.538 63.119 4.756
41.538 63.119 4.708
36.538 64.119 5.044
35.538 65.119 5.100
36.538 65.119 4.989
34.538 66.119 5.167
35.538 66.119 5.053
36.538 66.119 4.942
34.538 67.119 5.135
35.538 67.119 5.020
36.538 67.119 4.908
33.538 68.119 5.234
34.538 68.119 5.114
35.538 68.119 4.999
36.538 68.119 4.885
32.538 69.119 5.355
33.538 69.119 5.224
34.538 69.119 5.104
35.538 69.119 4.986
36.538 69.119 4.871
32.538 70.119 5.367
33.538 70.119 5.232
34.538 70.119 5.110
35.538 70.119 4.992
36.538 70.119 4.875
31.538 71.119 5.539
32.538 71.119 5.390
33.538 71.119 5.255
34.538 71.119 5.132
35.538 71.119 5.012
36.538 71.119 4.893
21 127 123
1 0 103
41 40 39
44 46 45
132 17 16
127 18 132
18 17 132
97 7 6
98 97 6
5 98 6
3 100 4
3 101 100
101 3 2
143 14 13
143 92 91
137 132 16
15 137 16
137 15 14
143 137 14
24 117 25
117 24 120
120 23 123
24 23 120
118 65 119
118 121 68
113 37 36
109 104 110
109 28 115
28 109 110
52 51 106
51 50 106
58 109 59
109 58 104
111 32 110
111 112 33
32 111 33
79 81 80
138 83 82
81 138 82
138 81 79
133 138 77
102 1 103
1 102 2
102 101 2
96 7 97
96 8 7
12 143 13
143 12 92
12 93 92
100 99 4
99 5 4
99 98 5
21 20 127
38 41 39
76 133 77
76 75 133
75 128 133
65 116 119
117 116 115
22 21 123
23 22 123
112 34 33
118 66 65
113 114 37
114 38 37
42 114 43
114 42 41
38 114 41
62 61 115
61 109 115
32 31 110
28 27 115
55 54 104
58 57 104
55 57 56
57 55 104
138 78 77
78 138 79
83 139 84
138 139 83
139 138 133
96 95 8
8 95 9
95 94 9
10 12 11
10 93 12
93 10 94
94 10 9
19 18 127
20 19 127
121 69 68
70 69 121
124 121 125
124 70 121
72 124 129
73 72 129
128 73 129
87 86 140
142 143 91
64 116 65
35 113 36
113 35 112
35 34 112
67 118 68
67 66 118
108 44 43
114 108 43
108 47 46
44 108 46
47 108 48
109 60 59
61 60 109
29 28 110
31 29 110
53 105 54
54 105 104
105 53 52
105 52 106
71 124 72
124 71 70
74 128 75
74 73 128
86 85 140
85 139 140
139 85 84
141 87 140
89 141 142
64 63 116
63 62 115
116 63 115
107 49 48
108 107 48
49 107 50
50 107 106
30 29 31
117 26 25
26 117 115
27 26 115
90 142 91
90 89 142
141 88 87
88 141 89
131 137 136
137 131 132
120 122 119
122 120 123
122 118 119
118 122 121
116 120 119
116 117 120
130 124 125
124 130 129
126 130 125
130 126 131
131 126 132
126 127 132
122 126 121
121 126 125
126 122 123
127 126 123
135 131 136
135 130 131
137 142 136
142 137 143
105 111 110
104 105 110
112 105 106
111 105 112
139 134 140
134 139 133
134 128 129
128 134 133
130 134 129
135 134 130
141 135 136
142 141 136
134 141 140
141 134 135
107 108 114
107 114 113
107 112 106
107 113 112
88 103 80
88 99 100
88 83 84
92 88 91
88 102 103
81 88 80
83 88 82
88 81 82
102 88 101
99 88 98
95 88 94
88 95 96
88 86 87
L 42.136,72.386,4.777;41.635,72.355,4.774;41.134,72.325,4.771;40.634,72.295,4.772;40.133,72.265,4.776;39.632,72.234,4.780;39.131,72.204,4.794;38.630,72.174,4.811;38.130,72.144,4.828;37.629,72.113,4.867;37.128,72.083,4.915;37.143,71.835,4.902;36.959,71.824,4.920;36.990,71.301,4.900;37.021,70.778,4.883;37.053,70.255,4.871;37.084,69.731,4.866;37.115,69.208,4.858;37.146,68.685,4.857;37.152,68.586,4.858;37.187,67.986,4.863;37.217,67.487,4.868;37.250,66.931,4.883;37.283,66.375,4.898;37.316,65.819,4.916;37.349,65.263,4.940;37.382,64.707,4.965;37.415,64.151,4.995;37.416,64.148,4.995;37.450,64.150,4.991;37.607,64.160,4.974;37.607,64.158,4.974;38.251,64.197,4.908;38.895,64.236,4.856;39.539,64.274,4.801;40.113,64.309,4.776;40.687,64.343,4.755;41.261,64.377,4.735;41.834,64.411,4.720;42.408,64.445,4.705;42.608,64.456,4.700;42.644,63.858,4.706;42.680,63.260,4.712;42.717,62.663,4.715;42.753,62.065,4.724;42.789,61.467,4.734;42.266,61.435,4.762;41.743,61.404,4.796;41.220,61.372,4.829;40.697,61.340,4.876;40.174,61.309,4.922;39.650,61.277,4.968;39.127,61.246,5.021;38.604,61.214,5.081;38.081,61.182,5.146;37.558,61.151,5.219;37.035,61.119,5.285;36.764,61.563,5.264;36.494,62.007,5.257;36.223,62.452,5.252;35.952,62.896,5.248;35.681,63.340,5.246;35.411,63.784,5.245;35.140,64.228,5.244;34.869,64.673,5.247;34.599,65.117,5.259;34.328,65.561,5.269;34.057,66.005,5.276;33.786,66.450,5.294;33.516,66.894,5.312;33.245,67.338,5.333;32.974,67.782,5.360;32.704,68.226,5.391;32.433,68.671,5.421;32.162,69.115,5.453;31.892,69.559,5.495;31.621,70.003,5.539;31.350,70.447,5.587;31.079,70.892,5.647;30.809,71.336,5.709;30.538,71.780,5.771;31.042,71.810,5.694;31.546,71.840,5.616;32.050,71.870,5.538;32.554,71.900,5.468;33.058,71.930,5.398;33.562,71.960,5.330;34.066,71.990,5.268;34.570,72.020,5.207;35.074,72.050,5.146;35.578,72.080,5.086;36.082,72.110,5.027;36.587,72.139,4.971;37.091,72.169,4.924;37.595,72.199,4.876;38.099,72.229,4.835;38.603,72.259,4.818;39.107,72.289,4.800;39.611,72.319,4.786;40.115,72.349,4.782;40.619,72.379,4.778;41.123,72.409,4.776;41.627,72.439,4.780;42.131,72.469,4.783
G BAHCE-17_P115-B10 88 122
141.134 81.362 -1.942
140.635 81.332 -1.819
140.136 81.303 -1.694
139.637 81.273 -1.582
139.137 81.243 -1.477
138.638 81.214 -1.372
138.139 81.184 -1.255
137.640 81.155 -1.130
137.141 81.125 -1.006
136.642 81.095 -0.879
136.143 81.066 -0.736
135.644 81.036 -0.593
135.144 81.007 -0.448
134.645 80.977 -0.302
134.146 80.947 -0.155
133.647 80.918 -0.023
133.148 80.888 0.103
133.118 81.399 0.214
133.087 81.911 0.304
133.057 82.422 0.380
133.027 82.933 0.447
132.996 83.445 0.511
132.966 83.956 0.593
132.915 84.804 0.691
132.880 85.391 0.748
132.845 85.979 0.800
132.810 86.566 0.851
133.324 86.596 0.784
133.837 86.627 0.715
134.351 86.658 0.646
134.864 86.688 0.570
135.378 86.719 0.489
135.891 86.749 0.411
136.405 86.780 0.331
136.918 86.810 0.251
137.431 86.841 0.168
137.945 86.871 0.083
138.458 86.902 -0.002
138.972 86.932 -0.099
139.485 86.963 -0.197
139.999 86.993 -0.295
140.512 87.024 -0.415
140.796 87.041 -0.481
140.827 86.525 -0.520
140.858 86.008 -0.561
140.889 85.492 -0.603
140.919 84.976 -0.719
140.950 84.460 -0.838
140.981 83.943 -0.968
141.011 83.427 -1.173
141.042 82.911 -1.377
141.073 82.395 -1.564
141.103 81.878 -1.756
133.810 81.888 0.125
134.810 81.888 -0.130
135.810 81.888 -0.431
136.810 81.888 -0.690
137.810 81.888 -0.934
138.810 81.888 -1.166
139.810 81.888 -1.400
133.810 82.888 0.287
134.810 82.888 0.069
135.810 82.888 -0.164
136.810 82.888 -0.400
137.810 82.888 -0.620
138.810 82.888 -0.813
139.810 82.888 -1.046
133.810 83.888 0.442
134.810 83.888 0.245
135.810 83.888 0.041
136.810 83.888 -0.146
137.810 83.888 -0.334
138.810 83.888 -0.514
139.810 83.888 -0.707
133.810 84.888 0.562
134.810 84.888 0.374
135.810 84.888 0.202
136.810 84.888 0.041
137.810 84.888 -0.118
138.810 84.888 -0.297
139.810 84.888 -0.488
133.810 85.888 0.660
134.810 85.888 0.507
135.810 85.888 0.345
136.810 85.888 0.193
137.810 85.888 0.032
138.810 85.888 -0.143
139.810 85.888 -0.333
31 30 82
49 48 73
49 66 50
66 49 73
5 4 58
30 29 82
25 27 26
83 31 82
4 59 58
38 37 86
85 37 36
37 85 86
40 39 87
39 38 86
87 39 86
44 43 87
43 40 87
47 80 73
48 47 73
83 32 31
21 60 67
81 29 28
29 81 82
27 81 28
81 27 25
81 24 74
24 81 25
24 23 74
59 51 66
66 51 50
57 6 58
6 5 58
35 85 36
84 35 34
35 84 85
41 43 42
43 41 40
47 46 80
15 17 16
53 15 14
15 53 17
19 53 60
74 22 67
23 22 74
22 21 67
3 59 4
3 2 59
52 51 59
56 8 57
33 84 34
84 33 83
33 32 83
45 44 87
80 45 87
46 45 80
56 55 10
20 60 21
20 19 60
53 18 17
19 18 53
52 1 0
2 1 59
1 52 59
9 56 10
9 8 56
7 6 57
8 7 57
54 14 13
54 53 14
12 54 13
54 12 55
55 11 10
12 11 55
59 66 65
59 65 58
64 57 65
65 57 58
77 69 70
69 77 76
75 69 76
69 75 68
75 83 82
83 75 76
68 75 67
75 74 67
81 75 82
75 81 74
23 24 25
56 57 64
63 56 64
77 84 76
84 83 76
78 84 77
84 78 85
69 62 70
62 63 70
71 63 64
63 71 70
71 77 70
71 78 77
55 56 63
62 55 63
66 72 65
72 66 73
72 64 65
72 71 64
78 79 85
85 79 86
79 87 86
79 80 87
71 79 78
72 79 71
79 72 73
80 79 73
61 69 68
61 62 69
61 68 67
60 61 67
61 55 62
61 54 55
53 61 60
54 61 53
L 141.134,81.362,-1.892;140.635,81.332,-1.769;140.136,81.303,-1.644;139.637,81.273,-1.532;139.137,81.243,-1.427;138.638,81.214,-1.322;138.139,81.184,-1.205;137.640,81.155,-1.080;137.141,81.125,-0.956;136.642,81.095,-0.829;136.143,81.066,-0.686;135.644,81.036,-0.543;135.144,81.007,-0.398;134.645,80.977,-0.252;134.146,80.947,-0.105;133.647,80.918,0.027;133.148,80.888,0.153;133.118,81.399,0.264;133.087,81.911,0.354;133.057,82.422,0.430;133.027,82.933,0.497;132.996,83.445,0.561;132.966,83.956,0.643;132.915,84.804,0.741;132.880,85.391,0.798;132.845,85.979,0.850;132.810,86.566,0.901;133.324,86.596,0.834;133.837,86.627,0.765;134.351,86.658,0.696;134.864,86.688,0.620;135.378,86.719,0.539;135.891,86.749,0.461;136.405,86.780,0.381;136.918,86.810,0.301;137.431,86.841,0.218;137.945,86.871,0.133;138.458,86.902,0.048;138.972,86.932,-0.049;139.485,86.963,-0.147;139.999,86.993,-0.245;140.512,87.024,-0.365;140.796,87.041,-0.431;140.827,86.525,-0.470;140.858,86.008,-0.511;140.889,85.492,-0.553;140.919,84.976,-0.669;140.950,84.460,-0.788;140.981,83.943,-0.918;141.011,83.427,-1.123;141.042,82.911,-1.327;141.073,82.395,-1.514;141.103,81.878,-1.706
G BAHCE-18_P116-B21 115 94
125.195 77.134 1.058
125.226 76.623 1.007
125.257 76.113 0.944
125.288 75.602 0.888
125.319 75.092 0.832
125.349 74.581 0.770
125.380 74.071 0.707
125.411 73.560 0.633
125.442 73.050 0.549
125.473 72.539 0.474
125.504 72.029 0.399
125.535 71.518 0.314
125.565 71.008 0.228
125.596 70.497 0.131
125.627 69.987 0.022
125.658 69.476 -0.079
126.160 69.506 -0.198
126.663 69.537 -0.329
127.165 69.567 -0.503
127.667 69.597 -0.667
128.170 69.628 -0.826
128.672 69.658 -0.996
129.174 69.689 -1.197
129.677 69.719 -1.394
130.179 69.749 -1.584
130.681 69.780 -1.756
130.683 69.756 -1.765
130.682 69.756 -1.764
130.483 69.745 -1.697
129.950 69.713 -1.504
129.418 69.681 -1.301
128.885 69.650 -1.088
128.353 69.618 -0.893
127.820 69.586 -0.719
127.288 69.554 -0.550
126.755 69.523 -0.365
126.223 69.491 -0.215
125.690 69.459 -0.091
125.490 69.448 -0.042
125.458 69.985 0.062
125.426 70.522 0.175
125.394 71.059 0.273
125.362 71.596 0.363
125.330 72.133 0.450
125.131 72.121 0.490
124.589 72.089 0.548
124.047 72.056 0.590
123.505 72.024 0.631
122.963 71.992 0.677
122.421 71.960 0.725
121.879 71.927 0.772
121.337 71.895 0.819
120.838 71.865 0.863
120.339 71.836 0.907
119.840 71.806 0.955
119.340 71.776 1.002
118.841 71.747 1.049
118.342 71.717 1.097
117.843 71.688 1.144
117.344 71.658 1.190
116.804 71.626 1.240
116.264 71.594 1.290
115.723 71.561 1.338
115.183 71.529 1.384
114.643 71.497 1.430
114.037 71.461 1.475
113.352 71.420 1.523
112.810 71.388 1.554
112.268 71.356 1.579
111.726 71.324 1.607
111.184 71.291 1.631
110.642 71.259 1.652
110.100 71.227 1.676
109.558 71.195 1.699
109.525 71.193 1.700
109.510 71.446 1.731
110.042 71.478 1.708
110.574 71.510 1.684
111.107 71.542 1.661
111.639 71.575 1.640
112.171 71.607 1.612
112.704 71.639 1.585
113.236 71.671 1.557
113.768 71.703 1.519
114.301 71.735 1.481
114.833 71.767 1.438
115.366 71.799 1.393
115.898 71.832 1.347
116.430 71.864 1.299
116.963 71.896 1.250
117.495 71.928 1.201
118.027 71.960 1.150
118.560 71.992 1.100
119.092 72.025 1.049
119.624 72.057 0.999
120.157 72.089 0.949
120.689 72.121 0.900
121.221 72.153 0.854
121.754 72.186 0.808
122.286 72.218 0.761
122.818 72.250 0.716
123.351 72.282 0.674
123.883 72.314 0.638
124.415 72.347 0.597
124.948 72.379 0.557
125.480 72.411 0.455
125.448 72.936 0.532
125.417 73.460 0.617
125.385 73.985 0.696
125.353 74.510 0.762
125.322 75.035 0.826
125.290 75.559 0.884
125.258 76.084 0.941
125.227 76.609 1.005
125.195 77.134 1.058
25 27 26
102 46 103
54 53 95
64 85 84
61 60 88
83 82 66
60 89 88
78 70 79
114 1 0
46 45 103
45 104 103
45 44 104
34 33 19
33 20 19
20 33 32
11 10 42
94 54 95
94 93 55
54 94 55
53 96 95
82 67 66
81 67 82
79 69 80
70 69 79
65 64 84
83 65 84
65 83 66
87 61 88
58 91 90
29 24 23
76 72 77
64 63 85
63 86 85
102 47 46
39 38 15
69 68 80
68 81 80
68 67 81
59 58 90
89 59 90
59 89 60
93 56 55
56 93 92
91 57 92
58 57 91
57 56 92
101 47 102
48 101 100
47 101 48
50 49 99
49 48 100
99 49 100
98 50 99
51 98 97
98 51 50
29 28 24
28 27 25
24 28 25
22 30 23
30 29 23
31 30 22
10 43 42
72 71 77
71 78 77
78 71 70
73 72 76
74 73 75
73 76 75
62 87 86
63 62 86
87 62 61
40 39 13
12 40 13
36 35 17
35 18 17
18 35 34
18 34 19
96 52 97
52 51 97
52 96 53
21 31 22
31 21 32
21 20 32
38 37 15
16 36 17
16 37 36
41 40 12
41 11 42
41 12 11
39 14 13
14 39 15
105 43 10
44 105 104
43 105 44
L 125.195,77.134,1.108;125.226,76.623,1.057;125.257,76.113,0.994;125.288,75.602,0.938;125.319,75.092,0.882;125.349,74.581,0.820;125.380,74.071,0.757;125.411,73.560,0.683;125.442,73.050,0.599;125.473,72.539,0.524;125.504,72.029,0.449;125.535,71.518,0.364;125.565,71.008,0.278;125.596,70.497,0.181;125.627,69.987,0.072;125.658,69.476,-0.029;126.160,69.506,-0.148;126.663,69.537,-0.279;127.165,69.567,-0.453;127.667,69.597,-0.617;128.170,69.628,-0.776;128.672,69.658,-0.946;129.174,69.689,-1.147;129.677,69.719,-1.344;130.179,69.749,-1.534;130.681,69.780,-1.706;130.683,69.756,-1.715;130.682,69.756,-1.714;130.483,69.745,-1.647;129.950,69.713,-1.454;129.418,69.681,-1.251;128.885,69.650,-1.038;128.353,69.618,-0.843;127.820,69.586,-0.669;127.288,69.554,-0.500;126.755,69.523,-0.315;126.223,69.491,-0.165;125.690,69.459,-0.041;125.490,69.448,0.008;125.458,69.985,0.112;125.426,70.522,0.225;125.394,71.059,0.323;125.362,71.596,0.413;125.330,72.133,0.500;125.131,72.121,0.540;124.589,72.089,0.598;124.047,72.056,0.640;123.505,72.024,0.681;122.963,71.992,0.727;122.421,71.960,0.775;121.879,71.927,0.822;121.337,71.895,0.869;120.838,71.865,0.913;120.339,71.836,0.957;119.840,71.806,1.005;119.340,71.776,1.052;118.841,71.747,1.099;118.342,71.717,1.147;117.843,71.688,1.194;117.344,71.658,1.240;116.804,71.626,1.290;116.264,71.594,1.340;115.723,71.561,1.388;115.183,71.529,1.434;114.643,71.497,1.480;114.037,71.461,1.525;113.352,71.420,1.573;112.810,71.388,1.604;112.268,71.356,1.629;111.726,71.324,1.657;111.184,71.291,1.681;110.642,71.259,1.702;110.100,71.227,1.726;109.558,71.195,1.749;109.525,71.193,1.750;109.510,71.446,1.781;110.042,71.478,1.758;110.574,71.510,1.734;111.107,71.542,1.711;111.639,71.575,1.690;112.171,71.607,1.662;112.704,71.639,1.635;113.236,71.671,1.607;113.768,71.703,1.569;114.301,71.735,1.531;114.833,71.767,1.488;115.366,71.799,1.443;115.898,71.832,1.397;116.430,71.864,1.349;116.963,71.896,1.300;117.495,71.928,1.251;118.027,71.960,1.200;118.560,71.992,1.150;119.092,72.025,1.099;119.624,72.057,1.049;120.157,72.089,0.999;120.689,72.121,0.950;121.221,72.153,0.904;121.754,72.186,0.858;122.286,72.218,0.811;122.818,72.250,0.766;123.351,72.282,0.724;123.883,72.314,0.688;124.415,72.347,0.647;124.948,72.379,0.607;125.480,72.411,0.505;125.448,72.936,0.582;125.417,73.460,0.667;125.385,73.985,0.746;125.353,74.510,0.812;125.322,75.035,0.876;125.290,75.559,0.934;125.258,76.084,0.991;125.227,76.609,1.055;125.195,77.134,1.108
G BAHCE-19_P116-B21 35 33
104.525 68.201 1.402
104.360 68.191 1.402
104.326 68.189 1.402
104.325 68.192 1.402
104.292 68.748 1.492
104.259 69.304 1.579
104.226 69.861 1.664
104.193 70.417 1.748
104.160 70.973 1.828
104.127 71.529 1.907
104.098 72.027 1.977
104.062 72.627 2.053
104.056 72.727 2.066
104.025 73.250 2.133
103.994 73.773 2.186
103.963 74.296 2.227
103.931 74.819 2.267
103.900 75.342 2.299
103.869 75.865 2.327
104.194 75.885 2.314
104.225 75.373 2.288
104.256 74.861 2.260
104.287 74.349 2.222
104.318 73.838 2.183
104.349 73.326 2.135
104.380 72.814 2.069
104.410 72.303 2.005
104.441 71.791 1.940
104.472 71.279 1.868
104.503 70.767 1.795
104.534 70.256 1.721
104.565 69.744 1.644
104.596 69.232 1.566
104.627 68.721 1.485
104.658 68.209 1.402
6 31 30
25 13 12
20 19 18
7 6 30
16 22 21
4 33 32
33 0 34
4 0 33
25 24 13
14 24 23
13 24 14
27 26 10
29 28 8
29 7 30
7 29 8
9 28 27
9 27 10
28 9 8
17 20 18
20 17 21
17 16 21
5 4 32
31 5 32
5 31 6
1 3 2
1 4 3
1 0 4
26 11 10
11 26 25
11 25 12
16 15 22
22 15 23
15 14 23
L 104.525,68.201,1.452;104.360,68.191,1.452;104.326,68.189,1.452;104.325,68.192,1.452;104.292,68.748,1.542;104.259,69.304,1.629;104.226,69.861,1.714;104.193,70.417,1.798;104.160,70.973,1.878;104.127,71.529,1.957;104.098,72.027,2.027;104.062,72.627,2.103;104.056,72.727,2.116;104.025,73.250,2.183;103.994,73.773,2.236;103.963,74.296,2.277;103.931,74.819,2.317;103.900,75.342,2.349;103.869,75.865,2.377;104.194,75.885,2.364;104.225,75.373,2.338;104.256,74.861,2.310;104.287,74.349,2.272;104.318,73.838,2.233;104.349,73.326,2.185;104.380,72.814,2.119;104.410,72.303,2.055;104.441,71.791,1.990;104.472,71.279,1.918;104.503,70.767,1.845;104.534,70.256,1.771;104.565,69.744,1.694;104.596,69.232,1.616;104.627,68.721,1.535;104.658,68.209,1.452
G BAHCE-20_P117-B28 152 215
73.764 52.537 1.255
73.358 52.216 1.337
72.951 51.894 1.421
72.545 51.573 1.498
72.138 51.252 1.572
71.732 50.930 1.642
71.325 50.609 1.703
70.919 50.287 1.763
70.512 49.966 1.822
70.106 49.645 1.873
69.699 49.323 1.914
69.293 49.002 1.951
68.913 48.617 1.982
68.534 48.232 2.014
68.154 47.847 2.039
67.775 47.462 2.059
67.395 47.077 2.083
67.016 46.692 2.106
66.636 46.307 2.135
66.256 45.922 2.174
65.877 45.537 2.216
65.497 45.152 2.259
65.118 44.767 2.320
64.738 44.382 2.403
64.740 44.902 2.403
64.742 45.422 2.434
64.744 45.942 2.478
64.746 46.462 2.523
64.748 46.981 2.554
64.750 47.501 2.593
64.752 48.021 2.631
64.754 48.541 2.663
64.756 49.061 2.698
64.758 49.581 2.730
64.760 50.101 2.745
64.762 50.621 2.760
64.765 51.141 2.774
64.767 51.660 2.765
64.769 52.180 2.757
64.771 52.700 2.750
64.773 53.220 2.719
64.775 53.740 2.689
64.777 54.260 2.649
64.779 54.780 2.599
65.282 54.810 2.493
65.785 54.841 2.391
66.288 54.872 2.285
66.791 54.902 2.189
67.294 54.933 2.099
67.797 54.964 2.010
68.300 54.995 1.926
68.803 55.025 1.853
69.307 55.056 1.784
69.810 55.087 1.724
70.313 55.117 1.670
70.816 55.148 1.605
71.319 55.179 1.536
71.822 55.209 1.485
72.325 55.240 1.435
72.292 55.785 1.398
72.258 56.331 1.328
72.225 56.876 1.257
72.192 57.421 1.159
72.158 57.967 1.054
72.125 58.512 0.946
72.092 59.057 0.848
72.058 59.603 0.747
72.268 59.615 0.728
72.828 59.651 0.656
73.388 59.688 0.573
73.948 59.724 0.489
74.509 59.760 0.335
75.069 59.797 0.174
75.629 59.833 0.004
75.662 59.330 0.091
75.694 58.826 0.178
75.727 58.323 0.249
75.760 57.820 0.317
75.793 57.317 0.388
75.825 56.813 0.456
75.858 56.310 0.519
75.891 55.807 0.581
75.924 55.304 0.629
75.956 54.800 0.658
75.989 54.297 0.683
75.544 53.945 0.884
75.099 53.593 1.008
74.654 53.241 1.119
74.209 52.889 1.187
65.738 46.382 2.319
65.738 47.382 2.412
66.738 47.382 2.228
65.738 48.382 2.489
66.738 48.382 2.317
67.738 48.382 2.149
65.738 49.382 2.552
66.738 49.382 2.377
67.738 49.382 2.214
68.738 49.382 2.061
65.738 50.382 2.585
66.738 50.382 2.405
67.738 50.382 2.242
68.738 50.382 2.088
69.738 50.382 1.938
65.738 51.382 2.591
66.738 51.382 2.411
67.738 51.382 2.248
68.738 51.382 2.091
69.738 51.382 1.939
70.738 51.382 1.788
71.738 51.382 1.630
65.738 52.382 2.574
66.738 52.382 2.391
67.738 52.382 2.227
68.738 52.382 2.072
69.738 52.382 1.920
70.738 52.382 1.767
71.738 52.382 1.605
72.738 52.382 1.439
65.738 53.382 2.520
66.738 53.382 2.332
67.738 53.382 2.167
68.738 53.382 2.011
69.738 53.382 1.858
70.738 53.382 1.699
71.738 53.382 1.540
72.738 53.382 1.420
73.738 53.382 1.284
65.738 54.382 2.445
66.738 54.382 2.252
67.738 54.382 2.084
68.738 54.382 1.927
69.738 54.382 1.794
70.738 54.382 1.640
71.738 54.382 1.508
72.738 54.382 1.397
73.738 54.382 1.280
74.738 54.382 1.052
72.738 55.382 1.386
73.738 55.382 1.248
74.738 55.382 1.005
72.738 56.382 1.270
73.738 56.382 1.134
74.738 56.382 0.866
72.738 57.382 1.106
73.738 57.382 0.968
74.738 57.382 0.700
72.738 58.382 0.909
73.738 58.382 0.770
74.738 58.382 0.533
73.738 59.382 0.582
74.738 59.382 0.342
150 147 148
150 151 70
54 133 55
74 151 75
151 71 70
80 143 81
77 146 78
149 76 75
151 149 75
149 77 76
77 149 146
130 50 49
48 130 49
65 64 147
65 67 66
150 68 147
68 65 147
65 68 67
94 98 97
98 94 13
143 140 81
22 24 23
24 22 25
22 21 25
25 21 26
21 20 26
58 134 135
109 7 6
103 109 108
7 109 103
88 127 0
127 126 0
127 88 87
118 3 2
3 118 117
1 118 2
118 1 0
126 118 0
42 44 43
44 128 45
45 128 46
42 128 44
128 42 41
119 128 41
72 74 73
74 72 151
72 71 151
80 79 143
143 79 146
146 79 78
64 63 147
63 144 147
144 63 62
129 47 46
47 129 48
129 130 48
128 129 46
69 150 70
69 68 150
138 58 135
61 141 144
61 144 62
98 10 103
103 10 9
11 10 98
8 103 9
8 7 103
102 98 103
83 85 84
134 56 133
133 56 55
52 132 53
53 132 54
132 133 54
110 3 117
59 138 141
138 59 58
12 98 13
12 11 98
94 14 13
15 14 94
34 95 99
140 82 81
83 82 140
83 137 85
137 83 140
85 137 86
86 137 87
137 136 127
137 127 87
57 134 58
57 56 134
131 52 51
131 132 52
50 131 51
130 131 50
5 110 109
5 109 6
61 60 141
60 59 141
104 36 99
40 119 41
110 4 3
5 4 110
37 36 104
111 37 104
37 111 38
35 34 99
36 35 99
111 39 38
39 111 119
40 39 119
33 95 34
33 32 95
89 19 18
90 89 18
20 89 26
19 89 20
17 91 18
91 90 18
91 17 16
15 91 16
28 89 90
31 92 32
32 92 95
92 31 30
90 92 30
29 90 30
29 28 90
89 27 26
28 27 89
93 15 94
93 91 15
145 143 146
143 145 142
147 144 148
144 145 148
150 149 151
149 150 148
149 145 146
145 149 148
145 141 142
144 141 145
140 143 142
139 140 142
126 134 125
134 126 135
124 117 125
117 124 116
134 124 125
124 134 133
118 126 125
117 118 125
130 129 121
121 129 120
129 119 120
129 128 119
141 138 142
138 139 142
110 117 116
109 110 116
138 136 139
136 138 135
126 136 135
127 136 126
104 100 105
100 104 99
95 100 99
100 95 96
121 112 113
112 121 120
112 106 113
106 112 105
82 77 78
77 82 76
137 140 139
136 137 139
119 111 120
111 112 120
111 104 105
112 111 105
107 103 108
107 102 103
101 100 96
101 96 97
98 101 97
102 101 98
100 101 105
101 106 105
107 101 102
101 107 106
123 124 133
132 123 133
106 114 113
107 114 106
122 123 132
131 122 132
122 130 121
122 131 130
122 121 113
114 122 113
115 122 114
122 115 123
115 109 116
109 115 108
124 115 116
123 115 124
115 107 108
115 114 107
96 93 97
93 94 97
93 92 90
91 93 90
95 93 96
92 93 95
L 73.764,52.537,1.305;73.358,52.216,1.387;72.951,51.894,1.471;72.545,51.573,1.548;72.138,51.252,1.622;71.732,50.930,1.692;71.325,50.609,1.753;70.919,50.287,1.813;70.512,49.966,1.872;70.106,49.645,1.923;69.699,49.323,1.964;69.293,49.002,2.001;68.913,48.617,2.032;68.534,48.232,2.064;68.154,47.847,2.089;67.775,47.462,2.109;67.395,47.077,2.133;67.016,46.692,2.156;66.636,46.307,2.185;66.256,45.922,2.224;65.877,45.537,2.266;65.497,45.152,2.309;65.118,44.767,2.370;64.738,44.382,2.453;64.740,44.902,2.453;64.742,45.422,2.484;64.744,45.942,2.528;64.746,46.462,2.573;64.748,46.981,2.604;64.750,47.501,2.643;64.752,48.021,2.681;64.754,48.541,2.713;64.756,49.061,2.748;64.758,49.581,2.780;64.760,50.101,2.795;64.762,50.621,2.810;64.765,51.141,2.824;64.767,51.660,2.815;64.769,52.180,2.807;64.771,52.700,2.800;64.773,53.220,2.769;64.775,53.740,2.739;64.777,54.260,2.699;64.779,54.780,2.649;65.282,54.810,2.543;65.785,54.841,2.441;66.288,54.872,2.335;66.791,54.902,2.239;67.294,54.933,2.149;67.797,54.964,2.060;68.300,54.995,1.976;68.803,55.025,1.903;69.307,55.056,1.834;69.810,55.087,1.774;70.313,55.117,1.720;70.816,55.148,1.655;71.319,55.179,1.586;71.822,55.209,1.535;72.325,55.240,1.485;72.292,55.785,1.448;72.258,56.331,1.378;72.225,56.876,1.307;72.192,57.421,1.209;72.158,57.967,1.104;72.125,58.512,0.996;72.092,59.057,0.898;72.058,59.603,0.797;72.268,59.615,0.778;72.828,59.651,0.706;73.388,59.688,0.623;73.948,59.724,0.539;74.509,59.760,0.385;75.069,59.797,0.224;75.629,59.833,0.054;75.662,59.330,0.141;75.694,58.826,0.228;75.727,58.323,0.299;75.760,57.820,0.367;75.793,57.317,0.438;75.825,56.813,0.506;75.858,56.310,0.569;75.891,55.807,0.631;75.924,55.304,0.679;75.956,54.800,0.708;75.989,54.297,0.733;75.544,53.945,0.934;75.099,53.593,1.058;74.654,53.241,1.169;74.209,52.889,1.237
G BAHCE-21_P116-B13 89 122
42.789 61.467 4.684
42.753 62.065 4.674
42.717 62.663 4.665
42.680 63.260 4.662
42.644 63.858 4.656
42.608 64.456 4.650
42.608 64.459 4.650
42.636 64.461 4.649
42.604 64.998 4.646
42.571 65.534 4.640
42.539 66.071 4.635
42.506 66.607 4.630
42.474 67.144 4.626
42.648 67.154 4.624
43.447 67.201 4.619
44.046 67.237 4.617
44.645 67.272 4.608
45.243 67.308 4.600
45.842 67.343 4.583
46.441 67.379 4.560
47.127 67.420 4.534
47.732 67.456 4.504
48.272 67.488 4.464
48.813 67.520 4.415
49.353 67.553 4.357
49.894 67.585 4.299
50.434 67.617 4.220
50.434 67.616 4.220
50.465 67.101 4.231
50.496 66.586 4.241
50.528 66.071 4.257
50.559 65.556 4.280
50.590 65.041 4.294
50.621 64.525 4.306
50.652 64.010 4.312
50.683 63.495 4.323
50.715 62.980 4.342
50.746 62.465 4.345
50.777 61.950 4.354
50.278 61.920 4.391
49.779 61.890 4.427
49.279 61.859 4.450
48.780 61.829 4.471
48.281 61.799 4.491
47.782 61.769 4.508
47.282 61.739 4.525
46.783 61.709 4.541
46.284 61.678 4.555
45.785 61.648 4.569
45.285 61.618 4.584
44.786 61.588 4.601
44.287 61.558 4.617
43.788 61.527 4.636
43.288 61.497 4.660
43.474 62.467 4.639
44.474 62.467 4.609
45.474 62.467 4.579
46.474 62.467 4.551
47.474 62.467 4.519
48.474 62.467 4.483
49.474 62.467 4.437
43.474 63.467 4.636
44.474 63.467 4.607
45.474 63.467 4.580
46.474 63.467 4.553
47.474 63.467 4.518
48.474 63.467 4.480
49.474 63.467 4.423
43.474 64.467 4.630
44.474 64.467 4.606
45.474 64.467 4.582
46.474 64.467 4.554
47.474 64.467 4.519
48.474 64.467 4.475
49.474 64.467 4.411
43.474 65.467 4.631
44.474 65.467 4.608
45.474 65.467 4.587
46.474 65.467 4.555
47.474 65.467 4.520
48.474 65.467 4.470
49.474 65.467 4.395
43.474 66.467 4.621
44.474 66.467 4.612
45.474 66.467 4.592
46.474 66.467 4.560
47.474 66.467 4.518
48.474 66.467 4.462
49.474 66.467 4.365
53 1 0
49 48 56
75 8 68
84 17 16
33 32 74
67 36 35
32 81 74
4 7 5
7 4 68
7 6 5
8 7 68
1 54 2
54 1 53
50 49 56
83 84 16
15 83 16
34 33 74
67 34 74
34 67 35
67 60 36
60 37 36
45 58 46
58 57 46
57 47 46
47 57 48
48 57 56
25 24 88
23 22 87
88 23 87
24 23 88
31 81 32
85 20 19
20 85 86
21 20 86
22 21 87
21 86 87
84 18 17
85 18 84
18 85 19
52 54 53
50 55 51
55 52 51
52 55 54
55 50 56
54 61 2
4 61 68
9 8 75
10 9 75
11 13 12
82 10 75
82 15 14
15 82 83
82 11 10
82 14 13
11 82 13
37 39 38
39 60 40
60 39 37
60 41 40
45 44 58
44 59 58
59 44 43
29 28 88
28 25 88
30 29 88
81 30 88
31 30 81
61 3 2
3 61 4
42 59 43
59 42 60
42 41 60
25 27 26
28 27 25
75 69 76
69 75 68
84 83 77
77 83 76
57 58 65
64 57 65
57 63 56
57 64 63
85 84 77
78 85 77
80 81 88
80 88 87
63 55 56
62 55 63
61 55 62
55 61 54
61 69 68
69 61 62
70 78 77
78 70 71
64 70 63
70 64 71
70 77 76
69 70 76
70 69 62
70 62 63
82 75 76
83 82 76
59 60 67
59 67 66
58 59 65
65 59 66
67 73 66
73 67 74
80 73 81
81 73 74
72 64 65
64 72 71
72 65 66
73 72 66
79 80 87
86 79 87
79 85 78
85 79 86
79 73 80
79 72 73
79 78 71
72 79 71
L 42.789,61.467,4.734;42.753,62.065,4.724;42.717,62.663,4.715;42.680,63.260,4.712;42.644,63.858,4.706;42.608,64.456,4.700;42.608,64.459,4.700;42.636,64.461,4.699;42.604,64.998,4.696;42.571,65.534,4.690;42.539,66.071,4.685;42.506,66.607,4.680;42.474,67.144,4.676;42.648,67.154,4.674;43.447,67.201,4.669;44.046,67.237,4.667;44.645,67.272,4.658;45.243,67.308,4.650;45.842,67.343,4.633;46.441,67.379,4.610;47.127,67.420,4.584;47.732,67.456,4.554;48.272,67.488,4.514;48.813,67.520,4.465;49.353,67.553,4.407;49.894,67.585,4.349;50.434,67.617,4.270;50.434,67.616,4.270;50.465,67.101,4.281;50.496,66.586,4.291;50.528,66.071,4.307;50.559,65.556,4.330;50.590,65.041,4.344;50.621,64.525,4.356;50.652,64.010,4.362;50.683,63.495,4.373;50.715,62.980,4.392;50.746,62.465,4.395;50.777,61.950,4.404;50.278,61.920,4.441;49.779,61.890,4.477;49.279,61.859,4.500;48.780,61.829,4.521;48.281,61.799,4.541;47.782,61.769,4.558;47.282,61.739,4.575;46.783,61.709,4.591;46.284,61.678,4.605;45.785,61.648,4.619;45.285,61.618,4.634;44.786,61.588,4.651;44.287,61.558,4.667;43.788,61.527,4.686;43.288,61.497,4.710
G BAHCE-22_P117-B25 104 147
54.414 42.974 3.864
54.403 43.481 3.827
54.392 43.988 3.806
54.382 44.496 3.785
54.371 45.003 3.764
54.360 45.510 3.767
54.349 46.017 3.770
54.339 46.525 3.773
54.328 47.032 3.790
54.317 47.539 3.805
54.306 48.046 3.820
54.296 48.553 3.847
54.285 49.061 3.874
54.274 49.568 3.900
54.263 50.075 3.926
54.253 50.582 3.953
54.242 51.090 3.979
54.231 51.597 4.006
54.220 52.104 4.032
54.210 52.611 4.057
54.199 53.118 4.082
54.188 53.626 4.106
54.177 54.133 4.128
54.358 54.144 4.120
54.389 53.645 4.097
54.419 53.146 4.072
54.450 52.646 4.047
54.480 52.147 4.021
54.511 51.648 3.994
54.541 51.149 3.967
55.040 51.180 3.941
55.539 51.210 3.916
56.038 51.241 3.889
56.537 51.271 3.845
57.036 51.302 3.801
57.536 51.332 3.758
58.035 51.363 3.695
58.534 51.393 3.635
59.033 51.424 3.575
59.532 51.454 3.503
59.726 51.466 3.476
59.734 50.956 3.456
59.742 50.447 3.435
59.749 49.937 3.412
59.757 49.427 3.388
59.765 48.918 3.368
59.772 48.408 3.351
59.780 47.899 3.336
59.788 47.389 3.329
59.795 46.879 3.320
59.803 46.370 3.314
59.811 45.860 3.322
59.818 45.350 3.329
59.826 44.841 3.350
59.834 44.331 3.371
59.841 43.822 3.391
59.849 43.312 3.415
59.305 43.278 3.474
58.762 43.244 3.532
58.218 43.211 3.590
57.675 43.177 3.645
57.132 43.143 3.695
56.588 43.109 3.732
56.044 43.075 3.770
55.501 43.042 3.802
54.958 43.008 3.833
55.177 43.974 3.761
56.177 43.974 3.707
57.177 43.974 3.642
58.177 43.974 3.557
59.177 43.974 3.455
55.177 44.974 3.717
56.177 44.974 3.657
57.177 44.974 3.589
58.177 44.974 3.507
59.177 44.974 3.415
55.177 45.974 3.720
56.177 45.974 3.659
57.177 45.974 3.585
58.177 45.974 3.498
59.177 45.974 3.397
55.177 46.974 3.732
56.177 46.974 3.669
57.177 46.974 3.591
58.177 46.974 3.499
59.177 46.974 3.397
55.177 47.974 3.759
56.177 47.974 3.690
57.177 47.974 3.609
58.177 47.974 3.517
59.177 47.974 3.414
55.177 48.974 3.812
56.177 48.974 3.743
57.177 48.974 3.656
58.177 48.974 3.557
59.177 48.974 3.449
55.177 49.974 3.870
56.177 49.974 3.801
57.177 49.974 3.712
58.177 49.974 3.610
59.177 49.974 3.491
57.177 50.974 3.773
58.177 50.974 3.661
59.177 50.974 3.535
60 68 61
96 97 31
30 96 31
21 24 22
24 23 22
63 62 67
68 62 61
62 68 67
69 60 59
69 68 60
53 52 75
52 80 75
97 32 31
33 32 97
25 24 21
101 97 98
101 33 97
101 34 33
34 101 35
64 63 67
65 1 0
58 69 59
71 4 3
54 53 75
10 86 11
51 80 52
47 46 90
46 45 95
90 46 95
48 85 49
85 48 90
48 47 90
36 102 37
102 36 35
101 102 35
100 43 42
64 66 65
66 1 65
66 64 67
66 71 3
70 58 57
58 70 69
70 54 75
8 7 81
7 76 81
76 7 6
86 91 11
13 91 96
9 86 10
86 9 81
9 8 81
5 76 6
76 5 71
5 4 71
51 50 80
50 85 80
85 50 49
39 41 40
103 38 37
102 103 37
103 39 38
103 41 39
41 103 42
103 100 42
44 100 95
44 43 100
45 44 95
27 19 18
19 27 26
14 13 96
2 66 3
66 2 1
70 55 54
55 57 56
55 70 57
91 12 11
12 91 13
20 25 21
25 20 26
20 19 26
28 27 18
30 15 96
15 14 96
15 29 16
29 15 30
17 28 18
29 17 16
17 29 28
79 85 84
80 85 79
85 89 84
89 85 90
58 60 61
57 58 56
60 58 59
64 58 63
62 58 61
58 62 63
58 64 65
74 80 79
80 74 75
69 74 68
68 74 73
87 86 82
86 81 82
78 74 79
74 78 73
81 76 82
76 77 82
72 68 73
68 72 67
76 72 77
72 76 71
78 72 73
72 78 77
94 88 89
88 94 93
94 89 90
94 90 95
72 66 67
66 72 71
74 70 75
70 74 69
77 83 82
78 83 77
83 79 84
83 78 79
83 87 82
83 88 87
89 83 84
88 83 89
99 103 102
103 99 100
99 101 98
99 102 101
99 94 95
100 99 95
94 99 93
99 98 93
92 88 93
88 92 87
98 92 93
97 92 98
92 86 87
92 91 86
92 97 96
91 92 96
L 54.414,42.974,3.914;54.403,43.481,3.877;54.392,43.988,3.856;54.382,44.496,3.835;54.371,45.003,3.814;54.360,45.510,3.817;54.349,46.017,3.820;54.339,46.525,3.823;54.328,47.032,3.840;54.317,47.539,3.855;54.306,48.046,3.870;54.296,48.553,3.897;54.285,49.061,3.924;54.274,49.568,3.950;54.263,50.075,3.976;54.253,50.582,4.003;54.242,51.090,4.029;54.231,51.597,4.056;54.220,52.104,4.082;54.210,52.611,4.107;54.199,53.118,4.132;54.188,53.626,4.156;54.177,54.133,4.178;54.358,54.144,4.170;54.389,53.645,4.147;54.419,53.146,4.122;54.450,52.646,4.097;54.480,52.147,4.071;54.511,51.648,4.044;54.541,51.149,4.017;55.040,51.180,3.991;55.539,51.210,3.966;56.038,51.241,3.939;56.537,51.271,3.895;57.036,51.302,3.851;57.536,51.332,3.808;58.035,51.363,3.745;58.534,51.393,3.685;59.033,51.424,3.625;59.532,51.454,3.553;59.726,51.466,3.526;59.734,50.956,3.506;59.742,50.447,3.485;59.749,49.937,3.462;59.757,49.427,3.438;59.765,48.918,3.418;59.772,48.408,3.401;59.780,47.899,3.386;59.788,47.389,3.379;59.795,46.879,3.370;59.803,46.370,3.364;59.811,45.860,3.372;59.818,45.350,3.379;59.826,44.841,3.400;59.834,44.331,3.421;59.841,43.822,3.441;59.849,43.312,3.465;59.305,43.278,3.524;58.762,43.244,3.582;58.218,43.211,3.640;57.675,43.177,3.695;57.132,43.143,3.745;56.588,43.109,3.782;56.044,43.075,3.820;55.501,43.042,3.852;54.958,43.008,3.883
G BAHCE-23_P117-B25 154 232
51.390 42.787 4.066
51.090 43.203 4.067
50.790 43.619 4.078
50.489 44.036 4.098
50.189 44.452 4.118
49.889 44.868 4.142
49.589 45.284 4.176
49.288 45.700 4.211
48.988 46.117 4.248
48.688 46.533 4.285
48.388 46.949 4.329
48.087 47.365 4.387
47.787 47.781 4.427
47.487 48.197 4.463
47.187 48.614 4.502
46.886 49.030 4.549
46.586 49.446 4.601
46.286 49.862 4.641
45.986 50.278 4.682
45.685 50.695 4.723
45.385 51.111 4.758
45.085 51.527 4.786
45.053 52.064 4.767
45.020 52.602 4.750
44.987 53.139 4.739
44.955 53.676 4.724
44.922 54.214 4.709
44.890 54.751 4.705
44.858 55.288 4.686
44.825 55.826 4.669
44.793 56.363 4.660
44.760 56.900 4.660
44.727 57.438 4.658
44.695 57.975 4.652
45.400 58.017 4.602
46.105 58.059 4.561
46.138 57.508 4.563
46.172 56.958 4.566
46.205 56.408 4.567
46.239 55.857 4.561
46.272 55.307 4.553
46.306 54.757 4.545
46.339 54.206 4.548
46.373 53.656 4.551
46.893 53.688 4.498
47.414 53.720 4.457
47.934 53.751 4.419
48.454 53.783 4.378
48.974 53.815 4.348
49.495 53.847 4.325
50.015 53.879 4.301
50.535 53.910 4.280
51.056 53.942 4.260
51.576 53.974 4.239
52.096 54.006 4.219
52.616 54.038 4.198
53.137 54.069 4.177
53.657 54.101 4.153
54.177 54.133 4.128
54.188 53.626 4.106
54.199 53.118 4.082
54.210 52.611 4.057
54.220 52.104 4.032
54.231 51.597 4.006
54.242 51.090 3.979
54.253 50.582 3.953
54.263 50.075 3.926
54.274 49.568 3.900
54.285 49.061 3.874
54.296 48.553 3.847
54.306 48.046 3.820
54.317 47.539 3.805
54.328 47.032 3.790
54.339 46.525 3.773
54.349 46.017 3.770
54.360 45.510 3.767
54.371 45.003 3.764
54.382 44.496 3.785
54.392 43.988 3.806
54.403 43.481 3.827
54.414 42.974 3.864
53.910 42.943 3.892
53.406 42.912 3.922
52.902 42.880 3.954
52.398 42.849 3.992
51.894 42.818 4.028
51.695 43.787 3.986
52.695 43.787 3.915
53.695 43.787 3.854
50.695 44.787 4.055
51.695 44.787 3.953
52.695 44.787 3.878
53.695 44.787 3.814
49.695 45.787 4.163
50.695 45.787 4.056
51.695 45.787 3.954
52.695 45.787 3.875
53.695 45.787 3.809
49.695 46.787 4.165
50.695 46.787 4.065
51.695 46.787 3.967
52.695 46.787 3.884
53.695 46.787 3.819
48.695 47.787 4.285
49.695 47.787 4.178
50.695 47.787 4.084
51.695 47.787 3.993
52.695 47.787 3.918
53.695 47.787 3.851
47.695 48.787 4.418
48.695 48.787 4.296
49.695 48.787 4.197
50.695 48.787 4.103
51.695 48.787 4.026
52.695 48.787 3.959
53.695 48.787 3.893
47.695 49.787 4.427
48.695 49.787 4.307
49.695 49.787 4.212
50.695 49.787 4.134
51.695 49.787 4.059
52.695 49.787 3.998
53.695 49.787 3.942
46.695 50.787 4.552
47.695 50.787 4.426
48.695 50.787 4.317
49.695 50.787 4.228
50.695 50.787 4.158
51.695 50.787 4.096
52.695 50.787 4.045
53.695 50.787 3.991
45.695 51.787 4.686
46.695 51.787 4.544
47.695 51.787 4.418
48.695 51.787 4.324
49.695 51.787 4.247
50.695 51.787 4.186
51.695 51.787 4.140
52.695 51.787 4.091
53.695 51.787 4.042
45.695 52.787 4.645
46.695 52.787 4.521
47.695 52.787 4.428
48.695 52.787 4.340
49.695 52.787 4.276
50.695 52.787 4.230
51.695 52.787 4.184
52.695 52.787 4.136
53.695 52.787 4.090
45.695 53.787 4.617
53.695 53.787 4.137
45.695 54.787 4.603
45.695 55.787 4.599
45.695 56.787 4.595
147 55 54
56 55 147
146 147 54
144 48 143
61 60 148
60 150 148
148 150 147
150 56 147
146 52 145
52 51 145
51 50 145
50 144 145
82 81 88
82 87 83
87 82 88
87 84 83
86 84 87
84 86 85
123 19 18
131 123 132
123 131 19
20 131 21
131 20 19
139 62 148
62 61 148
62 139 63
150 59 58
59 150 60
57 150 58
150 57 56
53 146 54
53 52 146
144 49 48
50 49 144
79 78 88
79 81 80
81 79 88
92 77 76
77 92 88
78 77 88
102 97 73
85 1 0
86 1 85
8 98 9
89 94 5
89 3 86
93 8 7
8 93 98
104 103 98
32 34 33
34 32 153
32 31 153
28 27 151
31 30 153
46 142 143
48 47 143
47 46 143
36 34 153
37 36 153
34 36 35
41 40 151
152 30 29
30 152 153
28 152 29
152 40 39
152 28 151
40 152 151
38 37 153
152 38 153
38 152 39
72 102 73
75 97 92
75 92 76
3 2 86
2 1 86
4 89 5
89 4 3
90 89 86
6 93 7
94 6 5
93 6 94
11 10 103
98 10 9
103 10 98
13 109 14
17 123 18
109 15 14
123 116 124
15 116 16
116 17 16
17 116 123
116 15 109
149 25 24
42 41 151
149 42 151
131 22 21
22 140 23
140 22 131
23 140 24
140 149 24
72 71 102
130 64 139
139 64 63
97 74 73
75 74 97
13 12 109
12 11 103
110 12 103
12 110 109
26 25 149
27 26 151
26 149 151
45 142 46
71 108 102
108 71 70
115 108 70
115 69 68
69 115 70
122 115 68
122 66 130
66 65 130
65 64 130
45 141 142
44 141 45
43 42 149
43 141 44
141 43 140
140 43 149
67 122 68
122 67 66
139 148 147
139 147 138
147 137 138
146 137 147
92 87 88
87 92 91
123 133 132
133 123 124
92 97 91
97 96 91
97 102 101
96 97 101
129 139 138
129 130 139
137 129 138
128 129 137
90 87 91
90 86 87
96 90 91
90 96 95
94 90 95
89 90 94
125 116 117
116 125 124
134 142 133
142 134 143
134 133 124
125 134 124
96 100 95
100 96 101
121 128 120
121 129 128
113 119 112
119 113 120
116 110 117
110 116 109
111 110 104
104 110 103
102 108 101
108 107 101
129 122 130
121 122 129
99 93 94
93 99 98
99 94 95
100 99 95
108 114 107
114 108 115
114 122 121
122 114 115
114 121 120
113 114 120
110 118 117
118 110 111
119 118 112
118 111 112
133 141 132
142 141 133
141 131 132
141 140 131
67 62 63
77 67 76
71 67 70
61 67 60
67 79 80
62 67 61
67 59 60
79 67 78
67 77 78
64 67 63
67 65 66
65 67 64
105 111 104
111 105 112
99 105 98
105 104 98
126 125 117
118 126 117
106 100 101
107 106 101
114 106 107
106 114 113
106 99 100
106 105 99
106 113 112
105 106 112
136 137 146
136 146 145
135 134 125
126 135 125
134 135 143
135 144 143
135 136 145
144 135 145
135 127 136
127 135 126
128 127 120
127 119 120
127 118 119
127 126 118
127 128 137
136 127 137
L 51.390,42.787,4.116;51.090,43.203,4.117;50.790,43.619,4.128;50.489,44.036,4.148;50.189,44.452,4.168;49.889,44.868,4.192;49.589,45.284,4.226;49.288,45.700,4.261;48.988,46.117,4.298;48.688,46.533,4.335;48.388,46.949,4.379;48.087,47.365,4.437;47.787,47.781,4.477;47.487,48.197,4.513;47.187,48.614,4.552;46.886,49.030,4.599;46.586,49.446,4.651;46.286,49.862,4.691;45.986,50.278,4.732;45.685,50.695,4.773;45.385,51.111,4.808;45.085,51.527,4.836;45.053,52.064,4.817;45.020,52.602,4.800;44.987,53.139,4.789;44.955,53.676,4.774;44.922,54.214,4.759;44.890,54.751,4.755;44.858,55.288,4.736;44.825,55.826,4.719;44.793,56.363,4.710;44.760,56.900,4.710;44.727,57.438,4.708;44.695,57.975,4.702;45.400,58.017,4.652;46.105,58.059,4.611;46.138,57.508,4.613;46.172,56.958,4.616;46.205,56.408,4.617;46.239,55.857,4.611;46.272,55.307,4.603;46.306,54.757,4.595;46.339,54.206,4.598;46.373,53.656,4.601;46.893,53.688,4.548;47.414,53.720,4.507;47.934,53.751,4.469;48.454,53.783,4.428;48.974,53.815,4.398;49.495,53.847,4.375;50.015,53.879,4.351;50.535,53.910,4.330;51.056,53.942,4.310;51.576,53.974,4.289;52.096,54.006,4.269;52.616,54.038,4.248;53.137,54.069,4.227;53.657,54.101,4.203;54.177,54.133,4.178;54.188,53.626,4.156;54.199,53.118,4.132;54.210,52.611,4.107;54.220,52.104,4.082;54.231,51.597,4.056;54.242,51.090,4.029;54.253,50.582,4.003;54.263,50.075,3.976;54.274,49.568,3.950;54.285,49.061,3.924;54.296,48.553,3.897;54.306,48.046,3.870;54.317,47.539,3.855;54.328,47.032,3.840;54.339,46.525,3.823;54.349,46.017,3.820;54.360,45.510,3.817;54.371,45.003,3.814;54.382,44.496,3.835;54.392,43.988,3.856;54.403,43.481,3.877;54.414,42.974,3.914;53.910,42.943,3.942;53.406,42.912,3.972;52.902,42.880,4.004;52.398,42.849,4.042;51.894,42.818,4.078
G BAHCE-24_P115-B12 144 197
156.748 93.073 -2.204
156.891 92.591 -2.303
157.034 92.108 -2.401
157.176 91.626 -2.507
157.319 91.144 -2.621
157.462 90.661 -2.742
157.605 90.179 -2.869
157.747 89.697 -3.005
157.890 89.214 -3.163
158.033 88.732 -3.323
158.363 88.327 -3.505
158.693 87.923 -3.683
159.023 87.518 -3.900
159.353 87.113 -4.135
159.683 86.709 -4.404
160.013 86.304 -4.689
160.343 85.899 -4.978
160.673 85.495 -5.266
161.003 85.090 -5.573
161.333 84.685 -5.928
161.663 84.281 -6.260
161.993 83.876 -6.582
162.323 83.471 -6.919
162.653 83.067 -7.250
162.983 82.662 -7.517
162.470 82.631 -7.378
161.956 82.601 -7.190
161.443 82.570 -7.001
160.929 82.540 -6.815
160.416 82.509 -6.645
159.902 82.479 -6.475
159.389 82.448 -6.309
158.875 82.418 -6.152
158.362 82.387 -5.995
157.849 82.356 -5.856
157.335 82.326 -5.758
156.822 82.295 -5.661
156.308 82.265 -5.587
155.795 82.234 -5.590
155.281 82.204 -5.600
154.768 82.173 -5.613
154.254 82.143 -5.629
153.741 82.112 -5.618
153.228 82.081 -5.544
152.714 82.051 -5.481
152.201 82.020 -5.394
151.687 81.990 -5.184
151.174 81.959 -4.980
150.660 81.929 -4.826
150.147 81.898 -4.625
149.633 81.868 -4.428
149.120 81.837 -4.260
149.084 82.436 -4.380
149.049 83.035 -4.324
149.013 83.633 -4.243
148.977 84.232 -4.165
148.941 84.831 -4.098
149.487 84.863 -4.234
150.032 84.896 -4.373
150.578 84.928 -4.544
151.123 84.960 -4.567
151.668 84.993 -4.566
152.214 85.025 -4.541
152.759 85.057 -4.434
153.305 85.090 -4.290
153.850 85.122 -4.181
153.846 85.198 -4.150
153.919 85.202 -4.138
153.930 85.202 -4.136
154.130 85.214 -4.103
154.097 85.771 -3.887
154.064 86.327 -3.682
154.031 86.884 -3.490
153.997 87.441 -3.347
153.964 87.997 -3.169
153.931 88.554 -2.993
153.902 89.052 -2.890
153.860 89.752 -2.716
153.825 90.345 -2.582
153.790 90.938 -2.458
153.754 91.531 -2.333
153.719 92.124 -2.229
153.684 92.717 -2.124
153.673 92.891 -2.093
154.185 92.921 -2.092
154.698 92.952 -2.090
155.210 92.982 -2.103
155.723 93.012 -2.135
156.236 93.043 -2.167
149.941 82.837 -4.664
150.941 82.837 -4.970
151.941 82.837 -5.173
152.941 82.837 -5.230
153.941 82.837 -5.304
154.941 82.837 -5.275
155.941 82.837 -5.275
156.941 82.837 -5.405
157.941 82.837 -5.626
158.941 82.837 -5.956
159.941 82.837 -6.312
149.941 83.837 -4.563
150.941 83.837 -4.801
151.941 83.837 -4.884
152.941 83.837 -4.797
153.941 83.837 -4.755
154.941 83.837 -4.668
155.941 83.837 -4.705
156.941 83.837 -4.850
157.941 83.837 -5.107
158.941 83.837 -5.458
159.941 83.837 -5.815
160.941 83.837 -6.156
154.941 84.837 -4.177
155.941 84.837 -4.195
156.941 84.837 -4.377
157.941 84.837 -4.618
158.941 84.837 -4.976
159.941 84.837 -5.330
154.941 85.837 -3.751
155.941 85.837 -3.814
156.941 85.837 -3.945
157.941 85.837 -4.181
158.941 85.837 -4.539
159.941 85.837 -4.867
154.941 86.837 -3.405
155.941 86.837 -3.483
156.941 86.837 -3.620
157.941 86.837 -3.829
158.941 86.837 -4.126
154.941 87.837 -3.145
155.941 87.837 -3.245
156.941 87.837 -3.386
157.941 87.837 -3.551
154.941 88.837 -2.915
155.941 88.837 -3.022
156.941 88.837 -3.124
154.941 89.837 -2.723
155.941 89.837 -2.785
156.941 89.837 -2.870
154.941 90.837 -2.508
155.941 90.837 -2.568
156.941 90.837 -2.646
154.941 91.837 -2.302
155.941 91.837 -2.366
55 54 100
55 57 56
57 55 100
112 118 69
103 64 63
84 81 142
17 117 18
143 87 86
143 86 142
20 111 21
111 20 19
111 19 18
117 111 18
54 53 100
59 58 100
58 57 100
62 103 63
92 91 44
62 102 103
102 62 61
101 59 100
101 60 59
60 101 61
101 102 61
112 104 105
104 64 103
104 65 64
104 112 69
65 104 69
86 85 142
85 84 142
81 80 142
80 139 142
139 80 79
82 84 83
82 81 84
77 76 136
76 133 136
129 74 73
88 1 0
88 143 1
143 88 87
15 123 16
123 17 16
17 123 117
124 71 118
124 129 73
12 11 127
11 132 127
3 141 4
141 143 140
141 3 143
132 135 131
27 22 21
111 27 21
50 52 51
72 124 73
124 72 71
91 45 44
46 45 91
46 90 47
90 46 91
68 65 69
118 70 69
71 70 118
42 41 93
43 92 44
92 43 93
43 42 93
139 78 136
78 77 136
78 139 79
75 133 76
133 75 129
75 74 129
128 14 13
12 128 13
128 12 127
143 2 1
3 2 143
110 111 117
10 132 11
7 6 138
7 135 8
135 7 138
141 5 4
5 141 138
6 5 138
23 25 24
96 95 37
95 38 37
39 38 95
39 94 40
94 39 95
94 41 40
41 94 93
90 48 47
53 89 100
89 53 52
48 89 49
89 48 90
89 50 49
50 89 52
67 66 65
68 67 65
10 9 132
135 9 8
9 135 132
26 23 22
26 25 23
27 26 22
28 27 111
29 28 111
29 99 30
110 99 111
99 29 111
36 96 37
32 31 98
31 99 98
99 31 30
33 97 34
97 33 98
33 32 98
36 35 96
35 97 96
97 35 34
128 122 14
14 122 15
122 123 15
143 139 140
139 143 142
92 102 91
102 92 103
92 104 103
104 92 93
126 132 131
132 126 127
139 137 140
137 139 136
137 141 140
141 137 138
113 112 105
106 113 105
118 113 119
113 118 112
107 113 106
113 107 114
120 113 114
113 120 119
102 90 91
101 90 102
120 125 119
125 120 126
125 118 119
125 124 118
134 137 136
133 134 136
137 134 138
134 135 138
96 107 106
95 96 106
94 104 93
104 94 105
94 106 105
94 95 106
89 90 101
89 101 100
110 116 109
116 110 117
97 98 109
97 109 108
96 97 107
107 97 108
125 130 124
124 130 129
130 126 131
130 125 126
130 134 133
130 133 129
134 130 135
135 130 131
99 110 109
98 99 109
107 115 114
115 107 108
116 115 109
109 115 108
126 121 127
120 121 126
121 120 114
115 121 114
122 116 117
123 122 117
122 115 116
122 121 115
121 122 127
122 128 127
L 156.748,93.073,-2.154;156.891,92.591,-2.253;157.034,92.108,-2.351;157.176,91.626,-2.457;157.319,91.144,-2.571;157.462,90.661,-2.692;157.605,90.179,-2.819;157.747,89.697,-2.955;157.890,89.214,-3.113;158.033,88.732,-3.273;158.363,88.327,-3.455;158.693,87.923,-3.633;159.023,87.518,-3.850;159.353,87.113,-4.085;159.683,86.709,-4.354;160.013,86.304,-4.639;160.343,85.899,-4.928;160.673,85.495,-5.216;161.003,85.090,-5.523;161.333,84.685,-5.878;161.663,84.281,-6.210;161.993,83.876,-6.532;162.323,83.471,-6.869;162.653,83.067,-7.200;162.983,82.662,-7.467;162.470,82.631,-7.328;161.956,82.601,-7.140;161.443,82.570,-6.951;160.929,82.540,-6.765;160.416,82.509,-6.595;159.902,82.479,-6.425;159.389,82.448,-6.259;158.875,82.418,-6.102;158.362,82.387,-5.945;157.849,82.356,-5.806;157.335,82.326,-5.708;156.822,82.295,-5.611;156.308,82.265,-5.537;155.795,82.234,-5.540;155.281,82.204,-5.550;154.768,82.173,-5.563;154.254,82.143,-5.579;153.741,82.112,-5.568;153.228,82.081,-5.494;152.714,82.051,-5.431;152.201,82.020,-5.344;151.687,81.990,-5.134;151.174,81.959,-4.930;150.660,81.929,-4.776;150.147,81.898,-4.575;149.633,81.868,-4.378;149.120,81.837,-4.210;149.084,82.436,-4.330;149.049,83.035,-4.274;149.013,83.633,-4.193;148.977,84.232,-4.115;148.941,84.831,-4.048;149.487,84.863,-4.184;150.032,84.896,-4.323;150.578,84.928,-4.494;151.123,84.960,-4.517;151.668,84.993,-4.516;152.214,85.025,-4.491;152.759,85.057,-4.384;153.305,85.090,-4.240;153.850,85.122,-4.131;153.846,85.198,-4.100;153.919,85.202,-4.088;153.930,85.202,-4.086;154.130,85.214,-4.053;154.097,85.771,-3.837;154.064,86.327,-3.632;154.031,86.884,-3.440;153.997,87.441,-3.297;153.964,87.997,-3.119;153.931,88.554,-2.943;153.902,89.052,-2.840;153.860,89.752,-2.666;153.825,90.345,-2.532;153.790,90.938,-2.408;153.754,91.531,-2.283;153.719,92.124,-2.179;153.684,92.717,-2.074;153.673,92.891,-2.043;154.185,92.921,-2.042;154.698,92.952,-2.040;155.210,92.982,-2.053;155.723,93.012,-2.085;156.236,93.043,-2.117
G BAHCE-25_P115-B09 127 171
132.766 83.944 0.624
132.966 83.956 0.593
132.996 83.445 0.511
133.027 82.933 0.447
133.057 82.422 0.380
133.087 81.911 0.304
133.118 81.399 0.214
133.148 80.888 0.103
132.638 80.858 0.233
132.127 80.827 0.350
131.617 80.797 0.442
131.107 80.766 0.534
130.597 80.736 0.609
130.086 80.706 0.679
129.576 80.675 0.759
129.066 80.645 0.834
128.555 80.614 0.895
128.045 80.584 0.956
127.535 80.554 1.016
127.025 80.523 1.069
126.514 80.493 1.121
126.004 80.463 1.170
125.494 80.432 1.216
124.984 80.402 1.262
124.473 80.371 1.313
123.963 80.341 1.364
123.933 80.840 1.381
123.904 81.339 1.404
123.874 81.838 1.424
123.844 82.338 1.444
123.815 82.837 1.477
123.785 83.336 1.516
123.741 83.869 1.571
123.696 84.401 1.652
123.652 84.934 1.737
123.607 85.466 1.820
123.563 85.999 1.922
123.519 86.532 2.028
123.474 87.064 2.136
123.430 87.597 2.246
123.386 88.130 2.356
123.341 88.662 2.461
123.297 89.195 2.560
123.252 89.727 2.658
123.208 90.260 2.744
123.722 90.393 2.676
124.235 90.526 2.605
124.749 90.659 2.533
125.262 90.791 2.457
125.776 90.924 2.378
126.290 91.057 2.296
126.803 91.190 2.211
127.317 91.323 2.124
127.321 91.248 2.115
127.037 91.231 2.169
127.067 90.719 2.111
127.098 90.208 2.057
127.128 89.696 1.987
127.159 89.184 1.904
127.189 88.672 1.817
127.220 88.161 1.741
127.250 87.649 1.667
127.281 87.137 1.578
127.311 86.625 1.504
127.342 86.114 1.443
127.372 85.602 1.393
127.403 85.090 1.345
127.433 84.578 1.297
127.464 84.067 1.246
127.494 83.555 1.205
128.013 83.586 1.158
128.532 83.617 1.107
129.052 83.648 1.057
129.571 83.679 1.006
130.090 83.710 0.950
130.609 83.740 0.895
131.128 83.771 0.831
131.648 83.802 0.765
132.167 83.833 0.701
132.686 83.864 0.625
132.682 83.939 0.637
124.208 81.341 1.373
125.208 81.341 1.274
126.208 81.341 1.183
127.208 81.341 1.084
128.208 81.341 0.980
129.208 81.341 0.858
130.208 81.341 0.732
131.208 81.341 0.578
132.208 81.341 0.392
124.208 82.341 1.412
125.208 82.341 1.320
126.208 82.341 1.235
127.208 82.341 1.143
128.208 82.341 1.045
129.208 82.341 0.940
130.208 82.341 0.822
131.208 82.341 0.684
132.208 82.341 0.530
124.208 83.341 1.478
125.208 83.341 1.394
126.208 83.341 1.306
127.208 83.341 1.216
129.208 83.341 1.017
130.208 83.341 0.908
131.208 83.341 0.781
132.208 83.341 0.640
124.208 84.341 1.594
125.208 84.341 1.482
126.208 84.341 1.389
124.208 85.341 1.726
125.208 85.341 1.599
126.208 85.341 1.486
124.208 86.341 1.887
125.208 86.341 1.756
126.208 86.341 1.622
124.208 87.341 2.076
125.208 87.341 1.915
126.208 87.341 1.761
124.208 88.341 2.264
125.208 88.341 2.098
126.208 88.341 1.928
124.208 89.341 2.436
125.208 89.341 2.269
126.208 89.341 2.093
125.208 90.341 2.418
126.208 90.341 2.238
24 26 25
49 48 125
64 112 65
116 39 38
15 86 16
16 86 85
81 26 24
81 27 26
27 81 28
17 16 85
18 17 85
23 22 82
81 23 82
23 81 24
84 18 85
48 47 125
47 46 125
43 45 44
41 122 42
122 43 42
46 122 125
45 122 46
122 45 43
51 54 52
54 51 55
51 50 55
118 61 121
118 115 63
115 64 63
64 115 112
3 98 4
98 5 4
5 98 89
113 116 38
37 113 38
113 37 36
19 84 20
84 19 18
84 83 20
83 21 20
21 83 22
22 83 82
110 36 35
110 113 36
122 123 125
119 41 40
119 122 41
39 119 40
116 119 39
62 118 63
62 61 118
60 59 121
61 60 121
54 53 52
50 126 55
126 56 55
126 50 49
126 49 125
56 126 57
9 8 89
10 9 89
76 105 77
75 105 76
14 86 15
67 109 68
29 90 30
90 29 28
81 90 28
105 106 77
2 106 3
106 98 3
124 58 57
126 124 57
59 124 121
58 124 59
79 2 1
0 79 1
79 0 80
79 106 2
6 8 7
6 5 89
8 6 89
94 102 93
102 109 101
109 102 68
87 14 13
14 87 86
104 105 75
104 75 74
73 104 74
90 99 30
30 99 31
33 32 107
32 99 107
99 32 31
110 34 107
34 33 107
34 110 35
106 78 77
79 78 106
103 94 95
103 71 94
103 104 73
71 70 94
112 66 65
109 66 112
66 109 67
12 87 13
88 12 11
12 88 87
10 88 11
88 10 89
72 103 73
103 72 71
102 69 68
69 102 94
70 69 94
117 118 121
120 117 121
115 117 114
117 115 118
117 113 114
113 117 116
92 83 93
83 84 93
91 83 92
83 91 82
119 123 122
123 119 120
119 117 120
117 119 116
84 94 93
94 84 85
86 94 85
95 94 86
100 109 108
109 100 101
100 91 92
100 92 101
91 90 82
90 81 82
109 111 108
111 109 112
111 115 114
115 111 112
111 107 108
111 110 107
113 111 114
110 111 113
124 126 125
123 124 125
124 120 121
124 123 120
102 92 93
92 102 101
87 95 86
87 96 95
97 106 105
106 97 98
104 97 105
97 104 96
100 99 91
99 90 91
99 100 108
107 99 108
96 103 95
104 103 96
87 88 96
88 97 96
97 88 98
98 88 89
L 132.766,83.944,0.674;132.966,83.956,0.643;132.996,83.445,0.561;133.027,82.933,0.497;133.057,82.422,0.430;133.087,81.911,0.354;133.118,81.399,0.264;133.148,80.888,0.153;132.638,80.858,0.283;132.127,80.827,0.400;131.617,80.797,0.492;131.107,80.766,0.584;130.597,80.736,0.659;130.086,80.706,0.729;129.576,80.675,0.809;129.066,80.645,0.884;128.555,80.614,0.945;128.045,80.584,1.006;127.535,80.554,1.066;127.025,80.523,1.119;126.514,80.493,1.171;126.004,80.463,1.220;125.494,80.432,1.266;124.984,80.402,1.312;124.473,80.371,1.363;123.963,80.341,1.414;123.933,80.840,1.431;123.904,81.339,1.454;123.874,81.838,1.474;123.844,82.338,1.494;123.815,82.837,1.527;123.785,83.336,1.566;123.741,83.869,1.621;123.696,84.401,1.702;123.652,84.934,1.787;123.607,85.466,1.870;123.563,85.999,1.972;123.519,86.532,2.078;123.474,87.064,2.186;123.430,87.597,2.296;123.386,88.130,2.406;123.341,88.662,2.511;123.297,89.195,2.610;123.252,89.727,2.708;123.208,90.260,2.794;123.722,90.393,2.726;124.235,90.526,2.655;124.749,90.659,2.583;125.262,90.791,2.507;125.776,90.924,2.428;126.290,91.057,2.346;126.803,91.190,2.261;127.317,91.323,2.174;127.321,91.248,2.165;127.037,91.231,2.219;127.067,90.719,2.161;127.098,90.208,2.107;127.128,89.696,2.037;127.159,89.184,1.954;127.189,88.672,1.867;127.220,88.161,1.791;127.250,87.649,1.717;127.281,87.137,1.628;127.311,86.625,1.554;127.342,86.114,1.493;127.372,85.602,1.443;127.403,85.090,1.395;127.433,84.578,1.347;127.464,84.067,1.296;127.494,83.555,1.255;128.013,83.586,1.208;128.532,83.617,1.157;129.052,83.648,1.107;129.571,83.679,1.056;130.090,83.710,1.000;130.609,83.740,0.945;131.128,83.771,0.881;131.648,83.802,0.815;132.167,83.833,0.751;132.686,83.864,0.675;132.682,83.939,0.687
G BAHCE-26_P117-B27 106 139
60.183 39.762 3.529
59.849 39.379 3.581
59.849 39.941 3.580
59.849 40.503 3.563
59.849 41.065 3.530
59.849 41.626 3.507
59.849 42.188 3.482
59.849 42.750 3.448
59.849 43.312 3.415
59.841 43.822 3.391
59.834 44.331 3.371
59.826 44.841 3.350
59.818 45.350 3.329
59.811 45.860 3.322
59.803 46.370 3.314
59.795 46.879 3.320
59.788 47.389 3.329
59.780 47.899 3.336
59.772 48.408 3.351
59.765 48.918 3.368
59.757 49.427 3.388
59.749 49.937 3.412
59.742 50.447 3.435
59.734 50.956 3.456
59.726 51.466 3.476
60.259 51.498 3.402
60.792 51.531 3.338
61.325 51.564 3.281
61.858 51.596 3.225
62.391 51.629 3.151
62.924 51.661 3.076
63.457 51.694 3.009
63.990 51.726 2.906
64.523 51.759 2.806
64.486 52.358 2.813
64.450 52.957 2.803
64.413 53.555 2.778
64.377 54.154 2.745
64.340 54.753 2.696
64.779 54.780 2.599
64.777 54.260 2.649
64.775 53.740 2.689
64.773 53.220 2.719
64.771 52.700 2.750
64.769 52.180 2.757
64.767 51.660 2.765
64.765 51.141 2.774
64.762 50.621 2.760
64.760 50.101 2.745
64.758 49.581 2.730
64.756 49.061 2.698
64.754 48.541 2.663
64.752 48.021 2.631
64.750 47.501 2.593
64.748 46.981 2.554
64.746 46.462 2.523
64.744 45.942 2.478
64.742 45.422 2.434
64.740 44.902 2.403
64.738 44.382 2.403
64.358 43.997 2.489
63.979 43.612 2.596
63.599 43.227 2.709
63.220 42.842 2.829
62.840 42.457 2.948
62.460 42.072 3.066
62.081 41.687 3.170
61.701 41.302 3.249
61.322 40.917 3.324
60.942 40.532 3.399
60.563 40.147 3.468
60.726 41.379 3.412
60.726 42.379 3.366
61.726 42.379 3.205
60.726 43.379 3.306
61.726 43.379 3.135
62.726 43.379 2.913
60.726 44.379 3.243
61.726 44.379 3.067
62.726 44.379 2.846
63.726 44.379 2.632
60.726 45.379 3.207
61.726 45.379 3.034
62.726 45.379 2.836
63.726 45.379 2.644
60.726 46.379 3.197
61.726 46.379 3.057
62.726 46.379 2.889
63.726 46.379 2.714
60.726 47.379 3.208
61.726 47.379 3.075
62.726 47.379 2.919
63.726 47.379 2.762
60.726 48.379 3.230
61.726 48.379 3.102
62.726 48.379 2.966
63.726 48.379 2.817
60.726 49.379 3.260
61.726 49.379 3.142
62.726 49.379 3.013
63.726 49.379 2.875
60.726 50.379 3.301
61.726 50.379 3.189
62.726 50.379 3.062
63.726 50.379 2.924
63.726 51.379 2.955
14 85 15
84 58 57
23 25 24
81 13 12
14 13 85
13 81 85
65 64 73
64 76 73
16 89 17
85 89 15
89 16 15
5 72 6
44 43 34
38 40 39
11 10 77
11 81 12
81 11 77
0 2 1
58 80 59
80 58 84
80 79 76
62 80 76
72 7 6
7 72 74
8 7 74
9 8 74
10 9 77
9 74 77
104 100 48
46 32 105
36 42 41
40 37 41
37 36 41
37 40 38
2 70 3
0 70 2
71 72 5
71 5 4
72 71 73
71 67 73
66 65 73
67 66 73
64 63 76
63 62 76
80 60 59
76 75 73
56 55 88
56 84 57
56 88 84
88 54 92
55 54 88
54 53 92
100 49 48
53 52 92
96 52 51
52 96 92
47 104 48
47 46 105
104 47 105
44 33 45
33 44 34
33 46 45
33 32 46
42 35 43
35 42 36
43 35 34
69 71 4
3 69 4
70 69 3
61 80 62
61 60 80
50 49 100
96 50 100
50 96 51
93 19 18
17 93 18
89 93 17
103 30 29
103 104 105
30 103 105
32 31 105
31 30 105
71 68 67
69 68 71
97 20 19
93 97 19
20 97 21
102 28 27
28 102 29
102 103 29
101 22 21
97 101 21
101 26 25
26 101 27
101 102 27
23 101 25
101 23 22
79 80 83
80 84 83
78 82 81
78 81 77
82 78 83
78 79 83
72 75 74
75 72 73
75 78 77
74 75 77
78 75 79
79 75 76
82 86 81
81 86 85
84 87 83
88 87 84
87 82 83
87 86 82
93 90 94
90 93 89
86 90 85
90 89 85
98 93 94
98 97 93
91 87 88
91 88 92
96 91 92
91 96 95
87 91 86
91 90 86
90 91 94
94 91 95
103 99 104
104 99 100
96 99 95
99 96 100
102 99 103
99 102 98
99 94 95
99 98 94
98 101 97
102 101 98
L 60.183,39.762,3.579;59.849,39.379,3.631;59.849,39.941,3.630;59.849,40.503,3.613;59.849,41.065,3.580;59.849,41.626,3.557;59.849,42.188,3.532;59.849,42.750,3.498;59.849,43.312,3.465;59.841,43.822,3.441;59.834,44.331,3.421;59.826,44.841,3.400;59.818,45.350,3.379;59.811,45.860,3.372;59.803,46.370,3.364;59.795,46.879,3.370;59.788,47.389,3.379;59.780,47.899,3.386;59.772,48.408,3.401;59.765,48.918,3.418;59.757,49.427,3.438;59.749,49.937,3.462;59.742,50.447,3.485;59.734,50.956,3.506;59.726,51.466,3.526;60.259,51.498,3.452;60.792,51.531,3.388;61.325,51.564,3.331;61.858,51.596,3.275;62.391,51.629,3.201;62.924,51.661,3.126;63.457,51.694,3.059;63.990,51.726,2.956;64.523,51.759,2.856;64.486,52.358,2.863;64.450,52.957,2.853;64.413,53.555,2.828;64.377,54.154,2.795;64.340,54.753,2.746;64.779,54.780,2.649;64.777,54.260,2.699;64.775,53.740,2.739;64.773,53.220,2.769;64.771,52.700,2.800;64.769,52.180,2.807;64.767,51.660,2.815;64.765,51.141,2.824;64.762,50.621,2.810;64.760,50.101,2.795;64.758,49.581,2.780;64.756,49.061,2.748;64.754,48.541,2.713;64.752,48.021,2.681;64.750,47.501,2.643;64.748,46.981,2.604;64.746,46.462,2.573;64.744,45.942,2.528;64.742,45.422,2.484;64.740,44.902,2.453;64.738,44.382,2.453;64.358,43.997,2.539;63.979,43.612,2.646;63.599,43.227,2.759;63.220,42.842,2.879;62.840,42.457,2.998;62.460,42.072,3.116;62.081,41.687,3.220;61.701,41.302,3.299;61.322,40.917,3.374;60.942,40.532,3.449;60.563,40.147,3.518
G BAHCE-27_P115-B01 135 173
24.452 85.619 8.840
24.971 85.650 8.820
25.490 85.681 8.798
26.010 85.712 8.770
26.529 85.743 8.728
27.048 85.774 8.689
27.567 85.805 8.648
28.086 85.836 8.590
28.606 85.867 8.532
29.125 85.898 8.470
29.644 85.929 8.395
29.673 85.441 8.357
29.661 85.440 8.358
29.142 85.409 8.430
28.622 85.378 8.490
28.103 85.348 8.545
27.584 85.317 8.600
27.065 85.286 8.639
26.545 85.255 8.675
26.026 85.224 8.713
25.507 85.194 8.736
24.987 85.163 8.758
24.468 85.132 8.779
24.498 84.620 8.706
24.529 84.108 8.624
24.559 83.597 8.526
24.590 83.085 8.425
24.620 82.573 8.323
24.651 82.061 8.205
24.681 81.549 8.088
24.712 81.038 7.970
24.742 80.526 7.846
24.773 80.014 7.721
24.803 79.502 7.597
24.834 78.990 7.480
24.864 78.479 7.358
24.895 77.967 7.238
24.925 77.455 7.158
24.937 77.456 7.158
24.938 77.443 7.156
25.138 77.455 7.148
25.671 77.487 7.124
26.203 77.518 7.078
26.736 77.550 7.021
27.268 77.582 6.970
27.801 77.613 6.907
28.333 77.645 6.833
28.866 77.677 6.758
29.398 77.708 6.666
29.931 77.740 6.568
30.131 77.752 6.531
30.166 77.156 6.410
30.202 76.560 6.290
30.237 75.964 6.198
30.273 75.368 6.110
30.308 74.772 6.028
29.791 74.741 6.115
29.273 74.710 6.202
28.756 74.680 6.284
28.239 74.649 6.361
27.722 74.618 6.439
27.204 74.587 6.507
26.687 74.556 6.567
26.170 74.525 6.628
25.653 74.495 6.688
25.135 74.464 6.744
24.618 74.433 6.797
24.383 74.885 6.865
24.149 75.336 6.937
23.914 75.788 7.011
23.679 76.239 7.074
23.444 76.691 7.132
23.210 77.143 7.187
22.975 77.594 7.241
22.740 78.046 7.296
22.506 78.497 7.394
22.271 78.949 7.479
22.036 79.400 7.528
21.801 79.852 7.624
21.567 80.304 7.719
21.332 80.755 7.824
21.097 81.207 7.933
20.863 81.658 8.041
20.628 82.110 8.152
20.393 82.561 8.260
20.159 83.013 8.348
19.924 83.465 8.442
19.689 83.916 8.545
19.454 84.368 8.641
19.220 84.819 8.737
18.985 85.271 8.832
19.532 85.306 8.797
20.078 85.341 8.768
20.625 85.375 8.782
21.172 85.410 8.797
21.718 85.445 8.811
22.265 85.480 8.827
22.812 85.515 8.843
23.359 85.549 8.845
23.905 85.584 8.843
24.985 75.433 6.868
25.985 75.433 6.761
26.985 75.433 6.639
27.985 75.433 6.501
28.985 75.433 6.344
23.985 76.433 7.067
24.985 76.433 6.986
25.985 76.433 6.913
26.985 76.433 6.782
27.985 76.433 6.641
28.985 76.433 6.484
23.985 77.433 7.178
22.985 78.433 7.353
23.985 78.433 7.368
22.985 79.433 7.537
23.985 79.433 7.580
21.985 80.433 7.762
22.985 80.433 7.780
23.985 80.433 7.817
21.985 81.433 7.993
22.985 81.433 8.024
23.985 81.433 8.055
20.985 82.433 8.226
21.985 82.433 8.234
22.985 82.433 8.262
23.985 82.433 8.286
20.985 83.433 8.428
21.985 83.433 8.448
22.985 83.433 8.475
23.985 83.433 8.493
19.985 84.433 8.612
20.985 84.433 8.624
21.985 84.433 8.640
22.985 84.433 8.666
23.985 84.433 8.677
12 11 10
15 6 16
6 5 16
117 116 78
0 99 22
131 93 130
26 125 27
125 26 129
2 19 3
21 1 0
21 0 22
19 18 3
104 54 53
75 74 112
114 117 78
114 75 112
69 100 106
105 69 106
100 64 101
113 34 115
116 79 78
89 88 130
126 86 85
126 131 130
86 126 130
94 131 95
131 94 93
131 132 95
134 23 22
99 134 22
133 98 97
98 134 99
134 98 133
118 115 32
31 118 32
125 28 27
28 125 121
29 28 121
30 29 121
118 30 121
30 118 31
15 7 6
49 51 50
51 49 48
14 13 8
7 14 8
14 7 15
13 9 8
9 12 10
9 13 12
26 25 129
20 2 1
21 20 1
2 20 19
5 17 16
18 4 3
4 17 5
17 4 18
54 56 55
56 104 57
104 56 54
110 53 52
110 104 53
110 48 47
46 110 47
51 110 52
110 51 48
60 59 103
61 60 102
60 103 102
104 58 57
58 104 103
59 58 103
74 73 112
73 113 112
77 114 78
105 70 69
113 111 36
111 73 72
73 111 113
64 63 101
65 64 100
65 67 66
67 65 100
107 41 106
108 44 43
115 33 32
34 33 115
35 113 36
35 34 113
80 79 116
93 92 130
88 87 130
87 86 130
84 83 122
126 84 122
84 126 85
83 82 122
82 123 122
132 96 95
96 132 133
96 133 97
134 24 23
24 134 129
25 24 129
109 46 45
109 110 46
44 109 45
108 109 44
114 76 75
77 76 114
68 100 69
68 67 100
71 70 105
71 111 72
111 71 105
41 40 106
39 105 106
39 111 105
40 39 106
62 61 102
101 62 102
63 62 101
42 41 107
108 42 107
42 108 43
89 91 90
91 89 130
92 91 130
119 82 81
82 119 123
80 119 81
119 80 116
111 37 36
39 37 111
38 37 39
107 100 101
100 107 106
114 113 115
113 114 112
125 120 121
120 125 124
123 126 122
126 123 127
132 126 127
126 132 131
125 128 124
128 125 129
123 128 127
128 123 124
134 128 129
128 134 133
128 132 127
132 128 133
118 114 115
114 118 117
120 118 121
118 120 117
51 54 55
54 51 53
108 107 101
108 101 102
110 109 104
104 109 103
109 108 102
103 109 102
96 91 95
91 94 95
91 92 93
119 120 124
123 119 124
120 119 117
119 116 117
L 24.452,85.619,8.890;24.971,85.650,8.870;25.490,85.681,8.848;26.010,85.712,8.820;26.529,85.743,8.778;27.048,85.774,8.739;27.567,85.805,8.698;28.086,85.836,8.640;28.606,85.867,8.582;29.125,85.898,8.520;29.644,85.929,8.445;29.673,85.441,8.407;29.661,85.440,8.408;29.142,85.409,8.480;28.622,85.378,8.540;28.103,85.348,8.595;27.584,85.317,8.650;27.065,85.286,8.689;26.545,85.255,8.725;26.026,85.224,8.763;25.507,85.194,8.786;24.987,85.163,8.808;24.468,85.132,8.829;24.498,84.620,8.756;24.529,84.108,8.674;24.559,83.597,8.576;24.590,83.085,8.475;24.620,82.573,8.373;24.651,82.061,8.255;24.681,81.549,8.138;24.712,81.038,8.020;24.742,80.526,7.896;24.773,80.014,7.771;24.803,79.502,7.647;24.834,78.990,7.530;24.864,78.479,7.408;24.895,77.967,7.288;24.925,77.455,7.208;24.937,77.456,7.208;24.938,77.443,7.206;25.138,77.455,7.198;25.671,77.487,7.174;26.203,77.518,7.128;26.736,77.550,7.071;27.268,77.582,7.020;27.801,77.613,6.957;28.333,77.645,6.883;28.866,77.677,6.808;29.398,77.708,6.716;29.931,77.740,6.618;30.131,77.752,6.581;30.166,77.156,6.460;30.202,76.560,6.340;30.237,75.964,6.248;30.273,75.368,6.160;30.308,74.772,6.078;29.791,74.741,6.165;29.273,74.710,6.252;28.756,74.680,6.334;28.239,74.649,6.411;27.722,74.618,6.489;27.204,74.587,6.557;26.687,74.556,6.617;26.170,74.525,6.678;25.653,74.495,6.738;25.135,74.464,6.794;24.618,74.433,6.847;24.383,74.885,6.915;24.149,75.336,6.987;23.914,75.788,7.061;23.679,76.239,7.124;23.444,76.691,7.182;23.210,77.143,7.237;22.975,77.594,7.291;22.740,78.046,7.346;22.506,78.497,7.444;22.271,78.949,7.529;22.036,79.400,7.578;21.801,79.852,7.674;21.567,80.304,7.769;21.332,80.755,7.874;21.097,81.207,7.983;20.863,81.658,8.091;20.628,82.110,8.202;20.393,82.561,8.310;20.159,83.013,8.398;19.924,83.465,8.492;19.689,83.916,8.595;19.454,84.368,8.691;19.220,84.819,8.787;18.985,85.271,8.882;19.532,85.306,8.847;20.078,85.341,8.818;20.625,85.375,8.832;21.172,85.410,8.847;21.718,85.445,8.861;22.265,85.480,8.877;22.812,85.515,8.893;23.359,85.549,8.895;23.905,85.584,8.893
G BAHCE-28_P115-B08 115 157
91.594 81.416 3.876
92.113 81.447 3.896
92.632 81.478 3.903
93.151 81.509 3.907
93.670 81.540 3.900
94.189 81.571 3.882
94.708 81.601 3.871
95.227 81.632 3.849
95.746 81.663 3.815
96.265 81.694 3.785
96.784 81.725 3.750
96.784 81.727 3.751
96.787 81.727 3.750
96.754 82.284 3.873
96.721 82.840 4.005
96.688 83.397 4.138
96.654 83.954 4.271
96.621 84.510 4.404
96.588 85.067 4.535
96.558 85.565 4.651
96.517 86.265 4.803
96.482 86.858 4.931
96.446 87.451 5.040
96.411 88.043 5.144
96.375 88.636 5.242
96.340 89.229 5.317
96.330 89.403 5.339
96.849 89.273 5.292
97.368 89.144 5.242
97.887 89.014 5.191
98.406 88.885 5.135
98.926 88.755 5.076
99.445 88.625 5.018
99.964 88.496 4.953
100.483 88.366 4.879
100.508 87.833 4.774
100.532 87.300 4.667
100.557 86.767 4.552
100.582 86.233 4.425
100.607 85.700 4.299
100.632 85.167 4.160
100.656 84.634 4.013
100.681 84.101 3.875
100.706 83.567 3.730
100.731 83.034 3.581
100.755 82.501 3.436
100.780 81.968 3.305
100.810 81.469 3.185
100.839 80.970 3.067
100.869 80.471 2.992
100.899 79.971 2.917
100.928 79.472 2.842
100.958 78.973 2.788
100.448 78.943 2.848
99.937 78.912 2.905
99.427 78.882 2.954
98.917 78.852 3.010
98.406 78.821 3.058
97.896 78.791 3.097
97.386 78.761 3.132
96.875 78.730 3.154
96.365 78.700 3.170
95.855 78.670 3.185
95.344 78.639 3.204
94.834 78.609 3.218
94.324 78.579 3.213
93.813 78.548 3.213
93.303 78.518 3.210
92.793 78.488 3.191
92.282 78.457 3.166
91.772 78.427 3.131
91.736 79.025 3.273
91.701 79.623 3.427
91.665 80.221 3.576
91.630 80.818 3.723
92.594 79.427 3.401
93.594 79.427 3.411
94.594 79.427 3.391
95.594 79.427 3.351
96.594 79.427 3.297
97.594 79.427 3.219
98.594 79.427 3.119
99.594 79.427 3.002
100.594 79.427 2.879
92.594 80.427 3.636
93.594 80.427 3.641
94.594 80.427 3.612
95.594 80.427 3.564
96.594 80.427 3.487
97.594 80.427 3.400
98.594 80.427 3.281
99.594 80.427 3.157
97.594 81.427 3.598
98.594 81.427 3.478
99.594 81.427 3.351
97.594 82.427 3.824
98.594 82.427 3.715
99.594 82.427 3.597
97.594 83.427 4.056
98.594 83.427 3.949
99.594 83.427 3.853
97.594 84.427 4.291
98.594 84.427 4.195
99.594 84.427 4.101
97.594 85.427 4.527
98.594 85.427 4.433
99.594 85.427 4.334
97.594 86.427 4.748
98.594 86.427 4.664
99.594 86.427 4.570
97.594 87.427 4.956
98.594 87.427 4.872
99.594 87.427 4.785
97.594 88.427 5.135
98.594 88.427 5.058
74 1 0
28 24 113
114 30 113
24 23 113
30 29 113
29 28 113
28 27 24
75 72 71
69 71 70
69 75 71
107 20 19
107 21 20
14 95 98
87 88 9
42 100 43
101 18 17
101 16 98
101 17 16
100 44 43
44 100 97
45 44 97
47 94 48
36 112 37
35 112 36
106 40 39
112 32 114
25 27 26
27 25 24
23 110 113
110 23 22
21 110 22
107 110 21
56 81 57
82 56 55
56 82 81
14 13 95
16 15 98
15 14 98
72 84 73
84 72 75
84 74 73
74 84 1
84 2 1
94 46 97
47 46 94
46 45 97
38 109 39
109 106 39
109 38 37
112 109 37
40 103 41
106 103 40
103 42 41
42 103 100
114 31 30
32 31 114
33 35 34
33 112 35
33 32 112
69 68 75
68 67 75
67 76 75
111 112 114
94 91 48
91 49 48
49 91 50
58 80 59
81 58 57
80 58 81
79 78 61
78 62 61
63 62 78
12 92 95
13 12 95
89 92 88
7 86 87
104 107 19
18 104 19
101 104 18
76 66 65
66 76 67
54 82 55
83 53 52
51 83 52
83 51 50
83 54 53
54 83 82
83 91 82
91 83 50
60 79 61
79 60 80
80 60 59
77 64 63
77 63 78
64 77 65
77 76 65
8 87 9
8 7 87
86 5 85
88 10 9
11 10 12
92 10 88
12 10 92
7 6 86
6 5 86
5 4 85
4 3 85
3 84 85
84 3 2
96 93 94
96 94 97
96 92 93
92 96 95
96 99 95
95 99 98
99 96 97
100 99 97
109 105 106
105 109 108
29 33 28
33 27 28
31 33 30
33 31 32
84 76 85
76 84 75
109 111 108
111 109 112
110 111 113
111 114 113
111 107 108
111 110 107
93 91 94
91 93 90
81 91 90
82 91 81
79 88 87
78 79 87
79 89 88
89 79 80
89 81 90
89 80 81
93 89 90
92 89 93
104 105 108
107 104 108
104 102 105
102 104 101
99 102 98
102 101 98
105 102 106
102 103 106
102 99 100
103 102 100
77 78 87
86 77 87
76 77 85
77 86 85
L 91.594,81.416,3.926;92.113,81.447,3.946;92.632,81.478,3.953;93.151,81.509,3.957;93.670,81.540,3.950;94.189,81.571,3.932;94.708,81.601,3.921;95.227,81.632,3.899;95.746,81.663,3.865;96.265,81.694,3.835;96.784,81.725,3.800;96.784,81.727,3.801;96.787,81.727,3.800;96.754,82.284,3.923;96.721,82.840,4.055;96.688,83.397,4.188;96.654,83.954,4.321;96.621,84.510,4.454;96.588,85.067,4.585;96.558,85.565,4.701;96.517,86.265,4.853;96.482,86.858,4.981;96.446,87.451,5.090;96.411,88.043,5.194;96.375,88.636,5.292;96.340,89.229,5.367;96.330,89.403,5.389;96.849,89.273,5.342;97.368,89.144,5.292;97.887,89.014,5.241;98.406,88.885,5.185;98.926,88.755,5.126;99.445,88.625,5.068;99.964,88.496,5.003;100.483,88.366,4.929;100.508,87.833,4.824;100.532,87.300,4.717;100.557,86.767,4.602;100.582,86.233,4.475;100.607,85.700,4.349;100.632,85.167,4.210;100.656,84.634,4.063;100.681,84.101,3.925;100.706,83.567,3.780;100.731,83.034,3.631;100.755,82.501,3.486;100.780,81.968,3.355;100.810,81.469,3.235;100.839,80.970,3.117;100.869,80.471,3.042;100.899,79.971,2.967;100.928,79.472,2.892;100.958,78.973,2.838;100.448,78.943,2.898;99.937,78.912,2.955;99.427,78.882,3.004;98.917,78.852,3.060;98.406,78.821,3.108;97.896,78.791,3.147;97.386,78.761,3.182;96.875,78.730,3.204;96.365,78.700,3.220;95.855,78.670,3.235;95.344,78.639,3.254;94.834,78.609,3.268;94.324,78.579,3.263;93.813,78.548,3.263;93.303,78.518,3.260;92.793,78.488,3.241;92.282,78.457,3.216;91.772,78.427,3.181;91.736,79.025,3.323;91.701,79.623,3.477;91.665,80.221,3.626;91.630,80.818,3.773
G BAHCE-29_P115-B05 213 307
75.622 80.468 1.265
75.572 81.317 1.549
75.536 81.929 1.732
75.499 82.541 1.912
75.463 83.153 2.026
75.481 83.154 2.028
75.482 83.139 2.026
76.013 83.171 2.079
76.544 83.202 2.155
77.076 83.234 2.255
77.607 83.265 2.305
78.138 83.297 2.383
78.669 83.328 2.486
79.200 83.360 2.628
79.731 83.391 2.730
80.263 83.423 2.894
80.794 83.454 3.140
81.325 83.486 3.379
81.856 83.517 3.571
82.387 83.549 3.741
82.919 83.580 3.856
83.450 83.612 3.933
83.474 83.097 3.716
83.497 82.582 3.514
83.521 82.067 3.256
83.545 81.552 2.988
83.569 81.037 2.722
83.593 80.523 2.459
83.617 80.008 2.219
83.640 79.493 2.072
83.664 78.978 1.998
83.688 78.463 1.906
83.712 77.948 1.818
83.209 77.918 1.604
82.706 77.888 1.407
82.203 77.858 1.220
81.701 77.828 1.043
81.198 77.798 0.932
80.695 77.769 0.821
80.192 77.739 0.703
79.689 77.709 0.606
79.186 77.679 0.546
78.683 77.649 0.474
78.181 77.619 0.413
77.678 77.589 0.385
77.175 77.559 0.358
76.672 77.529 0.349
76.169 77.499 0.349
75.666 77.469 0.348
75.163 77.439 0.359
74.661 77.410 0.376
74.158 77.380 0.396
73.655 77.350 0.423
73.152 77.320 0.452
72.649 77.290 0.478
72.146 77.260 0.510
71.644 77.230 0.543
71.141 77.200 0.562
70.638 77.170 0.583
70.135 77.140 0.604
69.632 77.110 0.626
69.129 77.081 0.655
68.626 77.051 0.686
68.124 77.021 0.713
67.621 76.991 0.752
67.118 76.961 0.808
66.615 76.931 0.866
66.579 77.530 0.975
66.544 78.128 1.096
66.508 78.727 1.242
66.473 79.325 1.391
66.437 79.924 1.557
66.406 80.451 1.714
66.375 80.979 1.871
66.344 81.506 2.025
66.312 82.034 2.180
66.281 82.561 2.334
66.250 83.089 2.516
66.219 83.616 2.706
66.188 84.144 2.889
66.157 84.671 3.050
66.126 85.199 3.210
66.095 85.726 3.345
66.063 86.254 3.452
66.032 86.781 3.550
66.001 87.309 3.597
65.970 87.836 3.606
66.471 87.836 3.581
66.971 87.836 3.531
67.472 87.836 3.471
67.972 87.836 3.404
68.472 87.836 3.321
68.973 87.836 3.235
69.474 87.836 3.148
69.974 87.836 3.000
69.974 87.834 3.000
69.971 87.834 3.001
70.001 87.322 2.997
70.032 86.811 2.979
70.062 86.299 2.934
70.093 85.787 2.877
70.123 85.275 2.766
70.153 84.764 2.584
70.184 84.252 2.462
70.214 83.740 2.328
70.245 83.228 2.167
70.275 82.717 1.993
70.305 82.205 1.851
70.336 81.693 1.733
70.366 81.181 1.610
70.397 80.670 1.483
70.427 80.158 1.354
70.946 80.189 1.314
71.465 80.220 1.279
71.985 80.250 1.249
72.504 80.281 1.224
73.023 80.312 1.207
73.542 80.343 1.215
74.061 80.374 1.233
74.581 80.404 1.256
75.100 80.435 1.268
75.619 80.466 1.265
75.619 80.468 1.265
66.970 77.931 1.008
67.970 77.931 0.909
68.970 77.931 0.843
69.970 77.931 0.783
70.970 77.931 0.730
71.970 77.931 0.678
72.970 77.931 0.616
73.970 77.931 0.549
74.970 77.931 0.499
75.970 77.931 0.467
76.970 77.931 0.452
77.970 77.931 0.488
66.970 78.931 1.258
67.970 78.931 1.171
68.970 78.931 1.107
69.970 78.931 1.046
70.970 78.931 0.990
71.970 78.931 0.936
72.970 78.931 0.877
73.970 78.931 0.824
74.970 78.931 0.784
75.970 78.931 0.751
76.970 78.931 0.742
77.970 78.931 0.778
78.970 78.931 0.850
79.970 78.931 0.958
80.970 78.931 1.148
81.970 78.931 1.377
82.970 78.931 1.701
66.970 79.931 1.521
67.970 79.931 1.449
68.970 79.931 1.387
69.970 79.931 1.320
71.970 79.931 1.177
72.970 79.931 1.122
73.970 79.931 1.104
74.970 79.931 1.094
75.970 79.931 1.080
76.970 79.931 1.070
77.970 79.931 1.113
78.970 79.931 1.185
79.970 79.931 1.293
80.970 79.931 1.484
81.970 79.931 1.753
82.970 79.931 2.046
66.970 80.931 1.813
67.970 80.931 1.743
68.970 80.931 1.667
69.970 80.931 1.586
75.970 80.931 1.434
76.970 80.931 1.448
77.970 80.931 1.498
78.970 80.931 1.575
79.970 80.931 1.685
80.970 80.931 1.952
81.970 80.931 2.247
82.970 80.931 2.566
66.970 81.931 2.101
67.970 81.931 2.007
68.970 81.931 1.906
69.970 81.931 1.823
75.970 81.931 1.739
76.970 81.931 1.819
77.970 81.931 1.882
78.970 81.931 1.975
79.970 81.931 2.101
80.970 81.931 2.500
81.970 81.931 2.797
82.970 81.931 3.094
66.970 82.931 2.406
67.970 82.931 2.310
68.970 82.931 2.199
77.970 82.931 2.236
78.970 82.931 2.415
79.970 82.931 2.543
80.970 82.931 2.957
81.970 82.931 3.313
82.970 82.931 3.585
66.970 83.931 2.764
67.970 83.931 2.666
68.970 83.931 2.544
66.970 84.931 3.073
67.970 84.931 3.013
68.970 84.931 2.888
66.970 85.931 3.325
67.970 85.931 3.269
68.970 85.931 3.163
66.970 86.931 3.506
67.970 86.931 3.405
68.970 86.931 3.242
81 80 204
183 106 194
211 212 91
97 212 98
98 212 99
61 60 125
65 67 66
182 183 194
107 183 108
107 106 183
106 105 194
207 82 81
207 81 204
206 103 102
101 206 102
159 120 119
167 151 29
134 147 146
25 179 26
62 61 125
124 62 125
62 124 63
124 64 63
65 123 67
64 123 65
123 64 124
78 192 201
207 83 82
210 85 84
83 210 84
210 83 207
210 89 88
89 210 211
105 203 194
203 105 104
103 203 104
206 203 103
85 87 86
87 210 88
210 87 85
90 211 91
90 89 211
212 92 91
147 42 41
42 147 134
179 27 26
27 179 167
36 35 150
36 149 37
149 36 150
151 30 29
34 151 150
35 34 150
40 39 148
40 147 41
147 40 148
149 38 37
38 149 148
39 38 148
185 9 8
12 196 13
199 18 17
18 199 19
198 16 15
16 198 17
198 199 17
57 56 127
72 152 168
152 72 71
123 68 67
135 68 123
68 135 69
135 70 69
70 135 152
70 152 71
79 78 201
79 201 204
80 79 204
192 77 76
77 192 78
180 192 76
180 74 168
129 52 130
209 100 99
212 209 99
209 101 100
209 206 101
93 212 97
93 92 212
131 48 132
48 131 49
46 133 132
45 133 46
133 45 44
134 133 44
50 131 130
131 50 49
43 134 44
43 42 134
28 167 29
28 27 167
31 30 151
6 3 7
6 5 4
3 6 4
121 159 160
159 121 120
9 195 10
185 195 9
186 195 185
195 11 10
195 12 11
195 196 12
3 184 7
7 184 8
184 185 8
20 22 21
191 179 25
58 57 127
74 73 168
73 72 168
110 171 155
171 110 109
183 171 108
171 109 108
75 180 76
180 75 74
157 116 115
158 159 119
118 158 119
59 126 60
60 126 125
58 126 59
126 58 127
138 139 155
114 156 115
156 139 140
156 157 115
111 110 155
139 111 155
111 139 112
129 128 54
56 128 127
53 129 54
129 53 52
93 96 94
96 95 94
96 93 97
47 46 132
48 47 132
52 51 130
51 50 130
31 33 32
34 33 151
33 31 151
172 184 1
2 184 3
184 2 1
200 22 20
200 20 19
199 200 19
22 200 23
200 191 23
24 191 25
191 24 23
197 198 15
14 197 15
197 14 13
196 197 13
117 158 118
158 117 157
117 116 157
113 156 114
139 113 112
156 113 139
128 55 54
55 128 56
0 121 160
172 0 160
122 172 1
122 0 172
0 122 121
205 201 202
201 205 204
182 193 181
193 182 194
151 167 166
150 151 166
147 162 146
162 147 163
152 169 168
169 152 153
152 135 153
135 136 153
135 124 136
135 123 124
201 192 202
192 193 202
124 137 136
137 124 125
203 193 194
193 203 202
203 205 202
203 206 205
208 210 207
210 208 211
205 208 204
208 207 204
144 159 143
159 144 160
131 144 143
144 131 132
170 182 181
169 170 181
193 180 181
192 180 193
169 180 168
180 169 181
142 131 143
131 142 130
142 129 130
129 142 141
208 209 211
209 212 211
206 209 205
209 208 205
145 133 134
145 134 146
145 144 132
133 145 132
195 186 187
196 195 187
144 161 160
145 161 144
162 161 146
161 145 146
170 171 182
182 171 183
138 154 137
154 138 155
136 154 153
137 154 136
154 171 170
171 154 155
154 169 153
154 170 169
159 158 143
158 142 143
142 158 141
158 157 141
126 137 125
126 138 137
126 139 138
139 126 127
157 156 141
156 140 141
128 129 141
140 128 141
128 139 127
139 128 140
165 150 166
165 149 150
174 162 163
175 174 163
186 174 187
174 175 187
21 24 32
24 31 32
22 24 21
28 24 27
24 22 23
189 197 188
197 189 198
197 196 187
188 197 187
147 164 163
164 147 148
165 164 149
149 164 148
200 190 191
190 200 199
189 190 198
198 190 199
173 161 162
174 173 162
173 174 186
173 186 185
161 173 160
173 172 160
184 173 185
172 173 184
176 189 188
189 176 177
175 176 187
176 188 187
176 164 165
176 165 177
176 175 163
164 176 163
178 165 166
165 178 177
167 178 166
179 178 167
178 189 177
178 190 189
190 178 191
191 178 179
L 75.622,80.468,1.315;75.572,81.317,1.599;75.536,81.929,1.782;75.499,82.541,1.962;75.463,83.153,2.076;75.481,83.154,2.078;75.482,83.139,2.076;76.013,83.171,2.129;76.544,83.202,2.205;77.076,83.234,2.305;77.607,83.265,2.355;78.138,83.297,2.433;78.669,83.328,2.536;79.200,83.360,2.678;79.731,83.391,2.780;80.263,83.423,2.944;80.794,83.454,3.190;81.325,83.486,3.429;81.856,83.517,3.621;82.387,83.549,3.791;82.919,83.580,3.906;83.450,83.612,3.983;83.474,83.097,3.766;83.497,82.582,3.564;83.521,82.067,3.306;83.545,81.552,3.038;83.569,81.037,2.772;83.593,80.523,2.509;83.617,80.008,2.269;83.640,79.493,2.122;83.664,78.978,2.048;83.688,78.463,1.956;83.712,77.948,1.868;83.209,77.918,1.654;82.706,77.888,1.457;82.203,77.858,1.270;81.701,77.828,1.093;81.198,77.798,0.982;80.695,77.769,0.871;80.192,77.739,0.753;79.689,77.709,0.656;79.186,77.679,0.596;78.683,77.649,0.524;78.181,77.619,0.463;77.678,77.589,0.435;77.175,77.559,0.408;76.672,77.529,0.399;76.169,77.499,0.399;75.666,77.469,0.398;75.163,77.439,0.409;74.661,77.410,0.426;74.158,77.380,0.446;73.655,77.350,0.473;73.152,77.320,0.502;72.649,77.290,0.528;72.146,77.260,0.560;71.644,77.230,0.593;71.141,77.200,0.612;70.638,77.170,0.633;70.135,77.140,0.654;69.632,77.110,0.676;69.129,77.081,0.705;68.626,77.051,0.736;68.124,77.021,0.763;67.621,76.991,0.802;67.118,76.961,0.858;66.615,76.931,0.916;66.579,77.530,1.025;66.544,78.128,1.146;66.508,78.727,1.292;66.473,79.325,1.441;66.437,79.924,1.607;66.406,80.451,1.764;66.375,80.979,1.921;66.344,81.506,2.075;66.312,82.034,2.230;66.281,82.561,2.384;66.250,83.089,2.566;66.219,83.616,2.756;66.188,84.144,2.939;66.157,84.671,3.100;66.126,85.199,3.260;66.095,85.726,3.395;66.063,86.254,3.502;66.032,86.781,3.600;66.001,87.309,3.647;65.970,87.836,3.656;66.471,87.836,3.631;66.971,87.836,3.581;67.472,87.836,3.521;67.972,87.836,3.454;68.472,87.836,3.371;68.973,87.836,3.285;69.474,87.836,3.198;69.974,87.836,3.050;69.974,87.834,3.050;69.971,87.834,3.051;70.001,87.322,3.047;70.032,86.811,3.029;70.062,86.299,2.984;70.093,85.787,2.927;70.123,85.275,2.816;70.153,84.764,2.634;70.184,84.252,2.512;70.214,83.740,2.378;70.245,83.228,2.217;70.275,82.717,2.043;70.305,82.205,1.901;70.336,81.693,1.783;70.366,81.181,1.660;70.397,80.670,1.533;70.427,80.158,1.404;70.946,80.189,1.364;71.465,80.220,1.329;71.985,80.250,1.299;72.504,80.281,1.274;73.023,80.312,1.257;73.542,80.343,1.265;74.061,80.374,1.283;74.581,80.404,1.306;75.100,80.435,1.318;75.619,80.466,1.315;75.619,80.468,1.315
G BAHCE-30_P115-B04 151 201
55.455 76.267 3.381
54.945 76.237 3.493
54.435 76.206 3.602
53.926 76.176 3.700
53.416 76.146 3.798
52.906 76.115 3.904
52.396 76.085 3.995
51.887 76.055 4.079
51.377 76.024 4.162
50.867 75.994 4.242
50.357 75.964 4.318
49.847 75.933 4.391
49.338 75.903 4.457
48.828 75.873 4.524
48.318 75.842 4.587
47.808 75.812 4.642
47.299 75.782 4.693
46.789 75.751 4.740
46.279 75.721 4.782
46.244 76.317 4.808
46.208 76.913 4.836
46.173 77.510 4.864
46.137 78.106 4.885
46.102 78.702 4.905
46.302 78.714 4.884
47.026 78.757 4.814
47.750 78.800 4.732
48.349 78.836 4.669
48.947 78.871 4.598
49.546 78.907 4.531
49.946 78.931 4.488
50.520 78.965 4.422
51.095 78.999 4.354
51.295 79.011 4.328
51.262 79.568 4.362
51.229 80.124 4.401
51.195 80.681 4.440
51.162 81.238 4.474
51.129 81.794 4.500
51.096 82.351 4.526
51.067 82.849 4.542
51.025 83.549 4.558
50.994 84.072 4.561
50.963 84.595 4.581
50.931 85.118 4.609
50.900 85.641 4.640
50.869 86.164 4.678
50.838 86.687 4.719
50.826 86.686 4.720
50.825 86.699 4.721
50.307 86.668 4.762
49.789 86.637 4.804
49.271 86.607 4.850
48.753 86.576 4.895
48.235 86.545 4.943
47.717 86.514 4.996
47.199 86.483 5.050
46.681 86.452 5.111
46.163 86.422 5.177
45.645 86.391 5.235
45.615 86.900 5.291
46.131 86.931 5.226
46.647 86.961 5.160
47.164 86.992 5.098
47.680 87.023 5.046
48.196 87.054 4.995
48.712 87.084 4.944
49.228 87.115 4.899
49.744 87.146 4.855
50.261 87.177 4.813
50.777 87.207 4.775
51.293 87.238 4.735
51.872 87.274 4.682
52.451 87.310 4.639
53.031 87.346 4.596
53.610 87.382 4.544
54.189 87.418 4.498
54.768 87.454 4.451
54.800 86.943 4.414
54.832 86.431 4.376
54.863 85.920 4.338
54.895 85.409 4.286
54.927 84.897 4.239
54.959 84.386 4.198
54.991 83.875 4.157
55.023 83.363 4.115
55.054 82.852 4.068
55.086 82.341 4.015
55.118 81.830 3.962
55.150 81.318 3.914
55.182 80.807 3.867
55.213 80.296 3.822
55.245 79.784 3.770
55.277 79.273 3.717
55.307 78.772 3.665
55.336 78.271 3.606
55.366 77.770 3.547
55.396 77.269 3.487
55.425 76.768 3.432
46.615 76.721 4.793
47.615 76.721 4.689
48.615 76.721 4.578
49.615 76.721 4.446
50.615 76.721 4.302
51.615 76.721 4.154
52.615 76.721 3.986
53.615 76.721 3.809
54.615 76.721 3.609
46.615 77.721 4.826
47.615 77.721 4.718
48.615 77.721 4.604
49.615 77.721 4.480
50.615 77.721 4.344
51.615 77.721 4.207
52.615 77.721 4.055
53.615 77.721 3.888
54.615 77.721 3.701
51.615 78.721 4.267
52.615 78.721 4.123
53.615 78.721 3.963
54.615 78.721 3.796
51.615 79.721 4.330
52.615 79.721 4.197
53.615 79.721 4.047
54.615 79.721 3.886
51.615 80.721 4.394
52.615 80.721 4.268
53.615 80.721 4.123
54.615 80.721 3.964
51.615 81.721 4.442
52.615 81.721 4.323
53.615 81.721 4.191
54.615 81.721 4.044
51.615 82.721 4.478
52.615 82.721 4.362
53.615 82.721 4.255
54.615 82.721 4.129
51.615 83.721 4.495
52.615 83.721 4.411
53.615 83.721 4.317
54.615 83.721 4.202
51.615 84.721 4.540
52.615 84.721 4.467
53.615 84.721 4.382
54.615 84.721 4.273
51.615 85.721 4.594
52.615 85.721 4.523
53.615 85.721 4.438
51.615 86.721 4.662
52.615 86.721 4.584
53.615 86.721 4.500
63 57 56
59 61 60
58 61 59
100 14 101
10 9 103
62 57 63
62 58 57
58 62 61
1 107 2
31 112 32
22 21 108
22 24 23
24 22 108
99 16 100
14 13 101
13 12 101
12 102 101
102 12 11
10 102 11
102 10 103
150 74 149
37 129 38
129 37 125
40 137 41
137 42 41
98 97 107
98 1 0
1 98 107
95 116 96
116 95 120
116 97 96
97 116 107
5 106 105
8 7 104
8 104 103
9 8 103
104 6 105
7 6 104
6 5 105
100 15 14
16 15 100
26 109 27
65 64 55
64 63 56
55 64 56
72 148 149
66 53 67
113 117 112
112 117 32
42 141 43
137 141 42
141 44 43
120 94 93
95 94 120
124 120 93
124 91 128
4 106 5
20 19 99
20 99 108
21 20 108
17 19 18
99 17 16
19 17 99
25 24 108
109 25 108
25 109 26
129 39 38
109 110 27
30 29 111
112 30 111
30 112 31
47 46 148
79 78 150
144 140 83
75 74 150
69 68 51
50 69 51
69 50 70
72 71 148
71 47 148
74 73 149
73 72 149
54 65 55
54 66 65
54 53 66
53 52 67
52 68 67
68 52 51
35 121 125
35 34 121
117 33 32
33 117 121
34 33 121
140 84 83
89 132 128
90 89 128
91 90 128
92 124 93
124 92 91
4 3 106
106 3 107
107 3 2
133 39 129
39 133 40
133 137 40
110 28 27
28 110 111
29 28 111
147 80 79
147 79 150
80 147 81
144 147 143
147 144 81
144 82 81
82 144 83
44 145 45
141 145 44
145 46 45
46 145 148
76 78 77
78 76 150
76 75 150
37 36 125
36 35 125
85 84 140
50 49 70
49 48 47
49 71 70
71 49 47
88 132 89
88 87 132
136 87 86
87 136 132
85 136 86
136 85 140
102 112 111
112 102 103
115 118 114
118 115 119
121 122 126
125 121 126
123 118 119
118 123 122
114 113 105
113 104 105
113 112 103
104 113 103
115 116 119
116 120 119
106 116 115
116 106 107
106 115 114
106 114 105
109 99 100
99 109 108
121 117 122
117 118 122
118 117 114
117 113 114
124 123 119
120 124 119
110 102 111
102 110 101
110 109 100
110 100 101
144 143 139
140 144 139
124 127 123
127 124 128
122 127 126
123 127 122
132 127 128
127 132 131
138 134 135
138 135 139
130 127 131
127 130 126
130 125 126
130 129 125
134 130 135
130 131 135
130 133 129
133 130 134
138 133 134
133 138 137
146 147 149
147 150 149
145 146 149
148 145 149
145 142 146
142 145 141
142 147 146
147 142 143
138 142 137
142 141 137
143 142 139
142 138 139
136 140 139
135 136 139
132 136 131
131 136 135
L 55.455,76.267,3.431;54.945,76.237,3.543;54.435,76.206,3.652;53.926,76.176,3.750;53.416,76.146,3.848;52.906,76.115,3.954;52.396,76.085,4.045;51.887,76.055,4.129;51.377,76.024,4.212;50.867,75.994,4.292;50.357,75.964,4.368;49.847,75.933,4.441;49.338,75.903,4.507;48.828,75.873,4.574;48.318,75.842,4.637;47.808,75.812,4.692;47.299,75.782,4.743;46.789,75.751,4.790;46.279,75.721,4.832;46.244,76.317,4.858;46.208,76.913,4.886;46.173,77.510,4.914;46.137,78.106,4.935;46.102,78.702,4.955;46.302,78.714,4.934;47.026,78.757,4.864;47.750,78.800,4.782;48.349,78.836,4.719;48.947,78.871,4.648;49.546,78.907,4.581;49.946,78.931,4.538;50.520,78.965,4.472;51.095,78.999,4.404;51.295,79.011,4.378;51.262,79.568,4.412;51.229,80.124,4.451;51.195,80.681,4.490;51.162,81.238,4.524;51.129,81.794,4.550;51.096,82.351,4.576;51.067,82.849,4.592;51.025,83.549,4.608;50.994,84.072,4.611;50.963,84.595,4.631;50.931,85.118,4.659;50.900,85.641,4.690;50.869,86.164,4.728;50.838,86.687,4.769;50.826,86.686,4.770;50.825,86.699,4.771;50.307,86.668,4.812;49.789,86.637,4.854;49.271,86.607,4.900;48.753,86.576,4.945;48.235,86.545,4.993;47.717,86.514,5.046;47.199,86.483,5.100;46.681,86.452,5.161;46.163,86.422,5.227;45.645,86.391,5.285;45.615,86.900,5.341;46.131,86.931,5.276;46.647,86.961,5.210;47.164,86.992,5.148;47.680,87.023,5.096;48.196,87.054,5.045;48.712,87.084,4.994;49.228,87.115,4.949;49.744,87.146,4.905;50.261,87.177,4.863;50.777,87.207,4.825;51.293,87.238,4.785;51.872,87.274,4.732;52.451,87.310,4.689;53.031,87.346,4.646;53.610,87.382,4.594;54.189,87.418,4.548;54.768,87.454,4.501;54.800,86.943,4.464;54.832,86.431,4.426;54.863,85.920,4.388;54.895,85.409,4.336;54.927,84.897,4.289;54.959,84.386,4.248;54.991,83.875,4.207;55.023,83.363,4.165;55.054,82.852,4.118;55.086,82.341,4.065;55.118,81.830,4.012;55.150,81.318,3.964;55.182,80.807,3.917;55.213,80.296,3.872;55.245,79.784,3.820;55.277,79.273,3.767;55.307,78.772,3.715;55.336,78.271,3.656;55.366,77.770,3.597;55.396,77.269,3.537;55.425,76.768,3.482
G BAHCE-31_P116-B24 126 171
134.219 77.670 -1.007
134.250 77.163 -1.133
134.280 76.657 -1.267
134.311 76.150 -1.291
134.341 75.644 -1.184
134.372 75.137 -1.077
134.403 74.630 -1.111
134.433 74.124 -1.198
134.464 73.617 -1.107
134.495 73.110 -1.120
134.525 72.604 -1.249
134.556 72.097 -1.393
134.586 71.591 -1.574
134.617 71.084 -1.764
134.648 70.577 -1.957
134.678 70.071 -2.209
134.709 69.564 -2.496
134.740 69.057 -2.853
134.770 68.551 -3.518
134.801 68.044 -4.209
134.831 67.538 -4.875
134.862 67.031 -5.155
134.351 67.000 -5.011
133.840 66.969 -4.827
133.329 66.938 -4.558
132.819 66.907 -4.191
132.308 66.877 -3.803
131.797 66.846 -3.530
131.286 66.815 -3.176
130.775 66.784 -2.873
130.264 66.753 -2.635
129.754 66.722 -2.387
129.243 66.691 -2.147
128.732 66.660 -1.914
128.221 66.629 -1.682
127.710 66.599 -1.462
127.200 66.568 -1.250
126.689 66.537 -1.048
126.178 66.506 -0.888
125.667 66.475 -0.750
125.632 67.070 -0.592
125.596 67.664 -0.434
125.561 68.259 -0.274
125.525 68.853 -0.156
125.490 69.448 -0.042
125.690 69.459 -0.091
126.223 69.491 -0.215
126.755 69.523 -0.365
127.288 69.554 -0.550
127.820 69.586 -0.719
128.353 69.618 -0.893
128.885 69.650 -1.088
129.418 69.681 -1.301
129.950 69.713 -1.504
130.483 69.745 -1.697
130.682 69.756 -1.764
130.683 69.756 -1.765
130.681 69.780 -1.756
130.686 69.780 -1.758
130.654 70.312 -1.563
130.622 70.844 -1.377
130.590 71.375 -1.196
130.557 71.907 -1.026
130.525 72.439 -0.875
130.493 72.971 -0.713
130.461 73.503 -0.550
130.429 74.035 -0.423
130.397 74.566 -0.281
130.365 75.105 -0.140
130.332 75.643 -0.020
130.300 76.182 0.090
130.268 76.720 0.186
130.236 77.259 0.272
130.226 77.433 0.300
130.226 77.708 0.341
130.794 77.742 0.216
131.362 77.776 0.091
131.930 77.810 -0.069
132.499 77.843 -0.229
133.067 77.877 -0.458
133.635 77.911 -0.688
134.203 77.945 -0.939
126.490 67.475 -0.736
127.490 67.475 -1.137
128.490 67.475 -1.572
129.490 67.475 -2.040
130.490 67.475 -2.524
131.490 67.475 -3.120
132.490 67.475 -3.830
133.490 67.475 -4.393
134.490 67.475 -4.829
126.490 68.475 -0.499
127.490 68.475 -0.859
128.490 68.475 -1.293
129.490 68.475 -1.713
130.490 68.475 -2.142
131.490 68.475 -2.707
132.490 68.475 -2.952
133.490 68.475 -3.119
131.490 69.475 -2.053
132.490 69.475 -2.281
133.490 69.475 -2.442
131.490 70.475 -1.707
132.490 70.475 -1.865
133.490 70.475 -1.932
131.490 71.475 -1.388
132.490 71.475 -1.533
133.490 71.475 -1.577
131.490 72.475 -1.078
132.490 72.475 -1.222
133.490 72.475 -1.249
131.490 73.475 -0.788
132.490 73.475 -0.934
133.490 73.475 -0.964
131.490 74.475 -0.539
132.490 74.475 -0.691
133.490 74.475 -0.831
131.490 75.475 -0.332
132.490 75.475 -0.490
133.490 75.475 -0.632
131.490 76.475 -0.124
132.490 76.475 -0.334
133.490 76.475 -0.872
131.490 77.475 0.020
132.490 77.475 -0.254
133.490 77.475 -0.665
43 45 44
64 63 108
30 29 86
48 47 92
49 48 92
95 96 99
110 11 10
79 78 124
80 0 81
120 70 117
9 110 10
111 64 108
6 116 7
116 6 5
43 46 45
66 111 114
66 114 67
111 65 64
66 65 111
63 62 108
53 94 95
17 98 18
98 19 18
41 40 82
85 30 86
122 3 2
123 77 76
77 123 124
78 77 124
73 75 74
75 123 76
123 75 72
75 73 72
71 70 120
123 71 120
71 123 72
70 69 117
113 9 8
9 113 110
113 8 7
116 113 7
119 5 4
119 116 5
3 119 4
122 119 3
42 91 43
91 46 43
47 91 92
46 91 47
91 42 41
91 41 82
94 52 51
53 52 94
102 58 99
13 104 14
14 104 15
38 40 39
40 38 82
38 37 82
83 35 34
93 49 92
93 50 49
93 94 51
50 93 51
125 79 124
79 125 80
125 0 80
69 68 117
68 114 117
114 68 67
102 105 60
105 61 60
62 105 108
61 105 62
54 53 95
59 102 60
59 58 102
11 107 12
110 107 11
107 13 12
107 104 13
101 16 15
104 101 15
16 101 17
101 98 17
88 26 25
87 29 28
29 87 86
89 88 25
36 35 83
36 83 82
37 36 82
85 31 30
32 31 85
125 1 0
1 125 122
1 122 2
56 95 99
58 56 99
57 56 58
90 22 21
20 90 21
90 20 19
22 90 23
90 89 23
89 90 98
98 90 19
27 87 28
87 27 88
27 26 88
24 89 25
89 24 23
84 33 32
84 32 85
33 84 34
84 83 34
55 54 95
56 55 95
121 123 120
123 121 124
114 111 115
115 111 112
118 114 115
114 118 117
118 121 120
118 120 117
111 109 112
109 111 108
94 85 95
95 85 86
74 75 81
79 75 78
75 79 80
109 113 112
113 109 110
113 115 112
113 116 115
119 118 115
116 119 115
118 119 121
119 122 121
91 83 92
83 91 82
121 125 124
122 125 121
97 87 88
87 97 96
87 95 86
87 96 95
89 97 88
97 89 98
106 109 108
105 106 108
109 106 110
106 107 110
97 100 96
96 100 99
100 97 98
101 100 98
84 85 94
93 84 94
83 84 92
84 93 92
106 103 107
107 103 104
103 106 105
103 105 102
103 100 101
103 101 104
100 103 99
103 102 99
L 134.219,77.670,-0.957;134.250,77.163,-1.083;134.280,76.657,-1.217;134.311,76.150,-1.241;134.341,75.644,-1.134;134.372,75.137,-1.027;134.403,74.630,-1.061;134.433,74.124,-1.148;134.464,73.617,-1.057;134.495,73.110,-1.070;134.525,72.604,-1.199;134.556,72.097,-1.343;134.586,71.591,-1.524;134.617,71.084,-1.714;134.648,70.577,-1.907;134.678,70.071,-2.159;134.709,69.564,-2.446;134.740,69.057,-2.803;134.770,68.551,-3.468;134.801,68.044,-4.159;134.831,67.538,-4.825;134.862,67.031,-5.105;134.351,67.000,-4.961;133.840,66.969,-4.777;133.329,66.938,-4.508;132.819,66.907,-4.141;132.308,66.877,-3.753;131.797,66.846,-3.480;131.286,66.815,-3.126;130.775,66.784,-2.823;130.264,66.753,-2.585;129.754,66.722,-2.337;129.243,66.691,-2.097;128.732,66.660,-1.864;128.221,66.629,-1.632;127.710,66.599,-1.412;127.200,66.568,-1.200;126.689,66.537,-0.998;126.178,66.506,-0.838;125.667,66.475,-0.700;125.632,67.070,-0.542;125.596,67.664,-0.384;125.561,68.259,-0.224;125.525,68.853,-0.106;125.490,69.448,0.008;125.690,69.459,-0.041;126.223,69.491,-0.165;126.755,69.523,-0.315;127.288,69.554,-0.500;127.820,69.586,-0.669;128.353,69.618,-0.843;128.885,69.650,-1.038;129.418,69.681,-1.251;129.950,69.713,-1.454;130.483,69.745,-1.647;130.682,69.756,-1.714;130.683,69.756,-1.715;130.681,69.780,-1.706;130.686,69.780,-1.708;130.654,70.312,-1.513;130.622,70.844,-1.327;130.590,71.375,-1.146;130.557,71.907,-0.976;130.525,72.439,-0.825;130.493,72.971,-0.663;130.461,73.503,-0.500;130.429,74.035,-0.373;130.397,74.566,-0.231;130.365,75.105,-0.090;130.332,75.643,0.030;130.300,76.182,0.140;130.268,76.720,0.236;130.236,77.259,0.322;130.226,77.433,0.350;130.226,77.708,0.391;130.794,77.742,0.266;131.362,77.776,0.141;131.930,77.810,-0.019;132.499,77.843,-0.179;133.067,77.877,-0.408;133.635,77.911,-0.638;134.203,77.945,-0.889
G BAHCE-32_P117-B29 173 257
87.959 56.181 -3.129
88.458 56.211 -3.106
88.957 56.240 -3.107
89.457 56.270 -3.010
89.956 56.300 -2.923
90.455 56.329 -2.873
90.954 56.359 -2.778
91.453 56.389 -2.654
91.952 56.419 -2.516
92.451 56.448 -2.380
92.951 56.478 -2.230
93.450 56.508 -2.076
93.949 56.538 -1.919
94.448 56.567 -1.762
94.947 56.597 -1.611
94.980 56.047 -1.861
95.012 55.498 -2.111
95.042 54.999 -2.343
95.051 54.849 -2.413
95.089 54.200 -2.714
95.095 54.101 -2.760
95.125 53.602 -2.973
95.154 53.099 -3.173
95.183 52.596 -3.378
95.212 52.093 -3.517
95.241 51.590 -3.638
95.270 51.086 -3.760
95.299 50.583 -3.848
95.328 50.080 -3.929
95.357 49.577 -4.012
95.385 49.074 -4.092
95.414 48.571 -4.146
95.443 48.068 -4.199
95.472 47.565 -4.223
95.501 47.061 -4.243
95.530 46.558 -4.291
95.559 46.055 -4.282
95.588 45.552 -4.268
95.617 45.049 -4.279
95.201 45.332 -4.251
94.784 45.614 -4.214
94.368 45.897 -4.141
93.951 46.179 -4.068
93.535 46.462 -3.995
93.118 46.744 -3.882
92.702 47.027 -3.764
92.285 47.309 -3.693
91.869 47.592 -3.627
91.452 47.874 -3.539
91.036 48.157 -3.443
90.619 48.439 -3.353
90.203 48.722 -3.259
89.746 48.975 -3.142
89.290 49.228 -3.026
88.833 49.481 -2.900
88.377 49.734 -2.761
87.920 49.987 -2.625
87.464 50.240 -2.532
87.007 50.494 -2.432
86.550 50.747 -2.333
86.094 51.000 -2.233
85.637 51.253 -2.163
85.181 51.506 -2.093
84.724 51.759 -2.022
84.693 52.278 -2.158
84.661 52.798 -2.270
84.630 53.317 -2.359
84.599 53.836 -2.449
84.567 54.355 -2.508
84.536 54.875 -2.552
84.505 55.394 -2.596
84.473 55.913 -2.636
84.442 56.433 -2.673
84.410 56.952 -2.711
84.379 57.471 -2.730
84.348 57.991 -2.748
84.316 58.510 -2.768
84.285 59.029 -2.757
84.254 59.548 -2.740
84.222 60.068 -2.715
84.191 60.587 -2.643
84.690 60.617 -2.664
85.189 60.646 -2.636
85.689 60.676 -2.525
86.188 60.705 -2.350
86.687 60.735 -2.091
86.717 60.222 -2.311
86.748 59.710 -2.456
86.778 59.197 -2.554
86.809 58.684 -2.754
86.839 58.172 -2.913
86.870 57.659 -3.007
86.900 57.146 -3.053
86.931 56.634 -3.115
86.961 56.121 -3.177
95.191 46.049 -4.275
94.191 47.049 -4.130
95.191 47.049 -4.256
92.191 48.049 -3.742
93.191 48.049 -3.939
94.191 48.049 -4.097
91.191 49.049 -3.536
92.191 49.049 -3.781
93.191 49.049 -3.932
94.191 49.049 -4.019
89.191 50.049 -3.060
90.191 50.049 -3.347
91.191 50.049 -3.583
92.191 50.049 -3.760
93.191 50.049 -3.880
94.191 50.049 -3.918
87.191 51.049 -2.571
88.191 51.049 -2.858
89.191 51.049 -3.124
90.191 51.049 -3.368
91.191 51.049 -3.563
92.191 51.049 -3.726
93.191 51.049 -3.818
94.191 51.049 -3.825
85.191 52.049 -2.249
86.191 52.049 -2.547
87.191 52.049 -2.798
88.191 52.049 -3.066
89.191 52.049 -3.260
90.191 52.049 -3.429
91.191 52.049 -3.561
92.191 52.049 -3.690
93.191 52.049 -3.699
94.191 52.049 -3.656
85.191 53.049 -2.486
86.191 53.049 -2.784
87.191 53.049 -3.015
88.191 53.049 -3.168
89.191 53.049 -3.342
90.191 53.049 -3.461
91.191 53.049 -3.566
92.191 53.049 -3.532
93.191 53.049 -3.462
94.191 53.049 -3.370
85.191 54.049 -2.675
86.191 54.049 -2.969
87.191 54.049 -3.159
88.191 54.049 -3.293
89.191 54.049 -3.400
90.191 54.049 -3.451
91.191 54.049 -3.421
92.191 54.049 -3.348
93.191 54.049 -3.189
94.191 54.049 -2.987
85.191 55.049 -2.779
86.191 55.049 -3.073
87.191 55.049 -3.207
88.191 55.049 -3.252
89.191 55.049 -3.322
90.191 55.049 -3.277
91.191 55.049 -3.130
92.191 55.049 -2.997
93.191 55.049 -2.762
94.191 55.049 -2.548
85.191 56.049 -2.871
86.191 56.049 -3.100
91.191 56.049 -2.844
92.191 56.049 -2.613
93.191 56.049 -2.357
94.191 56.049 -2.074
85.191 57.049 -2.887
86.191 57.049 -3.063
85.191 58.049 -2.899
86.191 58.049 -2.980
85.191 59.049 -2.764
86.191 59.049 -2.776
85.191 60.049 -2.709
86.191 60.049 -2.583
159 165 72
67 66 139
71 159 72
68 67 139
149 68 139
69 68 149
160 150 94
78 169 171
148 138 21
93 160 94
0 152 1
150 151 94
151 0 94
0 151 152
119 64 63
62 119 63
119 62 61
120 119 61
51 106 52
106 53 52
159 70 149
71 70 159
70 69 149
79 78 171
83 82 171
84 86 85
172 83 171
86 172 87
172 84 83
84 172 86
168 90 89
90 168 91
169 77 76
77 169 78
165 73 72
74 73 165
118 110 27
26 118 27
31 100 32
23 138 128
24 23 128
93 166 160
168 166 91
2 153 3
152 153 1
153 2 1
166 92 91
92 166 93
101 51 50
49 101 50
106 101 107
101 106 51
101 49 48
112 56 55
60 120 61
53 105 54
105 53 106
54 105 55
112 105 113
105 112 55
79 81 80
81 79 171
82 81 171
170 168 89
88 170 89
170 88 87
172 170 87
167 75 74
167 74 165
75 167 76
167 169 76
34 97 35
110 28 27
28 110 29
118 25 128
26 25 118
25 24 128
96 97 100
43 96 44
96 43 42
41 96 42
20 148 21
20 19 148
19 18 148
13 15 14
138 22 21
23 22 138
64 129 65
129 64 119
129 66 65
66 129 139
104 31 30
31 104 100
104 30 29
110 104 29
45 99 46
99 45 44
99 96 100
96 99 44
57 56 112
34 33 97
100 33 32
97 33 100
154 4 3
153 154 3
98 47 46
99 98 46
47 98 48
101 98 102
98 101 48
111 57 112
57 111 58
111 59 58
111 121 120
60 111 120
59 111 60
37 39 38
95 37 36
95 41 40
39 95 40
95 39 37
95 36 35
97 95 35
96 95 97
95 96 41
161 154 155
154 5 4
161 5 154
6 5 161
162 9 8
7 6 161
162 7 161
7 162 8
9 163 10
162 163 9
163 11 10
16 158 17
18 158 148
158 18 17
11 164 12
164 11 163
164 13 12
13 164 15
164 16 15
164 158 16
150 160 149
160 159 149
140 150 149
140 149 139
116 107 108
107 116 115
140 151 150
151 140 141
116 125 115
125 116 126
134 125 135
125 134 124
136 125 126
125 136 135
127 136 126
136 127 137
127 138 137
138 127 128
160 166 159
166 165 159
142 151 141
151 142 152
142 153 152
153 142 143
131 142 141
142 131 132
140 130 141
130 131 141
114 125 124
125 114 115
114 123 113
123 114 124
114 107 115
114 106 107
107 101 108
101 102 108
102 103 108
108 103 109
123 122 113
122 112 113
105 114 113
114 105 106
170 172 171
169 170 171
166 167 165
167 166 168
167 170 169
170 167 168
133 142 132
142 133 143
133 122 123
122 133 132
133 123 124
134 133 124
143 133 144
133 134 144
117 116 108
117 108 109
110 117 109
117 110 118
116 117 126
117 127 126
127 117 128
117 118 128
130 129 120
120 129 119
129 140 139
129 130 140
103 104 109
104 110 109
99 104 103
104 99 100
130 121 131
121 130 120
131 121 132
121 122 132
33 37 38
25 33 24
22 33 21
33 31 32
33 23 24
33 34 35
33 25 26
33 22 23
154 153 143
154 143 144
98 103 102
98 99 103
122 111 112
121 111 122
145 154 144
154 145 155
145 134 135
134 145 144
136 145 135
146 145 136
145 156 155
156 145 146
156 162 155
162 161 155
163 162 156
157 163 156
147 136 137
147 146 136
138 147 137
147 138 148
147 156 146
147 157 156
158 147 148
147 158 157
164 163 157
158 164 157
L 87.959,56.181,-3.079;88.458,56.211,-3.056;88.957,56.240,-3.057;89.457,56.270,-2.960;89.956,56.300,-2.873;90.455,56.329,-2.823;90.954,56.359,-2.728;91.453,56.389,-2.604;91.952,56.419,-2.466;92.451,56.448,-2.330;92.951,56.478,-2.180;93.450,56.508,-2.026;93.949,56.538,-1.869;94.448,56.567,-1.712;94.947,56.597,-1.561;94.980,56.047,-1.811;95.012,55.498,-2.061;95.042,54.999,-2.293;95.051,54.849,-2.363;95.089,54.200,-2.664;95.095,54.101,-2.710;95.125,53.602,-2.923;95.154,53.099,-3.123;95.183,52.596,-3.328;95.212,52.093,-3.467;95.241,51.590,-3.588;95.270,51.086,-3.710;95.299,50.583,-3.798;95.328,50.080,-3.879;95.357,49.577,-3.962;95.385,49.074,-4.042;95.414,48.571,-4.096;95.443,48.068,-4.149;95.472,47.565,-4.173;95.501,47.061,-4.193;95.530,46.558,-4.241;95.559,46.055,-4.232;95.588,45.552,-4.218;95.617,45.049,-4.229;95.201,45.332,-4.201;94.784,45.614,-4.164;94.368,45.897,-4.091;93.951,46.179,-4.018;93.535,46.462,-3.945;93.118,46.744,-3.832;92.702,47.027,-3.714;92.285,47.309,-3.643;91.869,47.592,-3.577;91.452,47.874,-3.489;91.036,48.157,-3.393;90.619,48.439,-3.303;90.203,48.722,-3.209;89.746,48.975,-3.092;89.290,49.228,-2.976;88.833,49.481,-2.850;88.377,49.734,-2.711;87.920,49.987,-2.575;87.464,50.240,-2.482;87.007,50.494,-2.382;86.550,50.747,-2.283;86.094,51.000,-2.183;85.637,51.253,-2.113;85.181,51.506,-2.043;84.724,51.759,-1.972;84.693,52.278,-2.108;84.661,52.798,-2.220;84.630,53.317,-2.309;84.599,53.836,-2.399;84.567,54.355,-2.458;84.536,54.875,-2.502;84.505,55.394,-2.546;84.473,55.913,-2.586;84.442,56.433,-2.623;84.410,56.952,-2.661;84.379,57.471,-2.680;84.348,57.991,-2.698;84.316,58.510,-2.718;84.285,59.029,-2.707;84.254,59.548,-2.690;84.222,60.068,-2.665;84.191,60.587,-2.593;84.690,60.617,-2.614;85.189,60.646,-2.586;85.689,60.676,-2.475;86.188,60.705,-2.300;86.687,60.735,-2.041;86.717,60.222,-2.261;86.748,59.710,-2.406;86.778,59.197,-2.504;86.809,58.684,-2.704;86.839,58.172,-2.863;86.870,57.659,-2.957;86.900,57.146,-3.003;86.931,56.634,-3.065;86.961,56.121,-3.127
G BAHCE-33_P117-B29 173 257
86.961 56.121 -3.177
87.959 56.181 -3.129
88.458 56.211 -3.106
88.957 56.240 -3.107
89.457 56.270 -3.010
89.956 56.300 -2.923
90.455 56.329 -2.873
90.954 56.359 -2.778
91.453 56.389 -2.654
91.952 56.419 -2.516
92.451 56.448 -2.380
92.951 56.478 -2.230
93.450 56.508 -2.076
93.949 56.538 -1.919
94.448 56.567 -1.762
94.947 56.597 -1.611
94.980 56.047 -1.861
95.012 55.498 -2.111
95.042 54.999 -2.343
95.051 54.849 -2.413
95.089 54.200 -2.714
95.095 54.101 -2.760
95.125 53.602 -2.973
95.154 53.099 -3.173
95.183 52.596 -3.378
95.212 52.093 -3.517
95.241 51.590 -3.638
95.270 51.086 -3.760
95.299 50.583 -3.848
95.328 50.080 -3.929
95.357 49.577 -4.012
95.385 49.074 -4.092
95.414 48.571 -4.146
95.443 48.068 -4.199
95.472 47.565 -4.223
95.501 47.061 -4.243
95.530 46.558 -4.291
95.559 46.055 -4.282
95.588 45.552 -4.268
95.617 45.049 -4.279
95.201 45.332 -4.251
94.784 45.614 -4.214
94.368 45.897 -4.141
93.951 46.179 -4.068
93.535 46.462 -3.995
93.118 46.744 -3.882
92.702 47.027 -3.764
92.285 47.309 -3.693
91.869 47.592 -3.627
91.452 47.874 -3.539
91.036 48.157 -3.443
90.619 48.439 -3.353
90.203 48.722 -3.259
89.746 48.975 -3.142
89.290 49.228 -3.026
88.833 49.481 -2.900
88.377 49.734 -2.761
87.920 49.987 -2.625
87.464 50.240 -2.532
87.007 50.494 -2.432
86.550 50.747 -2.333
86.094 51.000 -2.233
85.637 51.253 -2.163
85.181 51.506 -2.093
84.724 51.759 -2.022
84.693 52.278 -2.158
84.661 52.798 -2.270
84.630 53.317 -2.359
84.599 53.836 -2.449
84.567 54.355 -2.508
84.536 54.875 -2.552
84.505 55.394 -2.596
84.473 55.913 -2.636
84.442 56.433 -2.673
84.410 56.952 -2.711
84.379 57.471 -2.730
84.348 57.991 -2.748
84.316 58.510 -2.768
84.285 59.029 -2.757
84.254 59.548 -2.740
84.222 60.068 -2.715
84.191 60.587 -2.643
84.690 60.617 -2.664
85.189 60.646 -2.636
85.689 60.676 -2.525
86.188 60.705 -2.350
86.687 60.735 -2.091
86.717 60.222 -2.311
86.748 59.710 -2.456
86.778 59.197 -2.554
86.809 58.684 -2.754
86.839 58.172 -2.913
86.870 57.659 -3.007
86.900 57.146 -3.053
86.931 56.634 -3.115
95.191 46.049 -4.275
94.191 47.049 -4.130
95.191 47.049 -4.256
92.191 48.049 -3.742
93.191 48.049 -3.939
94.191 48.049 -4.097
91.191 49.049 -3.536
92.191 49.049 -3.781
93.191 49.049 -3.932
94.191 49.049 -4.019
89.191 50.049 -3.060
90.191 50.049 -3.347
91.191 50.049 -3.583
92.191 50.049 -3.760
93.191 50.049 -3.880
94.191 50.049 -3.918
87.191 51.049 -2.571
88.191 51.049 -2.858
89.191 51.049 -3.124
90.191 51.049 -3.368
91.191 51.049 -3.563
92.191 51.049 -3.726
93.191 51.049 -3.818
94.191 51.049 -3.825
85.191 52.049 -2.249
86.191 52.049 -2.547
87.191 52.049 -2.798
88.191 52.049 -3.066
89.191 52.049 -3.260
90.191 52.049 -3.429
91.191 52.049 -3.561
92.191 52.049 -3.690
93.191 52.049 -3.699
94.191 52.049 -3.656
85.191 53.049 -2.486
86.191 53.049 -2.784
87.191 53.049 -3.015
88.191 53.049 -3.168
89.191 53.049 -3.342
90.191 53.049 -3.461
91.191 53.049 -3.566
92.191 53.049 -3.532
93.191 53.049 -3.462
94.191 53.049 -3.370
85.191 54.049 -2.675
86.191 54.049 -2.969
87.191 54.049 -3.159
88.191 54.049 -3.293
89.191 54.049 -3.400
90.191 54.049 -3.451
91.191 54.049 -3.421
92.191 54.049 -3.348
93.191 54.049 -3.189
94.191 54.049 -2.987
85.191 55.049 -2.779
86.191 55.049 -3.073
87.191 55.049 -3.207
88.191 55.049 -3.252
89.191 55.049 -3.322
90.191 55.049 -3.277
91.191 55.049 -3.130
92.191 55.049 -2.997
93.191 55.049 -2.762
94.191 55.049 -2.548
85.191 56.049 -2.871
86.191 56.049 -3.100
91.191 56.049 -2.844
92.191 56.049 -2.613
93.191 56.049 -2.357
94.191 56.049 -2.074
85.191 57.049 -2.887
86.191 57.049 -3.063
85.191 58.049 -2.899
86.191 58.049 -2.980
85.191 59.049 -2.764
86.191 59.049 -2.776
85.191 60.049 -2.709
86.191 60.049 -2.583
159 165 73
68 67 139
72 159 73
69 68 139
149 69 139
70 69 149
160 150 0
79 169 171
148 138 22
94 160 0
1 152 2
150 151 0
151 1 0
1 151 152
119 65 64
63 119 64
119 63 62
120 119 62
52 106 53
106 54 53
159 71 149
72 71 159
71 70 149
80 79 171
84 83 171
85 87 86
172 84 171
87 172 88
172 85 84
85 172 87
168 91 90
91 168 92
169 78 77
78 169 79
165 74 73
75 74 165
118 110 28
27 118 28
32 100 33
24 138 128
25 24 128
94 166 160
168 166 92
3 153 4
152 153 2
153 3 2
166 93 92
93 166 94
101 52 51
50 101 51
106 101 107
101 106 52
101 50 49
112 57 56
61 120 62
54 105 55
105 54 106
55 105 56
112 105 113
105 112 56
80 82 81
82 80 171
83 82 171
170 168 90
89 170 90
170 89 88
172 170 88
167 76 75
167 75 165
76 167 77
167 169 77
35 97 36
110 29 28
29 110 30
118 26 128
27 26 118
26 25 128
96 97 100
44 96 45
96 44 43
42 96 43
21 148 22
21 20 148
20 19 148
14 16 15
138 23 22
24 23 138
65 129 66
129 65 119
129 67 66
67 129 139
104 32 31
32 104 100
104 31 30
110 104 30
46 99 47
99 46 45
99 96 100
96 99 45
58 57 112
35 34 97
100 34 33
97 34 100
154 5 4
153 154 4
98 48 47
99 98 47
48 98 49
101 98 102
98 101 49
111 58 112
58 111 59
111 60 59
111 121 120
61 111 120
60 111 61
38 40 39
95 38 37
95 42 41
40 95 41
95 40 38
95 37 36
97 95 36
96 95 97
95 96 42
161 154 155
154 6 5
161 6 154
7 6 161
162 10 9
8 7 161
162 8 161
8 162 9
10 163 11
162 163 10
163 12 11
17 158 18
19 158 148
158 19 18
12 164 13
164 12 163
164 14 13
14 164 16
164 17 16
164 158 17
150 160 149
160 159 149
140 150 149
140 149 139
116 107 108
107 116 115
140 151 150
151 140 141
116 125 115
125 116 126
134 125 135
125 134 124
136 125 126
125 136 135
127 136 126
136 127 137
127 138 137
138 127 128
160 166 159
166 165 159
142 151 141
151 142 152
142 153 152
153 142 143
131 142 141
142 131 132
140 130 141
130 131 141
114 125 124
125 114 115
114 123 113
123 114 124
114 107 115
114 106 107
107 101 108
101 102 108
102 103 108
108 103 109
123 122 113
122 112 113
105 114 113
114 105 106
170 172 171
169 170 171
166 167 165
167 166 168
167 170 169
170 167 168
133 142 132
142 133 143
133 122 123
122 133 132
133 123 124
134 133 124
143 133 144
133 134 144
117 116 108
117 108 109
110 117 109
117 110 118
116 117 126
117 127 126
127 117 128
117 118 128
130 129 120
120 129 119
129 140 139
129 130 140
103 104 109
104 110 109
99 104 103
104 99 100
130 121 131
121 130 120
131 121 132
121 122 132
34 38 39
26 34 25
23 34 22
34 32 33
34 24 25
34 35 36
34 26 27
34 23 24
154 153 143
154 143 144
98 103 102
98 99 103
122 111 112
121 111 122
145 154 144
154 145 155
145 134 135
134 145 144
136 145 135
146 145 136
145 156 155
156 145 146
156 162 155
162 161 155
163 162 156
157 163 156
147 136 137
147 146 136
138 147 137
147 138 148
147 156 146
147 157 156
158 147 148
147 158 157
164 163 157
158 164 157
L 86.961,56.121,-3.127;87.959,56.181,-3.079;88.458,56.211,-3.056;88.957,56.240,-3.057;89.457,56.270,-2.960;89.956,56.300,-2.873;90.455,56.329,-2.823;90.954,56.359,-2.728;91.453,56.389,-2.604;91.952,56.419,-2.466;92.451,56.448,-2.330;92.951,56.478,-2.180;93.450,56.508,-2.026;93.949,56.538,-1.869;94.448,56.567,-1.712;94.947,56.597,-1.561;94.980,56.047,-1.811;95.012,55.498,-2.061;95.042,54.999,-2.293;95.051,54.849,-2.363;95.089,54.200,-2.664;95.095,54.101,-2.710;95.125,53.602,-2.923;95.154,53.099,-3.123;95.183,52.596,-3.328;95.212,52.093,-3.467;95.241,51.590,-3.588;95.270,51.086,-3.710;95.299,50.583,-3.798;95.328,50.080,-3.879;95.357,49.577,-3.962;95.385,49.074,-4.042;95.414,48.571,-4.096;95.443,48.068,-4.149;95.472,47.565,-4.173;95.501,47.061,-4.193;95.530,46.558,-4.241;95.559,46.055,-4.232;95.588,45.552,-4.218;95.617,45.049,-4.229;95.201,45.332,-4.201;94.784,45.614,-4.164;94.368,45.897,-4.091;93.951,46.179,-4.018;93.535,46.462,-3.945;93.118,46.744,-3.832;92.702,47.027,-3.714;92.285,47.309,-3.643;91.869,47.592,-3.577;91.452,47.874,-3.489;91.036,48.157,-3.393;90.619,48.439,-3.303;90.203,48.722,-3.209;89.746,48.975,-3.092;89.290,49.228,-2.976;88.833,49.481,-2.850;88.377,49.734,-2.711;87.920,49.987,-2.575;87.464,50.240,-2.482;87.007,50.494,-2.382;86.550,50.747,-2.283;86.094,51.000,-2.183;85.637,51.253,-2.113;85.181,51.506,-2.043;84.724,51.759,-1.972;84.693,52.278,-2.108;84.661,52.798,-2.220;84.630,53.317,-2.309;84.599,53.836,-2.399;84.567,54.355,-2.458;84.536,54.875,-2.502;84.505,55.394,-2.546;84.473,55.913,-2.586;84.442,56.433,-2.623;84.410,56.952,-2.661;84.379,57.471,-2.680;84.348,57.991,-2.698;84.316,58.510,-2.718;84.285,59.029,-2.707;84.254,59.548,-2.690;84.222,60.068,-2.665;84.191,60.587,-2.593;84.690,60.617,-2.614;85.189,60.646,-2.586;85.689,60.676,-2.475;86.188,60.705,-2.300;86.687,60.735,-2.041;86.717,60.222,-2.261;86.748,59.710,-2.406;86.778,59.197,-2.504;86.809,58.684,-2.704;86.839,58.172,-2.863;86.870,57.659,-2.957;86.900,57.146,-3.003;86.931,56.634,-3.065
