196 106 -10.0 5.0 1.0
10.310 10.084 9.857 9.631 9.404 9.177 8.950 8.723 8.496 8.269 8.042 7.843 7.666 7.498 7.330 7.163 6.996 6.828 6.661 6.519 6.398 6.315 6.226 6.100 5.974 5.848 5.721 5.595 5.469 5.339 5.208 5.077 4.946 4.815 4.684 4.578 4.492 4.356 4.211 4.061 3.910 3.759 3.608 3.458 3.307 3.292 3.294 3.295 3.296 3.297 3.299 3.298 3.296 3.297 3.298 3.298 3.299 3.300 3.301 3.299 3.296 3.238 3.173 3.108 3.043 2.978 2.913 2.843 2.770 2.860 2.968 3.077 3.186 3.295 3.403 3.515 3.630 3.536 3.419 3.302 3.185 3.068 2.951 2.835 2.718 2.588 2.457 2.326 2.194 2.063 1.932 1.801 1.670 1.516 1.359 1.202 1.046 0.889 0.732 0.561 0.378 0.204 0.032 -0.140 -0.312 -0.485 -0.657 -0.804 -0.932 -1.045 -1.141 -1.186 -1.231 -1.276 -1.320 -1.365 -1.410 -1.454 -1.492 -1.514 -1.536 -1.558 -1.580 -1.602 -1.624 -1.656 -1.688 -1.720 -1.753 -1.785 -1.818 -1.965 -2.203 -2.248 -2.307 -2.490 -2.673 -2.856 -3.040 -3.223 -3.406 -3.429 -3.435 -3.440 -3.445 -3.450 -3.456 -3.459 -3.462 -3.468 -3.474 -3.480 -3.486 -3.492 -3.498 -3.503 -3.506 -3.512 -3.519 -3.528 -3.536 -3.545 -3.553 -3.562 -3.571 -3.587 -3.604 -3.621 -3.637 -3.654 -3.671 -3.689 -3.709 -3.725 -3.741 -3.758 -3.774 -3.790 -3.806 -3.907 -4.072 -4.094 -4.130 -4.271 -4.411 -4.552 -4.693 -4.833 -4.974 -5.000 -5.014 -5.028 -5.041 -5.055 -5.069 -5.079
10.217 9.991 9.764 9.538 9.311 9.084 8.857 8.630 8.403 8.176 7.977 7.800 7.624 7.455 7.288 7.120 6.953 6.786 6.644 6.522 6.401 6.318 6.240 6.151 6.025 5.899 5.773 5.646 5.520 5.390 5.259 5.128 4.997 4.866 4.760 4.674 4.588 4.452 4.310 4.165 4.014 3.864 3.713 3.562 3.411 3.397 3.398 3.400 3.401 3.402 3.402 3.400 3.398 3.398 3.399 3.400 3.401 3.401 3.400 3.397 3.394 3.336 3.271 3.206 3.141 3.076 3.006 2.933 2.859 2.949 3.058 3.167 3.275 3.384 3.496 3.610 3.725 3.631 3.514 3.397 3.280 3.163 3.046 2.929 2.812 2.683 2.551 2.420 2.289 2.158 2.027 1.896 1.764 1.610 1.454 1.297 1.140 0.983 0.812 0.629 0.446 0.273 0.101 -0.072 -0.244 -0.416 -0.563 -0.691 -0.819 -0.932 -1.044 -1.140 -1.185 -1.230 -1.274 -1.319 -1.364 -1.408 -1.451 -1.490 -1.512 -1.534 -1.556 -1.578 -1.600 -1.631 -1.664 -1.696 -1.729 -1.761 -1.909 -2.146 -2.384 -2.428 -2.451 -2.510 -2.694 -2.877 -3.060 -3.243 -3.426 -3.450 -3.455 -3.460 -3.465 -3.471 -3.474 -3.477 -3.480 -3.485 -3.492 -3.498 -3.504 -3.510 -3.514 -3.517 -3.520 -3.526 -3.533 -3.540 -3.549 -3.557 -3.566 -3.574 -3.583 -3.599 -3.616 -3.633 -3.650 -3.667 -3.685 -3.704 -3.723 -3.740 -3.756 -3.772 -3.789 -3.805 -3.905 -4.070 -4.236 -4.257 -4.263 -4.299 -4.440 -4.580 -4.721 -4.862 -5.002 -5.029 -5.042 -5.056 -5.070 -5.083 -5.094 -5.101
10.124 9.898 9.671 9.445 9.218 8.991 8.764 8.537 8.310 8.111 7.934 7.758 7.581 7.413 7.245 7.078 6.910 6.769 6.647 6.526 6.404 6.321 6.243 6.165 6.076 5.950 5.824 5.698 5.571 5.441 5.310 5.179 5.048 4.942 4.856 4.771 4.685 4.548 4.406 4.263 4.119 3.968 3.818 3.667 3.516 3.502 3.503 3.504 3.505 3.505 3.503 3.501 3.499 3.500 3.501 3.501 3.502 3.501 3.498 3.495 3.492 3.434 3.369 3.304 3.239 3.169 3.095 3.022 2.949 3.039 3.147 3.256 3.365 3.477 3.591 3.705 3.820 3.726 3.609 3.492 3.374 3.258 3.141 3.024 2.907 2.777 2.646 2.515 2.383 2.252 2.121 1.990 1.859 1.705 1.548 1.391 1.235 1.063 0.880 0.697 0.514 0.341 0.169 -0.003 -0.176 -0.323 -0.450 -0.578 -0.706 -0.819 -0.931 -1.042 -1.139 -1.184 -1.228 -1.273 -1.318 -1.362 -1.405 -1.449 -1.488 -1.510 -1.532 -1.554 -1.576 -1.607 -1.640 -1.672 -1.704 -1.852 -2.090 -2.327 -2.565 -2.609 -2.632 -2.654 -2.714 -2.897 -3.080 -3.263 -3.446 -3.470 -3.475 -3.480 -3.486 -3.489 -3.492 -3.495 -3.497 -3.503 -3.509 -3.515 -3.521 -3.526 -3.529 -3.532 -3.535 -3.541 -3.547 -3.554 -3.561 -3.570 -3.578 -3.587 -3.595 -3.612 -3.628 -3.645 -3.662 -3.680 -3.700 -3.719 -3.738 -3.755 -3.771 -3.787 -3.803 -3.904 -4.069 -4.234 -4.400 -4.421 -4.426 -4.432 -4.468 -4.609 -4.749 -4.890 -5.031 -5.057 -5.071 -5.084 -5.098 -5.108 -5.116 -5.124
10.004 9.805 9.578 9.352 9.125 8.898 8.671 8.444 8.245 8.069 7.892 7.715 7.538 7.370 7.203 7.035 6.894 6.772 6.650 6.529 6.407 6.325 6.246 6.168 6.090 6.001 5.875 5.749 5.623 5.492 5.361 5.230 5.124 5.039 4.953 4.867 4.781 4.644 4.502 4.360 4.217 4.073 3.922 3.771 3.621 3.606 3.608 3.609 3.608 3.606 3.605 3.603 3.601 3.601 3.602 3.603 3.601 3.599 3.596 3.593 3.590 3.531 3.466 3.401 3.332 3.258 3.185 3.112 3.038 3.128 3.237 3.346 3.458 3.572 3.686 3.800 3.915 3.821 3.704 3.587 3.469 3.352 3.235 3.118 3.002 2.872 2.741 2.609 2.478 2.347 2.216 2.085 1.953 1.799 1.643 1.486 1.314 1.131 0.949 0.766 0.583 0.410 0.237 0.065 -0.082 -0.210 -0.337 -0.465 -0.593 -0.706 -0.818 -0.929 -1.041 -1.138 -1.182 -1.227 -1.272 -1.316 -1.359 -1.403 -1.447 -1.486 -1.508 -1.530 -1.552 -1.583 -1.615 -1.648 -1.796 -2.033 -2.271 -2.508 -2.746 -2.790 -2.813 -2.835 -2.858 -2.917 -3.100 -3.283 -3.467 -3.490 -3.495 -3.501 -3.504 -3.507 -3.510 -3.512 -3.515 -3.521 -3.527 -3.533 -3.537 -3.540 -3.543 -3.546 -3.549 -3.555 -3.562 -3.568 -3.575 -3.582 -3.591 -3.599 -3.608 -3.624 -3.641 -3.658 -3.676 -3.695 -3.714 -3.734 -3.753 -3.769 -3.786 -3.802 -3.902 -4.067 -4.233 -4.398 -4.564 -4.585 -4.590 -4.595 -4.601 -4.637 -4.778 -4.918 -5.059 -5.086 -5.099 -5.113 -5.123 -5.131 -5.138 -5.146
9.874 9.684 9.485 9.259 9.032 8.805 8.578 8.379 8.203 8.026 7.849 7.672 7.496 7.327 7.160 7.018 6.897 6.775 6.653 6.532 6.410 6.328 6.250 6.171 6.093 6.015 5.926 5.800 5.674 5.543 5.412 5.307 5.221 5.135 5.049 4.963 4.877 4.741 4.598 4.456 4.314 4.171 4.027 3.876 3.725 3.711 3.712 3.712 3.710 3.708 3.706 3.704 3.702 3.703 3.704 3.702 3.699 3.696 3.694 3.691 3.688 3.629 3.564 3.495 3.421 3.348 3.274 3.201 3.128 3.218 3.326 3.438 3.553 3.667 3.781 3.895 4.010 3.916 3.799 3.682 3.564 3.447 3.330 3.213 3.096 2.966 2.835 2.704 2.573 2.441 2.310 2.179 2.048 1.894 1.737 1.566 1.383 1.200 1.017 0.834 0.651 0.478 0.306 0.159 0.031 -0.097 -0.224 -0.352 -0.480 -0.593 -0.705 -0.816 -0.928 -1.040 -1.136 -1.181 -1.226 -1.270 -1.313 -1.357 -1.401 -1.445 -1.483 -1.505 -1.527 -1.559 -1.591 -1.739 -1.976 -2.214 -2.451 -2.689 -2.926 -2.971 -2.994 -3.016 -3.039 -3.061 -3.121 -3.304 -3.487 -3.510 -3.516 -3.519 -3.522 -3.525 -3.527 -3.530 -3.533 -3.538 -3.544 -3.549 -3.552 -3.555 -3.558 -3.561 -3.564 -3.570 -3.576 -3.583 -3.589 -3.596 -3.603 -3.612 -3.620 -3.636 -3.653 -3.671 -3.691 -3.710 -3.729 -3.748 -3.768 -3.784 -3.800 -3.901 -4.066 -4.231 -4.397 -4.562 -4.727 -4.749 -4.754 -4.759 -4.764 -4.770 -4.806 -4.947 -5.087 -5.114 -5.128 -5.138 -5.145 -5.153 -5.161 -5.168
9.745 9.555 9.365 9.166 8.939 8.712 8.514 8.337 8.160 7.983 7.807 7.630 7.453 7.285 7.143 7.021 6.900 6.778 6.657 6.535 6.413 6.331 6.253 6.175 6.096 6.018 5.940 5.851 5.725 5.594 5.489 5.403 5.317 5.231 5.145 5.059 4.973 4.837 4.695 4.552 4.410 4.267 4.125 3.981 3.830 3.816 3.815 3.813 3.811 3.809 3.808 3.806 3.804 3.804 3.803 3.800 3.797 3.794 3.791 3.789 3.786 3.727 3.657 3.584 3.511 3.437 3.364 3.291 3.217 3.307 3.419 3.533 3.648 3.762 3.876 3.990 4.105 4.011 3.894 3.777 3.659 3.542 3.425 3.308 3.191 3.061 2.930 2.799 2.667 2.536 2.405 2.274 2.142 1.988 1.817 1.634 1.451 1.268 1.085 0.902 0.720 0.546 0.399 0.272 0.144 0.016 -0.111 -0.239 -0.367 -0.480 -0.592 -0.703 -0.815 -0.927 -1.039 -1.135 -1.180 -1.224 -1.267 -1.311 -1.355 -1.399 -1.442 -1.481 -1.503 -1.534 -1.682 -1.920 -2.157 -2.395 -2.632 -2.870 -3.107 -3.152 -3.174 -3.197 -3.219 -3.242 -3.264 -3.324 -3.507 -3.531 -3.534 -3.537 -3.540 -3.542 -3.545 -3.548 -3.550 -3.556 -3.560 -3.563 -3.566 -3.569 -3.572 -3.575 -3.578 -3.584 -3.591 -3.597 -3.604 -3.610 -3.617 -3.624 -3.633 -3.649 -3.667 -3.686 -3.705 -3.725 -3.744 -3.763 -3.782 -3.799 -3.899 -4.064 -4.230 -4.395 -4.561 -4.726 -4.891 -4.913 -4.918 -4.923 -4.928 -4.933 -4.939 -4.975 -5.116 -5.142 -5.153 -5.160 -5.168 -5.175 -5.183 -5.191
9.616 9.426 9.235 9.045 8.846 8.648 8.471 8.294 8.117 7.941 7.764 7.587 7.410 7.268 7.146 7.025 6.903 6.781 6.660 6.538 6.416 6.334 6.256 6.178 6.100 6.021 5.943 5.865 5.776 5.671 5.585 5.499 5.413 5.327 5.241 5.156 5.070 4.933 4.791 4.648 4.506 4.364 4.221 4.079 3.935 3.918 3.917 3.915 3.913 3.911 3.909 3.907 3.905 3.904 3.901 3.898 3.895 3.892 3.889 3.886 3.884 3.820 3.747 3.674 3.600 3.527 3.453 3.380 3.307 3.400 3.514 3.628 3.743 3.857 3.971 4.085 4.200 4.106 3.989 3.872 3.754 3.637 3.520 3.403 3.285 3.156 3.024 2.893 2.762 2.631 2.499 2.368 2.237 2.068 1.885 1.702 1.519 1.337 1.154 0.971 0.788 0.640 0.512 0.385 0.257 0.129 0.002 -0.126 -0.254 -0.367 -0.479 -0.590 -0.702 -0.814 -0.926 -1.037 -1.134 -1.178 -1.221 -1.265 -1.309 -1.353 -1.396 -1.440 -1.479 -1.626 -1.863 -2.101 -2.338 -2.576 -2.813 -3.051 -3.288 -3.333 -3.355 -3.378 -3.400 -3.423 -3.445 -3.468 -3.527 -3.549 -3.552 -3.555 -3.557 -3.560 -3.563 -3.565 -3.568 -3.572 -3.575 -3.578 -3.581 -3.584 -3.587 -3.590 -3.593 -3.599 -3.605 -3.612 -3.618 -3.625 -3.631 -3.638 -3.645 -3.662 -3.682 -3.701 -3.720 -3.739 -3.759 -3.778 -3.797 -3.898 -4.063 -4.228 -4.394 -4.559 -4.724 -4.890 -5.055 -5.077 -5.082 -5.087 -5.092 -5.097 -5.102 -5.108 -5.144 -5.167 -5.175 -5.183 -5.190 -5.198 -5.205 -5.213
9.493 9.303 9.113 8.922 8.754 8.596 8.420 8.243 8.066 7.889 7.713 7.536 7.359 7.270 7.149 7.027 6.905 6.784 6.662 6.541 6.419 6.336 6.258 6.180 6.102 6.024 5.946 5.868 5.818 5.738 5.652 5.566 5.480 5.395 5.309 5.223 5.162 5.030 4.888 4.746 4.603 4.461 4.319 4.176 4.084 4.030 4.017 4.016 4.014 4.012 4.010 4.008 4.006 4.004 4.001 3.998 3.995 3.992 3.989 3.986 3.917 3.840 3.767 3.694 3.620 3.547 3.474 3.400 3.323 3.330 3.444 3.558 3.672 3.787 3.901 4.015 4.115 3.998 3.881 3.763 3.646 3.529 3.412 3.294 3.241 3.222 3.114 2.982 2.851 2.720 2.589 2.457 2.326 2.159 1.976 1.793 1.610 1.428 1.245 1.062 0.881 0.714 0.587 0.459 0.331 0.204 0.076 -0.051 -0.179 -0.296 -0.408 -0.519 -0.631 -0.743 -0.855 -0.966 -1.078 -1.129 -1.173 -1.216 -1.260 -1.304 -1.348 -1.391 -1.579 -1.692 -1.930 -2.167 -2.405 -2.642 -2.880 -3.117 -3.355 -3.399 -3.422 -3.444 -3.467 -3.489 -3.512 -3.534 -3.564 -3.568 -3.571 -3.574 -3.576 -3.579 -3.581 -3.584 -3.587 -3.588 -3.591 -3.594 -3.597 -3.600 -3.603 -3.606 -3.609 -3.615 -3.621 -3.628 -3.634 -3.641 -3.647 -3.654 -3.659 -3.794 -3.813 -3.832 -3.851 -3.871 -3.890 -3.909 -3.928 -4.079 -4.244 -4.410 -4.575 -4.740 -4.906 -5.071 -5.146 -5.152 -5.157 -5.162 -5.167 -5.172 -5.177 -5.182 -5.187 -5.190 -5.198 -5.205 -5.213 -5.221 -5.228 -5.236
9.373 9.183 8.993 8.825 8.674 8.522 8.364 8.187 8.010 7.834 7.657 7.480 7.303 7.228 7.151 7.029 6.908 6.786 6.664 6.543 6.421 6.338 6.260 6.182 6.104 6.026 5.948 5.898 5.871 5.791 5.705 5.619 5.533 5.447 5.361 5.301 5.260 5.128 4.986 4.844 4.701 4.559 4.416 4.324 4.270 4.217 4.163 4.116 4.114 4.112 4.111 4.109 4.107 4.105 4.102 4.099 4.096 4.093 4.090 4.016 3.902 3.826 3.752 3.679 3.606 3.532 3.459 3.386 3.301 3.214 3.291 3.405 3.520 3.634 3.748 3.862 3.905 3.788 3.671 3.553 3.436 3.319 3.202 3.163 3.143 3.123 3.104 3.069 2.938 2.806 2.675 2.544 2.413 2.261 2.078 1.895 1.713 1.530 1.347 1.167 0.988 0.809 0.642 0.514 0.387 0.259 0.131 0.004 -0.124 -0.242 -0.357 -0.469 -0.581 -0.693 -0.804 -0.916 -1.028 -1.079 -1.122 -1.166 -1.210 -1.254 -1.297 -1.485 -1.784 -1.852 -1.939 -2.176 -2.414 -2.651 -2.889 -3.126 -3.364 -3.409 -3.431 -3.454 -3.476 -3.499 -3.521 -3.550 -3.585 -3.589 -3.590 -3.593 -3.596 -3.598 -3.601 -3.603 -3.606 -3.606 -3.607 -3.610 -3.613 -3.616 -3.619 -3.622 -3.625 -3.631 -3.637 -3.644 -3.650 -3.657 -3.663 -3.669 -3.673 -3.848 -4.003 -4.022 -4.041 -4.061 -4.080 -4.099 -4.118 -4.269 -4.434 -4.599 -4.765 -4.930 -5.096 -5.171 -5.177 -5.182 -5.187 -5.192 -5.197 -5.202 -5.207 -5.212 -5.216 -5.218 -5.221 -5.228 -5.236 -5.243 -5.251 -5.259
9.254 9.063 8.895 8.744 8.593 8.441 8.289 8.131 7.955 7.778 7.601 7.424 7.248 7.172 7.108 7.031 6.910 6.788 6.666 6.545 6.423 6.341 6.262 6.184 6.106 6.028 5.978 5.951 5.923 5.844 5.758 5.672 5.586 5.500 5.440 5.399 5.358 5.226 5.084 4.941 4.799 4.657 4.564 4.511 4.457 4.403 4.350 4.296 4.242 4.213 4.211 4.209 4.207 4.206 4.203 4.200 4.197 4.194 4.114 4.000 3.886 3.811 3.738 3.665 3.591 3.518 3.444 3.365 3.279 3.192 3.138 3.252 3.367 3.481 3.595 3.709 3.695 3.578 3.460 3.343 3.226 3.109 3.084 3.064 3.045 3.025 3.005 2.985 2.966 2.893 2.762 2.630 2.499 2.363 2.181 1.998 1.815 1.632 1.452 1.273 1.094 0.915 0.737 0.570 0.442 0.314 0.187 0.059 -0.069 -0.187 -0.303 -0.419 -0.531 -0.643 -0.754 -0.866 -0.978 -1.029 -1.072 -1.116 -1.160 -1.204 -1.391 -1.690 -1.988 -2.057 -2.099 -2.186 -2.423 -2.661 -2.898 -3.136 -3.373 -3.418 -3.440 -3.463 -3.485 -3.508 -3.537 -3.572 -3.606 -3.610 -3.611 -3.612 -3.615 -3.618 -3.620 -3.623 -3.625 -3.626 -3.625 -3.626 -3.629 -3.632 -3.635 -3.638 -3.641 -3.647 -3.654 -3.660 -3.667 -3.673 -3.678 -3.682 -3.687 -3.862 -4.057 -4.212 -4.231 -4.250 -4.270 -4.289 -4.308 -4.459 -4.624 -4.789 -4.955 -5.120 -5.195 -5.201 -5.207 -5.212 -5.217 -5.222 -5.227 -5.232 -5.237 -5.241 -5.245 -5.246 -5.248 -5.251 -5.259 -5.266 -5.274 -5.282
9.134 8.966 8.815 8.664 8.513 8.361 8.209 8.057 7.899 7.722 7.545 7.369 7.192 7.116 7.053 6.989 6.912 6.790 6.669 6.547 6.425 6.343 6.265 6.186 6.108 6.059 6.031 6.004 5.976 5.896 5.810 5.725 5.639 5.578 5.538 5.497 5.456 5.324 5.182 5.039 4.897 4.805 4.751 4.697 4.643 4.590 4.536 4.482 4.429 4.375 4.321 4.310 4.308 4.306 4.304 4.301 4.298 4.212 4.098 3.985 3.871 3.797 3.723 3.650 3.577 3.503 3.429 3.343 3.257 3.170 3.084 3.100 3.214 3.328 3.442 3.557 3.485 3.368 3.250 3.133 3.025 3.005 2.986 2.966 2.946 2.926 2.907 2.887 2.867 2.847 2.828 2.717 2.586 2.454 2.283 2.100 1.917 1.737 1.558 1.380 1.201 1.022 0.843 0.664 0.497 0.370 0.242 0.114 -0.013 -0.131 -0.248 -0.365 -0.481 -0.592 -0.704 -0.816 -0.928 -0.978 -1.022 -1.066 -1.110 -1.297 -1.596 -1.895 -2.193 -2.262 -2.304 -2.345 -2.432 -2.670 -2.907 -3.145 -3.382 -3.427 -3.450 -3.472 -3.495 -3.524 -3.558 -3.593 -3.627 -3.632 -3.632 -3.633 -3.634 -3.637 -3.640 -3.642 -3.645 -3.645 -3.645 -3.645 -3.645 -3.648 -3.651 -3.654 -3.657 -3.663 -3.670 -3.676 -3.683 -3.688 -3.692 -3.696 -3.700 -3.876 -4.071 -4.267 -4.421 -4.440 -4.460 -4.479 -4.498 -4.648 -4.814 -4.979 -5.145 -5.220 -5.226 -5.231 -5.237 -5.242 -5.247 -5.252 -5.257 -5.262 -5.266 -5.270 -5.273 -5.275 -5.277 -5.279 -5.282 -5.289 -5.297 -5.304
9.036 8.885 8.734 8.583 8.433 8.281 8.128 7.976 7.824 7.666 7.490 7.313 7.136 7.061 6.997 6.933 6.869 6.792 6.671 6.549 6.427 6.345 6.267 6.189 6.139 6.111 6.084 6.056 6.029 5.949 5.863 5.777 5.717 5.676 5.635 5.595 5.554 5.422 5.280 5.137 5.045 4.991 4.937 4.884 4.830 4.776 4.723 4.669 4.615 4.562 4.508 4.454 4.409 4.407 4.405 4.402 4.310 4.197 4.083 3.969 3.855 3.782 3.709 3.635 3.562 3.489 3.407 3.321 3.234 3.148 3.061 2.975 3.061 3.175 3.290 3.392 3.275 3.157 3.040 2.947 2.927 2.907 2.887 2.868 2.848 2.828 2.808 2.788 2.769 2.749 2.729 2.709 2.672 2.541 2.385 2.202 2.022 1.844 1.665 1.486 1.307 1.128 0.949 0.771 0.592 0.425 0.297 0.170 0.042 -0.076 -0.193 -0.310 -0.427 -0.542 -0.654 -0.766 -0.878 -0.928 -0.972 -1.016 -1.203 -1.502 -1.801 -2.099 -2.398 -2.467 -2.508 -2.550 -2.592 -2.679 -2.917 -3.154 -3.392 -3.436 -3.459 -3.481 -3.511 -3.545 -3.580 -3.614 -3.649 -3.653 -3.654 -3.654 -3.655 -3.656 -3.659 -3.662 -3.664 -3.664 -3.664 -3.664 -3.664 -3.665 -3.668 -3.671 -3.674 -3.680 -3.686 -3.693 -3.698 -3.702 -3.706 -3.710 -3.714 -3.890 -4.085 -4.280 -4.476 -4.630 -4.649 -4.669 -4.688 -4.838 -5.004 -5.169 -5.244 -5.250 -5.256 -5.261 -5.267 -5.272 -5.277 -5.282 -5.287 -5.291 -5.295 -5.298 -5.302 -5.304 -5.306 -5.307 -5.309 -5.312 -5.320 -5.327
8.956 8.805 8.654 8.503 8.352 8.200 8.048 7.896 7.744 7.592 7.434 7.257 7.080 7.005 6.941 6.877 6.814 6.750 6.673 6.551 6.430 6.347 6.269 6.219 6.192 6.164 6.137 6.109 6.082 6.002 5.916 5.856 5.815 5.774 5.733 5.693 5.652 5.520 5.377 5.285 5.231 5.178 5.124 5.070 5.017 4.963 4.909 4.856 4.802 4.748 4.695 4.641 4.587 4.534 4.505 4.409 4.295 4.181 4.067 3.954 3.841 3.767 3.694 3.621 3.547 3.472 3.385 3.299 3.212 3.126 3.039 2.953 2.908 3.022 3.137 3.182 3.065 2.947 2.868 2.848 2.828 2.809 2.789 2.769 2.749 2.730 2.710 2.690 2.670 2.650 2.631 2.611 2.591 2.571 2.487 2.308 2.129 1.950 1.771 1.592 1.414 1.235 1.056 0.877 0.698 0.519 0.352 0.225 0.097 -0.021 -0.138 -0.255 -0.371 -0.488 -0.604 -0.716 -0.827 -0.878 -0.922 -1.109 -1.408 -1.707 -2.006 -2.304 -2.603 -2.671 -2.713 -2.755 -2.797 -2.839 -2.926 -3.163 -3.401 -3.446 -3.468 -3.497 -3.532 -3.566 -3.601 -3.635 -3.670 -3.674 -3.675 -3.676 -3.676 -3.677 -3.678 -3.681 -3.684 -3.684 -3.684 -3.683 -3.683 -3.683 -3.684 -3.687 -3.690 -3.696 -3.702 -3.708 -3.712 -3.716 -3.720 -3.724 -3.728 -3.904 -4.099 -4.294 -4.490 -4.685 -4.839 -4.859 -4.878 -5.028 -5.194 -5.269 -5.275 -5.280 -5.286 -5.291 -5.297 -5.302 -5.307 -5.312 -5.316 -5.320 -5.323 -5.327 -5.331 -5.333 -5.335 -5.336 -5.338 -5.340 -5.343 -5.350
8.875 8.724 8.574 8.423 8.272 8.120 7.968 7.816 7.663 7.511 7.359 7.201 7.025 6.949 6.885 6.822 6.758 6.694 6.630 6.553 6.432 6.349 6.299 6.272 6.244 6.217 6.189 6.162 6.134 6.055 5.994 5.953 5.913 5.872 5.831 5.790 5.750 5.618 5.525 5.472 5.418 5.364 5.311 5.257 5.203 5.150 5.096 5.042 4.974 4.893 4.813 4.733 4.653 4.573 4.492 4.393 4.279 4.166 4.052 3.938 3.826 3.753 3.680 3.606 3.533 3.449 3.363 3.276 3.190 3.103 3.017 2.930 2.844 2.870 2.984 2.972 2.854 2.789 2.769 2.750 2.730 2.710 2.690 2.671 2.651 2.631 2.611 2.592 2.572 2.555 2.550 2.546 2.542 2.537 2.406 2.242 2.106 1.969 1.833 1.697 1.520 1.341 1.162 0.984 0.805 0.626 0.447 0.280 0.152 0.034 -0.082 -0.199 -0.316 -0.433 -0.550 -0.666 -0.777 -0.828 -1.015 -1.314 -1.613 -1.912 -2.210 -2.509 -2.808 -2.876 -2.918 -2.960 -3.002 -3.044 -3.086 -3.173 -3.410 -3.455 -3.484 -3.519 -3.553 -3.588 -3.622 -3.657 -3.691 -3.695 -3.696 -3.697 -3.698 -3.698 -3.699 -3.700 -3.703 -3.703 -3.703 -3.703 -3.703 -3.703 -3.702 -3.703 -3.706 -3.712 -3.717 -3.721 -3.726 -3.730 -3.734 -3.738 -3.742 -3.918 -4.113 -4.308 -4.503 -4.699 -4.894 -5.048 -5.068 -5.218 -5.293 -5.299 -5.305 -5.310 -5.316 -5.322 -5.327 -5.332 -5.337 -5.341 -5.345 -5.348 -5.352 -5.356 -5.360 -5.362 -5.364 -5.365 -5.367 -5.368 -5.370 -5.373
8.795 8.644 8.493 8.342 8.191 8.039 7.887 7.735 7.583 7.431 7.279 7.127 6.969 6.893 6.830 6.766 6.702 6.638 6.575 6.511 6.434 6.380 6.352 6.325 6.297 6.270 6.242 6.215 6.187 6.133 6.092 6.051 6.011 5.970 5.929 5.888 5.848 5.766 5.712 5.657 5.576 5.496 5.416 5.336 5.256 5.175 5.095 5.015 4.935 4.854 4.774 4.694 4.614 4.534 4.453 4.373 4.264 4.150 4.036 3.923 3.812 3.738 3.665 3.592 3.514 3.427 3.341 3.254 3.168 3.081 2.995 2.908 2.822 2.735 2.831 2.762 2.711 2.691 2.671 2.651 2.631 2.612 2.592 2.585 2.581 2.576 2.572 2.568 2.563 2.559 2.555 2.550 2.546 2.476 2.272 2.065 1.925 1.788 1.652 1.515 1.379 1.242 1.106 0.970 0.833 0.697 0.554 0.375 0.208 0.090 -0.027 -0.144 -0.261 -0.378 -0.495 -0.612 -0.727 -0.922 -1.220 -1.519 -1.818 -2.117 -2.415 -2.714 -3.013 -3.081 -3.123 -3.165 -3.207 -3.249 -3.291 -3.332 -3.419 -3.471 -3.505 -3.540 -3.574 -3.609 -3.643 -3.678 -3.712 -3.717 -3.717 -3.718 -3.719 -3.720 -3.720 -3.721 -3.722 -3.722 -3.722 -3.722 -3.722 -3.722 -3.722 -3.722 -3.722 -3.727 -3.731 -3.735 -3.739 -3.744 -3.748 -3.752 -3.756 -3.932 -4.127 -4.322 -4.517 -4.713 -4.908 -5.103 -5.258 -5.318 -5.324 -5.329 -5.335 -5.340 -5.346 -5.352 -5.357 -5.362 -5.366 -5.370 -5.373 -5.377 -5.381 -5.385 -5.389 -5.391 -5.392 -5.394 -5.396 -5.397 -5.399 -5.401
8.698 8.547 8.396 8.246 8.116 7.968 7.816 7.664 7.512 7.360 7.208 7.056 6.926 6.857 6.793 6.729 6.666 6.602 6.538 6.474 6.424 6.430 6.402 6.375 6.347 6.320 6.292 6.265 6.237 6.220 6.179 6.138 6.098 6.057 6.016 5.975 5.912 5.811 5.710 5.618 5.537 5.457 5.377 5.297 5.217 5.136 5.056 4.976 4.896 4.816 4.735 4.655 4.575 4.495 4.414 4.334 4.248 4.135 4.021 3.907 3.797 3.724 3.650 3.577 3.491 3.405 3.318 3.232 3.146 3.059 2.973 2.886 2.800 2.713 2.669 2.632 2.620 2.615 2.611 2.607 2.602 2.598 2.594 2.589 2.585 2.581 2.576 2.572 2.568 2.563 2.559 2.554 2.481 2.354 2.137 1.928 1.743 1.607 1.470 1.334 1.198 1.061 0.925 0.788 0.652 0.516 0.379 0.243 0.106 0.111 0.007 -0.109 -0.226 -0.343 -0.460 -0.577 -0.728 -0.984 -1.282 -1.581 -1.880 -2.179 -2.477 -2.776 -3.075 -3.158 -3.200 -3.242 -3.284 -3.326 -3.368 -3.409 -3.451 -3.487 -3.521 -3.556 -3.590 -3.625 -3.659 -3.694 -3.735 -3.741 -3.742 -3.742 -3.743 -3.744 -3.745 -3.745 -3.745 -3.741 -3.741 -3.741 -3.741 -3.741 -3.741 -3.741 -3.741 -3.878 -3.882 -3.886 -3.890 -3.894 -3.898 -3.902 -3.907 -4.082 -4.277 -4.473 -4.668 -4.863 -5.058 -5.254 -5.343 -5.349 -5.354 -5.360 -5.366 -5.371 -5.377 -5.382 -5.388 -5.392 -5.396 -5.400 -5.404 -5.408 -5.411 -5.415 -5.418 -5.416 -5.417 -5.419 -5.421 -5.422 -5.424 -5.426
8.593 8.442 8.292 8.162 8.050 7.902 7.750 7.598 7.445 7.293 7.141 7.011 6.899 6.830 6.766 6.703 6.639 6.575 6.511 6.461 6.421 6.439 6.451 6.424 6.396 6.369 6.341 6.314 6.286 6.293 6.261 6.220 6.179 6.139 6.098 6.052 5.951 5.850 5.749 5.648 5.547 5.446 5.345 5.258 5.178 5.097 5.017 4.937 4.857 4.777 4.696 4.616 4.536 4.456 4.376 4.295 4.215 4.119 4.006 3.892 3.782 3.709 3.636 3.556 3.469 3.383 3.296 3.210 3.123 3.037 2.950 2.864 2.779 2.709 2.633 2.628 2.624 2.620 2.615 2.611 2.607 2.602 2.598 2.594 2.589 2.585 2.581 2.576 2.572 2.567 2.559 2.486 2.412 2.220 2.003 1.790 1.587 1.426 1.289 1.153 1.016 0.880 0.744 0.607 0.471 0.334 0.198 0.061 -0.075 -0.086 -0.054 -0.085 -0.202 -0.319 -0.436 -0.553 -0.775 -1.017 -1.273 -1.572 -1.870 -2.169 -2.468 -2.767 -3.065 -3.154 -3.213 -3.255 -3.297 -3.339 -3.381 -3.422 -3.464 -3.500 -3.534 -3.569 -3.603 -3.638 -3.672 -3.714 -3.761 -3.767 -3.768 -3.768 -3.769 -3.770 -3.771 -3.770 -3.768 -3.764 -3.760 -3.760 -3.760 -3.760 -3.760 -3.760 -3.759 -3.943 -4.101 -4.105 -4.109 -4.113 -4.118 -4.122 -4.126 -4.301 -4.497 -4.692 -4.887 -5.082 -5.278 -5.367 -5.375 -5.380 -5.385 -5.391 -5.397 -5.402 -5.408 -5.413 -5.419 -5.423 -5.427 -5.431 -5.435 -5.439 -5.442 -5.445 -5.448 -5.444 -5.440 -5.442 -5.444 -5.445 -5.447 -5.449
8.488 8.338 8.208 8.096 7.983 7.835 7.683 7.531 7.379 7.227 7.097 6.984 6.872 6.803 6.739 6.676 6.612 6.548 6.498 6.458 6.417 6.435 6.460 6.473 6.445 6.418 6.390 6.363 6.335 6.342 6.343 6.302 6.261 6.220 6.180 6.091 5.990 5.889 5.788 5.687 5.586 5.485 5.384 5.283 5.182 5.081 4.980 4.898 4.818 4.738 4.657 4.577 4.497 4.417 4.337 4.256 4.176 4.096 3.990 3.876 3.768 3.694 3.620 3.533 3.447 3.361 3.274 3.188 3.101 3.015 2.940 2.870 2.800 2.699 2.637 2.633 2.628 2.624 2.620 2.615 2.611 2.607 2.602 2.598 2.594 2.589 2.585 2.580 2.576 2.564 2.491 2.417 2.302 2.085 1.868 1.653 1.450 1.247 1.108 0.971 0.835 0.699 0.562 0.426 0.289 0.153 0.017 -0.120 -0.256 -0.283 -0.251 -0.219 -0.187 -0.295 -0.412 -0.579 -0.821 -1.064 -1.307 -1.562 -1.861 -2.160 -2.458 -2.757 -3.056 -3.144 -3.209 -3.268 -3.310 -3.352 -3.394 -3.435 -3.477 -3.513 -3.547 -3.582 -3.616 -3.651 -3.692 -3.740 -3.787 -3.793 -3.793 -3.794 -3.795 -3.796 -3.795 -3.793 -3.791 -3.787 -3.782 -3.779 -3.779 -3.779 -3.779 -3.778 -3.778 -3.962 -4.166 -4.324 -4.329 -4.333 -4.337 -4.341 -4.345 -4.521 -4.716 -4.911 -5.106 -5.302 -5.391 -5.399 -5.406 -5.411 -5.417 -5.422 -5.428 -5.433 -5.439 -5.444 -5.450 -5.454 -5.458 -5.462 -5.466 -5.470 -5.473 -5.475 -5.477 -5.473 -5.468 -5.465 -5.467 -5.468 -5.470 -5.472
8.384 8.254 8.142 8.029 7.917 7.769 7.617 7.465 7.312 7.183 7.070 6.958 6.845 6.776 6.713 6.649 6.585 6.535 6.494 6.454 6.414 6.432 6.457 6.481 6.494 6.467 6.439 6.412 6.384 6.390 6.401 6.384 6.343 6.302 6.231 6.130 6.029 5.928 5.827 5.726 5.625 5.524 5.423 5.322 5.221 5.120 5.019 4.918 4.817 4.716 4.618 4.538 4.458 4.378 4.298 4.217 4.137 4.057 3.975 3.861 3.753 3.680 3.598 3.511 3.425 3.338 3.252 3.170 3.100 3.030 2.960 2.890 2.791 2.684 2.641 2.637 2.633 2.628 2.624 2.620 2.615 2.611 2.607 2.602 2.598 2.593 2.589 2.585 2.569 2.496 2.422 2.349 2.168 1.951 1.734 1.517 1.313 1.109 0.927 0.790 0.654 0.517 0.381 0.245 0.108 -0.028 -0.165 -0.301 -0.437 -0.480 -0.448 -0.416 -0.384 -0.352 -0.387 -0.626 -0.868 -1.111 -1.353 -1.596 -1.851 -2.150 -2.449 -2.748 -3.046 -3.135 -3.199 -3.264 -3.323 -3.365 -3.407 -3.448 -3.490 -3.526 -3.560 -3.595 -3.629 -3.671 -3.718 -3.766 -3.813 -3.819 -3.819 -3.820 -3.821 -3.820 -3.818 -3.816 -3.814 -3.810 -3.805 -3.801 -3.798 -3.798 -3.797 -3.797 -3.797 -3.981 -4.185 -4.390 -4.548 -4.552 -4.556 -4.560 -4.564 -4.740 -4.935 -5.130 -5.326 -5.415 -5.423 -5.430 -5.437 -5.443 -5.448 -5.453 -5.459 -5.464 -5.470 -5.475 -5.481 -5.485 -5.489 -5.493 -5.497 -5.500 -5.502 -5.504 -5.506 -5.502 -5.498 -5.493 -5.490 -5.491 -5.493 -5.495
8.300 8.188 8.075 7.963 7.850 7.702 7.550 7.398 7.268 7.156 7.043 6.931 6.818 6.749 6.686 6.622 6.571 6.531 6.491 6.451 6.411 6.429 6.454 6.478 6.503 6.515 6.488 6.460 6.433 6.439 6.450 6.460 6.425 6.371 6.270 6.169 6.068 5.967 5.866 5.765 5.664 5.563 5.462 5.361 5.260 5.159 5.058 4.957 4.856 4.755 4.654 4.553 4.452 4.351 4.259 4.178 4.098 4.018 3.938 3.845 3.739 3.662 3.576 3.489 3.403 3.331 3.261 3.191 3.121 3.051 2.981 2.883 2.776 2.669 2.646 2.641 2.637 2.633 2.628 2.624 2.620 2.615 2.611 2.607 2.602 2.598 2.593 2.574 2.501 2.427 2.354 2.250 2.033 1.816 1.599 1.382 1.176 0.972 0.769 0.609 0.472 0.336 0.200 0.063 -0.073 -0.210 -0.346 -0.482 -0.619 -0.676 -0.644 -0.612 -0.580 -0.548 -0.548 -0.645 -0.915 -1.157 -1.400 -1.643 -1.885 -2.141 -2.439 -2.738 -3.037 -3.125 -3.190 -3.254 -3.319 -3.378 -3.420 -3.461 -3.503 -3.539 -3.573 -3.608 -3.649 -3.697 -3.744 -3.791 -3.839 -3.844 -3.845 -3.846 -3.845 -3.843 -3.841 -3.839 -3.837 -3.833 -3.828 -3.824 -3.820 -3.816 -3.816 -3.816 -3.816 -4.000 -4.204 -4.409 -4.613 -4.771 -4.775 -4.779 -4.784 -4.959 -5.154 -5.350 -5.439 -5.447 -5.454 -5.461 -5.469 -5.474 -5.479 -5.485 -5.490 -5.495 -5.501 -5.506 -5.512 -5.516 -5.520 -5.524 -5.527 -5.529 -5.531 -5.534 -5.536 -5.532 -5.527 -5.522 -5.518 -5.514 -5.516 -5.518
8.234 8.121 8.009 7.896 7.784 7.636 7.484 7.354 7.241 7.129 7.016 6.904 6.791 6.723 6.659 6.608 6.568 6.528 6.488 6.448 6.408 6.426 6.450 6.475 6.500 6.524 6.537 6.509 6.482 6.488 6.499 6.509 6.506 6.410 6.309 6.208 6.107 6.006 5.905 5.804 5.703 5.602 5.501 5.400 5.299 5.198 5.097 4.996 4.895 4.794 4.693 4.592 4.491 4.390 4.289 4.188 4.087 3.986 3.899 3.819 3.724 3.640 3.562 3.492 3.422 3.352 3.282 3.212 3.142 3.072 2.975 2.868 2.761 2.654 2.650 2.646 2.641 2.637 2.633 2.628 2.624 2.620 2.615 2.611 2.606 2.602 2.579 2.506 2.432 2.359 2.285 2.116 1.899 1.682 1.465 1.248 1.038 0.835 0.632 0.428 0.291 0.155 0.018 -0.118 -0.254 -0.391 -0.527 -0.664 -0.800 -0.873 -0.841 -0.809 -0.777 -0.745 -0.770 -0.865 -0.959 -1.161 -1.437 -1.689 -1.932 -2.174 -2.430 -2.729 -3.027 -3.116 -3.180 -3.245 -3.309 -3.373 -3.433 -3.474 -3.516 -3.552 -3.586 -3.628 -3.675 -3.723 -3.770 -3.817 -3.865 -3.870 -3.871 -3.870 -3.868 -3.866 -3.864 -3.862 -3.860 -3.856 -3.851 -3.847 -3.843 -3.839 -3.835 -3.835 -3.835 -4.018 -4.223 -4.427 -4.632 -4.836 -4.995 -4.999 -5.003 -5.178 -5.374 -5.463 -5.471 -5.478 -5.485 -5.493 -5.500 -5.505 -5.511 -5.516 -5.521 -5.526 -5.532 -5.537 -5.543 -5.547 -5.551 -5.554 -5.556 -5.558 -5.561 -5.563 -5.565 -5.561 -5.556 -5.552 -5.547 -5.542 -5.539 -5.541
8.167 8.055 7.942 7.830 7.717 7.569 7.439 7.327 7.214 7.102 6.989 6.877 6.764 6.696 6.645 6.605 6.565 6.525 6.485 6.445 6.404 6.422 6.447 6.472 6.496 6.521 6.546 6.558 6.531 6.537 6.547 6.572 6.535 6.466 6.365 6.264 6.162 6.061 5.960 5.858 5.757 5.656 5.554 5.453 5.352 5.250 5.149 5.048 4.947 4.845 4.744 4.643 4.541 4.440 4.339 4.237 4.136 4.035 3.933 3.832 3.723 3.653 3.583 3.513 3.443 3.373 3.303 3.233 3.163 3.066 2.959 2.852 2.745 2.659 2.654 2.650 2.646 2.641 2.637 2.633 2.628 2.624 2.619 2.615 2.611 2.584 2.510 2.437 2.364 2.290 2.198 1.981 1.764 1.547 1.330 1.113 0.901 0.698 0.495 0.291 0.110 -0.026 -0.163 -0.299 -0.436 -0.572 -0.709 -0.845 -0.981 -1.070 -1.038 -1.006 -0.974 -0.942 -0.992 -1.087 -1.181 -1.276 -1.399 -1.676 -1.952 -2.221 -2.464 -2.719 -3.018 -3.106 -3.171 -3.235 -3.300 -3.364 -3.428 -3.487 -3.529 -3.565 -3.606 -3.654 -3.701 -3.748 -3.796 -3.843 -3.891 -3.896 -3.895 -3.893 -3.891 -3.889 -3.887 -3.885 -3.883 -3.879 -3.874 -3.870 -3.866 -3.862 -3.857 -3.854 -3.854 -4.037 -4.242 -4.446 -4.651 -4.855 -5.060 -5.218 -5.222 -5.398 -5.487 -5.495 -5.502 -5.509 -5.517 -5.524 -5.531 -5.537 -5.542 -5.547 -5.553 -5.558 -5.563 -5.568 -5.574 -5.578 -5.581 -5.583 -5.586 -5.588 -5.590 -5.592 -5.595 -5.591 -5.586 -5.581 -5.576 -5.572 -5.567 -5.564
8.101 7.988 7.876 7.763 7.651 7.525 7.413 7.300 7.188 7.075 6.963 6.850 6.738 6.682 6.642 6.602 6.562 6.522 6.481 6.441 6.401 6.419 6.444 6.468 6.493 6.518 6.542 6.567 6.580 6.594 6.634 6.619 6.551 6.483 6.415 6.326 6.225 6.124 6.022 5.921 5.820 5.719 5.617 5.516 5.415 5.313 5.212 5.111 5.009 4.908 4.807 4.705 4.604 4.503 4.401 4.300 4.199 4.097 3.996 3.895 3.777 3.673 3.603 3.533 3.463 3.394 3.324 3.254 3.158 3.051 2.944 2.837 2.730 2.663 2.659 2.654 2.650 2.646 2.641 2.637 2.632 2.628 2.624 2.619 2.589 2.515 2.442 2.369 2.295 2.222 2.064 1.847 1.630 1.413 1.196 0.979 0.764 0.561 0.357 0.154 -0.049 -0.208 -0.344 -0.481 -0.617 -0.753 -0.890 -1.026 -1.163 -1.267 -1.235 -1.203 -1.171 -1.139 -1.214 -1.309 -1.403 -1.498 -1.593 -1.687 -1.914 -2.191 -2.467 -2.744 -3.008 -3.097 -3.161 -3.226 -3.290 -3.354 -3.419 -3.483 -3.542 -3.585 -3.632 -3.680 -3.727 -3.774 -3.822 -3.869 -3.916 -3.920 -3.918 -3.916 -3.914 -3.912 -3.910 -3.908 -3.906 -3.902 -3.897 -3.893 -3.889 -3.885 -3.880 -3.876 -3.873 -4.056 -4.261 -4.465 -4.670 -4.874 -5.079 -5.283 -5.441 -5.511 -5.519 -5.526 -5.533 -5.541 -5.548 -5.555 -5.563 -5.568 -5.573 -5.579 -5.584 -5.589 -5.594 -5.600 -5.605 -5.608 -5.610 -5.613 -5.615 -5.617 -5.619 -5.622 -5.624 -5.620 -5.615 -5.610 -5.606 -5.601 -5.596 -5.591
8.110 7.998 7.885 7.773 7.660 7.548 7.435 7.323 7.210 7.098 6.985 6.873 6.783 6.739 6.699 6.659 6.619 6.579 6.539 6.498 6.467 6.480 6.505 6.530 6.554 6.579 6.604 6.628 6.657 6.696 6.702 6.635 6.567 6.499 6.431 6.362 6.288 6.187 6.085 5.984 5.883 5.781 5.680 5.579 5.477 5.376 5.275 5.173 5.072 4.971 4.869 4.768 4.667 4.566 4.464 4.363 4.262 4.160 4.059 3.958 3.833 3.699 3.624 3.554 3.484 3.414 3.344 3.250 3.143 3.036 2.929 2.822 2.715 2.667 2.663 2.659 2.654 2.650 2.645 2.641 2.637 2.632 2.628 2.594 2.520 2.447 2.374 2.300 2.227 2.147 1.930 1.713 1.496 1.279 1.061 0.844 0.627 0.423 0.220 0.017 -0.186 -0.389 -0.525 -0.662 -0.798 -0.935 -1.071 -1.207 -1.344 -1.463 -1.431 -1.399 -1.367 -1.341 -1.436 -1.530 -1.625 -1.720 -1.814 -1.909 -2.004 -2.153 -2.429 -2.706 -2.982 -3.059 -3.123 -3.187 -3.252 -3.316 -3.381 -3.459 -3.540 -3.591 -3.639 -3.686 -3.733 -3.781 -3.828 -3.876 -3.931 -3.938 -3.935 -3.933 -3.931 -3.929 -3.927 -3.925 -3.923 -3.919 -3.914 -3.910 -3.906 -3.902 -3.897 -3.893 -4.021 -4.228 -4.433 -4.637 -4.842 -5.046 -5.251 -5.455 -5.537 -5.531 -5.538 -5.546 -5.553 -5.560 -5.568 -5.575 -5.583 -5.588 -5.593 -5.599 -5.604 -5.609 -5.614 -5.620 -5.615 -5.608 -5.610 -5.613 -5.615 -5.617 -5.619 -5.622 -5.624 -5.624 -5.619 -5.614 -5.609 -5.605 -5.600 -5.595
8.158 8.045 7.933 7.820 7.708 7.595 7.483 7.370 7.258 7.145 7.033 6.943 6.870 6.827 6.786 6.746 6.706 6.666 6.626 6.594 6.569 6.574 6.599 6.623 6.648 6.673 6.697 6.722 6.758 6.786 6.718 6.650 6.583 6.515 6.447 6.379 6.310 6.241 6.148 6.047 5.945 5.844 5.743 5.641 5.540 5.439 5.338 5.236 5.135 5.034 4.932 4.831 4.730 4.628 4.527 4.426 4.324 4.223 4.122 4.020 3.889 3.754 3.645 3.575 3.505 3.435 3.341 3.234 3.127 3.020 2.914 2.807 2.700 2.672 2.667 2.663 2.658 2.654 2.650 2.645 2.641 2.637 2.599 2.525 2.452 2.379 2.305 2.232 2.159 2.012 1.795 1.578 1.361 1.144 0.927 0.710 0.493 0.286 0.083 -0.120 -0.324 -0.527 -0.707 -0.843 -0.980 -1.116 -1.252 -1.389 -1.525 -1.660 -1.628 -1.596 -1.564 -1.563 -1.658 -1.752 -1.847 -1.942 -2.036 -2.131 -2.226 -2.320 -2.415 -2.668 -2.942 -3.006 -3.070 -3.135 -3.210 -3.292 -3.373 -3.455 -3.537 -3.588 -3.635 -3.683 -3.730 -3.778 -3.825 -3.881 -3.943 -3.950 -3.950 -3.947 -3.945 -3.943 -3.941 -3.939 -3.937 -3.933 -3.928 -3.924 -3.920 -3.916 -3.911 -4.040 -4.270 -4.478 -4.682 -4.887 -5.091 -5.296 -5.500 -5.581 -5.567 -5.557 -5.552 -5.560 -5.567 -5.574 -5.582 -5.589 -5.597 -5.602 -5.607 -5.613 -5.618 -5.623 -5.628 -5.624 -5.613 -5.603 -5.595 -5.598 -5.600 -5.602 -5.604 -5.607 -5.609 -5.610 -5.610 -5.605 -5.600 -5.596 -5.591 -5.586
8.205 8.092 7.980 7.867 7.755 7.642 7.530 7.417 7.305 7.192 7.102 7.030 6.957 6.914 6.874 6.834 6.794 6.753 6.722 6.697 6.672 6.675 6.692 6.717 6.742 6.766 6.791 6.820 6.860 6.802 6.734 6.666 6.598 6.530 6.463 6.395 6.327 6.258 6.189 6.110 6.008 5.907 5.806 5.704 5.603 5.502 5.400 5.299 5.198 5.096 4.995 4.894 4.792 4.691 4.590 4.488 4.387 4.286 4.185 4.080 3.945 3.810 3.676 3.596 3.526 3.433 3.326 3.219 3.112 3.005 2.898 2.791 2.684 2.676 2.671 2.667 2.663 2.658 2.654 2.650 2.645 2.604 2.530 2.457 2.384 2.310 2.237 2.164 2.090 1.878 1.661 1.444 1.227 1.010 0.793 0.576 0.359 0.149 -0.054 -0.258 -0.461 -0.664 -0.867 -1.024 -1.161 -1.297 -1.434 -1.570 -1.706 -1.843 -1.825 -1.793 -1.761 -1.785 -1.880 -1.974 -2.069 -2.164 -2.258 -2.353 -2.448 -2.542 -2.637 -2.732 -2.889 -2.961 -3.043 -3.125 -3.206 -3.288 -3.370 -3.452 -3.534 -3.585 -3.632 -3.680 -3.727 -3.774 -3.830 -3.892 -3.954 -3.961 -3.962 -3.962 -3.959 -3.957 -3.955 -3.953 -3.951 -3.947 -3.943 -3.938 -3.934 -3.930 -4.058 -4.289 -4.520 -4.727 -4.931 -5.136 -5.340 -5.545 -5.626 -5.612 -5.597 -5.588 -5.579 -5.574 -5.581 -5.588 -5.596 -5.603 -5.611 -5.616 -5.621 -5.627 -5.632 -5.637 -5.633 -5.622 -5.610 -5.600 -5.590 -5.583 -5.585 -5.587 -5.590 -5.592 -5.594 -5.595 -5.596 -5.596 -5.591 -5.587 -5.582 -5.577
8.252 8.140 8.027 7.915 7.802 7.690 7.577 7.465 7.352 7.262 7.190 7.117 7.045 7.001 6.961 6.921 6.881 6.849 6.824 6.799 6.774 6.777 6.786 6.811 6.835 6.860 6.885 6.922 6.885 6.817 6.750 6.682 6.614 6.546 6.478 6.411 6.343 6.275 6.206 6.137 6.068 5.970 5.868 5.767 5.666 5.564 5.463 5.362 5.260 5.159 5.058 4.957 4.855 4.754 4.653 4.551 4.450 4.349 4.247 4.136 4.001 3.866 3.732 3.617 3.525 3.418 3.311 3.204 3.097 2.990 2.883 2.776 2.684 2.680 2.676 2.671 2.667 2.663 2.658 2.654 2.609 2.535 2.462 2.389 2.315 2.242 2.169 2.095 1.960 1.743 1.526 1.309 1.092 0.875 0.658 0.441 0.224 0.012 -0.191 -0.395 -0.598 -0.801 -1.005 -1.206 -1.342 -1.478 -1.615 -1.751 -1.888 -2.024 -2.021 -1.989 -1.957 -2.007 -2.102 -2.196 -2.291 -2.386 -2.480 -2.575 -2.670 -2.764 -2.859 -2.953 -2.847 -2.927 -3.039 -3.121 -3.203 -3.285 -3.367 -3.449 -3.531 -3.582 -3.629 -3.676 -3.724 -3.779 -3.841 -3.903 -3.965 -3.972 -3.973 -3.974 -3.974 -3.971 -3.969 -3.967 -3.965 -3.961 -3.957 -3.952 -3.948 -4.076 -4.307 -4.538 -4.769 -4.976 -5.181 -5.385 -5.590 -5.671 -5.656 -5.642 -5.627 -5.618 -5.609 -5.600 -5.595 -5.602 -5.610 -5.617 -5.625 -5.630 -5.635 -5.641 -5.646 -5.642 -5.630 -5.619 -5.608 -5.597 -5.587 -5.577 -5.570 -5.572 -5.575 -5.577 -5.579 -5.580 -5.582 -5.583 -5.582 -5.578 -5.573 -5.568
8.398 8.187 8.075 7.962 7.850 7.737 7.625 7.512 7.422 7.350 7.277 7.205 7.132 7.089 7.049 7.008 6.977 6.952 6.927 6.902 6.877 6.880 6.886 6.904 6.929 6.954 6.984 6.969 6.901 6.833 6.765 6.698 6.630 6.562 6.494 6.426 6.359 6.291 6.222 6.153 6.084 6.015 5.931 5.830 5.729 5.627 5.526 5.425 5.323 5.222 5.121 5.019 4.918 4.817 4.715 4.614 4.513 4.411 4.310 4.192 4.057 3.922 3.788 3.641 3.510 3.403 3.296 3.189 3.082 2.975 2.868 2.761 2.689 2.684 2.680 2.676 2.671 2.667 2.663 2.614 2.540 2.467 2.394 2.320 2.247 2.174 2.100 2.027 1.826 1.609 1.392 1.175 0.958 0.741 0.524 0.307 0.090 -0.125 -0.329 -0.532 -0.735 -0.939 -1.142 -1.345 -1.523 -1.660 -1.796 -1.933 -2.069 -2.205 -2.218 -2.186 -2.154 -2.229 -2.323 -2.418 -2.513 -2.607 -2.702 -2.797 -2.891 -2.986 -3.054 -2.986 -2.839 -2.674 -2.853 -3.118 -3.200 -3.282 -3.364 -3.446 -3.527 -3.578 -3.626 -3.673 -3.729 -3.791 -3.853 -3.915 -3.977 -3.984 -3.984 -3.985 -3.986 -3.986 -3.983 -3.981 -3.979 -3.975 -3.971 -3.967 -4.095 -4.326 -4.556 -4.787 -5.018 -5.225 -5.430 -5.634 -5.716 -5.701 -5.687 -5.672 -5.658 -5.648 -5.639 -5.630 -5.622 -5.616 -5.624 -5.631 -5.639 -5.644 -5.649 -5.655 -5.650 -5.639 -5.628 -5.616 -5.605 -5.595 -5.585 -5.575 -5.565 -5.558 -5.560 -5.562 -5.564 -5.566 -5.567 -5.568 -5.569 -5.569 -5.564 -5.559
8.573 8.333 8.122 8.010 7.897 7.785 7.672 7.582 7.510 7.437 7.365 7.292 7.220 7.176 7.136 7.104 7.079 7.054 7.029 7.004 6.979 6.982 6.989 6.998 7.023 7.047 7.052 6.985 6.917 6.849 6.781 6.713 6.646 6.578 6.510 6.442 6.374 6.307 6.239 6.170 6.101 6.032 5.963 5.893 5.791 5.690 5.589 5.487 5.386 5.285 5.183 5.082 4.981 4.880 4.778 4.677 4.576 4.474 4.373 4.248 4.113 3.978 3.844 3.678 3.511 3.387 3.280 3.173 3.066 2.959 2.852 2.745 2.693 2.689 2.684 2.680 2.676 2.671 2.619 2.545 2.472 2.399 2.325 2.252 2.179 2.105 2.032 1.908 1.691 1.474 1.257 1.040 0.823 0.606 0.389 0.172 -0.045 -0.262 -0.466 -0.669 -0.872 -1.076 -1.279 -1.482 -1.686 -1.841 -1.977 -2.114 -2.250 -2.387 -2.415 -2.383 -2.356 -2.451 -2.545 -2.640 -2.735 -2.829 -2.924 -3.019 -3.113 -3.154 -3.086 -2.996 -2.831 -2.666 -2.501 -2.779 -3.111 -3.279 -3.360 -3.442 -3.524 -3.575 -3.622 -3.678 -3.740 -3.802 -3.864 -3.926 -3.988 -3.995 -3.996 -3.996 -3.997 -3.998 -3.998 -3.995 -3.993 -3.989 -3.985 -4.113 -4.344 -4.575 -4.806 -5.037 -5.267 -5.475 -5.679 -5.760 -5.746 -5.731 -5.717 -5.702 -5.688 -5.678 -5.670 -5.661 -5.652 -5.643 -5.638 -5.645 -5.653 -5.658 -5.663 -5.659 -5.648 -5.636 -5.625 -5.614 -5.602 -5.592 -5.582 -5.572 -5.562 -5.552 -5.545 -5.547 -5.549 -5.551 -5.552 -5.553 -5.554 -5.555 -5.555 -5.550
8.748 8.508 8.268 8.057 7.944 7.832 7.742 7.669 7.597 7.524 7.452 7.379 7.307 7.263 7.232 7.207 7.182 7.157 7.132 7.107 7.082 7.085 7.091 7.097 7.116 7.136 7.068 7.000 6.933 6.865 6.797 6.729 6.661 6.594 6.526 6.458 6.390 6.322 6.255 6.187 6.118 6.049 5.980 5.911 5.842 5.753 5.652 5.550 5.449 5.348 5.246 5.145 5.044 4.942 4.841 4.740 4.638 4.537 4.436 4.304 4.169 4.034 3.881 3.715 3.548 3.381 3.265 3.158 3.051 2.944 2.837 2.730 2.697 2.693 2.689 2.684 2.680 2.624 2.550 2.477 2.404 2.330 2.257 2.184 2.110 2.037 1.963 1.774 1.557 1.340 1.123 0.906 0.689 0.472 0.255 0.038 -0.179 -0.396 -0.603 -0.806 -1.010 -1.213 -1.416 -1.620 -1.823 -2.022 -2.159 -2.295 -2.432 -2.568 -2.612 -2.580 -2.578 -2.673 -2.767 -2.862 -2.957 -3.051 -3.146 -3.241 -3.253 -3.185 -3.117 -2.988 -2.823 -2.658 -2.493 -2.374 -2.706 -3.037 -3.357 -3.439 -3.521 -3.572 -3.627 -3.689 -3.751 -3.813 -3.875 -3.937 -3.999 -4.006 -4.007 -4.008 -4.008 -4.009 -4.010 -4.010 -4.007 -4.003 -4.131 -4.362 -4.593 -4.824 -5.055 -5.286 -5.517 -5.724 -5.805 -5.791 -5.776 -5.762 -5.747 -5.733 -5.718 -5.709 -5.700 -5.691 -5.682 -5.673 -5.664 -5.659 -5.667 -5.672 -5.668 -5.657 -5.645 -5.634 -5.622 -5.611 -5.600 -5.590 -5.580 -5.570 -5.560 -5.550 -5.540 -5.532 -5.535 -5.536 -5.537 -5.538 -5.539 -5.540 -5.541 -5.541
8.924 8.683 8.443 8.203 7.992 7.902 7.829 7.757 7.684 7.612 7.539 7.467 7.394 7.359 7.334 7.309 7.284 7.259 7.234 7.209 7.184 7.187 7.194 7.200 7.210 7.152 7.084 7.016 6.948 6.880 6.813 6.745 6.677 6.609 6.542 6.474 6.406 6.338 6.270 6.203 6.135 6.066 5.997 5.928 5.859 5.790 5.714 5.613 5.512 5.410 5.309 5.208 5.106 5.005 4.904 4.802 4.701 4.600 4.494 4.360 4.225 4.085 3.918 3.751 3.585 3.418 3.252 3.143 3.036 2.929 2.822 2.715 2.702 2.697 2.693 2.689 2.629 2.555 2.482 2.409 2.335 2.262 2.188 2.115 2.042 1.968 1.856 1.639 1.422 1.205 0.988 0.771 0.554 0.337 0.120 -0.097 -0.314 -0.531 -0.740 -0.944 -1.147 -1.350 -1.553 -1.757 -1.960 -2.163 -2.340 -2.476 -2.613 -2.749 -2.808 -2.776 -2.800 -2.895 -2.989 -3.084 -3.179 -3.273 -3.368 -3.352 -3.284 -3.216 -3.144 -2.979 -2.815 -2.650 -2.485 -2.320 -2.300 -2.632 -2.963 -3.295 -3.518 -3.577 -3.639 -3.701 -3.763 -3.825 -3.887 -3.949 -4.011 -4.018 -4.018 -4.019 -4.020 -4.020 -4.021 -4.022 -4.022 -4.150 -4.381 -4.612 -4.842 -5.073 -5.304 -5.535 -5.766 -5.850 -5.835 -5.821 -5.806 -5.792 -5.777 -5.763 -5.748 -5.739 -5.730 -5.721 -5.712 -5.703 -5.695 -5.686 -5.681 -5.677 -5.665 -5.654 -5.643 -5.631 -5.620 -5.608 -5.597 -5.587 -5.577 -5.567 -5.557 -5.547 -5.537 -5.527 -5.520 -5.521 -5.522 -5.523 -5.524 -5.525 -5.527 -5.528
9.145 8.905 8.665 8.424 8.184 7.984 7.912 7.839 7.767 7.694 7.622 7.549 7.477 7.447 7.422 7.397 7.372 7.347 7.322 7.297 7.267 7.271 7.277 7.282 7.233 7.151 7.100 7.032 6.964 6.896 6.828 6.761 6.693 6.625 6.557 6.490 6.422 6.354 6.286 6.218 6.151 6.083 6.014 5.945 5.875 5.806 5.737 5.668 5.574 5.473 5.372 5.271 5.169 5.068 4.967 4.865 4.764 4.663 4.541 4.416 4.281 4.121 3.955 3.788 3.622 3.455 3.288 3.128 3.021 2.914 2.807 2.710 2.706 2.702 2.697 2.634 2.560 2.487 2.414 2.340 2.267 2.193 2.120 2.047 1.973 1.900 1.722 1.505 1.288 1.071 0.854 0.637 0.420 0.203 -0.014 -0.231 -0.448 -0.665 -0.877 -1.081 -1.284 -1.487 -1.691 -1.894 -2.097 -2.301 -2.504 -2.658 -2.794 -2.930 -3.005 -2.973 -3.022 -3.117 -3.211 -3.306 -3.400 -3.495 -3.452 -3.384 -3.316 -3.248 -3.136 -2.971 -2.806 -2.642 -2.477 -2.312 -2.147 -2.227 -2.558 -2.890 -3.221 -3.303 -3.365 -3.427 -3.489 -3.551 -3.613 -3.678 -4.000 -4.034 -4.035 -4.035 -4.036 -4.036 -4.037 -4.038 -4.181 -4.255 -4.486 -4.717 -4.948 -5.179 -5.410 -5.641 -5.872 -5.881 -5.867 -5.852 -5.838 -5.823 -5.809 -5.794 -5.780 -5.770 -5.761 -5.752 -5.744 -5.735 -5.726 -5.717 -5.698 -5.672 -5.661 -5.650 -5.638 -5.627 -5.616 -5.604 -5.593 -5.583 -5.573 -5.563 -5.553 -5.543 -5.533 -5.523 -5.505 -5.508 -5.509 -5.510 -5.511 -5.512 -5.513 -5.515
9.390 9.150 8.909 8.669 8.429 8.191 7.992 7.919 7.847 7.774 7.702 7.629 7.557 7.527 7.502 7.477 7.452 7.427 7.402 7.372 7.341 7.346 7.352 7.357 7.257 7.109 7.056 7.035 6.980 6.912 6.844 6.776 6.709 6.641 6.573 6.505 6.438 6.370 6.302 6.234 6.166 6.099 6.030 5.961 5.892 5.823 5.754 5.685 5.616 5.536 5.435 5.333 5.232 5.131 5.029 4.928 4.827 4.725 4.537 4.447 4.325 4.158 3.991 3.825 3.658 3.492 3.325 3.158 3.005 2.898 2.791 2.715 2.710 2.706 2.639 2.565 2.492 2.418 2.345 2.272 2.198 2.125 2.052 1.978 1.905 1.804 1.587 1.370 1.153 0.936 0.719 0.502 0.285 0.068 -0.149 -0.366 -0.583 -0.800 -1.015 -1.218 -1.421 -1.625 -1.828 -2.031 -2.234 -2.438 -2.641 -2.839 -2.975 -3.112 -3.202 -3.170 -3.244 -3.338 -3.433 -3.528 -3.619 -3.551 -3.483 -3.415 -3.347 -3.279 -3.128 -2.963 -2.798 -2.633 -2.469 -2.304 -2.139 -1.974 -2.153 -2.484 -2.816 -2.887 -2.949 -3.011 -3.073 -3.135 -3.375 -3.697 -4.019 -4.053 -4.053 -4.054 -4.054 -4.055 -4.056 -4.199 -4.454 -4.473 -4.520 -4.751 -4.982 -5.212 -5.443 -5.674 -5.905 -5.914 -5.898 -5.884 -5.869 -5.855 -5.840 -5.826 -5.811 -5.802 -5.793 -5.784 -5.775 -5.766 -5.758 -5.738 -5.711 -5.682 -5.656 -5.645 -5.633 -5.622 -5.611 -5.599 -5.588 -5.578 -5.568 -5.558 -5.548 -5.538 -5.528 -5.510 -5.486 -5.491 -5.497 -5.498 -5.499 -5.500 -5.501 -5.502
9.635 9.394 9.154 8.914 8.673 8.436 8.198 7.999 7.927 7.854 7.782 7.709 7.637 7.607 7.582 7.557 7.532 7.507 7.477 7.444 7.416 7.421 7.427 7.429 7.281 7.133 6.985 6.962 6.940 6.919 6.860 6.792 6.724 6.657 6.589 6.521 6.453 6.386 6.318 6.250 6.182 6.114 6.047 5.978 5.909 5.840 5.771 5.702 5.633 5.564 5.495 5.396 5.295 5.193 5.092 4.991 4.890 4.788 4.534 4.443 4.352 4.195 4.028 3.862 3.695 3.528 3.362 3.195 3.029 2.883 2.776 2.719 2.715 2.643 2.570 2.497 2.423 2.350 2.277 2.203 2.130 2.057 1.983 1.910 1.837 1.670 1.453 1.236 1.019 0.802 0.585 0.368 0.151 -0.066 -0.283 -0.500 -0.717 -0.934 -1.151 -1.355 -1.558 -1.762 -1.965 -2.168 -2.372 -2.575 -2.778 -2.982 -3.157 -3.293 -3.399 -3.371 -3.466 -3.560 -3.655 -3.718 -3.650 -3.582 -3.514 -3.446 -3.378 -3.284 -3.120 -2.955 -2.790 -2.625 -2.460 -2.296 -2.131 -1.966 -1.801 -2.079 -2.409 -2.471 -2.533 -2.595 -2.749 -3.071 -3.393 -3.715 -4.037 -4.071 -4.072 -4.072 -4.073 -4.074 -4.217 -4.472 -4.727 -4.746 -4.737 -4.784 -5.015 -5.246 -5.477 -5.708 -5.939 -5.948 -5.931 -5.916 -5.901 -5.887 -5.872 -5.858 -5.843 -5.834 -5.825 -5.816 -5.807 -5.798 -5.779 -5.752 -5.725 -5.695 -5.665 -5.640 -5.628 -5.617 -5.606 -5.594 -5.583 -5.573 -5.563 -5.553 -5.543 -5.533 -5.515 -5.491 -5.468 -5.472 -5.480 -5.486 -5.487 -5.488 -5.489 -5.490
9.880 9.639 9.399 9.158 8.918 8.680 8.443 8.206 8.007 7.934 7.862 7.789 7.717 7.687 7.662 7.637 7.612 7.582 7.549 7.517 7.491 7.497 7.502 7.453 7.305 7.157 7.009 6.889 6.867 6.846 6.824 6.803 6.740 6.672 6.605 6.537 6.469 6.401 6.333 6.266 6.198 6.130 6.062 5.995 5.926 5.857 5.788 5.719 5.650 5.581 5.512 5.443 5.358 5.256 5.155 5.054 4.952 4.851 4.530 4.439 4.348 4.232 4.065 3.898 3.732 3.565 3.399 3.232 3.065 2.899 2.761 2.722 2.648 2.575 2.502 2.428 2.355 2.282 2.208 2.135 2.062 1.988 1.915 1.842 1.753 1.535 1.318 1.101 0.884 0.667 0.450 0.233 0.016 -0.201 -0.418 -0.635 -0.852 -1.069 -1.286 -1.492 -1.696 -1.899 -2.102 -2.306 -2.509 -2.712 -2.915 -3.119 -3.322 -3.474 -3.595 -3.593 -3.688 -3.782 -3.818 -3.750 -3.682 -3.614 -3.546 -3.478 -3.410 -3.276 -3.111 -2.947 -2.782 -2.617 -2.452 -2.288 -2.123 -1.958 -1.793 -1.674 -1.992 -2.054 -2.123 -2.445 -2.768 -3.090 -3.412 -3.734 -4.056 -4.090 -4.090 -4.091 -4.092 -4.235 -4.490 -4.745 -5.000 -5.018 -5.010 -5.002 -5.049 -5.279 -5.510 -5.741 -5.972 -5.981 -5.965 -5.949 -5.933 -5.918 -5.904 -5.889 -5.875 -5.865 -5.857 -5.848 -5.839 -5.820 -5.793 -5.766 -5.739 -5.709 -5.679 -5.649 -5.623 -5.612 -5.601 -5.589 -5.578 -5.568 -5.558 -5.548 -5.538 -5.520 -5.496 -5.473 -5.449 -5.453 -5.461 -5.468 -5.474 -5.476 -5.477 -5.478
9.966 9.884 9.644 9.403 9.163 8.925 8.688 8.451 8.213 8.014 7.942 7.869 7.797 7.767 7.742 7.717 7.687 7.654 7.622 7.589 7.566 7.572 7.577 7.477 7.329 7.181 7.033 6.885 6.794 6.773 6.751 6.730 6.708 6.687 6.620 6.553 6.485 6.417 6.349 6.281 6.214 6.146 6.078 6.010 5.943 5.874 5.805 5.736 5.667 5.598 5.529 5.459 5.390 5.319 5.218 5.116 5.015 4.617 4.526 4.435 4.344 4.253 4.102 3.935 3.769 3.602 3.435 3.269 3.102 2.935 2.767 2.653 2.580 2.507 2.433 2.360 2.287 2.213 2.140 2.067 1.993 1.920 1.847 1.773 1.618 1.401 1.184 0.967 0.750 0.533 0.316 0.099 -0.118 -0.335 -0.552 -0.769 -0.986 -1.203 -1.420 -1.630 -1.833 -2.036 -2.239 -2.443 -2.646 -2.849 -3.053 -3.256 -3.459 -3.656 -3.792 -3.815 -3.910 -3.917 -3.849 -3.781 -3.713 -3.645 -3.577 -3.509 -3.433 -3.268 -3.103 -2.938 -2.774 -2.609 -2.444 -2.279 -2.115 -1.950 -1.785 -1.620 -1.576 -1.820 -2.142 -2.464 -2.786 -3.108 -3.430 -3.753 -4.075 -4.108 -4.109 -4.110 -4.253 -4.508 -4.763 -5.018 -5.272 -5.291 -5.283 -5.274 -5.266 -5.313 -5.544 -5.775 -6.006 -6.015 -5.998 -5.982 -5.966 -5.950 -5.936 -5.921 -5.907 -5.897 -5.888 -5.879 -5.860 -5.833 -5.806 -5.779 -5.752 -5.723 -5.693 -5.663 -5.633 -5.607 -5.596 -5.584 -5.573 -5.563 -5.553 -5.543 -5.525 -5.501 -5.478 -5.454 -5.431 -5.435 -5.442 -5.450 -5.457 -5.463 -5.464 -5.466
10.004 9.970 9.888 9.648 9.408 9.170 8.933 8.695 8.458 8.221 8.022 7.949 7.877 7.847 7.822 7.792 7.759 7.727 7.694 7.661 7.641 7.647 7.649 7.501 7.353 7.205 7.057 6.909 6.761 6.699 6.678 6.657 6.635 6.614 6.592 6.568 6.501 6.433 6.365 6.297 6.229 6.162 6.094 6.026 5.958 5.890 5.821 5.752 5.683 5.614 5.545 5.476 5.407 5.338 5.269 5.179 5.078 4.613 4.522 4.431 4.340 4.249 4.138 3.972 3.805 3.636 3.468 3.299 3.130 2.962 2.793 2.659 2.512 2.438 2.365 2.292 2.218 2.145 2.072 1.998 1.925 1.852 1.778 1.701 1.484 1.267 1.050 0.833 0.616 0.399 0.182 -0.035 -0.252 -0.469 -0.687 -0.904 -1.121 -1.338 -1.555 -1.767 -1.970 -2.173 -2.377 -2.580 -2.783 -2.987 -3.190 -3.393 -3.596 -3.800 -3.973 -4.037 -4.016 -3.948 -3.880 -3.812 -3.744 -3.676 -3.608 -3.540 -3.425 -3.260 -3.095 -2.930 -2.765 -2.601 -2.436 -2.271 -2.106 -1.942 -1.777 -1.545 -1.553 -1.856 -2.161 -2.483 -2.805 -3.127 -3.449 -3.771 -4.093 -4.127 -4.128 -4.271 -4.526 -4.781 -5.036 -5.290 -5.545 -5.564 -5.556 -5.547 -5.539 -5.530 -5.577 -5.808 -6.039 -6.048 -6.032 -6.016 -5.999 -5.983 -5.967 -5.953 -5.938 -5.929 -5.920 -5.901 -5.874 -5.847 -5.820 -5.793 -5.766 -5.736 -5.706 -5.676 -5.646 -5.616 -5.591 -5.579 -5.568 -5.558 -5.548 -5.530 -5.506 -5.483 -5.459 -5.436 -5.412 -5.416 -5.424 -5.431 -5.439 -5.446 -5.452 -5.453
10.043 10.009 9.974 9.893 9.652 9.415 9.177 8.940 8.703 8.466 8.228 8.029 7.957 7.927 7.897 7.864 7.832 7.799 7.766 7.733 7.717 7.722 7.673 7.525 7.377 7.229 7.081 6.933 6.785 6.637 6.605 6.583 6.562 6.541 6.519 6.498 6.476 6.449 6.381 6.313 6.245 6.177 6.110 6.042 5.974 5.906 5.838 5.769 5.700 5.631 5.562 5.493 5.424 5.355 5.286 5.217 5.141 4.609 4.518 4.427 4.336 4.245 4.154 4.000 3.831 3.663 3.494 3.326 3.157 2.988 2.821 2.700 2.515 2.370 2.297 2.223 2.150 2.077 2.003 1.930 1.857 1.783 1.710 1.566 1.349 1.132 0.915 0.698 0.481 0.264 0.047 -0.170 -0.387 -0.604 -0.821 -1.038 -1.255 -1.472 -1.689 -1.904 -2.107 -2.311 -2.514 -2.717 -2.920 -3.124 -3.327 -3.530 -3.734 -3.937 -4.140 -4.116 -4.048 -3.980 -3.912 -3.844 -3.776 -3.708 -3.639 -3.571 -3.416 -3.252 -3.087 -2.922 -2.757 -2.593 -2.428 -2.263 -2.098 -1.852 -1.596 -1.518 -1.623 -1.926 -2.229 -2.532 -2.834 -3.146 -3.468 -3.790 -4.112 -4.146 -4.289 -4.544 -4.799 -5.054 -5.308 -5.563 -5.818 -5.837 -5.828 -5.820 -5.812 -5.803 -5.795 -5.842 -6.073 -6.082 -6.065 -6.049 -6.033 -6.017 -6.000 -5.985 -5.970 -5.961 -5.942 -5.915 -5.888 -5.861 -5.834 -5.807 -5.780 -5.750 -5.720 -5.690 -5.660 -5.630 -5.600 -5.574 -5.563 -5.553 -5.535 -5.511 -5.488 -5.464 -5.441 -5.417 -5.393 -5.398 -5.405 -5.413 -5.420 -5.428 -5.435 -5.441
10.081 10.047 10.013 9.979 9.897 9.659 9.422 9.185 8.948 8.710 8.473 8.236 8.037 8.002 7.969 7.937 7.904 7.871 7.838 7.805 7.792 7.797 7.697 7.549 7.401 7.253 7.105 6.957 6.809 6.661 6.532 6.510 6.489 6.467 6.446 6.424 6.403 6.382 6.360 6.329 6.261 6.193 6.125 6.058 5.990 5.922 5.854 5.786 5.717 5.648 5.579 5.510 5.441 5.372 5.303 5.234 5.165 4.605 4.514 4.423 4.332 4.241 4.150 4.026 3.858 3.689 3.521 3.352 3.183 3.015 2.851 2.730 2.610 2.371 2.228 2.155 2.082 2.008 1.935 1.862 1.788 1.715 1.641 1.432 1.215 0.998 0.781 0.564 0.347 0.130 -0.087 -0.304 -0.521 -0.738 -0.955 -1.172 -1.389 -1.606 -1.823 -2.040 -2.245 -2.448 -2.651 -2.854 -3.058 -3.261 -3.464 -3.668 -3.871 -3.752 -3.765 -3.982 -4.079 -4.011 -3.943 -3.875 -3.807 -3.739 -3.671 -3.573 -3.408 -3.243 -3.079 -2.914 -2.749 -2.584 -2.416 -2.160 -1.904 -1.647 -1.499 -1.593 -1.693 -1.996 -2.299 -2.602 -2.904 -3.207 -3.510 -3.813 -4.131 -4.307 -4.562 -4.817 -5.072 -5.326 -5.581 -5.836 -6.091 -6.109 -6.101 -6.093 -6.084 -6.076 -6.068 -6.059 -6.106 -6.115 -6.099 -6.083 -6.066 -6.050 -6.034 -6.018 -6.002 -5.982 -5.955 -5.928 -5.901 -5.874 -5.847 -5.820 -5.793 -5.764 -5.734 -5.704 -5.674 -5.644 -5.614 -5.584 -5.558 -5.540 -5.516 -5.493 -5.469 -5.446 -5.422 -5.398 -5.375 -5.379 -5.386 -5.394 -5.401 -5.409 -5.416 -5.424
10.119 10.085 10.051 10.017 10.010 9.799 9.562 9.324 9.087 8.850 8.613 8.375 8.191 8.074 8.042 8.009 7.976 7.943 7.910 7.877 7.867 7.869 7.721 7.573 7.425 7.277 7.129 6.981 6.833 6.685 6.537 6.437 6.416 6.394 6.373 6.351 6.330 6.308 6.287 6.266 6.244 6.209 6.141 6.073 6.006 5.938 5.870 5.802 5.734 5.665 5.596 5.527 5.458 5.389 5.320 5.251 4.692 4.601 4.510 4.419 4.328 4.237 4.147 4.053 3.884 3.716 3.547 3.379 3.210 3.041 2.882 2.761 2.640 2.484 2.226 2.087 2.013 1.940 1.866 1.793 1.720 1.646 1.514 1.297 1.080 0.863 0.646 0.429 0.212 -0.005 -0.222 -0.439 -0.656 -0.873 -1.090 -1.307 -1.524 -1.741 -1.958 -2.175 -2.382 -2.585 -2.788 -2.992 -3.195 -3.398 -3.601 -3.805 -3.270 -3.282 -3.399 -3.620 -3.853 -4.042 -3.974 -3.906 -3.838 -3.770 -3.702 -3.565 -3.400 -3.235 -3.070 -2.906 -2.724 -2.467 -2.211 -1.955 -1.699 -1.480 -1.574 -1.669 -1.763 -2.066 -2.369 -2.672 -2.974 -3.277 -3.580 -3.883 -4.190 -4.418 -4.673 -4.927 -5.182 -5.437 -5.692 -5.946 -6.201 -6.220 -6.211 -6.203 -6.195 -6.186 -6.178 -6.170 -6.165 -6.150 -6.134 -6.118 -6.102 -6.085 -6.069 -6.053 -6.035 -5.996 -5.969 -5.942 -5.915 -5.888 -5.861 -5.834 -5.807 -5.777 -5.747 -5.717 -5.687 -5.657 -5.627 -5.597 -5.556 -5.530 -5.506 -5.482 -5.459 -5.435 -5.412 -5.388 -5.372 -5.383 -5.390 -5.398 -5.405 -5.413 -5.420 -5.428
10.158 10.124 10.089 10.083 10.097 9.886 9.648 9.411 9.174 8.937 8.699 8.515 8.372 8.228 8.114 8.081 8.048 8.015 7.982 7.949 7.942 7.893 7.745 7.597 7.449 7.301 7.153 7.005 6.857 6.709 6.561 6.413 6.342 6.321 6.300 6.278 6.257 6.235 6.214 6.192 6.171 6.150 6.128 6.089 6.021 5.954 5.886 5.818 5.750 5.681 5.612 5.543 5.474 5.405 5.336 5.267 4.539 4.539 4.506 4.415 4.324 4.234 4.143 4.052 3.911 3.742 3.574 3.405 3.237 3.068 2.913 2.792 2.671 2.550 2.339 2.082 1.945 1.871 1.798 1.725 1.651 1.578 1.380 1.163 0.946 0.729 0.512 0.295 0.078 -0.139 -0.356 -0.573 -0.790 -1.007 -1.224 -1.441 -1.658 -1.875 -2.092 -2.309 -2.519 -2.722 -2.926 -3.129 -3.332 -3.535 -3.462 -2.788 -2.800 -2.916 -3.033 -3.259 -3.492 -3.725 -3.958 -3.937 -3.869 -3.801 -3.721 -3.557 -3.392 -3.227 -3.031 -2.775 -2.519 -2.262 -2.006 -1.750 -1.494 -1.556 -1.650 -1.744 -1.838 -2.136 -2.439 -2.742 -3.044 -3.347 -3.650 -3.953 -4.269 -4.541 -4.702 -4.956 -5.211 -5.466 -5.721 -5.975 -6.230 -6.249 -6.240 -6.232 -6.224 -6.215 -6.207 -6.202 -6.201 -6.186 -6.170 -6.154 -6.137 -6.121 -6.105 -6.087 -6.069 -6.025 -5.982 -5.955 -5.928 -5.901 -5.874 -5.847 -5.820 -5.791 -5.761 -5.731 -5.701 -5.671 -5.641 -5.599 -5.550 -5.523 -5.500 -5.476 -5.453 -5.429 -5.405 -5.389 -5.379 -5.392 -5.405 -5.413 -5.420 -5.428 -5.435 -5.443
10.196 10.162 10.155 10.169 10.183 9.972 9.735 9.498 9.260 9.023 8.839 8.696 8.552 8.409 8.266 8.153 8.120 8.087 8.054 8.021 8.017 7.917 7.769 7.621 7.473 7.325 7.177 7.029 6.881 6.733 6.585 6.437 6.289 6.248 6.226 6.205 6.184 6.162 6.141 6.119 6.098 6.076 6.055 6.034 6.012 5.969 5.902 5.834 5.766 5.698 5.629 5.560 5.491 5.422 5.353 3.873 3.873 3.873 3.873 3.873 3.873 3.873 3.873 3.873 3.873 3.769 3.600 3.432 3.263 3.094 2.944 2.823 2.702 2.581 2.453 2.195 1.938 1.803 1.730 1.656 1.583 1.462 1.245 1.028 0.811 0.594 0.377 0.160 -0.057 -0.274 -0.491 -0.708 -0.925 -1.142 -1.359 -1.576 -1.793 -2.010 -2.227 -2.444 -2.656 -2.859 -3.063 -3.266 -3.469 -2.980 -2.307 -2.317 -2.434 -2.836 -2.969 -2.969 -3.130 -3.363 -3.596 -3.829 -3.901 -3.833 -3.713 -3.548 -3.339 -3.082 -2.826 -2.570 -2.314 -2.057 -1.801 -1.545 -1.537 -1.631 -1.725 -1.819 -1.914 -2.206 -2.509 -2.811 -3.114 -3.417 -3.720 -4.028 -4.348 -4.668 -4.824 -4.985 -5.240 -5.495 -5.750 -6.004 -6.259 -6.278 -6.269 -6.261 -6.253 -6.244 -6.240 -6.238 -6.237 -6.222 -6.206 -6.190 -6.173 -6.157 -6.139 -6.121 -6.102 -6.058 -6.011 -5.969 -5.942 -5.915 -5.888 -5.861 -5.834 -5.804 -5.774 -5.744 -5.714 -5.684 -5.643 -5.593 -5.543 -5.517 -5.494 -5.470 -5.446 -5.423 -5.407 -5.396 -5.386 -5.399 -5.414 -5.428 -5.435 -5.443 -5.450 -5.458
10.234 10.227 10.242 10.256 10.270 10.059 9.822 9.584 9.347 9.163 9.019 8.876 8.733 8.590 8.447 8.303 8.192 8.159 8.126 8.093 8.089 7.941 7.793 7.645 7.497 7.349 7.201 7.053 6.905 6.757 6.609 6.461 6.313 6.175 6.153 6.132 6.110 6.089 6.068 6.046 6.025 6.003 5.982 5.960 5.939 5.918 5.896 5.850 5.782 5.714 5.646 5.577 5.508 5.439 5.370 3.206 3.206 3.206 3.206 3.206 3.206 3.206 3.206 3.206 3.206 3.206 3.206 3.206 3.206 3.121 2.974 2.853 2.733 2.612 2.491 2.308 2.051 1.793 1.661 1.588 1.515 1.328 1.111 0.894 0.677 0.460 0.243 0.026 -0.191 -0.408 -0.625 -0.842 -1.059 -1.276 -1.493 -1.710 -1.927 -2.144 -2.361 -2.578 -2.793 -2.997 -3.200 -3.171 -2.498 -2.193 -2.193 -2.159 -2.169 -2.836 -2.969 -2.969 -2.969 -3.002 -3.235 -3.468 -3.701 -3.864 -3.646 -3.390 -3.134 -2.877 -2.621 -2.365 -2.109 -1.852 -1.596 -1.518 -1.612 -1.706 -1.801 -1.895 -1.989 -2.276 -2.579 -2.881 -3.184 -3.487 -3.790 -4.107 -4.427 -4.747 -4.975 -5.108 -5.269 -5.524 -5.779 -6.033 -6.288 -6.307 -6.298 -6.290 -6.282 -6.277 -6.276 -6.274 -6.273 -6.258 -6.242 -6.225 -6.209 -6.192 -6.173 -6.154 -6.135 -6.091 -6.044 -5.998 -5.955 -5.928 -5.901 -5.874 -5.847 -5.818 -5.788 -5.758 -5.728 -5.686 -5.637 -5.587 -5.537 -5.511 -5.487 -5.464 -5.440 -5.424 -5.414 -5.404 -5.394 -5.406 -5.422 -5.437 -5.450 -5.458 -5.465 -5.473
10.300 10.314 10.328 10.342 10.357 10.145 9.908 9.671 9.487 9.343 9.200 9.057 8.914 8.770 8.627 8.484 8.341 8.231 8.198 8.165 8.113 7.965 7.817 7.669 7.521 7.373 7.225 7.077 6.929 6.781 6.633 6.485 6.337 6.189 6.080 6.059 6.037 6.016 5.994 5.973 5.952 5.930 5.909 5.887 5.866 5.844 5.823 5.802 5.780 5.730 5.662 5.594 5.525 5.456 2.692 2.539 2.539 2.539 2.539 2.539 2.539 2.539 2.539 2.539 2.539 2.539 2.539 2.539 2.539 2.539 2.539 2.539 2.539 2.539 2.522 2.401 2.164 1.906 1.649 1.520 1.410 1.193 0.976 0.759 0.542 0.325 0.108 -0.109 -0.326 -0.543 -0.760 -0.977 -1.194 -1.411 -1.628 -1.845 -2.062 -2.279 -2.496 -2.713 -2.930 -3.134 -2.690 -2.016 -2.186 -2.193 -2.193 -2.159 -2.065 -2.528 -2.549 -2.549 -2.549 -2.640 -2.873 -3.038 -3.190 -3.343 -3.326 -3.185 -2.929 -2.672 -2.416 -2.160 -1.904 -1.647 -1.499 -1.593 -1.688 -1.782 -1.876 -1.970 -2.065 -2.346 -2.649 -2.951 -3.254 -3.557 -3.865 -4.186 -4.506 -4.826 -5.126 -5.259 -5.392 -5.553 -5.808 -6.062 -6.317 -6.336 -6.327 -6.319 -6.315 -6.313 -6.312 -6.310 -6.309 -6.294 -6.278 -6.261 -6.244 -6.225 -6.206 -6.187 -6.169 -6.125 -6.078 -6.031 -5.984 -5.942 -5.915 -5.888 -5.861 -5.831 -5.801 -5.771 -5.730 -5.680 -5.630 -5.581 -5.531 -5.505 -5.481 -5.457 -5.441 -5.431 -5.421 -5.411 -5.401 -5.414 -5.429 -5.444 -5.459 -5.473 -5.480 -5.488
10.386 10.401 10.415 10.429 10.443 10.232 9.995 9.810 9.667 9.524 9.381 9.238 9.094 8.951 8.808 8.665 8.521 8.378 8.270 8.237 8.137 7.989 7.841 7.693 7.545 7.397 7.249 7.101 6.953 6.805 6.657 6.509 6.361 6.213 6.065 5.986 5.964 5.943 5.921 5.900 5.878 5.857 5.836 5.814 5.793 5.771 5.750 5.728 5.707 5.686 5.664 5.610 5.542 5.473 2.419 1.979 1.979 1.979 1.979 1.979 1.979 1.979 1.979 1.979 1.979 1.979 1.979 1.979 1.979 1.979 1.979 1.979 1.979 1.979 1.979 1.979 1.979 1.979 1.762 1.505 1.281 1.072 0.862 0.653 0.443 0.234 0.024 -0.185 -0.395 -0.604 -0.814 -1.023 -1.233 -1.442 -1.652 -1.861 -2.070 -2.280 -2.489 -2.699 -2.936 -2.208 -1.535 -1.519 -2.186 -2.193 -2.193 -2.159 -1.620 -1.874 -1.882 -1.882 -1.943 -2.096 -2.530 -2.770 -2.770 -2.770 -2.817 -2.696 -2.574 -2.453 -2.211 -1.955 -1.699 -1.480 -1.574 -1.669 -1.763 -1.857 -1.951 -2.046 -2.140 -2.416 -2.719 -3.021 -3.324 -3.627 -3.944 -4.265 -4.585 -4.906 -5.226 -5.410 -5.543 -5.676 -5.837 -6.091 -6.346 -6.365 -6.356 -6.352 -6.350 -6.349 -6.347 -6.346 -6.344 -6.330 -6.313 -6.296 -6.277 -6.258 -6.240 -6.221 -6.202 -6.158 -6.111 -6.064 -6.017 -5.971 -5.928 -5.901 -5.874 -5.845 -5.815 -5.773 -5.724 -5.674 -5.624 -5.574 -5.525 -5.498 -5.475 -5.459 -5.449 -5.438 -5.428 -5.418 -5.408 -5.421 -5.436 -5.451 -5.467 -5.482 -5.495 -5.503
10.473 10.487 10.501 10.516 10.530 10.319 10.134 9.991 9.848 9.705 9.561 9.418 9.275 9.132 8.988 8.845 8.702 8.559 8.416 8.309 8.161 8.013 7.865 7.717 7.569 7.421 7.273 7.125 6.977 6.829 6.681 6.533 6.385 6.237 6.089 5.941 5.891 5.870 5.848 5.827 5.805 5.784 5.762 5.741 5.720 5.698 5.677 5.655 5.634 5.612 5.591 5.570 5.548 3.086 2.419 1.979 1.979 1.979 1.979 1.979 1.979 1.979 1.979 1.979 1.979 1.979 1.979 1.979 1.979 1.979 1.979 1.979 1.979 1.979 1.979 1.979 1.979 1.979 1.927 1.674 1.420 1.366 1.290 1.080 0.871 0.661 0.452 0.242 0.033 -0.177 -0.386 -0.596 -0.805 -1.015 -1.224 -1.434 -1.681 -1.928 -2.175 -2.421 -1.901 -1.121 -0.853 -1.519 -2.186 -2.193 -2.193 -2.159 -1.493 -1.744 -1.744 -1.744 -1.704 -1.863 -2.530 -2.770 -2.770 -2.770 -2.303 -2.188 -2.066 -1.945 -1.823 -1.701 -1.494 -1.556 -1.650 -1.744 -1.838 -1.933 -2.027 -2.121 -2.215 -2.486 -2.789 -3.091 -3.394 -3.703 -4.024 -4.344 -4.664 -4.985 -5.305 -5.561 -5.694 -5.827 -5.959 -6.120 -6.375 -6.394 -6.389 -6.388 -6.386 -6.385 -6.383 -6.382 -6.380 -6.366 -6.348 -6.329 -6.310 -6.292 -6.273 -6.254 -6.235 -6.191 -6.145 -6.098 -6.051 -6.004 -5.957 -5.915 -5.888 -5.858 -5.817 -5.767 -5.717 -5.668 -5.618 -5.568 -5.518 -5.492 -5.476 -5.466 -5.456 -5.446 -5.436 -5.425 -5.415 -5.428 -5.443 -5.459 -5.474 -5.489 -5.504 -5.518
10.560 10.574 10.588 10.602 10.617 10.458 10.315 10.172 10.028 9.884 9.738 9.592 9.445 9.299 9.153 9.007 8.860 8.714 8.555 8.320 8.197 8.037 7.889 7.741 7.593 7.445 7.297 7.149 7.001 6.853 6.705 6.557 6.409 6.261 6.113 5.965 5.818 5.796 5.775 5.754 5.732 5.711 5.689 5.668 5.646 5.625 5.604 5.582 5.561 5.539 5.518 5.496 3.753 3.086 2.419 1.979 1.979 1.979 1.979 1.979 1.979 1.979 1.979 1.979 1.979 1.979 1.979 1.979 1.979 1.979 1.979 1.979 1.979 1.979 1.979 1.979 1.979 1.979 1.979 1.830 1.590 1.337 1.164 1.358 1.298 1.089 0.879 0.670 0.460 0.251 0.041 -0.171 -0.418 -0.665 -0.912 -1.159 -1.405 -1.652 -1.899 -1.647 -0.867 -0.534 -0.782 -1.388 -1.753 -1.753 -1.753 -1.751 -1.366 -1.504 -1.504 -1.504 -1.501 -1.860 -2.519 -2.696 -2.696 -2.696 -2.297 -1.680 -1.558 -1.557 -1.570 -1.582 -1.595 -1.631 -1.725 -1.819 -1.914 -2.008 -2.102 -2.196 -2.291 -2.556 -2.858 -3.161 -3.464 -3.782 -4.103 -4.423 -4.743 -5.064 -5.384 -5.704 -5.845 -5.978 -6.110 -6.243 -6.404 -6.427 -6.425 -6.424 -6.422 -6.421 -6.419 -6.418 -6.416 -6.400 -6.381 -6.363 -6.344 -6.325 -6.306 -6.288 -6.269 -6.225 -6.178 -6.131 -6.084 -6.037 -5.990 -5.944 -5.901 -5.860 -5.811 -5.761 -5.711 -5.661 -5.612 -5.562 -5.512 -5.493 -5.483 -5.473 -5.463 -5.453 -5.443 -5.433 -5.423 -5.435 -5.451 -5.466 -5.481 -5.496 -5.512 -5.527
10.654 10.668 10.682 10.696 10.711 10.609 10.463 10.316 10.170 10.024 9.878 9.732 9.585 9.439 9.293 9.147 9.000 8.798 8.506 8.330 8.176 8.069 7.931 7.765 7.617 7.469 7.321 7.173 7.025 6.877 6.729 6.581 6.433 6.285 6.137 5.989 5.841 5.723 5.702 5.680 5.659 5.638 5.616 5.595 5.573 5.552 5.530 5.509 5.488 5.466 5.445 4.419 3.753 3.086 2.419 1.979 1.979 1.979 1.979 1.979 1.979 1.979 1.979 1.979 1.979 1.979 1.979 1.979 1.979 1.979 1.979 1.979 1.979 1.979 1.979 1.979 1.979 1.979 1.968 1.815 1.662 1.507 1.254 1.000 1.157 1.350 1.306 1.092 0.845 0.598 0.351 0.104 -0.142 -0.389 -0.636 -0.883 -1.130 -1.377 -1.393 -0.881 -0.881 -0.881 -0.881 -0.897 -1.086 -1.086 -1.086 -1.086 -1.081 -1.232 -1.260 -1.288 -1.316 -1.599 -1.992 -2.030 -2.030 -2.030 -1.895 -1.566 -1.672 -1.719 -1.732 -1.744 -1.757 -1.769 -1.801 -1.895 -1.989 -2.083 -2.178 -2.272 -2.366 -2.626 -2.928 -3.231 -3.541 -3.861 -4.182 -4.502 -4.822 -5.143 -5.463 -5.784 -5.996 -6.129 -6.261 -6.351 -6.367 -6.374 -6.373 -6.371 -6.370 -6.368 -6.367 -6.365 -6.396 -6.433 -6.414 -6.396 -6.377 -6.358 -6.339 -6.321 -6.302 -6.258 -6.211 -6.164 -6.117 -6.071 -6.024 -5.977 -5.919 -5.879 -5.829 -5.779 -5.729 -5.680 -5.630 -5.580 -5.530 -5.516 -5.506 -5.496 -5.486 -5.476 -5.465 -5.455 -5.425 -5.434 -5.449 -5.464 -5.480 -5.495 -5.510 -5.525
10.751 10.765 10.780 10.794 10.808 10.749 10.603 10.456 10.310 10.164 10.018 9.871 9.725 9.579 9.433 9.286 9.040 8.748 8.505 8.339 8.173 8.048 7.941 7.831 7.665 7.499 7.345 7.197 7.049 6.901 6.753 6.605 6.457 6.309 6.161 6.013 5.865 5.717 5.629 5.607 5.586 5.564 5.543 5.522 5.500 5.479 5.457 5.436 5.414 5.393 5.372 4.419 3.753 3.086 2.419 1.979 1.979 1.979 1.979 1.979 1.979 1.979 1.979 1.979 1.979 1.979 1.979 1.979 1.979 1.979 1.979 1.979 1.979 1.979 1.979 1.979 1.979 1.979 1.954 1.801 1.648 1.495 1.341 1.170 0.917 0.955 1.149 1.320 1.120 0.874 0.627 0.380 0.133 -0.114 -0.361 -0.628 -0.881 -1.102 -0.881 -0.881 -0.881 -0.881 -0.881 -0.881 -0.881 -0.881 -0.881 -0.891 -1.049 -1.155 -1.183 -1.211 -1.239 -1.268 -1.343 -1.363 -1.363 -1.381 -1.447 -1.548 -1.653 -1.759 -1.866 -1.907 -1.919 -1.931 -1.944 -1.970 -2.065 -2.159 -2.253 -2.347 -2.442 -2.696 -2.998 -3.301 -3.620 -3.940 -4.261 -4.581 -4.902 -5.222 -5.542 -5.863 -6.147 -6.213 -6.228 -6.244 -6.259 -6.274 -6.276 -6.275 -6.273 -6.272 -6.270 -6.269 -6.429 -6.466 -6.448 -6.429 -6.410 -6.391 -6.373 -6.354 -6.335 -6.291 -6.244 -6.197 -6.151 -6.104 -6.057 -5.999 -5.932 -5.896 -5.859 -5.809 -5.760 -5.710 -5.660 -5.610 -5.561 -5.546 -5.536 -5.526 -5.516 -5.506 -5.496 -5.465 -5.419 -5.428 -5.443 -5.459 -5.474 -5.489 -5.504 -5.521
10.849 10.863 10.877 10.892 10.906 10.889 10.743 10.596 10.450 10.304 10.158 10.011 9.865 9.719 9.573 9.282 8.990 8.698 8.514 8.348 8.182 8.027 7.920 7.813 7.706 7.565 7.399 7.232 7.073 6.925 6.777 6.629 6.481 6.333 6.185 6.037 5.889 5.741 5.593 5.534 5.513 5.491 5.470 5.448 5.427 5.406 5.384 5.363 5.341 5.320 5.086 4.419 3.753 3.086 2.419 1.979 1.979 1.979 1.979 1.979 1.979 1.979 1.979 1.979 1.979 1.979 1.979 1.979 1.979 1.979 1.979 1.979 1.979 1.979 1.979 1.979 1.979 1.979 1.940 1.786 1.633 1.480 1.327 1.174 1.021 0.834 0.753 0.941 1.103 1.149 0.902 0.655 0.408 0.161 -0.086 -0.628 -0.881 -0.881 -0.881 -0.881 -0.881 -0.881 -0.881 -0.881 -0.881 -0.881 -0.881 -0.881 -1.017 -1.077 -1.106 -1.134 -1.162 -1.190 -1.219 -1.247 -1.275 -1.328 -1.429 -1.529 -1.633 -1.740 -1.846 -1.953 -2.060 -2.094 -2.106 -2.119 -2.140 -2.234 -2.328 -2.423 -2.517 -2.766 -3.068 -3.379 -3.699 -4.020 -4.340 -4.660 -4.981 -5.301 -5.621 -5.786 -5.936 -6.105 -6.120 -6.136 -6.151 -6.167 -6.179 -6.178 -6.176 -6.175 -6.173 -6.172 -6.462 -6.499 -6.480 -6.462 -6.443 -6.424 -6.406 -6.387 -6.368 -6.324 -6.277 -6.231 -6.184 -6.137 -6.079 -6.012 -5.946 -5.909 -5.876 -5.840 -5.790 -5.740 -5.690 -5.641 -5.591 -5.577 -5.566 -5.556 -5.546 -5.536 -5.506 -5.460 -5.413 -5.422 -5.438 -5.453 -5.468 -5.483 -5.500 -5.517
10.946 10.961 10.975 10.989 11.003 11.029 10.882 10.736 10.590 10.444 10.297 10.151 10.005 9.817 9.525 9.233 8.941 8.689 8.523 8.357 8.191 8.025 7.899 7.792 7.685 7.578 7.465 7.298 7.132 6.966 6.801 6.653 6.505 6.357 6.209 6.061 5.913 5.765 5.617 5.469 5.439 5.418 5.397 5.375 5.354 5.332 5.311 5.290 5.268 5.232 5.086 4.419 3.753 3.086 2.419 1.979 1.979 1.979 1.979 1.979 1.979 1.979 1.979 1.979 1.979 1.979 1.979 1.979 1.979 1.979 1.979 1.979 1.979 1.979 1.979 1.979 1.979 1.979 1.919 1.772 1.619 1.466 1.312 1.159 1.006 0.853 0.700 0.551 0.725 0.886 1.048 0.930 0.683 0.314 0.039 -0.628 -0.881 -0.881 -0.881 -0.881 -0.881 -0.881 -0.881 -0.881 -0.881 -0.881 -0.881 -0.881 -0.972 -1.000 -1.029 -1.057 -1.085 -1.113 -1.142 -1.170 -1.209 -1.309 -1.410 -1.511 -1.613 -1.720 -1.827 -1.933 -2.040 -2.147 -2.254 -2.281 -2.293 -2.310 -2.404 -2.498 -2.592 -2.836 -3.138 -3.458 -3.778 -4.099 -4.419 -4.739 -5.028 -5.167 -5.306 -5.445 -5.605 -5.776 -5.948 -6.028 -6.044 -6.059 -6.074 -6.081 -6.080 -6.078 -6.077 -6.075 -6.494 -6.532 -6.513 -6.495 -6.476 -6.458 -6.439 -6.420 -6.401 -6.357 -6.311 -6.264 -6.217 -6.159 -6.092 -6.026 -5.959 -5.923 -5.890 -5.857 -5.820 -5.770 -5.721 -5.671 -5.621 -5.607 -5.597 -5.587 -5.576 -5.546 -5.500 -5.454 -5.408 -5.417 -5.432 -5.447 -5.462 -5.479 -5.496 -5.514
11.008 11.058 11.073 11.087 11.101 11.159 11.022 10.876 10.730 10.584 10.437 10.291 10.059 9.767 9.475 9.183 8.891 8.698 8.532 8.366 8.200 8.034 7.878 7.772 7.665 7.558 7.451 7.344 7.198 7.032 6.866 6.700 6.533 6.381 6.233 6.085 5.937 5.789 5.641 5.493 5.366 5.345 5.323 5.302 5.281 5.259 5.238 5.216 5.185 5.138 5.086 4.419 3.753 3.086 2.419 1.979 1.979 1.979 1.979 1.979 1.979 1.979 1.979 1.979 1.979 1.979 1.979 1.979 1.979 1.979 1.979 1.979 1.979 1.979 1.979 1.979 1.979 1.965 1.819 1.672 1.525 1.378 1.232 1.085 0.938 0.791 0.644 0.498 0.450 0.514 0.669 0.831 0.958 0.314 0.039 -0.628 -0.881 -0.881 -0.881 -0.881 -0.881 -0.881 -0.881 -0.881 -0.881 -0.881 -0.881 -0.881 -0.895 -0.923 -0.951 -0.980 -1.008 -1.036 -1.064 -1.093 -1.190 -1.291 -1.392 -1.493 -1.594 -1.700 -1.807 -1.914 -2.020 -2.127 -2.234 -2.341 -2.447 -2.468 -2.480 -2.573 -2.668 -2.905 -3.217 -3.537 -3.857 -4.178 -4.409 -4.548 -4.687 -4.827 -4.966 -5.105 -5.274 -5.446 -5.617 -5.789 -5.936 -5.951 -5.967 -5.982 -5.983 -5.981 -5.980 -6.005 -6.527 -6.564 -6.546 -6.528 -6.509 -6.491 -6.472 -6.453 -6.434 -6.391 -6.344 -6.297 -6.239 -6.172 -6.106 -6.039 -5.972 -5.936 -5.903 -5.870 -5.837 -5.801 -5.751 -5.701 -5.651 -5.637 -5.627 -5.617 -5.586 -5.540 -5.494 -5.448 -5.402 -5.411 -5.426 -5.441 -5.458 -5.475 -5.493 -5.510
11.060 11.120 11.170 11.184 11.199 11.257 11.162 11.016 10.870 10.723 10.577 10.302 10.010 9.718 9.426 9.134 8.874 8.707 8.541 8.375 8.209 8.043 7.877 7.751 7.644 7.537 7.430 7.323 7.216 7.098 6.932 6.766 6.600 6.433 6.267 6.109 5.961 5.813 5.665 5.517 5.369 5.272 5.250 5.229 5.207 5.186 5.165 5.138 5.091 5.044 4.998 4.419 3.753 3.086 2.419 1.979 1.979 1.979 1.979 1.979 1.979 1.979 1.979 1.979 1.979 1.979 1.979 1.979 1.979 1.979 1.979 1.979 1.979 1.979 1.979 1.979 1.979 1.865 1.719 1.572 1.425 1.278 1.132 0.985 0.838 0.691 0.577 0.498 0.458 0.516 0.580 0.644 0.708 0.520 0.039 -0.628 -0.881 -0.881 -0.881 -0.881 -0.881 -0.881 -0.881 -0.881 -0.881 -0.881 -0.881 -0.881 -0.881 -0.881 -0.881 -0.903 -0.931 -0.959 -0.987 -1.071 -1.172 -1.273 -1.373 -1.474 -1.575 -1.681 -1.787 -1.894 -2.001 -2.107 -2.214 -2.321 -2.428 -2.534 -2.641 -2.655 -2.743 -2.975 -3.296 -3.616 -3.790 -3.930 -4.069 -4.208 -4.347 -4.486 -4.625 -4.771 -4.943 -5.115 -5.286 -5.458 -5.630 -5.801 -5.859 -5.874 -5.886 -5.885 -5.883 -6.038 -6.560 -6.597 -6.579 -6.560 -6.542 -6.524 -6.505 -6.486 -6.468 -6.424 -6.377 -6.319 -6.252 -6.186 -6.119 -6.052 -5.986 -5.949 -5.916 -5.884 -5.851 -5.818 -5.781 -5.731 -5.682 -5.667 -5.657 -5.627 -5.581 -5.535 -5.488 -5.442 -5.396 -5.405 -5.420 -5.437 -5.454 -5.472 -5.489 -5.507
11.111 11.172 11.232 11.282 11.296 11.354 11.302 11.156 11.010 10.836 10.544 10.252 9.960 9.668 9.376 9.084 8.883 8.717 8.551 8.384 8.218 8.052 7.886 7.730 7.623 7.516 7.409 7.302 7.195 7.088 6.981 6.832 6.666 6.500 6.333 6.167 6.001 5.837 5.689 5.541 5.393 5.245 5.177 5.156 5.134 5.113 5.091 5.044 4.997 4.950 4.904 4.419 3.753 3.086 2.419 1.979 1.979 1.979 1.979 1.979 1.979 1.979 1.979 1.979 1.979 1.979 1.979 1.979 1.979 1.979 1.979 1.979 1.979 1.979 1.979 1.979 1.912 1.765 1.619 1.472 1.325 1.178 1.032 0.885 0.746 0.666 0.586 0.515 0.485 0.518 0.582 0.646 0.710 0.706 0.039 -0.628 -0.881 -0.881 -0.881 -0.881 -0.881 -0.881 -0.881 -0.881 -0.881 -0.881 -0.881 -0.881 -0.881 -0.881 -0.881 -0.881 -0.881 -0.882 -0.952 -1.053 -1.153 -1.254 -1.355 -1.456 -1.557 -1.661 -1.768 -1.874 -1.981 -2.088 -2.195 -2.301 -2.408 -2.515 -2.621 -2.728 -2.830 -3.033 -3.172 -3.311 -3.450 -3.589 -3.728 -3.867 -4.006 -4.145 -4.284 -4.441 -4.612 -4.784 -4.955 -5.127 -5.299 -5.470 -5.642 -5.767 -5.782 -5.788 -5.786 -6.071 -6.593 -6.630 -6.611 -6.593 -6.575 -6.556 -6.538 -6.519 -6.501 -6.457 -6.399 -6.332 -6.266 -6.199 -6.132 -6.066 -5.999 -5.963 -5.930 -5.897 -5.864 -5.831 -5.798 -5.762 -5.712 -5.698 -5.667 -5.621 -5.575 -5.529 -5.483 -5.437 -5.390 -5.399 -5.416 -5.433 -5.451 -5.468 -5.486 -5.503
11.163 11.223 11.284 11.344 11.394 11.452 11.442 11.296 11.078 10.786 10.494 10.202 9.910 9.618 9.326 9.058 8.892 8.726 8.560 8.394 8.228 8.061 7.895 7.729 7.602 7.495 7.388 7.281 7.174 7.067 6.960 6.853 6.732 6.566 6.399 6.233 6.067 5.901 5.735 5.568 5.417 5.269 5.121 5.083 5.061 5.040 4.997 4.950 4.903 4.856 4.810 4.419 3.753 3.086 2.419 1.979 1.979 1.979 1.979 1.979 1.979 1.979 1.979 1.979 1.979 1.979 1.979 1.979 1.979 1.979 1.979 1.979 1.979 1.979 1.979 1.959 1.812 1.665 1.519 1.372 1.225 1.078 0.932 0.834 0.754 0.675 0.595 0.543 0.513 0.520 0.584 0.648 0.712 0.706 0.039 -0.628 -0.881 -0.881 -0.881 -0.881 -0.881 -0.881 -0.881 -0.881 -0.881 -0.881 -0.881 -0.881 -0.881 -0.881 -0.881 -0.881 -0.881 -0.881 -0.933 -1.034 -1.135 -1.236 -1.337 -1.438 -1.538 -1.641 -1.748 -1.855 -1.961 -2.068 -2.175 -2.282 -2.388 -2.495 -2.602 -2.708 -2.810 -2.810 -2.831 -2.970 -3.109 -3.248 -3.387 -3.526 -3.666 -3.805 -3.944 -4.110 -4.281 -4.453 -4.625 -4.796 -4.968 -5.139 -5.311 -5.483 -5.654 -5.690 -5.690 -6.103 -6.625 -6.663 -6.644 -6.626 -6.607 -6.589 -6.571 -6.552 -6.534 -6.479 -6.412 -6.346 -6.279 -6.212 -6.146 -6.079 -6.012 -5.976 -5.943 -5.910 -5.877 -5.845 -5.812 -5.779 -5.742 -5.708 -5.661 -5.615 -5.569 -5.523 -5.477 -5.431 -5.385 -5.395 -5.412 -5.430 -5.447 -5.465 -5.482 -5.500
11.230 11.291 11.351 11.412 11.477 11.547 11.582 11.321 11.029 10.737 10.445 10.153 9.861 9.569 9.277 9.067 8.901 8.735 8.569 8.403 8.237 8.071 7.905 7.738 7.581 7.474 7.367 7.260 7.153 7.046 6.939 6.832 6.725 6.618 6.466 6.299 6.133 5.967 5.801 5.634 5.468 5.302 5.145 5.009 4.988 4.618 4.618 4.618 4.618 4.618 4.618 4.419 3.753 3.086 2.419 1.979 1.979 1.979 1.979 1.979 1.979 1.979 1.979 1.979 1.979 1.979 1.979 1.979 1.979 1.979 1.979 1.979 1.979 1.979 1.979 1.859 1.712 1.565 1.419 1.272 1.125 1.002 0.923 0.843 0.763 0.684 0.604 0.570 0.540 0.522 0.586 0.650 0.714 0.706 0.039 -0.628 -0.881 -0.881 -0.881 -0.881 -0.881 -0.881 -0.881 -0.881 -0.881 -0.881 -0.881 -0.881 -0.881 -0.881 -0.881 -0.881 -0.881 -0.881 -0.915 -1.016 -1.117 -1.217 -1.318 -1.419 -1.520 -1.621 -1.728 -1.835 -1.942 -2.048 -2.155 -2.262 -2.369 -2.475 -2.582 -2.689 -2.752 -2.770 -2.724 -2.677 -2.769 -2.908 -3.047 -3.186 -3.325 -3.464 -3.607 -3.779 -3.950 -4.122 -4.294 -4.465 -4.637 -4.809 -4.980 -5.152 -5.323 -5.495 -5.614 -6.089 -6.519 -6.688 -6.670 -6.652 -6.633 -6.615 -6.596 -6.578 -6.556 -6.494 -6.427 -6.361 -6.294 -6.228 -6.161 -6.094 -6.063 -6.027 -5.994 -5.961 -5.928 -5.895 -5.862 -5.829 -5.797 -5.770 -5.724 -5.678 -5.631 -5.585 -5.539 -5.493 -5.447 -5.458 -5.475 -5.493 -5.510 -5.528 -5.545 -5.563
11.306 11.367 11.427 11.493 11.562 11.599 11.448 11.271 10.979 10.687 10.395 10.103 9.811 9.519 9.242 9.076 8.910 8.744 8.578 8.412 8.246 8.080 7.914 7.748 7.582 7.453 7.346 7.240 7.133 7.026 6.919 6.812 6.705 6.598 6.491 6.366 6.199 6.033 5.867 5.701 5.534 5.368 5.202 5.036 4.116 3.951 3.951 3.951 3.951 3.951 3.951 3.951 3.753 3.086 2.419 1.979 1.979 1.979 1.979 1.979 1.979 1.979 1.979 1.979 1.979 1.979 1.979 1.979 1.979 1.979 1.979 1.979 1.979 1.979 1.906 1.759 1.612 1.465 1.319 1.172 1.091 1.011 0.931 0.852 0.772 0.692 0.627 0.597 0.567 0.537 0.588 0.652 0.716 0.706 0.039 -0.628 -0.881 -0.881 -0.881 -0.881 -0.881 -0.881 -0.881 -0.881 -0.881 -0.881 -0.881 -0.881 -0.881 -0.881 -0.881 -0.881 -0.881 -0.881 -0.897 -0.997 -1.098 -1.199 -1.300 -1.401 -1.502 -1.602 -1.708 -1.815 -1.922 -2.029 -2.135 -2.242 -2.349 -2.456 -2.562 -2.655 -2.694 -2.730 -2.684 -2.638 -2.648 -2.567 -2.706 -2.845 -2.984 -3.123 -3.276 -3.448 -3.620 -3.791 -3.963 -4.134 -4.306 -4.478 -4.649 -4.825 -5.014 -5.226 -5.632 -5.899 -6.329 -6.711 -6.692 -6.674 -6.655 -6.637 -6.619 -6.598 -6.573 -6.510 -6.444 -6.377 -6.310 -6.244 -6.177 -6.146 -6.143 -6.104 -6.063 -6.030 -5.997 -5.964 -5.932 -5.899 -5.866 -5.845 -5.820 -5.774 -5.728 -5.682 -5.636 -5.589 -5.543 -5.554 -5.572 -5.589 -5.607 -5.624 -5.642 -5.647
11.382 11.443 11.508 11.578 11.530 11.380 11.229 11.078 10.928 10.638 10.346 10.054 9.762 9.470 9.252 9.085 8.919 8.753 8.587 8.421 8.255 8.089 7.923 7.757 7.591 7.433 7.326 7.219 7.112 7.005 6.898 6.791 6.684 6.577 6.470 6.363 6.256 6.099 5.933 5.767 5.601 5.434 5.268 4.134 3.576 3.285 3.285 3.285 3.285 3.285 3.285 3.285 3.285 3.126 2.512 2.279 2.279 2.279 2.279 2.279 2.279 2.279 2.279 2.279 2.279 2.279 2.279 2.279 2.279 2.279 2.279 2.246 2.099 1.952 1.806 1.659 1.512 1.365 1.259 1.179 1.100 1.020 0.940 0.861 0.781 0.701 0.655 0.625 0.595 0.565 0.590 0.654 0.718 0.706 0.039 -0.628 -0.881 -0.881 -0.881 -0.881 -0.881 -0.881 -0.881 -0.881 -0.881 -0.881 -0.881 -0.881 -0.881 -0.881 -0.881 -0.881 -0.881 -0.881 -0.881 -0.979 -1.080 -1.181 -1.282 -1.382 -1.483 -1.584 -1.689 -1.795 -1.902 -2.009 -2.116 -2.222 -2.329 -2.436 -2.543 -2.597 -2.635 -2.673 -2.644 -2.598 -2.652 -2.743 -2.833 -2.505 -2.644 -2.783 -2.946 -3.117 -3.289 -3.460 -3.632 -3.809 -3.998 -4.188 -4.378 -4.567 -4.865 -5.369 -5.689 -5.872 -6.139 -6.569 -6.714 -6.696 -6.678 -6.659 -6.639 -6.614 -6.589 -6.527 -6.460 -6.393 -6.327 -6.260 -6.229 -6.226 -6.223 -6.184 -6.140 -6.099 -6.067 -6.034 -6.001 -5.968 -5.935 -5.915 -5.896 -5.870 -5.824 -5.778 -5.732 -5.686 -5.640 -5.651 -5.668 -5.686 -5.703 -5.721 -5.726 -5.721
11.458 11.524 11.593 11.462 11.311 11.161 11.010 10.859 10.709 10.558 10.296 10.004 9.712 9.427 9.261 9.095 8.929 8.762 8.596 8.430 8.264 8.098 7.932 7.766 7.600 7.434 7.305 7.198 7.091 6.984 6.877 6.770 6.663 6.556 6.449 6.342 6.235 6.128 5.999 5.833 5.667 5.501 4.658 3.991 3.325 2.658 2.651 2.651 2.651 2.651 2.651 2.651 2.651 2.651 2.651 2.651 2.651 2.651 2.651 2.651 2.651 2.651 2.651 2.651 2.651 2.651 2.651 2.651 2.598 2.439 2.293 2.146 1.999 1.852 1.706 1.559 1.427 1.347 1.268 1.188 1.108 1.029 0.949 0.869 0.790 0.712 0.682 0.652 0.622 0.592 0.592 0.656 0.720 0.706 0.039 -0.628 -0.881 -0.881 -0.881 -0.881 -0.881 -0.881 -0.881 -0.881 -0.881 -0.881 -0.881 -0.881 -0.881 -0.881 -0.881 -0.881 -0.881 -0.881 -0.881 -0.961 -1.062 -1.162 -1.263 -1.364 -1.465 -1.566 -1.669 -1.776 -1.883 -1.989 -2.096 -2.203 -2.309 -2.416 -2.501 -2.539 -2.577 -2.615 -2.605 -2.565 -2.655 -2.746 -2.837 -2.928 -3.019 -2.443 -2.615 -2.793 -2.982 -3.172 -3.362 -3.551 -3.741 -3.931 -4.120 -4.505 -5.009 -5.512 -5.747 -5.929 -6.112 -6.379 -6.737 -6.718 -6.700 -6.681 -6.656 -6.630 -6.605 -6.543 -6.476 -6.410 -6.343 -6.312 -6.309 -6.306 -6.303 -6.263 -6.220 -6.177 -6.136 -6.103 -6.070 -6.037 -6.004 -5.984 -5.965 -5.946 -5.921 -5.874 -5.828 -5.782 -5.736 -5.747 -5.765 -5.782 -5.800 -5.804 -5.800 -5.795
11.539 11.544 11.393 11.243 11.092 10.941 10.791 10.640 10.489 10.339 10.188 9.954 9.662 9.436 9.270 9.104 8.938 8.772 8.606 8.439 8.273 8.107 7.941 7.775 7.609 7.443 7.284 7.177 7.070 6.963 6.856 6.749 6.642 6.535 6.428 6.321 6.214 6.107 6.000 5.893 5.733 5.567 4.658 3.991 3.325 2.658 2.651 2.651 2.651 2.651 2.651 2.651 2.651 2.651 2.651 2.651 2.651 2.651 2.651 2.651 2.651 2.651 2.651 2.651 2.651 2.651 2.651 2.651 2.498 2.339 2.193 2.046 1.899 1.752 1.606 1.515 1.436 1.356 1.277 1.197 1.117 1.038 0.958 0.878 0.799 0.739 0.709 0.679 0.649 0.619 0.594 0.658 0.722 0.706 0.039 -0.628 -0.881 -0.881 -0.881 -0.881 -0.881 -0.881 -0.881 -0.881 -0.881 -0.881 -0.881 -0.881 -0.881 -0.881 -0.881 -0.881 -0.881 -0.881 -0.881 -0.942 -1.043 -1.144 -1.245 -1.346 -1.446 -1.547 -1.649 -1.756 -1.863 -1.970 -2.076 -2.183 -2.290 -2.396 -2.442 -2.480 -2.519 -2.557 -2.565 -2.568 -2.659 -2.750 -2.841 -2.932 -3.023 -3.114 -2.346 -2.536 -2.725 -2.915 -3.104 -3.294 -3.484 -3.673 -4.145 -4.649 -5.152 -5.622 -5.804 -5.987 -6.169 -6.352 -6.619 -6.741 -6.722 -6.697 -6.672 -6.647 -6.621 -6.559 -6.492 -6.426 -6.395 -6.392 -6.389 -6.386 -6.382 -6.343 -6.300 -6.256 -6.213 -6.172 -6.139 -6.106 -6.074 -6.053 -6.034 -6.015 -5.996 -5.971 -5.925 -5.879 -5.832 -5.843 -5.861 -5.878 -5.883 -5.878 -5.874 -5.869
11.475 11.325 11.174 11.024 10.873 10.722 10.572 10.421 10.270 10.120 9.969 9.818 9.613 9.445 9.279 9.113 8.947 8.781 8.615 8.449 8.282 8.116 7.950 7.784 7.618 7.452 7.286 7.156 7.049 6.942 6.835 6.728 6.621 6.514 6.407 6.300 6.193 6.087 5.980 5.873 5.766 5.153 4.658 3.991 3.325 2.658 2.651 2.651 2.651 2.651 2.651 2.651 2.651 2.651 2.651 2.651 2.651 2.651 2.651 2.651 2.651 2.651 2.651 2.651 2.651 2.651 2.651 2.558 2.398 2.239 2.093 1.946 1.799 1.684 1.604 1.524 1.445 1.365 1.285 1.206 1.126 1.046 0.967 0.887 0.807 0.766 0.736 0.706 0.676 0.646 0.616 0.660 0.724 0.771 0.173 -0.309 -0.368 -0.368 -0.368 -0.368 -0.368 -0.368 -0.368 -0.368 -0.368 -0.368 -0.368 -0.368 -0.388 -0.471 -0.661 -1.112 -1.318 -1.319 -1.319 -1.319 -1.319 -1.319 -1.319 -1.327 -1.428 -1.529 -1.630 -1.736 -1.843 -1.950 -2.057 -2.163 -2.270 -2.346 -2.384 -2.422 -2.460 -2.498 -2.525 -2.572 -2.663 -2.754 -2.845 -2.936 -3.027 -3.118 -3.209 -2.278 -2.468 -2.658 -2.847 -3.037 -3.281 -3.785 -4.288 -4.792 -5.295 -5.679 -5.862 -6.044 -6.227 -6.409 -6.592 -6.763 -6.738 -6.713 -6.688 -6.663 -6.638 -6.575 -6.509 -6.478 -6.475 -6.472 -6.468 -6.465 -6.462 -6.423 -6.380 -6.336 -6.293 -6.249 -6.209 -6.176 -6.143 -6.122 -6.103 -6.084 -6.065 -6.046 -6.021 -5.975 -5.929 -5.940 -5.957 -5.962 -5.957 -5.952 -5.948 -5.943
11.256 11.106 10.955 10.804 10.654 10.503 10.352 10.247 10.152 10.056 9.960 9.865 9.696 9.450 9.288 9.122 8.956 8.790 8.624 8.458 8.292 8.126 7.959 7.793 7.627 7.461 7.295 7.135 7.028 6.921 6.815 6.708 6.601 6.494 6.387 6.280 6.173 6.066 5.959 5.852 5.254 5.171 4.658 3.991 3.325 2.658 2.651 2.651 2.651 2.651 2.651 2.651 2.651 2.651 2.651 2.651 2.651 2.651 2.651 2.651 2.651 2.651 2.651 2.651 2.651 2.651 2.618 2.458 2.298 2.139 1.993 1.852 1.772 1.692 1.613 1.533 1.454 1.374 1.294 1.215 1.135 1.055 0.976 0.896 0.824 0.794 0.764 0.734 0.704 0.674 0.644 0.662 0.726 0.761 0.615 0.326 0.299 0.299 0.299 0.299 0.292 0.209 0.126 0.044 -0.039 -0.122 -0.204 -0.287 -0.370 -0.452 -0.983 -1.593 -1.983 -1.985 -1.985 -1.985 -1.985 -1.985 -1.985 -1.985 -1.985 -1.985 -1.985 -1.985 -1.985 -1.985 -2.037 -2.144 -2.249 -2.287 -2.325 -2.364 -2.402 -2.440 -2.485 -2.576 -2.667 -2.758 -2.849 -2.940 -3.031 -3.122 -3.213 -3.304 -2.211 -2.400 -2.590 -2.921 -3.424 -3.928 -4.432 -4.935 -5.439 -5.737 -5.919 -6.102 -6.284 -6.467 -6.644 -6.708 -6.733 -6.729 -6.704 -6.679 -6.654 -6.592 -6.561 -6.558 -6.554 -6.551 -6.548 -6.545 -6.542 -6.503 -6.459 -6.416 -6.373 -6.329 -6.286 -6.245 -6.212 -6.192 -6.173 -6.154 -6.135 -6.116 -6.097 -6.071 -6.025 -6.036 -6.041 -6.036 -6.031 -6.026 -6.022 -6.017
11.113 11.017 10.921 10.826 10.730 10.634 10.538 10.443 10.347 10.251 10.155 10.003 9.808 9.575 9.319 9.125 8.965 8.799 8.633 8.467 8.301 8.135 7.969 7.803 7.636 7.470 7.304 7.138 7.008 6.901 6.794 6.687 6.580 6.473 6.366 6.259 6.152 6.045 5.938 5.355 5.272 5.189 4.658 3.991 3.325 2.658 2.651 2.651 2.651 2.651 2.651 2.651 2.651 2.651 2.651 2.651 2.651 2.651 2.651 2.651 2.651 2.651 2.651 2.651 2.651 2.651 2.518 2.358 2.198 2.039 1.940 1.861 1.781 1.701 1.622 1.542 1.462 1.383 1.303 1.223 1.144 1.064 0.984 0.905 0.851 0.821 0.791 0.761 0.731 0.701 0.671 0.664 0.728 0.751 0.732 0.713 0.641 0.558 0.476 0.393 0.310 0.228 0.145 0.062 -0.021 -0.103 -0.186 -0.269 -0.351 -0.434 -1.052 -1.719 -2.385 -2.425 -2.425 -2.425 -2.425 -2.425 -2.425 -2.425 -2.425 -2.425 -2.425 -2.425 -2.425 -2.425 -2.425 -2.425 -2.425 -2.425 -2.425 -2.425 -2.425 -2.425 -2.502 -2.584 -2.667 -2.750 -2.832 -2.915 -2.998 -3.080 -3.163 -3.246 -3.329 -3.489 -2.561 -3.064 -3.568 -4.071 -4.575 -5.078 -5.582 -5.794 -5.977 -6.159 -6.342 -6.489 -6.553 -6.618 -6.682 -6.684 -6.686 -6.688 -6.670 -6.644 -6.640 -6.637 -6.634 -6.631 -6.628 -6.625 -6.622 -6.582 -6.539 -6.496 -6.452 -6.409 -6.366 -6.322 -6.281 -6.261 -6.242 -6.223 -6.204 -6.185 -6.166 -6.147 -6.122 -6.120 -6.115 -6.110 -6.105 -6.100 -6.096 -6.091
11.308 11.212 11.117 11.021 10.925 10.829 10.734 10.638 10.542 10.446 10.311 10.115 9.920 9.703 9.447 9.192 8.959 8.801 8.642 8.476 8.310 8.144 7.978 7.812 7.646 7.480 7.313 7.147 6.987 6.880 6.773 6.666 6.559 6.452 6.345 6.238 6.131 6.024 5.456 5.373 5.291 5.208 4.658 3.991 3.325 2.658 2.651 2.651 2.651 2.651 2.651 2.651 2.651 2.651 2.651 2.651 2.651 2.651 2.651 2.651 2.651 2.651 2.651 2.651 2.651 2.578 2.432 2.287 2.143 2.069 1.981 1.878 1.790 1.710 1.631 1.551 1.471 1.392 1.312 1.232 1.153 1.073 0.993 0.914 0.878 0.848 0.818 0.788 0.758 0.728 0.698 0.668 0.730 0.741 0.722 0.703 0.659 0.577 0.494 0.411 0.329 0.246 0.163 0.081 -0.002 -0.085 -0.168 -0.250 -0.333 -0.416 -1.052 -1.719 -2.385 -2.425 -2.425 -2.425 -2.425 -2.425 -2.425 -2.425 -2.425 -2.425 -2.425 -2.425 -2.425 -2.425 -2.425 -2.425 -2.425 -2.425 -2.425 -2.425 -2.425 -2.425 -2.483 -2.566 -2.648 -2.731 -2.814 -2.897 -2.979 -3.062 -3.145 -3.227 -3.310 -3.393 -3.475 -3.208 -3.711 -4.215 -4.718 -5.222 -5.669 -5.852 -6.034 -6.217 -6.335 -6.399 -6.463 -6.528 -6.592 -6.633 -6.635 -6.637 -6.639 -6.636 -6.633 -6.630 -6.627 -6.623 -6.620 -6.617 -6.677 -6.670 -6.626 -6.583 -6.540 -6.496 -6.453 -6.410 -6.366 -6.336 -6.317 -6.298 -6.279 -6.260 -6.241 -6.222 -6.203 -6.181 -6.176 -6.171 -6.166 -6.161 -6.156 -6.151
11.503 11.407 11.312 11.216 11.120 11.025 10.929 10.833 10.737 10.618 10.423 10.227 10.032 9.831 9.576 9.320 9.065 8.810 8.634 8.477 8.319 8.153 7.987 7.821 7.655 7.489 7.323 7.157 6.990 6.859 6.752 6.645 6.538 6.431 6.324 6.217 6.110 5.557 5.474 5.392 5.309 5.226 4.658 3.991 3.325 2.658 2.651 2.651 2.651 2.651 2.651 2.651 2.651 2.651 2.651 2.651 2.651 2.651 2.651 2.651 2.651 2.651 2.651 2.651 2.651 2.553 2.409 2.264 2.185 2.129 2.066 1.963 1.860 1.757 1.654 1.560 1.480 1.400 1.321 1.241 1.161 1.082 1.002 0.936 0.906 0.876 0.846 0.816 0.786 0.756 0.726 0.696 0.732 0.731 0.712 0.693 0.674 0.595 0.512 0.430 0.347 0.264 0.182 0.099 0.016 -0.066 -0.149 -0.232 -0.314 -0.397 -1.052 -1.719 -2.385 -2.425 -2.425 -2.425 -2.425 -2.425 -2.425 -2.425 -2.425 -2.425 -2.425 -2.425 -2.425 -2.425 -2.425 -2.425 -2.425 -2.425 -2.425 -2.425 -2.425 -2.425 -2.465 -2.547 -2.630 -2.713 -2.795 -2.878 -2.961 -3.044 -3.126 -3.209 -3.292 -3.374 -3.457 -3.540 -3.854 -4.358 -4.862 -5.365 -5.727 -5.909 -6.092 -6.180 -6.244 -6.309 -6.373 -6.437 -6.502 -6.566 -6.583 -6.585 -6.587 -6.585 -6.581 -6.578 -6.575 -6.572 -6.585 -6.658 -6.731 -6.733 -6.718 -6.674 -6.631 -6.587 -6.544 -6.501 -6.457 -6.424 -6.396 -6.377 -6.358 -6.339 -6.320 -6.301 -6.282 -6.253 -6.230 -6.225 -6.220 -6.215 -6.210 -6.205
11.698 11.603 11.507 11.411 11.316 11.220 11.124 11.028 10.926 10.731 10.535 10.340 10.144 9.949 9.704 9.448 9.193 8.938 8.683 8.467 8.310 8.153 7.996 7.830 7.664 7.498 7.332 7.166 7.000 6.838 6.731 6.624 6.517 6.410 6.303 6.196 5.658 5.576 5.493 5.410 5.327 5.245 4.658 3.991 3.325 2.658 2.651 2.651 2.651 2.651 2.651 2.651 2.651 2.651 2.651 2.651 2.651 2.651 2.651 2.651 2.651 2.651 2.651 2.651 2.651 2.530 2.386 2.301 2.245 2.188 2.131 2.048 1.945 1.842 1.739 1.636 1.533 1.430 1.330 1.250 1.170 1.091 1.011 0.963 0.933 0.903 0.873 0.843 0.813 0.783 0.753 0.723 0.734 0.721 0.702 0.683 0.664 0.614 0.531 0.448 0.366 0.283 0.200 0.117 0.035 -0.048 -0.131 -0.213 -0.296 -0.385 -1.052 -1.719 -2.385 -2.425 -2.425 -2.425 -2.425 -2.425 -2.425 -2.425 -2.425 -2.425 -2.425 -2.425 -2.425 -2.425 -2.425 -2.425 -2.425 -2.425 -2.425 -2.425 -2.425 -2.425 -2.446 -2.529 -2.612 -2.694 -2.777 -2.860 -2.942 -3.025 -3.108 -3.191 -3.273 -3.356 -3.541 -3.847 -4.153 -4.501 -5.005 -5.508 -5.785 -5.961 -6.026 -6.090 -6.154 -6.219 -6.283 -6.347 -6.411 -6.476 -6.532 -6.534 -6.536 -6.533 -6.530 -6.527 -6.524 -6.566 -6.640 -6.713 -6.786 -6.787 -6.781 -6.765 -6.722 -6.679 -6.635 -6.592 -6.548 -6.516 -6.484 -6.455 -6.436 -6.417 -6.398 -6.379 -6.360 -6.332 -6.302 -6.279 -6.274 -6.269 -6.264 -6.259
11.894 11.798 11.702 11.606 11.511 11.415 11.319 11.224 11.038 10.843 10.647 10.452 10.256 10.061 9.832 9.576 9.321 9.066 8.811 8.556 8.301 8.143 7.986 7.829 7.671 7.507 7.341 7.175 7.009 6.843 6.710 6.603 6.496 6.390 6.283 5.759 5.677 5.594 5.511 5.429 5.346 5.263 4.658 3.991 3.325 2.658 2.651 2.651 2.651 2.651 2.651 2.651 2.651 2.651 2.651 2.651 2.651 2.651 2.651 2.651 2.651 2.651 2.651 2.651 2.651 2.507 2.418 2.361 2.304 2.247 2.191 2.133 2.030 1.927 1.824 1.721 1.618 1.515 1.412 1.309 1.205 1.102 1.020 0.990 0.960 0.930 0.900 0.870 0.840 0.810 0.780 0.750 0.730 0.711 0.692 0.673 0.654 0.632 0.549 0.467 0.384 0.301 0.219 0.136 0.053 -0.030 -0.112 -0.195 -0.278 -0.385 -1.052 -1.719 -2.385 -2.425 -2.425 -2.425 -2.425 -2.425 -2.425 -2.425 -2.425 -2.425 -2.425 -2.425 -2.425 -2.425 -2.425 -2.425 -2.425 -2.425 -2.425 -2.425 -2.425 -2.425 -2.428 -2.511 -2.593 -2.676 -2.759 -2.841 -2.924 -3.007 -3.089 -3.172 -3.311 -3.617 -3.924 -4.230 -4.536 -4.842 -5.149 -5.652 -5.807 -5.871 -5.935 -6.000 -6.064 -6.128 -6.193 -6.257 -6.321 -6.386 -6.450 -6.483 -6.485 -6.482 -6.479 -6.475 -6.548 -6.621 -6.694 -6.767 -6.841 -6.842 -6.835 -6.828 -6.813 -6.770 -6.726 -6.683 -6.640 -6.607 -6.575 -6.543 -6.515 -6.496 -6.477 -6.458 -6.439 -6.410 -6.381 -6.351 -6.328 -6.323 -6.318 -6.313
12.089 11.993 11.897 11.802 11.706 11.610 11.515 11.346 11.150 10.955 10.759 10.564 10.368 10.173 9.960 9.705 9.449 9.194 8.939 8.684 8.428 8.173 7.976 7.819 7.662 7.505 7.347 7.184 7.018 6.852 6.690 6.583 6.476 6.369 5.860 5.778 5.695 5.612 5.530 5.447 5.363 5.282 4.658 3.991 3.325 2.658 2.651 2.651 2.651 2.651 2.651 2.651 2.651 2.651 2.651 2.651 2.651 2.651 2.651 2.651 2.651 2.651 2.651 2.651 2.629 2.534 2.477 2.420 2.363 2.307 2.250 2.193 2.115 2.012 1.909 1.806 1.703 1.600 1.497 1.394 1.291 1.187 1.104 1.074 1.044 1.014 0.984 0.954 0.924 0.894 0.864 0.834 0.876 0.781 0.749 0.718 0.687 0.650 0.568 0.485 0.402 0.320 0.237 0.154 0.072 -0.011 -0.094 -0.177 -0.259 -0.385 -1.052 -1.719 -2.385 -2.425 -2.425 -2.425 -2.425 -2.425 -2.425 -2.425 -2.425 -2.425 -2.425 -2.425 -2.425 -2.425 -2.425 -2.425 -2.425 -2.425 -2.425 -2.425 -2.425 -2.425 -2.425 -2.492 -2.575 -2.657 -2.740 -2.823 -2.906 -2.988 -3.081 -3.387 -3.694 -4.000 -4.306 -4.613 -4.919 -5.225 -5.428 -5.633 -5.763 -5.795 -5.845 -5.910 -5.974 -6.038 -6.102 -6.167 -6.231 -6.295 -6.360 -6.424 -6.433 -6.430 -6.456 -6.529 -6.602 -6.676 -6.749 -6.822 -6.895 -6.897 -6.890 -6.883 -6.876 -6.861 -6.817 -6.774 -6.731 -6.698 -6.666 -6.635 -6.603 -6.574 -6.555 -6.536 -6.517 -6.489 -6.459 -6.430 -6.400 -6.377 -6.372 -6.367
12.284 12.188 12.093 11.997 11.901 11.805 11.653 11.458 11.262 11.067 10.871 10.676 10.481 10.285 10.088 9.833 9.577 9.322 9.067 8.812 8.556 8.301 8.046 7.809 7.652 7.495 7.338 7.180 7.023 6.861 6.695 6.562 6.455 5.962 5.879 5.796 5.714 5.631 5.548 5.427 5.308 5.242 4.658 3.991 3.325 2.658 2.651 2.651 2.651 2.651 2.651 2.651 2.651 2.651 2.651 2.651 2.651 2.651 2.651 2.651 2.651 2.651 2.651 2.651 2.650 2.593 2.536 2.479 2.423 2.366 2.309 2.252 2.196 2.097 1.994 1.891 1.788 1.685 1.582 1.479 1.376 1.272 1.204 1.174 1.144 1.114 1.084 1.054 1.024 0.994 0.964 0.942 1.041 0.954 0.861 0.830 0.752 0.669 0.586 0.504 0.421 0.338 0.255 0.173 0.090 0.007 -0.075 -0.158 -0.241 -0.385 -1.052 -1.719 -2.385 -2.425 -2.425 -2.425 -2.425 -2.425 -2.425 -2.425 -2.425 -2.425 -2.425 -2.425 -2.425 -2.425 -2.425 -2.425 -2.425 -2.425 -2.425 -2.425 -2.425 -2.425 -2.425 -2.474 -2.556 -2.639 -2.722 -2.804 -2.887 -3.158 -3.464 -3.770 -3.988 -4.188 -4.388 -4.588 -4.788 -4.988 -5.188 -5.396 -5.622 -5.848 -6.009 -6.041 -6.073 -6.105 -6.137 -6.169 -6.201 -6.233 -6.269 -6.334 -6.382 -6.437 -6.511 -6.584 -6.657 -6.730 -6.804 -6.877 -6.950 -6.951 -6.944 -6.938 -6.931 -6.924 -6.909 -6.865 -6.822 -6.789 -6.757 -6.726 -6.694 -6.662 -6.634 -6.615 -6.596 -6.567 -6.538 -6.508 -6.479 -6.449 -6.426 -6.421
12.479 12.384 12.288 12.192 12.096 11.961 11.765 11.570 11.374 11.179 10.984 10.788 10.593 10.397 10.202 9.961 9.705 9.450 9.195 8.940 8.685 8.429 8.174 7.919 7.664 7.485 7.328 7.171 7.013 6.856 6.699 6.541 6.063 5.980 5.897 5.815 5.732 5.649 5.513 5.365 5.254 5.188 4.658 3.991 3.325 2.658 2.651 2.651 2.651 2.651 2.651 2.651 2.651 2.651 2.651 2.651 2.651 2.651 2.651 2.651 2.651 2.651 2.651 2.651 2.651 2.651 2.595 2.539 2.482 2.425 2.368 2.312 2.255 2.182 2.079 1.976 1.873 1.770 1.667 1.564 1.461 1.358 1.305 1.275 1.245 1.215 1.185 1.155 1.125 1.095 1.072 1.054 1.101 1.018 0.935 0.853 0.770 0.687 0.605 0.522 0.439 0.357 0.274 0.191 0.108 0.026 -0.057 -0.140 -0.222 -0.385 -1.052 -1.719 -2.385 -2.425 -2.425 -2.425 -2.425 -2.425 -2.425 -2.425 -2.425 -2.425 -2.425 -2.425 -2.425 -2.425 -2.425 -2.425 -2.425 -2.425 -2.425 -2.425 -2.425 -2.425 -2.425 -2.455 -2.538 -2.621 -2.703 -2.786 -2.948 -3.148 -3.348 -3.548 -3.748 -3.948 -4.148 -4.348 -4.548 -4.748 -4.948 -5.158 -5.385 -5.611 -5.837 -6.063 -6.254 -6.286 -6.318 -6.350 -6.382 -6.415 -6.447 -6.479 -6.511 -6.548 -6.591 -6.638 -6.712 -6.785 -6.858 -6.931 -7.005 -7.006 -6.999 -6.992 -6.985 -6.978 -6.972 -6.956 -6.913 -6.880 -6.848 -6.817 -6.785 -6.754 -6.722 -6.693 -6.674 -6.646 -6.616 -6.587 -6.557 -6.528 -6.498 -6.475
12.608 12.579 12.483 12.387 12.268 12.073 11.877 11.682 11.487 11.291 11.096 10.900 10.705 10.509 10.314 10.089 9.833 9.578 9.323 9.068 8.813 8.557 8.302 8.047 7.792 7.537 7.318 7.161 7.004 6.846 6.689 6.488 6.006 5.907 5.907 5.896 5.748 5.600 5.451 5.303 5.199 5.133 4.658 3.991 3.325 2.658 2.651 2.651 2.651 2.651 2.651 2.651 2.651 2.651 2.651 2.651 2.651 2.651 2.651 2.651 2.651 2.651 2.651 2.651 2.651 2.651 2.651 2.598 2.541 2.485 2.428 2.371 2.314 2.258 2.164 2.061 1.958 1.855 1.752 1.649 1.546 1.443 1.406 1.376 1.346 1.316 1.286 1.256 1.226 1.202 1.183 1.170 1.119 1.037 0.954 0.871 0.788 0.706 0.623 0.540 0.458 0.375 0.292 0.210 0.127 0.044 -0.039 -0.121 -0.204 -0.385 -1.052 -1.719 -2.385 -2.425 -2.425 -2.425 -2.425 -2.425 -2.425 -2.425 -2.425 -2.425 -2.425 -2.425 -2.425 -2.425 -2.425 -2.425 -2.425 -2.425 -2.425 -2.425 -2.425 -2.425 -2.425 -2.437 -2.519 -2.602 -2.685 -2.768 -2.850 -2.933 -3.108 -3.308 -3.508 -3.708 -3.908 -4.108 -4.308 -4.508 -4.708 -4.921 -5.147 -5.374 -5.600 -5.826 -6.052 -6.278 -6.499 -6.532 -6.564 -6.596 -6.628 -6.660 -6.692 -6.726 -6.762 -6.805 -6.849 -6.893 -6.936 -6.986 -7.059 -7.061 -7.054 -7.047 -7.040 -7.033 -7.026 -7.019 -7.004 -6.971 -6.940 -6.908 -6.876 -6.845 -6.813 -6.781 -6.753 -6.724 -6.695 -6.665 -6.636 -6.606 -6.577 -6.547
12.738 12.754 12.678 12.576 12.381 12.185 11.990 11.794 11.599 11.403 11.208 11.012 10.817 10.621 10.426 10.217 9.962 9.706 9.451 9.196 8.941 8.685 8.430 8.175 7.920 7.665 7.409 7.154 6.994 6.837 6.665 6.313 5.647 5.280 5.280 5.280 5.280 5.280 5.280 5.240 5.144 5.078 4.658 3.991 3.325 2.658 2.651 2.651 2.651 2.651 2.651 2.651 2.651 2.651 2.651 2.651 2.651 2.651 2.651 2.651 2.651 2.651 2.651 2.651 2.651 2.651 2.651 2.651 2.601 2.544 2.487 2.430 2.374 2.317 2.249 2.146 2.043 1.940 1.837 1.734 1.631 1.536 1.506 1.476 1.446 1.416 1.386 1.356 1.332 1.313 1.295 1.220 1.138 1.055 0.972 0.890 0.807 0.724 0.641 0.559 0.476 0.393 0.311 0.228 0.145 0.063 -0.020 -0.103 -0.186 -0.385 -1.052 -1.719 -2.385 -2.425 -2.425 -2.425 -2.425 -2.425 -2.425 -2.425 -2.425 -2.425 -2.425 -2.425 -2.425 -2.425 -2.425 -2.425 -2.425 -2.425 -2.425 -2.425 -2.425 -2.425 -2.425 -2.425 -2.501 -2.584 -2.666 -2.749 -2.832 -2.915 -2.997 -3.080 -3.268 -3.468 -3.668 -3.868 -4.068 -4.268 -4.468 -4.684 -4.910 -5.136 -5.363 -5.589 -5.815 -6.041 -6.267 -6.493 -6.719 -6.777 -6.809 -6.841 -6.873 -6.905 -6.942 -6.978 -7.019 -7.063 -7.107 -7.149 -7.140 -7.133 -7.126 -7.119 -7.112 -7.105 -7.098 -7.091 -7.075 -7.044 -7.012 -6.981 -6.949 -6.917 -6.886 -6.854 -6.825 -6.796 -6.767 -6.737 -6.708 -6.678 -6.649 -6.619
12.852 12.882 12.874 12.688 12.493 12.297 12.102 11.906 11.711 11.515 11.320 11.124 10.929 10.734 10.538 10.343 10.090 9.834 9.579 9.324 9.069 8.814 8.558 8.303 8.048 7.793 7.537 7.282 7.027 6.813 6.635 6.313 5.647 5.280 5.280 5.280 5.280 5.280 5.280 5.178 5.089 5.023 4.744 4.117 3.549 3.245 3.245 3.245 3.245 3.245 3.245 3.245 3.245 3.245 3.245 3.245 3.245 3.245 3.245 3.236 3.114 3.057 3.000 2.944 2.887 2.830 2.773 2.717 2.660 2.603 2.546 2.490 2.433 2.376 2.319 2.231 2.128 2.025 1.922 1.819 1.716 1.637 1.607 1.577 1.547 1.517 1.487 1.462 1.443 1.404 1.321 1.239 1.156 1.073 0.991 0.908 0.825 0.743 0.660 0.577 0.495 0.412 0.329 0.246 0.164 0.081 -0.002 -0.084 -0.167 -0.385 -1.052 -1.719 -2.385 -2.425 -2.425 -2.425 -2.425 -2.425 -2.425 -2.425 -2.425 -2.425 -2.425 -2.425 -2.425 -2.425 -2.425 -2.425 -2.425 -2.425 -2.425 -2.425 -2.425 -2.425 -2.425 -2.425 -2.483 -2.565 -2.648 -2.731 -2.813 -2.896 -2.979 -3.062 -3.144 -3.228 -3.428 -3.628 -3.828 -4.028 -4.228 -4.447 -4.673 -4.899 -5.125 -5.352 -5.578 -5.804 -6.030 -6.256 -6.482 -6.708 -6.934 -7.022 -7.054 -7.086 -7.121 -7.157 -7.194 -7.233 -7.240 -7.230 -7.221 -7.213 -7.206 -7.199 -7.193 -7.186 -7.179 -7.163 -7.138 -7.107 -7.076 -7.044 -7.012 -6.981 -6.949 -6.920 -6.894 -6.865 -6.835 -6.806 -6.776 -6.747 -6.717 -6.675
12.941 12.971 12.942 12.792 12.600 12.408 12.214 12.018 11.823 11.627 11.432 11.237 11.041 10.846 10.650 10.455 10.218 9.962 9.707 9.452 9.197 8.942 8.686 8.431 8.176 7.915 7.651 7.387 7.207 6.940 6.682 6.313 5.647 5.280 5.280 5.280 5.280 5.280 5.265 5.116 5.035 4.969 4.903 4.491 4.080 3.911 3.911 3.911 3.911 3.911 3.911 3.911 3.911 3.911 3.894 3.773 3.647 3.503 3.358 3.230 3.173 3.116 3.060 3.003 2.946 2.889 2.833 2.776 2.719 2.662 2.606 2.549 2.492 2.435 2.379 2.316 2.213 2.110 2.007 1.904 1.801 1.738 1.708 1.678 1.648 1.618 1.592 1.573 1.554 1.535 1.517 1.666 1.867 2.068 2.079 0.926 0.844 0.761 0.678 0.596 0.513 0.430 0.348 0.265 0.182 0.099 0.017 -0.066 -0.149 -0.385 -1.052 -1.719 -2.385 -2.425 -2.425 -2.425 -2.425 -2.425 -2.425 -2.425 -2.425 -2.425 -2.425 -2.425 -2.425 -2.425 -2.425 -2.425 -2.425 -2.425 -2.425 -2.425 -2.425 -2.425 -2.425 -2.425 -2.464 -2.547 -2.630 -2.712 -2.795 -2.878 -2.960 -3.043 -3.126 -3.209 -3.291 -3.388 -3.588 -3.788 -3.988 -4.210 -4.436 -4.662 -4.888 -5.114 -5.341 -5.567 -5.793 -6.019 -6.245 -6.471 -6.697 -6.923 -7.150 -7.268 -7.300 -7.337 -7.357 -7.336 -7.321 -7.311 -7.302 -7.294 -7.287 -7.280 -7.273 -7.266 -7.251 -7.226 -7.201 -7.171 -7.139 -7.107 -7.076 -7.044 -7.015 -6.989 -6.962 -6.933 -6.904 -6.874 -6.845 -6.815 -6.773 -6.722
13.031 13.005 12.964 12.887 12.695 12.503 12.311 12.120 11.928 11.736 11.544 11.349 11.153 10.958 10.762 10.567 10.346 10.090 9.835 9.580 9.325 9.066 8.802 8.538 8.274 8.010 7.747 7.559 7.375 7.107 6.849 6.313 5.647 5.280 5.280 5.280 5.280 5.280 5.203 5.054 4.980 4.914 4.848 4.782 4.692 4.578 4.578 4.518 4.452 4.386 4.320 4.241 4.121 4.000 3.879 3.759 3.624 3.480 3.346 3.289 3.232 3.176 3.119 3.062 3.005 2.949 2.892 2.835 2.778 2.722 2.665 2.608 2.551 2.495 2.438 2.381 2.298 2.195 1.949 1.916 1.886 1.839 1.809 1.779 1.749 1.722 1.703 1.684 1.665 1.647 1.630 1.831 1.916 1.916 1.916 1.916 1.889 1.658 1.427 1.375 1.344 1.312 1.281 1.240 1.135 1.029 0.923 0.818 0.281 -0.385 -1.052 -1.719 -2.385 -2.425 -2.425 -2.425 -2.425 -2.425 -2.425 -2.425 -2.425 -2.425 -2.425 -2.425 -2.425 -2.425 -2.425 -2.425 -2.425 -2.425 -2.425 -2.425 -2.425 -2.425 -2.425 -2.425 -2.446 -2.528 -2.611 -2.694 -2.777 -2.859 -2.942 -3.025 -3.107 -3.190 -3.273 -3.355 -3.438 -3.548 -3.748 -3.973 -4.199 -4.425 -4.651 -4.877 -5.103 -5.330 -5.556 -5.782 -6.008 -6.234 -6.460 -6.686 -6.912 -7.139 -7.365 -7.467 -7.446 -7.425 -7.405 -7.392 -7.383 -7.375 -7.368 -7.361 -7.354 -7.339 -7.314 -7.290 -7.265 -7.234 -7.202 -7.171 -7.139 -7.110 -7.084 -7.057 -7.031 -7.002 -6.972 -6.943 -6.913 -6.871 -6.820 -6.769
13.068 13.027 12.985 12.932 12.791 12.599 12.407 12.215 12.023 11.831 11.639 11.447 11.256 11.064 10.872 10.679 10.474 10.217 9.953 9.689 9.425 9.161 8.898 8.634 8.370 8.106 7.906 7.787 7.544 7.274 6.980 6.313 5.647 5.280 5.280 5.280 5.280 5.280 5.141 4.992 4.925 4.859 4.793 4.727 4.661 4.595 4.529 4.463 4.397 4.331 4.265 4.199 4.106 3.986 3.865 3.744 3.601 3.462 3.405 3.348 3.292 3.235 3.178 3.121 3.065 3.008 2.951 2.895 2.838 2.781 2.724 2.668 2.611 2.554 2.497 2.441 2.383 2.280 1.949 1.916 1.916 1.916 1.909 1.879 1.852 1.833 1.814 1.795 1.776 1.758 1.795 1.916 1.916 1.916 1.916 1.916 1.916 1.916 1.699 1.486 1.455 1.424 1.393 1.362 1.257 1.151 1.046 0.940 0.283 -0.383 -1.049 -1.712 -2.324 -2.332 -2.332 -2.332 -2.332 -2.332 -2.332 -2.332 -2.332 -2.332 -2.332 -2.332 -2.332 -2.332 -2.332 -2.332 -2.332 -2.332 -2.332 -2.332 -2.332 -2.332 -2.595 -2.800 -2.816 -2.816 -2.816 -2.816 -2.816 -2.841 -2.924 -3.006 -3.089 -3.172 -3.254 -3.337 -3.420 -3.502 -3.585 -3.736 -3.962 -4.188 -4.414 -4.640 -4.866 -5.092 -5.319 -5.545 -5.771 -5.997 -6.223 -6.449 -6.675 -6.867 -7.031 -7.226 -7.458 -7.515 -7.494 -7.473 -7.464 -7.455 -7.448 -7.442 -7.427 -7.402 -7.378 -7.353 -7.328 -7.297 -7.266 -7.234 -7.205 -7.179 -7.152 -7.126 -7.099 -7.070 -7.041 -7.011 -6.969 -6.918 -6.867 -6.815
13.090 13.048 13.007 12.956 12.887 12.695 12.503 12.311 12.119 11.927 11.735 11.543 11.351 11.159 10.967 10.775 10.558 10.312 10.048 9.785 9.521 9.257 8.993 8.729 8.465 8.252 8.133 7.992 7.713 7.442 6.980 6.313 5.647 5.280 5.280 5.280 5.280 5.280 5.122 4.937 4.870 4.804 4.738 4.672 4.606 4.540 4.474 4.408 4.342 4.276 4.210 4.144 4.078 3.971 3.850 3.723 3.578 3.521 3.465 3.408 3.351 3.294 3.238 3.181 3.124 3.067 3.011 2.954 2.897 2.840 2.784 2.727 2.670 2.613 2.557 2.500 2.443 2.365 1.949 1.916 1.916 1.916 1.916 1.916 1.916 1.916 1.916 1.906 1.888 1.869 1.916 1.916 1.916 1.916 1.916 1.916 1.916 1.916 1.916 1.739 1.567 1.536 1.504 1.473 1.379 1.273 1.168 1.033 0.386 -0.248 -0.856 -1.387 -1.664 -1.665 -1.665 -1.665 -1.665 -1.665 -1.665 -1.665 -1.665 -1.665 -1.665 -1.665 -1.665 -1.665 -1.665 -1.665 -1.665 -1.665 -1.665 -1.665 -2.076 -2.655 -3.153 -3.457 -3.483 -3.483 -3.483 -3.483 -3.483 -3.483 -3.483 -3.483 -3.483 -3.483 -3.483 -3.483 -3.483 -3.484 -3.567 -3.649 -3.732 -3.951 -4.177 -4.403 -4.629 -4.855 -5.081 -5.308 -5.534 -5.760 -5.986 -6.198 -6.361 -6.524 -6.688 -6.872 -7.103 -7.335 -7.567 -7.563 -7.545 -7.536 -7.529 -7.515 -7.490 -7.466 -7.441 -7.416 -7.392 -7.361 -7.329 -7.300 -7.274 -7.247 -7.221 -7.194 -7.168 -7.139 -7.109 -7.067 -7.016 -6.965 -6.913 -6.862
13.111 13.070 13.028 12.980 12.921 12.790 12.598 12.406 12.215 12.023 11.831 11.639 11.447 11.255 11.063 10.858 10.626 10.394 10.144 9.880 9.616 9.352 9.088 8.824 8.599 8.480 8.361 8.161 7.882 7.609 6.980 6.313 5.647 5.280 5.280 5.280 5.280 5.280 5.280 5.094 4.914 4.827 4.739 4.652 4.564 4.486 4.420 4.354 4.287 4.221 4.155 4.089 4.023 3.957 3.836 3.700 3.637 3.581 3.524 3.467 3.410 3.354 3.297 3.240 3.183 3.127 3.070 3.013 2.956 2.900 2.843 2.786 2.729 2.673 2.616 2.559 2.502 2.446 1.949 1.916 1.916 1.916 1.916 1.916 1.916 1.916 1.916 1.916 1.916 1.916 1.916 1.916 1.916 1.916 1.916 1.916 1.916 1.916 1.916 1.916 1.780 1.647 1.616 1.585 1.501 1.396 1.290 1.185 0.634 0.064 -0.445 -0.833 -0.998 -0.999 -0.999 -0.999 -0.999 -0.999 -0.999 -0.999 -0.999 -0.999 -0.999 -0.999 -0.999 -0.999 -0.999 -0.999 -0.999 -0.999 -0.999 -1.627 -2.285 -2.936 -3.567 -4.085 -4.150 -4.150 -4.150 -4.150 -4.150 -4.150 -4.150 -4.150 -4.150 -4.150 -4.150 -4.150 -4.150 -4.150 -4.150 -4.150 -4.150 -4.150 -4.150 -4.166 -4.392 -4.618 -4.844 -5.070 -5.297 -5.523 -5.692 -5.855 -6.018 -6.182 -6.345 -6.517 -6.749 -6.981 -7.213 -7.445 -7.631 -7.617 -7.603 -7.578 -7.554 -7.529 -7.504 -7.480 -7.455 -7.424 -7.395 -7.369 -7.342 -7.316 -7.289 -7.263 -7.236 -7.207 -7.165 -7.114 -7.063 -7.011 -6.960 -6.908
13.133 13.091 13.050 13.005 12.945 12.886 12.694 12.502 12.310 12.118 11.926 11.734 11.543 11.351 11.157 10.926 10.694 10.462 10.230 9.975 9.711 9.448 9.184 8.843 8.754 8.664 8.575 8.330 8.050 7.647 6.980 6.313 5.647 5.280 5.280 5.280 5.280 5.280 5.280 5.280 5.107 4.933 4.845 4.758 4.670 4.583 4.496 4.408 4.321 4.233 4.146 4.058 3.971 3.903 3.821 3.753 3.697 3.640 3.583 3.526 3.470 3.413 3.356 3.299 3.243 3.186 3.129 3.072 3.016 2.959 2.902 2.845 2.789 2.732 2.675 2.618 2.562 2.505 1.949 1.916 1.916 1.916 1.916 1.916 1.916 1.916 1.916 1.916 1.916 1.916 1.916 1.916 1.916 1.916 1.916 1.916 1.916 1.916 1.916 1.916 1.916 1.820 1.728 1.691 1.601 1.512 1.412 1.307 0.997 0.498 0.078 -0.216 -0.331 -0.332 -0.332 -0.332 -0.332 -0.332 -0.332 -0.332 -0.332 -0.332 -0.332 -0.332 -0.332 -0.332 -0.366 -0.532 -0.601 -0.645 -0.990 -1.656 -2.323 -2.990 -3.656 -4.323 -4.563 -4.563 -4.563 -4.563 -4.563 -4.563 -4.563 -4.563 -4.563 -4.563 -4.563 -4.563 -4.563 -4.563 -4.563 -4.563 -4.563 -4.563 -4.563 -4.563 -4.563 -4.563 -4.607 -4.833 -5.022 -5.185 -5.349 -5.512 -5.676 -5.839 -6.002 -6.166 -6.394 -6.626 -6.858 -7.090 -7.322 -7.437 -7.442 -7.504 -7.567 -7.592 -7.568 -7.543 -7.518 -7.490 -7.464 -7.437 -7.411 -7.384 -7.358 -7.331 -7.305 -7.263 -7.212 -7.161 -7.109 -7.058 -7.006 -6.955
13.154 13.113 13.071 13.029 12.970 12.910 12.790 12.598 12.406 12.214 12.022 11.830 11.638 11.446 11.225 10.993 10.762 10.530 10.298 10.067 9.807 9.543 8.983 8.893 8.804 8.714 8.625 8.498 8.219 7.647 6.980 6.313 5.647 5.280 5.280 5.280 5.280 5.280 5.280 5.280 5.280 5.120 4.951 4.864 4.776 4.689 4.602 4.514 4.427 4.339 4.252 4.164 4.077 3.989 3.962 3.862 3.772 3.713 3.654 3.595 3.536 3.477 3.418 3.360 3.302 3.245 3.188 3.132 3.075 3.018 2.961 2.905 2.848 2.791 2.735 2.678 2.621 2.564 1.949 1.916 1.916 1.916 1.916 1.916 1.916 1.916 1.916 1.916 1.916 1.916 1.916 1.916 1.916 1.916 1.916 1.916 1.916 1.916 1.916 1.916 1.916 1.916 1.830 1.741 1.651 1.562 1.472 1.383 1.294 1.007 0.658 0.424 0.335 0.335 0.335 0.335 0.335 0.335 0.335 0.310 0.221 0.131 0.042 -0.047 -0.137 -0.226 -0.316 -0.405 -0.495 -0.584 -0.990 -1.656 -2.323 -2.990 -3.656 -4.323 -4.563 -4.563 -4.563 -4.563 -4.563 -4.563 -4.563 -4.563 -4.563 -4.563 -4.563 -4.563 -4.563 -4.563 -4.563 -4.563 -4.563 -4.563 -4.563 -4.563 -4.563 -4.563 -4.563 -4.563 -4.679 -4.843 -5.006 -5.169 -5.333 -5.496 -5.660 -5.823 -6.040 -6.272 -6.504 -6.736 -6.923 -6.762 -6.601 -6.646 -6.709 -6.771 -6.834 -6.896 -6.959 -6.941 -6.915 -6.888 -6.862 -6.835 -6.809 -6.782 -6.823 -6.786 -6.735 -6.684 -6.632 -6.581 -6.529 -6.478
13.176 13.134 13.093 13.051 12.994 12.934 12.875 12.693 12.502 12.310 12.118 11.926 11.734 11.525 11.293 11.061 10.830 10.598 10.366 10.134 9.902 9.638 9.033 8.943 8.854 8.764 8.675 8.585 8.313 7.647 6.980 6.313 5.647 5.280 5.280 5.280 5.280 5.280 5.280 5.280 5.280 5.280 5.132 4.970 4.882 4.795 4.708 4.620 4.533 4.445 4.358 4.270 4.183 4.147 4.137 4.090 3.961 3.831 3.740 3.682 3.623 3.564 3.505 3.446 3.387 3.328 3.269 3.210 3.151 3.092 3.034 2.975 2.916 2.857 2.798 2.739 2.680 2.616 1.949 1.916 1.916 1.916 1.916 1.916 1.916 1.916 1.916 1.916 1.916 1.916 1.916 1.916 1.916 1.916 1.916 1.916 1.916 1.916 1.916 1.916 1.916 1.916 1.880 1.791 1.701 1.612 1.522 1.433 1.344 1.254 1.165 1.074 0.986 0.897 0.807 0.718 0.628 0.539 0.450 0.360 0.271 0.181 0.092 0.003 -0.087 -0.176 -0.266 -0.355 -0.445 -0.534 -0.990 -1.656 -2.323 -2.990 -3.656 -4.323 -4.563 -4.563 -4.563 -4.563 -4.563 -4.563 -4.563 -4.563 -4.563 -4.563 -4.563 -4.563 -4.563 -4.563 -4.563 -4.563 -4.563 -4.563 -4.563 -4.563 -4.563 -4.563 -4.563 -4.563 -4.563 -4.563 -4.663 -4.827 -4.990 -5.153 -5.317 -5.480 -5.685 -5.917 -6.149 -6.381 -6.248 -6.087 -5.926 -5.787 -5.850 -5.913 -5.975 -6.038 -6.100 -6.083 -6.056 -6.030 -6.003 -5.977 -5.950 -5.991 -6.083 -6.047 -5.995 -5.944 -5.893 -5.841 -5.790 -5.786
13.198 13.156 13.114 13.073 13.018 12.959 12.899 12.789 12.597 12.405 12.213 12.021 11.824 11.592 11.361 11.129 10.897 10.666 10.434 10.202 10.014 9.869 9.083 8.993 8.904 8.814 8.725 8.635 8.313 7.647 6.980 6.313 5.647 5.280 5.280 5.280 5.280 5.280 5.280 5.280 5.280 5.280 5.280 5.145 4.989 4.901 4.814 4.706 4.639 4.551 4.464 4.376 4.331 4.322 4.168 4.162 4.162 4.060 3.931 3.801 3.709 3.650 3.591 3.532 3.473 3.414 3.355 3.297 3.238 3.179 3.120 3.061 3.002 2.943 2.884 2.825 2.766 2.616 1.949 1.916 1.916 1.916 1.916 1.916 1.916 1.916 1.916 1.916 1.916 1.916 1.916 1.916 1.916 1.916 1.916 1.916 1.916 1.916 1.916 1.916 1.916 1.916 1.916 1.841 1.751 1.662 1.572 1.483 1.394 1.304 1.215 1.125 1.036 0.947 0.857 0.768 0.678 0.589 0.500 0.410 0.321 0.231 0.142 0.053 -0.037 -0.126 -0.216 -0.305 -0.395 -0.484 -0.990 -1.656 -2.323 -2.990 -3.656 -4.323 -4.563 -4.563 -4.563 -4.563 -4.563 -4.563 -4.563 -4.563 -4.563 -4.563 -4.563 -4.563 -4.563 -4.563 -4.563 -4.563 -4.563 -4.563 -4.563 -4.563 -4.563 -4.563 -4.563 -4.563 -4.563 -4.563 -4.563 -4.563 -4.647 -4.811 -4.974 -5.137 -5.331 -5.563 -5.795 -5.734 -5.573 -5.413 -5.252 -5.091 -4.992 -5.054 -5.117 -5.179 -5.242 -5.224 -5.198 -5.171 -5.145 -5.118 -5.159 -5.251 -5.344 -5.307 -5.256 -5.204 -5.153 -5.102 -5.098 -5.131
13.219 13.178 13.136 13.094 13.043 12.983 12.924 12.864 12.693 12.501 12.309 12.117 11.892 11.660 11.429 11.197 10.965 10.738 10.582 10.425 10.268 10.123 9.987 9.043 8.954 8.864 8.775 8.685 8.313 7.647 6.980 6.313 5.647 5.280 5.280 5.280 5.280 5.280 5.280 5.280 5.280 5.280 5.280 5.280 5.158 5.007 4.886 4.706 4.706 4.657 4.570 4.515 4.506 4.497 4.168 4.162 4.162 4.162 4.160 4.030 3.901 3.771 3.677 3.619 3.560 3.501 3.442 3.383 3.324 3.265 3.206 3.147 3.088 3.029 2.971 2.912 2.853 2.616 1.949 1.916 1.916 1.916 1.916 1.916 1.916 1.916 1.916 1.916 1.916 1.916 1.916 1.916 1.916 1.916 1.916 1.916 1.916 1.916 1.916 1.916 1.916 1.916 1.916 1.891 1.801 1.712 1.622 1.533 1.444 1.354 1.265 1.175 1.086 0.997 0.907 0.818 0.728 0.639 0.550 0.460 0.371 0.281 0.192 0.103 0.013 -0.076 -0.166 -0.255 -0.345 -0.434 -0.990 -1.656 -2.323 -2.990 -3.656 -4.323 -4.563 -4.563 -4.563 -4.563 -4.563 -4.563 -4.563 -4.563 -4.563 -4.563 -4.563 -4.563 -4.563 -4.563 -4.563 -4.563 -4.563 -4.563 -4.563 -4.563 -4.563 -4.563 -4.563 -4.563 -4.563 -4.563 -4.563 -4.563 -4.563 -4.563 -4.631 -4.795 -4.976 -5.208 -5.221 -5.060 -4.899 -4.738 -4.577 -4.416 -4.255 -4.196 -4.258 -4.321 -4.383 -4.366 -4.339 -4.313 -4.286 -4.327 -4.419 -4.512 -4.604 -4.567 -4.516 -4.465 -4.413 -4.410 -4.443 -4.476
13.226 13.199 13.158 13.116 13.067 13.007 12.948 12.889 12.788 12.597 12.405 12.192 11.960 11.728 11.496 11.306 11.149 10.992 10.836 10.679 10.523 10.378 10.242 10.106 9.969 8.914 8.825 8.735 8.338 7.678 7.023 6.383 5.813 5.667 5.667 5.667 5.667 5.667 5.667 5.667 5.667 5.667 5.667 5.638 5.404 5.170 4.886 4.706 4.706 4.706 4.700 4.690 4.681 4.672 4.168 4.162 4.162 4.162 4.162 4.162 4.130 4.000 3.871 3.741 3.646 3.587 3.528 3.469 3.410 3.351 3.293 3.234 3.175 3.116 3.057 2.998 2.939 2.616 1.949 1.916 1.916 1.916 1.916 1.916 1.916 1.916 1.916 1.916 1.916 1.916 1.916 1.916 1.916 1.916 1.916 1.916 1.916 1.916 1.916 1.916 1.916 1.916 1.916 1.916 1.851 1.762 1.672 1.583 1.494 1.404 1.315 1.225 1.136 1.047 0.957 0.868 0.778 0.689 0.600 0.510 0.421 0.331 0.242 0.153 0.063 -0.026 -0.116 -0.205 -0.295 -0.384 -0.990 -1.656 -2.323 -2.990 -3.656 -4.323 -4.563 -4.563 -4.563 -4.563 -4.563 -4.563 -4.563 -4.563 -4.563 -4.563 -4.563 -4.563 -4.563 -4.563 -4.563 -4.563 -4.563 -4.563 -4.563 -4.563 -4.563 -4.563 -4.563 -4.563 -4.563 -4.563 -4.563 -4.563 -4.563 -4.563 -4.563 -4.452 -4.622 -4.707 -4.546 -4.385 -4.224 -4.063 -3.902 -3.741 -3.580 -3.419 -3.400 -3.462 -3.525 -3.507 -3.481 -3.454 -3.495 -3.587 -3.680 -3.772 -3.864 -3.828 -3.776 -3.725 -3.721 -3.754 -3.788 -3.821
13.229 13.206 13.179 13.138 13.091 13.032 12.972 12.913 12.853 12.692 12.491 12.259 12.029 11.873 11.716 11.560 11.403 11.246 11.090 10.933 10.777 10.633 10.496 10.360 10.224 10.032 9.745 9.458 9.171 8.885 8.639 8.442 8.246 8.049 7.852 7.656 6.333 6.333 6.333 6.333 6.333 6.333 6.119 5.885 5.651 5.417 5.163 5.044 4.957 4.884 4.875 4.866 4.856 4.847 4.415 4.415 4.415 4.415 4.415 4.415 4.359 4.229 4.100 3.970 3.841 3.711 3.614 3.556 3.497 3.438 3.379 3.320 3.261 3.202 3.143 3.084 3.041 2.616 1.949 1.916 1.916 1.916 1.916 1.916 1.916 1.916 1.916 1.916 1.916 1.916 1.916 1.916 1.916 1.916 1.916 1.916 1.916 1.916 1.916 1.916 1.916 1.916 1.916 1.916 1.901 1.812 1.722 1.633 1.544 1.454 1.365 1.275 1.186 1.097 1.007 0.918 0.828 0.739 0.650 0.560 0.471 0.381 0.292 0.203 0.113 0.024 -0.066 -0.155 -0.245 -0.334 -0.990 -1.656 -2.323 -2.990 -3.656 -4.323 -4.563 -4.563 -4.563 -4.563 -4.563 -4.563 -4.563 -4.563 -4.563 -4.563 -4.563 -4.563 -4.563 -4.563 -4.563 -4.563 -4.563 -4.563 -4.563 -4.563 -4.563 -4.563 -4.563 -4.563 -4.563 -4.563 -4.563 -4.563 -4.563 -4.563 -4.563 -4.250 -4.273 -4.032 -3.871 -3.710 -3.549 -3.388 -3.227 -3.066 -2.905 -2.744 -2.583 -2.604 -2.666 -2.649 -2.622 -2.663 -2.755 -2.848 -2.940 -3.032 -3.125 -3.088 -3.037 -3.033 -3.066 -3.099 -3.132 -3.166
13.232 13.209 13.186 13.159 13.116 13.056 12.997 12.937 12.878 12.788 12.597 12.440 12.284 12.127 11.970 11.814 11.657 11.501 11.344 11.187 11.031 10.887 10.751 10.615 10.479 10.337 10.051 9.764 9.477 9.190 8.909 8.695 8.498 8.301 8.105 7.908 7.711 7.515 7.301 7.067 6.833 6.599 6.365 6.132 5.898 5.664 5.430 5.196 5.069 5.059 5.050 5.041 5.031 5.022 5.012 5.003 4.994 4.976 4.847 4.717 4.588 4.458 4.329 4.199 4.070 3.940 3.810 3.681 3.583 3.524 3.465 3.406 3.347 3.288 3.230 3.183 3.158 2.616 1.949 1.916 1.916 1.916 1.916 1.916 1.916 1.916 1.916 1.916 1.916 1.916 1.916 1.916 1.916 1.916 1.916 1.916 1.916 1.916 1.916 1.916 1.916 1.916 1.916 1.916 1.916 1.862 1.772 1.683 1.594 1.504 1.415 1.325 1.236 1.147 1.057 0.968 0.878 0.789 0.700 0.610 0.521 0.431 0.342 0.253 0.163 0.074 -0.016 -0.105 -0.195 -0.323 -0.990 -1.656 -2.323 -2.990 -3.656 -4.323 -4.563 -4.563 -4.563 -4.563 -4.563 -4.563 -4.563 -4.563 -4.563 -4.563 -4.563 -4.563 -4.563 -4.563 -4.563 -4.563 -4.563 -4.563 -4.563 -4.563 -4.563 -4.563 -4.563 -4.563 -4.563 -4.563 -4.563 -4.563 -4.563 -4.563 -4.563 -4.250 -3.863 -3.415 -3.202 -3.039 -2.877 -2.714 -2.552 -2.391 -2.230 -2.069 -1.908 -1.747 -1.808 -1.790 -1.831 -1.923 -2.016 -2.108 -2.200 -2.293 -2.385 -2.349 -2.345 -2.378 -2.411 -2.444 -2.477 -2.510
13.234 13.212 13.189 13.166 13.139 13.081 13.037 13.015 12.992 12.958 12.851 12.694 12.538 12.381 12.224 12.068 11.911 11.755 11.598 11.441 11.285 11.142 11.006 10.870 10.734 10.598 10.356 10.069 9.782 9.496 9.215 8.947 8.751 8.554 8.357 8.160 7.964 7.767 7.548 7.314 7.080 6.846 6.612 6.378 6.144 5.910 5.677 5.466 5.337 5.302 5.267 5.233 5.206 5.197 5.187 5.178 5.169 5.159 5.076 4.946 4.817 4.687 4.558 4.428 4.298 4.169 4.039 3.910 3.780 3.651 3.551 3.493 3.434 3.375 3.325 3.299 3.274 2.616 1.949 1.916 1.916 1.916 1.916 1.916 1.916 1.916 1.916 1.916 1.916 1.916 1.916 1.916 1.916 1.916 1.916 1.916 1.916 1.916 1.916 1.916 1.916 1.916 1.916 1.916 1.916 1.912 1.822 1.733 1.644 1.554 1.465 1.375 1.286 1.197 1.107 1.018 0.928 0.839 0.750 0.660 0.571 0.481 0.392 0.303 0.213 0.124 0.034 -0.055 -0.145 -0.323 -0.990 -1.656 -2.323 -2.990 -3.656 -4.323 -4.563 -4.563 -4.563 -4.563 -4.563 -4.563 -4.563 -4.563 -4.563 -4.563 -4.563 -4.563 -4.563 -4.563 -4.563 -4.563 -4.563 -4.563 -4.563 -4.563 -4.563 -4.563 -4.563 -4.563 -4.563 -4.563 -4.563 -4.563 -4.563 -4.563 -4.563 -4.250 -3.454 -3.005 -2.556 -2.372 -2.209 -2.047 -1.884 -1.722 -1.559 -1.396 -1.234 -1.072 -0.949 -0.999 -1.091 -1.184 -1.276 -1.368 -1.461 -1.553 -1.646 -1.657 -1.690 -1.723 -1.756 -1.789 -1.822 -1.855
13.360 13.337 13.314 13.292 13.269 13.246 13.224 13.202 13.178 13.132 13.055 12.945 12.792 12.635 12.478 12.322 12.165 12.009 11.852 11.695 11.539 11.396 11.260 11.124 10.988 10.852 10.662 10.375 10.088 9.802 9.521 9.239 9.003 8.806 8.610 8.413 8.216 8.019 7.794 7.560 7.327 7.093 6.859 6.625 6.391 6.157 5.976 5.847 5.711 5.630 5.595 5.561 5.526 5.491 5.457 5.422 5.387 5.353 5.305 5.175 5.046 4.916 4.787 4.657 4.527 4.398 4.268 4.139 4.009 3.880 3.750 3.621 3.520 3.466 3.441 3.416 3.290 2.630 2.060 2.056 2.056 2.056 2.056 2.056 2.056 2.056 2.056 2.056 2.056 2.056 2.056 2.056 2.056 2.056 2.056 2.056 2.056 2.056 2.056 2.056 2.056 2.056 2.056 2.056 2.051 1.962 1.872 1.783 1.694 1.604 1.515 1.425 1.336 1.247 1.157 1.068 0.978 0.889 0.800 0.710 0.621 0.531 0.442 0.353 0.263 0.174 0.084 -0.005 -0.095 -0.323 -0.990 -1.656 -2.323 -2.990 -3.656 -4.323 -4.563 -4.563 -4.563 -4.563 -4.563 -4.563 -4.563 -4.563 -4.563 -4.563 -4.563 -4.563 -4.563 -4.563 -4.563 -4.563 -4.563 -4.563 -4.563 -4.563 -4.563 -4.563 -4.563 -4.563 -4.563 -4.563 -4.563 -4.563 -4.563 -4.563 -4.563 -4.250 -3.045 -2.596 -2.147 -1.704 -1.542 -1.379 -1.217 -1.054 -0.891 -0.729 -0.566 -0.404 -0.548 -0.667 -0.759 -0.852 -0.944 -1.037 -1.129 -1.221 -1.314 -1.353 -1.386 -1.419 -1.452 -1.485 -1.519 -1.552
13.547 13.524 13.501 13.478 13.456 13.433 13.411 13.388 13.352 13.305 13.251 13.141 13.032 12.889 12.733 12.576 12.419 12.263 12.106 11.949 11.793 11.651 11.515 11.379 11.243 11.107 10.967 10.680 10.393 10.108 9.827 9.545 9.264 9.059 8.862 8.665 8.469 8.272 8.041 7.807 7.573 7.339 7.105 6.872 6.638 6.486 6.357 6.225 6.089 5.958 5.923 5.888 5.854 5.819 5.784 5.750 5.715 5.680 5.554 5.422 5.292 5.162 5.032 4.902 4.772 4.641 4.511 4.381 4.251 4.121 3.991 3.861 3.730 3.680 3.637 3.595 3.553 3.511 3.469 2.723 2.723 2.723 2.723 2.723 2.723 2.723 2.723 2.723 2.723 2.723 2.723 2.723 4.364 4.599 4.833 5.068 5.302 5.505 5.513 5.456 5.399 5.342 5.284 5.227 5.170 5.113 5.056 4.998 4.941 4.884 4.827 4.769 4.712 4.658 4.699 4.556 4.413 4.271 4.128 3.986 3.843 3.700 3.558 0.403 0.313 0.224 0.134 0.045 -0.045 -0.323 -0.990 -1.656 -2.323 -2.990 -3.656 -4.323 -4.563 -4.563 -4.563 -4.563 -4.563 -4.563 -4.563 -4.563 -4.563 -4.563 -4.563 -4.563 -4.563 -4.563 -4.563 -4.563 -4.563 -4.563 -4.563 -4.563 -4.563 -4.563 -4.563 -4.563 -4.563 -4.563 -4.563 -4.563 -4.563 -4.563 -4.563 -3.084 -2.635 -2.186 -1.737 -1.289 -0.874 -0.712 -0.549 -0.386 -0.224 -0.061 -0.073 -0.232 -0.391 -0.517 -0.632 -0.725 -0.817 -0.909 -1.002 -1.094 -1.186 -1.226 -1.259 -1.292 -1.325 -1.358 -1.391 -1.437
13.734 13.711 13.688 13.665 13.643 13.620 13.598 13.573 13.526 13.479 13.433 13.337 13.228 13.118 12.987 12.830 12.673 12.517 12.360 12.204 12.047 11.906 11.770 11.634 11.498 11.362 11.226 10.986 10.699 10.414 10.133 9.851 9.570 9.311 9.114 8.918 8.721 8.522 8.288 8.054 7.820 7.586 7.352 7.125 6.996 6.867 6.737 6.603 6.467 6.331 6.251 6.216 6.181 6.147 6.112 6.077 6.043 5.938 5.804 5.671 5.539 5.409 5.279 5.149 5.019 4.889 4.759 4.629 4.499 4.369 4.239 4.107 3.975 3.982 3.940 3.898 3.855 3.813 3.771 3.729 3.687 3.644 3.602 3.560 3.518 3.476 3.433 3.595 3.829 4.064 4.298 4.533 4.767 5.002 5.237 5.471 5.706 5.859 5.915 5.884 5.826 5.769 5.712 5.655 5.597 5.540 5.483 5.426 5.369 5.311 5.254 5.197 5.140 5.091 5.124 5.200 5.086 4.944 4.801 4.658 4.516 4.373 4.230 4.088 3.938 3.718 3.499 3.135 2.921 2.707 2.493 2.279 2.065 1.851 1.637 -4.323 -4.563 -4.563 -4.563 -4.563 -4.563 -4.563 -4.563 -4.563 -4.563 -4.563 -4.563 -4.563 -4.563 -4.563 -4.563 -4.563 -4.563 -4.563 -4.563 -4.563 -4.563 -4.563 -4.563 -4.563 -4.563 -4.563 -4.563 -4.563 -4.563 -4.563 -4.563 -2.674 -2.226 -1.777 -1.328 -0.879 -0.430 -0.044 0.119 0.281 0.402 0.243 0.084 -0.075 -0.234 -0.360 -0.482 -0.597 -0.690 -0.782 -0.874 -0.967 -1.059 -1.098 -1.132 -1.165 -1.198 -1.231 -1.277 -1.332
13.920 13.898 13.875 13.852 13.829 13.807 13.785 13.747 13.700 13.653 13.607 13.533 13.424 13.314 13.205 13.084 12.927 12.771 12.614 12.458 12.301 12.160 12.024 11.888 11.753 11.617 11.481 11.291 11.004 10.720 10.439 10.157 9.876 9.594 9.367 9.170 8.973 8.768 8.534 8.300 8.067 7.833 7.635 7.506 7.376 7.247 7.116 6.981 6.845 6.709 6.578 6.544 6.509 6.474 6.440 6.405 6.321 6.188 6.055 5.922 5.788 5.657 5.527 5.397 5.267 5.137 5.007 4.877 4.747 4.617 4.484 4.352 4.262 4.279 4.242 4.200 4.158 4.116 4.073 4.031 3.989 3.947 3.905 3.862 3.820 3.778 3.771 3.985 4.233 4.467 4.702 4.936 5.171 5.405 5.640 5.874 6.104 6.214 6.288 6.305 6.254 6.197 6.139 6.082 6.025 5.968 5.911 5.853 5.796 5.739 5.682 5.624 5.567 5.523 5.532 5.608 5.684 5.616 5.474 5.331 5.188 5.046 4.903 4.761 4.610 4.391 4.171 3.673 3.357 3.143 2.929 2.715 2.501 2.287 2.073 1.859 1.645 1.431 1.217 1.003 0.789 0.575 0.815 0.473 0.132 -0.210 -4.563 -4.563 -4.563 -4.563 -4.563 -4.563 -4.563 -4.563 -4.563 -4.563 -4.563 -4.563 -4.563 -4.563 -4.563 -4.563 -4.563 -4.563 -4.563 -4.563 -4.563 -2.265 -1.816 -1.367 -0.919 -0.470 -0.021 0.428 0.786 0.718 0.559 0.400 0.241 0.082 -0.077 -0.203 -0.325 -0.447 -0.562 -0.655 -0.747 -0.840 -0.932 -0.971 -1.004 -1.037 -1.071 -1.116 -1.172 -1.228
14.116 14.085 14.062 14.039 14.016 13.994 13.968 13.921 13.874 13.827 13.781 13.729 13.620 13.510 13.401 13.291 13.182 13.025 12.868 12.712 12.555 12.415 12.279 12.143 12.007 11.871 11.735 11.597 11.310 11.026 10.745 10.463 10.182 9.900 9.619 9.422 9.226 9.015 8.781 8.547 8.313 8.145 8.016 7.886 7.757 7.627 7.494 7.359 7.223 7.087 6.951 6.872 6.837 6.802 6.768 6.705 6.572 6.438 6.305 6.172 6.039 5.905 5.775 5.645 5.515 5.384 5.254 5.124 4.994 4.861 4.729 4.596 4.550 4.567 4.545 4.503 4.460 4.418 4.376 4.334 4.291 4.249 4.207 4.165 4.123 4.101 4.121 4.371 4.621 4.870 5.105 5.340 5.574 5.809 6.043 6.278 6.458 6.569 6.662 6.678 6.681 6.624 6.567 6.510 6.452 6.395 6.338 6.281 6.224 6.166 6.109 6.052 5.998 5.955 5.939 6.015 6.092 6.168 6.146 6.004 5.861 5.719 5.576 5.433 5.283 5.063 4.768 4.234 3.794 3.580 3.366 3.152 2.938 2.724 2.510 2.296 2.082 1.868 1.654 1.440 1.226 1.267 2.416 2.257 1.916 1.574 1.232 0.891 0.549 0.208 -0.355 -0.670 -0.607 -0.729 -0.852 -0.974 -1.096 -1.219 -1.341 -1.463 -1.586 -1.708 -1.830 -1.952 -2.075 -2.197 -2.309 -1.869 -1.429 -0.990 -0.550 -0.110 0.330 0.770 0.975 0.872 0.716 0.557 0.398 0.239 0.080 -0.046 -0.168 -0.290 -0.412 -0.528 -0.620 -0.712 -0.805 -0.844 -0.877 -0.910 -0.956 -1.012 -1.067 -1.123
14.313 14.280 14.249 14.226 14.203 14.181 14.142 14.095 14.048 14.001 13.955 13.908 13.816 13.706 13.597 13.487 13.378 13.268 13.122 12.966 12.809 12.670 12.534 12.398 12.262 12.126 11.990 11.854 11.615 11.332 11.051 10.769 10.488 10.206 9.925 9.675 9.478 9.262 9.028 8.794 8.655 8.525 8.396 8.267 8.137 8.008 7.872 7.737 7.601 7.465 7.329 7.199 7.165 7.130 7.089 6.955 6.822 6.689 6.556 6.422 6.289 6.156 6.022 5.892 5.762 5.632 5.502 5.371 5.238 5.106 4.973 4.840 4.838 4.855 4.847 4.805 4.763 4.721 4.678 4.636 4.594 4.552 4.510 4.467 4.432 4.448 4.507 4.756 5.006 5.256 5.506 5.743 5.978 6.212 6.447 6.681 6.813 6.924 7.034 7.052 7.068 7.052 6.994 6.937 6.880 6.823 6.766 6.708 6.651 6.594 6.537 6.479 6.430 6.387 6.347 6.423 6.499 6.576 6.652 6.676 6.534 6.391 6.249 6.106 5.956 5.736 5.330 4.795 4.261 4.017 3.803 3.589 3.375 3.161 2.947 2.733 2.519 2.305 2.091 1.877 1.815 1.974 3.241 4.041 3.700 3.358 3.016 2.675 2.262 1.225 0.188 0.178 0.584 0.872 0.750 0.628 0.505 0.383 0.261 0.138 0.016 -0.106 -0.229 -0.379 -0.723 -1.066 -1.189 -1.198 -1.119 -0.679 -0.239 0.201 0.640 1.080 1.047 0.944 0.841 0.714 0.555 0.396 0.237 0.111 -0.011 -0.133 -0.255 -0.377 -0.493 -0.585 -0.677 -0.717 -0.750 -0.796 -0.851 -0.907 -0.963 -1.018
14.511 14.478 14.444 14.413 14.390 14.363 14.316 14.269 14.222 14.175 14.128 14.082 14.012 13.902 13.793 13.683 13.574 13.464 13.355 13.220 13.063 12.924 12.788 12.653 12.517 12.381 12.245 12.109 11.921 11.638 11.357 11.075 10.794 10.512 10.231 9.949 9.731 9.508 9.294 9.165 9.035 8.906 8.777 8.647 8.518 8.386 8.250 8.115 7.979 7.843 7.707 7.572 7.492 7.458 7.339 7.206 7.073 6.939 6.806 6.673 6.539 6.406 6.273 6.140 6.010 5.880 5.748 5.616 5.483 5.350 5.217 5.110 5.126 5.143 5.150 5.107 5.065 5.023 4.981 4.939 4.896 4.854 4.812 4.770 4.779 4.795 4.892 5.142 5.392 5.642 5.892 6.141 6.381 6.615 6.850 7.057 7.168 7.278 7.389 7.426 7.442 7.459 7.422 7.365 7.307 7.250 7.193 7.136 7.079 7.021 6.964 6.907 6.862 6.819 6.777 6.831 6.907 6.983 7.059 7.136 7.207 7.064 6.921 6.779 6.628 6.409 5.891 5.357 4.822 4.454 4.240 4.026 3.812 3.598 3.384 3.170 2.956 2.742 2.528 2.364 2.522 2.680 4.067 5.456 5.484 5.142 4.800 3.842 2.805 1.768 0.731 1.026 1.433 1.839 2.245 2.229 2.107 1.985 1.862 1.740 1.612 1.268 0.924 0.580 0.237 -0.043 -0.052 -0.061 -0.070 -0.079 0.071 0.511 0.951 1.222 1.119 1.016 0.913 0.810 0.707 0.553 0.394 0.268 0.146 0.024 -0.098 -0.220 -0.343 -0.458 -0.550 -0.589 -0.635 -0.691 -0.747 -0.802 -0.858 -0.913
14.709 14.675 14.642 14.608 14.577 14.537 14.490 14.443 14.396 14.349 14.302 14.256 14.208 14.098 13.989 13.879 13.770 13.660 13.551 13.441 13.317 13.179 13.043 12.907 12.771 12.636 12.500 12.364 12.227 11.944 11.663 11.381 11.100 10.818 10.537 10.255 9.983 9.804 9.675 9.545 9.416 9.286 9.157 9.028 8.898 8.764 8.628 8.492 8.357 8.221 8.085 7.949 7.820 7.723 7.590 7.456 7.323 7.190 7.056 6.923 6.790 6.656 6.523 6.390 6.258 6.125 5.993 5.860 5.727 5.594 5.461 5.398 5.414 5.431 5.448 5.410 5.368 5.325 5.283 5.241 5.199 5.157 5.114 5.109 5.126 5.142 5.278 5.528 5.778 6.028 6.277 6.527 6.777 7.019 7.253 7.412 7.523 7.633 7.744 7.800 7.816 7.832 7.849 7.792 7.735 7.678 7.621 7.563 7.506 7.449 7.392 7.337 7.294 7.252 7.209 7.239 7.315 7.391 7.467 7.543 7.620 7.696 7.594 7.451 7.301 6.986 6.452 5.918 5.383 4.891 4.677 4.463 4.249 4.035 3.821 3.607 3.393 3.179 2.965 3.070 3.228 3.502 4.892 6.281 7.268 6.459 5.422 4.385 3.348 2.311 1.468 1.875 2.281 2.687 3.093 3.500 3.709 3.586 3.258 2.915 2.571 2.227 1.883 1.540 1.196 1.093 1.085 1.076 1.067 1.058 1.049 1.040 1.261 1.294 1.191 1.088 0.985 0.882 0.779 0.676 0.551 0.425 0.303 0.181 0.059 -0.063 -0.186 -0.308 -0.423 -0.475 -0.531 -0.586 -0.642 -0.697 -0.753 -0.809
14.902 14.869 14.835 14.801 14.763 14.714 14.668 14.621 14.574 14.527 14.480 14.433 14.386 14.277 14.167 14.058 13.948 13.839 13.729 13.620 13.510 13.377 13.241 13.105 12.969 12.834 12.698 12.562 12.417 12.142 11.860 11.579 11.297 11.016 10.734 10.453 10.171 10.026 9.897 9.767 9.638 9.509 9.379 9.250 9.119 8.990 8.854 8.719 8.583 8.447 8.311 8.176 8.040 7.911 7.777 7.643 7.509 7.375 7.241 7.107 6.973 6.839 6.705 6.571 6.477 6.370 6.237 6.104 5.971 5.838 5.706 5.686 5.702 5.719 5.736 5.712 5.670 5.628 5.586 5.544 5.501 5.459 5.439 5.456 5.473 5.489 5.664 5.914 6.164 6.413 6.663 6.913 7.163 7.413 7.656 7.767 7.877 7.988 8.099 8.174 8.190 8.206 8.222 8.220 8.163 8.105 8.048 7.991 7.934 7.876 7.819 7.769 7.727 7.684 7.641 7.647 7.723 7.799 7.875 7.951 8.027 8.104 8.180 8.124 7.974 7.547 7.013 6.479 5.945 5.410 5.114 4.900 4.686 4.472 4.258 4.044 3.830 3.616 3.619 3.777 3.935 4.327 5.717 7.107 7.784 7.002 5.965 4.928 3.891 2.854 2.317 2.723 3.129 3.535 3.942 4.348 4.390 4.041 3.698 3.354 3.010 2.666 2.323 1.979 1.635 1.592 1.583 1.574 1.565 1.556 1.547 1.539 1.493 1.382 1.280 1.177 1.074 0.971 0.868 0.765 0.662 0.542 0.420 0.298 0.176 0.054 -0.068 -0.191 -0.315 -0.378 -0.433 -0.489 -0.545 -0.600 -0.656 -0.712
15.093 15.060 15.026 14.988 14.946 14.896 14.847 14.800 14.753 14.706 14.659 14.613 14.566 14.454 14.337 14.227 14.118 14.008 13.899 13.789 13.680 13.547 13.411 13.275 13.139 13.003 12.867 12.722 12.570 12.293 12.003 11.722 11.440 11.159 10.877 10.596 10.314 10.169 10.040 9.910 9.781 9.652 9.522 9.392 9.260 9.133 9.004 8.869 8.733 8.597 8.461 8.326 8.190 8.063 7.935 7.801 7.667 7.533 7.398 7.264 7.130 6.996 6.862 6.728 6.676 6.614 6.481 6.348 6.216 6.083 5.957 5.974 5.990 6.007 6.024 6.015 5.973 5.930 5.888 5.846 5.804 5.769 5.786 5.803 5.819 5.836 6.050 6.299 6.549 6.799 7.049 7.299 7.549 7.760 7.862 8.121 8.232 8.343 8.453 8.547 8.564 8.580 8.596 8.612 8.590 8.533 8.476 8.418 8.361 8.304 8.247 8.202 8.159 8.116 8.073 8.054 8.130 8.207 8.283 8.359 8.435 8.511 8.587 8.664 8.642 8.108 7.574 7.040 6.506 5.972 5.551 5.337 5.123 4.909 4.695 4.481 4.267 4.167 4.325 4.483 4.642 5.153 6.542 7.932 7.877 7.545 6.508 5.471 4.435 3.398 3.165 3.571 3.978 4.384 4.790 4.832 4.590 4.237 3.876 3.532 3.189 2.845 2.501 2.157 1.814 1.770 1.761 1.752 1.744 1.735 1.726 1.680 1.605 1.491 1.377 1.274 1.171 1.068 0.965 0.862 0.759 0.639 0.517 0.395 0.273 0.151 0.029 -0.096 -0.222 -0.285 -0.340 -0.396 -0.452 -0.507 -0.563 -0.624
15.285 15.251 15.212 15.170 15.128 15.079 15.029 14.979 14.933 14.886 14.839 14.792 14.745 14.633 14.514 14.397 14.287 14.178 14.068 13.959 13.849 13.716 13.580 13.444 13.308 13.173 13.028 12.876 12.724 12.446 12.154 11.865 11.583 11.302 11.020 10.739 10.457 10.312 10.183 10.053 9.924 9.795 9.664 9.532 9.400 9.273 9.147 9.019 8.883 8.747 8.611 8.476 8.340 8.213 8.086 7.958 7.824 7.690 7.556 7.422 7.288 7.154 7.020 6.921 6.875 6.829 6.725 6.593 6.460 6.327 6.245 6.262 6.279 6.295 6.312 6.317 6.275 6.233 6.191 6.148 6.106 6.116 6.133 6.150 6.166 6.186 6.435 6.685 6.935 7.185 7.435 7.684 7.797 7.787 7.987 8.361 8.587 8.697 8.808 8.919 8.937 8.954 8.970 8.986 9.002 8.960 8.903 8.846 8.789 8.731 8.677 8.634 8.591 8.548 8.506 8.463 8.538 8.614 8.691 8.767 8.843 8.919 8.995 9.055 8.906 8.669 8.135 7.601 7.067 6.533 5.998 5.774 5.560 5.346 5.132 4.918 4.716 4.874 5.032 5.190 5.348 5.978 7.367 8.141 7.970 7.800 7.052 6.015 4.978 3.941 4.013 4.420 4.826 5.232 5.274 5.032 4.791 4.438 4.072 3.711 3.367 3.023 2.679 2.336 1.992 1.949 1.940 1.931 1.922 1.913 1.867 1.792 1.717 1.604 1.486 1.371 1.268 1.165 1.062 0.959 0.857 0.736 0.614 0.492 0.370 0.248 0.124 -0.003 -0.129 -0.192 -0.247 -0.303 -0.358 -0.414 -0.475 -0.541
15.476 15.437 15.395 15.353 15.311 15.262 15.211 15.161 15.112 15.065 15.018 14.971 14.924 14.813 14.693 14.574 14.457 14.347 14.238 14.128 14.019 13.886 13.750 13.614 13.478 13.333 13.181 13.029 12.877 12.600 12.308 12.016 11.726 11.445 11.163 10.882 10.600 10.455 10.326 10.196 10.067 9.936 9.804 9.673 9.541 9.414 9.288 9.161 9.033 8.897 8.761 8.626 8.490 8.363 8.236 8.110 7.982 7.848 7.714 7.580 7.446 7.312 7.178 7.120 7.074 7.028 6.970 6.837 6.704 6.571 6.533 6.550 6.567 6.583 6.600 6.617 6.578 6.535 6.493 6.451 6.446 6.463 6.480 6.497 6.513 6.571 6.821 7.071 7.321 7.571 7.820 7.834 7.824 7.814 8.111 8.485 8.859 9.052 9.163 9.273 9.311 9.328 9.344 9.360 9.376 9.388 9.331 9.273 9.216 9.159 9.109 9.066 9.023 8.980 8.938 8.895 8.946 9.022 9.098 9.174 9.251 9.327 9.326 9.182 9.035 8.822 8.609 8.162 7.628 7.094 6.560 6.211 5.997 5.783 5.569 5.355 5.422 5.580 5.738 5.896 6.055 6.803 8.193 8.234 8.064 7.893 7.595 6.558 5.521 4.484 4.862 5.268 5.674 5.716 5.475 5.233 4.992 4.639 4.272 3.906 3.545 3.202 2.858 2.514 2.170 2.127 2.118 2.109 2.100 2.054 1.979 1.905 1.830 1.716 1.598 1.480 1.365 1.262 1.159 1.057 0.954 0.834 0.711 0.589 0.467 0.343 0.217 0.091 -0.036 -0.098 -0.154 -0.210 -0.265 -0.326 -0.392 -0.457
15.662 15.620 15.578 15.536 15.493 15.444 15.394 15.344 15.294 15.244 15.198 15.151 15.104 14.992 14.873 14.753 14.634 14.517 14.407 14.298 14.188 14.055 13.919 13.783 13.638 13.486 13.335 13.183 13.031 12.753 12.461 12.169 11.877 11.588 11.306 11.025 10.743 10.598 10.469 10.339 10.209 10.077 9.945 9.813 9.681 9.554 9.428 9.302 9.176 9.047 8.911 8.776 8.640 8.513 8.386 8.260 8.134 8.006 7.872 7.738 7.604 7.470 7.365 7.319 7.273 7.227 7.182 7.081 6.948 6.816 6.821 6.838 6.855 6.871 6.888 6.905 6.880 6.838 6.796 6.776 6.793 6.810 6.827 6.844 6.860 6.957 7.207 7.457 7.706 7.880 7.871 7.861 7.851 7.862 8.236 8.610 8.984 9.357 9.518 9.628 9.685 9.701 9.718 9.734 9.750 9.766 9.758 9.701 9.644 9.586 9.541 9.498 9.455 9.413 9.370 9.327 9.354 9.430 9.506 9.582 9.658 9.596 9.452 9.308 9.163 8.951 8.738 8.525 8.189 7.655 7.121 6.647 6.433 6.219 6.005 5.970 6.129 6.287 6.445 6.603 6.761 7.628 8.498 8.328 8.157 7.986 7.816 7.101 6.064 5.304 5.710 6.116 6.158 5.917 5.675 5.434 5.193 4.839 4.473 4.107 3.741 3.380 3.036 2.692 2.349 2.305 2.296 2.288 2.242 2.167 2.092 2.017 1.942 1.828 1.710 1.592 1.474 1.359 1.257 1.154 1.051 0.931 0.809 0.686 0.562 0.436 0.310 0.184 0.058 -0.005 -0.061 -0.117 -0.178 -0.243 -0.308 -0.374
15.845 15.802 15.760 15.718 15.676 15.627 15.577 15.527 15.476 15.426 15.377 15.330 15.283 15.171 15.052 14.933 14.813 14.694 14.577 14.467 14.358 14.225 14.089 13.944 13.792 13.640 13.488 13.336 13.184 12.907 12.615 12.323 12.031 11.739 11.449 11.168 10.886 10.741 10.612 10.481 10.349 10.217 10.085 9.954 9.822 9.695 9.569 9.442 9.316 9.190 9.061 8.926 8.790 8.663 8.536 8.410 8.284 8.158 8.030 7.896 7.762 7.628 7.564 7.518 7.472 7.427 7.381 7.325 7.193 7.092 7.109 7.126 7.143 7.159 7.176 7.193 7.182 7.140 7.106 7.123 7.140 7.157 7.174 7.191 7.207 7.343 7.593 7.842 7.917 7.908 7.898 7.889 7.879 7.987 8.360 8.734 9.108 9.482 9.856 9.983 10.059 10.075 10.091 10.108 10.124 10.140 10.156 10.128 10.071 10.016 9.973 9.930 9.888 9.845 9.802 9.759 9.761 9.838 9.914 9.990 9.866 9.722 9.578 9.434 9.290 9.079 8.866 8.654 8.441 8.216 7.682 7.148 6.870 6.656 6.519 6.677 6.835 6.993 7.151 7.310 7.468 8.453 8.592 8.421 8.250 8.080 7.909 7.644 6.607 6.152 6.559 6.600 6.359 6.117 5.876 5.635 5.393 5.040 4.674 4.308 3.942 3.576 3.215 2.871 2.527 2.484 2.475 2.429 2.354 2.279 2.204 2.129 2.054 1.941 1.823 1.705 1.586 1.468 1.354 1.251 1.148 1.028 0.906 0.781 0.655 0.529 0.403 0.277 0.151 0.088 0.032 -0.029 -0.094 -0.160 -0.225 -0.290
16.027 15.985 15.943 15.901 15.859 15.809 15.759 15.709 15.659 15.609 15.559 15.509 15.463 15.351 15.231 15.112 14.993 14.873 14.754 14.637 14.527 14.394 14.249 14.097 13.945 13.793 13.642 13.490 13.338 13.060 12.768 12.476 12.184 11.892 11.600 11.311 11.029 10.884 10.753 10.622 10.490 10.358 10.226 10.094 9.962 9.835 9.709 9.583 9.457 9.330 9.204 9.076 8.940 8.813 8.686 8.560 8.434 8.308 8.181 8.053 7.919 7.809 7.763 7.717 7.672 7.626 7.580 7.534 7.437 7.380 7.397 7.414 7.431 7.447 7.464 7.481 7.485 7.443 7.453 7.470 7.487 7.504 7.521 7.538 7.554 7.729 7.964 7.955 7.945 7.935 7.926 7.916 7.906 8.111 8.485 8.859 9.233 9.607 9.981 10.338 10.433 10.449 10.465 10.481 10.498 10.514 10.530 10.546 10.499 10.448 10.405 10.363 10.320 10.277 10.234 10.192 10.169 10.245 10.280 10.136 9.992 9.848 9.704 9.560 9.416 9.208 8.995 8.782 8.569 8.357 8.144 7.709 7.307 7.093 7.225 7.384 7.542 7.700 7.858 8.016 8.174 8.855 8.685 8.514 8.344 8.173 8.002 7.832 7.150 7.001 7.042 6.801 6.560 6.318 6.077 5.835 5.594 5.241 4.875 4.509 4.142 3.776 3.410 3.049 2.705 2.662 2.616 2.541 2.466 2.391 2.317 2.242 2.167 2.053 1.935 1.817 1.699 1.581 1.463 1.348 1.245 1.125 1.001 0.874 0.748 0.622 0.496 0.370 0.244 0.181 0.120 0.054 -0.011 -0.076 -0.142 -0.207
16.210 16.168 16.126 16.083 16.041 15.992 15.942 15.892 15.842 15.792 15.741 15.691 15.642 15.530 15.411 15.291 15.172 15.053 14.933 14.814 14.697 14.554 14.403 14.251 14.099 13.947 13.795 13.643 13.491 13.214 12.922 12.630 12.338 12.046 11.754 11.462 11.172 11.026 10.894 10.762 10.630 10.498 10.366 10.235 10.103 9.976 9.850 9.723 9.597 9.471 9.345 9.218 9.090 8.963 8.836 8.710 8.584 8.458 8.331 8.205 8.077 8.008 7.962 7.917 7.871 7.825 7.779 7.733 7.681 7.668 7.685 7.702 7.719 7.735 7.752 7.769 7.786 7.783 7.800 7.817 7.834 7.851 7.868 7.884 7.901 8.001 7.992 7.982 7.972 7.963 7.953 7.943 7.934 8.236 8.610 8.984 9.357 9.731 10.105 10.479 10.803 10.823 10.839 10.855 10.871 10.888 10.904 10.920 10.926 10.880 10.838 10.795 10.752 10.709 10.667 10.624 10.581 10.550 10.406 10.262 10.118 9.974 9.830 9.687 9.543 9.336 9.123 8.911 8.698 8.485 8.272 8.060 7.744 7.774 7.932 8.090 8.248 8.406 8.564 8.723 8.881 8.949 8.778 8.608 8.437 8.266 8.096 7.925 7.693 7.484 7.243 7.002 6.760 6.519 6.278 6.036 5.795 5.442 5.075 4.709 4.343 3.977 3.611 3.245 2.884 2.803 2.728 2.654 2.579 2.504 2.429 2.354 2.279 2.166 2.047 1.929 1.811 1.693 1.575 1.457 1.342 1.220 1.094 0.968 0.841 0.715 0.589 0.463 0.337 0.269 0.203 0.138 0.072 0.007 -0.058 -0.124
16.397 16.355 16.313 16.271 16.226 16.176 16.126 16.076 16.025 15.975 15.925 15.875 15.823 15.711 15.592 15.472 15.353 15.233 15.114 14.995 14.868 14.706 14.554 14.403 14.251 14.099 13.947 13.795 13.643 13.360 13.068 12.776 12.484 12.192 11.900 11.608 11.316 11.167 11.035 10.903 10.771 10.640 10.508 10.376 10.244 10.117 9.991 9.865 9.738 9.612 9.486 9.360 9.239 9.120 8.994 8.867 8.741 8.615 8.489 8.362 8.236 8.194 8.148 8.102 8.056 8.010 7.964 7.919 7.873 7.883 7.900 7.917 7.934 7.951 7.967 7.984 8.014 8.033 8.050 8.066 8.083 8.100 8.117 8.134 8.163 8.160 8.151 8.141 8.131 8.122 8.112 8.103 8.093 8.404 8.777 9.151 9.525 9.899 10.273 10.647 11.021 11.074 11.090 11.106 11.123 11.139 11.155 11.171 11.173 11.118 11.076 11.033 10.990 10.947 10.905 10.862 10.819 10.686 10.542 10.398 10.254 10.110 9.966 9.823 9.676 9.470 9.257 9.044 8.832 8.619 8.406 8.193 7.998 8.094 8.252 8.410 8.568 8.726 8.884 9.043 9.201 9.067 8.896 8.726 8.555 8.385 8.214 8.043 7.873 7.639 7.397 7.156 6.915 6.673 6.432 6.190 5.968 5.619 5.253 4.886 4.520 4.154 3.788 3.422 3.056 2.921 2.846 2.771 2.696 2.621 2.546 2.471 2.396 2.283 2.165 2.047 1.928 1.810 1.692 1.574 1.440 1.303 1.177 1.051 0.925 0.799 0.673 0.546 0.420 0.343 0.278 0.212 0.147 0.081 0.016 -0.049
16.587 16.545 16.503 16.458 16.410 16.360 16.310 16.260 16.210 16.160 16.110 16.058 16.005 15.893 15.773 15.654 15.534 15.415 15.296 15.169 15.036 14.871 14.705 14.553 14.402 14.250 14.098 13.946 13.794 13.510 13.212 12.920 12.628 12.336 12.044 11.752 11.460 11.310 11.177 11.045 10.913 10.781 10.649 10.517 10.386 10.259 10.132 10.006 9.880 9.754 9.627 9.506 9.390 9.273 9.155 9.028 8.902 8.776 8.650 8.523 8.397 8.359 8.327 8.281 8.235 8.189 8.143 8.097 8.051 8.062 8.079 8.095 8.112 8.129 8.146 8.175 8.214 8.233 8.250 8.267 8.284 8.301 8.318 8.347 8.386 8.383 8.376 8.366 8.357 8.347 8.337 8.328 8.318 8.620 8.967 9.341 9.715 10.089 10.462 10.836 11.210 11.263 11.280 11.296 11.312 11.328 11.345 11.346 11.337 11.277 11.217 11.174 11.131 11.088 11.046 11.003 10.960 10.827 10.683 10.539 10.395 10.251 10.107 9.961 9.812 9.606 9.393 9.180 8.968 8.755 8.542 8.347 8.166 8.252 8.378 8.536 8.694 8.852 9.011 9.169 9.327 9.194 9.027 8.857 8.686 8.515 8.345 8.174 8.004 7.770 7.528 7.287 7.045 6.804 6.563 6.341 6.134 5.784 5.418 5.052 4.686 4.320 3.953 3.588 3.223 3.076 2.965 2.891 2.816 2.741 2.666 2.591 2.516 2.403 2.284 2.166 2.048 1.930 1.812 1.678 1.532 1.392 1.256 1.130 1.003 0.877 0.751 0.625 0.499 0.420 0.348 0.282 0.217 0.151 0.086 0.021
16.777 16.735 16.689 16.642 16.594 16.545 16.494 16.444 16.394 16.344 16.292 16.240 16.187 16.074 15.955 15.835 15.716 15.597 15.470 15.337 15.205 15.039 14.870 14.704 14.552 14.401 14.249 14.097 13.945 13.660 13.361 13.063 12.771 12.479 12.187 11.895 11.603 11.453 11.320 11.187 11.055 10.923 10.791 10.659 10.527 10.400 10.274 10.148 10.022 9.895 9.774 9.657 9.541 9.424 9.308 9.189 9.063 8.937 8.810 8.684 8.558 8.520 8.492 8.459 8.413 8.368 8.322 8.276 8.230 8.240 8.257 8.274 8.291 8.308 8.337 8.376 8.415 8.434 8.451 8.467 8.484 8.501 8.530 8.569 8.608 8.606 8.599 8.591 8.582 8.572 8.562 8.553 8.543 8.846 9.184 9.530 9.904 10.278 10.652 11.026 11.400 11.453 11.469 11.485 11.502 11.518 11.519 11.510 11.500 11.440 11.375 11.315 11.272 11.229 11.186 11.144 11.101 10.968 10.824 10.680 10.536 10.392 10.245 10.097 9.948 9.742 9.529 9.317 9.104 8.891 8.696 8.515 8.334 8.420 8.536 8.662 8.820 8.979 9.137 9.295 9.453 9.320 9.155 8.988 8.817 8.646 8.476 8.305 8.134 7.900 7.659 7.418 7.176 6.935 6.713 6.506 6.299 5.949 5.583 5.217 4.851 4.485 4.119 3.754 3.389 3.243 3.121 3.010 2.935 2.861 2.786 2.711 2.636 2.522 2.404 2.286 2.168 2.050 1.916 1.770 1.624 1.484 1.345 1.208 1.082 0.956 0.830 0.704 0.578 0.498 0.424 0.352 0.287 0.221 0.156 0.091
