V 10.480 85.570 114.900 0.461459 0.500213
V 14.290 88.000 115.000 0.463217 0.501319
V 19.110 88.270 113.700 0.465430 0.501426
V 37.630 90.330 110.200 0.473936 0.502306
V 47.840 92.020 110.400 0.478628 0.503047
V 62.460 92.430 108.600 0.485339 0.503182
V 76.370 93.710 108.400 0.491727 0.503720
V 87.050 92.210 110.300 0.496623 0.502989
V 103.000 92.240 109.400 0.503942 0.502944
V 116.690 93.380 108.000 0.510229 0.503418
V 131.330 94.600 105.400 0.516952 0.503926
V 140.610 95.480 103.800 0.521214 0.504297
V 155.890 95.960 102.700 0.528228 0.504462
V 158.030 88.730 100.700 0.529183 0.501122
V 162.980 82.660 97.400 0.531432 0.498306
V 156.340 78.880 97.600 0.528371 0.496589
V 140.840 71.690 99.400 0.521232 0.493333
V 130.840 63.440 102.800 0.516612 0.489568
V 122.370 58.220 102.200 0.512706 0.487194
V 106.990 47.170 101.200 0.505607 0.482159
V 100.180 41.950 100.900 0.502462 0.479779
V 90.200 48.720 102.000 0.497907 0.482935
V 77.700 55.650 105.500 0.492197 0.486176
V 69.290 49.000 106.500 0.488313 0.483142
V 60.180 39.760 107.800 0.484098 0.478918
V 52.950 31.470 108.700 0.480749 0.475124
V 49.790 25.650 108.800 0.479278 0.472454
V 46.360 42.410 110.200 0.477765 0.480190
V 42.440 50.120 110.600 0.475995 0.483758
V 30.360 64.860 110.800 0.470506 0.490596
V 18.350 76.940 112.000 0.465039 0.496207
V 21.060 74.220 111.600 0.466273 0.494944
V 33.600 60.910 110.000 0.471978 0.488763
V 135.210 67.050 102.900 0.518631 0.491216
V 43.900 83.240 108.900 0.476787 0.499016
V 68.900 85.240 107.600 0.488268 0.499845
V 93.900 86.240 107.100 0.499744 0.500213
V 118.900 88.240 105.100 0.511224 0.501041
V 138.900 89.240 104.000 0.520406 0.501428
V 28.900 81.240 110.000 0.469896 0.498150
V 113.900 90.240 106.500 0.508937 0.501982
V 48.900 69.240 108.500 0.479030 0.492545
V 71.900 71.240 106.100 0.489593 0.493382
V 91.900 72.240 105.600 0.498774 0.493768
V 113.900 73.240 103.400 0.508874 0.494147
V 125.900 74.240 103.000 0.514385 0.494564
V 58.900 67.240 107.100 0.483612 0.491586
V 81.900 71.240 105.800 0.494182 0.493344
V 58.900 54.240 108.400 0.483564 0.485596
V 75.900 52.240 106.500 0.491358 0.484611
V 91.900 50.240 104.900 0.498693 0.483630
V 108.900 51.240 103.500 0.506498 0.484027
V 83.900 57.240 105.900 0.495048 0.486885
V 65.900 49.240 107.400 0.486758 0.483265
V 99.900 49.240 103.600 0.502361 0.483139
V 83.900 100.240 112.800 0.495207 0.506702
V 113.900 101.240 113.900 0.508978 0.507051
V 53.900 99.240 111.400 0.481436 0.506352
V 133.900 99.240 112.800 0.518149 0.506055
V 163.900 95.240 106.000 0.531901 0.504100
V 5.900 80.240 115.600 0.459338 0.497774
V 1.900 65.240 114.700 0.457447 0.490876
V 8.900 50.240 113.400 0.460604 0.483938
V 13.900 35.240 112.300 0.462843 0.477006
V 21.900 25.240 111.600 0.466477 0.472368
V -1.100 90.240 117.900 0.456162 0.502408
V -8.100 77.240 118.000 0.452902 0.496443
V -4.100 60.240 116.700 0.454675 0.488594
V 63.900 20.240 107.700 0.485733 0.469908
V 83.900 17.240 107.600 0.494900 0.468452
V 43.900 17.240 109.600 0.476544 0.468600
V 103.900 23.240 104.700 0.504100 0.471142
V 113.900 30.240 102.200 0.508715 0.474331
V 121.900 40.240 103.600 0.512423 0.478910
V 113.900 50.240 103.600 0.508789 0.483548
V 153.900 73.240 98.700 0.527231 0.493999
V 148.900 65.240 98.300 0.524906 0.490331
V 158.900 77.240 97.800 0.529540 0.495824
V 143.900 60.240 99.500 0.522593 0.488045
V 133.900 53.240 98.900 0.517978 0.484856
V -173.897 -188.666 157.344 0.375836 0.374518
V -165.897 -188.666 153.061 0.379508 0.374488
V -157.897 -188.666 149.119 0.383179 0.374459
V -149.897 -188.666 145.252 0.386850 0.374429
V -141.897 -188.666 141.380 0.390521 0.374399
V -133.897 -188.666 138.009 0.394192 0.374370
V -125.897 -188.666 134.799 0.397863 0.374340
V -117.897 -188.666 131.584 0.401535 0.374311
V -109.897 -188.666 128.780 0.405206 0.374281
V -101.897 -188.666 126.160 0.408877 0.374251
V -93.897 -188.666 123.538 0.412548 0.374222
V -85.897 -188.666 121.178 0.416219 0.374192
V -77.897 -188.666 118.976 0.419891 0.374163
V -69.897 -188.666 116.775 0.423562 0.374133
V -61.897 -188.666 115.007 0.427233 0.374103
V -53.897 -188.666 113.571 0.430904 0.374074
V -45.897 -188.666 112.137 0.434575 0.374044
V -37.897 -188.666 110.781 0.438246 0.374014
V -29.897 -188.666 109.551 0.441918 0.373985
V -21.897 -188.666 108.324 0.445589 0.373955
V -13.897 -188.666 107.465 0.449260 0.373925
V -5.897 -188.666 107.062 0.452931 0.373896
V 2.103 -188.666 106.662 0.456602 0.373866
V 10.103 -188.666 106.475 0.460273 0.373836
V 18.103 -188.666 106.626 0.463945 0.373807
V 26.103 -188.666 106.779 0.467616 0.373777
V 34.103 -188.666 106.790 0.471287 0.373747
V 42.103 -188.666 106.501 0.474958 0.373718
V 50.103 -188.666 106.209 0.478629 0.373688
V 58.103 -188.666 105.893 0.482300 0.373658
V 66.103 -188.666 105.603 0.485972 0.373629
V 74.103 -188.666 105.217 0.489643 0.373599
V 82.103 -188.666 105.005 0.493314 0.373569
V 90.103 -188.666 105.489 0.496985 0.373540
V 98.103 -188.666 105.973 0.500656 0.373510
V 106.103 -188.666 106.608 0.504327 0.373480
V 114.103 -188.666 108.165 0.507999 0.373451
V 122.103 -188.666 109.725 0.511670 0.373421
V 130.103 -188.666 111.320 0.515341 0.373391
V 138.103 -188.666 113.275 0.519012 0.373361
V 146.103 -188.666 115.232 0.522683 0.373332
V 154.103 -188.666 117.140 0.526354 0.373302
V 162.103 -188.666 116.501 0.530026 0.373272
V 170.103 -188.666 115.840 0.533697 0.373243
V 178.103 -188.666 115.176 0.537368 0.373213
V 186.103 -188.666 113.603 0.541039 0.373183
V 194.103 -188.666 111.992 0.544710 0.373153
V 202.103 -188.666 110.383 0.548381 0.373124
V 210.103 -188.666 109.960 0.552053 0.373094
V 218.103 -188.666 109.670 0.555724 0.373064
V 226.103 -188.666 109.378 0.559395 0.373034
V 234.103 -188.666 109.119 0.563066 0.373005
V 242.103 -188.666 108.866 0.566737 0.372975
V 250.103 -188.666 108.613 0.570408 0.372945
V 258.103 -188.666 108.607 0.574080 0.372915
V 266.103 -188.666 108.648 0.577751 0.372885
V 274.103 -188.666 108.715 0.581422 0.372856
V 282.103 -188.666 109.472 0.585093 0.372826
V 290.103 -188.666 110.506 0.588764 0.372796
V 298.103 -188.666 111.540 0.592435 0.372766
V 306.103 -188.666 113.287 0.596107 0.372737
V 314.103 -188.666 115.414 0.599778 0.372707
V 322.103 -188.666 117.546 0.603449 0.372677
V 330.103 -188.666 119.516 0.607120 0.372647
V 338.103 -188.666 121.367 0.610791 0.372617
V -173.897 -180.666 156.800 0.375866 0.378204
V -165.897 -180.666 152.635 0.379537 0.378175
V -157.897 -180.666 148.955 0.383208 0.378145
V -149.897 -180.666 145.378 0.386879 0.378116
V -141.897 -180.666 141.796 0.390551 0.378086
V -133.897 -180.666 138.758 0.394222 0.378057
V -125.897 -180.666 135.889 0.397893 0.378027
V -117.897 -180.666 133.014 0.401564 0.377997
V -109.897 -180.666 130.428 0.405235 0.377968
V -101.897 -180.666 127.967 0.408906 0.377938
V -93.897 -180.666 125.504 0.412578 0.377908
V -85.897 -180.666 123.141 0.416249 0.377879
V -77.897 -180.666 120.838 0.419920 0.377849
V -69.897 -180.666 118.536 0.423591 0.377820
V -61.897 -180.666 116.628 0.427262 0.377790
V -53.897 -180.666 115.011 0.430934 0.377760
V -45.897 -180.666 113.398 0.434605 0.377731
V -37.897 -180.666 111.833 0.438276 0.377701
V -29.897 -180.666 110.369 0.441947 0.377671
V -21.897 -180.666 108.910 0.445618 0.377642
V -13.897 -180.666 107.837 0.449289 0.377612
V -5.897 -180.666 107.226 0.452961 0.377582
V 2.103 -180.666 106.619 0.456632 0.377553
V 10.103 -180.666 106.242 0.460303 0.377523
V 18.103 -180.666 106.216 0.463974 0.377493
V 26.103 -180.666 106.193 0.467645 0.377464
V 34.103 -180.666 106.124 0.471316 0.377434
V 42.103 -180.666 105.958 0.474988 0.377404
V 50.103 -180.666 105.790 0.478659 0.377375
V 58.103 -180.666 105.610 0.482330 0.377345
V 66.103 -180.666 105.508 0.486001 0.377315
V 74.103 -180.666 105.298 0.489672 0.377286
V 82.103 -180.666 105.204 0.493343 0.377256
V 90.103 -180.666 105.556 0.497015 0.377226
V 98.103 -180.666 105.910 0.500686 0.377197
V 106.103 -180.666 106.391 0.504357 0.377167
V 114.103 -180.666 107.588 0.508028 0.377137
V 122.103 -180.666 108.790 0.511699 0.377108
V 130.103 -180.666 110.034 0.515371 0.377078
V 138.103 -180.666 111.669 0.519042 0.377048
V 146.103 -180.666 113.308 0.522713 0.377018
V 154.103 -180.666 114.895 0.526384 0.376989
V 162.103 -180.666 114.477 0.530055 0.376959
V 170.103 -180.666 114.036 0.533726 0.376929
V 178.103 -180.666 113.591 0.537398 0.376899
V 186.103 -180.666 112.189 0.541069 0.376870
V 194.103 -180.666 110.751 0.544740 0.376840
V 202.103 -180.666 109.310 0.548411 0.376810
V 210.103 -180.666 108.945 0.552082 0.376780
V 218.103 -180.666 108.692 0.555753 0.376751
V 226.103 -180.666 108.439 0.559425 0.376721
V 234.103 -180.666 108.335 0.563096 0.376691
V 242.103 -180.666 108.254 0.566767 0.376661
V 250.103 -180.666 108.171 0.570438 0.376632
V 258.103 -180.666 108.214 0.574109 0.376602
V 266.103 -180.666 108.333 0.577780 0.376572
V 274.103 -180.666 108.451 0.581452 0.376542
V 282.103 -180.666 109.226 0.585123 0.376513
V 290.103 -180.666 110.253 0.588794 0.376483
V 298.103 -180.666 111.281 0.592465 0.376453
V 306.103 -180.666 112.897 0.596136 0.376423
V 314.103 -180.666 114.817 0.599807 0.376393
V 322.103 -180.666 116.740 0.603479 0.376364
V 330.103 -180.666 118.583 0.607150 0.376334
V 338.103 -180.666 120.373 0.610821 0.376304
V -173.897 -172.666 156.258 0.375895 0.381891
V -165.897 -172.666 152.211 0.379567 0.381862
V -157.897 -172.666 148.796 0.383238 0.381832
V -149.897 -172.666 145.509 0.386909 0.381802
V -141.897 -172.666 142.217 0.390580 0.381773
V -133.897 -172.666 139.513 0.394251 0.381743
V -125.897 -172.666 136.984 0.397922 0.381714
V -117.897 -172.666 134.449 0.401594 0.381684
V -109.897 -172.666 132.079 0.405265 0.381654
V -101.897 -172.666 129.778 0.408936 0.381625
V -93.897 -172.666 127.473 0.412607 0.381595
V -85.897 -172.666 125.103 0.416278 0.381565
V -77.897 -172.666 122.698 0.419950 0.381536
V -69.897 -172.666 120.295 0.423621 0.381506
V -61.897 -172.666 118.246 0.427292 0.381477
V -53.897 -172.666 116.449 0.430963 0.381447
V -45.897 -172.666 114.656 0.434634 0.381417
V -37.897 -172.666 112.913 0.438305 0.381388
V -29.897 -172.666 111.185 0.441977 0.381358
V -21.897 -172.666 109.492 0.445648 0.381328
V -13.897 -172.666 108.205 0.449319 0.381299
V -5.897 -172.666 107.387 0.452990 0.381269
V 2.103 -172.666 106.573 0.456661 0.381239
V 10.103 -172.666 106.005 0.460332 0.381210
V 18.103 -172.666 105.803 0.464004 0.381180
V 26.103 -172.666 105.603 0.467675 0.381150
V 34.103 -172.666 105.459 0.471346 0.381121
V 42.103 -172.666 105.417 0.475017 0.381091
V 50.103 -172.666 105.372 0.478688 0.381061
V 58.103 -172.666 105.330 0.482360 0.381032
V 66.103 -172.666 105.419 0.486031 0.381002
V 74.103 -172.666 105.384 0.489702 0.380972
V 82.103 -172.666 105.402 0.493373 0.380943
V 90.103 -172.666 105.625 0.497044 0.380913
V 98.103 -172.666 105.849 0.500715 0.380883
V 106.103 -172.666 106.169 0.504387 0.380854
V 114.103 -172.666 107.001 0.508058 0.380824
V 122.103 -172.666 107.838 0.511729 0.380794
V 130.103 -172.666 108.725 0.515400 0.380764
V 138.103 -172.666 110.025 0.519071 0.380735
V 146.103 -172.666 111.331 0.522742 0.380705
V 154.103 -172.666 112.610 0.526414 0.380675
V 162.103 -172.666 112.383 0.530085 0.380646
V 170.103 -172.666 112.153 0.533756 0.380616
V 178.103 -172.666 111.918 0.537427 0.380586
V 186.103 -172.666 110.710 0.541098 0.380556
V 194.103 -172.666 109.473 0.544769 0.380527
V 202.103 -172.666 108.233 0.548441 0.380497
V 210.103 -172.666 107.914 0.552112 0.380467
V 218.103 -172.666 107.682 0.555783 0.380437
V 226.103 -172.666 107.450 0.559454 0.380408
V 234.103 -172.666 107.517 0.563125 0.380378
V 242.103 -172.666 107.634 0.566797 0.380348
V 250.103 -172.666 107.712 0.570468 0.380318
V 258.103 -172.666 107.879 0.574139 0.380289
V 266.103 -172.666 108.058 0.577810 0.380259
V 274.103 -172.666 108.237 0.581481 0.380229
V 282.103 -172.666 109.039 0.585152 0.380199
V 290.103 -172.666 110.072 0.588824 0.380169
V 298.103 -172.666 111.104 0.592495 0.380140
V 306.103 -172.666 112.602 0.596166 0.380110
V 314.103 -172.666 114.332 0.599837 0.380080
V 322.103 -172.666 116.066 0.603508 0.380050
V 330.103 -172.666 117.720 0.607179 0.380020
V 338.103 -172.666 119.325 0.610851 0.379991
V -173.897 -164.666 155.718 0.375925 0.385578
V -165.897 -164.666 151.789 0.379596 0.385548
V -157.897 -164.666 148.642 0.383267 0.385519
V -149.897 -164.666 145.644 0.386938 0.385489
V -141.897 -164.666 142.642 0.390610 0.385459
V -133.897 -164.666 140.273 0.394281 0.385430
V -125.897 -164.666 138.085 0.397952 0.385400
V -117.897 -164.666 135.890 0.401623 0.385371
V -109.897 -164.666 133.733 0.405294 0.385341
V -101.897 -164.666 131.590 0.408965 0.385311
V -93.897 -164.666 129.445 0.412637 0.385282
V -85.897 -164.666 127.063 0.416308 0.385252
V -77.897 -164.666 124.558 0.419979 0.385223
V -69.897 -164.666 122.054 0.423650 0.385193
V -61.897 -164.666 119.861 0.427321 0.385163
V -53.897 -164.666 117.885 0.430993 0.385134
V -45.897 -164.666 115.912 0.434664 0.385104
V -37.897 -164.666 113.962 0.438335 0.385074
V -29.897 -164.666 111.996 0.442006 0.385045
V -21.897 -164.666 110.071 0.445677 0.385015
V -13.897 -164.666 108.570 0.449348 0.384985
V -5.897 -164.666 107.545 0.453020 0.384956
V 2.103 -164.666 106.524 0.456691 0.384926
V 10.103 -164.666 105.766 0.460362 0.384896
V 18.103 -164.666 105.388 0.464033 0.384867
V 26.103 -164.666 105.012 0.467704 0.384837
V 34.103 -164.666 104.797 0.471376 0.384807
V 42.103 -164.666 104.878 0.475047 0.384778
V 50.103 -164.666 104.957 0.478718 0.384748
V 58.103 -164.666 105.053 0.482389 0.384718
V 66.103 -164.666 105.334 0.486060 0.384689
V 74.103 -164.666 105.474 0.489731 0.384659
V 82.103 -164.666 105.601 0.493403 0.384629
V 90.103 -164.666 105.694 0.497074 0.384600
V 98.103 -164.666 105.788 0.500745 0.384570
V 106.103 -164.666 105.944 0.504416 0.384540
V 114.103 -164.666 106.411 0.508087 0.384511
V 122.103 -164.666 106.883 0.511759 0.384481
V 130.103 -164.666 107.411 0.515430 0.384451
V 138.103 -164.666 108.379 0.519101 0.384421
V 146.103 -164.666 109.351 0.522772 0.384392
V 154.103 -164.666 110.312 0.526443 0.384362
V 162.103 -164.666 110.295 0.530114 0.384332
V 170.103 -164.666 110.274 0.533786 0.384302
V 178.103 -164.666 110.250 0.537457 0.384273
V 186.103 -164.666 109.235 0.541128 0.384243
V 194.103 -164.666 108.199 0.544799 0.384213
V 202.103 -164.666 107.160 0.548470 0.384183
V 210.103 -164.666 106.884 0.552141 0.384154
V 218.103 -164.666 106.673 0.555813 0.384124
V 226.103 -164.666 106.461 0.559484 0.384094
V 234.103 -164.666 106.704 0.563155 0.384064
V 242.103 -164.666 107.018 0.566826 0.384035
V 250.103 -164.666 107.289 0.570497 0.384005
V 258.103 -164.666 107.544 0.574169 0.383975
V 266.103 -164.666 107.785 0.577840 0.383945
V 274.103 -164.666 108.024 0.581511 0.383916
V 282.103 -164.666 108.853 0.585182 0.383886
V 290.103 -164.666 109.890 0.588853 0.383856
V 298.103 -164.666 110.928 0.592524 0.383826
V 306.103 -164.666 112.304 0.596196 0.383796
V 314.103 -164.666 113.845 0.599867 0.383767
V 322.103 -164.666 115.389 0.603538 0.383737
V 330.103 -164.666 116.855 0.607209 0.383707
V 338.103 -164.666 118.274 0.610880 0.383677
V -173.897 -156.666 155.927 0.375954 0.389264
V -165.897 -156.666 152.266 0.379625 0.389235
V -157.897 -156.666 149.445 0.383297 0.389205
V -149.897 -156.666 146.775 0.386968 0.389176
V -141.897 -156.666 144.097 0.390639 0.389146
V -133.897 -156.666 141.922 0.394310 0.389116
V -125.897 -156.666 139.890 0.397981 0.389087
V -117.897 -156.666 137.859 0.401653 0.389057
V -109.897 -156.666 135.744 0.405324 0.389028
V -101.897 -156.666 133.600 0.408995 0.388998
V -93.897 -156.666 131.461 0.412666 0.388968
V -85.897 -156.666 129.000 0.416337 0.388939
V -77.897 -156.666 126.376 0.420009 0.388909
V -69.897 -156.666 123.754 0.423680 0.388880
V -61.897 -156.666 121.414 0.427351 0.388850
V -53.897 -156.666 119.264 0.431022 0.388820
V -45.897 -156.666 117.116 0.434693 0.388791
V -37.897 -156.666 114.983 0.438364 0.388761
V -29.897 -156.666 112.817 0.442036 0.388731
V -21.897 -156.666 110.695 0.445707 0.388702
V -13.897 -156.666 109.005 0.449378 0.388672
V -5.897 -156.666 107.787 0.453049 0.388642
V 2.103 -156.666 106.570 0.456720 0.388613
V 10.103 -156.666 105.638 0.460392 0.388583
V 18.103 -156.666 105.101 0.464063 0.388553
V 26.103 -156.666 104.565 0.467734 0.388524
V 34.103 -156.666 104.280 0.471405 0.388494
V 42.103 -156.666 104.448 0.475076 0.388464
V 50.103 -156.666 104.616 0.478747 0.388435
V 58.103 -156.666 104.816 0.482419 0.388405
V 66.103 -156.666 105.248 0.486090 0.388375
V 74.103 -156.666 105.525 0.489761 0.388346
V 82.103 -156.666 105.734 0.493432 0.388316
V 90.103 -156.666 105.721 0.497103 0.388286
V 98.103 -156.666 105.706 0.500775 0.388257
V 106.103 -156.666 105.717 0.504446 0.388227
V 114.103 -156.666 105.857 0.508117 0.388197
V 122.103 -156.666 105.997 0.511788 0.388167
V 130.103 -156.666 106.192 0.515459 0.388138
V 138.103 -156.666 106.826 0.519130 0.388108
V 146.103 -156.666 107.464 0.522802 0.388078
V 154.103 -156.666 108.112 0.526473 0.388049
V 162.103 -156.666 108.277 0.530144 0.388019
V 170.103 -156.666 108.443 0.533815 0.387989
V 178.103 -156.666 108.609 0.537486 0.387959
V 186.103 -156.666 107.784 0.541158 0.387930
V 194.103 -156.666 106.947 0.544829 0.387900
V 202.103 -156.666 106.106 0.548500 0.387870
V 210.103 -156.666 105.867 0.552171 0.387840
V 218.103 -156.666 105.673 0.555842 0.387811
V 226.103 -156.666 105.477 0.559513 0.387781
V 234.103 -156.666 105.895 0.563185 0.387751
V 242.103 -156.666 106.357 0.566856 0.387721
V 250.103 -156.666 106.869 0.570527 0.387692
V 258.103 -156.666 107.211 0.574198 0.387662
V 266.103 -156.666 107.512 0.577869 0.387632
V 274.103 -156.666 107.813 0.581541 0.387602
V 282.103 -156.666 108.667 0.585212 0.387572
V 290.103 -156.666 109.709 0.588883 0.387543
V 298.103 -156.666 110.752 0.592554 0.387513
V 306.103 -156.666 112.004 0.596225 0.387483
V 314.103 -156.666 113.355 0.599896 0.387453
V 322.103 -156.666 114.709 0.603568 0.387424
V 330.103 -156.666 115.987 0.607239 0.387394
V 338.103 -156.666 117.196 0.610910 0.387364
V -173.897 -148.666 157.228 0.375984 0.392951
V -165.897 -148.666 154.097 0.379655 0.392921
V -157.897 -148.666 151.736 0.383326 0.392892
V -149.897 -148.666 149.502 0.386997 0.392862
V -141.897 -148.666 147.262 0.390668 0.392833
V -133.897 -148.666 145.091 0.394340 0.392803
V -125.897 -148.666 142.941 0.398011 0.392774
V -117.897 -148.666 140.793 0.401682 0.392744
V -109.897 -148.666 138.431 0.405353 0.392714
V -101.897 -148.666 135.993 0.409024 0.392685
V -93.897 -148.666 133.560 0.412696 0.392655
V -85.897 -148.666 130.890 0.416367 0.392625
V -77.897 -148.666 128.104 0.420038 0.392596
V -69.897 -148.666 125.321 0.423709 0.392566
V -61.897 -148.666 122.821 0.427380 0.392537
V -53.897 -148.666 120.505 0.431052 0.392507
V -45.897 -148.666 118.192 0.434723 0.392477
V -37.897 -148.666 115.935 0.438394 0.392448
V -29.897 -148.666 113.724 0.442065 0.392418
V -21.897 -148.666 111.463 0.445736 0.392388
V -13.897 -148.666 109.665 0.449408 0.392359
V -5.897 -148.666 108.303 0.453079 0.392329
V 2.103 -148.666 106.944 0.456750 0.392299
V 10.103 -148.666 105.904 0.460421 0.392270
V 18.103 -148.666 105.292 0.464092 0.392240
V 26.103 -148.666 104.682 0.467763 0.392210
V 34.103 -148.666 104.341 0.471435 0.392181
V 42.103 -148.666 104.471 0.475106 0.392151
V 50.103 -148.666 104.600 0.478777 0.392121
V 58.103 -148.666 104.751 0.482448 0.392092
V 66.103 -148.666 105.133 0.486119 0.392062
V 74.103 -148.666 105.337 0.489791 0.392032
V 82.103 -148.666 105.492 0.493462 0.392003
V 90.103 -148.666 105.491 0.497133 0.391973
V 98.103 -148.666 105.490 0.500804 0.391943
V 106.103 -148.666 105.505 0.504475 0.391914
V 114.103 -148.666 105.599 0.508147 0.391884
V 122.103 -148.666 105.693 0.511818 0.391854
V 130.103 -148.666 105.823 0.515489 0.391824
V 138.103 -148.666 106.213 0.519160 0.391795
V 146.103 -148.666 106.641 0.522831 0.391765
V 154.103 -148.666 107.021 0.526502 0.391735
V 162.103 -148.666 107.133 0.530174 0.391706
V 170.103 -148.666 107.246 0.533845 0.391676
V 178.103 -148.666 107.359 0.537516 0.391646
V 186.103 -148.666 106.739 0.541187 0.391616
V 194.103 -148.666 106.114 0.544858 0.391587
V 202.103 -148.666 105.485 0.548530 0.391557
V 210.103 -148.666 105.368 0.552201 0.391527
V 218.103 -148.666 105.284 0.555872 0.391497
V 226.103 -148.666 105.198 0.559543 0.391468
V 234.103 -148.666 105.548 0.563214 0.391438
V 242.103 -148.666 106.032 0.566885 0.391408
V 250.103 -148.666 106.516 0.570557 0.391378
V 258.103 -148.666 106.855 0.574228 0.391348
V 266.103 -148.666 107.162 0.577899 0.391319
V 274.103 -148.666 107.468 0.581570 0.391289
V 282.103 -148.666 108.281 0.585241 0.391259
V 290.103 -148.666 109.259 0.588913 0.391229
V 298.103 -148.666 110.239 0.592584 0.391200
V 306.103 -148.666 111.396 0.596255 0.391170
V 314.103 -148.666 112.632 0.599926 0.391140
V 322.103 -148.666 113.870 0.603597 0.391110
V 330.103 -148.666 114.922 0.607268 0.391080
V 338.103 -148.666 115.918 0.610940 0.391051
V -173.897 -140.666 158.538 0.376013 0.396638
V -165.897 -140.666 155.938 0.379684 0.396608
V -157.897 -140.666 154.034 0.383356 0.396579
V -149.897 -140.666 152.237 0.387027 0.396549
V -141.897 -140.666 150.434 0.390698 0.396519
V -133.897 -140.666 148.258 0.394369 0.396490
V -125.897 -140.666 145.990 0.398040 0.396460
V -117.897 -140.666 143.725 0.401712 0.396431
V -109.897 -140.666 141.113 0.405383 0.396401
V -101.897 -140.666 138.381 0.409054 0.396371
V -93.897 -140.666 135.655 0.412725 0.396342
V -85.897 -140.666 132.778 0.416396 0.396312
V -77.897 -140.666 129.830 0.420068 0.396283
V -69.897 -140.666 126.885 0.423739 0.396253
V -61.897 -140.666 124.226 0.427410 0.396223
V -53.897 -140.666 121.745 0.431081 0.396194
V -45.897 -140.666 119.266 0.434752 0.396164
V -37.897 -140.666 116.887 0.438423 0.396134
V -29.897 -140.666 114.587 0.442095 0.396105
V -21.897 -140.666 112.229 0.445766 0.396075
V -13.897 -140.666 110.322 0.449437 0.396045
V -5.897 -140.666 108.818 0.453108 0.396016
V 2.103 -140.666 107.316 0.456779 0.395986
V 10.103 -140.666 106.169 0.460451 0.395956
V 18.103 -140.666 105.483 0.464122 0.395927
V 26.103 -140.666 104.798 0.467793 0.395897
V 34.103 -140.666 104.403 0.471464 0.395867
V 42.103 -140.666 104.493 0.475135 0.395838
V 50.103 -140.666 104.584 0.478807 0.395808
V 58.103 -140.666 104.686 0.482478 0.395778
V 66.103 -140.666 105.021 0.486149 0.395749
V 74.103 -140.666 105.152 0.489820 0.395719
V 82.103 -140.666 105.253 0.493491 0.395689
V 90.103 -140.666 105.266 0.497163 0.395660
V 98.103 -140.666 105.277 0.500834 0.395630
V 106.103 -140.666 105.294 0.504505 0.395600
V 114.103 -140.666 105.343 0.508176 0.395570
V 122.103 -140.666 105.392 0.511847 0.395541
V 130.103 -140.666 105.453 0.515518 0.395511
V 138.103 -140.666 105.598 0.519190 0.395481
V 146.103 -140.666 105.786 0.522861 0.395452
V 154.103 -140.666 105.932 0.526532 0.395422
V 162.103 -140.666 105.991 0.530203 0.395392
V 170.103 -140.666 106.051 0.533874 0.395362
V 178.103 -140.666 106.107 0.537546 0.395333
V 186.103 -140.666 105.698 0.541217 0.395303
V 194.103 -140.666 105.286 0.544888 0.395273
V 202.103 -140.666 104.870 0.548559 0.395243
V 210.103 -140.666 104.873 0.552230 0.395214
V 218.103 -140.666 104.898 0.555902 0.395184
V 226.103 -140.666 104.851 0.559573 0.395154
V 234.103 -140.666 105.256 0.563244 0.395124
V 242.103 -140.666 105.710 0.566915 0.395095
V 250.103 -140.666 106.164 0.570586 0.395065
V 258.103 -140.666 106.499 0.574257 0.395035
V 266.103 -140.666 106.808 0.577929 0.395005
V 274.103 -140.666 107.118 0.581600 0.394976
V 282.103 -140.666 107.883 0.585271 0.394946
V 290.103 -140.666 108.792 0.588942 0.394916
V 298.103 -140.666 109.701 0.592613 0.394886
V 306.103 -140.666 110.761 0.596285 0.394856
V 314.103 -140.666 111.886 0.599956 0.394827
V 322.103 -140.666 112.978 0.603627 0.394797
V 330.103 -140.666 113.862 0.607298 0.394767
V 338.103 -140.666 114.610 0.610969 0.394737
V -173.897 -132.666 159.857 0.376043 0.400324
V -165.897 -132.666 157.786 0.379714 0.400295
V -157.897 -132.666 156.338 0.383385 0.400265
V -149.897 -132.666 154.979 0.387056 0.400236
V -141.897 -132.666 153.613 0.390727 0.400206
V -133.897 -132.666 151.423 0.394399 0.400176
V -125.897 -132.666 149.038 0.398070 0.400147
V -117.897 -132.666 146.655 0.401741 0.400117
V -109.897 -132.666 143.791 0.405412 0.400088
V -101.897 -132.666 140.765 0.409083 0.400058
V -93.897 -132.666 137.745 0.412755 0.400028
V -85.897 -132.666 134.664 0.416426 0.399999
V -77.897 -132.666 131.554 0.420097 0.399969
V -69.897 -132.666 128.448 0.423768 0.399940
V -61.897 -132.666 125.628 0.427439 0.399910
V -53.897 -132.666 122.982 0.431111 0.399880
V -45.897 -132.666 120.339 0.434782 0.399851
V -37.897 -132.666 117.839 0.438453 0.399821
V -29.897 -132.666 115.449 0.442124 0.399791
V -21.897 -132.666 112.994 0.445795 0.399762
V -13.897 -132.666 110.977 0.449467 0.399732
V -5.897 -132.666 109.330 0.453138 0.399702
V 2.103 -132.666 107.686 0.456809 0.399673
V 10.103 -132.666 106.432 0.460480 0.399643
V 18.103 -132.666 105.672 0.464151 0.399613
V 26.103 -132.666 104.913 0.467823 0.399584
V 34.103 -132.666 104.463 0.471494 0.399554
V 42.103 -132.666 104.515 0.475165 0.399524
V 50.103 -132.666 104.567 0.478836 0.399495
V 58.103 -132.666 104.619 0.482507 0.399465
V 66.103 -132.666 104.910 0.486179 0.399435
V 74.103 -132.666 104.969 0.489850 0.399406
V 82.103 -132.666 105.019 0.493521 0.399376
V 90.103 -132.666 105.044 0.497192 0.399346
V 98.103 -132.666 105.068 0.500863 0.399317
V 106.103 -132.666 105.087 0.504534 0.399287
V 114.103 -132.666 105.091 0.508206 0.399257
V 122.103 -132.666 105.094 0.511877 0.399227
V 130.103 -132.666 105.082 0.515548 0.399198
V 138.103 -132.666 104.982 0.519219 0.399168
V 146.103 -132.666 104.931 0.522890 0.399138
V 154.103 -132.666 104.846 0.526562 0.399109
V 162.103 -132.666 104.852 0.530233 0.399079
V 170.103 -132.666 104.857 0.533904 0.399049
V 178.103 -132.666 104.860 0.537575 0.399019
V 186.103 -132.666 104.664 0.541246 0.398990
V 194.103 -132.666 104.464 0.544918 0.398960
V 202.103 -132.666 104.260 0.548589 0.398930
V 210.103 -132.666 104.380 0.552260 0.398900
V 218.103 -132.666 104.515 0.555931 0.398871
V 226.103 -132.666 104.570 0.559602 0.398841
V 234.103 -132.666 104.963 0.563274 0.398811
V 242.103 -132.666 105.387 0.566945 0.398781
V 250.103 -132.666 105.812 0.570616 0.398752
V 258.103 -132.666 106.143 0.574287 0.398722
V 266.103 -132.666 106.455 0.577958 0.398692
V 274.103 -132.666 106.768 0.581630 0.398662
V 282.103 -132.666 107.485 0.585301 0.398632
V 290.103 -132.666 108.323 0.588972 0.398603
V 298.103 -132.666 109.162 0.592643 0.398573
V 306.103 -132.666 110.125 0.596314 0.398543
V 314.103 -132.666 111.097 0.599985 0.398513
V 322.103 -132.666 112.117 0.603657 0.398483
V 330.103 -132.666 112.797 0.607328 0.398454
V 338.103 -132.666 113.297 0.610999 0.398424
V -173.897 -124.666 162.187 0.376072 0.404011
V -165.897 -124.666 160.429 0.379743 0.403982
V -157.897 -124.666 159.137 0.383415 0.403952
V -149.897 -124.666 157.912 0.387086 0.403922
V -141.897 -124.666 156.690 0.390757 0.403893
V -133.897 -124.666 154.356 0.394428 0.403863
V -125.897 -124.666 151.774 0.398099 0.403834
V -117.897 -124.666 149.197 0.401771 0.403804
V -109.897 -124.666 146.128 0.405442 0.403774
V -101.897 -124.666 142.901 0.409113 0.403745
V -93.897 -124.666 139.676 0.412784 0.403715
V -85.897 -124.666 136.460 0.416455 0.403685
V -77.897 -124.666 133.249 0.420127 0.403656
V -69.897 -124.666 130.039 0.423798 0.403626
V -61.897 -124.666 127.096 0.427469 0.403597
V -53.897 -124.666 124.310 0.431140 0.403567
V -45.897 -124.666 121.525 0.434811 0.403537
V -37.897 -124.666 118.907 0.438482 0.403508
V -29.897 -124.666 116.415 0.442154 0.403478
V -21.897 -124.666 113.924 0.445825 0.403448
V -13.897 -124.666 111.718 0.449496 0.403419
V -5.897 -124.666 109.937 0.453167 0.403389
V 2.103 -124.666 108.158 0.456838 0.403359
V 10.103 -124.666 106.798 0.460510 0.403330
V 18.103 -124.666 105.950 0.464181 0.403300
V 26.103 -124.666 105.103 0.467852 0.403270
V 34.103 -124.666 104.577 0.471523 0.403241
V 42.103 -124.666 104.555 0.475194 0.403211
V 50.103 -124.666 104.535 0.478866 0.403181
V 58.103 -124.666 104.520 0.482537 0.403152
V 66.103 -124.666 104.780 0.486208 0.403122
V 74.103 -124.666 104.775 0.489879 0.403092
V 82.103 -124.666 104.780 0.493550 0.403063
V 90.103 -124.666 104.815 0.497222 0.403033
V 98.103 -124.666 104.847 0.500893 0.403003
V 106.103 -124.666 104.874 0.504564 0.402974
V 114.103 -124.666 104.885 0.508235 0.402944
V 122.103 -124.666 104.893 0.511906 0.402914
V 130.103 -124.666 104.854 0.515578 0.402884
V 138.103 -124.666 104.616 0.519249 0.402855
V 146.103 -124.666 104.326 0.522920 0.402825
V 154.103 -124.666 104.052 0.526591 0.402795
V 162.103 -124.666 103.975 0.530262 0.402766
V 170.103 -124.666 103.899 0.533934 0.402736
V 178.103 -124.666 103.826 0.537605 0.402706
V 186.103 -124.666 103.791 0.541276 0.402676
V 194.103 -124.666 103.756 0.544947 0.402647
V 202.103 -124.666 103.721 0.548618 0.402617
V 210.103 -124.666 103.941 0.552290 0.402587
V 218.103 -124.666 104.077 0.555961 0.402557
V 226.103 -124.666 104.314 0.559632 0.402528
V 234.103 -124.666 104.693 0.563303 0.402498
V 242.103 -124.666 105.087 0.566974 0.402468
V 250.103 -124.666 105.483 0.570646 0.402438
V 258.103 -124.666 105.795 0.574317 0.402408
V 266.103 -124.666 106.094 0.577988 0.402379
V 274.103 -124.666 106.395 0.581659 0.402349
V 282.103 -124.666 107.062 0.585330 0.402319
V 290.103 -124.666 107.832 0.589002 0.402289
V 298.103 -124.666 108.604 0.592673 0.402260
V 306.103 -124.666 109.419 0.596344 0.402230
V 314.103 -124.666 110.328 0.600015 0.402200
V 322.103 -124.666 111.239 0.603686 0.402170
V 330.103 -124.666 111.722 0.607358 0.402140
V 338.103 -124.666 111.982 0.611029 0.402111
V -173.897 -116.666 165.329 0.376102 0.407698
V -165.897 -116.666 163.729 0.379773 0.407668
V -157.897 -116.666 162.355 0.383444 0.407639
V -149.897 -116.666 161.009 0.387115 0.407609
V -141.897 -116.666 159.666 0.390786 0.407579
V -133.897 -116.666 157.067 0.394458 0.407550
V -125.897 -116.666 154.202 0.398129 0.407520
V -117.897 -116.666 151.342 0.401800 0.407491
V -109.897 -116.666 148.114 0.405471 0.407461
V -101.897 -116.666 144.771 0.409142 0.407431
V -93.897 -116.666 141.431 0.412814 0.407402
V -85.897 -116.666 138.157 0.416485 0.407372
V -77.897 -116.666 134.911 0.420156 0.407343
V -69.897 -116.666 131.666 0.423827 0.407313
V -61.897 -116.666 128.648 0.427498 0.407283
V -53.897 -116.666 125.757 0.431170 0.407254
V -45.897 -116.666 122.868 0.434841 0.407224
V -37.897 -116.666 120.140 0.438512 0.407194
V -29.897 -116.666 117.530 0.442183 0.407165
V -21.897 -116.666 114.921 0.445854 0.407135
V -13.897 -116.666 112.594 0.449526 0.407105
V -5.897 -116.666 110.698 0.453197 0.407076
V 2.103 -116.666 108.803 0.456868 0.407046
V 10.103 -116.666 107.339 0.460539 0.407016
V 18.103 -116.666 106.384 0.464210 0.406987
V 26.103 -116.666 105.430 0.467882 0.406957
V 34.103 -116.666 104.792 0.471553 0.406927
V 42.103 -116.666 104.632 0.475224 0.406898
V 50.103 -116.666 104.474 0.478895 0.406868
V 58.103 -116.666 104.352 0.482566 0.406838
V 66.103 -116.666 104.605 0.486238 0.406809
V 74.103 -116.666 104.555 0.489909 0.406779
V 82.103 -116.666 104.526 0.493580 0.406749
V 90.103 -116.666 104.558 0.497251 0.406720
V 98.103 -116.666 104.587 0.500922 0.406690
V 106.103 -116.666 104.644 0.504594 0.406660
V 114.103 -116.666 104.810 0.508265 0.406631
V 122.103 -116.666 104.972 0.511936 0.406601
V 130.103 -116.666 105.062 0.515607 0.406571
V 138.103 -116.666 104.835 0.519278 0.406541
V 146.103 -116.666 104.548 0.522950 0.406512
V 154.103 -116.666 104.266 0.526621 0.406482
V 162.103 -116.666 104.050 0.530292 0.406452
V 170.103 -116.666 103.835 0.533963 0.406422
V 178.103 -116.666 103.627 0.537634 0.406393
V 186.103 -116.666 103.583 0.541306 0.406363
V 194.103 -116.666 103.539 0.544977 0.406333
V 202.103 -116.666 103.495 0.548648 0.406303
V 210.103 -116.666 103.638 0.552319 0.406274
V 218.103 -116.666 103.913 0.555990 0.406244
V 226.103 -116.666 104.187 0.559662 0.406214
V 234.103 -116.666 104.555 0.563333 0.406184
V 242.103 -116.666 104.933 0.567004 0.406155
V 250.103 -116.666 105.311 0.570675 0.406125
V 258.103 -116.666 105.501 0.574346 0.406095
V 266.103 -116.666 105.660 0.578018 0.406065
V 274.103 -116.666 105.821 0.581689 0.406036
V 282.103 -116.666 106.413 0.585360 0.406006
V 290.103 -116.666 107.122 0.589031 0.405976
V 298.103 -116.666 107.770 0.592702 0.405946
V 306.103 -116.666 108.533 0.596374 0.405916
V 314.103 -116.666 109.317 0.600045 0.405887
V 322.103 -116.666 110.102 0.603716 0.405857
V 330.103 -116.666 110.505 0.607387 0.405827
V 338.103 -116.666 110.717 0.611058 0.405797
V -173.897 -108.666 168.476 0.376131 0.411384
V -165.897 -108.666 167.033 0.379802 0.411355
V -157.897 -108.666 165.567 0.383473 0.411325
V -149.897 -108.666 164.104 0.387145 0.411296
V -141.897 -108.666 162.640 0.390816 0.411266
V -133.897 -108.666 159.773 0.394487 0.411236
V -125.897 -108.666 156.626 0.398158 0.411207
V -117.897 -108.666 153.484 0.401829 0.411177
V -109.897 -108.666 150.098 0.405501 0.411148
V -101.897 -108.666 146.640 0.409172 0.411118
V -93.897 -108.666 143.185 0.412843 0.411088
V -85.897 -108.666 139.853 0.416514 0.411059
V -77.897 -108.666 136.573 0.420186 0.411029
V -69.897 -108.666 133.294 0.423857 0.411000
V -61.897 -108.666 130.198 0.427528 0.410970
V -53.897 -108.666 127.203 0.431199 0.410940
V -45.897 -108.666 124.210 0.434870 0.410911
V -37.897 -108.666 121.372 0.438542 0.410881
V -29.897 -108.666 118.645 0.442213 0.410851
V -21.897 -108.666 115.919 0.445884 0.410822
V -13.897 -108.666 113.469 0.449555 0.410792
V -5.897 -108.666 111.457 0.453226 0.410762
V 2.103 -108.666 109.447 0.456898 0.410733
V 10.103 -108.666 107.878 0.460569 0.410703
V 18.103 -108.666 106.816 0.464240 0.410673
V 26.103 -108.666 105.756 0.467911 0.410644
V 34.103 -108.666 105.004 0.471582 0.410614
V 42.103 -108.666 104.707 0.475254 0.410584
V 50.103 -108.666 104.411 0.478925 0.410555
V 58.103 -108.666 104.184 0.482596 0.410525
V 66.103 -108.666 104.434 0.486267 0.410495
V 74.103 -108.666 104.339 0.489938 0.410466
V 82.103 -108.666 104.278 0.493610 0.410436
V 90.103 -108.666 104.307 0.497281 0.410406
V 98.103 -108.666 104.332 0.500952 0.410377
V 106.103 -108.666 104.422 0.504623 0.410347
V 114.103 -108.666 104.743 0.508294 0.410317
V 122.103 -108.666 105.058 0.511966 0.410287
V 130.103 -108.666 105.274 0.515637 0.410258
V 138.103 -108.666 105.060 0.519308 0.410228
V 146.103 -108.666 104.776 0.522979 0.410198
V 154.103 -108.666 104.483 0.526650 0.410169
V 162.103 -108.666 104.127 0.530322 0.410139
V 170.103 -108.666 103.772 0.533993 0.410109
V 178.103 -108.666 103.431 0.537664 0.410079
V 186.103 -108.666 103.378 0.541335 0.410050
V 194.103 -108.666 103.324 0.545006 0.410020
V 202.103 -108.666 103.271 0.548678 0.409990
V 210.103 -108.666 103.439 0.552349 0.409960
V 218.103 -108.666 103.751 0.556020 0.409931
V 226.103 -108.666 104.062 0.559691 0.409901
V 234.103 -108.666 104.418 0.563362 0.409871
V 242.103 -108.666 104.778 0.567034 0.409841
V 250.103 -108.666 105.139 0.570705 0.409812
V 258.103 -108.666 105.205 0.574376 0.409782
V 266.103 -108.666 105.224 0.578047 0.409752
V 274.103 -108.666 105.245 0.581718 0.409722
V 282.103 -108.666 105.763 0.585390 0.409692
V 290.103 -108.666 106.335 0.589061 0.409663
V 298.103 -108.666 106.990 0.592732 0.409633
V 306.103 -108.666 107.646 0.596403 0.409603
V 314.103 -108.666 108.303 0.600074 0.409573
V 322.103 -108.666 108.963 0.603746 0.409544
V 330.103 -108.666 109.288 0.607417 0.409514
V 338.103 -108.666 109.451 0.611088 0.409484
V -173.897 -100.666 171.625 0.376160 0.415071
V -165.897 -100.666 170.340 0.379832 0.415042
V -157.897 -100.666 168.781 0.383503 0.415012
V -149.897 -100.666 167.193 0.387174 0.414982
V -141.897 -100.666 165.612 0.390845 0.414953
V -133.897 -100.666 162.475 0.394517 0.414923
V -125.897 -100.666 159.046 0.398188 0.414894
V -117.897 -100.666 155.621 0.401859 0.414864
V -109.897 -100.666 152.080 0.405530 0.414834
V -101.897 -100.666 148.507 0.409201 0.414805
V -93.897 -100.666 144.937 0.412873 0.414775
V -85.897 -100.666 141.550 0.416544 0.414746
V -77.897 -100.666 138.235 0.420215 0.414716
V -69.897 -100.666 134.922 0.423886 0.414686
V -61.897 -100.666 131.748 0.427557 0.414657
V -53.897 -100.666 128.649 0.431229 0.414627
V -45.897 -100.666 125.551 0.434900 0.414597
V -37.897 -100.666 122.604 0.438571 0.414568
V -29.897 -100.666 119.759 0.442242 0.414538
V -21.897 -100.666 116.916 0.445913 0.414508
V -13.897 -100.666 114.457 0.449585 0.414479
V -5.897 -100.666 112.214 0.453256 0.414449
V 2.103 -100.666 110.088 0.456927 0.414419
V 10.103 -100.666 108.416 0.460598 0.414390
V 18.103 -100.666 107.247 0.464270 0.414360
V 26.103 -100.666 106.080 0.467941 0.414330
V 34.103 -100.666 105.215 0.471612 0.414301
V 42.103 -100.666 104.780 0.475283 0.414271
V 50.103 -100.666 104.346 0.478954 0.414241
V 58.103 -100.666 104.015 0.482626 0.414212
V 66.103 -100.666 104.269 0.486297 0.414182
V 74.103 -100.666 104.129 0.489968 0.414152
V 82.103 -100.666 104.037 0.493639 0.414123
V 90.103 -100.666 104.062 0.497310 0.414093
V 98.103 -100.666 104.084 0.500982 0.414063
V 106.103 -100.666 104.209 0.504653 0.414034
V 114.103 -100.666 104.683 0.508324 0.414004
V 122.103 -100.666 105.152 0.511995 0.413974
V 130.103 -100.666 105.491 0.515666 0.413944
V 138.103 -100.666 105.291 0.519338 0.413915
V 146.103 -100.666 105.009 0.523009 0.413885
V 154.103 -100.666 104.702 0.526680 0.413855
V 162.103 -100.666 104.206 0.530351 0.413826
V 170.103 -100.666 103.711 0.534022 0.413796
V 178.103 -100.666 103.238 0.537694 0.413766
V 186.103 -100.666 103.175 0.541365 0.413736
V 194.103 -100.666 103.112 0.545036 0.413707
V 202.103 -100.666 102.898 0.548707 0.413677
V 210.103 -100.666 103.242 0.552379 0.413647
V 218.103 -100.666 103.590 0.556050 0.413617
V 226.103 -100.666 103.938 0.559721 0.413588
V 234.103 -100.666 104.281 0.563392 0.413558
V 242.103 -100.666 104.624 0.567063 0.413528
V 250.103 -100.666 104.968 0.570735 0.413498
V 258.103 -100.666 104.907 0.574406 0.413468
V 266.103 -100.666 104.786 0.578077 0.413439
V 274.103 -100.666 104.667 0.581748 0.413409
V 282.103 -100.666 105.023 0.585419 0.413379
V 290.103 -100.666 105.616 0.589091 0.413349
V 298.103 -100.666 106.209 0.592762 0.413320
V 306.103 -100.666 106.756 0.596433 0.413290
V 314.103 -100.666 107.288 0.600104 0.413260
V 322.103 -100.666 107.822 0.603775 0.413230
V 330.103 -100.666 108.069 0.607447 0.413200
V 338.103 -100.666 108.184 0.611118 0.413171
V -173.897 -92.666 174.418 0.376190 0.418758
V -165.897 -92.666 173.201 0.379861 0.418728
V -157.897 -92.666 171.422 0.383532 0.418699
V -149.897 -92.666 169.591 0.387204 0.418669
V -141.897 -92.666 167.765 0.390875 0.418639
V -133.897 -92.666 164.488 0.394546 0.418610
V -125.897 -92.666 160.944 0.398217 0.418580
V -117.897 -92.666 157.400 0.401888 0.418551
V -109.897 -92.666 153.794 0.405560 0.418521
V -101.897 -92.666 150.172 0.409231 0.418491
V -93.897 -92.666 146.550 0.412902 0.418462
V -85.897 -92.666 143.107 0.416573 0.418432
V -77.897 -92.666 139.732 0.420245 0.418403
V -69.897 -92.666 136.359 0.423916 0.418373
V -61.897 -92.666 133.117 0.427587 0.418343
V -53.897 -92.666 129.940 0.431258 0.418314
V -45.897 -92.666 126.765 0.434929 0.418284
V -37.897 -92.666 123.738 0.438601 0.418254
V -29.897 -92.666 120.807 0.442272 0.418225
V -21.897 -92.666 117.877 0.445943 0.418195
V -13.897 -92.666 115.337 0.449614 0.418165
V -5.897 -92.666 112.991 0.453285 0.418136
V 2.103 -92.666 110.777 0.456957 0.418106
V 10.103 -92.666 109.007 0.460628 0.418076
V 18.103 -92.666 107.715 0.464299 0.418047
V 26.103 -92.666 106.426 0.467970 0.418017
V 34.103 -92.666 105.436 0.471641 0.417987
V 42.103 -92.666 104.858 0.475313 0.417958
V 50.103 -92.666 104.281 0.478984 0.417928
V 58.103 -92.666 103.838 0.482655 0.417898
V 66.103 -92.666 104.086 0.486326 0.417869
V 74.103 -92.666 103.886 0.489998 0.417839
V 82.103 -92.666 103.757 0.493669 0.417809
V 90.103 -92.666 103.800 0.497340 0.417780
V 98.103 -92.666 103.837 0.501011 0.417750
V 106.103 -92.666 103.989 0.504682 0.417720
V 114.103 -92.666 104.522 0.508354 0.417691
V 122.103 -92.666 105.053 0.512025 0.417661
V 130.103 -92.666 105.535 0.515696 0.417631
V 138.103 -92.666 105.276 0.519367 0.417601
V 146.103 -92.666 105.013 0.523038 0.417572
V 154.103 -92.666 104.712 0.526710 0.417542
V 162.103 -92.666 104.151 0.530381 0.417512
V 170.103 -92.666 103.587 0.534052 0.417482
V 178.103 -92.666 103.049 0.537723 0.417453
V 186.103 -92.666 102.976 0.541394 0.417423
V 194.103 -92.666 102.720 0.545066 0.417393
V 202.103 -92.666 102.664 0.548737 0.417364
V 210.103 -92.666 103.018 0.552408 0.417334
V 218.103 -92.666 103.376 0.556079 0.417304
V 226.103 -92.666 103.735 0.559751 0.417274
V 234.103 -92.666 104.047 0.563422 0.417244
V 242.103 -92.666 104.357 0.567093 0.417215
V 250.103 -92.666 104.669 0.570764 0.417185
V 258.103 -92.666 104.527 0.574435 0.417155
V 266.103 -92.666 104.319 0.578107 0.417125
V 274.103 -92.666 104.003 0.581778 0.417096
V 282.103 -92.666 104.380 0.585449 0.417066
V 290.103 -92.666 104.892 0.589120 0.417036
V 298.103 -92.666 105.407 0.592791 0.417006
V 306.103 -92.666 105.847 0.596463 0.416976
V 314.103 -92.666 106.262 0.600134 0.416947
V 322.103 -92.666 106.679 0.603805 0.416917
V 330.103 -92.666 106.861 0.607476 0.416887
V 338.103 -92.666 106.937 0.611147 0.416857
V -173.897 -84.666 177.057 0.376219 0.422445
V -165.897 -84.666 175.862 0.379891 0.422415
V -157.897 -84.666 173.794 0.383562 0.422385
V -149.897 -84.666 171.651 0.387233 0.422356
V -141.897 -84.666 169.513 0.390904 0.422326
V -133.897 -84.666 166.139 0.394575 0.422297
V -125.897 -84.666 162.557 0.398247 0.422267
V -117.897 -84.666 158.983 0.401918 0.422237
V -109.897 -84.666 155.356 0.405589 0.422208
V -101.897 -84.666 151.716 0.409260 0.422178
V -93.897 -84.666 148.078 0.412932 0.422149
V -85.897 -84.666 144.574 0.416603 0.422119
V -77.897 -84.666 141.120 0.420274 0.422089
V -69.897 -84.666 137.667 0.423945 0.422060
V -61.897 -84.666 134.359 0.427616 0.422030
V -53.897 -84.666 131.121 0.431288 0.422000
V -45.897 -84.666 127.884 0.434959 0.421971
V -37.897 -84.666 124.796 0.438630 0.421941
V -29.897 -84.666 121.802 0.442301 0.421911
V -21.897 -84.666 118.809 0.445973 0.421882
V -13.897 -84.666 116.212 0.449644 0.421852
V -5.897 -84.666 113.940 0.453315 0.421822
V 2.103 -84.666 111.508 0.456986 0.421793
V 10.103 -84.666 109.646 0.460657 0.421763
V 18.103 -84.666 108.219 0.464329 0.421734
V 26.103 -84.666 106.793 0.468000 0.421704
V 34.103 -84.666 105.668 0.471671 0.421674
V 42.103 -84.666 104.941 0.475342 0.421644
V 50.103 -84.666 104.216 0.479013 0.421615
V 58.103 -84.666 103.651 0.482685 0.421585
V 66.103 -84.666 103.881 0.486356 0.421555
V 74.103 -84.666 103.600 0.490027 0.421526
V 82.103 -84.666 103.429 0.493698 0.421496
V 90.103 -84.666 103.513 0.497370 0.421466
V 98.103 -84.666 103.590 0.501041 0.421437
V 106.103 -84.666 103.756 0.504712 0.421407
V 114.103 -84.666 104.208 0.508383 0.421377
V 122.103 -84.666 104.658 0.512054 0.421348
V 130.103 -84.666 105.090 0.515726 0.421318
V 138.103 -84.666 104.864 0.519397 0.421288
V 146.103 -84.666 104.634 0.523068 0.421258
V 154.103 -84.666 104.366 0.526739 0.421229
V 162.103 -84.666 103.858 0.530410 0.421199
V 170.103 -84.666 103.348 0.534082 0.421169
V 178.103 -84.666 102.864 0.537753 0.421139
V 186.103 -84.666 102.781 0.541424 0.421110
V 194.103 -84.666 102.497 0.545095 0.421080
V 202.103 -84.666 102.435 0.548767 0.421050
V 210.103 -84.666 102.736 0.552438 0.421020
V 218.103 -84.666 103.038 0.556109 0.420991
V 226.103 -84.666 103.341 0.559780 0.420961
V 234.103 -84.666 103.571 0.563451 0.420931
V 242.103 -84.666 103.798 0.567123 0.420901
V 250.103 -84.666 104.027 0.570794 0.420872
V 258.103 -84.666 103.924 0.574465 0.420842
V 266.103 -84.666 103.646 0.578136 0.420812
V 274.103 -84.666 103.509 0.581807 0.420782
V 282.103 -84.666 103.787 0.585479 0.420753
V 290.103 -84.666 104.158 0.589150 0.420723
V 298.103 -84.666 104.531 0.592821 0.420693
V 306.103 -84.666 104.873 0.596492 0.420663
V 314.103 -84.666 105.205 0.600164 0.420633
V 322.103 -84.666 105.539 0.603835 0.420604
V 330.103 -84.666 105.700 0.607506 0.420574
V 338.103 -84.666 105.786 0.611177 0.420544
V -173.897 -76.666 179.751 0.376249 0.426131
V -165.897 -76.666 178.524 0.379920 0.426102
V -157.897 -76.666 176.161 0.383591 0.426072
V -149.897 -76.666 173.705 0.387263 0.426042
V -141.897 -76.666 171.256 0.390934 0.426013
V -133.897 -76.666 167.795 0.394605 0.425983
V -125.897 -76.666 164.176 0.398276 0.425954
V -117.897 -76.666 160.557 0.401947 0.425924
V -109.897 -76.666 156.917 0.405619 0.425894
V -101.897 -76.666 153.261 0.409290 0.425865
V -93.897 -76.666 149.606 0.412961 0.425835
V -85.897 -76.666 146.040 0.416632 0.425806
V -77.897 -76.666 142.506 0.420304 0.425776
V -69.897 -76.666 138.974 0.423975 0.425746
V -61.897 -76.666 135.601 0.427646 0.425717
V -53.897 -76.666 132.302 0.431317 0.425687
V -45.897 -76.666 129.004 0.434988 0.425657
V -37.897 -76.666 125.855 0.438660 0.425628
V -29.897 -76.666 122.798 0.442331 0.425598
V -21.897 -76.666 119.742 0.446002 0.425568
V -13.897 -76.666 117.089 0.449673 0.425539
V -5.897 -76.666 114.754 0.453344 0.425509
V 2.103 -76.666 112.238 0.457016 0.425480
V 10.103 -76.666 110.284 0.460687 0.425450
V 18.103 -76.666 108.720 0.464358 0.425420
V 26.103 -76.666 107.159 0.468029 0.425391
V 34.103 -76.666 105.898 0.471701 0.425361
V 42.103 -76.666 105.022 0.475372 0.425331
V 50.103 -76.666 104.149 0.479043 0.425302
V 58.103 -76.666 103.464 0.482714 0.425272
V 66.103 -76.666 103.684 0.486385 0.425242
V 74.103 -76.666 103.322 0.490057 0.425212
V 82.103 -76.666 103.112 0.493728 0.425183
V 90.103 -76.666 103.236 0.497399 0.425153
V 98.103 -76.666 103.353 0.501070 0.425123
V 106.103 -76.666 103.530 0.504742 0.425094
V 114.103 -76.666 103.902 0.508413 0.425064
V 122.103 -76.666 104.269 0.512084 0.425034
V 130.103 -76.666 104.656 0.515755 0.425004
V 138.103 -76.666 104.462 0.519426 0.424975
V 146.103 -76.666 104.263 0.523098 0.424945
V 154.103 -76.666 104.027 0.526769 0.424915
V 162.103 -76.666 103.572 0.530440 0.424886
V 170.103 -76.666 103.114 0.534111 0.424856
V 178.103 -76.666 102.682 0.537783 0.424826
V 186.103 -76.666 102.345 0.541454 0.424796
V 194.103 -76.666 102.275 0.545125 0.424767
V 202.103 -76.666 102.209 0.548796 0.424737
V 210.103 -76.666 102.453 0.552467 0.424707
V 218.103 -76.666 102.699 0.556139 0.424677
V 226.103 -76.666 102.947 0.559810 0.424648
V 234.103 -76.666 103.094 0.563481 0.424618
V 242.103 -76.666 103.238 0.567152 0.424588
V 250.103 -76.666 103.384 0.570823 0.424558
V 258.103 -76.666 103.165 0.574495 0.424529
V 266.103 -76.666 103.091 0.578166 0.424499
V 274.103 -76.666 103.016 0.581837 0.424469
V 282.103 -76.666 103.191 0.585508 0.424439
V 290.103 -76.666 103.421 0.589180 0.424409
V 298.103 -76.666 103.652 0.592851 0.424380
V 306.103 -76.666 103.897 0.596522 0.424350
V 314.103 -76.666 104.146 0.600193 0.424320
V 322.103 -76.666 104.397 0.603864 0.424290
V 330.103 -76.666 104.539 0.607536 0.424260
V 338.103 -76.666 104.628 0.611207 0.424231
V -173.897 -68.666 182.396 0.376278 0.429818
V -165.897 -68.666 181.252 0.379950 0.429788
V -157.897 -68.666 178.596 0.383621 0.429759
V -149.897 -68.666 175.755 0.387292 0.429729
V -141.897 -68.666 172.993 0.390963 0.429700
V -133.897 -68.666 169.451 0.394634 0.429670
V -125.897 -68.666 165.795 0.398306 0.429640
V -117.897 -68.666 162.139 0.401977 0.429611
V -109.897 -68.666 158.468 0.405648 0.429581
V -101.897 -68.666 154.805 0.409319 0.429552
V -93.897 -68.666 151.134 0.412991 0.429522
V -85.897 -68.666 147.505 0.416662 0.429492
V -77.897 -68.666 143.892 0.420333 0.429463
V -69.897 -68.666 140.281 0.424004 0.429433
V -61.897 -68.666 136.842 0.427675 0.429403
V -53.897 -68.666 133.482 0.431347 0.429374
V -45.897 -68.666 130.124 0.435018 0.429344
V -37.897 -68.666 126.915 0.438689 0.429314
V -29.897 -68.666 123.796 0.442360 0.429285
V -21.897 -68.666 120.676 0.446032 0.429255
V -13.897 -68.666 117.967 0.449703 0.429226
V -5.897 -68.666 115.571 0.453374 0.429196
V 2.103 -68.666 112.967 0.457045 0.429166
V 10.103 -68.666 110.920 0.460716 0.429137
V 18.103 -68.666 109.220 0.464388 0.429107
V 26.103 -68.666 107.523 0.468059 0.429077
V 34.103 -68.666 106.125 0.471730 0.429048
V 42.103 -68.666 105.101 0.475401 0.429018
V 50.103 -68.666 104.079 0.479073 0.428988
V 58.103 -68.666 103.275 0.482744 0.428959
V 66.103 -68.666 103.495 0.486415 0.428929
V 74.103 -68.666 103.054 0.490086 0.428899
V 82.103 -68.666 102.806 0.493757 0.428869
V 90.103 -68.666 102.971 0.497429 0.428840
V 98.103 -68.666 103.127 0.501100 0.428810
V 106.103 -68.666 103.313 0.504771 0.428780
V 114.103 -68.666 103.602 0.508442 0.428751
V 122.103 -68.666 104.029 0.512114 0.428721
V 130.103 -68.666 104.232 0.515785 0.428691
V 138.103 -68.666 104.069 0.519456 0.428661
V 146.103 -68.666 103.901 0.523127 0.428632
V 154.103 -68.666 103.696 0.526798 0.428602
V 162.103 -68.666 103.292 0.530470 0.428572
V 170.103 -68.666 102.886 0.534141 0.428543
V 178.103 -68.666 102.209 0.537812 0.428513
V 186.103 -68.666 102.132 0.541483 0.428483
V 194.103 -68.666 102.055 0.545155 0.428453
V 202.103 -68.666 101.983 0.548826 0.428424
V 210.103 -68.666 102.171 0.552497 0.428394
V 218.103 -68.666 102.361 0.556168 0.428364
V 226.103 -68.666 102.552 0.559839 0.428334
V 234.103 -68.666 102.617 0.563511 0.428305
V 242.103 -68.666 102.678 0.567182 0.428275
V 250.103 -68.666 102.551 0.570853 0.428245
V 258.103 -68.666 102.549 0.574524 0.428215
V 266.103 -68.666 102.537 0.578196 0.428185
V 274.103 -68.666 102.524 0.581867 0.428156
V 282.103 -68.666 102.593 0.585538 0.428126
V 290.103 -68.666 102.681 0.589209 0.428096
V 298.103 -68.666 102.771 0.592880 0.428066
V 306.103 -68.666 102.920 0.596552 0.428037
V 314.103 -68.666 103.086 0.600223 0.428007
V 322.103 -68.666 103.244 0.603894 0.427977
V 330.103 -68.666 103.369 0.607565 0.427947
V 338.103 -68.666 103.476 0.611237 0.427917
V -173.897 -60.666 183.257 0.376308 0.433505
V -165.897 -60.666 181.660 0.379979 0.433475
V -157.897 -60.666 178.743 0.383650 0.433445
V -149.897 -60.666 175.746 0.387321 0.433416
V -141.897 -60.666 172.658 0.390993 0.433386
V -133.897 -60.666 169.101 0.394664 0.433357
V -125.897 -60.666 165.467 0.398335 0.433327
V -117.897 -60.666 161.834 0.402006 0.433297
V -109.897 -60.666 158.233 0.405678 0.433268
V -101.897 -60.666 154.639 0.409349 0.433238
V -93.897 -60.666 151.056 0.413020 0.433209
V -85.897 -60.666 147.477 0.416691 0.433179
V -77.897 -60.666 143.901 0.420363 0.433149
V -69.897 -60.666 140.326 0.424034 0.433120
V -61.897 -60.666 136.924 0.427705 0.433090
V -53.897 -60.666 133.597 0.431376 0.433060
V -45.897 -60.666 130.270 0.435047 0.433031
V -37.897 -60.666 127.104 0.438719 0.433001
V -29.897 -60.666 124.028 0.442390 0.432972
V -21.897 -60.666 120.951 0.446061 0.432942
V -13.897 -60.666 118.272 0.449732 0.432912
V -5.897 -60.666 115.888 0.453404 0.432883
V 2.103 -60.666 113.501 0.457075 0.432853
V 10.103 -60.666 111.195 0.460746 0.432823
V 18.103 -60.666 109.433 0.464417 0.432794
V 26.103 -60.666 107.671 0.468088 0.432764
V 34.103 -60.666 106.245 0.471760 0.432734
V 42.103 -60.666 105.224 0.475431 0.432705
V 50.103 -60.666 104.201 0.479102 0.432675
V 58.103 -60.666 103.365 0.482773 0.432645
V 66.103 -60.666 103.595 0.486445 0.432616
V 74.103 -60.666 103.073 0.490116 0.432586
V 82.103 -60.666 102.754 0.493787 0.432556
V 90.103 -60.666 102.853 0.497458 0.432526
V 98.103 -60.666 102.944 0.501129 0.432497
V 106.103 -60.666 103.074 0.504801 0.432467
V 114.103 -60.666 103.322 0.508472 0.432437
V 122.103 -60.666 103.732 0.512143 0.432408
V 130.103 -60.666 103.906 0.515814 0.432378
V 138.103 -60.666 103.778 0.519486 0.432348
V 146.103 -60.666 103.643 0.523157 0.432318
V 154.103 -60.666 103.468 0.526828 0.432289
V 162.103 -60.666 103.093 0.530499 0.432259
V 170.103 -60.666 102.361 0.534171 0.432229
V 178.103 -60.666 102.038 0.537842 0.432200
V 186.103 -60.666 101.938 0.541513 0.432170
V 194.103 -60.666 101.838 0.545184 0.432140
V 202.103 -60.666 101.745 0.548855 0.432110
V 210.103 -60.666 101.878 0.552527 0.432081
V 218.103 -60.666 102.013 0.556198 0.432051
V 226.103 -60.666 102.150 0.559869 0.432021
V 234.103 -60.666 102.185 0.563540 0.431991
V 242.103 -60.666 101.987 0.567212 0.431961
V 250.103 -60.666 102.039 0.570883 0.431932
V 258.103 -60.666 102.063 0.574554 0.431902
V 266.103 -60.666 102.084 0.578225 0.431872
V 274.103 -60.666 102.104 0.581896 0.431842
V 282.103 -60.666 102.105 0.585568 0.431813
V 290.103 -60.666 102.101 0.589239 0.431783
V 298.103 -60.666 102.098 0.592910 0.431753
V 306.103 -60.666 102.167 0.596581 0.431723
V 314.103 -60.666 102.245 0.600253 0.431693
V 322.103 -60.666 102.336 0.603924 0.431664
V 330.103 -60.666 102.431 0.607595 0.431634
V 338.103 -60.666 102.528 0.611266 0.431604
V -173.897 -52.666 183.784 0.376337 0.437191
V -165.897 -52.666 181.621 0.380008 0.437162
V -157.897 -52.666 178.429 0.383680 0.437132
V -149.897 -52.666 175.186 0.387351 0.437103
V -141.897 -52.666 171.949 0.391022 0.437073
V -133.897 -52.666 168.264 0.394693 0.437043
V -125.897 -52.666 164.644 0.398365 0.437014
V -117.897 -52.666 161.024 0.402036 0.436984
V -109.897 -52.666 157.495 0.405707 0.436955
V -101.897 -52.666 153.984 0.409378 0.436925
V -93.897 -52.666 150.473 0.413050 0.436895
V -85.897 -52.666 146.953 0.416721 0.436866
V -77.897 -52.666 143.449 0.420392 0.436836
V -69.897 -52.666 139.929 0.424063 0.436806
V -61.897 -52.666 136.583 0.427734 0.436777
V -53.897 -52.666 133.308 0.431406 0.436747
V -45.897 -52.666 130.034 0.435077 0.436718
V -37.897 -52.666 126.936 0.438748 0.436688
V -29.897 -52.666 123.936 0.442419 0.436658
V -21.897 -52.666 120.934 0.446091 0.436629
V -13.897 -52.666 118.315 0.449762 0.436599
V -5.897 -52.666 115.968 0.453433 0.436569
V 2.103 -52.666 113.618 0.457104 0.436540
V 10.103 -52.666 111.286 0.460776 0.436510
V 18.103 -52.666 109.493 0.464447 0.436480
V 26.103 -52.666 107.701 0.468118 0.436451
V 34.103 -52.666 106.306 0.471789 0.436421
V 42.103 -52.666 105.375 0.475460 0.436391
V 50.103 -52.666 104.442 0.479132 0.436362
V 58.103 -52.666 103.632 0.482803 0.436332
V 66.103 -52.666 103.890 0.486474 0.436302
V 74.103 -52.666 103.294 0.490145 0.436273
V 82.103 -52.666 102.883 0.493817 0.436243
V 90.103 -52.666 102.845 0.497488 0.436213
V 98.103 -52.666 102.795 0.501159 0.436183
V 106.103 -52.666 102.821 0.504830 0.436154
V 114.103 -52.666 103.061 0.508502 0.436124
V 122.103 -52.666 103.494 0.512173 0.436094
V 130.103 -52.666 103.667 0.515844 0.436065
V 138.103 -52.666 103.578 0.519515 0.436035
V 146.103 -52.666 103.481 0.523186 0.436005
V 154.103 -52.666 103.338 0.526858 0.435975
V 162.103 -52.666 102.973 0.530529 0.435946
V 170.103 -52.666 102.214 0.534200 0.435916
V 178.103 -52.666 101.904 0.537871 0.435886
V 186.103 -52.666 101.764 0.541543 0.435856
V 194.103 -52.666 101.625 0.545214 0.435827
V 202.103 -52.666 101.495 0.548885 0.435797
V 210.103 -52.666 101.574 0.552556 0.435767
V 218.103 -52.666 101.655 0.556228 0.435737
V 226.103 -52.666 101.739 0.559899 0.435708
V 234.103 -52.666 101.538 0.563570 0.435678
V 242.103 -52.666 101.638 0.567241 0.435648
V 250.103 -52.666 101.738 0.570912 0.435618
V 258.103 -52.666 101.762 0.574584 0.435589
V 266.103 -52.666 101.778 0.578255 0.435559
V 274.103 -52.666 101.794 0.581926 0.435529
V 282.103 -52.666 101.793 0.585597 0.435499
V 290.103 -52.666 101.788 0.589269 0.435470
V 298.103 -52.666 101.783 0.592940 0.435440
V 306.103 -52.666 101.798 0.596611 0.435410
V 314.103 -52.666 101.837 0.600282 0.435380
V 322.103 -52.666 101.876 0.603953 0.435350
V 330.103 -52.666 101.933 0.607625 0.435321
V 338.103 -52.666 101.991 0.611296 0.435291
V -173.897 -44.666 184.301 0.376367 0.440878
V -165.897 -44.666 181.572 0.380038 0.440848
V -157.897 -44.666 178.112 0.383709 0.440819
V -149.897 -44.666 174.623 0.387380 0.440789
V -141.897 -44.666 171.140 0.391052 0.440760
V -133.897 -44.666 167.557 0.394723 0.440730
V -125.897 -44.666 163.963 0.398394 0.440700
V -117.897 -44.666 160.215 0.402065 0.440671
V -109.897 -44.666 156.759 0.405737 0.440641
V -101.897 -44.666 153.332 0.409408 0.440612
V -93.897 -44.666 149.904 0.413079 0.440582
V -85.897 -44.666 146.446 0.416750 0.440552
V -77.897 -44.666 142.979 0.420422 0.440523
V -69.897 -44.666 139.534 0.424093 0.440493
V -61.897 -44.666 136.243 0.427764 0.440464
V -53.897 -44.666 133.021 0.431435 0.440434
V -45.897 -44.666 129.799 0.435106 0.440404
V -37.897 -44.666 126.772 0.438778 0.440375
V -29.897 -44.666 123.847 0.442449 0.440345
V -21.897 -44.666 120.921 0.446120 0.440315
V -13.897 -44.666 118.361 0.449791 0.440286
V -5.897 -44.666 116.053 0.453463 0.440256
V 2.103 -44.666 113.740 0.457134 0.440226
V 10.103 -44.666 111.376 0.460805 0.440197
V 18.103 -44.666 109.553 0.464476 0.440167
V 26.103 -44.666 107.730 0.468148 0.440137
V 34.103 -44.666 106.369 0.471819 0.440108
V 42.103 -44.666 105.528 0.475490 0.440078
V 50.103 -44.666 104.685 0.479161 0.440048
V 58.103 -44.666 103.899 0.482832 0.440019
V 66.103 -44.666 104.198 0.486504 0.439989
V 74.103 -44.666 103.529 0.490175 0.439959
V 82.103 -44.666 103.026 0.493846 0.439930
V 90.103 -44.666 102.850 0.497517 0.439900
V 98.103 -44.666 102.659 0.501189 0.439870
V 106.103 -44.666 102.581 0.504860 0.439840
V 114.103 -44.666 103.023 0.508531 0.439811
V 122.103 -44.666 103.271 0.512202 0.439781
V 130.103 -44.666 103.443 0.515874 0.439751
V 138.103 -44.666 103.390 0.519545 0.439722
V 146.103 -44.666 103.329 0.523216 0.439692
V 154.103 -44.666 103.216 0.526887 0.439662
V 162.103 -44.666 102.383 0.530559 0.439632
V 170.103 -44.666 102.071 0.534230 0.439603
V 178.103 -44.666 101.772 0.537901 0.439573
V 186.103 -44.666 101.592 0.541572 0.439543
V 194.103 -44.666 101.413 0.545243 0.439513
V 202.103 -44.666 101.245 0.548915 0.439484
V 210.103 -44.666 101.270 0.552586 0.439454
V 218.103 -44.666 101.297 0.556257 0.439424
V 226.103 -44.666 100.995 0.559928 0.439394
V 234.103 -44.666 101.142 0.563600 0.439365
V 242.103 -44.666 101.289 0.567271 0.439335
V 250.103 -44.666 101.436 0.570942 0.439305
V 258.103 -44.666 101.459 0.574613 0.439275
V 266.103 -44.666 101.472 0.578285 0.439246
V 274.103 -44.666 101.484 0.581956 0.439216
V 282.103 -44.666 101.481 0.585627 0.439186
V 290.103 -44.666 101.475 0.589298 0.439156
V 298.103 -44.666 101.451 0.592969 0.439126
V 306.103 -44.666 101.440 0.596641 0.439097
V 314.103 -44.666 101.428 0.600312 0.439067
V 322.103 -44.666 101.416 0.603983 0.439037
V 330.103 -44.666 101.428 0.607654 0.439007
V 338.103 -44.666 101.458 0.611326 0.438977
V -173.897 -36.666 184.809 0.376396 0.444565
V -165.897 -36.666 181.515 0.380067 0.444535
V -157.897 -36.666 177.790 0.383739 0.444506
V -149.897 -36.666 174.056 0.387410 0.444476
V -141.897 -36.666 170.327 0.391081 0.444446
V -133.897 -36.666 166.733 0.394752 0.444417
V -125.897 -36.666 163.155 0.398424 0.444387
V -117.897 -36.666 159.578 0.402095 0.444358
V -109.897 -36.666 156.024 0.405766 0.444328
V -101.897 -36.666 152.680 0.409437 0.444298
V -93.897 -36.666 149.337 0.413109 0.444269
V -85.897 -36.666 145.940 0.416780 0.444239
V -77.897 -36.666 142.529 0.420451 0.444209
V -69.897 -36.666 139.119 0.424122 0.444180
V -61.897 -36.666 135.904 0.427793 0.444150
V -53.897 -36.666 132.735 0.431465 0.444121
V -45.897 -36.666 129.566 0.435136 0.444091
V -37.897 -36.666 126.610 0.438807 0.444061
V -29.897 -36.666 123.762 0.442478 0.444032
V -21.897 -36.666 120.912 0.446150 0.444002
V -13.897 -36.666 118.411 0.449821 0.443972
V -5.897 -36.666 116.142 0.453492 0.443943
V 2.103 -36.666 113.869 0.457163 0.443913
V 10.103 -36.666 111.824 0.460835 0.443883
V 18.103 -36.666 109.613 0.464506 0.443854
V 26.103 -36.666 107.760 0.468177 0.443824
V 34.103 -36.666 106.433 0.471848 0.443794
V 42.103 -36.666 105.683 0.475520 0.443765
V 50.103 -36.666 104.930 0.479191 0.443735
V 58.103 -36.666 104.164 0.482862 0.443705
V 66.103 -36.666 104.520 0.486533 0.443676
V 74.103 -36.666 103.780 0.490205 0.443646
V 82.103 -36.666 103.186 0.493876 0.443616
V 90.103 -36.666 102.872 0.497547 0.443587
V 98.103 -36.666 102.537 0.501218 0.443557
V 106.103 -36.666 102.356 0.504889 0.443527
V 114.103 -36.666 102.828 0.508561 0.443497
V 122.103 -36.666 103.066 0.512232 0.443468
V 130.103 -36.666 103.234 0.515903 0.443438
V 138.103 -36.666 103.215 0.519574 0.443408
V 146.103 -36.666 103.187 0.523246 0.443379
V 154.103 -36.666 102.525 0.526917 0.443349
V 162.103 -36.666 102.228 0.530588 0.443319
V 170.103 -36.666 101.930 0.534259 0.443289
V 178.103 -36.666 101.640 0.537931 0.443260
V 186.103 -36.666 101.420 0.541602 0.443230
V 194.103 -36.666 101.201 0.545273 0.443200
V 202.103 -36.666 100.994 0.548944 0.443170
V 210.103 -36.666 100.964 0.552616 0.443141
V 218.103 -36.666 100.538 0.556287 0.443111
V 226.103 -36.666 100.550 0.559958 0.443081
V 234.103 -36.666 100.745 0.563629 0.443051
V 242.103 -36.666 100.940 0.567300 0.443022
V 250.103 -36.666 101.134 0.570972 0.442992
V 258.103 -36.666 101.156 0.574643 0.442962
V 266.103 -36.666 101.165 0.578314 0.442932
V 274.103 -36.666 101.173 0.581985 0.442902
V 282.103 -36.666 101.169 0.585657 0.442873
V 290.103 -36.666 101.141 0.589328 0.442843
V 298.103 -36.666 101.134 0.592999 0.442813
V 306.103 -36.666 101.081 0.596670 0.442783
V 314.103 -36.666 101.018 0.600342 0.442754
V 322.103 -36.666 100.946 0.604013 0.442724
V 330.103 -36.666 100.928 0.607684 0.442694
V 338.103 -36.666 100.925 0.611355 0.442664
V -173.897 -28.666 182.668 0.376426 0.448251
V -165.897 -28.666 179.296 0.380097 0.448222
V -157.897 -28.666 175.610 0.383768 0.448192
V -149.897 -28.666 171.917 0.387439 0.448163
V -141.897 -28.666 168.225 0.391111 0.448133
V -133.897 -28.666 164.629 0.394782 0.448103
V -125.897 -28.666 161.045 0.398453 0.448074
V -117.897 -28.666 157.464 0.402124 0.448044
V -109.897 -28.666 154.175 0.405796 0.448015
V -101.897 -28.666 150.939 0.409467 0.447985
V -93.897 -28.666 147.453 0.413138 0.447955
V -85.897 -28.666 144.239 0.416809 0.447926
V -77.897 -28.666 141.034 0.420481 0.447896
V -69.897 -28.666 137.827 0.424152 0.447867
V -61.897 -28.666 134.774 0.427823 0.447837
V -53.897 -28.666 131.806 0.431494 0.447807
V -45.897 -28.666 128.812 0.435165 0.447778
V -37.897 -28.666 126.014 0.438837 0.447748
V -29.897 -28.666 123.311 0.442508 0.447718
V -21.897 -28.666 120.607 0.446179 0.447689
V -13.897 -28.666 118.190 0.449850 0.447659
V -5.897 -28.666 115.958 0.453522 0.447629
V 2.103 -28.666 113.722 0.457193 0.447600
V 10.103 -28.666 111.752 0.460864 0.447570
V 18.103 -28.666 109.585 0.464535 0.447540
V 26.103 -28.666 107.824 0.468207 0.447511
V 34.103 -28.666 106.638 0.471878 0.447481
V 42.103 -28.666 106.061 0.475549 0.447451
V 50.103 -28.666 105.480 0.479220 0.447422
V 58.103 -28.666 104.781 0.482892 0.447392
V 66.103 -28.666 105.215 0.486563 0.447362
V 74.103 -28.666 104.414 0.490234 0.447333
V 82.103 -28.666 103.718 0.493905 0.447303
V 90.103 -28.666 103.223 0.497577 0.447273
V 98.103 -28.666 102.701 0.501248 0.447244
V 106.103 -28.666 102.371 0.504919 0.447214
V 114.103 -28.666 102.831 0.508590 0.447184
V 122.103 -28.666 103.008 0.512262 0.447154
V 130.103 -28.666 103.120 0.515933 0.447125
V 138.103 -28.666 103.085 0.519604 0.447095
V 146.103 -28.666 103.041 0.523275 0.447065
V 154.103 -28.666 102.315 0.526946 0.447036
V 162.103 -28.666 102.054 0.530618 0.447006
V 170.103 -28.666 101.791 0.534289 0.446976
V 178.103 -28.666 101.532 0.537960 0.446946
V 186.103 -28.666 101.299 0.541631 0.446917
V 194.103 -28.666 101.067 0.545303 0.446887
V 202.103 -28.666 100.848 0.548974 0.446857
V 210.103 -28.666 100.307 0.552645 0.446827
V 218.103 -28.666 100.292 0.556316 0.446798
V 226.103 -28.666 100.278 0.559988 0.446768
V 234.103 -28.666 100.481 0.563659 0.446738
V 242.103 -28.666 100.683 0.567330 0.446708
V 250.103 -28.666 100.886 0.571001 0.446679
V 258.103 -28.666 100.897 0.574673 0.446649
V 266.103 -28.666 100.895 0.578344 0.446619
V 274.103 -28.666 100.865 0.582015 0.446589
V 282.103 -28.666 100.876 0.585686 0.446559
V 290.103 -28.666 100.888 0.589358 0.446530
V 298.103 -28.666 100.898 0.593029 0.446500
V 306.103 -28.666 100.807 0.596700 0.446470
V 314.103 -28.666 100.708 0.600371 0.446440
V 322.103 -28.666 100.609 0.604042 0.446410
V 330.103 -28.666 100.573 0.607714 0.446381
V 338.103 -28.666 100.556 0.611385 0.446351
V -173.897 -20.666 180.501 0.376455 0.451938
V -165.897 -20.666 177.037 0.380126 0.451909
V -157.897 -20.666 173.382 0.383798 0.451879
V -149.897 -20.666 169.724 0.387469 0.451849
V -141.897 -20.666 166.068 0.391140 0.451820
V -133.897 -20.666 162.459 0.394811 0.451790
V -125.897 -20.666 158.857 0.398483 0.451761
V -117.897 -20.666 155.258 0.402154 0.451731
V -109.897 -20.666 152.035 0.405825 0.451701
V -101.897 -20.666 148.876 0.409496 0.451672
V -93.897 -20.666 145.718 0.413168 0.451642
V -85.897 -20.666 142.411 0.416839 0.451613
V -77.897 -20.666 139.418 0.420510 0.451583
V -69.897 -20.666 136.424 0.424181 0.451553
V -61.897 -20.666 133.566 0.427853 0.451524
V -53.897 -20.666 130.754 0.431524 0.451494
V -45.897 -20.666 127.941 0.435195 0.451464
V -37.897 -20.666 125.346 0.438866 0.451435
V -29.897 -20.666 122.797 0.442537 0.451405
V -21.897 -20.666 120.247 0.446209 0.451375
V -13.897 -20.666 117.915 0.449880 0.451346
V -5.897 -20.666 115.719 0.453551 0.451316
V 2.103 -20.666 113.517 0.457222 0.451286
V 10.103 -20.666 111.637 0.460894 0.451257
V 18.103 -20.666 109.537 0.464565 0.451227
V 26.103 -20.666 107.900 0.468236 0.451197
V 34.103 -20.666 106.885 0.471907 0.451168
V 42.103 -20.666 106.508 0.475579 0.451138
V 50.103 -20.666 106.127 0.479250 0.451108
V 58.103 -20.666 105.509 0.482921 0.451079
V 66.103 -20.666 106.045 0.486592 0.451049
V 74.103 -20.666 105.196 0.490264 0.451019
V 82.103 -20.666 104.400 0.493935 0.450990
V 90.103 -20.666 103.713 0.497606 0.450960
V 98.103 -20.666 102.988 0.501277 0.450930
V 106.103 -20.666 102.491 0.504949 0.450901
V 114.103 -20.666 102.934 0.508620 0.450871
V 122.103 -20.666 103.025 0.512291 0.450841
V 130.103 -20.666 103.058 0.515962 0.450811
V 138.103 -20.666 102.979 0.519634 0.450782
V 146.103 -20.666 102.132 0.523305 0.450752
V 154.103 -20.666 102.086 0.526976 0.450722
V 162.103 -20.666 101.871 0.530647 0.450693
V 170.103 -20.666 101.655 0.534319 0.450663
V 178.103 -20.666 101.438 0.537990 0.450633
V 186.103 -20.666 101.208 0.541661 0.450603
V 194.103 -20.666 100.981 0.545332 0.450574
V 202.103 -20.666 100.190 0.549004 0.450544
V 210.103 -20.666 100.168 0.552675 0.450514
V 218.103 -20.666 100.147 0.556346 0.450484
V 226.103 -20.666 100.127 0.560017 0.450455
V 234.103 -20.666 100.312 0.563689 0.450425
V 242.103 -20.666 100.496 0.567360 0.450395
V 250.103 -20.666 100.679 0.571031 0.450365
V 258.103 -20.666 100.673 0.574702 0.450335
V 266.103 -20.666 100.621 0.578373 0.450306
V 274.103 -20.666 100.604 0.582045 0.450276
V 282.103 -20.666 100.645 0.585716 0.450246
V 290.103 -20.666 100.693 0.589387 0.450216
V 298.103 -20.666 100.725 0.593058 0.450187
V 306.103 -20.666 100.637 0.596730 0.450157
V 314.103 -20.666 100.520 0.600401 0.450127
V 322.103 -20.666 100.402 0.604072 0.450097
V 330.103 -20.666 100.373 0.607743 0.450067
V 338.103 -20.666 100.372 0.611415 0.450038
V -173.897 -12.666 178.332 0.376485 0.455625
V -165.897 -12.666 174.777 0.380156 0.455595
V -157.897 -12.666 171.154 0.383827 0.455566
V -149.897 -12.666 167.532 0.387498 0.455536
V -141.897 -12.666 163.912 0.391170 0.455507
V -133.897 -12.666 160.289 0.394841 0.455477
V -125.897 -12.666 156.669 0.398512 0.455447
V -117.897 -12.666 153.052 0.402183 0.455418
V -109.897 -12.666 149.897 0.405855 0.455388
V -101.897 -12.666 146.815 0.409526 0.455359
V -93.897 -12.666 143.735 0.413197 0.455329
V -85.897 -12.666 140.922 0.416868 0.455299
V -77.897 -12.666 137.806 0.420540 0.455270
V -69.897 -12.666 135.024 0.424211 0.455240
V -61.897 -12.666 132.360 0.427882 0.455210
V -53.897 -12.666 129.736 0.431553 0.455181
V -45.897 -12.666 127.111 0.435225 0.455151
V -37.897 -12.666 124.637 0.438896 0.455121
V -29.897 -12.666 122.285 0.442567 0.455092
V -21.897 -12.666 119.891 0.446238 0.455062
V -13.897 -12.666 117.643 0.449910 0.455033
V -5.897 -12.666 115.483 0.453581 0.455003
V 2.103 -12.666 113.318 0.457252 0.454973
V 10.103 -12.666 111.532 0.460923 0.454944
V 18.103 -12.666 110.034 0.464595 0.454914
V 26.103 -12.666 107.978 0.468266 0.454884
V 34.103 -12.666 107.136 0.471937 0.454855
V 42.103 -12.666 106.959 0.475608 0.454825
V 50.103 -12.666 106.777 0.479279 0.454795
V 58.103 -12.666 106.237 0.482951 0.454765
V 66.103 -12.666 106.889 0.486622 0.454736
V 74.103 -12.666 106.000 0.490293 0.454706
V 82.103 -12.666 105.106 0.493964 0.454676
V 90.103 -12.666 104.226 0.497636 0.454647
V 98.103 -12.666 103.290 0.501307 0.454617
V 106.103 -12.666 103.016 0.504978 0.454587
V 114.103 -12.666 103.062 0.508649 0.454558
V 122.103 -12.666 103.060 0.512321 0.454528
V 130.103 -12.666 103.007 0.515992 0.454498
V 138.103 -12.666 101.956 0.519663 0.454468
V 146.103 -12.666 101.923 0.523334 0.454439
V 154.103 -12.666 101.861 0.527006 0.454409
V 162.103 -12.666 101.690 0.530677 0.454379
V 170.103 -12.666 101.520 0.534348 0.454350
V 178.103 -12.666 101.343 0.538019 0.454320
V 186.103 -12.666 101.117 0.541691 0.454290
V 194.103 -12.666 100.202 0.545362 0.454260
V 202.103 -12.666 100.055 0.549033 0.454231
V 210.103 -12.666 100.027 0.552704 0.454201
V 218.103 -12.666 100.000 0.556376 0.454171
V 226.103 -12.666 99.975 0.560047 0.454141
V 234.103 -12.666 100.141 0.563718 0.454112
V 242.103 -12.666 100.307 0.567389 0.454082
V 250.103 -12.666 100.472 0.571061 0.454052
V 258.103 -12.666 100.407 0.574732 0.454022
V 266.103 -12.666 100.376 0.578403 0.453992
V 274.103 -12.666 100.342 0.582074 0.453963
V 282.103 -12.666 100.415 0.585746 0.453933
V 290.103 -12.666 100.481 0.589417 0.453903
V 298.103 -12.666 100.564 0.593088 0.453873
V 306.103 -12.666 100.466 0.596759 0.453843
V 314.103 -12.666 100.330 0.600431 0.453814
V 322.103 -12.666 100.194 0.604102 0.453784
V 330.103 -12.666 100.174 0.607773 0.453754
V 338.103 -12.666 100.187 0.611444 0.453724
V -173.897 -4.666 176.194 0.376514 0.459312
V -165.897 -4.666 172.544 0.380185 0.459282
V -157.897 -4.666 168.947 0.383856 0.459252
V -149.897 -4.666 165.353 0.387528 0.459223
V -141.897 -4.666 161.762 0.391199 0.459193
V -133.897 -4.666 158.132 0.394870 0.459164
V -125.897 -4.666 154.502 0.398542 0.459134
V -117.897 -4.666 150.873 0.402213 0.459104
V -109.897 -4.666 147.784 0.405884 0.459075
V -101.897 -4.666 144.775 0.409555 0.459045
V -93.897 -4.666 141.769 0.413227 0.459016
V -85.897 -4.666 139.140 0.416898 0.458986
V -77.897 -4.666 136.600 0.420569 0.458956
V -69.897 -4.666 134.062 0.424240 0.458927
V -61.897 -4.666 131.146 0.427912 0.458897
V -53.897 -4.666 128.710 0.431583 0.458867
V -45.897 -4.666 126.276 0.435254 0.458838
V -37.897 -4.666 123.975 0.438925 0.458808
V -29.897 -4.666 121.725 0.442597 0.458779
V -21.897 -4.666 119.535 0.446268 0.458749
V -13.897 -4.666 117.371 0.449939 0.458719
V -5.897 -4.666 115.249 0.453610 0.458690
V 2.103 -4.666 113.124 0.457282 0.458660
V 10.103 -4.666 111.437 0.460953 0.458630
V 18.103 -4.666 110.069 0.464624 0.458601
V 26.103 -4.666 108.059 0.468295 0.458571
V 34.103 -4.666 107.391 0.471967 0.458541
V 42.103 -4.666 107.414 0.475638 0.458512
V 50.103 -4.666 107.431 0.479309 0.458482
V 58.103 -4.666 106.965 0.482980 0.458452
V 66.103 -4.666 107.739 0.486652 0.458423
V 74.103 -4.666 106.825 0.490323 0.458393
V 82.103 -4.666 105.842 0.493994 0.458363
V 90.103 -4.666 104.763 0.497665 0.458333
V 98.103 -4.666 103.604 0.501337 0.458304
V 106.103 -4.666 103.260 0.505008 0.458274
V 114.103 -4.666 103.217 0.508679 0.458244
V 122.103 -4.666 103.110 0.512350 0.458215
V 130.103 -4.666 102.960 0.516022 0.458185
V 138.103 -4.666 101.782 0.519693 0.458155
V 146.103 -4.666 101.717 0.523364 0.458125
V 154.103 -4.666 101.637 0.527035 0.458096
V 162.103 -4.666 101.509 0.530707 0.458066
V 170.103 -4.666 101.384 0.534378 0.458036
V 178.103 -4.666 101.247 0.538049 0.458006
V 186.103 -4.666 100.195 0.541720 0.457977
V 194.103 -4.666 100.051 0.545392 0.457947
V 202.103 -4.666 99.917 0.549063 0.457917
V 210.103 -4.666 99.884 0.552734 0.457888
V 218.103 -4.666 99.851 0.556405 0.457858
V 226.103 -4.666 99.821 0.560077 0.457828
V 234.103 -4.666 99.970 0.563748 0.457798
V 242.103 -4.666 100.117 0.567419 0.457768
V 250.103 -4.666 100.215 0.571090 0.457739
V 258.103 -4.666 100.176 0.574762 0.457709
V 266.103 -4.666 100.129 0.578433 0.457679
V 274.103 -4.666 100.058 0.582104 0.457649
V 282.103 -4.666 100.164 0.585775 0.457620
V 290.103 -4.666 100.285 0.589447 0.457590
V 298.103 -4.666 100.404 0.593118 0.457560
V 306.103 -4.666 100.295 0.596789 0.457530
V 314.103 -4.666 100.141 0.600460 0.457500
V 322.103 -4.666 99.986 0.604132 0.457471
V 330.103 -4.666 99.975 0.607803 0.457441
V 338.103 -4.666 100.003 0.611474 0.457411
V -173.897 3.334 174.263 0.376543 0.462998
V -165.897 3.334 170.505 0.380215 0.462969
V -157.897 3.334 166.889 0.383886 0.462939
V -149.897 3.334 163.275 0.387557 0.462910
V -141.897 3.334 159.666 0.391228 0.462880
V -133.897 3.334 156.111 0.394900 0.462850
V -125.897 3.334 152.562 0.398571 0.462821
V -117.897 3.334 149.015 0.402242 0.462791
V -109.897 3.334 145.981 0.405913 0.462762
V -101.897 3.334 143.018 0.409585 0.462732
V -93.897 3.334 140.059 0.413256 0.462702
V -85.897 3.334 137.454 0.416927 0.462673
V -77.897 3.334 134.929 0.420599 0.462643
V -69.897 3.334 132.408 0.424270 0.462613
V -61.897 3.334 130.016 0.427941 0.462584
V -53.897 3.334 127.080 0.431612 0.462554
V -45.897 3.334 124.688 0.435284 0.462525
V -37.897 3.334 122.494 0.438955 0.462495
V -29.897 3.334 120.384 0.442626 0.462465
V -21.897 3.334 118.275 0.446297 0.462436
V -13.897 3.334 116.418 0.449969 0.462406
V -5.897 3.334 114.606 0.453640 0.462376
V 2.103 3.334 112.789 0.457311 0.462347
V 10.103 3.334 111.450 0.460982 0.462317
V 18.103 3.334 110.441 0.464654 0.462287
V 26.103 3.334 109.393 0.468325 0.462258
V 34.103 3.334 108.187 0.471996 0.462228
V 42.103 3.334 108.197 0.475667 0.462198
V 50.103 3.334 108.203 0.479339 0.462169
V 58.103 3.334 107.683 0.483010 0.462139
V 66.103 3.334 108.553 0.486681 0.462109
V 74.103 3.334 107.618 0.490352 0.462080
V 82.103 3.334 106.569 0.494024 0.462050
V 90.103 3.334 105.315 0.497695 0.462020
V 98.103 3.334 103.937 0.501366 0.461990
V 106.103 3.334 103.579 0.505037 0.461961
V 114.103 3.334 103.403 0.508709 0.461931
V 122.103 3.334 103.144 0.512380 0.461901
V 130.103 3.334 101.679 0.516051 0.461872
V 138.103 3.334 101.637 0.519722 0.461842
V 146.103 3.334 101.588 0.523394 0.461812
V 154.103 3.334 101.519 0.527065 0.461782
V 162.103 3.334 101.384 0.530736 0.461753
V 170.103 3.334 101.254 0.534407 0.461723
V 178.103 3.334 100.129 0.538079 0.461693
V 186.103 3.334 100.020 0.541750 0.461663
V 194.103 3.334 99.915 0.545421 0.461634
V 202.103 3.334 99.814 0.549092 0.461604
V 210.103 3.334 99.764 0.552764 0.461574
V 218.103 3.334 99.713 0.556435 0.461544
V 226.103 3.334 99.666 0.560106 0.461515
V 234.103 3.334 99.799 0.563777 0.461485
V 242.103 3.334 99.870 0.567449 0.461455
V 250.103 3.334 100.002 0.571120 0.461425
V 258.103 3.334 99.963 0.574791 0.461396
V 266.103 3.334 99.891 0.578462 0.461366
V 274.103 3.334 99.844 0.582134 0.461336
V 282.103 3.334 99.954 0.585805 0.461306
V 290.103 3.334 100.077 0.589476 0.461277
V 298.103 3.334 100.198 0.593147 0.461247
V 306.103 3.334 100.103 0.596819 0.461217
V 314.103 3.334 99.967 0.600490 0.461187
V 322.103 3.334 99.829 0.604161 0.461157
V 330.103 3.334 99.813 0.607832 0.461128
V 338.103 3.334 99.828 0.611504 0.461098
V -173.897 11.334 172.329 0.376573 0.466685
V -165.897 11.334 168.465 0.380244 0.466655
V -157.897 11.334 164.829 0.383915 0.466626
V -149.897 11.334 161.197 0.387587 0.466596
V -141.897 11.334 157.568 0.391258 0.466567
V -133.897 11.334 154.090 0.394929 0.466537
V -125.897 11.334 150.622 0.398600 0.466508
V -117.897 11.334 147.157 0.402272 0.466478
V -109.897 11.334 144.177 0.405943 0.466448
V -101.897 11.334 141.260 0.409614 0.466419
V -93.897 11.334 138.349 0.413286 0.466389
V -85.897 11.334 135.767 0.416957 0.466359
V -77.897 11.334 133.258 0.420628 0.466330
V -69.897 11.334 130.754 0.424299 0.466300
V -61.897 11.334 128.406 0.427971 0.466271
V -53.897 11.334 126.106 0.431642 0.466241
V -45.897 11.334 123.806 0.435313 0.466211
V -37.897 11.334 121.012 0.438984 0.466182
V -29.897 11.334 119.037 0.442656 0.466152
V -21.897 11.334 117.063 0.446327 0.466122
V -13.897 11.334 115.385 0.449998 0.466093
V -5.897 11.334 113.862 0.453669 0.466063
V 2.103 11.334 112.448 0.457341 0.466033
V 10.103 11.334 111.475 0.461012 0.466004
V 18.103 11.334 110.850 0.464683 0.465974
V 26.103 11.334 110.163 0.468354 0.465944
V 34.103 11.334 109.024 0.472026 0.465915
V 42.103 11.334 109.009 0.475697 0.465885
V 50.103 11.334 108.986 0.479368 0.465855
V 58.103 11.334 108.399 0.483039 0.465826
V 66.103 11.334 109.313 0.486711 0.465796
V 74.103 11.334 108.375 0.490382 0.465766
V 82.103 11.334 107.325 0.494053 0.465737
V 90.103 11.334 105.862 0.497724 0.465707
V 98.103 11.334 104.841 0.501396 0.465677
V 106.103 11.334 103.947 0.505067 0.465647
V 114.103 11.334 103.597 0.508738 0.465618
V 122.103 11.334 101.697 0.512409 0.465588
V 130.103 11.334 101.517 0.516081 0.465558
V 138.103 11.334 101.496 0.519752 0.465529
V 146.103 11.334 101.472 0.523423 0.465499
V 154.103 11.334 101.420 0.527095 0.465469
V 162.103 11.334 101.266 0.530766 0.465439
V 170.103 11.334 99.943 0.534437 0.465410
V 178.103 11.334 99.902 0.538108 0.465380
V 186.103 11.334 99.841 0.541780 0.465350
V 194.103 11.334 99.781 0.545451 0.465320
V 202.103 11.334 99.721 0.549122 0.465291
V 210.103 11.334 99.650 0.552793 0.465261
V 218.103 11.334 99.578 0.556465 0.465231
V 226.103 11.334 99.435 0.560136 0.465201
V 234.103 11.334 99.555 0.563807 0.465172
V 242.103 11.334 99.673 0.567478 0.465142
V 250.103 11.334 99.789 0.571150 0.465112
V 258.103 11.334 99.726 0.574821 0.465082
V 266.103 11.334 99.691 0.578492 0.465053
V 274.103 11.334 99.654 0.582163 0.465023
V 282.103 11.334 99.753 0.585835 0.464993
V 290.103 11.334 99.862 0.589506 0.464963
V 298.103 11.334 99.969 0.593177 0.464933
V 306.103 11.334 99.902 0.596848 0.464904
V 314.103 11.334 99.803 0.600520 0.464874
V 322.103 11.334 99.703 0.604191 0.464844
V 330.103 11.334 99.672 0.607862 0.464814
V 338.103 11.334 99.658 0.611533 0.464784
V -173.897 19.334 170.392 0.376602 0.470372
V -165.897 19.334 166.424 0.380274 0.470342
V -157.897 19.334 162.768 0.383945 0.470313
V -149.897 19.334 159.116 0.387616 0.470283
V -141.897 19.334 155.469 0.391287 0.470253
V -133.897 19.334 152.068 0.394959 0.470224
V -125.897 19.334 148.682 0.398630 0.470194
V -117.897 19.334 145.299 0.402301 0.470165
V -109.897 19.334 142.372 0.405972 0.470135
V -101.897 19.334 139.501 0.409644 0.470105
V -93.897 19.334 136.637 0.413315 0.470076
V -85.897 19.334 134.078 0.416986 0.470046
V -77.897 19.334 131.585 0.420658 0.470017
V -69.897 19.334 129.099 0.424329 0.469987
V -61.897 19.334 126.796 0.428000 0.469957
V -53.897 19.334 124.549 0.431671 0.469928
V -45.897 19.334 122.305 0.435343 0.469898
V -37.897 19.334 120.390 0.439014 0.469868
V -29.897 19.334 117.686 0.442685 0.469839
V -21.897 19.334 115.849 0.446356 0.469809
V -13.897 19.334 114.426 0.450028 0.469779
V -5.897 19.334 113.219 0.453699 0.469750
V 2.103 19.334 112.002 0.457370 0.469720
V 10.103 19.334 111.492 0.461041 0.469690
V 18.103 19.334 111.272 0.464713 0.469661
V 26.103 19.334 110.946 0.468384 0.469631
V 98.103 19.334 105.283 0.501425 0.469364
V 106.103 19.334 104.348 0.505097 0.469334
V 114.103 19.334 101.958 0.508768 0.469304
V 122.103 19.334 101.623 0.512439 0.469275
V 130.103 19.334 101.347 0.516110 0.469245
V 138.103 19.334 101.341 0.519782 0.469215
V 146.103 19.334 101.342 0.523453 0.469186
V 154.103 19.334 101.309 0.527124 0.469156
V 162.103 19.334 99.747 0.530795 0.469126
V 170.103 19.334 99.702 0.534467 0.469096
V 178.103 19.334 99.671 0.538138 0.469067
V 186.103 19.334 99.658 0.541809 0.469037
V 194.103 19.334 99.647 0.545480 0.469007
V 202.103 19.334 99.627 0.549152 0.468977
V 210.103 19.334 99.536 0.552823 0.468948
V 218.103 19.334 99.350 0.556494 0.468918
V 226.103 19.334 99.267 0.560165 0.468888
V 234.103 19.334 99.373 0.563837 0.468858
V 242.103 19.334 99.433 0.567508 0.468829
V 250.103 19.334 99.537 0.571179 0.468799
V 258.103 19.334 99.517 0.574850 0.468769
V 266.103 19.334 99.492 0.578522 0.468739
V 274.103 19.334 99.464 0.582193 0.468710
V 282.103 19.334 99.552 0.585864 0.468680
V 290.103 19.334 99.647 0.589536 0.468650
V 298.103 19.334 99.739 0.593207 0.468620
V 306.103 19.334 99.701 0.596878 0.468590
V 314.103 19.334 99.640 0.600549 0.468561
V 322.103 19.334 99.577 0.604221 0.468531
V 330.103 19.334 99.531 0.607892 0.468501
V 338.103 19.334 99.489 0.611563 0.468471
V -173.897 27.334 168.794 0.376632 0.474059
V -165.897 27.334 164.738 0.380303 0.474029
V -157.897 27.334 161.039 0.383974 0.473999
V -149.897 27.334 157.344 0.387646 0.473970
V -141.897 27.334 153.655 0.391317 0.473940
V -133.897 27.334 150.310 0.394988 0.473911
V -125.897 27.334 146.982 0.398659 0.473881
V -117.897 27.334 143.659 0.402331 0.473851
V -109.897 27.334 140.753 0.406002 0.473822
V -101.897 27.334 137.899 0.409673 0.473792
V -93.897 27.334 135.053 0.413344 0.473763
V -85.897 27.334 132.482 0.417016 0.473733
V -77.897 27.334 129.971 0.420687 0.473703
V -69.897 27.334 127.473 0.424358 0.473674
V -61.897 27.334 125.221 0.428030 0.473644
V -53.897 27.334 123.040 0.431701 0.473614
V -45.897 27.334 120.865 0.435372 0.473585
V -37.897 27.334 119.103 0.439043 0.473555
V -29.897 27.334 117.489 0.442715 0.473525
V -21.897 27.334 114.752 0.446386 0.473496
V -13.897 27.334 113.587 0.450057 0.473466
V -5.897 27.334 112.687 0.453728 0.473437
V 2.103 27.334 111.787 0.457400 0.473407
V 10.103 27.334 111.466 0.461071 0.473377
V 18.103 27.334 111.663 0.464742 0.473348
V 114.103 27.334 102.034 0.508797 0.472991
V 122.103 27.334 101.519 0.512469 0.472962
V 130.103 27.334 101.140 0.516140 0.472932
V 138.103 27.334 101.157 0.519811 0.472902
V 146.103 27.334 101.191 0.523482 0.472872
V 154.103 27.334 99.555 0.527154 0.472843
V 162.103 27.334 99.496 0.530825 0.472813
V 170.103 27.334 99.454 0.534496 0.472783
V 178.103 27.334 99.436 0.538168 0.472753
V 186.103 27.334 99.474 0.541839 0.472724
V 194.103 27.334 99.513 0.545510 0.472694
V 202.103 27.334 99.533 0.549181 0.472664
V 210.103 27.334 99.308 0.552853 0.472634
V 218.103 27.334 99.198 0.556524 0.472605
V 226.103 27.334 99.098 0.560195 0.472575
V 234.103 27.334 99.138 0.563866 0.472545
V 242.103 27.334 99.230 0.567538 0.472515
V 250.103 27.334 99.319 0.571209 0.472486
V 258.103 27.334 99.308 0.574880 0.472456
V 266.103 27.334 99.294 0.578551 0.472426
V 274.103 27.334 99.275 0.582223 0.472396
V 282.103 27.334 99.352 0.585894 0.472366
V 290.103 27.334 99.432 0.589565 0.472337
V 298.103 27.334 99.510 0.593236 0.472307
V 306.103 27.334 99.502 0.596908 0.472277
V 314.103 27.334 99.478 0.600579 0.472247
V 322.103 27.334 99.452 0.604250 0.472218
V 330.103 27.334 99.390 0.607922 0.472188
V 338.103 27.334 99.319 0.611593 0.472158
V -173.897 35.334 168.051 0.376661 0.477745
V -165.897 35.334 163.985 0.380333 0.477716
V -157.897 35.334 160.212 0.384004 0.477686
V -149.897 35.334 156.444 0.387675 0.477657
V -141.897 35.334 152.699 0.391346 0.477627
V -133.897 35.334 149.375 0.395018 0.477597
V -125.897 35.334 146.067 0.398689 0.477568
V -117.897 35.334 142.765 0.402360 0.477538
V -109.897 35.334 139.807 0.406031 0.477509
V -101.897 35.334 136.889 0.409703 0.477479
V -93.897 35.334 133.981 0.413374 0.477449
V -85.897 35.334 131.281 0.417045 0.477420
V -77.897 35.334 128.628 0.420717 0.477390
V -69.897 35.334 125.990 0.424388 0.477360
V -61.897 35.334 123.825 0.428059 0.477331
V -53.897 35.334 121.790 0.431730 0.477301
V -45.897 35.334 119.765 0.435402 0.477272
V -37.897 35.334 118.308 0.439073 0.477242
V -29.897 35.334 117.054 0.442744 0.477212
V -21.897 35.334 115.786 0.446415 0.477183
V -13.897 35.334 114.989 0.450087 0.477153
V -5.897 35.334 113.066 0.453758 0.477123
V 2.103 35.334 112.486 0.457429 0.477094
V 10.103 35.334 112.286 0.461101 0.477064
V 122.103 35.334 101.545 0.512498 0.476648
V 130.103 35.334 101.049 0.516170 0.476619
V 138.103 35.334 101.044 0.519841 0.476589
V 146.103 35.334 99.197 0.523512 0.476559
V 154.103 35.334 99.313 0.527183 0.476529
V 162.103 35.334 99.384 0.530855 0.476500
V 170.103 35.334 99.475 0.534526 0.476470
V 178.103 35.334 99.555 0.538197 0.476440
V 186.103 35.334 99.546 0.541868 0.476410
V 194.103 35.334 99.536 0.545540 0.476381
V 202.103 35.334 99.367 0.549211 0.476351
V 210.103 35.334 99.242 0.552882 0.476321
V 218.103 35.334 99.114 0.556553 0.476291
V 226.103 35.334 98.930 0.560225 0.476262
V 234.103 35.334 98.987 0.563896 0.476232
V 242.103 35.334 99.040 0.567567 0.476202
V 250.103 35.334 99.090 0.571239 0.476172
V 258.103 35.334 99.081 0.574910 0.476143
V 266.103 35.334 99.068 0.578581 0.476113
V 274.103 35.334 99.050 0.582252 0.476083
V 282.103 35.334 99.123 0.585924 0.476053
V 290.103 35.334 99.199 0.589595 0.476023
V 298.103 35.334 99.272 0.593266 0.475994
V 306.103 35.334 99.272 0.596937 0.475964
V 314.103 35.334 99.260 0.600609 0.475934
V 322.103 35.334 99.245 0.604280 0.475904
V 330.103 35.334 99.184 0.607951 0.475874
V 338.103 35.334 99.111 0.611622 0.475845
V -173.897 43.334 167.317 0.376691 0.481432
V -165.897 43.334 163.241 0.380362 0.481402
V -157.897 43.334 159.398 0.384033 0.481373
V -149.897 43.334 155.560 0.387705 0.481343
V -141.897 43.334 151.727 0.391376 0.481314
V -133.897 43.334 148.422 0.395047 0.481284
V -125.897 43.334 145.130 0.398718 0.481254
V -117.897 43.334 141.844 0.402390 0.481225
V -109.897 43.334 138.855 0.406061 0.481195
V -101.897 43.334 135.872 0.409732 0.481166
V -93.897 43.334 132.901 0.413403 0.481136
V -85.897 43.334 130.070 0.417075 0.481106
V -77.897 43.334 127.274 0.420746 0.481077
V -69.897 43.334 124.495 0.424417 0.481047
V -61.897 43.334 122.419 0.428089 0.481018
V -53.897 43.334 120.527 0.431760 0.480988
V -45.897 43.334 118.651 0.435431 0.480958
V -37.897 43.334 117.502 0.439102 0.480929
V -29.897 43.334 116.612 0.442774 0.480899
V -21.897 43.334 115.719 0.446445 0.480869
V -13.897 43.334 115.297 0.450116 0.480840
V -5.897 43.334 115.024 0.453787 0.480810
V 2.103 43.334 113.126 0.457459 0.480780
V 130.103 43.334 100.900 0.516199 0.480305
V 138.103 43.334 98.862 0.519870 0.480276
V 146.103 43.334 98.929 0.523542 0.480246
V 154.103 43.334 99.059 0.527213 0.480216
V 162.103 43.334 99.275 0.530884 0.480186
V 170.103 43.334 99.515 0.534555 0.480157
V 178.103 43.334 99.704 0.538227 0.480127
V 186.103 43.334 99.644 0.541898 0.480097
V 194.103 43.334 99.401 0.545569 0.480067
V 202.103 43.334 99.325 0.549241 0.480038
V 210.103 43.334 99.101 0.552912 0.480008
V 218.103 43.334 98.960 0.556583 0.479978
V 226.103 43.334 98.827 0.560254 0.479948
V 234.103 43.334 98.843 0.563926 0.479919
V 242.103 43.334 98.854 0.567597 0.479889
V 250.103 43.334 98.860 0.571268 0.479859
V 258.103 43.334 98.851 0.574939 0.479829
V 266.103 43.334 98.837 0.578611 0.479800
V 274.103 43.334 98.819 0.582282 0.479770
V 282.103 43.334 98.890 0.585953 0.479740
V 290.103 43.334 98.963 0.589625 0.479710
V 298.103 43.334 99.032 0.593296 0.479680
V 306.103 43.334 99.035 0.596967 0.479651
V 314.103 43.334 99.028 0.600638 0.479621
V 322.103 43.334 99.017 0.604310 0.479591
V 330.103 43.334 98.960 0.607981 0.479561
V 338.103 43.334 98.892 0.611652 0.479531
V -173.897 51.334 166.582 0.376720 0.485119
V -165.897 51.334 162.495 0.380391 0.485089
V -157.897 51.334 158.581 0.384063 0.485060
V -149.897 51.334 154.672 0.387734 0.485030
V -141.897 51.334 150.769 0.391405 0.485000
V -133.897 51.334 147.488 0.395077 0.484971
V -125.897 51.334 144.217 0.398748 0.484941
V -117.897 51.334 140.953 0.402419 0.484912
V -109.897 51.334 137.877 0.406090 0.484882
V -101.897 51.334 134.825 0.409762 0.484852
V -93.897 51.334 131.782 0.413433 0.484823
V -85.897 51.334 128.809 0.417104 0.484793
V -77.897 51.334 125.907 0.420776 0.484764
V -69.897 51.334 122.984 0.424447 0.484734
V -61.897 51.334 120.998 0.428118 0.484704
V -53.897 51.334 119.246 0.431789 0.484675
V -45.897 51.334 117.513 0.435461 0.484645
V -37.897 51.334 116.671 0.439132 0.484615
V -29.897 51.334 116.141 0.442803 0.484586
V -21.897 51.334 115.627 0.446474 0.484556
V -13.897 51.334 115.603 0.450146 0.484526
V -5.897 51.334 115.717 0.453817 0.484497
V 138.103 51.334 98.630 0.519900 0.483962
V 146.103 51.334 98.642 0.523571 0.483933
V 154.103 51.334 98.792 0.527243 0.483903
V 162.103 51.334 99.167 0.530914 0.483873
V 170.103 51.334 99.565 0.534585 0.483843
V 178.103 51.334 99.646 0.538256 0.483814
V 186.103 51.334 99.524 0.541928 0.483784
V 194.103 51.334 99.409 0.545599 0.483754
V 202.103 51.334 99.183 0.549270 0.483724
V 210.103 51.334 99.032 0.552941 0.483695
V 218.103 51.334 98.877 0.556613 0.483665
V 226.103 51.334 98.726 0.560284 0.483635
V 234.103 51.334 98.702 0.563955 0.483605
V 242.103 51.334 98.670 0.567627 0.483576
V 250.103 51.334 98.633 0.571298 0.483546
V 258.103 51.334 98.624 0.574969 0.483516
V 266.103 51.334 98.610 0.578640 0.483486
V 274.103 51.334 98.589 0.582312 0.483456
V 282.103 51.334 98.659 0.585983 0.483427
V 290.103 51.334 98.728 0.589654 0.483397
V 298.103 51.334 98.794 0.593325 0.483367
V 306.103 51.334 98.800 0.596997 0.483337
V 314.103 51.334 98.796 0.600668 0.483308
V 322.103 51.334 98.790 0.604339 0.483278
V 330.103 51.334 98.737 0.608011 0.483248
V 338.103 51.334 98.673 0.611682 0.483218
V -173.897 59.334 165.256 0.376750 0.488806
V -165.897 59.334 161.215 0.380421 0.488776
V -157.897 59.334 157.306 0.384092 0.488746
V -149.897 59.334 153.399 0.387764 0.488717
V -141.897 59.334 149.495 0.391435 0.488687
V -133.897 59.334 146.260 0.395106 0.488658
V -125.897 59.334 143.030 0.398777 0.488628
V -117.897 59.334 139.806 0.402449 0.488598
V -109.897 59.334 136.718 0.406120 0.488569
V -101.897 59.334 133.645 0.409791 0.488539
V -93.897 59.334 130.582 0.413462 0.488510
V -85.897 59.334 127.601 0.417134 0.488480
V -77.897 59.334 124.639 0.420805 0.488450
V -69.897 59.334 121.686 0.424476 0.488421
V -61.897 59.334 119.874 0.428148 0.488391
V -53.897 59.334 118.324 0.431819 0.488361
V -45.897 59.334 116.867 0.435490 0.488332
V -37.897 59.334 116.275 0.439161 0.488302
V -29.897 59.334 116.004 0.442833 0.488272
V -21.897 59.334 115.765 0.446504 0.488243
V -13.897 59.334 116.014 0.450175 0.488213
V -5.897 59.334 116.498 0.453847 0.488184
V 146.103 59.334 98.380 0.523601 0.487619
V 154.103 59.334 98.527 0.527272 0.487590
V 162.103 59.334 99.060 0.530943 0.487560
V 170.103 59.334 99.323 0.534615 0.487530
V 178.103 59.334 99.692 0.538286 0.487500
V 186.103 59.334 99.552 0.541957 0.487471
V 194.103 59.334 99.277 0.545629 0.487441
V 202.103 59.334 99.127 0.549300 0.487411
V 210.103 59.334 98.969 0.552971 0.487381
V 218.103 59.334 98.801 0.556642 0.487352
V 226.103 59.334 98.634 0.560314 0.487322
V 234.103 59.334 98.565 0.563985 0.487292
V 242.103 59.334 98.490 0.567656 0.487262
V 250.103 59.334 98.409 0.571327 0.487233
V 258.103 59.334 98.400 0.574999 0.487203
V 266.103 59.334 98.384 0.578670 0.487173
V 274.103 59.334 98.362 0.582341 0.487143
V 282.103 59.334 98.429 0.586013 0.487113
V 290.103 59.334 98.495 0.589684 0.487084
V 298.103 59.334 98.556 0.593355 0.487054
V 306.103 59.334 98.565 0.597026 0.487024
V 314.103 59.334 98.566 0.600698 0.486994
V 322.103 59.334 98.563 0.604369 0.486964
V 330.103 59.334 98.515 0.608040 0.486935
V 338.103 59.334 98.455 0.611712 0.486905
V -173.897 67.334 163.143 0.376779 0.492492
V -165.897 67.334 159.201 0.380450 0.492463
V -157.897 67.334 155.379 0.384122 0.492433
V -149.897 67.334 151.560 0.387793 0.492404
V -141.897 67.334 147.749 0.391464 0.492374
V -133.897 67.334 144.571 0.395136 0.492344
V -125.897 67.334 141.399 0.398807 0.492315
V -117.897 67.334 138.233 0.402478 0.492285
V -109.897 67.334 135.192 0.406149 0.492256
V -101.897 67.334 132.166 0.409821 0.492226
V -93.897 67.334 129.149 0.413492 0.492196
V -85.897 67.334 126.398 0.417163 0.492167
V -77.897 67.334 123.690 0.420835 0.492137
V -69.897 67.334 120.992 0.424506 0.492107
V -61.897 67.334 119.602 0.428177 0.492078
V -53.897 67.334 118.498 0.431848 0.492048
V -45.897 67.334 117.408 0.435520 0.492019
V -37.897 67.334 116.975 0.439191 0.491989
V -29.897 67.334 116.759 0.442862 0.491959
V -21.897 67.334 116.553 0.446534 0.491930
V -13.897 67.334 116.621 0.450205 0.491900
V 154.103 67.334 98.397 0.527302 0.491276
V 162.103 67.334 98.422 0.530973 0.491247
V 170.103 67.334 98.769 0.534644 0.491217
V 178.103 67.334 98.921 0.538316 0.491187
V 186.103 67.334 98.960 0.541987 0.491157
V 194.103 67.334 98.998 0.545658 0.491128
V 202.103 67.334 99.005 0.549329 0.491098
V 210.103 67.334 98.899 0.553001 0.491068
V 218.103 67.334 98.779 0.556672 0.491038
V 226.103 67.334 98.644 0.560343 0.491009
V 234.103 67.334 98.484 0.564015 0.490979
V 242.103 67.334 98.315 0.567686 0.490949
V 250.103 67.334 98.143 0.571357 0.490919
V 258.103 67.334 98.074 0.575028 0.490890
V 266.103 67.334 98.000 0.578700 0.490860
V 274.103 67.334 97.919 0.582371 0.490830
V 282.103 67.334 97.976 0.586042 0.490800
V 290.103 67.334 98.032 0.589714 0.490770
V 298.103 67.334 98.084 0.593385 0.490741
V 306.103 67.334 98.123 0.597056 0.490711
V 314.103 67.334 98.157 0.600727 0.490681
V 322.103 67.334 98.188 0.604399 0.490651
V 330.103 67.334 98.190 0.608070 0.490621
V 338.103 67.334 98.184 0.611741 0.490592
V -173.897 75.334 161.031 0.376809 0.496179
V -165.897 75.334 157.187 0.380480 0.496149
V -157.897 75.334 153.452 0.384151 0.496120
V -149.897 75.334 149.720 0.387822 0.496090
V -141.897 75.334 146.000 0.391494 0.496061
V -133.897 75.334 142.880 0.395165 0.496031
V -125.897 75.334 139.765 0.398836 0.496002
V -117.897 75.334 136.656 0.402508 0.495972
V -109.897 75.334 133.662 0.406179 0.495942
V -101.897 75.334 130.680 0.409850 0.495913
V -93.897 75.334 127.709 0.413521 0.495883
V -85.897 75.334 125.189 0.417193 0.495853
V -77.897 75.334 122.732 0.420864 0.495824
V -69.897 75.334 120.286 0.424535 0.495794
V -61.897 75.334 119.316 0.428207 0.495765
V -53.897 75.334 118.652 0.431878 0.495735
V -45.897 75.334 118.004 0.435549 0.495705
V -37.897 75.334 117.750 0.439220 0.495676
V -29.897 75.334 117.634 0.442892 0.495646
V -21.897 75.334 117.550 0.446563 0.495616
V -13.897 75.334 117.657 0.450234 0.495587
V 162.103 75.334 97.985 0.531003 0.494933
V 170.103 75.334 98.040 0.534674 0.494904
V 178.103 75.334 98.293 0.538345 0.494874
V 186.103 75.334 98.529 0.542017 0.494844
V 194.103 75.334 98.747 0.545688 0.494814
V 202.103 75.334 98.904 0.549359 0.494785
V 210.103 75.334 98.846 0.553030 0.494755
V 218.103 75.334 98.770 0.556702 0.494725
V 226.103 75.334 98.663 0.560373 0.494695
V 234.103 75.334 98.410 0.564044 0.494666
V 242.103 75.334 98.146 0.567715 0.494636
V 250.103 75.334 97.880 0.571387 0.494606
V 258.103 75.334 97.751 0.575058 0.494576
V 266.103 75.334 97.615 0.578729 0.494547
V 274.103 75.334 97.474 0.582401 0.494517
V 282.103 75.334 97.519 0.586072 0.494487
V 290.103 75.334 97.562 0.589743 0.494457
V 298.103 75.334 97.601 0.593414 0.494427
V 306.103 75.334 97.670 0.597086 0.494398
V 314.103 75.334 97.739 0.600757 0.494368
V 322.103 75.334 97.803 0.604428 0.494338
V 330.103 75.334 97.858 0.608100 0.494308
V 338.103 75.334 97.909 0.611771 0.494278
V -173.897 83.334 158.918 0.376838 0.499866
V -165.897 83.334 155.173 0.380509 0.499836
V -157.897 83.334 151.525 0.384181 0.499807
V -149.897 83.334 147.879 0.387852 0.499777
V -141.897 83.334 144.251 0.391523 0.499747
V -133.897 83.334 141.187 0.395194 0.499718
V -125.897 83.334 138.129 0.398866 0.499688
V -117.897 83.334 135.076 0.402537 0.499659
V -109.897 83.334 132.127 0.406208 0.499629
V -101.897 83.334 129.189 0.409880 0.499599
V -93.897 83.334 126.261 0.413551 0.499570
V -85.897 83.334 123.974 0.417222 0.499540
V -77.897 83.334 121.764 0.420894 0.499511
V -69.897 83.334 119.566 0.424565 0.499481
V -61.897 83.334 119.014 0.428236 0.499451
V -53.897 83.334 118.782 0.431907 0.499422
V -45.897 83.334 118.566 0.435579 0.499392
V -37.897 83.334 118.466 0.439250 0.499362
V -29.897 83.334 118.418 0.442921 0.499333
V -21.897 83.334 118.393 0.446593 0.499303
V -13.897 83.334 118.372 0.450264 0.499273
V 170.103 83.334 97.533 0.534704 0.498590
V 178.103 83.334 97.745 0.538375 0.498561
V 186.103 83.334 98.156 0.542046 0.498531
V 194.103 83.334 98.537 0.545717 0.498501
V 202.103 83.334 98.833 0.549389 0.498471
V 210.103 83.334 98.815 0.553060 0.498442
V 218.103 83.334 98.778 0.556731 0.498412
V 226.103 83.334 98.694 0.560403 0.498382
V 234.103 83.334 98.344 0.564074 0.498352
V 242.103 83.334 100.066 0.567745 0.498323
V 250.103 83.334 99.448 0.571416 0.498293
V 258.103 83.334 99.031 0.575088 0.498263
V 266.103 83.334 98.634 0.578759 0.498233
V 274.103 83.334 98.256 0.582430 0.498204
V 282.103 83.334 98.137 0.586102 0.498174
V 290.103 83.334 98.034 0.589773 0.498144
V 298.103 83.334 97.943 0.593444 0.498114
V 306.103 83.334 97.940 0.597115 0.498084
V 314.103 83.334 97.952 0.600787 0.498055
V 322.103 83.334 97.972 0.604458 0.498025
V 330.103 83.334 98.012 0.608129 0.497995
V 338.103 83.334 98.059 0.611801 0.497965
V -173.897 91.334 156.845 0.376867 0.503553
V -165.897 91.334 153.188 0.380539 0.503523
V -157.897 91.334 149.598 0.384210 0.503493
V -149.897 91.334 146.011 0.387881 0.503464
V -141.897 91.334 142.449 0.391553 0.503434
V -133.897 91.334 139.484 0.395224 0.503405
V -125.897 91.334 136.523 0.398895 0.503375
V -117.897 91.334 133.566 0.402567 0.503345
V -109.897 91.334 130.783 0.406238 0.503316
V -101.897 91.334 128.009 0.409909 0.503286
V -93.897 91.334 125.240 0.413580 0.503257
V -85.897 91.334 123.242 0.417252 0.503227
V -77.897 91.334 121.325 0.420923 0.503197
V -69.897 91.334 119.417 0.424594 0.503168
V -61.897 91.334 119.189 0.428266 0.503138
V -53.897 91.334 119.270 0.431937 0.503108
V -45.897 91.334 119.366 0.435608 0.503079
V -37.897 91.334 119.394 0.439280 0.503049
V -29.897 91.334 119.411 0.442951 0.503020
V -21.897 91.334 119.424 0.446622 0.502990
V -13.897 91.334 118.394 0.450293 0.502960
V -5.897 91.334 118.212 0.453965 0.502931
V 170.103 91.334 104.401 0.534733 0.502277
V 178.103 91.334 103.662 0.538404 0.502247
V 186.103 91.334 103.397 0.542076 0.502218
V 194.103 91.334 103.194 0.545747 0.502188
V 202.103 91.334 102.978 0.549418 0.502158
V 210.103 91.334 102.477 0.553090 0.502128
V 218.103 91.334 102.022 0.556761 0.502099
V 226.103 91.334 101.559 0.560432 0.502069
V 234.103 91.334 100.786 0.564103 0.502039
V 242.103 91.334 100.043 0.567775 0.502009
V 250.103 91.334 99.338 0.571446 0.501980
V 258.103 91.334 98.852 0.575117 0.501950
V 266.103 91.334 98.388 0.578789 0.501920
V 274.103 91.334 97.942 0.582460 0.501890
V 282.103 91.334 97.784 0.586131 0.501860
V 290.103 91.334 97.644 0.589803 0.501831
V 298.103 91.334 97.519 0.593474 0.501801
V 306.103 91.334 97.530 0.597145 0.501771
V 314.103 91.334 97.560 0.600816 0.501741
V 322.103 91.334 97.601 0.604488 0.501712
V 330.103 91.334 97.688 0.608159 0.501682
V 338.103 91.334 97.787 0.611830 0.501652
V -173.897 99.334 154.800 0.376897 0.507239
V -165.897 99.334 151.223 0.380568 0.507210
V -157.897 99.334 147.670 0.384240 0.507180
V -149.897 99.334 144.120 0.387911 0.507151
V -141.897 99.334 140.603 0.391582 0.507121
V -133.897 99.334 137.772 0.395253 0.507091
V -125.897 99.334 134.945 0.398925 0.507062
V -117.897 99.334 132.123 0.402596 0.507032
V -109.897 99.334 129.627 0.406267 0.507003
V -101.897 99.334 127.142 0.409939 0.506973
V -93.897 99.334 124.661 0.413610 0.506943
V -85.897 99.334 123.024 0.417281 0.506914
V -77.897 99.334 121.468 0.420953 0.506884
V -69.897 99.334 119.918 0.424624 0.506854
V -61.897 99.334 119.923 0.428295 0.506825
V -53.897 99.334 120.195 0.431966 0.506795
V -45.897 99.334 120.477 0.435638 0.506766
V -37.897 99.334 120.628 0.439309 0.506736
V -29.897 99.334 120.051 0.442980 0.506706
V -21.897 99.334 120.136 0.446652 0.506677
V -13.897 99.334 119.976 0.450323 0.506647
V -5.897 99.334 119.707 0.453994 0.506617
V 2.103 99.334 119.332 0.457666 0.506588
V 10.103 99.334 118.456 0.461337 0.506558
V 18.103 99.334 117.369 0.465008 0.506528
V 26.103 99.334 115.117 0.468679 0.506499
V 34.103 99.334 114.082 0.472351 0.506469
V 42.103 99.334 112.996 0.476022 0.506439
V 146.103 99.334 109.301 0.523749 0.506053
V 154.103 99.334 106.551 0.527420 0.506023
V 162.103 99.334 106.480 0.531091 0.505994
V 170.103 99.334 105.657 0.534763 0.505964
V 178.103 99.334 104.680 0.538434 0.505934
V 186.103 99.334 104.235 0.542105 0.505904
V 194.103 99.334 103.851 0.545777 0.505875
V 202.103 99.334 103.486 0.549448 0.505845
V 210.103 99.334 102.994 0.553119 0.505815
V 218.103 99.334 102.548 0.556791 0.505785
V 226.103 99.334 102.094 0.560462 0.505756
V 234.103 99.334 101.350 0.564133 0.505726
V 242.103 99.334 100.637 0.567804 0.505696
V 250.103 99.334 99.960 0.571476 0.505666
V 258.103 99.334 99.444 0.575147 0.505637
V 266.103 99.334 98.949 0.578818 0.505607
V 274.103 99.334 98.474 0.582490 0.505577
V 282.103 99.334 98.153 0.586161 0.505547
V 290.103 99.334 97.849 0.589832 0.505517
V 298.103 99.334 97.559 0.593503 0.505488
V 306.103 99.334 97.466 0.597175 0.505458
V 314.103 99.334 97.395 0.600846 0.505428
V 322.103 99.334 97.333 0.604517 0.505398
V 330.103 99.334 97.404 0.608189 0.505368
V 338.103 99.334 97.497 0.611860 0.505339
V -173.897 107.334 152.756 0.376926 0.510926
V -165.897 107.334 149.257 0.380598 0.510897
V -157.897 107.334 145.741 0.384269 0.510867
V -149.897 107.334 142.227 0.387940 0.510837
V -141.897 107.334 138.757 0.391612 0.510808
V -133.897 107.334 136.060 0.395283 0.510778
V -125.897 107.334 133.367 0.398954 0.510749
V -117.897 107.334 130.678 0.402626 0.510719
V -109.897 107.334 128.471 0.406297 0.510689
V -101.897 107.334 126.274 0.409968 0.510660
V -93.897 107.334 124.080 0.413639 0.510630
V -85.897 107.334 122.805 0.417311 0.510601
V -77.897 107.334 121.606 0.420982 0.510571
V -69.897 107.334 120.412 0.424653 0.510541
V -61.897 107.334 120.646 0.428325 0.510512
V -53.897 107.334 121.107 0.431996 0.510482
V -45.897 107.334 121.046 0.435667 0.510452
V -37.897 107.334 121.285 0.439339 0.510423
V -29.897 107.334 121.483 0.443010 0.510393
V -21.897 107.334 121.683 0.446681 0.510363
V -13.897 107.334 121.505 0.450352 0.510334
V -5.897 107.334 121.168 0.454024 0.510304
V 2.103 107.334 120.767 0.457695 0.510274
V 10.103 107.334 119.812 0.461366 0.510245
V 18.103 107.334 118.597 0.465038 0.510215
V 26.103 107.334 116.261 0.468709 0.510185
V 34.103 107.334 115.206 0.472380 0.510156
V 42.103 107.334 114.196 0.476052 0.510126
V 50.103 107.334 113.186 0.479723 0.510096
V 58.103 107.334 112.819 0.483394 0.510067
V 66.103 107.334 112.954 0.487065 0.510037
V 74.103 107.334 113.089 0.490737 0.510007
V 82.103 107.334 113.012 0.494408 0.509978
V 90.103 107.334 116.003 0.498079 0.509948
V 98.103 107.334 116.133 0.501751 0.509918
V 106.103 107.334 115.791 0.505422 0.509889
V 114.103 107.334 114.640 0.509093 0.509859
V 122.103 107.334 112.938 0.512765 0.509829
V 130.103 107.334 114.203 0.516436 0.509799
V 138.103 107.334 112.838 0.520107 0.509770
V 146.103 107.334 110.907 0.523778 0.509740
V 154.103 107.334 107.978 0.527450 0.509710
V 162.103 107.334 107.379 0.531121 0.509680
V 170.103 107.334 106.434 0.534792 0.509651
V 178.103 107.334 105.425 0.538464 0.509621
V 186.103 107.334 104.902 0.542135 0.509591
V 194.103 107.334 104.393 0.545806 0.509561
V 202.103 107.334 103.915 0.549478 0.509532
V 210.103 107.334 103.454 0.553149 0.509502
V 218.103 107.334 103.030 0.556820 0.509472
V 226.103 107.334 102.595 0.560491 0.509442
V 234.103 107.334 101.889 0.564163 0.509413
V 242.103 107.334 101.211 0.567834 0.509383
V 250.103 107.334 100.565 0.571505 0.509353
V 258.103 107.334 100.022 0.575177 0.509323
V 266.103 107.334 99.500 0.578848 0.509294
V 274.103 107.334 98.996 0.582519 0.509264
V 282.103 107.334 98.512 0.586191 0.509234
V 290.103 107.334 98.045 0.589862 0.509204
V 298.103 107.334 97.591 0.593533 0.509174
V 306.103 107.334 97.396 0.597204 0.509145
V 314.103 107.334 97.224 0.600876 0.509115
V 322.103 107.334 97.062 0.604547 0.509085
V 330.103 107.334 97.118 0.608218 0.509055
V 338.103 107.334 97.205 0.611890 0.509025
V -173.897 115.334 150.712 0.376956 0.514613
V -165.897 115.334 147.291 0.380627 0.514583
V -157.897 115.334 143.811 0.384298 0.514554
V -149.897 115.334 140.334 0.387970 0.514524
V -141.897 115.334 136.911 0.391641 0.514495
V -133.897 115.334 134.348 0.395312 0.514465
V -125.897 115.334 131.788 0.398984 0.514435
V -117.897 115.334 129.231 0.402655 0.514406
V -109.897 115.334 127.316 0.406326 0.514376
V -101.897 115.334 125.406 0.409998 0.514347
V -93.897 115.334 123.499 0.413669 0.514317
V -85.897 115.334 122.585 0.417340 0.514287
V -77.897 115.334 121.744 0.421012 0.514258
V -69.897 115.334 120.904 0.424683 0.514228
V -61.897 115.334 120.969 0.428354 0.514198
V -53.897 115.334 121.585 0.432025 0.514169
V -45.897 115.334 122.204 0.435697 0.514139
V -37.897 115.334 122.579 0.439368 0.514109
V -29.897 115.334 122.899 0.443039 0.514080
V -21.897 115.334 123.214 0.446711 0.514050
V -13.897 115.334 123.023 0.450382 0.514021
V -5.897 115.334 122.643 0.454053 0.513991
V 2.103 115.334 122.220 0.457725 0.513961
V 10.103 115.334 121.159 0.461396 0.513932
V 18.103 115.334 119.804 0.465067 0.513902
V 26.103 115.334 117.407 0.468739 0.513872
V 34.103 115.334 116.339 0.472410 0.513843
V 42.103 115.334 115.404 0.476081 0.513813
V 50.103 115.334 114.473 0.479752 0.513783
V 58.103 115.334 114.248 0.483424 0.513753
V 66.103 115.334 114.558 0.487095 0.513724
V 74.103 115.334 114.869 0.490766 0.513694
V 82.103 115.334 114.813 0.494438 0.513664
V 90.103 115.334 117.519 0.498109 0.513635
V 98.103 115.334 117.442 0.501780 0.513605
V 106.103 115.334 116.918 0.505452 0.513575
V 114.103 115.334 115.729 0.509123 0.513546
V 122.103 115.334 114.279 0.512794 0.513516
V 130.103 115.334 115.212 0.516465 0.513486
V 138.103 115.334 113.885 0.520137 0.513456
V 146.103 115.334 112.230 0.523808 0.513427
V 154.103 115.334 109.309 0.527479 0.513397
V 162.103 115.334 108.337 0.531151 0.513367
V 170.103 115.334 107.169 0.534822 0.513337
V 178.103 115.334 106.054 0.538493 0.513308
V 186.103 115.334 105.462 0.542165 0.513278
V 194.103 115.334 104.849 0.545836 0.513248
V 202.103 115.334 104.280 0.549507 0.513219
V 210.103 115.334 103.864 0.553179 0.513189
V 218.103 115.334 103.474 0.556850 0.513159
V 226.103 115.334 103.066 0.560521 0.513129
V 234.103 115.334 102.404 0.564192 0.513099
V 242.103 115.334 101.767 0.567864 0.513070
V 250.103 115.334 101.154 0.571535 0.513040
V 258.103 115.334 100.588 0.575206 0.513010
V 266.103 115.334 100.041 0.578878 0.512980
V 274.103 115.334 99.507 0.582549 0.512951
V 282.103 115.334 98.862 0.586220 0.512921
V 290.103 115.334 98.232 0.589892 0.512891
V 298.103 115.334 97.617 0.593563 0.512861
V 306.103 115.334 97.321 0.597234 0.512831
V 314.103 115.334 97.049 0.600905 0.512802
V 322.103 115.334 96.786 0.604577 0.512772
V 330.103 115.334 96.829 0.608248 0.512742
V 338.103 115.334 96.911 0.611919 0.512712
V -173.897 123.334 148.386 0.376985 0.518300
V -165.897 123.334 145.001 0.380657 0.518270
V -157.897 123.334 141.654 0.384328 0.518241
V -149.897 123.334 138.308 0.387999 0.518211
V -141.897 123.334 135.034 0.391671 0.518181
V -133.897 123.334 132.795 0.395342 0.518152
V -125.897 123.334 130.555 0.399013 0.518122
V -117.897 123.334 128.315 0.402685 0.518093
V -109.897 123.334 126.821 0.406356 0.518063
V -101.897 123.334 125.325 0.410027 0.518033
V -93.897 123.334 123.826 0.413698 0.518004
V -85.897 123.334 123.295 0.417370 0.517974
V -77.897 123.334 122.529 0.421041 0.517944
V -69.897 123.334 122.028 0.424712 0.517915
V -61.897 123.334 122.577 0.428384 0.517885
V -53.897 123.334 123.272 0.432055 0.517856
V -45.897 123.334 123.970 0.435726 0.517826
V -37.897 123.334 124.390 0.439398 0.517796
V -29.897 123.334 124.748 0.443069 0.517767
V -21.897 123.334 125.100 0.446740 0.517737
V -13.897 123.334 124.883 0.450412 0.517707
V -5.897 123.334 124.468 0.454083 0.517678
V 2.103 123.334 124.023 0.457754 0.517648
V 10.103 123.334 122.911 0.461425 0.517618
V 18.103 123.334 121.500 0.465097 0.517589
V 26.103 123.334 119.138 0.468768 0.517559
V 34.103 123.334 118.056 0.472439 0.517529
V 42.103 123.334 117.141 0.476111 0.517500
V 50.103 123.334 116.231 0.479782 0.517470
V 58.103 123.334 116.103 0.483453 0.517440
V 66.103 123.334 116.547 0.487125 0.517411
V 74.103 123.334 116.994 0.490796 0.517381
V 82.103 123.334 116.984 0.494467 0.517351
V 90.103 123.334 119.419 0.498139 0.517321
V 98.103 123.334 119.224 0.501810 0.517292
V 106.103 123.334 118.602 0.505481 0.517262
V 114.103 123.334 117.426 0.509152 0.517232
V 122.103 123.334 116.097 0.512824 0.517203
V 130.103 123.334 116.756 0.516495 0.517173
V 138.103 123.334 115.417 0.520166 0.517143
V 146.103 123.334 113.871 0.523838 0.517113
V 154.103 123.334 111.000 0.527509 0.517084
V 162.103 123.334 109.714 0.531180 0.517054
V 170.103 123.334 108.303 0.534852 0.517024
V 178.103 123.334 106.996 0.538523 0.516995
V 186.103 123.334 106.194 0.542194 0.516965
V 194.103 123.334 105.362 0.545866 0.516935
V 202.103 123.334 104.612 0.549537 0.516905
V 210.103 123.334 104.176 0.553208 0.516876
V 218.103 123.334 103.761 0.556879 0.516846
V 226.103 123.334 103.332 0.560551 0.516816
V 234.103 123.334 102.716 0.564222 0.516786
V 242.103 123.334 102.121 0.567893 0.516756
V 250.103 123.334 101.546 0.571565 0.516727
V 258.103 123.334 100.992 0.575236 0.516697
V 266.103 123.334 100.453 0.578907 0.516667
V 274.103 123.334 99.922 0.582579 0.516637
V 282.103 123.334 99.172 0.586250 0.516608
V 290.103 123.334 98.434 0.589921 0.516578
V 298.103 123.334 97.706 0.593593 0.516548
V 306.103 123.334 97.308 0.597264 0.516518
V 314.103 123.334 96.931 0.600935 0.516488
V 322.103 123.334 96.563 0.604606 0.516459
V 330.103 123.334 96.570 0.608278 0.516429
V 338.103 123.334 96.623 0.611949 0.516399
V -173.897 131.334 145.949 0.377015 0.521987
V -165.897 131.334 142.581 0.380686 0.521957
V -157.897 131.334 139.403 0.384357 0.521927
V -149.897 131.334 136.225 0.388029 0.521898
V -141.897 131.334 133.146 0.391700 0.521868
V -133.897 131.334 131.322 0.395371 0.521839
V -125.897 131.334 129.495 0.399043 0.521809
V -117.897 131.334 127.675 0.402714 0.521779
V -109.897 131.334 126.677 0.406385 0.521750
V -101.897 131.334 125.675 0.410057 0.521720
V -93.897 131.334 124.671 0.413728 0.521690
V -85.897 131.334 124.310 0.417399 0.521661
V -77.897 131.334 124.211 0.421071 0.521631
V -69.897 131.334 124.110 0.424742 0.521602
V -61.897 131.334 124.730 0.428413 0.521572
V -53.897 131.334 125.443 0.432085 0.521542
V -45.897 131.334 126.159 0.435756 0.521513
V -37.897 131.334 126.572 0.439427 0.521483
V -29.897 131.334 126.921 0.443098 0.521453
V -21.897 131.334 127.263 0.446770 0.521424
V -13.897 131.334 127.017 0.450441 0.521394
V -5.897 131.334 126.580 0.454112 0.521364
V 2.103 131.334 126.122 0.457784 0.521335
V 10.103 131.334 125.021 0.461455 0.521305
V 18.103 131.334 123.645 0.465126 0.521275
V 26.103 131.334 121.413 0.468798 0.521246
V 34.103 131.334 120.331 0.472469 0.521216
V 42.103 131.334 119.398 0.476140 0.521186
V 50.103 131.334 118.468 0.479812 0.521157
V 58.103 131.334 118.404 0.483483 0.521127
V 66.103 131.334 118.953 0.487154 0.521097
V 74.103 131.334 119.503 0.490825 0.521068
V 82.103 131.334 119.583 0.494497 0.521038
V 90.103 131.334 121.845 0.498168 0.521008
V 98.103 131.334 121.678 0.501839 0.520979
V 106.103 131.334 121.059 0.505511 0.520949
V 114.103 131.334 119.897 0.509182 0.520919
V 122.103 131.334 118.634 0.512853 0.520889
V 130.103 131.334 119.038 0.516525 0.520860
V 138.103 131.334 117.642 0.520196 0.520830
V 146.103 131.334 116.105 0.523867 0.520800
V 154.103 131.334 113.274 0.527539 0.520771
V 162.103 131.334 111.724 0.531210 0.520741
V 170.103 131.334 110.090 0.534881 0.520711
V 178.103 131.334 108.530 0.538553 0.520681
V 186.103 131.334 107.306 0.542224 0.520652
V 194.103 131.334 106.051 0.545895 0.520622
V 202.103 131.334 104.936 0.549566 0.520592
V 210.103 131.334 104.342 0.553238 0.520562
V 218.103 131.334 103.760 0.556909 0.520533
V 226.103 131.334 103.188 0.560580 0.520503
V 234.103 131.334 102.602 0.564252 0.520473
V 242.103 131.334 102.031 0.567923 0.520443
V 250.103 131.334 101.484 0.571594 0.520413
V 258.103 131.334 101.010 0.575266 0.520384
V 266.103 131.334 100.550 0.578937 0.520354
V 274.103 131.334 100.092 0.582608 0.520324
V 282.103 131.334 99.388 0.586280 0.520294
V 290.103 131.334 98.694 0.589951 0.520265
V 298.103 131.334 98.009 0.593622 0.520235
V 306.103 131.334 97.505 0.597293 0.520205
V 314.103 131.334 97.015 0.600965 0.520175
V 322.103 131.334 96.534 0.604636 0.520145
V 330.103 131.334 96.428 0.608307 0.520116
V 338.103 131.334 96.364 0.611979 0.520086
V -173.897 139.334 143.512 0.377044 0.525673
V -165.897 139.334 140.162 0.380716 0.525644
V -157.897 139.334 137.154 0.384387 0.525614
V -149.897 139.334 134.145 0.388058 0.525585
V -141.897 139.334 131.265 0.391730 0.525555
V -133.897 139.334 129.854 0.395401 0.525525
V -125.897 139.334 128.441 0.399072 0.525496
V -117.897 139.334 127.042 0.402743 0.525466
V -109.897 139.334 126.539 0.406415 0.525437
V -101.897 139.334 125.853 0.410086 0.525407
V -93.897 139.334 125.324 0.413757 0.525377
V -85.897 139.334 125.595 0.417429 0.525348
V -77.897 139.334 125.897 0.421100 0.525318
V -69.897 139.334 126.196 0.424771 0.525288
V -61.897 139.334 126.882 0.428443 0.525259
V -53.897 139.334 127.614 0.432114 0.525229
V -45.897 139.334 128.347 0.435785 0.525199
V -37.897 139.334 128.755 0.439457 0.525170
V -29.897 139.334 129.097 0.443128 0.525140
V -21.897 139.334 129.434 0.446799 0.525111
V -13.897 139.334 129.163 0.450471 0.525081
V -5.897 139.334 128.707 0.454142 0.525051
V 2.103 139.334 128.235 0.457813 0.525022
V 10.103 139.334 127.144 0.461485 0.524992
V 18.103 139.334 125.798 0.465156 0.524962
V 26.103 139.334 123.689 0.468827 0.524933
V 34.103 139.334 122.606 0.472498 0.524903
V 42.103 139.334 121.653 0.476170 0.524873
V 50.103 139.334 120.703 0.479841 0.524844
V 58.103 139.334 120.705 0.483512 0.524814
V 66.103 139.334 121.359 0.487184 0.524784
V 74.103 139.334 122.014 0.490855 0.524754
V 82.103 139.334 122.185 0.494526 0.524725
V 90.103 139.334 124.271 0.498198 0.524695
V 98.103 139.334 124.151 0.501869 0.524665
V 106.103 139.334 123.556 0.505540 0.524636
V 114.103 139.334 122.419 0.509212 0.524606
V 122.103 139.334 121.212 0.512883 0.524576
V 130.103 139.334 121.395 0.516554 0.524546
V 138.103 139.334 119.941 0.520226 0.524517
V 146.103 139.334 118.387 0.523897 0.524487
V 154.103 139.334 116.610 0.527568 0.524457
V 162.103 139.334 113.785 0.531240 0.524428
V 170.103 139.334 111.923 0.534911 0.524398
V 178.103 139.334 110.090 0.538582 0.524368
V 186.103 139.334 108.425 0.542253 0.524338
V 194.103 139.334 106.735 0.545925 0.524309
V 202.103 139.334 105.251 0.549596 0.524279
V 210.103 139.334 104.495 0.553267 0.524249
V 218.103 139.334 103.744 0.556939 0.524219
V 226.103 139.334 103.034 0.560610 0.524190
V 234.103 139.334 102.477 0.564281 0.524160
V 242.103 139.334 101.933 0.567953 0.524130
V 250.103 139.334 101.415 0.571624 0.524100
V 258.103 139.334 101.023 0.575295 0.524070
V 266.103 139.334 100.642 0.578967 0.524041
V 274.103 139.334 100.258 0.582638 0.524011
V 282.103 139.334 99.600 0.586309 0.523981
V 290.103 139.334 98.950 0.589981 0.523951
V 298.103 139.334 98.309 0.593652 0.523922
V 306.103 139.334 97.697 0.597323 0.523892
V 314.103 139.334 97.095 0.600994 0.523862
V 322.103 139.334 96.501 0.604666 0.523832
V 330.103 139.334 96.283 0.608337 0.523802
V 338.103 139.334 96.102 0.612008 0.523773
V -173.897 147.334 141.074 0.377074 0.529360
V -165.897 147.334 137.747 0.380745 0.529331
V -157.897 147.334 134.907 0.384416 0.529301
V -149.897 147.334 132.066 0.388088 0.529271
V -141.897 147.334 129.389 0.391759 0.529242
V -133.897 147.334 128.392 0.395430 0.529212
V -125.897 147.334 127.392 0.399102 0.529183
V -117.897 147.334 126.282 0.402773 0.529153
V -109.897 147.334 126.261 0.406444 0.529123
V -101.897 147.334 126.235 0.410116 0.529094
V -93.897 147.334 126.203 0.413787 0.529064
V -85.897 147.334 126.885 0.417458 0.529034
V -77.897 147.334 127.588 0.421130 0.529005
V -69.897 147.334 128.287 0.424801 0.528975
V -61.897 147.334 129.033 0.428472 0.528946
V -53.897 147.334 129.785 0.432144 0.528916
V -45.897 147.334 130.536 0.435815 0.528886
V -37.897 147.334 130.941 0.439486 0.528857
V -29.897 147.334 131.280 0.443157 0.528827
V -21.897 147.334 131.612 0.446829 0.528797
V -13.897 147.334 131.319 0.450500 0.528768
V -5.897 147.334 130.846 0.454171 0.528738
V 2.103 147.334 130.361 0.457843 0.528708
V 10.103 147.334 129.278 0.461514 0.528679
V 18.103 147.334 127.268 0.465185 0.528649
V 26.103 147.334 125.964 0.468857 0.528619
V 34.103 147.334 124.879 0.472528 0.528590
V 42.103 147.334 123.906 0.476199 0.528560
V 50.103 147.334 122.935 0.479871 0.528530
V 58.103 147.334 123.006 0.483542 0.528501
V 66.103 147.334 123.765 0.487213 0.528471
V 74.103 147.334 124.525 0.490885 0.528441
V 82.103 147.334 124.788 0.494556 0.528412
V 90.103 147.334 126.712 0.498227 0.528382
V 98.103 147.334 126.653 0.501899 0.528352
V 106.103 147.334 126.094 0.505570 0.528322
V 114.103 147.334 124.987 0.509241 0.528293
V 122.103 147.334 123.828 0.512913 0.528263
V 130.103 147.334 123.821 0.516584 0.528233
V 138.103 147.334 122.308 0.520255 0.528204
V 146.103 147.334 120.722 0.523927 0.528174
V 154.103 147.334 118.866 0.527598 0.528144
V 162.103 147.334 115.889 0.531269 0.528114
V 170.103 147.334 113.797 0.534940 0.528085
V 178.103 147.334 111.678 0.538612 0.528055
V 186.103 147.334 109.561 0.542283 0.528025
V 194.103 147.334 107.424 0.545954 0.527995
V 202.103 147.334 105.567 0.549626 0.527966
V 210.103 147.334 104.643 0.553297 0.527936
V 218.103 147.334 103.722 0.556968 0.527906
V 226.103 147.334 102.874 0.560640 0.527876
V 234.103 147.334 102.346 0.564311 0.527847
V 242.103 147.334 101.828 0.567982 0.527817
V 250.103 147.334 101.342 0.571654 0.527787
V 258.103 147.334 101.031 0.575325 0.527757
V 266.103 147.334 100.731 0.578996 0.527728
V 274.103 147.334 100.421 0.582668 0.527698
V 282.103 147.334 99.808 0.586339 0.527668
V 290.103 147.334 99.204 0.590010 0.527638
V 298.103 147.334 98.607 0.593682 0.527608
V 306.103 147.334 97.885 0.597353 0.527579
V 314.103 147.334 97.171 0.601024 0.527549
V 322.103 147.334 96.465 0.604695 0.527519
V 330.103 147.334 96.134 0.608367 0.527489
V 338.103 147.334 95.837 0.612038 0.527459
V -173.897 155.334 139.322 0.377103 0.533047
V -165.897 155.334 136.381 0.380775 0.533017
V -157.897 155.334 134.104 0.384446 0.532988
V -149.897 155.334 131.820 0.388117 0.532958
V -141.897 155.334 129.691 0.391788 0.532929
V -133.897 155.334 128.984 0.395460 0.532899
V -125.897 155.334 128.362 0.399131 0.532869
V -117.897 155.334 127.766 0.402802 0.532840
V -109.897 155.334 128.011 0.406474 0.532810
V -101.897 155.334 128.255 0.410145 0.532780
V -93.897 155.334 128.497 0.413816 0.532751
V -85.897 155.334 129.385 0.417488 0.532721
V -77.897 155.334 130.289 0.421159 0.532692
V -69.897 155.334 131.193 0.424830 0.532662
V -61.897 155.334 131.959 0.428502 0.532632
V -53.897 155.334 132.712 0.432173 0.532603
V -45.897 155.334 133.465 0.435844 0.532573
V -37.897 155.334 133.820 0.439516 0.532543
V -29.897 155.334 134.103 0.443187 0.532514
V -21.897 155.334 134.383 0.446858 0.532484
V -13.897 155.334 134.045 0.450530 0.532454
V -5.897 155.334 133.538 0.454201 0.532425
V 2.103 155.334 133.023 0.457872 0.532395
V 10.103 155.334 131.907 0.461544 0.532365
V 18.103 155.334 129.956 0.465215 0.532336
V 26.103 155.334 128.628 0.468886 0.532306
V 34.103 155.334 127.567 0.472558 0.532276
V 42.103 155.334 126.638 0.476229 0.532247
V 50.103 155.334 125.708 0.479900 0.532217
V 58.103 155.334 125.852 0.483572 0.532187
V 66.103 155.334 126.683 0.487243 0.532158
V 74.103 155.334 127.515 0.490914 0.532128
V 82.103 155.334 129.590 0.494586 0.532098
V 90.103 155.334 129.601 0.498257 0.532069
V 98.103 155.334 129.590 0.501928 0.532039
V 106.103 155.334 129.008 0.505600 0.532009
V 114.103 155.334 127.825 0.509271 0.531980
V 122.103 155.334 126.607 0.512942 0.531950
V 130.103 155.334 126.320 0.516613 0.531920
V 138.103 155.334 124.631 0.520285 0.531890
V 146.103 155.334 122.890 0.523956 0.531861
V 154.103 155.334 120.867 0.527627 0.531831
V 162.103 155.334 117.738 0.531299 0.531801
V 170.103 155.334 115.411 0.534970 0.531771
V 178.103 155.334 113.052 0.538641 0.531742
V 186.103 155.334 110.661 0.542313 0.531712
V 194.103 155.334 108.249 0.545984 0.531682
V 202.103 155.334 106.149 0.549655 0.531652
V 210.103 155.334 105.056 0.553327 0.531623
V 218.103 155.334 103.962 0.556998 0.531593
V 226.103 155.334 102.962 0.560669 0.531563
V 234.103 155.334 102.373 0.564341 0.531533
V 242.103 155.334 101.792 0.568012 0.531504
V 250.103 155.334 101.256 0.571683 0.531474
V 258.103 155.334 100.965 0.575355 0.531444
V 266.103 155.334 100.685 0.579026 0.531414
V 274.103 155.334 100.395 0.582697 0.531385
V 282.103 155.334 99.831 0.586369 0.531355
V 290.103 155.334 99.274 0.590040 0.531325
V 298.103 155.334 98.723 0.593711 0.531295
V 306.103 155.334 97.982 0.597383 0.531265
V 314.103 155.334 97.245 0.601054 0.531236
V 322.103 155.334 96.511 0.604725 0.531206
V 330.103 155.334 96.122 0.608396 0.531176
V 338.103 155.334 95.758 0.612068 0.531146
V -173.897 163.334 137.682 0.377133 0.536734
V -165.897 163.334 135.198 0.380804 0.536704
V -157.897 163.334 133.567 0.384475 0.536675
V -149.897 163.334 131.854 0.388147 0.536645
V -141.897 163.334 130.350 0.391818 0.536615
V -133.897 163.334 130.144 0.395489 0.536586
V -125.897 163.334 129.932 0.399161 0.536556
V -117.897 163.334 129.747 0.402832 0.536527
V -109.897 163.334 130.226 0.406503 0.536497
V -101.897 163.334 130.704 0.410175 0.536467
V -93.897 163.334 131.179 0.413846 0.536438
V -85.897 163.334 132.232 0.417517 0.536408
V -77.897 163.334 133.294 0.421189 0.536378
V -69.897 163.334 134.355 0.424860 0.536349
V -61.897 163.334 135.139 0.428531 0.536319
V -53.897 163.334 135.900 0.432203 0.536290
V -45.897 163.334 136.660 0.435874 0.536260
V -37.897 163.334 136.958 0.439545 0.536230
V -29.897 163.334 137.179 0.443217 0.536201
V -21.897 163.334 137.397 0.446888 0.536171
V -13.897 163.334 137.013 0.450559 0.536141
V -5.897 163.334 136.475 0.454231 0.536112
V 2.103 163.334 135.930 0.457902 0.536082
V 10.103 163.334 134.772 0.461573 0.536052
V 18.103 163.334 132.855 0.465245 0.536023
V 26.103 163.334 131.486 0.468916 0.535993
V 34.103 163.334 130.474 0.472587 0.535963
V 42.103 163.334 129.630 0.476258 0.535934
V 50.103 163.334 128.785 0.479930 0.535904
V 58.103 163.334 129.015 0.483601 0.535874
V 66.103 163.334 129.909 0.487272 0.535845
V 74.103 163.334 130.804 0.490944 0.535815
V 82.103 163.334 132.743 0.494615 0.535785
V 90.103 163.334 132.798 0.498286 0.535755
V 98.103 163.334 132.834 0.501958 0.535726
V 106.103 163.334 132.194 0.505629 0.535696
V 114.103 163.334 130.866 0.509300 0.535666
V 122.103 163.334 129.511 0.512972 0.535637
V 130.103 163.334 127.858 0.516643 0.535607
V 138.103 163.334 126.919 0.520314 0.535577
V 146.103 163.334 124.919 0.523986 0.535547
V 154.103 163.334 122.651 0.527657 0.535518
V 162.103 163.334 119.356 0.531328 0.535488
V 170.103 163.334 116.783 0.535000 0.535458
V 178.103 163.334 114.226 0.538671 0.535428
V 186.103 163.334 111.731 0.542342 0.535399
V 194.103 163.334 109.218 0.546014 0.535369
V 202.103 163.334 107.015 0.549685 0.535339
V 210.103 163.334 105.759 0.553356 0.535309
V 218.103 163.334 104.501 0.557028 0.535280
V 226.103 163.334 103.341 0.560699 0.535250
V 234.103 163.334 102.589 0.564370 0.535220
V 242.103 163.334 101.843 0.568042 0.535190
V 250.103 163.334 101.155 0.571713 0.535161
V 258.103 163.334 100.802 0.575384 0.535131
V 266.103 163.334 100.456 0.579056 0.535101
V 274.103 163.334 100.105 0.582727 0.535071
V 282.103 163.334 99.583 0.586398 0.535042
V 290.103 163.334 99.067 0.590070 0.535012
V 298.103 163.334 98.556 0.593741 0.534982
V 306.103 163.334 97.936 0.597412 0.534952
V 314.103 163.334 97.319 0.601084 0.534922
V 322.103 163.334 96.705 0.604755 0.534893
V 330.103 163.334 96.359 0.608426 0.534863
V 338.103 163.334 96.031 0.612097 0.534833
V -173.897 171.334 136.048 0.377162 0.540421
V -165.897 171.334 133.971 0.380833 0.540391
V -157.897 171.334 132.979 0.384505 0.540361
V -149.897 171.334 131.978 0.388176 0.540332
V -141.897 171.334 131.105 0.391847 0.540302
V -133.897 171.334 131.310 0.395519 0.540273
V -125.897 171.334 131.510 0.399190 0.540243
V -117.897 171.334 131.731 0.402861 0.540213
V -109.897 171.334 132.445 0.406533 0.540184
V -101.897 171.334 133.157 0.410204 0.540154
V -93.897 171.334 133.866 0.413875 0.540124
V -85.897 171.334 135.083 0.417547 0.540095
V -77.897 171.334 136.303 0.421218 0.540065
V -69.897 171.334 137.522 0.424889 0.540036
V -61.897 171.334 138.322 0.428561 0.540006
V -53.897 171.334 139.091 0.432232 0.539976
V -45.897 171.334 139.859 0.435903 0.539947
V -37.897 171.334 140.100 0.439575 0.539917
V -29.897 171.334 140.260 0.443246 0.539887
V -21.897 171.334 140.417 0.446917 0.539858
V -13.897 171.334 139.990 0.450589 0.539828
V -5.897 171.334 139.420 0.454260 0.539798
V 2.103 171.334 138.846 0.457931 0.539769
V 10.103 171.334 137.644 0.461603 0.539739
V 18.103 171.334 135.753 0.465274 0.539709
V 26.103 171.334 134.343 0.468945 0.539680
V 34.103 171.334 133.381 0.472617 0.539650
V 42.103 171.334 132.622 0.476288 0.539620
V 50.103 171.334 131.862 0.479959 0.539591
V 58.103 171.334 132.177 0.483631 0.539561
V 66.103 171.334 133.135 0.487302 0.539531
V 74.103 171.334 134.093 0.490973 0.539502
V 82.103 171.334 135.912 0.494645 0.539472
V 90.103 171.334 136.017 0.498316 0.539442
V 98.103 171.334 136.106 0.501987 0.539413
V 106.103 171.334 135.407 0.505659 0.539383
V 114.103 171.334 133.934 0.509330 0.539353
V 122.103 171.334 132.442 0.513001 0.539323
V 130.103 171.334 130.594 0.516673 0.539294
V 138.103 171.334 129.249 0.520344 0.539264
V 146.103 171.334 126.986 0.524015 0.539234
V 154.103 171.334 124.467 0.527687 0.539204
V 162.103 171.334 121.003 0.531358 0.539175
V 170.103 171.334 118.183 0.535029 0.539145
V 178.103 171.334 115.426 0.538701 0.539115
V 186.103 171.334 112.823 0.542372 0.539086
V 194.103 171.334 110.206 0.546043 0.539056
V 202.103 171.334 107.894 0.549715 0.539026
V 210.103 171.334 106.471 0.553386 0.538996
V 218.103 171.334 105.046 0.557057 0.538967
V 226.103 171.334 103.722 0.560729 0.538937
V 234.103 171.334 102.805 0.564400 0.538907
V 242.103 171.334 101.893 0.568071 0.538877
V 250.103 171.334 101.055 0.571743 0.538847
V 258.103 171.334 100.637 0.575414 0.538818
V 266.103 171.334 100.226 0.579085 0.538788
V 274.103 171.334 99.815 0.582757 0.538758
V 282.103 171.334 99.335 0.586428 0.538728
V 290.103 171.334 98.860 0.590099 0.538699
V 298.103 171.334 98.390 0.593771 0.538669
V 306.103 171.334 97.891 0.597442 0.538639
V 314.103 171.334 97.394 0.601113 0.538609
V 322.103 171.334 96.901 0.604785 0.538579
V 330.103 171.334 96.597 0.608456 0.538550
V 338.103 171.334 96.304 0.612127 0.538520
V -173.897 179.334 134.411 0.377192 0.544107
V -165.897 179.334 132.824 0.380863 0.544078
V -157.897 179.334 132.468 0.384534 0.544048
V -149.897 179.334 132.113 0.388206 0.544019
V -141.897 179.334 131.867 0.391877 0.543989
V -133.897 179.334 132.483 0.395548 0.543959
V -125.897 179.334 133.094 0.399220 0.543930
V -117.897 179.334 133.720 0.402891 0.543900
V -109.897 179.334 134.668 0.406562 0.543871
V -101.897 179.334 135.614 0.410234 0.543841
V -93.897 179.334 136.557 0.413905 0.543811
V -85.897 179.334 137.937 0.417576 0.543782
V -77.897 179.334 139.316 0.421248 0.543752
V -69.897 179.334 140.693 0.424919 0.543722
V -61.897 179.334 141.508 0.428590 0.543693
V -53.897 179.334 142.286 0.432262 0.543663
V -45.897 179.334 143.063 0.435933 0.543633
V -37.897 179.334 143.246 0.439604 0.543604
V -29.897 179.334 143.345 0.443276 0.543574
V -21.897 179.334 143.442 0.446947 0.543545
V -13.897 179.334 142.973 0.450618 0.543515
V -5.897 179.334 142.373 0.454290 0.543485
V 2.103 179.334 141.769 0.457961 0.543456
V 10.103 179.334 140.522 0.461632 0.543426
V 18.103 179.334 138.649 0.465304 0.543396
V 26.103 179.334 137.198 0.468975 0.543367
V 34.103 179.334 136.288 0.472646 0.543337
V 42.103 179.334 135.614 0.476318 0.543307
V 50.103 179.334 134.940 0.479989 0.543278
V 58.103 179.334 135.340 0.483660 0.543248
V 66.103 179.334 136.361 0.487332 0.543218
V 74.103 179.334 137.382 0.491003 0.543188
V 82.103 179.334 139.099 0.494674 0.543159
V 90.103 179.334 139.257 0.498346 0.543129
V 98.103 179.334 139.401 0.502017 0.543099
V 106.103 179.334 138.644 0.505688 0.543070
V 114.103 179.334 137.027 0.509360 0.543040
V 122.103 179.334 135.395 0.513031 0.543010
V 130.103 179.334 133.348 0.516702 0.542980
V 138.103 179.334 131.616 0.520374 0.542951
V 146.103 179.334 129.088 0.524045 0.542921
V 154.103 179.334 126.314 0.527716 0.542891
V 162.103 179.334 122.673 0.531388 0.542862
V 170.103 179.334 119.606 0.535059 0.542832
V 178.103 179.334 116.651 0.538730 0.542802
V 186.103 179.334 113.937 0.542402 0.542772
V 194.103 179.334 111.211 0.546073 0.542743
V 202.103 179.334 108.785 0.549744 0.542713
V 210.103 179.334 107.192 0.553416 0.542683
V 218.103 179.334 105.596 0.557087 0.542653
V 226.103 179.334 104.107 0.560758 0.542624
V 234.103 179.334 103.023 0.564430 0.542594
V 242.103 179.334 101.943 0.568101 0.542564
V 250.103 179.334 100.955 0.571772 0.542534
V 258.103 179.334 100.472 0.575444 0.542504
V 266.103 179.334 99.995 0.579115 0.542475
V 274.103 179.334 99.526 0.582786 0.542445
V 282.103 179.334 99.088 0.586458 0.542415
V 290.103 179.334 98.654 0.590129 0.542385
V 298.103 179.334 98.225 0.593800 0.542356
V 306.103 179.334 97.847 0.597472 0.542326
V 314.103 179.334 97.471 0.601143 0.542296
V 322.103 179.334 97.097 0.604814 0.542266
V 330.103 179.334 96.834 0.608486 0.542236
V 338.103 179.334 96.577 0.612157 0.542207
V -173.897 187.334 135.922 0.377221 0.547794
V -165.897 187.334 134.922 0.380892 0.547765
V -157.897 187.334 134.940 0.384564 0.547735
V -149.897 187.334 134.953 0.388235 0.547705
V -141.897 187.334 135.034 0.391906 0.547676
V -133.897 187.334 135.618 0.395578 0.547646
V -125.897 187.334 136.203 0.399249 0.547617
V -117.897 187.334 136.813 0.402920 0.547587
V -109.897 187.334 137.742 0.406592 0.547557
V -101.897 187.334 138.672 0.410263 0.547528
V -93.897 187.334 139.607 0.413934 0.547498
V -85.897 187.334 141.091 0.417606 0.547468
V -77.897 187.334 142.574 0.421277 0.547439
V -69.897 187.334 144.056 0.424948 0.547409
V -61.897 187.334 145.058 0.428620 0.547380
V -53.897 187.334 146.030 0.432291 0.547350
V -45.897 187.334 146.996 0.435962 0.547320
V -37.897 187.334 147.176 0.439634 0.547291
V -29.897 187.334 147.253 0.443305 0.547261
V -21.897 187.334 147.327 0.446976 0.547231
V -13.897 187.334 146.744 0.450648 0.547202
V -5.897 187.334 146.021 0.454319 0.547172
V 2.103 187.334 145.297 0.457990 0.547142
V 10.103 187.334 143.970 0.461662 0.547113
V 18.103 187.334 142.088 0.465333 0.547083
V 26.103 187.334 140.577 0.469004 0.547053
V 34.103 187.334 139.703 0.472676 0.547024
V 42.103 187.334 139.098 0.476347 0.546994
V 50.103 187.334 138.492 0.480018 0.546964
V 58.103 187.334 138.909 0.483690 0.546935
V 66.103 187.334 139.899 0.487361 0.546905
V 74.103 187.334 140.890 0.491033 0.546875
V 82.103 187.334 142.393 0.494704 0.546846
V 90.103 187.334 142.453 0.498375 0.546816
V 98.103 187.334 142.505 0.502047 0.546786
V 106.103 187.334 141.557 0.505718 0.546756
V 114.103 187.334 139.689 0.509389 0.546727
V 122.103 187.334 137.811 0.513061 0.546697
V 130.103 187.334 135.505 0.516732 0.546667
V 138.103 187.334 133.405 0.520403 0.546638
V 146.103 187.334 130.613 0.524075 0.546608
V 154.103 187.334 127.651 0.527746 0.546578
V 162.103 187.334 123.992 0.531417 0.546548
V 170.103 187.334 120.839 0.535089 0.546519
V 178.103 187.334 117.835 0.538760 0.546489
V 186.103 187.334 115.137 0.542431 0.546459
V 194.103 187.334 112.427 0.546103 0.546429
V 202.103 187.334 109.984 0.549774 0.546400
V 210.103 187.334 108.260 0.553445 0.546370
V 218.103 187.334 106.533 0.557117 0.546340
V 226.103 187.334 104.909 0.560788 0.546310
V 234.103 187.334 103.659 0.564459 0.546281
V 242.103 187.334 102.412 0.568131 0.546251
V 250.103 187.334 101.268 0.571802 0.546221
V 258.103 187.334 100.662 0.575473 0.546191
V 266.103 187.334 100.063 0.579145 0.546162
V 274.103 187.334 99.480 0.582816 0.546132
V 282.103 187.334 99.003 0.586487 0.546102
V 290.103 187.334 98.532 0.590159 0.546072
V 298.103 187.334 98.074 0.593830 0.546042
V 306.103 187.334 97.816 0.597501 0.546013
V 314.103 187.334 97.560 0.601173 0.545983
V 322.103 187.334 97.306 0.604844 0.545953
V 330.103 187.334 97.108 0.608515 0.545923
V 338.103 187.334 96.912 0.612187 0.545893
V -173.897 195.334 137.442 0.377250 0.551481
V -165.897 195.334 137.027 0.380922 0.551451
V -157.897 195.334 137.433 0.384593 0.551422
V -149.897 195.334 137.833 0.388265 0.551392
V -141.897 195.334 138.251 0.391936 0.551363
V -133.897 195.334 138.810 0.395607 0.551333
V -125.897 195.334 139.371 0.399279 0.551303
V -117.897 195.334 139.958 0.402950 0.551274
V -109.897 195.334 140.864 0.406621 0.551244
V -101.897 195.334 141.770 0.410293 0.551215
V -93.897 195.334 142.687 0.413964 0.551185
V -85.897 195.334 144.274 0.417635 0.551155
V -77.897 195.334 145.858 0.421307 0.551126
V -69.897 195.334 147.442 0.424978 0.551096
V -61.897 195.334 148.655 0.428649 0.551066
V -53.897 195.334 149.847 0.432321 0.551037
V -45.897 195.334 151.034 0.435992 0.551007
V -37.897 195.334 151.222 0.439663 0.550977
V -29.897 195.334 151.291 0.443335 0.550948
V -21.897 195.334 151.357 0.447006 0.550918
V -13.897 195.334 150.657 0.450677 0.550889
V -5.897 195.334 149.803 0.454349 0.550859
V 2.103 195.334 148.948 0.458020 0.550829
V 10.103 195.334 147.215 0.461691 0.550800
V 18.103 195.334 145.646 0.465363 0.550770
V 26.103 195.334 144.077 0.469034 0.550740
V 34.103 195.334 143.244 0.472705 0.550710
V 42.103 195.334 142.709 0.476377 0.550681
V 50.103 195.334 142.173 0.480048 0.550651
V 58.103 195.334 142.593 0.483719 0.550621
V 66.103 195.334 143.529 0.487391 0.550592
V 74.103 195.334 144.466 0.491062 0.550562
V 82.103 195.334 145.729 0.494733 0.550532
V 90.103 195.334 145.642 0.498405 0.550503
V 98.103 195.334 145.549 0.502076 0.550473
V 106.103 195.334 144.360 0.505747 0.550443
V 114.103 195.334 142.192 0.509419 0.550414
V 122.103 195.334 140.018 0.513090 0.550384
V 130.103 195.334 137.420 0.516761 0.550354
V 138.103 195.334 134.956 0.520433 0.550324
V 146.103 195.334 131.891 0.524104 0.550295
V 154.103 195.334 128.764 0.527775 0.550265
V 162.103 195.334 125.152 0.531447 0.550235
V 170.103 195.334 121.986 0.535118 0.550205
V 178.103 195.334 119.008 0.538789 0.550176
V 186.103 195.334 116.393 0.542461 0.550146
V 194.103 195.334 113.767 0.546132 0.550116
V 202.103 195.334 111.365 0.549803 0.550086
V 210.103 195.334 109.541 0.553475 0.550057
V 218.103 195.334 107.714 0.557146 0.550027
V 226.103 195.334 105.981 0.560818 0.549997
V 234.103 195.334 104.574 0.564489 0.549967
V 242.103 195.334 103.170 0.568160 0.549938
V 250.103 195.334 101.874 0.571832 0.549908
V 258.103 195.334 101.113 0.575503 0.549878
V 266.103 195.334 100.357 0.579174 0.549848
V 274.103 195.334 99.625 0.582846 0.549819
V 282.103 195.334 99.050 0.586517 0.549789
V 290.103 195.334 98.481 0.590188 0.549759
V 298.103 195.334 97.934 0.593860 0.549729
V 306.103 195.334 97.797 0.597531 0.549699
V 314.103 195.334 97.662 0.601202 0.549670
V 322.103 195.334 97.527 0.604874 0.549640
V 330.103 195.334 97.418 0.608545 0.549610
V 338.103 195.334 97.310 0.612216 0.549580
V -173.897 203.334 138.973 0.377280 0.555168
V -165.897 203.334 139.137 0.380951 0.555138
V -157.897 203.334 139.932 0.384623 0.555109
V -149.897 203.334 140.721 0.388294 0.555079
V -141.897 203.334 141.468 0.391965 0.555049
V -133.897 203.334 142.003 0.395637 0.555020
V -125.897 203.334 142.538 0.399308 0.554990
V -117.897 203.334 143.104 0.402979 0.554961
V -109.897 203.334 143.985 0.406651 0.554931
V -101.897 203.334 144.868 0.410322 0.554901
V -93.897 203.334 145.770 0.413993 0.554872
V -85.897 203.334 147.459 0.417665 0.554842
V -77.897 203.334 149.146 0.421336 0.554812
V -69.897 203.334 150.832 0.425007 0.554783
V -61.897 203.334 152.258 0.428679 0.554753
V -53.897 203.334 153.670 0.432350 0.554724
V -45.897 203.334 155.078 0.436021 0.554694
V -37.897 203.334 155.272 0.439693 0.554664
V -29.897 203.334 155.333 0.443364 0.554635
V -21.897 203.334 155.392 0.447036 0.554605
V -13.897 203.334 154.573 0.450707 0.554575
V -5.897 203.334 153.587 0.454378 0.554546
V 2.103 203.334 152.601 0.458050 0.554516
V 10.103 203.334 150.829 0.461721 0.554486
V 18.103 203.334 149.202 0.465392 0.554457
V 26.103 203.334 147.576 0.469064 0.554427
V 34.103 203.334 146.785 0.472735 0.554397
V 42.103 203.334 146.320 0.476406 0.554368
V 50.103 203.334 145.854 0.480078 0.554338
V 58.103 203.334 146.274 0.483749 0.554308
V 66.103 203.334 147.157 0.487420 0.554279
V 74.103 203.334 148.040 0.491092 0.554249
V 82.103 203.334 149.077 0.494763 0.554219
V 90.103 203.334 148.845 0.498434 0.554189
V 98.103 203.334 148.608 0.502106 0.554160
V 106.103 203.334 147.174 0.505777 0.554130
V 114.103 203.334 144.708 0.509448 0.554100
V 122.103 203.334 142.237 0.513120 0.554071
V 130.103 203.334 139.347 0.516791 0.554041
V 138.103 203.334 136.531 0.520462 0.554011
V 146.103 203.334 133.191 0.524134 0.553981
V 154.103 203.334 129.902 0.527805 0.553952
V 162.103 203.334 126.688 0.531476 0.553922
V 170.103 203.334 123.152 0.535148 0.553892
V 178.103 203.334 120.200 0.538819 0.553863
V 186.103 203.334 117.667 0.542490 0.553833
V 194.103 203.334 115.125 0.546162 0.553803
V 202.103 203.334 112.759 0.549833 0.553773
V 210.103 203.334 110.832 0.553504 0.553744
V 218.103 203.334 108.903 0.557176 0.553714
V 226.103 203.334 107.058 0.560847 0.553684
V 234.103 203.334 105.494 0.564518 0.553654
V 242.103 203.334 103.931 0.568190 0.553624
V 250.103 203.334 102.482 0.571861 0.553595
V 258.103 203.334 101.565 0.575533 0.553565
V 266.103 203.334 100.652 0.579204 0.553535
V 274.103 203.334 99.770 0.582875 0.553505
V 282.103 203.334 99.097 0.586547 0.553476
V 290.103 203.334 98.429 0.590218 0.553446
V 298.103 203.334 97.797 0.593889 0.553416
V 306.103 203.334 97.781 0.597561 0.553386
V 314.103 203.334 97.766 0.601232 0.553356
V 322.103 203.334 97.751 0.604903 0.553327
V 330.103 203.334 97.730 0.608575 0.553297
V 338.103 203.334 97.710 0.612246 0.553267
V -173.897 211.334 140.725 0.377309 0.558855
V -165.897 211.334 141.424 0.380981 0.558825
V -157.897 211.334 142.577 0.384652 0.558795
V -149.897 211.334 143.728 0.388323 0.558766
V -141.897 211.334 144.775 0.391995 0.558736
V -133.897 211.334 145.271 0.395666 0.558707
V -125.897 211.334 145.769 0.399338 0.558677
V -117.897 211.334 146.300 0.403009 0.558647
V -109.897 211.334 147.150 0.406680 0.558618
V -101.897 211.334 148.001 0.410352 0.558588
V -93.897 211.334 148.883 0.414023 0.558559
V -85.897 211.334 150.671 0.417694 0.558529
V -77.897 211.334 152.457 0.421366 0.558499
V -69.897 211.334 154.241 0.425037 0.558470
V -61.897 211.334 155.878 0.428708 0.558440
V -53.897 211.334 157.507 0.432380 0.558410
V -45.897 211.334 159.133 0.436051 0.558381
V -37.897 211.334 159.330 0.439722 0.558351
V -29.897 211.334 159.382 0.443394 0.558321
V -21.897 211.334 159.432 0.447065 0.558292
V -13.897 211.334 158.491 0.450736 0.558262
V -5.897 211.334 157.374 0.454408 0.558232
V 2.103 211.334 156.257 0.458079 0.558203
V 10.103 211.334 154.442 0.461750 0.558173
V 18.103 211.334 152.757 0.465422 0.558143
V 26.103 211.334 151.072 0.469093 0.558114
V 34.103 211.334 150.326 0.472764 0.558084
V 42.103 211.334 149.931 0.476436 0.558054
V 50.103 211.334 149.536 0.480107 0.558025
V 58.103 211.334 149.955 0.483779 0.557995
V 66.103 211.334 150.783 0.487450 0.557965
V 74.103 211.334 151.613 0.491121 0.557936
V 82.103 211.334 152.435 0.494793 0.557906
V 90.103 211.334 152.059 0.498464 0.557876
V 98.103 211.334 151.678 0.502135 0.557847
V 106.103 211.334 150.000 0.505807 0.557817
V 114.103 211.334 147.234 0.509478 0.557787
V 122.103 211.334 144.467 0.513149 0.557757
V 130.103 211.334 141.284 0.516821 0.557728
V 138.103 211.334 138.125 0.520492 0.557698
V 146.103 211.334 134.510 0.524163 0.557668
V 154.103 211.334 131.062 0.527835 0.557639
V 162.103 211.334 127.842 0.531506 0.557609
V 170.103 211.334 124.334 0.535177 0.557579
V 178.103 211.334 121.409 0.538849 0.557549
V 186.103 211.334 118.957 0.542520 0.557520
V 194.103 211.334 116.497 0.546191 0.557490
V 202.103 211.334 114.163 0.549863 0.557460
V 210.103 211.334 112.132 0.553534 0.557430
V 218.103 211.334 110.099 0.557205 0.557401
V 226.103 211.334 108.140 0.560877 0.557371
V 234.103 211.334 106.417 0.564548 0.557341
V 242.103 211.334 104.695 0.568219 0.557311
V 250.103 211.334 103.092 0.571891 0.557281
V 258.103 211.334 102.017 0.575562 0.557252
V 266.103 211.334 100.947 0.579234 0.557222
V 274.103 211.334 99.915 0.582905 0.557192
V 282.103 211.334 99.144 0.586576 0.557162
V 290.103 211.334 98.376 0.590248 0.557133
V 298.103 211.334 97.663 0.593919 0.557103
V 306.103 211.334 97.767 0.597590 0.557073
V 314.103 211.334 97.872 0.601262 0.557043
V 322.103 211.334 97.977 0.604933 0.557013
V 330.103 211.334 98.044 0.608604 0.556984
V 338.103 211.334 98.111 0.612276 0.556954
V -173.897 219.334 143.620 0.377339 0.562541
V -165.897 219.334 144.682 0.381010 0.562512
V -157.897 219.334 146.083 0.384682 0.562482
V -149.897 219.334 147.480 0.388353 0.562453
V -141.897 219.334 148.714 0.392024 0.562423
V -133.897 219.334 149.111 0.395696 0.562393
V -125.897 219.334 149.510 0.399367 0.562364
V -117.897 219.334 149.948 0.403038 0.562334
V -109.897 219.334 150.726 0.406710 0.562305
V -101.897 219.334 151.505 0.410381 0.562275
V -93.897 219.334 152.328 0.414052 0.562245
V -85.897 219.334 154.202 0.417724 0.562216
V -77.897 219.334 156.075 0.421395 0.562186
V -69.897 219.334 157.947 0.425066 0.562156
V -61.897 219.334 159.745 0.428738 0.562127
V -53.897 219.334 161.538 0.432409 0.562097
V -45.897 219.334 163.328 0.436081 0.562068
V -37.897 219.334 163.575 0.439752 0.562038
V -29.897 219.334 163.682 0.443423 0.562008
V -21.897 219.334 163.786 0.447095 0.561979
V -13.897 219.334 162.727 0.450766 0.561949
V -5.897 219.334 161.475 0.454437 0.561919
V 2.103 219.334 160.223 0.458109 0.561890
V 10.103 219.334 158.440 0.461780 0.561860
V 18.103 219.334 156.795 0.465451 0.561830
V 26.103 219.334 155.149 0.469123 0.561801
V 34.103 219.334 154.368 0.472794 0.561771
V 42.103 219.334 153.899 0.476465 0.561741
V 50.103 219.334 153.432 0.480137 0.561712
V 58.103 219.334 153.769 0.483808 0.561682
V 66.103 219.334 154.496 0.487479 0.561652
V 74.103 219.334 155.226 0.491151 0.561623
V 82.103 219.334 155.677 0.494822 0.561593
V 90.103 219.334 154.919 0.498493 0.561563
V 98.103 219.334 154.164 0.502165 0.561533
V 106.103 219.334 152.177 0.505836 0.561504
V 114.103 219.334 149.189 0.509508 0.561474
V 122.103 219.334 146.200 0.513179 0.561444
V 130.103 219.334 142.941 0.516850 0.561415
V 138.103 219.334 139.805 0.520522 0.561385
V 146.103 219.334 136.266 0.524193 0.561355
V 154.103 219.334 132.918 0.527864 0.561325
V 162.103 219.334 129.827 0.531536 0.561296
V 170.103 219.334 126.476 0.535207 0.561266
V 178.103 219.334 123.601 0.538878 0.561236
V 186.103 219.334 121.066 0.542550 0.561206
V 194.103 219.334 118.528 0.546221 0.561177
V 202.103 219.334 116.079 0.549892 0.561147
V 210.103 219.334 113.833 0.553564 0.561117
V 218.103 219.334 111.588 0.557235 0.561087
V 226.103 219.334 109.423 0.560906 0.561058
V 234.103 219.334 107.499 0.564578 0.561028
V 242.103 219.334 105.577 0.568249 0.560998
V 250.103 219.334 103.783 0.571920 0.560968
V 258.103 219.334 102.531 0.575592 0.560939
V 266.103 219.334 101.283 0.579263 0.560909
V 274.103 219.334 100.089 0.582935 0.560879
V 282.103 219.334 99.245 0.586606 0.560849
V 290.103 219.334 98.403 0.590277 0.560819
V 298.103 219.334 97.625 0.593949 0.560790
V 306.103 219.334 97.705 0.597620 0.560760
V 314.103 219.334 97.789 0.601291 0.560730
V 322.103 219.334 97.876 0.604963 0.560700
V 330.103 219.334 97.953 0.608634 0.560670
V 338.103 219.334 98.032 0.612305 0.560641
V -173.897 227.334 146.521 0.377368 0.566228
V -165.897 227.334 147.944 0.381040 0.566199
V -157.897 227.334 149.592 0.384711 0.566169
V -149.897 227.334 151.237 0.388382 0.566139
V -141.897 227.334 152.652 0.392054 0.566110
V -133.897 227.334 152.950 0.395725 0.566080
V -125.897 227.334 153.250 0.399396 0.566051
V -117.897 227.334 153.596 0.403068 0.566021
V -109.897 227.334 154.302 0.406739 0.565991
V -101.897 227.334 155.009 0.410411 0.565962
V -93.897 227.334 155.776 0.414082 0.565932
V -85.897 227.334 157.737 0.417753 0.565903
V -77.897 227.334 159.697 0.421425 0.565873
V -69.897 227.334 161.655 0.425096 0.565843
V -61.897 227.334 163.616 0.428767 0.565814
V -53.897 227.334 165.574 0.432439 0.565784
V -45.897 227.334 167.529 0.436110 0.565754
V -37.897 227.334 167.825 0.439781 0.565725
V -29.897 227.334 167.986 0.443453 0.565695
V -21.897 227.334 168.144 0.447124 0.565665
V -13.897 227.334 166.967 0.450795 0.565636
V -5.897 227.334 165.581 0.454467 0.565606
V 2.103 227.334 164.196 0.458138 0.565576
V 10.103 227.334 162.449 0.461810 0.565547
V 18.103 227.334 160.851 0.465481 0.565517
V 26.103 227.334 159.253 0.469152 0.565487
V 34.103 227.334 158.435 0.472824 0.565458
V 42.103 227.334 157.887 0.476495 0.565428
V 50.103 227.334 157.342 0.480166 0.565398
V 58.103 227.334 157.593 0.483838 0.565369
V 66.103 227.334 158.215 0.487509 0.565339
V 74.103 227.334 158.840 0.491180 0.565309
V 82.103 227.334 158.908 0.494852 0.565280
V 90.103 227.334 157.740 0.498523 0.565250
V 98.103 227.334 156.575 0.502194 0.565220
V 106.103 227.334 154.268 0.505866 0.565191
V 114.103 227.334 151.064 0.509537 0.565161
V 122.103 227.334 147.859 0.513208 0.565131
V 130.103 227.334 144.560 0.516880 0.565101
V 138.103 227.334 141.518 0.520551 0.565072
V 146.103 227.334 138.124 0.524223 0.565042
V 154.103 227.334 134.935 0.527894 0.565012
V 162.103 227.334 132.010 0.531565 0.564982
V 170.103 227.334 128.853 0.535237 0.564953
V 178.103 227.334 126.041 0.538908 0.564923
V 186.103 227.334 123.393 0.542579 0.564893
V 194.103 227.334 120.744 0.546251 0.564863
V 202.103 227.334 118.144 0.549922 0.564834
V 210.103 227.334 115.656 0.553593 0.564804
V 218.103 227.334 113.169 0.557265 0.564774
V 226.103 227.334 110.773 0.560936 0.564744
V 234.103 227.334 108.636 0.564607 0.564715
V 242.103 227.334 106.502 0.568279 0.564685
V 250.103 227.334 104.506 0.571950 0.564655
V 258.103 227.334 103.068 0.575621 0.564625
V 266.103 227.334 101.635 0.579293 0.564596
V 274.103 227.334 100.276 0.582964 0.564566
V 282.103 227.334 99.370 0.586636 0.564536
V 290.103 227.334 98.467 0.590307 0.564506
V 298.103 227.334 97.631 0.593978 0.564476
V 306.103 227.334 97.620 0.597650 0.564447
V 314.103 227.334 97.611 0.601321 0.564417
V 322.103 227.334 97.606 0.604992 0.564387
V 330.103 227.334 97.643 0.608664 0.564357
V 338.103 227.334 97.683 0.612335 0.564327
V -173.897 235.334 149.429 0.377398 0.569915
V -165.897 235.334 151.210 0.381069 0.569885
V -157.897 235.334 153.106 0.384741 0.569856
V -149.897 235.334 154.998 0.388412 0.569826
V -141.897 235.334 156.588 0.392083 0.569797
V -133.897 235.334 156.788 0.395755 0.569767
V -125.897 235.334 156.990 0.399426 0.569737
V -117.897 235.334 157.243 0.403097 0.569708
V -109.897 235.334 157.877 0.406769 0.569678
V -101.897 235.334 158.512 0.410440 0.569649
V -93.897 235.334 159.226 0.414111 0.569619
V -85.897 235.334 161.274 0.417783 0.569589
V -77.897 235.334 163.321 0.421454 0.569560
V -69.897 235.334 165.366 0.425125 0.569530
V -61.897 235.334 167.492 0.428797 0.569501
V -53.897 235.334 169.615 0.432468 0.569471
V -45.897 235.334 171.735 0.436140 0.569441
V -37.897 235.334 172.078 0.439811 0.569412
V -29.897 235.334 172.293 0.443482 0.569382
V -21.897 235.334 172.506 0.447154 0.569352
V -13.897 235.334 171.206 0.450825 0.569323
V -5.897 235.334 169.687 0.454496 0.569293
V 2.103 235.334 168.169 0.458168 0.569263
V 10.103 235.334 166.458 0.461839 0.569234
V 18.103 235.334 164.908 0.465510 0.569204
V 26.103 235.334 163.357 0.469182 0.569174
V 34.103 235.334 162.500 0.472853 0.569145
V 42.103 235.334 161.874 0.476525 0.569115
V 50.103 235.334 161.250 0.480196 0.569085
V 58.103 235.334 161.414 0.483867 0.569056
V 66.103 235.334 161.932 0.487539 0.569026
V 74.103 235.334 162.453 0.491210 0.568996
V 82.103 235.334 162.142 0.494881 0.568966
V 90.103 235.334 160.564 0.498553 0.568937
V 98.103 235.334 158.990 0.502224 0.568907
V 106.103 235.334 156.367 0.505895 0.568877
V 114.103 235.334 152.946 0.509567 0.568848
V 122.103 235.334 149.524 0.513238 0.568818
V 130.103 235.334 146.192 0.516909 0.568788
V 138.103 235.334 143.250 0.520581 0.568758
V 146.103 235.334 140.001 0.524252 0.568729
V 154.103 235.334 136.970 0.527924 0.568699
V 162.103 235.334 134.210 0.531595 0.568669
V 170.103 235.334 131.244 0.535266 0.568640
V 178.103 235.334 128.490 0.538938 0.568610
V 186.103 235.334 125.729 0.542609 0.568580
V 194.103 235.334 122.967 0.546280 0.568550
V 202.103 235.334 120.214 0.549952 0.568521
V 210.103 235.334 117.483 0.553623 0.568491
V 218.103 235.334 114.754 0.557294 0.568461
V 226.103 235.334 112.127 0.560966 0.568431
V 234.103 235.334 109.776 0.564637 0.568402
V 242.103 235.334 107.428 0.568308 0.568372
V 250.103 235.334 105.229 0.571980 0.568342
V 258.103 235.334 103.606 0.575651 0.568312
V 266.103 235.334 101.987 0.579322 0.568282
V 274.103 235.334 100.464 0.582994 0.568253
V 282.103 235.334 99.496 0.586665 0.568223
V 290.103 235.334 98.531 0.590337 0.568193
V 298.103 235.334 97.638 0.594008 0.568163
V 306.103 235.334 97.533 0.597679 0.568133
V 314.103 235.334 97.432 0.601351 0.568104
V 322.103 235.334 97.335 0.605022 0.568074
V 330.103 235.334 97.334 0.608693 0.568044
V 338.103 235.334 97.334 0.612365 0.568014
V -173.897 243.334 152.405 0.377427 0.573602
V -165.897 243.334 154.426 0.381099 0.573572
V -157.897 243.334 156.514 0.384770 0.573543
V -149.897 243.334 158.601 0.388441 0.573513
V -141.897 243.334 160.340 0.392113 0.573484
V -133.897 243.334 160.538 0.395784 0.573454
V -125.897 243.334 160.733 0.399455 0.573424
V -117.897 243.334 160.972 0.403127 0.573395
V -109.897 243.334 161.548 0.406798 0.573365
V -101.897 243.334 162.124 0.410470 0.573335
V -93.897 243.334 162.797 0.414141 0.573306
V -85.897 243.334 164.901 0.417812 0.573276
V -77.897 243.334 167.005 0.421484 0.573247
V -69.897 243.334 169.110 0.425155 0.573217
V -61.897 243.334 171.376 0.428826 0.573187
V -53.897 243.334 173.640 0.432498 0.573158
V -45.897 243.334 175.904 0.436169 0.573128
V -37.897 243.334 176.300 0.439840 0.573098
V -29.897 243.334 176.578 0.443512 0.573069
V -21.897 243.334 176.854 0.447183 0.573039
V -13.897 243.334 175.439 0.450855 0.573009
V -5.897 243.334 173.794 0.454526 0.572980
V 2.103 243.334 172.003 0.458197 0.572950
V 10.103 243.334 170.465 0.461869 0.572920
V 18.103 243.334 168.951 0.465540 0.572891
V 26.103 243.334 167.439 0.469211 0.572861
V 34.103 243.334 166.544 0.472883 0.572831
V 42.103 243.334 165.846 0.476554 0.572802
V 50.103 243.334 165.148 0.480225 0.572772
V 58.103 243.334 165.218 0.483897 0.572742
V 66.103 243.334 165.624 0.487568 0.572713
V 74.103 243.334 166.034 0.491240 0.572683
V 82.103 243.334 165.356 0.494911 0.572653
V 90.103 243.334 163.381 0.498582 0.572624
V 98.103 243.334 161.407 0.502254 0.572594
V 106.103 243.334 158.476 0.505925 0.572564
V 114.103 243.334 154.840 0.509596 0.572534
V 122.103 243.334 151.200 0.513268 0.572505
V 130.103 243.334 147.834 0.516939 0.572475
V 138.103 243.334 144.729 0.520610 0.572445
V 146.103 243.334 141.894 0.524282 0.572416
V 154.103 243.334 139.021 0.527953 0.572386
V 162.103 243.334 136.426 0.531624 0.572356
V 170.103 243.334 133.646 0.535296 0.572326
V 178.103 243.334 130.946 0.538967 0.572297
V 186.103 243.334 128.072 0.542639 0.572267
V 194.103 243.334 125.197 0.546310 0.572237
V 202.103 243.334 122.288 0.549981 0.572207
V 210.103 243.334 119.314 0.553653 0.572178
V 218.103 243.334 116.342 0.557324 0.572148
V 226.103 243.334 113.482 0.560995 0.572118
V 234.103 243.334 110.917 0.564667 0.572088
V 242.103 243.334 108.355 0.568338 0.572059
V 250.103 243.334 105.954 0.572009 0.572029
V 258.103 243.334 104.145 0.575681 0.571999
V 266.103 243.334 102.339 0.579352 0.571969
V 274.103 243.334 100.654 0.583024 0.571939
V 282.103 243.334 99.624 0.586695 0.571910
V 290.103 243.334 98.595 0.590366 0.571880
V 298.103 243.334 97.644 0.594038 0.571850
V 306.103 243.334 97.447 0.597709 0.571820
V 314.103 243.334 97.253 0.601380 0.571790
V 322.103 243.334 97.065 0.605052 0.571761
V 330.103 243.334 97.024 0.608723 0.571731
V 338.103 243.334 96.984 0.612394 0.571701
V -173.897 251.334 155.524 0.377457 0.577289
V -165.897 251.334 157.517 0.381128 0.577259
V -157.897 251.334 159.653 0.384799 0.577230
V -149.897 251.334 161.788 0.388471 0.577200
V -141.897 251.334 163.598 0.392142 0.577170
V -133.897 251.334 164.047 0.395814 0.577141
V -125.897 251.334 164.492 0.399485 0.577111
V -117.897 251.334 164.951 0.403156 0.577082
V -109.897 251.334 165.527 0.406828 0.577052
V -101.897 251.334 166.102 0.410499 0.577022
V -93.897 251.334 166.784 0.414170 0.576993
V -85.897 251.334 168.846 0.417842 0.576963
V -77.897 251.334 170.910 0.421513 0.576933
V -69.897 251.334 172.976 0.425184 0.576904
V -61.897 251.334 175.276 0.428856 0.576874
V -53.897 251.334 177.576 0.432527 0.576845
V -45.897 251.334 179.875 0.436199 0.576815
V -37.897 251.334 180.354 0.439870 0.576785
V -29.897 251.334 180.734 0.443541 0.576756
V -21.897 251.334 181.112 0.447213 0.576726
V -13.897 251.334 179.621 0.450884 0.576696
V -5.897 251.334 177.896 0.454555 0.576667
V 2.103 251.334 176.043 0.458227 0.576637
V 10.103 251.334 174.449 0.461898 0.576607
V 18.103 251.334 172.884 0.465570 0.576578
V 26.103 251.334 171.319 0.469241 0.576548
V 34.103 251.334 170.398 0.472912 0.576518
V 42.103 251.334 169.672 0.476584 0.576489
V 50.103 251.334 168.947 0.480255 0.576459
V 58.103 251.334 168.825 0.483926 0.576429
V 66.103 251.334 168.959 0.487598 0.576400
V 74.103 251.334 169.096 0.491269 0.576370
V 82.103 251.334 168.127 0.494940 0.576340
V 90.103 251.334 165.964 0.498612 0.576310
V 98.103 251.334 163.801 0.502283 0.576281
V 106.103 251.334 160.827 0.505955 0.576251
V 114.103 251.334 157.275 0.509626 0.576221
V 122.103 251.334 153.719 0.513297 0.576192
V 130.103 251.334 150.355 0.516969 0.576162
V 138.103 251.334 147.168 0.520640 0.576132
V 146.103 251.334 144.220 0.524311 0.576102
V 154.103 251.334 141.209 0.527983 0.576073
V 162.103 251.334 138.399 0.531654 0.576043
V 170.103 251.334 135.433 0.535325 0.576013
V 178.103 251.334 132.544 0.538997 0.575983
V 186.103 251.334 129.512 0.542668 0.575954
V 194.103 251.334 126.481 0.546340 0.575924
V 202.103 251.334 123.460 0.550011 0.575894
V 210.103 251.334 120.458 0.553682 0.575864
V 218.103 251.334 117.455 0.557354 0.575835
V 226.103 251.334 114.557 0.561025 0.575805
V 234.103 251.334 111.931 0.564696 0.575775
V 242.103 251.334 109.304 0.568368 0.575745
V 250.103 251.334 106.832 0.572039 0.575716
V 258.103 251.334 104.905 0.575710 0.575686
V 266.103 251.334 102.980 0.579382 0.575656
V 274.103 251.334 101.171 0.583053 0.575626
V 282.103 251.334 99.971 0.586725 0.575597
V 290.103 251.334 98.775 0.590396 0.575567
V 298.103 251.334 97.667 0.594067 0.575537
V 306.103 251.334 97.344 0.597739 0.575507
V 314.103 251.334 97.025 0.601410 0.575477
V 322.103 251.334 96.719 0.605081 0.575448
V 330.103 251.334 96.681 0.608753 0.575418
V 338.103 251.334 96.644 0.612424 0.575388
V -173.897 259.334 158.641 0.377486 0.580976
V -165.897 259.334 160.608 0.381158 0.580946
V -157.897 259.334 162.792 0.384829 0.580916
V -149.897 259.334 164.975 0.388500 0.580887
V -141.897 259.334 166.861 0.392172 0.580857
V -133.897 259.334 167.560 0.395843 0.580828
V -125.897 259.334 168.256 0.399514 0.580798
V -117.897 259.334 168.931 0.403186 0.580768
V -109.897 259.334 169.506 0.406857 0.580739
V -101.897 259.334 170.081 0.410529 0.580709
V -93.897 259.334 170.771 0.414200 0.580680
V -85.897 259.334 172.792 0.417871 0.580650
V -77.897 259.334 174.814 0.421543 0.580620
V -69.897 259.334 176.843 0.425214 0.580591
V -61.897 259.334 179.179 0.428885 0.580561
V -53.897 259.334 181.514 0.432557 0.580531
V -45.897 259.334 183.848 0.436228 0.580502
V -37.897 259.334 184.411 0.439899 0.580472
V -29.897 259.334 184.893 0.443571 0.580442
V -21.897 259.334 185.373 0.447242 0.580413
V -13.897 259.334 183.804 0.450914 0.580383
V -5.897 259.334 181.999 0.454585 0.580353
V 2.103 259.334 180.081 0.458256 0.580324
V 10.103 259.334 178.433 0.461928 0.580294
V 18.103 259.334 176.815 0.465599 0.580264
V 26.103 259.334 175.199 0.469270 0.580235
V 34.103 259.334 174.251 0.472942 0.580205
V 42.103 259.334 173.498 0.476613 0.580175
V 50.103 259.334 172.745 0.480285 0.580146
V 58.103 259.334 172.428 0.483956 0.580116
V 66.103 259.334 172.288 0.487627 0.580086
V 74.103 259.334 172.154 0.491299 0.580057
V 82.103 259.334 170.902 0.494970 0.580027
V 90.103 259.334 168.550 0.498641 0.579997
V 98.103 259.334 166.198 0.502313 0.579968
V 106.103 259.334 163.187 0.505984 0.579938
V 114.103 259.334 159.718 0.509655 0.579908
V 122.103 259.334 156.246 0.513327 0.579878
V 130.103 259.334 152.883 0.516998 0.579849
V 138.103 259.334 149.619 0.520670 0.579819
V 146.103 259.334 146.563 0.524341 0.579789
V 154.103 259.334 143.407 0.528012 0.579760
V 162.103 259.334 140.370 0.531684 0.579730
V 170.103 259.334 137.334 0.535355 0.579700
V 178.103 259.334 134.100 0.539026 0.579670
V 186.103 259.334 130.900 0.542698 0.579641
V 194.103 259.334 127.700 0.546369 0.579611
V 202.103 259.334 124.564 0.550041 0.579581
V 210.103 259.334 121.545 0.553712 0.579551
V 218.103 259.334 118.525 0.557383 0.579522
V 226.103 259.334 115.605 0.561055 0.579492
V 234.103 259.334 112.932 0.564726 0.579462
V 242.103 259.334 110.260 0.568397 0.579432
V 250.103 259.334 107.733 0.572069 0.579402
V 258.103 259.334 105.699 0.575740 0.579373
V 266.103 259.334 103.668 0.579411 0.579343
V 274.103 259.334 101.745 0.583083 0.579313
V 282.103 259.334 100.358 0.586754 0.579283
V 290.103 259.334 98.975 0.590426 0.579254
V 298.103 259.334 97.693 0.594097 0.579224
V 306.103 259.334 97.238 0.597768 0.579194
V 314.103 259.334 96.785 0.601440 0.579164
V 322.103 259.334 96.355 0.605111 0.579134
V 330.103 259.334 96.331 0.608782 0.579105
V 338.103 259.334 96.308 0.612454 0.579075
V -173.897 267.334 161.758 0.377516 0.584662
V -165.897 267.334 163.701 0.381187 0.584633
V -157.897 267.334 165.933 0.384858 0.584603
V -149.897 267.334 168.164 0.388530 0.584574
V -141.897 267.334 170.128 0.392201 0.584544
V -133.897 267.334 171.078 0.395873 0.584514
V -125.897 267.334 172.024 0.399544 0.584485
V -117.897 267.334 172.912 0.403215 0.584455
V -109.897 267.334 173.486 0.406887 0.584426
V -101.897 267.334 174.061 0.410558 0.584396
V -93.897 267.334 174.757 0.414229 0.584366
V -85.897 267.334 176.738 0.417901 0.584337
V -77.897 267.334 178.720 0.421572 0.584307
V -69.897 267.334 180.712 0.425244 0.584278
V -61.897 267.334 183.083 0.428915 0.584248
V -53.897 267.334 185.454 0.432586 0.584218
V -45.897 267.334 187.824 0.436258 0.584189
V -37.897 267.334 188.472 0.439929 0.584159
V -29.897 267.334 189.056 0.443600 0.584129
V -21.897 267.334 189.638 0.447272 0.584100
V -13.897 267.334 187.987 0.450943 0.584070
V -5.897 267.334 186.102 0.454615 0.584040
V 2.103 267.334 184.118 0.458286 0.584011
V 10.103 267.334 182.415 0.461957 0.583981
V 18.103 267.334 180.746 0.465629 0.583951
V 26.103 267.334 179.077 0.469300 0.583922
V 34.103 267.334 178.103 0.472971 0.583892
V 42.103 267.334 177.322 0.476643 0.583862
V 50.103 267.334 176.542 0.480314 0.583833
V 58.103 267.334 176.025 0.483985 0.583803
V 66.103 267.334 175.614 0.487657 0.583773
V 74.103 267.334 175.207 0.491328 0.583744
V 82.103 267.334 173.680 0.495000 0.583714
V 90.103 267.334 171.139 0.498671 0.583684
V 98.103 267.334 168.599 0.502342 0.583654
V 106.103 267.334 165.553 0.506014 0.583625
V 114.103 267.334 162.169 0.509685 0.583595
V 122.103 267.334 158.781 0.513356 0.583565
V 130.103 267.334 155.416 0.517028 0.583536
V 138.103 267.334 152.074 0.520699 0.583506
V 146.103 267.334 148.914 0.524371 0.583476
V 154.103 267.334 145.610 0.528042 0.583446
V 162.103 267.334 142.346 0.531713 0.583417
V 170.103 267.334 139.083 0.535385 0.583387
V 178.103 267.334 135.659 0.539056 0.583357
V 186.103 267.334 132.291 0.542727 0.583327
V 194.103 267.334 128.923 0.546399 0.583298
V 202.103 267.334 125.674 0.550070 0.583268
V 210.103 267.334 122.637 0.553742 0.583238
V 218.103 267.334 119.600 0.557413 0.583208
V 226.103 267.334 116.656 0.561084 0.583179
V 234.103 267.334 113.937 0.564756 0.583149
V 242.103 267.334 111.218 0.568427 0.583119
V 250.103 267.334 108.635 0.572098 0.583089
V 258.103 267.334 106.495 0.575770 0.583060
V 266.103 267.334 104.356 0.579441 0.583030
V 274.103 267.334 102.318 0.583112 0.583000
V 282.103 267.334 100.744 0.586784 0.582970
V 290.103 267.334 99.174 0.590455 0.582940
V 298.103 267.334 97.718 0.594127 0.582911
V 306.103 267.334 97.130 0.597798 0.582881
V 314.103 267.334 96.545 0.601469 0.582851
V 322.103 267.334 95.992 0.605141 0.582821
V 330.103 267.334 95.982 0.608812 0.582791
V 338.103 267.334 95.972 0.612483 0.582762
V -173.897 275.334 165.043 0.377545 0.588349
V -165.897 275.334 166.924 0.381216 0.588320
V -157.897 275.334 169.178 0.384888 0.588290
V -149.897 275.334 171.433 0.388559 0.588261
V -141.897 275.334 173.461 0.392231 0.588231
V -133.897 275.334 174.668 0.395902 0.588201
V -125.897 275.334 175.870 0.399573 0.588172
V -117.897 275.334 176.969 0.403245 0.588142
V -109.897 275.334 177.531 0.406916 0.588112
V -101.897 275.334 178.094 0.410588 0.588083
V -93.897 275.334 178.784 0.414259 0.588053
V -85.897 275.334 180.685 0.417930 0.588024
V -77.897 275.334 182.587 0.421602 0.587994
V -69.897 275.334 184.508 0.425273 0.587964
V -61.897 275.334 186.891 0.428944 0.587935
V -53.897 275.334 189.273 0.432616 0.587905
V -45.897 275.334 191.656 0.436287 0.587875
V -37.897 275.334 192.378 0.439959 0.587846
V -29.897 275.334 193.054 0.443630 0.587816
V -21.897 275.334 193.729 0.447301 0.587786
V -13.897 275.334 192.042 0.450973 0.587757
V -5.897 275.334 190.128 0.454644 0.587727
V 2.103 275.334 188.125 0.458315 0.587698
V 10.103 275.334 186.401 0.461987 0.587668
V 18.103 275.334 184.710 0.465658 0.587638
V 26.103 275.334 183.018 0.469330 0.587608
V 34.103 275.334 182.012 0.473001 0.587579
V 42.103 275.334 181.189 0.476672 0.587549
V 50.103 275.334 180.368 0.480344 0.587519
V 58.103 275.334 179.631 0.484015 0.587490
V 66.103 275.334 178.930 0.487686 0.587460
V 74.103 275.334 178.235 0.491358 0.587430
V 82.103 275.334 176.435 0.495029 0.587401
V 90.103 275.334 173.706 0.498701 0.587371
V 98.103 275.334 170.979 0.502372 0.587341
V 106.103 275.334 167.881 0.506043 0.587312
V 114.103 275.334 164.543 0.509715 0.587282
V 122.103 275.334 161.207 0.513386 0.587252
V 130.103 275.334 157.827 0.517057 0.587222
V 138.103 275.334 154.410 0.520729 0.587193
V 146.103 275.334 151.153 0.524400 0.587163
V 154.103 275.334 147.719 0.528072 0.587133
V 162.103 275.334 144.263 0.531743 0.587103
V 170.103 275.334 140.803 0.535414 0.587074
V 178.103 275.334 137.218 0.539086 0.587044
V 186.103 275.334 133.707 0.542757 0.587014
V 194.103 275.334 130.191 0.546428 0.586985
V 202.103 275.334 126.842 0.550100 0.586955
V 210.103 275.334 123.783 0.553771 0.586925
V 218.103 275.334 120.724 0.557443 0.586895
V 226.103 275.334 117.750 0.561114 0.586865
V 234.103 275.334 114.976 0.564785 0.586836
V 242.103 275.334 112.203 0.568457 0.586806
V 250.103 275.334 109.556 0.572128 0.586776
V 258.103 275.334 107.301 0.575799 0.586746
V 266.103 275.334 105.050 0.579471 0.586717
V 274.103 275.334 102.890 0.583142 0.586687
V 282.103 275.334 101.129 0.586814 0.586657
V 290.103 275.334 99.371 0.590485 0.586627
V 298.103 275.334 97.743 0.594156 0.586597
V 306.103 275.334 97.021 0.597828 0.586568
V 314.103 275.334 96.303 0.601499 0.586538
V 322.103 275.334 95.631 0.605170 0.586508
V 330.103 275.334 95.634 0.608842 0.586478
V 338.103 275.334 95.637 0.612513 0.586448
V -173.897 283.334 168.532 0.377575 0.592036
V -165.897 283.334 170.312 0.381246 0.592007
V -157.897 283.334 172.561 0.384917 0.591977
V -149.897 283.334 174.811 0.388589 0.591947
V -141.897 283.334 176.886 0.392260 0.591918
V -133.897 283.334 178.360 0.395931 0.591888
V -125.897 283.334 179.829 0.399603 0.591859
V -117.897 283.334 181.142 0.403274 0.591829
V -109.897 283.334 181.679 0.406946 0.591799
V -101.897 283.334 182.216 0.410617 0.591770
V -93.897 283.334 182.878 0.414288 0.591740
V -85.897 283.334 184.630 0.417960 0.591710
V -77.897 283.334 186.384 0.421631 0.591681
V -69.897 283.334 188.165 0.425303 0.591651
V -61.897 283.334 190.503 0.428974 0.591622
V -53.897 283.334 192.842 0.432645 0.591592
V -45.897 283.334 195.181 0.436317 0.591562
V -37.897 283.334 195.941 0.439988 0.591533
V -29.897 283.334 196.671 0.443659 0.591503
V -21.897 283.334 197.400 0.447331 0.591473
V -13.897 283.334 195.780 0.451002 0.591444
V -5.897 283.334 193.957 0.454674 0.591414
V 2.103 283.334 192.057 0.458345 0.591384
V 10.103 283.334 190.403 0.462016 0.591355
V 18.103 283.334 188.777 0.465688 0.591325
V 26.103 283.334 187.150 0.469359 0.591295
V 34.103 283.334 186.100 0.473030 0.591266
V 42.103 283.334 185.197 0.476702 0.591236
V 50.103 283.334 184.295 0.480373 0.591206
V 58.103 283.334 183.279 0.484045 0.591177
V 66.103 283.334 182.226 0.487716 0.591147
V 74.103 283.334 181.179 0.491387 0.591117
V 82.103 283.334 179.090 0.495059 0.591088
V 90.103 283.334 176.173 0.498730 0.591058
V 98.103 283.334 173.258 0.502402 0.591028
V 106.103 283.334 169.984 0.506073 0.590998
V 114.103 283.334 166.487 0.509744 0.590969
V 122.103 283.334 162.992 0.513416 0.590939
V 130.103 283.334 159.482 0.517087 0.590909
V 138.103 283.334 155.958 0.520758 0.590880
V 146.103 283.334 152.575 0.524430 0.590850
V 154.103 283.334 149.102 0.528101 0.590820
V 162.103 283.334 145.677 0.531773 0.590790
V 170.103 283.334 142.250 0.535444 0.590761
V 178.103 283.334 138.749 0.539115 0.590731
V 186.103 283.334 135.362 0.542787 0.590701
V 194.103 283.334 131.972 0.546458 0.590671
V 202.103 283.334 128.713 0.550129 0.590642
V 210.103 283.334 125.675 0.553801 0.590612
V 218.103 283.334 122.636 0.557472 0.590582
V 226.103 283.334 119.656 0.561144 0.590552
V 234.103 283.334 116.807 0.564815 0.590523
V 242.103 283.334 113.959 0.568486 0.590493
V 250.103 283.334 111.220 0.572158 0.590463
V 258.103 283.334 108.800 0.575829 0.590433
V 266.103 283.334 106.383 0.579500 0.590403
V 274.103 283.334 104.054 0.583172 0.590374
V 282.103 283.334 102.092 0.586843 0.590344
V 290.103 283.334 100.134 0.590515 0.590314
V 298.103 283.334 98.327 0.594186 0.590284
V 306.103 283.334 97.505 0.597857 0.590254
V 314.103 283.334 96.686 0.601529 0.590225
V 322.103 283.334 95.919 0.605200 0.590195
V 330.103 283.334 95.815 0.608871 0.590165
V 338.103 283.334 95.714 0.612543 0.590135
V -173.897 291.334 172.019 0.377604 0.595723
V -165.897 291.334 173.700 0.381275 0.595693
V -157.897 291.334 175.944 0.384947 0.595664
V -149.897 291.334 178.188 0.388618 0.595634
V -141.897 291.334 180.316 0.392290 0.595605
V -133.897 291.334 182.057 0.395961 0.595575
V -125.897 291.334 183.793 0.399632 0.595545
V -117.897 291.334 185.316 0.403304 0.595516
V -109.897 291.334 185.827 0.406975 0.595486
V -101.897 291.334 186.338 0.410647 0.595457
V -93.897 291.334 186.971 0.414318 0.595427
V -85.897 291.334 188.574 0.417989 0.595397
V -77.897 291.334 190.180 0.421661 0.595368
V -69.897 291.334 191.822 0.425332 0.595338
V -61.897 291.334 194.116 0.429003 0.595308
V -53.897 291.334 196.411 0.432675 0.595279
V -45.897 291.334 198.706 0.436346 0.595249
V -37.897 291.334 199.506 0.440018 0.595220
V -29.897 291.334 200.290 0.443689 0.595190
V -21.897 291.334 201.073 0.447360 0.595160
V -13.897 291.334 199.521 0.451032 0.595131
V -5.897 291.334 197.789 0.454703 0.595101
V 2.103 291.334 195.989 0.458374 0.595071
V 10.103 291.334 194.406 0.462046 0.595042
V 18.103 291.334 192.845 0.465717 0.595012
V 26.103 291.334 191.283 0.469389 0.594982
V 34.103 291.334 190.187 0.473060 0.594953
V 42.103 291.334 189.203 0.476731 0.594923
V 50.103 291.334 188.221 0.480403 0.594893
V 58.103 291.334 186.920 0.484074 0.594863
V 66.103 291.334 185.516 0.487746 0.594834
V 74.103 291.334 184.118 0.491417 0.594804
V 82.103 291.334 181.746 0.495088 0.594774
V 90.103 291.334 178.640 0.498760 0.594745
V 98.103 291.334 175.537 0.502431 0.594715
V 106.103 291.334 172.088 0.506102 0.594685
V 114.103 291.334 168.433 0.509774 0.594656
V 122.103 291.334 164.779 0.513445 0.594626
V 130.103 291.334 161.139 0.517117 0.594596
V 138.103 291.334 157.509 0.520788 0.594566
V 146.103 291.334 154.001 0.524459 0.594537
V 154.103 291.334 150.492 0.528131 0.594507
V 162.103 291.334 147.098 0.531802 0.594477
V 170.103 291.334 143.703 0.535474 0.594447
V 178.103 291.334 140.285 0.539145 0.594418
V 186.103 291.334 137.024 0.542816 0.594388
V 194.103 291.334 133.760 0.546488 0.594358
V 202.103 291.334 130.588 0.550159 0.594328
V 210.103 291.334 127.571 0.553830 0.594299
V 218.103 291.334 124.553 0.557502 0.594269
V 226.103 291.334 121.564 0.561173 0.594239
V 234.103 291.334 118.641 0.564845 0.594209
V 242.103 291.334 115.718 0.568516 0.594180
V 250.103 291.334 112.883 0.572187 0.594150
V 258.103 291.334 110.298 0.575859 0.594120
V 266.103 291.334 107.715 0.579530 0.594090
V 274.103 291.334 105.219 0.583201 0.594061
V 282.103 291.334 103.060 0.586873 0.594031
V 290.103 291.334 100.906 0.590544 0.594001
V 298.103 291.334 98.925 0.594216 0.593971
V 306.103 291.334 98.010 0.597887 0.593941
V 314.103 291.334 97.097 0.601558 0.593912
V 322.103 291.334 96.240 0.605230 0.593882
V 330.103 291.334 96.029 0.608901 0.593852
V 338.103 291.334 95.819 0.612573 0.593822
V -173.897 299.334 175.504 0.377634 0.599410
V -165.897 299.334 177.089 0.381305 0.599380
V -157.897 299.334 179.327 0.384976 0.599351
V -149.897 299.334 181.566 0.388648 0.599321
V -141.897 299.334 183.750 0.392319 0.599291
V -133.897 299.334 185.758 0.395990 0.599262
V -125.897 299.334 187.762 0.399662 0.599232
V -117.897 299.334 189.490 0.403333 0.599203
V -109.897 299.334 189.974 0.407005 0.599173
V -101.897 299.334 190.460 0.410676 0.599143
V -93.897 299.334 191.061 0.414347 0.599114
V -85.897 299.334 192.516 0.418019 0.599084
V -77.897 299.334 193.973 0.421690 0.599055
V -69.897 299.334 195.479 0.425362 0.599025
V -61.897 299.334 197.729 0.429033 0.598995
V -53.897 299.334 199.980 0.432704 0.598966
V -45.897 299.334 202.231 0.436376 0.598936
V -37.897 299.334 203.073 0.440047 0.598906
V -29.897 299.334 203.911 0.443718 0.598877
V -21.897 299.334 204.748 0.447390 0.598847
V -13.897 299.334 203.265 0.451061 0.598817
V -5.897 299.334 201.566 0.454733 0.598788
V 2.103 299.334 199.923 0.458404 0.598758
V 10.103 299.334 198.409 0.462075 0.598728
V 18.103 299.334 196.913 0.465747 0.598699
V 26.103 299.334 195.416 0.469418 0.598669
V 34.103 299.334 194.272 0.473090 0.598639
V 42.103 299.334 193.208 0.476761 0.598610
V 50.103 299.334 192.145 0.480432 0.598580
V 58.103 299.334 190.556 0.484104 0.598550
V 66.103 299.334 188.800 0.487775 0.598521
V 74.103 299.334 187.050 0.491447 0.598491
V 82.103 299.334 184.401 0.495118 0.598461
V 90.103 299.334 181.108 0.498789 0.598432
V 98.103 299.334 177.816 0.502461 0.598402
V 106.103 299.334 174.193 0.506132 0.598372
V 114.103 299.334 170.379 0.509803 0.598342
V 122.103 299.334 166.567 0.513475 0.598313
V 130.103 299.334 162.797 0.517146 0.598283
V 138.103 299.334 159.061 0.520818 0.598253
V 146.103 299.334 155.431 0.524489 0.598224
V 154.103 299.334 151.888 0.528160 0.598194
V 162.103 299.334 148.525 0.531832 0.598164
V 170.103 299.334 145.161 0.535503 0.598134
V 178.103 299.334 141.828 0.539175 0.598105
V 186.103 299.334 138.692 0.542846 0.598075
V 194.103 299.334 135.552 0.546517 0.598045
V 202.103 299.334 132.468 0.550189 0.598015
V 210.103 299.334 129.471 0.553860 0.597986
V 218.103 299.334 126.473 0.557531 0.597956
V 226.103 299.334 123.474 0.561203 0.597926
V 234.103 299.334 120.475 0.564874 0.597896
V 242.103 299.334 117.477 0.568546 0.597866
V 250.103 299.334 114.546 0.572217 0.597837
V 258.103 299.334 111.795 0.575888 0.597807
V 266.103 299.334 109.047 0.579560 0.597777
V 274.103 299.334 106.382 0.583231 0.597747
V 282.103 299.334 104.027 0.586903 0.597718
V 290.103 299.334 101.675 0.590574 0.597688
V 298.103 299.334 99.523 0.594245 0.597658
V 306.103 299.334 98.515 0.597917 0.597628
V 314.103 299.334 97.508 0.601588 0.597598
V 322.103 299.334 96.561 0.605259 0.597569
V 330.103 299.334 96.241 0.608931 0.597539
V 338.103 299.334 95.923 0.612602 0.597509
V -173.897 307.334 179.329 0.377663 0.603097
V -165.897 307.334 180.896 0.381334 0.603067
V -157.897 307.334 183.092 0.385006 0.603038
V -149.897 307.334 185.290 0.388677 0.603008
V -141.897 307.334 187.458 0.392349 0.602978
V -133.897 307.334 189.537 0.396020 0.602949
V -125.897 307.334 191.618 0.399691 0.602919
V -117.897 307.334 193.402 0.403363 0.602890
V -109.897 307.334 193.903 0.407034 0.602860
V -101.897 307.334 194.403 0.410705 0.602830
V -93.897 307.334 194.998 0.414377 0.602801
V -85.897 307.334 196.249 0.418048 0.602771
V -77.897 307.334 197.505 0.421720 0.602741
V -69.897 307.334 198.819 0.425391 0.602712
V -61.897 307.334 200.905 0.429062 0.602682
V -53.897 307.334 202.995 0.432734 0.602653
V -45.897 307.334 205.083 0.436405 0.602623
V -37.897 307.334 206.018 0.440077 0.602593
V -29.897 307.334 206.952 0.443748 0.602564
V -21.897 307.334 207.883 0.447419 0.602534
V -13.897 307.334 206.587 0.451091 0.602504
V -5.897 307.334 205.104 0.454762 0.602475
V 2.103 307.334 203.666 0.458434 0.602445
V 10.103 307.334 202.251 0.462105 0.602415
V 18.103 307.334 200.839 0.465776 0.602386
V 26.103 307.334 199.424 0.469448 0.602356
V 34.103 307.334 198.207 0.473119 0.602326
V 42.103 307.334 197.035 0.476791 0.602297
V 50.103 307.334 195.865 0.480462 0.602267
V 58.103 307.334 193.988 0.484133 0.602237
V 66.103 307.334 191.895 0.487805 0.602207
V 74.103 307.334 189.808 0.491476 0.602178
V 82.103 307.334 186.919 0.495147 0.602148
V 90.103 307.334 183.474 0.498819 0.602118
V 98.103 307.334 180.029 0.502490 0.602089
V 106.103 307.334 176.279 0.506162 0.602059
V 114.103 307.334 172.358 0.509833 0.602029
V 122.103 307.334 168.436 0.513504 0.602000
V 130.103 307.334 164.588 0.517176 0.601970
V 138.103 307.334 160.793 0.520847 0.601940
V 146.103 307.334 157.089 0.524519 0.601910
V 154.103 307.334 153.542 0.528190 0.601881
V 162.103 307.334 150.223 0.531861 0.601851
V 170.103 307.334 146.902 0.535533 0.601821
V 178.103 307.334 143.636 0.539204 0.601791
V 186.103 307.334 140.576 0.542876 0.601762
V 194.103 307.334 137.516 0.546547 0.601732
V 202.103 307.334 134.468 0.550218 0.601702
V 210.103 307.334 131.442 0.553890 0.601672
V 218.103 307.334 128.418 0.557561 0.601643
V 226.103 307.334 125.373 0.561232 0.601613
V 234.103 307.334 122.284 0.564904 0.601583
V 242.103 307.334 119.197 0.568575 0.601553
V 250.103 307.334 116.159 0.572247 0.601524
V 258.103 307.334 113.247 0.575918 0.601494
V 266.103 307.334 110.338 0.579589 0.601464
V 274.103 307.334 107.510 0.583261 0.601434
V 282.103 307.334 104.974 0.586932 0.601404
V 290.103 307.334 102.439 0.590604 0.601375
V 298.103 307.334 100.127 0.594275 0.601345
V 306.103 307.334 99.018 0.597946 0.601315
V 314.103 307.334 97.911 0.601618 0.601285
V 322.103 307.334 96.871 0.605289 0.601255
V 330.103 307.334 96.446 0.608961 0.601226
V 338.103 307.334 96.023 0.612632 0.601196
V -173.897 315.334 183.388 0.377692 0.606784
V -165.897 315.334 184.997 0.381364 0.606754
V -157.897 315.334 187.134 0.385035 0.606724
V -149.897 315.334 189.273 0.388707 0.606695
V -141.897 315.334 191.376 0.392378 0.606665
V -133.897 315.334 193.376 0.396049 0.606636
V -125.897 315.334 195.376 0.399721 0.606606
V -117.897 315.334 197.092 0.403392 0.606576
V -109.897 315.334 197.638 0.407064 0.606547
V -101.897 315.334 198.183 0.410735 0.606517
V -93.897 315.334 198.787 0.414406 0.606488
V -85.897 315.334 199.777 0.418078 0.606458
V -77.897 315.334 200.771 0.421749 0.606428
V -69.897 315.334 201.827 0.425421 0.606399
V -61.897 315.334 203.607 0.429092 0.606369
V -53.897 315.334 205.392 0.432763 0.606339
V -45.897 315.334 207.172 0.436435 0.606310
V -37.897 315.334 208.229 0.440106 0.606280
V -29.897 315.334 209.284 0.443778 0.606250
V -21.897 315.334 210.337 0.447449 0.606221
V -13.897 315.334 209.361 0.451120 0.606191
V -5.897 315.334 208.234 0.454792 0.606161
V 2.103 315.334 207.146 0.458463 0.606132
V 10.103 315.334 205.861 0.462135 0.606102
V 18.103 315.334 204.551 0.465806 0.606072
V 26.103 315.334 203.239 0.469477 0.606043
V 34.103 315.334 201.905 0.473149 0.606013
V 42.103 315.334 200.570 0.476820 0.605983
V 50.103 315.334 199.237 0.480491 0.605954
V 58.103 315.334 197.066 0.484163 0.605924
V 66.103 315.334 194.650 0.487834 0.605894
V 74.103 315.334 192.240 0.491506 0.605865
V 82.103 315.334 189.166 0.495177 0.605835
V 90.103 315.334 185.633 0.498848 0.605805
V 98.103 315.334 182.101 0.502520 0.605776
V 106.103 315.334 178.323 0.506191 0.605746
V 114.103 315.334 174.411 0.509863 0.605716
V 122.103 315.334 170.498 0.513534 0.605686
V 130.103 315.334 166.703 0.517205 0.605657
V 138.103 315.334 162.988 0.520877 0.605627
V 146.103 315.334 159.352 0.524548 0.605597
V 154.103 315.334 155.905 0.528220 0.605568
V 162.103 315.334 152.698 0.531891 0.605538
V 170.103 315.334 149.488 0.535562 0.605508
V 178.103 315.334 146.269 0.539234 0.605478
V 186.103 315.334 143.161 0.542905 0.605449
V 194.103 315.334 140.053 0.546577 0.605419
V 202.103 315.334 136.897 0.550248 0.605389
V 210.103 315.334 133.672 0.553919 0.605359
V 218.103 315.334 130.450 0.557591 0.605330
V 226.103 315.334 127.220 0.561262 0.605300
V 234.103 315.334 123.971 0.564934 0.605270
V 242.103 315.334 120.725 0.568605 0.605240
V 250.103 315.334 117.532 0.572276 0.605210
V 258.103 315.334 114.467 0.575948 0.605181
V 266.103 315.334 111.406 0.579619 0.605151
V 274.103 315.334 108.441 0.583290 0.605121
V 282.103 315.334 105.807 0.586962 0.605091
V 290.103 315.334 103.175 0.590633 0.605062
V 298.103 315.334 100.768 0.594305 0.605032
V 306.103 315.334 99.515 0.597976 0.605002
V 314.103 315.334 98.264 0.601647 0.604972
V 322.103 315.334 97.091 0.605319 0.604942
V 330.103 315.334 96.584 0.608990 0.604912
V 338.103 315.334 96.078 0.612662 0.604883
V -173.897 323.334 187.449 0.377722 0.610470
V -165.897 323.334 189.097 0.381393 0.610441
V -157.897 323.334 191.176 0.385065 0.610411
V -149.897 323.334 193.256 0.388736 0.610382
V -141.897 323.334 195.293 0.392407 0.610352
V -133.897 323.334 197.213 0.396079 0.610322
V -125.897 323.334 199.133 0.399750 0.610293
V -117.897 323.334 200.783 0.403422 0.610263
V -109.897 323.334 201.374 0.407093 0.610234
V -101.897 323.334 201.964 0.410764 0.610204
V -93.897 323.334 202.573 0.414436 0.610174
V -85.897 323.334 203.301 0.418107 0.610145
V -77.897 323.334 204.033 0.421779 0.610115
V -69.897 323.334 204.830 0.425450 0.610086
V -61.897 323.334 206.305 0.429121 0.610056
V -53.897 323.334 207.785 0.432793 0.610026
V -45.897 323.334 209.263 0.436464 0.609997
V -37.897 323.334 210.442 0.440136 0.609967
V -29.897 323.334 211.619 0.443807 0.609937
V -21.897 323.334 212.794 0.447478 0.609908
V -13.897 323.334 212.141 0.451150 0.609878
V -5.897 323.334 211.370 0.454821 0.609848
V 2.103 323.334 210.632 0.458493 0.609819
V 10.103 323.334 209.472 0.462164 0.609789
V 18.103 323.334 208.264 0.465835 0.609759
V 26.103 323.334 207.054 0.469507 0.609730
V 34.103 323.334 205.600 0.473178 0.609700
V 42.103 323.334 204.102 0.476850 0.609670
V 50.103 323.334 202.606 0.480521 0.609641
V 58.103 323.334 200.139 0.484192 0.609611
V 66.103 323.334 197.400 0.487864 0.609581
V 74.103 323.334 194.666 0.491535 0.609552
V 82.103 323.334 191.413 0.495207 0.609522
V 90.103 323.334 187.793 0.498878 0.609492
V 98.103 323.334 184.174 0.502549 0.609462
V 106.103 323.334 180.370 0.506221 0.609433
V 114.103 323.334 176.467 0.509892 0.609403
V 122.103 323.334 172.563 0.513564 0.609373
V 130.103 323.334 168.821 0.517235 0.609344
V 138.103 323.334 165.186 0.520906 0.609314
V 146.103 323.334 161.549 0.524578 0.609284
V 154.103 323.334 158.274 0.528249 0.609254
V 162.103 323.334 155.178 0.531921 0.609225
V 170.103 323.334 152.079 0.535592 0.609195
V 178.103 323.334 148.951 0.539263 0.609165
V 186.103 323.334 145.748 0.542935 0.609135
V 194.103 323.334 142.593 0.546606 0.609106
V 202.103 323.334 139.326 0.550278 0.609076
V 210.103 323.334 135.902 0.553949 0.609046
V 218.103 323.334 132.481 0.557620 0.609016
V 226.103 323.334 129.066 0.561292 0.608987
V 234.103 323.334 125.658 0.564963 0.608957
V 242.103 323.334 122.252 0.568635 0.608927
V 250.103 323.334 118.903 0.572306 0.608897
V 258.103 323.334 115.687 0.575977 0.608868
V 266.103 323.334 112.473 0.579649 0.608838
V 274.103 323.334 109.372 0.583320 0.608808
V 282.103 323.334 106.640 0.586992 0.608778
V 290.103 323.334 103.910 0.590663 0.608748
V 298.103 323.334 101.409 0.594334 0.608719
V 306.103 323.334 100.011 0.598006 0.608689
V 314.103 323.334 98.615 0.601677 0.608659
V 322.103 323.334 97.311 0.605348 0.608629
V 330.103 323.334 96.721 0.609020 0.608599
V 338.103 323.334 96.133 0.612691 0.608570
V -917.897 -932.666 136.944 0.031709 0.034410
V -887.897 -932.666 137.170 0.045474 0.034300
V -857.897 -932.666 138.577 0.059240 0.034190
V -827.897 -932.666 139.462 0.073006 0.034080
V -797.897 -932.666 139.568 0.086771 0.033971
V -767.897 -932.666 141.372 0.100537 0.033861
V -737.897 -932.666 144.526 0.114303 0.033751
V -707.897 -932.666 147.457 0.128069 0.033641
V -677.897 -932.666 146.008 0.141834 0.033531
V -647.897 -932.666 150.125 0.155600 0.033421
V -617.897 -932.666 159.447 0.169366 0.033311
V -587.897 -932.666 169.494 0.183131 0.033200
V -557.897 -932.666 175.500 0.196897 0.033090
V -527.897 -932.666 178.570 0.210663 0.032980
V -497.897 -932.666 183.300 0.224428 0.032870
V -467.897 -932.666 193.061 0.238194 0.032759
V -437.897 -932.666 204.536 0.251960 0.032649
V -407.897 -932.666 205.535 0.265725 0.032538
V -377.897 -932.666 198.572 0.279491 0.032428
V -347.897 -932.666 194.612 0.293257 0.032317
V -317.897 -932.666 198.564 0.307022 0.032207
V -287.897 -932.666 200.912 0.320788 0.032096
V -257.897 -932.666 190.336 0.334554 0.031985
V -227.897 -932.666 175.738 0.348319 0.031874
V -197.897 -932.666 162.244 0.362085 0.031764
V -167.897 -932.666 151.867 0.375851 0.031653
V -137.897 -932.666 143.261 0.389616 0.031542
V -107.897 -932.666 134.210 0.403382 0.031431
V -77.897 -932.666 133.032 0.417148 0.031320
V -47.897 -932.666 139.279 0.430913 0.031209
V -17.897 -932.666 143.918 0.444679 0.031098
V 12.103 -932.666 147.593 0.458444 0.030986
V 42.103 -932.666 153.606 0.472210 0.030875
V 72.103 -932.666 163.989 0.485976 0.030764
V 102.103 -932.666 172.295 0.499741 0.030653
V 132.103 -932.666 175.481 0.513507 0.030541
V 162.103 -932.666 178.603 0.527273 0.030430
V 192.103 -932.666 182.741 0.541038 0.030318
V 222.103 -932.666 181.011 0.554804 0.030207
V 252.103 -932.666 176.643 0.568570 0.030095
V 282.103 -932.666 179.245 0.582335 0.029984
V 312.103 -932.666 190.830 0.596101 0.029872
V 342.103 -932.666 204.405 0.609866 0.029760
V 372.103 -932.666 218.382 0.623632 0.029648
V 402.103 -932.666 232.569 0.637398 0.029537
V 432.103 -932.666 245.606 0.651163 0.029425
V 462.103 -932.666 250.876 0.664929 0.029313
V 492.103 -932.666 250.031 0.678695 0.029201
V 522.103 -932.666 253.029 0.692460 0.029089
V 552.103 -932.666 252.355 0.706226 0.028977
V 582.103 -932.666 245.492 0.719991 0.028865
V 612.103 -932.666 240.491 0.733757 0.028752
V 642.103 -932.666 235.341 0.747523 0.028640
V 672.103 -932.666 234.965 0.761288 0.028528
V 702.103 -932.666 232.380 0.775054 0.028415
V 732.103 -932.666 234.400 0.788820 0.028303
V 762.103 -932.666 242.043 0.802585 0.028191
V 792.103 -932.666 245.050 0.816351 0.028078
V 822.103 -932.666 245.954 0.830116 0.027966
V 852.103 -932.666 243.822 0.843882 0.027853
V 882.103 -932.666 236.152 0.857648 0.027740
V 912.103 -932.666 236.526 0.871413 0.027628
V 942.103 -932.666 241.393 0.885179 0.027515
V 972.103 -932.666 237.961 0.898944 0.027402
V 1002.103 -932.666 231.333 0.912710 0.027289
V 1032.103 -932.666 225.970 0.926476 0.027177
V 1062.103 -932.666 220.496 0.940241 0.027064
V -917.897 -902.666 138.966 0.031818 0.048233
V -887.897 -902.666 135.988 0.045584 0.048124
V -857.897 -902.666 134.916 0.059349 0.048014
V -827.897 -902.666 134.303 0.073115 0.047904
V -797.897 -902.666 135.049 0.086881 0.047794
V -767.897 -902.666 136.186 0.100647 0.047684
V -737.897 -902.666 139.215 0.114412 0.047575
V -707.897 -902.666 142.231 0.128178 0.047465
V -677.897 -902.666 140.953 0.141944 0.047355
V -647.897 -902.666 143.586 0.155710 0.047245
V -617.897 -902.666 151.690 0.169475 0.047134
V -587.897 -902.666 159.886 0.183241 0.047024
V -557.897 -902.666 162.194 0.197007 0.046914
V -527.897 -902.666 167.486 0.210772 0.046804
V -497.897 -902.666 178.220 0.224538 0.046693
V -467.897 -902.666 189.414 0.238304 0.046583
V -437.897 -902.666 196.532 0.252070 0.046473
V -407.897 -902.666 193.578 0.265835 0.046362
V -377.897 -902.666 186.987 0.279601 0.046252
V -347.897 -902.666 184.236 0.293367 0.046141
V -317.897 -902.666 190.743 0.307132 0.046030
V -287.897 -902.666 197.689 0.320898 0.045920
V -257.897 -902.666 192.378 0.334664 0.045809
V -227.897 -902.666 178.533 0.348430 0.045698
V -197.897 -902.666 166.126 0.362195 0.045587
V -167.897 -902.666 155.208 0.375961 0.045476
V -137.897 -902.666 146.251 0.389727 0.045366
V -107.897 -902.666 136.787 0.403492 0.045255
V -77.897 -902.666 131.399 0.417258 0.045144
V -47.897 -902.666 135.039 0.431024 0.045032
V -17.897 -902.666 139.670 0.444790 0.044921
V 12.103 -902.666 143.003 0.458555 0.044810
V 42.103 -902.666 149.271 0.472321 0.044699
V 72.103 -902.666 156.672 0.486087 0.044588
V 102.103 -902.666 161.418 0.499852 0.044476
V 132.103 -902.666 166.439 0.513618 0.044365
V 162.103 -902.666 173.989 0.527384 0.044254
V 192.103 -902.666 176.634 0.541149 0.044142
V 222.103 -902.666 172.494 0.554915 0.044030
V 252.103 -902.666 170.723 0.568681 0.043919
V 282.103 -902.666 177.731 0.582446 0.043807
V 312.103 -902.666 189.799 0.596212 0.043696
V 342.103 -902.666 202.305 0.609978 0.043584
V 372.103 -902.666 215.828 0.623743 0.043472
V 402.103 -902.666 229.620 0.637509 0.043360
V 432.103 -902.666 241.013 0.651275 0.043248
V 462.103 -902.666 242.803 0.665040 0.043136
V 492.103 -902.666 240.803 0.678806 0.043024
V 522.103 -902.666 242.119 0.692572 0.042912
V 552.103 -902.666 240.432 0.706337 0.042800
V 582.103 -902.666 235.273 0.720103 0.042688
V 612.103 -902.666 229.177 0.733869 0.042576
V 642.103 -902.666 224.913 0.747634 0.042464
V 672.103 -902.666 225.455 0.761400 0.042352
V 702.103 -902.666 228.882 0.775166 0.042239
V 732.103 -902.666 236.015 0.788931 0.042127
V 762.103 -902.666 242.189 0.802697 0.042014
V 792.103 -902.666 239.874 0.816463 0.041902
V 822.103 -902.666 235.726 0.830228 0.041789
V 852.103 -902.666 231.644 0.843994 0.041677
V 882.103 -902.666 225.705 0.857760 0.041564
V 912.103 -902.666 225.174 0.871525 0.041451
V 942.103 -902.666 228.013 0.885291 0.041339
V 972.103 -902.666 225.805 0.899057 0.041226
V 1002.103 -902.666 221.692 0.912822 0.041113
V 1032.103 -902.666 220.930 0.926588 0.041000
V 1062.103 -902.666 217.805 0.940354 0.040887
V -917.897 -872.666 142.595 0.031927 0.062057
V -887.897 -872.666 139.745 0.045693 0.061947
V -857.897 -872.666 136.082 0.059459 0.061838
V -827.897 -872.666 133.831 0.073224 0.061728
V -797.897 -872.666 132.656 0.086990 0.061618
V -767.897 -872.666 132.459 0.100756 0.061508
V -737.897 -872.666 134.421 0.114522 0.061398
V -707.897 -872.666 137.831 0.128288 0.061288
V -677.897 -872.666 139.035 0.142053 0.061178
V -647.897 -872.666 138.198 0.155819 0.061068
V -617.897 -872.666 144.209 0.169585 0.060958
V -587.897 -872.666 149.329 0.183351 0.060848
V -557.897 -872.666 150.827 0.197116 0.060738
V -527.897 -872.666 158.355 0.210882 0.060627
V -497.897 -872.666 169.420 0.224648 0.060517
V -467.897 -872.666 179.166 0.238414 0.060407
V -437.897 -872.666 183.414 0.252180 0.060296
V -407.897 -872.666 181.879 0.265945 0.060186
V -377.897 -872.666 175.034 0.279711 0.060075
V -347.897 -872.666 173.301 0.293477 0.059965
V -317.897 -872.666 181.785 0.307243 0.059854
V -287.897 -872.666 192.387 0.321008 0.059743
V -257.897 -872.666 193.800 0.334774 0.059633
V -227.897 -872.666 182.714 0.348540 0.059522
V -197.897 -872.666 168.747 0.362306 0.059411
V -167.897 -872.666 156.893 0.376071 0.059300
V -137.897 -872.666 148.150 0.389837 0.059189
V -107.897 -872.666 139.059 0.403603 0.059078
V -77.897 -872.666 131.187 0.417369 0.058967
V -47.897 -872.666 131.195 0.431134 0.058856
V -17.897 -872.666 136.047 0.444900 0.058745
V 12.103 -872.666 139.825 0.458666 0.058634
V 42.103 -872.666 144.793 0.472432 0.058523
V 72.103 -872.666 150.050 0.486197 0.058411
V 102.103 -872.666 156.919 0.499963 0.058300
V 132.103 -872.666 166.449 0.513729 0.058189
V 162.103 -872.666 174.147 0.527495 0.058077
V 192.103 -872.666 171.715 0.541260 0.057966
V 222.103 -872.666 166.696 0.555026 0.057854
V 252.103 -872.666 169.084 0.568792 0.057743
V 282.103 -872.666 177.827 0.582558 0.057631
V 312.103 -872.666 188.372 0.596323 0.057519
V 342.103 -872.666 200.758 0.610089 0.057408
V 372.103 -872.666 213.254 0.623855 0.057296
V 402.103 -872.666 224.784 0.637621 0.057184
V 432.103 -872.666 233.702 0.651386 0.057072
V 462.103 -872.666 232.656 0.665152 0.056960
V 492.103 -872.666 231.654 0.678918 0.056848
V 522.103 -872.666 232.949 0.692683 0.056736
V 552.103 -872.666 227.545 0.706449 0.056624
V 582.103 -872.666 221.466 0.720215 0.056512
V 612.103 -872.666 217.475 0.733981 0.056400
V 642.103 -872.666 220.367 0.747746 0.056288
V 672.103 -872.666 227.921 0.761512 0.056175
V 702.103 -872.666 235.675 0.775278 0.056063
V 732.103 -872.666 242.910 0.789043 0.055951
V 762.103 -872.666 246.361 0.802809 0.055838
V 792.103 -872.666 240.545 0.816575 0.055726
V 822.103 -872.666 232.003 0.830341 0.055613
V 852.103 -872.666 223.299 0.844106 0.055500
V 882.103 -872.666 216.997 0.857872 0.055388
V 912.103 -872.666 215.372 0.871638 0.055275
V 942.103 -872.666 215.936 0.885403 0.055162
V 972.103 -872.666 214.651 0.899169 0.055050
V 1002.103 -872.666 213.964 0.912935 0.054937
V 1032.103 -872.666 217.555 0.926700 0.054824
V 1062.103 -872.666 215.543 0.940466 0.054711
V -917.897 -842.666 146.278 0.032036 0.075881
V -887.897 -842.666 145.889 0.045802 0.075771
V -857.897 -842.666 143.241 0.059568 0.075662
V -827.897 -842.666 139.739 0.073334 0.075552
V -797.897 -842.666 134.173 0.087100 0.075442
V -767.897 -842.666 132.129 0.100865 0.075332
V -737.897 -842.666 132.861 0.114631 0.075222
V -707.897 -842.666 134.196 0.128397 0.075112
V -677.897 -842.666 135.168 0.142163 0.075002
V -647.897 -842.666 135.188 0.155929 0.074892
V -617.897 -842.666 137.679 0.169695 0.074782
V -587.897 -842.666 140.663 0.183460 0.074672
V -557.897 -842.666 142.155 0.197226 0.074562
V -527.897 -842.666 149.204 0.210992 0.074451
V -497.897 -842.666 157.501 0.224758 0.074341
V -467.897 -842.666 164.227 0.238524 0.074231
V -437.897 -842.666 167.840 0.252290 0.074120
V -407.897 -842.666 169.706 0.266055 0.074010
V -377.897 -842.666 165.101 0.279821 0.073899
V -347.897 -842.666 162.643 0.293587 0.073789
V -317.897 -842.666 171.406 0.307353 0.073678
V -287.897 -842.666 182.529 0.321119 0.073567
V -257.897 -842.666 185.124 0.334884 0.073457
V -227.897 -842.666 180.049 0.348650 0.073346
V -197.897 -842.666 171.733 0.362416 0.073235
V -167.897 -842.666 162.439 0.376182 0.073124
V -137.897 -842.666 152.094 0.389948 0.073013
V -107.897 -842.666 139.818 0.403713 0.072902
V -77.897 -842.666 130.000 0.417479 0.072791
V -47.897 -842.666 128.928 0.431245 0.072680
V -17.897 -842.666 133.624 0.445011 0.072569
V 12.103 -842.666 138.078 0.458777 0.072458
V 42.103 -842.666 142.581 0.472542 0.072346
V 72.103 -842.666 148.981 0.486308 0.072235
V 102.103 -842.666 159.182 0.500074 0.072124
V 132.103 -842.666 171.217 0.513840 0.072012
V 162.103 -842.666 176.662 0.527606 0.071901
V 192.103 -842.666 168.648 0.541371 0.071790
V 222.103 -842.666 163.346 0.555137 0.071678
V 252.103 -842.666 169.518 0.568903 0.071566
V 282.103 -842.666 180.437 0.582669 0.071455
V 312.103 -842.666 191.156 0.596435 0.071343
V 342.103 -842.666 200.440 0.610200 0.071231
V 372.103 -842.666 208.356 0.623966 0.071120
V 402.103 -842.666 216.227 0.637732 0.071008
V 432.103 -842.666 222.607 0.651498 0.070896
V 462.103 -842.666 221.752 0.665263 0.070784
V 492.103 -842.666 223.556 0.679029 0.070672
V 522.103 -842.666 224.435 0.692795 0.070560
V 552.103 -842.666 215.452 0.706561 0.070448
V 582.103 -842.666 207.563 0.720327 0.070336
V 612.103 -842.666 209.285 0.734092 0.070224
V 642.103 -842.666 220.148 0.747858 0.070111
V 672.103 -842.666 232.629 0.761624 0.069999
V 702.103 -842.666 243.725 0.775390 0.069887
V 732.103 -842.666 252.543 0.789155 0.069774
V 762.103 -842.666 253.800 0.802921 0.069662
V 792.103 -842.666 244.706 0.816687 0.069549
V 822.103 -842.666 233.098 0.830453 0.069437
V 852.103 -842.666 223.206 0.844218 0.069324
V 882.103 -842.666 214.799 0.857984 0.069212
V 912.103 -842.666 210.604 0.871750 0.069099
V 942.103 -842.666 207.889 0.885516 0.068986
V 972.103 -842.666 205.505 0.899281 0.068873
V 1002.103 -842.666 206.572 0.913047 0.068761
V 1032.103 -842.666 211.785 0.926813 0.068648
V 1062.103 -842.666 212.177 0.940579 0.068535
V -917.897 -812.666 152.075 0.032145 0.089705
V -887.897 -812.666 150.051 0.045911 0.089595
V -857.897 -812.666 146.613 0.059677 0.089486
V -827.897 -812.666 143.065 0.073443 0.089376
V -797.897 -812.666 138.108 0.087209 0.089266
V -767.897 -812.666 132.692 0.100975 0.089156
V -737.897 -812.666 130.036 0.114741 0.089046
V -707.897 -812.666 129.854 0.128507 0.088936
V -677.897 -812.666 130.061 0.142273 0.088826
V -647.897 -812.666 130.705 0.156038 0.088716
V -617.897 -812.666 133.086 0.169804 0.088606
V -587.897 -812.666 136.232 0.183570 0.088496
V -557.897 -812.666 137.057 0.197336 0.088385
V -527.897 -812.666 140.825 0.211102 0.088275
V -497.897 -812.666 145.432 0.224868 0.088165
V -467.897 -812.666 149.894 0.238634 0.088054
V -437.897 -812.666 153.769 0.252400 0.087944
V -407.897 -812.666 156.202 0.266165 0.087834
V -377.897 -812.666 152.912 0.279931 0.087723
V -347.897 -812.666 152.606 0.293697 0.087612
V -317.897 -812.666 161.285 0.307463 0.087502
V -287.897 -812.666 170.503 0.321229 0.087391
V -257.897 -812.666 171.065 0.334995 0.087280
V -227.897 -812.666 168.004 0.348761 0.087170
V -197.897 -812.666 164.329 0.362526 0.087059
V -167.897 -812.666 157.333 0.376292 0.086948
V -137.897 -812.666 148.672 0.390058 0.086837
V -107.897 -812.666 138.008 0.403824 0.086726
V -77.897 -812.666 129.242 0.417590 0.086615
V -47.897 -812.666 128.338 0.431356 0.086504
V -17.897 -812.666 131.937 0.445122 0.086393
V 12.103 -812.666 135.907 0.458887 0.086282
V 42.103 -812.666 141.238 0.472653 0.086170
V 72.103 -812.666 149.503 0.486419 0.086059
V 102.103 -812.666 161.218 0.500185 0.085948
V 132.103 -812.666 173.669 0.513951 0.085836
V 162.103 -812.666 177.224 0.527717 0.085725
V 192.103 -812.666 166.838 0.541482 0.085613
V 222.103 -812.666 160.501 0.555248 0.085502
V 252.103 -812.666 167.573 0.569014 0.085390
V 282.103 -812.666 179.498 0.582780 0.085279
V 312.103 -812.666 188.535 0.596546 0.085167
V 342.103 -812.666 193.113 0.610312 0.085055
V 372.103 -812.666 198.723 0.624077 0.084943
V 402.103 -812.666 206.579 0.637843 0.084832
V 432.103 -812.666 210.621 0.651609 0.084720
V 462.103 -812.666 210.726 0.665375 0.084608
V 492.103 -812.666 213.819 0.679141 0.084496
V 522.103 -812.666 213.575 0.692907 0.084384
V 552.103 -812.666 204.762 0.706672 0.084272
V 582.103 -812.666 198.726 0.720438 0.084160
V 612.103 -812.666 206.419 0.734204 0.084047
V 642.103 -812.666 220.118 0.747970 0.083935
V 672.103 -812.666 233.989 0.761736 0.083823
V 702.103 -812.666 247.601 0.775501 0.083710
V 732.103 -812.666 259.820 0.789267 0.083598
V 762.103 -812.666 261.834 0.803033 0.083486
V 792.103 -812.666 251.056 0.816799 0.083373
V 822.103 -812.666 237.976 0.830565 0.083261
V 852.103 -812.666 227.397 0.844331 0.083148
V 882.103 -812.666 219.167 0.858096 0.083035
V 912.103 -812.666 214.725 0.871862 0.082923
V 942.103 -812.666 209.347 0.885628 0.082810
V 972.103 -812.666 203.850 0.899394 0.082697
V 1002.103 -812.666 201.308 0.913160 0.082584
V 1032.103 -812.666 202.886 0.926925 0.082471
V 1062.103 -812.666 205.310 0.940691 0.082358
V -917.897 -782.666 161.818 0.032255 0.103529
V -887.897 -782.666 158.793 0.046021 0.103419
V -857.897 -782.666 153.728 0.059787 0.103309
V -827.897 -782.666 148.828 0.073552 0.103200
V -797.897 -782.666 143.944 0.087318 0.103090
V -767.897 -782.666 139.091 0.101084 0.102980
V -737.897 -782.666 133.937 0.114850 0.102870
V -707.897 -782.666 129.817 0.128616 0.102760
V -677.897 -782.666 127.939 0.142382 0.102650
V -647.897 -782.666 128.062 0.156148 0.102540
V -617.897 -782.666 129.520 0.169914 0.102430
V -587.897 -782.666 133.421 0.183680 0.102320
V -557.897 -782.666 134.402 0.197446 0.102209
V -527.897 -782.666 134.808 0.211212 0.102099
V -497.897 -782.666 136.244 0.224978 0.101989
V -467.897 -782.666 139.220 0.238744 0.101878
V -437.897 -782.666 141.836 0.252510 0.101768
V -407.897 -782.666 142.854 0.266275 0.101658
V -377.897 -782.666 141.049 0.280041 0.101547
V -347.897 -782.666 143.290 0.293807 0.101436
V -317.897 -782.666 151.177 0.307573 0.101326
V -287.897 -782.666 156.198 0.321339 0.101215
V -257.897 -782.666 156.464 0.335105 0.101104
V -227.897 -782.666 156.068 0.348871 0.100994
V -197.897 -782.666 155.162 0.362637 0.100883
V -167.897 -782.666 147.599 0.376403 0.100772
V -137.897 -782.666 140.547 0.390169 0.100661
V -107.897 -782.666 133.487 0.403935 0.100550
V -77.897 -782.666 127.234 0.417700 0.100439
V -47.897 -782.666 127.535 0.431466 0.100328
V -17.897 -782.666 130.545 0.445232 0.100217
V 12.103 -782.666 133.496 0.458998 0.100105
V 42.103 -782.666 139.993 0.472764 0.099994
V 72.103 -782.666 149.164 0.486530 0.099883
V 102.103 -782.666 160.196 0.500296 0.099772
V 132.103 -782.666 172.307 0.514062 0.099660
V 162.103 -782.666 176.654 0.527828 0.099549
V 192.103 -782.666 166.361 0.541594 0.099437
V 222.103 -782.666 157.864 0.555359 0.099326
V 252.103 -782.666 162.732 0.569125 0.099214
V 282.103 -782.666 172.917 0.582891 0.099103
V 312.103 -782.666 178.633 0.596657 0.098991
V 342.103 -782.666 181.782 0.610423 0.098879
V 372.103 -782.666 187.833 0.624189 0.098767
V 402.103 -782.666 194.972 0.637955 0.098656
V 432.103 -782.666 199.267 0.651721 0.098544
V 462.103 -782.666 200.980 0.665486 0.098432
V 492.103 -782.666 203.216 0.679252 0.098320
V 522.103 -782.666 201.780 0.693018 0.098208
V 552.103 -782.666 195.135 0.706784 0.098096
V 582.103 -782.666 194.053 0.720550 0.097983
V 612.103 -782.666 206.167 0.734316 0.097871
V 642.103 -782.666 220.653 0.748082 0.097759
V 672.103 -782.666 234.499 0.761848 0.097647
V 702.103 -782.666 248.541 0.775613 0.097534
V 732.103 -782.666 260.386 0.789379 0.097422
V 762.103 -782.666 263.356 0.803145 0.097310
V 792.103 -782.666 255.614 0.816911 0.097197
V 822.103 -782.666 243.465 0.830677 0.097084
V 852.103 -782.666 233.806 0.844443 0.096972
V 882.103 -782.666 228.530 0.858209 0.096859
V 912.103 -782.666 224.613 0.871974 0.096747
V 942.103 -782.666 217.643 0.885740 0.096634
V 972.103 -782.666 210.041 0.899506 0.096521
V 1002.103 -782.666 202.630 0.913272 0.096408
V 1032.103 -782.666 197.508 0.927038 0.096295
V 1062.103 -782.666 198.204 0.940804 0.096182
V -917.897 -752.666 173.759 0.032364 0.117353
V -887.897 -752.666 168.954 0.046130 0.117243
V -857.897 -752.666 160.912 0.059896 0.117133
V -827.897 -752.666 156.036 0.073662 0.117024
V -797.897 -752.666 152.790 0.087428 0.116914
V -767.897 -752.666 147.432 0.101194 0.116804
V -737.897 -752.666 142.197 0.114960 0.116694
V -707.897 -752.666 137.561 0.128726 0.116584
V -677.897 -752.666 131.609 0.142492 0.116474
V -647.897 -752.666 128.163 0.156258 0.116364
V -617.897 -752.666 129.796 0.170024 0.116254
V -587.897 -752.666 131.599 0.183790 0.116144
V -557.897 -752.666 131.321 0.197556 0.116033
V -527.897 -752.666 130.278 0.211322 0.115923
V -497.897 -752.666 131.223 0.225088 0.115813
V -467.897 -752.666 132.979 0.238854 0.115702
V -437.897 -752.666 134.353 0.252620 0.115592
V -407.897 -752.666 134.986 0.266386 0.115481
V -377.897 -752.666 134.368 0.280151 0.115371
V -347.897 -752.666 136.768 0.293917 0.115260
V -317.897 -752.666 141.091 0.307683 0.115150
V -287.897 -752.666 143.925 0.321449 0.115039
V -257.897 -752.666 144.232 0.335215 0.114928
V -227.897 -752.666 144.894 0.348981 0.114818
V -197.897 -752.666 147.448 0.362747 0.114707
V -167.897 -752.666 142.130 0.376513 0.114596
V -137.897 -752.666 134.267 0.390279 0.114485
V -107.897 -752.666 129.577 0.404045 0.114374
V -77.897 -752.666 125.300 0.417811 0.114263
V -47.897 -752.666 126.731 0.431577 0.114152
V -17.897 -752.666 129.408 0.445343 0.114041
V 12.103 -752.666 133.348 0.459109 0.113929
V 42.103 -752.666 140.614 0.472875 0.113818
V 72.103 -752.666 149.844 0.486641 0.113707
V 102.103 -752.666 160.221 0.500407 0.113596
V 132.103 -752.666 170.641 0.514173 0.113484
V 162.103 -752.666 174.525 0.527939 0.113373
V 192.103 -752.666 165.134 0.541705 0.113261
V 222.103 -752.666 155.781 0.555470 0.113150
V 252.103 -752.666 156.919 0.569236 0.113038
V 282.103 -752.666 163.353 0.583002 0.112926
V 312.103 -752.666 166.729 0.596768 0.112815
V 342.103 -752.666 170.660 0.610534 0.112703
V 372.103 -752.666 176.155 0.624300 0.112591
V 402.103 -752.666 182.347 0.638066 0.112479
V 432.103 -752.666 189.492 0.651832 0.112368
V 462.103 -752.666 194.657 0.665598 0.112256
V 492.103 -752.666 194.709 0.679364 0.112144
V 522.103 -752.666 189.797 0.693130 0.112032
V 552.103 -752.666 186.203 0.706896 0.111919
V 582.103 -752.666 193.048 0.720662 0.111807
V 612.103 -752.666 207.769 0.734428 0.111695
V 642.103 -752.666 222.774 0.748193 0.111583
V 672.103 -752.666 235.121 0.761959 0.111471
V 702.103 -752.666 245.812 0.775725 0.111358
V 732.103 -752.666 251.328 0.789491 0.111246
V 762.103 -752.666 253.507 0.803257 0.111133
V 792.103 -752.666 252.235 0.817023 0.111021
V 822.103 -752.666 245.913 0.830789 0.110908
V 852.103 -752.666 240.773 0.844555 0.110796
V 882.103 -752.666 238.131 0.858321 0.110683
V 912.103 -752.666 233.251 0.872087 0.110570
V 942.103 -752.666 224.896 0.885853 0.110458
V 972.103 -752.666 216.058 0.899618 0.110345
V 1002.103 -752.666 205.088 0.913384 0.110232
V 1032.103 -752.666 196.628 0.927150 0.110119
V 1062.103 -752.666 195.342 0.940916 0.110006
V -917.897 -722.666 187.599 0.032473 0.131177
V -887.897 -722.666 178.771 0.046239 0.131067
V -857.897 -722.666 168.285 0.060005 0.130958
V -827.897 -722.666 164.441 0.073771 0.130848
V -797.897 -722.666 163.185 0.087537 0.130738
V -767.897 -722.666 157.807 0.101303 0.130628
V -737.897 -722.666 152.944 0.115069 0.130518
V -707.897 -722.666 146.883 0.128835 0.130408
V -677.897 -722.666 138.199 0.142601 0.130298
V -647.897 -722.666 130.149 0.156367 0.130188
V -617.897 -722.666 127.048 0.170133 0.130078
V -587.897 -722.666 126.763 0.183899 0.129968
V -557.897 -722.666 125.879 0.197665 0.129857
V -527.897 -722.666 125.070 0.211431 0.129747
V -497.897 -722.666 126.528 0.225198 0.129637
V -467.897 -722.666 126.573 0.238964 0.129526
V -437.897 -722.666 127.458 0.252730 0.129416
V -407.897 -722.666 130.429 0.266496 0.129306
V -377.897 -722.666 130.958 0.280262 0.129195
V -347.897 -722.666 132.184 0.294028 0.129084
V -317.897 -722.666 133.780 0.307794 0.128974
V -287.897 -722.666 134.300 0.321560 0.128863
V -257.897 -722.666 134.152 0.335326 0.128752
V -227.897 -722.666 134.906 0.349092 0.128642
V -197.897 -722.666 138.760 0.362858 0.128531
V -167.897 -722.666 137.244 0.376624 0.128420
V -137.897 -722.666 130.768 0.390390 0.128309
V -107.897 -722.666 125.891 0.404156 0.128198
V -77.897 -722.666 123.837 0.417922 0.128087
V -47.897 -722.666 126.557 0.431688 0.127976
V -17.897 -722.666 129.562 0.445454 0.127865
V 12.103 -722.666 134.957 0.459220 0.127753
V 42.103 -722.666 142.785 0.472986 0.127642
V 72.103 -722.666 152.178 0.486752 0.127531
V 102.103 -722.666 162.565 0.500518 0.127420
V 132.103 -722.666 169.513 0.514284 0.127308
V 162.103 -722.666 168.217 0.528050 0.127197
V 192.103 -722.666 161.863 0.541816 0.127085
V 222.103 -722.666 153.879 0.555582 0.126974
V 252.103 -722.666 151.213 0.569348 0.126862
V 282.103 -722.666 154.296 0.583114 0.126750
V 312.103 -722.666 157.486 0.596880 0.126639
V 342.103 -722.666 162.924 0.610646 0.126527
V 372.103 -722.666 169.705 0.624411 0.126415
V 402.103 -722.666 178.073 0.638177 0.126303
V 432.103 -722.666 188.378 0.651943 0.126192
V 462.103 -722.666 192.884 0.665709 0.126080
V 492.103 -722.666 187.932 0.679475 0.125968
V 522.103 -722.666 180.361 0.693241 0.125856
V 552.103 -722.666 182.766 0.707007 0.125743
V 582.103 -722.666 195.122 0.720773 0.125631
V 612.103 -722.666 210.734 0.734539 0.125519
V 642.103 -722.666 225.337 0.748305 0.125407
V 672.103 -722.666 234.662 0.762071 0.125295
V 702.103 -722.666 238.118 0.775837 0.125182
V 732.103 -722.666 237.071 0.789603 0.125070
V 762.103 -722.666 238.347 0.803369 0.124957
V 792.103 -722.666 240.448 0.817135 0.124845
V 822.103 -722.666 240.043 0.830901 0.124732
V 852.103 -722.666 238.463 0.844667 0.124620
V 882.103 -722.666 237.580 0.858433 0.124507
V 912.103 -722.666 233.830 0.872199 0.124394
V 942.103 -722.666 225.191 0.885965 0.124282
V 972.103 -722.666 214.746 0.899731 0.124169
V 1002.103 -722.666 202.770 0.913497 0.124056
V 1032.103 -722.666 195.967 0.927263 0.123943
V 1062.103 -722.666 195.342 0.941029 0.123830
V -917.897 -692.666 199.076 0.032582 0.145001
V -887.897 -692.666 187.081 0.046348 0.144891
V -857.897 -692.666 176.317 0.060114 0.144782
V -827.897 -692.666 169.847 0.073881 0.144672
V -797.897 -692.666 165.640 0.087647 0.144562
V -767.897 -692.666 160.749 0.101413 0.144452
V -737.897 -692.666 155.135 0.115179 0.144342
V -707.897 -692.666 147.296 0.128945 0.144232
V -677.897 -692.666 139.390 0.142711 0.144122
V -647.897 -692.666 134.129 0.156477 0.144012
V -617.897 -692.666 131.536 0.170243 0.143902
V -587.897 -692.666 129.039 0.184009 0.143792
V -557.897 -692.666 125.857 0.197775 0.143682
V -527.897 -692.666 124.546 0.211541 0.143571
V -497.897 -692.666 124.222 0.225307 0.143461
V -467.897 -692.666 122.517 0.239073 0.143351
V -437.897 -692.666 122.744 0.252840 0.143240
V -407.897 -692.666 126.101 0.266606 0.143130
V -377.897 -692.666 128.244 0.280372 0.143019
V -347.897 -692.666 128.578 0.294138 0.142908
V -317.897 -692.666 128.677 0.307904 0.142798
V -287.897 -692.666 128.700 0.321670 0.142687
V -257.897 -692.666 128.111 0.335436 0.142576
V -227.897 -692.666 128.105 0.349202 0.142466
V -197.897 -692.666 129.811 0.362968 0.142355
V -167.897 -692.666 129.709 0.376734 0.142244
V -137.897 -692.666 125.621 0.390500 0.142133
V -107.897 -692.666 121.947 0.404266 0.142022
V -77.897 -692.666 123.037 0.418032 0.141911
V -47.897 -692.666 125.824 0.431798 0.141800
V -17.897 -692.666 129.325 0.445564 0.141689
V 12.103 -692.666 135.588 0.459330 0.141578
V 42.103 -692.666 143.933 0.473096 0.141466
V 72.103 -692.666 152.272 0.486862 0.141355
V 102.103 -692.666 158.910 0.500629 0.141244
V 132.103 -692.666 161.159 0.514395 0.141132
V 162.103 -692.666 158.103 0.528161 0.141021
V 192.103 -692.666 156.846 0.541927 0.140909
V 222.103 -692.666 152.094 0.555693 0.140798
V 252.103 -692.666 146.739 0.569459 0.140686
V 282.103 -692.666 148.028 0.583225 0.140575
V 312.103 -692.666 154.948 0.596991 0.140463
V 342.103 -692.666 163.134 0.610757 0.140351
V 372.103 -692.666 172.262 0.624523 0.140239
V 402.103 -692.666 182.491 0.638289 0.140127
V 432.103 -692.666 192.010 0.652055 0.140016
V 462.103 -692.666 192.256 0.665821 0.139904
V 492.103 -692.666 183.953 0.679587 0.139792
V 522.103 -692.666 175.143 0.693353 0.139680
V 552.103 -692.666 180.795 0.707119 0.139567
V 582.103 -692.666 195.374 0.720885 0.139455
V 612.103 -692.666 210.523 0.734651 0.139343
V 642.103 -692.666 223.752 0.748417 0.139231
V 672.103 -692.666 228.667 0.762183 0.139119
V 702.103 -692.666 226.874 0.775949 0.139006
V 732.103 -692.666 223.817 0.789715 0.138894
V 762.103 -692.666 225.354 0.803481 0.138781
V 792.103 -692.666 227.964 0.817247 0.138669
V 822.103 -692.666 228.266 0.831013 0.138556
V 852.103 -692.666 227.073 0.844779 0.138444
V 882.103 -692.666 227.178 0.858545 0.138331
V 912.103 -692.666 227.495 0.872311 0.138218
V 942.103 -692.666 223.448 0.886077 0.138106
V 972.103 -692.666 212.208 0.899843 0.137993
V 1002.103 -692.666 201.215 0.913609 0.137880
V 1032.103 -692.666 196.229 0.927375 0.137767
V 1062.103 -692.666 195.771 0.941141 0.137654
V -917.897 -662.666 205.970 0.032691 0.158825
V -887.897 -662.666 194.680 0.046458 0.158715
V -857.897 -662.666 182.513 0.060224 0.158606
V -827.897 -662.666 172.700 0.073990 0.158496
V -797.897 -662.666 164.488 0.087756 0.158386
V -767.897 -662.666 158.397 0.101522 0.158276
V -737.897 -662.666 153.720 0.115288 0.158166
V -707.897 -662.666 148.275 0.129054 0.158056
V -677.897 -662.666 143.010 0.142821 0.157946
V -647.897 -662.666 139.699 0.156587 0.157836
V -617.897 -662.666 137.289 0.170353 0.157726
V -587.897 -662.666 134.959 0.184119 0.157616
V -557.897 -662.666 129.731 0.197885 0.157506
V -527.897 -662.666 126.724 0.211651 0.157395
V -497.897 -662.666 125.096 0.225417 0.157285
V -467.897 -662.666 121.990 0.239183 0.157175
V -437.897 -662.666 120.419 0.252950 0.157064
V -407.897 -662.666 121.581 0.266716 0.156954
V -377.897 -662.666 124.189 0.280482 0.156843
V -347.897 -662.666 125.016 0.294248 0.156733
V -317.897 -662.666 124.672 0.308014 0.156622
V -287.897 -662.666 123.761 0.321780 0.156511
V -257.897 -662.666 123.140 0.335546 0.156401
V -227.897 -662.666 122.892 0.349312 0.156290
V -197.897 -662.666 122.760 0.363078 0.156179
V -167.897 -662.666 122.544 0.376845 0.156068
V -137.897 -662.666 121.833 0.390611 0.155957
V -107.897 -662.666 121.824 0.404377 0.155846
V -77.897 -662.666 122.984 0.418143 0.155735
V -47.897 -662.666 125.118 0.431909 0.155624
V -17.897 -662.666 128.519 0.445675 0.155513
V 12.103 -662.666 134.635 0.459441 0.155402
V 42.103 -662.666 141.343 0.473207 0.155290
V 72.103 -662.666 146.146 0.486973 0.155179
V 102.103 -662.666 148.948 0.500739 0.155068
V 132.103 -662.666 149.544 0.514506 0.154956
V 162.103 -662.666 149.610 0.528272 0.154845
V 192.103 -662.666 151.090 0.542038 0.154733
V 222.103 -662.666 149.125 0.555804 0.154622
V 252.103 -662.666 143.559 0.569570 0.154510
V 282.103 -662.666 145.746 0.583336 0.154399
V 312.103 -662.666 155.721 0.597102 0.154287
V 342.103 -662.666 165.826 0.610868 0.154175
V 372.103 -662.666 176.000 0.624634 0.154063
V 402.103 -662.666 186.320 0.638400 0.153952
V 432.103 -662.666 191.234 0.652166 0.153840
V 462.103 -662.666 187.980 0.665932 0.153728
V 492.103 -662.666 179.618 0.679698 0.153616
V 522.103 -662.666 170.665 0.693465 0.153504
V 552.103 -662.666 176.203 0.707231 0.153392
V 582.103 -662.666 192.210 0.720997 0.153279
V 612.103 -662.666 207.180 0.734763 0.153167
V 642.103 -662.666 218.198 0.748529 0.153055
V 672.103 -662.666 218.246 0.762295 0.152943
V 702.103 -662.666 215.385 0.776061 0.152830
V 732.103 -662.666 213.823 0.789827 0.152718
V 762.103 -662.666 218.003 0.803593 0.152606
V 792.103 -662.666 221.743 0.817359 0.152493
V 822.103 -662.666 219.133 0.831125 0.152380
V 852.103 -662.666 216.318 0.844891 0.152268
V 882.103 -662.666 216.023 0.858657 0.152155
V 912.103 -662.666 219.969 0.872423 0.152043
V 942.103 -662.666 222.940 0.886189 0.151930
V 972.103 -662.666 214.603 0.899955 0.151817
V 1002.103 -662.666 204.833 0.913722 0.151704
V 1032.103 -662.666 198.696 0.927488 0.151591
V 1062.103 -662.666 195.537 0.941254 0.151478
V -917.897 -632.666 201.269 0.032801 0.172649
V -887.897 -632.666 191.559 0.046567 0.172540
V -857.897 -632.666 184.026 0.060333 0.172430
V -827.897 -632.666 179.634 0.074099 0.172320
V -797.897 -632.666 173.257 0.087865 0.172210
V -767.897 -632.666 167.270 0.101632 0.172100
V -737.897 -632.666 163.576 0.115398 0.171991
V -707.897 -632.666 157.817 0.129164 0.171881
V -677.897 -632.666 151.923 0.142930 0.171770
V -647.897 -632.666 148.692 0.156696 0.171660
V -617.897 -632.666 145.023 0.170462 0.171550
V -587.897 -632.666 141.247 0.184229 0.171440
V -557.897 -632.666 135.559 0.197995 0.171330
V -527.897 -632.666 132.151 0.211761 0.171220
V -497.897 -632.666 127.993 0.225527 0.171109
V -467.897 -632.666 124.621 0.239293 0.170999
V -437.897 -632.666 121.819 0.253060 0.170888
V -407.897 -632.666 120.687 0.266826 0.170778
V -377.897 -632.666 120.386 0.280592 0.170667
V -347.897 -632.666 119.858 0.294358 0.170557
V -317.897 -632.666 119.190 0.308124 0.170446
V -287.897 -632.666 118.414 0.321890 0.170335
V -257.897 -632.666 118.795 0.335657 0.170225
V -227.897 -632.666 119.178 0.349423 0.170114
V -197.897 -632.666 119.431 0.363189 0.170003
V -167.897 -632.666 120.360 0.376955 0.169892
V -137.897 -632.666 122.259 0.390721 0.169781
V -107.897 -632.666 122.650 0.404487 0.169670
V -77.897 -632.666 122.979 0.418253 0.169559
V -47.897 -632.666 123.772 0.432020 0.169448
V -17.897 -632.666 125.377 0.445786 0.169337
V 12.103 -632.666 129.939 0.459552 0.169226
V 42.103 -632.666 133.560 0.473318 0.169115
V 72.103 -632.666 136.575 0.487084 0.169003
V 102.103 -632.666 138.855 0.500850 0.168892
V 132.103 -632.666 141.451 0.514616 0.168780
V 162.103 -632.666 144.171 0.528383 0.168669
V 192.103 -632.666 146.501 0.542149 0.168558
V 222.103 -632.666 144.698 0.555915 0.168446
V 252.103 -632.666 140.197 0.569681 0.168334
V 282.103 -632.666 144.678 0.583447 0.168223
V 312.103 -632.666 154.436 0.597213 0.168111
V 342.103 -632.666 164.924 0.610979 0.167999
V 372.103 -632.666 175.449 0.624746 0.167888
V 402.103 -632.666 184.732 0.638512 0.167776
V 432.103 -632.666 185.462 0.652278 0.167664
V 462.103 -632.666 180.990 0.666044 0.167552
V 492.103 -632.666 172.583 0.679810 0.167440
V 522.103 -632.666 165.839 0.693576 0.167328
V 552.103 -632.666 174.279 0.707342 0.167216
V 582.103 -632.666 190.019 0.721108 0.167104
V 612.103 -632.666 204.650 0.734875 0.166991
V 642.103 -632.666 212.537 0.748641 0.166879
V 672.103 -632.666 208.785 0.762407 0.166767
V 702.103 -632.666 206.191 0.776173 0.166654
V 732.103 -632.666 208.311 0.789939 0.166542
V 762.103 -632.666 215.994 0.803705 0.166430
V 792.103 -632.666 221.532 0.817471 0.166317
V 822.103 -632.666 216.717 0.831237 0.166205
V 852.103 -632.666 211.201 0.845003 0.166092
V 882.103 -632.666 208.039 0.858770 0.165979
V 912.103 -632.666 210.913 0.872536 0.165867
V 942.103 -632.666 215.007 0.886302 0.165754
V 972.103 -632.666 212.121 0.900068 0.165641
V 1002.103 -632.666 205.670 0.913834 0.165528
V 1032.103 -632.666 198.853 0.927600 0.165415
V 1062.103 -632.666 193.093 0.941366 0.165302
V -917.897 -602.666 191.669 0.032910 0.186474
V -887.897 -602.666 181.624 0.046676 0.186364
V -857.897 -602.666 175.822 0.060442 0.186254
V -827.897 -602.666 174.485 0.074209 0.186144
V -797.897 -602.666 173.421 0.087975 0.186035
V -767.897 -602.666 172.062 0.101741 0.185925
V -737.897 -602.666 171.424 0.115507 0.185815
V -707.897 -602.666 166.983 0.129274 0.185705
V -677.897 -602.666 161.001 0.143040 0.185595
V -647.897 -602.666 156.625 0.156806 0.185485
V -617.897 -602.666 151.914 0.170572 0.185374
V -587.897 -602.666 147.010 0.184338 0.185264
V -557.897 -602.666 141.431 0.198105 0.185154
V -527.897 -602.666 136.537 0.211871 0.185044
V -497.897 -602.666 131.747 0.225637 0.184933
V -467.897 -602.666 127.588 0.239403 0.184823
V -437.897 -602.666 124.501 0.253170 0.184713
V -407.897 -602.666 122.379 0.266936 0.184602
V -377.897 -602.666 120.111 0.280702 0.184492
V -347.897 -602.666 117.522 0.294468 0.184381
V -317.897 -602.666 115.898 0.308234 0.184270
V -287.897 -602.666 115.420 0.322001 0.184160
V -257.897 -602.666 116.368 0.335767 0.184049
V -227.897 -602.666 117.670 0.349533 0.183938
V -197.897 -602.666 118.860 0.363299 0.183827
V -167.897 -602.666 120.144 0.377065 0.183716
V -137.897 -602.666 122.227 0.390832 0.183605
V -107.897 -602.666 122.295 0.404598 0.183494
V -77.897 -602.666 122.316 0.418364 0.183383
V -47.897 -602.666 122.134 0.432130 0.183272
V -17.897 -602.666 122.471 0.445896 0.183161
V 12.103 -602.666 124.753 0.459663 0.183050
V 42.103 -602.666 126.664 0.473429 0.182939
V 72.103 -602.666 129.219 0.487195 0.182827
V 102.103 -602.666 131.705 0.500961 0.182716
V 132.103 -602.666 135.728 0.514727 0.182605
V 162.103 -602.666 139.428 0.528494 0.182493
V 192.103 -602.666 142.896 0.542260 0.182382
V 222.103 -602.666 140.064 0.556026 0.182270
V 252.103 -602.666 137.184 0.569792 0.182159
V 282.103 -602.666 143.352 0.583558 0.182047
V 312.103 -602.666 152.019 0.597325 0.181935
V 342.103 -602.666 161.993 0.611091 0.181824
V 372.103 -602.666 172.447 0.624857 0.181712
V 402.103 -602.666 180.010 0.638623 0.181600
V 432.103 -602.666 178.409 0.652389 0.181488
V 462.103 -602.666 173.871 0.666155 0.181376
V 492.103 -602.666 165.206 0.679922 0.181264
V 522.103 -602.666 163.399 0.693688 0.181152
V 552.103 -602.666 175.076 0.707454 0.181040
V 582.103 -602.666 189.121 0.721220 0.180928
V 612.103 -602.666 201.787 0.734986 0.180816
V 642.103 -602.666 206.105 0.748752 0.180703
V 672.103 -602.666 201.314 0.762519 0.180591
V 702.103 -602.666 201.353 0.776285 0.180479
V 732.103 -602.666 207.259 0.790051 0.180366
V 762.103 -602.666 216.377 0.803817 0.180254
V 792.103 -602.666 224.462 0.817583 0.180141
V 822.103 -602.666 221.403 0.831349 0.180029
V 852.103 -602.666 213.528 0.845116 0.179916
V 882.103 -602.666 206.013 0.858882 0.179803
V 912.103 -602.666 203.623 0.872648 0.179691
V 942.103 -602.666 203.761 0.886414 0.179578
V 972.103 -602.666 202.370 0.900180 0.179465
V 1002.103 -602.666 198.070 0.913946 0.179352
V 1032.103 -602.666 193.669 0.927712 0.179239
V 1062.103 -602.666 189.619 0.941479 0.179127
V -917.897 -572.666 187.113 0.033019 0.200298
V -887.897 -572.666 175.767 0.046785 0.200188
V -857.897 -572.666 168.070 0.060552 0.200079
V -827.897 -572.666 163.817 0.074318 0.199969
V -797.897 -572.666 163.361 0.088084 0.199859
V -767.897 -572.666 163.652 0.101850 0.199749
V -737.897 -572.666 165.605 0.115617 0.199639
V -707.897 -572.666 164.329 0.129383 0.199529
V -677.897 -572.666 159.533 0.143149 0.199419
V -647.897 -572.666 153.513 0.156916 0.199309
V -617.897 -572.666 148.038 0.170682 0.199199
V -587.897 -572.666 142.520 0.184448 0.199089
V -557.897 -572.666 139.412 0.198214 0.198978
V -527.897 -572.666 136.654 0.211981 0.198868
V -497.897 -572.666 133.505 0.225747 0.198758
V -467.897 -572.666 129.605 0.239513 0.198647
V -437.897 -572.666 126.950 0.253280 0.198537
V -407.897 -572.666 124.773 0.267046 0.198426
V -377.897 -572.666 122.047 0.280812 0.198316
V -347.897 -572.666 118.449 0.294578 0.198205
V -317.897 -572.666 115.930 0.308345 0.198095
V -287.897 -572.666 114.406 0.322111 0.197984
V -257.897 -572.666 114.343 0.335877 0.197873
V -227.897 -572.666 116.886 0.349643 0.197762
V -197.897 -572.666 118.029 0.363410 0.197652
V -167.897 -572.666 119.257 0.377176 0.197541
V -137.897 -572.666 121.113 0.390942 0.197430
V -107.897 -572.666 121.391 0.404708 0.197319
V -77.897 -572.666 120.929 0.418475 0.197208
V -47.897 -572.666 121.034 0.432241 0.197097
V -17.897 -572.666 121.212 0.446007 0.196985
V 12.103 -572.666 121.993 0.459773 0.196874
V 42.103 -572.666 123.442 0.473540 0.196763
V 72.103 -572.666 125.955 0.487306 0.196652
V 102.103 -572.666 129.067 0.501072 0.196540
V 132.103 -572.666 132.804 0.514838 0.196429
V 162.103 -572.666 136.208 0.528605 0.196317
V 192.103 -572.666 138.863 0.542371 0.196206
V 222.103 -572.666 136.298 0.556137 0.196094
V 252.103 -572.666 135.094 0.569903 0.195983
V 282.103 -572.666 142.030 0.583670 0.195871
V 312.103 -572.666 150.349 0.597436 0.195760
V 342.103 -572.666 159.340 0.611202 0.195648
V 372.103 -572.666 169.143 0.624968 0.195536
V 402.103 -572.666 174.788 0.638734 0.195424
V 432.103 -572.666 171.875 0.652501 0.195312
V 462.103 -572.666 166.597 0.666267 0.195200
V 492.103 -572.666 159.218 0.680033 0.195088
V 522.103 -572.666 163.824 0.693799 0.194976
V 552.103 -572.666 176.912 0.707566 0.194864
V 582.103 -572.666 189.718 0.721332 0.194752
V 612.103 -572.666 198.632 0.735098 0.194640
V 642.103 -572.666 198.884 0.748864 0.194528
V 672.103 -572.666 196.667 0.762630 0.194415
V 702.103 -572.666 201.014 0.776397 0.194303
V 732.103 -572.666 207.871 0.790163 0.194190
V 762.103 -572.666 215.941 0.803929 0.194078
V 792.103 -572.666 224.226 0.817695 0.193966
V 822.103 -572.666 225.020 0.831462 0.193853
V 852.103 -572.666 217.376 0.845228 0.193740
V 882.103 -572.666 209.346 0.858994 0.193628
V 912.103 -572.666 204.135 0.872760 0.193515
V 942.103 -572.666 199.441 0.886526 0.193402
V 972.103 -572.666 196.913 0.900293 0.193289
V 1002.103 -572.666 193.900 0.914059 0.193177
V 1032.103 -572.666 191.595 0.927825 0.193064
V 1062.103 -572.666 186.957 0.941591 0.192951
V -917.897 -542.666 182.002 0.033128 0.214122
V -887.897 -542.666 173.958 0.046895 0.214013
V -857.897 -542.666 165.924 0.060661 0.213903
V -827.897 -542.666 158.726 0.074427 0.213793
V -797.897 -542.666 155.629 0.088194 0.213683
V -767.897 -542.666 153.765 0.101960 0.213573
V -737.897 -542.666 153.983 0.115726 0.213463
V -707.897 -542.666 153.522 0.129493 0.213353
V -677.897 -542.666 150.425 0.143259 0.213243
V -647.897 -542.666 145.082 0.157025 0.213133
V -617.897 -542.666 140.388 0.170792 0.213023
V -587.897 -542.666 137.640 0.184558 0.212913
V -557.897 -542.666 135.247 0.198324 0.212803
V -527.897 -542.666 131.680 0.212091 0.212692
V -497.897 -542.666 129.880 0.225857 0.212582
V -467.897 -542.666 127.831 0.239623 0.212472
V -437.897 -542.666 126.210 0.253390 0.212361
V -407.897 -542.666 125.068 0.267156 0.212251
V -377.897 -542.666 122.192 0.280922 0.212140
V -347.897 -542.666 119.089 0.294688 0.212030
V -317.897 -542.666 117.233 0.308455 0.211919
V -287.897 -542.666 114.862 0.322221 0.211808
V -257.897 -542.666 112.970 0.335987 0.211697
V -227.897 -542.666 115.594 0.349754 0.211587
V -197.897 -542.666 116.351 0.363520 0.211476
V -167.897 -542.666 117.268 0.377286 0.211365
V -137.897 -542.666 118.724 0.391053 0.211254
V -107.897 -542.666 119.761 0.404819 0.211143
V -77.897 -542.666 119.686 0.418585 0.211032
V -47.897 -542.666 119.979 0.432352 0.210921
V -17.897 -542.666 119.651 0.446118 0.210810
V 12.103 -542.666 120.403 0.459884 0.210699
V 42.103 -542.666 122.751 0.473650 0.210587
V 72.103 -542.666 127.006 0.487417 0.210476
V 102.103 -542.666 131.442 0.501183 0.210365
V 132.103 -542.666 133.909 0.514949 0.210253
V 162.103 -542.666 135.865 0.528716 0.210142
V 192.103 -542.666 135.603 0.542482 0.210030
V 222.103 -542.666 133.125 0.556248 0.209919
V 252.103 -542.666 133.548 0.570014 0.209807
V 282.103 -542.666 140.348 0.583781 0.209695
V 312.103 -542.666 148.978 0.597547 0.209584
V 342.103 -542.666 157.398 0.611313 0.209472
V 372.103 -542.666 165.979 0.625080 0.209360
V 402.103 -542.666 169.278 0.638846 0.209248
V 432.103 -542.666 165.785 0.652612 0.209136
V 462.103 -542.666 160.276 0.666378 0.209025
V 492.103 -542.666 155.128 0.680145 0.208913
V 522.103 -542.666 164.390 0.693911 0.208800
V 552.103 -542.666 180.153 0.707677 0.208688
V 582.103 -542.666 192.984 0.721444 0.208576
V 612.103 -542.666 197.316 0.735210 0.208464
V 642.103 -542.666 193.729 0.748976 0.208352
V 672.103 -542.666 194.817 0.762742 0.208239
V 702.103 -542.666 200.378 0.776509 0.208127
V 732.103 -542.666 205.499 0.790275 0.208015
V 762.103 -542.666 210.802 0.804041 0.207902
V 792.103 -542.666 217.273 0.817807 0.207790
V 822.103 -542.666 221.742 0.831574 0.207677
V 852.103 -542.666 219.650 0.845340 0.207565
V 882.103 -542.666 216.361 0.859106 0.207452
V 912.103 -542.666 211.718 0.872872 0.207339
V 942.103 -542.666 204.751 0.886639 0.207226
V 972.103 -542.666 202.112 0.900405 0.207114
V 1002.103 -542.666 200.278 0.914171 0.207001
V 1032.103 -542.666 198.093 0.927937 0.206888
V 1062.103 -542.666 190.662 0.941704 0.206775
V -917.897 -512.666 171.423 0.033237 0.227947
V -887.897 -512.666 166.593 0.047004 0.227837
V -857.897 -512.666 161.375 0.060770 0.227727
V -827.897 -512.666 157.171 0.074537 0.227617
V -797.897 -512.666 155.412 0.088303 0.227508
V -767.897 -512.666 152.694 0.102069 0.227398
V -737.897 -512.666 149.723 0.115836 0.227288
V -707.897 -512.666 146.531 0.129602 0.227178
V -677.897 -512.666 143.932 0.143369 0.227068
V -647.897 -512.666 142.253 0.157135 0.226958
V -617.897 -512.666 140.145 0.170901 0.226848
V -587.897 -512.666 138.160 0.184668 0.226737
V -557.897 -512.666 135.954 0.198434 0.226627
V -527.897 -512.666 131.626 0.212200 0.226517
V -497.897 -512.666 129.673 0.225967 0.226406
V -467.897 -512.666 128.474 0.239733 0.226296
V -437.897 -512.666 125.936 0.253500 0.226186
V -407.897 -512.666 123.822 0.267266 0.226075
V -377.897 -512.666 123.965 0.281032 0.225965
V -347.897 -512.666 124.671 0.294799 0.225854
V -317.897 -512.666 122.638 0.308565 0.225743
V -287.897 -512.666 117.106 0.322331 0.225633
V -257.897 -512.666 112.355 0.336098 0.225522
V -227.897 -512.666 113.055 0.349864 0.225411
V -197.897 -512.666 114.404 0.363630 0.225300
V -167.897 -512.666 114.951 0.377397 0.225189
V -137.897 -512.666 116.143 0.391163 0.225078
V -107.897 -512.666 117.679 0.404930 0.224967
V -77.897 -512.666 118.553 0.418696 0.224856
V -47.897 -512.666 118.536 0.432462 0.224745
V -17.897 -512.666 118.008 0.446229 0.224634
V 12.103 -512.666 119.193 0.459995 0.224523
V 42.103 -512.666 123.335 0.473761 0.224412
V 72.103 -512.666 130.207 0.487528 0.224300
V 102.103 -512.666 135.584 0.501294 0.224189
V 132.103 -512.666 136.368 0.515060 0.224078
V 162.103 -512.666 136.189 0.528827 0.223966
V 192.103 -512.666 133.967 0.542593 0.223855
V 222.103 -512.666 130.241 0.556359 0.223743
V 252.103 -512.666 131.854 0.570126 0.223631
V 282.103 -512.666 138.126 0.583892 0.223520
V 312.103 -512.666 146.543 0.597658 0.223408
V 342.103 -512.666 155.215 0.611425 0.223296
V 372.103 -512.666 162.134 0.625191 0.223185
V 402.103 -512.666 162.784 0.638957 0.223073
V 432.103 -512.666 158.874 0.652724 0.222961
V 462.103 -512.666 154.161 0.666490 0.222849
V 492.103 -512.666 151.926 0.680256 0.222737
V 522.103 -512.666 163.249 0.694023 0.222625
V 552.103 -512.666 181.087 0.707789 0.222513
V 582.103 -512.666 193.792 0.721555 0.222401
V 612.103 -512.666 194.597 0.735322 0.222288
V 642.103 -512.666 191.487 0.749088 0.222176
V 672.103 -512.666 195.125 0.762854 0.222064
V 702.103 -512.666 199.750 0.776620 0.221951
V 732.103 -512.666 202.870 0.790387 0.221839
V 762.103 -512.666 206.207 0.804153 0.221727
V 792.103 -512.666 210.273 0.817919 0.221614
V 822.103 -512.666 214.411 0.831686 0.221502
V 852.103 -512.666 220.257 0.845452 0.221389
V 882.103 -512.666 224.589 0.859218 0.221276
V 912.103 -512.666 220.617 0.872985 0.221164
V 942.103 -512.666 214.199 0.886751 0.221051
V 972.103 -512.666 212.264 0.900517 0.220938
V 1002.103 -512.666 209.089 0.914284 0.220825
V 1032.103 -512.666 204.229 0.928050 0.220712
V 1062.103 -512.666 195.149 0.941816 0.220599
V -917.897 -482.666 167.685 0.033347 0.241771
V -887.897 -482.666 165.694 0.047113 0.241661
V -857.897 -482.666 164.238 0.060880 0.241552
V -827.897 -482.666 164.597 0.074646 0.241442
V -797.897 -482.666 164.034 0.088412 0.241332
V -767.897 -482.666 159.383 0.102179 0.241222
V -737.897 -482.666 154.216 0.115945 0.241112
V -707.897 -482.666 149.448 0.129712 0.241002
V -677.897 -482.666 145.991 0.143478 0.240892
V -647.897 -482.666 144.029 0.157245 0.240782
V -617.897 -482.666 141.930 0.171011 0.240672
V -587.897 -482.666 139.266 0.184777 0.240562
V -557.897 -482.666 136.743 0.198544 0.240451
V -527.897 -482.666 133.487 0.212310 0.240341
V -497.897 -482.666 132.295 0.226077 0.240231
V -467.897 -482.666 131.343 0.239843 0.240120
V -437.897 -482.666 130.319 0.253610 0.240010
V -407.897 -482.666 130.924 0.267376 0.239900
V -377.897 -482.666 134.686 0.281142 0.239789
V -347.897 -482.666 135.035 0.294909 0.239678
V -317.897 -482.666 129.147 0.308675 0.239568
V -287.897 -482.666 120.862 0.322442 0.239457
V -257.897 -482.666 114.250 0.336208 0.239346
V -227.897 -482.666 111.225 0.349974 0.239235
V -197.897 -482.666 112.318 0.363741 0.239125
V -167.897 -482.666 113.392 0.377507 0.239014
V -137.897 -482.666 114.433 0.391274 0.238903
V -107.897 -482.666 115.764 0.405040 0.238792
V -77.897 -482.666 117.335 0.418806 0.238681
V -47.897 -482.666 117.171 0.432573 0.238570
V -17.897 -482.666 116.619 0.446339 0.238458
V 12.103 -482.666 119.237 0.460106 0.238347
V 42.103 -482.666 125.432 0.473872 0.238236
V 72.103 -482.666 133.276 0.487638 0.238125
V 102.103 -482.666 138.197 0.501405 0.238013
V 132.103 -482.666 136.875 0.515171 0.237902
V 162.103 -482.666 134.521 0.528938 0.237791
V 192.103 -482.666 131.841 0.542704 0.237679
V 222.103 -482.666 127.744 0.556470 0.237567
V 252.103 -482.666 129.850 0.570237 0.237456
V 282.103 -482.666 135.816 0.584003 0.237344
V 312.103 -482.666 143.298 0.597770 0.237233
V 342.103 -482.666 151.893 0.611536 0.237121
V 372.103 -482.666 156.403 0.625302 0.237009
V 402.103 -482.666 153.976 0.639069 0.236897
V 432.103 -482.666 149.674 0.652835 0.236785
V 462.103 -482.666 146.665 0.666601 0.236673
V 492.103 -482.666 150.359 0.680368 0.236561
V 522.103 -482.666 162.450 0.694134 0.236449
V 552.103 -482.666 179.544 0.707901 0.236337
V 582.103 -482.666 190.389 0.721667 0.236225
V 612.103 -482.666 189.369 0.735433 0.236113
V 642.103 -482.666 191.354 0.749200 0.236000
V 672.103 -482.666 198.787 0.762966 0.235888
V 702.103 -482.666 204.405 0.776732 0.235776
V 732.103 -482.666 206.638 0.790499 0.235663
V 762.103 -482.666 206.032 0.804265 0.235551
V 792.103 -482.666 203.123 0.818031 0.235438
V 822.103 -482.666 206.918 0.831798 0.235326
V 852.103 -482.666 217.755 0.845564 0.235213
V 882.103 -482.666 226.670 0.859331 0.235101
V 912.103 -482.666 226.903 0.873097 0.234988
V 942.103 -482.666 224.180 0.886863 0.234875
V 972.103 -482.666 219.694 0.900630 0.234762
V 1002.103 -482.666 213.950 0.914396 0.234649
V 1032.103 -482.666 207.617 0.928162 0.234537
V 1062.103 -482.666 199.505 0.941929 0.234424
V -917.897 -452.666 173.249 0.033456 0.255596
V -887.897 -452.666 175.994 0.047222 0.255486
V -857.897 -452.666 176.312 0.060989 0.255376
V -827.897 -452.666 177.590 0.074755 0.255266
V -797.897 -452.666 175.580 0.088522 0.255157
V -767.897 -452.666 169.988 0.102288 0.255047
V -737.897 -452.666 163.369 0.116055 0.254937
V -707.897 -452.666 155.514 0.129821 0.254827
V -677.897 -452.666 148.831 0.143588 0.254717
V -647.897 -452.666 146.040 0.157354 0.254607
V -617.897 -452.666 144.789 0.171121 0.254496
V -587.897 -452.666 142.537 0.184887 0.254386
V -557.897 -452.666 139.717 0.198654 0.254276
V -527.897 -452.666 137.681 0.212420 0.254166
V -497.897 -452.666 137.324 0.226187 0.254055
V -467.897 -452.666 137.312 0.239953 0.253945
V -437.897 -452.666 139.371 0.253720 0.253834
V -407.897 -452.666 143.454 0.267486 0.253724
V -377.897 -452.666 146.849 0.281252 0.253613
V -347.897 -452.666 141.802 0.295019 0.253503
V -317.897 -452.666 131.542 0.308785 0.253392
V -287.897 -452.666 123.654 0.322552 0.253281
V -257.897 -452.666 118.292 0.336318 0.253171
V -227.897 -452.666 112.723 0.350085 0.253060
V -197.897 -452.666 110.666 0.363851 0.252949
V -167.897 -452.666 111.869 0.377618 0.252838
V -137.897 -452.666 112.375 0.391384 0.252727
V -107.897 -452.666 113.344 0.405151 0.252616
V -77.897 -452.666 115.423 0.418917 0.252505
V -47.897 -452.666 116.135 0.432684 0.252394
V -17.897 -452.666 115.891 0.446450 0.252283
V 12.103 -452.666 119.357 0.460216 0.252172
V 42.103 -452.666 126.925 0.473983 0.252060
V 72.103 -452.666 134.100 0.487749 0.251949
V 102.103 -452.666 138.319 0.501516 0.251838
V 132.103 -452.666 136.290 0.515282 0.251726
V 162.103 -452.666 132.262 0.529049 0.251615
V 192.103 -452.666 129.083 0.542815 0.251503
V 222.103 -452.666 125.442 0.556582 0.251392
V 252.103 -452.666 127.617 0.570348 0.251280
V 282.103 -452.666 133.949 0.584114 0.251169
V 312.103 -452.666 140.813 0.597881 0.251057
V 342.103 -452.666 147.136 0.611647 0.250945
V 372.103 -452.666 148.554 0.625414 0.250833
V 402.103 -452.666 144.447 0.639180 0.250722
V 432.103 -452.666 141.003 0.652947 0.250610
V 462.103 -452.666 141.641 0.666713 0.250498
V 492.103 -452.666 151.699 0.680479 0.250386
V 522.103 -452.666 163.804 0.694246 0.250274
V 552.103 -452.666 177.200 0.708012 0.250162
V 582.103 -452.666 185.242 0.721779 0.250049
V 612.103 -452.666 185.229 0.735545 0.249937
V 642.103 -452.666 191.838 0.749311 0.249825
V 672.103 -452.666 201.080 0.763078 0.249713
V 702.103 -452.666 205.797 0.776844 0.249600
V 732.103 -452.666 206.218 0.790611 0.249488
V 762.103 -452.666 200.990 0.804377 0.249375
V 792.103 -452.666 194.548 0.818144 0.249263
V 822.103 -452.666 200.970 0.831910 0.249150
V 852.103 -452.666 210.372 0.845676 0.249038
V 882.103 -452.666 217.510 0.859443 0.248925
V 912.103 -452.666 224.434 0.873209 0.248812
V 942.103 -452.666 227.889 0.886976 0.248700
V 972.103 -452.666 220.813 0.900742 0.248587
V 1002.103 -452.666 211.152 0.914508 0.248474
V 1032.103 -452.666 203.086 0.928275 0.248361
V 1062.103 -452.666 196.825 0.942041 0.248248
V -917.897 -422.666 182.504 0.033565 0.269420
V -887.897 -422.666 189.517 0.047332 0.269310
V -857.897 -422.666 192.188 0.061098 0.269201
V -827.897 -422.666 191.986 0.074865 0.269091
V -797.897 -422.666 185.166 0.088631 0.268981
V -767.897 -422.666 175.848 0.102398 0.268871
V -737.897 -422.666 165.278 0.116164 0.268761
V -707.897 -422.666 156.052 0.129931 0.268651
V -677.897 -422.666 151.886 0.143697 0.268541
V -647.897 -422.666 151.872 0.157464 0.268431
V -617.897 -422.666 152.054 0.171230 0.268321
V -587.897 -422.666 149.336 0.184997 0.268211
V -557.897 -422.666 147.725 0.198763 0.268101
V -527.897 -422.666 147.406 0.212530 0.267990
V -497.897 -422.666 146.753 0.226297 0.267880
V -467.897 -422.666 147.540 0.240063 0.267769
V -437.897 -422.666 150.988 0.253830 0.267659
V -407.897 -422.666 155.337 0.267596 0.267549
V -377.897 -422.666 153.201 0.281363 0.267438
V -347.897 -422.666 142.727 0.295129 0.267327
V -317.897 -422.666 130.734 0.308896 0.267217
V -287.897 -422.666 124.021 0.322662 0.267106
V -257.897 -422.666 120.466 0.336429 0.266995
V -227.897 -422.666 115.879 0.350195 0.266884
V -197.897 -422.666 111.552 0.363962 0.266774
V -167.897 -422.666 110.202 0.377728 0.266663
V -137.897 -422.666 110.197 0.391495 0.266552
V -107.897 -422.666 110.767 0.405261 0.266441
V -77.897 -422.666 112.948 0.419028 0.266330
V -47.897 -422.666 114.758 0.432794 0.266219
V -17.897 -422.666 115.735 0.446561 0.266107
V 12.103 -422.666 118.042 0.460327 0.265996
V 42.103 -422.666 124.229 0.474094 0.265885
V 72.103 -422.666 130.416 0.487860 0.265774
V 102.103 -422.666 135.628 0.501627 0.265662
V 132.103 -422.666 136.427 0.515393 0.265551
V 162.103 -422.666 131.859 0.529160 0.265439
V 192.103 -422.666 127.725 0.542926 0.265328
V 222.103 -422.666 123.457 0.556693 0.265216
V 252.103 -422.666 124.301 0.570459 0.265105
V 282.103 -422.666 131.146 0.584226 0.264993
V 312.103 -422.666 136.959 0.597992 0.264881
V 342.103 -422.666 140.172 0.611759 0.264770
V 372.103 -422.666 140.084 0.625525 0.264658
V 402.103 -422.666 137.779 0.639292 0.264546
V 432.103 -422.666 135.933 0.653058 0.264434
V 462.103 -422.666 139.736 0.666824 0.264322
V 492.103 -422.666 152.431 0.680591 0.264210
V 522.103 -422.666 165.246 0.694357 0.264098
V 552.103 -422.666 176.932 0.708124 0.263986
V 582.103 -422.666 181.919 0.721890 0.263874
V 612.103 -422.666 183.098 0.735657 0.263762
V 642.103 -422.666 191.460 0.749423 0.263649
V 672.103 -422.666 199.645 0.763190 0.263537
V 702.103 -422.666 200.295 0.776956 0.263425
V 732.103 -422.666 199.036 0.790723 0.263312
V 762.103 -422.666 194.065 0.804489 0.263200
V 792.103 -422.666 188.241 0.818256 0.263087
V 822.103 -422.666 194.391 0.832022 0.262975
V 852.103 -422.666 200.129 0.845789 0.262862
V 882.103 -422.666 205.819 0.859555 0.262749
V 912.103 -422.666 215.485 0.873321 0.262637
V 942.103 -422.666 220.818 0.887088 0.262524
V 972.103 -422.666 217.766 0.900854 0.262411
V 1002.103 -422.666 209.296 0.914621 0.262298
V 1032.103 -422.666 199.908 0.928387 0.262185
V 1062.103 -422.666 192.731 0.942154 0.262072
V -917.897 -392.666 194.899 0.033674 0.283245
V -887.897 -392.666 203.117 0.047441 0.283135
V -857.897 -392.666 205.914 0.061207 0.283025
V -827.897 -392.666 199.507 0.074974 0.282916
V -797.897 -392.666 186.759 0.088741 0.282806
V -767.897 -392.666 172.990 0.102507 0.282696
V -737.897 -392.666 163.736 0.116274 0.282586
V -707.897 -392.666 160.710 0.130040 0.282476
V -677.897 -392.666 160.898 0.143807 0.282366
V -647.897 -392.666 163.142 0.157574 0.282256
V -617.897 -392.666 162.727 0.171340 0.282146
V -587.897 -392.666 158.831 0.185107 0.282035
V -557.897 -392.666 158.912 0.198873 0.281925
V -527.897 -392.666 160.296 0.212640 0.281815
V -497.897 -392.666 159.547 0.226406 0.281704
V -467.897 -392.666 160.251 0.240173 0.281594
V -437.897 -392.666 162.616 0.253940 0.281484
V -407.897 -392.666 162.621 0.267706 0.281373
V -377.897 -392.666 153.052 0.281473 0.281263
V -347.897 -392.666 139.749 0.295239 0.281152
V -317.897 -392.666 129.380 0.309006 0.281041
V -287.897 -392.666 125.569 0.322772 0.280931
V -257.897 -392.666 124.721 0.336539 0.280820
V -227.897 -392.666 122.317 0.350306 0.280709
V -197.897 -392.666 117.129 0.364072 0.280598
V -167.897 -392.666 111.740 0.377839 0.280487
V -137.897 -392.666 109.120 0.391605 0.280376
V -107.897 -392.666 108.823 0.405372 0.280265
V -77.897 -392.666 110.231 0.419138 0.280154
V -47.897 -392.666 111.919 0.432905 0.280043
V -17.897 -392.666 114.155 0.446671 0.279932
V 12.103 -392.666 115.876 0.460438 0.279821
V 42.103 -392.666 119.274 0.474204 0.279710
V 72.103 -392.666 124.631 0.487971 0.279598
V 102.103 -392.666 131.037 0.501738 0.279487
V 132.103 -392.666 135.628 0.515504 0.279375
V 162.103 -392.666 132.749 0.529271 0.279264
V 192.103 -392.666 127.041 0.543037 0.279153
V 222.103 -392.666 121.687 0.556804 0.279041
V 252.103 -392.666 121.056 0.570570 0.278929
V 282.103 -392.666 126.547 0.584337 0.278818
V 312.103 -392.666 130.566 0.598103 0.278706
V 342.103 -392.666 132.601 0.611870 0.278594
V 372.103 -392.666 133.042 0.625636 0.278482
V 402.103 -392.666 132.228 0.639403 0.278371
V 432.103 -392.666 131.721 0.653169 0.278259
V 462.103 -392.666 138.384 0.666936 0.278147
V 492.103 -392.666 151.132 0.680703 0.278035
V 522.103 -392.666 163.507 0.694469 0.277923
V 552.103 -392.666 174.633 0.708236 0.277811
V 582.103 -392.666 177.682 0.722002 0.277698
V 612.103 -392.666 179.831 0.735769 0.277586
V 642.103 -392.666 189.000 0.749535 0.277474
V 672.103 -392.666 194.319 0.763302 0.277362
V 702.103 -392.666 191.908 0.777068 0.277249
V 732.103 -392.666 194.046 0.790835 0.277137
V 762.103 -392.666 190.523 0.804601 0.277024
V 792.103 -392.666 182.599 0.818368 0.276912
V 822.103 -392.666 186.467 0.832134 0.276799
V 852.103 -392.666 193.215 0.845901 0.276687
V 882.103 -392.666 202.071 0.859667 0.276574
V 912.103 -392.666 209.983 0.873434 0.276461
V 942.103 -392.666 209.515 0.887200 0.276349
V 972.103 -392.666 210.491 0.900967 0.276236
V 1002.103 -392.666 207.266 0.914733 0.276123
V 1032.103 -392.666 199.541 0.928500 0.276010
V 1062.103 -392.666 194.410 0.942266 0.275897
V -917.897 -362.666 208.356 0.033784 0.297069
V -887.897 -362.666 214.936 0.047550 0.296960
V -857.897 -362.666 212.539 0.061317 0.296850
V -827.897 -362.666 200.168 0.075083 0.296740
V -797.897 -362.666 184.642 0.088850 0.296630
V -767.897 -362.666 172.150 0.102617 0.296520
V -737.897 -362.666 170.975 0.116383 0.296410
V -707.897 -362.666 173.947 0.130150 0.296300
V -677.897 -362.666 175.341 0.143917 0.296190
V -647.897 -362.666 177.345 0.157683 0.296080
V -617.897 -362.666 175.129 0.171450 0.295970
V -587.897 -362.666 170.591 0.185216 0.295860
V -557.897 -362.666 171.814 0.198983 0.295750
V -527.897 -362.666 174.607 0.212750 0.295639
V -497.897 -362.666 173.895 0.226516 0.295529
V -467.897 -362.666 173.049 0.240283 0.295419
V -437.897 -362.666 170.601 0.254050 0.295308
V -407.897 -362.666 161.880 0.267816 0.295198
V -377.897 -362.666 148.089 0.281583 0.295087
V -347.897 -362.666 136.567 0.295349 0.294977
V -317.897 -362.666 131.585 0.309116 0.294866
V -287.897 -362.666 132.421 0.322883 0.294755
V -257.897 -362.666 134.999 0.336649 0.294644
V -227.897 -362.666 132.936 0.350416 0.294534
V -197.897 -362.666 126.014 0.364183 0.294423
V -167.897 -362.666 118.311 0.377949 0.294312
V -137.897 -362.666 111.373 0.391716 0.294201
V -107.897 -362.666 108.028 0.405482 0.294090
V -77.897 -362.666 107.759 0.419249 0.293979
V -47.897 -362.666 108.665 0.433016 0.293868
V -17.897 -362.666 111.284 0.446782 0.293757
V 12.103 -362.666 113.438 0.460549 0.293645
V 42.103 -362.666 115.224 0.474315 0.293534
V 72.103 -362.666 119.610 0.488082 0.293423
V 102.103 -362.666 125.851 0.501848 0.293311
V 132.103 -362.666 132.135 0.515615 0.293200
V 162.103 -362.666 132.207 0.529382 0.293089
V 192.103 -362.666 125.369 0.543148 0.292977
V 222.103 -362.666 119.924 0.556915 0.292866
V 252.103 -362.666 118.701 0.570681 0.292754
V 282.103 -362.666 122.207 0.584448 0.292642
V 312.103 -362.666 125.550 0.598215 0.292531
V 342.103 -362.666 126.923 0.611981 0.292419
V 372.103 -362.666 128.144 0.625748 0.292307
V 402.103 -362.666 128.053 0.639514 0.292195
V 432.103 -362.666 130.082 0.653281 0.292083
V 462.103 -362.666 137.487 0.667047 0.291971
V 492.103 -362.666 147.687 0.680814 0.291859
V 522.103 -362.666 156.881 0.694581 0.291747
V 552.103 -362.666 165.266 0.708347 0.291635
V 582.103 -362.666 169.530 0.722114 0.291523
V 612.103 -362.666 175.266 0.735880 0.291411
V 642.103 -362.666 184.717 0.749647 0.291298
V 672.103 -362.666 185.951 0.763413 0.291186
V 702.103 -362.666 185.273 0.777180 0.291074
V 732.103 -362.666 190.693 0.790947 0.290961
V 762.103 -362.666 185.899 0.804713 0.290849
V 792.103 -362.666 177.436 0.818480 0.290736
V 822.103 -362.666 184.141 0.832246 0.290624
V 852.103 -362.666 193.757 0.846013 0.290511
V 882.103 -362.666 202.312 0.859779 0.290399
V 912.103 -362.666 204.519 0.873546 0.290286
V 942.103 -362.666 199.397 0.887312 0.290173
V 972.103 -362.666 203.191 0.901079 0.290060
V 1002.103 -362.666 203.472 0.914846 0.289947
V 1032.103 -362.666 196.346 0.928612 0.289834
V 1062.103 -362.666 191.674 0.942379 0.289722
V -917.897 -332.666 217.707 0.033893 0.310894
V -887.897 -332.666 218.022 0.047659 0.310784
V -857.897 -332.666 208.537 0.061426 0.310675
V -827.897 -332.666 194.897 0.075193 0.310565
V -797.897 -332.666 182.487 0.088959 0.310455
V -767.897 -332.666 177.911 0.102726 0.310345
V -737.897 -332.666 184.243 0.116493 0.310235
V -707.897 -332.666 190.539 0.130260 0.310125
V -677.897 -332.666 191.873 0.144026 0.310015
V -647.897 -332.666 192.601 0.157793 0.309905
V -617.897 -332.666 188.876 0.171560 0.309795
V -587.897 -332.666 184.292 0.185326 0.309685
V -557.897 -332.666 185.650 0.199093 0.309574
V -527.897 -332.666 189.532 0.212860 0.309464
V -497.897 -332.666 187.175 0.226626 0.309354
V -467.897 -332.666 181.127 0.240393 0.309243
V -437.897 -332.666 171.398 0.254160 0.309133
V -407.897 -332.666 157.184 0.267926 0.309022
V -377.897 -332.666 144.100 0.281693 0.308912
V -347.897 -332.666 139.160 0.295460 0.308801
V -317.897 -332.666 140.866 0.309226 0.308691
V -287.897 -332.666 144.286 0.322993 0.308580
V -257.897 -332.666 147.825 0.336760 0.308469
V -227.897 -332.666 144.589 0.350526 0.308358
V -197.897 -332.666 136.258 0.364293 0.308247
V -167.897 -332.666 128.273 0.378060 0.308137
V -137.897 -332.666 118.808 0.391826 0.308026
V -107.897 -332.666 110.556 0.405593 0.307915
V -77.897 -332.666 107.244 0.419360 0.307804
V -47.897 -332.666 106.964 0.433126 0.307692
V -17.897 -332.666 108.843 0.446893 0.307581
V 12.103 -332.666 111.191 0.460659 0.307470
V 42.103 -332.666 112.747 0.474426 0.307359
V 72.103 -332.666 115.596 0.488193 0.307247
V 102.103 -332.666 121.025 0.501959 0.307136
V 132.103 -332.666 126.564 0.515726 0.307025
V 162.103 -332.666 127.777 0.529493 0.306913
V 192.103 -332.666 122.865 0.543259 0.306802
V 222.103 -332.666 118.643 0.557026 0.306690
V 252.103 -332.666 116.685 0.570793 0.306579
V 282.103 -332.666 119.189 0.584559 0.306467
V 312.103 -332.666 123.387 0.598326 0.306355
V 342.103 -332.666 125.932 0.612093 0.306243
V 372.103 -332.666 125.651 0.625859 0.306132
V 402.103 -332.666 125.354 0.639626 0.306020
V 432.103 -332.666 128.891 0.653392 0.305908
V 462.103 -332.666 134.838 0.667159 0.305796
V 492.103 -332.666 142.667 0.680926 0.305684
V 522.103 -332.666 149.570 0.694692 0.305572
V 552.103 -332.666 153.851 0.708459 0.305460
V 582.103 -332.666 158.647 0.722225 0.305348
V 612.103 -332.666 168.072 0.735992 0.305235
V 642.103 -332.666 176.433 0.749759 0.305123
V 672.103 -332.666 175.419 0.763525 0.305011
V 702.103 -332.666 180.662 0.777292 0.304898
V 732.103 -332.666 184.827 0.791059 0.304786
V 762.103 -332.666 177.389 0.804825 0.304674
V 792.103 -332.666 171.999 0.818592 0.304561
V 822.103 -332.666 179.917 0.832358 0.304448
V 852.103 -332.666 189.687 0.846125 0.304336
V 882.103 -332.666 197.432 0.859892 0.304223
V 912.103 -332.666 196.750 0.873658 0.304110
V 942.103 -332.666 191.688 0.887425 0.303998
V 972.103 -332.666 197.069 0.901191 0.303885
V 1002.103 -332.666 200.745 0.914958 0.303772
V 1032.103 -332.666 197.450 0.928725 0.303659
V 1062.103 -332.666 188.794 0.942491 0.303546
V -917.897 -302.666 216.087 0.034002 0.324719
V -887.897 -302.666 210.410 0.047769 0.324609
V -857.897 -302.666 198.986 0.061535 0.324499
V -827.897 -302.666 189.266 0.075302 0.324390
V -797.897 -302.666 186.366 0.089069 0.324280
V -767.897 -302.666 189.439 0.102836 0.324170
V -737.897 -302.666 198.320 0.116602 0.324060
V -707.897 -302.666 206.983 0.130369 0.323950
V -677.897 -302.666 208.467 0.144136 0.323840
V -647.897 -302.666 208.146 0.157903 0.323730
V -617.897 -302.666 203.545 0.171669 0.323620
V -587.897 -302.666 199.388 0.185436 0.323509
V -557.897 -302.666 199.578 0.199203 0.323399
V -527.897 -302.666 200.644 0.212969 0.323289
V -497.897 -302.666 192.908 0.226736 0.323178
V -467.897 -302.666 181.061 0.240503 0.323068
V -437.897 -302.666 168.059 0.254270 0.322958
V -407.897 -302.666 155.136 0.268036 0.322847
V -377.897 -302.666 145.691 0.281803 0.322737
V -347.897 -302.666 147.660 0.295570 0.322626
V -317.897 -302.666 154.350 0.309336 0.322515
V -287.897 -302.666 158.968 0.323103 0.322405
V -257.897 -302.666 161.738 0.336870 0.322294
V -227.897 -302.666 157.371 0.350637 0.322183
V -197.897 -302.666 148.677 0.364403 0.322072
V -167.897 -302.666 140.654 0.378170 0.321961
V -137.897 -302.666 129.101 0.391937 0.321850
V -107.897 -302.666 117.161 0.405703 0.321739
V -77.897 -302.666 109.385 0.419470 0.321628
V -47.897 -302.666 106.443 0.433237 0.321517
V -17.897 -302.666 107.232 0.447004 0.321406
V 12.103 -302.666 108.968 0.460770 0.321295
V 42.103 -302.666 111.255 0.474537 0.321183
V 72.103 -302.666 112.907 0.488304 0.321072
V 102.103 -302.666 117.244 0.502070 0.320961
V 132.103 -302.666 123.505 0.515837 0.320849
V 162.103 -302.666 123.861 0.529604 0.320738
V 192.103 -302.666 120.903 0.543370 0.320626
V 222.103 -302.666 117.627 0.557137 0.320515
V 252.103 -302.666 115.102 0.570904 0.320403
V 282.103 -302.666 115.941 0.584670 0.320292
V 312.103 -302.666 121.252 0.598437 0.320180
V 342.103 -302.666 126.760 0.612204 0.320068
V 372.103 -302.666 125.526 0.625970 0.319956
V 402.103 -302.666 123.047 0.639737 0.319844
V 432.103 -302.666 126.717 0.653504 0.319733
V 462.103 -302.666 131.104 0.667271 0.319621
V 492.103 -302.666 136.090 0.681037 0.319509
V 522.103 -302.666 139.812 0.694804 0.319397
V 552.103 -302.666 141.501 0.708571 0.319284
V 582.103 -302.666 149.611 0.722337 0.319172
V 612.103 -302.666 159.930 0.736104 0.319060
V 642.103 -302.666 166.415 0.749871 0.318948
V 672.103 -302.666 166.475 0.763637 0.318835
V 702.103 -302.666 174.122 0.777404 0.318723
V 732.103 -302.666 175.800 0.791171 0.318611
V 762.103 -302.666 168.559 0.804937 0.318498
V 792.103 -302.666 170.815 0.818704 0.318386
V 822.103 -302.666 182.504 0.832471 0.318273
V 852.103 -302.666 191.449 0.846237 0.318161
V 882.103 -302.666 194.903 0.860004 0.318048
V 912.103 -302.666 190.278 0.873770 0.317935
V 942.103 -302.666 185.505 0.887537 0.317822
V 972.103 -302.666 190.214 0.901304 0.317710
V 1002.103 -302.666 195.042 0.915070 0.317597
V 1032.103 -302.666 197.032 0.928837 0.317484
V 1062.103 -302.666 189.553 0.942604 0.317371
V -917.897 -272.666 206.298 0.034111 0.338544
V -887.897 -272.666 200.324 0.047878 0.338434
V -857.897 -272.666 194.037 0.061645 0.338324
V -827.897 -272.666 193.359 0.075412 0.338214
V -797.897 -272.666 198.841 0.089178 0.338105
V -767.897 -272.666 204.724 0.102945 0.337995
V -737.897 -272.666 212.847 0.116712 0.337885
V -707.897 -272.666 222.152 0.130479 0.337775
V -677.897 -272.666 225.145 0.144245 0.337665
V -647.897 -272.666 223.980 0.158012 0.337555
V -617.897 -272.666 218.812 0.171779 0.337444
V -587.897 -272.666 214.237 0.185546 0.337334
V -557.897 -272.666 210.321 0.199313 0.337224
V -527.897 -272.666 203.548 0.213079 0.337114
V -497.897 -272.666 192.343 0.226846 0.337003
V -467.897 -272.666 181.072 0.240613 0.336893
V -437.897 -272.666 170.039 0.254380 0.336782
V -407.897 -272.666 158.824 0.268146 0.336672
V -377.897 -272.666 153.126 0.281913 0.336561
V -347.897 -272.666 158.160 0.295680 0.336451
V -317.897 -272.666 167.312 0.309447 0.336340
V -287.897 -272.666 174.536 0.323213 0.336229
V -257.897 -272.666 176.397 0.336980 0.336119
V -227.897 -272.666 170.936 0.350747 0.336008
V -197.897 -272.666 162.751 0.364514 0.335897
V -167.897 -272.666 153.276 0.378281 0.335786
V -137.897 -272.666 139.339 0.392047 0.335675
V -107.897 -272.666 125.691 0.405814 0.335564
V -77.897 -272.666 114.837 0.419581 0.335453
V -47.897 -272.666 107.735 0.433348 0.335342
V -17.897 -272.666 105.820 0.447114 0.335231
V 12.103 -272.666 107.224 0.460881 0.335120
V 42.103 -272.666 109.083 0.474648 0.335008
V 72.103 -272.666 109.458 0.488415 0.334897
V 102.103 -272.666 112.852 0.502181 0.334786
V 132.103 -272.666 121.674 0.515948 0.334674
V 162.103 -272.666 122.554 0.529715 0.334563
V 192.103 -272.666 118.892 0.543481 0.334451
V 222.103 -272.666 115.768 0.557248 0.334340
V 252.103 -272.666 113.112 0.571015 0.334228
V 282.103 -272.666 113.087 0.584782 0.334116
V 312.103 -272.666 119.714 0.598548 0.334005
V 342.103 -272.666 126.397 0.612315 0.333893
V 372.103 -272.666 124.844 0.626082 0.333781
V 402.103 -272.666 120.868 0.639849 0.333669
V 432.103 -272.666 125.037 0.653615 0.333557
V 462.103 -272.666 128.767 0.667382 0.333445
V 492.103 -272.666 128.656 0.681149 0.333333
V 522.103 -272.666 127.513 0.694915 0.333221
V 552.103 -272.666 132.265 0.708682 0.333109
V 582.103 -272.666 141.713 0.722449 0.332997
V 612.103 -272.666 149.171 0.736216 0.332885
V 642.103 -272.666 153.830 0.749982 0.332772
V 672.103 -272.666 157.718 0.763749 0.332660
V 702.103 -272.666 165.977 0.777516 0.332548
V 732.103 -272.666 166.399 0.791283 0.332435
V 762.103 -272.666 163.695 0.805049 0.332323
V 792.103 -272.666 171.872 0.818816 0.332210
V 822.103 -272.666 183.517 0.832583 0.332098
V 852.103 -272.666 188.841 0.846349 0.331985
V 882.103 -272.666 188.309 0.860116 0.331873
V 912.103 -272.666 183.250 0.873883 0.331760
V 942.103 -272.666 180.003 0.887649 0.331647
V 972.103 -272.666 184.410 0.901416 0.331534
V 1002.103 -272.666 186.725 0.915183 0.331421
V 1032.103 -272.666 190.325 0.928950 0.331308
V 1062.103 -272.666 189.820 0.942716 0.331195
V -917.897 -242.666 204.236 0.034220 0.352369
V -887.897 -242.666 201.766 0.047987 0.352259
V -857.897 -242.666 199.069 0.061754 0.352149
V -827.897 -242.666 204.711 0.075521 0.352039
V -797.897 -242.666 214.164 0.089288 0.351929
V -767.897 -242.666 220.934 0.103055 0.351819
V -737.897 -242.666 227.862 0.116821 0.351710
V -707.897 -242.666 237.026 0.130588 0.351600
V -677.897 -242.666 241.935 0.144355 0.351489
V -647.897 -242.666 238.974 0.158122 0.351379
V -617.897 -242.666 232.108 0.171889 0.351269
V -587.897 -242.666 223.833 0.185656 0.351159
V -557.897 -242.666 213.405 0.199422 0.351049
V -527.897 -242.666 202.737 0.213189 0.350938
V -497.897 -242.666 196.973 0.226956 0.350828
V -467.897 -242.666 189.595 0.240723 0.350718
V -437.897 -242.666 178.687 0.254490 0.350607
V -407.897 -242.666 167.415 0.268256 0.350497
V -377.897 -242.666 164.997 0.282023 0.350386
V -347.897 -242.666 170.316 0.295790 0.350276
V -317.897 -242.666 178.751 0.309557 0.350165
V -287.897 -242.666 188.378 0.323324 0.350054
V -257.897 -242.666 190.837 0.337091 0.349943
V -227.897 -242.666 183.255 0.350857 0.349833
V -197.897 -242.666 173.215 0.364624 0.349722
V -167.897 -242.666 160.494 0.378391 0.349611
V -137.897 -242.666 145.324 0.392158 0.349500
V -107.897 -242.666 131.553 0.405925 0.349389
V -77.897 -242.666 119.707 0.419691 0.349278
V -47.897 -242.666 110.347 0.433458 0.349167
V -17.897 -242.666 105.673 0.447225 0.349056
V 12.103 -242.666 106.235 0.460992 0.348944
V 42.103 -242.666 106.919 0.474759 0.348833
V 72.103 -242.666 106.704 0.488525 0.348722
V 102.103 -242.666 108.944 0.502292 0.348610
V 132.103 -242.666 118.144 0.516059 0.348499
V 162.103 -242.666 121.275 0.529826 0.348387
V 192.103 -242.666 116.879 0.543593 0.348276
V 222.103 -242.666 113.655 0.557359 0.348164
V 252.103 -242.666 111.591 0.571126 0.348053
V 282.103 -242.666 111.382 0.584893 0.347941
V 312.103 -242.666 118.996 0.598660 0.347829
V 342.103 -242.666 125.513 0.612426 0.347718
V 372.103 -242.666 122.940 0.626193 0.347606
V 402.103 -242.666 118.683 0.639960 0.347494
V 432.103 -242.666 122.261 0.653727 0.347382
V 462.103 -242.666 124.575 0.667494 0.347270
V 492.103 -242.666 121.982 0.681260 0.347158
V 522.103 -242.666 120.351 0.695027 0.347046
V 552.103 -242.666 124.806 0.708794 0.346934
V 582.103 -242.666 131.326 0.722561 0.346822
V 612.103 -242.666 137.183 0.736327 0.346710
V 642.103 -242.666 140.925 0.750094 0.346597
V 672.103 -242.666 145.581 0.763861 0.346485
V 702.103 -242.666 153.075 0.777628 0.346373
V 732.103 -242.666 155.656 0.791394 0.346260
V 762.103 -242.666 160.936 0.805161 0.346148
V 792.103 -242.666 173.809 0.818928 0.346035
V 822.103 -242.666 184.413 0.832695 0.345923
V 852.103 -242.666 183.769 0.846462 0.345810
V 882.103 -242.666 180.316 0.860228 0.345697
V 912.103 -242.666 177.076 0.873995 0.345585
V 942.103 -242.666 176.213 0.887762 0.345472
V 972.103 -242.666 180.672 0.901529 0.345359
V 1002.103 -242.666 178.749 0.915295 0.345246
V 1032.103 -242.666 179.371 0.929062 0.345133
V 1062.103 -242.666 180.893 0.942829 0.345020
V -917.897 -212.666 215.052 0.034330 0.366193
V -887.897 -212.666 213.844 0.048096 0.366084
V -857.897 -212.666 209.082 0.061863 0.365974
V -827.897 -212.666 214.931 0.075630 0.365864
V -797.897 -212.666 227.200 0.089397 0.365754
V -767.897 -212.666 236.646 0.103164 0.365644
V -737.897 -212.666 243.247 0.116931 0.365534
V -707.897 -212.666 250.749 0.130698 0.365424
V -677.897 -212.666 253.262 0.144465 0.365314
V -647.897 -212.666 246.533 0.158232 0.365204
V -617.897 -212.666 236.563 0.171998 0.365094
V -587.897 -212.666 224.126 0.185765 0.364984
V -557.897 -212.666 211.462 0.199532 0.364874
V -527.897 -212.666 205.817 0.213299 0.364763
V -497.897 -212.666 207.033 0.227066 0.364653
V -467.897 -212.666 199.934 0.240833 0.364543
V -437.897 -212.666 186.622 0.254600 0.364432
V -407.897 -212.666 178.424 0.268367 0.364322
V -377.897 -212.666 179.579 0.282133 0.364211
V -347.897 -212.666 184.051 0.295900 0.364100
V -317.897 -212.666 190.213 0.309667 0.363990
V -287.897 -212.666 198.599 0.323434 0.363879
V -257.897 -212.666 200.318 0.337201 0.363768
V -227.897 -212.666 188.409 0.350968 0.363657
V -197.897 -212.666 173.766 0.364735 0.363547
V -167.897 -212.666 158.247 0.378501 0.363436
V -137.897 -212.666 143.394 0.392268 0.363325
V -107.897 -212.666 130.703 0.406035 0.363214
V -77.897 -212.666 119.817 0.419802 0.363103
V -47.897 -212.666 111.375 0.433569 0.362992
V -17.897 -212.666 107.098 0.447336 0.362880
V 12.103 -212.666 106.385 0.461103 0.362769
V 42.103 -212.666 106.628 0.474869 0.362658
V 72.103 -212.666 106.091 0.488636 0.362547
V 102.103 -212.666 106.805 0.502403 0.362435
V 132.103 -212.666 114.429 0.516170 0.362324
V 162.103 -212.666 119.845 0.529937 0.362212
V 192.103 -212.666 114.995 0.543704 0.362101
V 222.103 -212.666 111.609 0.557470 0.361989
V 252.103 -212.666 110.086 0.571237 0.361878
V 282.103 -212.666 110.945 0.585004 0.361766
V 312.103 -212.666 117.629 0.598771 0.361654
V 342.103 -212.666 124.380 0.612538 0.361542
V 372.103 -212.666 120.852 0.626305 0.361431
V 402.103 -212.666 114.256 0.640071 0.361319
V 432.103 -212.666 116.420 0.653838 0.361207
V 462.103 -212.666 117.624 0.667605 0.361095
V 492.103 -212.666 117.115 0.681372 0.360983
V 522.103 -212.666 118.423 0.695139 0.360871
V 552.103 -212.666 122.518 0.708906 0.360759
V 582.103 -212.666 127.325 0.722672 0.360647
V 612.103 -212.666 131.637 0.736439 0.360534
V 642.103 -212.666 134.310 0.750206 0.360422
V 672.103 -212.666 137.408 0.763973 0.360310
V 702.103 -212.666 141.711 0.777740 0.360197
V 732.103 -212.666 147.662 0.791506 0.360085
V 762.103 -212.666 156.982 0.805273 0.359972
V 792.103 -212.666 168.539 0.819040 0.359860
V 822.103 -212.666 179.009 0.832807 0.359747
V 852.103 -212.666 178.979 0.846574 0.359635
V 882.103 -212.666 174.399 0.860340 0.359522
V 912.103 -212.666 172.118 0.874107 0.359409
V 942.103 -212.666 171.445 0.887874 0.359297
V 972.103 -212.666 175.050 0.901641 0.359184
V 1002.103 -212.666 173.361 0.915408 0.359071
V 1032.103 -212.666 170.976 0.929174 0.358958
V 1062.103 -212.666 171.438 0.942941 0.358845
V -917.897 -182.666 230.015 0.034439 0.380018
V -887.897 -182.666 226.957 0.048206 0.379909
V -857.897 -182.666 219.103 0.061973 0.379799
V -827.897 -182.666 221.551 0.075740 0.379689
V -797.897 -182.666 235.027 0.089507 0.379579
V -767.897 -182.666 248.467 0.103274 0.379469
V -737.897 -182.666 257.471 0.117040 0.379359
V -707.897 -182.666 260.694 0.130807 0.379249
V -677.897 -182.666 255.317 0.144574 0.379139
V -647.897 -182.666 244.030 0.158341 0.379029
V -617.897 -182.666 231.791 0.172108 0.378919
V -587.897 -182.666 220.545 0.185875 0.378809
V -557.897 -182.666 213.004 0.199642 0.378699
V -527.897 -182.666 212.768 0.213409 0.378588
V -497.897 -182.666 213.917 0.227176 0.378478
V -467.897 -182.666 204.505 0.240943 0.378367
V -437.897 -182.666 192.470 0.254710 0.378257
V -407.897 -182.666 191.729 0.268477 0.378147
V -377.897 -182.666 195.499 0.282244 0.378036
V -347.897 -182.666 198.745 0.296010 0.377925
V -317.897 -182.666 202.447 0.309777 0.377815
V -287.897 -182.666 205.619 0.323544 0.377704
V -257.897 -182.666 200.768 0.337311 0.377593
V -227.897 -182.666 185.726 0.351078 0.377482
V -197.897 -182.666 169.626 0.364845 0.377372
V 342.103 -182.666 121.554 0.612649 0.375367
V 372.103 -182.666 120.120 0.626416 0.375256
V 402.103 -182.666 112.012 0.640183 0.375144
V 432.103 -182.666 111.589 0.653950 0.375032
V 462.103 -182.666 113.339 0.667717 0.374920
V 492.103 -182.666 118.268 0.681483 0.374808
V 522.103 -182.666 121.785 0.695250 0.374696
V 552.103 -182.666 128.671 0.709017 0.374584
V 582.103 -182.666 134.995 0.722784 0.374471
V 612.103 -182.666 139.673 0.736551 0.374359
V 642.103 -182.666 142.365 0.750318 0.374247
V 672.103 -182.666 144.478 0.764085 0.374135
V 702.103 -182.666 148.455 0.777852 0.374022
V 732.103 -182.666 154.002 0.791618 0.373910
V 762.103 -182.666 162.502 0.805385 0.373797
V 792.103 -182.666 171.534 0.819152 0.373685
V 822.103 -182.666 178.710 0.832919 0.373572
V 852.103 -182.666 177.918 0.846686 0.373460
V 882.103 -182.666 173.204 0.860453 0.373347
V 912.103 -182.666 169.481 0.874220 0.373234
V 942.103 -182.666 167.486 0.887986 0.373121
V 972.103 -182.666 167.795 0.901753 0.373009
V 1002.103 -182.666 167.738 0.915520 0.372896
V 1032.103 -182.666 166.697 0.929287 0.372783
V 1062.103 -182.666 167.551 0.943054 0.372670
V -917.897 -152.666 241.692 0.034548 0.393843
V -887.897 -152.666 238.311 0.048315 0.393734
V -857.897 -152.666 228.921 0.062082 0.393624
V -827.897 -152.666 225.375 0.075849 0.393514
V -797.897 -152.666 237.504 0.089616 0.393404
V -767.897 -152.666 253.080 0.103383 0.393294
V -737.897 -152.666 265.940 0.117150 0.393184
V -707.897 -152.666 265.792 0.130917 0.393074
V -677.897 -152.666 254.043 0.144684 0.392964
V -647.897 -152.666 240.544 0.158451 0.392854
V -617.897 -152.666 228.735 0.172218 0.392744
V -587.897 -152.666 222.653 0.185985 0.392634
V -557.897 -152.666 221.105 0.199752 0.392524
V -527.897 -152.666 221.167 0.213519 0.392413
V -497.897 -152.666 217.358 0.227286 0.392303
V -467.897 -152.666 205.008 0.241053 0.392192
V -437.897 -152.666 197.905 0.254820 0.392082
V -407.897 -152.666 204.271 0.268587 0.391971
V -377.897 -152.666 210.868 0.282354 0.391861
V -347.897 -152.666 212.613 0.296121 0.391750
V -317.897 -152.666 212.182 0.309888 0.391640
V -287.897 -152.666 207.025 0.323655 0.391529
V -257.897 -152.666 195.771 0.337422 0.391418
V -227.897 -152.666 181.839 0.351188 0.391307
V -197.897 -152.666 167.285 0.364955 0.391196
V 342.103 -152.666 117.132 0.612760 0.389192
V 372.103 -152.666 115.643 0.626527 0.389081
V 402.103 -152.666 110.386 0.640294 0.388969
V 432.103 -152.666 110.512 0.654061 0.388857
V 462.103 -152.666 114.279 0.667828 0.388745
V 492.103 -152.666 121.940 0.681595 0.388633
V 522.103 -152.666 126.888 0.695362 0.388521
V 552.103 -152.666 133.225 0.709129 0.388409
V 582.103 -152.666 140.647 0.722896 0.388296
V 612.103 -152.666 148.707 0.736663 0.388184
V 642.103 -152.666 153.846 0.750430 0.388072
V 672.103 -152.666 155.323 0.764197 0.387960
V 702.103 -152.666 157.281 0.777963 0.387847
V 732.103 -152.666 161.621 0.791730 0.387735
V 762.103 -152.666 166.605 0.805497 0.387622
V 792.103 -152.666 174.158 0.819264 0.387510
V 822.103 -152.666 180.425 0.833031 0.387397
V 852.103 -152.666 181.000 0.846798 0.387285
V 882.103 -152.666 176.998 0.860565 0.387172
V 912.103 -152.666 172.493 0.874332 0.387059
V 942.103 -152.666 167.724 0.888099 0.386946
V 972.103 -152.666 164.412 0.901866 0.386834
V 1002.103 -152.666 163.978 0.915633 0.386721
V 1032.103 -152.666 164.032 0.929399 0.386608
V 1062.103 -152.666 165.572 0.943166 0.386495
V -917.897 -122.666 249.228 0.034657 0.407668
V -887.897 -122.666 246.941 0.048424 0.407559
V -857.897 -122.666 237.525 0.062191 0.407449
V -827.897 -122.666 230.549 0.075958 0.407339
V -797.897 -122.666 238.077 0.089725 0.407229
V -767.897 -122.666 252.724 0.103492 0.407119
V -737.897 -122.666 266.118 0.117259 0.407009
V -707.897 -122.666 266.559 0.131027 0.406899
V -677.897 -122.666 254.602 0.144794 0.406789
V -647.897 -122.666 241.757 0.158561 0.406679
V -617.897 -122.666 232.633 0.172328 0.406569
V -587.897 -122.666 231.793 0.186095 0.406459
V -557.897 -122.666 231.969 0.199862 0.406349
V -527.897 -122.666 228.873 0.213629 0.406238
V -497.897 -122.666 220.068 0.227396 0.406128
V -467.897 -122.666 207.745 0.241163 0.406017
V -437.897 -122.666 203.796 0.254930 0.405907
V -407.897 -122.666 213.135 0.268697 0.405796
V -377.897 -122.666 221.719 0.282464 0.405686
V -347.897 -122.666 220.931 0.296231 0.405575
V -317.897 -122.666 213.068 0.309998 0.405465
V -287.897 -122.666 201.196 0.323765 0.405354
V -257.897 -122.666 189.345 0.337532 0.405243
V -227.897 -122.666 178.423 0.351299 0.405132
V -197.897 -122.666 168.825 0.365066 0.405021
V 342.103 -122.666 111.790 0.612872 0.403017
V 372.103 -122.666 110.480 0.626639 0.402905
V 402.103 -122.666 108.261 0.640406 0.402794
V 432.103 -122.666 109.929 0.654173 0.402682
V 462.103 -122.666 115.110 0.667940 0.402570
V 492.103 -122.666 124.859 0.681707 0.402458
V 522.103 -122.666 132.923 0.695474 0.402346
V 552.103 -122.666 138.884 0.709241 0.402234
V 582.103 -122.666 146.478 0.723008 0.402121
V 612.103 -122.666 155.500 0.736775 0.402009
V 642.103 -122.666 162.609 0.750541 0.401897
V 672.103 -122.666 164.020 0.764308 0.401785
V 702.103 -122.666 163.720 0.778075 0.401672
V 732.103 -122.666 165.276 0.791842 0.401560
V 762.103 -122.666 167.735 0.805609 0.401447
V 792.103 -122.666 171.846 0.819376 0.401335
V 822.103 -122.666 177.432 0.833143 0.401222
V 852.103 -122.666 180.940 0.846910 0.401110
V 882.103 -122.666 179.291 0.860677 0.400997
V 912.103 -122.666 175.759 0.874444 0.400884
V 942.103 -122.666 169.598 0.888211 0.400771
V 972.103 -122.666 163.815 0.901978 0.400659
V 1002.103 -122.666 161.195 0.915745 0.400546
V 1032.103 -122.666 162.280 0.929512 0.400433
V 1062.103 -122.666 165.870 0.943279 0.400320
V -917.897 -92.666 256.882 0.034766 0.421494
V -887.897 -92.666 254.936 0.048534 0.421384
V -857.897 -92.666 246.322 0.062301 0.421274
V -827.897 -92.666 239.751 0.076068 0.421164
V -797.897 -92.666 240.443 0.089835 0.421054
V -767.897 -92.666 251.004 0.103602 0.420944
V -737.897 -92.666 263.249 0.117369 0.420834
V -707.897 -92.666 266.724 0.131136 0.420724
V -677.897 -92.666 257.702 0.144903 0.420614
V -647.897 -92.666 246.913 0.158670 0.420504
V -617.897 -92.666 240.438 0.172437 0.420394
V -587.897 -92.666 242.000 0.186204 0.420284
V -557.897 -92.666 242.788 0.199971 0.420174
V -527.897 -92.666 235.948 0.213739 0.420063
V -497.897 -92.666 224.626 0.227506 0.419953
V -467.897 -92.666 213.305 0.241273 0.419843
V -437.897 -92.666 208.665 0.255040 0.419732
V -407.897 -92.666 217.960 0.268807 0.419622
V -377.897 -92.666 226.344 0.282574 0.419511
V -347.897 -92.666 221.590 0.296341 0.419400
V -317.897 -92.666 209.098 0.310108 0.419290
V -287.897 -92.666 196.959 0.323875 0.419179
V -257.897 -92.666 190.240 0.337642 0.419068
V -227.897 -92.666 185.028 0.351409 0.418957
V -197.897 -92.666 178.767 0.365176 0.418847
V 342.103 -92.666 106.975 0.612983 0.416842
V 372.103 -92.666 106.788 0.626750 0.416731
V 402.103 -92.666 105.941 0.640517 0.416619
V 432.103 -92.666 108.507 0.654284 0.416507
V 462.103 -92.666 114.975 0.668051 0.416395
V 492.103 -92.666 124.745 0.681818 0.416283
V 522.103 -92.666 133.207 0.695585 0.416171
V 552.103 -92.666 140.719 0.709352 0.416059
V 582.103 -92.666 149.134 0.723119 0.415946
V 612.103 -92.666 157.123 0.736886 0.415834
V 642.103 -92.666 163.588 0.750653 0.415722
V 672.103 -92.666 165.215 0.764420 0.415610
V 702.103 -92.666 164.821 0.778187 0.415497
V 732.103 -92.666 164.291 0.791954 0.415385
V 762.103 -92.666 165.722 0.805721 0.415272
V 792.103 -92.666 168.812 0.819488 0.415160
V 822.103 -92.666 172.490 0.833255 0.415047
V 852.103 -92.666 173.323 0.847022 0.414935
V 882.103 -92.666 171.942 0.860789 0.414822
V 912.103 -92.666 171.481 0.874556 0.414709
V 942.103 -92.666 167.683 0.888323 0.414596
V 972.103 -92.666 161.517 0.902090 0.414484
V 1002.103 -92.666 159.359 0.915857 0.414371
V 1032.103 -92.666 164.063 0.929624 0.414258
V 1062.103 -92.666 168.732 0.943391 0.414145
V -917.897 -62.666 266.433 0.034876 0.435319
V -887.897 -62.666 264.466 0.048643 0.435209
V -857.897 -62.666 256.900 0.062410 0.435099
V -827.897 -62.666 250.907 0.076177 0.434989
V -797.897 -62.666 246.880 0.089944 0.434879
V -767.897 -62.666 249.701 0.103711 0.434770
V -737.897 -62.666 260.750 0.117479 0.434660
V -707.897 -62.666 267.605 0.131246 0.434550
V -677.897 -62.666 263.403 0.145013 0.434440
V -647.897 -62.666 255.188 0.158780 0.434329
V -617.897 -62.666 250.700 0.172547 0.434219
V -587.897 -62.666 251.611 0.186314 0.434109
V -557.897 -62.666 251.100 0.200081 0.433999
V -527.897 -62.666 241.301 0.213848 0.433888
V -497.897 -62.666 229.684 0.227616 0.433778
V -467.897 -62.666 218.074 0.241383 0.433668
V -437.897 -62.666 213.026 0.255150 0.433557
V -407.897 -62.666 220.918 0.268917 0.433447
V -377.897 -62.666 228.525 0.282684 0.433336
V -347.897 -62.666 223.639 0.296451 0.433226
V -317.897 -62.666 211.488 0.310218 0.433115
V -287.897 -62.666 202.184 0.323985 0.433004
V -257.897 -62.666 201.003 0.337752 0.432893
V -227.897 -62.666 196.615 0.351520 0.432783
V -197.897 -62.666 188.337 0.365287 0.432672
V 342.103 -62.666 102.714 0.613094 0.430667
V 372.103 -62.666 103.911 0.626861 0.430556
V 402.103 -62.666 104.863 0.640629 0.430444
V 432.103 -62.666 106.320 0.654396 0.430332
V 462.103 -62.666 111.073 0.668163 0.430220
V 492.103 -62.666 118.709 0.681930 0.430108
V 522.103 -62.666 126.850 0.695697 0.429996
V 552.103 -62.666 135.445 0.709464 0.429884
V 582.103 -62.666 145.284 0.723231 0.429771
V 612.103 -62.666 153.566 0.736998 0.429659
V 642.103 -62.666 159.869 0.750765 0.429547
V 672.103 -62.666 163.518 0.764532 0.429435
V 702.103 -62.666 163.017 0.778299 0.429322
V 732.103 -62.666 160.968 0.792066 0.429210
V 762.103 -62.666 161.163 0.805833 0.429097
V 792.103 -62.666 163.624 0.819600 0.428985
V 822.103 -62.666 165.184 0.833368 0.428872
V 852.103 -62.666 163.264 0.847135 0.428760
V 882.103 -62.666 161.683 0.860902 0.428647
V 912.103 -62.666 163.286 0.874669 0.428534
V 942.103 -62.666 161.939 0.888436 0.428421
V 972.103 -62.666 156.963 0.902203 0.428309
V 1002.103 -62.666 157.406 0.915970 0.428196
V 1032.103 -62.666 162.830 0.929737 0.428083
V 1062.103 -62.666 164.644 0.943504 0.427970
V -917.897 -32.666 277.473 0.034985 0.449144
V -887.897 -32.666 276.438 0.048752 0.449034
V -857.897 -32.666 269.462 0.062519 0.448924
V -827.897 -32.666 262.598 0.076287 0.448815
V -797.897 -32.666 256.726 0.090054 0.448705
V -767.897 -32.666 254.751 0.103821 0.448595
V -737.897 -32.666 262.843 0.117588 0.448485
V -707.897 -32.666 271.066 0.131355 0.448375
V -677.897 -32.666 272.395 0.145122 0.448265
V -647.897 -32.666 266.842 0.158890 0.448155
V -617.897 -32.666 262.480 0.172657 0.448044
V -587.897 -32.666 260.518 0.186424 0.447934
V -557.897 -32.666 254.424 0.200191 0.447824
V -527.897 -32.666 241.879 0.213958 0.447714
V -497.897 -32.666 228.918 0.227725 0.447603
V -467.897 -32.666 219.364 0.241493 0.447493
V -437.897 -32.666 219.061 0.255260 0.447382
V -407.897 -32.666 227.059 0.269027 0.447272
V -377.897 -32.666 233.235 0.282794 0.447161
V -347.897 -32.666 228.396 0.296561 0.447051
V -317.897 -32.666 217.961 0.310329 0.446940
V -287.897 -32.666 212.586 0.324096 0.446829
V -257.897 -32.666 210.590 0.337863 0.446719
V -227.897 -32.666 203.640 0.351630 0.446608
V -197.897 -32.666 193.189 0.365397 0.446497
V 342.103 -32.666 100.648 0.613206 0.444493
V 372.103 -32.666 102.047 0.626973 0.444381
V 402.103 -32.666 102.501 0.640740 0.444269
V 432.103 -32.666 104.050 0.654507 0.444157
V 462.103 -32.666 108.832 0.668274 0.444045
V 492.103 -32.666 113.764 0.682041 0.443933
V 522.103 -32.666 121.065 0.695808 0.443821
V 552.103 -32.666 130.783 0.709576 0.443709
V 582.103 -32.666 140.900 0.723343 0.443597
V 612.103 -32.666 149.240 0.737110 0.443484
V 642.103 -32.666 155.591 0.750877 0.443372
V 672.103 -32.666 159.603 0.764644 0.443260
V 702.103 -32.666 160.435 0.778411 0.443147
V 732.103 -32.666 156.420 0.792178 0.443035
V 762.103 -32.666 154.269 0.805945 0.442922
V 792.103 -32.666 155.420 0.819713 0.442810
V 822.103 -32.666 155.924 0.833480 0.442697
V 852.103 -32.666 154.558 0.847247 0.442585
V 882.103 -32.666 153.861 0.861014 0.442472
V 912.103 -32.666 153.354 0.874781 0.442359
V 942.103 -32.666 152.009 0.888548 0.442247
V 972.103 -32.666 149.936 0.902315 0.442134
V 1002.103 -32.666 151.267 0.916082 0.442021
V 1032.103 -32.666 154.160 0.929849 0.441908
V 1062.103 -32.666 154.538 0.943616 0.441795
V -917.897 -2.666 287.808 0.035094 0.462969
V -887.897 -2.666 289.442 0.048861 0.462859
V -857.897 -2.666 283.146 0.062629 0.462750
V -827.897 -2.666 275.190 0.076396 0.462640
V -797.897 -2.666 266.281 0.090163 0.462530
V -767.897 -2.666 262.168 0.103930 0.462420
V -737.897 -2.666 269.517 0.117698 0.462310
V -707.897 -2.666 278.896 0.131465 0.462200
V -677.897 -2.666 283.530 0.145232 0.462090
V -647.897 -2.666 278.592 0.158999 0.461980
V -617.897 -2.666 271.908 0.172767 0.461870
V -587.897 -2.666 264.227 0.186534 0.461759
V -557.897 -2.666 252.470 0.200301 0.461649
V -527.897 -2.666 239.767 0.214068 0.461539
V -497.897 -2.666 228.033 0.227835 0.461428
V -467.897 -2.666 223.868 0.241603 0.461318
V -437.897 -2.666 228.389 0.255370 0.461208
V -407.897 -2.666 236.026 0.269137 0.461097
V -377.897 -2.666 240.751 0.282904 0.460987
V -347.897 -2.666 235.722 0.296672 0.460876
V -317.897 -2.666 227.046 0.310439 0.460765
V -287.897 -2.666 221.589 0.324206 0.460655
V -257.897 -2.666 213.475 0.337973 0.460544
V -227.897 -2.666 201.085 0.351740 0.460433
V -197.897 -2.666 186.986 0.365508 0.460322
V 342.103 -2.666 99.972 0.613317 0.458318
V 372.103 -2.666 100.027 0.627084 0.458206
V 402.103 -2.666 101.418 0.640851 0.458094
V 432.103 -2.666 103.072 0.654619 0.457982
V 462.103 -2.666 107.786 0.668386 0.457870
V 492.103 -2.666 113.323 0.682153 0.457758
V 522.103 -2.666 119.075 0.695920 0.457646
V 552.103 -2.666 128.231 0.709687 0.457534
V 582.103 -2.666 137.085 0.723454 0.457422
V 612.103 -2.666 143.756 0.737222 0.457309
V 642.103 -2.666 149.089 0.750989 0.457197
V 672.103 -2.666 154.471 0.764756 0.457085
V 702.103 -2.666 156.571 0.778523 0.456973
V 732.103 -2.666 152.052 0.792290 0.456860
V 762.103 -2.666 146.661 0.806057 0.456748
V 792.103 -2.666 145.907 0.819825 0.456635
V 822.103 -2.666 145.584 0.833592 0.456522
V 852.103 -2.666 145.080 0.847359 0.456410
V 882.103 -2.666 145.390 0.861126 0.456297
V 912.103 -2.666 143.068 0.874893 0.456184
V 942.103 -2.666 140.932 0.888660 0.456072
V 972.103 -2.666 140.685 0.902428 0.455959
V 1002.103 -2.666 143.245 0.916195 0.455846
V 1032.103 -2.666 145.505 0.929962 0.455733
V 1062.103 -2.666 146.962 0.943729 0.455620
V -917.897 27.334 298.991 0.035203 0.476794
V -887.897 27.334 301.575 0.048971 0.476685
V -857.897 27.334 296.514 0.062738 0.476575
V -827.897 27.334 287.415 0.076505 0.476465
V -797.897 27.334 276.563 0.090273 0.476355
V -767.897 27.334 272.815 0.104040 0.476245
V -737.897 27.334 279.954 0.117807 0.476135
V -707.897 27.334 288.720 0.131574 0.476025
V -677.897 27.334 293.567 0.145342 0.475915
V -647.897 27.334 288.410 0.159109 0.475805
V -617.897 27.334 277.855 0.172876 0.475695
V -587.897 27.334 265.018 0.186644 0.475585
V -557.897 27.334 250.853 0.200411 0.475474
V -527.897 27.334 238.269 0.214178 0.475364
V -497.897 27.334 230.710 0.227945 0.475254
V -467.897 27.334 232.119 0.241713 0.475143
V -437.897 27.334 239.275 0.255480 0.475033
V -407.897 27.334 244.210 0.269247 0.474922
V -377.897 27.334 244.540 0.283014 0.474812
V -347.897 27.334 238.297 0.296782 0.474701
V -317.897 27.334 228.977 0.310549 0.474590
V -287.897 27.334 218.051 0.324316 0.474480
V -257.897 27.334 208.526 0.338083 0.474369
V -227.897 27.334 195.994 0.351851 0.474258
V -197.897 27.334 181.071 0.365618 0.474147
V 342.103 27.334 99.283 0.613428 0.472143
V 372.103 27.334 99.595 0.627196 0.472031
V 402.103 27.334 100.349 0.640963 0.471919
V 432.103 27.334 101.343 0.654730 0.471807
V 462.103 27.334 106.330 0.668497 0.471695
V 492.103 27.334 111.526 0.682265 0.471583
V 522.103 27.334 116.775 0.696032 0.471471
V 552.103 27.334 124.854 0.709799 0.471359
V 582.103 27.334 132.455 0.723566 0.471247
V 612.103 27.334 137.568 0.737333 0.471135
V 642.103 27.334 143.613 0.751101 0.471022
V 672.103 27.334 148.793 0.764868 0.470910
V 702.103 27.334 149.684 0.778635 0.470798
V 732.103 27.334 145.216 0.792402 0.470685
V 762.103 27.334 139.636 0.806169 0.470573
V 792.103 27.334 138.038 0.819937 0.470460
V 822.103 27.334 137.985 0.833704 0.470348
V 852.103 27.334 137.916 0.847471 0.470235
V 882.103 27.334 136.699 0.861238 0.470122
V 912.103 27.334 134.415 0.875006 0.470010
V 942.103 27.334 132.891 0.888773 0.469897
V 972.103 27.334 134.407 0.902540 0.469784
V 1002.103 27.334 137.619 0.916307 0.469671
V 1032.103 27.334 139.550 0.930074 0.469558
V 1062.103 27.334 141.497 0.943842 0.469445
V -917.897 57.334 310.720 0.035313 0.490620
V -887.897 57.334 312.297 0.049080 0.490510
V -857.897 57.334 307.420 0.062847 0.490400
V -827.897 57.334 297.441 0.076615 0.490290
V -797.897 57.334 288.304 0.090382 0.490181
V -767.897 57.334 287.048 0.104149 0.490071
V -737.897 57.334 292.410 0.117917 0.489961
V -707.897 57.334 299.120 0.131684 0.489851
V -677.897 57.334 302.127 0.145451 0.489741
V -647.897 57.334 295.455 0.159219 0.489630
V -617.897 57.334 282.603 0.172986 0.489520
V -587.897 57.334 268.874 0.186753 0.489410
V -557.897 57.334 255.482 0.200521 0.489300
V -527.897 57.334 244.159 0.214288 0.489189
V -497.897 57.334 239.313 0.228055 0.489079
V -467.897 57.334 241.615 0.241823 0.488969
V -437.897 57.334 247.004 0.255590 0.488858
V -407.897 57.334 244.329 0.269357 0.488748
V -377.897 57.334 235.772 0.283125 0.488637
V -347.897 57.334 227.376 0.296892 0.488526
V -317.897 57.334 218.180 0.310659 0.488416
V -287.897 57.334 206.635 0.324427 0.488305
V -257.897 57.334 198.533 0.338194 0.488194
V -227.897 57.334 190.834 0.351961 0.488083
V -197.897 57.334 177.862 0.365728 0.487973
V 342.103 57.334 98.479 0.613540 0.485968
V 372.103 57.334 98.579 0.627307 0.485856
V 402.103 57.334 98.548 0.641074 0.485745
V 432.103 57.334 99.231 0.654842 0.485633
V 462.103 57.334 102.983 0.668609 0.485521
V 492.103 57.334 108.319 0.682376 0.485409
V 522.103 57.334 113.885 0.696143 0.485297
V 552.103 57.334 121.228 0.709911 0.485184
V 582.103 57.334 127.325 0.723678 0.485072
V 612.103 57.334 131.897 0.737445 0.484960
V 642.103 57.334 137.801 0.751212 0.484848
V 672.103 57.334 141.702 0.764980 0.484735
V 702.103 57.334 140.788 0.778747 0.484623
V 732.103 57.334 136.507 0.792514 0.484511
V 762.103 57.334 132.581 0.806282 0.484398
V 792.103 57.334 131.934 0.820049 0.484286
V 822.103 57.334 132.352 0.833816 0.484173
V 852.103 57.334 132.963 0.847583 0.484060
V 882.103 57.334 132.062 0.861351 0.483948
V 912.103 57.334 129.648 0.875118 0.483835
V 942.103 57.334 128.393 0.888885 0.483722
V 972.103 57.334 130.242 0.902652 0.483609
V 1002.103 57.334 133.066 0.916420 0.483496
V 1032.103 57.334 135.084 0.930187 0.483383
V 1062.103 57.334 137.232 0.943954 0.483270
V -917.897 87.334 319.425 0.035422 0.504445
V -887.897 87.334 320.952 0.049189 0.504335
V -857.897 87.334 316.798 0.062957 0.504226
V -827.897 87.334 308.280 0.076724 0.504116
V -797.897 87.334 301.632 0.090491 0.504006
V -767.897 87.334 300.896 0.104259 0.503896
V -737.897 87.334 304.336 0.118026 0.503786
V -707.897 87.334 308.836 0.131794 0.503676
V -677.897 87.334 308.563 0.145561 0.503566
V -647.897 87.334 299.647 0.159328 0.503456
V -617.897 87.334 286.327 0.173096 0.503346
V -587.897 87.334 273.140 0.186863 0.503235
V -557.897 87.334 261.409 0.200630 0.503125
V -527.897 87.334 253.308 0.214398 0.503015
V -497.897 87.334 248.045 0.228165 0.502904
V -467.897 87.334 248.420 0.241933 0.502794
V -437.897 87.334 246.966 0.255700 0.502684
V -407.897 87.334 236.685 0.269467 0.502573
V -377.897 87.334 225.601 0.283235 0.502462
V -347.897 87.334 215.140 0.297002 0.502352
V -317.897 87.334 205.477 0.310769 0.502241
V -287.897 87.334 195.000 0.324537 0.502130
V -257.897 87.334 185.471 0.338304 0.502020
V -227.897 87.334 178.867 0.352072 0.501909
V -197.897 87.334 168.739 0.365839 0.501798
V 342.103 87.334 97.963 0.613651 0.499794
V 372.103 87.334 97.699 0.627418 0.499682
V 402.103 87.334 97.655 0.641186 0.499570
V 432.103 87.334 98.417 0.654953 0.499458
V 462.103 87.334 99.692 0.668720 0.499346
V 492.103 87.334 104.733 0.682488 0.499234
V 522.103 87.334 110.156 0.696255 0.499122
V 552.103 87.334 116.349 0.710022 0.499010
V 582.103 87.334 121.456 0.723790 0.498898
V 612.103 87.334 126.432 0.737557 0.498785
V 642.103 87.334 131.398 0.751324 0.498673
V 672.103 87.334 134.464 0.765092 0.498561
V 702.103 87.334 133.370 0.778859 0.498448
V 732.103 87.334 129.341 0.792626 0.498336
V 762.103 87.334 126.324 0.806394 0.498223
V 792.103 87.334 126.293 0.820161 0.498111
V 822.103 87.334 127.357 0.833928 0.497998
V 852.103 87.334 128.543 0.847695 0.497886
V 882.103 87.334 127.619 0.861463 0.497773
V 912.103 87.334 126.068 0.875230 0.497660
V 942.103 87.334 124.697 0.888997 0.497547
V 972.103 87.334 126.215 0.902765 0.497435
V 1002.103 87.334 128.713 0.916532 0.497322
V 1032.103 87.334 131.134 0.930299 0.497209
V 1062.103 87.334 133.924 0.944067 0.497096
V -917.897 117.334 326.299 0.035531 0.518271
V -887.897 117.334 328.895 0.049299 0.518161
V -857.897 117.334 326.210 0.063066 0.518051
V -827.897 117.334 319.884 0.076833 0.517941
V -797.897 117.334 315.024 0.090601 0.517831
V -767.897 117.334 314.163 0.104368 0.517721
V -737.897 117.334 315.443 0.118136 0.517611
V -707.897 117.334 316.406 0.131903 0.517501
V -677.897 117.334 312.756 0.145671 0.517391
V -647.897 117.334 302.976 0.159438 0.517281
V -617.897 117.334 290.960 0.173205 0.517171
V -587.897 117.334 278.994 0.186973 0.517061
V -557.897 117.334 268.997 0.200740 0.516951
V -527.897 117.334 261.122 0.214508 0.516840
V -497.897 117.334 252.704 0.228275 0.516730
V -467.897 117.334 245.505 0.242043 0.516619
V -437.897 117.334 238.025 0.255810 0.516509
V -407.897 117.334 231.254 0.269577 0.516398
V -377.897 117.334 221.400 0.283345 0.516288
V -347.897 117.334 209.121 0.297112 0.516177
V -317.897 117.334 195.950 0.310880 0.516067
V -287.897 117.334 184.024 0.324647 0.515956
V -257.897 117.334 173.975 0.338414 0.515845
V -227.897 117.334 166.839 0.352182 0.515734
V -197.897 117.334 159.595 0.365949 0.515623
V 342.103 117.334 96.879 0.613762 0.513619
V 372.103 117.334 96.964 0.627530 0.513507
V 402.103 117.334 98.154 0.641297 0.513395
V 432.103 117.334 97.980 0.655065 0.513283
V 462.103 117.334 97.333 0.668832 0.513171
V 492.103 117.334 99.895 0.682599 0.513059
V 522.103 117.334 105.944 0.696367 0.512947
V 552.103 117.334 111.159 0.710134 0.512835
V 582.103 117.334 115.590 0.723901 0.512723
V 612.103 117.334 122.277 0.737669 0.512611
V 642.103 117.334 127.326 0.751436 0.512498
V 672.103 117.334 131.101 0.765204 0.512386
V 702.103 117.334 129.511 0.778971 0.512274
V 732.103 117.334 124.947 0.792738 0.512161
V 762.103 117.334 121.188 0.806506 0.512049
V 792.103 117.334 120.013 0.820273 0.511936
V 822.103 117.334 123.610 0.834040 0.511824
V 852.103 117.334 125.598 0.847808 0.511711
V 882.103 117.334 124.030 0.861575 0.511598
V 912.103 117.334 121.917 0.875342 0.511486
V 942.103 117.334 120.975 0.889110 0.511373
V 972.103 117.334 121.611 0.902877 0.511260
V 1002.103 117.334 123.879 0.916644 0.511147
V 1032.103 117.334 127.279 0.930412 0.511034
V 1062.103 117.334 131.620 0.944179 0.510921
V -917.897 147.334 331.380 0.035640 0.532096
V -887.897 147.334 335.784 0.049408 0.531986
V -857.897 147.334 335.443 0.063175 0.531877
V -827.897 147.334 330.637 0.076943 0.531767
V -797.897 147.334 326.742 0.090710 0.531657
V -767.897 147.334 324.823 0.104478 0.531547
V -737.897 147.334 323.427 0.118245 0.531437
V -707.897 147.334 320.763 0.132013 0.531327
V -677.897 147.334 314.876 0.145780 0.531217
V -647.897 147.334 306.077 0.159548 0.531107
V -617.897 147.334 296.179 0.173315 0.530997
V -587.897 147.334 285.999 0.187083 0.530886
V -557.897 147.334 276.532 0.200850 0.530776
V -527.897 147.334 266.738 0.214618 0.530666
V -497.897 147.334 254.304 0.228385 0.530555
V -467.897 147.334 240.971 0.242153 0.530445
V -437.897 147.334 228.022 0.255920 0.530334
V -407.897 147.334 220.627 0.269688 0.530224
V -377.897 147.334 217.600 0.283455 0.530113
V -347.897 147.334 209.573 0.297222 0.530003
V -317.897 147.334 194.875 0.310990 0.529892
V -287.897 147.334 178.587 0.324757 0.529781
V -257.897 147.334 165.420 0.338525 0.529671
V -227.897 147.334 156.123 0.352292 0.529560
V -197.897 147.334 149.909 0.366060 0.529449
V 342.103 147.334 95.690 0.613874 0.527444
V 372.103 147.334 96.006 0.627641 0.527333
V 402.103 147.334 97.389 0.641409 0.527221
V 432.103 147.334 97.128 0.655176 0.527109
V 462.103 147.334 96.310 0.668943 0.526997
V 492.103 147.334 97.538 0.682711 0.526885
V 522.103 147.334 102.321 0.696478 0.526773
V 552.103 147.334 106.324 0.710246 0.526661
V 582.103 147.334 110.891 0.724013 0.526548
V 612.103 147.334 120.270 0.737781 0.526436
V 642.103 147.334 126.521 0.751548 0.526324
V 672.103 147.334 127.928 0.765315 0.526211
V 702.103 147.334 126.068 0.779083 0.526099
V 732.103 147.334 121.436 0.792850 0.525987
V 762.103 147.334 115.877 0.806618 0.525874
V 792.103 147.334 114.089 0.820385 0.525762
V 822.103 147.334 120.021 0.834152 0.525649
V 852.103 147.334 122.004 0.847920 0.525536
V 882.103 147.334 120.516 0.861687 0.525424
V 912.103 147.334 118.283 0.875455 0.525311
V 942.103 147.334 117.457 0.889222 0.525198
V 972.103 147.334 118.196 0.902989 0.525085
V 1002.103 147.334 120.650 0.916757 0.524972
V 1032.103 147.334 124.818 0.930524 0.524860
V 1062.103 147.334 129.741 0.944292 0.524747
V -917.897 177.334 333.126 0.035750 0.545922
V -887.897 177.334 339.093 0.049517 0.545812
V -857.897 177.334 340.446 0.063285 0.545702
V -827.897 177.334 337.600 0.077052 0.545592
V -797.897 177.334 333.930 0.090820 0.545482
V -767.897 177.334 330.360 0.104587 0.545372
V -737.897 177.334 325.582 0.118355 0.545263
V -707.897 177.334 320.121 0.132122 0.545152
V -677.897 177.334 313.771 0.145890 0.545042
V -647.897 177.334 305.442 0.159657 0.544932
V -617.897 177.334 295.688 0.173425 0.544822
V -587.897 177.334 286.490 0.187192 0.544712
V -557.897 177.334 276.489 0.200960 0.544602
V -527.897 177.334 264.139 0.214728 0.544491
V -497.897 177.334 250.628 0.228495 0.544381
V -467.897 177.334 236.926 0.242263 0.544270
V -437.897 177.334 222.904 0.256030 0.544160
V -407.897 177.334 210.161 0.269798 0.544049
V -377.897 177.334 204.656 0.283565 0.543939
V -347.897 177.334 201.178 0.297333 0.543828
V -317.897 177.334 190.047 0.311100 0.543718
V -287.897 177.334 174.894 0.324868 0.543607
V -257.897 177.334 160.652 0.338635 0.543496
V -227.897 177.334 149.160 0.352403 0.543385
V -197.897 177.334 140.720 0.366170 0.543274
V 342.103 177.334 96.377 0.613985 0.541270
V 372.103 177.334 95.192 0.627753 0.541158
V 402.103 177.334 95.270 0.641520 0.541046
V 432.103 177.334 94.869 0.655288 0.540934
V 462.103 177.334 94.175 0.669055 0.540822
V 492.103 177.334 95.464 0.682822 0.540710
V 522.103 177.334 99.471 0.696590 0.540598
V 552.103 177.334 102.906 0.710357 0.540486
V 582.103 177.334 105.961 0.724125 0.540374
V 612.103 177.334 112.658 0.737892 0.540262
V 642.103 177.334 119.704 0.751660 0.540149
V 672.103 177.334 122.260 0.765427 0.540037
V 702.103 177.334 122.965 0.779195 0.539925
V 732.103 177.334 118.997 0.792962 0.539812
V 762.103 177.334 111.890 0.806730 0.539700
V 792.103 177.334 109.768 0.820497 0.539587
V 822.103 177.334 114.795 0.834265 0.539474
V 852.103 177.334 115.865 0.848032 0.539362
V 882.103 177.334 114.222 0.861800 0.539249
V 912.103 177.334 112.443 0.875567 0.539136
V 942.103 177.334 112.738 0.889334 0.539024
V 972.103 177.334 115.415 0.903102 0.538911
V 1002.103 177.334 118.908 0.916869 0.538798
V 1032.103 177.334 124.291 0.930637 0.538685
V 1062.103 177.334 128.321 0.944404 0.538572
V -917.897 207.334 332.995 0.035859 0.559747
V -887.897 207.334 339.674 0.049626 0.559637
V -857.897 207.334 343.029 0.063394 0.559528
V -827.897 207.334 341.205 0.077162 0.559418
V -797.897 207.334 335.092 0.090929 0.559308
V -767.897 207.334 329.179 0.104697 0.559198
V -737.897 207.334 322.693 0.118464 0.559088
V -707.897 207.334 315.872 0.132232 0.558978
V -677.897 207.334 308.752 0.146000 0.558868
V -647.897 207.334 299.476 0.159767 0.558758
V -617.897 207.334 287.747 0.173535 0.558648
V -587.897 207.334 276.792 0.187302 0.558537
V -557.897 207.334 267.632 0.201070 0.558427
V -527.897 207.334 257.407 0.214837 0.558317
V -497.897 207.334 245.771 0.228605 0.558206
V -467.897 207.334 234.498 0.242373 0.558096
V -437.897 207.334 222.792 0.256140 0.557986
V -407.897 207.334 208.286 0.269908 0.557875
V -377.897 207.334 196.098 0.283675 0.557764
V -347.897 207.334 187.902 0.297443 0.557654
V -317.897 207.334 179.551 0.311210 0.557543
V -287.897 207.334 166.536 0.324978 0.557432
V -257.897 207.334 154.462 0.338746 0.557322
V -227.897 207.334 145.647 0.352513 0.557211
V -197.897 207.334 139.974 0.366281 0.557100
V 342.103 207.334 97.923 0.614096 0.555095
V 372.103 207.334 96.488 0.627864 0.554984
V 402.103 207.334 95.221 0.641631 0.554872
V 432.103 207.334 94.221 0.655399 0.554760
V 462.103 207.334 93.279 0.669167 0.554648
V 492.103 207.334 92.769 0.682934 0.554536
V 522.103 207.334 95.530 0.696702 0.554424
V 552.103 207.334 99.075 0.710469 0.554312
V 582.103 207.334 102.596 0.724237 0.554199
V 612.103 207.334 106.913 0.738004 0.554087
V 642.103 207.334 112.323 0.751772 0.553975
V 672.103 207.334 117.333 0.765539 0.553862
V 702.103 207.334 119.164 0.779307 0.553750
V 732.103 207.334 115.026 0.793074 0.553638
V 762.103 207.334 107.878 0.806842 0.553525
V 792.103 207.334 105.461 0.820609 0.553413
V 822.103 207.334 107.960 0.834377 0.553300
V 852.103 207.334 108.013 0.848144 0.553187
V 882.103 207.334 106.806 0.861912 0.553075
V 912.103 207.334 105.948 0.875679 0.552962
V 942.103 207.334 108.037 0.889447 0.552849
V 972.103 207.334 111.788 0.903214 0.552736
V 1002.103 207.334 116.878 0.916982 0.552623
V 1032.103 207.334 123.838 0.930749 0.552510
V 1062.103 207.334 127.336 0.944517 0.552397
V -917.897 237.334 328.523 0.035968 0.573573
V -887.897 237.334 337.217 0.049736 0.573463
V -857.897 237.334 341.984 0.063503 0.573353
V -827.897 237.334 339.804 0.077271 0.573244
V -797.897 237.334 332.577 0.091039 0.573134
V -767.897 237.334 325.431 0.104806 0.573024
V -737.897 237.334 317.365 0.118574 0.572914
V -707.897 237.334 309.251 0.132342 0.572804
V -677.897 237.334 302.013 0.146109 0.572694
V -647.897 237.334 292.217 0.159877 0.572584
V -617.897 237.334 278.919 0.173644 0.572473
V -587.897 237.334 266.205 0.187412 0.572363
V -557.897 237.334 256.791 0.201180 0.572253
V -527.897 237.334 248.102 0.214947 0.572142
V -497.897 237.334 238.695 0.228715 0.572032
V -467.897 237.334 230.220 0.242483 0.571922
V -437.897 237.334 221.878 0.256250 0.571811
V -407.897 237.334 210.264 0.270018 0.571701
V -377.897 237.334 196.591 0.283785 0.571590
V -347.897 237.334 182.439 0.297553 0.571479
V -317.897 237.334 171.851 0.311321 0.571369
V -287.897 237.334 164.955 0.325088 0.571258
V -257.897 237.334 157.432 0.338856 0.571147
V -227.897 237.334 149.396 0.352623 0.571036
V -197.897 237.334 146.041 0.366391 0.570926
V 342.103 237.334 97.242 0.614208 0.568921
V 372.103 237.334 96.757 0.627975 0.568809
V 402.103 237.334 95.198 0.641743 0.568697
V 432.103 237.334 94.153 0.655511 0.568585
V 462.103 237.334 93.215 0.669278 0.568473
V 492.103 237.334 92.731 0.683046 0.568361
V 522.103 237.334 93.132 0.696813 0.568249
V 552.103 237.334 94.093 0.710581 0.568137
V 582.103 237.334 98.316 0.724348 0.568025
V 612.103 237.334 102.519 0.738116 0.567913
V 642.103 237.334 107.061 0.751884 0.567800
V 672.103 237.334 112.420 0.765651 0.567688
V 702.103 237.334 112.820 0.779419 0.567576
V 732.103 237.334 109.077 0.793186 0.567463
V 762.103 237.334 103.566 0.806954 0.567351
V 792.103 237.334 100.865 0.820721 0.567238
V 822.103 237.334 101.748 0.834489 0.567126
V 852.103 237.334 101.765 0.848256 0.567013
V 882.103 237.334 102.027 0.862024 0.566900
V 912.103 237.334 103.270 0.875792 0.566787
V 942.103 237.334 106.269 0.889559 0.566675
V 972.103 237.334 109.517 0.903327 0.566562
V 1002.103 237.334 114.151 0.917094 0.566449
V 1032.103 237.334 120.114 0.930862 0.566336
V 1062.103 237.334 124.263 0.944629 0.566223
V -917.897 267.334 325.503 0.036077 0.587399
V -887.897 267.334 334.347 0.049845 0.587289
V -857.897 267.334 340.232 0.063613 0.587179
V -827.897 267.334 337.034 0.077380 0.587069
V -797.897 267.334 330.001 0.091148 0.586959
V -767.897 267.334 321.987 0.104916 0.586849
V -737.897 267.334 311.894 0.118683 0.586739
V -707.897 267.334 302.069 0.132451 0.586629
V -677.897 267.334 294.086 0.146219 0.586519
V -647.897 267.334 285.025 0.159986 0.586409
V -617.897 267.334 272.971 0.173754 0.586299
V -587.897 267.334 260.921 0.187522 0.586189
V -557.897 267.334 249.308 0.201290 0.586078
V -527.897 267.334 238.519 0.215057 0.585968
V -497.897 267.334 228.233 0.228825 0.585858
V -467.897 267.334 218.797 0.242593 0.585747
V -437.897 267.334 211.092 0.256360 0.585637
V -407.897 267.334 201.868 0.270128 0.585526
V -377.897 267.334 190.667 0.283896 0.585416
V -347.897 267.334 181.325 0.297663 0.585305
V -317.897 267.334 177.429 0.311431 0.585194
V -287.897 267.334 170.354 0.325199 0.585084
V -257.897 267.334 159.896 0.338966 0.584973
V -227.897 267.334 154.948 0.352734 0.584862
V -197.897 267.334 156.858 0.366502 0.584751
V 342.103 267.334 95.967 0.614319 0.582747
V 372.103 267.334 95.944 0.628087 0.582635
V 402.103 267.334 95.059 0.641854 0.582523
V 432.103 267.334 94.541 0.655622 0.582411
V 462.103 267.334 94.111 0.669390 0.582299
V 492.103 267.334 92.858 0.683157 0.582187
V 522.103 267.334 92.200 0.696925 0.582075
V 552.103 267.334 91.840 0.710693 0.581963
V 582.103 267.334 93.422 0.724460 0.581851
V 612.103 267.334 97.346 0.738228 0.581738
V 642.103 267.334 102.278 0.751995 0.581626
V 672.103 267.334 106.413 0.765763 0.581514
V 702.103 267.334 105.573 0.779531 0.581401
V 732.103 267.334 102.738 0.793298 0.581289
V 762.103 267.334 99.283 0.807066 0.581176
V 792.103 267.334 97.614 0.820833 0.581064
V 822.103 267.334 98.356 0.834601 0.580951
V 852.103 267.334 99.444 0.848369 0.580839
V 882.103 267.334 101.100 0.862136 0.580726
V 912.103 267.334 104.170 0.875904 0.580613
V 942.103 267.334 107.802 0.889671 0.580500
V 972.103 267.334 110.707 0.903439 0.580387
V 1002.103 267.334 113.593 0.917207 0.580275
V 1032.103 267.334 117.157 0.930974 0.580162
V 1062.103 267.334 120.916 0.944742 0.580049
V -917.897 297.334 329.242 0.036187 0.601224
V -887.897 297.334 335.430 0.049954 0.601115
V -857.897 297.334 338.996 0.063722 0.601005
V -827.897 297.334 335.710 0.077490 0.600895
V -797.897 297.334 328.817 0.091258 0.600785
V -767.897 297.334 319.613 0.105025 0.600675
V -737.897 297.334 308.757 0.118793 0.600565
V -707.897 297.334 297.268 0.132561 0.600455
V -677.897 297.334 287.126 0.146328 0.600345
V -647.897 297.334 278.523 0.160096 0.600235
V -617.897 297.334 269.202 0.173864 0.600125
V -587.897 297.334 259.270 0.187632 0.600015
V -557.897 297.334 250.610 0.201399 0.599904
V -527.897 297.334 241.304 0.215167 0.599794
V -497.897 297.334 229.480 0.228935 0.599684
V -467.897 297.334 216.207 0.242703 0.599573
V -437.897 297.334 205.887 0.256470 0.599463
V -407.897 297.334 199.243 0.270238 0.599352
V -377.897 297.334 193.648 0.284006 0.599241
V -347.897 297.334 187.607 0.297773 0.599131
V -317.897 297.334 178.514 0.311541 0.599020
V -287.897 297.334 168.912 0.325309 0.598909
V -257.897 297.334 166.458 0.339077 0.598799
V -227.897 297.334 168.082 0.352844 0.598688
V -197.897 297.334 170.940 0.366612 0.598577
V 342.103 297.334 95.753 0.614430 0.596572
V 372.103 297.334 95.078 0.628198 0.596460
V 402.103 297.334 94.604 0.641966 0.596349
V 432.103 297.334 95.169 0.655734 0.596237
V 462.103 297.334 94.585 0.669501 0.596125
V 492.103 297.334 93.147 0.683269 0.596013
V 522.103 297.334 91.901 0.697037 0.595901
V 552.103 297.334 91.447 0.710804 0.595788
V 582.103 297.334 91.079 0.724572 0.595676
V 612.103 297.334 93.310 0.738340 0.595564
V 642.103 297.334 99.006 0.752107 0.595452
V 672.103 297.334 101.223 0.765875 0.595339
V 702.103 297.334 99.235 0.779643 0.595227
V 732.103 297.334 97.332 0.793410 0.595114
V 762.103 297.334 96.035 0.807178 0.595002
V 792.103 297.334 96.617 0.820946 0.594889
V 822.103 297.334 97.968 0.834713 0.594777
V 852.103 297.334 100.500 0.848481 0.594664
V 882.103 297.334 104.005 0.862248 0.594551
V 912.103 297.334 108.174 0.876016 0.594439
V 942.103 297.334 112.827 0.889784 0.594326
V 972.103 297.334 115.982 0.903551 0.594213
V 1002.103 297.334 117.506 0.917319 0.594100
V 1032.103 297.334 119.300 0.931087 0.593987
V 1062.103 297.334 121.832 0.944854 0.593874
V -917.897 327.334 333.282 0.036296 0.615050
V -887.897 327.334 337.101 0.050064 0.614940
V -857.897 327.334 338.366 0.063831 0.614831
V -827.897 327.334 334.479 0.077599 0.614721
V -797.897 327.334 328.248 0.091367 0.614611
V -767.897 327.334 320.271 0.105135 0.614501
V -737.897 327.334 309.742 0.118903 0.614391
V -707.897 327.334 298.650 0.132670 0.614281
V -677.897 327.334 289.807 0.146438 0.614171
V -647.897 327.334 282.141 0.160206 0.614061
V -617.897 327.334 274.362 0.173974 0.613951
V -587.897 327.334 266.749 0.187741 0.613840
V -557.897 327.334 258.289 0.201509 0.613730
V -527.897 327.334 247.831 0.215277 0.613620
V -497.897 327.334 236.158 0.229045 0.613509
V -467.897 327.334 223.675 0.242813 0.613399
V -437.897 327.334 215.163 0.256580 0.613288
V -407.897 327.334 207.047 0.270348 0.613178
V -377.897 327.334 198.167 0.284116 0.613067
V -347.897 327.334 187.002 0.297884 0.612957
V -317.897 327.334 177.682 0.311651 0.612846
V -287.897 327.334 176.466 0.325419 0.612735
V -257.897 327.334 179.411 0.339187 0.612624
V -227.897 327.334 181.700 0.352955 0.612514
V -197.897 327.334 185.204 0.366722 0.612403
V -167.897 327.334 190.635 0.380490 0.612292
V -137.897 327.334 198.191 0.394258 0.612181
V -107.897 327.334 203.396 0.408026 0.612070
V -77.897 327.334 205.662 0.421793 0.611959
V -47.897 327.334 209.979 0.435561 0.611847
V -17.897 327.334 213.811 0.449329 0.611736
V 12.103 327.334 210.989 0.463097 0.611625
V 42.103 327.334 205.867 0.476864 0.611514
V 72.103 327.334 196.601 0.490632 0.611402
V 102.103 327.334 183.342 0.504400 0.611291
V 132.103 327.334 168.983 0.518168 0.611180
V 162.103 327.334 156.420 0.531935 0.611068
V 192.103 327.334 144.658 0.545703 0.610957
V 222.103 327.334 131.738 0.559471 0.610845
V 252.103 327.334 118.765 0.573239 0.610733
V 282.103 327.334 107.056 0.587006 0.610622
V 312.103 327.334 99.157 0.600774 0.610510
V 342.103 327.334 95.846 0.614542 0.610398
V 372.103 327.334 94.514 0.628310 0.610286
V 402.103 327.334 94.250 0.642077 0.610174
V 432.103 327.334 94.651 0.655845 0.610062
V 462.103 327.334 94.355 0.669613 0.609950
V 492.103 327.334 93.866 0.683380 0.609838
V 522.103 327.334 92.779 0.697148 0.609726
V 552.103 327.334 91.330 0.710916 0.609614
V 582.103 327.334 90.559 0.724684 0.609502
V 612.103 327.334 90.960 0.738451 0.609390
V 642.103 327.334 95.953 0.752219 0.609277
V 672.103 327.334 96.444 0.765987 0.609165
V 702.103 327.334 95.119 0.779754 0.609053
V 732.103 327.334 94.707 0.793522 0.608940
V 762.103 327.334 95.429 0.807290 0.608828
V 792.103 327.334 97.646 0.821058 0.608715
V 822.103 327.334 100.271 0.834825 0.608603
V 852.103 327.334 103.874 0.848593 0.608490
V 882.103 327.334 109.092 0.862361 0.608377
V 912.103 327.334 114.594 0.876128 0.608264
V 942.103 327.334 119.597 0.889896 0.608152
V 972.103 327.334 122.479 0.903664 0.608039
V 1002.103 327.334 123.588 0.917432 0.607926
V 1032.103 327.334 125.086 0.931199 0.607813
V 1062.103 327.334 127.374 0.944967 0.607700
V -917.897 357.334 334.051 0.036405 0.628876
V -887.897 357.334 333.519 0.050173 0.628766
V -857.897 357.334 331.710 0.063941 0.628656
V -827.897 357.334 329.659 0.077709 0.628547
V -797.897 357.334 327.529 0.091476 0.628437
V -767.897 357.334 321.409 0.105244 0.628327
V -737.897 357.334 312.576 0.119012 0.628217
V -707.897 357.334 303.805 0.132780 0.628107
V -677.897 357.334 296.417 0.146548 0.627997
V -647.897 357.334 288.905 0.160316 0.627887
V -617.897 357.334 281.605 0.174083 0.627776
V -587.897 357.334 274.475 0.187851 0.627666
V -557.897 357.334 264.783 0.201619 0.627556
V -527.897 357.334 253.077 0.215387 0.627445
V -497.897 357.334 241.422 0.229155 0.627335
V -467.897 357.334 231.361 0.242923 0.627225
V -437.897 357.334 221.707 0.256690 0.627114
V -407.897 357.334 208.197 0.270458 0.627004
V -377.897 357.334 195.260 0.284226 0.626893
V -347.897 357.334 186.122 0.297994 0.626782
V -317.897 357.334 185.644 0.311762 0.626672
V -287.897 357.334 190.097 0.325529 0.626561
V -257.897 357.334 193.902 0.339297 0.626450
V -227.897 357.334 195.335 0.353065 0.626339
V -197.897 357.334 197.322 0.366833 0.626228
V -167.897 357.334 202.204 0.380601 0.626118
V -137.897 357.334 204.689 0.394368 0.626007
V -107.897 357.334 205.054 0.408136 0.625895
V -77.897 357.334 205.991 0.421904 0.625784
V -47.897 357.334 205.722 0.435672 0.625673
V -17.897 357.334 210.853 0.449440 0.625562
V 12.103 357.334 212.812 0.463207 0.625451
V 42.103 357.334 211.013 0.476975 0.625340
V 72.103 357.334 202.682 0.490743 0.625228
V 102.103 357.334 190.174 0.504511 0.625117
V 132.103 357.334 177.676 0.518279 0.625005
V 162.103 357.334 165.198 0.532046 0.624894
V 192.103 357.334 151.006 0.545814 0.624782
V 222.103 357.334 135.621 0.559582 0.624671
V 252.103 357.334 121.662 0.573350 0.624559
V 282.103 357.334 110.510 0.587118 0.624447
V 312.103 357.334 101.879 0.600885 0.624336
V 342.103 357.334 96.368 0.614653 0.624224
V 372.103 357.334 93.786 0.628421 0.624112
V 402.103 357.334 93.623 0.642189 0.624000
V 432.103 357.334 93.406 0.655957 0.623888
V 462.103 357.334 93.138 0.669724 0.623776
V 492.103 357.334 92.957 0.683492 0.623664
V 522.103 357.334 92.688 0.697260 0.623552
V 552.103 357.334 91.379 0.711028 0.623440
V 582.103 357.334 90.477 0.724795 0.623328
V 612.103 357.334 89.403 0.738563 0.623215
V 642.103 357.334 92.636 0.752331 0.623103
V 672.103 357.334 93.054 0.766099 0.622991
V 702.103 357.334 93.648 0.779866 0.622878
V 732.103 357.334 95.302 0.793634 0.622766
V 762.103 357.334 97.637 0.807402 0.622653
V 792.103 357.334 100.780 0.821170 0.622541
V 822.103 357.334 104.228 0.834937 0.622428
V 852.103 357.334 108.336 0.848705 0.622316
V 882.103 357.334 114.410 0.862473 0.622203
V 912.103 357.334 121.363 0.876241 0.622090
V 942.103 357.334 125.822 0.890008 0.621977
V 972.103 357.334 127.979 0.903776 0.621865
V 1002.103 357.334 129.559 0.917544 0.621752
V 1032.103 357.334 132.464 0.931312 0.621639
V 1062.103 357.334 135.633 0.945079 0.621526
V -917.897 387.334 328.961 0.036514 0.642702
V -887.897 387.334 324.566 0.050282 0.642592
V -857.897 387.334 322.040 0.064050 0.642482
V -827.897 387.334 323.208 0.077818 0.642372
V -797.897 387.334 326.266 0.091586 0.642263
V -767.897 387.334 323.514 0.105354 0.642153
V -737.897 387.334 316.849 0.119122 0.642043
V -707.897 387.334 309.233 0.132890 0.641933
V -677.897 387.334 302.092 0.146657 0.641823
V -647.897 387.334 295.504 0.160425 0.641712
V -617.897 387.334 287.781 0.174193 0.641602
V -587.897 387.334 278.699 0.187961 0.641492
V -557.897 387.334 268.743 0.201729 0.641382
V -527.897 387.334 257.123 0.215497 0.641271
V -497.897 387.334 245.740 0.229265 0.641161
V -467.897 387.334 234.676 0.243033 0.641051
V -437.897 387.334 220.705 0.256800 0.640940
V -407.897 387.334 205.754 0.270568 0.640830
V -377.897 387.334 194.703 0.284336 0.640719
V -347.897 387.334 192.165 0.298104 0.640608
V -317.897 387.334 196.241 0.311872 0.640498
V -287.897 387.334 203.644 0.325640 0.640387
V -257.897 387.334 207.803 0.339408 0.640276
V -227.897 387.334 206.342 0.353175 0.640165
V -197.897 387.334 202.022 0.366943 0.640054
V -167.897 387.334 200.536 0.380711 0.639943
V -137.897 387.334 198.981 0.394479 0.639832
V -107.897 387.334 197.142 0.408247 0.639721
V -77.897 387.334 198.701 0.422015 0.639610
V -47.897 387.334 196.323 0.435783 0.639499
V -17.897 387.334 200.600 0.449550 0.639388
V 12.103 387.334 203.909 0.463318 0.639277
V 42.103 387.334 206.905 0.477086 0.639165
V 72.103 387.334 204.756 0.490854 0.639054
V 102.103 387.334 193.726 0.504622 0.638943
V 132.103 387.334 180.673 0.518390 0.638831
V 162.103 387.334 166.838 0.532158 0.638720
V 192.103 387.334 152.553 0.545925 0.638608
V 222.103 387.334 138.381 0.559693 0.638497
V 252.103 387.334 125.807 0.573461 0.638385
V 282.103 387.334 115.023 0.587229 0.638273
V 312.103 387.334 105.680 0.600997 0.638161
V 342.103 387.334 98.166 0.614765 0.638050
V 372.103 387.334 93.935 0.628532 0.637938
V 402.103 387.334 92.884 0.642300 0.637826
V 432.103 387.334 92.841 0.656068 0.637714
V 462.103 387.334 92.103 0.669836 0.637602
V 492.103 387.334 91.871 0.683604 0.637490
V 522.103 387.334 91.887 0.697371 0.637378
V 552.103 387.334 90.848 0.711139 0.637266
V 582.103 387.334 90.162 0.724907 0.637154
V 612.103 387.334 88.500 0.738675 0.637041
V 642.103 387.334 90.665 0.752443 0.636929
V 672.103 387.334 91.948 0.766211 0.636817
V 702.103 387.334 93.661 0.779978 0.636704
V 732.103 387.334 96.985 0.793746 0.636592
V 762.103 387.334 100.974 0.807514 0.636479
V 792.103 387.334 105.549 0.821282 0.636367
V 822.103 387.334 109.848 0.835050 0.636254
V 852.103 387.334 114.045 0.848817 0.636141
V 882.103 387.334 120.099 0.862585 0.636029
V 912.103 387.334 127.986 0.876353 0.635916
V 942.103 387.334 132.987 0.890121 0.635803
V 972.103 387.334 136.117 0.903889 0.635690
V 1002.103 387.334 138.294 0.917656 0.635577
V 1032.103 387.334 141.844 0.931424 0.635465
V 1062.103 387.334 145.619 0.945192 0.635352
V -917.897 417.334 319.174 0.036624 0.656528
V -887.897 417.334 313.969 0.050391 0.656418
V -857.897 417.334 313.855 0.064159 0.656308
V -827.897 417.334 318.861 0.077927 0.656198
V -797.897 417.334 324.758 0.091695 0.656089
V -767.897 417.334 325.303 0.105463 0.655979
V -737.897 417.334 320.747 0.119231 0.655869
V -707.897 417.334 314.616 0.132999 0.655759
V -677.897 417.334 307.736 0.146767 0.655648
V -647.897 417.334 301.242 0.160535 0.655538
V -617.897 417.334 293.058 0.174303 0.655428
V -587.897 417.334 281.749 0.188071 0.655318
V -557.897 417.334 270.549 0.201839 0.655208
V -527.897 417.334 259.036 0.215607 0.655097
V -497.897 417.334 245.660 0.229375 0.654987
V -467.897 417.334 231.052 0.243143 0.654876
V -437.897 417.334 215.932 0.256910 0.654766
V -407.897 417.334 205.384 0.270678 0.654655
V -377.897 417.334 201.593 0.284446 0.654545
V -347.897 417.334 203.475 0.298214 0.654434
V -317.897 417.334 206.996 0.311982 0.654324
V -287.897 417.334 213.888 0.325750 0.654213
V -257.897 417.334 217.123 0.339518 0.654102
V -227.897 417.334 212.074 0.353286 0.653991
V -197.897 417.334 203.579 0.367054 0.653880
V -167.897 417.334 196.423 0.380822 0.653769
V -137.897 417.334 191.334 0.394590 0.653658
V -107.897 417.334 189.114 0.408357 0.653547
V -77.897 417.334 191.693 0.422125 0.653436
V -47.897 417.334 188.599 0.435893 0.653325
V -17.897 417.334 190.328 0.449661 0.653214
V 12.103 417.334 193.381 0.463429 0.653103
V 42.103 417.334 200.333 0.477197 0.652991
V 72.103 417.334 203.997 0.490965 0.652880
V 102.103 417.334 195.295 0.504733 0.652769
V 132.103 417.334 182.770 0.518501 0.652657
V 162.103 417.334 169.660 0.532269 0.652546
V 192.103 417.334 157.659 0.546036 0.652434
V 222.103 417.334 145.141 0.559804 0.652322
V 252.103 417.334 132.212 0.573572 0.652211
V 282.103 417.334 120.606 0.587340 0.652099
V 312.103 417.334 110.370 0.601108 0.651987
V 342.103 417.334 101.840 0.614876 0.651876
V 372.103 417.334 96.356 0.628644 0.651764
V 402.103 417.334 93.199 0.642412 0.651652
V 432.103 417.334 92.641 0.656180 0.651540
V 462.103 417.334 91.986 0.669947 0.651428
V 492.103 417.334 91.371 0.683715 0.651316
V 522.103 417.334 91.159 0.697483 0.651204
V 552.103 417.334 90.586 0.711251 0.651092
V 582.103 417.334 89.813 0.725019 0.650979
V 612.103 417.334 88.209 0.738787 0.650867
V 642.103 417.334 89.866 0.752555 0.650755
V 672.103 417.334 91.415 0.766322 0.650642
V 702.103 417.334 93.697 0.780090 0.650530
V 732.103 417.334 98.040 0.793858 0.650418
V 762.103 417.334 103.911 0.807626 0.650305
V 792.103 417.334 110.916 0.821394 0.650193
V 822.103 417.334 117.637 0.835162 0.650080
V 852.103 417.334 122.262 0.848930 0.649967
V 882.103 417.334 127.348 0.862697 0.649855
V 912.103 417.334 135.185 0.876465 0.649742
V 942.103 417.334 142.016 0.890233 0.649629
V 972.103 417.334 147.753 0.904001 0.649516
V 1002.103 417.334 150.855 0.917769 0.649403
V 1032.103 417.334 153.396 0.931537 0.649290
V 1062.103 417.334 155.979 0.945305 0.649177
V -917.897 447.334 307.412 0.036733 0.670354
V -887.897 447.334 302.579 0.050501 0.670244
V -857.897 447.334 306.453 0.064269 0.670134
V -827.897 447.334 314.678 0.078037 0.670024
V -797.897 447.334 322.126 0.091805 0.669915
V -767.897 447.334 325.782 0.105573 0.669805
V -737.897 447.334 324.474 0.119341 0.669695
V -707.897 447.334 319.130 0.133109 0.669585
V -677.897 447.334 311.494 0.146877 0.669474
V -647.897 447.334 303.728 0.160645 0.669364
V -617.897 447.334 295.505 0.174413 0.669254
V -587.897 447.334 283.289 0.188181 0.669144
V -557.897 447.334 270.826 0.201949 0.669034
V -527.897 447.334 258.299 0.215717 0.668923
V -497.897 447.334 244.378 0.229485 0.668813
V -467.897 447.334 229.493 0.243253 0.668702
V -437.897 447.334 219.766 0.257021 0.668592
V -407.897 447.334 214.712 0.270788 0.668481
V -377.897 447.334 213.815 0.284556 0.668371
V -347.897 447.334 215.142 0.298324 0.668260
V -317.897 447.334 216.018 0.312092 0.668149
V -287.897 447.334 218.474 0.325860 0.668039
V -257.897 447.334 215.663 0.339628 0.667928
V -227.897 447.334 209.751 0.353396 0.667817
V -197.897 447.334 203.873 0.367164 0.667706
V -167.897 447.334 199.169 0.380932 0.667595
V -137.897 447.334 192.594 0.394700 0.667484
V -107.897 447.334 187.244 0.408468 0.667373
V -77.897 447.334 185.069 0.422236 0.667262
V -47.897 447.334 181.830 0.436004 0.667151
V -17.897 447.334 182.213 0.449772 0.667040
V 12.103 447.334 186.831 0.463540 0.666929
V 42.103 447.334 194.490 0.477308 0.666817
V 72.103 447.334 200.347 0.491076 0.666706
V 102.103 447.334 197.938 0.504844 0.666594
V 132.103 447.334 189.529 0.518612 0.666483
V 162.103 447.334 178.850 0.532380 0.666372
V 192.103 447.334 166.825 0.546148 0.666260
V 222.103 447.334 153.244 0.559915 0.666148
V 252.103 447.334 139.483 0.573683 0.666037
V 282.103 447.334 127.305 0.587451 0.665925
V 312.103 447.334 117.437 0.601219 0.665813
V 342.103 447.334 109.498 0.614987 0.665701
V 372.103 447.334 102.362 0.628755 0.665590
V 402.103 447.334 95.865 0.642523 0.665478
V 432.103 447.334 92.538 0.656291 0.665366
V 462.103 447.334 91.832 0.670059 0.665254
V 492.103 447.334 91.051 0.683827 0.665142
V 522.103 447.334 90.956 0.697595 0.665030
V 552.103 447.334 90.919 0.711363 0.664917
V 582.103 447.334 90.108 0.725131 0.664805
V 612.103 447.334 88.361 0.738899 0.664693
V 642.103 447.334 88.758 0.752666 0.664581
V 672.103 447.334 90.813 0.766434 0.664468
V 702.103 447.334 93.267 0.780202 0.664356
V 732.103 447.334 98.718 0.793970 0.664244
V 762.103 447.334 106.525 0.807738 0.664131
V 792.103 447.334 115.373 0.821506 0.664018
V 822.103 447.334 124.768 0.835274 0.663906
V 852.103 447.334 131.240 0.849042 0.663793
V 882.103 447.334 136.285 0.862810 0.663681
V 912.103 447.334 143.157 0.876578 0.663568
V 942.103 447.334 150.723 0.890346 0.663455
V 972.103 447.334 157.656 0.904113 0.663342
V 1002.103 447.334 161.715 0.917881 0.663229
V 1032.103 447.334 163.654 0.931649 0.663116
V 1062.103 447.334 164.625 0.945417 0.663003
V -917.897 477.334 295.069 0.036842 0.684180
V -887.897 477.334 290.938 0.050610 0.684070
V -857.897 477.334 298.071 0.064378 0.683960
V -827.897 477.334 308.598 0.078146 0.683850
V -797.897 477.334 318.346 0.091914 0.683741
V -767.897 477.334 324.862 0.105682 0.683631
V -737.897 477.334 326.168 0.119450 0.683521
V -707.897 477.334 321.065 0.133218 0.683411
V -677.897 477.334 312.061 0.146986 0.683301
V -647.897 477.334 302.091 0.160754 0.683190
V -617.897 477.334 292.725 0.174522 0.683080
V -587.897 477.334 283.335 0.188290 0.682970
V -557.897 477.334 271.704 0.202058 0.682860
V -527.897 477.334 258.963 0.215826 0.682749
V -497.897 477.334 245.436 0.229595 0.682639
V -467.897 477.334 234.218 0.243363 0.682528
V -437.897 477.334 230.979 0.257131 0.682418
V -407.897 477.334 227.069 0.270899 0.682307
V -377.897 477.334 225.122 0.284667 0.682197
V -347.897 477.334 224.231 0.298435 0.682086
V -317.897 477.334 222.417 0.312203 0.681975
V -287.897 477.334 218.718 0.325971 0.681865
V -257.897 477.334 209.449 0.339739 0.681754
V -227.897 477.334 200.846 0.353507 0.681643
V -197.897 477.334 196.715 0.367275 0.681532
V -167.897 477.334 196.352 0.381043 0.681421
V -137.897 477.334 193.211 0.394811 0.681310
V -107.897 477.334 188.667 0.408579 0.681199
V -77.897 477.334 183.804 0.422347 0.681088
V -47.897 477.334 178.929 0.436115 0.680977
V -17.897 477.334 176.743 0.449883 0.680866
V 12.103 477.334 180.500 0.463651 0.680755
V 42.103 477.334 186.221 0.477419 0.680643
V 72.103 477.334 192.438 0.491187 0.680532
V 102.103 477.334 196.050 0.504955 0.680420
V 132.103 477.334 194.897 0.518723 0.680309
V 162.103 477.334 187.247 0.532491 0.680198
V 192.103 477.334 174.266 0.546259 0.680086
V 222.103 477.334 160.213 0.560027 0.679974
V 252.103 477.334 147.252 0.573795 0.679863
V 282.103 477.334 136.323 0.587563 0.679751
V 312.103 477.334 127.811 0.601331 0.679639
V 342.103 477.334 119.607 0.615099 0.679527
V 372.103 477.334 110.168 0.628867 0.679416
V 402.103 477.334 100.579 0.642635 0.679304
V 432.103 477.334 93.648 0.656403 0.679192
V 462.103 477.334 91.405 0.670170 0.679080
V 492.103 477.334 91.123 0.683938 0.678968
V 522.103 477.334 91.373 0.697706 0.678856
V 552.103 477.334 91.052 0.711474 0.678743
V 582.103 477.334 90.369 0.725242 0.678631
V 612.103 477.334 88.558 0.739010 0.678519
V 642.103 477.334 87.824 0.752778 0.678407
V 672.103 477.334 89.885 0.766546 0.678294
V 702.103 477.334 92.703 0.780314 0.678182
V 732.103 477.334 99.391 0.794082 0.678070
V 762.103 477.334 108.670 0.807850 0.677957
V 792.103 477.334 118.194 0.821618 0.677844
V 822.103 477.334 128.564 0.835386 0.677732
V 852.103 477.334 137.794 0.849154 0.677619
V 882.103 477.334 145.178 0.862922 0.677506
V 912.103 477.334 151.467 0.876690 0.677394
V 942.103 477.334 157.897 0.890458 0.677281
V 972.103 477.334 163.632 0.904226 0.677168
V 1002.103 477.334 167.128 0.917994 0.677055
V 1032.103 477.334 169.117 0.931762 0.676942
V 1062.103 477.334 170.072 0.945530 0.676829
V -917.897 507.334 283.973 0.036951 0.698006
V -887.897 507.334 281.715 0.050719 0.697896
V -857.897 507.334 289.580 0.064487 0.697786
V -827.897 507.334 301.258 0.078256 0.697677
V -797.897 507.334 312.660 0.092024 0.697567
V -767.897 507.334 320.991 0.105792 0.697457
V -737.897 507.334 324.117 0.119560 0.697347
V -707.897 507.334 319.229 0.133328 0.697237
V -677.897 507.334 309.332 0.147096 0.697127
V -647.897 507.334 299.024 0.160864 0.697016
V -617.897 507.334 289.469 0.174632 0.696906
V -587.897 507.334 281.258 0.188400 0.696796
V -557.897 507.334 271.250 0.202168 0.696686
V -527.897 507.334 259.490 0.215936 0.696575
V -497.897 507.334 248.568 0.229704 0.696465
V -467.897 507.334 241.596 0.243473 0.696355
V -437.897 507.334 237.636 0.257241 0.696244
V -407.897 507.334 230.876 0.271009 0.696133
V -377.897 507.334 226.227 0.284777 0.696023
V -347.897 507.334 225.389 0.298545 0.695912
V -317.897 507.334 222.076 0.312313 0.695802
V -287.897 507.334 215.083 0.326081 0.695691
V -257.897 507.334 205.467 0.339849 0.695580
V -227.897 507.334 195.035 0.353617 0.695469
V -197.897 507.334 188.269 0.367385 0.695358
V -167.897 507.334 186.834 0.381153 0.695247
V -137.897 507.334 185.676 0.394921 0.695136
V -107.897 507.334 183.587 0.408689 0.695025
V -77.897 507.334 180.085 0.422457 0.694914
V -47.897 507.334 176.233 0.436225 0.694803
V -17.897 507.334 174.146 0.449993 0.694692
V 12.103 507.334 174.537 0.463762 0.694581
V 42.103 507.334 176.186 0.477530 0.694469
V 72.103 507.334 181.054 0.491298 0.694358
V 102.103 507.334 188.038 0.505066 0.694247
V 132.103 507.334 192.832 0.518834 0.694135
V 162.103 507.334 190.182 0.532602 0.694024
V 192.103 507.334 179.917 0.546370 0.693912
V 222.103 507.334 167.922 0.560138 0.693800
V 252.103 507.334 157.359 0.573906 0.693689
V 282.103 507.334 148.172 0.587674 0.693577
V 312.103 507.334 140.062 0.601442 0.693465
V 342.103 507.334 129.953 0.615210 0.693354
V 372.103 507.334 118.469 0.628978 0.693242
V 402.103 507.334 106.725 0.642746 0.693130
V 432.103 507.334 96.496 0.656514 0.693018
V 462.103 507.334 91.522 0.670282 0.692906
V 492.103 507.334 90.961 0.684050 0.692794
V 522.103 507.334 91.325 0.697818 0.692682
V 552.103 507.334 90.703 0.711586 0.692569
V 582.103 507.334 89.613 0.725354 0.692457
V 612.103 507.334 88.218 0.739122 0.692345
V 642.103 507.334 87.756 0.752890 0.692233
V 672.103 507.334 88.375 0.766658 0.692120
V 702.103 507.334 91.521 0.780426 0.692008
V 732.103 507.334 98.669 0.794194 0.691896
V 762.103 507.334 109.547 0.807962 0.691783
V 792.103 507.334 120.536 0.821730 0.691670
V 822.103 507.334 131.166 0.835498 0.691558
V 852.103 507.334 141.538 0.849266 0.691445
V 882.103 507.334 150.537 0.863034 0.691332
V 912.103 507.334 157.361 0.876802 0.691220
V 942.103 507.334 162.732 0.890570 0.691107
V 972.103 507.334 165.984 0.904338 0.690994
V 1002.103 507.334 166.811 0.918106 0.690881
V 1032.103 507.334 168.257 0.931874 0.690768
V 1062.103 507.334 170.053 0.945642 0.690655
V -917.897 537.334 273.241 0.037061 0.711832
V -887.897 537.334 272.555 0.050829 0.711722
V -857.897 537.334 280.804 0.064597 0.711613
V -827.897 537.334 292.973 0.078365 0.711503
V -797.897 537.334 304.860 0.092133 0.711393
V -767.897 537.334 315.311 0.105901 0.711283
V -737.897 537.334 321.026 0.119669 0.711173
V -707.897 537.334 317.203 0.133438 0.711063
V -677.897 537.334 307.494 0.147206 0.710953
V -647.897 537.334 297.623 0.160974 0.710843
V -617.897 537.334 289.362 0.174742 0.710732
V -587.897 537.334 282.001 0.188510 0.710622
V -557.897 537.334 274.073 0.202278 0.710512
V -527.897 537.334 263.197 0.216046 0.710401
V -497.897 537.334 253.383 0.229814 0.710291
V -467.897 537.334 244.793 0.243583 0.710181
V -437.897 537.334 235.463 0.257351 0.710070
V -407.897 537.334 225.272 0.271119 0.709960
V -377.897 537.334 218.165 0.284887 0.709849
V -347.897 537.334 217.562 0.298655 0.709738
V -317.897 537.334 214.771 0.312423 0.709628
V -287.897 537.334 206.741 0.326191 0.709517
V -257.897 537.334 198.473 0.339959 0.709406
V -227.897 537.334 189.948 0.353727 0.709295
V -197.897 537.334 186.335 0.367496 0.709184
V -167.897 537.334 186.299 0.381264 0.709073
V -137.897 537.334 184.339 0.395032 0.708962
V -107.897 537.334 182.911 0.408800 0.708851
V -77.897 537.334 181.339 0.422568 0.708740
V -47.897 537.334 180.294 0.436336 0.708629
V -17.897 537.334 178.931 0.450104 0.708518
V 12.103 537.334 177.723 0.463872 0.708407
V 42.103 537.334 174.214 0.477640 0.708295
V 72.103 537.334 171.936 0.491409 0.708184
V 102.103 537.334 178.486 0.505177 0.708073
V 132.103 537.334 185.213 0.518945 0.707961
V 162.103 537.334 186.760 0.532713 0.707850
V 192.103 537.334 183.173 0.546481 0.707738
V 222.103 537.334 176.639 0.560249 0.707627
V 252.103 537.334 169.530 0.574017 0.707515
V 282.103 537.334 161.660 0.587785 0.707403
V 312.103 537.334 152.744 0.601553 0.707291
V 342.103 537.334 140.430 0.615321 0.707180
V 372.103 537.334 126.649 0.629089 0.707068
V 402.103 537.334 112.748 0.642857 0.706956
V 432.103 537.334 99.890 0.656626 0.706844
V 462.103 537.334 92.061 0.670394 0.706732
V 492.103 537.334 90.407 0.684162 0.706620
V 522.103 537.334 90.422 0.697930 0.706508
V 552.103 537.334 89.763 0.711698 0.706396
V 582.103 537.334 88.609 0.725466 0.706283
V 612.103 537.334 87.688 0.739234 0.706171
V 642.103 537.334 87.692 0.753002 0.706059
V 672.103 537.334 87.446 0.766770 0.705946
V 702.103 537.334 89.673 0.780538 0.705834
V 732.103 537.334 96.235 0.794306 0.705722
V 762.103 537.334 108.474 0.808074 0.705609
V 792.103 537.334 121.508 0.821842 0.705497
V 822.103 537.334 132.805 0.835610 0.705384
V 852.103 537.334 141.473 0.849378 0.705271
V 882.103 537.334 148.755 0.863147 0.705159
V 912.103 537.334 156.171 0.876915 0.705046
V 942.103 537.334 162.210 0.890683 0.704933
V 972.103 537.334 163.484 0.904451 0.704820
V 1002.103 537.334 161.111 0.918219 0.704707
V 1032.103 537.334 161.182 0.931987 0.704594
V 1062.103 537.334 163.351 0.945755 0.704481
V -917.897 567.334 264.375 0.037170 0.725658
V -887.897 567.334 265.686 0.050938 0.725549
V -857.897 567.334 274.117 0.064706 0.725439
V -827.897 567.334 285.323 0.078474 0.725329
V -797.897 567.334 296.870 0.092243 0.725219
V -767.897 567.334 308.470 0.106011 0.725109
V -737.897 567.334 316.830 0.119779 0.724999
V -707.897 567.334 316.590 0.133547 0.724889
V -677.897 567.334 307.863 0.147315 0.724779
V -647.897 567.334 298.742 0.161084 0.724669
V -617.897 567.334 291.015 0.174852 0.724559
V -587.897 567.334 283.800 0.188620 0.724448
V -557.897 567.334 275.692 0.202388 0.724338
V -527.897 567.334 264.500 0.216156 0.724228
V -497.897 567.334 253.589 0.229924 0.724117
V -467.897 567.334 241.106 0.243693 0.724007
V -437.897 567.334 228.467 0.257461 0.723896
V -407.897 567.334 217.684 0.271229 0.723786
V -377.897 567.334 209.380 0.284997 0.723675
V -347.897 567.334 206.572 0.298765 0.723565
V -317.897 567.334 204.733 0.312533 0.723454
V -287.897 567.334 198.764 0.326302 0.723343
V -257.897 567.334 192.004 0.340070 0.723232
V -227.897 567.334 189.510 0.353838 0.723121
V -197.897 567.334 192.160 0.367606 0.723011
V -167.897 567.334 195.293 0.381374 0.722900
V -137.897 567.334 193.217 0.395142 0.722789
V -107.897 567.334 191.501 0.408911 0.722678
V -77.897 567.334 190.876 0.422679 0.722566
V -47.897 567.334 190.646 0.436447 0.722455
V -17.897 567.334 188.775 0.450215 0.722344
V 12.103 567.334 187.315 0.463983 0.722233
V 42.103 567.334 179.843 0.477751 0.722122
V 72.103 567.334 169.930 0.491519 0.722010
V 102.103 567.334 169.672 0.505288 0.721899
V 132.103 567.334 174.093 0.519056 0.721787
V 162.103 567.334 176.282 0.532824 0.721676
V 192.103 567.334 177.898 0.546592 0.721564
V 222.103 567.334 179.155 0.560360 0.721453
V 252.103 567.334 177.627 0.574128 0.721341
V 282.103 567.334 170.997 0.587896 0.721229
V 312.103 567.334 160.549 0.601665 0.721118
V 342.103 567.334 146.584 0.615433 0.721006
V 372.103 567.334 131.110 0.629201 0.720894
V 402.103 567.334 116.063 0.642969 0.720782
V 432.103 567.334 102.211 0.656737 0.720670
V 462.103 567.334 92.423 0.670505 0.720558
V 492.103 567.334 89.879 0.684273 0.720446
V 522.103 567.334 89.142 0.698041 0.720334
V 552.103 567.334 88.651 0.711810 0.720222
V 582.103 567.334 88.200 0.725578 0.720109
V 612.103 567.334 87.493 0.739346 0.719997
V 642.103 567.334 87.402 0.753114 0.719885
V 672.103 567.334 86.997 0.766882 0.719773
V 702.103 567.334 88.391 0.780650 0.719660
V 732.103 567.334 94.729 0.794418 0.719548
V 762.103 567.334 106.342 0.808186 0.719435
V 792.103 567.334 119.498 0.821954 0.719323
V 822.103 567.334 129.487 0.835723 0.719210
V 852.103 567.334 135.627 0.849491 0.719097
V 882.103 567.334 141.209 0.863259 0.718985
V 912.103 567.334 149.366 0.877027 0.718872
V 942.103 567.334 156.380 0.890795 0.718759
V 972.103 567.334 157.609 0.904563 0.718646
V 1002.103 567.334 154.237 0.918331 0.718533
V 1032.103 567.334 153.331 0.932099 0.718420
V 1062.103 567.334 154.629 0.945867 0.718307
V -917.897 597.334 256.612 0.037279 0.739485
V -887.897 597.334 260.788 0.051047 0.739375
V -857.897 597.334 269.154 0.064816 0.739265
V -827.897 597.334 279.693 0.078584 0.739155
V -797.897 597.334 290.795 0.092352 0.739045
V -767.897 597.334 302.567 0.106120 0.738935
V -737.897 597.334 312.271 0.119889 0.738825
V -707.897 597.334 315.100 0.133657 0.738715
V -677.897 597.334 309.260 0.147425 0.738605
V -647.897 597.334 301.705 0.161193 0.738495
V -617.897 597.334 294.233 0.174961 0.738385
V -587.897 597.334 284.234 0.188730 0.738275
V -557.897 597.334 274.080 0.202498 0.738164
V -527.897 597.334 262.562 0.216266 0.738054
V -497.897 597.334 250.239 0.230034 0.737943
V -467.897 597.334 236.264 0.243803 0.737833
V -437.897 597.334 223.140 0.257571 0.737723
V -407.897 597.334 211.926 0.271339 0.737612
V -377.897 597.334 203.126 0.285107 0.737501
V -347.897 597.334 199.007 0.298875 0.737391
V -317.897 597.334 197.149 0.312644 0.737280
V -287.897 597.334 193.479 0.326412 0.737169
V -257.897 597.334 192.053 0.340180 0.737058
V -227.897 597.334 196.039 0.353948 0.736948
V -197.897 597.334 201.916 0.367717 0.736837
V -167.897 597.334 206.766 0.381485 0.736726
V -137.897 597.334 205.417 0.395253 0.736615
V -107.897 597.334 202.649 0.409021 0.736504
V -77.897 597.334 201.856 0.422789 0.736393
V -47.897 597.334 200.847 0.436558 0.736281
V -17.897 597.334 198.010 0.450326 0.736170
V 12.103 597.334 193.995 0.464094 0.736059
V 42.103 597.334 183.657 0.477862 0.735948
V 72.103 597.334 171.118 0.491630 0.735836
V 102.103 597.334 165.482 0.505399 0.735725
V 132.103 597.334 164.980 0.519167 0.735613
V 162.103 597.334 163.806 0.532935 0.735502
V 192.103 597.334 165.430 0.546703 0.735390
V 222.103 597.334 171.630 0.560471 0.735279
V 252.103 597.334 175.300 0.574239 0.735167
V 282.103 597.334 170.629 0.588008 0.735055
V 312.103 597.334 158.924 0.601776 0.734944
V 342.103 597.334 144.512 0.615544 0.734832
V 372.103 597.334 129.433 0.629312 0.734720
V 402.103 597.334 115.216 0.643080 0.734608
V 432.103 597.334 102.237 0.656849 0.734496
V 462.103 597.334 92.391 0.670617 0.734384
V 492.103 597.334 89.091 0.684385 0.734272
V 522.103 597.334 88.092 0.698153 0.734160
V 552.103 597.334 87.913 0.711921 0.734048
V 582.103 597.334 87.933 0.725689 0.733936
V 612.103 597.334 87.400 0.739458 0.733823
V 642.103 597.334 87.275 0.753226 0.733711
V 672.103 597.334 86.591 0.766994 0.733599
V 702.103 597.334 87.302 0.780762 0.733486
V 732.103 597.334 94.277 0.794530 0.733374
V 762.103 597.334 105.407 0.808298 0.733261
V 792.103 597.334 116.106 0.822067 0.733149
V 822.103 597.334 122.587 0.835835 0.733036
V 852.103 597.334 127.397 0.849603 0.732924
V 882.103 597.334 134.078 0.863371 0.732811
V 912.103 597.334 143.961 0.877139 0.732698
V 942.103 597.334 151.657 0.890907 0.732585
V 972.103 597.334 152.270 0.904675 0.732472
V 1002.103 597.334 148.644 0.918444 0.732359
V 1032.103 597.334 146.776 0.932212 0.732246
V 1062.103 597.334 147.926 0.945980 0.732133
V -917.897 627.334 251.934 0.037388 0.753311
V -887.897 627.334 258.285 0.051157 0.753201
V -857.897 627.334 267.376 0.064925 0.753091
V -827.897 627.334 277.491 0.078693 0.752981
V -797.897 627.334 287.045 0.092462 0.752872
V -767.897 627.334 296.871 0.106230 0.752762
V -737.897 627.334 304.756 0.119998 0.752652
V -707.897 627.334 307.562 0.133766 0.752542
V -677.897 627.334 305.464 0.147535 0.752431
V -647.897 627.334 300.620 0.161303 0.752321
V -617.897 627.334 293.850 0.175071 0.752211
V -587.897 627.334 283.051 0.188839 0.752101
V -557.897 627.334 271.954 0.202608 0.751991
V -527.897 627.334 260.840 0.216376 0.751880
V -497.897 627.334 248.483 0.230144 0.751770
V -467.897 627.334 234.878 0.243913 0.751659
V -437.897 627.334 221.449 0.257681 0.751549
V -407.897 627.334 209.485 0.271449 0.751438
V -377.897 627.334 202.590 0.285217 0.751328
V -347.897 627.334 202.270 0.298986 0.751217
V -317.897 627.334 199.631 0.312754 0.751106
V -287.897 627.334 195.581 0.326522 0.750996
V -257.897 627.334 197.722 0.340290 0.750885
V -227.897 627.334 204.700 0.354059 0.750774
V -197.897 627.334 212.901 0.367827 0.750663
V -167.897 627.334 217.501 0.381595 0.750552
V -137.897 627.334 215.355 0.395363 0.750441
V -107.897 627.334 210.378 0.409132 0.750330
V -77.897 627.334 207.613 0.422900 0.750219
V -47.897 627.334 205.467 0.436668 0.750108
V -17.897 627.334 200.570 0.450436 0.749997
V 12.103 627.334 192.587 0.464205 0.749885
V 42.103 627.334 181.571 0.477973 0.749774
V 72.103 627.334 172.087 0.491741 0.749663
V 102.103 627.334 169.852 0.505509 0.749551
V 132.103 627.334 167.145 0.519278 0.749440
V 162.103 627.334 160.719 0.533046 0.749328
V 192.103 627.334 156.180 0.546814 0.749217
V 222.103 627.334 160.022 0.560582 0.749105
V 252.103 627.334 165.749 0.574351 0.748993
V 282.103 627.334 164.929 0.588119 0.748882
V 312.103 627.334 153.978 0.601887 0.748770
V 342.103 627.334 139.565 0.615655 0.748658
V 372.103 627.334 125.367 0.629424 0.748546
V 402.103 627.334 111.874 0.643192 0.748434
V 432.103 627.334 100.185 0.656960 0.748322
V 462.103 627.334 91.747 0.670728 0.748210
V 492.103 627.334 88.212 0.684497 0.748098
V 522.103 627.334 87.624 0.698265 0.747986
V 552.103 627.334 87.520 0.712033 0.747874
V 582.103 627.334 87.600 0.725801 0.747762
V 612.103 627.334 87.341 0.739569 0.747650
V 642.103 627.334 87.247 0.753338 0.747537
V 672.103 627.334 86.701 0.767106 0.747425
V 702.103 627.334 86.354 0.780874 0.747313
V 732.103 627.334 92.526 0.794642 0.747200
V 762.103 627.334 103.012 0.808410 0.747088
V 792.103 627.334 110.897 0.822179 0.746975
V 822.103 627.334 114.714 0.835947 0.746862
V 852.103 627.334 120.456 0.849715 0.746750
V 882.103 627.334 129.490 0.863483 0.746637
V 912.103 627.334 140.223 0.877252 0.746524
V 942.103 627.334 147.902 0.891020 0.746411
V 972.103 627.334 147.921 0.904788 0.746299
V 1002.103 627.334 143.649 0.918556 0.746186
V 1032.103 627.334 140.704 0.932324 0.746073
V 1062.103 627.334 141.430 0.946093 0.745960
V -917.897 657.334 250.351 0.037498 0.767137
V -887.897 657.334 256.961 0.051266 0.767027
V -857.897 657.334 266.956 0.065034 0.766918
V -827.897 657.334 276.944 0.078803 0.766808
V -797.897 657.334 284.041 0.092571 0.766698
V -767.897 657.334 288.918 0.106339 0.766588
V -737.897 657.334 292.513 0.120108 0.766478
V -707.897 657.334 295.002 0.133876 0.766368
V -677.897 657.334 295.612 0.147644 0.766258
V -647.897 657.334 293.301 0.161413 0.766148
V -617.897 657.334 286.968 0.175181 0.766037
V -587.897 657.334 277.030 0.188949 0.765927
V -557.897 657.334 267.677 0.202718 0.765817
V -527.897 657.334 257.852 0.216486 0.765706
V -497.897 657.334 245.874 0.230254 0.765596
V -467.897 657.334 232.365 0.244023 0.765486
V -437.897 657.334 219.121 0.257791 0.765375
V -407.897 657.334 209.337 0.271559 0.765265
V -377.897 657.334 208.205 0.285328 0.765154
V -347.897 657.334 212.040 0.299096 0.765043
V -317.897 657.334 207.196 0.312864 0.764933
V -287.897 657.334 204.149 0.326633 0.764822
V -257.897 657.334 205.934 0.340401 0.764711
V -227.897 657.334 211.538 0.354169 0.764600
V -197.897 657.334 220.716 0.367937 0.764489
V -167.897 657.334 222.117 0.381706 0.764378
V -137.897 657.334 216.610 0.395474 0.764267
V -107.897 657.334 208.722 0.409242 0.764156
V -77.897 657.334 203.352 0.423011 0.764045
V -47.897 657.334 200.365 0.436779 0.763934
V -17.897 657.334 194.153 0.450547 0.763823
V 12.103 657.334 185.312 0.464316 0.763712
V 42.103 657.334 178.089 0.478084 0.763600
V 72.103 657.334 176.384 0.491852 0.763489
V 102.103 657.334 179.961 0.505620 0.763377
V 132.103 657.334 177.308 0.519389 0.763266
V 162.103 657.334 166.686 0.533157 0.763155
V 192.103 657.334 154.187 0.546925 0.763043
V 222.103 657.334 149.236 0.560694 0.762931
V 252.103 657.334 154.840 0.574462 0.762820
V 282.103 657.334 158.808 0.588230 0.762708
V 312.103 657.334 150.882 0.601998 0.762596
V 342.103 657.334 136.880 0.615767 0.762484
V 372.103 657.334 122.877 0.629535 0.762373
V 402.103 657.334 109.353 0.643303 0.762261
V 432.103 657.334 97.899 0.657072 0.762149
V 462.103 657.334 90.627 0.670840 0.762037
V 492.103 657.334 87.599 0.684608 0.761925
V 522.103 657.334 87.331 0.698376 0.761813
V 552.103 657.334 87.192 0.712145 0.761700
V 582.103 657.334 87.184 0.725913 0.761588
V 612.103 657.334 87.117 0.739681 0.761476
V 642.103 657.334 86.872 0.753449 0.761364
V 672.103 657.334 86.597 0.767218 0.761251
V 702.103 657.334 85.446 0.780986 0.761139
V 732.103 657.334 89.528 0.794754 0.761026
V 762.103 657.334 98.637 0.808523 0.760914
V 792.103 657.334 104.037 0.822291 0.760801
V 822.103 657.334 108.113 0.836059 0.760689
V 852.103 657.334 116.059 0.849827 0.760576
V 882.103 657.334 125.793 0.863596 0.760463
V 912.103 657.334 135.988 0.877364 0.760350
V 942.103 657.334 143.803 0.891132 0.760238
V 972.103 657.334 144.543 0.904900 0.760125
V 1002.103 657.334 139.370 0.918669 0.760012
V 1032.103 657.334 134.508 0.932437 0.759899
V 1062.103 657.334 134.558 0.946205 0.759786
V -917.897 687.334 249.461 0.037607 0.780964
V -887.897 687.334 256.570 0.051375 0.780854
V -857.897 687.334 266.462 0.065144 0.780744
V -827.897 687.334 274.661 0.078912 0.780634
V -797.897 687.334 277.476 0.092680 0.780524
V -767.897 687.334 277.636 0.106449 0.780414
V -737.897 687.334 279.946 0.120217 0.780304
V -707.897 687.334 283.913 0.133986 0.780194
V -677.897 687.334 284.565 0.147754 0.780084
V -647.897 687.334 283.792 0.161522 0.779974
V -617.897 687.334 279.827 0.175291 0.779864
V -587.897 687.334 271.372 0.189059 0.779754
V -557.897 687.334 262.723 0.202827 0.779643
V -527.897 687.334 251.455 0.216596 0.779533
V -497.897 687.334 239.551 0.230364 0.779422
V -467.897 687.334 227.258 0.244133 0.779312
V -437.897 687.334 216.566 0.257901 0.779201
V -407.897 687.334 212.937 0.271669 0.779091
V -377.897 687.334 216.871 0.285438 0.778980
V -347.897 687.334 221.167 0.299206 0.778870
V -317.897 687.334 215.021 0.312974 0.778759
V -287.897 687.334 214.600 0.326743 0.778648
V -257.897 687.334 216.222 0.340511 0.778537
V -227.897 687.334 218.120 0.354280 0.778427
V -197.897 687.334 222.320 0.368048 0.778316
V -167.897 687.334 217.280 0.381816 0.778205
V -137.897 687.334 209.695 0.395585 0.778094
V -107.897 687.334 201.482 0.409353 0.777983
V -77.897 687.334 194.558 0.423121 0.777872
V -47.897 687.334 191.229 0.436890 0.777760
V -17.897 687.334 186.982 0.450658 0.777649
V 12.103 687.334 182.270 0.464426 0.777538
V 42.103 687.334 181.213 0.478195 0.777427
V 72.103 687.334 184.014 0.491963 0.777315
V 102.103 687.334 188.589 0.505731 0.777204
V 132.103 687.334 182.930 0.519500 0.777092
V 162.103 687.334 169.220 0.533268 0.776981
V 192.103 687.334 153.488 0.547036 0.776869
V 222.103 687.334 140.747 0.560805 0.776758
V 252.103 687.334 143.114 0.574573 0.776646
V 282.103 687.334 150.283 0.588341 0.776534
V 312.103 687.334 146.630 0.602110 0.776423
V 342.103 687.334 133.986 0.615878 0.776311
V 372.103 687.334 120.020 0.629646 0.776199
V 402.103 687.334 107.060 0.643415 0.776087
V 432.103 687.334 96.106 0.657183 0.775975
V 462.103 687.334 89.186 0.670951 0.775863
V 492.103 687.334 86.985 0.684720 0.775751
V 522.103 687.334 87.075 0.698488 0.775639
V 552.103 687.334 86.888 0.712256 0.775527
V 582.103 687.334 86.651 0.726025 0.775414
V 612.103 687.334 86.797 0.739793 0.775302
V 642.103 687.334 86.511 0.753561 0.775190
V 672.103 687.334 86.534 0.767330 0.775078
V 702.103 687.334 84.980 0.781098 0.774965
V 732.103 687.334 86.707 0.794866 0.774853
V 762.103 687.334 93.364 0.808635 0.774740
V 792.103 687.334 97.098 0.822403 0.774628
V 822.103 687.334 103.741 0.836171 0.774515
V 852.103 687.334 112.820 0.849940 0.774402
V 882.103 687.334 121.879 0.863708 0.774290
V 912.103 687.334 131.065 0.877476 0.774177
V 942.103 687.334 138.922 0.891244 0.774064
V 972.103 687.334 141.248 0.905013 0.773951
V 1002.103 687.334 136.467 0.918781 0.773838
V 1032.103 687.334 129.795 0.932549 0.773725
V 1062.103 687.334 127.484 0.946318 0.773612
V -917.897 717.334 248.430 0.037716 0.794790
V -887.897 717.334 256.028 0.051485 0.794680
V -857.897 717.334 264.033 0.065253 0.794570
V -827.897 717.334 267.340 0.079021 0.794461
V -797.897 717.334 266.722 0.092790 0.794351
V -767.897 717.334 266.502 0.106558 0.794241
V -737.897 717.334 271.475 0.120327 0.794131
V -707.897 717.334 275.804 0.134095 0.794021
V -677.897 717.334 274.890 0.147864 0.793911
V -647.897 717.334 275.040 0.161632 0.793800
V -617.897 717.334 275.022 0.175401 0.793690
V -587.897 717.334 269.996 0.189169 0.793580
V -557.897 717.334 260.894 0.202937 0.793470
V -527.897 717.334 247.769 0.216706 0.793359
V -497.897 717.334 235.388 0.230474 0.793249
V -467.897 717.334 226.182 0.244243 0.793138
V -437.897 717.334 220.509 0.258011 0.793028
V -407.897 717.334 221.539 0.271779 0.792917
V -377.897 717.334 226.443 0.285548 0.792807
V -347.897 717.334 229.614 0.299316 0.792696
V -317.897 717.334 224.274 0.313085 0.792585
V -287.897 717.334 225.289 0.326853 0.792475
V -257.897 717.334 227.807 0.340622 0.792364
V -227.897 717.334 226.027 0.354390 0.792253
V -197.897 717.334 221.098 0.368158 0.792142
V -167.897 717.334 210.704 0.381927 0.792031
V -137.897 717.334 202.975 0.395695 0.791920
V -107.897 717.334 196.853 0.409464 0.791809
V -77.897 717.334 191.810 0.423232 0.791698
V -47.897 717.334 190.225 0.437000 0.791587
V -17.897 717.334 189.188 0.450769 0.791476
V 12.103 717.334 188.411 0.464537 0.791364
V 42.103 717.334 190.624 0.478306 0.791253
V 72.103 717.334 191.480 0.492074 0.791142
V 102.103 717.334 191.073 0.505842 0.791030
V 132.103 717.334 180.956 0.519611 0.790919
V 162.103 717.334 166.016 0.533379 0.790807
V 192.103 717.334 149.678 0.547148 0.790696
V 222.103 717.334 134.995 0.560916 0.790584
V 252.103 717.334 133.011 0.574684 0.790472
V 282.103 717.334 141.304 0.588453 0.790361
V 312.103 717.334 142.154 0.602221 0.790249
V 342.103 717.334 130.917 0.615989 0.790137
V 372.103 717.334 117.068 0.629758 0.790025
V 402.103 717.334 104.467 0.643526 0.789913
V 432.103 717.334 94.341 0.657295 0.789801
V 462.103 717.334 88.236 0.671063 0.789689
V 492.103 717.334 86.430 0.684831 0.789577
V 522.103 717.334 86.524 0.698600 0.789465
V 552.103 717.334 86.405 0.712368 0.789353
V 582.103 717.334 86.154 0.726136 0.789241
V 612.103 717.334 86.334 0.739905 0.789129
V 642.103 717.334 86.117 0.753673 0.789016
V 672.103 717.334 86.047 0.767442 0.788904
V 702.103 717.334 84.869 0.781210 0.788791
V 732.103 717.334 84.815 0.794978 0.788679
V 762.103 717.334 89.019 0.808747 0.788566
V 792.103 717.334 93.512 0.822515 0.788454
V 822.103 717.334 101.465 0.836283 0.788341
V 852.103 717.334 110.028 0.850052 0.788229
V 882.103 717.334 118.271 0.863820 0.788116
V 912.103 717.334 126.418 0.877588 0.788003
V 942.103 717.334 133.441 0.891357 0.787890
V 972.103 717.334 136.965 0.905125 0.787777
V 1002.103 717.334 133.310 0.918894 0.787665
V 1032.103 717.334 126.642 0.932662 0.787552
V 1062.103 717.334 122.052 0.946430 0.787439
V -917.897 747.334 243.726 0.037825 0.808616
V -887.897 747.334 250.557 0.051594 0.808507
V -857.897 747.334 255.337 0.065362 0.808397
V -827.897 747.334 255.632 0.079131 0.808287
V -797.897 747.334 255.156 0.092899 0.808177
V -767.897 747.334 257.385 0.106668 0.808067
V -737.897 747.334 264.316 0.120436 0.807957
V -707.897 747.334 266.421 0.134205 0.807847
V -677.897 747.334 264.967 0.147973 0.807737
V -647.897 747.334 267.127 0.161742 0.807627
V -617.897 747.334 270.762 0.175510 0.807517
V -587.897 747.334 270.063 0.189279 0.807406
V -557.897 747.334 261.050 0.203047 0.807296
V -527.897 747.334 248.895 0.216816 0.807186
V -497.897 747.334 238.899 0.230584 0.807075
V -467.897 747.334 233.781 0.244353 0.806965
V -437.897 747.334 230.943 0.258121 0.806854
V -407.897 747.334 233.199 0.271890 0.806744
V -377.897 747.334 236.873 0.285658 0.806633
V -347.897 747.334 237.837 0.299427 0.806523
V -317.897 747.334 233.062 0.313195 0.806412
V -287.897 747.334 232.975 0.326963 0.806301
V -257.897 747.334 233.680 0.340732 0.806190
V -227.897 747.334 229.240 0.354500 0.806079
V -197.897 747.334 220.172 0.368269 0.805969
V -167.897 747.334 211.037 0.382037 0.805858
V -137.897 747.334 203.797 0.395806 0.805747
V -107.897 747.334 198.609 0.409574 0.805635
V -77.897 747.334 196.299 0.423343 0.805524
V -47.897 747.334 197.484 0.437111 0.805413
V -17.897 747.334 198.340 0.450880 0.805302
V 12.103 747.334 197.439 0.464648 0.805191
V 42.103 747.334 197.990 0.478416 0.805079
V 72.103 747.334 194.778 0.492185 0.804968
V 102.103 747.334 187.472 0.505953 0.804857
V 132.103 747.334 175.056 0.519722 0.804745
V 162.103 747.334 160.649 0.533490 0.804634
V 192.103 747.334 145.007 0.547259 0.804522
V 222.103 747.334 130.640 0.561027 0.804411
V 252.103 747.334 125.630 0.574796 0.804299
V 282.103 747.334 134.289 0.588564 0.804187
V 312.103 747.334 139.488 0.602332 0.804075
V 342.103 747.334 129.956 0.616101 0.803964
V 372.103 747.334 116.003 0.629869 0.803852
V 402.103 747.334 103.228 0.643638 0.803740
V 432.103 747.334 92.947 0.657406 0.803628
V 462.103 747.334 87.439 0.671175 0.803516
V 492.103 747.334 86.145 0.684943 0.803404
V 522.103 747.334 85.938 0.698711 0.803292
V 552.103 747.334 85.877 0.712480 0.803179
V 582.103 747.334 85.766 0.726248 0.803067
V 612.103 747.334 85.940 0.740017 0.802955
V 642.103 747.334 85.663 0.753785 0.802843
V 672.103 747.334 85.393 0.767554 0.802730
V 702.103 747.334 84.838 0.781322 0.802618
V 732.103 747.334 83.865 0.795090 0.802505
V 762.103 747.334 86.972 0.808859 0.802393
V 792.103 747.334 93.492 0.822627 0.802280
V 822.103 747.334 101.612 0.836396 0.802168
V 852.103 747.334 109.502 0.850164 0.802055
V 882.103 747.334 116.529 0.863932 0.801942
V 912.103 747.334 122.151 0.877701 0.801830
V 942.103 747.334 126.589 0.891469 0.801717
V 972.103 747.334 131.116 0.905238 0.801604
V 1002.103 747.334 131.339 0.919006 0.801491
V 1032.103 747.334 125.251 0.932774 0.801378
V 1062.103 747.334 118.033 0.946543 0.801265
V -917.897 777.334 235.226 0.037935 0.822443
V -887.897 777.334 240.603 0.051703 0.822333
V -857.897 777.334 242.923 0.065472 0.822223
V -827.897 777.334 243.124 0.079240 0.822114
V -797.897 777.334 245.432 0.093009 0.822004
V -767.897 777.334 250.850 0.106777 0.821894
V -737.897 777.334 255.809 0.120546 0.821784
V -707.897 777.334 255.386 0.134314 0.821674
V -677.897 777.334 255.860 0.148083 0.821564
V -647.897 777.334 261.048 0.161852 0.821453
V -617.897 777.334 267.117 0.175620 0.821343
V -587.897 777.334 269.435 0.189389 0.821233
V -557.897 777.334 261.336 0.203157 0.821123
V -527.897 777.334 251.727 0.216926 0.821012
V -497.897 777.334 245.721 0.230694 0.820902
V -467.897 777.334 242.746 0.244463 0.820791
V -437.897 777.334 241.034 0.258231 0.820681
V -407.897 777.334 242.978 0.272000 0.820570
V -377.897 777.334 243.197 0.285768 0.820460
V -347.897 777.334 239.788 0.299537 0.820349
V -317.897 777.334 232.998 0.313305 0.820238
V -287.897 777.334 229.416 0.327074 0.820128
V -257.897 777.334 226.419 0.340842 0.820017
V -227.897 777.334 221.979 0.354611 0.819906
V -197.897 777.334 215.046 0.368379 0.819795
V -167.897 777.334 212.021 0.382148 0.819684
V -137.897 777.334 207.866 0.395916 0.819573
V -107.897 777.334 203.115 0.409685 0.819462
V -77.897 777.334 198.350 0.423453 0.819351
V -47.897 777.334 198.748 0.437222 0.819240
V -17.897 777.334 200.366 0.450990 0.819129
V 12.103 777.334 199.079 0.464759 0.819017
V 42.103 777.334 196.718 0.478527 0.818906
V 72.103 777.334 189.801 0.492296 0.818795
V 102.103 777.334 179.719 0.506064 0.818683
V 132.103 777.334 167.370 0.519833 0.818572
V 162.103 777.334 153.424 0.533601 0.818460
V 192.103 777.334 139.148 0.547370 0.818349
V 222.103 777.334 126.319 0.561138 0.818237
V 252.103 777.334 120.142 0.574907 0.818125
V 282.103 777.334 128.305 0.588675 0.818014
V 312.103 777.334 135.503 0.602444 0.817902
V 342.103 777.334 126.898 0.616212 0.817790
V 372.103 777.334 114.207 0.629981 0.817678
V 402.103 777.334 102.257 0.643749 0.817566
V 432.103 777.334 92.520 0.657518 0.817454
V 462.103 777.334 86.827 0.671286 0.817342
V 492.103 777.334 85.985 0.685055 0.817230
V 522.103 777.334 85.583 0.698823 0.817118
V 552.103 777.334 85.378 0.712592 0.817006
V 582.103 777.334 85.488 0.726360 0.816894
V 612.103 777.334 85.577 0.740128 0.816781
V 642.103 777.334 85.722 0.753897 0.816669
V 672.103 777.334 85.408 0.767665 0.816557
V 702.103 777.334 84.767 0.781434 0.816444
V 732.103 777.334 83.942 0.795202 0.816332
V 762.103 777.334 85.261 0.808971 0.816219
V 792.103 777.334 91.354 0.822739 0.816107
V 822.103 777.334 98.616 0.836508 0.815994
V 852.103 777.334 104.539 0.850276 0.815881
V 882.103 777.334 109.697 0.864045 0.815769
V 912.103 777.334 113.556 0.877813 0.815656
V 942.103 777.334 117.899 0.891582 0.815543
V 972.103 777.334 124.299 0.905350 0.815430
V 1002.103 777.334 128.930 0.919118 0.815317
V 1032.103 777.334 125.052 0.932887 0.815204
V 1062.103 777.334 117.143 0.946655 0.815091
V -917.897 807.334 224.550 0.038044 0.836270
V -887.897 807.334 229.196 0.051813 0.836160
V -857.897 807.334 230.702 0.065581 0.836050
V -827.897 807.334 233.173 0.079350 0.835940
V -797.897 807.334 238.992 0.093118 0.835830
V -767.897 807.334 244.967 0.106887 0.835720
V -737.897 807.334 245.792 0.120655 0.835610
V -707.897 807.334 245.843 0.134424 0.835500
V -677.897 807.334 250.021 0.148193 0.835390
V -647.897 807.334 255.061 0.161961 0.835280
V -617.897 807.334 260.113 0.175730 0.835170
V -587.897 807.334 263.134 0.189498 0.835060
V -557.897 807.334 257.171 0.203267 0.834949
V -527.897 807.334 249.142 0.217036 0.834839
V -497.897 807.334 244.493 0.230804 0.834728
V -467.897 807.334 241.094 0.244573 0.834618
V -437.897 807.334 241.901 0.258341 0.834507
V -407.897 807.334 242.771 0.272110 0.834397
V -377.897 807.334 238.225 0.285878 0.834286
V -347.897 807.334 232.260 0.299647 0.834176
V -317.897 807.334 223.314 0.313416 0.834065
V -287.897 807.334 215.837 0.327184 0.833954
V -257.897 807.334 211.299 0.340953 0.833843
V -227.897 807.334 208.871 0.354721 0.833732
V -197.897 807.334 203.528 0.368490 0.833622
V -167.897 807.334 204.533 0.382258 0.833511
V -137.897 807.334 202.804 0.396027 0.833400
V -107.897 807.334 199.115 0.409795 0.833289
V -77.897 807.334 192.195 0.423564 0.833177
V -47.897 807.334 189.105 0.437333 0.833066
V -17.897 807.334 190.925 0.451101 0.832955
V 12.103 807.334 189.597 0.464870 0.832844
V 42.103 807.334 186.616 0.478638 0.832732
V 72.103 807.334 182.592 0.492407 0.832621
V 102.103 807.334 172.227 0.506175 0.832510
V 132.103 807.334 159.386 0.519944 0.832398
V 162.103 807.334 145.644 0.533712 0.832287
V 192.103 807.334 132.237 0.547481 0.832175
V 222.103 807.334 119.789 0.561249 0.832064
V 252.103 807.334 114.808 0.575018 0.831952
V 282.103 807.334 124.084 0.588787 0.831840
V 312.103 807.334 130.332 0.602555 0.831728
V 342.103 807.334 121.806 0.616324 0.831617
V 372.103 807.334 109.872 0.630092 0.831505
V 402.103 807.334 99.256 0.643861 0.831393
V 432.103 807.334 91.151 0.657629 0.831281
V 462.103 807.334 86.499 0.671398 0.831169
V 492.103 807.334 85.781 0.685166 0.831057
V 522.103 807.334 85.426 0.698935 0.830945
V 552.103 807.334 85.080 0.712703 0.830832
V 582.103 807.334 85.108 0.726472 0.830720
V 612.103 807.334 85.048 0.740240 0.830608
V 642.103 807.334 85.216 0.754009 0.830496
V 672.103 807.334 85.405 0.767777 0.830383
V 702.103 807.334 84.950 0.781546 0.830271
V 732.103 807.334 84.299 0.795314 0.830158
V 762.103 807.334 83.419 0.809083 0.830046
V 792.103 807.334 86.826 0.822851 0.829933
V 822.103 807.334 92.056 0.836620 0.829821
V 852.103 807.334 97.009 0.850388 0.829708
V 882.103 807.334 100.723 0.864157 0.829595
V 912.103 807.334 103.501 0.877925 0.829483
V 942.103 807.334 109.621 0.891694 0.829370
V 972.103 807.334 117.569 0.905462 0.829257
V 1002.103 807.334 125.299 0.919231 0.829144
V 1032.103 807.334 124.862 0.932999 0.829031
V 1062.103 807.334 117.806 0.946768 0.828918
V -917.897 837.334 212.754 0.038153 0.850096
V -887.897 837.334 216.904 0.051922 0.849986
V -857.897 837.334 219.694 0.065690 0.849877
V -827.897 837.334 226.251 0.079459 0.849767
V -797.897 837.334 233.718 0.093228 0.849657
V -767.897 837.334 236.764 0.106996 0.849547
V -737.897 837.334 235.483 0.120765 0.849437
V -707.897 837.334 238.905 0.134534 0.849327
V -677.897 837.334 244.517 0.148302 0.849217
V -647.897 837.334 245.143 0.162071 0.849107
V -617.897 837.334 247.706 0.175840 0.848996
V -587.897 837.334 251.591 0.189608 0.848886
V -557.897 837.334 247.423 0.203377 0.848776
V -527.897 837.334 239.494 0.217145 0.848665
V -497.897 837.334 234.153 0.230914 0.848555
V -467.897 837.334 229.749 0.244683 0.848445
V -437.897 837.334 232.103 0.258451 0.848334
V -407.897 837.334 233.216 0.272220 0.848224
V -377.897 837.334 226.181 0.285989 0.848113
V -347.897 837.334 220.436 0.299757 0.848002
V -317.897 837.334 214.081 0.313526 0.847892
V -287.897 837.334 204.892 0.327294 0.847781
V -257.897 837.334 198.454 0.341063 0.847670
V -227.897 837.334 196.456 0.354832 0.847559
V -197.897 837.334 192.181 0.368600 0.847448
V -167.897 837.334 193.219 0.382369 0.847337
V -137.897 837.334 191.355 0.396137 0.847226
V -107.897 837.334 189.522 0.409906 0.847115
V -77.897 837.334 185.470 0.423675 0.847004
V -47.897 837.334 178.344 0.437443 0.846893
V -17.897 837.334 179.421 0.451212 0.846782
V 12.103 837.334 177.814 0.464980 0.846670
V 42.103 837.334 175.765 0.478749 0.846559
V 72.103 837.334 176.392 0.492518 0.846448
V 102.103 837.334 166.711 0.506286 0.846336
V 132.103 837.334 152.929 0.520055 0.846225
V 162.103 837.334 138.827 0.533823 0.846113
V 192.103 837.334 125.959 0.547592 0.846002
V 222.103 837.334 114.181 0.561361 0.845890
V 252.103 837.334 109.642 0.575129 0.845778
V 282.103 837.334 118.834 0.588898 0.845667
V 312.103 837.334 124.840 0.602666 0.845555
V 342.103 837.334 116.821 0.616435 0.845443
V 372.103 837.334 105.285 0.630204 0.845331
V 402.103 837.334 95.845 0.643972 0.845219
V 432.103 837.334 89.451 0.657741 0.845107
V 462.103 837.334 86.499 0.671509 0.844995
V 492.103 837.334 85.766 0.685278 0.844883
V 522.103 837.334 85.302 0.699046 0.844771
V 552.103 837.334 84.912 0.712815 0.844659
V 582.103 837.334 84.898 0.726584 0.844547
V 612.103 837.334 84.860 0.740352 0.844435
V 642.103 837.334 85.209 0.754121 0.844322
V 672.103 837.334 85.196 0.767889 0.844210
V 702.103 837.334 84.511 0.781658 0.844097
V 732.103 837.334 84.019 0.795426 0.843985
V 762.103 837.334 83.442 0.809195 0.843872
V 792.103 837.334 83.067 0.822964 0.843760
V 822.103 837.334 85.871 0.836732 0.843647
V 852.103 837.334 89.427 0.850501 0.843535
V 882.103 837.334 92.505 0.864269 0.843422
V 912.103 837.334 96.843 0.878038 0.843309
V 942.103 837.334 103.920 0.891806 0.843196
V 972.103 837.334 111.620 0.905575 0.843083
V 1002.103 837.334 119.592 0.919343 0.842970
V 1032.103 837.334 124.495 0.933112 0.842857
V 1062.103 837.334 119.568 0.946880 0.842744
V -917.897 867.334 206.618 0.038262 0.863923
V -887.897 867.334 206.506 0.052031 0.863813
V -857.897 867.334 209.679 0.065800 0.863703
V -827.897 867.334 219.068 0.079569 0.863594
V -797.897 867.334 226.080 0.093337 0.863484
V -767.897 867.334 226.226 0.107106 0.863374
V -737.897 867.334 226.407 0.120875 0.863264
V -707.897 867.334 233.581 0.134643 0.863154
V -677.897 867.334 236.578 0.148412 0.863043
V -647.897 867.334 232.792 0.162181 0.862933
V -617.897 867.334 235.310 0.175949 0.862823
V -587.897 867.334 241.187 0.189718 0.862713
V -557.897 867.334 237.200 0.203487 0.862603
V -527.897 867.334 229.450 0.217255 0.862492
V -497.897 867.334 222.900 0.231024 0.862382
V -467.897 867.334 217.642 0.244793 0.862271
V -437.897 867.334 220.566 0.258561 0.862161
V -407.897 867.334 222.632 0.272330 0.862050
V -377.897 867.334 216.125 0.286099 0.861940
V -347.897 867.334 208.329 0.299867 0.861829
V -317.897 867.334 204.338 0.313636 0.861718
V -287.897 867.334 197.999 0.327405 0.861607
V -257.897 867.334 189.720 0.341173 0.861497
V -227.897 867.334 185.348 0.354942 0.861386
V -197.897 867.334 182.250 0.368711 0.861275
V -167.897 867.334 184.183 0.382479 0.861164
V -137.897 867.334 182.035 0.396248 0.861053
V -107.897 867.334 180.740 0.410017 0.860942
V -77.897 867.334 180.500 0.423785 0.860831
V -47.897 867.334 172.055 0.437554 0.860720
V -17.897 867.334 169.112 0.451323 0.860608
V 12.103 867.334 166.271 0.465091 0.860497
V 42.103 867.334 165.806 0.478860 0.860386
V 72.103 867.334 167.995 0.492629 0.860274
V 102.103 867.334 160.826 0.506397 0.860163
V 132.103 867.334 147.787 0.520166 0.860051
V 162.103 867.334 134.064 0.533935 0.859940
V 192.103 867.334 120.978 0.547703 0.859828
V 222.103 867.334 109.896 0.561472 0.859717
V 252.103 867.334 104.381 0.575240 0.859605
V 282.103 867.334 111.988 0.589009 0.859493
V 312.103 867.334 119.130 0.602778 0.859382
V 342.103 867.334 112.757 0.616546 0.859270
V 372.103 867.334 101.955 0.630315 0.859158
V 402.103 867.334 93.644 0.644084 0.859046
V 432.103 867.334 88.104 0.657852 0.858934
V 462.103 867.334 86.314 0.671621 0.858822
V 492.103 867.334 85.724 0.685389 0.858710
V 522.103 867.334 85.245 0.699158 0.858598
V 552.103 867.334 85.025 0.712927 0.858486
V 582.103 867.334 85.004 0.726695 0.858373
V 612.103 867.334 85.487 0.740464 0.858261
V 642.103 867.334 85.361 0.754233 0.858149
V 672.103 867.334 84.217 0.768001 0.858036
V 702.103 867.334 83.774 0.781770 0.857924
V 732.103 867.334 83.445 0.795538 0.857812
V 762.103 867.334 83.388 0.809307 0.857699
V 792.103 867.334 82.475 0.823076 0.857586
V 822.103 867.334 83.418 0.836844 0.857474
V 852.103 867.334 84.659 0.850613 0.857361
V 882.103 867.334 86.418 0.864381 0.857248
V 912.103 867.334 92.109 0.878150 0.857136
V 942.103 867.334 98.136 0.891919 0.857023
V 972.103 867.334 104.219 0.905687 0.856910
V 1002.103 867.334 112.594 0.919456 0.856797
V 1032.103 867.334 120.387 0.933224 0.856684
V 1062.103 867.334 119.962 0.946993 0.856571
V -917.897 897.334 209.713 0.038372 0.877750
V -887.897 897.334 203.640 0.052141 0.877640
V -857.897 897.334 202.378 0.065909 0.877530
V -827.897 897.334 209.813 0.079678 0.877420
V -797.897 897.334 216.122 0.093447 0.877310
V -767.897 897.334 215.806 0.107215 0.877200
V -737.897 897.334 219.850 0.120984 0.877090
V -707.897 897.334 229.035 0.134753 0.876980
V -677.897 897.334 228.343 0.148522 0.876870
V -647.897 897.334 222.401 0.162290 0.876760
V -617.897 897.334 225.919 0.176059 0.876650
V -587.897 897.334 232.305 0.189828 0.876540
V -557.897 897.334 227.975 0.203597 0.876429
V -527.897 897.334 220.027 0.217365 0.876319
V -497.897 897.334 212.756 0.231134 0.876208
V -467.897 897.334 207.394 0.244903 0.876098
V -437.897 897.334 211.052 0.258671 0.875987
V -407.897 897.334 212.213 0.272440 0.875877
V -377.897 897.334 208.432 0.286209 0.875766
V -347.897 897.334 200.278 0.299978 0.875656
V -317.897 897.334 192.936 0.313746 0.875545
V -287.897 897.334 190.445 0.327515 0.875434
V -257.897 897.334 185.673 0.341284 0.875323
V -227.897 897.334 178.018 0.355052 0.875212
V -197.897 897.334 173.753 0.368821 0.875102
V -167.897 897.334 177.712 0.382590 0.874991
V -137.897 897.334 176.005 0.396359 0.874880
V -107.897 897.334 174.147 0.410127 0.874769
V -77.897 897.334 176.233 0.423896 0.874657
V -47.897 897.334 169.362 0.437665 0.874546
V -17.897 897.334 161.420 0.451433 0.874435
V 12.103 897.334 155.761 0.465202 0.874324
V 42.103 897.334 154.750 0.478971 0.874212
V 72.103 897.334 155.466 0.492740 0.874101
V 102.103 897.334 150.524 0.506508 0.873990
V 132.103 897.334 139.887 0.520277 0.873878
V 162.103 897.334 128.210 0.534046 0.873767
V 192.103 897.334 116.177 0.547814 0.873655
V 222.103 897.334 105.185 0.561583 0.873543
V 252.103 897.334 99.684 0.575352 0.873432
V 282.103 897.334 104.756 0.589120 0.873320
V 312.103 897.334 109.793 0.602889 0.873208
V 342.103 897.334 105.236 0.616658 0.873096
V 372.103 897.334 97.557 0.630426 0.872985
V 402.103 897.334 91.164 0.644195 0.872873
V 432.103 897.334 87.192 0.657964 0.872761
V 462.103 897.334 86.192 0.671732 0.872649
V 492.103 897.334 85.792 0.685501 0.872537
V 522.103 897.334 85.200 0.699270 0.872424
V 552.103 897.334 85.273 0.713038 0.872312
V 582.103 897.334 85.576 0.726807 0.872200
V 612.103 897.334 84.655 0.740576 0.872088
V 642.103 897.334 84.205 0.754344 0.871975
V 672.103 897.334 84.367 0.768113 0.871863
V 702.103 897.334 83.592 0.781882 0.871751
V 732.103 897.334 83.167 0.795650 0.871638
V 762.103 897.334 83.022 0.809419 0.871526
V 792.103 897.334 82.261 0.823188 0.871413
V 822.103 897.334 82.230 0.836956 0.871300
V 852.103 897.334 83.210 0.850725 0.871188
V 882.103 897.334 84.092 0.864494 0.871075
V 912.103 897.334 86.865 0.878262 0.870962
V 942.103 897.334 91.899 0.892031 0.870849
V 972.103 897.334 97.938 0.905800 0.870737
V 1002.103 897.334 106.121 0.919568 0.870624
V 1032.103 897.334 114.337 0.933337 0.870511
V 1062.103 897.334 116.194 0.947106 0.870398
V -917.897 927.334 215.872 0.038481 0.891576
V -887.897 927.334 206.762 0.052250 0.891467
V -857.897 927.334 199.392 0.066019 0.891357
V -827.897 927.334 201.701 0.079787 0.891247
V -797.897 927.334 206.992 0.093556 0.891137
V -767.897 927.334 208.067 0.107325 0.891027
V -737.897 927.334 216.262 0.121094 0.890917
V -707.897 927.334 224.996 0.134863 0.890807
V -677.897 927.334 221.186 0.148631 0.890697
V -647.897 927.334 214.421 0.162400 0.890587
V -617.897 927.334 218.446 0.176169 0.890477
V -587.897 927.334 225.386 0.189938 0.890366
V -557.897 927.334 221.363 0.203706 0.890256
V -527.897 927.334 211.983 0.217475 0.890146
V -497.897 927.334 204.308 0.231244 0.890035
V -467.897 927.334 199.265 0.245013 0.889925
V -437.897 927.334 203.462 0.258782 0.889814
V -407.897 927.334 203.383 0.272550 0.889704
V -377.897 927.334 200.087 0.286319 0.889593
V -347.897 927.334 195.816 0.300088 0.889482
V -317.897 927.334 185.624 0.313857 0.889372
V -287.897 927.334 181.235 0.327625 0.889261
V -257.897 927.334 182.767 0.341394 0.889150
V -227.897 927.334 176.359 0.355163 0.889039
V -197.897 927.334 167.771 0.368932 0.888928
V -167.897 927.334 171.262 0.382700 0.888817
V -137.897 927.334 171.309 0.396469 0.888706
V -107.897 927.334 168.741 0.410238 0.888595
V -77.897 927.334 173.950 0.424007 0.888484
V -47.897 927.334 171.840 0.437775 0.888373
V -17.897 927.334 161.880 0.451544 0.888262
V 12.103 927.334 151.016 0.465313 0.888150
V 42.103 927.334 144.133 0.479082 0.888039
V 72.103 927.334 142.427 0.492850 0.887928
V 102.103 927.334 138.582 0.506619 0.887816
V 132.103 927.334 130.480 0.520388 0.887705
V 162.103 927.334 120.811 0.534157 0.887593
V 192.103 927.334 109.974 0.547925 0.887482
V 222.103 927.334 101.128 0.561694 0.887370
V 252.103 927.334 96.212 0.575463 0.887259
V 282.103 927.334 98.017 0.589232 0.887147
V 312.103 927.334 98.448 0.603000 0.887035
V 342.103 927.334 94.843 0.616769 0.886923
V 372.103 927.334 91.204 0.630538 0.886811
V 402.103 927.334 88.115 0.644307 0.886699
V 432.103 927.334 86.463 0.658075 0.886587
V 462.103 927.334 86.172 0.671844 0.886475
V 492.103 927.334 86.000 0.685613 0.886363
V 522.103 927.334 85.924 0.699381 0.886251
V 552.103 927.334 85.603 0.713150 0.886139
V 582.103 927.334 85.438 0.726919 0.886027
V 612.103 927.334 84.711 0.740688 0.885915
V 642.103 927.334 83.739 0.754456 0.885802
V 672.103 927.334 83.187 0.768225 0.885690
V 702.103 927.334 82.735 0.781994 0.885577
V 732.103 927.334 82.694 0.795762 0.885465
V 762.103 927.334 82.293 0.809531 0.885352
V 792.103 927.334 82.367 0.823300 0.885240
V 822.103 927.334 81.327 0.837069 0.885127
V 852.103 927.334 81.248 0.850837 0.885015
V 882.103 927.334 81.780 0.864606 0.884902
V 912.103 927.334 83.740 0.878375 0.884789
V 942.103 927.334 87.675 0.892143 0.884676
V 972.103 927.334 93.109 0.905912 0.884563
V 1002.103 927.334 100.241 0.919681 0.884450
V 1032.103 927.334 107.751 0.933450 0.884337
V 1062.103 927.334 111.515 0.947218 0.884224
V -917.897 957.334 219.645 0.038590 0.905403
V -887.897 957.334 209.329 0.052359 0.905294
V -857.897 957.334 198.986 0.066128 0.905184
V -827.897 957.334 197.069 0.079897 0.905074
V -797.897 957.334 200.473 0.093666 0.904964
V -767.897 957.334 202.796 0.107435 0.904854
V -737.897 957.334 212.691 0.121203 0.904744
V -707.897 957.334 220.678 0.134972 0.904634
V -677.897 957.334 215.174 0.148741 0.904524
V -647.897 957.334 208.290 0.162510 0.904414
V -617.897 957.334 213.186 0.176279 0.904303
V -587.897 957.334 221.666 0.190048 0.904193
V -557.897 957.334 217.630 0.203816 0.904083
V -527.897 957.334 206.809 0.217585 0.903972
V -497.897 957.334 197.523 0.231354 0.903862
V -467.897 957.334 193.162 0.245123 0.903752
V -437.897 957.334 198.678 0.258892 0.903641
V -407.897 957.334 198.964 0.272660 0.903530
V -377.897 957.334 191.784 0.286429 0.903420
V -347.897 957.334 188.490 0.300198 0.903309
V -317.897 957.334 181.304 0.313967 0.903198
V -287.897 957.334 173.572 0.327736 0.903088
V -257.897 957.334 175.811 0.341505 0.902977
V -227.897 957.334 173.872 0.355273 0.902866
V -197.897 957.334 163.831 0.369042 0.902755
V -167.897 957.334 163.196 0.382811 0.902644
V -137.897 957.334 164.877 0.396580 0.902533
V -107.897 957.334 162.281 0.410349 0.902422
V -77.897 957.334 165.938 0.424117 0.902311
V -47.897 957.334 166.116 0.437886 0.902200
V -17.897 957.334 159.906 0.451655 0.902089
V 12.103 957.334 149.860 0.465424 0.901977
V 42.103 957.334 138.478 0.479193 0.901866
V 72.103 957.334 130.975 0.492961 0.901755
V 102.103 957.334 125.999 0.506730 0.901643
V 132.103 957.334 119.494 0.520499 0.901532
V 162.103 957.334 112.365 0.534268 0.901420
V 192.103 957.334 104.502 0.548037 0.901309
V 222.103 957.334 98.826 0.561805 0.901197
V 252.103 957.334 95.674 0.575574 0.901085
V 282.103 957.334 94.144 0.589343 0.900974
V 312.103 957.334 92.751 0.603112 0.900862
V 342.103 957.334 90.755 0.616880 0.900750
V 372.103 957.334 89.229 0.630649 0.900638
V 402.103 957.334 87.583 0.644418 0.900526
V 432.103 957.334 86.567 0.658187 0.900414
V 462.103 957.334 86.351 0.671956 0.900302
V 492.103 957.334 86.315 0.685724 0.900190
V 522.103 957.334 85.990 0.699493 0.900078
V 552.103 957.334 85.694 0.713262 0.899966
V 582.103 957.334 85.230 0.727031 0.899854
V 612.103 957.334 84.428 0.740799 0.899741
V 642.103 957.334 83.501 0.754568 0.899629
V 672.103 957.334 82.969 0.768337 0.899517
V 702.103 957.334 82.762 0.782106 0.899404
V 732.103 957.334 82.597 0.795875 0.899292
V 762.103 957.334 82.329 0.809643 0.899179
V 792.103 957.334 82.364 0.823412 0.899067
V 822.103 957.334 82.034 0.837181 0.898954
V 852.103 957.334 81.480 0.850950 0.898841
V 882.103 957.334 80.513 0.864718 0.898729
V 912.103 957.334 80.599 0.878487 0.898616
V 942.103 957.334 82.971 0.892256 0.898503
V 972.103 957.334 88.075 0.906025 0.898390
V 1002.103 957.334 93.738 0.919793 0.898277
V 1032.103 957.334 98.982 0.933562 0.898164
V 1062.103 957.334 103.557 0.947331 0.898051
V -917.897 987.334 221.339 0.038700 0.919230
V -887.897 987.334 210.739 0.052468 0.919120
V -857.897 987.334 199.387 0.066237 0.919011
V -827.897 987.334 193.827 0.080006 0.918901
V -797.897 987.334 194.970 0.093775 0.918791
V -767.897 987.334 198.469 0.107544 0.918681
V -737.897 987.334 208.661 0.121313 0.918571
V -707.897 987.334 216.236 0.135082 0.918461
V -677.897 987.334 210.107 0.148851 0.918351
V -647.897 987.334 204.031 0.162620 0.918241
V -617.897 987.334 210.553 0.176388 0.918130
V -587.897 987.334 219.284 0.190157 0.918020
V -557.897 987.334 214.237 0.203926 0.917910
V -527.897 987.334 203.466 0.217695 0.917799
V -497.897 987.334 192.635 0.231464 0.917689
V -467.897 987.334 187.620 0.245233 0.917578
V -437.897 987.334 194.811 0.259002 0.917468
V -407.897 987.334 197.128 0.272771 0.917357
V -377.897 987.334 187.804 0.286539 0.917247
V -347.897 987.334 178.980 0.300308 0.917136
V -317.897 987.334 174.668 0.314077 0.917025
V -287.897 987.334 168.051 0.327846 0.916915
V -257.897 987.334 166.252 0.341615 0.916804
V -227.897 987.334 164.877 0.355384 0.916693
V -197.897 987.334 158.590 0.369153 0.916582
V -167.897 987.334 154.119 0.382921 0.916471
V -137.897 987.334 155.041 0.396690 0.916360
V -107.897 987.334 152.458 0.410459 0.916249
V -77.897 987.334 152.954 0.424228 0.916138
V -47.897 987.334 153.591 0.437997 0.916027
V -17.897 987.334 151.697 0.451766 0.915915
V 12.103 987.334 147.127 0.465535 0.915804
V 42.103 987.334 138.708 0.479303 0.915693
V 72.103 987.334 129.066 0.493072 0.915581
V 102.103 987.334 120.863 0.506841 0.915470
V 132.103 987.334 114.968 0.520610 0.915359
V 162.103 987.334 109.843 0.534379 0.915247
V 192.103 987.334 106.207 0.548148 0.915135
V 222.103 987.334 103.916 0.561917 0.915024
V 252.103 987.334 101.101 0.575685 0.914912
V 282.103 987.334 97.320 0.589454 0.914800
V 312.103 987.334 94.737 0.603223 0.914689
V 342.103 987.334 92.361 0.616992 0.914577
V 372.103 987.334 91.182 0.630761 0.914465
V 402.103 987.334 89.302 0.644530 0.914353
V 432.103 987.334 87.625 0.658298 0.914241
V 462.103 987.334 87.162 0.672067 0.914129
V 492.103 987.334 86.866 0.685836 0.914017
V 522.103 987.334 86.234 0.699605 0.913905
V 552.103 987.334 85.074 0.713374 0.913793
V 582.103 987.334 84.037 0.727142 0.913680
V 612.103 987.334 83.314 0.740911 0.913568
V 642.103 987.334 82.641 0.754680 0.913456
V 672.103 987.334 82.673 0.768449 0.913343
V 702.103 987.334 82.668 0.782218 0.913231
V 732.103 987.334 82.335 0.795987 0.913118
V 762.103 987.334 81.926 0.809755 0.913006
V 792.103 987.334 81.799 0.823524 0.912893
V 822.103 987.334 81.634 0.837293 0.912781
V 852.103 987.334 81.655 0.851062 0.912668
V 882.103 987.334 81.080 0.864831 0.912555
V 912.103 987.334 80.888 0.878599 0.912443
V 942.103 987.334 80.721 0.892368 0.912330
V 972.103 987.334 82.866 0.906137 0.912217
V 1002.103 987.334 87.191 0.919906 0.912104
V 1032.103 987.334 91.378 0.933675 0.911991
V 1062.103 987.334 95.828 0.947443 0.911878
V -917.897 1017.334 222.375 0.038809 0.933057
V -887.897 1017.334 211.952 0.052578 0.932947
V -857.897 1017.334 199.967 0.066347 0.932838
V -827.897 1017.334 192.253 0.080116 0.932728
V -797.897 1017.334 190.334 0.093885 0.932618
V -767.897 1017.334 194.146 0.107654 0.932508
V -737.897 1017.334 205.273 0.121423 0.932398
V -707.897 1017.334 211.996 0.135191 0.932288
V -677.897 1017.334 204.919 0.148960 0.932178
V -647.897 1017.334 199.735 0.162729 0.932067
V -617.897 1017.334 207.262 0.176498 0.931957
V -587.897 1017.334 215.645 0.190267 0.931847
V -557.897 1017.334 211.281 0.204036 0.931737
V -527.897 1017.334 201.070 0.217805 0.931626
V -497.897 1017.334 191.117 0.231574 0.931516
V -467.897 1017.334 183.974 0.245343 0.931405
V -437.897 1017.334 187.970 0.259112 0.931295
V -407.897 1017.334 190.758 0.272881 0.931184
V -377.897 1017.334 184.886 0.286650 0.931074
V -347.897 1017.334 174.179 0.300419 0.930963
V -317.897 1017.334 168.524 0.314187 0.930852
V -287.897 1017.334 166.019 0.327956 0.930741
V -257.897 1017.334 163.232 0.341725 0.930631
V -227.897 1017.334 158.165 0.355494 0.930520
V -197.897 1017.334 151.902 0.369263 0.930409
V -167.897 1017.334 146.510 0.383032 0.930298
V -137.897 1017.334 144.847 0.396801 0.930187
V -107.897 1017.334 142.076 0.410570 0.930076
V -77.897 1017.334 140.540 0.424339 0.929965
V -47.897 1017.334 141.323 0.438108 0.929854
V -17.897 1017.334 141.135 0.451877 0.929742
V 12.103 1017.334 141.526 0.465645 0.929631
V 42.103 1017.334 139.644 0.479414 0.929520
V 72.103 1017.334 134.866 0.493183 0.929408
V 102.103 1017.334 128.904 0.506952 0.929297
V 132.103 1017.334 123.778 0.520721 0.929185
V 162.103 1017.334 118.858 0.534490 0.929074
V 192.103 1017.334 114.848 0.548259 0.928962
V 222.103 1017.334 111.240 0.562028 0.928851
V 252.103 1017.334 107.550 0.575797 0.928739
V 282.103 1017.334 102.616 0.589565 0.928627
V 312.103 1017.334 98.924 0.603334 0.928516
V 342.103 1017.334 95.698 0.617103 0.928404
V 372.103 1017.334 95.025 0.630872 0.928292
V 402.103 1017.334 93.435 0.644641 0.928180
V 432.103 1017.334 91.915 0.658410 0.928068
V 462.103 1017.334 91.019 0.672179 0.927956
V 492.103 1017.334 89.451 0.685948 0.927844
V 522.103 1017.334 88.002 0.699717 0.927732
V 552.103 1017.334 85.162 0.713485 0.927619
V 582.103 1017.334 82.848 0.727254 0.927507
V 612.103 1017.334 82.476 0.741023 0.927395
V 642.103 1017.334 82.349 0.754792 0.927283
V 672.103 1017.334 82.247 0.768561 0.927170
V 702.103 1017.334 82.112 0.782330 0.927058
V 732.103 1017.334 81.981 0.796099 0.926945
V 762.103 1017.334 81.558 0.809867 0.926833
V 792.103 1017.334 81.440 0.823636 0.926720
V 822.103 1017.334 81.305 0.837405 0.926608
V 852.103 1017.334 81.526 0.851174 0.926495
V 882.103 1017.334 81.137 0.864943 0.926382
V 912.103 1017.334 80.682 0.878712 0.926269
V 942.103 1017.334 80.507 0.892481 0.926157
V 972.103 1017.334 80.285 0.906249 0.926044
V 1002.103 1017.334 82.397 0.920018 0.925931
V 1032.103 1017.334 85.974 0.933787 0.925818
V 1062.103 1017.334 89.861 0.947556 0.925705
V -917.897 1047.334 221.541 0.038918 0.946884
V -887.897 1047.334 211.661 0.052687 0.946774
V -857.897 1047.334 202.285 0.066456 0.946665
V -827.897 1047.334 196.336 0.080225 0.946555
V -797.897 1047.334 190.158 0.093994 0.946445
V -767.897 1047.334 188.861 0.107763 0.946335
V -737.897 1047.334 197.782 0.121532 0.946225
V -707.897 1047.334 204.983 0.135301 0.946115
V -677.897 1047.334 200.440 0.149070 0.946005
V -647.897 1047.334 194.928 0.162839 0.945894
V -617.897 1047.334 200.846 0.176608 0.945784
V -587.897 1047.334 208.615 0.190377 0.945674
V -557.897 1047.334 206.522 0.204146 0.945564
V -527.897 1047.334 199.529 0.217915 0.945453
V -497.897 1047.334 194.138 0.231684 0.945343
V -467.897 1047.334 185.759 0.245453 0.945232
V -437.897 1047.334 181.596 0.259222 0.945122
V -407.897 1047.334 180.391 0.272991 0.945011
V -377.897 1047.334 177.276 0.286760 0.944901
V -347.897 1047.334 173.494 0.300529 0.944790
V -317.897 1047.334 172.116 0.314298 0.944679
V -287.897 1047.334 173.953 0.328067 0.944568
V -257.897 1047.334 172.981 0.341836 0.944458
V -227.897 1047.334 165.898 0.355605 0.944347
V -197.897 1047.334 156.460 0.369374 0.944236
V -167.897 1047.334 147.055 0.383143 0.944125
V -137.897 1047.334 140.644 0.396912 0.944014
V -107.897 1047.334 136.950 0.410680 0.943903
V -77.897 1047.334 133.624 0.424449 0.943792
V -47.897 1047.334 131.588 0.438218 0.943680
V -17.897 1047.334 131.366 0.451987 0.943569
V 12.103 1047.334 133.412 0.465756 0.943458
V 42.103 1047.334 135.934 0.479525 0.943347
V 72.103 1047.334 136.912 0.493294 0.943235
V 102.103 1047.334 135.724 0.507063 0.943124
V 132.103 1047.334 131.827 0.520832 0.943012
V 162.103 1047.334 127.376 0.534601 0.942901
V 192.103 1047.334 121.766 0.548370 0.942789
V 222.103 1047.334 116.497 0.562139 0.942678
V 252.103 1047.334 111.585 0.575908 0.942566
V 282.103 1047.334 106.225 0.589677 0.942454
V 312.103 1047.334 102.131 0.603446 0.942342
V 342.103 1047.334 101.178 0.617215 0.942231
V 372.103 1047.334 101.431 0.630984 0.942119
V 402.103 1047.334 98.904 0.644752 0.942007
V 432.103 1047.334 96.063 0.658521 0.941895
V 462.103 1047.334 94.418 0.672290 0.941783
V 492.103 1047.334 92.475 0.686059 0.941671
V 522.103 1047.334 89.530 0.699828 0.941559
V 552.103 1047.334 85.760 0.713597 0.941446
V 582.103 1047.334 83.098 0.727366 0.941334
V 612.103 1047.334 82.170 0.741135 0.941222
V 642.103 1047.334 81.553 0.754904 0.941110
V 672.103 1047.334 81.721 0.768673 0.940997
V 702.103 1047.334 81.638 0.782442 0.940885
V 732.103 1047.334 81.445 0.796211 0.940772
V 762.103 1047.334 81.362 0.809980 0.940660
V 792.103 1047.334 81.192 0.823748 0.940547
V 822.103 1047.334 80.951 0.837517 0.940435
V 852.103 1047.334 81.165 0.851286 0.940322
V 882.103 1047.334 80.962 0.865055 0.940209
V 912.103 1047.334 80.669 0.878824 0.940096
V 942.103 1047.334 80.368 0.892593 0.939983
V 972.103 1047.334 80.162 0.906362 0.939871
V 1002.103 1047.334 79.676 0.920131 0.939758
V 1032.103 1047.334 82.743 0.933900 0.939645
V 1062.103 1047.334 86.169 0.947669 0.939532
F 5762 5763 90
F 5763 91 90
F 105 5767 106
F 92 91 5763
F 42 46 22
F 1640 1705 6126
F 1705 6176 6126
F 6176 1705 1770
F 6076 1445 6126
F 5760 5761 83
F 86 5761 5762
F 80 5759 5760
F 6226 1983 2031
F 6676 6626 3997
F 105 5766 5767
F 5765 5766 101
F 5767 107 106
F 5768 109 5767
F 5768 5769 113
F 5878 339 5828
F 89 5762 90
F 1736 68 1735
F 68 1736 69
F 27 48 28
F 48 53 22
F 46 48 22
F 1827 6176 1770
F 1827 1881 6176
F 730 5976 5926
F 6026 1250 6076
F 2340 7 2341
F 7 8 2341
F 6526 3477 6576
F 3477 6526 3412
F 3477 3542 6576
F 2078 6226 2031
F 1881 1933 6176
F 1933 6226 6176
F 6226 1933 1983
F 4062 6676 3997
F 6676 4062 6743
F 4062 6744 6743
F 94 5763 5764
F 95 94 5764
F 109 108 5767
F 108 107 5767
F 5771 120 5770
F 5877 339 5878
F 89 88 5762
F 70 26 1795
F 48 24 53
F 24 48 27
F 24 68 69
F 26 64 1795
F 27 64 26
F 64 27 28
F 63 64 28
F 990 6026 5976
F 925 990 5976
F 730 795 5976
F 1380 1445 6076
F 80 5826 5759
F 82 5760 83
F 5761 84 83
F 55 6 7
F 55 2340 2339
F 2340 55 7
F 2338 55 2339
F 55 2338 6
F 35 6 5
F 35 46 42
F 56 2344 2343
F 47 35 42
F 47 42 22
F 6 47 7
F 35 47 6
F 36 8 7
F 47 36 7
F 36 47 43
F 44 43 51
F 36 44 8
F 44 36 43
F 2282 2346 11
F 20 71 72
F 20 21 69
F 34 35 5
F 35 34 46
F 60 0 65
F 2276 2275 65
F 6526 3347 3412
F 3282 3347 6526
F 6378 6428 2826
F 6528 3281 6478
F 2232 14 2188
F 2232 2285 59
F 14 2145 2188
F 2342 56 2343
F 8 2342 2341
F 56 2342 8
F 6177 1769 6178
F 1982 6177 6178
F 6078 1509 6077
F 5765 98 5764
F 93 92 5763
F 94 93 5763
F 5769 114 113
F 115 114 5769
F 5768 110 109
F 111 110 5768
F 112 5768 113
F 112 111 5768
F 5766 102 101
F 103 102 5766
F 104 5766 105
F 104 103 5766
F 123 122 5771
F 5775 135 5774
F 135 134 5774
F 339 274 5828
F 274 5827 5828
F 87 86 5762
F 88 87 5762
F 73 1906 1956
F 19 74 51
F 19 20 72
F 73 19 72
F 19 73 74
F 1731 70 1795
F 70 1731 1732
F 68 25 26
F 24 25 68
F 25 27 26
F 25 24 27
F 24 23 53
F 53 23 22
F 23 49 22
F 23 24 69
F 21 23 69
F 23 21 49
F 2004 1955 62
F 1954 1955 2004
F 66 60 65
F 60 66 61
F 64 1794 1795
F 5876 470 5926
F 470 535 5926
F 860 925 5976
F 795 860 5976
F 1250 1315 6076
F 1315 1380 6076
F 1185 1250 6026
F 1120 1185 6026
F 990 1055 6026
F 1055 1120 6026
F 81 80 5760
F 82 81 5760
F 145 5826 80
F 145 210 5826
F 5876 275 340
F 5826 275 5876
F 210 275 5826
F 85 5761 86
F 85 84 5761
F 2337 2336 5
F 6 2337 5
F 2338 2337 6
F 40 56 8
F 40 44 37
F 44 40 8
F 18 73 1956
F 73 18 74
F 74 18 51
F 18 44 51
F 12 2282 11
F 49 52 22
F 21 52 49
F 52 47 22
F 47 52 43
F 43 54 51
F 54 19 51
F 19 54 20
F 57 2335 2281
F 2335 57 2336
F 2336 57 5
F 2335 2334 2281
F 34 41 46
F 48 41 28
F 41 48 46
F 0 2277 65
F 2277 2276 65
F 2275 2231 65
F 2231 66 65
F 3022 6476 6426
F 2827 2892 6426
F 3217 6476 3152
F 6476 3217 6526
F 3217 3282 6526
F 6692 4121 6759
F 4106 6756 6755
F 3802 3867 6626
F 4062 6677 6744
F 4063 6677 4062
F 4068 6745 6678
F 6745 4068 6746
F 4068 4069 6746
F 6228 1982 6178
F 2347 2346 2282
F 2144 2145 14
F 1509 1444 6077
F 1054 5978 6028
F 1769 1704 6127
F 1826 1769 6177
F 2209 6277 2253
F 1982 1932 6177
F 5928 534 5878
F 534 5877 5878
F 6078 6128 1509
F 1769 6128 6178
F 6128 1769 6127
F 96 95 5764
F 99 98 5765
F 118 117 5770
F 116 115 5769
F 116 5769 5770
F 117 116 5770
F 121 120 5771
F 122 121 5771
F 134 133 5774
F 133 132 5774
F 274 209 5827
F 1853 1905 72
F 1905 73 72
F 73 1905 1906
F 1796 20 69
F 1796 71 20
F 1796 1797 71
F 1736 1737 69
F 1730 1731 1795
F 66 2187 2143
F 2187 2231 2230
F 2231 2187 66
F 61 67 62
F 67 2004 62
F 67 2052 2004
F 405 5876 340
F 405 470 5876
F 665 730 5926
F 9 40 37
F 40 9 56
F 10 9 37
F 56 9 2344
F 9 10 2344
F 79 18 1956
F 12 2283 2282
F 14 13 15
F 12 13 59
F 13 2232 59
F 2232 13 14
F 79 17 18
F 2345 58 2346
F 2346 58 11
F 58 10 11
F 71 1852 72
F 1797 1852 71
F 1852 1853 72
F 50 52 21
F 50 21 20
F 54 50 20
F 52 50 43
F 50 54 43
F 6682 4080 4081
F 4080 6682 6749
F 4077 6681 4076
F 6681 4077 4078
F 6748 6747 4076
F 6681 6748 4076
F 6748 4080 6749
F 4 34 5
F 57 4 5
F 4 57 2281
F 3 4 2281
F 4 3 34
F 29 41 34
F 4072 6747 6746
F 6747 6680 4076
F 4072 6680 6747
F 6680 4072 4073
F 3542 3607 6576
F 3607 3672 6576
F 3737 3802 6626
F 6576 3737 6626
F 3672 3737 6576
F 2957 3022 6426
F 2892 2957 6426
F 2502 6326 2437
F 6376 6326 2502
F 6326 2372 2437
F 2372 6326 2307
F 4121 6760 6759
F 4117 6692 6759
F 4117 6758 6691
F 6758 4117 6759
F 6689 6756 4106
F 6688 4106 6755
F 4087 6751 6750
F 6683 4087 6750
F 6751 4087 6684
F 4087 4088 6684
F 6751 4091 6752
F 4091 6685 6752
F 4091 6751 6684
F 6626 3932 3997
F 3867 3932 6626
F 4064 6677 4063
F 6677 4064 6744
F 4067 4068 6678
F 4066 4067 6678
F 4095 6753 6752
F 6753 4095 6686
F 4061 6695 6694
F 77 14 15
F 77 2144 14
F 6078 1314 6028
F 1314 1249 6028
F 1314 6078 6077
F 6027 1054 6028
F 6027 1249 1184
F 1249 6027 6028
F 1880 1826 6177
F 1932 1880 6177
F 794 5927 5928
F 794 5928 5978
F 1054 5977 5978
F 5977 794 5978
F 794 5977 859
F 5927 599 5928
F 599 534 5928
F 599 5927 664
F 5776 139 5775
F 140 139 5776
F 5877 404 339
F 98 97 5764
F 97 96 5764
F 100 5765 101
F 100 99 5765
F 124 5772 125
F 5772 124 5771
F 124 123 5771
F 131 5773 5774
F 132 131 5774
F 5772 126 125
F 127 126 5772
F 5777 143 5776
F 1737 1738 69
F 1796 1738 1739
F 1738 1796 69
F 68 1734 1735
F 1734 68 26
F 1851 1794 64
F 1851 64 63
F 1850 1851 63
F 1445 1510 6126
F 535 600 5926
F 600 665 5926
F 1957 2005 1956
F 2005 79 1956
F 2284 12 59
F 2284 2283 12
F 2285 2284 59
F 16 75 15
F 75 77 15
F 77 75 2144
F 75 2099 2100
F 2144 75 2100
F 45 10 37
F 16 45 33
F 44 45 37
F 45 17 33
F 18 45 44
F 17 45 18
F 78 16 33
F 78 2005 2006
F 2005 78 79
F 17 78 33
F 78 17 79
F 1798 1852 1797
F 4079 6681 4078
F 4079 6748 6681
F 6748 4079 4080
F 41 32 28
F 29 32 41
F 32 29 62
F 32 63 28
F 63 32 62
F 31 61 62
F 29 31 62
F 2280 3 2281
F 2280 2279 3
F 6679 4072 6746
F 4069 6679 6746
F 4070 6679 4069
F 4071 6679 4070
F 6679 4071 4072
F 6680 4075 4076
F 2762 2827 6426
F 6376 2762 6426
F 2697 2762 6376
F 6476 3087 3152
F 3087 6476 3022
F 2632 2697 6376
F 2123 2167 6276
F 2123 6276 6226
F 2078 2123 6226
F 2167 2210 6276
F 6760 4125 6761
F 6761 4125 6694
F 6757 4113 6758
F 4113 6757 6690
F 6277 2306 2253
F 2306 6278 6328
F 6278 2306 6277
F 6378 2566 6328
F 2566 6327 6328
F 3541 6527 6528
F 4117 4118 6692
F 4116 4117 6691
F 6757 4110 6690
F 4110 6757 6756
F 4107 6689 4106
F 4083 6750 6749
F 6682 4083 6749
F 4090 4091 6684
F 4092 4093 6685
F 4091 4092 6685
F 4065 4066 6678
F 6745 4065 6678
F 4065 6745 6744
F 4064 4065 6744
F 4098 6753 6686
F 4098 6754 6753
F 6754 4098 4099
F 6687 6754 4099
F 4093 4094 6685
F 6685 4094 6752
F 4094 4095 6752
F 4095 4096 6686
F 2209 2166 6277
F 2166 6278 6277
F 2166 6228 6278
F 2166 2122 6228
F 3801 6628 6627
F 6628 6695 4061
F 1574 6128 6127
F 6128 1574 1509
F 1119 6027 1184
F 6027 1119 1054
F 5927 729 664
F 794 729 5927
F 136 135 5775
F 137 136 5775
F 138 137 5775
F 139 138 5775
F 120 119 5770
F 119 118 5770
F 130 129 5773
F 131 130 5773
F 144 143 5777
F 144 5778 5828
F 5827 144 5828
F 144 5777 5778
F 209 144 5827
F 141 140 5776
F 70 1733 26
F 1733 1734 26
F 1733 70 1732
F 1904 1850 63
F 1903 1904 1955
F 1904 63 62
F 1955 1904 62
F 1575 1640 6126
F 1510 1575 6126
F 45 38 10
F 38 45 16
F 10 38 11
F 38 16 15
F 13 38 15
F 38 12 11
F 38 13 12
F 2099 76 2054
F 78 76 16
F 75 76 2099
F 76 75 16
F 4082 6682 4081
F 4082 4083 6682
F 60 30 0
F 30 60 61
F 31 30 61
F 4074 4075 6680
F 4074 6680 4073
F 2567 6376 2502
F 2567 2632 6376
F 2210 2254 6276
F 2254 6326 6276
F 6326 2254 2307
F 4126 4061 6694
F 4125 4126 6694
F 6628 3996 6627
F 3996 6628 4061
F 6758 4114 6691
F 4113 4114 6758
F 4112 4113 6690
F 6377 2761 2696
F 6377 2566 6378
F 6377 6378 2826
F 2761 6377 2826
F 6327 2371 6328
F 2371 2306 6328
F 2566 2501 6327
F 3866 3801 6627
F 3801 3736 6577
F 3606 3541 6577
F 6477 3216 3151
F 3216 6477 3281
F 3281 6477 6478
F 6428 6427 2826
F 3021 6427 6428
F 6688 4105 4106
F 4115 4116 6691
F 4114 4115 6691
F 4102 6688 6755
F 6754 4102 6755
F 4102 6687 4101
F 6687 4102 6754
F 6689 4109 6756
F 4109 4110 6756
F 4110 4111 6690
F 4111 4112 6690
F 4084 6683 6750
F 4083 4084 6750
F 4084 4085 6683
F 4089 4090 6684
F 4088 4089 6684
F 6687 4100 4101
F 4100 6687 4099
F 4096 4097 6686
F 4097 4098 6686
F 6228 6227 1982
F 2122 6227 6228
F 6578 3801 6577
F 6578 6628 3801
F 6578 3541 6528
F 3541 6578 6577
F 1639 1574 6127
F 1704 1639 6127
F 129 128 5773
F 5773 128 5772
F 128 127 5772
F 143 142 5776
F 142 141 5776
F 2098 2051 2052
F 67 2098 2052
F 2098 66 2143
F 66 2098 61
F 2098 67 61
F 76 2053 2054
F 2053 76 78
F 2053 78 2006
F 2 2279 2278
F 6693 6760 4121
F 2631 6377 2696
F 6377 2631 2566
F 3931 3866 6627
F 3996 3931 6627
F 3476 6527 3541
F 3736 3671 6577
F 3671 3606 6577
F 3346 3281 6528
F 6527 3346 6528
F 3086 6477 3151
F 6477 3086 6478
F 3086 6428 6478
F 3086 3021 6428
F 6427 2891 2826
F 2956 6427 3021
F 2956 2891 6427
F 4104 4105 6688
F 4107 4108 6689
F 4108 4109 6689
F 4086 4087 6683
F 4085 4086 6683
F 6227 2030 1982
F 1444 1379 6077
F 1379 1314 6077
F 989 5977 1054
F 469 404 5877
F 534 469 5877
F 30 1 0
F 2 1 30
F 1 2277 0
F 2277 1 2278
F 1 2 2278
F 2279 39 3
F 2 39 2279
F 3 39 34
F 39 30 31
F 39 2 30
F 39 29 34
F 39 31 29
F 6693 4122 4123
F 4122 6693 4121
F 4124 4125 6760
F 6693 4124 6760
F 4124 6693 4123
F 2436 2371 6327
F 2501 2436 6327
F 4102 4103 6688
F 4103 4104 6688
F 2077 2030 6227
F 2077 6227 2122
F 989 924 5977
F 5977 924 859
F 6692 4120 4121
F 3476 3411 6527
F 3411 3346 6527
F 4118 4119 6692
F 4119 4120 6692
F 5200 5266 5199
F 5266 5200 5267
F 5284 5216 5217
F 5216 5284 5283
F 5200 5268 5267
F 5268 5200 5201
F 8210 8276 8209
F 8276 8210 8277
F 4856 4790 4857
F 4790 4856 4789
F 4856 4857 4924
F 4923 4856 4924
F 4657 4591 4658
F 4591 4657 4590
F 4657 4589 4590
F 4589 4657 4656
F 4911 4843 4844
F 4843 4911 4910
F 4144 4210 4143
F 4210 4144 4211
F 5150 5151 5217
F 5217 5151 5218
F 5285 5284 5217
F 5285 5217 5218
F 6550 6501 6551
F 6501 6550 6500
F 6650 6601 6651
F 6601 6650 6600
F 6601 6550 6551
F 6550 6601 6600
F 7388 7320 7321
F 7320 7388 7387
F 7320 7254 7321
F 7254 7320 7253
F 7254 7186 7187
F 7186 7254 7253
F 7118 7184 7117
F 7184 7118 7185
F 7320 7252 7253
F 7252 7320 7319
F 7252 7186 7253
F 7186 7252 7185
F 7252 7184 7185
F 7184 7252 7251
F 7318 7252 7319
F 7252 7318 7251
F 5216 5149 5217
F 5149 5150 5217
F 5273 5339 5272
F 5339 5273 5340
F 6125 6176 6175
F 6176 6125 6126
F 6153 6152 6102
F 6103 6153 6102
F 6564 6614 6613
F 6563 6564 6613
F 6067 6118 6117
F 6118 6067 6068
F 8208 8276 8275
F 8276 8208 8209
F 8274 8208 8275
F 8208 8274 8207
F 6870 6802 6803
F 6802 6870 6869
F 8093 8159 8092
F 8093 8160 8159
F 8160 8093 8161
F 8093 8094 8161
F 4234 4167 4235
F 4167 4168 4235
F 4167 4234 4233
F 4166 4167 4233
F 4163 4229 4162
F 4229 4163 4230
F 4229 4161 4162
F 4161 4229 4228
F 4295 4229 4296
F 4229 4295 4228
F 4168 4169 4235
F 4169 4236 4235
F 4236 4169 4237
F 4169 4170 4237
F 4370 4304 4371
F 4303 4304 4370
F 4304 4236 4237
F 4304 4303 4236
F 5131 5063 5064
F 5131 5130 5063
F 5131 5198 5197
F 5130 5131 5197
F 4862 4863 4930
F 4862 4930 4929
F 4996 4997 5064
F 5063 4996 5064
F 4997 4996 4930
F 4930 4996 4929
F 4394 4461 4393
F 4461 4460 4393
F 4394 4326 4327
F 4326 4394 4393
F 4326 4260 4327
F 4260 4326 4259
F 4192 4260 4259
F 4260 4192 4193
F 4527 4459 4460
F 4459 4527 4526
F 4461 4527 4460
F 4527 4461 4528
F 4527 4593 4526
F 4593 4527 4594
F 4595 4527 4528
F 4527 4595 4594
F 4595 4661 4594
F 4661 4595 4662
F 4661 4593 4594
F 4593 4661 4660
F 4729 4661 4662
F 4661 4729 4728
F 5951 6001 5950
F 6001 6000 5950
F 4591 4523 4524
F 4523 4591 4590
F 4589 4523 4590
F 4523 4589 4522
F 4253 4185 4186
F 4185 4253 4252
F 4187 4253 4186
F 4253 4187 4254
F 4253 4321 4320
F 4253 4254 4321
F 4725 4659 4726
F 4659 4725 4658
F 4727 4661 4728
F 4661 4727 4660
F 4659 4727 4726
F 4727 4659 4660
F 4724 4657 4658
F 4725 4724 4658
F 5323 5391 5390
F 5391 5323 5324
F 5389 5323 5390
F 5323 5389 5322
F 4145 4212 4144
F 4144 4212 4211
F 4150 4151 4217
F 4151 4218 4217
F 4343 4409 4342
F 4409 4343 4410
F 5223 5289 5222
F 5289 5223 5290
F 5222 5289 5221
F 5289 5288 5221
F 5289 5355 5288
F 5355 5289 5356
F 5423 5355 5356
F 5355 5423 5422
F 8302 8301 8234
F 8235 8302 8234
F 8302 8235 8236
F 8303 8302 8236
F 8238 8304 8237
F 8304 8238 8305
F 8304 8303 8236
F 8304 8236 8237
F 7710 7642 7643
F 7642 7710 7709
F 7847 7915 7914
F 7915 7847 7848
F 6650 6599 6600
F 6649 6599 6650
F 7454 7388 7455
F 7388 7454 7387
F 5350 5416 5349
F 5416 5350 5417
F 5145 5144 5077
F 5145 5077 5078
F 5335 5269 5336
F 5269 5335 5268
F 5610 5542 5543
F 5542 5610 5609
F 5341 5274 5342
F 5274 5275 5342
F 5274 5341 5340
F 5273 5274 5340
F 5274 5206 5207
F 5206 5274 5273
F 5863 5812 5813
F 5812 5863 5862
F 5755 5689 5756
F 5689 5755 5688
F 5549 5615 5548
F 5615 5549 5616
F 5481 5549 5548
F 5549 5481 5482
F 5871 5820 5821
F 5820 5871 5870
F 5683 5615 5616
F 5615 5683 5682
F 2463 2464 2528
F 2464 2529 2528
F 7157 7225 7224
F 7225 7157 7158
F 6786 6854 6853
F 6854 6786 6787
F 6556 6605 6555
F 6605 6556 6606
F 6152 6203 6202
F 6153 6203 6152
F 5861 5810 5811
F 5810 5861 5860
F 5861 5812 5862
F 5812 5861 5811
F 5911 5861 5912
F 5861 5862 5912
F 7524 7590 7523
F 7590 7524 7591
F 7456 7524 7523
F 7524 7456 7457
F 6801 6733 6734
F 6733 6801 6800
F 6735 6801 6734
F 6801 6735 6802
F 6655 6605 6606
F 6656 6655 6606
F 6652 6720 6719
F 6720 6652 6653
F 6786 6720 6787
F 6720 6786 6719
F 6720 6653 6654
F 6721 6720 6654
F 6787 6720 6788
F 6720 6721 6788
F 7006 6940 7007
F 6940 7006 6939
F 6940 7008 7007
F 7008 6940 6941
F 7210 7277 7209
F 7277 7276 7209
F 7211 7277 7210
F 7277 7211 7278
F 7197 7265 7264
F 7265 7197 7198
F 7197 7131 7198
F 7131 7197 7130
F 7134 7066 7067
F 7066 7134 7133
F 7134 7068 7135
F 7068 7134 7067
F 7274 7206 7207
F 7206 7274 7273
F 7274 7340 7273
F 7340 7274 7341
F 7340 7272 7273
F 7272 7340 7339
F 7547 7479 7480
F 7479 7547 7546
F 7483 7549 7482
F 7549 7483 7550
F 7746 7814 7813
F 7814 7746 7747
F 7745 7746 7812
F 7746 7813 7812
F 7604 7538 7605
F 7538 7604 7537
F 7541 7607 7540
F 7607 7541 7608
F 7473 7541 7540
F 7541 7473 7474
F 8012 7946 8013
F 7946 8012 7945
F 8080 8012 8013
F 8079 8012 8080
F 7944 8012 8011
F 8012 7944 7945
F 8012 8078 8011
F 8078 8012 8079
F 8078 8144 8077
F 8144 8078 8145
F 8077 8144 8076
F 8144 8143 8076
F 8159 8158 8092
F 8158 8091 8092
F 8226 8158 8159
F 8158 8226 8225
F 7894 7960 7893
F 7960 7894 7961
F 7894 7962 7961
F 7962 7894 7895
F 7826 7894 7893
F 7894 7826 7827
F 7490 7424 7491
F 7424 7490 7423
F 8028 7960 7961
F 7960 8028 8027
F 7962 8028 7961
F 8028 7962 8029
F 8026 7960 8027
F 7960 8026 7959
F 8093 8026 8094
F 8094 8026 8027
F 8146 8078 8079
F 8078 8146 8145
F 8212 8146 8213
F 8146 8212 8145
F 8212 8280 8279
F 8280 8212 8213
F 4236 4302 4235
F 4303 4302 4236
F 4302 4303 4370
F 4369 4302 4370
F 4159 4226 4225
F 4158 4159 4225
F 4295 4227 4228
F 4227 4295 4294
F 4227 4161 4228
F 4161 4227 4160
F 4159 4227 4226
F 4227 4159 4160
F 4227 4293 4226
F 4293 4227 4294
F 4232 4165 4166
F 4232 4166 4233
F 4565 4499 4566
F 4499 4565 4498
F 4431 4499 4498
F 4499 4431 4432
F 4566 4499 4567
F 4499 4500 4567
F 4171 4238 4170
F 4170 4238 4237
F 4372 4373 4439
F 4439 4373 4440
F 5062 4996 5063
F 4996 5062 4995
F 4994 5062 5061
F 5062 4994 4995
F 5130 5062 5063
F 5129 5062 5130
F 5196 5130 5197
F 5196 5129 5130
F 5262 5196 5263
F 5196 5262 5195
F 5128 5062 5129
F 5062 5128 5061
F 5128 5196 5195
F 5196 5128 5129
F 5194 5128 5195
F 5128 5194 5127
F 5262 5194 5195
F 5194 5262 5261
F 5331 5399 5398
F 5399 5331 5332
F 5196 5264 5263
F 5264 5196 5197
F 5265 5264 5198
F 5198 5264 5197
F 5264 5265 5332
F 5331 5264 5332
F 4795 4727 4728
F 4727 4795 4794
F 4729 4795 4728
F 4795 4729 4796
F 4863 4795 4796
F 4862 4795 4863
F 4191 4192 4259
F 4191 4259 4258
F 4259 4325 4258
F 4326 4325 4259
F 4525 4459 4526
F 4525 4458 4459
F 6001 6050 6000
F 6050 6001 6051
F 6101 6050 6051
F 6050 6101 6100
F 6147 6198 6197
F 6198 6147 6148
F 4848 4916 4915
F 4916 4848 4849
F 4455 4523 4522
F 4523 4455 4456
F 4792 4724 4725
F 4724 4792 4791
F 4657 4723 4656
F 4724 4723 4657
F 4723 4724 4791
F 4790 4723 4791
F 5667 5734 5733
F 5666 5667 5733
F 5599 5667 5666
F 5667 5599 5600
F 5599 5533 5600
F 5533 5599 5532
F 5531 5599 5598
F 5599 5531 5532
F 5399 5465 5398
F 5465 5399 5466
F 5465 5533 5532
F 5533 5465 5466
F 5531 5465 5532
F 5465 5531 5464
F 5255 5254 5188
F 5188 5254 5187
F 5251 5185 5252
F 5185 5251 5184
F 5251 5183 5184
F 5183 5251 5250
F 5319 5251 5252
F 5251 5319 5318
F 5250 5251 5317
F 5251 5318 5317
F 5727 5726 5660
F 5726 5659 5660
F 5260 5194 5261
F 5194 5260 5193
F 5395 5461 5394
F 5461 5395 5462
F 5530 5463 5464
F 5531 5530 5464
F 5392 5391 5324
F 5325 5392 5324
F 5788 5787 5721
F 5787 5720 5721
F 4834 4766 4767
F 4766 4834 4833
F 4899 4832 4833
F 4900 4899 4833
F 4832 4765 4833
F 4765 4766 4833
F 4766 4765 4699
F 4765 4698 4699
F 4553 4620 4619
F 4552 4553 4619
F 5428 5496 5495
F 5496 5428 5429
F 5292 5293 5359
F 5293 5360 5359
F 5632 5566 5633
F 5566 5632 5565
F 5771 5703 5704
F 5703 5771 5770
F 5249 5183 5250
F 5183 5249 5182
F 5316 5249 5317
F 5249 5250 5317
F 4213 4145 4146
F 4213 4212 4145
F 4147 4213 4146
F 4213 4147 4214
F 5202 5268 5201
F 5202 5269 5268
F 5134 5202 5201
F 5202 5134 5135
F 5200 5134 5201
F 5133 5134 5200
F 5134 5068 5135
F 5068 5134 5067
F 4477 4409 4410
F 4409 4477 4476
F 4477 4544 4543
F 4476 4477 4543
F 4414 4482 4481
F 4482 4414 4415
F 4278 4210 4211
F 4210 4278 4277
F 4466 4400 4467
F 4400 4466 4399
F 4605 4539 4606
F 4539 4605 4538
F 5084 5151 5150
F 5084 5150 5083
F 4882 4816 4883
F 4816 4882 4815
F 5084 5152 5151
F 5152 5084 5085
F 5151 5152 5218
F 5152 5219 5218
F 5220 5152 5153
F 5152 5220 5219
F 5086 5152 5085
F 5152 5086 5153
F 5084 5018 5085
F 5018 5084 5017
F 5018 5086 5085
F 5086 5018 5019
F 5158 5090 5091
F 5090 5158 5157
F 5154 5220 5153
F 5220 5154 5221
F 5154 5222 5221
F 5154 5155 5222
F 5156 5223 5222
F 5155 5156 5222
F 5558 5492 5559
F 5492 5558 5491
F 5623 5689 5622
F 5689 5623 5690
F 5624 5623 5557
F 5557 5623 5556
F 5691 5623 5624
F 5623 5691 5690
F 5358 5291 5359
F 5291 5292 5359
F 5357 5423 5356
F 5423 5357 5424
F 5357 5289 5290
F 5289 5357 5356
F 5357 5291 5358
F 5291 5357 5290
F 5489 5490 5556
F 5490 5557 5556
F 5558 5490 5491
F 5490 5558 5557
F 5490 5489 5422
F 5423 5490 5422
F 5490 5423 5424
F 5490 5424 5491
F 5284 5351 5283
F 5351 5350 5283
F 8235 8168 8236
F 8168 8169 8236
F 8300 8233 8301
F 8301 8233 8234
F 8296 8230 8297
F 8230 8296 8229
F 8230 8298 8297
F 8230 8231 8298
F 7969 7970 8037
F 8036 7969 8037
F 8035 7969 8036
F 7969 8035 7968
F 8035 8103 8102
F 8103 8035 8036
F 7968 8035 7967
F 8035 8034 7967
F 8034 8033 7967
F 8033 7966 7967
F 8236 8170 8237
F 8169 8170 8236
F 8103 8170 8102
F 8170 8169 8102
F 7500 7568 7567
F 7568 7500 7501
F 8245 8313 8312
F 8313 8245 8246
F 8311 8245 8312
F 8245 8311 8244
F 7846 7847 7914
F 7913 7846 7914
F 7975 8041 7974
F 8041 7975 8042
F 8321 8320 8253
F 8254 8321 8253
F 8255 8321 8254
F 8321 8255 8322
F 8255 8323 8322
F 8323 8255 8256
F 7991 7990 7923
F 7924 7991 7923
F 6501 6450 6451
F 6450 6501 6500
F 6450 6401 6451
F 6401 6450 6400
F 6351 6401 6350
F 6401 6400 6350
F 6250 6201 6251
F 6201 6250 6200
F 6101 6150 6100
F 6150 6101 6151
F 6150 6201 6200
F 6201 6150 6151
F 6549 6550 6600
F 6599 6549 6600
F 6597 6598 6647
F 6647 6598 6648
F 6549 6598 6548
F 6598 6549 6599
F 6598 6599 6649
F 6598 6649 6648
F 6718 6650 6651
F 6718 6717 6650
F 6591 6640 6590
F 6640 6591 6641
F 6640 6641 6708
F 6707 6640 6708
F 7118 7119 7185
F 7119 7186 7185
F 7186 7119 7187
F 7119 7120 7187
F 7120 7119 7053
F 7053 7119 7052
F 6985 6986 7053
F 6985 7053 7052
F 6986 6985 6919
F 6985 6918 6919
F 6918 6852 6919
F 6851 6852 6918
F 7719 7787 7786
F 7787 7719 7720
F 7718 7719 7785
F 7719 7786 7785
F 7924 7856 7857
F 7856 7924 7923
F 7856 7790 7857
F 7790 7856 7789
F 7722 7790 7789
F 7790 7722 7723
F 7386 7320 7387
F 7320 7386 7319
F 7515 7514 7448
F 7448 7514 7447
F 5496 5563 5495
F 5563 5562 5495
F 5366 5367 5434
F 5433 5366 5434
F 5501 5433 5434
F 5501 5500 5433
F 5481 5413 5414
F 5413 5481 5480
F 5345 5413 5412
F 5413 5345 5346
F 5145 5211 5144
F 5211 5145 5212
F 5415 5481 5414
F 5481 5415 5482
F 5349 5415 5348
F 5416 5415 5349
F 5347 5413 5346
F 5413 5347 5414
F 5415 5347 5348
F 5347 5415 5414
F 5345 5279 5346
F 5279 5345 5278
F 5279 5211 5212
F 5211 5279 5278
F 5279 5347 5346
F 5347 5279 5280
F 5280 5279 5213
F 5213 5279 5212
F 6053 6054 6104
F 6103 6053 6104
F 5403 5335 5336
F 5335 5403 5402
F 5268 5334 5267
F 5335 5334 5268
F 5266 5334 5333
F 5334 5266 5267
F 5334 5335 5402
F 5401 5334 5402
F 5400 5334 5401
F 5334 5400 5333
F 5601 5534 5535
F 5602 5601 5535
F 5337 5403 5336
F 5403 5337 5404
F 5345 5277 5278
F 5277 5345 5344
F 5277 5211 5278
F 5211 5277 5210
F 5277 5209 5210
F 5209 5277 5276
F 5277 5343 5276
F 5343 5277 5344
F 5275 5343 5342
F 5276 5343 5275
F 5343 5409 5342
F 5409 5343 5410
F 5205 5273 5272
F 5205 5206 5273
F 5742 5810 5809
F 5810 5742 5743
F 5742 5676 5743
F 5676 5742 5675
F 6206 6155 6156
F 6155 6206 6205
F 6155 6106 6156
F 6106 6155 6105
F 5861 5910 5860
F 5910 5861 5911
F 5747 5679 5680
F 5679 5747 5746
F 5913 5964 5963
F 5964 5913 5914
F 5863 5913 5862
F 5862 5913 5912
F 6023 5972 5973
F 5972 6023 6022
F 6370 6421 6420
F 6421 6370 6371
F 6218 6169 6219
F 6169 6218 6168
F 5822 5871 5821
F 5822 5872 5871
F 5873 5822 5823
F 5872 5822 5873
F 5754 5822 5821
F 5822 5754 5755
F 5822 5755 5756
F 5822 5756 5823
F 5923 5874 5924
F 5874 5923 5873
F 5874 5873 5823
F 5824 5874 5823
F 5757 5689 5690
F 5689 5757 5756
F 5691 5757 5690
F 5757 5691 5758
F 5757 5824 5823
F 5756 5757 5823
F 5621 5689 5688
F 5689 5621 5622
F 5867 5918 5917
F 5918 5867 5868
F 5618 5619 5686
F 5618 5686 5685
F 5553 5552 5486
F 5552 5485 5486
F 5484 5552 5551
F 5552 5484 5485
F 5618 5552 5619
F 5552 5618 5551
F 5975 6026 6025
F 6026 5975 5976
F 6075 6124 6074
F 6124 6075 6125
F 6125 6075 6126
F 6075 6076 6126
F 6026 6075 6025
F 6075 6026 6076
F 6174 6125 6175
F 6174 6124 6125
F 5872 5922 5871
F 5871 5922 5921
F 5972 5922 5973
F 5922 5923 5973
F 5923 5922 5873
F 5922 5872 5873
F 5693 5761 5760
F 5761 5693 5694
F 5691 5759 5758
F 5759 5691 5692
F 5693 5759 5692
F 5759 5693 5760
F 2711 2776 2775
F 2710 2711 2775
F 6576 6626 6625
F 6575 6576 6625
F 6372 6421 6371
F 6421 6372 6422
F 6525 6526 6575
F 6526 6576 6575
F 7356 7424 7423
F 7424 7356 7357
F 7356 7289 7357
F 7289 7290 7357
F 7226 7225 7158
F 7159 7226 7158
F 7088 7156 7155
F 7156 7088 7089
F 7156 7157 7224
F 7156 7224 7223
F 7500 7566 7499
F 7566 7500 7567
F 7901 7969 7968
F 7969 7901 7902
F 7057 6991 7058
F 6991 7057 6990
F 6603 6652 6602
F 6652 6603 6653
F 6552 6603 6602
F 6603 6552 6553
F 6554 6505 6555
F 6505 6554 6504
F 6552 6503 6553
F 6503 6552 6502
F 6554 6503 6504
F 6503 6554 6553
F 6452 6503 6502
F 6503 6452 6453
F 6503 6453 6454
F 6503 6454 6504
F 6361 6410 6360
F 6410 6361 6411
F 6454 6455 6504
F 6455 6505 6504
F 6455 6506 6505
F 6506 6455 6456
F 6506 6556 6555
F 6505 6506 6555
F 6457 6506 6456
F 6506 6457 6507
F 6460 6409 6410
F 6409 6460 6459
F 6460 6509 6459
F 6509 6460 6510
F 6509 6559 6558
F 6508 6509 6558
F 6509 6510 6560
F 6559 6509 6560
F 6557 6506 6507
F 6506 6557 6556
F 6557 6508 6558
F 6508 6557 6507
F 6556 6557 6606
F 6557 6607 6606
F 6252 6253 6302
F 6302 6253 6303
F 6203 6253 6202
F 6253 6252 6202
F 6055 6106 6105
F 6106 6055 6056
F 6054 6055 6104
F 6055 6105 6104
F 5903 5852 5853
F 5852 5903 5902
F 5903 5952 5902
F 5952 5903 5953
F 6007 5958 6008
F 5958 6007 5957
F 5967 6016 5966
F 6016 5967 6017
F 5915 5964 5914
F 5964 5915 5965
F 7006 7005 6939
F 6939 7005 6938
F 7072 7005 7073
F 7005 7006 7073
F 7142 7208 7141
F 7208 7142 7209
F 7008 7074 7007
F 7074 7008 7075
F 7006 7074 7073
F 7074 7006 7007
F 7074 7142 7141
F 7142 7074 7075
F 6673 6672 6622
F 6673 6622 6623
F 6676 6742 6675
F 6742 6676 6743
F 6626 6676 6625
F 6676 6675 6625
F 6942 7008 6941
F 7008 6942 7009
F 6519 6468 6469
F 6468 6519 6518
F 6468 6419 6469
F 6419 6468 6418
F 6119 6169 6168
F 6118 6119 6168
F 6119 6118 6068
F 6069 6119 6068
F 6310 6361 6360
F 6361 6310 6311
F 6059 6060 6110
F 6109 6059 6110
F 5913 5962 5912
F 5962 5913 5963
F 8274 8206 8207
F 8273 8206 8274
F 8269 8202 8270
F 8270 8202 8203
F 7524 7592 7591
F 7592 7524 7525
F 7188 7189 7255
F 7255 7189 7256
F 7458 7524 7457
F 7524 7458 7525
F 6991 7059 7058
F 7059 6991 6992
F 8193 8261 8260
F 8261 8193 8194
F 8127 8193 8126
F 8193 8127 8194
F 8199 8267 8266
F 8267 8199 8200
F 8265 8199 8266
F 8199 8265 8198
F 8199 8131 8132
F 8131 8199 8198
F 8195 8261 8194
F 8261 8195 8262
F 8127 8195 8194
F 8195 8127 8128
F 8195 8263 8262
F 8263 8195 8196
F 8129 8195 8128
F 8195 8129 8196
F 8197 8131 8198
F 8131 8197 8130
F 8265 8197 8198
F 8197 8265 8264
F 8129 8197 8196
F 8197 8129 8130
F 8197 8263 8196
F 8263 8197 8264
F 8059 8060 8126
F 8060 8127 8126
F 7929 7995 7928
F 7995 7929 7996
F 7725 7791 7724
F 7791 7725 7792
F 7861 7929 7928
F 7929 7861 7862
F 7927 7995 7994
F 7995 7927 7928
F 7927 7861 7928
F 7861 7927 7860
F 7927 7859 7860
F 7859 7927 7926
F 7858 7859 7925
F 7925 7859 7926
F 7859 7791 7792
F 7791 7859 7858
F 7793 7859 7792
F 7859 7793 7860
F 6568 6617 6567
F 6617 6568 6618
F 6666 6732 6665
F 6732 6666 6733
F 6615 6666 6665
F 6666 6615 6616
F 6617 6566 6567
F 6566 6617 6616
F 6872 6940 6939
F 6940 6872 6873
F 6804 6736 6737
F 6736 6804 6803
F 6802 6736 6803
F 6735 6736 6802
F 6799 6731 6732
F 6731 6799 6798
F 6799 6733 6800
F 6799 6732 6733
F 6867 6799 6800
F 6799 6867 6866
F 7079 7145 7078
F 7145 7079 7146
F 7079 7147 7146
F 7147 7079 7080
F 7283 7349 7282
F 7349 7283 7350
F 7483 7415 7416
F 7415 7483 7482
F 7265 7332 7264
F 7332 7331 7264
F 6995 7063 7062
F 7063 6995 6996
F 7276 7275 7209
F 7275 7208 7209
F 7275 7274 7207
F 7208 7275 7207
F 7476 7544 7543
F 7544 7476 7477
F 7410 7476 7409
F 7476 7410 7477
F 7205 7139 7206
F 7139 7205 7138
F 7205 7206 7273
F 7272 7205 7273
F 7345 7277 7278
F 7277 7345 7344
F 7746 7680 7747
F 7680 7746 7679
F 7742 7808 7741
F 7808 7742 7809
F 7538 7606 7605
F 7606 7538 7539
F 7607 7606 7540
F 7606 7539 7540
F 7606 7674 7673
F 7606 7607 7674
F 7746 7678 7679
F 7678 7746 7745
F 7810 7877 7809
F 7877 7876 7809
F 7944 7877 7945
F 7945 7877 7878
F 7879 7946 7945
F 7879 7945 7878
F 8228 8162 8229
F 8162 8228 8161
F 8228 8296 8295
F 8296 8228 8229
F 8033 7965 7966
F 7965 8033 8032
F 7963 7962 7895
F 7963 7895 7896
F 7828 7894 7827
F 7894 7828 7895
F 7895 7828 7896
F 7828 7829 7896
F 7487 7420 7488
F 7488 7420 7421
F 7420 7353 7354
F 7420 7354 7421
F 7486 7420 7487
F 7420 7486 7419
F 7225 7291 7224
F 7291 7225 7292
F 7224 7291 7223
F 7291 7290 7223
F 7489 7488 7421
F 7422 7489 7421
F 7490 7489 7423
F 7489 7422 7423
F 8094 8095 8161
F 8095 8162 8161
F 8095 8094 8027
F 8028 8095 8027
F 8095 8028 8029
F 8095 8029 8096
F 8091 8025 8092
F 8024 8025 8091
F 8026 8025 7959
F 8025 7958 7959
F 8025 8093 8092
F 8025 8026 8093
F 8157 8158 8225
F 8157 8225 8224
F 8223 8157 8224
F 8156 8157 8223
F 8154 8155 8221
F 8155 8222 8221
F 8155 8156 8223
F 8155 8223 8222
F 8226 8292 8225
F 8292 8226 8293
F 8225 8292 8224
F 8292 8291 8224
F 8223 8290 8222
F 8290 8289 8222
F 8290 8223 8224
F 8291 8290 8224
F 8210 8211 8277
F 8211 8278 8277
F 8144 8211 8143
F 8143 8211 8210
F 8278 8211 8279
F 8211 8212 8279
F 8211 8144 8145
F 8212 8211 8145
F 7882 7948 7881
F 7948 7882 7949
F 7814 7882 7881
F 7882 7814 7815
F 8222 8288 8221
F 8289 8288 8222
F 4505 4506 4573
F 4572 4505 4573
F 4505 4572 4571
F 4504 4505 4571
F 4224 4157 4158
F 4224 4158 4225
F 4221 4153 4154
F 4153 4221 4220
F 4155 4221 4154
F 4221 4155 4222
F 4289 4221 4222
F 4221 4289 4288
F 4357 4289 4290
F 4289 4357 4356
F 4163 4231 4230
F 4231 4163 4164
F 4165 4231 4164
F 4232 4231 4165
F 4766 4700 4767
F 4700 4766 4699
F 4300 4232 4233
F 4232 4300 4299
F 4499 4433 4500
F 4433 4499 4432
F 4433 4501 4500
F 4501 4433 4434
F 4640 4572 4573
F 4640 4639 4572
F 4572 4638 4571
F 4639 4638 4572
F 4839 4905 4838
F 4905 4839 4906
F 4771 4839 4838
F 4839 4771 4772
F 4909 4843 4910
F 4909 4842 4843
F 4304 4305 4371
F 4305 4372 4371
F 4305 4373 4372
F 4373 4305 4306
F 4305 4304 4237
F 4238 4305 4237
F 4442 4374 4375
F 4374 4442 4441
F 4374 4441 4440
F 4373 4374 4440
F 4239 4305 4238
F 4305 4239 4306
F 4239 4171 4172
F 4239 4238 4171
F 4173 4239 4172
F 4239 4173 4240
F 5057 5123 5056
F 5123 5057 5124
F 4989 5057 5056
F 5057 4989 4990
F 5189 5121 5122
F 5121 5189 5188
F 4991 4923 4924
F 4991 4990 4923
F 4925 4991 4924
F 4991 4925 4992
F 4993 4927 4994
F 4927 4993 4926
F 4925 4993 4992
F 4993 4925 4926
F 4792 4858 4791
F 4858 4792 4859
F 4790 4858 4857
F 4858 4790 4791
F 4925 4858 4926
F 4858 4859 4926
F 4857 4858 4924
F 4858 4925 4924
F 4928 4996 4995
F 4996 4928 4929
F 4994 4928 4995
F 4927 4928 4994
F 4255 4187 4188
F 4187 4255 4254
F 4189 4255 4188
F 4255 4189 4256
F 4191 4257 4190
F 4257 4191 4258
F 4257 4189 4190
F 4189 4257 4256
F 4592 4593 4660
F 4659 4592 4660
F 4591 4592 4658
F 4592 4659 4658
F 4593 4592 4526
F 4592 4525 4526
F 4592 4591 4524
F 4525 4592 4524
F 6150 6099 6100
F 6099 6150 6149
F 6150 6199 6149
F 6199 6150 6200
F 6250 6199 6200
F 6199 6250 6249
F 6199 6198 6148
F 6199 6148 6149
F 6596 6597 6647
F 6646 6596 6647
F 6439 6489 6488
F 6438 6439 6488
F 4319 4387 4386
F 4387 4319 4320
F 4253 4319 4252
F 4319 4253 4320
F 4177 4243 4176
F 4243 4177 4244
F 4308 4376 4375
F 4376 4308 4309
F 4709 4641 4642
F 4709 4708 4641
F 4442 4508 4441
F 4508 4442 4509
F 5047 5113 5046
F 5113 5047 5114
F 4980 5047 4979
F 5047 5046 4979
F 5181 5115 5182
F 5115 5181 5114
F 5115 5183 5182
F 5115 5116 5183
F 4655 4589 4656
F 4655 4588 4589
F 4521 4455 4522
F 4455 4521 4454
F 4589 4521 4522
F 4588 4521 4589
F 4521 4453 4454
F 4453 4521 4520
F 4387 4453 4386
F 4453 4387 4454
F 4321 4388 4320
F 4388 4387 4320
F 4387 4388 4454
F 4388 4455 4454
F 4455 4388 4456
F 4388 4389 4456
F 4727 4793 4726
F 4793 4727 4794
F 4793 4725 4726
F 4793 4792 4725
F 5801 5800 5734
F 5734 5800 5733
F 6000 5949 5950
F 5999 5949 6000
F 5948 5949 5998
F 5949 5999 5998
F 5319 5386 5318
F 5386 5385 5318
F 5120 5188 5187
F 5120 5121 5188
F 5395 5396 5462
F 5396 5463 5462
F 5259 5191 5192
F 5191 5259 5258
F 5259 5192 5193
F 5260 5259 5193
F 5327 5395 5394
F 5395 5327 5328
F 5327 5260 5261
F 5327 5261 5328
F 5460 5392 5393
F 5392 5460 5459
F 5461 5460 5394
F 5394 5460 5393
F 5665 5666 5733
F 5732 5665 5733
F 5665 5599 5666
F 5599 5665 5598
F 5665 5732 5731
F 5664 5665 5731
F 5597 5665 5664
F 5665 5597 5598
F 5597 5663 5596
F 5663 5597 5664
F 5597 5531 5598
F 5597 5530 5531
F 5787 5786 5720
F 5720 5786 5719
F 5786 5837 5836
F 5837 5786 5787
F 5718 5651 5719
F 5651 5652 5719
F 5651 5585 5652
F 5585 5651 5584
F 5586 5585 5519
F 5519 5585 5518
F 5585 5517 5518
F 5585 5584 5517
F 6029 5978 5979
F 5978 6029 6028
F 5789 5788 5721
F 5722 5789 5721
F 5789 5722 5723
F 5789 5723 5790
F 5886 5936 5885
F 5936 5935 5885
F 5887 5936 5886
F 5936 5887 5937
F 5938 5887 5888
F 5887 5938 5937
F 5837 5887 5836
F 5887 5886 5836
F 5789 5838 5788
F 5838 5789 5839
F 5838 5887 5837
F 5887 5838 5888
F 5838 5787 5788
F 5838 5837 5787
F 5038 5104 5037
F 5104 5038 5105
F 4759 4827 4826
F 4827 4759 4760
F 4761 4827 4760
F 4827 4761 4828
F 4831 4765 4832
F 4765 4831 4764
F 4899 4831 4832
F 4831 4899 4898
F 4831 4763 4764
F 4763 4831 4830
F 4911 4977 4910
F 4978 4977 4911
F 5113 5045 5046
F 5045 5113 5112
F 5045 4977 4978
F 4977 5045 5044
F 5046 5045 4979
F 5045 4978 4979
F 4363 4295 4296
F 4363 4362 4295
F 4755 4821 4754
F 4821 4755 4822
F 4687 4755 4754
F 4755 4687 4688
F 4620 4687 4619
F 4687 4686 4619
F 4686 4687 4753
F 4687 4754 4753
F 4758 4692 4759
F 4692 4758 4691
F 4759 4692 4760
F 4692 4693 4760
F 4621 4687 4620
F 4687 4621 4688
F 4553 4621 4620
F 4621 4553 4554
F 4758 4690 4691
F 4690 4758 4757
F 4624 4690 4623
F 4690 4624 4691
F 4289 4355 4288
F 4355 4289 4356
F 4355 4423 4422
F 4423 4355 4356
F 4551 4552 4619
F 4618 4551 4619
F 4549 4615 4548
F 4615 4549 4616
F 4549 4482 4483
F 4550 4549 4483
F 4482 4549 4481
F 4549 4548 4481
F 4755 4823 4822
F 4823 4755 4756
F 4824 4823 4757
F 4823 4756 4757
F 5159 5158 5091
F 5159 5091 5092
F 5161 5094 5162
F 5094 5095 5162
F 4891 4823 4824
F 4823 4891 4890
F 4825 4824 4757
F 4758 4825 4757
F 4825 4758 4759
F 4825 4759 4826
F 4825 4891 4824
F 4891 4825 4892
F 4897 4831 4898
F 4831 4897 4830
F 5371 5437 5370
F 5437 5371 5438
F 5766 5765 5698
F 5766 5698 5699
F 5700 5632 5633
F 5632 5700 5699
F 5700 5766 5699
F 5766 5700 5767
F 5701 5700 5634
F 5700 5633 5634
F 5700 5768 5767
F 5768 5700 5701
F 5499 5566 5565
F 5498 5499 5565
F 5710 5644 5711
F 5644 5710 5643
F 5710 5642 5643
F 5642 5710 5709
F 4419 4351 4352
F 4351 4419 4418
F 4147 4215 4214
F 4215 4147 4148
F 4286 4353 4285
F 4285 4353 4352
F 4221 4287 4220
F 4287 4221 4288
F 4153 4219 4152
F 4219 4153 4220
F 4151 4219 4218
F 4219 4151 4152
F 4287 4219 4220
F 4219 4287 4286
F 4219 4286 4285
F 4219 4285 4218
F 4492 4425 4426
F 4493 4492 4426
F 4492 4493 4560
F 4559 4492 4560
F 4491 4492 4558
F 4492 4559 4558
F 4486 4553 4552
F 4485 4486 4552
F 4553 4486 4554
F 4486 4487 4554
F 4419 4486 4418
F 4486 4485 4418
F 4800 4868 4867
F 4868 4800 4801
F 4600 4668 4667
F 4668 4600 4601
F 4128 4194 4127
F 4194 4128 4195
F 4199 4132 4200
F 4132 4133 4200
F 4128 4196 4195
F 4196 4128 4129
F 4130 4196 4129
F 4196 4130 4197
F 4198 4132 4199
F 4132 4198 4131
F 4130 4198 4197
F 4198 4130 4131
F 4462 4530 4529
F 4530 4462 4463
F 4196 4262 4195
F 4262 4196 4263
F 4262 4194 4195
F 4194 4262 4261
F 4262 4328 4261
F 4328 4262 4329
F 4462 4396 4463
F 4396 4462 4395
F 4396 4328 4329
F 4328 4396 4395
F 4332 4398 4331
F 4398 4332 4399
F 4198 4264 4197
F 4264 4198 4265
F 4196 4264 4263
F 4264 4196 4197
F 4264 4332 4331
F 4332 4264 4265
F 4330 4396 4329
F 4396 4330 4397
F 4262 4330 4329
F 4330 4262 4263
F 4330 4264 4331
F 4264 4330 4263
F 4330 4398 4397
F 4398 4330 4331
F 4869 4803 4870
F 4869 4802 4803
F 4802 4869 4801
F 4869 4868 4801
F 5066 5134 5133
F 5134 5066 5067
F 4213 4279 4212
F 4279 4213 4280
F 4212 4279 4211
F 4279 4278 4211
F 4269 4336 4335
F 4268 4269 4335
F 4269 4337 4336
F 4337 4269 4270
F 4736 4670 4737
F 4670 4736 4669
F 4670 4738 4737
F 4738 4670 4671
F 4670 4604 4671
F 4604 4670 4603
F 4409 4341 4342
F 4341 4409 4408
F 4267 4201 4268
F 4201 4267 4200
F 4134 4201 4133
F 4133 4201 4200
F 4610 4677 4676
F 4609 4610 4676
F 4542 4610 4609
F 4610 4542 4543
F 4542 4609 4608
F 4541 4542 4608
F 4540 4474 4541
F 4474 4540 4473
F 4540 4541 4608
F 4540 4608 4607
F 4539 4540 4606
F 4606 4540 4607
F 4472 4540 4539
F 4540 4472 4473
F 4406 4472 4405
F 4472 4406 4473
F 4472 4539 4538
F 4471 4472 4538
F 4746 4814 4813
F 4747 4814 4746
F 4686 4685 4619
F 4685 4618 4619
F 4617 4549 4550
F 4549 4617 4616
F 4617 4551 4618
F 4551 4617 4550
F 4617 4685 4684
F 4685 4617 4618
F 4617 4683 4616
F 4683 4617 4684
F 4547 4614 4546
F 4614 4613 4546
F 4615 4614 4548
F 4614 4547 4548
F 5355 5287 5288
F 5287 5355 5354
F 5288 5287 5221
F 5287 5220 5221
F 4882 4950 4949
F 4950 4882 4883
F 4951 5018 5017
F 4950 4951 5017
F 5024 5023 4957
F 5023 4956 4957
F 5090 5023 5091
F 5091 5023 5024
F 5089 5023 5090
F 5023 5089 5022
F 5089 5090 5157
F 5156 5089 5157
F 5695 5761 5694
F 5761 5695 5762
F 5492 5560 5559
F 5560 5492 5493
F 5225 5293 5292
F 5293 5225 5226
F 5159 5225 5158
F 5225 5159 5226
F 5425 5492 5491
F 5424 5425 5491
F 5357 5425 5424
F 5425 5357 5358
F 5492 5425 5493
F 5425 5426 5493
F 5425 5358 5359
F 5426 5425 5359
F 5494 5560 5493
F 5560 5494 5561
F 5562 5494 5495
F 5494 5562 5561
F 5420 5352 5353
F 5352 5420 5419
F 5285 5352 5284
F 5352 5351 5284
F 5352 5418 5351
F 5418 5352 5419
F 5484 5418 5485
F 5418 5484 5417
F 5485 5418 5486
F 5418 5419 5486
F 5350 5418 5417
F 5351 5418 5350
F 8035 8101 8034
F 8101 8035 8102
F 8101 8033 8034
F 8033 8101 8100
F 8169 8101 8102
F 8168 8101 8169
F 8167 8101 8168
F 8101 8167 8100
F 8233 8167 8234
F 8167 8233 8166
F 8167 8235 8234
F 8167 8168 8235
F 7976 7975 7908
F 7976 7908 7909
F 8164 8232 8231
F 8232 8164 8165
F 8298 8232 8299
F 8231 8232 8298
F 8233 8232 8166
F 8166 8232 8165
F 8232 8300 8299
F 8232 8233 8300
F 7962 8030 8029
F 7963 8030 7962
F 8099 8033 8100
F 8033 8099 8032
F 8099 8167 8166
F 8167 8099 8100
F 8099 8166 8165
F 8098 8099 8165
F 8163 8095 8096
F 8095 8163 8162
F 8230 8163 8231
F 8163 8164 8231
F 8163 8230 8229
F 8162 8163 8229
F 8238 8306 8305
F 8239 8306 8238
F 8241 8240 8174
F 8174 8240 8173
F 8240 8308 8307
F 8308 8240 8241
F 8240 8306 8239
F 8306 8240 8307
F 7368 7434 7367
F 7434 7368 7435
F 7439 7506 7505
F 7438 7439 7505
F 7368 7369 7435
F 7435 7369 7436
F 7502 7434 7435
F 7434 7502 7501
F 7502 7435 7436
F 7503 7502 7436
F 7502 7568 7501
F 7502 7569 7568
F 7901 7835 7902
F 7835 7901 7834
F 7905 7837 7838
F 7837 7905 7904
F 7903 7971 7970
F 7971 7903 7904
F 7969 7903 7970
F 7903 7969 7902
F 7903 7837 7904
F 7837 7903 7836
F 7835 7903 7902
F 7903 7835 7836
F 7569 7635 7568
F 7635 7569 7636
F 7703 7635 7636
F 7635 7703 7702
F 7642 7575 7643
F 7575 7576 7643
F 7575 7641 7574
F 7641 7575 7642
F 7708 7776 7775
F 7776 7708 7709
F 7708 7642 7709
F 7708 7641 7642
F 7839 7771 7772
F 7771 7839 7838
F 7637 7703 7636
F 7703 7637 7704
F 7504 7503 7436
F 7437 7504 7436
F 7504 7438 7505
F 7504 7437 7438
F 7504 7572 7571
F 7572 7504 7505
F 7847 7780 7848
F 7780 7781 7848
F 7846 7780 7847
F 7780 7846 7779
F 7780 7714 7781
F 7714 7780 7713
F 7714 7782 7781
F 7782 7714 7715
F 7644 7710 7643
F 7644 7711 7710
F 7780 7712 7713
F 7712 7780 7779
F 7712 7645 7646
F 7713 7712 7646
F 7712 7644 7645
F 7644 7712 7711
F 8319 8252 8320
F 8320 8252 8253
F 8187 8255 8254
F 8255 8187 8188
F 8121 8187 8120
F 8187 8121 8188
F 8255 8189 8256
F 8189 8255 8188
F 8124 8125 8192
F 8124 8192 8191
F 8323 8257 8324
F 8257 8323 8256
F 8189 8257 8256
F 8257 8189 8190
F 7984 8050 7983
F 8050 7984 8051
F 8118 8050 8051
F 8050 8118 8117
F 7915 7981 7914
F 7982 7981 7915
F 7853 7787 7854
F 7787 7853 7786
F 7921 7853 7854
F 7853 7921 7920
F 7853 7852 7785
F 7786 7853 7785
F 6349 6298 6299
F 6298 6349 6348
F 6400 6349 6350
F 6399 6349 6400
F 6398 6349 6399
F 6349 6398 6348
F 6349 6300 6350
F 6300 6349 6299
F 6300 6301 6351
F 6300 6351 6350
F 6301 6300 6251
F 6300 6250 6251
F 6250 6300 6249
F 6300 6299 6249
F 6543 6593 6592
F 6543 6592 6542
F 6495 6446 6496
F 6446 6495 6445
F 6446 6497 6496
F 6497 6446 6447
F 6716 6649 6650
F 6717 6716 6650
F 7184 7183 7117
F 7183 7116 7117
F 6983 6915 6916
F 6915 6983 6982
F 7516 7515 7448
F 7516 7448 7449
F 7856 7788 7789
F 7855 7788 7856
F 7787 7788 7854
F 7788 7855 7854
F 7522 7454 7455
F 7522 7521 7454
F 7385 7318 7319
F 7386 7385 7319
F 7513 7579 7512
F 7579 7513 7580
F 7581 7514 7515
F 7581 7515 7582
F 7513 7581 7580
F 7581 7513 7514
F 5632 5631 5565
F 5565 5631 5564
F 5698 5631 5699
F 5631 5632 5699
F 5437 5369 5370
F 5369 5437 5436
F 5428 5362 5429
F 5361 5362 5428
F 5497 5565 5564
F 5497 5498 5565
F 5497 5563 5496
F 5563 5497 5564
F 5497 5496 5429
F 5430 5497 5429
F 5502 5568 5501
F 5568 5502 5569
F 5437 5503 5436
F 5503 5437 5504
F 5571 5503 5504
F 5503 5571 5570
F 5502 5503 5569
F 5569 5503 5570
F 5435 5369 5436
F 5369 5435 5368
F 5435 5503 5502
F 5503 5435 5436
F 5367 5435 5434
F 5368 5435 5367
F 5435 5501 5434
F 5435 5502 5501
F 5702 5703 5770
F 5769 5702 5770
F 5702 5768 5701
F 5768 5702 5769
F 5571 5637 5570
F 5637 5571 5638
F 5637 5705 5704
F 5705 5637 5638
F 5637 5569 5570
F 5637 5636 5569
F 5703 5637 5704
F 5636 5637 5703
F 5079 5012 5080
F 5012 5013 5080
F 5214 5146 5147
F 5146 5214 5213
F 5146 5213 5212
F 5145 5146 5212
F 5146 5145 5078
F 5079 5146 5078
F 5146 5079 5080
F 5147 5146 5080
F 5149 5082 5150
F 5150 5082 5083
F 5016 4950 5017
F 4950 5016 4949
F 5016 5084 5083
F 5084 5016 5017
F 5082 5016 5083
F 5016 5082 5015
F 5479 5413 5480
F 5413 5479 5412
F 5544 5610 5543
F 5544 5611 5610
F 5544 5545 5612
F 5611 5544 5612
F 4608 4675 4607
F 4675 4674 4607
F 4609 4675 4608
F 4675 4609 4676
F 4741 4675 4742
F 4675 4741 4674
F 4746 4812 4745
F 4812 4746 4813
F 4812 4744 4745
F 4812 4811 4744
F 4810 4878 4877
F 4878 4810 4811
F 5215 5149 5216
F 5149 5215 5148
F 5215 5214 5147
F 5215 5147 5148
F 4800 4734 4801
F 4734 4800 4733
F 6052 6103 6102
F 6052 6053 6103
F 5952 6003 6002
F 6003 5952 5953
F 6052 6003 6053
F 6003 6052 6002
F 6053 6003 6054
F 6054 6003 6004
F 5854 5903 5853
F 5903 5854 5904
F 5472 5406 5473
F 5406 5472 5405
F 5472 5404 5405
F 5472 5471 5404
F 5739 5806 5805
F 5738 5739 5805
F 5271 5205 5272
F 5205 5271 5204
F 5208 5274 5207
F 5274 5208 5275
F 5208 5209 5276
F 5208 5276 5275
F 6154 6203 6153
F 6203 6154 6204
F 6154 6153 6103
F 6154 6103 6104
F 6154 6155 6205
F 6154 6205 6204
F 6105 6154 6104
F 6155 6154 6105
F 5908 5958 5957
F 5908 5957 5907
F 5908 5909 5959
F 5958 5908 5959
F 5608 5542 5609
F 5608 5541 5542
F 5608 5676 5675
F 5676 5608 5609
F 5608 5540 5541
F 5540 5608 5607
F 5909 5960 5959
F 5910 5960 5909
F 5812 5745 5813
F 5745 5746 5813
F 6024 6075 6074
F 6075 6024 6025
F 6122 6171 6121
F 6171 6122 6172
F 6472 6523 6522
F 6523 6472 6473
F 6268 6217 6218
F 6217 6268 6267
F 6164 6113 6114
F 6113 6164 6163
F 5820 5753 5821
F 5753 5754 5821
F 5755 5687 5688
F 5754 5687 5755
F 5753 5687 5754
F 5687 5753 5686
F 5483 5549 5482
F 5483 5550 5549
F 5415 5483 5482
F 5483 5415 5416
F 5483 5484 5551
F 5550 5483 5551
F 5483 5416 5417
F 5484 5483 5417
F 5867 5818 5868
F 5818 5867 5817
F 5750 5818 5817
F 5818 5750 5751
F 5750 5683 5684
F 5751 5750 5684
F 6020 6071 6070
F 6071 6020 6021
F 5871 5920 5870
F 5920 5871 5921
F 5971 5922 5972
F 5922 5971 5921
F 5971 5972 6022
F 5971 6022 6021
F 5971 5920 5921
F 5920 5971 5970
F 6020 5971 6021
F 5971 6020 5970
F 6067 6018 6068
F 6018 6067 6017
F 5681 5747 5680
F 5681 5748 5747
F 5549 5617 5616
F 5550 5617 5549
F 5617 5683 5616
F 5683 5617 5684
F 5617 5550 5551
F 5618 5617 5551
F 5617 5618 5685
F 5684 5617 5685
F 2515 2449 2450
F 2449 2515 2514
F 5874 5925 5924
F 5925 5874 5875
F 5876 5925 5875
F 5925 5876 5926
F 5975 5925 5976
F 5976 5925 5926
F 5625 5691 5624
F 5691 5625 5692
F 5625 5624 5557
F 5558 5625 5557
F 5825 5874 5824
F 5874 5825 5875
F 5825 5757 5758
F 5757 5825 5824
F 2464 2530 2529
F 2465 2530 2464
F 2400 2465 2464
F 2400 2464 2399
F 2400 2401 2466
F 2465 2400 2466
F 2529 2593 2528
F 2594 2593 2529
F 2593 2659 2658
F 2659 2593 2594
F 2655 2721 2720
F 2721 2655 2656
F 2521 2522 2587
F 2521 2587 2586
F 2398 2464 2463
F 2464 2398 2399
F 6571 6620 6570
F 6620 6571 6621
F 1933 1934 1984
F 1983 1933 1984
F 7022 7088 7021
F 7088 7022 7089
F 3322 3388 3387
F 3388 3322 3323
F 7355 7422 7421
F 7354 7355 7421
F 7355 7289 7356
F 7289 7355 7288
F 7422 7355 7423
F 7355 7356 7423
F 7361 7293 7294
F 7293 7361 7360
F 7225 7293 7292
F 7226 7293 7225
F 7360 7428 7427
F 7361 7428 7360
F 7628 7627 7560
F 7561 7628 7560
F 7900 7968 7967
F 7900 7901 7968
F 6854 6920 6853
F 6921 6920 6854
F 6988 7054 6987
F 7054 6988 7055
F 6988 6920 6921
F 6920 6988 6987
F 6988 7056 7055
F 7056 6988 6989
F 6990 7056 6989
F 7057 7056 6990
F 6722 6721 6654
F 6655 6722 6654
F 6721 6722 6788
F 6722 6789 6788
F 6657 6656 6606
F 6607 6657 6606
F 6653 6604 6654
F 6603 6604 6653
F 6655 6604 6605
F 6604 6655 6654
F 6604 6603 6553
F 6554 6604 6553
F 6605 6604 6555
F 6604 6554 6555
F 6561 6611 6560
F 6560 6611 6610
F 6457 6406 6407
F 6406 6457 6456
F 6455 6406 6456
F 6406 6455 6405
F 6357 6406 6356
F 6406 6357 6407
F 6355 6406 6405
F 6356 6406 6355
F 6509 6458 6459
F 6458 6509 6508
F 6457 6458 6507
F 6458 6508 6507
F 6305 6354 6304
F 6354 6305 6355
F 6305 6254 6255
F 6254 6305 6304
F 6205 6254 6204
F 6254 6205 6255
F 6253 6254 6303
F 6254 6304 6303
F 6254 6203 6204
F 6254 6253 6203
F 6108 6059 6109
F 6059 6108 6058
F 6108 6109 6159
F 6158 6108 6159
F 5954 5903 5904
F 5903 5954 5953
F 6003 5954 6004
F 5954 6003 5953
F 6108 6057 6058
F 6057 6108 6107
F 6057 6106 6056
F 6106 6057 6107
F 6057 6007 6008
F 6057 6008 6058
F 6066 6067 6117
F 6116 6066 6117
F 6066 6016 6017
F 6067 6066 6017
F 5867 5866 5817
F 5866 5816 5817
F 6870 6937 6869
F 6937 6936 6869
F 7140 7074 7141
F 7074 7140 7073
F 7140 7208 7207
F 7208 7140 7141
F 7206 7140 7207
F 7139 7140 7206
F 7140 7072 7073
F 7140 7139 7072
F 6675 6674 6625
F 6674 6624 6625
F 6742 6674 6675
F 6674 6742 6741
F 6674 6673 6623
F 6624 6674 6623
F 6674 6741 6740
F 6673 6674 6740
F 6524 6475 6525
F 6475 6524 6474
F 6524 6473 6474
F 6524 6523 6473
F 6944 6877 6878
F 6945 6944 6878
F 6810 6744 6811
F 6744 6810 6743
F 6877 6810 6878
F 6810 6811 6878
F 6673 6739 6672
F 6739 6673 6740
F 6671 6620 6621
F 6620 6671 6670
F 6739 6671 6672
F 6671 6739 6738
F 6672 6671 6622
F 6671 6621 6622
F 6671 6737 6670
F 6671 6738 6737
F 6620 6569 6570
F 6569 6620 6619
F 6569 6619 6618
F 6568 6569 6618
F 6519 6569 6518
F 6518 6569 6568
F 6369 6370 6420
F 6419 6369 6420
F 6462 6413 6463
F 6413 6462 6412
F 6169 6170 6219
F 6170 6220 6219
F 6109 6160 6159
F 6160 6109 6110
F 6160 6211 6210
F 6211 6160 6161
F 6162 6211 6161
F 6211 6162 6212
F 6211 6260 6210
F 6260 6211 6261
F 6310 6260 6311
F 6311 6260 6261
F 5960 6009 5959
F 6009 5960 6010
F 5958 6009 6008
F 6009 5958 5959
F 6009 6010 6060
F 6059 6009 6060
F 6008 6009 6058
F 6009 6059 6058
F 8201 8267 8200
F 8267 8201 8268
F 8201 8269 8268
F 8201 8202 8269
F 8142 8210 8209
F 8142 8143 8210
F 8208 8142 8209
F 8141 8142 8208
F 7943 7877 7944
F 7877 7943 7876
F 7658 7590 7591
F 7658 7657 7590
F 7592 7658 7591
F 7658 7592 7659
F 7657 7658 7724
F 7658 7725 7724
F 7056 7122 7055
F 7122 7056 7123
F 7122 7054 7055
F 7054 7122 7121
F 7122 7188 7121
F 7122 7189 7188
F 7323 7322 7255
F 7323 7255 7256
F 7190 7122 7123
F 7122 7190 7189
F 7331 7263 7264
F 7330 7263 7331
F 7395 7329 7396
F 7329 7395 7328
F 7263 7329 7262
F 7329 7263 7330
F 7397 7329 7330
F 7329 7397 7396
F 7397 7398 7465
F 7464 7397 7465
F 7397 7330 7331
F 7398 7397 7331
F 8201 8135 8202
F 8135 8201 8134
F 8199 8133 8200
F 8133 8199 8132
F 8133 8201 8200
F 8201 8133 8134
F 7795 7728 7796
F 7796 7728 7729
F 8127 8061 8128
F 8060 8061 8127
F 7927 7993 7926
F 7993 7927 7994
F 7925 7993 7992
F 7993 7925 7926
F 7993 8061 8060
F 8061 7993 7994
F 7993 8059 7992
F 7993 8060 8059
F 7658 7726 7725
F 7726 7658 7659
F 7725 7726 7792
F 7726 7793 7792
F 7794 7728 7795
F 7728 7794 7727
F 7726 7794 7793
F 7794 7726 7727
F 7793 7794 7860
F 7794 7861 7860
F 7861 7794 7862
F 7794 7795 7862
F 6564 6565 6614
F 6565 6615 6614
F 6615 6565 6616
F 6565 6566 6616
F 6739 6805 6738
F 6805 6739 6806
F 6738 6805 6737
F 6805 6804 6737
F 6872 6805 6873
F 6873 6805 6806
F 6871 6805 6872
F 6805 6871 6804
F 6871 6937 6870
F 6937 6871 6938
F 6871 6870 6803
F 6804 6871 6803
F 6871 6939 6938
F 6871 6872 6939
F 6868 6802 6869
F 6868 6801 6802
F 6801 6868 6800
F 6868 6867 6800
F 6996 6930 6997
F 6929 6930 6996
F 6664 6615 6665
F 6615 6664 6614
F 6732 6664 6665
F 6731 6664 6732
F 7077 7011 7078
F 7011 7077 7010
F 7012 6944 6945
F 6944 7012 7011
F 7012 7079 7078
F 7011 7012 7078
F 6949 6881 6882
F 6881 6949 6948
F 7081 7015 7082
F 7015 7081 7014
F 7015 6949 7016
F 6949 7015 6948
F 7147 7213 7146
F 7213 7147 7214
F 7213 7145 7146
F 7145 7213 7212
F 7281 7213 7214
F 7213 7281 7280
F 7549 7548 7482
F 7548 7481 7482
F 7548 7547 7480
F 7481 7548 7480
F 7414 7415 7482
F 7481 7414 7482
F 7801 7869 7868
F 7869 7801 7802
F 7600 7668 7667
F 7668 7600 7601
F 7668 7736 7735
F 7736 7668 7669
F 7734 7668 7735
F 7668 7734 7667
F 7801 7734 7802
F 7734 7735 7802
F 7466 7533 7465
F 7533 7532 7465
F 7533 7466 7467
F 7534 7533 7467
F 7600 7533 7601
F 7533 7534 7601
F 7668 7602 7669
F 7602 7668 7601
F 7534 7602 7601
F 7602 7534 7535
F 7669 7602 7670
F 7602 7603 7670
F 7398 7399 7465
F 7399 7466 7465
F 7332 7399 7331
F 7399 7398 7331
F 7064 6996 6997
F 7064 7063 6996
F 7064 7131 7130
F 7063 7064 7130
F 7001 7068 7067
F 7001 7067 7000
F 7001 7069 7068
F 7069 7001 7002
F 7134 7200 7133
F 7200 7134 7201
F 7064 7132 7131
F 7132 7064 7065
F 7200 7132 7133
F 7132 7200 7199
F 7132 7066 7133
F 7132 7065 7066
F 7131 7132 7198
F 7132 7199 7198
F 7200 7266 7199
F 7266 7200 7267
F 7266 7332 7265
F 7332 7266 7333
F 7266 7265 7198
F 7199 7266 7198
F 7470 7538 7537
F 7538 7470 7471
F 7400 7399 7332
F 7400 7332 7333
F 7466 7400 7467
F 7399 7400 7466
F 7334 7266 7267
F 7266 7334 7333
F 6929 6928 6862
F 6928 6861 6862
F 6928 6995 6994
F 6927 6928 6994
F 6995 6928 6996
F 6928 6929 6996
F 7261 7329 7328
F 7329 7261 7262
F 7274 7342 7341
F 7275 7342 7274
F 7541 7542 7608
F 7542 7609 7608
F 7408 7340 7341
F 7340 7408 7407
F 7342 7408 7341
F 7408 7342 7409
F 7211 7279 7278
F 7279 7211 7212
F 7213 7279 7212
F 7279 7213 7280
F 7613 7612 7545
F 7546 7613 7545
F 7613 7680 7679
F 7612 7613 7679
F 7609 7675 7608
F 7675 7609 7676
F 7675 7607 7608
F 7607 7675 7674
F 7675 7742 7741
F 7675 7741 7674
F 7542 7610 7609
F 7610 7542 7543
F 7877 7811 7878
F 7811 7877 7810
F 7811 7879 7878
F 7879 7811 7812
F 7811 7745 7812
F 7811 7744 7745
F 7675 7743 7742
F 7743 7675 7676
F 7811 7743 7744
F 7743 7811 7810
F 7742 7743 7809
F 7743 7810 7809
F 8227 8294 8293
F 8226 8227 8293
F 8160 8227 8159
F 8227 8226 8159
F 8294 8227 8295
F 8227 8228 8295
F 8227 8160 8161
F 8228 8227 8161
F 7825 7757 7758
F 7757 7825 7824
F 7826 7759 7827
F 7759 7760 7827
F 7693 7759 7692
F 7759 7693 7760
F 7759 7825 7758
F 7825 7759 7826
F 7759 7691 7692
F 7759 7758 7691
F 7891 7892 7958
F 7958 7892 7959
F 7960 7892 7893
F 7892 7960 7959
F 7825 7892 7824
F 7892 7891 7824
F 7892 7826 7893
F 7892 7825 7826
F 7761 7828 7827
F 7760 7761 7827
F 7352 7420 7419
F 7420 7352 7353
F 7352 7284 7285
F 7284 7352 7351
F 7350 7284 7351
F 7283 7284 7350
F 7284 7217 7218
F 7285 7284 7218
F 7621 7553 7554
F 7620 7553 7621
F 7553 7486 7487
F 7553 7487 7554
F 7553 7485 7486
F 7485 7553 7552
F 7487 7555 7554
F 7555 7487 7488
F 7891 7890 7824
F 7890 7823 7824
F 7616 7548 7549
F 7548 7616 7615
F 7616 7549 7550
F 7617 7616 7550
F 7748 7814 7747
F 7814 7748 7815
F 7680 7748 7747
F 7748 7680 7681
F 7619 7553 7620
F 7553 7619 7552
F 7687 7619 7620
F 7619 7687 7686
F 8286 8220 8287
F 8220 8286 8219
F 8288 8220 8221
F 8220 8288 8287
F 8220 8219 8152
F 8153 8220 8152
F 8220 8154 8221
F 8220 8153 8154
F 8014 8080 8013
F 8014 8081 8080
F 7814 7880 7813
F 7880 7814 7881
F 7813 7880 7812
F 7880 7879 7812
F 8085 8017 8018
F 8017 8085 8084
F 7882 7950 7949
F 7950 7882 7883
F 7949 7950 8016
F 7950 8017 8016
F 8147 8079 8080
F 8147 8146 8079
F 8286 8218 8219
F 8218 8286 8285
F 4570 4504 4571
F 4570 4503 4504
F 4436 4369 4370
F 4437 4436 4370
F 4503 4436 4504
F 4436 4437 4504
F 4438 4370 4371
F 4438 4437 4370
F 4438 4372 4439
F 4372 4438 4371
F 4438 4505 4504
F 4437 4438 4504
F 4505 4438 4506
F 4438 4439 4506
F 4289 4223 4290
F 4223 4289 4222
F 4155 4223 4222
F 4223 4155 4156
F 4157 4223 4156
F 4224 4223 4157
F 4295 4361 4294
F 4362 4361 4295
F 4361 4293 4294
F 4361 4360 4293
F 4291 4223 4224
F 4223 4291 4290
F 4298 4231 4232
F 4298 4232 4299
F 4633 4566 4567
F 4634 4633 4567
F 4633 4565 4566
F 4565 4633 4632
F 4633 4700 4699
F 4632 4633 4699
F 4633 4701 4700
F 4701 4633 4634
F 4701 4769 4768
F 4769 4701 4702
F 4701 4635 4702
F 4635 4701 4634
F 4700 4701 4767
F 4767 4701 4768
F 4502 4436 4503
F 4436 4502 4435
F 4570 4502 4503
F 4502 4570 4569
F 4502 4501 4434
F 4502 4434 4435
F 4301 4234 4235
F 4302 4301 4235
F 4234 4301 4233
F 4301 4300 4233
F 4707 4708 4775
F 4774 4707 4775
F 4707 4774 4773
F 4706 4707 4773
F 4708 4707 4641
F 4707 4640 4641
F 4640 4707 4639
F 4639 4707 4706
F 4771 4705 4772
F 4705 4771 4704
F 4705 4706 4773
F 4772 4705 4773
F 4705 4639 4706
F 4705 4638 4639
F 4770 4771 4838
F 4837 4770 4838
F 4502 4568 4501
F 4568 4502 4569
F 4500 4568 4567
F 4501 4568 4500
F 4636 4568 4569
F 4635 4568 4636
F 4568 4635 4634
F 4568 4634 4567
F 4840 4772 4773
F 4840 4839 4772
F 4974 5042 5041
F 5042 4974 4975
F 4922 4856 4923
F 4922 4855 4856
F 4854 4922 4921
F 4922 4854 4855
F 4989 4922 4990
F 4990 4922 4923
F 5256 5323 5322
F 5255 5256 5322
F 5256 5255 5188
F 5189 5256 5188
F 4861 4795 4862
F 4795 4861 4794
F 4861 4862 4929
F 4928 4861 4929
F 4388 4322 4389
F 4322 4388 4321
F 4390 4322 4323
F 4322 4390 4389
F 4322 4255 4256
F 4322 4256 4323
F 4254 4322 4321
F 4255 4322 4254
F 4525 4457 4458
F 4457 4525 4524
F 4523 4457 4524
F 4457 4523 4456
F 4457 4391 4458
F 4391 4457 4390
F 4390 4457 4389
F 4389 4457 4456
F 4392 4326 4393
F 4392 4325 4326
F 4460 4392 4393
F 4459 4392 4460
F 4458 4392 4459
F 4391 4392 4458
F 4324 4392 4391
F 4392 4324 4325
F 4324 4391 4390
F 4324 4390 4323
F 4325 4324 4258
F 4324 4257 4258
F 4256 4324 4323
F 4257 4324 4256
F 6050 6049 6000
F 6049 5999 6000
F 6049 6050 6100
F 6099 6049 6100
F 6096 6047 6097
F 6047 6096 6046
F 6244 6245 6295
F 6294 6244 6295
F 6195 6144 6145
F 6144 6195 6194
F 6244 6195 6245
F 6195 6244 6194
F 6282 6333 6332
F 6333 6282 6283
F 6543 6594 6593
F 6594 6543 6544
F 6714 6646 6647
F 6714 6713 6646
F 6714 6780 6713
F 6780 6714 6781
F 6490 6439 6440
F 6439 6490 6489
F 7448 7382 7449
F 7381 7382 7448
F 7380 7448 7447
F 7380 7381 7448
F 7380 7312 7313
F 7312 7380 7379
F 6911 6845 6912
F 6845 6911 6844
F 6980 7046 6979
F 7046 6980 7047
F 6594 6643 6593
F 6643 6594 6644
F 2995 2929 2930
F 2929 2995 2994
F 2340 2405 2339
F 2405 2404 2339
F 5978 5928 5979
F 5928 5929 5979
F 4510 4576 4509
F 4576 4510 4577
F 4311 4245 4312
F 4245 4311 4244
F 4178 4245 4177
F 4177 4245 4244
F 4245 4178 4179
F 4245 4179 4246
F 4251 4185 4252
F 4185 4251 4184
F 4251 4183 4184
F 4183 4251 4250
F 4242 4175 4176
F 4243 4242 4176
F 4307 4373 4306
F 4307 4374 4373
F 4239 4307 4306
F 4307 4239 4240
F 4374 4307 4375
F 4307 4308 4375
F 4643 4576 4577
F 4644 4643 4577
F 4644 4712 4711
F 4712 4644 4645
F 4978 4912 4979
F 4912 4978 4911
F 4507 4439 4440
F 4439 4507 4506
F 4441 4507 4440
F 4508 4507 4441
F 4643 4575 4576
F 4575 4643 4642
F 4575 4508 4509
F 4576 4575 4509
F 5048 4980 4981
F 5048 5047 4980
F 5047 5048 5114
F 5048 5115 5114
F 5052 5120 5119
F 5120 5052 5053
F 5052 4986 5053
F 4986 5052 4985
F 5183 5117 5184
F 5116 5117 5183
F 4780 4712 4713
F 4712 4780 4779
F 4714 4780 4713
F 4780 4714 4781
F 4718 4650 4651
F 4650 4718 4717
F 4918 4986 4985
F 4986 4918 4919
F 4984 4918 4985
F 4918 4984 4917
F 4719 4718 4651
F 4719 4651 4652
F 4716 4650 4717
F 4650 4716 4649
F 4784 4716 4717
F 4716 4784 4783
F 4782 4716 4783
F 4716 4782 4715
F 4848 4782 4849
F 4781 4782 4848
F 4714 4782 4781
F 4782 4714 4715
F 4850 4918 4917
F 4918 4850 4851
F 4782 4850 4849
F 4850 4782 4783
F 4850 4916 4849
F 4850 4917 4916
F 4784 4850 4783
F 4850 4784 4851
F 4854 4788 4855
F 4788 4854 4787
F 4856 4788 4789
F 4855 4788 4856
F 4587 4521 4588
F 4521 4587 4520
F 4655 4587 4588
F 4587 4655 4654
F 4788 4722 4789
F 4722 4788 4721
F 4722 4790 4789
F 4722 4723 4790
F 4655 4722 4654
F 4722 4721 4654
F 4723 4722 4656
F 4722 4655 4656
F 4453 4385 4386
F 4385 4453 4452
F 4519 4453 4520
F 4453 4519 4452
F 4451 4385 4452
F 4385 4451 4384
F 4519 4451 4452
F 4451 4519 4518
F 4451 4517 4450
F 4517 4451 4518
F 5797 5847 5846
F 5796 5797 5846
F 5732 5799 5731
F 5799 5798 5731
F 5800 5799 5733
F 5799 5732 5733
F 5659 5593 5660
F 5592 5593 5659
F 5320 5386 5319
F 5386 5320 5387
F 5320 5319 5252
F 5253 5320 5252
F 5120 5186 5119
F 5186 5120 5187
F 5185 5186 5252
F 5186 5253 5252
F 5254 5186 5187
F 5253 5186 5254
F 5653 5585 5586
F 5585 5653 5652
F 5652 5653 5719
F 5653 5720 5719
F 5720 5653 5721
F 5653 5654 5721
F 5318 5384 5317
F 5385 5384 5318
F 5453 5520 5519
F 5453 5519 5452
F 5386 5453 5385
F 5385 5453 5452
F 5658 5592 5659
F 5658 5591 5592
F 5458 5392 5459
F 5392 5458 5391
F 5330 5264 5331
F 5264 5330 5263
F 5259 5326 5258
F 5326 5325 5258
F 5326 5392 5325
F 5392 5326 5393
F 5326 5259 5260
F 5327 5326 5260
F 5326 5327 5394
F 5326 5394 5393
F 5527 5595 5594
F 5595 5527 5528
F 5527 5460 5461
F 5528 5527 5461
F 5597 5529 5530
F 5529 5597 5596
F 5530 5529 5463
F 5463 5529 5462
F 5529 5595 5528
F 5595 5529 5596
F 5529 5461 5462
F 5529 5528 5461
F 5651 5583 5584
F 5583 5651 5650
F 5717 5651 5718
F 5651 5717 5650
F 5884 5934 5883
F 5934 5933 5883
F 5934 5884 5885
F 5935 5934 5885
F 5934 5983 5933
F 5983 5934 5984
F 6079 6029 6030
F 6079 6030 6080
F 5789 5840 5839
F 5840 5789 5790
F 5791 5840 5790
F 5841 5840 5791
F 6037 6088 6087
F 6037 6038 6088
F 5990 6039 5989
F 6039 5990 6040
F 6038 6039 6088
F 6039 6089 6088
F 5940 5990 5989
F 5939 5940 5989
F 5838 5889 5888
F 5889 5838 5839
F 5840 5889 5839
F 5889 5840 5890
F 5889 5940 5939
F 5940 5889 5890
F 5889 5938 5888
F 5889 5939 5938
F 5237 5236 5169
F 5237 5169 5170
F 5369 5303 5370
F 5303 5369 5302
F 5303 5371 5370
F 5371 5303 5304
F 5237 5303 5236
F 5303 5237 5304
F 5099 5165 5098
F 5165 5099 5166
F 4905 4904 4838
F 4904 4837 4838
F 4893 4825 4826
F 4825 4893 4892
F 5772 5771 5704
F 5705 5772 5704
F 4834 4901 4833
F 4901 4900 4833
F 4967 4901 4968
F 4901 4967 4900
F 4901 4969 4968
F 4969 4901 4902
F 4836 4770 4837
F 4770 4836 4769
F 4836 4904 4903
F 4904 4836 4837
F 4976 5042 4975
F 5042 4976 5043
F 4976 4977 5044
F 5043 4976 5044
F 4976 4909 4910
F 4977 4976 4910
F 5381 5449 5448
F 5449 5381 5382
F 5381 5315 5382
F 5315 5381 5314
F 4763 4697 4764
F 4697 4763 4696
F 4765 4697 4698
F 4697 4765 4764
F 4697 4696 4629
F 4630 4697 4629
F 4631 4697 4630
F 4697 4631 4698
F 4631 4565 4632
F 4565 4631 4564
F 4698 4631 4699
F 4631 4632 4699
F 4631 4563 4564
F 4631 4630 4563
F 4361 4427 4360
F 4427 4361 4428
F 4427 4495 4494
F 4495 4427 4428
F 4427 4493 4426
F 4427 4494 4493
F 4627 4559 4560
F 4559 4627 4626
F 4493 4561 4560
F 4494 4561 4493
F 4561 4627 4560
F 4627 4561 4628
F 5023 4955 4956
F 4955 5023 5022
F 4625 4559 4626
F 4559 4625 4558
F 4624 4625 4691
F 4625 4692 4691
F 4692 4625 4693
F 4625 4626 4693
F 4621 4689 4688
F 4689 4621 4622
F 4689 4755 4688
F 4755 4689 4756
F 4690 4689 4623
F 4689 4622 4623
F 4756 4689 4757
F 4689 4690 4757
F 4424 4492 4491
F 4492 4424 4425
F 4357 4424 4356
F 4424 4423 4356
F 4555 4621 4554
F 4621 4555 4622
F 4487 4555 4554
F 4488 4555 4487
F 4484 4550 4483
F 4484 4551 4550
F 4551 4484 4552
F 4484 4485 4552
F 5159 5227 5226
F 5227 5159 5160
F 5227 5160 5161
F 5228 5227 5161
F 4895 4896 4962
F 4896 4963 4962
F 4896 4964 4963
F 4896 4897 4964
F 5229 5161 5162
F 5229 5228 5161
F 5163 5229 5162
F 5230 5229 5163
F 5030 4964 5031
F 4964 5030 4963
F 4963 5030 4962
F 5030 5029 4962
F 5095 5096 5162
F 5096 5163 5162
F 5028 5096 5095
F 5029 5096 5028
F 5928 5879 5929
F 5879 5928 5878
F 6029 5980 6030
F 5980 6029 5979
F 5707 5775 5774
F 5775 5707 5708
F 5437 5505 5504
F 5505 5437 5438
F 5707 5641 5708
F 5641 5707 5640
F 5575 5641 5574
F 5641 5575 5642
F 5641 5642 5709
F 5641 5709 5708
F 4218 4284 4217
F 4285 4284 4218
F 4351 4284 4352
F 4284 4285 4352
F 4284 4216 4217
F 4216 4284 4283
F 4216 4149 4150
F 4216 4150 4217
F 4149 4216 4148
F 4216 4215 4148
F 4216 4282 4215
F 4282 4216 4283
F 4420 4486 4419
F 4486 4420 4487
F 4420 4488 4487
F 4488 4420 4421
F 4420 4419 4352
F 4353 4420 4352
F 4354 4420 4353
F 4420 4354 4421
F 4354 4355 4422
F 4354 4422 4421
F 4354 4353 4286
F 4287 4354 4286
F 4355 4354 4288
F 4354 4287 4288
F 4670 4602 4603
F 4602 4670 4669
F 4602 4668 4601
F 4668 4602 4669
F 4602 4535 4536
F 4603 4602 4536
F 4534 4602 4601
F 4602 4534 4535
F 4266 4198 4199
F 4198 4266 4265
F 4266 4199 4200
F 4267 4266 4200
F 4334 4268 4335
F 4334 4267 4268
F 4466 4465 4399
F 4465 4398 4399
F 5137 5205 5204
F 5205 5137 5138
F 4864 4797 4798
F 4865 4864 4798
F 5132 5200 5199
F 5132 5133 5200
F 4932 4864 4865
F 4864 4932 4931
F 4932 4998 4931
F 4932 4999 4998
F 4932 5000 4999
F 5000 4932 4933
F 5000 5068 5067
F 5068 5000 5001
F 5066 5000 5067
F 4999 5000 5066
F 4478 4545 4544
F 4477 4478 4544
F 4404 4472 4471
F 4472 4404 4405
F 4404 4470 4403
F 4470 4404 4471
F 4337 4404 4336
F 4336 4404 4403
F 4404 4338 4405
F 4404 4337 4338
F 4537 4470 4471
F 4537 4471 4538
F 4537 4603 4536
F 4537 4604 4603
F 4605 4537 4538
F 4604 4537 4605
F 4276 4344 4343
F 4344 4276 4277
F 4276 4210 4277
F 4276 4209 4210
F 4210 4142 4143
F 4209 4142 4210
F 4141 4142 4208
F 4142 4209 4208
F 4275 4343 4342
F 4275 4276 4343
F 4276 4275 4209
F 4209 4275 4208
F 4339 4406 4405
F 4338 4339 4405
F 4269 4202 4270
F 4202 4203 4270
F 4136 4202 4135
F 4202 4136 4203
F 4202 4269 4268
F 4201 4202 4268
F 4202 4134 4135
F 4202 4201 4134
F 4544 4611 4543
F 4611 4610 4543
F 4339 4407 4406
F 4407 4339 4340
F 4407 4341 4408
F 4341 4407 4340
F 4406 4407 4473
F 4407 4474 4473
F 4407 4475 4474
F 4475 4407 4408
F 4475 4409 4476
F 4409 4475 4408
F 4475 4476 4543
F 4542 4475 4543
F 4475 4542 4541
F 4474 4475 4541
F 4614 4681 4613
F 4613 4681 4680
F 5286 5352 5285
F 5352 5286 5353
F 5286 5285 5218
F 5219 5286 5218
F 5286 5287 5354
F 5353 5286 5354
F 5220 5286 5219
F 5287 5286 5220
F 4754 4820 4753
F 4821 4820 4754
F 5018 4952 5019
F 4951 4952 5018
F 4884 4952 4951
F 4952 4884 4885
F 4816 4884 4883
F 4817 4884 4816
F 4884 4950 4883
F 4884 4951 4950
F 4952 5020 5019
F 5020 4952 4953
F 5628 5560 5561
F 5560 5628 5627
F 5628 5695 5694
F 5627 5628 5694
F 5223 5224 5290
F 5224 5291 5290
F 5156 5224 5223
F 5224 5156 5157
F 5291 5224 5292
F 5224 5225 5292
F 5158 5224 5157
F 5225 5224 5158
F 5360 5427 5359
F 5427 5426 5359
F 5427 5361 5428
F 5361 5427 5360
F 5426 5427 5493
F 5427 5494 5493
F 5427 5428 5495
F 5494 5427 5495
F 5355 5421 5354
F 5421 5355 5422
F 5421 5420 5353
F 5421 5353 5354
F 8109 8041 8042
F 8041 8109 8108
F 8104 8103 8036
F 8104 8036 8037
F 8240 8172 8173
F 8172 8240 8239
F 7972 7971 7904
F 7905 7972 7904
F 7972 8038 7971
F 8038 7972 8039
F 8038 8104 8037
F 8104 8038 8105
F 7970 8038 8037
F 7971 8038 7970
F 7972 8040 8039
F 8040 7972 7973
F 8041 8040 7974
F 8040 7973 7974
F 8040 8041 8108
F 8107 8040 8108
F 8038 8106 8105
F 8106 8038 8039
F 8106 8040 8107
F 8040 8106 8039
F 8172 8106 8173
F 8106 8172 8105
F 8106 8174 8173
F 8106 8107 8174
F 8163 8097 8164
F 8097 8163 8096
F 8164 8097 8165
F 8097 8098 8165
F 8029 8097 8096
F 8030 8097 8029
F 8031 8099 8098
F 8099 8031 8032
F 8031 8097 8030
F 8097 8031 8098
F 8031 7965 8032
F 7965 8031 7964
F 8031 8030 7963
F 8031 7963 7964
F 7641 7573 7574
F 7573 7641 7640
F 7506 7573 7505
F 7573 7572 7505
F 7369 7370 7436
F 7370 7437 7436
F 8111 8043 8044
F 8043 8111 8110
F 8043 8109 8042
F 8109 8043 8110
F 7975 8043 8042
F 7976 8043 7975
F 7845 7846 7913
F 7912 7845 7913
F 7708 7707 7641
F 7641 7707 7640
F 7707 7708 7775
F 7774 7707 7775
F 7703 7770 7702
F 7702 7770 7769
F 7770 7837 7836
F 7770 7836 7769
F 7770 7703 7704
F 7771 7770 7704
F 7837 7770 7838
F 7770 7771 7838
F 7975 7907 7908
F 7907 7975 7974
F 7570 7504 7571
F 7504 7570 7503
F 7570 7502 7503
F 7502 7570 7569
F 7569 7570 7636
F 7570 7637 7636
F 7916 7982 7915
F 7982 7916 7983
F 7647 7579 7580
F 7579 7647 7646
F 7647 7714 7713
F 7647 7713 7646
F 8117 8185 8184
F 8118 8185 8117
F 8250 8317 8249
F 8317 8316 8249
F 8185 8251 8184
F 8251 8185 8252
F 8251 8319 8318
F 8251 8252 8319
F 8251 8317 8250
F 8317 8251 8318
F 8183 8251 8250
F 8251 8183 8184
F 7919 7853 7920
F 7853 7919 7852
F 8052 8118 8051
F 8118 8052 8119
F 7984 8052 8051
F 7985 8052 7984
F 8121 8122 8188
F 8122 8189 8188
F 8258 8259 8326
F 8325 8258 8326
F 8259 8258 8192
F 8192 8258 8191
F 8258 8325 8324
F 8257 8258 8324
F 8258 8257 8190
F 8258 8190 8191
F 7922 7856 7923
F 7922 7855 7856
F 7922 7921 7854
F 7855 7922 7854
F 6442 6493 6492
F 6493 6442 6443
F 6493 6543 6542
F 6492 6493 6542
F 6550 6499 6500
F 6549 6499 6550
F 6596 6547 6597
F 6547 6596 6546
F 6547 6598 6597
F 6598 6547 6548
F 6497 6547 6496
F 6496 6547 6546
F 6344 6294 6295
F 6345 6344 6295
F 7318 7250 7251
F 7317 7250 7318
F 7250 7184 7251
F 7250 7183 7184
F 7116 7115 7049
F 7049 7115 7048
F 7115 7047 7048
F 7115 7114 7047
F 7116 7050 7117
F 7050 7116 7049
F 6983 7050 6982
F 7050 7049 6982
F 7654 7586 7587
F 7586 7654 7653
F 7652 7586 7653
F 7586 7652 7585
F 7719 7652 7720
F 7652 7653 7720
F 7384 7383 7316
F 7317 7384 7316
F 7385 7384 7318
F 7384 7317 7318
F 7454 7453 7387
F 7453 7386 7387
F 7645 7578 7646
F 7578 7579 7646
F 7446 7380 7447
F 7380 7446 7379
F 7514 7446 7447
F 7513 7446 7514
F 5233 5165 5166
F 5165 5233 5232
F 5301 5369 5368
F 5369 5301 5302
F 5235 5303 5302
F 5303 5235 5236
F 5301 5235 5302
F 5235 5301 5234
F 5099 5167 5166
F 5167 5099 5100
F 5167 5233 5166
F 5233 5167 5234
F 5499 5567 5566
F 5567 5499 5500
F 5566 5567 5633
F 5633 5567 5634
F 5501 5567 5500
F 5568 5567 5501
F 5635 5567 5568
F 5567 5635 5634
F 5635 5568 5569
F 5636 5635 5569
F 5635 5636 5703
F 5702 5635 5703
F 5635 5701 5634
F 5635 5702 5701
F 501 437 502
F 437 501 436
F 828 829 893
F 829 894 893
F 763 697 698
F 697 763 762
F 763 699 764
F 699 763 698
F 763 827 762
F 827 763 828
F 763 829 828
F 829 763 764
F 5081 5147 5080
F 5147 5081 5148
F 5081 5082 5149
F 5081 5149 5148
F 4874 4806 4807
F 4806 4874 4873
F 4804 4736 4737
F 4736 4804 4803
F 5205 5139 5206
F 5139 5205 5138
F 5072 5139 5138
F 5072 5138 5071
F 5012 4945 5013
F 5013 4945 4946
F 4945 4879 4946
F 4879 4945 4878
F 4812 4879 4811
F 4879 4878 4811
F 4677 4743 4676
F 4743 4677 4744
F 4743 4675 4676
F 4675 4743 4742
F 4811 4743 4744
F 4810 4743 4811
F 5350 5282 5283
F 5282 5350 5349
F 5282 5216 5283
F 5282 5215 5216
F 4736 4735 4669
F 4735 4668 4669
F 4802 4735 4803
F 4735 4736 4803
F 4668 4735 4667
F 4735 4734 4667
F 4735 4802 4801
F 4734 4735 4801
F 5803 5854 5853
F 5854 5803 5804
F 5852 5803 5853
F 5802 5803 5852
F 5803 5802 5735
F 5803 5735 5736
F 5539 5540 5607
F 5539 5607 5606
F 5539 5472 5473
F 5540 5539 5473
F 5739 5672 5740
F 5672 5673 5740
F 5534 5467 5535
F 5467 5468 5535
F 5467 5400 5401
F 5468 5467 5401
F 5337 5338 5404
F 5404 5338 5405
F 5338 5406 5405
F 5406 5338 5339
F 5339 5338 5272
F 5338 5271 5272
F 5338 5270 5271
F 5270 5338 5337
F 5202 5270 5269
F 5270 5202 5203
F 5269 5270 5336
F 5270 5337 5336
F 5271 5270 5204
F 5204 5270 5203
F 5206 5140 5207
F 5139 5140 5206
F 5072 5140 5139
F 5140 5072 5073
F 5143 5211 5210
F 5211 5143 5144
F 5209 5143 5210
F 5142 5143 5209
F 5542 5475 5543
F 5475 5476 5543
F 5808 5742 5809
F 5808 5741 5742
F 5608 5674 5607
F 5674 5608 5675
F 5607 5674 5606
F 5674 5673 5606
F 5673 5674 5740
F 5674 5741 5740
F 5742 5674 5675
F 5741 5674 5742
F 5744 5810 5743
F 5810 5744 5811
F 5744 5812 5811
F 5744 5745 5812
F 5974 5925 5975
F 5925 5974 5924
F 5974 5923 5924
F 5923 5974 5973
F 5974 5975 6025
F 6024 5974 6025
F 5974 6023 5973
F 5974 6024 6023
F 6174 6123 6124
F 6123 6174 6173
F 6122 6123 6172
F 6172 6123 6173
F 6322 6372 6371
F 6321 6322 6371
F 6369 6320 6370
F 6320 6369 6319
F 6370 6320 6371
F 6320 6321 6371
F 6268 6318 6267
F 6318 6317 6267
F 6269 6320 6319
F 6320 6269 6270
F 6270 6269 6220
F 6220 6269 6219
F 6269 6318 6268
F 6318 6269 6319
F 6269 6218 6219
F 6269 6268 6218
F 6118 6167 6117
F 6167 6118 6168
F 6218 6167 6168
F 6217 6167 6218
F 5752 5751 5684
F 5752 5684 5685
F 5686 5752 5685
F 5753 5752 5686
F 5620 5552 5553
F 5552 5620 5619
F 5620 5621 5688
F 5687 5620 5688
F 5619 5620 5686
F 5620 5687 5686
F 5681 5749 5748
F 5749 5681 5682
F 5749 5750 5817
F 5816 5749 5817
F 5683 5749 5682
F 5750 5749 5683
F 5919 5918 5868
F 5869 5919 5868
F 5920 5919 5870
F 5919 5869 5870
F 5919 5920 5970
F 5919 5970 5969
F 5968 5919 5969
F 5919 5968 5918
F 5918 5968 5917
F 5968 5967 5917
F 5967 5968 6017
F 5968 6018 6017
F 5968 6019 6018
F 6019 5968 5969
F 6020 6019 5970
F 5970 6019 5969
F 6019 6020 6070
F 6069 6019 6070
F 6019 6069 6068
F 6018 6019 6068
F 5679 5613 5680
F 5613 5679 5612
F 1641 1705 1640
F 1705 1641 1706
F 1641 1707 1706
F 1707 1641 1642
F 1884 1936 1935
F 1883 1884 1935
F 1995 1944 1945
F 1944 1995 1994
F 1933 1882 1934
F 1882 1933 1881
F 1882 1883 1935
F 1934 1882 1935
F 2174 2131 2175
F 2131 2174 2130
F 2176 2131 2132
F 2131 2176 2175
F 5693 5626 5694
F 5626 5627 5694
F 5560 5626 5559
F 5626 5560 5627
F 5626 5693 5692
F 5625 5626 5692
F 5626 5558 5559
F 5626 5625 5558
F 5826 5876 5875
F 5825 5826 5875
F 5759 5826 5758
F 5826 5825 5758
F 410 411 475
F 411 476 475
F 865 931 930
F 931 865 866
F 804 868 803
F 868 804 869
F 935 1001 1000
F 1001 935 936
F 2530 2595 2529
F 2595 2594 2529
F 2726 2790 2725
F 2790 2726 2791
F 2855 2920 2854
F 2854 2920 2919
F 6813 6747 6814
F 6746 6747 6813
F 3112 3176 3111
F 3176 3112 3177
F 3176 3110 3111
F 3110 3176 3175
F 2646 2712 2711
F 2712 2646 2647
F 2779 2845 2844
F 2845 2779 2780
F 2522 2588 2587
F 2588 2522 2523
F 2652 2588 2653
F 2588 2652 2587
F 2270 2226 2271
F 2226 2227 2271
F 2184 2139 2140
F 2139 2184 2183
F 2226 2184 2227
F 2184 2226 2183
F 2223 2179 2180
F 2179 2223 2222
F 2449 2384 2450
F 2384 2385 2450
F 2386 2322 2387
F 2322 2386 2321
F 2386 2385 2320
F 2321 2386 2320
F 2781 2715 2716
F 2715 2781 2780
F 2655 2591 2656
F 2591 2655 2590
F 2396 2460 2395
F 2460 2396 2461
F 2394 2460 2459
F 2460 2394 2395
F 2524 2588 2523
F 2588 2524 2589
F 2460 2524 2459
F 2524 2460 2525
F 2524 2523 2458
F 2459 2524 2458
F 2589 2524 2590
F 2524 2525 2590
F 2331 2396 2395
F 2331 2395 2330
F 2331 2397 2396
F 2397 2331 2332
F 2396 2397 2461
F 2397 2462 2461
F 2397 2398 2463
F 2462 2397 2463
F 2400 2335 2401
F 2335 2336 2401
F 2333 2397 2332
F 2397 2333 2398
F 2457 2521 2456
F 2521 2457 2522
F 2523 2457 2458
F 2522 2457 2523
F 2391 2457 2456
F 2457 2391 2392
F 2325 2391 2390
F 2391 2325 2326
F 2327 2391 2326
F 2391 2327 2392
F 2275 2327 2274
F 2327 2275 2328
F 3680 3746 3745
F 3681 3746 3680
F 2895 2959 2894
F 2959 2895 2960
F 2645 2581 2646
F 2581 2645 2580
F 2645 2711 2710
F 2645 2646 2711
F 6571 6572 6621
F 6621 6572 6622
F 6520 6569 6519
F 6569 6520 6570
F 2125 2079 2080
F 2079 2125 2124
F 6176 6225 6175
F 6226 6225 6176
F 6479 6428 6429
F 6428 6479 6478
F 3320 3255 3321
F 3255 3256 3321
F 3319 3255 3320
F 3255 3319 3254
F 3319 3253 3254
F 3253 3319 3318
F 3383 3319 3384
F 3318 3319 3383
F 3178 3242 3177
F 3242 3178 3243
F 3178 3244 3243
F 3244 3178 3179
F 3516 3450 3451
F 3450 3516 3515
F 7289 7222 7290
F 7290 7222 7223
F 7156 7222 7155
F 7222 7156 7223
F 7222 7289 7288
F 7221 7222 7288
F 7155 7222 7154
F 7222 7221 7154
F 7227 7293 7226
F 7293 7227 7294
F 7493 7494 7561
F 7493 7561 7560
F 7691 7625 7692
F 7624 7625 7691
F 7428 7495 7427
F 7495 7494 7427
F 7632 7633 7700
F 7699 7632 7700
F 7767 7768 7834
F 7768 7835 7834
F 7835 7768 7836
F 7836 7768 7769
F 7768 7767 7700
F 7701 7768 7700
F 7768 7702 7769
F 7768 7701 7702
F 7634 7566 7567
F 7634 7633 7566
F 7568 7634 7567
F 7635 7634 7568
F 7634 7701 7700
F 7633 7634 7700
F 7634 7635 7702
F 7701 7634 7702
F 7698 7632 7699
F 7632 7698 7631
F 7828 7762 7829
F 7761 7762 7828
F 6855 6787 6788
F 6855 6854 6787
F 6723 6657 6724
F 6657 6723 6656
F 6722 6723 6789
F 6789 6723 6790
F 6723 6655 6656
F 6723 6722 6655
F 6609 6560 6610
F 6609 6559 6560
F 6928 6860 6861
F 6860 6928 6927
F 6794 6728 6795
F 6728 6794 6727
F 6861 6794 6862
F 6794 6795 6862
F 6794 6860 6793
F 6860 6794 6861
F 6612 6563 6613
F 6563 6612 6562
F 6612 6611 6561
F 6612 6561 6562
F 6612 6661 6611
F 6661 6612 6662
F 6611 6661 6610
F 6661 6660 6610
F 6660 6661 6727
F 6661 6728 6727
F 6661 6662 6729
F 6728 6661 6729
F 6410 6359 6360
F 6409 6359 6410
F 6408 6457 6407
F 6408 6458 6457
F 6408 6409 6459
F 6458 6408 6459
F 6455 6404 6405
F 6404 6455 6454
F 6404 6355 6405
F 6404 6354 6355
F 6108 6157 6107
F 6157 6108 6158
F 6106 6157 6156
F 6157 6106 6107
F 6157 6208 6207
F 6208 6157 6158
F 6157 6206 6156
F 6157 6207 6206
F 6206 6256 6205
F 6205 6256 6255
F 6209 6160 6210
F 6160 6209 6159
F 6260 6209 6210
F 6209 6260 6259
F 6209 6208 6158
F 6209 6158 6159
F 5957 5906 5907
F 5956 5906 5957
F 6006 6057 6056
F 6057 6006 6007
F 6007 6006 5957
F 6006 5956 5957
F 6113 6064 6114
F 6064 6113 6063
F 5915 5916 5965
F 5916 5966 5965
F 5916 5967 5966
F 5967 5916 5917
F 5916 5867 5917
F 5916 5866 5867
F 5746 5814 5813
F 5747 5814 5746
F 6574 6575 6625
F 6624 6574 6625
F 6574 6525 6575
F 6574 6524 6525
F 6807 6739 6740
F 6739 6807 6806
F 6741 6807 6740
F 6808 6807 6741
F 6942 6943 7009
F 7009 6943 7010
F 6944 6943 6877
F 6877 6943 6876
F 6943 6944 7011
F 6943 7011 7010
F 6742 6809 6741
F 6809 6808 6741
F 6809 6742 6743
F 6810 6809 6743
F 6809 6877 6876
F 6809 6810 6877
F 6468 6417 6418
F 6467 6417 6468
F 6566 6517 6567
F 6517 6566 6516
F 6517 6568 6567
F 6517 6518 6568
F 6517 6468 6518
F 6517 6467 6468
F 6461 6460 6410
F 6461 6410 6411
F 6462 6461 6412
F 6412 6461 6411
F 6512 6563 6562
F 6563 6512 6513
F 6512 6462 6463
F 6512 6463 6513
F 6413 6464 6463
F 6464 6413 6414
F 6415 6464 6414
F 6465 6464 6415
F 6517 6466 6467
F 6466 6517 6516
F 6466 6417 6467
F 6417 6466 6416
F 6466 6465 6415
F 6466 6415 6416
F 6120 6119 6069
F 6120 6069 6070
F 6071 6120 6070
F 6120 6071 6121
F 6119 6120 6169
F 6120 6170 6169
F 6171 6120 6121
F 6170 6120 6171
F 6012 5962 5963
F 6012 5963 6013
F 5961 5910 5911
F 5961 5960 5910
F 5961 5911 5912
F 5962 5961 5912
F 5960 5961 6010
F 5961 6011 6010
F 5961 6012 6011
F 6012 5961 5962
F 8204 8271 8270
F 8204 8270 8203
F 8138 8137 8070
F 8138 8070 8071
F 8075 8142 8141
F 8075 8141 8074
F 8143 8075 8076
F 8142 8075 8143
F 8075 8009 8076
F 8009 8075 8008
F 7660 7728 7727
F 7728 7660 7661
F 7726 7660 7727
F 7660 7726 7659
F 7592 7660 7659
F 7593 7660 7592
F 7526 7592 7525
F 7526 7593 7592
F 7531 7464 7465
F 7532 7531 7465
F 7728 7662 7729
F 7662 7728 7661
F 7390 7456 7389
F 7456 7390 7457
F 7322 7390 7389
F 7323 7390 7322
F 7056 7124 7123
F 7124 7056 7057
F 7394 7326 7327
F 7326 7394 7393
F 7395 7394 7328
F 7328 7394 7327
F 7261 7195 7262
F 7195 7261 7194
F 8069 8003 8070
F 8003 8069 8002
F 8062 7995 7996
F 8063 8062 7996
F 8129 8062 8130
F 8062 8063 8130
F 7995 8062 7994
F 8062 8061 7994
F 8062 8129 8128
F 8061 8062 8128
F 6667 6666 6616
F 6617 6667 6616
F 6733 6667 6734
F 6666 6667 6733
F 6667 6617 6618
F 6668 6667 6618
F 6667 6735 6734
F 6667 6668 6735
F 6736 6669 6737
F 6737 6669 6670
F 6669 6620 6670
F 6620 6669 6619
F 6669 6736 6735
F 6668 6669 6735
F 6619 6669 6618
F 6669 6668 6618
F 6515 6466 6516
F 6466 6515 6465
F 6565 6515 6566
F 6566 6515 6516
F 7001 6935 7002
F 6935 7001 6934
F 6936 6935 6869
F 6935 6868 6869
F 6868 6935 6867
F 6867 6935 6934
F 6863 6930 6929
F 6863 6929 6862
F 7066 6999 7067
F 7067 6999 7000
F 7001 6933 6934
F 6933 7001 7000
F 6867 6933 6866
F 6933 6867 6934
F 6933 6999 6932
F 6999 6933 7000
F 6865 6933 6932
F 6933 6865 6866
F 6799 6865 6798
F 6865 6799 6866
F 6865 6797 6798
F 6797 6865 6864
F 6663 6612 6613
F 6612 6663 6662
F 6614 6663 6613
F 6664 6663 6614
F 4004 4003 3939
F 4003 3938 3939
F 7076 7008 7009
F 7008 7076 7075
F 7077 7076 7010
F 7076 7009 7010
F 7081 7013 7014
F 7013 7081 7080
F 7013 7012 6945
F 6946 7013 6945
F 7079 7013 7080
F 7012 7013 7079
F 7148 7147 7080
F 7081 7148 7080
F 6880 6813 6814
F 6881 6880 6814
F 6744 6745 6811
F 6811 6745 6812
F 6745 6746 6813
F 6745 6813 6812
F 7087 7088 7155
F 7087 7155 7154
F 7221 7220 7154
F 7220 7153 7154
F 7415 7348 7416
F 7348 7349 7416
F 7414 7348 7415
F 7348 7414 7347
F 7349 7348 7282
F 7348 7281 7282
F 7281 7348 7280
F 7280 7348 7347
F 7413 7481 7480
F 7413 7414 7481
F 8070 8004 8071
F 8003 8004 8070
F 8004 7936 7937
F 8004 8003 7936
F 7936 7870 7937
F 7869 7870 7936
F 8140 8208 8207
F 8140 8141 8208
F 8141 8140 8074
F 8140 8073 8074
F 7672 7606 7673
F 7606 7672 7605
F 8007 8075 8074
F 8075 8007 8008
F 8004 8005 8071
F 8005 8072 8071
F 7737 7669 7670
F 7737 7736 7669
F 7068 7136 7135
F 7069 7136 7068
F 7139 7071 7072
F 7071 7139 7138
F 7604 7536 7537
F 7603 7536 7604
F 7536 7602 7535
F 7602 7536 7603
F 7401 7400 7333
F 7334 7401 7333
F 7478 7479 7546
F 7478 7546 7545
F 7478 7544 7477
F 7544 7478 7545
F 7410 7478 7477
F 7411 7478 7410
F 7343 7411 7410
F 7411 7343 7344
F 7277 7343 7276
F 7343 7277 7344
F 7343 7410 7409
F 7342 7343 7409
F 7343 7275 7276
F 7343 7342 7275
F 7475 7476 7543
F 7542 7475 7543
F 7475 7541 7474
F 7475 7542 7541
F 7476 7475 7409
F 7475 7408 7409
F 7408 7475 7407
F 7475 7474 7407
F 7202 7134 7135
F 7134 7202 7201
F 7136 7202 7135
F 7202 7136 7203
F 7271 7205 7272
F 7205 7271 7204
F 7271 7203 7204
F 7271 7270 7203
F 7473 7406 7474
F 7474 7406 7407
F 7340 7406 7339
F 7406 7340 7407
F 7472 7406 7473
F 7406 7472 7405
F 7538 7472 7539
F 7472 7538 7471
F 7472 7473 7540
F 7539 7472 7540
F 7614 7682 7681
F 7682 7614 7615
F 7548 7614 7547
F 7614 7548 7615
F 7680 7614 7681
F 7613 7614 7680
F 7547 7614 7546
F 7614 7613 7546
F 7678 7611 7679
F 7611 7612 7679
F 7612 7611 7545
F 7611 7544 7545
F 7544 7611 7543
F 7611 7610 7543
F 7743 7677 7744
F 7677 7743 7676
F 7611 7677 7610
F 7677 7611 7678
F 7677 7678 7745
F 7744 7677 7745
F 7609 7677 7676
F 7610 7677 7609
F 7897 7963 7896
F 7963 7897 7964
F 7897 7965 7964
F 7897 7898 7965
F 7757 7690 7758
F 7758 7690 7691
F 7755 7756 7822
F 7756 7823 7822
F 7756 7757 7824
F 7823 7756 7824
F 7756 7690 7757
F 7690 7756 7689
F 7628 7694 7627
F 7694 7628 7695
F 7693 7694 7760
F 7694 7761 7760
F 7694 7762 7761
F 7762 7694 7695
F 7352 7418 7351
F 7418 7352 7419
F 7486 7418 7419
F 7485 7418 7486
F 7483 7484 7550
F 7484 7551 7550
F 7484 7485 7552
F 7551 7484 7552
F 7623 7624 7691
F 7690 7623 7691
F 8025 7957 7958
F 7957 8025 8024
F 7957 7891 7958
F 7957 7890 7891
F 7683 7616 7617
F 7683 7617 7684
F 7616 7683 7615
F 7683 7682 7615
F 7618 7617 7550
F 7551 7618 7550
F 7619 7618 7552
F 7618 7551 7552
F 7756 7688 7689
F 7688 7756 7755
F 7688 7620 7621
F 7688 7687 7620
F 7688 7754 7687
F 7754 7688 7755
F 7754 7755 7822
F 7821 7754 7822
F 7754 7821 7820
F 7753 7754 7820
F 7687 7754 7686
F 7754 7753 7686
F 8015 7948 7949
F 8015 7949 8016
F 8015 7947 7948
F 7947 8015 8014
F 7946 7947 8013
F 7947 8014 8013
F 7948 7947 7881
F 7947 7880 7881
F 7879 7947 7946
F 7880 7947 7879
F 8086 8019 8020
F 8087 8086 8020
F 8153 8086 8154
F 8086 8087 8154
F 8086 8085 8018
F 8019 8086 8018
F 8086 8153 8152
F 8085 8086 8152
F 7818 7886 7885
F 7886 7818 7819
F 7752 7753 7820
F 7752 7820 7819
F 7818 7752 7819
F 7752 7818 7751
F 7952 7951 7885
F 7951 7884 7885
F 7951 8019 8018
F 7951 7952 8019
F 7884 7951 7883
F 7951 7950 7883
F 8017 7951 8018
F 7950 7951 8017
F 8214 8282 8281
F 8214 8215 8282
F 8214 8280 8213
F 8280 8214 8281
F 8146 8214 8213
F 8147 8214 8146
F 4705 4637 4638
F 4637 4705 4704
F 4638 4637 4571
F 4637 4570 4571
F 4637 4636 4569
F 4570 4637 4569
F 4427 4359 4360
F 4359 4427 4426
F 4431 4365 4432
F 4364 4365 4431
F 4365 4433 4432
F 4433 4365 4366
F 4365 4298 4299
F 4365 4299 4366
F 4365 4297 4298
F 4297 4365 4364
F 4229 4297 4296
F 4297 4229 4230
F 4297 4363 4296
F 4363 4297 4364
F 4231 4297 4230
F 4298 4297 4231
F 4436 4368 4369
F 4368 4436 4435
F 4368 4302 4369
F 4368 4301 4302
F 4637 4703 4636
F 4703 4637 4704
F 4635 4703 4702
F 4703 4635 4636
F 4771 4703 4704
F 4770 4703 4771
F 4703 4769 4702
F 4703 4770 4769
F 4841 4774 4775
F 4842 4841 4775
F 4774 4841 4773
F 4841 4840 4773
F 5110 5042 5043
F 5042 5110 5109
F 4839 4907 4906
F 4840 4907 4839
F 4988 4922 4989
F 4922 4988 4921
F 5257 5325 5324
F 5325 5257 5258
F 5323 5257 5324
F 5256 5257 5323
F 5126 5194 5193
F 5194 5126 5127
F 5060 4994 5061
F 5060 4993 4994
F 5128 5060 5061
F 5060 5128 5127
F 4993 5060 4992
F 5060 5059 4992
F 5060 5126 5059
F 5126 5060 5127
F 4792 4860 4859
F 4793 4860 4792
F 4860 4927 4926
F 4859 4860 4926
F 4860 4793 4794
F 4861 4860 4794
F 4860 4928 4927
F 4860 4861 4928
F 5999 6048 5998
F 6049 6048 5999
F 6146 6096 6097
F 6147 6146 6097
F 6093 6042 6043
F 6042 6093 6092
F 5844 5793 5794
F 5793 5844 5843
F 5793 5726 5727
F 5794 5793 5727
F 5844 5893 5843
F 5893 5844 5894
F 5891 5840 5841
F 5840 5891 5890
F 5842 5793 5843
F 5793 5842 5792
F 5842 5841 5791
F 5842 5791 5792
F 5891 5842 5892
F 5842 5891 5841
F 5893 5842 5843
F 5842 5893 5892
F 6298 6248 6299
F 6299 6248 6249
F 6199 6248 6198
F 6248 6199 6249
F 6198 6248 6197
F 6248 6247 6197
F 6384 6383 6334
F 6383 6333 6334
F 6329 6278 6279
F 6278 6329 6328
F 6329 6280 6330
F 6280 6329 6279
F 6545 6495 6496
F 6545 6496 6546
F 6783 6715 6716
F 6715 6783 6782
F 6649 6715 6648
F 6716 6715 6649
F 6714 6715 6781
F 6715 6782 6781
F 6715 6647 6648
F 6715 6714 6647
F 6848 6780 6781
F 6780 6848 6847
F 6915 6848 6916
F 6848 6849 6916
F 6782 6848 6781
F 6849 6848 6782
F 6388 6387 6337
F 6338 6388 6337
F 6592 6541 6542
F 6591 6541 6592
F 6491 6492 6542
F 6541 6491 6542
F 6391 6340 6341
F 6391 6390 6340
F 6434 6483 6433
F 6483 6434 6484
F 6434 6383 6384
F 6383 6434 6433
F 6640 6639 6590
F 6639 6589 6590
F 6388 6437 6387
F 6437 6388 6438
F 6437 6438 6488
F 6487 6437 6488
F 7383 7315 7316
F 7382 7315 7383
F 7178 7110 7111
F 7110 7178 7177
F 7114 7113 7047
F 7113 7046 7047
F 7113 7114 7181
F 7180 7113 7181
F 6978 6911 6912
F 6978 6912 6979
F 6848 6914 6847
F 6914 6848 6915
F 6591 6642 6641
F 6642 6591 6592
F 6593 6642 6592
F 6643 6642 6593
F 6843 6776 6777
F 6843 6777 6844
F 6775 6707 6708
F 6775 6774 6707
F 6775 6843 6842
F 6843 6775 6776
F 7176 7244 7243
F 7244 7176 7177
F 7176 7110 7177
F 7110 7176 7109
F 7176 7243 7242
F 7175 7176 7242
F 7176 7108 7109
F 7108 7176 7175
F 2285 2351 2350
F 2351 2285 2286
F 2232 2233 2286
F 2285 2232 2286
F 2232 2189 2233
F 2189 2232 2188
F 2145 2189 2188
F 2189 2145 2146
F 2189 2147 2190
F 2147 2189 2146
F 1919 1968 1918
F 1969 1968 1919
F 3256 3257 3321
F 3257 3322 3321
F 2406 2405 2340
F 2406 2340 2341
F 2472 2406 2407
F 2406 2472 2471
F 2342 2406 2341
F 2406 2342 2407
F 2602 2538 2603
F 2538 2602 2537
F 1637 1636 1571
F 1637 1571 1572
F 4310 4242 4243
F 4242 4310 4309
F 4310 4376 4309
F 4376 4310 4377
F 4310 4243 4244
F 4311 4310 4244
F 4451 4383 4384
F 4383 4451 4450
F 4378 4310 4311
F 4310 4378 4377
F 4378 4311 4312
F 4378 4312 4379
F 4378 4444 4377
F 4444 4378 4445
F 4307 4241 4308
F 4241 4307 4240
F 4241 4173 4174
F 4173 4241 4240
F 4308 4241 4309
F 4241 4242 4309
F 4175 4241 4174
F 4242 4241 4175
F 4845 4911 4844
F 4845 4912 4911
F 4710 4709 4642
F 4643 4710 4642
F 4710 4643 4644
F 4710 4644 4711
F 4710 4776 4709
F 4776 4710 4777
F 4842 4776 4843
F 4776 4842 4775
F 4709 4776 4708
F 4708 4776 4775
F 4843 4776 4844
F 4776 4777 4844
F 4506 4574 4573
F 4507 4574 4506
F 4574 4640 4573
F 4640 4574 4641
F 4574 4507 4508
F 4575 4574 4508
F 4641 4574 4642
F 4574 4575 4642
F 5049 5117 5116
F 5117 5049 5050
F 5115 5049 5116
F 5048 5049 5115
F 5186 5118 5119
F 5118 5186 5185
F 5118 5185 5184
F 5117 5118 5184
F 4984 4983 4917
F 4917 4983 4916
F 4788 4720 4721
F 4720 4788 4787
F 4721 4720 4654
F 4720 4653 4654
F 4720 4719 4652
F 4653 4720 4652
F 4852 4918 4851
F 4918 4852 4919
F 4319 4318 4252
F 4318 4251 4252
F 4250 4318 4317
F 4251 4318 4250
F 4318 4319 4386
F 4385 4318 4386
F 4318 4385 4384
F 4318 4384 4317
F 4650 4584 4651
F 4584 4650 4583
F 4651 4584 4652
F 4584 4585 4652
F 4584 4517 4518
F 4585 4584 4518
F 4585 4586 4652
F 4586 4653 4652
F 4586 4587 4654
F 4653 4586 4654
F 4586 4585 4518
F 4519 4586 4518
F 4587 4586 4520
F 4586 4519 4520
F 5730 5664 5731
F 5730 5663 5664
F 5798 5730 5731
F 5797 5730 5798
F 5730 5797 5796
F 5730 5796 5729
F 5848 5797 5798
F 5797 5848 5847
F 5389 5321 5322
F 5388 5321 5389
F 5321 5254 5255
F 5321 5255 5322
F 5320 5321 5387
F 5321 5388 5387
F 5321 5320 5253
F 5321 5253 5254
F 5587 5586 5519
F 5520 5587 5519
F 5587 5653 5586
F 5653 5587 5654
F 5587 5520 5521
F 5588 5587 5521
F 5383 5449 5382
F 5449 5383 5450
F 5315 5383 5382
F 5383 5315 5316
F 5383 5316 5317
F 5384 5383 5317
F 5451 5383 5384
F 5383 5451 5450
F 5451 5519 5518
F 5519 5451 5452
F 5517 5451 5518
F 5450 5451 5517
F 5451 5384 5385
F 5451 5385 5452
F 5522 5454 5455
F 5454 5522 5521
F 5388 5454 5387
F 5455 5454 5388
F 5453 5454 5520
F 5520 5454 5521
F 5454 5386 5387
F 5454 5453 5386
F 5723 5724 5790
F 5724 5791 5790
F 5329 5396 5395
F 5329 5395 5328
F 5262 5329 5261
F 5261 5329 5328
F 5329 5262 5263
F 5330 5329 5263
F 5397 5329 5330
F 5329 5397 5396
F 5397 5465 5464
F 5465 5397 5398
F 5463 5397 5464
F 5396 5397 5463
F 5397 5331 5398
F 5397 5330 5331
F 5730 5662 5663
F 5662 5730 5729
F 5663 5662 5596
F 5662 5595 5596
F 5447 5515 5514
F 5515 5447 5448
F 5446 5447 5513
F 5447 5514 5513
F 5515 5581 5514
F 5581 5515 5582
F 5785 5718 5719
F 5786 5785 5719
F 5934 5985 5984
F 5985 5934 5935
F 5936 5985 5935
F 5985 5936 5986
F 5985 5986 6036
F 6035 5985 6036
F 6083 6034 6084
F 6034 6083 6033
F 5983 6034 6033
F 6034 5983 5984
F 6034 5985 6035
F 5985 6034 5984
F 6029 6078 6028
F 6079 6078 6029
F 6129 6079 6080
F 6130 6129 6080
F 6083 6133 6082
F 6082 6133 6132
F 6081 6130 6080
F 6081 6131 6130
F 6081 6082 6132
F 6131 6081 6132
F 6039 6090 6089
F 6090 6039 6040
F 6189 6138 6139
F 6138 6189 6188
F 6088 6138 6087
F 6138 6137 6087
F 6187 6138 6188
F 6138 6187 6137
F 6089 6138 6088
F 6139 6138 6089
F 5987 5936 5937
F 5936 5987 5986
F 5986 5987 6036
F 5987 6037 6036
F 5104 5103 5037
F 5103 5036 5037
F 5169 5103 5170
F 5102 5103 5169
F 5035 5103 5102
F 5103 5035 5036
F 4967 5035 5034
F 5035 4967 4968
F 4969 5035 4968
F 5035 4969 5036
F 5034 5035 5101
F 5035 5102 5101
F 4966 4899 4900
F 4967 4966 4900
F 5039 4971 4972
F 4971 5039 5038
F 4971 4904 4905
F 4971 4905 4972
F 4973 4905 4906
F 4905 4973 4972
F 4907 4973 4906
F 4973 4907 4974
F 4894 4827 4828
F 4895 4894 4828
F 4827 4894 4826
F 4894 4893 4826
F 4835 4901 4834
F 4901 4835 4902
F 4835 4834 4767
F 4835 4767 4768
F 4835 4836 4903
F 4902 4835 4903
F 4769 4835 4768
F 4836 4835 4769
F 5249 5248 5182
F 5248 5181 5182
F 5248 5249 5316
F 5315 5248 5316
F 4497 4565 4564
F 4565 4497 4498
F 4763 4695 4696
F 4695 4763 4762
F 4696 4695 4629
F 4695 4628 4629
F 4562 4630 4629
F 4630 4562 4563
F 4495 4562 4494
F 4562 4561 4494
F 4561 4562 4628
F 4628 4562 4629
F 4424 4490 4423
F 4490 4424 4491
F 4891 4958 4890
F 4890 4958 4957
F 5093 5094 5161
F 5160 5093 5161
F 5093 5159 5092
F 5159 5093 5160
F 5093 5027 5094
F 5027 5093 5026
F 5094 5027 5095
F 5027 5028 5095
F 5293 5294 5360
F 5294 5361 5360
F 5294 5362 5361
F 5362 5294 5295
F 5294 5293 5226
F 5227 5294 5226
F 5294 5227 5228
F 5294 5228 5295
F 4829 4763 4830
F 4763 4829 4762
F 4761 4829 4828
F 4829 4761 4762
F 4897 4829 4830
F 4896 4829 4897
F 4829 4896 4895
F 4829 4895 4828
F 5230 5231 5297
F 5231 5298 5297
F 5231 5232 5299
F 5298 5231 5299
F 5231 5230 5163
F 5164 5231 5163
F 5231 5165 5232
F 5231 5164 5165
F 5097 5030 5031
F 5098 5097 5031
F 5165 5097 5098
F 5164 5097 5165
F 5030 5097 5029
F 5097 5096 5029
F 5096 5097 5163
F 5097 5164 5163
F 5171 5103 5104
F 5103 5171 5170
F 5171 5237 5170
F 5171 5238 5237
F 170 105 106
F 171 170 106
F 178 114 179
F 114 178 113
F 179 114 180
F 114 115 180
F 178 112 113
F 112 178 177
F 5365 5298 5299
F 5366 5365 5299
F 5365 5364 5297
F 5298 5365 5297
F 5362 5363 5429
F 5363 5430 5429
F 5830 5829 5780
F 5829 5779 5780
F 5778 5829 5828
F 5829 5778 5779
F 5829 5830 5880
F 5879 5829 5880
F 5829 5879 5878
F 5829 5878 5828
F 5879 5930 5929
F 5930 5879 5880
F 5929 5930 5979
F 5930 5980 5979
F 5776 5775 5708
F 5709 5776 5708
F 5706 5772 5705
F 5706 5773 5772
F 5706 5705 5638
F 5706 5638 5639
F 5706 5707 5774
F 5773 5706 5774
F 5707 5706 5640
F 5640 5706 5639
F 5571 5572 5638
F 5638 5572 5639
F 5572 5571 5504
F 5505 5572 5504
F 5237 5305 5304
F 5238 5305 5237
F 5576 5644 5643
F 5576 5577 5644
F 5510 5576 5509
F 5576 5510 5577
F 5642 5576 5643
F 5575 5576 5642
F 4213 4281 4280
F 4281 4213 4214
F 4215 4281 4214
F 4282 4281 4215
F 4284 4350 4283
F 4350 4284 4351
F 4932 4866 4933
F 4866 4932 4865
F 4866 4865 4798
F 4799 4866 4798
F 4866 4800 4867
F 4866 4799 4800
F 4597 4596 4529
F 4530 4597 4529
F 4596 4597 4663
F 4597 4664 4663
F 4730 4731 4797
F 4797 4731 4798
F 4731 4730 4663
F 4664 4731 4663
F 4666 4734 4733
F 4734 4666 4667
F 4666 4600 4667
F 4666 4599 4600
F 4599 4533 4600
F 4533 4599 4532
F 4533 4465 4466
F 4465 4533 4532
F 4600 4533 4601
F 4533 4534 4601
F 4533 4466 4467
F 4534 4533 4467
F 4468 4534 4467
F 4534 4468 4535
F 4333 4400 4399
F 4332 4333 4399
F 4333 4332 4265
F 4266 4333 4265
F 4333 4266 4267
F 4334 4333 4267
F 4396 4464 4463
F 4464 4396 4397
F 4464 4530 4463
F 4530 4464 4531
F 4398 4464 4397
F 4465 4464 4398
F 4464 4465 4532
F 4464 4532 4531
F 5136 5202 5135
F 5202 5136 5203
F 5136 5137 5204
F 5136 5204 5203
F 4934 4866 4867
F 4866 4934 4933
F 5000 4934 5001
F 4934 5000 4933
F 4868 4934 4867
F 4935 4934 4868
F 4934 5002 5001
F 4934 4935 5002
F 4936 4869 4870
F 4937 4936 4870
F 4936 5004 5003
F 5004 4936 4937
F 4869 4936 4868
F 4936 4935 4868
F 4935 4936 5002
F 5002 4936 5003
F 4999 5065 4998
F 5065 4999 5066
F 5065 5066 5133
F 5132 5065 5133
F 4478 4479 4545
F 4545 4479 4546
F 4278 4345 4277
F 4345 4344 4277
F 4411 4479 4478
F 4479 4411 4412
F 4411 4477 4410
F 4411 4478 4477
F 4345 4411 4344
F 4411 4345 4412
F 4343 4411 4410
F 4344 4411 4343
F 4207 4140 4141
F 4207 4141 4208
F 4140 4206 4139
F 4207 4206 4140
F 4613 4612 4546
F 4612 4545 4546
F 4545 4612 4544
F 4612 4611 4544
F 4948 5016 5015
F 5016 4948 4949
F 4817 4749 4750
F 4749 4817 4816
F 4886 4952 4885
F 4952 4886 4953
F 5086 5087 5153
F 5087 5154 5153
F 5087 5086 5019
F 5020 5087 5019
F 5562 5629 5561
F 5629 5628 5561
F 5620 5554 5621
F 5554 5620 5553
F 8107 8175 8174
F 8175 8107 8108
F 8171 8170 8103
F 8104 8171 8103
F 8171 8238 8237
F 8170 8171 8237
F 8172 8171 8105
F 8171 8104 8105
F 8171 8239 8238
F 8171 8172 8239
F 7500 7433 7501
F 7433 7434 7501
F 7434 7433 7367
F 7433 7366 7367
F 7372 7306 7373
F 7306 7372 7305
F 7440 7372 7373
F 7372 7440 7439
F 7374 7440 7373
F 7440 7374 7441
F 7374 7442 7441
F 7442 7374 7375
F 7303 7370 7369
F 7303 7369 7302
F 7977 8043 7976
F 8043 7977 8044
F 7977 7976 7909
F 7910 7977 7909
F 7977 7910 7911
F 7978 7977 7911
F 8178 8245 8244
F 8177 8178 8244
F 8111 8178 8110
F 8178 8177 8110
F 7710 7777 7709
F 7777 7776 7709
F 7776 7842 7775
F 7842 7776 7843
F 7842 7910 7909
F 7910 7842 7843
F 7842 7774 7775
F 7842 7841 7774
F 7908 7842 7909
F 7841 7842 7908
F 7378 7312 7379
F 7312 7378 7311
F 7705 7771 7704
F 7771 7705 7772
F 7906 7905 7838
F 7839 7906 7838
F 7906 7972 7905
F 7972 7906 7973
F 7973 7906 7974
F 7906 7907 7974
F 7906 7840 7907
F 7840 7906 7839
F 7840 7839 7772
F 7840 7772 7773
F 7841 7840 7774
F 7774 7840 7773
F 7907 7840 7908
F 7840 7841 7908
F 7919 7851 7852
F 7851 7919 7918
F 7649 7648 7582
F 7648 7581 7582
F 7648 7716 7715
F 7716 7648 7649
F 7581 7648 7580
F 7648 7647 7580
F 7714 7648 7715
F 7647 7648 7714
F 8187 8186 8120
F 8120 8186 8119
F 8186 8254 8253
F 8186 8187 8254
F 8186 8185 8118
F 8186 8118 8119
F 8252 8186 8253
F 8185 8186 8252
F 8315 8248 8316
F 8316 8248 8249
F 8248 8182 8249
F 8182 8248 8181
F 8182 8250 8249
F 8182 8183 8250
F 8054 8122 8121
F 8122 8054 8055
F 8125 8057 8058
F 8124 8057 8125
F 7991 8057 7990
F 8057 7991 8058
F 8123 8057 8124
F 8057 8123 8056
F 8123 8124 8191
F 8190 8123 8191
F 8189 8123 8190
F 8122 8123 8189
F 8123 8122 8055
F 8056 8123 8055
F 7989 8057 8056
F 8057 7989 7990
F 7989 8056 8055
F 7988 7989 8055
F 7922 7989 7921
F 7989 7988 7921
F 7990 7989 7923
F 7989 7922 7923
F 6398 6397 6348
F 6397 6347 6348
F 6297 6248 6298
F 6248 6297 6247
F 6297 6298 6348
F 6347 6297 6348
F 6495 6494 6445
F 6494 6444 6445
F 6545 6494 6495
F 6494 6545 6544
F 6494 6493 6443
F 6444 6494 6443
F 6543 6494 6544
F 6493 6494 6543
F 6448 6397 6398
F 6397 6448 6447
F 6852 6784 6785
F 6784 6852 6851
F 6784 6718 6785
F 6718 6784 6717
F 6784 6716 6717
F 6784 6783 6716
F 6784 6850 6783
F 6850 6784 6851
F 6850 6851 6918
F 6917 6850 6918
F 6849 6850 6916
F 6850 6917 6916
F 6850 6849 6782
F 6783 6850 6782
F 6394 6444 6443
F 6393 6394 6443
F 6394 6393 6343
F 6344 6394 6343
F 7115 7182 7114
F 7114 7182 7181
F 7183 7182 7116
F 7182 7115 7116
F 6985 6984 6918
F 6984 6917 6918
F 6984 6983 6916
F 6917 6984 6916
F 7721 7722 7789
F 7788 7721 7789
F 7721 7787 7720
F 7721 7788 7787
F 7653 7721 7720
F 7654 7721 7653
F 7588 7522 7589
F 7522 7588 7521
F 7650 7716 7649
F 7716 7650 7717
F 7382 7450 7449
F 7450 7382 7383
F 7450 7516 7449
F 7450 7517 7516
F 7588 7520 7521
F 7520 7588 7587
F 7521 7520 7454
F 7520 7453 7454
F 156 155 91
F 91 155 90
F 151 87 152
F 87 151 86
F 5233 5300 5232
F 5232 5300 5299
F 5366 5300 5367
F 5300 5366 5299
F 5300 5233 5234
F 5301 5300 5234
F 5300 5368 5367
F 5300 5301 5368
F 5236 5168 5169
F 5235 5168 5236
F 5102 5168 5101
F 5168 5102 5169
F 5168 5235 5234
F 5167 5168 5234
F 5168 5167 5100
F 5168 5100 5101
F 2055 2099 2054
F 2099 2055 2100
F 2055 2101 2100
F 2101 2055 2056
F 1550 1485 1551
F 1485 1486 1551
F 1616 1615 1551
F 1615 1550 1551
F 1906 1907 1956
F 1907 1957 1956
F 1802 1746 1803
F 1746 1802 1745
F 2007 1958 1959
F 1958 2007 2006
F 1153 1087 1088
F 1087 1153 1152
F 1085 1020 1086
F 1020 1021 1086
F 1151 1087 1152
F 1087 1151 1086
F 1279 1343 1278
F 1343 1279 1344
F 1279 1213 1214
F 1213 1279 1278
F 1283 1219 1284
F 1219 1283 1218
F 1283 1349 1348
F 1283 1284 1349
F 1142 1143 1208
F 1207 1142 1208
F 1213 1148 1214
F 1148 1149 1214
F 765 699 700
F 699 765 764
F 1335 1271 1336
F 1271 1335 1270
F 1335 1269 1270
F 1269 1335 1334
F 4948 5014 4947
F 5014 4948 5015
F 5014 5013 4946
F 4947 5014 4946
F 5082 5014 5015
F 5081 5014 5082
F 5013 5014 5080
F 5014 5081 5080
F 5411 5343 5344
F 5343 5411 5410
F 5411 5345 5412
F 5345 5411 5344
F 5479 5411 5412
F 5478 5411 5479
F 5477 5411 5478
F 5411 5477 5410
F 5477 5409 5410
F 5477 5476 5409
F 5477 5544 5543
F 5476 5477 5543
F 5544 5477 5545
F 5477 5478 5545
F 5011 5079 5078
F 5011 5012 5079
F 4872 4940 4939
F 4940 4872 4873
F 5005 5004 4937
F 5005 4937 4938
F 4939 5005 4938
F 5005 4939 5006
F 5005 5072 5071
F 5004 5005 5071
F 5072 5005 5073
F 5073 5005 5006
F 4672 4604 4605
F 4604 4672 4671
F 4672 4738 4671
F 4672 4739 4738
F 4808 4740 4741
F 4740 4808 4807
F 4806 4740 4807
F 4739 4740 4806
F 5281 5280 5213
F 5214 5281 5213
F 5281 5347 5280
F 5347 5281 5348
F 5215 5281 5214
F 5282 5281 5215
F 5281 5349 5348
F 5281 5282 5349
F 5472 5538 5471
F 5539 5538 5472
F 5668 5669 5735
F 5735 5669 5736
F 5669 5601 5602
F 5669 5668 5601
F 5670 5669 5602
F 5603 5670 5602
F 5208 5141 5209
F 5141 5142 5209
F 5141 5208 5207
F 5140 5141 5207
F 5141 5140 5073
F 5141 5073 5074
F 5144 5076 5077
F 5143 5076 5144
F 5474 5540 5473
F 5540 5474 5541
F 5541 5474 5542
F 5474 5475 5542
F 5408 5341 5342
F 5409 5408 5342
F 5475 5408 5476
F 5476 5408 5409
F 5739 5807 5806
F 5807 5739 5740
F 5741 5807 5740
F 5808 5807 5741
F 5858 5908 5907
F 5857 5858 5907
F 5858 5807 5808
F 5807 5858 5857
F 5610 5677 5609
F 5677 5676 5609
F 5676 5677 5743
F 5677 5744 5743
F 6073 6024 6074
F 6024 6073 6023
F 6124 6073 6074
F 6123 6073 6124
F 6273 6324 6323
F 6324 6273 6274
F 6317 6316 6267
F 6316 6266 6267
F 6166 6116 6117
F 6167 6166 6117
F 5818 5819 5868
F 5819 5869 5868
F 5819 5820 5870
F 5869 5819 5870
F 5819 5818 5751
F 5752 5819 5751
F 5819 5753 5820
F 5819 5752 5753
F 5481 5547 5480
F 5547 5481 5548
F 1472 1408 1473
F 1408 1472 1407
F 1473 1408 1474
F 1408 1409 1474
F 1408 1343 1344
F 1409 1408 1344
F 1279 1345 1344
F 1345 1279 1280
F 1536 1472 1537
F 1472 1536 1471
F 1890 1837 1891
F 1837 1890 1836
F 1773 1831 1830
F 1774 1831 1773
F 1987 1986 1937
F 1986 1936 1937
F 2034 1986 1987
F 2035 2034 1987
F 2172 2129 2173
F 2129 2172 2128
F 2129 2174 2173
F 2174 2129 2130
F 2083 2129 2128
F 2129 2083 2084
F 2129 2085 2130
F 2085 2129 2084
F 2083 2037 2084
F 2037 2083 2036
F 2037 2085 2084
F 2085 2037 2038
F 2176 2219 2175
F 2175 2219 2218
F 731 795 730
F 795 731 796
F 991 1055 990
F 1055 991 1056
F 1121 1055 1056
F 1055 1121 1120
F 145 81 146
F 81 145 80
F 151 85 86
F 85 151 150
F 477 541 476
F 541 477 542
F 607 541 542
F 606 541 607
F 477 543 542
F 543 477 478
F 543 607 542
F 543 608 607
F 543 609 608
F 609 543 544
F 677 743 742
F 743 677 678
F 743 807 742
F 807 743 808
F 677 676 612
F 612 676 611
F 864 800 865
F 800 864 799
F 996 1060 995
F 1060 996 1061
F 931 996 930
F 996 995 930
F 867 931 866
F 931 867 932
F 867 802 803
F 868 867 803
F 2336 2337 2401
F 2337 2402 2401
F 2337 2403 2402
F 2403 2337 2338
F 2404 2403 2339
F 2403 2338 2339
F 2403 2404 2469
F 2468 2403 2469
F 2531 2595 2530
F 2595 2531 2596
F 2531 2530 2465
F 2531 2465 2466
F 2467 2403 2468
F 2403 2467 2402
F 2467 2531 2466
F 2531 2467 2532
F 2401 2467 2466
F 2402 2467 2401
F 2467 2468 2533
F 2532 2467 2533
F 2660 2724 2659
F 2724 2660 2725
F 2660 2726 2725
F 2726 2660 2661
F 2660 2595 2596
F 2661 2660 2596
F 2660 2659 2594
F 2595 2660 2594
F 2531 2597 2596
F 2597 2531 2532
F 2719 2785 2784
F 2785 2719 2720
F 2721 2785 2720
F 2786 2785 2721
F 2856 2920 2855
F 2920 2856 2921
F 2856 2790 2791
F 2856 2855 2790
F 2405 2470 2404
F 2404 2470 2469
F 2406 2470 2405
F 2470 2406 2471
F 2534 2468 2469
F 2468 2534 2533
F 2472 2536 2471
F 2536 2472 2537
F 2789 2855 2854
F 2855 2789 2790
F 2790 2789 2725
F 2789 2724 2725
F 3115 3050 3116
F 3050 3051 3116
F 2856 2922 2921
F 2922 2856 2857
F 2922 2988 2987
F 2988 2922 2923
F 3052 2988 3053
F 2988 3052 2987
F 6881 6815 6882
F 6815 6881 6814
F 6882 6815 6883
F 6815 6816 6883
F 3944 3878 3879
F 3878 3944 3943
F 3880 3944 3879
F 3944 3880 3945
F 3174 3240 3239
F 3240 3174 3175
F 3240 3304 3239
F 3304 3240 3305
F 2845 2909 2844
F 2909 2845 2910
F 2654 2588 2589
F 2588 2654 2653
F 2654 2589 2590
F 2655 2654 2590
F 2654 2655 2720
F 2719 2654 2720
F 2785 2849 2784
F 2849 2785 2850
F 2849 2915 2914
F 2915 2849 2850
F 2587 2651 2586
F 2652 2651 2587
F 2717 2651 2652
F 2651 2717 2716
F 2138 2139 2183
F 2182 2138 2183
F 2092 2138 2137
F 2138 2092 2093
F 2092 2046 2093
F 2046 2092 2045
F 1594 1659 1658
F 1593 1594 1658
F 2178 2179 2222
F 2178 2222 2221
F 2223 2266 2222
F 2266 2223 2267
F 2222 2266 2221
F 2266 2265 2221
F 2219 2264 2263
F 2264 2219 2220
F 2264 2316 2263
F 2316 2264 2317
F 2265 2264 2221
F 2264 2220 2221
F 2264 2318 2317
F 2264 2265 2318
F 2225 2226 2270
F 2225 2270 2269
F 2226 2225 2183
F 2225 2182 2183
F 2270 2323 2269
F 2323 2322 2269
F 2393 2457 2392
F 2457 2393 2458
F 2393 2327 2328
F 2327 2393 2392
F 2393 2459 2458
F 2393 2394 2459
F 2393 2329 2394
F 2329 2393 2328
F 2275 2329 2328
F 2329 2275 2276
F 2395 2329 2330
F 2394 2329 2395
F 2527 2463 2528
F 2527 2462 2463
F 2334 2400 2399
F 2334 2335 2400
F 2398 2334 2399
F 2333 2334 2398
F 2277 2329 2276
F 2329 2277 2330
F 2277 2331 2330
F 2277 2278 2331
F 2231 2274 2230
F 2231 2275 2274
F 3619 3553 3554
F 3553 3619 3618
F 3814 3880 3879
F 3880 3814 3815
F 3485 3551 3550
F 3551 3485 3486
F 2645 2579 2580
F 2579 2645 2644
F 2515 2579 2514
F 2579 2515 2580
F 2902 2836 2837
F 2836 2902 2901
F 2968 2902 2903
F 2902 2968 2967
F 2643 2579 2644
F 2579 2643 2578
F 2895 2961 2960
F 2961 2895 2896
F 2961 3027 3026
F 3027 2961 2962
F 2961 2897 2962
F 2897 2961 2896
F 2581 2582 2646
F 2646 2582 2647
F 2520 2521 2586
F 2585 2520 2586
F 6476 6475 6425
F 6426 6476 6425
F 6476 6526 6525
F 6475 6476 6525
F 6475 6424 6425
F 6424 6475 6474
F 6376 6426 6425
F 6375 6376 6425
F 6470 6419 6420
F 6419 6470 6469
F 6470 6519 6469
F 6470 6520 6519
F 6521 6572 6571
F 6572 6521 6522
F 6521 6571 6570
F 6520 6521 6570
F 2032 1983 1984
F 1983 2032 2031
F 2079 2032 2080
F 2032 2033 2080
F 2032 2078 2031
F 2032 2079 2078
F 6273 6224 6274
F 6224 6273 6223
F 6174 6224 6173
F 6224 6223 6173
F 6224 6174 6175
F 6225 6224 6175
F 6275 6224 6225
F 6224 6275 6274
F 6275 6324 6274
F 6324 6275 6325
F 6275 6225 6226
F 6276 6275 6226
F 6886 6954 6953
F 6954 6886 6887
F 6954 7022 7021
F 6954 6955 7022
F 7092 7159 7158
F 7091 7092 7158
F 7156 7090 7157
F 7090 7156 7089
F 7157 7090 7158
F 7090 7091 7158
F 3201 3137 3202
F 3137 3201 3136
F 3385 3319 3320
F 3319 3385 3384
F 3385 3449 3384
F 3449 3385 3450
F 3246 3310 3245
F 3311 3310 3246
F 3112 3113 3177
F 3113 3178 3177
F 3180 3244 3179
F 3244 3180 3245
F 3376 3310 3311
F 3310 3376 3375
F 3312 3376 3311
F 3376 3312 3377
F 3312 3311 3246
F 3247 3312 3246
F 3583 3647 3582
F 3647 3583 3648
F 3389 3453 3388
F 3453 3389 3454
F 3388 3453 3387
F 3387 3453 3452
F 3453 3517 3452
F 3517 3453 3518
F 3517 3516 3451
F 3517 3451 3452
F 3581 3517 3582
F 3517 3581 3516
F 3583 3517 3518
F 3517 3583 3582
F 3644 3710 3709
F 3710 3644 3645
F 6751 6752 6819
F 6751 6819 6818
F 6817 6751 6818
F 6751 6817 6750
F 6817 6884 6883
F 6816 6817 6883
F 6817 6816 6749
F 6750 6817 6749
F 3958 3892 3893
F 3892 3958 3957
F 3890 3956 3955
F 3956 3890 3891
F 3956 3892 3957
F 3892 3956 3891
F 7293 7359 7292
F 7359 7293 7360
F 7559 7493 7560
F 7493 7559 7492
F 7562 7628 7561
F 7628 7562 7629
F 7494 7562 7561
F 7495 7562 7494
F 7566 7565 7499
F 7565 7498 7499
F 7497 7565 7564
F 7565 7497 7498
F 7633 7565 7566
F 7632 7565 7633
F 7565 7631 7564
F 7565 7632 7631
F 7829 7830 7896
F 7830 7897 7896
F 7897 7830 7898
F 7898 7830 7831
F 6988 6922 6989
F 6922 6988 6921
F 6922 6921 6854
F 6855 6922 6854
F 6557 6608 6607
F 6608 6557 6558
F 6559 6608 6558
F 6609 6608 6559
F 6993 6926 6994
F 6926 6927 6994
F 6353 6352 6302
F 6353 6302 6303
F 6354 6353 6304
F 6304 6353 6303
F 6305 6306 6355
F 6306 6356 6355
F 6306 6305 6255
F 6256 6306 6255
F 5807 5856 5806
F 5856 5807 5857
F 5906 5856 5907
F 5856 5857 5907
F 5954 6005 6004
F 6005 5954 5955
F 6005 6055 6054
F 6005 6054 6004
F 6006 6005 5956
F 5956 6005 5955
F 6055 6005 6056
F 6005 6006 6056
F 5964 6014 5963
F 5963 6014 6013
F 6014 6064 6063
F 6014 6063 6013
F 6065 6066 6116
F 6065 6116 6115
F 6064 6065 6114
F 6114 6065 6115
F 5916 5865 5866
F 5865 5916 5915
F 6523 6573 6522
F 6573 6572 6522
F 6622 6573 6623
F 6572 6573 6622
F 6524 6573 6523
F 6574 6573 6524
F 6573 6624 6623
F 6573 6574 6624
F 6874 6940 6873
F 6940 6874 6941
F 6874 6873 6806
F 6807 6874 6806
F 6368 6419 6418
F 6368 6369 6419
F 6369 6368 6319
F 6368 6318 6319
F 6362 6361 6311
F 6312 6362 6311
F 6361 6362 6411
F 6362 6412 6411
F 6363 6362 6313
F 6362 6312 6313
F 6362 6413 6412
F 6362 6363 6413
F 6460 6511 6510
F 6461 6511 6460
F 6511 6561 6560
F 6510 6511 6560
F 6511 6461 6462
F 6512 6511 6462
F 6561 6511 6562
F 6511 6512 6562
F 6262 6311 6261
F 6262 6312 6311
F 6262 6211 6212
F 6211 6262 6261
F 6312 6262 6313
F 6262 6263 6313
F 6162 6213 6212
F 6213 6162 6163
F 6213 6262 6212
F 6262 6213 6263
F 6010 6061 6060
F 6011 6061 6010
F 8271 8205 8272
F 8204 8205 8271
F 8205 8273 8272
F 8205 8206 8273
F 8138 8205 8137
F 8205 8204 8137
F 8010 8078 8077
F 8078 8010 8011
F 8010 7944 8011
F 8010 7943 7944
F 8010 8077 8076
F 8009 8010 8076
F 7260 7328 7327
F 7260 7261 7328
F 7394 7460 7393
F 7460 7394 7461
F 7527 7461 7528
F 7527 7460 7461
F 7595 7529 7596
F 7529 7595 7528
F 7665 7731 7664
F 7731 7665 7732
F 7731 7663 7664
F 7663 7731 7730
F 7597 7663 7596
F 7664 7663 7597
F 7662 7663 7729
F 7663 7730 7729
F 7663 7595 7596
F 7663 7662 7595
F 7189 7257 7256
F 7190 7257 7189
F 7257 7323 7256
F 7257 7324 7323
F 7257 7325 7324
F 7325 7257 7258
F 7325 7326 7393
F 7325 7393 7392
F 7391 7325 7392
F 7325 7391 7324
F 7391 7458 7457
F 7390 7391 7457
F 7391 7390 7323
F 7324 7391 7323
F 7125 7059 7126
F 7059 7125 7058
F 7125 7057 7058
F 7125 7124 7057
F 7196 7197 7264
F 7263 7196 7264
F 7196 7263 7262
F 7195 7196 7262
F 8202 8136 8203
F 8135 8136 8202
F 8136 8204 8203
F 8204 8136 8137
F 8136 8135 8068
F 8069 8136 8068
F 8137 8136 8070
F 8136 8069 8070
F 7800 7734 7801
F 7734 7800 7733
F 8064 8131 8130
F 8063 8064 8130
F 6463 6514 6513
F 6464 6514 6463
F 6514 6564 6563
F 6514 6563 6513
F 6514 6464 6465
F 6515 6514 6465
F 6514 6565 6564
F 6514 6515 6565
F 6728 6796 6795
F 6796 6728 6729
F 6796 6797 6864
F 6863 6796 6864
F 6795 6796 6862
F 6796 6863 6862
F 6998 7064 6997
F 7064 6998 7065
F 7065 6998 7066
F 6998 6999 7066
F 6796 6730 6797
F 6730 6796 6729
F 6730 6731 6798
F 6797 6730 6798
F 6730 6664 6731
F 6730 6663 6664
F 6662 6730 6729
F 6663 6730 6662
F 3936 4002 4001
F 4002 3936 3937
F 4003 4002 3938
F 3938 4002 3937
F 3998 3933 3934
F 3998 3934 3999
F 3998 4063 4062
F 3998 4062 3997
F 7143 7210 7209
F 7142 7143 7209
F 7143 7142 7075
F 7076 7143 7075
F 7215 7281 7214
F 7281 7215 7282
F 7147 7215 7214
F 7148 7215 7147
F 7149 7081 7082
F 7149 7148 7081
F 7013 6947 7014
F 6947 7013 6946
F 6947 7015 7014
F 7015 6947 6948
F 6947 6881 6948
F 6947 6880 6881
F 6947 6879 6880
F 6879 6947 6946
F 6811 6879 6878
F 6879 6811 6812
F 6879 6945 6878
F 6879 6946 6945
F 6880 6879 6813
F 6813 6879 6812
F 4068 4003 4004
F 4069 4068 4004
F 6888 6954 6887
F 6954 6888 6955
F 6817 6885 6884
F 6885 6817 6818
F 6885 6886 6953
F 6885 6953 6952
F 6819 6885 6818
F 6886 6885 6819
F 7151 7084 7085
F 7152 7151 7085
F 7355 7287 7288
F 7287 7355 7354
F 7287 7221 7288
F 7287 7220 7221
F 7219 7151 7152
F 7151 7219 7218
F 7220 7219 7153
F 7219 7152 7153
F 7346 7345 7278
F 7279 7346 7278
F 7346 7279 7280
F 7346 7280 7347
F 7414 7346 7347
F 7413 7346 7414
F 7412 7478 7411
F 7478 7412 7479
F 7412 7346 7413
F 7346 7412 7345
F 7345 7412 7344
F 7412 7411 7344
F 7479 7412 7480
F 7412 7413 7480
F 7737 7803 7736
F 7803 7737 7804
F 7736 7803 7735
F 7735 7803 7802
F 7871 7803 7804
F 7803 7871 7870
F 7803 7869 7802
F 7803 7870 7869
F 8139 8205 8138
F 8205 8139 8206
F 8139 8138 8071
F 8072 8139 8071
F 8140 8139 8073
F 8139 8072 8073
F 8206 8139 8207
F 8139 8140 8207
F 7671 7737 7670
F 7737 7671 7738
F 7603 7671 7670
F 7671 7603 7604
F 7671 7604 7605
F 7672 7671 7605
F 8073 8006 8074
F 8006 8007 8074
F 8072 8006 8073
F 8005 8006 8072
F 7671 7739 7738
F 7739 7671 7672
F 7003 6935 6936
F 6935 7003 7002
F 7205 7137 7138
F 7137 7205 7204
F 7136 7137 7203
F 7203 7137 7204
F 7404 7472 7471
F 7472 7404 7405
F 7470 7404 7471
F 7403 7404 7470
F 7403 7469 7402
F 7469 7403 7470
F 7469 7470 7537
F 7536 7469 7537
F 7200 7268 7267
F 7268 7200 7201
F 7404 7338 7405
F 7338 7404 7337
F 7338 7406 7405
F 7406 7338 7339
F 7271 7338 7270
F 7270 7338 7337
F 7338 7272 7339
F 7338 7271 7272
F 7901 7833 7834
F 7900 7833 7901
F 7965 7899 7966
F 7898 7899 7965
F 7966 7899 7967
F 7899 7900 7967
F 7899 7898 7831
F 7832 7899 7831
F 7833 7899 7832
F 7899 7833 7900
F 7417 7350 7351
F 7418 7417 7351
F 7417 7349 7350
F 7349 7417 7416
F 7417 7418 7485
F 7484 7417 7485
F 7417 7483 7416
F 7417 7484 7483
F 7489 7556 7488
F 7556 7555 7488
F 7556 7489 7490
F 7556 7490 7557
F 7623 7556 7624
F 7624 7556 7557
F 7622 7688 7621
F 7688 7622 7689
F 7622 7556 7623
F 7556 7622 7555
F 7622 7621 7554
F 7555 7622 7554
F 7622 7690 7689
F 7622 7623 7690
F 7889 7821 7822
F 7821 7889 7888
F 7890 7889 7823
F 7823 7889 7822
F 7820 7887 7819
F 7887 7886 7819
F 7887 7821 7888
F 7821 7887 7820
F 7887 7888 7955
F 7954 7887 7955
F 7953 7887 7954
F 7887 7953 7886
F 7952 7953 8019
F 8019 7953 8020
F 7953 7952 7885
F 7886 7953 7885
F 7953 8021 8020
F 8021 7953 7954
F 8090 8157 8156
F 8089 8090 8156
F 8158 8090 8091
F 8157 8090 8158
F 8090 8024 8091
F 8090 8023 8024
F 7817 7818 7885
F 7884 7817 7885
F 7685 7619 7686
F 7685 7618 7619
F 7617 7685 7684
F 7618 7685 7617
F 7753 7685 7686
F 7752 7685 7753
F 7685 7752 7751
F 7685 7751 7684
F 8214 8148 8215
F 8148 8214 8147
F 8081 8148 8080
F 8148 8147 8080
F 4358 4357 4290
F 4291 4358 4290
F 4424 4358 4425
F 4358 4424 4357
F 4425 4358 4426
F 4358 4359 4426
F 4358 4292 4359
F 4292 4358 4291
F 4226 4292 4225
F 4293 4292 4226
F 4292 4224 4225
F 4292 4291 4224
F 4360 4292 4293
F 4359 4292 4360
F 4300 4367 4299
F 4299 4367 4366
F 4433 4367 4434
F 4367 4433 4366
F 4301 4367 4300
F 4368 4367 4301
F 4434 4367 4435
F 4367 4368 4435
F 5177 5178 5245
F 5177 5245 5244
F 5045 5111 5044
F 5111 5045 5112
F 5177 5111 5178
F 5111 5177 5110
F 5111 5043 5044
F 5111 5110 5043
F 5179 5111 5112
F 5111 5179 5178
F 5179 5246 5245
F 5178 5179 5245
F 4909 4908 4842
F 4908 4841 4842
F 4908 4976 4975
F 4976 4908 4909
F 4841 4908 4840
F 4908 4907 4840
F 4974 4908 4975
F 4907 4908 4974
F 5123 5055 5056
F 5055 5123 5122
F 5055 4989 5056
F 5055 4988 4989
F 5190 5189 5122
F 5123 5190 5122
F 5190 5123 5124
F 5191 5190 5124
F 5190 5256 5189
F 5190 5257 5256
F 5190 5191 5258
F 5257 5190 5258
F 5191 5125 5192
F 5125 5191 5124
F 5192 5125 5193
F 5125 5126 5193
F 6098 6099 6149
F 6148 6098 6149
F 6147 6098 6148
F 6098 6147 6097
F 6098 6049 6099
F 6098 6048 6049
F 6047 6098 6097
F 6048 6098 6047
F 5945 5994 5944
F 5994 5945 5995
F 6048 5997 5998
F 5997 6048 6047
F 5997 5948 5998
F 5997 5947 5948
F 5997 6047 6046
F 5996 5997 6046
F 6195 6196 6245
F 6245 6196 6246
F 6247 6196 6197
F 6196 6247 6246
F 6196 6195 6145
F 6146 6196 6145
F 6196 6147 6197
F 6196 6146 6147
F 6093 6094 6143
F 6094 6144 6143
F 6193 6144 6194
F 6144 6193 6143
F 6331 6382 6381
F 6382 6331 6332
F 6333 6382 6332
F 6383 6382 6333
F 6380 6331 6381
F 6331 6380 6330
F 6430 6380 6431
F 6380 6381 6431
F 6281 6282 6332
F 6331 6281 6332
F 6280 6281 6330
F 6281 6331 6330
F 6594 6595 6644
F 6595 6645 6644
F 6595 6596 6646
F 6645 6595 6646
F 6595 6594 6544
F 6545 6595 6544
F 6596 6595 6546
F 6595 6545 6546
F 6437 6386 6387
F 6386 6437 6436
F 6439 6389 6440
F 6389 6390 6440
F 6390 6389 6340
F 6340 6389 6339
F 6389 6439 6438
F 6388 6389 6438
F 6389 6388 6338
F 6389 6338 6339
F 6134 6083 6084
F 6134 6133 6083
F 6237 6186 6187
F 6186 6237 6236
F 6187 6186 6137
F 6186 6136 6137
F 6034 6085 6084
F 6085 6034 6035
F 6281 6232 6282
F 6232 6281 6231
F 6282 6232 6283
F 6232 6233 6283
F 6490 6540 6489
F 6540 6539 6489
F 6589 6540 6590
F 6539 6540 6589
F 6540 6491 6541
F 6491 6540 6490
F 6540 6591 6590
F 6540 6541 6591
F 6441 6442 6492
F 6491 6441 6492
F 6441 6490 6440
F 6441 6491 6490
F 6390 6441 6440
F 6391 6441 6390
F 6442 6392 6443
F 6392 6393 6443
F 6441 6392 6442
F 6392 6441 6391
F 6486 6437 6487
F 6437 6486 6436
F 6489 6538 6488
F 6539 6538 6489
F 6538 6539 6589
F 6588 6538 6589
F 6479 6529 6478
F 6529 6528 6478
F 7380 7314 7381
F 7314 7380 7313
F 7314 7382 7381
F 7314 7315 7382
F 7246 7314 7313
F 7314 7246 7247
F 7113 7045 7046
F 7045 7113 7112
F 7046 7045 6979
F 7045 6978 6979
F 6713 6712 6646
F 6712 6645 6646
F 6645 6712 6644
F 6712 6711 6644
F 6913 6980 6979
F 6912 6913 6979
F 6845 6913 6912
F 6913 6845 6846
F 6914 6913 6847
F 6847 6913 6846
F 6981 6913 6914
F 6913 6981 6980
F 6981 7049 7048
F 7049 6981 6982
F 6980 6981 7047
F 7047 6981 7048
F 6981 6915 6982
F 6981 6914 6915
F 6710 6643 6644
F 6711 6710 6644
F 6911 6910 6844
F 6910 6843 6844
F 6775 6841 6774
F 6841 6775 6842
F 6841 6907 6840
F 6907 6841 6908
F 6774 6841 6773
F 6841 6840 6773
F 7106 7039 7040
F 7106 7040 7107
F 7174 7108 7175
F 7108 7174 7107
F 7174 7175 7242
F 7174 7242 7241
F 7174 7106 7107
F 7106 7174 7173
F 7240 7174 7241
F 7173 7174 7240
F 7231 7232 7298
F 7232 7299 7298
F 7029 7095 7028
F 7095 7029 7096
F 7095 7163 7162
F 7095 7096 7163
F 7235 7303 7302
F 7303 7235 7236
F 7169 7235 7168
F 7235 7169 7236
F 7301 7369 7368
F 7369 7301 7302
F 7301 7235 7302
F 7235 7301 7234
F 2416 2351 2352
F 2416 2352 2417
F 2352 2353 2417
F 2353 2418 2417
F 2101 2144 2100
F 2144 2101 2145
F 2015 2061 2014
F 2061 2015 2062
F 1867 1919 1918
F 1866 1867 1918
F 1813 1867 1812
F 1867 1866 1812
F 1688 1623 1624
F 1689 1688 1624
F 2418 2482 2417
F 2483 2482 2418
F 2416 2482 2481
F 2482 2416 2417
F 2482 2483 2548
F 2547 2482 2548
F 2482 2546 2481
F 2546 2482 2547
F 3072 3136 3071
F 3072 3137 3136
F 2612 2546 2547
F 2546 2612 2611
F 2612 2547 2548
F 2612 2548 2613
F 2612 2676 2611
F 2676 2612 2677
F 2993 2929 2994
F 2993 2928 2929
F 3183 3119 3184
F 3118 3119 3183
F 3057 2993 3058
F 2993 3057 2992
F 3122 3057 3123
F 3057 3058 3123
F 3057 2991 2992
F 2991 3057 3056
F 3057 3122 3121
F 3056 3057 3121
F 2926 2991 2990
F 2925 2926 2990
F 2922 2858 2923
F 2858 2922 2857
F 2858 2794 2859
F 2794 2858 2793
F 2924 2988 2923
F 2988 2924 2989
F 2924 2858 2859
F 2858 2924 2923
F 2924 2925 2990
F 2989 2924 2990
F 3059 2993 2994
F 2993 3059 3058
F 2995 3059 2994
F 3060 3059 2995
F 2676 2742 2741
F 2742 2676 2677
F 2931 2995 2930
F 2995 2931 2996
F 2997 2998 3063
F 3062 2997 3063
F 2931 2997 2996
F 2997 2931 2932
F 1632 1568 1633
F 1568 1632 1567
F 1370 1436 1435
F 1436 1370 1371
F 1815 1757 1758
F 1757 1815 1814
F 1557 1623 1622
F 1623 1557 1558
F 1690 1689 1624
F 1690 1624 1625
F 1627 1563 1628
F 1563 1627 1562
F 1563 1564 1629
F 1628 1563 1629
F 1499 1563 1498
F 1563 1499 1564
F 1508 1444 1509
F 1444 1508 1443
F 1637 1702 1636
F 1636 1702 1701
F 720 719 655
F 719 654 655
F 1235 1169 1170
F 1169 1235 1234
F 1295 1231 1296
F 1231 1295 1230
F 4180 4247 4179
F 4179 4247 4246
F 4313 4380 4379
F 4312 4313 4379
F 4245 4313 4312
F 4313 4245 4246
F 4247 4313 4246
F 4313 4247 4314
F 4442 4443 4509
F 4443 4510 4509
F 4443 4442 4375
F 4376 4443 4375
F 4510 4443 4511
F 4443 4444 4511
F 4443 4376 4377
F 4444 4443 4377
F 4710 4778 4777
F 4778 4710 4711
F 4712 4778 4711
F 4778 4712 4779
F 4777 4778 4844
F 4778 4845 4844
F 5052 5051 4985
F 5051 4984 4985
F 5051 4983 4984
F 4983 5051 5050
F 5051 5052 5119
F 5118 5051 5119
F 5051 5117 5050
F 5051 5118 5117
F 4512 4444 4445
F 4444 4512 4511
F 4914 4982 4981
F 4982 4914 4915
F 4982 5048 4981
F 4982 5049 5048
F 5049 4982 5050
F 4982 4983 5050
F 4916 4982 4915
F 4983 4982 4916
F 4720 4786 4719
F 4786 4720 4787
F 5947 5898 5948
F 5898 5947 5897
F 5848 5898 5847
F 5847 5898 5897
F 5522 5589 5521
F 5589 5588 5521
F 5655 5587 5588
F 5587 5655 5654
F 5589 5655 5588
F 5655 5589 5656
F 5654 5655 5721
F 5655 5722 5721
F 5722 5655 5723
F 5655 5656 5723
F 5726 5725 5659
F 5725 5658 5659
F 5793 5725 5726
F 5725 5793 5792
F 5791 5725 5792
F 5724 5725 5791
F 5589 5657 5656
F 5657 5589 5590
F 5657 5725 5724
F 5725 5657 5658
F 5591 5657 5590
F 5658 5657 5591
F 5657 5724 5723
F 5656 5657 5723
F 5591 5524 5592
F 5524 5525 5592
F 5526 5527 5594
F 5593 5526 5594
F 5460 5526 5459
F 5527 5526 5460
F 5526 5593 5592
F 5525 5526 5592
F 5526 5458 5459
F 5526 5525 5458
F 5593 5661 5660
F 5661 5593 5594
F 5661 5727 5660
F 5661 5728 5727
F 5595 5661 5594
F 5662 5661 5595
F 5661 5662 5729
F 5728 5661 5729
F 5584 5516 5517
F 5583 5516 5584
F 5516 5449 5450
F 5516 5450 5517
F 5515 5516 5582
F 5516 5583 5582
F 5449 5516 5448
F 5516 5515 5448
F 5512 5580 5579
F 5580 5512 5513
F 5514 5580 5513
F 5581 5580 5514
F 5834 5884 5883
F 5833 5834 5883
F 5933 5882 5883
F 5932 5882 5933
F 6128 6078 6079
F 6129 6128 6079
F 6030 6031 6080
F 6031 6081 6080
F 6039 5988 5989
F 5988 6039 6038
F 5988 5939 5989
F 5939 5988 5938
F 6037 5988 6038
F 5987 5988 6037
F 5938 5988 5937
F 5988 5987 5937
F 5032 5099 5098
F 5032 5098 5031
F 4970 4969 4902
F 4970 4902 4903
F 5036 4970 5037
F 4969 4970 5036
F 4904 4970 4903
F 4971 4970 4904
F 4970 5038 5037
F 4970 4971 5038
F 5042 5108 5041
F 5108 5042 5109
F 5108 5040 5041
F 5040 5108 5107
F 5040 5039 4972
F 4973 5040 4972
F 5040 4974 5041
F 5040 4973 4974
F 5027 4961 5028
F 4961 5027 4960
F 5029 4961 4962
F 4961 5029 5028
F 4894 4961 4893
F 4893 4961 4960
F 4961 4895 4962
F 4961 4894 4895
F 5247 5315 5314
F 5247 5248 5315
F 4430 4363 4364
F 4430 4364 4431
F 4430 4431 4498
F 4497 4430 4498
F 4627 4694 4626
F 4626 4694 4693
F 4694 4761 4760
F 4693 4694 4760
F 4694 4627 4628
F 4695 4694 4628
F 4761 4694 4762
F 4694 4695 4762
F 4956 4889 4957
F 4889 4890 4957
F 4823 4889 4822
F 4889 4823 4890
F 4955 4889 4956
F 4888 4889 4955
F 4889 4821 4822
F 4889 4888 4821
F 4557 4625 4624
F 4625 4557 4558
F 4557 4491 4558
F 4557 4490 4491
F 5093 5025 5026
F 5025 5093 5092
F 5025 5091 5024
F 5091 5025 5092
F 5025 5024 4957
F 4958 5025 4957
F 5027 4959 4960
F 4959 5027 5026
F 4959 5025 4958
F 5025 4959 5026
F 4893 4959 4892
F 4959 4893 4960
F 4959 4891 4892
F 4959 4958 4891
F 504 439 505
F 439 440 505
F 684 618 619
F 618 684 683
F 159 158 94
F 158 93 94
F 115 116 180
F 116 181 180
F 181 116 182
F 116 117 182
F 167 102 103
F 167 103 168
F 5500 5432 5433
F 5499 5432 5500
F 5432 5366 5433
F 5432 5365 5366
F 5229 5296 5228
F 5228 5296 5295
F 5296 5229 5230
F 5296 5230 5297
F 5296 5362 5295
F 5296 5363 5362
F 5364 5296 5297
F 5363 5296 5364
F 701 765 700
F 765 701 766
F 5931 5882 5932
F 5882 5931 5881
F 5931 5930 5880
F 5881 5931 5880
F 5777 5710 5711
F 5778 5777 5711
F 5710 5777 5709
F 5777 5776 5709
F 5778 5712 5779
F 5712 5778 5711
F 5779 5712 5780
F 5712 5713 5780
F 5573 5641 5640
F 5641 5573 5574
F 5573 5640 5639
F 5572 5573 5639
F 5372 5440 5439
F 5440 5372 5373
F 5371 5372 5438
F 5372 5439 5438
F 5372 5306 5373
F 5306 5372 5305
F 5372 5371 5304
F 5305 5372 5304
F 5380 5381 5448
F 5447 5380 5448
F 5445 5446 5513
F 5512 5445 5513
F 5511 5445 5512
F 5445 5511 5444
F 5511 5579 5578
F 5511 5512 5579
F 5511 5443 5444
F 5443 5511 5510
F 5510 5511 5577
F 5577 5511 5578
F 4414 4348 4415
F 4348 4414 4347
F 4281 4348 4280
F 4348 4347 4280
F 4485 4417 4418
F 4484 4417 4485
F 4417 4351 4418
F 4417 4350 4351
F 4666 4598 4599
F 4598 4666 4665
F 4532 4598 4531
F 4599 4598 4532
F 4597 4598 4664
F 4664 4598 4665
F 4598 4597 4530
F 4598 4530 4531
F 4666 4732 4665
F 4732 4666 4733
F 4800 4732 4733
F 4799 4732 4800
F 4732 4799 4798
F 4731 4732 4798
F 4732 4664 4665
F 4732 4731 4664
F 4469 4537 4536
F 4537 4469 4470
F 4535 4469 4536
F 4468 4469 4535
F 5004 5070 5003
F 5070 5004 5071
F 5137 5070 5138
F 5138 5070 5071
F 4480 4414 4481
F 4480 4413 4414
F 4548 4480 4481
F 4547 4480 4548
F 4480 4479 4412
F 4413 4480 4412
F 4480 4547 4546
F 4479 4480 4546
F 4413 4346 4414
F 4414 4346 4347
F 4346 4279 4280
F 4347 4346 4280
F 4346 4413 4412
F 4345 4346 4412
F 4279 4346 4278
F 4346 4345 4278
F 4341 4274 4342
F 4274 4275 4342
F 4274 4341 4340
F 4273 4274 4340
F 4275 4274 4208
F 4274 4207 4208
F 4274 4206 4207
F 4206 4274 4273
F 4271 4337 4270
F 4337 4271 4338
F 4679 4747 4746
F 4747 4679 4680
F 4679 4613 4680
F 4679 4612 4613
F 4880 4812 4813
F 4880 4879 4812
F 4879 4880 4946
F 4880 4947 4946
F 4681 4748 4680
F 4748 4747 4680
F 4748 4814 4747
F 4814 4748 4815
F 4748 4816 4815
F 4748 4749 4816
F 4748 4682 4749
F 4682 4748 4681
F 4682 4615 4616
F 4683 4682 4616
F 4682 4614 4615
F 4682 4681 4614
F 4749 4682 4750
F 4682 4683 4750
F 4887 4820 4821
F 4888 4887 4821
F 4887 4888 4955
F 4887 4955 4954
F 4886 4887 4953
F 4953 4887 4954
F 4818 4884 4817
F 4884 4818 4885
F 5021 4955 5022
F 4955 5021 4954
F 5021 5020 4953
F 5021 4953 4954
F 5695 5696 5762
F 5762 5696 5763
F 5628 5696 5695
F 5629 5696 5628
F 5623 5555 5556
F 5555 5623 5622
F 5621 5555 5622
F 5554 5555 5621
F 8242 8308 8241
F 8308 8242 8309
F 8242 8241 8174
F 8175 8242 8174
F 7235 7167 7168
F 7167 7235 7234
F 7167 7100 7101
F 7167 7101 7168
F 7237 7303 7236
F 7303 7237 7304
F 7239 7173 7240
F 7173 7239 7172
F 7371 7303 7304
F 7303 7371 7370
F 7437 7371 7438
F 7370 7371 7437
F 7372 7371 7305
F 7305 7371 7304
F 7371 7439 7438
F 7371 7372 7439
F 7307 7239 7240
F 7239 7307 7306
F 7307 7240 7241
F 7308 7307 7241
F 7306 7307 7373
F 7307 7374 7373
F 7374 7307 7375
F 7307 7308 7375
F 7507 7575 7574
F 7575 7507 7508
F 7573 7507 7574
F 7507 7573 7506
F 7507 7440 7441
F 7507 7441 7508
F 7439 7507 7506
F 7440 7507 7439
F 7575 7509 7576
F 7509 7575 7508
F 7442 7509 7441
F 7441 7509 7508
F 8050 8049 7983
F 8049 7982 7983
F 8049 7981 7982
F 8049 8048 7981
F 7977 8045 8044
F 8045 7977 7978
F 7979 7978 7911
F 7912 7979 7911
F 8045 7979 8046
F 7979 8045 7978
F 7846 7778 7779
F 7845 7778 7846
F 7712 7778 7711
F 7778 7712 7779
F 7711 7778 7710
F 7778 7777 7710
F 7778 7844 7777
F 7844 7778 7845
F 7910 7844 7911
F 7844 7910 7843
F 7844 7845 7912
F 7844 7912 7911
F 7777 7844 7776
F 7776 7844 7843
F 7244 7310 7243
F 7310 7244 7311
F 7378 7310 7311
F 7310 7378 7377
F 7570 7638 7637
F 7638 7570 7571
F 7637 7638 7704
F 7638 7705 7704
F 7784 7718 7785
F 7718 7784 7717
F 7852 7784 7785
F 7851 7784 7852
F 8313 8247 8314
F 8247 8313 8246
F 8247 8315 8314
F 8247 8248 8315
F 7921 7987 7920
F 7988 7987 7921
F 8054 7987 8055
F 7987 7988 8055
F 8053 8120 8119
F 8052 8053 8119
F 8053 8121 8120
F 8053 8054 8121
F 6397 6396 6347
F 6347 6396 6346
F 6446 6396 6447
F 6396 6397 6447
F 6296 6345 6295
F 6345 6296 6346
F 6245 6296 6295
F 6296 6245 6246
F 6296 6347 6346
F 6296 6297 6347
F 6247 6296 6246
F 6297 6296 6247
F 6498 6549 6548
F 6498 6499 6549
F 6547 6498 6548
F 6498 6547 6497
F 6498 6497 6447
F 6448 6498 6447
F 6449 6498 6448
F 6498 6449 6499
F 6449 6399 6400
F 6450 6449 6400
F 6449 6450 6500
F 6499 6449 6500
F 6449 6398 6399
F 6449 6448 6398
F 7249 7250 7317
F 7249 7317 7316
F 7250 7249 7183
F 7249 7182 7183
F 7051 7118 7117
F 7050 7051 7117
F 7119 7051 7052
F 7051 7119 7118
F 7051 7050 6983
F 6984 7051 6983
F 7051 6985 7052
F 7051 6984 6985
F 7721 7655 7722
F 7655 7721 7654
F 7722 7655 7723
F 7655 7656 7723
F 7655 7654 7587
F 7588 7655 7587
F 7656 7655 7589
F 7655 7588 7589
F 7452 7385 7386
F 7453 7452 7386
F 941 942 1007
F 1006 941 1007
F 87 153 152
F 153 87 88
F 220 155 156
F 220 156 221
F 286 220 221
F 220 286 285
F 2061 2013 2014
F 2013 2061 2060
F 1966 2013 1965
F 2013 1966 2014
F 2013 1964 1965
F 1964 2013 2012
F 2057 2009 2010
F 2009 2057 2056
F 2011 1964 2012
F 1964 2011 1963
F 2011 2057 2010
F 2057 2011 2058
F 1962 2011 2010
F 2011 1962 1963
F 1962 2009 1961
F 2009 1962 2010
F 1091 1155 1090
F 1155 1091 1156
F 1159 1223 1158
F 1223 1159 1224
F 1158 1223 1157
F 1223 1222 1157
F 1095 1159 1094
F 1159 1095 1160
F 1554 1490 1555
F 1490 1554 1489
F 1490 1489 1424
F 1425 1490 1424
F 1359 1425 1424
F 1425 1359 1360
F 1289 1223 1224
F 1223 1289 1288
F 1483 1484 1548
F 1484 1549 1548
F 1418 1484 1483
F 1484 1418 1419
F 1484 1485 1550
F 1484 1550 1549
F 1854 1907 1906
F 1907 1854 1855
F 1905 1854 1906
F 1854 1905 1853
F 1681 1615 1616
F 1615 1681 1680
F 1681 1746 1745
F 1681 1745 1680
F 1911 1860 1912
F 1860 1911 1859
F 1911 1962 1961
F 1962 1911 1912
F 1960 1911 1961
F 1911 1960 1910
F 1858 1911 1910
F 1911 1858 1859
F 1215 1279 1214
F 1279 1215 1280
F 1153 1217 1152
F 1217 1153 1218
F 1283 1217 1218
F 1217 1283 1282
F 174 110 175
F 110 174 109
F 697 632 698
F 632 633 698
F 297 296 231
F 232 297 231
F 296 297 361
F 297 362 361
F 297 363 362
F 363 297 298
F 429 363 364
F 363 429 428
F 367 302 303
F 368 367 303
F 1472 1406 1407
F 1406 1472 1471
F 1206 1271 1270
F 1206 1270 1205
F 1143 1209 1208
F 1144 1209 1143
F 1081 1146 1145
F 1081 1145 1080
F 1147 1148 1213
F 1147 1213 1212
F 1081 1147 1146
F 1147 1081 1082
F 1211 1147 1212
F 1147 1211 1146
F 1020 956 1021
F 956 1020 955
F 892 827 828
F 892 828 893
F 1594 1530 1595
F 1530 1594 1529
F 1530 1596 1595
F 1596 1530 1531
F 4943 5010 4942
F 4942 5010 5009
F 5076 5010 5077
F 5010 5076 5009
F 5077 5010 5078
F 5010 5011 5078
F 5010 4944 5011
F 4944 5010 4943
F 4878 4944 4877
F 4945 4944 4878
F 4944 4945 5012
F 5011 4944 5012
F 4876 4944 4943
F 4944 4876 4877
F 4738 4805 4737
F 4805 4804 4737
F 4805 4739 4806
F 4739 4805 4738
F 4805 4806 4873
F 4872 4805 4873
F 4871 4805 4872
F 4805 4871 4804
F 4871 4937 4870
F 4937 4871 4938
F 4803 4871 4870
F 4804 4871 4803
F 4871 4872 4939
F 4871 4939 4938
F 4673 4605 4606
F 4673 4672 4605
F 4674 4673 4607
F 4673 4606 4607
F 4672 4673 4739
F 4673 4740 4739
F 4741 4673 4674
F 4740 4673 4741
F 5605 5537 5538
F 5537 5605 5604
F 5672 5605 5673
F 5673 5605 5606
F 5605 5539 5606
F 5605 5538 5539
F 5671 5605 5672
F 5605 5671 5604
F 5671 5739 5738
F 5671 5672 5739
F 5671 5670 5603
F 5671 5603 5604
F 5671 5737 5670
F 5737 5671 5738
F 5803 5737 5804
F 5737 5803 5736
F 5737 5738 5805
F 5804 5737 5805
F 5669 5737 5736
F 5670 5737 5669
F 5406 5407 5473
F 5407 5474 5473
F 5407 5339 5340
F 5407 5406 5339
F 5474 5407 5475
F 5407 5408 5475
F 5341 5407 5340
F 5408 5407 5341
F 5910 5859 5860
F 5859 5910 5909
F 5859 5810 5860
F 5810 5859 5809
F 5908 5859 5909
F 5858 5859 5908
F 5859 5808 5809
F 5859 5858 5808
F 5678 5679 5746
F 5745 5678 5746
F 5678 5611 5612
F 5679 5678 5612
F 5744 5678 5745
F 5677 5678 5744
F 5611 5678 5610
F 5678 5677 5610
F 6072 6122 6121
F 6071 6072 6121
F 6072 6071 6021
F 6022 6072 6021
F 6072 6123 6122
F 6072 6073 6123
F 6023 6072 6022
F 6073 6072 6023
F 6271 6320 6270
F 6320 6271 6321
F 6415 6365 6416
F 6365 6366 6416
F 6165 6164 6114
F 6165 6114 6115
F 6166 6165 6116
F 6116 6165 6115
F 5545 5546 5612
F 5546 5613 5612
F 5546 5478 5479
F 5478 5546 5545
F 5546 5479 5480
F 5547 5546 5480
F 5614 5546 5547
F 5546 5614 5613
F 5614 5615 5682
F 5681 5614 5682
F 5614 5681 5680
F 5613 5614 5680
F 5615 5614 5548
F 5614 5547 5548
F 1615 1614 1550
F 1550 1614 1549
F 1614 1615 1680
F 1679 1614 1680
F 1539 1475 1540
F 1475 1539 1474
F 1796 1739 1740
F 1797 1796 1740
F 1670 1671 1735
F 1671 1736 1735
F 1671 1737 1736
F 1737 1671 1672
F 1479 1413 1414
F 1413 1479 1478
F 1349 1413 1348
F 1414 1413 1349
F 1347 1283 1348
F 1283 1347 1282
F 1413 1347 1348
F 1347 1413 1412
F 1477 1413 1478
F 1413 1477 1412
F 2184 2228 2227
F 2228 2184 2185
F 1708 1772 1707
F 1772 1708 1773
F 1708 1774 1773
F 1708 1709 1774
F 1708 1707 1642
F 1643 1708 1642
F 1646 1582 1647
F 1582 1646 1581
F 1648 1582 1583
F 1582 1648 1647
F 1518 1582 1517
F 1582 1518 1583
F 1779 1780 1836
F 1780 1837 1836
F 1837 1892 1891
F 1892 1837 1838
F 1944 1892 1945
F 1892 1893 1945
F 1839 1892 1838
F 1893 1892 1839
F 1843 1785 1786
F 1785 1843 1842
F 1721 1785 1720
F 1785 1721 1786
F 1843 1897 1842
F 1842 1897 1896
F 2032 1985 2033
F 1985 2032 1984
F 1934 1985 1984
F 1985 1934 1935
F 2034 1985 1986
F 1985 2034 2033
F 1936 1985 1935
F 1986 1985 1936
F 2126 2170 2169
F 2125 2126 2169
F 2086 2131 2130
F 2085 2086 2130
F 1942 1889 1890
F 1889 1942 1941
F 1832 1831 1774
F 1832 1774 1775
F 1833 1832 1776
F 1776 1832 1775
F 1888 1940 1939
F 1888 1939 1887
F 1888 1889 1941
F 1940 1888 1941
F 1988 2035 1987
F 2035 1988 2036
F 1988 1987 1937
F 1938 1988 1937
F 1989 1988 1938
F 1989 1938 1939
F 1989 2037 2036
F 1988 1989 2036
F 1771 1705 1706
F 1705 1771 1770
F 1707 1771 1706
F 1772 1771 1707
F 861 795 796
F 861 860 795
F 1194 1130 1195
F 1129 1130 1194
F 1193 1257 1192
F 1257 1193 1258
F 1323 1387 1322
F 1387 1323 1388
F 1389 1323 1324
F 1323 1389 1388
F 1257 1323 1322
F 1323 1257 1258
F 1251 1316 1315
F 1251 1315 1250
F 81 147 146
F 147 81 82
F 217 151 152
F 217 216 151
F 345 409 344
F 409 345 410
F 479 543 478
F 543 479 544
F 286 350 285
F 350 286 351
F 285 350 284
F 350 349 284
F 671 670 606
F 606 670 605
F 670 671 736
F 735 670 736
F 609 673 608
F 673 609 674
F 604 540 605
F 540 604 539
F 540 606 605
F 540 541 606
F 476 540 475
F 541 540 476
F 872 871 806
F 807 872 806
F 545 481 546
F 481 545 480
F 545 609 544
F 609 545 610
F 545 479 480
F 479 545 544
F 610 545 611
F 545 546 611
F 740 805 804
F 740 804 739
F 677 613 678
F 613 677 612
F 1390 1389 1324
F 1325 1390 1324
F 1390 1455 1454
F 1389 1390 1454
F 1326 1390 1325
F 1390 1326 1391
F 1260 1326 1325
F 1326 1260 1261
F 1326 1261 1262
F 1327 1326 1262
F 1392 1326 1327
F 1326 1392 1391
F 1392 1458 1457
F 1458 1392 1393
F 1456 1390 1391
F 1390 1456 1455
F 1456 1392 1457
F 1392 1456 1391
F 1461 1397 1462
F 1397 1461 1396
F 1329 1395 1394
F 1395 1329 1330
F 1331 1395 1330
F 1395 1331 1396
F 1461 1395 1396
F 1395 1461 1460
F 1395 1459 1394
F 1459 1395 1460
F 1459 1458 1393
F 1394 1459 1393
F 867 801 802
F 801 867 866
F 865 801 866
F 800 801 865
F 801 735 736
F 801 800 735
F 997 996 931
F 997 931 932
F 996 997 1061
F 997 1062 1061
F 1002 1003 1067
F 1003 1068 1067
F 2856 2792 2857
F 2792 2856 2791
F 2858 2792 2793
F 2792 2858 2857
F 2726 2792 2791
F 2727 2792 2726
F 2728 2792 2727
F 2792 2728 2793
F 2728 2794 2793
F 2794 2728 2729
F 2662 2728 2727
F 2728 2662 2663
F 2662 2726 2661
F 2662 2727 2726
F 2662 2661 2596
F 2597 2662 2596
F 2347 2283 2348
F 2283 2347 2282
F 2409 2345 2410
F 2345 2409 2344
F 2347 2411 2346
F 2411 2347 2412
F 2345 2411 2410
F 2411 2345 2346
F 58 2345 2344
F 10 58 2344
F 2598 2532 2533
F 2598 2597 2532
F 2662 2598 2663
F 2598 2662 2597
F 2601 2665 2600
F 2665 2601 2666
F 2602 2601 2537
F 2601 2536 2537
F 2601 2535 2536
F 2535 2601 2600
F 2470 2535 2469
F 2535 2534 2469
F 2535 2470 2471
F 2536 2535 2471
F 2922 2986 2921
F 2986 2922 2987
F 3052 2986 2987
F 2986 3052 3051
F 2981 2980 2916
F 2980 2915 2916
F 2915 2851 2916
F 2851 2915 2850
F 2851 2785 2786
F 2785 2851 2850
F 2916 2851 2917
F 2851 2852 2917
F 4016 4080 4015
F 4080 4016 4081
F 4011 3947 4012
F 3947 4011 3946
F 4011 3945 3946
F 4011 4010 3945
F 4077 4011 4012
F 4011 4077 4076
F 4077 4012 4013
F 4078 4077 4013
F 6747 6748 6814
F 6748 6815 6814
F 6815 6748 6816
F 6816 6748 6749
F 3495 3431 3496
F 3431 3495 3430
F 3690 3756 3755
F 3756 3690 3691
F 3755 3756 3820
F 3756 3821 3820
F 3496 3562 3561
F 3562 3496 3497
F 3881 3947 3946
F 3947 3881 3882
F 3881 3815 3816
F 3881 3880 3815
F 3945 3881 3946
F 3880 3881 3945
F 3881 3817 3882
F 3817 3881 3816
F 3109 3045 3110
F 3045 3109 3044
F 3043 3109 3108
F 3109 3043 3044
F 3109 3110 3175
F 3174 3109 3175
F 3108 3109 3173
F 3109 3174 3173
F 3241 3176 3177
F 3242 3241 3177
F 3176 3241 3175
F 3241 3240 3175
F 3502 3438 3503
F 3438 3502 3437
F 3236 3300 3235
F 3300 3236 3301
F 3170 3236 3235
F 3236 3170 3171
F 2979 3045 3044
F 2979 2980 3045
F 2915 2979 2914
F 2980 2979 2915
F 2911 2976 2910
F 2910 2976 2975
F 2976 2912 2977
F 2912 2976 2911
F 2846 2845 2780
F 2781 2846 2780
F 2846 2911 2910
F 2845 2846 2910
F 2846 2912 2911
F 2912 2846 2847
F 3485 3421 3486
F 3421 3485 3420
F 3354 3355 3420
F 3419 3354 3420
F 3354 3290 3355
F 3290 3354 3289
F 3224 3290 3289
F 3290 3224 3225
F 2968 3032 2967
F 3032 2968 3033
F 3098 3032 3033
F 3032 3098 3097
F 3229 3228 3164
F 3228 3163 3164
F 2711 2777 2776
F 2712 2777 2711
F 2713 2777 2712
F 2777 2713 2778
F 2713 2712 2647
F 2648 2713 2647
F 2585 2650 2584
F 2650 2649 2584
F 2715 2650 2716
F 2650 2651 2716
F 2651 2650 2586
F 2650 2585 2586
F 2782 2846 2781
F 2846 2782 2847
F 2782 2781 2716
F 2717 2782 2716
F 2718 2654 2719
F 2654 2718 2653
F 2718 2652 2653
F 2718 2717 2652
F 1999 2047 1998
F 2047 2046 1998
F 2177 2219 2176
F 2219 2177 2220
F 2177 2178 2221
F 2220 2177 2221
F 2383 2319 2384
F 2319 2383 2318
F 2384 2319 2385
F 2385 2319 2320
F 2266 2319 2265
F 2265 2319 2318
F 2319 2266 2267
F 2319 2267 2320
F 2318 2382 2317
F 2383 2382 2318
F 2322 2388 2387
F 2323 2388 2322
F 2526 2591 2590
F 2525 2526 2590
F 2526 2460 2461
F 2460 2526 2525
F 2462 2526 2461
F 2527 2526 2462
F 2592 2526 2527
F 2526 2592 2591
F 2592 2593 2658
F 2657 2592 2658
F 2591 2592 2656
F 2592 2657 2656
F 2593 2592 2528
F 2592 2527 2528
F 2331 2279 2332
F 2278 2279 2331
F 3817 3751 3752
F 3751 3817 3816
F 3489 3555 3554
F 3555 3489 3490
F 3555 3619 3554
F 3619 3555 3620
F 3495 3429 3430
F 3429 3495 3494
F 3361 3296 3297
F 3361 3297 3362
F 3488 3489 3554
F 3553 3488 3554
F 3615 3681 3680
F 3681 3615 3616
F 3551 3615 3550
F 3615 3551 3616
F 3679 3615 3680
F 3614 3615 3679
F 3942 4008 4007
F 4008 3942 3943
F 4008 4072 4007
F 4072 4008 4073
F 3878 3813 3879
F 3813 3814 3879
F 3877 3878 3943
F 3942 3877 3943
F 3877 3813 3878
F 3813 3877 3812
F 3737 3672 3673
F 3738 3737 3673
F 3552 3488 3553
F 3488 3552 3487
F 3617 3552 3618
F 3552 3553 3618
F 3551 3552 3616
F 3552 3617 3616
F 3552 3551 3486
F 3552 3486 3487
F 3738 3674 3739
F 3674 3738 3673
F 3549 3615 3614
F 3615 3549 3550
F 3418 3354 3419
F 3354 3418 3353
F 3353 3418 3352
F 3418 3417 3352
F 3416 3417 3482
F 3416 3482 3481
F 3417 3416 3352
F 3416 3351 3352
F 3224 3160 3225
F 3160 3224 3159
F 3096 3032 3097
F 3032 3096 3031
F 3096 3095 3030
F 3096 3030 3031
F 3094 3158 3093
F 3158 3094 3159
F 3094 3160 3159
F 3160 3094 3095
F 2900 2836 2901
F 2836 2900 2835
F 2966 2902 2967
F 2902 2966 2901
F 2966 3032 3031
F 3032 2966 2967
F 2966 2900 2901
F 2900 2966 2965
F 3030 2966 3031
F 2965 2966 3030
F 2830 2829 2764
F 2765 2830 2764
F 2830 2895 2894
F 2829 2830 2894
F 2961 3025 2960
F 3025 2961 3026
F 2709 2643 2644
F 2643 2709 2708
F 2709 2645 2710
F 2645 2709 2644
F 2709 2773 2708
F 2773 2709 2774
F 2709 2710 2775
F 2774 2709 2775
F 2766 2701 2767
F 2767 2701 2702
F 2172 2215 2171
F 2171 2215 2214
F 2217 2174 2175
F 2217 2175 2218
F 2517 2583 2582
F 2583 2517 2518
F 2649 2583 2584
F 2648 2583 2649
F 2582 2583 2647
F 2583 2648 2647
F 2391 2455 2390
F 2455 2391 2456
F 2521 2455 2456
F 2520 2455 2521
F 2959 2893 2894
F 2893 2959 2958
F 2957 2893 2958
F 2893 2957 2892
F 6472 6423 6473
F 6423 6472 6422
F 6473 6423 6474
F 6423 6424 6474
F 6326 6376 6375
F 6326 6375 6325
F 6275 6326 6325
F 6326 6275 6276
F 6421 6471 6420
F 6471 6470 6420
F 6471 6421 6422
F 6472 6471 6422
F 6470 6471 6520
F 6471 6521 6520
F 6471 6472 6522
F 6521 6471 6522
F 3219 3283 3218
F 3283 3219 3284
F 3217 3283 3282
F 3283 3217 3218
F 3283 3347 3282
F 3283 3348 3347
F 6825 6758 6759
F 6826 6825 6759
F 6960 7027 7026
F 6959 6960 7026
F 7029 7097 7096
F 7097 7029 7030
F 7096 7097 7163
F 7163 7097 7164
F 7031 7097 7030
F 7097 7031 7098
F 6963 7031 7030
F 7031 6963 6964
F 6760 6826 6759
F 6826 6760 6827
F 6760 6828 6827
F 6760 6761 6828
F 6957 7023 6956
F 7023 6957 7024
F 6955 7023 7022
F 7023 6955 6956
F 7090 7023 7091
F 7091 7023 7024
F 7022 7023 7089
F 7023 7090 7089
F 3267 3203 3268
F 3203 3267 3202
F 3266 3201 3202
F 3267 3266 3202
F 3332 3266 3267
F 3266 3332 3331
F 3451 3386 3452
F 3386 3387 3452
F 3386 3322 3387
F 3322 3386 3321
F 3450 3386 3451
F 3385 3386 3450
F 3386 3320 3321
F 3386 3385 3320
F 3514 3450 3515
F 3514 3449 3450
F 3317 3318 3383
F 3382 3317 3383
F 3317 3253 3318
F 3317 3252 3253
F 3114 3050 3115
F 3050 3114 3049
F 3114 3180 3179
F 3180 3114 3115
F 3178 3114 3179
F 3113 3114 3178
F 3310 3309 3245
F 3309 3244 3245
F 3244 3309 3243
F 3309 3308 3243
F 3117 3052 3053
F 3118 3117 3053
F 3051 3117 3116
F 3052 3117 3051
F 3117 3118 3183
F 3182 3117 3183
F 3181 3117 3182
F 3117 3181 3116
F 3181 3115 3116
F 3181 3180 3115
F 3181 3246 3245
F 3180 3181 3245
F 3181 3247 3246
F 3181 3182 3247
F 3516 3580 3515
F 3581 3580 3516
F 3646 3710 3645
F 3710 3646 3711
F 3646 3581 3582
F 3647 3646 3582
F 3646 3580 3581
F 3580 3646 3645
F 3519 3453 3454
F 3453 3519 3518
F 3586 3651 3585
F 3585 3651 3650
F 3651 3586 3587
F 3652 3651 3587
F 6825 6757 6758
F 6757 6825 6824
F 3376 3441 3375
F 3375 3441 3440
F 3827 3763 3828
F 3763 3827 3762
F 3827 3892 3891
F 3826 3827 3891
F 3827 3828 3893
F 3892 3827 3893
F 4087 4023 4088
F 4023 4087 4022
F 3958 4023 3957
F 3957 4023 4022
F 7362 7428 7361
F 7428 7362 7429
F 7362 7363 7430
F 7362 7430 7429
F 7290 7358 7357
F 7291 7358 7290
F 7358 7291 7292
F 7359 7358 7292
F 7494 7426 7427
F 7493 7426 7494
F 7426 7360 7427
F 7426 7359 7360
F 7626 7693 7692
F 7625 7626 7692
F 7694 7626 7627
F 7626 7694 7693
F 7627 7626 7560
F 7626 7559 7560
F 7626 7558 7559
F 7558 7626 7625
F 7558 7490 7491
F 7490 7558 7557
F 7558 7625 7624
F 7558 7624 7557
F 7559 7558 7492
F 7492 7558 7491
F 7430 7496 7429
F 7497 7496 7430
F 7496 7495 7428
F 7496 7428 7429
F 7628 7696 7695
F 7696 7628 7629
F 6857 6856 6790
F 6856 6789 6790
F 6789 6856 6788
F 6856 6855 6788
F 6726 6794 6793
F 6794 6726 6727
F 6991 6925 6992
F 6925 6991 6924
F 6925 6926 6993
F 6925 6993 6992
F 6209 6258 6208
F 6258 6209 6259
F 6309 6310 6360
F 6359 6309 6360
F 6309 6260 6310
F 6260 6309 6259
F 6309 6258 6259
F 6258 6309 6308
F 6309 6358 6308
F 6358 6309 6359
F 6357 6358 6407
F 6358 6408 6407
F 6358 6359 6409
F 6408 6358 6409
F 6453 6403 6454
F 6403 6404 6454
F 6452 6403 6453
F 6403 6452 6402
F 6404 6403 6354
F 6403 6353 6354
F 6352 6403 6402
F 6353 6403 6352
F 6358 6307 6308
F 6307 6358 6357
F 6307 6357 6356
F 6306 6307 6356
F 5855 5854 5804
F 5855 5804 5805
F 5806 5855 5805
F 5856 5855 5806
F 6015 5964 5965
F 6015 6014 5964
F 6016 6015 5966
F 5966 6015 5965
F 6014 6015 6064
F 6015 6065 6064
F 6066 6015 6016
F 6065 6015 6066
F 5864 5863 5813
F 5814 5864 5813
F 5864 5913 5863
F 5913 5864 5914
F 5864 5915 5914
F 5864 5865 5915
F 5864 5815 5865
F 5815 5864 5814
F 5815 5749 5816
F 5749 5815 5748
F 5748 5815 5747
F 5815 5814 5747
F 5866 5815 5816
F 5865 5815 5866
F 6809 6875 6808
F 6875 6809 6876
F 6875 6943 6942
F 6943 6875 6876
F 6875 6807 6808
F 6875 6874 6807
F 6875 6942 6941
F 6874 6875 6941
F 6367 6417 6416
F 6366 6367 6416
F 6367 6316 6317
F 6316 6367 6366
F 6417 6367 6418
F 6367 6368 6418
F 6318 6367 6317
F 6368 6367 6318
F 6164 6214 6163
F 6214 6213 6163
F 6213 6214 6263
F 6263 6214 6264
F 6160 6111 6161
F 6111 6160 6110
F 6060 6111 6110
F 6061 6111 6060
F 6062 6012 6013
F 6063 6062 6013
F 6012 6062 6011
F 6062 6061 6011
F 7391 7459 7458
F 7459 7391 7392
F 7458 7459 7525
F 7459 7526 7525
F 7527 7459 7460
F 7459 7527 7526
F 7460 7459 7393
F 7393 7459 7392
F 7594 7662 7661
F 7662 7594 7595
F 7660 7594 7661
F 7594 7660 7593
F 7595 7594 7528
F 7594 7527 7528
F 7526 7594 7593
F 7527 7594 7526
F 7394 7462 7461
F 7462 7394 7395
F 7461 7462 7528
F 7462 7529 7528
F 7599 7533 7600
F 7533 7599 7532
F 7191 7257 7190
F 7257 7191 7258
F 7191 7190 7123
F 7124 7191 7123
F 7125 7192 7124
F 7192 7191 7124
F 7060 7059 6992
F 6993 7060 6992
F 7197 7129 7130
F 7196 7129 7197
F 7129 7063 7130
F 7063 7129 7062
F 7129 7196 7195
F 7128 7129 7195
F 7800 7799 7733
F 7733 7799 7732
F 7869 7935 7868
F 7935 7869 7936
F 7935 8003 8002
F 8003 7935 7936
F 7935 7867 7868
F 7867 7935 7934
F 7867 7801 7868
F 7867 7800 7801
F 7867 7799 7800
F 7799 7867 7866
F 7795 7863 7862
F 7863 7795 7796
F 7863 7929 7862
F 7863 7930 7929
F 7997 8063 7996
F 7997 8064 8063
F 7931 7997 7930
F 7997 7931 7998
F 7929 7997 7996
F 7930 7997 7929
F 7931 7999 7998
F 7999 7931 7932
F 8065 7997 7998
F 7997 8065 8064
F 8131 8065 8132
F 8064 8065 8131
F 7999 8065 7998
F 8065 7999 8066
F 8065 8133 8132
F 8065 8066 8133
F 6931 6865 6932
F 6865 6931 6864
F 6863 6931 6930
F 6931 6863 6864
F 6999 6931 6932
F 6998 6931 6999
F 6930 6931 6997
F 6931 6998 6997
F 3998 3932 3933
F 3932 3998 3997
F 3998 4064 4063
F 4064 3998 3999
F 3869 3935 3934
F 3935 3869 3870
F 3935 3936 4001
F 4000 3935 4001
F 3934 3935 3999
F 3935 4000 3999
F 7145 7144 7078
F 7144 7077 7078
F 7144 7145 7212
F 7211 7144 7212
F 7144 7076 7077
F 7144 7143 7076
F 7144 7211 7210
F 7143 7144 7210
F 7216 7283 7282
F 7215 7216 7282
F 7284 7216 7217
F 7216 7284 7283
F 7216 7215 7148
F 7149 7216 7148
F 4067 4002 4003
F 4068 4067 4003
F 4002 4067 4001
F 4067 4066 4001
F 3940 3874 3875
F 3874 3940 3939
F 6888 6820 6821
F 6820 6888 6887
F 6886 6820 6887
F 6820 6886 6819
F 6820 6754 6821
F 6754 6820 6753
F 6752 6820 6819
F 6753 6820 6752
F 6754 6822 6821
F 6822 6754 6755
F 7086 7018 7019
F 7018 7086 7085
F 7152 7086 7153
F 7086 7152 7085
F 7086 7087 7154
F 7153 7086 7154
F 7086 7020 7087
F 7020 7086 7019
F 6954 7020 6953
F 7020 6954 7021
F 7088 7020 7021
F 7087 7020 7088
F 6953 7020 6952
F 7020 7019 6952
F 7216 7150 7217
F 7150 7216 7149
F 7217 7150 7218
F 7150 7151 7218
F 7353 7286 7354
F 7286 7287 7354
F 7286 7352 7285
F 7352 7286 7353
F 7287 7286 7220
F 7286 7219 7220
F 7286 7285 7218
F 7219 7286 7218
F 7938 8006 8005
F 8006 7938 7939
F 7938 8004 7937
F 7938 8005 8004
F 7870 7938 7937
F 7871 7938 7870
F 7808 7740 7741
F 7807 7740 7808
F 7674 7740 7673
F 7741 7740 7674
F 7740 7672 7673
F 7740 7739 7672
F 7942 8010 8009
F 8010 7942 7943
F 8006 7940 8007
F 7940 8006 7939
F 7004 7005 7072
F 7071 7004 7072
F 7005 7004 6938
F 7004 6937 6938
F 6937 7004 6936
F 7004 7003 6936
F 7004 7070 7003
F 7070 7004 7071
F 7070 7069 7002
F 7003 7070 7002
F 7070 7071 7138
F 7137 7070 7138
F 7070 7136 7069
F 7070 7137 7136
F 7400 7468 7467
F 7401 7468 7400
F 7468 7534 7467
F 7534 7468 7535
F 7469 7468 7402
F 7468 7401 7402
F 7468 7536 7535
F 7468 7469 7536
F 7336 7404 7403
F 7404 7336 7337
F 7767 7766 7700
F 7766 7699 7700
F 7766 7767 7834
F 7833 7766 7834
F 7956 7957 8024
F 8023 7956 8024
F 7957 7956 7890
F 7956 7889 7890
F 7888 7956 7955
F 7889 7956 7888
F 8155 8088 8156
F 8088 8089 8156
F 8088 8155 8154
F 8087 8088 8154
F 8088 8087 8020
F 8021 8088 8020
F 8090 8022 8023
F 8022 8090 8089
F 7956 8022 7955
F 8022 7956 8023
F 8022 8088 8021
F 8088 8022 8089
F 8022 8021 7954
F 8022 7954 7955
F 7816 7882 7815
F 7882 7816 7883
F 7816 7884 7883
F 7816 7817 7884
F 8219 8151 8152
F 8218 8151 8219
F 8085 8151 8084
F 8151 8085 8152
F 8014 8082 8081
F 8015 8082 8014
F 8082 8148 8081
F 8148 8082 8149
F 8282 8216 8283
F 8215 8216 8282
F 8148 8216 8215
F 8216 8148 8149
F 4987 4986 4919
F 4920 4987 4919
F 4988 4987 4921
F 4987 4920 4921
F 5058 4991 4992
F 5059 5058 4992
F 5058 5057 4990
F 4991 5058 4990
F 5126 5058 5059
F 5125 5058 5126
F 5057 5058 5124
F 5058 5125 5124
F 5847 5896 5846
F 5896 5847 5897
F 6045 5996 6046
F 5996 6045 5995
F 5795 5794 5727
F 5728 5795 5727
F 5796 5795 5729
F 5795 5728 5729
F 5795 5844 5794
F 5795 5845 5844
F 5795 5796 5846
F 5845 5795 5846
F 5943 5893 5894
F 5944 5943 5894
F 5990 5991 6040
F 5991 6041 6040
F 6041 5991 6042
F 5991 5992 6042
F 6344 6293 6294
F 6293 6344 6343
F 6483 6432 6433
F 6482 6432 6483
F 6432 6383 6433
F 6432 6382 6383
F 6382 6432 6381
F 6381 6432 6431
F 6329 6379 6328
F 6379 6378 6328
F 6428 6379 6429
F 6379 6428 6378
F 6379 6329 6330
F 6380 6379 6330
F 6379 6380 6430
F 6379 6430 6429
F 6131 6180 6130
F 6180 6131 6181
F 6338 6288 6339
F 6339 6288 6289
F 6135 6134 6084
F 6085 6135 6084
F 6137 6086 6087
F 6136 6086 6137
F 6086 6037 6087
F 6037 6086 6036
F 6086 6135 6085
F 6135 6086 6136
F 6086 6035 6036
F 6086 6085 6035
F 6134 6184 6133
F 6133 6184 6183
F 6184 6233 6183
F 6184 6234 6233
F 6335 6284 6285
F 6284 6335 6334
F 6284 6333 6283
F 6333 6284 6334
F 6234 6284 6233
F 6233 6284 6283
F 6133 6182 6132
F 6182 6133 6183
F 6182 6131 6132
F 6131 6182 6181
F 6233 6182 6183
F 6232 6182 6233
F 6182 6232 6231
F 6181 6182 6231
F 6342 6293 6343
F 6293 6342 6292
F 6342 6391 6341
F 6342 6392 6391
F 6393 6342 6343
F 6392 6342 6393
F 7040 6972 6973
F 7039 6972 7040
F 6585 6534 6535
F 6534 6585 6584
F 6534 6485 6535
F 6485 6534 6484
F 6434 6485 6484
F 6485 6434 6435
F 6486 6485 6436
F 6485 6435 6436
F 6432 6481 6431
F 6481 6432 6482
F 7178 7245 7177
F 7245 7244 7177
F 7245 7312 7311
F 7244 7245 7311
F 7312 7245 7313
F 7245 7246 7313
F 7245 7179 7246
F 7179 7245 7178
F 7179 7113 7180
F 7113 7179 7112
F 7179 7178 7111
F 7179 7111 7112
F 7246 7179 7247
F 7179 7180 7247
F 6779 6780 6847
F 6779 6847 6846
F 6780 6779 6713
F 6779 6712 6713
F 6641 6709 6708
F 6642 6709 6641
F 6709 6775 6708
F 6775 6709 6776
F 6709 6642 6643
F 6710 6709 6643
F 6776 6709 6777
F 6709 6710 6777
F 6909 6841 6842
F 6841 6909 6908
F 6843 6909 6842
F 6910 6909 6843
F 7037 7105 7104
F 7105 7037 7038
F 7171 7105 7172
F 7104 7105 7171
F 7106 7105 7039
F 7039 7105 7038
F 7105 7173 7172
F 7105 7106 7173
F 7097 7165 7164
F 7165 7097 7098
F 7165 7232 7231
F 7165 7231 7164
F 7095 7094 7028
F 7094 7027 7028
F 7232 7300 7299
F 7300 7232 7233
F 7366 7300 7367
F 7299 7300 7366
F 7301 7300 7234
F 7234 7300 7233
F 7300 7368 7367
F 7300 7301 7368
F 2413 2347 2348
F 2347 2413 2412
F 2349 2413 2348
F 2413 2349 2414
F 2349 2415 2414
F 2415 2349 2350
F 2351 2415 2350
F 2416 2415 2351
F 1968 1967 1918
F 1967 1917 1918
F 1967 1968 2016
F 2015 1967 2016
F 1967 2015 2014
F 1966 1967 2014
F 2104 2148 2147
F 2103 2104 2147
F 1815 1868 1814
F 1868 1815 1869
F 1868 1867 1813
F 1868 1813 1814
F 1753 1811 1810
F 1811 1753 1754
F 1753 1688 1689
F 1753 1689 1754
F 1865 1866 1918
F 1917 1865 1918
F 1866 1865 1812
F 1865 1811 1812
F 2548 2549 2613
F 2549 2614 2613
F 2485 2549 2484
F 2549 2485 2550
F 2483 2549 2548
F 2484 2549 2483
F 3074 3008 3009
F 3008 3074 3073
F 2880 2816 2881
F 2816 2880 2815
F 2988 3054 3053
F 3054 2988 2989
F 3054 3119 3118
F 3054 3118 3053
F 2927 2993 2992
F 2993 2927 2928
F 2991 2927 2992
F 2926 2927 2991
F 2798 2797 2733
F 2797 2732 2733
F 3191 3257 3256
F 3257 3191 3192
F 3192 3191 3127
F 3191 3126 3127
F 2997 3061 2996
F 3061 2997 3062
F 3061 2995 2996
F 3061 3060 2995
F 3126 3061 3127
F 3061 3062 3127
F 2935 3000 2934
F 2934 3000 2999
F 2667 2601 2602
F 2601 2667 2666
F 2667 2602 2603
F 2668 2667 2603
F 2732 2667 2733
F 2667 2668 2733
F 1499 1565 1564
F 1565 1499 1500
F 1761 1760 1696
F 1696 1760 1695
F 1441 1505 1440
F 1441 1506 1505
F 1375 1441 1440
F 1441 1375 1376
F 1502 1568 1567
F 1568 1502 1503
F 1242 1178 1243
F 1178 1242 1177
F 1505 1439 1440
F 1504 1439 1505
F 1439 1504 1503
F 1438 1439 1503
F 1757 1693 1758
F 1693 1757 1692
F 1693 1627 1628
F 1627 1693 1692
F 1693 1628 1629
F 1694 1693 1629
F 1490 1556 1555
F 1556 1490 1491
F 1621 1556 1622
F 1556 1557 1622
F 1492 1556 1491
F 1557 1556 1492
F 1430 1494 1429
F 1494 1430 1495
F 1627 1561 1562
F 1561 1627 1626
F 1561 1626 1625
F 1560 1561 1625
F 1756 1757 1814
F 1813 1756 1814
F 1235 1301 1300
F 1301 1235 1236
F 1367 1301 1302
F 1301 1367 1366
F 1367 1303 1368
F 1303 1367 1302
F 1433 1367 1368
F 1432 1367 1433
F 1569 1568 1503
F 1504 1569 1503
F 1568 1569 1633
F 1569 1634 1633
F 1931 1880 1932
F 1880 1931 1879
F 654 590 655
F 590 654 589
F 524 590 589
F 525 590 524
F 465 529 464
F 529 465 530
F 461 397 462
F 397 461 396
F 720 721 785
F 721 786 785
F 721 787 786
F 787 721 722
F 723 787 722
F 787 723 788
F 1242 1241 1177
F 1241 1176 1177
F 338 274 339
F 274 338 273
F 338 404 403
F 404 338 339
F 1299 1235 1300
F 1235 1299 1234
F 1299 1298 1233
F 1299 1233 1234
F 1104 1038 1039
F 1038 1104 1103
F 1301 1237 1302
F 1237 1301 1236
F 1237 1303 1302
F 1303 1237 1238
F 1237 1173 1238
F 1173 1237 1172
F 4381 4313 4314
F 4313 4381 4380
F 4516 4584 4583
F 4584 4516 4517
F 4249 4183 4250
F 4183 4249 4182
F 4778 4846 4845
F 4846 4778 4779
F 4578 4644 4577
F 4644 4578 4645
F 4510 4578 4577
F 4578 4510 4511
F 4514 4582 4581
F 4582 4514 4515
F 4582 4650 4649
F 4650 4582 4583
F 4582 4516 4583
F 4516 4582 4515
F 4648 4582 4649
F 4582 4648 4581
F 4716 4648 4649
F 4648 4716 4715
F 4714 4648 4715
F 4647 4648 4714
F 4648 4647 4580
F 4581 4648 4580
F 4852 4853 4919
F 4853 4920 4919
F 4853 4854 4921
F 4920 4853 4921
F 4854 4853 4787
F 4853 4786 4787
F 4853 4785 4786
F 4785 4853 4852
F 4718 4785 4717
F 4785 4784 4717
F 4784 4785 4851
F 4785 4852 4851
F 4719 4785 4718
F 4786 4785 4719
F 5900 5901 5951
F 5900 5951 5950
F 5456 5455 5388
F 5456 5388 5389
F 5835 5786 5836
F 5835 5785 5786
F 5886 5835 5836
F 5835 5886 5885
F 5884 5835 5885
F 5834 5835 5884
F 5784 5835 5834
F 5835 5784 5785
F 5784 5716 5717
F 5716 5784 5783
F 5784 5717 5718
F 5785 5784 5718
F 5784 5833 5783
F 5784 5834 5833
F 5982 5932 5933
F 5983 5982 5933
F 6093 6142 6092
F 6142 6093 6143
F 6091 6090 6040
F 6041 6091 6040
F 6091 6042 6092
F 6091 6041 6042
F 6091 6142 6141
F 6142 6091 6092
F 6140 6091 6141
F 6091 6140 6090
F 6140 6189 6139
F 6189 6140 6190
F 6090 6140 6089
F 6140 6139 6089
F 4899 4965 4898
F 4966 4965 4899
F 4897 4965 4964
F 4965 4897 4898
F 4964 4965 5031
F 4965 5032 5031
F 4965 5033 5032
F 5033 4965 4966
F 5033 5034 5101
F 5100 5033 5101
F 5033 4967 5034
F 5033 4966 4967
F 5099 5033 5100
F 5032 5033 5099
F 5110 5176 5109
F 5177 5176 5110
F 5176 5177 5244
F 5243 5176 5244
F 5175 5108 5109
F 5176 5175 5109
F 5113 5180 5112
F 5180 5179 5112
F 5181 5180 5114
F 5180 5113 5114
F 5179 5180 5246
F 5180 5247 5246
F 5248 5180 5181
F 5247 5180 5248
F 4562 4496 4563
F 4496 4562 4495
F 4563 4496 4564
F 4496 4497 4564
F 4622 4556 4623
F 4555 4556 4622
F 4556 4624 4623
F 4556 4557 4624
F 5106 5040 5107
F 5040 5106 5039
F 5038 5106 5105
F 5039 5106 5038
F 5239 5305 5238
F 5239 5306 5305
F 178 243 177
F 243 242 177
F 243 178 179
F 244 243 179
F 438 372 373
F 372 438 437
F 437 438 502
F 502 438 503
F 374 438 373
F 438 374 439
F 438 439 504
F 438 504 503
F 305 371 370
F 371 305 306
F 371 437 436
F 371 372 437
F 243 307 242
F 307 243 308
F 371 307 372
F 307 371 306
F 241 307 306
F 307 241 242
F 372 307 373
F 373 307 308
F 227 293 292
F 293 227 228
F 229 293 228
F 293 229 294
F 293 357 292
F 357 293 358
F 357 291 292
F 357 356 291
F 812 878 877
F 878 812 813
F 297 233 298
F 233 297 232
F 233 167 168
F 167 233 232
F 169 233 168
F 233 169 234
F 103 169 168
F 104 169 103
F 170 169 105
F 169 104 105
F 176 112 177
F 112 176 111
F 110 176 175
F 176 110 111
F 241 176 242
F 242 176 177
F 245 179 180
F 245 244 179
F 311 245 246
F 245 311 310
F 181 245 180
F 246 245 181
F 100 166 165
F 166 100 101
F 166 167 232
F 166 232 231
F 167 166 102
F 102 166 101
F 5363 5431 5430
F 5431 5363 5364
F 5431 5497 5430
F 5497 5431 5498
F 5365 5431 5364
F 5432 5431 5365
F 5431 5499 5498
F 5431 5432 5499
F 186 121 122
F 186 122 187
F 190 124 125
F 124 190 189
F 122 188 187
F 188 122 123
F 188 124 189
F 124 188 123
F 842 907 841
F 907 906 841
F 906 840 841
F 840 906 905
F 702 636 637
F 702 701 636
F 504 569 503
F 503 569 568
F 569 504 505
F 570 569 505
F 635 701 700
F 701 635 636
F 635 571 636
F 571 635 570
F 571 570 505
F 506 571 505
F 581 582 646
F 582 647 646
F 5577 5645 5644
F 5645 5577 5578
F 5644 5645 5711
F 5645 5712 5711
F 5508 5576 5575
F 5576 5508 5509
F 5507 5575 5574
F 5507 5508 5575
F 5242 5176 5243
F 5242 5175 5176
F 5313 5247 5314
F 5247 5313 5246
F 5381 5313 5314
F 5380 5313 5381
F 4349 4282 4283
F 4350 4349 4283
F 4349 4281 4282
F 4349 4348 4281
F 4402 4336 4403
F 4336 4402 4335
F 4470 4402 4403
F 4469 4402 4470
F 5068 5069 5135
F 5069 5136 5135
F 5069 5068 5001
F 5002 5069 5001
F 5136 5069 5137
F 5069 5070 5137
F 5069 5002 5003
F 5070 5069 5003
F 4136 4204 4203
F 4204 4136 4137
F 4203 4204 4270
F 4204 4271 4270
F 4610 4678 4677
F 4611 4678 4610
F 4744 4678 4745
F 4677 4678 4744
F 4612 4678 4611
F 4679 4678 4612
F 4678 4746 4745
F 4678 4679 4746
F 4881 4882 4949
F 4948 4881 4949
F 4882 4881 4815
F 4881 4814 4815
F 4881 4948 4947
F 4880 4881 4947
F 4814 4881 4813
F 4881 4880 4813
F 4683 4751 4750
F 4751 4683 4684
F 4751 4817 4750
F 4751 4818 4817
F 4819 4887 4886
F 4887 4819 4820
F 4819 4886 4885
F 4818 4819 4885
F 5154 5088 5155
F 5087 5088 5154
F 5088 5156 5155
F 5088 5089 5156
F 5088 5087 5020
F 5021 5088 5020
F 5089 5088 5022
F 5088 5021 5022
F 5630 5563 5564
F 5631 5630 5564
F 5563 5630 5562
F 5630 5629 5562
F 5419 5487 5486
F 5420 5487 5419
F 5487 5553 5486
F 5487 5554 5553
F 8311 8243 8244
F 8310 8243 8311
F 8243 8310 8309
F 8242 8243 8309
F 7170 7104 7171
F 7104 7170 7103
F 7169 7170 7236
F 7170 7237 7236
F 7170 7238 7237
F 7238 7170 7171
F 7237 7238 7304
F 7238 7305 7304
F 7238 7306 7305
F 7238 7239 7306
F 7238 7171 7172
F 7239 7238 7172
F 7576 7577 7643
F 7577 7644 7643
F 7644 7577 7645
F 7577 7578 7645
F 8115 8182 8181
F 8114 8115 8181
F 8047 8115 8114
F 8115 8047 8048
F 7579 7511 7512
F 7578 7511 7579
F 7446 7445 7379
F 7445 7378 7379
F 7445 7513 7512
F 7445 7446 7513
F 7378 7445 7377
F 7445 7444 7377
F 7445 7511 7444
F 7511 7445 7512
F 7308 7309 7375
F 7309 7376 7375
F 7242 7309 7241
F 7309 7308 7241
F 7309 7310 7377
F 7376 7309 7377
F 7243 7309 7242
F 7310 7309 7243
F 7706 7707 7774
F 7706 7774 7773
F 7705 7706 7772
F 7772 7706 7773
F 7917 7984 7983
F 7916 7917 7983
F 7917 7985 7984
F 7985 7917 7918
F 7917 7851 7918
F 7917 7850 7851
F 7917 7849 7850
F 7849 7917 7916
F 7781 7849 7848
F 7782 7849 7781
F 7849 7915 7848
F 7849 7916 7915
F 7783 7849 7782
F 7849 7783 7850
F 7783 7782 7715
F 7716 7783 7715
F 7783 7716 7717
F 7784 7783 7717
F 7783 7784 7851
F 7850 7783 7851
F 8248 8180 8181
F 8247 8180 8248
F 7986 7919 7920
F 7987 7986 7920
F 7919 7986 7918
F 7986 7985 7918
F 7986 7987 8054
F 8053 7986 8054
F 7986 8052 7985
F 7986 8053 8052
F 6395 6344 6345
F 6395 6394 6344
F 6444 6395 6445
F 6394 6395 6444
F 6396 6395 6346
F 6395 6345 6346
F 6395 6446 6445
F 6395 6396 6446
F 7314 7248 7315
F 7248 7314 7247
F 7248 7180 7181
F 7180 7248 7247
F 7315 7248 7316
F 7248 7249 7316
F 7182 7248 7181
F 7249 7248 7182
F 7650 7651 7717
F 7651 7718 7717
F 7651 7719 7718
F 7651 7652 7719
F 7652 7651 7585
F 7651 7584 7585
F 7651 7583 7584
F 7583 7651 7650
F 7516 7583 7515
F 7515 7583 7582
F 7583 7649 7582
F 7583 7650 7649
F 7517 7583 7516
F 7584 7583 7517
F 7586 7519 7587
F 7519 7520 7587
F 7520 7519 7453
F 7519 7452 7453
F 684 748 683
F 749 748 684
F 1075 1009 1010
F 1009 1075 1074
F 941 876 942
F 942 876 877
F 153 218 152
F 218 217 152
F 485 419 420
F 419 485 484
F 356 355 291
F 291 355 290
F 419 355 420
F 355 419 354
F 1858 1805 1859
F 1805 1858 1804
F 2102 2147 2146
F 2102 2103 2147
F 2145 2102 2146
F 2101 2102 2145
F 2102 2057 2058
F 2103 2102 2058
F 2102 2101 2056
F 2057 2102 2056
F 1223 1287 1222
F 1287 1223 1288
F 1154 1219 1218
F 1153 1154 1218
F 1154 1220 1219
F 1220 1154 1155
F 1091 1025 1026
F 1025 1091 1090
F 1426 1490 1425
F 1490 1426 1491
F 1299 1363 1298
F 1363 1299 1364
F 1429 1363 1364
F 1363 1429 1428
F 1363 1297 1298
F 1297 1363 1362
F 1487 1421 1422
F 1421 1487 1486
F 1421 1357 1422
F 1357 1421 1356
F 1484 1420 1485
F 1420 1484 1419
F 1354 1420 1419
F 1420 1354 1355
F 1485 1420 1486
F 1420 1421 1486
F 1356 1420 1355
F 1421 1420 1356
F 1744 1679 1680
F 1745 1744 1680
F 1746 1747 1803
F 1747 1804 1803
F 1747 1805 1804
F 1805 1747 1748
F 2055 2008 2056
F 2008 2009 2056
F 2008 2055 2054
F 2007 2008 2054
F 2009 2008 1961
F 2008 1960 1961
F 2008 2007 1959
F 1960 2008 1959
F 1150 1085 1086
F 1151 1150 1086
F 1149 1150 1214
F 1150 1215 1214
F 1150 1216 1215
F 1216 1150 1151
F 1215 1216 1280
F 1280 1216 1281
F 1216 1151 1152
F 1217 1216 1152
F 1216 1217 1282
F 1216 1282 1281
F 169 235 234
F 235 169 170
F 235 170 171
F 236 235 171
F 236 237 301
F 237 302 301
F 240 176 241
F 176 240 175
F 240 174 175
F 174 240 239
F 240 241 306
F 305 240 306
F 371 435 370
F 435 371 436
F 567 502 503
F 567 503 568
F 632 567 633
F 633 567 568
F 631 632 697
F 696 631 697
F 424 488 423
F 488 424 489
F 363 427 362
F 427 363 428
F 362 427 361
F 361 427 426
F 427 491 426
F 491 427 492
F 491 555 490
F 555 491 556
F 367 366 302
F 302 366 301
F 366 430 365
F 430 366 431
F 429 430 494
F 430 495 494
F 430 429 364
F 365 430 364
F 498 499 564
F 563 498 564
F 366 432 431
F 432 366 367
F 432 498 497
F 498 432 433
F 432 367 368
F 432 368 433
F 1206 1272 1271
F 1272 1206 1207
F 1272 1207 1208
F 1273 1272 1208
F 1075 1141 1140
F 1141 1075 1076
F 1141 1142 1207
F 1206 1141 1207
F 1140 1141 1205
F 1141 1206 1205
F 1209 1274 1208
F 1274 1273 1208
F 1213 1277 1212
F 1277 1213 1278
F 1210 1209 1144
F 1210 1144 1145
F 1210 1274 1209
F 1274 1210 1275
F 1211 1210 1146
F 1146 1210 1145
F 830 829 764
F 765 830 764
F 829 830 894
F 830 895 894
F 1022 1087 1086
F 1021 1022 1086
F 695 631 696
F 631 695 630
F 1528 1594 1593
F 1594 1528 1529
F 1464 1528 1463
F 1528 1464 1529
F 1528 1593 1592
F 1527 1528 1592
F 1528 1462 1463
F 1528 1527 1462
F 1785 1719 1720
F 1719 1785 1784
F 1783 1719 1784
F 1719 1783 1718
F 1719 1718 1653
F 1654 1719 1653
F 1655 1719 1654
F 1719 1655 1720
F 1655 1589 1590
F 1589 1655 1654
F 1655 1590 1591
F 1656 1655 1591
F 1655 1721 1720
F 1655 1656 1721
F 1657 1593 1658
F 1593 1657 1592
F 1656 1657 1721
F 1657 1722 1721
F 1657 1656 1591
F 1657 1591 1592
F 1266 1332 1331
F 1332 1266 1267
F 1332 1397 1396
F 1331 1332 1396
F 1270 1204 1205
F 1269 1204 1270
F 1328 1392 1327
F 1392 1328 1393
F 1328 1329 1394
F 1328 1394 1393
F 1266 1201 1267
F 1201 1202 1267
F 1329 1265 1330
F 1265 1329 1264
F 1265 1331 1330
F 1265 1266 1331
F 1201 1137 1202
F 1137 1201 1136
F 1005 1071 1070
F 1071 1005 1006
F 1071 1137 1136
F 1137 1071 1072
F 1071 1006 1007
F 1072 1071 1007
F 4940 5007 4939
F 4939 5007 5006
F 5007 5073 5006
F 5073 5007 5074
F 5007 5075 5074
F 5075 5007 5008
F 5141 5075 5142
F 5075 5141 5074
F 5075 5143 5142
F 5075 5076 5143
F 5076 5075 5009
F 5075 5008 5009
F 5007 4941 5008
F 4941 5007 4940
F 4874 4941 4873
F 4941 4940 4873
F 5008 4941 5009
F 4941 4942 5009
F 4809 4741 4742
F 4809 4808 4741
F 4809 4743 4810
F 4743 4809 4742
F 4809 4810 4877
F 4876 4809 4877
F 4941 4875 4942
F 4875 4941 4874
F 4875 4809 4876
F 4809 4875 4808
F 4875 4874 4807
F 4808 4875 4807
F 4875 4943 4942
F 4875 4876 4943
F 5469 5401 5402
F 5469 5468 5401
F 6221 6170 6171
F 6170 6221 6220
F 6221 6270 6220
F 6221 6271 6270
F 6363 6364 6413
F 6413 6364 6414
F 6364 6415 6414
F 6364 6365 6415
F 6316 6315 6266
F 6266 6315 6265
F 6365 6315 6366
F 6315 6316 6366
F 6216 6217 6267
F 6266 6216 6267
F 6216 6167 6217
F 6216 6166 6167
F 1549 1613 1548
F 1614 1613 1549
F 1410 1409 1344
F 1345 1410 1344
F 1409 1410 1474
F 1410 1475 1474
F 1538 1472 1473
F 1472 1538 1537
F 1538 1473 1474
F 1539 1538 1474
F 1543 1477 1478
F 1477 1543 1542
F 1479 1543 1478
F 1544 1543 1479
F 1738 1737 1672
F 1673 1738 1672
F 1609 1543 1544
F 1543 1609 1608
F 1540 1606 1605
F 1606 1540 1541
F 1606 1671 1670
F 1606 1670 1605
F 1346 1410 1345
F 1410 1346 1411
F 1346 1345 1280
F 1346 1280 1281
F 1346 1347 1412
F 1346 1412 1411
F 1282 1346 1281
F 1347 1346 1282
F 1476 1410 1411
F 1410 1476 1475
F 1475 1476 1540
F 1540 1476 1541
F 1412 1476 1411
F 1477 1476 1412
F 1476 1477 1542
F 1476 1542 1541
F 1734 1670 1735
F 1734 1669 1670
F 1604 1538 1539
F 1538 1604 1603
F 1604 1539 1540
F 1604 1540 1605
F 1604 1668 1603
F 1604 1669 1668
F 1669 1604 1670
F 1670 1604 1605
F 1538 1602 1537
F 1602 1538 1603
F 1602 1536 1537
F 1602 1601 1536
F 2327 2273 2274
F 2273 2327 2326
F 2142 2187 2186
F 2187 2142 2143
F 2049 2095 2048
F 2095 2049 2096
F 1954 1903 1955
F 1903 1954 1902
F 1708 1644 1709
F 1644 1708 1643
F 1711 1646 1647
F 1711 1647 1712
F 1648 1713 1647
F 1647 1713 1712
F 1389 1453 1388
F 1453 1389 1454
F 1516 1582 1581
F 1582 1516 1517
F 1522 1456 1457
F 1456 1522 1521
F 1458 1522 1457
F 1522 1458 1523
F 1522 1586 1521
F 1522 1587 1586
F 1783 1717 1718
F 1717 1783 1782
F 1510 1446 1511
F 1446 1510 1445
F 1893 1946 1945
F 1946 1893 1894
F 1895 1946 1894
F 1947 1946 1895
F 1897 1948 1896
F 1948 1897 1949
F 1948 1999 1998
F 1999 1948 1949
F 1948 1947 1895
F 1948 1895 1896
F 1841 1842 1896
F 1895 1841 1896
F 1841 1785 1842
F 1785 1841 1784
F 1844 1897 1843
F 1897 1844 1898
F 1954 1901 1902
F 1953 1901 1954
F 1901 1952 1900
F 1952 1901 1953
F 2051 2003 2052
F 2052 2003 2004
F 2003 1953 1954
F 2003 1954 2004
F 2003 1952 1953
F 1952 2003 2002
F 1259 1323 1258
F 1323 1259 1324
F 1193 1259 1258
F 1259 1193 1194
F 1259 1194 1195
F 1260 1259 1195
F 1259 1260 1325
F 1259 1325 1324
F 2172 2127 2128
F 2127 2172 2171
F 2126 2127 2170
F 2170 2127 2171
F 2034 2081 2033
F 2033 2081 2080
F 2081 2125 2080
F 2081 2126 2125
F 2087 2041 2088
F 2041 2087 2040
F 2131 2087 2132
F 2086 2087 2131
F 2039 2087 2086
F 2087 2039 2040
F 2039 2085 2038
F 2039 2086 2085
F 1939 1886 1887
F 1938 1886 1939
F 1886 1832 1833
F 1886 1833 1887
F 1990 2039 2038
F 2039 1990 1991
F 1990 1940 1941
F 1991 1990 1941
F 1940 1990 1939
F 1990 1989 1939
F 2037 1990 2038
F 1989 1990 2037
F 1828 1882 1881
F 1827 1828 1881
F 1771 1828 1770
F 1828 1827 1770
F 2643 2577 2578
F 2577 2643 2642
F 2640 2574 2575
F 2574 2640 2639
F 341 406 340
F 406 405 340
F 406 471 405
F 405 471 470
F 472 471 407
F 471 406 407
F 604 538 539
F 603 538 604
F 992 926 927
F 926 992 991
F 926 991 990
F 926 990 925
F 861 926 860
F 860 926 925
F 731 732 796
F 732 797 796
F 733 732 668
F 668 732 667
F 1065 1130 1129
F 1065 1129 1064
F 1196 1260 1195
F 1260 1196 1261
F 1128 1063 1064
F 1129 1128 1064
F 1128 1129 1194
F 1193 1128 1194
F 1121 1186 1120
F 1186 1185 1120
F 1186 1122 1187
F 1122 1186 1121
F 1186 1251 1250
F 1185 1186 1250
F 991 1057 1056
F 992 1057 991
F 1057 1121 1056
F 1057 1122 1121
F 280 344 279
F 280 345 344
F 148 147 82
F 148 82 83
F 211 145 146
F 145 211 210
F 411 412 476
F 412 477 476
F 477 412 478
F 412 413 478
F 412 348 413
F 348 412 347
F 349 348 284
F 348 283 284
F 348 414 413
F 414 348 349
F 414 479 478
F 413 414 478
F 669 603 604
F 603 669 668
F 670 669 605
F 669 604 605
F 738 804 803
F 804 738 739
F 738 673 674
F 739 738 674
F 409 343 344
F 408 343 409
F 804 870 869
F 805 870 804
F 871 870 806
F 870 805 806
F 935 870 936
F 870 871 936
F 937 1001 936
F 937 1002 1001
F 937 1003 1002
F 1003 937 938
F 872 937 871
F 871 937 936
F 676 675 611
F 675 610 611
F 609 675 674
F 675 609 610
F 675 739 674
F 675 740 739
F 675 741 740
F 741 675 676
F 807 741 742
F 741 807 806
F 741 677 742
F 741 676 677
F 740 741 805
F 805 741 806
F 548 483 484
F 549 548 484
F 548 549 614
F 613 548 614
F 1591 1526 1592
F 1526 1527 1592
F 1590 1526 1591
F 1526 1590 1525
F 1526 1461 1462
F 1527 1526 1462
F 1461 1526 1460
F 1460 1526 1525
F 798 732 733
F 732 798 797
F 864 798 799
F 863 798 864
F 993 1057 992
F 1057 993 1058
F 862 926 861
F 926 862 927
F 862 861 796
F 797 862 796
F 862 798 863
F 798 862 797
F 999 1065 1064
F 1065 999 1000
F 1644 1578 1579
F 1578 1644 1643
F 873 937 872
F 937 873 938
F 873 809 874
F 809 873 808
F 873 807 808
F 873 872 807
F 873 939 938
F 873 874 939
F 1004 1003 938
F 939 1004 938
F 940 876 941
F 876 940 875
F 874 940 939
F 940 874 875
F 940 941 1006
F 1005 940 1006
F 940 1004 939
F 1004 940 1005
F 1133 1134 1198
F 1134 1199 1198
F 2005 1958 2006
F 1958 2005 1957
F 2283 2284 2348
F 2284 2349 2348
F 2284 2285 2350
F 2349 2284 2350
F 2474 2540 2539
F 2540 2474 2475
F 2474 2409 2410
F 2474 2410 2475
F 2342 2408 2407
F 2408 2342 2343
F 2409 2408 2344
F 2344 2408 2343
F 2476 2541 2540
F 2476 2540 2475
F 2476 2411 2412
F 2477 2476 2412
F 2410 2476 2475
F 2411 2476 2410
F 2599 2535 2600
F 2535 2599 2534
F 2534 2599 2533
F 2599 2598 2533
F 2984 2985 3049
F 2985 3050 3049
F 2920 2985 2919
F 2985 2984 2919
F 3050 2985 3051
F 2985 2986 3051
F 2985 2920 2921
F 2986 2985 2921
F 3110 3046 3111
F 3045 3046 3110
F 3046 2980 2981
F 2980 3046 3045
F 2722 2721 2656
F 2657 2722 2656
F 2853 2918 2917
F 2852 2853 2917
F 2853 2854 2919
F 2918 2853 2919
F 2853 2789 2854
F 2853 2788 2789
F 4079 4078 4013
F 4014 4079 4013
F 4080 4079 4015
F 4015 4079 4014
F 3953 3954 4018
F 3954 4019 4018
F 3822 3887 3821
F 3887 3886 3821
F 3365 3431 3430
F 3431 3365 3366
F 3365 3429 3364
F 3429 3365 3430
F 3365 3300 3301
F 3366 3365 3301
F 3299 3365 3364
F 3365 3299 3300
F 3431 3432 3496
F 3496 3432 3497
F 3432 3431 3366
F 3367 3432 3366
F 3625 3626 3691
F 3690 3625 3691
F 3947 3948 4012
F 4012 3948 4013
F 3948 4014 4013
F 3948 3949 4014
F 3821 3885 3820
F 3886 3885 3821
F 3883 3947 3882
F 3883 3948 3947
F 3948 3883 3949
F 3883 3884 3949
F 3372 3438 3437
F 3438 3372 3373
F 3172 3237 3171
F 3237 3236 3171
F 3043 2978 3044
F 2978 2979 3044
F 3422 3488 3487
F 3488 3422 3423
F 3421 3422 3486
F 3486 3422 3487
F 3424 3488 3423
F 3488 3424 3489
F 3489 3424 3490
F 3424 3425 3490
F 3358 3424 3423
F 3359 3424 3358
F 2843 2777 2778
F 2777 2843 2842
F 2843 2779 2844
F 2779 2843 2778
F 2909 2843 2844
F 2908 2843 2909
F 2714 2650 2715
F 2650 2714 2649
F 2779 2714 2780
F 2714 2715 2780
F 2713 2714 2778
F 2714 2779 2778
F 2714 2713 2648
F 2714 2648 2649
F 2782 2783 2847
F 2783 2848 2847
F 2849 2783 2784
F 2783 2849 2848
F 2783 2782 2717
F 2718 2783 2717
F 2783 2719 2784
F 2783 2718 2719
F 2179 2135 2180
F 2135 2136 2180
F 2133 2087 2088
F 2087 2133 2132
F 2133 2176 2132
F 2133 2177 2176
F 2268 2321 2320
F 2267 2268 2320
F 2268 2322 2321
F 2322 2268 2269
F 2223 2268 2267
F 2224 2268 2223
F 2268 2225 2269
F 2268 2224 2225
F 2181 2138 2182
F 2138 2181 2137
F 2136 2181 2180
F 2181 2136 2137
F 2225 2181 2182
F 2224 2181 2225
F 2181 2223 2180
F 2181 2224 2223
F 2324 2270 2271
F 2324 2323 2270
F 2280 2334 2333
F 2334 2280 2281
F 2280 2333 2332
F 2279 2280 2332
F 3685 3619 3620
F 3619 3685 3684
F 3492 3556 3491
F 3556 3492 3557
F 3622 3556 3557
F 3556 3622 3621
F 3556 3555 3490
F 3491 3556 3490
F 3555 3556 3620
F 3556 3621 3620
F 3492 3428 3493
F 3428 3492 3427
F 3493 3428 3494
F 3428 3429 3494
F 3296 3231 3297
F 3297 3231 3232
F 3426 3491 3490
F 3425 3426 3490
F 3492 3426 3427
F 3426 3492 3491
F 3426 3361 3362
F 3426 3362 3427
F 3360 3424 3359
F 3424 3360 3425
F 3426 3360 3361
F 3360 3426 3425
F 3360 3294 3295
F 3294 3360 3359
F 3361 3360 3296
F 3296 3360 3295
F 3877 3811 3812
F 3811 3877 3876
F 3746 3811 3745
F 3811 3810 3745
F 3875 3811 3876
F 3810 3811 3875
F 3678 3614 3679
F 3614 3678 3613
F 3935 3871 3936
F 3871 3935 3870
F 4011 4075 4010
F 4075 4011 4076
F 4009 3944 3945
F 4010 4009 3945
F 3944 4009 3943
F 4009 4008 3943
F 3813 3748 3814
F 3814 3748 3749
F 3608 3674 3673
F 3674 3608 3609
F 3544 3608 3543
F 3609 3608 3544
F 3672 3608 3673
F 3607 3608 3672
F 3608 3542 3543
F 3608 3607 3542
F 3482 3546 3481
F 3547 3546 3482
F 3546 3480 3481
F 3546 3545 3480
F 3547 3548 3612
F 3612 3548 3613
F 3548 3549 3614
F 3548 3614 3613
F 3226 3290 3225
F 3290 3226 3291
F 3291 3226 3292
F 3226 3227 3292
F 2963 3027 2962
F 3027 2963 3028
F 3095 3029 3030
F 3094 3029 3095
F 3029 3094 3093
F 3028 3029 3093
F 3029 2965 3030
F 3029 2964 2965
F 3029 2963 2964
F 2963 3029 3028
F 3092 3027 3028
F 3092 3028 3093
F 3158 3092 3093
F 3157 3092 3158
F 3023 2957 2958
F 2957 3023 3022
F 3023 3087 3022
F 3087 3023 3088
F 3286 3220 3221
F 3285 3220 3286
F 3219 3220 3284
F 3220 3285 3284
F 3217 3153 3218
F 3153 3217 3152
F 3153 3087 3088
F 3087 3153 3152
F 2904 2968 2903
F 2904 2969 2968
F 2771 2836 2835
F 2770 2771 2835
F 2838 2904 2903
F 2904 2838 2839
F 2838 2902 2837
F 2902 2838 2903
F 2838 2773 2774
F 2838 2774 2839
F 2831 2830 2765
F 2766 2831 2765
F 2895 2831 2896
F 2830 2831 2895
F 2831 2766 2767
F 2832 2831 2767
F 2831 2897 2896
F 2831 2832 2897
F 2700 2701 2766
F 2700 2766 2765
F 2216 2172 2173
F 2216 2215 2172
F 2174 2216 2173
F 2217 2216 2174
F 2388 2452 2387
F 2452 2388 2453
F 2517 2452 2518
F 2518 2452 2453
F 2829 2828 2764
F 2828 2763 2764
F 2762 2828 2827
F 2828 2762 2763
F 2828 2829 2894
F 2893 2828 2894
F 2828 2893 2892
F 2828 2892 2827
F 6322 6373 6372
F 6373 6322 6323
F 6372 6373 6422
F 6373 6423 6422
F 2568 2504 2569
F 2504 2568 2503
F 2123 2079 2124
F 2079 2123 2078
F 2211 2168 2212
F 2212 2168 2169
F 2125 2168 2124
F 2168 2125 2169
F 2210 2168 2211
F 2168 2210 2167
F 2168 2123 2124
F 2123 2168 2167
F 3542 3478 3543
F 3478 3542 3477
F 3415 3416 3481
F 3480 3415 3481
F 6960 6892 6893
F 6892 6960 6959
F 6892 6958 6891
F 6958 6892 6959
F 6892 6825 6826
F 6892 6826 6893
F 6825 6892 6824
F 6824 6892 6891
F 7025 7092 7091
F 7025 7091 7024
F 6957 7025 7024
F 6958 7025 6957
F 7025 6959 7026
F 7025 6958 6959
F 6960 6961 7027
F 7027 6961 7028
F 7032 7033 7100
F 7032 7100 7099
F 7031 7032 7098
F 7098 7032 7099
F 3322 3258 3323
F 3257 3258 3322
F 3074 3138 3073
F 3138 3074 3139
F 3072 3138 3137
F 3138 3072 3073
F 3137 3138 3202
F 3138 3203 3202
F 3333 3267 3268
F 3333 3332 3267
F 3397 3333 3398
F 3333 3397 3332
F 3708 3644 3709
F 3708 3643 3644
F 3578 3512 3513
F 3512 3578 3577
F 3514 3448 3449
F 3448 3514 3513
F 3448 3383 3384
F 3449 3448 3384
F 3448 3512 3447
F 3512 3448 3513
F 3448 3382 3383
F 3448 3447 3382
F 3312 3313 3377
F 3313 3378 3377
F 3309 3374 3308
F 3308 3374 3373
F 3374 3310 3375
F 3374 3309 3310
F 3374 3438 3373
F 3374 3439 3438
F 3374 3375 3440
F 3439 3374 3440
F 3712 3646 3647
F 3646 3712 3711
F 3712 3776 3711
F 3712 3777 3776
F 3712 3713 3778
F 3777 3712 3778
F 3712 3647 3648
F 3713 3712 3648
F 3583 3584 3648
F 3584 3649 3648
F 3649 3584 3650
F 3584 3585 3650
F 3584 3583 3518
F 3519 3584 3518
F 3585 3584 3520
F 3584 3519 3520
F 4117 4116 4052
F 4052 4116 4051
F 3378 3442 3377
F 3443 3442 3378
F 3442 3376 3377
F 3442 3441 3376
F 3573 3574 3639
F 3573 3639 3638
F 3574 3573 3509
F 3573 3508 3509
F 3636 3700 3635
F 3700 3636 3701
F 3441 3506 3440
F 3506 3505 3440
F 3570 3636 3635
F 3636 3570 3571
F 3569 3570 3634
F 3570 3635 3634
F 3570 3506 3571
F 3506 3570 3505
F 3570 3504 3505
F 3504 3570 3569
F 3438 3504 3503
F 3439 3504 3438
F 3505 3504 3440
F 3504 3439 3440
F 3504 3568 3503
F 3568 3504 3569
F 3568 3502 3503
F 3502 3568 3567
F 3568 3569 3634
F 3633 3568 3634
F 3965 4029 3964
F 4029 3965 4030
F 3639 3703 3638
F 3703 3639 3704
F 3578 3642 3577
F 3642 3578 3643
F 3769 3705 3770
F 3705 3769 3704
F 3835 3771 3836
F 3771 3835 3770
F 3837 3771 3772
F 3771 3837 3836
F 3705 3771 3770
F 3771 3705 3706
F 3890 3825 3891
F 3825 3826 3891
F 3954 4020 4019
F 4020 3954 3955
F 3830 3831 3896
F 3895 3830 3896
F 7297 7364 7296
F 7364 7363 7296
F 7163 7230 7162
F 7230 7229 7162
F 7230 7163 7164
F 7231 7230 7164
F 7230 7297 7296
F 7229 7230 7296
F 7230 7231 7298
F 7297 7230 7298
F 7295 7229 7296
F 7229 7295 7228
F 7227 7295 7294
F 7295 7227 7228
F 7363 7295 7296
F 7362 7295 7363
F 7295 7361 7294
F 7295 7362 7361
F 7425 7424 7357
F 7358 7425 7357
F 7424 7425 7491
F 7425 7492 7491
F 7425 7358 7359
F 7426 7425 7359
F 7425 7493 7492
F 7425 7426 7493
F 7562 7563 7629
F 7563 7630 7629
F 7631 7563 7564
F 7630 7563 7631
F 7563 7562 7495
F 7496 7563 7495
F 7563 7497 7564
F 7563 7496 7497
F 7698 7697 7631
F 7697 7630 7631
F 7630 7697 7629
F 7697 7696 7629
F 7697 7763 7696
F 7763 7697 7764
F 7830 7763 7831
F 7763 7764 7831
F 7762 7763 7829
F 7763 7830 7829
F 7763 7762 7695
F 7696 7763 7695
F 6923 6990 6989
F 6922 6923 6989
F 6923 6991 6990
F 6991 6923 6924
F 6923 6922 6855
F 6856 6923 6855
F 6923 6856 6857
F 6923 6857 6924
F 6658 6657 6607
F 6608 6658 6607
F 6859 6860 6927
F 6926 6859 6927
F 6208 6257 6207
F 6258 6257 6208
F 6207 6257 6206
F 6257 6256 6206
F 6257 6258 6308
F 6307 6257 6308
F 6257 6306 6256
F 6257 6307 6306
F 5905 5906 5956
F 5905 5956 5955
F 5905 5954 5904
F 5954 5905 5955
F 5905 5856 5906
F 5905 5855 5856
F 5854 5905 5904
F 5855 5905 5854
F 6112 6162 6161
F 6111 6112 6161
F 6162 6112 6163
F 6112 6113 6163
F 6112 6111 6061
F 6062 6112 6061
F 6113 6112 6063
F 6112 6062 6063
F 7529 7530 7596
F 7530 7597 7596
F 7797 7796 7729
F 7730 7797 7729
F 7665 7666 7732
F 7666 7733 7732
F 7734 7666 7667
F 7666 7734 7733
F 7666 7600 7667
F 7666 7599 7600
F 7666 7598 7599
F 7598 7666 7665
F 7530 7598 7597
F 7598 7530 7531
F 7598 7665 7664
F 7598 7664 7597
F 7598 7531 7532
F 7599 7598 7532
F 7261 7193 7194
F 7260 7193 7261
F 7193 7125 7126
F 7193 7192 7125
F 7193 7259 7192
F 7259 7193 7260
F 7259 7325 7258
F 7325 7259 7326
F 7326 7259 7327
F 7259 7260 7327
F 7191 7259 7258
F 7192 7259 7191
F 7061 7129 7128
F 7129 7061 7062
F 6995 7061 6994
F 7061 6995 7062
F 7061 6993 6994
F 7061 7060 6993
F 7127 7193 7126
F 7193 7127 7194
F 7061 7127 7060
F 7127 7061 7128
F 7127 7195 7194
F 7127 7128 7195
F 7059 7127 7126
F 7060 7127 7059
F 7933 7865 7866
F 7865 7933 7932
F 7933 7867 7934
F 7867 7933 7866
F 8067 8135 8134
F 8135 8067 8068
F 8133 8067 8134
F 8066 8067 8133
F 4065 4000 4001
F 4066 4065 4001
F 4065 4064 3999
F 4000 4065 3999
F 3941 3877 3942
F 3877 3941 3876
F 3941 3940 3875
F 3941 3875 3876
F 4005 4069 4004
F 4005 4070 4069
F 4005 4004 3939
F 3940 4005 3939
F 4029 4094 4028
F 4094 4093 4028
F 4094 4029 4030
F 4095 4094 4030
F 4096 4095 4030
F 4031 4096 4030
F 6958 6890 6891
F 6890 6958 6957
F 6950 6949 6882
F 6950 6882 6883
F 7083 7015 7016
F 7015 7083 7082
F 7151 7083 7084
F 7150 7083 7151
F 7083 7149 7082
F 7083 7150 7149
F 7875 7874 7807
F 7875 7807 7808
F 7875 7808 7809
F 7876 7875 7809
F 7943 7875 7876
F 7942 7875 7943
F 7941 7875 7942
F 7875 7941 7874
F 7941 8009 8008
F 7941 7942 8009
F 8007 7941 8008
F 7940 7941 8007
F 7873 7941 7940
F 7941 7873 7874
F 7202 7269 7201
F 7269 7268 7201
F 7270 7269 7203
F 7269 7202 7203
F 7269 7270 7337
F 7336 7269 7337
F 7335 7269 7336
F 7269 7335 7268
F 7335 7401 7334
F 7401 7335 7402
F 7335 7334 7267
F 7268 7335 7267
F 7335 7403 7402
F 7335 7336 7403
F 7697 7765 7764
F 7765 7697 7698
F 7765 7832 7831
F 7764 7765 7831
F 7765 7833 7832
F 7765 7766 7833
F 7765 7698 7699
F 7766 7765 7699
F 7682 7749 7681
F 7749 7748 7681
F 7748 7749 7815
F 7749 7816 7815
F 8151 8083 8084
F 8083 8151 8150
F 8083 8017 8084
F 8017 8083 8016
F 8082 8083 8149
F 8083 8150 8149
F 8083 8015 8016
F 8083 8082 8015
F 8217 8151 8218
F 8151 8217 8150
F 8284 8217 8285
F 8217 8218 8285
F 8150 8217 8149
F 8217 8216 8149
F 8217 8284 8283
F 8216 8217 8283
F 5121 5054 5122
F 5054 5055 5122
F 5054 5120 5053
F 5120 5054 5121
F 5055 5054 4988
F 5054 4987 4988
F 4986 5054 5053
F 4987 5054 4986
F 5844 5895 5894
F 5845 5895 5844
F 5895 5945 5944
F 5895 5944 5894
F 5896 5895 5846
F 5895 5845 5846
F 5946 5895 5896
F 5895 5946 5945
F 5997 5946 5947
F 5946 5997 5996
F 5945 5946 5995
F 5946 5996 5995
F 5947 5946 5897
F 5946 5896 5897
F 6044 6093 6043
F 6044 6094 6093
F 6044 5994 5995
F 6045 6044 5995
F 6095 6044 6045
F 6044 6095 6094
F 6095 6146 6145
F 6146 6095 6096
F 6144 6095 6145
F 6094 6095 6144
F 6096 6095 6046
F 6095 6045 6046
F 5893 5942 5892
F 5943 5942 5893
F 6044 5993 5994
F 5993 6044 6043
F 6042 5993 6043
F 5992 5993 6042
F 5993 5942 5943
F 5942 5993 5992
F 5994 5993 5944
F 5993 5943 5944
F 6244 6243 6194
F 6243 6193 6194
F 6243 6293 6292
F 6243 6292 6242
F 6243 6244 6294
F 6293 6243 6294
F 6240 6189 6190
F 6189 6240 6239
F 6342 6291 6292
F 6291 6342 6341
F 6291 6241 6242
F 6292 6291 6242
F 6191 6140 6141
F 6140 6191 6190
F 6191 6240 6190
F 6240 6191 6241
F 2208 2166 2209
F 2166 2208 2165
F 6281 6230 6231
F 6230 6281 6280
F 6230 6180 6181
F 6230 6181 6231
F 6385 6386 6436
F 6435 6385 6436
F 6385 6434 6384
F 6434 6385 6435
F 6385 6384 6334
F 6335 6385 6334
F 6336 6385 6335
F 6385 6336 6386
F 6387 6336 6337
F 6386 6336 6387
F 6336 6335 6285
F 6336 6285 6286
F 6238 6187 6188
F 6238 6237 6187
F 6189 6238 6188
F 6238 6189 6239
F 6288 6238 6289
F 6238 6239 6289
F 6287 6336 6286
F 6336 6287 6337
F 6287 6238 6288
F 6238 6287 6237
F 6237 6287 6236
F 6287 6286 6236
F 6287 6338 6337
F 6287 6288 6338
F 6285 6235 6286
F 6286 6235 6236
F 6284 6235 6285
F 6235 6284 6234
F 6639 6638 6589
F 6638 6588 6589
F 6706 6638 6639
F 6638 6706 6705
F 6774 6706 6707
F 6706 6774 6773
F 6706 6640 6707
F 6706 6639 6640
F 6772 6706 6773
F 6706 6772 6705
F 6704 6638 6705
F 6638 6704 6637
F 6704 6636 6637
F 6636 6704 6703
F 6770 6704 6771
F 6704 6770 6703
F 6772 6704 6705
F 6704 6772 6771
F 7100 7034 7101
F 7033 7034 7100
F 6963 6897 6964
F 6897 6963 6896
F 6480 6479 6429
F 6430 6480 6429
F 6480 6430 6431
F 6481 6480 6431
F 6778 6710 6711
F 6710 6778 6777
F 6778 6845 6844
F 6777 6778 6844
F 6712 6778 6711
F 6779 6778 6712
F 6845 6778 6846
F 6778 6779 6846
F 6978 6977 6911
F 6977 6910 6911
F 7041 7108 7107
F 7040 7041 7107
F 7041 7040 6973
F 6974 7041 6973
F 7166 7167 7234
F 7166 7234 7233
F 7167 7166 7100
F 7100 7166 7099
F 7165 7166 7232
F 7232 7166 7233
F 7166 7165 7098
F 7166 7098 7099
F 7025 7093 7092
F 7093 7025 7026
F 7027 7093 7026
F 7094 7093 7027
F 2478 2413 2414
F 2478 2414 2479
F 2413 2478 2412
F 2478 2477 2412
F 2234 2189 2190
F 2189 2234 2233
F 2236 2290 2289
F 2290 2236 2237
F 2147 2191 2190
F 2148 2191 2147
F 2234 2191 2235
F 2191 2234 2190
F 2104 2105 2148
F 2148 2105 2149
F 2059 2013 2060
F 2013 2059 2012
F 2059 2011 2012
F 2011 2059 2058
F 2059 2105 2104
F 2105 2059 2060
F 2059 2104 2103
F 2059 2103 2058
F 1971 1920 1921
F 1920 1971 1970
F 1920 1969 1919
F 1969 1920 1970
F 1920 1868 1869
F 1921 1920 1869
F 1867 1920 1919
F 1868 1920 1867
F 2017 1968 1969
F 1968 2017 2016
F 2015 2063 2062
F 2063 2015 2016
F 2063 2017 2064
F 2017 2063 2016
F 2678 2742 2677
F 2742 2678 2743
F 2678 2612 2613
F 2612 2678 2677
F 2678 2744 2743
F 2744 2678 2679
F 2679 2678 2614
F 2614 2678 2613
F 2485 2420 2486
F 2486 2420 2421
F 2485 2551 2550
F 2551 2485 2486
F 2487 2551 2486
F 2551 2487 2552
F 2415 2480 2414
F 2414 2480 2479
F 2480 2416 2481
F 2480 2415 2416
F 2546 2480 2481
F 2545 2480 2546
F 3120 3186 3185
F 3186 3120 3121
F 3119 3120 3184
F 3120 3185 3184
F 2927 2862 2928
F 2928 2862 2863
F 2862 2798 2863
F 2862 2797 2798
F 3255 3190 3256
F 3190 3191 3256
F 2939 2873 2874
F 2873 2939 2938
F 2998 3064 3063
F 3064 2998 2999
F 3069 3003 3004
F 3003 3069 3068
F 2939 3003 2938
F 3003 2939 3004
F 3067 3003 3068
F 3003 3067 3002
F 2870 2936 2935
F 2936 2870 2871
F 2936 3000 2935
F 3000 2936 3001
F 2869 2935 2934
F 2869 2870 2935
F 1630 1694 1629
F 1694 1630 1695
F 1564 1630 1629
F 1565 1630 1564
F 1759 1693 1694
F 1693 1759 1758
F 1759 1815 1758
F 1815 1759 1816
F 1760 1759 1695
F 1759 1694 1695
F 1571 1507 1572
F 1506 1507 1571
F 1507 1573 1572
F 1573 1507 1508
F 1311 1245 1246
F 1245 1311 1310
F 1311 1375 1310
F 1375 1311 1376
F 1376 1311 1377
F 1311 1312 1377
F 1434 1499 1498
F 1433 1434 1498
F 1499 1434 1500
F 1434 1435 1500
F 1434 1433 1368
F 1369 1434 1368
F 1434 1370 1435
F 1434 1369 1370
F 1436 1501 1435
F 1435 1501 1500
F 1308 1242 1243
F 1242 1308 1307
F 1437 1501 1436
F 1501 1437 1502
F 1502 1437 1503
F 1437 1438 1503
F 1437 1436 1371
F 1372 1437 1371
F 1815 1870 1869
F 1870 1815 1816
F 1922 1921 1869
F 1870 1922 1869
F 1365 1301 1366
F 1301 1365 1300
F 1299 1365 1364
F 1365 1299 1300
F 1365 1429 1364
F 1365 1430 1429
F 1557 1493 1558
F 1493 1557 1492
F 1429 1493 1428
F 1494 1493 1429
F 1559 1493 1494
F 1493 1559 1558
F 1623 1559 1624
F 1559 1623 1558
F 1624 1559 1625
F 1559 1560 1625
F 1559 1494 1495
F 1560 1559 1495
F 1496 1561 1560
F 1496 1560 1495
F 1691 1690 1625
F 1626 1691 1625
F 1691 1627 1692
F 1627 1691 1626
F 1757 1691 1692
F 1756 1691 1757
F 1755 1691 1756
F 1691 1755 1690
F 1755 1811 1754
F 1811 1755 1812
F 1690 1755 1689
F 1689 1755 1754
F 1755 1813 1812
F 1755 1756 1813
F 843 907 842
F 907 843 908
F 974 1038 973
F 1038 974 1039
F 909 974 908
F 974 973 908
F 974 1040 1039
F 1040 974 975
F 974 910 975
F 910 974 909
F 1574 1508 1509
F 1574 1573 1508
F 1638 1702 1637
F 1702 1638 1703
F 1638 1637 1572
F 1573 1638 1572
F 1053 1119 1118
F 1119 1053 1054
F 1570 1504 1505
F 1570 1569 1504
F 1506 1570 1505
F 1570 1506 1571
F 1569 1570 1634
F 1570 1635 1634
F 1636 1570 1571
F 1635 1570 1636
F 1697 1632 1633
F 1698 1697 1633
F 1702 1767 1701
F 1767 1766 1701
F 1700 1636 1701
F 1700 1635 1636
F 1981 1931 1932
F 1981 1932 1982
F 660 596 661
F 596 660 595
F 594 529 530
F 595 594 530
F 1306 1372 1371
F 1372 1306 1307
F 1306 1241 1242
F 1306 1242 1307
F 784 719 720
F 784 720 785
F 786 850 785
F 851 850 786
F 850 851 916
F 915 850 916
F 1046 982 1047
F 982 1046 981
F 651 650 585
F 651 585 586
F 651 715 650
F 715 651 716
F 523 524 589
F 588 523 589
F 268 202 203
F 202 268 267
F 270 206 271
F 206 270 205
F 336 270 271
F 270 336 335
F 202 138 203
F 138 202 137
F 270 204 205
F 204 270 269
F 204 268 203
F 268 204 269
F 138 204 203
F 204 138 139
F 204 140 205
F 204 139 140
F 337 338 403
F 337 403 402
F 1359 1294 1360
F 1294 1295 1360
F 1295 1294 1230
F 1294 1229 1230
F 1294 1228 1229
F 1228 1294 1293
F 1164 1228 1163
F 1228 1164 1229
F 1227 1228 1292
F 1228 1293 1292
F 1354 1290 1355
F 1290 1354 1289
F 4381 4449 4448
F 4449 4381 4382
F 4449 4383 4450
F 4383 4449 4382
F 4449 4516 4515
F 4448 4449 4515
F 4517 4449 4450
F 4516 4449 4517
F 4384 4316 4317
F 4383 4316 4384
F 4316 4250 4317
F 4316 4249 4250
F 4248 4180 4181
F 4248 4247 4180
F 4248 4181 4182
F 4249 4248 4182
F 4847 4848 4915
F 4914 4847 4915
F 4847 4781 4848
F 4847 4780 4781
F 4780 4847 4779
F 4847 4846 4779
F 4847 4913 4846
F 4913 4847 4914
F 4913 4980 4979
F 4912 4913 4979
F 4980 4913 4981
F 4913 4914 4981
F 4845 4913 4912
F 4846 4913 4845
F 4512 4579 4511
F 4579 4578 4511
F 4378 4446 4445
F 4446 4378 4379
F 5850 5801 5851
F 5850 5800 5801
F 5901 5850 5851
F 5900 5850 5901
F 5524 5457 5525
F 5525 5457 5458
F 5391 5457 5390
F 5458 5457 5391
F 5457 5389 5390
F 5457 5456 5389
F 5457 5523 5456
F 5523 5457 5524
F 5589 5523 5590
F 5523 5589 5522
F 5523 5591 5590
F 5523 5524 5591
F 5523 5522 5455
F 5456 5523 5455
F 5831 5881 5880
F 5830 5831 5880
F 5583 5649 5582
F 5649 5583 5650
F 5717 5649 5650
F 5716 5649 5717
F 6081 6032 6082
F 6031 6032 6081
F 6032 6083 6082
F 6083 6032 6033
F 6032 5983 6033
F 6032 5982 5983
F 6032 5981 5982
F 5981 6032 6031
F 5980 5981 6030
F 5981 6031 6030
F 5930 5981 5980
F 5931 5981 5930
F 5981 5931 5932
F 5982 5981 5932
F 5174 5106 5107
F 5106 5174 5173
F 5240 5174 5241
F 5173 5174 5240
F 5108 5174 5107
F 5175 5174 5108
F 5242 5174 5175
F 5174 5242 5241
F 4363 4429 4362
F 4430 4429 4363
F 4361 4429 4428
F 4429 4361 4362
F 4429 4430 4497
F 4496 4429 4497
F 4429 4495 4428
F 4429 4496 4495
F 4423 4489 4422
F 4490 4489 4423
F 4422 4489 4421
F 4489 4488 4421
F 4557 4489 4490
F 4556 4489 4557
F 4489 4555 4488
F 4489 4556 4555
F 5106 5172 5105
F 5172 5106 5173
F 5172 5104 5105
F 5172 5171 5104
F 5172 5173 5240
F 5239 5172 5240
F 5171 5172 5238
F 5172 5239 5238
F 439 375 440
F 374 375 439
F 309 245 310
F 245 309 244
F 309 243 244
F 243 309 308
F 309 375 374
F 375 309 310
F 309 373 308
F 309 374 373
F 614 550 615
F 549 550 614
F 485 550 484
F 550 549 484
F 164 100 165
F 100 164 99
F 98 164 163
F 99 164 98
F 164 229 228
F 163 164 228
F 230 166 231
F 166 230 165
F 164 230 229
F 230 164 165
F 296 230 231
F 230 296 295
F 229 230 294
F 294 230 295
F 422 357 358
F 422 358 423
F 227 162 228
F 162 163 228
F 162 98 163
F 162 97 98
F 291 226 292
F 226 227 292
F 225 226 290
F 226 291 290
F 158 157 93
F 93 157 92
F 157 156 91
F 92 157 91
F 156 157 221
F 157 222 221
F 157 223 222
F 223 157 158
F 247 181 182
F 247 246 181
F 117 183 182
F 118 183 117
F 183 247 182
F 247 183 248
F 119 183 118
F 183 119 184
F 188 252 187
F 252 188 253
F 119 185 184
F 185 119 120
F 186 185 121
F 121 185 120
F 188 254 253
F 254 188 189
F 641 705 640
F 705 641 706
F 903 839 904
F 839 903 838
F 839 840 905
F 904 839 905
F 840 776 841
F 776 840 775
F 569 634 568
F 634 633 568
F 634 699 698
F 633 634 698
F 634 569 570
F 635 634 570
F 699 634 700
F 634 635 700
F 636 572 637
F 571 572 636
F 572 506 507
F 572 571 506
F 508 572 507
F 572 508 573
F 520 519 455
F 519 454 455
F 453 519 518
F 519 453 454
F 517 453 518
F 453 517 452
F 517 582 581
F 516 517 581
F 453 389 454
F 389 453 388
F 454 389 455
F 455 389 390
F 323 389 388
F 389 323 324
F 389 325 390
F 325 389 324
F 387 453 452
F 453 387 388
F 451 517 516
F 517 451 452
F 451 516 515
F 450 451 515
F 451 450 385
F 386 451 385
F 451 387 452
F 387 451 386
F 397 331 332
F 331 397 396
F 200 199 135
F 135 199 134
F 199 133 134
F 199 198 133
F 259 325 324
F 325 259 260
F 323 259 324
F 259 323 258
F 259 195 260
F 259 194 195
F 130 194 129
F 194 130 195
F 195 130 196
F 130 131 196
F 193 259 258
F 259 193 194
F 257 193 258
F 193 257 192
F 191 190 125
F 126 191 125
F 191 126 127
F 192 191 127
F 257 191 192
F 191 257 256
F 141 206 205
F 140 141 205
F 5713 5646 5714
F 5646 5647 5714
F 5580 5646 5579
F 5646 5580 5647
F 5712 5646 5713
F 5645 5646 5712
F 5579 5646 5578
F 5646 5645 5578
F 5239 5307 5306
F 5307 5239 5240
F 5307 5240 5241
F 5308 5307 5241
F 5306 5307 5373
F 5307 5374 5373
F 5307 5308 5375
F 5374 5307 5375
F 5442 5510 5509
F 5442 5443 5510
F 5506 5572 5505
F 5506 5573 5572
F 5506 5505 5438
F 5439 5506 5438
F 5573 5506 5574
F 5506 5507 5574
F 5440 5506 5439
F 5507 5506 5440
F 5309 5308 5241
F 5242 5309 5241
F 5245 5312 5244
F 5312 5311 5244
F 5246 5312 5245
F 5313 5312 5246
F 4416 4484 4483
F 4416 4417 4484
F 4482 4416 4483
F 4416 4482 4415
F 4417 4416 4350
F 4416 4349 4350
F 4348 4416 4415
F 4349 4416 4348
F 4400 4401 4467
F 4401 4468 4467
F 4333 4401 4400
F 4401 4333 4334
F 4401 4469 4468
F 4401 4402 4469
F 4401 4334 4335
F 4402 4401 4335
F 4205 4138 4139
F 4206 4205 4139
F 4138 4205 4137
F 4205 4204 4137
F 4685 4752 4684
F 4752 4751 4684
F 4752 4686 4753
F 4752 4685 4686
F 4751 4752 4818
F 4752 4819 4818
F 4820 4752 4753
F 4819 4752 4820
F 5696 5697 5763
F 5763 5697 5764
F 5765 5697 5698
F 5697 5765 5764
F 5697 5696 5629
F 5630 5697 5629
F 5697 5631 5698
F 5697 5630 5631
F 5488 5489 5556
F 5555 5488 5556
F 5489 5488 5422
F 5488 5421 5422
F 5488 5555 5554
F 5487 5488 5554
F 5421 5488 5420
F 5488 5487 5420
F 8109 8176 8108
F 8176 8175 8108
F 8176 8109 8110
F 8177 8176 8110
F 8176 8242 8175
F 8176 8243 8242
F 8176 8177 8244
F 8243 8176 8244
F 8116 8050 8117
F 8116 8049 8050
F 8116 8117 8184
F 8183 8116 8184
F 8049 8116 8048
F 8116 8115 8048
F 8182 8116 8183
F 8115 8116 8182
F 7980 7912 7913
F 7980 7979 7912
F 7980 7913 7914
F 7981 7980 7914
F 7979 7980 8046
F 7980 8047 8046
F 8048 7980 7981
F 8047 7980 8048
F 7443 7442 7375
F 7376 7443 7375
F 7444 7443 7377
F 7443 7376 7377
F 7572 7639 7571
F 7639 7638 7571
F 7573 7639 7572
F 7639 7573 7640
F 7638 7639 7705
F 7639 7706 7705
F 7707 7639 7640
F 7706 7639 7707
F 8245 8179 8246
F 8178 8179 8245
F 8179 8247 8246
F 8179 8180 8247
F 7584 7518 7585
F 7518 7584 7517
F 7518 7586 7585
F 7518 7519 7586
F 812 747 813
F 747 748 813
F 814 748 749
F 748 814 813
F 878 943 877
F 943 942 877
F 811 747 812
F 747 811 746
F 811 812 877
F 876 811 877
F 481 417 482
F 417 481 416
F 351 417 416
F 352 417 351
F 155 154 90
F 154 89 90
F 154 153 88
F 154 88 89
F 1809 1864 1863
F 1864 1809 1810
F 1811 1864 1810
F 1865 1864 1811
F 1289 1353 1288
F 1354 1353 1289
F 1418 1353 1419
F 1353 1354 1419
F 1284 1285 1349
F 1285 1350 1349
F 1219 1285 1284
F 1220 1285 1219
F 1221 1285 1220
F 1285 1221 1286
F 1222 1221 1157
F 1157 1221 1156
F 1287 1221 1222
F 1221 1287 1286
F 1221 1155 1156
F 1221 1220 1155
F 1089 1025 1090
F 1025 1089 1024
F 1155 1089 1090
F 1154 1089 1155
F 1089 1153 1088
F 1089 1154 1153
F 895 960 894
F 894 960 959
F 1025 960 1026
F 960 961 1026
F 960 1025 1024
F 960 1024 959
F 1091 1092 1156
F 1092 1157 1156
F 969 904 905
F 970 969 905
F 1037 1038 1103
F 1102 1037 1103
F 1363 1427 1362
F 1427 1363 1428
F 1493 1427 1428
F 1427 1493 1492
F 1427 1492 1491
F 1426 1427 1491
F 1361 1427 1426
F 1427 1361 1362
F 1361 1295 1296
F 1295 1361 1360
F 1361 1297 1362
F 1297 1361 1296
F 1361 1425 1360
F 1361 1426 1425
F 1358 1294 1359
F 1294 1358 1293
F 1293 1358 1292
F 1358 1357 1292
F 1554 1553 1489
F 1489 1553 1488
F 1619 1553 1554
F 1553 1619 1618
F 1964 1914 1965
F 1914 1915 1965
F 1806 1805 1748
F 1806 1748 1749
F 1806 1860 1859
F 1805 1806 1859
F 1750 1806 1749
F 1807 1806 1750
F 1856 1801 1802
F 1801 1856 1855
F 1802 1801 1745
F 1801 1744 1745
F 1682 1681 1616
F 1617 1682 1616
F 1682 1618 1683
F 1618 1682 1617
F 1681 1682 1746
F 1682 1747 1746
F 1747 1682 1748
F 1748 1682 1683
F 1909 1960 1959
F 1960 1909 1910
F 1084 1150 1149
F 1150 1084 1085
F 304 240 305
F 240 304 239
F 304 305 370
F 369 304 370
F 304 368 303
F 304 369 368
F 366 300 301
F 300 366 365
F 300 235 236
F 300 236 301
F 174 173 109
F 173 108 109
F 499 500 564
F 500 565 564
F 501 500 436
F 500 435 436
F 434 498 433
F 498 434 499
F 500 434 435
F 434 500 499
F 369 434 368
F 368 434 433
F 435 434 370
F 434 369 370
F 566 500 501
F 500 566 565
F 566 501 502
F 567 566 502
F 566 567 632
F 631 566 632
F 566 631 630
F 565 566 630
F 620 684 619
F 620 685 684
F 488 554 553
F 554 488 489
F 618 554 619
F 554 618 553
F 555 554 490
F 490 554 489
F 554 620 619
F 620 554 555
F 360 296 361
F 296 360 295
F 495 560 494
F 560 559 494
F 626 692 691
F 692 626 627
F 626 560 561
F 560 626 625
F 626 690 625
F 690 626 691
F 560 496 561
F 496 560 495
F 496 430 431
F 430 496 495
F 432 496 431
F 496 432 497
F 562 496 497
F 496 562 561
F 628 562 563
F 562 628 627
F 562 498 563
F 498 562 497
F 562 626 561
F 626 562 627
F 557 491 492
F 491 557 556
F 623 557 558
F 557 623 622
F 557 493 558
F 493 557 492
F 429 493 428
F 493 429 494
F 493 427 428
F 427 493 492
F 559 493 494
F 558 493 559
F 1408 1342 1343
F 1342 1408 1407
F 1343 1342 1278
F 1342 1277 1278
F 1089 1023 1024
F 1023 1089 1088
F 1087 1023 1088
F 1022 1023 1087
F 1522 1588 1587
F 1588 1522 1523
F 1588 1589 1654
F 1588 1654 1653
F 1588 1524 1589
F 1524 1588 1523
F 1524 1459 1460
F 1524 1460 1525
F 1459 1524 1458
F 1458 1524 1523
F 1590 1524 1525
F 1589 1524 1590
F 1333 1269 1334
F 1333 1268 1269
F 1333 1332 1267
F 1268 1333 1267
F 1139 1075 1140
F 1075 1139 1074
F 1139 1140 1205
F 1204 1139 1205
F 1202 1203 1267
F 1203 1268 1267
F 1203 1204 1269
F 1268 1203 1269
F 1199 1263 1198
F 1263 1199 1264
F 1328 1263 1329
F 1329 1263 1264
F 1263 1327 1262
F 1263 1328 1327
F 1200 1265 1264
F 1199 1200 1264
F 1200 1201 1266
F 1265 1200 1266
F 1077 1141 1076
F 1141 1077 1142
F 1142 1077 1143
F 1077 1078 1143
F 1145 1079 1080
F 1144 1079 1145
F 1079 1144 1143
F 1078 1079 1143
F 1793 1851 1850
F 1851 1793 1794
F 1729 1730 1795
F 1794 1729 1795
F 1665 1729 1664
F 1730 1729 1665
F 1729 1793 1728
F 1793 1729 1794
F 1729 1663 1664
F 1729 1728 1663
F 5538 5470 5471
F 5537 5470 5538
F 5471 5470 5404
F 5470 5403 5404
F 5403 5470 5402
F 5470 5469 5402
F 5470 5536 5469
F 5536 5470 5537
F 5536 5602 5535
F 5536 5603 5602
F 5536 5537 5604
F 5603 5536 5604
F 5468 5536 5535
F 5469 5536 5468
F 6272 6273 6323
F 6322 6272 6323
F 6272 6322 6321
F 6271 6272 6321
F 6314 6363 6313
F 6314 6364 6363
F 6263 6314 6313
F 6314 6263 6264
F 6364 6314 6365
F 6314 6315 6365
F 6315 6314 6265
F 6314 6264 6265
F 6165 6215 6164
F 6215 6214 6164
F 6214 6215 6264
F 6264 6215 6265
F 6215 6165 6166
F 6216 6215 6166
F 6215 6266 6265
F 6215 6216 6266
F 1546 1612 1611
F 1612 1546 1547
F 1613 1612 1548
F 1612 1547 1548
F 1607 1673 1672
F 1673 1607 1608
F 1543 1607 1542
F 1607 1543 1608
F 1671 1607 1672
F 1606 1607 1671
F 1542 1607 1541
F 1607 1606 1541
F 1734 1733 1669
F 1669 1733 1668
F 1733 1667 1668
F 1667 1733 1732
F 1668 1667 1603
F 1667 1602 1603
F 2227 2272 2271
F 2228 2272 2227
F 2272 2324 2271
F 2324 2272 2325
F 2325 2272 2326
F 2272 2273 2326
F 2272 2229 2273
F 2229 2272 2228
F 2187 2229 2186
F 2229 2187 2230
F 2229 2228 2185
F 2186 2229 2185
F 2274 2229 2230
F 2273 2229 2274
F 2141 2095 2096
F 2095 2141 2140
F 2141 2184 2140
F 2184 2141 2185
F 2097 2141 2096
F 2141 2097 2142
F 2141 2142 2186
F 2141 2186 2185
F 2046 2094 2093
F 2047 2094 2046
F 2138 2094 2139
F 2094 2138 2093
F 2095 2094 2048
F 2094 2047 2048
F 2139 2094 2140
F 2094 2095 2140
F 1519 1453 1454
F 1453 1519 1518
F 1714 1778 1713
F 1778 1714 1779
F 1714 1780 1779
F 1780 1714 1715
F 1714 1650 1715
F 1714 1649 1650
F 1714 1713 1648
F 1649 1714 1648
F 1516 1452 1517
F 1452 1516 1451
F 1452 1387 1388
F 1453 1452 1388
F 1452 1518 1517
F 1452 1453 1518
F 1781 1839 1838
F 1839 1781 1782
F 1780 1781 1837
F 1837 1781 1838
F 1575 1641 1640
F 1575 1576 1641
F 1575 1510 1511
F 1576 1575 1511
F 1996 2043 1995
F 2043 1996 2044
F 1996 1995 1945
F 1946 1996 1945
F 1783 1840 1782
F 1840 1839 1782
F 1840 1893 1839
F 1893 1840 1894
F 1840 1783 1784
F 1841 1840 1784
F 1840 1895 1894
F 1840 1841 1895
F 1950 1897 1898
F 1897 1950 1949
F 1844 1845 1898
F 1845 1899 1898
F 1901 1847 1902
F 1847 1848 1902
F 1596 1660 1595
F 1660 1596 1661
F 1594 1660 1659
F 1660 1594 1595
F 2082 2083 2128
F 2127 2082 2128
F 2083 2082 2036
F 2082 2035 2036
F 2082 2127 2126
F 2081 2082 2126
F 2082 2034 2035
F 2082 2081 2034
F 2090 2042 2043
F 2042 2090 2089
F 1995 2042 1994
F 2043 2042 1995
F 2041 2042 2088
F 2088 2042 2089
F 2042 1993 1994
F 1993 2042 2041
F 1831 1885 1830
F 1885 1884 1830
F 1884 1885 1936
F 1936 1885 1937
F 1832 1885 1831
F 1886 1885 1832
F 1885 1938 1937
F 1885 1886 1938
F 1829 1773 1830
F 1829 1772 1773
F 1829 1884 1883
F 1884 1829 1830
F 1829 1771 1772
F 1829 1828 1771
F 1882 1829 1883
F 1828 1829 1882
F 2261 2216 2217
F 2216 2261 2260
F 2381 2316 2317
F 2382 2381 2317
F 602 668 667
F 602 603 668
F 602 538 603
F 538 602 537
F 474 540 539
F 540 474 475
F 474 410 475
F 474 409 410
F 1066 1002 1067
F 1002 1066 1001
F 1001 1066 1000
F 1066 1065 1000
F 1263 1197 1198
F 1197 1263 1262
F 1261 1197 1262
F 1196 1197 1261
F 1062 1127 1061
F 1127 1126 1061
F 1191 1127 1192
F 1126 1127 1191
F 1128 1127 1063
F 1063 1127 1062
F 1127 1193 1192
F 1127 1128 1193
F 1383 1448 1447
F 1382 1383 1447
F 1316 1381 1315
F 1315 1381 1380
F 1381 1446 1445
F 1380 1381 1445
F 1381 1382 1447
F 1446 1381 1447
F 151 215 150
F 216 215 151
F 215 280 279
F 214 215 279
F 281 215 216
F 215 281 280
F 149 215 214
F 215 149 150
F 149 85 150
F 85 149 84
F 149 214 213
F 148 149 213
F 149 148 83
F 84 149 83
F 276 341 340
F 275 276 340
F 211 276 210
F 276 275 210
F 348 282 283
F 282 348 347
F 218 282 217
F 282 218 283
F 217 282 216
F 282 281 216
F 412 346 347
F 346 412 411
F 282 346 281
F 346 282 347
F 346 411 410
F 345 346 410
F 280 346 345
F 281 346 280
F 415 350 351
F 415 351 416
F 415 481 480
F 481 415 416
F 350 415 349
F 415 414 349
F 479 415 480
F 414 415 479
F 798 734 799
F 734 798 733
F 734 800 799
F 800 734 735
F 734 733 668
F 669 734 668
F 734 670 735
F 734 669 670
F 672 671 606
F 672 606 607
F 608 672 607
F 673 672 608
F 481 547 546
F 547 481 482
F 547 612 611
F 546 547 611
F 548 547 483
F 483 547 482
F 547 613 612
F 547 548 613
F 929 865 930
F 929 864 865
F 934 870 935
F 870 934 869
F 934 935 1000
F 999 934 1000
F 1641 1577 1642
F 1576 1577 1641
F 1577 1643 1642
F 1577 1578 1643
F 1578 1513 1579
F 1579 1513 1514
F 1317 1381 1316
F 1381 1317 1382
F 1057 1123 1122
F 1123 1057 1058
F 1123 1058 1059
F 1124 1123 1059
F 681 680 616
F 616 680 615
F 1069 1005 1070
F 1069 1004 1005
F 1003 1069 1068
F 1004 1069 1003
F 1069 1134 1133
F 1069 1133 1068
F 2473 2474 2539
F 2538 2473 2539
F 2472 2473 2537
F 2473 2538 2537
F 2474 2473 2409
F 2473 2408 2409
F 2473 2472 2407
F 2408 2473 2407
F 2728 2664 2729
F 2664 2728 2663
F 2665 2664 2600
F 2664 2599 2600
F 2598 2664 2663
F 2599 2664 2598
F 2983 2918 2919
F 2984 2983 2919
F 2789 2723 2724
F 2788 2723 2789
F 2659 2723 2658
F 2724 2723 2659
F 2723 2657 2658
F 2723 2722 2657
F 2853 2787 2788
F 2787 2853 2852
F 2723 2787 2722
F 2787 2723 2788
F 2787 2851 2786
F 2851 2787 2852
F 2787 2786 2721
F 2722 2787 2721
F 3889 3890 3955
F 3954 3889 3955
F 4016 4082 4081
F 4017 4082 4016
F 4082 4017 4018
F 4083 4082 4018
F 3952 3953 4018
F 4017 3952 4018
F 3952 4017 4016
F 3952 4016 3951
F 3887 3952 3886
F 3886 3952 3951
F 3169 3105 3170
F 3105 3169 3104
F 3433 3369 3434
F 3369 3433 3368
F 3432 3433 3497
F 3433 3498 3497
F 3433 3432 3367
F 3433 3367 3368
F 3560 3495 3496
F 3560 3496 3561
F 3625 3560 3626
F 3626 3560 3561
F 3562 3627 3561
F 3627 3626 3561
F 3563 3562 3497
F 3498 3563 3497
F 3627 3563 3628
F 3563 3627 3562
F 3950 4015 4014
F 3949 3950 4014
F 3950 4016 4015
F 4016 3950 3951
F 3884 3950 3949
F 3885 3950 3884
F 3950 3886 3951
F 3950 3885 3886
F 3817 3818 3882
F 3818 3883 3882
F 3240 3306 3305
F 3241 3306 3240
F 3433 3499 3498
F 3499 3433 3434
F 3499 3563 3498
F 3563 3499 3564
F 3499 3565 3564
F 3565 3499 3500
F 3629 3563 3564
F 3563 3629 3628
F 3565 3629 3564
F 3629 3565 3630
F 3039 3105 3104
F 3105 3039 3040
F 3303 3369 3368
F 3369 3303 3304
F 2976 3041 2975
F 3041 3040 2975
F 2913 2912 2847
F 2848 2913 2847
F 2913 2849 2914
F 2849 2913 2848
F 2912 2913 2977
F 2913 2978 2977
F 2979 2913 2914
F 2978 2913 2979
F 3422 3357 3423
F 3357 3358 3423
F 3227 3293 3292
F 3228 3293 3227
F 3357 3293 3358
F 3293 3357 3292
F 3293 3228 3229
F 3294 3293 3229
F 3293 3294 3359
F 3293 3359 3358
F 2968 3034 3033
F 2969 3034 2968
F 2970 3034 2969
F 3034 2970 3035
F 2904 2970 2969
F 2970 2904 2905
F 2907 2843 2908
F 2843 2907 2842
F 2777 2841 2776
F 2841 2777 2842
F 2907 2841 2842
F 2841 2907 2906
F 2091 2090 2043
F 2091 2043 2044
F 2092 2091 2045
F 2045 2091 2044
F 2135 2091 2136
F 2091 2135 2090
F 2091 2092 2137
F 2136 2091 2137
F 2178 2134 2179
F 2134 2135 2179
F 2135 2134 2090
F 2090 2134 2089
F 2177 2134 2178
F 2133 2134 2177
F 2134 2088 2089
F 2134 2133 2088
F 3815 3750 3816
F 3750 3751 3816
F 3814 3750 3815
F 3750 3814 3749
F 3685 3750 3684
F 3684 3750 3749
F 3686 3750 3685
F 3750 3686 3751
F 3622 3686 3621
F 3686 3622 3687
F 3751 3686 3752
F 3752 3686 3687
F 3686 3685 3620
F 3621 3686 3620
F 3297 3363 3362
F 3363 3297 3298
F 3363 3299 3364
F 3299 3363 3298
F 3363 3428 3427
F 3362 3363 3427
F 3429 3363 3364
F 3428 3363 3429
F 3230 3229 3164
F 3165 3230 3164
F 3230 3294 3229
F 3294 3230 3295
F 3230 3231 3296
F 3230 3296 3295
F 3677 3612 3613
F 3678 3677 3613
F 3809 3810 3875
F 3874 3809 3875
F 4075 4074 4010
F 4074 4009 4010
F 4008 4074 4073
F 4009 4074 4008
F 3617 3682 3616
F 3682 3681 3616
F 3677 3611 3612
F 3611 3677 3676
F 3611 3546 3547
F 3611 3547 3612
F 3418 3483 3417
F 3417 3483 3482
F 3483 3547 3482
F 3483 3548 3547
F 3096 3161 3095
F 3161 3160 3095
F 3160 3161 3225
F 3161 3226 3225
F 2769 2770 2835
F 2834 2769 2835
F 2832 2898 2897
F 2898 2832 2833
F 2897 2898 2962
F 2898 2963 2962
F 3351 3287 3352
F 3286 3287 3351
F 3287 3286 3221
F 3222 3287 3221
F 3024 2959 2960
F 3025 3024 2960
F 3023 3024 3088
F 3088 3024 3089
F 2959 3024 2958
F 3024 3023 2958
F 3154 3153 3088
F 3154 3088 3089
F 3154 3219 3218
F 3153 3154 3218
F 2643 2707 2642
F 2707 2643 2708
F 2703 2637 2638
F 2637 2703 2702
F 2385 2451 2450
F 2386 2451 2385
F 2451 2386 2387
F 2452 2451 2387
F 2519 2520 2585
F 2519 2585 2584
F 2519 2583 2518
F 2583 2519 2584
F 2519 2455 2520
F 2519 2454 2455
F 2519 2518 2453
F 2454 2519 2453
F 2389 2388 2323
F 2324 2389 2323
F 2389 2325 2390
F 2389 2324 2325
F 2388 2389 2453
F 2389 2454 2453
F 2455 2389 2390
F 2454 2389 2455
F 6424 6374 6425
F 6374 6375 6425
F 6374 6324 6325
F 6375 6374 6325
F 6423 6374 6424
F 6373 6374 6423
F 6324 6374 6323
F 6374 6373 6323
F 2170 2213 2169
F 2213 2212 2169
F 2213 2171 2214
F 2213 2170 2171
F 2508 2507 2443
F 2507 2442 2443
F 2568 2567 2503
F 2503 2567 2502
F 2699 2765 2764
F 2699 2700 2765
F 3348 3413 3347
F 3347 3413 3412
F 3413 3478 3477
F 3413 3477 3412
F 3413 3479 3478
F 3479 3413 3414
F 3545 3479 3480
F 3479 3545 3544
F 3415 3479 3414
F 3479 3415 3480
F 3479 3544 3543
F 3478 3479 3543
F 3350 3285 3286
F 3350 3286 3351
F 3416 3350 3351
F 3415 3350 3416
F 6826 6894 6893
F 6894 6826 6827
F 6894 6960 6893
F 6894 6961 6960
F 4126 4125 4060
F 4061 4126 4060
F 3792 3858 3857
F 3858 3792 3793
F 3070 3069 3004
F 3005 3070 3004
F 3266 3265 3201
F 3265 3200 3201
F 3455 3519 3454
F 3519 3455 3520
F 3324 3388 3323
F 3324 3389 3388
F 3324 3258 3259
F 3258 3324 3323
F 3653 3654 3718
F 3718 3654 3719
F 3010 3074 3009
F 3074 3010 3075
F 3735 3736 3800
F 3736 3801 3800
F 2825 2889 2824
F 2890 2889 2825
F 2955 2889 2890
F 2889 2955 2954
F 3579 3514 3515
F 3580 3579 3515
F 3644 3579 3645
F 3579 3580 3645
F 3514 3579 3513
F 3579 3578 3513
F 3643 3579 3644
F 3578 3579 3643
F 3444 3443 3378
F 3444 3378 3379
F 3508 3444 3509
F 3444 3508 3443
F 3381 3317 3382
F 3317 3381 3316
F 3381 3315 3316
F 3381 3380 3315
F 3185 3249 3184
F 3249 3185 3250
F 3252 3187 3253
F 3253 3187 3188
F 3187 3122 3123
F 3187 3123 3188
F 3122 3187 3121
F 3187 3186 3121
F 3187 3251 3186
F 3251 3187 3252
F 3315 3251 3316
F 3251 3315 3250
F 3317 3251 3252
F 3251 3317 3316
F 3185 3251 3250
F 3186 3251 3185
F 3844 3779 3845
F 3779 3780 3845
F 3651 3715 3650
F 3715 3651 3716
F 3781 3715 3716
F 3715 3781 3780
F 3717 3651 3652
F 3651 3717 3716
F 3717 3653 3718
F 3653 3717 3652
F 4116 4115 4051
F 4115 4050 4051
F 3970 4034 3969
F 3970 4035 4034
F 3775 3710 3711
F 3776 3775 3711
F 4102 4036 4037
F 4036 4102 4101
F 3970 4036 4035
F 4036 3970 3971
F 4046 4111 4045
F 4111 4110 4045
F 3700 3699 3635
F 3635 3699 3634
F 3507 3442 3443
F 3508 3507 3443
F 3442 3507 3441
F 3507 3506 3441
F 3632 3568 3633
F 3568 3632 3567
F 4029 3963 3964
F 3963 4029 4028
F 3834 3769 3770
F 3835 3834 3770
F 3900 3965 3964
F 3900 3964 3899
F 3834 3900 3899
F 3900 3834 3835
F 3900 3835 3836
F 3900 3836 3901
F 3707 3771 3706
F 3771 3707 3772
F 3708 3707 3643
F 3707 3642 3643
F 4021 3956 3957
F 4021 3957 4022
F 3956 4021 3955
F 4021 4020 3955
F 4019 4084 4018
F 4084 4083 4018
F 4020 4084 4019
F 4085 4084 4020
F 4023 4089 4088
F 4089 4023 4024
F 3963 4027 3962
F 4027 3963 4028
F 4027 4092 4091
F 4027 4091 4026
F 4093 4027 4028
F 4092 4027 4093
F 3828 3829 3893
F 3829 3894 3893
F 3763 3829 3828
F 3829 3763 3764
F 3829 3830 3895
F 3894 3829 3895
F 3961 4027 4026
F 4027 3961 3962
F 3961 3895 3896
F 3961 3960 3895
F 3961 4025 3960
F 4025 3961 4026
F 4025 4089 4024
F 4089 4025 4090
F 4091 4025 4026
F 4090 4025 4091
F 3959 4025 4024
F 4025 3959 3960
F 3959 4023 3958
F 4023 3959 4024
F 3959 3958 3893
F 3894 3959 3893
F 3960 3959 3895
F 3959 3894 3895
F 7432 7500 7499
F 7432 7433 7500
F 6657 6725 6724
F 6658 6725 6657
F 6659 6660 6727
F 6726 6659 6727
F 6659 6609 6610
F 6660 6659 6610
F 6659 6725 6658
F 6725 6659 6726
F 6659 6608 6609
F 6659 6658 6608
F 6723 6791 6790
F 6791 6723 6724
F 7463 7395 7396
F 7463 7462 7395
F 7463 7397 7464
F 7397 7463 7396
F 7462 7463 7529
F 7463 7530 7529
F 7531 7463 7464
F 7530 7463 7531
F 7798 7799 7866
F 7865 7798 7866
F 7798 7731 7732
F 7799 7798 7732
F 7731 7798 7730
F 7798 7797 7730
F 7798 7864 7797
F 7864 7798 7865
F 7931 7864 7932
F 7864 7865 7932
F 7863 7864 7930
F 7864 7931 7930
F 7864 7863 7796
F 7797 7864 7796
F 8000 7999 7932
F 7933 8000 7932
F 7999 8000 8066
F 8000 8067 8066
F 3803 3737 3738
F 3737 3803 3802
F 3803 3738 3739
F 3804 3803 3739
F 3677 3741 3676
F 3741 3677 3742
F 4006 3942 4007
F 4006 3941 3942
F 4072 4006 4007
F 4071 4006 4072
F 3941 4006 3940
F 4006 4005 3940
F 4005 4006 4070
F 4006 4071 4070
F 4098 4033 4099
F 4099 4033 4034
F 4100 4036 4101
F 4036 4100 4035
F 4035 4100 4034
F 4100 4099 4034
F 4097 4096 4031
F 4032 4097 4031
F 4097 4033 4098
F 4033 4097 4032
F 6823 6822 6755
F 6756 6823 6755
F 6823 6757 6824
F 6757 6823 6756
F 6823 6824 6891
F 6890 6823 6891
F 6889 6823 6890
F 6823 6889 6822
F 6888 6889 6955
F 6955 6889 6956
F 6889 6888 6821
F 6822 6889 6821
F 6889 6957 6956
F 6889 6890 6957
F 7018 6951 7019
F 7019 6951 6952
F 6951 6885 6952
F 6885 6951 6884
F 6884 6951 6883
F 6951 6950 6883
F 7083 7017 7084
F 7017 7083 7016
F 6951 7017 6950
F 7017 6951 7018
F 7084 7017 7085
F 7017 7018 7085
F 6949 7017 7016
F 6950 7017 6949
F 7805 7737 7738
F 7737 7805 7804
F 7818 7750 7751
F 7817 7750 7818
F 7750 7683 7684
F 7751 7750 7684
F 7816 7750 7817
F 7749 7750 7816
F 7683 7750 7682
F 7750 7749 7682
F 5940 5941 5990
F 5941 5991 5990
F 5941 5940 5890
F 5891 5941 5890
F 5991 5941 5992
F 5941 5942 5992
F 5941 5891 5892
F 5942 5941 5892
F 6240 6290 6239
F 6239 6290 6289
F 6290 6340 6339
F 6290 6339 6289
F 6291 6290 6241
F 6290 6240 6241
F 6340 6290 6341
F 6290 6291 6341
F 6193 6192 6143
F 6192 6142 6143
F 6243 6192 6193
F 6192 6243 6242
F 6142 6192 6141
F 6192 6191 6141
F 6241 6192 6242
F 6191 6192 6241
F 2121 2166 2165
F 2166 2121 2122
F 6179 6128 6129
F 6128 6179 6178
F 6179 6129 6130
F 6180 6179 6130
F 6135 6185 6134
F 6185 6184 6134
F 6186 6185 6136
F 6185 6135 6136
F 6184 6185 6234
F 6185 6235 6234
F 6185 6186 6236
F 6235 6185 6236
F 6586 6636 6635
F 6585 6586 6635
F 6770 6838 6837
F 6838 6770 6771
F 7170 7102 7103
F 7102 7170 7169
F 7102 7169 7168
F 7101 7102 7168
F 6966 7034 7033
F 7034 6966 6967
F 6971 6972 7039
F 6971 7039 7038
F 6903 6971 6970
F 6971 6903 6904
F 7037 6971 7038
F 6970 6971 7037
F 6582 6533 6583
F 6533 6582 6532
F 6533 6482 6483
F 6482 6533 6532
F 6533 6483 6484
F 6534 6533 6484
F 6533 6534 6584
F 6583 6533 6584
F 6633 6582 6583
F 6582 6633 6632
F 6702 6636 6703
F 6636 6702 6635
F 6530 6529 6479
F 6480 6530 6479
F 6695 6762 6694
F 6762 6761 6694
F 6761 6762 6828
F 6762 6829 6828
F 6762 6695 6696
F 6763 6762 6696
F 6530 6579 6529
F 6579 6530 6580
F 6529 6578 6528
F 6579 6578 6529
F 7111 7044 7112
F 7044 7045 7112
F 7045 7044 6978
F 7044 6977 6978
F 7160 7226 7159
F 7160 7227 7226
F 7092 7160 7159
F 7093 7160 7092
F 2351 2287 2352
F 2287 2351 2286
F 2233 2287 2286
F 2234 2287 2233
F 2236 2192 2237
F 2192 2193 2237
F 2150 2192 2149
F 2192 2150 2193
F 2191 2192 2235
F 2192 2236 2235
F 2192 2191 2148
F 2192 2148 2149
F 2487 2488 2552
F 2552 2488 2553
F 2422 2486 2421
F 2422 2487 2486
F 2151 2106 2107
F 2106 2151 2150
F 2106 2061 2062
F 2107 2106 2062
F 2106 2150 2149
F 2105 2106 2149
F 2061 2106 2060
F 2106 2105 2060
F 1751 1807 1750
F 1807 1751 1808
F 2151 2194 2150
F 2150 2194 2193
F 2193 2194 2237
F 2194 2238 2237
F 2362 2428 2427
F 2428 2362 2363
F 2428 2494 2493
F 2494 2428 2429
F 3008 2943 3009
F 3009 2943 2944
F 2750 2816 2815
F 2750 2751 2816
F 2750 2686 2751
F 2686 2750 2685
F 2617 2552 2553
F 2618 2617 2553
F 2683 2617 2618
F 2617 2683 2682
F 3055 2989 2990
F 3055 3054 2989
F 3055 2991 3056
F 2991 3055 2990
F 3054 3055 3119
F 3055 3120 3119
F 3055 3056 3121
F 3120 3055 3121
F 2731 2667 2732
F 2667 2731 2666
F 2797 2731 2732
F 2796 2731 2797
F 2924 2860 2925
F 2860 2924 2859
F 3253 3189 3254
F 3189 3253 3188
F 3189 3255 3254
F 3189 3190 3255
F 3125 3061 3126
F 3061 3125 3060
F 3191 3125 3126
F 3190 3125 3191
F 2744 2808 2743
F 2809 2808 2744
F 2873 2808 2874
F 2808 2809 2874
F 3130 3196 3195
F 3196 3130 3131
F 3067 3066 3002
F 3002 3066 3001
F 3003 2937 2938
F 2937 3003 3002
F 2937 2873 2938
F 2873 2937 2872
F 2937 3002 3001
F 2936 2937 3001
F 2937 2936 2871
F 2872 2937 2871
F 2933 2934 2999
F 2998 2933 2999
F 2997 2933 2998
F 2933 2997 2932
F 1566 1502 1567
F 1566 1501 1502
F 1566 1565 1500
F 1501 1566 1500
F 1442 1441 1376
F 1442 1376 1377
F 1441 1442 1506
F 1442 1507 1506
F 1508 1442 1443
F 1507 1442 1508
F 1048 982 983
F 982 1048 1047
F 1112 1046 1047
F 1046 1112 1111
F 1048 1112 1047
F 1112 1048 1113
F 1176 1112 1177
F 1111 1112 1176
F 1112 1178 1177
F 1112 1113 1178
F 1309 1245 1310
F 1245 1309 1244
F 1309 1308 1243
F 1309 1243 1244
F 2018 1969 1970
F 2018 2017 1969
F 2017 2018 2064
F 2018 2065 2064
F 1431 1365 1366
F 1365 1431 1430
F 1367 1431 1366
F 1431 1367 1432
F 1430 1431 1495
F 1431 1496 1495
F 1431 1497 1496
F 1497 1431 1432
F 1563 1497 1498
F 1497 1563 1562
F 1497 1432 1433
F 1497 1433 1498
F 1561 1497 1562
F 1496 1497 1561
F 715 779 714
F 779 715 780
F 714 778 713
F 779 778 714
F 1169 1105 1170
F 1104 1105 1169
F 1105 1104 1039
F 1040 1105 1039
F 1574 1639 1573
F 1639 1638 1573
F 1638 1639 1703
F 1639 1704 1703
F 1378 1442 1377
F 1442 1378 1443
F 1312 1378 1377
F 1313 1378 1312
F 856 922 921
F 922 856 857
F 856 792 857
F 792 856 791
F 792 726 727
F 726 792 791
F 1704 1768 1703
F 1768 1704 1769
F 1768 1702 1703
F 1768 1767 1702
F 1767 1824 1766
F 1766 1824 1823
F 1972 1971 1921
F 1922 1972 1921
F 468 467 402
F 403 468 402
F 468 533 532
F 467 468 532
F 526 460 461
F 460 526 525
F 526 461 462
F 527 526 462
F 395 331 396
F 331 395 330
F 461 395 396
F 460 395 461
F 459 395 460
F 395 459 394
F 523 459 524
F 459 523 458
F 459 525 524
F 459 460 525
F 531 596 595
F 531 595 530
F 849 784 785
F 850 849 785
F 1173 1239 1238
F 1239 1173 1174
F 917 982 981
F 916 917 981
F 984 1048 983
F 1048 984 1049
F 920 856 921
F 856 920 855
F 920 984 919
F 984 920 985
F 855 920 854
F 920 919 854
F 846 910 845
F 910 846 911
F 201 200 135
F 136 201 135
F 202 201 137
F 201 136 137
F 401 337 402
F 337 401 336
F 336 401 335
F 401 400 335
F 399 465 464
F 399 400 465
F 144 208 143
F 208 144 209
F 208 274 273
F 208 209 274
F 272 208 273
F 208 272 207
F 206 272 271
F 207 272 206
F 272 336 271
F 272 337 336
F 338 272 273
F 337 272 338
F 1173 1108 1174
F 1108 1109 1174
F 1110 1111 1176
F 1175 1110 1176
F 1110 1046 1111
F 1046 1110 1045
F 1109 1110 1174
F 1110 1175 1174
F 1298 1232 1233
F 1297 1232 1298
F 1231 1232 1296
F 1232 1297 1296
F 1232 1168 1233
F 1168 1232 1167
F 1104 1168 1103
F 1168 1104 1169
F 1168 1169 1234
F 1233 1168 1234
F 1168 1167 1102
F 1168 1102 1103
F 1034 969 970
F 1034 970 1035
F 1228 1162 1163
F 1162 1228 1227
F 1225 1159 1160
F 1159 1225 1224
F 1225 1289 1224
F 1225 1290 1289
F 4315 4383 4382
F 4315 4316 4383
F 4315 4381 4314
F 4381 4315 4382
F 4316 4315 4249
F 4315 4248 4249
F 4247 4315 4314
F 4248 4315 4247
F 4646 4714 4713
F 4646 4647 4714
F 4646 4712 4645
F 4712 4646 4713
F 4647 4646 4580
F 4646 4579 4580
F 4578 4646 4645
F 4579 4646 4578
F 4514 4447 4515
F 4447 4448 4515
F 4381 4447 4380
F 4447 4381 4448
F 4380 4447 4379
F 4447 4446 4379
F 4447 4513 4446
F 4513 4447 4514
F 4513 4579 4512
F 4579 4513 4580
F 4513 4514 4581
F 4513 4581 4580
F 4513 4512 4445
F 4446 4513 4445
F 5899 5949 5948
F 5898 5899 5948
F 5949 5899 5950
F 5899 5900 5950
F 5832 5833 5883
F 5882 5832 5883
F 5832 5882 5881
F 5831 5832 5881
F 5648 5715 5714
F 5647 5648 5714
F 5648 5580 5581
F 5580 5648 5647
F 5648 5649 5716
F 5715 5648 5716
F 5648 5581 5582
F 5649 5648 5582
F 249 183 184
F 183 249 248
F 185 249 184
F 249 185 250
F 311 376 310
F 376 375 310
F 355 421 420
F 421 355 356
F 357 421 356
F 422 421 357
F 160 159 94
F 160 94 95
F 289 355 354
F 355 289 290
F 287 286 221
F 222 287 221
F 286 287 351
F 287 352 351
F 185 251 250
F 251 185 186
F 251 186 187
F 252 251 187
F 317 251 252
F 251 317 316
F 317 252 253
F 317 253 318
F 254 319 253
F 253 319 318
F 191 255 190
F 255 191 256
F 190 255 189
F 255 254 189
F 576 642 641
F 642 576 577
F 641 642 706
F 642 707 706
F 772 773 838
F 837 772 838
F 966 965 901
F 965 900 901
F 834 898 833
F 898 834 899
F 580 579 514
F 580 514 515
F 516 580 515
F 580 516 581
F 580 581 646
F 645 580 646
F 644 580 645
F 580 644 579
F 709 644 710
F 644 645 710
F 644 578 579
F 578 644 643
F 578 642 577
F 642 578 643
F 579 578 514
F 578 513 514
F 578 577 512
F 513 578 512
F 647 711 646
F 712 711 647
F 645 711 710
F 711 645 646
F 711 776 775
F 711 775 710
F 708 642 643
F 642 708 707
F 644 708 643
F 708 644 709
F 772 708 773
F 708 772 707
F 708 774 773
F 774 708 709
F 775 774 710
F 774 709 710
F 839 774 840
F 840 774 775
F 774 839 838
F 773 774 838
F 768 834 833
F 834 768 769
F 517 583 582
F 583 517 518
F 322 323 388
F 387 322 388
F 323 322 258
F 322 257 258
F 194 128 129
F 193 128 194
F 128 193 192
F 128 192 127
F 208 142 143
F 142 208 207
F 141 142 206
F 142 207 206
F 5441 5440 5373
F 5374 5441 5373
F 5507 5441 5508
F 5441 5507 5440
F 5441 5374 5375
F 5442 5441 5375
F 5508 5441 5509
F 5441 5442 5509
F 5377 5445 5444
F 5445 5377 5378
F 5379 5447 5446
F 5379 5380 5447
F 5445 5379 5446
F 5379 5445 5378
F 5379 5313 5380
F 5379 5312 5313
F 5312 5379 5311
F 5379 5378 5311
F 4272 4339 4338
F 4271 4272 4338
F 4272 4273 4340
F 4339 4272 4340
F 4204 4272 4271
F 4205 4272 4204
F 4272 4206 4273
F 4272 4205 4206
F 7577 7510 7578
F 7510 7511 7578
F 7509 7510 7576
F 7510 7577 7576
F 7511 7510 7444
F 7510 7443 7444
F 7510 7509 7442
F 7443 7510 7442
F 8112 8111 8044
F 8045 8112 8044
F 8112 8178 8111
F 8112 8179 8178
F 7451 7384 7385
F 7452 7451 7385
F 7384 7451 7383
F 7451 7450 7383
F 7519 7451 7452
F 7518 7451 7519
F 7450 7451 7517
F 7451 7518 7517
F 682 616 617
F 682 681 616
F 682 618 683
F 618 682 617
F 682 747 746
F 681 682 746
F 748 682 683
F 747 682 748
F 879 878 813
F 814 879 813
F 879 815 880
F 815 879 814
F 1008 1009 1074
F 1073 1008 1074
F 1008 1072 1007
F 1072 1008 1073
F 942 1008 1007
F 943 1008 942
F 809 810 874
F 874 810 875
F 810 876 875
F 810 811 876
F 418 419 484
F 483 418 484
F 419 418 354
F 354 418 353
F 418 483 482
F 417 418 482
F 418 417 352
F 418 352 353
F 283 219 284
F 218 219 283
F 219 220 285
F 219 285 284
F 219 218 153
F 154 219 153
F 220 219 155
F 219 154 155
F 1916 1966 1965
F 1915 1916 1965
F 1967 1916 1917
F 1916 1967 1966
F 1864 1916 1863
F 1916 1915 1863
F 1916 1865 1917
F 1916 1864 1865
F 1482 1483 1548
F 1547 1482 1548
F 1285 1351 1350
F 1351 1285 1286
F 1415 1414 1349
F 1350 1415 1349
F 1351 1415 1350
F 1415 1351 1416
F 1159 1093 1094
F 1093 1159 1158
F 1093 1158 1157
F 1092 1093 1157
F 1027 1093 1092
F 1093 1027 1028
F 962 1027 961
F 961 1027 1026
F 1027 962 963
F 1028 1027 963
F 1027 1091 1026
F 1027 1092 1091
F 968 1034 1033
F 1034 968 969
F 968 903 904
F 969 968 904
F 973 972 908
F 972 907 908
F 1038 972 973
F 1037 972 1038
F 1423 1487 1422
F 1487 1423 1488
F 1489 1423 1424
F 1423 1489 1488
F 1357 1423 1422
F 1358 1423 1357
F 1423 1359 1424
F 1423 1358 1359
F 1748 1684 1749
F 1684 1748 1683
F 1619 1684 1618
F 1618 1684 1683
F 1486 1552 1551
F 1487 1552 1486
F 1552 1616 1551
F 1552 1617 1616
F 1552 1487 1488
F 1553 1552 1488
F 1552 1618 1617
F 1552 1553 1618
F 1913 1962 1912
F 1962 1913 1963
F 1913 1964 1963
F 1913 1914 1964
F 1908 1907 1855
F 1856 1908 1855
F 1907 1908 1957
F 1908 1958 1957
F 1958 1908 1959
F 1908 1909 1959
F 1908 1857 1909
F 1857 1908 1856
F 1804 1857 1803
F 1858 1857 1804
F 1857 1802 1803
F 1857 1856 1802
F 1857 1858 1910
F 1909 1857 1910
F 1083 1147 1082
F 1147 1083 1148
F 1148 1083 1149
F 1083 1084 1149
F 1020 1019 955
F 1019 954 955
F 1019 1020 1085
F 1084 1019 1085
F 890 956 955
F 956 890 891
F 233 299 298
F 299 233 234
F 299 363 298
F 363 299 364
F 235 299 234
F 300 299 235
F 299 365 364
F 299 300 365
F 172 236 171
F 172 237 236
F 172 171 106
F 107 172 106
F 173 172 108
F 108 172 107
F 238 172 173
F 172 238 237
F 304 238 239
F 238 304 303
F 302 238 303
F 237 238 302
F 238 174 239
F 238 173 174
F 557 621 556
F 621 557 622
F 621 555 556
F 621 620 555
F 424 425 489
F 425 490 489
F 491 425 426
F 425 491 490
F 425 361 426
F 425 360 361
F 425 359 360
F 359 425 424
F 293 359 358
F 359 293 294
F 359 424 423
F 358 359 423
F 359 294 295
F 360 359 295
F 690 624 625
F 624 690 689
F 560 624 559
F 624 560 625
F 624 558 559
F 624 623 558
F 1335 1400 1334
F 1400 1399 1334
F 1400 1335 1336
F 1401 1400 1336
F 1406 1341 1407
F 1341 1342 1407
F 957 956 891
F 892 957 891
F 956 957 1021
F 957 1022 1021
F 629 563 564
F 629 628 563
F 565 629 564
F 629 565 630
F 695 629 630
F 694 629 695
F 693 629 694
F 629 693 628
F 693 692 627
F 628 693 627
F 693 694 759
F 758 693 759
F 757 693 758
F 693 757 692
F 692 757 691
F 757 756 691
F 756 757 821
F 821 757 822
F 1398 1464 1463
F 1398 1399 1464
F 1397 1398 1462
F 1462 1398 1463
F 1398 1333 1334
F 1399 1398 1334
F 1332 1398 1397
F 1333 1398 1332
F 1139 1138 1074
F 1138 1073 1074
F 1138 1137 1072
F 1138 1072 1073
F 1138 1139 1204
F 1203 1138 1204
F 1137 1138 1202
F 1138 1203 1202
F 1069 1135 1134
F 1135 1069 1070
F 1071 1135 1070
F 1135 1071 1136
F 1134 1135 1199
F 1135 1200 1199
F 1201 1135 1136
F 1200 1135 1201
F 1014 948 949
F 948 1014 1013
F 1014 1079 1078
F 1014 1078 1013
F 6222 6171 6172
F 6222 6221 6171
F 6223 6222 6173
F 6222 6172 6173
F 6221 6222 6271
F 6222 6272 6271
F 6273 6222 6223
F 6272 6222 6273
F 1609 1674 1608
F 1674 1673 1608
F 1674 1738 1673
F 1738 1674 1739
F 1739 1674 1740
F 1674 1675 1740
F 1674 1610 1675
F 1610 1674 1609
F 1610 1546 1611
F 1546 1610 1545
F 1610 1609 1544
F 1610 1544 1545
F 1610 1611 1676
F 1675 1610 1676
F 1666 1730 1665
F 1730 1666 1731
F 1602 1666 1601
F 1667 1666 1602
F 1666 1667 1732
F 1731 1666 1732
F 2142 2098 2143
F 2097 2098 2142
F 2050 2003 2051
F 2003 2050 2002
F 2049 2050 2096
F 2050 2097 2096
F 2050 2098 2097
F 2098 2050 2051
F 1710 1776 1775
F 1710 1711 1776
F 1709 1710 1774
F 1774 1710 1775
F 1711 1710 1646
F 1710 1645 1646
F 1644 1710 1709
F 1645 1710 1644
F 1520 1456 1521
F 1456 1520 1455
F 1455 1520 1454
F 1520 1519 1454
F 1584 1648 1583
F 1584 1649 1648
F 1518 1584 1583
F 1519 1584 1518
F 1833 1834 1887
F 1834 1888 1887
F 1580 1644 1579
F 1580 1645 1644
F 1646 1580 1581
F 1645 1580 1646
F 1515 1580 1514
F 1580 1579 1514
F 1580 1516 1581
F 1580 1515 1516
F 1386 1452 1451
F 1452 1386 1387
F 1387 1386 1322
F 1386 1321 1322
F 1257 1256 1192
F 1256 1191 1192
F 1256 1257 1322
F 1321 1256 1322
F 1255 1256 1321
F 1255 1321 1320
F 1256 1255 1191
F 1255 1190 1191
F 1125 1124 1059
F 1060 1125 1059
F 1125 1060 1061
F 1126 1125 1061
F 1124 1125 1189
F 1125 1190 1189
F 1125 1126 1191
F 1190 1125 1191
F 1718 1652 1653
F 1717 1652 1718
F 1588 1652 1587
F 1652 1588 1653
F 1587 1652 1586
F 1652 1651 1586
F 1652 1716 1651
F 1716 1652 1717
F 1650 1716 1715
F 1651 1716 1650
F 1716 1717 1782
F 1781 1716 1782
F 1716 1780 1715
F 1716 1781 1780
F 1997 1948 1998
F 1948 1997 1947
F 1997 2046 2045
F 2046 1997 1998
F 1997 1946 1947
F 1997 1996 1946
F 1996 1997 2044
F 1997 2045 2044
F 2047 2000 2048
F 2000 2047 1999
F 2000 1999 1949
F 1950 2000 1949
F 1722 1787 1721
F 1721 1787 1786
F 1787 1843 1786
F 1787 1844 1843
F 1845 1846 1899
F 1899 1846 1900
F 1846 1901 1900
F 1846 1847 1901
F 1943 1890 1891
F 1943 1942 1890
F 1943 1892 1944
F 1892 1943 1891
F 1943 1944 1994
F 1993 1943 1994
F 1992 1943 1993
F 1943 1992 1942
F 2039 1992 2040
F 1992 2039 1991
F 1942 1992 1941
F 1992 1991 1941
F 1992 2041 2040
F 1992 1993 2041
F 2381 2315 2316
F 2315 2381 2380
F 2447 2381 2382
F 2381 2447 2446
F 2576 2640 2575
F 2640 2576 2641
F 2576 2577 2642
F 2641 2576 2642
F 666 732 731
F 732 666 667
F 666 731 730
F 665 666 730
F 471 536 470
F 470 536 535
F 536 471 472
F 536 472 537
F 473 538 537
F 472 473 537
F 473 472 407
F 408 473 407
F 538 473 539
F 473 474 539
F 473 408 409
F 474 473 409
F 1068 1132 1067
F 1133 1132 1068
F 1132 1133 1198
F 1197 1132 1198
F 802 737 803
F 737 738 803
F 801 737 802
F 737 801 736
F 738 737 673
F 737 672 673
F 671 737 736
F 672 737 671
F 993 994 1058
F 1058 994 1059
F 1060 994 995
F 994 1060 1059
F 995 994 930
F 994 929 930
F 994 928 929
F 928 994 993
F 862 928 927
F 928 862 863
F 928 992 927
F 928 993 992
F 928 863 864
F 929 928 864
F 933 867 868
F 867 933 932
F 933 868 869
F 934 933 869
F 1512 1576 1511
F 1512 1577 1576
F 1446 1512 1511
F 1512 1446 1447
F 1577 1512 1578
F 1512 1513 1578
F 1448 1512 1447
F 1513 1512 1448
F 1186 1252 1251
F 1252 1186 1187
F 1251 1252 1316
F 1252 1317 1316
F 1252 1318 1317
F 1318 1252 1253
F 1318 1383 1382
F 1317 1318 1382
F 1252 1188 1253
F 1188 1252 1187
F 1188 1124 1189
F 1188 1123 1124
F 1122 1188 1187
F 1123 1188 1122
F 743 744 808
F 744 809 808
F 2007 2053 2006
F 2053 2007 2054
F 1678 1614 1679
F 1678 1613 1614
F 1798 1799 1852
F 1852 1799 1853
F 1741 1797 1740
F 1741 1798 1797
F 1741 1675 1676
F 1675 1741 1740
F 1799 1741 1742
F 1741 1799 1798
F 3048 3114 3113
F 3114 3048 3049
F 3048 2984 3049
F 3048 2983 2984
F 3824 3760 3825
F 3760 3824 3759
F 3824 3825 3890
F 3889 3824 3890
F 3888 3952 3887
F 3952 3888 3953
F 3888 3824 3889
F 3824 3888 3823
F 3888 3822 3823
F 3888 3887 3822
F 3888 3954 3953
F 3888 3889 3954
F 3102 3168 3167
F 3168 3102 3103
F 3169 3168 3104
F 3168 3103 3104
F 3622 3623 3687
F 3623 3688 3687
F 3758 3824 3823
F 3824 3758 3759
F 3754 3690 3755
F 3690 3754 3689
F 3307 3242 3243
F 3308 3307 3243
F 3372 3307 3373
F 3307 3308 3373
F 3307 3241 3242
F 3307 3306 3241
F 3370 3304 3305
F 3370 3369 3304
F 3632 3566 3567
F 3566 3632 3631
F 3566 3502 3567
F 3566 3501 3502
F 3566 3565 3500
F 3501 3566 3500
F 3565 3566 3630
F 3630 3566 3631
F 2974 2909 2910
F 2974 2910 2975
F 3039 2974 3040
F 3040 2974 2975
F 3236 3302 3301
F 3237 3302 3236
F 3302 3367 3366
F 3302 3366 3301
F 3367 3302 3368
F 3302 3303 3368
F 3302 3238 3303
F 3238 3302 3237
F 3174 3238 3173
F 3238 3174 3239
F 3238 3237 3172
F 3238 3172 3173
F 3304 3238 3239
F 3303 3238 3304
F 3042 2978 3043
F 2978 3042 2977
F 3042 2976 2977
F 3042 3041 2976
F 3170 3106 3171
F 3105 3106 3170
F 3106 3105 3040
F 3041 3106 3040
F 3356 3421 3420
F 3355 3356 3420
F 3290 3356 3355
F 3356 3290 3291
F 3356 3422 3421
F 3356 3357 3422
F 3356 3291 3292
F 3357 3356 3292
F 3099 3165 3164
F 3099 3100 3165
F 3163 3099 3164
F 3098 3099 3163
F 3099 3034 3035
F 3100 3099 3035
F 3099 3098 3033
F 3034 3099 3033
F 2907 2971 2906
F 2971 2907 2972
F 2971 2970 2905
F 2906 2971 2905
F 2840 2904 2839
F 2904 2840 2905
F 2840 2774 2775
F 2774 2840 2839
F 2840 2906 2905
F 2840 2841 2906
F 2776 2840 2775
F 2841 2840 2776
F 3743 3677 3678
F 3677 3743 3742
F 3748 3683 3749
F 3683 3684 3749
F 3683 3619 3684
F 3619 3683 3618
F 3683 3617 3618
F 3683 3682 3617
F 3683 3747 3682
F 3747 3683 3748
F 3747 3811 3746
F 3811 3747 3812
F 3747 3813 3812
F 3747 3748 3813
F 3747 3746 3681
F 3682 3747 3681
F 3610 3609 3544
F 3545 3610 3544
F 3610 3674 3609
F 3674 3610 3675
F 3546 3610 3545
F 3611 3610 3546
F 3610 3611 3676
F 3610 3676 3675
F 3484 3485 3550
F 3549 3484 3550
F 3484 3419 3420
F 3485 3484 3420
F 3548 3484 3549
F 3483 3484 3548
F 3484 3418 3419
F 3484 3483 3418
F 3228 3162 3163
F 3162 3228 3227
F 3098 3162 3097
F 3162 3098 3163
F 3226 3162 3227
F 3161 3162 3226
F 3162 3096 3097
F 3162 3161 3096
F 2768 2767 2702
F 2703 2768 2702
F 2768 2832 2767
F 2832 2768 2833
F 2768 2769 2834
F 2768 2834 2833
F 2768 2704 2769
F 2704 2768 2703
F 2640 2704 2639
F 2704 2640 2705
F 2704 2703 2638
F 2639 2704 2638
F 2769 2704 2770
F 2770 2704 2705
F 2900 2899 2835
F 2899 2834 2835
F 2899 2900 2965
F 2964 2899 2965
F 2834 2899 2833
F 2899 2898 2833
F 2963 2899 2964
F 2898 2899 2963
F 3288 3354 3353
F 3354 3288 3289
F 3288 3353 3352
F 3287 3288 3352
F 3155 3220 3219
F 3154 3155 3219
F 2706 2771 2770
F 2706 2770 2705
F 2640 2706 2705
F 2706 2640 2641
F 2707 2706 2642
F 2706 2641 2642
F 2772 2706 2707
F 2706 2772 2771
F 2772 2838 2837
F 2838 2772 2773
F 2836 2772 2837
F 2771 2772 2836
F 2773 2772 2708
F 2772 2707 2708
F 2445 2381 2446
F 2381 2445 2380
F 2573 2574 2639
F 2573 2639 2638
F 2637 2573 2638
F 2573 2637 2572
F 2573 2507 2508
F 2507 2573 2572
F 2700 2636 2701
F 2636 2700 2635
F 2701 2636 2702
F 2636 2637 2702
F 2637 2636 2572
F 2572 2636 2571
F 2516 2582 2581
F 2516 2517 2582
F 2515 2516 2580
F 2516 2581 2580
F 2516 2452 2517
F 2516 2451 2452
F 2516 2515 2450
F 2451 2516 2450
F 2442 2377 2443
F 2377 2378 2443
F 2636 2570 2571
F 2570 2636 2635
F 2504 2570 2569
F 2505 2570 2504
F 2570 2506 2571
F 2506 2570 2505
F 2506 2507 2572
F 2506 2572 2571
F 2634 2570 2635
F 2570 2634 2569
F 2699 2634 2700
F 2700 2634 2635
F 3349 3413 3348
F 3413 3349 3414
F 3283 3349 3348
F 3349 3283 3284
F 3349 3415 3414
F 3349 3350 3415
F 3285 3349 3284
F 3350 3349 3285
F 6829 6895 6828
F 6895 6829 6896
F 6828 6895 6827
F 6895 6894 6827
F 3537 3601 3536
F 3601 3537 3602
F 3667 3603 3668
F 3603 3667 3602
F 3601 3667 3666
F 3667 3601 3602
F 3864 3928 3863
F 3929 3928 3864
F 4049 4114 4113
F 4049 4113 4048
F 4115 4049 4050
F 4049 4115 4114
F 4047 4111 4046
F 4111 4047 4112
F 4113 4047 4048
F 4112 4047 4113
F 3201 3135 3136
F 3200 3135 3201
F 3136 3135 3071
F 3135 3070 3071
F 3332 3396 3331
F 3397 3396 3332
F 3389 3390 3454
F 3390 3455 3454
F 3462 3396 3397
F 3396 3462 3461
F 3462 3397 3398
F 3462 3398 3463
F 3462 3526 3461
F 3462 3527 3526
F 3720 3785 3784
F 3720 3784 3719
F 2945 3010 3009
F 2945 3009 2944
F 2631 2630 2565
F 2566 2631 2565
F 3019 3083 3018
F 3083 3019 3084
F 2754 2818 2753
F 2818 2754 2819
F 2754 2688 2689
F 2688 2754 2753
F 2630 2564 2565
F 2564 2630 2629
F 2628 2694 2693
F 2694 2628 2629
F 2692 2628 2693
F 2628 2692 2627
F 2628 2564 2629
F 2564 2628 2563
F 3865 3929 3864
F 3929 3865 3930
F 3865 3931 3930
F 3931 3865 3866
F 3801 3865 3800
F 3866 3865 3801
F 3671 3736 3735
F 3670 3671 3735
F 3606 3671 3605
F 3671 3670 3605
F 3670 3604 3605
F 3604 3670 3669
F 3668 3604 3669
F 3603 3604 3668
F 3020 3086 3085
F 3086 3020 3021
F 3019 3020 3084
F 3020 3085 3084
F 2955 3020 2954
F 3020 3019 2954
F 2891 2890 2825
F 2891 2825 2826
F 3020 2956 3021
F 2956 3020 2955
F 2956 2955 2890
F 2891 2956 2890
F 3086 3150 3085
F 3150 3086 3151
F 3085 3150 3084
F 3150 3149 3084
F 3248 3312 3247
F 3248 3313 3312
F 3182 3248 3247
F 3248 3182 3183
F 3248 3183 3184
F 3249 3248 3184
F 3314 3248 3249
F 3248 3314 3313
F 3380 3314 3315
F 3314 3380 3379
F 3313 3314 3378
F 3378 3314 3379
F 3314 3249 3250
F 3315 3314 3250
F 3910 3844 3845
F 3844 3910 3909
F 3910 3974 3909
F 3974 3910 3975
F 3713 3714 3778
F 3714 3779 3778
F 3649 3714 3648
F 3714 3713 3648
F 3779 3714 3780
F 3714 3715 3780
F 3714 3649 3650
F 3715 3714 3650
F 3528 3462 3463
F 3462 3528 3527
F 3661 3726 3725
F 3660 3661 3725
F 3837 3902 3836
F 3836 3902 3901
F 3966 3900 3901
F 3900 3966 3965
F 3902 3966 3901
F 3966 3902 3967
F 3965 3966 4030
F 3966 4031 4030
F 3966 4032 4031
F 3966 3967 4032
F 3773 3707 3708
F 3707 3773 3772
F 4036 3972 4037
F 3972 4036 3971
F 3906 3972 3971
F 3972 3906 3907
F 3698 3632 3633
F 3632 3698 3697
F 3698 3763 3762
F 3697 3698 3762
F 3698 3633 3634
F 3699 3698 3634
F 3763 3698 3764
F 3698 3699 3764
F 3572 3573 3638
F 3637 3572 3638
F 3572 3636 3571
F 3636 3572 3637
F 3573 3572 3508
F 3572 3507 3508
F 3506 3572 3571
F 3507 3572 3506
F 3768 3703 3704
F 3769 3768 3704
F 3703 3702 3638
F 3702 3637 3638
F 3636 3702 3701
F 3702 3636 3637
F 3768 3702 3703
F 3702 3768 3767
F 3702 3766 3701
F 3766 3702 3767
F 3761 3827 3826
F 3827 3761 3762
F 3825 3761 3826
F 3760 3761 3825
F 3695 3629 3630
F 3629 3695 3694
F 3695 3760 3759
F 3695 3759 3694
F 4087 4086 4022
F 4086 4021 4022
F 4021 4086 4020
F 4086 4085 4020
F 3829 3765 3830
F 3765 3829 3764
F 3765 3699 3700
F 3699 3765 3764
F 3830 3765 3831
F 3765 3766 3831
F 3765 3700 3701
F 3766 3765 3701
F 7363 7431 7430
F 7364 7431 7363
F 7431 7497 7430
F 7497 7431 7498
F 7498 7431 7499
F 7431 7432 7499
F 7431 7365 7432
F 7365 7431 7364
F 7365 7299 7366
F 7299 7365 7298
F 7365 7364 7297
F 7365 7297 7298
F 7433 7365 7366
F 7432 7365 7433
F 6925 6858 6926
F 6858 6859 6926
F 6857 6858 6924
F 6858 6925 6924
F 6858 6857 6790
F 6791 6858 6790
F 6792 6858 6791
F 6858 6792 6859
F 6860 6792 6793
F 6859 6792 6860
F 6792 6726 6793
F 6792 6725 6726
F 6725 6792 6724
F 6792 6791 6724
F 8001 7935 8002
F 7935 8001 7934
F 8069 8001 8002
F 8001 8069 8068
F 8001 7933 7934
F 8001 8000 7933
F 8067 8001 8068
F 8000 8001 8067
F 3933 3868 3934
F 3868 3869 3934
F 3932 3868 3933
F 3868 3932 3867
F 3868 3803 3804
F 3868 3804 3869
F 3803 3868 3802
F 3868 3867 3802
F 3869 3805 3870
F 3804 3805 3869
F 3902 3968 3967
F 3968 3902 3903
F 3968 3904 3969
F 3904 3968 3903
F 3967 3968 4032
F 3968 4033 4032
F 4034 3968 3969
F 4033 3968 4034
F 7872 7940 7939
F 7872 7873 7940
F 7872 7938 7871
F 7938 7872 7939
F 7872 7871 7804
F 7805 7872 7804
F 7806 7872 7805
F 7872 7806 7873
F 7740 7806 7739
F 7806 7740 7807
F 7874 7806 7807
F 7873 7806 7874
F 7739 7806 7738
F 7806 7805 7738
F 2030 1981 1982
F 1981 2030 2029
F 6229 6280 6279
F 6229 6230 6280
F 6278 6229 6279
F 6228 6229 6278
F 6230 6229 6180
F 6229 6179 6180
F 6179 6229 6178
F 6229 6228 6178
F 6587 6638 6637
F 6638 6587 6588
F 6636 6587 6637
F 6586 6587 6636
F 6906 6974 6973
F 6974 6906 6907
F 6965 7031 6964
F 6965 7032 7031
F 7032 6965 7033
F 6965 6966 7033
F 6766 6834 6833
F 6834 6766 6767
F 6582 6531 6532
F 6531 6582 6581
F 6531 6481 6482
F 6531 6482 6532
F 6530 6531 6580
F 6531 6581 6580
F 6531 6480 6481
F 6531 6530 6480
F 6976 6909 6910
F 6977 6976 6910
F 7161 7095 7162
F 7161 7094 7095
F 7229 7161 7162
F 7161 7229 7228
F 7161 7093 7094
F 7161 7160 7093
F 7227 7161 7228
F 7160 7161 7227
F 2288 2236 2289
F 2236 2288 2235
F 2288 2234 2235
F 2288 2287 2234
F 2288 2353 2352
F 2287 2288 2352
F 2359 2423 2358
F 2423 2359 2424
F 2423 2488 2487
F 2422 2423 2487
F 2562 2628 2627
F 2628 2562 2563
F 2623 2624 2689
F 2688 2623 2689
F 2108 2107 2062
F 2063 2108 2062
F 2108 2063 2064
F 2109 2108 2064
F 2153 2197 2196
F 2197 2153 2154
F 2194 2239 2238
F 2239 2194 2195
F 2420 2356 2421
F 2355 2356 2420
F 2623 2559 2624
F 2559 2623 2558
F 2494 2559 2493
F 2493 2559 2558
F 2419 2484 2483
F 2419 2483 2418
F 2419 2485 2484
F 2419 2420 2485
F 2940 3005 3004
F 2939 2940 3004
F 2621 2686 2685
F 2620 2621 2685
F 2687 2623 2688
F 2623 2687 2622
F 2687 2688 2753
F 2687 2753 2752
F 2621 2687 2686
F 2687 2621 2622
F 2686 2687 2751
F 2751 2687 2752
F 2814 2750 2815
F 2814 2749 2750
F 2750 2684 2685
F 2749 2684 2750
F 2684 2749 2748
F 2683 2684 2748
F 2664 2730 2729
F 2730 2664 2665
F 2730 2665 2666
F 2731 2730 2666
F 2862 2861 2797
F 2861 2796 2797
F 2861 2927 2926
F 2861 2862 2927
F 2861 2926 2925
F 2860 2861 2925
F 3123 3124 3188
F 3124 3189 3188
F 3058 3124 3123
F 3059 3124 3058
F 3189 3124 3190
F 3124 3125 3190
F 3124 3059 3060
F 3125 3124 3060
F 2810 2809 2744
F 2745 2810 2744
F 2807 2872 2871
F 2806 2807 2871
F 2742 2807 2741
F 2807 2806 2741
F 2807 2873 2872
F 2807 2808 2873
F 2807 2742 2743
F 2808 2807 2743
F 3193 3257 3192
F 3193 3258 3257
F 3000 3065 2999
F 3065 3064 2999
F 3130 3065 3131
F 3065 3066 3131
F 3065 3000 3001
F 3066 3065 3001
F 2610 2546 2611
F 2610 2545 2546
F 2676 2610 2611
F 2675 2610 2676
F 2805 2806 2871
F 2870 2805 2871
F 2476 2542 2541
F 2542 2476 2477
F 2606 2542 2607
F 2542 2606 2541
F 2864 2928 2863
F 2928 2864 2929
F 1631 1696 1695
F 1630 1631 1695
F 1697 1631 1632
F 1631 1697 1696
F 1631 1630 1565
F 1566 1631 1565
F 1632 1631 1567
F 1631 1566 1567
F 1178 1179 1243
F 1243 1179 1244
F 1179 1245 1244
F 1179 1180 1245
F 984 1050 1049
F 1050 984 985
F 1437 1373 1438
F 1373 1437 1372
F 1308 1373 1307
F 1373 1372 1307
F 1971 2019 1970
F 2019 2018 1970
F 1817 1759 1760
F 1759 1817 1816
F 1818 1760 1761
F 1818 1817 1760
F 843 844 908
F 844 909 908
F 844 910 909
F 910 844 845
F 844 778 779
F 778 844 843
F 844 779 780
F 845 844 780
F 711 777 776
F 777 711 712
F 777 842 841
F 776 777 841
F 778 777 713
F 777 712 713
F 777 843 842
F 777 778 843
F 1171 1235 1170
F 1235 1171 1236
F 1171 1237 1236
F 1237 1171 1172
F 1379 1444 1443
F 1378 1379 1443
F 1379 1378 1313
F 1379 1313 1314
F 1313 1248 1314
F 1314 1248 1249
F 1116 1181 1115
F 1181 1180 1115
F 1245 1181 1246
F 1180 1181 1245
F 1181 1116 1117
F 1182 1181 1117
F 725 660 661
F 726 725 661
F 660 659 595
F 659 594 595
F 725 659 660
F 659 725 724
F 659 723 658
F 659 724 723
F 923 922 857
F 858 923 857
F 1053 989 1054
F 988 989 1053
F 1824 1878 1823
F 1878 1877 1823
F 1825 1768 1769
F 1826 1825 1769
F 1825 1880 1879
F 1880 1825 1826
F 1768 1825 1767
F 1825 1824 1767
F 1825 1878 1824
F 1878 1825 1879
F 2362 2298 2363
F 2297 2298 2362
F 2153 2110 2154
F 2110 2153 2109
F 2065 2110 2064
F 2110 2109 2064
F 598 533 534
F 599 598 534
F 792 793 857
F 793 858 857
F 793 794 859
F 858 793 859
F 793 792 727
F 728 793 727
F 793 729 794
F 793 728 729
F 404 469 403
F 469 468 403
F 468 469 533
F 533 469 534
F 463 527 462
F 463 528 527
F 529 463 464
F 528 463 529
F 980 915 916
F 980 916 981
F 1046 980 981
F 980 1046 1045
F 980 914 915
F 914 980 979
F 914 850 915
F 914 849 850
F 847 912 911
F 846 847 911
F 1304 1369 1368
F 1303 1304 1368
F 1304 1303 1238
F 1239 1304 1238
F 787 852 786
F 852 851 786
F 851 852 916
F 852 917 916
F 781 717 782
F 717 781 716
F 781 715 716
F 715 781 780
F 781 847 846
F 847 781 782
F 781 845 780
F 781 846 845
F 784 718 719
F 718 784 783
F 717 718 782
F 782 718 783
F 585 521 586
F 520 521 585
F 456 520 455
F 456 521 520
F 265 199 200
F 199 265 264
F 466 467 532
F 531 466 532
F 465 466 530
F 466 531 530
F 467 466 402
F 466 401 402
F 401 466 400
F 400 466 465
F 268 333 267
F 333 332 267
F 1110 1044 1045
F 1044 1110 1109
F 1044 980 1045
F 980 1044 979
F 1162 1098 1163
F 1098 1162 1097
F 1098 1032 1033
F 1032 1098 1097
F 1095 1161 1160
F 1161 1095 1096
F 1162 1161 1097
F 1097 1161 1096
F 1031 1032 1097
F 1031 1097 1096
F 1291 1357 1356
F 1357 1291 1292
F 1291 1356 1355
F 1290 1291 1355
F 5849 5799 5800
F 5850 5849 5800
F 5799 5849 5798
F 5849 5848 5798
F 5849 5850 5900
F 5899 5849 5900
F 5849 5898 5848
F 5849 5899 5898
F 5782 5716 5783
F 5782 5715 5716
F 5833 5782 5783
F 5832 5782 5833
F 440 441 505
F 441 506 505
F 375 441 440
F 376 441 375
F 312 311 246
F 247 312 246
F 551 616 615
F 550 551 615
F 161 162 227
F 226 161 227
F 162 161 97
F 97 161 96
F 161 226 225
F 160 161 225
F 161 160 95
F 96 161 95
F 224 158 159
F 224 223 158
F 160 224 159
F 224 160 225
F 224 225 290
F 289 224 290
F 288 224 289
F 224 288 223
F 288 289 354
F 288 354 353
F 223 288 222
F 288 287 222
F 352 288 353
F 287 288 352
F 320 319 254
F 255 320 254
F 771 705 706
F 771 770 705
F 771 772 837
F 771 837 836
F 707 771 706
F 772 771 707
F 964 898 899
F 898 964 963
F 965 964 900
F 900 964 899
F 835 771 836
F 771 835 770
F 900 835 901
F 835 836 901
F 835 834 769
F 770 835 769
F 835 900 899
F 834 835 899
F 831 765 766
F 831 830 765
F 768 704 769
F 704 768 703
F 704 770 769
F 770 704 705
F 705 704 640
F 704 639 640
F 704 638 639
F 638 704 703
F 572 638 637
F 638 572 573
F 638 702 637
F 638 703 702
F 638 573 574
F 639 638 574
F 649 715 714
F 715 649 650
F 391 455 390
F 391 456 455
F 395 329 330
F 329 395 394
F 265 329 264
F 329 265 330
F 5310 5242 5243
F 5310 5309 5242
F 5310 5243 5244
F 5311 5310 5244
F 5378 5310 5311
F 5377 5310 5378
F 5376 5310 5377
F 5310 5376 5309
F 5442 5376 5443
F 5376 5442 5375
F 5308 5376 5375
F 5309 5376 5308
F 5443 5376 5444
F 5376 5377 5444
F 8113 8114 8181
F 8180 8113 8181
F 8113 8047 8114
F 8047 8113 8046
F 8179 8113 8180
F 8112 8113 8179
F 8113 8045 8046
F 8113 8112 8045
F 1008 944 1009
F 944 1008 943
F 944 943 878
F 879 944 878
F 1011 1075 1010
F 1075 1011 1076
F 1546 1481 1547
F 1481 1482 1547
F 1352 1287 1288
F 1353 1352 1288
F 1287 1352 1286
F 1352 1351 1286
F 1031 967 1032
F 967 1031 966
F 967 968 1033
F 1032 967 1033
F 906 971 905
F 971 970 905
F 907 971 906
F 972 971 907
F 1806 1861 1860
F 1861 1806 1807
F 1860 1861 1912
F 1861 1913 1912
F 1019 1018 954
F 954 1018 953
F 1083 1018 1084
F 1018 1019 1084
F 826 892 891
F 892 826 827
F 954 889 955
F 889 890 955
F 889 954 953
F 888 889 953
F 757 823 822
F 823 757 758
F 823 889 888
F 889 823 824
F 823 758 759
F 824 823 759
F 823 887 822
F 887 823 888
F 886 950 885
F 950 886 951
F 887 886 822
F 886 821 822
F 1530 1465 1531
F 1465 1466 1531
F 1465 1530 1529
F 1464 1465 1529
F 1465 1400 1401
F 1465 1401 1466
F 1400 1465 1399
F 1399 1465 1464
F 1600 1666 1665
F 1666 1600 1601
F 1601 1600 1536
F 1600 1535 1536
F 1340 1274 1275
F 1340 1339 1274
F 1276 1211 1212
F 1277 1276 1212
F 1210 1276 1275
F 1276 1210 1211
F 1342 1276 1277
F 1341 1276 1342
F 1276 1340 1275
F 1340 1276 1341
F 1024 958 959
F 1023 958 1024
F 894 958 893
F 958 894 959
F 958 1023 1022
F 957 958 1022
F 958 892 893
F 958 957 892
F 1586 1585 1521
F 1585 1520 1521
F 1585 1651 1650
F 1651 1585 1586
F 1520 1585 1519
F 1585 1584 1519
F 1649 1585 1650
F 1584 1585 1649
F 1835 1779 1836
F 1835 1778 1779
F 1890 1835 1836
F 1889 1835 1890
F 1888 1835 1889
F 1834 1835 1888
F 1777 1835 1834
F 1835 1777 1778
F 1777 1711 1712
F 1711 1777 1776
F 1713 1777 1712
F 1778 1777 1713
F 1777 1833 1776
F 1777 1834 1833
F 1386 1385 1321
F 1321 1385 1320
F 1254 1188 1189
F 1188 1254 1253
F 1254 1318 1253
F 1318 1254 1319
F 1190 1254 1189
F 1255 1254 1190
F 1254 1255 1320
F 1254 1320 1319
F 2050 2001 2002
F 2001 2050 2049
F 2001 2049 2048
F 2000 2001 2048
F 1726 1660 1661
F 1660 1726 1725
F 1849 1903 1902
F 1848 1849 1902
F 1904 1849 1850
F 1849 1904 1903
F 1849 1793 1850
F 1849 1792 1793
F 1657 1723 1722
F 1723 1657 1658
F 2262 2217 2218
F 2262 2261 2217
F 2219 2262 2218
F 2262 2219 2263
F 2316 2262 2263
F 2315 2262 2316
F 2314 2262 2315
F 2262 2314 2261
F 2378 2314 2379
F 2314 2378 2313
F 2260 2314 2313
F 2261 2314 2260
F 2314 2315 2380
F 2314 2380 2379
F 2448 2384 2449
F 2448 2383 2384
F 2448 2382 2383
F 2448 2447 2382
F 601 602 667
F 666 601 667
F 601 666 665
F 600 601 665
F 602 601 537
F 601 536 537
F 536 601 535
F 601 600 535
F 1065 1131 1130
F 1066 1131 1065
F 1130 1131 1195
F 1131 1196 1195
F 1131 1066 1067
F 1132 1131 1067
F 1131 1197 1196
F 1131 1132 1197
F 344 278 279
F 343 278 344
F 278 214 279
F 214 278 213
F 278 212 213
F 212 278 277
F 148 212 147
F 212 148 213
F 147 212 146
F 212 211 146
F 212 276 211
F 212 277 276
F 278 342 277
F 342 278 343
F 406 342 407
F 342 406 341
F 342 343 408
F 342 408 407
F 276 342 341
F 277 342 276
F 1063 998 1064
F 998 999 1064
F 997 998 1062
F 998 1063 1062
F 998 934 999
F 998 933 934
F 998 997 932
F 933 998 932
F 679 614 615
F 680 679 615
F 679 613 614
F 613 679 678
F 679 743 678
F 679 744 743
F 679 745 744
F 745 679 680
F 745 680 681
F 745 681 746
F 811 745 746
F 810 745 811
F 745 810 809
F 744 745 809
F 1741 1677 1742
F 1677 1741 1676
F 1612 1677 1611
F 1611 1677 1676
F 1677 1612 1613
F 1678 1677 1613
F 1854 1800 1855
F 1800 1801 1855
F 1800 1854 1853
F 1799 1800 1853
F 3047 3112 3111
F 3046 3047 3111
F 3047 3113 3112
F 3047 3048 3113
F 3300 3234 3235
F 3299 3234 3300
F 3234 3170 3235
F 3234 3169 3170
F 3495 3559 3494
F 3560 3559 3495
F 3626 3692 3691
F 3627 3692 3626
F 3753 3817 3752
F 3753 3818 3817
F 3753 3752 3687
F 3688 3753 3687
F 3754 3753 3689
F 3753 3688 3689
F 3819 3753 3754
F 3753 3819 3818
F 3819 3885 3884
F 3885 3819 3820
F 3883 3819 3884
F 3818 3819 3883
F 3819 3755 3820
F 3819 3754 3755
F 3502 3436 3437
F 3501 3436 3502
F 3166 3230 3165
F 3230 3166 3231
F 3231 3166 3232
F 3232 3166 3167
F 3100 3166 3165
F 3101 3166 3100
F 3166 3102 3167
F 3166 3101 3102
F 3102 3038 3103
F 3038 3102 3037
F 3038 3039 3104
F 3103 3038 3104
F 3107 3043 3108
F 3107 3042 3043
F 3107 3108 3173
F 3172 3107 3173
F 3042 3107 3041
F 3107 3106 3041
F 3107 3172 3171
F 3106 3107 3171
F 3102 3036 3037
F 3101 3036 3102
F 3036 3100 3035
F 3036 3101 3100
F 3036 2971 2972
F 3037 3036 2972
F 2970 3036 3035
F 2971 3036 2970
F 3936 3872 3937
F 3871 3872 3936
F 3744 3680 3745
F 3744 3679 3680
F 3810 3744 3745
F 3809 3744 3810
F 3744 3678 3679
F 3744 3743 3678
F 3223 3157 3158
F 3223 3222 3157
F 3223 3158 3159
F 3224 3223 3159
F 3223 3287 3222
F 3223 3288 3287
F 3223 3224 3289
F 3288 3223 3289
F 3156 3222 3221
F 3222 3156 3157
F 3220 3156 3221
F 3155 3156 3220
F 2510 2576 2575
F 2576 2510 2511
F 2510 2445 2446
F 2511 2510 2446
F 2259 2216 2260
F 2216 2259 2215
F 2308 2373 2372
F 2308 2372 2307
F 2439 2505 2504
F 2439 2440 2505
F 2439 2374 2375
F 2440 2439 2375
F 2441 2440 2375
F 2376 2441 2375
F 2441 2377 2442
F 2377 2441 2376
F 2441 2506 2505
F 2440 2441 2505
F 2507 2441 2442
F 2506 2441 2507
F 2633 2567 2568
F 2567 2633 2632
F 2633 2568 2569
F 2634 2633 2569
F 6962 7029 7028
F 6961 6962 7028
F 7029 6962 7030
F 6962 6963 7030
F 6894 6962 6961
F 6895 6962 6894
F 6963 6962 6896
F 6962 6895 6896
F 3601 3600 3536
F 3600 3535 3536
F 3792 3728 3793
F 3728 3792 3727
F 3865 3799 3800
F 3799 3865 3864
F 3928 3862 3863
F 3862 3928 3927
F 3862 3796 3797
F 3796 3862 3861
F 4125 4124 4060
F 4124 4059 4060
F 3928 3993 3927
F 3927 3993 3992
F 3995 4061 4060
F 3995 3996 4061
F 3931 3995 3930
F 3995 3931 3996
F 3786 3722 3787
F 3722 3786 3721
F 3720 3786 3785
F 3786 3720 3721
F 3785 3786 3850
F 3786 3851 3850
F 3921 3856 3857
F 3922 3921 3857
F 3792 3791 3727
F 3791 3726 3727
F 3791 3792 3857
F 3856 3791 3857
F 3723 3722 3657
F 3723 3657 3658
F 3860 3796 3861
F 3796 3860 3795
F 3730 3794 3729
F 3794 3730 3795
F 3728 3794 3793
F 3794 3728 3729
F 3794 3860 3859
F 3860 3794 3795
F 3794 3858 3793
F 3794 3859 3858
F 3457 3393 3458
F 3393 3457 3392
F 3588 3652 3587
F 3588 3653 3652
F 3654 3588 3589
F 3588 3654 3653
F 3588 3524 3589
F 3588 3523 3524
F 3330 3266 3331
F 3330 3265 3266
F 3070 3134 3069
F 3135 3134 3070
F 3069 3134 3068
F 3134 3133 3068
F 3134 3135 3200
F 3199 3134 3200
F 3132 3067 3068
F 3133 3132 3068
F 3132 3066 3067
F 3066 3132 3131
F 3132 3196 3131
F 3132 3197 3196
F 3197 3261 3196
F 3261 3197 3262
F 3722 3656 3657
F 3656 3722 3721
F 2882 2946 2881
F 2946 2882 2947
F 2946 2880 2881
F 2946 2945 2880
F 2208 2207 2165
F 2207 2164 2165
F 2305 2252 2306
F 2306 2252 2253
F 2252 2208 2209
F 2252 2209 2253
F 2252 2207 2208
F 2207 2252 2251
F 2825 2760 2826
F 2760 2761 2826
F 2499 2564 2563
F 2499 2563 2498
F 3345 3410 3344
F 3410 3409 3344
F 3540 3606 3605
F 3606 3540 3541
F 3540 3476 3541
F 3476 3540 3475
F 3538 3472 3473
F 3472 3538 3537
F 3537 3538 3602
F 3538 3603 3602
F 3146 3211 3145
F 3211 3210 3145
F 3148 3083 3084
F 3149 3148 3084
F 3639 3640 3704
F 3640 3705 3704
F 3574 3640 3639
F 3575 3640 3574
F 3380 3445 3379
F 3445 3444 3379
F 4103 4102 4037
F 4103 4037 4038
F 4104 4039 4105
F 4105 4039 4040
F 4039 4103 4038
F 4103 4039 4104
F 4039 3975 4040
F 4039 3974 3975
F 3659 3593 3594
F 3593 3659 3658
F 3657 3593 3658
F 3593 3657 3592
F 3528 3593 3527
F 3527 3593 3592
F 3600 3534 3535
F 3534 3600 3599
F 3838 3902 3837
F 3902 3838 3903
F 3838 3837 3772
F 3773 3838 3772
F 3710 3774 3709
F 3775 3774 3710
F 3774 3708 3709
F 3774 3773 3708
F 3843 3779 3844
F 3779 3843 3778
F 3843 3777 3778
F 3777 3843 3842
F 3843 3844 3909
F 3908 3843 3909
F 3843 3907 3842
F 3843 3908 3907
F 4039 3973 3974
F 3973 4039 4038
F 3972 3973 4037
F 4037 3973 4038
F 3908 3973 3907
F 3973 3972 3907
F 3974 3973 3909
F 3973 3908 3909
F 3897 3961 3896
F 3961 3897 3962
F 3696 3697 3762
F 3761 3696 3762
F 3632 3696 3631
F 3696 3632 3697
F 3696 3761 3760
F 3695 3696 3760
F 3696 3630 3631
F 3696 3695 3630
F 3806 3871 3870
F 3805 3806 3870
F 3741 3740 3676
F 3676 3740 3675
F 3674 3740 3739
F 3740 3674 3675
F 3740 3806 3805
F 3806 3740 3741
F 3740 3804 3739
F 3740 3805 3804
F 2030 2077 2029
F 2077 2076 2029
F 2121 2077 2122
F 2077 2121 2076
F 6537 6487 6488
F 6538 6537 6488
F 6537 6538 6588
F 6587 6537 6588
F 6838 6905 6837
F 6905 6904 6837
F 6971 6905 6972
F 6905 6971 6904
F 6972 6905 6973
F 6905 6906 6973
F 6905 6839 6906
F 6839 6905 6838
F 6840 6839 6773
F 6839 6772 6773
F 6772 6839 6771
F 6839 6838 6771
F 6907 6839 6840
F 6906 6839 6907
F 6969 6903 6970
F 6903 6969 6902
F 6631 6582 6632
F 6582 6631 6581
F 6581 6631 6580
F 6631 6630 6580
F 6629 6578 6579
F 6578 6629 6628
F 6695 6629 6696
F 6628 6629 6695
F 6629 6579 6580
F 6630 6629 6580
F 6629 6697 6696
F 6629 6630 6697
F 6901 6969 6968
F 6969 6901 6902
F 6897 6898 6964
F 6898 6965 6964
F 6965 6898 6966
F 6898 6899 6966
F 6770 6769 6703
F 6769 6702 6703
F 6634 6583 6584
F 6634 6633 6583
F 6585 6634 6584
F 6634 6585 6635
F 6634 6700 6633
F 6700 6634 6701
F 6702 6634 6635
F 6701 6634 6702
F 7108 7042 7109
F 7041 7042 7108
F 1623 1687 1622
F 1688 1687 1623
F 1687 1621 1622
F 1687 1686 1621
F 1685 1750 1749
F 1684 1685 1749
F 1685 1751 1750
F 1685 1686 1751
F 2883 2818 2819
F 2884 2883 2819
F 2882 2883 2947
F 2883 2948 2947
F 2817 2883 2882
F 2883 2817 2818
F 2751 2817 2816
F 2817 2751 2752
F 2818 2817 2753
F 2753 2817 2752
F 2816 2817 2881
F 2817 2882 2881
F 2562 2497 2563
F 2563 2497 2498
F 2495 2559 2494
F 2559 2495 2560
F 2495 2561 2560
F 2561 2495 2496
F 2561 2497 2562
F 2497 2561 2496
F 2492 2428 2493
F 2428 2492 2427
F 2152 2151 2107
F 2108 2152 2107
F 2152 2194 2151
F 2194 2152 2195
F 2152 2108 2109
F 2153 2152 2109
F 2152 2153 2196
F 2152 2196 2195
F 2240 2239 2195
F 2196 2240 2195
F 2423 2357 2358
F 2357 2423 2422
F 2357 2422 2421
F 2356 2357 2421
F 2291 2357 2356
F 2357 2291 2292
F 2291 2290 2237
F 2238 2291 2237
F 2239 2291 2238
F 2291 2239 2292
F 2291 2356 2355
F 2291 2355 2290
F 2680 2744 2679
F 2680 2745 2744
F 2683 2747 2682
F 2747 2683 2748
F 2290 2354 2289
F 2355 2354 2290
F 2354 2288 2289
F 2288 2354 2353
F 2354 2355 2420
F 2419 2354 2420
F 2353 2354 2418
F 2354 2419 2418
F 3070 3006 3071
F 3006 3070 3005
F 2879 2945 2944
F 2945 2879 2880
F 2880 2879 2815
F 2879 2814 2815
F 2619 2618 2553
F 2554 2619 2553
F 2619 2620 2685
F 2684 2619 2685
F 2619 2683 2618
F 2619 2684 2683
F 2795 2861 2860
F 2861 2795 2796
F 2794 2795 2859
F 2795 2860 2859
F 2795 2731 2796
F 2795 2730 2731
F 2795 2794 2729
F 2730 2795 2729
F 2747 2811 2746
F 2811 2747 2812
F 2877 2811 2812
F 2876 2811 2877
F 2811 2810 2745
F 2746 2811 2745
F 2811 2875 2810
F 2875 2811 2876
F 2875 2939 2874
F 2875 2940 2939
F 2809 2875 2874
F 2810 2875 2809
F 3062 3128 3127
F 3128 3062 3063
F 3128 3192 3127
F 3128 3193 3192
F 2869 2804 2870
F 2804 2805 2870
F 2740 2676 2741
F 2740 2675 2676
F 2806 2740 2741
F 2805 2740 2806
F 2868 2869 2934
F 2933 2868 2934
F 1048 1114 1113
F 1114 1048 1049
F 1050 1114 1049
F 1114 1050 1115
F 1113 1114 1178
F 1114 1179 1178
F 1179 1114 1180
F 1180 1114 1115
F 1050 1051 1115
F 1051 1116 1115
F 1375 1374 1310
F 1374 1309 1310
F 1374 1375 1440
F 1439 1374 1440
F 1309 1374 1308
F 1374 1373 1308
F 1374 1439 1438
F 1373 1374 1438
F 1972 2020 1971
F 2020 2019 1971
F 2066 2110 2065
F 2110 2066 2111
F 2066 2112 2111
F 2112 2066 2067
F 2020 2066 2019
F 2066 2020 2067
F 2018 2066 2065
F 2019 2066 2018
F 1877 1822 1823
F 1876 1822 1877
F 1634 1699 1633
F 1699 1698 1633
F 1635 1699 1634
F 1700 1699 1635
F 1871 1922 1870
F 1922 1871 1923
F 1818 1871 1817
F 1871 1818 1872
F 1871 1870 1816
F 1817 1871 1816
F 1818 1819 1872
F 1872 1819 1873
F 1871 1924 1923
F 1924 1871 1872
F 1925 1924 1873
F 1924 1872 1873
F 1183 1182 1117
F 1118 1183 1117
F 1119 1183 1118
F 1183 1119 1184
F 1248 1183 1249
F 1249 1183 1184
F 1247 1181 1182
F 1181 1247 1246
F 1247 1183 1248
F 1183 1247 1182
F 1311 1247 1312
F 1247 1311 1246
F 1247 1313 1312
F 1247 1248 1313
F 856 790 791
F 790 856 855
F 790 726 791
F 790 725 726
F 924 989 988
F 923 924 988
F 924 923 858
F 924 858 859
F 2203 2204 2247
F 2204 2248 2247
F 662 726 661
F 726 662 727
F 656 720 655
F 656 721 720
F 594 593 529
F 593 528 529
F 659 593 594
F 593 659 658
F 528 593 527
F 593 592 527
F 914 848 849
F 848 914 913
F 849 848 784
F 784 848 783
F 847 848 912
F 912 848 913
F 848 782 783
F 848 847 782
F 1370 1305 1371
F 1305 1306 1371
F 1369 1305 1370
F 1304 1305 1369
F 853 787 788
F 853 852 787
F 653 588 589
F 654 653 589
F 719 653 654
F 718 653 719
F 523 522 458
F 522 457 458
F 522 523 588
F 587 522 588
F 456 522 521
F 522 456 457
F 521 522 586
F 522 587 586
F 266 202 267
F 266 201 202
F 331 266 332
F 332 266 267
F 201 266 200
F 266 265 200
F 266 331 330
F 265 266 330
F 398 399 464
F 463 398 464
F 397 398 462
F 398 463 462
F 398 397 332
F 333 398 332
F 334 398 333
F 398 334 399
F 270 334 269
F 334 270 335
F 400 334 335
F 399 334 400
F 334 268 269
F 334 333 268
F 910 976 975
F 976 910 911
F 1107 1173 1172
F 1107 1108 1173
F 1108 1043 1109
F 1043 1044 1109
F 1107 1043 1108
F 1043 1107 1042
F 1229 1165 1230
F 1164 1165 1229
F 1099 1034 1035
F 1100 1099 1035
F 1099 1165 1164
F 1165 1099 1100
F 1034 1099 1033
F 1099 1098 1033
F 1099 1164 1163
F 1098 1099 1163
F 1226 1225 1160
F 1161 1226 1160
F 1226 1162 1227
F 1226 1161 1162
F 1225 1226 1290
F 1226 1291 1290
F 1226 1227 1292
F 1291 1226 1292
F 5781 5830 5780
F 5781 5831 5830
F 5713 5781 5780
F 5781 5713 5714
F 5781 5832 5831
F 5781 5782 5832
F 5715 5781 5714
F 5782 5781 5715
F 508 509 573
F 573 509 574
F 317 381 316
F 381 317 382
F 552 618 617
F 618 552 553
F 616 552 617
F 551 552 616
F 514 449 515
F 449 450 515
F 513 449 514
F 448 449 513
F 321 387 386
F 321 322 387
F 257 321 256
F 322 321 257
F 321 386 385
F 320 321 385
F 321 255 256
F 321 320 255
F 1095 1030 1096
F 1030 1031 1096
F 1030 965 966
F 1031 1030 966
F 960 896 961
F 896 960 895
F 830 896 895
F 831 896 830
F 701 767 766
F 702 767 701
F 768 767 703
F 703 767 702
F 582 648 647
F 583 648 582
F 648 712 647
F 712 648 713
F 648 714 713
F 648 649 714
F 648 584 649
F 584 648 583
F 584 519 520
F 584 520 585
F 519 584 518
F 584 583 518
F 650 584 585
F 649 584 650
F 199 263 198
F 263 199 264
F 198 197 133
F 133 197 132
F 131 197 196
F 197 131 132
F 263 197 198
F 197 263 262
F 195 261 260
F 261 195 196
F 197 261 196
F 261 197 262
F 391 392 456
F 456 392 457
F 946 945 881
F 881 945 880
F 1011 945 946
F 945 1011 1010
F 945 879 880
F 945 944 879
F 1009 945 1010
F 944 945 1009
F 1077 1012 1078
F 1078 1012 1013
F 1012 1077 1076
F 1011 1012 1076
F 815 816 880
F 816 881 880
F 686 621 622
F 687 686 622
F 620 686 685
F 621 686 620
F 686 750 685
F 750 686 751
F 750 749 684
F 685 750 684
F 750 814 749
F 750 815 814
F 816 750 751
F 750 816 815
F 1480 1479 1414
F 1415 1480 1414
F 1480 1544 1479
F 1544 1480 1545
F 1480 1415 1416
F 1481 1480 1416
F 1480 1546 1545
F 1480 1481 1546
F 1481 1417 1482
F 1417 1481 1416
F 1417 1418 1483
F 1482 1417 1483
F 1351 1417 1416
F 1352 1417 1351
F 1417 1353 1418
F 1417 1352 1353
F 903 902 838
F 902 837 838
F 837 902 836
F 836 902 901
F 968 902 903
F 967 902 968
F 902 966 901
F 902 967 966
F 1036 1037 1102
F 1101 1036 1102
F 1036 1100 1035
F 1100 1036 1101
F 1036 972 1037
F 1036 971 972
F 970 1036 1035
F 971 1036 970
F 1914 1862 1915
F 1915 1862 1863
F 1862 1809 1863
F 1809 1862 1808
F 1913 1862 1914
F 1861 1862 1913
F 1862 1807 1808
F 1862 1861 1807
F 1081 1017 1082
F 1016 1017 1081
F 1017 1083 1082
F 1017 1018 1083
F 761 697 762
F 761 696 697
F 827 761 762
F 826 761 827
F 1079 1015 1080
F 1014 1015 1079
F 1015 1081 1080
F 1015 1016 1081
F 1015 1014 949
F 950 1015 949
F 1015 950 951
F 1016 1015 951
F 755 690 691
F 756 755 691
F 1596 1597 1661
F 1597 1662 1661
F 1597 1598 1662
F 1662 1598 1663
F 1271 1337 1336
F 1272 1337 1271
F 1536 1470 1471
F 1535 1470 1536
F 1516 1450 1451
F 1515 1450 1516
F 1450 1386 1451
F 1450 1385 1386
F 1951 1950 1898
F 1899 1951 1898
F 1952 1951 1900
F 1951 1899 1900
F 1951 2000 1950
F 1951 2001 2000
F 1951 1952 2002
F 2001 1951 2002
F 1849 1791 1792
F 1791 1849 1848
F 1847 1791 1848
F 1791 1847 1790
F 1726 1791 1725
F 1725 1791 1790
F 1727 1791 1726
F 1791 1727 1792
F 1728 1727 1663
F 1727 1662 1663
F 1793 1727 1728
F 1792 1727 1793
F 1727 1726 1661
F 1662 1727 1661
F 1846 1789 1847
F 1847 1789 1790
F 2513 2579 2578
F 2579 2513 2514
F 2513 2449 2514
F 2513 2448 2449
F 1677 1743 1742
F 1743 1677 1678
F 1744 1743 1679
F 1743 1678 1679
F 1743 1799 1742
F 1743 1800 1799
F 1801 1743 1744
F 1800 1743 1801
F 2918 2982 2917
F 2983 2982 2918
F 2982 2916 2917
F 2982 2981 2916
F 3048 2982 2983
F 3047 2982 3048
F 2982 3046 2981
F 2982 3047 3046
F 3168 3233 3167
F 3233 3232 3167
F 3233 3297 3232
F 3297 3233 3298
F 3233 3168 3169
F 3234 3233 3169
F 3233 3299 3298
F 3233 3234 3299
F 3558 3622 3557
F 3558 3623 3622
F 3558 3492 3493
F 3492 3558 3557
F 3558 3493 3494
F 3559 3558 3494
F 3624 3558 3559
F 3558 3624 3623
F 3624 3625 3690
F 3624 3690 3689
F 3623 3624 3688
F 3688 3624 3689
F 3624 3560 3625
F 3624 3559 3560
F 3822 3757 3823
F 3757 3758 3823
F 3756 3757 3821
F 3757 3822 3821
F 3757 3756 3691
F 3692 3757 3691
F 3693 3757 3692
F 3757 3693 3758
F 3629 3693 3628
F 3693 3629 3694
F 3758 3693 3759
F 3759 3693 3694
F 3693 3627 3628
F 3693 3692 3627
F 3306 3371 3305
F 3371 3370 3305
F 3307 3371 3306
F 3371 3307 3372
F 3371 3372 3437
F 3436 3371 3437
F 3435 3371 3436
F 3371 3435 3370
F 3499 3435 3500
F 3435 3499 3434
F 3369 3435 3434
F 3370 3435 3369
F 3435 3501 3500
F 3435 3436 3501
F 2973 2908 2909
F 2974 2973 2909
F 2973 2907 2908
F 2907 2973 2972
F 2973 2974 3039
F 3038 2973 3039
F 2973 3037 2972
F 2973 3038 3037
F 3938 3873 3939
F 3873 3874 3939
F 3873 3938 3937
F 3872 3873 3937
F 3027 3091 3026
F 3092 3091 3027
F 3091 3092 3157
F 3156 3091 3157
F 2378 2444 2443
F 2444 2378 2379
F 2445 2444 2380
F 2380 2444 2379
F 2258 2213 2214
F 2213 2258 2257
F 2215 2258 2214
F 2259 2258 2215
F 2378 2312 2313
F 2377 2312 2378
F 2312 2260 2313
F 2312 2259 2260
F 2213 2256 2212
F 2256 2213 2257
F 2373 2438 2372
F 2372 2438 2437
F 2438 2503 2502
F 2438 2502 2437
F 2439 2438 2374
F 2438 2373 2374
F 2438 2504 2503
F 2438 2439 2504
F 2763 2698 2764
F 2698 2699 2764
F 2762 2698 2763
F 2698 2762 2697
F 2698 2634 2699
F 2698 2633 2634
F 2633 2698 2632
F 2632 2698 2697
F 3534 3470 3535
F 3470 3534 3469
F 3340 3341 3406
F 3405 3340 3406
F 3665 3664 3599
F 3600 3665 3599
F 3665 3601 3666
F 3665 3600 3601
F 3665 3730 3729
F 3665 3729 3664
F 3665 3731 3730
F 3731 3665 3666
F 3667 3731 3666
F 3731 3667 3732
F 3730 3731 3795
F 3731 3796 3795
F 3796 3731 3797
F 3797 3731 3732
F 3670 3734 3669
F 3734 3670 3735
F 3734 3735 3800
F 3799 3734 3800
F 3862 3798 3863
F 3798 3862 3797
F 3798 3864 3863
F 3798 3799 3864
F 4124 4058 4059
F 4058 4124 4123
F 4122 4058 4123
F 4058 4122 4057
F 4058 4057 3992
F 3993 4058 3992
F 3994 4058 3993
F 4058 3994 4059
F 3994 3928 3929
F 3994 3993 3928
F 4059 3994 4060
F 3994 3995 4060
F 3994 3929 3930
F 3995 3994 3930
F 3981 4047 4046
F 4047 3981 3982
F 3982 3981 3917
F 3981 3916 3917
F 4050 3986 4051
F 3985 3986 4050
F 3986 4052 4051
F 3986 3987 4052
F 3986 3985 3920
F 3921 3986 3920
F 3986 3921 3922
F 3987 3986 3922
F 3726 3790 3725
F 3791 3790 3726
F 3722 3788 3787
F 3723 3788 3722
F 3790 3724 3725
F 3724 3790 3789
F 3724 3660 3725
F 3724 3659 3660
F 3724 3788 3723
F 3788 3724 3789
F 3659 3724 3658
F 3724 3723 3658
F 4053 4117 4052
F 4053 4118 4117
F 3521 3585 3520
F 3521 3586 3585
F 3396 3395 3331
F 3395 3330 3331
F 3327 3393 3392
F 3327 3328 3393
F 3263 3327 3262
F 3327 3263 3328
F 3196 3260 3195
F 3261 3260 3196
F 3524 3590 3589
F 3590 3524 3525
F 3010 3011 3075
F 3011 3076 3075
F 3077 3011 3012
F 3011 3077 3076
F 2945 3011 3010
F 2946 3011 2945
F 3011 2946 2947
F 3012 3011 2947
F 2252 2304 2251
F 2304 2252 2305
F 2432 2497 2496
F 2431 2432 2496
F 2690 2754 2689
F 2754 2690 2755
F 2755 2690 2756
F 2690 2691 2756
F 2759 2825 2824
F 2759 2760 2825
F 2630 2695 2629
F 2695 2694 2629
F 2631 2695 2630
F 2695 2631 2696
F 2759 2695 2760
F 2695 2759 2694
F 2760 2695 2761
F 2761 2695 2696
F 2436 2500 2435
F 2500 2436 2501
F 2500 2566 2565
F 2500 2501 2566
F 2500 2434 2435
F 2434 2500 2499
F 2564 2500 2565
F 2499 2500 2564
F 3411 3476 3475
F 3410 3411 3475
F 3411 3410 3345
F 3346 3411 3345
F 3604 3539 3605
F 3539 3540 3605
F 3539 3604 3603
F 3538 3539 3603
F 2953 3019 3018
F 3019 2953 2954
F 2691 2757 2756
F 2757 2691 2692
F 2757 2821 2756
F 2821 2757 2822
F 2754 2820 2819
F 2820 2754 2755
F 2820 2755 2756
F 2821 2820 2756
F 3212 3148 3213
F 3148 3212 3147
F 3277 3212 3278
F 3212 3213 3278
F 3212 3211 3146
F 3212 3146 3147
F 3212 3276 3211
F 3276 3212 3277
F 3340 3276 3341
F 3276 3340 3275
F 3211 3276 3210
F 3210 3276 3275
F 3215 3150 3151
F 3216 3215 3151
F 3642 3641 3577
F 3641 3576 3577
F 3641 3707 3706
F 3707 3641 3642
F 3641 3640 3575
F 3641 3575 3576
F 3705 3641 3706
F 3640 3641 3705
F 3511 3512 3577
F 3576 3511 3577
F 3783 3718 3719
F 3784 3783 3719
F 3851 3915 3850
F 3916 3915 3851
F 3593 3529 3594
F 3529 3593 3528
F 3529 3528 3463
F 3464 3529 3463
F 3529 3595 3594
F 3595 3529 3530
F 3595 3659 3594
F 3659 3595 3660
F 3595 3661 3660
F 3595 3596 3661
F 3204 3138 3139
F 3138 3204 3203
F 3534 3468 3469
F 3468 3534 3533
F 3404 3470 3469
F 3470 3404 3405
F 3468 3404 3469
F 3404 3468 3403
F 3970 3905 3971
F 3905 3906 3971
F 3905 3970 3969
F 3904 3905 3969
F 3839 3905 3904
F 3905 3839 3840
F 3839 3904 3903
F 3838 3839 3903
F 3839 3838 3773
F 3774 3839 3773
F 3839 3774 3775
F 3840 3839 3775
F 3841 3905 3840
F 3905 3841 3906
F 3777 3841 3776
F 3841 3777 3842
F 3906 3841 3907
F 3907 3841 3842
F 3841 3775 3776
F 3841 3840 3775
F 3834 3833 3769
F 3833 3768 3769
F 6536 6585 6535
F 6536 6586 6585
F 6536 6485 6486
F 6485 6536 6535
F 6536 6587 6586
F 6536 6537 6587
F 6536 6486 6487
F 6537 6536 6487
F 7034 7035 7101
F 7035 7102 7101
F 7035 7034 6967
F 6968 7035 6967
F 6631 6698 6630
F 6630 6698 6697
F 6966 6900 6967
F 6899 6900 6966
F 6834 6900 6833
F 6901 6900 6834
F 6900 6901 6968
F 6900 6968 6967
F 6830 6897 6896
F 6829 6830 6896
F 6762 6830 6829
F 6830 6762 6763
F 6904 6836 6837
F 6903 6836 6904
F 6836 6770 6837
F 6836 6769 6770
F 6768 6700 6701
F 6700 6768 6767
F 6769 6768 6702
F 6768 6701 6702
F 7044 7043 6977
F 7043 6976 6977
F 7110 7043 7111
F 7043 7044 7111
F 7043 7110 7109
F 7042 7043 7109
F 6975 7043 7042
F 7043 6975 6976
F 6975 6907 6908
F 6975 6974 6907
F 6909 6975 6908
F 6976 6975 6909
F 6975 7041 6974
F 6975 7042 7041
F 1751 1752 1808
F 1752 1809 1808
F 1752 1753 1810
F 1809 1752 1810
F 1687 1752 1686
F 1686 1752 1751
F 1753 1752 1688
F 1752 1687 1688
F 1620 1554 1555
F 1620 1619 1554
F 1620 1556 1621
F 1556 1620 1555
F 1620 1684 1619
F 1620 1685 1684
F 1686 1620 1621
F 1685 1620 1686
F 2430 2494 2429
F 2430 2495 2494
F 2495 2430 2496
F 2430 2431 2496
F 2692 2626 2627
F 2691 2626 2692
F 2626 2562 2627
F 2626 2561 2562
F 2359 2360 2424
F 2360 2425 2424
F 2492 2426 2427
F 2426 2492 2491
F 2490 2426 2491
F 2426 2490 2425
F 2197 2241 2196
F 2241 2240 2196
F 2357 2293 2358
F 2293 2357 2292
F 2240 2293 2239
F 2239 2293 2292
F 2549 2615 2614
F 2615 2549 2550
F 2615 2679 2614
F 2615 2680 2679
F 2747 2681 2682
F 2681 2747 2746
F 2680 2681 2745
F 2681 2746 2745
F 3007 3008 3073
F 3072 3007 3073
F 3007 3072 3071
F 3006 3007 3071
F 2557 2493 2558
F 2557 2492 2493
F 2623 2557 2558
F 2557 2623 2622
F 2492 2557 2491
F 2557 2556 2491
F 2621 2557 2622
F 2556 2557 2621
F 2943 2878 2944
F 2878 2879 2944
F 3260 3194 3195
F 3194 3260 3259
F 3258 3194 3259
F 3193 3194 3258
F 2673 2739 2738
F 2739 2673 2674
F 2804 2739 2805
F 2739 2740 2805
F 2740 2739 2675
F 2675 2739 2674
F 2604 2538 2539
F 2538 2604 2603
F 2480 2544 2479
F 2544 2480 2545
F 2929 2865 2930
F 2864 2865 2929
F 2865 2931 2930
F 2865 2866 2931
F 2866 2865 2801
F 2865 2800 2801
F 2865 2799 2800
F 2799 2865 2864
F 2799 2798 2733
F 2734 2799 2733
F 2798 2799 2863
F 2799 2864 2863
F 2867 2866 2801
F 2802 2867 2801
F 2931 2867 2932
F 2866 2867 2931
F 2867 2933 2932
F 2867 2868 2933
F 2803 2739 2804
F 2739 2803 2738
F 2867 2803 2868
F 2803 2867 2802
F 2803 2804 2869
F 2868 2803 2869
F 923 987 922
F 987 923 988
F 2114 2159 2158
F 2159 2114 2115
F 1765 1699 1700
F 1699 1765 1764
F 1766 1765 1701
F 1765 1700 1701
F 1764 1765 1821
F 1765 1822 1821
F 1765 1766 1823
F 1822 1765 1823
F 1699 1763 1698
F 1763 1699 1764
F 1875 1822 1876
F 1822 1875 1821
F 1927 1875 1876
F 1927 1876 1928
F 723 789 788
F 724 789 723
F 789 853 788
F 853 789 854
F 725 789 724
F 790 789 725
F 789 855 854
F 789 790 855
F 1979 2026 1978
F 2026 1979 2027
F 1980 1981 2029
F 2028 1980 2029
F 1980 2028 2027
F 1979 1980 2027
F 1929 1876 1877
F 1876 1929 1928
F 1929 1979 1978
F 1929 1978 1928
F 2364 2428 2363
F 2428 2364 2429
F 2298 2364 2363
F 2299 2364 2298
F 2206 2162 2163
F 2162 2206 2205
F 2207 2206 2164
F 2206 2163 2164
F 2162 2119 2163
F 2119 2162 2118
F 2160 2159 2115
F 2160 2115 2116
F 533 597 532
F 598 597 533
F 531 597 596
F 597 531 532
F 596 597 661
F 597 662 661
F 597 663 662
F 663 597 598
F 728 663 729
F 729 663 664
F 663 598 599
F 663 599 664
F 663 728 727
F 662 663 727
F 591 526 527
F 592 591 527
F 591 590 525
F 526 591 525
F 590 591 655
F 591 656 655
F 593 657 592
F 657 593 658
F 591 657 656
F 657 591 592
F 723 657 658
F 657 723 722
F 721 657 722
F 656 657 721
F 1240 1239 1174
F 1175 1240 1174
F 1241 1240 1176
F 1240 1175 1176
F 1240 1304 1239
F 1240 1305 1304
F 1306 1240 1241
F 1305 1240 1306
F 982 918 983
F 917 918 982
F 918 984 983
F 984 918 919
F 852 918 917
F 853 918 852
F 919 918 854
F 918 853 854
F 651 652 716
F 652 717 716
F 652 651 586
F 587 652 586
F 652 718 717
F 652 653 718
F 653 652 588
F 652 587 588
F 1041 1040 975
F 976 1041 975
F 912 977 911
F 977 976 911
F 977 1041 976
F 1041 977 1042
F 1167 1166 1102
F 1166 1101 1102
F 1232 1166 1167
F 1166 1232 1231
F 1166 1100 1101
F 1166 1165 1100
F 1166 1231 1230
F 1165 1166 1230
F 639 575 640
F 575 639 574
F 575 641 640
F 575 576 641
F 447 513 512
F 447 448 513
F 249 313 248
F 313 249 314
F 313 247 248
F 313 312 247
F 488 487 423
F 487 422 423
F 487 488 553
F 552 487 553
F 383 317 318
F 317 383 382
F 447 383 448
F 383 447 382
F 1029 1028 963
F 964 1029 963
F 1093 1029 1094
F 1029 1093 1028
F 1029 964 965
F 1030 1029 965
F 1029 1095 1094
F 1029 1030 1095
F 897 898 963
F 962 897 963
F 897 962 961
F 896 897 961
F 263 328 262
F 262 328 327
F 329 328 264
F 328 263 264
F 326 392 391
F 392 326 327
F 325 326 390
F 326 391 390
F 326 262 327
F 326 261 262
F 326 325 260
F 261 326 260
F 947 946 881
F 882 947 881
F 947 883 948
F 883 947 882
F 947 1011 946
F 947 1012 1011
F 947 948 1013
F 1012 947 1013
F 886 952 951
F 952 886 887
F 952 888 953
F 952 887 888
F 952 1017 1016
F 952 1016 951
F 1018 952 953
F 1017 952 1018
F 694 760 759
F 760 694 695
F 760 695 696
F 761 760 696
F 820 886 885
F 886 820 821
F 820 756 821
F 820 755 756
F 686 752 751
F 752 686 687
F 623 688 622
F 688 687 622
F 688 624 689
F 624 688 623
F 752 688 753
F 688 752 687
F 820 754 755
F 754 820 819
F 688 754 753
F 754 688 689
F 690 754 689
F 755 754 690
F 818 754 819
F 754 818 753
F 820 884 819
F 884 820 885
F 950 884 885
F 884 950 949
F 884 818 819
F 818 884 883
F 948 884 949
F 883 884 948
F 1533 1532 1468
F 1532 1467 1468
F 1466 1532 1531
F 1467 1532 1466
F 1532 1598 1597
F 1598 1532 1533
F 1532 1596 1531
F 1532 1597 1596
F 1599 1665 1664
F 1599 1600 1665
F 1663 1599 1664
F 1598 1599 1663
F 1274 1338 1273
F 1339 1338 1274
F 1338 1272 1273
F 1338 1337 1272
F 1338 1402 1337
F 1402 1338 1403
F 1401 1402 1466
F 1402 1467 1466
F 1467 1402 1468
F 1402 1403 1468
F 1402 1401 1336
F 1337 1402 1336
F 1404 1338 1339
F 1338 1404 1403
F 1403 1469 1468
F 1404 1469 1403
F 1449 1513 1448
F 1513 1449 1514
F 1449 1515 1514
F 1449 1450 1515
F 1659 1724 1658
F 1724 1723 1658
F 1724 1660 1725
F 1660 1724 1659
F 1724 1725 1790
F 1789 1724 1790
F 1788 1724 1789
F 1724 1788 1723
F 1788 1845 1844
F 1787 1788 1844
F 1788 1787 1722
F 1723 1788 1722
F 1788 1846 1845
F 1788 1789 1846
F 2447 2512 2446
F 2512 2511 2446
F 2576 2512 2577
F 2512 2576 2511
F 2448 2512 2447
F 2513 2512 2448
F 2577 2512 2578
F 2512 2513 2578
F 3807 3741 3742
F 3807 3806 3741
F 3807 3872 3871
F 3806 3807 3871
F 3090 3154 3089
F 3090 3155 3154
F 3024 3090 3089
F 3090 3024 3025
F 3090 3156 3155
F 3090 3091 3156
F 3090 3025 3026
F 3091 3090 3026
F 2574 2509 2575
F 2509 2510 2575
F 2573 2509 2574
F 2509 2573 2508
F 2510 2509 2445
F 2509 2444 2445
F 2509 2508 2443
F 2444 2509 2443
F 2258 2311 2257
F 2311 2310 2257
F 2311 2376 2375
F 2310 2311 2375
F 2311 2258 2259
F 2312 2311 2259
F 2311 2377 2376
F 2311 2312 2377
F 2255 2308 2307
F 2254 2255 2307
F 2255 2210 2211
F 2255 2254 2210
F 2255 2211 2212
F 2256 2255 2212
F 2309 2255 2256
F 2255 2309 2308
F 2374 2309 2375
F 2309 2310 2375
F 2308 2309 2373
F 2373 2309 2374
F 2309 2256 2257
F 2310 2309 2257
F 3471 3407 3472
F 3407 3471 3406
F 3471 3537 3536
F 3471 3472 3537
F 3471 3470 3405
F 3471 3405 3406
F 3535 3471 3536
F 3470 3471 3535
F 3343 3279 3344
F 3279 3343 3278
F 3733 3668 3669
F 3734 3733 3669
F 3733 3667 3668
F 3667 3733 3732
F 3733 3734 3799
F 3798 3733 3799
F 3733 3797 3732
F 3733 3798 3797
F 3921 3855 3856
F 3855 3921 3920
F 3790 3855 3789
F 3855 3854 3789
F 3855 3791 3856
F 3855 3790 3791
F 3983 4047 3982
F 4047 3983 4048
F 3983 3982 3917
F 3918 3983 3917
F 3919 3855 3920
F 3855 3919 3854
F 3853 3788 3789
F 3854 3853 3789
F 3919 3853 3854
F 3853 3919 3918
F 3858 3923 3857
F 3923 3922 3857
F 3859 3923 3858
F 3924 3923 3859
F 3522 3457 3458
F 3523 3522 3458
F 3522 3588 3587
F 3588 3522 3523
F 3586 3522 3587
F 3521 3522 3586
F 3456 3522 3521
F 3522 3456 3457
F 3390 3456 3455
F 3456 3390 3391
F 3457 3456 3392
F 3456 3391 3392
F 3455 3456 3520
F 3456 3521 3520
F 3526 3460 3461
F 3460 3526 3525
F 3460 3396 3461
F 3460 3395 3396
F 3198 3132 3133
F 3132 3198 3197
F 3134 3198 3133
F 3198 3134 3199
F 3197 3198 3262
F 3198 3263 3262
F 3198 3264 3263
F 3264 3198 3199
F 3330 3264 3265
F 3264 3330 3329
F 3265 3264 3200
F 3264 3199 3200
F 3263 3264 3328
F 3328 3264 3329
F 3326 3327 3392
F 3391 3326 3392
F 3326 3261 3262
F 3327 3326 3262
F 3656 3591 3657
F 3657 3591 3592
F 3527 3591 3526
F 3591 3527 3592
F 3526 3591 3525
F 3591 3590 3525
F 3591 3655 3590
F 3655 3591 3656
F 3654 3655 3719
F 3655 3720 3719
F 3720 3655 3721
F 3655 3656 3721
F 3655 3654 3589
F 3590 3655 3589
F 2949 2883 2884
F 2883 2949 2948
F 3013 3077 3012
F 3013 3078 3077
F 2948 3013 2947
F 3013 3012 2947
F 2949 3013 2948
F 3013 2949 3014
F 3079 3143 3078
F 3143 3079 3144
F 3013 3079 3078
F 3079 3013 3014
F 3148 3082 3083
F 3082 3148 3147
F 3146 3082 3147
F 3081 3082 3146
F 2204 2249 2248
F 2249 2204 2205
F 2249 2301 2248
F 2301 2249 2302
F 2367 2432 2431
F 2367 2431 2366
F 2367 2301 2302
F 2301 2367 2366
F 2367 2433 2432
F 2433 2367 2368
F 2497 2433 2498
F 2432 2433 2497
F 2369 2433 2368
F 2433 2369 2434
F 2433 2499 2498
F 2433 2434 2499
F 3410 3474 3409
F 3474 3410 3475
F 3540 3474 3475
F 3539 3474 3540
F 3474 3538 3473
F 3474 3539 3538
F 2889 2888 2824
F 2888 2823 2824
F 2888 2889 2954
F 2953 2888 2954
F 2758 2759 2824
F 2823 2758 2824
F 2694 2758 2693
F 2759 2758 2694
F 2757 2758 2822
F 2758 2823 2822
F 2758 2692 2693
F 2758 2757 2692
F 3280 3345 3344
F 3279 3280 3344
F 3280 3346 3345
F 3346 3280 3281
F 3280 3215 3216
F 3280 3216 3281
F 3280 3214 3215
F 3214 3280 3279
F 3214 3148 3149
F 3148 3214 3213
F 3213 3214 3278
F 3214 3279 3278
F 3150 3214 3149
F 3215 3214 3150
F 3381 3446 3380
F 3446 3445 3380
F 3447 3446 3382
F 3446 3381 3382
F 3512 3446 3447
F 3511 3446 3512
F 3510 3446 3511
F 3446 3510 3445
F 3510 3574 3509
F 3510 3575 3574
F 3444 3510 3509
F 3445 3510 3444
F 3575 3510 3576
F 3510 3511 3576
F 3780 3846 3845
F 3781 3846 3780
F 3846 3910 3845
F 3846 3911 3910
F 3782 3846 3781
F 3846 3782 3847
F 3782 3781 3716
F 3717 3782 3716
F 3782 3717 3718
F 3783 3782 3718
F 3980 4046 4045
F 3980 3981 4046
F 3981 3980 3916
F 3980 3915 3916
F 3531 3597 3596
F 3597 3531 3532
F 3595 3531 3596
F 3531 3595 3530
F 3598 3534 3599
F 3534 3598 3533
F 3598 3597 3532
F 3533 3598 3532
F 3726 3662 3727
F 3661 3662 3726
F 3596 3662 3661
F 3597 3662 3596
F 3203 3269 3268
F 3204 3269 3203
F 3269 3335 3334
F 3335 3269 3270
F 3269 3333 3268
F 3269 3334 3333
F 3074 3140 3139
F 3140 3074 3075
F 3076 3141 3075
F 3141 3140 3075
F 3271 3335 3270
F 3335 3271 3336
F 3531 3467 3532
F 3467 3531 3466
F 3467 3468 3533
F 3467 3533 3532
F 3210 3209 3145
F 3145 3209 3144
F 3339 3340 3405
F 3404 3339 3405
F 3898 3963 3962
F 3897 3898 3962
F 3963 3898 3964
F 3964 3898 3899
F 3898 3834 3899
F 3898 3833 3834
F 3898 3832 3833
F 3832 3898 3897
F 3766 3832 3831
F 3832 3766 3767
F 3831 3832 3896
F 3832 3897 3896
F 3768 3832 3767
F 3833 3832 3768
F 7036 6970 7037
F 7036 6969 6970
F 7036 7104 7103
F 7036 7037 7104
F 6969 7036 6968
F 7036 7035 6968
F 7102 7036 7103
F 7035 7036 7102
F 6633 6699 6632
F 6700 6699 6633
F 6766 6699 6767
F 6699 6700 6767
F 6699 6631 6632
F 6699 6698 6631
F 6900 6832 6833
F 6832 6900 6899
F 6835 6903 6902
F 6835 6836 6903
F 6901 6835 6902
F 6835 6901 6834
F 6836 6835 6769
F 6835 6768 6769
F 6835 6834 6767
F 6768 6835 6767
F 2624 2625 2689
F 2625 2690 2689
F 2559 2625 2624
F 2625 2559 2560
F 2690 2625 2691
F 2625 2626 2691
F 2561 2625 2560
F 2626 2625 2561
F 2361 2360 2295
F 2361 2295 2296
F 2361 2297 2362
F 2297 2361 2296
F 2360 2361 2425
F 2361 2426 2425
F 2361 2362 2427
F 2426 2361 2427
F 2555 2621 2620
F 2555 2556 2621
F 2555 2619 2554
F 2619 2555 2620
F 2555 2490 2491
F 2556 2555 2491
F 2555 2489 2490
F 2489 2555 2554
F 2423 2489 2488
F 2489 2423 2424
F 2488 2489 2553
F 2489 2554 2553
F 2425 2489 2424
F 2490 2489 2425
F 2294 2241 2242
F 2295 2294 2242
F 2294 2360 2359
F 2360 2294 2295
F 2241 2294 2240
F 2294 2293 2240
F 2294 2359 2358
F 2293 2294 2358
F 2551 2616 2550
F 2616 2615 2550
F 2616 2551 2552
F 2617 2616 2552
F 2615 2616 2680
F 2616 2681 2680
F 2616 2617 2682
F 2681 2616 2682
F 2942 2878 2943
F 2878 2942 2877
F 2942 2943 3008
F 3007 2942 3008
F 2814 2813 2749
F 2749 2813 2748
F 2813 2747 2748
F 2747 2813 2812
F 2879 2813 2814
F 2878 2813 2879
F 2813 2877 2812
F 2813 2878 2877
F 3064 3129 3063
F 3129 3128 3063
F 3065 3129 3064
F 3129 3065 3130
F 3128 3129 3193
F 3129 3194 3193
F 3129 3130 3195
F 3194 3129 3195
F 2541 2605 2540
F 2606 2605 2541
F 2540 2605 2539
F 2605 2604 2539
F 2605 2669 2604
F 2669 2605 2670
F 2668 2669 2733
F 2669 2734 2733
F 2669 2668 2603
F 2604 2669 2603
F 2803 2737 2738
F 2737 2803 2802
F 2737 2802 2801
F 2736 2737 2801
F 2671 2605 2606
F 2605 2671 2670
F 2735 2799 2734
F 2799 2735 2800
F 2669 2735 2734
F 2735 2669 2670
F 2735 2736 2801
F 2800 2735 2801
F 2671 2735 2670
F 2735 2671 2736
F 2542 2543 2607
F 2543 2608 2607
F 2478 2543 2477
F 2543 2542 2477
F 2543 2478 2479
F 2544 2543 2479
F 2609 2543 2544
F 2543 2609 2608
F 2609 2610 2675
F 2609 2675 2674
F 2673 2609 2674
F 2608 2609 2673
F 2610 2609 2545
F 2609 2544 2545
F 986 1050 985
F 986 1051 1050
F 920 986 985
F 986 920 921
F 922 986 921
F 987 986 922
F 1052 986 987
F 986 1052 1051
F 1052 1053 1118
F 1052 1118 1117
F 1116 1052 1117
F 1051 1052 1116
F 1052 988 1053
F 1052 987 988
F 2113 2114 2158
F 2157 2113 2158
F 1820 1764 1821
F 1820 1763 1764
F 1762 1818 1761
F 1762 1819 1818
F 1762 1761 1696
F 1697 1762 1696
F 1820 1762 1763
F 1762 1820 1819
F 1762 1697 1698
F 1763 1762 1698
F 1926 1975 1925
F 1975 1926 1976
F 1973 1972 1922
F 1973 1922 1923
F 2026 1977 1978
F 1977 2026 2025
F 1978 1977 1928
F 1977 1927 1928
F 1926 1977 1976
F 1927 1977 1926
F 1981 1930 1931
F 1980 1930 1981
F 1931 1930 1879
F 1930 1878 1879
F 1930 1980 1979
F 1929 1930 1979
F 1878 1930 1877
F 1930 1929 1877
F 2295 2243 2296
F 2243 2295 2242
F 2243 2297 2296
F 2243 2244 2297
F 2120 2121 2165
F 2164 2120 2165
F 2163 2120 2164
F 2119 2120 2163
F 2161 2162 2205
F 2204 2161 2205
F 2161 2204 2203
F 2160 2161 2203
F 1171 1106 1172
F 1106 1107 1172
F 1105 1106 1170
F 1106 1171 1170
F 1107 1106 1042
F 1106 1041 1042
F 1106 1105 1040
F 1041 1106 1040
F 1044 978 979
F 1043 978 1044
F 978 914 979
F 914 978 913
F 978 1043 1042
F 977 978 1042
F 978 912 913
F 978 977 912
F 378 313 314
F 379 378 314
F 315 249 250
F 249 315 314
F 251 315 250
F 315 251 316
F 315 379 314
F 315 380 379
F 381 315 316
F 380 315 381
F 380 445 379
F 379 445 444
F 486 550 485
F 486 551 550
F 486 485 420
F 421 486 420
F 486 552 551
F 486 487 552
F 486 421 422
F 487 486 422
F 450 384 385
F 449 384 450
F 320 384 319
F 384 320 385
F 384 449 448
F 383 384 448
F 319 384 318
F 384 383 318
F 832 831 766
F 767 832 766
F 832 768 833
F 832 767 768
F 832 896 831
F 832 897 896
F 898 832 833
F 897 832 898
F 457 393 458
F 392 393 457
F 459 393 394
F 393 459 458
F 328 393 327
F 393 392 327
F 393 329 394
F 393 328 329
F 890 825 891
F 825 826 891
F 889 825 890
F 825 889 824
F 825 761 826
F 825 760 761
F 825 824 759
F 760 825 759
F 817 816 751
F 752 817 751
F 816 817 881
F 817 882 881
F 817 752 753
F 818 817 753
F 817 883 882
F 817 818 883
F 1405 1406 1471
F 1470 1405 1471
F 1405 1341 1406
F 1405 1340 1341
F 1405 1469 1404
F 1469 1405 1470
F 1340 1405 1339
F 1405 1404 1339
F 1534 1598 1533
F 1534 1599 1598
F 1600 1534 1535
F 1599 1534 1600
F 1534 1533 1468
F 1469 1534 1468
F 1534 1470 1535
F 1534 1469 1470
F 1385 1384 1320
F 1320 1384 1319
F 1318 1384 1383
F 1384 1318 1319
F 1450 1384 1385
F 1449 1384 1450
F 1383 1384 1448
F 1384 1449 1448
F 3808 3809 3874
F 3873 3808 3874
F 3808 3744 3809
F 3744 3808 3743
F 3808 3873 3872
F 3807 3808 3872
F 3743 3808 3742
F 3808 3807 3742
F 3341 3342 3406
F 3342 3407 3406
F 3342 3276 3277
F 3276 3342 3341
F 3342 3277 3278
F 3343 3342 3278
F 3408 3474 3473
F 3474 3408 3409
F 3408 3342 3343
F 3342 3408 3407
F 3472 3408 3473
F 3407 3408 3472
F 3409 3408 3344
F 3408 3343 3344
F 3984 4049 4048
F 3983 3984 4048
F 4049 3984 4050
F 3984 3985 4050
F 3984 3983 3918
F 3919 3984 3918
F 3985 3984 3920
F 3984 3919 3920
F 3852 3786 3787
F 3786 3852 3851
F 3916 3852 3917
F 3852 3916 3851
F 3788 3852 3787
F 3853 3852 3788
F 3852 3918 3917
F 3852 3853 3918
F 3987 3988 4052
F 3988 4053 4052
F 3988 3923 3924
F 3988 3924 3989
F 3988 3987 3922
F 3923 3988 3922
F 3926 3862 3927
F 3862 3926 3861
F 3991 3927 3992
F 3991 3926 3927
F 3988 4054 4053
F 4054 3988 3989
F 4053 4054 4118
F 4054 4119 4118
F 3523 3459 3524
F 3459 3523 3458
F 3524 3459 3525
F 3459 3460 3525
F 3325 3324 3259
F 3260 3325 3259
F 3324 3325 3389
F 3325 3390 3389
F 3325 3260 3261
F 3326 3325 3261
F 3390 3325 3391
F 3325 3326 3391
F 3080 3146 3145
F 3080 3081 3146
F 3080 3079 3014
F 3080 3014 3015
F 3080 3145 3144
F 3079 3080 3144
F 2430 2365 2431
F 2431 2365 2366
F 2365 2430 2429
F 2364 2365 2429
F 2250 2207 2251
F 2250 2206 2207
F 2206 2250 2205
F 2250 2249 2205
F 2370 2436 2435
F 2436 2370 2371
F 2370 2305 2306
F 2371 2370 2306
F 2434 2370 2435
F 2369 2370 2434
F 2370 2304 2305
F 2370 2369 2304
F 3080 3016 3081
F 3016 3080 3015
F 2888 2887 2823
F 2823 2887 2822
F 2887 2888 2953
F 2952 2887 2953
F 3846 3912 3911
F 3912 3846 3847
F 3664 3663 3599
F 3663 3598 3599
F 3729 3663 3664
F 3728 3663 3729
F 3598 3663 3597
F 3663 3662 3597
F 3663 3728 3727
F 3662 3663 3727
F 3465 3529 3464
F 3529 3465 3530
F 3465 3531 3530
F 3531 3465 3466
F 3205 3271 3270
F 3271 3205 3206
F 3205 3269 3204
F 3269 3205 3270
F 3141 3205 3140
F 3205 3141 3206
F 3205 3204 3139
F 3140 3205 3139
F 3078 3142 3077
F 3143 3142 3078
F 3077 3142 3076
F 3142 3141 3076
F 3208 3143 3144
F 3209 3208 3144
F 3208 3274 3273
F 3274 3208 3209
F 3274 3210 3275
F 3274 3209 3210
F 3340 3274 3275
F 3339 3274 3340
F 3468 3402 3403
F 3467 3402 3468
F 3271 3272 3336
F 3272 3337 3336
F 3338 3274 3339
F 3274 3338 3273
F 3338 3404 3403
F 3338 3339 3404
F 3272 3338 3337
F 3338 3272 3273
F 3402 3338 3403
F 3338 3402 3337
F 6699 6765 6698
F 6765 6699 6766
F 6765 6766 6833
F 6832 6765 6833
F 2940 2941 3005
F 2941 3006 3005
F 2941 2875 2876
F 2875 2941 2940
F 2941 3007 3006
F 2941 2942 3007
F 2941 2876 2877
F 2942 2941 2877
F 2672 2673 2738
F 2737 2672 2738
F 2672 2608 2673
F 2608 2672 2607
F 2672 2737 2736
F 2671 2672 2736
F 2672 2606 2607
F 2672 2671 2606
F 1927 1874 1875
F 1874 1927 1926
F 1874 1925 1873
F 1874 1926 1925
F 1875 1874 1821
F 1874 1820 1821
F 1819 1874 1873
F 1820 1874 1819
F 2068 2112 2067
F 2068 2113 2112
F 2113 2068 2114
F 2068 2069 2114
F 2023 1974 1975
F 1974 2023 2022
F 1974 1924 1925
F 1975 1974 1925
F 1924 1974 1923
F 1974 1973 1923
F 2243 2199 2244
F 2244 2199 2200
F 2201 2157 2158
F 2157 2201 2200
F 2026 2073 2025
F 2073 2072 2025
F 2073 2026 2027
F 2074 2073 2027
F 2073 2119 2118
F 2073 2074 2119
F 2121 2075 2076
F 2120 2075 2121
F 2075 2028 2029
F 2076 2075 2029
F 2075 2120 2119
F 2074 2075 2119
F 2028 2075 2027
F 2075 2074 2027
F 2117 2073 2118
F 2073 2117 2072
F 2071 2117 2116
F 2072 2117 2071
F 2162 2117 2118
F 2161 2117 2162
F 2117 2160 2116
F 2117 2161 2160
F 506 442 507
F 441 442 506
F 509 510 574
F 510 575 574
F 445 510 444
F 510 509 444
F 3924 3925 3989
F 3925 3990 3989
F 3860 3925 3859
F 3925 3924 3859
F 3991 3925 3926
F 3925 3991 3990
F 3925 3860 3861
F 3926 3925 3861
F 4122 4056 4057
F 4056 4122 4121
F 4057 4056 3992
F 4056 3991 3992
F 3395 3394 3330
F 3330 3394 3329
F 3328 3394 3393
F 3394 3328 3329
F 3460 3394 3395
F 3459 3394 3460
F 3393 3394 3458
F 3394 3459 3458
F 2248 2300 2247
F 2301 2300 2248
F 2300 2246 2247
F 2246 2300 2299
F 2300 2301 2366
F 2365 2300 2366
F 2300 2364 2299
F 2300 2365 2364
F 2303 2367 2302
F 2367 2303 2368
F 2303 2369 2368
F 2369 2303 2304
F 2249 2303 2302
F 2250 2303 2249
F 2304 2303 2251
F 2303 2250 2251
F 3083 3017 3018
F 3082 3017 3083
F 3017 2953 3018
F 3017 2952 2953
F 3017 3082 3081
F 3016 3017 3081
F 2885 2884 2819
F 2820 2885 2819
F 4041 4105 4040
F 4105 4041 4106
F 3980 3914 3915
F 3979 3914 3980
F 4043 4044 4108
F 4108 4044 4109
F 4110 4044 4045
F 4109 4044 4110
F 4044 4043 3978
F 3979 4044 3978
F 4044 3980 4045
F 4044 3979 3980
F 3207 3142 3143
F 3208 3207 3143
F 3141 3207 3206
F 3142 3207 3141
F 3207 3208 3273
F 3272 3207 3273
F 3207 3271 3206
F 3207 3272 3271
F 6831 6898 6897
F 6830 6831 6897
F 6898 6831 6899
F 6831 6832 6899
F 2024 2072 2071
F 2072 2024 2025
F 2024 1977 2025
F 1977 2024 1976
F 2024 1975 1976
F 2024 2023 1975
F 2024 2070 2023
F 2070 2024 2071
F 2115 2070 2116
F 2070 2071 2116
F 2114 2070 2115
F 2069 2070 2114
F 2023 2070 2022
F 2070 2069 2022
F 1974 2021 1973
F 2021 1974 2022
F 2021 2020 1972
F 1973 2021 1972
F 2069 2021 2022
F 2068 2021 2069
F 2020 2021 2067
F 2021 2068 2067
F 2241 2198 2242
F 2198 2241 2197
F 2198 2243 2242
F 2198 2199 2243
F 2202 2203 2247
F 2246 2202 2247
F 2160 2202 2159
F 2202 2160 2203
F 2159 2202 2158
F 2202 2201 2158
F 2202 2245 2201
F 2245 2202 2246
F 2245 2298 2297
F 2244 2245 2297
F 2245 2299 2298
F 2245 2246 2299
F 2245 2244 2200
F 2201 2245 2200
F 443 378 379
F 443 379 444
F 443 509 508
F 509 443 444
F 443 508 507
F 442 443 507
F 377 443 442
F 443 377 378
F 377 376 311
F 312 377 311
F 313 377 312
F 378 377 313
F 377 441 376
F 377 442 441
F 577 511 512
F 576 511 577
F 575 511 576
F 510 511 575
F 4055 4054 3989
F 3990 4055 3989
F 4054 4055 4119
F 4119 4055 4120
F 3991 4055 3990
F 4056 4055 3991
F 4055 4056 4121
F 4120 4055 4121
F 2949 2950 3014
F 3014 2950 3015
F 2950 2949 2884
F 2885 2950 2884
F 2886 2821 2822
F 2887 2886 2822
F 2886 2820 2821
F 2886 2885 2820
F 3848 3782 3783
F 3782 3848 3847
F 3333 3399 3398
F 3334 3399 3333
F 3398 3399 3463
F 3399 3464 3463
F 3335 3399 3334
F 3400 3399 3335
F 3399 3465 3464
F 3399 3400 3465
F 3401 3467 3466
F 3401 3402 3467
F 3337 3401 3336
F 3402 3401 3337
F 3465 3401 3466
F 3400 3401 3465
F 3401 3335 3336
F 3401 3400 3335
F 6698 6764 6697
F 6765 6764 6698
F 6764 6763 6696
F 6697 6764 6696
F 6764 6765 6832
F 6831 6764 6832
F 6764 6830 6763
F 6764 6831 6830
F 2155 2110 2111
F 2110 2155 2154
F 2155 2197 2154
F 2155 2198 2197
F 446 380 381
F 446 445 380
F 446 381 382
F 447 446 382
F 446 510 445
F 446 511 510
F 446 447 512
F 511 446 512
F 2951 3016 3015
F 2950 2951 3015
F 2951 3017 3016
F 3017 2951 2952
F 2951 2950 2885
F 2886 2951 2885
F 2951 2887 2952
F 2951 2886 2887
F 4041 4042 4106
F 4042 4107 4106
F 4042 4043 4108
F 4042 4108 4107
F 4043 4042 3978
F 4042 3977 3978
F 4042 3976 3977
F 3976 4042 4041
F 3910 3976 3975
F 3911 3976 3910
F 3975 3976 4040
F 3976 4041 4040
F 3912 3976 3911
F 3977 3976 3912
F 3915 3849 3850
F 3914 3849 3915
F 3785 3849 3784
F 3849 3785 3850
F 3849 3783 3784
F 3849 3848 3783
F 3849 3913 3848
F 3913 3849 3914
F 3913 3977 3912
F 3977 3913 3978
F 3913 3914 3979
F 3913 3979 3978
F 3913 3912 3847
F 3848 3913 3847
F 2199 2156 2200
F 2156 2157 2200
F 2113 2156 2112
F 2156 2113 2157
F 2198 2156 2199
F 2155 2156 2198
F 2112 2156 2111
F 2156 2155 2111
