V 122.420 61.878 -1.220 0.512742 0.488880
V 69.619 61.642 0.580 0.488510 0.488967
V 70.169 58.584 1.030 0.488751 0.487556
V 73.547 56.723 1.080 0.490295 0.486686
V 84.579 61.261 -2.640 0.495374 0.488736
V 87.494 57.441 -3.070 0.496698 0.486965
V 99.097 59.185 0.270 0.502029 0.487725
V 107.349 59.885 -0.050 0.505818 0.488017
V 115.973 59.646 -0.220 0.509775 0.487875
V 127.887 58.209 -3.080 0.515237 0.487169
V 127.587 61.392 -2.480 0.515111 0.488637
V 136.481 61.009 -6.330 0.519191 0.488427
V 144.513 62.778 -6.830 0.522884 0.489212
V 138.185 55.782 -6.810 0.519954 0.486012
V 131.981 53.009 -7.550 0.517097 0.484757
V 128.927 48.907 -7.730 0.515680 0.482878
V 135.420 47.963 -6.710 0.518656 0.482419
V 59.428 58.257 3.400 0.483821 0.487445
V 49.816 56.166 4.330 0.479402 0.486517
V 68.064 55.376 1.870 0.487773 0.486085
V 106.003 55.321 -1.000 0.505184 0.485919
V 111.796 53.749 -1.450 0.507836 0.485173
V 116.757 55.121 -1.610 0.510118 0.485787
V 94.585 51.454 -3.810 0.499930 0.484179
V 34.331 56.044 6.050 0.472295 0.486518
V 34.881 53.250 5.860 0.472537 0.485229
V 46.248 52.889 4.520 0.477753 0.485020
V 75.734 51.214 0.890 0.491278 0.484139
V 82.149 48.821 -0.360 0.494213 0.483012
V 105.819 49.777 -2.240 0.505079 0.483365
V 111.667 49.788 -2.680 0.507763 0.483348
V 117.495 49.138 -4.850 0.510435 0.483027
V 123.364 49.677 -5.000 0.513130 0.483253
V 39.283 50.815 5.600 0.474549 0.484090
V 54.009 48.062 3.790 0.481296 0.482767
V 66.071 48.066 2.360 0.486832 0.482724
V 66.998 44.455 1.860 0.487244 0.481056
V 76.560 44.700 1.160 0.491633 0.481134
V 101.617 47.314 -3.470 0.503141 0.482245
V 112.728 45.639 -4.000 0.508234 0.481432
V 122.537 44.550 -6.120 0.512732 0.480894
V 36.722 46.304 5.480 0.473357 0.482021
V 42.969 43.520 5.370 0.476213 0.480715
V 48.942 43.788 4.240 0.478955 0.480816
V 59.736 45.301 3.290 0.483914 0.481473
V 80.584 42.142 0.910 0.493470 0.479940
V 90.467 43.697 -2.710 0.498011 0.480620
V 106.657 42.991 -3.970 0.505438 0.480234
V 95.402 44.276 -4.280 0.500278 0.480868
V 41.130 40.559 5.240 0.475358 0.479357
V 62.741 40.539 2.980 0.485276 0.479267
V 71.210 39.904 1.280 0.489160 0.478943
V 85.919 38.996 -0.370 0.495907 0.478470
V 95.509 39.636 -3.530 0.500310 0.478730
V 112.546 35.974 -6.150 0.508115 0.476979
V 116.358 38.592 -6.180 0.509874 0.478171
V 131.546 38.856 -6.820 0.516845 0.478236
V 40.598 37.142 4.910 0.475102 0.477784
V 53.285 36.055 4.270 0.480920 0.477236
V 64.453 36.624 2.090 0.486047 0.477457
V 92.833 35.247 -2.900 0.499066 0.476717
V 104.366 34.078 -5.390 0.504354 0.476135
V 120.726 33.625 -7.340 0.511860 0.475866
V 44.047 33.812 4.930 0.476672 0.476237
V 49.293 32.256 4.580 0.479074 0.475500
V 56.701 31.665 3.690 0.482471 0.475200
V 99.710 30.169 -4.350 0.502203 0.474351
V 109.414 29.741 -5.930 0.506655 0.474118
V 128.356 30.501 -7.140 0.515350 0.474398
V 44.365 28.364 4.740 0.476798 0.473725
V 62.365 26.905 2.780 0.485053 0.472986
V 52.999 25.063 3.730 0.480748 0.472171
V 105.759 23.924 -5.960 0.504956 0.471451
V 39.940 23.784 4.560 0.474750 0.471631
V 45.651 20.477 3.900 0.477359 0.470085
V 56.761 19.186 2.520 0.482453 0.469449
V 42.767 14.625 3.610 0.476014 0.467399
V 50.201 14.427 3.320 0.479424 0.467280
V 57.553 11.970 2.550 0.482789 0.466121
V 47.337 9.100 3.040 0.478090 0.464836
V 41.888 5.749 2.820 0.475577 0.463312
V 56.668 6.151 2.650 0.482362 0.463442
V 48.970 3.166 3.120 0.478818 0.462095
V 45.500 4.500 2.973 0.477230 0.462723
V 47.000 4.500 3.029 0.477919 0.462717
V 48.500 4.500 3.045 0.478607 0.462712
V 50.000 4.500 3.026 0.479296 0.462706
V 51.500 4.500 2.990 0.479984 0.462701
V 42.500 6.000 2.860 0.475859 0.463425
V 44.000 6.000 2.911 0.476548 0.463420
V 45.500 6.000 2.956 0.477236 0.463414
V 47.000 6.000 2.988 0.477924 0.463409
V 48.500 6.000 2.992 0.478613 0.463403
V 50.000 6.000 2.970 0.479301 0.463398
V 51.500 6.000 2.932 0.479989 0.463392
V 53.000 6.000 2.878 0.480678 0.463386
V 54.500 6.000 2.804 0.481366 0.463381
V 56.000 6.000 2.704 0.482055 0.463375
V 42.500 7.500 2.971 0.475865 0.464117
V 44.000 7.500 2.974 0.476553 0.464111
V 45.500 7.500 2.976 0.477242 0.464106
V 47.000 7.500 2.988 0.477930 0.464100
V 48.500 7.500 2.982 0.478618 0.464094
V 50.000 7.500 2.961 0.479307 0.464089
V 51.500 7.500 2.927 0.479995 0.464083
V 53.000 7.500 2.879 0.480683 0.464078
V 54.500 7.500 2.810 0.481372 0.464072
V 56.000 7.500 2.705 0.482060 0.464067
V 42.500 9.000 3.098 0.475870 0.464808
V 44.000 9.000 3.082 0.476559 0.464802
V 45.500 9.000 3.055 0.477247 0.464797
V 48.500 9.000 3.027 0.478624 0.464786
V 50.000 9.000 3.010 0.479312 0.464780
V 51.500 9.000 2.980 0.480001 0.464775
V 53.000 9.000 2.931 0.480689 0.464769
V 54.500 9.000 2.841 0.481377 0.464763
V 56.000 9.000 2.714 0.482066 0.464758
V 42.500 10.500 3.232 0.475876 0.465499
V 44.000 10.500 3.205 0.476564 0.465494
V 45.500 10.500 3.160 0.477253 0.465488
V 47.000 10.500 3.131 0.477941 0.465482
V 48.500 10.500 3.120 0.478629 0.465477
V 50.000 10.500 3.098 0.479318 0.465471
V 51.500 10.500 3.058 0.480006 0.465466
V 53.000 10.500 2.985 0.480694 0.465460
V 54.500 10.500 2.862 0.481383 0.465455
V 56.000 10.500 2.721 0.482071 0.465449
V 42.500 12.000 3.371 0.475881 0.466190
V 44.000 12.000 3.330 0.476570 0.466185
V 45.500 12.000 3.280 0.477258 0.466179
V 47.000 12.000 3.257 0.477947 0.466174
V 48.500 12.000 3.234 0.478635 0.466168
V 50.000 12.000 3.195 0.479323 0.466163
V 51.500 12.000 3.133 0.480012 0.466157
V 53.000 12.000 3.021 0.480700 0.466151
V 54.500 12.000 2.879 0.481388 0.466146
V 56.000 12.000 2.721 0.482077 0.466140
V 42.500 13.500 3.513 0.475887 0.466882
V 44.000 13.500 3.462 0.476575 0.466876
V 45.500 13.500 3.428 0.477264 0.466871
V 47.000 13.500 3.397 0.477952 0.466865
V 48.500 13.500 3.352 0.478640 0.466859
V 50.000 13.500 3.286 0.479329 0.466854
V 51.500 13.500 3.187 0.480017 0.466848
V 53.000 13.500 3.051 0.480706 0.466843
V 54.500 13.500 2.886 0.481394 0.466837
V 56.000 13.500 2.691 0.482082 0.466832
V 57.500 13.500 2.518 0.482771 0.466826
V 41.000 15.000 3.706 0.475204 0.467579
V 44.000 15.000 3.600 0.476581 0.467567
V 45.500 15.000 3.556 0.477269 0.467562
V 47.000 15.000 3.508 0.477958 0.467556
V 48.500 15.000 3.445 0.478646 0.467551
V 50.000 15.000 3.358 0.479334 0.467545
V 51.500 15.000 3.218 0.480023 0.467540
V 53.000 15.000 3.038 0.480711 0.467534
V 54.500 15.000 2.832 0.481399 0.467528
V 56.000 15.000 2.611 0.482088 0.467523
V 57.500 15.000 2.467 0.482776 0.467517
V 41.000 16.500 3.871 0.475210 0.468270
V 42.500 16.500 3.790 0.475898 0.468264
V 44.000 16.500 3.705 0.476586 0.468259
V 45.500 16.500 3.640 0.477275 0.468253
V 47.000 16.500 3.580 0.477963 0.468248
V 48.500 16.500 3.507 0.478652 0.468242
V 50.000 16.500 3.422 0.479340 0.468236
V 51.500 16.500 3.282 0.480028 0.468231
V 53.000 16.500 3.048 0.480717 0.468225
V 54.500 16.500 2.805 0.481405 0.468220
V 56.000 16.500 2.567 0.482093 0.468214
V 57.500 16.500 2.424 0.482782 0.468209
V 59.000 16.500 2.515 0.483470 0.468203
V 41.000 18.000 4.021 0.475215 0.468961
V 42.500 18.000 3.921 0.475904 0.468956
V 44.000 18.000 3.818 0.476592 0.468950
V 45.500 18.000 3.728 0.477280 0.468944
V 47.000 18.000 3.655 0.477969 0.468939
V 48.500 18.000 3.576 0.478657 0.468933
V 50.000 18.000 3.492 0.479345 0.468928
V 51.500 18.000 3.372 0.480034 0.468922
V 53.000 18.000 3.123 0.480722 0.468917
V 54.500 18.000 2.847 0.481411 0.468911
V 56.000 18.000 2.585 0.482099 0.468905
V 57.500 18.000 2.413 0.482787 0.468900
V 59.000 18.000 2.551 0.483476 0.468894
V 41.000 19.500 4.160 0.475221 0.469652
V 42.500 19.500 4.050 0.475909 0.469647
V 44.000 19.500 3.938 0.476598 0.469641
V 45.500 19.500 3.832 0.477286 0.469636
V 47.000 19.500 3.744 0.477974 0.469630
V 48.500 19.500 3.659 0.478663 0.469625
V 50.000 19.500 3.572 0.479351 0.469619
V 51.500 19.500 3.460 0.480039 0.469613
V 53.000 19.500 3.232 0.480728 0.469608
V 54.500 19.500 2.942 0.481416 0.469602
V 56.000 19.500 2.667 0.482104 0.469597
V 57.500 19.500 2.456 0.482793 0.469591
V 59.000 19.500 2.529 0.483481 0.469586
V 41.000 21.000 4.286 0.475226 0.470344
V 42.500 21.000 4.180 0.475915 0.470338
V 44.000 21.000 4.065 0.476603 0.470332
V 47.000 21.000 3.856 0.477980 0.470321
V 48.500 21.000 3.759 0.478668 0.470316
V 50.000 21.000 3.663 0.479357 0.470310
V 51.500 21.000 3.553 0.480045 0.470305
V 53.000 21.000 3.354 0.480733 0.470299
V 54.500 21.000 3.068 0.481422 0.470294
V 56.000 21.000 2.801 0.482110 0.470288
V 57.500 21.000 2.572 0.482798 0.470282
V 59.000 21.000 2.532 0.483487 0.470277
V 41.000 22.500 4.408 0.475232 0.471035
V 42.500 22.500 4.302 0.475920 0.471029
V 44.000 22.500 4.200 0.476609 0.471024
V 45.500 22.500 4.107 0.477297 0.471018
V 47.000 22.500 4.002 0.477985 0.471013
V 48.500 22.500 3.890 0.478674 0.471007
V 50.000 22.500 3.777 0.479362 0.471001
V 51.500 22.500 3.658 0.480050 0.470996
V 53.000 22.500 3.485 0.480739 0.470990
V 54.500 22.500 3.224 0.481427 0.470985
V 56.000 22.500 2.983 0.482116 0.470979
V 57.500 22.500 2.759 0.482804 0.470974
V 59.000 22.500 2.622 0.483492 0.470968
V 60.500 22.500 2.726 0.484181 0.470962
V 41.000 24.000 4.525 0.475237 0.471726
V 42.500 24.000 4.447 0.475926 0.471721
V 44.000 24.000 4.362 0.476614 0.471715
V 45.500 24.000 4.270 0.477303 0.471709
V 47.000 24.000 4.169 0.477991 0.471704
V 48.500 24.000 4.053 0.478679 0.471698
V 50.000 24.000 3.925 0.479368 0.471693
V 51.500 24.000 3.785 0.480056 0.471687
V 53.000 24.000 3.626 0.480744 0.471682
V 54.500 24.000 3.410 0.481433 0.471676
V 56.000 24.000 3.208 0.482121 0.471670
V 57.500 24.000 3.006 0.482809 0.471665
V 59.000 24.000 2.811 0.483498 0.471659
V 60.500 24.000 2.736 0.484186 0.471654
V 41.000 25.500 4.632 0.475243 0.472417
V 42.500 25.500 4.596 0.475931 0.472412
V 44.000 25.500 4.520 0.476620 0.472406
V 45.500 25.500 4.433 0.477308 0.472401
V 47.000 25.500 4.337 0.477996 0.472395
V 48.500 25.500 4.225 0.478685 0.472390
V 50.000 25.500 4.094 0.479373 0.472384
V 51.500 25.500 3.942 0.480062 0.472378
V 54.500 25.500 3.594 0.481438 0.472367
V 56.000 25.500 3.419 0.482127 0.472362
V 57.500 25.500 3.242 0.482815 0.472356
V 59.000 25.500 3.059 0.483503 0.472351
V 60.500 25.500 2.871 0.484192 0.472345
V 105.500 25.500 -5.712 0.504843 0.472178
V 107.000 25.500 -5.957 0.505531 0.472172
V 108.500 25.500 -6.261 0.506219 0.472167
V 110.000 25.500 -6.455 0.506908 0.472161
V 39.500 27.000 4.762 0.474560 0.473114
V 41.000 27.000 4.674 0.475249 0.473109
V 42.500 27.000 4.706 0.475937 0.473103
V 44.000 27.000 4.660 0.476625 0.473098
V 45.500 27.000 4.579 0.477314 0.473092
V 47.000 27.000 4.484 0.478002 0.473086
V 48.500 27.000 4.366 0.478690 0.473081
V 50.000 27.000 4.227 0.479379 0.473075
V 51.500 27.000 4.071 0.480067 0.473070
V 53.000 27.000 3.906 0.480755 0.473064
V 54.500 27.000 3.720 0.481444 0.473059
V 56.000 27.000 3.529 0.482132 0.473053
V 57.500 27.000 3.343 0.482821 0.473047
V 59.000 27.000 3.162 0.483509 0.473042
V 60.500 27.000 2.988 0.484197 0.473036
V 104.000 27.000 -5.314 0.504160 0.472875
V 105.500 27.000 -5.547 0.504848 0.472869
V 107.000 27.000 -5.765 0.505537 0.472864
V 108.500 27.000 -6.016 0.506225 0.472858
V 110.000 27.000 -6.398 0.506913 0.472853
V 111.500 27.000 -6.615 0.507602 0.472847
V 113.000 27.000 -6.752 0.508290 0.472841
V 114.500 27.000 -6.866 0.508978 0.472836
V 116.000 27.000 -6.984 0.509667 0.472830
V 39.500 28.500 4.810 0.474566 0.473806
V 41.000 28.500 4.682 0.475254 0.473800
V 42.500 28.500 4.762 0.475942 0.473794
V 45.500 28.500 4.687 0.477319 0.473783
V 47.000 28.500 4.588 0.478008 0.473778
V 48.500 28.500 4.469 0.478696 0.473772
V 50.000 28.500 4.331 0.479384 0.473767
V 51.500 28.500 4.180 0.480073 0.473761
V 53.000 28.500 4.018 0.480761 0.473755
V 54.500 28.500 3.834 0.481449 0.473750
V 56.000 28.500 3.630 0.482138 0.473744
V 57.500 28.500 3.427 0.482826 0.473739
V 59.000 28.500 3.229 0.483514 0.473733
V 60.500 28.500 3.035 0.484203 0.473728
V 62.000 28.500 2.808 0.484891 0.473722
V 63.500 28.500 2.645 0.485580 0.473716
V 65.000 28.500 2.569 0.486268 0.473711
V 102.500 28.500 -4.951 0.503477 0.473572
V 104.000 28.500 -5.213 0.504165 0.473566
V 105.500 28.500 -5.446 0.504854 0.473560
V 107.000 28.500 -5.654 0.505542 0.473555
V 108.500 28.500 -5.850 0.506231 0.473549
V 110.000 28.500 -6.104 0.506919 0.473544
V 111.500 28.500 -6.484 0.507607 0.473538
V 113.000 28.500 -6.794 0.508296 0.473533
V 114.500 28.500 -6.938 0.508984 0.473527
V 116.000 28.500 -7.031 0.509672 0.473522
V 117.500 28.500 -7.091 0.510361 0.473516
V 119.000 28.500 -7.137 0.511049 0.473510
V 120.500 28.500 -7.179 0.511737 0.473505
V 39.500 30.000 4.834 0.474571 0.474497
V 41.000 30.000 4.690 0.475260 0.474491
V 42.500 30.000 4.795 0.475948 0.474486
V 44.000 30.000 4.839 0.476636 0.474480
V 45.500 30.000 4.767 0.477325 0.474475
V 47.000 30.000 4.668 0.478013 0.474469
V 48.500 30.000 4.551 0.478701 0.474463
V 50.000 30.000 4.417 0.479390 0.474458
V 51.500 30.000 4.272 0.480078 0.474452
V 53.000 30.000 4.110 0.480767 0.474447
V 54.500 30.000 3.927 0.481455 0.474441
V 56.000 30.000 3.718 0.482143 0.474436
V 57.500 30.000 3.500 0.482832 0.474430
V 59.000 30.000 3.282 0.483520 0.474424
V 60.500 30.000 3.028 0.484208 0.474419
V 62.000 30.000 2.730 0.484897 0.474413
V 63.500 30.000 2.541 0.485585 0.474408
V 65.000 30.000 2.436 0.486273 0.474402
V 66.500 30.000 2.437 0.486962 0.474397
V 68.000 30.000 2.389 0.487650 0.474391
V 101.000 30.000 -4.627 0.502794 0.474268
V 102.500 30.000 -4.923 0.503483 0.474263
V 104.000 30.000 -5.188 0.504171 0.474257
V 105.500 30.000 -5.427 0.504859 0.474252
V 107.000 30.000 -5.641 0.505548 0.474246
V 108.500 30.000 -5.831 0.506236 0.474241
V 110.000 30.000 -6.000 0.506924 0.474235
V 111.500 30.000 -6.235 0.507613 0.474229
V 113.000 30.000 -6.556 0.508301 0.474224
V 114.500 30.000 -6.925 0.508990 0.474218
V 116.000 30.000 -7.106 0.509678 0.474213
V 117.500 30.000 -7.205 0.510366 0.474207
V 119.000 30.000 -7.263 0.511055 0.474202
V 120.500 30.000 -7.288 0.511743 0.474196
V 122.000 30.000 -7.287 0.512431 0.474191
V 123.500 30.000 -7.265 0.513120 0.474185
V 125.000 30.000 -7.232 0.513808 0.474179
V 126.500 30.000 -7.197 0.514496 0.474174
V 39.500 31.500 4.844 0.474577 0.475188
V 41.000 31.500 4.707 0.475265 0.475182
V 42.500 31.500 4.837 0.475954 0.475177
V 44.000 31.500 4.900 0.476642 0.475171
V 45.500 31.500 4.827 0.477330 0.475166
V 47.000 31.500 4.731 0.478019 0.475160
V 48.500 31.500 4.618 0.478707 0.475155
V 50.000 31.500 4.488 0.479395 0.475149
V 51.500 31.500 4.345 0.480084 0.475144
V 53.000 31.500 4.182 0.480772 0.475138
V 54.500 31.500 3.998 0.481460 0.475132
V 56.000 31.500 3.790 0.482149 0.475127
V 57.500 31.500 3.556 0.482837 0.475121
V 59.000 31.500 3.284 0.483526 0.475116
V 60.500 31.500 2.976 0.484214 0.475110
V 62.000 31.500 2.643 0.484902 0.475105
V 63.500 31.500 2.399 0.485591 0.475099
V 65.000 31.500 2.289 0.486279 0.475093
V 66.500 31.500 2.212 0.486967 0.475088
V 68.000 31.500 2.251 0.487656 0.475082
V 69.500 31.500 2.309 0.488344 0.475077
V 71.000 31.500 2.215 0.489032 0.475071
V 98.000 31.500 -4.016 0.501423 0.474971
V 99.500 31.500 -4.308 0.502111 0.474965
V 101.000 31.500 -4.688 0.502800 0.474960
V 102.500 31.500 -5.016 0.503488 0.474954
V 104.000 31.500 -5.290 0.504177 0.474949
V 105.500 31.500 -5.525 0.504865 0.474943
V 107.000 31.500 -5.720 0.505553 0.474937
V 108.500 31.500 -5.876 0.506242 0.474932
V 110.000 31.500 -6.031 0.506930 0.474926
V 111.500 31.500 -6.213 0.507618 0.474921
V 113.000 31.500 -6.413 0.508307 0.474915
V 114.500 31.500 -6.666 0.508995 0.474910
V 116.000 31.500 -6.962 0.509683 0.474904
V 117.500 31.500 -7.227 0.510372 0.474898
V 119.000 31.500 -7.330 0.511060 0.474893
V 120.500 31.500 -7.388 0.511749 0.474887
V 122.000 31.500 -7.404 0.512437 0.474882
V 123.500 31.500 -7.384 0.513125 0.474876
V 125.000 31.500 -7.333 0.513814 0.474871
V 126.500 31.500 -7.257 0.514502 0.474865
V 128.000 31.500 -7.145 0.515190 0.474859
V 39.500 33.000 4.850 0.474582 0.475879
V 41.000 33.000 4.740 0.475271 0.475874
V 42.500 33.000 4.893 0.475959 0.475868
V 44.000 33.000 4.931 0.476647 0.475863
V 45.500 33.000 4.856 0.477336 0.475857
V 47.000 33.000 4.767 0.478024 0.475851
V 48.500 33.000 4.663 0.478713 0.475846
V 50.000 33.000 4.542 0.479401 0.475840
V 51.500 33.000 4.403 0.480089 0.475835
V 53.000 33.000 4.245 0.480778 0.475829
V 54.500 33.000 4.065 0.481466 0.475824
V 56.000 33.000 3.856 0.482154 0.475818
V 57.500 33.000 3.625 0.482843 0.475812
V 59.000 33.000 3.302 0.483531 0.475807
V 60.500 33.000 2.953 0.484219 0.475801
V 62.000 33.000 2.594 0.484908 0.475796
V 63.500 33.000 2.277 0.485596 0.475790
V 65.000 33.000 2.108 0.486285 0.475785
V 66.500 33.000 2.027 0.486973 0.475779
V 68.000 33.000 1.984 0.487661 0.475774
V 69.500 33.000 2.043 0.488350 0.475768
V 71.000 33.000 2.140 0.489038 0.475762
V 72.500 33.000 2.141 0.489726 0.475757
V 74.000 33.000 1.994 0.490415 0.475751
V 96.500 33.000 -3.750 0.500740 0.475668
V 98.000 33.000 -3.971 0.501429 0.475662
V 99.500 33.000 -4.300 0.502117 0.475657
V 101.000 33.000 -4.709 0.502805 0.475651
V 102.500 33.000 -5.066 0.503494 0.475645
V 104.000 33.000 -5.356 0.504182 0.475640
V 105.500 33.000 -5.575 0.504870 0.475634
V 107.000 33.000 -5.748 0.505559 0.475629
V 108.500 33.000 -5.901 0.506247 0.475623
V 110.000 33.000 -6.049 0.506936 0.475618
V 111.500 33.000 -6.231 0.507624 0.475612
V 113.000 33.000 -6.435 0.508312 0.475606
V 114.500 33.000 -6.642 0.509001 0.475601
V 116.000 33.000 -6.849 0.509689 0.475595
V 117.500 33.000 -7.051 0.510377 0.475590
V 119.000 33.000 -7.244 0.511066 0.475584
V 120.500 33.000 -7.375 0.511754 0.475579
V 122.000 33.000 -7.428 0.512442 0.475573
V 123.500 33.000 -7.423 0.513131 0.475567
V 125.000 33.000 -7.358 0.513819 0.475562
V 126.500 33.000 -7.237 0.514508 0.475556
V 128.000 33.000 -7.076 0.515196 0.475551
V 39.500 34.500 4.860 0.474588 0.476571
V 41.000 34.500 4.797 0.475276 0.476565
V 42.500 34.500 4.932 0.475965 0.476559
V 44.000 34.500 4.929 0.476653 0.476554
V 45.500 34.500 4.850 0.477341 0.476548
V 47.000 34.500 4.764 0.478030 0.476543
V 48.500 34.500 4.666 0.478718 0.476537
V 50.000 34.500 4.557 0.479406 0.476532
V 51.500 34.500 4.434 0.480095 0.476526
V 53.000 34.500 4.291 0.480783 0.476520
V 54.500 34.500 4.121 0.481472 0.476515
V 56.000 34.500 3.926 0.482160 0.476509
V 57.500 34.500 3.710 0.482848 0.476504
V 59.000 34.500 3.438 0.483537 0.476498
V 60.500 34.500 3.028 0.484225 0.476493
V 62.000 34.500 2.619 0.484913 0.476487
V 63.500 34.500 2.232 0.485602 0.476481
V 65.000 34.500 1.967 0.486290 0.476476
V 66.500 34.500 1.843 0.486978 0.476470
V 68.000 34.500 1.772 0.487667 0.476465
V 69.500 34.500 1.763 0.488355 0.476459
V 71.000 34.500 1.827 0.489044 0.476454
V 72.500 34.500 1.913 0.489732 0.476448
V 74.000 34.500 1.948 0.490420 0.476443
V 75.500 34.500 1.881 0.491109 0.476437
V 77.000 34.500 1.675 0.491797 0.476431
V 95.000 34.500 -3.441 0.500057 0.476365
V 96.500 34.500 -3.685 0.500746 0.476359
V 98.000 34.500 -3.912 0.501434 0.476353
V 99.500 34.500 -4.289 0.502123 0.476348
V 101.000 34.500 -4.687 0.502811 0.476342
V 102.500 34.500 -5.031 0.503499 0.476337
V 105.500 34.500 -5.518 0.504876 0.476326
V 107.000 34.500 -5.697 0.505564 0.476320
V 108.500 34.500 -5.856 0.506253 0.476314
V 110.000 34.500 -6.008 0.506941 0.476309
V 111.500 34.500 -6.175 0.507629 0.476303
V 113.000 34.500 -6.387 0.508318 0.476298
V 114.500 34.500 -6.608 0.509006 0.476292
V 116.000 34.500 -6.807 0.509695 0.476287
V 117.500 34.500 -6.976 0.510383 0.476281
V 119.000 34.500 -7.114 0.511071 0.476275
V 120.500 34.500 -7.231 0.511760 0.476270
V 122.000 34.500 -7.320 0.512448 0.476264
V 123.500 34.500 -7.342 0.513136 0.476259
V 125.000 34.500 -7.296 0.513825 0.476253
V 126.500 34.500 -7.184 0.514513 0.476248
V 128.000 34.500 -7.020 0.515201 0.476242
V 129.500 34.500 -6.939 0.515890 0.476236
V 39.500 36.000 4.881 0.474593 0.477262
V 41.000 36.000 4.877 0.475282 0.477256
V 42.500 36.000 4.979 0.475970 0.477251
V 44.000 36.000 4.928 0.476659 0.477245
V 45.500 36.000 4.820 0.477347 0.477240
V 47.000 36.000 4.731 0.478035 0.477234
V 48.500 36.000 4.640 0.478724 0.477228
V 50.000 36.000 4.538 0.479412 0.477223
V 51.500 36.000 4.423 0.480100 0.477217
V 54.500 36.000 4.154 0.481477 0.477206
V 56.000 36.000 3.989 0.482165 0.477201
V 57.500 36.000 3.792 0.482854 0.477195
V 59.000 36.000 3.549 0.483542 0.477189
V 60.500 36.000 3.207 0.484231 0.477184
V 62.000 36.000 2.749 0.484919 0.477178
V 63.500 36.000 2.305 0.485607 0.477173
V 65.000 36.000 1.922 0.486296 0.477167
V 66.500 36.000 1.695 0.486984 0.477162
V 68.000 36.000 1.615 0.487672 0.477156
V 69.500 36.000 1.550 0.488361 0.477150
V 71.000 36.000 1.560 0.489049 0.477145
V 72.500 36.000 1.612 0.489737 0.477139
V 74.000 36.000 1.658 0.490426 0.477134
V 75.500 36.000 1.667 0.491114 0.477128
V 77.000 36.000 1.619 0.491803 0.477123
V 78.500 36.000 1.478 0.492491 0.477117
V 80.000 36.000 1.205 0.493179 0.477111
V 92.000 36.000 -2.627 0.498686 0.477067
V 93.500 36.000 -3.058 0.499375 0.477061
V 95.000 36.000 -3.374 0.500063 0.477056
V 96.500 36.000 -3.612 0.500751 0.477050
V 98.000 36.000 -3.896 0.501440 0.477045
V 99.500 36.000 -4.281 0.502128 0.477039
V 101.000 36.000 -4.639 0.502816 0.477034
V 102.500 36.000 -4.942 0.503505 0.477028
V 104.000 36.000 -5.169 0.504193 0.477022
V 105.500 36.000 -5.349 0.504882 0.477017
V 107.000 36.000 -5.511 0.505570 0.477011
V 108.500 36.000 -5.666 0.506258 0.477006
V 110.000 36.000 -5.825 0.506947 0.477000
V 111.500 36.000 -6.003 0.507635 0.476995
V 114.500 36.000 -6.413 0.509012 0.476983
V 116.000 36.000 -6.597 0.509700 0.476978
V 117.500 36.000 -6.765 0.510388 0.476972
V 119.000 36.000 -6.914 0.511077 0.476967
V 120.500 36.000 -7.041 0.511765 0.476961
V 122.000 36.000 -7.155 0.512454 0.476956
V 123.500 36.000 -7.224 0.513142 0.476950
V 125.000 36.000 -7.229 0.513830 0.476944
V 126.500 36.000 -7.169 0.514519 0.476939
V 128.000 36.000 -7.042 0.515207 0.476933
V 129.500 36.000 -6.884 0.515895 0.476928
V 38.000 37.500 5.152 0.473911 0.477959
V 39.500 37.500 4.920 0.474599 0.477953
V 42.500 37.500 5.028 0.475976 0.477942
V 44.000 37.500 4.938 0.476664 0.477936
V 45.500 37.500 4.796 0.477352 0.477931
V 47.000 37.500 4.676 0.478041 0.477925
V 48.500 37.500 4.577 0.478729 0.477920
V 50.000 37.500 4.476 0.479418 0.477914
V 51.500 37.500 4.368 0.480106 0.477909
V 53.000 37.500 4.254 0.480794 0.477903
V 54.500 37.500 4.132 0.481483 0.477897
V 56.000 37.500 4.011 0.482171 0.477892
V 57.500 37.500 3.849 0.482859 0.477886
V 59.000 37.500 3.632 0.483548 0.477881
V 60.500 37.500 3.349 0.484236 0.477875
V 62.000 37.500 2.933 0.484924 0.477870
V 63.500 37.500 2.469 0.485613 0.477864
V 65.000 37.500 2.032 0.486301 0.477858
V 66.500 37.500 1.690 0.486990 0.477853
V 68.000 37.500 1.497 0.487678 0.477847
V 69.500 37.500 1.425 0.488366 0.477842
V 71.000 37.500 1.373 0.489055 0.477836
V 72.500 37.500 1.384 0.489743 0.477831
V 74.000 37.500 1.398 0.490431 0.477825
V 75.500 37.500 1.389 0.491120 0.477819
V 77.000 37.500 1.345 0.491808 0.477814
V 78.500 37.500 1.254 0.492496 0.477808
V 80.000 37.500 1.104 0.493185 0.477803
V 81.500 37.500 0.878 0.493873 0.477797
V 83.000 37.500 0.531 0.494562 0.477792
V 89.000 37.500 -1.476 0.497315 0.477769
V 90.500 37.500 -2.061 0.498003 0.477764
V 92.000 37.500 -2.661 0.498692 0.477758
V 93.500 37.500 -3.062 0.499380 0.477753
V 95.000 37.500 -3.355 0.500069 0.477747
V 96.500 37.500 -3.596 0.500757 0.477742
V 98.000 37.500 -3.921 0.501445 0.477736
V 99.500 37.500 -4.254 0.502134 0.477730
V 101.000 37.500 -4.539 0.502822 0.477725
V 102.500 37.500 -4.771 0.503510 0.477719
V 104.000 37.500 -4.960 0.504199 0.477714
V 105.500 37.500 -5.112 0.504887 0.477708
V 107.000 37.500 -5.243 0.505575 0.477703
V 108.500 37.500 -5.375 0.506264 0.477697
V 110.000 37.500 -5.524 0.506952 0.477691
V 111.500 37.500 -5.717 0.507641 0.477686
V 113.000 37.500 -5.933 0.508329 0.477680
V 114.500 37.500 -6.147 0.509017 0.477675
V 116.000 37.500 -6.340 0.509706 0.477669
V 117.500 37.500 -6.520 0.510394 0.477664
V 119.000 37.500 -6.682 0.511082 0.477658
V 120.500 37.500 -6.825 0.511771 0.477652
V 122.000 37.500 -6.962 0.512459 0.477647
V 123.500 37.500 -7.060 0.513147 0.477641
V 125.000 37.500 -7.111 0.513836 0.477636
V 126.500 37.500 -7.109 0.514524 0.477630
V 128.000 37.500 -7.054 0.515213 0.477625
V 129.500 37.500 -6.944 0.515901 0.477619
V 131.000 37.500 -6.820 0.516589 0.477613
V 38.000 39.000 5.176 0.473916 0.478650
V 39.500 39.000 4.990 0.474605 0.478644
V 41.000 39.000 5.104 0.475293 0.478639
V 42.500 39.000 5.081 0.475981 0.478633
V 44.000 39.000 4.960 0.476670 0.478628
V 45.500 39.000 4.789 0.477358 0.478622
V 47.000 39.000 4.625 0.478046 0.478617
V 48.500 39.000 4.501 0.478735 0.478611
V 50.000 39.000 4.390 0.479423 0.478605
V 51.500 39.000 4.278 0.480111 0.478600
V 53.000 39.000 4.175 0.480800 0.478594
V 54.500 39.000 4.081 0.481488 0.478589
V 56.000 39.000 3.947 0.482177 0.478583
V 57.500 39.000 3.832 0.482865 0.478578
V 59.000 39.000 3.666 0.483553 0.478572
V 60.500 39.000 3.424 0.484242 0.478566
V 62.000 39.000 3.090 0.484930 0.478561
V 63.500 39.000 2.649 0.485618 0.478555
V 65.000 39.000 2.235 0.486307 0.478550
V 66.500 39.000 1.872 0.486995 0.478544
V 68.000 39.000 1.573 0.487683 0.478539
V 69.500 39.000 1.378 0.488372 0.478533
V 71.000 39.000 1.288 0.489060 0.478527
V 72.500 39.000 1.244 0.489749 0.478522
V 74.000 39.000 1.208 0.490437 0.478516
V 75.500 39.000 1.164 0.491125 0.478511
V 77.000 39.000 1.100 0.491814 0.478505
V 78.500 39.000 1.004 0.492502 0.478500
V 80.000 39.000 0.863 0.493190 0.478494
V 81.500 39.000 0.664 0.493879 0.478488
V 83.000 39.000 0.396 0.494567 0.478483
V 84.500 39.000 0.047 0.495255 0.478477
V 87.500 39.000 -0.921 0.496632 0.478466
V 89.000 39.000 -1.508 0.497321 0.478461
V 90.500 39.000 -2.157 0.498009 0.478455
V 92.000 39.000 -2.733 0.498697 0.478449
V 93.500 39.000 -3.118 0.499386 0.478444
V 95.000 39.000 -3.405 0.500074 0.478438
V 96.500 39.000 -3.657 0.500762 0.478433
V 98.000 39.000 -3.917 0.501451 0.478427
V 99.500 39.000 -4.148 0.502139 0.478422
V 101.000 39.000 -4.353 0.502828 0.478416
V 102.500 39.000 -4.537 0.503516 0.478410
V 104.000 39.000 -4.698 0.504204 0.478405
V 105.500 39.000 -4.826 0.504893 0.478399
V 107.000 39.000 -4.927 0.505581 0.478394
V 108.500 39.000 -5.035 0.506269 0.478388
V 110.000 39.000 -5.192 0.506958 0.478383
V 111.500 39.000 -5.386 0.507646 0.478377
V 113.000 39.000 -5.607 0.508334 0.478372
V 114.500 39.000 -5.839 0.509023 0.478366
V 117.500 39.000 -6.248 0.510400 0.478355
V 119.000 39.000 -6.428 0.511088 0.478349
V 120.500 39.000 -6.595 0.511776 0.478344
V 122.000 39.000 -6.753 0.512465 0.478338
V 123.500 39.000 -6.877 0.513153 0.478333
V 125.000 39.000 -6.958 0.513841 0.478327
V 126.500 39.000 -6.998 0.514530 0.478321
V 128.000 39.000 -6.996 0.515218 0.478316
V 129.500 39.000 -6.953 0.515906 0.478310
V 38.000 40.500 5.195 0.473922 0.479341
V 39.500 40.500 5.118 0.474610 0.479336
V 42.500 40.500 5.152 0.475987 0.479325
V 44.000 40.500 4.999 0.476675 0.479319
V 45.500 40.500 4.800 0.477364 0.479313
V 47.000 40.500 4.590 0.478052 0.479308
V 48.500 40.500 4.426 0.478740 0.479302
V 50.000 40.500 4.293 0.479429 0.479297
V 51.500 40.500 4.168 0.480117 0.479291
V 53.000 40.500 4.073 0.480805 0.479286
V 54.500 40.500 3.994 0.481494 0.479280
V 56.000 40.500 3.885 0.482182 0.479274
V 57.500 40.500 3.746 0.482870 0.479269
V 59.000 40.500 3.620 0.483559 0.479263
V 60.500 40.500 3.431 0.484247 0.479258
V 62.000 40.500 3.154 0.484936 0.479252
V 63.500 40.500 2.785 0.485624 0.479247
V 65.000 40.500 2.404 0.486312 0.479241
V 66.500 40.500 2.043 0.487001 0.479235
V 68.000 40.500 1.722 0.487689 0.479230
V 69.500 40.500 1.464 0.488377 0.479224
V 71.000 40.500 1.307 0.489066 0.479219
V 72.500 40.500 1.247 0.489754 0.479213
V 74.000 40.500 1.231 0.490442 0.479208
V 75.500 40.500 1.193 0.491131 0.479202
V 77.000 40.500 1.136 0.491819 0.479196
V 78.500 40.500 1.050 0.492508 0.479191
V 80.000 40.500 0.924 0.493196 0.479185
V 81.500 40.500 0.733 0.493884 0.479180
V 83.000 40.500 0.435 0.494573 0.479174
V 84.500 40.500 0.009 0.495261 0.479169
V 86.000 40.500 -0.512 0.495949 0.479163
V 87.500 40.500 -1.068 0.496638 0.479157
V 89.000 40.500 -1.657 0.497326 0.479152
V 90.500 40.500 -2.302 0.498014 0.479146
V 92.000 40.500 -2.845 0.498703 0.479141
V 93.500 40.500 -3.228 0.499391 0.479135
V 95.000 40.500 -3.542 0.500080 0.479130
V 96.500 40.500 -3.729 0.500768 0.479124
V 98.000 40.500 -3.876 0.501456 0.479118
V 99.500 40.500 -4.014 0.502145 0.479113
V 101.000 40.500 -4.146 0.502833 0.479107
V 102.500 40.500 -4.273 0.503521 0.479102
V 104.000 40.500 -4.398 0.504210 0.479096
V 105.500 40.500 -4.504 0.504898 0.479091
V 107.000 40.500 -4.580 0.505587 0.479085
V 108.500 40.500 -4.678 0.506275 0.479079
V 110.000 40.500 -4.831 0.506963 0.479074
V 111.500 40.500 -5.016 0.507652 0.479068
V 113.000 40.500 -5.251 0.508340 0.479063
V 114.500 40.500 -5.500 0.509028 0.479057
V 116.000 40.500 -5.751 0.509717 0.479052
V 117.500 40.500 -5.976 0.510405 0.479046
V 119.000 40.500 -6.172 0.511093 0.479041
V 120.500 40.500 -6.360 0.511782 0.479035
V 122.000 40.500 -6.541 0.512470 0.479029
V 123.500 40.500 -6.690 0.513159 0.479024
V 125.000 40.500 -6.799 0.513847 0.479018
V 126.500 40.500 -6.878 0.514535 0.479013
V 128.000 40.500 -6.929 0.515224 0.479007
V 129.500 40.500 -6.963 0.515912 0.479002
V 131.000 40.500 -7.031 0.516600 0.478996
V 38.000 42.000 5.232 0.473927 0.480032
V 39.500 42.000 5.326 0.474616 0.480027
V 41.000 42.000 5.368 0.475304 0.480021
V 42.500 42.000 5.300 0.475992 0.480016
V 44.000 42.000 5.059 0.476681 0.480010
V 45.500 42.000 4.820 0.477369 0.480005
V 47.000 42.000 4.578 0.478057 0.479999
V 48.500 42.000 4.362 0.478746 0.479994
V 50.000 42.000 4.193 0.479434 0.479988
V 51.500 42.000 4.057 0.480123 0.479982
V 53.000 42.000 3.959 0.480811 0.479977
V 54.500 42.000 3.882 0.481499 0.479971
V 56.000 42.000 3.801 0.482188 0.479966
V 57.500 42.000 3.667 0.482876 0.479960
V 59.000 42.000 3.533 0.483564 0.479955
V 60.500 42.000 3.374 0.484253 0.479949
V 62.000 42.000 3.135 0.484941 0.479943
V 63.500 42.000 2.764 0.485629 0.479938
V 65.000 42.000 2.366 0.486318 0.479932
V 66.500 42.000 1.993 0.487006 0.479927
V 68.000 42.000 1.668 0.487695 0.479921
V 69.500 42.000 1.449 0.488383 0.479916
V 71.000 42.000 1.344 0.489071 0.479910
V 72.500 42.000 1.293 0.489760 0.479904
V 74.000 42.000 1.241 0.490448 0.479899
V 75.500 42.000 1.268 0.491136 0.479893
V 77.000 42.000 1.273 0.491825 0.479888
V 78.500 42.000 1.192 0.492513 0.479882
V 80.000 42.000 1.015 0.493201 0.479877
V 81.500 42.000 0.734 0.493890 0.479871
V 83.000 42.000 0.345 0.494578 0.479865
V 84.500 42.000 -0.132 0.495267 0.479860
V 86.000 42.000 -0.677 0.495955 0.479854
V 87.500 42.000 -1.266 0.496643 0.479849
V 89.000 42.000 -1.861 0.497332 0.479843
V 90.500 42.000 -2.481 0.498020 0.479838
V 92.000 42.000 -3.001 0.498708 0.479832
V 93.500 42.000 -3.436 0.499397 0.479826
V 95.000 42.000 -3.837 0.500085 0.479821
V 96.500 42.000 -3.933 0.500774 0.479815
V 98.000 42.000 -3.941 0.501462 0.479810
V 99.500 42.000 -3.984 0.502150 0.479804
V 101.000 42.000 -4.017 0.502839 0.479799
V 102.500 42.000 -4.054 0.503527 0.479793
V 104.000 42.000 -4.101 0.504215 0.479787
V 105.500 42.000 -4.162 0.504904 0.479782
V 107.000 42.000 -4.218 0.505592 0.479776
V 108.500 42.000 -4.305 0.506280 0.479771
V 110.000 42.000 -4.433 0.506969 0.479765
V 111.500 42.000 -4.627 0.507657 0.479760
V 113.000 42.000 -4.886 0.508346 0.479754
V 114.500 42.000 -5.168 0.509034 0.479748
V 116.000 42.000 -5.453 0.509722 0.479743
V 117.500 42.000 -5.707 0.510411 0.479737
V 119.000 42.000 -5.934 0.511099 0.479732
V 120.500 42.000 -6.136 0.511787 0.479726
V 122.000 42.000 -6.336 0.512476 0.479721
V 123.500 42.000 -6.511 0.513164 0.479715
V 125.000 42.000 -6.654 0.513852 0.479709
V 126.500 42.000 -6.784 0.514541 0.479704
V 128.000 42.000 -6.954 0.515229 0.479698
V 129.500 42.000 -7.206 0.515918 0.479693
V 131.000 42.000 -7.284 0.516606 0.479687
V 132.500 42.000 -6.858 0.517294 0.479682
V 38.000 43.500 5.318 0.473933 0.480724
V 39.500 43.500 5.443 0.474621 0.480718
V 41.000 43.500 5.469 0.475310 0.480713
V 44.000 43.500 5.231 0.476686 0.480701
V 45.500 43.500 4.939 0.477375 0.480696
V 47.000 43.500 4.606 0.478063 0.480690
V 50.000 43.500 4.109 0.479440 0.480679
V 51.500 43.500 3.960 0.480128 0.480674
V 53.000 43.500 3.854 0.480816 0.480668
V 54.500 43.500 3.770 0.481505 0.480662
V 56.000 43.500 3.692 0.482193 0.480657
V 57.500 43.500 3.595 0.482882 0.480651
V 59.000 43.500 3.443 0.483570 0.480646
V 60.500 43.500 3.286 0.484258 0.480640
V 62.000 43.500 3.030 0.484947 0.480635
V 63.500 43.500 2.668 0.485635 0.480629
V 65.000 43.500 2.298 0.486323 0.480624
V 66.500 43.500 1.947 0.487012 0.480618
V 68.000 43.500 1.659 0.487700 0.480612
V 69.500 43.500 1.485 0.488388 0.480607
V 71.000 43.500 1.383 0.489077 0.480601
V 72.500 43.500 1.321 0.489765 0.480596
V 74.000 43.500 1.277 0.490454 0.480590
V 75.500 43.500 1.226 0.491142 0.480585
V 77.000 43.500 1.199 0.491830 0.480579
V 78.500 43.500 1.097 0.492519 0.480573
V 80.000 43.500 0.904 0.493207 0.480568
V 81.500 43.500 0.601 0.493895 0.480562
V 83.000 43.500 0.174 0.494584 0.480557
V 84.500 43.500 -0.332 0.495272 0.480551
V 86.000 43.500 -0.892 0.495960 0.480546
V 87.500 43.500 -1.486 0.496649 0.480540
V 89.000 43.500 -2.093 0.497337 0.480534
V 92.000 43.500 -3.262 0.498714 0.480523
V 93.500 43.500 -3.762 0.499402 0.480518
V 95.000 43.500 -4.121 0.500091 0.480512
V 96.500 43.500 -4.222 0.500779 0.480507
V 98.000 43.500 -4.053 0.501467 0.480501
V 99.500 43.500 -3.994 0.502156 0.480495
V 101.000 43.500 -3.949 0.502844 0.480490
V 102.500 43.500 -3.903 0.503533 0.480484
V 104.000 43.500 -3.867 0.504221 0.480479
V 105.500 43.500 -3.847 0.504909 0.480473
V 107.000 43.500 -3.855 0.505598 0.480468
V 108.500 43.500 -3.914 0.506286 0.480462
V 110.000 43.500 -4.033 0.506974 0.480456
V 111.500 43.500 -4.238 0.507663 0.480451
V 113.000 43.500 -4.529 0.508351 0.480445
V 114.500 43.500 -4.853 0.509039 0.480440
V 116.000 43.500 -5.159 0.509728 0.480434
V 117.500 43.500 -5.439 0.510416 0.480429
V 119.000 43.500 -5.698 0.511105 0.480423
V 120.500 43.500 -5.936 0.511793 0.480417
V 122.000 43.500 -6.151 0.512481 0.480412
V 123.500 43.500 -6.352 0.513170 0.480406
V 125.000 43.500 -6.559 0.513858 0.480401
V 126.500 43.500 -6.845 0.514546 0.480395
V 128.000 43.500 -7.194 0.515235 0.480390
V 129.500 43.500 -7.518 0.515923 0.480384
V 131.000 43.500 -7.540 0.516611 0.480378
V 132.500 43.500 -7.022 0.517300 0.480373
V 134.000 43.500 -6.879 0.517988 0.480367
V 38.000 45.000 5.465 0.473938 0.481415
V 39.500 45.000 5.516 0.474627 0.481409
V 41.000 45.000 5.520 0.475315 0.481404
V 42.500 45.000 5.426 0.476003 0.481398
V 44.000 45.000 5.238 0.476692 0.481393
V 45.500 45.000 4.956 0.477380 0.481387
V 47.000 45.000 4.606 0.478069 0.481382
V 48.500 45.000 4.277 0.478757 0.481376
V 50.000 45.000 4.074 0.479445 0.481370
V 51.500 45.000 3.911 0.480134 0.481365
V 53.000 45.000 3.798 0.480822 0.481359
V 54.500 45.000 3.706 0.481510 0.481354
V 56.000 45.000 3.618 0.482199 0.481348
V 57.500 45.000 3.516 0.482887 0.481343
V 59.000 45.000 3.383 0.483575 0.481337
V 60.500 45.000 3.193 0.484264 0.481331
V 62.000 45.000 2.924 0.484952 0.481326
V 63.500 45.000 2.617 0.485641 0.481320
V 65.000 45.000 2.297 0.486329 0.481315
V 66.500 45.000 1.989 0.487017 0.481309
V 68.000 45.000 1.715 0.487706 0.481304
V 69.500 45.000 1.517 0.488394 0.481298
V 71.000 45.000 1.385 0.489082 0.481293
V 72.500 45.000 1.299 0.489771 0.481287
V 74.000 45.000 1.241 0.490459 0.481281
V 75.500 45.000 1.190 0.491147 0.481276
V 78.500 45.000 0.988 0.492524 0.481265
V 80.000 45.000 0.772 0.493213 0.481259
V 81.500 45.000 0.450 0.493901 0.481254
V 83.000 45.000 0.000 0.494589 0.481248
V 84.500 45.000 -0.536 0.495278 0.481242
V 86.000 45.000 -1.119 0.495966 0.481237
V 87.500 45.000 -1.721 0.496654 0.481231
V 89.000 45.000 -2.323 0.497343 0.481226
V 90.500 45.000 -2.927 0.498031 0.481220
V 92.000 45.000 -3.459 0.498719 0.481215
V 93.500 45.000 -3.949 0.499408 0.481209
V 95.000 45.000 -4.286 0.500096 0.481203
V 96.500 45.000 -4.393 0.500785 0.481198
V 98.000 45.000 -4.281 0.501473 0.481192
V 99.500 45.000 -3.980 0.502161 0.481187
V 101.000 45.000 -3.851 0.502850 0.481181
V 102.500 45.000 -3.724 0.503538 0.481176
V 104.000 45.000 -3.605 0.504226 0.481170
V 105.500 45.000 -3.499 0.504915 0.481164
V 107.000 45.000 -3.480 0.505603 0.481159
V 108.500 45.000 -3.537 0.506292 0.481153
V 110.000 45.000 -3.663 0.506980 0.481148
V 111.500 45.000 -3.875 0.507668 0.481142
V 113.000 45.000 -4.198 0.508357 0.481137
V 114.500 45.000 -4.551 0.509045 0.481131
V 116.000 45.000 -4.881 0.509733 0.481125
V 117.500 45.000 -5.191 0.510422 0.481120
V 119.000 45.000 -5.480 0.511110 0.481114
V 120.500 45.000 -5.758 0.511798 0.481109
V 122.000 45.000 -6.012 0.512487 0.481103
V 123.500 45.000 -6.265 0.513175 0.481098
V 125.000 45.000 -6.619 0.513864 0.481092
V 126.500 45.000 -7.020 0.514552 0.481086
V 128.000 45.000 -7.438 0.515240 0.481081
V 129.500 45.000 -7.784 0.515929 0.481075
V 131.000 45.000 -7.764 0.516617 0.481070
V 132.500 45.000 -7.264 0.517305 0.481064
V 134.000 45.000 -6.745 0.517994 0.481059
V 38.000 46.500 5.538 0.473944 0.482106
V 39.500 46.500 5.570 0.474632 0.482101
V 41.000 46.500 5.536 0.475321 0.482095
V 42.500 46.500 5.397 0.476009 0.482090
V 44.000 46.500 5.189 0.476697 0.482084
V 45.500 46.500 4.909 0.477386 0.482078
V 47.000 46.500 4.544 0.478074 0.482073
V 48.500 46.500 4.258 0.478762 0.482067
V 50.000 46.500 4.078 0.479451 0.482062
V 51.500 46.500 3.926 0.480139 0.482056
V 53.000 46.500 3.801 0.480828 0.482051
V 54.500 46.500 3.713 0.481516 0.482045
V 56.000 46.500 3.623 0.482204 0.482039
V 57.500 46.500 3.506 0.482893 0.482034
V 59.000 46.500 3.360 0.483581 0.482028
V 60.500 46.500 3.177 0.484269 0.482023
V 62.000 46.500 2.967 0.484958 0.482017
V 63.500 46.500 2.719 0.485646 0.482012
V 65.000 46.500 2.427 0.486334 0.482006
V 66.500 46.500 2.127 0.487023 0.482000
V 68.000 46.500 1.857 0.487711 0.481995
V 69.500 46.500 1.614 0.488400 0.481989
V 71.000 46.500 1.417 0.489088 0.481984
V 72.500 46.500 1.300 0.489776 0.481978
V 74.000 46.500 1.220 0.490465 0.481973
V 75.500 46.500 1.141 0.491153 0.481967
V 77.000 46.500 1.020 0.491841 0.481961
V 78.500 46.500 0.853 0.492530 0.481956
V 80.000 46.500 0.607 0.493218 0.481950
V 81.500 46.500 0.258 0.493906 0.481945
V 83.000 46.500 -0.214 0.494595 0.481939
V 84.500 46.500 -0.770 0.495283 0.481934
V 86.000 46.500 -1.350 0.495972 0.481928
V 87.500 46.500 -1.952 0.496660 0.481923
V 89.000 46.500 -2.569 0.497348 0.481917
V 90.500 46.500 -3.151 0.498037 0.481911
V 92.000 46.500 -3.610 0.498725 0.481906
V 93.500 46.500 -4.040 0.499413 0.481900
V 95.000 46.500 -4.337 0.500102 0.481895
V 96.500 46.500 -4.365 0.500790 0.481889
V 98.000 46.500 -4.233 0.501479 0.481884
V 99.500 46.500 -3.993 0.502167 0.481878
V 101.000 46.500 -3.694 0.502855 0.481872
V 102.500 46.500 -3.480 0.503544 0.481867
V 104.000 46.500 -3.265 0.504232 0.481861
V 105.500 46.500 -3.114 0.504920 0.481856
V 107.000 46.500 -3.091 0.505609 0.481850
V 108.500 46.500 -3.144 0.506297 0.481845
V 110.000 46.500 -3.287 0.506985 0.481839
V 111.500 46.500 -3.538 0.507674 0.481833
V 113.000 46.500 -3.907 0.508362 0.481828
V 114.500 46.500 -4.396 0.509051 0.481822
V 116.000 46.500 -4.819 0.509739 0.481817
V 117.500 46.500 -5.201 0.510427 0.481811
V 119.000 46.500 -5.544 0.511116 0.481806
V 120.500 46.500 -5.782 0.511804 0.481800
V 122.000 46.500 -5.794 0.512492 0.481794
V 123.500 46.500 -6.029 0.513181 0.481789
V 125.000 46.500 -6.598 0.513869 0.481783
V 126.500 46.500 -7.095 0.514557 0.481778
V 128.000 46.500 -7.569 0.515246 0.481772
V 129.500 46.500 -7.951 0.515934 0.481767
V 131.000 46.500 -7.921 0.516623 0.481761
V 132.500 46.500 -7.532 0.517311 0.481755
V 134.000 46.500 -6.964 0.517999 0.481750
V 135.500 46.500 -6.870 0.518688 0.481744
V 36.500 48.000 5.561 0.473261 0.482803
V 38.000 48.000 5.600 0.473949 0.482798
V 39.500 48.000 5.596 0.474638 0.482792
V 41.000 48.000 5.513 0.475326 0.482786
V 42.500 48.000 5.334 0.476015 0.482781
V 44.000 48.000 5.109 0.476703 0.482775
V 45.500 48.000 4.846 0.477391 0.482770
V 47.000 48.000 4.494 0.478080 0.482764
V 48.500 48.000 4.258 0.478768 0.482759
V 50.000 48.000 4.098 0.479456 0.482753
V 51.500 48.000 3.965 0.480145 0.482747
V 53.000 48.000 3.852 0.480833 0.482742
V 56.000 48.000 3.655 0.482210 0.482731
V 57.500 48.000 3.533 0.482898 0.482725
V 59.000 48.000 3.387 0.483587 0.482720
V 60.500 48.000 3.195 0.484275 0.482714
V 62.000 48.000 3.001 0.484963 0.482708
V 63.500 48.000 2.782 0.485652 0.482703
V 65.000 48.000 2.540 0.486340 0.482697
V 68.000 48.000 2.031 0.487717 0.482686
V 69.500 48.000 1.794 0.488405 0.482681
V 71.000 48.000 1.556 0.489093 0.482675
V 72.500 48.000 1.340 0.489782 0.482669
V 74.000 48.000 1.208 0.490470 0.482664
V 75.500 48.000 1.082 0.491159 0.482658
V 77.000 48.000 0.903 0.491847 0.482653
V 78.500 48.000 0.682 0.492535 0.482647
V 80.000 48.000 0.391 0.493224 0.482642
V 81.500 48.000 0.010 0.493912 0.482636
V 83.000 48.000 -0.483 0.494600 0.482630
V 84.500 48.000 -1.035 0.495289 0.482625
V 86.000 48.000 -1.629 0.495977 0.482619
V 87.500 48.000 -2.234 0.496665 0.482614
V 89.000 48.000 -2.816 0.497354 0.482608
V 90.500 48.000 -3.339 0.498042 0.482603
V 92.000 48.000 -3.752 0.498731 0.482597
V 93.500 48.000 -4.048 0.499419 0.482592
V 95.000 48.000 -4.275 0.500107 0.482586
V 96.500 48.000 -4.212 0.500796 0.482580
V 98.000 48.000 -4.002 0.501484 0.482575
V 99.500 48.000 -3.733 0.502172 0.482569
V 101.000 48.000 -3.458 0.502861 0.482564
V 102.500 48.000 -3.167 0.503549 0.482558
V 104.000 48.000 -2.884 0.504238 0.482553
V 105.500 48.000 -2.721 0.504926 0.482547
V 107.000 48.000 -2.695 0.505614 0.482541
V 108.500 48.000 -2.758 0.506303 0.482536
V 110.000 48.000 -2.911 0.506991 0.482530
V 111.500 48.000 -3.156 0.507679 0.482525
V 113.000 48.000 -3.574 0.508368 0.482519
V 114.500 48.000 -4.176 0.509056 0.482514
V 116.000 48.000 -4.734 0.509744 0.482508
V 117.500 48.000 -5.154 0.510433 0.482502
V 119.000 48.000 -5.444 0.511121 0.482497
V 120.500 48.000 -5.481 0.511810 0.482491
V 122.000 48.000 -5.419 0.512498 0.482486
V 123.500 48.000 -5.620 0.513186 0.482480
V 125.000 48.000 -6.226 0.513875 0.482475
V 126.500 48.000 -6.952 0.514563 0.482469
V 128.000 48.000 -7.542 0.515251 0.482463
V 129.500 48.000 -7.959 0.515940 0.482458
V 131.000 48.000 -7.988 0.516628 0.482452
V 132.500 48.000 -7.711 0.517316 0.482447
V 134.000 48.000 -7.240 0.518005 0.482441
V 35.000 49.500 5.622 0.472578 0.483500
V 36.500 49.500 5.635 0.473267 0.483494
V 38.000 49.500 5.654 0.473955 0.483489
V 39.500 49.500 5.599 0.474643 0.483483
V 41.000 49.500 5.458 0.475332 0.483478
V 42.500 49.500 5.250 0.476020 0.483472
V 44.000 49.500 5.017 0.476708 0.483467
V 45.500 49.500 4.774 0.477397 0.483461
V 47.000 49.500 4.462 0.478085 0.483455
V 48.500 49.500 4.271 0.478774 0.483450
V 50.000 49.500 4.129 0.479462 0.483444
V 51.500 49.500 4.008 0.480150 0.483439
V 53.000 49.500 3.916 0.480839 0.483433
V 54.500 49.500 3.834 0.481527 0.483428
V 56.000 49.500 3.738 0.482215 0.483422
V 57.500 49.500 3.605 0.482904 0.483416
V 59.000 49.500 3.443 0.483592 0.483411
V 60.500 49.500 3.241 0.484280 0.483405
V 62.000 49.500 3.063 0.484969 0.483400
V 63.500 49.500 2.867 0.485657 0.483394
V 65.000 49.500 2.641 0.486346 0.483389
V 66.500 49.500 2.374 0.487034 0.483383
V 68.000 49.500 2.129 0.487722 0.483377
V 69.500 49.500 1.905 0.488411 0.483372
V 71.000 49.500 1.695 0.489099 0.483366
V 72.500 49.500 1.461 0.489787 0.483361
V 74.000 49.500 1.210 0.490476 0.483355
V 75.500 49.500 1.016 0.491164 0.483350
V 77.000 49.500 0.776 0.491852 0.483344
V 78.500 49.500 0.493 0.492541 0.483338
V 80.000 49.500 0.140 0.493229 0.483333
V 81.500 49.500 -0.300 0.493918 0.483327
V 83.000 49.500 -0.821 0.494606 0.483322
V 84.500 49.500 -1.349 0.495294 0.483316
V 86.000 49.500 -1.922 0.495983 0.483311
V 87.500 49.500 -2.487 0.496671 0.483305
V 89.000 49.500 -3.011 0.497359 0.483299
V 90.500 49.500 -3.462 0.498048 0.483294
V 92.000 49.500 -3.811 0.498736 0.483288
V 93.500 49.500 -4.014 0.499424 0.483283
V 95.000 49.500 -4.112 0.500113 0.483277
V 96.500 49.500 -3.961 0.500801 0.483272
V 98.000 49.500 -3.736 0.501490 0.483266
V 99.500 49.500 -3.470 0.502178 0.483260
V 101.000 49.500 -3.159 0.502866 0.483255
V 102.500 49.500 -2.864 0.503555 0.483249
V 104.000 49.500 -2.546 0.504243 0.483244
V 107.000 49.500 -2.293 0.505620 0.483233
V 108.500 49.500 -2.321 0.506308 0.483227
V 110.000 49.500 -2.452 0.506997 0.483222
V 113.000 49.500 -3.175 0.508373 0.483210
V 114.500 49.500 -3.731 0.509062 0.483205
V 116.000 49.500 -4.277 0.509750 0.483199
V 119.000 49.500 -4.862 0.511127 0.483188
V 120.500 49.500 -4.863 0.511815 0.483183
V 122.000 49.500 -4.882 0.512503 0.483177
V 125.000 49.500 -5.684 0.513880 0.483166
V 126.500 49.500 -6.460 0.514569 0.483160
V 128.000 49.500 -7.232 0.515257 0.483155
V 129.500 49.500 -7.803 0.515945 0.483149
V 131.000 49.500 -7.977 0.516634 0.483144
V 132.500 49.500 -7.827 0.517322 0.483138
V 134.000 49.500 -7.471 0.518010 0.483132
V 135.500 49.500 -6.961 0.518699 0.483127
V 137.000 49.500 -6.823 0.519387 0.483121
V 33.500 51.000 5.724 0.471895 0.484197
V 35.000 51.000 5.704 0.472584 0.484191
V 36.500 51.000 5.712 0.473272 0.484186
V 38.000 51.000 5.685 0.473960 0.484180
V 41.000 51.000 5.394 0.475337 0.484169
V 42.500 51.000 5.168 0.476026 0.484163
V 44.000 51.000 4.926 0.476714 0.484158
V 45.500 51.000 4.695 0.477402 0.484152
V 47.000 51.000 4.450 0.478091 0.484147
V 48.500 51.000 4.287 0.478779 0.484141
V 50.000 51.000 4.153 0.479467 0.484136
V 51.500 51.000 4.064 0.480156 0.484130
V 53.000 51.000 3.987 0.480844 0.484124
V 54.500 51.000 3.912 0.481533 0.484119
V 56.000 51.000 3.831 0.482221 0.484113
V 57.500 51.000 3.695 0.482909 0.484108
V 59.000 51.000 3.511 0.483598 0.484102
V 60.500 51.000 3.300 0.484286 0.484097
V 62.000 51.000 3.137 0.484974 0.484091
V 63.500 51.000 2.946 0.485663 0.484085
V 65.000 51.000 2.685 0.486351 0.484080
V 66.500 51.000 2.407 0.487039 0.484074
V 68.000 51.000 2.163 0.487728 0.484069
V 69.500 51.000 1.932 0.488416 0.484063
V 71.000 51.000 1.706 0.489105 0.484058
V 72.500 51.000 1.474 0.489793 0.484052
V 74.000 51.000 1.225 0.490481 0.484046
V 77.000 51.000 0.637 0.491858 0.484035
V 78.500 51.000 0.268 0.492546 0.484030
V 80.000 51.000 -0.174 0.493235 0.484024
V 81.500 51.000 -0.699 0.493923 0.484019
V 83.000 51.000 -1.200 0.494611 0.484013
V 84.500 51.000 -1.789 0.495300 0.484007
V 86.000 51.000 -2.255 0.495988 0.484002
V 87.500 51.000 -2.702 0.496677 0.483996
V 89.000 51.000 -3.125 0.497365 0.483991
V 90.500 51.000 -3.490 0.498053 0.483985
V 92.000 51.000 -3.760 0.498742 0.483980
V 93.500 51.000 -3.898 0.499430 0.483974
V 95.000 51.000 -3.862 0.500118 0.483968
V 96.500 51.000 -3.694 0.500807 0.483963
V 98.000 51.000 -3.450 0.501495 0.483957
V 99.500 51.000 -3.151 0.502184 0.483952
V 101.000 51.000 -2.823 0.502872 0.483946
V 102.500 51.000 -2.511 0.503560 0.483941
V 104.000 51.000 -2.273 0.504249 0.483935
V 105.500 51.000 -1.975 0.504937 0.483929
V 107.000 51.000 -1.914 0.505625 0.483924
V 108.500 51.000 -1.948 0.506314 0.483918
V 110.000 51.000 -2.046 0.507002 0.483913
V 111.500 51.000 -2.273 0.507690 0.483907
V 113.000 51.000 -2.663 0.508379 0.483902
V 114.500 51.000 -3.166 0.509067 0.483896
V 116.000 51.000 -3.609 0.509756 0.483891
V 117.500 51.000 -3.934 0.510444 0.483885
V 119.000 51.000 -4.002 0.511132 0.483879
V 120.500 51.000 -3.998 0.511821 0.483874
V 122.000 51.000 -4.187 0.512509 0.483868
V 123.500 51.000 -4.523 0.513197 0.483863
V 125.000 51.000 -5.012 0.513886 0.483857
V 126.500 51.000 -5.821 0.514574 0.483852
V 128.000 51.000 -6.701 0.515262 0.483846
V 129.500 51.000 -7.430 0.515951 0.483840
V 131.000 51.000 -7.892 0.516639 0.483835
V 132.500 51.000 -7.888 0.517328 0.483829
V 134.000 51.000 -7.626 0.518016 0.483824
V 135.500 51.000 -7.180 0.518704 0.483818
V 137.000 51.000 -6.724 0.519393 0.483813
V 32.000 52.500 5.866 0.471213 0.484894
V 33.500 52.500 5.815 0.471901 0.484888
V 35.000 52.500 5.801 0.472589 0.484882
V 36.500 52.500 5.788 0.473278 0.484877
V 38.000 52.500 5.687 0.473966 0.484871
V 39.500 52.500 5.529 0.474654 0.484866
V 41.000 52.500 5.339 0.475343 0.484860
V 42.500 52.500 5.108 0.476031 0.484855
V 44.000 52.500 4.861 0.476720 0.484849
V 45.500 52.500 4.629 0.477408 0.484843
V 47.000 52.500 4.438 0.478096 0.484838
V 48.500 52.500 4.296 0.478785 0.484832
V 50.000 52.500 4.200 0.479473 0.484827
V 51.500 52.500 4.132 0.480161 0.484821
V 53.000 52.500 4.060 0.480850 0.484816
V 54.500 52.500 3.988 0.481538 0.484810
V 56.000 52.500 3.900 0.482226 0.484805
V 57.500 52.500 3.777 0.482915 0.484799
V 59.000 52.500 3.576 0.483603 0.484793
V 60.500 52.500 3.356 0.484292 0.484788
V 62.000 52.500 3.195 0.484980 0.484782
V 63.500 52.500 2.962 0.485668 0.484777
V 65.000 52.500 2.662 0.486357 0.484771
V 66.500 52.500 2.378 0.487045 0.484766
V 68.000 52.500 2.132 0.487733 0.484760
V 69.500 52.500 1.904 0.488422 0.484754
V 71.000 52.500 1.675 0.489110 0.484749
V 72.500 52.500 1.426 0.489798 0.484743
V 74.000 52.500 1.162 0.490487 0.484738
V 75.500 52.500 0.899 0.491175 0.484732
V 77.000 52.500 0.433 0.491864 0.484727
V 78.500 52.500 -0.031 0.492552 0.484721
V 80.000 52.500 -0.549 0.493240 0.484715
V 81.500 52.500 -1.130 0.493929 0.484710
V 83.000 52.500 -1.535 0.494617 0.484704
V 84.500 52.500 -2.211 0.495305 0.484699
V 86.000 52.500 -2.677 0.495994 0.484693
V 87.500 52.500 -3.043 0.496682 0.484688
V 89.000 52.500 -3.346 0.497370 0.484682
V 90.500 52.500 -3.582 0.498059 0.484676
V 92.000 52.500 -3.706 0.498747 0.484671
V 93.500 52.500 -3.676 0.499436 0.484665
V 95.000 52.500 -3.489 0.500124 0.484660
V 96.500 52.500 -3.343 0.500812 0.484654
V 98.000 52.500 -3.098 0.501501 0.484649
V 99.500 52.500 -2.788 0.502189 0.484643
V 101.000 52.500 -2.465 0.502877 0.484637
V 102.500 52.500 -2.152 0.503566 0.484632
V 104.000 52.500 -1.902 0.504254 0.484626
V 105.500 52.500 -1.670 0.504943 0.484621
V 107.000 52.500 -1.578 0.505631 0.484615
V 108.500 52.500 -1.581 0.506319 0.484610
V 110.000 52.500 -1.658 0.507008 0.484604
V 111.500 52.500 -1.810 0.507696 0.484598
V 113.000 52.500 -2.112 0.508384 0.484593
V 114.500 52.500 -2.453 0.509073 0.484587
V 116.000 52.500 -2.799 0.509761 0.484582
V 117.500 52.500 -3.058 0.510449 0.484576
V 119.000 52.500 -3.104 0.511138 0.484571
V 120.500 52.500 -3.319 0.511826 0.484565
V 122.000 52.500 -3.616 0.512515 0.484559
V 123.500 52.500 -3.936 0.513203 0.484554
V 125.000 52.500 -4.322 0.513891 0.484548
V 126.500 52.500 -5.062 0.514580 0.484543
V 128.000 52.500 -5.995 0.515268 0.484537
V 129.500 52.500 -6.815 0.515956 0.484532
V 131.000 52.500 -7.513 0.516645 0.484526
V 132.500 52.500 -7.716 0.517333 0.484521
V 134.000 52.500 -7.597 0.518021 0.484515
V 135.500 52.500 -7.288 0.518710 0.484509
V 137.000 52.500 -6.919 0.519398 0.484504
V 138.500 52.500 -6.777 0.520087 0.484498
V 32.000 54.000 5.945 0.471218 0.485585
V 33.500 54.000 5.927 0.471906 0.485579
V 35.000 54.000 5.918 0.472595 0.485574
V 36.500 54.000 5.812 0.473283 0.485568
V 38.000 54.000 5.629 0.473972 0.485563
V 39.500 54.000 5.451 0.474660 0.485557
V 41.000 54.000 5.253 0.475348 0.485551
V 42.500 54.000 5.022 0.476037 0.485546
V 44.000 54.000 4.786 0.476725 0.485540
V 45.500 54.000 4.584 0.477413 0.485535
V 47.000 54.000 4.436 0.478102 0.485529
V 48.500 54.000 4.328 0.478790 0.485524
V 50.000 54.000 4.256 0.479479 0.485518
V 51.500 54.000 4.193 0.480167 0.485512
V 53.000 54.000 4.131 0.480855 0.485507
V 54.500 54.000 4.058 0.481544 0.485501
V 56.000 54.000 3.954 0.482232 0.485496
V 57.500 54.000 3.828 0.482920 0.485490
V 59.000 54.000 3.619 0.483609 0.485485
V 60.500 54.000 3.392 0.484297 0.485479
V 62.000 54.000 3.198 0.484985 0.485474
V 63.500 54.000 2.900 0.485674 0.485468
V 65.000 54.000 2.575 0.486362 0.485462
V 66.500 54.000 2.283 0.487051 0.485457
V 68.000 54.000 2.033 0.487739 0.485451
V 69.500 54.000 1.803 0.488427 0.485446
V 71.000 54.000 1.559 0.489116 0.485440
V 72.500 54.000 1.377 0.489804 0.485435
V 74.000 54.000 1.206 0.490492 0.485429
V 75.500 54.000 0.850 0.491181 0.485423
V 77.000 54.000 0.251 0.491869 0.485418
V 78.500 54.000 -0.345 0.492557 0.485412
V 80.000 54.000 -0.906 0.493246 0.485407
V 81.500 54.000 -1.519 0.493934 0.485401
V 83.000 54.000 -1.948 0.494623 0.485396
V 84.500 54.000 -2.499 0.495311 0.485390
V 86.000 54.000 -2.978 0.495999 0.485384
V 87.500 54.000 -3.263 0.496688 0.485379
V 89.000 54.000 -3.444 0.497376 0.485373
V 90.500 54.000 -3.520 0.498064 0.485368
V 92.000 54.000 -3.449 0.498753 0.485362
V 93.500 54.000 -3.211 0.499441 0.485357
V 95.000 54.000 -2.879 0.500130 0.485351
V 96.500 54.000 -2.659 0.500818 0.485345
V 98.000 54.000 -2.493 0.501506 0.485340
V 99.500 54.000 -2.304 0.502195 0.485334
V 101.000 54.000 -2.062 0.502883 0.485329
V 102.500 54.000 -1.779 0.503571 0.485323
V 104.000 54.000 -1.526 0.504260 0.485318
V 105.500 54.000 -1.361 0.504948 0.485312
V 107.000 54.000 -1.270 0.505636 0.485306
V 108.500 54.000 -1.251 0.506325 0.485301
V 110.000 54.000 -1.265 0.507013 0.485295
V 113.000 54.000 -1.494 0.508390 0.485284
V 114.500 54.000 -1.700 0.509078 0.485279
V 116.000 54.000 -1.979 0.509767 0.485273
V 117.500 54.000 -2.222 0.510455 0.485267
V 119.000 54.000 -2.465 0.511143 0.485262
V 120.500 54.000 -2.738 0.511832 0.485256
V 122.000 54.000 -3.026 0.512520 0.485251
V 123.500 54.000 -3.345 0.513208 0.485245
V 125.000 54.000 -3.721 0.513897 0.485240
V 126.500 54.000 -4.275 0.514585 0.485234
V 128.000 54.000 -5.190 0.515274 0.485228
V 129.500 54.000 -6.068 0.515962 0.485223
V 131.000 54.000 -6.874 0.516650 0.485217
V 132.500 54.000 -7.269 0.517339 0.485212
V 134.000 54.000 -7.347 0.518027 0.485206
V 135.500 54.000 -7.225 0.518715 0.485201
V 137.000 54.000 -6.992 0.519404 0.485195
V 138.500 54.000 -6.773 0.520092 0.485190
V 30.500 55.500 6.081 0.470535 0.486282
V 32.000 55.500 6.052 0.471224 0.486276
V 33.500 55.500 6.084 0.471912 0.486271
V 35.000 55.500 5.966 0.472600 0.486265
V 36.500 55.500 5.760 0.473289 0.486259
V 38.000 55.500 5.539 0.473977 0.486254
V 39.500 55.500 5.350 0.474665 0.486248
V 41.000 55.500 5.143 0.475354 0.486243
V 42.500 55.500 4.914 0.476042 0.486237
V 44.000 55.500 4.711 0.476731 0.486232
V 45.500 55.500 4.562 0.477419 0.486226
V 47.000 55.500 4.451 0.478107 0.486220
V 48.500 55.500 4.368 0.478796 0.486215
V 50.000 55.500 4.306 0.479484 0.486209
V 51.500 55.500 4.250 0.480172 0.486204
V 53.000 55.500 4.192 0.480861 0.486198
V 54.500 55.500 4.110 0.481549 0.486193
V 56.000 55.500 3.991 0.482238 0.486187
V 57.500 55.500 3.833 0.482926 0.486181
V 59.000 55.500 3.625 0.483614 0.486176
V 60.500 55.500 3.388 0.484303 0.486170
V 62.000 55.500 3.113 0.484991 0.486165
V 63.500 55.500 2.766 0.485679 0.486159
V 65.000 55.500 2.432 0.486368 0.486154
V 66.500 55.500 2.127 0.487056 0.486148
V 69.500 55.500 1.668 0.488433 0.486137
V 71.000 55.500 1.515 0.489121 0.486131
V 72.500 55.500 1.365 0.489810 0.486126
V 74.000 55.500 1.158 0.490498 0.486120
V 75.500 55.500 0.738 0.491186 0.486115
V 77.000 55.500 0.108 0.491875 0.486109
V 78.500 55.500 -0.625 0.492563 0.486104
V 80.000 55.500 -1.225 0.493251 0.486098
V 81.500 55.500 -1.816 0.493940 0.486092
V 83.000 55.500 -2.310 0.494628 0.486087
V 84.500 55.500 -2.656 0.495316 0.486081
V 86.000 55.500 -3.134 0.496005 0.486076
V 87.500 55.500 -3.304 0.496693 0.486070
V 89.000 55.500 -3.327 0.497382 0.486065
V 90.500 55.500 -3.210 0.498070 0.486059
V 92.000 55.500 -2.942 0.498758 0.486053
V 93.500 55.500 -2.570 0.499447 0.486048
V 95.000 55.500 -2.163 0.500135 0.486042
V 96.500 55.500 -1.837 0.500823 0.486037
V 98.000 55.500 -1.641 0.501512 0.486031
V 99.500 55.500 -1.467 0.502200 0.486026
V 101.000 55.500 -1.302 0.502889 0.486020
V 102.500 55.500 -1.157 0.503577 0.486014
V 104.000 55.500 -1.042 0.504265 0.486009
V 107.000 55.500 -0.916 0.505642 0.485998
V 108.500 55.500 -0.868 0.506330 0.485992
V 110.000 55.500 -0.866 0.507019 0.485987
V 111.500 55.500 -0.929 0.507707 0.485981
V 113.000 55.500 -1.011 0.508395 0.485975
V 114.500 55.500 -1.150 0.509084 0.485970
V 116.000 55.500 -1.338 0.509772 0.485964
V 117.500 55.500 -1.597 0.510461 0.485959
V 119.000 55.500 -1.862 0.511149 0.485953
V 120.500 55.500 -2.134 0.511837 0.485948
V 122.000 55.500 -2.426 0.512526 0.485942
V 123.500 55.500 -2.754 0.513214 0.485936
V 125.000 55.500 -3.133 0.513902 0.485931
V 126.500 55.500 -3.587 0.514591 0.485925
V 128.000 55.500 -4.370 0.515279 0.485920
V 129.500 55.500 -5.265 0.515967 0.485914
V 131.000 55.500 -6.097 0.516656 0.485909
V 132.500 55.500 -6.637 0.517344 0.485903
V 134.000 55.500 -6.890 0.518033 0.485897
V 135.500 55.500 -6.943 0.518721 0.485892
V 137.000 55.500 -6.891 0.519409 0.485886
V 140.000 55.500 -6.785 0.520786 0.485875
V 29.000 57.000 6.218 0.469852 0.486979
V 30.500 57.000 6.174 0.470541 0.486973
V 32.000 57.000 6.255 0.471229 0.486967
V 33.500 57.000 6.130 0.471918 0.486962
V 35.000 57.000 5.918 0.472606 0.486956
V 36.500 57.000 5.677 0.473294 0.486951
V 38.000 57.000 5.429 0.473983 0.486945
V 39.500 57.000 5.233 0.474671 0.486940
V 41.000 57.000 5.021 0.475359 0.486934
V 42.500 57.000 4.818 0.476048 0.486928
V 44.000 57.000 4.666 0.476736 0.486923
V 45.500 57.000 4.555 0.477425 0.486917
V 47.000 57.000 4.468 0.478113 0.486912
V 48.500 57.000 4.397 0.478801 0.486906
V 50.000 57.000 4.341 0.479490 0.486901
V 51.500 57.000 4.272 0.480178 0.486895
V 53.000 57.000 4.199 0.480866 0.486889
V 54.500 57.000 4.109 0.481555 0.486884
V 56.000 57.000 3.984 0.482243 0.486878
V 57.500 57.000 3.807 0.482931 0.486873
V 59.000 57.000 3.577 0.483620 0.486867
V 60.500 57.000 3.301 0.484308 0.486862
V 62.000 57.000 2.959 0.484997 0.486856
V 63.500 57.000 2.610 0.485685 0.486850
V 65.000 57.000 2.260 0.486373 0.486845
V 66.500 57.000 1.922 0.487062 0.486839
V 68.000 57.000 1.627 0.487750 0.486834
V 69.500 57.000 1.407 0.488438 0.486828
V 71.000 57.000 1.295 0.489127 0.486823
V 72.500 57.000 1.165 0.489815 0.486817
V 75.500 57.000 0.510 0.491192 0.486806
V 77.000 57.000 -0.101 0.491880 0.486800
V 78.500 57.000 -0.808 0.492569 0.486795
V 80.000 57.000 -1.513 0.493257 0.486789
V 81.500 57.000 -2.046 0.493945 0.486784
V 83.000 57.000 -2.558 0.494634 0.486778
V 84.500 57.000 -2.778 0.495322 0.486773
V 86.000 57.000 -3.118 0.496010 0.486767
V 89.000 57.000 -2.983 0.497387 0.486756
V 90.500 57.000 -2.685 0.498075 0.486750
V 92.000 57.000 -2.309 0.498764 0.486745
V 93.500 57.000 -1.888 0.499452 0.486739
V 95.000 57.000 -1.457 0.500141 0.486734
V 96.500 57.000 -1.061 0.500829 0.486728
V 98.000 57.000 -0.795 0.501517 0.486722
V 99.500 57.000 -0.617 0.502206 0.486717
V 101.000 57.000 -0.482 0.502894 0.486711
V 102.500 57.000 -0.429 0.503582 0.486706
V 104.000 57.000 -0.467 0.504271 0.486700
V 105.500 57.000 -0.567 0.504959 0.486695
V 107.000 57.000 -0.583 0.505648 0.486689
V 108.500 57.000 -0.549 0.506336 0.486683
V 110.000 57.000 -0.568 0.507024 0.486678
V 111.500 57.000 -0.574 0.507713 0.486672
V 113.000 57.000 -0.597 0.508401 0.486667
V 114.500 57.000 -0.704 0.509089 0.486661
V 116.000 57.000 -0.851 0.509778 0.486656
V 117.500 57.000 -1.109 0.510466 0.486650
V 119.000 57.000 -1.413 0.511154 0.486644
V 120.500 57.000 -1.621 0.511843 0.486639
V 122.000 57.000 -1.862 0.512531 0.486633
V 123.500 57.000 -2.175 0.513220 0.486628
V 125.000 57.000 -2.561 0.513908 0.486622
V 126.500 57.000 -3.016 0.514596 0.486617
V 128.000 57.000 -3.620 0.515285 0.486611
V 129.500 57.000 -4.442 0.515973 0.486605
V 131.000 57.000 -5.217 0.516661 0.486600
V 132.500 57.000 -5.888 0.517350 0.486594
V 134.000 57.000 -6.375 0.518038 0.486589
V 135.500 57.000 -6.561 0.518726 0.486583
V 137.000 57.000 -6.643 0.519415 0.486578
V 138.500 57.000 -6.726 0.520103 0.486572
V 140.000 57.000 -6.774 0.520792 0.486566
V 27.500 58.500 6.357 0.469170 0.487675
V 29.000 58.500 6.321 0.469858 0.487670
V 30.500 58.500 6.302 0.470546 0.487664
V 32.000 58.500 6.171 0.471235 0.487659
V 33.500 58.500 5.994 0.471923 0.487653
V 35.000 58.500 5.790 0.472611 0.487648
V 36.500 58.500 5.556 0.473300 0.487642
V 38.000 58.500 5.305 0.473988 0.487636
V 39.500 58.500 5.105 0.474677 0.487631
V 41.000 58.500 4.906 0.475365 0.487625
V 42.500 58.500 4.752 0.476053 0.487620
V 44.000 58.500 4.636 0.476742 0.487614
V 45.500 58.500 4.540 0.477430 0.487609
V 47.000 58.500 4.469 0.478118 0.487603
V 48.500 58.500 4.417 0.478807 0.487597
V 50.000 58.500 4.364 0.479495 0.487592
V 51.500 58.500 4.280 0.480184 0.487586
V 53.000 58.500 4.172 0.480872 0.487581
V 54.500 58.500 4.051 0.481560 0.487575
V 56.000 58.500 3.902 0.482249 0.487570
V 57.500 58.500 3.710 0.482937 0.487564
V 60.500 58.500 3.142 0.484314 0.487553
V 62.000 58.500 2.784 0.485002 0.487547
V 63.500 58.500 2.405 0.485690 0.487542
V 65.000 58.500 2.026 0.486379 0.487536
V 66.500 58.500 1.666 0.487067 0.487531
V 68.000 58.500 1.357 0.487756 0.487525
V 69.500 58.500 1.118 0.488444 0.487519
V 71.000 58.500 0.986 0.489132 0.487514
V 72.500 58.500 0.869 0.489821 0.487508
V 74.000 58.500 0.660 0.490509 0.487503
V 75.500 58.500 0.260 0.491197 0.487497
V 77.000 58.500 -0.299 0.491886 0.487492
V 78.500 58.500 -0.974 0.492574 0.487486
V 80.000 58.500 -1.655 0.493262 0.487480
V 81.500 58.500 -2.246 0.493951 0.487475
V 83.000 58.500 -2.646 0.494639 0.487469
V 84.500 58.500 -2.842 0.495328 0.487464
V 86.000 58.500 -2.994 0.496016 0.487458
V 87.500 58.500 -2.777 0.496704 0.487453
V 89.000 58.500 -2.499 0.497393 0.487447
V 90.500 58.500 -2.150 0.498081 0.487442
V 92.000 58.500 -1.737 0.498769 0.487436
V 93.500 58.500 -1.291 0.499458 0.487430
V 95.000 58.500 -0.842 0.500146 0.487425
V 96.500 58.500 -0.437 0.500835 0.487419
V 98.000 58.500 -0.112 0.501523 0.487414
V 99.500 58.500 0.080 0.502211 0.487408
V 101.000 58.500 0.153 0.502900 0.487403
V 102.500 58.500 0.097 0.503588 0.487397
V 104.000 58.500 -0.038 0.504276 0.487391
V 105.500 58.500 -0.200 0.504965 0.487386
V 107.000 58.500 -0.287 0.505653 0.487380
V 108.500 58.500 -0.294 0.506341 0.487375
V 110.000 58.500 -0.291 0.507030 0.487369
V 111.500 58.500 -0.267 0.507718 0.487364
V 113.000 58.500 -0.268 0.508407 0.487358
V 114.500 58.500 -0.326 0.509095 0.487352
V 116.000 58.500 -0.465 0.509783 0.487347
V 117.500 58.500 -0.709 0.510472 0.487341
V 119.000 58.500 -1.081 0.511160 0.487336
V 120.500 58.500 -1.368 0.511848 0.487330
V 122.000 58.500 -1.577 0.512537 0.487325
V 123.500 58.500 -1.811 0.513225 0.487319
V 125.000 58.500 -2.116 0.513913 0.487313
V 126.500 58.500 -2.515 0.514602 0.487308
V 129.500 58.500 -3.660 0.515979 0.487297
V 131.000 58.500 -4.369 0.516667 0.487291
V 132.500 58.500 -5.112 0.517355 0.487286
V 134.000 58.500 -5.820 0.518044 0.487280
V 135.500 58.500 -6.243 0.518732 0.487274
V 137.000 58.500 -6.468 0.519420 0.487269
V 138.500 58.500 -6.677 0.520109 0.487263
V 140.000 58.500 -6.689 0.520797 0.487258
V 141.500 58.500 -6.827 0.521485 0.487252
V 35.000 60.000 5.579 0.472617 0.488339
V 36.500 60.000 5.387 0.473305 0.488333
V 38.000 60.000 5.170 0.473994 0.488328
V 39.500 60.000 4.975 0.474682 0.488322
V 41.000 60.000 4.817 0.475371 0.488317
V 42.500 60.000 4.691 0.476059 0.488311
V 44.000 60.000 4.596 0.476747 0.488305
V 45.500 60.000 4.527 0.477436 0.488300
V 47.000 60.000 4.478 0.478124 0.488294
V 48.500 60.000 4.430 0.478812 0.488289
V 50.000 60.000 4.373 0.479501 0.488283
V 51.500 60.000 4.287 0.480189 0.488278
V 53.000 60.000 4.133 0.480877 0.488272
V 54.500 60.000 3.972 0.481566 0.488266
V 56.000 60.000 3.786 0.482254 0.488261
V 57.500 60.000 3.556 0.482943 0.488255
V 59.000 60.000 3.246 0.483631 0.488250
V 60.500 60.000 2.902 0.484319 0.488244
V 62.000 60.000 2.544 0.485008 0.488239
V 63.500 60.000 2.164 0.485696 0.488233
V 65.000 60.000 1.777 0.486384 0.488227
V 66.500 60.000 1.411 0.487073 0.488222
V 68.000 60.000 1.091 0.487761 0.488216
V 69.500 60.000 0.848 0.488449 0.488211
V 71.000 60.000 0.710 0.489138 0.488205
V 72.500 60.000 0.586 0.489826 0.488200
V 74.000 60.000 0.381 0.490515 0.488194
V 75.500 60.000 -0.033 0.491203 0.488188
V 77.000 60.000 -0.560 0.491891 0.488183
V 78.500 60.000 -1.139 0.492580 0.488177
V 80.000 60.000 -1.723 0.493268 0.488172
V 81.500 60.000 -2.264 0.493956 0.488166
V 83.000 60.000 -2.661 0.494645 0.488161
V 84.500 60.000 -2.800 0.495333 0.488155
V 86.000 60.000 -2.725 0.496021 0.488149
V 87.500 60.000 -2.181 0.496710 0.488144
V 89.000 60.000 -1.787 0.497398 0.488138
V 90.500 60.000 -1.360 0.498087 0.488133
V 92.000 60.000 -0.914 0.498775 0.488127
V 93.500 60.000 -0.474 0.499463 0.488122
V 95.000 60.000 -0.079 0.500152 0.488116
V 96.500 60.000 0.224 0.500840 0.488110
V 98.000 60.000 0.384 0.501528 0.488105
V 99.500 60.000 0.493 0.502217 0.488099
V 101.000 60.000 0.492 0.502905 0.488094
V 102.500 60.000 0.390 0.503594 0.488088
V 104.000 60.000 0.238 0.504282 0.488083
V 105.500 60.000 0.085 0.504970 0.488077
V 108.500 60.000 -0.049 0.506347 0.488066
V 110.000 60.000 -0.035 0.507035 0.488060
V 111.500 60.000 -0.009 0.507724 0.488055
V 113.000 60.000 -0.000 0.508412 0.488049
V 114.500 60.000 -0.039 0.509100 0.488044
V 117.500 60.000 -0.400 0.510477 0.488033
V 119.000 60.000 -0.747 0.511166 0.488027
V 120.500 60.000 -1.136 0.511854 0.488021
V 122.000 60.000 -1.398 0.512542 0.488016
V 123.500 60.000 -1.620 0.513231 0.488010
V 125.000 60.000 -1.889 0.513919 0.488005
V 126.500 60.000 -2.252 0.514607 0.487999
V 128.000 60.000 -2.760 0.515296 0.487994
V 129.500 60.000 -3.383 0.515984 0.487988
V 131.000 60.000 -4.058 0.516672 0.487982
V 132.500 60.000 -4.742 0.517361 0.487977
V 134.000 60.000 -5.389 0.518049 0.487971
V 135.500 60.000 -6.018 0.518738 0.487966
V 137.000 60.000 -6.428 0.519426 0.487960
V 138.500 60.000 -6.699 0.520114 0.487955
V 140.000 60.000 -6.760 0.520803 0.487949
V 141.500 60.000 -6.743 0.521491 0.487943
V 143.000 60.000 -6.951 0.522179 0.487938
V 60.500 61.500 2.566 0.484325 0.488935
V 62.000 61.500 2.215 0.485013 0.488930
V 63.500 61.500 1.843 0.485702 0.488924
V 65.000 61.500 1.480 0.486390 0.488919
V 66.500 61.500 1.143 0.487078 0.488913
V 68.000 61.500 0.849 0.487767 0.488908
V 71.000 61.500 0.458 0.489143 0.488896
V 72.500 61.500 0.332 0.489832 0.488891
V 74.000 61.500 0.127 0.490520 0.488885
V 75.500 61.500 -0.301 0.491208 0.488880
V 77.000 61.500 -0.850 0.491897 0.488874
V 78.500 61.500 -1.416 0.492585 0.488869
V 80.000 61.500 -1.923 0.493274 0.488863
V 81.500 61.500 -2.322 0.493962 0.488857
V 83.000 61.500 -2.561 0.494650 0.488852
V 86.000 61.500 -2.233 0.496027 0.488841
V 87.500 61.500 -1.484 0.496715 0.488835
V 89.000 61.500 -0.979 0.497404 0.488830
V 90.500 61.500 -0.470 0.498092 0.488824
V 92.000 61.500 0.001 0.498780 0.488818
V 93.500 61.500 0.356 0.499469 0.488813
V 95.000 61.500 0.540 0.500157 0.488807
V 96.500 61.500 0.551 0.500846 0.488802
V 98.000 61.500 0.641 0.501534 0.488796
V 99.500 61.500 0.689 0.502222 0.488791
V 101.000 61.500 0.625 0.502911 0.488785
V 102.500 61.500 0.493 0.503599 0.488779
V 104.000 61.500 0.343 0.504287 0.488774
V 105.500 61.500 0.255 0.504976 0.488768
V 107.000 61.500 0.228 0.505664 0.488763
V 108.500 61.500 0.188 0.506353 0.488757
V 110.000 61.500 0.179 0.507041 0.488752
V 111.500 61.500 0.207 0.507729 0.488746
V 113.000 61.500 0.225 0.508418 0.488741
V 114.500 61.500 0.202 0.509106 0.488735
V 116.000 61.500 0.094 0.509794 0.488729
V 117.500 61.500 -0.157 0.510483 0.488724
V 119.000 61.500 -0.497 0.511171 0.488718
V 120.500 61.500 -0.865 0.511859 0.488713
V 123.500 61.500 -1.462 0.513236 0.488702
V 125.000 61.500 -1.756 0.513925 0.488696
V 126.500 61.500 -2.123 0.514613 0.488690
V 129.500 61.500 -3.242 0.515990 0.488679
V 131.000 61.500 -3.940 0.516678 0.488674
V 132.500 61.500 -4.667 0.517366 0.488668
V 134.000 61.500 -5.374 0.518055 0.488663
V 135.500 61.500 -6.013 0.518743 0.488657
V 137.000 61.500 -6.550 0.519431 0.488651
V 138.500 61.500 -6.779 0.520120 0.488646
V 140.000 61.500 -6.877 0.520808 0.488640
V 141.500 61.500 -6.862 0.521497 0.488635
V 143.000 61.500 -6.812 0.522185 0.488629
V 86.000 63.000 -1.572 0.496033 0.489532
V 87.500 63.000 -0.801 0.496721 0.489526
V 89.000 63.000 -0.193 0.497409 0.489521
V 90.500 63.000 0.294 0.498098 0.489515
V 92.000 63.000 0.579 0.498786 0.489510
V 93.500 63.000 0.672 0.499474 0.489504
V 95.000 63.000 0.639 0.500163 0.489499
V 96.500 63.000 0.675 0.500851 0.489493
V 98.000 63.000 0.765 0.501540 0.489487
V 99.500 63.000 0.766 0.502228 0.489482
V 101.000 63.000 0.674 0.502916 0.489476
V 102.500 63.000 0.553 0.503605 0.489471
V 104.000 63.000 0.502 0.504293 0.489465
V 105.500 63.000 0.502 0.504981 0.489460
V 107.000 63.000 0.479 0.505670 0.489454
V 108.500 63.000 0.444 0.506358 0.489448
V 110.000 63.000 0.400 0.507046 0.489443
V 111.500 63.000 0.397 0.507735 0.489437
V 113.000 63.000 0.419 0.508423 0.489432
V 114.500 63.000 0.407 0.509112 0.489426
V 116.000 63.000 0.301 0.509800 0.489421
V 117.500 63.000 0.036 0.510488 0.489415
V 119.000 63.000 -0.315 0.511177 0.489409
V 120.500 63.000 -0.673 0.511865 0.489404
V 122.000 63.000 -0.952 0.512553 0.489398
V 123.500 63.000 -1.194 0.513242 0.489393
V 125.000 63.000 -1.480 0.513930 0.489387
V 126.500 63.000 -1.857 0.514618 0.489382
V 128.000 63.000 -2.436 0.515307 0.489376
V 129.500 63.000 -3.081 0.515995 0.489371
V 131.000 63.000 -3.816 0.516684 0.489365
V 132.500 63.000 -4.590 0.517372 0.489359
V 134.000 63.000 -5.336 0.518060 0.489354
V 135.500 63.000 -6.163 0.518749 0.489348
V 137.000 63.000 -6.986 0.519437 0.489343
V 138.500 63.000 -7.155 0.520125 0.489337
V 140.000 63.000 -7.074 0.520814 0.489332
V 141.500 63.000 -6.943 0.521502 0.489326
V 143.000 63.000 -6.832 0.522190 0.489320
V 111.500 64.500 0.602 0.507740 0.490129
V 113.000 64.500 0.594 0.508429 0.490123
V 114.500 64.500 0.585 0.509117 0.490117
V 116.000 64.500 0.477 0.509805 0.490112
V 117.500 64.500 0.195 0.510494 0.490106
V 119.000 64.500 -0.148 0.511182 0.490101
V 120.500 64.500 -0.420 0.511871 0.490095
V 122.000 64.500 -0.624 0.512559 0.490090
V 123.500 64.500 -0.844 0.513247 0.490084
V 125.000 64.500 -1.114 0.513936 0.490078
V 126.500 64.500 -1.519 0.514624 0.490073
V 128.000 64.500 -2.164 0.515312 0.490067
V 129.500 64.500 -2.841 0.516001 0.490062
V 131.000 64.500 -3.600 0.516689 0.490056
V 132.500 64.500 -4.392 0.517377 0.490051
V 134.000 64.500 -5.201 0.518066 0.490045
V 135.500 64.500 -6.552 0.518754 0.490040
V 137.000 64.500 -7.223 0.519443 0.490034
V 138.500 64.500 -7.274 0.520131 0.490028
V 140.000 64.500 -7.072 0.520819 0.490023
V 141.500 64.500 -6.685 0.521508 0.490017
V 143.000 64.500 -6.326 0.522196 0.490012
V 144.500 64.500 -6.674 0.522884 0.490006
V 146.000 64.500 -6.797 0.523573 0.490001
V 138.500 66.000 -6.506 0.520136 0.490720
V 140.000 66.000 -5.927 0.520825 0.490714
V 141.500 66.000 -5.481 0.521513 0.490708
V 143.000 66.000 -5.990 0.522202 0.490703
V 144.500 66.000 -6.523 0.522890 0.490697
V 146.000 66.000 -6.628 0.523578 0.490692
V 147.500 66.000 -6.815 0.524267 0.490686
V 14.306 87.951 6.037 0.463224 0.501297
V 14.840 87.981 6.037 0.463469 0.501308
V 15.374 88.011 6.037 0.463714 0.501320
V 15.909 88.041 6.037 0.463959 0.501332
V 16.443 88.071 6.037 0.464205 0.501344
V 16.977 88.100 6.037 0.464450 0.501356
V 17.511 88.130 6.037 0.464695 0.501367
V 18.046 88.160 6.037 0.464941 0.501379
V 18.580 88.190 6.037 0.465186 0.501391
V 19.114 88.220 6.037 0.465431 0.501403
V 19.615 88.276 6.037 0.465661 0.501427
V 20.115 88.332 6.037 0.465891 0.501450
V 20.616 88.387 6.037 0.466121 0.501474
V 21.117 88.443 6.037 0.466351 0.501498
V 21.617 88.499 6.037 0.466581 0.501522
V 22.118 88.554 6.037 0.466811 0.501546
V 22.618 88.610 6.037 0.467041 0.501569
V 23.119 88.666 6.037 0.467271 0.501593
V 23.620 88.721 6.037 0.467501 0.501617
V 24.120 88.777 6.037 0.467731 0.501641
V 24.621 88.833 6.037 0.467961 0.501665
V 25.122 88.888 6.037 0.468190 0.501689
V 25.622 88.944 6.037 0.468420 0.501712
V 26.123 89.000 6.037 0.468650 0.501736
V 26.623 89.055 6.037 0.468880 0.501760
V 27.124 89.111 6.037 0.469110 0.501784
V 27.625 89.167 6.037 0.469340 0.501808
V 28.125 89.222 6.037 0.469570 0.501831
V 28.626 89.278 6.037 0.469800 0.501855
V 29.126 89.334 6.037 0.470030 0.501879
V 29.627 89.390 6.037 0.470260 0.501903
V 30.128 89.445 6.037 0.470490 0.501927
V 30.628 89.501 6.037 0.470720 0.501950
V 31.129 89.557 6.037 0.470950 0.501974
V 31.629 89.612 6.037 0.471180 0.501998
V 32.130 89.668 6.037 0.471410 0.502022
V 32.631 89.724 6.037 0.471640 0.502046
V 33.131 89.779 6.037 0.471870 0.502069
V 33.632 89.835 6.037 0.472100 0.502093
V 34.133 89.891 6.037 0.472329 0.502117
V 34.633 89.946 6.037 0.472559 0.502141
V 35.134 90.002 6.037 0.472789 0.502165
V 35.634 90.058 6.037 0.473019 0.502188
V 36.135 90.113 6.037 0.473249 0.502212
V 36.636 90.169 6.037 0.473479 0.502236
V 37.136 90.225 6.037 0.473709 0.502260
V 37.637 90.280 6.037 0.473939 0.502284
V 38.147 90.365 6.037 0.474174 0.502321
V 38.658 90.449 6.037 0.474408 0.502358
V 39.168 90.534 6.037 0.474643 0.502395
V 39.678 90.618 6.037 0.474877 0.502432
V 40.189 90.703 6.037 0.475112 0.502469
V 40.699 90.787 6.037 0.475346 0.502506
V 41.210 90.872 6.037 0.475581 0.502543
V 41.720 90.956 6.037 0.475815 0.502580
V 42.230 91.041 6.037 0.476050 0.502617
V 42.741 91.125 6.037 0.476284 0.502654
V 43.251 91.210 6.037 0.476519 0.502691
V 43.762 91.294 6.037 0.476754 0.502728
V 44.272 91.379 6.037 0.476988 0.502765
V 44.782 91.463 6.037 0.477223 0.502802
V 45.293 91.548 6.037 0.477457 0.502839
V 45.803 91.632 6.037 0.477692 0.502876
V 46.314 91.717 6.037 0.477926 0.502913
V 46.824 91.801 6.037 0.478161 0.502950
V 47.334 91.886 6.037 0.478395 0.502987
V 47.845 91.970 6.037 0.478630 0.503024
V 48.353 91.984 6.037 0.478863 0.503029
V 48.862 91.999 6.037 0.479097 0.503034
V 49.370 92.013 6.037 0.479330 0.503038
V 49.879 92.027 6.037 0.479563 0.503043
V 50.387 92.041 6.037 0.479797 0.503048
V 50.896 92.056 6.037 0.480030 0.503052
V 51.404 92.070 6.037 0.480264 0.503057
V 51.912 92.084 6.037 0.480497 0.503062
V 52.421 92.098 6.037 0.480730 0.503067
V 52.929 92.113 6.037 0.480964 0.503071
V 53.438 92.127 6.037 0.481197 0.503076
V 53.946 92.141 6.037 0.481430 0.503081
V 54.455 92.155 6.037 0.481664 0.503085
V 54.963 92.170 6.037 0.481897 0.503090
V 55.472 92.184 6.037 0.482131 0.503095
V 55.980 92.198 6.037 0.482364 0.503099
V 56.488 92.213 6.037 0.482597 0.503104
V 56.997 92.227 6.037 0.482831 0.503109
V 57.505 92.241 6.037 0.483064 0.503113
V 58.014 92.255 6.037 0.483298 0.503118
V 58.522 92.270 6.037 0.483531 0.503123
V 59.031 92.284 6.037 0.483764 0.503127
V 59.539 92.298 6.037 0.483998 0.503132
V 60.048 92.312 6.037 0.484231 0.503137
V 60.078 91.807 6.037 0.484243 0.502904
V 60.108 91.301 6.037 0.484255 0.502671
V 60.138 90.796 6.037 0.484267 0.502438
V 60.168 90.291 6.037 0.484279 0.502205
V 60.198 89.785 6.037 0.484291 0.501972
V 60.228 89.280 6.037 0.484303 0.501739
V 60.258 88.774 6.037 0.484315 0.501506
V 60.288 88.269 6.037 0.484326 0.501272
V 60.318 87.763 6.037 0.484338 0.501039
V 60.348 87.258 6.037 0.484350 0.500806
V 60.378 86.753 6.037 0.484362 0.500573
V 60.408 86.247 6.037 0.484374 0.500340
V 60.438 85.742 6.037 0.484386 0.500107
V 60.468 85.236 6.037 0.484398 0.499874
V 60.498 84.731 6.037 0.484410 0.499641
V 60.529 84.225 6.037 0.484422 0.499408
V 60.559 83.720 6.037 0.484434 0.499175
V 60.589 83.215 6.037 0.484446 0.498942
V 60.619 82.709 6.037 0.484458 0.498709
V 60.649 82.204 6.037 0.484470 0.498476
V 60.679 81.698 6.037 0.484482 0.498243
V 60.709 81.193 6.037 0.484493 0.498010
V 60.739 80.688 6.037 0.484505 0.497777
V 60.769 80.182 6.037 0.484517 0.497544
V 60.799 79.677 6.037 0.484529 0.497311
V 60.829 79.171 6.037 0.484541 0.497078
V 60.859 78.666 6.037 0.484553 0.496845
V 60.889 78.160 6.037 0.484565 0.496612
V 60.919 77.655 6.037 0.484577 0.496379
V 60.949 77.150 6.037 0.484589 0.496146
V 60.979 76.644 6.037 0.484601 0.495913
V 60.474 76.614 6.037 0.484369 0.495901
V 59.969 76.584 6.037 0.484137 0.495889
V 59.464 76.554 6.037 0.483905 0.495877
V 58.959 76.524 6.037 0.483673 0.495865
V 58.454 76.494 6.037 0.483441 0.495853
V 57.949 76.464 6.037 0.483209 0.495841
V 57.444 76.434 6.037 0.482978 0.495829
V 56.939 76.404 6.037 0.482746 0.495817
V 56.434 76.374 6.037 0.482514 0.495805
V 55.929 76.344 6.037 0.482282 0.495793
V 55.424 76.314 6.037 0.482050 0.495781
V 54.919 76.284 6.037 0.481818 0.495769
V 54.414 76.254 6.037 0.481586 0.495757
V 53.909 76.224 6.037 0.481354 0.495745
V 53.403 76.194 6.037 0.481122 0.495733
V 52.898 76.164 6.037 0.480891 0.495721
V 52.393 76.133 6.037 0.480659 0.495709
V 51.888 76.103 6.037 0.480427 0.495697
V 51.383 76.073 6.037 0.480195 0.495685
V 50.878 76.043 6.037 0.479963 0.495673
V 50.373 76.013 6.037 0.479731 0.495661
V 49.868 75.983 6.037 0.479499 0.495649
V 49.363 75.953 6.037 0.479267 0.495637
V 48.858 75.923 6.037 0.479035 0.495625
V 48.353 75.893 6.037 0.478804 0.495614
V 47.848 75.863 6.037 0.478572 0.495602
V 47.343 75.833 6.037 0.478340 0.495590
V 46.838 75.803 6.037 0.478108 0.495578
V 46.333 75.773 6.037 0.477876 0.495566
V 45.828 75.743 6.037 0.477644 0.495554
V 45.322 75.713 6.037 0.477412 0.495542
V 44.817 75.683 6.037 0.477180 0.495530
V 44.312 75.653 6.037 0.476948 0.495518
V 43.807 75.623 6.037 0.476717 0.495506
V 43.302 75.593 6.037 0.476485 0.495494
V 42.797 75.563 6.037 0.476253 0.495482
V 42.292 75.533 6.037 0.476021 0.495470
V 41.787 75.503 6.037 0.475789 0.495458
V 41.282 75.473 6.037 0.475557 0.495446
V 40.777 75.443 6.037 0.475325 0.495434
V 40.272 75.413 6.037 0.475093 0.495422
V 39.767 75.383 6.037 0.474861 0.495410
V 39.262 75.353 6.037 0.474630 0.495398
V 38.757 75.323 6.037 0.474398 0.495386
V 38.252 75.292 6.037 0.474166 0.495374
V 37.747 75.262 6.037 0.473934 0.495362
V 37.241 75.232 6.037 0.473702 0.495350
V 36.736 75.202 6.037 0.473470 0.495338
V 36.231 75.172 6.037 0.473238 0.495326
V 35.726 75.142 6.037 0.473006 0.495314
V 35.221 75.112 6.037 0.472774 0.495302
V 34.716 75.082 6.037 0.472543 0.495290
V 34.211 75.052 6.037 0.472311 0.495278
V 33.706 75.022 6.037 0.472079 0.495266
V 33.201 74.992 6.037 0.471847 0.495255
V 32.696 74.962 6.037 0.471615 0.495243
V 32.191 74.932 6.037 0.471383 0.495231
V 31.686 74.902 6.037 0.471151 0.495219
V 31.181 74.872 6.037 0.470919 0.495207
V 30.676 74.842 6.037 0.470687 0.495195
V 30.171 74.812 6.037 0.470456 0.495183
V 29.666 74.782 6.037 0.470224 0.495171
V 29.161 74.752 6.037 0.469992 0.495159
V 28.655 74.722 6.037 0.469760 0.495147
V 28.150 74.692 6.037 0.469528 0.495135
V 27.645 74.662 6.037 0.469296 0.495123
V 27.140 74.632 6.037 0.469064 0.495111
V 26.635 74.602 6.037 0.468832 0.495099
V 26.130 74.572 6.037 0.468600 0.495087
V 25.625 74.542 6.037 0.468369 0.495075
V 25.120 74.512 6.037 0.468137 0.495063
V 24.615 74.482 6.037 0.467905 0.495051
V 24.110 74.451 6.037 0.467673 0.495039
V 23.605 74.421 6.037 0.467441 0.495027
V 23.100 74.391 6.037 0.467209 0.495015
V 22.595 74.361 6.037 0.466977 0.495003
V 22.090 74.331 6.037 0.466745 0.494991
V 21.585 74.301 6.037 0.466513 0.494979
V 21.080 74.271 6.037 0.466282 0.494967
V 20.695 74.657 6.037 0.466106 0.495147
V 20.310 75.044 6.037 0.465931 0.495326
V 19.925 75.430 6.037 0.465756 0.495505
V 19.540 75.816 6.037 0.465581 0.495685
V 19.156 76.202 6.037 0.465406 0.495864
V 18.771 76.588 6.037 0.465231 0.496044
V 18.386 76.975 6.037 0.465056 0.496223
V 18.046 77.348 6.037 0.464901 0.496396
V 17.705 77.721 6.037 0.464746 0.496570
V 17.365 78.094 6.037 0.464591 0.496743
V 17.025 78.468 6.037 0.464436 0.496916
V 16.684 78.841 6.037 0.464281 0.497090
V 16.344 79.214 6.037 0.464127 0.497263
V 16.003 79.587 6.037 0.463972 0.497436
V 15.663 79.961 6.037 0.463817 0.497609
V 15.323 80.334 6.037 0.463662 0.497783
V 14.982 80.707 6.037 0.463507 0.497956
V 14.642 81.081 6.037 0.463352 0.498129
V 14.301 81.454 6.037 0.463198 0.498302
V 13.961 81.827 6.037 0.463043 0.498476
V 13.621 82.200 6.037 0.462888 0.498649
V 13.280 82.574 6.037 0.462733 0.498822
V 12.940 82.947 6.037 0.462578 0.498996
V 12.599 83.320 6.037 0.462423 0.499169
V 12.259 83.693 6.037 0.462269 0.499342
V 11.919 84.067 6.037 0.462114 0.499515
V 11.578 84.440 6.037 0.461959 0.499689
V 11.238 84.813 6.037 0.461804 0.499862
V 10.897 85.187 6.037 0.461649 0.500035
V 10.557 85.560 6.037 0.461494 0.500209
V 11.026 85.859 6.037 0.461711 0.500345
V 11.494 86.158 6.037 0.461927 0.500481
V 11.963 86.456 6.037 0.462143 0.500617
V 12.431 86.755 6.037 0.462359 0.500753
V 12.900 87.054 6.037 0.462575 0.500889
V 13.369 87.353 6.037 0.462791 0.501025
V 13.837 87.652 6.037 0.463007 0.501161
V 62.463 92.380 3.098 0.485340 0.503159
V 62.978 92.427 3.098 0.485576 0.503179
V 63.493 92.475 3.098 0.485813 0.503199
V 64.008 92.522 3.098 0.486049 0.503219
V 64.523 92.570 3.098 0.486286 0.503239
V 65.038 92.617 3.098 0.486522 0.503259
V 65.553 92.664 3.098 0.486759 0.503279
V 66.068 92.712 3.098 0.486995 0.503299
V 66.583 92.759 3.098 0.487232 0.503318
V 67.098 92.807 3.098 0.487469 0.503338
V 67.613 92.854 3.098 0.487705 0.503358
V 68.128 92.901 3.098 0.487942 0.503378
V 68.643 92.949 3.098 0.488178 0.503398
V 69.158 92.996 3.098 0.488415 0.503418
V 69.673 93.044 3.098 0.488651 0.503438
V 70.188 93.091 3.098 0.488888 0.503458
V 70.703 93.138 3.098 0.489124 0.503478
V 71.219 93.186 3.098 0.489361 0.503498
V 71.734 93.233 3.098 0.489597 0.503518
V 72.249 93.281 3.098 0.489834 0.503538
V 72.764 93.328 3.098 0.490070 0.503558
V 73.279 93.375 3.098 0.490307 0.503578
V 73.794 93.423 3.098 0.490543 0.503597
V 74.309 93.470 3.098 0.490780 0.503617
V 74.824 93.517 3.098 0.491016 0.503637
V 75.339 93.565 3.098 0.491253 0.503657
V 75.854 93.612 3.098 0.491490 0.503677
V 76.369 93.660 3.098 0.491726 0.503697
V 76.877 93.588 3.098 0.491959 0.503662
V 77.386 93.517 3.098 0.492192 0.503627
V 77.894 93.445 3.098 0.492425 0.503593
V 78.403 93.374 3.098 0.492658 0.503558
V 78.911 93.303 3.098 0.492891 0.503523
V 79.420 93.231 3.098 0.493125 0.503488
V 79.928 93.160 3.098 0.493358 0.503453
V 80.437 93.088 3.098 0.493591 0.503419
V 80.945 93.017 3.098 0.493824 0.503384
V 81.453 92.946 3.098 0.494057 0.503349
V 81.962 92.874 3.098 0.494290 0.503314
V 82.470 92.803 3.098 0.494523 0.503280
V 82.979 92.731 3.098 0.494756 0.503245
V 83.487 92.660 3.098 0.494989 0.503210
V 83.996 92.588 3.098 0.495222 0.503175
V 84.504 92.517 3.098 0.495455 0.503140
V 85.013 92.446 3.098 0.495688 0.503106
V 85.521 92.374 3.098 0.495921 0.503071
V 86.030 92.303 3.098 0.496154 0.503036
V 86.538 92.231 3.098 0.496388 0.503001
V 87.047 92.160 3.098 0.496621 0.502966
V 87.561 92.161 3.098 0.496857 0.502965
V 88.076 92.162 3.098 0.497093 0.502963
V 88.591 92.163 3.098 0.497329 0.502962
V 89.105 92.164 3.098 0.497565 0.502960
V 89.620 92.165 3.098 0.497802 0.502959
V 90.135 92.166 3.098 0.498038 0.502958
V 90.649 92.167 3.098 0.498274 0.502956
V 91.164 92.168 3.098 0.498510 0.502955
V 91.679 92.169 3.098 0.498746 0.502953
V 92.194 92.170 3.098 0.498983 0.502952
V 92.708 92.171 3.098 0.499219 0.502950
V 93.223 92.172 3.098 0.499455 0.502949
V 93.738 92.173 3.098 0.499691 0.502947
V 94.252 92.174 3.098 0.499927 0.502946
V 94.767 92.175 3.098 0.500164 0.502944
V 95.282 92.175 3.098 0.500400 0.502943
V 95.796 92.176 3.098 0.500636 0.502941
V 96.311 92.177 3.098 0.500872 0.502940
V 96.826 92.178 3.098 0.501109 0.502938
V 97.340 92.179 3.098 0.501345 0.502937
V 97.855 92.180 3.098 0.501581 0.502936
V 98.370 92.181 3.098 0.501817 0.502934
V 98.885 92.182 3.098 0.502053 0.502933
V 99.399 92.183 3.098 0.502290 0.502931
V 99.914 92.184 3.098 0.502526 0.502930
V 100.429 92.185 3.098 0.502762 0.502928
V 100.943 92.186 3.098 0.502998 0.502927
V 101.458 92.187 3.098 0.503234 0.502925
V 101.973 92.188 3.098 0.503471 0.502924
V 102.487 92.189 3.098 0.503707 0.502922
V 103.002 92.190 3.098 0.503943 0.502921
V 103.501 92.232 3.098 0.504172 0.502938
V 103.999 92.273 3.098 0.504401 0.502955
V 104.498 92.315 3.098 0.504630 0.502973
V 104.997 92.356 3.098 0.504859 0.502990
V 105.495 92.398 3.098 0.505088 0.503007
V 105.994 92.439 3.098 0.505317 0.503025
V 106.492 92.481 3.098 0.505546 0.503042
V 106.991 92.522 3.098 0.505775 0.503059
V 107.490 92.564 3.098 0.506004 0.503076
V 107.988 92.605 3.098 0.506233 0.503094
V 108.487 92.647 3.098 0.506462 0.503111
V 108.986 92.688 3.098 0.506691 0.503128
V 109.484 92.730 3.098 0.506920 0.503146
V 109.983 92.771 3.098 0.507149 0.503163
V 110.481 92.813 3.098 0.507378 0.503180
V 110.980 92.854 3.098 0.507607 0.503197
V 111.479 92.896 3.098 0.507836 0.503215
V 111.509 92.388 3.098 0.507848 0.502981
V 111.539 91.880 3.098 0.507860 0.502747
V 111.569 91.373 3.098 0.507872 0.502512
V 111.600 90.865 3.098 0.507883 0.502278
V 111.630 90.357 3.098 0.507895 0.502044
V 111.660 89.849 3.098 0.507907 0.501810
V 111.690 89.342 3.098 0.507919 0.501576
V 111.720 88.834 3.098 0.507931 0.501342
V 111.751 88.326 3.098 0.507943 0.501108
V 111.781 87.818 3.098 0.507955 0.500874
V 111.811 87.310 3.098 0.507967 0.500640
V 111.841 86.803 3.098 0.507979 0.500405
V 111.871 86.295 3.098 0.507991 0.500171
V 111.901 85.787 3.098 0.508003 0.499937
V 111.932 85.279 3.098 0.508015 0.499703
V 111.962 84.772 3.098 0.508027 0.499469
V 111.992 84.264 3.098 0.508039 0.499235
V 112.022 83.756 3.098 0.508051 0.499001
V 112.052 83.248 3.098 0.508063 0.498767
V 112.083 82.741 3.098 0.508075 0.498532
V 112.113 82.233 3.098 0.508087 0.498298
V 112.143 81.725 3.098 0.508099 0.498064
V 112.173 81.217 3.098 0.508111 0.497830
V 112.203 80.710 3.098 0.508123 0.497596
V 112.234 80.202 3.098 0.508135 0.497362
V 112.264 79.694 3.098 0.508147 0.497128
V 111.762 79.664 3.098 0.507917 0.497116
V 111.260 79.634 3.098 0.507686 0.497104
V 110.758 79.604 3.098 0.507456 0.497092
V 110.257 79.575 3.098 0.507225 0.497080
V 109.755 79.545 3.098 0.506995 0.497068
V 109.253 79.515 3.098 0.506765 0.497056
V 108.751 79.485 3.098 0.506534 0.497045
V 108.249 79.455 3.098 0.506304 0.497033
V 107.748 79.425 3.098 0.506073 0.497021
V 107.246 79.396 3.098 0.505843 0.497009
V 106.744 79.366 3.098 0.505613 0.496997
V 106.242 79.336 3.098 0.505382 0.496985
V 105.740 79.306 3.098 0.505152 0.496973
V 105.239 79.276 3.098 0.504922 0.496961
V 104.737 79.246 3.098 0.504691 0.496949
V 104.235 79.217 3.098 0.504461 0.496938
V 103.733 79.187 3.098 0.504230 0.496926
V 103.231 79.157 3.098 0.504000 0.496914
V 102.729 79.127 3.098 0.503770 0.496902
V 102.228 79.097 3.098 0.503539 0.496890
V 101.726 79.067 3.098 0.503309 0.496878
V 101.224 79.037 3.098 0.503078 0.496866
V 100.722 79.008 3.098 0.502848 0.496854
V 100.220 78.978 3.098 0.502618 0.496842
V 99.719 78.948 3.098 0.502387 0.496831
V 99.217 78.918 3.098 0.502157 0.496819
V 98.715 78.888 3.098 0.501926 0.496807
V 98.213 78.858 3.098 0.501696 0.496795
V 97.711 78.829 3.098 0.501466 0.496783
V 97.210 78.799 3.098 0.501235 0.496771
V 96.708 78.769 3.098 0.501005 0.496759
V 96.206 78.739 3.098 0.500774 0.496747
V 95.704 78.709 3.098 0.500544 0.496735
V 95.202 78.679 3.098 0.500314 0.496724
V 94.700 78.649 3.098 0.500083 0.496712
V 94.199 78.620 3.098 0.499853 0.496700
V 93.697 78.590 3.098 0.499622 0.496688
V 93.195 78.560 3.098 0.499392 0.496676
V 92.693 78.530 3.098 0.499162 0.496664
V 92.191 78.500 3.098 0.498931 0.496652
V 91.690 78.470 3.098 0.498701 0.496640
V 91.188 78.441 3.098 0.498470 0.496628
V 90.686 78.411 3.098 0.498240 0.496617
V 90.184 78.381 3.098 0.498010 0.496605
V 89.682 78.351 3.098 0.497779 0.496593
V 89.181 78.321 3.098 0.497549 0.496581
V 88.679 78.291 3.098 0.497318 0.496569
V 88.177 78.262 3.098 0.497088 0.496557
V 87.675 78.232 3.098 0.496858 0.496545
V 87.173 78.202 3.098 0.496627 0.496533
V 86.672 78.172 3.098 0.496397 0.496521
V 86.170 78.142 3.098 0.496166 0.496510
V 85.668 78.112 3.098 0.495936 0.496498
V 85.166 78.082 3.098 0.495706 0.496486
V 84.664 78.053 3.098 0.495475 0.496474
V 84.162 78.023 3.098 0.495245 0.496462
V 83.661 77.993 3.098 0.495014 0.496450
V 83.159 77.963 3.098 0.494784 0.496438
V 82.657 77.933 3.098 0.494554 0.496426
V 82.155 77.903 3.098 0.494323 0.496414
V 81.653 77.874 3.098 0.494093 0.496403
V 81.152 77.844 3.098 0.493862 0.496391
V 80.650 77.814 3.098 0.493632 0.496379
V 80.148 77.784 3.098 0.493402 0.496367
V 79.646 77.754 3.098 0.493171 0.496355
V 79.144 77.724 3.098 0.492941 0.496343
V 78.643 77.695 3.098 0.492710 0.496331
V 78.141 77.665 3.098 0.492480 0.496319
V 77.639 77.635 3.098 0.492250 0.496307
V 77.137 77.605 3.098 0.492019 0.496296
V 76.635 77.575 3.098 0.491789 0.496284
V 76.134 77.545 3.098 0.491559 0.496272
V 75.632 77.515 3.098 0.491328 0.496260
V 75.130 77.486 3.098 0.491098 0.496248
V 74.628 77.456 3.098 0.490867 0.496236
V 74.126 77.426 3.098 0.490637 0.496224
V 73.624 77.396 3.098 0.490407 0.496212
V 73.123 77.366 3.098 0.490176 0.496200
V 72.621 77.336 3.098 0.489946 0.496189
V 72.119 77.307 3.098 0.489715 0.496177
V 71.617 77.277 3.098 0.489485 0.496165
V 71.115 77.247 3.098 0.489255 0.496153
V 70.614 77.217 3.098 0.489024 0.496141
V 70.112 77.187 3.098 0.488794 0.496129
V 69.610 77.157 3.098 0.488563 0.496117
V 69.108 77.128 3.098 0.488333 0.496105
V 68.606 77.098 3.098 0.488103 0.496093
V 68.105 77.068 3.098 0.487872 0.496082
V 67.603 77.038 3.098 0.487642 0.496070
V 67.101 77.008 3.098 0.487411 0.496058
V 66.599 76.978 3.098 0.487181 0.496046
V 66.097 76.948 3.098 0.486951 0.496034
V 65.595 76.919 3.098 0.486720 0.496022
V 65.094 76.889 3.098 0.486490 0.496010
V 64.592 76.859 3.098 0.486259 0.495998
V 64.090 76.829 3.098 0.486029 0.495986
V 63.588 76.799 3.098 0.485799 0.495975
V 63.086 76.769 3.098 0.485568 0.495963
V 62.585 76.740 3.098 0.485338 0.495951
V 62.083 76.710 3.098 0.485107 0.495939
V 61.581 76.680 3.098 0.484877 0.495927
V 61.079 76.650 3.098 0.484647 0.495915
V 61.049 77.155 3.098 0.484635 0.496148
V 61.019 77.661 3.098 0.484623 0.496381
V 60.989 78.166 3.098 0.484611 0.496614
V 60.959 78.671 3.098 0.484599 0.496847
V 60.929 79.177 3.098 0.484587 0.497080
V 60.899 79.682 3.098 0.484575 0.497313
V 60.869 80.187 3.098 0.484563 0.497546
V 60.839 80.693 3.098 0.484551 0.497779
V 60.809 81.198 3.098 0.484539 0.498012
V 60.779 81.703 3.098 0.484527 0.498245
V 60.749 82.209 3.098 0.484515 0.498478
V 60.719 82.714 3.098 0.484504 0.498711
V 60.689 83.219 3.098 0.484492 0.498944
V 60.658 83.725 3.098 0.484480 0.499177
V 60.628 84.230 3.098 0.484468 0.499410
V 60.598 84.735 3.098 0.484456 0.499643
V 60.568 85.241 3.098 0.484444 0.499876
V 60.538 85.746 3.098 0.484432 0.500109
V 60.508 86.251 3.098 0.484420 0.500342
V 60.478 86.757 3.098 0.484408 0.500575
V 60.448 87.262 3.098 0.484396 0.500808
V 60.418 87.767 3.098 0.484384 0.501041
V 60.388 88.273 3.098 0.484372 0.501274
V 60.358 88.778 3.098 0.484360 0.501507
V 60.328 89.283 3.098 0.484349 0.501740
V 60.298 89.789 3.098 0.484337 0.501973
V 60.268 90.294 3.098 0.484325 0.502206
V 60.238 90.799 3.098 0.484313 0.502439
V 60.208 91.304 3.098 0.484301 0.502672
V 60.178 91.810 3.098 0.484289 0.502905
V 60.148 92.315 3.098 0.484277 0.503138
V 60.726 92.331 3.098 0.484543 0.503143
V 61.305 92.348 3.098 0.484808 0.503148
V 61.884 92.364 3.098 0.485074 0.503154
V 116.694 93.330 -1.150 0.510231 0.503396
V 117.199 93.372 -1.150 0.510462 0.503413
V 117.704 93.414 -1.150 0.510694 0.503431
V 118.209 93.456 -1.150 0.510926 0.503448
V 118.713 93.498 -1.150 0.511158 0.503466
V 119.218 93.541 -1.150 0.511390 0.503483
V 119.723 93.583 -1.150 0.511622 0.503501
V 120.228 93.625 -1.150 0.511853 0.503518
V 120.733 93.667 -1.150 0.512085 0.503536
V 121.238 93.709 -1.150 0.512317 0.503553
V 121.743 93.751 -1.150 0.512549 0.503571
V 122.247 93.793 -1.150 0.512781 0.503588
V 122.752 93.835 -1.150 0.513013 0.503606
V 123.257 93.877 -1.150 0.513244 0.503623
V 123.762 93.919 -1.150 0.513476 0.503641
V 124.267 93.961 -1.150 0.513708 0.503658
V 124.772 94.003 -1.150 0.513940 0.503676
V 125.276 94.045 -1.150 0.514172 0.503693
V 125.781 94.087 -1.150 0.514404 0.503711
V 126.286 94.129 -1.150 0.514635 0.503728
V 126.791 94.172 -1.150 0.514867 0.503746
V 127.296 94.214 -1.150 0.515099 0.503763
V 127.801 94.256 -1.150 0.515331 0.503781
V 128.305 94.298 -1.150 0.515563 0.503798
V 128.810 94.340 -1.150 0.515795 0.503816
V 129.315 94.382 -1.150 0.516026 0.503833
V 129.820 94.424 -1.150 0.516258 0.503851
V 130.325 94.466 -1.150 0.516490 0.503868
V 130.830 94.508 -1.150 0.516722 0.503886
V 131.334 94.550 -1.150 0.516954 0.503903
V 131.850 94.599 -1.150 0.517190 0.503924
V 132.365 94.648 -1.150 0.517427 0.503945
V 132.881 94.697 -1.150 0.517664 0.503965
V 133.396 94.746 -1.150 0.517901 0.503986
V 133.912 94.795 -1.150 0.518137 0.504006
V 134.427 94.843 -1.150 0.518374 0.504027
V 134.943 94.892 -1.150 0.518611 0.504048
V 135.458 94.941 -1.150 0.518848 0.504068
V 135.974 94.990 -1.150 0.519084 0.504089
V 136.489 95.039 -1.150 0.519321 0.504110
V 137.005 95.088 -1.150 0.519558 0.504130
V 137.520 95.137 -1.150 0.519795 0.504151
V 138.036 95.186 -1.150 0.520031 0.504171
V 138.551 95.235 -1.150 0.520268 0.504192
V 139.067 95.283 -1.150 0.520505 0.504213
V 139.582 95.332 -1.150 0.520742 0.504233
V 140.098 95.381 -1.150 0.520978 0.504254
V 140.613 95.430 -1.150 0.521215 0.504274
V 141.121 95.446 -1.150 0.521448 0.504280
V 141.629 95.462 -1.150 0.521681 0.504285
V 142.137 95.478 -1.150 0.521915 0.504291
V 142.645 95.494 -1.150 0.522148 0.504296
V 143.153 95.510 -1.150 0.522381 0.504302
V 143.661 95.526 -1.150 0.522614 0.504307
V 144.169 95.542 -1.150 0.522847 0.504313
V 144.677 95.558 -1.150 0.523080 0.504318
V 145.185 95.574 -1.150 0.523314 0.504324
V 145.693 95.590 -1.150 0.523547 0.504329
V 146.201 95.606 -1.150 0.523780 0.504335
V 146.709 95.622 -1.150 0.524013 0.504340
V 147.217 95.638 -1.150 0.524246 0.504346
V 147.725 95.653 -1.150 0.524480 0.504351
V 148.233 95.669 -1.150 0.524713 0.504356
V 148.741 95.685 -1.150 0.524946 0.504362
V 149.249 95.701 -1.150 0.525179 0.504367
V 149.757 95.717 -1.150 0.525412 0.504373
V 150.265 95.733 -1.150 0.525646 0.504378
V 150.773 95.749 -1.150 0.525879 0.504384
V 151.281 95.765 -1.150 0.526112 0.504389
V 151.789 95.781 -1.150 0.526345 0.504395
V 152.297 95.797 -1.150 0.526578 0.504400
V 152.805 95.813 -1.150 0.526811 0.504406
V 153.313 95.829 -1.150 0.527045 0.504411
V 153.821 95.845 -1.150 0.527278 0.504417
V 154.329 95.861 -1.150 0.527511 0.504422
V 154.837 95.877 -1.150 0.527744 0.504428
V 155.345 95.893 -1.150 0.527977 0.504433
V 155.853 95.909 -1.150 0.528211 0.504438
V 155.995 95.429 -1.150 0.528274 0.504217
V 156.137 94.948 -1.150 0.528337 0.503995
V 156.279 94.468 -1.150 0.528401 0.503773
V 156.422 93.988 -1.150 0.528464 0.503551
V 156.564 93.508 -1.150 0.528528 0.503329
V 156.706 93.028 -1.150 0.528591 0.503108
V 156.848 92.548 -1.150 0.528655 0.502886
V 156.990 92.067 -1.150 0.528718 0.502664
V 157.132 91.587 -1.150 0.528782 0.502442
V 157.274 91.107 -1.150 0.528845 0.502220
V 157.416 90.627 -1.150 0.528908 0.501999
V 157.559 90.147 -1.150 0.528972 0.501777
V 157.701 89.667 -1.150 0.529035 0.501555
V 157.843 89.186 -1.150 0.529099 0.501333
V 157.985 88.706 -1.150 0.529162 0.501111
V 158.311 88.306 -1.150 0.529311 0.500926
V 158.638 87.906 -1.150 0.529459 0.500740
V 158.964 87.506 -1.150 0.529607 0.500554
V 159.290 87.106 -1.150 0.529755 0.500369
V 159.616 86.705 -1.150 0.529904 0.500183
V 159.943 86.305 -1.150 0.530052 0.499998
V 160.269 85.905 -1.150 0.530200 0.499812
V 160.595 85.505 -1.150 0.530348 0.499626
V 160.922 85.105 -1.150 0.530497 0.499441
V 161.248 84.705 -1.150 0.530645 0.499255
V 161.574 84.305 -1.150 0.530793 0.499070
V 161.901 83.905 -1.150 0.530941 0.498884
V 162.227 83.504 -1.150 0.531090 0.498698
V 162.553 83.104 -1.150 0.531238 0.498513
V 162.880 82.704 -1.150 0.531386 0.498327
V 162.379 82.674 -1.150 0.531157 0.498315
V 161.879 82.645 -1.150 0.530927 0.498303
V 161.379 82.615 -1.150 0.530697 0.498292
V 160.879 82.585 -1.150 0.530468 0.498280
V 160.379 82.555 -1.150 0.530238 0.498268
V 159.879 82.526 -1.150 0.530008 0.498256
V 159.378 82.496 -1.150 0.529779 0.498244
V 158.878 82.466 -1.150 0.529549 0.498232
V 158.378 82.436 -1.150 0.529320 0.498220
V 157.878 82.407 -1.150 0.529090 0.498209
V 157.378 82.377 -1.150 0.528860 0.498197
V 156.878 82.347 -1.150 0.528631 0.498185
V 156.377 82.317 -1.150 0.528401 0.498173
V 155.877 82.288 -1.150 0.528171 0.498161
V 155.377 82.258 -1.150 0.527942 0.498149
V 154.877 82.228 -1.150 0.527712 0.498137
V 154.377 82.198 -1.150 0.527482 0.498126
V 153.877 82.169 -1.150 0.527253 0.498114
V 153.377 82.139 -1.150 0.527023 0.498102
V 152.876 82.109 -1.150 0.526794 0.498090
V 152.376 82.079 -1.150 0.526564 0.498078
V 151.876 82.050 -1.150 0.526334 0.498066
V 151.376 82.020 -1.150 0.526105 0.498055
V 150.876 81.990 -1.150 0.525875 0.498043
V 150.376 81.961 -1.150 0.525645 0.498031
V 149.875 81.931 -1.150 0.525416 0.498019
V 149.375 81.901 -1.150 0.525186 0.498007
V 148.875 81.871 -1.150 0.524956 0.497995
V 148.375 81.842 -1.150 0.524727 0.497983
V 147.875 81.812 -1.150 0.524497 0.497972
V 147.375 81.782 -1.150 0.524267 0.497960
V 146.874 81.752 -1.150 0.524038 0.497948
V 146.374 81.723 -1.150 0.523808 0.497936
V 145.874 81.693 -1.150 0.523579 0.497924
V 145.374 81.663 -1.150 0.523349 0.497912
V 144.874 81.633 -1.150 0.523119 0.497900
V 144.374 81.604 -1.150 0.522890 0.497889
V 143.874 81.574 -1.150 0.522660 0.497877
V 143.373 81.544 -1.150 0.522430 0.497865
V 142.873 81.514 -1.150 0.522201 0.497853
V 142.373 81.485 -1.150 0.521971 0.497841
V 141.873 81.455 -1.150 0.521741 0.497829
V 141.373 81.425 -1.150 0.521512 0.497818
V 140.873 81.395 -1.150 0.521282 0.497806
V 140.372 81.366 -1.150 0.521053 0.497794
V 139.872 81.336 -1.150 0.520823 0.497782
V 139.372 81.306 -1.150 0.520593 0.497770
V 138.872 81.276 -1.150 0.520364 0.497758
V 138.372 81.247 -1.150 0.520134 0.497746
V 137.872 81.217 -1.150 0.519904 0.497735
V 137.372 81.187 -1.150 0.519675 0.497723
V 136.871 81.157 -1.150 0.519445 0.497711
V 136.371 81.128 -1.150 0.519215 0.497699
V 135.871 81.098 -1.150 0.518986 0.497687
V 135.371 81.068 -1.150 0.518756 0.497675
V 134.871 81.038 -1.150 0.518527 0.497663
V 134.371 81.009 -1.150 0.518297 0.497652
V 133.870 80.979 -1.150 0.518067 0.497640
V 133.370 80.949 -1.150 0.517838 0.497628
V 132.870 80.919 -1.150 0.517608 0.497616
V 132.370 80.890 -1.150 0.517378 0.497604
V 131.870 80.860 -1.150 0.517149 0.497592
V 131.370 80.830 -1.150 0.516919 0.497581
V 130.869 80.800 -1.150 0.516689 0.497569
V 130.369 80.771 -1.150 0.516460 0.497557
V 129.869 80.741 -1.150 0.516230 0.497545
V 129.369 80.711 -1.150 0.516001 0.497533
V 128.869 80.681 -1.150 0.515771 0.497521
V 128.369 80.652 -1.150 0.515541 0.497509
V 127.869 80.622 -1.150 0.515312 0.497498
V 127.368 80.592 -1.150 0.515082 0.497486
V 126.868 80.563 -1.150 0.514852 0.497474
V 126.368 80.533 -1.150 0.514623 0.497462
V 125.868 80.503 -1.150 0.514393 0.497450
V 125.368 80.473 -1.150 0.514163 0.497438
V 124.868 80.444 -1.150 0.513934 0.497426
V 124.367 80.414 -1.150 0.513704 0.497415
V 123.867 80.384 -1.150 0.513475 0.497403
V 123.367 80.354 -1.150 0.513245 0.497391
V 122.867 80.325 -1.150 0.513015 0.497379
V 122.367 80.295 -1.150 0.512786 0.497367
V 121.867 80.265 -1.150 0.512556 0.497355
V 121.367 80.235 -1.150 0.512326 0.497344
V 120.866 80.206 -1.150 0.512097 0.497332
V 120.366 80.176 -1.150 0.511867 0.497320
V 119.866 80.146 -1.150 0.511637 0.497308
V 119.366 80.116 -1.150 0.511408 0.497296
V 118.866 80.087 -1.150 0.511178 0.497284
V 118.366 80.057 -1.150 0.510949 0.497272
V 117.865 80.027 -1.150 0.510719 0.497261
V 117.365 79.997 -1.150 0.510489 0.497249
V 116.865 79.968 -1.150 0.510260 0.497237
V 116.365 79.938 -1.150 0.510030 0.497225
V 115.865 79.908 -1.150 0.509800 0.497213
V 115.365 79.878 -1.150 0.509571 0.497201
V 114.864 79.849 -1.150 0.509341 0.497189
V 114.364 79.819 -1.150 0.509111 0.497178
V 113.864 79.789 -1.150 0.508882 0.497166
V 113.364 79.759 -1.150 0.508652 0.497154
V 112.864 79.730 -1.150 0.508423 0.497142
V 112.364 79.700 -1.150 0.508193 0.497130
V 112.333 80.208 -1.150 0.508181 0.497364
V 112.303 80.716 -1.150 0.508169 0.497598
V 112.273 81.223 -1.150 0.508157 0.497833
V 112.243 81.731 -1.150 0.508145 0.498067
V 112.213 82.239 -1.150 0.508133 0.498301
V 112.182 82.747 -1.150 0.508121 0.498535
V 112.152 83.255 -1.150 0.508109 0.498769
V 112.122 83.763 -1.150 0.508097 0.499003
V 112.092 84.271 -1.150 0.508085 0.499238
V 112.062 84.778 -1.150 0.508073 0.499472
V 112.031 85.286 -1.150 0.508061 0.499706
V 112.001 85.794 -1.150 0.508049 0.499940
V 111.971 86.302 -1.150 0.508037 0.500174
V 111.941 86.810 -1.150 0.508025 0.500408
V 111.911 87.318 -1.150 0.508013 0.500643
V 111.880 87.826 -1.150 0.508001 0.500877
V 111.850 88.333 -1.150 0.507989 0.501111
V 111.820 88.841 -1.150 0.507977 0.501345
V 111.790 89.349 -1.150 0.507965 0.501579
V 111.760 89.857 -1.150 0.507953 0.501813
V 111.729 90.365 -1.150 0.507941 0.502047
V 111.699 90.873 -1.150 0.507929 0.502282
V 111.669 91.381 -1.150 0.507917 0.502516
V 111.639 91.888 -1.150 0.507905 0.502750
V 111.609 92.396 -1.150 0.507893 0.502984
V 111.578 92.904 -1.150 0.507881 0.503218
V 112.090 92.947 -1.150 0.508116 0.503236
V 112.602 92.989 -1.150 0.508351 0.503254
V 113.113 93.032 -1.150 0.508586 0.503271
V 113.625 93.075 -1.150 0.508821 0.503289
V 114.136 93.117 -1.150 0.509056 0.503307
V 114.648 93.160 -1.150 0.509291 0.503325
V 115.159 93.202 -1.150 0.509526 0.503342
V 115.671 93.245 -1.150 0.509761 0.503360
V 116.183 93.288 -1.150 0.509996 0.503378
V 26.489 60.229 6.446 0.468712 0.488476
V 27.489 60.229 6.375 0.469171 0.488472
V 28.489 60.229 6.289 0.469630 0.488469
V 29.489 60.229 6.187 0.470089 0.488465
V 30.489 60.229 6.079 0.470548 0.488461
V 31.489 60.229 5.967 0.471007 0.488457
V 32.489 60.229 5.848 0.471466 0.488454
V 33.489 60.229 5.731 0.471925 0.488450
V 34.489 60.229 5.611 0.472383 0.488446
V 35.489 60.229 5.488 0.472842 0.488443
V 36.489 60.229 5.360 0.473301 0.488439
V 37.489 60.229 5.215 0.473760 0.488435
V 25.489 61.229 6.508 0.468257 0.488941
V 26.489 61.229 6.415 0.468716 0.488937
V 27.489 61.229 6.310 0.469175 0.488933
V 28.489 61.229 6.204 0.469634 0.488929
V 29.489 61.229 6.092 0.470093 0.488926
V 30.489 61.229 5.972 0.470552 0.488922
V 31.489 61.229 5.852 0.471010 0.488918
V 32.489 61.229 5.728 0.471469 0.488915
V 33.489 61.229 5.605 0.471928 0.488911
V 34.489 61.229 5.482 0.472387 0.488907
V 35.489 61.229 5.359 0.472846 0.488903
V 36.489 61.229 5.235 0.473305 0.488900
V 37.489 61.229 5.110 0.473764 0.488896
V 38.489 61.229 4.994 0.474223 0.488892
V 39.489 61.229 4.885 0.474682 0.488889
V 40.489 61.229 4.802 0.475141 0.488885
V 41.489 61.229 4.717 0.475600 0.488881
V 42.489 61.229 4.655 0.476058 0.488877
V 43.489 61.229 4.609 0.476517 0.488874
V 44.489 61.229 4.561 0.476976 0.488870
V 45.489 61.229 4.527 0.477435 0.488866
V 46.489 61.229 4.499 0.477894 0.488863
V 47.489 61.229 4.467 0.478353 0.488859
V 48.489 61.229 4.434 0.478812 0.488855
V 49.489 61.229 4.392 0.479271 0.488851
V 50.489 61.229 4.340 0.479730 0.488848
V 51.489 61.229 4.273 0.480189 0.488844
V 52.489 61.229 4.155 0.480648 0.488840
V 53.489 61.229 4.020 0.481106 0.488837
V 54.489 61.229 3.885 0.481565 0.488833
V 24.489 62.229 6.609 0.467802 0.489405
V 25.489 62.229 6.484 0.468261 0.489401
V 26.489 62.229 6.376 0.468720 0.489398
V 27.489 62.229 6.259 0.469178 0.489394
V 28.489 62.229 6.136 0.469637 0.489390
V 29.489 62.229 6.019 0.470096 0.489386
V 30.489 62.229 5.891 0.470555 0.489383
V 31.489 62.229 5.763 0.471014 0.489379
V 32.489 62.229 5.639 0.471473 0.489375
V 33.489 62.229 5.513 0.471932 0.489372
V 34.489 62.229 5.386 0.472391 0.489368
V 35.489 62.229 5.263 0.472850 0.489364
V 36.489 62.229 5.139 0.473309 0.489361
V 37.489 62.229 5.027 0.473768 0.489357
V 38.489 62.229 4.916 0.474227 0.489353
V 39.489 62.229 4.820 0.474685 0.489349
V 40.489 62.229 4.756 0.475144 0.489346
V 41.489 62.229 4.683 0.475603 0.489342
V 42.489 62.229 4.633 0.476062 0.489338
V 43.489 62.229 4.590 0.476521 0.489335
V 44.489 62.229 4.560 0.476980 0.489331
V 45.489 62.229 4.528 0.477439 0.489327
V 46.489 62.229 4.500 0.477898 0.489323
V 47.489 62.229 4.470 0.478357 0.489320
V 48.489 62.229 4.433 0.478816 0.489316
V 49.489 62.229 4.385 0.479275 0.489312
V 50.489 62.229 4.330 0.479733 0.489309
V 51.489 62.229 4.248 0.480192 0.489305
V 52.489 62.229 4.112 0.480651 0.489301
V 53.489 62.229 3.956 0.481110 0.489297
V 54.489 62.229 3.800 0.481569 0.489294
V 55.489 62.229 3.627 0.482028 0.489290
V 56.489 62.229 3.382 0.482487 0.489286
V 57.489 62.229 3.162 0.482946 0.489283
V 58.489 62.229 2.901 0.483405 0.489279
V 59.489 62.229 2.634 0.483864 0.489275
V 60.489 62.229 2.388 0.484323 0.489271
V 61.489 62.229 2.155 0.484781 0.489268
V 62.489 62.229 1.919 0.485240 0.489264
V 63.489 62.229 1.674 0.485699 0.489260
V 64.489 62.229 1.437 0.486158 0.489257
V 65.489 62.229 1.204 0.486617 0.489253
V 66.489 62.229 0.998 0.487076 0.489249
V 67.489 62.229 0.812 0.487535 0.489245
V 68.489 62.229 0.688 0.487994 0.489242
V 69.489 62.229 0.546 0.488453 0.489238
V 70.489 62.229 0.429 0.488912 0.489234
V 71.489 62.229 0.337 0.489371 0.489231
V 23.489 63.229 6.715 0.467347 0.489870
V 24.489 63.229 6.567 0.467805 0.489866
V 25.489 63.229 6.453 0.468264 0.489862
V 26.489 63.229 6.334 0.468723 0.489858
V 27.489 63.229 6.213 0.469182 0.489855
V 28.489 63.229 6.086 0.469641 0.489851
V 29.489 63.229 5.953 0.470100 0.489847
V 30.489 63.229 5.822 0.470559 0.489844
V 31.489 63.229 5.691 0.471018 0.489840
V 32.489 63.229 5.558 0.471477 0.489836
V 33.489 63.229 5.431 0.471936 0.489832
V 34.489 63.229 5.305 0.472395 0.489829
V 35.489 63.229 5.182 0.472853 0.489825
V 36.489 63.229 5.058 0.473312 0.489821
V 37.489 63.229 4.948 0.473771 0.489818
V 38.489 63.229 4.851 0.474230 0.489814
V 39.489 63.229 4.761 0.474689 0.489810
V 40.489 63.229 4.703 0.475148 0.489807
V 41.489 63.229 4.662 0.475607 0.489803
V 42.489 63.229 4.617 0.476066 0.489799
V 43.489 63.229 4.586 0.476525 0.489795
V 44.489 63.229 4.556 0.476984 0.489792
V 45.489 63.229 4.529 0.477443 0.489788
V 46.489 63.229 4.502 0.477901 0.489784
V 47.489 63.229 4.470 0.478360 0.489781
V 48.489 63.229 4.430 0.478819 0.489777
V 49.489 63.229 4.377 0.479278 0.489773
V 50.489 63.229 4.302 0.479737 0.489769
V 51.489 63.229 4.214 0.480196 0.489766
V 52.489 63.229 4.074 0.480655 0.489762
V 53.489 63.229 3.900 0.481114 0.489758
V 54.489 63.229 3.708 0.481573 0.489755
V 55.489 63.229 3.473 0.482032 0.489751
V 56.489 63.229 3.219 0.482491 0.489747
V 57.489 63.229 2.949 0.482950 0.489743
V 58.489 63.229 2.670 0.483408 0.489740
V 59.489 63.229 2.398 0.483867 0.489736
V 60.489 63.229 2.144 0.484326 0.489732
V 61.489 63.229 1.917 0.484785 0.489729
V 62.489 63.229 1.684 0.485244 0.489725
V 63.489 63.229 1.443 0.485703 0.489721
V 64.489 63.229 1.217 0.486162 0.489717
V 65.489 63.229 1.014 0.486621 0.489714
V 66.489 63.229 0.815 0.487080 0.489710
V 67.489 63.229 0.663 0.487539 0.489706
V 68.489 63.229 0.563 0.487998 0.489703
V 69.489 63.229 0.469 0.488456 0.489699
V 70.489 63.229 0.350 0.488915 0.489695
V 71.489 63.229 0.228 0.489374 0.489691
V 72.489 63.229 0.121 0.489833 0.489688
V 73.489 63.229 -0.032 0.490292 0.489684
V 74.489 63.229 -0.246 0.490751 0.489680
V 75.489 63.229 -0.540 0.491210 0.489677
V 76.489 63.229 -0.879 0.491669 0.489673
V 77.489 63.229 -1.220 0.492128 0.489669
V 78.489 63.229 -1.529 0.492587 0.489665
V 79.489 63.229 -1.769 0.493046 0.489662
V 80.489 63.229 -1.982 0.493504 0.489658
V 81.489 63.229 -2.152 0.493963 0.489654
V 82.489 63.229 -2.219 0.494422 0.489651
V 83.489 63.229 -2.208 0.494881 0.489647
V 84.489 63.229 -2.037 0.495340 0.489643
V 85.489 63.229 -1.658 0.495799 0.489639
V 86.489 63.229 -1.197 0.496258 0.489636
V 87.489 63.229 -0.704 0.496717 0.489632
V 88.489 63.229 -0.294 0.497176 0.489628
V 22.489 64.229 6.821 0.466891 0.490334
V 23.489 64.229 6.668 0.467350 0.490330
V 24.489 64.229 6.551 0.467809 0.490327
V 25.489 64.229 6.424 0.468268 0.490323
V 26.489 64.229 6.297 0.468727 0.490319
V 27.489 64.229 6.165 0.469186 0.490316
V 28.489 64.229 6.032 0.469645 0.490312
V 29.489 64.229 5.895 0.470104 0.490308
V 30.489 64.229 5.759 0.470563 0.490304
V 31.489 64.229 5.623 0.471022 0.490301
V 32.489 64.229 5.483 0.471480 0.490297
V 33.489 64.229 5.346 0.471939 0.490293
V 34.489 64.229 5.225 0.472398 0.490290
V 35.489 64.229 5.107 0.472857 0.490286
V 36.489 64.229 4.993 0.473316 0.490282
V 37.489 64.229 4.882 0.473775 0.490278
V 38.489 64.229 4.788 0.474234 0.490275
V 39.489 64.229 4.707 0.474693 0.490271
V 40.489 64.229 4.666 0.475152 0.490267
V 41.489 64.229 4.636 0.475611 0.490264
V 42.489 64.229 4.606 0.476070 0.490260
V 43.489 64.229 4.582 0.476528 0.490256
V 44.489 64.229 4.556 0.476987 0.490252
V 45.489 64.229 4.531 0.477446 0.490249
V 46.489 64.229 4.504 0.477905 0.490245
V 47.489 64.229 4.470 0.478364 0.490241
V 48.489 64.229 4.426 0.478823 0.490238
V 49.489 64.229 4.361 0.479282 0.490234
V 50.489 64.229 4.277 0.479741 0.490230
V 51.489 64.229 4.170 0.480200 0.490227
V 52.489 64.229 4.010 0.480659 0.490223
V 53.489 64.229 3.826 0.481118 0.490219
V 54.489 64.229 3.608 0.481576 0.490215
V 55.489 64.229 3.325 0.482035 0.490212
V 56.489 64.229 3.044 0.482494 0.490208
V 57.489 64.229 2.743 0.482953 0.490204
V 58.489 64.229 2.449 0.483412 0.490201
V 59.489 64.229 2.170 0.483871 0.490197
V 60.489 64.229 1.912 0.484330 0.490193
V 61.489 64.229 1.690 0.484789 0.490189
V 62.489 64.229 1.462 0.485248 0.490186
V 63.489 64.229 1.233 0.485707 0.490182
V 64.489 64.229 1.032 0.486166 0.490178
V 65.489 64.229 0.852 0.486624 0.490175
V 66.489 64.229 0.696 0.487083 0.490171
V 67.489 64.229 0.606 0.487542 0.490167
V 68.489 64.229 0.535 0.488001 0.490163
V 69.489 64.229 0.453 0.488460 0.490160
V 70.489 64.229 0.331 0.488919 0.490156
V 71.489 64.229 0.198 0.489378 0.490152
V 72.489 64.229 0.064 0.489837 0.490149
V 73.489 64.229 -0.121 0.490296 0.490145
V 74.489 64.229 -0.342 0.490755 0.490141
V 75.489 64.229 -0.626 0.491214 0.490137
V 76.489 64.229 -0.901 0.491673 0.490134
V 77.489 64.229 -1.209 0.492131 0.490130
V 78.489 64.229 -1.473 0.492590 0.490126
V 79.489 64.229 -1.695 0.493049 0.490123
V 80.489 64.229 -1.892 0.493508 0.490119
V 81.489 64.229 -2.026 0.493967 0.490115
V 82.489 64.229 -1.982 0.494426 0.490111
V 83.489 64.229 -1.892 0.494885 0.490108
V 84.489 64.229 -1.564 0.495344 0.490104
V 85.489 64.229 -1.138 0.495803 0.490100
V 86.489 64.229 -0.680 0.496262 0.490097
V 87.489 64.229 -0.263 0.496721 0.490093
V 88.489 64.229 0.101 0.497179 0.490089
V 89.489 64.229 0.372 0.497638 0.490085
V 90.489 64.229 0.544 0.498097 0.490082
V 91.489 64.229 0.611 0.498556 0.490078
V 92.489 64.229 0.676 0.499015 0.490074
V 93.489 64.229 0.687 0.499474 0.490071
V 94.489 64.229 0.675 0.499933 0.490067
V 95.489 64.229 0.685 0.500392 0.490063
V 96.489 64.229 0.740 0.500851 0.490059
V 97.489 64.229 0.780 0.501310 0.490056
V 98.489 64.229 0.795 0.501769 0.490052
V 99.489 64.229 0.792 0.502227 0.490048
V 100.489 64.229 0.742 0.502686 0.490045
V 101.489 64.229 0.695 0.503145 0.490041
V 102.489 64.229 0.687 0.503604 0.490037
V 103.489 64.229 0.688 0.504063 0.490033
V 104.489 64.229 0.702 0.504522 0.490030
V 105.489 64.229 0.711 0.504981 0.490026
V 21.489 65.229 6.928 0.466436 0.490799
V 22.489 65.229 6.780 0.466895 0.490795
V 23.489 65.229 6.659 0.467354 0.490791
V 24.489 65.229 6.529 0.467813 0.490788
V 25.489 65.229 6.396 0.468272 0.490784
V 26.489 65.229 6.259 0.468731 0.490780
V 27.489 65.229 6.119 0.469190 0.490776
V 28.489 65.229 5.976 0.469648 0.490773
V 29.489 65.229 5.839 0.470107 0.490769
V 30.489 65.229 5.695 0.470566 0.490765
V 31.489 65.229 5.552 0.471025 0.490762
V 32.489 65.229 5.420 0.471484 0.490758
V 33.489 65.229 5.284 0.471943 0.490754
V 34.489 65.229 5.164 0.472402 0.490750
V 35.489 65.229 5.050 0.472861 0.490747
V 36.489 65.229 4.939 0.473320 0.490743
V 37.489 65.229 4.828 0.473779 0.490739
V 38.489 65.229 4.731 0.474238 0.490736
V 39.489 65.229 4.662 0.474697 0.490732
V 40.489 65.229 4.631 0.475155 0.490728
V 41.489 65.229 4.616 0.475614 0.490724
V 42.489 65.229 4.594 0.476073 0.490721
V 43.489 65.229 4.574 0.476532 0.490717
V 44.489 65.229 4.557 0.476991 0.490713
V 45.489 65.229 4.535 0.477450 0.490710
V 46.489 65.229 4.504 0.477909 0.490706
V 47.489 65.229 4.466 0.478368 0.490702
V 48.489 65.229 4.420 0.478827 0.490698
V 49.489 65.229 4.351 0.479286 0.490695
V 50.489 65.229 4.250 0.479745 0.490691
V 51.489 65.229 4.119 0.480203 0.490687
V 52.489 65.229 3.940 0.480662 0.490684
V 53.489 65.229 3.744 0.481121 0.490680
V 54.489 65.229 3.524 0.481580 0.490676
V 55.489 65.229 3.247 0.482039 0.490673
V 56.489 65.229 2.962 0.482498 0.490669
V 57.489 65.229 2.632 0.482957 0.490665
V 58.489 65.229 2.298 0.483416 0.490661
V 59.489 65.229 1.995 0.483875 0.490658
V 60.489 65.229 1.724 0.484334 0.490654
V 61.489 65.229 1.504 0.484793 0.490650
V 62.489 65.229 1.277 0.485251 0.490647
V 63.489 65.229 1.072 0.485710 0.490643
V 64.489 65.229 0.887 0.486169 0.490639
V 65.489 65.229 0.789 0.486628 0.490635
V 66.489 65.229 0.667 0.487087 0.490632
V 67.489 65.229 0.619 0.487546 0.490628
V 68.489 65.229 0.548 0.488005 0.490624
V 69.489 65.229 0.469 0.488464 0.490621
V 70.489 65.229 0.350 0.488923 0.490617
V 71.489 65.229 0.217 0.489382 0.490613
V 72.489 65.229 0.053 0.489841 0.490609
V 73.489 65.229 -0.164 0.490299 0.490606
V 74.489 65.229 -0.400 0.490758 0.490602
V 75.489 65.229 -0.676 0.491217 0.490598
V 76.489 65.229 -0.947 0.491676 0.490595
V 77.489 65.229 -1.184 0.492135 0.490591
V 78.489 65.229 -1.436 0.492594 0.490587
V 79.489 65.229 -1.640 0.493053 0.490583
V 80.489 65.229 -1.719 0.493512 0.490580
V 81.489 65.229 -1.824 0.493971 0.490576
V 82.489 65.229 -1.738 0.494430 0.490572
V 83.489 65.229 -1.455 0.494889 0.490569
V 84.489 65.229 -1.126 0.495347 0.490565
V 85.489 65.229 -0.743 0.495806 0.490561
V 86.489 65.229 -0.340 0.496265 0.490557
V 87.489 65.229 0.064 0.496724 0.490554
V 88.489 65.229 0.364 0.497183 0.490550
V 89.489 65.229 0.513 0.497642 0.490546
V 90.489 65.229 0.662 0.498101 0.490543
V 91.489 65.229 0.716 0.498560 0.490539
V 92.489 65.229 0.707 0.499019 0.490535
V 93.489 65.229 0.696 0.499478 0.490531
V 94.489 65.229 0.692 0.499937 0.490528
V 95.489 65.229 0.718 0.500396 0.490524
V 96.489 65.229 0.767 0.500854 0.490520
V 97.489 65.229 0.801 0.501313 0.490517
V 98.489 65.229 0.815 0.501772 0.490513
V 99.489 65.229 0.829 0.502231 0.490509
V 100.489 65.229 0.831 0.502690 0.490505
V 101.489 65.229 0.803 0.503149 0.490502
V 102.489 65.229 0.825 0.503608 0.490498
V 103.489 65.229 0.854 0.504067 0.490494
V 104.489 65.229 0.867 0.504526 0.490491
V 105.489 65.229 0.876 0.504985 0.490487
V 106.489 65.229 0.858 0.505444 0.490483
V 107.489 65.229 0.838 0.505902 0.490479
V 108.489 65.229 0.818 0.506361 0.490476
V 109.489 65.229 0.786 0.506820 0.490472
V 110.489 65.229 0.751 0.507279 0.490468
V 111.489 65.229 0.718 0.507738 0.490465
V 112.489 65.229 0.687 0.508197 0.490461
V 113.489 65.229 0.675 0.508656 0.490457
V 114.489 65.229 0.665 0.509115 0.490453
V 115.489 65.229 0.593 0.509574 0.490450
V 116.489 65.229 0.463 0.510033 0.490446
V 117.489 65.229 0.274 0.510492 0.490442
V 118.489 65.229 0.092 0.510950 0.490439
V 119.489 65.229 -0.082 0.511409 0.490435
V 120.489 65.229 -0.248 0.511868 0.490431
V 121.489 65.229 -0.380 0.512327 0.490427
V 122.489 65.229 -0.509 0.512786 0.490424
V 20.489 66.229 7.034 0.465981 0.491263
V 21.489 66.229 6.897 0.466440 0.491260
V 22.489 66.229 6.772 0.466899 0.491256
V 23.489 66.229 6.639 0.467358 0.491252
V 24.489 66.229 6.505 0.467817 0.491248
V 25.489 66.229 6.366 0.468275 0.491245
V 26.489 66.229 6.222 0.468734 0.491241
V 27.489 66.229 6.078 0.469193 0.491237
V 28.489 66.229 5.930 0.469652 0.491234
V 29.489 66.229 5.783 0.470111 0.491230
V 30.489 66.229 5.636 0.470570 0.491226
V 31.489 66.229 5.494 0.471029 0.491222
V 32.489 66.229 5.360 0.471488 0.491219
V 33.489 66.229 5.235 0.471947 0.491215
V 34.489 66.229 5.119 0.472406 0.491211
V 35.489 66.229 5.005 0.472865 0.491208
V 36.489 66.229 4.893 0.473323 0.491204
V 37.489 66.229 4.779 0.473782 0.491200
V 38.489 66.229 4.691 0.474241 0.491196
V 39.489 66.229 4.624 0.474700 0.491193
V 40.489 66.229 4.607 0.475159 0.491189
V 41.489 66.229 4.592 0.475618 0.491185
V 42.489 66.229 4.584 0.476077 0.491182
V 43.489 66.229 4.575 0.476536 0.491178
V 44.489 66.229 4.559 0.476995 0.491174
V 45.489 66.229 4.540 0.477454 0.491170
V 46.489 66.229 4.508 0.477913 0.491167
V 47.489 66.229 4.467 0.478371 0.491163
V 48.489 66.229 4.413 0.478830 0.491159
V 49.489 66.229 4.321 0.479289 0.491156
V 50.489 66.229 4.206 0.479748 0.491152
V 51.489 66.229 4.068 0.480207 0.491148
V 52.489 66.229 3.884 0.480666 0.491144
V 53.489 66.229 3.679 0.481125 0.491141
V 54.489 66.229 3.452 0.481584 0.491137
V 55.489 66.229 3.194 0.482043 0.491133
V 56.489 66.229 2.908 0.482502 0.491130
V 57.489 66.229 2.571 0.482961 0.491126
V 58.489 66.229 2.225 0.483420 0.491122
V 59.489 66.229 1.895 0.483878 0.491118
V 60.489 66.229 1.582 0.484337 0.491115
V 61.489 66.229 1.346 0.484796 0.491111
V 62.489 66.229 1.134 0.485255 0.491107
V 63.489 66.229 0.955 0.485714 0.491104
V 64.489 66.229 0.825 0.486173 0.491100
V 65.489 66.229 0.740 0.486632 0.491096
V 66.489 66.229 0.679 0.487091 0.491093
V 67.489 66.229 0.639 0.487550 0.491089
V 68.489 66.229 0.579 0.488009 0.491085
V 69.489 66.229 0.497 0.488468 0.491081
V 70.489 66.229 0.380 0.488926 0.491078
V 71.489 66.229 0.219 0.489385 0.491074
V 72.489 66.229 0.048 0.489844 0.491070
V 73.489 66.229 -0.196 0.490303 0.491067
V 74.489 66.229 -0.442 0.490762 0.491063
V 75.489 66.229 -0.708 0.491221 0.491059
V 76.489 66.229 -0.959 0.491680 0.491055
V 77.489 66.229 -1.196 0.492139 0.491052
V 78.489 66.229 -1.395 0.492598 0.491048
V 79.489 66.229 -1.534 0.493057 0.491044
V 80.489 66.229 -1.582 0.493516 0.491041
V 81.489 66.229 -1.579 0.493974 0.491037
V 82.489 66.229 -1.346 0.494433 0.491033
V 83.489 66.229 -1.063 0.494892 0.491029
V 84.489 66.229 -0.740 0.495351 0.491026
V 85.489 66.229 -0.385 0.495810 0.491022
V 86.489 66.229 -0.037 0.496269 0.491018
V 87.489 66.229 0.323 0.496728 0.491015
V 88.489 66.229 0.543 0.497187 0.491011
V 89.489 66.229 0.671 0.497646 0.491007
V 90.489 66.229 0.738 0.498105 0.491003
V 91.489 66.229 0.741 0.498564 0.491000
V 92.489 66.229 0.731 0.499022 0.490996
V 93.489 66.229 0.714 0.499481 0.490992
V 94.489 66.229 0.738 0.499940 0.490989
V 95.489 66.229 0.764 0.500399 0.490985
V 96.489 66.229 0.796 0.500858 0.490981
V 97.489 66.229 0.833 0.501317 0.490977
V 98.489 66.229 0.862 0.501776 0.490974
V 99.489 66.229 0.886 0.502235 0.490970
V 100.489 66.229 0.906 0.502694 0.490966
V 101.489 66.229 0.940 0.503153 0.490963
V 102.489 66.229 0.977 0.503612 0.490959
V 103.489 66.229 1.011 0.504070 0.490955
V 104.489 66.229 1.031 0.504529 0.490951
V 105.489 66.229 1.038 0.504988 0.490948
V 106.489 66.229 1.021 0.505447 0.490944
V 107.489 66.229 1.002 0.505906 0.490940
V 108.489 66.229 0.980 0.506365 0.490937
V 109.489 66.229 0.949 0.506824 0.490933
V 110.489 66.229 0.915 0.507283 0.490929
V 111.489 66.229 0.875 0.507742 0.490925
V 112.489 66.229 0.836 0.508201 0.490922
V 113.489 66.229 0.804 0.508660 0.490918
V 114.489 66.229 0.776 0.509119 0.490914
V 115.489 66.229 0.700 0.509577 0.490911
V 116.489 66.229 0.581 0.510036 0.490907
V 117.489 66.229 0.392 0.510495 0.490903
V 118.489 66.229 0.226 0.510954 0.490899
V 119.489 66.229 0.102 0.511413 0.490896
V 120.489 66.229 -0.009 0.511872 0.490892
V 121.489 66.229 -0.123 0.512331 0.490888
V 122.489 66.229 -0.252 0.512790 0.490885
V 123.489 66.229 -0.397 0.513249 0.490881
V 124.489 66.229 -0.579 0.513708 0.490877
V 125.489 66.229 -0.810 0.514167 0.490873
V 126.489 66.229 -1.096 0.514625 0.490870
V 127.489 66.229 -1.520 0.515084 0.490866
V 128.489 66.229 -1.971 0.515543 0.490862
V 129.489 66.229 -2.445 0.516002 0.490859
V 130.489 66.229 -2.948 0.516461 0.490855
V 131.489 66.229 -3.456 0.516920 0.490851
V 132.489 66.229 -4.020 0.517379 0.490847
V 133.489 66.229 -4.850 0.517838 0.490844
V 134.489 66.229 -5.561 0.518297 0.490840
V 135.489 66.229 -6.225 0.518756 0.490836
V 136.489 66.229 -6.513 0.519215 0.490833
V 137.489 66.229 -6.425 0.519673 0.490829
V 138.489 66.229 -6.261 0.520132 0.490825
V 19.489 67.229 7.143 0.465526 0.491728
V 20.489 67.229 7.016 0.465985 0.491724
V 21.489 67.229 6.886 0.466444 0.491720
V 22.489 67.229 6.754 0.466902 0.491717
V 23.489 67.229 6.617 0.467361 0.491713
V 24.489 67.229 6.480 0.467820 0.491709
V 25.489 67.229 6.338 0.468279 0.491706
V 26.489 67.229 6.194 0.468738 0.491702
V 27.489 67.229 6.048 0.469197 0.491698
V 28.489 67.229 5.896 0.469656 0.491694
V 29.489 67.229 5.747 0.470115 0.491691
V 30.489 67.229 5.598 0.470574 0.491687
V 31.489 67.229 5.464 0.471033 0.491683
V 32.489 67.229 5.331 0.471492 0.491680
V 33.489 67.229 5.205 0.471950 0.491676
V 34.489 67.229 5.087 0.472409 0.491672
V 35.489 67.229 4.972 0.472868 0.491668
V 36.489 67.229 4.859 0.473327 0.491665
V 37.489 67.229 4.745 0.473786 0.491661
V 38.489 67.229 4.659 0.474245 0.491657
V 39.489 67.229 4.599 0.474704 0.491654
V 40.489 67.229 4.587 0.475163 0.491650
V 41.489 67.229 4.577 0.475622 0.491646
V 42.489 67.229 4.575 0.476081 0.491642
V 43.489 67.229 4.571 0.476540 0.491639
V 44.489 67.229 4.559 0.476998 0.491635
V 45.489 67.229 4.545 0.477457 0.491631
V 46.489 67.229 4.509 0.477916 0.491628
V 47.489 67.229 4.469 0.478375 0.491624
V 48.489 67.229 4.402 0.478834 0.491620
V 49.489 67.229 4.296 0.479293 0.491616
V 50.489 67.229 4.173 0.479752 0.491613
V 51.489 67.229 4.027 0.480211 0.491609
V 52.489 67.229 3.837 0.480670 0.491605
V 53.489 67.229 3.629 0.481129 0.491602
V 54.489 67.229 3.398 0.481588 0.491598
V 55.489 67.229 3.133 0.482046 0.491594
V 56.489 67.229 2.859 0.482505 0.491590
V 57.489 67.229 2.564 0.482964 0.491587
V 58.489 67.229 2.208 0.483423 0.491583
V 59.489 67.229 1.868 0.483882 0.491579
V 60.489 67.229 1.532 0.484341 0.491576
V 61.489 67.229 1.282 0.484800 0.491572
V 62.489 67.229 1.064 0.485259 0.491568
V 63.489 67.229 0.920 0.485718 0.491564
V 64.489 67.229 0.831 0.486177 0.491561
V 65.489 67.229 0.766 0.486636 0.491557
V 66.489 67.229 0.723 0.487094 0.491553
V 67.489 67.229 0.679 0.487553 0.491550
V 68.489 67.229 0.617 0.488012 0.491546
V 69.489 67.229 0.530 0.488471 0.491542
V 70.489 67.229 0.396 0.488930 0.491539
V 71.489 67.229 0.215 0.489389 0.491535
V 72.489 67.229 0.007 0.489848 0.491531
V 73.489 67.229 -0.242 0.490307 0.491527
V 74.489 67.229 -0.482 0.490766 0.491524
V 75.489 67.229 -0.724 0.491225 0.491520
V 76.489 67.229 -0.951 0.491684 0.491516
V 77.489 67.229 -1.165 0.492143 0.491513
V 78.489 67.229 -1.310 0.492601 0.491509
V 79.489 67.229 -1.357 0.493060 0.491505
V 80.489 67.229 -1.367 0.493519 0.491501
V 81.489 67.229 -1.274 0.493978 0.491498
V 82.489 67.229 -1.056 0.494437 0.491494
V 83.489 67.229 -0.785 0.494896 0.491490
V 84.489 67.229 -0.487 0.495355 0.491487
V 85.489 67.229 -0.151 0.495814 0.491483
V 86.489 67.229 0.177 0.496273 0.491479
V 87.489 67.229 0.495 0.496732 0.491475
V 88.489 67.229 0.649 0.497191 0.491472
V 89.489 67.229 0.741 0.497649 0.491468
V 90.489 67.229 0.769 0.498108 0.491464
V 91.489 67.229 0.768 0.498567 0.491461
V 92.489 67.229 0.762 0.499026 0.491457
V 93.489 67.229 0.769 0.499485 0.491453
V 94.489 67.229 0.790 0.499944 0.491449
V 95.489 67.229 0.819 0.500403 0.491446
V 96.489 67.229 0.862 0.500862 0.491442
V 97.489 67.229 0.912 0.501321 0.491438
V 98.489 67.229 0.946 0.501780 0.491435
V 99.489 67.229 0.992 0.502239 0.491431
V 100.489 67.229 1.038 0.502697 0.491427
V 101.489 67.229 1.086 0.503156 0.491423
V 102.489 67.229 1.137 0.503615 0.491420
V 103.489 67.229 1.176 0.504074 0.491416
V 104.489 67.229 1.196 0.504533 0.491412
V 105.489 67.229 1.197 0.504992 0.491409
V 106.489 67.229 1.181 0.505451 0.491405
V 107.489 67.229 1.162 0.505910 0.491401
V 108.489 67.229 1.138 0.506369 0.491397
V 109.489 67.229 1.106 0.506828 0.491394
V 110.489 67.229 1.071 0.507287 0.491390
V 111.489 67.229 1.032 0.507745 0.491386
V 112.489 67.229 0.985 0.508204 0.491383
V 113.489 67.229 0.943 0.508663 0.491379
V 114.489 67.229 0.888 0.509122 0.491375
V 115.489 67.229 0.807 0.509581 0.491371
V 116.489 67.229 0.700 0.510040 0.491368
V 117.489 67.229 0.548 0.510499 0.491364
V 118.489 67.229 0.438 0.510958 0.491360
V 119.489 67.229 0.342 0.511417 0.491357
V 120.489 67.229 0.255 0.511876 0.491353
V 121.489 67.229 0.143 0.512335 0.491349
V 122.489 67.229 0.013 0.512793 0.491345
V 123.489 67.229 -0.135 0.513252 0.491342
V 124.489 67.229 -0.328 0.513711 0.491338
V 125.489 67.229 -0.563 0.514170 0.491334
V 126.489 67.229 -0.847 0.514629 0.491331
V 127.489 67.229 -1.247 0.515088 0.491327
V 128.489 67.229 -1.690 0.515547 0.491323
V 129.489 67.229 -2.160 0.516006 0.491319
V 130.489 67.229 -2.649 0.516465 0.491316
V 131.489 67.229 -3.193 0.516924 0.491312
V 132.489 67.229 -3.905 0.517383 0.491308
V 133.489 67.229 -4.462 0.517842 0.491305
V 134.489 67.229 -4.995 0.518300 0.491301
V 135.489 67.229 -5.399 0.518759 0.491297
V 136.489 67.229 -5.510 0.519218 0.491293
V 137.489 67.229 -5.430 0.519677 0.491290
V 138.489 67.229 -5.180 0.520136 0.491286
V 139.489 67.229 -4.880 0.520595 0.491282
V 140.489 67.229 -4.699 0.521054 0.491279
V 141.489 67.229 -5.045 0.521513 0.491275
V 142.489 67.229 -5.508 0.521972 0.491271
V 143.489 67.229 -5.958 0.522431 0.491267
V 144.489 67.229 -6.384 0.522890 0.491264
V 145.489 67.229 -6.531 0.523348 0.491260
V 146.489 67.229 -6.652 0.523807 0.491256
V 147.489 67.229 -6.804 0.524266 0.491253
V 148.489 67.229 -6.908 0.524725 0.491249
V 18.489 68.229 7.262 0.465070 0.492192
V 19.489 68.229 7.139 0.465529 0.492189
V 20.489 68.229 7.011 0.465988 0.492185
V 21.489 68.229 6.881 0.466447 0.492181
V 22.489 68.229 6.747 0.466906 0.492178
V 23.489 68.229 6.610 0.467365 0.492174
V 24.489 68.229 6.472 0.467824 0.492170
V 25.489 68.229 6.329 0.468283 0.492166
V 26.489 68.229 6.184 0.468742 0.492163
V 27.489 68.229 6.038 0.469201 0.492159
V 28.489 68.229 5.885 0.469660 0.492155
V 29.489 68.229 5.734 0.470118 0.492152
V 30.489 68.229 5.586 0.470577 0.492148
V 31.489 68.229 5.451 0.471036 0.492144
V 32.489 68.229 5.316 0.471495 0.492140
V 33.489 68.229 5.189 0.471954 0.492137
V 34.489 68.229 5.069 0.472413 0.492133
V 35.489 68.229 4.952 0.472872 0.492129
V 36.489 68.229 4.839 0.473331 0.492126
V 37.489 68.229 4.725 0.473790 0.492122
V 38.489 68.229 4.640 0.474249 0.492118
V 39.489 68.229 4.589 0.474708 0.492114
V 40.489 68.229 4.578 0.475167 0.492111
V 41.489 68.229 4.571 0.475625 0.492107
V 42.489 68.229 4.570 0.476084 0.492103
V 43.489 68.229 4.568 0.476543 0.492100
V 44.489 68.229 4.561 0.477002 0.492096
V 45.489 68.229 4.548 0.477461 0.492092
V 46.489 68.229 4.516 0.477920 0.492088
V 47.489 68.229 4.469 0.478379 0.492085
V 48.489 68.229 4.396 0.478838 0.492081
V 49.489 68.229 4.281 0.479297 0.492077
V 50.489 68.229 4.149 0.479756 0.492074
V 51.489 68.229 3.998 0.480215 0.492070
V 52.489 68.229 3.806 0.480673 0.492066
V 53.489 68.229 3.592 0.481132 0.492062
V 54.489 68.229 3.360 0.481591 0.492059
V 55.489 68.229 3.089 0.482050 0.492055
V 56.489 68.229 2.814 0.482509 0.492051
V 57.489 68.229 2.538 0.482968 0.492048
V 58.489 68.229 2.221 0.483427 0.492044
V 59.489 68.229 1.873 0.483886 0.492040
V 60.489 68.229 1.526 0.484345 0.492036
V 61.489 68.229 1.261 0.484804 0.492033
V 62.489 68.229 1.055 0.485263 0.492029
V 63.489 68.229 0.916 0.485721 0.492025
V 64.489 68.229 0.851 0.486180 0.492022
V 65.489 68.229 0.792 0.486639 0.492018
V 66.489 68.229 0.750 0.487098 0.492014
V 67.489 68.229 0.705 0.487557 0.492010
V 68.489 68.229 0.623 0.488016 0.492007
V 69.489 68.229 0.530 0.488475 0.492003
V 70.489 68.229 0.381 0.488934 0.491999
V 71.489 68.229 0.181 0.489393 0.491996
V 72.489 68.229 -0.041 0.489852 0.491992
V 73.489 68.229 -0.278 0.490311 0.491988
V 74.489 68.229 -0.501 0.490769 0.491984
V 75.489 68.229 -0.725 0.491228 0.491981
V 76.489 68.229 -0.939 0.491687 0.491977
V 77.489 68.229 -1.059 0.492146 0.491973
V 78.489 68.229 -1.185 0.492605 0.491970
V 79.489 68.229 -1.135 0.493064 0.491966
V 80.489 68.229 -1.113 0.493523 0.491962
V 81.489 68.229 -0.974 0.493982 0.491959
V 82.489 68.229 -0.765 0.494441 0.491955
V 83.489 68.229 -0.546 0.494900 0.491951
V 84.489 68.229 -0.257 0.495359 0.491947
V 85.489 68.229 0.070 0.495817 0.491944
V 86.489 68.229 0.371 0.496276 0.491940
V 87.489 68.229 0.619 0.496735 0.491936
V 88.489 68.229 0.698 0.497194 0.491933
V 89.489 68.229 0.780 0.497653 0.491929
V 90.489 68.229 0.810 0.498112 0.491925
V 91.489 68.229 0.818 0.498571 0.491921
V 92.489 68.229 0.837 0.499030 0.491918
V 93.489 68.229 0.862 0.499489 0.491914
V 94.489 68.229 0.897 0.499948 0.491910
V 95.489 68.229 0.951 0.500407 0.491907
V 96.489 68.229 0.999 0.500866 0.491903
V 97.489 68.229 1.049 0.501324 0.491899
V 98.489 68.229 1.090 0.501783 0.491895
V 99.489 68.229 1.131 0.502242 0.491892
V 100.489 68.229 1.188 0.502701 0.491888
V 101.489 68.229 1.246 0.503160 0.491884
V 102.489 68.229 1.300 0.503619 0.491881
V 103.489 68.229 1.341 0.504078 0.491877
V 104.489 68.229 1.360 0.504537 0.491873
V 105.489 68.229 1.353 0.504996 0.491869
V 106.489 68.229 1.336 0.505455 0.491866
V 107.489 68.229 1.317 0.505914 0.491862
V 108.489 68.229 1.290 0.506372 0.491858
V 109.489 68.229 1.256 0.506831 0.491855
V 110.489 68.229 1.219 0.507290 0.491851
V 111.489 68.229 1.179 0.507749 0.491847
V 112.489 68.229 1.130 0.508208 0.491843
V 113.489 68.229 1.078 0.508667 0.491840
V 114.489 68.229 1.015 0.509126 0.491836
V 115.489 68.229 0.934 0.509585 0.491832
V 116.489 68.229 0.823 0.510044 0.491829
V 117.489 68.229 0.730 0.510503 0.491825
V 118.489 68.229 0.651 0.510962 0.491821
V 119.489 68.229 0.562 0.511420 0.491817
V 120.489 68.229 0.474 0.511879 0.491814
V 121.489 68.229 0.362 0.512338 0.491810
V 122.489 68.229 0.229 0.512797 0.491806
V 123.489 68.229 0.080 0.513256 0.491803
V 124.489 68.229 -0.111 0.513715 0.491799
V 125.489 68.229 -0.310 0.514174 0.491795
V 126.489 68.229 -0.607 0.514633 0.491791
V 127.489 68.229 -0.977 0.515092 0.491788
V 128.489 68.229 -1.411 0.515551 0.491784
V 129.489 68.229 -1.844 0.516010 0.491780
V 130.489 68.229 -2.294 0.516468 0.491777
V 131.489 68.229 -2.621 0.516927 0.491773
V 132.489 68.229 -3.218 0.517386 0.491769
V 133.489 68.229 -3.487 0.517845 0.491765
V 134.489 68.229 -3.883 0.518304 0.491762
V 135.489 68.229 -4.176 0.518763 0.491758
V 136.489 68.229 -4.267 0.519222 0.491754
V 137.489 68.229 -4.341 0.519681 0.491751
V 138.489 68.229 -4.132 0.520140 0.491747
V 139.489 68.229 -3.964 0.520599 0.491743
V 140.489 68.229 -4.369 0.521058 0.491739
V 141.489 68.229 -4.754 0.521516 0.491736
V 142.489 68.229 -5.281 0.521975 0.491732
V 143.489 68.229 -5.793 0.522434 0.491728
V 144.489 68.229 -6.269 0.522893 0.491725
V 145.489 68.229 -6.500 0.523352 0.491721
V 146.489 68.229 -6.673 0.523811 0.491717
V 147.489 68.229 -6.838 0.524270 0.491713
V 148.489 68.229 -7.160 0.524729 0.491710
V 149.489 68.229 -6.940 0.525188 0.491706
V 17.489 69.229 7.373 0.464615 0.492657
V 18.489 69.229 7.261 0.465074 0.492653
V 19.489 69.229 7.138 0.465533 0.492650
V 20.489 69.229 7.012 0.465992 0.492646
V 21.489 69.229 6.882 0.466451 0.492642
V 22.489 69.229 6.748 0.466910 0.492638
V 23.489 69.229 6.614 0.467369 0.492635
V 24.489 69.229 6.475 0.467828 0.492631
V 25.489 69.229 6.332 0.468287 0.492627
V 26.489 69.229 6.188 0.468745 0.492624
V 27.489 69.229 6.042 0.469204 0.492620
V 28.489 69.229 5.893 0.469663 0.492616
V 29.489 69.229 5.743 0.470122 0.492612
V 30.489 69.229 5.589 0.470581 0.492609
V 31.489 69.229 5.447 0.471040 0.492605
V 32.489 69.229 5.312 0.471499 0.492601
V 33.489 69.229 5.181 0.471958 0.492598
V 34.489 69.229 5.060 0.472417 0.492594
V 35.489 69.229 4.942 0.472876 0.492590
V 36.489 69.229 4.827 0.473335 0.492586
V 37.489 69.229 4.715 0.473793 0.492583
V 38.489 69.229 4.635 0.474252 0.492579
V 39.489 69.229 4.588 0.474711 0.492575
V 40.489 69.229 4.578 0.475170 0.492572
V 41.489 69.229 4.572 0.475629 0.492568
V 42.489 69.229 4.572 0.476088 0.492564
V 43.489 69.229 4.570 0.476547 0.492560
V 44.489 69.229 4.564 0.477006 0.492557
V 45.489 69.229 4.556 0.477465 0.492553
V 46.489 69.229 4.524 0.477924 0.492549
V 47.489 69.229 4.470 0.478383 0.492546
V 48.489 69.229 4.394 0.478841 0.492542
V 49.489 69.229 4.276 0.479300 0.492538
V 50.489 69.229 4.137 0.479759 0.492534
V 51.489 69.229 3.977 0.480218 0.492531
V 52.489 69.229 3.781 0.480677 0.492527
V 53.489 69.229 3.565 0.481136 0.492523
V 54.489 69.229 3.331 0.481595 0.492520
V 55.489 69.229 3.059 0.482054 0.492516
V 56.489 69.229 2.785 0.482513 0.492512
V 57.489 69.229 2.510 0.482972 0.492508
V 58.489 69.229 2.216 0.483431 0.492505
V 59.489 69.229 1.898 0.483890 0.492501
V 60.489 69.229 1.546 0.484348 0.492497
V 61.489 69.229 1.274 0.484807 0.492494
V 62.489 69.229 1.072 0.485266 0.492490
V 63.489 69.229 0.938 0.485725 0.492486
V 64.489 69.229 0.875 0.486184 0.492482
V 65.489 69.229 0.821 0.486643 0.492479
V 66.489 69.229 0.770 0.487102 0.492475
V 67.489 69.229 0.701 0.487561 0.492471
V 68.489 69.229 0.626 0.488020 0.492468
V 69.489 69.229 0.508 0.488479 0.492464
V 70.489 69.229 0.330 0.488938 0.492460
V 71.489 69.229 0.129 0.489396 0.492456
V 72.489 69.229 -0.090 0.489855 0.492453
V 73.489 69.229 -0.316 0.490314 0.492449
V 74.489 69.229 -0.530 0.490773 0.492445
V 75.489 69.229 -0.715 0.491232 0.492442
V 76.489 69.229 -0.872 0.491691 0.492438
V 77.489 69.229 -0.992 0.492150 0.492434
V 78.489 69.229 -1.036 0.492609 0.492430
V 79.489 69.229 -0.961 0.493068 0.492427
V 80.489 69.229 -0.828 0.493527 0.492423
V 81.489 69.229 -0.667 0.493986 0.492419
V 82.489 69.229 -0.488 0.494444 0.492416
V 83.489 69.229 -0.286 0.494903 0.492412
V 84.489 69.229 -0.027 0.495362 0.492408
V 85.489 69.229 0.253 0.495821 0.492405
V 86.489 69.229 0.516 0.496280 0.492401
V 87.489 69.229 0.725 0.496739 0.492397
V 88.489 69.229 0.785 0.497198 0.492393
V 89.489 69.229 0.841 0.497657 0.492390
V 90.489 69.229 0.886 0.498116 0.492386
V 91.489 69.229 0.933 0.498575 0.492382
V 92.489 69.229 0.972 0.499034 0.492379
V 93.489 69.229 1.009 0.499492 0.492375
V 94.489 69.229 1.056 0.499951 0.492371
V 95.489 69.229 1.111 0.500410 0.492367
V 96.489 69.229 1.173 0.500869 0.492364
V 97.489 69.229 1.224 0.501328 0.492360
V 98.489 69.229 1.260 0.501787 0.492356
V 99.489 69.229 1.290 0.502246 0.492353
V 100.489 69.229 1.343 0.502705 0.492349
V 101.489 69.229 1.403 0.503164 0.492345
V 102.489 69.229 1.463 0.503623 0.492341
V 103.489 69.229 1.500 0.504082 0.492338
V 104.489 69.229 1.516 0.504540 0.492334
V 105.489 69.229 1.507 0.504999 0.492330
V 106.489 69.229 1.490 0.505458 0.492327
V 107.489 69.229 1.465 0.505917 0.492323
V 108.489 69.229 1.436 0.506376 0.492319
V 109.489 69.229 1.399 0.506835 0.492315
V 110.489 69.229 1.360 0.507294 0.492312
V 111.489 69.229 1.320 0.507753 0.492308
V 112.489 69.229 1.270 0.508212 0.492304
V 113.489 69.229 1.211 0.508671 0.492301
V 114.489 69.229 1.145 0.509130 0.492297
V 115.489 69.229 1.064 0.509589 0.492293
V 116.489 69.229 0.976 0.510047 0.492289
V 117.489 69.229 0.901 0.510506 0.492286
V 118.489 69.229 0.824 0.510965 0.492282
V 119.489 69.229 0.736 0.511424 0.492278
V 120.489 69.229 0.647 0.511883 0.492275
V 121.489 69.229 0.532 0.512342 0.492271
V 122.489 69.229 0.403 0.512801 0.492267
V 123.489 69.229 0.258 0.513260 0.492263
V 124.489 69.229 0.088 0.513719 0.492260
V 125.489 69.229 -0.130 0.514178 0.492256
V 126.489 69.229 -0.380 0.514637 0.492252
V 127.489 69.229 -0.737 0.515095 0.492249
V 128.489 69.229 -1.101 0.515554 0.492245
V 129.489 69.229 -1.520 0.516013 0.492241
V 130.489 69.229 -1.908 0.516472 0.492237
V 131.489 69.229 -2.205 0.516931 0.492234
V 132.489 69.229 -2.433 0.517390 0.492230
V 133.489 69.229 -2.572 0.517849 0.492226
V 134.489 69.229 -2.767 0.518308 0.492223
V 135.489 69.229 -2.960 0.518767 0.492219
V 136.489 69.229 -3.153 0.519226 0.492215
V 137.489 69.229 -3.242 0.519685 0.492211
V 138.489 69.229 -3.222 0.520143 0.492208
V 139.489 69.229 -3.562 0.520602 0.492204
V 140.489 69.229 -3.966 0.521061 0.492200
V 141.489 69.229 -4.492 0.521520 0.492197
V 142.489 69.229 -5.095 0.521979 0.492193
V 143.489 69.229 -5.641 0.522438 0.492189
V 144.489 69.229 -6.150 0.522897 0.492185
V 145.489 69.229 -6.439 0.523356 0.492182
V 146.489 69.229 -6.670 0.523815 0.492178
V 147.489 69.229 -6.919 0.524274 0.492174
V 148.489 69.229 -7.110 0.524733 0.492171
V 149.489 69.229 -7.256 0.525191 0.492167
V 150.489 69.229 -6.977 0.525650 0.492163
V 16.489 70.229 7.492 0.464160 0.493122
V 17.489 70.229 7.390 0.464619 0.493118
V 18.489 70.229 7.264 0.465078 0.493114
V 19.489 70.229 7.144 0.465537 0.493110
V 20.489 70.229 7.021 0.465996 0.493107
V 21.489 70.229 6.896 0.466455 0.493103
V 22.489 70.229 6.764 0.466914 0.493099
V 23.489 70.229 6.631 0.467372 0.493096
V 24.489 70.229 6.495 0.467831 0.493092
V 25.489 70.229 6.354 0.468290 0.493088
V 26.489 70.229 6.213 0.468749 0.493084
V 27.489 70.229 6.068 0.469208 0.493081
V 28.489 70.229 5.922 0.469667 0.493077
V 29.489 70.229 5.771 0.470126 0.493073
V 30.489 70.229 5.609 0.470585 0.493070
V 31.489 70.229 5.462 0.471044 0.493066
V 32.489 70.229 5.324 0.471503 0.493062
V 33.489 70.229 5.189 0.471962 0.493058
V 34.489 70.229 5.067 0.472420 0.493055
V 35.489 70.229 4.948 0.472879 0.493051
V 36.489 70.229 4.831 0.473338 0.493047
V 37.489 70.229 4.723 0.473797 0.493044
V 38.489 70.229 4.646 0.474256 0.493040
V 39.489 70.229 4.604 0.474715 0.493036
V 40.489 70.229 4.593 0.475174 0.493032
V 41.489 70.229 4.588 0.475633 0.493029
V 42.489 70.229 4.587 0.476092 0.493025
V 43.489 70.229 4.587 0.476551 0.493021
V 44.489 70.229 4.585 0.477010 0.493018
V 45.489 70.229 4.586 0.477468 0.493014
V 46.489 70.229 4.540 0.477927 0.493010
V 47.489 70.229 4.480 0.478386 0.493006
V 48.489 70.229 4.399 0.478845 0.493003
V 49.489 70.229 4.276 0.479304 0.492999
V 50.489 70.229 4.134 0.479763 0.492995
V 51.489 70.229 3.969 0.480222 0.492992
V 52.489 70.229 3.771 0.480681 0.492988
V 53.489 70.229 3.554 0.481140 0.492984
V 54.489 70.229 3.318 0.481599 0.492980
V 55.489 70.229 3.049 0.482058 0.492977
V 56.489 70.229 2.775 0.482516 0.492973
V 57.489 70.229 2.497 0.482975 0.492969
V 58.489 70.229 2.227 0.483434 0.492966
V 59.489 70.229 1.926 0.483893 0.492962
V 60.489 70.229 1.600 0.484352 0.492958
V 61.489 70.229 1.331 0.484811 0.492954
V 62.489 70.229 1.132 0.485270 0.492951
V 63.489 70.229 1.004 0.485729 0.492947
V 64.489 70.229 0.932 0.486188 0.492943
V 65.489 70.229 0.864 0.486647 0.492940
V 66.489 70.229 0.778 0.487106 0.492936
V 67.489 70.229 0.660 0.487564 0.492932
V 68.489 70.229 0.569 0.488023 0.492928
V 69.489 70.229 0.448 0.488482 0.492925
V 70.489 70.229 0.275 0.488941 0.492921
V 71.489 70.229 0.079 0.489400 0.492917
V 72.489 70.229 -0.128 0.489859 0.492914
V 73.489 70.229 -0.335 0.490318 0.492910
V 74.489 70.229 -0.534 0.490777 0.492906
V 75.489 70.229 -0.688 0.491236 0.492902
V 76.489 70.229 -0.796 0.491695 0.492899
V 77.489 70.229 -0.879 0.492154 0.492895
V 78.489 70.229 -0.846 0.492613 0.492891
V 79.489 70.229 -0.702 0.493071 0.492888
V 80.489 70.229 -0.531 0.493530 0.492884
V 81.489 70.229 -0.328 0.493989 0.492880
V 82.489 70.229 -0.153 0.494448 0.492876
V 83.489 70.229 0.029 0.494907 0.492873
V 84.489 70.229 0.234 0.495366 0.492869
V 85.489 70.229 0.456 0.495825 0.492865
V 86.489 70.229 0.683 0.496284 0.492862
V 87.489 70.229 0.828 0.496743 0.492858
V 88.489 70.229 0.914 0.497202 0.492854
V 89.489 70.229 0.988 0.497661 0.492850
V 90.489 70.229 1.067 0.498119 0.492847
V 91.489 70.229 1.127 0.498578 0.492843
V 92.489 70.229 1.172 0.499037 0.492839
V 93.489 70.229 1.216 0.499496 0.492836
V 94.489 70.229 1.266 0.499955 0.492832
V 95.489 70.229 1.323 0.500414 0.492828
V 96.489 70.229 1.388 0.500873 0.492825
V 97.489 70.229 1.424 0.501332 0.492821
V 98.489 70.229 1.453 0.501791 0.492817
V 99.489 70.229 1.479 0.502250 0.492813
V 100.489 70.229 1.515 0.502709 0.492810
V 101.489 70.229 1.569 0.503167 0.492806
V 102.489 70.229 1.625 0.503626 0.492802
V 103.489 70.229 1.654 0.504085 0.492799
V 104.489 70.229 1.667 0.504544 0.492795
V 105.489 70.229 1.657 0.505003 0.492791
V 106.489 70.229 1.636 0.505462 0.492787
V 107.489 70.229 1.608 0.505921 0.492784
V 108.489 70.229 1.574 0.506380 0.492780
V 109.489 70.229 1.533 0.506839 0.492776
V 110.489 70.229 1.490 0.507298 0.492773
V 111.489 70.229 1.447 0.507757 0.492769
V 112.489 70.229 1.396 0.508215 0.492765
V 113.489 70.229 1.335 0.508674 0.492761
V 114.489 70.229 1.266 0.509133 0.492758
V 115.489 70.229 1.178 0.509592 0.492754
V 116.489 70.229 1.084 0.510051 0.492750
V 117.489 70.229 0.991 0.510510 0.492747
V 118.489 70.229 0.901 0.510969 0.492743
V 119.489 70.229 0.807 0.511428 0.492739
V 120.489 70.229 0.716 0.511887 0.492735
V 121.489 70.229 0.610 0.512346 0.492732
V 122.489 70.229 0.491 0.512805 0.492728
V 123.489 70.229 0.372 0.513263 0.492724
V 124.489 70.229 0.251 0.513722 0.492721
V 125.489 70.229 0.052 0.514181 0.492717
V 126.489 70.229 -0.179 0.514640 0.492713
V 127.489 70.229 -0.509 0.515099 0.492709
V 128.489 70.229 -0.844 0.515558 0.492706
V 129.489 70.229 -1.213 0.516017 0.492702
V 130.489 70.229 -1.572 0.516476 0.492698
V 131.489 70.229 -1.842 0.516935 0.492695
V 132.489 70.229 -2.017 0.517394 0.492691
V 133.489 70.229 -2.082 0.517853 0.492687
V 134.489 70.229 -2.215 0.518312 0.492683
V 135.489 70.229 -2.270 0.518770 0.492680
V 136.489 70.229 -2.380 0.519229 0.492676
V 137.489 70.229 -2.485 0.519688 0.492672
V 138.489 70.229 -2.759 0.520147 0.492669
V 139.489 70.229 -3.217 0.520606 0.492665
V 140.489 70.229 -3.676 0.521065 0.492661
V 141.489 70.229 -4.264 0.521524 0.492657
V 142.489 70.229 -4.898 0.521983 0.492654
V 143.489 70.229 -5.468 0.522442 0.492650
V 144.489 70.229 -6.027 0.522901 0.492646
V 145.489 70.229 -6.404 0.523360 0.492643
V 146.489 70.229 -6.709 0.523818 0.492639
V 147.489 70.229 -7.122 0.524277 0.492635
V 148.489 70.229 -7.214 0.524736 0.492631
V 149.489 70.229 -7.325 0.525195 0.492628
V 150.489 70.229 -7.263 0.525654 0.492624
V 15.489 71.229 7.628 0.463705 0.493586
V 16.489 71.229 7.515 0.464164 0.493582
V 17.489 71.229 7.405 0.464623 0.493579
V 18.489 71.229 7.277 0.465082 0.493575
V 19.489 71.229 7.158 0.465540 0.493571
V 20.489 71.229 7.036 0.465999 0.493568
V 21.489 71.229 6.920 0.466458 0.493564
V 22.489 71.229 6.796 0.466917 0.493560
V 23.489 71.229 6.663 0.467376 0.493556
V 24.489 71.229 6.533 0.467835 0.493553
V 25.489 71.229 6.397 0.468294 0.493549
V 26.489 71.229 6.256 0.468753 0.493545
V 27.489 71.229 6.119 0.469212 0.493542
V 28.489 71.229 5.972 0.469671 0.493538
V 29.489 71.229 5.814 0.470130 0.493534
V 30.489 71.229 5.651 0.470588 0.493530
V 31.489 71.229 5.495 0.471047 0.493527
V 32.489 71.229 5.354 0.471506 0.493523
V 33.489 71.229 5.215 0.471965 0.493519
V 34.489 71.229 5.093 0.472424 0.493516
V 35.489 71.229 4.971 0.472883 0.493512
V 36.489 71.229 4.852 0.473342 0.493508
V 37.489 71.229 4.751 0.473801 0.493504
V 38.489 71.229 4.676 0.474260 0.493501
V 39.489 71.229 4.637 0.474719 0.493497
V 40.489 71.229 4.625 0.475178 0.493493
V 41.489 71.229 4.619 0.475637 0.493490
V 42.489 71.229 4.620 0.476095 0.493486
V 43.489 71.229 4.623 0.476554 0.493482
V 44.489 71.229 4.626 0.477013 0.493478
V 45.489 71.229 4.626 0.477472 0.493475
V 46.489 71.229 4.575 0.477931 0.493471
V 47.489 71.229 4.498 0.478390 0.493467
V 48.489 71.229 4.409 0.478849 0.493464
V 49.489 71.229 4.282 0.479308 0.493460
V 50.489 71.229 4.137 0.479767 0.493456
V 51.489 71.229 3.972 0.480226 0.493452
V 52.489 71.229 3.772 0.480685 0.493449
V 53.489 71.229 3.554 0.481143 0.493445
V 54.489 71.229 3.319 0.481602 0.493441
V 55.489 71.229 3.052 0.482061 0.493438
V 56.489 71.229 2.786 0.482520 0.493434
V 57.489 71.229 2.509 0.482979 0.493430
V 58.489 71.229 2.238 0.483438 0.493426
V 59.489 71.229 1.971 0.483897 0.493423
V 60.489 71.229 1.668 0.484356 0.493419
V 61.489 71.229 1.414 0.484815 0.493415
V 62.489 71.229 1.215 0.485274 0.493412
V 63.489 71.229 1.076 0.485733 0.493408
V 64.489 71.229 0.937 0.486191 0.493404
V 65.489 71.229 0.857 0.486650 0.493400
V 66.489 71.229 0.711 0.487109 0.493397
V 67.489 71.229 0.589 0.487568 0.493393
V 68.489 71.229 0.462 0.488027 0.493389
V 69.489 71.229 0.350 0.488486 0.493386
V 70.489 71.229 0.189 0.488945 0.493382
V 71.489 71.229 0.047 0.489404 0.493378
V 72.489 71.229 -0.150 0.489863 0.493374
V 73.489 71.229 -0.350 0.490322 0.493371
V 74.489 71.229 -0.495 0.490781 0.493367
V 75.489 71.229 -0.640 0.491239 0.493363
V 76.489 71.229 -0.729 0.491698 0.493360
V 77.489 71.229 -0.680 0.492157 0.493356
V 78.489 71.229 -0.625 0.492616 0.493352
V 79.489 71.229 -0.423 0.493075 0.493348
V 80.489 71.229 -0.218 0.493534 0.493345
V 81.489 71.229 -0.006 0.493993 0.493341
V 82.489 71.229 0.177 0.494452 0.493337
V 83.489 71.229 0.367 0.494911 0.493334
V 84.489 71.229 0.549 0.495370 0.493330
V 85.489 71.229 0.748 0.495829 0.493326
V 86.489 71.229 0.878 0.496287 0.493322
V 87.489 71.229 1.017 0.496746 0.493319
V 88.489 71.229 1.116 0.497205 0.493315
V 89.489 71.229 1.216 0.497664 0.493311
V 90.489 71.229 1.297 0.498123 0.493308
V 91.489 71.229 1.358 0.498582 0.493304
V 92.489 71.229 1.414 0.499041 0.493300
V 93.489 71.229 1.461 0.499500 0.493296
V 94.489 71.229 1.508 0.499959 0.493293
V 95.489 71.229 1.560 0.500418 0.493289
V 96.489 71.229 1.610 0.500877 0.493285
V 97.489 71.229 1.638 0.501336 0.493282
V 98.489 71.229 1.666 0.501794 0.493278
V 99.489 71.229 1.689 0.502253 0.493274
V 100.489 71.229 1.720 0.502712 0.493271
V 101.489 71.229 1.736 0.503171 0.493267
V 102.489 71.229 1.784 0.503630 0.493263
V 103.489 71.229 1.809 0.504089 0.493259
V 104.489 71.229 1.810 0.504548 0.493256
V 105.489 71.229 1.798 0.505007 0.493252
V 106.489 71.229 1.770 0.505466 0.493248
V 107.489 71.229 1.741 0.505925 0.493245
V 108.489 71.229 1.701 0.506384 0.493241
V 109.489 71.229 1.653 0.506842 0.493237
V 110.489 71.229 1.606 0.507301 0.493233
V 111.489 71.229 1.561 0.507760 0.493230
V 112.489 71.229 1.504 0.508219 0.493226
V 113.489 71.229 1.444 0.508678 0.493222
V 114.489 71.229 1.368 0.509137 0.493219
V 115.489 71.229 1.277 0.509596 0.493215
V 116.489 71.229 1.183 0.510055 0.493211
V 117.489 71.229 1.085 0.510514 0.493207
V 118.489 71.229 0.986 0.510973 0.493204
V 119.489 71.229 0.892 0.511432 0.493200
V 120.489 71.229 0.794 0.511890 0.493196
V 121.489 71.229 0.694 0.512349 0.493193
V 122.489 71.229 0.601 0.512808 0.493189
V 123.489 71.229 0.489 0.513267 0.493185
V 124.489 71.229 0.395 0.513726 0.493181
V 125.489 71.229 0.220 0.514185 0.493178
V 126.489 71.229 0.003 0.514644 0.493174
V 127.489 71.229 -0.306 0.515103 0.493170
V 128.489 71.229 -0.585 0.515562 0.493167
V 129.489 71.229 -0.920 0.516021 0.493163
V 130.489 71.229 -1.256 0.516480 0.493159
V 131.489 71.229 -1.510 0.516938 0.493155
V 132.489 71.229 -1.664 0.517397 0.493152
V 133.489 71.229 -1.719 0.517856 0.493148
V 134.489 71.229 -1.753 0.518315 0.493144
V 135.489 71.229 -1.806 0.518774 0.493141
V 136.489 71.229 -2.057 0.519233 0.493137
V 137.489 71.229 -2.308 0.519692 0.493133
V 138.489 71.229 -2.699 0.520151 0.493129
V 139.489 71.229 -3.134 0.520610 0.493126
V 140.489 71.229 -3.657 0.521069 0.493122
V 141.489 71.229 -4.181 0.521528 0.493118
V 142.489 71.229 -4.756 0.521986 0.493115
V 143.489 71.229 -5.347 0.522445 0.493111
V 144.489 71.229 -5.904 0.522904 0.493107
V 145.489 71.229 -6.409 0.523363 0.493103
V 146.489 71.229 -6.841 0.523822 0.493100
V 147.489 71.229 -7.274 0.524281 0.493096
V 148.489 71.229 -7.404 0.524740 0.493092
V 149.489 71.229 -7.461 0.525199 0.493089
V 150.489 71.229 -7.425 0.525658 0.493085
V 151.489 71.229 -7.274 0.526117 0.493081
V 13.489 72.229 7.853 0.462791 0.494054
V 14.489 72.229 7.756 0.463250 0.494051
V 15.489 72.229 7.672 0.463709 0.494047
V 16.489 72.229 7.553 0.464167 0.494043
V 17.489 72.229 7.427 0.464626 0.494039
V 18.489 72.229 7.298 0.465085 0.494036
V 19.489 72.229 7.180 0.465544 0.494032
V 20.489 72.229 7.065 0.466003 0.494028
V 21.489 72.229 6.952 0.466462 0.494025
V 22.489 72.229 6.834 0.466921 0.494021
V 23.489 72.229 6.712 0.467380 0.494017
V 24.489 72.229 6.583 0.467839 0.494013
V 25.489 72.229 6.449 0.468298 0.494010
V 26.489 72.229 6.318 0.468757 0.494006
V 27.489 72.229 6.185 0.469215 0.494002
V 28.489 72.229 6.037 0.469674 0.493999
V 29.489 72.229 5.879 0.470133 0.493995
V 30.489 72.229 5.707 0.470592 0.493991
V 31.489 72.229 5.546 0.471051 0.493988
V 32.489 72.229 5.397 0.471510 0.493984
V 33.489 72.229 5.254 0.471969 0.493980
V 34.489 72.229 5.129 0.472428 0.493976
V 35.489 72.229 5.005 0.472887 0.493973
V 36.489 72.229 4.884 0.473346 0.493969
V 37.489 72.229 4.786 0.473805 0.493965
V 38.489 72.229 4.720 0.474263 0.493962
V 39.489 72.229 4.682 0.474722 0.493958
V 40.489 72.229 4.670 0.475181 0.493954
V 41.489 72.229 4.665 0.475640 0.493950
V 42.489 72.229 4.667 0.476099 0.493947
V 43.489 72.229 4.677 0.476558 0.493943
V 44.489 72.229 4.680 0.477017 0.493939
V 45.489 72.229 4.667 0.477476 0.493936
V 46.489 72.229 4.596 0.477935 0.493932
V 47.489 72.229 4.514 0.478394 0.493928
V 48.489 72.229 4.424 0.478853 0.493924
V 49.489 72.229 4.296 0.479311 0.493921
V 50.489 72.229 4.149 0.479770 0.493917
V 51.489 72.229 3.982 0.480229 0.493913
V 52.489 72.229 3.781 0.480688 0.493910
V 53.489 72.229 3.565 0.481147 0.493906
V 54.489 72.229 3.329 0.481606 0.493902
V 55.489 72.229 3.068 0.482065 0.493898
V 56.489 72.229 2.805 0.482524 0.493895
V 57.489 72.229 2.535 0.482983 0.493891
V 58.489 72.229 2.266 0.483442 0.493887
V 59.489 72.229 1.999 0.483901 0.493884
V 60.489 72.229 1.740 0.484360 0.493880
V 61.489 72.229 1.491 0.484818 0.493876
V 62.489 72.229 1.276 0.485277 0.493872
V 63.489 72.229 1.131 0.485736 0.493869
V 64.489 72.229 0.959 0.486195 0.493865
V 65.489 72.229 0.794 0.486654 0.493861
V 66.489 72.229 0.623 0.487113 0.493858
V 67.489 72.229 0.485 0.487572 0.493854
V 68.489 72.229 0.356 0.488031 0.493850
V 69.489 72.229 0.244 0.488490 0.493846
V 70.489 72.229 0.127 0.488949 0.493843
V 71.489 72.229 -0.000 0.489408 0.493839
V 72.489 72.229 -0.168 0.489866 0.493835
V 73.489 72.229 -0.341 0.490325 0.493832
V 74.489 72.229 -0.458 0.490784 0.493828
V 75.489 72.229 -0.573 0.491243 0.493824
V 76.489 72.229 -0.597 0.491702 0.493820
V 77.489 72.229 -0.520 0.492161 0.493817
V 78.489 72.229 -0.396 0.492620 0.493813
V 79.489 72.229 -0.178 0.493079 0.493809
V 80.489 72.229 0.050 0.493538 0.493806
V 81.489 72.229 0.295 0.493997 0.493802
V 82.489 72.229 0.518 0.494456 0.493798
V 83.489 72.229 0.708 0.494914 0.493794
V 84.489 72.229 0.867 0.495373 0.493791
V 85.489 72.229 0.983 0.495832 0.493787
V 86.489 72.229 1.109 0.496291 0.493783
V 87.489 72.229 1.240 0.496750 0.493780
V 88.489 72.229 1.351 0.497209 0.493776
V 89.489 72.229 1.451 0.497668 0.493772
V 90.489 72.229 1.540 0.498127 0.493768
V 91.489 72.229 1.608 0.498586 0.493765
V 92.489 72.229 1.665 0.499045 0.493761
V 93.489 72.229 1.714 0.499504 0.493757
V 94.489 72.229 1.753 0.499962 0.493754
V 95.489 72.229 1.794 0.500421 0.493750
V 96.489 72.229 1.835 0.500880 0.493746
V 97.489 72.229 1.859 0.501339 0.493742
V 98.489 72.229 1.883 0.501798 0.493739
V 99.489 72.229 1.900 0.502257 0.493735
V 100.489 72.229 1.915 0.502716 0.493731
V 101.489 72.229 1.921 0.503175 0.493728
V 102.489 72.229 1.939 0.503634 0.493724
V 103.489 72.229 1.952 0.504093 0.493720
V 104.489 72.229 1.947 0.504552 0.493716
V 105.489 72.229 1.932 0.505010 0.493713
V 106.489 72.229 1.901 0.505469 0.493709
V 107.489 72.229 1.861 0.505928 0.493705
V 108.489 72.229 1.819 0.506387 0.493702
V 109.489 72.229 1.769 0.506846 0.493698
V 110.489 72.229 1.717 0.507305 0.493694
V 111.489 72.229 1.665 0.507764 0.493691
V 112.489 72.229 1.607 0.508223 0.493687
V 113.489 72.229 1.538 0.508682 0.493683
V 114.489 72.229 1.460 0.509141 0.493679
V 115.489 72.229 1.370 0.509600 0.493676
V 116.489 72.229 1.275 0.510059 0.493672
V 117.489 72.229 1.178 0.510517 0.493668
V 118.489 72.229 1.077 0.510976 0.493665
V 119.489 72.229 0.979 0.511435 0.493661
V 120.489 72.229 0.879 0.511894 0.493657
V 121.489 72.229 0.786 0.512353 0.493653
V 122.489 72.229 0.693 0.512812 0.493650
V 123.489 72.229 0.606 0.513271 0.493646
V 124.489 72.229 0.522 0.513730 0.493642
V 125.489 72.229 0.384 0.514189 0.493639
V 126.489 72.229 0.173 0.514648 0.493635
V 127.489 72.229 -0.089 0.515107 0.493631
V 128.489 72.229 -0.368 0.515565 0.493627
V 129.489 72.229 -0.641 0.516024 0.493624
V 130.489 72.229 -0.968 0.516483 0.493620
V 131.489 72.229 -1.198 0.516942 0.493616
V 132.489 72.229 -1.342 0.517401 0.493613
V 133.489 72.229 -1.368 0.517860 0.493609
V 134.489 72.229 -1.436 0.518319 0.493605
V 135.489 72.229 -1.483 0.518778 0.493601
V 136.489 72.229 -1.783 0.519237 0.493598
V 137.489 72.229 -2.306 0.519696 0.493594
V 138.489 72.229 -2.838 0.520155 0.493590
V 139.489 72.229 -3.270 0.520613 0.493587
V 140.489 72.229 -3.704 0.521072 0.493583
V 141.489 72.229 -4.203 0.521531 0.493579
V 142.489 72.229 -4.757 0.521990 0.493575
V 143.489 72.229 -5.251 0.522449 0.493572
V 144.489 72.229 -5.757 0.522908 0.493568
V 145.489 72.229 -6.307 0.523367 0.493564
V 146.489 72.229 -6.833 0.523826 0.493561
V 147.489 72.229 -7.325 0.524285 0.493557
V 148.489 72.229 -7.482 0.524744 0.493553
V 149.489 72.229 -7.580 0.525203 0.493549
V 150.489 72.229 -7.516 0.525661 0.493546
V 151.489 72.229 -7.448 0.526120 0.493542
V 152.489 72.229 -7.292 0.526579 0.493538
V 12.489 73.229 7.985 0.462335 0.494519
V 13.489 73.229 7.907 0.462794 0.494515
V 14.489 73.229 7.817 0.463253 0.494511
V 15.489 73.229 7.718 0.463712 0.494508
V 16.489 73.229 7.592 0.464171 0.494504
V 17.489 73.229 7.464 0.464630 0.494500
V 18.489 73.229 7.336 0.465089 0.494497
V 19.489 73.229 7.218 0.465548 0.494493
V 20.489 73.229 7.105 0.466007 0.494489
V 21.489 73.229 6.995 0.466466 0.494485
V 22.489 73.229 6.889 0.466925 0.494482
V 23.489 73.229 6.773 0.467384 0.494478
V 24.489 73.229 6.653 0.467842 0.494474
V 25.489 73.229 6.527 0.468301 0.494471
V 26.489 73.229 6.400 0.468760 0.494467
V 27.489 73.229 6.275 0.469219 0.494463
V 28.489 73.229 6.123 0.469678 0.494459
V 29.489 73.229 5.962 0.470137 0.494456
V 30.489 73.229 5.787 0.470596 0.494452
V 31.489 73.229 5.617 0.471055 0.494448
V 32.489 73.229 5.463 0.471514 0.494445
V 33.489 73.229 5.314 0.471973 0.494441
V 34.489 73.229 5.186 0.472432 0.494437
V 35.489 73.229 5.060 0.472890 0.494434
V 36.489 73.229 4.936 0.473349 0.494430
V 37.489 73.229 4.845 0.473808 0.494426
V 38.489 73.229 4.783 0.474267 0.494422
V 39.489 73.229 4.746 0.474726 0.494419
V 40.489 73.229 4.734 0.475185 0.494415
V 41.489 73.229 4.731 0.475644 0.494411
V 42.489 73.229 4.735 0.476103 0.494408
V 43.489 73.229 4.749 0.476562 0.494404
V 44.489 73.229 4.744 0.477021 0.494400
V 45.489 73.229 4.700 0.477480 0.494396
V 46.489 73.229 4.623 0.477938 0.494393
V 47.489 73.229 4.539 0.478397 0.494389
V 48.489 73.229 4.444 0.478856 0.494385
V 49.489 73.229 4.315 0.479315 0.494382
V 50.489 73.229 4.168 0.479774 0.494378
V 51.489 73.229 4.002 0.480233 0.494374
V 52.489 73.229 3.803 0.480692 0.494370
V 53.489 73.229 3.588 0.481151 0.494367
V 54.489 73.229 3.355 0.481610 0.494363
V 55.489 73.229 3.102 0.482069 0.494359
V 56.489 73.229 2.843 0.482528 0.494356
V 57.489 73.229 2.581 0.482986 0.494352
V 58.489 73.229 2.320 0.483445 0.494348
V 59.489 73.229 2.058 0.483904 0.494344
V 60.489 73.229 1.805 0.484363 0.494341
V 61.489 73.229 1.561 0.484822 0.494337
V 62.489 73.229 1.329 0.485281 0.494333
V 63.489 73.229 1.123 0.485740 0.494330
V 64.489 73.229 0.915 0.486199 0.494326
V 65.489 73.229 0.737 0.486658 0.494322
V 66.489 73.229 0.557 0.487117 0.494318
V 67.489 73.229 0.420 0.487576 0.494315
V 68.489 73.229 0.285 0.488034 0.494311
V 69.489 73.229 0.158 0.488493 0.494307
V 70.489 73.229 0.039 0.488952 0.494304
V 71.489 73.229 -0.072 0.489411 0.494300
V 72.489 73.229 -0.189 0.489870 0.494296
V 73.489 73.229 -0.308 0.490329 0.494292
V 74.489 73.229 -0.391 0.490788 0.494289
V 75.489 73.229 -0.471 0.491247 0.494285
V 76.489 73.229 -0.433 0.491706 0.494281
V 77.489 73.229 -0.322 0.492165 0.494278
V 78.489 73.229 -0.170 0.492624 0.494274
V 79.489 73.229 0.055 0.493083 0.494270
V 80.489 73.229 0.289 0.493541 0.494266
V 81.489 73.229 0.550 0.494000 0.494263
V 82.489 73.229 0.802 0.494459 0.494259
V 83.489 73.229 0.996 0.494918 0.494255
V 84.489 73.229 1.138 0.495377 0.494252
V 85.489 73.229 1.228 0.495836 0.494248
V 86.489 73.229 1.346 0.496295 0.494244
V 87.489 73.229 1.471 0.496754 0.494240
V 88.489 73.229 1.579 0.497213 0.494237
V 89.489 73.229 1.679 0.497672 0.494233
V 90.489 73.229 1.767 0.498131 0.494229
V 91.489 73.229 1.837 0.498589 0.494226
V 92.489 73.229 1.897 0.499048 0.494222
V 93.489 73.229 1.952 0.499507 0.494218
V 94.489 73.229 1.994 0.499966 0.494214
V 95.489 73.229 2.034 0.500425 0.494211
V 96.489 73.229 2.061 0.500884 0.494207
V 97.489 73.229 2.075 0.501343 0.494203
V 98.489 73.229 2.092 0.501802 0.494200
V 99.489 73.229 2.094 0.502261 0.494196
V 100.489 73.229 2.096 0.502720 0.494192
V 101.489 73.229 2.091 0.503179 0.494188
V 102.489 73.229 2.091 0.503637 0.494185
V 103.489 73.229 2.088 0.504096 0.494181
V 104.489 73.229 2.072 0.504555 0.494177
V 105.489 73.229 2.049 0.505014 0.494174
V 106.489 73.229 2.012 0.505473 0.494170
V 107.489 73.229 1.968 0.505932 0.494166
V 108.489 73.229 1.920 0.506391 0.494162
V 109.489 73.229 1.865 0.506850 0.494159
V 110.489 73.229 1.810 0.507309 0.494155
V 111.489 73.229 1.756 0.507768 0.494151
V 112.489 73.229 1.691 0.508227 0.494148
V 113.489 73.229 1.619 0.508685 0.494144
V 114.489 73.229 1.541 0.509144 0.494140
V 115.489 73.229 1.452 0.509603 0.494137
V 116.489 73.229 1.359 0.510062 0.494133
V 117.489 73.229 1.265 0.510521 0.494129
V 118.489 73.229 1.166 0.510980 0.494125
V 119.489 73.229 1.070 0.511439 0.494122
V 120.489 73.229 0.973 0.511898 0.494118
V 121.489 73.229 0.886 0.512357 0.494114
V 122.489 73.229 0.804 0.512816 0.494111
V 123.489 73.229 0.724 0.513275 0.494107
V 124.489 73.229 0.651 0.513733 0.494103
V 125.489 73.229 0.524 0.514192 0.494099
V 126.489 73.229 0.329 0.514651 0.494096
V 127.489 73.229 0.109 0.515110 0.494092
V 128.489 73.229 -0.147 0.515569 0.494088
V 129.489 73.229 -0.383 0.516028 0.494085
V 130.489 73.229 -0.687 0.516487 0.494081
V 131.489 73.229 -0.909 0.516946 0.494077
V 132.489 73.229 -1.054 0.517405 0.494073
V 133.489 73.229 -1.085 0.517864 0.494070
V 134.489 73.229 -1.192 0.518323 0.494066
V 135.489 73.229 -1.347 0.518782 0.494062
V 136.489 73.229 -1.953 0.519240 0.494059
V 137.489 73.229 -2.606 0.519699 0.494055
V 138.489 73.229 -3.171 0.520158 0.494051
V 139.489 73.229 -3.600 0.520617 0.494047
V 140.489 73.229 -3.998 0.521076 0.494044
V 141.489 73.229 -4.401 0.521535 0.494040
V 142.489 73.229 -4.779 0.521994 0.494036
V 143.489 73.229 -5.161 0.522453 0.494033
V 144.489 73.229 -5.526 0.522912 0.494029
V 145.489 73.229 -6.017 0.523371 0.494025
V 146.489 73.229 -6.525 0.523830 0.494021
V 147.489 73.229 -7.010 0.524288 0.494018
V 148.489 73.229 -7.370 0.524747 0.494014
V 149.489 73.229 -7.522 0.525206 0.494010
V 150.489 73.229 -7.584 0.525665 0.494007
V 151.489 73.229 -7.589 0.526124 0.494003
V 152.489 73.229 -7.494 0.526583 0.493999
V 153.489 73.229 -7.321 0.527042 0.493995
V 11.489 74.229 8.132 0.461880 0.494983
V 12.489 74.229 8.079 0.462339 0.494980
V 13.489 74.229 8.001 0.462798 0.494976
V 14.489 74.229 7.904 0.463257 0.494972
V 15.489 74.229 7.791 0.463716 0.494969
V 16.489 74.229 7.648 0.464175 0.494965
V 17.489 74.229 7.517 0.464634 0.494961
V 18.489 74.229 7.394 0.465093 0.494957
V 19.489 74.229 7.282 0.465552 0.494954
V 20.489 74.229 7.168 0.466010 0.494950
V 26.489 74.229 6.506 0.468764 0.494928
V 27.489 74.229 6.381 0.469223 0.494924
V 28.489 74.229 6.228 0.469682 0.494920
V 29.489 74.229 6.062 0.470141 0.494917
V 30.489 74.229 5.888 0.470600 0.494913
V 31.489 74.229 5.716 0.471058 0.494909
V 32.489 74.229 5.547 0.471517 0.494905
V 33.489 74.229 5.396 0.471976 0.494902
V 34.489 74.229 5.261 0.472435 0.494898
V 35.489 74.229 5.133 0.472894 0.494894
V 36.489 74.229 5.010 0.473353 0.494891
V 37.489 74.229 4.928 0.473812 0.494887
V 38.489 74.229 4.865 0.474271 0.494883
V 39.489 74.229 4.829 0.474730 0.494879
V 40.489 74.229 4.817 0.475189 0.494876
V 41.489 74.229 4.814 0.475648 0.494872
V 42.489 74.229 4.819 0.476107 0.494868
V 43.489 74.229 4.814 0.476565 0.494865
V 44.489 74.229 4.800 0.477024 0.494861
V 45.489 74.229 4.736 0.477483 0.494857
V 46.489 74.229 4.657 0.477942 0.494854
V 47.489 74.229 4.571 0.478401 0.494850
V 48.489 74.229 4.471 0.478860 0.494846
V 49.489 74.229 4.341 0.479319 0.494842
V 50.489 74.229 4.194 0.479778 0.494839
V 51.489 74.229 4.030 0.480237 0.494835
V 52.489 74.229 3.837 0.480696 0.494831
V 53.489 74.229 3.623 0.481155 0.494828
V 54.489 74.229 3.401 0.481613 0.494824
V 55.489 74.229 3.159 0.482072 0.494820
V 56.489 74.229 2.910 0.482531 0.494816
V 57.489 74.229 2.652 0.482990 0.494813
V 58.489 74.229 2.400 0.483449 0.494809
V 59.489 74.229 2.142 0.483908 0.494805
V 60.489 74.229 1.888 0.484367 0.494802
V 61.489 74.229 1.646 0.484826 0.494798
V 62.489 74.229 1.413 0.485285 0.494794
V 63.489 74.229 1.175 0.485744 0.494790
V 64.489 74.229 0.963 0.486203 0.494787
V 65.489 74.229 0.752 0.486661 0.494783
V 66.489 74.229 0.568 0.487120 0.494779
V 67.489 74.229 0.419 0.487579 0.494776
V 68.489 74.229 0.297 0.488038 0.494772
V 69.489 74.229 0.186 0.488497 0.494768
V 70.489 74.229 0.069 0.488956 0.494764
V 71.489 74.229 -0.033 0.489415 0.494761
V 72.489 74.229 -0.133 0.489874 0.494757
V 73.489 74.229 -0.216 0.490333 0.494753
V 74.489 74.229 -0.310 0.490792 0.494750
V 75.489 74.229 -0.353 0.491251 0.494746
V 76.489 74.229 -0.294 0.491709 0.494742
V 77.489 74.229 -0.173 0.492168 0.494738
V 78.489 74.229 -0.006 0.492627 0.494735
V 79.489 74.229 0.221 0.493086 0.494731
V 80.489 74.229 0.475 0.493545 0.494727
V 81.489 74.229 0.739 0.494004 0.494724
V 82.489 74.229 0.996 0.494463 0.494720
V 83.489 74.229 1.205 0.494922 0.494716
V 84.489 74.229 1.361 0.495381 0.494712
V 85.489 74.229 1.458 0.495840 0.494709
V 86.489 74.229 1.576 0.496299 0.494705
V 87.489 74.229 1.701 0.496757 0.494701
V 88.489 74.229 1.808 0.497216 0.494698
V 89.489 74.229 1.903 0.497675 0.494694
V 90.489 74.229 1.990 0.498134 0.494690
V 91.489 74.229 2.061 0.498593 0.494686
V 92.489 74.229 2.125 0.499052 0.494683
V 93.489 74.229 2.180 0.499511 0.494679
V 94.489 74.229 2.222 0.499970 0.494675
V 95.489 74.229 2.249 0.500429 0.494672
V 96.489 74.229 2.273 0.500888 0.494668
V 97.489 74.229 2.284 0.501347 0.494664
V 98.489 74.229 2.272 0.501806 0.494660
V 99.489 74.229 2.269 0.502264 0.494657
V 100.489 74.229 2.247 0.502723 0.494653
V 101.489 74.229 2.225 0.503182 0.494649
V 102.489 74.229 2.210 0.503641 0.494646
V 103.489 74.229 2.192 0.504100 0.494642
V 104.489 74.229 2.150 0.504559 0.494638
V 105.489 74.229 2.123 0.505018 0.494634
V 106.489 74.229 2.081 0.505477 0.494631
V 107.489 74.229 2.031 0.505936 0.494627
V 108.489 74.229 1.977 0.506395 0.494623
V 109.489 74.229 1.934 0.506854 0.494620
V 110.489 74.229 1.885 0.507312 0.494616
V 111.489 74.229 1.831 0.507771 0.494612
V 112.489 74.229 1.766 0.508230 0.494608
V 113.489 74.229 1.692 0.508689 0.494605
V 114.489 74.229 1.613 0.509148 0.494601
V 115.489 74.229 1.525 0.509607 0.494597
V 116.489 74.229 1.433 0.510066 0.494594
V 117.489 74.229 1.340 0.510525 0.494590
V 118.489 74.229 1.246 0.510984 0.494586
V 119.489 74.229 1.155 0.511443 0.494582
V 120.489 74.229 1.074 0.511902 0.494579
V 121.489 74.229 0.996 0.512360 0.494575
V 122.489 74.229 0.915 0.512819 0.494571
V 123.489 74.229 0.839 0.513278 0.494568
V 124.489 74.229 0.771 0.513737 0.494564
V 125.489 74.229 0.658 0.514196 0.494560
V 126.489 74.229 0.476 0.514655 0.494557
V 127.489 74.229 0.266 0.515114 0.494553
V 128.489 74.229 0.076 0.515573 0.494549
V 129.489 74.229 -0.153 0.516032 0.494545
V 130.489 74.229 -0.423 0.516491 0.494542
V 131.489 74.229 -0.645 0.516950 0.494538
V 132.489 74.229 -0.800 0.517408 0.494534
V 133.489 74.229 -0.913 0.517867 0.494531
V 134.489 74.229 -1.022 0.518326 0.494527
V 135.489 74.229 -1.585 0.518785 0.494523
V 136.489 74.229 -2.257 0.519244 0.494519
V 137.489 74.229 -2.876 0.519703 0.494516
V 138.489 74.229 -3.420 0.520162 0.494512
V 139.489 74.229 -3.775 0.520621 0.494508
V 140.489 74.229 -4.092 0.521080 0.494505
V 141.489 74.229 -4.334 0.521539 0.494501
V 142.489 74.229 -4.553 0.521998 0.494497
V 143.489 74.229 -4.889 0.522456 0.494493
V 144.489 74.229 -5.201 0.522915 0.494490
V 145.489 74.229 -5.584 0.523374 0.494486
V 146.489 74.229 -6.023 0.523833 0.494482
V 147.489 74.229 -6.436 0.524292 0.494479
V 148.489 74.229 -6.807 0.524751 0.494475
V 149.489 74.229 -7.122 0.525210 0.494471
V 150.489 74.229 -7.272 0.525669 0.494467
V 151.489 74.229 -7.336 0.526128 0.494464
V 152.489 74.229 -7.561 0.526587 0.494460
V 153.489 74.229 -7.494 0.527046 0.494456
V 154.489 74.229 -7.352 0.527505 0.494453
V 10.489 75.229 8.306 0.461425 0.495448
V 11.489 75.229 8.267 0.461884 0.495444
V 12.489 75.229 8.205 0.462343 0.495441
V 13.489 75.229 8.111 0.462802 0.495437
V 14.489 75.229 7.996 0.463261 0.495433
V 15.489 75.229 7.880 0.463720 0.495429
V 16.489 75.229 7.718 0.464179 0.495426
V 17.489 75.229 7.581 0.464637 0.495422
V 18.489 75.229 7.457 0.465096 0.495418
V 19.489 75.229 7.346 0.465555 0.495415
V 20.489 75.229 6.037 0.466014 0.495411
V 21.489 75.229 6.037 0.466473 0.495407
V 22.489 75.229 6.037 0.466932 0.495403
V 23.489 75.229 6.037 0.467391 0.495400
V 24.489 75.229 6.037 0.467850 0.495396
V 25.489 75.229 6.037 0.468309 0.495392
V 26.489 75.229 6.037 0.468768 0.495389
V 27.489 75.229 6.037 0.469227 0.495385
V 28.489 75.229 6.037 0.469685 0.495381
V 29.489 75.229 6.037 0.470144 0.495377
V 30.489 75.229 6.037 0.470603 0.495374
V 31.489 75.229 6.037 0.471062 0.495370
V 32.489 75.229 6.037 0.471521 0.495366
V 43.489 75.229 4.896 0.476569 0.495325
V 44.489 75.229 4.846 0.477028 0.495322
V 45.489 75.229 4.774 0.477487 0.495318
V 46.489 75.229 4.694 0.477946 0.495314
V 47.489 75.229 4.601 0.478405 0.495311
V 48.489 75.229 4.500 0.478864 0.495307
V 49.489 75.229 4.370 0.479323 0.495303
V 50.489 75.229 4.225 0.479781 0.495300
V 51.489 75.229 4.063 0.480240 0.495296
V 52.489 75.229 3.874 0.480699 0.495292
V 53.489 75.229 3.680 0.481158 0.495288
V 54.489 75.229 3.460 0.481617 0.495285
V 55.489 75.229 3.223 0.482076 0.495281
V 56.489 75.229 2.983 0.482535 0.495277
V 57.489 75.229 2.738 0.482994 0.495274
V 58.489 75.229 2.489 0.483453 0.495270
V 59.489 75.229 2.237 0.483912 0.495266
V 60.489 75.229 1.981 0.484371 0.495262
V 61.489 75.229 1.738 0.484830 0.495259
V 62.489 75.229 1.499 0.485288 0.495255
V 63.489 75.229 1.257 0.485747 0.495251
V 64.489 75.229 1.032 0.486206 0.495248
V 65.489 75.229 0.819 0.486665 0.495244
V 66.489 75.229 0.623 0.487124 0.495240
V 67.489 75.229 0.480 0.487583 0.495236
V 68.489 75.229 0.360 0.488042 0.495233
V 69.489 75.229 0.273 0.488501 0.495229
V 70.489 75.229 0.179 0.488960 0.495225
V 71.489 75.229 0.080 0.489419 0.495222
V 72.489 75.229 -0.020 0.489878 0.495218
V 73.489 75.229 -0.097 0.490336 0.495214
V 74.489 75.229 -0.162 0.490795 0.495210
V 75.489 75.229 -0.211 0.491254 0.495207
V 76.489 75.229 -0.170 0.491713 0.495203
V 77.489 75.229 -0.051 0.492172 0.495199
V 78.489 75.229 0.104 0.492631 0.495196
V 79.489 75.229 0.327 0.493090 0.495192
V 80.489 75.229 0.581 0.493549 0.495188
V 81.489 75.229 0.862 0.494008 0.495184
V 82.489 75.229 1.165 0.494467 0.495181
V 83.489 75.229 1.382 0.494926 0.495177
V 84.489 75.229 1.563 0.495384 0.495173
V 85.489 75.229 1.681 0.495843 0.495170
V 86.489 75.229 1.810 0.496302 0.495166
V 87.489 75.229 1.932 0.496761 0.495162
V 88.489 75.229 2.036 0.497220 0.495158
V 89.489 75.229 2.129 0.497679 0.495155
V 90.489 75.229 2.214 0.498138 0.495151
V 91.489 75.229 2.285 0.498597 0.495147
V 92.489 75.229 2.348 0.499056 0.495144
V 93.489 75.229 2.408 0.499515 0.495140
V 94.489 75.229 2.451 0.499974 0.495136
V 95.489 75.229 2.471 0.500432 0.495132
V 96.489 75.229 2.475 0.500891 0.495129
V 97.489 75.229 2.472 0.501350 0.495125
V 98.489 75.229 2.460 0.501809 0.495121
V 99.489 75.229 2.431 0.502268 0.495118
V 100.489 75.229 2.394 0.502727 0.495114
V 101.489 75.229 2.358 0.503186 0.495110
V 102.489 75.229 2.309 0.503645 0.495106
V 103.489 75.229 2.261 0.504104 0.495103
V 104.489 75.229 2.215 0.504563 0.495099
V 105.489 75.229 2.175 0.505022 0.495095
V 106.489 75.229 2.125 0.505480 0.495092
V 107.489 75.229 2.071 0.505939 0.495088
V 108.489 75.229 2.021 0.506398 0.495084
V 109.489 75.229 1.982 0.506857 0.495080
V 110.489 75.229 1.946 0.507316 0.495077
V 111.489 75.229 1.904 0.507775 0.495073
V 112.489 75.229 1.835 0.508234 0.495069
V 113.489 75.229 1.760 0.508693 0.495066
V 114.489 75.229 1.681 0.509152 0.495062
V 115.489 75.229 1.593 0.509611 0.495058
V 116.489 75.229 1.508 0.510070 0.495054
V 117.489 75.229 1.416 0.510529 0.495051
V 118.489 75.229 1.334 0.510987 0.495047
V 119.489 75.229 1.254 0.511446 0.495043
V 120.489 75.229 1.178 0.511905 0.495040
V 121.489 75.229 1.103 0.512364 0.495036
V 122.489 75.229 1.028 0.512823 0.495032
V 123.489 75.229 0.952 0.513282 0.495028
V 124.489 75.229 0.884 0.513741 0.495025
V 125.489 75.229 0.769 0.514200 0.495021
V 126.489 75.229 0.617 0.514659 0.495017
V 127.489 75.229 0.448 0.515118 0.495014
V 128.489 75.229 0.258 0.515577 0.495010
V 129.489 75.229 0.057 0.516035 0.495006
V 130.489 75.229 -0.197 0.516494 0.495003
V 131.489 75.229 -0.408 0.516953 0.494999
V 132.489 75.229 -0.578 0.517412 0.494995
V 133.489 75.229 -0.814 0.517871 0.494991
V 134.489 75.229 -1.233 0.518330 0.494988
V 135.489 75.229 -1.906 0.518789 0.494984
V 136.489 75.229 -2.556 0.519248 0.494980
V 137.489 75.229 -3.044 0.519707 0.494977
V 138.489 75.229 -3.451 0.520166 0.494973
V 139.489 75.229 -3.745 0.520625 0.494969
V 140.489 75.229 -3.965 0.521083 0.494965
V 141.489 75.229 -4.140 0.521542 0.494962
V 142.489 75.229 -4.309 0.522001 0.494958
V 143.489 75.229 -4.531 0.522460 0.494954
V 144.489 75.229 -4.824 0.522919 0.494951
V 145.489 75.229 -5.177 0.523378 0.494947
V 146.489 75.229 -5.481 0.523837 0.494943
V 147.489 75.229 -5.825 0.524296 0.494939
V 148.489 75.229 -6.176 0.524755 0.494936
V 149.489 75.229 -6.483 0.525214 0.494932
V 150.489 75.229 -6.774 0.525673 0.494928
V 151.489 75.229 -7.055 0.526131 0.494925
V 152.489 75.229 -7.336 0.526590 0.494921
V 153.489 75.229 -7.516 0.527049 0.494917
V 154.489 75.229 -7.470 0.527508 0.494913
V 155.489 75.229 -7.383 0.527967 0.494910
V 8.489 76.229 8.534 0.460511 0.495916
V 9.489 76.229 8.532 0.460970 0.495913
V 10.489 76.229 8.502 0.461429 0.495909
V 11.489 76.229 8.459 0.461888 0.495905
V 12.489 76.229 8.390 0.462347 0.495901
V 13.489 76.229 8.281 0.462805 0.495898
V 14.489 76.229 8.147 0.463264 0.495894
V 15.489 76.229 7.990 0.463723 0.495890
V 16.489 76.229 7.794 0.464182 0.495887
V 17.489 76.229 7.643 0.464641 0.495883
V 18.489 76.229 7.505 0.465100 0.495879
V 19.489 76.229 6.037 0.465559 0.495875
V 20.489 76.229 6.037 0.466018 0.495872
V 21.489 76.229 6.037 0.466477 0.495868
V 22.489 76.229 6.037 0.466936 0.495864
V 23.489 76.229 6.037 0.467395 0.495861
V 24.489 76.229 6.037 0.467854 0.495857
V 25.489 76.229 6.037 0.468312 0.495853
V 26.489 76.229 6.037 0.468771 0.495849
V 27.489 76.229 6.037 0.469230 0.495846
V 28.489 76.229 6.037 0.469689 0.495842
V 29.489 76.229 6.037 0.470148 0.495838
V 30.489 76.229 6.037 0.470607 0.495835
V 31.489 76.229 6.037 0.471066 0.495831
V 32.489 76.229 6.037 0.471525 0.495827
V 33.489 76.229 6.037 0.471984 0.495823
V 34.489 76.229 6.037 0.472443 0.495820
V 35.489 76.229 6.037 0.472902 0.495816
V 36.489 76.229 6.037 0.473360 0.495812
V 37.489 76.229 6.037 0.473819 0.495809
V 38.489 76.229 6.037 0.474278 0.495805
V 39.489 76.229 6.037 0.474737 0.495801
V 40.489 76.229 6.037 0.475196 0.495797
V 41.489 76.229 6.037 0.475655 0.495794
V 42.489 76.229 6.037 0.476114 0.495790
V 43.489 76.229 6.037 0.476573 0.495786
V 44.489 76.229 6.037 0.477032 0.495783
V 45.489 76.229 6.037 0.477491 0.495779
V 46.489 76.229 6.037 0.477950 0.495775
V 47.489 76.229 6.037 0.478408 0.495771
V 48.489 76.229 6.037 0.478867 0.495768
V 49.489 76.229 6.037 0.479326 0.495764
V 60.489 76.229 2.085 0.484374 0.495723
V 61.489 76.229 1.843 0.484833 0.495720
V 62.489 76.229 1.605 0.485292 0.495716
V 63.489 76.229 1.370 0.485751 0.495712
V 64.489 76.229 1.139 0.486210 0.495708
V 65.489 76.229 0.925 0.486669 0.495705
V 66.489 76.229 0.729 0.487128 0.495701
V 67.489 76.229 0.601 0.487587 0.495697
V 68.489 76.229 0.490 0.488046 0.495694
V 69.489 76.229 0.415 0.488504 0.495690
V 70.489 76.229 0.358 0.488963 0.495686
V 71.489 76.229 0.275 0.489422 0.495682
V 72.489 76.229 0.186 0.489881 0.495679
V 73.489 76.229 0.110 0.490340 0.495675
V 74.489 76.229 0.043 0.490799 0.495671
V 75.489 76.229 -0.011 0.491258 0.495668
V 76.489 76.229 -0.028 0.491717 0.495664
V 77.489 76.229 0.047 0.492176 0.495660
V 78.489 76.229 0.107 0.492635 0.495656
V 79.489 76.229 0.291 0.493094 0.495653
V 80.489 76.229 0.541 0.493553 0.495649
V 81.489 76.229 0.847 0.494011 0.495645
V 82.489 76.229 1.229 0.494470 0.495642
V 83.489 76.229 1.507 0.494929 0.495638
V 84.489 76.229 1.754 0.495388 0.495634
V 85.489 76.229 1.904 0.495847 0.495630
V 86.489 76.229 2.046 0.496306 0.495627
V 87.489 76.229 2.167 0.496765 0.495623
V 88.489 76.229 2.268 0.497224 0.495619
V 89.489 76.229 2.360 0.497683 0.495616
V 90.489 76.229 2.443 0.498142 0.495612
V 91.489 76.229 2.518 0.498601 0.495608
V 92.489 76.229 2.584 0.499059 0.495604
V 93.489 76.229 2.645 0.499518 0.495601
V 94.489 76.229 2.670 0.499977 0.495597
V 95.489 76.229 2.677 0.500436 0.495593
V 96.489 76.229 2.659 0.500895 0.495590
V 97.489 76.229 2.646 0.501354 0.495586
V 98.489 76.229 2.625 0.501813 0.495582
V 99.489 76.229 2.574 0.502272 0.495578
V 100.489 76.229 2.507 0.502731 0.495575
V 101.489 76.229 2.456 0.503190 0.495571
V 102.489 76.229 2.381 0.503649 0.495567
V 103.489 76.229 2.317 0.504107 0.495564
V 104.489 76.229 2.260 0.504566 0.495560
V 105.489 76.229 2.206 0.505025 0.495556
V 106.489 76.229 2.153 0.505484 0.495552
V 107.489 76.229 2.104 0.505943 0.495549
V 108.489 76.229 2.075 0.506402 0.495545
V 109.489 76.229 2.049 0.506861 0.495541
V 110.489 76.229 2.016 0.507320 0.495538
V 111.489 76.229 1.974 0.507779 0.495534
V 112.489 76.229 1.903 0.508238 0.495530
V 113.489 76.229 1.827 0.508697 0.495526
V 114.489 76.229 1.747 0.509155 0.495523
V 115.489 76.229 1.662 0.509614 0.495519
V 116.489 76.229 1.582 0.510073 0.495515
V 117.489 76.229 1.502 0.510532 0.495512
V 118.489 76.229 1.433 0.510991 0.495508
V 119.489 76.229 1.359 0.511450 0.495504
V 120.489 76.229 1.288 0.511909 0.495500
V 121.489 76.229 1.216 0.512368 0.495497
V 122.489 76.229 1.141 0.512827 0.495493
V 123.489 76.229 1.064 0.513286 0.495489
V 124.489 76.229 0.988 0.513745 0.495486
V 125.489 76.229 0.876 0.514204 0.495482
V 126.489 76.229 0.750 0.514662 0.495478
V 127.489 76.229 0.601 0.515121 0.495474
V 128.489 76.229 0.422 0.515580 0.495471
V 129.489 76.229 0.236 0.516039 0.495467
V 130.489 76.229 0.004 0.516498 0.495463
V 131.489 76.229 -0.211 0.516957 0.495460
V 132.489 76.229 -0.422 0.517416 0.495456
V 133.489 76.229 -0.970 0.517875 0.495452
V 134.489 76.229 -1.452 0.518334 0.495448
V 135.489 76.229 -1.996 0.518793 0.495445
V 136.489 76.229 -2.530 0.519252 0.495441
V 137.489 76.229 -2.966 0.519710 0.495437
V 138.489 76.229 -3.352 0.520169 0.495434
V 139.489 76.229 -3.573 0.520628 0.495430
V 140.489 76.229 -3.747 0.521087 0.495426
V 141.489 76.229 -3.857 0.521546 0.495423
V 142.489 76.229 -3.971 0.522005 0.495419
V 143.489 76.229 -4.157 0.522464 0.495415
V 144.489 76.229 -4.395 0.522923 0.495411
V 145.489 76.229 -4.675 0.523382 0.495408
V 146.489 76.229 -4.926 0.523841 0.495404
V 147.489 76.229 -5.201 0.524300 0.495400
V 148.489 76.229 -5.515 0.524758 0.495397
V 149.489 76.229 -5.814 0.525217 0.495393
V 150.489 76.229 -6.131 0.525676 0.495389
V 151.489 76.229 -6.448 0.526135 0.495385
V 152.489 76.229 -6.802 0.526594 0.495382
V 153.489 76.229 -7.160 0.527053 0.495378
V 154.489 76.229 -7.450 0.527512 0.495374
V 155.489 76.229 -7.480 0.527971 0.495371
V 156.489 76.229 -7.413 0.528430 0.495367
V 7.489 77.229 8.758 0.460056 0.496381
V 8.489 77.229 8.759 0.460515 0.496377
V 9.489 77.229 8.752 0.460974 0.496373
V 10.489 77.229 8.715 0.461432 0.496370
V 11.489 77.229 8.666 0.461891 0.496366
V 12.489 77.229 8.585 0.462350 0.496362
V 13.489 77.229 8.444 0.462809 0.496359
V 14.489 77.229 8.287 0.463268 0.496355
V 15.489 77.229 8.107 0.463727 0.496351
V 16.489 77.229 7.906 0.464186 0.496347
V 17.489 77.229 7.714 0.464645 0.496344
V 19.489 77.229 6.037 0.465563 0.496336
V 20.489 77.229 6.037 0.466022 0.496333
V 21.489 77.229 6.037 0.466480 0.496329
V 22.489 77.229 6.037 0.466939 0.496325
V 23.489 77.229 6.037 0.467398 0.496321
V 24.489 77.229 6.037 0.467857 0.496318
V 26.489 77.229 6.037 0.468775 0.496310
V 27.489 77.229 6.037 0.469234 0.496307
V 28.489 77.229 6.037 0.469693 0.496303
V 29.489 77.229 6.037 0.470152 0.496299
V 30.489 77.229 6.037 0.470611 0.496295
V 31.489 77.229 6.037 0.471070 0.496292
V 32.489 77.229 6.037 0.471528 0.496288
V 33.489 77.229 6.037 0.471987 0.496284
V 34.489 77.229 6.037 0.472446 0.496281
V 35.489 77.229 6.037 0.472905 0.496277
V 36.489 77.229 6.037 0.473364 0.496273
V 37.489 77.229 6.037 0.473823 0.496269
V 38.489 77.229 6.037 0.474282 0.496266
V 39.489 77.229 6.037 0.474741 0.496262
V 40.489 77.229 6.037 0.475200 0.496258
V 41.489 77.229 6.037 0.475659 0.496255
V 42.489 77.229 6.037 0.476118 0.496251
V 43.489 77.229 6.037 0.476577 0.496247
V 44.489 77.229 6.037 0.477035 0.496243
V 45.489 77.229 6.037 0.477494 0.496240
V 46.489 77.229 6.037 0.477953 0.496236
V 47.489 77.229 6.037 0.478412 0.496232
V 48.489 77.229 6.037 0.478871 0.496229
V 49.489 77.229 6.037 0.479330 0.496225
V 50.489 77.229 6.037 0.479789 0.496221
V 51.489 77.229 6.037 0.480248 0.496217
V 52.489 77.229 6.037 0.480707 0.496214
V 53.489 77.229 6.037 0.481166 0.496210
V 54.489 77.229 6.037 0.481625 0.496206
V 55.489 77.229 6.037 0.482083 0.496203
V 56.489 77.229 6.037 0.482542 0.496199
V 57.489 77.229 6.037 0.483001 0.496195
V 58.489 77.229 6.037 0.483460 0.496191
V 59.489 77.229 6.037 0.483919 0.496188
V 60.489 77.229 6.037 0.484378 0.496184
V 61.489 77.229 3.098 0.484837 0.496180
V 62.489 77.229 3.098 0.485296 0.496177
V 63.489 77.229 3.098 0.485755 0.496173
V 64.489 77.229 3.098 0.486214 0.496169
V 65.489 77.229 3.098 0.486673 0.496166
V 66.489 77.229 3.098 0.487131 0.496162
V 77.489 77.229 0.232 0.492179 0.496121
V 78.489 77.229 0.286 0.492638 0.496117
V 79.489 77.229 0.414 0.493097 0.496114
V 80.489 77.229 0.659 0.493556 0.496110
V 81.489 77.229 0.901 0.494015 0.496106
V 82.489 77.229 1.264 0.494474 0.496102
V 83.489 77.229 1.573 0.494933 0.496099
V 84.489 77.229 1.947 0.495392 0.496095
V 85.489 77.229 2.144 0.495851 0.496091
V 86.489 77.229 2.289 0.496310 0.496088
V 87.489 77.229 2.411 0.496769 0.496084
V 88.489 77.229 2.511 0.497227 0.496080
V 89.489 77.229 2.603 0.497686 0.496076
V 90.489 77.229 2.687 0.498145 0.496073
V 91.489 77.229 2.762 0.498604 0.496069
V 92.489 77.229 2.819 0.499063 0.496065
V 93.489 77.229 2.874 0.499522 0.496062
V 94.489 77.229 2.876 0.499981 0.496058
V 95.489 77.229 2.866 0.500440 0.496054
V 96.489 77.229 2.842 0.500899 0.496050
V 97.489 77.229 2.822 0.501358 0.496047
V 98.489 77.229 2.774 0.501817 0.496043
V 99.489 77.229 2.698 0.502276 0.496039
V 100.489 77.229 2.624 0.502734 0.496036
V 101.489 77.229 2.527 0.503193 0.496032
V 102.489 77.229 2.448 0.503652 0.496028
V 103.489 77.229 2.380 0.504111 0.496024
V 104.489 77.229 2.311 0.504570 0.496021
V 105.489 77.229 2.248 0.505029 0.496017
V 106.489 77.229 2.209 0.505488 0.496013
V 107.489 77.229 2.167 0.505947 0.496010
V 108.489 77.229 2.143 0.506406 0.496006
V 109.489 77.229 2.121 0.506865 0.496002
V 110.489 77.229 2.089 0.507324 0.495998
V 111.489 77.229 2.045 0.507782 0.495995
V 112.489 77.229 1.974 0.508241 0.495991
V 113.489 77.229 1.898 0.508700 0.495987
V 114.489 77.229 1.822 0.509159 0.495984
V 115.489 77.229 1.749 0.509618 0.495980
V 116.489 77.229 1.669 0.510077 0.495976
V 117.489 77.229 1.602 0.510536 0.495972
V 118.489 77.229 1.535 0.510995 0.495969
V 119.489 77.229 1.469 0.511454 0.495965
V 120.489 77.229 1.400 0.511913 0.495961
V 121.489 77.229 1.327 0.512372 0.495958
V 122.489 77.229 1.248 0.512830 0.495954
V 123.489 77.229 1.170 0.513289 0.495950
V 124.489 77.229 1.081 0.513748 0.495946
V 125.489 77.229 0.979 0.514207 0.495943
V 126.489 77.229 0.868 0.514666 0.495939
V 127.489 77.229 0.723 0.515125 0.495935
V 128.489 77.229 0.572 0.515584 0.495932
V 129.489 77.229 0.390 0.516043 0.495928
V 130.489 77.229 0.159 0.516502 0.495924
V 131.489 77.229 -0.065 0.516961 0.495920
V 132.489 77.229 -0.323 0.517420 0.495917
V 133.489 77.229 -0.841 0.517878 0.495913
V 134.489 77.229 -1.282 0.518337 0.495909
V 135.489 77.229 -1.810 0.518796 0.495906
V 136.489 77.229 -2.282 0.519255 0.495902
V 137.489 77.229 -2.718 0.519714 0.495898
V 138.489 77.229 -3.078 0.520173 0.495894
V 139.489 77.229 -3.236 0.520632 0.495891
V 140.489 77.229 -3.387 0.521091 0.495887
V 141.489 77.229 -3.482 0.521550 0.495883
V 142.489 77.229 -3.617 0.522009 0.495880
V 143.489 77.229 -3.765 0.522468 0.495876
V 144.489 77.229 -3.988 0.522927 0.495872
V 145.489 77.229 -4.179 0.523385 0.495869
V 146.489 77.229 -4.431 0.523844 0.495865
V 147.489 77.229 -4.651 0.524303 0.495861
V 148.489 77.229 -4.922 0.524762 0.495857
V 149.489 77.229 -5.230 0.525221 0.495854
V 150.489 77.229 -5.528 0.525680 0.495850
V 151.489 77.229 -5.978 0.526139 0.495846
V 152.489 77.229 -6.394 0.526598 0.495843
V 153.489 77.229 -6.837 0.527057 0.495839
V 154.489 77.229 -7.122 0.527516 0.495835
V 155.489 77.229 -7.396 0.527975 0.495831
V 156.489 77.229 -7.456 0.528433 0.495828
V 157.489 77.229 -7.451 0.528892 0.495824
V 5.489 78.229 8.993 0.459142 0.496849
V 6.489 78.229 8.987 0.459601 0.496845
V 7.489 78.229 8.993 0.460059 0.496842
V 8.489 78.229 8.986 0.460518 0.496838
V 9.489 78.229 8.976 0.460977 0.496834
V 10.489 78.229 8.931 0.461436 0.496831
V 11.489 78.229 8.873 0.461895 0.496827
V 12.489 78.229 8.783 0.462354 0.496823
V 13.489 78.229 8.630 0.462813 0.496819
V 14.489 78.229 8.442 0.463272 0.496816
V 15.489 78.229 8.233 0.463731 0.496812
V 16.489 78.229 8.013 0.464190 0.496808
V 18.489 78.229 6.037 0.465107 0.496801
V 19.489 78.229 6.037 0.465566 0.496797
V 20.489 78.229 6.037 0.466025 0.496793
V 21.489 78.229 6.037 0.466484 0.496790
V 22.489 78.229 6.037 0.466943 0.496786
V 23.489 78.229 6.037 0.467402 0.496782
V 24.489 78.229 6.037 0.467861 0.496779
V 25.489 78.229 5.987 0.468320 0.496775
V 26.489 78.229 5.987 0.468779 0.496771
V 27.489 78.229 5.987 0.469238 0.496767
V 28.489 78.229 5.987 0.469697 0.496764
V 29.489 78.229 5.987 0.470155 0.496760
V 30.489 78.229 6.037 0.470614 0.496756
V 31.489 78.229 6.037 0.471073 0.496753
V 32.489 78.229 6.037 0.471532 0.496749
V 33.489 78.229 6.037 0.471991 0.496745
V 34.489 78.229 6.037 0.472450 0.496741
V 35.489 78.229 6.037 0.472909 0.496738
V 36.489 78.229 6.037 0.473368 0.496734
V 37.489 78.229 6.037 0.473827 0.496730
V 38.489 78.229 6.037 0.474286 0.496727
V 39.489 78.229 6.037 0.474745 0.496723
V 40.489 78.229 6.037 0.475203 0.496719
V 41.489 78.229 6.037 0.475662 0.496715
V 42.489 78.229 6.037 0.476121 0.496712
V 43.489 78.229 6.037 0.476580 0.496708
V 44.489 78.229 6.037 0.477039 0.496704
V 45.489 78.229 6.037 0.477498 0.496701
V 46.489 78.229 6.037 0.477957 0.496697
V 47.489 78.229 6.037 0.478416 0.496693
V 48.489 78.229 6.037 0.478875 0.496689
V 49.489 78.229 6.037 0.479334 0.496686
V 50.489 78.229 6.037 0.479793 0.496682
V 51.489 78.229 6.037 0.480251 0.496678
V 52.489 78.229 6.037 0.480710 0.496675
V 53.489 78.229 6.037 0.481169 0.496671
V 54.489 78.229 6.037 0.481628 0.496667
V 55.489 78.229 6.037 0.482087 0.496663
V 56.489 78.229 6.037 0.482546 0.496660
V 57.489 78.229 6.037 0.483005 0.496656
V 58.489 78.229 6.037 0.483464 0.496652
V 59.489 78.229 6.037 0.483923 0.496649
V 60.489 78.229 6.037 0.484382 0.496645
V 61.489 78.229 3.098 0.484841 0.496641
V 62.489 78.229 3.098 0.485300 0.496637
V 63.489 78.229 3.098 0.485758 0.496634
V 64.489 78.229 3.098 0.486217 0.496630
V 65.489 78.229 3.098 0.486676 0.496626
V 66.489 78.229 3.098 0.487135 0.496623
V 67.489 78.229 3.098 0.487594 0.496619
V 68.489 78.229 3.098 0.488053 0.496615
V 69.489 78.229 3.098 0.488512 0.496611
V 70.489 78.229 3.098 0.488971 0.496608
V 71.489 78.229 3.098 0.489430 0.496604
V 72.489 78.229 3.098 0.489889 0.496600
V 73.489 78.229 3.098 0.490348 0.496597
V 74.489 78.229 3.098 0.490806 0.496593
V 75.489 78.229 3.098 0.491265 0.496589
V 76.489 78.229 3.098 0.491724 0.496586
V 77.489 78.229 3.098 0.492183 0.496582
V 78.489 78.229 3.098 0.492642 0.496578
V 79.489 78.229 3.098 0.493101 0.496574
V 80.489 78.229 3.098 0.493560 0.496571
V 81.489 78.229 3.098 0.494019 0.496567
V 82.489 78.229 3.098 0.494478 0.496563
V 94.489 78.229 3.091 0.499985 0.496519
V 95.489 78.229 3.067 0.500444 0.496515
V 96.489 78.229 3.027 0.500902 0.496511
V 97.489 78.229 2.982 0.501361 0.496508
V 98.489 78.229 2.909 0.501820 0.496504
V 99.489 78.229 2.816 0.502279 0.496500
V 100.489 78.229 2.710 0.502738 0.496496
V 101.489 78.229 2.613 0.503197 0.496493
V 102.489 78.229 2.518 0.503656 0.496489
V 103.489 78.229 2.438 0.504115 0.496485
V 104.489 78.229 2.366 0.504574 0.496482
V 105.489 78.229 2.304 0.505033 0.496478
V 106.489 78.229 2.271 0.505492 0.496474
V 107.489 78.229 2.242 0.505951 0.496470
V 108.489 78.229 2.220 0.506409 0.496467
V 109.489 78.229 2.198 0.506868 0.496463
V 110.489 78.229 2.164 0.507327 0.496459
V 111.489 78.229 2.120 0.507786 0.496456
V 112.489 78.229 2.049 0.508245 0.496452
V 113.489 78.229 1.981 0.508704 0.496448
V 114.489 78.229 1.905 0.509163 0.496444
V 115.489 78.229 1.836 0.509622 0.496441
V 116.489 78.229 1.773 0.510081 0.496437
V 117.489 78.229 1.711 0.510540 0.496433
V 118.489 78.229 1.646 0.510999 0.496430
V 119.489 78.229 1.580 0.511457 0.496426
V 120.489 78.229 1.509 0.511916 0.496422
V 121.489 78.229 1.430 0.512375 0.496418
V 122.489 78.229 1.351 0.512834 0.496415
V 123.489 78.229 1.264 0.513293 0.496411
V 124.489 78.229 1.164 0.513752 0.496407
V 125.489 78.229 1.065 0.514211 0.496404
V 126.489 78.229 0.967 0.514670 0.496400
V 127.489 78.229 0.836 0.515129 0.496396
V 128.489 78.229 0.692 0.515588 0.496392
V 129.489 78.229 0.521 0.516047 0.496389
V 130.489 78.229 0.303 0.516505 0.496385
V 131.489 78.229 0.059 0.516964 0.496381
V 132.489 78.229 -0.223 0.517423 0.496378
V 133.489 78.229 -0.610 0.517882 0.496374
V 134.489 78.229 -1.051 0.518341 0.496370
V 135.489 78.229 -1.502 0.518800 0.496366
V 136.489 78.229 -1.957 0.519259 0.496363
V 137.489 78.229 -2.367 0.519718 0.496359
V 138.489 78.229 -2.714 0.520177 0.496355
V 139.489 78.229 -2.859 0.520636 0.496352
V 140.489 78.229 -2.989 0.521095 0.496348
V 141.489 78.229 -3.078 0.521553 0.496344
V 142.489 78.229 -3.221 0.522012 0.496340
V 143.489 78.229 -3.430 0.522471 0.496337
V 144.489 78.229 -3.630 0.522930 0.496333
V 145.489 78.229 -3.799 0.523389 0.496329
V 146.489 78.229 -3.989 0.523848 0.496326
V 147.489 78.229 -4.181 0.524307 0.496322
V 148.489 78.229 -4.441 0.524766 0.496318
V 149.489 78.229 -4.722 0.525225 0.496314
V 150.489 78.229 -5.013 0.525684 0.496311
V 151.489 78.229 -5.565 0.526143 0.496307
V 152.489 78.229 -6.074 0.526601 0.496303
V 153.489 78.229 -6.543 0.527060 0.496300
V 154.489 78.229 -6.811 0.527519 0.496296
V 155.489 78.229 -7.077 0.527978 0.496292
V 156.489 78.229 -7.348 0.528437 0.496289
V 157.489 78.229 -7.416 0.528896 0.496285
V 158.489 78.229 -7.488 0.529355 0.496281
V 4.489 79.229 9.226 0.458686 0.497314
V 5.489 79.229 9.230 0.459145 0.497310
V 6.489 79.229 9.238 0.459604 0.497306
V 7.489 79.229 9.239 0.460063 0.497303
V 8.489 79.229 9.224 0.460522 0.497299
V 9.489 79.229 9.200 0.460981 0.497295
V 10.489 79.229 9.137 0.461440 0.497291
V 11.489 79.229 9.072 0.461899 0.497288
V 12.489 79.229 8.979 0.462358 0.497284
V 13.489 79.229 8.800 0.462817 0.497280
V 14.489 79.229 8.599 0.463275 0.497277
V 15.489 79.229 8.381 0.463734 0.497273
V 17.489 79.229 6.037 0.464652 0.497265
V 18.489 79.229 6.037 0.465111 0.497262
V 19.489 79.229 6.037 0.465570 0.497258
V 20.489 79.229 6.037 0.466029 0.497254
V 21.489 79.229 6.037 0.466488 0.497251
V 22.489 79.229 6.037 0.466947 0.497247
V 23.489 79.229 6.037 0.467406 0.497243
V 24.489 79.229 6.037 0.467865 0.497239
V 25.489 79.229 5.987 0.468324 0.497236
V 26.489 79.229 5.987 0.468782 0.497232
V 27.489 79.229 5.987 0.469241 0.497228
V 28.489 79.229 5.987 0.469700 0.497225
V 29.489 79.229 5.987 0.470159 0.497221
V 30.489 79.229 6.037 0.470618 0.497217
V 31.489 79.229 6.037 0.471077 0.497213
V 32.489 79.229 6.037 0.471536 0.497210
V 33.489 79.229 6.037 0.471995 0.497206
V 34.489 79.229 6.037 0.472454 0.497202
V 35.489 79.229 6.037 0.472913 0.497199
V 36.489 79.229 6.037 0.473372 0.497195
V 37.489 79.229 6.037 0.473830 0.497191
V 38.489 79.229 6.037 0.474289 0.497187
V 39.489 79.229 6.037 0.474748 0.497184
V 40.489 79.229 6.037 0.475207 0.497180
V 41.489 79.229 6.037 0.475666 0.497176
V 42.489 79.229 6.037 0.476125 0.497173
V 43.489 79.229 6.037 0.476584 0.497169
V 44.489 79.229 6.037 0.477043 0.497165
V 45.489 79.229 6.037 0.477502 0.497161
V 46.489 79.229 5.987 0.477961 0.497158
V 47.489 79.229 5.987 0.478420 0.497154
V 48.489 79.229 5.987 0.478878 0.497150
V 49.489 79.229 5.987 0.479337 0.497147
V 52.489 79.229 6.037 0.480714 0.497135
V 53.489 79.229 6.037 0.481173 0.497132
V 54.489 79.229 6.037 0.481632 0.497128
V 55.489 79.229 6.037 0.482091 0.497124
V 56.489 79.229 6.037 0.482550 0.497121
V 57.489 79.229 6.037 0.483009 0.497117
V 58.489 79.229 6.037 0.483468 0.497113
V 59.489 79.229 6.037 0.483926 0.497109
V 60.489 79.229 6.037 0.484385 0.497106
V 61.489 79.229 3.098 0.484844 0.497102
V 62.489 79.229 3.098 0.485303 0.497098
V 63.489 79.229 3.098 0.485762 0.497095
V 64.489 79.229 3.098 0.486221 0.497091
V 65.489 79.229 3.098 0.486680 0.497087
V 66.489 79.229 3.098 0.487139 0.497083
V 67.489 79.229 3.098 0.487598 0.497080
V 68.489 79.229 3.098 0.488057 0.497076
V 69.489 79.229 3.098 0.488516 0.497072
V 70.489 79.229 3.098 0.488974 0.497069
V 71.489 79.229 3.098 0.489433 0.497065
V 72.489 79.229 3.098 0.489892 0.497061
V 73.489 79.229 3.098 0.490351 0.497057
V 74.489 79.229 3.098 0.490810 0.497054
V 75.489 79.229 3.098 0.491269 0.497050
V 76.489 79.229 3.098 0.491728 0.497046
V 77.489 79.229 3.098 0.492187 0.497043
V 78.489 79.229 3.098 0.492646 0.497039
V 79.489 79.229 3.098 0.493105 0.497035
V 80.489 79.229 3.098 0.493564 0.497032
V 81.489 79.229 3.098 0.494023 0.497028
V 82.489 79.229 3.098 0.494481 0.497024
V 83.489 79.229 3.098 0.494940 0.497020
V 84.489 79.229 3.098 0.495399 0.497017
V 85.489 79.229 3.098 0.495858 0.497013
V 86.489 79.229 3.098 0.496317 0.497009
V 87.489 79.229 3.098 0.496776 0.497006
V 88.489 79.229 3.098 0.497235 0.497002
V 89.489 79.229 3.098 0.497694 0.496998
V 90.489 79.229 3.098 0.498153 0.496994
V 91.489 79.229 3.098 0.498612 0.496991
V 92.489 79.229 3.098 0.499071 0.496987
V 93.489 79.229 3.098 0.499529 0.496983
V 94.489 79.229 3.098 0.499988 0.496980
V 95.489 79.229 3.098 0.500447 0.496976
V 96.489 79.229 3.098 0.500906 0.496972
V 97.489 79.229 3.098 0.501365 0.496968
V 98.489 79.229 3.098 0.501824 0.496965
V 99.489 79.229 3.098 0.502283 0.496961
V 110.489 79.229 2.246 0.507331 0.496920
V 111.489 79.229 2.203 0.507790 0.496916
V 112.489 79.229 2.136 0.508249 0.496913
V 113.489 79.229 2.073 0.508708 0.496909
V 114.489 79.229 2.007 0.509167 0.496905
V 115.489 79.229 1.946 0.509625 0.496902
V 116.489 79.229 1.886 0.510084 0.496898
V 117.489 79.229 1.825 0.510543 0.496894
V 118.489 79.229 1.757 0.511002 0.496890
V 119.489 79.229 1.687 0.511461 0.496887
V 120.489 79.229 1.606 0.511920 0.496883
V 121.489 79.229 1.512 0.512379 0.496879
V 122.489 79.229 1.425 0.512838 0.496876
V 123.489 79.229 1.324 0.513297 0.496872
V 124.489 79.229 1.221 0.513756 0.496868
V 125.489 79.229 1.121 0.514215 0.496864
V 126.489 79.229 1.023 0.514674 0.496861
V 127.489 79.229 0.899 0.515132 0.496857
V 128.489 79.229 0.762 0.515591 0.496853
V 129.489 79.229 0.605 0.516050 0.496850
V 130.489 79.229 0.425 0.516509 0.496846
V 131.489 79.229 0.192 0.516968 0.496842
V 132.489 79.229 -0.041 0.517427 0.496838
V 133.489 79.229 -0.360 0.517886 0.496835
V 134.489 79.229 -0.756 0.518345 0.496831
V 135.489 79.229 -1.122 0.518804 0.496827
V 136.489 79.229 -1.547 0.519263 0.496824
V 137.489 79.229 -1.941 0.519722 0.496820
V 138.489 79.229 -2.267 0.520180 0.496816
V 139.489 79.229 -2.396 0.520639 0.496812
V 140.489 79.229 -2.543 0.521098 0.496809
V 141.489 79.229 -2.694 0.521557 0.496805
V 142.489 79.229 -2.911 0.522016 0.496801
V 143.489 79.229 -3.165 0.522475 0.496798
V 144.489 79.229 -3.411 0.522934 0.496794
V 145.489 79.229 -3.583 0.523393 0.496790
V 146.489 79.229 -3.757 0.523852 0.496786
V 147.489 79.229 -3.890 0.524311 0.496783
V 148.489 79.229 -4.114 0.524770 0.496779
V 149.489 79.229 -4.399 0.525228 0.496775
V 150.489 79.229 -4.744 0.525687 0.496772
V 151.489 79.229 -5.476 0.526146 0.496768
V 152.489 79.229 -5.993 0.526605 0.496764
V 153.489 79.229 -6.286 0.527064 0.496760
V 154.489 79.229 -6.524 0.527523 0.496757
V 155.489 79.229 -6.771 0.527982 0.496753
V 156.489 79.229 -7.017 0.528441 0.496749
V 157.489 79.229 -7.228 0.528900 0.496746
V 158.489 79.229 -7.435 0.529359 0.496742
V 159.489 79.229 -7.525 0.529818 0.496738
V 2.489 80.229 9.484 0.457772 0.497782
V 3.489 80.229 9.471 0.458231 0.497778
V 4.489 80.229 9.467 0.458690 0.497774
V 5.489 80.229 9.473 0.459149 0.497771
V 6.489 80.229 9.464 0.459608 0.497767
V 7.489 80.229 9.455 0.460067 0.497763
V 8.489 80.229 9.418 0.460526 0.497760
V 9.489 80.229 9.385 0.460985 0.497756
V 10.489 80.229 9.322 0.461444 0.497752
V 11.489 80.229 9.281 0.461902 0.497749
V 12.489 80.229 9.209 0.462361 0.497745
V 13.489 80.229 9.037 0.462820 0.497741
V 14.489 80.229 8.833 0.463279 0.497737
V 16.489 80.229 6.037 0.464197 0.497730
V 17.489 80.229 6.037 0.464656 0.497726
V 18.489 80.229 6.037 0.465115 0.497723
V 19.489 80.229 6.037 0.465574 0.497719
V 20.489 80.229 6.037 0.466033 0.497715
V 21.489 80.229 6.037 0.466492 0.497711
V 22.489 80.229 6.037 0.466950 0.497708
V 23.489 80.229 6.037 0.467409 0.497704
V 25.489 80.229 5.987 0.468327 0.497697
V 26.489 80.229 5.987 0.468786 0.497693
V 27.489 80.229 5.987 0.469245 0.497689
V 28.489 80.229 5.987 0.469704 0.497685
V 29.489 80.229 5.987 0.470163 0.497682
V 31.489 80.229 6.037 0.471081 0.497674
V 32.489 80.229 6.037 0.471540 0.497671
V 33.489 80.229 6.037 0.471998 0.497667
V 34.489 80.229 6.037 0.472457 0.497663
V 35.489 80.229 6.037 0.472916 0.497659
V 36.489 80.229 6.037 0.473375 0.497656
V 37.489 80.229 6.037 0.473834 0.497652
V 38.489 80.229 6.037 0.474293 0.497648
V 39.489 80.229 6.037 0.474752 0.497645
V 40.489 80.229 6.037 0.475211 0.497641
V 41.489 80.229 6.037 0.475670 0.497637
V 42.489 80.229 6.037 0.476129 0.497633
V 43.489 80.229 6.037 0.476588 0.497630
V 44.489 80.229 6.037 0.477047 0.497626
V 45.489 80.229 6.037 0.477505 0.497622
V 46.489 80.229 5.987 0.477964 0.497619
V 47.489 80.229 5.987 0.478423 0.497615
V 48.489 80.229 5.987 0.478882 0.497611
V 49.489 80.229 5.987 0.479341 0.497607
V 50.489 80.229 5.987 0.479800 0.497604
V 52.489 80.229 6.037 0.480718 0.497596
V 53.489 80.229 6.037 0.481177 0.497593
V 54.489 80.229 6.037 0.481636 0.497589
V 55.489 80.229 6.037 0.482095 0.497585
V 56.489 80.229 6.037 0.482553 0.497581
V 57.489 80.229 6.037 0.483012 0.497578
V 58.489 80.229 6.037 0.483471 0.497574
V 59.489 80.229 6.037 0.483930 0.497570
V 60.489 80.229 6.037 0.484389 0.497567
V 61.489 80.229 3.098 0.484848 0.497563
V 62.489 80.229 3.098 0.485307 0.497559
V 63.489 80.229 3.098 0.485766 0.497555
V 64.489 80.229 3.098 0.486225 0.497552
V 65.489 80.229 3.098 0.486684 0.497548
V 66.489 80.229 3.098 0.487143 0.497544
V 67.489 80.229 3.098 0.487601 0.497541
V 68.489 80.229 3.098 0.488060 0.497537
V 69.489 80.229 3.098 0.488519 0.497533
V 76.489 80.229 3.098 0.491732 0.497507
V 77.489 80.229 3.098 0.492191 0.497503
V 78.489 80.229 3.098 0.492649 0.497500
V 79.489 80.229 3.098 0.493108 0.497496
V 80.489 80.229 3.098 0.493567 0.497492
V 81.489 80.229 3.098 0.494026 0.497489
V 82.489 80.229 3.098 0.494485 0.497485
V 83.489 80.229 3.098 0.494944 0.497481
V 84.489 80.229 3.098 0.495403 0.497477
V 85.489 80.229 3.098 0.495862 0.497474
V 86.489 80.229 3.098 0.496321 0.497470
V 87.489 80.229 3.098 0.496780 0.497466
V 88.489 80.229 3.098 0.497239 0.497463
V 89.489 80.229 3.098 0.497698 0.497459
V 90.489 80.229 3.098 0.498156 0.497455
V 91.489 80.229 3.098 0.498615 0.497452
V 92.489 80.229 3.098 0.499074 0.497448
V 93.489 80.229 3.098 0.499533 0.497444
V 94.489 80.229 3.098 0.499992 0.497440
V 95.489 80.229 3.098 0.500451 0.497437
V 96.489 80.229 3.098 0.500910 0.497433
V 97.489 80.229 3.098 0.501369 0.497429
V 98.489 80.229 3.098 0.501828 0.497426
V 99.489 80.229 3.098 0.502287 0.497422
V 100.489 80.229 3.098 0.502746 0.497418
V 101.489 80.229 3.098 0.503204 0.497414
V 102.489 80.229 3.098 0.503663 0.497411
V 103.489 80.229 3.098 0.504122 0.497407
V 104.489 80.229 3.098 0.504581 0.497403
V 105.489 80.229 3.098 0.505040 0.497400
V 106.489 80.229 3.098 0.505499 0.497396
V 107.489 80.229 3.098 0.505958 0.497392
V 108.489 80.229 3.098 0.506417 0.497388
V 109.489 80.229 3.098 0.506876 0.497385
V 110.489 80.229 3.098 0.507335 0.497381
V 111.489 80.229 3.098 0.507794 0.497377
V 113.489 80.229 -1.150 0.508711 0.497370
V 114.489 80.229 -1.150 0.509170 0.497366
V 115.489 80.229 -1.150 0.509629 0.497362
V 116.489 80.229 -1.150 0.510088 0.497359
V 127.489 80.229 0.947 0.515136 0.497318
V 128.489 80.229 0.818 0.515595 0.497314
V 129.489 80.229 0.687 0.516054 0.497310
V 130.489 80.229 0.533 0.516513 0.497307
V 131.489 80.229 0.349 0.516972 0.497303
V 132.489 80.229 0.127 0.517431 0.497299
V 133.489 80.229 -0.180 0.517890 0.497296
V 134.489 80.229 -0.466 0.518348 0.497292
V 135.489 80.229 -0.818 0.518807 0.497288
V 136.489 80.229 -1.215 0.519266 0.497284
V 137.489 80.229 -1.502 0.519725 0.497281
V 138.489 80.229 -1.814 0.520184 0.497277
V 139.489 80.229 -1.962 0.520643 0.497273
V 140.489 80.229 -2.165 0.521102 0.497270
V 141.489 80.229 -2.405 0.521561 0.497266
V 142.489 80.229 -2.658 0.522020 0.497262
V 143.489 80.229 -2.938 0.522479 0.497258
V 144.489 80.229 -3.205 0.522938 0.497255
V 145.489 80.229 -3.444 0.523397 0.497251
V 146.489 80.229 -3.597 0.523855 0.497247
V 147.489 80.229 -3.784 0.524314 0.497244
V 148.489 80.229 -3.997 0.524773 0.497240
V 149.489 80.229 -4.229 0.525232 0.497236
V 150.489 80.229 -4.697 0.525691 0.497232
V 151.489 80.229 -5.390 0.526150 0.497229
V 152.489 80.229 -5.777 0.526609 0.497225
V 153.489 80.229 -6.053 0.527068 0.497221
V 154.489 80.229 -6.278 0.527527 0.497218
V 155.489 80.229 -6.486 0.527986 0.497214
V 156.489 80.229 -6.676 0.528445 0.497210
V 157.489 80.229 -6.864 0.528903 0.497206
V 158.489 80.229 -7.157 0.529362 0.497203
V 159.489 80.229 -7.333 0.529821 0.497199
V 160.489 80.229 -7.562 0.530280 0.497195
V 1.489 81.229 9.742 0.457317 0.498246
V 2.489 81.229 9.721 0.457776 0.498243
V 3.489 81.229 9.711 0.458235 0.498239
V 4.489 81.229 9.700 0.458694 0.498235
V 5.489 81.229 9.689 0.459153 0.498232
V 6.489 81.229 9.669 0.459612 0.498228
V 7.489 81.229 9.635 0.460071 0.498224
V 8.489 81.229 9.596 0.460529 0.498220
V 9.489 81.229 9.552 0.460988 0.498217
V 10.489 81.229 9.487 0.461447 0.498213
V 11.489 81.229 9.449 0.461906 0.498209
V 12.489 81.229 9.442 0.462365 0.498206
V 13.489 81.229 9.290 0.462824 0.498202
V 15.489 81.229 6.037 0.463742 0.498195
V 16.489 81.229 6.037 0.464201 0.498191
V 17.489 81.229 6.037 0.464660 0.498187
V 18.489 81.229 6.037 0.465119 0.498183
V 19.489 81.229 6.037 0.465577 0.498180
V 20.489 81.229 6.037 0.466036 0.498176
V 21.489 81.229 6.037 0.466495 0.498172
V 22.489 81.229 6.037 0.466954 0.498169
V 23.489 81.229 6.037 0.467413 0.498165
V 25.489 81.229 5.987 0.468331 0.498157
V 26.489 81.229 5.987 0.468790 0.498154
V 27.489 81.229 5.987 0.469249 0.498150
V 28.489 81.229 5.987 0.469708 0.498146
V 29.489 81.229 5.987 0.470167 0.498143
V 30.489 81.229 5.987 0.470625 0.498139
V 31.489 81.229 5.987 0.471084 0.498135
V 32.489 81.229 5.987 0.471543 0.498131
V 33.489 81.229 5.987 0.472002 0.498128
V 34.489 81.229 5.987 0.472461 0.498124
V 35.489 81.229 5.987 0.472920 0.498120
V 36.489 81.229 5.987 0.473379 0.498117
V 37.489 81.229 5.987 0.473838 0.498113
V 46.489 81.229 5.987 0.477968 0.498079
V 47.489 81.229 5.987 0.478427 0.498076
V 48.489 81.229 5.987 0.478886 0.498072
V 49.489 81.229 5.987 0.479345 0.498068
V 50.489 81.229 5.987 0.479804 0.498065
V 51.489 81.229 6.037 0.480263 0.498061
V 52.489 81.229 6.037 0.480721 0.498057
V 53.489 81.229 6.037 0.481180 0.498053
V 54.489 81.229 6.037 0.481639 0.498050
V 55.489 81.229 6.037 0.482098 0.498046
V 56.489 81.229 6.037 0.482557 0.498042
V 57.489 81.229 6.037 0.483016 0.498039
V 58.489 81.229 6.037 0.483475 0.498035
V 59.489 81.229 6.037 0.483934 0.498031
V 61.489 81.229 3.098 0.484852 0.498024
V 62.489 81.229 3.098 0.485311 0.498020
V 63.489 81.229 3.098 0.485770 0.498016
V 64.489 81.229 3.098 0.486228 0.498013
V 65.489 81.229 3.098 0.486687 0.498009
V 66.489 81.229 3.098 0.487146 0.498005
V 67.489 81.229 3.098 0.487605 0.498001
V 68.489 81.229 3.098 0.488064 0.497998
V 69.489 81.229 3.098 0.488523 0.497994
V 71.489 81.229 3.048 0.489441 0.497987
V 72.489 81.229 3.048 0.489900 0.497983
V 73.489 81.229 3.048 0.490359 0.497979
V 74.489 81.229 3.048 0.490818 0.497975
V 76.489 81.229 3.098 0.491735 0.497968
V 77.489 81.229 3.098 0.492194 0.497964
V 78.489 81.229 3.098 0.492653 0.497961
V 79.489 81.229 3.098 0.493112 0.497957
V 80.489 81.229 3.098 0.493571 0.497953
V 81.489 81.229 3.098 0.494030 0.497949
V 82.489 81.229 3.098 0.494489 0.497946
V 83.489 81.229 3.098 0.494948 0.497942
V 84.489 81.229 3.098 0.495407 0.497938
V 85.489 81.229 3.098 0.495866 0.497935
V 86.489 81.229 3.098 0.496324 0.497931
V 87.489 81.229 3.098 0.496783 0.497927
V 88.489 81.229 3.098 0.497242 0.497923
V 89.489 81.229 3.098 0.497701 0.497920
V 90.489 81.229 3.098 0.498160 0.497916
V 94.489 81.229 3.098 0.499996 0.497901
V 95.489 81.229 3.098 0.500455 0.497898
V 96.489 81.229 3.098 0.500914 0.497894
V 97.489 81.229 3.098 0.501372 0.497890
V 98.489 81.229 3.098 0.501831 0.497886
V 99.489 81.229 3.098 0.502290 0.497883
V 100.489 81.229 3.098 0.502749 0.497879
V 101.489 81.229 3.098 0.503208 0.497875
V 102.489 81.229 3.098 0.503667 0.497872
V 103.489 81.229 3.098 0.504126 0.497868
V 104.489 81.229 3.098 0.504585 0.497864
V 105.489 81.229 3.098 0.505044 0.497860
V 106.489 81.229 3.098 0.505503 0.497857
V 107.489 81.229 3.098 0.505962 0.497853
V 108.489 81.229 3.098 0.506421 0.497849
V 109.489 81.229 3.098 0.506879 0.497846
V 110.489 81.229 3.098 0.507338 0.497842
V 111.489 81.229 3.098 0.507797 0.497838
V 113.489 81.229 -1.150 0.508715 0.497831
V 114.489 81.229 -1.150 0.509174 0.497827
V 115.489 81.229 -1.150 0.509633 0.497823
V 116.489 81.229 -1.150 0.510092 0.497820
V 117.489 81.229 -1.150 0.510551 0.497816
V 118.489 81.229 -1.150 0.511010 0.497812
V 119.489 81.229 -1.150 0.511469 0.497808
V 120.489 81.229 -1.150 0.511927 0.497805
V 121.489 81.229 -1.150 0.512386 0.497801
V 122.489 81.229 -1.150 0.512845 0.497797
V 123.489 81.229 -1.150 0.513304 0.497794
V 124.489 81.229 -1.150 0.513763 0.497790
V 125.489 81.229 -1.150 0.514222 0.497786
V 126.489 81.229 -1.150 0.514681 0.497782
V 127.489 81.229 -1.150 0.515140 0.497779
V 128.489 81.229 -1.150 0.515599 0.497775
V 129.489 81.229 -1.150 0.516058 0.497771
V 130.489 81.229 -1.150 0.516517 0.497768
V 131.489 81.229 -1.150 0.516975 0.497764
V 132.489 81.229 -1.150 0.517434 0.497760
V 133.489 81.229 -1.150 0.517893 0.497756
V 144.489 81.229 -2.984 0.522941 0.497716
V 145.489 81.229 -3.278 0.523400 0.497712
V 146.489 81.229 -3.558 0.523859 0.497708
V 147.489 81.229 -3.766 0.524318 0.497704
V 148.489 81.229 -3.987 0.524777 0.497701
V 149.489 81.229 -4.323 0.525236 0.497697
V 150.489 81.229 -4.751 0.525695 0.497693
V 151.489 81.229 -5.295 0.526154 0.497690
V 152.489 81.229 -5.625 0.526613 0.497686
V 153.489 81.229 -5.828 0.527071 0.497682
V 154.489 81.229 -5.965 0.527530 0.497678
V 155.489 81.229 -6.141 0.527989 0.497675
V 156.489 81.229 -6.277 0.528448 0.497671
V 157.489 81.229 -6.450 0.528907 0.497667
V 158.489 81.229 -6.688 0.529366 0.497664
V 159.489 81.229 -6.992 0.529825 0.497660
V 160.489 81.229 -7.299 0.530284 0.497656
V 161.489 81.229 -7.599 0.530743 0.497652
V 0.489 82.229 9.992 0.456862 0.498711
V 1.489 82.229 9.966 0.457321 0.498707
V 2.489 82.229 9.947 0.457780 0.498704
V 3.489 82.229 9.917 0.458239 0.498700
V 4.489 82.229 9.891 0.458697 0.498696
V 5.489 82.229 9.871 0.459156 0.498692
V 6.489 82.229 9.839 0.459615 0.498689
V 7.489 82.229 9.798 0.460074 0.498685
V 8.489 82.229 9.754 0.460533 0.498681
V 9.489 82.229 9.705 0.460992 0.498678
V 10.489 82.229 9.649 0.461451 0.498674
V 11.489 82.229 9.623 0.461910 0.498670
V 12.489 82.229 9.647 0.462369 0.498666
V 14.489 82.229 6.037 0.463287 0.498659
V 15.489 82.229 6.037 0.463745 0.498655
V 16.489 82.229 6.037 0.464204 0.498652
V 17.489 82.229 6.037 0.464663 0.498648
V 18.489 82.229 6.037 0.465122 0.498644
V 19.489 82.229 6.037 0.465581 0.498640
V 20.489 82.229 6.037 0.466040 0.498637
V 21.489 82.229 6.037 0.466499 0.498633
V 22.489 82.229 6.037 0.466958 0.498629
V 23.489 82.229 6.037 0.467417 0.498626
V 25.489 82.229 5.987 0.468335 0.498618
V 26.489 82.229 5.987 0.468794 0.498615
V 27.489 82.229 5.987 0.469252 0.498611
V 28.489 82.229 5.987 0.469711 0.498607
V 29.489 82.229 5.987 0.470170 0.498603
V 30.489 82.229 5.987 0.470629 0.498600
V 31.489 82.229 5.987 0.471088 0.498596
V 32.489 82.229 5.987 0.471547 0.498592
V 33.489 82.229 5.987 0.472006 0.498589
V 34.489 82.229 5.987 0.472465 0.498585
V 35.489 82.229 5.987 0.472924 0.498581
V 36.489 82.229 5.987 0.473383 0.498577
V 37.489 82.229 5.987 0.473842 0.498574
V 38.489 82.229 5.987 0.474300 0.498570
V 39.489 82.229 5.987 0.474759 0.498566
V 40.489 82.229 5.987 0.475218 0.498563
V 41.489 82.229 5.987 0.475677 0.498559
V 42.489 82.229 5.987 0.476136 0.498555
V 43.489 82.229 5.987 0.476595 0.498551
V 44.489 82.229 5.987 0.477054 0.498548
V 45.489 82.229 5.987 0.477513 0.498544
V 46.489 82.229 5.987 0.477972 0.498540
V 47.489 82.229 5.987 0.478431 0.498537
V 48.489 82.229 5.987 0.478890 0.498533
V 49.489 82.229 5.987 0.479348 0.498529
V 50.489 82.229 5.987 0.479807 0.498525
V 51.489 82.229 6.037 0.480266 0.498522
V 52.489 82.229 6.037 0.480725 0.498518
V 53.489 82.229 6.037 0.481184 0.498514
V 54.489 82.229 6.037 0.481643 0.498511
V 55.489 82.229 6.037 0.482102 0.498507
V 56.489 82.229 6.037 0.482561 0.498503
V 57.489 82.229 6.037 0.483020 0.498499
V 58.489 82.229 6.037 0.483479 0.498496
V 59.489 82.229 6.037 0.483938 0.498492
V 61.489 82.229 3.098 0.484855 0.498485
V 62.489 82.229 3.098 0.485314 0.498481
V 63.489 82.229 3.098 0.485773 0.498477
V 64.489 82.229 3.098 0.486232 0.498473
V 65.489 82.229 3.098 0.486691 0.498470
V 66.489 82.229 3.098 0.487150 0.498466
V 67.489 82.229 3.098 0.487609 0.498462
V 68.489 82.229 3.098 0.488068 0.498459
V 69.489 82.229 3.098 0.488527 0.498455
V 71.489 82.229 3.048 0.489445 0.498447
V 72.489 82.229 3.048 0.489903 0.498444
V 73.489 82.229 3.048 0.490362 0.498440
V 74.489 82.229 3.048 0.490821 0.498436
V 76.489 82.229 3.098 0.491739 0.498429
V 77.489 82.229 3.098 0.492198 0.498425
V 78.489 82.229 3.098 0.492657 0.498421
V 79.489 82.229 3.098 0.493116 0.498418
V 80.489 82.229 3.098 0.493575 0.498414
V 81.489 82.229 3.098 0.494034 0.498410
V 82.489 82.229 3.098 0.494493 0.498407
V 83.489 82.229 3.098 0.494951 0.498403
V 84.489 82.229 3.098 0.495410 0.498399
V 85.489 82.229 3.098 0.495869 0.498395
V 86.489 82.229 3.098 0.496328 0.498392
V 87.489 82.229 3.098 0.496787 0.498388
V 88.489 82.229 3.098 0.497246 0.498384
V 89.489 82.229 3.098 0.497705 0.498381
V 90.489 82.229 3.098 0.498164 0.498377
V 92.489 82.229 3.048 0.499082 0.498369
V 93.489 82.229 3.048 0.499541 0.498366
V 94.489 82.229 3.048 0.499999 0.498362
V 95.489 82.229 3.048 0.500458 0.498358
V 97.489 82.229 3.098 0.501376 0.498351
V 98.489 82.229 3.098 0.501835 0.498347
V 99.489 82.229 3.098 0.502294 0.498343
V 100.489 82.229 3.098 0.502753 0.498340
V 101.489 82.229 3.098 0.503212 0.498336
V 102.489 82.229 3.098 0.503671 0.498332
V 103.489 82.229 3.098 0.504130 0.498329
V 104.489 82.229 3.098 0.504589 0.498325
V 105.489 82.229 3.098 0.505047 0.498321
V 106.489 82.229 3.098 0.505506 0.498318
V 107.489 82.229 3.098 0.505965 0.498314
V 108.489 82.229 3.098 0.506424 0.498310
V 109.489 82.229 3.098 0.506883 0.498306
V 110.489 82.229 3.098 0.507342 0.498303
V 111.489 82.229 3.098 0.507801 0.498299
V 112.489 82.229 -1.150 0.508260 0.498295
V 113.489 82.229 -1.150 0.508719 0.498292
V 114.489 82.229 -1.150 0.509178 0.498288
V 115.489 82.229 -1.150 0.509637 0.498284
V 116.489 82.229 -1.150 0.510095 0.498280
V 117.489 82.229 -1.150 0.510554 0.498277
V 118.489 82.229 -1.150 0.511013 0.498273
V 119.489 82.229 -1.150 0.511472 0.498269
V 120.489 82.229 -1.150 0.511931 0.498266
V 121.489 82.229 -1.150 0.512390 0.498262
V 122.489 82.229 -1.150 0.512849 0.498258
V 123.489 82.229 -1.150 0.513308 0.498254
V 124.489 82.229 -1.150 0.513767 0.498251
V 125.489 82.229 -1.150 0.514226 0.498247
V 126.489 82.229 -1.150 0.514685 0.498243
V 127.489 82.229 -1.150 0.515144 0.498240
V 128.489 82.229 -1.150 0.515602 0.498236
V 129.489 82.229 -1.150 0.516061 0.498232
V 130.489 82.229 -1.150 0.516520 0.498228
V 131.489 82.229 -1.150 0.516979 0.498225
V 132.489 82.229 -1.150 0.517438 0.498221
V 133.489 82.229 -1.150 0.517897 0.498217
V 134.489 82.229 -1.150 0.518356 0.498214
V 135.489 82.229 -1.150 0.518815 0.498210
V 136.489 82.229 -1.150 0.519274 0.498206
V 137.489 82.229 -1.150 0.519733 0.498202
V 138.489 82.229 -1.150 0.520192 0.498199
V 139.489 82.229 -1.150 0.520650 0.498195
V 140.489 82.229 -1.150 0.521109 0.498191
V 141.489 82.229 -1.150 0.521568 0.498188
V 142.489 82.229 -1.150 0.522027 0.498184
V 143.489 82.229 -1.150 0.522486 0.498180
V 144.489 82.229 -1.150 0.522945 0.498176
V 145.489 82.229 -1.150 0.523404 0.498173
V 146.489 82.229 -1.150 0.523863 0.498169
V 147.489 82.229 -1.150 0.524322 0.498165
V 148.489 82.229 -1.150 0.524781 0.498162
V 149.489 82.229 -1.150 0.525240 0.498158
V 150.489 82.229 -1.150 0.525698 0.498154
V 161.489 82.229 -7.218 0.530746 0.498113
V 162.489 82.229 -7.616 0.531205 0.498110
V -0.511 83.229 10.389 0.456407 0.499176
V 0.489 83.229 10.188 0.456866 0.499172
V 1.489 83.229 10.188 0.457324 0.499168
V 2.489 83.229 10.169 0.457783 0.499164
V 3.489 83.229 10.125 0.458242 0.499161
V 4.489 83.229 10.093 0.458701 0.499157
V 5.489 83.229 10.041 0.459160 0.499153
V 6.489 83.229 10.004 0.459619 0.499150
V 7.489 83.229 9.959 0.460078 0.499146
V 8.489 83.229 9.905 0.460537 0.499142
V 9.489 83.229 9.850 0.460996 0.499138
V 10.489 83.229 9.819 0.461455 0.499135
V 11.489 83.229 9.804 0.461914 0.499131
V 13.489 83.229 6.037 0.462831 0.499124
V 14.489 83.229 6.037 0.463290 0.499120
V 15.489 83.229 6.037 0.463749 0.499116
V 16.489 83.229 6.037 0.464208 0.499112
V 17.489 83.229 6.037 0.464667 0.499109
V 18.489 83.229 6.037 0.465126 0.499105
V 19.489 83.229 6.037 0.465585 0.499101
V 20.489 83.229 6.037 0.466044 0.499098
V 21.489 83.229 6.037 0.466503 0.499094
V 22.489 83.229 6.037 0.466962 0.499090
V 23.489 83.229 6.037 0.467420 0.499086
V 25.489 83.229 5.987 0.468338 0.499079
V 26.489 83.229 5.987 0.468797 0.499075
V 27.489 83.229 5.987 0.469256 0.499072
V 28.489 83.229 5.987 0.469715 0.499068
V 29.489 83.229 5.987 0.470174 0.499064
V 30.489 83.229 5.987 0.470633 0.499061
V 31.489 83.229 5.987 0.471092 0.499057
V 32.489 83.229 5.987 0.471551 0.499053
V 33.489 83.229 5.987 0.472010 0.499049
V 34.489 83.229 5.987 0.472468 0.499046
V 35.489 83.229 5.987 0.472927 0.499042
V 36.489 83.229 5.987 0.473386 0.499038
V 37.489 83.229 5.987 0.473845 0.499035
V 38.489 83.229 5.987 0.474304 0.499031
V 39.489 83.229 5.987 0.474763 0.499027
V 40.489 83.229 5.987 0.475222 0.499023
V 41.489 83.229 5.987 0.475681 0.499020
V 42.489 83.229 5.987 0.476140 0.499016
V 43.489 83.229 5.987 0.476599 0.499012
V 44.489 83.229 5.987 0.477058 0.499009
V 45.489 83.229 5.987 0.477517 0.499005
V 46.489 83.229 5.987 0.477975 0.499001
V 47.489 83.229 5.987 0.478434 0.498997
V 48.489 83.229 5.987 0.478893 0.498994
V 49.489 83.229 5.987 0.479352 0.498990
V 50.489 83.229 5.987 0.479811 0.498986
V 51.489 83.229 6.037 0.480270 0.498983
V 52.489 83.229 6.037 0.480729 0.498979
V 53.489 83.229 6.037 0.481188 0.498975
V 54.489 83.229 6.037 0.481647 0.498971
V 55.489 83.229 6.037 0.482106 0.498968
V 56.489 83.229 6.037 0.482565 0.498964
V 57.489 83.229 6.037 0.483023 0.498960
V 58.489 83.229 6.037 0.483482 0.498957
V 59.489 83.229 6.037 0.483941 0.498953
V 61.489 83.229 3.098 0.484859 0.498945
V 62.489 83.229 3.098 0.485318 0.498942
V 63.489 83.229 3.098 0.485777 0.498938
V 64.489 83.229 3.098 0.486236 0.498934
V 65.489 83.229 3.098 0.486695 0.498931
V 66.489 83.229 3.098 0.487154 0.498927
V 67.489 83.229 3.098 0.487613 0.498923
V 68.489 83.229 3.098 0.488071 0.498919
V 69.489 83.229 3.098 0.488530 0.498916
V 71.489 83.229 3.048 0.489448 0.498908
V 72.489 83.229 3.048 0.489907 0.498905
V 73.489 83.229 3.048 0.490366 0.498901
V 74.489 83.229 3.048 0.490825 0.498897
V 82.489 83.229 3.098 0.494496 0.498867
V 83.489 83.229 3.098 0.494955 0.498864
V 84.489 83.229 3.098 0.495414 0.498860
V 85.489 83.229 3.098 0.495873 0.498856
V 86.489 83.229 3.098 0.496332 0.498853
V 87.489 83.229 3.098 0.496791 0.498849
V 88.489 83.229 3.098 0.497250 0.498845
V 89.489 83.229 3.098 0.497709 0.498841
V 90.489 83.229 3.098 0.498168 0.498838
V 92.489 83.229 3.048 0.499085 0.498830
V 93.489 83.229 3.048 0.499544 0.498827
V 94.489 83.229 3.048 0.500003 0.498823
V 95.489 83.229 3.048 0.500462 0.498819
V 97.489 83.229 3.098 0.501380 0.498812
V 98.489 83.229 3.098 0.501839 0.498808
V 99.489 83.229 3.098 0.502298 0.498804
V 100.489 83.229 3.098 0.502757 0.498801
V 101.489 83.229 3.098 0.503216 0.498797
V 102.489 83.229 3.098 0.503674 0.498793
V 103.489 83.229 3.098 0.504133 0.498789
V 104.489 83.229 3.098 0.504592 0.498786
V 105.489 83.229 3.098 0.505051 0.498782
V 106.489 83.229 3.098 0.505510 0.498778
V 107.489 83.229 3.098 0.505969 0.498775
V 108.489 83.229 3.098 0.506428 0.498771
V 109.489 83.229 3.098 0.506887 0.498767
V 110.489 83.229 3.098 0.507346 0.498764
V 111.489 83.229 3.098 0.507805 0.498760
V 112.489 83.229 -1.150 0.508264 0.498756
V 113.489 83.229 -1.150 0.508722 0.498752
V 114.489 83.229 -1.150 0.509181 0.498749
V 115.489 83.229 -1.150 0.509640 0.498745
V 116.489 83.229 -1.150 0.510099 0.498741
V 117.489 83.229 -1.150 0.510558 0.498738
V 118.489 83.229 -1.150 0.511017 0.498734
V 119.489 83.229 -1.150 0.511476 0.498730
V 120.489 83.229 -1.150 0.511935 0.498726
V 121.489 83.229 -1.150 0.512394 0.498723
V 122.489 83.229 -1.150 0.512853 0.498719
V 123.489 83.229 -1.150 0.513312 0.498715
V 124.489 83.229 -1.150 0.513770 0.498712
V 125.489 83.229 -1.150 0.514229 0.498708
V 126.489 83.229 -1.150 0.514688 0.498704
V 127.489 83.229 -1.150 0.515147 0.498700
V 128.489 83.229 -1.150 0.515606 0.498697
V 129.489 83.229 -1.150 0.516065 0.498693
V 130.489 83.229 -1.150 0.516524 0.498689
V 131.489 83.229 -1.150 0.516983 0.498686
V 132.489 83.229 -1.150 0.517442 0.498682
V 133.489 83.229 -1.150 0.517901 0.498678
V 134.489 83.229 -1.150 0.518360 0.498674
V 135.489 83.229 -1.150 0.518818 0.498671
V 136.489 83.229 -1.150 0.519277 0.498667
V 137.489 83.229 -1.150 0.519736 0.498663
V 138.489 83.229 -1.150 0.520195 0.498660
V 139.489 83.229 -1.150 0.520654 0.498656
V 140.489 83.229 -1.150 0.521113 0.498652
V 141.489 83.229 -1.150 0.521572 0.498648
V 142.489 83.229 -1.150 0.522031 0.498645
V 143.489 83.229 -1.150 0.522490 0.498641
V 144.489 83.229 -1.150 0.522949 0.498637
V 145.489 83.229 -1.150 0.523408 0.498634
V 146.489 83.229 -1.150 0.523867 0.498630
V 147.489 83.229 -1.150 0.524325 0.498626
V 148.489 83.229 -1.150 0.524784 0.498622
V 149.489 83.229 -1.150 0.525243 0.498619
V 150.489 83.229 -1.150 0.525702 0.498615
V 151.489 83.229 -1.150 0.526161 0.498611
V 152.489 83.229 -1.150 0.526620 0.498608
V 153.489 83.229 -1.150 0.527079 0.498604
V 154.489 83.229 -1.150 0.527538 0.498600
V 155.489 83.229 -1.150 0.527997 0.498596
V 156.489 83.229 -1.150 0.528456 0.498593
V 157.489 83.229 -1.150 0.528915 0.498589
V 158.489 83.229 -1.150 0.529373 0.498585
V 159.489 83.229 -1.150 0.529832 0.498582
V 160.489 83.229 -1.150 0.530291 0.498578
V 161.489 83.229 -1.150 0.530750 0.498574
V 163.489 83.229 -7.592 0.531668 0.498567
V -0.511 84.229 10.603 0.456410 0.499636
V 0.489 84.229 10.430 0.456869 0.499633
V 1.489 84.229 10.426 0.457328 0.499629
V 2.489 84.229 10.380 0.457787 0.499625
V 3.489 84.229 10.332 0.458246 0.499622
V 4.489 84.229 10.283 0.458705 0.499618
V 5.489 84.229 10.220 0.459164 0.499614
V 6.489 84.229 10.166 0.459623 0.499610
V 7.489 84.229 10.107 0.460082 0.499607
V 8.489 84.229 10.049 0.460541 0.499603
V 9.489 84.229 9.991 0.460999 0.499599
V 10.489 84.229 9.969 0.461458 0.499596
V 12.489 84.229 6.037 0.462376 0.499588
V 13.489 84.229 6.037 0.462835 0.499584
V 14.489 84.229 6.037 0.463294 0.499581
V 15.489 84.229 6.037 0.463753 0.499577
V 16.489 84.229 6.037 0.464212 0.499573
V 17.489 84.229 6.037 0.464671 0.499570
V 18.489 84.229 6.037 0.465130 0.499566
V 19.489 84.229 6.037 0.465589 0.499562
V 20.489 84.229 6.037 0.466047 0.499558
V 21.489 84.229 6.037 0.466506 0.499555
V 22.489 84.229 6.037 0.466965 0.499551
V 23.489 84.229 6.037 0.467424 0.499547
V 25.489 84.229 5.987 0.468342 0.499540
V 26.489 84.229 5.987 0.468801 0.499536
V 27.489 84.229 5.987 0.469260 0.499532
V 28.489 84.229 5.987 0.469719 0.499529
V 29.489 84.229 5.987 0.470178 0.499525
V 30.489 84.229 5.987 0.470637 0.499521
V 31.489 84.229 5.987 0.471095 0.499518
V 32.489 84.229 5.987 0.471554 0.499514
V 33.489 84.229 5.987 0.472013 0.499510
V 34.489 84.229 5.987 0.472472 0.499506
V 35.489 84.229 5.987 0.472931 0.499503
V 36.489 84.229 5.987 0.473390 0.499499
V 37.489 84.229 5.987 0.473849 0.499495
V 38.489 84.229 5.987 0.474308 0.499492
V 39.489 84.229 5.987 0.474767 0.499488
V 40.489 84.229 5.987 0.475226 0.499484
V 41.489 84.229 5.987 0.475685 0.499481
V 42.489 84.229 5.987 0.476143 0.499477
V 43.489 84.229 5.987 0.476602 0.499473
V 44.489 84.229 5.987 0.477061 0.499469
V 45.489 84.229 5.987 0.477520 0.499466
V 46.489 84.229 5.987 0.477979 0.499462
V 47.489 84.229 5.987 0.478438 0.499458
V 48.489 84.229 5.987 0.478897 0.499455
V 49.489 84.229 5.987 0.479356 0.499451
V 50.489 84.229 5.987 0.479815 0.499447
V 51.489 84.229 6.037 0.480274 0.499443
V 52.489 84.229 6.037 0.480733 0.499440
V 53.489 84.229 6.037 0.481192 0.499436
V 54.489 84.229 6.037 0.481650 0.499432
V 55.489 84.229 6.037 0.482109 0.499429
V 56.489 84.229 6.037 0.482568 0.499425
V 57.489 84.229 6.037 0.483027 0.499421
V 58.489 84.229 6.037 0.483486 0.499417
V 59.489 84.229 6.037 0.483945 0.499414
V 61.489 84.229 3.098 0.484863 0.499406
V 62.489 84.229 3.098 0.485322 0.499403
V 63.489 84.229 3.098 0.485781 0.499399
V 64.489 84.229 3.098 0.486240 0.499395
V 65.489 84.229 3.098 0.486698 0.499391
V 66.489 84.229 3.098 0.487157 0.499388
V 67.489 84.229 3.098 0.487616 0.499384
V 68.489 84.229 3.098 0.488075 0.499380
V 69.489 84.229 3.098 0.488534 0.499377
V 70.489 84.229 3.048 0.488993 0.499373
V 71.489 84.229 3.048 0.489452 0.499369
V 72.489 84.229 3.048 0.489911 0.499365
V 73.489 84.229 3.048 0.490370 0.499362
V 74.489 84.229 3.048 0.490829 0.499358
V 75.489 84.229 3.048 0.491288 0.499354
V 76.489 84.229 3.048 0.491746 0.499351
V 77.489 84.229 3.048 0.492205 0.499347
V 78.489 84.229 3.048 0.492664 0.499343
V 79.489 84.229 3.048 0.493123 0.499339
V 80.489 84.229 3.048 0.493582 0.499336
V 81.489 84.229 3.048 0.494041 0.499332
V 82.489 84.229 3.048 0.494500 0.499328
V 83.489 84.229 3.048 0.494959 0.499325
V 84.489 84.229 3.048 0.495418 0.499321
V 85.489 84.229 3.048 0.495877 0.499317
V 86.489 84.229 3.048 0.496336 0.499313
V 87.489 84.229 3.048 0.496794 0.499310
V 88.489 84.229 3.048 0.497253 0.499306
V 92.489 84.229 3.048 0.499089 0.499291
V 93.489 84.229 3.048 0.499548 0.499287
V 94.489 84.229 3.048 0.500007 0.499284
V 95.489 84.229 3.048 0.500466 0.499280
V 97.489 84.229 3.098 0.501384 0.499273
V 98.489 84.229 3.098 0.501842 0.499269
V 99.489 84.229 3.098 0.502301 0.499265
V 100.489 84.229 3.098 0.502760 0.499261
V 101.489 84.229 3.098 0.503219 0.499258
V 102.489 84.229 3.098 0.503678 0.499254
V 103.489 84.229 3.098 0.504137 0.499250
V 104.489 84.229 3.098 0.504596 0.499247
V 105.489 84.229 3.098 0.505055 0.499243
V 106.489 84.229 3.098 0.505514 0.499239
V 107.489 84.229 3.098 0.505973 0.499235
V 108.489 84.229 3.098 0.506432 0.499232
V 109.489 84.229 3.098 0.506891 0.499228
V 110.489 84.229 3.098 0.507349 0.499224
V 111.489 84.229 3.098 0.507808 0.499221
V 112.489 84.229 -1.150 0.508267 0.499217
V 113.489 84.229 -1.150 0.508726 0.499213
V 114.489 84.229 -1.150 0.509185 0.499209
V 115.489 84.229 -1.150 0.509644 0.499206
V 116.489 84.229 -1.150 0.510103 0.499202
V 117.489 84.229 -1.150 0.510562 0.499198
V 118.489 84.229 -1.150 0.511021 0.499195
V 119.489 84.229 -1.150 0.511480 0.499191
V 120.489 84.229 -1.150 0.511939 0.499187
V 121.489 84.229 -1.150 0.512397 0.499184
V 122.489 84.229 -1.150 0.512856 0.499180
V 123.489 84.229 -1.150 0.513315 0.499176
V 124.489 84.229 -1.150 0.513774 0.499172
V 125.489 84.229 -1.150 0.514233 0.499169
V 126.489 84.229 -1.150 0.514692 0.499165
V 128.489 84.229 -1.200 0.515610 0.499158
V 129.489 84.229 -1.200 0.516069 0.499154
V 130.489 84.229 -1.200 0.516528 0.499150
V 131.489 84.229 -1.200 0.516987 0.499146
V 133.489 84.229 -1.150 0.517904 0.499139
V 134.489 84.229 -1.150 0.518363 0.499135
V 135.489 84.229 -1.150 0.518822 0.499132
V 136.489 84.229 -1.150 0.519281 0.499128
V 137.489 84.229 -1.150 0.519740 0.499124
V 138.489 84.229 -1.150 0.520199 0.499120
V 139.489 84.229 -1.150 0.520658 0.499117
V 140.489 84.229 -1.150 0.521117 0.499113
V 141.489 84.229 -1.150 0.521576 0.499109
V 142.489 84.229 -1.150 0.522035 0.499106
V 143.489 84.229 -1.150 0.522493 0.499102
V 144.489 84.229 -1.150 0.522952 0.499098
V 145.489 84.229 -1.150 0.523411 0.499094
V 146.489 84.229 -1.150 0.523870 0.499091
V 147.489 84.229 -1.150 0.524329 0.499087
V 148.489 84.229 -1.150 0.524788 0.499083
V 149.489 84.229 -1.150 0.525247 0.499080
V 150.489 84.229 -1.150 0.525706 0.499076
V 151.489 84.229 -1.150 0.526165 0.499072
V 152.489 84.229 -1.150 0.526624 0.499068
V 153.489 84.229 -1.150 0.527083 0.499065
V 154.489 84.229 -1.150 0.527541 0.499061
V 155.489 84.229 -1.150 0.528000 0.499057
V 156.489 84.229 -1.150 0.528459 0.499054
V 157.489 84.229 -1.150 0.528918 0.499050
V 158.489 84.229 -1.150 0.529377 0.499046
V 159.489 84.229 -1.150 0.529836 0.499042
V 160.489 84.229 -1.150 0.530295 0.499039
V 162.489 84.229 -6.686 0.531213 0.499031
V -1.511 85.229 10.947 0.455955 0.500101
V -0.511 85.229 10.824 0.456414 0.500097
V 0.489 85.229 10.730 0.456873 0.500094
V 1.489 85.229 10.673 0.457332 0.500090
V 2.489 85.229 10.605 0.457791 0.500086
V 3.489 85.229 10.545 0.458250 0.500082
V 4.489 85.229 10.468 0.458709 0.500079
V 5.489 85.229 10.395 0.459167 0.500075
V 6.489 85.229 10.324 0.459626 0.500071
V 7.489 85.229 10.257 0.460085 0.500068
V 8.489 85.229 10.195 0.460544 0.500064
V 9.489 85.229 10.135 0.461003 0.500060
V 11.489 85.229 6.037 0.461921 0.500053
V 12.489 85.229 6.037 0.462380 0.500049
V 13.489 85.229 6.037 0.462839 0.500045
V 14.489 85.229 6.037 0.463298 0.500042
V 15.489 85.229 6.037 0.463757 0.500038
V 16.489 85.229 6.037 0.464215 0.500034
V 17.489 85.229 6.037 0.464674 0.500030
V 18.489 85.229 6.037 0.465133 0.500027
V 19.489 85.229 6.037 0.465592 0.500023
V 20.489 85.229 6.037 0.466051 0.500019
V 21.489 85.229 6.037 0.466510 0.500016
V 22.489 85.229 6.037 0.466969 0.500012
V 23.489 85.229 6.037 0.467428 0.500008
V 31.489 85.229 5.987 0.471099 0.499978
V 32.489 85.229 5.987 0.471558 0.499975
V 33.489 85.229 5.987 0.472017 0.499971
V 34.489 85.229 5.987 0.472476 0.499967
V 35.489 85.229 5.987 0.472935 0.499964
V 36.489 85.229 5.987 0.473394 0.499960
V 37.489 85.229 5.987 0.473853 0.499956
V 38.489 85.229 5.987 0.474312 0.499952
V 39.489 85.229 5.987 0.474770 0.499949
V 40.489 85.229 5.987 0.475229 0.499945
V 41.489 85.229 5.987 0.475688 0.499941
V 42.489 85.229 5.987 0.476147 0.499938
V 43.489 85.229 5.987 0.476606 0.499934
V 44.489 85.229 5.987 0.477065 0.499930
V 45.489 85.229 5.987 0.477524 0.499927
V 46.489 85.229 5.987 0.477983 0.499923
V 47.489 85.229 5.987 0.478442 0.499919
V 48.489 85.229 5.987 0.478901 0.499915
V 49.489 85.229 5.987 0.479360 0.499912
V 50.489 85.229 5.987 0.479818 0.499908
V 51.489 85.229 6.037 0.480277 0.499904
V 52.489 85.229 6.037 0.480736 0.499901
V 53.489 85.229 6.037 0.481195 0.499897
V 54.489 85.229 6.037 0.481654 0.499893
V 55.489 85.229 6.037 0.482113 0.499889
V 56.489 85.229 6.037 0.482572 0.499886
V 57.489 85.229 6.037 0.483031 0.499882
V 58.489 85.229 6.037 0.483490 0.499878
V 59.489 85.229 6.037 0.483949 0.499875
V 61.489 85.229 3.098 0.484866 0.499867
V 62.489 85.229 3.098 0.485325 0.499863
V 63.489 85.229 3.098 0.485784 0.499860
V 64.489 85.229 3.098 0.486243 0.499856
V 65.489 85.229 3.098 0.486702 0.499852
V 66.489 85.229 3.098 0.487161 0.499849
V 67.489 85.229 3.098 0.487620 0.499845
V 68.489 85.229 3.098 0.488079 0.499841
V 69.489 85.229 3.098 0.488538 0.499837
V 70.489 85.229 3.048 0.488997 0.499834
V 71.489 85.229 3.048 0.489456 0.499830
V 72.489 85.229 3.048 0.489915 0.499826
V 73.489 85.229 3.048 0.490373 0.499823
V 74.489 85.229 3.048 0.490832 0.499819
V 75.489 85.229 3.048 0.491291 0.499815
V 76.489 85.229 3.048 0.491750 0.499811
V 77.489 85.229 3.048 0.492209 0.499808
V 78.489 85.229 3.048 0.492668 0.499804
V 79.489 85.229 3.048 0.493127 0.499800
V 80.489 85.229 3.048 0.493586 0.499797
V 81.489 85.229 3.048 0.494045 0.499793
V 82.489 85.229 3.048 0.494504 0.499789
V 83.489 85.229 3.048 0.494963 0.499785
V 84.489 85.229 3.048 0.495421 0.499782
V 85.489 85.229 3.048 0.495880 0.499778
V 86.489 85.229 3.048 0.496339 0.499774
V 87.489 85.229 3.048 0.496798 0.499771
V 88.489 85.229 3.048 0.497257 0.499767
V 89.489 85.229 3.048 0.497716 0.499763
V 90.489 85.229 3.048 0.498175 0.499759
V 91.489 85.229 3.048 0.498634 0.499756
V 92.489 85.229 3.048 0.499093 0.499752
V 93.489 85.229 3.048 0.499552 0.499748
V 94.489 85.229 3.048 0.500011 0.499745
V 95.489 85.229 3.048 0.500469 0.499741
V 97.489 85.229 3.098 0.501387 0.499733
V 98.489 85.229 3.098 0.501846 0.499730
V 99.489 85.229 3.098 0.502305 0.499726
V 100.489 85.229 3.098 0.502764 0.499722
V 101.489 85.229 3.098 0.503223 0.499719
V 102.489 85.229 3.098 0.503682 0.499715
V 103.489 85.229 3.098 0.504141 0.499711
V 104.489 85.229 3.098 0.504600 0.499707
V 105.489 85.229 3.098 0.505059 0.499704
V 106.489 85.229 3.098 0.505517 0.499700
V 107.489 85.229 3.098 0.505976 0.499696
V 108.489 85.229 3.098 0.506435 0.499693
V 109.489 85.229 3.098 0.506894 0.499689
V 110.489 85.229 3.098 0.507353 0.499685
V 111.489 85.229 3.098 0.507812 0.499681
V 112.489 85.229 -1.150 0.508271 0.499678
V 113.489 85.229 -1.150 0.508730 0.499674
V 114.489 85.229 -1.150 0.509189 0.499670
V 115.489 85.229 -1.150 0.509648 0.499667
V 116.489 85.229 -1.150 0.510107 0.499663
V 117.489 85.229 -1.150 0.510565 0.499659
V 118.489 85.229 -1.150 0.511024 0.499655
V 119.489 85.229 -1.150 0.511483 0.499652
V 120.489 85.229 -1.150 0.511942 0.499648
V 121.489 85.229 -1.150 0.512401 0.499644
V 122.489 85.229 -1.150 0.512860 0.499641
V 123.489 85.229 -1.150 0.513319 0.499637
V 124.489 85.229 -1.150 0.513778 0.499633
V 125.489 85.229 -1.150 0.514237 0.499630
V 126.489 85.229 -1.150 0.514696 0.499626
V 128.489 85.229 -1.200 0.515614 0.499618
V 129.489 85.229 -1.200 0.516072 0.499615
V 130.489 85.229 -1.200 0.516531 0.499611
V 131.489 85.229 -1.200 0.516990 0.499607
V 133.489 85.229 -1.150 0.517908 0.499600
V 134.489 85.229 -1.150 0.518367 0.499596
V 135.489 85.229 -1.150 0.518826 0.499592
V 136.489 85.229 -1.150 0.519285 0.499589
V 137.489 85.229 -1.150 0.519744 0.499585
V 138.489 85.229 -1.150 0.520203 0.499581
V 139.489 85.229 -1.150 0.520662 0.499578
V 140.489 85.229 -1.150 0.521120 0.499574
V 141.489 85.229 -1.150 0.521579 0.499570
V 142.489 85.229 -1.150 0.522038 0.499566
V 143.489 85.229 -1.150 0.522497 0.499563
V 144.489 85.229 -1.150 0.522956 0.499559
V 145.489 85.229 -1.150 0.523415 0.499555
V 146.489 85.229 -1.150 0.523874 0.499552
V 147.489 85.229 -1.150 0.524333 0.499548
V 149.489 85.229 -1.200 0.525251 0.499540
V 150.489 85.229 -1.200 0.525710 0.499537
V 154.489 85.229 -1.150 0.527545 0.499522
V 155.489 85.229 -1.150 0.528004 0.499518
V 156.489 85.229 -1.150 0.528463 0.499514
V 157.489 85.229 -1.150 0.528922 0.499511
V 158.489 85.229 -1.150 0.529381 0.499507
V 159.489 85.229 -1.150 0.529840 0.499503
V 160.489 85.229 -1.150 0.530299 0.499500
V 161.489 85.229 -5.795 0.530758 0.499496
V 162.489 85.229 -6.268 0.531216 0.499492
V -2.511 86.229 11.317 0.455500 0.500566
V -1.511 86.229 11.135 0.455959 0.500562
V -0.511 86.229 11.022 0.456418 0.500558
V 0.489 86.229 10.942 0.456877 0.500554
V 1.489 86.229 10.893 0.457336 0.500551
V 2.489 86.229 10.827 0.457794 0.500547
V 3.489 86.229 10.767 0.458253 0.500543
V 4.489 86.229 10.682 0.458712 0.500540
V 5.489 86.229 10.592 0.459171 0.500536
V 6.489 86.229 10.495 0.459630 0.500532
V 7.489 86.229 10.425 0.460089 0.500528
V 8.489 86.229 10.353 0.460548 0.500525
V 9.489 86.229 10.294 0.461007 0.500521
V 10.489 86.229 10.303 0.461466 0.500517
V 12.489 86.229 6.037 0.462384 0.500510
V 13.489 86.229 6.037 0.462842 0.500506
V 14.489 86.229 6.037 0.463301 0.500502
V 15.489 86.229 6.037 0.463760 0.500499
V 16.489 86.229 6.037 0.464219 0.500495
V 17.489 86.229 6.037 0.464678 0.500491
V 18.489 86.229 6.037 0.465137 0.500488
V 19.489 86.229 6.037 0.465596 0.500484
V 20.489 86.229 6.037 0.466055 0.500480
V 21.489 86.229 6.037 0.466514 0.500476
V 22.489 86.229 6.037 0.466973 0.500473
V 23.489 86.229 6.037 0.467432 0.500469
V 24.489 86.229 6.037 0.467890 0.500465
V 25.489 86.229 6.037 0.468349 0.500462
V 26.489 86.229 6.037 0.468808 0.500458
V 27.489 86.229 6.037 0.469267 0.500454
V 28.489 86.229 6.037 0.469726 0.500450
V 29.489 86.229 6.037 0.470185 0.500447
V 30.489 86.229 6.037 0.470644 0.500443
V 31.489 86.229 6.037 0.471103 0.500439
V 32.489 86.229 6.037 0.471562 0.500436
V 33.489 86.229 6.037 0.472021 0.500432
V 34.489 86.229 6.037 0.472480 0.500428
V 35.489 86.229 6.037 0.472939 0.500424
V 36.489 86.229 6.037 0.473397 0.500421
V 37.489 86.229 6.037 0.473856 0.500417
V 48.489 86.229 5.987 0.478904 0.500376
V 49.489 86.229 5.987 0.479363 0.500372
V 50.489 86.229 5.987 0.479822 0.500369
V 51.489 86.229 6.037 0.480281 0.500365
V 52.489 86.229 6.037 0.480740 0.500361
V 53.489 86.229 6.037 0.481199 0.500358
V 54.489 86.229 6.037 0.481658 0.500354
V 55.489 86.229 6.037 0.482117 0.500350
V 56.489 86.229 6.037 0.482576 0.500347
V 57.489 86.229 6.037 0.483035 0.500343
V 58.489 86.229 6.037 0.483493 0.500339
V 59.489 86.229 6.037 0.483952 0.500335
V 61.489 86.229 3.098 0.484870 0.500328
V 62.489 86.229 3.098 0.485329 0.500324
V 63.489 86.229 3.098 0.485788 0.500321
V 64.489 86.229 3.098 0.486247 0.500317
V 65.489 86.229 3.098 0.486706 0.500313
V 66.489 86.229 3.098 0.487165 0.500309
V 67.489 86.229 3.098 0.487624 0.500306
V 68.489 86.229 3.098 0.488083 0.500302
V 69.489 86.229 3.098 0.488541 0.500298
V 70.489 86.229 3.048 0.489000 0.500295
V 71.489 86.229 3.048 0.489459 0.500291
V 72.489 86.229 3.048 0.489918 0.500287
V 73.489 86.229 3.048 0.490377 0.500283
V 74.489 86.229 3.048 0.490836 0.500280
V 75.489 86.229 3.048 0.491295 0.500276
V 76.489 86.229 3.048 0.491754 0.500272
V 77.489 86.229 3.048 0.492213 0.500269
V 78.489 86.229 3.048 0.492672 0.500265
V 79.489 86.229 3.048 0.493131 0.500261
V 80.489 86.229 3.048 0.493589 0.500257
V 81.489 86.229 3.048 0.494048 0.500254
V 82.489 86.229 3.048 0.494507 0.500250
V 83.489 86.229 3.048 0.494966 0.500246
V 84.489 86.229 3.048 0.495425 0.500243
V 85.489 86.229 3.048 0.495884 0.500239
V 86.489 86.229 3.048 0.496343 0.500235
V 87.489 86.229 3.048 0.496802 0.500231
V 88.489 86.229 3.048 0.497261 0.500228
V 89.489 86.229 3.048 0.497720 0.500224
V 90.489 86.229 3.048 0.498179 0.500220
V 91.489 86.229 3.048 0.498638 0.500217
V 92.489 86.229 3.048 0.499096 0.500213
V 93.489 86.229 3.048 0.499555 0.500209
V 94.489 86.229 3.048 0.500014 0.500205
V 95.489 86.229 3.048 0.500473 0.500202
V 97.489 86.229 3.098 0.501391 0.500194
V 98.489 86.229 3.098 0.501850 0.500191
V 99.489 86.229 3.098 0.502309 0.500187
V 100.489 86.229 3.098 0.502768 0.500183
V 101.489 86.229 3.098 0.503227 0.500179
V 102.489 86.229 3.098 0.503686 0.500176
V 103.489 86.229 3.098 0.504144 0.500172
V 104.489 86.229 3.098 0.504603 0.500168
V 105.489 86.229 3.098 0.505062 0.500165
V 106.489 86.229 3.098 0.505521 0.500161
V 107.489 86.229 3.098 0.505980 0.500157
V 108.489 86.229 3.098 0.506439 0.500153
V 109.489 86.229 3.098 0.506898 0.500150
V 110.489 86.229 3.098 0.507357 0.500146
V 111.489 86.229 3.098 0.507816 0.500142
V 112.489 86.229 -1.150 0.508275 0.500139
V 113.489 86.229 -1.150 0.508734 0.500135
V 114.489 86.229 -1.150 0.509192 0.500131
V 115.489 86.229 -1.150 0.509651 0.500127
V 116.489 86.229 -1.150 0.510110 0.500124
V 117.489 86.229 -1.150 0.510569 0.500120
V 118.489 86.229 -1.150 0.511028 0.500116
V 119.489 86.229 -1.150 0.511487 0.500113
V 120.489 86.229 -1.150 0.511946 0.500109
V 121.489 86.229 -1.150 0.512405 0.500105
V 122.489 86.229 -1.150 0.512864 0.500101
V 123.489 86.229 -1.150 0.513323 0.500098
V 124.489 86.229 -1.150 0.513782 0.500094
V 125.489 86.229 -1.150 0.514240 0.500090
V 126.489 86.229 -1.150 0.514699 0.500087
V 128.489 86.229 -1.200 0.515617 0.500079
V 129.489 86.229 -1.200 0.516076 0.500075
V 130.489 86.229 -1.200 0.516535 0.500072
V 131.489 86.229 -1.200 0.516994 0.500068
V 133.489 86.229 -1.150 0.517912 0.500061
V 134.489 86.229 -1.150 0.518371 0.500057
V 135.489 86.229 -1.150 0.518830 0.500053
V 136.489 86.229 -1.150 0.519288 0.500050
V 137.489 86.229 -1.150 0.519747 0.500046
V 138.489 86.229 -1.150 0.520206 0.500042
V 139.489 86.229 -1.150 0.520665 0.500038
V 140.489 86.229 -1.150 0.521124 0.500035
V 141.489 86.229 -1.150 0.521583 0.500031
V 142.489 86.229 -1.150 0.522042 0.500027
V 143.489 86.229 -1.150 0.522501 0.500024
V 144.489 86.229 -1.150 0.522960 0.500020
V 145.489 86.229 -1.150 0.523419 0.500016
V 146.489 86.229 -1.150 0.523878 0.500012
V 147.489 86.229 -1.150 0.524337 0.500009
V 149.489 86.229 -1.200 0.525254 0.500001
V 150.489 86.229 -1.200 0.525713 0.499998
V 151.489 86.229 -1.200 0.526172 0.499994
V 152.489 86.229 -1.200 0.526631 0.499990
V 154.489 86.229 -1.150 0.527549 0.499983
V 155.489 86.229 -1.150 0.528008 0.499979
V 156.489 86.229 -1.150 0.528467 0.499975
V 157.489 86.229 -1.150 0.528926 0.499972
V 158.489 86.229 -1.150 0.529385 0.499968
V 159.489 86.229 -1.150 0.529843 0.499964
V 160.489 86.229 -4.935 0.530302 0.499960
V 161.489 86.229 -5.386 0.530761 0.499957
V 162.489 86.229 -5.885 0.531220 0.499953
V -2.511 87.229 11.460 0.455504 0.501026
V -1.511 87.229 11.319 0.455962 0.501023
V -0.511 87.229 11.213 0.456421 0.501019
V 0.489 87.229 11.126 0.456880 0.501015
V 1.489 87.229 11.087 0.457339 0.501012
V 2.489 87.229 11.052 0.457798 0.501008
V 3.489 87.229 10.996 0.458257 0.501004
V 4.489 87.229 10.896 0.458716 0.501000
V 5.489 87.229 10.786 0.459175 0.500997
V 6.489 87.229 10.681 0.459634 0.500993
V 7.489 87.229 10.599 0.460093 0.500989
V 8.489 87.229 10.522 0.460552 0.500986
V 9.489 87.229 10.463 0.461011 0.500982
V 10.489 87.229 10.473 0.461469 0.500978
V 11.489 87.229 10.443 0.461928 0.500974
V 12.489 87.229 10.404 0.462387 0.500971
V 14.489 87.229 6.037 0.463305 0.500963
V 15.489 87.229 6.037 0.463764 0.500960
V 16.489 87.229 6.037 0.464223 0.500956
V 17.489 87.229 6.037 0.464682 0.500952
V 18.489 87.229 6.037 0.465141 0.500948
V 19.489 87.229 6.037 0.465600 0.500945
V 20.489 87.229 6.037 0.466059 0.500941
V 21.489 87.229 6.037 0.466517 0.500937
V 22.489 87.229 6.037 0.466976 0.500934
V 23.489 87.229 6.037 0.467435 0.500930
V 24.489 87.229 6.037 0.467894 0.500926
V 25.489 87.229 6.037 0.468353 0.500922
V 26.489 87.229 6.037 0.468812 0.500919
V 27.489 87.229 6.037 0.469271 0.500915
V 28.489 87.229 6.037 0.469730 0.500911
V 29.489 87.229 6.037 0.470189 0.500908
V 30.489 87.229 6.037 0.470648 0.500904
V 31.489 87.229 6.037 0.471107 0.500900
V 32.489 87.229 6.037 0.471565 0.500896
V 33.489 87.229 6.037 0.472024 0.500893
V 34.489 87.229 6.037 0.472483 0.500889
V 35.489 87.229 6.037 0.472942 0.500885
V 36.489 87.229 6.037 0.473401 0.500882
V 37.489 87.229 6.037 0.473860 0.500878
V 38.489 87.229 6.037 0.474319 0.500874
V 39.489 87.229 6.037 0.474778 0.500870
V 40.489 87.229 6.037 0.475237 0.500867
V 41.489 87.229 6.037 0.475696 0.500863
V 42.489 87.229 6.037 0.476155 0.500859
V 43.489 87.229 6.037 0.476613 0.500856
V 44.489 87.229 6.037 0.477072 0.500852
V 45.489 87.229 6.037 0.477531 0.500848
V 46.489 87.229 6.037 0.477990 0.500844
V 47.489 87.229 6.037 0.478449 0.500841
V 48.489 87.229 6.037 0.478908 0.500837
V 49.489 87.229 6.037 0.479367 0.500833
V 50.489 87.229 6.037 0.479826 0.500830
V 51.489 87.229 6.037 0.480285 0.500826
V 52.489 87.229 6.037 0.480744 0.500822
V 53.489 87.229 6.037 0.481203 0.500818
V 54.489 87.229 6.037 0.481662 0.500815
V 55.489 87.229 6.037 0.482120 0.500811
V 56.489 87.229 6.037 0.482579 0.500807
V 57.489 87.229 6.037 0.483038 0.500804
V 58.489 87.229 6.037 0.483497 0.500800
V 59.489 87.229 6.037 0.483956 0.500796
V 61.489 87.229 3.098 0.484874 0.500789
V 62.489 87.229 3.098 0.485333 0.500785
V 63.489 87.229 3.098 0.485792 0.500781
V 64.489 87.229 3.098 0.486251 0.500778
V 65.489 87.229 3.098 0.486710 0.500774
V 66.489 87.229 3.098 0.487168 0.500770
V 67.489 87.229 3.098 0.487627 0.500767
V 68.489 87.229 3.098 0.488086 0.500763
V 69.489 87.229 3.098 0.488545 0.500759
V 70.489 87.229 3.048 0.489004 0.500755
V 71.489 87.229 3.048 0.489463 0.500752
V 72.489 87.229 3.048 0.489922 0.500748
V 73.489 87.229 3.048 0.490381 0.500744
V 74.489 87.229 3.048 0.490840 0.500741
V 75.489 87.229 3.048 0.491299 0.500737
V 76.489 87.229 3.048 0.491758 0.500733
V 77.489 87.229 3.048 0.492216 0.500729
V 78.489 87.229 3.048 0.492675 0.500726
V 79.489 87.229 3.048 0.493134 0.500722
V 80.489 87.229 3.048 0.493593 0.500718
V 81.489 87.229 3.048 0.494052 0.500715
V 82.489 87.229 3.048 0.494511 0.500711
V 83.489 87.229 3.048 0.494970 0.500707
V 84.489 87.229 3.048 0.495429 0.500703
V 85.489 87.229 3.048 0.495888 0.500700
V 86.489 87.229 3.048 0.496347 0.500696
V 87.489 87.229 3.048 0.496806 0.500692
V 88.489 87.229 3.048 0.497264 0.500689
V 89.489 87.229 3.048 0.497723 0.500685
V 90.489 87.229 3.048 0.498182 0.500681
V 91.489 87.229 3.048 0.498641 0.500677
V 92.489 87.229 3.048 0.499100 0.500674
V 93.489 87.229 3.048 0.499559 0.500670
V 94.489 87.229 3.048 0.500018 0.500666
V 95.489 87.229 3.048 0.500477 0.500663
V 97.489 87.229 3.098 0.501395 0.500655
V 98.489 87.229 3.098 0.501854 0.500651
V 99.489 87.229 3.098 0.502312 0.500648
V 100.489 87.229 3.098 0.502771 0.500644
V 101.489 87.229 3.098 0.503230 0.500640
V 102.489 87.229 3.098 0.503689 0.500637
V 103.489 87.229 3.098 0.504148 0.500633
V 104.489 87.229 3.098 0.504607 0.500629
V 105.489 87.229 3.098 0.505066 0.500625
V 106.489 87.229 3.098 0.505525 0.500622
V 107.489 87.229 3.098 0.505984 0.500618
V 108.489 87.229 3.098 0.506443 0.500614
V 109.489 87.229 3.098 0.506902 0.500611
V 110.489 87.229 3.098 0.507361 0.500607
V 111.489 87.229 3.098 0.507819 0.500603
V 112.489 87.229 -1.150 0.508278 0.500599
V 113.489 87.229 -1.150 0.508737 0.500596
V 114.489 87.229 -1.150 0.509196 0.500592
V 115.489 87.229 -1.150 0.509655 0.500588
V 116.489 87.229 -1.150 0.510114 0.500585
V 117.489 87.229 -1.150 0.510573 0.500581
V 118.489 87.229 -1.150 0.511032 0.500577
V 119.489 87.229 -1.150 0.511491 0.500573
V 120.489 87.229 -1.150 0.511950 0.500570
V 121.489 87.229 -1.150 0.512409 0.500566
V 122.489 87.229 -1.150 0.512867 0.500562
V 123.489 87.229 -1.150 0.513326 0.500559
V 124.489 87.229 -1.150 0.513785 0.500555
V 125.489 87.229 -1.150 0.514244 0.500551
V 126.489 87.229 -1.150 0.514703 0.500547
V 128.489 87.229 -1.200 0.515621 0.500540
V 129.489 87.229 -1.200 0.516080 0.500536
V 130.489 87.229 -1.200 0.516539 0.500533
V 131.489 87.229 -1.200 0.516998 0.500529
V 132.489 87.229 -1.200 0.517457 0.500525
V 133.489 87.229 -1.200 0.517915 0.500521
V 134.489 87.229 -1.200 0.518374 0.500518
V 135.489 87.229 -1.200 0.518833 0.500514
V 136.489 87.229 -1.200 0.519292 0.500510
V 137.489 87.229 -1.200 0.519751 0.500507
V 138.489 87.229 -1.200 0.520210 0.500503
V 149.489 87.229 -1.200 0.525258 0.500462
V 150.489 87.229 -1.200 0.525717 0.500458
V 151.489 87.229 -1.200 0.526176 0.500455
V 152.489 87.229 -1.200 0.526635 0.500451
V 154.489 87.229 -1.150 0.527553 0.500444
V 155.489 87.229 -1.150 0.528011 0.500440
V 156.489 87.229 -1.150 0.528470 0.500436
V 157.489 87.229 -1.150 0.528929 0.500432
V 158.489 87.229 -1.150 0.529388 0.500429
V 160.489 87.229 -4.524 0.530306 0.500421
V 161.489 87.229 -4.989 0.530765 0.500418
V 162.489 87.229 -5.511 0.531224 0.500414
V -2.511 88.229 11.518 0.455507 0.501487
V -1.511 88.229 11.429 0.455966 0.501484
V -0.511 88.229 11.358 0.456425 0.501480
V 0.489 88.229 11.323 0.456884 0.501476
V 1.489 88.229 11.316 0.457343 0.501472
V 2.489 88.229 11.296 0.457802 0.501469
V 3.489 88.229 11.248 0.458261 0.501465
V 4.489 88.229 11.142 0.458720 0.501461
V 5.489 88.229 11.022 0.459179 0.501458
V 6.489 88.229 10.899 0.459637 0.501454
V 7.489 88.229 10.799 0.460096 0.501450
V 8.489 88.229 10.709 0.460555 0.501446
V 9.489 88.229 10.651 0.461014 0.501443
V 10.489 88.229 10.624 0.461473 0.501439
V 11.489 88.229 10.576 0.461932 0.501435
V 12.489 88.229 10.525 0.462391 0.501432
V 13.489 88.229 10.410 0.462850 0.501428
V 21.489 88.229 6.037 0.466521 0.501398
V 22.489 88.229 6.037 0.466980 0.501394
V 23.489 88.229 6.037 0.467439 0.501391
V 24.489 88.229 6.037 0.467898 0.501387
V 25.489 88.229 6.037 0.468357 0.501383
V 26.489 88.229 6.037 0.468816 0.501380
V 27.489 88.229 6.037 0.469275 0.501376
V 28.489 88.229 6.037 0.469734 0.501372
V 29.489 88.229 6.037 0.470192 0.501368
V 30.489 88.229 6.037 0.470651 0.501365
V 31.489 88.229 6.037 0.471110 0.501361
V 32.489 88.229 6.037 0.471569 0.501357
V 33.489 88.229 6.037 0.472028 0.501354
V 34.489 88.229 6.037 0.472487 0.501350
V 35.489 88.229 6.037 0.472946 0.501346
V 36.489 88.229 6.037 0.473405 0.501342
V 37.489 88.229 6.037 0.473864 0.501339
V 38.489 88.229 6.037 0.474323 0.501335
V 39.489 88.229 6.037 0.474782 0.501331
V 40.489 88.229 6.037 0.475240 0.501328
V 41.489 88.229 6.037 0.475699 0.501324
V 42.489 88.229 6.037 0.476158 0.501320
V 43.489 88.229 6.037 0.476617 0.501316
V 44.489 88.229 6.037 0.477076 0.501313
V 45.489 88.229 6.037 0.477535 0.501309
V 46.489 88.229 6.037 0.477994 0.501305
V 47.489 88.229 6.037 0.478453 0.501302
V 48.489 88.229 6.037 0.478912 0.501298
V 49.489 88.229 6.037 0.479371 0.501294
V 50.489 88.229 6.037 0.479830 0.501290
V 51.489 88.229 6.037 0.480288 0.501287
V 52.489 88.229 6.037 0.480747 0.501283
V 53.489 88.229 6.037 0.481206 0.501279
V 54.489 88.229 6.037 0.481665 0.501276
V 55.489 88.229 6.037 0.482124 0.501272
V 56.489 88.229 6.037 0.482583 0.501268
V 57.489 88.229 6.037 0.483042 0.501264
V 58.489 88.229 6.037 0.483501 0.501261
V 59.489 88.229 6.037 0.483960 0.501257
V 61.489 88.229 3.098 0.484878 0.501250
V 62.489 88.229 3.098 0.485336 0.501246
V 63.489 88.229 3.098 0.485795 0.501242
V 64.489 88.229 3.098 0.486254 0.501238
V 65.489 88.229 3.098 0.486713 0.501235
V 66.489 88.229 3.098 0.487172 0.501231
V 67.489 88.229 3.098 0.487631 0.501227
V 68.489 88.229 3.098 0.488090 0.501224
V 69.489 88.229 3.098 0.488549 0.501220
V 70.489 88.229 3.098 0.489008 0.501216
V 71.489 88.229 3.098 0.489467 0.501213
V 82.489 88.229 3.048 0.494515 0.501172
V 83.489 88.229 3.048 0.494974 0.501168
V 84.489 88.229 3.048 0.495433 0.501164
V 85.489 88.229 3.048 0.495891 0.501161
V 86.489 88.229 3.048 0.496350 0.501157
V 87.489 88.229 3.048 0.496809 0.501153
V 88.489 88.229 3.048 0.497268 0.501149
V 89.489 88.229 3.048 0.497727 0.501146
V 90.489 88.229 3.048 0.498186 0.501142
V 91.489 88.229 3.048 0.498645 0.501138
V 92.489 88.229 3.048 0.499104 0.501135
V 93.489 88.229 3.048 0.499563 0.501131
V 94.489 88.229 3.048 0.500022 0.501127
V 95.489 88.229 3.048 0.500481 0.501123
V 97.489 88.229 3.098 0.501398 0.501116
V 98.489 88.229 3.098 0.501857 0.501112
V 99.489 88.229 3.098 0.502316 0.501109
V 100.489 88.229 3.098 0.502775 0.501105
V 101.489 88.229 3.098 0.503234 0.501101
V 102.489 88.229 3.098 0.503693 0.501097
V 103.489 88.229 3.098 0.504152 0.501094
V 104.489 88.229 3.098 0.504611 0.501090
V 105.489 88.229 3.098 0.505070 0.501086
V 106.489 88.229 3.098 0.505529 0.501083
V 107.489 88.229 3.098 0.505987 0.501079
V 108.489 88.229 3.098 0.506446 0.501075
V 109.489 88.229 3.098 0.506905 0.501071
V 110.489 88.229 3.098 0.507364 0.501068
V 111.489 88.229 3.098 0.507823 0.501064
V 112.489 88.229 -1.150 0.508282 0.501060
V 113.489 88.229 -1.150 0.508741 0.501057
V 114.489 88.229 -1.150 0.509200 0.501053
V 115.489 88.229 -1.150 0.509659 0.501049
V 116.489 88.229 -1.150 0.510118 0.501045
V 117.489 88.229 -1.150 0.510577 0.501042
V 118.489 88.229 -1.150 0.511035 0.501038
V 119.489 88.229 -1.150 0.511494 0.501034
V 120.489 88.229 -1.150 0.511953 0.501031
V 121.489 88.229 -1.150 0.512412 0.501027
V 122.489 88.229 -1.150 0.512871 0.501023
V 123.489 88.229 -1.150 0.513330 0.501019
V 124.489 88.229 -1.150 0.513789 0.501016
V 125.489 88.229 -1.150 0.514248 0.501012
V 126.489 88.229 -1.150 0.514707 0.501008
V 128.489 88.229 -1.200 0.515625 0.501001
V 129.489 88.229 -1.200 0.516084 0.500997
V 130.489 88.229 -1.200 0.516542 0.500993
V 131.489 88.229 -1.200 0.517001 0.500990
V 132.489 88.229 -1.200 0.517460 0.500986
V 133.489 88.229 -1.200 0.517919 0.500982
V 134.489 88.229 -1.200 0.518378 0.500979
V 135.489 88.229 -1.200 0.518837 0.500975
V 136.489 88.229 -1.200 0.519296 0.500971
V 137.489 88.229 -1.200 0.519755 0.500967
V 138.489 88.229 -1.200 0.520214 0.500964
V 139.489 88.229 -1.200 0.520673 0.500960
V 140.489 88.229 -1.200 0.521132 0.500956
V 141.489 88.229 -1.200 0.521590 0.500953
V 142.489 88.229 -1.200 0.522049 0.500949
V 143.489 88.229 -1.200 0.522508 0.500945
V 144.489 88.229 -1.200 0.522967 0.500941
V 145.489 88.229 -1.200 0.523426 0.500938
V 146.489 88.229 -1.200 0.523885 0.500934
V 147.489 88.229 -1.200 0.524344 0.500930
V 148.489 88.229 -1.200 0.524803 0.500927
V 149.489 88.229 -1.200 0.525262 0.500923
V 150.489 88.229 -1.200 0.525721 0.500919
V 151.489 88.229 -1.200 0.526180 0.500916
V 152.489 88.229 -1.200 0.526638 0.500912
V 154.489 88.229 -1.150 0.527556 0.500904
V 155.489 88.229 -1.150 0.528015 0.500901
V 156.489 88.229 -1.150 0.528474 0.500897
V 157.489 88.229 -1.150 0.528933 0.500893
V 159.489 88.229 -3.839 0.529851 0.500886
V 160.489 88.229 -4.194 0.530310 0.500882
V 161.489 88.229 -4.637 0.530769 0.500878
V 162.489 88.229 -5.125 0.531228 0.500875
V -2.511 89.229 11.544 0.455511 0.501948
V -1.511 89.229 11.531 0.455970 0.501944
V -0.511 89.229 11.478 0.456429 0.501941
V 0.489 89.229 11.531 0.456888 0.501937
V 1.489 89.229 11.580 0.457347 0.501933
V 2.489 89.229 11.567 0.457806 0.501930
V 3.489 89.229 11.525 0.458264 0.501926
V 4.489 89.229 11.416 0.458723 0.501922
V 5.489 89.229 11.294 0.459182 0.501918
V 6.489 89.229 11.164 0.459641 0.501915
V 7.489 89.229 11.044 0.460100 0.501911
V 8.489 89.229 10.949 0.460559 0.501907
V 9.489 89.229 10.860 0.461018 0.501904
V 10.489 89.229 10.805 0.461477 0.501900
V 11.489 89.229 10.745 0.461936 0.501896
V 12.489 89.229 10.683 0.462395 0.501892
V 13.489 89.229 10.567 0.462854 0.501889
V 14.489 89.229 10.403 0.463312 0.501885
V 15.489 89.229 10.213 0.463771 0.501881
V 16.489 89.229 9.991 0.464230 0.501878
V 17.489 89.229 9.752 0.464689 0.501874
V 18.489 89.229 9.527 0.465148 0.501870
V 19.489 89.229 9.431 0.465607 0.501866
V 20.489 89.229 9.318 0.466066 0.501863
V 21.489 89.229 9.256 0.466525 0.501859
V 22.489 89.229 9.199 0.466984 0.501855
V 23.489 89.229 9.133 0.467443 0.501852
V 24.489 89.229 9.072 0.467902 0.501848
V 30.489 89.229 6.037 0.470655 0.501826
V 31.489 89.229 6.037 0.471114 0.501822
V 32.489 89.229 6.037 0.471573 0.501818
V 33.489 89.229 6.037 0.472032 0.501814
V 34.489 89.229 6.037 0.472491 0.501811
V 35.489 89.229 6.037 0.472950 0.501807
V 36.489 89.229 6.037 0.473409 0.501803
V 37.489 89.229 6.037 0.473867 0.501800
V 38.489 89.229 6.037 0.474326 0.501796
V 39.489 89.229 6.037 0.474785 0.501792
V 40.489 89.229 6.037 0.475244 0.501788
V 41.489 89.229 6.037 0.475703 0.501785
V 42.489 89.229 6.037 0.476162 0.501781
V 43.489 89.229 6.037 0.476621 0.501777
V 44.489 89.229 6.037 0.477080 0.501774
V 45.489 89.229 6.037 0.477539 0.501770
V 46.489 89.229 6.037 0.477998 0.501766
V 47.489 89.229 6.037 0.478457 0.501762
V 48.489 89.229 6.037 0.478915 0.501759
V 49.489 89.229 6.037 0.479374 0.501755
V 50.489 89.229 6.037 0.479833 0.501751
V 51.489 89.229 6.037 0.480292 0.501748
V 52.489 89.229 6.037 0.480751 0.501744
V 53.489 89.229 6.037 0.481210 0.501740
V 54.489 89.229 6.037 0.481669 0.501736
V 55.489 89.229 6.037 0.482128 0.501733
V 56.489 89.229 6.037 0.482587 0.501729
V 57.489 89.229 6.037 0.483046 0.501725
V 58.489 89.229 6.037 0.483505 0.501722
V 59.489 89.229 6.037 0.483963 0.501718
V 61.489 89.229 3.098 0.484881 0.501710
V 62.489 89.229 3.098 0.485340 0.501707
V 63.489 89.229 3.098 0.485799 0.501703
V 64.489 89.229 3.098 0.486258 0.501699
V 65.489 89.229 3.098 0.486717 0.501696
V 66.489 89.229 3.098 0.487176 0.501692
V 67.489 89.229 3.098 0.487635 0.501688
V 68.489 89.229 3.098 0.488094 0.501684
V 69.489 89.229 3.098 0.488553 0.501681
V 70.489 89.229 3.098 0.489011 0.501677
V 71.489 89.229 3.098 0.489470 0.501673
V 72.489 89.229 3.098 0.489929 0.501670
V 73.489 89.229 3.098 0.490388 0.501666
V 74.489 89.229 3.098 0.490847 0.501662
V 75.489 89.229 3.098 0.491306 0.501659
V 76.489 89.229 3.098 0.491765 0.501655
V 77.489 89.229 3.098 0.492224 0.501651
V 78.489 89.229 3.098 0.492683 0.501647
V 79.489 89.229 3.098 0.493142 0.501644
V 80.489 89.229 3.098 0.493601 0.501640
V 81.489 89.229 3.098 0.494059 0.501636
V 82.489 89.229 3.098 0.494518 0.501633
V 83.489 89.229 3.098 0.494977 0.501629
V 84.489 89.229 3.098 0.495436 0.501625
V 85.489 89.229 3.098 0.495895 0.501621
V 86.489 89.229 3.098 0.496354 0.501618
V 87.489 89.229 3.098 0.496813 0.501614
V 97.489 89.229 3.098 0.501402 0.501577
V 98.489 89.229 3.098 0.501861 0.501573
V 99.489 89.229 3.098 0.502320 0.501569
V 100.489 89.229 3.098 0.502779 0.501566
V 101.489 89.229 3.098 0.503238 0.501562
V 102.489 89.229 3.098 0.503697 0.501558
V 103.489 89.229 3.098 0.504156 0.501555
V 104.489 89.229 3.098 0.504614 0.501551
V 105.489 89.229 3.098 0.505073 0.501547
V 106.489 89.229 3.098 0.505532 0.501543
V 107.489 89.229 3.098 0.505991 0.501540
V 108.489 89.229 3.098 0.506450 0.501536
V 109.489 89.229 3.098 0.506909 0.501532
V 110.489 89.229 3.098 0.507368 0.501529
V 112.489 89.229 -1.150 0.508286 0.501521
V 113.489 89.229 -1.150 0.508745 0.501517
V 114.489 89.229 -1.150 0.509204 0.501514
V 115.489 89.229 -1.150 0.509662 0.501510
V 116.489 89.229 -1.150 0.510121 0.501506
V 117.489 89.229 -1.150 0.510580 0.501503
V 118.489 89.229 -1.150 0.511039 0.501499
V 119.489 89.229 -1.150 0.511498 0.501495
V 120.489 89.229 -1.150 0.511957 0.501491
V 121.489 89.229 -1.150 0.512416 0.501488
V 122.489 89.229 -1.150 0.512875 0.501484
V 123.489 89.229 -1.150 0.513334 0.501480
V 124.489 89.229 -1.150 0.513793 0.501477
V 125.489 89.229 -1.150 0.514252 0.501473
V 126.489 89.229 -1.150 0.514710 0.501469
V 127.489 89.229 -1.200 0.515169 0.501465
V 128.489 89.229 -1.200 0.515628 0.501462
V 129.489 89.229 -1.200 0.516087 0.501458
V 130.489 89.229 -1.200 0.516546 0.501454
V 131.489 89.229 -1.200 0.517005 0.501451
V 132.489 89.229 -1.200 0.517464 0.501447
V 133.489 89.229 -1.200 0.517923 0.501443
V 134.489 89.229 -1.200 0.518382 0.501439
V 135.489 89.229 -1.200 0.518841 0.501436
V 136.489 89.229 -1.200 0.519300 0.501432
V 137.489 89.229 -1.200 0.519758 0.501428
V 138.489 89.229 -1.200 0.520217 0.501425
V 139.489 89.229 -1.200 0.520676 0.501421
V 140.489 89.229 -1.200 0.521135 0.501417
V 141.489 89.229 -1.200 0.521594 0.501413
V 142.489 89.229 -1.200 0.522053 0.501410
V 143.489 89.229 -1.200 0.522512 0.501406
V 144.489 89.229 -1.200 0.522971 0.501402
V 145.489 89.229 -1.200 0.523430 0.501399
V 146.489 89.229 -1.200 0.523889 0.501395
V 147.489 89.229 -1.200 0.524348 0.501391
V 148.489 89.229 -1.200 0.524807 0.501387
V 149.489 89.229 -1.200 0.525265 0.501384
V 150.489 89.229 -1.200 0.525724 0.501380
V 151.489 89.229 -1.200 0.526183 0.501376
V 152.489 89.229 -1.200 0.526642 0.501373
V 154.489 89.229 -1.150 0.527560 0.501365
V 155.489 89.229 -1.150 0.528019 0.501362
V 156.489 89.229 -1.150 0.528478 0.501358
V 157.489 89.229 -1.150 0.528937 0.501354
V 158.489 89.229 -3.321 0.529396 0.501350
V 159.489 89.229 -3.527 0.529855 0.501347
V 160.489 89.229 -3.891 0.530313 0.501343
V 161.489 89.229 -4.321 0.530772 0.501339
V 162.489 89.229 -4.755 0.531231 0.501336
V -2.511 90.229 11.630 0.455515 0.502409
V -1.511 90.229 11.600 0.455974 0.502405
V -0.511 90.229 11.682 0.456433 0.502401
V 0.489 90.229 11.761 0.456891 0.502398
V 1.489 90.229 11.825 0.457350 0.502394
V 2.489 90.229 11.849 0.457809 0.502390
V 3.489 90.229 11.821 0.458268 0.502387
V 4.489 90.229 11.715 0.458727 0.502383
V 5.489 90.229 11.592 0.459186 0.502379
V 6.489 90.229 11.465 0.459645 0.502376
V 7.489 90.229 11.333 0.460104 0.502372
V 8.489 90.229 11.216 0.460563 0.502368
V 9.489 90.229 11.091 0.461022 0.502364
V 10.489 90.229 11.030 0.461481 0.502361
V 11.489 90.229 10.953 0.461939 0.502357
V 12.489 90.229 10.868 0.462398 0.502353
V 13.489 90.229 10.732 0.462857 0.502350
V 14.489 90.229 10.562 0.463316 0.502346
V 15.489 90.229 10.372 0.463775 0.502342
V 16.489 90.229 10.153 0.464234 0.502338
V 17.489 90.229 9.938 0.464693 0.502335
V 18.489 90.229 9.723 0.465152 0.502331
V 19.489 90.229 9.598 0.465611 0.502327
V 20.489 90.229 9.479 0.466070 0.502324
V 21.489 90.229 9.373 0.466529 0.502320
V 22.489 90.229 9.288 0.466987 0.502316
V 23.489 90.229 9.210 0.467446 0.502312
V 24.489 90.229 9.145 0.467905 0.502309
V 25.489 90.229 9.077 0.468364 0.502305
V 26.489 90.229 8.982 0.468823 0.502301
V 27.489 90.229 8.863 0.469282 0.502298
V 28.489 90.229 8.726 0.469741 0.502294
V 29.489 90.229 8.594 0.470200 0.502290
V 30.489 90.229 8.458 0.470659 0.502286
V 31.489 90.229 8.295 0.471118 0.502283
V 32.489 90.229 8.119 0.471577 0.502279
V 33.489 90.229 7.935 0.472035 0.502275
V 39.489 90.229 6.037 0.474789 0.502253
V 40.489 90.229 6.037 0.475248 0.502249
V 41.489 90.229 6.037 0.475707 0.502246
V 42.489 90.229 6.037 0.476166 0.502242
V 43.489 90.229 6.037 0.476625 0.502238
V 44.489 90.229 6.037 0.477083 0.502234
V 45.489 90.229 6.037 0.477542 0.502231
V 46.489 90.229 6.037 0.478001 0.502227
V 47.489 90.229 6.037 0.478460 0.502223
V 48.489 90.229 6.037 0.478919 0.502220
V 49.489 90.229 6.037 0.479378 0.502216
V 50.489 90.229 6.037 0.479837 0.502212
V 51.489 90.229 6.037 0.480296 0.502208
V 52.489 90.229 6.037 0.480755 0.502205
V 53.489 90.229 6.037 0.481214 0.502201
V 54.489 90.229 6.037 0.481673 0.502197
V 55.489 90.229 6.037 0.482132 0.502194
V 56.489 90.229 6.037 0.482590 0.502190
V 57.489 90.229 6.037 0.483049 0.502186
V 58.489 90.229 6.037 0.483508 0.502182
V 59.489 90.229 6.037 0.483967 0.502179
V 61.489 90.229 3.098 0.484885 0.502171
V 62.489 90.229 3.098 0.485344 0.502168
V 63.489 90.229 3.098 0.485803 0.502164
V 64.489 90.229 3.098 0.486262 0.502160
V 65.489 90.229 3.098 0.486721 0.502156
V 66.489 90.229 3.098 0.487180 0.502153
V 67.489 90.229 3.098 0.487638 0.502149
V 68.489 90.229 3.098 0.488097 0.502145
V 69.489 90.229 3.098 0.488556 0.502142
V 70.489 90.229 3.098 0.489015 0.502138
V 71.489 90.229 3.098 0.489474 0.502134
V 72.489 90.229 3.098 0.489933 0.502130
V 73.489 90.229 3.098 0.490392 0.502127
V 74.489 90.229 3.098 0.490851 0.502123
V 75.489 90.229 3.098 0.491310 0.502119
V 76.489 90.229 3.098 0.491769 0.502116
V 77.489 90.229 3.098 0.492228 0.502112
V 78.489 90.229 3.098 0.492686 0.502108
V 79.489 90.229 3.098 0.493145 0.502104
V 80.489 90.229 3.098 0.493604 0.502101
V 81.489 90.229 3.098 0.494063 0.502097
V 82.489 90.229 3.098 0.494522 0.502093
V 83.489 90.229 3.098 0.494981 0.502090
V 84.489 90.229 3.098 0.495440 0.502086
V 85.489 90.229 3.098 0.495899 0.502082
V 86.489 90.229 3.098 0.496358 0.502079
V 87.489 90.229 3.098 0.496817 0.502075
V 88.489 90.229 3.098 0.497276 0.502071
V 89.489 90.229 3.098 0.497734 0.502067
V 90.489 90.229 3.098 0.498193 0.502064
V 91.489 90.229 3.098 0.498652 0.502060
V 92.489 90.229 3.098 0.499111 0.502056
V 93.489 90.229 3.098 0.499570 0.502053
V 94.489 90.229 3.098 0.500029 0.502049
V 95.489 90.229 3.098 0.500488 0.502045
V 96.489 90.229 3.098 0.500947 0.502041
V 97.489 90.229 3.098 0.501406 0.502038
V 98.489 90.229 3.098 0.501865 0.502034
V 99.489 90.229 3.098 0.502324 0.502030
V 100.489 90.229 3.098 0.502782 0.502027
V 101.489 90.229 3.098 0.503241 0.502023
V 102.489 90.229 3.098 0.503700 0.502019
V 103.489 90.229 3.098 0.504159 0.502015
V 104.489 90.229 3.098 0.504618 0.502012
V 105.489 90.229 3.098 0.505077 0.502008
V 106.489 90.229 3.098 0.505536 0.502004
V 107.489 90.229 3.098 0.505995 0.502001
V 108.489 90.229 3.098 0.506454 0.501997
V 109.489 90.229 3.098 0.506913 0.501993
V 110.489 90.229 3.098 0.507372 0.501989
V 112.489 90.229 -1.150 0.508289 0.501982
V 113.489 90.229 -1.150 0.508748 0.501978
V 114.489 90.229 -1.150 0.509207 0.501975
V 115.489 90.229 -1.150 0.509666 0.501971
V 116.489 90.229 -1.150 0.510125 0.501967
V 117.489 90.229 -1.150 0.510584 0.501963
V 118.489 90.229 -1.150 0.511043 0.501960
V 119.489 90.229 -1.150 0.511502 0.501956
V 120.489 90.229 -1.150 0.511961 0.501952
V 121.489 90.229 -1.150 0.512420 0.501949
V 122.489 90.229 -1.150 0.512879 0.501945
V 123.489 90.229 -1.150 0.513337 0.501941
V 124.489 90.229 -1.150 0.513796 0.501937
V 125.489 90.229 -1.150 0.514255 0.501934
V 126.489 90.229 -1.150 0.514714 0.501930
V 127.489 90.229 -1.200 0.515173 0.501926
V 128.489 90.229 -1.200 0.515632 0.501923
V 129.489 90.229 -1.200 0.516091 0.501919
V 130.489 90.229 -1.200 0.516550 0.501915
V 131.489 90.229 -1.200 0.517009 0.501911
V 132.489 90.229 -1.200 0.517468 0.501908
V 133.489 90.229 -1.200 0.517927 0.501904
V 134.489 90.229 -1.200 0.518385 0.501900
V 135.489 90.229 -1.200 0.518844 0.501897
V 136.489 90.229 -1.200 0.519303 0.501893
V 137.489 90.229 -1.200 0.519762 0.501889
V 138.489 90.229 -1.200 0.520221 0.501885
V 139.489 90.229 -1.200 0.520680 0.501882
V 140.489 90.229 -1.200 0.521139 0.501878
V 141.489 90.229 -1.200 0.521598 0.501874
V 142.489 90.229 -1.200 0.522057 0.501871
V 143.489 90.229 -1.200 0.522516 0.501867
V 144.489 90.229 -1.200 0.522975 0.501863
V 145.489 90.229 -1.200 0.523433 0.501859
V 146.489 90.229 -1.200 0.523892 0.501856
V 147.489 90.229 -1.200 0.524351 0.501852
V 148.489 90.229 -1.200 0.524810 0.501848
V 149.489 90.229 -1.200 0.525269 0.501845
V 150.489 90.229 -1.200 0.525728 0.501841
V 151.489 90.229 -1.200 0.526187 0.501837
V 152.489 90.229 -1.200 0.526646 0.501833
V 154.489 90.229 -1.150 0.527564 0.501826
V 155.489 90.229 -1.150 0.528023 0.501822
V 156.489 90.229 -1.150 0.528481 0.501819
V 158.489 90.229 -3.051 0.529399 0.501811
V 159.489 90.229 -3.238 0.529858 0.501807
V 160.489 90.229 -3.606 0.530317 0.501804
V 161.489 90.229 -3.999 0.530776 0.501800
V 162.489 90.229 -4.392 0.531235 0.501796
V -1.511 91.229 11.703 0.455977 0.502866
V -0.511 91.229 11.852 0.456436 0.502862
V 0.489 91.229 12.044 0.456895 0.502859
V 1.489 91.229 12.129 0.457354 0.502855
V 2.489 91.229 12.164 0.457813 0.502851
V 3.489 91.229 12.148 0.458272 0.502847
V 4.489 91.229 12.063 0.458731 0.502844
V 5.489 91.229 11.951 0.459190 0.502840
V 6.489 91.229 11.837 0.459649 0.502836
V 7.489 91.229 11.674 0.460107 0.502833
V 8.489 91.229 11.534 0.460566 0.502829
V 9.489 91.229 11.360 0.461025 0.502825
V 10.489 91.229 11.279 0.461484 0.502822
V 11.489 91.229 11.191 0.461943 0.502818
V 12.489 91.229 11.094 0.462402 0.502814
V 13.489 91.229 10.947 0.462861 0.502810
V 14.489 91.229 10.768 0.463320 0.502807
V 15.489 91.229 10.570 0.463779 0.502803
V 16.489 91.229 10.350 0.464238 0.502799
V 17.489 91.229 10.136 0.464697 0.502796
V 18.489 91.229 9.947 0.465156 0.502792
V 19.489 91.229 9.784 0.465614 0.502788
V 20.489 91.229 9.657 0.466073 0.502784
V 21.489 91.229 9.534 0.466532 0.502781
V 22.489 91.229 9.434 0.466991 0.502777
V 23.489 91.229 9.345 0.467450 0.502773
V 24.489 91.229 9.262 0.467909 0.502770
V 25.489 91.229 9.179 0.468368 0.502766
V 26.489 91.229 9.082 0.468827 0.502762
V 27.489 91.229 8.973 0.469286 0.502758
V 28.489 91.229 8.832 0.469745 0.502755
V 29.489 91.229 8.691 0.470204 0.502751
V 30.489 91.229 8.525 0.470662 0.502747
V 31.489 91.229 8.350 0.471121 0.502744
V 32.489 91.229 8.171 0.471580 0.502740
V 33.489 91.229 7.991 0.472039 0.502736
V 34.489 91.229 7.820 0.472498 0.502732
V 35.489 91.229 7.655 0.472957 0.502729
V 36.489 91.229 7.506 0.473416 0.502725
V 37.489 91.229 7.359 0.473875 0.502721
V 38.489 91.229 7.195 0.474334 0.502718
V 39.489 91.229 7.068 0.474793 0.502714
V 40.489 91.229 6.975 0.475252 0.502710
V 45.489 91.229 6.037 0.477546 0.502692
V 46.489 91.229 6.037 0.478005 0.502688
V 47.489 91.229 6.037 0.478464 0.502684
V 48.489 91.229 6.037 0.478923 0.502680
V 49.489 91.229 6.037 0.479382 0.502677
V 50.489 91.229 6.037 0.479841 0.502673
V 51.489 91.229 6.037 0.480300 0.502669
V 52.489 91.229 6.037 0.480758 0.502666
V 53.489 91.229 6.037 0.481217 0.502662
V 54.489 91.229 6.037 0.481676 0.502658
V 55.489 91.229 6.037 0.482135 0.502654
V 56.489 91.229 6.037 0.482594 0.502651
V 57.489 91.229 6.037 0.483053 0.502647
V 58.489 91.229 6.037 0.483512 0.502643
V 59.489 91.229 6.037 0.483971 0.502640
V 60.489 91.229 3.098 0.484430 0.502636
V 61.489 91.229 3.098 0.484889 0.502632
V 62.489 91.229 3.098 0.485348 0.502628
V 63.489 91.229 3.098 0.485806 0.502625
V 64.489 91.229 3.098 0.486265 0.502621
V 65.489 91.229 3.098 0.486724 0.502617
V 66.489 91.229 3.098 0.487183 0.502614
V 67.489 91.229 3.098 0.487642 0.502610
V 68.489 91.229 3.098 0.488101 0.502606
V 69.489 91.229 3.098 0.488560 0.502602
V 70.489 91.229 3.098 0.489019 0.502599
V 71.489 91.229 3.098 0.489478 0.502595
V 72.489 91.229 3.098 0.489937 0.502591
V 73.489 91.229 3.098 0.490396 0.502588
V 74.489 91.229 3.098 0.490855 0.502584
V 75.489 91.229 3.098 0.491313 0.502580
V 76.489 91.229 3.098 0.491772 0.502576
V 77.489 91.229 3.098 0.492231 0.502573
V 78.489 91.229 3.098 0.492690 0.502569
V 79.489 91.229 3.098 0.493149 0.502565
V 80.489 91.229 3.098 0.493608 0.502562
V 81.489 91.229 3.098 0.494067 0.502558
V 82.489 91.229 3.098 0.494526 0.502554
V 83.489 91.229 3.098 0.494985 0.502550
V 84.489 91.229 3.098 0.495444 0.502547
V 85.489 91.229 3.098 0.495903 0.502543
V 86.489 91.229 3.098 0.496361 0.502539
V 87.489 91.229 3.098 0.496820 0.502536
V 88.489 91.229 3.098 0.497279 0.502532
V 89.489 91.229 3.098 0.497738 0.502528
V 90.489 91.229 3.098 0.498197 0.502525
V 91.489 91.229 3.098 0.498656 0.502521
V 92.489 91.229 3.098 0.499115 0.502517
V 93.489 91.229 3.098 0.499574 0.502513
V 94.489 91.229 3.098 0.500033 0.502510
V 95.489 91.229 3.098 0.500492 0.502506
V 96.489 91.229 3.098 0.500951 0.502502
V 97.489 91.229 3.098 0.501409 0.502499
V 98.489 91.229 3.098 0.501868 0.502495
V 99.489 91.229 3.098 0.502327 0.502491
V 100.489 91.229 3.098 0.502786 0.502487
V 101.489 91.229 3.098 0.503245 0.502484
V 102.489 91.229 3.098 0.503704 0.502480
V 103.489 91.229 3.098 0.504163 0.502476
V 104.489 91.229 3.098 0.504622 0.502473
V 105.489 91.229 3.098 0.505081 0.502469
V 106.489 91.229 3.098 0.505540 0.502465
V 107.489 91.229 3.098 0.505999 0.502461
V 108.489 91.229 3.098 0.506457 0.502458
V 109.489 91.229 3.098 0.506916 0.502454
V 110.489 91.229 3.098 0.507375 0.502450
V 112.489 91.229 -1.150 0.508293 0.502443
V 113.489 91.229 -1.150 0.508752 0.502439
V 114.489 91.229 -1.150 0.509211 0.502435
V 115.489 91.229 -1.150 0.509670 0.502432
V 116.489 91.229 -1.150 0.510129 0.502428
V 117.489 91.229 -1.150 0.510588 0.502424
V 118.489 91.229 -1.150 0.511047 0.502421
V 119.489 91.229 -1.150 0.511505 0.502417
V 120.489 91.229 -1.150 0.511964 0.502413
V 121.489 91.229 -1.150 0.512423 0.502409
V 122.489 91.229 -1.150 0.512882 0.502406
V 123.489 91.229 -1.150 0.513341 0.502402
V 124.489 91.229 -1.150 0.513800 0.502398
V 125.489 91.229 -1.150 0.514259 0.502395
V 126.489 91.229 -1.150 0.514718 0.502391
V 132.489 91.229 -1.200 0.517471 0.502369
V 133.489 91.229 -1.200 0.517930 0.502365
V 134.489 91.229 -1.200 0.518389 0.502361
V 135.489 91.229 -1.200 0.518848 0.502357
V 136.489 91.229 -1.200 0.519307 0.502354
V 137.489 91.229 -1.200 0.519766 0.502350
V 138.489 91.229 -1.200 0.520225 0.502346
V 139.489 91.229 -1.200 0.520684 0.502343
V 140.489 91.229 -1.200 0.521143 0.502339
V 141.489 91.229 -1.200 0.521602 0.502335
V 142.489 91.229 -1.200 0.522060 0.502331
V 143.489 91.229 -1.200 0.522519 0.502328
V 144.489 91.229 -1.200 0.522978 0.502324
V 145.489 91.229 -1.200 0.523437 0.502320
V 146.489 91.229 -1.200 0.523896 0.502317
V 147.489 91.229 -1.200 0.524355 0.502313
V 148.489 91.229 -1.200 0.524814 0.502309
V 149.489 91.229 -1.200 0.525273 0.502305
V 150.489 91.229 -1.200 0.525732 0.502302
V 151.489 91.229 -1.200 0.526191 0.502298
V 152.489 91.229 -1.200 0.526650 0.502294
V 154.489 91.229 -1.150 0.527567 0.502287
V 155.489 91.229 -1.150 0.528026 0.502283
V 156.489 91.229 -1.150 0.528485 0.502279
V 158.489 91.229 -2.817 0.529403 0.502272
V 159.489 91.229 -2.984 0.529862 0.502268
V 160.489 91.229 -3.338 0.530321 0.502265
V 161.489 91.229 -3.707 0.530780 0.502261
V 162.489 91.229 -4.030 0.531239 0.502257
V -1.511 92.229 11.759 0.455981 0.503327
V -0.511 92.229 12.022 0.456440 0.503323
V 0.489 92.229 12.262 0.456899 0.503319
V 1.489 92.229 12.460 0.457358 0.503316
V 2.489 92.229 12.527 0.457817 0.503312
V 3.489 92.229 12.524 0.458276 0.503308
V 4.489 92.229 12.471 0.458734 0.503305
V 5.489 92.229 12.371 0.459193 0.503301
V 6.489 92.229 12.253 0.459652 0.503297
V 7.489 92.229 12.083 0.460111 0.503293
V 8.489 92.229 11.865 0.460570 0.503290
V 9.489 92.229 11.675 0.461029 0.503286
V 10.489 92.229 11.576 0.461488 0.503282
V 11.489 92.229 11.457 0.461947 0.503279
V 12.489 92.229 11.349 0.462406 0.503275
V 13.489 92.229 11.194 0.462865 0.503271
V 14.489 92.229 11.005 0.463324 0.503267
V 15.489 92.229 10.800 0.463782 0.503264
V 16.489 92.229 10.584 0.464241 0.503260
V 17.489 92.229 10.407 0.464700 0.503256
V 18.489 92.229 10.234 0.465159 0.503253
V 19.489 92.229 10.065 0.465618 0.503249
V 20.489 92.229 9.928 0.466077 0.503245
V 21.489 92.229 9.800 0.466536 0.503242
V 22.489 92.229 9.696 0.466995 0.503238
V 23.489 92.229 9.583 0.467454 0.503234
V 24.489 92.229 9.489 0.467913 0.503230
V 25.489 92.229 9.393 0.468372 0.503227
V 26.489 92.229 9.257 0.468830 0.503223
V 27.489 92.229 9.141 0.469289 0.503219
V 28.489 92.229 8.979 0.469748 0.503216
V 29.489 92.229 8.830 0.470207 0.503212
V 30.489 92.229 8.663 0.470666 0.503208
V 31.489 92.229 8.483 0.471125 0.503204
V 32.489 92.229 8.304 0.471584 0.503201
V 33.489 92.229 8.123 0.472043 0.503197
V 34.489 92.229 7.953 0.472502 0.503193
V 35.489 92.229 7.794 0.472961 0.503190
V 36.489 92.229 7.645 0.473420 0.503186
V 37.489 92.229 7.501 0.473879 0.503182
V 38.489 92.229 7.429 0.474337 0.503178
V 39.489 92.229 7.323 0.474796 0.503175
V 40.489 92.229 7.290 0.475255 0.503171
V 41.489 92.229 7.227 0.475714 0.503167
V 42.489 92.229 7.176 0.476173 0.503164
V 43.489 92.229 7.063 0.476632 0.503160
V 44.489 92.229 6.908 0.477091 0.503156
V 45.489 92.229 6.709 0.477550 0.503152
V 46.489 92.229 6.430 0.478009 0.503149
V 64.489 92.229 3.098 0.486269 0.503082
V 65.489 92.229 3.098 0.486728 0.503078
V 66.489 92.229 3.098 0.487187 0.503074
V 67.489 92.229 3.098 0.487646 0.503071
V 68.489 92.229 3.098 0.488105 0.503067
V 69.489 92.229 3.098 0.488564 0.503063
V 70.489 92.229 3.098 0.489023 0.503060
V 71.489 92.229 3.098 0.489481 0.503056
V 72.489 92.229 3.098 0.489940 0.503052
V 73.489 92.229 3.098 0.490399 0.503048
V 74.489 92.229 3.098 0.490858 0.503045
V 75.489 92.229 3.098 0.491317 0.503041
V 76.489 92.229 3.098 0.491776 0.503037
V 77.489 92.229 3.098 0.492235 0.503034
V 78.489 92.229 3.098 0.492694 0.503030
V 79.489 92.229 3.098 0.493153 0.503026
V 80.489 92.229 3.098 0.493612 0.503022
V 81.489 92.229 3.098 0.494071 0.503019
V 82.489 92.229 3.098 0.494529 0.503015
V 83.489 92.229 3.098 0.494988 0.503011
V 84.489 92.229 3.098 0.495447 0.503008
V 106.489 92.229 3.098 0.505543 0.502926
V 107.489 92.229 3.098 0.506002 0.502922
V 108.489 92.229 3.098 0.506461 0.502919
V 109.489 92.229 3.098 0.506920 0.502915
V 110.489 92.229 3.098 0.507379 0.502911
V 112.489 92.229 -1.150 0.508297 0.502904
V 113.489 92.229 -1.150 0.508756 0.502900
V 114.489 92.229 -1.150 0.509215 0.502896
V 115.489 92.229 -1.150 0.509674 0.502893
V 116.489 92.229 -1.150 0.510132 0.502889
V 117.489 92.229 -1.150 0.510591 0.502885
V 118.489 92.229 -1.150 0.511050 0.502881
V 119.489 92.229 -1.150 0.511509 0.502878
V 120.489 92.229 -1.150 0.511968 0.502874
V 121.489 92.229 -1.150 0.512427 0.502870
V 122.489 92.229 -1.150 0.512886 0.502867
V 123.489 92.229 -1.150 0.513345 0.502863
V 124.489 92.229 -1.150 0.513804 0.502859
V 125.489 92.229 -1.150 0.514263 0.502855
V 126.489 92.229 -1.150 0.514722 0.502852
V 127.489 92.229 -1.150 0.515180 0.502848
V 128.489 92.229 -1.150 0.515639 0.502844
V 129.489 92.229 -1.150 0.516098 0.502841
V 130.489 92.229 -1.150 0.516557 0.502837
V 131.489 92.229 -1.150 0.517016 0.502833
V 132.489 92.229 -1.150 0.517475 0.502829
V 133.489 92.229 -1.150 0.517934 0.502826
V 134.489 92.229 -1.150 0.518393 0.502822
V 135.489 92.229 -1.150 0.518852 0.502818
V 136.489 92.229 -1.150 0.519311 0.502815
V 137.489 92.229 -1.150 0.519770 0.502811
V 138.489 92.229 -1.150 0.520228 0.502807
V 149.489 92.229 -1.200 0.525277 0.502766
V 150.489 92.229 -1.200 0.525735 0.502763
V 151.489 92.229 -1.200 0.526194 0.502759
V 152.489 92.229 -1.200 0.526653 0.502755
V 154.489 92.229 -1.150 0.527571 0.502748
V 155.489 92.229 -1.150 0.528030 0.502744
V 156.489 92.229 -1.150 0.528489 0.502740
V 157.489 92.229 -2.475 0.528948 0.502737
V 158.489 92.229 -2.610 0.529407 0.502733
V 159.489 92.229 -2.747 0.529866 0.502729
V 160.489 92.229 -3.080 0.530325 0.502725
V 161.489 92.229 -3.355 0.530783 0.502722
V 162.489 92.229 -3.669 0.531242 0.502718
V 1.489 93.229 12.619 0.457361 0.503777
V 2.489 93.229 12.892 0.457820 0.503773
V 3.489 93.229 12.860 0.458279 0.503769
V 4.489 93.229 12.803 0.458738 0.503765
V 5.489 93.229 12.794 0.459197 0.503762
V 6.489 93.229 12.674 0.459656 0.503758
V 7.489 93.229 12.476 0.460115 0.503754
V 8.489 93.229 12.262 0.460574 0.503751
V 9.489 93.229 12.024 0.461033 0.503747
V 10.489 93.229 11.883 0.461492 0.503743
V 11.489 93.229 11.734 0.461951 0.503739
V 12.489 93.229 11.623 0.462409 0.503736
V 13.489 93.229 11.456 0.462868 0.503732
V 14.489 93.229 11.264 0.463327 0.503728
V 15.489 93.229 11.058 0.463786 0.503725
V 16.489 93.229 10.872 0.464245 0.503721
V 17.489 93.229 10.698 0.464704 0.503717
V 18.489 93.229 10.544 0.465163 0.503713
V 19.489 93.229 10.394 0.465622 0.503710
V 20.489 93.229 10.256 0.466081 0.503706
V 21.489 93.229 10.126 0.466540 0.503702
V 22.489 93.229 10.008 0.466999 0.503699
V 23.489 93.229 9.895 0.467457 0.503695
V 24.489 93.229 9.777 0.467916 0.503691
V 25.489 93.229 9.642 0.468375 0.503688
V 26.489 93.229 9.506 0.468834 0.503684
V 27.489 93.229 9.346 0.469293 0.503680
V 28.489 93.229 9.183 0.469752 0.503676
V 29.489 93.229 9.009 0.470211 0.503673
V 30.489 93.229 8.841 0.470670 0.503669
V 31.489 93.229 8.661 0.471129 0.503665
V 32.489 93.229 8.480 0.471588 0.503662
V 33.489 93.229 8.298 0.472047 0.503658
V 34.489 93.229 8.125 0.472505 0.503654
V 35.489 93.229 7.965 0.472964 0.503650
V 36.489 93.229 7.813 0.473423 0.503647
V 37.489 93.229 7.694 0.473882 0.503643
V 38.489 93.229 7.611 0.474341 0.503639
V 39.489 93.229 7.573 0.474800 0.503636
V 40.489 93.229 7.562 0.475259 0.503632
V 41.489 93.229 7.529 0.475718 0.503628
V 42.489 93.229 7.490 0.476177 0.503624
V 43.489 93.229 7.382 0.476636 0.503621
V 44.489 93.229 7.237 0.477095 0.503617
V 45.489 93.229 7.022 0.477553 0.503613
V 46.489 93.229 6.745 0.478012 0.503610
V 47.489 93.229 6.447 0.478471 0.503606
V 48.489 93.229 6.135 0.478930 0.503602
V 49.489 93.229 5.845 0.479389 0.503598
V 50.489 93.229 5.587 0.479848 0.503595
V 51.489 93.229 5.385 0.480307 0.503591
V 52.489 93.229 5.201 0.480766 0.503587
V 53.489 93.229 5.026 0.481225 0.503584
V 54.489 93.229 4.869 0.481684 0.503580
V 55.489 93.229 4.745 0.482143 0.503576
V 56.489 93.229 4.638 0.482602 0.503572
V 57.489 93.229 4.553 0.483060 0.503569
V 58.489 93.229 4.489 0.483519 0.503565
V 59.489 93.229 4.440 0.483978 0.503561
V 60.489 93.229 4.409 0.484437 0.503558
V 61.489 93.229 4.390 0.484896 0.503554
V 62.489 93.229 4.369 0.485355 0.503550
V 63.489 93.229 4.348 0.485814 0.503546
V 64.489 93.229 4.312 0.486273 0.503543
V 65.489 93.229 4.254 0.486732 0.503539
V 66.489 93.229 4.178 0.487191 0.503535
V 67.489 93.229 4.019 0.487650 0.503532
V 74.489 93.229 3.098 0.490862 0.503506
V 75.489 93.229 3.098 0.491321 0.503502
V 76.489 93.229 3.098 0.491780 0.503498
V 77.489 93.229 3.098 0.492239 0.503494
V 82.489 93.229 5.156 0.494533 0.503476
V 83.489 93.229 5.422 0.494992 0.503472
V 84.489 93.229 5.638 0.495451 0.503468
V 85.489 93.229 5.760 0.495910 0.503465
V 86.489 93.229 5.844 0.496369 0.503461
V 87.489 93.229 5.894 0.496828 0.503457
V 88.489 93.229 5.899 0.497287 0.503454
V 89.489 93.229 5.890 0.497746 0.503450
V 90.489 93.229 5.872 0.498204 0.503446
V 91.489 93.229 5.841 0.498663 0.503442
V 92.489 93.229 5.822 0.499122 0.503439
V 93.489 93.229 5.808 0.499581 0.503435
V 94.489 93.229 5.782 0.500040 0.503431
V 95.489 93.229 5.754 0.500499 0.503428
V 96.489 93.229 5.721 0.500958 0.503424
V 97.489 93.229 5.678 0.501417 0.503420
V 98.489 93.229 5.630 0.501876 0.503416
V 99.489 93.229 5.573 0.502335 0.503413
V 100.489 93.229 5.499 0.502794 0.503409
V 101.489 93.229 5.427 0.503252 0.503405
V 102.489 93.229 5.345 0.503711 0.503402
V 103.489 93.229 5.250 0.504170 0.503398
V 104.489 93.229 5.148 0.504629 0.503394
V 105.489 93.229 5.041 0.505088 0.503391
V 106.489 93.229 4.923 0.505547 0.503387
V 107.489 93.229 4.797 0.506006 0.503383
V 108.489 93.229 4.663 0.506465 0.503379
V 109.489 93.229 4.533 0.506924 0.503376
V 110.489 93.229 4.407 0.507383 0.503372
V 119.489 93.229 -1.150 0.511513 0.503339
V 120.489 93.229 -1.150 0.511972 0.503335
V 121.489 93.229 -1.150 0.512431 0.503331
V 122.489 93.229 -1.150 0.512890 0.503327
V 123.489 93.229 -1.150 0.513349 0.503324
V 124.489 93.229 -1.150 0.513807 0.503320
V 125.489 93.229 -1.150 0.514266 0.503316
V 126.489 93.229 -1.150 0.514725 0.503313
V 127.489 93.229 -1.150 0.515184 0.503309
V 128.489 93.229 -1.150 0.515643 0.503305
V 129.489 93.229 -1.150 0.516102 0.503301
V 130.489 93.229 -1.150 0.516561 0.503298
V 131.489 93.229 -1.150 0.517020 0.503294
V 132.489 93.229 -1.150 0.517479 0.503290
V 133.489 93.229 -1.150 0.517938 0.503287
V 134.489 93.229 -1.150 0.518397 0.503283
V 135.489 93.229 -1.150 0.518855 0.503279
V 136.489 93.229 -1.150 0.519314 0.503275
V 137.489 93.229 -1.150 0.519773 0.503272
V 138.489 93.229 -1.150 0.520232 0.503268
V 139.489 93.229 -1.150 0.520691 0.503264
V 140.489 93.229 -1.150 0.521150 0.503261
V 141.489 93.229 -1.150 0.521609 0.503257
V 142.489 93.229 -1.150 0.522068 0.503253
V 143.489 93.229 -1.150 0.522527 0.503249
V 144.489 93.229 -1.150 0.522986 0.503246
V 145.489 93.229 -1.150 0.523445 0.503242
V 146.489 93.229 -1.150 0.523903 0.503238
V 147.489 93.229 -1.150 0.524362 0.503235
V 148.489 93.229 -1.150 0.524821 0.503231
V 149.489 93.229 -1.150 0.525280 0.503227
V 150.489 93.229 -1.150 0.525739 0.503223
V 151.489 93.229 -1.150 0.526198 0.503220
V 152.489 93.229 -1.150 0.526657 0.503216
V 153.489 93.229 -1.150 0.527116 0.503212
V 154.489 93.229 -1.150 0.527575 0.503209
V 155.489 93.229 -1.150 0.528034 0.503205
V 157.489 93.229 -2.292 0.528951 0.503197
V 158.489 93.229 -2.390 0.529410 0.503194
V 159.489 93.229 -2.516 0.529869 0.503190
V 160.489 93.229 -2.778 0.530328 0.503186
V 161.489 93.229 -3.031 0.530787 0.503183
V 162.489 93.229 -3.388 0.531246 0.503179
V 4.489 94.229 12.892 0.458742 0.504226
V 5.489 94.229 12.948 0.459201 0.504223
V 6.489 94.229 13.055 0.459660 0.504219
V 7.489 94.229 12.879 0.460119 0.504215
V 8.489 94.229 12.670 0.460577 0.504211
V 9.489 94.229 12.423 0.461036 0.504208
V 10.489 94.229 12.220 0.461495 0.504204
V 11.489 94.229 12.043 0.461954 0.504200
V 12.489 94.229 11.921 0.462413 0.504197
V 13.489 94.229 11.746 0.462872 0.504193
V 14.489 94.229 11.557 0.463331 0.504189
V 15.489 94.229 11.372 0.463790 0.504185
V 16.489 94.229 11.229 0.464249 0.504182
V 17.489 94.229 11.074 0.464708 0.504178
V 18.489 94.229 10.933 0.465167 0.504174
V 19.489 94.229 10.788 0.465626 0.504171
V 20.489 94.229 10.651 0.466084 0.504167
V 21.489 94.229 10.522 0.466543 0.504163
V 22.489 94.229 10.397 0.467002 0.504159
V 23.489 94.229 10.273 0.467461 0.504156
V 24.489 94.229 10.126 0.467920 0.504152
V 25.489 94.229 9.944 0.468379 0.504148
V 26.489 94.229 9.786 0.468838 0.504145
V 27.489 94.229 9.602 0.469297 0.504141
V 28.489 94.229 9.418 0.469756 0.504137
V 29.489 94.229 9.234 0.470215 0.504133
V 30.489 94.229 9.060 0.470674 0.504130
V 31.489 94.229 8.885 0.471132 0.504126
V 32.489 94.229 8.705 0.471591 0.504122
V 33.489 94.229 8.520 0.472050 0.504119
V 34.489 94.229 8.343 0.472509 0.504115
V 35.489 94.229 8.179 0.472968 0.504111
V 36.489 94.229 8.020 0.473427 0.504108
V 37.489 94.229 7.886 0.473886 0.504104
V 38.489 94.229 7.792 0.474345 0.504100
V 39.489 94.229 7.734 0.474804 0.504096
V 40.489 94.229 7.755 0.475263 0.504093
V 41.489 94.229 7.740 0.475722 0.504089
V 42.489 94.229 7.732 0.476180 0.504085
V 43.489 94.229 7.637 0.476639 0.504082
V 44.489 94.229 7.498 0.477098 0.504078
V 45.489 94.229 7.283 0.477557 0.504074
V 46.489 94.229 6.998 0.478016 0.504070
V 47.489 94.229 6.696 0.478475 0.504067
V 48.489 94.229 6.382 0.478934 0.504063
V 49.489 94.229 6.085 0.479393 0.504059
V 50.489 94.229 5.815 0.479852 0.504056
V 51.489 94.229 5.588 0.480311 0.504052
V 52.489 94.229 5.387 0.480770 0.504048
V 53.489 94.229 5.201 0.481228 0.504044
V 54.489 94.229 5.027 0.481687 0.504041
V 55.489 94.229 4.887 0.482146 0.504037
V 56.489 94.229 4.771 0.482605 0.504033
V 57.489 94.229 4.672 0.483064 0.504030
V 58.489 94.229 4.609 0.483523 0.504026
V 59.489 94.229 4.551 0.483982 0.504022
V 60.489 94.229 4.515 0.484441 0.504018
V 61.489 94.229 4.494 0.484900 0.504015
V 62.489 94.229 4.473 0.485359 0.504011
V 63.489 94.229 4.454 0.485818 0.504007
V 64.489 94.229 4.424 0.486276 0.504004
V 65.489 94.229 4.372 0.486735 0.504000
V 66.489 94.229 4.313 0.487194 0.503996
V 67.489 94.229 4.195 0.487653 0.503992
V 68.489 94.229 4.078 0.488112 0.503989
V 69.489 94.229 3.939 0.488571 0.503985
V 70.489 94.229 3.812 0.489030 0.503981
V 71.489 94.229 3.708 0.489489 0.503978
V 72.489 94.229 3.615 0.489948 0.503974
V 73.489 94.229 3.574 0.490407 0.503970
V 74.489 94.229 3.582 0.490866 0.503966
V 75.489 94.229 3.611 0.491325 0.503963
V 76.489 94.229 3.738 0.491783 0.503959
V 77.489 94.229 3.918 0.492242 0.503955
V 78.489 94.229 4.145 0.492701 0.503952
V 79.489 94.229 4.444 0.493160 0.503948
V 80.489 94.229 4.757 0.493619 0.503944
V 81.489 94.229 5.077 0.494078 0.503940
V 82.489 94.229 5.379 0.494537 0.503937
V 83.489 94.229 5.648 0.494996 0.503933
V 84.489 94.229 5.875 0.495455 0.503929
V 85.489 94.229 6.007 0.495914 0.503926
V 86.489 94.229 6.095 0.496373 0.503922
V 87.489 94.229 6.147 0.496831 0.503918
V 88.489 94.229 6.150 0.497290 0.503914
V 89.489 94.229 6.136 0.497749 0.503911
V 90.489 94.229 6.111 0.498208 0.503907
V 91.489 94.229 6.073 0.498667 0.503903
V 92.489 94.229 6.040 0.499126 0.503900
V 93.489 94.229 6.018 0.499585 0.503896
V 94.489 94.229 5.986 0.500044 0.503892
V 95.489 94.229 5.954 0.500503 0.503888
V 96.489 94.229 5.915 0.500962 0.503885
V 97.489 94.229 5.867 0.501421 0.503881
V 98.489 94.229 5.816 0.501879 0.503877
V 99.489 94.229 5.758 0.502338 0.503874
V 100.489 94.229 5.682 0.502797 0.503870
V 101.489 94.229 5.608 0.503256 0.503866
V 102.489 94.229 5.525 0.503715 0.503862
V 103.489 94.229 5.429 0.504174 0.503859
V 104.489 94.229 5.326 0.504633 0.503855
V 105.489 94.229 5.217 0.505092 0.503851
V 106.489 94.229 5.098 0.505551 0.503848
V 107.489 94.229 4.973 0.506010 0.503844
V 108.489 94.229 4.842 0.506469 0.503840
V 109.489 94.229 4.700 0.506927 0.503836
V 110.489 94.229 4.570 0.507386 0.503833
V 111.489 94.229 4.430 0.507845 0.503829
V 112.489 94.229 4.293 0.508304 0.503825
V 113.489 94.229 4.164 0.508763 0.503822
V 114.489 94.229 4.030 0.509222 0.503818
V 115.489 94.229 3.903 0.509681 0.503814
V 116.489 94.229 3.782 0.510140 0.503811
V 117.489 94.229 3.664 0.510599 0.503807
V 118.489 94.229 3.557 0.511058 0.503803
V 119.489 94.229 3.448 0.511517 0.503799
V 120.489 94.229 3.347 0.511975 0.503796
V 121.489 94.229 3.236 0.512434 0.503792
V 122.489 94.229 3.115 0.512893 0.503788
V 131.489 94.229 -1.150 0.517024 0.503755
V 132.489 94.229 -1.150 0.517482 0.503751
V 133.489 94.229 -1.150 0.517941 0.503747
V 134.489 94.229 -1.150 0.518400 0.503744
V 135.489 94.229 -1.150 0.518859 0.503740
V 136.489 94.229 -1.150 0.519318 0.503736
V 137.489 94.229 -1.150 0.519777 0.503733
V 138.489 94.229 -1.150 0.520236 0.503729
V 139.489 94.229 -1.150 0.520695 0.503725
V 140.489 94.229 -1.150 0.521154 0.503721
V 141.489 94.229 -1.150 0.521613 0.503718
V 142.489 94.229 -1.150 0.522072 0.503714
V 143.489 94.229 -1.150 0.522530 0.503710
V 144.489 94.229 -1.150 0.522989 0.503707
V 145.489 94.229 -1.150 0.523448 0.503703
V 146.489 94.229 -1.150 0.523907 0.503699
V 147.489 94.229 -1.150 0.524366 0.503695
V 148.489 94.229 -1.150 0.524825 0.503692
V 149.489 94.229 -1.150 0.525284 0.503688
V 150.489 94.229 -1.150 0.525743 0.503684
V 151.489 94.229 -1.150 0.526202 0.503681
V 152.489 94.229 -1.150 0.526661 0.503677
V 153.489 94.229 -1.150 0.527120 0.503673
V 154.489 94.229 -1.150 0.527578 0.503669
V 155.489 94.229 -1.150 0.528037 0.503666
V 157.489 94.229 -2.095 0.528955 0.503658
V 158.489 94.229 -2.181 0.529414 0.503655
V 159.489 94.229 -2.284 0.529873 0.503651
V 160.489 94.229 -2.481 0.530332 0.503647
V 161.489 94.229 -2.709 0.530791 0.503643
V 7.489 95.229 12.934 0.460122 0.504676
V 8.489 95.229 12.932 0.460581 0.504672
V 9.489 95.229 12.701 0.461040 0.504669
V 10.489 95.229 12.570 0.461499 0.504665
V 11.489 95.229 12.393 0.461958 0.504661
V 12.489 95.229 12.239 0.462417 0.504657
V 13.489 95.229 12.080 0.462876 0.504654
V 14.489 95.229 11.930 0.463335 0.504650
V 15.489 95.229 11.761 0.463794 0.504646
V 16.489 95.229 11.624 0.464252 0.504643
V 17.489 95.229 11.502 0.464711 0.504639
V 18.489 95.229 11.368 0.465170 0.504635
V 19.489 95.229 11.224 0.465629 0.504631
V 20.489 95.229 11.088 0.466088 0.504628
V 21.489 95.229 10.952 0.466547 0.504624
V 22.489 95.229 10.796 0.467006 0.504620
V 23.489 95.229 10.660 0.467465 0.504617
V 24.489 95.229 10.471 0.467924 0.504613
V 25.489 95.229 10.283 0.468383 0.504609
V 26.489 95.229 10.086 0.468842 0.504605
V 27.489 95.229 9.893 0.469300 0.504602
V 28.489 95.229 9.685 0.469759 0.504598
V 29.489 95.229 9.501 0.470218 0.504594
V 30.489 95.229 9.294 0.470677 0.504591
V 31.489 95.229 9.119 0.471136 0.504587
V 32.489 95.229 8.944 0.471595 0.504583
V 33.489 95.229 8.760 0.472054 0.504579
V 34.489 95.229 8.582 0.472513 0.504576
V 35.489 95.229 8.406 0.472972 0.504572
V 36.489 95.229 8.245 0.473431 0.504568
V 37.489 95.229 8.109 0.473890 0.504565
V 38.489 95.229 7.981 0.474349 0.504561
V 39.489 95.229 7.906 0.474807 0.504557
V 40.489 95.229 7.919 0.475266 0.504554
V 41.489 95.229 7.929 0.475725 0.504550
V 42.489 95.229 7.930 0.476184 0.504546
V 43.489 95.229 7.860 0.476643 0.504542
V 44.489 95.229 7.713 0.477102 0.504539
V 45.489 95.229 7.496 0.477561 0.504535
V 46.489 95.229 7.193 0.478020 0.504531
V 47.489 95.229 6.891 0.478479 0.504528
V 48.489 95.229 6.577 0.478938 0.504524
V 49.489 95.229 6.319 0.479397 0.504520
V 50.489 95.229 6.051 0.479855 0.504516
V 51.489 95.229 5.828 0.480314 0.504513
V 52.489 95.229 5.620 0.480773 0.504509
V 53.489 95.229 5.429 0.481232 0.504505
V 54.489 95.229 5.242 0.481691 0.504502
V 55.489 95.229 5.088 0.482150 0.504498
V 56.489 95.229 4.966 0.482609 0.504494
V 57.489 95.229 4.848 0.483068 0.504490
V 58.489 95.229 4.762 0.483527 0.504487
V 59.489 95.229 4.697 0.483986 0.504483
V 60.489 95.229 4.653 0.484445 0.504479
V 61.489 95.229 4.631 0.484903 0.504476
V 62.489 95.229 4.611 0.485362 0.504472
V 63.489 95.229 4.594 0.485821 0.504468
V 64.489 95.229 4.564 0.486280 0.504464
V 65.489 95.229 4.525 0.486739 0.504461
V 66.489 95.229 4.468 0.487198 0.504457
V 67.489 95.229 4.369 0.487657 0.504453
V 68.489 95.229 4.260 0.488116 0.504450
V 69.489 95.229 4.132 0.488575 0.504446
V 70.489 95.229 4.018 0.489034 0.504442
V 71.489 95.229 3.932 0.489493 0.504438
V 72.489 95.229 3.846 0.489951 0.504435
V 73.489 95.229 3.816 0.490410 0.504431
V 74.489 95.229 3.810 0.490869 0.504427
V 75.489 95.229 3.845 0.491328 0.504424
V 76.489 95.229 3.982 0.491787 0.504420
V 77.489 95.229 4.148 0.492246 0.504416
V 78.489 95.229 4.375 0.492705 0.504412
V 79.489 95.229 4.672 0.493164 0.504409
V 80.489 95.229 4.977 0.493623 0.504405
V 81.489 95.229 5.303 0.494082 0.504401
V 82.489 95.229 5.607 0.494541 0.504398
V 83.489 95.229 5.884 0.494999 0.504394
V 84.489 95.229 6.118 0.495458 0.504390
V 85.489 95.229 6.262 0.495917 0.504386
V 86.489 95.229 6.394 0.496376 0.504383
V 87.489 95.229 6.453 0.496835 0.504379
V 88.489 95.229 6.455 0.497294 0.504375
V 89.489 95.229 6.438 0.497753 0.504372
V 90.489 95.229 6.408 0.498212 0.504368
V 91.489 95.229 6.368 0.498671 0.504364
V 92.489 95.229 6.310 0.499130 0.504360
V 93.489 95.229 6.271 0.499589 0.504357
V 94.489 95.229 6.238 0.500048 0.504353
V 95.489 95.229 6.199 0.500506 0.504349
V 96.489 95.229 6.158 0.500965 0.504346
V 97.489 95.229 6.109 0.501424 0.504342
V 98.489 95.229 6.047 0.501883 0.504338
V 99.489 95.229 5.985 0.502342 0.504334
V 100.489 95.229 5.901 0.502801 0.504331
V 101.489 95.229 5.823 0.503260 0.504327
V 102.489 95.229 5.745 0.503719 0.504323
V 103.489 95.229 5.649 0.504178 0.504320
V 104.489 95.229 5.546 0.504637 0.504316
V 105.489 95.229 5.435 0.505096 0.504312
V 106.489 95.229 5.312 0.505554 0.504308
V 107.489 95.229 5.188 0.506013 0.504305
V 108.489 95.229 5.051 0.506472 0.504301
V 109.489 95.229 4.907 0.506931 0.504297
V 110.489 95.229 4.754 0.507390 0.504294
V 111.489 95.229 4.612 0.507849 0.504290
V 112.489 95.229 4.472 0.508308 0.504286
V 113.489 95.229 4.325 0.508767 0.504282
V 114.489 95.229 4.187 0.509226 0.504279
V 115.489 95.229 4.056 0.509685 0.504275
V 116.489 95.229 3.916 0.510144 0.504271
V 117.489 95.229 3.790 0.510602 0.504268
V 118.489 95.229 3.673 0.511061 0.504264
V 119.489 95.229 3.548 0.511520 0.504260
V 120.489 95.229 3.443 0.511979 0.504257
V 121.489 95.229 3.333 0.512438 0.504253
V 122.489 95.229 3.216 0.512897 0.504249
V 123.489 95.229 3.090 0.513356 0.504245
V 124.489 95.229 2.953 0.513815 0.504242
V 125.489 95.229 2.804 0.514274 0.504238
V 126.489 95.229 2.651 0.514733 0.504234
V 127.489 95.229 2.464 0.515192 0.504231
V 128.489 95.229 2.291 0.515650 0.504227
V 129.489 95.229 2.094 0.516109 0.504223
V 130.489 95.229 1.886 0.516568 0.504219
V 131.489 95.229 1.677 0.517027 0.504216
V 132.489 95.229 1.448 0.517486 0.504212
V 133.489 95.229 1.210 0.517945 0.504208
V 134.489 95.229 0.973 0.518404 0.504205
V 142.489 95.229 -1.150 0.522075 0.504175
V 143.489 95.229 -1.150 0.522534 0.504171
V 144.489 95.229 -1.150 0.522993 0.504167
V 145.489 95.229 -1.150 0.523452 0.504164
V 146.489 95.229 -1.150 0.523911 0.504160
V 147.489 95.229 -1.150 0.524370 0.504156
V 148.489 95.229 -1.150 0.524829 0.504153
V 149.489 95.229 -1.150 0.525288 0.504149
V 150.489 95.229 -1.150 0.525747 0.504145
V 151.489 95.229 -1.150 0.526205 0.504141
V 152.489 95.229 -1.150 0.526664 0.504138
V 153.489 95.229 -1.150 0.527123 0.504134
V 154.489 95.229 -1.150 0.527582 0.504130
V 155.489 95.229 -1.150 0.528041 0.504127
V 156.489 95.229 -1.845 0.528500 0.504123
V 157.489 95.229 -1.886 0.528959 0.504119
V 158.489 95.229 -1.972 0.529418 0.504115
V 159.489 95.229 -2.039 0.529877 0.504112
V 160.489 95.229 -2.183 0.530336 0.504108
V 161.489 95.229 -2.381 0.530795 0.504104
V 10.489 96.229 12.839 0.461503 0.505126
V 11.489 96.229 12.730 0.461962 0.505122
V 12.489 96.229 12.567 0.462421 0.505118
V 13.489 96.229 12.418 0.462879 0.505115
V 14.489 96.229 12.306 0.463338 0.505111
V 15.489 96.229 12.186 0.463797 0.505107
V 16.489 96.229 12.076 0.464256 0.505103
V 17.489 96.229 11.957 0.464715 0.505100
V 18.489 96.229 11.829 0.465174 0.505096
V 19.489 96.229 11.685 0.465633 0.505092
V 20.489 96.229 11.543 0.466092 0.505089
V 21.489 96.229 11.395 0.466551 0.505085
V 22.489 96.229 11.227 0.467010 0.505081
V 23.489 96.229 11.021 0.467469 0.505077
V 24.489 96.229 10.816 0.467927 0.505074
V 25.489 96.229 10.606 0.468386 0.505070
V 26.489 96.229 10.404 0.468845 0.505066
V 27.489 96.229 10.205 0.469304 0.505063
V 28.489 96.229 9.991 0.469763 0.505059
V 29.489 96.229 9.763 0.470222 0.505055
V 30.489 96.229 9.545 0.470681 0.505051
V 31.489 96.229 9.372 0.471140 0.505048
V 32.489 96.229 9.190 0.471599 0.505044
V 33.489 96.229 9.010 0.472058 0.505040
V 34.489 96.229 8.828 0.472517 0.505037
V 35.489 96.229 8.650 0.472975 0.505033
V 36.489 96.229 8.481 0.473434 0.505029
V 37.489 96.229 8.335 0.473893 0.505025
V 38.489 96.229 8.207 0.474352 0.505022
V 39.489 96.229 8.093 0.474811 0.505018
V 40.489 96.229 8.065 0.475270 0.505014
V 41.489 96.229 8.074 0.475729 0.505011
V 42.489 96.229 8.105 0.476188 0.505007
V 43.489 96.229 8.041 0.476647 0.505003
V 44.489 96.229 7.900 0.477106 0.504999
V 45.489 96.229 7.680 0.477565 0.504996
V 46.489 96.229 7.374 0.478023 0.504992
V 47.489 96.229 7.081 0.478482 0.504988
V 48.489 96.229 6.767 0.478941 0.504985
V 49.489 96.229 6.525 0.479400 0.504981
V 50.489 96.229 6.306 0.479859 0.504977
V 51.489 96.229 6.089 0.480318 0.504974
V 52.489 96.229 5.880 0.480777 0.504970
V 53.489 96.229 5.681 0.481236 0.504966
V 54.489 96.229 5.490 0.481695 0.504962
V 55.489 96.229 5.331 0.482154 0.504959
V 56.489 96.229 5.185 0.482613 0.504955
V 57.489 96.229 5.057 0.483072 0.504951
V 58.489 96.229 4.964 0.483530 0.504948
V 59.489 96.229 4.874 0.483989 0.504944
V 60.489 96.229 4.814 0.484448 0.504940
V 61.489 96.229 4.785 0.484907 0.504936
V 62.489 96.229 4.764 0.485366 0.504933
V 63.489 96.229 4.748 0.485825 0.504929
V 64.489 96.229 4.721 0.486284 0.504925
V 65.489 96.229 4.682 0.486743 0.504922
V 66.489 96.229 4.630 0.487202 0.504918
V 67.489 96.229 4.529 0.487661 0.504914
V 68.489 96.229 4.413 0.488120 0.504910
V 69.489 96.229 4.297 0.488578 0.504907
V 70.489 96.229 4.201 0.489037 0.504903
V 71.489 96.229 4.115 0.489496 0.504899
V 72.489 96.229 4.045 0.489955 0.504896
V 73.489 96.229 4.018 0.490414 0.504892
V 74.489 96.229 4.028 0.490873 0.504888
V 75.489 96.229 4.066 0.491332 0.504884
V 76.489 96.229 4.190 0.491791 0.504881
V 77.489 96.229 4.373 0.492250 0.504877
V 78.489 96.229 4.600 0.492709 0.504873
V 79.489 96.229 4.890 0.493168 0.504870
V 80.489 96.229 5.201 0.493626 0.504866
V 81.489 96.229 5.532 0.494085 0.504862
V 82.489 96.229 5.842 0.494544 0.504858
V 83.489 96.229 6.122 0.495003 0.504855
V 84.489 96.229 6.365 0.495462 0.504851
V 85.489 96.229 6.549 0.495921 0.504847
V 86.489 96.229 6.687 0.496380 0.504844
V 87.489 96.229 6.779 0.496839 0.504840
V 88.489 96.229 6.789 0.497298 0.504836
V 89.489 96.229 6.772 0.497757 0.504832
V 90.489 96.229 6.737 0.498216 0.504829
V 91.489 96.229 6.688 0.498674 0.504825
V 92.489 96.229 6.630 0.499133 0.504821
V 93.489 96.229 6.560 0.499592 0.504818
V 94.489 96.229 6.513 0.500051 0.504814
V 95.489 96.229 6.474 0.500510 0.504810
V 96.489 96.229 6.429 0.500969 0.504806
V 97.489 96.229 6.374 0.501428 0.504803
V 98.489 96.229 6.308 0.501887 0.504799
V 99.489 96.229 6.237 0.502346 0.504795
V 100.489 96.229 6.146 0.502805 0.504792
V 101.489 96.229 6.064 0.503264 0.504788
V 102.489 96.229 5.987 0.503722 0.504784
V 103.489 96.229 5.891 0.504181 0.504780
V 104.489 96.229 5.789 0.504640 0.504777
V 105.489 96.229 5.677 0.505099 0.504773
V 106.489 96.229 5.553 0.505558 0.504769
V 107.489 96.229 5.418 0.506017 0.504766
V 108.489 96.229 5.279 0.506476 0.504762
V 109.489 96.229 5.122 0.506935 0.504758
V 110.489 96.229 4.968 0.507394 0.504754
V 111.489 96.229 4.812 0.507853 0.504751
V 112.489 96.229 4.663 0.508312 0.504747
V 113.489 96.229 4.515 0.508771 0.504743
V 114.489 96.229 4.367 0.509229 0.504740
V 115.489 96.229 4.223 0.509688 0.504736
V 116.489 96.229 4.075 0.510147 0.504732
V 117.489 96.229 3.938 0.510606 0.504728
V 118.489 96.229 3.808 0.511065 0.504725
V 119.489 96.229 3.681 0.511524 0.504721
V 120.489 96.229 3.563 0.511983 0.504717
V 121.489 96.229 3.455 0.512442 0.504714
V 122.489 96.229 3.340 0.512901 0.504710
V 123.489 96.229 3.223 0.513360 0.504706
V 124.489 96.229 3.093 0.513819 0.504702
V 125.489 96.229 2.955 0.514277 0.504699
V 126.489 96.229 2.806 0.514736 0.504695
V 127.489 96.229 2.640 0.515195 0.504691
V 128.489 96.229 2.470 0.515654 0.504688
V 129.489 96.229 2.288 0.516113 0.504684
V 130.489 96.229 2.079 0.516572 0.504680
V 131.489 96.229 1.856 0.517031 0.504677
V 132.489 96.229 1.624 0.517490 0.504673
V 133.489 96.229 1.384 0.517949 0.504669
V 134.489 96.229 1.145 0.518408 0.504665
V 135.489 96.229 0.906 0.518867 0.504662
V 136.489 96.229 0.680 0.519325 0.504658
V 137.489 96.229 0.449 0.519784 0.504654
V 138.489 96.229 0.252 0.520243 0.504651
V 139.489 96.229 0.067 0.520702 0.504647
V 140.489 96.229 -0.112 0.521161 0.504643
V 141.489 96.229 -0.281 0.521620 0.504639
V 142.489 96.229 -0.434 0.522079 0.504636
V 143.489 96.229 -0.580 0.522538 0.504632
V 144.489 96.229 -0.723 0.522997 0.504628
V 145.489 96.229 -0.867 0.523456 0.504625
V 146.489 96.229 -1.000 0.523915 0.504621
V 147.489 96.229 -1.125 0.524373 0.504617
V 148.489 96.229 -1.231 0.524832 0.504613
V 149.489 96.229 -1.334 0.525291 0.504610
V 150.489 96.229 -1.437 0.525750 0.504606
V 151.489 96.229 -1.514 0.526209 0.504602
V 152.489 96.229 -1.579 0.526668 0.504599
V 153.489 96.229 -1.609 0.527127 0.504595
V 154.489 96.229 -1.626 0.527586 0.504591
V 156.489 96.229 -1.656 0.528504 0.504584
V 157.489 96.229 -1.684 0.528963 0.504580
V 158.489 96.229 -1.716 0.529421 0.504576
V 159.489 96.229 -1.771 0.529880 0.504573
V 160.489 96.229 -1.855 0.530339 0.504569
V 161.489 96.229 -2.036 0.530798 0.504565
V 14.489 97.229 12.754 0.463342 0.505572
V 15.489 97.229 12.641 0.463801 0.505568
V 16.489 97.229 12.551 0.464260 0.505564
V 17.489 97.229 12.440 0.464719 0.505561
V 18.489 97.229 12.319 0.465178 0.505557
V 19.489 97.229 12.172 0.465637 0.505553
V 20.489 97.229 12.018 0.466096 0.505549
V 21.489 97.229 11.835 0.466554 0.505546
V 22.489 97.229 11.624 0.467013 0.505542
V 23.489 97.229 11.395 0.467472 0.505538
V 24.489 97.229 11.171 0.467931 0.505535
V 25.489 97.229 10.957 0.468390 0.505531
V 26.489 97.229 10.751 0.468849 0.505527
V 27.489 97.229 10.544 0.469308 0.505523
V 28.489 97.229 10.314 0.469767 0.505520
V 29.489 97.229 10.073 0.470226 0.505516
V 30.489 97.229 9.835 0.470685 0.505512
V 31.489 97.229 9.635 0.471144 0.505509
V 32.489 97.229 9.444 0.471602 0.505505
V 33.489 97.229 9.270 0.472061 0.505501
V 34.489 97.229 9.086 0.472520 0.505497
V 35.489 97.229 8.906 0.472979 0.505494
V 36.489 97.229 8.733 0.473438 0.505490
V 37.489 97.229 8.580 0.473897 0.505486
V 38.489 97.229 8.447 0.474356 0.505483
V 39.489 97.229 8.320 0.474815 0.505479
V 40.489 97.229 8.235 0.475274 0.505475
V 41.489 97.229 8.227 0.475733 0.505471
V 42.489 97.229 8.255 0.476192 0.505468
V 43.489 97.229 8.199 0.476650 0.505464
V 44.489 97.229 8.057 0.477109 0.505460
V 45.489 97.229 7.828 0.477568 0.505457
V 46.489 97.229 7.530 0.478027 0.505453
V 47.489 97.229 7.261 0.478486 0.505449
V 48.489 97.229 7.007 0.478945 0.505445
V 49.489 97.229 6.791 0.479404 0.505442
V 50.489 97.229 6.584 0.479863 0.505438
V 51.489 97.229 6.373 0.480322 0.505434
V 52.489 97.229 6.167 0.480781 0.505431
V 53.489 97.229 5.968 0.481240 0.505427
V 54.489 97.229 5.776 0.481698 0.505423
V 55.489 97.229 5.606 0.482157 0.505420
V 56.489 97.229 5.452 0.482616 0.505416
V 57.489 97.229 5.308 0.483075 0.505412
V 58.489 97.229 5.192 0.483534 0.505408
V 59.489 97.229 5.086 0.483993 0.505405
V 60.489 97.229 5.006 0.484452 0.505401
V 61.489 97.229 4.957 0.484911 0.505397
V 62.489 97.229 4.928 0.485370 0.505394
V 63.489 97.229 4.908 0.485829 0.505390
V 64.489 97.229 4.881 0.486288 0.505386
V 65.489 97.229 4.842 0.486746 0.505382
V 66.489 97.229 4.787 0.487205 0.505379
V 67.489 97.229 4.667 0.487664 0.505375
V 68.489 97.229 4.543 0.488123 0.505371
V 69.489 97.229 4.423 0.488582 0.505368
V 70.489 97.229 4.336 0.489041 0.505364
V 71.489 97.229 4.256 0.489500 0.505360
V 72.489 97.229 4.195 0.489959 0.505356
V 73.489 97.229 4.174 0.490418 0.505353
V 74.489 97.229 4.189 0.490877 0.505349
V 75.489 97.229 4.236 0.491336 0.505345
V 76.489 97.229 4.395 0.491795 0.505342
V 77.489 97.229 4.597 0.492253 0.505338
V 78.489 97.229 4.845 0.492712 0.505334
V 79.489 97.229 5.129 0.493171 0.505330
V 80.489 97.229 5.440 0.493630 0.505327
V 81.489 97.229 5.776 0.494089 0.505323
V 82.489 97.229 6.083 0.494548 0.505319
V 83.489 97.229 6.364 0.495007 0.505316
V 84.489 97.229 6.615 0.495466 0.505312
V 85.489 97.229 6.816 0.495925 0.505308
V 86.489 97.229 6.972 0.496384 0.505304
V 87.489 97.229 7.107 0.496843 0.505301
V 88.489 97.229 7.144 0.497301 0.505297
V 89.489 97.229 7.136 0.497760 0.505293
V 90.489 97.229 7.103 0.498219 0.505290
V 91.489 97.229 7.054 0.498678 0.505286
V 92.489 97.229 6.993 0.499137 0.505282
V 93.489 97.229 6.914 0.499596 0.505278
V 94.489 97.229 6.825 0.500055 0.505275
V 95.489 97.229 6.772 0.500514 0.505271
V 96.489 97.229 6.728 0.500973 0.505267
V 97.489 97.229 6.669 0.501432 0.505264
V 98.489 97.229 6.598 0.501891 0.505260
V 99.489 97.229 6.519 0.502349 0.505256
V 100.489 97.229 6.418 0.502808 0.505252
V 101.489 97.229 6.332 0.503267 0.505249
V 102.489 97.229 6.251 0.503726 0.505245
V 103.489 97.229 6.161 0.504185 0.505241
V 104.489 97.229 6.061 0.504644 0.505238
V 105.489 97.229 5.949 0.505103 0.505234
V 106.489 97.229 5.821 0.505562 0.505230
V 107.489 97.229 5.681 0.506021 0.505226
V 108.489 97.229 5.534 0.506480 0.505223
V 109.489 97.229 5.374 0.506939 0.505219
V 110.489 97.229 5.211 0.507397 0.505215
V 111.489 97.229 5.031 0.507856 0.505212
V 112.489 97.229 4.877 0.508315 0.505208
V 113.489 97.229 4.727 0.508774 0.505204
V 114.489 97.229 4.577 0.509233 0.505200
V 115.489 97.229 4.423 0.509692 0.505197
V 116.489 97.229 4.268 0.510151 0.505193
V 117.489 97.229 4.119 0.510610 0.505189
V 118.489 97.229 3.981 0.511069 0.505186
V 119.489 97.229 3.849 0.511528 0.505182
V 120.489 97.229 3.726 0.511987 0.505178
V 121.489 97.229 3.624 0.512445 0.505174
V 122.489 97.229 3.514 0.512904 0.505171
V 123.489 97.229 3.407 0.513363 0.505167
V 124.489 97.229 3.287 0.513822 0.505163
V 125.489 97.229 3.155 0.514281 0.505160
V 126.489 97.229 3.015 0.514740 0.505156
V 127.489 97.229 2.862 0.515199 0.505152
V 128.489 97.229 2.699 0.515658 0.505148
V 129.489 97.229 2.531 0.516117 0.505145
V 130.489 97.229 2.337 0.516576 0.505141
V 131.489 97.229 2.119 0.517035 0.505137
V 132.489 97.229 1.886 0.517494 0.505134
V 133.489 97.229 1.641 0.517952 0.505130
V 134.489 97.229 1.400 0.518411 0.505126
V 135.489 97.229 1.154 0.518870 0.505123
V 136.489 97.229 0.921 0.519329 0.505119
V 137.489 97.229 0.686 0.519788 0.505115
V 138.489 97.229 0.461 0.520247 0.505111
V 139.489 97.229 0.282 0.520706 0.505108
V 140.489 97.229 0.107 0.521165 0.505104
V 141.489 97.229 -0.055 0.521624 0.505100
V 142.489 97.229 -0.200 0.522083 0.505097
V 143.489 97.229 -0.342 0.522542 0.505093
V 144.489 97.229 -0.477 0.523000 0.505089
V 145.489 97.229 -0.605 0.523459 0.505085
V 146.489 97.229 -0.732 0.523918 0.505082
V 147.489 97.229 -0.844 0.524377 0.505078
V 148.489 97.229 -0.962 0.524836 0.505074
V 149.489 97.229 -1.069 0.525295 0.505071
V 150.489 97.229 -1.173 0.525754 0.505067
V 151.489 97.229 -1.252 0.526213 0.505063
V 152.489 97.229 -1.314 0.526672 0.505059
V 153.489 97.229 -1.354 0.527131 0.505056
V 154.489 97.229 -1.364 0.527590 0.505052
V 155.489 97.229 -1.376 0.528048 0.505048
V 156.489 97.229 -1.384 0.528507 0.505045
V 157.489 97.229 -1.402 0.528966 0.505041
V 158.489 97.229 -1.423 0.529425 0.505037
V 159.489 97.229 -1.460 0.529884 0.505033
V 160.489 97.229 -1.530 0.530343 0.505030
V 161.489 97.229 -1.671 0.530802 0.505026
V 19.489 98.229 12.667 0.465640 0.506014
V 20.489 98.229 12.456 0.466099 0.506010
V 21.489 98.229 12.244 0.466558 0.506007
V 22.489 98.229 12.032 0.467017 0.506003
V 23.489 98.229 11.812 0.467476 0.505999
V 24.489 98.229 11.582 0.467935 0.505995
V 25.489 98.229 11.358 0.468394 0.505992
V 26.489 98.229 11.112 0.468853 0.505988
V 27.489 98.229 10.899 0.469312 0.505984
V 28.489 98.229 10.658 0.469770 0.505981
V 29.489 98.229 10.399 0.470229 0.505977
V 30.489 98.229 10.149 0.470688 0.505973
V 31.489 98.229 9.933 0.471147 0.505969
V 32.489 98.229 9.713 0.471606 0.505966
V 33.489 98.229 9.533 0.472065 0.505962
V 34.489 98.229 9.351 0.472524 0.505958
V 35.489 98.229 9.174 0.472983 0.505955
V 36.489 98.229 8.996 0.473442 0.505951
V 37.489 98.229 8.841 0.473901 0.505947
V 38.489 98.229 8.691 0.474360 0.505943
V 39.489 98.229 8.561 0.474819 0.505940
V 40.489 98.229 8.455 0.475277 0.505936
V 41.489 98.229 8.426 0.475736 0.505932
V 42.489 98.229 8.400 0.476195 0.505929
V 43.489 98.229 8.348 0.476654 0.505925
V 44.489 98.229 8.206 0.477113 0.505921
V 45.489 98.229 7.973 0.477572 0.505917
V 46.489 98.229 7.695 0.478031 0.505914
V 47.489 98.229 7.477 0.478490 0.505910
V 48.489 98.229 7.277 0.478949 0.505906
V 49.489 98.229 7.089 0.479408 0.505903
V 50.489 98.229 6.882 0.479867 0.505899
V 51.489 98.229 6.678 0.480325 0.505895
V 52.489 98.229 6.472 0.480784 0.505891
V 53.489 98.229 6.274 0.481243 0.505888
V 54.489 98.229 6.082 0.481702 0.505884
V 55.489 98.229 5.906 0.482161 0.505880
V 56.489 98.229 5.732 0.482620 0.505877
V 57.489 98.229 5.583 0.483079 0.505873
V 58.489 98.229 5.440 0.483538 0.505869
V 59.489 98.229 5.334 0.483997 0.505865
V 60.489 98.229 5.229 0.484456 0.505862
V 61.489 98.229 5.155 0.484915 0.505858
V 62.489 98.229 5.120 0.485373 0.505854
V 63.489 98.229 5.077 0.485832 0.505851
V 64.489 98.229 5.044 0.486291 0.505847
V 65.489 98.229 5.003 0.486750 0.505843
V 66.489 98.229 4.938 0.487209 0.505840
V 67.489 98.229 4.770 0.487668 0.505836
V 68.489 98.229 4.638 0.488127 0.505832
V 69.489 98.229 4.514 0.488586 0.505828
V 70.489 98.229 4.432 0.489045 0.505825
V 71.489 98.229 4.370 0.489504 0.505821
V 72.489 98.229 4.317 0.489963 0.505817
V 73.489 98.229 4.307 0.490421 0.505814
V 74.489 98.229 4.334 0.490880 0.505810
V 75.489 98.229 4.389 0.491339 0.505806
V 76.489 98.229 4.628 0.491798 0.505802
V 77.489 98.229 4.838 0.492257 0.505799
V 78.489 98.229 5.112 0.492716 0.505795
V 79.489 98.229 5.381 0.493175 0.505791
V 80.489 98.229 5.691 0.493634 0.505788
V 81.489 98.229 6.025 0.494093 0.505784
V 82.489 98.229 6.330 0.494552 0.505780
V 83.489 98.229 6.609 0.495011 0.505776
V 84.489 98.229 6.873 0.495469 0.505773
V 85.489 98.229 7.095 0.495928 0.505769
V 86.489 98.229 7.267 0.496387 0.505765
V 87.489 98.229 7.419 0.496846 0.505762
V 88.489 98.229 7.468 0.497305 0.505758
V 89.489 98.229 7.514 0.497764 0.505754
V 90.489 98.229 7.488 0.498223 0.505750
V 91.489 98.229 7.442 0.498682 0.505747
V 92.489 98.229 7.391 0.499141 0.505743
V 93.489 98.229 7.315 0.499600 0.505739
V 94.489 98.229 7.218 0.500059 0.505736
V 95.489 98.229 7.104 0.500518 0.505732
V 96.489 98.229 7.045 0.500976 0.505728
V 97.489 98.229 6.982 0.501435 0.505724
V 98.489 98.229 6.910 0.501894 0.505721
V 99.489 98.229 6.822 0.502353 0.505717
V 100.489 98.229 6.720 0.502812 0.505713
V 101.489 98.229 6.620 0.503271 0.505710
V 102.489 98.229 6.537 0.503730 0.505706
V 103.489 98.229 6.451 0.504189 0.505702
V 104.489 98.229 6.351 0.504648 0.505698
V 105.489 98.229 6.239 0.505107 0.505695
V 106.489 98.229 6.109 0.505566 0.505691
V 107.489 98.229 5.964 0.506024 0.505687
V 108.489 98.229 5.814 0.506483 0.505684
V 109.489 98.229 5.651 0.506942 0.505680
V 110.489 98.229 5.476 0.507401 0.505676
V 111.489 98.229 5.294 0.507860 0.505672
V 112.489 98.229 5.130 0.508319 0.505669
V 113.489 98.229 4.954 0.508778 0.505665
V 114.489 98.229 4.799 0.509237 0.505661
V 115.489 98.229 4.644 0.509696 0.505658
V 116.489 98.229 4.489 0.510155 0.505654
V 117.489 98.229 4.328 0.510614 0.505650
V 118.489 98.229 4.181 0.511072 0.505646
V 119.489 98.229 4.048 0.511531 0.505643
V 120.489 98.229 3.922 0.511990 0.505639
V 121.489 98.229 3.824 0.512449 0.505635
V 122.489 98.229 3.724 0.512908 0.505632
V 123.489 98.229 3.619 0.513367 0.505628
V 124.489 98.229 3.498 0.513826 0.505624
V 125.489 98.229 3.373 0.514285 0.505620
V 126.489 98.229 3.237 0.514744 0.505617
V 127.489 98.229 3.105 0.515203 0.505613
V 128.489 98.229 2.947 0.515662 0.505609
V 129.489 98.229 2.794 0.516120 0.505606
V 130.489 98.229 2.628 0.516579 0.505602
V 131.489 98.229 2.414 0.517038 0.505598
V 132.489 98.229 2.210 0.517497 0.505594
V 133.489 98.229 1.968 0.517956 0.505591
V 134.489 98.229 1.724 0.518415 0.505587
V 135.489 98.229 1.478 0.518874 0.505583
V 136.489 98.229 1.228 0.519333 0.505580
V 137.489 98.229 0.994 0.519792 0.505576
V 138.489 98.229 0.741 0.520251 0.505572
V 139.489 98.229 0.533 0.520710 0.505568
V 140.489 98.229 0.362 0.521168 0.505565
V 141.489 98.229 0.211 0.521627 0.505561
V 142.489 98.229 0.074 0.522086 0.505557
V 143.489 98.229 -0.066 0.522545 0.505554
V 144.489 98.229 -0.190 0.523004 0.505550
V 145.489 98.229 -0.308 0.523463 0.505546
V 146.489 98.229 -0.428 0.523922 0.505543
V 147.489 98.229 -0.544 0.524381 0.505539
V 148.489 98.229 -0.654 0.524840 0.505535
V 149.489 98.229 -0.748 0.525299 0.505531
V 150.489 98.229 -0.854 0.525758 0.505528
V 151.489 98.229 -0.933 0.526217 0.505524
V 152.489 98.229 -1.000 0.526675 0.505520
V 153.489 98.229 -1.043 0.527134 0.505517
V 154.489 98.229 -1.056 0.527593 0.505513
V 155.489 98.229 -1.064 0.528052 0.505509
V 156.489 98.229 -1.070 0.528511 0.505505
V 157.489 98.229 -1.079 0.528970 0.505502
V 158.489 98.229 -1.097 0.529429 0.505498
V 159.489 98.229 -1.126 0.529888 0.505494
V 160.489 98.229 -1.193 0.530347 0.505491
V 161.489 98.229 -1.287 0.530806 0.505487
V 25.489 99.229 11.752 0.468397 0.506453
V 26.489 99.229 11.494 0.468856 0.506449
V 27.489 99.229 11.259 0.469315 0.506445
V 28.489 99.229 11.004 0.469774 0.506441
V 29.489 99.229 10.758 0.470233 0.506438
V 30.489 99.229 10.497 0.470692 0.506434
V 31.489 99.229 10.253 0.471151 0.506430
V 32.489 99.229 10.032 0.471610 0.506427
V 33.489 99.229 9.811 0.472069 0.506423
V 34.489 99.229 9.631 0.472528 0.506419
V 35.489 99.229 9.444 0.472987 0.506415
V 36.489 99.229 9.265 0.473445 0.506412
V 37.489 99.229 9.104 0.473904 0.506408
V 38.489 99.229 8.949 0.474363 0.506404
V 39.489 99.229 8.809 0.474822 0.506401
V 40.489 99.229 8.692 0.475281 0.506397
V 41.489 99.229 8.611 0.475740 0.506393
V 42.489 99.229 8.552 0.476199 0.506389
V 43.489 99.229 8.499 0.476658 0.506386
V 44.489 99.229 8.369 0.477117 0.506382
V 45.489 99.229 8.135 0.477576 0.506378
V 46.489 99.229 7.930 0.478035 0.506375
V 47.489 99.229 7.755 0.478493 0.506371
V 48.489 99.229 7.568 0.478952 0.506367
V 49.489 99.229 7.386 0.479411 0.506363
V 50.489 99.229 7.198 0.479870 0.506360
V 51.489 99.229 6.995 0.480329 0.506356
V 52.489 99.229 6.790 0.480788 0.506352
V 53.489 99.229 6.591 0.481247 0.506349
V 54.489 99.229 6.399 0.481706 0.506345
V 55.489 99.229 6.215 0.482165 0.506341
V 56.489 99.229 6.038 0.482624 0.506337
V 57.489 99.229 5.873 0.483083 0.506334
V 58.489 99.229 5.724 0.483542 0.506330
V 59.489 99.229 5.583 0.484000 0.506326
V 60.489 99.229 5.471 0.484459 0.506323
V 61.489 99.229 5.381 0.484918 0.506319
V 62.489 99.229 5.315 0.485377 0.506315
V 63.489 99.229 5.256 0.485836 0.506311
V 64.489 99.229 5.213 0.486295 0.506308
V 65.489 99.229 5.161 0.486754 0.506304
V 66.489 99.229 5.086 0.487213 0.506300
V 67.489 99.229 4.883 0.487672 0.506297
V 68.489 99.229 4.711 0.488131 0.506293
V 69.489 99.229 4.575 0.488590 0.506289
V 70.489 99.229 4.526 0.489048 0.506286
V 71.489 99.229 4.472 0.489507 0.506282
V 72.489 99.229 4.422 0.489966 0.506278
V 73.489 99.229 4.414 0.490425 0.506274
V 74.489 99.229 4.463 0.490884 0.506271
V 75.489 99.229 4.537 0.491343 0.506267
V 76.489 99.229 4.800 0.491802 0.506263
V 77.489 99.229 5.112 0.492261 0.506260
V 78.489 99.229 5.396 0.492720 0.506256
V 79.489 99.229 5.661 0.493179 0.506252
V 80.489 99.229 5.944 0.493638 0.506248
V 81.489 99.229 6.276 0.494096 0.506245
V 82.489 99.229 6.579 0.494555 0.506241
V 83.489 99.229 6.868 0.495014 0.506237
V 84.489 99.229 7.136 0.495473 0.506234
V 85.489 99.229 7.369 0.495932 0.506230
V 86.489 99.229 7.568 0.496391 0.506226
V 87.489 99.229 7.727 0.496850 0.506222
V 88.489 99.229 7.820 0.497309 0.506219
V 89.489 99.229 7.883 0.497768 0.506215
V 90.489 99.229 7.880 0.498227 0.506211
V 91.489 99.229 7.844 0.498686 0.506208
V 92.489 99.229 7.800 0.499144 0.506204
V 93.489 99.229 7.739 0.499603 0.506200
V 94.489 99.229 7.618 0.500062 0.506196
V 95.489 99.229 7.490 0.500521 0.506193
V 96.489 99.229 7.386 0.500980 0.506189
V 97.489 99.229 7.308 0.501439 0.506185
V 98.489 99.229 7.231 0.501898 0.506182
V 99.489 99.229 7.140 0.502357 0.506178
V 100.489 99.229 7.030 0.502816 0.506174
V 101.489 99.229 6.930 0.503275 0.506170
V 102.489 99.229 6.838 0.503734 0.506167
V 103.489 99.229 6.752 0.504192 0.506163
V 104.489 99.229 6.654 0.504651 0.506159
V 105.489 99.229 6.542 0.505110 0.506156
V 106.489 99.229 6.407 0.505569 0.506152
V 107.489 99.229 6.263 0.506028 0.506148
V 108.489 99.229 6.108 0.506487 0.506144
V 109.489 99.229 5.947 0.506946 0.506141
V 110.489 99.229 5.773 0.507405 0.506137
V 111.489 99.229 5.584 0.507864 0.506133
V 112.489 99.229 5.385 0.508323 0.506130
V 113.489 99.229 5.202 0.508782 0.506126
V 114.489 99.229 5.031 0.509241 0.506122
V 115.489 99.229 4.876 0.509699 0.506118
V 116.489 99.229 4.715 0.510158 0.506115
V 117.489 99.229 4.553 0.510617 0.506111
V 118.489 99.229 4.402 0.511076 0.506107
V 119.489 99.229 4.264 0.511535 0.506104
V 120.489 99.229 4.139 0.511994 0.506100
V 121.489 99.229 4.042 0.512453 0.506096
V 122.489 99.229 3.945 0.512912 0.506092
V 123.489 99.229 3.843 0.513371 0.506089
V 124.489 99.229 3.721 0.513830 0.506085
V 125.489 99.229 3.597 0.514289 0.506081
V 126.489 99.229 3.473 0.514747 0.506078
V 127.489 99.229 3.350 0.515206 0.506074
V 128.489 99.229 3.218 0.515665 0.506070
V 129.489 99.229 3.070 0.516124 0.506066
V 130.489 99.229 2.913 0.516583 0.506063
V 131.489 99.229 2.752 0.517042 0.506059
V 132.489 99.229 2.559 0.517501 0.506055
V 133.489 99.229 2.332 0.517960 0.506052
V 134.489 99.229 2.091 0.518419 0.506048
V 135.489 99.229 1.840 0.518878 0.506044
V 136.489 99.229 1.585 0.519337 0.506040
V 137.489 99.229 1.327 0.519795 0.506037
V 138.489 99.229 1.064 0.520254 0.506033
V 139.489 99.229 0.845 0.520713 0.506029
V 140.489 99.229 0.644 0.521172 0.506026
V 141.489 99.229 0.497 0.521631 0.506022
V 142.489 99.229 0.362 0.522090 0.506018
V 143.489 99.229 0.237 0.522549 0.506014
V 144.489 99.229 0.118 0.523008 0.506011
V 145.489 99.229 -0.000 0.523467 0.506007
V 146.489 99.229 -0.123 0.523926 0.506003
V 147.489 99.229 -0.239 0.524385 0.506000
V 148.489 99.229 -0.321 0.524843 0.505996
V 149.489 99.229 -0.399 0.525302 0.505992
V 150.489 99.229 -0.501 0.525761 0.505989
V 151.489 99.229 -0.585 0.526220 0.505985
V 152.489 99.229 -0.652 0.526679 0.505981
V 153.489 99.229 -0.701 0.527138 0.505977
V 154.489 99.229 -0.721 0.527597 0.505974
V 155.489 99.229 -0.729 0.528056 0.505970
V 156.489 99.229 -0.731 0.528515 0.505966
V 157.489 99.229 -0.739 0.528974 0.505963
V 158.489 99.229 -0.753 0.529433 0.505959
V 159.489 99.229 -0.776 0.529891 0.505955
V 160.489 99.229 -0.828 0.530350 0.505951
V 161.489 99.229 -0.883 0.530809 0.505948
V 30.489 100.229 10.906 0.470696 0.506895
V 31.489 100.229 10.663 0.471155 0.506891
V 32.489 100.229 10.417 0.471614 0.506887
V 33.489 100.229 10.127 0.472072 0.506884
V 34.489 100.229 9.925 0.472531 0.506880
V 35.489 100.229 9.720 0.472990 0.506876
V 36.489 100.229 9.541 0.473449 0.506873
V 37.489 100.229 9.375 0.473908 0.506869
V 38.489 100.229 9.215 0.474367 0.506865
V 39.489 100.229 9.067 0.474826 0.506861
V 40.489 100.229 8.936 0.475285 0.506858
V 41.489 100.229 8.838 0.475744 0.506854
V 42.489 100.229 8.734 0.476203 0.506850
V 43.489 100.229 8.659 0.476662 0.506847
V 44.489 100.229 8.540 0.477120 0.506843
V 45.489 100.229 8.362 0.477579 0.506839
V 46.489 100.229 8.194 0.478038 0.506835
V 47.489 100.229 8.043 0.478497 0.506832
V 48.489 100.229 7.885 0.478956 0.506828
V 49.489 100.229 7.715 0.479415 0.506824
V 50.489 100.229 7.532 0.479874 0.506821
V 51.489 100.229 7.330 0.480333 0.506817
V 52.489 100.229 7.125 0.480792 0.506813
V 53.489 100.229 6.926 0.481251 0.506809
V 54.489 100.229 6.730 0.481710 0.506806
V 55.489 100.229 6.543 0.482168 0.506802
V 56.489 100.229 6.361 0.482627 0.506798
V 57.489 100.229 6.185 0.483086 0.506795
V 58.489 100.229 6.022 0.483545 0.506791
V 59.489 100.229 5.869 0.484004 0.506787
V 60.489 100.229 5.739 0.484463 0.506783
V 61.489 100.229 5.626 0.484922 0.506780
V 62.489 100.229 5.543 0.485381 0.506776
V 63.489 100.229 5.451 0.485840 0.506772
V 64.489 100.229 5.389 0.486299 0.506769
V 65.489 100.229 5.325 0.486758 0.506765
V 66.489 100.229 5.232 0.487216 0.506761
V 67.489 100.229 4.957 0.487675 0.506757
V 68.489 100.229 4.751 0.488134 0.506754
V 69.489 100.229 4.579 0.488593 0.506750
V 70.489 100.229 4.579 0.489052 0.506746
V 71.489 100.229 4.545 0.489511 0.506743
V 72.489 100.229 4.505 0.489970 0.506739
V 73.489 100.229 4.508 0.490429 0.506735
V 74.489 100.229 4.575 0.490888 0.506732
V 75.489 100.229 4.689 0.491347 0.506728
V 76.489 100.229 5.046 0.491806 0.506724
V 77.489 100.229 5.403 0.492265 0.506720
V 78.489 100.229 5.712 0.492723 0.506717
V 79.489 100.229 5.948 0.493182 0.506713
V 80.489 100.229 6.215 0.493641 0.506709
V 81.489 100.229 6.532 0.494100 0.506706
V 82.489 100.229 6.834 0.494559 0.506702
V 83.489 100.229 7.127 0.495018 0.506698
V 84.489 100.229 7.407 0.495477 0.506694
V 85.489 100.229 7.656 0.495936 0.506691
V 86.489 100.229 7.867 0.496395 0.506687
V 87.489 100.229 8.043 0.496854 0.506683
V 88.489 100.229 8.153 0.497313 0.506680
V 89.489 100.229 8.237 0.497771 0.506676
V 90.489 100.229 8.275 0.498230 0.506672
V 91.489 100.229 8.258 0.498689 0.506668
V 92.489 100.229 8.225 0.499148 0.506665
V 93.489 100.229 8.180 0.499607 0.506661
V 94.489 100.229 8.069 0.500066 0.506657
V 95.489 100.229 7.929 0.500525 0.506654
V 96.489 100.229 7.782 0.500984 0.506650
V 97.489 100.229 7.662 0.501443 0.506646
V 98.489 100.229 7.570 0.501902 0.506642
V 99.489 100.229 7.475 0.502361 0.506639
V 100.489 100.229 7.363 0.502819 0.506635
V 101.489 100.229 7.260 0.503278 0.506631
V 102.489 100.229 7.158 0.503737 0.506628
V 103.489 100.229 7.069 0.504196 0.506624
V 104.489 100.229 6.971 0.504655 0.506620
V 105.489 100.229 6.862 0.505114 0.506616
V 106.489 100.229 6.724 0.505573 0.506613
V 107.489 100.229 6.579 0.506032 0.506609
V 108.489 100.229 6.426 0.506491 0.506605
V 109.489 100.229 6.270 0.506950 0.506602
V 110.489 100.229 6.099 0.507409 0.506598
V 111.489 100.229 5.914 0.507867 0.506594
V 112.489 100.229 5.699 0.508326 0.506590
V 113.489 100.229 5.496 0.508785 0.506587
V 114.489 100.229 5.279 0.509244 0.506583
V 115.489 100.229 5.119 0.509703 0.506579
V 116.489 100.229 4.958 0.510162 0.506576
V 117.489 100.229 4.800 0.510621 0.506572
V 118.489 100.229 4.644 0.511080 0.506568
V 119.489 100.229 4.505 0.511539 0.506564
V 120.489 100.229 4.380 0.511998 0.506561
V 121.489 100.229 4.286 0.512457 0.506557
V 122.489 100.229 4.186 0.512915 0.506553
V 123.489 100.229 4.070 0.513374 0.506550
V 124.489 100.229 3.955 0.513833 0.506546
V 125.489 100.229 3.841 0.514292 0.506542
V 126.489 100.229 3.745 0.514751 0.506538
V 127.489 100.229 3.627 0.515210 0.506535
V 128.489 100.229 3.501 0.515669 0.506531
V 129.489 100.229 3.363 0.516128 0.506527
V 130.489 100.229 3.226 0.516587 0.506524
V 131.489 100.229 3.081 0.517046 0.506520
V 132.489 100.229 2.912 0.517505 0.506516
V 133.489 100.229 2.714 0.517964 0.506512
V 134.489 100.229 2.484 0.518422 0.506509
V 135.489 100.229 2.239 0.518881 0.506505
V 136.489 100.229 1.980 0.519340 0.506501
V 137.489 100.229 1.719 0.519799 0.506498
V 138.489 100.229 1.446 0.520258 0.506494
V 139.489 100.229 1.180 0.520717 0.506490
V 140.489 100.229 0.957 0.521176 0.506486
V 141.489 100.229 0.800 0.521635 0.506483
V 142.489 100.229 0.673 0.522094 0.506479
V 143.489 100.229 0.553 0.522553 0.506475
V 144.489 100.229 0.441 0.523012 0.506472
V 145.489 100.229 0.320 0.523470 0.506468
V 146.489 100.229 0.190 0.523929 0.506464
V 147.489 100.229 0.055 0.524388 0.506460
V 148.489 100.229 0.024 0.524847 0.506457
V 149.489 100.229 -0.027 0.525306 0.506453
V 150.489 100.229 -0.105 0.525765 0.506449
V 151.489 100.229 -0.193 0.526224 0.506446
V 152.489 100.229 -0.261 0.526683 0.506442
V 153.489 100.229 -0.312 0.527142 0.506438
V 154.489 100.229 -0.334 0.527601 0.506435
V 155.489 100.229 -0.347 0.528060 0.506431
V 156.489 100.229 -0.362 0.528518 0.506427
V 157.489 100.229 -0.367 0.528977 0.506423
V 158.489 100.229 -0.381 0.529436 0.506420
V 159.489 100.229 -0.401 0.529895 0.506416
V 160.489 100.229 -0.448 0.530354 0.506412
V 161.489 100.229 -0.480 0.530813 0.506409
V 36.489 101.229 10.061 0.473453 0.507333
V 37.489 101.229 9.787 0.473912 0.507330
V 38.489 101.229 9.596 0.474371 0.507326
V 39.489 101.229 9.430 0.474830 0.507322
V 40.489 101.229 9.284 0.475289 0.507319
V 41.489 101.229 9.111 0.475747 0.507315
V 42.489 101.229 8.979 0.476206 0.507311
V 43.489 101.229 8.854 0.476665 0.507307
V 44.489 101.229 8.736 0.477124 0.507304
V 45.489 101.229 8.624 0.477583 0.507300
V 46.489 101.229 8.504 0.478042 0.507296
V 47.489 101.229 8.353 0.478501 0.507293
V 48.489 101.229 8.224 0.478960 0.507289
V 49.489 101.229 8.063 0.479419 0.507285
V 50.489 101.229 7.881 0.479878 0.507281
V 51.489 101.229 7.681 0.480337 0.507278
V 52.489 101.229 7.476 0.480795 0.507274
V 53.489 101.229 7.272 0.481254 0.507270
V 54.489 101.229 7.075 0.481713 0.507267
V 55.489 101.229 6.886 0.482172 0.507263
V 56.489 101.229 6.700 0.482631 0.507259
V 57.489 101.229 6.512 0.483090 0.507255
V 58.489 101.229 6.333 0.483549 0.507252
V 59.489 101.229 6.180 0.484008 0.507248
V 60.489 101.229 6.028 0.484467 0.507244
V 61.489 101.229 5.908 0.484926 0.507241
V 62.489 101.229 5.770 0.485385 0.507237
V 63.489 101.229 5.669 0.485843 0.507233
V 64.489 101.229 5.596 0.486302 0.507229
V 65.489 101.229 5.477 0.486761 0.507226
V 66.489 101.229 5.375 0.487220 0.507222
V 67.489 101.229 5.070 0.487679 0.507218
V 68.489 101.229 4.770 0.488138 0.507215
V 69.489 101.229 4.530 0.488597 0.507211
V 70.489 101.229 4.546 0.489056 0.507207
V 71.489 101.229 4.570 0.489515 0.507203
V 72.489 101.229 4.569 0.489974 0.507200
V 73.489 101.229 4.590 0.490433 0.507196
V 74.489 101.229 4.725 0.490891 0.507192
V 75.489 101.229 4.887 0.491350 0.507189
V 76.489 101.229 5.307 0.491809 0.507185
V 77.489 101.229 5.731 0.492268 0.507181
V 78.489 101.229 6.073 0.492727 0.507177
V 79.489 101.229 6.288 0.493186 0.507174
V 80.489 101.229 6.498 0.493645 0.507170
V 81.489 101.229 6.794 0.494104 0.507166
V 82.489 101.229 7.095 0.494563 0.507163
V 83.489 101.229 7.388 0.495022 0.507159
V 84.489 101.229 7.681 0.495481 0.507155
V 85.489 101.229 7.933 0.495939 0.507152
V 86.489 101.229 8.159 0.496398 0.507148
V 87.489 101.229 8.346 0.496857 0.507144
V 88.489 101.229 8.486 0.497316 0.507140
V 89.489 101.229 8.570 0.497775 0.507137
V 90.489 101.229 8.644 0.498234 0.507133
V 91.489 101.229 8.661 0.498693 0.507129
V 92.489 101.229 8.611 0.499152 0.507126
V 93.489 101.229 8.563 0.499611 0.507122
V 94.489 101.229 8.454 0.500070 0.507118
V 95.489 101.229 8.323 0.500529 0.507114
V 96.489 101.229 8.183 0.500988 0.507111
V 97.489 101.229 8.058 0.501446 0.507107
V 98.489 101.229 7.939 0.501905 0.507103
V 99.489 101.229 7.824 0.502364 0.507100
V 100.489 101.229 7.713 0.502823 0.507096
V 101.489 101.229 7.604 0.503282 0.507092
V 102.489 101.229 7.502 0.503741 0.507088
V 103.489 101.229 7.409 0.504200 0.507085
V 104.489 101.229 7.303 0.504659 0.507081
V 105.489 101.229 7.194 0.505118 0.507077
V 106.489 101.229 7.055 0.505577 0.507074
V 107.489 101.229 6.915 0.506036 0.507070
V 108.489 101.229 6.764 0.506494 0.507066
V 109.489 101.229 6.609 0.506953 0.507062
V 110.489 101.229 6.440 0.507412 0.507059
V 111.489 101.229 6.255 0.507871 0.507055
V 112.489 101.229 6.040 0.508330 0.507051
V 113.489 101.229 5.812 0.508789 0.507048
V 114.489 101.229 5.591 0.509248 0.507044
V 115.489 101.229 5.413 0.509707 0.507040
V 116.489 101.229 5.216 0.510166 0.507036
V 117.489 101.229 5.052 0.510625 0.507033
V 118.489 101.229 4.897 0.511084 0.507029
V 119.489 101.229 4.759 0.511542 0.507025
V 120.489 101.229 4.635 0.512001 0.507022
V 121.489 101.229 4.537 0.512460 0.507018
V 122.489 101.229 4.430 0.512919 0.507014
V 123.489 101.229 4.318 0.513378 0.507010
V 124.489 101.229 4.231 0.513837 0.507007
V 125.489 101.229 4.126 0.514296 0.507003
V 126.489 101.229 4.032 0.514755 0.506999
V 127.489 101.229 3.918 0.515214 0.506996
V 128.489 101.229 3.792 0.515673 0.506992
V 129.489 101.229 3.666 0.516132 0.506988
V 130.489 101.229 3.555 0.516590 0.506984
V 131.489 101.229 3.410 0.517049 0.506981
V 132.489 101.229 3.272 0.517508 0.506977
V 133.489 101.229 3.080 0.517967 0.506973
V 134.489 101.229 2.874 0.518426 0.506970
V 135.489 101.229 2.656 0.518885 0.506966
V 136.489 101.229 2.399 0.519344 0.506962
V 137.489 101.229 2.141 0.519803 0.506958
V 138.489 101.229 1.869 0.520262 0.506955
V 139.489 101.229 1.581 0.520721 0.506951
V 140.489 101.229 1.349 0.521180 0.506947
V 141.489 101.229 1.114 0.521638 0.506944
V 142.489 101.229 0.994 0.522097 0.506940
V 143.489 101.229 0.879 0.522556 0.506936
V 144.489 101.229 0.768 0.523015 0.506932
V 145.489 101.229 0.644 0.523474 0.506929
V 146.489 101.229 0.513 0.523933 0.506925
V 147.489 101.229 0.337 0.524392 0.506921
V 148.489 101.229 0.345 0.524851 0.506918
V 149.489 101.229 0.302 0.525310 0.506914
V 150.489 101.229 0.306 0.525769 0.506910
V 151.489 101.229 0.231 0.526228 0.506906
V 152.489 101.229 0.163 0.526687 0.506903
V 153.489 101.229 0.113 0.527145 0.506899
V 154.489 101.229 0.091 0.527604 0.506895
V 155.489 101.229 0.071 0.528063 0.506892
V 156.489 101.229 0.056 0.528522 0.506888
V 157.489 101.229 0.032 0.528981 0.506884
V 158.489 101.229 0.016 0.529440 0.506880
V 159.489 101.229 -0.006 0.529899 0.506877
V 160.489 101.229 -0.054 0.530358 0.506873
V 161.489 101.229 -0.076 0.530817 0.506869
V 41.489 102.229 9.731 0.475751 0.507776
V 42.489 102.229 9.366 0.476210 0.507772
V 43.489 102.229 9.153 0.476669 0.507768
V 44.489 102.229 9.014 0.477128 0.507765
V 45.489 102.229 8.911 0.477587 0.507761
V 46.489 102.229 8.810 0.478046 0.507757
V 47.489 102.229 8.698 0.478505 0.507753
V 48.489 102.229 8.576 0.478963 0.507750
V 49.489 102.229 8.420 0.479422 0.507746
V 50.489 102.229 8.244 0.479881 0.507742
V 51.489 102.229 8.045 0.480340 0.507739
V 52.489 102.229 7.838 0.480799 0.507735
V 53.489 102.229 7.631 0.481258 0.507731
V 54.489 102.229 7.430 0.481717 0.507727
V 55.489 102.229 7.237 0.482176 0.507724
V 56.489 102.229 7.039 0.482635 0.507720
V 57.489 102.229 6.847 0.483094 0.507716
V 58.489 102.229 6.665 0.483553 0.507713
V 59.489 102.229 6.487 0.484012 0.507709
V 60.489 102.229 6.328 0.484470 0.507705
V 61.489 102.229 6.178 0.484929 0.507701
V 62.489 102.229 6.040 0.485388 0.507698
V 63.489 102.229 5.901 0.485847 0.507694
V 64.489 102.229 5.793 0.486306 0.507690
V 65.489 102.229 5.661 0.486765 0.507687
V 66.489 102.229 5.512 0.487224 0.507683
V 67.489 102.229 5.077 0.487683 0.507679
V 68.489 102.229 4.739 0.488142 0.507675
V 69.489 102.229 4.469 0.488601 0.507672
V 70.489 102.229 4.547 0.489060 0.507668
V 71.489 102.229 4.578 0.489518 0.507664
V 72.489 102.229 4.619 0.489977 0.507661
V 73.489 102.229 4.656 0.490436 0.507657
V 74.489 102.229 4.841 0.490895 0.507653
V 75.489 102.229 5.109 0.491354 0.507649
V 76.489 102.229 5.631 0.491813 0.507646
V 77.489 102.229 6.057 0.492272 0.507642
V 78.489 102.229 6.409 0.492731 0.507638
V 79.489 102.229 6.584 0.493190 0.507635
V 80.489 102.229 6.822 0.493649 0.507631
V 81.489 102.229 7.064 0.494108 0.507627
V 82.489 102.229 7.359 0.494566 0.507623
V 83.489 102.229 7.658 0.495025 0.507620
V 84.489 102.229 7.945 0.495484 0.507616
V 85.489 102.229 8.198 0.495943 0.507612
V 86.489 102.229 8.404 0.496402 0.507609
V 87.489 102.229 8.594 0.496861 0.507605
V 88.489 102.229 8.742 0.497320 0.507601
V 89.489 102.229 8.840 0.497779 0.507598
V 90.489 102.229 8.922 0.498238 0.507594
V 91.489 102.229 8.932 0.498697 0.507590
V 92.489 102.229 8.906 0.499156 0.507586
V 93.489 102.229 8.865 0.499614 0.507583
V 94.489 102.229 8.788 0.500073 0.507579
V 95.489 102.229 8.672 0.500532 0.507575
V 96.489 102.229 8.538 0.500991 0.507572
V 97.489 102.229 8.396 0.501450 0.507568
V 98.489 102.229 8.290 0.501909 0.507564
V 99.489 102.229 8.178 0.502368 0.507560
V 100.489 102.229 8.067 0.502827 0.507557
V 101.489 102.229 7.956 0.503286 0.507553
V 102.489 102.229 7.847 0.503745 0.507549
V 103.489 102.229 7.743 0.504204 0.507546
V 104.489 102.229 7.638 0.504662 0.507542
V 105.489 102.229 7.528 0.505121 0.507538
V 106.489 102.229 7.394 0.505580 0.507534
V 107.489 102.229 7.253 0.506039 0.507531
V 108.489 102.229 7.094 0.506498 0.507527
V 109.489 102.229 6.925 0.506957 0.507523
V 110.489 102.229 6.762 0.507416 0.507520
V 111.489 102.229 6.577 0.507875 0.507516
V 112.489 102.229 6.364 0.508334 0.507512
V 113.489 102.229 6.142 0.508793 0.507508
V 114.489 102.229 5.912 0.509252 0.507505
V 115.489 102.229 5.685 0.509711 0.507501
V 116.489 102.229 5.477 0.510169 0.507497
V 117.489 102.229 5.311 0.510628 0.507494
V 118.489 102.229 5.158 0.511087 0.507490
V 119.489 102.229 5.017 0.511546 0.507486
V 120.489 102.229 4.895 0.512005 0.507482
V 121.489 102.229 4.783 0.512464 0.507479
V 122.489 102.229 4.676 0.512923 0.507475
V 123.489 102.229 4.583 0.513382 0.507471
V 124.489 102.229 4.504 0.513841 0.507468
V 125.489 102.229 4.419 0.514300 0.507464
V 126.489 102.229 4.325 0.514759 0.507460
V 127.489 102.229 4.213 0.515217 0.507456
V 128.489 102.229 4.095 0.515676 0.507453
V 129.489 102.229 3.974 0.516135 0.507449
V 130.489 102.229 3.870 0.516594 0.507445
V 131.489 102.229 3.764 0.517053 0.507442
V 132.489 102.229 3.634 0.517512 0.507438
V 133.489 102.229 3.472 0.517971 0.507434
V 134.489 102.229 3.282 0.518430 0.507430
V 135.489 102.229 3.079 0.518889 0.507427
V 136.489 102.229 2.830 0.519348 0.507423
V 137.489 102.229 2.578 0.519807 0.507419
V 138.489 102.229 2.314 0.520265 0.507416
V 139.489 102.229 2.014 0.520724 0.507412
V 140.489 102.229 1.717 0.521183 0.507408
V 141.489 102.229 1.453 0.521642 0.507404
V 142.489 102.229 1.316 0.522101 0.507401
V 143.489 102.229 1.204 0.522560 0.507397
V 144.489 102.229 1.097 0.523019 0.507393
V 145.489 102.229 0.972 0.523478 0.507390
V 146.489 102.229 0.797 0.523937 0.507386
V 147.489 102.229 0.608 0.524396 0.507382
V 148.489 102.229 0.615 0.524855 0.507378
V 149.489 102.229 0.682 0.525313 0.507375
V 150.489 102.229 0.719 0.525772 0.507371
V 151.489 102.229 0.665 0.526231 0.507367
V 152.489 102.229 0.607 0.526690 0.507364
V 153.489 102.229 0.559 0.527149 0.507360
V 154.489 102.229 0.542 0.527608 0.507356
V 155.489 102.229 0.522 0.528067 0.507352
V 156.489 102.229 0.502 0.528526 0.507349
V 157.489 102.229 0.472 0.528985 0.507345
V 158.489 102.229 0.433 0.529444 0.507341
V 159.489 102.229 0.405 0.529903 0.507338
V 160.489 102.229 0.357 0.530361 0.507334
V 161.489 102.229 0.327 0.530820 0.507330
V 47.489 103.229 9.058 0.478508 0.508214
V 48.489 103.229 8.944 0.478967 0.508211
V 49.489 103.229 8.799 0.479426 0.508207
V 50.489 103.229 8.623 0.479885 0.508203
V 51.489 103.229 8.432 0.480344 0.508199
V 52.489 103.229 8.225 0.480803 0.508196
V 53.489 103.229 8.014 0.481262 0.508192
V 54.489 103.229 7.803 0.481721 0.508188
V 55.489 103.229 7.597 0.482180 0.508185
V 56.489 103.229 7.392 0.482638 0.508181
V 57.489 103.229 7.193 0.483097 0.508177
V 58.489 103.229 7.004 0.483556 0.508173
V 59.489 103.229 6.818 0.484015 0.508170
V 60.489 103.229 6.643 0.484474 0.508166
V 61.489 103.229 6.471 0.484933 0.508162
V 62.489 103.229 6.319 0.485392 0.508159
V 63.489 103.229 6.153 0.485851 0.508155
V 64.489 103.229 6.006 0.486310 0.508151
V 65.489 103.229 5.842 0.486769 0.508147
V 66.489 103.229 5.631 0.487228 0.508144
V 67.489 103.229 5.110 0.487686 0.508140
V 68.489 103.229 4.738 0.488145 0.508136
V 69.489 103.229 4.444 0.488604 0.508133
V 70.489 103.229 4.469 0.489063 0.508129
V 71.489 103.229 4.508 0.489522 0.508125
V 72.489 103.229 4.651 0.489981 0.508121
V 73.489 103.229 4.720 0.490440 0.508118
V 74.489 103.229 4.961 0.490899 0.508114
V 75.489 103.229 5.360 0.491358 0.508110
V 76.489 103.229 5.824 0.491817 0.508107
V 77.489 103.229 6.233 0.492276 0.508103
V 78.489 103.229 6.599 0.492735 0.508099
V 79.489 103.229 6.862 0.493193 0.508095
V 80.489 103.229 7.129 0.493652 0.508092
V 81.489 103.229 7.349 0.494111 0.508088
V 82.489 103.229 7.631 0.494570 0.508084
V 83.489 103.229 7.916 0.495029 0.508081
V 84.489 103.229 8.171 0.495488 0.508077
V 85.489 103.229 8.353 0.495947 0.508073
V 86.489 103.229 8.520 0.496406 0.508069
V 87.489 103.229 8.672 0.496865 0.508066
V 88.489 103.229 8.785 0.497324 0.508062
V 89.489 103.229 8.862 0.497783 0.508058
V 90.489 103.229 8.924 0.498241 0.508055
V 91.489 103.229 8.959 0.498700 0.508051
V 92.489 103.229 8.956 0.499159 0.508047
V 93.489 103.229 8.972 0.499618 0.508043
V 94.489 103.229 8.969 0.500077 0.508040
V 95.489 103.229 8.874 0.500536 0.508036
V 96.489 103.229 8.769 0.500995 0.508032
V 97.489 103.229 8.666 0.501454 0.508029
V 98.489 103.229 8.564 0.501913 0.508025
V 99.489 103.229 8.462 0.502372 0.508021
V 100.489 103.229 8.359 0.502831 0.508018
V 101.489 103.229 8.257 0.503289 0.508014
V 102.489 103.229 8.155 0.503748 0.508010
V 103.489 103.229 8.053 0.504207 0.508006
V 104.489 103.229 7.950 0.504666 0.508003
V 107.489 103.229 7.553 0.506043 0.507992
V 108.489 103.229 7.368 0.506502 0.507988
V 109.489 103.229 7.182 0.506961 0.507984
V 110.489 103.229 6.997 0.507420 0.507980
V 111.489 103.229 6.820 0.507879 0.507977
V 112.489 103.229 6.612 0.508337 0.507973
V 113.489 103.229 6.396 0.508796 0.507969
V 114.489 103.229 6.188 0.509255 0.507966
V 115.489 103.229 5.982 0.509714 0.507962
V 116.489 103.229 5.773 0.510173 0.507958
V 117.489 103.229 5.584 0.510632 0.507954
V 118.489 103.229 5.421 0.511091 0.507951
V 119.489 103.229 5.276 0.511550 0.507947
V 120.489 103.229 5.149 0.512009 0.507943
V 121.489 103.229 5.055 0.512468 0.507940
V 122.489 103.229 4.957 0.512927 0.507936
V 123.489 103.229 4.876 0.513385 0.507932
V 124.489 103.229 4.796 0.513844 0.507928
V 125.489 103.229 4.712 0.514303 0.507925
V 126.489 103.229 4.622 0.514762 0.507921
V 127.489 103.229 4.515 0.515221 0.507917
V 128.489 103.229 4.401 0.515680 0.507914
V 129.489 103.229 4.288 0.516139 0.507910
V 130.489 103.229 4.196 0.516598 0.507906
V 131.489 103.229 4.102 0.517057 0.507902
V 132.489 103.229 3.992 0.517516 0.507899
V 133.489 103.229 3.856 0.517975 0.507895
V 134.489 103.229 3.681 0.518434 0.507891
V 135.489 103.229 3.501 0.518892 0.507888
V 136.489 103.229 3.273 0.519351 0.507884
V 137.489 103.229 3.033 0.519810 0.507880
V 138.489 103.229 2.782 0.520269 0.507876
V 139.489 103.229 2.489 0.520728 0.507873
V 140.489 103.229 2.177 0.521187 0.507869
V 141.489 103.229 1.866 0.521646 0.507865
V 142.489 103.229 1.663 0.522105 0.507862
V 143.489 103.229 1.532 0.522564 0.507858
V 144.489 103.229 1.427 0.523023 0.507854
V 145.489 103.229 1.292 0.523482 0.507850
V 146.489 103.229 1.096 0.523940 0.507847
V 147.489 103.229 0.858 0.524399 0.507843
V 148.489 103.229 0.838 0.524858 0.507839
V 149.489 103.229 0.941 0.525317 0.507836
V 150.489 103.229 1.107 0.525776 0.507832
V 151.489 103.229 1.112 0.526235 0.507828
V 152.489 103.229 1.075 0.526694 0.507824
V 153.489 103.229 1.034 0.527153 0.507821
V 154.489 103.229 1.023 0.527612 0.507817
V 155.489 103.229 1.006 0.528071 0.507813
V 156.489 103.229 0.987 0.528530 0.507810
V 157.489 103.229 0.948 0.528988 0.507806
V 158.489 103.229 0.898 0.529447 0.507802
V 159.489 103.229 0.847 0.529906 0.507798
V 160.489 103.229 0.783 0.530365 0.507795
V 55.489 104.229 7.968 0.482183 0.508645
V 56.489 104.229 7.764 0.482642 0.508642
V 57.489 104.229 7.559 0.483101 0.508638
V 58.489 104.229 7.360 0.483560 0.508634
V 59.489 104.229 7.170 0.484019 0.508631
V 60.489 104.229 6.980 0.484478 0.508627
V 61.489 104.229 6.802 0.484937 0.508623
V 62.489 104.229 6.598 0.485396 0.508619
V 63.489 104.229 6.415 0.485855 0.508616
V 64.489 104.229 6.221 0.486313 0.508612
V 65.489 104.229 6.036 0.486772 0.508608
V 66.489 104.229 5.774 0.487231 0.508605
V 67.489 104.229 5.301 0.487690 0.508601
V 68.489 104.229 5.032 0.488149 0.508597
V 69.489 104.229 4.753 0.488608 0.508593
V 70.489 104.229 4.736 0.489067 0.508590
V 71.489 104.229 4.644 0.489526 0.508586
V 72.489 104.229 4.638 0.489985 0.508582
V 73.489 104.229 4.734 0.490444 0.508579
V 74.489 104.229 5.178 0.490903 0.508575
V 75.489 104.229 5.574 0.491361 0.508571
V 76.489 104.229 5.889 0.491820 0.508567
V 77.489 104.229 6.202 0.492279 0.508564
V 78.489 104.229 6.515 0.492738 0.508560
V 121.489 104.229 5.246 0.512471 0.508400
V 122.489 104.229 5.113 0.512930 0.508397
V 123.489 104.229 4.980 0.513389 0.508393
V 124.489 104.229 4.847 0.513848 0.508389
V 125.489 104.229 4.744 0.514307 0.508386
V 126.489 104.229 4.663 0.514766 0.508382
V 127.489 104.229 4.570 0.515225 0.508378
V 128.489 104.229 4.648 0.515684 0.508374
V 129.489 104.229 4.597 0.516143 0.508371
V 130.489 104.229 4.488 0.516602 0.508367
V 131.489 104.229 4.394 0.517060 0.508363
V 132.489 104.229 4.282 0.517519 0.508360
V 133.489 104.229 4.148 0.517978 0.508356
V 134.489 104.229 4.007 0.518437 0.508352
V 135.489 104.229 3.834 0.518896 0.508348
V 136.489 104.229 3.671 0.519355 0.508345
V 137.489 104.229 3.420 0.519814 0.508341
V 138.489 104.229 3.176 0.520273 0.508337
V 139.489 104.229 2.909 0.520732 0.508334
V 140.489 104.229 2.599 0.521191 0.508330
V 141.489 104.229 2.307 0.521650 0.508326
V 142.489 104.229 2.042 0.522108 0.508322
V 143.489 104.229 1.869 0.522567 0.508319
V 144.489 104.229 1.754 0.523026 0.508315
V 145.489 104.229 1.608 0.523485 0.508311
V 146.489 104.229 1.364 0.523944 0.508308
V 147.489 104.229 1.094 0.524403 0.508304
V 148.489 104.229 1.064 0.524862 0.508300
V 149.489 104.229 1.136 0.525321 0.508296
V 150.489 104.229 1.379 0.525780 0.508293
V 151.489 104.229 1.439 0.526239 0.508289
V 152.489 104.229 1.545 0.526698 0.508285
V 153.489 104.229 1.526 0.527157 0.508282
V 154.489 104.229 1.519 0.527615 0.508278
V 155.489 104.229 1.508 0.528074 0.508274
V 156.489 104.229 1.487 0.528533 0.508270
V 157.489 104.229 1.433 0.528992 0.508267
V 158.489 104.229 1.383 0.529451 0.508263
V 159.489 104.229 1.310 0.529910 0.508259
V 64.489 105.229 6.469 0.486317 0.509073
V 65.489 105.229 6.244 0.486776 0.509069
V 66.489 105.229 5.951 0.487235 0.509065
V 67.489 105.229 5.786 0.487694 0.509062
V 130.489 105.229 4.231 0.516605 0.508828
V 131.489 105.229 4.287 0.517064 0.508824
V 132.489 105.229 4.344 0.517523 0.508820
V 133.489 105.229 4.288 0.517982 0.508817
V 134.489 105.229 4.167 0.518441 0.508813
V 135.489 105.229 4.034 0.518900 0.508809
V 136.489 105.229 3.882 0.519359 0.508806
V 137.489 105.229 3.704 0.519818 0.508802
V 138.489 105.229 3.499 0.520277 0.508798
V 139.489 105.229 3.268 0.520735 0.508794
V 140.489 105.229 3.008 0.521194 0.508791
V 141.489 105.229 2.730 0.521653 0.508787
V 142.489 105.229 2.446 0.522112 0.508783
V 143.489 105.229 2.229 0.522571 0.508780
V 144.489 105.229 2.082 0.523030 0.508776
V 145.489 105.229 1.911 0.523489 0.508772
V 146.489 105.229 1.667 0.523948 0.508768
V 147.489 105.229 1.393 0.524407 0.508765
V 148.489 105.229 1.346 0.524866 0.508761
V 149.489 105.229 1.440 0.525325 0.508757
V 150.489 105.229 1.659 0.525783 0.508754
V 151.489 105.229 1.887 0.526242 0.508750
V 152.489 105.229 2.039 0.526701 0.508746
V 153.489 105.229 2.028 0.527160 0.508742
V 154.489 105.229 2.031 0.527619 0.508739
V 155.489 105.229 2.013 0.528078 0.508735
V 156.489 105.229 1.977 0.528537 0.508731
V 157.489 105.229 1.919 0.528996 0.508728
V 139.489 106.229 3.161 0.520739 0.509255
V 140.489 106.229 3.058 0.521198 0.509252
V 141.489 106.229 2.994 0.521657 0.509248
V 142.489 106.229 2.782 0.522116 0.509244
V 143.489 106.229 2.564 0.522575 0.509240
V 144.489 106.229 2.410 0.523034 0.509237
V 145.489 106.229 2.241 0.523493 0.509233
V 146.489 106.229 2.043 0.523952 0.509229
V 147.489 106.229 1.936 0.524410 0.509226
V 148.489 106.229 1.930 0.524869 0.509222
V 149.489 106.229 2.002 0.525328 0.509218
V 150.489 106.229 2.093 0.525787 0.509214
V 151.489 106.229 2.272 0.526246 0.509211
V 152.489 106.229 2.446 0.526705 0.509207
V 153.489 106.229 2.539 0.527164 0.509203
V 154.489 106.229 2.525 0.527623 0.509200
V 155.489 106.229 2.450 0.528082 0.509196
V 10.403 85.580 10.196 0.461424 0.500219
V 10.833 85.855 10.245 0.461622 0.500343
V 11.263 86.129 10.293 0.461821 0.500468
V 11.693 86.403 10.335 0.462019 0.500593
V 12.124 86.678 10.351 0.462217 0.500718
V 12.554 86.952 10.364 0.462416 0.500843
V 12.984 87.226 10.347 0.462614 0.500968
V 13.414 87.501 10.330 0.462813 0.501092
V 13.844 87.775 10.314 0.463011 0.501217
V 14.274 88.049 10.278 0.463209 0.501342
V 14.811 88.079 10.181 0.463456 0.501354
V 15.348 88.109 10.083 0.463702 0.501366
V 15.885 88.139 9.957 0.463949 0.501378
V 16.422 88.169 9.838 0.464195 0.501390
V 16.958 88.200 9.719 0.464442 0.501401
V 17.495 88.230 9.586 0.464688 0.501413
V 18.032 88.260 9.458 0.464935 0.501425
V 18.569 88.290 9.341 0.465181 0.501437
V 19.106 88.320 9.300 0.465428 0.501449
V 19.606 88.376 9.266 0.465658 0.501473
V 20.107 88.431 9.237 0.465887 0.501496
V 20.607 88.487 9.222 0.466117 0.501520
V 21.108 88.543 9.204 0.466347 0.501544
V 21.608 88.598 9.186 0.466577 0.501568
V 22.109 88.654 9.166 0.466807 0.501592
V 22.609 88.710 9.146 0.467037 0.501615
V 23.110 88.765 9.119 0.467267 0.501639
V 23.610 88.821 9.097 0.467497 0.501663
V 24.111 88.877 9.076 0.467726 0.501687
V 24.611 88.932 9.046 0.467956 0.501711
V 25.111 88.988 9.015 0.468186 0.501734
V 25.612 89.044 8.981 0.468416 0.501758
V 26.112 89.099 8.942 0.468646 0.501782
V 26.613 89.155 8.886 0.468876 0.501806
V 27.113 89.211 8.831 0.469106 0.501830
V 27.614 89.266 8.774 0.469336 0.501853
V 28.114 89.322 8.714 0.469565 0.501877
V 28.615 89.378 8.650 0.469795 0.501901
V 29.115 89.433 8.586 0.470025 0.501925
V 29.616 89.489 8.525 0.470255 0.501949
V 30.116 89.545 8.464 0.470485 0.501972
V 30.617 89.600 8.400 0.470715 0.501996
V 31.117 89.656 8.328 0.470945 0.502020
V 31.618 89.712 8.248 0.471175 0.502044
V 32.118 89.767 8.167 0.471404 0.502068
V 32.618 89.823 8.077 0.471634 0.502091
V 33.119 89.879 7.986 0.471864 0.502115
V 33.619 89.934 7.895 0.472094 0.502139
V 34.120 89.990 7.809 0.472324 0.502163
V 34.620 90.046 7.722 0.472554 0.502187
V 35.121 90.101 7.638 0.472784 0.502210
V 35.621 90.157 7.554 0.473014 0.502234
V 36.122 90.213 7.470 0.473244 0.502258
V 36.622 90.268 7.396 0.473473 0.502282
V 37.123 90.324 7.316 0.473703 0.502306
V 37.623 90.380 7.230 0.473933 0.502329
V 38.134 90.464 7.146 0.474168 0.502366
V 38.644 90.549 7.062 0.474402 0.502403
V 39.155 90.633 6.995 0.474637 0.502440
V 39.666 90.718 6.940 0.474872 0.502478
V 40.176 90.802 6.869 0.475106 0.502515
V 40.687 90.887 6.860 0.475341 0.502552
V 41.197 90.971 6.853 0.475576 0.502589
V 41.708 91.056 6.847 0.475810 0.502626
V 42.219 91.140 6.836 0.476045 0.502663
V 42.729 91.225 6.809 0.476279 0.502700
V 43.240 91.309 6.783 0.476514 0.502737
V 43.750 91.394 6.756 0.476749 0.502774
V 44.261 91.478 6.706 0.476983 0.502811
V 44.772 91.563 6.633 0.477218 0.502848
V 45.282 91.647 6.559 0.477453 0.502885
V 45.793 91.732 6.462 0.477687 0.502922
V 46.303 91.816 6.345 0.477922 0.502959
V 46.814 91.901 6.227 0.478157 0.502996
V 47.325 91.985 6.113 0.478391 0.503033
V 47.835 92.070 5.999 0.478626 0.503070
V 48.339 92.084 5.850 0.478857 0.503075
V 48.844 92.098 5.704 0.479089 0.503080
V 49.348 92.112 5.587 0.479320 0.503084
V 49.852 92.126 5.497 0.479552 0.503089
V 50.356 92.141 5.417 0.479783 0.503094
V 50.860 92.155 5.339 0.480014 0.503098
V 51.365 92.169 5.239 0.480246 0.503103
V 51.869 92.183 5.158 0.480477 0.503108
V 52.373 92.197 5.081 0.480709 0.503112
V 52.877 92.211 4.990 0.480940 0.503117
V 53.381 92.225 4.911 0.481172 0.503121
V 53.886 92.240 4.839 0.481403 0.503126
V 54.390 92.254 4.774 0.481634 0.503131
V 54.894 92.268 4.720 0.481866 0.503135
V 55.398 92.282 4.666 0.482097 0.503140
V 55.902 92.296 4.608 0.482329 0.503145
V 56.407 92.310 4.563 0.482560 0.503149
V 56.911 92.324 4.521 0.482792 0.503154
V 57.415 92.339 4.479 0.483023 0.503159
V 57.919 92.353 4.446 0.483255 0.503163
V 58.423 92.367 4.415 0.483486 0.503168
V 58.928 92.381 4.387 0.483717 0.503173
V 59.432 92.395 4.371 0.483949 0.503177
V 59.936 92.409 4.357 0.484180 0.503182
V 60.440 92.423 4.342 0.484412 0.503186
V 60.944 92.438 4.332 0.484643 0.503191
V 61.449 92.452 4.323 0.484875 0.503196
V 61.953 92.466 4.315 0.485106 0.503200
V 62.457 92.480 4.303 0.485337 0.503205
V 62.972 92.527 4.296 0.485574 0.503225
V 63.488 92.575 4.288 0.485811 0.503245
V 64.003 92.622 4.273 0.486047 0.503265
V 64.518 92.670 4.258 0.486284 0.503285
V 65.034 92.717 4.234 0.486521 0.503305
V 65.549 92.764 4.187 0.486757 0.503325
V 66.064 92.812 4.153 0.486994 0.503345
V 66.580 92.859 4.113 0.487231 0.503365
V 67.095 92.907 4.037 0.487467 0.503385
V 67.610 92.954 3.962 0.487704 0.503404
V 68.126 93.002 3.885 0.487941 0.503424
V 68.641 93.049 3.806 0.488177 0.503444
V 69.156 93.096 3.728 0.488414 0.503464
V 69.672 93.144 3.655 0.488651 0.503484
V 70.187 93.191 3.590 0.488887 0.503504
V 70.702 93.239 3.526 0.489124 0.503524
V 71.218 93.286 3.482 0.489361 0.503544
V 71.733 93.334 3.442 0.489597 0.503564
V 72.248 93.381 3.401 0.489834 0.503584
V 72.764 93.428 3.377 0.490071 0.503604
V 73.279 93.476 3.375 0.490308 0.503624
V 73.794 93.523 3.376 0.490544 0.503644
V 74.310 93.571 3.404 0.490781 0.503664
V 74.825 93.618 3.449 0.491018 0.503684
V 75.341 93.665 3.477 0.491254 0.503704
V 75.856 93.713 3.533 0.491491 0.503724
V 76.371 93.760 3.606 0.491728 0.503743
V 76.880 93.689 3.655 0.491961 0.503709
V 77.389 93.617 3.743 0.492194 0.503674
V 77.897 93.546 3.838 0.492427 0.503639
V 78.406 93.475 3.932 0.492660 0.503604
V 78.915 93.403 4.059 0.492893 0.503569
V 79.423 93.332 4.202 0.493127 0.503535
V 79.932 93.260 4.345 0.493360 0.503500
V 80.441 93.189 4.493 0.493593 0.503465
V 80.949 93.117 4.645 0.493826 0.503430
V 81.458 93.046 4.797 0.494059 0.503395
V 81.967 92.974 4.939 0.494292 0.503361
V 82.475 92.903 5.082 0.494526 0.503326
V 82.984 92.832 5.225 0.494759 0.503291
V 83.493 92.760 5.323 0.494992 0.503256
V 84.001 92.689 5.419 0.495225 0.503221
V 84.510 92.617 5.516 0.495458 0.503186
V 85.019 92.546 5.562 0.495691 0.503152
V 85.527 92.474 5.611 0.495925 0.503117
V 86.036 92.403 5.673 0.496158 0.503082
V 86.545 92.331 5.689 0.496391 0.503047
V 87.053 92.260 5.704 0.496624 0.503012
V 87.568 92.261 5.727 0.496860 0.503011
V 88.082 92.262 5.729 0.497096 0.503009
V 88.596 92.263 5.732 0.497332 0.503008
V 89.111 92.264 5.732 0.497568 0.503007
V 89.625 92.265 5.727 0.497804 0.503005
V 90.139 92.266 5.719 0.498040 0.503004
V 90.654 92.267 5.710 0.498276 0.503002
V 91.168 92.268 5.699 0.498512 0.503001
V 91.682 92.269 5.691 0.498749 0.502999
V 92.197 92.270 5.685 0.498985 0.502998
V 92.711 92.271 5.680 0.499221 0.502996
V 93.225 92.272 5.672 0.499457 0.502995
V 93.740 92.273 5.664 0.499693 0.502993
V 94.254 92.274 5.658 0.499929 0.502992
V 94.768 92.275 5.645 0.500165 0.502990
V 95.283 92.275 5.631 0.500401 0.502989
V 95.797 92.276 5.615 0.500637 0.502988
V 96.312 92.277 5.601 0.500873 0.502986
V 96.826 92.278 5.579 0.501109 0.502985
V 97.340 92.279 5.554 0.501345 0.502983
V 97.855 92.280 5.533 0.501581 0.502982
V 98.369 92.281 5.507 0.501817 0.502980
V 98.883 92.282 5.476 0.502053 0.502979
V 99.398 92.283 5.437 0.502289 0.502977
V 99.912 92.284 5.400 0.502525 0.502976
V 100.426 92.285 5.364 0.502761 0.502974
V 100.941 92.286 5.328 0.502997 0.502973
V 101.455 92.287 5.287 0.503233 0.502971
V 101.969 92.288 5.247 0.503469 0.502970
V 102.484 92.289 5.208 0.503705 0.502968
V 102.998 92.290 5.160 0.503941 0.502967
V 103.505 92.332 5.117 0.504174 0.502985
V 104.012 92.374 5.074 0.504407 0.503002
V 104.519 92.417 5.025 0.504640 0.503020
V 105.026 92.459 4.976 0.504873 0.503037
V 105.533 92.501 4.924 0.505105 0.503055
V 106.040 92.543 4.863 0.505338 0.503072
V 106.547 92.586 4.809 0.505571 0.503090
V 107.054 92.628 4.755 0.505804 0.503108
V 107.561 92.670 4.694 0.506037 0.503125
V 108.067 92.712 4.632 0.506269 0.503143
V 108.574 92.754 4.572 0.506502 0.503160
V 109.081 92.797 4.516 0.506735 0.503178
V 109.588 92.839 4.458 0.506968 0.503195
V 110.095 92.881 4.400 0.507201 0.503213
V 110.602 92.923 4.343 0.507433 0.503231
V 111.109 92.965 4.287 0.507666 0.503248
V 111.616 93.008 4.231 0.507899 0.503266
V 112.123 93.050 4.174 0.508132 0.503283
V 112.630 93.092 4.116 0.508365 0.503301
V 113.137 93.134 4.060 0.508597 0.503318
V 113.644 93.177 4.005 0.508830 0.503336
V 114.151 93.219 3.951 0.509063 0.503354
V 114.658 93.261 3.891 0.509296 0.503371
V 115.165 93.303 3.836 0.509529 0.503389
V 115.672 93.345 3.782 0.509762 0.503406
V 116.179 93.388 3.727 0.509994 0.503424
V 116.686 93.430 3.674 0.510227 0.503441
V 117.191 93.472 3.624 0.510459 0.503459
V 117.695 93.514 3.576 0.510691 0.503477
V 118.200 93.556 3.534 0.510923 0.503494
V 118.705 93.598 3.485 0.511154 0.503512
V 119.210 93.640 3.433 0.511386 0.503529
V 119.715 93.682 3.384 0.511618 0.503547
V 120.220 93.724 3.340 0.511850 0.503564
V 120.724 93.766 3.292 0.512082 0.503582
V 121.229 93.808 3.241 0.512314 0.503599
V 121.734 93.851 3.186 0.512545 0.503617
V 122.239 93.893 3.127 0.512777 0.503634
V 122.744 93.935 3.064 0.513009 0.503652
V 123.248 93.977 3.002 0.513241 0.503669
V 123.753 94.019 2.937 0.513473 0.503687
V 124.258 94.061 2.869 0.513704 0.503704
V 124.763 94.103 2.798 0.513936 0.503722
V 125.268 94.145 2.719 0.514168 0.503739
V 125.773 94.187 2.640 0.514400 0.503757
V 126.277 94.229 2.560 0.514632 0.503774
V 126.782 94.271 2.466 0.514864 0.503792
V 127.287 94.313 2.373 0.515095 0.503809
V 127.792 94.355 2.280 0.515327 0.503827
V 128.297 94.397 2.186 0.515559 0.503844
V 128.801 94.439 2.092 0.515791 0.503862
V 129.306 94.482 1.997 0.516023 0.503879
V 129.811 94.524 1.904 0.516254 0.503897
V 130.316 94.566 1.813 0.516486 0.503914
V 130.821 94.608 1.722 0.516718 0.503932
V 131.326 94.650 1.621 0.516950 0.503949
V 131.841 94.699 1.514 0.517187 0.503970
V 132.357 94.748 1.406 0.517424 0.503991
V 132.872 94.796 1.291 0.517660 0.504011
V 133.388 94.845 1.177 0.517897 0.504032
V 133.904 94.894 1.063 0.518134 0.504052
V 134.419 94.943 0.948 0.518371 0.504073
V 134.935 94.992 0.836 0.518608 0.504094
V 135.451 95.041 0.725 0.518844 0.504114
V 135.966 95.090 0.615 0.519081 0.504135
V 136.482 95.139 0.511 0.519318 0.504156
V 136.997 95.188 0.409 0.519555 0.504176
V 137.513 95.237 0.319 0.519792 0.504197
V 138.029 95.285 0.224 0.520028 0.504217
V 138.544 95.334 0.124 0.520265 0.504238
V 139.060 95.383 0.033 0.520502 0.504259
V 139.576 95.432 -0.058 0.520739 0.504279
V 140.091 95.481 -0.149 0.520976 0.504300
V 140.607 95.530 -0.232 0.521212 0.504320
V 141.118 95.546 -0.318 0.521447 0.504326
V 141.628 95.562 -0.407 0.521681 0.504331
V 142.139 95.578 -0.491 0.521916 0.504337
V 142.650 95.594 -0.568 0.522150 0.504342
V 143.160 95.610 -0.651 0.522385 0.504348
V 143.671 95.626 -0.732 0.522619 0.504353
V 144.182 95.642 -0.802 0.522853 0.504359
V 144.692 95.658 -0.872 0.523088 0.504364
V 145.203 95.674 -0.943 0.523322 0.504370
V 145.714 95.690 -1.016 0.523557 0.504375
V 146.224 95.706 -1.113 0.523791 0.504381
V 146.735 95.722 -1.174 0.524025 0.504386
V 147.246 95.738 -1.235 0.524260 0.504392
V 147.756 95.755 -1.289 0.524494 0.504397
V 148.267 95.771 -1.337 0.524729 0.504403
V 148.778 95.787 -1.384 0.524963 0.504408
V 149.288 95.803 -1.418 0.525198 0.504414
V 149.799 95.819 -1.467 0.525432 0.504419
V 150.310 95.835 -1.516 0.525666 0.504425
V 150.820 95.851 -1.550 0.525901 0.504430
V 151.331 95.867 -1.585 0.526135 0.504436
V 151.842 95.883 -1.621 0.526370 0.504441
V 152.352 95.899 -1.639 0.526604 0.504447
V 152.863 95.915 -1.649 0.526838 0.504452
V 153.374 95.931 -1.659 0.527073 0.504458
V 153.884 95.947 -1.670 0.527307 0.504463
V 154.395 95.963 -1.681 0.527542 0.504469
V 154.906 95.979 -1.692 0.527776 0.504474
V 155.416 95.995 -1.699 0.528010 0.504480
V 155.927 96.011 -1.705 0.528245 0.504485
V 156.070 95.527 -1.786 0.528309 0.504262
V 156.213 95.044 -1.869 0.528373 0.504038
V 156.357 94.560 -1.952 0.528437 0.503815
V 156.500 94.076 -2.044 0.528501 0.503591
V 156.643 93.592 -2.147 0.528565 0.503368
V 156.786 93.108 -2.251 0.528628 0.503144
V 156.929 92.624 -2.351 0.528692 0.502921
V 157.073 92.141 -2.449 0.528756 0.502697
V 157.216 91.657 -2.556 0.528820 0.502474
V 157.359 91.173 -2.669 0.528884 0.502250
V 157.502 90.689 -2.791 0.528948 0.502027
V 157.645 90.205 -2.918 0.529012 0.501803
V 157.789 89.721 -3.061 0.529076 0.501580
V 157.932 89.238 -3.215 0.529140 0.501356
V 158.075 88.754 -3.375 0.529204 0.501133
V 158.409 88.345 -3.572 0.529355 0.500943
V 158.742 87.935 -3.784 0.529507 0.500753
V 159.076 87.526 -3.996 0.529659 0.500563
V 159.410 87.117 -4.207 0.529810 0.500374
V 159.744 86.708 -4.474 0.529962 0.500184
V 160.077 86.299 -4.764 0.530114 0.499994
V 160.411 85.889 -5.055 0.530265 0.499804
V 160.745 85.480 -5.348 0.530417 0.499614
V 161.078 85.071 -5.669 0.530568 0.499425
V 161.412 84.662 -6.028 0.530720 0.499235
V 161.746 84.253 -6.357 0.530872 0.499045
V 162.079 83.843 -6.681 0.531023 0.498855
V 162.413 83.434 -7.019 0.531175 0.498665
V 162.747 83.025 -7.361 0.531327 0.498476
V 162.580 82.586 -7.497 0.531249 0.498274
V 162.080 82.556 -7.308 0.531019 0.498262
V 161.580 82.527 -7.126 0.530789 0.498250
V 161.080 82.497 -6.943 0.530560 0.498238
V 160.580 82.467 -6.775 0.530330 0.498226
V 160.080 82.437 -6.609 0.530100 0.498215
V 159.580 82.408 -6.443 0.529871 0.498203
V 159.079 82.378 -6.292 0.529641 0.498191
V 158.579 82.348 -6.139 0.529411 0.498179
V 158.079 82.318 -5.986 0.529182 0.498167
V 157.579 82.289 -5.895 0.528952 0.498155
V 157.079 82.259 -5.801 0.528723 0.498144
V 156.579 82.229 -5.708 0.528493 0.498132
V 156.079 82.199 -5.706 0.528263 0.498120
V 155.578 82.170 -5.721 0.528034 0.498108
V 155.078 82.140 -5.688 0.527804 0.498096
V 154.578 82.110 -5.617 0.527574 0.498084
V 154.078 82.081 -5.628 0.527345 0.498072
V 153.578 82.051 -5.638 0.527115 0.498061
V 153.078 82.021 -5.588 0.526886 0.498049
V 152.578 81.991 -5.526 0.526656 0.498037
V 152.077 81.962 -5.426 0.526426 0.498025
V 151.577 81.932 -5.289 0.526197 0.498013
V 151.077 81.902 -5.141 0.525967 0.498001
V 150.577 81.872 -4.865 0.525737 0.497989
V 150.077 81.843 -4.639 0.525508 0.497978
V 149.577 81.813 -4.449 0.525278 0.497966
V 149.077 81.783 -4.285 0.525049 0.497954
V 148.576 81.753 -4.087 0.524819 0.497942
V 148.076 81.724 -3.918 0.524589 0.497930
V 147.576 81.694 -3.806 0.524360 0.497918
V 147.076 81.664 -3.700 0.524130 0.497906
V 146.576 81.634 -3.581 0.523900 0.497895
V 146.076 81.605 -3.366 0.523671 0.497883
V 145.576 81.575 -3.235 0.523441 0.497871
V 145.075 81.545 -3.078 0.523211 0.497859
V 144.575 81.515 -2.929 0.522982 0.497847
V 144.075 81.486 -2.780 0.522752 0.497835
V 143.575 81.456 -2.646 0.522523 0.497824
V 143.075 81.426 -2.514 0.522293 0.497812
V 142.575 81.396 -2.384 0.522063 0.497800
V 142.075 81.367 -2.256 0.521834 0.497788
V 141.574 81.337 -2.120 0.521604 0.497776
V 141.074 81.307 -1.995 0.521374 0.497764
V 140.574 81.277 -1.872 0.521145 0.497752
V 140.074 81.248 -1.746 0.520915 0.497741
V 139.574 81.218 -1.637 0.520686 0.497729
V 139.074 81.188 -1.532 0.520456 0.497717
V 138.574 81.158 -1.426 0.520226 0.497705
V 138.073 81.129 -1.307 0.519997 0.497693
V 137.573 81.099 -1.181 0.519767 0.497681
V 137.073 81.069 -1.057 0.519537 0.497669
V 136.573 81.039 -0.922 0.519308 0.497658
V 136.073 81.010 -0.779 0.519078 0.497646
V 135.573 80.980 -0.639 0.518849 0.497634
V 135.073 80.950 -0.489 0.518619 0.497622
V 134.572 80.921 -0.342 0.518389 0.497610
V 134.072 80.891 -0.195 0.518160 0.497598
V 133.572 80.861 -0.065 0.517930 0.497587
V 133.072 80.831 0.061 0.517700 0.497575
V 132.572 80.802 0.195 0.517471 0.497563
V 132.072 80.772 0.303 0.517241 0.497551
V 131.572 80.742 0.394 0.517011 0.497539
V 131.071 80.712 0.484 0.516782 0.497527
V 130.571 80.683 0.567 0.516552 0.497515
V 130.071 80.653 0.638 0.516323 0.497504
V 129.571 80.623 0.708 0.516093 0.497492
V 129.071 80.593 0.768 0.515863 0.497480
V 128.571 80.564 0.827 0.515634 0.497468
V 128.071 80.534 0.898 0.515404 0.497456
V 127.570 80.504 0.952 0.515174 0.497444
V 127.070 80.474 1.004 0.514945 0.497432
V 126.570 80.445 1.062 0.514715 0.497421
V 126.070 80.415 1.112 0.514486 0.497409
V 125.570 80.385 1.158 0.514256 0.497397
V 125.070 80.355 1.203 0.514026 0.497385
V 124.570 80.326 1.252 0.513797 0.497373
V 124.070 80.296 1.301 0.513567 0.497361
V 123.569 80.266 1.352 0.513337 0.497350
V 123.069 80.236 1.402 0.513108 0.497338
V 122.569 80.207 1.452 0.512878 0.497326
V 122.069 80.177 1.501 0.512648 0.497314
V 121.569 80.147 1.548 0.512419 0.497302
V 121.069 80.117 1.594 0.512189 0.497290
V 120.569 80.088 1.642 0.511960 0.497278
V 120.068 80.058 1.682 0.511730 0.497267
V 119.568 80.028 1.722 0.511500 0.497255
V 119.068 79.998 1.769 0.511271 0.497243
V 118.568 79.969 1.815 0.511041 0.497231
V 118.068 79.939 1.847 0.510811 0.497219
V 117.568 79.909 1.879 0.510582 0.497207
V 117.068 79.879 1.918 0.510352 0.497195
V 116.567 79.850 1.946 0.510123 0.497184
V 116.067 79.820 1.974 0.509893 0.497172
V 115.567 79.790 2.000 0.509663 0.497160
V 115.067 79.761 2.026 0.509434 0.497148
V 114.567 79.731 2.055 0.509204 0.497136
V 114.067 79.701 2.084 0.508974 0.497124
V 113.567 79.671 2.112 0.508745 0.497113
V 113.066 79.642 2.139 0.508515 0.497101
V 112.566 79.612 2.168 0.508286 0.497089
V 112.066 79.582 2.197 0.508056 0.497077
V 111.566 79.552 2.227 0.507826 0.497065
V 111.066 79.523 2.246 0.507597 0.497053
V 110.566 79.493 2.264 0.507367 0.497041
V 110.066 79.463 2.283 0.507137 0.497030
V 109.565 79.433 2.295 0.506908 0.497018
V 109.065 79.404 2.305 0.506678 0.497006
V 108.565 79.374 2.316 0.506448 0.496994
V 108.065 79.344 2.325 0.506219 0.496982
V 107.565 79.314 2.336 0.505989 0.496970
V 107.065 79.285 2.346 0.505760 0.496958
V 106.565 79.255 2.360 0.505530 0.496947
V 106.064 79.225 2.376 0.505300 0.496935
V 105.564 79.195 2.390 0.505071 0.496923
V 105.064 79.166 2.412 0.504841 0.496911
V 104.564 79.136 2.435 0.504611 0.496899
V 104.064 79.106 2.463 0.504382 0.496887
V 103.564 79.076 2.499 0.504152 0.496876
V 103.064 79.047 2.539 0.503923 0.496864
V 102.563 79.017 2.578 0.503693 0.496852
V 102.063 78.987 2.628 0.503463 0.496840
V 101.563 78.957 2.680 0.503234 0.496828
V 101.063 78.928 2.723 0.503004 0.496816
V 100.563 78.898 2.770 0.502774 0.496804
V 100.063 78.868 2.824 0.502545 0.496793
V 99.563 78.838 2.882 0.502315 0.496781
V 99.062 78.809 2.938 0.502086 0.496769
V 98.562 78.779 2.988 0.501856 0.496757
V 98.062 78.749 3.027 0.501626 0.496745
V 97.562 78.719 3.062 0.501397 0.496733
V 97.062 78.690 3.088 0.501167 0.496721
V 96.562 78.660 3.105 0.500937 0.496710
V 96.062 78.630 3.119 0.500708 0.496698
V 95.561 78.601 3.134 0.500478 0.496686
V 95.061 78.571 3.156 0.500248 0.496674
V 94.561 78.541 3.155 0.500019 0.496662
V 94.061 78.511 3.150 0.499789 0.496650
V 93.561 78.482 3.153 0.499560 0.496639
V 93.061 78.452 3.132 0.499330 0.496627
V 92.561 78.422 3.108 0.499100 0.496615
V 92.060 78.392 3.091 0.498871 0.496603
V 91.560 78.363 3.059 0.498641 0.496591
V 91.060 78.333 3.013 0.498411 0.496579
V 90.560 78.303 2.966 0.498182 0.496567
V 90.060 78.273 2.915 0.497952 0.496556
V 89.560 78.244 2.863 0.497723 0.496544
V 89.060 78.214 2.811 0.497493 0.496532
V 88.559 78.184 2.755 0.497263 0.496520
V 88.059 78.154 2.699 0.497034 0.496508
V 87.559 78.125 2.642 0.496804 0.496496
V 87.059 78.095 2.572 0.496574 0.496484
V 86.559 78.065 2.501 0.496345 0.496473
V 86.059 78.035 2.430 0.496115 0.496461
V 85.559 78.006 2.324 0.495886 0.496449
V 85.059 77.976 2.215 0.495656 0.496437
V 84.558 77.946 2.105 0.495426 0.496425
V 84.058 77.916 1.900 0.495197 0.496413
V 83.558 77.887 1.682 0.494967 0.496402
V 83.058 77.857 1.479 0.494737 0.496390
V 82.558 77.827 1.301 0.494508 0.496378
V 82.058 77.797 1.115 0.494278 0.496366
V 81.558 77.768 0.957 0.494048 0.496354
V 81.057 77.738 0.847 0.493819 0.496342
V 80.557 77.708 0.736 0.493589 0.496330
V 80.057 77.678 0.602 0.493360 0.496319
V 79.557 77.649 0.504 0.493130 0.496307
V 79.057 77.619 0.443 0.492900 0.496295
V 78.557 77.589 0.381 0.492671 0.496283
V 78.057 77.560 0.341 0.492441 0.496271
V 77.556 77.530 0.315 0.492211 0.496259
V 77.056 77.500 0.288 0.491982 0.496247
V 76.556 77.470 0.285 0.491752 0.496236
V 76.056 77.441 0.284 0.491523 0.496224
V 75.556 77.411 0.284 0.491293 0.496212
V 75.056 77.381 0.299 0.491063 0.496200
V 74.556 77.351 0.316 0.490834 0.496188
V 74.055 77.322 0.336 0.490604 0.496176
V 73.555 77.292 0.366 0.490374 0.496164
V 73.055 77.262 0.394 0.490145 0.496153
V 72.555 77.232 0.420 0.489915 0.496141
V 72.055 77.203 0.439 0.489685 0.496129
V 71.555 77.173 0.467 0.489456 0.496117
V 71.055 77.143 0.503 0.489226 0.496105
V 70.554 77.113 0.526 0.488997 0.496093
V 70.054 77.084 0.548 0.488767 0.496082
V 69.554 77.054 0.568 0.488537 0.496070
V 69.054 77.024 0.598 0.488308 0.496058
V 68.554 76.994 0.629 0.488078 0.496046
V 68.054 76.965 0.656 0.487848 0.496034
V 67.554 76.935 0.698 0.487619 0.496022
V 67.053 76.905 0.756 0.487389 0.496010
V 66.553 76.875 0.814 0.487160 0.495999
V 66.053 76.846 0.903 0.486930 0.495987
V 65.553 76.816 0.996 0.486700 0.495975
V 65.053 76.786 1.084 0.486471 0.495963
V 64.553 76.756 1.193 0.486241 0.495951
V 64.053 76.727 1.304 0.486011 0.495939
V 63.552 76.697 1.415 0.485782 0.495927
V 63.052 76.667 1.524 0.485552 0.495916
V 62.552 76.637 1.637 0.485323 0.495904
V 62.052 76.608 1.750 0.485093 0.495892
V 61.552 76.578 1.866 0.484863 0.495880
V 61.052 76.548 1.983 0.484634 0.495868
V 60.552 76.518 2.100 0.484404 0.495856
V 60.051 76.489 2.225 0.484174 0.495845
V 59.551 76.459 2.350 0.483945 0.495833
V 59.051 76.429 2.476 0.483715 0.495821
V 58.551 76.400 2.599 0.483485 0.495809
V 58.051 76.370 2.722 0.483256 0.495797
V 57.551 76.340 2.845 0.483026 0.495785
V 57.051 76.310 2.960 0.482797 0.495773
V 56.550 76.281 3.075 0.482567 0.495762
V 56.050 76.251 3.192 0.482337 0.495750
V 55.550 76.221 3.302 0.482108 0.495738
V 55.050 76.191 3.411 0.481878 0.495726
V 54.550 76.162 3.524 0.481648 0.495714
V 54.050 76.132 3.630 0.481419 0.495702
V 53.550 76.102 3.727 0.481189 0.495690
V 53.049 76.072 3.824 0.480960 0.495679
V 52.549 76.043 3.907 0.480730 0.495667
V 52.049 76.013 3.989 0.480500 0.495655
V 51.549 75.983 4.081 0.480271 0.495643
V 51.049 75.953 4.163 0.480041 0.495631
V 50.549 75.924 4.238 0.479811 0.495619
V 50.049 75.894 4.313 0.479582 0.495608
V 49.549 75.864 4.380 0.479352 0.495596
V 49.048 75.834 4.445 0.479123 0.495584
V 48.548 75.805 4.510 0.478893 0.495572
V 48.048 75.775 4.561 0.478663 0.495560
V 47.548 75.745 4.612 0.478434 0.495548
V 47.048 75.715 4.666 0.478204 0.495536
V 46.548 75.686 4.708 0.477974 0.495525
V 46.048 75.656 4.748 0.477745 0.495513
V 45.547 75.626 4.786 0.477515 0.495501
V 45.047 75.596 4.821 0.477285 0.495489
V 44.547 75.567 4.856 0.477056 0.495477
V 44.047 75.537 4.896 0.476826 0.495465
V 43.547 75.507 4.918 0.476597 0.495453
V 43.047 75.477 4.923 0.476367 0.495442
V 42.547 75.448 4.925 0.476137 0.495430
V 42.046 75.418 4.921 0.475908 0.495418
V 41.546 75.388 4.916 0.475678 0.495406
V 41.046 75.358 4.916 0.475448 0.495394
V 40.546 75.329 4.922 0.475219 0.495382
V 40.046 75.299 4.924 0.474989 0.495371
V 39.546 75.269 4.927 0.474760 0.495359
V 39.046 75.240 4.942 0.474530 0.495347
V 38.545 75.210 4.957 0.474300 0.495335
V 38.045 75.180 4.972 0.474071 0.495323
V 37.545 75.150 5.006 0.473841 0.495311
V 37.045 75.121 5.042 0.473611 0.495299
V 36.545 75.091 5.078 0.473382 0.495288
V 36.045 75.061 5.135 0.473152 0.495276
V 35.545 75.031 5.194 0.472923 0.495264
V 35.044 75.002 5.254 0.472693 0.495252
V 34.544 74.972 5.318 0.472463 0.495240
V 34.044 74.942 5.384 0.472234 0.495228
V 33.544 74.912 5.449 0.472004 0.495216
V 33.044 74.883 5.524 0.471774 0.495205
V 32.544 74.853 5.602 0.471545 0.495193
V 32.044 74.823 5.679 0.471315 0.495181
V 31.543 74.793 5.764 0.471085 0.495169
V 31.043 74.764 5.849 0.470856 0.495157
V 30.543 74.734 5.933 0.470626 0.495145
V 30.043 74.704 6.017 0.470397 0.495134
V 29.543 74.674 6.101 0.470167 0.495122
V 29.043 74.645 6.185 0.469937 0.495110
V 28.543 74.615 6.261 0.469708 0.495098
V 28.042 74.585 6.337 0.469478 0.495086
V 27.542 74.555 6.410 0.469248 0.495074
V 27.042 74.526 6.471 0.469019 0.495062
V 26.542 74.496 6.529 0.468789 0.495051
V 26.042 74.466 6.587 0.468560 0.495039
V 25.542 74.436 6.646 0.468330 0.495027
V 25.042 74.407 6.699 0.468100 0.495015
V 24.541 74.377 6.750 0.467871 0.495003
V 24.041 74.347 6.798 0.467641 0.494991
V 23.541 74.317 6.847 0.467411 0.494979
V 23.041 74.288 6.903 0.467182 0.494968
V 22.541 74.258 6.954 0.466952 0.494956
V 22.041 74.228 7.004 0.466723 0.494944
V 21.541 74.198 7.053 0.466493 0.494932
V 21.040 74.169 7.104 0.466263 0.494920
V 20.651 74.560 7.175 0.466086 0.495102
V 20.261 74.951 7.246 0.465909 0.495283
V 19.872 75.342 7.311 0.465731 0.495465
V 19.482 75.733 7.373 0.465554 0.495647
V 19.093 76.124 7.435 0.465377 0.495828
V 18.703 76.515 7.497 0.465199 0.496010
V 18.314 76.905 7.571 0.465022 0.496192
V 17.970 77.283 7.645 0.464866 0.496367
V 17.626 77.660 7.734 0.464709 0.496542
V 17.282 78.037 7.829 0.464553 0.496717
V 16.938 78.414 7.941 0.464396 0.496892
V 16.594 78.791 8.069 0.464240 0.497067
V 16.250 79.168 8.200 0.464083 0.497242
V 15.906 79.546 8.337 0.463927 0.497417
V 15.562 79.923 8.500 0.463770 0.497592
V 15.218 80.300 8.672 0.463614 0.497767
V 14.874 80.677 8.846 0.463458 0.497942
V 14.530 81.054 9.022 0.463301 0.498118
V 14.186 81.431 9.211 0.463145 0.498293
V 13.842 81.809 9.381 0.462988 0.498468
V 13.499 82.186 9.527 0.462832 0.498643
V 13.155 82.563 9.641 0.462675 0.498818
V 12.811 82.940 9.744 0.462519 0.498993
V 12.467 83.317 9.843 0.462362 0.499168
V 12.123 83.694 9.900 0.462206 0.499343
V 11.779 84.072 9.955 0.462050 0.499518
V 11.435 84.449 10.005 0.461893 0.499693
V 11.091 84.826 10.071 0.461737 0.499868
V 10.747 85.203 10.134 0.461580 0.500044
V 147.879 66.735 -6.940 0.524444 0.491024
V 146.880 66.676 -6.715 0.523985 0.491000
V 145.881 66.617 -6.598 0.523526 0.490976
V 144.881 66.557 -6.517 0.523067 0.490953
V 143.882 66.498 -6.214 0.522608 0.490929
V 142.882 66.438 -5.851 0.522149 0.490905
V 141.883 66.379 -5.478 0.521690 0.490882
V 140.883 66.319 -5.346 0.521231 0.490858
V 139.884 66.260 -5.713 0.520773 0.490834
V 138.885 66.201 -6.158 0.520314 0.490811
V 137.885 66.141 -6.455 0.519855 0.490787
V 136.886 66.082 -6.624 0.519396 0.490763
V 135.886 66.022 -6.491 0.518937 0.490740
V 134.887 65.963 -6.017 0.518478 0.490716
V 133.887 65.903 -5.344 0.518019 0.490692
V 132.888 65.844 -4.444 0.517560 0.490669
V 131.889 65.784 -3.783 0.517102 0.490645
V 130.889 65.725 -3.274 0.516643 0.490621
V 129.890 65.666 -2.784 0.516184 0.490597
V 128.890 65.606 -2.321 0.515725 0.490574
V 127.891 65.547 -1.866 0.515266 0.490550
V 126.891 65.487 -1.448 0.514807 0.490526
V 125.892 65.428 -1.121 0.514348 0.490503
V 124.892 65.368 -0.871 0.513889 0.490479
V 123.893 65.309 -0.706 0.513431 0.490455
V 122.894 65.250 -0.562 0.512972 0.490432
V 121.894 65.190 -0.437 0.512513 0.490408
V 120.895 65.131 -0.327 0.512054 0.490384
V 119.895 65.071 -0.177 0.511595 0.490361
V 118.896 65.012 -0.038 0.511136 0.490337
V 117.896 64.952 0.177 0.510677 0.490313
V 116.897 64.893 0.351 0.510219 0.490290
V 115.898 64.833 0.520 0.509760 0.490266
V 114.898 64.774 0.586 0.509301 0.490242
V 113.899 64.715 0.612 0.508842 0.490219
V 112.899 64.655 0.614 0.508383 0.490195
V 111.900 64.596 0.612 0.507924 0.490171
V 110.900 64.536 0.627 0.507465 0.490148
V 109.901 64.477 0.649 0.507006 0.490124
V 108.901 64.417 0.671 0.506548 0.490100
V 107.902 64.358 0.687 0.506089 0.490077
V 106.903 64.299 0.697 0.505630 0.490053
V 105.903 64.239 0.706 0.505171 0.490029
V 104.904 64.180 0.699 0.504712 0.490005
V 103.904 64.120 0.678 0.504253 0.489982
V 102.905 64.061 0.655 0.503794 0.489958
V 101.905 64.001 0.667 0.503335 0.489934
V 100.906 63.942 0.712 0.502877 0.489911
V 99.907 63.883 0.760 0.502418 0.489887
V 98.907 63.823 0.783 0.501959 0.489863
V 97.908 63.764 0.781 0.501500 0.489840
V 96.908 63.704 0.737 0.501041 0.489816
V 95.909 63.645 0.677 0.500582 0.489792
V 94.909 63.585 0.654 0.500123 0.489769
V 93.910 63.526 0.673 0.499664 0.489745
V 92.910 63.466 0.641 0.499206 0.489721
V 91.911 63.407 0.595 0.498747 0.489698
V 90.912 63.348 0.400 0.498288 0.489674
V 89.912 63.288 0.206 0.497829 0.489650
V 88.913 63.229 -0.136 0.497370 0.489627
V 87.913 63.169 -0.555 0.496911 0.489603
V 86.914 63.110 -1.043 0.496452 0.489579
V 85.914 63.050 -1.581 0.495993 0.489556
V 84.915 62.991 -1.988 0.495535 0.489532
V 83.916 62.932 -2.226 0.495076 0.489508
V 82.916 62.872 -2.343 0.494617 0.489485
V 81.917 62.813 -2.252 0.494158 0.489461
V 80.917 62.753 -2.079 0.493699 0.489437
V 79.918 62.694 -1.895 0.493240 0.489413
V 78.918 62.634 -1.650 0.492781 0.489390
V 77.919 62.575 -1.298 0.492323 0.489366
V 76.919 62.515 -0.965 0.491864 0.489342
V 75.920 62.456 -0.596 0.491405 0.489319
V 74.921 62.397 -0.268 0.490946 0.489295
V 73.921 62.337 0.021 0.490487 0.489271
V 72.922 62.278 0.168 0.490028 0.489248
V 71.922 62.218 0.298 0.489569 0.489224
V 70.923 62.159 0.393 0.489110 0.489200
V 69.923 62.099 0.503 0.488652 0.489177
V 68.924 62.040 0.653 0.488193 0.489153
V 67.925 61.981 0.785 0.487734 0.489129
V 66.925 61.921 0.975 0.487275 0.489106
V 65.926 61.862 1.190 0.486816 0.489082
V 64.926 61.802 1.429 0.486357 0.489058
V 63.927 61.743 1.684 0.485898 0.489035
V 62.927 61.683 1.941 0.485439 0.489011
V 61.928 61.624 2.202 0.484981 0.488987
V 60.929 61.564 2.450 0.484522 0.488964
V 59.929 61.505 2.704 0.484063 0.488940
V 58.930 61.446 2.961 0.483604 0.488916
V 57.930 61.386 3.231 0.483145 0.488892
V 56.931 61.327 3.462 0.482686 0.488869
V 55.931 61.267 3.658 0.482227 0.488845
V 54.932 61.208 3.816 0.481768 0.488821
V 53.932 61.148 3.959 0.481310 0.488798
V 52.933 61.089 4.104 0.480851 0.488774
V 51.934 61.030 4.230 0.480392 0.488750
V 50.934 60.970 4.313 0.479933 0.488727
V 49.935 60.911 4.374 0.479474 0.488703
V 48.935 60.851 4.416 0.479015 0.488679
V 47.936 60.792 4.450 0.478556 0.488656
V 46.936 60.732 4.483 0.478097 0.488632
V 45.937 60.673 4.515 0.477639 0.488608
V 44.938 60.613 4.546 0.477180 0.488585
V 43.938 60.554 4.593 0.476721 0.488561
V 42.939 60.495 4.656 0.476262 0.488537
V 41.939 60.435 4.715 0.475803 0.488514
V 40.940 60.376 4.804 0.475344 0.488490
V 39.940 60.316 4.912 0.474885 0.488466
V 38.941 60.257 5.024 0.474427 0.488443
V 37.941 60.197 5.158 0.473968 0.488419
V 36.942 60.138 5.306 0.473509 0.488395
V 35.943 60.079 5.449 0.473050 0.488372
V 34.943 60.019 5.583 0.472591 0.488348
V 33.944 59.960 5.711 0.472132 0.488324
V 32.944 59.900 5.839 0.471673 0.488300
V 31.945 59.841 5.964 0.471214 0.488277
V 30.945 59.781 6.081 0.470756 0.488253
V 29.946 59.722 6.172 0.470297 0.488229
V 28.947 59.663 6.278 0.469838 0.488206
V 27.947 59.603 6.367 0.469379 0.488182
V 26.948 59.544 6.408 0.468920 0.488158
F 6747 6604 5284
F 7881 6747 8002
F 6747 7881 7755
F 6747 7755 7623
F 2708 2707 2623
F 5439 5589 5588
F 83 80 82
F 41 718 782
F 6337 6490 6180
F 5285 5440 5439
F 5134 5439 5588
F 5134 5285 5439
F 5135 5134 4988
F 4855 4854 4716
F 4988 4854 4989
F 84 83 82
F 120 110 79
F 110 120 119
F 89 83 90
F 41 974 1038
F 537 436 485
F 5736 5587 5284
F 6604 6489 5284
F 6489 6336 5284
F 278 346 308
F 346 278 68
F 278 254 72
F 2330 5133 5284
F 42 848 847
F 844 41 782
F 1314 1171 1243
F 6181 6337 6180
F 537 309 347
F 88 98 80
F 83 88 80
F 89 88 83
F 390 537 347
F 390 436 537
F 656 718 41
F 210 73 198
F 8537 5586 5735
F 6030 5886 5284
F 5886 5736 5284
F 389 346 68
F 389 388 346
F 8894 8895 1672
F 8894 1673 1695
F 1673 8894 1672
F 270 296 72
F 510 461 511
F 307 278 308
F 277 254 278
F 8141 8182 8140
F 6115 5960 6265
F 2156 4502 4501
F 85 84 82
F 86 85 82
F 101 102 79
F 110 101 79
F 100 101 110
F 8896 8895 2795
F 1672 8896 1671
F 8895 8896 1672
F 4852 4715 4853
F 1242 1170 1102
F 1384 1242 1603
F 784 42 847
F 785 848 42
F 1103 41 1038
F 1104 1103 1038
F 1171 1103 1172
F 1171 1385 1458
F 1314 1385 1171
F 2557 2624 2623
F 1458 2557 2623
F 210 224 73
F 255 279 537
F 279 309 537
F 4716 4573 4717
F 4431 4573 4716
F 4153 3878 4017
F 6605 6491 6492
F 6491 6605 6490
F 76 160 148
F 98 108 80
F 108 148 80
F 108 117 148
F 121 120 79
F 908 974 41
F 908 975 974
F 844 908 41
F 974 1039 1038
F 5587 5438 5284
F 8536 2323 8537
F 8177 8113 8114
F 7195 7044 6747
F 6332 6485 8525
F 4152 4016 3323
F 2283 7029 7030
F 595 484 68
F 389 484 435
F 484 389 68
F 1639 8 1586
F 251 270 72
F 270 251 271
F 270 297 296
F 510 509 461
F 254 253 72
F 300 67 334
F 8182 8142 8143
F 8142 8182 8141
F 5523 5214 5372
F 5214 5523 5522
F 6264 6115 6265
F 8129 8130 8181
F 8181 8130 8131
F 8178 8121 8122
F 5214 5215 5372
F 245 264 263
F 87 86 82
F 2146 4507 4506
F 2794 8896 2795
F 8896 8897 1671
F 8897 1670 1671
F 8897 2794 2793
F 2794 8897 8896
F 8944 1551 1605
F 8944 1550 1551
F 327 295 328
F 295 294 70
F 294 293 70
F 367 366 328
F 368 367 328
F 1718 1717 12
F 8226 8207 8208
F 1315 1314 1243
F 846 784 847
F 321 359 65
F 2467 2480 2479
F 1386 1385 1314
F 1385 1459 1458
F 1459 8977 1458
F 8977 1459 8976
F 2510 2509 2479
F 2557 2509 2558
F 2479 2509 1458
F 2509 2557 1458
F 4574 4573 4431
F 4292 4153 4293
F 4153 4292 4431
F 3324 3459 3596
F 117 127 148
F 76 149 160
F 149 76 138
F 73 185 198
F 172 185 73
F 148 159 73
F 159 172 73
F 160 159 148
F 919 986 34
F 722 785 42
F 657 720 719
F 720 657 49
F 238 256 255
F 238 255 73
F 224 238 73
F 259 69 258
F 69 259 282
F 313 69 282
F 69 313 312
F 200 213 212
F 213 200 74
F 5438 8542 5284
F 5133 5132 4987
F 5884 8533 8534
F 8535 5884 8534
F 6179 6030 5284
F 6336 6179 5284
F 6175 8527 8528
F 8527 6175 6332
F 6027 8531 8532
F 8533 6027 8532
F 6027 5884 6028
F 5884 6027 8533
F 8531 2318 8532
F 8001 8002 8114
F 7040 7039 8517
F 6742 8519 8520
F 6896 6746 6747
F 7044 6896 6747
F 6485 8524 8525
F 8524 6485 8523
F 2309 8524 8523
F 8526 8525 2311
F 8526 6332 8525
F 8526 8527 6332
F 4016 3877 3323
F 346 345 308
F 345 344 308
F 344 343 308
F 973 907 843
F 16 973 1102
F 536 595 594
F 536 484 595
F 484 483 435
F 2797 8894 1695
F 1673 8893 1695
F 8893 1673 1674
F 8893 2797 1695
F 252 251 72
F 253 252 72
F 306 305 278
F 307 306 278
F 566 565 511
F 52 567 628
F 6707 2231 6706
F 7013 7012 6866
F 8075 8139 8074
F 8139 8068 8069
F 8068 8139 8067
F 8139 8066 8067
F 8182 8139 8140
F 8148 8182 8147
F 8178 8123 8124
F 8123 8178 8122
F 5359 5358 5059
F 4916 4915 4780
F 4641 4642 4780
F 4641 4915 4640
F 4915 4641 4780
F 2157 2156 4501
F 8718 4210 8717
F 4351 8713 4350
F 2154 8713 4351
F 2154 4503 4502
F 4352 8711 4351
F 8711 4352 8710
F 8117 8118 8178
F 4492 2174 4493
F 71 264 245
F 233 71 232
F 75 195 182
F 195 75 196
F 213 201 214
F 201 213 74
F 87 97 96
F 81 97 82
F 97 87 82
F 95 87 96
F 126 78 136
F 170 158 171
F 147 146 136
F 78 147 136
F 147 78 171
F 158 147 171
F 4356 8703 4355
F 8703 8704 4355
F 2146 8704 4507
F 8932 1611 1612
F 1606 8941 2548
F 8940 8941 1607
F 1552 8941 1606
F 8943 8944 1605
F 2547 8943 1605
F 1405 1406 17
F 1405 1478 1404
F 1478 1405 17
F 222 209 223
F 209 197 223
F 269 250 70
F 293 269 70
F 237 223 70
F 250 237 70
F 1724 1718 1725
F 8858 1724 1725
F 1655 1603 12
F 1532 1384 1603
F 1030 1093 1029
F 1093 1030 32
F 1030 1094 32
F 1160 1093 32
F 1094 1162 32
F 1640 1639 1586
F 8209 8226 8208
F 8209 8176 8177
F 8176 8209 8175
F 8073 8139 8072
F 8139 8073 8074
F 7945 7946 8060
F 8062 8139 8061
F 7947 7948 8061
F 359 402 65
F 992 926 35
F 1173 25 1172
F 25 1244 1172
F 1244 25 1245
F 2469 8977 8976
F 8977 2469 2468
F 2470 2469 8976
F 8978 2479 1458
F 8978 2467 2479
F 8977 8978 1458
F 2467 8978 2468
F 8978 8977 2468
F 8975 2470 8976
F 8975 1459 1460
F 1459 8975 8976
F 4292 4432 4431
F 3878 3736 3879
F 3737 3736 3596
F 3736 4153 3596
F 4153 3736 3878
F 4433 4432 4292
F 5308 5309 5463
F 5146 4999 5000
F 4573 4718 4717
F 2492 8966 2493
F 8972 1461 1462
F 1465 8966 1535
F 8966 1465 1466
F 3460 3459 3324
F 3190 3324 3596
F 3058 3190 3596
F 137 76 148
F 127 137 148
F 76 137 138
F 149 161 160
F 200 187 74
F 599 658 49
F 445 493 444
F 658 721 49
F 721 720 49
F 721 722 42
F 720 721 784
F 784 721 42
F 258 281 257
F 69 281 258
F 281 312 311
F 281 69 312
F 5584 2322 5733
F 2322 2323 8536
F 2321 8534 5733
F 2321 8535 8534
F 2322 2321 5733
F 2321 2322 8535
F 8534 2320 5733
F 8533 2320 8534
F 2330 8544 5133
F 8552 8553 4984
F 8551 8552 4984
F 4985 8551 4984
F 2323 5585 8537
F 5585 2324 8537
F 2324 5585 5437
F 2322 5585 2323
F 5585 2322 5584
F 5586 8539 5587
F 8541 8542 5438
F 5283 5437 5282
F 5283 2326 5437
F 2334 5283 5282
F 5283 2334 2333
F 5132 4986 4987
F 4987 4986 4853
F 4986 8549 4985
F 8549 4986 8548
F 5734 8537 5735
F 5734 8536 8537
F 5734 5884 8535
F 5734 2322 8536
F 2322 5734 8535
F 2314 8529 8528
F 8529 6175 8528
F 6175 8530 6176
F 8530 6027 6176
F 6027 8530 8531
F 8529 8530 6175
F 2319 2318 5883
F 5732 2319 5883
F 2319 8533 8532
F 2318 2319 8532
F 2319 2320 8533
F 2319 5732 5733
F 2320 2319 5733
F 7343 7195 6747
F 8521 6742 8520
F 2268 2269 8482
F 2268 6875 2269
F 2276 7026 2277
F 7026 7027 2277
F 8490 2276 2277
F 8525 2310 2311
F 8524 2310 8525
F 2310 6331 2311
F 2310 8524 2309
F 6600 6599 6485
F 6485 6599 8523
F 8521 6599 6742
F 6331 2312 2311
F 2312 8526 2311
F 8526 2312 8527
F 5578 5427 5428
F 5578 5726 5725
F 5726 5578 5428
F 4152 4151 4016
F 6592 6734 6477
F 6734 6592 6735
F 6478 6592 6477
F 2283 2282 7029
F 8496 2282 2283
F 2284 2283 7030
F 8494 7180 8493
F 8492 2279 8493
F 7028 2279 7027
F 62 477 429
F 972 907 973
F 16 972 973
F 1101 16 1102
F 781 56 843
F 595 655 594
F 56 655 595
F 1034 15 1033
F 1033 15 1096
F 8 1517 1586
F 2797 2796 8894
F 8895 2796 2795
F 2796 8895 8894
F 1638 1585 1639
F 1585 8 1639
F 277 276 254
F 276 275 254
F 301 67 300
F 343 342 308
F 567 512 568
F 512 567 60
F 335 377 67
F 301 335 67
F 1434 1433 1362
F 7 1633 1580
F 1633 1632 1580
F 1634 1633 7
F 1511 1581 7
F 1581 1634 7
F 1510 1511 7
F 1510 7 1580
F 20 1434 1362
F 1224 21 1295
F 21 1225 1296
F 1225 21 1224
F 8450 7013 6866
F 8450 8451 7013
F 6705 2227 6571
F 2223 8438 8437
F 8438 6860 8437
F 2225 6570 6571
F 6569 6570 2223
F 8591 4831 4832
F 6434 2035 6433
F 2466 6569 2223
F 2466 6568 6569
F 6568 2466 2465
F 8187 8210 8186
F 8189 8190 8210
F 8182 8183 8210
F 8183 8184 8210
F 8182 8146 8147
F 8145 8146 8182
F 6115 5959 5960
F 4931 5076 5075
F 4797 4931 5075
F 5074 4930 4795
F 4930 4794 4795
F 1990 6673 6674
F 6673 1990 1989
F 1990 8356 1989
F 8132 8181 8131
F 8132 8133 8181
F 6812 8344 6813
F 8127 8128 8181
F 8128 8129 8181
F 2166 4497 4496
F 2166 8725 8724
F 8721 4208 4209
F 8725 4207 8724
F 4210 8719 4209
F 8719 4210 8718
F 2159 8718 8717
F 2158 2157 4501
F 4500 2158 4501
F 2159 2158 4500
F 2158 2159 8717
F 2156 8715 4350
F 2157 8715 2156
F 2150 2149 4505
F 8709 4352 4353
F 4352 8709 8710
F 8709 2151 8710
F 2151 8709 2150
F 2156 2155 4502
F 2155 2154 4502
F 2155 8713 2154
F 2153 4503 2154
F 2173 2172 4493
F 2174 2173 4493
F 4492 2175 2174
F 1051 986 1052
F 986 1051 34
F 2100 4809 4808
F 5524 5523 5372
F 4796 5074 4795
F 2102 4808 4807
F 5077 4933 5078
F 4933 5077 4932
F 246 71 233
F 71 246 264
F 71 231 232
F 231 71 245
F 189 201 74
F 95 94 87
F 78 116 81
F 126 116 78
F 8701 4356 4357
F 2143 8701 2142
F 8705 4354 4355
F 8704 8705 4355
F 8705 8704 2146
F 8704 2145 4507
F 2145 8704 8703
F 2145 2144 4507
F 2144 2145 8703
F 2141 4650 2142
F 2141 2140 4650
F 8697 4359 8696
F 4359 8697 4358
F 4652 2136 4653
F 2137 2136 4652
F 2792 8898 2793
F 8898 8897 2793
F 8898 2792 8899
F 8898 8899 1670
F 8897 8898 1670
F 1613 8930 1612
F 8931 8932 1612
F 8930 8931 1612
F 8931 8930 2608
F 1660 1661 8912
F 1661 8911 8912
F 8941 2549 2548
F 2549 8941 8940
F 1556 1 1609
F 1 1556 1610
F 1608 8939 1607
F 1551 8942 1605
F 8942 1552 1606
F 1552 8942 1551
F 8942 2547 1605
F 8942 1606 2548
F 2547 8942 2548
F 2546 2545 8944
F 8943 2546 8944
F 2546 8943 2547
F 1479 1550 17
F 1406 1479 17
F 223 184 171
F 197 184 223
F 292 269 293
F 1058 992 35
F 8553 4983 4984
F 4291 4152 3323
F 4430 4291 3323
F 3057 8857 1725
F 8857 8858 1725
F 1717 1694 12
F 1694 1655 12
F 1532 1457 1384
F 3189 3188 3057
F 3189 1725 3323
F 3189 3057 1725
F 40 900 899
F 900 40 836
F 835 40 899
F 40 835 836
F 1157 1156 1090
F 31 1157 1090
F 1161 1160 32
F 1162 1161 32
F 1030 1031 1094
F 8070 8139 8069
F 2068 2449 2067
F 320 321 65
F 358 320 65
F 401 358 65
F 402 401 65
F 926 927 35
F 1388 24 1389
F 24 1388 1316
F 1317 24 1316
F 24 1317 1389
F 1461 8974 1460
F 8974 8975 1460
F 4441 8840 4584
F 3878 4018 4017
F 4155 4154 4017
F 4154 4153 4017
F 5451 5452 1958
F 7756 7882 7624
F 8852 8853 5146
F 1944 1943 4867
F 1944 1945 8845
F 8844 1944 8845
F 1944 8844 1943
F 1943 8844 8843
F 1942 4729 4867
F 1943 1942 4867
F 1942 1943 8843
F 4729 1939 4585
F 4729 4868 4867
F 5002 5001 4867
F 5001 1944 4867
F 1944 5001 1945
F 7887 8003 7886
F 8006 8007 8115
F 8005 8006 8115
F 5296 5145 5146
F 6493 6605 6492
F 6898 6899 7045
F 6605 6606 6748
F 2493 8965 2494
F 8966 8965 2493
F 1463 8971 1462
F 8971 8972 1462
F 8973 8972 2473
F 8972 8973 1461
F 8973 8974 1461
F 2929 2928 2809
F 2928 3596 2809
F 2928 3058 3596
F 3190 3325 3324
F 3191 3190 3058
F 4031 1918 4032
F 4730 4729 4585
F 187 188 74
F 188 189 74
F 77 142 143
F 77 154 153
F 77 143 154
F 141 77 152
F 152 77 153
F 142 77 141
F 102 111 79
F 111 121 79
F 598 599 49
F 598 657 597
F 657 598 49
F 393 394 63
F 63 439 438
F 850 787 851
F 851 787 43
F 787 724 725
F 787 725 43
F 8545 5132 5133
F 8553 2339 2340
F 2339 8553 8552
F 2338 8551 2337
F 8551 2338 8552
F 2338 2339 8552
F 8539 8540 5587
F 8540 8539 2326
F 8540 5438 5587
F 8540 8541 5438
F 8538 5586 8537
F 2324 8538 8537
F 8547 5132 2333
F 2334 8547 2333
F 8547 2334 8548
F 8547 4986 5132
F 4986 8547 8548
F 2335 8549 8548
F 2335 2334 5282
F 2334 2335 8548
F 2336 2335 5282
F 2335 2336 8549
F 2315 6174 6026
F 2315 2314 6174
F 2315 8529 2314
F 2317 5882 5883
F 8530 2317 8531
F 2317 2318 8531
F 2318 2317 5883
F 2302 2301 7038
F 7486 6747 7623
F 7486 7343 6747
F 6891 2302 7038
F 6892 7040 8517
F 8518 6892 8517
F 6742 6892 8519
F 6892 8518 8519
F 2308 2309 8523
F 2269 8483 8482
F 8483 7174 8482
F 8477 2264 8478
F 8490 8489 2276
F 8489 8490 7178
F 8489 7177 8488
F 7177 8489 7178
F 6875 6876 2269
F 2271 6876 6877
F 8491 8490 2277
F 8490 8491 7178
F 2313 2312 6174
F 2312 2313 8527
F 2314 2313 6174
F 2313 2314 8528
F 8527 2313 8528
F 2312 6173 6174
F 6173 2312 6331
F 5131 5273 5272
F 5728 5727 5579
F 6018 5875 6019
F 7180 8495 7181
F 8495 7180 8494
F 8495 8496 7181
F 8495 2282 8496
F 7179 8492 8493
F 7180 7179 8493
F 7179 8491 8492
F 8491 7179 7178
F 2279 2278 7027
F 2278 2279 8492
F 7027 2278 2277
F 2278 8491 2277
F 8491 2278 8492
F 62 478 477
F 717 781 780
F 781 717 56
F 717 655 56
F 4523 8651 4522
F 8652 8653 4522
F 8652 8651 2093
F 8651 8652 4522
F 8653 4521 4522
F 1585 1515 8
F 296 66 72
F 60 414 462
F 369 414 60
F 461 460 413
F 460 459 413
F 275 274 254
F 52 627 566
F 686 627 52
F 687 686 52
F 687 52 628
F 513 512 60
F 513 60 462
F 514 513 462
F 67 376 334
F 377 376 67
F 6 1504 1505
F 1665 1666 8905
F 1292 20 1362
F 20 1292 1293
F 1669 2706 8900
F 1668 1669 8900
F 8899 1669 1670
F 2706 1669 8899
F 20 1435 1434
F 1223 1224 1295
F 1366 1365 1295
F 21 1366 1295
F 1366 21 1296
F 1367 1366 1296
F 22 1299 1370
F 22 1370 1369
F 8448 6866 6865
F 6707 2232 2231
F 2233 2232 6707
F 7014 8452 8453
F 8452 2238 8453
F 8451 8452 7013
F 8452 7014 7013
F 2237 8452 8451
F 8452 2237 2238
F 2229 6705 6706
F 2226 2225 6571
F 2227 2226 6571
F 8438 6861 6860
F 6861 8438 8439
F 2224 6570 2225
F 8439 2224 2225
F 8438 2224 8439
F 2224 8438 2223
F 6570 2224 2223
F 8590 8591 4832
F 8589 8590 4832
F 8590 8589 2376
F 8591 8592 4831
F 2419 2420 8633
F 6710 2237 6709
F 2237 6710 2238
F 8454 2240 8455
F 8454 7014 8453
F 2039 6435 6436
F 2035 2034 6433
F 6568 2464 6567
F 2464 6568 2465
F 8436 2223 8437
F 8436 2466 2223
F 6860 8436 8437
F 6859 8436 6860
F 8190 8191 8210
F 8144 8182 8143
F 8144 8145 8182
F 5213 5371 5212
F 1666 8904 8905
F 8904 1666 8903
F 4364 8687 4363
F 4798 4931 4797
F 5073 4930 5074
F 2126 4658 4657
F 8684 2126 8685
F 6426 2020 6425
F 2220 6396 2221
F 5364 5206 5365
F 5206 5364 5064
F 2165 2164 4497
F 2165 2166 8724
F 2166 2165 4497
F 4499 4498 2162
F 2164 4498 4497
F 2169 2170 8728
F 2167 2166 4496
F 2168 2167 4496
F 2166 2167 8725
F 4206 4207 8725
F 4201 4202 8735
F 8721 8722 4208
F 8723 4207 4208
F 8722 8723 4208
F 8723 8722 2164
F 4207 8723 8724
F 8723 2165 8724
F 2165 8723 2164
F 8720 8721 4209
F 8719 8720 4209
F 8721 8720 2162
F 4499 2160 4500
F 2160 2159 4500
F 2160 8719 8718
F 2159 2160 8718
F 4211 4212 4350
F 8715 4211 4350
F 4210 4211 8717
F 8708 2149 2150
F 8708 8709 4353
F 8709 8708 2150
F 8708 8707 2149
F 4354 8707 4353
F 8707 8708 4353
F 4504 2150 4505
F 4504 2151 2150
F 8713 8714 4350
F 2155 8714 8713
F 8714 2156 4350
F 8714 2155 2156
F 8711 8712 4351
F 2153 8712 8711
F 8712 2154 4351
F 8712 2153 2154
F 8116 8178 8115
F 8116 8117 8178
F 1833 5343 5192
F 5343 1833 1832
F 1832 1833 2203
F 1328 1400 18
F 4050 8763 4049
F 4617 4474 4475
F 4757 4889 4756
F 2173 8731 2172
F 2175 8733 2174
F 2176 2175 4492
F 4349 2176 4492
F 4202 8734 8735
F 8734 2176 8735
F 2176 8734 2175
F 8733 8734 4202
F 8734 8733 2175
F 4491 4349 4492
F 985 918 34
F 918 919 34
F 788 725 726
F 725 788 43
F 1400 1399 18
F 8762 1861 1862
F 8763 8762 1862
F 8762 8763 4050
F 8761 4050 4051
F 1861 8761 1860
F 8761 8762 4050
F 8762 8761 1861
F 8760 8761 4051
F 8761 8760 1860
F 4770 4902 4769
F 2101 2100 4808
F 2101 2102 8660
F 2102 2101 4808
F 2100 2099 4809
F 2792 2791 8899
F 2791 2706 8899
F 2706 2791 8900
F 2791 2790 8900
F 2105 2106 8664
F 2106 2105 4806
F 4806 2104 4807
F 2105 2104 4806
F 2103 2102 4807
F 2104 2103 4807
F 2103 2104 8662
F 4933 4934 5078
F 64 397 396
F 107 97 81
F 116 107 81
F 8701 8702 4356
F 8702 8701 2143
F 2144 8702 2143
F 4356 8702 8703
F 8702 2144 8703
F 4649 4648 4507
F 2144 4649 4507
F 4649 2144 2143
F 4650 4649 2142
F 4649 2143 2142
F 8700 2141 2142
F 8701 8700 2142
F 8700 8701 4357
F 8697 8698 4358
F 8695 2137 8696
F 8695 2136 2137
F 4359 8695 8696
F 8695 4359 4360
F 8930 2609 2608
F 2607 8931 2608
F 8932 2607 2606
F 8931 2607 8932
F 8935 1610 2555
F 8935 1 1610
F 2604 8935 2555
F 8935 2604 2603
F 1610 8934 2555
F 2556 8934 1610
F 8934 2556 2605
F 8934 2604 2555
F 2604 8934 2605
F 8933 1610 1611
F 8933 2556 1610
F 8932 8933 1611
F 8933 8932 2606
F 8933 2606 2605
F 2556 8933 2605
F 2602 8936 2603
F 1 8936 1609
F 8916 2690 2689
F 2695 8910 2696
F 8911 8910 2695
F 2694 8911 2695
F 8911 2694 8912
F 8923 1617 1618
F 8922 8923 1618
F 8928 2611 2610
F 1415 1342 1343
F 2 1556 1485
F 2 1413 1486
F 8938 1608 1609
F 2552 8938 1609
F 2550 8940 1607
F 8939 2550 1607
F 2550 2549 8940
F 1555 1556 1609
F 8941 1553 1607
F 1553 8941 1552
F 2545 1604 8944
F 8945 1604 2545
F 8944 1604 1550
F 1604 8945 1550
F 2543 2542 8947
F 75 183 196
F 183 75 182
F 501 59 500
F 59 553 500
F 934 933 869
F 37 934 869
F 870 37 806
F 934 870 935
F 870 934 37
F 805 37 869
F 37 805 806
F 1059 1058 35
F 993 927 928
F 927 993 35
F 993 1059 35
F 1059 993 1060
F 4983 8555 4982
F 8555 8556 4982
F 4978 8565 4977
F 4977 8565 8566
F 8563 4978 4979
F 8857 3056 8858
F 3056 8857 3057
F 8860 1723 1724
F 1716 1694 1717
F 1241 1170 1242
F 8870 1711 8869
F 1711 1712 8869
F 1719 8867 1713
F 1712 8867 2926
F 8867 1712 1713
F 8866 1713 1714
F 8866 1714 1720
F 8866 1719 1713
F 8863 1722 8862
F 8863 1721 1722
F 3051 8863 8862
F 8863 3051 3050
F 8866 3048 3047
F 1721 8864 1720
F 3049 8864 3050
F 8864 8863 3050
F 8863 8864 1721
F 1027 1091 31
F 1157 1091 1158
F 1091 1157 31
F 1026 1027 31
F 14 1237 1238
F 1237 14 1308
F 1643 1681 0
F 8139 8071 8072
F 8070 8071 8139
F 8139 8063 8064
F 8062 8063 8139
F 8065 8139 8064
F 8139 8065 8066
F 2449 2448 5983
F 2068 2448 2449
F 2453 6288 6446
F 6288 2453 2452
F 6130 2449 5983
F 2451 6288 2452
F 2451 6130 6288
F 6129 2068 2067
F 5982 6129 5981
F 2068 6129 5982
F 1106 33 1176
F 1106 1040 33
F 1174 25 1173
F 3598 3597 3459
F 3459 3597 3596
F 7882 7883 8003
F 7883 7884 8003
F 1952 8853 8852
F 8842 1942 8843
F 8842 4583 4584
F 8842 8843 4583
F 8851 5146 5000
F 8850 8851 5000
F 8851 8852 5146
F 5001 1946 1945
F 8003 8004 8115
F 8004 8005 8115
F 7887 7888 8003
F 1952 1953 8853
F 1953 5451 1954
F 5451 1953 5452
F 5452 1953 5297
F 1953 1952 5297
F 8853 8854 5146
F 8854 5296 5146
F 1953 8854 8853
F 8854 1953 1954
F 6749 6897 6748
F 6897 6898 7045
F 6897 6749 6750
F 6607 6608 6748
F 6606 6607 6748
F 1536 8966 1466
F 1536 8965 8966
F 8971 2474 8972
F 8972 2474 2473
F 2475 2474 8971
F 2472 8973 2473
F 8973 2472 8974
F 2928 3059 3058
F 8818 3749 8817
F 4031 1919 1918
F 8821 3748 8820
F 1880 8781 4041
F 8780 1880 4041
F 1880 8780 4189
F 4179 1898 4180
F 3895 3896 8801
F 4039 4178 4177
F 538 598 597
F 538 537 485
F 392 63 438
F 392 393 63
F 394 440 63
F 440 439 63
F 8543 8544 2330
F 8543 2330 5284
F 8542 8543 5284
F 2329 8543 8542
F 5132 8546 2333
F 8545 8546 5132
F 8543 2331 8544
F 2331 8543 2329
F 8544 2331 5133
F 2331 8545 5133
F 2328 2329 8542
F 8541 2328 8542
F 5283 2327 2326
F 2327 8540 2326
F 8540 2327 8541
F 2327 2328 8541
F 2328 2327 5283
F 2325 8538 2324
F 2325 2324 5437
F 2325 8539 5586
F 8538 2325 5586
F 2326 2325 5437
F 8539 2325 2326
F 8550 2336 2337
F 8551 8550 2337
F 8550 8551 4985
F 8549 8550 4985
F 2336 8550 8549
F 2316 8530 8529
F 2315 2316 8529
F 2316 2315 6026
F 2316 2317 8530
F 5882 2316 6026
F 2317 2316 5882
F 2301 8516 7039
F 8516 2301 2302
F 7039 8516 8517
F 8516 2302 8517
F 8515 2301 7039
F 7190 8515 7039
F 2302 2303 8517
F 6891 2303 2302
F 2303 8518 8517
F 8519 2305 8520
F 2306 8521 8520
F 2305 2306 8520
F 8522 6599 8521
F 6599 8522 8523
F 8522 2308 8523
F 7184 8502 7185
F 7185 8502 8503
F 2287 7032 2288
F 7032 2287 2286
F 8504 7185 8503
F 8483 7175 7174
F 6875 2267 6874
F 2267 2266 6874
F 2268 2267 6875
F 7172 8477 8478
F 7172 7171 8477
F 2265 6873 6874
F 2265 2264 6873
F 2266 2265 6874
F 2264 2265 8478
F 2264 2263 6873
F 2263 2264 8477
F 6873 2263 6872
F 2263 2262 6872
F 6591 6468 6725
F 6591 6467 6468
F 6724 6591 6725
F 2261 6871 6872
F 2262 2261 6872
F 2275 8489 8488
F 2275 7026 2276
F 8489 2275 2276
F 6876 2270 2269
F 2270 6876 2271
F 2270 8483 2269
F 4837 4970 4836
F 2357 5130 2358
F 3322 3189 3323
F 4015 3877 4016
F 2282 2281 7029
F 8495 2281 2282
F 2281 7028 7029
F 2281 8495 8494
F 7183 7182 8498
F 8497 7182 7181
F 8496 8497 7181
F 8497 8496 2283
F 7182 8497 8498
F 2284 8497 2283
F 8497 2284 8498
F 430 62 429
F 1037 972 16
F 717 716 655
F 15 1097 1096
F 1097 15 1034
F 8651 2092 2093
F 4812 2092 4813
F 2092 4812 2093
F 4812 2094 2093
F 2094 8652 2093
F 8652 2094 8653
F 4811 2094 4812
F 4521 8655 4520
F 4520 8655 8656
F 2800 8890 2801
F 8890 2800 1697
F 1698 8890 1697
F 617 51 676
F 51 677 676
F 618 51 617
F 51 678 677
F 619 51 618
F 51 619 678
F 412 411 368
F 412 368 413
F 330 329 296
F 329 66 296
F 66 329 371
F 66 370 369
F 370 66 371
F 567 629 628
F 688 687 628
F 814 752 753
F 30 1154 1153
F 6 1575 1504
F 1085 1018 1019
F 8901 2790 2789
F 2704 8901 2789
F 8901 2704 1668
F 1666 1667 8903
F 1509 1510 1580
F 1363 1435 20
F 1363 20 1293
F 1152 30 1153
F 30 1152 1087
F 8447 8448 6865
F 8448 8447 2233
F 8447 2232 2233
F 2234 8448 2233
F 2231 2230 6706
F 2230 2229 6706
F 6864 8446 6865
F 8446 8447 6865
F 8447 8446 2232
F 2232 8446 2231
F 6572 6705 6571
F 8440 8439 2225
F 2226 8440 2225
F 6861 8440 6862
F 8440 6861 8439
F 8441 8442 6862
F 8442 8441 2227
F 8440 8441 6862
F 8441 2226 2227
F 8441 8440 2226
F 8442 6863 6862
F 6863 8442 8443
F 2228 2227 6705
F 2228 8442 2227
F 2229 2228 6705
F 2228 2229 8443
F 8442 2228 8443
F 5543 2441 5391
F 2442 2441 5543
F 2445 5849 2446
F 2445 5690 5849
F 4954 2420 2419
F 2420 4954 4953
F 5542 5390 2076
F 5120 2377 2376
F 2377 8590 2376
F 8590 2377 8591
F 8592 2378 2379
F 2378 8592 8591
F 2378 2377 5120
F 2377 2378 8591
F 5121 5120 2376
F 2382 5118 5117
F 6303 6580 6460
F 5997 5998 6145
F 2421 4953 2422
F 2421 2420 4953
F 2238 2239 8453
F 6710 2239 2238
F 2239 8454 8453
F 8454 2239 2240
F 6711 2239 6710
F 2239 6711 2240
F 2241 6711 6712
F 2240 2241 8455
F 6711 2241 2240
F 6435 2037 6434
F 6437 6438 2043
F 2045 6438 6439
F 6698 8413 8414
F 2463 2462 6567
F 2464 2463 6567
F 2462 2463 8432
F 2466 8435 2465
F 8436 8435 2466
F 8435 8436 6859
F 6440 2049 2048
F 6702 6701 8420
F 8188 8189 8210
F 8187 8188 8210
F 8210 8185 8186
F 8184 8185 8210
F 7015 8454 8455
F 8454 7015 7014
F 5521 5371 5213
F 8904 2701 8905
F 2701 2700 8905
F 2132 4655 4654
F 2132 8690 2131
F 4655 2132 2131
F 4361 8693 4360
F 8693 4361 8692
F 4365 8684 8685
F 4364 4365 8685
F 2126 2127 8685
F 2127 2126 4657
F 8687 8688 4363
F 2124 4659 4658
F 2018 6424 6425
F 8379 6680 8378
F 2011 8379 8378
F 8379 2013 8380
F 2019 2020 8386
F 2020 2019 6425
F 2019 2018 6425
F 8387 6684 8386
F 2020 8387 8386
F 6824 6823 8365
F 6823 8364 8365
F 6676 6825 8369
F 6676 6826 6825
F 2002 6556 6557
F 2001 2002 8369
F 2002 2001 6556
F 1991 1990 6674
F 8343 8344 6812
F 8342 8343 6812
F 1975 6542 6543
F 8328 6665 6664
F 8327 8328 6664
F 8328 8327 2220
F 8328 2220 2221
F 8329 8328 2221
F 8328 8329 6665
F 8326 6664 6663
F 8326 8327 6664
F 8327 8326 2219
F 1820 1821 2215
F 1821 1820 6237
F 5065 5206 5064
F 5954 5819 5820
F 6109 5954 6110
F 5819 5954 6109
F 6238 2216 2215
F 2216 1820 2215
F 2218 8327 2219
F 8327 2218 2220
F 5352 5201 5353
F 4912 4911 4779
F 8727 2169 8728
F 2169 8727 2168
F 2167 8726 8725
F 8726 4206 8725
F 8726 8727 4206
F 8726 2167 2168
F 8727 8726 2168
F 4495 2168 4496
F 4495 2169 2168
F 2169 4495 2170
F 4498 2163 2162
F 2163 8721 2162
F 2163 8722 8721
F 2163 4498 2164
F 8722 2163 2164
F 2161 4499 2162
F 8720 2161 2162
F 2161 2160 4499
F 2161 8720 8719
F 2160 2161 8719
F 8716 8715 2157
F 8716 4211 8715
F 4211 8716 8717
F 8716 2158 8717
F 2158 8716 2157
F 8705 8706 4354
F 8706 8707 4354
F 2152 4504 4503
F 2153 2152 4503
F 2152 2153 8711
F 2152 8711 8710
F 2151 2152 8710
F 4504 2152 2151
F 8118 8119 8178
F 1834 1833 5192
F 1835 1834 5192
F 1834 1835 2201
F 2202 5344 2203
F 1833 2202 2203
F 5344 2202 5193
F 5193 2202 2201
F 2202 1834 2201
F 1834 2202 1833
F 1808 6391 1809
F 1812 6392 6393
F 8325 8326 6663
F 8326 8325 1815
F 6660 8320 6661
F 1548 1549 8947
F 8945 1549 1550
F 1550 1549 17
F 1549 1548 1478
F 1549 1478 17
F 1327 1328 18
F 1326 1327 18
F 4761 4617 4475
F 4617 4761 4760
F 4761 4618 4762
F 4894 4761 4762
F 4761 4894 4893
F 4895 4894 4762
F 8763 8764 4049
F 4618 4476 4477
F 4476 4761 4475
F 4761 4476 4618
F 6385 6386 1798
F 4337 1861 1860
F 4339 1855 4340
F 4341 1851 4342
F 4342 1849 4343
F 1849 1848 4343
F 1848 1849 8749
F 4770 4626 1841
F 4203 8733 4202
F 4203 4204 8731
F 4201 8737 4200
F 1398 1326 18
F 1399 1398 18
F 1548 8948 1547
F 8948 8949 1547
F 8948 1548 8947
F 8949 8948 2541
F 8948 2542 2541
F 2542 8948 8947
F 2540 8949 2541
F 2537 8952 2538
F 8952 2537 2506
F 8952 2506 1545
F 4337 1859 4338
F 8760 1859 1860
F 1859 4337 1860
F 2200 5193 2201
F 1835 2200 2201
F 5045 1835 5192
F 5045 4902 1837
F 4518 8659 8660
F 8659 2101 8660
F 2101 8659 2100
F 2098 4810 4809
F 2099 2098 4809
F 4805 2106 4806
F 2106 8665 8664
F 4803 4665 4804
F 2103 8661 2102
F 2102 8661 8660
F 8661 4518 8660
F 8661 4517 4518
F 8661 2103 8662
F 4517 8661 8662
F 2104 8663 8662
F 8663 4517 8662
F 8663 2104 2105
F 8663 2105 8664
F 246 265 264
F 353 64 396
F 2141 8699 2140
F 8700 8699 2141
F 8699 8700 4357
F 8699 4357 4358
F 8698 8699 4358
F 8699 8698 2140
F 8698 2139 2140
F 2139 8698 8697
F 8929 8930 1613
F 8929 2609 8930
F 8929 8928 2610
F 2609 8929 2610
F 1414 1488 1487
F 1412 1411 1339
F 1412 2 1485
F 2 1412 1413
F 1556 1557 1610
F 1557 2 1486
F 2 1557 1556
F 8935 2554 1
F 2554 8936 1
F 2554 8935 2603
F 8936 2554 2603
F 2553 8936 2602
F 8936 2553 1609
F 2688 8917 2689
F 1423 1351 1352
F 2688 2687 8918
F 2694 2693 8912
F 8915 2691 2690
F 8916 8915 2690
F 8915 8916 1658
F 8913 2693 2692
F 8913 1660 8912
F 2693 8913 8912
F 2612 8926 2613
F 1415 1489 1488
F 8926 1615 1616
F 1565 4 1618
F 4 1565 1566
F 4 8921 1618
F 8921 8922 1618
F 8921 2617 8922
F 2617 8921 2618
F 2551 8938 2552
F 2551 2550 8939
F 2551 8939 1608
F 8938 2551 1608
F 2544 8945 2545
F 327 326 295
F 59 554 553
F 554 59 501
F 799 36 863
F 36 864 863
F 36 799 800
F 864 36 800
F 1411 19 1339
F 19 1268 1339
F 1268 19 1267
F 4715 4572 3323
F 4572 4430 3323
F 8554 8555 4983
F 8554 8553 2340
F 8554 4983 8553
F 8555 2342 8556
F 4291 4290 4152
F 2346 5277 5276
F 2347 2346 5276
F 8565 2352 8566
F 2352 2353 8566
F 2353 2352 5273
F 5273 2352 5274
F 8564 8565 4978
F 8563 8564 4978
F 8860 8859 3054
F 8859 8860 1724
F 8859 1724 8858
F 8860 8861 1723
F 1723 8861 1722
F 1722 8861 8862
F 1457 1456 1384
F 1598 11 1650
F 8874 2919 8875
F 2924 8870 8869
F 2925 2924 8869
F 2924 2923 8870
F 8870 1710 1711
F 8868 1712 2926
F 8868 2925 8869
F 1712 8868 8869
F 8867 2927 3047
F 2927 8867 1719
F 2927 8866 3047
F 8866 2927 1719
F 3048 8865 3049
F 8864 8865 1720
F 8865 8864 3049
F 8865 8866 1720
F 8865 3048 8866
F 8859 3055 3054
F 3055 8859 8858
F 3056 3055 8858
F 14 1309 1308
F 1309 14 1238
F 8885 1700 1701
F 8885 2805 1700
F 8886 2805 2804
F 1700 8886 2804
F 2805 8886 1700
F 1698 1699 8888
F 8890 8889 2801
F 8889 8890 1698
F 1681 1680 0
F 2808 1702 8882
F 1702 2808 8883
F 2919 2918 8875
F 1702 1703 8882
F 1589 1590 1643
F 1589 1643 0
F 5848 2070 5982
F 6857 8431 8432
F 8430 8431 6857
F 8431 2462 8432
F 2453 2454 2063
F 2454 2453 6446
F 2065 2451 2452
F 2451 2450 6130
F 2449 2450 2067
F 6130 2450 2449
F 2062 2061 6564
F 2062 6445 2063
F 6445 2062 6564
F 2454 2062 2063
F 6129 2066 6287
F 2066 2065 6287
F 2065 2066 2451
F 2066 6129 2067
F 2450 2066 2067
F 2066 2450 2451
F 1040 1041 33
F 1107 1041 1042
F 1041 1107 33
F 33 1107 1176
F 44 922 858
F 923 44 859
F 44 923 922
F 794 44 858
F 44 795 859
F 795 44 794
F 25 1246 1245
F 1174 1246 25
F 1175 1106 1176
F 1934 8835 8834
F 8843 4728 4583
F 8844 4728 8843
F 4728 8844 8845
F 4866 8846 8847
F 1946 8846 1945
F 8846 1946 8847
F 1945 8846 8845
F 8846 4866 8845
F 8855 8854 1954
F 8854 8855 5296
F 5296 8856 5450
F 8855 8856 5296
F 1957 5451 1958
F 4881 4880 4741
F 7756 7757 7882
F 7757 7758 7882
F 1942 1941 4729
F 8842 1941 1942
F 8851 1951 8852
F 1952 1951 5297
F 1951 1952 8852
F 8849 8850 5000
F 1949 1948 5147
F 8849 1949 8850
F 1949 8849 1948
F 1948 1947 5147
F 5148 1947 5001
F 1947 5148 5147
F 1947 1946 5001
F 1946 1947 8847
F 5295 5296 5450
F 6899 6900 7045
F 7344 7198 7199
F 1536 1537 8965
F 8968 2491 2490
F 8968 1464 1465
F 8968 1465 1535
F 8970 8971 1463
F 8970 2475 8971
F 2472 2471 8974
F 8974 2471 8975
F 8975 2471 2470
F 3890 8813 3889
F 2707 2810 2809
F 8818 8819 3749
F 8819 8818 1918
F 8819 3748 3749
F 3748 8819 8820
F 8819 1919 8820
F 1919 8819 1918
F 1917 8818 8817
F 1918 1917 4032
F 8818 1917 1918
F 1919 1920 8820
F 1920 8821 8820
F 1920 1919 4031
F 1920 4031 4030
F 1924 4028 1925
F 4028 1924 4029
F 4029 1922 4030
F 8821 3747 3748
F 3747 8821 8822
F 8826 8827 3745
F 4443 4586 4585
F 8776 4191 1876
F 4042 8779 4041
F 4042 4043 8777
F 4043 1876 8777
F 4043 8776 1876
F 8776 4043 8775
F 1877 4042 8777
F 1877 4191 4190
F 1876 1877 8777
F 4191 1877 1876
F 1897 1896 4180
F 1898 1897 4180
F 1899 1898 4179
F 4039 1902 4178
F 598 539 599
F 919 920 986
F 2332 5283 2333
F 8546 2332 2333
F 2332 8546 8545
F 2332 2328 5283
F 2331 2332 8545
F 2332 2331 2329
F 2328 2332 2329
F 5430 5431 5579
F 5429 5430 5727
F 5727 5430 5579
F 7036 7037 2296
F 2298 7037 7038
F 2298 8512 7189
F 8514 8515 7190
F 2303 2304 8518
F 2304 2303 6891
F 8518 2304 8519
F 2304 2305 8519
F 2310 6484 6331
F 6484 2310 2309
F 2308 6484 2309
F 8502 2289 8503
F 2289 8502 2288
F 7031 7032 2286
F 7031 2284 7030
F 8504 7186 7185
F 8481 2268 8482
F 8481 2267 2268
F 7174 8481 8482
F 2260 2259 6871
F 2260 2261 8474
F 2261 2260 6871
F 8479 7172 8478
F 2265 8479 8478
F 8479 2265 2266
F 7024 7170 7169
F 7171 8476 8477
F 8476 2263 8477
F 2263 8476 2262
F 2275 7025 7026
F 6878 7025 6877
F 7025 2273 6877
F 2272 2271 6877
F 2273 2272 6877
F 8484 7175 8483
F 2270 8484 8483
F 8463 7020 7019
F 4830 8595 4829
F 2383 2382 5117
F 8571 2357 2358
F 2357 8571 4975
F 8571 4974 4975
F 5131 2354 5273
F 2354 2353 5273
F 4976 8569 4975
F 5875 5723 5724
F 6018 5723 5875
F 5723 6018 6017
F 2280 2281 8494
F 2281 2280 7028
F 7028 2280 2279
F 2280 8494 8493
F 2279 2280 8493
F 2287 8500 2286
F 7183 8500 7184
F 8499 7183 8498
F 8500 8499 2286
F 8499 8500 7183
F 430 431 62
F 1101 1100 16
F 1100 1037 16
F 842 781 843
F 1708 8874 8875
F 8654 4521 8653
F 8654 8655 4521
F 8655 2097 8656
F 2097 2098 8656
F 2098 2097 4810
F 1699 2803 8888
F 8889 2802 2801
F 2803 2802 8888
F 2802 1698 8888
F 2802 8889 1698
F 8885 2908 2805
F 2800 8891 1697
F 1675 8891 1674
F 8891 1675 1697
F 8893 2798 2797
F 8892 2798 8893
F 1516 1517 8
F 1515 1516 8
F 521 520 468
F 807 870 806
F 46 814 753
F 23 1142 1213
F 1142 23 1141
F 1200 1199 1129
F 27 1200 1129
F 414 463 462
F 815 46 753
F 708 707 647
F 1022 1087 1021
F 1022 30 1087
F 1088 1022 1023
F 1022 1088 30
F 30 1088 1154
F 2700 8906 8905
F 8906 1665 8905
F 8906 1664 1665
F 1664 8906 8907
F 1576 1575 6
F 1576 6 1505
F 29 1018 1085
F 2790 2705 8900
F 8901 2705 2790
F 2705 1668 8900
F 2705 8901 1668
F 1667 2703 8903
F 8902 1667 1668
F 2704 8902 1668
F 8902 2703 1667
F 8902 2704 2789
F 2788 8902 2789
F 2703 8902 2788
F 2237 2236 6709
F 8450 2236 8451
F 2236 2237 8451
F 6708 2233 6707
F 6708 2234 2233
F 2229 8444 8443
F 2230 8444 2229
F 6863 8444 6864
F 8444 6863 8443
F 2445 2444 5690
F 5690 2443 5543
F 2443 2442 5543
F 2444 2443 5690
F 2443 2444 2073
F 2072 5848 5689
F 2072 5689 2073
F 2444 2072 2073
F 2072 2444 2445
F 2378 5119 2379
F 5119 2378 5120
F 4828 8599 4827
F 5998 6146 6145
F 6580 6579 6460
F 6302 6303 6460
F 8635 2421 2422
F 8635 4672 4673
F 8636 8635 2422
F 4672 8635 8636
F 2421 8634 2420
F 8633 8634 4673
F 2420 8634 8633
F 8634 8635 4673
F 8635 8634 2421
F 2242 2241 6712
F 2036 2035 6434
F 2037 2036 6434
F 6438 2044 2043
F 2044 6438 2045
F 8413 2047 8414
F 6440 2047 6439
F 2047 2048 8414
F 2047 6440 2048
F 8412 8413 6698
F 8412 6698 6697
F 2027 6429 6430
F 6689 8396 6690
F 8402 2034 2035
F 8402 8401 2034
F 8401 8402 6692
F 8402 6693 6692
F 2463 8433 8432
F 8433 2463 2464
F 6856 8430 6857
F 6856 8429 8430
F 6856 6855 8428
F 8429 6856 8428
F 2058 2057 6564
F 6704 2058 8425
F 2057 6563 6564
F 6563 2055 6562
F 6560 6561 2051
F 6560 6440 6441
F 6560 2049 6440
F 2049 8415 2048
F 2048 8415 8414
F 2053 6561 6562
F 6701 8419 8420
F 8419 2053 8420
F 5521 5520 5371
F 2702 2701 8904
F 2702 8904 8903
F 2703 2702 8903
F 2136 2135 4653
F 2133 2132 4654
F 8691 4362 8690
F 2132 8691 8690
F 4361 8691 8692
F 8691 4361 4362
F 8691 2133 8692
F 2133 8691 2132
F 2128 2127 4657
F 8686 8687 4364
F 8686 4364 8685
F 2127 8686 8685
F 8686 2128 8687
F 2128 8686 2127
F 4656 2128 4657
F 2125 2124 4658
F 2125 2126 8684
F 2126 2125 4658
F 2124 2123 4659
F 2123 2122 4659
F 2122 8680 2121
F 2018 2017 6424
F 2017 2018 8384
F 6684 8385 8386
F 8385 2019 8386
F 2019 8385 2018
F 2018 8385 8384
F 6683 8385 6684
F 8385 6683 8384
F 6681 8379 8380
F 8379 6681 6680
F 2012 8379 2011
F 2013 2012 6422
F 8379 2012 2013
F 8387 6685 6684
F 8363 8364 6823
F 8364 8363 1996
F 8366 6824 8365
F 1998 8366 8365
F 8364 1997 8365
F 1997 1998 8365
F 1997 8364 1996
F 8370 6676 8369
F 2002 8370 8369
F 1991 8359 8358
F 8359 6821 6820
F 8358 8359 6820
F 8357 8356 1990
F 8357 6819 8356
F 6819 8357 6820
F 8357 8358 6820
F 1991 8357 1990
F 8357 1991 8358
F 8133 8134 8181
F 6814 8348 6815
F 8347 8348 6814
F 1976 1975 6543
F 1976 8343 8342
F 1975 1976 8342
F 6811 6671 6812
F 6671 8342 6812
F 1973 6541 6542
F 1821 6088 1822
F 6088 1821 6237
F 6238 2214 6089
F 2214 2213 6089
F 1821 2214 2215
F 2214 6238 2215
F 2214 1821 1822
F 2213 2214 1822
F 1816 8326 1815
F 8326 1816 2219
F 6395 2218 2217
F 2216 6395 2217
F 2220 6395 6396
F 2218 6395 2220
F 6395 6238 6396
F 6395 2216 6238
F 6394 1817 1815
F 1817 1816 1815
F 1817 2218 2219
F 1816 1817 2219
F 1819 2216 2217
F 1819 6394 6237
F 1820 1819 6237
F 2216 1819 1820
F 5202 5354 5353
F 5201 5202 5353
F 5357 5205 5358
F 5205 5058 5059
F 5358 5205 5059
F 4205 8727 8728
F 8727 4205 4206
F 4494 2171 2170
F 4495 4494 2170
F 2172 4494 4493
F 2171 4494 2172
F 2171 8729 2170
F 4205 8729 4204
F 2170 8729 8728
F 8729 4205 8728
F 8706 2147 4506
F 2147 8706 8705
F 2147 2146 4506
F 2147 8705 2146
F 2148 8706 4506
F 8706 2148 8707
F 4505 2148 4506
F 2149 2148 4505
F 8707 2148 2149
F 8007 8008 8115
F 8008 8009 8115
F 8009 8010 8115
F 8178 8120 8121
F 8119 8120 8178
F 2208 5640 5799
F 8308 1797 1798
F 1797 6385 1798
F 6386 1799 1798
F 6655 8310 6656
F 6656 8310 8311
F 8316 6659 6658
F 8316 8317 6659
F 1812 1811 6392
F 6662 8324 6663
F 8324 8325 6663
F 8320 8319 1809
F 6660 8319 8320
F 8319 1808 1809
F 1549 8946 8947
F 8946 1549 8945
F 8946 2543 8947
F 8946 2544 2543
F 2544 8946 8945
F 8959 1540 1541
F 8959 2500 2499
F 8764 8765 4049
F 8765 4048 4049
F 8765 1864 1865
F 1864 8765 8764
F 4333 4332 4194
F 4193 1871 4194
F 4043 4044 8775
F 4889 5031 4756
F 5032 5031 4889
F 6385 1796 6384
F 1797 1796 6385
F 1861 4336 1862
F 4337 4336 1861
F 8752 8753 4055
F 1854 1855 8755
F 8754 1854 8755
F 1855 1854 4340
F 4056 8751 4055
F 8751 8752 4055
F 8751 1851 8752
F 4627 2192 4486
F 1844 2192 1843
F 2194 4627 4771
F 2194 2195 1841
F 2195 2194 4771
F 4485 1844 1843
F 4626 4485 1843
F 4203 8732 8733
F 8732 2173 2174
F 8733 8732 2174
F 8732 8731 2173
F 8732 4203 8731
F 4195 4056 4057
F 4056 4195 8749
F 4195 1848 8749
F 1848 4195 8748
F 8738 8739 4200
F 8737 8738 4200
F 2180 4348 4347
F 8738 2180 8739
F 2181 2180 4347
F 2180 2181 8739
F 4348 2178 4349
F 852 851 43
F 788 852 43
F 1050 985 34
F 1051 1050 34
F 2540 8950 8949
F 8950 2508 1546
F 8950 2540 2539
F 8950 2539 2508
F 8950 1546 1547
F 8949 8950 1547
F 8951 1545 1546
F 2508 8951 1546
F 8951 2539 2538
F 2539 8951 2508
F 1543 8956 1542
F 1859 1858 4338
F 4052 8759 4051
F 8759 8760 4051
F 8759 1859 8760
F 8759 4052 8758
F 1858 8759 8758
F 8759 1858 1859
F 2200 5046 5193
F 1840 4770 1841
F 2195 1840 1841
F 4903 2196 4771
F 2196 2195 4771
F 2196 1840 2195
F 1836 5045 1837
F 5045 1836 1835
F 1836 2200 1835
F 4519 8659 4518
F 8657 4520 8656
F 2098 8657 8656
F 8657 2098 2099
F 8657 4519 4520
F 4805 2107 2106
F 8665 2107 8666
F 2107 8665 2106
F 4661 2119 2118
F 4660 2122 2121
F 2122 4660 4659
F 353 354 64
F 354 397 64
F 2140 4651 4650
F 2139 4651 2140
F 2138 2139 8697
F 2138 2137 4652
F 4651 2138 4652
F 2138 4651 2139
F 2137 2138 8696
F 2138 8697 8696
F 3 1415 1488
F 1415 3 1342
F 1414 3 1488
F 1342 3 1341
F 3 1414 1341
F 8937 2553 2552
F 8937 2552 1609
F 2553 8937 1609
F 2622 8916 2689
F 8917 2622 2689
F 8916 2622 1658
F 2621 2688 8918
F 2621 8917 2688
F 2622 1621 1658
F 1621 2622 8917
F 8915 1621 1622
F 1621 8915 1658
F 1661 1662 8911
F 1662 8910 8911
F 1659 8915 1622
F 8924 1616 1617
F 2614 8924 2615
F 8924 8923 2615
F 8923 8924 1617
F 2617 2616 8922
F 2616 8923 8922
F 8923 2616 2615
F 8926 8925 2613
F 8925 8926 1616
F 8925 2614 2613
F 8924 8925 1616
F 8925 8924 2614
F 2611 8927 2612
F 8927 8926 2612
F 8927 1615 8926
F 8927 2611 8928
F 1614 8927 8928
F 8927 1614 1615
F 1614 8929 1613
F 8929 1614 8928
F 8921 8920 2618
F 8920 8921 4
F 2687 2620 8918
F 2620 1656 8918
F 1656 1619 8918
F 1619 8920 4
F 1130 1201 27
F 1201 1200 27
F 1410 1338 1411
F 1338 19 1411
F 50 612 613
F 4714 4572 4715
F 2338 5280 2339
F 2339 5280 2340
F 5280 5279 2340
F 5279 2341 2340
F 2341 8554 2340
F 8554 2341 8555
F 2342 2341 5279
F 2341 2342 8555
F 5278 2342 5279
F 8561 8562 4979
F 8562 8563 4979
F 8563 8562 2349
F 8560 2346 2347
F 8561 8560 2347
F 8564 2351 8565
F 2352 2351 5274
F 2351 2352 8565
F 2350 8564 8563
F 2350 8563 2349
F 2351 2350 5274
F 2350 2351 8564
F 2350 5275 5274
F 5275 2350 2349
F 8867 3046 2926
F 3046 8867 3047
F 3046 8868 2926
F 1599 11 1598
F 8874 2920 2919
F 8871 2923 2922
F 2923 8871 8870
F 8871 1710 8870
F 1025 31 1090
F 1025 1026 31
F 2417 2416 4955
F 4955 2416 4956
F 4954 2418 4955
F 2418 2417 4955
F 2418 4954 2419
F 8878 8877 2916
F 1706 8878 1705
F 8878 1706 8877
F 8881 1703 1704
F 1703 8881 8882
F 2070 2069 5982
F 2069 2068 5982
F 2069 2448 2068
F 2070 2071 2446
F 2071 2070 5848
F 2072 2071 5848
F 2071 2445 2446
F 2071 2072 2445
F 2448 2447 5983
F 2447 5849 5983
F 2069 2447 2448
F 2447 2069 2070
F 5849 2447 2446
F 2447 2070 2446
F 8431 2461 2462
F 2461 8431 8430
F 2064 6445 6287
F 2065 2064 6287
F 2064 2453 2063
F 6445 2064 2063
F 2453 2064 2452
F 2064 2065 2452
F 2062 2455 2061
F 2455 2062 2454
F 6565 2455 6446
F 2455 2454 6446
F 2459 2458 6565
F 2459 8429 8428
F 2458 2459 8428
F 1107 1177 1176
F 4441 4442 8840
F 8835 4302 8834
F 4302 4162 8834
F 4866 4727 8845
F 4727 4728 8845
F 8856 8227 5450
F 8227 8856 1956
F 1957 1955 5451
F 1955 8856 8855
F 8856 1955 1956
F 5451 1955 1954
F 1955 8855 1954
F 1955 8228 1956
F 8228 1955 1957
F 8228 8227 1956
F 8227 8228 5601
F 5601 8229 5750
F 8229 1957 1958
F 8229 8228 1957
F 8228 8229 5601
F 5615 5614 5309
F 5309 5614 5463
F 7626 7627 7756
F 7759 7760 7882
F 7758 7759 7882
F 8841 8842 4584
F 8841 1941 8842
F 8840 8841 4584
F 1951 1950 5297
F 1950 1951 8851
F 1950 5298 5297
F 5298 1950 5147
F 1950 1949 5147
F 1950 8851 8850
F 1949 1950 8850
F 8849 8848 1948
F 8848 1947 1948
F 8848 8849 5000
F 4865 8848 5000
F 4866 8848 4865
F 8848 4866 8847
F 1947 8848 8847
F 8227 5600 5450
F 5600 8227 5601
F 7047 7048 7196
F 7197 7344 7196
F 7197 7198 7344
F 7200 7344 7199
F 7487 7345 7346
F 7345 7487 7344
F 7344 7487 7624
F 7487 7488 7624
F 8965 8964 2494
F 1537 8964 8965
F 2496 8962 2497
F 8962 8963 1538
F 8963 8962 2496
F 8963 1537 1538
F 8963 8964 1537
F 2478 8968 1535
F 8968 2478 2491
F 1464 8969 1463
F 4598 4599 4742
F 4597 4598 4741
F 3750 3888 3749
F 3749 3888 8817
F 4033 1914 4034
F 1914 1913 4034
F 4164 1930 4165
F 1933 1934 8834
F 1934 1933 4443
F 4303 4444 4443
F 1933 4303 4443
F 3887 8829 3886
F 4026 8830 8831
F 4025 4026 8831
F 8829 4026 3886
F 4026 8829 8830
F 4162 4163 8834
F 8821 1921 8822
F 1920 1921 8821
F 1921 1920 4030
F 1922 1921 4030
F 1921 1922 8822
F 1924 1923 4029
F 1923 1924 8824
F 1923 1922 4029
F 8826 8825 1925
F 8825 1924 1925
F 8825 8826 3745
F 1924 8825 8824
F 1922 8823 8822
F 8823 3747 8822
F 8823 1923 8824
F 1923 8823 1922
F 4028 1926 1925
F 1926 4028 1927
F 1926 8826 1925
F 1926 8827 8826
F 4191 1875 4192
F 1875 8776 8775
F 8776 1875 4191
F 1879 8780 4041
F 8779 1879 4041
F 8780 1879 4189
F 1879 4190 4189
F 1879 1878 4190
F 1878 1879 8779
F 1878 8779 4042
F 8781 4040 4041
F 4888 4748 4749
F 1897 8797 1896
F 8797 3897 3898
F 3896 8800 8801
F 1904 4039 4038
F 1905 1904 4038
F 1904 1905 8805
F 8802 3895 8801
F 3895 8803 3894
F 8802 8803 3895
F 8803 8802 1902
F 7188 8510 7189
F 8510 7188 2296
F 2295 7036 2296
F 2299 2298 7038
F 2299 8513 8512
F 2298 2299 8512
F 8515 2300 2301
F 8514 2300 8515
F 2301 2300 7038
F 2300 2299 7038
F 2300 8514 8513
F 2299 2300 8513
F 2290 8504 8503
F 2289 2290 8503
F 7032 7033 2288
F 7033 2289 2288
F 2290 7033 7034
F 7033 2290 2289
F 2291 2290 7034
F 2290 2291 8504
F 7173 8481 7174
F 8479 7173 7172
F 2267 8480 2266
F 8481 8480 2267
F 7173 8480 8481
F 8480 8479 2266
F 8480 7173 8479
F 8473 2260 8474
F 2260 8473 2259
F 7170 8473 8474
F 8473 7170 7024
F 2258 8471 2257
F 8471 7024 7023
F 7170 8475 7171
F 8475 8476 7171
F 2261 8475 8474
F 8475 7170 8474
F 8475 2261 2262
F 8476 8475 2262
F 5874 6009 6008
F 6009 5874 5715
F 2274 2275 8488
F 2274 7025 2275
F 7025 2274 2273
F 8486 2272 2273
F 8485 2270 2271
F 8485 8484 2270
F 8484 8485 7175
F 7175 8485 7176
F 8485 8486 7176
F 2272 8485 2271
F 8486 8485 2272
F 8465 7021 7020
F 8465 2250 2251
F 6716 2249 6715
F 6716 2250 2249
F 2250 6716 2251
F 6716 6867 2251
F 7018 8461 7019
F 8461 7018 8460
F 2246 8461 8460
F 8594 8595 4830
F 2381 5118 2382
F 8595 2381 2382
F 8594 2381 8595
F 2383 8596 2382
F 8595 8596 4829
F 8596 8595 2382
F 2368 2367 5125
F 5124 2368 5125
F 5124 5123 2370
F 8583 4835 4836
F 4972 4973 8575
F 4833 8589 4832
F 8587 4833 4834
F 5426 5577 5425
F 2354 8567 2353
F 8567 4977 8566
F 2353 8567 8566
F 8567 4976 4977
F 2356 5131 5130
F 8568 2354 5131
F 8568 8569 4976
F 8567 8568 4976
F 8568 8567 2354
F 5577 5576 5425
F 3595 3735 3734
F 3877 3735 3323
F 3735 3595 3323
F 8500 8501 7184
F 8501 8500 2287
F 8501 8502 7184
F 8502 8501 2288
F 8501 2287 2288
F 2285 7031 2286
F 8499 2285 2286
F 7031 2285 2284
F 2284 2285 8498
F 2285 8499 8498
F 479 478 62
F 431 479 62
F 1645 10 1683
F 9 1523 1448
F 1449 9 1448
F 1593 9 1524
F 9 1593 1523
F 2082 5092 4948
F 2083 2082 4948
F 2082 2083 2434
F 4819 8636 2422
F 4819 4953 4952
F 4953 4819 2422
F 4813 2090 4814
F 8649 8650 4523
F 8650 8651 4523
F 8650 2092 8651
F 2095 8654 8653
F 2094 2095 8653
F 2095 2094 4811
F 8654 2096 8655
F 2096 2097 8655
F 2096 2095 4811
F 2095 2096 8654
F 2096 4811 4810
F 2097 2096 4810
F 2803 8887 2804
F 8887 2803 1699
F 8887 1699 1700
F 8887 1700 2804
F 8891 1696 1674
F 1696 8893 1674
F 1696 8892 8893
F 2799 8891 2800
F 2799 2798 8892
F 1696 2799 8892
F 2799 1696 8891
F 520 61 468
F 61 420 468
F 420 61 419
F 565 564 511
F 627 626 566
F 23 1212 1141
F 1212 23 1213
F 46 877 814
F 877 46 878
F 1070 28 1003
F 1069 28 1070
F 46 879 878
F 815 879 46
F 512 569 568
F 54 525 472
F 473 54 472
F 55 585 586
F 55 586 647
F 707 55 647
F 2699 8906 2700
F 8906 2699 8907
F 1150 29 1085
F 29 1150 1149
F 1084 1149 1148
F 1084 29 1149
F 1018 1084 1017
F 29 1084 1018
F 1291 1292 1362
F 22 1298 1299
F 1298 22 1369
F 8448 8449 6866
F 2234 8449 8448
F 8449 8450 6866
F 2235 6708 6709
F 2236 2235 6709
F 2235 2236 8450
F 8449 2235 8450
F 6708 2235 2234
F 2235 8449 2234
F 8444 8445 6864
F 8446 8445 2231
F 8445 8446 6864
F 8445 2230 2231
F 8445 8444 2230
F 5689 2074 2073
F 2074 2443 2073
F 2074 5689 5542
F 2443 2074 2442
F 8599 8600 4827
F 2384 5117 5116
F 2384 2383 5117
F 8601 4826 4827
F 8600 8601 4827
F 8601 8600 2387
F 6144 5997 6145
F 2243 2242 6712
F 2242 2243 8457
F 6713 2243 6712
F 2244 2243 6713
F 8407 8408 6695
F 6694 8406 6695
F 8407 8406 2039
F 8406 8407 6695
F 8404 2036 2037
F 8404 6694 6693
F 8398 6691 6690
F 8411 8412 6697
F 8411 2044 2045
F 8412 8411 2045
F 2047 2046 6439
F 2046 2047 8413
F 2046 2045 6439
F 2046 8412 2045
F 8412 2046 8413
F 2028 2027 6430
F 2027 2028 8394
F 2027 2026 6429
F 8396 8397 6690
F 8397 8398 6690
F 6432 2031 6431
F 8397 2031 8398
F 8402 8403 6693
F 8403 8404 6693
F 8404 8403 2036
F 2036 8403 2035
F 8403 8402 2035
F 8434 8433 2464
F 8434 8435 6859
F 8434 2464 2465
F 8435 8434 2465
F 6858 6857 8432
F 8433 6858 8432
F 6858 8434 6859
F 8434 6858 8433
F 6854 6704 6855
F 6702 8422 6703
F 2055 2054 6562
F 2053 2054 8420
F 2054 2053 6562
F 2058 8424 2057
F 8424 2058 6704
F 8424 6704 6703
F 8416 8415 2049
F 8418 8419 6701
F 8418 8417 2051
F 2053 2052 6561
F 8419 2052 2053
F 8418 2052 8419
F 6561 2052 2051
F 2052 8418 2051
F 1997 6554 1998
F 6554 1997 1996
F 2134 4654 4653
F 2135 2134 4653
F 2134 2135 8693
F 2134 2133 4654
F 2134 8693 8692
F 2133 2134 8692
F 8693 8694 4360
F 2135 8694 8693
F 8694 8695 4360
F 8695 8694 2136
F 8694 2135 2136
F 2130 4656 4655
F 2130 4655 2131
F 2129 8688 8687
F 2128 2129 8687
F 4656 2129 2128
F 2129 2130 8688
F 2130 2129 4656
F 8683 2125 8684
F 2125 8683 2124
F 4366 8683 4365
F 4365 8683 8684
F 2123 8681 2122
F 8680 8679 2121
F 8679 4508 4509
F 4508 8679 8680
F 4508 4366 4367
F 4508 8681 4366
F 4508 8680 2122
F 8681 4508 2122
F 8388 6685 8387
F 6822 8363 6823
F 6678 8375 6679
F 6824 8367 6825
F 8366 8367 6824
F 2003 2002 6557
F 2003 8370 2002
F 8359 8360 6821
F 6675 1992 6674
F 1992 1991 6674
F 1992 8359 1991
F 1992 8360 8359
F 8136 8137 8181
F 5953 6100 6099
F 5953 5810 6100
F 8340 6671 6670
F 8341 1975 8342
F 6671 8341 8342
F 8340 8341 6671
F 1972 6541 1973
F 6665 8330 6666
F 8329 8330 6665
F 8332 6667 6666
F 6419 6420 6559
F 1818 1817 6394
F 1818 1819 2217
F 1819 1818 6394
F 2218 1818 2217
F 1817 1818 2218
F 8336 8337 6669
F 6540 1969 6539
F 8335 1969 8336
F 6668 8336 6669
F 6668 8335 8336
F 6817 6816 8352
F 6818 8355 6819
F 6819 8355 8356
F 8356 8355 1989
F 4636 4637 4912
F 4636 4912 4779
F 4635 4636 4779
F 8730 8729 2171
F 8729 8730 4204
F 4204 8730 8731
F 8730 2171 2172
F 8731 8730 2172
F 1831 5343 1832
F 1831 5492 5343
F 5492 1831 1830
F 5492 1830 1829
F 5639 5492 1829
F 1830 2206 1829
F 5640 2206 5493
F 2209 2208 5799
F 5639 1827 5798
F 2209 1827 2208
F 8307 1797 8308
F 1796 8307 8306
F 8307 1796 1797
F 1802 1801 6387
F 6388 1802 6387
F 6388 6389 1804
F 8312 6656 8311
F 1801 8312 8311
F 8312 1801 1802
F 1808 6390 6391
F 6390 1808 1807
F 8309 8308 1798
F 1799 8309 1798
F 8309 6655 8308
F 8309 8310 6655
F 8310 8309 1799
F 1800 6386 6387
F 1801 1800 6387
F 1800 1799 6386
F 1800 8310 1799
F 8310 1800 8311
F 1800 1801 8311
F 8315 8316 6658
F 1811 1810 6392
F 1810 6391 6392
F 6391 1810 1809
F 1810 8320 1809
F 8320 8321 6661
F 1810 8321 8320
F 8321 1810 1811
F 8323 8324 6662
F 8325 1814 1815
F 8324 1814 8325
F 1814 6394 1815
F 6394 1814 6393
F 8319 8318 1808
F 8318 8319 6660
F 8318 6660 6659
F 8317 8318 6659
F 1808 8318 1807
F 8318 8317 1807
F 8003 7885 7886
F 7884 7885 8003
F 8958 2501 2500
F 8958 8959 1541
F 8959 8958 2500
F 8957 1541 1542
F 2501 8957 2502
F 8957 8958 1541
F 8958 8957 2501
F 8956 8957 1542
F 2502 8957 8956
F 1863 8764 8763
F 1863 1864 8764
F 1863 8763 1862
F 4336 1863 1862
F 1869 4333 4194
F 1869 1868 4333
F 8770 1869 4194
F 4048 8767 4047
F 1870 8770 4194
F 1871 1870 4194
F 8772 4193 1872
F 8772 1871 4193
F 8773 4044 4045
F 8773 8772 1872
F 8772 8773 4045
F 4888 5024 5023
F 5024 4888 4749
F 1795 1796 8306
F 1795 1794 6384
F 1796 1795 6384
F 1852 8753 8752
F 1851 1852 8752
F 4341 1852 1851
F 1851 1850 4342
F 8751 1850 1851
F 1850 1849 4342
F 4626 1842 1841
F 1842 2194 1841
F 1842 4626 1843
F 2191 2190 4486
F 2192 2191 4486
F 2191 2192 1844
F 1845 4485 4343
F 4485 1845 1844
F 1845 2191 1844
F 2191 1845 2190
F 2190 4344 4486
F 2180 2179 4348
F 2179 2180 8738
F 2179 2178 4348
F 2179 8738 8737
F 2178 2179 8737
F 8739 4199 4200
F 2178 8736 4349
F 8736 4201 8735
F 8736 8737 4201
F 8736 2178 8737
F 2507 8952 1545
F 8951 2507 1545
F 8952 2507 2538
F 2507 8951 2538
F 2503 2502 8956
F 2536 8953 2537
F 2537 8953 2506
F 2506 8953 1545
F 1855 8756 8755
F 8756 4053 8755
F 4054 8754 8755
F 4053 4054 8755
F 8753 4054 4055
F 4054 8753 8754
F 2197 2196 4903
F 1840 1839 4770
F 2196 1839 1840
F 1839 4902 4770
F 2197 1839 2196
F 2199 1836 1837
F 2199 5046 2200
F 1836 2199 2200
F 8659 8658 2100
F 4519 8658 8659
F 8658 2099 2100
F 8658 8657 2099
F 8657 8658 4519
F 8665 4516 8664
F 4516 8663 8664
F 8663 4516 4517
F 2113 4664 8672
F 1657 2621 8918
F 2621 1657 8917
F 1351 1422 1350
F 8914 1659 1660
F 8913 8914 1660
F 8914 8913 2692
F 2691 8914 2692
F 8915 8914 2691
F 1659 8914 8915
F 8920 2619 2618
F 1567 4 1566
F 1567 1619 4
F 1064 1065 1129
F 1065 27 1129
F 1065 1066 1130
F 1065 1130 27
F 672 50 613
F 2336 5281 2337
F 5281 2338 2337
F 5281 5280 2338
F 5281 2336 5282
F 4572 4571 4430
F 4429 4291 4430
F 2348 5275 2349
F 8562 2348 2349
F 2348 8562 8561
F 2348 8561 2347
F 5275 2348 5276
F 2348 2347 5276
F 2346 2345 5277
F 2344 5278 5277
F 2345 2344 5277
F 2344 2345 8558
F 8868 3045 2925
F 3046 3045 8868
F 11 1651 1650
F 1599 1651 11
F 1602 1532 1603
F 1384 1313 1242
F 1531 1457 1532
F 8873 2920 8874
F 8873 1708 1709
F 1708 8873 8874
F 2909 2908 8885
F 2808 2911 8883
F 2911 2910 8883
F 2911 2808 8882
F 8628 2415 8629
F 2416 2415 4956
F 2415 2416 8629
F 2410 4959 4958
F 8879 1704 1705
F 8878 8879 1705
F 10 1684 1683
F 1706 8876 8877
F 2918 8876 8875
F 2462 6566 6567
F 2461 6566 2462
F 2456 2455 6565
F 2455 2456 2061
F 2458 2456 6565
F 2456 2060 2061
F 8426 6704 8425
F 6704 8426 6855
F 8839 1939 8840
F 4442 8839 8840
F 8837 4442 4301
F 4302 8837 4301
F 1934 1935 8835
F 1935 1934 4443
F 4882 4881 4742
F 5614 5613 5463
F 8273 6216 6215
F 8272 8273 6215
F 8273 1762 1763
F 8273 8272 1762
F 7625 7756 7624
F 7625 7626 7756
F 7628 7629 7756
F 7627 7628 7756
F 6379 6533 6532
F 6375 6374 8279
F 6216 6373 6372
F 6374 8278 8279
F 6068 6217 6067
F 1939 1940 8840
F 1940 8841 8840
F 1940 1939 4729
F 1941 1940 4729
F 8841 1940 1941
F 8229 5751 5750
F 5452 5602 1958
F 5602 5603 1961
F 6751 6897 6750
F 7487 7348 7349
F 7350 7487 7349
F 8961 2498 2497
F 8962 8961 2497
F 8964 2495 2494
F 8963 2495 8964
F 2495 8963 2496
F 2491 8967 2492
F 2478 8967 2491
F 8967 2478 1535
F 8966 8967 1535
F 8967 8966 2492
F 1533 8970 1463
F 8969 1533 1463
F 8968 1534 1464
F 1534 8969 1464
F 4450 4449 4308
F 1916 4033 4032
F 1916 1917 8817
F 1917 1916 4032
F 3888 1916 8817
F 4033 1915 1914
F 1916 1915 4033
F 1912 8813 3890
F 8812 1912 3890
F 4034 1912 4035
F 1913 1912 4034
F 1912 1913 8813
F 1910 4036 4035
F 8813 8814 3889
F 1913 8814 8813
F 8814 1914 3889
F 8814 1913 1914
F 8829 8828 1927
F 8828 8829 3887
F 8828 1926 1927
F 8827 8828 3887
F 1926 8828 8827
F 4028 4027 1927
F 4163 8833 8834
F 8832 4163 4025
F 8832 4025 8831
F 1930 8832 8831
F 8832 8833 4163
F 3746 8825 3745
F 8825 3746 8824
F 3746 8823 8824
F 8823 3746 3747
F 1896 4181 4180
F 4040 3904 3905
F 8778 1877 4190
F 1878 8778 4190
F 1877 8778 4042
F 8778 1878 4042
F 1881 4040 8781
F 1880 1881 8781
F 4188 1881 4189
F 1881 1880 4189
F 1883 4188 4187
F 8798 1897 1898
F 8798 8797 1897
F 8798 3897 8797
F 1899 8799 1898
F 8799 8798 1898
F 8798 8799 3897
F 3897 8799 3896
F 8799 8800 3896
F 8800 8799 1899
F 8800 1900 8801
F 4178 1900 4179
F 1900 1899 4179
F 1900 8800 1899
F 1903 1902 4039
F 1903 8803 1902
F 57 538 485
F 538 57 598
F 57 539 598
F 546 545 493
F 7037 2297 2296
F 2297 8510 2296
F 2298 2297 7037
F 7188 8509 2296
F 8509 2295 2296
F 2295 2294 7036
F 6741 2306 2305
F 6741 2304 6891
F 2304 6741 2305
F 2294 7035 7036
F 8505 7186 8504
F 2291 8505 8504
F 8472 8473 7024
F 8472 8471 2258
F 8471 8472 7024
F 8472 2258 2259
F 8473 8472 2259
F 2256 6869 2257
F 8486 8487 7176
F 8487 8486 2273
F 8487 7177 7176
F 7177 8487 8488
F 8487 2274 8488
F 2274 8487 2273
F 8464 8465 7020
F 8465 8464 2250
F 8463 8464 7020
F 2250 8464 2249
F 8464 8463 2249
F 8466 8465 2251
F 8465 8466 7021
F 7022 8469 7023
F 2245 2244 6713
F 2245 6713 6714
F 2246 2245 6714
F 2245 2246 8460
F 8462 8463 7019
F 8461 8462 7019
F 8593 4830 4831
F 8593 8594 4830
F 8593 8592 2379
F 8592 8593 4831
F 2367 8581 4970
F 8581 2367 2368
F 4970 8581 4836
F 8580 2367 4970
F 5124 2369 2368
F 2369 5124 2370
F 8583 2369 2370
F 8576 4972 8575
F 2374 5122 5121
F 5130 5129 2358
F 2357 8570 5130
F 8570 2356 5130
F 8570 2357 4975
F 8569 8570 4975
F 2356 8570 8569
F 2355 8568 5131
F 8568 2355 8569
F 2356 2355 5131
F 2355 2356 8569
F 3595 3458 3323
F 3594 3458 3595
F 1594 1593 1524
F 1593 1592 1523
F 1645 1592 10
F 1592 1593 10
F 4949 2435 2434
F 2435 2082 2434
F 5390 2077 2076
F 2088 4815 4814
F 4815 2087 2085
F 2432 2430 4816
F 2083 2433 2434
F 2433 4949 2434
F 4949 2433 4816
F 2433 2432 4816
F 8637 4672 8636
F 2091 2090 4813
F 2090 2091 8649
F 2091 8650 8649
F 2092 2091 4813
F 8650 2091 2092
F 2090 2089 4814
F 2089 2088 4814
F 2088 2089 8647
F 8627 4676 4677
F 4676 8627 8628
F 4676 8628 8629
F 4675 4676 8629
F 2416 8630 8629
F 8630 4675 8629
F 8630 2416 2417
F 2418 8631 2417
F 8631 8630 2417
F 8630 8631 4675
F 8631 4674 4675
F 4674 8633 4673
F 519 467 520
F 467 61 520
F 467 418 419
F 61 467 419
F 45 746 683
F 45 684 747
F 684 45 683
F 45 747 809
F 45 808 746
F 808 45 809
F 28 1002 1003
F 1002 28 1069
F 415 414 369
F 754 815 753
F 526 54 473
F 959 39 894
F 894 39 893
F 39 892 893
F 892 39 957
F 47 824 763
F 764 47 763
F 2075 2074 5542
F 2074 2075 2442
F 2075 5542 2076
F 2441 2075 2076
F 2442 2075 2441
F 2386 5115 2387
F 8600 2386 2387
F 2386 8600 8599
F 5115 2386 5116
F 2385 2384 5116
F 2386 2385 5116
F 2385 2386 8599
F 8597 4828 4829
F 2384 8597 2383
F 8596 8597 4829
F 8597 8596 2383
F 2388 8601 2387
F 5115 2388 2387
F 8456 2242 8457
F 7016 8456 8457
F 2241 8456 8455
F 2242 8456 2241
F 8456 7016 7015
F 8456 7015 8455
F 2040 2039 6436
F 2040 8407 2039
F 8407 2040 8408
F 8410 8411 6697
F 2044 8410 2043
F 8411 8410 2044
F 2042 6437 2043
F 8410 2042 2043
F 2042 8410 8409
F 8408 6696 6695
F 8409 6696 8408
F 6696 8410 6697
F 8410 6696 8409
F 8406 2038 2039
F 2038 6435 2039
F 2038 2037 6435
F 6691 8400 6692
F 8400 8401 6692
F 6689 6688 8394
F 6687 6686 8391
F 5967 6273 6272
F 2029 2028 6430
F 2029 6430 6431
F 6689 8395 8396
F 8395 2029 8396
F 2029 8395 2028
F 8395 6689 8394
F 2028 8395 8394
F 8393 2027 8394
F 8393 2026 2027
F 6688 8393 8394
F 2024 6427 6428
F 2024 2023 6427
F 6429 2025 6428
F 2026 2025 6429
F 2025 2024 6428
F 2024 2025 8391
F 6563 2056 2055
F 2056 8422 2055
F 2056 6563 2057
F 8422 2056 6703
F 8421 6702 8420
F 2054 8421 8420
F 8421 2054 2055
F 8421 8422 6702
F 8422 8421 2055
F 6700 8416 8417
F 6700 8418 6701
F 8418 6700 8417
F 6560 2050 2049
F 2050 8416 2049
F 8416 2050 8417
F 2050 6560 2051
F 8417 2050 2051
F 6553 6554 1996
F 8688 8689 4363
F 2130 8689 8688
F 4362 8689 8690
F 8689 4362 4363
F 8690 8689 2131
F 8689 2130 2131
F 8681 8682 4366
F 8682 8681 2123
F 8682 8683 4366
F 8682 2123 2124
F 8683 8682 2124
F 8678 2119 4661
F 2013 2014 8380
F 2014 2013 6422
F 2017 2016 6424
F 2021 8387 2020
F 2021 8388 8387
F 2021 2020 6426
F 6822 8362 8363
F 8373 6678 6677
F 8367 8368 6825
F 6825 8368 8369
F 8368 2001 8369
F 2001 2000 6556
F 8368 2000 2001
F 2000 8368 8367
F 6558 2004 6557
F 2004 2003 6557
F 1993 1992 6675
F 1992 1993 8360
F 8138 8034 8035
F 8036 8138 8035
F 8138 8036 8037
F 8038 8138 8037
F 8138 8038 8039
F 8040 8138 8039
F 8138 8040 8041
F 8042 8138 8041
F 8138 8042 8043
F 8044 8138 8043
F 8138 8044 8045
F 8046 8138 8045
F 8047 8138 8046
F 8138 8047 8048
F 8049 8138 8048
F 8138 8049 8050
F 8138 8050 8051
F 8052 8138 8051
F 8138 8052 8053
F 8054 8138 8053
F 8137 8138 8181
F 1984 6547 6548
F 1975 1974 6542
F 8341 1974 1975
F 1974 1973 6542
F 1974 8340 1973
F 1974 8341 8340
F 8339 8340 6670
F 8340 8339 1973
F 8339 1972 1973
F 8330 8331 6666
F 8331 8330 1964
F 8331 8332 6666
F 6396 2222 2221
F 2222 8329 2221
F 2222 8330 8329
F 6397 2222 6396
F 1964 2222 6397
F 8330 2222 1964
F 5942 1823 6088
F 6088 1823 1822
F 1823 2213 1822
F 6420 2008 6559
F 2012 6421 6422
F 6421 2012 2011
F 6541 1971 6540
F 1972 1971 6541
F 6817 8353 6818
F 8353 6817 8352
F 1988 6673 1989
F 8355 1988 1989
F 8010 8011 8115
F 1794 6383 6384
F 5481 5628 5480
F 5786 5628 5787
F 5628 5786 5480
F 2204 1832 2203
F 2204 1831 1832
F 5344 2204 2203
F 2204 5344 5493
F 1827 1826 5798
F 1826 1827 2209
F 1828 5639 1829
F 1828 1827 5639
F 1827 1828 2208
F 1803 6388 1804
F 6388 1803 1802
F 6389 1805 1804
F 1805 8315 1804
F 8315 1805 8316
F 8322 1811 1812
F 8322 8321 1811
F 8321 8322 6661
F 8322 6662 6661
F 8322 8323 6662
F 8323 8322 1812
F 1813 1812 6393
F 1813 8323 1812
F 1814 1813 6393
F 8323 1813 8324
F 1813 1814 8324
F 6655 6654 8308
F 6654 8307 8308
F 8307 6654 8306
F 8304 1793 1794
F 1793 6383 1794
F 6651 8301 8302
F 6538 6651 6650
F 8301 6651 6538
F 1863 4335 1864
F 4335 1863 4336
F 4335 4334 1865
F 1864 4335 1865
F 1869 8769 1868
F 8769 4046 4047
F 8769 8770 4046
F 8769 1869 8770
F 8767 8768 4047
F 8768 8769 4047
F 8769 8768 1868
F 8766 8767 4048
F 8766 8765 1865
F 8765 8766 4048
F 8770 8771 4046
F 1870 8771 8770
F 8771 1870 1871
F 8771 4045 4046
F 8771 8772 4045
F 8772 8771 1871
F 4192 1873 4193
F 4193 1873 1872
F 1873 8773 1872
F 8305 8304 1794
F 1795 8305 1794
F 8305 1795 8306
F 1853 1852 4341
F 1852 1853 8753
F 1853 4341 4340
F 1854 1853 4340
F 8753 1853 8754
F 1853 1854 8754
F 1849 8750 8749
F 1850 8750 1849
F 8750 4056 8749
F 8750 8751 4056
F 8750 1850 8751
F 2194 2193 4627
F 1842 2193 2194
F 2193 2192 4627
F 2192 2193 1843
F 2193 1842 1843
F 1848 1846 4343
F 1846 1845 4343
F 1845 1846 2190
F 2181 8740 8739
F 8740 4199 8739
F 2176 2177 8735
F 2177 8736 8735
F 2177 2176 4349
F 8736 2177 4349
F 1543 8955 8956
F 8955 2503 8956
F 2503 8955 2504
F 2505 8953 2536
F 8756 8757 4053
F 4052 8757 8758
F 4053 8757 4052
F 4902 1838 1837
F 1839 1838 4902
F 1838 1839 2197
F 2198 2199 1837
F 2199 2198 5046
F 5046 2198 4903
F 2198 2197 4903
F 1838 2198 1837
F 2198 1838 2197
F 4664 2112 4665
F 2113 2112 4664
F 4662 4661 2118
F 4510 8677 4509
F 8677 4510 2118
F 2119 8677 2118
F 8677 8678 4509
F 8678 8677 2119
F 1619 1620 8918
F 1620 1657 8918
F 1620 1621 8917
F 1657 1620 8917
F 5 1423 1498
F 1422 5 1496
F 1423 5 1351
F 5 1422 1351
F 1663 8909 1662
F 8910 8909 2696
F 1662 8909 8910
F 8919 2619 8920
F 8919 1619 1656
F 1619 8919 8920
F 2620 8919 1656
F 8919 2620 2687
F 2686 8919 2687
F 2619 8919 2686
F 734 671 50
F 50 671 612
F 735 734 50
F 672 735 50
F 2344 2343 5278
F 2342 2343 8556
F 5278 2343 2342
F 4980 8561 4979
F 4980 8560 8561
F 2345 8559 8558
F 8559 4981 8558
F 8559 2345 2346
F 8559 4980 4981
F 8560 8559 2346
F 4980 8559 8560
F 3053 8860 3054
F 3053 8861 8860
F 2411 2410 4958
F 13 1456 1455
F 1456 13 1384
F 13 1313 1384
F 8873 2921 2920
F 1702 8884 1701
F 2909 8884 2910
F 8881 2912 8882
F 2912 2911 8882
F 1679 1642 1680
F 1680 1642 0
F 1589 1642 1588
F 1642 1589 0
F 2414 8627 2413
F 2414 4957 4956
F 4957 2414 2413
F 8627 2414 8628
F 2415 2414 4956
F 2414 2415 8628
F 4959 2408 4960
F 2915 8879 8878
F 2915 8878 2916
F 8880 8881 1704
F 8879 8880 1704
F 1707 1708 8875
F 8876 1707 8875
F 1707 8876 1706
F 8877 2917 2916
F 8876 2917 8877
F 2917 8876 2918
F 2460 2461 8430
F 2460 6566 2461
F 8429 2460 8430
F 2459 2460 8429
F 6566 2460 6565
F 2460 2459 6565
F 2457 2456 2458
F 2456 2457 2060
F 2060 2059 2061
F 8426 2059 2060
F 2061 2059 6564
F 2059 8426 8425
F 2058 2059 8425
F 2059 2058 6564
F 1253 26 1181
F 1252 26 1253
F 1936 4443 4585
F 1936 1935 4443
F 8838 8839 4442
F 8837 8838 4442
F 8836 4302 8835
F 1935 8836 8835
F 8836 8837 4302
F 8836 1936 8837
F 1936 8836 1935
F 1751 5909 5910
F 5909 1751 1750
F 5760 5904 5759
F 7629 7630 7756
F 7488 7489 7624
F 8287 6379 6378
F 8289 6533 6379
F 6373 8277 6374
F 8277 8278 6374
F 6066 1771 6065
F 5758 1735 5757
F 1736 1735 5758
F 1751 8260 1750
F 5911 1753 5910
F 1762 6061 1763
F 6061 6062 1763
F 8230 8229 1958
F 8230 5751 8229
F 7048 7049 7196
F 7045 7046 7196
F 7046 7047 7196
F 7347 7487 7346
F 7347 7348 7487
F 8961 8960 2498
F 2498 8960 2499
F 8960 8959 2499
F 8959 8960 1540
F 8960 1539 1540
F 1539 8960 8961
F 1539 8962 1538
F 1539 8961 8962
F 2476 1533 8969
F 1533 2476 8970
F 8970 2476 2475
F 2477 8968 2490
F 2477 1534 8968
F 8969 2477 2490
F 1534 2477 8969
F 1915 8815 1914
F 8815 3888 3889
F 1914 8815 3889
F 8816 1916 3888
F 8816 1915 1916
F 8815 8816 3888
F 8816 8815 1915
F 1911 1910 4035
F 1912 1911 4035
F 1911 1912 8812
F 8810 1909 4036
F 1910 8810 4036
F 8810 1910 3891
F 8829 1928 8830
F 1928 8829 1927
F 4027 1928 1927
F 4303 1932 4164
F 1932 4303 1933
F 1932 1933 8834
F 8833 1932 8834
F 1931 1930 4164
F 1931 8832 1930
F 1932 1931 4164
F 8832 1931 8833
F 1931 1932 8833
F 8827 3744 3745
F 3744 8827 3887
F 3899 8795 3898
F 8795 3899 8794
F 1887 4186 4185
F 8783 3904 4040
F 1901 8802 8801
F 1900 1901 8801
F 1901 1900 4178
F 1902 1901 4178
F 8802 1901 1902
F 8803 8804 3894
F 1903 8804 8803
F 8804 8805 3894
F 8804 1904 8805
F 1904 8804 4039
F 8804 1903 4039
F 486 57 485
F 486 487 539
F 57 486 539
F 58 493 445
F 58 546 493
F 446 58 445
F 494 58 446
F 58 494 547
F 546 58 547
F 8511 2298 7189
F 8511 2297 2298
F 8510 8511 7189
F 2297 8511 8510
F 7338 7337 7190
F 7337 8514 7190
F 8514 7337 8513
F 8513 7337 8512
F 7337 7336 7189
F 8512 7337 7189
F 7035 2292 7034
F 2292 2291 7034
F 2292 8505 2291
F 2259 6870 6871
F 2258 6870 2259
F 6870 2258 2257
F 6869 6870 2257
F 6716 6717 6867
F 5874 5714 5715
F 6867 2252 2251
F 2252 8466 2251
F 8467 7022 7021
F 8466 8467 7021
F 8469 8470 7023
F 8470 8469 2256
F 8470 8471 7023
F 8471 8470 2257
F 8470 2256 2257
F 8468 8469 7022
F 8467 8468 7022
F 6869 2255 6868
F 8468 2255 8469
F 2255 6869 2256
F 8469 2255 2256
F 8459 2245 8460
F 8459 7018 7017
F 7018 8459 8460
F 2245 8459 2244
F 8463 2248 2249
F 8462 2248 8463
F 2249 2248 6715
F 2380 8593 2379
F 5119 2380 2379
F 2380 5119 5118
F 8593 2380 8594
F 2381 2380 5118
F 2380 2381 8594
F 4971 8579 4970
F 8579 8580 4970
F 2369 8582 2368
F 8581 8582 4836
F 8582 8581 2368
F 8582 8583 4836
F 8582 2369 8583
F 8576 2362 5127
F 2362 8576 8575
F 2362 5128 5127
F 8576 2363 4972
F 2363 8576 5127
F 2375 2374 5121
F 8589 2375 2376
F 2375 5121 2376
F 8588 4833 8587
F 2374 8588 8587
F 2375 8588 2374
F 4833 8588 8589
F 8588 2375 8589
F 2373 2374 8587
F 2373 5122 2374
F 2361 8574 5128
F 2361 2362 8575
F 2362 2361 5128
F 4973 2361 8575
F 8574 2361 4973
F 8573 4973 4974
F 8573 8574 4973
F 5576 5424 5425
F 3876 3735 3877
F 1593 1646 10
F 1594 1646 1593
F 1646 1684 10
F 5093 4949 5094
F 5093 2435 4949
F 2440 2441 2076
F 2077 2440 2076
F 2441 2440 5391
F 2440 2439 5391
F 2440 2077 2439
F 5233 2078 5390
F 2078 2077 5390
F 2077 2078 2439
F 8646 4815 2088
F 8646 2087 4815
F 2430 2429 4816
F 2432 2084 2085
F 2433 2084 2432
F 2084 4815 2085
F 4815 2084 4948
F 2084 2083 4948
F 2084 2433 2083
F 4819 2423 8636
F 2423 8637 8636
F 8648 2089 2090
F 8632 2419 8633
F 4674 8632 8633
F 8632 2418 2419
F 8632 8631 2418
F 8632 4674 8631
F 882 881 48
F 818 882 48
F 474 526 473
F 958 39 959
F 39 958 957
F 646 55 707
F 585 646 584
F 55 646 585
F 951 38 950
F 8598 8599 4828
F 8598 2385 8599
F 2385 8598 2384
F 8597 8598 4828
F 8598 8597 2384
F 5254 5255 5410
F 5409 5254 5410
F 4969 5115 5114
F 4969 2388 5115
F 6307 6308 6461
F 2041 2040 6436
F 2040 2041 8408
F 6437 2041 6436
F 2042 2041 6437
F 2041 8409 8408
F 2041 2042 8409
F 8405 8404 2037
F 2038 8405 2037
F 8404 8405 6694
F 8405 8406 6694
F 8405 2038 8406
F 8399 6691 8398
F 8399 8400 6691
F 8401 2033 2034
F 8400 2033 8401
F 2034 2033 6433
F 2033 6432 6433
F 8389 6686 6685
F 8388 8389 6685
F 6116 5967 5968
F 6116 6273 5967
F 6116 6274 6273
F 2030 2029 6431
F 2031 2030 6431
F 2030 2031 8397
F 2030 8397 8396
F 2029 2030 8396
F 8392 6688 6687
F 8392 8393 6688
F 8392 6687 8391
F 2025 8392 8391
F 8393 8392 2026
F 8392 2025 2026
F 2056 8423 6703
F 8423 2056 2057
F 8423 8424 6703
F 8424 8423 2057
F 8416 6699 8415
F 6700 6699 8416
F 6699 6698 8414
F 8415 6699 8414
F 2699 2698 8907
F 2120 8679 4509
F 8678 2120 4509
F 2120 8678 4661
F 4660 2120 4661
F 2120 4660 2121
F 8679 2120 2121
F 8381 2014 2015
F 6681 8381 6682
F 8381 6681 8380
F 2014 8381 8380
F 6423 2014 6422
F 2014 6423 2015
F 2016 6423 6424
F 6423 2016 2015
F 8383 2017 8384
F 8383 2016 2017
F 6683 8383 8384
F 8383 6683 6682
F 1995 6553 1996
F 8363 1995 1996
F 8362 1995 8363
F 1994 1993 6675
F 1994 1995 8362
F 6553 1994 6675
F 1995 1994 6553
F 2006 6558 6559
F 8373 8374 6678
F 6678 8374 8375
F 2006 8374 8373
F 8372 8373 6677
F 1999 8367 8366
F 1999 2000 8367
F 1999 8366 1998
F 2003 8371 8370
F 2004 8371 2003
F 8370 8371 6676
F 8371 6677 6676
F 8371 8372 6677
F 8372 8371 2004
F 1985 1984 6548
F 6816 8351 8352
F 8351 1985 8352
F 1985 8351 1984
F 1979 6544 6545
F 1980 1979 6545
F 8344 8345 6813
F 8332 8333 6667
F 1968 1967 6539
F 1969 1968 6539
F 8335 1968 1969
F 6398 6399 6539
F 1967 6398 6539
F 6089 2212 5943
F 2213 2212 6089
F 1823 2212 2213
F 2010 6421 2011
F 6421 2010 6420
F 2010 2011 8378
F 1971 1970 6540
F 1970 1971 8337
F 1970 1969 6540
F 1970 8337 8336
F 1969 1970 8336
F 8339 8338 1972
F 8338 1971 1972
F 8338 8339 6670
F 6669 8338 6670
F 8337 8338 6669
F 1971 8338 8337
F 8354 8355 6818
F 8353 8354 6818
F 8354 1988 8355
F 1988 6672 6673
F 6549 6672 6548
F 2205 2204 5493
F 2206 2205 5493
F 2205 2206 1830
F 1831 2205 1830
F 2204 2205 1831
F 2206 2207 1829
F 2207 1828 1829
F 2207 2206 5640
F 2208 2207 5640
F 1828 2207 2208
F 8313 8312 1802
F 1803 8313 1802
F 1806 1805 6389
F 1805 1806 8316
F 6390 1806 6389
F 1806 6390 1807
F 8317 1806 1807
F 8316 1806 8317
F 7760 7761 7882
F 6652 6651 8302
F 8768 1867 1868
F 1867 8768 8767
F 1868 1867 4333
F 4333 1867 4334
F 4334 1866 1865
F 1866 8766 1865
F 1867 1866 4334
F 8766 1866 8767
F 1866 1867 8767
F 1874 1875 8775
F 1875 1874 4192
F 4044 1874 8775
F 5776 5627 5777
F 1847 1846 1848
F 1847 1848 8748
F 2189 4344 2190
F 1846 2189 2190
F 2189 1847 2188
F 1847 2189 1846
F 4199 8741 4198
F 8740 8741 4199
F 4198 8743 4197
F 2186 4345 4344
F 8954 2505 2504
F 8955 8954 2504
F 8954 8955 1543
F 1856 8757 8756
F 1856 1855 4339
F 1856 8756 1855
F 2108 4805 4804
F 2107 2108 8666
F 2108 2107 4805
F 4515 8665 8666
F 4515 4516 8665
F 8671 2113 8672
F 8671 2112 2113
F 4512 8671 8672
F 8673 4512 8672
F 4512 8673 4511
F 4511 8675 4510
F 1497 5 1498
F 5 1497 1496
F 19 1266 1267
F 1338 1266 19
F 8556 8557 4982
F 2343 8557 8556
F 8557 2343 2344
F 8557 4981 4982
F 8557 2344 8558
F 4981 8557 8558
F 3053 3052 8861
F 3052 3051 8862
F 8861 3052 8862
F 4957 2412 4958
F 2412 2411 4958
F 2412 4957 2413
F 2411 8624 2410
F 4680 4681 8619
F 1313 1383 1312
F 13 1383 1313
F 1383 13 1455
F 2921 8872 2922
F 8872 8871 2922
F 8872 8873 1709
F 8872 2921 8873
F 1710 8872 1709
F 8871 8872 1710
F 2806 2909 8885
F 2806 8884 2909
F 2806 8885 1701
F 8884 2806 1701
F 2910 2807 8883
F 8884 2807 2910
F 2807 1702 8883
F 2807 8884 1702
F 2409 4959 2410
F 2409 2408 4959
F 4680 8621 4679
F 2913 2912 8881
F 8880 2913 8881
F 8427 2458 8428
F 8427 2457 2458
F 6855 8427 8428
F 2457 8427 2060
F 8426 8427 6855
F 8427 8426 2060
F 1180 26 1252
F 26 1180 1181
F 1936 1937 8837
F 1937 8838 8837
F 1937 1936 4585
F 5315 5464 5314
F 5620 5464 5621
F 5464 5620 5314
F 5909 1749 5908
F 1749 5909 1750
F 5904 1739 5759
F 1739 1738 5759
F 1736 1737 8246
F 1738 1737 5759
F 1737 5758 5759
F 1737 1736 5758
F 7491 7492 7624
F 7490 7491 7624
F 7489 7490 7624
F 8286 8287 6378
F 1778 6219 1779
F 8275 6373 6216
F 8277 1767 8278
F 6065 1769 6064
F 8280 6375 8279
F 1769 8280 8279
F 5755 5756 1731
F 1727 5754 1728
F 5754 1729 1728
F 1729 5754 5755
F 1733 5756 5757
F 6055 8251 6056
F 1756 1755 5912
F 1755 5911 5912
F 1752 1751 5910
F 1753 1752 5910
F 6061 1761 6060
F 1761 1760 6060
F 1761 6061 1762
F 8272 1761 1762
F 1760 1759 6060
F 5602 1959 1958
F 1959 8230 1958
F 8234 5903 5902
F 5903 8234 8235
F 5603 1962 1961
F 5903 6048 6047
F 6050 8241 6051
F 7200 7201 7344
F 8266 6212 8265
F 1755 8266 8265
F 8266 1755 1756
F 6212 6211 8265
F 2489 8969 2490
F 2489 2476 8969
F 8811 8812 3890
F 8811 1911 8812
F 1911 8811 1910
F 8811 3890 3891
F 1910 8811 3891
F 1928 1929 8830
F 1929 1928 4027
F 1929 4027 4165
F 1930 1929 4165
F 8830 1929 8831
F 1929 1930 8831
F 8795 8796 3898
F 8796 8797 3898
F 8797 8796 1896
F 4181 1894 4182
F 1894 8795 8794
F 3899 8793 8794
F 8785 3903 3904
F 3903 8785 8786
F 1886 4186 1887
F 8783 8784 3904
F 8784 8783 1883
F 8784 8785 3904
F 1881 8782 4040
F 8782 1881 4188
F 1883 1882 4188
F 8783 1882 1883
F 1882 8782 4188
F 1882 8783 4040
F 8782 1882 4040
F 4036 1908 4037
F 1909 1908 4036
F 7187 8508 7188
F 8508 7187 2294
F 8508 8509 7188
F 8509 8508 2295
F 8508 2294 2295
F 6598 6484 2308
F 6597 6598 6741
F 6741 6598 2306
F 2293 7035 2294
F 2293 2292 7035
F 6585 6584 6461
F 6584 6307 6461
F 2253 6867 6868
F 2253 2252 6867
F 2252 2253 8466
F 2253 8467 8466
F 8458 8459 7017
F 8459 8458 2244
F 7016 8458 7017
F 8458 7016 8457
F 2243 8458 8457
F 8458 2243 2244
F 2247 8462 8461
F 2247 2248 8462
F 2247 2246 6714
F 2247 8461 2246
F 2247 6714 6715
F 2248 2247 6715
F 2366 5126 5125
F 8579 2366 8580
F 2367 2366 5125
F 8580 2366 2367
F 5126 2364 5127
F 2364 2363 5127
F 8578 2364 5126
F 8585 4834 4835
F 8572 8571 2358
F 8571 8572 4974
F 5129 8572 2358
F 2360 5129 5128
F 8574 2360 5128
F 8573 2360 8574
F 1646 1685 1684
F 9 1450 1524
F 1450 9 1449
F 2439 5234 5391
F 2429 8643 4669
F 8643 2429 2430
F 8643 4668 4669
F 8646 4667 2087
F 4667 2088 8647
F 4667 8646 2088
F 8637 4671 4672
F 4818 2424 4819
F 2424 2423 4819
F 2423 2424 8637
F 4666 4523 4524
F 4666 8649 4523
F 4666 2090 8649
F 4666 8648 2090
F 4666 4667 8647
F 2089 4666 8647
F 8648 4666 2089
F 817 818 48
F 881 817 48
F 583 526 584
F 526 583 54
F 38 1015 950
F 1016 38 951
F 1016 1015 38
F 2391 4968 2392
F 5253 5254 5409
F 4969 8602 2388
F 8601 8602 4826
F 2388 8602 8601
F 5709 5869 5868
F 5867 5708 5868
F 5708 5709 5868
F 2031 2032 8398
F 2032 8399 8398
F 2032 2031 6432
F 2033 2032 6432
F 8399 2032 8400
F 2032 2033 8400
F 8390 8389 2023
F 8389 8390 6686
F 6686 8390 8391
F 8390 2024 8391
F 2024 8390 2023
F 2021 2022 8388
F 2022 8389 8388
F 6427 2022 6426
F 2022 2021 6426
F 2023 2022 6427
F 8389 2022 2023
F 6552 6553 6675
F 8381 8382 6682
F 8382 8381 2015
F 8382 8383 6682
F 2016 8382 2015
F 8383 8382 2016
F 8361 6822 6821
F 8360 8361 6821
F 8361 8362 6822
F 8361 1994 8362
F 1993 8361 8360
F 1994 8361 1993
F 2007 2006 6559
F 2007 8374 2006
F 2008 2007 6559
F 2007 2008 8375
F 8374 2007 8375
F 2005 2004 6558
F 2005 8372 2004
F 2006 2005 6558
F 2005 2006 8373
F 8372 2005 8373
F 2000 6555 6556
F 1999 6555 2000
F 6554 6555 1998
F 6555 1999 1998
F 8134 8135 8181
F 8135 8136 8181
F 1984 1983 6547
F 1983 1982 6547
F 1981 1982 8348
F 1981 8348 8347
F 1980 1981 8347
F 6544 1977 6543
F 1977 1976 6543
F 8343 1977 8344
F 1976 1977 8343
F 8346 6814 6813
F 8345 8346 6813
F 8346 8345 1979
F 8346 8347 6814
F 8346 1980 8347
F 1980 8346 1979
F 5953 5809 5810
F 8333 8334 6667
F 8334 8333 1967
F 8334 6668 6667
F 6668 8334 8335
F 8334 1968 8335
F 1968 8334 1967
F 1966 8333 8332
F 8333 1966 1967
F 1966 6398 1967
F 2210 5799 5943
F 2210 2209 5799
F 2210 1826 2209
F 2009 2008 6420
F 2010 2009 6420
F 1987 8354 8353
F 8354 1987 1988
F 1987 6672 1988
F 8312 6657 6656
F 8313 6657 8312
F 8301 1792 8302
F 1791 1792 8301
F 6382 1792 1791
F 1792 6382 6383
F 1793 1792 6383
F 1790 1789 6381
F 6382 1790 6381
F 1790 6382 1791
F 8303 1793 8304
F 6652 8303 8304
F 8303 6652 8302
F 1792 8303 8302
F 8303 1792 1793
F 6654 6653 8306
F 6653 8305 8306
F 8305 6653 8304
F 6653 6652 8304
F 8774 1873 4192
F 1874 8774 4192
F 8774 1874 4044
F 8773 8774 4044
F 1873 8774 8773
F 1788 6380 6381
F 1788 1789 8298
F 1789 1788 6381
F 6537 8297 8298
F 8297 1788 8298
F 4196 8747 4195
F 4195 8747 8748
F 8747 1847 8748
F 1847 8747 2188
F 8741 8742 4198
F 8742 8741 2183
F 8742 8743 4198
F 4346 2182 4347
F 2182 2181 4347
F 2183 2182 4346
F 8741 2182 2183
F 2182 8740 2181
F 2182 8741 8740
F 4345 2184 4346
F 2184 2183 4346
F 2184 8742 2183
F 8742 2184 8743
F 8745 4196 4197
F 2186 2185 4345
F 2185 2184 4345
F 2184 2185 8743
F 2505 1544 8953
F 8954 1544 2505
F 8953 1544 1545
F 1544 8954 1543
F 1857 1856 4339
F 1856 1857 8757
F 1857 4339 4338
F 1858 1857 4338
F 1857 1858 8758
F 8757 1857 8758
F 2109 2108 4804
F 2108 8667 8666
F 8667 4515 8666
F 2109 8667 2108
F 8667 2109 8668
F 2112 8670 4665
F 8671 8670 2112
F 4665 2110 4804
F 2110 2109 4804
F 2110 8669 8668
F 2109 2110 8668
F 8669 4514 8668
F 4514 8667 8668
F 8667 4514 4515
F 2114 4664 4663
F 4664 2114 8672
F 2114 8673 8672
F 4510 8676 2118
F 8675 8676 4510
F 8676 4662 2118
F 8673 8674 4511
F 8626 2412 2413
F 8626 8627 4677
F 8627 8626 2413
F 4678 8625 4677
F 8625 8626 4677
F 8626 8625 2412
F 2412 8625 2411
F 8624 8625 4678
F 8625 8624 2411
F 2404 4962 4961
F 8623 2409 2410
F 8623 4678 4679
F 8624 8623 2410
F 8623 8624 4678
F 2409 8622 2408
F 8621 8622 4679
F 8622 8621 2408
F 8622 8623 4679
F 8623 8622 2409
F 8620 4680 8619
F 8620 8621 4680
F 5405 5249 5406
F 5248 5249 5405
F 5249 5250 5406
F 4968 4967 2392
F 8838 1938 8839
F 1937 1938 8838
F 1938 1937 4585
F 1939 1938 4585
F 8839 1938 1939
F 8249 6055 6054
F 8247 1737 1738
F 6053 8247 6054
F 8247 6053 8246
F 1737 8247 8246
F 8287 8288 6379
F 1778 8288 8287
F 8288 8289 6379
F 8289 8288 1779
F 8288 1778 1779
F 1777 1778 8287
F 8286 1777 8287
F 1776 1777 8286
F 1778 6218 6219
F 1777 6218 1778
F 6218 1776 6217
F 6218 1777 1776
F 6219 1780 1779
F 6220 1780 6219
F 1780 8289 1779
F 8276 8277 6373
F 8275 8276 6373
F 6062 1764 1763
F 1768 1767 6064
F 1767 1768 8278
F 1769 1768 6064
F 8278 1768 8279
F 1768 1769 8279
F 8280 8281 6375
F 8281 6376 6375
F 1771 1770 6065
F 1770 1769 6065
F 1770 8280 1769
F 8281 1770 1771
F 1770 8281 8280
F 1772 6066 6067
F 1773 1772 6067
F 1772 1771 6066
F 6217 1774 6067
F 1774 1773 6067
F 8238 1727 1728
F 1730 5755 1731
F 1730 1729 5755
F 8241 1730 1731
F 5753 5754 1727
F 5604 5753 5603
F 5753 1962 5603
F 1735 1734 5757
F 1734 1733 5757
F 5756 1732 1731
F 1733 1732 5756
F 6052 8245 6053
F 6053 8245 8246
F 8245 1734 1735
F 8245 1736 8246
F 1736 8245 1735
F 5905 1741 5904
F 8250 8251 6055
F 8249 8250 6055
F 8250 1741 8251
F 1754 1753 5911
F 1755 1754 5911
F 1754 1755 8265
F 1752 8261 1751
F 8261 6210 6209
F 8260 8261 6209
F 8261 8260 1751
F 8263 6211 6210
F 1754 8263 1753
F 6214 8271 6215
F 8271 8272 6215
F 8271 1761 8272
F 1761 8271 1760
F 1759 6059 6060
F 5913 6059 5912
F 1960 5602 1961
F 8230 8231 5751
F 1959 8231 8230
F 8231 1959 5602
F 1960 8231 5602
F 1962 8233 1961
F 8233 1962 8234
F 8233 8234 5902
F 8236 6048 5903
F 8236 5903 8235
F 8266 8267 6212
F 8267 8266 1756
F 4169 4170 4308
F 4309 4451 4450
F 4309 4170 4171
F 1895 1894 4181
F 1894 1895 8795
F 1895 8796 8795
F 1895 4181 1896
F 8796 1895 1896
F 3901 8790 8791
F 8793 1893 8794
F 1894 1893 4182
F 1893 1894 8794
F 4186 1885 4187
F 8785 1885 8786
F 1886 1885 4186
F 1885 1886 8786
F 8787 1886 1887
F 3903 8787 3902
F 8787 3903 8786
F 1886 8787 8786
F 1884 1883 4187
F 1884 8784 1883
F 8784 1884 8785
F 1885 1884 4187
F 1884 1885 8785
F 4037 1906 4038
F 3893 8807 3892
F 8805 3893 3894
F 1907 1906 4037
F 1906 1907 8807
F 3892 8809 3891
F 8809 1908 1909
F 8809 8810 3891
F 8810 8809 1909
F 2307 6598 2308
F 2307 8522 8521
F 8522 2307 2308
F 2306 2307 8521
F 6598 2307 2306
F 6739 6596 6740
F 6596 6739 6595
F 6739 6738 6595
F 2293 8506 2292
F 8506 7187 7186
F 8505 8506 7186
F 2292 8506 8505
F 2254 2253 6868
F 2255 2254 6868
F 2254 2255 8468
F 2254 8468 8467
F 2253 2254 8467
F 2365 8579 4971
F 8578 2365 4971
F 2365 8578 5126
F 2366 2365 5126
F 2365 2366 8579
F 2363 8577 4972
F 2364 8577 2363
F 4972 8577 4971
F 8577 8578 4971
F 8577 2364 8578
F 8584 8585 4835
F 8584 8583 2370
F 8583 8584 4835
F 5122 2372 5123
F 2373 2372 5122
F 2359 8573 4974
F 8572 2359 4974
F 2359 8572 5129
F 2360 2359 5129
F 2359 2360 8573
F 2080 5233 5092
F 2087 8645 2085
F 8645 2086 2085
F 2086 8645 4668
F 8645 4667 4668
F 4667 8645 2087
F 2431 2432 2085
F 2086 2431 2085
F 2431 2430 2432
F 2431 2086 4668
F 4670 4671 8639
F 8640 4670 8639
F 4670 8641 4669
F 2426 8640 8639
F 8638 2424 4818
F 8638 4671 8637
F 2424 8638 8637
F 53 634 694
F 53 633 634
F 54 582 525
F 583 582 54
F 8605 2391 2392
F 2391 8605 4825
F 4825 8605 4824
F 8603 4825 4826
F 8602 8603 4826
F 8909 2697 2696
F 8351 8350 1984
F 8350 1983 1984
F 8350 8351 6816
F 8350 6816 6815
F 6546 1980 6545
F 6546 1981 1980
F 1982 6546 6547
F 1981 6546 1982
F 1978 8345 8344
F 1977 1978 8344
F 1978 1977 6544
F 1978 6544 1979
F 8345 1978 1979
F 1965 1966 8332
F 1966 1965 6398
F 6398 1965 6397
F 1965 1964 6397
F 1965 8331 1964
F 8331 1965 8332
F 2212 2211 5943
F 2211 2210 5943
F 2008 8376 8375
F 2009 8376 2008
F 8375 8376 6679
F 1986 1987 8353
F 1987 1986 6672
F 6672 1986 6548
F 1986 1985 6548
F 1986 8353 8352
F 1985 1986 8352
F 8314 6657 8313
F 8314 1803 1804
F 8314 8313 1803
F 6657 8314 6658
F 8314 8315 6658
F 8315 8314 1804
F 1790 8299 1789
F 1789 8299 8298
F 6537 8299 6538
F 8299 6537 8298
F 2187 2189 2188
F 2189 2187 4344
F 2187 2186 4344
F 2187 8745 2186
F 8743 8744 4197
F 2185 8744 8743
F 8744 8745 4197
F 8745 8744 2186
F 8744 2185 2186
F 8670 2111 4665
F 2111 8670 8669
F 2111 2110 4665
F 2110 2111 8669
F 8670 4513 8669
F 4513 4514 8669
F 4513 8670 8671
F 4512 4513 8671
F 8676 2117 4662
F 2117 8676 8675
F 8674 2115 4663
F 2115 8674 8673
F 2115 2114 4663
F 2114 2115 8673
F 2116 8674 4663
F 4662 2116 4663
F 2116 8675 4511
F 8674 2116 4511
F 2117 2116 4662
F 2116 2117 8675
F 2405 2404 4961
F 2406 8620 8619
F 2406 4961 4960
F 2405 2406 8619
F 2406 2405 4961
F 8620 2407 8621
F 2408 2407 4960
F 8621 2407 2408
F 2407 2406 4960
F 2406 2407 8620
F 2398 4964 8612
F 4964 2398 4965
F 4964 4963 2400
F 4963 4962 2402
F 2398 2397 4965
F 2915 2914 8879
F 2914 8880 8879
F 2914 2913 8880
F 8251 8252 6056
F 8252 8253 6056
F 8253 6057 6056
F 5906 5907 1745
F 1747 5907 5908
F 8247 8248 6054
F 8248 8247 1738
F 8248 8249 6054
F 1739 8248 1738
F 8249 8248 1739
F 1781 1780 6220
F 1766 1767 8277
F 8276 1766 8277
F 1765 1764 6062
F 1764 1765 8275
F 1765 8276 8275
F 1765 1766 8276
F 8274 8273 1763
F 1764 8274 1763
F 8273 8274 6216
F 8274 8275 6216
F 8274 1764 8275
F 8282 8281 1771
F 1772 8282 1771
F 8281 8282 6376
F 8282 1772 1773
F 8285 8286 6378
F 8285 1776 8286
F 6377 8285 6378
F 6048 8237 6049
F 8237 8238 6049
F 8238 8237 1727
F 8236 8237 6048
F 1730 8240 1729
F 8240 8241 6050
F 8240 1730 8241
F 5753 1963 1962
F 8234 1963 8235
F 1962 1963 8234
F 8242 8241 1731
F 1732 8242 1731
F 8241 8242 6051
F 8244 8245 6052
F 8245 8244 1734
F 1734 8244 1733
F 1740 1739 5904
F 1741 1740 5904
F 8250 1740 1741
F 1740 8249 1739
F 1740 8250 8249
F 8261 8262 6210
F 8262 8261 1752
F 8262 8263 6210
F 8262 1752 1753
F 8263 8262 1753
F 8263 8264 6211
F 8264 8263 1754
F 6211 8264 8265
F 8264 1754 8265
F 8270 8271 6214
F 8271 8270 1760
F 8269 8270 6214
F 8270 1759 1760
F 8270 8269 1759
F 1758 6059 1759
F 1758 8269 8268
F 8269 1758 1759
F 8233 5752 1961
F 5752 8233 5902
F 8231 5752 5751
F 5752 8231 1960
F 6213 8267 8268
F 8267 6213 6212
F 8269 6213 8268
F 6213 8269 6214
F 4592 4737 4736
F 4591 4592 4736
F 4592 4593 4737
F 8789 3901 3902
F 8789 8790 3901
F 8790 1890 8791
F 4183 1890 4184
F 3900 3901 8791
F 8792 3900 8791
F 3900 8793 3899
F 3900 8792 8793
F 8792 1892 8793
F 1892 1893 8793
F 1892 4183 4182
F 1893 1892 4182
F 1891 8792 8791
F 1890 1891 8791
F 1891 1890 4183
F 1891 1892 8792
F 1892 1891 4183
F 8806 1905 4038
F 1906 8806 4038
F 1905 8806 8805
F 8806 3893 8805
F 8806 1906 8807
F 3893 8806 8807
F 1908 8808 4037
F 8808 1907 4037
F 8808 8809 3892
F 8809 8808 1908
F 8807 8808 3892
F 1907 8808 8807
F 8506 8507 7187
F 8507 8506 2293
F 7187 8507 2294
F 8507 2293 2294
F 5123 2371 2370
F 2371 8584 2370
F 8584 2371 8585
F 2372 2371 5123
F 2371 2372 8585
F 8586 2372 2373
F 8586 8587 4834
F 8586 2373 8587
F 8585 8586 4834
F 2372 8586 8585
F 5234 2437 5093
F 2081 2080 5092
F 2081 5092 2082
F 2435 2081 2082
F 2080 2079 5233
F 2079 2078 5233
F 2437 2079 2080
F 2431 8644 2430
F 8644 2431 4668
F 8644 8643 2430
F 8643 8644 4668
F 4671 2425 8639
F 8638 2425 4671
F 2425 8638 4818
F 2425 2426 8639
F 2426 2425 4818
F 693 53 694
F 53 693 633
F 706 646 707
F 47 825 824
F 825 47 764
F 8604 2391 4825
F 8603 8604 4825
F 2391 8604 4968
F 2389 8602 4969
F 2389 8603 8602
F 8908 8909 1663
F 8908 2697 8909
F 2697 8908 2698
F 2698 8908 8907
F 8908 1663 1664
F 8908 1664 8907
F 8349 8350 6815
F 8348 8349 6815
F 1982 8349 8348
F 1983 8349 1982
F 8350 8349 1983
F 1824 2212 1823
F 1824 2211 2212
F 1824 1823 5942
F 8377 2009 2010
F 8377 8376 2009
F 8376 8377 6679
F 6679 8377 6680
F 6680 8377 8378
F 8377 2010 8378
F 8299 8300 6538
F 8300 8299 1790
F 8300 8301 6538
F 8300 1791 8301
F 8300 1790 1791
F 8745 8746 4196
F 2187 8746 8745
F 8746 8747 4196
F 8747 8746 2188
F 8746 2187 2188
F 4681 8618 8619
F 8618 2405 8619
F 2405 8618 2404
F 8617 8618 4681
F 8618 8617 2404
F 4964 2399 8612
F 2399 4964 2400
F 2401 4963 2402
F 4963 2401 2400
F 2397 8611 4822
F 8611 2397 2398
F 8611 2398 8612
F 4967 8606 2392
F 2393 8606 4967
F 8606 2393 4824
F 8605 8606 4824
F 8606 8605 2392
F 1742 1741 5905
F 1741 1742 8251
F 1742 8252 8251
F 1744 5906 1745
F 5907 1746 1745
F 1747 1746 5907
F 1746 8255 1745
F 8258 6208 8257
F 6380 6222 6223
F 1782 1781 6220
F 6221 1782 6220
F 1782 6221 1783
F 1781 8290 1780
F 8289 8290 6533
F 1780 8290 8289
F 8294 8295 6535
F 8295 6536 6535
F 6536 8297 6537
F 1788 1787 6380
F 8297 1787 1788
F 1767 6063 6064
F 1766 6063 1767
F 1765 6063 1766
F 6063 1765 6062
F 8282 8283 6376
F 8283 8282 1773
F 8283 6377 6376
F 1774 8283 1773
F 1775 1774 6217
F 1776 1775 6217
F 8285 1775 1776
F 6377 8284 8285
F 1775 8284 1774
F 8284 1775 8285
F 8284 8283 1774
F 8283 8284 6377
F 8239 8240 6050
F 8240 8239 1729
F 8239 6050 6049
F 8238 8239 6049
F 1729 8239 1728
F 8239 8238 1728
F 1726 1963 5753
F 1726 5753 1727
F 1726 8236 8235
F 1963 1726 8235
F 8237 1726 1727
F 1726 8237 8236
F 8243 1732 1733
F 8243 8242 1732
F 8242 8243 6051
F 8243 6052 6051
F 8244 8243 1733
F 8243 8244 6052
F 1758 1757 6059
F 1757 8267 1756
F 8267 1757 8268
F 1757 1758 8268
F 1757 1756 5912
F 6059 1757 5912
F 8232 1960 1961
F 5752 8232 1961
F 8232 5752 1960
F 8788 8789 3902
F 8787 8788 3902
F 8788 8787 1887
F 8789 1889 8790
F 1890 1889 4184
F 1889 1890 8790
F 2437 2436 5093
F 5093 2436 2435
F 2436 2081 2435
F 2436 2437 2080
F 2081 2436 2080
F 2438 2437 5234
F 2438 2079 2437
F 2438 5234 2439
F 2078 2438 2439
F 2079 2438 2078
F 2429 8642 4816
F 8642 2428 4816
F 8642 2429 4669
F 8641 8642 4669
F 2428 8642 8641
F 2427 2428 8641
F 2427 4670 8640
F 4670 2427 8641
F 8604 2390 4968
F 2390 8604 8603
F 2390 4969 4968
F 2390 2389 4969
F 2389 2390 8603
F 2211 1825 2210
F 1824 1825 2211
F 1825 1824 5942
F 1825 5942 5798
F 1826 1825 5798
F 2210 1825 1826
F 4682 8617 4681
F 4682 8616 8617
F 4820 4682 4683
F 4962 2403 2402
F 2403 8616 2402
F 8616 2403 8617
F 2404 2403 4962
F 8617 2403 2404
F 2399 4821 8612
F 4821 8611 8612
F 8611 4821 4822
F 8615 2401 2402
F 2401 8615 4820
F 8616 8615 2402
F 8615 4682 4820
F 4682 8615 8616
F 8614 4820 2400
F 2401 8614 2400
F 8614 2401 4820
F 8607 4823 4824
F 2393 8607 4824
F 8610 2397 4822
F 2397 8610 4965
F 5906 1743 5905
F 1743 1742 5905
F 1743 1744 8253
F 1744 1743 5906
F 8252 1743 8253
F 1742 1743 8252
F 8254 6057 8253
F 1744 8254 8253
F 8254 8255 6057
F 8255 8254 1745
F 8254 1744 1745
F 8256 1747 8257
F 8256 1746 1747
F 1746 8256 8255
F 8259 8258 1749
F 8258 8259 6208
F 6208 8259 6209
F 8259 8260 6209
F 8260 8259 1750
F 8259 1749 1750
F 1747 1748 8257
F 1748 8258 8257
F 1748 1747 5908
F 1749 1748 5908
F 8258 1748 1749
F 8255 6058 6057
F 8256 6058 8255
F 6058 8256 8257
F 6207 6058 6208
F 6208 6058 8257
F 8292 1782 1783
F 6221 1784 1783
F 6222 1784 6221
F 6536 8296 8297
F 8296 6536 8295
F 8296 1787 8297
F 1888 1887 4185
F 1888 8788 1887
F 8788 1888 8789
F 1888 1889 8789
F 4184 1888 4185
F 1889 1888 4184
F 2428 4817 4816
F 2427 4817 2428
F 4817 2426 4818
F 2426 4817 8640
F 4817 2427 8640
F 5470 5471 5627
F 5627 5471 5777
F 8613 2399 2400
F 8613 4821 2399
F 4821 8613 4820
F 4820 8613 2400
F 8607 8608 4823
F 2396 4966 4965
F 8610 2396 4965
F 6534 8293 6535
F 8292 8293 6534
F 8293 8292 1783
F 8293 8294 6535
F 1784 8293 1783
F 8293 1784 8294
F 8291 8292 6534
F 8291 6534 6533
F 1782 8291 1781
F 8292 8291 1782
F 8290 8291 6533
F 8291 8290 1781
F 1785 1784 6222
F 8294 1785 8295
F 1784 1785 8294
F 1787 1786 6380
F 8296 1786 1787
F 1786 6222 6380
F 1786 1785 6222
F 1786 8296 8295
F 1785 1786 8295
F 8608 2394 4966
F 2394 8608 8607
F 4966 2394 4967
F 2394 2393 4967
F 2394 8607 2393
F 2395 8608 4966
F 2396 2395 4966
F 8608 2395 4823
F 2395 8609 4823
F 8609 2395 2396
F 4823 8609 4822
F 8609 8610 4822
F 8609 2396 8610
F 5440 5589 5439
F 5589 5440 5590
F 5737 5589 5738
F 5589 5737 5588
F 6032 5887 5888
F 5887 6032 6031
F 5887 5737 5738
F 5888 5887 5738
F 6491 6337 6338
F 6337 6491 6490
F 5134 5135 5286
F 5285 5134 5286
F 84 91 90
F 83 84 90
F 2624 2708 2623
F 2708 2624 2709
F 6031 6181 6180
F 6032 6181 6031
F 6337 6181 6338
F 6338 6181 6182
F 5441 5285 5286
F 5285 5441 5440
F 5739 5589 5590
F 5589 5739 5738
F 6033 6181 6032
F 6181 6033 6182
F 6339 6491 6338
F 6491 6339 6492
F 5287 5441 5286
F 5441 5287 5442
F 5586 5736 5735
F 5736 5586 5587
F 7879 7752 7753
F 7752 7879 7878
F 7754 7622 7755
F 7755 7622 7623
F 389 435 434
F 388 389 434
F 272 299 298
F 272 298 271
F 530 589 588
F 589 530 531
F 4785 4921 4784
F 4921 4920 4784
F 4920 4919 4784
F 4919 4783 4784
F 5359 5060 5360
F 5060 5359 5059
F 4214 4077 4215
F 4077 4214 4076
F 91 101 90
F 101 100 90
F 849 785 786
F 785 849 848
F 1173 1103 1104
F 1103 1173 1172
F 2557 2558 2625
F 2624 2557 2625
F 4856 4855 4716
F 4856 4716 4717
F 5440 5591 5590
F 5441 5591 5440
F 5889 5888 5738
F 5739 5889 5738
F 5889 6032 5888
F 5889 6033 6032
F 6183 6338 6182
F 6183 6339 6338
F 6339 6183 6340
F 6183 6184 6340
F 2510 2560 2559
F 2560 2510 2511
F 4990 4854 4855
F 4854 4990 4989
F 100 99 90
F 99 89 90
F 88 99 98
F 99 88 89
F 99 100 110
F 109 99 110
F 99 108 98
F 108 99 109
F 164 163 151
F 152 164 151
F 141 152 151
F 140 141 151
F 908 909 976
F 975 908 976
F 908 844 845
F 909 908 845
F 1104 1039 1105
F 1039 1104 1038
F 309 310 347
F 347 310 348
F 5736 5885 5735
F 5886 5885 5736
F 7880 7754 7755
F 7881 7880 7755
F 7880 7879 7753
F 7754 7880 7753
F 7752 7621 7753
F 7621 7752 7620
F 7621 7622 7754
F 7621 7754 7753
F 7042 7193 7192
F 7042 7192 7041
F 7745 7614 7746
F 7614 7745 7613
F 6485 6333 6486
F 6333 6485 6332
F 6477 6323 6324
F 6323 6477 6476
F 6883 7029 6882
F 7029 6883 7030
F 433 388 434
F 433 387 388
F 1304 1374 1303
F 1374 1304 1375
F 1374 1302 1303
F 1302 1374 1373
F 1302 1301 1230
F 1302 1230 1231
F 1443 1372 1444
F 1372 1443 1371
F 1302 1372 1301
F 1372 1302 1373
F 298 297 271
F 297 270 271
F 305 277 278
F 277 305 304
F 305 338 304
F 338 305 339
F 713 653 714
F 653 713 652
F 593 534 535
F 534 593 592
F 590 589 531
F 532 590 531
F 1300 1372 1371
F 1372 1300 1301
F 8078 8142 8077
F 8077 8142 8141
F 7965 8077 7964
F 7965 8078 8077
F 5507 5653 5506
F 5653 5507 5654
F 4351 4212 4213
F 4212 4351 4350
F 4077 4216 4215
F 4078 4216 4077
F 4352 4351 4213
F 4214 4352 4213
F 4352 4214 4215
F 4353 4352 4215
F 848 912 847
F 912 911 847
F 849 912 848
F 912 849 913
F 980 912 913
F 912 980 979
F 5089 4946 5090
F 4946 5089 4945
F 233 218 219
F 218 233 232
F 206 218 205
F 218 206 219
F 206 195 207
F 195 206 194
F 92 101 91
F 101 92 102
F 84 92 91
F 85 92 84
F 2896 2794 2897
F 2794 2896 2793
F 1118 1052 1053
F 1118 1117 1052
F 1261 1334 1333
F 1334 1261 1262
F 1190 1261 1189
F 1261 1190 1262
F 1260 1261 1332
F 1261 1333 1332
F 1406 1335 1407
F 1406 1334 1335
F 1408 1482 1481
F 1482 1408 1409
F 327 366 365
F 366 327 328
F 367 409 366
F 409 367 410
F 1028 963 1029
F 963 964 1029
F 900 965 899
F 965 964 899
F 1028 1093 1092
F 1093 1028 1029
F 1302 1232 1303
F 1232 1302 1231
F 8225 8207 8226
F 8207 8225 8206
F 8069 8068 7956
F 8068 7955 7956
F 7946 7947 8060
F 8060 7947 8061
F 719 783 718
F 718 783 782
F 844 783 845
F 783 844 782
F 783 846 845
F 846 783 784
F 911 846 847
F 910 846 911
F 846 909 845
F 909 846 910
F 670 610 611
F 610 670 669
F 1052 987 1053
F 986 987 1052
F 2480 2510 2479
F 2510 2480 2511
F 2480 2467 2481
F 2467 2468 2481
F 1386 1459 1385
F 1459 1386 1460
F 2509 2510 2559
F 2558 2509 2559
F 5740 5889 5739
F 5889 5740 5890
F 5740 5739 5590
F 5591 5740 5590
F 5889 6034 6033
F 6034 5889 5890
F 6033 6034 6182
F 6034 6183 6182
F 2524 2492 2493
F 2492 2524 2523
F 2525 2524 2494
F 2524 2493 2494
F 1388 1463 1462
F 1463 1388 1389
F 5136 5135 4988
F 5136 4988 4989
F 5135 5136 5286
F 5136 5287 5286
F 4856 4991 4855
F 4991 4990 4855
F 164 176 163
F 176 164 177
F 118 108 109
F 108 118 117
F 118 109 110
F 118 110 119
F 118 127 117
F 127 118 128
F 118 129 128
F 129 118 119
F 120 129 119
F 129 120 130
F 128 129 138
F 129 139 138
F 140 129 130
F 139 129 140
F 173 185 172
F 185 173 186
F 173 159 160
F 159 173 172
F 164 165 177
F 177 165 178
F 165 164 152
F 165 152 153
F 181 195 194
F 195 181 182
F 206 193 194
F 193 206 205
F 193 179 180
F 179 193 192
F 193 181 194
F 181 193 180
F 131 141 140
F 131 140 130
F 122 131 121
F 131 122 132
F 120 131 130
F 121 131 120
F 445 398 399
F 398 445 444
F 785 722 786
F 722 723 786
F 720 783 719
F 783 720 784
F 657 719 718
F 656 657 718
F 657 656 596
F 597 657 596
F 256 238 257
F 238 239 257
F 238 224 225
F 239 238 225
F 260 243 261
F 243 260 242
F 260 283 282
F 259 260 282
F 280 279 255
F 256 280 255
F 280 310 309
F 279 280 309
F 226 213 227
F 213 226 212
F 228 243 242
F 243 228 229
F 229 228 215
F 228 214 215
F 213 228 227
F 228 213 214
F 6179 6335 6178
F 6335 6179 6336
F 6029 5884 5885
F 5884 6029 6028
F 6029 5885 5886
F 6029 5886 6030
F 6029 6177 6028
F 6029 6178 6177
F 6029 6179 6178
F 6179 6029 6030
F 6175 6333 6332
F 6333 6175 6176
F 6177 6027 6028
F 6027 6177 6176
F 5584 5732 5583
F 5732 5584 5733
F 8001 7880 7881
F 8001 7881 8002
F 7752 7751 7620
F 7751 7619 7620
F 7044 7194 7043
F 7194 7044 7195
F 7042 7194 7193
F 7194 7042 7043
F 6896 6745 6746
F 6745 6896 6895
F 6896 7044 7043
F 6895 6896 7043
F 6894 6745 6895
F 6745 6894 6744
F 6894 6743 6744
F 6743 6894 6893
F 6894 6895 7043
F 7042 6894 7043
F 6894 7042 7041
F 6893 6894 7041
F 8106 7994 8107
F 7994 8106 7993
F 7748 7875 7874
F 7875 7748 7749
F 6733 6732 6476
F 6476 6732 6475
F 6732 6883 6882
F 6883 6732 6733
F 6726 6468 6469
F 6468 6726 6725
F 6315 6467 6314
F 6467 6315 6468
F 7727 7596 7728
F 7596 7727 7595
F 6743 6600 6744
F 6600 6601 6744
F 6601 6600 6486
F 6600 6485 6486
F 6732 6474 6475
F 6474 6732 6731
F 6468 6316 6469
F 6315 6316 6468
F 6477 6734 6476
F 6734 6733 6476
F 6731 6881 6730
F 6730 6881 6880
F 6881 6732 6882
F 6732 6881 6731
F 6168 6021 6169
F 6021 6168 6020
F 6020 6168 6019
F 6168 6167 6019
F 387 345 388
F 388 345 346
F 481 534 533
F 534 481 482
F 481 433 434
F 481 434 482
F 536 593 535
F 593 536 594
F 483 534 482
F 534 483 535
F 435 483 434
F 434 483 482
F 483 536 535
F 536 483 484
F 1034 1033 968
F 969 1034 968
F 904 969 968
F 903 904 968
F 1518 1444 1519
F 1518 1443 1444
F 3017 2896 2897
F 2896 3017 3016
F 1638 1675 1674
F 1638 1674 1637
F 252 272 271
F 251 252 271
F 272 273 299
F 273 300 299
F 252 273 272
F 273 252 253
F 589 650 588
F 650 649 588
F 590 650 589
F 650 590 651
F 649 650 710
F 650 711 710
F 776 713 714
F 776 714 777
F 650 712 711
F 712 650 651
F 776 712 713
F 712 776 775
F 713 712 652
F 712 651 652
F 591 534 592
F 534 591 533
F 591 653 652
F 653 591 592
F 591 590 532
F 533 591 532
F 651 591 652
F 590 591 651
F 382 383 428
F 428 383 429
F 381 428 427
F 381 382 428
F 1005 1073 1072
F 1073 1005 1006
F 1073 1136 1072
F 1136 1073 1137
F 1506 1578 1577
F 1578 1506 1507
F 1674 1636 1637
F 1673 1636 1674
F 1636 1673 1672
F 1635 1636 1672
F 1634 1635 1672
F 1634 1672 1671
F 1301 1229 1230
F 1300 1229 1301
F 1229 1159 1230
F 1159 1229 1158
F 6292 6135 6293
F 6135 6292 6134
F 5857 5856 5697
F 5698 5857 5697
F 7154 7008 7009
F 7008 7154 7153
F 6284 6441 6283
F 6441 6284 6442
F 5684 5538 5685
F 5538 5684 5537
F 5538 5686 5685
F 5686 5538 5539
F 8079 8142 8078
F 8142 8079 8143
F 7721 7848 7847
F 7848 7721 7722
F 7847 7848 7968
F 7848 7969 7968
F 4924 4787 4788
F 4787 4924 4923
F 4925 4924 4788
F 4925 4788 4789
F 5367 5209 5368
F 5209 5367 5208
F 7798 7920 7919
F 7920 7798 7799
F 8020 8123 8019
F 8123 8020 8124
F 4919 4782 4783
F 4782 4919 4918
F 4782 4645 4783
F 4645 4782 4644
F 4917 4782 4918
F 4782 4917 4781
F 5061 4917 4918
F 4917 5061 5060
F 4781 4917 4780
F 4917 4916 4780
F 4917 5060 5059
F 4916 4917 5059
F 5358 5508 5507
F 5508 5358 5359
F 5508 5359 5360
F 5509 5508 5360
F 4642 4641 4501
F 4641 4500 4501
F 4643 4782 4781
F 4782 4643 4644
F 4643 4781 4780
F 4642 4643 4780
F 4643 4642 4501
F 4502 4643 4501
F 4641 4499 4500
F 4499 4641 4640
F 4783 4646 4784
F 4645 4646 4783
F 4646 4785 4784
F 4646 4647 4785
F 4647 4646 4506
F 4646 4505 4506
F 4643 4503 4644
F 4503 4643 4502
F 5219 5077 5078
F 5077 5219 5218
F 5219 5375 5218
F 5375 5219 5376
F 4813 4814 4947
F 4946 4813 4947
F 5224 5225 5382
F 5224 5382 5381
F 5215 5373 5372
F 5373 5215 5216
F 5076 5217 5075
F 5217 5216 5075
F 5217 5077 5218
F 5077 5217 5076
F 5217 5373 5216
F 5373 5217 5374
F 5375 5217 5218
F 5217 5375 5374
F 5215 5074 5216
F 5216 5074 5075
F 4806 4940 4939
F 4940 4806 4807
F 230 243 229
F 243 230 244
F 220 206 207
F 206 220 219
F 220 233 219
F 220 234 233
F 235 220 221
F 220 235 234
F 191 179 192
F 179 191 178
F 191 177 178
F 191 190 177
F 201 202 215
F 214 201 215
F 93 92 85
F 93 85 86
F 92 93 102
F 93 103 102
F 158 170 169
F 158 169 157
F 146 147 157
F 147 158 157
F 4791 4652 4653
F 4652 4791 4790
F 4791 4654 4792
F 4654 4791 4653
F 4354 4353 4215
F 4216 4354 4215
F 3115 2983 2984
F 3115 3114 2983
F 1477 1546 1476
F 1546 1477 1547
F 1477 1402 1403
F 1402 1477 1476
F 1404 1477 1403
F 1478 1477 1404
F 1188 1261 1260
F 1261 1188 1189
F 1118 1188 1117
F 1117 1188 1187
F 1259 1188 1260
F 1188 1259 1187
F 1334 1405 1333
F 1406 1405 1334
F 1333 1405 1332
F 1405 1404 1332
F 1480 1552 1551
F 1552 1480 1481
F 1480 1408 1481
F 1408 1480 1407
F 1335 1336 1407
F 1336 1408 1407
F 1334 1263 1335
F 1263 1334 1262
F 1263 1336 1335
F 1336 1263 1264
F 1410 1482 1409
F 1482 1410 1483
F 1410 1484 1483
F 1484 1410 1411
F 220 208 221
F 208 220 207
F 195 208 207
F 208 195 196
F 197 208 196
F 208 197 209
F 208 222 221
F 222 208 209
F 249 267 248
F 267 249 268
F 249 269 268
F 269 249 250
F 617 556 557
F 556 617 616
F 739 677 740
F 677 739 676
F 800 739 801
F 739 800 738
F 3050 3051 3181
F 3051 3182 3181
F 964 1030 1029
F 965 1030 964
F 901 965 900
F 965 901 966
F 1230 1160 1231
F 1159 1160 1230
F 1093 1160 1092
F 1160 1159 1092
F 1033 1032 968
F 1032 967 968
F 1638 1676 1675
F 1676 1638 1639
F 1640 1676 1639
F 1676 1640 1677
F 8176 8113 8177
F 8113 8176 8112
F 8176 8111 8112
F 8111 8176 8175
F 8111 7999 8112
F 7999 8111 7998
F 8205 8225 8224
F 8225 8205 8206
F 7958 7957 7837
F 7957 7836 7837
F 8076 8139 8075
F 8139 8076 8140
F 8076 8077 8141
F 8076 8141 8140
F 8076 8075 7962
F 7963 8076 7962
F 8077 8076 7964
F 8076 7963 7964
F 8073 7959 7960
F 7959 8073 8072
F 8075 7961 7962
F 7961 8075 8074
F 7961 8073 7960
F 8073 7961 8074
F 7945 7824 7825
F 7946 7945 7825
F 8068 7954 7955
F 7954 8068 8067
F 978 912 979
F 912 978 911
F 357 356 319
F 356 318 319
F 290 267 268
F 291 290 268
F 448 402 449
F 402 403 449
F 403 402 360
F 402 359 360
F 1315 1244 1316
F 1244 1315 1243
F 1171 1244 1243
F 1244 1171 1172
F 1317 1244 1245
F 1244 1317 1316
F 3736 3737 3880
F 3736 3880 3879
F 3880 4019 3879
F 4020 4019 3880
F 4156 4297 4296
F 4297 4156 4157
F 4158 4299 4298
F 4299 4158 4159
F 4158 4021 4159
F 4158 4020 4021
F 4158 4019 4020
F 4019 4158 4157
F 4297 4158 4298
F 4158 4297 4157
F 5152 5151 5005
F 5151 5004 5005
F 5151 5152 5303
F 5302 5151 5303
F 5152 5304 5303
F 5304 5152 5153
F 5308 5158 5309
F 5158 5308 5157
F 5158 5159 5310
F 5309 5158 5310
F 5145 4999 5146
F 4999 5145 4998
F 4722 4862 4861
F 4862 4722 4723
F 5145 4997 4998
F 4997 5145 5144
F 4997 4863 4998
F 4863 4997 4862
F 4990 5137 4989
F 5137 5136 4989
F 5592 5740 5591
F 5740 5592 5741
F 5592 5441 5442
F 5592 5591 5441
F 5592 5742 5741
F 5742 5592 5593
F 6608 6749 6748
F 6749 6608 6609
F 2561 2627 2560
F 2627 2561 2628
F 2710 2813 2812
F 2710 2812 2709
F 2624 2710 2709
F 2710 2624 2625
F 1386 1387 1460
F 1387 1461 1460
F 1315 1387 1314
F 1387 1386 1314
F 1387 1388 1462
F 1461 1387 1462
F 1387 1315 1316
F 1388 1387 1316
F 2710 2814 2813
F 2814 2710 2711
F 3331 3468 3467
F 3468 3331 3332
F 3331 3195 3196
F 3195 3331 3330
F 3196 3195 3063
F 3195 3062 3063
F 176 175 163
F 163 175 162
F 137 127 128
F 137 128 138
F 161 173 160
F 173 161 174
F 175 161 162
F 161 175 174
F 161 150 162
F 150 161 149
F 163 150 151
F 150 163 162
F 150 140 151
F 150 139 140
F 139 150 138
F 150 149 138
F 173 187 186
F 187 173 174
F 224 211 225
F 211 224 210
F 226 211 212
F 211 226 225
F 239 240 257
F 240 258 257
F 240 239 225
F 226 240 225
F 145 135 136
F 146 145 136
F 142 131 132
F 131 142 141
F 133 142 132
F 142 133 143
F 168 181 180
F 168 180 167
F 181 168 182
F 168 169 182
F 166 165 153
F 154 166 153
F 165 166 178
F 166 179 178
F 180 166 167
F 179 166 180
F 112 103 104
F 113 112 104
F 391 347 348
F 391 390 347
F 390 391 436
F 391 437 436
F 394 352 395
F 352 394 351
F 313 350 312
F 350 313 351
F 492 442 443
F 442 492 491
F 442 441 395
F 442 395 396
F 490 442 491
F 441 442 490
F 849 850 913
F 850 914 913
F 850 851 915
F 914 850 915
F 493 492 443
F 493 443 444
F 722 660 723
F 660 722 659
F 660 724 723
F 724 660 661
F 662 724 661
F 724 662 725
F 722 721 659
F 721 658 659
F 281 256 257
F 281 280 256
F 280 281 310
F 310 281 311
F 5729 5881 5880
F 5881 5729 5730
F 5436 5585 5584
F 5585 5436 5437
F 4986 4985 4852
F 4986 4852 4853
F 5885 5734 5735
F 5884 5734 5885
F 8000 8001 8114
F 8113 8000 8114
F 7880 8000 7879
F 8001 8000 7880
F 7999 8000 8112
F 8000 8113 8112
F 7879 8000 7878
F 8000 7999 7878
F 7877 7999 7998
F 7999 7877 7878
F 7877 7752 7878
F 7877 7751 7752
F 7748 7617 7749
F 7617 7748 7616
F 7478 7336 7479
F 7336 7478 7335
F 7478 7334 7335
F 7334 7478 7477
F 7872 7745 7746
F 7872 7871 7745
F 6156 6315 6314
F 6315 6156 6157
F 7598 7461 7462
F 7598 7462 7599
F 7476 7334 7477
F 7334 7476 7333
F 7476 7614 7613
F 7476 7477 7614
F 7474 7610 7473
F 7610 7474 7611
F 7474 7612 7611
F 7612 7474 7475
F 7612 7476 7613
F 7476 7612 7475
F 7612 7744 7743
F 7611 7612 7743
F 7745 7612 7613
F 7744 7612 7745
F 6599 6600 6743
F 6742 6599 6743
F 5882 6025 5881
F 6025 5882 6026
F 6022 6021 5877
F 5878 6022 5877
F 6473 6731 6730
F 6473 6474 6731
F 6011 6160 6159
F 6160 6011 6012
F 6158 6011 6159
F 6011 6158 6010
F 6158 6316 6315
F 6158 6315 6157
F 5727 5878 5877
F 5726 5727 5877
F 5876 5726 5877
F 5726 5876 5725
F 6021 5876 5877
F 5876 6021 6020
F 5725 5876 5724
F 5876 5875 5724
F 5876 6020 6019
F 5875 5876 6019
F 6325 6166 6167
F 6166 6325 6324
F 6168 6325 6167
F 6325 6168 6326
F 6325 6477 6324
F 6325 6478 6477
F 7029 7028 6882
F 7028 6881 6882
F 6881 7028 6880
F 7028 7027 6880
F 386 345 387
F 345 386 344
F 4388 4528 4387
F 4528 4388 4529
F 4249 4388 4387
F 4388 4249 4250
F 3148 3018 3149
F 3018 3148 3017
F 740 678 741
F 677 678 740
F 367 411 410
F 411 367 368
F 556 504 557
F 504 556 503
F 300 333 299
F 333 300 334
F 562 508 509
F 508 562 561
F 560 508 561
F 507 508 560
F 276 277 304
F 303 276 304
F 276 302 275
F 302 276 303
F 337 302 303
F 302 337 336
F 338 337 304
F 337 303 304
F 381 340 382
F 340 381 339
F 340 383 382
F 383 340 341
F 305 340 339
F 306 340 305
F 340 307 341
F 340 306 307
F 307 342 341
F 342 307 308
F 875 941 940
F 941 875 876
F 1005 941 1006
F 941 1005 940
F 1004 1005 1072
F 1004 1072 1071
F 1004 1070 1003
F 1070 1004 1071
F 380 338 339
F 381 380 339
F 335 302 336
F 335 301 302
F 1506 1430 1431
F 1430 1506 1505
F 1633 1634 1671
F 1670 1633 1671
F 1632 1579 1580
F 1579 1632 1631
F 1634 1581 1635
F 1635 1581 1582
F 1299 1229 1300
F 1229 1299 1228
F 1299 1300 1371
F 1370 1299 1371
F 7154 7010 7155
F 7010 7154 7009
F 7157 7012 7013
F 7157 7013 7158
F 5987 6135 6134
F 6135 5987 5988
F 5988 5987 5854
F 5987 5853 5854
F 5551 5698 5697
F 5550 5551 5697
F 6456 6575 6455
F 6575 6574 6455
F 8058 7942 7943
F 7942 8058 8057
F 7942 7821 7822
F 7943 7942 7822
F 7423 7279 7280
F 7279 7423 7422
F 7423 7281 7424
F 7281 7423 7280
F 7697 7566 7698
F 7566 7697 7565
F 7150 7296 7149
F 7296 7150 7297
F 7150 7006 7151
F 7006 7150 7005
F 6859 7006 7005
F 7006 6859 6860
F 6568 6450 6569
F 6450 6568 6449
F 6568 6448 6449
F 6448 6568 6567
F 5683 5536 5537
F 5684 5683 5537
F 5683 5843 5842
F 5843 5683 5684
F 5843 5684 5685
F 5843 5685 5844
F 5686 5845 5685
F 5685 5845 5844
F 7981 8095 8094
F 8095 7981 7982
F 7727 7594 7595
F 7726 7594 7727
F 7594 7725 7593
F 7725 7594 7726
F 7587 7449 7450
F 7449 7587 7586
F 7449 7307 7450
F 7307 7449 7306
F 7718 7717 7586
F 7586 7717 7585
F 7587 7719 7586
F 7719 7718 7586
F 7307 7451 7450
F 7451 7307 7308
F 7849 7848 7722
F 7723 7849 7722
F 5657 5816 5656
F 5656 5816 5815
F 4648 4647 4506
F 4507 4648 4506
F 5209 5067 5068
F 5067 5209 5208
F 4925 5067 4924
F 5067 4925 5068
F 4924 5067 4923
F 5067 5066 4923
F 4791 4926 4790
F 4926 4791 4927
F 4926 4925 4789
F 4790 4926 4789
F 4928 4791 4792
F 4791 4928 4927
F 4931 5077 5076
F 5077 4931 4932
F 7547 7680 7679
F 7680 7547 7548
F 7109 7110 7257
F 7109 7257 7256
F 7401 7539 7538
F 7539 7401 7402
F 7539 7670 7538
F 7670 7539 7671
F 7537 7670 7669
F 7670 7537 7538
F 7396 7252 7253
F 7252 7396 7395
F 7539 7672 7671
F 7672 7539 7540
F 8036 7921 8037
F 8037 7921 7922
F 7921 7801 7922
F 7801 7921 7800
F 7921 8036 8035
F 7920 7921 8035
F 7800 7921 7799
F 7921 7920 7799
F 7672 7797 7671
F 7797 7672 7798
F 7797 7798 7919
F 7918 7797 7919
F 6958 6811 6812
F 6811 6958 6957
F 6959 6958 6813
F 6958 6812 6813
F 6802 6949 6948
F 6949 6802 6803
F 6806 6665 6666
F 6665 6806 6805
F 5813 5655 5814
F 5655 5813 5654
F 5655 5656 5815
F 5814 5655 5815
F 5655 5508 5509
F 5655 5509 5656
F 5507 5655 5654
F 5508 5655 5507
F 5060 5361 5360
F 5061 5361 5060
F 5062 5061 4918
F 4919 5062 4918
F 6104 5813 5814
F 5813 6104 6103
F 6104 5814 5815
F 6105 6104 5815
F 6551 6673 6550
F 6673 6551 6674
F 4492 4634 4633
F 4634 4492 4493
F 5058 4916 5059
F 5058 4915 4916
F 3796 3933 3795
F 3933 3796 3934
F 3941 4077 4076
F 3941 3942 4077
F 4075 3941 4076
F 3941 4075 3940
F 4214 4075 4076
F 4075 4214 4213
F 3940 4075 3939
F 4075 4074 3939
F 4212 4075 4213
F 4074 4075 4212
F 4074 3938 3939
F 3938 4074 4073
F 3943 4078 4077
F 3942 3943 4077
F 3943 3805 3806
F 3943 3806 3944
F 7905 8019 7904
F 7905 8020 8019
F 7655 7656 7781
F 7656 7782 7781
F 7783 7905 7904
F 7905 7783 7784
F 7783 7658 7784
F 7658 7783 7657
F 7783 7656 7657
F 7656 7783 7782
F 8123 8018 8019
F 8018 8123 8122
F 6392 6235 6393
F 6393 6235 6236
F 6235 6391 6234
F 6391 6235 6392
F 2591 2658 2590
F 2658 2657 2590
F 4765 4620 4621
F 4620 4765 4764
F 2970 2849 2850
F 2849 2970 2969
F 1117 1051 1052
F 1116 1051 1117
F 1259 1186 1187
F 1186 1259 1258
F 1186 1116 1117
F 1186 1117 1187
F 1257 1186 1258
F 1186 1257 1185
F 1257 1330 1329
F 1257 1258 1330
F 1253 1326 1325
F 1326 1253 1254
F 5042 4899 4900
F 5043 5042 4900
F 5378 5221 5379
F 5221 5222 5379
F 4812 4946 4945
F 4812 4813 4946
F 5222 5223 5379
F 5223 5380 5379
F 5223 5224 5381
F 5380 5223 5381
F 5375 5526 5374
F 5526 5375 5527
F 5526 5373 5374
F 5526 5525 5373
F 5670 5524 5671
F 5524 5670 5523
F 5671 5524 5672
F 5524 5525 5672
F 5373 5524 5372
F 5525 5524 5373
F 5074 4796 5075
F 4796 4797 5075
F 4658 4796 4657
F 4657 4796 4795
F 3829 3688 3689
F 3830 3829 3689
F 318 287 319
F 287 288 319
F 230 231 244
F 231 245 244
F 189 176 177
F 190 189 177
F 201 189 202
F 202 189 190
F 245 262 244
F 262 245 263
F 243 262 261
F 262 243 244
F 284 260 261
F 260 284 283
F 94 93 86
F 87 94 86
F 93 94 103
F 103 94 104
F 135 125 136
F 125 126 136
F 125 116 126
F 116 125 115
F 2874 2994 2993
F 2873 2874 2993
F 2874 2995 2994
F 2995 2874 2875
F 2995 3125 2994
F 3125 2995 3126
F 4654 4655 4792
F 4655 4793 4792
F 3947 3808 3809
F 3808 3947 3946
F 3809 3808 3668
F 3808 3667 3668
F 3666 3808 3807
F 3808 3666 3667
F 3808 3945 3807
F 3945 3808 3946
F 3806 3945 3944
F 3807 3945 3806
F 4217 4354 4216
F 4354 4217 4355
F 4217 4356 4355
F 4356 4217 4218
F 3947 4081 3946
F 4081 3947 4082
F 4081 3945 3946
F 3945 4081 4080
F 4083 4221 4220
F 4083 4220 4082
F 3950 3949 3811
F 3812 3950 3811
F 4221 4359 4220
F 4359 4358 4220
F 2896 2895 2793
F 2895 2792 2793
F 3644 3786 3785
F 3786 3644 3645
F 3514 3377 3378
F 3377 3514 3513
F 3379 3514 3378
F 3514 3379 3515
F 2673 2672 2606
F 2606 2672 2605
F 2758 2674 2759
F 2758 2673 2674
F 2758 2672 2673
F 2672 2758 2757
F 3114 3113 2983
F 2983 3113 2982
F 3936 3797 3798
F 3797 3936 3935
F 3796 3797 3934
F 3797 3935 3934
F 3384 3250 3385
F 3250 3384 3249
F 1570 1571 1623
F 1622 1570 1623
F 1571 1570 1500
F 1570 1499 1500
F 2688 2774 2773
F 2774 2688 2689
F 1571 1572 1623
F 1572 1624 1623
F 1624 1661 1623
F 1661 1660 1623
F 3119 2989 3120
F 2989 3119 2988
F 2778 2880 2777
F 2880 2778 2881
F 2998 2877 2878
F 2877 2998 2997
F 2995 3127 3126
F 3127 2995 2996
F 1402 1331 1403
F 1331 1402 1330
F 1331 1404 1403
F 1404 1331 1332
F 1258 1331 1330
F 1259 1331 1258
F 1331 1260 1332
F 1331 1259 1260
F 3107 2975 2976
F 2975 3107 3106
F 2748 2664 2749
F 2664 2748 2663
F 2666 2750 2665
F 2750 2666 2751
F 2750 2664 2665
F 2664 2750 2749
F 2546 2595 2594
F 2545 2546 2594
F 2546 2596 2595
F 2596 2546 2547
F 1479 1480 1551
F 1550 1479 1551
F 1479 1406 1407
F 1480 1479 1407
F 237 236 223
F 236 222 223
F 236 235 221
F 222 236 221
F 249 236 250
F 236 237 250
F 236 249 248
F 235 236 248
F 361 403 360
F 403 361 404
F 324 361 323
F 361 324 362
F 269 292 268
F 292 291 268
F 292 324 323
F 324 292 293
F 322 290 291
F 290 322 321
F 322 292 323
F 292 322 291
F 359 322 360
F 322 359 321
F 361 322 323
F 322 361 360
F 739 675 676
F 675 739 738
F 617 675 616
F 675 617 676
F 403 450 449
F 450 403 404
F 450 497 449
F 497 450 498
F 556 555 503
F 503 555 502
F 1128 1199 1198
F 1199 1128 1129
F 1128 1062 1063
F 1062 1128 1127
F 1128 1064 1129
F 1064 1128 1063
F 933 932 869
F 869 932 868
F 1724 1723 1718
F 1718 1723 1717
F 3585 3725 3724
F 3725 3585 3586
F 712 774 711
F 774 712 775
F 774 775 836
F 835 774 836
F 1027 963 1028
F 963 1027 962
F 1229 1157 1158
F 1157 1229 1228
F 963 898 964
F 964 898 899
F 898 835 899
F 835 898 834
F 898 963 962
F 897 898 962
F 837 776 777
F 838 837 777
F 776 837 775
F 775 837 836
F 837 901 900
F 837 900 836
F 839 902 838
F 902 839 903
F 837 902 901
F 902 837 838
F 902 903 968
F 967 902 968
F 901 902 966
F 902 967 966
F 1161 1232 1231
F 1160 1161 1231
F 1095 1032 1033
F 1095 1033 1096
F 1031 1030 965
F 1031 965 966
F 1095 1031 1032
F 1031 1095 1094
F 967 1031 966
F 1032 1031 967
F 1233 1304 1303
F 1232 1233 1303
F 1305 1233 1234
F 1233 1305 1304
F 1161 1233 1232
F 1233 1161 1162
F 1237 1167 1238
F 1167 1237 1166
F 1587 1517 1518
F 1517 1587 1586
F 8223 8205 8224
F 8205 8223 8204
F 8171 8108 8172
F 8108 8171 8107
F 8171 8106 8107
F 8106 8171 8170
F 8171 8204 8170
F 8171 8205 8204
F 8205 8171 8206
F 8206 8171 8172
F 7740 7867 7866
F 7867 7740 7741
F 7955 7835 7956
F 7834 7835 7955
F 7957 7835 7836
F 7835 7957 7956
F 8070 8069 7956
F 7957 8070 7956
F 7823 7697 7698
F 7824 7823 7698
F 7826 7947 7946
F 7826 7946 7825
F 7824 7699 7825
F 7699 7824 7698
F 7566 7699 7698
F 7699 7566 7567
F 7699 7826 7825
F 7826 7699 7700
F 7703 7830 7829
F 7830 7703 7704
F 7705 7830 7704
F 7830 7705 7831
F 7832 7705 7706
F 7705 7832 7831
F 7004 7150 7149
F 7150 7004 7005
F 7925 8040 7924
F 7924 8040 8039
F 8042 7926 7927
F 7926 8042 8041
F 7926 8040 7925
F 8040 7926 8041
F 7678 7547 7679
F 7547 7678 7546
F 7926 7806 7927
F 7806 7926 7805
F 7680 7806 7679
F 7679 7806 7805
F 7930 7931 8045
F 7931 8046 8045
F 7931 8047 8046
F 8047 7931 7932
F 7932 7931 7811
F 7811 7931 7810
F 8044 7929 7930
F 8044 7930 8045
F 7806 7928 7927
F 7928 7806 7807
F 7928 8042 7927
F 8042 7928 8043
F 8044 7928 7929
F 7928 8044 8043
F 1392 1465 1391
F 1465 1392 1466
F 909 977 976
F 977 909 910
F 977 910 911
F 978 977 911
F 1046 1110 1045
F 1110 1046 1111
F 320 290 321
F 290 320 289
F 288 320 319
F 320 288 289
F 320 357 319
F 320 358 357
F 401 402 448
F 401 448 447
F 1190 1191 1262
F 1191 1263 1262
F 1120 1191 1190
F 1191 1120 1121
F 670 733 669
F 733 732 669
F 2482 2469 2470
F 2482 2470 2483
F 2468 2482 2481
F 2469 2482 2468
F 2482 2512 2481
F 2512 2482 2513
F 2512 2480 2481
F 2480 2512 2511
F 2512 2560 2511
F 2512 2561 2560
F 4432 4575 4431
F 4575 4574 4431
F 4575 4433 4576
F 4433 4575 4432
F 3460 3598 3459
F 3598 3460 3599
F 4160 4299 4159
F 4299 4160 4300
F 4441 4583 4440
F 4583 4441 4584
F 4441 4299 4300
F 4299 4441 4440
F 4155 4018 4156
F 4018 4155 4017
F 4018 4019 4157
F 4156 4018 4157
F 4019 4018 3879
F 4018 3878 3879
F 4439 4299 4440
F 4299 4439 4298
F 4295 4156 4296
F 4295 4155 4156
F 4722 4578 4723
F 4578 4722 4577
F 4434 4433 4292
F 4434 4292 4293
F 4433 4434 4576
F 4434 4577 4576
F 5150 5300 5149
F 5300 5150 5301
F 5150 5002 5003
F 5002 5150 5149
F 5150 5151 5302
F 5150 5302 5301
F 5151 5150 5004
F 5004 5150 5003
F 5615 5309 5310
F 5616 5615 5310
F 4721 4575 4576
F 4575 4721 4720
F 4721 4859 4720
F 4859 4721 4860
F 4860 4721 4861
F 4721 4722 4861
F 4577 4721 4576
F 4722 4721 4577
F 4999 4864 5000
F 4864 4865 5000
F 4864 4999 4998
F 4863 4864 4998
F 4724 4864 4863
F 4864 4724 4725
F 4578 4724 4723
F 4724 4578 4579
F 4724 4862 4723
F 4724 4863 4862
F 4862 4996 4861
F 4997 4996 4862
F 4868 5004 5003
F 4868 4869 5004
F 5002 4868 5003
F 4868 5002 4867
F 5452 5298 5453
F 5298 5452 5297
F 4719 4575 4720
F 4575 4719 4574
F 4859 4719 4720
F 4719 4859 4858
F 4574 4719 4573
F 4719 4718 4573
F 5596 5445 5446
F 5445 5596 5595
F 6183 6035 6184
F 6034 6035 6183
F 6339 6493 6492
F 6493 6339 6340
F 6606 6493 6494
F 6493 6606 6605
F 6610 6749 6609
F 6749 6610 6750
F 6610 6609 6497
F 6498 6610 6497
F 2710 2626 2711
F 2626 2710 2625
F 2558 2626 2625
F 2626 2558 2559
F 2560 2626 2559
F 2627 2626 2560
F 3331 3197 3332
F 3197 3331 3196
F 3197 3196 3063
F 3064 3197 3063
F 2933 2932 2812
F 2813 2933 2812
F 2933 3064 3063
F 2932 2933 3063
F 3460 3600 3599
F 3600 3460 3461
F 2931 2932 3063
F 3062 2931 3063
F 3460 3325 3461
F 3325 3460 3324
F 3333 3468 3332
F 3333 3469 3468
F 3195 3194 3062
F 3062 3194 3061
F 3329 3194 3330
F 3194 3195 3330
F 3608 3607 3469
F 3469 3607 3468
F 3607 3608 3749
F 3748 3607 3749
F 3328 3465 3464
F 3465 3328 3329
F 5308 5156 5157
F 5156 5308 5307
F 4732 4872 4871
F 4872 4732 4733
F 4868 4730 4869
F 4730 4868 4729
F 4730 4870 4869
F 4870 4730 4731
F 5004 4870 5005
F 4869 4870 5004
F 4732 4870 4731
F 4870 4732 4871
F 4759 4617 4760
F 4617 4759 4616
F 4327 4190 4328
F 4190 4327 4189
F 4614 4757 4756
F 4614 4756 4613
F 4719 4857 4718
F 4857 4719 4858
F 4857 4856 4717
F 4718 4857 4717
F 4857 4991 4856
F 4857 4992 4991
F 175 188 174
F 188 187 174
F 188 175 176
F 189 188 176
F 187 199 186
F 199 187 200
F 199 185 186
F 185 199 198
F 211 199 212
F 199 200 212
F 199 211 210
F 199 210 198
F 260 241 242
F 241 260 259
F 241 228 242
F 228 241 227
F 240 241 258
F 241 259 258
F 241 226 227
F 241 240 226
F 123 112 113
F 112 123 122
F 122 123 132
F 123 133 132
F 133 144 143
F 144 133 134
F 145 144 135
F 135 144 134
F 156 146 157
F 156 145 146
F 169 156 157
F 168 156 169
F 103 111 102
F 112 111 103
F 111 122 121
F 111 112 122
F 394 393 351
F 393 350 351
F 310 349 348
F 349 310 311
F 350 349 312
F 312 349 311
F 787 849 786
F 787 850 849
F 723 787 786
F 724 787 723
F 609 549 610
F 610 549 550
F 732 668 669
F 731 668 732
F 668 610 669
F 668 609 610
F 5582 5581 5434
F 5434 5581 5433
F 6746 6603 6747
F 6747 6603 6604
F 6335 6334 6178
F 6178 6334 6177
F 6334 6333 6176
F 6177 6334 6176
F 6333 6334 6486
F 6334 6487 6486
F 5882 5731 5883
F 5731 5732 5883
F 5731 5881 5730
F 5731 5882 5881
F 5732 5731 5583
F 5731 5582 5583
F 5731 5581 5582
F 5581 5731 5730
F 7876 7875 7749
F 7876 7749 7750
F 7876 7877 7998
F 7876 7998 7997
F 7877 7876 7751
F 7751 7876 7750
F 6892 6893 7041
F 7040 6892 7041
F 6892 6743 6893
F 6892 6742 6743
F 7332 7476 7475
F 7476 7332 7333
F 7474 7332 7475
F 7332 7474 7331
F 7184 7332 7331
F 7332 7184 7185
F 6884 6883 6733
F 6734 6884 6733
F 6884 6734 6735
F 6885 6884 6735
F 7614 7615 7746
F 7615 7747 7746
F 7748 7615 7616
F 7615 7748 7747
F 7478 7615 7477
F 7477 7615 7614
F 7615 7478 7479
F 7615 7479 7616
F 7876 7996 7875
F 7996 7876 7997
F 7873 7748 7874
F 7748 7873 7747
F 7873 7994 7993
F 7872 7873 7993
F 7747 7873 7746
F 7873 7872 7746
F 8223 8203 8204
F 8203 8223 8222
F 6724 6875 6874
F 6875 6724 6725
F 7319 7461 7318
F 7461 7319 7462
F 7319 7463 7462
F 7463 7319 7320
F 6726 6876 6725
F 6876 6875 6725
F 7462 7600 7599
F 7463 7600 7462
F 7464 7602 7601
F 7602 7464 7465
F 7464 7322 7465
F 7322 7464 7321
F 7600 7464 7601
F 7464 7600 7463
F 7464 7463 7320
F 7464 7320 7321
F 7460 7598 7597
F 7598 7460 7461
F 7739 7608 7740
F 7608 7739 7607
F 6173 6025 6026
F 6174 6173 6026
F 6161 6318 6160
F 6318 6161 6319
F 6472 6473 6730
F 6729 6472 6730
F 6472 6318 6319
F 6318 6472 6471
F 6320 6161 6162
F 6161 6320 6319
F 6472 6320 6473
F 6320 6472 6319
F 6316 6317 6469
F 6317 6470 6469
F 6317 6158 6159
F 6158 6317 6316
F 6470 6317 6471
F 6317 6318 6471
F 6160 6317 6159
F 6318 6317 6160
F 5272 5273 5427
F 5427 5273 5428
F 6167 6018 6019
F 6166 6018 6167
F 7330 7474 7473
F 7474 7330 7331
F 7330 7473 7472
F 7329 7330 7472
F 7182 7329 7328
F 7182 7328 7181
F 7469 7468 7325
F 7326 7469 7325
F 7605 7469 7606
F 7469 7605 7468
F 7469 7607 7606
F 7469 7470 7607
F 7179 7326 7325
F 7178 7179 7325
F 7469 7327 7470
F 7327 7469 7326
F 7179 7327 7326
F 7327 7179 7180
F 7328 7327 7181
F 7327 7180 7181
F 477 478 529
F 478 530 529
F 384 383 341
F 342 384 341
F 433 432 387
F 432 386 387
F 653 654 714
F 654 715 714
F 593 654 592
F 654 653 592
F 654 593 594
F 655 654 594
F 970 1036 1035
F 1036 970 971
F 970 1034 969
F 970 1035 1034
F 1098 1167 1166
F 1167 1098 1099
F 1036 1098 1035
F 1098 1036 1099
F 714 778 777
F 715 778 714
F 778 838 777
F 778 839 838
F 1304 1376 1375
F 1305 1376 1304
F 1376 1447 1375
F 1376 1448 1447
F 1443 1442 1371
F 1442 1370 1371
F 1518 1442 1443
F 1517 1442 1518
F 5231 5089 5090
F 5231 5230 5089
F 4385 4248 4386
F 4248 4385 4247
F 4248 4249 4387
F 4248 4387 4386
F 4523 4383 4524
F 4383 4523 4382
F 4107 3971 3972
F 3971 4107 4106
F 3971 3832 3833
F 3971 3970 3832
F 4521 4381 4522
F 4381 4521 4380
F 4523 4381 4382
F 4381 4523 4522
F 3971 4105 3970
F 4105 3971 4106
F 4105 4104 3969
F 3970 4105 3969
F 4244 4105 4106
F 4105 4244 4243
F 4244 4383 4382
F 4383 4244 4245
F 4107 4244 4106
F 4244 4107 4245
F 4381 4244 4382
F 4244 4381 4243
F 3834 3971 3833
F 3971 3834 3972
F 3834 3835 3973
F 3972 3834 3973
F 3834 3694 3835
F 3694 3834 3693
F 3688 3550 3689
F 3550 3688 3549
F 3831 3970 3969
F 3970 3831 3832
F 3831 3830 3689
F 3690 3831 3689
F 2794 2898 2897
F 2898 2794 2795
F 2898 3017 2897
F 2898 3018 3017
F 1581 1512 1582
F 1512 1581 1511
F 507 458 459
F 458 507 506
F 505 458 506
F 458 505 457
F 411 456 410
F 456 411 457
F 456 409 410
F 409 456 455
F 505 456 457
F 456 505 504
F 456 504 503
F 456 503 455
F 621 560 561
F 560 621 620
F 622 621 562
F 562 621 561
F 508 460 509
F 509 460 461
F 460 508 507
F 460 507 459
F 274 273 253
F 274 253 254
F 273 274 300
F 274 301 300
F 302 274 275
F 301 274 302
F 1136 1135 1072
F 1072 1135 1071
F 1207 1135 1136
F 1135 1207 1206
F 1074 1073 1006
F 1007 1074 1006
F 1073 1074 1137
F 1074 1138 1137
F 1208 1136 1137
F 1208 1207 1136
F 1424 1425 1500
F 1499 1424 1500
F 379 337 338
F 380 379 338
F 898 833 834
F 833 898 897
F 333 376 375
F 376 333 334
F 376 423 422
F 423 376 377
F 1089 1156 1155
F 1156 1089 1090
F 954 1020 1019
F 1020 954 955
F 956 1020 955
F 1020 956 1021
F 1361 1432 1360
F 1432 1431 1360
F 1506 1432 1507
F 1432 1506 1431
F 1432 1361 1362
F 1433 1432 1362
F 1578 1630 1577
F 1577 1630 1629
F 1630 1579 1631
F 1579 1630 1578
F 1632 1669 1631
F 1669 1668 1631
F 1669 1633 1670
F 1633 1669 1632
F 1432 1508 1507
F 1508 1432 1433
F 1508 1578 1507
F 1508 1579 1578
F 1510 1435 1511
F 1511 1435 1436
F 1154 1225 1224
F 1154 1224 1153
F 1367 1297 1368
F 1297 1367 1296
F 7012 7011 6866
F 6866 7011 6865
F 7152 7008 7153
F 7008 7152 7007
F 7006 7152 7151
F 7152 7006 7007
F 6288 6289 6446
F 6446 6289 6447
F 7011 6864 6865
F 6864 7011 7010
F 6861 7006 6860
F 7006 6861 7007
F 6861 7008 7007
F 7008 6861 6862
F 5856 5696 5697
F 5696 5856 5855
F 5696 5550 5697
F 5696 5549 5550
F 5849 5850 5984
F 5849 5984 5983
F 5857 5990 5856
F 5990 5857 5991
F 6138 5990 5991
F 5990 6138 6137
F 6570 6451 6571
F 6571 6451 6452
F 6450 6451 6569
F 6451 6570 6569
F 6451 6292 6293
F 6451 6450 6292
F 5850 5851 5984
F 5984 5851 5985
F 5554 5401 5402
F 5401 5554 5553
F 5549 5398 5550
F 5398 5549 5397
F 5398 5551 5550
F 5551 5398 5399
F 5398 5242 5399
F 5242 5398 5241
F 5237 5096 5097
F 5238 5237 5097
F 5240 5398 5397
F 5398 5240 5241
F 5412 5565 5564
F 5565 5412 5413
F 5700 5554 5701
F 5554 5700 5553
F 5552 5401 5553
F 5401 5552 5400
F 5552 5551 5399
F 5400 5552 5399
F 5551 5552 5698
F 5552 5699 5698
F 5552 5700 5699
F 5700 5552 5553
F 6576 6575 6456
F 6576 6456 6457
F 6710 6576 6577
F 6576 6710 6709
F 6711 6577 6578
F 6711 6710 6577
F 7820 7693 7694
F 7693 7820 7819
F 5526 5673 5525
F 5525 5673 5672
F 8052 7938 8053
F 7938 8052 7937
F 5382 5533 5381
F 5534 5533 5382
F 6441 6440 6283
F 6440 6282 6283
F 6282 6281 6124
F 6124 6281 6123
F 6281 6122 6123
F 6122 6281 6280
F 6440 6281 6282
F 6281 6440 6439
F 7295 7147 7148
F 7147 7295 7294
F 7296 7295 7149
F 7149 7295 7148
F 5682 5535 5536
F 5683 5682 5536
F 6125 6282 6124
F 6282 6125 6283
F 5540 5686 5539
F 5540 5687 5686
F 5688 5540 5541
F 5540 5688 5687
F 5845 5846 5979
F 5979 5846 5980
F 5846 5981 5980
F 5981 5846 5847
F 5846 5845 5686
F 5687 5846 5686
F 5688 5846 5687
F 5846 5688 5847
F 8214 8196 8215
F 8195 8196 8214
F 8196 8195 8161
F 8162 8196 8161
F 8196 8163 8197
F 8163 8196 8162
F 8098 8162 8161
F 8098 8161 8097
F 8098 8163 8162
F 8163 8098 8099
F 8098 7986 8099
F 7986 8098 7985
F 7977 7855 7856
F 7855 7977 7976
F 7977 8089 7976
F 8089 7977 8090
F 8154 8089 8090
F 8089 8154 8153
F 7596 7729 7728
F 7729 7596 7597
F 8191 8211 8210
F 8211 8191 8192
F 8157 8191 8156
F 8191 8190 8156
F 8191 8158 8192
F 8158 8191 8157
F 7855 7730 7856
F 7729 7730 7855
F 7598 7730 7597
F 7730 7729 7597
F 8093 8158 8157
F 8158 8093 8094
F 8093 8157 8156
F 8092 8093 8156
F 7820 7941 7819
F 7941 7940 7819
F 7942 7941 7821
F 7941 7820 7821
F 7940 7941 8055
F 7941 8056 8055
F 7941 7942 8057
F 8056 7941 8057
F 7849 7724 7850
F 7724 7849 7723
F 7850 7724 7851
F 7724 7725 7851
F 8149 8183 8182
F 8148 8149 8182
F 8079 8144 8143
F 8080 8144 8079
F 7969 8081 7968
F 8082 8081 7969
F 8081 8146 8145
F 8146 8081 8082
F 8081 8144 8080
F 8144 8081 8145
F 7312 7166 7313
F 7166 7312 7165
F 7164 7312 7311
F 7312 7164 7165
F 7842 7963 7962
F 7841 7842 7962
F 7965 7966 8078
F 7966 8079 8078
F 7588 7719 7587
F 7719 7588 7720
F 7588 7587 7450
F 7451 7588 7450
F 7852 7725 7726
F 7725 7852 7851
F 7852 7726 7727
F 7853 7852 7727
F 7852 7973 7851
F 7973 7972 7851
F 8149 8084 8085
F 8084 8149 8148
F 5826 5827 5960
F 5827 5961 5960
F 5827 5826 5667
F 5668 5827 5667
F 5517 5369 5518
F 5369 5517 5368
F 5369 5519 5518
F 5519 5369 5370
F 5670 5669 5523
F 5523 5669 5522
F 3261 3395 3260
F 3395 3261 3396
F 3261 3397 3396
F 3261 3262 3397
F 3810 3809 3668
F 3669 3810 3668
F 3671 3813 3812
F 3813 3671 3672
F 3813 3950 3812
F 3950 3813 3951
F 4786 4787 4923
F 4922 4786 4923
F 4786 4921 4785
F 4786 4922 4921
F 4647 4786 4785
F 4648 4786 4647
F 5073 5074 5215
F 5073 5215 5214
F 4796 4659 4797
F 4659 4796 4658
F 6426 6267 6268
F 6267 6426 6425
F 6267 5963 6268
F 5963 6267 5962
F 7547 7411 7548
F 7411 7547 7410
F 7122 6976 6977
F 6976 7122 7121
F 7117 6973 7118
F 6973 7117 6972
F 7116 7117 7263
F 7117 7264 7263
F 7109 6965 7110
F 6965 7109 6964
F 6965 7111 7110
F 7111 6965 6966
F 7262 7116 7263
F 7116 7262 7115
F 7247 7101 7248
F 7101 7247 7100
F 7391 7247 7248
F 7247 7391 7390
F 7400 7401 7538
F 7537 7400 7538
F 7400 7537 7536
F 7399 7400 7536
F 7257 7400 7256
F 7400 7399 7256
F 7255 7109 7256
F 7109 7255 7108
F 7399 7255 7256
F 7255 7399 7398
F 7397 7255 7398
F 7255 7397 7254
F 7396 7397 7533
F 7533 7397 7534
F 7397 7396 7253
F 7254 7397 7253
F 7796 7917 7916
F 7795 7796 7916
F 7796 7795 7669
F 7670 7796 7669
F 7796 7797 7918
F 7917 7796 7918
F 7796 7670 7671
F 7797 7796 7671
F 6809 6955 6954
F 6809 6954 6808
F 7109 6963 6964
F 6963 7109 7108
F 6814 6959 6813
F 6814 6960 6959
F 7391 7249 7392
F 7249 7391 7248
F 6804 6665 6805
F 6665 6804 6664
F 6804 6803 6663
F 6664 6804 6663
F 6949 7094 6948
F 7094 7093 6948
F 7384 7520 7383
F 7520 7384 7521
F 7520 7382 7383
F 7382 7520 7519
F 8020 8125 8124
F 8125 8020 8021
F 8022 8125 8021
F 8125 8022 8126
F 5817 5818 6108
F 6107 5817 6108
F 4921 5063 4920
F 5064 5063 4921
F 5063 4919 4920
F 5063 5062 4919
F 5063 5362 5062
F 5362 5063 5363
F 5362 5361 5061
F 5062 5362 5061
F 5823 5822 5663
F 5664 5823 5663
F 5823 5957 5956
F 5822 5823 5956
F 5516 5664 5663
F 5516 5517 5664
F 5516 5367 5368
F 5517 5516 5368
F 5364 5063 5064
F 5063 5364 5363
F 5516 5366 5367
F 5366 5516 5515
F 5366 5515 5514
F 5365 5366 5514
F 5955 5822 5956
F 5822 5955 5821
F 5812 5653 5654
F 5813 5812 5654
F 6102 6252 6251
F 6252 6102 6103
F 6102 6251 6250
F 6101 6102 6250
F 6102 5813 6103
F 6102 5812 5813
F 5344 5194 5345
F 5344 5193 5194
F 5195 5194 5047
F 5048 5195 5047
F 4907 4908 5050
F 4908 5051 5050
F 5052 5198 5051
F 5198 5052 5199
F 4908 5052 5051
F 5052 4908 4909
F 5200 5351 5199
F 5351 5350 5199
F 5354 5502 5353
F 5502 5354 5503
F 4498 4499 4640
F 4639 4498 4640
F 4498 4639 4638
F 4497 4498 4638
F 4635 4778 4634
F 4778 4635 4779
F 3512 3377 3513
F 3377 3512 3376
F 4064 3930 4065
F 3930 4064 3929
F 4069 3933 3934
F 3933 4069 4068
F 3935 4069 3934
F 4069 3935 4070
F 4069 4206 4068
F 4206 4069 4207
F 4208 4069 4070
F 4207 4069 4208
F 4210 4071 4072
F 4071 4210 4209
F 4071 4208 4070
F 4208 4071 4209
F 3935 4071 4070
F 3936 4071 3935
F 3663 3523 3524
F 3523 3663 3662
F 3801 3938 3800
F 3938 3801 3939
F 4071 3937 4072
F 3937 4071 3936
F 3937 3938 4073
F 4072 3937 4073
F 4211 4074 4212
F 4074 4211 4073
F 4211 4210 4072
F 4211 4072 4073
F 3665 3666 3807
F 3665 3807 3806
F 4504 4645 4644
F 4503 4504 4644
F 4504 4646 4645
F 4646 4504 4505
F 7653 7520 7521
F 7520 7653 7652
F 7900 8016 8015
F 8016 7900 7901
F 7783 7903 7782
F 7903 7783 7904
F 8019 7903 7904
F 8018 7903 8019
F 6659 6798 6658
F 6798 6659 6799
F 6802 6662 6803
F 6803 6662 6663
F 1477 1548 1547
F 1548 1477 1478
F 2541 2542 2590
F 2542 2591 2590
F 2659 2593 2660
F 2593 2659 2592
F 2659 2658 2591
F 2592 2659 2591
F 1328 1257 1329
F 1257 1328 1256
F 1330 1401 1329
F 1402 1401 1330
F 1401 1328 1329
F 1328 1401 1400
F 1472 1541 1471
F 1541 1472 1542
F 3914 4048 3913
F 4048 3914 4049
F 4473 4330 4331
F 4330 4473 4472
F 4474 4617 4616
F 4473 4474 4616
F 3784 3644 3785
F 3644 3784 3643
F 4339 4340 4482
F 4481 4339 4482
F 4625 4769 4768
F 4625 4768 4624
F 4483 4623 4482
F 4623 4483 4624
F 4483 4625 4624
F 4625 4483 4484
F 4631 4491 4632
F 4491 4631 4490
F 4491 4492 4633
F 4632 4491 4633
F 4631 4489 4490
F 4489 4631 4630
F 4348 4491 4490
F 4491 4348 4349
F 4489 4348 4490
F 4348 4489 4347
F 984 1049 983
F 983 1049 1048
F 2526 2527 2575
F 2527 2576 2575
F 3221 3088 3089
F 3222 3221 3089
F 2651 2650 2583
F 2651 2583 2584
F 2841 2739 2842
F 2739 2841 2738
F 2739 2654 2655
F 2739 2655 2740
F 4903 4772 4904
F 4903 4771 4772
F 5219 5220 5376
F 5376 5220 5377
F 5220 5221 5378
F 5220 5378 5377
F 5083 4940 5084
F 4940 5083 4939
F 5225 5083 5084
F 5224 5083 5225
F 3277 3143 3144
F 3277 3276 3143
F 2895 2791 2792
F 2791 2895 2894
F 2787 2889 2786
F 2889 2787 2890
F 3968 3831 3969
F 3831 3968 3830
F 4931 4799 4932
F 4798 4799 4931
F 287 286 264
F 264 286 263
F 235 247 234
F 247 235 248
F 234 247 233
F 247 246 233
F 193 204 192
F 204 193 205
F 398 355 399
F 355 356 399
F 442 397 443
F 397 442 396
F 397 398 444
F 443 397 444
F 105 113 104
F 105 114 113
F 94 105 104
F 105 94 95
F 114 105 115
F 105 106 115
F 105 95 96
F 106 105 96
F 107 106 96
F 97 107 96
F 107 116 115
F 106 107 115
F 3666 3528 3667
F 3528 3666 3527
F 3528 3391 3392
F 3391 3528 3527
F 3667 3528 3668
F 3528 3529 3668
F 3945 4079 3944
F 4079 3945 4080
F 3943 4079 4078
F 4079 3943 3944
F 4217 4079 4218
F 4079 4080 4218
F 4079 4216 4078
F 4079 4217 4216
F 4219 4356 4218
F 4356 4219 4357
F 4358 4219 4220
F 4357 4219 4358
F 4080 4219 4218
F 4081 4219 4080
F 4220 4219 4082
F 4219 4081 4082
F 4787 4649 4788
F 4649 4650 4788
F 4786 4649 4787
F 4649 4786 4648
F 3504 3644 3643
F 3644 3504 3505
F 3647 3509 3648
F 3509 3647 3508
F 3647 3787 3646
F 3787 3647 3788
F 3787 3786 3645
F 3646 3787 3645
F 3789 3647 3648
F 3647 3789 3788
F 3644 3506 3645
F 3506 3644 3505
F 3379 3516 3515
F 3516 3379 3380
F 3373 3509 3508
F 3372 3373 3508
F 2977 3107 2976
F 2977 3108 3107
F 3242 3376 3241
F 3242 3377 3376
F 2754 2858 2857
F 2858 2754 2755
F 2858 2755 2756
F 2859 2858 2756
F 1199 1270 1198
F 1270 1199 1271
F 1270 1342 1341
F 1342 1270 1271
F 2607 2673 2606
F 2673 2607 2674
F 2671 2672 2757
F 2671 2757 2756
F 2672 2671 2605
F 2671 2604 2605
F 2757 2860 2756
F 2860 2859 2756
F 2863 2983 2982
F 2862 2863 2982
F 2983 2863 2984
F 2863 2864 2984
F 3115 3247 3114
F 3247 3115 3248
F 3516 3381 3517
F 3381 3516 3380
F 3384 3383 3249
F 3249 3383 3248
F 3383 3247 3248
F 3247 3383 3382
F 2877 2775 2878
F 2775 2877 2774
F 2775 2774 2689
F 2690 2775 2689
F 1501 1571 1500
F 1501 1572 1571
F 2691 2775 2690
F 2775 2691 2776
F 2776 2691 2777
F 2691 2692 2777
F 2867 2763 2764
F 2763 2867 2866
F 2864 2865 2984
F 2865 2985 2984
F 2865 2763 2866
F 2763 2865 2762
F 2992 2873 2993
F 2873 2992 2872
F 3255 3389 3254
F 3389 3255 3390
F 3121 3255 3254
F 3255 3121 3122
F 2679 2612 2613
F 2680 2679 2613
F 1491 1562 1490
F 1562 1561 1490
F 1492 1562 1491
F 1562 1492 1563
F 1616 1564 1617
F 1564 1616 1563
F 1492 1564 1563
F 1564 1492 1493
F 2775 2879 2878
F 2879 2775 2776
F 2880 2879 2777
F 2879 2776 2777
F 2876 2772 2773
F 2772 2876 2875
F 2876 2995 2875
F 2995 2876 2996
F 2876 2877 2997
F 2996 2876 2997
F 2774 2876 2773
F 2877 2876 2774
F 3530 3669 3668
F 3529 3530 3668
F 2854 2750 2751
F 2750 2854 2853
F 2597 2596 2547
F 2597 2547 2548
F 2597 2664 2663
F 2596 2597 2663
F 2601 2602 2669
F 2668 2601 2669
F 2667 2601 2668
F 2601 2667 2600
F 1556 1555 1485
F 1555 1484 1485
F 1484 1555 1483
F 1555 1554 1483
F 1608 1555 1609
F 1554 1555 1608
F 1482 1553 1481
F 1553 1552 1481
F 1553 1482 1483
F 1554 1553 1483
F 1553 1554 1608
F 1553 1608 1607
F 2542 2543 2591
F 2543 2592 2591
F 183 197 196
F 183 184 197
F 183 170 171
F 184 183 171
F 170 183 169
F 169 183 182
F 325 324 293
F 294 325 293
F 324 325 362
F 325 363 362
F 366 408 365
F 409 408 366
F 363 405 362
F 405 363 406
F 361 405 404
F 405 361 362
F 552 499 553
F 553 499 500
F 615 556 616
F 615 555 556
F 870 936 935
F 936 870 871
F 804 805 868
F 805 869 868
F 932 996 931
F 996 932 997
F 1064 996 997
F 996 1064 1063
F 866 929 865
F 929 866 930
F 929 864 865
F 864 929 928
F 864 927 863
F 927 864 928
F 864 800 801
F 865 864 801
F 929 993 928
F 993 929 994
F 993 994 1061
F 1060 993 1061
F 1059 1123 1058
F 1123 1059 1124
F 1126 1062 1127
F 1062 1126 1061
F 1270 1197 1198
F 1197 1270 1269
F 1197 1128 1198
F 1128 1197 1127
F 1197 1126 1127
F 1126 1197 1196
F 3188 3056 3057
F 3187 3056 3188
F 4690 4828 4827
F 4828 4690 4691
F 1723 1716 1717
F 1716 1723 1722
F 1689 1712 1711
F 1712 1689 1690
F 3725 3866 3724
F 3866 3865 3724
F 3587 3725 3586
F 3725 3587 3726
F 3048 3178 3047
F 3178 3048 3179
F 3180 3050 3181
F 3180 3049 3050
F 3048 3180 3179
F 3180 3048 3049
F 3186 3187 3320
F 3319 3186 3320
F 3185 3186 3318
F 3318 3186 3319
F 833 773 834
F 773 833 772
F 773 835 834
F 773 774 835
F 711 773 710
F 774 773 711
F 1091 1159 1158
F 1159 1091 1092
F 1091 1028 1092
F 1091 1027 1028
F 1027 1026 962
F 1026 961 962
F 1163 1233 1162
F 1233 1163 1234
F 1095 1163 1094
F 1163 1162 1094
F 1163 1095 1096
F 1164 1163 1096
F 1235 1163 1164
F 1163 1235 1234
F 1676 1698 1675
F 1675 1698 1697
F 1588 1518 1519
F 1588 1587 1518
F 1644 1681 1643
F 1681 1644 1682
F 1590 1644 1643
F 1644 1590 1591
F 8196 8216 8215
F 8216 8196 8197
F 8216 8198 8217
F 8198 8216 8197
F 8200 8220 8219
F 8220 8200 8201
F 7869 7990 7868
F 7868 7990 7989
F 8106 7992 7993
F 8105 7992 8106
F 7872 7992 7871
F 7992 7872 7993
F 7992 8105 8104
F 7991 7992 8104
F 7838 7958 7837
F 7838 7959 7958
F 7449 7448 7306
F 7448 7305 7306
F 7448 7449 7586
F 7448 7586 7585
F 7448 7304 7305
F 7304 7448 7447
F 7304 7157 7158
F 7305 7304 7158
F 7304 7446 7303
F 7446 7304 7447
F 8071 7959 8072
F 7959 8071 7958
F 8071 7957 7958
F 8071 8070 7957
F 8059 7944 8060
F 7944 7945 8060
F 7944 8058 7943
F 7944 8059 8058
F 7945 7944 7824
F 7944 7823 7824
F 7944 7943 7822
F 7823 7944 7822
F 7948 7949 8061
F 7949 8062 8061
F 7949 8063 8062
F 8063 7949 7950
F 7829 7949 7828
F 7950 7949 7829
F 7702 7571 7703
F 7571 7702 7570
F 7702 7829 7828
F 7702 7703 7829
F 7949 7827 7828
F 7827 7949 7948
F 7827 7702 7828
F 7702 7827 7701
F 7827 7826 7700
F 7701 7827 7700
F 7826 7827 7947
F 7827 7948 7947
F 7835 7709 7836
F 7709 7710 7836
F 7709 7835 7834
F 7709 7834 7708
F 7576 7709 7708
F 7577 7709 7576
F 8065 7951 7952
F 7951 8065 8064
F 7951 8063 7950
F 8063 7951 8064
F 7951 7830 7831
F 7952 7951 7831
F 7830 7951 7829
F 7951 7950 7829
F 7834 7833 7708
F 7833 7707 7708
F 7954 7833 7955
F 7833 7834 7955
F 7707 7833 7706
F 7833 7832 7706
F 7833 7953 7832
F 7953 7833 7954
F 7953 7954 8067
F 8066 7953 8067
F 7953 8065 7952
F 8065 7953 8066
F 7953 7952 7831
F 7832 7953 7831
F 7433 7571 7570
F 7571 7433 7434
F 7435 7291 7292
F 7291 7435 7434
F 7433 7291 7434
F 7291 7433 7290
F 7291 7143 7144
F 7143 7291 7290
F 7291 7145 7292
F 7145 7291 7144
F 6999 7145 7144
F 7000 7145 6999
F 6289 6130 6131
F 6130 6289 6288
F 5984 6130 5983
F 6131 6130 5984
F 6284 6285 6442
F 6285 6443 6442
F 7804 7925 7924
F 7803 7804 7924
F 7804 7926 7925
F 7926 7804 7805
F 7804 7679 7805
F 7804 7678 7679
F 7923 7924 8039
F 8038 7923 8039
F 7923 8037 7922
F 7923 8038 8037
F 7923 7803 7924
F 7923 7802 7803
F 7801 7923 7922
F 7802 7923 7801
F 7409 7547 7546
F 7547 7409 7410
F 7409 7266 7267
F 7410 7409 7267
F 7265 7117 7118
F 7117 7265 7264
F 1040 1039 974
F 975 1040 974
F 1039 1106 1105
F 1040 1106 1039
F 981 914 915
F 982 981 915
F 981 980 913
F 914 981 913
F 981 1046 1045
F 981 1045 980
F 2576 2642 2575
F 2643 2642 2576
F 400 445 399
F 400 446 445
F 400 356 357
F 356 400 399
F 400 401 447
F 446 400 447
F 358 400 357
F 401 400 358
F 1119 1118 1053
F 1054 1119 1053
F 1188 1119 1189
F 1119 1188 1118
F 1119 1054 1055
F 1120 1119 1055
F 1119 1190 1189
F 1119 1120 1190
F 1192 1123 1193
F 1123 1192 1122
F 1263 1192 1264
F 1191 1192 1263
F 1192 1121 1122
F 1192 1191 1121
F 860 923 859
F 923 860 924
F 1057 1123 1122
F 1123 1057 1058
F 795 860 859
F 860 795 796
F 733 795 732
F 732 795 794
F 1174 1173 1104
F 1174 1104 1105
F 1319 1392 1391
F 1392 1319 1320
F 2512 2562 2561
F 2562 2512 2513
F 2561 2562 2628
F 2562 2629 2628
F 2562 2563 2630
F 2629 2562 2630
F 2514 2482 2483
F 2482 2514 2513
F 2562 2514 2563
F 2514 2562 2513
F 4021 4022 4159
F 4022 4160 4159
F 4295 4437 4436
F 4437 4295 4296
F 4583 4582 4440
F 4582 4439 4440
F 4578 4435 4579
F 4579 4435 4436
F 4435 4578 4577
F 4434 4435 4577
F 5154 5304 5153
F 5154 5305 5304
F 5765 5617 5766
F 5617 5765 5616
F 5148 5002 5149
F 5148 5001 5002
F 7888 7768 7889
F 7768 7888 7767
F 7888 8004 8003
F 8004 7888 7889
F 4995 4860 4861
F 4996 4995 4861
F 6342 6187 6343
F 6187 6342 6186
F 6344 6187 6188
F 6187 6344 6343
F 6608 6496 6609
F 6609 6496 6497
F 6496 6342 6343
F 6342 6496 6495
F 6344 6496 6343
F 6496 6344 6497
F 5746 5897 5896
F 5897 5746 5747
F 5594 5742 5593
F 5594 5743 5742
F 5597 5746 5745
F 5596 5597 5745
F 6036 6037 6186
F 6185 6036 6186
F 6035 6036 6184
F 6036 6185 6184
F 6341 6493 6340
F 6493 6341 6494
F 6184 6341 6340
F 6185 6341 6184
F 6341 6342 6495
F 6494 6341 6495
F 6341 6185 6186
F 6342 6341 6186
F 6607 6496 6608
F 6496 6607 6495
F 6607 6606 6494
F 6607 6494 6495
F 2484 2514 2483
F 2514 2484 2515
F 2515 2484 2516
F 2484 2485 2516
F 2486 2474 2487
F 2474 2486 2473
F 2491 2492 2523
F 2522 2491 2523
F 2486 2472 2473
F 2472 2486 2485
F 1390 1319 1391
F 1319 1390 1318
F 1317 1390 1389
F 1318 1390 1317
F 1465 1390 1391
F 1464 1390 1465
F 1390 1463 1389
F 1390 1464 1463
F 3890 3751 3752
F 3751 3890 3889
F 2933 2934 3064
F 3064 2934 3065
F 2814 2934 2813
F 2934 2933 2813
F 2714 2629 2630
F 2715 2714 2630
F 2629 2714 2628
F 2714 2713 2628
F 2811 2708 2709
F 2812 2811 2709
F 2932 2811 2812
F 2931 2811 2932
F 3198 3197 3064
F 3198 3064 3065
F 3197 3198 3332
F 3198 3333 3332
F 3191 3326 3190
F 3326 3325 3190
F 3191 3059 3192
F 3059 3191 3058
F 3060 3059 2929
F 3059 2928 2929
F 3468 3606 3467
F 3607 3606 3468
F 3193 3059 3060
F 3059 3193 3192
F 3194 3193 3061
F 3193 3060 3061
F 3193 3194 3329
F 3328 3193 3329
F 3331 3466 3330
F 3466 3331 3467
F 3466 3329 3330
F 3466 3465 3329
F 3914 3775 3776
F 3775 3914 3913
F 4042 3906 3907
F 3906 4042 4041
F 3769 3908 3907
F 3908 3769 3770
F 3769 3629 3770
F 3629 3769 3628
F 3895 3758 3896
F 3758 3895 3757
F 4469 4470 4613
F 4469 4613 4612
F 4611 4469 4612
F 4468 4469 4611
F 4469 4327 4328
F 4470 4469 4328
F 4471 4470 4328
F 4329 4471 4328
F 4471 4330 4472
F 4330 4471 4329
F 4470 4471 4613
F 4471 4614 4613
F 4758 4889 4757
F 4889 4758 4890
F 125 124 115
F 124 114 115
F 124 125 135
F 124 135 134
F 124 123 113
F 114 124 113
F 123 124 133
F 133 124 134
F 144 155 143
F 143 155 154
F 155 166 154
F 166 155 167
F 155 144 145
F 156 155 145
F 155 168 167
F 155 156 168
F 538 597 596
F 538 596 537
F 437 392 438
F 391 392 437
F 393 392 350
F 392 349 350
F 392 391 348
F 349 392 348
F 440 394 395
F 441 440 395
F 440 489 488
F 439 440 488
F 440 441 490
F 489 440 490
F 793 731 732
F 793 732 794
F 855 918 854
F 918 855 919
F 730 668 731
F 668 730 667
F 730 793 792
F 793 730 731
F 496 448 449
F 497 496 449
F 549 496 550
F 496 497 550
F 541 489 490
F 542 541 490
F 488 541 540
F 489 541 488
F 541 600 540
F 600 541 601
F 658 600 659
F 599 600 658
F 600 660 659
F 600 601 660
F 543 490 491
F 543 542 490
F 541 602 601
F 602 541 542
F 660 602 661
F 601 602 660
F 543 602 542
F 602 543 603
F 602 662 661
F 602 603 662
F 5728 5580 5729
F 5580 5728 5579
F 5729 5580 5730
F 5580 5581 5730
F 5273 5429 5428
F 5429 5273 5274
F 5429 5727 5726
F 5429 5726 5428
F 6334 6488 6487
F 6488 6334 6335
F 6488 6335 6336
F 6489 6488 6336
F 6603 6488 6604
F 6488 6489 6604
F 6602 6488 6603
F 6488 6602 6487
F 6601 6602 6744
F 6602 6745 6744
F 6602 6601 6486
F 6487 6602 6486
F 6745 6602 6746
F 6602 6603 6746
F 6891 7037 6890
F 7037 6891 7038
F 7193 7341 7192
F 7341 7340 7192
F 7873 7995 7994
F 7995 7873 7874
F 7994 7995 8107
F 7995 8108 8107
F 7875 7995 7874
F 7996 7995 7875
F 8173 8206 8172
F 8173 8207 8206
F 8220 8202 8221
F 8202 8220 8201
F 8202 8222 8221
F 8202 8203 8222
F 8169 8106 8170
F 8169 8105 8106
F 8204 8169 8170
F 8203 8169 8204
F 7175 7322 7321
F 7174 7175 7321
F 7172 7319 7318
F 7171 7172 7318
F 6591 6590 6466
F 6467 6591 6466
F 6727 6726 6469
F 6470 6727 6469
F 6727 6876 6726
F 6876 6727 6877
F 6879 6730 6880
F 6879 6729 6730
F 7027 6879 6880
F 7026 6879 7027
F 7605 7467 7468
F 7467 7605 7604
F 7603 7735 7734
F 7602 7603 7734
F 7603 7602 7465
F 7466 7603 7465
F 7603 7467 7604
F 7467 7603 7466
F 7731 7598 7599
F 7731 7730 7598
F 7730 7731 7856
F 7731 7857 7856
F 7020 7164 7019
F 7164 7020 7165
F 7461 7317 7318
F 7460 7317 7461
F 6714 6582 6715
F 6582 6714 6581
F 7610 7609 7473
F 7473 7609 7472
F 7740 7609 7741
F 7608 7609 7740
F 7471 7327 7328
F 7327 7471 7470
F 7471 7609 7608
F 7609 7471 7472
F 7329 7471 7328
F 7471 7329 7472
F 7471 7608 7607
F 7470 7471 7607
F 5881 6024 5880
F 6025 6024 5881
F 6013 5718 5719
F 5718 6013 6012
F 6013 6160 6012
F 6013 6161 6160
F 6322 6323 6476
F 6322 6476 6475
F 6165 6018 6166
F 6018 6165 6017
F 6323 6165 6324
F 6165 6166 6324
F 6322 6165 6323
F 6165 6322 6164
F 4555 4696 4554
F 4696 4555 4697
F 4556 4555 4415
F 4415 4555 4414
F 5407 5558 5406
F 5558 5407 5559
F 4842 4976 4975
F 4976 4842 4843
F 5879 6022 5878
F 6022 5879 6023
F 5727 5879 5878
F 5728 5879 5727
F 6024 5879 5880
F 5879 6024 6023
F 5879 5729 5880
F 5879 5728 5729
F 6163 6016 6164
F 6016 6163 6015
F 6165 6016 6017
F 6016 6165 6164
F 5721 5722 6015
F 5722 6016 6015
F 5718 5571 5719
F 5719 5571 5572
F 3454 3318 3319
F 3318 3454 3453
F 4283 4144 4145
F 4144 4283 4282
F 4150 4015 4151
F 4151 4015 4016
F 4287 4424 4286
F 4424 4287 4425
F 7183 7184 7331
F 7330 7183 7331
F 7183 7330 7329
F 7182 7183 7329
F 383 430 429
F 384 430 383
F 386 385 344
F 385 343 344
F 385 384 342
F 385 342 343
F 480 481 533
F 480 533 532
F 481 480 433
F 480 432 433
F 1037 1036 971
F 972 1037 971
F 654 716 715
F 716 654 655
F 906 972 971
F 972 906 907
F 840 904 903
F 839 840 903
F 1097 1098 1166
F 1165 1097 1166
F 1097 1164 1096
F 1164 1097 1165
F 1035 1097 1034
F 1098 1097 1035
F 1683 1704 1682
F 1704 1683 1705
F 1590 1522 1591
F 1522 1590 1521
F 1448 1522 1447
F 1523 1522 1448
F 1445 1372 1373
F 1372 1445 1444
F 1444 1445 1519
F 1445 1520 1519
F 4242 4105 4243
F 4105 4242 4104
F 4381 4242 4243
F 4242 4381 4380
F 4379 4242 4380
F 4242 4379 4241
F 4521 4379 4380
F 4379 4521 4520
F 4240 4379 4378
F 4379 4240 4241
F 3151 3284 3283
F 3151 3283 3150
F 3153 3023 3154
F 3023 3153 3022
F 3021 3151 3020
F 3151 3021 3152
F 3153 3021 3022
F 3021 3153 3152
F 3022 3021 2902
F 3021 2901 2902
F 3021 3020 2900
F 2901 3021 2900
F 4110 4248 4247
F 4110 4247 4109
F 4248 4110 4249
F 4110 4111 4249
F 4383 4384 4524
F 4524 4384 4525
F 4108 3974 4109
F 3974 4108 3973
F 4108 4107 3972
F 4108 3972 3973
F 3834 3692 3693
F 3692 3834 3833
F 3550 3551 3689
F 3551 3690 3689
F 2899 2796 2797
F 2899 2797 2900
F 2899 2898 2795
F 2796 2899 2795
F 3017 3147 3016
F 3148 3147 3017
F 3282 3418 3417
F 3418 3282 3283
F 3283 3282 3150
F 3282 3149 3150
F 3281 3282 3416
F 3282 3417 3416
F 3282 3148 3149
F 3282 3281 3148
F 1442 1441 1370
F 1370 1441 1369
F 1223 1294 1222
F 1294 1223 1295
F 1365 1294 1295
F 1364 1294 1365
F 1437 1364 1365
F 1364 1437 1436
F 1437 1512 1511
F 1437 1511 1436
F 1583 1635 1582
F 1583 1636 1635
F 458 412 459
F 459 412 413
F 412 458 457
F 411 412 457
F 558 617 557
F 558 618 617
F 504 558 557
F 505 558 504
F 376 421 375
F 421 376 422
F 299 332 298
F 333 332 299
F 521 522 579
F 578 521 579
F 372 329 330
F 329 372 371
F 812 874 811
F 874 812 875
F 872 810 873
F 810 872 809
F 874 810 811
F 810 874 873
F 810 747 748
F 747 810 809
F 1277 1205 1206
F 1277 1206 1278
F 1277 1204 1205
F 1204 1277 1276
F 1134 1070 1071
F 1135 1134 1071
F 1205 1134 1206
F 1134 1135 1206
F 1204 1134 1205
F 1134 1204 1133
F 1279 1351 1350
F 1351 1279 1280
F 1279 1349 1278
F 1349 1279 1350
F 1208 1279 1207
F 1279 1208 1280
F 1207 1279 1206
F 1206 1279 1278
F 875 813 876
F 812 813 875
F 813 750 751
F 750 813 812
F 750 688 751
F 688 750 687
F 688 629 689
F 629 688 628
F 752 813 751
F 813 752 814
F 752 688 689
F 688 752 751
F 1281 1351 1280
F 1351 1281 1352
F 951 885 886
F 885 951 950
F 1142 1077 1078
F 1077 1142 1141
F 1011 1077 1010
F 1077 1011 1078
F 1272 1342 1271
F 1342 1272 1343
F 690 752 689
F 752 690 753
F 378 423 377
F 423 378 424
F 378 335 336
F 335 378 377
F 424 378 425
F 378 379 425
F 337 378 336
F 379 378 337
F 426 381 427
F 426 380 381
F 426 379 380
F 379 426 425
F 476 428 429
F 477 476 429
F 428 476 427
F 476 475 427
F 709 773 772
F 773 709 710
F 832 831 770
F 771 832 770
F 833 832 772
F 832 771 772
F 471 525 524
F 525 471 472
F 523 471 524
F 471 523 470
F 471 423 424
F 471 424 472
F 423 471 422
F 422 471 470
F 762 824 823
F 824 762 763
F 887 951 886
F 951 887 952
F 824 887 823
F 887 824 888
F 887 953 952
F 953 887 888
F 953 888 889
F 954 953 889
F 1665 1628 1666
F 1666 1628 1629
F 1575 1574 1503
F 1575 1503 1504
F 1018 954 1019
F 1018 953 954
F 953 1018 952
F 1018 1017 952
F 1086 1020 1021
F 1087 1086 1021
F 1020 1086 1019
F 1086 1085 1019
F 1667 1630 1631
F 1668 1667 1631
F 1630 1667 1629
F 1667 1666 1629
F 1509 1435 1510
F 1435 1509 1434
F 1509 1508 1433
F 1509 1433 1434
F 1579 1509 1580
F 1508 1509 1579
F 1435 1363 1436
F 1363 1364 1436
F 1363 1294 1364
F 1294 1363 1293
F 1152 1086 1087
F 1086 1152 1151
F 1224 1152 1153
F 1223 1152 1224
F 1152 1223 1222
F 1152 1222 1151
F 1154 1226 1225
F 1226 1154 1155
F 1226 1297 1296
F 1225 1226 1296
F 7156 7304 7303
F 7304 7156 7157
F 7157 7156 7012
F 7156 7011 7012
F 7010 7156 7155
F 7011 7156 7010
F 6289 6290 6447
F 6290 6448 6447
F 6451 6294 6452
F 6294 6451 6293
F 6572 6571 6452
F 6453 6572 6452
F 7008 6863 7009
F 6863 7008 6862
F 6863 7010 7009
F 6863 6864 7010
F 5695 5547 5548
F 5547 5695 5694
F 5853 5695 5854
F 5694 5695 5853
F 5696 5695 5549
F 5549 5695 5548
F 5695 5696 5855
F 5854 5695 5855
F 5849 5690 5850
F 5850 5690 5691
F 5393 5237 5394
F 5237 5393 5236
F 5689 5688 5541
F 5542 5689 5541
F 5848 5981 5847
F 5848 5982 5981
F 5688 5848 5847
F 5689 5848 5688
F 5989 5988 5854
F 5989 5854 5855
F 5856 5989 5855
F 5990 5989 5856
F 5395 5237 5238
F 5237 5395 5394
F 5394 5395 5546
F 5395 5547 5546
F 5693 5547 5694
F 5547 5693 5546
F 4531 4672 4530
F 4672 4531 4673
F 5390 5542 5541
F 5389 5390 5541
F 4946 5091 5090
F 5091 4946 4947
F 5091 5231 5090
F 5091 5232 5231
F 5261 5121 5262
F 5121 5261 5120
F 5117 5257 5116
F 5258 5257 5117
F 5412 5257 5413
F 5257 5258 5413
F 5555 5554 5402
F 5555 5402 5403
F 7692 7817 7691
F 7817 7692 7818
F 7692 7693 7819
F 7818 7692 7819
F 7279 7133 7280
F 7132 7133 7279
F 7133 7132 6987
F 6988 7133 6987
F 6833 6980 6979
F 6980 6833 6834
F 6835 6980 6834
F 6980 6835 6981
F 8052 7936 7937
F 7936 8052 8051
F 7940 7939 7819
F 7939 7818 7819
F 7939 7817 7818
F 7939 7938 7817
F 7696 7823 7822
F 7823 7696 7697
F 7428 7566 7565
F 7428 7429 7566
F 6279 6122 6280
F 6122 6279 6121
F 6281 6438 6280
F 6438 6281 6439
F 6438 6279 6280
F 6279 6438 6437
F 5375 5528 5527
F 5528 5375 5376
F 5380 5532 5379
F 5379 5532 5531
F 5532 5380 5381
F 5533 5532 5381
F 7438 7295 7296
F 7438 7296 7439
F 6998 6997 6851
F 6852 6998 6851
F 6998 6999 7144
F 7143 6998 7144
F 7142 6998 7143
F 6998 7142 6997
F 7141 7142 7288
F 7288 7142 7289
F 7142 6996 6997
F 6996 7142 7141
F 7142 7143 7290
F 7142 7290 7289
F 6853 6998 6852
F 6998 6853 6999
F 6702 6853 6852
F 6853 6702 6703
F 6443 6561 6442
F 6562 6561 6443
F 6701 6852 6851
F 6701 6702 6852
F 6994 6848 6995
F 6848 6849 6995
F 6848 6847 6697
F 6698 6848 6697
F 6126 6285 6284
F 6285 6126 6127
F 6126 6284 6283
F 6125 6126 6283
F 5232 5388 5231
F 5388 5232 5389
F 5540 5388 5541
F 5388 5389 5541
F 7865 7987 7986
F 7987 7865 7866
F 7865 7740 7866
F 7865 7739 7740
F 7865 7985 7864
F 7865 7986 7985
F 7603 7736 7735
F 7736 7603 7604
F 7605 7736 7604
F 7737 7736 7605
F 7738 7865 7864
F 7865 7738 7739
F 7739 7738 7607
F 7607 7738 7606
F 7738 7605 7606
F 7738 7737 7605
F 8092 7978 7979
F 7978 8092 8091
F 7857 7978 7856
F 7978 7977 7856
F 7977 7978 8090
F 8090 7978 8091
F 8154 8188 8153
F 8188 8187 8153
F 8190 8155 8156
F 8155 8190 8189
F 8092 8155 8091
F 8155 8092 8156
F 8155 8188 8154
F 8188 8155 8189
F 8155 8090 8091
F 8155 8154 8090
F 8089 8088 7976
F 8088 7975 7976
F 7854 7729 7855
F 7729 7854 7728
F 7854 7727 7728
F 7854 7853 7727
F 7854 7855 7976
F 7975 7854 7976
F 8095 8159 8094
F 8159 8158 8094
F 7978 7858 7979
F 7858 7978 7857
F 7982 7860 7861
F 7981 7860 7982
F 7735 7860 7734
F 7860 7735 7861
F 7980 7860 7981
F 7860 7980 7859
F 7980 7858 7859
F 7858 7980 7979
F 7980 7981 8094
F 8093 7980 8094
F 7980 8092 7979
F 7980 8093 8092
F 7973 8086 7972
F 7972 8086 8085
F 7013 7159 7158
F 7014 7159 7013
F 7159 7305 7158
F 7305 7159 7306
F 7159 7015 7160
F 7015 7159 7014
F 7159 7307 7306
F 7159 7160 7307
F 7452 7451 7308
F 7452 7308 7309
F 7163 7162 7017
F 7018 7163 7017
F 7164 7163 7019
F 7163 7018 7019
F 7456 7594 7593
F 7456 7457 7594
F 7843 7717 7718
F 7843 7718 7844
F 7843 7965 7964
F 7965 7843 7844
F 7843 7716 7717
F 7716 7843 7842
F 7963 7843 7964
F 7842 7843 7963
F 7715 7842 7841
F 7715 7716 7842
F 7448 7584 7447
F 7584 7448 7585
F 7584 7446 7447
F 7446 7584 7583
F 7715 7584 7716
F 7584 7715 7583
F 7717 7584 7585
F 7716 7584 7717
F 7967 8081 8080
F 8081 7967 7968
F 7967 8080 8079
F 7966 7967 8079
F 7974 7854 7975
F 7854 7974 7853
F 8088 7974 7975
F 7974 8088 8087
F 7974 8086 7973
F 8086 7974 8087
F 7974 7852 7853
F 7974 7973 7852
F 7848 7970 7969
F 7849 7970 7848
F 5816 6106 5815
F 6106 6105 5815
F 6106 5817 6107
F 5817 6106 5816
F 5669 5521 5522
F 5521 5669 5668
F 5521 5214 5522
F 5521 5213 5214
F 5209 5210 5368
F 5210 5369 5368
F 5827 5828 5961
F 5828 5962 5961
F 5828 5963 5962
F 5963 5828 5829
F 5828 5827 5668
F 5669 5828 5668
F 5828 5669 5670
F 5828 5670 5829
F 3128 3127 2996
F 3128 2996 2997
F 2998 3128 2997
F 3128 2998 3129
F 3128 3261 3260
F 3127 3128 3260
F 3261 3128 3262
F 3262 3128 3129
F 3397 3532 3396
F 3533 3532 3397
F 3532 3395 3396
F 3395 3532 3531
F 3671 3532 3672
F 3532 3533 3672
F 3670 3532 3671
F 3532 3670 3531
F 3670 3810 3669
F 3810 3670 3811
F 3530 3670 3669
F 3670 3530 3531
F 3670 3812 3811
F 3670 3671 3812
F 3947 3948 4082
F 3948 4083 4082
F 4084 3948 3949
F 3948 4084 4083
F 3948 3947 3809
F 3810 3948 3809
F 3949 3948 3811
F 3948 3810 3811
F 2701 2786 2785
F 2701 2785 2700
F 4368 4367 4230
F 4367 4229 4230
F 4929 4928 4792
F 4793 4929 4792
F 4794 4929 4793
F 4929 4794 4930
F 7123 6978 6979
F 7124 7123 6979
F 7123 7122 6977
F 6978 7123 6977
F 6832 6833 6979
F 6978 6832 6979
F 5830 5670 5671
F 5670 5830 5829
F 6266 6267 6425
F 6424 6266 6425
F 5961 6266 5960
F 5960 6266 6265
F 6267 6266 5962
F 5962 6266 5961
F 7931 7809 7810
F 7809 7931 7930
F 7271 7123 7124
F 7123 7271 7270
F 7271 7413 7270
F 7271 7414 7413
F 7414 7271 7415
F 7415 7271 7272
F 7416 7415 7272
F 7273 7416 7272
F 7123 7269 7122
F 7269 7123 7270
F 6831 6978 6977
F 6831 6832 6978
F 6827 6974 6973
F 6974 6827 6828
F 6827 6973 6972
F 6826 6827 6972
F 7112 6968 7113
F 6968 7112 6967
F 7112 7111 6966
F 7112 6966 6967
F 7258 7400 7257
F 7400 7258 7401
F 7112 7258 7111
F 7258 7112 7259
F 7258 7259 7402
F 7401 7258 7402
F 7110 7258 7257
F 7111 7258 7110
F 6965 6819 6966
F 6966 6819 6820
F 7676 7802 7801
F 7676 7801 7675
F 7798 7673 7799
F 7672 7673 7798
F 7264 7406 7263
F 7406 7264 7407
F 7406 7262 7263
F 7262 7406 7405
F 7115 7261 7114
F 7262 7261 7115
F 6968 6969 7113
F 7113 6969 7114
F 6956 7101 7100
F 6955 6956 7100
F 7535 7397 7398
F 7397 7535 7534
F 7535 7399 7536
F 7399 7535 7398
F 7665 7533 7534
F 7666 7665 7534
F 7665 7666 7792
F 7791 7665 7792
F 7396 7532 7395
F 7532 7396 7533
F 7905 7906 8020
F 8020 7906 8021
F 8130 8026 8131
F 8131 8026 8027
F 7107 7255 7254
F 7255 7107 7108
F 6100 6101 6250
F 6249 6100 6250
F 6956 7102 7101
F 7102 6956 6957
F 7101 7102 7248
F 7102 7249 7248
F 7094 7240 7093
F 7240 7094 7241
F 7384 7240 7241
F 7240 7384 7383
F 6085 6233 6084
F 6233 6085 6234
F 6667 6806 6666
F 6667 6807 6806
F 6950 6949 6803
F 6804 6950 6803
F 6950 6804 6805
F 6951 6950 6805
F 8125 8179 8124
F 8179 8178 8124
F 5661 5819 5660
F 5819 5661 5820
F 5660 5819 5659
F 5659 5819 5818
F 5818 5819 6108
F 5819 6109 6108
F 5512 5362 5363
F 5362 5512 5511
F 5817 5658 5818
F 5658 5659 5818
F 5658 5816 5657
F 5658 5817 5816
F 5512 5658 5511
F 5658 5512 5659
F 5658 5510 5511
F 5510 5658 5657
F 5509 5510 5656
F 5510 5657 5656
F 5510 5509 5360
F 5361 5510 5360
F 5510 5362 5511
F 5362 5510 5361
F 5957 5824 5958
F 5823 5824 5957
F 5662 5516 5663
F 5516 5662 5515
F 5822 5662 5663
F 5662 5822 5821
F 5515 5662 5514
F 5662 5661 5514
F 5661 5662 5820
F 5662 5821 5820
F 4922 5065 4921
F 5065 5064 4921
F 5066 5065 4923
F 5065 4922 4923
F 5207 5065 5066
F 5065 5207 5206
F 5067 5207 5066
F 5207 5067 5208
F 5207 5366 5365
F 5206 5207 5365
F 5367 5207 5208
F 5366 5207 5367
F 6417 6556 6416
F 6556 6417 6557
F 6258 6417 6416
F 6417 6258 6259
F 6258 6109 6110
F 6258 6110 6259
F 5955 5954 5821
F 5821 5954 5820
F 6238 6397 6396
F 6397 6238 6239
F 6238 6090 6239
F 6238 6089 6090
F 6394 6393 6236
F 6237 6394 6236
F 6402 6403 6542
F 6542 6403 6543
F 6244 6402 6401
F 6243 6244 6401
F 6244 6403 6402
F 6403 6244 6245
F 6252 6409 6251
F 6409 6252 6410
F 6244 6096 6245
F 6096 6244 6095
F 5349 5198 5199
F 5350 5349 5199
F 5051 5197 5050
F 5198 5197 5051
F 5349 5197 5198
F 5197 5349 5348
F 5204 5056 5057
F 5056 5204 5203
F 4634 4777 4633
F 4778 4777 4634
F 4773 4628 4629
F 4628 4773 4772
F 5201 5351 5200
F 5351 5201 5352
F 5357 5507 5506
F 5357 5358 5507
F 3651 3512 3513
F 3652 3651 3513
F 3930 3931 4065
F 3931 4066 4065
F 3804 3943 3942
F 3943 3804 3805
F 3941 3804 3942
F 3804 3941 3803
F 3663 3804 3662
F 3662 3804 3803
F 3661 3523 3662
F 3523 3661 3522
F 3799 3657 3658
F 3657 3799 3798
F 3938 3799 3800
F 3937 3799 3938
F 3799 3936 3798
F 3799 3937 3936
F 3797 3656 3798
F 3656 3657 3798
F 3383 3518 3382
F 3518 3383 3519
F 3381 3518 3517
F 3518 3381 3382
F 3656 3518 3657
F 3518 3656 3517
F 3658 3518 3519
F 3657 3518 3658
F 3664 3804 3663
F 3804 3664 3805
F 3664 3663 3524
F 3525 3664 3524
F 3805 3664 3806
F 3664 3665 3806
F 3664 3526 3665
F 3526 3664 3525
F 3526 3391 3527
F 3391 3526 3390
F 3526 3389 3390
F 3389 3526 3525
F 3665 3526 3666
F 3666 3526 3527
F 7658 7525 7526
F 7525 7658 7657
F 7898 7776 7777
F 7776 7898 7897
F 7780 7902 7901
F 7902 7780 7781
F 7782 7902 7781
F 7903 7902 7782
F 5791 5633 5792
F 5633 5791 5632
F 5936 5937 6083
F 6082 5936 6083
F 5936 6081 5935
F 6081 5936 6082
F 5937 5936 5793
F 5936 5792 5793
F 5936 5791 5792
F 5791 5936 5935
F 6386 6230 6387
F 6230 6386 6229
F 6230 6081 6082
F 6230 6082 6231
F 7093 6947 6948
F 6947 7093 7092
F 6659 6660 6799
F 6660 6800 6799
F 7641 7768 7767
F 7768 7641 7642
F 2962 2841 2842
F 2841 2962 2961
F 1327 1255 1256
F 1328 1327 1256
F 1327 1326 1254
F 1255 1327 1254
F 1546 1475 1476
F 1545 1475 1546
F 1401 1475 1400
F 1400 1475 1474
F 1475 1402 1476
F 1475 1401 1402
F 4763 4897 4896
F 4897 4763 4764
F 4895 5039 5038
F 5039 4895 4896
F 4895 4763 4896
F 4763 4895 4762
F 4476 4333 4334
F 4333 4476 4475
F 4330 4192 4331
F 4192 4193 4331
F 4768 4767 4624
F 4767 4623 4624
F 4480 4339 4481
F 4339 4480 4338
F 4480 4337 4338
F 4337 4480 4479
F 4620 4480 4621
F 4479 4480 4620
F 4340 4341 4482
F 4341 4483 4482
F 4483 4341 4484
F 4341 4342 4484
F 4625 4626 4769
F 4626 4770 4769
F 4771 4627 4772
F 4627 4628 4772
F 2851 2747 2748
F 2747 2851 2850
F 2851 2970 2850
F 2851 2971 2970
F 2596 2662 2595
F 2662 2596 2663
F 2748 2662 2663
F 2747 2662 2748
F 2746 2848 2745
F 2848 2746 2849
F 2849 2746 2850
F 2746 2747 2850
F 3920 4056 4055
F 4056 3920 3921
F 4203 4064 4065
F 4064 4203 4202
F 4066 4203 4065
F 4204 4203 4066
F 4488 4489 4630
F 4488 4630 4629
F 3926 3787 3788
F 3787 3926 3925
F 3789 3926 3788
F 3926 3789 3927
F 916 982 915
F 982 916 983
F 1115 1186 1185
F 1186 1115 1116
F 1253 1182 1254
F 1182 1253 1181
F 1182 1181 1111
F 1112 1182 1111
F 981 1047 1046
F 1047 981 982
F 1047 983 1048
F 1047 982 983
F 1046 1047 1111
F 1047 1112 1111
F 1473 1400 1474
F 1473 1399 1400
F 1473 1398 1399
F 1398 1473 1472
F 1398 1472 1471
F 1397 1398 1471
F 1326 1398 1325
F 1398 1397 1325
F 3224 3360 3359
F 3225 3360 3224
F 2651 2736 2650
F 2650 2736 2735
F 2653 2739 2738
F 2739 2653 2654
F 2653 2587 2654
F 2587 2653 2586
F 2657 2589 2590
F 2656 2589 2657
F 2540 2541 2590
F 2589 2540 2590
F 2537 2587 2586
F 2587 2537 2538
F 5045 5191 5044
F 5191 5045 5192
F 4901 5043 4900
F 4901 5044 5043
F 4901 4767 4768
F 4767 4901 4900
F 4901 5045 5044
F 5045 4901 4902
F 4769 4901 4768
F 4902 4901 4769
F 5190 5042 5043
F 5042 5190 5189
F 5044 5190 5043
F 5191 5190 5044
F 5082 5223 5222
F 5081 5082 5222
F 5223 5082 5224
F 5082 5083 5224
F 5083 5082 4939
F 4939 5082 4938
F 3688 3687 3549
F 3549 3687 3548
F 3829 3687 3688
F 3687 3829 3828
F 3010 2889 2890
F 2889 3010 3009
F 2787 2891 2890
F 2891 2787 2788
F 2891 3010 2890
F 3010 2891 3011
F 2889 2888 2786
F 2786 2888 2785
F 4103 4242 4241
F 4242 4103 4104
F 4240 4103 4241
F 4103 4240 4102
F 4104 4103 3969
F 4103 3968 3969
F 4805 4806 4939
F 4805 4939 4938
F 262 285 261
F 285 284 261
F 315 285 316
F 285 315 284
F 285 262 263
F 286 285 263
F 287 265 288
F 265 287 264
F 216 229 215
F 216 230 229
F 352 353 395
F 395 353 396
F 314 352 351
F 313 314 351
F 283 314 282
F 314 313 282
F 314 353 352
F 353 314 315
F 284 314 283
F 315 314 284
F 317 285 286
F 285 317 316
F 317 287 318
F 317 286 287
F 356 317 318
F 355 317 356
F 3950 4085 3949
F 4085 4084 3949
F 4222 4359 4221
F 4359 4222 4360
F 4361 4222 4223
F 4222 4361 4360
F 4083 4222 4221
F 4084 4222 4083
F 4222 4085 4223
F 4085 4222 4084
F 3098 3099 3232
F 3098 3232 3231
F 2968 2849 2969
F 2968 2848 2849
F 3098 2968 3099
F 2968 3098 2967
F 3100 2968 2969
F 2968 3100 3099
F 3099 3100 3232
F 3100 3233 3232
F 3787 3924 3786
F 3924 3787 3925
F 3786 3924 3785
F 3924 3923 3785
F 3922 4056 3921
F 4056 3922 4057
F 3922 3784 3785
F 3923 3922 3785
F 3233 3368 3232
F 3232 3368 3367
F 3368 3503 3367
F 3368 3504 3503
F 3504 3368 3505
F 3505 3368 3369
F 3234 3368 3233
F 3368 3234 3369
F 3371 3236 3372
F 3372 3236 3237
F 3236 3104 3237
F 3104 3236 3103
F 3103 3236 3102
F 3236 3235 3102
F 3507 3371 3372
F 3507 3372 3508
F 3647 3507 3508
F 3507 3647 3646
F 3507 3646 3645
F 3506 3507 3645
F 3236 3370 3235
F 3370 3236 3371
F 3370 3507 3506
F 3507 3370 3371
F 3234 3370 3369
F 3370 3234 3235
F 3370 3506 3505
F 3370 3505 3369
F 3653 3514 3515
F 3654 3653 3515
F 3514 3653 3513
F 3653 3652 3513
F 3653 3654 3795
F 3794 3653 3795
F 3653 3793 3652
F 3653 3794 3793
F 3239 3238 3106
F 3238 3105 3106
F 3104 3238 3237
F 3238 3104 3105
F 3238 3239 3374
F 3373 3238 3374
F 3238 3373 3372
F 3238 3372 3237
F 1413 1414 1486
F 1486 1414 1487
F 1340 1270 1341
F 1270 1340 1269
F 1340 1414 1413
F 1414 1340 1341
F 1412 1340 1413
F 1340 1412 1339
F 1412 1484 1411
F 1484 1412 1485
F 1557 1486 1487
F 1558 1557 1487
F 1610 1557 1611
F 1557 1558 1611
F 2754 2670 2755
F 2670 2754 2669
F 2602 2670 2669
F 2670 2602 2603
F 2755 2670 2756
F 2670 2671 2756
F 2671 2670 2604
F 2604 2670 2603
F 2601 2553 2602
F 2553 2601 2552
F 2861 2758 2759
F 2862 2861 2759
F 2758 2861 2757
F 2861 2860 2757
F 2760 2862 2759
F 2760 2863 2862
F 3377 3243 3378
F 3242 3243 3377
F 3109 3242 3241
F 3108 3109 3241
F 3243 3109 3110
F 3109 3243 3242
F 3246 3113 3114
F 3247 3246 3114
F 3246 3247 3382
F 3381 3246 3382
F 2865 2986 2985
F 2986 2865 2866
F 3116 3115 2984
F 2985 3116 2984
F 3115 3116 3248
F 3116 3249 3248
F 2986 3116 2985
F 3116 2986 3117
F 3116 3250 3249
F 3116 3117 3250
F 1423 1424 1499
F 1498 1423 1499
F 2687 2688 2773
F 2772 2687 2773
F 1572 1625 1624
F 1625 1572 1573
F 2693 2694 2779
F 2693 2779 2778
F 2693 2778 2777
F 2692 2693 2777
F 2614 2681 2680
F 2614 2680 2613
F 2682 2614 2615
F 2614 2682 2681
F 2682 2766 2681
F 2766 2682 2767
F 2769 2683 2684
F 2683 2769 2768
F 2682 2683 2767
F 2683 2768 2767
F 2611 2678 2610
F 2678 2677 2610
F 2678 2763 2762
F 2677 2678 2762
F 2679 2678 2612
F 2678 2611 2612
F 2763 2678 2764
F 2678 2679 2764
F 1417 1492 1491
F 1492 1417 1418
F 1559 1558 1487
F 1488 1559 1487
F 1558 1559 1611
F 1611 1559 1612
F 1559 1613 1612
F 1559 1560 1613
F 1559 1489 1560
F 1489 1559 1488
F 1561 1489 1490
F 1560 1489 1561
F 1615 1562 1563
F 1616 1615 1563
F 1565 1495 1566
F 1495 1565 1494
F 1565 1493 1494
F 1565 1564 1493
F 1564 1565 1617
F 1617 1565 1618
F 2974 2975 3106
F 3105 2974 3106
F 3104 2974 3105
F 2974 3104 2973
F 2853 2974 2973
F 2854 2974 2853
F 2664 2598 2665
F 2597 2598 2664
F 2598 2597 2548
F 2549 2598 2548
F 2754 2753 2669
F 2753 2668 2669
F 2551 2601 2600
F 2601 2551 2552
F 2544 2593 2592
F 2543 2544 2592
F 2544 2545 2594
F 2593 2544 2594
F 326 327 365
F 364 326 365
F 325 326 363
F 326 364 363
F 326 325 294
F 326 294 295
F 503 454 455
F 454 503 502
F 454 409 455
F 454 408 409
F 615 554 555
F 554 615 614
F 554 614 613
F 553 554 613
F 555 554 502
F 554 501 502
F 612 552 553
F 612 553 613
F 551 497 498
F 497 551 550
F 610 551 611
F 551 610 550
F 551 499 552
F 499 551 498
F 612 551 552
F 551 612 611
F 451 450 404
F 405 451 404
F 451 405 406
F 452 451 406
F 450 451 498
F 451 499 498
F 499 451 500
F 451 452 500
F 1131 1068 1132
F 1068 1131 1067
F 1066 1131 1130
F 1131 1066 1067
F 929 995 994
F 995 929 930
F 995 1062 1061
F 994 995 1061
F 1062 995 1063
F 995 996 1063
F 996 995 931
F 931 995 930
F 739 802 801
F 802 739 740
F 802 866 865
F 802 865 801
F 1194 1123 1124
F 1123 1194 1193
F 1197 1268 1196
F 1268 1197 1269
F 1268 1340 1339
F 1340 1268 1269
F 1059 1125 1124
F 1125 1059 1060
F 1125 1060 1061
F 1126 1125 1061
F 927 862 863
F 862 927 926
F 5435 5584 5583
F 5435 5436 5584
F 5435 5582 5434
F 5582 5435 5583
F 4708 4567 4709
F 4567 4708 4566
F 3866 4003 3865
F 4003 3866 4004
F 4130 4269 4268
F 4269 4130 4131
F 1694 1693 1655
F 1655 1693 1654
F 1527 1598 1597
F 1598 1527 1528
F 1693 1653 1654
F 1653 1693 1692
F 1454 1529 1528
F 1529 1454 1455
F 1454 1527 1453
F 1527 1454 1528
F 1381 1454 1453
F 1454 1381 1382
F 1382 1381 1311
F 1381 1310 1311
F 3180 3312 3179
F 3312 3180 3313
F 3312 3178 3179
F 3178 3312 3311
F 3447 3312 3448
F 3312 3313 3448
F 3312 3446 3311
F 3446 3312 3447
F 3867 3866 3725
F 3867 3725 3726
F 4003 4139 4138
F 4139 4003 4004
F 4143 4144 4282
F 4281 4143 4282
F 3588 3587 3451
F 3452 3588 3451
F 3450 3316 3451
F 3316 3450 3315
F 3450 3587 3586
F 3587 3450 3451
F 3585 3450 3586
F 3449 3450 3585
F 3180 3314 3313
F 3314 3180 3181
F 3314 3450 3449
F 3450 3314 3315
F 3182 3314 3181
F 3314 3182 3315
F 3313 3314 3448
F 3314 3449 3448
F 3055 3186 3185
F 3055 3185 3054
F 3055 3056 3187
F 3186 3055 3187
F 3317 3318 3453
F 3452 3317 3453
F 3317 3452 3451
F 3316 3317 3451
F 1381 1309 1310
F 1309 1381 1380
F 1699 1676 1677
F 1699 1698 1676
F 1703 1680 1681
F 1680 1703 1702
F 1703 1681 1682
F 1704 1703 1682
F 1589 1588 1519
F 1520 1589 1519
F 1590 1589 1521
F 1589 1520 1521
F 8163 8164 8197
F 8164 8198 8197
F 8217 8199 8218
F 8198 8199 8217
F 8164 8199 8198
F 8199 8164 8165
F 8199 8219 8218
F 8199 8200 8219
F 7609 7742 7741
F 7742 7609 7610
F 7742 7610 7611
F 7742 7611 7743
F 7742 7867 7741
F 7742 7868 7867
F 7742 7869 7868
F 7869 7742 7743
F 8199 8166 8200
F 8166 8199 8165
F 8200 8166 8201
F 8166 8167 8201
F 7870 7992 7991
F 7992 7870 7871
F 7870 7744 7745
F 7871 7870 7745
F 7870 7990 7869
F 7990 7870 7991
F 7744 7870 7743
F 7870 7869 7743
F 8166 8103 8167
F 8103 8166 8102
F 7990 8103 7989
F 8103 8102 7989
F 8103 7990 7991
F 8103 7991 8104
F 7150 7298 7297
F 7298 7150 7151
F 7156 7302 7155
F 7302 7156 7303
F 7702 7569 7570
F 7569 7702 7701
F 7703 7572 7704
F 7571 7572 7703
F 7572 7705 7704
F 7705 7572 7573
F 7435 7572 7434
F 7572 7571 7434
F 7573 7572 7436
F 7572 7435 7436
F 7003 7004 7149
F 7003 7149 7148
F 7147 7003 7148
F 7002 7003 7147
F 7146 7002 7147
F 7002 7146 7001
F 7146 7145 7000
F 7146 7000 7001
F 6128 5979 5980
F 6128 6127 5979
F 5981 6128 5980
F 6129 6128 5981
F 7265 7408 7264
F 7264 7408 7407
F 7409 7408 7266
F 7408 7265 7266
F 1397 1324 1325
F 1396 1324 1397
F 1041 975 976
F 1041 1040 975
F 977 1041 976
F 1041 977 1042
F 991 925 926
F 991 926 992
F 1057 991 1058
F 1058 991 992
F 1246 1319 1318
F 1319 1246 1247
F 1246 1317 1245
F 1246 1318 1317
F 1246 1175 1247
F 1175 1246 1174
F 1106 1175 1105
F 1175 1174 1105
F 2940 3071 2939
F 3071 3070 2939
F 3884 4023 3883
F 4023 3884 4024
F 3597 3738 3596
F 3738 3737 3596
F 4726 4864 4725
F 4864 4726 4865
F 4438 4297 4298
F 4439 4438 4298
F 4297 4438 4296
F 4438 4437 4296
F 4295 4294 4155
F 4294 4154 4155
F 4153 4294 4293
F 4154 4294 4153
F 4294 4295 4436
F 4435 4294 4436
F 4294 4434 4293
F 4294 4435 4434
F 5006 5152 5005
F 5152 5006 5153
F 4870 5006 5005
F 5006 4870 4871
F 5155 5156 5307
F 5155 5307 5306
F 5154 5155 5305
F 5305 5155 5306
F 5911 5766 5767
F 5766 5911 5910
F 4746 4745 4602
F 4603 4746 4602
F 5298 5299 5453
F 5453 5299 5454
F 5299 5298 5147
F 5148 5299 5147
F 5300 5299 5149
F 5299 5148 5149
F 7890 8004 7889
F 8004 7890 8005
F 5145 5295 5144
F 5296 5295 5145
F 5293 5143 5294
F 5143 5293 5142
F 5143 4997 5144
F 5143 4996 4997
F 4995 5143 5142
F 5143 4995 4996
F 5295 5143 5144
F 5143 5295 5294
F 5749 5900 5899
F 5900 5749 5750
F 5295 5449 5294
F 5449 5295 5450
F 5449 5293 5294
F 5293 5449 5448
F 5136 5288 5287
F 5137 5288 5136
F 4991 5138 4990
F 5138 5137 4990
F 5138 4992 5139
F 4992 5138 4991
F 5138 5288 5137
F 5288 5138 5289
F 5447 5293 5448
F 5293 5447 5292
F 5447 5291 5292
F 5291 5447 5446
F 5447 5596 5446
F 5447 5597 5596
F 5449 5598 5448
F 5598 5449 5599
F 5447 5598 5597
F 5598 5447 5448
F 5746 5598 5747
F 5597 5598 5746
F 5746 5895 5745
F 5895 5746 5896
F 5594 5744 5743
F 5744 5594 5595
F 5596 5744 5595
F 5744 5596 5745
F 5895 5744 5745
F 5744 5895 5894
F 5898 6041 5897
F 6041 5898 6042
F 5897 6041 5896
F 5896 6041 6040
F 6041 6042 6191
F 6190 6041 6191
F 6631 6770 6630
F 6770 6631 6771
F 2569 2635 2568
F 2635 2569 2636
F 2484 2471 2485
F 2471 2472 2485
F 2470 2471 2483
F 2471 2484 2483
F 2945 2824 2825
F 2824 2945 2944
F 4881 4598 4742
F 4598 4881 4741
F 4453 4595 4452
F 4595 4453 4596
F 4317 4178 4179
F 4178 4317 4316
F 4318 4317 4180
F 4317 4179 4180
F 5155 5009 5156
F 5009 5155 5008
F 5156 5009 5157
F 5009 5010 5157
F 4453 4311 4454
F 4454 4311 4312
F 4311 4453 4452
F 4310 4311 4452
F 2485 2517 2516
F 2486 2517 2485
F 2517 2486 2487
F 2517 2487 2518
F 2567 2517 2518
F 2517 2567 2566
F 2635 2567 2568
F 2567 2635 2634
F 3071 3203 3070
F 3203 3071 3204
F 3753 3890 3752
F 3890 3753 3891
F 3339 3203 3204
F 3203 3339 3338
F 3339 3474 3338
F 3474 3339 3475
F 3474 3337 3338
F 3337 3474 3473
F 3474 3612 3473
F 3612 3474 3613
F 4036 4037 4175
F 4174 4036 4175
F 2824 2943 2823
F 2943 2824 2944
F 2712 2627 2628
F 2713 2712 2628
F 2712 2626 2627
F 2626 2712 2711
F 2712 2814 2711
F 2712 2815 2814
F 3884 4025 4024
F 4025 3884 3885
F 2811 2810 2708
F 2708 2810 2707
F 3462 3600 3461
F 3600 3462 3601
F 3325 3462 3461
F 3326 3462 3325
F 3327 3193 3328
F 3193 3327 3192
F 3327 3462 3326
F 3462 3327 3463
F 3327 3464 3463
F 3327 3328 3464
F 3327 3326 3191
F 3327 3191 3192
F 3747 3607 3748
F 3747 3606 3607
F 4730 4586 4731
F 4586 4730 4585
F 4190 4191 4328
F 4191 4329 4328
F 4191 4330 4329
F 4191 4192 4330
F 4043 4042 3907
F 3908 4043 3907
F 3625 3487 3626
F 3487 3625 3486
F 3487 3351 3352
F 3487 3352 3488
F 3489 3629 3628
F 3629 3489 3490
F 3489 3354 3490
F 3489 3353 3354
F 3352 3489 3488
F 3353 3489 3352
F 3771 3908 3770
F 3908 3771 3909
F 3354 3491 3490
F 3491 3354 3355
F 3768 3905 3767
F 3905 3768 3906
F 3906 3768 3907
F 3768 3769 3907
F 4758 4891 4890
F 4891 4758 4759
F 4604 4605 4748
F 4747 4604 4748
F 4604 4746 4603
F 4746 4604 4747
F 4176 4039 4177
F 4039 4176 4038
F 4176 4037 4038
F 4037 4176 4175
F 4176 4313 4175
F 4313 4176 4314
F 4313 4174 4175
F 4174 4313 4312
F 4313 4454 4312
F 4313 4455 4454
F 4455 4313 4456
F 4313 4314 4456
F 4176 4315 4314
F 4315 4176 4177
F 4315 4458 4457
F 4458 4315 4316
F 4315 4178 4316
F 4178 4315 4177
F 4314 4315 4456
F 4315 4457 4456
F 4615 4471 4472
F 4471 4615 4614
F 4473 4615 4472
F 4615 4473 4616
F 4614 4615 4757
F 4615 4758 4757
F 4759 4615 4616
F 4758 4615 4759
F 539 600 599
F 600 539 540
F 727 789 726
F 789 788 726
F 492 544 491
F 544 543 491
F 662 663 725
F 725 663 726
F 448 495 447
F 496 495 448
F 493 545 492
F 545 544 492
F 5277 5432 5276
F 5432 5431 5276
F 5432 5580 5579
F 5431 5432 5579
F 5581 5432 5433
F 5580 5432 5581
F 5431 5430 5276
F 5430 5275 5276
F 5430 5429 5274
F 5275 5430 5274
F 7188 7336 7335
F 7336 7188 7189
F 7619 7482 7620
F 7482 7483 7620
F 7482 7340 7483
F 7482 7339 7340
F 7191 7190 7039
F 7040 7191 7039
F 7192 7191 7041
F 7191 7040 7041
F 7339 7191 7340
F 7340 7191 7192
F 7622 7485 7623
F 7485 7486 7623
F 6327 6168 6169
F 6168 6327 6326
F 7031 6884 6885
F 7032 7031 6885
F 6883 7031 7030
F 6884 7031 6883
F 7332 7186 7333
F 7186 7332 7185
F 8111 8110 7998
F 7998 8110 7997
F 8168 8103 8104
F 8103 8168 8167
F 8168 8202 8201
F 8167 8168 8201
F 8202 8168 8203
F 8168 8169 8203
F 8105 8168 8104
F 8169 8168 8105
F 7024 7169 7168
F 7023 7024 7168
F 6723 6724 6874
F 6873 6723 6874
F 6722 6723 6872
F 6723 6873 6872
F 6591 6723 6590
F 6723 6591 6724
F 7170 7171 7318
F 7317 7170 7318
F 6009 6158 6157
F 6158 6009 6010
F 6156 6009 6157
F 6008 6009 6156
F 6011 5717 6012
F 5717 5718 6012
F 7025 6879 7026
F 6879 7025 6878
F 6879 6728 6729
F 6728 6879 6878
F 6727 6728 6877
F 6728 6878 6877
F 6472 6728 6471
F 6728 6472 6729
F 6728 6470 6471
F 6728 6727 6470
F 7324 7178 7325
F 7324 7177 7178
F 7468 7324 7325
F 7467 7324 7468
F 7456 7314 7457
F 7314 7456 7313
F 7166 7314 7313
F 7167 7314 7166
F 7021 7166 7165
F 7020 7021 7165
F 6714 6713 6581
F 6713 6580 6581
F 6330 6172 6331
F 6172 6173 6331
F 6172 6329 6171
F 6329 6172 6330
F 6173 6172 6025
F 6172 6024 6025
F 6024 6172 6023
F 6023 6172 6171
F 6163 6014 6015
F 6014 6163 6162
F 6161 6014 6162
F 6013 6014 6161
F 6474 6321 6475
F 6321 6322 6475
F 6473 6321 6474
F 6320 6321 6473
F 6321 6163 6164
F 6322 6321 6164
F 6321 6320 6162
F 6163 6321 6162
F 4555 4698 4697
F 4698 4555 4556
F 4838 4971 4970
F 4838 4970 4837
F 4698 4834 4697
F 4834 4698 4835
F 5271 5131 5272
F 5131 5271 5130
F 5577 5725 5724
F 5577 5578 5725
F 4413 4555 4554
F 4555 4413 4414
F 4696 4695 4554
F 4695 4553 4554
F 4703 4841 4840
F 4841 4703 4704
F 4841 4842 4975
F 4974 4841 4975
F 4841 4973 4840
F 4973 4841 4974
F 6016 5723 6017
F 5722 5723 6016
F 4283 4420 4282
F 4420 4283 4421
F 4143 4009 4144
F 4009 4143 4008
F 432 431 386
F 431 385 386
F 431 430 384
F 385 431 384
F 1100 1167 1099
F 1167 1100 1168
F 1036 1100 1099
F 1037 1100 1036
F 842 841 780
F 781 842 780
F 906 842 907
F 907 842 843
F 905 842 906
F 842 905 841
F 840 905 904
F 905 840 841
F 904 905 969
F 905 970 969
F 970 905 971
F 905 906 971
F 779 778 715
F 716 779 715
F 779 717 780
F 779 716 717
F 778 779 839
F 779 840 839
F 840 779 841
F 841 779 780
F 1376 1449 1448
F 1449 1376 1377
F 1446 1522 1521
F 1522 1446 1447
F 1446 1374 1375
F 1447 1446 1375
F 1445 1446 1520
F 1520 1446 1521
F 1374 1446 1373
F 1446 1445 1373
F 5096 4951 5097
F 4951 4952 5097
F 5237 5095 5096
F 5095 5237 5236
F 5235 5095 5236
F 5095 5235 5094
F 4951 5095 4950
F 5095 4951 5096
F 4949 5095 5094
F 5095 4949 4950
F 4384 4526 4525
F 4526 4384 4385
F 4103 3967 3968
F 3967 4103 4102
F 3967 3829 3830
F 3968 3967 3830
F 3829 3967 3828
F 3967 3966 3828
F 4101 3967 4102
F 3966 3967 4101
F 3827 3687 3828
F 3687 3827 3686
F 3837 3836 3696
F 3696 3836 3695
F 3836 3694 3695
F 3694 3836 3835
F 3835 3836 3973
F 3836 3974 3973
F 3555 3694 3693
F 3555 3693 3554
F 3696 3558 3697
F 3557 3558 3696
F 3158 3290 3157
F 3290 3158 3291
F 3290 3156 3157
F 3156 3290 3289
F 2798 2901 2900
F 2797 2798 2900
F 3838 3696 3697
F 3838 3837 3696
F 4388 4389 4529
F 4389 4530 4529
F 3836 3975 3974
F 3975 3836 3837
F 3838 3975 3837
F 3975 3838 3976
F 3975 4110 4109
F 3974 3975 4109
F 4111 3975 3976
F 4110 3975 4111
F 4246 4383 4245
F 4246 4384 4383
F 4385 4246 4247
F 4384 4246 4385
F 4107 4246 4245
F 4108 4246 4107
F 4247 4246 4109
F 4246 4108 4109
F 3551 3691 3690
F 3691 3551 3552
F 3691 3831 3690
F 3831 3691 3832
F 3832 3691 3833
F 3691 3692 3833
F 3691 3553 3692
F 3553 3691 3552
F 3418 3553 3417
F 3553 3418 3554
F 3417 3553 3416
F 3553 3552 3416
F 3692 3553 3693
F 3693 3553 3554
F 3019 3151 3150
F 3151 3019 3020
F 3018 3019 3149
F 3149 3019 3150
F 3020 3019 2900
F 3019 2899 2900
F 2898 3019 3018
F 2899 3019 2898
F 3015 2896 3016
F 3015 2895 2896
F 3015 3014 2894
F 2895 3015 2894
F 1516 1442 1517
F 1516 1441 1442
F 1440 1367 1368
F 1367 1440 1439
F 1516 1440 1441
F 1440 1516 1515
F 1441 1440 1369
F 1440 1368 1369
F 1438 1367 1439
F 1438 1366 1367
F 1438 1437 1365
F 1366 1438 1365
F 1440 1514 1439
F 1514 1440 1515
F 559 560 620
F 619 559 620
F 559 507 560
F 507 559 506
F 558 559 618
F 559 619 618
F 559 505 506
F 559 558 505
F 639 578 640
F 578 639 577
F 469 521 468
F 521 469 522
F 523 469 470
F 522 469 523
F 420 469 468
F 421 469 420
F 469 421 422
F 469 422 470
F 421 374 375
F 374 421 420
F 374 333 375
F 374 332 333
F 520 521 578
F 520 578 577
F 372 417 371
F 417 372 418
F 417 370 371
F 370 417 416
F 563 562 509
F 563 509 510
F 563 622 562
F 563 623 622
F 749 810 748
F 810 749 811
F 750 749 687
F 687 749 686
F 749 812 811
F 749 750 812
F 1275 1347 1346
F 1347 1275 1276
F 1209 1139 1210
F 1139 1209 1138
F 1138 1209 1137
F 1209 1208 1137
F 1208 1209 1280
F 1209 1281 1280
F 887 822 823
F 822 887 886
F 941 942 1006
F 942 1007 1006
F 936 1001 935
F 1001 1000 935
F 1001 1068 1067
F 1001 1067 1000
F 1069 1134 1133
F 1134 1069 1070
F 1068 1069 1132
F 1132 1069 1133
F 1199 1200 1271
F 1200 1272 1271
F 636 695 635
F 695 636 696
F 570 514 571
F 570 513 514
F 629 630 689
F 630 690 689
F 630 567 568
F 630 629 567
F 630 631 691
F 690 630 691
F 424 473 472
F 473 424 425
F 476 528 475
F 475 528 527
F 528 477 529
F 528 476 477
F 528 585 527
F 585 528 586
F 587 530 588
F 530 587 529
F 587 528 529
F 528 587 586
F 708 771 770
F 707 708 770
F 708 709 772
F 771 708 772
F 960 896 961
F 896 960 895
F 896 897 962
F 961 896 962
F 896 833 897
F 896 832 833
F 832 896 831
F 831 896 895
F 1088 1089 1155
F 1154 1088 1155
F 1664 1628 1665
F 1628 1664 1627
F 1576 1628 1627
F 1575 1576 1627
F 1576 1577 1629
F 1628 1576 1629
F 1576 1506 1577
F 1506 1576 1505
F 1285 1214 1286
F 1214 1285 1213
F 1285 1355 1284
F 1355 1285 1356
F 1429 1430 1505
F 1504 1429 1505
F 1503 1429 1504
F 1429 1503 1428
F 1285 1357 1356
F 1357 1285 1286
F 1357 1429 1428
F 1429 1357 1358
F 1427 1357 1428
F 1357 1427 1356
F 1357 1286 1287
F 1358 1357 1287
F 1294 1221 1222
F 1221 1294 1293
F 1290 1361 1360
F 1289 1290 1360
F 1216 1146 1217
F 1146 1216 1145
F 1289 1216 1217
F 1288 1216 1289
F 1359 1429 1358
F 1429 1359 1430
F 1430 1359 1431
F 1431 1359 1360
F 1359 1358 1287
F 1288 1359 1287
F 1359 1288 1289
F 1359 1289 1360
F 1227 1157 1228
F 1157 1227 1156
F 1156 1227 1155
F 1227 1226 1155
F 6576 6708 6575
F 6708 6576 6709
F 6575 6708 6574
F 6708 6707 6574
F 6133 5987 6134
F 5987 6133 5986
F 6453 6295 6454
F 6454 6295 6296
F 6138 6295 6137
F 6295 6138 6296
F 6295 6453 6452
F 6294 6295 6452
F 6574 6573 6455
F 6573 6454 6455
F 6707 6573 6574
F 6573 6707 6706
F 6573 6453 6454
F 6573 6572 6453
F 6705 6573 6706
F 6572 6573 6705
F 5690 5544 5691
F 5544 5690 5543
F 6136 6295 6294
F 6295 6136 6137
F 6135 6136 6293
F 6136 6294 6293
F 6136 5990 6137
F 6136 5989 5990
F 6136 6135 5988
F 5989 6136 5988
F 5396 5240 5397
F 5240 5396 5239
F 5549 5396 5397
F 5396 5549 5548
F 5396 5395 5238
F 5239 5396 5238
F 5547 5396 5548
F 5395 5396 5547
F 5851 5852 5985
F 5852 5986 5985
F 5987 5852 5853
F 5852 5987 5986
F 5852 5694 5853
F 5852 5693 5694
F 5098 5238 5097
F 5098 5239 5238
F 4952 5098 5097
F 4953 5098 4952
F 6579 6711 6578
F 6711 6579 6712
F 6713 6579 6580
F 6579 6713 6712
F 6459 6579 6578
F 6579 6459 6460
F 6459 6302 6460
F 6302 6459 6301
F 5706 5558 5559
F 5558 5706 5705
F 5706 5864 5705
F 5864 5706 5865
F 5998 5864 5999
F 5864 5865 5999
F 5864 5863 5705
F 5863 5704 5705
F 5863 5864 5998
F 5997 5863 5998
F 5554 5702 5701
F 5555 5702 5554
F 5557 5558 5705
F 5704 5557 5705
F 5558 5557 5406
F 5557 5405 5406
F 5996 5863 5997
F 5863 5996 5862
F 6138 6297 6296
F 6139 6297 6138
F 6454 6297 6455
F 6297 6454 6296
F 6297 6139 6140
F 6298 6297 6140
F 6297 6456 6455
F 6297 6298 6456
F 6008 6155 6007
F 6155 6008 6156
F 6155 6006 6007
F 6006 6155 6154
F 6153 6006 6154
F 6006 6153 6005
F 6153 6310 6152
F 6310 6153 6311
F 7561 7425 7562
F 7425 7561 7424
F 7693 7561 7694
F 7561 7562 7694
F 7421 7559 7558
F 7559 7421 7422
F 7421 7279 7422
F 7421 7278 7279
F 6841 6988 6987
F 6841 6842 6988
F 7134 7281 7280
F 7133 7134 7280
F 6833 6683 6834
F 6683 6684 6834
F 6832 6683 6833
F 6683 6832 6682
F 7125 7271 7124
F 7271 7125 7272
F 6980 7125 6979
F 7125 7124 6979
F 7130 7129 6984
F 7130 6984 6985
F 6835 6982 6981
F 6982 6835 6836
F 7933 8047 7932
F 8047 7933 8048
F 7933 8049 8048
F 7933 7934 8049
F 7935 7815 7936
F 7815 7935 7814
F 7935 7936 8051
F 8050 7935 8051
F 7934 7935 8049
F 8049 7935 8050
F 7938 8054 8053
F 7939 8054 7938
F 8054 7940 8055
F 8054 7939 7940
F 7820 7695 7821
F 7695 7820 7694
F 7821 7695 7822
F 7695 7696 7822
F 7140 6996 7141
F 6996 7140 6995
F 7140 7141 7288
F 7287 7140 7288
F 7428 7286 7429
F 7286 7428 7285
F 7566 7430 7567
F 7429 7430 7566
F 7430 7287 7288
F 7431 7430 7288
F 7286 7430 7429
F 7430 7286 7287
F 6278 6435 6277
F 6435 6278 6436
F 6279 6278 6121
F 6278 6120 6121
F 6278 6279 6437
F 6278 6437 6436
F 5841 5683 5842
F 5841 5682 5683
F 5682 5681 5535
F 5535 5681 5534
F 5841 5681 5682
F 5681 5841 5840
F 5529 5376 5377
F 5529 5528 5376
F 6278 6119 6120
F 6119 6278 6277
F 5674 5526 5527
F 5674 5673 5526
F 7705 7574 7706
F 7574 7705 7573
F 6856 7003 7002
F 7003 6856 6857
F 6856 7002 7001
F 6855 6856 7001
F 6563 6445 6564
F 6445 6563 6444
F 6563 6562 6443
F 6563 6443 6444
F 6560 6441 6442
F 6561 6560 6442
F 6997 6850 6851
F 6996 6850 6997
F 6849 6850 6995
F 6850 6996 6995
F 7428 7284 7285
F 7284 7428 7427
F 7284 7427 7426
F 7283 7284 7426
F 5843 5977 5842
F 5977 5976 5842
F 5977 6125 6124
F 5976 5977 6124
F 7988 7868 7989
F 7868 7988 7867
F 7867 7988 7866
F 7988 7987 7866
F 7983 8095 7982
F 7983 8096 8095
F 8152 8185 8151
F 8185 8152 8186
F 8187 8152 8153
F 8152 8187 8186
F 8088 8152 8087
F 8152 8151 8087
F 8152 8089 8153
F 8152 8088 8089
F 8161 8160 8097
F 8160 8096 8097
F 8160 8159 8095
F 8096 8160 8095
F 8211 8193 8212
F 8193 8211 8192
F 8158 8193 8192
F 8159 8193 8158
F 7602 7733 7601
F 7733 7602 7734
F 7860 7733 7734
F 7733 7860 7859
F 8149 8150 8183
F 8183 8150 8184
F 8185 8150 8151
F 8150 8185 8184
F 8150 8149 8085
F 8086 8150 8085
F 8151 8150 8087
F 8150 8086 8087
F 7307 7161 7308
F 7160 7161 7307
F 7308 7161 7309
F 7161 7162 7309
F 7588 7589 7720
F 7589 7721 7720
F 7721 7589 7722
F 7589 7590 7722
F 7589 7588 7451
F 7452 7589 7451
F 7589 7453 7590
F 7589 7452 7453
F 7310 7452 7309
F 7452 7310 7453
F 7310 7164 7311
F 7310 7163 7164
F 7162 7310 7309
F 7163 7310 7162
F 7590 7591 7722
F 7591 7723 7722
F 7715 7714 7583
F 7714 7582 7583
F 7719 7845 7718
F 7718 7845 7844
F 7845 7966 7965
F 7845 7965 7844
F 8083 8084 8148
F 8083 8148 8147
F 8083 8146 8082
F 8146 8083 8147
F 8083 8082 7969
F 7970 8083 7969
F 7971 8083 7970
F 8083 7971 8084
F 7972 7971 7851
F 7971 7850 7851
F 8084 7971 8085
F 7971 7972 8085
F 7971 7849 7850
F 7971 7970 7849
F 5520 5519 5370
F 5371 5520 5370
F 5520 5668 5667
F 5520 5521 5668
F 5211 5371 5370
F 5371 5211 5212
F 5369 5211 5370
F 5210 5211 5369
F 2694 2780 2779
F 2780 2694 2695
F 2702 2787 2786
F 2701 2702 2786
F 2787 2702 2788
F 2702 2703 2788
F 4226 4365 4364
F 4365 4226 4227
F 4227 4226 4089
F 4226 4088 4089
F 4655 4656 4793
F 4656 4794 4793
F 4656 4657 4795
F 4794 4656 4795
F 5072 5073 5214
F 5213 5072 5214
F 5072 5213 5212
F 5071 5072 5212
F 5072 4929 4930
F 5073 5072 4930
F 4929 5072 4928
F 4928 5072 5071
F 4366 4365 4227
F 4228 4366 4227
F 4367 4366 4229
F 4366 4228 4229
F 6831 6681 6832
F 6832 6681 6682
F 6269 6426 6268
F 6269 6427 6426
F 6427 6269 6428
F 6269 6270 6428
F 6429 6271 6430
F 6430 6271 6272
F 6270 6271 6428
F 6271 6429 6428
F 6685 6835 6834
F 6684 6685 6834
F 7928 7808 7929
F 7808 7928 7807
F 7929 7808 7930
F 7808 7809 7930
F 7681 7808 7807
F 7808 7681 7682
F 7806 7681 7807
F 7681 7806 7680
F 7681 7550 7682
F 7550 7681 7549
F 7681 7680 7548
F 7549 7681 7548
F 7935 7813 7814
F 7813 7935 7934
F 7813 7688 7814
F 7688 7813 7687
F 7411 7412 7548
F 7412 7549 7548
F 7412 7550 7549
F 7550 7412 7413
F 7413 7412 7270
F 7412 7269 7270
F 7412 7268 7269
F 7268 7412 7411
F 7268 7411 7410
F 7268 7410 7267
F 7122 7268 7121
F 7269 7268 7122
F 6830 6679 6680
F 6679 6830 6829
F 6976 6830 6977
F 6830 6831 6977
F 6830 6681 6831
F 6681 6830 6680
F 7119 7265 7118
F 7265 7119 7266
F 6973 7119 7118
F 6974 7119 6973
F 6971 7117 7116
F 7117 6971 6972
F 6971 6826 6972
F 6826 6971 6825
F 6966 6821 6967
F 6821 6966 6820
F 6677 6827 6826
F 6676 6677 6826
F 7541 7672 7540
F 7541 7673 7672
F 7539 7403 7540
F 7403 7539 7402
F 8029 8134 8133
F 8134 8029 8030
F 6669 6810 6809
F 6810 6669 6670
F 6809 6810 6955
F 6810 6956 6955
F 6810 6811 6957
F 6956 6810 6957
F 7099 6955 7100
F 6955 7099 6954
F 7247 7099 7100
F 7246 7099 7247
F 7389 7247 7390
F 7389 7246 7247
F 7527 7389 7390
F 7389 7527 7526
F 8025 8026 8130
F 8025 8130 8129
F 8128 8025 8129
F 8024 8025 8128
F 7912 7791 7792
F 7913 7912 7792
F 7106 7252 7105
F 7252 7106 7253
F 7106 7254 7253
F 7106 7107 7254
F 6671 6810 6670
F 6810 6671 6811
F 6541 6402 6542
F 6402 6541 6401
F 7532 7394 7395
F 7394 7532 7531
F 7394 7530 7393
F 7530 7394 7531
F 7240 7239 7093
F 7093 7239 7092
F 7382 7239 7383
F 7239 7240 7383
F 6088 6237 6236
F 6087 6088 6236
F 5937 5938 6083
F 5938 6084 6083
F 5938 5937 5793
F 5794 5938 5793
F 6235 6086 6236
F 6086 6087 6236
F 6086 6235 6234
F 6085 6086 6234
F 6954 6953 6808
F 6953 6807 6808
F 8180 8126 8127
F 8180 8127 8181
F 8180 8125 8126
F 8180 8179 8125
F 5513 5365 5514
F 5513 5364 5365
F 5513 5661 5660
F 5661 5513 5514
F 5364 5513 5363
F 5513 5512 5363
F 5513 5660 5659
F 5512 5513 5659
F 5520 5666 5519
F 5666 5520 5667
F 6260 6417 6259
F 6417 6260 6418
F 6260 6419 6418
F 6419 6260 6261
F 6257 6414 6256
F 6414 6257 6415
F 6257 6107 6108
F 6257 6256 6107
F 6257 6258 6416
F 6257 6416 6415
F 6109 6257 6108
F 6258 6257 6109
F 6411 6551 6550
F 6411 6550 6410
F 6255 6106 6107
F 6256 6255 6107
F 6106 6255 6105
F 6255 6254 6105
F 6541 6400 6401
F 6400 6541 6540
F 6243 6400 6242
F 6400 6243 6401
F 6400 6540 6539
F 6399 6400 6539
F 6549 6409 6410
F 6550 6549 6410
F 6251 6408 6250
F 6409 6408 6251
F 6549 6408 6409
F 6408 6549 6548
F 6818 6965 6964
F 6818 6819 6965
F 5494 5344 5345
F 5344 5494 5493
F 5494 5640 5493
F 5640 5494 5641
F 5800 5640 5641
F 5640 5800 5799
F 5647 5648 5807
F 5647 5807 5806
F 6241 6400 6399
F 6400 6241 6242
F 6241 6093 6242
F 6093 6241 6092
F 5197 5196 5050
F 5196 5049 5050
F 5196 5195 5048
F 5049 5196 5048
F 5196 5197 5348
F 5347 5196 5348
F 4776 4908 4907
F 4776 4907 4775
F 4776 4631 4632
F 4631 4776 4775
F 4908 4776 4909
F 4776 4777 4909
F 4776 4632 4633
F 4777 4776 4633
F 4631 4774 4630
F 4774 4631 4775
F 4774 4773 4629
F 4630 4774 4629
F 5354 5202 5355
F 5202 5203 5355
F 4910 4777 4778
F 4777 4910 4909
F 4910 4778 4779
F 4911 4910 4779
F 5501 5351 5352
F 5351 5501 5500
F 5502 5501 5353
F 5501 5352 5353
F 5647 5501 5648
F 5501 5647 5500
F 5205 5204 5057
F 5058 5205 5057
F 5204 5356 5203
F 5203 5356 5355
F 5205 5356 5204
F 5356 5205 5357
F 5356 5357 5506
F 5505 5356 5506
F 4206 4205 4068
F 4205 4067 4068
F 4205 4204 4066
F 4067 4205 4066
F 4494 4634 4493
F 4494 4635 4634
F 4637 4913 4912
F 4913 4637 4638
F 4637 4497 4638
F 4497 4637 4496
F 3792 3930 3929
F 3791 3792 3929
F 3792 3931 3930
F 3931 3792 3793
F 3792 3651 3652
F 3793 3792 3652
F 3107 3240 3106
F 3240 3239 3106
F 3108 3240 3107
F 3240 3108 3241
F 3239 3240 3374
F 3240 3375 3374
F 3376 3240 3241
F 3375 3240 3376
F 4063 4064 4202
F 4201 4063 4202
F 4064 4063 3929
F 4063 3928 3929
F 3932 3933 4068
F 4067 3932 4068
F 3933 3932 3795
F 3932 3794 3795
F 3931 3932 4066
F 3932 4067 4066
F 3932 3931 3793
F 3794 3932 3793
F 3386 3523 3522
F 3386 3387 3523
F 3253 3121 3254
F 3121 3253 3120
F 3802 3940 3939
F 3801 3802 3939
F 3802 3941 3940
F 3941 3802 3803
F 3802 3662 3803
F 3802 3661 3662
F 3521 3386 3522
F 3386 3521 3385
F 3516 3655 3515
F 3655 3654 3515
F 3655 3796 3795
F 3654 3655 3795
F 3655 3516 3517
F 3656 3655 3517
F 3655 3797 3796
F 3655 3656 3797
F 7651 7652 7778
F 7777 7651 7778
F 7520 7651 7519
F 7651 7520 7652
F 7776 7651 7777
F 7650 7651 7776
F 8008 7892 7893
F 7892 8008 8007
F 8009 8008 7894
F 8008 7893 7894
F 7775 7650 7776
F 7650 7775 7649
F 7895 8010 7894
F 8010 8009 7894
F 7893 7773 7894
F 7773 7893 7772
F 7654 7653 7521
F 7522 7654 7521
F 7655 7654 7523
F 7654 7522 7523
F 7654 7655 7781
F 7780 7654 7781
F 7779 7654 7780
F 7654 7779 7653
F 7653 7779 7652
F 7652 7779 7778
F 7900 7779 7901
F 7779 7780 7901
F 7524 7386 7387
F 7386 7524 7523
F 7524 7656 7655
F 7524 7655 7523
F 7656 7524 7657
F 7524 7525 7657
F 7384 7385 7521
F 7385 7522 7521
F 7522 7385 7523
F 7385 7386 7523
F 8016 8120 8015
F 8120 8119 8015
F 8013 8116 8012
F 8116 8013 8117
F 7898 8013 7897
F 8013 8012 7897
F 7779 7899 7778
F 7899 7779 7900
F 7899 7898 7777
F 7899 7777 7778
F 8017 8120 8016
F 8120 8017 8121
F 8017 8018 8122
F 8121 8017 8122
F 8017 8016 7901
F 7902 8017 7901
F 8017 7903 8018
F 8017 7902 7903
F 5186 5185 5038
F 5039 5186 5038
F 5337 5186 5187
F 5337 5187 5338
F 5186 5337 5185
F 5185 5337 5336
F 5485 5484 5336
F 5336 5484 5335
F 5631 5484 5632
F 5484 5485 5632
F 5040 5186 5039
F 5186 5040 5187
F 4897 5040 4896
F 5040 5039 4896
F 4765 4898 4764
F 4898 4897 4764
F 5342 5190 5191
F 5190 5342 5341
F 5342 5191 5192
F 5343 5342 5192
F 5342 5490 5341
F 5490 5342 5491
F 5797 5639 5798
F 5639 5797 5638
F 6796 6655 6656
F 6655 6796 6795
F 6944 6943 6797
F 6798 6944 6797
F 6660 6801 6800
F 6801 6660 6661
F 6801 6662 6802
F 6662 6801 6661
F 6801 6802 6948
F 6947 6801 6948
F 7088 7236 7235
F 7236 7088 7089
F 7088 6944 7089
F 6944 7088 6943
F 7234 7088 7235
F 7088 7234 7087
F 5633 5634 5792
F 5792 5634 5793
F 5634 5794 5793
F 5634 5635 5794
F 2840 2841 2961
F 2960 2840 2961
F 3091 3225 3224
F 3225 3091 3092
F 3091 2960 2961
F 3092 3091 2961
F 3227 3093 3094
F 3093 3227 3226
F 3093 3225 3092
F 3225 3093 3226
F 2962 3093 2961
F 3093 3092 2961
F 2650 2582 2583
F 2582 2650 2649
F 2582 2581 2532
F 2582 2532 2533
F 2501 2531 2500
F 2531 2501 2532
F 2532 2501 2533
F 2501 2502 2533
F 4619 4618 4477
F 4619 4477 4478
F 4619 4479 4620
F 4479 4619 4478
F 4619 4763 4762
F 4618 4619 4762
F 4619 4620 4764
F 4763 4619 4764
F 4332 4473 4331
F 4332 4474 4473
F 4193 4332 4331
F 4332 4193 4194
F 4332 4333 4475
F 4474 4332 4475
F 4045 4044 3910
F 4044 3909 3910
F 4044 4043 3908
F 4044 3908 3909
F 4756 4755 4613
F 4613 4755 4612
F 5031 4755 4756
F 4755 5031 5030
F 4766 4898 4765
F 4898 4766 4899
F 4899 4766 4900
F 4766 4767 4900
F 4336 4337 4479
F 4336 4479 4478
F 4342 4485 4484
F 4485 4342 4343
F 4485 4625 4484
F 4485 4626 4625
F 2750 2852 2749
F 2852 2750 2853
F 2852 2748 2749
F 2852 2851 2748
F 2595 2661 2594
F 2662 2661 2595
F 2593 2661 2660
F 2661 2593 2594
F 2661 2662 2747
F 2746 2661 2747
F 2661 2746 2745
F 2660 2661 2745
F 3232 3366 3231
F 3366 3232 3367
F 3366 3230 3231
F 3366 3365 3230
F 2655 2741 2740
F 2656 2741 2655
F 2741 2656 2657
F 2742 2741 2657
F 2744 2659 2660
F 2744 2660 2745
F 3095 3227 3094
F 3227 3095 3228
F 4627 4487 4628
F 4487 4627 4486
F 4628 4487 4629
F 4487 4488 4629
F 917 918 985
F 984 917 985
F 917 984 983
F 916 917 983
F 851 852 915
F 852 916 915
F 1050 1049 984
F 1050 984 985
F 1050 1051 1116
F 1115 1050 1116
F 1183 1255 1254
F 1182 1183 1254
F 3774 3634 3775
F 3634 3774 3633
F 3358 3224 3359
F 3358 3223 3224
F 3223 3358 3222
F 3358 3357 3222
F 3356 3220 3221
F 3220 3356 3355
F 3356 3221 3222
F 3357 3356 3222
F 2577 2643 2576
F 2577 2644 2643
F 3085 2953 2954
F 2953 3085 3084
F 2644 2728 2643
F 2728 2644 2729
F 2728 2642 2643
F 2642 2728 2727
F 2727 2728 2830
F 2728 2831 2830
F 2953 2832 2833
F 2832 2953 2952
F 2728 2832 2831
F 2832 2728 2729
F 2832 2951 2831
F 2951 2832 2952
F 2831 2951 2830
F 2951 2950 2830
F 2652 2651 2584
F 2585 2652 2584
F 2653 2652 2586
F 2586 2652 2585
F 2588 2587 2538
F 2539 2588 2538
F 2654 2588 2655
F 2587 2588 2654
F 2588 2540 2589
F 2540 2588 2539
F 2588 2589 2656
F 2588 2656 2655
F 2582 2534 2583
F 2534 2582 2533
F 2536 2537 2586
F 2536 2586 2585
F 1472 1543 1542
F 1473 1543 1472
F 5046 4903 4904
F 5046 4904 5047
F 5193 5046 5194
F 5194 5046 5047
F 5383 5534 5382
F 5383 5535 5534
F 5225 5383 5382
F 5226 5383 5225
F 4941 4940 4807
F 4808 4941 4807
F 4944 4812 4945
F 4944 4811 4812
F 4811 4944 4810
F 4944 4943 4810
F 5231 5387 5230
F 5388 5387 5231
F 5387 5540 5539
F 5387 5388 5540
F 5229 5387 5386
F 5387 5229 5230
F 5538 5387 5539
F 5386 5387 5538
F 4519 4379 4520
F 4379 4519 4378
F 2892 2891 2788
F 2892 2788 2789
F 3277 3411 3276
F 3411 3277 3412
F 3546 3684 3545
F 3684 3546 3685
F 3409 3546 3545
F 3546 3409 3410
F 5221 5080 5222
F 5080 5081 5222
F 4937 4805 4938
F 4805 4937 4804
F 4937 5082 5081
F 5082 4937 4938
F 4937 4803 4804
F 4803 4937 4936
F 5080 4937 5081
F 4937 5080 4936
F 4664 4665 4803
F 4664 4803 4802
F 4801 4664 4802
F 4664 4801 4663
F 4369 4368 4230
F 4231 4369 4230
F 4660 4799 4798
F 4660 4661 4799
F 4659 4660 4797
F 4660 4798 4797
F 267 266 248
F 266 247 248
F 290 266 267
F 266 290 289
F 247 266 246
F 266 265 246
F 288 266 289
F 265 266 288
F 203 191 192
F 204 203 192
F 203 202 190
F 191 203 190
F 202 203 215
F 203 216 215
F 203 217 216
F 217 203 204
F 217 218 232
F 231 217 232
F 218 217 205
F 217 204 205
F 217 231 230
F 216 217 230
F 354 315 316
F 354 353 315
F 317 354 316
F 354 317 355
F 354 355 398
F 397 354 398
F 4788 4651 4789
F 4650 4651 4788
F 4651 4652 4790
F 4651 4790 4789
F 3922 4058 4057
F 4058 3922 3923
F 2970 3101 2969
F 3101 3100 2969
F 2971 3101 2970
F 3101 2971 3102
F 3100 3101 3233
F 3101 3234 3233
F 3234 3101 3235
F 3235 3101 3102
F 2860 2980 2859
F 2859 2980 2979
F 2865 2761 2762
F 2761 2865 2864
F 2863 2761 2864
F 2760 2761 2863
F 2607 2675 2674
F 2675 2607 2608
F 2674 2675 2759
F 2675 2760 2759
F 2858 2978 2857
F 2978 2977 2857
F 2978 2858 2859
F 2978 2859 2979
F 2977 2978 3108
F 2978 3109 3108
F 3109 2978 3110
F 3110 2978 2979
F 3119 2987 2988
F 2987 3119 3118
F 2867 2987 2866
F 2987 2986 2866
F 2986 2987 3117
F 3117 2987 3118
F 1501 1502 1572
F 1572 1502 1573
F 1574 1502 1503
F 1502 1574 1573
F 1502 1427 1428
F 1503 1502 1428
F 1662 1661 1624
F 1625 1662 1624
F 1575 1626 1574
F 1626 1575 1627
F 1626 1625 1573
F 1574 1626 1573
F 1659 1622 1623
F 1660 1659 1623
F 2987 2868 2988
F 2868 2987 2867
F 2683 2616 2684
F 2616 2617 2684
F 2616 2682 2615
F 2616 2683 2682
F 2768 2871 2767
F 2871 2870 2767
F 2769 2871 2768
F 2871 2769 2872
F 2992 2871 2872
F 2991 2871 2992
F 2990 2871 2991
F 2871 2990 2870
F 2989 2990 3120
F 2990 3121 3120
F 3121 2990 3122
F 2990 2991 3122
F 2994 3124 2993
F 3125 3124 2994
F 3528 3393 3529
F 3393 3528 3392
F 1275 1345 1274
F 1345 1275 1346
F 1417 1345 1418
F 1345 1346 1418
F 1562 1614 1561
F 1615 1614 1562
F 1560 1614 1613
F 1614 1560 1561
F 2599 2551 2600
F 2551 2599 2550
F 2667 2599 2600
F 2599 2667 2666
F 2599 2598 2549
F 2550 2599 2549
F 2599 2666 2665
F 2598 2599 2665
F 2855 2974 2854
F 2974 2855 2975
F 363 407 406
F 364 407 363
F 408 407 365
F 407 364 365
F 679 619 620
F 619 679 678
F 678 679 741
F 679 742 741
F 1204 1203 1133
F 1203 1132 1133
F 1203 1204 1276
F 1275 1203 1276
F 1200 1201 1272
F 1272 1201 1273
F 932 998 997
F 998 932 933
F 742 803 741
F 803 742 804
F 803 740 741
F 803 802 740
F 1268 1195 1196
F 1195 1268 1267
F 1195 1194 1124
F 1125 1195 1124
F 1195 1126 1196
F 1195 1125 1126
F 800 737 738
F 799 737 800
F 5280 5435 5434
F 5279 5280 5434
F 5278 5432 5277
F 5432 5278 5433
F 5278 5434 5433
F 5278 5279 5434
F 4845 4846 4979
F 4978 4845 4979
F 4845 4708 4709
F 4846 4845 4709
F 4287 4426 4425
F 4426 4287 4288
F 4426 4567 4566
F 4426 4566 4425
F 4289 4426 4288
F 4426 4289 4427
F 4289 4150 4151
F 4150 4289 4288
F 4289 4151 4152
F 4290 4289 4152
F 4289 4428 4427
F 4428 4289 4290
F 4705 4841 4704
F 4841 4705 4842
F 4563 4422 4564
F 4564 4422 4423
F 4562 4420 4421
F 4420 4562 4561
F 4561 4562 4703
F 4703 4562 4704
F 4562 4422 4563
F 4422 4562 4421
F 4562 4705 4704
F 4705 4562 4563
F 3183 3316 3315
F 3182 3183 3315
F 3304 3440 3439
F 3440 3304 3305
F 3440 3575 3439
F 3575 3440 3576
F 3717 3579 3718
F 3579 3717 3578
F 3440 3577 3576
F 3577 3440 3441
F 3859 3717 3718
F 3717 3859 3858
F 3865 3723 3724
F 3864 3723 3865
F 4269 4407 4268
F 4407 4406 4268
F 4692 4828 4691
F 4828 4692 4829
F 4549 4407 4408
F 4407 4549 4548
F 4690 4549 4691
F 4549 4690 4548
F 4692 4549 4550
F 4549 4692 4691
F 1715 1716 1722
F 1721 1715 1722
F 1714 1715 1720
F 1715 1721 1720
F 1715 1693 1694
F 1716 1715 1694
F 1693 1715 1692
F 1715 1714 1692
F 1652 1601 1653
F 1601 1652 1600
F 1312 1240 1241
F 1240 1312 1311
F 1530 1529 1455
F 1456 1530 1455
F 1530 1599 1529
F 1599 1530 1600
F 1599 1598 1528
F 1529 1599 1528
F 1100 1169 1168
F 1169 1100 1101
F 1170 1169 1102
F 1169 1101 1102
F 1240 1169 1241
F 1241 1169 1170
F 1239 1169 1240
F 1169 1239 1168
F 1167 1239 1238
F 1239 1167 1168
F 1309 1239 1310
F 1239 1309 1238
F 1239 1240 1311
F 1310 1239 1311
F 3039 3171 3170
F 3171 3039 3040
F 3575 3438 3439
F 3438 3575 3574
F 3039 2920 3040
F 2920 3039 2919
F 3445 3444 3309
F 3310 3445 3309
F 3446 3445 3311
F 3445 3310 3311
F 3306 3440 3305
F 3440 3306 3441
F 1688 1689 1711
F 1710 1688 1711
F 4005 4139 4004
F 4139 4005 4140
F 3866 4005 4004
F 3867 4005 3866
F 4009 3870 3871
F 3870 4009 4008
F 4007 3870 4008
F 3870 4007 3869
F 3868 4005 3867
F 4005 3868 4006
F 3868 4007 4006
F 4007 3868 3869
F 1026 1025 961
F 1025 960 961
F 1306 1376 1305
F 1376 1306 1377
F 1306 1305 1234
F 1235 1306 1234
F 1236 1306 1235
F 1306 1236 1307
F 1237 1236 1166
F 1236 1165 1166
F 1236 1235 1164
F 1236 1164 1165
F 1307 1236 1308
F 1236 1237 1308
F 1678 1699 1677
F 1699 1678 1700
F 5101 5242 5241
F 5101 5241 5100
F 4955 5101 5100
F 5101 4955 4956
F 4957 5101 4956
F 5101 4957 5102
F 5243 5101 5102
F 5101 5243 5242
F 5243 5401 5400
F 5401 5243 5244
F 5242 5243 5399
F 5243 5400 5399
F 7836 7711 7837
F 7710 7711 7836
F 7711 7838 7837
F 7838 7711 7712
F 7440 7296 7297
F 7296 7440 7439
F 7440 7577 7576
F 7440 7576 7439
F 7299 7152 7153
F 7300 7299 7153
F 7152 7299 7151
F 7299 7298 7151
F 7444 7580 7443
F 7580 7444 7581
F 7433 7432 7290
F 7290 7432 7289
F 7432 7288 7289
F 7432 7431 7288
F 7432 7433 7570
F 7569 7432 7570
F 7568 7430 7431
F 7430 7568 7567
F 7568 7432 7569
F 7432 7568 7431
F 7699 7568 7700
F 7568 7699 7567
F 7568 7701 7700
F 7568 7569 7701
F 7293 7435 7292
F 7435 7293 7436
F 7145 7293 7292
F 7146 7293 7145
F 7293 7147 7294
F 7293 7146 7147
F 6285 6286 6443
F 6443 6286 6444
F 6286 6445 6444
F 6445 6286 6287
F 6286 6285 6127
F 6128 6286 6127
F 6286 6128 6129
F 6286 6129 6287
F 7545 7409 7546
F 7545 7408 7409
F 980 1044 979
F 1045 1044 980
F 1175 1248 1247
F 1248 1175 1176
F 1319 1248 1320
F 1248 1319 1247
F 1248 1321 1320
F 1321 1248 1249
F 1248 1177 1249
F 1177 1248 1176
F 987 988 1053
F 988 1054 1053
F 989 988 923
F 923 988 922
F 1054 988 1055
F 988 989 1055
F 990 923 924
F 990 989 923
F 991 990 925
F 925 990 924
F 3072 3071 2940
F 3072 2940 2941
F 4020 3881 4021
F 3881 4020 3880
F 3737 3881 3880
F 3738 3881 3737
F 4442 4441 4300
F 4301 4442 4300
F 4160 4161 4300
F 4161 4301 4300
F 4022 4161 4160
F 4023 4161 4022
F 4161 4302 4301
F 4302 4161 4162
F 4161 4023 4024
F 4162 4161 4024
F 4582 4581 4439
F 4581 4438 4439
F 4726 4727 4865
F 4727 4866 4865
F 4727 4581 4582
F 4581 4727 4726
F 4727 4582 4583
F 4728 4727 4583
F 5155 5007 5008
F 5007 5155 5154
F 5007 5154 5153
F 5006 5007 5153
F 4872 5007 4871
F 5007 5006 4871
F 5165 5017 5018
F 5017 5165 5164
F 5163 5315 5314
F 5315 5163 5164
F 5311 5616 5310
F 5311 5617 5616
F 6522 6370 6523
F 6370 6522 6369
F 6215 6216 6371
F 6216 6372 6371
F 7633 7759 7632
F 7759 7758 7632
F 4746 4886 4745
F 4886 4885 4745
F 4886 4746 4747
F 4886 4747 4887
F 5918 6065 6064
F 6065 5918 5919
F 7515 7646 7514
F 7646 7515 7647
F 7646 7773 7772
F 7773 7646 7647
F 7646 7513 7514
F 7513 7646 7645
F 5138 5290 5289
F 5290 5138 5139
F 5140 5290 5139
F 5290 5140 5291
F 5445 5290 5446
F 5290 5291 5446
F 5598 5748 5747
F 5748 5598 5599
F 5748 5897 5747
F 5748 5898 5897
F 5748 5749 5899
F 5898 5748 5899
F 5449 5600 5599
F 5600 5449 5450
F 5748 5600 5749
F 5600 5748 5599
F 5749 5600 5750
F 5600 5601 5750
F 5444 5445 5595
F 5594 5444 5595
F 5290 5444 5289
F 5444 5290 5445
F 5302 5456 5301
F 5457 5456 5302
F 6752 6753 6898
F 6898 6753 6899
F 6611 6610 6498
F 6611 6498 6499
F 7048 6902 6903
F 6902 7048 7047
F 5891 6034 5890
F 5891 6035 6034
F 5891 5740 5741
F 5740 5891 5890
F 5891 6036 6035
F 5891 5892 6036
F 5742 5891 5741
F 5892 5891 5742
F 5893 5744 5894
F 5744 5893 5743
F 5743 5893 5742
F 5893 5892 5742
F 6036 5893 6037
F 5892 5893 6036
F 6039 5895 5896
F 6039 5896 6040
F 6345 6498 6497
F 6344 6345 6497
F 6498 6345 6499
F 6345 6346 6499
F 6916 6770 6771
F 6917 6916 6771
F 1541 1470 1471
F 1540 1470 1541
F 1470 1397 1471
F 1470 1396 1397
F 2567 2519 2568
F 2519 2567 2518
F 2639 2640 2724
F 2640 2725 2724
F 2723 2639 2724
F 2639 2723 2638
F 2824 2721 2825
F 2721 2722 2825
F 2719 2821 2718
F 2821 2719 2822
F 3210 3344 3209
F 3344 3210 3345
F 3075 2943 2944
F 2943 3075 3074
F 3485 3625 3624
F 3625 3485 3486
F 3487 3350 3351
F 3350 3487 3486
F 3216 3350 3215
F 3350 3216 3351
F 3485 3350 3486
F 3350 3485 3349
F 3483 3346 3347
F 3346 3483 3482
F 3483 3622 3621
F 3482 3483 3621
F 4599 4455 4456
F 4599 4598 4455
F 4597 4453 4454
F 4453 4597 4596
F 4598 4597 4455
F 4455 4597 4454
F 4317 4459 4316
F 4459 4458 4316
F 4446 4589 4588
F 4445 4446 4588
F 4036 4173 4035
F 4173 4036 4174
F 4311 4173 4312
F 4173 4174 4312
F 2564 2514 2515
F 2514 2564 2563
F 2633 2719 2718
F 2719 2633 2634
F 2567 2633 2566
F 2633 2567 2634
F 2819 2820 2939
F 2820 2940 2939
F 2940 2820 2941
F 2820 2821 2941
F 3760 3618 3619
F 3618 3760 3759
F 3481 3346 3482
F 3346 3481 3345
F 3611 3753 3752
F 3753 3611 3612
F 3608 3609 3749
F 3609 3750 3749
F 3339 3476 3475
F 3476 3339 3340
F 3888 3751 3889
F 3888 3750 3751
F 2942 3072 2941
F 3072 2942 3073
F 2821 2942 2941
F 2942 2821 2822
F 2942 2943 3074
F 3073 2942 3074
F 2943 2942 2823
F 2823 2942 2822
F 2935 2934 2814
F 2815 2935 2814
F 2716 2818 2715
F 2818 2716 2819
F 3884 3741 3885
F 3741 3742 3885
F 3742 3741 3601
F 3741 3600 3601
F 3741 3884 3883
F 3740 3741 3883
F 3600 3741 3599
F 3741 3740 3599
F 4444 4303 4445
F 4303 4304 4445
F 4304 4303 4165
F 4303 4164 4165
F 4026 4025 3885
F 3886 4026 3885
F 4025 4163 4024
F 4163 4162 4024
F 2930 2931 3062
F 2930 3062 3061
F 2930 3060 2929
F 3060 2930 3061
F 2930 2811 2931
F 2930 2810 2811
F 2930 2929 2809
F 2810 2930 2809
F 3602 3462 3463
F 3462 3602 3601
F 3606 3605 3467
F 3605 3466 3467
F 3466 3605 3465
F 3605 3604 3465
F 4587 4444 4445
F 4587 4445 4588
F 4732 4587 4733
F 4587 4588 4733
F 4444 4587 4443
F 4587 4586 4443
F 4587 4732 4731
F 4586 4587 4731
F 4604 4462 4605
F 4462 4604 4461
F 4610 4753 4752
F 4609 4610 4752
F 4048 3912 3913
F 3912 4048 4047
F 3912 3775 3913
F 3912 3774 3775
F 3771 3772 3909
F 3909 3772 3910
F 4040 3906 4041
F 4040 3905 3906
F 3629 3630 3770
F 3630 3771 3770
F 3630 3772 3771
F 3772 3630 3631
F 3630 3629 3490
F 3491 3630 3490
F 3487 3627 3626
F 3627 3487 3488
F 3627 3489 3628
F 3489 3627 3488
F 3627 3768 3767
F 3626 3627 3767
F 3769 3627 3628
F 3768 3627 3769
F 4761 4892 4760
F 4892 4761 4893
F 4892 5034 4891
F 5034 4892 5035
F 4892 4759 4760
F 4892 4891 4759
F 5033 4889 4890
F 5033 5032 4889
F 4891 5033 4890
F 5034 5033 4891
F 4888 4747 4748
F 4747 4888 4887
F 5022 4886 4887
F 4886 5022 5021
F 4888 5022 4887
F 5022 4888 5023
F 3760 3897 3759
F 3897 3760 3898
F 3758 3897 3896
F 3897 3758 3759
F 3617 3758 3757
F 3616 3617 3757
F 3617 3618 3759
F 3758 3617 3759
F 487 439 488
F 439 487 438
F 487 488 540
F 539 487 540
F 857 793 794
F 857 794 858
F 729 730 792
F 791 729 792
F 790 855 854
F 790 791 855
F 790 729 791
F 729 790 728
F 790 789 727
F 790 727 728
F 545 604 544
F 604 545 605
F 543 604 603
F 544 604 543
F 603 604 662
F 604 663 662
F 604 664 663
F 664 604 605
F 727 664 728
F 664 665 728
F 664 727 726
F 663 664 726
F 668 608 609
F 608 668 667
F 606 664 605
F 664 606 665
F 494 446 447
F 495 494 447
F 7751 7618 7619
F 7618 7751 7750
F 7617 7618 7749
F 7749 7618 7750
F 7341 7484 7340
F 7340 7484 7483
F 7484 7621 7620
F 7483 7484 7620
F 7621 7484 7622
F 7484 7485 7622
F 7484 7342 7485
F 7342 7484 7341
F 7342 7194 7195
F 7343 7342 7195
F 7194 7342 7193
F 7342 7341 7193
F 7485 7342 7486
F 7486 7342 7343
F 6483 6329 6330
F 6329 6483 6482
F 6483 6330 6331
F 6484 6483 6331
F 6170 6023 6171
F 6170 6022 6023
F 6021 6170 6169
F 6022 6170 6021
F 7037 6889 6890
F 7036 6889 7037
F 8108 8109 8172
F 8109 8173 8172
F 8109 7995 7996
F 7995 8109 8108
F 8109 7996 7997
F 8110 8109 7997
F 8174 8109 8110
F 8109 8174 8173
F 8209 8174 8175
F 8174 8209 8208
F 8173 8174 8207
F 8207 8174 8208
F 8174 8111 8175
F 8174 8110 8111
F 7320 7173 7321
F 7173 7174 7321
F 7319 7173 7320
F 7172 7173 7319
F 6721 6722 6872
F 6871 6721 6872
F 6009 5716 6010
F 5716 6009 5715
F 5716 6011 6010
F 5716 5717 6011
F 7322 7323 7465
F 7323 7466 7465
F 7175 7323 7322
F 7323 7175 7176
F 7323 7467 7466
F 7323 7324 7467
F 7324 7323 7177
F 7177 7323 7176
F 7594 7458 7595
F 7457 7458 7594
F 7022 7023 7168
F 7167 7022 7168
F 7022 7167 7166
F 7021 7022 7166
F 6582 6716 6715
F 6583 6716 6582
F 5720 6013 5719
F 5720 6014 6013
F 5720 5721 6015
F 6014 5720 6015
F 5124 5266 5265
F 5266 5124 5125
F 5124 5265 5264
F 5123 5124 5264
F 4972 4838 4839
F 4838 4972 4971
F 4973 4972 4840
F 4840 4972 4839
F 4557 4417 4558
F 4417 4557 4416
F 4557 4556 4415
F 4416 4557 4415
F 4702 4840 4839
F 4702 4703 4840
F 4833 4695 4696
F 4695 4833 4832
F 4833 4696 4697
F 4834 4833 4697
F 5268 5128 5269
F 5128 5268 5127
F 5426 5272 5427
F 5426 5271 5272
F 5270 5426 5425
F 5426 5270 5271
F 5577 5426 5578
F 5578 5426 5427
F 4276 4415 4414
F 4276 4277 4415
F 4139 4276 4138
F 4276 4139 4277
F 5576 5577 5724
F 5723 5576 5724
F 5576 5723 5722
F 5575 5576 5722
F 5266 5420 5265
F 5420 5266 5421
F 5570 5571 5718
F 5717 5570 5718
F 3592 3731 3730
F 3591 3592 3730
F 3592 3456 3593
F 3456 3457 3593
F 3589 3588 3452
F 3589 3452 3453
F 3454 3589 3453
F 3590 3589 3454
F 4149 4150 4288
F 4287 4149 4288
F 4149 4286 4148
F 4149 4287 4286
F 4149 4015 4150
F 4149 4014 4015
F 4149 4013 4014
F 4013 4149 4148
F 479 532 531
F 479 480 532
F 530 479 531
F 478 479 530
F 480 479 432
F 479 431 432
F 1644 1645 1682
F 1645 1683 1682
F 5092 5091 4947
F 4948 5092 4947
F 4387 4527 4386
F 4528 4527 4387
F 4527 4385 4386
F 4527 4526 4385
F 4519 4377 4378
F 4377 4519 4518
F 4517 4377 4518
F 4376 4377 4517
F 3419 3418 3283
F 3284 3419 3283
F 3419 3555 3554
F 3418 3419 3554
F 3556 3696 3695
F 3556 3557 3696
F 3694 3556 3695
F 3555 3556 3694
F 2803 2907 2906
F 2907 2803 2804
F 2805 2907 2804
F 2908 2907 2805
F 3288 3156 3289
F 3156 3288 3155
F 3155 3288 3154
F 3288 3287 3154
F 3288 3422 3287
F 3422 3288 3423
F 3698 3838 3697
F 3838 3698 3839
F 2901 2799 2902
F 2798 2799 2901
F 2905 2803 2906
F 2905 2802 2803
F 2802 2905 2801
F 2905 2904 2801
F 2903 3023 3022
F 2903 3022 2902
F 2799 2903 2902
F 2903 2799 2800
F 2904 2903 2801
F 2903 2800 2801
F 3978 3841 3979
F 3841 3978 3840
F 4251 4388 4250
F 4251 4389 4388
F 3147 3146 3016
F 3146 3015 3016
F 1437 1513 1512
F 1438 1513 1437
F 1512 1513 1582
F 1513 1583 1582
F 1513 1438 1439
F 1514 1513 1439
F 1584 1513 1514
F 1513 1584 1583
F 1584 1638 1637
F 1584 1585 1638
F 1636 1584 1637
F 1583 1584 1636
F 1584 1514 1515
F 1584 1515 1585
F 372 373 418
F 418 373 419
F 373 374 420
F 373 420 419
F 575 519 576
F 519 575 518
F 519 520 577
F 576 519 577
F 564 563 510
F 564 510 511
F 937 936 871
F 872 937 871
F 937 872 873
F 938 937 873
F 939 875 940
F 939 874 875
F 1005 939 940
F 1004 939 1005
F 874 939 873
F 939 938 873
F 939 1004 1003
F 938 939 1003
F 626 625 565
F 626 565 566
F 1419 1492 1418
F 1492 1419 1493
F 1347 1419 1346
F 1346 1419 1418
F 1139 1140 1210
F 1140 1211 1210
F 1212 1285 1284
F 1285 1212 1213
F 1140 1212 1211
F 1212 1140 1141
F 1209 1282 1281
F 1282 1209 1210
F 1502 1426 1427
F 1426 1502 1501
F 1425 1426 1500
F 1426 1501 1500
F 1427 1426 1356
F 1426 1355 1356
F 1013 949 1014
F 949 1013 948
F 883 949 948
F 949 883 884
F 949 885 950
F 949 884 885
F 877 813 814
F 813 877 876
F 877 943 942
F 943 877 878
F 877 941 876
F 877 942 941
F 947 1013 1012
F 1013 947 948
F 1011 947 1012
F 946 947 1011
F 945 1011 1010
F 945 946 1011
F 464 515 463
F 515 464 516
F 515 514 462
F 463 515 462
F 573 515 516
F 515 573 572
F 515 572 571
F 514 515 571
F 879 945 944
F 945 879 880
F 879 943 878
F 943 879 944
F 630 569 631
F 569 630 568
F 570 569 513
F 513 569 512
F 708 648 709
F 648 708 647
F 648 649 710
F 709 648 710
F 587 648 586
F 586 648 647
F 649 648 588
F 648 587 588
F 956 957 1021
F 957 1022 1021
F 960 959 895
F 959 894 895
F 641 578 579
F 578 641 640
F 1220 1221 1293
F 1292 1220 1293
F 1086 1150 1085
F 1150 1086 1151
F 1220 1150 1221
F 1150 1220 1149
F 1222 1150 1151
F 1221 1150 1222
F 1361 1291 1362
F 1290 1291 1361
F 1214 1215 1286
F 1286 1215 1287
F 1215 1216 1288
F 1215 1288 1287
F 1299 1298 1228
F 1298 1227 1228
F 1226 1298 1297
F 1227 1298 1226
F 1297 1298 1368
F 1368 1298 1369
F 6448 6291 6449
F 6290 6291 6448
F 6450 6291 6292
F 6291 6450 6449
F 6292 6291 6134
F 6291 6133 6134
F 6291 6132 6133
F 6132 6291 6290
F 6132 6131 5984
F 6132 5984 5985
F 6132 6289 6131
F 6132 6290 6289
F 6133 6132 5986
F 5986 6132 5985
F 5692 5851 5850
F 5692 5850 5691
F 5692 5852 5851
F 5852 5692 5693
F 5393 5392 5236
F 5392 5235 5236
F 5392 5544 5543
F 5392 5543 5391
F 5992 6138 5991
F 5992 6139 6138
F 5860 5700 5701
F 5860 5859 5700
F 5099 4955 5100
F 5099 4954 4955
F 5240 5099 5241
F 5241 5099 5100
F 5099 5098 4953
F 4954 5099 4953
F 5099 5240 5239
F 5098 5099 5239
F 5414 5565 5413
F 5414 5566 5565
F 5256 5257 5412
F 5256 5412 5411
F 5255 5256 5410
F 5256 5411 5410
F 5257 5256 5116
F 5256 5115 5116
F 5256 5255 5114
F 5115 5256 5114
F 6141 6299 6140
F 6299 6298 6140
F 6456 6299 6457
F 6298 6299 6456
F 6299 6458 6457
F 6458 6299 6300
F 6576 6458 6577
F 6458 6576 6457
F 6577 6458 6578
F 6458 6459 6578
F 6459 6458 6301
F 6458 6300 6301
F 5996 6142 5995
F 6142 5996 6143
F 6299 6142 6300
F 6142 6299 6141
F 6300 6142 6301
F 6301 6142 6143
F 5996 6144 6143
F 6144 5996 5997
F 6302 6144 6303
F 6303 6144 6145
F 6144 6302 6301
F 6144 6301 6143
F 5863 5703 5704
F 5703 5863 5862
F 7162 7016 7017
F 7161 7016 7162
F 7015 7016 7160
F 7016 7161 7160
F 6313 6467 6466
F 6467 6313 6314
F 6313 6156 6314
F 6313 6155 6156
F 5871 6006 6005
F 6006 5871 5872
F 5411 5563 5410
F 5563 5562 5410
F 5563 5412 5564
F 5412 5563 5411
F 5563 5710 5709
F 5562 5563 5709
F 5407 5560 5559
F 5560 5407 5408
F 7560 7692 7691
F 7559 7560 7691
F 7423 7560 7422
F 7560 7559 7422
F 7692 7560 7693
F 7560 7561 7693
F 7560 7423 7424
F 7561 7560 7424
F 7420 7421 7558
F 7420 7558 7557
F 6841 6691 6842
F 6842 6691 6692
F 6689 6840 6839
F 6840 6689 6690
F 6840 6691 6841
F 6691 6840 6690
F 7126 6980 6981
F 7126 7125 6980
F 7126 7273 7272
F 7125 7126 7272
F 6984 6838 6985
F 6838 6839 6985
F 7131 7132 7279
F 7278 7131 7279
F 6983 6838 6984
F 6838 6983 6837
F 6983 6982 6836
F 6837 6983 6836
F 7938 7816 7817
F 7816 7938 7937
F 7936 7816 7937
F 7815 7816 7936
F 7564 7428 7565
F 7428 7564 7427
F 7697 7564 7565
F 7696 7564 7697
F 7139 6994 6995
F 7140 7139 6995
F 7139 7140 7287
F 7286 7139 7287
F 7139 7286 7285
F 7138 7139 7285
F 6120 5973 6121
F 5973 6120 5972
F 5973 6122 6121
F 5973 5974 6122
F 6122 5975 6123
F 5974 5975 6122
F 5975 6124 6123
F 5975 5976 6124
F 5841 5975 5840
F 5975 5974 5840
F 5975 5841 5842
F 5976 5975 5842
F 5680 5532 5533
F 5532 5680 5679
F 5680 5533 5534
F 5681 5680 5534
F 6435 6276 6277
F 6276 6435 6434
F 6276 6434 6433
F 6275 6276 6433
F 5528 5675 5527
F 5675 5674 5527
F 7575 7438 7439
F 7576 7575 7439
F 7707 7575 7708
F 7575 7576 7708
F 7575 7707 7706
F 7574 7575 7706
F 7437 7293 7294
F 7293 7437 7436
F 7437 7575 7574
F 7575 7437 7438
F 7295 7437 7294
F 7438 7437 7295
F 7437 7573 7436
F 7437 7574 7573
F 7003 6858 7004
F 6858 7003 6857
F 6858 6859 7005
F 7004 6858 7005
F 6854 7000 6999
F 6853 6854 6999
F 7000 6854 7001
F 6854 6855 7001
F 6854 6853 6703
F 6704 6854 6703
F 6126 5978 6127
F 6127 5978 5979
F 5845 5978 5844
F 5978 5845 5979
F 5978 6126 6125
F 5977 5978 6125
F 5978 5843 5844
F 5978 5977 5843
F 8101 8166 8165
F 8166 8101 8102
F 8102 8101 7989
F 8101 7988 7989
F 8098 7984 7985
F 7984 8098 8097
F 7983 7984 8096
F 8096 7984 8097
F 7735 7862 7861
F 7736 7862 7735
F 7862 7982 7861
F 7862 7983 7982
F 8195 8194 8161
F 8194 8160 8161
F 8213 8194 8214
F 8194 8195 8214
F 8160 8194 8159
F 8194 8193 8159
F 8194 8213 8212
F 8193 8194 8212
F 7731 7732 7857
F 7732 7858 7857
F 7600 7732 7599
F 7732 7731 7599
F 7858 7732 7859
F 7732 7733 7859
F 7732 7600 7601
F 7733 7732 7601
F 7454 7310 7311
F 7310 7454 7453
F 7453 7454 7590
F 7454 7591 7590
F 7961 7840 7962
F 7840 7841 7962
F 7840 7715 7841
F 7840 7714 7715
F 7713 7580 7581
F 7580 7713 7712
F 7714 7713 7582
F 7582 7713 7581
F 7846 7847 7968
F 7967 7846 7968
F 7846 7721 7847
F 7721 7846 7720
F 7846 7967 7966
F 7845 7846 7966
F 7846 7719 7720
F 7846 7845 7719
F 4928 5070 4927
F 5070 4928 5071
F 5211 5070 5212
F 5070 5071 5212
F 2781 2780 2695
F 2781 2695 2696
F 4508 4367 4368
F 4509 4508 4368
F 7416 7552 7415
F 7552 7416 7553
F 7552 7685 7684
F 7685 7552 7553
F 7685 7811 7810
F 7684 7685 7810
F 7416 7554 7553
F 7554 7416 7417
F 7554 7685 7553
F 7685 7554 7686
F 7812 7685 7686
F 7685 7812 7811
F 7812 7932 7811
F 7812 7933 7932
F 7813 7812 7687
F 7812 7686 7687
F 7933 7812 7934
F 7812 7813 7934
F 7556 7420 7557
F 7420 7556 7419
F 6830 6975 6829
F 6975 6830 6976
F 6975 6974 6828
F 6829 6975 6828
F 6970 6969 6823
F 6824 6970 6823
F 6970 7115 7114
F 6969 6970 7114
F 6971 6970 6825
F 6970 6824 6825
F 6970 7116 7115
F 6970 6971 7116
F 6822 6968 6967
F 6821 6822 6967
F 6822 6969 6968
F 6969 6822 6823
F 6827 6678 6828
F 6677 6678 6827
F 6678 6679 6829
F 6678 6829 6828
F 6419 6558 6418
F 6558 6419 6559
F 6417 6558 6557
F 6558 6417 6418
F 7801 7674 7675
F 7674 7801 7800
F 7674 7800 7799
F 7673 7674 7799
F 7261 7260 7114
F 7260 7113 7114
F 7112 7260 7259
F 7260 7112 7113
F 7259 7260 7402
F 7260 7403 7402
F 7260 7404 7403
F 7404 7260 7261
F 7404 7262 7405
F 7404 7261 7262
F 7404 7541 7540
F 7403 7404 7540
F 8028 7912 7913
F 7912 8028 8027
F 8028 8131 8027
F 8028 8132 8131
F 8028 8029 8133
F 8132 8028 8133
F 7920 8034 7919
F 8034 7920 8035
F 8034 7918 7919
F 8034 8033 7918
F 7794 7795 7916
F 7915 7794 7916
F 8028 7914 8029
F 7914 8028 7913
F 8029 7914 8030
F 8030 7914 7915
F 7914 7913 7792
F 7793 7914 7792
F 7914 7794 7915
F 7794 7914 7793
F 7664 7665 7791
F 7790 7664 7791
F 7665 7664 7533
F 7664 7532 7533
F 7664 7790 7789
F 7663 7664 7789
F 7532 7664 7531
F 7664 7663 7531
F 7391 7528 7390
F 7528 7527 7390
F 8023 8024 8128
F 8023 8128 8127
F 8022 8023 8126
F 8126 8023 8127
F 7790 7911 7789
F 7911 7910 7789
F 8025 7911 8026
F 7911 8025 7910
F 7911 7790 7791
F 7912 7911 7791
F 8026 7911 8027
F 7911 7912 8027
F 6814 6961 6960
F 6961 6814 6815
F 6961 7106 7105
F 6960 6961 7105
F 6248 6100 6249
F 6100 6248 6099
F 6248 6098 6099
F 6248 6247 6098
F 5811 6102 6101
F 6102 5811 5812
F 6100 5811 6101
F 5810 5811 6100
F 6098 5953 6099
F 5952 5953 6098
F 6960 7104 6959
F 7104 6960 7105
F 5797 5942 5941
F 5942 5797 5798
F 5942 6088 6087
F 5942 6087 5941
F 6806 6952 6805
F 6952 6951 6805
F 6807 6952 6806
F 6953 6952 6807
F 5824 5825 5958
F 5825 5959 5958
F 5825 5826 5960
F 5959 5825 5960
F 5826 5825 5667
F 5825 5666 5667
F 5825 5665 5666
F 5665 5825 5824
F 5517 5665 5664
F 5665 5517 5518
F 5665 5823 5664
F 5665 5824 5823
F 5519 5665 5518
F 5666 5665 5519
F 5957 6112 5956
F 6113 6112 5957
F 5959 6114 5958
F 6114 5959 6115
F 6114 5957 5958
F 6114 6113 5957
F 6253 6104 6105
F 6254 6253 6105
F 6104 6253 6103
F 6253 6252 6103
F 6252 6253 6410
F 6253 6411 6410
F 6668 6809 6808
F 6668 6669 6809
F 6667 6668 6807
F 6807 6668 6808
F 6963 6817 6964
F 6817 6818 6964
F 5635 5795 5794
F 5795 5635 5636
F 5194 5346 5345
F 5195 5346 5194
F 5196 5346 5195
F 5346 5196 5347
F 5950 6096 6095
F 5949 5950 6095
F 5805 5950 5949
F 5950 5805 5806
F 5807 5950 5806
F 5951 5950 5807
F 6097 5950 5951
F 5950 6097 6096
F 6247 6097 6098
F 6097 6247 6246
F 6096 6097 6245
F 6097 6246 6245
F 6097 5952 6098
F 6097 5951 5952
F 5351 5499 5350
F 5499 5351 5500
F 5498 5349 5350
F 5499 5498 5350
F 6241 6091 6092
F 6091 6241 6240
F 6090 6091 6239
F 6091 6240 6239
F 6092 6091 5946
F 6091 5945 5946
F 6089 5944 6090
F 5944 6089 5943
F 5800 5944 5799
F 5799 5944 5943
F 6091 5944 5945
F 5944 6091 6090
F 6244 6094 6095
F 6094 6244 6243
F 6094 6243 6242
F 6093 6094 6242
F 5058 4914 4915
F 4914 5058 5057
F 5056 4914 5057
F 4913 4914 5056
F 4914 4639 4640
F 4915 4914 4640
F 4639 4914 4638
F 4914 4913 4638
F 4906 4907 5050
F 5049 4906 5050
F 4907 4906 4775
F 4906 4774 4775
F 4911 5055 5054
F 5055 4911 4912
F 5055 5201 5054
F 5055 5202 5201
F 4913 5055 4912
F 5055 4913 5056
F 5055 5056 5203
F 5202 5055 5203
F 5053 5201 5200
F 5201 5053 5054
F 5052 5053 5199
F 5053 5200 5199
F 5053 4910 4911
F 5053 4911 5054
F 5053 5052 4909
F 4910 5053 4909
F 4494 4636 4635
F 4636 4494 4495
F 4637 4636 4496
F 4636 4495 4496
F 3792 3650 3651
F 3650 3792 3791
F 3789 3790 3927
F 3790 3928 3927
F 3790 3791 3929
F 3928 3790 3929
F 3790 3789 3648
F 3649 3790 3648
F 3650 3790 3649
F 3790 3650 3791
F 4062 3926 3927
F 3926 4062 4061
F 3928 4062 3927
F 4063 4062 3928
F 4062 4063 4201
F 4062 4201 4200
F 3117 3251 3250
F 3251 3117 3118
F 3250 3251 3385
F 3251 3386 3385
F 3523 3388 3524
F 3387 3388 3523
F 3388 3525 3524
F 3388 3389 3525
F 3389 3388 3254
F 3388 3253 3254
F 3383 3520 3519
F 3520 3383 3384
F 3520 3384 3385
F 3521 3520 3385
F 3802 3660 3661
F 3660 3802 3801
F 3661 3660 3522
F 3660 3521 3522
F 7236 7378 7235
F 7378 7236 7379
F 7516 7517 7649
F 7516 7649 7648
F 7516 7378 7379
F 7378 7516 7515
F 7515 7516 7647
F 7647 7516 7648
F 7646 7771 7645
F 7771 7646 7772
F 7893 7771 7772
F 7892 7771 7893
F 7891 7771 7892
F 7771 7891 7770
F 7890 7891 8005
F 7891 8006 8005
F 7891 7892 8007
F 8006 7891 8007
F 7896 7776 7897
F 7896 7775 7776
F 7896 7774 7775
F 7774 7896 7895
F 7775 7774 7649
F 7649 7774 7648
F 7774 7895 7894
F 7773 7774 7894
F 7774 7647 7648
F 7774 7773 7647
F 7386 7243 7387
F 7387 7243 7244
F 8013 8014 8117
F 8117 8014 8118
F 8119 8014 8015
F 8014 8119 8118
F 8014 8013 7898
F 7899 8014 7898
F 8014 7900 8015
F 8014 7899 7900
F 5036 4892 4893
F 4892 5036 5035
F 5035 5036 5182
F 5036 5183 5182
F 5184 5185 5336
F 5184 5336 5335
F 5334 5184 5335
F 5184 5334 5183
F 5486 5634 5633
F 5634 5486 5487
F 5486 5633 5632
F 5485 5486 5632
F 5486 5485 5336
F 5337 5486 5336
F 5487 5486 5338
F 5486 5337 5338
F 5181 5033 5034
F 5033 5181 5180
F 5181 5035 5182
F 5181 5034 5035
F 5791 5790 5632
F 5790 5631 5632
F 5790 5630 5631
F 5630 5790 5789
F 6076 6075 5929
F 5930 6076 5929
F 6226 6076 6077
F 6076 6226 6225
F 5786 5930 5929
F 5785 5786 5929
F 6076 5931 6077
F 5931 6076 5930
F 5788 5931 5787
F 5931 5788 5932
F 5786 5931 5930
F 5931 5786 5787
F 5040 5041 5187
F 5041 5188 5187
F 5188 5041 5189
F 5041 5042 5189
F 5041 5040 4897
F 4898 5041 4897
F 5042 5041 4899
F 5041 4898 4899
F 5637 5490 5491
F 5637 5491 5638
F 5488 5634 5487
F 5634 5488 5635
F 5492 5342 5343
F 5342 5492 5491
F 5492 5639 5638
F 5491 5492 5638
F 6230 6388 6387
F 6388 6230 6231
F 6391 6390 6234
F 6390 6233 6234
F 6233 6232 6084
F 6084 6232 6083
F 6232 6082 6083
F 6082 6232 6231
F 6390 6232 6233
F 6232 6390 6389
F 6232 6388 6231
F 6388 6232 6389
F 6946 6801 6947
F 6801 6946 6800
F 7238 7239 7382
F 7381 7238 7382
F 7518 7650 7649
F 7517 7518 7649
F 7651 7518 7519
F 7518 7651 7650
F 7518 7382 7519
F 7518 7381 7382
F 7236 7380 7379
F 7380 7236 7237
F 7380 7516 7379
F 7516 7380 7517
F 7518 7380 7381
F 7380 7518 7517
F 7380 7238 7381
F 7238 7380 7237
F 7372 7509 7508
F 7371 7372 7508
F 7643 7510 7511
F 7510 7643 7642
F 7510 7372 7373
F 7372 7510 7509
F 7641 7510 7642
F 7509 7510 7641
F 7365 7503 7502
F 7503 7365 7366
F 7078 7077 6932
F 7078 6932 6933
F 7644 7771 7770
F 7771 7644 7645
F 7644 7513 7645
F 7513 7644 7512
F 7644 7643 7511
F 7644 7511 7512
F 7769 7891 7890
F 7891 7769 7770
F 7644 7769 7643
F 7769 7644 7770
F 7768 7769 7889
F 7769 7890 7889
F 7769 7768 7642
F 7643 7769 7642
F 6942 7088 7087
F 7088 6942 6943
F 6943 6942 6797
F 6942 6796 6797
F 6796 6942 6795
F 6942 6941 6795
F 6942 7086 6941
F 7086 6942 7087
F 7086 7234 7233
F 7234 7086 7087
F 3090 3222 3089
F 3090 3223 3222
F 3090 3091 3224
F 3223 3090 3224
F 3361 3360 3225
F 3361 3225 3226
F 3227 3361 3226
F 3362 3361 3227
F 2581 2580 2532
F 2580 2531 2532
F 2531 2530 2500
F 2500 2530 2499
F 2580 2530 2531
F 2530 2580 2579
F 5024 5171 5170
F 5023 5024 5170
F 5027 4753 5028
F 4753 5027 4752
F 4610 4754 4753
F 4754 4610 4611
F 4754 4611 4612
F 4755 4754 4612
F 5181 5331 5180
F 5331 5181 5332
F 5331 5481 5480
F 5481 5331 5332
F 5179 5033 5180
F 5033 5179 5032
F 5331 5179 5180
F 5179 5331 5330
F 5031 5179 5178
F 5179 5031 5032
F 5179 5329 5178
F 5179 5330 5329
F 4753 5029 5028
F 4754 5029 4753
F 5029 4755 5030
F 5029 4754 4755
F 5784 5785 5929
F 5928 5784 5929
F 5478 5784 5477
F 5784 5783 5477
F 5784 5927 5783
F 5927 5784 5928
F 6076 6224 6075
F 6224 6076 6225
F 6074 5927 5928
F 5927 6074 6073
F 6074 5928 5929
F 6075 6074 5929
F 6224 6074 6075
F 6074 6224 6223
F 4622 4481 4482
F 4623 4622 4482
F 4622 4480 4481
F 4480 4622 4621
F 4767 4622 4623
F 4766 4622 4767
F 4622 4765 4621
F 4622 4766 4765
F 2972 3103 3102
F 2971 2972 3102
F 2972 3104 3103
F 3104 2972 2973
F 2851 2972 2971
F 2852 2972 2851
F 2972 2853 2973
F 2972 2852 2853
F 2847 2968 2967
F 2968 2847 2848
F 2848 2847 2745
F 2847 2744 2745
F 2658 2743 2657
F 2743 2742 2657
F 2659 2743 2658
F 2744 2743 2659
F 3365 3229 3230
F 3364 3229 3365
F 4052 3916 3917
F 3916 4052 4051
F 3363 3227 3228
F 3363 3362 3227
F 3363 3229 3364
F 3229 3363 3228
F 3498 3361 3362
F 3361 3498 3497
F 3363 3498 3362
F 3498 3363 3499
F 3638 3498 3499
F 3498 3638 3637
F 3498 3636 3497
F 3498 3637 3636
F 3922 3783 3784
F 3783 3922 3921
F 3920 3783 3921
F 3782 3783 3920
F 4489 4346 4347
F 4488 4346 4489
F 3926 4060 3925
F 4060 3926 4061
F 4062 4199 4061
F 4199 4062 4200
F 4199 4060 4061
F 4060 4199 4198
F 790 853 789
F 853 790 854
F 918 853 854
F 917 853 918
F 853 917 916
F 852 853 916
F 789 853 788
F 853 852 788
F 1184 1257 1256
F 1257 1184 1185
F 1255 1184 1256
F 1183 1184 1255
F 3777 3635 3636
F 3635 3777 3776
F 3775 3635 3776
F 3634 3635 3775
F 3358 3494 3357
F 3494 3493 3357
F 3492 3630 3491
F 3630 3492 3631
F 3492 3356 3357
F 3493 3492 3357
F 3492 3491 3355
F 3356 3492 3355
F 3353 3219 3354
F 3219 3353 3218
F 3354 3219 3355
F 3219 3220 3355
F 2953 3083 2952
F 3083 2953 3084
F 3083 2951 2952
F 2951 3083 3082
F 3083 3216 3215
F 3082 3083 3215
F 3083 3217 3216
F 3217 3083 3084
F 3217 3353 3352
F 3353 3217 3218
F 3085 3217 3084
F 3217 3085 3218
F 3351 3217 3352
F 3216 3217 3351
F 2734 2650 2735
F 2650 2734 2649
F 3088 2957 3089
F 2957 2958 3089
F 2736 2838 2735
F 2838 2736 2839
F 2957 2838 2958
F 2838 2957 2837
F 2838 2734 2735
F 2734 2838 2837
F 2730 2832 2729
F 2832 2730 2833
F 2644 2730 2729
F 2730 2644 2645
F 2730 2646 2731
F 2646 2730 2645
F 2578 2646 2645
F 2646 2578 2579
F 2577 2578 2644
F 2644 2578 2645
F 2496 2528 2527
F 2528 2496 2497
F 2527 2528 2576
F 2528 2577 2576
F 2736 2737 2839
F 2737 2840 2839
F 2841 2737 2738
F 2840 2737 2841
F 2737 2736 2651
F 2652 2737 2651
F 2737 2653 2738
F 2737 2652 2653
F 2502 2503 2533
F 2503 2534 2533
F 2503 2535 2534
F 2535 2503 2504
F 2583 2535 2584
F 2534 2535 2583
F 2535 2585 2584
F 2535 2536 2585
F 5085 5225 5084
F 5085 5226 5225
F 4940 5085 5084
F 4941 5085 4940
F 4943 4942 4810
F 4810 4942 4809
F 4942 4941 4808
F 4809 4942 4808
F 5535 5384 5536
F 5383 5384 5535
F 5089 5088 4945
F 5088 4944 4945
F 4944 5088 4943
F 4943 5088 5087
F 5230 5088 5089
F 5229 5088 5230
F 2893 2791 2894
F 2791 2893 2790
F 2893 2892 2789
F 2790 2893 2789
F 3824 3683 3825
F 3683 3684 3825
F 3684 3683 3545
F 3683 3544 3545
F 3543 3683 3682
F 3544 3683 3543
F 3547 3411 3412
F 3547 3412 3548
F 3687 3547 3548
F 3547 3687 3686
F 3547 3546 3410
F 3411 3547 3410
F 3546 3547 3685
F 3547 3686 3685
F 5079 5219 5078
F 5079 5220 5219
F 5220 5079 5221
F 5079 5080 5221
F 4799 4800 4932
F 4800 4933 4932
F 4800 4934 4933
F 4800 4801 4934
F 4369 4510 4368
F 4510 4509 4368
F 2981 2862 2982
F 2981 2861 2862
F 2861 2981 2860
F 2981 2980 2860
F 2676 2677 2762
F 2761 2676 2762
F 2677 2676 2610
F 2676 2609 2610
F 2676 2761 2760
F 2675 2676 2760
F 2676 2675 2608
F 2609 2676 2608
F 1570 1569 1499
F 1569 1498 1499
F 1569 1570 1622
F 1621 1569 1622
F 1422 1349 1350
F 1349 1422 1421
F 1422 1495 1421
F 1422 1496 1495
F 2770 2873 2872
F 2769 2770 2872
F 1664 1663 1627
F 1663 1626 1627
F 1663 1662 1625
F 1626 1663 1625
F 2869 2990 2989
F 2990 2869 2870
F 2869 2766 2767
F 2870 2869 2767
F 2869 2989 2988
F 2868 2869 2988
F 2765 2869 2868
F 2869 2765 2766
F 2765 2679 2680
F 2679 2765 2764
F 2681 2765 2680
F 2766 2765 2681
F 2765 2867 2764
F 2765 2868 2867
F 3255 3256 3390
F 3256 3391 3390
F 3391 3256 3392
F 3256 3257 3392
F 3258 3124 3125
F 3124 3258 3257
F 3258 3393 3392
F 3257 3258 3392
F 1272 1344 1343
F 1344 1272 1273
F 1345 1344 1274
F 1344 1273 1274
F 1495 1567 1566
F 1496 1567 1495
F 2856 2754 2857
F 2856 2753 2754
F 2856 2977 2976
F 2977 2856 2857
F 2975 2856 2976
F 2855 2856 2975
F 2752 2856 2855
F 2856 2752 2753
F 2666 2752 2751
F 2667 2752 2666
F 2752 2667 2668
F 2753 2752 2668
F 2752 2854 2751
F 2752 2855 2854
F 453 454 502
F 501 453 502
F 452 453 500
F 453 501 500
F 454 453 408
F 453 407 408
F 453 452 406
F 407 453 406
F 623 681 622
F 681 623 682
F 1202 1131 1132
F 1203 1202 1132
F 1202 1275 1274
F 1202 1203 1275
F 1131 1202 1130
F 1202 1201 1130
F 1273 1202 1274
F 1201 1202 1273
F 1065 1064 997
F 998 1065 997
F 1066 999 1067
F 1067 999 1000
F 1000 999 935
F 999 934 935
F 999 1065 998
F 1065 999 1066
F 999 998 933
F 934 999 933
F 866 867 930
F 867 931 930
F 867 932 931
F 932 867 868
F 802 867 866
F 803 867 802
F 867 804 868
F 867 803 804
F 1408 1337 1409
F 1336 1337 1408
F 1337 1410 1409
F 1337 1338 1410
F 734 795 733
F 795 734 796
F 614 672 613
F 673 672 614
F 615 674 614
F 674 673 614
F 675 674 616
F 674 615 616
F 673 674 736
F 674 737 736
F 674 675 738
F 737 674 738
F 862 798 863
F 798 799 863
F 798 737 799
F 737 798 736
F 861 798 862
F 798 861 797
F 860 861 924
F 861 925 924
F 861 862 926
F 925 861 926
F 861 860 796
F 797 861 796
F 4985 4851 4852
F 4851 4985 4984
F 4852 4851 4715
F 4851 4714 4715
F 5435 5281 5436
F 5280 5281 5435
F 5436 5281 5437
F 5437 5281 5282
F 4844 4845 4978
F 4844 4978 4977
F 4844 4976 4843
F 4976 4844 4977
F 4845 4844 4708
F 4844 4707 4708
F 4565 4564 4423
F 4424 4565 4423
F 4565 4424 4425
F 4566 4565 4425
F 4708 4565 4566
F 4707 4565 4708
F 4429 4571 4570
F 4571 4429 4430
F 4429 4428 4290
F 4429 4290 4291
F 4710 4846 4709
F 4846 4710 4847
F 4981 4849 4982
F 4849 4981 4848
F 4706 4565 4707
F 4565 4706 4564
F 4844 4706 4707
F 4706 4844 4843
F 4706 4705 4563
F 4706 4563 4564
F 4842 4706 4843
F 4705 4706 4842
F 4283 4284 4421
F 4284 4422 4421
F 3184 3185 3318
F 3317 3184 3318
F 3184 3317 3316
F 3183 3184 3316
F 3995 4130 4129
F 3995 4129 3994
F 3856 3995 3994
F 3857 3995 3856
F 4406 4267 4268
F 4267 4406 4405
F 4267 4130 4268
F 4130 4267 4129
F 3045 2924 2925
F 2924 3045 3044
F 3045 3175 3044
F 3045 3176 3175
F 3716 3717 3858
F 3857 3716 3858
F 3716 3856 3715
F 3716 3857 3856
F 3717 3716 3578
F 3716 3577 3578
F 3577 3716 3576
F 3576 3716 3715
F 4130 3996 4131
F 3995 3996 4130
F 3996 3995 3857
F 3996 3857 3858
F 3583 3446 3447
F 3446 3583 3582
F 4409 4549 4408
F 4549 4409 4550
F 3999 3862 4000
F 3862 3999 3861
F 4407 4270 4408
F 4270 4407 4269
F 4270 4269 4131
F 4132 4270 4131
F 4270 4409 4408
F 4409 4270 4271
F 1689 1651 1690
F 1651 1689 1650
F 1652 1651 1600
F 1651 1599 1600
F 1691 1712 1690
F 1712 1691 1713
F 1714 1691 1692
F 1713 1691 1714
F 1691 1651 1652
F 1651 1691 1690
F 1691 1653 1692
F 1691 1652 1653
F 1602 1655 1654
F 1655 1602 1603
F 1653 1602 1654
F 1601 1602 1653
F 1313 1312 1241
F 1313 1241 1242
F 1531 1602 1601
F 1602 1531 1532
F 1531 1601 1600
F 1530 1531 1600
F 1531 1530 1456
F 1531 1456 1457
F 3581 3446 3582
F 3581 3445 3446
F 3173 3307 3306
F 3307 3173 3174
F 3043 2924 3044
F 3043 2923 2924
F 3175 3043 3044
F 3174 3043 3175
F 3043 3042 2922
F 2923 3043 2922
F 3173 3043 3174
F 3043 3173 3042
F 4278 4139 4140
F 4139 4278 4277
F 4278 4416 4415
F 4277 4278 4415
F 3729 3589 3590
F 3589 3729 3728
F 3729 3591 3730
F 3729 3590 3591
F 3729 3870 3869
F 3729 3869 3728
F 3870 3729 3871
F 3871 3729 3730
F 3727 3589 3728
F 3589 3727 3588
F 3587 3727 3726
F 3588 3727 3587
F 3868 3727 3869
F 3869 3727 3728
F 3727 3867 3726
F 3727 3868 3867
F 2909 3028 2908
F 3028 2909 3029
F 2909 3030 3029
F 2909 2910 3030
F 1587 1641 1586
F 1641 1640 1586
F 1640 1641 1677
F 1641 1678 1677
F 1679 1680 1702
F 1679 1702 1701
F 1678 1679 1700
F 1700 1679 1701
F 5401 5245 5402
F 5245 5401 5244
F 5243 5103 5244
F 5103 5243 5102
F 4957 5103 5102
F 5103 4957 4958
F 4959 5103 4958
F 5103 4959 5104
F 5103 5245 5244
F 5245 5103 5104
F 1683 1684 1705
F 1684 1706 1705
F 7579 7580 7712
F 7711 7579 7712
F 7446 7445 7303
F 7445 7302 7303
F 7445 7446 7583
F 7582 7445 7583
F 7444 7445 7581
F 7445 7582 7581
F 7301 7445 7444
F 7445 7301 7302
F 7154 7301 7153
F 7301 7300 7153
F 7301 7154 7155
F 7302 7301 7155
F 7301 7444 7443
F 7301 7443 7300
F 6566 6448 6567
F 6448 6566 6447
F 6566 6446 6447
F 6566 6565 6446
F 7802 7677 7803
F 7676 7677 7802
F 7804 7677 7678
F 7677 7804 7803
F 7678 7677 7546
F 7677 7545 7546
F 7677 7544 7545
F 7544 7677 7676
F 7544 7406 7407
F 7406 7544 7543
F 7544 7676 7675
F 7543 7544 7675
F 7408 7544 7407
F 7545 7544 7408
F 1252 1253 1325
F 1324 1252 1325
F 1177 1250 1249
F 1250 1177 1178
F 1179 1250 1178
F 1250 1179 1251
F 977 1043 1042
F 1043 977 978
F 1043 978 979
F 1044 1043 979
F 1393 1392 1320
F 1321 1393 1320
F 1121 1056 1122
F 1056 1057 1122
F 1056 1120 1055
F 1120 1056 1121
F 1056 991 1057
F 1056 990 991
F 989 1056 1055
F 990 1056 989
F 4023 3882 3883
F 3882 4023 4022
F 3882 4022 4021
F 3881 3882 4021
F 4437 4580 4436
F 4580 4579 4436
F 4580 4724 4579
F 4724 4580 4725
F 4438 4580 4437
F 4581 4580 4438
F 4580 4726 4725
F 4580 4581 4726
F 5017 4882 5018
F 4882 4883 5018
F 5165 5316 5164
F 5316 5315 5164
F 5768 5911 5767
F 5911 5768 5912
F 5016 4882 5017
F 4882 5016 4881
F 4880 5016 5015
F 4881 5016 4880
F 5016 5017 5164
F 5163 5016 5164
F 5160 5012 5013
F 5012 5160 5159
F 5159 5160 5310
F 5160 5311 5310
F 5617 5618 5766
F 5766 5618 5767
F 5618 5768 5767
F 5768 5618 5619
F 5308 5462 5307
F 5462 5308 5463
F 5613 5462 5463
F 5462 5613 5612
F 6210 6365 6209
F 6365 6210 6366
F 6923 6776 6777
F 6776 6923 6922
F 7758 7631 7632
F 7757 7631 7758
F 7631 7500 7632
F 7500 7631 7499
F 7355 7354 7212
F 7354 7211 7212
F 5924 6070 5923
F 6070 6069 5923
F 6932 6786 6933
F 6786 6787 6933
F 6647 6786 6646
F 6786 6647 6787
F 6787 6788 6933
F 6788 6934 6933
F 6647 6788 6787
F 6788 6647 6648
F 6934 6788 6935
F 6788 6789 6935
F 7077 7076 6932
F 6932 7076 6931
F 7223 7076 7224
F 7076 7077 7224
F 6530 6641 6529
F 6641 6530 6642
F 6374 6375 6527
F 6375 6528 6527
F 6373 6525 6372
F 6525 6373 6526
F 6373 6374 6527
F 6373 6527 6526
F 7365 7222 7366
F 7222 7223 7366
F 4883 5019 5018
F 4884 5019 4883
F 5319 5467 5318
F 5467 5319 5468
F 5918 5774 5919
F 5774 5775 5919
F 6069 6068 5923
F 6068 5922 5923
F 5917 5774 5918
F 5774 5917 5773
F 4857 4993 4992
F 4993 4857 4858
F 4992 4993 5139
F 4993 5140 5139
F 5287 5443 5442
F 5288 5443 5287
F 5592 5443 5593
F 5443 5592 5442
F 5443 5288 5289
F 5444 5443 5289
F 5443 5594 5593
F 5443 5444 5594
F 5455 5299 5300
F 5299 5455 5454
F 5455 5300 5301
F 5456 5455 5301
F 5606 5456 5457
F 5606 5457 5607
F 5305 5459 5304
F 5460 5459 5305
F 7064 6918 6919
F 6918 7064 7063
F 6918 6917 6771
F 6772 6918 6771
F 7067 7213 7066
F 7213 7067 7214
F 6921 7067 7066
F 7067 6921 6922
F 6634 6522 6523
F 6634 6523 6635
F 6773 6918 6772
F 6918 6773 6919
F 6773 6634 6774
F 6634 6773 6633
F 6214 6215 6371
F 6370 6214 6371
F 5751 5900 5750
F 5751 5901 5900
F 5603 5452 5453
F 5603 5602 5452
F 6347 6190 6191
F 6347 6346 6190
F 6192 6347 6191
F 6347 6192 6348
F 6346 6347 6499
F 6347 6500 6499
F 6501 6347 6348
F 6347 6501 6500
F 5900 6043 5899
F 6044 6043 5900
F 5898 6043 6042
F 6043 5898 5899
F 6043 6044 6193
F 6192 6043 6193
F 6042 6043 6191
F 6043 6192 6191
F 6192 6349 6348
F 6349 6192 6193
F 6350 6349 6194
F 6349 6193 6194
F 6751 6752 6898
F 6897 6751 6898
F 6610 6751 6750
F 6611 6751 6610
F 6612 6751 6611
F 6751 6612 6752
F 6612 6753 6752
F 6753 6612 6613
F 6501 6612 6500
F 6612 6501 6613
F 6612 6611 6499
F 6500 6612 6499
F 6758 6904 6757
F 6904 6903 6757
F 6617 6756 6616
F 6756 6617 6757
F 6901 6756 6902
F 6756 6901 6755
F 6902 6756 6903
F 6903 6756 6757
F 6038 5893 5894
F 5893 6038 6037
F 6038 6187 6186
F 6037 6038 6186
F 5895 6038 5894
F 6039 6038 5895
F 6187 6038 6188
F 6038 6039 6188
F 6041 6189 6040
F 6189 6041 6190
F 6189 6039 6040
F 6039 6189 6188
F 6346 6189 6190
F 6345 6189 6346
F 6189 6344 6188
F 6189 6345 6344
F 7062 6918 7063
F 6918 7062 6917
F 7062 6916 6917
F 6916 7062 7061
F 7057 7058 7204
F 7058 7205 7204
F 6521 6634 6633
F 6634 6521 6522
F 6522 6521 6369
F 6521 6368 6369
F 6521 6367 6368
F 6367 6521 6520
F 6773 6632 6633
F 6632 6773 6772
F 6521 6632 6520
F 6632 6521 6633
F 6631 6632 6771
F 6632 6772 6771
F 6519 6632 6631
F 6632 6519 6520
F 6365 6519 6518
F 6519 6365 6366
F 6519 6631 6630
F 6518 6519 6630
F 6519 6367 6520
F 6367 6519 6366
F 2495 2525 2494
F 2495 2526 2525
F 2495 2527 2526
F 2495 2496 2527
F 2521 2491 2522
F 2491 2521 2490
F 2723 2637 2638
F 2637 2723 2722
F 2721 2637 2722
F 2637 2721 2636
F 2569 2637 2636
F 2570 2637 2569
F 2571 2637 2570
F 2637 2571 2638
F 2571 2522 2523
F 2572 2571 2523
F 2571 2639 2638
F 2639 2571 2572
F 2571 2521 2522
F 2521 2571 2570
F 2474 2488 2487
F 2475 2488 2474
F 2487 2488 2518
F 2488 2519 2518
F 2524 2573 2523
F 2573 2572 2523
F 2573 2640 2639
F 2573 2639 2572
F 2720 2635 2636
F 2721 2720 2636
F 2720 2824 2823
F 2720 2721 2824
F 2635 2720 2634
F 2720 2719 2634
F 2720 2823 2822
F 2719 2720 2822
F 2946 3076 2945
F 3076 2946 3077
F 3210 3076 3077
F 3076 3210 3209
F 2945 3076 2944
F 3076 3075 2944
F 3214 3350 3349
F 3350 3214 3215
F 3348 3214 3349
F 3214 3348 3213
F 3348 3212 3213
F 3212 3348 3347
F 2829 2727 2830
F 2829 2726 2727
F 2950 2829 2830
F 2949 2829 2950
F 4459 4601 4458
F 4601 4459 4602
F 4597 4740 4596
F 4740 4597 4741
F 4740 4595 4596
F 4740 4739 4595
F 4460 4604 4603
F 4604 4460 4461
F 4460 4319 4461
F 4460 4318 4319
F 4460 4603 4602
F 4459 4460 4602
F 4460 4317 4318
F 4460 4459 4317
F 4305 4304 4165
F 4305 4165 4166
F 4305 4446 4445
F 4304 4305 4445
F 4739 4594 4595
F 4594 4739 4738
F 5009 4875 5010
F 4874 4875 5009
F 5158 5011 5159
F 5011 5012 5159
F 5012 5011 4877
F 5011 4876 4877
F 5011 5158 5157
F 5010 5011 5157
F 4875 5011 5010
F 5011 4875 4876
F 4873 5007 4872
F 5007 4873 5008
F 4873 5009 5008
F 4873 4874 5009
F 4172 4311 4310
F 4172 4173 4311
F 4173 4172 4035
F 4172 4034 4035
F 2633 2565 2566
F 2565 2633 2632
F 2565 2517 2566
F 2517 2565 2516
F 2565 2515 2516
F 2565 2564 2515
F 2565 2631 2564
F 2631 2565 2632
F 2563 2631 2630
F 2564 2631 2563
F 2631 2715 2630
F 2631 2716 2715
F 2631 2717 2716
F 2717 2631 2632
F 2717 2633 2718
F 2633 2717 2632
F 2717 2820 2819
F 2716 2717 2819
F 2821 2717 2718
F 2820 2717 2821
F 3207 3073 3074
F 3207 3206 3073
F 3207 3341 3206
F 3341 3207 3342
F 3071 3205 3204
F 3072 3205 3071
F 3205 3339 3204
F 3339 3205 3340
F 3206 3205 3073
F 3205 3072 3073
F 3341 3205 3206
F 3205 3341 3340
F 3620 3482 3621
F 3620 3481 3482
F 3480 3343 3344
F 3343 3480 3479
F 3618 3480 3619
F 3480 3618 3479
F 3480 3344 3345
F 3481 3480 3345
F 3620 3480 3481
F 3480 3620 3619
F 3472 3471 3335
F 3336 3472 3335
F 3472 3337 3473
F 3337 3472 3336
F 3612 3472 3473
F 3611 3472 3612
F 3470 3334 3335
F 3471 3470 3335
F 3333 3470 3469
F 3470 3333 3334
F 3470 3608 3469
F 3470 3609 3608
F 3610 3472 3611
F 3472 3610 3471
F 3470 3610 3609
F 3610 3470 3471
F 3751 3610 3752
F 3610 3611 3752
F 3609 3610 3750
F 3750 3610 3751
F 3474 3614 3613
F 3614 3474 3475
F 3337 3202 3338
F 3202 3203 3338
F 3202 3337 3336
F 3201 3202 3336
F 3333 3199 3334
F 3198 3199 3333
F 2938 2819 2939
F 2938 2818 2819
F 4165 4027 4166
F 4027 4028 4166
F 3743 3886 3885
F 3742 3743 3885
F 3743 3742 3601
F 3602 3743 3601
F 3605 3746 3604
F 3604 3746 3745
F 3747 3746 3606
F 3746 3605 3606
F 4326 4469 4468
F 4469 4326 4327
F 4327 4326 4189
F 4326 4188 4189
F 4181 4318 4180
F 4318 4181 4319
F 4320 4462 4461
F 4319 4320 4461
F 4181 4320 4319
F 4320 4181 4182
F 5027 4751 4752
F 4751 5027 5026
F 3766 3625 3626
F 3766 3626 3767
F 3625 3766 3624
F 3766 3765 3624
F 3905 3904 3767
F 3904 3766 3767
F 3765 3764 3624
F 3764 3623 3624
F 3764 3622 3623
F 3764 3763 3622
F 3911 4045 3910
F 4045 3911 4046
F 3911 3912 4047
F 4046 3911 4047
F 3912 3773 3774
F 3911 3773 3912
F 3772 3773 3910
F 3773 3911 3910
F 5319 5169 5320
F 5169 5319 5168
F 5169 5022 5023
F 5169 5023 5170
F 5022 5169 5021
F 5021 5169 5168
F 3754 3612 3613
F 3754 3753 3612
F 921 987 986
F 920 921 986
F 921 988 987
F 988 921 922
F 921 857 858
F 922 921 858
F 921 856 857
F 856 921 920
F 791 856 855
F 856 791 792
F 855 856 919
F 856 920 919
F 793 856 792
F 857 856 793
F 606 666 665
F 666 606 607
F 666 608 667
F 608 666 607
F 665 666 728
F 666 729 728
F 730 666 667
F 729 666 730
F 494 548 547
F 548 494 495
F 548 496 549
F 548 495 496
F 548 608 607
F 548 607 547
F 548 549 609
F 608 548 609
F 606 546 607
F 607 546 547
F 545 546 605
F 546 606 605
F 7338 7191 7339
F 7191 7338 7190
F 6328 6329 6482
F 6481 6328 6482
F 6329 6328 6171
F 6328 6170 6171
F 6328 6327 6169
F 6170 6328 6169
F 6479 6325 6326
F 6325 6479 6478
F 6886 6885 6735
F 6736 6886 6735
F 6886 7032 6885
F 6886 7033 7032
F 6002 6149 6001
F 6149 6002 6150
F 6305 6583 6582
F 6305 6306 6583
F 6463 6310 6311
F 6464 6463 6311
F 6589 6723 6722
F 6723 6589 6590
F 6590 6589 6466
F 6589 6465 6466
F 6006 5873 6007
F 5873 6006 5872
F 5873 6008 6007
F 5873 5874 6008
F 7316 7170 7317
F 7170 7316 7169
F 5573 5420 5421
F 5420 5573 5572
F 5573 5719 5572
F 5573 5720 5719
F 4698 4699 4835
F 4835 4699 4836
F 4699 4837 4836
F 4699 4700 4837
F 4699 4698 4556
F 4557 4699 4556
F 4699 4557 4558
F 4700 4699 4558
F 4701 4838 4837
F 4700 4701 4837
F 4838 4701 4839
F 4701 4702 4839
F 5121 5122 5262
F 5122 5263 5262
F 5122 5123 5264
F 5263 5122 5264
F 5267 5266 5125
F 5126 5267 5125
F 5266 5267 5421
F 5421 5267 5422
F 5268 5267 5127
F 5267 5126 5127
F 5128 5129 5269
F 5129 5270 5269
F 5271 5129 5130
F 5270 5129 5271
F 4694 4695 4832
F 4831 4694 4832
F 3862 4001 4000
F 4001 3862 3863
F 4413 4275 4414
F 4275 4276 4414
F 4001 4135 4000
F 4135 4001 4136
F 5267 5423 5422
F 5423 5267 5268
F 5419 5570 5418
F 5570 5419 5571
F 5419 5263 5264
F 5263 5419 5418
F 5571 5419 5572
F 5419 5420 5572
F 5265 5419 5264
F 5420 5419 5265
F 5569 5716 5715
F 5569 5715 5568
F 5716 5569 5717
F 5569 5570 5717
F 3458 3457 3322
F 3458 3322 3323
F 3458 3594 3593
F 3457 3458 3593
F 3322 3321 3189
F 3189 3321 3188
F 3187 3321 3320
F 3321 3187 3188
F 3457 3321 3322
F 3456 3321 3457
F 3455 3321 3456
F 3321 3455 3320
F 3455 3319 3320
F 3455 3454 3319
F 3590 3455 3591
F 3455 3590 3454
F 3455 3592 3591
F 3455 3456 3592
F 1592 1522 1523
F 1522 1592 1591
F 1592 1644 1591
F 1592 1645 1644
F 1379 1309 1380
F 1309 1379 1308
F 1381 1452 1380
F 1452 1381 1453
F 1452 1379 1380
F 1379 1452 1451
F 1594 1525 1595
F 1525 1594 1524
F 5091 5233 5232
F 5092 5233 5091
F 5233 5390 5389
F 5232 5233 5389
F 4814 4815 4947
F 4815 4948 4947
F 3966 3965 3828
F 3965 3827 3828
F 3965 3966 4101
F 3965 4101 4100
F 3965 3826 3827
F 3826 3965 3964
F 3826 3684 3685
F 3684 3826 3825
F 3827 3826 3686
F 3686 3826 3685
F 3826 3963 3825
F 3963 3826 3964
F 4239 4101 4102
F 4240 4239 4102
F 4239 4240 4378
F 4377 4239 4378
F 3027 3028 3159
F 3158 3027 3159
F 3027 3158 3157
F 3027 3157 3026
F 3027 2907 2908
F 3028 3027 2908
F 2907 3027 2906
F 2906 3027 3026
F 3419 3420 3555
F 3420 3556 3555
F 3158 3292 3291
F 3292 3158 3159
F 3023 3024 3154
F 3024 3155 3154
F 2903 3024 3023
F 3024 2903 2904
F 4249 4112 4250
F 4111 4112 4249
F 4531 4674 4673
F 4532 4674 4531
F 4390 4531 4530
F 4389 4390 4530
F 4390 4532 4531
F 4390 4391 4532
F 3843 3703 3844
F 3703 3843 3702
F 3982 3843 3844
F 3843 3982 3981
F 4118 3982 3983
F 3982 4118 4117
F 4118 3983 3984
F 4118 3984 4119
F 4257 4118 4119
F 4118 4257 4256
F 3160 3028 3029
F 3028 3160 3159
F 3296 3295 3163
F 3295 3162 3163
F 3295 3429 3294
F 3429 3295 3430
F 3429 3566 3565
F 3566 3429 3430
F 3413 3549 3548
F 3412 3413 3548
F 3413 3550 3549
F 3413 3414 3550
F 3552 3415 3416
F 3551 3415 3552
F 3415 3551 3550
F 3414 3415 3550
F 3015 3145 3014
F 3146 3145 3015
F 761 762 823
F 822 761 823
F 699 639 640
F 700 699 640
F 762 699 763
F 699 700 763
F 761 699 762
F 699 761 698
F 636 637 696
F 696 637 697
F 331 297 298
F 332 331 298
F 297 331 296
F 331 330 296
F 374 331 332
F 373 331 374
F 331 372 330
F 331 373 372
F 467 417 418
F 417 467 466
F 467 519 518
F 466 467 518
F 624 684 683
F 684 624 625
F 623 624 682
F 682 624 683
F 625 624 565
F 624 564 565
F 563 624 623
F 564 624 563
F 746 745 683
F 745 682 683
F 870 808 871
F 807 808 870
F 872 808 809
F 808 872 871
F 808 745 746
F 745 808 807
F 685 626 627
F 685 627 686
F 749 685 686
F 685 749 748
F 626 685 625
F 685 684 625
F 747 685 748
F 684 685 747
F 1348 1277 1278
F 1349 1348 1278
F 1277 1348 1276
F 1348 1347 1276
F 1354 1426 1425
F 1426 1354 1355
F 883 820 884
F 820 883 819
F 942 1008 1007
F 943 1008 942
F 1002 937 938
F 1002 938 1003
F 1002 1001 936
F 937 1002 936
F 1001 1002 1068
F 1002 1069 1068
F 465 466 518
F 517 465 518
F 417 465 416
F 465 417 466
F 464 465 516
F 465 517 516
F 415 465 464
F 465 415 416
F 415 370 416
F 370 415 369
F 415 464 463
F 415 463 414
F 575 574 518
F 574 517 518
F 574 637 636
F 637 574 575
F 517 574 516
F 574 573 516
F 574 636 635
F 573 574 635
F 694 758 757
F 758 694 695
F 820 758 759
F 758 820 819
F 758 695 696
F 759 758 696
F 690 754 753
F 754 690 691
F 585 526 527
F 526 585 584
F 1088 1024 1089
F 1024 1088 1023
F 1089 1024 1090
F 1024 1025 1090
F 1025 1024 960
F 1024 959 960
F 830 831 895
F 894 830 895
F 829 830 893
F 830 894 893
F 522 580 579
F 580 522 523
F 580 523 524
F 581 580 524
F 641 701 640
F 701 700 640
F 700 701 763
F 701 764 763
F 1147 1083 1148
F 1083 1084 1148
F 1220 1219 1149
F 1149 1219 1148
F 1219 1220 1292
F 1291 1219 1292
F 1143 1214 1213
F 1142 1143 1213
F 5392 5545 5544
F 5545 5392 5393
F 5545 5393 5394
F 5545 5394 5546
F 5544 5545 5691
F 5545 5692 5691
F 5693 5545 5546
F 5692 5545 5693
F 6139 5993 6140
F 5992 5993 6139
F 5700 5858 5699
F 5859 5858 5700
F 5858 5857 5698
F 5699 5858 5698
F 5858 5993 5992
F 5993 5858 5859
F 5857 5858 5991
F 5858 5992 5991
F 5861 5703 5862
F 5703 5861 5702
F 5996 5861 5862
F 5861 5996 5995
F 5702 5861 5701
F 5861 5860 5701
F 5261 5260 5120
F 5260 5119 5120
F 5562 5409 5410
F 5561 5409 5562
F 5409 5560 5408
F 5560 5409 5561
F 4689 4690 4827
F 4826 4689 4827
F 5557 5556 5405
F 5405 5556 5404
F 5556 5555 5403
F 5404 5556 5403
F 5556 5557 5704
F 5703 5556 5704
F 5556 5702 5555
F 5556 5703 5702
F 6312 6153 6154
F 6153 6312 6311
F 6312 6464 6311
F 6464 6312 6465
F 6155 6312 6154
F 6313 6312 6155
F 6465 6312 6466
F 6312 6313 6466
F 5563 5711 5710
F 5711 5563 5564
F 5565 5711 5564
F 5711 5565 5712
F 5871 5711 5872
F 5872 5711 5712
F 5870 5711 5871
F 5711 5870 5710
F 6308 6151 6309
F 6151 6308 6150
F 6310 6151 6152
F 6309 6151 6310
F 5867 6002 6001
F 6002 5867 5868
F 7277 7131 7278
F 7131 7277 7130
F 7129 7277 7276
F 7130 7277 7129
F 7421 7277 7278
F 7420 7277 7421
F 7277 7420 7419
F 7277 7419 7276
F 6847 6696 6697
F 6846 6696 6847
F 7137 7284 7283
F 7137 7283 7136
F 7284 7137 7285
F 7137 7138 7285
F 6993 7139 7138
F 7139 6993 6994
F 7137 6993 7138
F 6993 7137 6992
F 6848 6993 6847
F 6993 6848 6994
F 6993 6992 6846
F 6993 6846 6847
F 7282 7283 7426
F 7425 7282 7426
F 7281 7282 7424
F 7282 7425 7424
F 7283 7282 7136
F 7282 7135 7136
F 7134 7282 7281
F 7135 7282 7134
F 6688 6689 6839
F 6838 6688 6839
F 6688 6838 6837
F 6687 6688 6837
F 6835 6686 6836
F 6685 6686 6835
F 6686 6837 6836
F 6686 6687 6837
F 6840 6986 6839
F 6839 6986 6985
F 6986 6841 6987
F 6986 6840 6841
F 6986 7130 6985
F 6986 7131 7130
F 7132 6986 6987
F 7131 6986 7132
F 7419 7275 7276
F 7418 7275 7419
F 7559 7690 7558
F 7690 7559 7691
F 7817 7690 7691
F 7816 7690 7817
F 7562 7563 7694
F 7563 7695 7694
F 7425 7563 7562
F 7563 7425 7426
F 7695 7563 7696
F 7563 7564 7696
F 7427 7563 7426
F 7564 7563 7427
F 5839 5973 5972
F 5838 5839 5972
F 5973 5839 5974
F 5974 5839 5840
F 5680 5839 5679
F 5839 5838 5679
F 5839 5681 5840
F 5839 5680 5681
F 6273 6430 6272
F 6430 6273 6431
F 6118 6276 6275
F 6118 6275 6117
F 6118 6119 6277
F 6276 6118 6277
F 5834 5967 5833
F 5967 5834 5968
F 5675 5834 5674
F 5674 5834 5833
F 5963 5964 6268
F 5964 6269 6268
F 6269 5964 6270
F 5964 5965 6270
F 5964 5963 5829
F 5830 5964 5829
F 6271 5966 6272
F 5966 5967 6272
F 5966 6271 6270
F 5965 5966 6270
F 6700 6701 6851
F 6850 6700 6851
F 8100 8163 8099
F 8100 8164 8163
F 7986 8100 8099
F 7987 8100 7986
F 8164 8100 8165
F 8100 8101 8165
F 7988 8100 7987
F 8101 8100 7988
F 7985 7863 7864
F 7984 7863 7985
F 7738 7863 7737
F 7863 7738 7864
F 7863 7984 7983
F 7862 7863 7983
F 7863 7736 7737
F 7863 7862 7736
F 7455 7312 7313
F 7456 7455 7313
F 7312 7455 7311
F 7455 7454 7311
F 7839 7961 7960
F 7839 7840 7961
F 7959 7839 7960
F 7838 7839 7959
F 7840 7839 7714
F 7839 7713 7714
F 7839 7838 7712
F 7713 7839 7712
F 5069 5209 5068
F 5069 5210 5209
F 4925 5069 5068
F 4926 5069 4925
F 5069 5211 5210
F 5069 5070 5211
F 5069 4926 4927
F 5070 5069 4927
F 3533 3534 3672
F 3534 3673 3672
F 4092 4231 4230
F 4092 4093 4231
F 3265 3401 3400
F 3401 3265 3266
F 2778 2882 2881
F 2779 2882 2778
F 2780 2882 2779
F 2882 2780 2883
F 3130 3262 3129
F 3130 3263 3262
F 3269 3405 3404
F 3405 3269 3270
F 4094 3960 4095
F 3960 4094 3959
F 3821 3960 3959
F 3960 3821 3822
F 3683 3823 3682
F 3823 3683 3824
F 3823 3960 3822
F 3960 3823 3961
F 3681 3823 3822
F 3823 3681 3682
F 3681 3543 3682
F 3681 3542 3543
F 3821 3681 3822
F 3681 3821 3680
F 4224 4361 4223
F 4361 4224 4362
F 7414 7551 7413
F 7551 7550 7413
F 7551 7414 7415
F 7552 7551 7415
F 7555 7554 7417
F 7418 7555 7417
F 7554 7555 7686
F 7686 7555 7687
F 7555 7418 7419
F 7556 7555 7419
F 7555 7688 7687
F 7555 7556 7688
F 7266 7120 7267
F 7119 7120 7266
F 7120 7268 7267
F 7268 7120 7121
F 7120 7119 6974
F 6975 7120 6974
F 7120 6976 7121
F 7120 6975 6976
F 7404 7542 7541
F 7542 7404 7405
F 7406 7542 7405
F 7542 7406 7543
F 7541 7542 7673
F 7542 7674 7673
F 7542 7543 7675
F 7674 7542 7675
F 8034 8138 8033
F 8033 8138 8137
F 8032 7917 7918
F 8033 8032 7918
F 8032 8033 8137
F 8136 8032 8137
F 7525 7388 7526
F 7388 7389 7526
F 7388 7524 7387
F 7524 7388 7525
F 7389 7388 7246
F 7388 7245 7246
F 7388 7387 7244
F 7245 7388 7244
F 7098 6952 6953
F 6952 7098 7097
F 7099 7098 6954
F 7098 6953 6954
F 7098 7099 7246
F 7245 7098 7246
F 7098 7245 7244
F 7097 7098 7244
F 7667 7666 7534
F 7535 7667 7534
F 7666 7667 7792
F 7667 7793 7792
F 7530 7529 7393
F 7393 7529 7392
F 7529 7391 7392
F 7529 7528 7391
F 7785 7905 7784
F 7785 7906 7905
F 7529 7660 7528
F 7660 7529 7661
F 7907 8023 8022
F 8023 7907 7908
F 7907 8022 8021
F 7906 7907 8021
F 7785 7907 7906
F 7907 7785 7786
F 7787 7907 7786
F 7907 7787 7908
F 7787 7660 7661
F 7660 7787 7786
F 7529 7662 7661
F 7662 7529 7530
F 7662 7787 7661
F 7787 7662 7788
F 7662 7530 7531
F 7663 7662 7531
F 7662 7663 7789
F 7788 7662 7789
F 7909 8023 7908
F 8023 7909 8024
F 7909 7787 7788
F 7787 7909 7908
F 7909 8025 8024
F 8025 7909 7910
F 7909 7788 7789
F 7910 7909 7789
F 6962 6817 6963
F 6817 6962 6816
F 6962 6963 7108
F 7107 6962 7108
F 6962 6961 6815
F 6816 6962 6815
F 7106 6962 7107
F 6961 6962 7106
F 6407 6249 6250
F 6408 6407 6250
F 6407 6408 6548
F 6547 6407 6548
F 6404 6403 6245
F 6246 6404 6245
F 6247 6405 6246
F 6405 6404 6246
F 5354 5504 5503
F 5504 5354 5355
F 5356 5504 5355
F 5504 5356 5505
F 5652 5504 5505
F 5504 5652 5651
F 5653 5652 5506
F 5652 5505 5506
F 5812 5652 5653
F 5811 5652 5812
F 5652 5811 5810
F 5651 5652 5810
F 5501 5649 5648
F 5649 5501 5502
F 6958 7103 6957
F 7103 7102 6957
F 7103 6958 6959
F 7104 7103 6959
F 7251 7252 7395
F 7394 7251 7395
F 7252 7251 7105
F 7251 7104 7105
F 6110 6111 6259
F 6111 6260 6259
F 6111 5954 5955
F 5954 6111 6110
F 6260 6111 6261
F 6111 6112 6261
F 6111 5955 5956
F 6112 6111 5956
F 6262 6112 6113
F 6112 6262 6261
F 6262 6419 6261
F 6262 6420 6419
F 5939 6085 6084
F 5938 5939 6084
F 5939 5938 5794
F 5795 5939 5794
F 5494 5495 5641
F 5495 5642 5641
F 5495 5643 5642
F 5643 5495 5496
F 5495 5494 5345
F 5346 5495 5345
F 5495 5346 5347
F 5495 5347 5496
F 5646 5647 5806
F 5805 5646 5806
F 5647 5646 5500
F 5646 5499 5500
F 5646 5498 5499
F 5498 5646 5645
F 5497 5643 5496
F 5643 5497 5644
F 5497 5347 5348
F 5347 5497 5496
F 5644 5497 5645
F 5497 5498 5645
F 5349 5497 5348
F 5498 5497 5349
F 4772 4905 4904
F 4773 4905 4772
F 4905 5048 5047
F 4904 4905 5047
F 4774 4905 4773
F 4906 4905 4774
F 4905 5049 5048
F 4905 4906 5049
F 3512 3511 3376
F 3511 3375 3376
F 3651 3511 3512
F 3650 3511 3651
F 3388 3252 3253
F 3252 3388 3387
F 3252 3119 3120
F 3253 3252 3120
F 3386 3252 3387
F 3251 3252 3386
F 3119 3252 3118
F 3252 3251 3118
F 3659 3658 3519
F 3520 3659 3519
F 3799 3659 3800
F 3659 3799 3658
F 3659 3520 3521
F 3660 3659 3521
F 3659 3801 3800
F 3659 3660 3801
F 8116 8011 8012
F 8011 8116 8115
F 8011 8010 7895
F 7896 8011 7895
F 8012 8011 7897
F 8011 7896 7897
F 7095 7094 6949
F 6950 7095 6949
F 5037 5036 4893
F 4894 5037 4893
F 5037 4895 5038
F 4895 5037 4894
F 5036 5037 5183
F 5037 5184 5183
F 5185 5037 5038
F 5184 5037 5185
F 5181 5333 5332
F 5333 5181 5182
F 5333 5481 5332
F 5481 5333 5482
F 5183 5333 5182
F 5334 5333 5183
F 5483 5333 5334
F 5333 5483 5482
F 5484 5483 5335
F 5483 5334 5335
F 5483 5484 5631
F 5630 5483 5631
F 5934 5791 5935
F 5934 5790 5791
F 6386 6228 6229
F 6385 6228 6386
F 5188 5339 5187
F 5187 5339 5338
F 5339 5487 5338
F 5339 5488 5487
F 6945 6798 6799
F 6945 6944 6798
F 6800 6945 6799
F 6946 6945 6800
F 7091 6947 7092
F 7091 6946 6947
F 7239 7091 7092
F 7238 7091 7239
F 7634 7759 7633
F 7759 7634 7760
F 6788 6649 6789
F 6649 6788 6648
F 6649 6650 6790
F 6789 6649 6790
F 6649 6538 6650
F 6649 6537 6538
F 6654 6655 6795
F 6794 6654 6795
F 7086 6940 6941
F 6940 7086 7085
F 6941 6940 6795
F 6940 6794 6795
F 7374 7510 7373
F 7510 7374 7511
F 7229 7372 7371
F 7229 7371 7228
F 6936 6791 6937
F 6791 6936 6790
F 6936 6789 6790
F 6789 6936 6935
F 6650 6651 6790
F 6651 6791 6790
F 7639 7506 7507
F 7506 7639 7638
F 7367 7223 7224
F 7223 7367 7366
F 7367 7503 7366
F 7503 7367 7504
F 7370 7371 7508
F 7507 7370 7508
F 7506 7370 7507
F 7370 7506 7369
F 7888 7766 7767
F 7766 7888 7887
F 2838 2959 2958
F 2959 2838 2839
F 2959 2840 2960
F 2840 2959 2839
F 3091 2959 2960
F 3090 2959 3091
F 2958 2959 3089
F 2959 3090 3089
F 4335 4476 4334
F 4476 4335 4477
F 4477 4335 4478
F 4335 4336 4478
F 5024 5172 5171
F 5172 5024 5025
F 5026 5172 5025
F 5172 5026 5173
F 5172 5173 5324
F 5323 5172 5324
F 5472 5323 5324
F 5473 5472 5324
F 5029 5175 5028
F 5175 5029 5176
F 5327 5175 5176
F 5175 5327 5326
F 5479 5331 5480
F 5331 5479 5330
F 5330 5479 5329
F 5479 5478 5329
F 5479 5786 5785
F 5786 5479 5480
F 5784 5479 5785
F 5479 5784 5478
F 5031 5177 5030
F 5177 5031 5178
F 5177 5029 5030
F 5029 5177 5176
F 5927 5782 5783
F 5782 5927 5926
F 5925 5782 5926
F 5782 5925 5781
F 5783 5782 5477
F 5782 5476 5477
F 5327 5475 5326
F 5475 5327 5476
F 5782 5475 5476
F 5475 5782 5781
F 5925 5780 5781
F 5780 5925 5924
F 4058 4196 4057
F 4196 4195 4057
F 2846 2847 2967
F 2966 2846 2967
F 2846 2966 2965
F 2846 2965 2845
F 2847 2846 2744
F 2846 2743 2744
F 2743 2846 2742
F 2742 2846 2845
F 2964 3096 3095
F 3096 2964 2965
F 3095 3096 3228
F 3096 3229 3228
F 2843 2739 2740
F 2739 2843 2842
F 3915 3914 3776
F 3777 3915 3776
F 3914 3915 4049
F 3915 4050 4049
F 3915 3916 4051
F 4050 3915 4051
F 3915 3778 3916
F 3778 3915 3777
F 3638 3778 3637
F 3778 3638 3779
F 3778 3777 3636
F 3637 3778 3636
F 3916 3778 3917
F 3917 3778 3779
F 3638 3639 3779
F 3639 3780 3779
F 4345 4487 4486
F 4344 4345 4486
F 4487 4345 4488
F 4345 4346 4488
F 3924 4059 3923
F 4059 4058 3923
F 4196 4059 4197
F 4059 4196 4058
F 4059 3924 3925
F 4060 4059 3925
F 4059 4060 4198
F 4059 4198 4197
F 1114 1050 1115
F 1050 1114 1049
F 1114 1115 1185
F 1184 1114 1185
F 3361 3496 3360
F 3496 3361 3497
F 3636 3496 3497
F 3635 3496 3636
F 3085 3086 3218
F 3086 3219 3218
F 2648 2582 2649
F 2582 2648 2581
F 2834 2730 2731
F 2730 2834 2833
F 2953 2834 2954
F 2834 2953 2833
F 2529 2530 2579
F 2578 2529 2579
F 2530 2529 2499
F 2529 2498 2499
F 2529 2578 2577
F 2528 2529 2577
F 2529 2528 2497
F 2498 2529 2497
F 2505 2535 2504
F 2535 2505 2536
F 3919 3782 3920
F 3782 3919 3781
F 3919 3920 4055
F 4054 3919 4055
F 5086 4942 4943
F 5086 4943 5087
F 5086 5085 4941
F 4942 5086 4941
F 5088 5228 5087
F 5228 5088 5229
F 3145 3013 3014
F 3013 3145 3144
F 3014 3013 2894
F 3013 2893 2894
F 3008 2889 3009
F 3008 2888 2889
F 3275 3411 3410
F 3411 3275 3276
F 3276 3275 3143
F 3275 3142 3143
F 4935 4803 4936
F 4803 4935 4802
F 4935 4801 4802
F 4801 4935 4934
F 5080 4935 4936
F 5079 4935 5080
F 4935 5079 5078
F 4934 4935 5078
F 4661 4662 4799
F 4662 4800 4799
F 4801 4662 4663
F 4800 4662 4801
F 4235 4374 4373
F 4374 4235 4236
F 3245 3381 3380
F 3245 3246 3381
F 1620 1569 1621
F 1569 1620 1568
F 1620 1567 1568
F 1567 1620 1619
F 2771 2687 2772
F 2771 2686 2687
F 2874 2771 2875
F 2771 2772 2875
F 2771 2874 2873
F 2770 2771 2873
F 2685 2771 2770
F 2771 2685 2686
F 2617 2685 2684
F 2685 2617 2618
F 2685 2619 2686
F 2619 2685 2618
F 2685 2769 2684
F 2685 2770 2769
F 3123 2992 2993
F 3124 3123 2993
F 3123 2991 2992
F 2991 3123 3122
F 3123 3124 3257
F 3256 3123 3257
F 3123 3255 3122
F 3123 3256 3255
F 3259 3127 3260
F 3127 3259 3126
F 3259 3125 3126
F 3259 3258 3125
F 1416 1491 1490
F 1416 1417 1491
F 1489 1416 1490
F 1416 1489 1415
F 1416 1345 1417
F 1416 1344 1345
F 1344 1416 1343
F 1416 1415 1343
F 621 680 620
F 680 679 620
F 680 621 622
F 681 680 622
F 1192 1265 1264
F 1265 1192 1193
F 1265 1336 1264
F 1265 1337 1336
F 671 733 670
F 671 734 733
F 671 670 611
F 612 671 611
F 735 798 797
F 798 735 736
F 734 735 796
F 735 797 796
F 735 672 673
F 735 673 736
F 4849 4850 4982
F 4850 4983 4982
F 4850 4851 4984
F 4983 4850 4984
F 4429 4569 4428
F 4569 4429 4570
F 4981 4980 4848
F 4980 4847 4848
F 4846 4980 4979
F 4980 4846 4847
F 4285 4424 4423
F 4424 4285 4286
F 4422 4285 4423
F 4284 4285 4422
F 3185 3053 3054
F 3184 3053 3185
F 4402 4263 4264
F 4263 4402 4401
F 4680 4537 4538
F 4537 4680 4679
F 3178 3177 3047
F 3177 3046 3047
F 3177 3178 3311
F 3310 3177 3311
F 3045 3177 3176
F 3177 3045 3046
F 3177 3310 3309
F 3176 3177 3309
F 3996 3997 4131
F 3997 4132 4131
F 3859 3997 3858
F 3997 3996 3858
F 3722 3723 3864
F 3722 3864 3863
F 3862 3722 3863
F 3722 3862 3721
F 3583 3722 3582
F 3722 3721 3582
F 3584 3722 3583
F 3722 3584 3723
F 3449 3584 3448
F 3584 3449 3585
F 3584 3585 3724
F 3723 3584 3724
F 3584 3447 3448
F 3584 3583 3447
F 4410 4409 4271
F 4410 4271 4272
F 4134 3999 4000
F 4135 4134 4000
F 1598 1649 1597
F 1649 1598 1650
F 1688 1649 1689
F 1689 1649 1650
F 3039 3038 2919
F 3038 2918 2919
F 3303 3304 3439
F 3438 3303 3439
F 3171 3303 3170
F 3303 3171 3304
F 3445 3580 3444
F 3581 3580 3445
F 3176 3308 3175
F 3308 3176 3309
F 3308 3307 3174
F 3308 3174 3175
F 3577 3442 3578
F 3442 3577 3441
F 3306 3442 3441
F 3307 3442 3306
F 3042 2921 2922
F 3041 2921 3042
F 2920 2921 3040
F 2921 3041 3040
F 3172 3306 3305
F 3172 3173 3306
F 3304 3172 3305
F 3171 3172 3304
F 3173 3172 3042
F 3172 3041 3042
F 3172 3171 3040
F 3041 3172 3040
F 4279 4417 4416
F 4278 4279 4416
F 3162 3031 3163
F 3031 3032 3163
F 3031 2912 3032
F 2912 3031 2911
F 2910 3031 3030
F 2911 3031 2910
F 1588 1642 1587
F 1642 1641 1587
F 1641 1642 1678
F 1642 1679 1678
F 2917 3038 3037
F 3038 2917 2918
F 3036 2917 3037
F 2917 3036 2916
F 3036 2915 2916
F 2915 3036 3035
F 3035 3036 3166
F 3036 3167 3166
F 7709 7578 7710
F 7578 7709 7577
F 7578 7711 7710
F 7578 7579 7711
F 1177 1108 1178
F 1108 1177 1107
F 1043 1108 1042
F 1108 1107 1042
F 1467 1537 1536
F 1467 1536 1466
F 1392 1467 1466
F 1393 1467 1392
F 1322 1321 1249
F 1250 1322 1249
F 3739 3598 3599
F 3740 3739 3599
F 3739 3738 3597
F 3739 3597 3598
F 3739 3740 3883
F 3882 3739 3883
F 3739 3881 3738
F 3739 3882 3881
F 5620 5768 5619
F 5768 5620 5769
F 5620 5621 5770
F 5769 5620 5770
F 5162 5016 5163
F 5016 5162 5015
F 5763 5613 5614
F 5613 5763 5762
F 5909 5765 5766
F 5909 5766 5910
F 5461 5305 5306
F 5461 5460 5305
F 5307 5461 5306
F 5462 5461 5307
F 6523 6524 6635
F 6524 6636 6635
F 6370 6524 6523
F 6524 6370 6371
F 6372 6524 6371
F 6525 6524 6372
F 7361 7362 7499
F 7361 7499 7498
F 7501 7634 7633
F 7634 7501 7502
F 7501 7365 7502
F 7365 7501 7364
F 7501 7633 7632
F 7500 7501 7632
F 7499 7630 7498
F 7631 7630 7499
F 7630 7631 7757
F 7630 7757 7756
F 7625 7493 7626
F 7626 7493 7494
F 7215 7359 7358
F 7359 7215 7216
F 7215 7357 7214
F 7357 7215 7358
F 7628 7495 7496
F 7495 7628 7627
F 7495 7626 7494
F 7626 7495 7627
F 7359 7495 7358
F 7495 7359 7496
F 7495 7357 7358
F 7357 7495 7494
F 7220 7072 7073
F 7072 7220 7219
F 6928 7072 6927
F 7072 6928 7073
F 7072 6926 6927
F 6926 7072 7071
F 7069 7070 7216
F 7070 7217 7216
F 7070 6926 7071
F 6926 7070 6925
F 6929 6784 6930
F 6784 6929 6783
F 6928 6929 7073
F 7073 6929 7074
F 6782 6929 6928
F 6929 6782 6783
F 6641 6782 6781
F 6782 6641 6642
F 6782 6928 6927
F 6781 6782 6927
F 7363 7501 7500
F 7501 7363 7364
F 7363 7500 7499
F 7362 7363 7499
F 7220 7363 7219
F 7363 7362 7219
F 6784 6643 6644
F 6643 6784 6783
F 6782 6643 6783
F 6643 6782 6642
F 6784 6785 6930
F 6930 6785 6931
F 6785 6786 6932
F 6785 6932 6931
F 6926 6780 6927
F 6780 6781 6927
F 6780 6926 6925
F 6779 6780 6925
F 6527 6638 6526
F 6639 6638 6527
F 6638 6639 6779
F 6778 6638 6779
F 7070 6924 6925
F 6924 7070 7069
F 6924 6923 6777
F 6778 6924 6777
F 6924 6778 6779
F 6924 6779 6925
F 6929 7075 7074
F 7075 6929 6930
F 7076 7075 6931
F 7075 6930 6931
F 7075 7076 7223
F 7222 7075 7223
F 7221 7363 7220
F 7363 7221 7364
F 7221 7075 7222
F 7075 7221 7074
F 7221 7073 7074
F 7221 7220 7073
F 7221 7222 7365
F 7221 7365 7364
F 5167 5319 5318
F 5319 5167 5168
F 5466 5316 5317
F 5316 5466 5465
F 5467 5466 5318
F 5318 5466 5317
F 5775 5920 5919
F 5776 5920 5775
F 5920 6065 5919
F 5920 6066 6065
F 5625 5774 5773
F 5624 5625 5773
F 5625 5467 5468
F 5467 5625 5624
F 5774 5625 5775
F 5625 5626 5775
F 7377 7234 7235
F 7378 7377 7235
F 7377 7515 7514
F 7377 7378 7515
F 7234 7377 7233
F 7377 7376 7233
F 7513 7377 7514
F 7376 7377 7513
F 4994 4859 4860
F 4995 4994 4860
F 4859 4994 4858
F 4994 4993 4858
F 5604 5453 5454
F 5604 5603 5453
F 5457 5458 5607
F 5458 5608 5607
F 5458 5302 5303
F 5458 5457 5302
F 5304 5458 5303
F 5459 5458 5304
F 5609 5458 5459
F 5458 5609 5608
F 5609 5459 5460
F 5609 5460 5610
F 5608 5609 5757
F 5609 5758 5757
F 5759 5609 5610
F 5758 5609 5759
F 6634 6775 6774
F 6775 6634 6635
F 6636 6775 6635
F 6776 6775 6636
F 6775 6776 6922
F 6921 6775 6922
F 6773 6920 6919
F 6920 6773 6774
F 6775 6920 6774
F 6920 6775 6921
F 6062 6061 5916
F 5916 6061 5915
F 5768 5913 5912
F 5913 5768 5769
F 5901 6045 5900
F 6045 6044 5900
F 6193 6045 6194
F 6044 6045 6193
F 6045 5901 5902
F 6046 6045 5902
F 6045 6195 6194
F 6195 6045 6046
F 6047 6195 6046
F 6195 6047 6196
F 6502 6501 6348
F 6349 6502 6348
F 6501 6502 6613
F 6502 6614 6613
F 6753 6754 6899
F 6754 6900 6899
F 6901 6754 6755
F 6754 6901 6900
F 6614 6754 6613
F 6754 6753 6613
F 6050 6198 6049
F 6198 6050 6199
F 6759 6904 6758
F 6904 6759 6905
F 7049 7048 6903
F 6904 7049 6903
F 6901 7046 6900
F 6900 7046 7045
F 7046 6902 7047
F 7046 6901 6902
F 7051 7052 7198
F 7198 7052 7199
F 6912 7058 7057
F 7058 6912 6913
F 6361 6513 6360
F 6513 6361 6514
F 6916 6769 6770
F 6769 6916 6915
F 6914 6769 6915
F 6768 6769 6914
F 6767 6768 6914
F 6767 6914 6913
F 6505 6617 6616
F 6504 6505 6616
F 6618 6759 6758
F 6759 6618 6619
F 6505 6618 6617
F 6618 6505 6506
F 6618 6758 6757
F 6617 6618 6757
F 6353 6198 6354
F 6198 6353 6197
F 6505 6353 6506
F 6353 6505 6352
F 6196 6353 6352
F 6353 6196 6197
F 7205 7347 7204
F 7348 7347 7205
F 6914 7059 6913
F 7059 7058 6913
F 1539 1470 1540
F 1470 1539 1469
F 2520 2569 2568
F 2519 2520 2568
F 2520 2570 2569
F 2520 2521 2570
F 2574 2526 2575
F 2526 2574 2525
F 2574 2524 2525
F 2574 2573 2524
F 2951 3081 2950
F 3081 2951 3082
F 3081 3082 3215
F 3214 3081 3215
F 3483 3484 3622
F 3622 3484 3623
F 3484 3485 3624
F 3623 3484 3624
F 3484 3483 3347
F 3348 3484 3347
F 3485 3484 3349
F 3484 3348 3349
F 3210 3211 3345
F 3211 3346 3345
F 3346 3211 3347
F 3211 3212 3347
F 3080 3214 3213
F 3080 3081 3214
F 3080 2949 2950
F 3081 3080 2950
F 2829 2828 2726
F 2726 2828 2725
F 2828 2829 2949
F 2828 2949 2948
F 4885 4744 4745
F 4884 4744 4885
F 4745 4744 4602
F 4744 4601 4602
F 4457 4600 4456
F 4600 4599 4456
F 4458 4600 4457
F 4601 4600 4458
F 5012 4878 5013
F 4878 5012 4877
F 4739 4878 4738
F 4878 4877 4738
F 4446 4447 4589
F 4447 4590 4589
F 4591 4447 4448
F 4447 4591 4590
F 4595 4451 4452
F 4594 4451 4595
F 4589 4734 4588
F 4588 4734 4733
F 4734 4872 4733
F 4734 4873 4872
F 3344 3208 3209
F 3343 3208 3344
F 3208 3076 3209
F 3076 3208 3075
F 3207 3208 3342
F 3208 3343 3342
F 3075 3208 3074
F 3208 3207 3074
F 3477 3476 3340
F 3341 3477 3340
F 3477 3615 3476
F 3615 3477 3616
F 3476 3615 3475
F 3615 3614 3475
F 3200 3201 3336
F 3200 3336 3335
F 3334 3200 3335
F 3199 3200 3334
F 2934 3066 3065
F 2935 3066 2934
F 3066 3198 3065
F 3066 3199 3198
F 2712 2816 2815
F 2816 2712 2713
F 3203 3069 3070
F 3202 3069 3203
F 3069 3202 3201
F 3069 3201 3068
F 3070 3069 2939
F 3069 2938 2939
F 3743 3744 3886
F 3744 3887 3886
F 4320 4463 4462
F 4463 4320 4321
F 4466 4323 4324
F 4323 4466 4465
F 4186 4323 4185
F 4323 4186 4324
F 4466 4608 4465
F 4608 4466 4609
F 4608 4609 4752
F 4751 4608 4752
F 5024 4750 5025
F 4750 5024 4749
F 4750 4751 5026
F 4750 5026 5025
F 3492 3632 3631
F 3632 3492 3493
F 3494 3632 3493
F 3632 3494 3633
F 3632 3772 3631
F 3632 3773 3772
F 3774 3632 3633
F 3773 3632 3774
F 3753 3892 3891
F 3754 3892 3753
F 3895 3756 3757
F 3756 3895 3894
F 3756 3616 3757
F 3756 3615 3616
F 437 486 436
F 436 486 485
F 486 437 438
F 487 486 438
F 7187 7334 7333
F 7186 7187 7333
F 7334 7187 7335
F 7187 7188 7335
F 7480 7617 7616
F 7479 7480 7616
F 7336 7337 7479
F 7337 7480 7479
F 6328 6480 6327
F 6480 6328 6481
F 6327 6480 6326
F 6480 6479 6326
F 6593 6736 6735
F 6592 6593 6735
F 6479 6593 6478
F 6593 6592 6478
F 6886 6887 7033
F 7033 6887 7034
F 6580 6304 6581
F 6304 6580 6303
F 6304 6582 6581
F 6304 6305 6582
F 6304 6303 6145
F 6146 6304 6145
F 6462 6308 6309
F 6308 6462 6461
F 6463 6462 6310
F 6462 6309 6310
F 6870 6721 6871
F 6870 6720 6721
F 6720 6588 6721
F 6588 6720 6587
F 6588 6463 6464
F 6463 6588 6587
F 6721 6588 6722
F 6588 6589 6722
F 6588 6464 6465
F 6589 6588 6465
F 6719 6869 6868
F 6718 6719 6868
F 6870 6719 6720
F 6719 6870 6869
F 6717 6718 6868
F 6867 6717 6868
F 5715 5714 5568
F 5714 5567 5568
F 7314 7315 7457
F 7315 7458 7457
F 7315 7314 7167
F 7315 7167 7168
F 7169 7315 7168
F 7316 7315 7169
F 7459 7315 7316
F 7315 7459 7458
F 7459 7460 7597
F 7596 7459 7597
F 7459 7596 7595
F 7458 7459 7595
F 7459 7317 7460
F 7459 7316 7317
F 5423 5574 5422
F 5574 5423 5575
F 5574 5722 5721
F 5574 5575 5722
F 5574 5573 5421
F 5574 5421 5422
F 5720 5574 5721
F 5573 5574 5720
F 4419 4281 4282
F 4420 4419 4282
F 4692 4693 4829
F 4693 4830 4829
F 4693 4694 4831
F 4830 4693 4831
F 4695 4552 4553
F 4694 4552 4695
F 4003 4002 3865
F 4002 3864 3865
F 4002 4001 3863
F 3864 4002 3863
F 5424 5270 5425
F 5270 5424 5269
F 5424 5576 5575
F 5423 5424 5575
F 5424 5268 5269
F 5424 5423 5268
F 5417 5261 5262
F 5417 5416 5261
F 5263 5417 5262
F 5417 5263 5418
F 5417 5569 5568
F 5416 5417 5568
F 5570 5417 5418
F 5569 5417 5570
F 3872 3871 3730
F 3731 3872 3730
F 4014 3876 4015
F 4015 3876 3877
F 3876 3875 3734
F 3735 3876 3734
F 4013 3876 4014
F 3875 3876 4013
F 1378 1306 1307
F 1306 1378 1377
F 1378 1307 1308
F 1379 1378 1308
F 1527 1526 1453
F 1526 1452 1453
F 1526 1527 1597
F 1596 1526 1597
F 1452 1526 1451
F 1526 1525 1451
F 1526 1596 1595
F 1525 1526 1595
F 4527 4668 4526
F 4668 4527 4669
F 4951 4818 4952
F 4818 4819 4952
F 3962 3823 3824
F 3823 3962 3961
F 3962 3824 3825
F 3963 3962 3825
F 4099 3965 4100
F 3965 4099 3964
F 4238 4099 4100
F 4099 4238 4237
F 4238 4377 4376
F 4238 4239 4377
F 4101 4238 4100
F 4239 4238 4101
F 3151 3285 3284
F 3285 3151 3152
F 3285 3419 3284
F 3285 3420 3419
F 3421 3558 3557
F 3421 3422 3558
F 3556 3421 3557
F 3420 3421 3556
F 3292 3427 3291
F 3427 3426 3291
F 3559 3422 3423
F 3422 3559 3558
F 3558 3559 3697
F 3559 3698 3697
F 3427 3562 3426
F 3562 3427 3563
F 3025 2905 2906
F 3025 2906 3026
F 3156 3025 3157
F 3157 3025 3026
F 2905 3025 2904
F 3025 3024 2904
F 3025 3156 3155
F 3024 3025 3155
F 3982 4116 3981
F 4116 3982 4117
F 3980 3843 3981
F 3843 3980 3842
F 3841 3980 3979
F 3980 3841 3842
F 4116 3980 3981
F 3980 4116 4115
F 3979 3980 4114
F 3980 4115 4114
F 4113 3978 3979
F 4113 3979 4114
F 4113 4251 4250
F 4112 4113 4250
F 3977 4113 4112
F 4113 3977 3978
F 3977 3838 3839
F 3838 3977 3976
F 3978 3977 3840
F 3977 3839 3840
F 3977 4111 3976
F 3977 4112 4111
F 4118 4255 4117
F 4255 4118 4256
F 4533 4674 4532
F 4674 4533 4675
F 4257 4394 4256
F 4394 4257 4395
F 4394 4255 4256
F 4255 4394 4393
F 4113 4252 4251
F 4252 4113 4114
F 4115 4252 4114
F 4252 4115 4253
F 4251 4252 4389
F 4252 4390 4389
F 4391 4252 4253
F 4390 4252 4391
F 3564 3429 3565
F 3429 3564 3428
F 3427 3564 3563
F 3564 3427 3428
F 3564 3703 3702
F 3564 3702 3563
F 3431 3295 3296
F 3295 3431 3430
F 3161 3295 3294
F 3295 3161 3162
F 3031 3161 3030
F 3161 3031 3162
F 3030 3161 3029
F 3161 3160 3029
F 3293 3429 3428
F 3429 3293 3294
F 3427 3293 3428
F 3293 3427 3292
F 3161 3293 3160
F 3293 3161 3294
F 3293 3292 3159
F 3160 3293 3159
F 4400 4263 4401
F 4263 4400 4262
F 3714 3576 3715
F 3714 3575 3576
F 3437 3303 3438
F 3303 3437 3302
F 3437 3438 3574
F 3573 3437 3574
F 3167 3300 3166
F 3300 3299 3166
F 4400 4261 4262
F 4261 4400 4399
F 4122 4261 4260
F 4261 4122 4123
F 3985 3848 3986
F 3848 3985 3847
F 3848 3706 3707
F 3848 3847 3706
F 3708 3848 3707
F 3848 3708 3849
F 3280 3146 3147
F 3146 3280 3279
F 3280 3147 3148
F 3281 3280 3148
F 3280 3415 3414
F 3280 3414 3279
F 3280 3281 3416
F 3415 3280 3416
F 3413 3278 3414
F 3414 3278 3279
F 3277 3278 3412
F 3278 3413 3412
F 3278 3145 3146
F 3278 3146 3279
F 3278 3277 3144
F 3145 3278 3144
F 760 696 697
F 760 759 696
F 761 760 698
F 698 760 697
F 699 638 639
F 638 699 698
F 639 638 577
F 638 576 577
F 638 698 697
F 637 638 697
F 638 575 576
F 638 637 575
F 744 745 807
F 744 807 806
F 744 681 682
F 745 744 682
F 1493 1420 1494
F 1419 1420 1493
F 1420 1495 1494
F 1495 1420 1421
F 1420 1419 1347
F 1348 1420 1347
F 1420 1349 1421
F 1420 1348 1349
F 1281 1353 1352
F 1282 1353 1281
F 1423 1353 1424
F 1353 1423 1352
F 1424 1353 1425
F 1353 1354 1425
F 1353 1283 1354
F 1283 1353 1282
F 1212 1283 1211
F 1283 1212 1284
F 1211 1283 1210
F 1283 1282 1210
F 1355 1283 1284
F 1354 1283 1355
F 945 1009 944
F 1009 945 1010
F 1009 943 944
F 1009 1008 943
F 1074 1075 1138
F 1075 1139 1138
F 1075 1074 1007
F 1008 1075 1007
F 882 883 948
F 947 882 948
F 881 945 880
F 945 881 946
F 881 947 946
F 881 882 947
F 758 818 757
F 818 758 819
F 883 818 819
F 882 818 883
F 879 816 880
F 816 879 815
F 754 816 815
F 816 754 755
F 634 573 635
F 573 634 572
F 695 634 635
F 694 634 695
F 426 474 425
F 474 473 425
F 475 474 427
F 474 426 427
F 474 475 527
F 526 474 527
F 958 1024 1023
F 1024 958 959
F 957 958 1022
F 1022 958 1023
F 1218 1290 1289
F 1218 1289 1217
F 1146 1218 1217
F 1218 1146 1147
F 1218 1291 1290
F 1218 1219 1291
F 1218 1147 1148
F 1219 1218 1148
F 1080 1013 1014
F 1081 1080 1014
F 5861 5994 5860
F 5994 5861 5995
F 6142 5994 5995
F 5994 6142 6141
F 5860 5994 5859
F 5994 5993 5859
F 5994 6141 6140
F 5993 5994 6140
F 5414 5415 5566
F 5415 5567 5566
F 5415 5416 5568
F 5567 5415 5568
F 5415 5260 5261
F 5416 5415 5261
F 5415 5259 5260
F 5259 5415 5414
F 5259 5258 5117
F 5118 5259 5117
F 5258 5259 5413
F 5259 5414 5413
F 5260 5259 5119
F 5119 5259 5118
F 4689 4825 4688
F 4825 4689 4826
F 5255 5254 5114
F 5254 5113 5114
F 5113 4969 5114
F 4968 4969 5113
F 4825 4687 4688
F 4687 4825 4824
F 4687 4546 4688
F 4546 4687 4545
F 6002 6003 6150
F 6003 6151 6150
F 6307 6148 6149
F 6148 6307 6306
F 6307 6149 6150
F 6308 6307 6150
F 5707 5706 5559
F 5560 5707 5559
F 6845 6696 6846
F 6696 6845 6695
F 6843 6842 6692
F 6693 6843 6692
F 7416 7274 7417
F 7274 7416 7273
F 7274 7275 7418
F 7274 7418 7417
F 7129 7128 6984
F 7128 6983 6984
F 7128 7129 7276
F 7275 7128 7276
F 7689 7815 7814
F 7688 7689 7814
F 7689 7556 7557
F 7556 7689 7688
F 7689 7816 7815
F 7689 7690 7816
F 7558 7689 7557
F 7690 7689 7558
F 5529 5676 5528
F 5676 5675 5528
F 5378 5530 5377
F 5530 5529 5377
F 5530 5378 5379
F 5530 5379 5531
F 5530 5676 5529
F 5676 5530 5677
F 5530 5678 5677
F 5678 5530 5531
F 5532 5678 5531
F 5678 5532 5679
F 5678 5837 5836
F 5677 5678 5836
F 5838 5678 5679
F 5837 5678 5838
F 6274 6275 6433
F 6432 6274 6433
F 6273 6274 6431
F 6274 6432 6431
F 6116 5969 6117
F 5969 6116 5968
F 6275 6116 6117
F 6274 6116 6275
F 5970 6118 6117
F 5969 5970 6117
F 5674 5832 5673
F 5832 5674 5833
F 5967 5832 5833
F 5966 5832 5967
F 6699 6850 6849
F 6699 6700 6850
F 6848 6699 6849
F 6699 6848 6698
F 7592 7724 7723
F 7591 7592 7723
F 7725 7592 7593
F 7724 7592 7725
F 7454 7592 7591
F 7455 7592 7454
F 7592 7456 7593
F 7592 7455 7456
F 6253 6412 6411
F 6412 6253 6254
F 4087 3953 4088
F 3953 4087 3952
F 3814 3813 3672
F 3673 3814 3672
F 3813 3814 3951
F 3814 3952 3951
F 3674 3814 3673
F 3814 3674 3815
F 3814 3953 3952
F 3953 3814 3815
F 3399 3265 3400
F 3265 3399 3264
F 3000 2880 2881
F 3001 3000 2881
F 3541 3681 3680
F 3681 3541 3542
F 3405 3541 3404
F 3541 3540 3404
F 3541 3679 3540
F 3679 3541 3680
F 2785 2784 2700
F 2784 2699 2700
F 2698 2784 2783
F 2784 2698 2699
F 3952 4086 3951
F 4087 4086 3952
F 4086 3950 3951
F 4086 4085 3950
F 4085 4086 4223
F 4086 4224 4223
F 4086 4225 4224
F 4225 4086 4087
F 4225 4226 4364
F 4225 4364 4363
F 4226 4225 4088
F 4225 4087 4088
F 4224 4225 4362
F 4362 4225 4363
F 6264 6423 6422
F 6423 6264 6265
F 6423 6266 6424
F 6266 6423 6265
F 7809 7683 7810
F 7683 7684 7810
F 7683 7808 7682
F 7808 7683 7809
F 7683 7552 7684
F 7683 7551 7552
F 7550 7683 7682
F 7551 7683 7550
F 8031 7915 7916
F 8031 8030 7915
F 7917 8031 7916
F 8032 8031 7917
F 7795 7668 7669
F 7794 7668 7795
F 7668 7537 7669
F 7537 7668 7536
F 7668 7794 7793
F 7667 7668 7793
F 7668 7535 7536
F 7668 7667 7535
F 7658 7659 7784
F 7659 7785 7784
F 7659 7658 7526
F 7527 7659 7526
F 7659 7660 7786
F 7785 7659 7786
F 7528 7659 7527
F 7660 7659 7528
F 6405 6544 6404
F 6544 6405 6545
F 6403 6544 6543
F 6404 6544 6403
F 6406 6248 6249
F 6407 6406 6249
F 6248 6406 6247
F 6406 6405 6247
F 5650 5504 5651
F 5504 5650 5503
F 5650 5502 5503
F 5650 5649 5502
F 7102 7250 7249
F 7103 7250 7102
F 7249 7250 7392
F 7250 7393 7392
F 7250 7103 7104
F 7251 7250 7104
F 7250 7394 7393
F 7250 7251 7394
F 6398 6397 6239
F 6240 6398 6239
F 6398 6241 6399
F 6241 6398 6240
F 6263 6264 6422
F 6421 6263 6422
F 6263 6114 6115
F 6264 6263 6115
F 6262 6263 6420
F 6263 6421 6420
F 6114 6263 6113
F 6263 6262 6113
F 6673 6672 6550
F 6672 6549 6550
F 5797 5796 5638
F 5796 5637 5638
F 5796 5795 5636
F 5637 5796 5636
F 5801 5944 5800
F 5944 5801 5945
F 5801 5800 5641
F 5642 5801 5641
F 5646 5804 5645
F 5804 5646 5805
F 5804 5644 5645
F 5804 5803 5644
F 3509 3510 3648
F 3510 3649 3648
F 3510 3373 3374
F 3373 3510 3509
F 3510 3650 3649
F 3510 3511 3650
F 3375 3510 3374
F 3511 3510 3375
F 7385 7242 7386
F 7242 7243 7386
F 7242 7384 7241
F 7242 7385 7384
F 7094 7242 7241
F 7095 7242 7094
F 7096 7242 7095
F 7242 7096 7243
F 6952 7096 6951
F 7096 6952 7097
F 7243 7096 7244
F 7096 7097 7244
F 7096 6950 6951
F 7096 7095 6950
F 6230 6080 6081
F 6080 6230 6229
F 6081 6080 5935
F 6080 5934 5935
F 6227 6383 6226
F 6383 6227 6384
F 6227 6228 6385
F 6227 6385 6384
F 5629 5630 5789
F 5788 5629 5789
F 5483 5629 5482
F 5629 5483 5630
F 5629 5788 5787
F 5628 5629 5787
F 5629 5481 5482
F 5629 5628 5481
F 5637 5489 5490
F 5489 5637 5636
F 5635 5489 5636
F 5488 5489 5635
F 6944 7090 7089
F 6945 7090 6944
F 7090 7236 7089
F 7236 7090 7237
F 7090 6945 6946
F 7091 7090 6946
F 7090 7238 7237
F 7090 7091 7238
F 7761 7762 7883
F 7761 7883 7882
F 7762 7763 7883
F 7883 7763 7884
F 7763 7885 7884
F 7885 7763 7764
F 7636 7763 7762
F 7763 7636 7637
F 7764 7763 7638
F 7763 7637 7638
F 6939 6940 7085
F 7084 6939 7085
F 6940 6939 6794
F 6794 6939 6793
F 7375 7513 7512
F 7375 7376 7513
F 7511 7375 7512
F 7374 7375 7511
F 7083 6939 7084
F 6939 7083 6938
F 7636 7505 7637
F 7505 7636 7504
F 7505 7506 7638
F 7637 7505 7638
F 7078 7225 7077
F 7077 7225 7224
F 7640 7639 7507
F 7640 7507 7508
F 7640 7509 7641
F 7509 7640 7508
F 7640 7641 7767
F 7766 7640 7767
F 7765 7640 7766
F 7640 7765 7639
F 7765 7885 7764
F 7885 7765 7886
F 7639 7765 7638
F 7765 7764 7638
F 7765 7766 7887
F 7765 7887 7886
F 5626 5627 5775
F 5627 5776 5775
F 5027 5174 5026
F 5026 5174 5173
F 5173 5174 5324
F 5174 5325 5324
F 5174 5027 5028
F 5175 5174 5028
F 5174 5175 5326
F 5325 5174 5326
F 5327 5328 5476
F 5476 5328 5477
F 5328 5478 5477
F 5478 5328 5329
F 5328 5327 5176
F 5177 5328 5176
F 5329 5328 5178
F 5328 5177 5178
F 5922 5779 5923
F 5779 5922 5778
F 5779 5924 5923
F 5779 5780 5924
F 5779 5472 5473
F 5472 5779 5778
F 5779 5474 5780
F 5474 5779 5473
F 5474 5475 5781
F 5780 5474 5781
F 5474 5473 5324
F 5325 5474 5324
F 5475 5474 5326
F 5474 5325 5326
F 6224 6380 6223
F 6381 6380 6224
F 3098 3097 2967
F 3097 2966 2967
F 3097 3098 3231
F 3230 3097 3231
F 2966 3097 2965
F 3097 3096 2965
F 3229 3097 3230
F 3096 3097 3229
F 2965 2844 2845
F 2964 2844 2965
F 2844 2741 2742
F 2844 2742 2845
F 2741 2844 2740
F 2844 2843 2740
F 2844 2963 2843
F 2963 2844 2964
F 2963 3093 2962
F 3093 2963 3094
F 2963 3095 3094
F 2963 2964 3095
F 2963 2962 2842
F 2843 2963 2842
F 3500 3364 3365
F 3501 3500 3365
F 3500 3363 3364
F 3363 3500 3499
F 3500 3638 3499
F 3500 3639 3638
F 3366 3502 3365
F 3502 3501 3365
F 3503 3502 3367
F 3502 3366 3367
F 3642 3502 3503
F 3502 3642 3641
F 3504 3642 3503
F 3642 3504 3643
F 3784 3642 3643
F 3783 3642 3784
F 3642 3783 3782
F 3641 3642 3782
F 3500 3640 3639
F 3640 3500 3501
F 3640 3502 3641
F 3502 3640 3501
F 3639 3640 3780
F 3780 3640 3781
F 3640 3641 3782
F 3640 3782 3781
F 1113 1182 1112
F 1113 1183 1182
F 1047 1113 1112
F 1113 1047 1048
F 1113 1184 1183
F 1113 1114 1184
F 1049 1113 1048
F 1114 1113 1049
F 3495 3634 3633
F 3494 3495 3633
F 3495 3358 3359
F 3495 3494 3358
F 3495 3635 3634
F 3495 3496 3635
F 3360 3495 3359
F 3496 3495 3360
F 3221 3087 3088
F 3220 3087 3221
F 3219 3087 3220
F 3086 3087 3219
F 2834 2955 2954
F 2955 2834 2835
F 2955 3085 2954
F 2955 3086 3085
F 2580 2647 2579
F 2647 2646 2579
F 2647 2580 2581
F 2648 2647 2581
F 3918 4052 3917
F 3918 4053 4052
F 3918 3917 3779
F 3780 3918 3779
F 3918 3919 4054
F 3918 4054 4053
F 3918 3780 3781
F 3919 3918 3781
F 5085 5227 5226
F 5086 5227 5085
F 5227 5383 5226
F 5227 5384 5383
F 5227 5086 5087
F 5228 5227 5087
F 5385 5227 5228
F 5227 5385 5384
F 5385 5538 5537
F 5385 5386 5538
F 5536 5385 5537
F 5384 5385 5536
F 5385 5229 5386
F 5385 5228 5229
F 4375 4238 4376
F 4238 4375 4237
F 4375 4376 4517
F 4516 4375 4517
F 4515 4375 4516
F 4375 4515 4374
F 4375 4374 4236
F 4237 4375 4236
F 2891 3012 3011
F 2892 3012 2891
F 3142 3012 3143
F 3012 3142 3011
F 2893 3012 2892
F 3013 3012 2893
F 3143 3012 3144
F 3012 3013 3144
F 3408 3409 3545
F 3544 3408 3545
F 3244 3379 3378
F 3243 3244 3378
F 3379 3244 3380
F 3244 3245 3380
F 1569 1497 1498
F 1497 1569 1568
F 1497 1567 1496
F 1567 1497 1568
F 3394 3530 3529
F 3393 3394 3529
F 3530 3394 3531
F 3394 3395 3531
F 3258 3394 3393
F 3259 3394 3258
F 3395 3394 3260
F 3394 3259 3260
F 1266 1195 1267
F 1195 1266 1194
F 1337 1266 1338
F 1265 1266 1337
F 1194 1266 1193
F 1266 1265 1193
F 4571 4713 4570
F 4713 4712 4570
F 4714 4713 4572
F 4713 4571 4572
F 4713 4850 4849
F 4712 4713 4849
F 4851 4713 4714
F 4850 4713 4851
F 4710 4711 4847
F 4847 4711 4848
F 4711 4849 4848
F 4711 4712 4849
F 4711 4569 4570
F 4712 4711 4570
F 4711 4568 4569
F 4568 4711 4710
F 4568 4426 4427
F 4426 4568 4567
F 4567 4568 4709
F 4568 4710 4709
F 4428 4568 4427
F 4569 4568 4428
F 4147 4013 4148
F 4013 4147 4012
F 4286 4147 4148
F 4285 4147 4286
F 3052 3184 3183
F 3052 3053 3184
F 3051 3052 3182
F 3052 3183 3182
F 4536 4537 4679
F 4678 4536 4679
F 4959 5105 5104
F 5105 4959 4960
F 4133 4270 4132
F 4270 4133 4271
F 4271 4133 4272
F 4133 4134 4272
F 1383 1382 1311
F 1312 1383 1311
F 1383 1454 1382
F 1454 1383 1455
F 3168 3300 3167
F 3300 3168 3301
F 3168 3036 3037
F 3036 3168 3167
F 3719 3859 3718
F 3859 3719 3860
F 3579 3719 3718
F 3580 3719 3579
F 3444 3443 3309
F 3443 3308 3309
F 3580 3443 3444
F 3443 3580 3579
F 3308 3443 3307
F 3443 3442 3307
F 3443 3579 3578
F 3442 3443 3578
F 4141 4005 4006
F 4005 4141 4140
F 4141 4278 4140
F 4141 4279 4278
F 4403 4543 4402
F 4543 4403 4544
F 7298 7441 7297
F 7441 7440 7297
F 7440 7441 7577
F 7441 7578 7577
F 1179 1180 1251
F 1180 1252 1251
F 1180 1110 1111
F 1181 1180 1111
F 1180 1109 1110
F 1109 1180 1179
F 1110 1109 1045
F 1109 1044 1045
F 1109 1179 1178
F 1108 1109 1178
F 1109 1043 1044
F 1109 1108 1043
F 1539 1468 1469
F 1468 1539 1538
F 1467 1468 1537
F 1537 1468 1538
F 1323 1252 1324
F 1252 1323 1251
F 1323 1250 1251
F 1323 1322 1250
F 5316 5464 5315
F 5464 5316 5465
F 5917 5772 5773
F 5772 5917 5916
F 5772 5916 5915
F 5771 5772 5915
F 5622 5464 5465
F 5464 5622 5621
F 5621 5622 5770
F 5622 5771 5770
F 5161 5160 5013
F 5014 5161 5013
F 5162 5161 5015
F 5161 5014 5015
F 5909 5764 5765
F 5764 5909 5908
F 5764 5615 5616
F 5765 5764 5616
F 5764 5763 5614
F 5764 5614 5615
F 5611 5462 5612
F 5611 5461 5462
F 5461 5611 5460
F 5460 5611 5610
F 5611 5759 5610
F 5611 5760 5759
F 5611 5761 5760
F 5761 5611 5612
F 5613 5761 5612
F 5761 5613 5762
F 5761 5905 5904
F 5760 5761 5904
F 7072 7218 7071
F 7218 7072 7219
F 7218 7070 7071
F 7070 7218 7217
F 7362 7218 7219
F 7361 7218 7362
F 7630 7497 7498
F 7497 7630 7629
F 7497 7628 7496
F 7628 7497 7629
F 7492 7354 7355
F 7354 7492 7491
F 7492 7493 7625
F 7492 7625 7624
F 7350 7351 7487
F 7487 7351 7488
F 7492 7356 7493
F 7356 7492 7355
F 7356 7355 7212
F 7213 7356 7212
F 7493 7356 7494
F 7356 7357 7494
F 7356 7213 7214
F 7357 7356 7214
F 6924 7068 6923
F 7068 6924 7069
F 6923 7068 6922
F 7068 7067 6922
F 7067 7068 7214
F 7068 7215 7214
F 7215 7068 7216
F 7068 7069 7216
F 6531 6379 6532
F 6379 6531 6378
F 6530 6531 6642
F 6531 6643 6642
F 6643 6531 6644
F 6531 6532 6644
F 6532 6645 6644
F 6533 6645 6532
F 6786 6645 6646
F 6785 6645 6786
F 6645 6784 6644
F 6645 6785 6784
F 6534 6645 6533
F 6645 6534 6646
F 6534 6647 6646
F 6534 6535 6647
F 6528 6640 6527
F 6640 6639 6527
F 6641 6640 6529
F 6640 6528 6529
F 6639 6640 6779
F 6640 6780 6779
F 6640 6641 6781
F 6780 6640 6781
F 6524 6637 6636
F 6637 6524 6525
F 6776 6637 6777
F 6637 6776 6636
F 6637 6525 6526
F 6638 6637 6526
F 6637 6638 6778
F 6637 6778 6777
F 5020 5019 4884
F 5020 4884 4885
F 5020 4886 5021
F 4886 5020 4885
F 5020 5021 5168
F 5167 5020 5168
F 5166 5020 5167
F 5020 5166 5019
F 5166 5316 5165
F 5316 5166 5317
F 5166 5165 5018
F 5019 5166 5018
F 5166 5167 5318
F 5166 5318 5317
F 6375 6376 6528
F 6528 6376 6529
F 6068 5921 5922
F 5921 6068 6067
F 5922 5921 5778
F 5778 5921 5777
F 5920 5921 6066
F 6066 5921 6067
F 5921 5920 5776
F 5921 5776 5777
F 5291 5141 5292
F 5140 5141 5291
F 5141 5293 5292
F 5293 5141 5142
F 4993 5141 5140
F 4994 5141 4993
F 5141 4995 5142
F 5141 4994 4995
F 5608 5756 5607
F 5756 5608 5757
F 5756 5606 5607
F 5756 5755 5606
F 6513 6359 6360
F 6359 6513 6512
F 6359 6202 6203
F 6202 6359 6358
F 6202 6052 6053
F 6052 6202 6201
F 6202 6053 6054
F 6203 6202 6054
F 7211 7065 7212
F 7064 7065 7211
F 7213 7065 7066
F 7065 7213 7212
F 7065 7064 6919
F 6920 7065 6919
F 7065 6921 7066
F 7065 6920 6921
F 6061 5914 5915
F 5914 6061 6060
F 5771 5914 5770
F 5914 5771 5915
F 5914 5769 5770
F 5914 5913 5769
F 6505 6351 6352
F 6351 6505 6504
F 6351 6350 6194
F 6195 6351 6194
F 6351 6196 6352
F 6351 6195 6196
F 5903 6046 5902
F 5903 6047 6046
F 6198 6048 6049
F 6048 6198 6197
F 6047 6048 6196
F 6196 6048 6197
F 6756 6615 6616
F 6615 6756 6755
F 6754 6615 6755
F 6615 6754 6614
F 6357 6202 6358
F 6202 6357 6201
F 6618 6507 6619
F 6507 6618 6506
F 6507 6353 6354
F 6353 6507 6506
F 6620 6759 6619
F 6759 6620 6760
F 7050 7051 7198
F 7197 7050 7198
F 7050 7197 7196
F 7049 7050 7196
F 7050 6904 6905
F 7050 7049 6904
F 7347 7203 7204
F 7203 7347 7346
F 6362 6205 6206
F 6205 6362 6361
F 6912 6766 6913
F 6766 6767 6913
F 7351 7207 7208
F 7207 7351 7350
F 6210 6211 6366
F 6211 6367 6366
F 6367 6211 6368
F 6211 6212 6368
F 2488 2489 2519
F 2489 2520 2519
F 2521 2489 2490
F 2520 2489 2521
F 2489 2488 2475
F 2476 2489 2475
F 2640 2641 2725
F 2641 2726 2725
F 2641 2642 2727
F 2726 2641 2727
F 2573 2641 2640
F 2574 2641 2573
F 2642 2641 2575
F 2641 2574 2575
F 2725 2827 2724
F 2828 2827 2725
F 2947 2827 2948
F 2827 2828 2948
F 2946 3078 3077
F 2947 3078 2946
F 3078 3210 3077
F 3078 3211 3210
F 4743 4884 4883
F 4743 4744 4884
F 4882 4743 4883
F 4743 4882 4742
F 4744 4743 4601
F 4743 4600 4601
F 4600 4743 4599
F 4599 4743 4742
F 4879 4740 4741
F 4880 4879 4741
F 4879 4880 5015
F 5014 4879 5015
F 4740 4879 4739
F 4879 4878 4739
F 4879 5014 5013
F 4878 4879 5013
F 4028 4167 4166
F 4167 4028 4029
F 4877 4737 4738
F 4876 4737 4877
F 4875 4737 4876
F 4737 4875 4736
F 4172 4171 4034
F 4171 4033 4034
F 4735 4875 4874
F 4875 4735 4736
F 4591 4735 4590
F 4735 4591 4736
F 4873 4735 4874
F 4734 4735 4873
F 4590 4735 4589
F 4735 4734 4589
F 3617 3478 3618
F 3618 3478 3479
F 3478 3343 3479
F 3343 3478 3342
F 3478 3617 3616
F 3477 3478 3616
F 3478 3341 3342
F 3478 3477 3341
F 3200 3067 3201
F 3201 3067 3068
F 3067 3200 3199
F 3066 3067 3199
F 2937 3069 3068
F 3069 2937 2938
F 3464 3603 3463
F 3603 3602 3463
F 3465 3603 3464
F 3604 3603 3465
F 3603 3743 3602
F 3603 3744 3743
F 3603 3604 3745
F 3744 3603 3745
F 3761 3760 3619
F 3620 3761 3619
F 3760 3761 3898
F 3761 3899 3898
F 3764 3901 3763
F 3901 3764 3902
F 4323 4184 4185
F 4184 4323 4322
F 4467 4468 4611
F 4610 4467 4611
F 4467 4610 4609
F 4466 4467 4609
F 4607 4608 4751
F 4750 4607 4751
F 3903 3764 3765
F 3764 3903 3902
F 3766 3903 3765
F 3904 3903 3766
F 7482 7481 7339
F 7481 7338 7339
F 7481 7482 7619
F 7618 7481 7619
F 7337 7481 7480
F 7481 7337 7338
F 7481 7618 7617
F 7480 7481 7617
F 6598 6483 6484
F 6598 6597 6483
F 6740 6891 6890
F 6740 6741 6891
F 6594 6480 6481
F 6595 6594 6481
F 6480 6594 6479
F 6594 6593 6479
F 6888 6889 7036
F 7035 6888 7036
F 6887 6888 7034
F 6888 7035 7034
F 6149 6000 6001
F 6148 6000 6149
F 6147 6304 6146
F 6304 6147 6305
F 6147 5998 5999
F 6147 6146 5998
F 6305 6147 6306
F 6147 6148 6306
F 6147 6000 6148
F 6000 6147 5999
F 6462 6586 6461
F 6586 6585 6461
F 6586 6462 6463
F 6586 6463 6587
F 6586 6719 6718
F 6585 6586 6718
F 6720 6586 6587
F 6719 6586 6720
F 6584 6716 6583
F 6584 6717 6716
F 6717 6584 6718
F 6584 6585 6718
F 6306 6584 6583
F 6307 6584 6306
F 5713 5873 5872
F 5713 5872 5712
F 5566 5713 5565
F 5565 5713 5712
F 5873 5713 5874
F 5713 5714 5874
F 5567 5713 5566
F 5714 5713 5567
F 4559 4700 4558
F 4559 4701 4700
F 4551 4692 4550
F 4551 4693 4692
F 4409 4551 4550
F 4410 4551 4409
F 4693 4551 4694
F 4551 4552 4694
F 4551 4410 4411
F 4552 4551 4411
F 4274 4137 4275
F 4137 4274 4136
F 4276 4137 4138
F 4275 4137 4276
F 4001 4137 4136
F 4002 4137 4001
F 4137 4003 4138
F 4137 4002 4003
F 4552 4412 4553
F 4412 4552 4411
F 4412 4413 4554
F 4553 4412 4554
F 4412 4275 4413
F 4412 4274 4275
F 4412 4273 4274
F 4273 4412 4411
F 4273 4410 4272
F 4410 4273 4411
F 4273 4134 4135
F 4134 4273 4272
F 4273 4135 4136
F 4274 4273 4136
F 3874 4013 4012
F 3874 3875 4013
F 4144 4010 4145
F 4009 4010 4144
F 4010 4009 3871
F 3872 4010 3871
F 1684 1685 1706
F 1685 1707 1706
F 1450 1525 1524
F 1525 1450 1451
F 1450 1379 1451
F 1450 1378 1379
F 1450 1449 1377
F 1378 1450 1377
F 5235 5234 5094
F 5234 5093 5094
F 5392 5234 5235
F 5234 5392 5391
F 4526 4667 4525
F 4668 4667 4526
F 4672 4671 4530
F 4530 4671 4529
F 3960 4096 4095
F 4096 3960 3961
F 4098 4099 4237
F 4098 4237 4236
F 4098 3963 3964
F 4099 4098 3964
F 4666 4524 4525
F 4667 4666 4525
F 3153 3286 3152
F 3286 3285 3152
F 3286 3153 3154
F 3287 3286 3154
F 3285 3286 3420
F 3286 3421 3420
F 3422 3286 3287
F 3421 3286 3422
F 3698 3699 3839
F 3839 3699 3840
F 3699 3841 3840
F 3699 3700 3841
F 3843 3701 3702
F 3701 3843 3842
F 3700 3701 3841
F 3841 3701 3842
F 3701 3562 3563
F 3702 3701 3563
F 4391 4392 4532
F 4392 4533 4532
F 4392 4534 4533
F 4534 4392 4393
F 4533 4534 4675
F 4534 4676 4675
F 3982 3845 3983
F 3845 3982 3844
F 4536 4396 4537
F 4396 4536 4395
F 4537 4396 4538
F 4396 4397 4538
F 4398 4261 4399
F 4261 4398 4260
F 3567 3705 3566
F 3705 3567 3706
F 3706 3567 3707
F 3567 3568 3707
F 3567 3566 3430
F 3431 3567 3430
F 3299 3298 3166
F 3298 3165 3166
F 3300 3434 3299
F 3434 3300 3435
F 3434 3571 3570
F 3571 3434 3435
F 3434 3298 3299
F 3298 3434 3433
F 3300 3436 3435
F 3436 3300 3301
F 3436 3571 3435
F 3571 3436 3572
F 3436 3437 3573
F 3436 3573 3572
F 3437 3436 3302
F 3302 3436 3301
F 3987 3848 3849
F 3848 3987 3986
F 4123 3987 3988
F 4122 3987 4123
F 3856 3855 3715
F 3855 3714 3715
F 3850 3987 3849
F 3987 3850 3988
F 3434 3569 3433
F 3569 3434 3570
F 3568 3569 3707
F 3569 3708 3707
F 884 821 885
F 820 821 884
F 885 821 886
F 821 822 886
F 821 820 759
F 760 821 759
F 821 761 822
F 821 760 761
F 679 743 742
F 680 743 679
F 743 805 804
F 742 743 804
F 743 680 681
F 744 743 681
F 743 744 806
F 805 743 806
F 1077 1076 1010
F 1076 1009 1010
F 1076 1077 1141
F 1140 1076 1141
F 1009 1076 1008
F 1076 1075 1008
F 1076 1140 1139
F 1075 1076 1139
F 817 755 756
F 817 816 755
F 818 817 757
F 757 817 756
F 817 881 880
F 816 817 880
F 572 633 571
F 634 633 572
F 642 641 579
F 580 642 579
F 642 701 641
F 701 642 702
F 642 580 581
F 643 642 581
F 701 765 764
F 765 701 702
F 828 829 893
F 892 828 893
F 954 890 955
F 890 954 889
F 1015 949 950
F 949 1015 1014
F 1016 951 952
F 1017 1016 952
F 1083 1016 1084
F 1084 1016 1017
F 1144 1215 1214
F 1143 1144 1214
F 1216 1144 1145
F 1215 1144 1216
F 1144 1080 1081
F 1144 1081 1145
F 1144 1079 1080
F 1079 1144 1143
F 1079 1011 1012
F 1011 1079 1078
F 1079 1142 1078
F 1079 1143 1142
F 1013 1079 1012
F 1080 1079 1013
F 5253 5409 5408
F 5252 5253 5408
F 5253 5111 5112
F 5111 5253 5252
F 5254 5253 5113
F 5113 5253 5112
F 4690 4547 4548
F 4689 4547 4690
F 4547 4407 4548
F 4407 4547 4406
F 4547 4689 4688
F 4546 4547 4688
F 4406 4547 4405
F 4547 4546 4405
F 5710 5869 5709
F 5870 5869 5710
F 5869 6002 5868
F 5869 6003 6002
F 5869 6004 6003
F 6004 5869 5870
F 6004 6153 6152
F 6153 6004 6005
F 6004 5871 6005
F 6004 5870 5871
F 6151 6004 6152
F 6003 6004 6151
F 5708 5560 5561
F 5708 5707 5560
F 5708 5562 5709
F 5708 5561 5562
F 7135 6991 7136
F 6990 6991 7135
F 7137 6991 6992
F 6991 7137 7136
F 6992 6991 6846
F 6991 6845 6846
F 6991 6844 6845
F 6844 6991 6990
F 6845 6844 6695
F 6844 6694 6695
F 6844 6843 6693
F 6694 6844 6693
F 6844 6989 6843
F 6989 6844 6990
F 6989 7133 6988
F 6989 7134 7133
F 6989 7135 7134
F 6989 6990 7135
F 6842 6989 6988
F 6843 6989 6842
F 7126 7127 7273
F 7127 7274 7273
F 6982 7127 6981
F 7127 7126 6981
F 7274 7127 7275
F 7127 7128 7275
F 6983 7127 6982
F 7128 7127 6983
F 5834 5835 5968
F 5835 5969 5968
F 5835 5970 5969
F 5970 5835 5836
F 5835 5834 5675
F 5676 5835 5675
F 5835 5677 5836
F 5835 5676 5677
F 5971 5838 5972
F 5971 5837 5838
F 6119 5971 6120
F 6120 5971 5972
F 5837 5971 5836
F 5971 5970 5836
F 6118 5971 6119
F 5970 5971 6118
F 5964 5831 5965
F 5831 5964 5830
F 5831 5671 5672
F 5831 5830 5671
F 5831 5966 5965
F 5831 5832 5966
F 5673 5831 5672
F 5832 5831 5673
F 6553 6413 6554
F 6554 6413 6414
F 6414 6413 6256
F 6413 6255 6256
F 6255 6413 6254
F 6413 6412 6254
F 6413 6552 6412
F 6552 6413 6553
F 6551 6552 6674
F 6552 6675 6674
F 6411 6552 6551
F 6412 6552 6411
F 3398 3533 3397
F 3398 3534 3533
F 3262 3398 3397
F 3263 3398 3262
F 3399 3398 3264
F 3398 3263 3264
F 3535 3398 3399
F 3398 3535 3534
F 3534 3535 3673
F 3535 3674 3673
F 3535 3399 3400
F 3535 3400 3536
F 4088 3954 4089
F 3953 3954 4088
F 3535 3675 3674
F 3675 3535 3536
F 3268 3136 3269
F 3136 3268 3135
F 2998 2999 3129
F 2999 3130 3129
F 2999 2998 2878
F 2879 2999 2878
F 2999 2879 2880
F 3000 2999 2880
F 3131 2999 3000
F 2999 3131 3130
F 3131 3265 3264
F 3265 3131 3132
F 3130 3131 3263
F 3263 3131 3264
F 3131 3000 3001
F 3131 3001 3132
F 3005 3136 3135
F 3004 3005 3135
F 3003 2884 3004
F 2884 3003 2883
F 2781 2884 2780
F 2780 2884 2883
F 3005 2884 2885
F 2884 3005 3004
F 2782 2884 2781
F 2884 2782 2885
F 6556 6555 6416
F 6416 6555 6415
F 6555 6414 6415
F 6555 6554 6414
F 8135 8134 8030
F 8031 8135 8030
F 8135 8032 8136
F 8135 8031 8032
F 5809 5651 5810
F 5809 5650 5651
F 5940 6086 6085
F 5939 5940 6085
F 6086 5940 6087
F 6087 5940 5941
F 5940 5939 5795
F 5796 5940 5795
F 5940 5797 5941
F 5940 5796 5797
F 5802 5643 5644
F 5803 5802 5644
F 5643 5802 5642
F 5802 5801 5642
F 5945 5802 5946
F 5801 5802 5945
F 5948 5949 6095
F 6094 5948 6095
F 5948 5805 5949
F 5948 5804 5805
F 6228 6079 6229
F 6079 6080 6229
F 5340 5188 5189
F 5340 5339 5188
F 5340 5190 5341
F 5190 5340 5189
F 5339 5340 5488
F 5340 5489 5488
F 5490 5340 5341
F 5489 5340 5490
F 6798 6657 6658
F 6657 6798 6797
F 6657 6796 6656
F 6796 6657 6797
F 7634 7635 7760
F 7635 7761 7760
F 7503 7635 7502
F 7635 7634 7502
F 7761 7635 7762
F 7635 7636 7762
F 7635 7503 7504
F 7636 7635 7504
F 6226 6382 6225
F 6383 6382 6226
F 6382 6224 6225
F 6382 6381 6224
F 7232 7084 7085
F 7232 7231 7084
F 7232 7086 7233
F 7086 7232 7085
F 7232 7375 7374
F 7232 7374 7231
F 7376 7232 7233
F 7375 7232 7376
F 7081 7082 7228
F 7082 7229 7228
F 7082 6936 6937
F 6936 7082 7081
F 7083 7082 6938
F 7082 6937 6938
F 7230 7082 7083
F 7082 7230 7229
F 7230 7374 7373
F 7374 7230 7231
F 7372 7230 7373
F 7229 7230 7372
F 7230 7083 7084
F 7231 7230 7084
F 6653 6654 6794
F 6653 6794 6793
F 6791 6792 6937
F 6937 6792 6938
F 6939 6792 6793
F 6792 6939 6938
F 6651 6792 6791
F 6652 6792 6651
F 6792 6653 6793
F 6653 6792 6652
F 7367 7368 7504
F 7368 7505 7504
F 7506 7368 7369
F 7505 7368 7506
F 7368 7367 7224
F 7225 7368 7224
F 7226 7368 7225
F 7368 7226 7369
F 5319 5469 5468
F 5469 5319 5320
F 5469 5625 5468
F 5625 5469 5626
F 2956 2957 3088
F 3087 2956 3088
F 2957 2956 2837
F 2837 2956 2836
F 2956 3087 3086
F 2955 2956 3086
F 2956 2955 2835
F 2956 2835 2836
F 2732 2834 2731
F 2834 2732 2835
F 2646 2732 2731
F 2647 2732 2646
F 1544 1475 1545
F 1475 1544 1474
F 1544 1473 1474
F 1544 1543 1473
F 3141 3010 3011
F 3142 3141 3011
F 3010 3141 3009
F 3141 3140 3009
F 3139 3008 3009
F 3140 3139 3009
F 4374 4514 4373
F 4515 4514 4374
F 4372 4235 4373
F 4235 4372 4234
F 3113 3112 2982
F 3112 2981 2982
F 3246 3112 3113
F 3245 3112 3246
F 4010 4146 4145
F 4146 4010 4011
F 4146 4283 4145
F 4146 4284 4283
F 4147 4146 4012
F 4146 4011 4012
F 4146 4285 4284
F 4146 4147 4285
F 4265 4402 4264
F 4265 4403 4402
F 5402 5246 5403
F 5245 5246 5402
F 5246 5245 5104
F 5105 5246 5104
F 3998 3997 3859
F 3998 3859 3860
F 3999 3998 3861
F 3998 3860 3861
F 3997 3998 4132
F 3998 4133 4132
F 4134 3998 3999
F 4133 3998 4134
F 3169 3039 3170
F 3169 3038 3039
F 3303 3169 3170
F 3169 3303 3302
F 3038 3169 3037
F 3169 3168 3037
F 3169 3302 3301
F 3168 3169 3301
F 3720 3581 3582
F 3721 3720 3582
F 3720 3862 3861
F 3862 3720 3721
F 3720 3580 3581
F 3720 3719 3580
F 3719 3720 3860
F 3860 3720 3861
F 5249 5248 5107
F 5108 5249 5107
F 4967 4968 5113
F 4967 5113 5112
F 4686 4543 4544
F 4543 4686 4685
F 4687 4686 4545
F 4545 4686 4544
F 3032 3033 3163
F 3033 3164 3163
F 2912 3033 3032
F 2913 3033 2912
F 7580 7442 7443
F 7579 7442 7580
F 7442 7299 7300
F 7443 7442 7300
F 7578 7442 7579
F 7441 7442 7578
F 7299 7442 7298
F 7442 7441 7298
F 1394 1393 1321
F 1322 1394 1321
F 1394 1467 1393
F 1394 1468 1467
F 5623 5624 5773
F 5772 5623 5773
F 5623 5466 5467
F 5623 5467 5624
F 5623 5772 5771
F 5622 5623 5771
F 5466 5623 5465
F 5623 5622 5465
F 5311 5312 5617
F 5312 5618 5617
F 5160 5312 5311
F 5161 5312 5160
F 6204 6359 6203
F 6359 6204 6360
F 6204 6203 6054
F 6055 6204 6054
F 6204 6055 6056
F 6205 6204 6056
F 6204 6361 6360
F 6204 6205 6361
F 5764 5907 5763
F 5907 5764 5908
F 7218 7360 7217
F 7360 7218 7361
F 7360 7359 7216
F 7217 7360 7216
F 7360 7361 7498
F 7497 7360 7498
F 7359 7360 7496
F 7360 7497 7496
F 7062 7209 7061
F 7209 7208 7061
F 6070 6218 6069
F 6219 6218 6070
F 6218 6068 6069
F 6068 6218 6217
F 6072 5927 6073
F 5927 6072 5926
F 5455 5605 5454
F 5605 5604 5454
F 5605 5455 5456
F 5606 5605 5456
F 5605 5753 5604
F 5753 5605 5754
F 5755 5605 5606
F 5754 5605 5755
F 6059 5914 6060
F 5914 6059 5913
F 6503 6349 6350
F 6503 6502 6349
F 6503 6351 6504
F 6351 6503 6350
F 6502 6503 6614
F 6503 6615 6614
F 6503 6504 6616
F 6615 6503 6616
F 6200 6052 6201
F 6052 6200 6051
F 6050 6200 6199
F 6200 6050 6051
F 6355 6198 6199
F 6198 6355 6354
F 7201 7202 7344
F 7202 7345 7344
F 7202 7203 7346
F 7345 7202 7346
F 7202 7056 7203
F 7056 7202 7055
F 7056 7057 7204
F 7203 7056 7204
F 7056 6912 7057
F 7056 6911 6912
F 6627 6766 6626
F 6766 6627 6767
F 7060 6914 6915
F 7060 7059 6914
F 6916 7060 6915
F 7060 6916 7061
F 7208 7060 7061
F 7207 7060 7208
F 7206 7060 7207
F 7060 7206 7059
F 7206 7348 7205
F 7348 7206 7349
F 7058 7206 7205
F 7059 7206 7058
F 7206 7207 7350
F 7206 7350 7349
F 2826 2945 2825
F 2826 2946 2945
F 2723 2826 2722
F 2722 2826 2825
F 2826 2947 2946
F 2826 2827 2947
F 2826 2723 2724
F 2827 2826 2724
F 3212 3079 3213
F 3079 3080 3213
F 3080 3079 2949
F 2949 3079 2948
F 3211 3079 3212
F 3078 3079 3211
F 3079 2947 2948
F 3079 3078 2947
F 4169 4168 4031
F 4031 4168 4030
F 4168 4167 4029
F 4168 4029 4030
F 4593 4451 4594
F 4451 4593 4450
F 4593 4594 4738
F 4737 4593 4738
F 4170 4169 4031
F 4170 4031 4032
F 4171 4170 4033
F 4033 4170 4032
F 4309 4310 4452
F 4451 4309 4452
F 4309 4172 4310
F 4309 4171 4172
F 4170 4309 4308
F 4309 4450 4308
F 2936 3066 2935
F 2936 3067 3066
F 2936 2935 2815
F 2816 2936 2815
F 3067 2936 3068
F 2936 2937 3068
F 2936 2817 2937
F 2817 2936 2816
F 2817 2714 2715
F 2818 2817 2715
F 2714 2817 2713
F 2817 2816 2713
F 2938 2817 2818
F 2937 2817 2938
F 3622 3762 3621
F 3763 3762 3622
F 3762 3620 3621
F 3762 3761 3620
F 4183 4320 4182
F 4320 4183 4321
F 4183 4184 4322
F 4183 4322 4321
F 4186 4325 4324
F 4325 4186 4187
F 4326 4325 4188
F 4188 4325 4187
F 4325 4466 4324
F 4325 4467 4466
F 4325 4326 4468
F 4467 4325 4468
F 4462 4606 4605
F 4463 4606 4462
F 4605 4606 4748
F 4748 4606 4749
F 4606 4750 4749
F 4606 4607 4750
F 4606 4464 4607
F 4464 4606 4463
F 4464 4323 4465
F 4323 4464 4322
F 4464 4463 4321
F 4322 4464 4321
F 4608 4464 4465
F 4607 4464 4608
F 6889 6739 6890
F 6739 6740 6890
F 6483 6596 6482
F 6597 6596 6483
F 6740 6596 6741
F 6596 6597 6741
F 6596 6481 6482
F 6596 6595 6481
F 6888 6738 6889
F 6738 6739 6889
F 5708 5866 5707
F 5866 5708 5867
F 5706 5866 5865
F 5707 5866 5706
F 5866 5867 6001
F 6000 5866 6001
F 5865 5866 5999
F 5866 6000 5999
F 4560 4420 4561
F 4560 4419 4420
F 4560 4561 4703
F 4702 4560 4703
F 4701 4560 4702
F 4559 4560 4701
F 4418 4560 4559
F 4560 4418 4419
F 4417 4418 4558
F 4418 4559 4558
F 4419 4418 4281
F 4418 4280 4281
F 4279 4418 4417
F 4280 4418 4279
F 4007 4142 4006
F 4142 4141 4006
F 4143 4142 4008
F 4142 4007 4008
F 4141 4142 4279
F 4142 4280 4279
F 4142 4143 4281
F 4280 4142 4281
F 3733 3594 3595
F 3733 3595 3734
F 3875 3733 3734
F 3874 3733 3875
F 1685 1686 1707
F 1707 1686 1708
F 4670 4528 4529
F 4671 4670 4529
F 4670 4527 4528
F 4527 4670 4669
F 3962 4097 3961
F 4097 4096 3961
F 4097 4235 4234
F 4096 4097 4234
F 4097 3962 3963
F 4098 4097 3963
F 4235 4097 4236
F 4097 4098 4236
F 3424 3288 3289
F 3288 3424 3423
F 4254 4116 4117
F 4255 4254 4117
F 4116 4254 4115
F 4115 4254 4253
F 4254 4255 4393
F 4392 4254 4393
F 4254 4391 4253
F 4254 4392 4391
F 4535 4394 4395
F 4536 4535 4395
F 4535 4536 4678
F 4535 4678 4677
F 4394 4535 4393
F 4535 4534 4393
F 4534 4535 4676
F 4676 4535 4677
F 3847 3846 3706
F 3846 3705 3706
F 3985 3846 3847
F 3846 3985 3984
F 3983 3846 3984
F 3845 3846 3983
F 3704 3846 3845
F 3846 3704 3705
F 3704 3564 3565
F 3564 3704 3703
F 3566 3704 3565
F 3705 3704 3566
F 3703 3704 3844
F 3704 3845 3844
F 3984 4120 4119
F 3985 4120 3984
F 4539 4680 4538
F 4539 4681 4680
F 4397 4539 4538
F 4398 4539 4397
F 3297 3296 3163
F 3164 3297 3163
F 3298 3297 3165
F 3165 3297 3164
F 4129 3993 3994
F 4128 3993 4129
F 3993 3856 3994
F 3993 3855 3856
F 3710 3711 3852
F 3710 3852 3851
F 3710 3571 3572
F 3711 3710 3572
F 3573 3712 3572
F 3712 3711 3572
F 754 692 755
F 692 754 691
F 525 582 524
F 582 581 524
F 831 769 770
F 830 769 831
F 645 583 584
F 646 645 584
F 766 826 765
F 826 766 827
F 891 828 892
F 828 891 827
F 891 957 956
F 891 892 957
F 891 826 827
F 826 891 890
F 891 956 955
F 890 891 955
F 1082 1083 1147
F 1146 1082 1147
F 1082 1146 1145
F 1081 1082 1145
F 1082 1016 1083
F 1016 1082 1015
F 1082 1081 1014
F 1015 1082 1014
F 3816 3955 3954
F 3955 3816 3817
F 3816 3953 3815
F 3816 3954 3953
F 3674 3816 3815
F 3675 3816 3674
F 3540 3403 3404
F 3403 3540 3539
F 3403 3269 3404
F 3403 3268 3269
F 3002 3001 2881
F 2882 3002 2881
F 3002 2882 2883
F 3003 3002 2883
F 4094 3958 3959
F 3958 4094 4093
F 2697 2781 2696
F 2697 2782 2781
F 2697 2698 2783
F 2782 2697 2783
F 3269 3137 3270
F 3136 3137 3269
F 6405 6546 6545
F 6406 6546 6405
F 6546 6407 6547
F 6546 6406 6407
F 5648 5808 5807
F 5649 5808 5648
F 5951 5808 5952
F 5808 5951 5807
F 5650 5808 5649
F 5809 5808 5650
F 5808 5953 5952
F 5808 5809 5953
F 5947 5802 5803
F 5802 5947 5946
F 5947 6092 5946
F 5947 6093 6092
F 5804 5947 5803
F 5948 5947 5804
F 5947 6094 6093
F 5947 5948 6094
F 5790 5933 5789
F 5934 5933 5790
F 5788 5933 5932
F 5933 5788 5789
F 6080 5933 5934
F 6079 5933 6080
F 6078 5933 6079
F 5933 6078 5932
F 6078 5931 5932
F 5931 6078 6077
F 6078 6226 6077
F 6078 6227 6226
F 6227 6078 6228
F 6078 6079 6228
F 6934 7079 6933
F 7079 7078 6933
F 7079 7225 7078
F 7079 7226 7225
F 5470 5627 5626
F 5469 5470 5626
F 2734 2733 2649
F 2733 2648 2649
F 2733 2734 2837
F 2733 2837 2836
F 2733 2647 2648
F 2733 2732 2647
F 2835 2733 2836
F 2732 2733 2835
F 3409 3274 3410
F 3274 3275 3410
F 3274 3408 3273
F 3408 3274 3409
F 3275 3274 3142
F 3274 3141 3142
F 3141 3274 3140
F 3140 3274 3273
F 3406 3541 3405
F 3541 3406 3542
F 4514 4513 4373
F 4513 4372 4373
F 4513 4371 4372
F 4371 4513 4512
F 3111 3243 3110
F 3111 3244 3243
F 2980 3111 2979
F 3111 3110 2979
F 3244 3111 3245
F 3111 3112 3245
F 2981 3111 2980
F 3112 3111 2981
F 4404 4546 4545
F 4546 4404 4405
F 4403 4404 4544
F 4404 4545 4544
F 5247 5405 5404
F 5247 5248 5405
F 5247 5404 5403
F 5246 5247 5403
F 4963 5108 5107
F 4962 4963 5107
F 5251 5407 5406
F 5250 5251 5406
F 5407 5251 5408
F 5251 5252 5408
F 5251 5111 5252
F 5251 5110 5111
F 1395 1324 1396
F 1395 1323 1324
F 1470 1395 1396
F 1395 1470 1469
F 1323 1395 1322
F 1395 1394 1322
F 1468 1395 1469
F 1394 1395 1468
F 5313 5620 5619
F 5620 5313 5314
F 5618 5313 5619
F 5312 5313 5618
F 5313 5163 5314
F 5313 5162 5163
F 5313 5161 5162
F 5313 5312 5161
F 6205 6057 6206
F 6057 6205 6056
F 5906 5761 5762
F 5761 5906 5905
F 5763 5906 5762
F 5907 5906 5763
F 6365 6208 6209
F 6364 6208 6365
F 7210 7064 7211
F 7064 7210 7063
F 7210 7062 7063
F 7210 7209 7062
F 6071 6219 6070
F 6071 6220 6219
F 6071 6070 5924
F 5925 6071 5924
F 6071 5925 5926
F 6072 6071 5926
F 6071 6221 6220
F 6221 6071 6072
F 6377 6530 6529
F 6376 6377 6529
F 6531 6377 6378
F 6377 6531 6530
F 5751 5752 5901
F 5901 5752 5902
F 6620 6621 6760
F 6621 6761 6760
F 6761 6621 6762
F 6621 6622 6762
F 6508 6621 6620
F 6621 6508 6509
F 6507 6508 6619
F 6508 6620 6619
F 6508 6507 6354
F 6355 6508 6354
F 6356 6508 6355
F 6508 6356 6509
F 6357 6356 6201
F 6356 6200 6201
F 6200 6356 6199
F 6356 6355 6199
F 6908 6761 6762
F 6908 6907 6761
F 7050 6906 7051
F 6906 7050 6905
F 6759 6906 6905
F 6906 6759 6760
F 6906 7052 7051
F 6906 6907 7052
F 6907 6906 6761
F 6761 6906 6760
F 6359 6511 6358
F 6511 6359 6512
F 6511 6624 6623
F 6624 6511 6512
F 6361 6515 6514
F 6362 6515 6361
F 6515 6627 6626
F 6515 6626 6514
F 6368 6213 6369
F 6212 6213 6368
F 6213 6370 6369
F 6213 6214 6370
F 4449 4307 4308
F 4307 4449 4448
F 4307 4168 4169
F 4307 4169 4308
F 4592 4591 4448
F 4449 4592 4448
F 4593 4592 4450
F 4592 4449 4450
F 3901 3900 3763
F 3900 3762 3763
F 3761 3900 3899
F 3762 3900 3761
F 3615 3755 3614
F 3756 3755 3615
F 3614 3755 3613
F 3755 3754 3613
F 3755 3756 3894
F 3893 3755 3894
F 3755 3892 3754
F 3755 3893 3892
F 6593 6737 6736
F 6594 6737 6593
F 6737 6886 6736
F 6737 6887 6886
F 6737 6594 6595
F 6738 6737 6595
F 6737 6888 6887
F 6737 6738 6888
F 3732 3592 3593
F 3592 3732 3731
F 3594 3732 3593
F 3733 3732 3594
F 1648 1596 1597
F 1649 1648 1597
F 3425 3290 3291
F 3426 3425 3291
F 3290 3425 3289
F 3425 3424 3289
F 4398 4259 4260
F 4259 4398 4397
F 3569 3432 3433
F 3432 3569 3568
F 3567 3432 3568
F 3432 3567 3431
F 3432 3298 3433
F 3432 3297 3298
F 3432 3431 3296
F 3297 3432 3296
F 4124 4261 4123
F 4261 4124 4262
F 4124 4263 4262
F 4124 4125 4263
F 3708 3709 3849
F 3709 3850 3849
F 3709 3569 3570
F 3569 3709 3708
F 3709 3710 3851
F 3850 3709 3851
F 3571 3709 3570
F 3710 3709 3571
F 632 570 571
F 633 632 571
F 632 569 570
F 569 632 631
F 631 632 691
F 632 692 691
F 755 693 756
F 692 693 755
F 693 757 756
F 693 694 757
F 693 632 633
F 632 693 692
F 768 830 829
F 768 769 830
F 706 645 646
F 645 706 705
F 768 706 769
F 706 768 705
F 706 707 770
F 769 706 770
F 644 643 581
F 582 644 581
F 645 644 583
F 644 582 583
F 644 645 705
F 644 705 704
F 703 644 704
F 644 703 643
F 642 703 702
F 703 642 643
F 703 765 702
F 703 766 765
F 825 890 889
F 825 826 890
F 824 825 888
F 888 825 889
F 765 825 764
F 826 825 765
F 4090 4227 4089
F 4090 4228 4227
F 3954 4090 4089
F 3955 4090 3954
F 3676 3816 3675
F 3816 3676 3817
F 3402 3401 3266
F 3267 3402 3266
F 3402 3403 3539
F 3538 3402 3539
F 3403 3402 3268
F 3268 3402 3267
F 3265 3133 3266
F 3133 3265 3132
F 3001 3133 3132
F 3002 3133 3001
F 3821 3820 3680
F 3820 3679 3680
F 3820 3821 3959
F 3958 3820 3959
F 3139 3007 3008
F 3007 3139 3138
F 7080 6936 7081
F 6936 7080 6935
F 7080 6934 6935
F 7080 7079 6934
F 5321 5169 5170
F 5169 5321 5320
F 5321 5469 5320
F 5321 5470 5469
F 3407 3544 3543
F 3407 3408 3544
F 3542 3407 3543
F 3406 3407 3542
F 4094 4232 4093
F 4093 4232 4231
F 3990 4126 4125
F 4126 3990 3991
F 4263 4126 4264
F 4125 4126 4263
F 4126 4265 4264
F 4126 4127 4265
F 4127 4266 4265
F 4266 4127 4128
F 4267 4266 4129
F 4266 4128 4129
F 4265 4266 4403
F 4266 4404 4403
F 4266 4267 4405
F 4404 4266 4405
F 4540 4398 4399
F 4540 4539 4398
F 4400 4540 4399
F 4541 4540 4400
F 4542 4400 4401
F 4542 4541 4400
F 4402 4542 4401
F 4543 4542 4402
F 4541 4542 4683
F 4542 4684 4683
F 4542 4543 4685
F 4684 4542 4685
F 5106 5105 4960
F 4961 5106 4960
F 5106 4962 5107
F 4962 5106 4961
F 5106 5246 5105
F 5106 5247 5246
F 5248 5106 5107
F 5247 5106 5248
F 5251 5109 5110
F 5109 5251 5250
F 5109 5249 5108
F 5249 5109 5250
F 5110 5109 4965
F 5109 4964 4965
F 4963 5109 5108
F 5109 4963 4964
F 4823 4687 4824
F 4823 4686 4687
F 4686 4823 4685
F 4823 4822 4685
F 5111 4966 5112
F 4966 4967 5112
F 5110 4966 5111
F 4966 5110 4965
F 3033 3034 3164
F 3034 3165 3164
F 3034 3035 3166
F 3165 3034 3166
F 3034 3033 2913
F 2914 3034 2913
F 3034 2915 3035
F 3034 2914 2915
F 6207 6362 6206
F 6362 6207 6363
F 6207 6364 6363
F 6207 6208 6364
F 7353 7354 7491
F 7490 7353 7491
F 7354 7353 7211
F 7353 7210 7211
F 6222 6074 6223
F 6074 6222 6073
F 6222 6072 6073
F 6222 6221 6072
F 6647 6536 6648
F 6535 6536 6647
F 6536 6649 6648
F 6649 6536 6537
F 6063 5918 6064
F 6063 5917 5918
F 6063 6062 5916
F 5917 6063 5916
F 7052 7053 7199
F 7053 7200 7199
F 6908 7053 6907
F 6907 7053 7052
F 6625 6513 6514
F 6626 6625 6514
F 6513 6625 6512
F 6625 6624 6512
F 6622 6763 6762
F 6623 6763 6622
F 6621 6510 6622
F 6510 6621 6509
F 6356 6510 6509
F 6510 6356 6357
F 6510 6623 6622
F 6510 6511 6623
F 6510 6357 6358
F 6511 6510 6358
F 6516 6515 6362
F 6516 6362 6363
F 4306 4305 4166
F 4167 4306 4166
F 4305 4306 4446
F 4306 4447 4446
F 4168 4306 4167
F 4307 4306 4168
F 4447 4306 4448
F 4306 4307 4448
F 3873 3874 4012
F 4011 3873 4012
F 3873 4010 3872
F 4010 3873 4011
F 3873 3733 3874
F 3873 3732 3733
F 3873 3872 3731
F 3732 3873 3731
F 1686 1687 1708
F 1708 1687 1709
F 1687 1688 1710
F 1687 1710 1709
F 1687 1649 1688
F 1687 1648 1649
F 1687 1647 1648
F 1647 1687 1686
F 1647 1594 1595
F 1647 1646 1594
F 1647 1686 1685
F 1647 1685 1646
F 1596 1647 1595
F 1648 1647 1596
F 3559 3560 3698
F 3560 3699 3698
F 3560 3559 3423
F 3424 3560 3423
F 4121 3985 3986
F 4121 4120 3985
F 4121 3987 4122
F 3987 4121 3986
F 4121 4122 4260
F 4259 4121 4260
F 4258 4121 4259
F 4121 4258 4120
F 4257 4258 4395
F 4258 4396 4395
F 4258 4257 4119
F 4120 4258 4119
F 4396 4258 4397
F 4258 4259 4397
F 3989 4123 3988
F 3989 4124 4123
F 3850 3989 3988
F 3989 3850 3851
F 4124 3989 4125
F 3989 3990 4125
F 3852 3989 3851
F 3990 3989 3852
F 4126 3992 4127
F 3992 4126 3991
F 3992 3993 4128
F 4127 3992 4128
F 3993 3992 3855
F 3992 3854 3855
F 3992 3853 3854
F 3853 3992 3991
F 3853 3990 3852
F 3990 3853 3991
F 3711 3853 3852
F 3712 3853 3711
F 3713 3853 3712
F 3853 3713 3854
F 3575 3713 3574
F 3714 3713 3575
F 3713 3573 3574
F 3713 3712 3573
F 3855 3713 3714
F 3854 3713 3855
F 703 767 766
F 767 703 704
F 766 767 827
F 767 828 827
F 828 767 829
F 767 768 829
F 705 767 704
F 768 767 705
F 3818 3955 3817
F 3818 3956 3955
F 3957 3820 3958
F 3820 3957 3819
F 4092 3957 4093
F 3957 3958 4093
F 3957 3818 3819
F 3818 3957 3956
F 3957 4091 3956
F 4091 3957 4092
F 4229 4091 4230
F 4091 4092 4230
F 4228 4091 4229
F 4090 4091 4228
F 4091 4090 3955
F 3956 4091 3955
F 3537 3402 3538
F 3402 3537 3401
F 3401 3537 3400
F 3400 3537 3536
F 3537 3675 3536
F 3537 3676 3675
F 3134 3004 3135
F 3134 3003 3004
F 3268 3134 3135
F 3134 3268 3267
F 3134 3002 3003
F 3134 3133 3002
F 3134 3267 3266
F 3133 3134 3266
F 2888 2887 2785
F 2887 2784 2785
F 3008 2887 2888
F 3007 2887 3008
F 7227 7370 7369
F 7226 7227 7369
F 7371 7227 7228
F 7370 7227 7371
F 7079 7227 7226
F 7080 7227 7079
F 7227 7081 7228
F 7227 7080 7081
F 5322 5172 5323
F 5172 5322 5171
F 5171 5322 5170
F 5322 5321 5170
F 3137 3271 3270
F 3271 3137 3138
F 3271 3405 3270
F 3271 3406 3405
F 4370 4371 4512
F 4370 4512 4511
F 4370 4510 4369
F 4370 4511 4510
F 4370 4369 4231
F 4232 4370 4231
F 4233 4370 4232
F 4370 4233 4371
F 4233 4096 4234
F 4096 4233 4095
F 4372 4233 4234
F 4371 4233 4372
F 4233 4094 4095
F 4233 4232 4094
F 4539 4682 4681
F 4540 4682 4539
F 4682 4540 4541
F 4682 4541 4683
F 4684 4821 4683
F 4821 4820 4683
F 4821 4684 4685
F 4822 4821 4685
F 6057 6058 6206
F 6058 6207 6206
F 7352 7351 7208
F 7209 7352 7208
F 7351 7352 7488
F 7352 7489 7488
F 7210 7352 7209
F 7353 7352 7210
F 7352 7353 7490
F 7352 7490 7489
F 7202 7054 7055
F 7054 7202 7201
F 7053 7054 7200
F 7054 7201 7200
F 6765 6766 6912
F 6911 6765 6912
F 6766 6765 6626
F 6765 6625 6626
F 6909 6908 6762
F 6763 6909 6762
F 6909 7053 6908
F 6909 7054 7053
F 6770 6629 6630
F 6769 6629 6770
F 4949 4817 4950
F 4817 4949 4816
F 4817 4951 4950
F 4817 4818 4951
F 3562 3561 3426
F 3561 3425 3426
F 3701 3561 3562
F 3561 3701 3700
F 3425 3561 3424
F 3561 3560 3424
F 3699 3561 3700
F 3560 3561 3699
F 3677 3537 3538
F 3537 3677 3676
F 3676 3677 3817
F 3677 3818 3817
F 2886 2782 2783
F 2782 2886 2885
F 2784 2886 2783
F 2887 2886 2784
F 5472 5471 5323
F 5471 5322 5323
F 5321 5471 5470
F 5322 5471 5321
F 5471 5472 5778
F 5471 5778 5777
F 3408 3272 3273
F 3407 3272 3408
F 3272 3140 3273
F 3272 3139 3140
F 3272 3407 3406
F 3271 3272 3406
F 3139 3272 3138
F 3272 3271 3138
F 6624 6764 6623
F 6764 6763 6623
F 6625 6764 6624
F 6765 6764 6625
F 6364 6517 6363
F 6517 6516 6363
F 6517 6365 6518
F 6517 6364 6365
F 6517 6518 6630
F 6629 6517 6630
F 6628 6517 6629
F 6517 6628 6516
F 6767 6628 6768
F 6627 6628 6767
F 6515 6628 6627
F 6516 6628 6515
F 6628 6769 6768
F 6628 6629 6769
F 3820 3678 3679
F 3678 3820 3819
F 3679 3678 3540
F 3540 3678 3539
F 3818 3678 3819
F 3677 3678 3818
F 3678 3538 3539
F 3678 3677 3538
F 3006 3007 3138
F 3137 3006 3138
F 3005 3006 3136
F 3006 3137 3136
F 3006 2887 3007
F 3006 2886 2887
F 3006 3005 2885
F 2886 3006 2885
F 7054 6910 7055
F 6909 6910 7054
F 7056 6910 6911
F 6910 7056 7055
F 6910 6909 6763
F 6764 6910 6763
F 6910 6765 6911
F 6910 6764 6765
