V 38.721 55.000 2.493 0.474306 0.486021
V 39.000 55.000 2.493 0.474434 0.486020
V 39.000 54.659 2.493 0.474433 0.485863
V 39.000 54.319 2.493 0.474432 0.485706
V 38.721 54.659 2.493 0.474305 0.485864
V 38.442 55.000 2.493 0.474178 0.486022
V 39.000 55.500 2.493 0.474436 0.486250
V 38.702 55.749 2.493 0.474300 0.486366
V 38.932 56.000 2.493 0.474407 0.486481
V 39.000 56.000 2.493 0.474438 0.486481
V 38.241 55.246 2.493 0.474087 0.486136
V 38.472 55.497 2.493 0.474194 0.486251
V 38.241 55.245 2.493 0.474087 0.486136
V 39.000 56.074 2.493 0.474438 0.486515
V 38.881 56.694 2.493 0.474386 0.486801
V 39.000 56.826 2.493 0.474441 0.486861
V 39.000 56.584 2.493 0.474440 0.486750
V 39.631 54.000 2.493 0.474720 0.485557
V 40.000 54.000 2.493 0.474889 0.485555
V 40.000 53.549 2.493 0.474888 0.485347
V 40.000 53.098 2.493 0.474886 0.485140
V 39.754 53.399 2.493 0.474774 0.485279
V 39.507 53.699 2.493 0.474662 0.485418
V 39.261 54.000 2.493 0.474550 0.485558
V 39.500 55.000 2.493 0.474664 0.486018
V 40.000 55.000 2.493 0.474893 0.486016
V 40.000 54.500 2.493 0.474891 0.485786
V 39.500 56.000 2.493 0.474667 0.486479
V 40.000 56.000 2.493 0.474897 0.486477
V 40.000 55.500 2.493 0.474895 0.486246
V 39.156 57.000 2.493 0.474513 0.486941
V 39.254 56.352 2.493 0.474556 0.486642
V 39.578 57.000 2.493 0.474707 0.486939
V 40.000 57.000 2.493 0.474901 0.486938
V 40.000 56.500 2.493 0.474899 0.486707
V 39.254 56.351 2.493 0.474556 0.486642
V 40.000 57.469 2.493 0.474902 0.487154
V 39.437 57.313 2.493 0.474644 0.487084
V 39.719 57.625 2.493 0.474774 0.487227
V 40.000 57.938 2.493 0.474904 0.487370
V 40.900 52.000 2.493 0.475295 0.484630
V 41.000 52.000 2.493 0.475341 0.484630
V 41.000 51.878 2.493 0.475340 0.484573
V 40.540 53.000 2.493 0.475134 0.485092
V 41.000 53.000 2.493 0.475345 0.485091
V 41.000 52.500 2.493 0.475343 0.484860
V 40.354 52.667 2.493 0.475047 0.484939
V 40.080 53.000 2.493 0.474923 0.485094
V 40.627 52.333 2.493 0.475171 0.484785
V 40.500 54.000 2.493 0.475119 0.485553
V 41.000 54.000 2.493 0.475348 0.485551
V 41.000 53.500 2.493 0.475346 0.485321
V 40.500 55.000 2.493 0.475123 0.486014
V 41.000 55.000 2.493 0.475352 0.486012
V 41.000 54.500 2.493 0.475350 0.485782
V 40.500 56.000 2.493 0.475126 0.486475
V 41.000 56.000 2.493 0.475356 0.486473
V 41.000 55.500 2.493 0.475354 0.486243
V 40.500 57.000 2.493 0.475130 0.486936
V 41.000 57.000 2.493 0.475359 0.486934
V 41.000 56.500 2.493 0.475358 0.486704
V 40.528 58.000 2.493 0.475146 0.487397
V 41.000 58.000 2.493 0.475363 0.487395
V 41.000 57.500 2.493 0.475361 0.487164
V 40.056 58.000 2.493 0.474930 0.487398
V 40.661 58.317 2.493 0.475209 0.487542
V 41.000 58.338 2.493 0.475364 0.487550
V 40.322 58.296 2.493 0.475053 0.487534
V 41.719 51.000 2.493 0.475667 0.484166
V 42.000 51.000 2.493 0.475796 0.484165
V 42.000 50.657 2.493 0.475795 0.484007
V 41.500 52.000 2.493 0.475570 0.484628
V 42.000 52.000 2.493 0.475800 0.484626
V 42.000 51.500 2.493 0.475798 0.484396
V 41.240 51.585 2.493 0.475449 0.484438
V 41.479 51.293 2.493 0.475558 0.484302
V 41.500 53.000 2.493 0.475574 0.485089
V 42.000 53.000 2.493 0.475804 0.485087
V 42.000 52.500 2.493 0.475802 0.484856
V 41.500 54.000 2.493 0.475578 0.485550
V 42.000 54.000 2.493 0.475807 0.485548
V 42.000 53.500 2.493 0.475805 0.485317
V 41.500 55.000 2.493 0.475581 0.486010
V 42.000 55.000 2.493 0.475811 0.486009
V 42.000 54.500 2.493 0.475809 0.485778
V 41.500 56.000 2.493 0.475585 0.486471
V 42.000 56.000 2.493 0.475815 0.486469
V 42.000 55.500 2.493 0.475813 0.486239
V 41.500 57.000 2.493 0.475589 0.486932
V 42.000 57.000 2.493 0.475818 0.486930
V 42.000 56.500 2.493 0.475816 0.486700
V 41.500 58.000 2.493 0.475593 0.487393
V 42.000 58.000 2.493 0.475822 0.487391
V 42.000 57.500 2.493 0.475820 0.487161
V 41.667 58.378 2.493 0.475670 0.487567
V 41.333 58.358 2.493 0.475517 0.487559
V 42.000 58.399 2.493 0.475823 0.487575
V 42.667 49.673 2.493 0.476097 0.483551
V 43.000 50.000 2.493 0.476251 0.483701
V 43.000 49.509 2.493 0.476250 0.483475
V 43.000 49.019 2.493 0.476248 0.483248
V 42.834 49.346 2.493 0.476173 0.483400
V 42.501 50.000 2.493 0.476022 0.483703
V 42.500 51.000 2.493 0.476026 0.484163
V 43.000 51.000 2.493 0.476255 0.484162
V 43.000 50.500 2.493 0.476253 0.483931
V 42.440 50.120 2.493 0.475995 0.483758
V 42.220 50.389 2.493 0.475895 0.483883
V 42.500 52.000 2.493 0.476029 0.484624
V 43.000 52.000 2.493 0.476259 0.484622
V 43.000 51.500 2.493 0.476257 0.484392
V 42.500 53.000 2.493 0.476033 0.485085
V 43.000 53.000 2.493 0.476262 0.485083
V 43.000 52.500 2.493 0.476261 0.484853
V 42.500 54.000 2.493 0.476037 0.485546
V 43.000 54.000 2.493 0.476266 0.485544
V 43.000 53.500 2.493 0.476264 0.485314
V 42.500 55.000 2.493 0.476040 0.486007
V 43.000 55.000 2.493 0.476270 0.486005
V 43.000 54.500 2.493 0.476268 0.485774
V 42.500 56.000 2.493 0.476044 0.486468
V 43.000 56.000 2.493 0.476274 0.486466
V 43.000 55.500 2.493 0.476272 0.486235
V 42.500 57.000 2.493 0.476048 0.486928
V 43.000 57.000 2.493 0.476277 0.486927
V 43.000 56.500 2.493 0.476275 0.486696
V 42.500 58.000 2.493 0.476051 0.487389
V 43.000 58.000 2.493 0.476281 0.487387
V 43.000 57.500 2.493 0.476279 0.487157
V 42.667 58.439 2.493 0.476130 0.487591
V 42.333 58.419 2.493 0.475977 0.487583
V 43.000 58.460 2.493 0.476283 0.487599
V 43.679 47.684 2.493 0.476554 0.482631
V 44.000 48.000 2.493 0.476703 0.482775
V 44.000 47.526 2.493 0.476701 0.482557
V 44.000 47.052 2.493 0.476699 0.482338
V 43.839 47.368 2.493 0.476627 0.482485
V 43.518 48.000 2.493 0.476482 0.482777
V 43.505 49.000 2.493 0.476479 0.483238
V 44.000 49.000 2.493 0.476707 0.483236
V 44.000 48.500 2.493 0.476705 0.483006
V 43.179 48.667 2.493 0.476329 0.483086
V 43.009 49.000 2.493 0.476252 0.483240
V 43.348 48.333 2.493 0.476405 0.482931
V 43.500 50.000 2.493 0.476481 0.483699
V 44.000 50.000 2.493 0.476710 0.483697
V 44.000 49.500 2.493 0.476708 0.483467
V 43.500 51.000 2.493 0.476485 0.484160
V 44.000 51.000 2.493 0.476714 0.484158
V 44.000 50.500 2.493 0.476712 0.483927
V 43.500 52.000 2.493 0.476488 0.484621
V 44.000 52.000 2.493 0.476718 0.484619
V 44.000 51.500 2.493 0.476716 0.484388
V 43.500 53.000 2.493 0.476492 0.485081
V 44.000 53.000 2.493 0.476721 0.485079
V 44.000 52.500 2.493 0.476720 0.484849
V 43.500 54.000 2.493 0.476496 0.485542
V 44.000 54.000 2.493 0.476725 0.485540
V 44.000 53.500 2.493 0.476723 0.485310
V 43.500 55.000 2.493 0.476499 0.486003
V 44.000 55.000 2.493 0.476729 0.486001
V 44.000 54.500 2.493 0.476727 0.485771
V 43.500 56.000 2.493 0.476503 0.486464
V 44.000 56.000 2.493 0.476732 0.486462
V 44.000 55.500 2.493 0.476731 0.486232
V 43.500 57.000 2.493 0.476507 0.486925
V 44.000 57.000 2.493 0.476736 0.486923
V 44.000 56.500 2.493 0.476734 0.486692
V 43.500 58.000 2.493 0.476510 0.487386
V 44.000 58.000 2.493 0.476740 0.487384
V 44.000 57.500 2.493 0.476738 0.487153
V 44.000 58.260 2.493 0.476741 0.487504
V 43.333 58.480 2.493 0.476436 0.487607
V 43.667 58.500 2.493 0.476589 0.487616
V 44.000 58.521 2.493 0.476742 0.487624
V 44.690 45.695 2.493 0.477011 0.481710
V 45.000 46.000 2.493 0.477154 0.481850
V 45.000 45.542 2.493 0.477153 0.481639
V 45.000 45.085 2.493 0.477151 0.481428
V 44.845 45.390 2.493 0.477081 0.481569
V 44.535 46.000 2.493 0.476941 0.481852
V 44.513 47.000 2.493 0.476935 0.482313
V 45.000 47.000 2.493 0.477158 0.482311
V 45.000 46.500 2.493 0.477156 0.482080
V 44.196 46.667 2.493 0.476788 0.482160
V 44.026 47.000 2.493 0.476711 0.482314
V 44.365 46.333 2.493 0.476864 0.482006
V 44.500 48.000 2.493 0.476932 0.482773
V 45.000 48.000 2.493 0.477162 0.482772
V 45.000 47.500 2.493 0.477160 0.482541
V 44.500 49.000 2.493 0.476936 0.483234
V 45.000 49.000 2.493 0.477165 0.483232
V 45.000 48.500 2.493 0.477164 0.483002
V 44.500 50.000 2.493 0.476940 0.483695
V 45.000 50.000 2.493 0.477169 0.483693
V 45.000 49.500 2.493 0.477167 0.483463
V 44.500 51.000 2.493 0.476943 0.484156
V 45.000 51.000 2.493 0.477173 0.484154
V 45.000 50.500 2.493 0.477171 0.483924
V 44.500 52.000 2.493 0.476947 0.484617
V 45.000 52.000 2.493 0.477177 0.484615
V 45.000 51.500 2.493 0.477175 0.484385
V 44.500 53.000 2.493 0.476951 0.485078
V 45.000 53.000 2.493 0.477180 0.485076
V 45.000 52.500 2.493 0.477178 0.484845
V 44.500 54.000 2.493 0.476955 0.485538
V 45.000 54.000 2.493 0.477184 0.485537
V 45.000 53.500 2.493 0.477182 0.485306
V 44.500 55.000 2.493 0.476958 0.485999
V 45.000 55.000 2.493 0.477188 0.485997
V 45.000 54.500 2.493 0.477186 0.485767
V 44.500 56.000 2.493 0.476962 0.486460
V 45.000 56.000 2.493 0.477191 0.486458
V 45.000 55.500 2.493 0.477190 0.486228
V 44.500 57.000 2.493 0.476966 0.486921
V 45.000 57.000 2.493 0.477195 0.486919
V 45.000 56.500 2.493 0.477193 0.486689
V 44.500 58.000 2.493 0.476969 0.487382
V 45.000 58.000 2.493 0.477199 0.487380
V 45.000 57.500 2.493 0.477197 0.487150
V 45.000 58.291 2.493 0.477200 0.487514
V 44.333 58.541 2.493 0.476895 0.487632
V 44.667 58.561 2.493 0.477048 0.487640
V 45.000 58.582 2.493 0.477201 0.487648
V 45.776 43.559 2.493 0.477501 0.480722
V 46.000 44.000 2.493 0.477606 0.480924
V 46.000 43.559 2.493 0.477604 0.480721
V 46.000 43.118 2.493 0.477603 0.480518
V 45.552 44.000 2.493 0.477400 0.480926
V 45.522 45.000 2.493 0.477390 0.481387
V 46.000 45.000 2.493 0.477610 0.481385
V 46.000 44.500 2.493 0.477608 0.481155
V 45.213 44.667 2.493 0.477247 0.481235
V 45.043 45.000 2.493 0.477171 0.481389
V 45.382 44.333 2.493 0.477324 0.481080
V 45.500 46.000 2.493 0.477384 0.481848
V 46.000 46.000 2.493 0.477613 0.481846
V 46.000 45.500 2.493 0.477611 0.481616
V 45.500 47.000 2.493 0.477388 0.482309
V 46.000 47.000 2.493 0.477617 0.482307
V 46.000 46.500 2.493 0.477615 0.482077
V 45.500 48.000 2.493 0.477391 0.482770
V 46.000 48.000 2.493 0.477621 0.482768
V 46.000 47.500 2.493 0.477619 0.482537
V 45.500 49.000 2.493 0.477395 0.483231
V 46.000 49.000 2.493 0.477624 0.483229
V 46.000 48.500 2.493 0.477623 0.482998
V 45.500 50.000 2.493 0.477399 0.483691
V 46.000 50.000 2.493 0.477628 0.483690
V 46.000 49.500 2.493 0.477626 0.483459
V 45.500 51.000 2.493 0.477402 0.484152
V 46.000 51.000 2.493 0.477632 0.484150
V 46.000 50.500 2.493 0.477630 0.483920
V 45.500 52.000 2.493 0.477406 0.484613
V 46.000 52.000 2.493 0.477635 0.484611
V 46.000 51.500 2.493 0.477634 0.484381
V 45.500 53.000 2.493 0.477410 0.485074
V 46.000 53.000 2.493 0.477639 0.485072
V 46.000 52.500 2.493 0.477637 0.484842
V 46.000 53.392 2.493 0.477641 0.485253
V 45.481 54.000 2.493 0.477405 0.485535
V 45.963 54.000 2.493 0.477626 0.485533
V 45.981 53.696 2.493 0.477633 0.485393
V 45.451 55.000 2.493 0.477395 0.485996
V 45.902 55.000 2.493 0.477602 0.485994
V 45.922 54.667 2.493 0.477610 0.485840
V 45.943 54.333 2.493 0.477618 0.485687
V 45.420 56.000 2.493 0.477384 0.486457
V 45.841 56.000 2.493 0.477577 0.486455
V 45.861 55.667 2.493 0.477585 0.486301
V 45.882 55.333 2.493 0.477593 0.486148
V 45.390 57.000 2.493 0.477374 0.486918
V 45.780 57.000 2.493 0.477553 0.486916
V 45.800 56.667 2.493 0.477561 0.486763
V 45.820 56.333 2.493 0.477569 0.486609
V 45.359 58.000 2.493 0.477364 0.487379
V 45.719 58.000 2.493 0.477529 0.487377
V 45.739 57.667 2.493 0.477537 0.487224
V 45.759 57.333 2.493 0.477545 0.487070
V 45.681 58.623 2.493 0.477513 0.487665
V 45.681 58.624 2.493 0.477513 0.487665
V 45.700 58.312 2.493 0.477521 0.487521
V 45.340 58.603 2.493 0.477357 0.487656
V 45.680 58.623 2.493 0.477513 0.487665
V 46.927 39.641 2.493 0.478015 0.478912
V 47.000 40.000 2.493 0.478050 0.479077
V 47.000 39.641 2.493 0.478049 0.478912
V 47.000 39.283 2.493 0.478047 0.478747
V 46.853 40.000 2.493 0.477983 0.479078
V 46.717 40.667 2.493 0.477923 0.479386
V 47.000 41.000 2.493 0.478054 0.479538
V 47.000 40.500 2.493 0.478052 0.479308
V 46.785 40.333 2.493 0.477953 0.479232
V 46.649 41.000 2.493 0.477892 0.479540
V 46.722 42.000 2.493 0.477930 0.480000
V 47.000 42.000 2.493 0.478057 0.479999
V 47.000 41.500 2.493 0.478056 0.479769
V 46.580 41.333 2.493 0.477862 0.479693
V 46.512 41.667 2.493 0.477832 0.479847
V 46.444 42.000 2.493 0.477802 0.480001
V 46.530 43.000 2.493 0.477845 0.480462
V 46.210 42.705 2.493 0.477697 0.480327
V 46.060 43.000 2.493 0.477630 0.480463
V 47.000 43.000 2.493 0.478061 0.480460
V 47.000 42.500 2.493 0.478059 0.480229
V 46.360 42.410 2.493 0.477765 0.480190
V 46.500 44.000 2.493 0.477835 0.480923
V 47.000 44.000 2.493 0.478065 0.480921
V 47.000 43.500 2.493 0.478063 0.480690
V 46.500 45.000 2.493 0.477839 0.481383
V 47.000 45.000 2.493 0.478069 0.481382
V 47.000 44.500 2.493 0.478067 0.481151
V 46.500 46.000 2.493 0.477843 0.481844
V 47.000 46.000 2.493 0.478072 0.481842
V 47.000 45.500 2.493 0.478070 0.481612
V 46.500 47.000 2.493 0.477846 0.482305
V 47.000 47.000 2.493 0.478076 0.482303
V 47.000 46.500 2.493 0.478074 0.482073
V 46.500 48.000 2.493 0.477850 0.482766
V 47.000 48.000 2.493 0.478080 0.482764
V 47.000 47.500 2.493 0.478078 0.482534
V 46.500 49.000 2.493 0.477854 0.483227
V 47.000 49.000 2.493 0.478083 0.483225
V 47.000 48.500 2.493 0.478081 0.482995
V 47.000 49.443 2.493 0.478085 0.483429
V 46.608 49.863 2.493 0.477907 0.483624
V 47.000 49.887 2.493 0.478087 0.483634
V 46.217 49.839 2.493 0.477727 0.483615
V 46.207 50.000 2.493 0.477723 0.483689
V 46.187 50.333 2.493 0.477715 0.483842
V 46.166 50.667 2.493 0.477707 0.483996
V 46.146 51.000 2.493 0.477699 0.484150
V 46.126 51.333 2.493 0.477691 0.484304
V 46.105 51.667 2.493 0.477683 0.484457
V 46.085 52.000 2.493 0.477674 0.484611
V 46.065 52.333 2.493 0.477666 0.484765
V 46.044 52.667 2.493 0.477658 0.484918
V 46.024 53.000 2.493 0.477650 0.485072
V 47.938 34.698 2.493 0.478461 0.476631
V 48.000 35.000 2.493 0.478490 0.476769
V 48.000 34.698 2.493 0.478489 0.476630
V 48.000 34.396 2.493 0.478488 0.476491
V 47.876 35.000 2.493 0.478434 0.476770
V 47.740 35.667 2.493 0.478374 0.477078
V 48.000 36.000 2.493 0.478494 0.477230
V 48.000 35.500 2.493 0.478492 0.477000
V 47.808 35.333 2.493 0.478404 0.476924
V 47.672 36.000 2.493 0.478344 0.477232
V 47.734 37.000 2.493 0.478376 0.477692
V 48.000 37.000 2.493 0.478498 0.477691
V 48.000 36.500 2.493 0.478496 0.477461
V 47.604 36.333 2.493 0.478313 0.477385
V 47.535 36.667 2.493 0.478283 0.477539
V 47.467 37.000 2.493 0.478253 0.477693
V 47.631 38.000 2.493 0.478332 0.478153
V 48.000 38.000 2.493 0.478502 0.478152
V 48.000 37.500 2.493 0.478500 0.477922
V 47.399 37.333 2.493 0.478223 0.477847
V 47.331 37.667 2.493 0.478193 0.478001
V 47.263 38.000 2.493 0.478163 0.478155
V 47.529 39.000 2.493 0.478289 0.478615
V 48.000 39.000 2.493 0.478505 0.478613
V 48.000 38.500 2.493 0.478503 0.478382
V 47.194 38.333 2.493 0.478133 0.478309
V 47.126 38.667 2.493 0.478103 0.478462
V 47.058 39.000 2.493 0.478073 0.478616
V 47.500 40.000 2.493 0.478279 0.479076
V 48.000 40.000 2.493 0.478509 0.479074
V 48.000 39.500 2.493 0.478507 0.478843
V 47.500 41.000 2.493 0.478283 0.479536
V 48.000 41.000 2.493 0.478513 0.479535
V 48.000 40.500 2.493 0.478511 0.479304
V 47.500 42.000 2.493 0.478287 0.479997
V 48.000 42.000 2.493 0.478516 0.479995
V 48.000 41.500 2.493 0.478514 0.479765
V 47.500 43.000 2.493 0.478291 0.480458
V 48.000 43.000 2.493 0.478520 0.480456
V 48.000 42.500 2.493 0.478518 0.480226
V 47.500 44.000 2.493 0.478294 0.480919
V 48.000 44.000 2.493 0.478524 0.480917
V 48.000 43.500 2.493 0.478522 0.480687
V 47.500 45.000 2.493 0.478298 0.481380
V 48.000 45.000 2.493 0.478527 0.481378
V 48.000 44.500 2.493 0.478526 0.481147
V 47.500 46.000 2.493 0.478302 0.481841
V 48.000 46.000 2.493 0.478531 0.481839
V 48.000 45.500 2.493 0.478529 0.481608
V 47.500 47.000 2.493 0.478305 0.482301
V 48.000 47.000 2.493 0.478535 0.482300
V 48.000 46.500 2.493 0.478533 0.482069
V 47.500 48.000 2.493 0.478309 0.482762
V 48.000 48.000 2.493 0.478539 0.482760
V 48.000 47.500 2.493 0.478537 0.482530
V 47.500 49.000 2.493 0.478313 0.483223
V 48.000 49.000 2.493 0.478542 0.483221
V 48.000 48.500 2.493 0.478540 0.482991
V 48.000 49.474 2.493 0.478544 0.483440
V 47.333 49.907 2.493 0.478240 0.483642
V 47.667 49.927 2.493 0.478393 0.483650
V 48.000 49.948 2.493 0.478546 0.483658
V 48.900 30.000 2.493 0.478885 0.474462
V 49.000 30.000 2.493 0.478931 0.474462
V 49.000 29.510 2.493 0.478929 0.474236
V 48.763 30.667 2.493 0.478825 0.474770
V 49.000 31.000 2.493 0.478935 0.474922
V 49.000 30.500 2.493 0.478933 0.474692
V 48.832 30.333 2.493 0.478855 0.474616
V 48.695 31.000 2.493 0.478795 0.474923
V 48.745 32.000 2.493 0.478821 0.475384
V 49.000 32.000 2.493 0.478938 0.475383
V 49.000 31.500 2.493 0.478936 0.475153
V 48.627 31.333 2.493 0.478765 0.475077
V 48.559 31.667 2.493 0.478735 0.475231
V 48.490 32.000 2.493 0.478704 0.475385
V 48.643 33.000 2.493 0.478778 0.475845
V 49.000 33.000 2.493 0.478942 0.475844
V 49.000 32.500 2.493 0.478940 0.475614
V 48.422 32.333 2.493 0.478674 0.475539
V 48.354 32.667 2.493 0.478644 0.475693
V 48.286 33.000 2.493 0.478614 0.475847
V 48.541 34.000 2.493 0.478735 0.476307
V 49.000 34.000 2.493 0.478946 0.476305
V 49.000 33.500 2.493 0.478944 0.476074
V 48.218 33.333 2.493 0.478584 0.476001
V 48.149 33.667 2.493 0.478554 0.476154
V 48.081 34.000 2.493 0.478524 0.476308
V 48.500 35.000 2.493 0.478720 0.476768
V 49.000 35.000 2.493 0.478949 0.476766
V 49.000 34.500 2.493 0.478948 0.476535
V 48.500 36.000 2.493 0.478724 0.477228
V 49.000 36.000 2.493 0.478953 0.477227
V 49.000 35.500 2.493 0.478951 0.476996
V 48.500 37.000 2.493 0.478727 0.477689
V 49.000 37.000 2.493 0.478957 0.477687
V 49.000 36.500 2.493 0.478955 0.477457
V 48.500 38.000 2.493 0.478731 0.478150
V 49.000 38.000 2.493 0.478960 0.478148
V 49.000 37.500 2.493 0.478959 0.477918
V 48.500 39.000 2.493 0.478735 0.478611
V 49.000 39.000 2.493 0.478964 0.478609
V 49.000 38.500 2.493 0.478962 0.478379
V 48.500 40.000 2.493 0.478738 0.479072
V 49.000 40.000 2.493 0.478968 0.479070
V 49.000 39.500 2.493 0.478966 0.478840
V 48.500 41.000 2.493 0.478742 0.479533
V 49.000 41.000 2.493 0.478972 0.479531
V 49.000 40.500 2.493 0.478970 0.479300
V 48.500 42.000 2.493 0.478746 0.479994
V 49.000 42.000 2.493 0.478975 0.479992
V 49.000 41.500 2.493 0.478973 0.479761
V 48.500 43.000 2.493 0.478749 0.480454
V 49.000 43.000 2.493 0.478979 0.480452
V 49.000 42.500 2.493 0.478977 0.480222
V 48.500 44.000 2.493 0.478753 0.480915
V 49.000 44.000 2.493 0.478983 0.480913
V 49.000 43.500 2.493 0.478981 0.480683
V 48.500 45.000 2.493 0.478757 0.481376
V 49.000 45.000 2.493 0.478986 0.481374
V 49.000 44.500 2.493 0.478984 0.481144
V 48.500 46.000 2.493 0.478761 0.481837
V 49.000 46.000 2.493 0.478990 0.481835
V 49.000 45.500 2.493 0.478988 0.481605
V 48.500 47.000 2.493 0.478764 0.482298
V 49.000 47.000 2.493 0.478994 0.482296
V 49.000 46.500 2.493 0.478992 0.482065
V 48.500 48.000 2.493 0.478768 0.482759
V 49.000 48.000 2.493 0.478997 0.482757
V 49.000 47.500 2.493 0.478996 0.482526
V 48.500 49.000 2.493 0.478772 0.483219
V 49.000 49.000 2.493 0.479001 0.483218
V 49.000 48.500 2.493 0.478999 0.482987
V 48.855 50.000 2.493 0.478938 0.483679
V 49.000 50.000 2.493 0.479005 0.483678
V 49.000 49.500 2.493 0.479003 0.483448
V 48.427 49.974 2.493 0.478742 0.483669
V 49.000 50.009 2.493 0.479005 0.483682
V 49.790 25.650 2.493 0.479277 0.472454
V 49.718 26.000 2.493 0.479246 0.472615
V 49.980 26.000 2.493 0.479366 0.472615
V 50.000 26.037 2.493 0.479375 0.472631
V 49.650 26.333 2.493 0.479216 0.472769
V 49.582 26.667 2.493 0.479186 0.472923
V 49.514 27.000 2.493 0.479156 0.473077
V 50.000 27.000 2.493 0.479379 0.473075
V 50.000 26.518 2.493 0.479377 0.472853
V 49.655 28.000 2.493 0.479224 0.473537
V 50.000 28.000 2.493 0.479382 0.473536
V 50.000 27.500 2.493 0.479381 0.473306
V 49.445 27.333 2.493 0.479125 0.473231
V 49.377 27.667 2.493 0.479095 0.473385
V 49.309 28.000 2.493 0.479065 0.473539
V 49.552 29.000 2.493 0.479181 0.473999
V 50.000 29.000 2.493 0.479386 0.473997
V 50.000 28.500 2.493 0.479384 0.473767
V 49.241 28.333 2.493 0.479035 0.473693
V 49.173 28.667 2.493 0.479005 0.473846
V 49.104 29.000 2.493 0.478975 0.474000
V 49.500 30.000 2.493 0.479160 0.474460
V 50.000 30.000 2.493 0.479390 0.474458
V 50.000 29.500 2.493 0.479388 0.474227
V 49.052 29.255 2.493 0.478952 0.474118
V 49.500 31.000 2.493 0.479164 0.474921
V 50.000 31.000 2.493 0.479393 0.474919
V 50.000 30.500 2.493 0.479392 0.474688
V 49.500 32.000 2.493 0.479168 0.475381
V 50.000 32.000 2.493 0.479397 0.475379
V 50.000 31.500 2.493 0.479395 0.475149
V 49.500 33.000 2.493 0.479171 0.475842
V 50.000 33.000 2.493 0.479401 0.475840
V 50.000 32.500 2.493 0.479399 0.475610
V 49.500 34.000 2.493 0.479175 0.476303
V 50.000 34.000 2.493 0.479405 0.476301
V 50.000 33.500 2.493 0.479403 0.476071
V 49.500 35.000 2.493 0.479179 0.476764
V 50.000 35.000 2.493 0.479408 0.476762
V 50.000 34.500 2.493 0.479406 0.476532
V 49.500 36.000 2.493 0.479183 0.477225
V 50.000 36.000 2.493 0.479412 0.477223
V 50.000 35.500 2.493 0.479410 0.476992
V 49.500 37.000 2.493 0.479186 0.477686
V 50.000 37.000 2.493 0.479416 0.477684
V 50.000 36.500 2.493 0.479414 0.477453
V 49.500 38.000 2.493 0.479190 0.478146
V 50.000 38.000 2.493 0.479419 0.478145
V 50.000 37.500 2.493 0.479418 0.477914
V 49.500 39.000 2.493 0.479194 0.478607
V 50.000 39.000 2.493 0.479423 0.478605
V 50.000 38.500 2.493 0.479421 0.478375
V 49.500 40.000 2.493 0.479197 0.479068
V 50.000 40.000 2.493 0.479427 0.479066
V 50.000 39.500 2.493 0.479425 0.478836
V 49.500 41.000 2.493 0.479201 0.479529
V 50.000 41.000 2.493 0.479430 0.479527
V 50.000 40.500 2.493 0.479429 0.479297
V 49.500 42.000 2.493 0.479205 0.479990
V 50.000 42.000 2.493 0.479434 0.479988
V 50.000 41.500 2.493 0.479432 0.479758
V 49.500 43.000 2.493 0.479208 0.480451
V 50.000 43.000 2.493 0.479438 0.480449
V 50.000 42.500 2.493 0.479436 0.480218
V 49.500 44.000 2.493 0.479212 0.480911
V 50.000 44.000 2.493 0.479442 0.480910
V 50.000 43.500 2.493 0.479440 0.480679
V 49.500 45.000 2.493 0.479216 0.481372
V 50.000 45.000 2.493 0.479445 0.481370
V 50.000 44.500 2.493 0.479443 0.481140
V 49.500 46.000 2.493 0.479219 0.481833
V 50.000 46.000 2.493 0.479449 0.481831
V 50.000 45.500 2.493 0.479447 0.481601
V 49.500 47.000 2.493 0.479223 0.482294
V 50.000 47.000 2.493 0.479453 0.482292
V 50.000 46.500 2.493 0.479451 0.482062
V 49.500 48.000 2.493 0.479227 0.482755
V 50.000 48.000 2.493 0.479456 0.482753
V 50.000 47.500 2.493 0.479454 0.482523
V 49.500 49.000 2.493 0.479231 0.483216
V 50.000 49.000 2.493 0.479460 0.483214
V 50.000 48.500 2.493 0.479458 0.482983
V 49.500 50.000 2.493 0.479234 0.483677
V 50.000 50.000 2.493 0.479464 0.483675
V 50.000 49.500 2.493 0.479462 0.483444
V 49.667 50.050 2.493 0.479311 0.483699
V 49.333 50.029 2.493 0.479158 0.483691
V 50.000 50.070 2.493 0.479464 0.483707
V 50.349 26.679 2.493 0.479538 0.472926
V 50.261 27.000 2.493 0.479499 0.473074
V 50.523 27.000 2.493 0.479619 0.473073
V 50.174 26.358 2.493 0.479456 0.472779
V 50.500 28.000 2.493 0.479612 0.473534
V 51.000 28.000 2.493 0.479841 0.473532
V 51.000 27.879 2.493 0.479841 0.473476
V 50.761 27.439 2.493 0.479730 0.473275
V 50.500 29.000 2.493 0.479616 0.473995
V 51.000 29.000 2.493 0.479845 0.473993
V 51.000 28.500 2.493 0.479843 0.473763
V 50.500 30.000 2.493 0.479619 0.474456
V 51.000 30.000 2.493 0.479849 0.474454
V 51.000 29.500 2.493 0.479847 0.474224
V 50.500 31.000 2.493 0.479623 0.474917
V 51.000 31.000 2.493 0.479852 0.474915
V 51.000 30.500 2.493 0.479851 0.474685
V 50.500 32.000 2.493 0.479627 0.475378
V 51.000 32.000 2.493 0.479856 0.475376
V 51.000 31.500 2.493 0.479854 0.475145
V 50.500 33.000 2.493 0.479630 0.475838
V 51.000 33.000 2.493 0.479860 0.475837
V 51.000 32.500 2.493 0.479858 0.475606
V 50.500 34.000 2.493 0.479634 0.476299
V 51.000 34.000 2.493 0.479863 0.476297
V 51.000 33.500 2.493 0.479862 0.476067
V 50.500 35.000 2.493 0.479638 0.476760
V 51.000 35.000 2.493 0.479867 0.476758
V 51.000 34.500 2.493 0.479865 0.476528
V 50.500 36.000 2.493 0.479641 0.477221
V 51.000 36.000 2.493 0.479871 0.477219
V 51.000 35.500 2.493 0.479869 0.476989
V 50.500 37.000 2.493 0.479645 0.477682
V 51.000 37.000 2.493 0.479875 0.477680
V 51.000 36.500 2.493 0.479873 0.477450
V 50.500 38.000 2.493 0.479649 0.478143
V 51.000 38.000 2.493 0.479878 0.478141
V 51.000 37.500 2.493 0.479876 0.477910
V 50.500 39.000 2.493 0.479653 0.478604
V 51.000 39.000 2.493 0.479882 0.478602
V 51.000 38.500 2.493 0.479880 0.478371
V 50.500 40.000 2.493 0.479656 0.479064
V 51.000 40.000 2.493 0.479886 0.479063
V 51.000 39.500 2.493 0.479884 0.478832
V 50.500 41.000 2.493 0.479660 0.479525
V 51.000 41.000 2.493 0.479889 0.479523
V 51.000 40.500 2.493 0.479888 0.479293
V 50.500 42.000 2.493 0.479664 0.479986
V 51.000 42.000 2.493 0.479893 0.479984
V 51.000 41.500 2.493 0.479891 0.479754
V 50.500 43.000 2.493 0.479667 0.480447
V 51.000 43.000 2.493 0.479897 0.480445
V 51.000 42.500 2.493 0.479895 0.480215
V 50.500 44.000 2.493 0.479671 0.480908
V 51.000 44.000 2.493 0.479900 0.480906
V 51.000 43.500 2.493 0.479899 0.480675
V 50.500 45.000 2.493 0.479675 0.481369
V 51.000 45.000 2.493 0.479904 0.481367
V 51.000 44.500 2.493 0.479902 0.481136
V 50.500 46.000 2.493 0.479678 0.481829
V 51.000 46.000 2.493 0.479908 0.481828
V 51.000 45.500 2.493 0.479906 0.481597
V 50.500 47.000 2.493 0.479682 0.482290
V 51.000 47.000 2.493 0.479912 0.482288
V 51.000 46.500 2.493 0.479910 0.482058
V 50.500 48.000 2.493 0.479686 0.482751
V 51.000 48.000 2.493 0.479915 0.482749
V 51.000 47.500 2.493 0.479913 0.482519
V 50.500 49.000 2.493 0.479689 0.483212
V 51.000 49.000 2.493 0.479919 0.483210
V 51.000 48.500 2.493 0.479917 0.482980
V 50.500 50.000 2.493 0.479693 0.483673
V 51.000 50.000 2.493 0.479923 0.483671
V 51.000 49.500 2.493 0.479921 0.483441
V 50.667 50.111 2.493 0.479770 0.483723
V 50.333 50.090 2.493 0.479617 0.483715
V 51.000 50.131 2.493 0.479923 0.483731
V 51.066 28.000 2.493 0.479872 0.473532
V 51.247 28.333 2.493 0.479956 0.473685
V 51.428 28.667 2.493 0.480040 0.473838
V 51.304 29.000 2.493 0.479985 0.473992
V 51.609 29.000 2.493 0.480124 0.473991
V 51.500 30.000 2.493 0.480078 0.474452
V 52.000 30.000 2.493 0.480308 0.474450
V 52.000 29.720 2.493 0.480307 0.474321
V 51.804 29.360 2.493 0.480216 0.474156
V 51.500 31.000 2.493 0.480082 0.474913
V 52.000 31.000 2.493 0.480311 0.474911
V 52.000 30.500 2.493 0.480309 0.474681
V 51.500 32.000 2.493 0.480086 0.475374
V 52.000 32.000 2.493 0.480315 0.475372
V 52.000 31.500 2.493 0.480313 0.475142
V 51.500 33.000 2.493 0.480089 0.475835
V 52.000 33.000 2.493 0.480319 0.475833
V 52.000 32.500 2.493 0.480317 0.475602
V 51.500 34.000 2.493 0.480093 0.476296
V 52.000 34.000 2.493 0.480322 0.476294
V 52.000 33.500 2.493 0.480321 0.476063
V 51.500 35.000 2.493 0.480097 0.476756
V 52.000 35.000 2.493 0.480326 0.476755
V 52.000 34.500 2.493 0.480324 0.476524
V 51.500 36.000 2.493 0.480100 0.477217
V 52.000 36.000 2.493 0.480330 0.477215
V 52.000 35.500 2.493 0.480328 0.476985
V 51.500 37.000 2.493 0.480104 0.477678
V 52.000 37.000 2.493 0.480333 0.477676
V 52.000 36.500 2.493 0.480332 0.477446
V 51.500 38.000 2.493 0.480108 0.478139
V 52.000 38.000 2.493 0.480337 0.478137
V 52.000 37.500 2.493 0.480335 0.477907
V 51.500 39.000 2.493 0.480111 0.478600
V 52.000 39.000 2.493 0.480341 0.478598
V 52.000 38.500 2.493 0.480339 0.478368
V 51.500 40.000 2.493 0.480115 0.479061
V 52.000 40.000 2.493 0.480345 0.479059
V 52.000 39.500 2.493 0.480343 0.478828
V 51.500 41.000 2.493 0.480119 0.479522
V 52.000 41.000 2.493 0.480348 0.479520
V 52.000 40.500 2.493 0.480346 0.479289
V 51.500 42.000 2.493 0.480123 0.479982
V 52.000 42.000 2.493 0.480352 0.479981
V 52.000 41.500 2.493 0.480350 0.479750
V 51.500 43.000 2.493 0.480126 0.480443
V 52.000 43.000 2.493 0.480356 0.480441
V 52.000 42.500 2.493 0.480354 0.480211
V 51.500 44.000 2.493 0.480130 0.480904
V 52.000 44.000 2.493 0.480359 0.480902
V 52.000 43.500 2.493 0.480358 0.480672
V 51.500 45.000 2.493 0.480134 0.481365
V 52.000 45.000 2.493 0.480363 0.481363
V 52.000 44.500 2.493 0.480361 0.481133
V 51.500 46.000 2.493 0.480137 0.481826
V 52.000 46.000 2.493 0.480367 0.481824
V 52.000 45.500 2.493 0.480365 0.481593
V 51.500 47.000 2.493 0.480141 0.482287
V 52.000 47.000 2.493 0.480370 0.482285
V 52.000 46.500 2.493 0.480369 0.482054
V 51.500 48.000 2.493 0.480145 0.482747
V 52.000 48.000 2.493 0.480374 0.482746
V 52.000 47.500 2.493 0.480372 0.482515
V 51.500 49.000 2.493 0.480148 0.483208
V 52.000 49.000 2.493 0.480378 0.483206
V 52.000 48.500 2.493 0.480376 0.482976
V 51.500 50.000 2.493 0.480152 0.483669
V 52.000 50.000 2.493 0.480382 0.483667
V 52.000 49.500 2.493 0.480380 0.483437
V 51.667 50.172 2.493 0.480229 0.483748
V 51.333 50.151 2.493 0.480076 0.483739
V 52.000 50.192 2.493 0.480382 0.483756
V 52.152 30.000 2.493 0.480377 0.474450
V 52.347 31.000 2.493 0.480471 0.474910
V 52.695 31.000 2.493 0.480630 0.474909
V 52.514 30.667 2.493 0.480546 0.474756
V 52.333 30.333 2.493 0.480462 0.474603
V 52.822 31.235 2.493 0.480690 0.475016
V 52.500 32.000 2.493 0.480544 0.475370
V 53.000 32.000 2.493 0.480774 0.475368
V 53.000 31.527 2.493 0.480772 0.475151
V 52.950 31.470 2.493 0.480749 0.475124
V 52.500 33.000 2.493 0.480548 0.475831
V 53.000 33.000 2.493 0.480778 0.475829
V 53.000 32.500 2.493 0.480776 0.475599
V 52.500 34.000 2.493 0.480552 0.476292
V 53.000 34.000 2.493 0.480781 0.476290
V 53.000 33.500 2.493 0.480779 0.476060
V 52.500 35.000 2.493 0.480556 0.476753
V 53.000 35.000 2.493 0.480785 0.476751
V 53.000 34.500 2.493 0.480783 0.476520
V 52.500 36.000 2.493 0.480559 0.477214
V 53.000 36.000 2.493 0.480789 0.477212
V 53.000 35.500 2.493 0.480787 0.476981
V 52.500 37.000 2.493 0.480563 0.477674
V 53.000 37.000 2.493 0.480792 0.477673
V 53.000 36.500 2.493 0.480791 0.477442
V 52.500 38.000 2.493 0.480567 0.478135
V 53.000 38.000 2.493 0.480796 0.478133
V 53.000 37.500 2.493 0.480794 0.477903
V 52.500 39.000 2.493 0.480570 0.478596
V 53.000 39.000 2.493 0.480800 0.478594
V 53.000 38.500 2.493 0.480798 0.478364
V 52.500 40.000 2.493 0.480574 0.479057
V 53.000 40.000 2.493 0.480803 0.479055
V 53.000 39.500 2.493 0.480802 0.478825
V 52.500 41.000 2.493 0.480578 0.479518
V 53.000 41.000 2.493 0.480807 0.479516
V 53.000 40.500 2.493 0.480805 0.479286
V 52.500 42.000 2.493 0.480581 0.479979
V 53.000 42.000 2.493 0.480811 0.479977
V 53.000 41.500 2.493 0.480809 0.479746
V 52.500 43.000 2.493 0.480585 0.480439
V 53.000 43.000 2.493 0.480815 0.480438
V 53.000 42.500 2.493 0.480813 0.480207
V 52.500 44.000 2.493 0.480589 0.480900
V 53.000 44.000 2.493 0.480818 0.480898
V 53.000 43.500 2.493 0.480816 0.480668
V 52.500 45.000 2.493 0.480593 0.481361
V 53.000 45.000 2.493 0.480822 0.481359
V 53.000 44.500 2.493 0.480820 0.481129
V 52.500 46.000 2.493 0.480596 0.481822
V 53.000 46.000 2.493 0.480826 0.481820
V 53.000 45.500 2.493 0.480824 0.481590
V 52.500 47.000 2.493 0.480600 0.482283
V 53.000 47.000 2.493 0.480829 0.482281
V 53.000 46.500 2.493 0.480828 0.482051
V 52.500 48.000 2.493 0.480604 0.482744
V 53.000 48.000 2.493 0.480833 0.482742
V 53.000 47.500 2.493 0.480831 0.482511
V 52.500 49.000 2.493 0.480607 0.483205
V 53.000 49.000 2.493 0.480837 0.483203
V 53.000 48.500 2.493 0.480835 0.482972
V 52.500 50.000 2.493 0.480611 0.483665
V 53.000 50.000 2.493 0.480840 0.483664
V 53.000 49.500 2.493 0.480839 0.483433
V 52.667 50.233 2.493 0.480688 0.483772
V 52.333 50.212 2.493 0.480535 0.483764
V 53.000 50.253 2.493 0.480841 0.483780
V 53.206 31.764 2.493 0.480868 0.475259
V 53.412 32.000 2.493 0.480963 0.475367
V 53.500 33.000 2.493 0.481007 0.475827
V 54.000 33.000 2.493 0.481237 0.475825
V 54.000 32.674 2.493 0.481235 0.475675
V 53.706 32.337 2.493 0.481099 0.475521
V 53.500 34.000 2.493 0.481011 0.476288
V 54.000 34.000 2.493 0.481240 0.476286
V 54.000 33.500 2.493 0.481238 0.476056
V 53.500 35.000 2.493 0.481014 0.476749
V 54.000 35.000 2.493 0.481244 0.476747
V 54.000 34.500 2.493 0.481242 0.476517
V 53.500 36.000 2.493 0.481018 0.477210
V 54.000 36.000 2.493 0.481248 0.477208
V 54.000 35.500 2.493 0.481246 0.476978
V 53.500 37.000 2.493 0.481022 0.477671
V 54.000 37.000 2.493 0.481251 0.477669
V 54.000 36.500 2.493 0.481249 0.477438
V 53.500 38.000 2.493 0.481026 0.478132
V 54.000 38.000 2.493 0.481255 0.478130
V 54.000 37.500 2.493 0.481253 0.477899
V 53.500 39.000 2.493 0.481029 0.478592
V 54.000 39.000 2.493 0.481259 0.478591
V 54.000 38.500 2.493 0.481257 0.478360
V 53.500 40.000 2.493 0.481033 0.479053
V 54.000 40.000 2.493 0.481262 0.479051
V 54.000 39.500 2.493 0.481261 0.478821
V 53.500 41.000 2.493 0.481037 0.479514
V 54.000 41.000 2.493 0.481266 0.479512
V 54.000 40.500 2.493 0.481264 0.479282
V 53.500 42.000 2.493 0.481040 0.479975
V 54.000 42.000 2.493 0.481270 0.479973
V 54.000 41.500 2.493 0.481268 0.479743
V 53.500 43.000 2.493 0.481044 0.480436
V 54.000 43.000 2.493 0.481273 0.480434
V 54.000 42.500 2.493 0.481272 0.480204
V 53.500 44.000 2.493 0.481048 0.480897
V 54.000 44.000 2.493 0.481277 0.480895
V 54.000 43.500 2.493 0.481275 0.480664
V 53.500 45.000 2.493 0.481051 0.481357
V 54.000 45.000 2.493 0.481281 0.481356
V 54.000 44.500 2.493 0.481279 0.481125
V 53.500 46.000 2.493 0.481055 0.481818
V 54.000 46.000 2.493 0.481285 0.481816
V 54.000 45.500 2.493 0.481283 0.481586
V 53.500 47.000 2.493 0.481059 0.482279
V 54.000 47.000 2.493 0.481288 0.482277
V 54.000 46.500 2.493 0.481286 0.482047
V 53.500 48.000 2.493 0.481063 0.482740
V 54.000 48.000 2.493 0.481292 0.482738
V 54.000 47.500 2.493 0.481290 0.482508
V 53.500 49.000 2.493 0.481066 0.483201
V 54.000 49.000 2.493 0.481296 0.483199
V 54.000 48.500 2.493 0.481294 0.482969
V 53.500 50.000 2.493 0.481070 0.483662
V 54.000 50.000 2.493 0.481299 0.483660
V 54.000 49.500 2.493 0.481298 0.483429
V 53.667 50.294 2.493 0.481147 0.483796
V 53.333 50.273 2.493 0.480994 0.483788
V 54.000 50.314 2.493 0.481301 0.483805
V 54.284 33.000 2.493 0.481367 0.475824
V 54.500 34.000 2.493 0.481470 0.476284
V 55.000 34.000 2.493 0.481699 0.476283
V 55.000 33.821 2.493 0.481698 0.476200
V 54.523 33.274 2.493 0.481478 0.475950
V 54.761 33.547 2.493 0.481588 0.476075
V 54.500 35.000 2.493 0.481473 0.476745
V 55.000 35.000 2.493 0.481703 0.476743
V 55.000 34.500 2.493 0.481701 0.476513
V 54.500 36.000 2.493 0.481477 0.477206
V 55.000 36.000 2.493 0.481707 0.477204
V 55.000 35.500 2.493 0.481705 0.476974
V 54.500 37.000 2.493 0.481481 0.477667
V 55.000 37.000 2.493 0.481710 0.477665
V 55.000 36.500 2.493 0.481708 0.477435
V 54.500 38.000 2.493 0.481484 0.478128
V 55.000 38.000 2.493 0.481714 0.478126
V 55.000 37.500 2.493 0.481712 0.477896
V 54.500 39.000 2.493 0.481488 0.478589
V 55.000 39.000 2.493 0.481718 0.478587
V 55.000 38.500 2.493 0.481716 0.478356
V 54.500 40.000 2.493 0.481492 0.479050
V 55.000 40.000 2.493 0.481721 0.479048
V 55.000 39.500 2.493 0.481719 0.478817
V 54.500 41.000 2.493 0.481496 0.479510
V 55.000 41.000 2.493 0.481725 0.479509
V 55.000 40.500 2.493 0.481723 0.479278
V 54.500 42.000 2.493 0.481499 0.479971
V 55.000 42.000 2.493 0.481729 0.479969
V 55.000 41.500 2.493 0.481727 0.479739
V 54.500 43.000 2.493 0.481503 0.480432
V 55.000 43.000 2.493 0.481732 0.480430
V 55.000 42.500 2.493 0.481731 0.480200
V 54.500 44.000 2.493 0.481507 0.480893
V 55.000 44.000 2.493 0.481736 0.480891
V 55.000 43.500 2.493 0.481734 0.480661
V 54.500 45.000 2.493 0.481510 0.481354
V 55.000 45.000 2.493 0.481740 0.481352
V 55.000 44.500 2.493 0.481738 0.481121
V 54.500 46.000 2.493 0.481514 0.481815
V 55.000 46.000 2.493 0.481743 0.481813
V 55.000 45.500 2.493 0.481742 0.481582
V 54.500 47.000 2.493 0.481518 0.482275
V 55.000 47.000 2.493 0.481747 0.482274
V 55.000 46.500 2.493 0.481745 0.482043
V 54.500 48.000 2.493 0.481521 0.482736
V 55.000 48.000 2.493 0.481751 0.482734
V 55.000 47.500 2.493 0.481749 0.482504
V 54.500 49.000 2.493 0.481525 0.483197
V 55.000 49.000 2.493 0.481755 0.483195
V 55.000 48.500 2.493 0.481753 0.482965
V 54.500 50.000 2.493 0.481529 0.483658
V 55.000 50.000 2.493 0.481758 0.483656
V 55.000 49.500 2.493 0.481756 0.483426
V 54.667 50.355 2.493 0.481607 0.483821
V 54.333 50.334 2.493 0.481454 0.483813
V 55.000 50.375 2.493 0.481760 0.483829
V 55.157 34.000 2.493 0.481771 0.476282
V 55.500 35.000 2.493 0.481932 0.476742
V 56.000 35.000 2.493 0.482162 0.476740
V 56.000 34.967 2.493 0.482162 0.476725
V 55.438 34.322 2.493 0.481901 0.476430
V 55.719 34.645 2.493 0.482031 0.476577
V 55.500 36.000 2.493 0.481936 0.477202
V 56.000 36.000 2.493 0.482165 0.477201
V 56.000 35.500 2.493 0.482164 0.476970
V 55.500 37.000 2.493 0.481940 0.477663
V 56.000 37.000 2.493 0.482169 0.477661
V 56.000 36.500 2.493 0.482167 0.477431
V 55.500 38.000 2.493 0.481943 0.478124
V 56.000 38.000 2.493 0.482173 0.478122
V 56.000 37.500 2.493 0.482171 0.477892
V 55.500 39.000 2.493 0.481947 0.478585
V 56.000 39.000 2.493 0.482177 0.478583
V 56.000 38.500 2.493 0.482175 0.478353
V 55.500 40.000 2.493 0.481951 0.479046
V 56.000 40.000 2.493 0.482180 0.479044
V 56.000 39.500 2.493 0.482178 0.478814
V 55.500 41.000 2.493 0.481954 0.479507
V 56.000 41.000 2.493 0.482184 0.479505
V 56.000 40.500 2.493 0.482182 0.479274
V 55.500 42.000 2.493 0.481958 0.479968
V 56.000 42.000 2.493 0.482188 0.479966
V 56.000 41.500 2.493 0.482186 0.479735
V 55.500 43.000 2.493 0.481962 0.480428
V 56.000 43.000 2.493 0.482191 0.480427
V 56.000 42.500 2.493 0.482189 0.480196
V 55.500 44.000 2.493 0.481966 0.480889
V 56.000 44.000 2.493 0.482195 0.480887
V 56.000 43.500 2.493 0.482193 0.480657
V 55.500 45.000 2.493 0.481969 0.481350
V 56.000 45.000 2.493 0.482199 0.481348
V 56.000 44.500 2.493 0.482197 0.481118
V 55.500 46.000 2.493 0.481973 0.481811
V 56.000 46.000 2.493 0.482202 0.481809
V 56.000 45.500 2.493 0.482201 0.481579
V 55.500 47.000 2.493 0.481977 0.482272
V 56.000 47.000 2.493 0.482206 0.482270
V 56.000 46.500 2.493 0.482204 0.482039
V 55.500 48.000 2.493 0.481980 0.482733
V 56.000 48.000 2.493 0.482210 0.482731
V 56.000 47.500 2.493 0.482208 0.482500
V 55.500 49.000 2.493 0.481984 0.483193
V 56.000 49.000 2.493 0.482213 0.483192
V 56.000 48.500 2.493 0.482212 0.482961
V 55.500 50.000 2.493 0.481988 0.483654
V 56.000 50.000 2.493 0.482217 0.483652
V 56.000 49.500 2.493 0.482215 0.483422
V 55.667 50.416 2.493 0.482066 0.483845
V 55.333 50.395 2.493 0.481913 0.483837
V 56.000 50.436 2.493 0.482219 0.483853
V 56.029 35.000 2.493 0.482175 0.476740
V 56.450 36.000 2.493 0.482372 0.477199
V 56.901 36.000 2.493 0.482579 0.477197
V 56.610 35.667 2.493 0.482444 0.477045
V 56.319 35.333 2.493 0.482310 0.476892
V 56.500 37.000 2.493 0.482399 0.477660
V 57.000 37.000 2.493 0.482628 0.477658
V 57.000 36.557 2.493 0.482626 0.477454
V 57.000 36.114 2.493 0.482625 0.477249
V 56.500 38.000 2.493 0.482402 0.478120
V 57.000 38.000 2.493 0.482632 0.478119
V 57.000 37.500 2.493 0.482630 0.477888
V 56.500 39.000 2.493 0.482406 0.478581
V 57.000 39.000 2.493 0.482635 0.478579
V 57.000 38.500 2.493 0.482634 0.478349
V 56.500 40.000 2.493 0.482410 0.479042
V 57.000 40.000 2.493 0.482639 0.479040
V 57.000 39.500 2.493 0.482637 0.478810
V 56.500 41.000 2.493 0.482413 0.479503
V 57.000 41.000 2.493 0.482643 0.479501
V 57.000 40.500 2.493 0.482641 0.479271
V 56.500 42.000 2.493 0.482417 0.479964
V 57.000 42.000 2.493 0.482647 0.479962
V 57.000 41.500 2.493 0.482645 0.479732
V 56.500 43.000 2.493 0.482421 0.480425
V 57.000 43.000 2.493 0.482650 0.480423
V 57.000 42.500 2.493 0.482648 0.480192
V 56.500 44.000 2.493 0.482424 0.480885
V 57.000 44.000 2.493 0.482654 0.480884
V 57.000 43.500 2.493 0.482652 0.480653
V 56.500 45.000 2.493 0.482428 0.481346
V 57.000 45.000 2.493 0.482658 0.481344
V 57.000 44.500 2.493 0.482656 0.481114
V 56.500 46.000 2.493 0.482432 0.481807
V 57.000 46.000 2.493 0.482661 0.481805
V 57.000 45.500 2.493 0.482659 0.481575
V 56.500 47.000 2.493 0.482436 0.482268
V 57.000 47.000 2.493 0.482665 0.482266
V 57.000 46.500 2.493 0.482663 0.482036
V 56.500 48.000 2.493 0.482439 0.482729
V 57.000 48.000 2.493 0.482669 0.482727
V 57.000 47.500 2.493 0.482667 0.482497
V 56.500 49.000 2.493 0.482443 0.483190
V 57.000 49.000 2.493 0.482672 0.483188
V 57.000 48.500 2.493 0.482671 0.482957
V 56.500 50.000 2.493 0.482447 0.483651
V 57.000 50.000 2.493 0.482676 0.483649
V 57.000 49.500 2.493 0.482674 0.483418
V 56.667 50.477 2.493 0.482525 0.483870
V 56.333 50.456 2.493 0.482372 0.483862
V 57.000 50.497 2.493 0.482678 0.483878
V 57.386 37.000 2.493 0.482805 0.477656
V 57.773 37.000 2.493 0.482983 0.477655
V 57.515 36.705 2.493 0.482863 0.477520
V 57.258 36.409 2.493 0.482744 0.477384
V 57.500 38.000 2.493 0.482861 0.478117
V 58.000 38.000 2.493 0.483091 0.478115
V 58.000 37.630 2.493 0.483089 0.477944
V 58.000 37.260 2.493 0.483088 0.477774
V 57.500 39.000 2.493 0.482865 0.478578
V 58.000 39.000 2.493 0.483094 0.478576
V 58.000 38.500 2.493 0.483093 0.478345
V 57.500 40.000 2.493 0.482869 0.479038
V 58.000 40.000 2.493 0.483098 0.479037
V 58.000 39.500 2.493 0.483096 0.478806
V 57.500 41.000 2.493 0.482872 0.479499
V 58.000 41.000 2.493 0.483102 0.479497
V 58.000 40.500 2.493 0.483100 0.479267
V 57.500 42.000 2.493 0.482876 0.479960
V 58.000 42.000 2.493 0.483105 0.479958
V 58.000 41.500 2.493 0.483104 0.479728
V 57.500 43.000 2.493 0.482880 0.480421
V 58.000 43.000 2.493 0.483109 0.480419
V 58.000 42.500 2.493 0.483107 0.480189
V 57.500 44.000 2.493 0.482883 0.480882
V 58.000 44.000 2.493 0.483113 0.480880
V 58.000 43.500 2.493 0.483111 0.480649
V 57.500 45.000 2.493 0.482887 0.481343
V 58.000 45.000 2.493 0.483117 0.481341
V 58.000 44.500 2.493 0.483115 0.481110
V 57.500 46.000 2.493 0.482891 0.481803
V 58.000 46.000 2.493 0.483120 0.481802
V 58.000 45.500 2.493 0.483118 0.481571
V 57.500 47.000 2.493 0.482894 0.482264
V 58.000 47.000 2.493 0.483124 0.482262
V 58.000 46.500 2.493 0.483122 0.482032
V 57.500 48.000 2.493 0.482898 0.482725
V 58.000 48.000 2.493 0.483128 0.482723
V 58.000 47.500 2.493 0.483126 0.482493
V 57.500 49.000 2.493 0.482902 0.483186
V 58.000 49.000 2.493 0.483131 0.483184
V 58.000 48.500 2.493 0.483129 0.482954
V 57.500 50.000 2.493 0.482906 0.483647
V 58.000 50.000 2.493 0.483135 0.483645
V 58.000 49.500 2.493 0.483133 0.483415
V 58.000 50.279 2.493 0.483136 0.483774
V 57.333 50.518 2.493 0.482831 0.483886
V 57.667 50.538 2.493 0.482984 0.483894
V 58.000 50.558 2.493 0.483137 0.483902
V 58.323 38.000 2.493 0.483239 0.478114
V 58.645 38.000 2.493 0.483387 0.478112
V 58.323 37.630 2.493 0.483237 0.477943
V 58.500 39.000 2.493 0.483324 0.478574
V 59.000 39.000 2.493 0.483553 0.478572
V 59.000 38.703 2.493 0.483552 0.478435
V 59.000 38.407 2.493 0.483551 0.478299
V 58.823 38.203 2.493 0.483469 0.478206
V 58.500 40.000 2.493 0.483328 0.479035
V 59.000 40.000 2.493 0.483557 0.479033
V 59.000 39.500 2.493 0.483555 0.478802
V 58.500 41.000 2.493 0.483331 0.479496
V 59.000 41.000 2.493 0.483561 0.479494
V 59.000 40.500 2.493 0.483559 0.479263
V 58.500 42.000 2.493 0.483335 0.479956
V 59.000 42.000 2.493 0.483564 0.479955
V 59.000 41.500 2.493 0.483563 0.479724
V 58.500 43.000 2.493 0.483339 0.480417
V 59.000 43.000 2.493 0.483568 0.480415
V 59.000 42.500 2.493 0.483566 0.480185
V 58.500 44.000 2.493 0.483342 0.480878
V 59.000 44.000 2.493 0.483572 0.480876
V 59.000 43.500 2.493 0.483570 0.480646
V 58.500 45.000 2.493 0.483346 0.481339
V 59.000 45.000 2.493 0.483575 0.481337
V 59.000 44.500 2.493 0.483574 0.481107
V 58.500 46.000 2.493 0.483350 0.481800
V 59.000 46.000 2.493 0.483579 0.481798
V 59.000 45.500 2.493 0.483577 0.481567
V 58.500 47.000 2.493 0.483353 0.482261
V 59.000 47.000 2.493 0.483583 0.482259
V 59.000 46.500 2.493 0.483581 0.482028
V 58.500 48.000 2.493 0.483357 0.482721
V 59.000 48.000 2.493 0.483587 0.482720
V 59.000 47.500 2.493 0.483585 0.482489
V 58.500 49.000 2.493 0.483361 0.483182
V 59.000 49.000 2.493 0.483590 0.483180
V 59.000 48.500 2.493 0.483588 0.482950
V 58.500 50.000 2.493 0.483364 0.483643
V 59.000 50.000 2.493 0.483594 0.483641
V 59.000 49.500 2.493 0.483592 0.483411
V 59.000 50.310 2.493 0.483595 0.483784
V 58.333 50.579 2.493 0.483290 0.483910
V 58.667 50.599 2.493 0.483443 0.483919
V 59.000 50.619 2.493 0.483596 0.483927
V 59.259 39.000 2.493 0.483672 0.478571
V 59.517 39.000 2.493 0.483791 0.478570
V 59.259 38.703 2.493 0.483671 0.478434
V 59.500 40.000 2.493 0.483786 0.479031
V 60.000 40.000 2.493 0.484016 0.479029
V 60.000 39.554 2.493 0.484014 0.478823
V 59.759 39.277 2.493 0.483902 0.478697
V 59.500 41.000 2.493 0.483790 0.479492
V 60.000 41.000 2.493 0.484020 0.479490
V 60.000 40.500 2.493 0.484018 0.479260
V 59.500 42.000 2.493 0.483794 0.479953
V 60.000 42.000 2.493 0.484023 0.479951
V 60.000 41.500 2.493 0.484021 0.479720
V 59.500 43.000 2.493 0.483798 0.480414
V 60.000 43.000 2.493 0.484027 0.480412
V 60.000 42.500 2.493 0.484025 0.480181
V 59.500 44.000 2.493 0.483801 0.480874
V 60.000 44.000 2.493 0.484031 0.480872
V 60.000 43.500 2.493 0.484029 0.480642
V 59.500 45.000 2.493 0.483805 0.481335
V 60.000 45.000 2.493 0.484034 0.481333
V 60.000 44.500 2.493 0.484033 0.481103
V 59.500 46.000 2.493 0.483809 0.481796
V 60.000 46.000 2.493 0.484038 0.481794
V 60.000 45.500 2.493 0.484036 0.481564
V 59.500 47.000 2.493 0.483812 0.482257
V 60.000 47.000 2.493 0.484042 0.482255
V 60.000 46.500 2.493 0.484040 0.482025
V 59.500 48.000 2.493 0.483816 0.482718
V 60.000 48.000 2.493 0.484045 0.482716
V 60.000 47.500 2.493 0.484044 0.482485
V 59.500 49.000 2.493 0.483820 0.483179
V 60.000 49.000 2.493 0.484049 0.483177
V 60.000 48.500 2.493 0.484047 0.482946
V 59.500 50.000 2.493 0.483823 0.483639
V 60.000 50.000 2.493 0.484053 0.483638
V 60.000 49.500 2.493 0.484051 0.483407
V 60.000 50.340 2.493 0.484054 0.483794
V 59.333 50.640 2.493 0.483749 0.483935
V 59.667 50.660 2.493 0.483902 0.483943
V 60.000 50.680 2.493 0.484055 0.483951
V 60.417 40.000 2.493 0.484207 0.479028
V 60.180 39.760 2.493 0.484098 0.478918
V 60.500 41.000 2.493 0.484249 0.479488
V 61.000 41.000 2.493 0.484478 0.479486
V 61.000 40.592 2.493 0.484477 0.479298
V 60.708 40.296 2.493 0.484342 0.479163
V 60.500 42.000 2.493 0.484253 0.479949
V 61.000 42.000 2.493 0.484482 0.479947
V 61.000 41.500 2.493 0.484480 0.479717
V 60.500 43.000 2.493 0.484256 0.480410
V 61.000 43.000 2.493 0.484486 0.480408
V 61.000 42.500 2.493 0.484484 0.480178
V 60.500 44.000 2.493 0.484260 0.480871
V 61.000 44.000 2.493 0.484490 0.480869
V 61.000 43.500 2.493 0.484488 0.480638
V 60.500 45.000 2.493 0.484264 0.481331
V 61.000 45.000 2.493 0.484493 0.481330
V 61.000 44.500 2.493 0.484491 0.481099
V 60.500 46.000 2.493 0.484268 0.481792
V 61.000 46.000 2.493 0.484497 0.481790
V 61.000 45.500 2.493 0.484495 0.481560
V 60.500 47.000 2.493 0.484271 0.482253
V 61.000 47.000 2.493 0.484501 0.482251
V 61.000 46.500 2.493 0.484499 0.482021
V 60.500 48.000 2.493 0.484275 0.482714
V 61.000 48.000 2.493 0.484504 0.482712
V 61.000 47.500 2.493 0.484503 0.482482
V 60.500 49.000 2.493 0.484279 0.483175
V 61.000 49.000 2.493 0.484508 0.483173
V 61.000 48.500 2.493 0.484506 0.482943
V 60.500 50.000 2.493 0.484282 0.483636
V 61.000 50.000 2.493 0.484512 0.483634
V 61.000 49.500 2.493 0.484510 0.483403
V 61.000 50.371 2.493 0.484513 0.483805
V 60.333 50.701 2.493 0.484208 0.483959
V 60.667 50.721 2.493 0.484361 0.483967
V 61.000 50.741 2.493 0.484514 0.483975
V 61.403 41.000 2.493 0.484663 0.479485
V 61.201 40.796 2.493 0.484570 0.479391
V 61.500 42.000 2.493 0.484712 0.479945
V 62.000 42.000 2.493 0.484941 0.479943
V 62.000 41.606 2.493 0.484940 0.479762
V 61.701 41.303 2.493 0.484801 0.479623
V 61.500 43.000 2.493 0.484715 0.480406
V 62.000 43.000 2.493 0.484945 0.480404
V 62.000 42.500 2.493 0.484943 0.480174
V 61.500 44.000 2.493 0.484719 0.480867
V 62.000 44.000 2.493 0.484948 0.480865
V 62.000 43.500 2.493 0.484947 0.480635
V 61.500 45.000 2.493 0.484723 0.481328
V 62.000 45.000 2.493 0.484952 0.481326
V 62.000 44.500 2.493 0.484950 0.481095
V 61.500 46.000 2.493 0.484726 0.481789
V 62.000 46.000 2.493 0.484956 0.481787
V 62.000 45.500 2.493 0.484954 0.481556
V 61.500 47.000 2.493 0.484730 0.482249
V 62.000 47.000 2.493 0.484960 0.482248
V 62.000 46.500 2.493 0.484958 0.482017
V 61.500 48.000 2.493 0.484734 0.482710
V 62.000 48.000 2.493 0.484963 0.482708
V 62.000 47.500 2.493 0.484961 0.482478
V 61.500 49.000 2.493 0.484738 0.483171
V 62.000 49.000 2.493 0.484967 0.483169
V 62.000 48.500 2.493 0.484965 0.482939
V 61.500 50.000 2.493 0.484741 0.483632
V 62.000 50.000 2.493 0.484971 0.483630
V 62.000 49.500 2.493 0.484969 0.483400
V 62.000 50.401 2.493 0.484972 0.483815
V 61.333 50.762 2.493 0.484668 0.483984
V 61.667 50.782 2.493 0.484821 0.483992
V 62.000 50.802 2.493 0.484974 0.484000
V 62.388 42.000 2.493 0.485119 0.479942
V 62.194 41.803 2.493 0.485029 0.479852
V 62.500 43.000 2.493 0.485174 0.480402
V 63.000 43.000 2.493 0.485404 0.480401
V 63.000 42.620 2.493 0.485402 0.480226
V 62.694 42.310 2.493 0.485261 0.480084
V 62.500 44.000 2.493 0.485178 0.480863
V 63.000 44.000 2.493 0.485407 0.480861
V 63.000 43.500 2.493 0.485406 0.480631
V 62.500 45.000 2.493 0.485182 0.481324
V 63.000 45.000 2.493 0.485411 0.481322
V 63.000 44.500 2.493 0.485409 0.481092
V 62.500 46.000 2.493 0.485185 0.481785
V 63.000 46.000 2.493 0.485415 0.481783
V 63.000 45.500 2.493 0.485413 0.481553
V 62.500 47.000 2.493 0.485189 0.482246
V 63.000 47.000 2.493 0.485418 0.482244
V 63.000 46.500 2.493 0.485417 0.482013
V 62.500 48.000 2.493 0.485193 0.482707
V 63.000 48.000 2.493 0.485422 0.482705
V 63.000 47.500 2.493 0.485420 0.482474
V 62.500 49.000 2.493 0.485196 0.483167
V 63.000 49.000 2.493 0.485426 0.483166
V 63.000 48.500 2.493 0.485424 0.482935
V 62.500 50.000 2.493 0.485200 0.483628
V 63.000 50.000 2.493 0.485430 0.483626
V 63.000 49.500 2.493 0.485428 0.483396
V 63.000 50.432 2.493 0.485431 0.483825
V 62.333 50.823 2.493 0.485127 0.484008
V 62.667 50.843 2.493 0.485280 0.484016
V 63.000 50.863 2.493 0.485433 0.484024
V 63.374 43.000 2.493 0.485576 0.480399
V 63.187 42.810 2.493 0.485489 0.480312
V 63.500 44.000 2.493 0.485637 0.480860
V 64.000 44.000 2.493 0.485866 0.480858
V 64.000 43.635 2.493 0.485865 0.480689
V 63.687 43.317 2.493 0.485720 0.480544
V 63.500 45.000 2.493 0.485641 0.481320
V 64.000 45.000 2.493 0.485870 0.481318
V 64.000 44.500 2.493 0.485868 0.481088
V 63.500 46.000 2.493 0.485644 0.481781
V 64.000 46.000 2.493 0.485874 0.481779
V 64.000 45.500 2.493 0.485872 0.481549
V 63.500 47.000 2.493 0.485648 0.482242
V 64.000 47.000 2.493 0.485877 0.482240
V 64.000 46.500 2.493 0.485876 0.482010
V 63.500 48.000 2.493 0.485652 0.482703
V 64.000 48.000 2.493 0.485881 0.482701
V 64.000 47.500 2.493 0.485879 0.482471
V 63.500 49.000 2.493 0.485655 0.483164
V 64.000 49.000 2.493 0.485885 0.483162
V 64.000 48.500 2.493 0.485883 0.482931
V 63.500 50.000 2.493 0.485659 0.483625
V 64.000 50.000 2.493 0.485888 0.483623
V 64.000 49.500 2.493 0.485887 0.483392
V 64.000 50.462 2.493 0.485890 0.483836
V 63.333 50.884 2.493 0.485586 0.484032
V 63.667 50.904 2.493 0.485739 0.484041
V 64.000 50.924 2.493 0.485892 0.484049
V 64.360 44.000 2.493 0.486032 0.480856
V 64.180 43.817 2.493 0.485948 0.480773
V 64.500 45.000 2.493 0.486099 0.481317
V 65.000 45.000 2.493 0.486329 0.481315
V 65.000 44.649 2.493 0.486328 0.481153
V 64.680 44.324 2.493 0.486180 0.481005
V 64.500 46.000 2.493 0.486103 0.481777
V 65.000 46.000 2.493 0.486333 0.481776
V 65.000 45.500 2.493 0.486331 0.481545
V 64.500 47.000 2.493 0.486107 0.482238
V 65.000 47.000 2.493 0.486336 0.482236
V 65.000 46.500 2.493 0.486334 0.482006
V 64.500 48.000 2.493 0.486111 0.482699
V 65.000 48.000 2.493 0.486340 0.482697
V 65.000 47.500 2.493 0.486338 0.482467
V 64.500 49.000 2.493 0.486114 0.483160
V 65.000 49.000 2.493 0.486344 0.483158
V 65.000 48.500 2.493 0.486342 0.482928
V 64.500 50.000 2.493 0.486118 0.483621
V 65.000 50.000 2.493 0.486347 0.483619
V 65.000 49.500 2.493 0.486346 0.483389
V 65.000 50.493 2.493 0.486349 0.483846
V 64.333 50.945 2.493 0.486045 0.484057
V 64.667 50.965 2.493 0.486198 0.484065
V 65.000 50.985 2.493 0.486351 0.484073
V 65.346 45.000 2.493 0.486488 0.481313
V 65.500 46.000 2.493 0.486562 0.481774
V 66.000 46.000 2.493 0.486792 0.481772
V 66.000 45.663 2.493 0.486790 0.481617
V 65.673 45.332 2.493 0.486639 0.481465
V 65.500 47.000 2.493 0.486566 0.482235
V 66.000 47.000 2.493 0.486795 0.482233
V 66.000 46.500 2.493 0.486793 0.482002
V 65.500 48.000 2.493 0.486569 0.482695
V 66.000 48.000 2.493 0.486799 0.482694
V 66.000 47.500 2.493 0.486797 0.482463
V 65.500 49.000 2.493 0.486573 0.483156
V 66.000 49.000 2.493 0.486803 0.483154
V 66.000 48.500 2.493 0.486801 0.482924
V 65.500 50.000 2.493 0.486577 0.483617
V 66.000 50.000 2.493 0.486806 0.483615
V 66.000 49.500 2.493 0.486804 0.483385
V 65.619 51.000 2.493 0.486635 0.484078
V 66.000 51.000 2.493 0.486810 0.484076
V 66.000 50.500 2.493 0.486808 0.483846
V 65.238 51.000 2.493 0.486460 0.484079
V 65.619 51.023 2.493 0.486635 0.484088
V 66.000 51.047 2.493 0.486810 0.484098
V 66.332 46.000 2.493 0.486944 0.481771
V 66.500 47.000 2.493 0.487025 0.482231
V 67.000 47.000 2.493 0.487254 0.482229
V 67.000 46.677 2.493 0.487253 0.482080
V 66.666 46.339 2.493 0.487098 0.481926
V 66.500 48.000 2.493 0.487028 0.482692
V 67.000 48.000 2.493 0.487258 0.482690
V 67.000 47.500 2.493 0.487256 0.482459
V 66.500 49.000 2.493 0.487032 0.483153
V 67.000 49.000 2.493 0.487262 0.483151
V 67.000 48.500 2.493 0.487260 0.482920
V 66.500 50.000 2.493 0.487036 0.483613
V 67.000 50.000 2.493 0.487265 0.483612
V 67.000 49.500 2.493 0.487263 0.483381
V 66.500 51.000 2.493 0.487039 0.484074
V 67.000 51.000 2.493 0.487269 0.484072
V 67.000 50.500 2.493 0.487267 0.483842
V 66.667 51.087 2.493 0.487116 0.484114
V 66.333 51.067 2.493 0.486963 0.484106
V 67.000 51.108 2.493 0.487269 0.484122
V 67.318 47.000 2.493 0.487400 0.482228
V 67.500 48.000 2.493 0.487487 0.482688
V 68.000 48.000 2.493 0.487717 0.482686
V 68.000 47.692 2.493 0.487716 0.482544
V 67.659 47.346 2.493 0.487558 0.482386
V 67.500 49.000 2.493 0.487491 0.483149
V 68.000 49.000 2.493 0.487720 0.483147
V 68.000 48.500 2.493 0.487719 0.482917
V 67.500 50.000 2.493 0.487495 0.483610
V 68.000 50.000 2.493 0.487724 0.483608
V 68.000 49.500 2.493 0.487722 0.483377
V 67.500 51.000 2.493 0.487498 0.484071
V 68.000 51.000 2.493 0.487728 0.484069
V 68.000 50.500 2.493 0.487726 0.483838
V 67.667 51.148 2.493 0.487575 0.484138
V 67.333 51.128 2.493 0.487422 0.484130
V 68.000 51.169 2.493 0.487728 0.484146
V 68.304 48.000 2.493 0.487856 0.482685
V 68.500 49.000 2.493 0.487950 0.483145
V 69.000 49.000 2.493 0.488179 0.483143
V 69.000 48.706 2.493 0.488178 0.483008
V 68.652 48.353 2.493 0.488017 0.482846
V 68.500 50.000 2.493 0.487954 0.483606
V 69.000 50.000 2.493 0.488183 0.483604
V 69.000 49.500 2.493 0.488181 0.483374
V 68.500 51.000 2.493 0.487957 0.484067
V 69.000 51.000 2.493 0.488187 0.484065
V 69.000 50.500 2.493 0.488185 0.483835
V 68.667 51.209 2.493 0.488035 0.484163
V 68.333 51.189 2.493 0.487881 0.484155
V 69.000 51.230 2.493 0.488188 0.484171
V 69.290 49.000 2.493 0.488312 0.483142
V 69.500 50.000 2.493 0.488412 0.483602
V 70.000 50.000 2.493 0.488642 0.483600
V 70.000 49.561 2.493 0.488640 0.483398
V 69.645 49.281 2.493 0.488476 0.483270
V 69.500 51.000 2.493 0.488416 0.484063
V 70.000 51.000 2.493 0.488646 0.484061
V 70.000 50.500 2.493 0.488644 0.483831
V 69.667 51.270 2.493 0.488494 0.484187
V 69.333 51.250 2.493 0.488341 0.484179
V 70.000 51.291 2.493 0.488647 0.484195
V 70.277 49.781 2.493 0.488768 0.483498
V 70.277 50.000 2.493 0.488769 0.483599
V 70.555 50.000 2.493 0.488896 0.483598
V 70.500 51.000 2.493 0.488875 0.484059
V 71.000 51.000 2.493 0.489105 0.484058
V 71.000 50.676 2.493 0.489103 0.483908
V 71.000 50.352 2.493 0.489102 0.483759
V 70.777 50.176 2.493 0.488999 0.483679
V 70.667 51.331 2.493 0.488953 0.484212
V 70.333 51.311 2.493 0.488800 0.484203
V 71.000 51.352 2.493 0.489106 0.484220
V 71.410 51.000 2.493 0.489293 0.484056
V 71.819 51.000 2.493 0.489481 0.484055
V 71.546 50.784 2.493 0.489354 0.483956
V 71.273 50.568 2.493 0.489228 0.483858
V 71.667 51.392 2.493 0.489412 0.484236
V 72.000 51.143 2.493 0.489564 0.484120
V 71.333 51.372 2.493 0.489259 0.484228
V 72.000 51.413 2.493 0.489565 0.484244
V 72.370 51.435 2.493 0.489735 0.484253
V 72.980 55.669 2.493 0.490030 0.486202
V 73.000 56.000 2.493 0.490041 0.486354
V 73.000 55.669 2.493 0.490040 0.486202
V 73.000 55.338 2.493 0.490038 0.486049
V 72.960 56.000 2.493 0.490022 0.486355
V 72.919 56.667 2.493 0.490006 0.486662
V 73.000 57.000 2.493 0.490045 0.486815
V 73.000 56.500 2.493 0.490043 0.486585
V 72.939 56.333 2.493 0.490014 0.486508
V 72.899 57.000 2.493 0.489998 0.486816
V 72.858 57.667 2.493 0.489982 0.487123
V 73.000 58.000 2.493 0.490048 0.487276
V 73.000 57.500 2.493 0.490046 0.487046
V 72.878 57.333 2.493 0.489990 0.486969
V 72.838 58.000 2.493 0.489974 0.487277
V 72.797 58.667 2.493 0.489957 0.487584
V 73.000 59.000 2.493 0.490052 0.487737
V 73.000 58.500 2.493 0.490050 0.487506
V 72.817 58.333 2.493 0.489966 0.487430
V 72.776 59.000 2.493 0.489949 0.487738
V 72.736 59.667 2.493 0.489933 0.488045
V 73.000 60.000 2.493 0.490056 0.488198
V 73.000 59.500 2.493 0.490054 0.487967
V 72.756 59.333 2.493 0.489941 0.487891
V 72.715 60.000 2.493 0.489925 0.488199
V 73.000 60.285 2.493 0.490057 0.488329
V 72.699 60.267 2.493 0.489919 0.488322
V 73.170 52.545 2.493 0.490106 0.484762
V 73.143 53.000 2.493 0.490095 0.484971
V 73.571 53.000 2.493 0.490292 0.484970
V 74.000 53.000 2.493 0.490489 0.484968
V 74.000 52.724 2.493 0.490488 0.484841
V 73.733 52.513 2.493 0.490364 0.484745
V 73.465 52.302 2.493 0.490241 0.484648
V 73.198 52.090 2.493 0.490117 0.484552
V 73.541 54.000 2.493 0.490282 0.485431
V 74.000 54.000 2.493 0.490492 0.485429
V 74.000 53.500 2.493 0.490491 0.485199
V 73.122 53.333 2.493 0.490087 0.485125
V 73.102 53.667 2.493 0.490079 0.485279
V 73.082 54.000 2.493 0.490071 0.485432
V 73.510 55.000 2.493 0.490271 0.485892
V 74.000 55.000 2.493 0.490496 0.485890
V 74.000 54.500 2.493 0.490494 0.485659
V 73.061 54.333 2.493 0.490063 0.485586
V 73.041 54.667 2.493 0.490055 0.485740
V 73.021 55.000 2.493 0.490047 0.485893
V 73.500 56.000 2.493 0.490270 0.486353
V 74.000 56.000 2.493 0.490500 0.486351
V 74.000 55.500 2.493 0.490498 0.486120
V 73.500 57.000 2.493 0.490274 0.486813
V 74.000 57.000 2.493 0.490503 0.486811
V 74.000 56.500 2.493 0.490502 0.486581
V 73.500 58.000 2.493 0.490278 0.487274
V 74.000 58.000 2.493 0.490507 0.487272
V 74.000 57.500 2.493 0.490505 0.487042
V 73.500 59.000 2.493 0.490281 0.487735
V 74.000 59.000 2.493 0.490511 0.487733
V 74.000 58.500 2.493 0.490509 0.487503
V 73.500 60.000 2.493 0.490285 0.488196
V 74.000 60.000 2.493 0.490515 0.488194
V 74.000 59.500 2.493 0.490513 0.487964
V 73.667 60.326 2.493 0.490363 0.488345
V 73.333 60.305 2.493 0.490210 0.488337
V 74.000 60.346 2.493 0.490516 0.488353
V 74.349 53.000 2.493 0.490649 0.484967
V 74.500 54.000 2.493 0.490722 0.485427
V 75.000 54.000 2.493 0.490951 0.485425
V 75.000 53.515 2.493 0.490949 0.485202
V 74.674 53.258 2.493 0.490799 0.485084
V 74.500 55.000 2.493 0.490726 0.485888
V 75.000 55.000 2.493 0.490955 0.485886
V 75.000 54.500 2.493 0.490953 0.485656
V 74.500 56.000 2.493 0.490729 0.486349
V 75.000 56.000 2.493 0.490959 0.486347
V 75.000 55.500 2.493 0.490957 0.486117
V 74.500 57.000 2.493 0.490733 0.486810
V 75.000 57.000 2.493 0.490962 0.486808
V 75.000 56.500 2.493 0.490961 0.486577
V 74.500 58.000 2.493 0.490737 0.487270
V 75.000 58.000 2.493 0.490966 0.487269
V 75.000 57.500 2.493 0.490964 0.487038
V 74.500 59.000 2.493 0.490740 0.487731
V 75.000 59.000 2.493 0.490970 0.487729
V 75.000 58.500 2.493 0.490968 0.487499
V 74.500 60.000 2.493 0.490744 0.488192
V 75.000 60.000 2.493 0.490973 0.488190
V 75.000 59.500 2.493 0.490972 0.487960
V 74.667 60.386 2.493 0.490822 0.488369
V 74.333 60.366 2.493 0.490669 0.488361
V 75.000 60.406 2.493 0.490975 0.488378
V 75.307 53.758 2.493 0.491091 0.485312
V 75.307 54.000 2.493 0.491092 0.485424
V 75.613 54.000 2.493 0.491233 0.485423
V 75.500 55.000 2.493 0.491184 0.485884
V 76.000 55.000 2.493 0.491414 0.485882
V 76.000 54.653 2.493 0.491413 0.485722
V 76.000 54.306 2.493 0.491411 0.485562
V 75.500 56.000 2.493 0.491188 0.486345
V 76.000 56.000 2.493 0.491418 0.486343
V 76.000 55.500 2.493 0.491416 0.486113
V 75.500 57.000 2.493 0.491192 0.486806
V 76.000 57.000 2.493 0.491421 0.486804
V 76.000 56.500 2.493 0.491419 0.486574
V 75.500 58.000 2.493 0.491196 0.487267
V 76.000 58.000 2.493 0.491425 0.487265
V 76.000 57.500 2.493 0.491423 0.487034
V 75.500 59.000 2.493 0.491199 0.487728
V 76.000 59.000 2.493 0.491429 0.487726
V 76.000 58.500 2.493 0.491427 0.487495
V 75.500 60.000 2.493 0.491203 0.488188
V 76.000 60.000 2.493 0.491432 0.488187
V 76.000 59.500 2.493 0.491431 0.487956
V 75.667 60.446 2.493 0.491281 0.488394
V 75.333 60.426 2.493 0.491128 0.488386
V 76.000 60.467 2.493 0.491434 0.488402
V 76.439 55.000 2.493 0.491615 0.485881
V 76.878 55.000 2.493 0.491817 0.485879
V 76.585 54.769 2.493 0.491682 0.485774
V 76.293 54.537 2.493 0.491546 0.485668
V 76.500 56.000 2.493 0.491647 0.486341
V 77.000 56.000 2.493 0.491877 0.486340
V 77.000 55.548 2.493 0.491875 0.486131
V 77.000 55.096 2.493 0.491873 0.485923
V 76.500 57.000 2.493 0.491651 0.486802
V 77.000 57.000 2.493 0.491880 0.486800
V 77.000 56.500 2.493 0.491878 0.486570
V 76.500 58.000 2.493 0.491654 0.487263
V 77.000 58.000 2.493 0.491884 0.487261
V 77.000 57.500 2.493 0.491882 0.487031
V 76.500 59.000 2.493 0.491658 0.487724
V 77.000 59.000 2.493 0.491888 0.487722
V 77.000 58.500 2.493 0.491886 0.487492
V 76.500 60.000 2.493 0.491662 0.488185
V 77.000 60.000 2.493 0.491891 0.488183
V 77.000 59.500 2.493 0.491889 0.487952
V 77.000 60.264 2.493 0.491892 0.488304
V 76.333 60.487 2.493 0.491587 0.488410
V 76.667 60.507 2.493 0.491740 0.488418
V 77.000 60.527 2.493 0.491893 0.488426
V 77.350 55.373 2.493 0.492035 0.486049
V 77.500 56.000 2.493 0.492106 0.486338
V 77.700 55.650 2.493 0.492196 0.486176
V 78.000 56.000 2.493 0.492335 0.486336
V 78.000 55.742 2.493 0.492334 0.486217
V 78.000 55.484 2.493 0.492334 0.486098
V 77.500 57.000 2.493 0.492110 0.486798
V 78.000 57.000 2.493 0.492339 0.486797
V 78.000 56.500 2.493 0.492337 0.486566
V 77.500 58.000 2.493 0.492113 0.487259
V 78.000 58.000 2.493 0.492343 0.487257
V 78.000 57.500 2.493 0.492341 0.487027
V 77.500 59.000 2.493 0.492117 0.487720
V 78.000 59.000 2.493 0.492347 0.487718
V 78.000 58.500 2.493 0.492345 0.487488
V 77.500 60.000 2.493 0.492121 0.488181
V 78.000 60.000 2.493 0.492350 0.488179
V 78.000 59.500 2.493 0.492348 0.487949
V 78.000 60.294 2.493 0.492351 0.488315
V 77.333 60.547 2.493 0.492046 0.488434
V 77.667 60.567 2.493 0.492199 0.488442
V 78.000 60.587 2.493 0.492352 0.488450
V 78.872 55.000 2.493 0.492732 0.485872
V 79.000 55.000 2.493 0.492791 0.485871
V 79.000 54.929 2.493 0.492790 0.485839
V 78.500 56.000 2.493 0.492565 0.486334
V 79.000 56.000 2.493 0.492794 0.486332
V 79.000 55.500 2.493 0.492792 0.486102
V 78.436 55.242 2.493 0.492533 0.485985
V 78.500 57.000 2.493 0.492569 0.486795
V 79.000 57.000 2.493 0.492798 0.486793
V 79.000 56.500 2.493 0.492796 0.486563
V 78.500 58.000 2.493 0.492572 0.487256
V 79.000 58.000 2.493 0.492802 0.487254
V 79.000 57.500 2.493 0.492800 0.487023
V 78.500 59.000 2.493 0.492576 0.487716
V 79.000 59.000 2.493 0.492805 0.487715
V 79.000 58.500 2.493 0.492804 0.487484
V 78.500 60.000 2.493 0.492580 0.488177
V 79.000 60.000 2.493 0.492809 0.488175
V 79.000 59.500 2.493 0.492807 0.487945
V 79.000 60.324 2.493 0.492810 0.488325
V 78.333 60.608 2.493 0.492505 0.488458
V 78.667 60.628 2.493 0.492658 0.488466
V 79.000 60.648 2.493 0.492812 0.488474
V 79.333 54.744 2.493 0.492943 0.485752
V 79.500 55.000 2.493 0.493020 0.485869
V 80.000 55.000 2.493 0.493250 0.485868
V 80.000 54.687 2.493 0.493248 0.485723
V 80.000 54.375 2.493 0.493247 0.485579
V 79.667 54.560 2.493 0.493095 0.485666
V 79.500 56.000 2.493 0.493024 0.486330
V 80.000 56.000 2.493 0.493253 0.486328
V 80.000 55.500 2.493 0.493251 0.486098
V 79.500 57.000 2.493 0.493027 0.486791
V 80.000 57.000 2.493 0.493257 0.486789
V 80.000 56.500 2.493 0.493255 0.486559
V 79.500 58.000 2.493 0.493031 0.487252
V 80.000 58.000 2.493 0.493261 0.487250
V 80.000 57.500 2.493 0.493259 0.487020
V 79.500 59.000 2.493 0.493035 0.487713
V 80.000 59.000 2.493 0.493264 0.487711
V 80.000 58.500 2.493 0.493262 0.487480
V 79.500 60.000 2.493 0.493039 0.488174
V 80.000 60.000 2.493 0.493268 0.488172
V 80.000 59.500 2.493 0.493266 0.487941
V 80.000 60.354 2.493 0.493269 0.488335
V 79.333 60.668 2.493 0.492965 0.488482
V 79.667 60.688 2.493 0.493118 0.488490
V 80.000 60.708 2.493 0.493271 0.488498
V 80.440 54.558 2.493 0.493450 0.485662
V 80.413 55.000 2.493 0.493439 0.485866
V 80.234 54.245 2.493 0.493354 0.485519
V 80.467 54.116 2.493 0.493461 0.485458
V 80.393 55.333 2.493 0.493431 0.486020
V 80.372 55.667 2.493 0.493423 0.486173
V 80.352 56.000 2.493 0.493415 0.486327
V 80.332 56.333 2.493 0.493407 0.486481
V 80.311 56.667 2.493 0.493399 0.486634
V 80.291 57.000 2.493 0.493390 0.486788
V 80.271 57.333 2.493 0.493382 0.486942
V 80.250 57.667 2.493 0.493374 0.487096
V 80.230 58.000 2.493 0.493366 0.487249
V 80.210 58.333 2.493 0.493358 0.487403
V 80.189 58.667 2.493 0.493350 0.487557
V 80.169 59.000 2.493 0.493342 0.487710
V 80.149 59.333 2.493 0.493334 0.487864
V 80.128 59.667 2.493 0.493326 0.488018
V 80.108 60.000 2.493 0.493318 0.488171
V 80.086 60.356 2.493 0.493309 0.488336
V 80.064 60.712 2.493 0.493300 0.488500
V 80.676 54.000 0.093 0.493556 0.485404
V 81.000 54.000 0.093 0.493705 0.485403
V 81.000 53.820 0.093 0.493704 0.485320
V 80.440 54.558 0.093 0.493450 0.485662
V 80.413 55.000 0.093 0.493439 0.485866
V 80.707 55.000 0.093 0.493574 0.485865
V 81.000 55.000 0.093 0.493708 0.485864
V 81.000 54.500 0.093 0.493707 0.485633
V 80.467 54.116 0.093 0.493461 0.485458
V 80.676 56.000 0.093 0.493563 0.486326
V 81.000 56.000 0.093 0.493712 0.486325
V 81.000 55.500 0.093 0.493710 0.486094
V 80.393 55.333 0.093 0.493431 0.486020
V 80.372 55.667 0.093 0.493423 0.486173
V 80.352 56.000 0.093 0.493415 0.486327
V 80.646 57.000 0.093 0.493553 0.486787
V 81.000 57.000 0.093 0.493716 0.486786
V 81.000 56.500 0.093 0.493714 0.486555
V 80.332 56.333 0.093 0.493407 0.486481
V 80.311 56.667 0.093 0.493399 0.486634
V 80.291 57.000 0.093 0.493390 0.486788
V 80.615 58.000 0.093 0.493543 0.487248
V 81.000 58.000 0.093 0.493720 0.487246
V 81.000 57.500 0.093 0.493718 0.487016
V 80.271 57.333 0.093 0.493382 0.486942
V 80.250 57.667 0.093 0.493374 0.487096
V 80.230 58.000 0.093 0.493366 0.487249
V 80.584 59.000 0.093 0.493533 0.487709
V 81.000 59.000 0.093 0.493723 0.487707
V 81.000 58.500 0.093 0.493721 0.487477
V 80.210 58.333 0.093 0.493358 0.487403
V 80.189 58.667 0.093 0.493350 0.487557
V 80.169 59.000 0.093 0.493342 0.487710
V 80.554 60.000 0.093 0.493522 0.488170
V 81.000 60.000 0.093 0.493727 0.488168
V 81.000 59.500 0.093 0.493725 0.487938
V 80.149 59.333 0.093 0.493334 0.487864
V 80.128 59.667 0.093 0.493326 0.488018
V 80.108 60.000 0.093 0.493318 0.488171
V 81.000 60.384 0.093 0.493728 0.488345
V 80.532 60.741 0.093 0.493515 0.488511
V 81.000 60.769 0.093 0.493730 0.488522
V 80.086 60.356 0.093 0.493309 0.488336
V 80.064 60.712 0.093 0.493300 0.488500
V 81.500 54.000 0.093 0.493934 0.485401
V 82.000 54.000 0.093 0.494164 0.485399
V 82.000 53.633 0.093 0.494162 0.485230
V 82.000 53.266 0.093 0.494161 0.485061
V 81.667 53.451 0.093 0.494009 0.485147
V 81.333 53.636 0.093 0.493856 0.485234
V 81.500 55.000 0.093 0.493938 0.485862
V 82.000 55.000 0.093 0.494167 0.485860
V 82.000 54.500 0.093 0.494166 0.485630
V 81.500 56.000 0.093 0.493942 0.486323
V 82.000 56.000 0.093 0.494171 0.486321
V 82.000 55.500 0.093 0.494169 0.486091
V 81.500 57.000 0.093 0.493945 0.486784
V 82.000 57.000 0.093 0.494175 0.486782
V 82.000 56.500 0.093 0.494173 0.486551
V 81.500 58.000 0.093 0.493949 0.487244
V 82.000 58.000 0.093 0.494178 0.487243
V 82.000 57.500 0.093 0.494177 0.487012
V 81.500 59.000 0.093 0.493953 0.487705
V 82.000 59.000 0.093 0.494182 0.487703
V 82.000 58.500 0.093 0.494180 0.487473
V 81.500 60.000 0.093 0.493956 0.488166
V 82.000 60.000 0.093 0.494186 0.488164
V 82.000 59.500 0.093 0.494184 0.487934
V 82.000 60.415 0.093 0.494187 0.488355
V 81.333 60.789 0.093 0.493883 0.488530
V 81.667 60.809 0.093 0.494036 0.488538
V 82.000 60.829 0.093 0.494189 0.488546
V 82.740 52.856 0.093 0.494499 0.484869
V 83.000 53.000 0.093 0.494619 0.484935
V 83.000 52.712 0.093 0.494618 0.484802
V 82.480 53.000 0.093 0.494380 0.484937
V 82.740 53.000 0.093 0.494500 0.484936
V 82.500 54.000 0.093 0.494393 0.485397
V 83.000 54.000 0.093 0.494623 0.485396
V 83.000 53.500 0.093 0.494621 0.485165
V 82.240 53.133 0.093 0.494271 0.484999
V 82.500 55.000 0.093 0.494397 0.485858
V 83.000 55.000 0.093 0.494626 0.485856
V 83.000 54.500 0.093 0.494624 0.485626
V 82.500 56.000 0.093 0.494401 0.486319
V 83.000 56.000 0.093 0.494630 0.486317
V 83.000 55.500 0.093 0.494628 0.486087
V 82.500 57.000 0.093 0.494404 0.486780
V 83.000 57.000 0.093 0.494634 0.486778
V 83.000 56.500 0.093 0.494632 0.486548
V 82.500 58.000 0.093 0.494408 0.487241
V 83.000 58.000 0.093 0.494637 0.487239
V 83.000 57.500 0.093 0.494636 0.487009
V 82.500 59.000 0.093 0.494412 0.487702
V 83.000 59.000 0.093 0.494641 0.487700
V 83.000 58.500 0.093 0.494639 0.487469
V 82.500 60.000 0.093 0.494415 0.488162
V 83.000 60.000 0.093 0.494645 0.488161
V 83.000 59.500 0.093 0.494643 0.487930
V 83.000 60.445 0.093 0.494646 0.488366
V 82.333 60.849 0.093 0.494342 0.488554
V 82.667 60.869 0.093 0.494495 0.488563
V 83.000 60.890 0.093 0.494648 0.488571
V 83.500 53.000 0.093 0.494848 0.484933
V 84.000 53.000 0.093 0.495078 0.484931
V 84.000 52.579 0.093 0.495076 0.484737
V 84.000 52.157 0.093 0.495075 0.484543
V 83.667 52.342 0.093 0.494922 0.484629
V 83.333 52.527 0.093 0.494770 0.484715
V 83.500 54.000 0.093 0.494852 0.485394
V 84.000 54.000 0.093 0.495081 0.485392
V 84.000 53.500 0.093 0.495080 0.485161
V 83.500 55.000 0.093 0.494856 0.485855
V 84.000 55.000 0.093 0.495085 0.485853
V 84.000 54.500 0.093 0.495083 0.485622
V 83.500 56.000 0.093 0.494859 0.486315
V 84.000 56.000 0.093 0.495089 0.486314
V 84.000 55.500 0.093 0.495087 0.486083
V 83.500 57.000 0.093 0.494863 0.486776
V 84.000 57.000 0.093 0.495093 0.486774
V 84.000 56.500 0.093 0.495091 0.486544
V 83.500 58.000 0.093 0.494867 0.487237
V 84.000 58.000 0.093 0.495096 0.487235
V 84.000 57.500 0.093 0.495094 0.487005
V 83.500 59.000 0.093 0.494871 0.487698
V 84.000 59.000 0.093 0.495100 0.487696
V 84.000 58.500 0.093 0.495098 0.487466
V 83.500 60.000 0.093 0.494874 0.488159
V 84.000 60.000 0.093 0.495104 0.488157
V 84.000 59.500 0.093 0.495102 0.487926
V 84.000 60.475 0.093 0.495105 0.488376
V 83.333 60.910 0.093 0.494801 0.488579
V 83.667 60.930 0.093 0.494954 0.488587
V 84.000 60.950 0.093 0.495107 0.488595
V 84.642 51.801 0.093 0.495368 0.484376
V 85.000 52.000 0.093 0.495533 0.484466
V 85.000 51.603 0.093 0.495532 0.484283
V 84.284 52.000 0.093 0.495204 0.484469
V 84.642 52.000 0.093 0.495369 0.484468
V 84.500 53.000 0.093 0.495307 0.484929
V 85.000 53.000 0.093 0.495537 0.484927
V 85.000 52.500 0.093 0.495535 0.484697
V 84.500 54.000 0.093 0.495311 0.485390
V 85.000 54.000 0.093 0.495540 0.485388
V 85.000 53.500 0.093 0.495539 0.485158
V 84.500 55.000 0.093 0.495315 0.485851
V 85.000 55.000 0.093 0.495544 0.485849
V 85.000 54.500 0.093 0.495542 0.485619
V 84.500 56.000 0.093 0.495318 0.486312
V 85.000 56.000 0.093 0.495548 0.486310
V 85.000 55.500 0.093 0.495546 0.486079
V 84.500 57.000 0.093 0.495322 0.486773
V 85.000 57.000 0.093 0.495551 0.486771
V 85.000 56.500 0.093 0.495550 0.486540
V 84.500 58.000 0.093 0.495326 0.487233
V 85.000 58.000 0.093 0.495555 0.487231
V 85.000 57.500 0.093 0.495553 0.487001
V 84.500 59.000 0.093 0.495329 0.487694
V 85.000 59.000 0.093 0.495559 0.487692
V 85.000 58.500 0.093 0.495557 0.487462
V 84.500 60.000 0.093 0.495333 0.488155
V 85.000 60.000 0.093 0.495563 0.488153
V 85.000 59.500 0.093 0.495561 0.487923
V 84.827 61.000 0.093 0.495487 0.488615
V 85.000 61.000 0.093 0.495566 0.488614
V 85.000 60.500 0.093 0.495564 0.488384
V 84.413 60.975 0.093 0.495297 0.488605
V 85.000 61.010 0.093 0.495566 0.488619
V 85.500 52.000 0.093 0.495762 0.484465
V 86.000 52.000 0.093 0.495992 0.484463
V 86.000 51.524 0.093 0.495990 0.484243
V 86.000 51.048 0.093 0.495988 0.484024
V 85.667 51.233 0.093 0.495836 0.484111
V 85.333 51.418 0.093 0.495684 0.484197
V 85.500 53.000 0.093 0.495766 0.484925
V 86.000 53.000 0.093 0.495996 0.484924
V 86.000 52.500 0.093 0.495994 0.484693
V 85.500 54.000 0.093 0.495770 0.485386
V 86.000 54.000 0.093 0.495999 0.485384
V 86.000 53.500 0.093 0.495997 0.485154
V 85.500 55.000 0.093 0.495774 0.485847
V 86.000 55.000 0.093 0.496003 0.485845
V 86.000 54.500 0.093 0.496001 0.485615
V 85.500 56.000 0.093 0.495777 0.486308
V 86.000 56.000 0.093 0.496007 0.486306
V 86.000 55.500 0.093 0.496005 0.486076
V 85.500 57.000 0.093 0.495781 0.486769
V 86.000 57.000 0.093 0.496010 0.486767
V 86.000 56.500 0.093 0.496009 0.486537
V 85.500 58.000 0.093 0.495785 0.487230
V 86.000 58.000 0.093 0.496014 0.487228
V 86.000 57.500 0.093 0.496012 0.486997
V 85.500 59.000 0.093 0.495788 0.487690
V 86.000 59.000 0.093 0.496018 0.487689
V 86.000 58.500 0.093 0.496016 0.487458
V 85.500 60.000 0.093 0.495792 0.488151
V 86.000 60.000 0.093 0.496021 0.488149
V 86.000 59.500 0.093 0.496020 0.487919
V 85.500 61.000 0.093 0.495796 0.488612
V 86.000 61.000 0.093 0.496025 0.488610
V 86.000 60.500 0.093 0.496023 0.488380
V 85.667 61.051 0.093 0.495872 0.488635
V 85.333 61.031 0.093 0.495719 0.488627
V 86.000 61.071 0.093 0.496025 0.488643
V 86.696 50.663 0.093 0.496306 0.483844
V 87.000 51.000 0.093 0.496447 0.483998
V 87.000 50.747 0.093 0.496446 0.483882
V 87.000 50.494 0.093 0.496445 0.483765
V 86.392 50.831 0.093 0.496167 0.483923
V 86.087 51.000 0.093 0.496028 0.484002
V 86.544 51.000 0.093 0.496238 0.484000
V 86.500 52.000 0.093 0.496221 0.484461
V 87.000 52.000 0.093 0.496451 0.484459
V 87.000 51.500 0.093 0.496449 0.484229
V 86.929 52.524 0.093 0.496420 0.484701
V 87.000 52.528 0.093 0.496453 0.484702
V 87.000 52.264 0.093 0.496452 0.484581
V 86.450 53.000 0.093 0.496202 0.484922
V 86.900 53.000 0.093 0.496409 0.484920
V 86.419 54.000 0.093 0.496192 0.485383
V 86.839 54.000 0.093 0.496384 0.485381
V 86.859 53.667 0.093 0.496392 0.485228
V 86.879 53.333 0.093 0.496400 0.485074
V 86.389 55.000 0.093 0.496181 0.485844
V 86.778 55.000 0.093 0.496360 0.485842
V 86.798 54.667 0.093 0.496368 0.485689
V 86.818 54.333 0.093 0.496376 0.485535
V 86.358 56.000 0.093 0.496171 0.486305
V 86.717 56.000 0.093 0.496336 0.486303
V 86.737 55.667 0.093 0.496344 0.486150
V 86.757 55.333 0.093 0.496352 0.485996
V 86.328 57.000 0.093 0.496161 0.486766
V 86.656 57.000 0.093 0.496311 0.486765
V 86.676 56.667 0.093 0.496319 0.486611
V 86.696 56.333 0.093 0.496327 0.486457
V 86.297 58.000 0.093 0.496151 0.487227
V 86.595 58.000 0.093 0.496287 0.487226
V 86.615 57.667 0.093 0.496295 0.487072
V 86.635 57.333 0.093 0.496303 0.486918
V 86.267 59.000 0.093 0.496140 0.487688
V 86.534 59.000 0.093 0.496263 0.487687
V 86.554 58.667 0.093 0.496271 0.487533
V 86.574 58.333 0.093 0.496279 0.487379
V 86.493 59.667 0.093 0.496246 0.487994
V 86.472 60.000 0.093 0.496238 0.488148
V 86.513 59.333 0.093 0.496255 0.487840
V 86.452 60.333 0.093 0.496230 0.488301
V 86.432 60.667 0.093 0.496222 0.488455
V 86.411 61.000 0.093 0.496214 0.488609
V 86.406 61.095 0.093 0.496212 0.488653
V 87.891 50.000 0.093 0.496852 0.483534
V 88.000 50.000 0.093 0.496902 0.483534
V 88.000 49.940 0.093 0.496902 0.483506
V 87.500 51.000 0.093 0.496677 0.483996
V 88.000 51.000 0.093 0.496906 0.483994
V 88.000 50.500 0.093 0.496904 0.483764
V 87.297 50.329 0.093 0.496581 0.483688
V 87.594 50.165 0.093 0.496717 0.483611
V 87.500 52.000 0.093 0.496680 0.484457
V 88.000 52.000 0.093 0.496910 0.484455
V 88.000 51.500 0.093 0.496908 0.484225
V 88.000 52.295 0.093 0.496911 0.484591
V 87.333 52.549 0.093 0.496606 0.484711
V 87.667 52.569 0.093 0.496759 0.484719
V 88.000 52.589 0.093 0.496912 0.484727
V 88.333 49.755 0.093 0.497054 0.483419
V 88.500 50.000 0.093 0.497132 0.483532
V 88.667 49.570 0.093 0.497207 0.483333
V 89.000 50.000 0.093 0.497361 0.483530
V 89.000 49.693 0.093 0.497360 0.483388
V 89.000 49.385 0.093 0.497359 0.483247
V 88.500 51.000 0.093 0.497135 0.483993
V 89.000 51.000 0.093 0.497365 0.483991
V 89.000 50.500 0.093 0.497363 0.483760
V 88.500 52.000 0.093 0.497139 0.484453
V 89.000 52.000 0.093 0.497369 0.484452
V 89.000 51.500 0.093 0.497367 0.484221
V 89.000 52.325 0.093 0.497370 0.484601
V 88.333 52.610 0.093 0.497065 0.484735
V 88.667 52.630 0.093 0.497218 0.484743
V 89.000 52.650 0.093 0.497371 0.484751
V 89.695 49.000 0.093 0.497676 0.483066
V 90.000 49.000 0.093 0.497816 0.483065
V 90.000 48.831 0.093 0.497816 0.482987
V 89.500 50.000 0.093 0.497591 0.483528
V 90.000 50.000 0.093 0.497820 0.483526
V 90.000 49.500 0.093 0.497818 0.483296
V 89.347 49.193 0.093 0.497518 0.483157
V 89.500 51.000 0.093 0.497594 0.483989
V 90.000 51.000 0.093 0.497824 0.483987
V 90.000 50.500 0.093 0.497822 0.483757
V 89.500 52.000 0.093 0.497598 0.484450
V 90.000 52.000 0.093 0.497828 0.484448
V 90.000 51.500 0.093 0.497826 0.484217
V 90.000 52.356 0.093 0.497829 0.484612
V 89.333 52.671 0.093 0.497524 0.484759
V 89.667 52.691 0.093 0.497677 0.484768
V 90.000 52.711 0.093 0.497830 0.484776
V 90.200 48.720 0.093 0.497907 0.482936
V 90.500 49.000 0.093 0.498046 0.483063
V 91.000 49.000 0.093 0.498275 0.483062
V 91.000 48.589 0.093 0.498274 0.482872
V 91.000 48.177 0.093 0.498272 0.482682
V 90.600 48.449 0.093 0.498090 0.482809
V 90.500 50.000 0.093 0.498050 0.483524
V 91.000 50.000 0.093 0.498279 0.483522
V 91.000 49.500 0.093 0.498277 0.483292
V 90.500 51.000 0.093 0.498053 0.483985
V 91.000 51.000 0.093 0.498283 0.483983
V 91.000 50.500 0.093 0.498281 0.483753
V 90.500 52.000 0.093 0.498057 0.484446
V 91.000 52.000 0.093 0.498286 0.484444
V 91.000 51.500 0.093 0.498285 0.484214
V 91.000 52.386 0.093 0.498288 0.484622
V 90.333 52.732 0.093 0.497983 0.484784
V 90.667 52.752 0.093 0.498136 0.484792
V 91.000 52.772 0.093 0.498289 0.484800
V 91.631 48.000 0.093 0.498561 0.482598
V 92.000 48.000 0.093 0.498731 0.482597
V 92.000 47.749 0.093 0.498730 0.482482
V 92.000 47.499 0.093 0.498729 0.482366
V 91.631 47.749 0.093 0.498560 0.482483
V 91.261 48.000 0.093 0.498392 0.482600
V 91.500 49.000 0.093 0.498505 0.483060
V 92.000 49.000 0.093 0.498734 0.483058
V 92.000 48.500 0.093 0.498732 0.482827
V 91.500 50.000 0.093 0.498509 0.483521
V 92.000 50.000 0.093 0.498738 0.483519
V 92.000 49.500 0.093 0.498736 0.483288
V 91.500 51.000 0.093 0.498512 0.483981
V 92.000 51.000 0.093 0.498742 0.483980
V 92.000 50.500 0.093 0.498740 0.483749
V 91.500 52.000 0.093 0.498516 0.484442
V 92.000 52.000 0.093 0.498745 0.484440
V 92.000 51.500 0.093 0.498744 0.484210
V 92.000 52.417 0.093 0.498747 0.484633
V 91.333 52.793 0.093 0.498442 0.484808
V 91.667 52.813 0.093 0.498595 0.484816
V 92.000 52.834 0.093 0.498748 0.484825
V 92.736 47.000 0.093 0.499064 0.482133
V 93.000 47.000 0.093 0.499186 0.482133
V 93.000 46.821 0.093 0.499185 0.482050
V 92.500 48.000 0.093 0.498960 0.482595
V 93.000 48.000 0.093 0.499189 0.482593
V 93.000 47.500 0.093 0.499188 0.482363
V 92.368 47.249 0.093 0.498897 0.482250
V 92.500 49.000 0.093 0.498964 0.483056
V 93.000 49.000 0.093 0.499193 0.483054
V 93.000 48.500 0.093 0.499191 0.482824
V 92.500 50.000 0.093 0.498967 0.483517
V 93.000 50.000 0.093 0.499197 0.483515
V 93.000 49.500 0.093 0.499195 0.483285
V 92.500 51.000 0.093 0.498971 0.483978
V 93.000 51.000 0.093 0.499201 0.483976
V 93.000 50.500 0.093 0.499199 0.483745
V 92.500 52.000 0.093 0.498975 0.484439
V 93.000 52.000 0.093 0.499204 0.484437
V 93.000 51.500 0.093 0.499202 0.484206
V 93.000 52.447 0.093 0.499206 0.484643
V 92.333 52.854 0.093 0.498902 0.484833
V 92.667 52.874 0.093 0.499055 0.484841
V 93.000 52.895 0.093 0.499208 0.484849
V 93.500 47.000 0.093 0.499415 0.482131
V 94.000 47.000 0.093 0.499645 0.482129
V 94.000 46.571 0.093 0.499643 0.481931
V 94.000 46.142 0.093 0.499642 0.481734
V 93.667 46.368 0.093 0.499489 0.481839
V 93.333 46.594 0.093 0.499337 0.481944
V 93.500 48.000 0.093 0.499419 0.482592
V 94.000 48.000 0.093 0.499648 0.482590
V 94.000 47.500 0.093 0.499647 0.482359
V 93.500 49.000 0.093 0.499423 0.483052
V 94.000 49.000 0.093 0.499652 0.483050
V 94.000 48.500 0.093 0.499650 0.482820
V 93.500 50.000 0.093 0.499426 0.483513
V 94.000 50.000 0.093 0.499656 0.483511
V 94.000 49.500 0.093 0.499654 0.483281
V 93.500 51.000 0.093 0.499430 0.483974
V 94.000 51.000 0.093 0.499660 0.483972
V 94.000 50.500 0.093 0.499658 0.483742
V 93.500 52.000 0.093 0.499434 0.484435
V 94.000 52.000 0.093 0.499663 0.484433
V 94.000 51.500 0.093 0.499661 0.484203
V 94.000 52.478 0.093 0.499665 0.484653
V 93.333 52.915 0.093 0.499361 0.484857
V 93.667 52.935 0.093 0.499514 0.484865
V 94.000 52.956 0.093 0.499667 0.484873
V 94.605 46.000 0.093 0.499919 0.481666
V 95.000 46.000 0.093 0.500100 0.481664
V 95.000 45.732 0.093 0.500099 0.481541
V 95.000 45.464 0.093 0.500098 0.481417
V 94.605 45.732 0.093 0.499918 0.481542
V 94.210 46.000 0.093 0.499737 0.481667
V 94.500 47.000 0.093 0.499874 0.482127
V 95.000 47.000 0.093 0.500104 0.482125
V 95.000 46.500 0.093 0.500102 0.481895
V 94.500 48.000 0.093 0.499878 0.482588
V 95.000 48.000 0.093 0.500107 0.482586
V 95.000 47.500 0.093 0.500105 0.482356
V 94.500 49.000 0.093 0.499882 0.483049
V 95.000 49.000 0.093 0.500111 0.483047
V 95.000 48.500 0.093 0.500109 0.482816
V 94.500 50.000 0.093 0.499885 0.483509
V 95.000 50.000 0.093 0.500115 0.483508
V 95.000 49.500 0.093 0.500113 0.483277
V 94.500 51.000 0.093 0.499889 0.483970
V 95.000 51.000 0.093 0.500118 0.483968
V 95.000 50.500 0.093 0.500117 0.483738
V 94.500 52.000 0.093 0.499893 0.484431
V 95.000 52.000 0.093 0.500122 0.484429
V 95.000 51.500 0.093 0.500120 0.484199
V 94.727 53.000 0.093 0.500001 0.484891
V 95.000 53.000 0.093 0.500126 0.484890
V 95.000 52.500 0.093 0.500124 0.484660
V 94.364 52.978 0.093 0.499834 0.484882
V 95.000 53.017 0.093 0.500126 0.484898
V 95.684 45.000 0.093 0.500410 0.481201
V 96.000 45.000 0.093 0.500555 0.481200
V 96.000 44.786 0.093 0.500554 0.481101
V 95.500 46.000 0.093 0.500329 0.481662
V 96.000 46.000 0.093 0.500559 0.481661
V 96.000 45.500 0.093 0.500557 0.481430
V 95.342 45.232 0.093 0.500254 0.481309
V 95.500 47.000 0.093 0.500333 0.482123
V 96.000 47.000 0.093 0.500563 0.482121
V 96.000 46.500 0.093 0.500561 0.481891
V 95.500 48.000 0.093 0.500337 0.482584
V 96.000 48.000 0.093 0.500566 0.482582
V 96.000 47.500 0.093 0.500564 0.482352
V 95.500 49.000 0.093 0.500340 0.483045
V 96.000 49.000 0.093 0.500570 0.483043
V 96.000 48.500 0.093 0.500568 0.482813
V 95.500 50.000 0.093 0.500344 0.483506
V 96.000 50.000 0.093 0.500574 0.483504
V 96.000 49.500 0.093 0.500572 0.483273
V 95.500 51.000 0.093 0.500348 0.483967
V 96.000 51.000 0.093 0.500577 0.483965
V 96.000 50.500 0.093 0.500575 0.483734
V 95.500 52.000 0.093 0.500352 0.484427
V 96.000 52.000 0.093 0.500581 0.484426
V 96.000 51.500 0.093 0.500579 0.484195
V 95.500 53.000 0.093 0.500355 0.484888
V 96.000 53.000 0.093 0.500585 0.484886
V 96.000 52.500 0.093 0.500583 0.484656
V 95.667 53.057 0.093 0.500432 0.484914
V 95.333 53.037 0.093 0.500279 0.484906
V 96.000 53.078 0.093 0.500585 0.484922
V 96.500 45.000 0.093 0.500785 0.481198
V 97.000 45.000 0.093 0.501014 0.481196
V 97.000 44.554 0.093 0.501012 0.480990
V 97.000 44.107 0.093 0.501011 0.480785
V 96.667 44.333 0.093 0.500859 0.480890
V 96.333 44.559 0.093 0.500706 0.480995
V 96.500 46.000 0.093 0.500788 0.481659
V 97.000 46.000 0.093 0.501018 0.481657
V 97.000 45.500 0.093 0.501016 0.481426
V 96.500 47.000 0.093 0.500792 0.482120
V 97.000 47.000 0.093 0.501021 0.482118
V 97.000 46.500 0.093 0.501020 0.481887
V 96.500 48.000 0.093 0.500796 0.482580
V 97.000 48.000 0.093 0.501025 0.482579
V 97.000 47.500 0.093 0.501023 0.482348
V 96.500 49.000 0.093 0.500799 0.483041
V 97.000 49.000 0.093 0.501029 0.483039
V 97.000 48.500 0.093 0.501027 0.482809
V 96.500 50.000 0.093 0.500803 0.483502
V 97.000 50.000 0.093 0.501033 0.483500
V 97.000 49.500 0.093 0.501031 0.483270
V 96.500 51.000 0.093 0.500807 0.483963
V 97.000 51.000 0.093 0.501036 0.483961
V 97.000 50.500 0.093 0.501034 0.483731
V 96.500 52.000 0.093 0.500810 0.484424
V 97.000 52.000 0.093 0.501040 0.484422
V 97.000 51.500 0.093 0.501038 0.484191
V 96.500 53.000 0.093 0.500814 0.484885
V 97.000 53.000 0.093 0.501044 0.484883
V 97.000 52.500 0.093 0.501042 0.484652
V 96.667 53.118 0.093 0.500891 0.484939
V 96.333 53.098 0.093 0.500738 0.484930
V 97.000 53.139 0.093 0.501044 0.484947
V 97.719 43.619 0.093 0.501339 0.480557
V 98.000 44.000 0.093 0.501469 0.480731
V 98.000 43.714 0.093 0.501468 0.480600
V 98.000 43.429 0.093 0.501467 0.480468
V 97.579 44.000 0.093 0.501276 0.480733
V 97.439 43.810 0.093 0.501211 0.480646
V 97.158 44.000 0.093 0.501083 0.480735
V 97.500 45.000 0.093 0.501244 0.481194
V 98.000 45.000 0.093 0.501473 0.481192
V 98.000 44.500 0.093 0.501471 0.480962
V 97.500 46.000 0.093 0.501247 0.481655
V 98.000 46.000 0.093 0.501477 0.481653
V 98.000 45.500 0.093 0.501475 0.481423
V 97.500 47.000 0.093 0.501251 0.482116
V 98.000 47.000 0.093 0.501480 0.482114
V 98.000 46.500 0.093 0.501479 0.481884
V 97.500 48.000 0.093 0.501255 0.482577
V 98.000 48.000 0.093 0.501484 0.482575
V 98.000 47.500 0.093 0.501482 0.482344
V 97.500 49.000 0.093 0.501258 0.483037
V 98.000 49.000 0.093 0.501488 0.483036
V 98.000 48.500 0.093 0.501486 0.482805
V 97.500 50.000 0.093 0.501262 0.483498
V 98.000 50.000 0.093 0.501491 0.483496
V 98.000 49.500 0.093 0.501490 0.483266
V 97.500 51.000 0.093 0.501266 0.483959
V 98.000 51.000 0.093 0.501495 0.483957
V 98.000 50.500 0.093 0.501493 0.483727
V 97.500 52.000 0.093 0.501269 0.484420
V 98.000 52.000 0.093 0.501499 0.484418
V 98.000 51.500 0.093 0.501497 0.484188
V 97.500 53.000 0.093 0.501273 0.484881
V 98.000 53.000 0.093 0.501503 0.484879
V 98.000 52.500 0.093 0.501501 0.484649
V 97.667 53.179 0.093 0.501350 0.484963
V 97.333 53.159 0.093 0.501197 0.484955
V 98.000 53.200 0.093 0.501503 0.484971
V 98.632 43.000 0.093 0.501756 0.480268
V 99.000 43.000 0.093 0.501924 0.480267
V 99.000 42.750 0.093 0.501924 0.480152
V 98.500 44.000 0.093 0.501699 0.480730
V 99.000 44.000 0.093 0.501928 0.480728
V 99.000 43.500 0.093 0.501926 0.480497
V 98.316 43.214 0.093 0.501611 0.480368
V 98.500 45.000 0.093 0.501702 0.481190
V 99.000 45.000 0.093 0.501932 0.481189
V 99.000 44.500 0.093 0.501930 0.480958
V 98.500 46.000 0.093 0.501706 0.481651
V 99.000 46.000 0.093 0.501936 0.481649
V 99.000 45.500 0.093 0.501934 0.481419
V 98.500 47.000 0.093 0.501710 0.482112
V 99.000 47.000 0.093 0.501939 0.482110
V 99.000 46.500 0.093 0.501937 0.481880
V 98.500 48.000 0.093 0.501714 0.482573
V 99.000 48.000 0.093 0.501943 0.482571
V 99.000 47.500 0.093 0.501941 0.482341
V 98.500 49.000 0.093 0.501717 0.483034
V 99.000 49.000 0.093 0.501947 0.483032
V 99.000 48.500 0.093 0.501945 0.482802
V 98.500 50.000 0.093 0.501721 0.483495
V 99.000 50.000 0.093 0.501950 0.483493
V 99.000 49.500 0.093 0.501949 0.483262
V 98.500 51.000 0.093 0.501725 0.483955
V 99.000 51.000 0.093 0.501954 0.483954
V 99.000 50.500 0.093 0.501952 0.483723
V 98.500 52.000 0.093 0.501728 0.484416
V 99.000 52.000 0.093 0.501958 0.484414
V 99.000 51.500 0.093 0.501956 0.484184
V 98.500 53.000 0.093 0.501732 0.484877
V 99.000 53.000 0.093 0.501961 0.484875
V 99.000 52.500 0.093 0.501960 0.484645
V 98.667 53.240 0.093 0.501809 0.484987
V 98.333 53.220 0.093 0.501656 0.484979
V 99.000 53.261 0.093 0.501962 0.484995
V 99.500 43.000 0.093 0.502154 0.480265
V 100.000 43.000 0.093 0.502383 0.480263
V 100.000 42.536 0.093 0.502382 0.480049
V 100.000 42.072 0.093 0.502380 0.479836
V 99.667 42.298 0.093 0.502228 0.479941
V 99.333 42.524 0.093 0.502076 0.480046
V 99.500 44.000 0.093 0.502158 0.480726
V 100.000 44.000 0.093 0.502387 0.480724
V 100.000 43.500 0.093 0.502385 0.480494
V 99.500 45.000 0.093 0.502161 0.481187
V 100.000 45.000 0.093 0.502391 0.481185
V 100.000 44.500 0.093 0.502389 0.480954
V 99.500 46.000 0.093 0.502165 0.481648
V 100.000 46.000 0.093 0.502394 0.481646
V 100.000 45.500 0.093 0.502393 0.481415
V 99.500 47.000 0.093 0.502169 0.482108
V 100.000 47.000 0.093 0.502398 0.482107
V 100.000 46.500 0.093 0.502396 0.481876
V 99.500 48.000 0.093 0.502172 0.482569
V 100.000 48.000 0.093 0.502402 0.482567
V 100.000 47.500 0.093 0.502400 0.482337
V 99.500 49.000 0.093 0.502176 0.483030
V 100.000 49.000 0.093 0.502406 0.483028
V 100.000 48.500 0.093 0.502404 0.482798
V 99.500 50.000 0.093 0.502180 0.483491
V 100.000 50.000 0.093 0.502409 0.483489
V 100.000 49.500 0.093 0.502407 0.483259
V 99.500 51.000 0.093 0.502184 0.483952
V 100.000 51.000 0.093 0.502413 0.483950
V 100.000 50.500 0.093 0.502411 0.483719
V 99.500 52.000 0.093 0.502187 0.484413
V 100.000 52.000 0.093 0.502417 0.484411
V 100.000 51.500 0.093 0.502415 0.484180
V 99.500 53.000 0.093 0.502191 0.484873
V 100.000 53.000 0.093 0.502420 0.484872
V 100.000 52.500 0.093 0.502419 0.484641
V 99.667 53.301 0.093 0.502269 0.485012
V 99.333 53.281 0.093 0.502115 0.485004
V 100.000 53.322 0.093 0.502422 0.485020
V 100.180 41.950 0.093 0.502462 0.479779
V 100.106 42.000 0.093 0.502428 0.479802
V 100.245 42.000 0.093 0.502492 0.479801
V 100.500 43.000 0.093 0.502613 0.480261
V 101.000 43.000 0.093 0.502842 0.480259
V 101.000 42.579 0.093 0.502841 0.480065
V 100.623 42.289 0.093 0.502666 0.479933
V 100.500 44.000 0.093 0.502617 0.480722
V 101.000 44.000 0.093 0.502846 0.480720
V 101.000 43.500 0.093 0.502844 0.480490
V 100.500 45.000 0.093 0.502620 0.481183
V 101.000 45.000 0.093 0.502850 0.481181
V 101.000 44.500 0.093 0.502848 0.480951
V 100.500 46.000 0.093 0.502624 0.481644
V 101.000 46.000 0.093 0.502853 0.481642
V 101.000 45.500 0.093 0.502852 0.481412
V 100.500 47.000 0.093 0.502628 0.482105
V 101.000 47.000 0.093 0.502857 0.482103
V 101.000 46.500 0.093 0.502855 0.481872
V 100.500 48.000 0.093 0.502631 0.482566
V 101.000 48.000 0.093 0.502861 0.482564
V 101.000 47.500 0.093 0.502859 0.482333
V 100.500 49.000 0.093 0.502635 0.483026
V 101.000 49.000 0.093 0.502864 0.483025
V 101.000 48.500 0.093 0.502863 0.482794
V 100.500 50.000 0.093 0.502639 0.483487
V 101.000 50.000 0.093 0.502868 0.483485
V 101.000 49.500 0.093 0.502866 0.483255
V 100.500 51.000 0.093 0.502642 0.483948
V 101.000 51.000 0.093 0.502872 0.483946
V 101.000 50.500 0.093 0.502870 0.483716
V 100.500 52.000 0.093 0.502646 0.484409
V 101.000 52.000 0.093 0.502876 0.484407
V 101.000 51.500 0.093 0.502874 0.484177
V 100.500 53.000 0.093 0.502650 0.484870
V 101.000 53.000 0.093 0.502879 0.484868
V 101.000 52.500 0.093 0.502877 0.484637
V 100.667 53.363 0.093 0.502728 0.485036
V 100.333 53.342 0.093 0.502575 0.485028
V 101.000 53.383 0.093 0.502881 0.485044
V 101.275 42.789 0.093 0.502968 0.480161
V 101.275 43.000 0.093 0.502968 0.480258
V 101.550 43.000 0.093 0.503095 0.480257
V 101.500 44.000 0.093 0.503075 0.480718
V 102.000 44.000 0.093 0.503305 0.480717
V 102.000 43.673 0.093 0.503304 0.480566
V 102.000 43.345 0.093 0.503302 0.480415
V 101.775 43.173 0.093 0.503199 0.480336
V 101.500 45.000 0.093 0.503079 0.481179
V 102.000 45.000 0.093 0.503309 0.481177
V 102.000 44.500 0.093 0.503307 0.480947
V 101.500 46.000 0.093 0.503083 0.481640
V 102.000 46.000 0.093 0.503312 0.481638
V 102.000 45.500 0.093 0.503310 0.481408
V 101.500 47.000 0.093 0.503087 0.482101
V 102.000 47.000 0.093 0.503316 0.482099
V 102.000 46.500 0.093 0.503314 0.481869
V 101.500 48.000 0.093 0.503090 0.482562
V 102.000 48.000 0.093 0.503320 0.482560
V 102.000 47.500 0.093 0.503318 0.482330
V 101.500 49.000 0.093 0.503094 0.483023
V 102.000 49.000 0.093 0.503323 0.483021
V 102.000 48.500 0.093 0.503322 0.482790
V 101.500 50.000 0.093 0.503098 0.483483
V 102.000 50.000 0.093 0.503327 0.483482
V 102.000 49.500 0.093 0.503325 0.483251
V 101.500 51.000 0.093 0.503101 0.483944
V 102.000 51.000 0.093 0.503331 0.483942
V 102.000 50.500 0.093 0.503329 0.483712
V 101.500 52.000 0.093 0.503105 0.484405
V 102.000 52.000 0.093 0.503334 0.484403
V 102.000 51.500 0.093 0.503333 0.484173
V 101.500 53.000 0.093 0.503109 0.484866
V 102.000 53.000 0.093 0.503338 0.484864
V 102.000 52.500 0.093 0.503336 0.484634
V 101.667 53.424 0.093 0.503187 0.485061
V 101.333 53.403 0.093 0.503034 0.485052
V 102.000 53.444 0.093 0.503340 0.485069
V 102.427 44.000 0.093 0.503501 0.480715
V 102.854 44.000 0.093 0.503697 0.480713
V 102.570 43.782 0.093 0.503566 0.480614
V 102.285 43.563 0.093 0.503434 0.480514
V 102.500 45.000 0.093 0.503538 0.481176
V 103.000 45.000 0.093 0.503768 0.481174
V 103.000 44.556 0.093 0.503766 0.480969
V 103.000 44.112 0.093 0.503764 0.480764
V 102.500 46.000 0.093 0.503542 0.481636
V 103.000 46.000 0.093 0.503771 0.481635
V 103.000 45.500 0.093 0.503769 0.481404
V 102.500 47.000 0.093 0.503545 0.482097
V 103.000 47.000 0.093 0.503775 0.482095
V 103.000 46.500 0.093 0.503773 0.481865
V 102.500 48.000 0.093 0.503549 0.482558
V 103.000 48.000 0.093 0.503779 0.482556
V 103.000 47.500 0.093 0.503777 0.482326
V 102.500 49.000 0.093 0.503553 0.483019
V 103.000 49.000 0.093 0.503782 0.483017
V 103.000 48.500 0.093 0.503780 0.482787
V 102.500 50.000 0.093 0.503557 0.483480
V 103.000 50.000 0.093 0.503786 0.483478
V 103.000 49.500 0.093 0.503784 0.483247
V 102.500 51.000 0.093 0.503560 0.483941
V 103.000 51.000 0.093 0.503790 0.483939
V 103.000 50.500 0.093 0.503788 0.483708
V 102.500 52.000 0.093 0.503564 0.484401
V 103.000 52.000 0.093 0.503793 0.484400
V 103.000 51.500 0.093 0.503792 0.484169
V 102.500 53.000 0.093 0.503568 0.484862
V 103.000 53.000 0.093 0.503797 0.484860
V 103.000 52.500 0.093 0.503795 0.484630
V 103.000 53.252 0.093 0.503798 0.484977
V 102.333 53.464 0.093 0.503493 0.485077
V 102.667 53.485 0.093 0.503646 0.485085
V 103.000 53.505 0.093 0.503799 0.485093
V 103.500 45.000 0.093 0.503997 0.481172
V 104.000 45.000 0.093 0.504226 0.481170
V 104.000 44.878 0.093 0.504226 0.481114
V 103.333 44.367 0.093 0.503918 0.480881
V 103.667 44.623 0.093 0.504072 0.480997
V 103.500 46.000 0.093 0.504001 0.481633
V 104.000 46.000 0.093 0.504230 0.481631
V 104.000 45.500 0.093 0.504228 0.481400
V 103.500 47.000 0.093 0.504004 0.482094
V 104.000 47.000 0.093 0.504234 0.482092
V 104.000 46.500 0.093 0.504232 0.481861
V 103.500 48.000 0.093 0.504008 0.482554
V 104.000 48.000 0.093 0.504238 0.482553
V 104.000 47.500 0.093 0.504236 0.482322
V 103.500 49.000 0.093 0.504012 0.483015
V 104.000 49.000 0.093 0.504241 0.483013
V 104.000 48.500 0.093 0.504239 0.482783
V 103.500 50.000 0.093 0.504015 0.483476
V 104.000 50.000 0.093 0.504245 0.483474
V 104.000 49.500 0.093 0.504243 0.483244
V 103.500 51.000 0.093 0.504019 0.483937
V 104.000 51.000 0.093 0.504249 0.483935
V 104.000 50.500 0.093 0.504247 0.483705
V 103.500 52.000 0.093 0.504023 0.484398
V 104.000 52.000 0.093 0.504252 0.484396
V 104.000 51.500 0.093 0.504250 0.484165
V 103.500 53.000 0.093 0.504027 0.484859
V 104.000 53.000 0.093 0.504256 0.484857
V 104.000 52.500 0.093 0.504254 0.484626
V 104.000 53.283 0.093 0.504257 0.484987
V 103.333 53.525 0.093 0.503952 0.485101
V 103.667 53.546 0.093 0.504105 0.485109
V 104.000 53.566 0.093 0.504258 0.485118
V 104.159 45.000 0.093 0.504299 0.481169
V 104.500 46.000 0.093 0.504460 0.481629
V 105.000 46.000 0.093 0.504689 0.481627
V 105.000 45.645 0.093 0.504688 0.481463
V 104.720 45.430 0.093 0.504558 0.481365
V 104.439 45.215 0.093 0.504429 0.481267
V 104.500 47.000 0.093 0.504463 0.482090
V 105.000 47.000 0.093 0.504693 0.482088
V 105.000 46.500 0.093 0.504691 0.481858
V 104.500 48.000 0.093 0.504467 0.482551
V 105.000 48.000 0.093 0.504696 0.482549
V 105.000 47.500 0.093 0.504695 0.482318
V 104.500 49.000 0.093 0.504471 0.483012
V 105.000 49.000 0.093 0.504700 0.483010
V 105.000 48.500 0.093 0.504698 0.482779
V 104.500 50.000 0.093 0.504474 0.483472
V 105.000 50.000 0.093 0.504704 0.483470
V 105.000 49.500 0.093 0.504702 0.483240
V 104.500 51.000 0.093 0.504478 0.483933
V 105.000 51.000 0.093 0.504708 0.483931
V 105.000 50.500 0.093 0.504706 0.483701
V 104.500 52.000 0.093 0.504482 0.484394
V 105.000 52.000 0.093 0.504711 0.484392
V 105.000 51.500 0.093 0.504709 0.484162
V 104.500 53.000 0.093 0.504485 0.484855
V 105.000 53.000 0.093 0.504715 0.484853
V 105.000 52.500 0.093 0.504713 0.484623
V 105.000 53.314 0.093 0.504716 0.484998
V 104.333 53.586 0.093 0.504411 0.485126
V 104.667 53.607 0.093 0.504564 0.485134
V 105.000 53.627 0.093 0.504717 0.485142
V 105.464 46.000 0.093 0.504902 0.481625
V 105.232 45.822 0.093 0.504795 0.481544
V 105.500 47.000 0.093 0.504922 0.482086
V 106.000 47.000 0.093 0.505152 0.482084
V 106.000 46.706 0.093 0.505151 0.481949
V 106.000 46.411 0.093 0.505149 0.481813
V 105.732 46.206 0.093 0.505026 0.481719
V 105.500 48.000 0.093 0.504926 0.482547
V 106.000 48.000 0.093 0.505155 0.482545
V 106.000 47.500 0.093 0.505153 0.482315
V 105.500 49.000 0.093 0.504930 0.483008
V 106.000 49.000 0.093 0.505159 0.483006
V 106.000 48.500 0.093 0.505157 0.482776
V 105.500 50.000 0.093 0.504933 0.483469
V 106.000 50.000 0.093 0.505163 0.483467
V 106.000 49.500 0.093 0.505161 0.483236
V 105.500 51.000 0.093 0.504937 0.483929
V 106.000 51.000 0.093 0.505166 0.483928
V 106.000 50.500 0.093 0.505165 0.483697
V 105.500 52.000 0.093 0.504941 0.484390
V 106.000 52.000 0.093 0.505170 0.484388
V 106.000 51.500 0.093 0.505168 0.484158
V 105.500 53.000 0.093 0.504944 0.484851
V 106.000 53.000 0.093 0.505174 0.484849
V 106.000 52.500 0.093 0.505172 0.484619
V 106.000 53.344 0.093 0.505175 0.485008
V 105.333 53.647 0.093 0.504870 0.485150
V 105.667 53.668 0.093 0.505023 0.485158
V 106.000 53.688 0.093 0.505176 0.485166
V 106.384 47.000 0.093 0.505328 0.482083
V 106.768 47.000 0.093 0.505504 0.482081
V 106.384 46.706 0.093 0.505327 0.481947
V 107.000 47.589 0.093 0.505613 0.482352
V 106.500 48.000 0.093 0.505385 0.482543
V 107.000 48.000 0.093 0.505614 0.482541
V 107.000 47.177 0.093 0.505611 0.482162
V 106.990 47.170 0.093 0.505607 0.482159
V 106.500 49.000 0.093 0.505388 0.483004
V 107.000 49.000 0.093 0.505618 0.483002
V 107.000 48.500 0.093 0.505616 0.482772
V 106.500 50.000 0.093 0.505392 0.483465
V 107.000 50.000 0.093 0.505622 0.483463
V 107.000 49.500 0.093 0.505620 0.483233
V 106.500 51.000 0.093 0.505396 0.483926
V 107.000 51.000 0.093 0.505625 0.483924
V 107.000 50.500 0.093 0.505623 0.483693
V 106.500 52.000 0.093 0.505400 0.484387
V 107.000 52.000 0.093 0.505629 0.484385
V 107.000 51.500 0.093 0.505627 0.484154
V 106.500 53.000 0.093 0.505403 0.484847
V 107.000 53.000 0.093 0.505633 0.484846
V 107.000 52.500 0.093 0.505631 0.484615
V 107.000 53.375 0.093 0.505634 0.485018
V 106.333 53.708 0.093 0.505329 0.485175
V 106.667 53.729 0.093 0.505482 0.485183
V 107.000 53.749 0.093 0.505636 0.485191
V 107.500 48.000 0.093 0.505844 0.482540
V 108.000 48.000 0.093 0.506073 0.482538
V 108.000 47.896 0.093 0.506073 0.482490
V 107.333 47.417 0.093 0.505765 0.482271
V 107.667 47.656 0.093 0.505919 0.482380
V 107.500 49.000 0.093 0.505847 0.483000
V 108.000 49.000 0.093 0.506077 0.482999
V 108.000 48.500 0.093 0.506075 0.482768
V 107.500 50.000 0.093 0.505851 0.483461
V 108.000 50.000 0.093 0.506081 0.483459
V 108.000 49.500 0.093 0.506079 0.483229
V 107.500 51.000 0.093 0.505855 0.483922
V 108.000 51.000 0.093 0.506084 0.483920
V 108.000 50.500 0.093 0.506082 0.483690
V 107.500 52.000 0.093 0.505858 0.484383
V 108.000 52.000 0.093 0.506088 0.484381
V 108.000 51.500 0.093 0.506086 0.484151
V 107.500 53.000 0.093 0.505862 0.484844
V 108.000 53.000 0.093 0.506092 0.484842
V 108.000 52.500 0.093 0.506090 0.484611
V 108.000 53.405 0.093 0.506093 0.485029
V 107.333 53.769 0.093 0.505789 0.485199
V 107.667 53.790 0.093 0.505942 0.485207
V 108.000 53.810 0.093 0.506095 0.485215
V 108.145 48.000 0.093 0.506140 0.482537
V 108.500 49.000 0.093 0.506306 0.482997
V 109.000 49.000 0.093 0.506536 0.482995
V 109.000 48.614 0.093 0.506534 0.482817
V 108.430 48.205 0.093 0.506271 0.482630
V 108.715 48.409 0.093 0.506403 0.482724
V 108.500 50.000 0.093 0.506310 0.483458
V 109.000 50.000 0.093 0.506539 0.483456
V 109.000 49.500 0.093 0.506538 0.483225
V 108.500 51.000 0.093 0.506314 0.483918
V 109.000 51.000 0.093 0.506543 0.483916
V 109.000 50.500 0.093 0.506541 0.483686
V 108.500 52.000 0.093 0.506317 0.484379
V 109.000 52.000 0.093 0.506547 0.484377
V 109.000 51.500 0.093 0.506545 0.484147
V 108.500 53.000 0.093 0.506321 0.484840
V 109.000 53.000 0.093 0.506551 0.484838
V 109.000 52.500 0.093 0.506549 0.484608
V 109.000 53.436 0.093 0.506552 0.485039
V 108.333 53.830 0.093 0.506248 0.485223
V 108.667 53.851 0.093 0.506401 0.485232
V 109.000 53.871 0.093 0.506554 0.485240
V 109.269 48.807 0.093 0.506658 0.482905
V 109.269 49.000 0.093 0.506659 0.482994
V 109.537 49.000 0.093 0.506782 0.482993
V 109.500 50.000 0.093 0.506769 0.483454
V 110.000 50.000 0.093 0.506998 0.483452
V 110.000 49.666 0.093 0.506997 0.483298
V 110.000 49.333 0.093 0.506996 0.483144
V 109.769 49.166 0.093 0.506889 0.483069
V 109.500 51.000 0.093 0.506773 0.483915
V 110.000 51.000 0.093 0.507002 0.483913
V 110.000 50.500 0.093 0.507000 0.483682
V 109.500 52.000 0.093 0.506776 0.484375
V 110.000 52.000 0.093 0.507006 0.484374
V 110.000 51.500 0.093 0.507004 0.484143
V 109.500 53.000 0.093 0.506780 0.484836
V 110.000 53.000 0.093 0.507009 0.484834
V 110.000 52.500 0.093 0.507008 0.484604
V 110.000 53.466 0.093 0.507011 0.485049
V 109.333 53.892 0.093 0.506707 0.485248
V 109.667 53.912 0.093 0.506860 0.485256
V 110.000 53.932 0.093 0.507013 0.485264
V 110.464 50.000 0.093 0.507212 0.483450
V 110.929 50.000 0.093 0.507425 0.483448
V 110.619 49.778 0.093 0.507282 0.483347
V 110.310 49.555 0.093 0.507139 0.483246
V 110.500 51.000 0.093 0.507232 0.483911
V 111.000 51.000 0.093 0.507461 0.483909
V 111.000 50.526 0.093 0.507459 0.483690
V 111.000 50.051 0.093 0.507457 0.483472
V 110.500 52.000 0.093 0.507235 0.484372
V 111.000 52.000 0.093 0.507465 0.484370
V 111.000 51.500 0.093 0.507463 0.484139
V 110.500 53.000 0.093 0.507239 0.484833
V 111.000 53.000 0.093 0.507468 0.484831
V 111.000 52.500 0.093 0.507467 0.484600
V 111.000 53.497 0.093 0.507470 0.485060
V 110.333 53.953 0.093 0.507166 0.485272
V 110.667 53.973 0.093 0.507319 0.485280
V 111.000 53.993 0.093 0.507472 0.485288
V 111.500 51.000 0.093 0.507690 0.483907
V 112.000 51.000 0.093 0.507920 0.483905
V 112.000 50.770 0.093 0.507919 0.483799
V 111.667 50.530 0.093 0.507765 0.483690
V 111.333 50.291 0.093 0.507611 0.483581
V 111.500 52.000 0.093 0.507694 0.484368
V 112.000 52.000 0.093 0.507924 0.484366
V 112.000 51.500 0.093 0.507922 0.484136
V 111.500 53.000 0.093 0.507698 0.484829
V 112.000 53.000 0.093 0.507927 0.484827
V 112.000 52.500 0.093 0.507925 0.484597
V 111.555 54.000 0.093 0.507727 0.485290
V 112.000 54.000 0.093 0.507931 0.485288
V 112.000 53.500 0.093 0.507929 0.485057
V 111.110 54.000 0.093 0.507523 0.485291
V 111.555 54.027 0.093 0.507727 0.485302
V 112.000 54.054 0.093 0.507931 0.485313
V 112.321 51.000 0.093 0.508067 0.483904
V 112.500 52.000 0.093 0.508153 0.484364
V 113.000 52.000 0.093 0.508383 0.484362
V 113.000 51.744 0.093 0.508382 0.484245
V 113.000 51.488 0.093 0.508381 0.484127
V 112.660 51.244 0.093 0.508224 0.484015
V 112.500 53.000 0.093 0.508157 0.484825
V 113.000 53.000 0.093 0.508386 0.484823
V 113.000 52.500 0.093 0.508384 0.484593
V 112.500 54.000 0.093 0.508160 0.485286
V 113.000 54.000 0.093 0.508390 0.485284
V 113.000 53.500 0.093 0.508388 0.485054
V 112.667 54.095 0.093 0.508237 0.485329
V 112.333 54.075 0.093 0.508084 0.485321
V 113.000 54.115 0.093 0.508390 0.485337
V 113.356 52.000 0.093 0.508546 0.484361
V 113.713 52.000 0.093 0.508710 0.484360
V 113.356 51.744 0.093 0.508545 0.484243
V 113.500 53.000 0.093 0.508616 0.484821
V 114.000 53.000 0.093 0.508845 0.484820
V 114.000 52.603 0.093 0.508844 0.484637
V 114.000 52.206 0.093 0.508842 0.484454
V 113.500 54.000 0.093 0.508619 0.485282
V 114.000 54.000 0.093 0.508849 0.485280
V 114.000 53.500 0.093 0.508847 0.485050
V 113.922 54.587 0.093 0.508815 0.485551
V 113.897 55.000 0.093 0.508805 0.485742
V 114.000 55.000 0.093 0.508853 0.485741
V 113.474 54.144 0.093 0.508608 0.485349
V 114.000 54.500 0.093 0.508851 0.485511
V 113.947 54.173 0.093 0.508825 0.485360
V 113.856 55.667 0.093 0.508789 0.486049
V 114.000 56.000 0.093 0.508856 0.486202
V 114.000 55.500 0.093 0.508854 0.485972
V 113.876 55.333 0.093 0.508797 0.485895
V 113.835 56.000 0.093 0.508781 0.486203
V 113.795 56.667 0.093 0.508764 0.486510
V 114.000 57.000 0.093 0.508860 0.486663
V 114.000 56.500 0.093 0.508858 0.486433
V 113.815 56.333 0.093 0.508773 0.486356
V 113.774 57.000 0.093 0.508756 0.486664
V 113.728 57.758 0.093 0.508738 0.487013
V 114.000 57.775 0.093 0.508863 0.487020
V 114.000 57.387 0.093 0.508861 0.486841
V 113.751 57.379 0.093 0.508747 0.486839
V 114.500 53.000 0.093 0.509075 0.484818
V 115.000 53.000 0.093 0.509304 0.484816
V 115.000 52.925 0.093 0.509304 0.484781
V 114.333 52.446 0.093 0.508996 0.484563
V 114.667 52.685 0.093 0.509150 0.484672
V 114.500 54.000 0.093 0.509078 0.485279
V 115.000 54.000 0.093 0.509308 0.485277
V 115.000 53.500 0.093 0.509306 0.485046
V 114.500 55.000 0.093 0.509082 0.485739
V 115.000 55.000 0.093 0.509311 0.485738
V 115.000 54.500 0.093 0.509310 0.485507
V 114.500 56.000 0.093 0.509086 0.486200
V 115.000 56.000 0.093 0.509315 0.486198
V 115.000 55.500 0.093 0.509313 0.485968
V 114.500 57.000 0.093 0.509089 0.486661
V 115.000 57.000 0.093 0.509319 0.486659
V 115.000 56.500 0.093 0.509317 0.486429
V 114.365 57.797 0.093 0.509030 0.487029
V 114.353 58.000 0.093 0.509025 0.487123
V 114.676 58.000 0.093 0.509174 0.487121
V 115.000 58.000 0.093 0.509323 0.487120
V 115.000 57.500 0.093 0.509321 0.486890
V 114.365 58.297 0.093 0.509032 0.487260
V 115.000 58.500 0.093 0.509324 0.487351
V 114.356 58.444 0.093 0.509029 0.487327
V 114.365 58.547 0.093 0.509033 0.487375
V 114.680 59.000 0.093 0.509180 0.487582
V 114.356 58.694 0.093 0.509030 0.487442
V 114.365 58.797 0.093 0.509034 0.487490
V 114.356 58.944 0.093 0.509030 0.487557
V 114.361 59.000 0.093 0.509033 0.487583
V 115.000 59.000 0.093 0.509326 0.487581
V 114.365 58.047 0.093 0.509031 0.487144
V 114.356 58.194 0.093 0.509028 0.487212
V 114.350 58.047 0.093 0.509024 0.487144
V 114.350 58.046 0.093 0.509024 0.487144
V 114.365 59.297 0.093 0.509036 0.487720
V 115.000 59.500 0.093 0.509328 0.487811
V 114.356 59.444 0.093 0.509032 0.487788
V 114.365 59.547 0.093 0.509037 0.487835
V 114.680 60.000 0.093 0.509183 0.488043
V 114.356 59.694 0.093 0.509033 0.487903
V 114.365 59.797 0.093 0.509038 0.487951
V 114.358 59.914 0.093 0.509035 0.488004
V 114.356 59.944 0.093 0.509034 0.488018
V 114.361 60.000 0.093 0.509037 0.488044
V 115.000 60.000 0.093 0.509330 0.488042
V 114.365 59.047 0.093 0.509035 0.487605
V 114.356 59.194 0.093 0.509031 0.487673
V 114.356 60.194 0.093 0.509035 0.488133
V 114.365 60.297 0.093 0.509040 0.488181
V 115.000 60.500 0.093 0.509332 0.488272
V 114.356 60.444 0.093 0.509036 0.488249
V 114.365 60.547 0.093 0.509040 0.488296
V 114.680 61.000 0.093 0.509187 0.488504
V 114.356 60.694 0.093 0.509037 0.488364
V 114.365 60.797 0.093 0.509041 0.488411
V 114.356 60.944 0.093 0.509038 0.488479
V 114.361 61.000 0.093 0.509040 0.488505
V 115.000 61.000 0.093 0.509334 0.488503
V 114.365 60.047 0.093 0.509039 0.488066
V 114.358 60.164 0.093 0.509036 0.488120
V 114.358 60.414 0.093 0.509037 0.488235
V 114.358 60.664 0.093 0.509038 0.488350
V 114.358 60.914 0.093 0.509039 0.488465
V 114.356 61.194 0.093 0.509039 0.488594
V 114.365 61.297 0.093 0.509043 0.488642
V 115.000 61.500 0.093 0.509335 0.488733
V 114.356 61.444 0.093 0.509040 0.488710
V 114.365 61.547 0.093 0.509044 0.488757
V 114.680 62.000 0.093 0.509191 0.488965
V 114.356 61.694 0.093 0.509041 0.488825
V 114.365 61.797 0.093 0.509045 0.488872
V 114.356 61.944 0.093 0.509042 0.488940
V 114.361 62.000 0.093 0.509044 0.488966
V 115.000 62.000 0.093 0.509337 0.488963
V 114.365 61.047 0.093 0.509042 0.488527
V 114.358 61.164 0.093 0.509040 0.488580
V 114.358 61.414 0.093 0.509040 0.488696
V 114.358 61.664 0.093 0.509041 0.488811
V 114.358 61.914 0.093 0.509042 0.488926
V 114.356 62.194 0.093 0.509042 0.489055
V 114.365 62.297 0.093 0.509047 0.489103
V 114.365 62.298 0.093 0.509047 0.489103
V 114.353 62.544 0.093 0.509042 0.489217
V 114.365 62.547 0.093 0.509048 0.489218
V 114.351 62.784 0.093 0.509042 0.489327
V 114.675 62.804 0.093 0.509191 0.489335
V 115.000 62.823 0.093 0.509340 0.489343
V 115.000 62.412 0.093 0.509339 0.489153
V 114.365 62.047 0.093 0.509046 0.488987
V 114.358 62.164 0.093 0.509043 0.489041
V 115.105 53.000 0.093 0.509352 0.484816
V 115.500 54.000 0.093 0.509537 0.485275
V 116.000 54.000 0.093 0.509767 0.485273
V 116.000 53.643 0.093 0.509765 0.485109
V 115.403 53.214 0.093 0.509490 0.484913
V 115.702 53.429 0.093 0.509628 0.485011
V 115.500 55.000 0.093 0.509541 0.485736
V 116.000 55.000 0.093 0.509770 0.485734
V 116.000 54.500 0.093 0.509768 0.485503
V 115.500 56.000 0.093 0.509545 0.486197
V 116.000 56.000 0.093 0.509774 0.486195
V 116.000 55.500 0.093 0.509772 0.485964
V 115.500 57.000 0.093 0.509548 0.486657
V 116.000 57.000 0.093 0.509778 0.486656
V 116.000 56.500 0.093 0.509776 0.486425
V 115.500 58.000 0.093 0.509552 0.487118
V 116.000 58.000 0.093 0.509781 0.487116
V 116.000 57.500 0.093 0.509780 0.486886
V 115.500 59.000 0.093 0.509556 0.487579
V 116.000 59.000 0.093 0.509785 0.487577
V 116.000 58.500 0.093 0.509783 0.487347
V 115.500 60.000 0.093 0.509559 0.488040
V 116.000 60.000 0.093 0.509789 0.488038
V 116.000 59.500 0.093 0.509787 0.487808
V 115.500 61.000 0.093 0.509563 0.488501
V 116.000 61.000 0.093 0.509793 0.488499
V 116.000 60.500 0.093 0.509791 0.488269
V 115.500 62.000 0.093 0.509567 0.488962
V 116.000 62.000 0.093 0.509796 0.488960
V 116.000 61.500 0.093 0.509794 0.488729
V 116.000 62.442 0.093 0.509798 0.489163
V 115.333 62.843 0.093 0.509493 0.489351
V 115.667 62.864 0.093 0.509646 0.489359
V 116.000 62.884 0.093 0.509799 0.489367
V 116.248 53.822 0.093 0.509880 0.485190
V 116.496 54.000 0.093 0.509994 0.485271
V 116.500 55.000 0.093 0.510000 0.485732
V 117.000 55.000 0.093 0.510229 0.485730
V 117.000 54.681 0.093 0.510228 0.485583
V 117.000 54.362 0.093 0.510227 0.485436
V 116.748 54.181 0.093 0.510111 0.485354
V 116.500 56.000 0.093 0.510003 0.486193
V 117.000 56.000 0.093 0.510233 0.486191
V 117.000 55.500 0.093 0.510231 0.485961
V 116.500 57.000 0.093 0.510007 0.486654
V 117.000 57.000 0.093 0.510237 0.486652
V 117.000 56.500 0.093 0.510235 0.486421
V 116.500 58.000 0.093 0.510011 0.487115
V 117.000 58.000 0.093 0.510240 0.487113
V 117.000 57.500 0.093 0.510238 0.486882
V 116.500 59.000 0.093 0.510015 0.487575
V 117.000 59.000 0.093 0.510244 0.487574
V 117.000 58.500 0.093 0.510242 0.487343
V 116.500 60.000 0.093 0.510018 0.488036
V 117.000 60.000 0.093 0.510248 0.488034
V 117.000 59.500 0.093 0.510246 0.487804
V 116.500 61.000 0.093 0.510022 0.488497
V 117.000 61.000 0.093 0.510251 0.488495
V 117.000 60.500 0.093 0.510250 0.488265
V 116.500 62.000 0.093 0.510026 0.488958
V 117.000 62.000 0.093 0.510255 0.488956
V 117.000 61.500 0.093 0.510253 0.488726
V 116.730 62.928 0.093 0.510135 0.489385
V 117.000 62.944 0.093 0.510259 0.489391
V 117.000 62.472 0.093 0.510257 0.489174
V 116.460 62.912 0.093 0.510011 0.489378
V 117.444 55.000 0.093 0.510433 0.485729
V 117.888 55.000 0.093 0.510637 0.485727
V 117.592 54.787 0.093 0.510500 0.485630
V 117.296 54.575 0.093 0.510364 0.485533
V 117.500 56.000 0.093 0.510462 0.486189
V 118.000 56.000 0.093 0.510692 0.486187
V 118.000 55.540 0.093 0.510690 0.485975
V 118.000 55.080 0.093 0.510688 0.485763
V 117.500 57.000 0.093 0.510466 0.486650
V 118.000 57.000 0.093 0.510696 0.486648
V 118.000 56.500 0.093 0.510694 0.486418
V 117.500 58.000 0.093 0.510470 0.487111
V 118.000 58.000 0.093 0.510699 0.487109
V 118.000 57.500 0.093 0.510697 0.486879
V 117.500 59.000 0.093 0.510473 0.487572
V 118.000 59.000 0.093 0.510703 0.487570
V 118.000 58.500 0.093 0.510701 0.487339
V 117.500 60.000 0.093 0.510477 0.488033
V 118.000 60.000 0.093 0.510707 0.488031
V 118.000 59.500 0.093 0.510705 0.487800
V 117.500 61.000 0.093 0.510481 0.488493
V 118.000 61.000 0.093 0.510710 0.488492
V 118.000 60.500 0.093 0.510708 0.488261
V 117.500 62.000 0.093 0.510485 0.488954
V 118.000 62.000 0.093 0.510714 0.488952
V 118.000 61.500 0.093 0.510712 0.488722
V 117.924 63.000 0.093 0.510683 0.489413
V 118.000 63.000 0.093 0.510718 0.489413
V 118.000 62.500 0.093 0.510716 0.489183
V 117.462 62.972 0.093 0.510471 0.489402
V 118.000 63.005 0.093 0.510718 0.489415
V 118.500 56.000 0.093 0.510921 0.486185
V 119.000 56.000 0.093 0.511151 0.486184
V 119.000 55.799 0.093 0.511150 0.486091
V 118.667 55.559 0.093 0.510996 0.485982
V 118.333 55.320 0.093 0.510842 0.485873
V 118.500 57.000 0.093 0.510925 0.486646
V 119.000 57.000 0.093 0.511154 0.486644
V 119.000 56.500 0.093 0.511153 0.486414
V 118.873 57.861 0.093 0.511099 0.487042
V 119.000 57.869 0.093 0.511158 0.487045
V 119.000 57.434 0.093 0.511156 0.486845
V 118.432 58.000 0.093 0.510898 0.487107
V 118.864 58.000 0.093 0.511096 0.487106
V 118.402 59.000 0.093 0.510887 0.487568
V 118.803 59.000 0.093 0.511072 0.487567
V 118.824 58.667 0.093 0.511080 0.487413
V 118.844 58.333 0.093 0.511088 0.487259
V 118.800 59.059 0.093 0.511070 0.487594
V 118.500 60.000 0.093 0.510936 0.488029
V 119.000 60.000 0.093 0.511166 0.488027
V 119.000 59.535 0.093 0.511164 0.487813
V 119.000 59.071 0.093 0.511162 0.487599
V 118.500 61.000 0.093 0.510940 0.488490
V 119.000 61.000 0.093 0.511169 0.488488
V 119.000 60.500 0.093 0.511167 0.488257
V 118.500 62.000 0.093 0.510943 0.488951
V 119.000 62.000 0.093 0.511173 0.488949
V 119.000 61.500 0.093 0.511171 0.488718
V 118.500 63.000 0.093 0.510947 0.489411
V 119.000 63.000 0.093 0.511177 0.489409
V 119.000 62.500 0.093 0.511175 0.489179
V 118.667 63.045 0.093 0.511024 0.489431
V 118.333 63.025 0.093 0.510871 0.489423
V 119.000 63.065 0.093 0.511177 0.489439
V 119.280 56.000 0.093 0.511279 0.486183
V 119.413 57.000 0.093 0.511344 0.486643
V 119.827 57.000 0.093 0.511534 0.486641
V 119.845 56.709 0.093 0.511541 0.486507
V 119.862 56.418 0.093 0.511548 0.486373
V 119.640 56.259 0.093 0.511445 0.486300
V 119.799 57.458 0.093 0.511523 0.486852
V 119.386 57.892 0.093 0.511335 0.487054
V 119.771 57.916 0.093 0.511512 0.487064
V 119.349 59.092 0.093 0.511322 0.487607
V 119.322 60.000 0.093 0.511313 0.488026
V 119.644 60.000 0.093 0.511461 0.488025
V 119.664 59.667 0.093 0.511469 0.487871
V 119.685 59.333 0.093 0.511477 0.487717
V 119.698 59.113 0.093 0.511483 0.487616
V 119.291 61.000 0.093 0.511303 0.488487
V 119.583 61.000 0.093 0.511437 0.488486
V 119.603 60.667 0.093 0.511445 0.488332
V 119.623 60.333 0.093 0.511453 0.488178
V 119.261 62.000 0.093 0.511293 0.488948
V 119.522 62.000 0.093 0.511412 0.488947
V 119.542 61.667 0.093 0.511420 0.488793
V 119.562 61.333 0.093 0.511429 0.488639
V 119.481 62.667 0.093 0.511396 0.489254
V 119.461 63.000 0.093 0.511388 0.489408
V 119.501 62.333 0.093 0.511404 0.489100
V 119.455 63.093 0.093 0.511386 0.489450
V 33.800 60.666 4.291 0.472069 0.488650
V 34.000 60.934 4.270 0.472162 0.488773
V 34.000 60.678 4.272 0.472161 0.488655
V 34.000 60.422 4.273 0.472160 0.488537
V 33.600 60.910 4.307 0.471978 0.488763
V 34.673 60.000 4.258 0.472467 0.488340
V 35.000 60.000 4.171 0.472617 0.488339
V 35.000 59.601 4.241 0.472616 0.488155
V 35.000 59.201 4.266 0.472614 0.487971
V 34.782 59.467 4.261 0.472515 0.488094
V 34.564 59.734 4.269 0.472416 0.488218
V 34.346 60.000 4.276 0.472317 0.488341
V 35.000 60.497 4.168 0.472619 0.488568
V 34.173 60.211 4.281 0.472238 0.488439
V 34.333 60.954 4.238 0.472315 0.488781
V 34.667 60.974 4.204 0.472468 0.488789
V 35.000 60.995 4.164 0.472621 0.488797
V 35.984 58.000 4.548 0.473061 0.487413
V 36.000 58.000 4.549 0.473069 0.487413
V 36.000 57.981 4.550 0.473068 0.487404
V 36.000 58.500 4.365 0.473070 0.487644
V 35.960 58.030 4.545 0.473050 0.487427
V 35.695 58.353 4.371 0.472930 0.487577
V 35.582 59.000 4.252 0.472881 0.487876
V 35.430 58.677 4.352 0.472809 0.487727
V 35.165 59.000 4.267 0.472689 0.487877
V 36.000 59.000 4.176 0.473072 0.487874
V 35.500 60.000 4.111 0.472846 0.488337
V 36.000 60.000 4.052 0.473076 0.488335
V 36.000 59.500 4.165 0.473074 0.488105
V 35.545 61.000 4.099 0.472871 0.488798
V 36.000 61.000 4.044 0.473080 0.488796
V 36.000 60.500 4.048 0.473078 0.488566
V 35.089 61.000 4.153 0.472662 0.488799
V 35.545 61.028 4.099 0.472871 0.488810
V 36.000 61.055 4.044 0.473080 0.488821
V 36.803 57.000 4.803 0.473434 0.486950
V 37.000 57.000 4.821 0.473524 0.486949
V 37.000 56.760 4.840 0.473523 0.486838
V 36.500 58.000 4.572 0.473298 0.487412
V 37.000 58.000 4.395 0.473527 0.487410
V 37.000 57.500 4.629 0.473526 0.487179
V 36.268 57.654 4.585 0.473190 0.487253
V 36.536 57.327 4.753 0.473312 0.487101
V 36.500 59.000 4.137 0.473302 0.487872
V 37.000 59.000 4.098 0.473531 0.487871
V 37.000 58.500 4.218 0.473529 0.487640
V 36.500 60.000 3.992 0.473305 0.488333
V 37.000 60.000 3.932 0.473535 0.488331
V 37.000 59.500 3.935 0.473533 0.488101
V 36.500 61.000 3.984 0.473309 0.488794
V 37.000 61.000 3.925 0.473539 0.488792
V 37.000 60.500 3.928 0.473537 0.488562
V 36.667 61.095 3.964 0.473386 0.488837
V 36.333 61.075 4.004 0.473233 0.488829
V 37.000 61.115 3.924 0.473539 0.488845
V 38.000 56.000 4.989 0.473979 0.486484
V 38.000 55.539 5.012 0.473977 0.486272
V 37.811 55.770 4.991 0.473892 0.486379
V 37.623 56.000 4.957 0.473806 0.486486
V 37.500 57.000 4.865 0.473753 0.486947
V 38.000 57.000 4.709 0.473983 0.486945
V 38.000 56.500 4.950 0.473981 0.486715
V 37.311 56.380 4.899 0.473664 0.486662
V 37.500 58.000 4.398 0.473757 0.487408
V 38.000 58.000 4.200 0.473986 0.487406
V 38.000 57.500 4.676 0.473985 0.487176
V 37.500 59.000 4.059 0.473761 0.487869
V 38.000 59.000 3.819 0.473990 0.487867
V 38.000 58.500 4.031 0.473988 0.487636
V 37.500 60.000 3.872 0.473764 0.488330
V 38.000 60.000 3.812 0.473994 0.488328
V 38.000 59.500 3.816 0.473992 0.488097
V 37.500 61.000 3.865 0.473768 0.488790
V 38.000 61.000 3.805 0.473997 0.488789
V 38.000 60.500 3.808 0.473996 0.488558
V 37.667 61.156 3.844 0.473845 0.488862
V 37.333 61.136 3.884 0.473692 0.488853
V 38.000 61.176 3.803 0.473998 0.488870
V 38.241 55.246 5.039 0.474087 0.486136
V 38.241 55.245 5.039 0.474087 0.486136
V 38.466 56.000 5.014 0.474193 0.486483
V 38.932 56.000 5.039 0.474407 0.486481
V 38.702 55.749 5.039 0.474300 0.486366
V 38.472 55.497 5.039 0.474194 0.486251
V 38.888 56.687 4.761 0.474389 0.486797
V 39.000 56.584 4.766 0.474440 0.486750
V 39.000 56.329 5.027 0.474439 0.486632
V 39.000 56.074 5.039 0.474438 0.486515
V 38.500 57.000 4.732 0.474212 0.486943
V 38.887 56.701 4.761 0.474389 0.486804
V 39.000 57.000 4.752 0.474442 0.486941
V 39.000 56.826 4.758 0.474441 0.486861
V 38.885 56.691 4.761 0.474388 0.486800
V 38.887 56.687 4.761 0.474389 0.486798
V 38.885 56.690 4.761 0.474388 0.486799
V 38.887 56.688 4.761 0.474389 0.486798
V 38.886 56.700 4.761 0.474388 0.486803
V 38.886 56.689 4.761 0.474388 0.486798
V 38.886 56.699 4.761 0.474388 0.486803
V 38.886 56.690 4.761 0.474388 0.486799
V 38.885 56.698 4.761 0.474388 0.486803
V 38.885 56.697 4.761 0.474388 0.486802
V 38.885 56.696 4.761 0.474388 0.486802
V 38.885 56.692 4.761 0.474388 0.486800
V 38.885 56.695 4.761 0.474388 0.486801
V 38.885 56.693 4.761 0.474388 0.486801
V 38.885 56.694 4.761 0.474388 0.486801
V 38.500 58.000 4.182 0.474216 0.487404
V 39.000 58.000 3.963 0.474445 0.487402
V 39.000 57.500 4.432 0.474443 0.487172
V 38.500 59.000 3.759 0.474220 0.487865
V 39.000 59.000 3.699 0.474449 0.487863
V 39.000 58.500 3.952 0.474447 0.487633
V 38.500 60.000 3.752 0.474223 0.488326
V 39.000 60.000 3.692 0.474453 0.488324
V 39.000 59.500 3.696 0.474451 0.488094
V 38.500 61.000 3.745 0.474227 0.488787
V 39.000 61.000 3.685 0.474456 0.488785
V 39.000 60.500 3.689 0.474455 0.488554
V 38.667 61.216 3.723 0.474304 0.488886
V 38.333 61.196 3.763 0.474151 0.488878
V 39.000 61.236 3.683 0.474457 0.488894
V 39.156 57.000 4.754 0.474513 0.486941
V 39.254 56.351 5.039 0.474556 0.486641
V 39.254 56.352 5.039 0.474556 0.486642
V 39.500 58.000 3.924 0.474675 0.487400
V 40.000 58.000 3.883 0.474904 0.487399
V 40.000 57.938 3.883 0.474904 0.487370
V 39.437 57.313 4.440 0.474644 0.487084
V 39.719 57.625 4.148 0.474774 0.487227
V 39.500 59.000 3.640 0.474678 0.487861
V 40.000 59.000 3.580 0.474908 0.487859
V 40.000 58.500 3.583 0.474906 0.487629
V 39.500 60.000 3.632 0.474682 0.488322
V 40.000 60.000 3.572 0.474912 0.488320
V 40.000 59.500 3.576 0.474910 0.488090
V 39.500 61.000 3.625 0.474686 0.488783
V 40.000 61.000 3.565 0.474915 0.488781
V 40.000 60.500 3.569 0.474913 0.488551
V 39.667 61.277 3.603 0.474763 0.488910
V 39.333 61.256 3.643 0.474610 0.488902
V 40.000 61.297 3.563 0.474916 0.488918
V 40.056 58.000 3.877 0.474930 0.487398
V 40.500 59.000 3.520 0.475137 0.487858
V 41.000 59.000 3.460 0.475367 0.487856
V 41.000 58.669 3.462 0.475366 0.487703
V 41.000 58.338 3.465 0.475364 0.487550
V 40.663 58.317 3.505 0.475210 0.487542
V 40.320 58.293 3.546 0.475052 0.487532
V 40.327 58.296 3.546 0.475055 0.487534
V 40.320 58.294 3.546 0.475052 0.487533
V 40.321 58.295 3.546 0.475053 0.487533
V 40.326 58.296 3.546 0.475055 0.487534
V 40.322 58.295 3.546 0.475053 0.487533
V 40.325 58.296 3.546 0.475054 0.487534
V 40.323 58.296 3.546 0.475053 0.487534
V 40.324 58.296 3.546 0.475054 0.487534
V 40.500 60.000 3.513 0.475141 0.488318
V 41.000 60.000 3.453 0.475371 0.488317
V 41.000 59.500 3.456 0.475369 0.488086
V 40.500 61.000 3.505 0.475145 0.488779
V 41.000 61.000 3.445 0.475374 0.488777
V 41.000 60.500 3.449 0.475372 0.488547
V 40.667 61.337 3.483 0.475222 0.488934
V 40.333 61.317 3.523 0.475069 0.488926
V 41.000 61.357 3.443 0.475376 0.488942
V 41.500 59.000 3.400 0.475596 0.487854
V 42.000 59.000 3.340 0.475826 0.487852
V 42.000 58.699 3.342 0.475825 0.487713
V 42.000 58.399 3.344 0.475823 0.487575
V 41.667 58.378 3.385 0.475670 0.487567
V 41.333 58.358 3.425 0.475517 0.487559
V 41.500 60.000 3.393 0.475600 0.488315
V 42.000 60.000 3.333 0.475829 0.488313
V 42.000 59.500 3.336 0.475828 0.488082
V 41.500 61.000 3.386 0.475604 0.488776
V 42.000 61.000 3.326 0.475833 0.488774
V 42.000 60.500 3.329 0.475831 0.488543
V 41.667 61.397 3.363 0.475682 0.488958
V 41.333 61.377 3.403 0.475529 0.488950
V 42.000 61.418 3.323 0.475835 0.488966
V 42.500 59.000 3.280 0.476055 0.487850
V 43.000 59.000 3.220 0.476285 0.487848
V 43.000 58.730 3.222 0.476284 0.487724
V 43.000 58.460 3.224 0.476283 0.487599
V 42.667 58.439 3.264 0.476130 0.487591
V 42.333 58.419 3.304 0.475977 0.487583
V 42.500 60.000 3.273 0.476059 0.488311
V 43.000 60.000 3.213 0.476288 0.488309
V 43.000 59.500 3.217 0.476286 0.488079
V 42.500 61.000 3.266 0.476063 0.488772
V 43.000 61.000 3.206 0.476292 0.488770
V 43.000 60.500 3.209 0.476290 0.488540
V 42.716 61.461 3.237 0.476163 0.488983
V 43.000 61.478 3.202 0.476294 0.488990
V 42.432 61.444 3.271 0.476033 0.488977
V 43.500 59.000 3.160 0.476514 0.487846
V 43.667 58.500 3.144 0.476589 0.487616
V 44.000 59.000 3.101 0.476744 0.487845
V 44.000 58.521 3.104 0.476742 0.487624
V 43.333 58.480 3.184 0.476436 0.487607
V 43.500 60.000 3.153 0.476518 0.488307
V 44.000 60.000 3.093 0.476747 0.488305
V 44.000 59.500 3.097 0.476745 0.488075
V 43.500 61.000 3.146 0.476521 0.488768
V 44.000 61.000 3.086 0.476751 0.488766
V 44.000 60.500 3.090 0.476749 0.488536
V 44.000 61.269 3.084 0.476752 0.488890
V 43.333 61.498 3.162 0.476447 0.488998
V 43.667 61.518 3.122 0.476600 0.489006
V 44.000 61.538 3.082 0.476753 0.489014
V 44.333 58.541 3.064 0.476895 0.487632
V 44.500 59.000 3.041 0.476973 0.487843
V 44.667 58.561 3.024 0.477048 0.487640
V 45.000 59.000 2.981 0.477202 0.487841
V 45.000 58.582 2.984 0.477201 0.487648
V 44.500 60.000 3.033 0.476977 0.488304
V 45.000 60.000 2.974 0.477206 0.488302
V 45.000 59.500 2.977 0.477204 0.488071
V 44.500 61.000 3.026 0.476980 0.488764
V 45.000 61.000 2.966 0.477210 0.488763
V 45.000 60.500 2.970 0.477208 0.488532
V 45.000 61.299 2.964 0.477211 0.488901
V 44.333 61.559 3.042 0.476906 0.489022
V 44.667 61.579 3.002 0.477059 0.489030
V 45.000 61.599 2.962 0.477212 0.489039
V 45.681 58.624 2.904 0.477513 0.487665
V 45.681 58.623 2.904 0.477513 0.487665
V 45.680 58.623 2.904 0.477513 0.487665
V 45.340 58.603 2.943 0.477357 0.487656
V 45.690 58.634 2.903 0.477518 0.487670
V 46.000 59.000 2.871 0.477661 0.487837
V 46.000 58.653 2.873 0.477660 0.487677
V 45.681 58.625 2.904 0.477513 0.487665
V 45.500 59.000 2.921 0.477432 0.487839
V 45.681 58.626 2.904 0.477514 0.487666
V 45.689 58.634 2.903 0.477517 0.487670
V 45.688 58.634 2.903 0.477517 0.487669
V 45.681 58.627 2.904 0.477514 0.487666
V 45.687 58.633 2.903 0.477516 0.487669
V 45.681 58.628 2.904 0.477514 0.487667
V 45.686 58.633 2.903 0.477516 0.487669
V 45.682 58.628 2.904 0.477514 0.487667
V 45.682 58.629 2.904 0.477514 0.487667
V 45.685 58.632 2.904 0.477515 0.487669
V 45.683 58.630 2.904 0.477514 0.487668
V 45.684 58.631 2.904 0.477515 0.487668
V 45.683 58.631 2.904 0.477515 0.487668
V 45.500 60.000 2.914 0.477436 0.488300
V 46.000 60.000 2.866 0.477665 0.488298
V 46.000 59.500 2.868 0.477663 0.488068
V 45.500 61.000 2.908 0.477439 0.488761
V 46.000 61.000 2.860 0.477669 0.488759
V 46.000 60.500 2.863 0.477667 0.488528
V 46.000 61.330 2.858 0.477670 0.488911
V 45.333 61.619 2.922 0.477365 0.489047
V 45.667 61.639 2.888 0.477518 0.489055
V 46.000 61.659 2.856 0.477671 0.489063
V 46.069 58.647 2.867 0.477692 0.487674
V 46.058 58.656 2.868 0.477687 0.487679
V 46.535 58.675 2.822 0.477906 0.487686
V 47.000 59.000 2.807 0.478120 0.487833
V 47.000 58.704 2.807 0.478119 0.487697
V 46.069 58.648 2.867 0.477692 0.487675
V 46.059 58.656 2.868 0.477687 0.487679
V 46.500 59.000 2.823 0.477891 0.487835
V 46.069 58.649 2.867 0.477692 0.487675
V 46.060 58.656 2.868 0.477688 0.487679
V 46.068 58.650 2.867 0.477691 0.487676
V 46.061 58.656 2.867 0.477688 0.487678
V 46.062 58.656 2.867 0.477689 0.487678
V 46.068 58.651 2.867 0.477691 0.487676
V 46.063 58.656 2.867 0.477689 0.487678
V 46.067 58.652 2.867 0.477691 0.487676
V 46.064 58.655 2.867 0.477689 0.487678
V 46.067 58.653 2.867 0.477691 0.487677
V 46.065 58.655 2.867 0.477690 0.487678
V 46.066 58.654 2.867 0.477690 0.487677
V 46.066 58.653 2.867 0.477691 0.487677
V 46.500 60.000 2.819 0.477895 0.488296
V 47.000 60.000 2.805 0.478124 0.488294
V 47.000 59.500 2.806 0.478122 0.488064
V 46.500 61.000 2.816 0.477898 0.488757
V 47.000 61.000 2.804 0.478128 0.488755
V 47.000 60.500 2.804 0.478126 0.488525
V 46.542 61.692 2.814 0.477920 0.489076
V 47.000 61.720 2.803 0.478130 0.489087
V 47.000 61.360 2.803 0.478129 0.488921
V 46.083 61.664 2.848 0.477709 0.489065
V 47.333 58.724 2.799 0.478272 0.487705
V 47.500 59.000 2.795 0.478350 0.487832
V 47.667 58.745 2.793 0.478425 0.487713
V 48.000 59.000 2.793 0.478579 0.487830
V 48.000 58.765 2.793 0.478578 0.487721
V 47.500 60.000 2.793 0.478353 0.488292
V 48.000 60.000 2.793 0.478583 0.488291
V 48.000 59.500 2.793 0.478581 0.488060
V 47.500 61.000 2.793 0.478357 0.488753
V 48.000 61.000 2.793 0.478587 0.488751
V 48.000 60.500 2.793 0.478585 0.488521
V 48.000 61.390 2.793 0.478588 0.488931
V 47.333 61.740 2.795 0.478283 0.489095
V 47.667 61.760 2.793 0.478436 0.489103
V 48.000 61.780 2.793 0.478589 0.489111
V 48.333 58.785 2.793 0.478731 0.487729
V 48.500 59.000 2.793 0.478809 0.487828
V 48.667 58.806 2.793 0.478884 0.487738
V 49.000 59.000 2.793 0.479038 0.487826
V 49.000 58.826 2.793 0.479037 0.487746
V 48.500 60.000 2.793 0.478812 0.488289
V 49.000 60.000 2.793 0.479042 0.488287
V 49.000 59.500 2.793 0.479040 0.488056
V 48.500 61.000 2.793 0.478816 0.488750
V 49.000 61.000 2.793 0.479045 0.488748
V 49.000 60.500 2.793 0.479044 0.488517
V 49.000 61.420 2.793 0.479047 0.488941
V 48.333 61.800 2.793 0.478743 0.489119
V 48.667 61.820 2.793 0.478896 0.489127
V 49.000 61.841 2.793 0.479049 0.489135
V 49.333 58.846 2.793 0.479190 0.487754
V 49.500 59.000 2.793 0.479268 0.487824
V 49.667 58.867 2.793 0.479344 0.487762
V 50.000 59.000 2.793 0.479497 0.487822
V 50.000 58.887 2.793 0.479497 0.487770
V 49.500 60.000 2.793 0.479271 0.488285
V 50.000 60.000 2.793 0.479501 0.488283
V 50.000 59.500 2.793 0.479499 0.488053
V 49.500 61.000 2.793 0.479275 0.488746
V 50.000 61.000 2.793 0.479504 0.488744
V 50.000 60.500 2.793 0.479503 0.488514
V 50.000 61.451 2.793 0.479506 0.488952
V 49.333 61.861 2.793 0.479202 0.489143
V 49.667 61.881 2.793 0.479355 0.489151
V 50.000 61.901 2.793 0.479508 0.489159
V 50.333 58.907 2.793 0.479650 0.487778
V 50.500 59.000 2.793 0.479726 0.487820
V 50.667 58.928 2.793 0.479803 0.487786
V 51.000 59.000 2.793 0.479956 0.487819
V 51.000 58.948 2.793 0.479956 0.487795
V 50.500 60.000 2.793 0.479730 0.488281
V 51.000 60.000 2.793 0.479960 0.488279
V 51.000 59.500 2.793 0.479958 0.488049
V 50.500 61.000 2.793 0.479734 0.488742
V 51.000 61.000 2.793 0.479963 0.488740
V 51.000 60.500 2.793 0.479961 0.488510
V 51.000 61.481 2.793 0.479965 0.488962
V 50.333 61.921 2.793 0.479661 0.489167
V 50.667 61.941 2.793 0.479814 0.489175
V 51.000 61.961 2.793 0.479967 0.489183
V 51.426 58.974 2.793 0.480151 0.487805
V 51.426 59.000 2.793 0.480151 0.487817
V 51.852 59.000 2.793 0.480347 0.487815
V 51.500 60.000 2.793 0.480189 0.488278
V 52.000 60.000 2.793 0.480419 0.488276
V 52.000 59.505 2.793 0.480417 0.488047
V 52.000 59.009 2.793 0.480415 0.487819
V 51.500 61.000 2.793 0.480193 0.488738
V 52.000 61.000 2.793 0.480422 0.488737
V 52.000 60.500 2.793 0.480420 0.488506
V 51.638 62.000 2.793 0.480260 0.489199
V 52.000 62.000 2.793 0.480426 0.489197
V 52.000 61.500 2.793 0.480424 0.488967
V 51.319 61.981 2.793 0.480113 0.489191
V 52.000 62.022 2.793 0.480426 0.489207
V 52.500 60.000 2.793 0.480648 0.488274
V 53.000 60.000 2.793 0.480877 0.488272
V 53.000 59.535 2.793 0.480876 0.488058
V 53.000 59.070 2.793 0.480874 0.487843
V 52.667 59.050 2.793 0.480721 0.487835
V 52.333 59.029 2.793 0.480568 0.487827
V 52.500 61.000 2.793 0.480652 0.488735
V 53.000 61.000 2.793 0.480881 0.488733
V 53.000 60.500 2.793 0.480879 0.488502
V 52.500 62.000 2.793 0.480655 0.489196
V 53.000 62.000 2.793 0.480885 0.489194
V 53.000 61.500 2.793 0.480883 0.488963
V 52.667 62.062 2.793 0.480732 0.489224
V 52.333 62.042 2.793 0.480579 0.489216
V 53.000 62.082 2.793 0.480885 0.489232
V 53.500 60.000 2.793 0.481107 0.488270
V 54.000 60.000 2.793 0.481336 0.488268
V 54.000 59.566 2.793 0.481335 0.488068
V 54.000 59.131 2.793 0.481333 0.487868
V 53.667 59.111 2.793 0.481180 0.487860
V 53.333 59.090 2.793 0.481027 0.487852
V 53.500 61.000 2.793 0.481111 0.488731
V 54.000 61.000 2.793 0.481340 0.488729
V 54.000 60.500 2.793 0.481338 0.488499
V 53.500 62.000 2.793 0.481114 0.489192
V 54.000 62.000 2.793 0.481344 0.489190
V 54.000 61.500 2.793 0.481342 0.488960
V 53.667 62.123 2.793 0.481191 0.489248
V 53.333 62.102 2.793 0.481038 0.489240
V 54.000 62.143 2.793 0.481344 0.489256
V 54.500 60.000 2.793 0.481566 0.488266
V 55.000 60.000 2.793 0.481795 0.488265
V 55.000 59.596 2.793 0.481794 0.488078
V 55.000 59.192 2.793 0.481792 0.487892
V 54.667 59.172 2.793 0.481639 0.487884
V 54.333 59.151 2.793 0.481486 0.487876
V 54.500 61.000 2.793 0.481569 0.488727
V 55.000 61.000 2.793 0.481799 0.488725
V 55.000 60.500 2.793 0.481797 0.488495
V 54.500 62.000 2.793 0.481573 0.489188
V 55.000 62.000 2.793 0.481803 0.489186
V 55.000 61.500 2.793 0.481801 0.488956
V 54.667 62.183 2.793 0.481650 0.489272
V 54.333 62.163 2.793 0.481497 0.489264
V 55.000 62.203 2.793 0.481803 0.489280
V 55.500 60.000 2.793 0.482025 0.488263
V 56.000 60.000 2.793 0.482254 0.488261
V 56.000 59.627 2.793 0.482253 0.488089
V 56.000 59.253 2.793 0.482251 0.487917
V 55.667 59.233 2.793 0.482098 0.487909
V 55.333 59.212 2.793 0.481945 0.487900
V 55.500 61.000 2.793 0.482028 0.488724
V 56.000 61.000 2.793 0.482258 0.488722
V 56.000 60.500 2.793 0.482256 0.488491
V 55.500 62.000 2.793 0.482032 0.489184
V 56.000 62.000 2.793 0.482262 0.489183
V 56.000 61.500 2.793 0.482260 0.488952
V 55.667 62.243 2.793 0.482109 0.489296
V 55.333 62.223 2.793 0.481956 0.489288
V 56.000 62.264 2.793 0.482263 0.489304
V 56.500 60.000 2.793 0.482484 0.488259
V 57.000 60.000 2.793 0.482713 0.488257
V 57.000 59.657 2.793 0.482712 0.488099
V 57.000 59.314 2.793 0.482711 0.487941
V 56.667 59.294 2.793 0.482557 0.487933
V 56.333 59.274 2.793 0.482404 0.487925
V 56.500 61.000 2.793 0.482487 0.488720
V 57.000 61.000 2.793 0.482717 0.488718
V 57.000 60.500 2.793 0.482715 0.488488
V 56.500 62.000 2.793 0.482491 0.489181
V 57.000 62.000 2.793 0.482720 0.489179
V 57.000 61.500 2.793 0.482719 0.488948
V 56.667 62.304 2.793 0.482569 0.489320
V 56.333 62.284 2.793 0.482416 0.489312
V 57.000 62.324 2.793 0.482722 0.489328
V 57.500 60.000 2.793 0.482943 0.488255
V 58.000 60.000 2.793 0.483172 0.488253
V 58.000 59.688 2.793 0.483171 0.488109
V 58.000 59.375 2.793 0.483170 0.487966
V 57.667 59.355 2.793 0.483017 0.487957
V 57.333 59.335 2.793 0.482864 0.487949
V 57.500 61.000 2.793 0.482946 0.488716
V 58.000 61.000 2.793 0.483176 0.488714
V 58.000 60.500 2.793 0.483174 0.488484
V 57.500 62.000 2.793 0.482950 0.489177
V 58.000 62.000 2.793 0.483179 0.489175
V 58.000 61.500 2.793 0.483178 0.488945
V 57.667 62.364 2.793 0.483028 0.489344
V 57.333 62.344 2.793 0.482875 0.489336
V 58.000 62.384 2.793 0.483181 0.489352
V 58.500 60.000 2.793 0.483401 0.488252
V 59.000 60.000 2.782 0.483631 0.488250
V 59.000 59.718 2.783 0.483630 0.488120
V 59.000 59.436 2.783 0.483629 0.487990
V 58.667 59.416 2.791 0.483476 0.487982
V 58.333 59.396 2.793 0.483323 0.487974
V 58.500 61.000 2.792 0.483405 0.488712
V 59.000 61.000 2.781 0.483635 0.488711
V 59.000 60.500 2.781 0.483633 0.488480
V 58.500 62.000 2.791 0.483409 0.489173
V 59.000 62.000 2.779 0.483638 0.489171
V 59.000 61.500 2.780 0.483636 0.488941
V 58.667 62.425 2.786 0.483487 0.489368
V 58.333 62.405 2.793 0.483334 0.489360
V 59.000 62.445 2.779 0.483640 0.489376
V 59.500 60.000 2.770 0.483860 0.488248
V 60.000 60.000 2.737 0.484090 0.488246
V 60.000 59.749 2.738 0.484089 0.488130
V 60.000 59.497 2.739 0.484088 0.488014
V 59.667 59.477 2.763 0.483935 0.488006
V 59.333 59.457 2.775 0.483782 0.487998
V 59.500 61.000 2.767 0.483864 0.488709
V 60.000 61.000 2.733 0.484094 0.488707
V 60.000 60.500 2.735 0.484092 0.488476
V 59.500 62.000 2.764 0.483868 0.489170
V 60.000 62.000 2.729 0.484097 0.489168
V 60.000 61.500 2.731 0.484095 0.488937
V 60.000 62.253 2.728 0.484098 0.489284
V 59.333 62.465 2.771 0.483793 0.489384
V 59.667 62.485 2.750 0.483946 0.489392
V 60.000 62.505 2.726 0.484099 0.489401
V 60.500 60.000 2.703 0.484319 0.488244
V 60.667 59.538 2.699 0.484394 0.488031
V 61.000 60.000 2.699 0.484549 0.488242
V 61.000 59.558 2.699 0.484547 0.488039
V 60.333 59.518 2.716 0.484241 0.488022
V 60.500 61.000 2.700 0.484323 0.488705
V 61.000 61.000 2.699 0.484552 0.488703
V 61.000 60.500 2.699 0.484551 0.488473
V 60.500 62.000 2.700 0.484327 0.489166
V 61.000 62.000 2.699 0.484556 0.489164
V 61.000 61.500 2.699 0.484554 0.488934
V 61.000 62.283 2.699 0.484557 0.489294
V 60.333 62.525 2.703 0.484252 0.489409
V 60.667 62.546 2.699 0.484405 0.489417
V 61.000 62.566 2.698 0.484558 0.489425
V 61.333 59.579 2.698 0.484700 0.488047
V 61.500 60.000 2.698 0.484778 0.488240
V 61.667 59.599 2.705 0.484853 0.488055
V 62.000 60.000 2.731 0.485008 0.488239
V 62.000 59.619 2.729 0.485006 0.488063
V 61.500 61.000 2.701 0.484782 0.488701
V 62.000 61.000 2.735 0.485011 0.488699
V 62.000 60.500 2.733 0.485009 0.488469
V 61.500 62.000 2.704 0.484786 0.489162
V 62.000 62.000 2.739 0.485015 0.489160
V 62.000 61.500 2.737 0.485013 0.488930
V 62.000 62.313 2.741 0.485016 0.489305
V 61.333 62.586 2.698 0.484711 0.489433
V 61.667 62.606 2.718 0.484864 0.489441
V 62.000 62.626 2.742 0.485017 0.489449
V 62.333 59.640 2.753 0.485159 0.488071
V 62.500 60.000 2.766 0.485237 0.488237
V 62.667 59.660 2.769 0.485312 0.488079
V 63.000 60.000 2.769 0.485467 0.488235
V 63.000 59.680 2.769 0.485465 0.488088
V 62.500 61.000 2.768 0.485241 0.488698
V 63.000 61.000 2.769 0.485470 0.488696
V 63.000 60.500 2.769 0.485468 0.488465
V 62.500 62.000 2.769 0.485244 0.489158
V 63.000 62.000 2.769 0.485474 0.489157
V 63.000 61.500 2.769 0.485472 0.488926
V 63.000 62.343 2.769 0.485475 0.489315
V 62.333 62.646 2.765 0.485170 0.489457
V 62.667 62.666 2.769 0.485323 0.489465
V 63.000 62.687 2.769 0.485476 0.489473
V 63.333 59.701 2.769 0.485618 0.488096
V 63.500 60.000 2.768 0.485696 0.488233
V 63.667 59.721 2.758 0.485771 0.488104
V 64.000 60.000 2.725 0.485925 0.488231
V 64.000 59.741 2.726 0.485924 0.488112
V 63.500 61.000 2.766 0.485700 0.488694
V 64.000 61.000 2.719 0.485929 0.488692
V 64.000 60.500 2.722 0.485927 0.488462
V 63.500 62.000 2.761 0.485703 0.489155
V 64.000 62.000 2.713 0.485933 0.489153
V 64.000 61.500 2.716 0.485931 0.488922
V 64.000 62.373 2.711 0.485934 0.489325
V 63.333 62.707 2.769 0.485630 0.489481
V 63.667 62.727 2.741 0.485783 0.489489
V 64.000 62.747 2.709 0.485936 0.489497
V 64.062 59.745 2.720 0.485953 0.488114
V 64.531 59.774 2.675 0.486168 0.488125
V 65.000 60.000 2.640 0.486384 0.488227
V 65.000 59.802 2.641 0.486384 0.488136
V 64.500 60.000 2.677 0.486155 0.488229
V 64.500 61.000 2.671 0.486159 0.488690
V 65.000 61.000 2.635 0.486388 0.488688
V 65.000 60.500 2.638 0.486386 0.488458
V 64.500 62.000 2.667 0.486162 0.489151
V 65.000 62.000 2.631 0.486392 0.489149
V 65.000 61.500 2.633 0.486390 0.488919
V 65.000 62.404 2.629 0.486393 0.489335
V 64.333 62.767 2.677 0.486089 0.489505
V 64.667 62.787 2.652 0.486242 0.489513
V 65.000 62.807 2.628 0.486395 0.489521
V 65.333 59.822 2.617 0.486537 0.488144
V 65.500 60.000 2.605 0.486614 0.488226
V 65.667 59.842 2.609 0.486690 0.488152
V 66.000 60.000 2.634 0.486843 0.488224
V 66.000 59.862 2.633 0.486843 0.488160
V 65.500 61.000 2.604 0.486618 0.488686
V 66.000 61.000 2.638 0.486847 0.488685
V 66.000 60.500 2.636 0.486845 0.488454
V 65.500 62.000 2.606 0.486621 0.489147
V 66.000 62.000 2.642 0.486851 0.489145
V 66.000 61.500 2.640 0.486849 0.488915
V 66.000 62.434 2.644 0.486852 0.489345
V 65.333 62.828 2.605 0.486548 0.489529
V 65.667 62.848 2.622 0.486701 0.489537
V 66.000 62.868 2.646 0.486854 0.489545
V 66.333 59.883 2.657 0.486996 0.488168
V 66.500 60.000 2.670 0.487073 0.488222
V 66.667 59.903 2.684 0.487149 0.488176
V 67.000 60.000 2.717 0.487302 0.488220
V 67.000 59.923 2.716 0.487302 0.488184
V 66.500 61.000 2.674 0.487076 0.488683
V 67.000 61.000 2.722 0.487306 0.488681
V 67.000 60.500 2.720 0.487304 0.488450
V 66.500 62.000 2.680 0.487080 0.489144
V 67.000 62.000 2.728 0.487310 0.489142
V 67.000 61.500 2.725 0.487308 0.488911
V 67.000 62.464 2.731 0.487311 0.489356
V 66.333 62.888 2.670 0.487007 0.489553
V 66.667 62.908 2.702 0.487160 0.489561
V 67.000 62.928 2.734 0.487313 0.489569
V 67.333 59.943 2.748 0.487455 0.488192
V 67.500 60.000 2.764 0.487532 0.488218
V 67.667 59.963 2.769 0.487608 0.488201
V 68.000 60.000 2.769 0.487761 0.488216
V 68.000 59.983 2.769 0.487761 0.488209
V 67.500 61.000 2.768 0.487535 0.488679
V 68.000 61.000 2.769 0.487765 0.488677
V 68.000 60.500 2.769 0.487763 0.488447
V 67.500 62.000 2.769 0.487539 0.489140
V 68.000 62.000 2.769 0.487768 0.489138
V 68.000 61.500 2.769 0.487767 0.488908
V 68.000 62.494 2.769 0.487770 0.489366
V 67.333 62.948 2.765 0.487466 0.489578
V 67.667 62.969 2.769 0.487619 0.489586
V 68.000 62.989 2.769 0.487772 0.489594
V 68.278 60.000 2.769 0.487889 0.488215
V 68.500 61.000 2.767 0.487994 0.488675
V 69.000 61.000 2.720 0.488224 0.488673
V 69.000 60.522 2.723 0.488222 0.488453
V 69.000 60.044 2.725 0.488220 0.488233
V 68.639 60.022 2.760 0.488054 0.488224
V 68.500 62.000 2.762 0.487998 0.489136
V 69.000 62.000 2.714 0.488227 0.489134
V 69.000 61.500 2.717 0.488226 0.488904
V 68.594 63.000 2.747 0.488045 0.489597
V 69.000 63.000 2.708 0.488231 0.489595
V 69.000 62.500 2.711 0.488229 0.489365
V 68.187 63.000 2.769 0.487858 0.489598
V 68.654 63.028 2.741 0.488073 0.489609
V 69.000 63.049 2.708 0.488231 0.489618
V 69.500 61.000 2.672 0.488453 0.488672
V 70.000 61.000 2.612 0.488683 0.488670
V 70.000 60.552 2.615 0.488681 0.488463
V 70.000 60.104 2.618 0.488679 0.488257
V 69.667 60.084 2.658 0.488526 0.488249
V 69.333 60.064 2.693 0.488373 0.488241
V 69.500 62.000 2.664 0.488457 0.489132
V 70.000 62.000 2.605 0.488686 0.489131
V 70.000 61.500 2.608 0.488684 0.488900
V 69.500 63.000 2.657 0.488461 0.489593
V 70.000 63.000 2.597 0.488690 0.489591
V 70.000 62.500 2.601 0.488688 0.489361
V 69.667 63.089 2.637 0.488537 0.489634
V 69.333 63.069 2.676 0.488384 0.489626
V 70.000 63.110 2.596 0.488690 0.489642
V 70.500 61.000 2.552 0.488912 0.488668
V 71.000 61.000 2.492 0.489142 0.488666
V 71.000 60.582 2.495 0.489140 0.488473
V 71.000 60.165 2.498 0.489138 0.488281
V 70.667 60.144 2.538 0.488985 0.488273
V 70.333 60.124 2.578 0.488832 0.488265
V 70.500 62.000 2.545 0.488916 0.489129
V 71.000 62.000 2.485 0.489145 0.489127
V 71.000 61.500 2.488 0.489143 0.488896
V 70.500 63.000 2.537 0.488919 0.489590
V 71.000 63.000 2.477 0.489149 0.489588
V 71.000 62.500 2.481 0.489147 0.489357
V 70.667 63.150 2.516 0.488996 0.489658
V 70.333 63.130 2.556 0.488843 0.489650
V 71.000 63.170 2.476 0.489150 0.489666
V 71.500 61.000 2.432 0.489371 0.488664
V 72.000 61.000 2.372 0.489600 0.488662
V 72.000 60.612 2.375 0.489599 0.488484
V 72.000 60.225 2.378 0.489598 0.488305
V 71.667 60.205 2.418 0.489445 0.488297
V 71.333 60.185 2.458 0.489291 0.488289
V 71.500 62.000 2.425 0.489375 0.489125
V 72.000 62.000 2.365 0.489604 0.489123
V 72.000 61.500 2.369 0.489602 0.488893
V 71.500 63.000 2.418 0.489378 0.489586
V 72.000 63.000 2.358 0.489608 0.489584
V 72.000 62.500 2.361 0.489606 0.489354
V 71.667 63.210 2.396 0.489456 0.489682
V 71.333 63.190 2.436 0.489303 0.489674
V 72.000 63.230 2.356 0.489609 0.489690
V 72.325 59.990 2.341 0.489746 0.488196
V 72.312 59.948 2.342 0.489740 0.488176
V 72.038 59.932 2.375 0.489614 0.488170
V 72.039 59.932 2.375 0.489614 0.488170
V 72.318 59.989 2.341 0.489743 0.488195
V 72.324 60.000 2.341 0.489746 0.488200
V 72.312 59.949 2.342 0.489740 0.488177
V 72.310 59.979 2.342 0.489739 0.488191
V 72.317 59.989 2.341 0.489742 0.488195
V 72.320 59.990 2.341 0.489744 0.488196
V 72.034 60.000 2.375 0.489612 0.488201
V 72.319 59.990 2.341 0.489743 0.488195
V 72.310 59.980 2.342 0.489739 0.488191
V 72.316 59.989 2.342 0.489742 0.488195
V 72.310 59.981 2.342 0.489739 0.488191
V 72.316 59.988 2.342 0.489742 0.488195
V 72.311 59.982 2.342 0.489739 0.488192
V 72.315 59.988 2.342 0.489741 0.488195
V 72.314 59.987 2.342 0.489741 0.488194
V 72.311 59.983 2.342 0.489739 0.488193
V 72.313 59.987 2.342 0.489740 0.488194
V 72.312 59.984 2.342 0.489740 0.488193
V 72.313 59.986 2.342 0.489740 0.488194
V 72.312 59.985 2.342 0.489740 0.488193
V 72.325 60.240 2.339 0.489747 0.488311
V 72.326 60.242 2.339 0.489747 0.488312
V 72.320 60.240 2.339 0.489745 0.488311
V 72.310 60.229 2.341 0.489740 0.488306
V 72.010 60.226 2.377 0.489602 0.488305
V 72.500 61.000 2.312 0.489830 0.488660
V 73.000 61.000 2.252 0.490059 0.488659
V 73.000 60.643 2.255 0.490058 0.488494
V 73.000 60.285 2.258 0.490057 0.488329
V 72.667 60.265 2.298 0.489904 0.488321
V 72.021 60.216 2.375 0.489607 0.488301
V 72.334 60.245 2.338 0.489751 0.488313
V 72.325 60.241 2.339 0.489747 0.488311
V 72.011 60.226 2.377 0.489602 0.488305
V 72.333 60.245 2.338 0.489751 0.488313
V 72.326 60.241 2.339 0.489747 0.488311
V 72.012 60.226 2.376 0.489603 0.488305
V 72.012 60.225 2.376 0.489603 0.488305
V 72.327 60.242 2.339 0.489748 0.488312
V 72.310 60.230 2.341 0.489740 0.488306
V 72.013 60.225 2.376 0.489603 0.488305
V 72.332 60.245 2.338 0.489750 0.488313
V 72.328 60.243 2.338 0.489748 0.488312
V 72.014 60.225 2.376 0.489604 0.488305
V 72.021 60.217 2.375 0.489607 0.488301
V 72.015 60.225 2.376 0.489604 0.488305
V 72.331 60.245 2.338 0.489749 0.488313
V 72.016 60.224 2.376 0.489605 0.488305
V 72.330 60.244 2.338 0.489749 0.488313
V 72.317 60.239 2.340 0.489743 0.488311
V 72.329 60.244 2.338 0.489749 0.488313
V 72.319 60.240 2.339 0.489744 0.488311
V 72.310 60.231 2.341 0.489740 0.488307
V 72.315 60.238 2.340 0.489742 0.488310
V 72.316 60.238 2.340 0.489742 0.488310
V 72.021 60.218 2.375 0.489607 0.488302
V 72.314 60.237 2.340 0.489742 0.488310
V 72.318 60.239 2.340 0.489744 0.488311
V 72.311 60.232 2.341 0.489740 0.488307
V 72.020 60.219 2.375 0.489607 0.488302
V 72.017 60.223 2.376 0.489605 0.488304
V 72.313 60.237 2.340 0.489741 0.488309
V 72.018 60.223 2.376 0.489606 0.488304
V 72.316 60.239 2.340 0.489743 0.488310
V 72.311 60.233 2.340 0.489740 0.488308
V 72.313 60.236 2.340 0.489741 0.488309
V 72.020 60.220 2.375 0.489607 0.488303
V 72.019 60.222 2.376 0.489606 0.488304
V 72.312 60.235 2.340 0.489741 0.488309
V 72.312 60.234 2.340 0.489741 0.488308
V 72.019 60.221 2.376 0.489606 0.488303
V 72.500 62.000 2.305 0.489834 0.489121
V 73.000 62.000 2.245 0.490063 0.489119
V 73.000 61.500 2.249 0.490061 0.488889
V 72.500 63.000 2.298 0.489837 0.489582
V 73.000 63.000 2.238 0.490067 0.489580
V 73.000 62.500 2.242 0.490065 0.489350
V 72.667 63.271 2.276 0.489915 0.489706
V 72.333 63.251 2.316 0.489762 0.489698
V 73.000 63.291 2.236 0.490068 0.489714
V 73.500 61.000 2.193 0.490289 0.488657
V 74.000 61.000 2.133 0.490518 0.488655
V 74.000 60.673 2.135 0.490517 0.488504
V 74.000 60.346 2.137 0.490516 0.488353
V 73.667 60.326 2.177 0.490363 0.488345
V 73.333 60.305 2.218 0.490210 0.488337
V 73.500 62.000 2.185 0.490292 0.489118
V 74.000 62.000 2.125 0.490522 0.489116
V 74.000 61.500 2.129 0.490520 0.488885
V 73.500 63.000 2.178 0.490296 0.489578
V 74.000 63.000 2.118 0.490526 0.489577
V 74.000 62.500 2.122 0.490524 0.489346
V 73.667 63.331 2.156 0.490374 0.489730
V 73.333 63.311 2.196 0.490221 0.489722
V 74.000 63.351 2.116 0.490527 0.489738
V 74.500 61.000 2.073 0.490748 0.488653
V 75.000 61.000 2.013 0.490977 0.488651
V 75.000 60.703 2.015 0.490976 0.488514
V 75.000 60.406 2.017 0.490975 0.488378
V 74.667 60.386 2.057 0.490822 0.488369
V 74.333 60.366 2.097 0.490669 0.488361
V 74.500 62.000 2.065 0.490751 0.489114
V 75.000 62.000 2.006 0.490981 0.489112
V 75.000 61.500 2.009 0.490979 0.488882
V 74.500 63.000 2.058 0.490755 0.489575
V 75.000 63.000 1.998 0.490985 0.489573
V 75.000 62.500 2.002 0.490983 0.489342
V 74.667 63.392 2.035 0.490833 0.489755
V 74.333 63.371 2.076 0.490680 0.489746
V 75.000 63.412 1.995 0.490986 0.489763
V 75.500 61.000 1.953 0.491207 0.488649
V 76.000 61.000 1.893 0.491436 0.488647
V 76.000 60.733 1.895 0.491435 0.488525
V 76.000 60.467 1.897 0.491434 0.488402
V 75.667 60.446 1.937 0.491281 0.488394
V 75.333 60.426 1.977 0.491128 0.488386
V 75.500 62.000 1.946 0.491210 0.489110
V 76.000 62.000 1.886 0.491440 0.489108
V 76.000 61.500 1.889 0.491438 0.488878
V 75.500 63.000 1.938 0.491214 0.489571
V 76.000 63.000 1.879 0.491443 0.489569
V 76.000 62.500 1.882 0.491442 0.489339
V 75.667 63.452 1.915 0.491292 0.489779
V 75.333 63.432 1.955 0.491139 0.489771
V 76.000 63.472 1.875 0.491445 0.489787
V 76.500 61.000 1.833 0.491666 0.488646
V 76.667 60.507 1.817 0.491740 0.488418
V 77.000 61.000 1.773 0.491895 0.488644
V 77.000 60.527 1.777 0.491893 0.488426
V 76.333 60.487 1.857 0.491587 0.488410
V 76.500 62.000 1.826 0.491669 0.489106
V 77.000 62.000 1.766 0.491899 0.489105
V 77.000 61.500 1.770 0.491897 0.488874
V 76.500 63.000 1.819 0.491673 0.489567
V 77.000 63.000 1.759 0.491902 0.489565
V 77.000 62.500 1.762 0.491901 0.489335
V 77.000 63.266 1.757 0.491903 0.489688
V 76.333 63.492 1.835 0.491598 0.489795
V 76.667 63.512 1.795 0.491751 0.489803
V 77.000 63.533 1.755 0.491904 0.489811
V 77.333 60.547 1.737 0.492046 0.488434
V 77.500 61.000 1.713 0.492124 0.488642
V 77.667 60.567 1.697 0.492199 0.488442
V 78.000 61.000 1.653 0.492354 0.488640
V 78.000 60.587 1.656 0.492352 0.488450
V 77.500 62.000 1.706 0.492128 0.489103
V 78.000 62.000 1.646 0.492358 0.489101
V 78.000 61.500 1.650 0.492356 0.488870
V 77.500 63.000 1.699 0.492132 0.489564
V 78.000 63.000 1.639 0.492361 0.489562
V 78.000 62.500 1.643 0.492359 0.489331
V 78.000 63.296 1.637 0.492362 0.489698
V 77.333 63.553 1.715 0.492057 0.489819
V 77.667 63.573 1.675 0.492210 0.489827
V 78.000 63.593 1.635 0.492363 0.489835
V 78.333 60.608 1.616 0.492505 0.488458
V 78.500 61.000 1.594 0.492583 0.488638
V 78.667 60.628 1.576 0.492658 0.488466
V 79.000 61.000 1.534 0.492813 0.488636
V 79.000 60.648 1.536 0.492812 0.488474
V 78.500 62.000 1.586 0.492587 0.489099
V 79.000 62.000 1.526 0.492817 0.489097
V 79.000 61.500 1.530 0.492815 0.488867
V 78.500 63.000 1.579 0.492591 0.489560
V 79.000 63.000 1.519 0.492820 0.489558
V 79.000 62.500 1.523 0.492818 0.489328
V 79.000 63.327 1.517 0.492821 0.489709
V 78.333 63.613 1.595 0.492517 0.489843
V 78.667 63.633 1.555 0.492670 0.489851
V 79.000 63.653 1.515 0.492823 0.489859
V 79.333 60.668 1.496 0.492965 0.488482
V 79.500 61.000 1.474 0.493042 0.488634
V 79.667 60.688 1.456 0.493118 0.488490
V 80.000 61.000 1.414 0.493272 0.488633
V 80.000 60.708 1.416 0.493271 0.488498
V 79.500 62.000 1.467 0.493046 0.489095
V 80.000 62.000 1.407 0.493275 0.489093
V 80.000 61.500 1.410 0.493274 0.488863
V 79.500 63.000 1.459 0.493050 0.489556
V 80.000 63.000 1.399 0.493279 0.489554
V 80.000 62.500 1.403 0.493277 0.489324
V 80.000 63.357 1.397 0.493280 0.489719
V 79.333 63.674 1.474 0.492976 0.489867
V 79.667 63.694 1.434 0.493129 0.489875
V 80.000 63.714 1.394 0.493282 0.489883
V 80.333 60.728 1.376 0.493424 0.488506
V 80.500 61.000 1.354 0.493501 0.488631
V 80.667 60.749 1.336 0.493577 0.488514
V 81.000 61.000 1.294 0.493731 0.488629
V 81.000 60.769 1.296 0.493730 0.488522
V 80.500 62.000 1.347 0.493505 0.489092
V 81.000 62.000 1.287 0.493734 0.489090
V 81.000 61.500 1.291 0.493732 0.488859
V 80.500 63.000 1.340 0.493509 0.489552
V 81.000 63.000 1.280 0.493738 0.489551
V 81.000 62.500 1.283 0.493736 0.489320
V 81.000 63.387 1.277 0.493739 0.489729
V 80.333 63.734 1.354 0.493435 0.489891
V 80.667 63.754 1.314 0.493588 0.489899
V 81.000 63.774 1.274 0.493741 0.489907
V 81.333 60.789 1.256 0.493883 0.488530
V 81.500 61.000 1.234 0.493960 0.488627
V 81.667 60.809 1.216 0.494036 0.488538
V 82.000 61.000 1.174 0.494190 0.488625
V 82.000 60.829 1.176 0.494189 0.488546
V 81.500 62.000 1.227 0.493964 0.489088
V 82.000 62.000 1.167 0.494193 0.489086
V 82.000 61.500 1.171 0.494191 0.488856
V 81.500 63.000 1.220 0.493967 0.489549
V 82.000 63.000 1.160 0.494197 0.489547
V 82.000 62.500 1.164 0.494195 0.489316
V 82.000 63.417 1.157 0.494198 0.489739
V 81.333 63.794 1.234 0.493894 0.489915
V 81.667 63.815 1.194 0.494047 0.489923
V 82.000 63.835 1.154 0.494200 0.489932
V 82.333 60.849 1.136 0.494342 0.488554
V 82.500 61.000 1.114 0.494419 0.488623
V 82.667 60.869 1.095 0.494495 0.488563
V 83.000 61.000 1.055 0.494648 0.488621
V 83.000 60.890 1.055 0.494648 0.488571
V 82.500 62.000 1.107 0.494423 0.489084
V 83.000 62.000 1.047 0.494652 0.489082
V 83.000 61.500 1.051 0.494650 0.488852
V 82.500 63.000 1.100 0.494426 0.489545
V 83.000 63.000 1.040 0.494656 0.489543
V 83.000 62.500 1.044 0.494654 0.489313
V 83.000 63.448 1.037 0.494657 0.489749
V 82.333 63.855 1.114 0.494353 0.489940
V 82.667 63.875 1.074 0.494506 0.489948
V 83.000 63.895 1.034 0.494659 0.489956
V 83.333 60.910 1.015 0.494801 0.488579
V 83.500 61.000 0.995 0.494878 0.488620
V 83.667 60.930 0.975 0.494954 0.488587
V 84.000 61.000 0.935 0.495107 0.488618
V 84.000 60.950 0.935 0.495107 0.488595
V 83.500 62.000 0.987 0.494882 0.489080
V 84.000 62.000 0.928 0.495111 0.489079
V 84.000 61.500 0.931 0.495109 0.488848
V 83.500 63.000 0.980 0.494885 0.489541
V 84.000 63.000 0.920 0.495115 0.489539
V 84.000 62.500 0.924 0.495113 0.489309
V 84.000 63.478 0.917 0.495117 0.489760
V 83.333 63.915 0.994 0.494812 0.489964
V 83.667 63.935 0.953 0.494965 0.489972
V 84.000 63.956 0.913 0.495118 0.489980
V 84.413 60.975 0.885 0.495297 0.488605
V 84.413 61.000 0.885 0.495297 0.488616
V 84.827 61.000 0.836 0.495487 0.488615
V 84.500 62.000 0.868 0.495341 0.489077
V 85.000 62.000 0.808 0.495570 0.489075
V 85.000 61.505 0.811 0.495568 0.488847
V 85.000 61.010 0.815 0.495566 0.488619
V 84.500 63.000 0.860 0.495344 0.489538
V 85.000 63.000 0.801 0.495574 0.489536
V 85.000 62.500 0.804 0.495572 0.489305
V 84.736 64.000 0.825 0.495456 0.489998
V 85.000 64.000 0.793 0.495577 0.489997
V 85.000 63.500 0.797 0.495576 0.489766
V 84.368 63.978 0.869 0.495287 0.489989
V 85.000 64.016 0.793 0.495577 0.490004
V 85.500 62.000 0.748 0.495799 0.489073
V 86.000 62.000 0.688 0.496029 0.489071
V 86.000 61.535 0.691 0.496027 0.488857
V 86.000 61.071 0.695 0.496025 0.488643
V 85.667 61.051 0.735 0.495872 0.488635
V 85.333 61.031 0.775 0.495719 0.488627
V 85.500 63.000 0.741 0.495803 0.489534
V 86.000 63.000 0.681 0.496033 0.489532
V 86.000 62.500 0.684 0.496031 0.489302
V 85.500 64.000 0.733 0.495807 0.489995
V 86.000 64.000 0.674 0.496036 0.489993
V 86.000 63.500 0.677 0.496034 0.489762
V 85.667 64.056 0.713 0.495884 0.490020
V 85.333 64.036 0.753 0.495730 0.490012
V 86.000 64.076 0.673 0.496037 0.490028
V 86.500 62.000 0.628 0.496258 0.489069
V 87.000 62.000 0.568 0.496488 0.489067
V 87.000 61.566 0.571 0.496486 0.488867
V 87.000 61.131 0.575 0.496485 0.488667
V 86.667 61.111 0.615 0.496332 0.488659
V 86.333 61.091 0.655 0.496178 0.488651
V 86.500 63.000 0.621 0.496262 0.489530
V 87.000 63.000 0.561 0.496491 0.489528
V 87.000 62.500 0.565 0.496490 0.489298
V 86.500 64.000 0.614 0.496266 0.489991
V 87.000 64.000 0.554 0.496495 0.489989
V 87.000 63.500 0.557 0.496493 0.489759
V 86.667 64.117 0.593 0.496343 0.490044
V 86.333 64.097 0.633 0.496190 0.490036
V 87.000 64.137 0.553 0.496496 0.490052
V 87.500 62.000 0.508 0.496717 0.489066
V 88.000 62.000 0.448 0.496947 0.489064
V 88.000 61.596 0.451 0.496945 0.488877
V 88.000 61.192 0.454 0.496944 0.488691
V 87.667 61.172 0.494 0.496791 0.488683
V 87.333 61.151 0.534 0.496638 0.488675
V 87.500 63.000 0.501 0.496721 0.489526
V 88.000 63.000 0.441 0.496950 0.489525
V 88.000 62.500 0.445 0.496949 0.489294
V 87.500 64.000 0.494 0.496725 0.489987
V 88.000 64.000 0.434 0.496954 0.489985
V 88.000 63.500 0.438 0.496952 0.489755
V 87.667 64.177 0.473 0.496802 0.490068
V 87.333 64.157 0.513 0.496649 0.490060
V 88.000 64.197 0.433 0.496955 0.490076
V 88.500 62.000 0.390 0.497176 0.489062
V 89.000 62.000 0.354 0.497406 0.489060
V 89.000 61.626 0.356 0.497404 0.488888
V 89.000 61.252 0.358 0.497403 0.488715
V 88.667 61.232 0.382 0.497250 0.488707
V 88.333 61.212 0.414 0.497097 0.488699
V 88.500 63.000 0.386 0.497180 0.489523
V 89.000 63.000 0.350 0.497409 0.489521
V 89.000 62.500 0.352 0.497407 0.489290
V 88.500 64.000 0.382 0.497184 0.489984
V 89.000 64.000 0.346 0.497413 0.489982
V 89.000 63.500 0.348 0.497411 0.489751
V 88.562 64.231 0.376 0.497213 0.490090
V 89.000 64.258 0.344 0.497414 0.490100
V 88.123 64.205 0.418 0.497011 0.490079
V 89.500 62.000 0.324 0.497635 0.489058
V 90.000 62.000 0.346 0.497865 0.489056
V 90.000 61.656 0.345 0.497863 0.488898
V 90.000 61.313 0.344 0.497862 0.488740
V 89.667 61.292 0.328 0.497709 0.488731
V 89.333 61.272 0.333 0.497556 0.488723
V 89.500 63.000 0.325 0.497639 0.489519
V 90.000 63.000 0.349 0.497868 0.489517
V 90.000 62.500 0.348 0.497866 0.489287
V 89.500 64.000 0.328 0.497642 0.489980
V 90.000 64.000 0.352 0.497872 0.489978
V 90.000 63.500 0.351 0.497870 0.489748
V 89.667 64.298 0.337 0.497720 0.490117
V 89.333 64.278 0.324 0.497567 0.490108
V 90.000 64.318 0.353 0.497873 0.490125
V 90.500 62.000 0.369 0.498094 0.489054
V 91.000 62.000 0.382 0.498323 0.489053
V 91.000 61.687 0.381 0.498322 0.488908
V 91.000 61.373 0.381 0.498321 0.488764
V 90.667 61.353 0.373 0.498168 0.488756
V 90.333 61.333 0.361 0.498015 0.488748
V 90.500 63.000 0.371 0.498098 0.489515
V 91.000 63.000 0.383 0.498327 0.489513
V 91.000 62.500 0.382 0.498325 0.489283
V 90.500 64.000 0.373 0.498101 0.489976
V 91.000 64.000 0.385 0.498331 0.489974
V 91.000 63.500 0.384 0.498329 0.489744
V 90.667 64.358 0.377 0.498179 0.490141
V 90.333 64.338 0.368 0.498026 0.490133
V 91.000 64.379 0.385 0.498332 0.490149
V 91.500 62.000 0.393 0.498553 0.489051
V 92.000 62.000 0.393 0.498782 0.489049
V 92.000 61.717 0.393 0.498781 0.488918
V 92.000 61.433 0.393 0.498780 0.488788
V 91.667 61.413 0.393 0.498627 0.488780
V 91.333 61.393 0.389 0.498474 0.488772
V 91.500 63.000 0.393 0.498557 0.489512
V 92.000 63.000 0.393 0.498786 0.489510
V 92.000 62.500 0.393 0.498784 0.489279
V 91.500 64.000 0.393 0.498560 0.489972
V 92.000 64.000 0.393 0.498790 0.489971
V 92.000 63.500 0.393 0.498788 0.489740
V 91.667 64.419 0.393 0.498638 0.490165
V 91.333 64.399 0.393 0.498485 0.490157
V 92.000 64.439 0.393 0.498791 0.490173
V 92.500 62.000 0.393 0.499012 0.489047
V 93.000 62.000 0.393 0.499241 0.489045
V 93.000 61.747 0.393 0.499240 0.488929
V 93.000 61.494 0.393 0.499239 0.488812
V 92.667 61.474 0.393 0.499086 0.488804
V 92.333 61.454 0.393 0.498933 0.488796
V 92.500 63.000 0.393 0.499015 0.489508
V 93.000 63.000 0.393 0.499245 0.489506
V 93.000 62.500 0.393 0.499243 0.489276
V 92.500 64.000 0.393 0.499019 0.489969
V 93.000 64.000 0.393 0.499249 0.489967
V 93.000 63.500 0.393 0.499247 0.489736
V 92.667 64.479 0.393 0.499097 0.490189
V 92.333 64.459 0.393 0.498944 0.490181
V 93.000 64.499 0.393 0.499250 0.490197
V 93.500 62.000 0.393 0.499471 0.489043
V 93.667 61.534 0.393 0.499545 0.488828
V 94.000 62.000 0.393 0.499700 0.489041
V 94.000 61.554 0.393 0.499699 0.488836
V 93.333 61.514 0.393 0.499392 0.488820
V 93.500 63.000 0.393 0.499474 0.489504
V 94.000 63.000 0.393 0.499704 0.489502
V 94.000 62.500 0.393 0.499702 0.489272
V 93.500 64.000 0.393 0.499478 0.489965
V 94.000 64.000 0.393 0.499708 0.489963
V 94.000 63.500 0.393 0.499706 0.489733
V 94.000 64.280 0.393 0.499709 0.490092
V 93.333 64.520 0.393 0.499404 0.490205
V 93.667 64.540 0.393 0.499557 0.490213
V 94.000 64.560 0.393 0.499710 0.490221
V 94.333 61.574 0.393 0.499852 0.488844
V 94.500 62.000 0.393 0.499930 0.489040
V 94.667 61.595 0.393 0.500005 0.488852
V 95.000 62.000 0.393 0.500159 0.489038
V 95.000 61.615 0.393 0.500158 0.488860
V 94.500 63.000 0.393 0.499933 0.489500
V 95.000 63.000 0.393 0.500163 0.489499
V 95.000 62.500 0.393 0.500161 0.489268
V 94.500 64.000 0.393 0.499937 0.489961
V 95.000 64.000 0.393 0.500166 0.489959
V 95.000 63.500 0.393 0.500165 0.489729
V 95.000 64.310 0.393 0.500168 0.490102
V 94.333 64.580 0.393 0.499863 0.490229
V 94.667 64.600 0.393 0.500016 0.490237
V 95.000 64.620 0.393 0.500169 0.490245
V 95.333 61.635 0.393 0.500311 0.488868
V 95.500 62.000 0.393 0.500389 0.489036
V 95.667 61.655 0.393 0.500464 0.488876
V 96.000 62.000 0.393 0.500618 0.489034
V 96.000 61.675 0.393 0.500617 0.488884
V 95.500 63.000 0.393 0.500392 0.489497
V 96.000 63.000 0.393 0.500622 0.489495
V 96.000 62.500 0.393 0.500620 0.489264
V 95.500 64.000 0.393 0.500396 0.489958
V 96.000 64.000 0.393 0.500625 0.489956
V 96.000 63.500 0.393 0.500624 0.489725
V 96.000 64.340 0.393 0.500627 0.490113
V 95.333 64.640 0.393 0.500322 0.490253
V 95.667 64.661 0.393 0.500475 0.490261
V 96.000 64.681 0.393 0.500628 0.490269
V 96.333 61.695 0.393 0.500770 0.488892
V 96.500 62.000 0.393 0.500847 0.489032
V 96.667 61.715 0.393 0.500923 0.488900
V 97.000 62.000 0.393 0.501077 0.489030
V 97.000 61.736 0.393 0.501076 0.488908
V 96.500 63.000 0.393 0.500851 0.489493
V 97.000 63.000 0.393 0.501081 0.489491
V 97.000 62.500 0.393 0.501079 0.489261
V 96.500 64.000 0.393 0.500855 0.489954
V 97.000 64.000 0.393 0.501084 0.489952
V 97.000 63.500 0.393 0.501082 0.489722
V 97.000 64.371 0.393 0.501086 0.490123
V 96.333 64.701 0.393 0.500781 0.490277
V 96.667 64.721 0.393 0.500934 0.490285
V 97.000 64.741 0.393 0.501087 0.490294
V 97.333 61.756 0.393 0.501229 0.488917
V 97.500 62.000 0.393 0.501306 0.489028
V 97.667 61.776 0.393 0.501382 0.488925
V 98.000 62.000 0.393 0.501536 0.489027
V 98.000 61.796 0.393 0.501535 0.488933
V 97.500 63.000 0.393 0.501310 0.489489
V 98.000 63.000 0.393 0.501540 0.489487
V 98.000 62.500 0.393 0.501538 0.489257
V 97.500 64.000 0.393 0.501314 0.489950
V 98.000 64.000 0.393 0.501543 0.489948
V 98.000 63.500 0.393 0.501541 0.489718
V 98.000 64.401 0.393 0.501545 0.490133
V 97.333 64.761 0.393 0.501240 0.490302
V 97.667 64.781 0.393 0.501393 0.490310
V 98.000 64.802 0.393 0.501546 0.490318
V 98.333 61.816 0.393 0.501688 0.488941
V 98.500 62.000 0.393 0.501765 0.489025
V 98.667 61.836 0.393 0.501841 0.488949
V 99.000 62.000 0.393 0.501995 0.489023
V 99.000 61.856 0.393 0.501994 0.488957
V 98.500 63.000 0.393 0.501769 0.489486
V 99.000 63.000 0.393 0.501998 0.489484
V 99.000 62.500 0.393 0.501997 0.489253
V 98.500 64.000 0.393 0.501773 0.489946
V 99.000 64.000 0.393 0.502002 0.489945
V 99.000 63.500 0.393 0.502000 0.489714
V 99.000 64.431 0.393 0.502004 0.490143
V 98.333 64.822 0.393 0.501699 0.490326
V 98.667 64.842 0.393 0.501852 0.490334
V 99.000 64.862 0.393 0.502005 0.490342
V 99.333 61.877 0.393 0.502147 0.488965
V 99.500 62.000 0.393 0.502224 0.489021
V 99.667 61.897 0.393 0.502300 0.488973
V 100.000 62.000 0.393 0.502454 0.489019
V 100.000 61.917 0.393 0.502453 0.488981
V 99.500 63.000 0.393 0.502228 0.489482
V 100.000 63.000 0.393 0.502457 0.489480
V 100.000 62.500 0.393 0.502455 0.489250
V 99.500 64.000 0.393 0.502232 0.489943
V 100.000 64.000 0.393 0.502461 0.489941
V 100.000 63.500 0.393 0.502459 0.489710
V 100.000 64.461 0.393 0.502463 0.490153
V 99.333 64.882 0.393 0.502158 0.490350
V 99.667 64.902 0.393 0.502311 0.490358
V 100.000 64.922 0.393 0.502464 0.490366
V 100.333 61.937 0.393 0.502606 0.488989
V 100.500 62.000 0.393 0.502683 0.489017
V 100.667 61.957 0.393 0.502759 0.488997
V 101.000 62.000 0.393 0.502913 0.489015
V 101.000 61.977 0.393 0.502912 0.489005
V 100.500 63.000 0.393 0.502687 0.489478
V 101.000 63.000 0.393 0.502916 0.489476
V 101.000 62.500 0.393 0.502914 0.489246
V 100.500 64.000 0.393 0.502690 0.489939
V 101.000 64.000 0.393 0.502920 0.489937
V 101.000 63.500 0.393 0.502918 0.489707
V 101.000 64.491 0.393 0.502922 0.490164
V 100.333 64.943 0.393 0.502617 0.490374
V 100.667 64.963 0.393 0.502771 0.490382
V 101.000 64.983 0.393 0.502924 0.490390
V 101.375 62.000 0.393 0.503085 0.489014
V 101.500 63.000 0.393 0.503146 0.489474
V 102.000 63.000 0.393 0.503375 0.489473
V 102.000 62.519 0.393 0.503373 0.489251
V 102.000 62.038 0.393 0.503372 0.489029
V 101.688 62.019 0.393 0.503228 0.489022
V 101.500 64.000 0.393 0.503149 0.489935
V 102.000 64.000 0.393 0.503379 0.489933
V 102.000 63.500 0.393 0.503377 0.489703
V 101.642 65.000 0.393 0.503218 0.490396
V 102.000 65.000 0.393 0.503383 0.490394
V 102.000 64.500 0.393 0.503381 0.490164
V 101.285 65.000 0.393 0.503054 0.490397
V 101.642 65.022 0.393 0.503219 0.490406
V 102.000 65.043 0.393 0.503383 0.490414
V 102.500 63.000 0.393 0.503605 0.489471
V 103.000 63.000 0.393 0.503834 0.489469
V 103.000 62.549 0.393 0.503832 0.489261
V 103.000 62.098 0.393 0.503831 0.489053
V 102.667 62.078 0.393 0.503678 0.489045
V 102.333 62.058 0.393 0.503525 0.489037
V 102.500 64.000 0.393 0.503608 0.489932
V 103.000 64.000 0.393 0.503838 0.489930
V 103.000 63.500 0.393 0.503836 0.489699
V 102.500 65.000 0.393 0.503612 0.490392
V 103.000 65.000 0.393 0.503841 0.490391
V 103.000 64.500 0.393 0.503840 0.490160
V 102.654 65.083 0.393 0.503683 0.490430
V 103.000 65.104 0.393 0.503842 0.490438
V 102.327 65.063 0.393 0.503533 0.490422
V 103.500 63.000 0.393 0.504064 0.489467
V 104.000 63.000 0.393 0.504293 0.489465
V 104.000 62.579 0.393 0.504291 0.489271
V 104.000 62.159 0.393 0.504290 0.489077
V 103.667 62.138 0.393 0.504137 0.489069
V 103.333 62.118 0.393 0.503984 0.489061
V 103.500 64.000 0.393 0.504067 0.489928
V 104.000 64.000 0.393 0.504297 0.489926
V 104.000 63.500 0.393 0.504295 0.489696
V 103.500 65.000 0.393 0.504071 0.490389
V 104.000 65.000 0.393 0.504300 0.490387
V 104.000 64.500 0.393 0.504299 0.490156
V 103.667 65.144 0.393 0.504148 0.490454
V 103.333 65.124 0.393 0.503995 0.490446
V 104.000 65.164 0.393 0.504301 0.490462
V 104.500 63.000 0.393 0.504522 0.489463
V 105.000 63.000 0.393 0.504752 0.489461
V 105.000 62.610 0.393 0.504750 0.489282
V 105.000 62.219 0.393 0.504749 0.489102
V 104.667 62.199 0.393 0.504596 0.489094
V 104.333 62.179 0.393 0.504443 0.489085
V 104.500 64.000 0.393 0.504526 0.489924
V 105.000 64.000 0.393 0.504756 0.489922
V 105.000 63.500 0.393 0.504754 0.489692
V 104.500 65.000 0.393 0.504530 0.490385
V 105.000 65.000 0.393 0.504759 0.490383
V 105.000 64.500 0.393 0.504757 0.490153
V 104.667 65.204 0.393 0.504607 0.490479
V 104.333 65.184 0.393 0.504454 0.490471
V 105.000 65.224 0.393 0.504760 0.490487
V 105.500 63.000 0.393 0.504981 0.489460
V 106.000 63.000 0.393 0.505211 0.489458
V 106.000 62.640 0.393 0.505209 0.489292
V 106.000 62.279 0.393 0.505208 0.489126
V 105.667 62.259 0.393 0.505055 0.489118
V 105.333 62.239 0.393 0.504902 0.489110
V 105.500 64.000 0.393 0.504985 0.489920
V 106.000 64.000 0.393 0.505214 0.489919
V 106.000 63.500 0.393 0.505213 0.489688
V 105.500 65.000 0.393 0.504989 0.490381
V 106.000 65.000 0.393 0.505218 0.490379
V 106.000 64.500 0.393 0.505216 0.490149
V 105.667 65.265 0.393 0.505066 0.490503
V 105.333 65.245 0.393 0.504913 0.490495
V 106.000 65.285 0.393 0.505219 0.490511
V 106.500 63.000 0.393 0.505440 0.489456
V 107.000 63.000 0.393 0.505670 0.489454
V 107.000 62.670 0.393 0.505668 0.489302
V 107.000 62.340 0.393 0.505667 0.489150
V 106.667 62.320 0.393 0.505514 0.489142
V 106.333 62.300 0.393 0.505361 0.489134
V 106.500 64.000 0.393 0.505444 0.489917
V 107.000 64.000 0.393 0.505673 0.489915
V 107.000 63.500 0.393 0.505672 0.489684
V 106.500 65.000 0.393 0.505448 0.490378
V 107.000 65.000 0.393 0.505677 0.490376
V 107.000 64.500 0.393 0.505675 0.490145
V 106.667 65.325 0.393 0.505525 0.490527
V 106.333 65.305 0.393 0.505372 0.490519
V 107.000 65.345 0.393 0.505678 0.490535
V 107.500 63.000 0.393 0.505899 0.489452
V 108.000 63.000 0.393 0.506129 0.489450
V 108.000 62.700 0.393 0.506128 0.489312
V 108.000 62.400 0.393 0.506126 0.489174
V 107.667 62.380 0.393 0.505973 0.489166
V 107.333 62.360 0.393 0.505820 0.489158
V 107.500 64.000 0.393 0.505903 0.489913
V 108.000 64.000 0.393 0.506132 0.489911
V 108.000 63.500 0.393 0.506130 0.489681
V 107.500 65.000 0.393 0.505907 0.490374
V 108.000 65.000 0.393 0.506136 0.490372
V 108.000 64.500 0.393 0.506134 0.490142
V 108.000 65.406 0.393 0.506137 0.490559
V 107.333 65.365 0.393 0.505831 0.490543
V 107.667 65.386 0.393 0.505984 0.490551
V 108.500 63.000 0.393 0.506358 0.489448
V 109.000 63.000 0.393 0.506588 0.489447
V 109.000 62.730 0.393 0.506587 0.489322
V 109.000 62.461 0.393 0.506586 0.489198
V 108.667 62.441 0.393 0.506432 0.489190
V 108.333 62.420 0.393 0.506279 0.489182
V 108.500 64.000 0.393 0.506362 0.489909
V 109.000 64.000 0.393 0.506591 0.489907
V 109.000 63.500 0.393 0.506589 0.489677
V 108.500 65.000 0.393 0.506365 0.490370
V 109.000 65.000 0.393 0.506595 0.490368
V 109.000 64.500 0.393 0.506593 0.490138
V 108.667 65.446 0.393 0.506444 0.490575
V 108.333 65.426 0.393 0.506291 0.490567
V 109.000 65.466 0.393 0.506597 0.490583
V 109.500 63.000 0.392 0.506817 0.489445
V 109.667 62.501 0.389 0.506892 0.489214
V 110.000 63.000 0.382 0.507046 0.489443
V 110.000 62.521 0.382 0.507045 0.489222
V 109.333 62.481 0.393 0.506739 0.489206
V 109.500 64.000 0.391 0.506821 0.489906
V 110.000 64.000 0.381 0.507050 0.489904
V 110.000 63.500 0.381 0.507048 0.489673
V 109.500 65.000 0.389 0.506824 0.490366
V 110.000 65.000 0.379 0.507054 0.490365
V 110.000 64.500 0.380 0.507052 0.490134
V 110.000 65.263 0.379 0.507055 0.490486
V 109.333 65.486 0.392 0.506750 0.490591
V 109.667 65.506 0.385 0.506903 0.490599
V 110.000 65.527 0.379 0.507056 0.490607
V 110.333 62.541 0.376 0.507198 0.489230
V 110.500 63.000 0.368 0.507276 0.489441
V 110.667 62.561 0.357 0.507351 0.489238
V 111.000 63.000 0.326 0.507505 0.489439
V 111.000 62.582 0.329 0.507504 0.489246
V 110.500 64.000 0.363 0.507280 0.489902
V 111.000 64.000 0.321 0.507509 0.489900
V 111.000 63.500 0.324 0.507507 0.489670
V 110.500 65.000 0.358 0.507283 0.490363
V 111.000 65.000 0.316 0.507513 0.490361
V 111.000 64.500 0.319 0.507511 0.490130
V 111.000 65.294 0.315 0.507514 0.490496
V 110.333 65.547 0.369 0.507209 0.490615
V 110.667 65.567 0.341 0.507362 0.490623
V 111.000 65.587 0.313 0.507515 0.490631
V 111.333 62.602 0.300 0.507657 0.489254
V 111.500 63.000 0.283 0.507735 0.489437
V 111.667 62.622 0.266 0.507810 0.489262
V 112.000 63.000 0.225 0.507964 0.489435
V 112.000 62.642 0.227 0.507963 0.489271
V 111.500 64.000 0.276 0.507738 0.489898
V 112.000 64.000 0.218 0.507968 0.489896
V 112.000 63.500 0.221 0.507966 0.489666
V 111.500 65.000 0.269 0.507742 0.490359
V 112.000 65.000 0.211 0.507972 0.490357
V 112.000 64.500 0.214 0.507970 0.490127
V 112.000 65.324 0.209 0.507973 0.490506
V 111.333 65.607 0.284 0.507668 0.490639
V 111.667 65.627 0.245 0.507821 0.490648
V 112.000 65.647 0.206 0.507974 0.490656
V 112.333 62.662 0.189 0.508116 0.489279
V 112.500 63.000 0.167 0.508194 0.489434
V 112.667 62.682 0.149 0.508269 0.489287
V 113.000 63.000 0.107 0.508423 0.489432
V 113.000 62.702 0.109 0.508422 0.489295
V 112.500 64.000 0.160 0.508197 0.489894
V 113.000 64.000 0.100 0.508427 0.489893
V 113.000 63.500 0.103 0.508425 0.489662
V 112.500 65.000 0.152 0.508201 0.490355
V 113.000 65.000 0.092 0.508431 0.490353
V 113.000 64.500 0.096 0.508429 0.490123
V 113.000 65.354 0.090 0.508432 0.490517
V 112.333 65.668 0.167 0.508127 0.490664
V 112.667 65.688 0.127 0.508280 0.490672
V 113.000 65.708 0.087 0.508433 0.490680
V 113.333 62.723 0.069 0.508575 0.489303
V 113.500 63.000 0.047 0.508653 0.489430
V 113.667 62.743 0.029 0.508728 0.489311
V 114.000 63.000 -0.013 0.508882 0.489428
V 114.000 62.763 -0.011 0.508881 0.489319
V 113.500 64.000 0.040 0.508656 0.489891
V 114.000 64.000 -0.020 0.508886 0.489889
V 114.000 63.500 -0.017 0.508884 0.489658
V 113.500 65.000 0.033 0.508660 0.490352
V 114.000 65.000 -0.027 0.508889 0.490350
V 114.000 64.500 -0.024 0.508888 0.490119
V 114.000 65.384 -0.030 0.508891 0.490527
V 113.333 65.728 0.047 0.508586 0.490688
V 113.667 65.748 0.007 0.508739 0.490696
V 114.000 65.768 -0.033 0.508892 0.490704
V 114.291 59.000 -0.019 0.509001 0.487584
V 114.365 58.797 -0.026 0.509034 0.487490
V 114.356 58.694 -0.024 0.509030 0.487443
V 114.321 58.523 -0.019 0.509013 0.487364
V 114.365 58.547 -0.024 0.509033 0.487375
V 114.356 58.444 -0.023 0.509029 0.487327
V 114.365 58.297 -0.023 0.509032 0.487259
V 114.356 58.194 -0.021 0.509028 0.487212
V 114.365 58.047 -0.021 0.509031 0.487144
V 114.350 58.046 -0.019 0.509025 0.487144
V 114.350 58.047 -0.019 0.509024 0.487144
V 114.361 59.000 -0.027 0.509033 0.487583
V 114.356 58.944 -0.026 0.509031 0.487558
V 114.356 58.443 -0.023 0.509029 0.487327
V 114.356 58.943 -0.026 0.509030 0.487557
V 114.356 58.693 -0.024 0.509030 0.487442
V 114.356 58.193 -0.021 0.509028 0.487211
V 114.251 59.667 -0.019 0.508985 0.487891
V 114.365 59.797 -0.033 0.509038 0.487951
V 114.365 59.547 -0.032 0.509037 0.487835
V 114.356 59.444 -0.030 0.509032 0.487788
V 114.271 59.333 -0.019 0.508993 0.487737
V 114.365 59.297 -0.030 0.509036 0.487720
V 114.356 59.194 -0.028 0.509031 0.487673
V 114.365 59.047 -0.028 0.509035 0.487605
V 114.356 59.193 -0.028 0.509031 0.487672
V 114.230 60.000 -0.019 0.508977 0.488045
V 114.361 60.000 -0.034 0.509037 0.488044
V 114.356 59.944 -0.033 0.509034 0.488019
V 114.356 59.694 -0.032 0.509033 0.487903
V 114.358 59.914 -0.033 0.509035 0.488004
V 114.356 59.943 -0.033 0.509034 0.488018
V 114.356 59.693 -0.032 0.509033 0.487903
V 114.356 59.443 -0.030 0.509032 0.487787
V 114.183 60.769 -0.019 0.508958 0.488399
V 114.365 60.797 -0.041 0.509041 0.488412
V 114.207 60.384 -0.019 0.508967 0.488222
V 114.365 60.547 -0.039 0.509040 0.488296
V 114.365 60.297 -0.037 0.509040 0.488181
V 114.365 60.047 -0.035 0.509039 0.488066
V 114.358 60.664 -0.039 0.509038 0.488350
V 114.356 60.693 -0.039 0.509037 0.488364
V 114.356 60.944 -0.041 0.509038 0.488479
V 114.169 61.000 -0.019 0.508952 0.488506
V 114.361 61.000 -0.042 0.509040 0.488505
V 114.356 60.694 -0.039 0.509037 0.488364
V 114.356 60.444 -0.037 0.509036 0.488249
V 114.356 60.194 -0.035 0.509035 0.488134
V 114.358 60.164 -0.035 0.509036 0.488120
V 114.356 60.193 -0.035 0.509035 0.488133
V 114.358 60.914 -0.041 0.509039 0.488465
V 114.358 60.414 -0.037 0.509037 0.488235
V 114.356 60.943 -0.041 0.509038 0.488479
V 114.356 60.443 -0.037 0.509036 0.488248
V 114.128 61.667 -0.019 0.508936 0.488813
V 114.365 61.797 -0.048 0.509045 0.488873
V 114.365 61.547 -0.046 0.509044 0.488757
V 114.149 61.333 -0.019 0.508944 0.488659
V 114.365 61.297 -0.044 0.509043 0.488642
V 114.365 61.047 -0.042 0.509042 0.488527
V 114.356 61.944 -0.048 0.509042 0.488940
V 114.108 62.000 -0.019 0.508928 0.488967
V 114.361 62.000 -0.049 0.509044 0.488966
V 114.356 61.694 -0.046 0.509041 0.488825
V 114.356 61.444 -0.044 0.509040 0.488710
V 114.356 61.194 -0.042 0.509039 0.488595
V 114.358 61.164 -0.042 0.509040 0.488580
V 114.356 61.193 -0.042 0.509039 0.488594
V 114.356 61.943 -0.048 0.509042 0.488940
V 114.358 61.664 -0.046 0.509041 0.488811
V 114.358 61.414 -0.044 0.509040 0.488696
V 114.358 61.914 -0.048 0.509042 0.488926
V 114.356 61.443 -0.044 0.509040 0.488709
V 114.356 61.693 -0.046 0.509041 0.488824
V 114.365 62.547 -0.053 0.509048 0.489218
V 114.363 62.547 -0.053 0.509047 0.489218
V 114.085 62.378 -0.019 0.508919 0.489141
V 114.365 62.297 -0.052 0.509047 0.489103
V 114.356 62.194 -0.050 0.509043 0.489055
V 114.365 62.047 -0.050 0.509046 0.488988
V 114.353 62.538 -0.052 0.509043 0.489214
V 114.062 62.756 -0.019 0.508910 0.489315
V 114.051 62.766 -0.017 0.508905 0.489320
V 114.680 62.804 -0.093 0.509194 0.489335
V 115.000 63.000 -0.133 0.509341 0.489424
V 115.000 62.823 -0.131 0.509340 0.489343
V 114.361 62.785 -0.055 0.509047 0.489327
V 114.500 63.000 -0.073 0.509112 0.489426
V 114.365 62.298 -0.052 0.509047 0.489103
V 114.358 62.164 -0.050 0.509043 0.489041
V 114.362 62.547 -0.053 0.509046 0.489218
V 114.356 62.193 -0.050 0.509043 0.489055
V 114.361 62.547 -0.053 0.509046 0.489218
V 114.052 62.766 -0.017 0.508905 0.489320
V 114.351 62.774 -0.053 0.509042 0.489322
V 114.353 62.536 -0.052 0.509042 0.489213
V 114.360 62.785 -0.055 0.509047 0.489327
V 114.360 62.546 -0.053 0.509046 0.489218
V 114.353 62.537 -0.052 0.509043 0.489214
V 114.053 62.766 -0.018 0.508905 0.489320
V 114.359 62.546 -0.053 0.509045 0.489217
V 114.359 62.784 -0.054 0.509046 0.489327
V 114.358 62.545 -0.053 0.509045 0.489217
V 114.354 62.539 -0.052 0.509043 0.489214
V 114.054 62.766 -0.018 0.508906 0.489320
V 114.357 62.545 -0.052 0.509044 0.489217
V 114.354 62.540 -0.052 0.509043 0.489215
V 114.055 62.766 -0.018 0.508906 0.489320
V 114.358 62.784 -0.054 0.509046 0.489327
V 114.357 62.544 -0.052 0.509044 0.489217
V 114.354 62.541 -0.052 0.509043 0.489215
V 114.056 62.765 -0.018 0.508907 0.489320
V 114.357 62.784 -0.054 0.509045 0.489327
V 114.356 62.544 -0.052 0.509044 0.489216
V 114.355 62.542 -0.052 0.509043 0.489216
V 114.355 62.543 -0.052 0.509043 0.489216
V 114.057 62.764 -0.018 0.508908 0.489319
V 114.356 62.783 -0.054 0.509045 0.489327
V 114.058 62.764 -0.018 0.508908 0.489319
V 114.355 62.783 -0.054 0.509044 0.489327
V 114.354 62.782 -0.054 0.509044 0.489326
V 114.355 62.782 -0.054 0.509044 0.489326
V 114.059 62.763 -0.018 0.508908 0.489319
V 114.353 62.781 -0.054 0.509043 0.489326
V 114.060 62.762 -0.018 0.508909 0.489318
V 114.062 62.757 -0.019 0.508910 0.489316
V 114.353 62.780 -0.054 0.509043 0.489325
V 114.351 62.775 -0.053 0.509042 0.489323
V 114.352 62.779 -0.054 0.509043 0.489325
V 114.061 62.761 -0.018 0.508909 0.489318
V 114.352 62.778 -0.053 0.509043 0.489325
V 114.061 62.760 -0.018 0.508909 0.489317
V 114.352 62.777 -0.053 0.509043 0.489324
V 114.061 62.759 -0.019 0.508909 0.489317
V 114.062 62.758 -0.019 0.508909 0.489316
V 114.351 62.776 -0.053 0.509042 0.489324
V 114.500 64.000 -0.080 0.509115 0.489887
V 115.000 64.000 -0.140 0.509345 0.489885
V 115.000 63.500 -0.136 0.509343 0.489655
V 114.500 65.000 -0.087 0.509119 0.490348
V 115.000 65.000 -0.147 0.509348 0.490346
V 115.000 64.500 -0.144 0.509347 0.490116
V 115.000 65.414 -0.150 0.509350 0.490537
V 114.333 65.788 -0.073 0.509045 0.490712
V 114.667 65.809 -0.113 0.509198 0.490720
V 115.000 65.829 -0.153 0.509351 0.490728
V 115.333 62.843 -0.171 0.509493 0.489351
V 115.500 63.000 -0.192 0.509570 0.489422
V 115.667 62.864 -0.209 0.509646 0.489359
V 116.000 63.000 -0.245 0.509800 0.489421
V 116.000 62.884 -0.244 0.509799 0.489367
V 115.500 64.000 -0.198 0.509574 0.489883
V 116.000 64.000 -0.251 0.509804 0.489881
V 116.000 63.500 -0.248 0.509802 0.489651
V 115.500 65.000 -0.205 0.509578 0.490344
V 116.000 65.000 -0.258 0.509807 0.490342
V 116.000 64.500 -0.254 0.509805 0.490112
V 116.000 65.445 -0.260 0.509809 0.490547
V 115.333 65.849 -0.193 0.509504 0.490736
V 115.667 65.869 -0.228 0.509658 0.490744
V 116.000 65.889 -0.263 0.509811 0.490752
V 116.460 62.912 -0.292 0.510011 0.489378
V 116.461 62.912 -0.292 0.510011 0.489378
V 116.455 63.000 -0.292 0.510009 0.489419
V 116.435 63.333 -0.292 0.510001 0.489573
V 116.414 63.667 -0.292 0.509993 0.489726
V 116.394 64.000 -0.292 0.509984 0.489880
V 116.374 64.333 -0.292 0.509976 0.490034
V 116.353 64.667 -0.292 0.509968 0.490187
V 116.333 65.000 -0.292 0.509960 0.490341
V 116.278 65.906 -0.292 0.509938 0.490759
V 116.305 65.453 -0.292 0.509949 0.490550
V 116.461 62.912 -0.292 0.510011 0.489378
V 116.455 63.000 -0.292 0.510009 0.489419
V 116.728 63.000 -0.310 0.510134 0.489418
V 117.000 63.000 -0.328 0.510259 0.489417
V 117.000 62.944 -0.328 0.510259 0.489391
V 116.730 62.928 -0.310 0.510135 0.489385
V 116.697 64.000 -0.312 0.510123 0.489879
V 117.000 64.000 -0.332 0.510263 0.489878
V 117.000 63.500 -0.330 0.510261 0.489647
V 116.435 63.333 -0.292 0.510001 0.489573
V 116.414 63.667 -0.292 0.509993 0.489726
V 116.394 64.000 -0.292 0.509984 0.489880
V 116.667 65.000 -0.314 0.510113 0.490340
V 117.000 65.000 -0.335 0.510266 0.490339
V 117.000 64.500 -0.334 0.510264 0.490108
V 116.374 64.333 -0.292 0.509976 0.490034
V 116.353 64.667 -0.292 0.509968 0.490187
V 116.333 65.000 -0.292 0.509960 0.490341
V 117.000 65.475 -0.337 0.510268 0.490557
V 116.639 65.928 -0.316 0.510104 0.490768
V 117.000 65.950 -0.339 0.510270 0.490776
V 116.305 65.453 -0.292 0.509949 0.490550
V 116.278 65.906 -0.292 0.509938 0.490759
V 117.462 62.972 -0.357 0.510471 0.489402
V 117.462 63.000 -0.357 0.510471 0.489415
V 117.924 63.000 -0.380 0.510683 0.489413
V 117.500 64.000 -0.362 0.510492 0.489876
V 118.000 64.000 -0.387 0.510721 0.489874
V 118.000 63.502 -0.386 0.510720 0.489645
V 118.000 63.005 -0.384 0.510718 0.489415
V 117.500 65.000 -0.365 0.510496 0.490337
V 118.000 65.000 -0.390 0.510725 0.490335
V 118.000 64.500 -0.389 0.510723 0.490104
V 117.834 66.000 -0.385 0.510652 0.490796
V 118.000 66.000 -0.393 0.510729 0.490796
V 118.000 65.500 -0.392 0.510727 0.490565
V 117.417 65.975 -0.364 0.510461 0.490786
V 118.000 66.010 -0.393 0.510729 0.490800
V 118.500 64.000 -0.412 0.510951 0.489872
V 119.000 64.000 -0.437 0.511180 0.489870
V 119.000 63.533 -0.436 0.511179 0.489655
V 119.000 63.065 -0.434 0.511177 0.489439
V 118.667 63.045 -0.417 0.511024 0.489431
V 118.333 63.025 -0.401 0.510871 0.489423
V 118.500 65.000 -0.415 0.510955 0.490333
V 119.000 65.000 -0.440 0.511184 0.490331
V 119.000 64.500 -0.438 0.511182 0.490101
V 118.500 66.000 -0.418 0.510958 0.490794
V 119.000 66.000 -0.443 0.511188 0.490792
V 119.000 65.500 -0.441 0.511186 0.490562
V 118.667 66.050 -0.427 0.511035 0.490816
V 118.333 66.030 -0.410 0.510882 0.490808
V 119.000 66.070 -0.443 0.511188 0.490825
V 120.000 57.000 -0.466 0.511613 0.486641
V 119.845 56.709 -0.457 0.511541 0.486507
V 119.827 57.000 -0.457 0.511534 0.486641
V 120.000 56.517 -0.464 0.511612 0.486418
V 119.862 56.418 -0.457 0.511548 0.486373
V 119.786 57.667 -0.457 0.511518 0.486949
V 120.000 58.000 -0.469 0.511617 0.487102
V 120.000 57.500 -0.467 0.511615 0.486871
V 119.807 57.333 -0.457 0.511526 0.486795
V 119.766 58.000 -0.457 0.511510 0.487102
V 119.725 58.667 -0.457 0.511493 0.487410
V 120.000 59.000 -0.472 0.511621 0.487562
V 120.000 58.500 -0.470 0.511619 0.487332
V 119.746 58.333 -0.457 0.511502 0.487256
V 119.705 59.000 -0.457 0.511485 0.487563
V 119.664 59.667 -0.457 0.511469 0.487871
V 120.000 60.000 -0.475 0.511624 0.488023
V 120.000 59.500 -0.473 0.511623 0.487793
V 119.685 59.333 -0.457 0.511477 0.487717
V 119.644 60.000 -0.457 0.511461 0.488025
V 119.603 60.667 -0.457 0.511445 0.488332
V 120.000 61.000 -0.478 0.511628 0.488484
V 120.000 60.500 -0.476 0.511626 0.488254
V 119.623 60.333 -0.457 0.511453 0.488178
V 119.583 61.000 -0.457 0.511437 0.488486
V 119.542 61.667 -0.457 0.511420 0.488793
V 120.000 62.000 -0.481 0.511632 0.488945
V 120.000 61.500 -0.479 0.511630 0.488715
V 119.562 61.333 -0.457 0.511429 0.488639
V 119.522 62.000 -0.457 0.511412 0.488947
V 119.730 63.000 -0.470 0.511512 0.489407
V 120.000 63.000 -0.484 0.511636 0.489406
V 120.000 62.500 -0.482 0.511634 0.489175
V 119.501 62.333 -0.457 0.511404 0.489100
V 119.481 62.667 -0.457 0.511396 0.489254
V 119.461 63.000 -0.457 0.511388 0.489408
V 119.455 63.093 -0.457 0.511386 0.489450
V 119.500 64.000 -0.462 0.511410 0.489868
V 120.000 64.000 -0.487 0.511639 0.489867
V 120.000 63.500 -0.485 0.511637 0.489636
V 119.500 65.000 -0.465 0.511413 0.490329
V 120.000 65.000 -0.490 0.511643 0.490327
V 120.000 64.500 -0.488 0.511641 0.490097
V 119.500 66.000 -0.468 0.511417 0.490790
V 120.000 66.000 -0.493 0.511647 0.490788
V 120.000 65.500 -0.491 0.511645 0.490558
V 119.667 66.111 -0.477 0.511494 0.490841
V 119.333 66.091 -0.460 0.511341 0.490833
V 120.000 66.131 -0.493 0.511647 0.490849
V 120.336 56.759 -0.482 0.511767 0.486528
V 120.336 57.000 -0.483 0.511768 0.486639
V 120.672 57.000 -0.499 0.511922 0.486638
V 120.500 58.000 -0.494 0.511847 0.487100
V 121.000 58.000 -0.519 0.512076 0.487098
V 121.000 57.618 -0.518 0.512075 0.486922
V 121.000 57.236 -0.516 0.512073 0.486746
V 120.500 59.000 -0.497 0.511850 0.487561
V 121.000 59.000 -0.522 0.512080 0.487559
V 121.000 58.500 -0.520 0.512078 0.487328
V 120.500 60.000 -0.500 0.511854 0.488021
V 121.000 60.000 -0.525 0.512083 0.488020
V 121.000 59.500 -0.523 0.512082 0.487789
V 120.500 61.000 -0.503 0.511858 0.488482
V 121.000 61.000 -0.528 0.512087 0.488480
V 121.000 60.500 -0.526 0.512085 0.488250
V 120.500 62.000 -0.506 0.511861 0.488943
V 121.000 62.000 -0.531 0.512091 0.488941
V 121.000 61.500 -0.529 0.512089 0.488711
V 120.500 63.000 -0.509 0.511865 0.489404
V 121.000 63.000 -0.534 0.512094 0.489402
V 121.000 62.500 -0.532 0.512093 0.489172
V 120.500 64.000 -0.512 0.511869 0.489865
V 121.000 64.000 -0.537 0.512098 0.489863
V 121.000 63.500 -0.535 0.512096 0.489632
V 120.500 65.000 -0.515 0.511872 0.490326
V 121.000 65.000 -0.540 0.512102 0.490324
V 121.000 64.500 -0.538 0.512100 0.490093
V 120.500 66.000 -0.518 0.511876 0.490786
V 121.000 66.000 -0.543 0.512106 0.490785
V 121.000 65.500 -0.541 0.512104 0.490554
V 120.667 66.171 -0.527 0.511953 0.490865
V 120.333 66.151 -0.510 0.511800 0.490857
V 121.000 66.191 -0.543 0.512106 0.490873
V 121.500 58.000 -0.544 0.512305 0.487096
V 122.000 58.000 -0.569 0.512535 0.487094
V 122.000 57.954 -0.568 0.512535 0.487073
V 121.333 57.475 -0.534 0.512227 0.486855
V 121.667 57.715 -0.551 0.512381 0.486964
V 121.500 59.000 -0.547 0.512309 0.487557
V 122.000 59.000 -0.572 0.512539 0.487555
V 122.000 58.500 -0.570 0.512537 0.487325
V 121.500 60.000 -0.550 0.512313 0.488018
V 122.000 60.000 -0.575 0.512542 0.488016
V 122.000 59.500 -0.573 0.512540 0.487785
V 121.500 61.000 -0.553 0.512317 0.488479
V 122.000 61.000 -0.578 0.512546 0.488477
V 122.000 60.500 -0.576 0.512544 0.488246
V 121.500 62.000 -0.556 0.512320 0.488939
V 122.000 62.000 -0.581 0.512550 0.488938
V 122.000 61.500 -0.579 0.512548 0.488707
V 121.500 63.000 -0.559 0.512324 0.489400
V 122.000 63.000 -0.584 0.512553 0.489398
V 122.000 62.500 -0.582 0.512552 0.489168
V 121.500 64.000 -0.562 0.512328 0.489861
V 122.000 64.000 -0.587 0.512557 0.489859
V 122.000 63.500 -0.585 0.512555 0.489629
V 121.500 65.000 -0.565 0.512331 0.490322
V 122.000 65.000 -0.590 0.512561 0.490320
V 122.000 64.500 -0.588 0.512559 0.490090
V 121.500 66.000 -0.568 0.512335 0.490783
V 122.000 66.000 -0.593 0.512564 0.490781
V 122.000 65.500 -0.591 0.512563 0.490550
V 121.667 66.232 -0.577 0.512412 0.490889
V 121.333 66.211 -0.560 0.512259 0.490881
V 122.000 66.252 -0.593 0.512565 0.490897
V 122.064 58.000 -0.572 0.512564 0.487094
V 122.500 59.000 -0.597 0.512768 0.487553
V 123.000 59.000 -0.622 0.512997 0.487551
V 123.000 58.608 -0.620 0.512996 0.487371
V 122.370 58.220 -0.588 0.512705 0.487194
V 122.685 58.414 -0.604 0.512851 0.487282
V 122.500 60.000 -0.600 0.512772 0.488014
V 123.000 60.000 -0.625 0.513001 0.488012
V 123.000 59.500 -0.623 0.512999 0.487782
V 122.500 61.000 -0.603 0.512775 0.488475
V 123.000 61.000 -0.628 0.513005 0.488473
V 123.000 60.500 -0.626 0.513003 0.488243
V 122.500 62.000 -0.606 0.512779 0.488936
V 123.000 62.000 -0.631 0.513009 0.488934
V 123.000 61.500 -0.629 0.513007 0.488703
V 122.500 63.000 -0.609 0.512783 0.489396
V 123.000 63.000 -0.634 0.513012 0.489395
V 123.000 62.500 -0.632 0.513010 0.489164
V 122.500 64.000 -0.612 0.512787 0.489857
V 123.000 64.000 -0.637 0.513016 0.489855
V 123.000 63.500 -0.635 0.513014 0.489625
V 122.500 65.000 -0.615 0.512790 0.490318
V 123.000 65.000 -0.640 0.513020 0.490316
V 123.000 64.500 -0.638 0.513018 0.490086
V 122.500 66.000 -0.618 0.512794 0.490779
V 123.000 66.000 -0.643 0.513023 0.490777
V 123.000 65.500 -0.641 0.513022 0.490547
V 122.667 66.292 -0.627 0.512871 0.490913
V 122.333 66.272 -0.610 0.512718 0.490905
V 123.000 66.312 -0.644 0.513025 0.490921
V 123.318 58.804 -0.637 0.513143 0.487460
V 123.318 59.000 -0.637 0.513143 0.487550
V 123.636 59.000 -0.653 0.513289 0.487549
V 123.500 60.000 -0.649 0.513231 0.488010
V 124.000 60.000 -0.674 0.513460 0.488008
V 124.000 59.612 -0.673 0.513459 0.487830
V 124.000 59.225 -0.672 0.513457 0.487651
V 123.500 61.000 -0.653 0.513234 0.488471
V 124.000 61.000 -0.677 0.513464 0.488469
V 124.000 60.500 -0.676 0.513462 0.488239
V 123.500 62.000 -0.656 0.513238 0.488932
V 124.000 62.000 -0.680 0.513467 0.488930
V 124.000 61.500 -0.679 0.513466 0.488700
V 123.500 63.000 -0.659 0.513242 0.489393
V 124.000 63.000 -0.683 0.513471 0.489391
V 124.000 62.500 -0.682 0.513469 0.489161
V 123.500 64.000 -0.662 0.513245 0.489854
V 124.000 64.000 -0.687 0.513475 0.489852
V 124.000 63.500 -0.685 0.513473 0.489621
V 123.500 65.000 -0.665 0.513249 0.490314
V 124.000 65.000 -0.690 0.513479 0.490313
V 124.000 64.500 -0.688 0.513477 0.490082
V 123.500 66.000 -0.668 0.513253 0.490775
V 124.000 66.000 -0.693 0.513482 0.490773
V 124.000 65.500 -0.691 0.513480 0.490543
V 123.667 66.352 -0.677 0.513331 0.490937
V 123.333 66.332 -0.660 0.513178 0.490929
V 124.000 66.373 -0.694 0.513484 0.490945
V 124.500 60.000 -0.699 0.513690 0.488007
V 125.000 60.000 -0.724 0.513919 0.488005
V 125.000 59.841 -0.724 0.513918 0.487931
V 124.333 59.430 -0.689 0.513611 0.487744
V 124.667 59.635 -0.707 0.513765 0.487838
V 124.500 61.000 -0.702 0.513693 0.488467
V 125.000 61.000 -0.727 0.513923 0.488466
V 125.000 60.500 -0.726 0.513921 0.488235
V 124.500 62.000 -0.705 0.513697 0.488928
V 125.000 62.000 -0.730 0.513926 0.488926
V 125.000 61.500 -0.729 0.513925 0.488696
V 124.500 63.000 -0.708 0.513701 0.489389
V 125.000 63.000 -0.733 0.513930 0.489387
V 125.000 62.500 -0.732 0.513928 0.489157
V 124.500 64.000 -0.711 0.513704 0.489850
V 125.000 64.000 -0.736 0.513934 0.489848
V 125.000 63.500 -0.735 0.513932 0.489618
V 124.500 65.000 -0.714 0.513708 0.490311
V 125.000 65.000 -0.739 0.513937 0.490309
V 125.000 64.500 -0.738 0.513936 0.490078
V 124.500 66.000 -0.717 0.513712 0.490772
V 125.000 66.000 -0.742 0.513941 0.490770
V 125.000 65.500 -0.741 0.513939 0.490539
V 124.667 66.413 -0.727 0.513790 0.490961
V 124.333 66.393 -0.710 0.513637 0.490953
V 125.000 66.433 -0.744 0.513943 0.490969
V 125.258 60.000 -0.737 0.514038 0.488004
V 125.500 61.000 -0.752 0.514152 0.488464
V 126.000 61.000 -0.777 0.514382 0.488462
V 126.000 60.729 -0.776 0.514381 0.488337
V 126.000 60.457 -0.776 0.514380 0.488212
V 125.629 60.229 -0.756 0.514209 0.488108
V 125.500 62.000 -0.755 0.514156 0.488925
V 126.000 62.000 -0.780 0.514385 0.488923
V 126.000 61.500 -0.779 0.514383 0.488692
V 125.500 63.000 -0.758 0.514160 0.489385
V 126.000 63.000 -0.783 0.514389 0.489384
V 126.000 62.500 -0.782 0.514387 0.489153
V 125.500 64.000 -0.761 0.514163 0.489846
V 126.000 64.000 -0.786 0.514393 0.489844
V 126.000 63.500 -0.785 0.514391 0.489614
V 125.500 65.000 -0.764 0.514167 0.490307
V 126.000 65.000 -0.789 0.514396 0.490305
V 126.000 64.500 -0.788 0.514395 0.490075
V 125.500 66.000 -0.767 0.514171 0.490768
V 126.000 66.000 -0.792 0.514400 0.490766
V 126.000 65.500 -0.791 0.514398 0.490536
V 125.667 66.473 -0.777 0.514249 0.490985
V 125.333 66.453 -0.760 0.514096 0.490977
V 126.000 66.493 -0.794 0.514402 0.490993
V 126.294 60.638 -0.791 0.514515 0.488294
V 126.440 61.000 -0.799 0.514584 0.488460
V 126.881 61.000 -0.821 0.514786 0.488459
V 126.587 60.819 -0.806 0.514650 0.488376
V 126.500 62.000 -0.805 0.514615 0.488921
V 127.000 62.000 -0.830 0.514844 0.488919
V 127.000 61.537 -0.829 0.514843 0.488705
V 127.000 61.073 -0.827 0.514841 0.488492
V 126.500 63.000 -0.808 0.514618 0.489382
V 127.000 63.000 -0.833 0.514848 0.489380
V 127.000 62.500 -0.832 0.514846 0.489149
V 126.500 64.000 -0.811 0.514622 0.489842
V 127.000 64.000 -0.836 0.514852 0.489841
V 127.000 63.500 -0.835 0.514850 0.489610
V 126.500 65.000 -0.814 0.514626 0.490303
V 127.000 65.000 -0.839 0.514855 0.490301
V 127.000 64.500 -0.838 0.514853 0.490071
V 126.500 66.000 -0.817 0.514630 0.490764
V 127.000 66.000 -0.842 0.514859 0.490762
V 127.000 65.500 -0.841 0.514857 0.490532
V 127.000 66.277 -0.843 0.514860 0.490890
V 126.333 66.514 -0.811 0.514555 0.491001
V 126.667 66.534 -0.827 0.514708 0.491010
V 127.000 66.554 -0.844 0.514861 0.491018
V 127.500 62.000 -0.855 0.515074 0.488917
V 128.000 62.000 -0.880 0.515303 0.488915
V 128.000 61.690 -0.879 0.515302 0.488772
V 127.667 61.484 -0.862 0.515148 0.488679
V 127.333 61.279 -0.845 0.514995 0.488585
V 127.500 63.000 -0.858 0.515077 0.489378
V 128.000 63.000 -0.883 0.515307 0.489376
V 128.000 62.500 -0.882 0.515305 0.489146
V 127.500 64.000 -0.861 0.515081 0.489839
V 128.000 64.000 -0.886 0.515311 0.489837
V 128.000 63.500 -0.885 0.515309 0.489607
V 127.500 65.000 -0.864 0.515085 0.490300
V 128.000 65.000 -0.889 0.515314 0.490298
V 128.000 64.500 -0.888 0.515312 0.490067
V 127.500 66.000 -0.867 0.515088 0.490760
V 128.000 66.000 -0.892 0.515318 0.490759
V 128.000 65.500 -0.891 0.515316 0.490528
V 128.000 66.307 -0.893 0.515319 0.490900
V 127.333 66.574 -0.861 0.515014 0.491026
V 127.667 66.594 -0.877 0.515167 0.491034
V 128.000 66.614 -0.894 0.515320 0.491042
V 128.252 61.845 -0.892 0.515418 0.488843
V 128.252 62.000 -0.893 0.515419 0.488914
V 128.503 62.000 -0.905 0.515534 0.488913
V 128.500 63.000 -0.908 0.515536 0.489374
V 129.000 63.000 -0.933 0.515766 0.489372
V 129.000 62.653 -0.932 0.515764 0.489212
V 129.000 62.306 -0.931 0.515763 0.489053
V 128.752 62.153 -0.918 0.515649 0.488983
V 128.500 64.000 -0.911 0.515540 0.489835
V 129.000 64.000 -0.936 0.515769 0.489833
V 129.000 63.500 -0.935 0.515768 0.489603
V 128.500 65.000 -0.914 0.515544 0.490296
V 129.000 65.000 -0.939 0.515773 0.490294
V 129.000 64.500 -0.938 0.515771 0.490064
V 128.500 66.000 -0.917 0.515547 0.490757
V 129.000 66.000 -0.942 0.515777 0.490755
V 129.000 65.500 -0.941 0.515775 0.490524
V 129.000 66.337 -0.943 0.515778 0.490910
V 128.333 66.634 -0.911 0.515473 0.491050
V 128.667 66.655 -0.927 0.515626 0.491058
V 129.000 66.675 -0.944 0.515779 0.491066
V 129.500 63.000 -0.958 0.515995 0.489371
V 130.000 63.000 -0.983 0.516225 0.489369
V 130.000 62.922 -0.983 0.516224 0.489333
V 129.333 62.511 -0.948 0.515917 0.489146
V 129.667 62.717 -0.965 0.516071 0.489239
V 129.500 64.000 -0.961 0.515999 0.489831
V 130.000 64.000 -0.986 0.516228 0.489829
V 130.000 63.500 -0.984 0.516226 0.489599
V 129.500 65.000 -0.964 0.516003 0.490292
V 130.000 65.000 -0.989 0.516232 0.490290
V 130.000 64.500 -0.987 0.516230 0.490060
V 129.500 66.000 -0.967 0.516006 0.490753
V 130.000 66.000 -0.992 0.516236 0.490751
V 130.000 65.500 -0.990 0.516234 0.490521
V 130.000 66.368 -0.993 0.516237 0.490921
V 129.333 66.695 -0.961 0.515932 0.491074
V 129.667 66.715 -0.978 0.516085 0.491082
V 130.000 66.735 -0.994 0.516238 0.491090
V 130.126 63.000 -0.989 0.516282 0.489368
V 130.483 63.220 -1.008 0.516447 0.489468
V 130.500 64.000 -1.011 0.516458 0.489828
V 131.000 64.000 -1.036 0.516687 0.489826
V 131.000 63.572 -1.035 0.516686 0.489629
V 130.840 63.440 -1.026 0.516612 0.489568
V 130.500 65.000 -1.014 0.516461 0.490288
V 131.000 65.000 -1.039 0.516691 0.490287
V 131.000 64.500 -1.037 0.516689 0.490056
V 130.500 66.000 -1.017 0.516465 0.490749
V 131.000 66.000 -1.042 0.516695 0.490747
V 131.000 65.500 -1.040 0.516693 0.490517
V 131.000 66.398 -1.043 0.516696 0.490931
V 130.333 66.755 -1.011 0.516392 0.491098
V 130.667 66.775 -1.028 0.516545 0.491106
V 131.000 66.796 -1.044 0.516698 0.491114
V 131.285 63.807 -1.050 0.516817 0.489736
V 131.259 64.000 -1.049 0.516806 0.489825
V 131.518 64.000 -1.062 0.516925 0.489824
V 131.500 65.000 -1.064 0.516920 0.490285
V 132.000 65.000 -1.089 0.517150 0.490283
V 132.000 64.699 -1.088 0.517149 0.490144
V 132.000 64.398 -1.087 0.517148 0.490006
V 131.759 64.199 -1.074 0.517036 0.489915
V 131.500 66.000 -1.067 0.516924 0.490746
V 132.000 66.000 -1.092 0.517154 0.490744
V 132.000 65.500 -1.090 0.517152 0.490513
V 132.000 66.428 -1.093 0.517155 0.490941
V 131.333 66.816 -1.061 0.516851 0.491122
V 131.667 66.836 -1.078 0.517004 0.491130
V 132.000 66.856 -1.094 0.517157 0.491138
V 132.364 65.000 -1.107 0.517317 0.490282
V 132.728 65.000 -1.125 0.517484 0.490280
V 132.364 64.699 -1.106 0.517316 0.490143
V 132.500 66.000 -1.117 0.517383 0.490742
V 133.000 66.000 -1.141 0.517612 0.490740
V 133.000 65.612 -1.140 0.517611 0.490561
V 133.000 65.224 -1.139 0.517610 0.490383
V 133.000 66.458 -1.142 0.517614 0.490951
V 132.333 66.876 -1.111 0.517310 0.491146
V 132.667 66.896 -1.128 0.517463 0.491154
V 133.000 66.916 -1.143 0.517616 0.491162
V 133.451 66.000 -1.159 0.517819 0.490738
V 133.903 65.970 -1.176 0.518027 0.490723
V 133.902 66.000 -1.176 0.518026 0.490737
V 133.903 65.971 -1.176 0.518027 0.490723
V 133.602 65.721 -1.164 0.517888 0.490609
V 133.301 65.473 -1.151 0.517749 0.490496
V 133.842 66.967 -1.176 0.518003 0.491183
V 133.872 66.484 -1.176 0.518014 0.490960
V 133.421 66.942 -1.160 0.517809 0.491173
V 118.873 57.861 -0.068 0.511099 0.487042
V 118.864 58.000 -0.068 0.511096 0.487106
V 119.000 58.000 -0.132 0.511158 0.487105
V 119.000 57.869 -0.128 0.511158 0.487045
V 118.824 58.667 -0.068 0.511080 0.487413
V 119.000 59.000 -0.161 0.511162 0.487566
V 119.000 58.500 -0.146 0.511160 0.487336
V 118.844 58.333 -0.068 0.511088 0.487259
V 118.803 59.000 -0.068 0.511072 0.487567
V 118.800 59.059 -0.068 0.511070 0.487594
V 119.000 59.071 -0.163 0.511162 0.487599
V 119.386 57.892 -0.310 0.511335 0.487054
V 119.383 58.000 -0.312 0.511334 0.487104
V 119.766 58.000 -0.492 0.511510 0.487102
V 119.771 57.916 -0.492 0.511512 0.487064
V 119.352 59.000 -0.326 0.511324 0.487565
V 119.705 59.000 -0.492 0.511485 0.487563
V 119.725 58.667 -0.492 0.511493 0.487410
V 119.746 58.333 -0.492 0.511502 0.487256
V 119.698 59.113 -0.492 0.511483 0.487616
V 119.349 59.092 -0.327 0.511322 0.487607
V 47.000 58.654 2.493 0.478119 0.487674
V 46.535 58.675 2.493 0.477906 0.487686
V 47.000 58.704 2.493 0.478119 0.487697
V 46.536 58.625 2.493 0.477906 0.487663
V 46.071 58.597 2.493 0.477693 0.487651
V 46.068 58.654 2.493 0.477691 0.487677
V 46.069 58.647 2.493 0.477692 0.487674
V 47.667 58.745 2.493 0.478425 0.487713
V 48.000 58.715 2.493 0.478578 0.487698
V 47.667 58.694 2.493 0.478425 0.487690
V 47.333 58.674 2.493 0.478272 0.487682
V 47.333 58.724 2.493 0.478272 0.487705
V 48.000 58.765 2.493 0.478578 0.487721
V 48.667 58.806 2.493 0.478884 0.487738
V 49.000 58.776 2.493 0.479037 0.487723
V 48.667 58.755 2.493 0.478884 0.487715
V 48.333 58.735 2.493 0.478731 0.487706
V 48.333 58.785 2.493 0.478731 0.487729
V 49.000 58.826 2.493 0.479037 0.487746
V 49.667 58.867 2.493 0.479344 0.487762
V 50.000 58.837 2.493 0.479496 0.487747
V 49.667 58.817 2.493 0.479343 0.487739
V 49.333 58.796 2.493 0.479190 0.487731
V 49.333 58.846 2.493 0.479190 0.487754
V 50.000 58.887 2.493 0.479497 0.487770
V 50.667 58.928 2.493 0.479803 0.487786
V 51.000 58.898 2.493 0.479956 0.487772
V 50.667 58.878 2.493 0.479802 0.487763
V 50.333 58.857 2.493 0.479649 0.487755
V 50.333 58.907 2.493 0.479650 0.487778
V 51.000 58.948 2.493 0.479956 0.487795
V 51.852 59.000 2.493 0.480347 0.487815
V 52.000 59.000 2.493 0.480415 0.487815
V 52.000 58.959 2.493 0.480415 0.487796
V 51.333 58.918 2.493 0.480109 0.487780
V 51.426 58.974 2.493 0.480151 0.487805
V 51.667 58.939 2.493 0.480262 0.487788
V 52.000 59.009 2.493 0.480415 0.487819
V 52.336 58.979 2.493 0.480569 0.487804
V 52.336 59.000 2.493 0.480569 0.487814
V 52.673 59.000 2.493 0.480724 0.487812
V 53.000 59.070 2.493 0.480874 0.487843
V 53.000 59.020 2.493 0.480874 0.487820
V 52.333 59.029 2.493 0.480568 0.487827
V 52.667 59.050 2.493 0.480721 0.487835
V 53.667 59.111 2.493 0.481180 0.487860
V 54.000 59.081 2.493 0.481333 0.487845
V 53.667 59.061 2.493 0.481180 0.487837
V 53.333 59.040 2.493 0.481027 0.487828
V 53.333 59.090 2.493 0.481027 0.487852
V 54.000 59.131 2.493 0.481333 0.487868
V 54.667 59.172 2.493 0.481639 0.487884
V 55.000 59.142 2.493 0.481792 0.487869
V 54.667 59.122 2.493 0.481639 0.487861
V 54.333 59.101 2.493 0.481486 0.487853
V 54.333 59.151 2.493 0.481486 0.487876
V 55.000 59.192 2.493 0.481792 0.487892
V 55.667 59.233 2.493 0.482098 0.487909
V 56.000 59.203 2.493 0.482251 0.487894
V 55.667 59.183 2.493 0.482098 0.487885
V 55.333 59.162 2.493 0.481945 0.487877
V 55.333 59.212 2.493 0.481945 0.487900
V 56.000 59.253 2.493 0.482251 0.487917
V 56.667 59.294 2.493 0.482557 0.487933
V 57.000 59.264 2.493 0.482710 0.487918
V 56.667 59.244 2.493 0.482557 0.487910
V 56.333 59.223 2.493 0.482404 0.487902
V 56.333 59.274 2.493 0.482404 0.487925
V 57.000 59.314 2.493 0.482711 0.487941
V 57.667 59.355 2.493 0.483017 0.487957
V 58.000 59.325 2.493 0.483169 0.487942
V 57.667 59.305 2.493 0.483016 0.487934
V 57.333 59.284 2.493 0.482863 0.487926
V 57.333 59.335 2.493 0.482864 0.487949
V 58.000 59.375 2.493 0.483170 0.487966
V 58.667 59.416 2.493 0.483476 0.487982
V 59.000 59.386 2.493 0.483629 0.487967
V 58.667 59.366 2.493 0.483476 0.487959
V 58.333 59.345 2.493 0.483323 0.487951
V 58.333 59.396 2.493 0.483323 0.487974
V 59.000 59.436 2.493 0.483629 0.487990
V 59.667 59.477 2.493 0.483935 0.488006
V 60.000 59.447 2.493 0.484088 0.487991
V 59.667 59.427 2.493 0.483935 0.487983
V 59.333 59.407 2.493 0.483782 0.487975
V 59.333 59.457 2.493 0.483782 0.487998
V 60.000 59.497 2.493 0.484088 0.488014
V 60.667 59.538 2.493 0.484394 0.488031
V 61.000 59.508 2.493 0.484547 0.488016
V 60.667 59.488 2.493 0.484394 0.488008
V 60.333 59.468 2.493 0.484241 0.487999
V 60.333 59.518 2.493 0.484241 0.488022
V 61.000 59.558 2.493 0.484547 0.488039
V 61.667 59.599 2.493 0.484853 0.488055
V 62.000 59.569 2.493 0.485006 0.488040
V 61.667 59.549 2.493 0.484853 0.488032
V 61.333 59.529 2.493 0.484700 0.488024
V 61.333 59.579 2.493 0.484700 0.488047
V 62.000 59.619 2.493 0.485006 0.488063
V 62.667 59.660 2.493 0.485312 0.488079
V 63.000 59.630 2.493 0.485465 0.488065
V 62.667 59.610 2.493 0.485312 0.488056
V 62.333 59.590 2.493 0.485159 0.488048
V 62.333 59.640 2.493 0.485159 0.488071
V 63.000 59.680 2.493 0.485465 0.488088
V 63.667 59.721 2.493 0.485771 0.488104
V 64.000 59.691 2.493 0.485924 0.488089
V 63.667 59.671 2.493 0.485771 0.488081
V 63.333 59.651 2.493 0.485618 0.488073
V 63.333 59.701 2.493 0.485618 0.488096
V 64.000 59.741 2.493 0.485924 0.488112
V 64.667 59.732 2.493 0.486230 0.488105
V 64.531 59.774 2.493 0.486168 0.488125
V 65.000 59.802 2.493 0.486384 0.488136
V 65.000 59.752 2.493 0.486383 0.488113
V 64.062 59.745 2.493 0.485953 0.488114
V 64.333 59.712 2.493 0.486077 0.488097
V 65.667 59.842 2.493 0.486690 0.488152
V 66.000 59.813 2.493 0.486843 0.488138
V 65.667 59.793 2.493 0.486690 0.488130
V 65.333 59.773 2.493 0.486536 0.488121
V 65.333 59.822 2.493 0.486537 0.488144
V 66.000 59.862 2.493 0.486843 0.488160
V 66.667 59.903 2.493 0.487149 0.488176
V 67.000 59.874 2.493 0.487302 0.488162
V 66.667 59.854 2.493 0.487149 0.488154
V 66.333 59.834 2.493 0.486996 0.488146
V 66.333 59.883 2.493 0.486996 0.488168
V 67.000 59.923 2.493 0.487302 0.488184
V 67.667 59.963 2.493 0.487608 0.488201
V 68.000 59.936 2.493 0.487761 0.488187
V 67.667 59.915 2.493 0.487608 0.488178
V 67.333 59.895 2.493 0.487455 0.488170
V 67.333 59.943 2.493 0.487455 0.488192
V 68.000 59.983 2.493 0.487761 0.488209
V 68.667 59.976 2.493 0.488067 0.488203
V 69.000 60.000 2.493 0.488220 0.488213
V 69.000 59.997 2.493 0.488220 0.488211
V 68.278 60.000 2.493 0.487889 0.488215
V 68.333 59.956 2.493 0.487914 0.488195
V 68.639 60.000 2.493 0.488054 0.488214
V 68.639 60.022 2.493 0.488054 0.488224
V 69.000 60.044 2.493 0.488220 0.488233
V 69.056 60.000 2.493 0.488246 0.488212
V 69.667 60.084 2.493 0.488526 0.488249
V 70.000 60.058 2.493 0.488679 0.488235
V 69.528 60.029 2.493 0.488462 0.488224
V 69.333 60.064 2.493 0.488373 0.488241
V 70.000 60.104 2.493 0.488679 0.488257
V 70.667 60.144 2.493 0.488985 0.488273
V 71.000 60.119 2.493 0.489138 0.488260
V 70.667 60.098 2.493 0.488985 0.488252
V 70.333 60.078 2.493 0.488832 0.488244
V 70.333 60.124 2.493 0.488832 0.488265
V 71.000 60.165 2.493 0.489138 0.488281
V 71.667 60.205 2.493 0.489445 0.488297
V 72.000 60.180 2.493 0.489597 0.488284
V 71.667 60.159 2.493 0.489444 0.488276
V 71.333 60.139 2.493 0.489291 0.488268
V 71.333 60.185 2.493 0.489291 0.488289
V 72.000 60.225 2.493 0.489598 0.488305
V 72.023 60.181 2.493 0.489608 0.488285
V 72.020 60.226 2.493 0.489607 0.488306
V 45.981 53.696 2.493 0.477633 0.485393
V 46.000 54.000 2.493 0.477643 0.485533
V 46.000 53.696 2.493 0.477642 0.485393
V 46.000 53.392 2.493 0.477641 0.485253
V 45.963 54.000 2.493 0.477626 0.485533
V 45.922 54.667 2.493 0.477610 0.485840
V 46.000 55.000 2.493 0.477647 0.485994
V 46.000 54.500 2.493 0.477645 0.485763
V 45.943 54.333 2.493 0.477618 0.485687
V 45.902 55.000 2.493 0.477602 0.485994
V 45.861 55.667 2.493 0.477585 0.486301
V 46.000 56.000 2.493 0.477650 0.486455
V 46.000 55.500 2.493 0.477648 0.486224
V 45.882 55.333 2.493 0.477593 0.486148
V 45.841 56.000 2.493 0.477577 0.486455
V 45.800 56.667 2.493 0.477561 0.486763
V 46.000 57.000 2.493 0.477654 0.486915
V 46.000 56.500 2.493 0.477652 0.486685
V 45.820 56.333 2.493 0.477569 0.486609
V 45.780 57.000 2.493 0.477553 0.486916
V 45.739 57.667 2.493 0.477537 0.487224
V 46.000 58.000 2.493 0.477658 0.487376
V 46.000 57.500 2.493 0.477656 0.487146
V 45.759 57.333 2.493 0.477545 0.487070
V 45.719 58.000 2.493 0.477529 0.487377
V 45.681 58.624 2.493 0.477513 0.487665
V 45.681 58.633 2.493 0.477513 0.487669
V 46.000 58.653 2.493 0.477660 0.487677
V 46.000 58.326 2.493 0.477659 0.487527
V 45.700 58.312 2.493 0.477521 0.487521
V 46.604 50.000 2.493 0.477905 0.483687
V 47.000 50.000 2.493 0.478087 0.483686
V 47.000 49.887 2.493 0.478087 0.483634
V 46.217 49.839 2.493 0.477727 0.483615
V 46.207 50.000 2.493 0.477723 0.483689
V 46.608 49.863 2.493 0.477907 0.483624
V 46.573 51.000 2.493 0.477895 0.484148
V 47.000 51.000 2.493 0.478091 0.484147
V 47.000 50.500 2.493 0.478089 0.483916
V 46.187 50.333 2.493 0.477715 0.483842
V 46.166 50.667 2.493 0.477707 0.483996
V 46.146 51.000 2.493 0.477699 0.484150
V 46.542 52.000 2.493 0.477884 0.484609
V 47.000 52.000 2.493 0.478094 0.484608
V 47.000 51.500 2.493 0.478093 0.484377
V 46.126 51.333 2.493 0.477691 0.484304
V 46.105 51.667 2.493 0.477683 0.484457
V 46.085 52.000 2.493 0.477674 0.484611
V 46.512 53.000 2.493 0.477874 0.485070
V 47.000 53.000 2.493 0.478098 0.485068
V 47.000 52.500 2.493 0.478096 0.484838
V 46.065 52.333 2.493 0.477666 0.484765
V 46.044 52.667 2.493 0.477658 0.484918
V 46.024 53.000 2.493 0.477650 0.485072
V 46.500 54.000 2.493 0.477872 0.485531
V 47.000 54.000 2.493 0.478102 0.485529
V 47.000 53.500 2.493 0.478100 0.485299
V 46.500 55.000 2.493 0.477876 0.485992
V 47.000 55.000 2.493 0.478105 0.485990
V 47.000 54.500 2.493 0.478104 0.485760
V 46.500 56.000 2.493 0.477880 0.486453
V 47.000 56.000 2.493 0.478109 0.486451
V 47.000 55.500 2.493 0.478107 0.486220
V 46.500 57.000 2.493 0.477883 0.486914
V 47.000 57.000 2.493 0.478113 0.486912
V 47.000 56.500 2.493 0.478111 0.486681
V 46.500 58.000 2.493 0.477887 0.487374
V 47.000 58.000 2.493 0.478117 0.487373
V 47.000 57.500 2.493 0.478115 0.487142
V 46.068 58.654 2.493 0.477691 0.487677
V 46.071 58.597 2.493 0.477693 0.487651
V 47.000 58.327 2.493 0.478118 0.487523
V 46.536 58.625 2.493 0.477906 0.487663
V 47.000 58.654 2.493 0.478119 0.487674
V 46.067 58.657 2.493 0.477691 0.487679
V 47.333 49.907 2.493 0.478240 0.483642
V 47.500 50.000 2.493 0.478316 0.483684
V 47.667 49.927 2.493 0.478393 0.483650
V 48.000 50.000 2.493 0.478546 0.483682
V 48.000 49.948 2.493 0.478546 0.483658
V 47.500 51.000 2.493 0.478320 0.484145
V 48.000 51.000 2.493 0.478550 0.484143
V 48.000 50.500 2.493 0.478548 0.483913
V 47.500 52.000 2.493 0.478324 0.484606
V 48.000 52.000 2.493 0.478553 0.484604
V 48.000 51.500 2.493 0.478551 0.484373
V 47.500 53.000 2.493 0.478328 0.485066
V 48.000 53.000 2.493 0.478557 0.485065
V 48.000 52.500 2.493 0.478555 0.484834
V 47.500 54.000 2.493 0.478331 0.485527
V 48.000 54.000 2.493 0.478561 0.485525
V 48.000 53.500 2.493 0.478559 0.485295
V 47.500 55.000 2.493 0.478335 0.485988
V 48.000 55.000 2.493 0.478564 0.485986
V 48.000 54.500 2.493 0.478563 0.485756
V 47.500 56.000 2.493 0.478339 0.486449
V 48.000 56.000 2.493 0.478568 0.486447
V 48.000 55.500 2.493 0.478566 0.486217
V 47.500 57.000 2.493 0.478342 0.486910
V 48.000 57.000 2.493 0.478572 0.486908
V 48.000 56.500 2.493 0.478570 0.486678
V 47.500 58.000 2.493 0.478346 0.487371
V 48.000 58.000 2.493 0.478575 0.487369
V 48.000 57.500 2.493 0.478574 0.487138
V 48.000 58.357 2.493 0.478577 0.487534
V 47.333 58.674 2.493 0.478272 0.487682
V 47.667 58.694 2.493 0.478425 0.487690
V 48.000 58.715 2.493 0.478578 0.487698
V 48.427 49.974 2.493 0.478742 0.483669
V 48.427 50.000 2.493 0.478742 0.483681
V 48.855 50.000 2.493 0.478938 0.483679
V 48.500 51.000 2.493 0.478779 0.484141
V 49.000 51.000 2.493 0.479009 0.484139
V 49.000 50.504 2.493 0.479007 0.483911
V 49.000 50.009 2.493 0.479005 0.483682
V 48.500 52.000 2.493 0.478783 0.484602
V 49.000 52.000 2.493 0.479012 0.484600
V 49.000 51.500 2.493 0.479010 0.484370
V 48.500 53.000 2.493 0.478786 0.485063
V 49.000 53.000 2.493 0.479016 0.485061
V 49.000 52.500 2.493 0.479014 0.484831
V 48.500 54.000 2.493 0.478790 0.485524
V 49.000 54.000 2.493 0.479020 0.485522
V 49.000 53.500 2.493 0.479018 0.485291
V 48.500 55.000 2.493 0.478794 0.485984
V 49.000 55.000 2.493 0.479023 0.485983
V 49.000 54.500 2.493 0.479021 0.485752
V 48.500 56.000 2.493 0.478798 0.486445
V 49.000 56.000 2.493 0.479027 0.486443
V 49.000 55.500 2.493 0.479025 0.486213
V 48.500 57.000 2.493 0.478801 0.486906
V 49.000 57.000 2.493 0.479031 0.486904
V 49.000 56.500 2.493 0.479029 0.486674
V 48.500 58.000 2.493 0.478805 0.487367
V 49.000 58.000 2.493 0.479034 0.487365
V 49.000 57.500 2.493 0.479033 0.487135
V 49.000 58.388 2.493 0.479036 0.487544
V 48.333 58.735 2.493 0.478731 0.487706
V 48.667 58.755 2.493 0.478884 0.487715
V 49.000 58.776 2.493 0.479037 0.487723
V 49.500 51.000 2.493 0.479238 0.484137
V 50.000 51.000 2.493 0.479467 0.484136
V 50.000 50.535 2.493 0.479466 0.483921
V 50.000 50.070 2.493 0.479464 0.483707
V 49.667 50.050 2.493 0.479311 0.483699
V 49.333 50.029 2.493 0.479158 0.483691
V 49.500 52.000 2.493 0.479242 0.484598
V 50.000 52.000 2.493 0.479471 0.484596
V 50.000 51.500 2.493 0.479469 0.484366
V 49.500 53.000 2.493 0.479245 0.485059
V 50.000 53.000 2.493 0.479475 0.485057
V 50.000 52.500 2.493 0.479473 0.484827
V 49.500 54.000 2.493 0.479249 0.485520
V 50.000 54.000 2.493 0.479479 0.485518
V 50.000 53.500 2.493 0.479477 0.485288
V 49.500 55.000 2.493 0.479253 0.485981
V 50.000 55.000 2.493 0.479482 0.485979
V 50.000 54.500 2.493 0.479480 0.485748
V 49.500 56.000 2.493 0.479256 0.486442
V 50.000 56.000 2.493 0.479486 0.486440
V 50.000 55.500 2.493 0.479484 0.486209
V 49.500 57.000 2.493 0.479260 0.486902
V 50.000 57.000 2.493 0.479490 0.486901
V 50.000 56.500 2.493 0.479488 0.486670
V 49.500 58.000 2.493 0.479264 0.487363
V 50.000 58.000 2.493 0.479493 0.487361
V 50.000 57.500 2.493 0.479491 0.487131
V 50.000 58.418 2.493 0.479495 0.487554
V 49.333 58.796 2.493 0.479190 0.487731
V 49.667 58.817 2.493 0.479343 0.487739
V 50.000 58.837 2.493 0.479496 0.487747
V 50.500 51.000 2.493 0.479697 0.484134
V 51.000 51.000 2.493 0.479926 0.484132
V 51.000 50.565 2.493 0.479925 0.483932
V 51.000 50.131 2.493 0.479923 0.483731
V 50.667 50.111 2.493 0.479770 0.483723
V 50.333 50.090 2.493 0.479617 0.483715
V 50.500 52.000 2.493 0.479701 0.484595
V 51.000 52.000 2.493 0.479930 0.484593
V 51.000 51.500 2.493 0.479928 0.484362
V 50.500 53.000 2.493 0.479704 0.485055
V 51.000 53.000 2.493 0.479934 0.485054
V 51.000 52.500 2.493 0.479932 0.484823
V 50.500 54.000 2.493 0.479708 0.485516
V 51.000 54.000 2.493 0.479937 0.485514
V 51.000 53.500 2.493 0.479936 0.485284
V 50.500 55.000 2.493 0.479712 0.485977
V 51.000 55.000 2.493 0.479941 0.485975
V 51.000 54.500 2.493 0.479939 0.485745
V 50.500 56.000 2.493 0.479715 0.486438
V 51.000 56.000 2.493 0.479945 0.486436
V 51.000 55.500 2.493 0.479943 0.486206
V 50.500 57.000 2.493 0.479719 0.486899
V 51.000 57.000 2.493 0.479949 0.486897
V 51.000 56.500 2.493 0.479947 0.486666
V 50.500 58.000 2.493 0.479723 0.487360
V 51.000 58.000 2.493 0.479952 0.487358
V 51.000 57.500 2.493 0.479950 0.487127
V 51.000 58.449 2.493 0.479954 0.487565
V 50.333 58.857 2.493 0.479649 0.487755
V 50.667 58.878 2.493 0.479802 0.487763
V 51.000 58.898 2.493 0.479956 0.487772
V 51.500 51.000 2.493 0.480156 0.484130
V 52.000 51.000 2.493 0.480385 0.484128
V 52.000 50.596 2.493 0.480384 0.483942
V 52.000 50.192 2.493 0.480382 0.483756
V 51.667 50.172 2.493 0.480229 0.483748
V 51.333 50.151 2.493 0.480076 0.483739
V 51.500 52.000 2.493 0.480159 0.484591
V 52.000 52.000 2.493 0.480389 0.484589
V 52.000 51.500 2.493 0.480387 0.484359
V 51.500 53.000 2.493 0.480163 0.485052
V 52.000 53.000 2.493 0.480393 0.485050
V 52.000 52.500 2.493 0.480391 0.484819
V 51.500 54.000 2.493 0.480167 0.485512
V 52.000 54.000 2.493 0.480396 0.485511
V 52.000 53.500 2.493 0.480394 0.485280
V 51.500 55.000 2.493 0.480171 0.485973
V 52.000 55.000 2.493 0.480400 0.485971
V 52.000 54.500 2.493 0.480398 0.485741
V 51.500 56.000 2.493 0.480174 0.486434
V 52.000 56.000 2.493 0.480404 0.486432
V 52.000 55.500 2.493 0.480402 0.486202
V 51.500 57.000 2.493 0.480178 0.486895
V 52.000 57.000 2.493 0.480407 0.486893
V 52.000 56.500 2.493 0.480406 0.486663
V 51.500 58.000 2.493 0.480182 0.487356
V 52.000 58.000 2.493 0.480411 0.487354
V 52.000 57.500 2.493 0.480409 0.487124
V 52.000 58.479 2.493 0.480413 0.487575
V 51.333 58.918 2.493 0.480109 0.487780
V 51.667 58.939 2.493 0.480262 0.487788
V 52.000 58.959 2.493 0.480415 0.487796
V 52.500 51.000 2.493 0.480615 0.484126
V 53.000 51.000 2.493 0.480844 0.484124
V 53.000 50.627 2.493 0.480843 0.483952
V 53.000 50.253 2.493 0.480841 0.483780
V 52.667 50.233 2.493 0.480688 0.483772
V 52.333 50.212 2.493 0.480535 0.483764
V 52.500 52.000 2.493 0.480618 0.484587
V 53.000 52.000 2.493 0.480848 0.484585
V 53.000 51.500 2.493 0.480846 0.484355
V 52.500 53.000 2.493 0.480622 0.485048
V 53.000 53.000 2.493 0.480852 0.485046
V 53.000 52.500 2.493 0.480850 0.484816
V 52.500 54.000 2.493 0.480626 0.485509
V 53.000 54.000 2.493 0.480855 0.485507
V 53.000 53.500 2.493 0.480853 0.485276
V 52.500 55.000 2.493 0.480629 0.485970
V 53.000 55.000 2.493 0.480859 0.485968
V 53.000 54.500 2.493 0.480857 0.485737
V 52.500 56.000 2.493 0.480633 0.486430
V 53.000 56.000 2.493 0.480863 0.486429
V 53.000 55.500 2.493 0.480861 0.486198
V 52.500 57.000 2.493 0.480637 0.486891
V 53.000 57.000 2.493 0.480866 0.486889
V 53.000 56.500 2.493 0.480864 0.486659
V 52.500 58.000 2.493 0.480641 0.487352
V 53.000 58.000 2.493 0.480870 0.487350
V 53.000 57.500 2.493 0.480868 0.487120
V 52.673 59.000 2.493 0.480724 0.487812
V 53.000 59.000 2.493 0.480874 0.487811
V 53.000 58.500 2.493 0.480872 0.487581
V 52.336 58.979 2.493 0.480569 0.487804
V 53.000 59.020 2.493 0.480874 0.487820
V 53.500 51.000 2.493 0.481074 0.484123
V 54.000 51.000 2.493 0.481303 0.484121
V 54.000 50.657 2.493 0.481302 0.483963
V 54.000 50.314 2.493 0.481301 0.483805
V 53.667 50.294 2.493 0.481147 0.483796
V 53.333 50.273 2.493 0.480994 0.483788
V 53.500 52.000 2.493 0.481077 0.484583
V 54.000 52.000 2.493 0.481307 0.484582
V 54.000 51.500 2.493 0.481305 0.484351
V 53.500 53.000 2.493 0.481081 0.485044
V 54.000 53.000 2.493 0.481310 0.485042
V 54.000 52.500 2.493 0.481309 0.484812
V 53.500 54.000 2.493 0.481085 0.485505
V 54.000 54.000 2.493 0.481314 0.485503
V 54.000 53.500 2.493 0.481312 0.485273
V 53.500 55.000 2.493 0.481088 0.485966
V 54.000 55.000 2.493 0.481318 0.485964
V 54.000 54.500 2.493 0.481316 0.485734
V 53.500 56.000 2.493 0.481092 0.486427
V 54.000 56.000 2.493 0.481322 0.486425
V 54.000 55.500 2.493 0.481320 0.486194
V 53.500 57.000 2.493 0.481096 0.486888
V 54.000 57.000 2.493 0.481325 0.486886
V 54.000 56.500 2.493 0.481323 0.486655
V 53.500 58.000 2.493 0.481099 0.487348
V 54.000 58.000 2.493 0.481329 0.487347
V 54.000 57.500 2.493 0.481327 0.487116
V 53.500 59.000 2.493 0.481103 0.487809
V 54.000 59.000 2.493 0.481333 0.487807
V 54.000 58.500 2.493 0.481331 0.487577
V 53.667 59.061 2.493 0.481180 0.487837
V 53.333 59.040 2.493 0.481027 0.487828
V 54.000 59.081 2.493 0.481333 0.487845
V 54.500 51.000 2.493 0.481533 0.484119
V 55.000 51.000 2.493 0.481762 0.484117
V 55.000 50.688 2.493 0.481761 0.483973
V 55.000 50.375 2.493 0.481760 0.483829
V 54.667 50.355 2.493 0.481607 0.483821
V 54.333 50.334 2.493 0.481454 0.483813
V 54.500 52.000 2.493 0.481536 0.484580
V 55.000 52.000 2.493 0.481766 0.484578
V 55.000 51.500 2.493 0.481764 0.484347
V 54.500 53.000 2.493 0.481540 0.485041
V 55.000 53.000 2.493 0.481769 0.485039
V 55.000 52.500 2.493 0.481768 0.484808
V 54.500 54.000 2.493 0.481544 0.485501
V 55.000 54.000 2.493 0.481773 0.485499
V 55.000 53.500 2.493 0.481771 0.485269
V 54.500 55.000 2.493 0.481547 0.485962
V 55.000 55.000 2.493 0.481777 0.485960
V 55.000 54.500 2.493 0.481775 0.485730
V 54.500 56.000 2.493 0.481551 0.486423
V 55.000 56.000 2.493 0.481780 0.486421
V 55.000 55.500 2.493 0.481779 0.486191
V 54.500 57.000 2.493 0.481555 0.486884
V 55.000 57.000 2.493 0.481784 0.486882
V 55.000 56.500 2.493 0.481782 0.486652
V 54.500 58.000 2.493 0.481558 0.487345
V 55.000 58.000 2.493 0.481788 0.487343
V 55.000 57.500 2.493 0.481786 0.487112
V 54.500 59.000 2.493 0.481562 0.487806
V 55.000 59.000 2.493 0.481792 0.487804
V 55.000 58.500 2.493 0.481790 0.487573
V 54.667 59.122 2.493 0.481639 0.487861
V 54.333 59.101 2.493 0.481486 0.487853
V 55.000 59.142 2.493 0.481792 0.487869
V 55.500 51.000 2.493 0.481991 0.484115
V 56.000 51.000 2.493 0.482221 0.484113
V 56.000 50.718 2.493 0.482220 0.483983
V 56.000 50.436 2.493 0.482219 0.483853
V 55.667 50.416 2.493 0.482066 0.483845
V 55.333 50.395 2.493 0.481913 0.483837
V 55.500 52.000 2.493 0.481995 0.484576
V 56.000 52.000 2.493 0.482225 0.484574
V 56.000 51.500 2.493 0.482223 0.484344
V 55.500 53.000 2.493 0.481999 0.485037
V 56.000 53.000 2.493 0.482228 0.485035
V 56.000 52.500 2.493 0.482226 0.484805
V 55.500 54.000 2.493 0.482003 0.485498
V 56.000 54.000 2.493 0.482232 0.485496
V 56.000 53.500 2.493 0.482230 0.485265
V 55.500 55.000 2.493 0.482006 0.485958
V 56.000 55.000 2.493 0.482236 0.485957
V 56.000 54.500 2.493 0.482234 0.485726
V 55.500 56.000 2.493 0.482010 0.486419
V 56.000 56.000 2.493 0.482239 0.486417
V 56.000 55.500 2.493 0.482238 0.486187
V 55.500 57.000 2.493 0.482014 0.486880
V 56.000 57.000 2.493 0.482243 0.486878
V 56.000 56.500 2.493 0.482241 0.486648
V 55.500 58.000 2.493 0.482017 0.487341
V 56.000 58.000 2.493 0.482247 0.487339
V 56.000 57.500 2.493 0.482245 0.487109
V 55.500 59.000 2.493 0.482021 0.487802
V 56.000 59.000 2.493 0.482250 0.487800
V 56.000 58.500 2.493 0.482249 0.487570
V 55.667 59.183 2.493 0.482098 0.487885
V 55.333 59.162 2.493 0.481945 0.487877
V 56.000 59.203 2.493 0.482251 0.487894
V 56.500 51.000 2.493 0.482450 0.484111
V 57.000 51.000 2.493 0.482680 0.484110
V 57.000 50.749 2.493 0.482679 0.483994
V 57.000 50.497 2.493 0.482678 0.483878
V 56.667 50.477 2.493 0.482525 0.483870
V 56.333 50.456 2.493 0.482372 0.483862
V 56.500 52.000 2.493 0.482454 0.484572
V 57.000 52.000 2.493 0.482683 0.484570
V 57.000 51.500 2.493 0.482682 0.484340
V 56.500 53.000 2.493 0.482458 0.485033
V 57.000 53.000 2.493 0.482687 0.485031
V 57.000 52.500 2.493 0.482685 0.484801
V 56.500 54.000 2.493 0.482461 0.485494
V 57.000 54.000 2.493 0.482691 0.485492
V 57.000 53.500 2.493 0.482689 0.485262
V 56.500 55.000 2.493 0.482465 0.485955
V 57.000 55.000 2.493 0.482695 0.485953
V 57.000 54.500 2.493 0.482693 0.485722
V 56.500 56.000 2.493 0.482469 0.486416
V 57.000 56.000 2.493 0.482698 0.486414
V 57.000 55.500 2.493 0.482696 0.486183
V 56.500 57.000 2.493 0.482473 0.486876
V 57.000 57.000 2.493 0.482702 0.486875
V 57.000 56.500 2.493 0.482700 0.486644
V 56.500 58.000 2.493 0.482476 0.487337
V 57.000 58.000 2.493 0.482706 0.487335
V 57.000 57.500 2.493 0.482704 0.487105
V 56.500 59.000 2.493 0.482480 0.487798
V 57.000 59.000 2.493 0.482709 0.487796
V 57.000 58.500 2.493 0.482708 0.487566
V 56.667 59.244 2.493 0.482557 0.487910
V 56.333 59.223 2.493 0.482404 0.487902
V 57.000 59.264 2.493 0.482710 0.487918
V 57.500 51.000 2.493 0.482909 0.484108
V 57.667 50.538 2.493 0.482984 0.483894
V 58.000 51.000 2.493 0.483139 0.484106
V 58.000 50.558 2.493 0.483137 0.483902
V 57.333 50.518 2.493 0.482831 0.483886
V 57.500 52.000 2.493 0.482913 0.484569
V 58.000 52.000 2.493 0.483142 0.484567
V 58.000 51.500 2.493 0.483141 0.484336
V 57.500 53.000 2.493 0.482917 0.485029
V 58.000 53.000 2.493 0.483146 0.485028
V 58.000 52.500 2.493 0.483144 0.484797
V 57.500 54.000 2.493 0.482920 0.485490
V 58.000 54.000 2.493 0.483150 0.485488
V 58.000 53.500 2.493 0.483148 0.485258
V 57.500 55.000 2.493 0.482924 0.485951
V 58.000 55.000 2.493 0.483154 0.485949
V 58.000 54.500 2.493 0.483152 0.485719
V 57.500 56.000 2.493 0.482928 0.486412
V 58.000 56.000 2.493 0.483157 0.486410
V 58.000 55.500 2.493 0.483155 0.486180
V 57.500 57.000 2.493 0.482931 0.486873
V 58.000 57.000 2.493 0.483161 0.486871
V 58.000 56.500 2.493 0.483159 0.486640
V 57.500 58.000 2.493 0.482935 0.487334
V 58.000 58.000 2.493 0.483165 0.487332
V 58.000 57.500 2.493 0.483163 0.487101
V 57.500 59.000 2.493 0.482939 0.487794
V 58.000 59.000 2.493 0.483168 0.487793
V 58.000 58.500 2.493 0.483166 0.487562
V 57.667 59.305 2.493 0.483016 0.487934
V 57.333 59.284 2.493 0.482863 0.487926
V 58.000 59.325 2.493 0.483169 0.487942
V 58.333 50.579 2.493 0.483290 0.483910
V 58.500 51.000 2.493 0.483368 0.484104
V 58.667 50.599 2.493 0.483443 0.483919
V 59.000 51.000 2.493 0.483598 0.484102
V 59.000 50.619 2.493 0.483596 0.483927
V 58.500 52.000 2.493 0.483372 0.484565
V 59.000 52.000 2.493 0.483601 0.484563
V 59.000 51.500 2.493 0.483599 0.484333
V 58.500 53.000 2.493 0.483376 0.485026
V 59.000 53.000 2.493 0.483605 0.485024
V 59.000 52.500 2.493 0.483603 0.484793
V 58.500 54.000 2.493 0.483379 0.485487
V 59.000 54.000 2.493 0.483609 0.485485
V 59.000 53.500 2.493 0.483607 0.485254
V 58.500 55.000 2.493 0.483383 0.485947
V 59.000 55.000 2.493 0.483612 0.485945
V 59.000 54.500 2.493 0.483611 0.485715
V 58.500 56.000 2.493 0.483387 0.486408
V 59.000 56.000 2.493 0.483616 0.486406
V 59.000 55.500 2.493 0.483614 0.486176
V 58.500 57.000 2.493 0.483390 0.486869
V 59.000 57.000 2.493 0.483620 0.486867
V 59.000 56.500 2.493 0.483618 0.486637
V 58.500 58.000 2.493 0.483394 0.487330
V 59.000 58.000 2.493 0.483624 0.487328
V 59.000 57.500 2.493 0.483622 0.487098
V 58.500 59.000 2.493 0.483398 0.487791
V 59.000 59.000 2.493 0.483627 0.487789
V 59.000 58.500 2.493 0.483625 0.487558
V 58.667 59.366 2.493 0.483476 0.487959
V 58.333 59.345 2.493 0.483323 0.487951
V 59.000 59.386 2.493 0.483629 0.487967
V 59.333 50.640 2.493 0.483749 0.483935
V 59.500 51.000 2.493 0.483827 0.484100
V 59.667 50.660 2.493 0.483902 0.483943
V 60.000 51.000 2.493 0.484057 0.484098
V 60.000 50.680 2.493 0.484055 0.483951
V 59.500 52.000 2.493 0.483831 0.484561
V 60.000 52.000 2.493 0.484060 0.484559
V 60.000 51.500 2.493 0.484058 0.484329
V 59.500 53.000 2.493 0.483834 0.485022
V 60.000 53.000 2.493 0.484064 0.485020
V 60.000 52.500 2.493 0.484062 0.484790
V 59.500 54.000 2.493 0.483838 0.485483
V 60.000 54.000 2.493 0.484068 0.485481
V 60.000 53.500 2.493 0.484066 0.485251
V 59.500 55.000 2.493 0.483842 0.485944
V 60.000 55.000 2.493 0.484071 0.485942
V 60.000 54.500 2.493 0.484069 0.485711
V 59.500 56.000 2.493 0.483846 0.486404
V 60.000 56.000 2.493 0.484075 0.486403
V 60.000 55.500 2.493 0.484073 0.486172
V 59.500 57.000 2.493 0.483849 0.486865
V 60.000 57.000 2.493 0.484079 0.486863
V 60.000 56.500 2.493 0.484077 0.486633
V 59.500 58.000 2.493 0.483853 0.487326
V 60.000 58.000 2.493 0.484082 0.487324
V 60.000 57.500 2.493 0.484081 0.487094
V 59.500 59.000 2.493 0.483857 0.487787
V 60.000 59.000 2.493 0.484086 0.487785
V 60.000 58.500 2.493 0.484084 0.487555
V 59.667 59.427 2.493 0.483935 0.487983
V 59.333 59.407 2.493 0.483782 0.487975
V 60.000 59.447 2.493 0.484088 0.487991
V 60.333 50.701 2.493 0.484208 0.483959
V 60.500 51.000 2.493 0.484286 0.484097
V 60.667 50.721 2.493 0.484361 0.483967
V 61.000 51.000 2.493 0.484515 0.484095
V 61.000 50.741 2.493 0.484514 0.483975
V 60.500 52.000 2.493 0.484290 0.484557
V 61.000 52.000 2.493 0.484519 0.484556
V 61.000 51.500 2.493 0.484517 0.484325
V 60.500 53.000 2.493 0.484293 0.485018
V 61.000 53.000 2.493 0.484523 0.485016
V 61.000 52.500 2.493 0.484521 0.484786
V 60.500 54.000 2.493 0.484297 0.485479
V 61.000 54.000 2.493 0.484527 0.485477
V 61.000 53.500 2.493 0.484525 0.485247
V 60.500 55.000 2.493 0.484301 0.485940
V 61.000 55.000 2.493 0.484530 0.485938
V 61.000 54.500 2.493 0.484528 0.485708
V 60.500 56.000 2.493 0.484304 0.486401
V 61.000 56.000 2.493 0.484534 0.486399
V 61.000 55.500 2.493 0.484532 0.486168
V 60.500 57.000 2.493 0.484308 0.486862
V 61.000 57.000 2.493 0.484538 0.486860
V 61.000 56.500 2.493 0.484536 0.486629
V 60.500 58.000 2.493 0.484312 0.487322
V 61.000 58.000 2.493 0.484541 0.487321
V 61.000 57.500 2.493 0.484539 0.487090
V 60.500 59.000 2.493 0.484316 0.487783
V 61.000 59.000 2.493 0.484545 0.487781
V 61.000 58.500 2.493 0.484543 0.487551
V 61.000 59.254 2.493 0.484546 0.487899
V 60.333 59.468 2.493 0.484241 0.487999
V 60.667 59.488 2.493 0.484394 0.488008
V 61.000 59.508 2.493 0.484547 0.488016
V 61.333 50.762 2.493 0.484668 0.483984
V 61.500 51.000 2.493 0.484745 0.484093
V 61.667 50.782 2.493 0.484821 0.483992
V 62.000 51.000 2.493 0.484974 0.484091
V 62.000 50.802 2.493 0.484974 0.484000
V 61.500 52.000 2.493 0.484749 0.484554
V 62.000 52.000 2.493 0.484978 0.484552
V 62.000 51.500 2.493 0.484976 0.484321
V 61.500 53.000 2.493 0.484752 0.485015
V 62.000 53.000 2.493 0.484982 0.485013
V 62.000 52.500 2.493 0.484980 0.484782
V 61.500 54.000 2.493 0.484756 0.485475
V 62.000 54.000 2.493 0.484985 0.485474
V 62.000 53.500 2.493 0.484984 0.485243
V 61.500 55.000 2.493 0.484760 0.485936
V 62.000 55.000 2.493 0.484989 0.485934
V 62.000 54.500 2.493 0.484987 0.485704
V 61.500 56.000 2.493 0.484763 0.486397
V 62.000 56.000 2.493 0.484993 0.486395
V 62.000 55.500 2.493 0.484991 0.486165
V 61.500 57.000 2.493 0.484767 0.486858
V 62.000 57.000 2.493 0.484997 0.486856
V 62.000 56.500 2.493 0.484995 0.486626
V 61.500 58.000 2.493 0.484771 0.487319
V 62.000 58.000 2.493 0.485000 0.487317
V 62.000 57.500 2.493 0.484998 0.487086
V 61.500 59.000 2.493 0.484774 0.487780
V 62.000 59.000 2.493 0.485004 0.487778
V 62.000 58.500 2.493 0.485002 0.487547
V 62.000 59.285 2.493 0.485005 0.487909
V 61.333 59.529 2.493 0.484700 0.488024
V 61.667 59.549 2.493 0.484853 0.488032
V 62.000 59.569 2.493 0.485006 0.488040
V 62.333 50.823 2.493 0.485127 0.484008
V 62.500 51.000 2.493 0.485204 0.484089
V 62.667 50.843 2.493 0.485280 0.484016
V 63.000 51.000 2.493 0.485433 0.484087
V 63.000 50.863 2.493 0.485433 0.484024
V 62.500 52.000 2.493 0.485208 0.484550
V 63.000 52.000 2.493 0.485437 0.484548
V 63.000 51.500 2.493 0.485435 0.484318
V 62.500 53.000 2.493 0.485211 0.485011
V 63.000 53.000 2.493 0.485441 0.485009
V 63.000 52.500 2.493 0.485439 0.484779
V 62.500 54.000 2.493 0.485215 0.485472
V 63.000 54.000 2.493 0.485444 0.485470
V 63.000 53.500 2.493 0.485443 0.485239
V 62.500 55.000 2.493 0.485219 0.485932
V 63.000 55.000 2.493 0.485448 0.485931
V 63.000 54.500 2.493 0.485446 0.485700
V 62.500 56.000 2.493 0.485222 0.486393
V 63.000 56.000 2.493 0.485452 0.486391
V 63.000 55.500 2.493 0.485450 0.486161
V 62.500 57.000 2.493 0.485226 0.486854
V 63.000 57.000 2.493 0.485455 0.486852
V 63.000 56.500 2.493 0.485454 0.486622
V 62.500 58.000 2.493 0.485230 0.487315
V 63.000 58.000 2.493 0.485459 0.487313
V 63.000 57.500 2.493 0.485457 0.487083
V 62.500 59.000 2.493 0.485233 0.487776
V 63.000 59.000 2.493 0.485463 0.487774
V 63.000 58.500 2.493 0.485461 0.487544
V 63.000 59.315 2.493 0.485464 0.487919
V 62.333 59.590 2.493 0.485159 0.488048
V 62.667 59.610 2.493 0.485312 0.488056
V 63.000 59.630 2.493 0.485465 0.488065
V 63.333 50.884 2.493 0.485586 0.484032
V 63.500 51.000 2.493 0.485663 0.484085
V 63.667 50.904 2.493 0.485739 0.484041
V 64.000 51.000 2.493 0.485892 0.484084
V 64.000 50.924 2.493 0.485892 0.484049
V 63.500 52.000 2.493 0.485666 0.484546
V 64.000 52.000 2.493 0.485896 0.484544
V 64.000 51.500 2.493 0.485894 0.484314
V 63.500 53.000 2.493 0.485670 0.485007
V 64.000 53.000 2.493 0.485900 0.485005
V 64.000 52.500 2.493 0.485898 0.484775
V 63.500 54.000 2.493 0.485674 0.485468
V 64.000 54.000 2.493 0.485903 0.485466
V 64.000 53.500 2.493 0.485901 0.485236
V 63.500 55.000 2.493 0.485678 0.485929
V 64.000 55.000 2.493 0.485907 0.485927
V 64.000 54.500 2.493 0.485905 0.485697
V 63.500 56.000 2.493 0.485681 0.486390
V 64.000 56.000 2.493 0.485911 0.486388
V 64.000 55.500 2.493 0.485909 0.486157
V 63.500 57.000 2.493 0.485685 0.486850
V 64.000 57.000 2.493 0.485914 0.486849
V 64.000 56.500 2.493 0.485913 0.486618
V 63.500 58.000 2.493 0.485689 0.487311
V 64.000 58.000 2.493 0.485918 0.487309
V 64.000 57.500 2.493 0.485916 0.487079
V 63.500 59.000 2.493 0.485692 0.487772
V 64.000 59.000 2.493 0.485922 0.487770
V 64.000 58.500 2.493 0.485920 0.487540
V 64.000 59.346 2.493 0.485923 0.487930
V 63.333 59.651 2.493 0.485618 0.488073
V 63.667 59.671 2.493 0.485771 0.488081
V 64.000 59.691 2.493 0.485924 0.488089
V 64.333 50.945 2.493 0.486045 0.484057
V 64.500 51.000 2.493 0.486122 0.484082
V 64.667 50.965 2.493 0.486198 0.484065
V 65.000 51.000 2.493 0.486351 0.484080
V 65.000 50.985 2.493 0.486351 0.484073
V 64.500 52.000 2.493 0.486125 0.484543
V 65.000 52.000 2.493 0.486355 0.484541
V 65.000 51.500 2.493 0.486353 0.484310
V 64.500 53.000 2.493 0.486129 0.485003
V 65.000 53.000 2.493 0.486358 0.485002
V 65.000 52.500 2.493 0.486357 0.484771
V 64.500 54.000 2.493 0.486133 0.485464
V 65.000 54.000 2.493 0.486362 0.485462
V 65.000 53.500 2.493 0.486360 0.485232
V 64.500 55.000 2.493 0.486136 0.485925
V 65.000 55.000 2.493 0.486366 0.485923
V 65.000 54.500 2.493 0.486364 0.485693
V 64.500 56.000 2.493 0.486140 0.486386
V 65.000 56.000 2.493 0.486370 0.486384
V 65.000 55.500 2.493 0.486368 0.486154
V 64.500 57.000 2.493 0.486144 0.486847
V 65.000 57.000 2.493 0.486373 0.486845
V 65.000 56.500 2.493 0.486371 0.486614
V 64.500 58.000 2.493 0.486148 0.487308
V 65.000 58.000 2.493 0.486377 0.487306
V 65.000 57.500 2.493 0.486375 0.487075
V 64.500 59.000 2.493 0.486151 0.487768
V 65.000 59.000 2.493 0.486381 0.487767
V 65.000 58.500 2.493 0.486379 0.487536
V 65.000 59.376 2.493 0.486382 0.487940
V 64.333 59.712 2.493 0.486077 0.488097
V 64.667 59.732 2.493 0.486230 0.488105
V 65.000 59.752 2.493 0.486383 0.488113
V 65.238 51.000 2.493 0.486460 0.484079
V 65.500 52.000 2.493 0.486584 0.484539
V 66.000 52.000 2.493 0.486814 0.484537
V 66.000 51.523 2.493 0.486812 0.484317
V 66.000 51.047 2.493 0.486810 0.484098
V 65.619 51.023 2.493 0.486635 0.484088
V 65.500 53.000 2.493 0.486588 0.485000
V 66.000 53.000 2.493 0.486817 0.484998
V 66.000 52.500 2.493 0.486816 0.484767
V 65.500 54.000 2.493 0.486592 0.485461
V 66.000 54.000 2.493 0.486821 0.485459
V 66.000 53.500 2.493 0.486819 0.485228
V 65.500 55.000 2.493 0.486595 0.485921
V 66.000 55.000 2.493 0.486825 0.485920
V 66.000 54.500 2.493 0.486823 0.485689
V 65.500 56.000 2.493 0.486599 0.486382
V 66.000 56.000 2.493 0.486828 0.486380
V 66.000 55.500 2.493 0.486827 0.486150
V 65.500 57.000 2.493 0.486603 0.486843
V 66.000 57.000 2.493 0.486832 0.486841
V 66.000 56.500 2.493 0.486830 0.486611
V 65.500 58.000 2.493 0.486606 0.487304
V 66.000 58.000 2.493 0.486836 0.487302
V 66.000 57.500 2.493 0.486834 0.487072
V 65.500 59.000 2.493 0.486610 0.487765
V 66.000 59.000 2.493 0.486840 0.487763
V 66.000 58.500 2.493 0.486838 0.487532
V 66.000 59.407 2.493 0.486841 0.487950
V 65.333 59.773 2.493 0.486536 0.488121
V 65.667 59.793 2.493 0.486690 0.488130
V 66.000 59.813 2.493 0.486843 0.488138
V 66.500 52.000 2.493 0.487043 0.484535
V 67.000 52.000 2.493 0.487273 0.484533
V 67.000 51.554 2.493 0.487271 0.484328
V 67.000 51.108 2.493 0.487269 0.484122
V 66.667 51.087 2.493 0.487116 0.484114
V 66.333 51.067 2.493 0.486963 0.484106
V 66.500 53.000 2.493 0.487047 0.484996
V 67.000 53.000 2.493 0.487276 0.484994
V 67.000 52.500 2.493 0.487274 0.484764
V 66.500 54.000 2.493 0.487051 0.485457
V 67.000 54.000 2.493 0.487280 0.485455
V 67.000 53.500 2.493 0.487278 0.485225
V 66.500 55.000 2.493 0.487054 0.485918
V 67.000 55.000 2.493 0.487284 0.485916
V 67.000 54.500 2.493 0.487282 0.485685
V 66.500 56.000 2.493 0.487058 0.486378
V 67.000 56.000 2.493 0.487287 0.486377
V 67.000 55.500 2.493 0.487286 0.486146
V 66.500 57.000 2.493 0.487062 0.486839
V 67.000 57.000 2.493 0.487291 0.486837
V 67.000 56.500 2.493 0.487289 0.486607
V 66.500 58.000 2.493 0.487065 0.487300
V 67.000 58.000 2.493 0.487295 0.487298
V 67.000 57.500 2.493 0.487293 0.487068
V 66.500 59.000 2.493 0.487069 0.487761
V 67.000 59.000 2.493 0.487298 0.487759
V 67.000 58.500 2.493 0.487297 0.487529
V 67.000 59.437 2.493 0.487300 0.487961
V 66.333 59.834 2.493 0.486996 0.488146
V 66.667 59.854 2.493 0.487149 0.488154
V 67.000 59.874 2.493 0.487302 0.488162
V 67.500 52.000 2.493 0.487502 0.484531
V 68.000 52.000 2.493 0.487732 0.484530
V 68.000 51.584 2.493 0.487730 0.484338
V 68.000 51.169 2.493 0.487728 0.484146
V 67.667 51.148 2.493 0.487575 0.484138
V 67.333 51.128 2.493 0.487422 0.484130
V 67.500 53.000 2.493 0.487506 0.484992
V 68.000 53.000 2.493 0.487735 0.484990
V 68.000 52.500 2.493 0.487733 0.484760
V 67.500 54.000 2.493 0.487509 0.485453
V 68.000 54.000 2.493 0.487739 0.485451
V 68.000 53.500 2.493 0.487737 0.485221
V 67.500 55.000 2.493 0.487513 0.485914
V 68.000 55.000 2.493 0.487743 0.485912
V 68.000 54.500 2.493 0.487741 0.485682
V 67.500 56.000 2.493 0.487517 0.486375
V 68.000 56.000 2.493 0.487746 0.486373
V 68.000 55.500 2.493 0.487744 0.486143
V 67.500 57.000 2.493 0.487521 0.486836
V 68.000 57.000 2.493 0.487750 0.486834
V 68.000 56.500 2.493 0.487748 0.486603
V 67.500 58.000 2.493 0.487524 0.487296
V 68.000 58.000 2.493 0.487754 0.487295
V 68.000 57.500 2.493 0.487752 0.487064
V 67.500 59.000 2.493 0.487528 0.487757
V 68.000 59.000 2.493 0.487757 0.487755
V 68.000 58.500 2.493 0.487756 0.487525
V 68.000 59.468 2.493 0.487759 0.487971
V 67.333 59.895 2.493 0.487455 0.488170
V 67.667 59.915 2.493 0.487608 0.488178
V 68.000 59.936 2.493 0.487761 0.488187
V 68.500 52.000 2.493 0.487961 0.484528
V 69.000 52.000 2.493 0.488190 0.484526
V 69.000 51.615 2.493 0.488189 0.484348
V 69.000 51.230 2.493 0.488188 0.484171
V 68.667 51.209 2.493 0.488035 0.484163
V 68.333 51.189 2.493 0.487881 0.484155
V 68.500 53.000 2.493 0.487965 0.484989
V 69.000 53.000 2.493 0.488194 0.484987
V 69.000 52.500 2.493 0.488192 0.484756
V 68.500 54.000 2.493 0.487968 0.485449
V 69.000 54.000 2.493 0.488198 0.485448
V 69.000 53.500 2.493 0.488196 0.485217
V 68.500 55.000 2.493 0.487972 0.485910
V 69.000 55.000 2.493 0.488202 0.485908
V 69.000 54.500 2.493 0.488200 0.485678
V 68.500 56.000 2.493 0.487976 0.486371
V 69.000 56.000 2.493 0.488205 0.486369
V 69.000 55.500 2.493 0.488203 0.486139
V 68.500 57.000 2.493 0.487979 0.486832
V 69.000 57.000 2.493 0.488209 0.486830
V 69.000 56.500 2.493 0.488207 0.486600
V 68.500 58.000 2.493 0.487983 0.487293
V 69.000 58.000 2.493 0.488213 0.487291
V 69.000 57.500 2.493 0.488211 0.487060
V 68.500 59.000 2.493 0.487987 0.487754
V 69.000 59.000 2.493 0.488216 0.487752
V 69.000 58.500 2.493 0.488214 0.487521
V 69.000 59.498 2.493 0.488218 0.487981
V 68.333 59.956 2.493 0.487914 0.488195
V 68.667 59.976 2.493 0.488067 0.488203
V 69.000 59.997 2.493 0.488220 0.488211
V 69.500 52.000 2.493 0.488420 0.484524
V 70.000 52.000 2.493 0.488649 0.484522
V 70.000 51.645 2.493 0.488648 0.484359
V 70.000 51.291 2.493 0.488647 0.484195
V 69.667 51.270 2.493 0.488494 0.484187
V 69.333 51.250 2.493 0.488341 0.484179
V 69.500 53.000 2.493 0.488424 0.484985
V 70.000 53.000 2.493 0.488653 0.484983
V 70.000 52.500 2.493 0.488651 0.484753
V 69.500 54.000 2.493 0.488427 0.485446
V 70.000 54.000 2.493 0.488657 0.485444
V 70.000 53.500 2.493 0.488655 0.485213
V 69.500 55.000 2.493 0.488431 0.485907
V 70.000 55.000 2.493 0.488660 0.485905
V 70.000 54.500 2.493 0.488659 0.485674
V 69.500 56.000 2.493 0.488435 0.486367
V 70.000 56.000 2.493 0.488664 0.486365
V 70.000 55.500 2.493 0.488662 0.486135
V 69.500 57.000 2.493 0.488438 0.486828
V 70.000 57.000 2.493 0.488668 0.486826
V 70.000 56.500 2.493 0.488666 0.486596
V 69.500 58.000 2.493 0.488442 0.487289
V 70.000 58.000 2.493 0.488672 0.487287
V 70.000 57.500 2.493 0.488670 0.487057
V 69.500 59.000 2.493 0.488446 0.487750
V 70.000 59.000 2.493 0.488675 0.487748
V 70.000 58.500 2.493 0.488673 0.487518
V 69.528 60.000 2.493 0.488462 0.488211
V 70.000 60.000 2.493 0.488679 0.488209
V 70.000 59.500 2.493 0.488677 0.487978
V 69.056 60.000 2.493 0.488246 0.488212
V 69.528 60.029 2.493 0.488462 0.488224
V 70.000 60.058 2.493 0.488679 0.488235
V 70.500 52.000 2.493 0.488879 0.484520
V 71.000 52.000 2.493 0.489108 0.484518
V 71.000 51.676 2.493 0.489107 0.484369
V 71.000 51.352 2.493 0.489106 0.484220
V 70.667 51.331 2.493 0.488953 0.484212
V 70.333 51.311 2.493 0.488800 0.484203
V 70.500 53.000 2.493 0.488882 0.484981
V 71.000 53.000 2.493 0.489112 0.484979
V 71.000 52.500 2.493 0.489110 0.484749
V 70.500 54.000 2.493 0.488886 0.485442
V 71.000 54.000 2.493 0.489116 0.485440
V 71.000 53.500 2.493 0.489114 0.485210
V 70.500 55.000 2.493 0.488890 0.485903
V 71.000 55.000 2.493 0.489119 0.485901
V 71.000 54.500 2.493 0.489117 0.485671
V 70.500 56.000 2.493 0.488894 0.486364
V 71.000 56.000 2.493 0.489123 0.486362
V 71.000 55.500 2.493 0.489121 0.486131
V 70.500 57.000 2.493 0.488897 0.486824
V 71.000 57.000 2.493 0.489127 0.486823
V 71.000 56.500 2.493 0.489125 0.486592
V 70.500 58.000 2.493 0.488901 0.487285
V 71.000 58.000 2.493 0.489130 0.487283
V 71.000 57.500 2.493 0.489129 0.487053
V 70.500 59.000 2.493 0.488905 0.487746
V 71.000 59.000 2.493 0.489134 0.487744
V 71.000 58.500 2.493 0.489132 0.487514
V 70.500 60.000 2.493 0.488908 0.488207
V 71.000 60.000 2.493 0.489138 0.488205
V 71.000 59.500 2.493 0.489136 0.487975
V 70.667 60.098 2.493 0.488985 0.488252
V 70.333 60.078 2.493 0.488832 0.488244
V 71.000 60.119 2.493 0.489138 0.488260
V 71.500 52.000 2.493 0.489338 0.484517
V 72.000 52.000 2.493 0.489567 0.484515
V 72.000 51.706 2.493 0.489566 0.484379
V 72.000 51.413 2.493 0.489565 0.484244
V 71.667 51.392 2.493 0.489412 0.484236
V 71.333 51.372 2.493 0.489259 0.484228
V 71.500 53.000 2.493 0.489341 0.484977
V 72.000 53.000 2.493 0.489571 0.484976
V 72.000 52.500 2.493 0.489569 0.484745
V 71.500 54.000 2.493 0.489345 0.485438
V 72.000 54.000 2.493 0.489575 0.485436
V 72.000 53.500 2.493 0.489573 0.485206
V 71.500 55.000 2.493 0.489349 0.485899
V 72.000 55.000 2.493 0.489578 0.485897
V 72.000 54.500 2.493 0.489576 0.485667
V 71.500 56.000 2.493 0.489352 0.486360
V 72.000 56.000 2.493 0.489582 0.486358
V 72.000 55.500 2.493 0.489580 0.486128
V 71.500 57.000 2.493 0.489356 0.486821
V 72.000 57.000 2.493 0.489586 0.486819
V 72.000 56.500 2.493 0.489584 0.486588
V 71.500 58.000 2.493 0.489360 0.487282
V 72.000 58.000 2.493 0.489589 0.487280
V 72.000 57.500 2.493 0.489587 0.487049
V 71.500 59.000 2.493 0.489364 0.487742
V 72.000 59.000 2.493 0.489593 0.487741
V 72.000 58.500 2.493 0.489591 0.487510
V 71.500 60.000 2.493 0.489367 0.488203
V 72.000 60.000 2.493 0.489597 0.488201
V 72.000 59.500 2.493 0.489595 0.487971
V 71.667 60.159 2.493 0.489444 0.488276
V 71.333 60.139 2.493 0.489291 0.488268
V 72.000 60.180 2.493 0.489597 0.488284
V 72.370 51.435 2.493 0.489735 0.484253
V 72.500 52.000 2.493 0.489797 0.484513
V 73.000 52.000 2.493 0.490026 0.484511
V 73.000 51.934 2.493 0.490026 0.484480
V 72.685 51.684 2.493 0.489880 0.484367
V 72.500 53.000 2.493 0.489800 0.484974
V 73.000 53.000 2.493 0.490030 0.484972
V 73.000 52.500 2.493 0.490028 0.484741
V 72.500 54.000 2.493 0.489804 0.485435
V 73.000 54.000 2.493 0.490033 0.485433
V 73.000 53.500 2.493 0.490032 0.485202
V 72.500 55.000 2.493 0.489808 0.485895
V 73.000 55.000 2.493 0.490037 0.485894
V 73.000 54.500 2.493 0.490035 0.485663
V 73.000 55.338 2.493 0.490038 0.486049
V 72.480 56.000 2.493 0.489802 0.486356
V 72.960 56.000 2.493 0.490022 0.486355
V 72.980 55.669 2.493 0.490030 0.486202
V 72.449 57.000 2.493 0.489792 0.486817
V 72.899 57.000 2.493 0.489998 0.486816
V 72.919 56.667 2.493 0.490006 0.486662
V 72.939 56.333 2.493 0.490014 0.486508
V 72.419 58.000 2.493 0.489782 0.487278
V 72.838 58.000 2.493 0.489974 0.487277
V 72.858 57.667 2.493 0.489982 0.487123
V 72.878 57.333 2.493 0.489990 0.486969
V 72.388 59.000 2.493 0.489771 0.487739
V 72.776 59.000 2.493 0.489949 0.487738
V 72.797 58.667 2.493 0.489957 0.487584
V 72.817 58.333 2.493 0.489966 0.487430
V 72.312 59.949 2.493 0.489740 0.488177
V 72.310 59.986 2.493 0.489739 0.488194
V 72.325 59.990 2.493 0.489746 0.488196
V 72.324 60.000 2.493 0.489746 0.488200
V 72.715 60.000 2.493 0.489925 0.488199
V 72.756 59.333 2.493 0.489941 0.487891
V 72.038 59.932 2.493 0.489614 0.488170
V 72.034 60.000 2.493 0.489612 0.488201
V 72.312 59.948 2.493 0.489740 0.488177
V 72.736 59.667 2.493 0.489933 0.488045
V 72.039 59.932 2.493 0.489614 0.488170
V 72.023 60.181 2.493 0.489608 0.488285
V 72.329 60.245 2.493 0.489749 0.488313
V 72.699 60.267 2.493 0.489919 0.488322
V 72.311 60.224 2.493 0.489740 0.488303
V 73.084 52.000 2.493 0.490065 0.484511
V 73.198 52.090 2.493 0.490117 0.484552
V 73.170 52.545 2.493 0.490106 0.484762
V 73.143 53.000 2.493 0.490095 0.484971
V 73.122 53.333 2.493 0.490087 0.485125
V 73.102 53.667 2.493 0.490079 0.485279
V 73.082 54.000 2.493 0.490071 0.485432
V 73.061 54.333 2.493 0.490063 0.485586
V 73.041 54.667 2.493 0.490055 0.485740
V 73.021 55.000 2.493 0.490047 0.485893
V 88.556 61.180 0.093 0.497199 0.488684
V 88.108 61.198 0.093 0.496993 0.488694
V 88.554 61.225 0.093 0.497198 0.488705
V 89.000 61.252 0.093 0.497403 0.488715
V 89.000 61.207 0.093 0.497403 0.488695
V 88.111 61.153 0.093 0.496995 0.488673
V 89.333 61.228 0.093 0.497556 0.488703
V 89.333 61.272 0.093 0.497556 0.488723
V 89.667 61.292 0.093 0.497709 0.488731
V 90.000 61.313 0.093 0.497862 0.488740
V 90.000 61.268 0.093 0.497862 0.488719
V 89.667 61.248 0.093 0.497709 0.488711
V 90.333 61.289 0.093 0.498015 0.488727
V 90.333 61.333 0.093 0.498015 0.488748
V 90.667 61.353 0.093 0.498168 0.488756
V 91.000 61.373 0.093 0.498321 0.488764
V 91.000 61.329 0.093 0.498321 0.488744
V 90.667 61.309 0.093 0.498168 0.488735
V 91.333 61.350 0.093 0.498474 0.488752
V 91.333 61.393 0.093 0.498474 0.488772
V 91.667 61.413 0.093 0.498627 0.488780
V 92.000 61.433 0.093 0.498780 0.488788
V 92.000 61.390 0.093 0.498780 0.488768
V 91.667 61.370 0.093 0.498627 0.488760
V 92.333 61.411 0.093 0.498933 0.488776
V 92.333 61.454 0.093 0.498933 0.488796
V 92.667 61.474 0.093 0.499086 0.488804
V 93.000 61.494 0.093 0.499239 0.488812
V 93.000 61.452 0.093 0.499239 0.488792
V 92.667 61.431 0.093 0.499086 0.488784
V 93.333 61.472 0.093 0.499392 0.488801
V 93.333 61.514 0.093 0.499392 0.488820
V 93.667 61.534 0.093 0.499545 0.488828
V 94.000 61.554 0.093 0.499699 0.488836
V 94.000 61.513 0.093 0.499698 0.488817
V 93.667 61.492 0.093 0.499545 0.488809
V 94.333 61.533 0.093 0.499851 0.488825
V 94.333 61.574 0.093 0.499852 0.488844
V 94.667 61.595 0.093 0.500005 0.488852
V 95.000 61.615 0.093 0.500158 0.488860
V 95.000 61.574 0.093 0.500157 0.488841
V 94.667 61.553 0.093 0.500004 0.488833
V 95.333 61.594 0.093 0.500311 0.488849
V 95.333 61.635 0.093 0.500311 0.488868
V 95.667 61.655 0.093 0.500464 0.488876
V 96.000 61.675 0.093 0.500617 0.488884
V 96.000 61.635 0.093 0.500617 0.488866
V 95.667 61.614 0.093 0.500464 0.488858
V 96.333 61.655 0.093 0.500770 0.488874
V 96.333 61.695 0.093 0.500770 0.488892
V 96.667 61.715 0.093 0.500923 0.488900
V 97.000 61.736 0.093 0.501076 0.488908
V 97.000 61.696 0.093 0.501076 0.488890
V 96.667 61.675 0.093 0.500923 0.488882
V 97.333 61.716 0.093 0.501229 0.488898
V 97.333 61.756 0.093 0.501229 0.488917
V 97.667 61.776 0.093 0.501382 0.488925
V 98.000 61.796 0.093 0.501535 0.488933
V 98.000 61.757 0.093 0.501535 0.488914
V 97.667 61.736 0.093 0.501382 0.488906
V 98.333 61.777 0.093 0.501688 0.488923
V 98.333 61.816 0.093 0.501688 0.488941
V 98.667 61.836 0.093 0.501841 0.488949
V 99.000 61.856 0.093 0.501994 0.488957
V 99.000 61.818 0.093 0.501994 0.488939
V 98.667 61.797 0.093 0.501841 0.488931
V 99.333 61.838 0.093 0.502147 0.488947
V 99.333 61.877 0.093 0.502147 0.488965
V 99.667 61.897 0.093 0.502300 0.488973
V 100.000 61.917 0.093 0.502453 0.488981
V 100.000 61.879 0.093 0.502453 0.488963
V 99.667 61.858 0.093 0.502300 0.488955
V 100.333 61.899 0.093 0.502606 0.488971
V 100.333 61.937 0.093 0.502606 0.488989
V 100.667 61.957 0.093 0.502759 0.488997
V 101.000 61.977 0.093 0.502912 0.489005
V 101.000 61.940 0.093 0.502912 0.488988
V 100.667 61.919 0.093 0.502759 0.488980
V 101.375 62.000 0.093 0.503085 0.489014
V 101.681 62.000 0.093 0.503225 0.489013
V 101.986 62.000 0.093 0.503365 0.489012
V 101.493 61.970 0.093 0.503139 0.489000
V 101.688 62.019 0.093 0.503228 0.489022
V 102.000 62.038 0.093 0.503372 0.489029
V 102.000 62.001 0.093 0.503371 0.489012
V 102.333 62.021 0.093 0.503524 0.489020
V 102.333 62.058 0.093 0.503525 0.489037
V 102.667 62.078 0.093 0.503678 0.489045
V 103.000 62.098 0.093 0.503831 0.489053
V 103.000 62.062 0.093 0.503831 0.489037
V 102.667 62.042 0.093 0.503678 0.489028
V 103.333 62.082 0.093 0.503984 0.489045
V 103.333 62.118 0.093 0.503984 0.489061
V 103.667 62.138 0.093 0.504137 0.489069
V 104.000 62.159 0.093 0.504290 0.489077
V 104.000 62.123 0.093 0.504290 0.489061
V 103.667 62.103 0.093 0.504137 0.489053
V 104.333 62.143 0.093 0.504443 0.489069
V 104.333 62.179 0.093 0.504443 0.489085
V 104.667 62.199 0.093 0.504596 0.489094
V 105.000 62.219 0.093 0.504749 0.489102
V 105.000 62.184 0.093 0.504749 0.489085
V 104.667 62.164 0.093 0.504596 0.489077
V 105.333 62.204 0.093 0.504902 0.489094
V 105.333 62.239 0.093 0.504902 0.489110
V 105.667 62.259 0.093 0.505055 0.489118
V 106.000 62.279 0.093 0.505208 0.489126
V 106.000 62.245 0.093 0.505208 0.489110
V 105.667 62.225 0.093 0.505055 0.489102
V 106.333 62.265 0.093 0.505361 0.489118
V 106.333 62.300 0.093 0.505361 0.489134
V 106.667 62.320 0.093 0.505514 0.489142
V 107.000 62.340 0.093 0.505667 0.489150
V 107.000 62.306 0.093 0.505667 0.489134
V 106.667 62.286 0.093 0.505514 0.489126
V 107.333 62.326 0.093 0.505820 0.489142
V 107.333 62.360 0.093 0.505820 0.489158
V 107.667 62.380 0.093 0.505973 0.489166
V 108.000 62.400 0.093 0.506126 0.489174
V 108.000 62.367 0.093 0.506126 0.489159
V 107.667 62.347 0.093 0.505973 0.489151
V 108.333 62.387 0.093 0.506279 0.489167
V 108.333 62.420 0.093 0.506279 0.489182
V 108.667 62.441 0.093 0.506432 0.489190
V 109.000 62.461 0.093 0.506586 0.489198
V 109.000 62.428 0.093 0.506585 0.489183
V 108.667 62.408 0.093 0.506432 0.489175
V 109.333 62.448 0.093 0.506738 0.489191
V 109.333 62.481 0.093 0.506739 0.489206
V 109.667 62.501 0.093 0.506892 0.489214
V 110.000 62.521 0.093 0.507045 0.489222
V 110.000 62.489 0.093 0.507045 0.489207
V 109.667 62.469 0.093 0.506891 0.489199
V 110.333 62.509 0.093 0.507198 0.489216
V 110.333 62.541 0.093 0.507198 0.489230
V 110.667 62.561 0.093 0.507351 0.489238
V 111.000 62.582 0.093 0.507504 0.489246
V 111.000 62.550 0.093 0.507504 0.489232
V 110.667 62.530 0.093 0.507351 0.489224
V 111.333 62.571 0.093 0.507657 0.489240
V 111.333 62.602 0.093 0.507657 0.489254
V 111.667 62.622 0.093 0.507810 0.489262
V 112.000 62.642 0.093 0.507963 0.489271
V 112.000 62.611 0.093 0.507963 0.489256
V 111.667 62.591 0.093 0.507810 0.489248
V 112.333 62.632 0.093 0.508116 0.489264
V 112.333 62.662 0.093 0.508116 0.489279
V 112.667 62.682 0.093 0.508269 0.489287
V 113.000 62.702 0.093 0.508422 0.489295
V 113.000 62.672 0.093 0.508422 0.489281
V 112.667 62.652 0.093 0.508269 0.489273
V 113.333 62.693 0.093 0.508575 0.489289
V 113.333 62.723 0.093 0.508575 0.489303
V 113.667 62.743 0.093 0.508728 0.489311
V 114.000 62.763 0.093 0.508881 0.489319
V 114.000 62.733 0.093 0.508881 0.489305
V 113.667 62.713 0.093 0.508728 0.489297
V 114.063 62.737 0.093 0.508910 0.489307
V 114.061 62.767 0.093 0.508909 0.489320
V 87.000 52.528 0.093 0.496453 0.484702
V 86.900 53.000 0.093 0.496409 0.484920
V 87.000 53.000 0.093 0.496455 0.484920
V 86.929 52.524 0.093 0.496420 0.484701
V 86.859 53.667 0.093 0.496392 0.485228
V 87.000 54.000 0.093 0.496458 0.485381
V 87.000 53.500 0.093 0.496456 0.485150
V 86.879 53.333 0.093 0.496400 0.485074
V 86.839 54.000 0.093 0.496384 0.485381
V 86.798 54.667 0.093 0.496368 0.485689
V 87.000 55.000 0.093 0.496462 0.485842
V 87.000 54.500 0.093 0.496460 0.485611
V 86.818 54.333 0.093 0.496376 0.485535
V 86.778 55.000 0.093 0.496360 0.485842
V 86.737 55.667 0.093 0.496344 0.486150
V 87.000 56.000 0.093 0.496466 0.486302
V 87.000 55.500 0.093 0.496464 0.486072
V 86.757 55.333 0.093 0.496352 0.485996
V 86.717 56.000 0.093 0.496336 0.486303
V 86.676 56.667 0.093 0.496319 0.486611
V 87.000 57.000 0.093 0.496469 0.486763
V 87.000 56.500 0.093 0.496467 0.486533
V 86.696 56.333 0.093 0.496327 0.486457
V 86.656 57.000 0.093 0.496311 0.486765
V 86.615 57.667 0.093 0.496295 0.487072
V 87.000 58.000 0.093 0.496473 0.487224
V 87.000 57.500 0.093 0.496471 0.486994
V 86.635 57.333 0.093 0.496303 0.486918
V 86.595 58.000 0.093 0.496287 0.487226
V 86.554 58.667 0.093 0.496271 0.487533
V 87.000 59.000 0.093 0.496477 0.487685
V 87.000 58.500 0.093 0.496475 0.487454
V 86.574 58.333 0.093 0.496279 0.487379
V 86.534 59.000 0.093 0.496263 0.487687
V 86.736 60.000 0.093 0.496359 0.488147
V 87.000 60.000 0.093 0.496480 0.488146
V 87.000 59.500 0.093 0.496479 0.487915
V 86.513 59.333 0.093 0.496255 0.487840
V 86.493 59.667 0.093 0.496246 0.487994
V 86.472 60.000 0.093 0.496238 0.488148
V 86.706 61.000 0.093 0.496349 0.488608
V 87.000 61.000 0.093 0.496484 0.488607
V 87.000 60.500 0.093 0.496482 0.488376
V 86.452 60.333 0.093 0.496230 0.488301
V 86.432 60.667 0.093 0.496222 0.488455
V 86.411 61.000 0.093 0.496214 0.488609
V 86.703 61.113 0.093 0.496348 0.488660
V 87.000 61.131 0.093 0.496485 0.488667
V 86.406 61.095 0.093 0.496212 0.488653
V 87.333 52.549 0.093 0.496606 0.484711
V 87.500 53.000 0.093 0.496684 0.484918
V 87.667 52.569 0.093 0.496759 0.484719
V 88.000 53.000 0.093 0.496913 0.484916
V 88.000 52.589 0.093 0.496912 0.484727
V 87.500 54.000 0.093 0.496688 0.485379
V 88.000 54.000 0.093 0.496917 0.485377
V 88.000 53.500 0.093 0.496915 0.485147
V 87.500 55.000 0.093 0.496691 0.485840
V 88.000 55.000 0.093 0.496921 0.485838
V 88.000 54.500 0.093 0.496919 0.485607
V 87.500 56.000 0.093 0.496695 0.486301
V 88.000 56.000 0.093 0.496925 0.486299
V 88.000 55.500 0.093 0.496923 0.486068
V 87.500 57.000 0.093 0.496699 0.486761
V 88.000 57.000 0.093 0.496928 0.486760
V 88.000 56.500 0.093 0.496926 0.486529
V 87.500 58.000 0.093 0.496702 0.487222
V 88.000 58.000 0.093 0.496932 0.487220
V 88.000 57.500 0.093 0.496930 0.486990
V 87.500 59.000 0.093 0.496706 0.487683
V 88.000 59.000 0.093 0.496936 0.487681
V 88.000 58.500 0.093 0.496934 0.487451
V 87.500 60.000 0.093 0.496710 0.488144
V 88.000 60.000 0.093 0.496939 0.488142
V 88.000 59.500 0.093 0.496937 0.487912
V 87.500 61.000 0.093 0.496714 0.488605
V 88.000 61.000 0.093 0.496943 0.488603
V 88.000 60.500 0.093 0.496941 0.488372
V 87.667 61.172 0.093 0.496791 0.488683
V 87.333 61.151 0.093 0.496638 0.488675
V 88.000 61.192 0.093 0.496944 0.488691
V 88.333 52.610 0.093 0.497065 0.484735
V 88.500 53.000 0.093 0.497143 0.484914
V 88.667 52.630 0.093 0.497218 0.484743
V 89.000 53.000 0.093 0.497372 0.484912
V 89.000 52.650 0.093 0.497371 0.484751
V 88.500 54.000 0.093 0.497147 0.485375
V 89.000 54.000 0.093 0.497376 0.485373
V 89.000 53.500 0.093 0.497374 0.485143
V 88.500 55.000 0.093 0.497150 0.485836
V 89.000 55.000 0.093 0.497380 0.485834
V 89.000 54.500 0.093 0.497378 0.485604
V 88.500 56.000 0.093 0.497154 0.486297
V 89.000 56.000 0.093 0.497383 0.486295
V 89.000 55.500 0.093 0.497382 0.486065
V 88.500 57.000 0.093 0.497158 0.486758
V 89.000 57.000 0.093 0.497387 0.486756
V 89.000 56.500 0.093 0.497385 0.486525
V 88.500 58.000 0.093 0.497161 0.487219
V 89.000 58.000 0.093 0.497391 0.487217
V 89.000 57.500 0.093 0.497389 0.486986
V 88.500 59.000 0.093 0.497165 0.487679
V 89.000 59.000 0.093 0.497395 0.487677
V 89.000 58.500 0.093 0.497393 0.487447
V 88.500 60.000 0.093 0.497169 0.488140
V 89.000 60.000 0.093 0.497398 0.488138
V 89.000 59.500 0.093 0.497396 0.487908
V 88.500 61.000 0.093 0.497172 0.488601
V 89.000 61.000 0.093 0.497402 0.488599
V 89.000 60.500 0.093 0.497400 0.488369
V 88.556 61.180 0.093 0.497199 0.488684
V 89.000 61.207 0.093 0.497403 0.488695
V 88.111 61.153 0.093 0.496995 0.488673
V 88.108 61.198 0.093 0.496993 0.488694
V 89.333 52.671 0.093 0.497524 0.484759
V 89.500 53.000 0.093 0.497602 0.484911
V 89.667 52.691 0.093 0.497677 0.484768
V 90.000 53.000 0.093 0.497831 0.484909
V 90.000 52.711 0.093 0.497830 0.484776
V 89.500 54.000 0.093 0.497605 0.485371
V 90.000 54.000 0.093 0.497835 0.485370
V 90.000 53.500 0.093 0.497833 0.485139
V 89.500 55.000 0.093 0.497609 0.485832
V 90.000 55.000 0.093 0.497839 0.485830
V 90.000 54.500 0.093 0.497837 0.485600
V 89.500 56.000 0.093 0.497613 0.486293
V 90.000 56.000 0.093 0.497842 0.486291
V 90.000 55.500 0.093 0.497840 0.486061
V 89.500 57.000 0.093 0.497617 0.486754
V 90.000 57.000 0.093 0.497846 0.486752
V 90.000 56.500 0.093 0.497844 0.486522
V 89.500 58.000 0.093 0.497620 0.487215
V 90.000 58.000 0.093 0.497850 0.487213
V 90.000 57.500 0.093 0.497848 0.486983
V 89.500 59.000 0.093 0.497624 0.487676
V 90.000 59.000 0.093 0.497853 0.487674
V 90.000 58.500 0.093 0.497852 0.487443
V 89.500 60.000 0.093 0.497628 0.488136
V 90.000 60.000 0.093 0.497857 0.488135
V 90.000 59.500 0.093 0.497855 0.487904
V 89.500 61.000 0.093 0.497631 0.488597
V 90.000 61.000 0.093 0.497861 0.488595
V 90.000 60.500 0.093 0.497859 0.488365
V 89.667 61.248 0.093 0.497709 0.488711
V 89.333 61.228 0.093 0.497556 0.488703
V 90.000 61.268 0.093 0.497862 0.488719
V 90.333 52.732 0.093 0.497983 0.484784
V 90.500 53.000 0.093 0.498061 0.484907
V 90.667 52.752 0.093 0.498136 0.484792
V 91.000 53.000 0.093 0.498290 0.484905
V 91.000 52.772 0.093 0.498289 0.484800
V 90.500 54.000 0.093 0.498064 0.485368
V 91.000 54.000 0.093 0.498294 0.485366
V 91.000 53.500 0.093 0.498292 0.485135
V 90.500 55.000 0.093 0.498068 0.485829
V 91.000 55.000 0.093 0.498298 0.485827
V 91.000 54.500 0.093 0.498296 0.485596
V 90.500 56.000 0.093 0.498072 0.486289
V 91.000 56.000 0.093 0.498301 0.486288
V 91.000 55.500 0.093 0.498299 0.486057
V 90.500 57.000 0.093 0.498075 0.486750
V 91.000 57.000 0.093 0.498305 0.486748
V 91.000 56.500 0.093 0.498303 0.486518
V 90.500 58.000 0.093 0.498079 0.487211
V 91.000 58.000 0.093 0.498309 0.487209
V 91.000 57.500 0.093 0.498307 0.486979
V 90.500 59.000 0.093 0.498083 0.487672
V 91.000 59.000 0.093 0.498312 0.487670
V 91.000 58.500 0.093 0.498310 0.487440
V 90.500 60.000 0.093 0.498087 0.488133
V 91.000 60.000 0.093 0.498316 0.488131
V 91.000 59.500 0.093 0.498314 0.487900
V 90.500 61.000 0.093 0.498090 0.488594
V 91.000 61.000 0.093 0.498320 0.488592
V 91.000 60.500 0.093 0.498318 0.488361
V 90.667 61.309 0.093 0.498168 0.488735
V 90.333 61.289 0.093 0.498015 0.488727
V 91.000 61.329 0.093 0.498321 0.488744
V 91.333 52.793 0.093 0.498442 0.484808
V 91.500 53.000 0.093 0.498520 0.484903
V 91.667 52.813 0.093 0.498595 0.484816
V 92.000 53.000 0.093 0.498749 0.484901
V 92.000 52.834 0.093 0.498748 0.484825
V 91.500 54.000 0.093 0.498523 0.485364
V 92.000 54.000 0.093 0.498753 0.485362
V 92.000 53.500 0.093 0.498751 0.485132
V 91.500 55.000 0.093 0.498527 0.485825
V 92.000 55.000 0.093 0.498756 0.485823
V 92.000 54.500 0.093 0.498755 0.485593
V 91.500 56.000 0.093 0.498531 0.486286
V 92.000 56.000 0.093 0.498760 0.486284
V 92.000 55.500 0.093 0.498758 0.486053
V 91.500 57.000 0.093 0.498534 0.486747
V 92.000 57.000 0.093 0.498764 0.486745
V 92.000 56.500 0.093 0.498762 0.486514
V 91.500 58.000 0.093 0.498538 0.487207
V 92.000 58.000 0.093 0.498768 0.487206
V 92.000 57.500 0.093 0.498766 0.486975
V 91.500 59.000 0.093 0.498542 0.487668
V 92.000 59.000 0.093 0.498771 0.487666
V 92.000 58.500 0.093 0.498769 0.487436
V 91.500 60.000 0.093 0.498545 0.488129
V 92.000 60.000 0.093 0.498775 0.488127
V 92.000 59.500 0.093 0.498773 0.487897
V 91.500 61.000 0.093 0.498549 0.488590
V 92.000 61.000 0.093 0.498779 0.488588
V 92.000 60.500 0.093 0.498777 0.488358
V 91.667 61.370 0.093 0.498627 0.488760
V 91.333 61.350 0.093 0.498474 0.488752
V 92.000 61.390 0.093 0.498780 0.488768
V 92.333 52.854 0.093 0.498902 0.484833
V 92.500 53.000 0.093 0.498979 0.484899
V 92.667 52.874 0.093 0.499055 0.484841
V 93.000 53.000 0.093 0.499208 0.484898
V 93.000 52.895 0.093 0.499208 0.484849
V 92.500 54.000 0.093 0.498982 0.485360
V 93.000 54.000 0.093 0.499212 0.485358
V 93.000 53.500 0.093 0.499210 0.485128
V 92.500 55.000 0.093 0.498986 0.485821
V 93.000 55.000 0.093 0.499215 0.485819
V 93.000 54.500 0.093 0.499214 0.485589
V 92.500 56.000 0.093 0.498990 0.486282
V 93.000 56.000 0.093 0.499219 0.486280
V 93.000 55.500 0.093 0.499217 0.486050
V 92.500 57.000 0.093 0.498993 0.486743
V 93.000 57.000 0.093 0.499223 0.486741
V 93.000 56.500 0.093 0.499221 0.486511
V 92.500 58.000 0.093 0.498997 0.487204
V 93.000 58.000 0.093 0.499226 0.487202
V 93.000 57.500 0.093 0.499225 0.486971
V 92.500 59.000 0.093 0.499001 0.487664
V 93.000 59.000 0.093 0.499230 0.487663
V 93.000 58.500 0.093 0.499228 0.487432
V 92.500 60.000 0.093 0.499004 0.488125
V 93.000 60.000 0.093 0.499234 0.488123
V 93.000 59.500 0.093 0.499232 0.487893
V 92.500 61.000 0.093 0.499008 0.488586
V 93.000 61.000 0.093 0.499238 0.488584
V 93.000 60.500 0.093 0.499236 0.488354
V 92.667 61.431 0.093 0.499086 0.488784
V 92.333 61.411 0.093 0.498933 0.488776
V 93.000 61.452 0.093 0.499239 0.488792
V 93.333 52.915 0.093 0.499361 0.484857
V 93.500 53.000 0.093 0.499437 0.484896
V 93.667 52.935 0.093 0.499514 0.484865
V 94.000 53.000 0.093 0.499667 0.484894
V 94.000 52.956 0.093 0.499667 0.484873
V 93.500 54.000 0.093 0.499441 0.485357
V 94.000 54.000 0.093 0.499671 0.485355
V 94.000 53.500 0.093 0.499669 0.485124
V 93.500 55.000 0.093 0.499445 0.485817
V 94.000 55.000 0.093 0.499674 0.485816
V 94.000 54.500 0.093 0.499672 0.485585
V 93.500 56.000 0.093 0.499449 0.486278
V 94.000 56.000 0.093 0.499678 0.486276
V 94.000 55.500 0.093 0.499676 0.486046
V 93.500 57.000 0.093 0.499452 0.486739
V 94.000 57.000 0.093 0.499682 0.486737
V 94.000 56.500 0.093 0.499680 0.486507
V 93.500 58.000 0.093 0.499456 0.487200
V 94.000 58.000 0.093 0.499685 0.487198
V 94.000 57.500 0.093 0.499684 0.486968
V 93.500 59.000 0.093 0.499460 0.487661
V 94.000 59.000 0.093 0.499689 0.487659
V 94.000 58.500 0.093 0.499687 0.487429
V 93.500 60.000 0.093 0.499463 0.488122
V 94.000 60.000 0.093 0.499693 0.488120
V 94.000 59.500 0.093 0.499691 0.487889
V 93.500 61.000 0.093 0.499467 0.488582
V 94.000 61.000 0.093 0.499696 0.488581
V 94.000 60.500 0.093 0.499695 0.488350
V 94.000 61.256 0.093 0.499697 0.488699
V 93.333 61.472 0.093 0.499392 0.488801
V 93.667 61.492 0.093 0.499545 0.488809
V 94.000 61.513 0.093 0.499698 0.488817
V 94.364 52.978 0.093 0.499834 0.484882
V 94.364 53.000 0.093 0.499834 0.484893
V 94.727 53.000 0.093 0.500001 0.484891
V 94.500 54.000 0.093 0.499900 0.485353
V 95.000 54.000 0.093 0.500130 0.485351
V 95.000 53.508 0.093 0.500128 0.485124
V 95.000 53.017 0.093 0.500126 0.484898
V 94.500 55.000 0.093 0.499904 0.485814
V 95.000 55.000 0.093 0.500133 0.485812
V 95.000 54.500 0.093 0.500131 0.485581
V 94.500 56.000 0.093 0.499907 0.486275
V 95.000 56.000 0.093 0.500137 0.486273
V 95.000 55.500 0.093 0.500135 0.486042
V 94.500 57.000 0.093 0.499911 0.486735
V 95.000 57.000 0.093 0.500141 0.486734
V 95.000 56.500 0.093 0.500139 0.486503
V 94.500 58.000 0.093 0.499915 0.487196
V 95.000 58.000 0.093 0.500144 0.487194
V 95.000 57.500 0.093 0.500142 0.486964
V 94.500 59.000 0.093 0.499919 0.487657
V 95.000 59.000 0.093 0.500148 0.487655
V 95.000 58.500 0.093 0.500146 0.487425
V 94.500 60.000 0.093 0.499922 0.488118
V 95.000 60.000 0.093 0.500152 0.488116
V 95.000 59.500 0.093 0.500150 0.487886
V 94.500 61.000 0.093 0.499926 0.488579
V 95.000 61.000 0.093 0.500155 0.488577
V 95.000 60.500 0.093 0.500154 0.488346
V 95.000 61.287 0.093 0.500156 0.488709
V 94.333 61.533 0.093 0.499851 0.488825
V 94.667 61.553 0.093 0.500004 0.488833
V 95.000 61.574 0.093 0.500157 0.488841
V 95.500 54.000 0.093 0.500359 0.485349
V 96.000 54.000 0.093 0.500588 0.485347
V 96.000 53.539 0.093 0.500587 0.485135
V 96.000 53.078 0.093 0.500585 0.484922
V 95.667 53.057 0.093 0.500432 0.484914
V 95.333 53.037 0.093 0.500279 0.484906
V 95.500 55.000 0.093 0.500363 0.485810
V 96.000 55.000 0.093 0.500592 0.485808
V 96.000 54.500 0.093 0.500590 0.485578
V 95.500 56.000 0.093 0.500366 0.486271
V 96.000 56.000 0.093 0.500596 0.486269
V 96.000 55.500 0.093 0.500594 0.486039
V 95.500 57.000 0.093 0.500370 0.486732
V 96.000 57.000 0.093 0.500600 0.486730
V 96.000 56.500 0.093 0.500598 0.486499
V 95.500 58.000 0.093 0.500374 0.487193
V 96.000 58.000 0.093 0.500603 0.487191
V 96.000 57.500 0.093 0.500601 0.486960
V 95.500 59.000 0.093 0.500377 0.487653
V 96.000 59.000 0.093 0.500607 0.487652
V 96.000 58.500 0.093 0.500605 0.487421
V 95.500 60.000 0.093 0.500381 0.488114
V 96.000 60.000 0.093 0.500611 0.488112
V 96.000 59.500 0.093 0.500609 0.487882
V 95.500 61.000 0.093 0.500385 0.488575
V 96.000 61.000 0.093 0.500614 0.488573
V 96.000 60.500 0.093 0.500612 0.488343
V 96.000 61.317 0.093 0.500615 0.488719
V 95.333 61.594 0.093 0.500311 0.488849
V 95.667 61.614 0.093 0.500464 0.488858
V 96.000 61.635 0.093 0.500617 0.488866
V 96.500 54.000 0.093 0.500818 0.485345
V 97.000 54.000 0.093 0.501047 0.485344
V 97.000 53.569 0.093 0.501046 0.485145
V 97.000 53.139 0.093 0.501044 0.484947
V 96.667 53.118 0.093 0.500891 0.484939
V 96.333 53.098 0.093 0.500738 0.484930
V 96.500 55.000 0.093 0.500822 0.485806
V 97.000 55.000 0.093 0.501051 0.485804
V 97.000 54.500 0.093 0.501049 0.485574
V 96.500 56.000 0.093 0.500825 0.486267
V 97.000 56.000 0.093 0.501055 0.486265
V 97.000 55.500 0.093 0.501053 0.486035
V 96.500 57.000 0.093 0.500829 0.486728
V 97.000 57.000 0.093 0.501058 0.486726
V 97.000 56.500 0.093 0.501057 0.486496
V 96.500 58.000 0.093 0.500833 0.487189
V 97.000 58.000 0.093 0.501062 0.487187
V 97.000 57.500 0.093 0.501060 0.486957
V 96.500 59.000 0.093 0.500836 0.487650
V 97.000 59.000 0.093 0.501066 0.487648
V 97.000 58.500 0.093 0.501064 0.487417
V 96.500 60.000 0.093 0.500840 0.488110
V 97.000 60.000 0.093 0.501070 0.488109
V 97.000 59.500 0.093 0.501068 0.487878
V 96.500 61.000 0.093 0.500844 0.488571
V 97.000 61.000 0.093 0.501073 0.488569
V 97.000 60.500 0.093 0.501071 0.488339
V 97.000 61.348 0.093 0.501074 0.488730
V 96.333 61.655 0.093 0.500770 0.488874
V 96.667 61.675 0.093 0.500923 0.488882
V 97.000 61.696 0.093 0.501076 0.488890
V 97.500 54.000 0.093 0.501277 0.485342
V 98.000 54.000 0.093 0.501506 0.485340
V 98.000 53.600 0.093 0.501505 0.485155
V 98.000 53.200 0.093 0.501503 0.484971
V 97.667 53.179 0.093 0.501350 0.484963
V 97.333 53.159 0.093 0.501197 0.484955
V 97.500 55.000 0.093 0.501280 0.485803
V 98.000 55.000 0.093 0.501510 0.485801
V 98.000 54.500 0.093 0.501508 0.485570
V 97.500 56.000 0.093 0.501284 0.486263
V 98.000 56.000 0.093 0.501514 0.486262
V 98.000 55.500 0.093 0.501512 0.486031
V 97.500 57.000 0.093 0.501288 0.486724
V 98.000 57.000 0.093 0.501517 0.486722
V 98.000 56.500 0.093 0.501515 0.486492
V 97.500 58.000 0.093 0.501292 0.487185
V 98.000 58.000 0.093 0.501521 0.487183
V 98.000 57.500 0.093 0.501519 0.486953
V 97.500 59.000 0.093 0.501295 0.487646
V 98.000 59.000 0.093 0.501525 0.487644
V 98.000 58.500 0.093 0.501523 0.487414
V 97.500 60.000 0.093 0.501299 0.488107
V 98.000 60.000 0.093 0.501528 0.488105
V 98.000 59.500 0.093 0.501527 0.487875
V 97.500 61.000 0.093 0.501303 0.488568
V 98.000 61.000 0.093 0.501532 0.488566
V 98.000 60.500 0.093 0.501530 0.488335
V 98.000 61.378 0.093 0.501534 0.488740
V 97.333 61.716 0.093 0.501229 0.488898
V 97.667 61.736 0.093 0.501382 0.488906
V 98.000 61.757 0.093 0.501535 0.488914
V 98.500 54.000 0.093 0.501736 0.485338
V 99.000 54.000 0.093 0.501965 0.485336
V 99.000 53.630 0.093 0.501964 0.485166
V 99.000 53.261 0.093 0.501962 0.484995
V 98.667 53.240 0.093 0.501809 0.484987
V 98.333 53.220 0.093 0.501656 0.484979
V 98.500 55.000 0.093 0.501739 0.485799
V 99.000 55.000 0.093 0.501969 0.485797
V 99.000 54.500 0.093 0.501967 0.485567
V 98.500 56.000 0.093 0.501743 0.486260
V 99.000 56.000 0.093 0.501973 0.486258
V 99.000 55.500 0.093 0.501971 0.486027
V 98.500 57.000 0.093 0.501747 0.486721
V 99.000 57.000 0.093 0.501976 0.486719
V 99.000 56.500 0.093 0.501974 0.486488
V 98.500 58.000 0.093 0.501750 0.487181
V 99.000 58.000 0.093 0.501980 0.487180
V 99.000 57.500 0.093 0.501978 0.486949
V 98.500 59.000 0.093 0.501754 0.487642
V 99.000 59.000 0.093 0.501984 0.487640
V 99.000 58.500 0.093 0.501982 0.487410
V 98.500 60.000 0.093 0.501758 0.488103
V 99.000 60.000 0.093 0.501987 0.488101
V 99.000 59.500 0.093 0.501985 0.487871
V 98.500 61.000 0.093 0.501762 0.488564
V 99.000 61.000 0.093 0.501991 0.488562
V 99.000 60.500 0.093 0.501989 0.488332
V 99.000 61.409 0.093 0.501993 0.488750
V 98.333 61.777 0.093 0.501688 0.488923
V 98.667 61.797 0.093 0.501841 0.488931
V 99.000 61.818 0.093 0.501994 0.488939
V 99.500 54.000 0.093 0.502195 0.485334
V 100.000 54.000 0.093 0.502424 0.485332
V 100.000 53.661 0.093 0.502423 0.485176
V 100.000 53.322 0.093 0.502422 0.485020
V 99.667 53.301 0.093 0.502269 0.485012
V 99.333 53.281 0.093 0.502115 0.485004
V 99.500 55.000 0.093 0.502198 0.485795
V 100.000 55.000 0.093 0.502428 0.485793
V 100.000 54.500 0.093 0.502426 0.485563
V 99.500 56.000 0.093 0.502202 0.486256
V 100.000 56.000 0.093 0.502431 0.486254
V 100.000 55.500 0.093 0.502430 0.486024
V 99.500 57.000 0.093 0.502206 0.486717
V 100.000 57.000 0.093 0.502435 0.486715
V 100.000 56.500 0.093 0.502433 0.486485
V 99.500 58.000 0.093 0.502209 0.487178
V 100.000 58.000 0.093 0.502439 0.487176
V 100.000 57.500 0.093 0.502437 0.486945
V 99.500 59.000 0.093 0.502213 0.487639
V 100.000 59.000 0.093 0.502443 0.487637
V 100.000 58.500 0.093 0.502441 0.487406
V 99.500 60.000 0.093 0.502217 0.488099
V 100.000 60.000 0.093 0.502446 0.488097
V 100.000 59.500 0.093 0.502444 0.487867
V 99.500 61.000 0.093 0.502220 0.488560
V 100.000 61.000 0.093 0.502450 0.488558
V 100.000 60.500 0.093 0.502448 0.488328
V 100.000 61.439 0.093 0.502452 0.488761
V 99.333 61.838 0.093 0.502147 0.488947
V 99.667 61.858 0.093 0.502300 0.488955
V 100.000 61.879 0.093 0.502453 0.488963
V 100.500 54.000 0.093 0.502654 0.485331
V 101.000 54.000 0.093 0.502883 0.485329
V 101.000 53.691 0.093 0.502882 0.485187
V 101.000 53.383 0.093 0.502881 0.485044
V 100.667 53.363 0.093 0.502728 0.485036
V 100.333 53.342 0.093 0.502575 0.485028
V 100.500 55.000 0.093 0.502657 0.485791
V 101.000 55.000 0.093 0.502887 0.485790
V 101.000 54.500 0.093 0.502885 0.485559
V 100.500 56.000 0.093 0.502661 0.486252
V 101.000 56.000 0.093 0.502890 0.486250
V 101.000 55.500 0.093 0.502889 0.486020
V 100.500 57.000 0.093 0.502665 0.486713
V 101.000 57.000 0.093 0.502894 0.486711
V 101.000 56.500 0.093 0.502892 0.486481
V 100.500 58.000 0.093 0.502668 0.487174
V 101.000 58.000 0.093 0.502898 0.487172
V 101.000 57.500 0.093 0.502896 0.486942
V 100.500 59.000 0.093 0.502672 0.487635
V 101.000 59.000 0.093 0.502901 0.487633
V 101.000 58.500 0.093 0.502900 0.487403
V 100.500 60.000 0.093 0.502676 0.488096
V 101.000 60.000 0.093 0.502905 0.488094
V 101.000 59.500 0.093 0.502903 0.487863
V 100.500 61.000 0.093 0.502679 0.488556
V 101.000 61.000 0.093 0.502909 0.488555
V 101.000 60.500 0.093 0.502907 0.488324
V 101.000 61.470 0.093 0.502911 0.488771
V 100.333 61.899 0.093 0.502606 0.488971
V 100.667 61.919 0.093 0.502759 0.488980
V 101.000 61.940 0.093 0.502912 0.488988
V 101.500 54.000 0.093 0.503112 0.485327
V 102.000 54.000 0.093 0.503342 0.485325
V 102.000 53.722 0.093 0.503341 0.485197
V 102.000 53.444 0.093 0.503340 0.485069
V 101.667 53.424 0.093 0.503187 0.485061
V 101.333 53.403 0.093 0.503034 0.485052
V 101.500 55.000 0.093 0.503116 0.485788
V 102.000 55.000 0.093 0.503346 0.485786
V 102.000 54.500 0.093 0.503344 0.485555
V 101.500 56.000 0.093 0.503120 0.486249
V 102.000 56.000 0.093 0.503349 0.486247
V 102.000 55.500 0.093 0.503347 0.486016
V 101.500 57.000 0.093 0.503124 0.486709
V 102.000 57.000 0.093 0.503353 0.486708
V 102.000 56.500 0.093 0.503351 0.486477
V 101.500 58.000 0.093 0.503127 0.487170
V 102.000 58.000 0.093 0.503357 0.487168
V 102.000 57.500 0.093 0.503355 0.486938
V 101.500 59.000 0.093 0.503131 0.487631
V 102.000 59.000 0.093 0.503360 0.487629
V 102.000 58.500 0.093 0.503359 0.487399
V 101.500 60.000 0.093 0.503135 0.488092
V 102.000 60.000 0.093 0.503364 0.488090
V 102.000 59.500 0.093 0.503362 0.487860
V 101.500 61.000 0.093 0.503138 0.488553
V 102.000 61.000 0.093 0.503368 0.488551
V 102.000 60.500 0.093 0.503366 0.488320
V 101.986 62.000 0.093 0.503365 0.489012
V 102.000 62.000 0.093 0.503371 0.489012
V 102.000 61.500 0.093 0.503370 0.488781
V 101.493 61.970 0.093 0.503139 0.489000
V 102.000 62.001 0.093 0.503371 0.489012
V 102.500 54.000 0.093 0.503571 0.485323
V 102.667 53.485 0.093 0.503646 0.485085
V 103.000 54.000 0.093 0.503801 0.485321
V 103.000 53.505 0.093 0.503799 0.485093
V 102.333 53.464 0.093 0.503493 0.485077
V 102.500 55.000 0.093 0.503575 0.485784
V 103.000 55.000 0.093 0.503804 0.485782
V 103.000 54.500 0.093 0.503803 0.485552
V 102.500 56.000 0.093 0.503579 0.486245
V 103.000 56.000 0.093 0.503808 0.486243
V 103.000 55.500 0.093 0.503806 0.486013
V 102.500 57.000 0.093 0.503582 0.486706
V 103.000 57.000 0.093 0.503812 0.486704
V 103.000 56.500 0.093 0.503810 0.486473
V 102.500 58.000 0.093 0.503586 0.487167
V 103.000 58.000 0.093 0.503816 0.487165
V 103.000 57.500 0.093 0.503814 0.486934
V 102.500 59.000 0.093 0.503590 0.487627
V 103.000 59.000 0.093 0.503819 0.487626
V 103.000 58.500 0.093 0.503817 0.487395
V 102.500 60.000 0.093 0.503594 0.488088
V 103.000 60.000 0.093 0.503823 0.488086
V 103.000 59.500 0.093 0.503821 0.487856
V 102.500 61.000 0.093 0.503597 0.488549
V 103.000 61.000 0.093 0.503827 0.488547
V 103.000 60.500 0.093 0.503825 0.488317
V 102.500 62.000 0.093 0.503601 0.489010
V 103.000 62.000 0.093 0.503830 0.489008
V 103.000 61.500 0.093 0.503829 0.488778
V 102.667 62.042 0.093 0.503678 0.489028
V 102.333 62.021 0.093 0.503524 0.489020
V 103.000 62.062 0.093 0.503831 0.489037
V 103.333 53.525 0.093 0.503952 0.485101
V 103.500 54.000 0.093 0.504030 0.485319
V 103.667 53.546 0.093 0.504105 0.485109
V 104.000 54.000 0.093 0.504260 0.485318
V 104.000 53.566 0.093 0.504258 0.485118
V 103.500 55.000 0.093 0.504034 0.485780
V 104.000 55.000 0.093 0.504263 0.485778
V 104.000 54.500 0.093 0.504262 0.485548
V 103.500 56.000 0.093 0.504038 0.486241
V 104.000 56.000 0.093 0.504267 0.486239
V 104.000 55.500 0.093 0.504265 0.486009
V 103.500 57.000 0.093 0.504041 0.486702
V 104.000 57.000 0.093 0.504271 0.486700
V 104.000 56.500 0.093 0.504269 0.486470
V 103.500 58.000 0.093 0.504045 0.487163
V 104.000 58.000 0.093 0.504274 0.487161
V 104.000 57.500 0.093 0.504273 0.486931
V 103.500 59.000 0.093 0.504049 0.487624
V 104.000 59.000 0.093 0.504278 0.487622
V 104.000 58.500 0.093 0.504276 0.487391
V 103.500 60.000 0.093 0.504052 0.488085
V 104.000 60.000 0.093 0.504282 0.488083
V 104.000 59.500 0.093 0.504280 0.487852
V 103.500 61.000 0.093 0.504056 0.488545
V 104.000 61.000 0.093 0.504286 0.488543
V 104.000 60.500 0.093 0.504284 0.488313
V 103.500 62.000 0.093 0.504060 0.489006
V 104.000 62.000 0.093 0.504289 0.489004
V 104.000 61.500 0.093 0.504287 0.488774
V 103.667 62.103 0.093 0.504137 0.489053
V 103.333 62.082 0.093 0.503984 0.489045
V 104.000 62.123 0.093 0.504290 0.489061
V 104.333 53.586 0.093 0.504411 0.485126
V 104.500 54.000 0.093 0.504489 0.485316
V 104.667 53.607 0.093 0.504564 0.485134
V 105.000 54.000 0.093 0.504719 0.485314
V 105.000 53.627 0.093 0.504717 0.485142
V 104.500 55.000 0.093 0.504493 0.485777
V 105.000 55.000 0.093 0.504722 0.485775
V 105.000 54.500 0.093 0.504720 0.485544
V 104.500 56.000 0.093 0.504497 0.486237
V 105.000 56.000 0.093 0.504726 0.486236
V 105.000 55.500 0.093 0.504724 0.486005
V 104.500 57.000 0.093 0.504500 0.486698
V 105.000 57.000 0.093 0.504730 0.486696
V 105.000 56.500 0.093 0.504728 0.486466
V 104.500 58.000 0.093 0.504504 0.487159
V 105.000 58.000 0.093 0.504733 0.487157
V 105.000 57.500 0.093 0.504732 0.486927
V 104.500 59.000 0.093 0.504508 0.487620
V 105.000 59.000 0.093 0.504737 0.487618
V 105.000 58.500 0.093 0.504735 0.487388
V 104.500 60.000 0.093 0.504511 0.488081
V 105.000 60.000 0.093 0.504741 0.488079
V 105.000 59.500 0.093 0.504739 0.487849
V 104.500 61.000 0.093 0.504515 0.488542
V 105.000 61.000 0.093 0.504744 0.488540
V 105.000 60.500 0.093 0.504743 0.488309
V 104.500 62.000 0.093 0.504519 0.489002
V 105.000 62.000 0.093 0.504748 0.489001
V 105.000 61.500 0.093 0.504746 0.488770
V 104.667 62.164 0.093 0.504596 0.489077
V 104.333 62.143 0.093 0.504443 0.489069
V 105.000 62.184 0.093 0.504749 0.489085
V 105.333 53.647 0.093 0.504870 0.485150
V 105.500 54.000 0.093 0.504948 0.485312
V 105.667 53.668 0.093 0.505023 0.485158
V 106.000 54.000 0.093 0.505178 0.485310
V 106.000 53.688 0.093 0.505176 0.485166
V 105.500 55.000 0.093 0.504952 0.485773
V 106.000 55.000 0.093 0.505181 0.485771
V 106.000 54.500 0.093 0.505179 0.485541
V 105.500 56.000 0.093 0.504955 0.486234
V 106.000 56.000 0.093 0.505185 0.486232
V 106.000 55.500 0.093 0.505183 0.486001
V 105.500 57.000 0.093 0.504959 0.486695
V 106.000 57.000 0.093 0.505189 0.486693
V 106.000 56.500 0.093 0.505187 0.486462
V 105.500 58.000 0.093 0.504963 0.487155
V 106.000 58.000 0.093 0.505192 0.487154
V 106.000 57.500 0.093 0.505190 0.486923
V 105.500 59.000 0.093 0.504967 0.487616
V 106.000 59.000 0.093 0.505196 0.487614
V 106.000 58.500 0.093 0.505194 0.487384
V 105.500 60.000 0.093 0.504970 0.488077
V 106.000 60.000 0.093 0.505200 0.488075
V 106.000 59.500 0.093 0.505198 0.487845
V 105.500 61.000 0.093 0.504974 0.488538
V 106.000 61.000 0.093 0.505203 0.488536
V 106.000 60.500 0.093 0.505202 0.488306
V 105.500 62.000 0.093 0.504978 0.488999
V 106.000 62.000 0.093 0.505207 0.488997
V 106.000 61.500 0.093 0.505205 0.488766
V 105.667 62.225 0.093 0.505055 0.489102
V 105.333 62.204 0.093 0.504902 0.489094
V 106.000 62.245 0.093 0.505208 0.489110
V 106.333 53.708 0.093 0.505329 0.485175
V 106.500 54.000 0.093 0.505407 0.485308
V 106.667 53.729 0.093 0.505482 0.485183
V 107.000 54.000 0.093 0.505636 0.485306
V 107.000 53.749 0.093 0.505636 0.485191
V 106.500 55.000 0.093 0.505411 0.485769
V 107.000 55.000 0.093 0.505640 0.485767
V 107.000 54.500 0.093 0.505638 0.485537
V 106.500 56.000 0.093 0.505414 0.486230
V 107.000 56.000 0.093 0.505644 0.486228
V 107.000 55.500 0.093 0.505642 0.485998
V 106.500 57.000 0.093 0.505418 0.486691
V 107.000 57.000 0.093 0.505648 0.486689
V 107.000 56.500 0.093 0.505646 0.486459
V 106.500 58.000 0.093 0.505422 0.487152
V 107.000 58.000 0.093 0.505651 0.487150
V 107.000 57.500 0.093 0.505649 0.486919
V 106.500 59.000 0.093 0.505425 0.487613
V 107.000 59.000 0.093 0.505655 0.487611
V 107.000 58.500 0.093 0.505653 0.487380
V 106.500 60.000 0.093 0.505429 0.488073
V 107.000 60.000 0.093 0.505659 0.488072
V 107.000 59.500 0.093 0.505657 0.487841
V 106.500 61.000 0.093 0.505433 0.488534
V 107.000 61.000 0.093 0.505662 0.488532
V 107.000 60.500 0.093 0.505660 0.488302
V 106.500 62.000 0.093 0.505437 0.488995
V 107.000 62.000 0.093 0.505666 0.488993
V 107.000 61.500 0.093 0.505664 0.488763
V 106.667 62.286 0.093 0.505514 0.489126
V 106.333 62.265 0.093 0.505361 0.489118
V 107.000 62.306 0.093 0.505667 0.489134
V 107.333 53.769 0.093 0.505789 0.485199
V 107.500 54.000 0.093 0.505866 0.485305
V 107.667 53.790 0.093 0.505942 0.485207
V 108.000 54.000 0.093 0.506095 0.485303
V 108.000 53.810 0.093 0.506095 0.485215
V 107.500 55.000 0.093 0.505870 0.485765
V 108.000 55.000 0.093 0.506099 0.485764
V 108.000 54.500 0.093 0.506097 0.485533
V 107.500 56.000 0.093 0.505873 0.486226
V 108.000 56.000 0.093 0.506103 0.486224
V 108.000 55.500 0.093 0.506101 0.485994
V 107.500 57.000 0.093 0.505877 0.486687
V 108.000 57.000 0.093 0.506106 0.486685
V 108.000 56.500 0.093 0.506105 0.486455
V 107.500 58.000 0.093 0.505881 0.487148
V 108.000 58.000 0.093 0.506110 0.487146
V 108.000 57.500 0.093 0.506108 0.486916
V 107.500 59.000 0.093 0.505884 0.487609
V 108.000 59.000 0.093 0.506114 0.487607
V 108.000 58.500 0.093 0.506112 0.487377
V 107.500 60.000 0.093 0.505888 0.488070
V 108.000 60.000 0.093 0.506118 0.488068
V 108.000 59.500 0.093 0.506116 0.487837
V 107.500 61.000 0.093 0.505892 0.488530
V 108.000 61.000 0.093 0.506121 0.488529
V 108.000 60.500 0.093 0.506119 0.488298
V 107.500 62.000 0.093 0.505895 0.488991
V 108.000 62.000 0.093 0.506125 0.488989
V 108.000 61.500 0.093 0.506123 0.488759
V 107.667 62.347 0.093 0.505973 0.489151
V 107.333 62.326 0.093 0.505820 0.489142
V 108.000 62.367 0.093 0.506126 0.489159
V 108.333 53.830 0.093 0.506248 0.485223
V 108.500 54.000 0.093 0.506325 0.485301
V 108.667 53.851 0.093 0.506401 0.485232
V 109.000 54.000 0.093 0.506554 0.485299
V 109.000 53.871 0.093 0.506554 0.485240
V 108.500 55.000 0.093 0.506328 0.485762
V 109.000 55.000 0.093 0.506558 0.485760
V 109.000 54.500 0.093 0.506556 0.485529
V 108.500 56.000 0.093 0.506332 0.486223
V 109.000 56.000 0.093 0.506562 0.486221
V 109.000 55.500 0.093 0.506560 0.485990
V 108.500 57.000 0.093 0.506336 0.486683
V 109.000 57.000 0.093 0.506565 0.486682
V 109.000 56.500 0.093 0.506563 0.486451
V 108.500 58.000 0.093 0.506340 0.487144
V 109.000 58.000 0.093 0.506569 0.487142
V 109.000 57.500 0.093 0.506567 0.486912
V 108.500 59.000 0.093 0.506343 0.487605
V 109.000 59.000 0.093 0.506573 0.487603
V 109.000 58.500 0.093 0.506571 0.487373
V 108.500 60.000 0.093 0.506347 0.488066
V 109.000 60.000 0.093 0.506576 0.488064
V 109.000 59.500 0.093 0.506575 0.487834
V 108.500 61.000 0.093 0.506351 0.488527
V 109.000 61.000 0.093 0.506580 0.488525
V 109.000 60.500 0.093 0.506578 0.488295
V 108.500 62.000 0.093 0.506354 0.488988
V 109.000 62.000 0.093 0.506584 0.488986
V 109.000 61.500 0.093 0.506582 0.488755
V 108.667 62.408 0.093 0.506432 0.489175
V 108.333 62.387 0.093 0.506279 0.489167
V 109.000 62.428 0.093 0.506585 0.489183
V 109.333 53.892 0.093 0.506707 0.485248
V 109.500 54.000 0.093 0.506784 0.485297
V 109.667 53.912 0.093 0.506860 0.485256
V 110.000 54.000 0.093 0.507013 0.485295
V 110.000 53.932 0.093 0.507013 0.485264
V 109.500 55.000 0.093 0.506787 0.485758
V 110.000 55.000 0.093 0.507017 0.485756
V 110.000 54.500 0.093 0.507015 0.485526
V 109.500 56.000 0.093 0.506791 0.486219
V 110.000 56.000 0.093 0.507021 0.486217
V 110.000 55.500 0.093 0.507019 0.485987
V 109.500 57.000 0.093 0.506795 0.486680
V 110.000 57.000 0.093 0.507024 0.486678
V 110.000 56.500 0.093 0.507022 0.486447
V 109.500 58.000 0.093 0.506798 0.487141
V 110.000 58.000 0.093 0.507028 0.487139
V 110.000 57.500 0.093 0.507026 0.486908
V 109.500 59.000 0.093 0.506802 0.487601
V 110.000 59.000 0.093 0.507032 0.487600
V 110.000 58.500 0.093 0.507030 0.487369
V 109.500 60.000 0.093 0.506806 0.488062
V 110.000 60.000 0.093 0.507035 0.488060
V 110.000 59.500 0.093 0.507033 0.487830
V 109.500 61.000 0.093 0.506810 0.488523
V 110.000 61.000 0.093 0.507039 0.488521
V 110.000 60.500 0.093 0.507037 0.488291
V 109.500 62.000 0.093 0.506813 0.488984
V 110.000 62.000 0.093 0.507043 0.488982
V 110.000 61.500 0.093 0.507041 0.488752
V 109.667 62.469 0.093 0.506891 0.489199
V 109.333 62.448 0.093 0.506738 0.489191
V 110.000 62.489 0.093 0.507045 0.489207
V 110.333 53.953 0.093 0.507166 0.485272
V 110.500 54.000 0.093 0.507243 0.485293
V 110.667 53.973 0.093 0.507319 0.485280
V 111.000 54.000 0.093 0.507472 0.485292
V 111.000 53.993 0.093 0.507472 0.485288
V 110.500 55.000 0.093 0.507246 0.485754
V 111.000 55.000 0.093 0.507476 0.485752
V 111.000 54.500 0.093 0.507474 0.485522
V 110.500 56.000 0.093 0.507250 0.486215
V 111.000 56.000 0.093 0.507479 0.486213
V 111.000 55.500 0.093 0.507478 0.485983
V 110.500 57.000 0.093 0.507254 0.486676
V 111.000 57.000 0.093 0.507483 0.486674
V 111.000 56.500 0.093 0.507481 0.486444
V 110.500 58.000 0.093 0.507257 0.487137
V 111.000 58.000 0.093 0.507487 0.487135
V 111.000 57.500 0.093 0.507485 0.486905
V 110.500 59.000 0.093 0.507261 0.487598
V 111.000 59.000 0.093 0.507491 0.487596
V 111.000 58.500 0.093 0.507489 0.487365
V 110.500 60.000 0.093 0.507265 0.488059
V 111.000 60.000 0.093 0.507494 0.488057
V 111.000 59.500 0.093 0.507492 0.487826
V 110.500 61.000 0.093 0.507268 0.488519
V 111.000 61.000 0.093 0.507498 0.488518
V 111.000 60.500 0.093 0.507496 0.488287
V 110.500 62.000 0.093 0.507272 0.488980
V 111.000 62.000 0.093 0.507502 0.488978
V 111.000 61.500 0.093 0.507500 0.488748
V 111.000 62.275 0.093 0.507503 0.489105
V 110.333 62.509 0.093 0.507198 0.489216
V 110.667 62.530 0.093 0.507351 0.489224
V 111.000 62.550 0.093 0.507504 0.489232
V 111.110 54.000 0.093 0.507523 0.485291
V 111.500 55.000 0.093 0.507705 0.485751
V 112.000 55.000 0.093 0.507935 0.485749
V 112.000 54.527 0.093 0.507933 0.485531
V 112.000 54.054 0.093 0.507931 0.485313
V 111.555 54.027 0.093 0.507727 0.485302
V 111.500 56.000 0.093 0.507709 0.486211
V 112.000 56.000 0.093 0.507938 0.486210
V 112.000 55.500 0.093 0.507937 0.485979
V 111.500 57.000 0.093 0.507713 0.486672
V 112.000 57.000 0.093 0.507942 0.486670
V 112.000 56.500 0.093 0.507940 0.486440
V 111.500 58.000 0.093 0.507716 0.487133
V 112.000 58.000 0.093 0.507946 0.487131
V 112.000 57.500 0.093 0.507944 0.486901
V 111.500 59.000 0.093 0.507720 0.487594
V 112.000 59.000 0.093 0.507949 0.487592
V 112.000 58.500 0.093 0.507948 0.487362
V 111.500 60.000 0.093 0.507724 0.488055
V 112.000 60.000 0.093 0.507953 0.488053
V 112.000 59.500 0.093 0.507951 0.487823
V 111.500 61.000 0.093 0.507727 0.488516
V 112.000 61.000 0.093 0.507957 0.488514
V 112.000 60.500 0.093 0.507955 0.488283
V 111.500 62.000 0.093 0.507731 0.488976
V 112.000 62.000 0.093 0.507961 0.488975
V 112.000 61.500 0.093 0.507959 0.488744
V 112.000 62.306 0.093 0.507962 0.489115
V 111.333 62.571 0.093 0.507657 0.489240
V 111.667 62.591 0.093 0.507810 0.489248
V 112.000 62.611 0.093 0.507963 0.489256
V 112.500 55.000 0.093 0.508164 0.485747
V 113.000 55.000 0.093 0.508394 0.485745
V 113.000 54.558 0.093 0.508392 0.485541
V 113.000 54.115 0.093 0.508390 0.485337
V 112.667 54.095 0.093 0.508237 0.485329
V 112.333 54.075 0.093 0.508084 0.485321
V 112.500 56.000 0.093 0.508168 0.486208
V 113.000 56.000 0.093 0.508397 0.486206
V 113.000 55.500 0.093 0.508395 0.485975
V 112.500 57.000 0.093 0.508172 0.486669
V 113.000 57.000 0.093 0.508401 0.486667
V 113.000 56.500 0.093 0.508399 0.486436
V 112.500 58.000 0.093 0.508175 0.487129
V 113.000 58.000 0.093 0.508405 0.487128
V 113.000 57.500 0.093 0.508403 0.486897
V 112.500 59.000 0.093 0.508179 0.487590
V 113.000 59.000 0.093 0.508408 0.487588
V 113.000 58.500 0.093 0.508407 0.487358
V 112.500 60.000 0.093 0.508183 0.488051
V 113.000 60.000 0.093 0.508412 0.488049
V 113.000 59.500 0.093 0.508410 0.487819
V 112.500 61.000 0.093 0.508186 0.488512
V 113.000 61.000 0.093 0.508416 0.488510
V 113.000 60.500 0.093 0.508414 0.488280
V 112.500 62.000 0.093 0.508190 0.488973
V 113.000 62.000 0.093 0.508419 0.488971
V 113.000 61.500 0.093 0.508418 0.488741
V 113.000 62.336 0.093 0.508421 0.489126
V 112.333 62.632 0.093 0.508116 0.489264
V 112.667 62.652 0.093 0.508269 0.489273
V 113.000 62.672 0.093 0.508422 0.489281
V 113.474 54.144 0.093 0.508608 0.485349
V 113.448 55.000 0.093 0.508599 0.485743
V 113.897 55.000 0.093 0.508805 0.485742
V 113.922 54.587 0.093 0.508815 0.485551
V 113.947 54.173 0.093 0.508825 0.485360
V 113.418 56.000 0.093 0.508589 0.486204
V 113.835 56.000 0.093 0.508781 0.486203
V 113.856 55.667 0.093 0.508789 0.486049
V 113.876 55.333 0.093 0.508797 0.485895
V 113.387 57.000 0.093 0.508579 0.486665
V 113.774 57.000 0.093 0.508756 0.486664
V 113.795 56.667 0.093 0.508764 0.486510
V 113.815 56.333 0.093 0.508773 0.486356
V 113.751 57.379 0.093 0.508747 0.486839
V 113.500 58.000 0.093 0.508634 0.487126
V 113.728 57.758 0.093 0.508738 0.487013
V 114.000 58.000 0.093 0.508864 0.487124
V 114.000 57.775 0.093 0.508863 0.487020
V 113.500 59.000 0.093 0.508638 0.487587
V 114.000 59.000 0.093 0.508867 0.487585
V 114.000 58.500 0.093 0.508865 0.487354
V 113.500 60.000 0.093 0.508642 0.488047
V 114.000 60.000 0.093 0.508871 0.488046
V 114.000 59.500 0.093 0.508869 0.487815
V 113.500 61.000 0.093 0.508645 0.488508
V 114.000 61.000 0.093 0.508875 0.488506
V 114.000 60.500 0.093 0.508873 0.488276
V 113.500 62.000 0.093 0.508649 0.488969
V 114.000 62.000 0.093 0.508878 0.488967
V 114.000 61.500 0.093 0.508877 0.488737
V 114.000 62.367 0.093 0.508880 0.489136
V 113.333 62.693 0.093 0.508575 0.489289
V 113.667 62.713 0.093 0.508728 0.489297
V 114.000 62.733 0.093 0.508881 0.489305
V 114.353 58.000 0.093 0.509025 0.487123
V 114.365 57.797 0.093 0.509030 0.487029
V 114.332 58.333 0.093 0.509017 0.487276
V 114.312 58.667 0.093 0.509009 0.487430
V 114.291 59.000 0.093 0.509001 0.487584
V 114.271 59.333 0.093 0.508993 0.487737
V 114.251 59.667 0.093 0.508985 0.487891
V 114.230 60.000 0.093 0.508977 0.488045
V 114.230 60.007 0.093 0.508977 0.488048
V 114.183 60.769 0.093 0.508958 0.488399
V 114.169 61.000 0.093 0.508952 0.488506
V 114.207 60.388 0.093 0.508967 0.488223
V 114.149 61.333 0.093 0.508944 0.488659
V 114.128 61.667 0.093 0.508936 0.488813
V 114.108 62.000 0.093 0.508928 0.488967
V 114.086 62.369 0.093 0.508919 0.489137
V 114.063 62.737 0.093 0.508910 0.489307
V 102.333 62.058 0.043 0.503525 0.489037
V 102.000 62.038 0.043 0.503372 0.489029
V 102.667 62.078 0.043 0.503678 0.489045
V 103.000 62.098 0.043 0.503831 0.489053
V 103.333 62.118 0.043 0.503984 0.489061
V 104.000 62.159 0.043 0.504290 0.489077
V 103.667 62.138 0.043 0.504137 0.489069
V 104.333 62.179 0.043 0.504443 0.489085
V 105.000 62.219 0.043 0.504749 0.489102
V 104.667 62.199 0.043 0.504596 0.489094
V 105.333 62.239 0.043 0.504902 0.489110
V 106.000 62.279 0.043 0.505208 0.489126
V 105.667 62.259 0.043 0.505055 0.489118
V 106.333 62.300 0.043 0.505361 0.489134
V 107.000 62.340 0.043 0.505667 0.489150
V 106.667 62.320 0.043 0.505514 0.489142
V 107.333 62.360 0.043 0.505820 0.489158
V 108.000 62.400 0.043 0.506126 0.489174
V 107.667 62.380 0.043 0.505973 0.489166
V 108.333 62.420 0.043 0.506279 0.489182
V 109.000 62.461 0.043 0.506586 0.489198
V 108.667 62.441 0.043 0.506432 0.489190
V 109.333 62.481 0.043 0.506739 0.489206
V 110.000 62.521 0.043 0.507045 0.489222
V 109.667 62.501 0.043 0.506892 0.489214
V 110.333 62.541 0.043 0.507198 0.489230
V 110.667 62.561 0.043 0.507351 0.489238
V 111.000 62.582 0.043 0.507504 0.489246
V 111.333 62.602 0.043 0.507657 0.489254
V 112.000 62.642 0.043 0.507963 0.489271
V 111.667 62.622 0.043 0.507810 0.489262
V 112.333 62.662 0.043 0.508116 0.489279
V 113.000 62.702 0.043 0.508422 0.489295
V 112.667 62.682 0.043 0.508269 0.489287
V 113.333 62.723 0.043 0.508575 0.489303
V 114.000 62.763 0.043 0.508881 0.489319
V 113.667 62.743 0.043 0.508728 0.489311
V 72.311 60.224 0.564 0.489740 0.488303
V 72.324 60.000 2.341 0.489746 0.488200
V 72.310 60.229 2.341 0.489740 0.488306
V 72.310 60.230 2.341 0.489740 0.488306
V 72.318 60.239 2.340 0.489744 0.488311
V 72.316 60.239 2.340 0.489743 0.488310
V 72.311 60.232 2.341 0.489740 0.488307
V 72.312 60.235 2.340 0.489741 0.488309
V 72.310 60.231 2.341 0.489740 0.488307
V 72.311 60.233 2.340 0.489740 0.488308
V 72.312 60.234 2.340 0.489741 0.488308
V 72.313 60.236 2.340 0.489741 0.488309
V 72.315 60.238 2.340 0.489742 0.488310
V 72.313 60.237 2.340 0.489741 0.488309
V 72.314 60.237 2.340 0.489742 0.488310
V 72.316 60.238 2.340 0.489742 0.488310
V 72.317 60.239 2.340 0.489743 0.488311
V 72.320 60.240 2.339 0.489744 0.488311
V 72.325 60.240 2.339 0.489747 0.488311
V 72.319 60.240 2.339 0.489744 0.488311
V 72.364 51.443 2.493 0.489732 0.484257
V 71.979 51.139 2.493 0.489554 0.484118
V 71.979 51.139 1.427 0.489554 0.484118
V 72.364 51.443 1.427 0.489732 0.484257
V 71.979 51.139 2.493 0.489554 0.484118
V 71.594 50.834 2.493 0.489376 0.483979
V 71.594 50.834 1.496 0.489376 0.483979
V 71.979 51.139 1.496 0.489554 0.484118
V 71.594 50.834 2.493 0.489376 0.483979
V 71.209 50.530 2.493 0.489199 0.483840
V 71.209 50.530 1.556 0.489199 0.483840
V 71.594 50.834 1.556 0.489376 0.483979
V 71.209 50.530 2.493 0.489199 0.483840
V 70.824 50.226 2.493 0.489021 0.483701
V 70.824 50.226 1.613 0.489021 0.483701
V 71.209 50.530 1.613 0.489199 0.483840
V 70.824 50.226 2.493 0.489021 0.483701
V 70.439 49.921 2.493 0.488843 0.483562
V 70.439 49.921 1.669 0.488843 0.483562
V 70.824 50.226 1.669 0.489021 0.483701
V 70.439 49.921 2.493 0.488843 0.483562
V 70.054 49.617 2.493 0.488665 0.483424
V 70.054 49.617 1.720 0.488665 0.483424
V 70.439 49.921 1.720 0.488843 0.483562
V 70.054 49.617 2.493 0.488665 0.483424
V 69.669 49.312 2.493 0.488487 0.483285
V 69.669 49.312 1.772 0.488487 0.483285
V 70.054 49.617 1.772 0.488665 0.483424
V 69.669 49.312 2.493 0.488487 0.483285
V 69.284 49.008 2.493 0.488310 0.483146
V 69.284 49.008 1.807 0.488310 0.483146
V 69.669 49.312 1.807 0.488487 0.483285
V 69.283 49.007 2.493 0.488309 0.483145
V 68.932 48.652 2.493 0.488147 0.482983
V 68.932 48.652 1.840 0.488147 0.482983
V 69.283 49.007 1.840 0.488309 0.483145
V 68.932 48.652 2.493 0.488147 0.482983
V 68.582 48.296 2.493 0.487985 0.482821
V 68.582 48.296 1.866 0.487985 0.482821
V 68.932 48.652 1.866 0.488147 0.482983
V 68.582 48.296 2.493 0.487985 0.482821
V 68.232 47.941 2.493 0.487823 0.482658
V 68.232 47.941 1.897 0.487823 0.482658
V 68.582 48.296 1.897 0.487985 0.482821
V 68.232 47.941 2.493 0.487823 0.482658
V 67.881 47.585 2.493 0.487661 0.482496
V 67.881 47.585 1.924 0.487661 0.482496
V 68.232 47.941 1.924 0.487823 0.482658
V 67.881 47.585 2.493 0.487661 0.482496
V 67.531 47.230 2.493 0.487499 0.482333
V 67.531 47.230 1.940 0.487499 0.482333
V 67.881 47.585 1.940 0.487661 0.482496
V 67.531 47.230 2.493 0.487499 0.482333
V 67.181 46.875 2.493 0.487337 0.482171
V 67.181 46.875 1.961 0.487337 0.482171
V 67.531 47.230 1.961 0.487499 0.482333
V 67.181 46.875 2.493 0.487337 0.482171
V 66.830 46.519 2.493 0.487174 0.482008
V 66.830 46.519 1.983 0.487174 0.482008
V 67.181 46.875 1.983 0.487337 0.482171
V 66.830 46.519 2.493 0.487174 0.482008
V 66.480 46.164 2.493 0.487012 0.481846
V 66.480 46.164 2.006 0.487012 0.481846
V 66.830 46.519 2.006 0.487174 0.482008
V 66.480 46.164 2.493 0.487012 0.481846
V 66.129 45.809 2.493 0.486850 0.481683
V 66.129 45.809 2.036 0.486850 0.481683
V 66.480 46.164 2.036 0.487012 0.481846
V 66.129 45.809 2.493 0.486850 0.481683
V 65.779 45.453 2.493 0.486688 0.481521
V 65.779 45.453 2.073 0.486688 0.481521
V 66.129 45.809 2.073 0.486850 0.481683
V 65.779 45.453 2.493 0.486688 0.481521
V 65.429 45.098 2.493 0.486526 0.481358
V 65.429 45.098 2.112 0.486526 0.481358
V 65.779 45.453 2.112 0.486688 0.481521
V 65.429 45.098 2.493 0.486526 0.481358
V 65.078 44.742 2.493 0.486364 0.481196
V 65.078 44.742 2.153 0.486364 0.481196
V 65.429 45.098 2.153 0.486526 0.481358
V 65.078 44.742 2.493 0.486364 0.481196
V 64.728 44.387 2.493 0.486202 0.481033
V 64.728 44.387 2.217 0.486202 0.481033
V 65.078 44.742 2.217 0.486364 0.481196
V 64.728 44.387 2.493 0.486202 0.481033
V 64.377 44.032 2.493 0.486040 0.480871
V 64.377 44.032 2.295 0.486040 0.480871
V 64.728 44.387 2.295 0.486202 0.481033
V 64.377 44.032 2.493 0.486040 0.480871
V 64.027 43.676 2.493 0.485878 0.480708
V 64.027 43.676 2.373 0.485878 0.480708
V 64.377 44.032 2.373 0.486040 0.480871
V 80.054 60.712 2.493 0.493296 0.488499
V 80.083 60.240 2.493 0.493307 0.488282
V 80.083 60.240 0.043 0.493307 0.488282
V 80.054 60.712 0.043 0.493296 0.488499
V 80.083 60.240 2.493 0.493307 0.488282
V 80.112 59.769 2.493 0.493319 0.488065
V 80.112 59.769 0.043 0.493319 0.488065
V 80.083 60.240 0.043 0.493307 0.488282
V 80.112 59.769 2.493 0.493319 0.488065
V 80.141 59.298 2.493 0.493330 0.487848
V 80.141 59.298 0.043 0.493330 0.487848
V 80.112 59.769 0.043 0.493319 0.488065
V 80.141 59.298 2.493 0.493330 0.487848
V 80.170 58.827 2.493 0.493341 0.487631
V 80.170 58.827 0.043 0.493341 0.487631
V 80.141 59.298 0.043 0.493330 0.487848
V 80.170 58.827 2.493 0.493341 0.487631
V 80.198 58.356 2.493 0.493353 0.487413
V 80.198 58.356 0.043 0.493353 0.487413
V 80.170 58.827 0.043 0.493341 0.487631
V 80.198 58.356 2.493 0.493353 0.487413
V 80.227 57.885 2.493 0.493364 0.487196
V 80.227 57.885 0.043 0.493364 0.487196
V 80.198 58.356 0.043 0.493353 0.487413
V 80.227 57.885 2.493 0.493364 0.487196
V 80.256 57.413 2.493 0.493376 0.486979
V 80.256 57.413 0.043 0.493376 0.486979
V 80.227 57.885 0.043 0.493364 0.487196
V 80.256 57.413 2.493 0.493376 0.486979
V 80.285 56.942 2.493 0.493387 0.486762
V 80.285 56.942 0.043 0.493387 0.486762
V 80.256 57.413 0.043 0.493376 0.486979
V 80.285 56.942 2.493 0.493387 0.486762
V 80.313 56.471 2.493 0.493399 0.486544
V 80.313 56.471 0.043 0.493399 0.486544
V 80.285 56.942 0.043 0.493387 0.486762
V 80.313 56.471 2.493 0.493399 0.486544
V 80.342 56.000 2.493 0.493410 0.486327
V 80.342 56.000 0.043 0.493410 0.486327
V 80.313 56.471 0.043 0.493399 0.486544
V 80.342 56.000 2.493 0.493410 0.486327
V 80.371 55.529 2.493 0.493422 0.486110
V 80.371 55.529 0.043 0.493422 0.486110
V 80.342 56.000 0.043 0.493410 0.486327
V 80.371 55.529 2.493 0.493422 0.486110
V 80.400 55.058 2.493 0.493433 0.485893
V 80.400 55.058 0.043 0.493433 0.485893
V 80.371 55.529 0.043 0.493422 0.486110
V 80.400 55.058 2.493 0.493433 0.485893
V 80.428 54.586 2.493 0.493445 0.485675
V 80.428 54.586 0.043 0.493445 0.485675
V 80.400 55.058 0.043 0.493433 0.485893
V 80.428 54.586 2.493 0.493445 0.485675
V 80.457 54.115 2.493 0.493456 0.485458
V 80.457 54.115 0.043 0.493456 0.485458
V 80.428 54.586 0.043 0.493445 0.485675
V 80.472 54.125 2.493 0.493463 0.485462
V 80.077 54.344 2.493 0.493282 0.485565
V 80.077 54.344 -1.148 0.493282 0.485565
V 80.472 54.125 -1.148 0.493463 0.485462
V 80.077 54.344 2.493 0.493282 0.485565
V 79.681 54.563 2.493 0.493102 0.485667
V 79.681 54.563 -1.034 0.493102 0.485667
V 80.077 54.344 -1.034 0.493282 0.485565
V 79.681 54.563 2.493 0.493102 0.485667
V 79.286 54.782 2.493 0.492921 0.485770
V 79.286 54.782 -0.922 0.492921 0.485770
V 79.681 54.563 -0.922 0.493102 0.485667
V 79.286 54.782 2.493 0.492921 0.485770
V 78.891 55.001 2.493 0.492740 0.485872
V 78.891 55.001 -0.811 0.492740 0.485872
V 79.286 54.782 -0.811 0.492921 0.485770
V 78.891 55.001 2.493 0.492740 0.485872
V 78.495 55.220 2.493 0.492560 0.485975
V 78.495 55.220 -0.704 0.492560 0.485975
V 78.891 55.001 -0.704 0.492740 0.485872
V 78.495 55.220 2.493 0.492560 0.485975
V 78.100 55.440 2.493 0.492379 0.486077
V 78.100 55.440 -0.596 0.492379 0.486077
V 78.495 55.220 -0.596 0.492560 0.485975
V 78.100 55.440 2.493 0.492379 0.486077
V 77.705 55.659 2.493 0.492199 0.486180
V 77.705 55.659 -0.451 0.492199 0.486180
V 78.100 55.440 -0.451 0.492379 0.486077
V 77.694 55.658 2.493 0.492194 0.486179
V 77.319 55.361 2.493 0.492020 0.486044
V 77.319 55.361 -0.317 0.492020 0.486044
V 77.694 55.658 -0.317 0.492194 0.486179
V 77.319 55.361 2.493 0.492020 0.486044
V 76.944 55.065 2.493 0.491847 0.485909
V 76.944 55.065 -0.100 0.491847 0.485909
V 77.319 55.361 -0.100 0.492020 0.486044
V 76.944 55.065 2.493 0.491847 0.485909
V 76.568 54.768 2.493 0.491674 0.485773
V 76.568 54.768 0.110 0.491674 0.485773
V 76.944 55.065 0.110 0.491847 0.485909
V 76.568 54.768 2.493 0.491674 0.485773
V 76.193 54.471 2.493 0.491501 0.485638
V 76.193 54.471 0.296 0.491501 0.485638
V 76.568 54.768 0.296 0.491674 0.485773
V 76.193 54.471 2.493 0.491501 0.485638
V 75.818 54.175 2.493 0.491327 0.485503
V 75.818 54.175 0.475 0.491327 0.485503
V 76.193 54.471 0.475 0.491501 0.485638
V 75.818 54.175 2.493 0.491327 0.485503
V 75.443 53.878 2.493 0.491154 0.485367
V 75.443 53.878 0.647 0.491154 0.485367
V 75.818 54.175 0.647 0.491327 0.485503
V 75.443 53.878 2.493 0.491154 0.485367
V 75.068 53.581 2.493 0.490981 0.485232
V 75.068 53.581 0.808 0.490981 0.485232
V 75.443 53.878 0.808 0.491154 0.485367
V 75.068 53.581 2.493 0.490981 0.485232
V 74.693 53.285 2.493 0.490808 0.485097
V 74.693 53.285 0.884 0.490808 0.485097
V 75.068 53.581 0.884 0.490981 0.485232
V 74.693 53.285 2.493 0.490808 0.485097
V 74.317 52.988 2.493 0.490634 0.484961
V 74.317 52.988 0.959 0.490634 0.484961
V 74.693 53.285 0.959 0.490808 0.485097
V 74.317 52.988 2.493 0.490634 0.484961
V 73.942 52.691 2.493 0.490461 0.484826
V 73.942 52.691 1.039 0.490461 0.484826
V 74.317 52.988 1.039 0.490634 0.484961
V 73.942 52.691 2.493 0.490461 0.484826
V 73.567 52.395 2.493 0.490288 0.484691
V 73.567 52.395 1.118 0.490288 0.484691
V 73.942 52.691 1.118 0.490461 0.484826
V 73.567 52.395 2.493 0.490288 0.484691
V 73.192 52.098 2.493 0.490115 0.484556
V 73.192 52.098 1.186 0.490115 0.484556
V 73.567 52.395 1.186 0.490288 0.484691
V 72.700 60.257 2.493 0.489919 0.488317
V 73.191 60.287 2.493 0.490144 0.488329
V 73.191 60.287 2.185 0.490144 0.488329
V 72.700 60.257 2.185 0.489919 0.488317
V 73.191 60.287 2.493 0.490144 0.488329
V 73.682 60.317 2.493 0.490370 0.488341
V 73.682 60.317 2.126 0.490370 0.488341
V 73.191 60.287 2.126 0.490144 0.488329
V 73.682 60.317 2.493 0.490370 0.488341
V 74.173 60.346 2.493 0.490595 0.488353
V 74.173 60.346 2.067 0.490595 0.488353
V 73.682 60.317 2.067 0.490370 0.488341
V 74.173 60.346 2.493 0.490595 0.488353
V 74.664 60.376 2.493 0.490821 0.488365
V 74.664 60.376 2.008 0.490821 0.488365
V 74.173 60.346 2.008 0.490595 0.488353
V 74.664 60.376 2.493 0.490821 0.488365
V 75.155 60.406 2.493 0.491046 0.488377
V 75.155 60.406 1.949 0.491046 0.488377
V 74.664 60.376 1.949 0.490821 0.488365
V 75.155 60.406 2.493 0.491046 0.488377
V 75.646 60.435 2.493 0.491271 0.488388
V 75.646 60.435 1.890 0.491271 0.488388
V 75.155 60.406 1.890 0.491046 0.488377
V 75.646 60.435 2.493 0.491271 0.488388
V 76.137 60.465 2.493 0.491497 0.488400
V 76.137 60.465 1.831 0.491497 0.488400
V 75.646 60.435 1.831 0.491271 0.488388
V 76.137 60.465 2.493 0.491497 0.488400
V 76.628 60.495 2.493 0.491722 0.488412
V 76.628 60.495 1.772 0.491722 0.488412
V 76.137 60.465 1.772 0.491497 0.488400
V 76.628 60.495 2.493 0.491722 0.488412
V 77.119 60.524 2.493 0.491948 0.488424
V 77.119 60.524 1.712 0.491948 0.488424
V 76.628 60.495 1.712 0.491722 0.488412
V 77.119 60.524 2.493 0.491948 0.488424
V 77.610 60.554 2.493 0.492173 0.488436
V 77.610 60.554 1.653 0.492173 0.488436
V 77.119 60.524 1.653 0.491948 0.488424
V 77.610 60.554 2.493 0.492173 0.488436
V 78.101 60.584 2.493 0.492399 0.488448
V 78.101 60.584 1.594 0.492399 0.488448
V 77.610 60.554 1.594 0.492173 0.488436
V 78.101 60.584 2.493 0.492399 0.488448
V 78.592 60.613 2.493 0.492624 0.488460
V 78.592 60.613 1.535 0.492624 0.488460
V 78.101 60.584 1.535 0.492399 0.488448
V 78.592 60.613 2.493 0.492624 0.488460
V 79.083 60.643 2.493 0.492850 0.488471
V 79.083 60.643 1.476 0.492850 0.488471
V 78.592 60.613 1.476 0.492624 0.488460
V 79.083 60.643 2.493 0.492850 0.488471
V 79.574 60.673 2.493 0.493075 0.488483
V 79.574 60.673 1.417 0.493075 0.488483
V 79.083 60.643 1.417 0.492850 0.488471
V 79.574 60.673 2.493 0.493075 0.488483
V 80.065 60.702 2.493 0.493300 0.488495
V 80.065 60.702 1.358 0.493300 0.488495
V 79.574 60.673 1.358 0.493075 0.488483
V 79.881 63.717 2.493 0.493227 0.489885
V 79.393 63.687 2.493 0.493003 0.489873
V 79.393 63.687 1.359 0.493003 0.489873
V 79.881 63.717 1.359 0.493227 0.489885
V 79.393 63.687 2.493 0.493003 0.489873
V 78.905 63.658 2.493 0.492779 0.489861
V 78.905 63.658 1.417 0.492779 0.489861
V 79.393 63.687 1.417 0.493003 0.489873
V 78.905 63.658 2.493 0.492779 0.489861
V 78.417 63.628 2.493 0.492555 0.489850
V 78.417 63.628 1.476 0.492555 0.489850
V 78.905 63.658 1.476 0.492779 0.489861
V 78.417 63.628 2.493 0.492555 0.489850
V 77.929 63.599 2.493 0.492331 0.489838
V 77.929 63.599 1.535 0.492331 0.489838
V 78.417 63.628 1.535 0.492555 0.489850
V 77.929 63.599 2.493 0.492331 0.489838
V 77.440 63.569 2.493 0.492107 0.489826
V 77.440 63.569 1.593 0.492107 0.489826
V 77.929 63.599 1.593 0.492331 0.489838
V 77.440 63.569 2.493 0.492107 0.489826
V 76.952 63.540 2.493 0.491882 0.489814
V 76.952 63.540 1.652 0.491882 0.489814
V 77.440 63.569 1.652 0.492107 0.489826
V 76.952 63.540 2.493 0.491882 0.489814
V 76.464 63.510 2.493 0.491658 0.489803
V 76.464 63.510 1.711 0.491658 0.489803
V 76.952 63.540 1.711 0.491882 0.489814
V 76.464 63.510 2.493 0.491658 0.489803
V 75.976 63.481 2.493 0.491434 0.489791
V 75.976 63.481 1.769 0.491434 0.489791
V 76.464 63.510 1.769 0.491658 0.489803
V 75.976 63.481 2.493 0.491434 0.489791
V 75.488 63.451 2.493 0.491210 0.489779
V 75.488 63.451 1.828 0.491210 0.489779
V 75.976 63.481 1.828 0.491434 0.489791
V 75.488 63.451 2.493 0.491210 0.489779
V 75.000 63.422 2.493 0.490986 0.489767
V 75.000 63.422 1.887 0.490986 0.489767
V 75.488 63.451 1.887 0.491210 0.489779
V 75.000 63.422 2.493 0.490986 0.489767
V 74.512 63.392 2.493 0.490762 0.489755
V 74.512 63.392 1.945 0.490762 0.489755
V 75.000 63.422 1.945 0.490986 0.489767
V 74.512 63.392 2.493 0.490762 0.489755
V 74.023 63.363 2.493 0.490538 0.489744
V 74.023 63.363 2.004 0.490538 0.489744
V 74.512 63.392 2.004 0.490762 0.489755
V 74.023 63.363 2.493 0.490538 0.489744
V 73.535 63.333 2.493 0.490314 0.489732
V 73.535 63.333 2.063 0.490314 0.489732
V 74.023 63.363 2.063 0.490538 0.489744
V 73.535 63.333 2.493 0.490314 0.489732
V 73.047 63.304 2.493 0.490089 0.489720
V 73.047 63.304 2.121 0.490089 0.489720
V 73.535 63.333 2.121 0.490314 0.489732
V 73.047 63.304 2.493 0.490089 0.489720
V 72.559 63.274 2.493 0.489865 0.489708
V 72.559 63.274 2.180 0.489865 0.489708
V 73.047 63.304 2.180 0.490089 0.489720
V 72.559 63.274 2.493 0.489865 0.489708
V 72.071 63.245 2.493 0.489641 0.489696
V 72.071 63.245 2.239 0.489641 0.489696
V 72.559 63.274 2.239 0.489865 0.489708
V 72.071 63.245 2.493 0.489641 0.489696
V 71.583 63.215 2.493 0.489417 0.489685
V 71.583 63.215 2.297 0.489417 0.489685
V 72.071 63.245 2.297 0.489641 0.489696
V 71.583 63.215 2.493 0.489417 0.489685
V 71.095 63.186 2.493 0.489193 0.489673
V 71.095 63.186 2.356 0.489193 0.489673
V 71.583 63.215 2.356 0.489417 0.489685
V 71.095 63.186 2.493 0.489193 0.489673
V 70.606 63.156 2.493 0.488969 0.489661
V 70.606 63.156 2.415 0.488969 0.489661
V 71.095 63.186 2.415 0.489193 0.489673
V 67.155 62.928 2.493 0.487384 0.489569
V 67.644 62.957 2.493 0.487609 0.489580
V 67.644 62.957 1.681 0.487609 0.489580
V 67.155 62.928 1.681 0.487384 0.489569
V 67.644 62.957 2.493 0.487609 0.489580
V 68.134 62.987 2.493 0.487834 0.489592
V 68.134 62.987 1.525 0.487834 0.489592
V 67.644 62.957 1.525 0.487609 0.489580
V 68.134 62.987 2.493 0.487834 0.489592
V 68.623 63.016 2.493 0.488058 0.489604
V 68.623 63.016 1.525 0.488058 0.489604
V 68.134 62.987 1.525 0.487834 0.489592
V 68.623 63.016 2.493 0.488058 0.489604
V 69.113 63.046 2.493 0.488283 0.489616
V 69.113 63.046 1.525 0.488283 0.489616
V 68.623 63.016 1.525 0.488058 0.489604
V 69.113 63.046 2.493 0.488283 0.489616
V 69.602 63.076 2.493 0.488508 0.489628
V 69.602 63.076 1.525 0.488508 0.489628
V 69.113 63.046 1.525 0.488283 0.489616
V 69.602 63.076 2.493 0.488508 0.489628
V 70.092 63.105 2.493 0.488733 0.489639
V 70.092 63.105 1.525 0.488733 0.489639
V 69.602 63.076 1.525 0.488508 0.489628
V 70.092 63.105 2.493 0.488733 0.489639
V 70.581 63.135 2.493 0.488957 0.489651
V 70.581 63.135 1.525 0.488957 0.489651
V 70.092 63.105 1.525 0.488733 0.489639
V 70.581 63.135 2.493 0.488957 0.489651
V 71.071 63.164 2.493 0.489182 0.489663
V 71.071 63.164 1.525 0.489182 0.489663
V 70.581 63.135 1.525 0.488957 0.489651
V 71.071 63.164 2.493 0.489182 0.489663
V 71.560 63.194 2.493 0.489407 0.489675
V 71.560 63.194 1.525 0.489407 0.489675
V 71.071 63.164 1.525 0.489182 0.489663
V 71.560 63.194 2.493 0.489407 0.489675
V 72.050 63.223 2.493 0.489632 0.489687
V 72.050 63.223 1.525 0.489632 0.489687
V 71.560 63.194 1.525 0.489407 0.489675
V 72.050 63.223 2.493 0.489632 0.489687
V 72.539 63.253 2.493 0.489856 0.489699
V 72.539 63.253 1.525 0.489856 0.489699
V 72.050 63.223 1.525 0.489632 0.489687
V 72.539 63.253 2.493 0.489856 0.489699
V 73.029 63.283 2.493 0.490081 0.489710
V 73.029 63.283 1.525 0.490081 0.489710
V 72.539 63.253 1.525 0.489856 0.489699
V 73.029 63.283 2.493 0.490081 0.489710
V 73.519 63.312 2.493 0.490306 0.489722
V 73.519 63.312 1.525 0.490306 0.489722
V 73.029 63.283 1.525 0.490081 0.489710
V 73.519 63.312 2.493 0.490306 0.489722
V 74.008 63.342 2.493 0.490531 0.489734
V 74.008 63.342 1.525 0.490531 0.489734
V 73.519 63.312 1.525 0.490306 0.489722
V 74.008 63.342 2.493 0.490531 0.489734
V 74.498 63.371 2.493 0.490755 0.489746
V 74.498 63.371 1.525 0.490755 0.489746
V 74.008 63.342 1.525 0.490531 0.489734
V 74.498 63.371 2.493 0.490755 0.489746
V 74.987 63.401 2.493 0.490980 0.489758
V 74.987 63.401 1.525 0.490980 0.489758
V 74.498 63.371 1.525 0.490755 0.489746
V 74.987 63.401 2.493 0.490980 0.489758
V 75.477 63.430 2.493 0.491205 0.489769
V 75.477 63.430 1.525 0.491205 0.489769
V 74.987 63.401 1.525 0.490980 0.489758
V 75.477 63.430 2.493 0.491205 0.489769
V 75.966 63.460 2.493 0.491430 0.489781
V 75.966 63.460 1.525 0.491430 0.489781
V 75.477 63.430 1.525 0.491205 0.489769
V 75.966 63.460 2.493 0.491430 0.489781
V 76.456 63.490 2.493 0.491654 0.489793
V 76.456 63.490 1.525 0.491654 0.489793
V 75.966 63.460 1.525 0.491430 0.489781
V 76.456 63.490 2.493 0.491654 0.489793
V 76.945 63.519 2.493 0.491879 0.489805
V 76.945 63.519 1.525 0.491879 0.489805
V 76.456 63.490 1.525 0.491654 0.489793
V 76.945 63.519 2.493 0.491879 0.489805
V 77.435 63.549 2.493 0.492104 0.489817
V 77.435 63.549 1.525 0.492104 0.489817
V 76.945 63.519 1.525 0.491879 0.489805
V 77.435 63.549 2.493 0.492104 0.489817
V 77.924 63.578 2.493 0.492329 0.489829
V 77.924 63.578 1.525 0.492329 0.489829
V 77.435 63.549 1.525 0.492104 0.489817
V 77.924 63.578 2.493 0.492329 0.489829
V 78.414 63.608 2.493 0.492553 0.489840
V 78.414 63.608 1.525 0.492553 0.489840
V 77.924 63.578 1.525 0.492329 0.489829
V 78.414 63.608 2.493 0.492553 0.489840
V 78.903 63.638 2.493 0.492778 0.489852
V 78.903 63.638 1.525 0.492778 0.489852
V 78.414 63.608 1.525 0.492553 0.489840
V 78.903 63.638 2.493 0.492778 0.489852
V 79.393 63.667 2.493 0.493003 0.489864
V 79.393 63.667 1.525 0.493003 0.489864
V 78.903 63.638 1.525 0.492778 0.489852
V 79.393 63.667 2.493 0.493003 0.489864
V 79.882 63.697 2.493 0.493228 0.489876
V 79.882 63.697 1.525 0.493228 0.489876
V 79.393 63.667 1.525 0.493003 0.489864
V 133.897 65.978 0.093 0.518024 0.490727
V 133.587 65.722 0.093 0.517881 0.490610
V 133.587 65.722 -5.432 0.517881 0.490610
V 133.897 65.978 -5.432 0.518024 0.490727
V 133.587 65.722 0.093 0.517881 0.490610
V 133.277 65.466 0.093 0.517738 0.490493
V 133.277 65.466 -5.213 0.517738 0.490493
V 133.587 65.722 -5.213 0.517881 0.490610
V 133.290 65.451 0.093 0.517743 0.490486
V 133.599 65.706 0.093 0.517886 0.490603
V 133.599 65.706 -1.212 0.517886 0.490603
V 133.290 65.451 -1.212 0.517743 0.490486
V 133.599 65.706 0.093 0.517886 0.490603
V 133.909 65.962 0.093 0.518029 0.490719
V 133.909 65.962 -1.225 0.518029 0.490719
V 133.599 65.706 -1.225 0.517886 0.490603
V 133.909 65.962 0.093 0.518029 0.490719
V 133.910 65.963 0.093 0.518030 0.490720
V 133.910 65.963 -1.225 0.518030 0.490720
V 133.909 65.962 -1.225 0.518029 0.490719
V 90.205 48.729 0.093 0.497909 0.482940
V 89.782 48.963 0.093 0.497716 0.483049
V 89.782 48.963 -3.329 0.497716 0.483049
V 90.205 48.729 -3.329 0.497909 0.482940
V 89.782 48.963 0.093 0.497716 0.483049
V 89.359 49.198 0.093 0.497523 0.483159
V 89.359 49.198 -3.208 0.497523 0.483159
V 89.782 48.963 -3.208 0.497716 0.483049
V 89.359 49.198 0.093 0.497523 0.483159
V 88.935 49.433 0.093 0.497329 0.483269
V 88.935 49.433 -3.111 0.497329 0.483269
V 89.359 49.198 -3.111 0.497523 0.483159
V 88.935 49.433 0.093 0.497329 0.483269
V 88.512 49.667 0.093 0.497136 0.483378
V 88.512 49.667 -3.006 0.497136 0.483378
V 88.935 49.433 -3.006 0.497329 0.483269
V 88.512 49.667 0.093 0.497136 0.483378
V 88.089 49.902 0.093 0.496943 0.483488
V 88.089 49.902 -2.894 0.496943 0.483488
V 88.512 49.667 -2.894 0.497136 0.483378
V 88.089 49.902 0.093 0.496943 0.483488
V 87.666 50.136 0.093 0.496749 0.483598
V 87.666 50.136 -2.780 0.496749 0.483598
V 88.089 49.902 -2.780 0.496943 0.483488
V 87.666 50.136 0.093 0.496749 0.483598
V 87.243 50.371 0.093 0.496556 0.483707
V 87.243 50.371 -2.666 0.496556 0.483707
V 87.666 50.136 -2.666 0.496749 0.483598
V 87.243 50.371 0.093 0.496556 0.483707
V 86.819 50.606 0.093 0.496363 0.483817
V 86.819 50.606 -2.566 0.496363 0.483817
V 87.243 50.371 -2.566 0.496556 0.483707
V 86.819 50.606 0.093 0.496363 0.483817
V 86.396 50.840 0.093 0.496169 0.483927
V 86.396 50.840 -2.474 0.496169 0.483927
V 86.819 50.606 -2.474 0.496363 0.483817
V 86.396 50.840 0.093 0.496169 0.483927
V 85.973 51.075 0.093 0.495976 0.484036
V 85.973 51.075 -2.381 0.495976 0.484036
V 86.396 50.840 -2.381 0.496169 0.483927
V 85.973 51.075 0.093 0.495976 0.484036
V 85.550 51.309 0.093 0.495783 0.484146
V 85.550 51.309 -2.290 0.495783 0.484146
V 85.973 51.075 -2.290 0.495976 0.484036
V 85.550 51.309 0.093 0.495783 0.484146
V 85.127 51.544 0.093 0.495590 0.484256
V 85.127 51.544 -2.224 0.495590 0.484256
V 85.550 51.309 -2.224 0.495783 0.484146
V 85.127 51.544 0.093 0.495590 0.484256
V 84.704 51.779 0.093 0.495396 0.484366
V 84.704 51.779 -2.159 0.495396 0.484366
V 85.127 51.544 -2.159 0.495590 0.484256
V 84.704 51.779 0.093 0.495396 0.484366
V 84.280 52.013 0.093 0.495203 0.484475
V 84.280 52.013 -2.094 0.495203 0.484475
V 84.704 51.779 -2.094 0.495396 0.484366
V 84.280 52.013 0.093 0.495203 0.484475
V 83.857 52.248 0.093 0.495010 0.484585
V 83.857 52.248 -1.993 0.495010 0.484585
V 84.280 52.013 -1.993 0.495203 0.484475
V 83.857 52.248 0.093 0.495010 0.484585
V 83.434 52.482 0.093 0.494816 0.484695
V 83.434 52.482 -1.868 0.494816 0.484695
V 83.857 52.248 -1.868 0.495010 0.484585
V 83.434 52.482 0.093 0.494816 0.484695
V 83.011 52.717 0.093 0.494623 0.484804
V 83.011 52.717 -1.743 0.494623 0.484804
V 83.434 52.482 -1.743 0.494816 0.484695
V 83.011 52.717 0.093 0.494623 0.484804
V 82.588 52.952 0.093 0.494430 0.484914
V 82.588 52.952 -1.622 0.494430 0.484914
V 83.011 52.717 -1.622 0.494623 0.484804
V 82.588 52.952 0.093 0.494430 0.484914
V 82.165 53.186 0.093 0.494236 0.485024
V 82.165 53.186 -1.572 0.494236 0.485024
V 82.588 52.952 -1.572 0.494430 0.484914
V 82.165 53.186 0.093 0.494236 0.485024
V 81.741 53.421 0.093 0.494043 0.485133
V 81.741 53.421 -1.522 0.494043 0.485133
V 82.165 53.186 -1.522 0.494236 0.485024
V 81.741 53.421 0.093 0.494043 0.485133
V 81.318 53.655 0.093 0.493850 0.485243
V 81.318 53.655 -1.462 0.493850 0.485243
V 81.741 53.421 -1.462 0.494043 0.485133
V 81.318 53.655 0.093 0.493850 0.485243
V 80.895 53.890 0.093 0.493656 0.485353
V 80.895 53.890 -1.376 0.493656 0.485353
V 81.318 53.655 -1.376 0.493850 0.485243
V 80.895 53.890 0.093 0.493656 0.485353
V 80.472 54.125 0.093 0.493463 0.485462
V 80.472 54.125 -1.264 0.493463 0.485462
V 80.895 53.890 -1.264 0.493656 0.485353
V 80.477 54.117 0.093 0.493465 0.485459
V 80.448 54.588 0.093 0.493454 0.485676
V 80.448 54.588 -1.146 0.493454 0.485676
V 80.477 54.117 -1.146 0.493465 0.485459
V 113.766 57.311 0.093 0.508753 0.486807
V 113.738 57.759 0.093 0.508743 0.487014
V 113.738 57.759 -0.007 0.508743 0.487014
V 113.766 57.311 -0.007 0.508753 0.486807
V 113.729 57.748 0.093 0.508738 0.487009
V 114.047 57.768 0.093 0.508884 0.487017
V 114.047 57.768 -0.007 0.508884 0.487017
V 113.729 57.748 -0.007 0.508738 0.487009
V 114.047 57.768 0.093 0.508884 0.487017
V 114.366 57.787 0.093 0.509031 0.487024
V 114.366 57.787 -0.007 0.509031 0.487024
V 114.047 57.768 -0.007 0.508884 0.487017
V 114.375 57.798 0.093 0.509035 0.487029
V 114.348 58.240 0.093 0.509024 0.487233
V 114.348 58.240 -0.007 0.509024 0.487233
V 114.375 57.798 -0.007 0.509035 0.487029
V 114.348 58.240 0.093 0.509024 0.487233
V 114.321 58.682 0.093 0.509013 0.487437
V 114.321 58.682 -0.007 0.509013 0.487437
V 114.348 58.240 -0.007 0.509024 0.487233
V 114.321 58.682 0.093 0.509013 0.487437
V 114.294 59.123 0.093 0.509003 0.487640
V 114.294 59.123 -0.007 0.509003 0.487640
V 114.321 58.682 -0.007 0.509013 0.487437
V 114.294 59.123 0.093 0.509003 0.487640
V 114.267 59.565 0.093 0.508992 0.487844
V 114.267 59.565 -0.007 0.508992 0.487844
V 114.294 59.123 -0.007 0.509003 0.487640
V 114.267 59.565 0.093 0.508992 0.487844
V 114.240 60.007 0.093 0.508981 0.488048
V 114.240 60.007 -0.007 0.508981 0.488048
V 114.267 59.565 -0.007 0.508992 0.487844
V 114.220 60.006 0.093 0.508972 0.488048
V 114.250 59.516 0.093 0.508984 0.487822
V 114.250 59.516 -0.076 0.508984 0.487822
V 114.220 60.006 -0.076 0.508972 0.488048
V 114.250 59.516 0.093 0.508984 0.487822
V 114.280 59.026 0.093 0.508996 0.487596
V 114.280 59.026 -0.076 0.508996 0.487596
V 114.250 59.516 -0.076 0.508984 0.487822
V 114.280 59.026 0.093 0.508996 0.487596
V 114.310 58.536 0.093 0.509008 0.487370
V 114.310 58.536 -0.076 0.509008 0.487370
V 114.280 59.026 -0.076 0.508996 0.487596
V 114.360 58.048 0.093 0.509029 0.487144
V 114.360 58.047 0.093 0.509029 0.487144
V 114.360 58.047 -0.007 0.509029 0.487144
V 114.360 58.048 -0.007 0.509029 0.487144
V 114.360 58.048 0.093 0.509029 0.487145
V 114.360 58.048 0.093 0.509029 0.487145
V 114.360 58.048 -0.007 0.509029 0.487145
V 114.360 58.048 -0.007 0.509029 0.487145
V 114.349 58.036 0.093 0.509024 0.487139
V 114.350 58.036 0.093 0.509024 0.487139
V 114.350 58.036 -0.070 0.509024 0.487139
V 114.349 58.036 -0.070 0.509024 0.487139
V 114.350 58.036 0.093 0.509025 0.487139
V 114.351 58.036 0.093 0.509025 0.487139
V 114.351 58.036 -0.069 0.509025 0.487139
V 114.350 58.036 -0.069 0.509025 0.487139
V 114.351 58.036 0.093 0.509025 0.487139
V 114.365 58.037 0.093 0.509031 0.487140
V 114.365 58.037 -0.071 0.509031 0.487140
V 114.351 58.036 -0.071 0.509025 0.487139
V 114.366 58.037 0.093 0.509031 0.487140
V 114.366 58.037 0.093 0.509032 0.487140
V 114.366 58.037 -0.070 0.509032 0.487140
V 114.366 58.037 -0.070 0.509031 0.487140
V 114.366 58.037 0.093 0.509032 0.487140
V 114.367 58.037 0.093 0.509032 0.487140
V 114.367 58.037 -0.070 0.509032 0.487140
V 114.366 58.037 -0.070 0.509032 0.487140
V 114.375 58.047 0.093 0.509036 0.487144
V 114.375 58.047 0.093 0.509036 0.487144
V 114.375 58.047 -0.007 0.509036 0.487144
V 114.375 58.047 -0.007 0.509036 0.487144
V 114.375 58.048 0.093 0.509036 0.487144
V 114.375 58.048 0.093 0.509036 0.487144
V 114.375 58.048 -0.007 0.509036 0.487144
V 114.375 58.048 -0.007 0.509036 0.487144
V 114.375 58.048 0.093 0.509036 0.487145
V 114.366 58.194 0.093 0.509032 0.487212
V 114.366 58.194 -0.007 0.509032 0.487212
V 114.375 58.048 -0.007 0.509036 0.487145
V 114.366 58.193 0.093 0.509032 0.487211
V 114.375 58.296 0.093 0.509037 0.487259
V 114.375 58.296 -0.007 0.509037 0.487259
V 114.366 58.193 -0.007 0.509032 0.487211
V 114.375 58.297 0.093 0.509037 0.487259
V 114.375 58.297 0.093 0.509037 0.487259
V 114.375 58.297 -0.007 0.509037 0.487259
V 114.375 58.297 -0.007 0.509037 0.487259
V 114.375 58.298 0.093 0.509037 0.487260
V 114.375 58.298 0.093 0.509037 0.487260
V 114.375 58.298 -0.007 0.509037 0.487260
V 114.375 58.298 -0.007 0.509037 0.487260
V 114.375 58.298 0.093 0.509037 0.487260
V 114.366 58.444 0.093 0.509033 0.487327
V 114.366 58.444 -0.007 0.509033 0.487327
V 114.375 58.298 -0.007 0.509037 0.487260
V 114.366 58.443 0.093 0.509033 0.487327
V 114.375 58.546 0.093 0.509038 0.487374
V 114.375 58.546 -0.007 0.509038 0.487374
V 114.366 58.443 -0.007 0.509033 0.487327
V 114.375 58.547 0.093 0.509038 0.487374
V 114.375 58.547 0.093 0.509038 0.487374
V 114.375 58.547 -0.007 0.509038 0.487374
V 114.375 58.547 -0.007 0.509038 0.487374
V 114.375 58.548 0.093 0.509038 0.487375
V 114.375 58.548 0.093 0.509038 0.487375
V 114.375 58.548 -0.007 0.509038 0.487375
V 114.375 58.548 -0.007 0.509038 0.487375
V 114.375 58.548 0.093 0.509038 0.487375
V 114.366 58.694 0.093 0.509034 0.487442
V 114.366 58.694 -0.007 0.509034 0.487442
V 114.375 58.548 -0.007 0.509038 0.487375
V 114.366 58.693 0.093 0.509034 0.487442
V 114.375 58.796 0.093 0.509039 0.487489
V 114.375 58.796 -0.069 0.509039 0.487489
V 114.366 58.693 -0.069 0.509034 0.487442
V 114.375 58.797 0.093 0.509039 0.487490
V 114.375 58.797 0.093 0.509039 0.487490
V 114.375 58.797 -0.069 0.509039 0.487490
V 114.375 58.797 -0.069 0.509039 0.487490
V 114.375 58.798 0.093 0.509039 0.487490
V 114.375 58.798 0.093 0.509039 0.487490
V 114.375 58.798 -0.069 0.509039 0.487490
V 114.375 58.798 -0.069 0.509039 0.487490
V 114.375 58.798 0.093 0.509039 0.487490
V 114.366 58.944 0.093 0.509035 0.487558
V 114.366 58.944 -0.069 0.509035 0.487558
V 114.375 58.798 -0.069 0.509039 0.487490
V 114.366 58.943 0.093 0.509035 0.487557
V 114.375 59.046 0.093 0.509040 0.487605
V 114.375 59.046 -0.071 0.509040 0.487605
V 114.366 58.943 -0.071 0.509035 0.487557
V 114.375 59.047 0.093 0.509040 0.487605
V 114.375 59.047 0.093 0.509040 0.487605
V 114.375 59.047 -0.071 0.509040 0.487605
V 114.375 59.047 -0.071 0.509040 0.487605
V 114.375 59.048 0.093 0.509040 0.487605
V 114.375 59.048 0.093 0.509040 0.487605
V 114.375 59.048 -0.071 0.509040 0.487605
V 114.375 59.048 -0.071 0.509040 0.487605
V 114.375 59.048 0.093 0.509040 0.487605
V 114.366 59.194 0.093 0.509036 0.487673
V 114.366 59.194 -0.071 0.509036 0.487673
V 114.375 59.048 -0.071 0.509040 0.487605
V 114.366 59.193 0.093 0.509036 0.487672
V 114.375 59.296 0.093 0.509040 0.487720
V 114.375 59.296 -0.073 0.509040 0.487720
V 114.366 59.193 -0.073 0.509036 0.487672
V 114.375 59.297 0.093 0.509040 0.487720
V 114.375 59.297 0.093 0.509040 0.487720
V 114.375 59.297 -0.073 0.509040 0.487720
V 114.375 59.297 -0.073 0.509040 0.487720
V 114.375 59.298 0.093 0.509040 0.487720
V 114.375 59.298 0.093 0.509040 0.487721
V 114.375 59.298 -0.073 0.509040 0.487721
V 114.375 59.298 -0.073 0.509040 0.487720
V 114.375 59.298 0.093 0.509040 0.487721
V 114.366 59.444 0.093 0.509037 0.487788
V 114.366 59.444 -0.073 0.509037 0.487788
V 114.375 59.298 -0.073 0.509040 0.487721
V 114.366 59.443 0.093 0.509037 0.487787
V 114.375 59.546 0.093 0.509041 0.487835
V 114.375 59.546 -0.075 0.509041 0.487835
V 114.366 59.443 -0.075 0.509037 0.487787
V 114.375 59.547 0.093 0.509041 0.487835
V 114.375 59.547 0.093 0.509041 0.487835
V 114.375 59.547 -0.074 0.509041 0.487835
V 114.375 59.547 -0.074 0.509041 0.487835
V 114.375 59.548 0.093 0.509041 0.487836
V 114.375 59.548 0.093 0.509041 0.487836
V 114.375 59.548 -0.074 0.509041 0.487836
V 114.375 59.548 -0.074 0.509041 0.487836
V 114.375 59.548 0.093 0.509041 0.487836
V 114.366 59.694 0.093 0.509038 0.487903
V 114.366 59.694 -0.074 0.509038 0.487903
V 114.375 59.548 -0.074 0.509041 0.487836
V 114.366 59.693 0.093 0.509038 0.487903
V 114.375 59.796 0.093 0.509042 0.487950
V 114.375 59.796 -0.076 0.509042 0.487950
V 114.366 59.693 -0.076 0.509038 0.487903
V 114.375 59.797 0.093 0.509042 0.487950
V 114.375 59.797 0.093 0.509042 0.487951
V 114.375 59.797 -0.076 0.509042 0.487951
V 114.375 59.797 -0.076 0.509042 0.487950
V 114.375 59.798 0.093 0.509042 0.487951
V 114.375 59.798 0.093 0.509042 0.487951
V 114.375 59.798 -0.076 0.509042 0.487951
V 114.375 59.798 -0.076 0.509042 0.487951
V 114.375 59.798 0.093 0.509042 0.487951
V 114.368 59.914 0.093 0.509039 0.488005
V 114.368 59.914 -0.076 0.509039 0.488005
V 114.375 59.798 -0.076 0.509042 0.487951
V 114.368 59.914 0.093 0.509039 0.488005
V 114.366 59.944 0.093 0.509039 0.488018
V 114.366 59.944 -0.076 0.509039 0.488018
V 114.368 59.914 -0.076 0.509039 0.488005
V 114.366 59.943 0.093 0.509039 0.488018
V 114.375 60.046 0.093 0.509043 0.488065
V 114.375 60.046 -0.078 0.509043 0.488065
V 114.366 59.943 -0.078 0.509039 0.488018
V 114.375 60.047 0.093 0.509043 0.488066
V 114.375 60.047 0.093 0.509043 0.488066
V 114.375 60.047 -0.078 0.509043 0.488066
V 114.375 60.047 -0.078 0.509043 0.488066
V 114.375 60.048 0.093 0.509043 0.488066
V 114.375 60.048 0.093 0.509043 0.488066
V 114.375 60.048 -0.078 0.509043 0.488066
V 114.375 60.048 -0.078 0.509043 0.488066
V 114.375 60.048 0.093 0.509043 0.488066
V 114.368 60.164 0.093 0.509040 0.488120
V 114.368 60.164 -0.078 0.509040 0.488120
V 114.375 60.048 -0.078 0.509043 0.488066
V 114.368 60.164 0.093 0.509040 0.488120
V 114.366 60.194 0.093 0.509040 0.488134
V 114.366 60.194 -0.078 0.509040 0.488134
V 114.368 60.164 -0.078 0.509040 0.488120
V 114.366 60.193 0.093 0.509040 0.488133
V 114.375 60.296 0.093 0.509044 0.488181
V 114.375 60.296 -0.080 0.509044 0.488181
V 114.366 60.193 -0.080 0.509040 0.488133
V 114.375 60.297 0.093 0.509044 0.488181
V 114.375 60.297 0.093 0.509044 0.488181
V 114.375 60.297 -0.080 0.509044 0.488181
V 114.375 60.297 -0.080 0.509044 0.488181
V 114.375 60.298 0.093 0.509044 0.488181
V 114.375 60.298 0.093 0.509044 0.488181
V 114.375 60.298 -0.080 0.509044 0.488181
V 114.375 60.298 -0.080 0.509044 0.488181
V 114.375 60.298 0.093 0.509044 0.488182
V 114.368 60.414 0.093 0.509041 0.488235
V 114.368 60.414 -0.080 0.509041 0.488235
V 114.375 60.298 -0.080 0.509044 0.488182
V 114.368 60.414 0.093 0.509041 0.488235
V 114.366 60.444 0.093 0.509041 0.488249
V 114.366 60.444 -0.080 0.509041 0.488249
V 114.368 60.414 -0.080 0.509041 0.488235
V 114.366 60.443 0.093 0.509041 0.488248
V 114.375 60.546 0.093 0.509045 0.488296
V 114.375 60.546 -0.082 0.509045 0.488296
V 114.366 60.443 -0.082 0.509041 0.488248
V 114.375 60.547 0.093 0.509045 0.488296
V 114.375 60.547 0.093 0.509045 0.488296
V 114.375 60.547 -0.082 0.509045 0.488296
V 114.375 60.547 -0.082 0.509045 0.488296
V 114.375 60.548 0.093 0.509045 0.488296
V 114.375 60.548 0.093 0.509045 0.488297
V 114.375 60.548 -0.082 0.509045 0.488297
V 114.375 60.548 -0.082 0.509045 0.488296
V 114.375 60.548 0.093 0.509045 0.488297
V 114.368 60.664 0.093 0.509042 0.488350
V 114.368 60.664 -0.082 0.509042 0.488350
V 114.375 60.548 -0.082 0.509045 0.488297
V 114.368 60.664 0.093 0.509042 0.488350
V 114.366 60.694 0.093 0.509042 0.488364
V 114.366 60.694 -0.082 0.509042 0.488364
V 114.368 60.664 -0.082 0.509042 0.488350
V 114.366 60.693 0.093 0.509042 0.488363
V 114.375 60.796 0.093 0.509046 0.488411
V 114.375 60.796 -0.084 0.509046 0.488411
V 114.366 60.693 -0.084 0.509042 0.488363
V 114.375 60.797 0.093 0.509046 0.488411
V 114.375 60.797 0.093 0.509046 0.488411
V 114.375 60.797 -0.084 0.509046 0.488411
V 114.375 60.797 -0.084 0.509046 0.488411
V 114.375 60.798 0.093 0.509046 0.488412
V 114.375 60.798 0.093 0.509046 0.488412
V 114.375 60.798 -0.083 0.509046 0.488412
V 114.375 60.798 -0.083 0.509046 0.488412
V 114.375 60.798 0.093 0.509046 0.488412
V 114.368 60.914 0.093 0.509043 0.488465
V 114.368 60.914 -0.083 0.509043 0.488465
V 114.375 60.798 -0.083 0.509046 0.488412
V 114.368 60.914 0.093 0.509043 0.488465
V 114.366 60.944 0.093 0.509042 0.488479
V 114.366 60.944 -0.083 0.509042 0.488479
V 114.368 60.914 -0.083 0.509043 0.488465
V 114.366 60.943 0.093 0.509042 0.488479
V 114.375 61.046 0.093 0.509047 0.488526
V 114.375 61.046 -0.085 0.509047 0.488526
V 114.366 60.943 -0.085 0.509042 0.488479
V 114.375 61.047 0.093 0.509047 0.488526
V 114.375 61.047 0.093 0.509047 0.488527
V 114.375 61.047 -0.085 0.509047 0.488527
V 114.375 61.047 -0.085 0.509047 0.488526
V 114.375 61.048 0.093 0.509047 0.488527
V 114.375 61.048 0.093 0.509047 0.488527
V 114.375 61.048 -0.085 0.509047 0.488527
V 114.375 61.048 -0.085 0.509047 0.488527
V 114.375 61.048 0.093 0.509047 0.488527
V 114.368 61.164 0.093 0.509044 0.488581
V 114.368 61.164 -0.085 0.509044 0.488581
V 114.375 61.048 -0.085 0.509047 0.488527
V 114.368 61.164 0.093 0.509044 0.488581
V 114.366 61.194 0.093 0.509043 0.488595
V 114.366 61.194 -0.085 0.509043 0.488595
V 114.368 61.164 -0.085 0.509044 0.488581
V 114.366 61.193 0.093 0.509043 0.488594
V 114.375 61.296 0.093 0.509048 0.488641
V 114.375 61.296 -0.087 0.509048 0.488641
V 114.366 61.193 -0.087 0.509043 0.488594
V 114.375 61.297 0.093 0.509048 0.488642
V 114.375 61.297 0.093 0.509048 0.488642
V 114.375 61.297 -0.087 0.509048 0.488642
V 114.375 61.297 -0.087 0.509048 0.488642
V 114.375 61.298 0.093 0.509048 0.488642
V 114.375 61.298 0.093 0.509048 0.488642
V 114.375 61.298 -0.087 0.509048 0.488642
V 114.375 61.298 -0.087 0.509048 0.488642
V 114.375 61.298 0.093 0.509048 0.488642
V 114.368 61.414 0.093 0.509045 0.488696
V 114.368 61.414 -0.087 0.509045 0.488696
V 114.375 61.298 -0.087 0.509048 0.488642
V 114.368 61.414 0.093 0.509045 0.488696
V 114.366 61.444 0.093 0.509044 0.488710
V 114.366 61.444 -0.087 0.509044 0.488710
V 114.368 61.414 -0.087 0.509045 0.488696
V 114.366 61.443 0.093 0.509044 0.488709
V 114.375 61.546 0.093 0.509049 0.488757
V 114.375 61.546 -0.089 0.509049 0.488757
V 114.366 61.443 -0.089 0.509044 0.488709
V 114.375 61.547 0.093 0.509049 0.488757
V 114.375 61.547 0.093 0.509049 0.488757
V 114.375 61.547 -0.089 0.509049 0.488757
V 114.375 61.547 -0.089 0.509049 0.488757
V 114.375 61.548 0.093 0.509049 0.488757
V 114.375 61.548 0.093 0.509049 0.488757
V 114.375 61.548 -0.089 0.509049 0.488757
V 114.375 61.548 -0.089 0.509049 0.488757
V 114.375 61.548 0.093 0.509049 0.488758
V 114.368 61.664 0.093 0.509046 0.488811
V 114.368 61.664 -0.089 0.509046 0.488811
V 114.375 61.548 -0.089 0.509049 0.488758
V 114.368 61.664 0.093 0.509046 0.488811
V 114.366 61.694 0.093 0.509045 0.488825
V 114.366 61.694 -0.089 0.509045 0.488825
V 114.368 61.664 -0.089 0.509046 0.488811
V 114.366 61.693 0.093 0.509045 0.488824
V 114.375 61.796 0.093 0.509050 0.488872
V 114.375 61.796 -0.091 0.509050 0.488872
V 114.366 61.693 -0.091 0.509045 0.488824
V 114.375 61.797 0.093 0.509050 0.488872
V 114.375 61.797 0.093 0.509050 0.488872
V 114.375 61.797 -0.091 0.509050 0.488872
V 114.375 61.797 -0.091 0.509050 0.488872
V 114.375 61.798 0.093 0.509050 0.488873
V 114.375 61.798 0.093 0.509050 0.488873
V 114.375 61.798 -0.091 0.509050 0.488873
V 114.375 61.798 -0.091 0.509050 0.488873
V 114.375 61.798 0.093 0.509050 0.488873
V 114.368 61.914 0.093 0.509047 0.488926
V 114.368 61.914 -0.091 0.509047 0.488926
V 114.375 61.798 -0.091 0.509050 0.488873
V 114.368 61.914 0.093 0.509047 0.488926
V 114.366 61.944 0.093 0.509046 0.488940
V 114.366 61.944 -0.091 0.509046 0.488940
V 114.368 61.914 -0.091 0.509047 0.488926
V 114.366 61.943 0.093 0.509046 0.488940
V 114.375 62.046 0.093 0.509051 0.488987
V 114.375 62.046 -0.093 0.509051 0.488987
V 114.366 61.943 -0.093 0.509046 0.488940
V 114.375 62.047 0.093 0.509051 0.488987
V 114.375 62.047 0.093 0.509051 0.488987
V 114.375 62.047 -0.093 0.509051 0.488987
V 114.375 62.047 -0.093 0.509051 0.488987
V 114.375 62.048 0.093 0.509051 0.488988
V 114.375 62.048 0.093 0.509051 0.488988
V 114.375 62.048 -0.093 0.509051 0.488988
V 114.375 62.048 -0.093 0.509051 0.488988
V 114.375 62.048 0.093 0.509051 0.488988
V 114.368 62.164 0.093 0.509048 0.489041
V 114.368 62.164 -0.093 0.509048 0.489041
V 114.375 62.048 -0.093 0.509051 0.488988
V 114.368 62.164 0.093 0.509048 0.489041
V 114.366 62.194 0.093 0.509047 0.489055
V 114.366 62.194 -0.093 0.509047 0.489055
V 114.368 62.164 -0.093 0.509048 0.489041
V 114.366 62.193 0.093 0.509047 0.489055
V 114.375 62.296 0.093 0.509052 0.489102
V 114.375 62.296 -0.094 0.509052 0.489102
V 114.366 62.193 -0.094 0.509047 0.489055
V 114.375 62.297 0.093 0.509052 0.489102
V 114.375 62.297 0.093 0.509052 0.489103
V 114.375 62.297 -0.094 0.509052 0.489103
V 114.375 62.297 -0.094 0.509052 0.489102
V 114.375 62.298 0.093 0.509052 0.489103
V 114.375 62.298 0.093 0.509052 0.489103
V 114.375 62.298 -0.094 0.509052 0.489103
V 114.375 62.298 -0.094 0.509052 0.489103
V 114.375 62.298 0.093 0.509052 0.489103
V 114.363 62.544 0.093 0.509047 0.489217
V 114.363 62.544 -0.095 0.509047 0.489217
V 114.375 62.298 -0.095 0.509052 0.489103
V 114.355 62.534 0.093 0.509043 0.489212
V 114.367 62.537 0.093 0.509049 0.489213
V 114.367 62.537 -0.102 0.509049 0.489213
V 114.355 62.534 -0.102 0.509043 0.489212
V 114.375 62.547 0.093 0.509052 0.489218
V 114.375 62.547 0.093 0.509052 0.489218
V 114.375 62.547 -0.096 0.509052 0.489218
V 114.375 62.547 -0.096 0.509052 0.489218
V 114.375 62.548 0.093 0.509052 0.489218
V 114.375 62.548 0.093 0.509052 0.489218
V 114.375 62.548 -0.096 0.509052 0.489218
V 114.375 62.548 -0.096 0.509052 0.489218
V 114.375 62.548 0.093 0.509052 0.489218
V 114.360 62.785 0.093 0.509047 0.489327
V 114.360 62.785 -0.096 0.509047 0.489327
V 114.375 62.548 -0.096 0.509052 0.489218
V 114.351 62.774 0.093 0.509042 0.489323
V 114.773 62.800 0.093 0.509236 0.489333
V 114.773 62.800 -0.154 0.509236 0.489333
V 114.351 62.774 -0.154 0.509042 0.489323
V 114.773 62.800 0.093 0.509236 0.489333
V 115.195 62.825 0.093 0.509430 0.489343
V 115.195 62.825 -0.205 0.509430 0.489343
V 114.773 62.800 -0.205 0.509236 0.489333
V 115.195 62.825 0.093 0.509430 0.489343
V 115.617 62.851 0.093 0.509624 0.489353
V 115.617 62.851 -0.253 0.509624 0.489353
V 115.195 62.825 -0.253 0.509430 0.489343
V 115.617 62.851 0.093 0.509624 0.489353
V 116.039 62.876 0.093 0.509817 0.489363
V 116.039 62.876 -0.298 0.509817 0.489363
V 115.617 62.851 -0.298 0.509624 0.489353
V 116.039 62.876 0.093 0.509817 0.489363
V 116.461 62.902 0.093 0.510011 0.489374
V 116.461 62.902 -0.342 0.510011 0.489374
V 116.039 62.876 -0.342 0.509817 0.489363
V 116.461 62.902 0.093 0.510011 0.489374
V 116.889 62.927 0.093 0.510207 0.489384
V 116.889 62.927 -0.370 0.510207 0.489384
V 116.461 62.902 -0.370 0.510011 0.489374
V 116.889 62.927 0.093 0.510207 0.489384
V 117.317 62.953 0.093 0.510404 0.489394
V 117.317 62.953 -0.398 0.510404 0.489394
V 116.889 62.927 -0.398 0.510207 0.489384
V 117.317 62.953 0.093 0.510404 0.489394
V 117.744 62.979 0.093 0.510600 0.489405
V 117.744 62.979 -0.421 0.510600 0.489405
V 117.317 62.953 -0.421 0.510404 0.489394
V 117.744 62.979 0.093 0.510600 0.489405
V 118.172 63.005 0.093 0.510797 0.489415
V 118.172 63.005 -0.443 0.510797 0.489415
V 117.744 62.979 -0.443 0.510600 0.489405
V 118.172 63.005 0.093 0.510797 0.489415
V 118.600 63.031 0.093 0.510993 0.489425
V 118.600 63.031 -0.464 0.510993 0.489425
V 118.172 63.005 -0.464 0.510797 0.489415
V 118.600 63.031 0.093 0.510993 0.489425
V 119.028 63.057 0.093 0.511190 0.489436
V 119.028 63.057 -0.486 0.511190 0.489436
V 118.600 63.031 -0.486 0.510993 0.489425
V 119.028 63.057 0.093 0.511190 0.489436
V 119.456 63.083 0.093 0.511386 0.489446
V 119.456 63.083 -0.507 0.511386 0.489446
V 119.028 63.057 -0.507 0.511190 0.489436
V 119.445 63.092 0.093 0.511381 0.489450
V 119.473 62.627 0.093 0.511393 0.489236
V 119.473 62.627 -0.510 0.511393 0.489236
V 119.445 63.092 -0.510 0.511381 0.489450
V 119.473 62.627 0.093 0.511393 0.489236
V 119.502 62.162 0.093 0.511404 0.489022
V 119.502 62.162 -0.510 0.511404 0.489022
V 119.473 62.627 -0.510 0.511393 0.489236
V 119.502 62.162 0.093 0.511404 0.489022
V 119.530 61.697 0.093 0.511415 0.488807
V 119.530 61.697 -0.510 0.511415 0.488807
V 119.502 62.162 -0.510 0.511404 0.489022
V 119.530 61.697 0.093 0.511415 0.488807
V 119.559 61.232 0.093 0.511426 0.488593
V 119.559 61.232 -0.510 0.511426 0.488593
V 119.530 61.697 -0.510 0.511415 0.488807
V 119.559 61.232 0.093 0.511426 0.488593
V 119.587 60.768 0.093 0.511438 0.488378
V 119.587 60.768 -0.510 0.511438 0.488378
V 119.559 61.232 -0.510 0.511426 0.488593
V 119.587 60.768 0.093 0.511438 0.488378
V 119.615 60.303 0.093 0.511449 0.488164
V 119.615 60.303 -0.510 0.511449 0.488164
V 119.587 60.768 -0.510 0.511438 0.488378
V 119.615 60.303 0.093 0.511449 0.488164
V 119.644 59.838 0.093 0.511460 0.487950
V 119.644 59.838 -0.510 0.511460 0.487950
V 119.615 60.303 -0.510 0.511449 0.488164
V 119.644 59.838 0.093 0.511460 0.487950
V 119.672 59.373 0.093 0.511472 0.487735
V 119.672 59.373 -0.510 0.511472 0.487735
V 119.644 59.838 -0.510 0.511460 0.487950
V 119.672 59.373 0.093 0.511472 0.487735
V 119.700 58.908 0.093 0.511483 0.487521
V 119.700 58.908 -0.510 0.511483 0.487521
V 119.672 59.373 -0.510 0.511472 0.487735
V 119.700 58.908 0.093 0.511483 0.487521
V 119.729 58.443 0.093 0.511494 0.487307
V 119.729 58.443 -0.510 0.511494 0.487307
V 119.700 58.908 -0.510 0.511483 0.487521
V 119.729 58.443 0.093 0.511494 0.487307
V 119.757 57.978 0.093 0.511506 0.487092
V 119.757 57.978 -0.510 0.511506 0.487092
V 119.729 58.443 -0.510 0.511494 0.487307
V 119.777 57.980 0.093 0.511515 0.487093
V 119.754 58.358 0.093 0.511506 0.487267
V 119.754 58.358 -0.514 0.511506 0.487267
V 119.777 57.980 -0.514 0.511515 0.487093
V 119.754 58.358 0.093 0.511506 0.487267
V 119.731 58.736 0.093 0.511496 0.487442
V 119.731 58.736 -0.514 0.511496 0.487442
V 119.754 58.358 -0.514 0.511506 0.487267
V 119.731 58.736 0.093 0.511496 0.487442
V 119.708 59.114 0.093 0.511487 0.487616
V 119.708 59.114 -0.514 0.511487 0.487616
V 119.731 58.736 -0.514 0.511496 0.487442
V 119.697 59.123 0.093 0.511482 0.487620
V 119.248 59.096 0.093 0.511276 0.487609
V 119.248 59.096 -0.542 0.511276 0.487609
V 119.697 59.123 -0.542 0.511482 0.487620
V 119.248 59.096 0.093 0.511276 0.487609
V 118.799 59.069 0.093 0.511070 0.487598
V 118.799 59.069 -0.330 0.511070 0.487598
V 119.248 59.096 -0.330 0.511276 0.487609
V 118.790 59.058 0.093 0.511066 0.487594
V 118.814 58.659 0.093 0.511075 0.487410
V 118.814 58.659 -0.147 0.511075 0.487410
V 118.790 59.058 -0.147 0.511066 0.487594
V 118.814 58.659 0.093 0.511075 0.487410
V 118.838 58.259 0.093 0.511085 0.487225
V 118.838 58.259 -0.147 0.511085 0.487225
V 118.814 58.659 -0.147 0.511075 0.487410
V 118.838 58.259 0.093 0.511085 0.487225
V 118.863 57.860 0.093 0.511095 0.487041
V 118.863 57.860 -0.147 0.511095 0.487041
V 118.838 58.259 -0.147 0.511085 0.487225
V 118.873 57.851 0.093 0.511099 0.487037
V 119.323 57.878 0.093 0.511306 0.487048
V 119.323 57.878 -0.330 0.511306 0.487048
V 118.873 57.851 -0.330 0.511099 0.487037
V 119.323 57.878 0.093 0.511306 0.487048
V 119.772 57.906 0.093 0.511512 0.487059
V 119.772 57.906 -0.507 0.511512 0.487059
V 119.323 57.878 -0.507 0.511306 0.487048
V 119.761 57.915 0.093 0.511507 0.487063
V 119.792 57.416 0.093 0.511519 0.486833
V 119.792 57.416 -0.510 0.511519 0.486833
V 119.761 57.915 -0.510 0.511507 0.487063
V 119.792 57.416 0.093 0.511519 0.486833
V 119.822 56.917 0.093 0.511531 0.486603
V 119.822 56.917 -0.510 0.511531 0.486603
V 119.792 57.416 -0.510 0.511519 0.486833
V 119.822 56.917 0.093 0.511531 0.486603
V 119.852 56.418 0.093 0.511544 0.486373
V 119.852 56.418 -1.789 0.511544 0.486373
V 119.822 56.917 -1.789 0.511531 0.486603
V 119.868 56.410 0.093 0.511551 0.486369
V 120.227 56.668 0.093 0.511716 0.486487
V 120.227 56.668 -0.524 0.511716 0.486487
V 119.868 56.410 -0.524 0.511551 0.486369
V 120.227 56.668 0.093 0.511716 0.486487
V 120.585 56.925 0.093 0.511881 0.486604
V 120.585 56.925 -0.543 0.511881 0.486604
V 120.227 56.668 -0.543 0.511716 0.486487
V 120.585 56.925 0.093 0.511881 0.486604
V 120.943 57.182 0.093 0.512047 0.486721
V 120.943 57.182 -0.562 0.512047 0.486721
V 120.585 56.925 -0.562 0.511881 0.486604
V 120.943 57.182 0.093 0.512047 0.486721
V 121.301 57.440 0.093 0.512212 0.486839
V 121.301 57.440 -0.580 0.512212 0.486839
V 120.943 57.182 -0.580 0.512047 0.486721
V 121.301 57.440 0.093 0.512212 0.486839
V 121.659 57.697 0.093 0.512377 0.486956
V 121.659 57.697 -0.599 0.512377 0.486956
V 121.301 57.440 -0.599 0.512212 0.486839
V 121.659 57.697 0.093 0.512377 0.486956
V 122.018 57.955 0.093 0.512543 0.487073
V 122.018 57.955 -0.617 0.512543 0.487073
V 121.659 57.697 -0.617 0.512377 0.486956
V 122.018 57.955 0.093 0.512543 0.487073
V 122.376 58.212 0.093 0.512708 0.487190
V 122.376 58.212 -0.636 0.512708 0.487190
V 122.018 57.955 -0.636 0.512543 0.487073
V 122.364 58.228 0.093 0.512703 0.487198
V 121.959 57.937 0.093 0.512516 0.487065
V 121.959 57.937 -1.770 0.512516 0.487065
V 122.364 58.228 -1.770 0.512703 0.487198
V 121.959 57.937 0.093 0.512516 0.487065
V 121.555 57.647 0.093 0.512329 0.486933
V 121.555 57.647 -1.745 0.512329 0.486933
V 121.959 57.937 -1.745 0.512516 0.487065
V 121.555 57.647 0.093 0.512329 0.486933
V 121.150 57.356 0.093 0.512142 0.486800
V 121.150 57.356 -1.735 0.512142 0.486800
V 121.555 57.647 -1.735 0.512329 0.486933
V 121.150 57.356 0.093 0.512142 0.486800
V 120.745 57.065 0.093 0.511956 0.486668
V 120.745 57.065 -1.725 0.511956 0.486668
V 121.150 57.356 -1.725 0.512142 0.486800
V 120.745 57.065 0.093 0.511956 0.486668
V 120.340 56.774 0.093 0.511769 0.486535
V 120.340 56.774 -1.751 0.511769 0.486535
V 120.745 57.065 -1.751 0.511956 0.486668
V 120.340 56.774 0.093 0.511769 0.486535
V 119.936 56.483 0.093 0.511582 0.486403
V 119.936 56.483 -1.795 0.511582 0.486403
V 120.340 56.774 -1.795 0.511769 0.486535
V 119.936 56.483 0.093 0.511582 0.486403
V 119.531 56.193 0.093 0.511395 0.486270
V 119.531 56.193 -1.825 0.511395 0.486270
V 119.936 56.483 -1.825 0.511582 0.486403
V 119.531 56.193 0.093 0.511395 0.486270
V 119.126 55.902 0.093 0.511208 0.486138
V 119.126 55.902 -1.839 0.511208 0.486138
V 119.531 56.193 -1.839 0.511395 0.486270
V 119.126 55.902 0.093 0.511208 0.486138
V 118.722 55.611 0.093 0.511022 0.486005
V 118.722 55.611 -1.852 0.511022 0.486005
V 119.126 55.902 -1.852 0.511208 0.486138
V 118.722 55.611 0.093 0.511022 0.486005
V 118.317 55.320 0.093 0.510835 0.485873
V 118.317 55.320 -1.897 0.510835 0.485873
V 118.722 55.611 -1.897 0.511022 0.486005
V 118.317 55.320 0.093 0.510835 0.485873
V 117.912 55.029 0.093 0.510648 0.485740
V 117.912 55.029 -1.947 0.510648 0.485740
V 118.317 55.320 -1.947 0.510835 0.485873
V 117.912 55.029 0.093 0.510648 0.485740
V 117.507 54.739 0.093 0.510461 0.485608
V 117.507 54.739 -1.996 0.510461 0.485608
V 117.912 55.029 -1.996 0.510648 0.485740
V 117.507 54.739 0.093 0.510461 0.485608
V 117.103 54.448 0.093 0.510274 0.485475
V 117.103 54.448 -2.043 0.510274 0.485475
V 117.507 54.739 -2.043 0.510461 0.485608
V 117.103 54.448 0.093 0.510274 0.485475
V 116.698 54.157 0.093 0.510087 0.485343
V 116.698 54.157 -2.105 0.510087 0.485343
V 117.103 54.448 -2.105 0.510274 0.485475
V 116.698 54.157 0.093 0.510087 0.485343
V 116.293 53.866 0.093 0.509901 0.485210
V 116.293 53.866 -2.189 0.509901 0.485210
V 116.698 54.157 -2.189 0.510087 0.485343
V 116.293 53.866 0.093 0.509901 0.485210
V 115.888 53.575 0.093 0.509714 0.485078
V 115.888 53.575 -2.276 0.509714 0.485078
V 116.293 53.866 -2.276 0.509901 0.485210
V 115.888 53.575 0.093 0.509714 0.485078
V 115.484 53.285 0.093 0.509527 0.484945
V 115.484 53.285 -2.341 0.509527 0.484945
V 115.888 53.575 -2.341 0.509714 0.485078
V 115.484 53.285 0.093 0.509527 0.484945
V 115.079 52.994 0.093 0.509340 0.484813
V 115.079 52.994 -2.407 0.509340 0.484813
V 115.484 53.285 -2.407 0.509527 0.484945
V 115.079 52.994 0.093 0.509340 0.484813
V 114.674 52.703 0.093 0.509153 0.484680
V 114.674 52.703 -2.473 0.509153 0.484680
V 115.079 52.994 -2.473 0.509340 0.484813
V 114.674 52.703 0.093 0.509153 0.484680
V 114.269 52.412 0.093 0.508967 0.484548
V 114.269 52.412 -2.529 0.508967 0.484548
V 114.674 52.703 -2.529 0.509153 0.484680
V 114.269 52.412 0.093 0.508967 0.484548
V 113.865 52.122 0.093 0.508780 0.484415
V 113.865 52.122 -2.575 0.508780 0.484415
V 114.269 52.412 -2.575 0.508967 0.484548
V 113.865 52.122 0.093 0.508780 0.484415
V 113.460 51.831 0.093 0.508593 0.484283
V 113.460 51.831 -2.597 0.508593 0.484283
V 113.865 52.122 -2.597 0.508780 0.484415
V 113.460 51.831 0.093 0.508593 0.484283
V 113.055 51.540 0.093 0.508406 0.484150
V 113.055 51.540 -2.597 0.508406 0.484150
V 113.460 51.831 -2.597 0.508593 0.484283
V 113.055 51.540 0.093 0.508406 0.484150
V 112.650 51.249 0.093 0.508219 0.484018
V 112.650 51.249 -2.573 0.508219 0.484018
V 113.055 51.540 -2.573 0.508406 0.484150
V 112.650 51.249 0.093 0.508219 0.484018
V 112.246 50.958 0.093 0.508033 0.483885
V 112.246 50.958 -2.573 0.508033 0.483885
V 112.650 51.249 -2.573 0.508219 0.484018
V 112.246 50.958 0.093 0.508033 0.483885
V 111.841 50.668 0.093 0.507846 0.483753
V 111.841 50.668 -2.557 0.507846 0.483753
V 112.246 50.958 -2.557 0.508033 0.483885
V 111.841 50.668 0.093 0.507846 0.483753
V 111.436 50.377 0.093 0.507659 0.483620
V 111.436 50.377 -2.539 0.507659 0.483620
V 111.841 50.668 -2.539 0.507846 0.483753
V 111.436 50.377 0.093 0.507659 0.483620
V 111.032 50.086 0.093 0.507472 0.483488
V 111.032 50.086 -2.556 0.507472 0.483488
V 111.436 50.377 -2.556 0.507659 0.483620
V 111.032 50.086 0.093 0.507472 0.483488
V 110.627 49.795 0.093 0.507285 0.483355
V 110.627 49.795 -2.560 0.507285 0.483355
V 111.032 50.086 -2.560 0.507472 0.483488
V 110.627 49.795 0.093 0.507285 0.483355
V 110.222 49.504 0.093 0.507098 0.483223
V 110.222 49.504 -2.566 0.507098 0.483223
V 110.627 49.795 -2.566 0.507285 0.483355
V 110.222 49.504 0.093 0.507098 0.483223
V 109.817 49.214 0.093 0.506912 0.483090
V 109.817 49.214 -2.593 0.506912 0.483090
V 110.222 49.504 -2.593 0.507098 0.483223
V 109.817 49.214 0.093 0.506912 0.483090
V 109.413 48.923 0.093 0.506725 0.482958
V 109.413 48.923 -2.640 0.506725 0.482958
V 109.817 49.214 -2.640 0.506912 0.483090
V 109.413 48.923 0.093 0.506725 0.482958
V 109.008 48.632 0.093 0.506538 0.482825
V 109.008 48.632 -2.688 0.506538 0.482825
V 109.413 48.923 -2.688 0.506725 0.482958
V 109.008 48.632 0.093 0.506538 0.482825
V 108.603 48.341 0.093 0.506351 0.482693
V 108.603 48.341 -2.738 0.506351 0.482693
V 109.008 48.632 -2.738 0.506538 0.482825
V 108.603 48.341 0.093 0.506351 0.482693
V 108.198 48.050 0.093 0.506164 0.482560
V 108.198 48.050 -2.799 0.506164 0.482560
V 108.603 48.341 -2.799 0.506351 0.482693
V 108.198 48.050 0.093 0.506164 0.482560
V 107.794 47.760 0.093 0.505978 0.482428
V 107.794 47.760 -2.857 0.505978 0.482428
V 108.198 48.050 -2.857 0.506164 0.482560
V 107.794 47.760 0.093 0.505978 0.482428
V 107.389 47.469 0.093 0.505791 0.482295
V 107.389 47.469 -2.915 0.505791 0.482295
V 107.794 47.760 -2.915 0.505978 0.482428
V 107.389 47.469 0.093 0.505791 0.482295
V 106.984 47.178 0.093 0.505604 0.482163
V 106.984 47.178 -2.978 0.505604 0.482163
V 107.389 47.469 -2.978 0.505791 0.482295
V 106.984 47.178 0.093 0.505604 0.482163
V 106.606 46.888 0.093 0.505429 0.482030
V 106.606 46.888 -3.059 0.505429 0.482030
V 106.984 47.178 -3.059 0.505604 0.482163
V 106.606 46.888 0.093 0.505429 0.482030
V 106.227 46.598 0.093 0.505254 0.481898
V 106.227 46.598 -3.141 0.505254 0.481898
V 106.606 46.888 -3.141 0.505429 0.482030
V 106.227 46.598 0.093 0.505254 0.481898
V 105.849 46.308 0.093 0.505080 0.481766
V 105.849 46.308 -3.222 0.505080 0.481766
V 106.227 46.598 -3.222 0.505254 0.481898
V 105.849 46.308 0.093 0.505080 0.481766
V 105.471 46.018 0.093 0.504905 0.481634
V 105.471 46.018 -3.302 0.504905 0.481634
V 105.849 46.308 -3.302 0.505080 0.481766
V 105.471 46.018 0.093 0.504905 0.481634
V 105.092 45.728 0.093 0.504730 0.481501
V 105.092 45.728 -3.413 0.504730 0.481501
V 105.471 46.018 -3.413 0.504905 0.481634
V 105.092 45.728 0.093 0.504730 0.481501
V 104.714 45.438 0.093 0.504556 0.481369
V 104.714 45.438 -3.515 0.504556 0.481369
V 105.092 45.728 -3.515 0.504730 0.481501
V 104.714 45.438 0.093 0.504556 0.481369
V 104.336 45.148 0.093 0.504381 0.481237
V 104.336 45.148 -3.607 0.504381 0.481237
V 104.714 45.438 -3.607 0.504556 0.481369
V 104.336 45.148 0.093 0.504381 0.481237
V 103.957 44.858 0.093 0.504206 0.481105
V 103.957 44.858 -3.690 0.504206 0.481105
V 104.336 45.148 -3.690 0.504381 0.481237
V 103.957 44.858 0.093 0.504206 0.481105
V 103.579 44.568 0.093 0.504032 0.480972
V 103.579 44.568 -3.770 0.504032 0.480972
V 103.957 44.858 -3.770 0.504206 0.481105
V 103.579 44.568 0.093 0.504032 0.480972
V 103.201 44.278 0.093 0.503857 0.480840
V 103.201 44.278 -3.849 0.503857 0.480840
V 103.579 44.568 -3.849 0.504032 0.480972
V 103.201 44.278 0.093 0.503857 0.480840
V 102.822 43.988 0.093 0.503682 0.480708
V 102.822 43.988 -3.893 0.503682 0.480708
V 103.201 44.278 -3.893 0.503857 0.480840
V 102.822 43.988 0.093 0.503682 0.480708
V 102.444 43.698 0.093 0.503508 0.480576
V 102.444 43.698 -3.936 0.503508 0.480576
V 102.822 43.988 -3.936 0.503682 0.480708
V 102.444 43.698 0.093 0.503508 0.480576
V 102.066 43.408 0.093 0.503333 0.480443
V 102.066 43.408 -3.980 0.503333 0.480443
V 102.444 43.698 -3.980 0.503508 0.480576
V 102.066 43.408 0.093 0.503333 0.480443
V 101.687 43.118 0.093 0.503158 0.480311
V 101.687 43.118 -4.021 0.503158 0.480311
V 102.066 43.408 -4.021 0.503333 0.480443
V 101.687 43.118 0.093 0.503158 0.480311
V 101.309 42.828 0.093 0.502983 0.480179
V 101.309 42.828 -4.041 0.502983 0.480179
V 101.687 43.118 -4.041 0.503158 0.480311
V 101.309 42.828 0.093 0.502983 0.480179
V 100.931 42.538 0.093 0.502809 0.480047
V 100.931 42.538 -4.046 0.502809 0.480047
V 101.309 42.828 -4.046 0.502983 0.480179
V 100.931 42.538 0.093 0.502809 0.480047
V 100.552 42.248 0.093 0.502634 0.479915
V 100.552 42.248 -4.059 0.502634 0.479915
V 100.931 42.538 -4.059 0.502809 0.480047
V 100.552 42.248 0.093 0.502634 0.479915
V 100.174 41.958 0.093 0.502459 0.479782
V 100.174 41.958 -4.059 0.502459 0.479782
V 100.552 42.248 -4.059 0.502634 0.479915
V 100.186 41.958 0.093 0.502465 0.479782
V 99.786 42.229 0.093 0.502283 0.479909
V 99.786 42.229 -4.057 0.502283 0.479909
V 100.186 41.958 -4.057 0.502465 0.479782
V 99.786 42.229 0.093 0.502283 0.479909
V 99.387 42.500 0.093 0.502100 0.480035
V 99.387 42.500 -4.041 0.502100 0.480035
V 99.786 42.229 -4.041 0.502283 0.479909
V 99.387 42.500 0.093 0.502100 0.480035
V 98.988 42.771 0.093 0.501918 0.480161
V 98.988 42.771 -4.033 0.501918 0.480161
V 99.387 42.500 -4.033 0.502100 0.480035
V 98.988 42.771 0.093 0.501918 0.480161
V 98.589 43.041 0.093 0.501736 0.480288
V 98.589 43.041 -4.043 0.501736 0.480288
V 98.988 42.771 -4.043 0.501918 0.480161
V 98.589 43.041 0.093 0.501736 0.480288
V 98.190 43.312 0.093 0.501554 0.480414
V 98.190 43.312 -4.079 0.501554 0.480414
V 98.589 43.041 -4.079 0.501736 0.480288
V 98.190 43.312 0.093 0.501554 0.480414
V 97.790 43.583 0.093 0.501372 0.480540
V 97.790 43.583 -4.134 0.501372 0.480540
V 98.190 43.312 -4.134 0.501554 0.480414
V 97.790 43.583 0.093 0.501372 0.480540
V 97.391 43.854 0.093 0.501189 0.480666
V 97.391 43.854 -4.210 0.501189 0.480666
V 97.790 43.583 -4.210 0.501372 0.480540
V 97.391 43.854 0.093 0.501189 0.480666
V 96.992 44.125 0.093 0.501007 0.480793
V 96.992 44.125 -4.286 0.501007 0.480793
V 97.391 43.854 -4.286 0.501189 0.480666
V 96.992 44.125 0.093 0.501007 0.480793
V 96.593 44.395 0.093 0.500825 0.480919
V 96.593 44.395 -4.361 0.500825 0.480919
V 96.992 44.125 -4.361 0.501007 0.480793
V 96.593 44.395 0.093 0.500825 0.480919
V 96.194 44.666 0.093 0.500643 0.481045
V 96.194 44.666 -4.389 0.500643 0.481045
V 96.593 44.395 -4.389 0.500825 0.480919
V 96.194 44.666 0.093 0.500643 0.481045
V 95.794 44.937 0.093 0.500461 0.481171
V 95.794 44.937 -4.389 0.500461 0.481171
V 96.194 44.666 -4.389 0.500643 0.481045
V 95.794 44.937 0.093 0.500461 0.481171
V 95.395 45.208 0.093 0.500278 0.481298
V 95.395 45.208 -4.384 0.500278 0.481298
V 95.794 44.937 -4.384 0.500461 0.481171
V 95.395 45.208 0.093 0.500278 0.481298
V 94.996 45.479 0.093 0.500096 0.481424
V 94.996 45.479 -4.359 0.500096 0.481424
V 95.395 45.208 -4.359 0.500278 0.481298
V 94.996 45.479 0.093 0.500096 0.481424
V 94.597 45.749 0.093 0.499914 0.481550
V 94.597 45.749 -4.342 0.499914 0.481550
V 94.996 45.479 -4.342 0.500096 0.481424
V 94.597 45.749 0.093 0.499914 0.481550
V 94.198 46.020 0.093 0.499732 0.481677
V 94.198 46.020 -4.272 0.499732 0.481677
V 94.597 45.749 -4.272 0.499914 0.481550
V 94.198 46.020 0.093 0.499732 0.481677
V 93.798 46.291 0.093 0.499550 0.481803
V 93.798 46.291 -4.202 0.499550 0.481803
V 94.198 46.020 -4.202 0.499732 0.481677
V 93.798 46.291 0.093 0.499550 0.481803
V 93.399 46.562 0.093 0.499367 0.481929
V 93.399 46.562 -4.132 0.499367 0.481929
V 93.798 46.291 -4.132 0.499550 0.481803
V 93.399 46.562 0.093 0.499367 0.481929
V 93.000 46.833 0.093 0.499185 0.482055
V 93.000 46.833 -4.050 0.499185 0.482055
V 93.399 46.562 -4.050 0.499367 0.481929
V 93.000 46.833 0.093 0.499185 0.482055
V 92.601 47.103 0.093 0.499003 0.482182
V 92.601 47.103 -3.961 0.499003 0.482182
V 93.000 46.833 -3.961 0.499185 0.482055
V 92.601 47.103 0.093 0.499003 0.482182
V 92.202 47.374 0.093 0.498821 0.482308
V 92.202 47.374 -3.873 0.498821 0.482308
V 92.601 47.103 -3.873 0.499003 0.482182
V 92.202 47.374 0.093 0.498821 0.482308
V 91.802 47.645 0.093 0.498639 0.482434
V 91.802 47.645 -3.784 0.498639 0.482434
V 92.202 47.374 -3.784 0.498821 0.482308
V 91.802 47.645 0.093 0.498639 0.482434
V 91.403 47.916 0.093 0.498456 0.482561
V 91.403 47.916 -3.690 0.498456 0.482561
V 91.802 47.645 -3.690 0.498639 0.482434
V 91.403 47.916 0.093 0.498456 0.482561
V 91.004 48.187 0.093 0.498274 0.482687
V 91.004 48.187 -3.609 0.498274 0.482687
V 91.403 47.916 -3.609 0.498456 0.482561
V 91.004 48.187 0.093 0.498274 0.482687
V 90.605 48.457 0.093 0.498092 0.482813
V 90.605 48.457 -3.528 0.498092 0.482813
V 91.004 48.187 -3.528 0.498274 0.482687
V 90.605 48.457 0.093 0.498092 0.482813
V 90.206 48.728 0.093 0.497910 0.482939
V 90.206 48.728 -3.440 0.497910 0.482939
V 90.605 48.457 -3.440 0.498092 0.482813
V 114.051 62.766 0.093 0.508905 0.489320
V 114.076 62.366 0.093 0.508914 0.489136
V 114.076 62.366 -0.076 0.508914 0.489136
V 114.051 62.766 -0.076 0.508905 0.489320
V 114.076 62.366 0.093 0.508914 0.489136
V 114.100 61.967 0.093 0.508924 0.488952
V 114.100 61.967 -0.076 0.508924 0.488952
V 114.076 62.366 -0.076 0.508914 0.489136
V 114.100 61.967 0.093 0.508924 0.488952
V 114.125 61.567 0.093 0.508934 0.488767
V 114.125 61.567 -0.076 0.508934 0.488767
V 114.100 61.967 -0.076 0.508924 0.488952
V 114.125 61.567 0.093 0.508934 0.488767
V 114.149 61.168 0.093 0.508944 0.488583
V 114.149 61.168 -0.076 0.508944 0.488583
V 114.125 61.567 -0.076 0.508934 0.488767
V 114.149 61.168 0.093 0.508944 0.488583
V 114.173 60.768 0.093 0.508953 0.488399
V 114.173 60.768 -0.076 0.508953 0.488399
V 114.149 61.168 -0.076 0.508944 0.488583
V 114.193 60.769 0.093 0.508963 0.488399
V 114.169 61.169 0.093 0.508953 0.488584
V 114.169 61.169 -0.007 0.508953 0.488584
V 114.193 60.769 -0.007 0.508963 0.488399
V 114.169 61.169 0.093 0.508953 0.488584
V 114.144 61.569 0.093 0.508943 0.488768
V 114.144 61.569 -0.007 0.508943 0.488768
V 114.169 61.169 -0.007 0.508953 0.488584
V 114.144 61.569 0.093 0.508943 0.488768
V 114.120 61.968 0.093 0.508933 0.488952
V 114.120 61.968 -0.007 0.508933 0.488952
V 114.144 61.569 -0.007 0.508943 0.488768
V 114.120 61.968 0.093 0.508933 0.488952
V 114.096 62.368 0.093 0.508924 0.489136
V 114.096 62.368 -0.007 0.508924 0.489136
V 114.120 61.968 -0.007 0.508933 0.488952
V 114.096 62.368 0.093 0.508924 0.489136
V 114.071 62.767 0.093 0.508914 0.489320
V 114.071 62.767 -0.007 0.508914 0.489320
V 114.096 62.368 -0.007 0.508924 0.489136
V 33.601 60.900 4.307 0.471978 0.488759
V 33.601 60.900 4.307 0.471979 0.488759
V 33.601 60.900 3.445 0.471979 0.488759
V 33.601 60.900 3.445 0.471978 0.488759
V 33.601 60.900 4.307 0.471978 0.488759
V 34.092 60.930 4.261 0.472204 0.488771
V 34.092 60.930 3.445 0.472204 0.488771
V 33.601 60.900 3.445 0.471978 0.488759
V 34.092 60.930 4.261 0.472204 0.488771
V 34.582 60.959 4.214 0.472429 0.488782
V 34.582 60.959 3.445 0.472429 0.488782
V 34.092 60.930 3.445 0.472204 0.488771
V 34.582 60.959 4.214 0.472429 0.488782
V 35.073 60.989 4.155 0.472654 0.488794
V 35.073 60.989 3.445 0.472654 0.488794
V 34.582 60.959 3.445 0.472429 0.488782
V 35.073 60.989 4.155 0.472654 0.488794
V 35.564 61.019 4.096 0.472879 0.488806
V 35.564 61.019 3.445 0.472879 0.488806
V 35.073 60.989 3.445 0.472654 0.488794
V 35.564 61.019 4.096 0.472879 0.488806
V 36.054 61.048 4.037 0.473105 0.488818
V 36.054 61.048 3.445 0.473105 0.488818
V 35.564 61.019 3.445 0.472879 0.488806
V 36.054 61.048 4.037 0.473105 0.488818
V 36.545 61.078 3.978 0.473330 0.488830
V 36.545 61.078 3.445 0.473330 0.488830
V 36.054 61.048 3.445 0.473105 0.488818
V 36.545 61.078 3.978 0.473330 0.488830
V 37.036 61.108 3.920 0.473555 0.488842
V 37.036 61.108 3.445 0.473555 0.488842
V 36.545 61.078 3.445 0.473330 0.488830
V 37.036 61.108 3.920 0.473555 0.488842
V 37.526 61.137 3.861 0.473781 0.488854
V 37.526 61.137 3.445 0.473781 0.488854
V 37.036 61.108 3.445 0.473555 0.488842
V 37.526 61.137 3.861 0.473781 0.488854
V 38.017 61.167 3.802 0.474006 0.488865
V 38.017 61.167 3.445 0.474006 0.488865
V 37.526 61.137 3.445 0.473781 0.488854
V 38.017 61.167 3.802 0.474006 0.488865
V 38.508 61.197 3.743 0.474231 0.488877
V 38.508 61.197 3.445 0.474231 0.488877
V 38.017 61.167 3.445 0.474006 0.488865
V 38.508 61.197 3.743 0.474231 0.488877
V 38.998 61.226 3.684 0.474456 0.488889
V 38.998 61.226 3.445 0.474456 0.488889
V 38.508 61.197 3.445 0.474231 0.488877
V 38.998 61.226 3.684 0.474456 0.488889
V 39.489 61.256 3.625 0.474682 0.488901
V 39.489 61.256 3.445 0.474682 0.488901
V 38.998 61.226 3.445 0.474456 0.488889
V 39.489 61.256 3.625 0.474682 0.488901
V 39.980 61.285 3.566 0.474907 0.488913
V 39.980 61.285 3.445 0.474907 0.488913
V 39.489 61.256 3.445 0.474682 0.488901
V 39.980 61.285 3.566 0.474907 0.488913
V 40.470 61.315 3.507 0.475132 0.488925
V 40.470 61.315 3.445 0.475132 0.488925
V 39.980 61.285 3.445 0.474907 0.488913
V 67.183 62.929 2.751 0.487397 0.489569
V 67.674 62.959 2.769 0.487622 0.489581
V 67.674 62.959 1.691 0.487622 0.489581
V 67.183 62.929 1.691 0.487397 0.489569
V 67.674 62.959 2.769 0.487622 0.489581
V 68.164 62.989 2.769 0.487848 0.489593
V 68.164 62.989 1.525 0.487848 0.489593
V 67.674 62.959 1.525 0.487622 0.489581
V 68.164 62.989 2.769 0.487848 0.489593
V 68.655 63.018 2.741 0.488073 0.489605
V 68.655 63.018 1.525 0.488073 0.489605
V 68.164 62.989 1.525 0.487848 0.489593
V 68.655 63.018 2.741 0.488073 0.489605
V 69.142 63.048 2.694 0.488296 0.489617
V 69.142 63.048 1.525 0.488296 0.489617
V 68.655 63.018 1.525 0.488073 0.489605
V 69.142 63.048 2.694 0.488296 0.489617
V 69.629 63.077 2.641 0.488520 0.489628
V 69.629 63.077 1.525 0.488520 0.489628
V 69.142 63.048 1.525 0.488296 0.489617
V 69.629 63.077 2.641 0.488520 0.489628
V 70.115 63.106 2.583 0.488743 0.489640
V 70.115 63.106 1.525 0.488743 0.489640
V 69.629 63.077 1.525 0.488520 0.489628
V 70.115 63.106 2.583 0.488743 0.489640
V 70.602 63.136 2.524 0.488967 0.489652
V 70.602 63.136 1.525 0.488967 0.489652
V 70.115 63.106 1.525 0.488743 0.489640
V 70.602 63.136 2.524 0.488967 0.489652
V 71.089 63.165 2.466 0.489190 0.489664
V 71.089 63.165 1.525 0.489190 0.489664
V 70.602 63.136 1.525 0.488967 0.489652
V 71.089 63.165 2.466 0.489190 0.489664
V 71.575 63.195 2.407 0.489414 0.489675
V 71.575 63.195 1.525 0.489414 0.489675
V 71.089 63.165 1.525 0.489190 0.489664
V 71.575 63.195 2.407 0.489414 0.489675
V 72.062 63.224 2.349 0.489637 0.489687
V 72.062 63.224 1.525 0.489637 0.489687
V 71.575 63.195 1.525 0.489414 0.489675
V 72.062 63.224 2.349 0.489637 0.489687
V 72.549 63.254 2.290 0.489861 0.489699
V 72.549 63.254 1.525 0.489861 0.489699
V 72.062 63.224 1.525 0.489637 0.489687
V 72.549 63.254 2.290 0.489861 0.489699
V 73.036 63.283 2.232 0.490084 0.489711
V 73.036 63.283 1.525 0.490084 0.489711
V 72.549 63.254 1.525 0.489861 0.489699
V 73.036 63.283 2.232 0.490084 0.489711
V 73.522 63.312 2.173 0.490308 0.489722
V 73.522 63.312 1.525 0.490308 0.489722
V 73.036 63.283 1.525 0.490084 0.489711
V 73.522 63.312 2.173 0.490308 0.489722
V 74.009 63.342 2.115 0.490531 0.489734
V 74.009 63.342 1.525 0.490531 0.489734
V 73.522 63.312 1.525 0.490308 0.489722
V 74.009 63.342 2.115 0.490531 0.489734
V 74.496 63.371 2.056 0.490754 0.489746
V 74.496 63.371 1.525 0.490754 0.489746
V 74.009 63.342 1.525 0.490531 0.489734
V 74.496 63.371 2.056 0.490754 0.489746
V 74.982 63.401 1.998 0.490978 0.489758
V 74.982 63.401 1.525 0.490978 0.489758
V 74.496 63.371 1.525 0.490754 0.489746
V 74.982 63.401 1.998 0.490978 0.489758
V 75.469 63.430 1.939 0.491201 0.489769
V 75.469 63.430 1.525 0.491201 0.489769
V 74.982 63.401 1.525 0.490978 0.489758
V 75.469 63.430 1.939 0.491201 0.489769
V 75.956 63.459 1.881 0.491425 0.489781
V 75.956 63.459 1.525 0.491425 0.489781
V 75.469 63.430 1.525 0.491201 0.489769
V 75.956 63.459 1.881 0.491425 0.489781
V 76.443 63.489 1.822 0.491648 0.489793
V 76.443 63.489 1.525 0.491648 0.489793
V 75.956 63.459 1.525 0.491425 0.489781
V 76.443 63.489 1.822 0.491648 0.489793
V 76.929 63.518 1.764 0.491872 0.489805
V 76.929 63.518 1.525 0.491872 0.489805
V 76.443 63.489 1.525 0.491648 0.489793
V 76.929 63.518 1.764 0.491872 0.489805
V 77.416 63.548 1.705 0.492095 0.489816
V 77.416 63.548 1.525 0.492095 0.489816
V 76.929 63.518 1.525 0.491872 0.489805
V 77.416 63.548 1.705 0.492095 0.489816
V 77.903 63.577 1.646 0.492319 0.489828
V 77.903 63.577 1.525 0.492319 0.489828
V 77.416 63.548 1.525 0.492095 0.489816
V 77.903 63.577 1.646 0.492319 0.489828
V 78.389 63.606 1.588 0.492542 0.489840
V 78.389 63.606 1.525 0.492542 0.489840
V 77.903 63.577 1.525 0.492319 0.489828
V 101.201 64.985 0.393 0.503016 0.490390
V 101.686 65.014 0.393 0.503238 0.490402
V 101.686 65.014 0.196 0.503238 0.490402
V 101.201 64.985 0.196 0.503016 0.490390
V 101.686 65.014 0.393 0.503238 0.490402
V 102.170 65.043 0.393 0.503461 0.490414
V 102.170 65.043 0.196 0.503461 0.490414
V 101.686 65.014 0.196 0.503238 0.490402
V 102.170 65.043 0.393 0.503461 0.490414
V 102.655 65.073 0.393 0.503683 0.490425
V 102.655 65.073 0.196 0.503683 0.490425
V 102.170 65.043 0.196 0.503461 0.490414
V 102.655 65.073 0.393 0.503683 0.490425
V 103.140 65.102 0.393 0.503906 0.490437
V 103.140 65.102 0.196 0.503906 0.490437
V 102.655 65.073 0.196 0.503683 0.490425
V 103.140 65.102 0.393 0.503906 0.490437
V 103.626 65.131 0.393 0.504129 0.490449
V 103.626 65.131 0.196 0.504129 0.490449
V 103.140 65.102 0.196 0.503906 0.490437
V 103.626 65.131 0.393 0.504129 0.490449
V 104.112 65.161 0.393 0.504353 0.490461
V 104.112 65.161 0.196 0.504353 0.490461
V 103.626 65.131 0.196 0.504129 0.490449
V 104.112 65.161 0.393 0.504353 0.490461
V 104.598 65.190 0.393 0.504576 0.490472
V 104.598 65.190 0.196 0.504576 0.490472
V 104.112 65.161 0.196 0.504353 0.490461
V 104.598 65.190 0.393 0.504576 0.490472
V 105.084 65.220 0.393 0.504799 0.490484
V 105.084 65.220 0.196 0.504799 0.490484
V 104.598 65.190 0.196 0.504576 0.490472
V 105.084 65.220 0.393 0.504799 0.490484
V 105.570 65.249 0.393 0.505022 0.490496
V 105.570 65.249 0.196 0.505022 0.490496
V 105.084 65.220 0.196 0.504799 0.490484
V 105.570 65.249 0.393 0.505022 0.490496
V 106.056 65.278 0.393 0.505245 0.490507
V 106.056 65.278 0.196 0.505245 0.490507
V 105.570 65.249 0.196 0.505022 0.490496
V 106.056 65.278 0.393 0.505245 0.490507
V 106.542 65.308 0.393 0.505468 0.490519
V 106.542 65.308 0.196 0.505468 0.490519
V 106.056 65.278 0.196 0.505245 0.490507
V 106.542 65.308 0.393 0.505468 0.490519
V 107.028 65.337 0.393 0.505691 0.490531
V 107.028 65.337 0.196 0.505691 0.490531
V 106.542 65.308 0.196 0.505468 0.490519
V 107.028 65.337 0.393 0.505691 0.490531
V 107.514 65.366 0.393 0.505915 0.490543
V 107.514 65.366 0.196 0.505915 0.490543
V 107.028 65.337 0.196 0.505691 0.490531
V 107.514 65.366 0.393 0.505915 0.490543
V 108.000 65.396 0.393 0.506138 0.490554
V 108.000 65.396 0.196 0.506138 0.490554
V 107.514 65.366 0.196 0.505915 0.490543
V 108.000 65.396 0.393 0.506138 0.490554
V 108.487 65.425 0.393 0.506361 0.490566
V 108.487 65.425 0.196 0.506361 0.490566
V 108.000 65.396 0.196 0.506138 0.490554
V 108.487 65.425 0.393 0.506361 0.490566
V 108.974 65.455 0.393 0.506585 0.490578
V 108.974 65.455 0.196 0.506585 0.490578
V 108.487 65.425 0.196 0.506361 0.490566
V 108.974 65.455 0.393 0.506585 0.490578
V 109.461 65.484 0.390 0.506808 0.490590
V 109.461 65.484 0.196 0.506808 0.490590
V 108.974 65.455 0.196 0.506585 0.490578
V 109.461 65.484 0.390 0.506808 0.490590
V 109.948 65.513 0.380 0.507032 0.490601
V 109.948 65.513 0.196 0.507032 0.490601
V 109.461 65.484 0.196 0.506808 0.490590
V 109.948 65.513 0.380 0.507032 0.490601
V 110.435 65.543 0.361 0.507255 0.490613
V 110.435 65.543 0.196 0.507255 0.490613
V 109.948 65.513 0.196 0.507032 0.490601
V 110.435 65.543 0.361 0.507255 0.490613
V 110.922 65.572 0.320 0.507479 0.490625
V 110.922 65.572 0.196 0.507479 0.490625
V 110.435 65.543 0.196 0.507255 0.490613
V 110.922 65.572 0.320 0.507479 0.490625
V 111.409 65.602 0.275 0.507703 0.490637
V 111.409 65.602 0.196 0.507703 0.490637
V 110.922 65.572 0.196 0.507479 0.490625
V 111.409 65.602 0.275 0.507703 0.490637
V 111.896 65.631 0.219 0.507926 0.490648
V 111.896 65.631 0.196 0.507926 0.490648
V 111.409 65.602 0.196 0.507703 0.490637
V 113.554 62.746 0.042 0.508676 0.489313
V 113.057 62.716 0.102 0.508448 0.489301
V 113.057 62.716 -0.007 0.508448 0.489301
V 113.554 62.746 -0.007 0.508676 0.489313
V 113.057 62.716 0.102 0.508448 0.489301
V 112.560 62.686 0.162 0.508220 0.489289
V 112.560 62.686 -0.007 0.508220 0.489289
V 113.057 62.716 -0.007 0.508448 0.489301
V 112.560 62.686 0.162 0.508220 0.489289
V 112.064 62.656 0.220 0.507992 0.489277
V 112.064 62.656 -0.007 0.507992 0.489277
V 112.560 62.686 -0.007 0.508220 0.489289
V 112.064 62.656 0.220 0.507992 0.489277
V 111.567 62.626 0.278 0.507764 0.489265
V 111.567 62.626 -0.007 0.507764 0.489265
V 112.064 62.656 -0.007 0.507992 0.489277
V 111.567 62.626 0.278 0.507764 0.489265
V 111.070 62.596 0.323 0.507536 0.489253
V 111.070 62.596 -0.007 0.507536 0.489253
V 111.567 62.626 -0.007 0.507764 0.489265
V 111.070 62.596 0.323 0.507536 0.489253
V 110.574 62.566 0.364 0.507308 0.489241
V 110.574 62.566 -0.007 0.507308 0.489241
V 111.070 62.596 -0.007 0.507536 0.489253
V 110.574 62.566 0.364 0.507308 0.489241
V 110.077 62.536 0.381 0.507080 0.489229
V 110.077 62.536 -0.007 0.507080 0.489229
V 110.574 62.566 -0.007 0.507308 0.489241
V 110.077 62.536 0.381 0.507080 0.489229
V 109.581 62.506 0.391 0.506852 0.489217
V 109.581 62.506 -0.007 0.506852 0.489217
V 110.077 62.536 -0.007 0.507080 0.489229
V 109.581 62.506 0.391 0.506852 0.489217
V 109.084 62.476 0.393 0.506624 0.489205
V 109.084 62.476 -0.007 0.506624 0.489205
V 109.581 62.506 -0.007 0.506852 0.489217
V 109.084 62.476 0.393 0.506624 0.489205
V 108.587 62.446 0.393 0.506396 0.489193
V 108.587 62.446 -0.007 0.506396 0.489193
V 109.084 62.476 -0.007 0.506624 0.489205
V 108.587 62.446 0.393 0.506396 0.489193
V 108.091 62.416 0.393 0.506168 0.489181
V 108.091 62.416 -0.007 0.506168 0.489181
V 108.587 62.446 -0.007 0.506396 0.489193
V 108.091 62.416 0.393 0.506168 0.489181
V 107.594 62.386 0.393 0.505940 0.489169
V 107.594 62.386 -0.007 0.505940 0.489169
V 108.091 62.416 -0.007 0.506168 0.489181
V 107.594 62.386 0.393 0.505940 0.489169
V 107.097 62.356 0.393 0.505712 0.489157
V 107.097 62.356 -0.007 0.505712 0.489157
V 107.594 62.386 -0.007 0.505940 0.489169
V 107.097 62.356 0.393 0.505712 0.489157
V 106.601 62.326 0.393 0.505484 0.489145
V 106.601 62.326 -0.007 0.505484 0.489145
V 107.097 62.356 -0.007 0.505712 0.489157
V 106.601 62.326 0.393 0.505484 0.489145
V 106.104 62.296 0.393 0.505256 0.489133
V 106.104 62.296 -0.007 0.505256 0.489133
V 106.601 62.326 -0.007 0.505484 0.489145
V 106.104 62.296 0.393 0.505256 0.489133
V 105.607 62.266 0.393 0.505028 0.489121
V 105.607 62.266 -0.007 0.505028 0.489121
V 106.104 62.296 -0.007 0.505256 0.489133
V 105.607 62.266 0.393 0.505028 0.489121
V 105.111 62.236 0.393 0.504800 0.489109
V 105.111 62.236 -0.007 0.504800 0.489109
V 105.607 62.266 -0.007 0.505028 0.489121
V 105.111 62.236 0.393 0.504800 0.489109
V 104.614 62.206 0.393 0.504572 0.489097
V 104.614 62.206 -0.007 0.504572 0.489097
V 105.111 62.236 -0.007 0.504800 0.489109
V 104.614 62.206 0.393 0.504572 0.489097
V 104.118 62.176 0.393 0.504344 0.489085
V 104.118 62.176 -0.007 0.504344 0.489085
V 104.614 62.206 -0.007 0.504572 0.489097
V 104.118 62.176 0.393 0.504344 0.489085
V 103.621 62.146 0.393 0.504116 0.489073
V 103.621 62.146 -0.007 0.504116 0.489073
V 104.118 62.176 -0.007 0.504344 0.489085
V 103.621 62.146 0.393 0.504116 0.489073
V 103.124 62.116 0.393 0.503888 0.489061
V 103.124 62.116 -0.007 0.503888 0.489061
V 103.621 62.146 -0.007 0.504116 0.489073
V 103.124 62.116 0.393 0.503888 0.489061
V 102.628 62.086 0.393 0.503660 0.489049
V 102.628 62.086 -0.007 0.503660 0.489049
V 103.124 62.116 -0.007 0.503888 0.489061
V 102.628 62.086 0.393 0.503660 0.489049
V 102.131 62.056 0.393 0.503432 0.489037
V 102.131 62.056 -0.007 0.503432 0.489037
V 102.628 62.086 -0.007 0.503660 0.489049
V 102.131 62.056 0.393 0.503432 0.489037
V 101.634 62.026 0.393 0.503204 0.489025
V 101.634 62.026 -0.007 0.503204 0.489025
V 102.131 62.056 -0.007 0.503432 0.489037
V 101.634 62.026 0.393 0.503204 0.489025
V 101.138 61.996 0.393 0.502976 0.489013
V 101.138 61.996 -0.007 0.502976 0.489013
V 101.634 62.026 -0.007 0.503204 0.489025
V 101.138 61.996 0.393 0.502976 0.489013
V 100.641 61.966 0.393 0.502748 0.489001
V 100.641 61.966 -0.007 0.502748 0.489001
V 101.138 61.996 -0.007 0.502976 0.489013
V 100.641 61.966 0.393 0.502748 0.489001
V 100.144 61.936 0.393 0.502520 0.488989
V 100.144 61.936 -0.007 0.502520 0.488989
V 100.641 61.966 -0.007 0.502748 0.489001
V 100.144 61.936 0.393 0.502520 0.488989
V 99.648 61.906 0.393 0.502292 0.488977
V 99.648 61.906 -0.007 0.502292 0.488977
V 100.144 61.936 -0.007 0.502520 0.488989
V 99.648 61.906 0.393 0.502292 0.488977
V 99.151 61.876 0.393 0.502064 0.488965
V 99.151 61.876 -0.007 0.502064 0.488965
V 99.648 61.906 -0.007 0.502292 0.488977
V 99.151 61.876 0.393 0.502064 0.488965
V 98.655 61.846 0.393 0.501836 0.488953
V 98.655 61.846 -0.007 0.501836 0.488953
V 99.151 61.876 -0.007 0.502064 0.488965
V 98.655 61.846 0.393 0.501836 0.488953
V 98.158 61.816 0.393 0.501608 0.488941
V 98.158 61.816 -0.007 0.501608 0.488941
V 98.655 61.846 -0.007 0.501836 0.488953
V 98.158 61.816 0.393 0.501608 0.488941
V 97.661 61.786 0.393 0.501380 0.488929
V 97.661 61.786 -0.007 0.501380 0.488929
V 98.158 61.816 -0.007 0.501608 0.488941
V 97.661 61.786 0.393 0.501380 0.488929
V 97.165 61.756 0.393 0.501152 0.488917
V 97.165 61.756 -0.007 0.501152 0.488917
V 97.661 61.786 -0.007 0.501380 0.488929
V 97.165 61.756 0.393 0.501152 0.488917
V 96.668 61.726 0.393 0.500924 0.488905
V 96.668 61.726 -0.007 0.500924 0.488905
V 97.165 61.756 -0.007 0.501152 0.488917
V 96.668 61.726 0.393 0.500924 0.488905
V 96.171 61.696 0.393 0.500696 0.488893
V 96.171 61.696 -0.007 0.500696 0.488893
V 96.668 61.726 -0.007 0.500924 0.488905
V 96.171 61.696 0.393 0.500696 0.488893
V 95.675 61.666 0.393 0.500467 0.488881
V 95.675 61.666 -0.007 0.500467 0.488881
V 96.171 61.696 -0.007 0.500696 0.488893
V 95.675 61.666 0.393 0.500467 0.488881
V 95.178 61.636 0.393 0.500239 0.488869
V 95.178 61.636 -0.007 0.500239 0.488869
V 95.675 61.666 -0.007 0.500467 0.488881
V 95.178 61.636 0.393 0.500239 0.488869
V 94.681 61.606 0.393 0.500011 0.488857
V 94.681 61.606 -0.007 0.500011 0.488857
V 95.178 61.636 -0.007 0.500239 0.488869
V 94.681 61.606 0.393 0.500011 0.488857
V 94.185 61.576 0.393 0.499783 0.488845
V 94.185 61.576 -0.007 0.499783 0.488845
V 94.681 61.606 -0.007 0.500011 0.488857
V 94.185 61.576 0.393 0.499783 0.488845
V 93.688 61.546 0.393 0.499555 0.488833
V 93.688 61.546 -0.007 0.499555 0.488833
V 94.185 61.576 -0.007 0.499783 0.488845
V 93.688 61.546 0.393 0.499555 0.488833
V 93.192 61.515 0.393 0.499327 0.488821
V 93.192 61.515 -0.007 0.499327 0.488821
V 93.688 61.546 -0.007 0.499555 0.488833
V 93.192 61.515 0.393 0.499327 0.488821
V 92.695 61.485 0.393 0.499099 0.488809
V 92.695 61.485 -0.007 0.499099 0.488809
V 93.192 61.515 -0.007 0.499327 0.488821
V 92.695 61.485 0.393 0.499099 0.488809
V 92.198 61.455 0.393 0.498871 0.488797
V 92.198 61.455 -0.007 0.498871 0.488797
V 92.695 61.485 -0.007 0.499099 0.488809
V 92.198 61.455 0.393 0.498871 0.488797
V 91.702 61.425 0.393 0.498643 0.488785
V 91.702 61.425 -0.007 0.498643 0.488785
V 92.198 61.455 -0.007 0.498871 0.488797
V 91.702 61.425 0.393 0.498643 0.488785
V 91.205 61.395 0.386 0.498415 0.488773
V 91.205 61.395 -0.007 0.498415 0.488773
V 91.702 61.425 -0.007 0.498643 0.488785
V 91.205 61.395 0.386 0.498415 0.488773
V 90.708 61.365 0.374 0.498187 0.488761
V 90.708 61.365 -0.007 0.498187 0.488761
V 91.205 61.395 -0.007 0.498415 0.488773
V 90.708 61.365 0.374 0.498187 0.488761
V 90.212 61.335 0.355 0.497959 0.488749
V 90.212 61.335 -0.007 0.497959 0.488749
V 90.708 61.365 -0.007 0.498187 0.488761
V 90.212 61.335 0.355 0.497959 0.488749
V 89.715 61.305 0.331 0.497731 0.488737
V 89.715 61.305 -0.007 0.497731 0.488737
V 90.212 61.335 -0.007 0.497959 0.488749
V 89.715 61.305 0.331 0.497731 0.488737
V 89.218 61.275 0.342 0.497503 0.488725
V 89.218 61.275 -0.007 0.497503 0.488725
V 89.715 61.305 -0.007 0.497731 0.488737
V 89.218 61.275 0.342 0.497503 0.488725
V 88.722 61.245 0.378 0.497275 0.488713
V 88.722 61.245 -0.007 0.497275 0.488713
V 89.218 61.275 -0.007 0.497503 0.488725
V 88.722 61.245 0.378 0.497275 0.488713
V 88.225 61.215 0.427 0.497047 0.488701
V 88.225 61.215 -0.007 0.497047 0.488701
V 88.722 61.245 -0.007 0.497275 0.488713
V 88.225 61.215 0.427 0.497047 0.488701
V 87.729 61.185 0.487 0.496819 0.488689
V 87.729 61.185 -0.007 0.496819 0.488689
V 88.225 61.215 -0.007 0.497047 0.488701
V 87.729 61.185 0.487 0.496819 0.488689
V 87.232 61.155 0.547 0.496591 0.488677
V 87.232 61.155 0.043 0.496591 0.488677
V 87.729 61.185 0.043 0.496819 0.488689
V 87.232 61.155 0.547 0.496591 0.488677
V 86.735 61.125 0.606 0.496363 0.488665
V 86.735 61.125 0.043 0.496363 0.488665
V 87.232 61.155 0.043 0.496591 0.488677
V 86.735 61.125 0.606 0.496363 0.488665
V 86.239 61.095 0.666 0.496135 0.488653
V 86.239 61.095 0.043 0.496135 0.488653
V 86.735 61.125 0.043 0.496363 0.488665
V 86.239 61.095 0.666 0.496135 0.488653
V 85.742 61.065 0.726 0.495907 0.488641
V 85.742 61.065 0.043 0.495907 0.488641
V 86.239 61.095 0.043 0.496135 0.488653
V 85.742 61.065 0.726 0.495907 0.488641
V 85.245 61.035 0.785 0.495679 0.488629
V 85.245 61.035 0.043 0.495679 0.488629
V 85.742 61.065 0.043 0.495907 0.488641
V 85.245 61.035 0.785 0.495679 0.488629
V 84.749 61.005 0.845 0.495451 0.488617
V 84.749 61.005 0.043 0.495451 0.488617
V 85.245 61.035 0.043 0.495679 0.488629
V 84.749 61.005 0.845 0.495451 0.488617
V 84.252 60.975 0.905 0.495223 0.488605
V 84.252 60.975 0.043 0.495223 0.488605
V 84.749 61.005 0.043 0.495451 0.488617
V 84.252 60.975 0.905 0.495223 0.488605
V 83.756 60.945 0.964 0.494995 0.488593
V 83.756 60.945 0.043 0.494995 0.488593
V 84.252 60.975 0.043 0.495223 0.488605
V 83.756 60.945 0.964 0.494995 0.488593
V 83.259 60.915 1.024 0.494767 0.488581
V 83.259 60.915 0.043 0.494767 0.488581
V 83.756 60.945 0.043 0.494995 0.488593
V 83.259 60.915 1.024 0.494767 0.488581
V 82.762 60.885 1.084 0.494539 0.488569
V 82.762 60.885 0.043 0.494539 0.488569
V 83.259 60.915 0.043 0.494767 0.488581
V 82.762 60.885 1.084 0.494539 0.488569
V 82.266 60.855 1.144 0.494311 0.488557
V 82.266 60.855 0.043 0.494311 0.488557
V 82.762 60.885 0.043 0.494539 0.488569
V 82.266 60.855 1.144 0.494311 0.488557
V 81.769 60.825 1.203 0.494083 0.488545
V 81.769 60.825 0.043 0.494083 0.488545
V 82.266 60.855 0.043 0.494311 0.488557
V 81.769 60.825 1.203 0.494083 0.488545
V 81.272 60.795 1.263 0.493855 0.488534
V 81.272 60.795 0.043 0.493855 0.488534
V 81.769 60.825 0.043 0.494083 0.488545
V 81.272 60.795 1.263 0.493855 0.488534
V 80.776 60.765 1.323 0.493627 0.488522
V 80.776 60.765 0.043 0.493627 0.488522
V 81.272 60.795 0.043 0.493855 0.488534
V 80.776 60.765 1.323 0.493627 0.488522
V 80.279 60.735 1.382 0.493399 0.488510
V 80.279 60.735 0.043 0.493399 0.488510
V 80.776 60.765 0.043 0.493627 0.488522
V 80.279 60.735 1.382 0.493399 0.488510
V 79.782 60.705 1.442 0.493171 0.488498
V 79.782 60.705 0.043 0.493171 0.488498
V 80.279 60.735 0.043 0.493399 0.488510
V 71.513 60.205 2.436 0.489374 0.488298
V 71.016 60.175 2.496 0.489146 0.488286
V 71.016 60.175 2.393 0.489146 0.488286
V 71.513 60.205 2.393 0.489374 0.488298
V 71.016 60.175 2.496 0.489146 0.488286
V 70.519 60.145 2.556 0.488918 0.488274
V 70.519 60.145 2.393 0.488918 0.488274
V 71.016 60.175 2.393 0.489146 0.488286
V 70.519 60.145 2.556 0.488918 0.488274
V 70.022 60.115 2.615 0.488690 0.488262
V 70.022 60.115 2.393 0.488690 0.488262
V 70.519 60.145 2.393 0.488918 0.488274
V 70.022 60.115 2.615 0.488690 0.488262
V 69.526 60.085 2.675 0.488462 0.488250
V 69.526 60.085 2.393 0.488462 0.488250
V 70.022 60.115 2.393 0.488690 0.488262
V 69.526 60.085 2.675 0.488462 0.488250
V 69.029 60.055 2.723 0.488233 0.488238
V 69.029 60.055 2.393 0.488233 0.488238
V 69.526 60.085 2.393 0.488462 0.488250
V 69.029 60.055 2.723 0.488233 0.488238
V 68.532 60.025 2.768 0.488005 0.488226
V 68.532 60.025 2.393 0.488005 0.488226
V 69.029 60.055 2.393 0.488233 0.488238
V 68.532 60.025 2.768 0.488005 0.488226
V 68.035 59.995 2.769 0.487777 0.488214
V 68.035 59.995 2.393 0.487777 0.488214
V 68.532 60.025 2.393 0.488005 0.488226
V 68.035 59.995 2.769 0.487777 0.488214
V 67.539 59.965 2.767 0.487549 0.488202
V 67.539 59.965 2.393 0.487549 0.488202
V 68.035 59.995 2.393 0.487777 0.488214
V 67.539 59.965 2.767 0.487549 0.488202
V 67.042 59.935 2.720 0.487321 0.488190
V 67.042 59.935 2.393 0.487321 0.488190
V 67.539 59.965 2.393 0.487549 0.488202
V 67.042 59.935 2.720 0.487321 0.488190
V 66.545 59.905 2.672 0.487093 0.488178
V 66.545 59.905 2.393 0.487093 0.488178
V 67.042 59.935 2.393 0.487321 0.488190
V 66.545 59.905 2.672 0.487093 0.488178
V 66.049 59.875 2.637 0.486865 0.488166
V 66.049 59.875 2.393 0.486865 0.488166
V 66.545 59.905 2.393 0.487093 0.488178
V 66.049 59.875 2.637 0.486865 0.488166
V 65.552 59.845 2.604 0.486637 0.488154
V 65.552 59.845 2.393 0.486637 0.488154
V 66.049 59.875 2.393 0.486865 0.488166
V 65.552 59.845 2.604 0.486637 0.488154
V 65.055 59.815 2.637 0.486409 0.488142
V 65.055 59.815 2.393 0.486409 0.488142
V 65.552 59.845 2.393 0.486637 0.488154
V 65.055 59.815 2.637 0.486409 0.488142
V 64.558 59.785 2.672 0.486181 0.488130
V 64.558 59.785 2.393 0.486181 0.488130
V 65.055 59.815 2.393 0.486409 0.488142
V 64.558 59.785 2.672 0.486181 0.488130
V 64.062 59.755 2.720 0.485953 0.488118
V 64.062 59.755 2.393 0.485953 0.488118
V 64.558 59.785 2.393 0.486181 0.488130
V 64.062 59.755 2.720 0.485953 0.488118
V 63.575 59.726 2.766 0.485730 0.488106
V 63.575 59.726 2.393 0.485730 0.488106
V 64.062 59.755 2.393 0.485953 0.488118
V 63.575 59.726 2.766 0.485730 0.488106
V 63.089 59.696 2.769 0.485506 0.488094
V 63.089 59.696 2.393 0.485506 0.488094
V 63.575 59.726 2.393 0.485730 0.488106
V 63.089 59.696 2.769 0.485506 0.488094
V 62.603 59.666 2.769 0.485283 0.488083
V 62.603 59.666 2.393 0.485283 0.488083
V 63.089 59.696 2.393 0.485506 0.488094
V 62.603 59.666 2.769 0.485283 0.488083
V 62.116 59.637 2.738 0.485060 0.488071
V 62.116 59.637 2.393 0.485060 0.488071
V 62.603 59.666 2.393 0.485283 0.488083
V 62.116 59.637 2.738 0.485060 0.488071
V 61.630 59.607 2.703 0.484836 0.488059
V 61.630 59.607 2.393 0.484836 0.488059
V 62.116 59.637 2.393 0.485060 0.488071
V 61.630 59.607 2.703 0.484836 0.488059
V 61.144 59.577 2.699 0.484613 0.488047
V 61.144 59.577 2.393 0.484613 0.488047
V 61.630 59.607 2.393 0.484836 0.488059
V 61.144 59.577 2.699 0.484613 0.488047
V 60.658 59.547 2.699 0.484390 0.488035
V 60.658 59.547 2.393 0.484390 0.488035
V 61.144 59.577 2.393 0.484613 0.488047
V 60.658 59.547 2.699 0.484390 0.488035
V 60.171 59.518 2.727 0.484167 0.488023
V 60.171 59.518 2.393 0.484167 0.488023
V 60.658 59.547 2.393 0.484390 0.488035
V 60.171 59.518 2.727 0.484167 0.488023
V 59.685 59.488 2.761 0.483943 0.488011
V 59.685 59.488 2.393 0.483943 0.488011
V 60.171 59.518 2.393 0.484167 0.488023
V 59.685 59.488 2.761 0.483943 0.488011
V 59.199 59.458 2.778 0.483720 0.487999
V 59.199 59.458 2.393 0.483720 0.487999
V 59.685 59.488 2.393 0.483943 0.488011
V 59.199 59.458 2.778 0.483720 0.487999
V 58.712 59.429 2.790 0.483497 0.487988
V 58.712 59.429 2.393 0.483497 0.487988
V 59.199 59.458 2.393 0.483720 0.487999
V 58.712 59.429 2.790 0.483497 0.487988
V 58.226 59.399 2.793 0.483274 0.487976
V 58.226 59.399 2.393 0.483274 0.487976
V 58.712 59.429 2.393 0.483497 0.487988
V 58.226 59.399 2.793 0.483274 0.487976
V 57.740 59.369 2.793 0.483050 0.487964
V 57.740 59.369 2.393 0.483050 0.487964
V 58.226 59.399 2.393 0.483274 0.487976
V 57.740 59.369 2.793 0.483050 0.487964
V 57.254 59.340 2.793 0.482827 0.487952
V 57.254 59.340 2.393 0.482827 0.487952
V 57.740 59.369 2.393 0.483050 0.487964
V 57.254 59.340 2.793 0.482827 0.487952
V 56.767 59.310 2.793 0.482604 0.487940
V 56.767 59.310 2.393 0.482604 0.487940
V 57.254 59.340 2.393 0.482827 0.487952
V 56.767 59.310 2.793 0.482604 0.487940
V 56.281 59.280 2.793 0.482380 0.487928
V 56.281 59.280 2.393 0.482380 0.487928
V 56.767 59.310 2.393 0.482604 0.487940
V 56.281 59.280 2.793 0.482380 0.487928
V 55.795 59.251 2.793 0.482157 0.487916
V 55.795 59.251 2.393 0.482157 0.487916
V 56.281 59.280 2.393 0.482380 0.487928
V 55.795 59.251 2.793 0.482157 0.487916
V 55.308 59.221 2.793 0.481934 0.487904
V 55.308 59.221 2.393 0.481934 0.487904
V 55.795 59.251 2.393 0.482157 0.487916
V 55.308 59.221 2.793 0.481934 0.487904
V 54.822 59.191 2.793 0.481711 0.487893
V 54.822 59.191 2.393 0.481711 0.487893
V 55.308 59.221 2.393 0.481934 0.487904
V 54.822 59.191 2.793 0.481711 0.487893
V 54.336 59.162 2.793 0.481487 0.487881
V 54.336 59.162 2.393 0.481487 0.487881
V 54.822 59.191 2.393 0.481711 0.487893
V 54.336 59.162 2.793 0.481487 0.487881
V 53.850 59.132 2.793 0.481264 0.487869
V 53.850 59.132 2.393 0.481264 0.487869
V 54.336 59.162 2.393 0.481487 0.487881
V 53.850 59.132 2.793 0.481264 0.487869
V 53.363 59.102 2.793 0.481041 0.487857
V 53.363 59.102 2.393 0.481041 0.487857
V 53.850 59.132 2.393 0.481264 0.487869
V 53.363 59.102 2.793 0.481041 0.487857
V 52.877 59.073 2.793 0.480818 0.487845
V 52.877 59.073 2.393 0.480818 0.487845
V 53.363 59.102 2.393 0.481041 0.487857
V 52.877 59.073 2.793 0.480818 0.487845
V 52.391 59.043 2.793 0.480594 0.487833
V 52.391 59.043 2.393 0.480594 0.487833
V 52.877 59.073 2.393 0.480818 0.487845
V 52.391 59.043 2.793 0.480594 0.487833
V 51.904 59.013 2.793 0.480371 0.487821
V 51.904 59.013 2.393 0.480371 0.487821
V 52.391 59.043 2.393 0.480594 0.487833
V 51.904 59.013 2.793 0.480371 0.487821
V 51.418 58.984 2.793 0.480148 0.487809
V 51.418 58.984 2.393 0.480148 0.487809
V 51.904 59.013 2.393 0.480371 0.487821
V 51.418 58.984 2.793 0.480148 0.487809
V 50.932 58.954 2.793 0.479924 0.487798
V 50.932 58.954 2.393 0.479924 0.487798
V 51.418 58.984 2.393 0.480148 0.487809
V 50.932 58.954 2.793 0.479924 0.487798
V 50.446 58.924 2.793 0.479701 0.487786
V 50.446 58.924 2.393 0.479701 0.487786
V 50.932 58.954 2.393 0.479924 0.487798
V 50.446 58.924 2.793 0.479701 0.487786
V 49.959 58.894 2.793 0.479478 0.487774
V 49.959 58.894 2.393 0.479478 0.487774
V 50.446 58.924 2.393 0.479701 0.487786
V 49.959 58.894 2.793 0.479478 0.487774
V 49.473 58.865 2.793 0.479255 0.487762
V 49.473 58.865 2.393 0.479255 0.487762
V 49.959 58.894 2.393 0.479478 0.487774
V 49.473 58.865 2.793 0.479255 0.487762
V 48.987 58.835 2.793 0.479031 0.487750
V 48.987 58.835 2.393 0.479031 0.487750
V 49.473 58.865 2.393 0.479255 0.487762
V 48.987 58.835 2.793 0.479031 0.487750
V 48.500 58.805 2.793 0.478808 0.487738
V 48.500 58.805 2.393 0.478808 0.487738
V 48.987 58.835 2.393 0.479031 0.487750
V 48.500 58.805 2.793 0.478808 0.487738
V 48.014 58.776 2.793 0.478585 0.487726
V 48.014 58.776 2.393 0.478585 0.487726
V 48.500 58.805 2.393 0.478808 0.487738
V 48.014 58.776 2.793 0.478585 0.487726
V 47.528 58.746 2.794 0.478362 0.487714
V 47.528 58.746 2.393 0.478362 0.487714
V 48.014 58.776 2.393 0.478585 0.487726
V 47.528 58.746 2.794 0.478362 0.487714
V 47.041 58.716 2.806 0.478138 0.487703
V 47.041 58.716 2.393 0.478138 0.487703
V 47.528 58.746 2.393 0.478362 0.487714
V 47.041 58.716 2.806 0.478138 0.487703
V 46.555 58.687 2.821 0.477915 0.487691
V 46.555 58.687 2.393 0.477915 0.487691
V 47.041 58.716 2.393 0.478138 0.487703
V 46.555 58.687 2.821 0.477915 0.487691
V 46.069 58.657 2.867 0.477692 0.487679
V 46.069 58.657 2.393 0.477692 0.487679
V 46.555 58.687 2.393 0.477915 0.487691
V 46.069 58.657 2.867 0.477692 0.487679
V 46.069 58.657 2.867 0.477692 0.487679
V 46.069 58.657 2.443 0.477692 0.487679
V 46.069 58.657 2.443 0.477692 0.487679
V 46.070 58.657 2.867 0.477692 0.487679
V 46.070 58.657 2.867 0.477692 0.487679
V 46.070 58.657 2.443 0.477692 0.487679
V 46.070 58.657 2.443 0.477692 0.487679
V 46.079 58.649 2.867 0.477696 0.487675
V 46.079 58.649 2.867 0.477696 0.487675
V 46.079 58.649 2.443 0.477696 0.487675
V 46.079 58.649 2.443 0.477696 0.487675
V 46.079 58.649 2.867 0.477696 0.487675
V 46.079 58.649 2.867 0.477696 0.487675
V 46.079 58.649 2.443 0.477696 0.487675
V 46.079 58.649 2.443 0.477696 0.487675
V 46.079 58.650 2.867 0.477696 0.487676
V 46.078 58.651 2.867 0.477696 0.487676
V 46.078 58.651 2.443 0.477696 0.487676
V 46.079 58.650 2.443 0.477696 0.487676
V 46.078 58.652 2.867 0.477696 0.487677
V 46.078 58.653 2.867 0.477696 0.487677
V 46.078 58.653 2.443 0.477696 0.487677
V 46.078 58.652 2.443 0.477696 0.487677
V 46.078 58.654 2.867 0.477696 0.487677
V 46.077 58.655 2.867 0.477695 0.487678
V 46.077 58.655 2.443 0.477695 0.487678
V 46.078 58.654 2.443 0.477696 0.487677
V 46.077 58.656 2.867 0.477695 0.487678
V 46.076 58.657 2.867 0.477695 0.487679
V 46.076 58.657 2.443 0.477695 0.487679
V 46.077 58.656 2.443 0.477695 0.487678
V 46.076 58.657 2.867 0.477695 0.487679
V 46.075 58.658 2.867 0.477695 0.487679
V 46.075 58.658 2.443 0.477695 0.487679
V 46.076 58.657 2.443 0.477695 0.487679
V 46.075 58.659 2.867 0.477694 0.487680
V 46.074 58.660 2.867 0.477694 0.487680
V 46.074 58.660 2.443 0.477694 0.487680
V 46.075 58.659 2.443 0.477694 0.487680
V 46.073 58.660 2.867 0.477694 0.487680
V 46.073 58.661 2.867 0.477693 0.487681
V 46.073 58.661 2.443 0.477693 0.487681
V 46.073 58.660 2.443 0.477694 0.487680
V 46.072 58.662 2.867 0.477693 0.487681
V 46.071 58.662 2.867 0.477693 0.487681
V 46.071 58.662 2.443 0.477693 0.487681
V 46.072 58.662 2.443 0.477693 0.487681
V 46.070 58.663 2.867 0.477692 0.487682
V 46.069 58.663 2.867 0.477692 0.487682
V 46.069 58.663 2.443 0.477692 0.487682
V 46.070 58.663 2.443 0.477692 0.487682
V 46.069 58.664 2.867 0.477692 0.487682
V 46.068 58.664 2.867 0.477691 0.487682
V 46.068 58.664 2.443 0.477691 0.487682
V 46.069 58.664 2.443 0.477692 0.487682
V 46.067 58.665 2.867 0.477691 0.487682
V 46.066 58.665 2.867 0.477690 0.487683
V 46.066 58.665 2.443 0.477690 0.487683
V 46.067 58.665 2.443 0.477691 0.487682
V 46.065 58.665 2.867 0.477690 0.487683
V 46.064 58.666 2.867 0.477690 0.487683
V 46.064 58.666 2.443 0.477690 0.487683
V 46.065 58.665 2.443 0.477690 0.487683
V 46.063 58.666 2.867 0.477689 0.487683
V 46.062 58.666 2.868 0.477689 0.487683
V 46.062 58.666 2.443 0.477689 0.487683
V 46.063 58.666 2.443 0.477689 0.487683
V 46.061 58.666 2.868 0.477688 0.487683
V 46.060 58.666 2.868 0.477688 0.487683
V 46.060 58.666 2.443 0.477688 0.487683
V 46.061 58.666 2.443 0.477688 0.487683
V 46.059 58.666 2.868 0.477687 0.487683
V 46.058 58.666 2.868 0.477687 0.487683
V 46.058 58.666 2.443 0.477687 0.487683
V 46.059 58.666 2.443 0.477687 0.487683
V 46.058 58.666 2.868 0.477687 0.487683
V 45.689 58.644 2.903 0.477518 0.487674
V 45.689 58.644 2.443 0.477518 0.487674
V 46.058 58.666 2.443 0.477687 0.487683
V 45.689 58.644 2.903 0.477517 0.487674
V 45.688 58.644 2.903 0.477517 0.487674
V 45.688 58.644 2.443 0.477517 0.487674
V 45.689 58.644 2.443 0.477517 0.487674
V 45.687 58.644 2.903 0.477516 0.487674
V 45.686 58.643 2.903 0.477516 0.487674
V 45.686 58.643 2.443 0.477516 0.487674
V 45.687 58.644 2.443 0.477516 0.487674
V 45.685 58.643 2.903 0.477516 0.487674
V 45.684 58.643 2.903 0.477515 0.487674
V 45.684 58.643 2.443 0.477515 0.487674
V 45.685 58.643 2.443 0.477516 0.487674
V 45.683 58.643 2.903 0.477515 0.487674
V 45.683 58.642 2.903 0.477514 0.487673
V 45.683 58.642 2.443 0.477514 0.487673
V 45.683 58.643 2.443 0.477515 0.487674
V 45.682 58.642 2.903 0.477514 0.487673
V 45.681 58.641 2.904 0.477514 0.487673
V 45.681 58.641 2.443 0.477514 0.487673
V 45.682 58.642 2.443 0.477514 0.487673
V 45.680 58.641 2.904 0.477513 0.487673
V 45.679 58.640 2.904 0.477513 0.487673
V 45.679 58.640 2.443 0.477513 0.487673
V 45.680 58.641 2.443 0.477513 0.487673
V 45.678 58.640 2.904 0.477512 0.487672
V 45.678 58.639 2.904 0.477512 0.487672
V 45.678 58.639 2.443 0.477512 0.487672
V 45.678 58.640 2.443 0.477512 0.487672
V 45.677 58.639 2.904 0.477512 0.487672
V 45.676 58.638 2.904 0.477511 0.487671
V 45.676 58.638 2.443 0.477511 0.487671
V 45.677 58.639 2.443 0.477512 0.487672
V 45.676 58.637 2.904 0.477511 0.487671
V 45.675 58.636 2.904 0.477511 0.487671
V 45.675 58.636 2.443 0.477511 0.487671
V 45.676 58.637 2.443 0.477511 0.487671
V 45.675 58.636 2.904 0.477511 0.487670
V 45.674 58.635 2.904 0.477510 0.487670
V 45.674 58.635 2.443 0.477510 0.487670
V 45.675 58.636 2.443 0.477511 0.487670
V 45.673 58.634 2.904 0.477510 0.487670
V 45.673 58.633 2.904 0.477510 0.487669
V 45.673 58.633 2.443 0.477510 0.487669
V 45.673 58.634 2.443 0.477510 0.487670
V 45.673 58.632 2.904 0.477510 0.487669
V 45.672 58.632 2.904 0.477510 0.487669
V 45.672 58.632 2.443 0.477510 0.487669
V 45.673 58.632 2.443 0.477510 0.487669
V 45.672 58.631 2.904 0.477509 0.487668
V 45.672 58.630 2.904 0.477509 0.487668
V 45.672 58.630 2.443 0.477509 0.487668
V 45.672 58.631 2.443 0.477509 0.487668
V 45.671 58.629 2.904 0.477509 0.487667
V 45.671 58.628 2.904 0.477509 0.487667
V 45.671 58.628 2.443 0.477509 0.487667
V 45.671 58.629 2.443 0.477509 0.487667
V 45.671 58.627 2.904 0.477509 0.487666
V 45.671 58.626 2.904 0.477509 0.487666
V 45.671 58.626 2.443 0.477509 0.487666
V 45.671 58.627 2.443 0.477509 0.487666
V 45.671 58.625 2.904 0.477509 0.487666
V 45.671 58.624 2.904 0.477509 0.487665
V 45.671 58.624 2.443 0.477509 0.487665
V 45.671 58.625 2.443 0.477509 0.487666
V 45.671 58.624 2.904 0.477509 0.487665
V 45.671 58.623 2.904 0.477509 0.487665
V 45.671 58.623 2.443 0.477509 0.487665
V 45.671 58.624 2.443 0.477509 0.487665
V 45.680 58.633 2.904 0.477513 0.487669
V 45.679 58.633 2.904 0.477513 0.487669
V 45.679 58.633 2.443 0.477513 0.487669
V 45.680 58.633 2.443 0.477513 0.487669
V 45.680 58.633 2.904 0.477513 0.487669
V 45.193 58.604 2.960 0.477290 0.487657
V 45.193 58.604 2.443 0.477290 0.487657
V 45.680 58.633 2.443 0.477513 0.487669
V 45.193 58.604 2.960 0.477290 0.487657
V 44.706 58.574 3.019 0.477066 0.487646
V 44.706 58.574 2.443 0.477066 0.487646
V 45.193 58.604 2.443 0.477290 0.487657
V 44.706 58.574 3.019 0.477066 0.487646
V 44.220 58.544 3.078 0.476843 0.487634
V 44.220 58.544 2.443 0.476843 0.487634
V 44.706 58.574 2.443 0.477066 0.487646
V 44.220 58.544 3.078 0.476843 0.487634
V 43.733 58.514 3.136 0.476619 0.487622
V 43.733 58.514 2.443 0.476619 0.487622
V 44.220 58.544 2.443 0.476843 0.487634
V 43.733 58.514 3.136 0.476619 0.487622
V 43.246 58.485 3.195 0.476396 0.487610
V 43.246 58.485 2.443 0.476396 0.487610
V 43.733 58.514 2.443 0.476619 0.487622
V 43.246 58.485 3.195 0.476396 0.487610
V 42.760 58.455 3.253 0.476172 0.487598
V 42.760 58.455 2.443 0.476172 0.487598
V 43.246 58.485 2.443 0.476396 0.487610
V 42.760 58.455 3.253 0.476172 0.487598
V 42.273 58.425 3.312 0.475949 0.487586
V 42.273 58.425 2.443 0.475949 0.487586
V 42.760 58.455 2.443 0.476172 0.487598
V 42.273 58.425 3.312 0.475949 0.487586
V 41.786 58.396 3.370 0.475725 0.487574
V 41.786 58.396 2.443 0.475725 0.487574
V 42.273 58.425 2.443 0.475949 0.487586
V 41.786 58.396 3.370 0.475725 0.487574
V 41.299 58.366 3.429 0.475502 0.487562
V 41.299 58.366 2.443 0.475502 0.487562
V 41.786 58.396 2.443 0.475725 0.487574
V 41.299 58.366 3.429 0.475502 0.487562
V 40.813 58.336 3.487 0.475278 0.487550
V 40.813 58.336 2.443 0.475278 0.487550
V 41.299 58.366 2.443 0.475502 0.487562
V 40.813 58.336 3.487 0.475278 0.487550
V 40.326 58.306 3.546 0.475055 0.487539
V 40.326 58.306 2.443 0.475055 0.487539
V 40.813 58.336 2.443 0.475278 0.487550
V 40.325 58.306 3.546 0.475055 0.487539
V 40.324 58.306 3.546 0.475054 0.487539
V 40.324 58.306 2.443 0.475054 0.487539
V 40.325 58.306 2.443 0.475055 0.487539
V 40.324 58.306 3.546 0.475054 0.487538
V 40.323 58.306 3.546 0.475053 0.487538
V 40.323 58.306 2.443 0.475053 0.487538
V 40.324 58.306 2.443 0.475054 0.487538
V 40.322 58.306 3.546 0.475053 0.487538
V 40.321 58.305 3.546 0.475052 0.487538
V 40.321 58.305 2.443 0.475052 0.487538
V 40.322 58.306 2.443 0.475053 0.487538
V 40.320 58.305 3.546 0.475052 0.487538
V 40.319 58.305 3.546 0.475052 0.487538
V 40.319 58.305 2.443 0.475052 0.487538
V 40.320 58.305 2.443 0.475052 0.487538
V 40.318 58.304 3.546 0.475051 0.487538
V 40.317 58.304 3.546 0.475051 0.487537
V 40.317 58.304 2.443 0.475051 0.487537
V 40.318 58.304 2.443 0.475051 0.487538
V 40.316 58.303 3.546 0.475050 0.487537
V 40.316 58.303 3.546 0.475050 0.487537
V 40.316 58.303 2.443 0.475050 0.487537
V 40.316 58.303 2.443 0.475050 0.487537
V 40.315 58.302 3.546 0.475050 0.487537
V 40.314 58.302 3.546 0.475049 0.487536
V 40.314 58.302 2.443 0.475049 0.487536
V 40.315 58.302 2.443 0.475050 0.487537
V 40.313 58.301 3.546 0.475049 0.487536
V 40.313 58.300 3.546 0.475049 0.487536
V 40.313 58.300 2.443 0.475049 0.487536
V 40.313 58.301 2.443 0.475049 0.487536
V 40.312 58.300 3.546 0.475049 0.487536
V 40.026 57.981 3.880 0.474916 0.487390
V 40.026 57.981 2.443 0.474916 0.487390
V 40.312 58.300 2.443 0.475049 0.487536
V 40.026 57.981 3.880 0.474916 0.487390
V 39.739 57.663 3.909 0.474783 0.487244
V 39.739 57.663 2.443 0.474783 0.487244
V 40.026 57.981 2.443 0.474916 0.487390
V 39.739 57.663 3.909 0.474783 0.487244
V 39.453 57.345 4.438 0.474651 0.487099
V 39.453 57.345 2.443 0.474651 0.487099
V 39.739 57.663 2.443 0.474783 0.487244
V 39.453 57.345 4.438 0.474651 0.487099
V 39.166 57.026 4.753 0.474518 0.486953
V 39.166 57.026 2.443 0.474518 0.486953
V 39.453 57.345 2.443 0.474651 0.487099
V 39.166 57.026 4.753 0.474518 0.486953
V 38.880 56.708 4.761 0.474385 0.486807
V 38.880 56.708 2.443 0.474385 0.486807
V 39.166 57.026 2.443 0.474518 0.486953
V 38.880 56.708 4.761 0.474385 0.486807
V 38.879 56.707 4.761 0.474385 0.486807
V 38.879 56.707 2.443 0.474385 0.486807
V 38.880 56.708 2.443 0.474385 0.486807
V 38.879 56.707 4.761 0.474385 0.486807
V 38.879 56.707 4.761 0.474385 0.486807
V 38.879 56.707 2.443 0.474385 0.486807
V 38.879 56.707 2.443 0.474385 0.486807
V 38.879 56.706 4.761 0.474385 0.486807
V 38.878 56.706 4.761 0.474385 0.486806
V 38.878 56.706 2.443 0.474385 0.486806
V 38.879 56.706 2.443 0.474385 0.486807
V 38.878 56.705 4.761 0.474384 0.486806
V 38.877 56.704 4.761 0.474384 0.486806
V 38.877 56.704 2.443 0.474384 0.486806
V 38.878 56.705 2.443 0.474384 0.486806
V 38.877 56.703 4.761 0.474384 0.486805
V 38.876 56.702 4.761 0.474384 0.486805
V 38.876 56.702 2.443 0.474384 0.486805
V 38.877 56.703 2.443 0.474384 0.486805
V 38.876 56.701 4.761 0.474384 0.486804
V 38.876 56.700 4.761 0.474383 0.486804
V 38.876 56.700 2.443 0.474383 0.486804
V 38.876 56.701 2.443 0.474384 0.486804
V 38.875 56.700 4.761 0.474383 0.486803
V 38.875 56.699 4.761 0.474383 0.486803
V 38.875 56.699 2.443 0.474383 0.486803
V 38.875 56.700 2.443 0.474383 0.486803
V 38.875 56.698 4.761 0.474383 0.486803
V 38.875 56.697 4.761 0.474383 0.486802
V 38.875 56.697 2.443 0.474383 0.486802
V 38.875 56.698 2.443 0.474383 0.486803
V 38.875 56.696 4.761 0.474383 0.486802
V 38.875 56.695 4.761 0.474383 0.486801
V 38.875 56.695 2.443 0.474383 0.486801
V 38.875 56.696 2.443 0.474383 0.486802
V 38.875 56.694 4.761 0.474383 0.486801
V 38.875 56.693 4.761 0.474383 0.486800
V 38.875 56.693 2.443 0.474383 0.486800
V 38.875 56.694 2.443 0.474383 0.486801
V 38.875 56.692 4.761 0.474383 0.486800
V 38.875 56.691 4.761 0.474383 0.486799
V 38.875 56.691 2.443 0.474383 0.486799
V 38.875 56.692 2.443 0.474383 0.486800
V 38.875 56.690 4.761 0.474383 0.486799
V 38.875 56.689 4.761 0.474383 0.486799
V 38.875 56.689 2.443 0.474383 0.486799
V 38.875 56.690 2.443 0.474383 0.486799
V 38.876 56.688 4.761 0.474383 0.486798
V 38.876 56.687 4.761 0.474383 0.486798
V 38.876 56.687 2.443 0.474383 0.486798
V 38.876 56.688 2.443 0.474383 0.486798
V 38.876 56.686 4.761 0.474384 0.486797
V 38.877 56.685 4.761 0.474384 0.486797
V 38.877 56.685 2.443 0.474384 0.486797
V 38.876 56.686 2.443 0.474384 0.486797
V 38.877 56.684 4.761 0.474384 0.486796
V 38.878 56.684 4.761 0.474384 0.486796
V 38.878 56.684 2.443 0.474384 0.486796
V 38.877 56.684 2.443 0.474384 0.486796
V 38.878 56.683 4.761 0.474385 0.486796
V 38.879 56.682 4.761 0.474385 0.486795
V 38.879 56.682 2.443 0.474385 0.486795
V 38.878 56.683 2.443 0.474385 0.486796
V 38.879 56.681 4.761 0.474385 0.486795
V 38.880 56.681 4.761 0.474385 0.486795
V 38.880 56.681 2.443 0.474385 0.486795
V 38.879 56.681 2.443 0.474385 0.486795
V 38.880 56.680 4.761 0.474386 0.486794
V 38.881 56.680 4.761 0.474386 0.486794
V 38.881 56.680 2.443 0.474386 0.486794
V 38.880 56.680 2.443 0.474386 0.486794
V 38.881 56.680 4.761 0.474386 0.486794
V 38.881 56.679 4.761 0.474386 0.486794
V 38.881 56.679 2.443 0.474386 0.486794
V 38.881 56.680 2.443 0.474386 0.486794
V 38.881 56.679 4.761 0.474386 0.486794
V 39.247 56.344 5.039 0.474553 0.486638
V 39.247 56.344 2.443 0.474553 0.486638
V 38.881 56.679 2.443 0.474386 0.486794
V 39.247 56.345 5.039 0.474552 0.486639
V 39.247 56.345 5.039 0.474552 0.486638
V 39.247 56.345 2.443 0.474552 0.486638
V 39.247 56.345 2.443 0.474552 0.486639
V 39.246 56.345 5.039 0.474552 0.486639
V 39.246 56.345 5.039 0.474552 0.486639
V 39.246 56.345 2.443 0.474552 0.486639
V 39.246 56.345 2.443 0.474552 0.486639
V 39.246 56.357 5.039 0.474552 0.486644
V 39.246 56.357 5.039 0.474552 0.486644
V 39.246 56.357 2.443 0.474552 0.486644
V 39.246 56.357 2.443 0.474552 0.486644
V 39.246 56.358 5.039 0.474552 0.486644
V 39.246 56.357 5.039 0.474552 0.486644
V 39.246 56.357 2.443 0.474552 0.486644
V 39.246 56.358 2.443 0.474552 0.486644
V 39.246 56.358 5.039 0.474552 0.486645
V 38.909 55.989 5.039 0.474396 0.486476
V 38.909 55.989 2.443 0.474396 0.486476
V 39.246 56.358 2.443 0.474552 0.486645
V 38.909 55.989 5.039 0.474396 0.486476
V 38.571 55.621 5.039 0.474240 0.486307
V 38.571 55.621 2.443 0.474240 0.486307
V 38.909 55.989 2.443 0.474396 0.486476
V 38.571 55.621 5.039 0.474240 0.486307
V 38.234 55.252 5.039 0.474084 0.486139
V 38.234 55.252 2.443 0.474084 0.486139
V 38.571 55.621 2.443 0.474240 0.486307
V 38.234 55.253 5.039 0.474084 0.486139
V 38.234 55.253 5.039 0.474084 0.486139
V 38.234 55.253 2.443 0.474084 0.486139
V 38.234 55.253 2.443 0.474084 0.486139
V 133.896 65.978 -1.176 0.518024 0.490726
V 133.522 65.669 -1.161 0.517851 0.490585
V 133.522 65.669 -5.432 0.517851 0.490585
V 133.896 65.978 -5.432 0.518024 0.490726
V 133.522 65.669 -1.161 0.517851 0.490585
V 133.148 65.360 -1.145 0.517678 0.490444
V 133.148 65.360 -5.166 0.517678 0.490444
V 133.522 65.669 -5.166 0.517851 0.490585
V 133.148 65.360 -1.145 0.517678 0.490444
V 132.774 65.051 -1.128 0.517505 0.490303
V 132.774 65.051 -4.894 0.517505 0.490303
V 133.148 65.360 -4.894 0.517678 0.490444
V 132.774 65.051 -1.128 0.517505 0.490303
V 132.400 64.742 -1.108 0.517333 0.490163
V 132.400 64.742 -4.622 0.517333 0.490163
V 132.774 65.051 -4.622 0.517505 0.490303
V 132.400 64.742 -1.108 0.517333 0.490163
V 132.026 64.433 -1.089 0.517160 0.490022
V 132.026 64.433 -4.371 0.517160 0.490022
V 132.400 64.742 -4.371 0.517333 0.490163
V 132.026 64.433 -1.089 0.517160 0.490022
V 131.652 64.124 -1.069 0.516987 0.489881
V 131.652 64.124 -4.233 0.516987 0.489881
V 132.026 64.433 -4.233 0.517160 0.490022
V 131.652 64.124 -1.069 0.516987 0.489881
V 131.278 63.815 -1.050 0.516814 0.489740
V 131.278 63.815 -4.080 0.516814 0.489740
V 131.652 64.124 -4.080 0.516987 0.489881
V 131.278 63.815 -1.050 0.516814 0.489740
V 131.056 63.631 -1.038 0.516712 0.489656
V 131.056 63.631 -3.927 0.516712 0.489656
V 131.278 63.815 -3.927 0.516814 0.489740
V 131.056 63.631 -1.038 0.516712 0.489656
V 130.834 63.448 -1.026 0.516609 0.489572
V 130.834 63.448 -3.836 0.516609 0.489572
V 131.056 63.631 -3.836 0.516712 0.489656
V 130.835 63.449 -1.026 0.516609 0.489572
V 130.411 63.188 -1.004 0.516414 0.489454
V 130.411 63.188 -3.745 0.516414 0.489454
V 130.835 63.449 -3.745 0.516609 0.489572
V 130.411 63.188 -1.004 0.516414 0.489454
V 129.988 62.927 -0.982 0.516219 0.489335
V 129.988 62.927 -3.575 0.516219 0.489335
V 130.411 63.188 -3.575 0.516414 0.489454
V 129.988 62.927 -0.982 0.516219 0.489335
V 129.564 62.666 -0.960 0.516023 0.489216
V 129.564 62.666 -3.402 0.516023 0.489216
V 129.988 62.927 -3.402 0.516219 0.489335
V 129.564 62.666 -0.960 0.516023 0.489216
V 129.141 62.405 -0.938 0.515828 0.489097
V 129.141 62.405 -3.223 0.515828 0.489097
V 129.564 62.666 -3.223 0.516023 0.489216
V 129.141 62.405 -0.938 0.515828 0.489097
V 128.717 62.144 -0.917 0.515633 0.488979
V 128.717 62.144 -3.063 0.515633 0.488979
V 129.141 62.405 -3.063 0.515828 0.489097
V 128.717 62.144 -0.917 0.515633 0.488979
V 128.294 61.883 -0.895 0.515438 0.488860
V 128.294 61.883 -2.912 0.515438 0.488860
V 128.717 62.144 -2.912 0.515633 0.488979
V 128.294 61.883 -0.895 0.515438 0.488860
V 127.870 61.622 -0.873 0.515242 0.488741
V 127.870 61.622 -2.775 0.515242 0.488741
V 128.294 61.883 -2.775 0.515438 0.488860
V 127.870 61.622 -0.873 0.515242 0.488741
V 127.447 61.361 -0.851 0.515047 0.488623
V 127.447 61.361 -2.637 0.515047 0.488623
V 127.870 61.622 -2.637 0.515242 0.488741
V 127.447 61.361 -0.851 0.515047 0.488623
V 127.023 61.100 -0.829 0.514852 0.488504
V 127.023 61.100 -2.505 0.514852 0.488504
V 127.447 61.361 -2.505 0.515047 0.488623
V 127.023 61.100 -0.829 0.514852 0.488504
V 126.600 60.839 -0.807 0.514656 0.488385
V 126.600 60.839 -2.392 0.514656 0.488385
V 127.023 61.100 -2.392 0.514852 0.488504
V 126.600 60.839 -0.807 0.514656 0.488385
V 126.176 60.578 -0.785 0.514461 0.488266
V 126.176 60.578 -2.279 0.514461 0.488266
V 126.600 60.839 -2.279 0.514656 0.488385
V 126.176 60.578 -0.785 0.514461 0.488266
V 125.753 60.317 -0.763 0.514266 0.488148
V 125.753 60.317 -2.188 0.514266 0.488148
V 126.176 60.578 -2.188 0.514461 0.488266
V 125.753 60.317 -0.763 0.514266 0.488148
V 125.329 60.056 -0.741 0.514070 0.488029
V 125.329 60.056 -2.108 0.514070 0.488029
V 125.753 60.317 -2.108 0.514266 0.488148
V 125.329 60.056 -0.741 0.514070 0.488029
V 124.906 59.795 -0.719 0.513875 0.487910
V 124.906 59.795 -2.028 0.513875 0.487910
V 125.329 60.056 -2.028 0.514070 0.488029
V 124.906 59.795 -0.719 0.513875 0.487910
V 124.482 59.534 -0.697 0.513680 0.487792
V 124.482 59.534 -1.967 0.513680 0.487792
V 124.906 59.795 -1.967 0.513875 0.487910
V 124.482 59.534 -0.697 0.513680 0.487792
V 124.059 59.273 -0.675 0.513484 0.487673
V 124.059 59.273 -1.921 0.513484 0.487673
V 124.482 59.534 -1.921 0.513680 0.487792
V 124.059 59.273 -0.675 0.513484 0.487673
V 123.635 59.012 -0.653 0.513289 0.487554
V 123.635 59.012 -1.877 0.513289 0.487554
V 124.059 59.273 -1.877 0.513484 0.487673
V 123.635 59.012 -0.653 0.513289 0.487554
V 123.212 58.751 -0.632 0.513094 0.487436
V 123.212 58.751 -1.834 0.513094 0.487436
V 123.635 59.012 -1.834 0.513289 0.487554
V 123.212 58.751 -0.632 0.513094 0.487436
V 122.788 58.490 -0.610 0.512898 0.487317
V 122.788 58.490 -1.797 0.512898 0.487317
V 123.212 58.751 -1.797 0.513094 0.487436
V 122.788 58.490 -0.610 0.512898 0.487317
V 122.365 58.229 -0.588 0.512703 0.487198
V 122.365 58.229 -1.773 0.512703 0.487198
V 122.788 58.490 -1.773 0.512898 0.487317
V 122.364 58.228 -0.588 0.512703 0.487198
V 122.006 57.971 -0.569 0.512537 0.487081
V 122.006 57.971 -1.770 0.512537 0.487081
V 122.364 58.228 -1.770 0.512703 0.487198
V 122.006 57.971 -0.569 0.512537 0.487081
V 121.648 57.713 -0.550 0.512372 0.486963
V 121.648 57.713 -1.748 0.512372 0.486963
V 122.006 57.971 -1.748 0.512537 0.487081
V 121.648 57.713 -0.550 0.512372 0.486963
V 121.290 57.456 -0.532 0.512207 0.486846
V 121.290 57.456 -1.737 0.512207 0.486846
V 121.648 57.713 -1.737 0.512372 0.486963
V 121.290 57.456 -0.532 0.512207 0.486846
V 120.931 57.199 -0.513 0.512041 0.486729
V 120.931 57.199 -1.729 0.512041 0.486729
V 121.290 57.456 -1.729 0.512207 0.486846
V 120.931 57.199 -0.513 0.512041 0.486729
V 120.573 56.941 -0.494 0.511876 0.486612
V 120.573 56.941 -1.729 0.511876 0.486612
V 120.931 57.199 -1.729 0.512041 0.486729
V 120.573 56.941 -0.494 0.511876 0.486612
V 120.215 56.684 -0.476 0.511711 0.486494
V 120.215 56.684 -1.765 0.511711 0.486494
V 120.573 56.941 -1.765 0.511876 0.486612
V 120.215 56.684 -0.476 0.511711 0.486494
V 119.857 56.427 -0.457 0.511545 0.486377
V 119.857 56.427 -1.803 0.511545 0.486377
V 120.215 56.684 -1.803 0.511711 0.486494
V 133.832 66.967 -1.176 0.517998 0.491182
V 133.863 66.468 -1.176 0.518010 0.490953
V 133.863 66.468 -5.190 0.518010 0.490953
V 133.832 66.967 -5.190 0.517998 0.491182
V 133.863 66.468 -1.176 0.518010 0.490953
V 133.893 65.970 -1.176 0.518022 0.490723
V 133.893 65.970 -5.447 0.518022 0.490723
V 133.863 66.468 -5.447 0.518010 0.490953
V 133.897 65.978 -1.176 0.518024 0.490727
V 133.896 65.978 -1.176 0.518024 0.490726
V 133.896 65.978 -5.432 0.518024 0.490726
V 133.897 65.978 -5.432 0.518024 0.490727
V 71.026 60.156 2.493 0.489150 0.488277
V 71.524 60.186 2.493 0.489379 0.488289
V 71.524 60.186 2.385 0.489379 0.488289
V 71.026 60.156 2.385 0.489150 0.488277
V 71.524 60.186 2.493 0.489379 0.488289
V 72.021 60.216 2.493 0.489607 0.488301
V 72.021 60.216 2.325 0.489607 0.488301
V 71.524 60.186 2.325 0.489379 0.488289
V 72.010 60.226 2.493 0.489602 0.488305
V 72.013 60.180 2.493 0.489603 0.488285
V 72.013 60.180 2.318 0.489603 0.488285
V 72.010 60.226 2.318 0.489602 0.488305
V 72.022 60.191 2.493 0.489608 0.488289
V 71.523 60.161 2.493 0.489379 0.488277
V 71.523 60.161 2.393 0.489379 0.488277
V 72.022 60.191 2.393 0.489608 0.488289
V 71.523 60.161 2.493 0.489379 0.488277
V 71.024 60.130 2.493 0.489149 0.488265
V 71.024 60.130 2.393 0.489149 0.488265
V 71.523 60.161 2.393 0.489379 0.488277
V 71.024 60.130 2.493 0.489149 0.488265
V 70.525 60.100 2.493 0.488920 0.488253
V 70.525 60.100 2.393 0.488920 0.488253
V 71.024 60.130 2.393 0.489149 0.488265
V 70.525 60.100 2.493 0.488920 0.488253
V 70.026 60.069 2.493 0.488691 0.488241
V 70.026 60.069 2.393 0.488691 0.488241
V 70.525 60.100 2.393 0.488920 0.488253
V 70.026 60.069 2.493 0.488691 0.488241
V 69.527 60.039 2.493 0.488462 0.488228
V 69.527 60.039 2.393 0.488462 0.488228
V 70.026 60.069 2.393 0.488691 0.488241
V 69.527 60.039 2.493 0.488462 0.488228
V 69.028 60.008 2.493 0.488233 0.488216
V 69.028 60.008 2.393 0.488233 0.488216
V 69.527 60.039 2.393 0.488462 0.488228
V 69.028 60.008 2.493 0.488233 0.488216
V 68.529 59.978 2.493 0.488004 0.488204
V 68.529 59.978 2.393 0.488004 0.488204
V 69.028 60.008 2.393 0.488233 0.488216
V 68.529 59.978 2.493 0.488004 0.488204
V 68.030 59.947 2.493 0.487775 0.488192
V 68.030 59.947 2.393 0.487775 0.488192
V 68.529 59.978 2.393 0.488004 0.488204
V 68.030 59.947 2.493 0.487775 0.488192
V 67.531 59.917 2.493 0.487545 0.488180
V 67.531 59.917 2.393 0.487545 0.488180
V 68.030 59.947 2.393 0.487775 0.488192
V 67.531 59.917 2.493 0.487545 0.488180
V 67.032 59.886 2.493 0.487316 0.488168
V 67.032 59.886 2.393 0.487316 0.488168
V 67.531 59.917 2.393 0.487545 0.488180
V 67.032 59.886 2.493 0.487316 0.488168
V 66.533 59.856 2.493 0.487087 0.488155
V 66.533 59.856 2.393 0.487087 0.488155
V 67.032 59.886 2.393 0.487316 0.488168
V 66.533 59.856 2.493 0.487087 0.488155
V 66.034 59.826 2.493 0.486858 0.488143
V 66.034 59.826 2.393 0.486858 0.488143
V 66.533 59.856 2.393 0.487087 0.488155
V 66.034 59.826 2.493 0.486858 0.488143
V 65.535 59.795 2.493 0.486629 0.488131
V 65.535 59.795 2.393 0.486629 0.488131
V 66.034 59.826 2.393 0.486858 0.488143
V 65.535 59.795 2.493 0.486629 0.488131
V 65.035 59.765 2.493 0.486400 0.488119
V 65.035 59.765 2.393 0.486400 0.488119
V 65.535 59.795 2.393 0.486629 0.488131
V 65.035 59.765 2.493 0.486400 0.488119
V 64.536 59.734 2.493 0.486171 0.488107
V 64.536 59.734 2.393 0.486171 0.488107
V 65.035 59.765 2.393 0.486400 0.488119
V 64.536 59.734 2.493 0.486171 0.488107
V 64.037 59.704 2.493 0.485941 0.488094
V 64.037 59.704 2.393 0.485941 0.488094
V 64.536 59.734 2.393 0.486171 0.488107
V 64.037 59.704 2.493 0.485941 0.488094
V 63.538 59.673 2.493 0.485712 0.488082
V 63.538 59.673 2.393 0.485712 0.488082
V 64.037 59.704 2.393 0.485941 0.488094
V 63.538 59.673 2.493 0.485712 0.488082
V 63.039 59.643 2.493 0.485483 0.488070
V 63.039 59.643 2.393 0.485483 0.488070
V 63.538 59.673 2.393 0.485712 0.488082
V 63.039 59.643 2.493 0.485483 0.488070
V 62.540 59.612 2.493 0.485254 0.488058
V 62.540 59.612 2.393 0.485254 0.488058
V 63.039 59.643 2.393 0.485483 0.488070
V 62.540 59.612 2.493 0.485254 0.488058
V 62.041 59.582 2.493 0.485025 0.488046
V 62.041 59.582 2.393 0.485025 0.488046
V 62.540 59.612 2.393 0.485254 0.488058
V 62.041 59.582 2.493 0.485025 0.488046
V 61.542 59.551 2.493 0.484796 0.488034
V 61.542 59.551 2.393 0.484796 0.488034
V 62.041 59.582 2.393 0.485025 0.488046
V 61.542 59.551 2.493 0.484796 0.488034
V 61.043 59.521 2.493 0.484567 0.488021
V 61.043 59.521 2.393 0.484567 0.488021
V 61.542 59.551 2.393 0.484796 0.488034
V 61.043 59.521 2.493 0.484567 0.488021
V 60.544 59.490 2.493 0.484337 0.488009
V 60.544 59.490 2.393 0.484337 0.488009
V 61.043 59.521 2.393 0.484567 0.488021
V 60.544 59.490 2.493 0.484337 0.488009
V 60.045 59.460 2.493 0.484108 0.487997
V 60.045 59.460 2.393 0.484108 0.487997
V 60.544 59.490 2.393 0.484337 0.488009
V 60.045 59.460 2.493 0.484108 0.487997
V 59.546 59.430 2.493 0.483879 0.487985
V 59.546 59.430 2.393 0.483879 0.487985
V 60.045 59.460 2.393 0.484108 0.487997
V 59.546 59.430 2.493 0.483879 0.487985
V 59.047 59.399 2.493 0.483650 0.487973
V 59.047 59.399 2.393 0.483650 0.487973
V 59.546 59.430 2.393 0.483879 0.487985
V 59.047 59.399 2.493 0.483650 0.487973
V 58.548 59.369 2.493 0.483421 0.487960
V 58.548 59.369 2.393 0.483421 0.487960
V 59.047 59.399 2.393 0.483650 0.487973
V 58.548 59.369 2.493 0.483421 0.487960
V 58.048 59.338 2.493 0.483192 0.487948
V 58.048 59.338 2.393 0.483192 0.487948
V 58.548 59.369 2.393 0.483421 0.487960
V 58.048 59.338 2.493 0.483192 0.487948
V 57.549 59.308 2.493 0.482963 0.487936
V 57.549 59.308 2.393 0.482963 0.487936
V 58.048 59.338 2.393 0.483192 0.487948
V 57.549 59.308 2.493 0.482963 0.487936
V 57.050 59.277 2.493 0.482734 0.487924
V 57.050 59.277 2.393 0.482734 0.487924
V 57.549 59.308 2.393 0.482963 0.487936
V 57.050 59.277 2.493 0.482734 0.487924
V 56.551 59.247 2.493 0.482504 0.487912
V 56.551 59.247 2.393 0.482504 0.487912
V 57.050 59.277 2.393 0.482734 0.487924
V 56.551 59.247 2.493 0.482504 0.487912
V 56.052 59.216 2.493 0.482275 0.487899
V 56.052 59.216 2.393 0.482275 0.487899
V 56.551 59.247 2.393 0.482504 0.487912
V 56.052 59.216 2.493 0.482275 0.487899
V 55.553 59.186 2.493 0.482046 0.487887
V 55.553 59.186 2.393 0.482046 0.487887
V 56.052 59.216 2.393 0.482275 0.487899
V 55.553 59.186 2.493 0.482046 0.487887
V 55.054 59.155 2.493 0.481817 0.487875
V 55.054 59.155 2.393 0.481817 0.487875
V 55.553 59.186 2.393 0.482046 0.487887
V 55.054 59.155 2.493 0.481817 0.487875
V 54.555 59.125 2.493 0.481588 0.487863
V 54.555 59.125 2.393 0.481588 0.487863
V 55.054 59.155 2.393 0.481817 0.487875
V 54.555 59.125 2.493 0.481588 0.487863
V 54.056 59.094 2.493 0.481359 0.487851
V 54.056 59.094 2.393 0.481359 0.487851
V 54.555 59.125 2.393 0.481588 0.487863
V 54.056 59.094 2.493 0.481359 0.487851
V 53.557 59.064 2.493 0.481130 0.487839
V 53.557 59.064 2.393 0.481130 0.487839
V 54.056 59.094 2.393 0.481359 0.487851
V 53.557 59.064 2.493 0.481130 0.487839
V 53.058 59.034 2.493 0.480900 0.487826
V 53.058 59.034 2.393 0.480900 0.487826
V 53.557 59.064 2.393 0.481130 0.487839
V 53.058 59.034 2.493 0.480900 0.487826
V 52.559 59.003 2.493 0.480671 0.487814
V 52.559 59.003 2.393 0.480671 0.487814
V 53.058 59.034 2.393 0.480900 0.487826
V 52.559 59.003 2.493 0.480671 0.487814
V 52.060 58.973 2.493 0.480442 0.487802
V 52.060 58.973 2.393 0.480442 0.487802
V 52.559 59.003 2.393 0.480671 0.487814
V 52.060 58.973 2.493 0.480442 0.487802
V 51.561 58.942 2.493 0.480213 0.487790
V 51.561 58.942 2.393 0.480213 0.487790
V 52.060 58.973 2.393 0.480442 0.487802
V 51.561 58.942 2.493 0.480213 0.487790
V 51.061 58.912 2.493 0.479984 0.487778
V 51.061 58.912 2.393 0.479984 0.487778
V 51.561 58.942 2.393 0.480213 0.487790
V 51.061 58.912 2.493 0.479984 0.487778
V 50.562 58.881 2.493 0.479755 0.487765
V 50.562 58.881 2.393 0.479755 0.487765
V 51.061 58.912 2.393 0.479984 0.487778
V 50.562 58.881 2.493 0.479755 0.487765
V 50.063 58.851 2.493 0.479526 0.487753
V 50.063 58.851 2.393 0.479526 0.487753
V 50.562 58.881 2.393 0.479755 0.487765
V 50.063 58.851 2.493 0.479526 0.487753
V 49.564 58.820 2.493 0.479296 0.487741
V 49.564 58.820 2.393 0.479296 0.487741
V 50.063 58.851 2.393 0.479526 0.487753
V 49.564 58.820 2.493 0.479296 0.487741
V 49.065 58.790 2.493 0.479067 0.487729
V 49.065 58.790 2.393 0.479067 0.487729
V 49.564 58.820 2.393 0.479296 0.487741
V 49.065 58.790 2.493 0.479067 0.487729
V 48.566 58.759 2.493 0.478838 0.487717
V 48.566 58.759 2.393 0.478838 0.487717
V 49.065 58.790 2.393 0.479067 0.487729
V 48.566 58.759 2.493 0.478838 0.487717
V 48.067 58.729 2.493 0.478609 0.487705
V 48.067 58.729 2.393 0.478609 0.487705
V 48.566 58.759 2.393 0.478838 0.487717
V 48.067 58.729 2.493 0.478609 0.487705
V 47.568 58.698 2.493 0.478380 0.487692
V 47.568 58.698 2.393 0.478380 0.487692
V 48.067 58.729 2.393 0.478609 0.487705
V 47.568 58.698 2.493 0.478380 0.487692
V 47.069 58.668 2.493 0.478151 0.487680
V 47.069 58.668 2.393 0.478151 0.487680
V 47.568 58.698 2.393 0.478380 0.487692
V 47.069 58.668 2.493 0.478151 0.487680
V 46.570 58.637 2.493 0.477922 0.487668
V 46.570 58.637 2.393 0.477922 0.487668
V 47.069 58.668 2.393 0.478151 0.487680
V 46.570 58.637 2.493 0.477922 0.487668
V 46.071 58.607 2.493 0.477692 0.487656
V 46.071 58.607 2.393 0.477692 0.487656
V 46.570 58.637 2.393 0.477922 0.487668
V 46.058 58.653 2.493 0.477687 0.487677
V 46.061 58.596 2.493 0.477688 0.487651
V 46.061 58.596 2.393 0.477688 0.487651
V 46.058 58.653 2.393 0.477687 0.487677
V 71.026 60.110 2.493 0.489150 0.488256
V 71.525 60.141 2.493 0.489379 0.488268
V 71.525 60.141 2.385 0.489379 0.488268
V 71.026 60.110 2.385 0.489150 0.488256
V 71.525 60.141 2.493 0.489379 0.488268
V 72.024 60.171 2.493 0.489608 0.488280
V 72.024 60.171 2.325 0.489608 0.488280
V 71.525 60.141 2.325 0.489379 0.488268
V 72.013 60.180 2.493 0.489603 0.488285
V 72.028 59.931 2.493 0.489609 0.488170
V 72.028 59.931 2.318 0.489609 0.488170
V 72.013 60.180 2.318 0.489603 0.488285
V 72.028 59.931 2.493 0.489609 0.488170
V 72.028 59.931 2.493 0.489609 0.488170
V 72.028 59.931 2.318 0.489609 0.488170
V 72.028 59.931 2.318 0.489609 0.488170
V 72.028 59.930 2.493 0.489610 0.488169
V 72.028 59.930 2.493 0.489610 0.488169
V 72.028 59.930 2.318 0.489610 0.488169
V 72.028 59.930 2.318 0.489610 0.488169
V 72.038 59.922 2.493 0.489614 0.488165
V 72.038 59.922 2.493 0.489614 0.488165
V 72.038 59.922 2.325 0.489614 0.488165
V 72.038 59.922 2.325 0.489614 0.488165
V 72.039 59.922 2.493 0.489614 0.488165
V 72.039 59.922 2.493 0.489614 0.488165
V 72.039 59.922 2.325 0.489614 0.488165
V 72.039 59.922 2.325 0.489614 0.488165
V 72.039 59.922 2.493 0.489614 0.488165
V 72.313 59.938 2.493 0.489740 0.488172
V 72.313 59.938 2.292 0.489740 0.488172
V 72.039 59.922 2.292 0.489614 0.488165
V 72.313 59.938 2.493 0.489740 0.488172
V 72.313 59.938 2.493 0.489740 0.488172
V 72.313 59.938 2.293 0.489740 0.488172
V 72.313 59.938 2.293 0.489740 0.488172
V 72.314 59.938 2.493 0.489740 0.488172
V 72.314 59.938 2.493 0.489741 0.488172
V 72.314 59.938 2.293 0.489741 0.488172
V 72.314 59.938 2.293 0.489740 0.488172
V 72.322 59.948 2.493 0.489744 0.488176
V 72.322 59.948 2.493 0.489744 0.488176
V 72.322 59.948 2.300 0.489744 0.488176
V 72.322 59.948 2.300 0.489744 0.488176
V 72.322 59.949 2.493 0.489744 0.488177
V 72.322 59.949 2.493 0.489744 0.488177
V 72.322 59.949 2.300 0.489744 0.488177
V 72.322 59.949 2.300 0.489744 0.488177
V 72.322 59.949 2.493 0.489744 0.488177
V 72.320 59.987 2.493 0.489744 0.488194
V 72.320 59.987 2.300 0.489744 0.488194
V 72.322 59.949 2.300 0.489744 0.488177
V 72.313 59.976 2.493 0.489740 0.488189
V 72.327 59.980 2.493 0.489747 0.488191
V 72.327 59.980 2.292 0.489747 0.488191
V 72.313 59.976 2.292 0.489740 0.488189
V 72.335 59.990 2.493 0.489750 0.488195
V 72.335 59.990 2.493 0.489750 0.488196
V 72.335 59.990 2.298 0.489750 0.488196
V 72.335 59.990 2.298 0.489750 0.488195
V 72.335 59.991 2.493 0.489750 0.488196
V 72.335 59.991 2.493 0.489750 0.488196
V 72.335 59.991 2.298 0.489750 0.488196
V 72.335 59.991 2.298 0.489750 0.488196
V 72.335 59.991 2.493 0.489750 0.488196
V 72.321 60.225 2.493 0.489745 0.488304
V 72.321 60.225 2.298 0.489745 0.488304
V 72.335 59.991 2.298 0.489750 0.488196
V 72.318 60.217 2.493 0.489744 0.488300
V 72.337 60.238 2.493 0.489752 0.488310
V 72.337 60.238 2.293 0.489752 0.488310
V 72.318 60.217 2.293 0.489744 0.488300
V 72.330 60.235 2.493 0.489749 0.488308
V 72.700 60.257 2.493 0.489919 0.488317
V 72.700 60.257 2.244 0.489919 0.488317
V 72.330 60.235 2.244 0.489749 0.488308
V 72.689 60.267 2.493 0.489914 0.488322
V 72.719 59.786 2.493 0.489926 0.488100
V 72.719 59.786 2.237 0.489926 0.488100
V 72.689 60.267 2.237 0.489914 0.488322
V 73.159 52.571 2.493 0.490101 0.484773
V 73.188 52.090 2.493 0.490113 0.484552
V 73.188 52.090 1.256 0.490113 0.484552
V 73.159 52.571 1.256 0.490101 0.484773
V 73.192 52.098 2.493 0.490115 0.484556
V 72.916 51.880 2.493 0.489987 0.484456
V 72.916 51.880 1.261 0.489987 0.484456
V 73.192 52.098 1.261 0.490115 0.484556
V 72.916 51.880 2.493 0.489987 0.484456
V 72.640 51.662 2.493 0.489860 0.484356
V 72.640 51.662 1.317 0.489860 0.484356
V 72.916 51.880 1.317 0.489987 0.484456
V 72.640 51.662 2.493 0.489860 0.484356
V 72.364 51.443 2.493 0.489732 0.484257
V 72.364 51.443 1.372 0.489732 0.484257
V 72.640 51.662 1.372 0.489860 0.484356
V 72.369 51.445 2.493 0.489735 0.484258
V 71.876 51.415 2.493 0.489508 0.484246
V 71.876 51.415 1.433 0.489508 0.484246
V 72.369 51.445 1.433 0.489735 0.484258
V 114.051 62.766 0.093 0.508905 0.489320
V 114.053 62.737 0.093 0.508905 0.489306
V 114.053 62.737 -0.076 0.508905 0.489306
V 114.051 62.766 -0.076 0.508905 0.489320
V 114.062 62.747 0.093 0.508910 0.489311
V 113.573 62.717 0.093 0.508685 0.489299
V 113.573 62.717 -0.007 0.508685 0.489299
V 114.062 62.747 -0.007 0.508910 0.489311
V 113.573 62.717 0.093 0.508685 0.489299
V 113.083 62.687 0.093 0.508460 0.489287
V 113.083 62.687 -0.007 0.508460 0.489287
V 113.573 62.717 -0.007 0.508685 0.489299
V 113.083 62.687 0.093 0.508460 0.489287
V 112.593 62.657 0.093 0.508235 0.489275
V 112.593 62.657 -0.007 0.508235 0.489275
V 113.083 62.687 -0.007 0.508460 0.489287
V 112.593 62.657 0.093 0.508235 0.489275
V 112.104 62.628 0.093 0.508011 0.489263
V 112.104 62.628 -0.007 0.508011 0.489263
V 112.593 62.657 -0.007 0.508235 0.489275
V 112.104 62.628 0.093 0.508011 0.489263
V 111.614 62.598 0.093 0.507786 0.489252
V 111.614 62.598 -0.007 0.507786 0.489252
V 112.104 62.628 -0.007 0.508011 0.489263
V 111.614 62.598 0.093 0.507786 0.489252
V 111.124 62.568 0.093 0.507561 0.489240
V 111.124 62.568 -0.007 0.507561 0.489240
V 111.614 62.598 -0.007 0.507786 0.489252
V 111.124 62.568 0.093 0.507561 0.489240
V 110.635 62.538 0.093 0.507336 0.489228
V 110.635 62.538 -0.007 0.507336 0.489228
V 111.124 62.568 -0.007 0.507561 0.489240
V 110.635 62.538 0.093 0.507336 0.489228
V 110.145 62.508 0.093 0.507111 0.489216
V 110.145 62.508 -0.007 0.507111 0.489216
V 110.635 62.538 -0.007 0.507336 0.489228
V 110.145 62.508 0.093 0.507111 0.489216
V 109.655 62.478 0.093 0.506886 0.489204
V 109.655 62.478 -0.007 0.506886 0.489204
V 110.145 62.508 -0.007 0.507111 0.489216
V 109.655 62.478 0.093 0.506886 0.489204
V 109.166 62.448 0.093 0.506662 0.489192
V 109.166 62.448 -0.007 0.506662 0.489192
V 109.655 62.478 -0.007 0.506886 0.489204
V 109.166 62.448 0.093 0.506662 0.489192
V 108.676 62.418 0.093 0.506437 0.489180
V 108.676 62.418 -0.007 0.506437 0.489180
V 109.166 62.448 -0.007 0.506662 0.489192
V 108.676 62.418 0.093 0.506437 0.489180
V 108.187 62.388 0.093 0.506212 0.489168
V 108.187 62.388 -0.007 0.506212 0.489168
V 108.676 62.418 -0.007 0.506437 0.489180
V 108.187 62.388 0.093 0.506212 0.489168
V 107.697 62.359 0.093 0.505987 0.489156
V 107.697 62.359 -0.007 0.505987 0.489156
V 108.187 62.388 -0.007 0.506212 0.489168
V 107.697 62.359 0.093 0.505987 0.489156
V 107.207 62.329 0.093 0.505762 0.489144
V 107.207 62.329 -0.007 0.505762 0.489144
V 107.697 62.359 -0.007 0.505987 0.489156
V 107.207 62.329 0.093 0.505762 0.489144
V 106.718 62.299 0.093 0.505537 0.489132
V 106.718 62.299 -0.007 0.505537 0.489132
V 107.207 62.329 -0.007 0.505762 0.489144
V 106.718 62.299 0.093 0.505537 0.489132
V 106.228 62.269 0.093 0.505313 0.489120
V 106.228 62.269 -0.007 0.505313 0.489120
V 106.718 62.299 -0.007 0.505537 0.489132
V 106.228 62.269 0.093 0.505313 0.489120
V 105.738 62.239 0.093 0.505088 0.489108
V 105.738 62.239 -0.007 0.505088 0.489108
V 106.228 62.269 -0.007 0.505313 0.489120
V 105.738 62.239 0.093 0.505088 0.489108
V 105.249 62.209 0.093 0.504863 0.489096
V 105.249 62.209 -0.007 0.504863 0.489096
V 105.738 62.239 -0.007 0.505088 0.489108
V 105.249 62.209 0.093 0.504863 0.489096
V 104.759 62.179 0.093 0.504638 0.489084
V 104.759 62.179 -0.007 0.504638 0.489084
V 105.249 62.209 -0.007 0.504863 0.489096
V 104.759 62.179 0.093 0.504638 0.489084
V 104.269 62.149 0.093 0.504413 0.489072
V 104.269 62.149 -0.007 0.504413 0.489072
V 104.759 62.179 -0.007 0.504638 0.489084
V 104.269 62.149 0.093 0.504413 0.489072
V 103.780 62.119 0.093 0.504189 0.489060
V 103.780 62.119 -0.007 0.504189 0.489060
V 104.269 62.149 -0.007 0.504413 0.489072
V 103.780 62.119 0.093 0.504189 0.489060
V 103.290 62.090 0.093 0.503964 0.489048
V 103.290 62.090 -0.007 0.503964 0.489048
V 103.780 62.119 -0.007 0.504189 0.489060
V 103.290 62.090 0.093 0.503964 0.489048
V 102.800 62.060 0.093 0.503739 0.489036
V 102.800 62.060 -0.007 0.503739 0.489036
V 103.290 62.090 -0.007 0.503964 0.489048
V 102.800 62.060 0.093 0.503739 0.489036
V 102.311 62.030 0.093 0.503514 0.489024
V 102.311 62.030 -0.007 0.503514 0.489024
V 102.800 62.060 -0.007 0.503739 0.489036
V 102.311 62.030 0.093 0.503514 0.489024
V 101.821 62.000 0.093 0.503289 0.489012
V 101.821 62.000 -0.007 0.503289 0.489012
V 102.311 62.030 -0.007 0.503514 0.489024
V 101.821 62.000 0.093 0.503289 0.489012
V 101.331 61.970 0.093 0.503064 0.489000
V 101.331 61.970 -0.007 0.503064 0.489000
V 101.821 62.000 -0.007 0.503289 0.489012
V 101.331 61.970 0.093 0.503064 0.489000
V 100.842 61.940 0.093 0.502840 0.488988
V 100.842 61.940 -0.007 0.502840 0.488988
V 101.331 61.970 -0.007 0.503064 0.489000
V 100.842 61.940 0.093 0.502840 0.488988
V 100.352 61.910 0.093 0.502615 0.488977
V 100.352 61.910 -0.007 0.502615 0.488977
V 100.842 61.940 -0.007 0.502840 0.488988
V 100.352 61.910 0.093 0.502615 0.488977
V 99.862 61.880 0.093 0.502390 0.488965
V 99.862 61.880 -0.007 0.502390 0.488965
V 100.352 61.910 -0.007 0.502615 0.488977
V 99.862 61.880 0.093 0.502390 0.488965
V 99.373 61.850 0.093 0.502165 0.488953
V 99.373 61.850 -0.007 0.502165 0.488953
V 99.862 61.880 -0.007 0.502390 0.488965
V 99.373 61.850 0.093 0.502165 0.488953
V 98.883 61.821 0.093 0.501940 0.488941
V 98.883 61.821 -0.007 0.501940 0.488941
V 99.373 61.850 -0.007 0.502165 0.488953
V 98.883 61.821 0.093 0.501940 0.488941
V 98.393 61.791 0.093 0.501716 0.488929
V 98.393 61.791 -0.007 0.501716 0.488929
V 98.883 61.821 -0.007 0.501940 0.488941
V 98.393 61.791 0.093 0.501716 0.488929
V 97.904 61.761 0.093 0.501491 0.488917
V 97.904 61.761 -0.007 0.501491 0.488917
V 98.393 61.791 -0.007 0.501716 0.488929
V 97.904 61.761 0.093 0.501491 0.488917
V 97.414 61.731 0.093 0.501266 0.488905
V 97.414 61.731 -0.007 0.501266 0.488905
V 97.904 61.761 -0.007 0.501491 0.488917
V 97.414 61.731 0.093 0.501266 0.488905
V 96.924 61.701 0.093 0.501041 0.488893
V 96.924 61.701 -0.007 0.501041 0.488893
V 97.414 61.731 -0.007 0.501266 0.488905
V 96.924 61.701 0.093 0.501041 0.488893
V 96.435 61.671 0.093 0.500816 0.488881
V 96.435 61.671 -0.007 0.500816 0.488881
V 96.924 61.701 -0.007 0.501041 0.488893
V 96.435 61.671 0.093 0.500816 0.488881
V 95.945 61.641 0.093 0.500591 0.488869
V 95.945 61.641 -0.007 0.500591 0.488869
V 96.435 61.671 -0.007 0.500816 0.488881
V 95.945 61.641 0.093 0.500591 0.488869
V 95.455 61.611 0.093 0.500367 0.488857
V 95.455 61.611 -0.007 0.500367 0.488857
V 95.945 61.641 -0.007 0.500591 0.488869
V 95.455 61.611 0.093 0.500367 0.488857
V 94.966 61.582 0.093 0.500142 0.488845
V 94.966 61.582 -0.007 0.500142 0.488845
V 95.455 61.611 -0.007 0.500367 0.488857
V 94.966 61.582 0.093 0.500142 0.488845
V 94.476 61.552 0.093 0.499917 0.488833
V 94.476 61.552 -0.007 0.499917 0.488833
V 94.966 61.582 -0.007 0.500142 0.488845
V 94.476 61.552 0.093 0.499917 0.488833
V 93.986 61.522 0.093 0.499692 0.488821
V 93.986 61.522 -0.007 0.499692 0.488821
V 94.476 61.552 -0.007 0.499917 0.488833
V 93.986 61.522 0.093 0.499692 0.488821
V 93.497 61.492 0.093 0.499467 0.488809
V 93.497 61.492 -0.007 0.499467 0.488809
V 93.986 61.522 -0.007 0.499692 0.488821
V 93.497 61.492 0.093 0.499467 0.488809
V 93.007 61.462 0.093 0.499242 0.488797
V 93.007 61.462 -0.007 0.499242 0.488797
V 93.497 61.492 -0.007 0.499467 0.488809
V 93.007 61.462 0.093 0.499242 0.488797
V 92.517 61.432 0.093 0.499018 0.488785
V 92.517 61.432 -0.007 0.499018 0.488785
V 93.007 61.462 -0.007 0.499242 0.488797
V 92.517 61.432 0.093 0.499018 0.488785
V 92.028 61.402 0.093 0.498793 0.488773
V 92.028 61.402 -0.007 0.498793 0.488773
V 92.517 61.432 -0.007 0.499018 0.488785
V 92.028 61.402 0.093 0.498793 0.488773
V 91.538 61.372 0.093 0.498568 0.488761
V 91.538 61.372 -0.007 0.498568 0.488761
V 92.028 61.402 -0.007 0.498793 0.488773
V 91.538 61.372 0.093 0.498568 0.488761
V 91.048 61.342 0.093 0.498343 0.488749
V 91.048 61.342 -0.007 0.498343 0.488749
V 91.538 61.372 -0.007 0.498568 0.488761
V 91.048 61.342 0.093 0.498343 0.488749
V 90.559 61.313 0.093 0.498118 0.488737
V 90.559 61.313 -0.007 0.498118 0.488737
V 91.048 61.342 -0.007 0.498343 0.488749
V 90.559 61.313 0.093 0.498118 0.488737
V 90.069 61.283 0.093 0.497894 0.488725
V 90.069 61.283 -0.007 0.497894 0.488725
V 90.559 61.313 -0.007 0.498118 0.488737
V 90.069 61.283 0.093 0.497894 0.488725
V 89.579 61.253 0.093 0.497669 0.488714
V 89.579 61.253 -0.007 0.497669 0.488714
V 90.069 61.283 -0.007 0.497894 0.488725
V 89.579 61.253 0.093 0.497669 0.488714
V 89.090 61.223 0.093 0.497444 0.488702
V 89.090 61.223 -0.007 0.497444 0.488702
V 89.579 61.253 -0.007 0.497669 0.488714
V 89.090 61.223 0.093 0.497444 0.488702
V 88.600 61.193 0.093 0.497219 0.488690
V 88.600 61.193 -0.007 0.497219 0.488690
V 89.090 61.223 -0.007 0.497444 0.488702
V 88.600 61.193 0.093 0.497219 0.488690
V 88.110 61.163 0.093 0.496994 0.488678
V 88.110 61.163 -0.007 0.496994 0.488678
V 88.600 61.193 -0.007 0.497219 0.488690
V 113.082 62.697 0.093 0.508460 0.489292
V 113.572 62.727 0.093 0.508685 0.489304
V 113.572 62.727 -0.010 0.508685 0.489304
V 113.082 62.697 -0.010 0.508460 0.489292
V 113.572 62.727 0.093 0.508685 0.489304
V 114.062 62.757 0.093 0.508910 0.489316
V 114.062 62.757 -0.069 0.508910 0.489316
V 113.572 62.727 -0.069 0.508685 0.489304
V 114.173 60.768 0.093 0.508953 0.488399
V 114.197 60.387 0.093 0.508963 0.488223
V 114.197 60.387 -0.076 0.508963 0.488223
V 114.173 60.768 -0.076 0.508953 0.488399
V 114.197 60.387 0.093 0.508963 0.488223
V 114.220 60.006 0.093 0.508972 0.488048
V 114.220 60.006 -0.076 0.508972 0.488048
V 114.197 60.387 -0.076 0.508963 0.488223
V 114.220 60.006 0.093 0.508972 0.488048
V 114.247 59.564 0.093 0.508983 0.487844
V 114.247 59.564 -0.076 0.508983 0.487844
V 114.220 60.006 -0.076 0.508972 0.488048
V 114.247 59.564 0.093 0.508983 0.487844
V 114.274 59.122 0.093 0.508993 0.487640
V 114.274 59.122 -0.076 0.508993 0.487640
V 114.247 59.564 -0.076 0.508983 0.487844
V 114.274 59.122 0.093 0.508993 0.487640
V 114.301 58.680 0.093 0.509004 0.487436
V 114.301 58.680 -0.076 0.509004 0.487436
V 114.274 59.122 -0.076 0.508993 0.487640
V 113.074 62.697 0.093 0.508456 0.489292
V 113.568 62.727 0.093 0.508683 0.489304
V 113.568 62.727 -0.009 0.508683 0.489304
V 113.074 62.697 -0.009 0.508456 0.489292
V 113.568 62.727 0.093 0.508683 0.489304
V 114.062 62.757 0.093 0.508910 0.489316
V 114.062 62.757 -0.069 0.508910 0.489316
V 113.568 62.727 -0.069 0.508683 0.489304
V 114.061 62.777 0.093 0.508909 0.489325
V 113.571 62.747 0.093 0.508684 0.489313
V 113.571 62.747 -0.007 0.508684 0.489313
V 114.061 62.777 -0.007 0.508909 0.489325
V 113.571 62.747 0.093 0.508684 0.489313
V 113.081 62.717 0.093 0.508459 0.489301
V 113.081 62.717 -0.007 0.508459 0.489301
V 113.571 62.747 -0.007 0.508684 0.489313
V 113.081 62.717 0.093 0.508459 0.489301
V 112.592 62.688 0.093 0.508235 0.489289
V 112.592 62.688 -0.007 0.508235 0.489289
V 113.081 62.717 -0.007 0.508459 0.489301
V 112.592 62.688 0.093 0.508235 0.489289
V 112.102 62.658 0.093 0.508010 0.489278
V 112.102 62.658 -0.007 0.508010 0.489278
V 112.592 62.688 -0.007 0.508235 0.489289
V 112.102 62.658 0.093 0.508010 0.489278
V 111.612 62.629 0.093 0.507785 0.489266
V 111.612 62.629 -0.007 0.507785 0.489266
V 112.102 62.658 -0.007 0.508010 0.489278
V 111.612 62.629 0.093 0.507785 0.489266
V 111.123 62.599 0.093 0.507560 0.489254
V 111.123 62.599 -0.007 0.507560 0.489254
V 111.612 62.629 -0.007 0.507785 0.489266
V 111.123 62.599 0.093 0.507560 0.489254
V 110.633 62.569 0.093 0.507335 0.489242
V 110.633 62.569 -0.007 0.507335 0.489242
V 111.123 62.599 -0.007 0.507560 0.489254
V 110.633 62.569 0.093 0.507335 0.489242
V 110.143 62.540 0.093 0.507110 0.489230
V 110.143 62.540 -0.007 0.507110 0.489230
V 110.633 62.569 -0.007 0.507335 0.489242
V 110.143 62.540 0.093 0.507110 0.489230
V 109.654 62.510 0.093 0.506886 0.489218
V 109.654 62.510 -0.007 0.506886 0.489218
V 110.143 62.540 -0.007 0.507110 0.489230
V 109.654 62.510 0.093 0.506886 0.489218
V 109.164 62.481 0.093 0.506661 0.489207
V 109.164 62.481 -0.007 0.506661 0.489207
V 109.654 62.510 -0.007 0.506886 0.489218
V 109.164 62.481 0.093 0.506661 0.489207
V 108.674 62.451 0.093 0.506436 0.489195
V 108.674 62.451 -0.007 0.506436 0.489195
V 109.164 62.481 -0.007 0.506661 0.489207
V 108.674 62.451 0.093 0.506436 0.489195
V 108.185 62.421 0.093 0.506211 0.489183
V 108.185 62.421 -0.007 0.506211 0.489183
V 108.674 62.451 -0.007 0.506436 0.489195
V 108.185 62.421 0.093 0.506211 0.489183
V 107.695 62.392 0.093 0.505986 0.489171
V 107.695 62.392 -0.007 0.505986 0.489171
V 108.185 62.421 -0.007 0.506211 0.489183
V 107.695 62.392 0.093 0.505986 0.489171
V 107.205 62.362 0.093 0.505761 0.489159
V 107.205 62.362 -0.007 0.505761 0.489159
V 107.695 62.392 -0.007 0.505986 0.489171
V 107.205 62.362 0.093 0.505761 0.489159
V 106.715 62.333 0.093 0.505537 0.489148
V 106.715 62.333 -0.007 0.505537 0.489148
V 107.205 62.362 -0.007 0.505761 0.489159
V 106.715 62.333 0.093 0.505537 0.489148
V 106.226 62.303 0.093 0.505312 0.489136
V 106.226 62.303 -0.007 0.505312 0.489136
V 106.715 62.333 -0.007 0.505537 0.489148
V 106.226 62.303 0.093 0.505312 0.489136
V 105.736 62.274 0.093 0.505087 0.489124
V 105.736 62.274 -0.007 0.505087 0.489124
V 106.226 62.303 -0.007 0.505312 0.489136
V 105.736 62.274 0.093 0.505087 0.489124
V 105.246 62.244 0.093 0.504862 0.489112
V 105.246 62.244 -0.007 0.504862 0.489112
V 105.736 62.274 -0.007 0.505087 0.489124
V 105.246 62.244 0.093 0.504862 0.489112
V 104.757 62.214 0.093 0.504637 0.489100
V 104.757 62.214 -0.007 0.504637 0.489100
V 105.246 62.244 -0.007 0.504862 0.489112
V 104.757 62.214 0.093 0.504637 0.489100
V 104.267 62.185 0.093 0.504413 0.489088
V 104.267 62.185 -0.007 0.504413 0.489088
V 104.757 62.214 -0.007 0.504637 0.489100
V 104.267 62.185 0.093 0.504413 0.489088
V 103.777 62.155 0.093 0.504188 0.489077
V 103.777 62.155 -0.007 0.504188 0.489077
V 104.267 62.185 -0.007 0.504413 0.489088
V 103.777 62.155 0.093 0.504188 0.489077
V 103.288 62.126 0.093 0.503963 0.489065
V 103.288 62.126 -0.007 0.503963 0.489065
V 103.777 62.155 -0.007 0.504188 0.489077
V 103.288 62.126 0.093 0.503963 0.489065
V 102.798 62.096 0.093 0.503738 0.489053
V 102.798 62.096 -0.007 0.503738 0.489053
V 103.288 62.126 -0.007 0.503963 0.489065
V 102.798 62.096 0.093 0.503738 0.489053
V 102.308 62.066 0.093 0.503513 0.489041
V 102.308 62.066 -0.007 0.503513 0.489041
V 102.798 62.096 -0.007 0.503738 0.489053
V 102.308 62.066 0.093 0.503513 0.489041
V 101.819 62.037 0.093 0.503288 0.489029
V 101.819 62.037 -0.007 0.503288 0.489029
V 102.308 62.066 -0.007 0.503513 0.489041
V 101.819 62.037 0.093 0.503288 0.489029
V 101.329 62.007 0.093 0.503064 0.489018
V 101.329 62.007 -0.007 0.503064 0.489018
V 101.819 62.037 -0.007 0.503288 0.489029
V 101.329 62.007 0.093 0.503064 0.489018
V 100.839 61.978 0.093 0.502839 0.489006
V 100.839 61.978 -0.007 0.502839 0.489006
V 101.329 62.007 -0.007 0.503064 0.489018
V 100.839 61.978 0.093 0.502839 0.489006
V 100.350 61.948 0.093 0.502614 0.488994
V 100.350 61.948 -0.007 0.502614 0.488994
V 100.839 61.978 -0.007 0.502839 0.489006
V 100.350 61.948 0.093 0.502614 0.488994
V 99.860 61.918 0.093 0.502389 0.488982
V 99.860 61.918 -0.007 0.502389 0.488982
V 100.350 61.948 -0.007 0.502614 0.488994
V 99.860 61.918 0.093 0.502389 0.488982
V 99.370 61.889 0.093 0.502164 0.488970
V 99.370 61.889 -0.007 0.502164 0.488970
V 99.860 61.918 -0.007 0.502389 0.488982
V 99.370 61.889 0.093 0.502164 0.488970
V 98.881 61.859 0.093 0.501939 0.488958
V 98.881 61.859 -0.007 0.501939 0.488958
V 99.370 61.889 -0.007 0.502164 0.488970
V 98.881 61.859 0.093 0.501939 0.488958
V 98.391 61.830 0.093 0.501715 0.488947
V 98.391 61.830 -0.007 0.501715 0.488947
V 98.881 61.859 -0.007 0.501939 0.488958
V 98.391 61.830 0.093 0.501715 0.488947
V 97.901 61.800 0.093 0.501490 0.488935
V 97.901 61.800 -0.007 0.501490 0.488935
V 98.391 61.830 -0.007 0.501715 0.488947
V 97.901 61.800 0.093 0.501490 0.488935
V 97.412 61.770 0.093 0.501265 0.488923
V 97.412 61.770 -0.007 0.501265 0.488923
V 97.901 61.800 -0.007 0.501490 0.488935
V 97.412 61.770 0.093 0.501265 0.488923
V 96.922 61.741 0.093 0.501040 0.488911
V 96.922 61.741 -0.007 0.501040 0.488911
V 97.412 61.770 -0.007 0.501265 0.488923
V 96.922 61.741 0.093 0.501040 0.488911
V 96.432 61.711 0.093 0.500815 0.488899
V 96.432 61.711 -0.007 0.500815 0.488899
V 96.922 61.741 -0.007 0.501040 0.488911
V 96.432 61.711 0.093 0.500815 0.488899
V 95.943 61.682 0.093 0.500590 0.488888
V 95.943 61.682 -0.007 0.500590 0.488888
V 96.432 61.711 -0.007 0.500815 0.488899
V 95.943 61.682 0.093 0.500590 0.488888
V 95.453 61.652 0.093 0.500366 0.488876
V 95.453 61.652 -0.007 0.500366 0.488876
V 95.943 61.682 -0.007 0.500590 0.488888
V 95.453 61.652 0.093 0.500366 0.488876
V 94.963 61.623 0.093 0.500141 0.488864
V 94.963 61.623 -0.007 0.500141 0.488864
V 95.453 61.652 -0.007 0.500366 0.488876
V 94.963 61.623 0.093 0.500141 0.488864
V 94.474 61.593 0.093 0.499916 0.488852
V 94.474 61.593 -0.007 0.499916 0.488852
V 94.963 61.623 -0.007 0.500141 0.488864
V 94.474 61.593 0.093 0.499916 0.488852
V 93.984 61.563 0.093 0.499691 0.488840
V 93.984 61.563 -0.007 0.499691 0.488840
V 94.474 61.593 -0.007 0.499916 0.488852
V 93.984 61.563 0.093 0.499691 0.488840
V 93.494 61.534 0.093 0.499466 0.488828
V 93.494 61.534 -0.007 0.499466 0.488828
V 93.984 61.563 -0.007 0.499691 0.488840
V 93.494 61.534 0.093 0.499466 0.488828
V 93.004 61.504 0.093 0.499241 0.488817
V 93.004 61.504 -0.007 0.499241 0.488817
V 93.494 61.534 -0.007 0.499466 0.488828
V 93.004 61.504 0.093 0.499241 0.488817
V 92.515 61.475 0.093 0.499017 0.488805
V 92.515 61.475 -0.007 0.499017 0.488805
V 93.004 61.504 -0.007 0.499241 0.488817
V 92.515 61.475 0.093 0.499017 0.488805
V 92.025 61.445 0.093 0.498792 0.488793
V 92.025 61.445 -0.007 0.498792 0.488793
V 92.515 61.475 -0.007 0.499017 0.488805
V 92.025 61.445 0.093 0.498792 0.488793
V 91.535 61.415 0.093 0.498567 0.488781
V 91.535 61.415 -0.007 0.498567 0.488781
V 92.025 61.445 -0.007 0.498792 0.488793
V 91.535 61.415 0.093 0.498567 0.488781
V 91.046 61.386 0.093 0.498342 0.488769
V 91.046 61.386 -0.007 0.498342 0.488769
V 91.535 61.415 -0.007 0.498567 0.488781
V 91.046 61.386 0.093 0.498342 0.488769
V 90.556 61.356 0.093 0.498117 0.488758
V 90.556 61.356 -0.007 0.498117 0.488758
V 91.046 61.386 -0.007 0.498342 0.488769
V 90.556 61.356 0.093 0.498117 0.488758
V 90.066 61.327 0.093 0.497893 0.488746
V 90.066 61.327 -0.007 0.497893 0.488746
V 90.556 61.356 -0.007 0.498117 0.488758
V 90.066 61.327 0.093 0.497893 0.488746
V 89.577 61.297 0.093 0.497668 0.488734
V 89.577 61.297 -0.007 0.497668 0.488734
V 90.066 61.327 -0.007 0.497893 0.488746
V 89.577 61.297 0.093 0.497668 0.488734
V 89.087 61.267 0.093 0.497443 0.488722
V 89.087 61.267 -0.007 0.497443 0.488722
V 89.577 61.297 -0.007 0.497668 0.488734
V 89.087 61.267 0.093 0.497443 0.488722
V 88.597 61.238 0.093 0.497218 0.488710
V 88.597 61.238 -0.007 0.497218 0.488710
V 89.087 61.267 -0.007 0.497443 0.488722
V 88.597 61.238 0.093 0.497218 0.488710
V 88.108 61.208 0.093 0.496993 0.488698
V 88.108 61.208 -0.007 0.496993 0.488698
V 88.597 61.238 -0.007 0.497218 0.488710
V 88.098 61.198 0.093 0.496989 0.488694
V 88.101 61.152 0.093 0.496990 0.488673
V 88.101 61.152 -0.007 0.496990 0.488673
V 88.098 61.198 -0.007 0.496989 0.488694
V 113.084 62.667 0.093 0.508461 0.489278
V 113.574 62.697 0.093 0.508685 0.489290
V 113.574 62.697 -0.010 0.508685 0.489290
V 113.084 62.667 -0.010 0.508461 0.489278
V 113.574 62.697 0.093 0.508685 0.489290
V 114.064 62.727 0.093 0.508910 0.489302
V 114.064 62.727 -0.069 0.508910 0.489302
V 113.574 62.697 -0.069 0.508685 0.489290
V 114.053 62.737 0.093 0.508905 0.489306
V 114.083 62.244 0.093 0.508917 0.489080
V 114.083 62.244 -0.076 0.508917 0.489080
V 114.053 62.737 -0.076 0.508905 0.489306
V 114.083 62.244 0.093 0.508917 0.489080
V 114.113 61.752 0.093 0.508929 0.488853
V 114.113 61.752 -0.076 0.508929 0.488853
V 114.083 62.244 -0.076 0.508917 0.489080
V 114.113 61.752 0.093 0.508929 0.488853
V 114.143 61.260 0.093 0.508941 0.488626
V 114.143 61.260 -0.076 0.508941 0.488626
V 114.113 61.752 -0.076 0.508929 0.488853
V 114.143 61.260 0.093 0.508941 0.488626
V 114.173 60.768 0.093 0.508953 0.488399
V 114.173 60.768 -0.076 0.508953 0.488399
V 114.143 61.260 -0.076 0.508941 0.488626
V 88.380 61.225 0.043 0.497118 0.488705
V 87.886 61.195 0.468 0.496891 0.488693
V 87.886 61.195 -0.007 0.496891 0.488693
V 88.380 61.225 -0.007 0.497118 0.488705
V 87.886 61.195 0.468 0.496891 0.488693
V 87.392 61.165 0.527 0.496665 0.488681
V 87.392 61.165 0.043 0.496665 0.488681
V 87.886 61.195 0.043 0.496891 0.488693
V 87.392 61.165 0.527 0.496665 0.488681
V 86.899 61.135 0.093 0.496438 0.488669
V 86.899 61.135 0.043 0.496438 0.488669
V 87.392 61.165 0.043 0.496665 0.488681
V 86.405 61.105 -2.218 0.496211 0.488657
V 85.917 61.076 0.705 0.495987 0.488646
V 85.917 61.076 0.043 0.495987 0.488646
V 86.405 61.105 0.043 0.496211 0.488657
V 85.917 61.076 0.705 0.495987 0.488646
V 85.429 61.046 -2.517 0.495764 0.488634
V 85.429 61.046 0.043 0.495764 0.488634
V 85.917 61.076 0.043 0.495987 0.488646
V 85.429 61.046 -2.517 0.495764 0.488634
V 84.942 61.017 0.822 0.495540 0.488622
V 84.942 61.017 0.043 0.495540 0.488622
V 85.429 61.046 0.043 0.495764 0.488634
V 84.942 61.017 0.822 0.495540 0.488622
V 84.454 60.988 -2.666 0.495316 0.488610
V 84.454 60.988 0.043 0.495316 0.488610
V 84.942 61.017 0.043 0.495540 0.488622
V 84.454 60.988 -2.666 0.495316 0.488610
V 83.966 60.958 0.939 0.495092 0.488599
V 83.966 60.958 0.043 0.495092 0.488599
V 84.454 60.988 0.043 0.495316 0.488610
V 83.966 60.958 0.939 0.495092 0.488599
V 83.478 60.929 0.093 0.494868 0.488587
V 83.478 60.929 0.043 0.494868 0.488587
V 83.966 60.958 0.043 0.495092 0.488599
V 72.334 60.235 2.493 0.489751 0.488309
V 72.831 60.265 2.278 0.489979 0.488321
V 72.831 60.265 2.228 0.489979 0.488321
V 72.334 60.235 2.228 0.489751 0.488309
V 113.555 62.726 0.043 0.508677 0.489303
V 114.051 62.756 0.043 0.508905 0.489315
V 114.051 62.756 -0.067 0.508905 0.489315
V 113.555 62.726 -0.067 0.508677 0.489303
V 114.051 62.756 0.043 0.508905 0.489315
V 114.052 62.756 0.043 0.508905 0.489315
V 114.052 62.756 -0.067 0.508905 0.489315
V 114.051 62.756 -0.067 0.508905 0.489315
F 0 2 1 cim
F 2 4 3 cim
F 4 0 5 cim
F 0 4 2 cim
F 6 8 7 cim
F 8 6 9 cim
F 6 0 1 cim
F 5 10 10 cim
F 7 11 6 cim
F 12 5 12 cim
F 5 12 10 cim
F 0 6 11 cim
F 5 12 12 cim
F 5 0 11 cim
F 10 5 12 cim
F 11 10 5 cim
F 10 5 10 cim
F 13 8 9 cim
F 14 16 15 cim
F 17 19 18 cim
F 19 21 20 cim
F 22 17 23 cim
F 22 21 19 cim
F 19 17 22 cim
F 2 24 1 cim
F 24 26 25 cim
F 26 17 18 cim
F 17 3 23 cim
F 17 24 2 cim
F 24 17 26 cim
F 2 3 17 cim
F 6 27 9 cim
F 27 29 28 cim
F 29 24 25 cim
F 24 6 1 cim
F 6 29 27 cim
F 29 6 24 cim
F 30 15 16 cim
F 31 32 31 cim
F 32 34 33 cim
F 34 27 28 cim
F 27 13 9 cim
F 16 31 30 cim
F 35 34 32 cim
F 35 13 27 cim
F 32 30 31 cim
F 35 27 35 cim
F 31 32 31 cim
F 35 27 35 cim
F 31 35 32 cim
F 35 27 35 cim
F 27 34 35 cim
F 36 32 33 cim
F 32 37 30 cim
F 36 39 38 cim
F 37 32 36 cim
F 36 38 37 cim
F 40 42 41 cim
F 43 45 44 cim
F 45 40 41 cim
F 45 43 46 cim
F 46 43 47 cim
F 48 40 45 cim
F 46 48 45 cim
F 19 49 18 cim
F 49 51 50 cim
F 51 43 44 cim
F 43 20 47 cim
F 43 49 19 cim
F 49 43 51 cim
F 19 20 43 cim
F 26 52 25 cim
F 52 54 53 cim
F 54 49 50 cim
F 49 26 18 cim
F 26 54 52 cim
F 54 26 49 cim
F 29 55 28 cim
F 55 57 56 cim
F 57 52 53 cim
F 52 29 25 cim
F 29 57 55 cim
F 57 29 52 cim
F 34 58 33 cim
F 58 60 59 cim
F 60 55 56 cim
F 55 34 28 cim
F 34 60 58 cim
F 60 34 55 cim
F 61 63 62 cim
F 63 58 59 cim
F 58 36 33 cim
F 61 64 39 cim
F 58 63 61 cim
F 61 36 58 cim
F 39 36 61 cim
F 65 62 66 cim
F 61 67 64 cim
F 61 62 65 cim
F 65 67 61 cim
F 68 70 69 cim
F 42 71 41 cim
F 71 73 72 cim
F 73 68 69 cim
F 74 71 42 cim
F 75 68 73 cim
F 75 71 74 cim
F 73 71 75 cim
F 45 76 44 cim
F 76 78 77 cim
F 78 71 72 cim
F 71 45 41 cim
F 45 78 76 cim
F 78 45 71 cim
F 51 79 50 cim
F 79 81 80 cim
F 81 76 77 cim
F 76 51 44 cim
F 51 81 79 cim
F 81 51 76 cim
F 54 82 53 cim
F 82 84 83 cim
F 84 79 80 cim
F 79 54 50 cim
F 54 84 82 cim
F 84 54 79 cim
F 57 85 56 cim
F 85 87 86 cim
F 87 82 83 cim
F 82 57 53 cim
F 57 87 85 cim
F 87 57 82 cim
F 60 88 59 cim
F 88 90 89 cim
F 90 85 86 cim
F 85 60 56 cim
F 60 90 88 cim
F 90 60 85 cim
F 63 91 62 cim
F 91 93 92 cim
F 93 88 89 cim
F 88 63 59 cim
F 63 93 91 cim
F 93 63 88 cim
F 94 91 92 cim
F 95 66 62 cim
F 92 96 94 cim
F 62 91 95 cim
F 94 95 91 cim
F 97 99 98 cim
F 99 101 100 cim
F 98 102 97 cim
F 99 97 101 cim
F 103 69 70 cim
F 103 105 104 cim
F 106 102 98 cim
F 70 107 103 cim
F 107 105 103 cim
F 98 105 106 cim
F 107 106 105 cim
F 73 108 72 cim
F 108 110 109 cim
F 110 103 104 cim
F 103 73 69 cim
F 73 110 108 cim
F 110 73 103 cim
F 78 111 77 cim
F 111 113 112 cim
F 113 108 109 cim
F 108 78 72 cim
F 78 113 111 cim
F 113 78 108 cim
F 81 114 80 cim
F 114 116 115 cim
F 116 111 112 cim
F 111 81 77 cim
F 81 116 114 cim
F 116 81 111 cim
F 84 117 83 cim
F 117 119 118 cim
F 119 114 115 cim
F 114 84 80 cim
F 84 119 117 cim
F 119 84 114 cim
F 87 120 86 cim
F 120 122 121 cim
F 122 117 118 cim
F 117 87 83 cim
F 87 122 120 cim
F 122 87 117 cim
F 90 123 89 cim
F 123 125 124 cim
F 125 120 121 cim
F 120 90 86 cim
F 90 125 123 cim
F 125 90 120 cim
F 93 126 92 cim
F 126 128 127 cim
F 128 123 124 cim
F 123 93 89 cim
F 93 128 126 cim
F 128 93 123 cim
F 129 126 127 cim
F 130 96 92 cim
F 127 131 129 cim
F 92 126 130 cim
F 129 130 126 cim
F 132 134 133 cim
F 134 136 135 cim
F 133 137 132 cim
F 132 136 134 cim
F 138 140 139 cim
F 140 137 133 cim
F 138 142 141 cim
F 143 140 138 cim
F 140 143 137 cim
F 138 141 143 cim
F 99 144 98 cim
F 144 146 145 cim
F 146 138 139 cim
F 138 100 142 cim
F 138 144 99 cim
F 144 138 146 cim
F 99 100 138 cim
F 105 147 104 cim
F 147 149 148 cim
F 149 144 145 cim
F 144 105 98 cim
F 105 149 147 cim
F 149 105 144 cim
F 110 150 109 cim
F 150 152 151 cim
F 152 147 148 cim
F 147 110 104 cim
F 110 152 150 cim
F 152 110 147 cim
F 113 153 112 cim
F 153 155 154 cim
F 155 150 151 cim
F 150 113 109 cim
F 113 155 153 cim
F 155 113 150 cim
F 116 156 115 cim
F 156 158 157 cim
F 158 153 154 cim
F 153 116 112 cim
F 116 158 156 cim
F 158 116 153 cim
F 119 159 118 cim
F 159 161 160 cim
F 161 156 157 cim
F 156 119 115 cim
F 119 161 159 cim
F 161 119 156 cim
F 122 162 121 cim
F 162 164 163 cim
F 164 159 160 cim
F 159 122 118 cim
F 122 164 162 cim
F 164 122 159 cim
F 125 165 124 cim
F 165 167 166 cim
F 167 162 163 cim
F 162 125 121 cim
F 125 167 165 cim
F 167 125 162 cim
F 128 168 127 cim
F 168 170 169 cim
F 170 165 166 cim
F 165 128 124 cim
F 128 170 168 cim
F 170 128 165 cim
F 171 168 169 cim
F 172 131 127 cim
F 171 174 173 cim
F 173 168 171 cim
F 127 168 172 cim
F 173 172 168 cim
F 175 177 176 cim
F 177 179 178 cim
F 176 180 175 cim
F 177 175 179 cim
F 181 183 182 cim
F 183 180 176 cim
F 181 185 184 cim
F 186 183 181 cim
F 183 186 180 cim
F 181 184 186 cim
F 134 187 133 cim
F 187 189 188 cim
F 189 181 182 cim
F 181 135 185 cim
F 181 187 134 cim
F 187 181 189 cim
F 134 135 181 cim
F 140 190 139 cim
F 190 192 191 cim
F 192 187 188 cim
F 187 140 133 cim
F 140 192 190 cim
F 192 140 187 cim
F 146 193 145 cim
F 193 195 194 cim
F 195 190 191 cim
F 190 146 139 cim
F 146 195 193 cim
F 195 146 190 cim
F 149 196 148 cim
F 196 198 197 cim
F 198 193 194 cim
F 193 149 145 cim
F 149 198 196 cim
F 198 149 193 cim
F 152 199 151 cim
F 199 201 200 cim
F 201 196 197 cim
F 196 152 148 cim
F 152 201 199 cim
F 201 152 196 cim
F 155 202 154 cim
F 202 204 203 cim
F 204 199 200 cim
F 199 155 151 cim
F 155 204 202 cim
F 204 155 199 cim
F 158 205 157 cim
F 205 207 206 cim
F 207 202 203 cim
F 202 158 154 cim
F 158 207 205 cim
F 207 158 202 cim
F 161 208 160 cim
F 208 210 209 cim
F 210 205 206 cim
F 205 161 157 cim
F 161 210 208 cim
F 210 161 205 cim
F 164 211 163 cim
F 211 213 212 cim
F 213 208 209 cim
F 208 164 160 cim
F 164 213 211 cim
F 213 164 208 cim
F 167 214 166 cim
F 214 216 215 cim
F 216 211 212 cim
F 211 167 163 cim
F 167 216 214 cim
F 216 167 211 cim
F 170 217 169 cim
F 217 219 218 cim
F 219 214 215 cim
F 214 170 166 cim
F 170 219 217 cim
F 219 170 214 cim
F 220 217 218 cim
F 217 171 169 cim
F 171 221 174 cim
F 220 223 222 cim
F 222 217 220 cim
F 217 221 171 cim
F 222 221 217 cim
F 224 226 225 cim
F 226 224 227 cim
F 225 228 224 cim
F 229 231 230 cim
F 231 228 225 cim
F 229 233 232 cim
F 234 231 229 cim
F 231 234 228 cim
F 229 232 234 cim
F 177 235 176 cim
F 235 237 236 cim
F 237 229 230 cim
F 229 178 233 cim
F 229 235 177 cim
F 235 229 237 cim
F 177 178 229 cim
F 183 238 182 cim
F 238 240 239 cim
F 240 235 236 cim
F 235 183 176 cim
F 183 240 238 cim
F 240 183 235 cim
F 189 241 188 cim
F 241 243 242 cim
F 243 238 239 cim
F 238 189 182 cim
F 189 243 241 cim
F 243 189 238 cim
F 192 244 191 cim
F 244 246 245 cim
F 246 241 242 cim
F 241 192 188 cim
F 192 246 244 cim
F 246 192 241 cim
F 195 247 194 cim
F 247 249 248 cim
F 249 244 245 cim
F 244 195 191 cim
F 195 249 247 cim
F 249 195 244 cim
F 198 250 197 cim
F 250 252 251 cim
F 252 247 248 cim
F 247 198 194 cim
F 198 252 250 cim
F 252 198 247 cim
F 201 253 200 cim
F 253 255 254 cim
F 255 250 251 cim
F 250 201 197 cim
F 201 255 253 cim
F 255 201 250 cim
F 204 256 203 cim
F 256 258 257 cim
F 258 253 254 cim
F 253 204 200 cim
F 204 258 256 cim
F 258 204 253 cim
F 259 256 257 cim
F 256 207 203 cim
F 207 260 206 cim
F 260 262 261 cim
F 260 256 259 cim
F 256 260 207 cim
F 259 262 260 cim
F 260 210 206 cim
F 210 263 209 cim
F 263 265 264 cim
F 260 261 266 cim
F 265 210 260 cim
F 210 265 263 cim
F 260 266 265 cim
F 263 213 209 cim
F 213 267 212 cim
F 267 269 268 cim
F 263 264 270 cim
F 270 213 263 cim
F 213 269 267 cim
F 270 269 213 cim
F 267 216 212 cim
F 216 271 215 cim
F 271 273 272 cim
F 267 268 274 cim
F 274 216 267 cim
F 216 273 271 cim
F 274 273 216 cim
F 271 219 215 cim
F 219 275 218 cim
F 275 277 276 cim
F 271 272 278 cim
F 278 219 271 cim
F 219 277 275 cim
F 278 277 219 cim
F 279 281 280 cim
F 281 275 276 cim
F 275 220 218 cim
F 220 282 223 cim
F 283 281 279 cim
F 282 220 275 cim
F 281 283 282 cim
F 275 281 282 cim
F 284 286 285 cim
F 286 284 287 cim
F 285 288 284 cim
F 289 291 290 cim
F 292 288 285 cim
F 291 289 292 cim
F 290 293 289 cim
F 285 291 292 cim
F 294 296 295 cim
F 297 293 290 cim
F 294 299 298 cim
F 298 296 294 cim
F 290 296 297 cim
F 298 297 296 cim
F 300 302 301 cim
F 300 304 303 cim
F 304 294 295 cim
F 294 305 299 cim
F 301 305 300 cim
F 305 294 304 cim
F 304 300 305 cim
F 226 306 225 cim
F 306 308 307 cim
F 308 300 303 cim
F 300 227 302 cim
F 300 306 226 cim
F 306 300 308 cim
F 226 227 300 cim
F 231 309 230 cim
F 309 311 310 cim
F 311 306 307 cim
F 306 231 225 cim
F 231 311 309 cim
F 311 231 306 cim
F 237 312 236 cim
F 312 314 313 cim
F 314 309 310 cim
F 309 237 230 cim
F 237 314 312 cim
F 314 237 309 cim
F 240 315 239 cim
F 315 317 316 cim
F 317 312 313 cim
F 312 240 236 cim
F 240 317 315 cim
F 317 240 312 cim
F 243 318 242 cim
F 318 320 319 cim
F 320 315 316 cim
F 315 243 239 cim
F 243 320 318 cim
F 320 243 315 cim
F 246 321 245 cim
F 321 323 322 cim
F 323 318 319 cim
F 318 246 242 cim
F 246 323 321 cim
F 323 246 318 cim
F 324 326 325 cim
F 324 321 322 cim
F 321 249 245 cim
F 327 328 248 cim
F 321 324 325 cim
F 325 249 321 cim
F 248 249 327 cim
F 325 327 249 cim
F 329 252 248 cim
F 330 331 251 cim
F 248 328 329 cim
F 251 252 330 cim
F 329 330 252 cim
F 332 255 251 cim
F 333 334 254 cim
F 251 331 332 cim
F 254 255 333 cim
F 332 333 255 cim
F 335 258 254 cim
F 336 337 257 cim
F 254 334 335 cim
F 257 258 336 cim
F 335 336 258 cim
F 337 259 257 cim
F 338 340 339 cim
F 340 338 341 cim
F 339 342 338 cim
F 343 345 344 cim
F 346 342 339 cim
F 344 347 343 cim
F 339 345 346 cim
F 343 346 345 cim
F 348 350 349 cim
F 351 347 344 cim
F 350 348 352 cim
F 352 348 353 cim
F 344 350 351 cim
F 352 351 350 cim
F 354 356 355 cim
F 356 348 349 cim
F 348 357 353 cim
F 354 359 358 cim
F 358 356 354 cim
F 356 357 348 cim
F 358 357 356 cim
F 360 362 361 cim
F 362 354 355 cim
F 354 363 359 cim
F 364 360 365 cim
F 363 354 362 cim
F 360 364 363 cim
F 363 362 360 cim
F 286 366 285 cim
F 366 368 367 cim
F 368 360 361 cim
F 360 287 365 cim
F 360 366 286 cim
F 366 360 368 cim
F 286 287 360 cim
F 291 369 290 cim
F 369 371 370 cim
F 371 366 367 cim
F 366 291 285 cim
F 291 371 369 cim
F 371 291 366 cim
F 296 372 295 cim
F 372 374 373 cim
F 374 369 370 cim
F 369 296 290 cim
F 296 374 372 cim
F 374 296 369 cim
F 304 375 303 cim
F 375 377 376 cim
F 377 372 373 cim
F 372 304 295 cim
F 304 377 375 cim
F 377 304 372 cim
F 308 378 307 cim
F 378 380 379 cim
F 380 375 376 cim
F 375 308 303 cim
F 308 380 378 cim
F 380 308 375 cim
F 311 381 310 cim
F 381 383 382 cim
F 383 378 379 cim
F 378 311 307 cim
F 311 383 381 cim
F 383 311 378 cim
F 314 384 313 cim
F 384 386 385 cim
F 386 381 382 cim
F 381 314 310 cim
F 314 386 384 cim
F 386 314 381 cim
F 317 387 316 cim
F 387 389 388 cim
F 389 384 385 cim
F 384 317 313 cim
F 317 389 387 cim
F 389 317 384 cim
F 320 390 319 cim
F 390 392 391 cim
F 392 387 388 cim
F 387 320 316 cim
F 320 392 390 cim
F 392 320 387 cim
F 323 393 322 cim
F 393 395 394 cim
F 395 390 391 cim
F 390 323 319 cim
F 323 395 393 cim
F 395 323 390 cim
F 396 393 394 cim
F 393 324 322 cim
F 324 397 326 cim
F 396 399 398 cim
F 397 393 396 cim
F 393 397 324 cim
F 396 398 397 cim
F 400 402 401 cim
F 403 405 404 cim
F 406 400 401 cim
F 405 403 406 cim
F 404 407 403 cim
F 401 405 406 cim
F 408 410 409 cim
F 411 407 404 cim
F 410 408 412 cim
F 412 408 413 cim
F 404 410 411 cim
F 412 411 410 cim
F 414 416 415 cim
F 416 408 409 cim
F 408 417 413 cim
F 418 414 419 cim
F 417 408 416 cim
F 416 418 417 cim
F 416 414 418 cim
F 420 422 421 cim
F 422 414 415 cim
F 414 423 419 cim
F 420 425 424 cim
F 423 422 420 cim
F 422 423 414 cim
F 420 424 423 cim
F 340 426 339 cim
F 426 428 427 cim
F 428 420 421 cim
F 420 341 425 cim
F 341 426 340 cim
F 426 420 428 cim
F 420 426 341 cim
F 345 429 344 cim
F 429 431 430 cim
F 431 426 427 cim
F 426 345 339 cim
F 345 431 429 cim
F 431 345 426 cim
F 350 432 349 cim
F 432 434 433 cim
F 434 429 430 cim
F 429 350 344 cim
F 350 434 432 cim
F 434 350 429 cim
F 356 435 355 cim
F 435 437 436 cim
F 437 432 433 cim
F 432 356 349 cim
F 356 437 435 cim
F 437 356 432 cim
F 362 438 361 cim
F 438 440 439 cim
F 440 435 436 cim
F 435 362 355 cim
F 362 440 438 cim
F 440 362 435 cim
F 368 441 367 cim
F 441 443 442 cim
F 443 438 439 cim
F 438 368 361 cim
F 368 443 441 cim
F 443 368 438 cim
F 371 444 370 cim
F 444 446 445 cim
F 446 441 442 cim
F 441 371 367 cim
F 371 446 444 cim
F 446 371 441 cim
F 374 447 373 cim
F 447 449 448 cim
F 449 444 445 cim
F 444 374 370 cim
F 374 449 447 cim
F 449 374 444 cim
F 377 450 376 cim
F 450 452 451 cim
F 452 447 448 cim
F 447 377 373 cim
F 377 452 450 cim
F 452 377 447 cim
F 380 453 379 cim
F 453 455 454 cim
F 455 450 451 cim
F 450 380 376 cim
F 380 455 453 cim
F 455 380 450 cim
F 383 456 382 cim
F 456 458 457 cim
F 458 453 454 cim
F 453 383 379 cim
F 383 458 456 cim
F 458 383 453 cim
F 386 459 385 cim
F 459 461 460 cim
F 461 456 457 cim
F 456 386 382 cim
F 386 461 459 cim
F 461 386 456 cim
F 389 462 388 cim
F 462 464 463 cim
F 464 459 460 cim
F 459 389 385 cim
F 389 464 462 cim
F 464 389 459 cim
F 392 465 391 cim
F 465 467 466 cim
F 467 462 463 cim
F 462 392 388 cim
F 392 467 465 cim
F 467 392 462 cim
F 395 468 394 cim
F 468 470 469 cim
F 470 465 466 cim
F 465 395 391 cim
F 395 470 468 cim
F 470 395 465 cim
F 471 473 472 cim
F 473 468 469 cim
F 468 396 394 cim
F 396 474 399 cim
F 474 473 471 cim
F 474 396 468 cim
F 468 473 474 cim
F 475 471 472 cim
F 476 478 477 cim
F 479 480 477 cim
F 481 483 482 cim
F 477 478 479 cim
F 484 481 480 cim
F 481 484 483 cim
F 480 479 484 cim
F 485 487 486 cim
F 488 482 483 cim
F 487 485 489 cim
F 489 485 490 cim
F 483 487 488 cim
F 489 488 487 cim
F 491 493 492 cim
F 493 485 486 cim
F 485 494 490 cim
F 495 491 496 cim
F 494 485 493 cim
F 493 495 494 cim
F 493 491 495 cim
F 402 497 401 cim
F 497 499 498 cim
F 499 491 492 cim
F 491 500 496 cim
F 499 497 402 cim
F 402 491 499 cim
F 402 500 491 cim
F 405 501 404 cim
F 501 503 502 cim
F 503 497 498 cim
F 497 405 401 cim
F 405 503 501 cim
F 503 405 497 cim
F 410 504 409 cim
F 504 506 505 cim
F 506 501 502 cim
F 501 410 404 cim
F 410 506 504 cim
F 506 410 501 cim
F 416 507 415 cim
F 507 509 508 cim
F 509 504 505 cim
F 504 416 409 cim
F 416 509 507 cim
F 509 416 504 cim
F 422 510 421 cim
F 510 512 511 cim
F 512 507 508 cim
F 507 422 415 cim
F 422 512 510 cim
F 512 422 507 cim
F 428 513 427 cim
F 513 515 514 cim
F 515 510 511 cim
F 510 428 421 cim
F 428 515 513 cim
F 515 428 510 cim
F 431 516 430 cim
F 516 518 517 cim
F 518 513 514 cim
F 513 431 427 cim
F 431 518 516 cim
F 518 431 513 cim
F 434 519 433 cim
F 519 521 520 cim
F 521 516 517 cim
F 516 434 430 cim
F 434 521 519 cim
F 521 434 516 cim
F 437 522 436 cim
F 522 524 523 cim
F 524 519 520 cim
F 519 437 433 cim
F 437 524 522 cim
F 524 437 519 cim
F 440 525 439 cim
F 525 527 526 cim
F 527 522 523 cim
F 522 440 436 cim
F 440 527 525 cim
F 527 440 522 cim
F 443 528 442 cim
F 528 530 529 cim
F 530 525 526 cim
F 525 443 439 cim
F 443 530 528 cim
F 530 443 525 cim
F 446 531 445 cim
F 531 533 532 cim
F 533 528 529 cim
F 528 446 442 cim
F 446 533 531 cim
F 533 446 528 cim
F 449 534 448 cim
F 534 536 535 cim
F 536 531 532 cim
F 531 449 445 cim
F 449 536 534 cim
F 536 449 531 cim
F 452 537 451 cim
F 537 539 538 cim
F 539 534 535 cim
F 534 452 448 cim
F 452 539 537 cim
F 539 452 534 cim
F 455 540 454 cim
F 540 542 541 cim
F 542 537 538 cim
F 537 455 451 cim
F 455 542 540 cim
F 542 455 537 cim
F 458 543 457 cim
F 543 545 544 cim
F 545 540 541 cim
F 540 458 454 cim
F 458 545 543 cim
F 545 458 540 cim
F 461 546 460 cim
F 546 548 547 cim
F 548 543 544 cim
F 543 461 457 cim
F 461 548 546 cim
F 548 461 543 cim
F 464 549 463 cim
F 549 551 550 cim
F 551 546 547 cim
F 546 464 460 cim
F 464 551 549 cim
F 551 464 546 cim
F 467 552 466 cim
F 552 554 553 cim
F 554 549 550 cim
F 549 467 463 cim
F 467 554 552 cim
F 554 467 549 cim
F 470 555 469 cim
F 555 557 556 cim
F 557 552 553 cim
F 552 470 466 cim
F 470 557 555 cim
F 557 470 552 cim
F 473 558 472 cim
F 558 560 559 cim
F 560 555 556 cim
F 555 473 469 cim
F 473 560 558 cim
F 560 473 555 cim
F 561 558 559 cim
F 562 475 472 cim
F 559 563 561 cim
F 472 558 562 cim
F 561 562 558 cim
F 564 565 483 cim
F 565 564 566 cim
F 567 484 479 cim
F 483 484 564 cim
F 564 484 567 cim
F 565 487 483 cim
F 487 568 486 cim
F 568 570 569 cim
F 565 566 571 cim
F 571 487 565 cim
F 571 570 568 cim
F 568 487 571 cim
F 493 572 492 cim
F 572 574 573 cim
F 574 568 569 cim
F 568 493 486 cim
F 493 574 572 cim
F 574 493 568 cim
F 499 575 498 cim
F 575 577 576 cim
F 577 572 573 cim
F 572 499 492 cim
F 499 577 575 cim
F 577 499 572 cim
F 503 578 502 cim
F 578 580 579 cim
F 580 575 576 cim
F 575 503 498 cim
F 503 580 578 cim
F 580 503 575 cim
F 506 581 505 cim
F 581 583 582 cim
F 583 578 579 cim
F 578 506 502 cim
F 506 583 581 cim
F 583 506 578 cim
F 509 584 508 cim
F 584 586 585 cim
F 586 581 582 cim
F 581 509 505 cim
F 509 586 584 cim
F 586 509 581 cim
F 512 587 511 cim
F 587 589 588 cim
F 589 584 585 cim
F 584 512 508 cim
F 512 589 587 cim
F 589 512 584 cim
F 515 590 514 cim
F 590 592 591 cim
F 592 587 588 cim
F 587 515 511 cim
F 515 592 590 cim
F 592 515 587 cim
F 518 593 517 cim
F 593 595 594 cim
F 595 590 591 cim
F 590 518 514 cim
F 518 595 593 cim
F 595 518 590 cim
F 521 596 520 cim
F 596 598 597 cim
F 598 593 594 cim
F 593 521 517 cim
F 521 598 596 cim
F 598 521 593 cim
F 524 599 523 cim
F 599 601 600 cim
F 601 596 597 cim
F 596 524 520 cim
F 524 601 599 cim
F 601 524 596 cim
F 527 602 526 cim
F 602 604 603 cim
F 604 599 600 cim
F 599 527 523 cim
F 527 604 602 cim
F 604 527 599 cim
F 530 605 529 cim
F 605 607 606 cim
F 607 602 603 cim
F 602 530 526 cim
F 530 607 605 cim
F 607 530 602 cim
F 533 608 532 cim
F 608 610 609 cim
F 610 605 606 cim
F 605 533 529 cim
F 533 610 608 cim
F 610 533 605 cim
F 536 611 535 cim
F 611 613 612 cim
F 613 608 609 cim
F 608 536 532 cim
F 536 613 611 cim
F 613 536 608 cim
F 539 614 538 cim
F 614 616 615 cim
F 616 611 612 cim
F 611 539 535 cim
F 539 616 614 cim
F 616 539 611 cim
F 542 617 541 cim
F 617 619 618 cim
F 619 614 615 cim
F 614 542 538 cim
F 542 619 617 cim
F 619 542 614 cim
F 545 620 544 cim
F 620 622 621 cim
F 622 617 618 cim
F 617 545 541 cim
F 545 622 620 cim
F 622 545 617 cim
F 548 623 547 cim
F 623 625 624 cim
F 625 620 621 cim
F 620 548 544 cim
F 548 625 623 cim
F 625 548 620 cim
F 551 626 550 cim
F 626 628 627 cim
F 628 623 624 cim
F 623 551 547 cim
F 551 628 626 cim
F 628 551 623 cim
F 554 629 553 cim
F 629 631 630 cim
F 631 626 627 cim
F 626 554 550 cim
F 554 631 629 cim
F 631 554 626 cim
F 557 632 556 cim
F 632 634 633 cim
F 634 629 630 cim
F 629 557 553 cim
F 557 634 632 cim
F 634 557 629 cim
F 560 635 559 cim
F 635 637 636 cim
F 637 632 633 cim
F 632 560 556 cim
F 560 637 635 cim
F 637 560 632 cim
F 638 635 636 cim
F 639 563 559 cim
F 636 640 638 cim
F 559 635 639 cim
F 638 639 635 cim
F 570 641 569 cim
F 642 574 569 cim
F 643 644 573 cim
F 644 643 645 cim
F 569 641 642 cim
F 573 574 643 cim
F 643 574 642 cim
F 644 577 573 cim
F 577 646 576 cim
F 646 648 647 cim
F 649 644 645 cim
F 649 646 577 cim
F 646 649 648 cim
F 577 644 649 cim
F 580 650 579 cim
F 650 652 651 cim
F 652 646 647 cim
F 646 580 576 cim
F 580 652 650 cim
F 652 580 646 cim
F 583 653 582 cim
F 653 655 654 cim
F 655 650 651 cim
F 650 583 579 cim
F 583 655 653 cim
F 655 583 650 cim
F 586 656 585 cim
F 656 658 657 cim
F 658 653 654 cim
F 653 586 582 cim
F 586 658 656 cim
F 658 586 653 cim
F 589 659 588 cim
F 659 661 660 cim
F 661 656 657 cim
F 656 589 585 cim
F 589 661 659 cim
F 661 589 656 cim
F 592 662 591 cim
F 662 664 663 cim
F 664 659 660 cim
F 659 592 588 cim
F 592 664 662 cim
F 664 592 659 cim
F 595 665 594 cim
F 665 667 666 cim
F 667 662 663 cim
F 662 595 591 cim
F 595 667 665 cim
F 667 595 662 cim
F 598 668 597 cim
F 668 670 669 cim
F 670 665 666 cim
F 665 598 594 cim
F 598 670 668 cim
F 670 598 665 cim
F 601 671 600 cim
F 671 673 672 cim
F 673 668 669 cim
F 668 601 597 cim
F 601 673 671 cim
F 673 601 668 cim
F 604 674 603 cim
F 674 676 675 cim
F 676 671 672 cim
F 671 604 600 cim
F 604 676 674 cim
F 676 604 671 cim
F 607 677 606 cim
F 677 679 678 cim
F 679 674 675 cim
F 674 607 603 cim
F 607 679 677 cim
F 679 607 674 cim
F 610 680 609 cim
F 680 682 681 cim
F 682 677 678 cim
F 677 610 606 cim
F 610 682 680 cim
F 682 610 677 cim
F 613 683 612 cim
F 683 685 684 cim
F 685 680 681 cim
F 680 613 609 cim
F 613 685 683 cim
F 685 613 680 cim
F 616 686 615 cim
F 686 688 687 cim
F 688 683 684 cim
F 683 616 612 cim
F 616 688 686 cim
F 688 616 683 cim
F 619 689 618 cim
F 689 691 690 cim
F 691 686 687 cim
F 686 619 615 cim
F 619 691 689 cim
F 691 619 686 cim
F 622 692 621 cim
F 692 694 693 cim
F 694 689 690 cim
F 689 622 618 cim
F 622 694 692 cim
F 694 622 689 cim
F 625 695 624 cim
F 695 697 696 cim
F 697 692 693 cim
F 692 625 621 cim
F 625 697 695 cim
F 697 625 692 cim
F 628 698 627 cim
F 698 700 699 cim
F 700 695 696 cim
F 695 628 624 cim
F 628 700 698 cim
F 700 628 695 cim
F 631 701 630 cim
F 701 703 702 cim
F 703 698 699 cim
F 698 631 627 cim
F 631 703 701 cim
F 703 631 698 cim
F 634 704 633 cim
F 704 706 705 cim
F 706 701 702 cim
F 701 634 630 cim
F 634 706 704 cim
F 706 634 701 cim
F 637 707 636 cim
F 707 709 708 cim
F 709 704 705 cim
F 704 637 633 cim
F 637 709 707 cim
F 709 637 704 cim
F 710 707 708 cim
F 711 640 636 cim
F 708 712 710 cim
F 636 707 711 cim
F 710 711 707 cim
F 648 713 647 cim
F 713 652 647 cim
F 652 714 651 cim
F 714 716 715 cim
F 652 713 717 cim
F 716 714 652 cim
F 652 717 716 cim
F 718 714 715 cim
F 714 655 651 cim
F 655 719 654 cim
F 719 721 720 cim
F 655 714 718 cim
F 718 719 655 cim
F 719 722 721 cim
F 718 722 719 cim
F 658 723 657 cim
F 723 725 724 cim
F 725 719 720 cim
F 719 658 654 cim
F 658 725 723 cim
F 725 658 719 cim
F 661 726 660 cim
F 726 728 727 cim
F 728 723 724 cim
F 723 661 657 cim
F 661 728 726 cim
F 728 661 723 cim
F 664 729 663 cim
F 729 731 730 cim
F 731 726 727 cim
F 726 664 660 cim
F 664 731 729 cim
F 731 664 726 cim
F 667 732 666 cim
F 732 734 733 cim
F 734 729 730 cim
F 729 667 663 cim
F 667 734 732 cim
F 734 667 729 cim
F 670 735 669 cim
F 735 737 736 cim
F 737 732 733 cim
F 732 670 666 cim
F 670 737 735 cim
F 737 670 732 cim
F 673 738 672 cim
F 738 740 739 cim
F 740 735 736 cim
F 735 673 669 cim
F 673 740 738 cim
F 740 673 735 cim
F 676 741 675 cim
F 741 743 742 cim
F 743 738 739 cim
F 738 676 672 cim
F 676 743 741 cim
F 743 676 738 cim
F 679 744 678 cim
F 744 746 745 cim
F 746 741 742 cim
F 741 679 675 cim
F 679 746 744 cim
F 746 679 741 cim
F 682 747 681 cim
F 747 749 748 cim
F 749 744 745 cim
F 744 682 678 cim
F 682 749 747 cim
F 749 682 744 cim
F 685 750 684 cim
F 750 752 751 cim
F 752 747 748 cim
F 747 685 681 cim
F 685 752 750 cim
F 752 685 747 cim
F 688 753 687 cim
F 753 755 754 cim
F 755 750 751 cim
F 750 688 684 cim
F 688 755 753 cim
F 755 688 750 cim
F 691 756 690 cim
F 756 758 757 cim
F 758 753 754 cim
F 753 691 687 cim
F 691 758 756 cim
F 758 691 753 cim
F 694 759 693 cim
F 759 761 760 cim
F 761 756 757 cim
F 756 694 690 cim
F 694 761 759 cim
F 761 694 756 cim
F 697 762 696 cim
F 762 764 763 cim
F 764 759 760 cim
F 759 697 693 cim
F 697 764 762 cim
F 764 697 759 cim
F 700 765 699 cim
F 765 767 766 cim
F 767 762 763 cim
F 762 700 696 cim
F 700 767 765 cim
F 767 700 762 cim
F 703 768 702 cim
F 768 770 769 cim
F 770 765 766 cim
F 765 703 699 cim
F 703 770 768 cim
F 770 703 765 cim
F 706 771 705 cim
F 771 773 772 cim
F 773 768 769 cim
F 768 706 702 cim
F 706 773 771 cim
F 773 706 768 cim
F 709 774 708 cim
F 774 776 775 cim
F 776 771 772 cim
F 771 709 705 cim
F 709 776 774 cim
F 776 709 771 cim
F 777 774 775 cim
F 778 712 708 cim
F 775 779 777 cim
F 708 774 778 cim
F 777 778 774 cim
F 780 781 720 cim
F 720 721 780 cim
F 781 725 720 cim
F 725 782 724 cim
F 782 784 783 cim
F 725 781 785 cim
F 785 782 725 cim
F 785 784 782 cim
F 728 786 727 cim
F 786 788 787 cim
F 788 782 783 cim
F 782 728 724 cim
F 728 788 786 cim
F 788 728 782 cim
F 731 789 730 cim
F 789 791 790 cim
F 791 786 787 cim
F 786 731 727 cim
F 731 791 789 cim
F 791 731 786 cim
F 734 792 733 cim
F 792 794 793 cim
F 794 789 790 cim
F 789 734 730 cim
F 734 794 792 cim
F 794 734 789 cim
F 737 795 736 cim
F 795 797 796 cim
F 797 792 793 cim
F 792 737 733 cim
F 737 797 795 cim
F 797 737 792 cim
F 740 798 739 cim
F 798 800 799 cim
F 800 795 796 cim
F 795 740 736 cim
F 740 800 798 cim
F 800 740 795 cim
F 743 801 742 cim
F 801 803 802 cim
F 803 798 799 cim
F 798 743 739 cim
F 743 803 801 cim
F 803 743 798 cim
F 746 804 745 cim
F 804 806 805 cim
F 806 801 802 cim
F 801 746 742 cim
F 746 806 804 cim
F 806 746 801 cim
F 749 807 748 cim
F 807 809 808 cim
F 809 804 805 cim
F 804 749 745 cim
F 749 809 807 cim
F 809 749 804 cim
F 752 810 751 cim
F 810 812 811 cim
F 812 807 808 cim
F 807 752 748 cim
F 752 812 810 cim
F 812 752 807 cim
F 755 813 754 cim
F 813 815 814 cim
F 815 810 811 cim
F 810 755 751 cim
F 755 815 813 cim
F 815 755 810 cim
F 758 816 757 cim
F 816 818 817 cim
F 818 813 814 cim
F 813 758 754 cim
F 758 818 816 cim
F 818 758 813 cim
F 761 819 760 cim
F 819 821 820 cim
F 821 816 817 cim
F 816 761 757 cim
F 761 821 819 cim
F 821 761 816 cim
F 764 822 763 cim
F 822 824 823 cim
F 824 819 820 cim
F 819 764 760 cim
F 764 824 822 cim
F 824 764 819 cim
F 767 825 766 cim
F 825 827 826 cim
F 827 822 823 cim
F 822 767 763 cim
F 767 827 825 cim
F 827 767 822 cim
F 770 828 769 cim
F 828 830 829 cim
F 830 825 826 cim
F 825 770 766 cim
F 770 830 828 cim
F 830 770 825 cim
F 773 831 772 cim
F 831 833 832 cim
F 833 828 829 cim
F 828 773 769 cim
F 773 833 831 cim
F 833 773 828 cim
F 776 834 775 cim
F 834 836 835 cim
F 836 831 832 cim
F 831 776 772 cim
F 776 836 834 cim
F 836 776 831 cim
F 837 834 835 cim
F 838 779 775 cim
F 835 839 837 cim
F 775 834 838 cim
F 837 838 834 cim
F 784 840 783 cim
F 840 788 783 cim
F 788 841 787 cim
F 841 843 842 cim
F 841 788 844 cim
F 844 788 840 cim
F 845 843 841 cim
F 844 845 841 cim
F 791 846 790 cim
F 846 848 847 cim
F 848 841 842 cim
F 841 791 787 cim
F 791 848 846 cim
F 848 791 841 cim
F 794 849 793 cim
F 849 851 850 cim
F 851 846 847 cim
F 846 794 790 cim
F 794 851 849 cim
F 851 794 846 cim
F 797 852 796 cim
F 852 854 853 cim
F 854 849 850 cim
F 849 797 793 cim
F 797 854 852 cim
F 854 797 849 cim
F 800 855 799 cim
F 855 857 856 cim
F 857 852 853 cim
F 852 800 796 cim
F 800 857 855 cim
F 857 800 852 cim
F 803 858 802 cim
F 858 860 859 cim
F 860 855 856 cim
F 855 803 799 cim
F 803 860 858 cim
F 860 803 855 cim
F 806 861 805 cim
F 861 863 862 cim
F 863 858 859 cim
F 858 806 802 cim
F 806 863 861 cim
F 863 806 858 cim
F 809 864 808 cim
F 864 866 865 cim
F 866 861 862 cim
F 861 809 805 cim
F 809 866 864 cim
F 866 809 861 cim
F 812 867 811 cim
F 867 869 868 cim
F 869 864 865 cim
F 864 812 808 cim
F 812 869 867 cim
F 869 812 864 cim
F 815 870 814 cim
F 870 872 871 cim
F 872 867 868 cim
F 867 815 811 cim
F 815 872 870 cim
F 872 815 867 cim
F 818 873 817 cim
F 873 875 874 cim
F 875 870 871 cim
F 870 818 814 cim
F 818 875 873 cim
F 875 818 870 cim
F 821 876 820 cim
F 876 878 877 cim
F 878 873 874 cim
F 873 821 817 cim
F 821 878 876 cim
F 878 821 873 cim
F 824 879 823 cim
F 879 881 880 cim
F 881 876 877 cim
F 876 824 820 cim
F 824 881 879 cim
F 881 824 876 cim
F 827 882 826 cim
F 882 884 883 cim
F 884 879 880 cim
F 879 827 823 cim
F 827 884 882 cim
F 884 827 879 cim
F 830 885 829 cim
F 885 887 886 cim
F 887 882 883 cim
F 882 830 826 cim
F 830 887 885 cim
F 887 830 882 cim
F 833 888 832 cim
F 888 890 889 cim
F 890 885 886 cim
F 885 833 829 cim
F 833 890 888 cim
F 890 833 885 cim
F 836 891 835 cim
F 891 893 892 cim
F 893 888 889 cim
F 888 836 832 cim
F 836 893 891 cim
F 893 836 888 cim
F 894 891 892 cim
F 895 839 835 cim
F 892 896 894 cim
F 835 891 895 cim
F 894 895 891 cim
F 843 897 842 cim
F 897 848 842 cim
F 848 898 847 cim
F 898 900 899 cim
F 901 848 897 cim
F 902 900 898 cim
F 898 848 901 cim
F 901 902 898 cim
F 851 903 850 cim
F 903 905 904 cim
F 905 898 899 cim
F 898 851 847 cim
F 851 905 903 cim
F 905 851 898 cim
F 854 906 853 cim
F 906 908 907 cim
F 908 903 904 cim
F 903 854 850 cim
F 854 908 906 cim
F 908 854 903 cim
F 857 909 856 cim
F 909 911 910 cim
F 911 906 907 cim
F 906 857 853 cim
F 857 911 909 cim
F 911 857 906 cim
F 860 912 859 cim
F 912 914 913 cim
F 914 909 910 cim
F 909 860 856 cim
F 860 914 912 cim
F 914 860 909 cim
F 863 915 862 cim
F 915 917 916 cim
F 917 912 913 cim
F 912 863 859 cim
F 863 917 915 cim
F 917 863 912 cim
F 866 918 865 cim
F 918 920 919 cim
F 920 915 916 cim
F 915 866 862 cim
F 866 920 918 cim
F 920 866 915 cim
F 869 921 868 cim
F 921 923 922 cim
F 923 918 919 cim
F 918 869 865 cim
F 869 923 921 cim
F 923 869 918 cim
F 872 924 871 cim
F 924 926 925 cim
F 926 921 922 cim
F 921 872 868 cim
F 872 926 924 cim
F 926 872 921 cim
F 875 927 874 cim
F 927 929 928 cim
F 929 924 925 cim
F 924 875 871 cim
F 875 929 927 cim
F 929 875 924 cim
F 878 930 877 cim
F 930 932 931 cim
F 932 927 928 cim
F 927 878 874 cim
F 878 932 930 cim
F 932 878 927 cim
F 881 933 880 cim
F 933 935 934 cim
F 935 930 931 cim
F 930 881 877 cim
F 881 935 933 cim
F 935 881 930 cim
F 884 936 883 cim
F 936 938 937 cim
F 938 933 934 cim
F 933 884 880 cim
F 884 938 936 cim
F 938 884 933 cim
F 887 939 886 cim
F 939 941 940 cim
F 941 936 937 cim
F 936 887 883 cim
F 887 941 939 cim
F 941 887 936 cim
F 890 942 889 cim
F 942 944 943 cim
F 944 939 940 cim
F 939 890 886 cim
F 890 944 942 cim
F 944 890 939 cim
F 893 945 892 cim
F 945 947 946 cim
F 947 942 943 cim
F 942 893 889 cim
F 893 947 945 cim
F 947 893 942 cim
F 948 945 946 cim
F 949 896 892 cim
F 946 950 948 cim
F 892 945 949 cim
F 948 949 945 cim
F 900 951 899 cim
F 951 905 899 cim
F 905 952 904 cim
F 952 954 953 cim
F 955 905 951 cim
F 905 954 952 cim
F 954 905 955 cim
F 952 908 904 cim
F 908 956 907 cim
F 956 958 957 cim
F 952 953 959 cim
F 956 908 952 cim
F 952 958 956 cim
F 959 958 952 cim
F 911 960 910 cim
F 960 962 961 cim
F 962 956 957 cim
F 956 911 907 cim
F 911 962 960 cim
F 962 911 956 cim
F 914 963 913 cim
F 963 965 964 cim
F 965 960 961 cim
F 960 914 910 cim
F 914 965 963 cim
F 965 914 960 cim
F 917 966 916 cim
F 966 968 967 cim
F 968 963 964 cim
F 963 917 913 cim
F 917 968 966 cim
F 968 917 963 cim
F 920 969 919 cim
F 969 971 970 cim
F 971 966 967 cim
F 966 920 916 cim
F 920 971 969 cim
F 971 920 966 cim
F 923 972 922 cim
F 972 974 973 cim
F 974 969 970 cim
F 969 923 919 cim
F 923 974 972 cim
F 974 923 969 cim
F 926 975 925 cim
F 975 977 976 cim
F 977 972 973 cim
F 972 926 922 cim
F 926 977 975 cim
F 977 926 972 cim
F 929 978 928 cim
F 978 980 979 cim
F 980 975 976 cim
F 975 929 925 cim
F 929 980 978 cim
F 980 929 975 cim
F 932 981 931 cim
F 981 983 982 cim
F 983 978 979 cim
F 978 932 928 cim
F 932 983 981 cim
F 983 932 978 cim
F 935 984 934 cim
F 984 986 985 cim
F 986 981 982 cim
F 981 935 931 cim
F 935 986 984 cim
F 986 935 981 cim
F 938 987 937 cim
F 987 989 988 cim
F 989 984 985 cim
F 984 938 934 cim
F 938 989 987 cim
F 989 938 984 cim
F 941 990 940 cim
F 990 992 991 cim
F 992 987 988 cim
F 987 941 937 cim
F 941 992 990 cim
F 992 941 987 cim
F 944 993 943 cim
F 993 995 994 cim
F 995 990 991 cim
F 990 944 940 cim
F 944 995 993 cim
F 995 944 990 cim
F 947 996 946 cim
F 996 998 997 cim
F 998 993 994 cim
F 993 947 943 cim
F 947 998 996 cim
F 998 947 993 cim
F 999 996 997 cim
F 1000 950 946 cim
F 997 1001 999 cim
F 946 996 1000 cim
F 999 1000 996 cim
F 958 1002 957 cim
F 1002 1004 1003 cim
F 1005 958 959 cim
F 958 1004 1002 cim
F 1004 958 1005 cim
F 1002 962 957 cim
F 962 1006 961 cim
F 1006 1008 1007 cim
F 1002 1003 1009 cim
F 1006 962 1002 cim
F 1002 1008 1006 cim
F 1009 1008 1002 cim
F 965 1010 964 cim
F 1010 1012 1011 cim
F 1012 1006 1007 cim
F 1006 965 961 cim
F 965 1012 1010 cim
F 1012 965 1006 cim
F 968 1013 967 cim
F 1013 1015 1014 cim
F 1015 1010 1011 cim
F 1010 968 964 cim
F 968 1015 1013 cim
F 1015 968 1010 cim
F 971 1016 970 cim
F 1016 1018 1017 cim
F 1018 1013 1014 cim
F 1013 971 967 cim
F 971 1018 1016 cim
F 1018 971 1013 cim
F 974 1019 973 cim
F 1019 1021 1020 cim
F 1021 1016 1017 cim
F 1016 974 970 cim
F 974 1021 1019 cim
F 1021 974 1016 cim
F 977 1022 976 cim
F 1022 1024 1023 cim
F 1024 1019 1020 cim
F 1019 977 973 cim
F 977 1024 1022 cim
F 1024 977 1019 cim
F 980 1025 979 cim
F 1025 1027 1026 cim
F 1027 1022 1023 cim
F 1022 980 976 cim
F 980 1027 1025 cim
F 1027 980 1022 cim
F 983 1028 982 cim
F 1028 1030 1029 cim
F 1030 1025 1026 cim
F 1025 983 979 cim
F 983 1030 1028 cim
F 1030 983 1025 cim
F 986 1031 985 cim
F 1031 1033 1032 cim
F 1033 1028 1029 cim
F 1028 986 982 cim
F 986 1033 1031 cim
F 1033 986 1028 cim
F 989 1034 988 cim
F 1034 1036 1035 cim
F 1036 1031 1032 cim
F 1031 989 985 cim
F 989 1036 1034 cim
F 1036 989 1031 cim
F 992 1037 991 cim
F 1037 1039 1038 cim
F 1039 1034 1035 cim
F 1034 992 988 cim
F 992 1039 1037 cim
F 1039 992 1034 cim
F 995 1040 994 cim
F 1040 1042 1041 cim
F 1042 1037 1038 cim
F 1037 995 991 cim
F 995 1042 1040 cim
F 1042 995 1037 cim
F 998 1043 997 cim
F 1043 1045 1044 cim
F 1045 1040 1041 cim
F 1040 998 994 cim
F 998 1045 1043 cim
F 1045 998 1040 cim
F 1046 1043 1044 cim
F 1047 1001 997 cim
F 1046 1049 1048 cim
F 1048 1043 1046 cim
F 997 1043 1047 cim
F 1048 1047 1043 cim
F 1008 1050 1007 cim
F 1050 1052 1051 cim
F 1052 1008 1009 cim
F 1008 1052 1050 cim
F 1050 1012 1007 cim
F 1012 1053 1011 cim
F 1053 1055 1054 cim
F 1055 1057 1056 cim
F 1057 1050 1051 cim
F 1057 1053 1012 cim
F 1053 1057 1055 cim
F 1012 1050 1057 cim
F 1015 1058 1014 cim
F 1058 1060 1059 cim
F 1060 1053 1054 cim
F 1053 1015 1011 cim
F 1015 1060 1058 cim
F 1060 1015 1053 cim
F 1018 1061 1017 cim
F 1061 1063 1062 cim
F 1063 1058 1059 cim
F 1058 1018 1014 cim
F 1018 1063 1061 cim
F 1063 1018 1058 cim
F 1021 1064 1020 cim
F 1064 1066 1065 cim
F 1066 1061 1062 cim
F 1061 1021 1017 cim
F 1021 1066 1064 cim
F 1066 1021 1061 cim
F 1024 1067 1023 cim
F 1067 1069 1068 cim
F 1069 1064 1065 cim
F 1064 1024 1020 cim
F 1024 1069 1067 cim
F 1069 1024 1064 cim
F 1027 1070 1026 cim
F 1070 1072 1071 cim
F 1072 1067 1068 cim
F 1067 1027 1023 cim
F 1027 1072 1070 cim
F 1072 1027 1067 cim
F 1030 1073 1029 cim
F 1073 1075 1074 cim
F 1075 1070 1071 cim
F 1070 1030 1026 cim
F 1030 1075 1073 cim
F 1075 1030 1070 cim
F 1033 1076 1032 cim
F 1076 1078 1077 cim
F 1078 1073 1074 cim
F 1073 1033 1029 cim
F 1033 1078 1076 cim
F 1078 1033 1073 cim
F 1036 1079 1035 cim
F 1079 1081 1080 cim
F 1081 1076 1077 cim
F 1076 1036 1032 cim
F 1036 1081 1079 cim
F 1081 1036 1076 cim
F 1039 1082 1038 cim
F 1082 1084 1083 cim
F 1084 1079 1080 cim
F 1079 1039 1035 cim
F 1039 1084 1082 cim
F 1084 1039 1079 cim
F 1042 1085 1041 cim
F 1085 1087 1086 cim
F 1087 1082 1083 cim
F 1082 1042 1038 cim
F 1042 1087 1085 cim
F 1087 1042 1082 cim
F 1045 1088 1044 cim
F 1088 1090 1089 cim
F 1090 1085 1086 cim
F 1085 1045 1041 cim
F 1045 1090 1088 cim
F 1090 1045 1085 cim
F 1091 1088 1089 cim
F 1088 1046 1044 cim
F 1046 1092 1049 cim
F 1091 1094 1093 cim
F 1093 1088 1091 cim
F 1088 1092 1046 cim
F 1093 1092 1088 cim
F 1055 1095 1054 cim
F 1095 1097 1096 cim
F 1097 1055 1056 cim
F 1055 1097 1095 cim
F 1095 1060 1054 cim
F 1060 1098 1059 cim
F 1098 1100 1099 cim
F 1101 1095 1096 cim
F 1101 1098 1060 cim
F 1098 1101 1100 cim
F 1060 1095 1101 cim
F 1063 1102 1062 cim
F 1102 1104 1103 cim
F 1104 1098 1099 cim
F 1098 1063 1059 cim
F 1063 1104 1102 cim
F 1104 1063 1098 cim
F 1066 1105 1065 cim
F 1105 1107 1106 cim
F 1107 1102 1103 cim
F 1102 1066 1062 cim
F 1066 1107 1105 cim
F 1107 1066 1102 cim
F 1069 1108 1068 cim
F 1108 1110 1109 cim
F 1110 1105 1106 cim
F 1105 1069 1065 cim
F 1069 1110 1108 cim
F 1110 1069 1105 cim
F 1072 1111 1071 cim
F 1111 1113 1112 cim
F 1113 1108 1109 cim
F 1108 1072 1068 cim
F 1072 1113 1111 cim
F 1113 1072 1108 cim
F 1075 1114 1074 cim
F 1114 1116 1115 cim
F 1116 1111 1112 cim
F 1111 1075 1071 cim
F 1075 1116 1114 cim
F 1116 1075 1111 cim
F 1078 1117 1077 cim
F 1117 1119 1118 cim
F 1119 1114 1115 cim
F 1114 1078 1074 cim
F 1078 1119 1117 cim
F 1119 1078 1114 cim
F 1081 1120 1080 cim
F 1120 1122 1121 cim
F 1122 1117 1118 cim
F 1117 1081 1077 cim
F 1081 1122 1120 cim
F 1122 1081 1117 cim
F 1084 1123 1083 cim
F 1123 1125 1124 cim
F 1125 1120 1121 cim
F 1120 1084 1080 cim
F 1084 1125 1123 cim
F 1125 1084 1120 cim
F 1087 1126 1086 cim
F 1126 1128 1127 cim
F 1128 1123 1124 cim
F 1123 1087 1083 cim
F 1087 1128 1126 cim
F 1128 1087 1123 cim
F 1090 1129 1089 cim
F 1129 1131 1130 cim
F 1131 1126 1127 cim
F 1126 1090 1086 cim
F 1090 1131 1129 cim
F 1131 1090 1126 cim
F 1132 1129 1130 cim
F 1129 1091 1089 cim
F 1091 1133 1094 cim
F 1132 1135 1134 cim
F 1134 1129 1132 cim
F 1129 1133 1091 cim
F 1134 1133 1129 cim
F 1099 1137 1136 cim
F 1137 1099 1100 cim
F 1136 1104 1099 cim
F 1104 1138 1103 cim
F 1138 1140 1139 cim
F 1141 1104 1136 cim
F 1141 1140 1138 cim
F 1138 1104 1141 cim
F 1107 1142 1106 cim
F 1142 1144 1143 cim
F 1144 1138 1139 cim
F 1138 1107 1103 cim
F 1107 1144 1142 cim
F 1144 1107 1138 cim
F 1110 1145 1109 cim
F 1145 1147 1146 cim
F 1147 1142 1143 cim
F 1142 1110 1106 cim
F 1110 1147 1145 cim
F 1147 1110 1142 cim
F 1113 1148 1112 cim
F 1148 1150 1149 cim
F 1150 1145 1146 cim
F 1145 1113 1109 cim
F 1113 1150 1148 cim
F 1150 1113 1145 cim
F 1116 1151 1115 cim
F 1151 1153 1152 cim
F 1153 1148 1149 cim
F 1148 1116 1112 cim
F 1116 1153 1151 cim
F 1153 1116 1148 cim
F 1119 1154 1118 cim
F 1154 1156 1155 cim
F 1156 1151 1152 cim
F 1151 1119 1115 cim
F 1119 1156 1154 cim
F 1156 1119 1151 cim
F 1122 1157 1121 cim
F 1157 1159 1158 cim
F 1159 1154 1155 cim
F 1154 1122 1118 cim
F 1122 1159 1157 cim
F 1159 1122 1154 cim
F 1125 1160 1124 cim
F 1160 1162 1161 cim
F 1162 1157 1158 cim
F 1157 1125 1121 cim
F 1125 1162 1160 cim
F 1162 1125 1157 cim
F 1128 1163 1127 cim
F 1163 1165 1164 cim
F 1165 1160 1161 cim
F 1160 1128 1124 cim
F 1128 1165 1163 cim
F 1165 1128 1160 cim
F 1131 1166 1130 cim
F 1166 1168 1167 cim
F 1168 1163 1164 cim
F 1163 1131 1127 cim
F 1131 1168 1166 cim
F 1168 1131 1163 cim
F 1169 1166 1167 cim
F 1166 1132 1130 cim
F 1132 1170 1135 cim
F 1169 1172 1171 cim
F 1171 1166 1169 cim
F 1166 1170 1132 cim
F 1171 1170 1166 cim
F 1139 1174 1173 cim
F 1174 1139 1140 cim
F 1173 1144 1139 cim
F 1144 1175 1143 cim
F 1175 1177 1176 cim
F 1178 1144 1173 cim
F 1178 1177 1175 cim
F 1175 1144 1178 cim
F 1147 1179 1146 cim
F 1179 1181 1180 cim
F 1181 1175 1176 cim
F 1175 1147 1143 cim
F 1147 1181 1179 cim
F 1181 1147 1175 cim
F 1150 1182 1149 cim
F 1182 1184 1183 cim
F 1184 1179 1180 cim
F 1179 1150 1146 cim
F 1150 1184 1182 cim
F 1184 1150 1179 cim
F 1153 1185 1152 cim
F 1185 1187 1186 cim
F 1187 1182 1183 cim
F 1182 1153 1149 cim
F 1153 1187 1185 cim
F 1187 1153 1182 cim
F 1156 1188 1155 cim
F 1188 1190 1189 cim
F 1190 1185 1186 cim
F 1185 1156 1152 cim
F 1156 1190 1188 cim
F 1190 1156 1185 cim
F 1159 1191 1158 cim
F 1191 1193 1192 cim
F 1193 1188 1189 cim
F 1188 1159 1155 cim
F 1159 1193 1191 cim
F 1193 1159 1188 cim
F 1162 1194 1161 cim
F 1194 1196 1195 cim
F 1196 1191 1192 cim
F 1191 1162 1158 cim
F 1162 1196 1194 cim
F 1196 1162 1191 cim
F 1165 1197 1164 cim
F 1197 1199 1198 cim
F 1199 1194 1195 cim
F 1194 1165 1161 cim
F 1165 1199 1197 cim
F 1199 1165 1194 cim
F 1168 1200 1167 cim
F 1200 1202 1201 cim
F 1202 1197 1198 cim
F 1197 1168 1164 cim
F 1168 1202 1200 cim
F 1202 1168 1197 cim
F 1203 1200 1201 cim
F 1200 1169 1167 cim
F 1169 1204 1172 cim
F 1203 1206 1205 cim
F 1205 1200 1203 cim
F 1200 1204 1169 cim
F 1205 1204 1200 cim
F 1176 1208 1207 cim
F 1208 1176 1177 cim
F 1207 1181 1176 cim
F 1181 1209 1180 cim
F 1209 1211 1210 cim
F 1212 1181 1207 cim
F 1212 1211 1209 cim
F 1209 1181 1212 cim
F 1184 1213 1183 cim
F 1213 1215 1214 cim
F 1215 1209 1210 cim
F 1209 1184 1180 cim
F 1184 1215 1213 cim
F 1215 1184 1209 cim
F 1187 1216 1186 cim
F 1216 1218 1217 cim
F 1218 1213 1214 cim
F 1213 1187 1183 cim
F 1187 1218 1216 cim
F 1218 1187 1213 cim
F 1190 1219 1189 cim
F 1219 1221 1220 cim
F 1221 1216 1217 cim
F 1216 1190 1186 cim
F 1190 1221 1219 cim
F 1221 1190 1216 cim
F 1193 1222 1192 cim
F 1222 1224 1223 cim
F 1224 1219 1220 cim
F 1219 1193 1189 cim
F 1193 1224 1222 cim
F 1224 1193 1219 cim
F 1196 1225 1195 cim
F 1225 1227 1226 cim
F 1227 1222 1223 cim
F 1222 1196 1192 cim
F 1196 1227 1225 cim
F 1227 1196 1222 cim
F 1199 1228 1198 cim
F 1228 1230 1229 cim
F 1230 1225 1226 cim
F 1225 1199 1195 cim
F 1199 1230 1228 cim
F 1230 1199 1225 cim
F 1202 1231 1201 cim
F 1231 1233 1232 cim
F 1233 1228 1229 cim
F 1228 1202 1198 cim
F 1202 1233 1231 cim
F 1233 1202 1228 cim
F 1234 1231 1232 cim
F 1231 1203 1201 cim
F 1203 1235 1206 cim
F 1234 1237 1236 cim
F 1236 1231 1234 cim
F 1231 1235 1203 cim
F 1236 1235 1231 cim
F 1210 1239 1238 cim
F 1239 1210 1211 cim
F 1238 1215 1210 cim
F 1215 1240 1214 cim
F 1240 1242 1241 cim
F 1243 1215 1238 cim
F 1243 1242 1240 cim
F 1240 1215 1243 cim
F 1218 1244 1217 cim
F 1244 1246 1245 cim
F 1246 1240 1241 cim
F 1240 1218 1214 cim
F 1218 1246 1244 cim
F 1246 1218 1240 cim
F 1221 1247 1220 cim
F 1247 1249 1248 cim
F 1249 1244 1245 cim
F 1244 1221 1217 cim
F 1221 1249 1247 cim
F 1249 1221 1244 cim
F 1224 1250 1223 cim
F 1250 1252 1251 cim
F 1252 1247 1248 cim
F 1247 1224 1220 cim
F 1224 1252 1250 cim
F 1252 1224 1247 cim
F 1227 1253 1226 cim
F 1253 1255 1254 cim
F 1255 1250 1251 cim
F 1250 1227 1223 cim
F 1227 1255 1253 cim
F 1255 1227 1250 cim
F 1230 1256 1229 cim
F 1256 1258 1257 cim
F 1258 1253 1254 cim
F 1253 1230 1226 cim
F 1230 1258 1256 cim
F 1258 1230 1253 cim
F 1233 1259 1232 cim
F 1259 1261 1260 cim
F 1261 1256 1257 cim
F 1256 1233 1229 cim
F 1233 1261 1259 cim
F 1261 1233 1256 cim
F 1262 1259 1260 cim
F 1259 1234 1232 cim
F 1234 1263 1237 cim
F 1262 1265 1264 cim
F 1264 1259 1262 cim
F 1259 1263 1234 cim
F 1264 1263 1259 cim
F 1241 1267 1266 cim
F 1267 1241 1242 cim
F 1266 1246 1241 cim
F 1246 1268 1245 cim
F 1268 1270 1269 cim
F 1271 1246 1266 cim
F 1271 1270 1268 cim
F 1268 1246 1271 cim
F 1249 1272 1248 cim
F 1272 1274 1273 cim
F 1274 1268 1269 cim
F 1268 1249 1245 cim
F 1249 1274 1272 cim
F 1274 1249 1268 cim
F 1252 1275 1251 cim
F 1275 1277 1276 cim
F 1277 1272 1273 cim
F 1272 1252 1248 cim
F 1252 1277 1275 cim
F 1277 1252 1272 cim
F 1255 1278 1254 cim
F 1278 1280 1279 cim
F 1280 1275 1276 cim
F 1275 1255 1251 cim
F 1255 1280 1278 cim
F 1280 1255 1275 cim
F 1258 1281 1257 cim
F 1281 1283 1282 cim
F 1283 1278 1279 cim
F 1278 1258 1254 cim
F 1258 1283 1281 cim
F 1283 1258 1278 cim
F 1261 1284 1260 cim
F 1284 1286 1285 cim
F 1286 1281 1282 cim
F 1281 1261 1257 cim
F 1261 1286 1284 cim
F 1286 1261 1281 cim
F 1287 1284 1285 cim
F 1284 1262 1260 cim
F 1262 1288 1265 cim
F 1287 1290 1289 cim
F 1288 1284 1287 cim
F 1284 1288 1262 cim
F 1287 1289 1288 cim
F 1270 1291 1269 cim
F 1291 1274 1269 cim
F 1274 1292 1273 cim
F 1292 1294 1293 cim
F 1274 1291 1295 cim
F 1295 1292 1274 cim
F 1295 1294 1292 cim
F 1277 1296 1276 cim
F 1296 1298 1297 cim
F 1298 1292 1293 cim
F 1292 1277 1273 cim
F 1277 1298 1296 cim
F 1298 1277 1292 cim
F 1280 1299 1279 cim
F 1299 1301 1300 cim
F 1301 1296 1297 cim
F 1296 1280 1276 cim
F 1280 1301 1299 cim
F 1301 1280 1296 cim
F 1283 1302 1282 cim
F 1302 1304 1303 cim
F 1304 1299 1300 cim
F 1299 1283 1279 cim
F 1283 1304 1302 cim
F 1304 1283 1299 cim
F 1286 1305 1285 cim
F 1305 1307 1306 cim
F 1307 1302 1303 cim
F 1302 1286 1282 cim
F 1286 1307 1305 cim
F 1307 1286 1302 cim
F 1308 1310 1309 cim
F 1310 1305 1306 cim
F 1305 1287 1285 cim
F 1287 1311 1290 cim
F 1287 1310 1308 cim
F 1310 1287 1305 cim
F 1308 1311 1287 cim
F 1312 1308 1309 cim
F 1308 1312 1311 cim
F 1309 1313 1312 cim
F 1294 1314 1293 cim
F 1314 1298 1293 cim
F 1298 1315 1297 cim
F 1315 1317 1316 cim
F 1318 1298 1314 cim
F 1318 1317 1315 cim
F 1315 1298 1318 cim
F 1301 1319 1300 cim
F 1319 1321 1320 cim
F 1321 1315 1316 cim
F 1315 1301 1297 cim
F 1301 1321 1319 cim
F 1321 1301 1315 cim
F 1304 1322 1303 cim
F 1322 1324 1323 cim
F 1324 1319 1320 cim
F 1319 1304 1300 cim
F 1304 1324 1322 cim
F 1324 1304 1319 cim
F 1307 1325 1306 cim
F 1325 1327 1326 cim
F 1327 1322 1323 cim
F 1322 1307 1303 cim
F 1307 1327 1325 cim
F 1327 1307 1322 cim
F 1310 1328 1309 cim
F 1328 1330 1329 cim
F 1330 1325 1326 cim
F 1325 1310 1306 cim
F 1310 1330 1328 cim
F 1330 1310 1325 cim
F 1331 1328 1329 cim
F 1332 1313 1309 cim
F 1329 1333 1331 cim
F 1309 1328 1332 cim
F 1331 1332 1328 cim
F 1317 1334 1316 cim
F 1334 1321 1316 cim
F 1321 1335 1320 cim
F 1335 1337 1336 cim
F 1321 1334 1338 cim
F 1338 1335 1321 cim
F 1338 1337 1335 cim
F 1324 1339 1323 cim
F 1339 1341 1340 cim
F 1341 1335 1336 cim
F 1335 1324 1320 cim
F 1324 1341 1339 cim
F 1341 1324 1335 cim
F 1327 1342 1326 cim
F 1342 1344 1343 cim
F 1344 1339 1340 cim
F 1339 1327 1323 cim
F 1327 1344 1342 cim
F 1344 1327 1339 cim
F 1330 1345 1329 cim
F 1345 1347 1346 cim
F 1347 1342 1343 cim
F 1342 1330 1326 cim
F 1330 1347 1345 cim
F 1347 1330 1342 cim
F 1348 1345 1346 cim
F 1349 1333 1329 cim
F 1346 1350 1348 cim
F 1329 1345 1349 cim
F 1348 1349 1345 cim
F 1337 1351 1336 cim
F 1351 1341 1336 cim
F 1341 1352 1340 cim
F 1352 1354 1353 cim
F 1355 1341 1351 cim
F 1355 1354 1352 cim
F 1352 1341 1355 cim
F 1344 1356 1343 cim
F 1356 1358 1357 cim
F 1358 1352 1353 cim
F 1352 1344 1340 cim
F 1344 1358 1356 cim
F 1358 1344 1352 cim
F 1347 1359 1346 cim
F 1359 1361 1360 cim
F 1361 1356 1357 cim
F 1356 1347 1343 cim
F 1347 1361 1359 cim
F 1361 1347 1356 cim
F 1362 1359 1360 cim
F 1363 1350 1346 cim
F 1360 1364 1362 cim
F 1346 1359 1363 cim
F 1362 1363 1359 cim
F 1354 1365 1353 cim
F 1365 1358 1353 cim
F 1358 1366 1357 cim
F 1366 1368 1367 cim
F 1358 1365 1369 cim
F 1369 1366 1358 cim
F 1369 1368 1366 cim
F 1361 1370 1360 cim
F 1370 1372 1371 cim
F 1372 1366 1367 cim
F 1366 1361 1357 cim
F 1361 1372 1370 cim
F 1372 1361 1366 cim
F 1373 1370 1371 cim
F 1374 1364 1360 cim
F 1371 1375 1373 cim
F 1360 1370 1374 cim
F 1373 1374 1370 cim
F 1376 1377 1367 cim
F 1377 1376 1378 cim
F 1367 1368 1376 cim
F 1377 1372 1367 cim
F 1372 1379 1371 cim
F 1379 1381 1380 cim
F 1381 1383 1382 cim
F 1372 1377 1378 cim
F 1383 1379 1372 cim
F 1379 1383 1381 cim
F 1378 1383 1372 cim
F 1384 1379 1380 cim
F 1385 1375 1371 cim
F 1380 1386 1384 cim
F 1371 1379 1385 cim
F 1384 1385 1379 cim
F 1381 1387 1380 cim
F 1387 1389 1388 cim
F 1390 1381 1382 cim
F 1390 1389 1387 cim
F 1387 1381 1390 cim
F 1391 1388 1392 cim
F 1393 1386 1380 cim
F 1392 1394 1391 cim
F 1391 1387 1388 cim
F 1380 1387 1393 cim
F 1391 1393 1387 cim
F 1395 1394 1392 cim
F 1396 1398 1397 cim
F 1398 1396 1399 cim
F 1397 1400 1396 cim
F 1401 1403 1402 cim
F 1404 1400 1397 cim
F 1403 1401 1404 cim
F 1402 1405 1401 cim
F 1397 1403 1404 cim
F 1406 1408 1407 cim
F 1409 1405 1402 cim
F 1408 1406 1409 cim
F 1407 1410 1406 cim
F 1402 1408 1409 cim
F 1411 1413 1412 cim
F 1414 1410 1407 cim
F 1413 1411 1414 cim
F 1412 1415 1411 cim
F 1407 1413 1414 cim
F 1416 1418 1417 cim
F 1419 1415 1412 cim
F 1418 1416 1419 cim
F 1417 1420 1416 cim
F 1412 1418 1419 cim
F 1420 1417 1421 cim
F 1421 1422 1420 cim
F 1423 1425 1424 cim
F 1425 1427 1426 cim
F 1423 1429 1428 cim
F 1429 1423 1430 cim
F 1428 1427 1425 cim
F 1425 1423 1428 cim
F 1431 1433 1432 cim
F 1433 1425 1426 cim
F 1425 1434 1424 cim
F 1435 1431 1436 cim
F 1434 1425 1433 cim
F 1433 1435 1434 cim
F 1433 1431 1435 cim
F 1437 1439 1438 cim
F 1439 1431 1432 cim
F 1431 1440 1436 cim
F 1441 1437 1442 cim
F 1440 1431 1439 cim
F 1437 1441 1440 cim
F 1440 1439 1437 cim
F 1398 1443 1397 cim
F 1443 1445 1444 cim
F 1445 1437 1438 cim
F 1437 1399 1442 cim
F 1399 1443 1398 cim
F 1443 1437 1445 cim
F 1437 1443 1399 cim
F 1403 1446 1402 cim
F 1446 1448 1447 cim
F 1448 1443 1444 cim
F 1443 1403 1397 cim
F 1403 1448 1446 cim
F 1448 1403 1443 cim
F 1408 1449 1407 cim
F 1449 1451 1450 cim
F 1451 1446 1447 cim
F 1446 1408 1402 cim
F 1408 1451 1449 cim
F 1451 1408 1446 cim
F 1413 1452 1412 cim
F 1452 1454 1453 cim
F 1454 1449 1450 cim
F 1449 1413 1407 cim
F 1413 1454 1452 cim
F 1454 1413 1449 cim
F 1418 1455 1417 cim
F 1455 1457 1456 cim
F 1457 1452 1453 cim
F 1452 1418 1412 cim
F 1418 1457 1455 cim
F 1457 1418 1452 cim
F 1458 1455 1456 cim
F 1459 1421 1417 cim
F 1455 1458 1459 cim
F 1456 1460 1458 cim
F 1417 1455 1459 cim
F 1427 1461 1426 cim
F 1461 1433 1426 cim
F 1433 1462 1432 cim
F 1462 1464 1463 cim
F 1433 1461 1465 cim
F 1465 1462 1433 cim
F 1465 1464 1462 cim
F 1439 1466 1438 cim
F 1466 1468 1467 cim
F 1468 1462 1463 cim
F 1462 1439 1432 cim
F 1439 1468 1466 cim
F 1468 1439 1462 cim
F 1445 1469 1444 cim
F 1469 1471 1470 cim
F 1471 1466 1467 cim
F 1466 1445 1438 cim
F 1445 1471 1469 cim
F 1471 1445 1466 cim
F 1448 1472 1447 cim
F 1472 1474 1473 cim
F 1474 1469 1470 cim
F 1469 1448 1444 cim
F 1448 1474 1472 cim
F 1474 1448 1469 cim
F 1451 1475 1450 cim
F 1475 1477 1476 cim
F 1477 1472 1473 cim
F 1472 1451 1447 cim
F 1451 1477 1475 cim
F 1477 1451 1472 cim
F 1454 1478 1453 cim
F 1478 1480 1479 cim
F 1480 1475 1476 cim
F 1475 1454 1450 cim
F 1454 1480 1478 cim
F 1480 1454 1475 cim
F 1457 1481 1456 cim
F 1481 1483 1482 cim
F 1483 1478 1479 cim
F 1478 1457 1453 cim
F 1457 1483 1481 cim
F 1483 1457 1478 cim
F 1484 1481 1482 cim
F 1485 1460 1456 cim
F 1481 1484 1485 cim
F 1482 1486 1484 cim
F 1456 1481 1485 cim
F 1487 1488 1463 cim
F 1488 1487 1489 cim
F 1463 1464 1487 cim
F 1488 1468 1463 cim
F 1468 1490 1467 cim
F 1490 1492 1491 cim
F 1492 1489 1493 cim
F 1489 1468 1488 cim
F 1489 1492 1490 cim
F 1490 1468 1489 cim
F 1471 1494 1470 cim
F 1494 1496 1495 cim
F 1496 1490 1491 cim
F 1490 1471 1467 cim
F 1471 1496 1494 cim
F 1496 1471 1490 cim
F 1474 1497 1473 cim
F 1497 1499 1498 cim
F 1499 1494 1495 cim
F 1494 1474 1470 cim
F 1474 1499 1497 cim
F 1499 1474 1494 cim
F 1477 1500 1476 cim
F 1500 1502 1501 cim
F 1502 1497 1498 cim
F 1497 1477 1473 cim
F 1477 1502 1500 cim
F 1502 1477 1497 cim
F 1480 1503 1479 cim
F 1503 1505 1504 cim
F 1505 1500 1501 cim
F 1500 1480 1476 cim
F 1480 1505 1503 cim
F 1505 1480 1500 cim
F 1483 1506 1482 cim
F 1506 1508 1507 cim
F 1508 1503 1504 cim
F 1503 1483 1479 cim
F 1483 1508 1506 cim
F 1508 1483 1503 cim
F 1509 1506 1507 cim
F 1510 1486 1482 cim
F 1506 1509 1510 cim
F 1507 1511 1509 cim
F 1482 1506 1510 cim
F 1492 1512 1491 cim
F 1512 1514 1513 cim
F 1515 1492 1493 cim
F 1515 1514 1512 cim
F 1512 1492 1515 cim
F 1512 1496 1491 cim
F 1496 1516 1495 cim
F 1516 1518 1517 cim
F 1518 1513 1519 cim
F 1518 1496 1512 cim
F 1496 1518 1516 cim
F 1512 1513 1518 cim
F 1499 1520 1498 cim
F 1520 1522 1521 cim
F 1522 1516 1517 cim
F 1516 1499 1495 cim
F 1499 1522 1520 cim
F 1522 1499 1516 cim
F 1502 1523 1501 cim
F 1523 1525 1524 cim
F 1525 1520 1521 cim
F 1520 1502 1498 cim
F 1502 1525 1523 cim
F 1525 1502 1520 cim
F 1505 1526 1504 cim
F 1526 1528 1527 cim
F 1528 1523 1524 cim
F 1523 1505 1501 cim
F 1505 1528 1526 cim
F 1528 1505 1523 cim
F 1508 1529 1507 cim
F 1529 1531 1530 cim
F 1531 1526 1527 cim
F 1526 1508 1504 cim
F 1508 1531 1529 cim
F 1531 1508 1526 cim
F 1532 1529 1530 cim
F 1533 1511 1507 cim
F 1529 1532 1534 cim
F 1534 1532 1535 cim
F 1507 1529 1533 cim
F 1534 1533 1529 cim
F 1536 1518 1519 cim
F 1518 1537 1517 cim
F 1538 1540 1539 cim
F 1540 1538 1541 cim
F 1537 1518 1536 cim
F 1539 1537 1538 cim
F 1536 1538 1537 cim
F 1522 1542 1521 cim
F 1542 1544 1543 cim
F 1544 1537 1539 cim
F 1537 1522 1517 cim
F 1522 1544 1542 cim
F 1544 1522 1537 cim
F 1525 1545 1524 cim
F 1545 1547 1546 cim
F 1547 1542 1543 cim
F 1542 1525 1521 cim
F 1525 1547 1545 cim
F 1547 1525 1542 cim
F 1528 1548 1527 cim
F 1548 1550 1549 cim
F 1550 1545 1546 cim
F 1545 1528 1524 cim
F 1528 1550 1548 cim
F 1550 1528 1545 cim
F 1531 1551 1530 cim
F 1551 1553 1552 cim
F 1553 1548 1549 cim
F 1548 1531 1527 cim
F 1531 1553 1551 cim
F 1553 1531 1548 cim
F 1554 1551 1552 cim
F 1551 1532 1530 cim
F 1532 1555 1535 cim
F 1556 1554 1557 cim
F 1555 1532 1551 cim
F 1551 1556 1555 cim
F 1551 1554 1556 cim
F 1558 1560 1559 cim
F 1540 1561 1539 cim
F 1561 1563 1562 cim
F 1563 1558 1559 cim
F 1540 1541 1564 cim
F 1564 1561 1540 cim
F 1564 1558 1563 cim
F 1563 1561 1564 cim
F 1544 1565 1543 cim
F 1565 1567 1566 cim
F 1567 1561 1562 cim
F 1561 1544 1539 cim
F 1544 1567 1565 cim
F 1567 1544 1561 cim
F 1547 1568 1546 cim
F 1568 1570 1569 cim
F 1570 1565 1566 cim
F 1565 1547 1543 cim
F 1547 1570 1568 cim
F 1570 1547 1565 cim
F 1550 1571 1549 cim
F 1571 1573 1572 cim
F 1573 1568 1569 cim
F 1568 1550 1546 cim
F 1550 1573 1571 cim
F 1573 1550 1568 cim
F 1553 1574 1552 cim
F 1574 1576 1575 cim
F 1576 1571 1572 cim
F 1571 1553 1549 cim
F 1553 1576 1574 cim
F 1576 1553 1571 cim
F 1577 1574 1575 cim
F 1574 1554 1552 cim
F 1554 1578 1557 cim
F 1579 1577 1580 cim
F 1578 1554 1574 cim
F 1574 1579 1578 cim
F 1574 1577 1579 cim
F 1581 1582 1559 cim
F 1582 1584 1583 cim
F 1584 1586 1585 cim
F 1559 1560 1581 cim
F 1586 1584 1582 cim
F 1582 1581 1586 cim
F 1563 1587 1562 cim
F 1587 1589 1588 cim
F 1589 1582 1583 cim
F 1582 1563 1559 cim
F 1563 1589 1587 cim
F 1589 1563 1582 cim
F 1567 1590 1566 cim
F 1590 1592 1591 cim
F 1592 1587 1588 cim
F 1587 1567 1562 cim
F 1567 1592 1590 cim
F 1592 1567 1587 cim
F 1570 1593 1569 cim
F 1593 1595 1594 cim
F 1595 1590 1591 cim
F 1590 1570 1566 cim
F 1570 1595 1593 cim
F 1595 1570 1590 cim
F 1573 1596 1572 cim
F 1596 1598 1597 cim
F 1598 1593 1594 cim
F 1593 1573 1569 cim
F 1573 1598 1596 cim
F 1598 1573 1593 cim
F 1576 1599 1575 cim
F 1599 1601 1600 cim
F 1601 1596 1597 cim
F 1596 1576 1572 cim
F 1576 1601 1599 cim
F 1601 1576 1596 cim
F 1602 1599 1600 cim
F 1599 1577 1575 cim
F 1577 1603 1580 cim
F 1604 1602 1605 cim
F 1603 1577 1599 cim
F 1599 1604 1603 cim
F 1599 1602 1604 cim
F 1606 1584 1585 cim
F 1584 1607 1583 cim
F 1608 1609 1606 cim
F 1585 1608 1606 cim
F 1606 1607 1584 cim
F 1610 1589 1583 cim
F 1611 1612 1588 cim
F 1589 1610 1611 cim
F 1583 1607 1610 cim
F 1588 1589 1611 cim
F 1613 1592 1588 cim
F 1614 1615 1591 cim
F 1592 1613 1614 cim
F 1588 1612 1613 cim
F 1591 1592 1614 cim
F 1616 1595 1591 cim
F 1617 1618 1594 cim
F 1595 1616 1617 cim
F 1591 1615 1616 cim
F 1594 1595 1617 cim
F 1619 1598 1594 cim
F 1620 1621 1597 cim
F 1598 1619 1620 cim
F 1594 1618 1619 cim
F 1597 1598 1620 cim
F 1622 1601 1597 cim
F 1623 1624 1600 cim
F 1601 1622 1623 cim
F 1597 1621 1622 cim
F 1600 1601 1623 cim
F 1625 1602 1600 cim
F 1625 1626 1605 cim
F 1600 1624 1625 cim
F 1605 1602 1625 cim
F 1627 1629 1628 cim
F 1630 1632 1631 cim
F 1632 1634 1633 cim
F 1634 1627 1628 cim
F 1634 1630 1635 cim
F 1630 1634 1632 cim
F 1635 1627 1634 cim
F 1636 1638 1637 cim
F 1638 1632 1633 cim
F 1632 1639 1631 cim
F 1640 1636 1641 cim
F 1639 1632 1638 cim
F 1638 1640 1639 cim
F 1638 1636 1640 cim
F 1642 1644 1643 cim
F 1644 1636 1637 cim
F 1636 1645 1641 cim
F 1646 1642 1647 cim
F 1645 1636 1644 cim
F 1644 1646 1645 cim
F 1644 1642 1646 cim
F 1648 1650 1649 cim
F 1650 1642 1643 cim
F 1642 1651 1647 cim
F 1652 1648 1653 cim
F 1651 1642 1650 cim
F 1650 1652 1651 cim
F 1650 1648 1652 cim
F 1654 1656 1655 cim
F 1656 1648 1649 cim
F 1648 1657 1653 cim
F 1658 1654 1659 cim
F 1657 1648 1656 cim
F 1656 1658 1657 cim
F 1656 1654 1658 cim
F 1660 1662 1661 cim
F 1662 1654 1655 cim
F 1654 1663 1659 cim
F 1664 1660 1665 cim
F 1663 1654 1662 cim
F 1662 1664 1663 cim
F 1662 1660 1664 cim
F 1666 1668 1667 cim
F 1666 1660 1661 cim
F 1660 1669 1665 cim
F 1667 1670 1669 cim
F 1667 1669 1660 cim
F 1660 1666 1667 cim
F 1629 1671 1628 cim
F 1671 1673 1672 cim
F 1673 1675 1674 cim
F 1671 1629 1676 cim
F 1675 1673 1671 cim
F 1671 1676 1675 cim
F 1634 1677 1633 cim
F 1677 1679 1678 cim
F 1679 1671 1672 cim
F 1671 1634 1628 cim
F 1634 1679 1677 cim
F 1679 1634 1671 cim
F 1638 1680 1637 cim
F 1680 1682 1681 cim
F 1682 1677 1678 cim
F 1677 1638 1633 cim
F 1638 1682 1680 cim
F 1682 1638 1677 cim
F 1644 1683 1643 cim
F 1683 1685 1684 cim
F 1685 1680 1681 cim
F 1680 1644 1637 cim
F 1644 1685 1683 cim
F 1685 1644 1680 cim
F 1650 1686 1649 cim
F 1686 1688 1687 cim
F 1688 1683 1684 cim
F 1683 1650 1643 cim
F 1650 1688 1686 cim
F 1688 1650 1683 cim
F 1656 1689 1655 cim
F 1689 1691 1690 cim
F 1691 1686 1687 cim
F 1686 1656 1649 cim
F 1656 1691 1689 cim
F 1691 1656 1686 cim
F 1662 1692 1661 cim
F 1692 1694 1693 cim
F 1694 1689 1690 cim
F 1689 1662 1655 cim
F 1662 1694 1692 cim
F 1694 1662 1689 cim
F 1695 1692 1693 cim
F 1692 1666 1661 cim
F 1666 1696 1668 cim
F 1697 1695 1698 cim
F 1696 1666 1692 cim
F 1692 1697 1696 cim
F 1692 1695 1697 cim
F 1699 1701 1700 cim
F 1699 1703 1702 cim
F 1700 1703 1699 cim
F 1673 1704 1672 cim
F 1704 1706 1705 cim
F 1706 1703 1700 cim
F 1706 1707 1702 cim
F 1707 1673 1674 cim
F 1707 1706 1704 cim
F 1702 1703 1706 cim
F 1704 1673 1707 cim
F 1679 1708 1678 cim
F 1708 1710 1709 cim
F 1710 1704 1705 cim
F 1704 1679 1672 cim
F 1679 1710 1708 cim
F 1710 1679 1704 cim
F 1682 1711 1681 cim
F 1711 1713 1712 cim
F 1713 1708 1709 cim
F 1708 1682 1678 cim
F 1682 1713 1711 cim
F 1713 1682 1708 cim
F 1685 1714 1684 cim
F 1714 1716 1715 cim
F 1716 1711 1712 cim
F 1711 1685 1681 cim
F 1685 1716 1714 cim
F 1716 1685 1711 cim
F 1688 1717 1687 cim
F 1717 1719 1718 cim
F 1719 1714 1715 cim
F 1714 1688 1684 cim
F 1688 1719 1717 cim
F 1719 1688 1714 cim
F 1691 1720 1690 cim
F 1720 1722 1721 cim
F 1722 1717 1718 cim
F 1717 1691 1687 cim
F 1691 1722 1720 cim
F 1722 1691 1717 cim
F 1694 1723 1693 cim
F 1723 1725 1724 cim
F 1725 1720 1721 cim
F 1720 1694 1690 cim
F 1694 1725 1723 cim
F 1725 1694 1720 cim
F 1726 1723 1724 cim
F 1723 1695 1693 cim
F 1695 1727 1698 cim
F 1728 1726 1729 cim
F 1727 1695 1723 cim
F 1723 1728 1727 cim
F 1723 1726 1728 cim
F 1701 1730 1700 cim
F 1730 1732 1731 cim
F 1732 1734 1733 cim
F 1730 1701 1735 cim
F 1734 1732 1730 cim
F 1730 1735 1734 cim
F 1706 1736 1705 cim
F 1736 1738 1737 cim
F 1738 1730 1731 cim
F 1730 1706 1700 cim
F 1706 1738 1736 cim
F 1738 1706 1730 cim
F 1710 1739 1709 cim
F 1739 1741 1740 cim
F 1741 1736 1737 cim
F 1736 1710 1705 cim
F 1710 1741 1739 cim
F 1741 1710 1736 cim
F 1713 1742 1712 cim
F 1742 1744 1743 cim
F 1744 1739 1740 cim
F 1739 1713 1709 cim
F 1713 1744 1742 cim
F 1744 1713 1739 cim
F 1716 1745 1715 cim
F 1745 1747 1746 cim
F 1747 1742 1743 cim
F 1742 1716 1712 cim
F 1716 1747 1745 cim
F 1747 1716 1742 cim
F 1719 1748 1718 cim
F 1748 1750 1749 cim
F 1750 1745 1746 cim
F 1745 1719 1715 cim
F 1719 1750 1748 cim
F 1750 1719 1745 cim
F 1722 1751 1721 cim
F 1751 1753 1752 cim
F 1753 1748 1749 cim
F 1748 1722 1718 cim
F 1722 1753 1751 cim
F 1753 1722 1748 cim
F 1725 1754 1724 cim
F 1754 1756 1755 cim
F 1756 1751 1752 cim
F 1751 1725 1721 cim
F 1725 1756 1754 cim
F 1756 1725 1751 cim
F 1757 1754 1755 cim
F 1754 1726 1724 cim
F 1726 1758 1729 cim
F 1759 1757 1760 cim
F 1758 1726 1754 cim
F 1757 1759 1758 cim
F 1758 1754 1757 cim
F 1761 1763 1762 cim
F 1761 1765 1764 cim
F 1762 1765 1761 cim
F 1732 1766 1731 cim
F 1766 1768 1767 cim
F 1768 1765 1762 cim
F 1732 1733 1764 cim
F 1768 1766 1732 cim
F 1732 1765 1768 cim
F 1732 1764 1765 cim
F 1738 1769 1737 cim
F 1769 1771 1770 cim
F 1771 1766 1767 cim
F 1766 1738 1731 cim
F 1738 1771 1769 cim
F 1771 1738 1766 cim
F 1741 1772 1740 cim
F 1772 1774 1773 cim
F 1774 1769 1770 cim
F 1769 1741 1737 cim
F 1741 1774 1772 cim
F 1774 1741 1769 cim
F 1744 1775 1743 cim
F 1775 1777 1776 cim
F 1777 1772 1773 cim
F 1772 1744 1740 cim
F 1744 1777 1775 cim
F 1777 1744 1772 cim
F 1747 1778 1746 cim
F 1778 1780 1779 cim
F 1780 1775 1776 cim
F 1775 1747 1743 cim
F 1747 1780 1778 cim
F 1780 1747 1775 cim
F 1750 1781 1749 cim
F 1781 1783 1782 cim
F 1783 1778 1779 cim
F 1778 1750 1746 cim
F 1750 1783 1781 cim
F 1783 1750 1778 cim
F 1753 1784 1752 cim
F 1784 1786 1785 cim
F 1786 1781 1782 cim
F 1781 1753 1749 cim
F 1753 1786 1784 cim
F 1786 1753 1781 cim
F 1756 1787 1755 cim
F 1787 1789 1788 cim
F 1789 1784 1785 cim
F 1784 1756 1752 cim
F 1756 1789 1787 cim
F 1789 1756 1784 cim
F 1790 1792 1791 cim
F 1792 1787 1788 cim
F 1787 1757 1755 cim
F 1757 1793 1760 cim
F 1793 1792 1790 cim
F 1793 1757 1787 cim
F 1787 1792 1793 cim
F 1794 1790 1791 cim
F 1763 1795 1762 cim
F 1795 1797 1796 cim
F 1797 1799 1798 cim
F 1795 1763 1800 cim
F 1800 1797 1795 cim
F 1800 1799 1797 cim
F 1768 1801 1767 cim
F 1801 1803 1802 cim
F 1803 1795 1796 cim
F 1795 1768 1762 cim
F 1768 1803 1801 cim
F 1803 1768 1795 cim
F 1771 1804 1770 cim
F 1804 1806 1805 cim
F 1806 1801 1802 cim
F 1801 1771 1767 cim
F 1771 1806 1804 cim
F 1806 1771 1801 cim
F 1774 1807 1773 cim
F 1807 1809 1808 cim
F 1809 1804 1805 cim
F 1804 1774 1770 cim
F 1774 1809 1807 cim
F 1809 1774 1804 cim
F 1777 1810 1776 cim
F 1810 1812 1811 cim
F 1812 1807 1808 cim
F 1807 1777 1773 cim
F 1777 1812 1810 cim
F 1812 1777 1807 cim
F 1780 1813 1779 cim
F 1813 1815 1814 cim
F 1815 1810 1811 cim
F 1810 1780 1776 cim
F 1780 1815 1813 cim
F 1815 1780 1810 cim
F 1783 1816 1782 cim
F 1816 1818 1817 cim
F 1818 1813 1814 cim
F 1813 1783 1779 cim
F 1783 1818 1816 cim
F 1818 1783 1813 cim
F 1786 1819 1785 cim
F 1819 1821 1820 cim
F 1821 1816 1817 cim
F 1816 1786 1782 cim
F 1786 1821 1819 cim
F 1821 1786 1816 cim
F 1789 1822 1788 cim
F 1822 1824 1823 cim
F 1824 1819 1820 cim
F 1819 1789 1785 cim
F 1789 1824 1822 cim
F 1824 1789 1819 cim
F 1792 1825 1791 cim
F 1825 1827 1826 cim
F 1827 1822 1823 cim
F 1822 1792 1788 cim
F 1792 1827 1825 cim
F 1827 1792 1822 cim
F 1828 1825 1826 cim
F 1829 1794 1791 cim
F 1825 1828 1829 cim
F 1826 1830 1828 cim
F 1791 1825 1829 cim
F 1831 1833 1832 cim
F 1833 1831 1834 cim
F 1835 1837 1836 cim
F 1832 1837 1831 cim
F 1831 1837 1835 cim
F 1797 1838 1796 cim
F 1838 1840 1839 cim
F 1840 1837 1832 cim
F 1797 1798 1836 cim
F 1840 1838 1797 cim
F 1797 1837 1840 cim
F 1797 1836 1837 cim
F 1841 1843 1842 cim
F 1843 1838 1839 cim
F 1838 1803 1796 cim
F 1803 1844 1802 cim
F 1844 1841 1845 cim
F 1841 1838 1843 cim
F 1841 1844 1803 cim
F 1803 1838 1841 cim
F 1844 1806 1802 cim
F 1806 1846 1805 cim
F 1846 1848 1847 cim
F 1849 1844 1845 cim
F 1848 1846 1806 cim
F 1806 1849 1848 cim
F 1806 1844 1849 cim
F 1846 1809 1805 cim
F 1809 1850 1808 cim
F 1850 1852 1851 cim
F 1853 1846 1847 cim
F 1852 1850 1809 cim
F 1809 1853 1852 cim
F 1809 1846 1853 cim
F 1850 1812 1808 cim
F 1812 1854 1811 cim
F 1854 1856 1855 cim
F 1857 1850 1851 cim
F 1856 1854 1812 cim
F 1812 1857 1856 cim
F 1812 1850 1857 cim
F 1854 1815 1811 cim
F 1815 1858 1814 cim
F 1858 1860 1859 cim
F 1861 1854 1855 cim
F 1860 1858 1815 cim
F 1815 1861 1860 cim
F 1815 1854 1861 cim
F 1858 1818 1814 cim
F 1818 1862 1817 cim
F 1862 1864 1863 cim
F 1865 1858 1859 cim
F 1864 1862 1818 cim
F 1818 1865 1864 cim
F 1818 1858 1865 cim
F 1862 1821 1817 cim
F 1821 1866 1820 cim
F 1866 1868 1867 cim
F 1869 1862 1863 cim
F 1868 1866 1821 cim
F 1821 1869 1868 cim
F 1821 1862 1869 cim
F 1866 1824 1820 cim
F 1870 1871 1823 cim
F 1824 1866 1872 cim
F 1872 1866 1867 cim
F 1823 1824 1870 cim
F 1872 1870 1824 cim
F 1873 1827 1823 cim
F 1874 1875 1826 cim
F 1827 1873 1874 cim
F 1823 1871 1873 cim
F 1826 1827 1874 cim
F 1876 1826 1875 cim
F 1826 1876 1830 cim
F 1877 1879 1878 cim
F 1833 1880 1832 cim
F 1880 1882 1881 cim
F 1882 1877 1878 cim
F 1833 1834 1883 cim
F 1883 1880 1833 cim
F 1884 1877 1882 cim
F 1882 1880 1883 cim
F 1883 1884 1882 cim
F 1840 1885 1839 cim
F 1885 1887 1886 cim
F 1887 1880 1881 cim
F 1880 1840 1832 cim
F 1840 1887 1885 cim
F 1887 1840 1880 cim
F 1888 1885 1886 cim
F 1885 1843 1839 cim
F 1843 1889 1842 cim
F 1888 1891 1890 cim
F 1890 1885 1888 cim
F 1885 1889 1843 cim
F 1890 1889 1885 cim
F 1892 1893 1878 cim
F 1894 1896 1895 cim
F 1896 1894 1897 cim
F 1878 1879 1892 cim
F 1895 1893 1894 cim
F 1893 1892 1894 cim
F 1882 1898 1881 cim
F 1898 1900 1899 cim
F 1900 1893 1895 cim
F 1893 1882 1878 cim
F 1882 1900 1898 cim
F 1900 1882 1893 cim
F 1887 1901 1886 cim
F 1901 1903 1902 cim
F 1903 1898 1899 cim
F 1898 1887 1881 cim
F 1887 1903 1901 cim
F 1903 1887 1898 cim
F 1904 1901 1902 cim
F 1901 1888 1886 cim
F 1888 1905 1891 cim
F 1904 1907 1906 cim
F 1906 1901 1904 cim
F 1901 1905 1888 cim
F 1906 1905 1901 cim
F 1908 1910 1909 cim
F 1896 1911 1895 cim
F 1911 1913 1912 cim
F 1913 1908 1909 cim
F 1896 1897 1914 cim
F 1914 1911 1896 cim
F 1914 1908 1913 cim
F 1913 1911 1914 cim
F 1900 1915 1899 cim
F 1915 1917 1916 cim
F 1917 1911 1912 cim
F 1911 1900 1895 cim
F 1900 1917 1915 cim
F 1917 1900 1911 cim
F 1903 1918 1902 cim
F 1918 1920 1919 cim
F 1920 1915 1916 cim
F 1915 1903 1899 cim
F 1903 1920 1918 cim
F 1920 1903 1915 cim
F 1921 1918 1919 cim
F 1918 1904 1902 cim
F 1904 1922 1907 cim
F 1921 1924 1923 cim
F 1923 1918 1921 cim
F 1918 1922 1904 cim
F 1923 1922 1918 cim
F 1925 1926 1909 cim
F 1926 1928 1927 cim
F 1928 1930 1929 cim
F 1909 1910 1925 cim
F 1926 1930 1928 cim
F 1930 1926 1925 cim
F 1913 1931 1912 cim
F 1931 1933 1932 cim
F 1933 1926 1927 cim
F 1926 1913 1909 cim
F 1913 1933 1931 cim
F 1933 1913 1926 cim
F 1917 1934 1916 cim
F 1934 1936 1935 cim
F 1936 1931 1932 cim
F 1931 1917 1912 cim
F 1917 1936 1934 cim
F 1936 1917 1931 cim
F 1920 1937 1919 cim
F 1937 1939 1938 cim
F 1939 1934 1935 cim
F 1934 1920 1916 cim
F 1920 1939 1937 cim
F 1939 1920 1934 cim
F 1940 1937 1938 cim
F 1937 1921 1919 cim
F 1921 1941 1924 cim
F 1940 1943 1942 cim
F 1942 1937 1940 cim
F 1937 1941 1921 cim
F 1942 1941 1937 cim
F 1944 1946 1945 cim
F 1946 1948 1947 cim
F 1948 1944 1949 cim
F 1944 1948 1946 cim
F 1928 1950 1927 cim
F 1950 1952 1951 cim
F 1952 1944 1945 cim
F 1928 1929 1949 cim
F 1952 1950 1928 cim
F 1928 1944 1952 cim
F 1928 1949 1944 cim
F 1933 1953 1932 cim
F 1953 1955 1954 cim
F 1955 1950 1951 cim
F 1950 1933 1927 cim
F 1933 1955 1953 cim
F 1955 1933 1950 cim
F 1936 1956 1935 cim
F 1956 1958 1957 cim
F 1958 1953 1954 cim
F 1953 1936 1932 cim
F 1936 1958 1956 cim
F 1958 1936 1953 cim
F 1939 1959 1938 cim
F 1959 1961 1960 cim
F 1961 1956 1957 cim
F 1956 1939 1935 cim
F 1939 1961 1959 cim
F 1961 1939 1956 cim
F 1962 1959 1960 cim
F 1959 1940 1938 cim
F 1940 1963 1943 cim
F 1962 1965 1964 cim
F 1964 1959 1962 cim
F 1959 1963 1940 cim
F 1964 1963 1959 cim
F 1966 1968 1967 cim
F 1946 1969 1945 cim
F 1969 1971 1970 cim
F 1971 1966 1967 cim
F 1972 1946 1947 cim
F 1972 1971 1969 cim
F 1971 1972 1966 cim
F 1969 1946 1972 cim
F 1952 1973 1951 cim
F 1973 1975 1974 cim
F 1975 1969 1970 cim
F 1969 1952 1945 cim
F 1952 1975 1973 cim
F 1975 1952 1969 cim
F 1955 1976 1954 cim
F 1976 1978 1977 cim
F 1978 1973 1974 cim
F 1973 1955 1951 cim
F 1955 1978 1976 cim
F 1978 1955 1973 cim
F 1958 1979 1957 cim
F 1979 1981 1980 cim
F 1981 1976 1977 cim
F 1976 1958 1954 cim
F 1958 1981 1979 cim
F 1981 1958 1976 cim
F 1961 1982 1960 cim
F 1982 1984 1983 cim
F 1984 1979 1980 cim
F 1979 1961 1957 cim
F 1961 1984 1982 cim
F 1984 1961 1979 cim
F 1985 1982 1983 cim
F 1982 1962 1960 cim
F 1962 1986 1965 cim
F 1985 1988 1987 cim
F 1987 1982 1985 cim
F 1982 1986 1962 cim
F 1987 1986 1982 cim
F 1968 1989 1967 cim
F 1989 1991 1990 cim
F 1991 1993 1992 cim
F 1989 1968 1994 cim
F 1993 1991 1989 cim
F 1989 1994 1993 cim
F 1971 1995 1970 cim
F 1995 1997 1996 cim
F 1997 1989 1990 cim
F 1989 1971 1967 cim
F 1971 1997 1995 cim
F 1997 1971 1989 cim
F 1975 1998 1974 cim
F 1998 2000 1999 cim
F 2000 1995 1996 cim
F 1995 1975 1970 cim
F 1975 2000 1998 cim
F 2000 1975 1995 cim
F 1978 2001 1977 cim
F 2001 2003 2002 cim
F 2003 1998 1999 cim
F 1998 1978 1974 cim
F 1978 2003 2001 cim
F 2003 1978 1998 cim
F 1981 2004 1980 cim
F 2004 2006 2005 cim
F 2006 2001 2002 cim
F 2001 1981 1977 cim
F 1981 2006 2004 cim
F 2006 1981 2001 cim
F 1984 2007 1983 cim
F 2007 2009 2008 cim
F 2009 2004 2005 cim
F 2004 1984 1980 cim
F 1984 2009 2007 cim
F 2009 1984 2004 cim
F 2010 2007 2008 cim
F 2007 1985 1983 cim
F 1985 2011 1988 cim
F 2010 2013 2012 cim
F 2011 2007 2010 cim
F 2007 2011 1985 cim
F 2010 2012 2011 cim
F 2014 2016 2015 cim
F 2016 2018 2017 cim
F 2018 2014 2019 cim
F 2014 2018 2016 cim
F 1991 2020 1990 cim
F 2020 2022 2021 cim
F 2022 2014 2015 cim
F 1991 1992 2019 cim
F 2022 2020 1991 cim
F 1991 2014 2022 cim
F 1991 2019 2014 cim
F 1997 2023 1996 cim
F 2023 2025 2024 cim
F 2025 2020 2021 cim
F 2020 1997 1990 cim
F 1997 2025 2023 cim
F 2025 1997 2020 cim
F 2000 2026 1999 cim
F 2026 2028 2027 cim
F 2028 2023 2024 cim
F 2023 2000 1996 cim
F 2000 2028 2026 cim
F 2028 2000 2023 cim
F 2003 2029 2002 cim
F 2029 2031 2030 cim
F 2031 2026 2027 cim
F 2026 2003 1999 cim
F 2003 2031 2029 cim
F 2031 2003 2026 cim
F 2006 2032 2005 cim
F 2032 2034 2033 cim
F 2034 2029 2030 cim
F 2029 2006 2002 cim
F 2006 2034 2032 cim
F 2034 2006 2029 cim
F 2009 2035 2008 cim
F 2035 2037 2036 cim
F 2037 2032 2033 cim
F 2032 2009 2005 cim
F 2009 2037 2035 cim
F 2037 2009 2032 cim
F 2038 2040 2039 cim
F 2040 2035 2036 cim
F 2035 2010 2008 cim
F 2010 2041 2013 cim
F 2041 2040 2038 cim
F 2041 2010 2035 cim
F 2035 2040 2041 cim
F 2042 2038 2039 cim
F 2043 2045 2044 cim
F 2016 2046 2015 cim
F 2046 2048 2047 cim
F 2048 2043 2044 cim
F 2049 2016 2017 cim
F 2049 2048 2046 cim
F 2048 2049 2043 cim
F 2046 2016 2049 cim
F 2022 2050 2021 cim
F 2050 2052 2051 cim
F 2052 2046 2047 cim
F 2046 2022 2015 cim
F 2022 2052 2050 cim
F 2052 2022 2046 cim
F 2025 2053 2024 cim
F 2053 2055 2054 cim
F 2055 2050 2051 cim
F 2050 2025 2021 cim
F 2025 2055 2053 cim
F 2055 2025 2050 cim
F 2028 2056 2027 cim
F 2056 2058 2057 cim
F 2058 2053 2054 cim
F 2053 2028 2024 cim
F 2028 2058 2056 cim
F 2058 2028 2053 cim
F 2031 2059 2030 cim
F 2059 2061 2060 cim
F 2061 2056 2057 cim
F 2056 2031 2027 cim
F 2031 2061 2059 cim
F 2061 2031 2056 cim
F 2034 2062 2033 cim
F 2062 2064 2063 cim
F 2064 2059 2060 cim
F 2059 2034 2030 cim
F 2034 2064 2062 cim
F 2064 2034 2059 cim
F 2037 2065 2036 cim
F 2065 2067 2066 cim
F 2067 2062 2063 cim
F 2062 2037 2033 cim
F 2037 2067 2065 cim
F 2067 2037 2062 cim
F 2040 2068 2039 cim
F 2068 2070 2069 cim
F 2070 2065 2066 cim
F 2065 2040 2036 cim
F 2040 2070 2068 cim
F 2070 2040 2065 cim
F 2071 2068 2069 cim
F 2072 2042 2039 cim
F 2069 2073 2071 cim
F 2039 2068 2072 cim
F 2071 2072 2068 cim
F 2045 2074 2044 cim
F 2074 2076 2075 cim
F 2076 2078 2077 cim
F 2074 2045 2079 cim
F 2078 2076 2074 cim
F 2074 2079 2078 cim
F 2048 2080 2047 cim
F 2080 2082 2081 cim
F 2082 2074 2075 cim
F 2074 2048 2044 cim
F 2048 2082 2080 cim
F 2082 2048 2074 cim
F 2052 2083 2051 cim
F 2083 2085 2084 cim
F 2085 2080 2081 cim
F 2080 2052 2047 cim
F 2052 2085 2083 cim
F 2085 2052 2080 cim
F 2055 2086 2054 cim
F 2086 2088 2087 cim
F 2088 2083 2084 cim
F 2083 2055 2051 cim
F 2055 2088 2086 cim
F 2088 2055 2083 cim
F 2058 2089 2057 cim
F 2089 2091 2090 cim
F 2091 2086 2087 cim
F 2086 2058 2054 cim
F 2058 2091 2089 cim
F 2091 2058 2086 cim
F 2061 2092 2060 cim
F 2092 2094 2093 cim
F 2094 2089 2090 cim
F 2089 2061 2057 cim
F 2061 2094 2092 cim
F 2094 2061 2089 cim
F 2064 2095 2063 cim
F 2095 2097 2096 cim
F 2097 2092 2093 cim
F 2092 2064 2060 cim
F 2064 2097 2095 cim
F 2097 2064 2092 cim
F 2067 2098 2066 cim
F 2098 2100 2099 cim
F 2100 2095 2096 cim
F 2095 2067 2063 cim
F 2067 2100 2098 cim
F 2100 2067 2095 cim
F 2070 2101 2069 cim
F 2101 2103 2102 cim
F 2103 2098 2099 cim
F 2098 2070 2066 cim
F 2070 2103 2101 cim
F 2103 2070 2098 cim
F 2104 2101 2102 cim
F 2105 2073 2069 cim
F 2102 2106 2104 cim
F 2069 2101 2105 cim
F 2104 2105 2101 cim
F 2107 2109 2108 cim
F 2109 2107 2110 cim
F 2111 2113 2112 cim
F 2108 2111 2107 cim
F 2111 2112 2107 cim
F 2076 2114 2075 cim
F 2114 2116 2115 cim
F 2116 2111 2108 cim
F 2076 2077 2113 cim
F 2116 2114 2076 cim
F 2076 2111 2116 cim
F 2113 2111 2076 cim
F 2082 2117 2081 cim
F 2117 2119 2118 cim
F 2119 2114 2115 cim
F 2114 2082 2075 cim
F 2082 2119 2117 cim
F 2119 2082 2114 cim
F 2085 2120 2084 cim
F 2120 2122 2121 cim
F 2122 2117 2118 cim
F 2117 2085 2081 cim
F 2085 2122 2120 cim
F 2122 2085 2117 cim
F 2088 2123 2087 cim
F 2123 2125 2124 cim
F 2125 2120 2121 cim
F 2120 2088 2084 cim
F 2088 2125 2123 cim
F 2125 2088 2120 cim
F 2091 2126 2090 cim
F 2126 2128 2127 cim
F 2128 2123 2124 cim
F 2123 2091 2087 cim
F 2091 2128 2126 cim
F 2128 2091 2123 cim
F 2094 2129 2093 cim
F 2129 2131 2130 cim
F 2131 2126 2127 cim
F 2126 2094 2090 cim
F 2094 2131 2129 cim
F 2131 2094 2126 cim
F 2097 2132 2096 cim
F 2132 2134 2133 cim
F 2134 2129 2130 cim
F 2129 2097 2093 cim
F 2097 2134 2132 cim
F 2134 2097 2129 cim
F 2100 2135 2099 cim
F 2135 2137 2136 cim
F 2137 2132 2133 cim
F 2132 2100 2096 cim
F 2100 2137 2135 cim
F 2137 2100 2132 cim
F 2103 2138 2102 cim
F 2138 2140 2139 cim
F 2140 2135 2136 cim
F 2135 2103 2099 cim
F 2103 2140 2138 cim
F 2140 2103 2135 cim
F 2141 2138 2139 cim
F 2142 2106 2102 cim
F 2139 2143 2141 cim
F 2102 2138 2142 cim
F 2141 2142 2138 cim
F 2144 2146 2145 cim
F 2109 2147 2108 cim
F 2147 2149 2148 cim
F 2149 2144 2145 cim
F 2150 2109 2110 cim
F 2150 2149 2147 cim
F 2149 2150 2144 cim
F 2147 2109 2150 cim
F 2116 2151 2115 cim
F 2151 2153 2152 cim
F 2153 2147 2148 cim
F 2147 2116 2108 cim
F 2116 2153 2151 cim
F 2153 2116 2147 cim
F 2119 2154 2118 cim
F 2154 2156 2155 cim
F 2156 2151 2152 cim
F 2151 2119 2115 cim
F 2119 2156 2154 cim
F 2156 2119 2151 cim
F 2122 2157 2121 cim
F 2157 2159 2158 cim
F 2159 2154 2155 cim
F 2154 2122 2118 cim
F 2122 2159 2157 cim
F 2159 2122 2154 cim
F 2125 2160 2124 cim
F 2160 2162 2161 cim
F 2162 2157 2158 cim
F 2157 2125 2121 cim
F 2125 2162 2160 cim
F 2162 2125 2157 cim
F 2128 2163 2127 cim
F 2163 2165 2164 cim
F 2165 2160 2161 cim
F 2160 2128 2124 cim
F 2128 2165 2163 cim
F 2165 2128 2160 cim
F 2131 2166 2130 cim
F 2166 2168 2167 cim
F 2168 2163 2164 cim
F 2163 2131 2127 cim
F 2131 2168 2166 cim
F 2168 2131 2163 cim
F 2134 2169 2133 cim
F 2169 2171 2170 cim
F 2171 2166 2167 cim
F 2166 2134 2130 cim
F 2134 2171 2169 cim
F 2171 2134 2166 cim
F 2137 2172 2136 cim
F 2172 2174 2173 cim
F 2174 2169 2170 cim
F 2169 2137 2133 cim
F 2137 2174 2172 cim
F 2174 2137 2169 cim
F 2140 2175 2139 cim
F 2175 2177 2176 cim
F 2177 2172 2173 cim
F 2172 2140 2136 cim
F 2140 2177 2175 cim
F 2177 2140 2172 cim
F 2178 2175 2176 cim
F 2179 2143 2139 cim
F 2176 2180 2178 cim
F 2139 2175 2179 cim
F 2178 2179 2175 cim
F 2146 2181 2145 cim
F 2181 2183 2182 cim
F 2183 2185 2184 cim
F 2181 2146 2186 cim
F 2186 2183 2181 cim
F 2186 2185 2183 cim
F 2149 2187 2148 cim
F 2187 2189 2188 cim
F 2189 2181 2182 cim
F 2181 2149 2145 cim
F 2149 2189 2187 cim
F 2189 2149 2181 cim
F 2153 2190 2152 cim
F 2190 2192 2191 cim
F 2192 2187 2188 cim
F 2187 2153 2148 cim
F 2153 2192 2190 cim
F 2192 2153 2187 cim
F 2156 2193 2155 cim
F 2193 2195 2194 cim
F 2195 2190 2191 cim
F 2190 2156 2152 cim
F 2156 2195 2193 cim
F 2195 2156 2190 cim
F 2159 2196 2158 cim
F 2196 2198 2197 cim
F 2198 2193 2194 cim
F 2193 2159 2155 cim
F 2159 2198 2196 cim
F 2198 2159 2193 cim
F 2162 2199 2161 cim
F 2199 2201 2200 cim
F 2201 2196 2197 cim
F 2196 2162 2158 cim
F 2162 2201 2199 cim
F 2201 2162 2196 cim
F 2165 2202 2164 cim
F 2202 2204 2203 cim
F 2204 2199 2200 cim
F 2199 2165 2161 cim
F 2165 2204 2202 cim
F 2204 2165 2199 cim
F 2168 2205 2167 cim
F 2205 2207 2206 cim
F 2207 2202 2203 cim
F 2202 2168 2164 cim
F 2168 2207 2205 cim
F 2207 2168 2202 cim
F 2171 2208 2170 cim
F 2208 2210 2209 cim
F 2210 2205 2206 cim
F 2205 2171 2167 cim
F 2171 2210 2208 cim
F 2210 2171 2205 cim
F 2174 2211 2173 cim
F 2211 2213 2212 cim
F 2213 2208 2209 cim
F 2208 2174 2170 cim
F 2174 2213 2211 cim
F 2213 2174 2208 cim
F 2177 2214 2176 cim
F 2214 2216 2215 cim
F 2216 2211 2212 cim
F 2211 2177 2173 cim
F 2177 2216 2214 cim
F 2216 2177 2211 cim
F 2217 2214 2215 cim
F 2218 2180 2176 cim
F 2215 2219 2217 cim
F 2176 2214 2218 cim
F 2217 2218 2214 cim
F 2220 2222 2221 cim
F 2222 2184 2221 cim
F 2183 2223 2182 cim
F 2223 2225 2224 cim
F 2183 2222 2226 cim
F 2222 2183 2184 cim
F 2226 2225 2223 cim
F 2223 2183 2226 cim
F 2189 2227 2188 cim
F 2227 2229 2228 cim
F 2229 2223 2224 cim
F 2223 2189 2182 cim
F 2189 2229 2227 cim
F 2229 2189 2223 cim
F 2192 2230 2191 cim
F 2230 2232 2231 cim
F 2232 2227 2228 cim
F 2227 2192 2188 cim
F 2192 2232 2230 cim
F 2232 2192 2227 cim
F 2195 2233 2194 cim
F 2233 2235 2234 cim
F 2235 2230 2231 cim
F 2230 2195 2191 cim
F 2195 2235 2233 cim
F 2235 2195 2230 cim
F 2198 2236 2197 cim
F 2236 2238 2237 cim
F 2238 2233 2234 cim
F 2233 2198 2194 cim
F 2198 2238 2236 cim
F 2238 2198 2233 cim
F 2201 2239 2200 cim
F 2239 2241 2240 cim
F 2241 2236 2237 cim
F 2236 2201 2197 cim
F 2201 2241 2239 cim
F 2241 2201 2236 cim
F 2204 2242 2203 cim
F 2242 2244 2243 cim
F 2244 2239 2240 cim
F 2239 2204 2200 cim
F 2204 2244 2242 cim
F 2244 2204 2239 cim
F 2207 2245 2206 cim
F 2245 2247 2246 cim
F 2247 2242 2243 cim
F 2242 2207 2203 cim
F 2207 2247 2245 cim
F 2247 2207 2242 cim
F 2210 2248 2209 cim
F 2248 2250 2249 cim
F 2250 2245 2246 cim
F 2245 2210 2206 cim
F 2210 2250 2248 cim
F 2250 2210 2245 cim
F 2213 2251 2212 cim
F 2251 2253 2252 cim
F 2253 2248 2249 cim
F 2248 2213 2209 cim
F 2213 2253 2251 cim
F 2253 2213 2248 cim
F 2216 2254 2215 cim
F 2254 2256 2255 cim
F 2256 2251 2252 cim
F 2251 2216 2212 cim
F 2216 2256 2254 cim
F 2256 2216 2251 cim
F 2257 2254 2255 cim
F 2258 2219 2215 cim
F 2255 2259 2257 cim
F 2215 2254 2258 cim
F 2257 2258 2254 cim
F 2260 2261 2224 cim
F 2261 2260 2262 cim
F 2224 2225 2260 cim
F 2261 2229 2224 cim
F 2229 2263 2228 cim
F 2263 2265 2264 cim
F 2265 2267 2266 cim
F 2229 2261 2262 cim
F 2267 2263 2229 cim
F 2263 2267 2265 cim
F 2262 2267 2229 cim
F 2232 2268 2231 cim
F 2268 2270 2269 cim
F 2270 2263 2264 cim
F 2263 2232 2228 cim
F 2232 2270 2268 cim
F 2270 2232 2263 cim
F 2235 2271 2234 cim
F 2271 2273 2272 cim
F 2273 2268 2269 cim
F 2268 2235 2231 cim
F 2235 2273 2271 cim
F 2273 2235 2268 cim
F 2238 2274 2237 cim
F 2274 2276 2275 cim
F 2276 2271 2272 cim
F 2271 2238 2234 cim
F 2238 2276 2274 cim
F 2276 2238 2271 cim
F 2241 2277 2240 cim
F 2277 2279 2278 cim
F 2279 2274 2275 cim
F 2274 2241 2237 cim
F 2241 2279 2277 cim
F 2279 2241 2274 cim
F 2244 2280 2243 cim
F 2280 2282 2281 cim
F 2282 2277 2278 cim
F 2277 2244 2240 cim
F 2244 2282 2280 cim
F 2282 2244 2277 cim
F 2247 2283 2246 cim
F 2283 2285 2284 cim
F 2285 2280 2281 cim
F 2280 2247 2243 cim
F 2247 2285 2283 cim
F 2285 2247 2280 cim
F 2250 2286 2249 cim
F 2286 2288 2287 cim
F 2288 2283 2284 cim
F 2283 2250 2246 cim
F 2250 2288 2286 cim
F 2288 2250 2283 cim
F 2253 2289 2252 cim
F 2289 2291 2290 cim
F 2291 2286 2287 cim
F 2286 2253 2249 cim
F 2253 2291 2289 cim
F 2291 2253 2286 cim
F 2256 2292 2255 cim
F 2292 2294 2293 cim
F 2294 2289 2290 cim
F 2289 2256 2252 cim
F 2256 2294 2292 cim
F 2294 2256 2289 cim
F 2295 2292 2293 cim
F 2296 2259 2255 cim
F 2293 2297 2295 cim
F 2255 2292 2296 cim
F 2295 2296 2292 cim
F 2265 2298 2264 cim
F 2298 2300 2299 cim
F 2301 2265 2266 cim
F 2301 2300 2298 cim
F 2298 2265 2301 cim
F 2298 2270 2264 cim
F 2270 2302 2269 cim
F 2302 2304 2303 cim
F 2304 2299 2305 cim
F 2304 2270 2298 cim
F 2270 2304 2302 cim
F 2298 2299 2304 cim
F 2273 2306 2272 cim
F 2306 2308 2307 cim
F 2308 2302 2303 cim
F 2302 2273 2269 cim
F 2273 2308 2306 cim
F 2308 2273 2302 cim
F 2276 2309 2275 cim
F 2309 2311 2310 cim
F 2311 2306 2307 cim
F 2306 2276 2272 cim
F 2276 2311 2309 cim
F 2311 2276 2306 cim
F 2279 2312 2278 cim
F 2312 2314 2313 cim
F 2314 2309 2310 cim
F 2309 2279 2275 cim
F 2279 2314 2312 cim
F 2314 2279 2309 cim
F 2282 2315 2281 cim
F 2315 2317 2316 cim
F 2317 2312 2313 cim
F 2312 2282 2278 cim
F 2282 2317 2315 cim
F 2317 2282 2312 cim
F 2285 2318 2284 cim
F 2318 2320 2319 cim
F 2320 2315 2316 cim
F 2315 2285 2281 cim
F 2285 2320 2318 cim
F 2320 2285 2315 cim
F 2288 2321 2287 cim
F 2321 2323 2322 cim
F 2323 2318 2319 cim
F 2318 2288 2284 cim
F 2288 2323 2321 cim
F 2323 2288 2318 cim
F 2291 2324 2290 cim
F 2324 2326 2325 cim
F 2326 2321 2322 cim
F 2321 2291 2287 cim
F 2291 2326 2324 cim
F 2326 2291 2321 cim
F 2294 2327 2293 cim
F 2327 2329 2328 cim
F 2329 2324 2325 cim
F 2324 2294 2290 cim
F 2294 2329 2327 cim
F 2329 2294 2324 cim
F 2330 2327 2328 cim
F 2331 2297 2293 cim
F 2330 2333 2332 cim
F 2332 2327 2330 cim
F 2293 2327 2331 cim
F 2332 2331 2327 cim
F 2304 2334 2303 cim
F 2334 2336 2335 cim
F 2334 2304 2337 cim
F 2337 2304 2305 cim
F 2338 2336 2334 cim
F 2337 2338 2334 cim
F 2308 2339 2307 cim
F 2339 2341 2340 cim
F 2341 2334 2335 cim
F 2334 2308 2303 cim
F 2308 2341 2339 cim
F 2341 2308 2334 cim
F 2311 2342 2310 cim
F 2342 2344 2343 cim
F 2344 2339 2340 cim
F 2339 2311 2307 cim
F 2311 2344 2342 cim
F 2344 2311 2339 cim
F 2314 2345 2313 cim
F 2345 2347 2346 cim
F 2347 2342 2343 cim
F 2342 2314 2310 cim
F 2314 2347 2345 cim
F 2347 2314 2342 cim
F 2317 2348 2316 cim
F 2348 2350 2349 cim
F 2350 2345 2346 cim
F 2345 2317 2313 cim
F 2317 2350 2348 cim
F 2350 2317 2345 cim
F 2320 2351 2319 cim
F 2351 2353 2352 cim
F 2353 2348 2349 cim
F 2348 2320 2316 cim
F 2320 2353 2351 cim
F 2353 2320 2348 cim
F 2323 2354 2322 cim
F 2354 2356 2355 cim
F 2356 2351 2352 cim
F 2351 2323 2319 cim
F 2323 2356 2354 cim
F 2356 2323 2351 cim
F 2326 2357 2325 cim
F 2357 2359 2358 cim
F 2359 2354 2355 cim
F 2354 2326 2322 cim
F 2326 2359 2357 cim
F 2359 2326 2354 cim
F 2329 2360 2328 cim
F 2360 2362 2361 cim
F 2362 2357 2358 cim
F 2357 2329 2325 cim
F 2329 2362 2360 cim
F 2362 2329 2357 cim
F 2363 2360 2361 cim
F 2360 2330 2328 cim
F 2330 2364 2333 cim
F 2363 2366 2365 cim
F 2365 2360 2363 cim
F 2360 2364 2330 cim
F 2365 2364 2360 cim
F 2336 2367 2335 cim
F 2367 2341 2335 cim
F 2341 2368 2340 cim
F 2368 2370 2369 cim
F 2341 2372 2371 cim
F 2372 2341 2367 cim
F 2371 2370 2368 cim
F 2368 2341 2371 cim
F 2344 2373 2343 cim
F 2373 2375 2374 cim
F 2375 2368 2369 cim
F 2368 2344 2340 cim
F 2344 2375 2373 cim
F 2375 2344 2368 cim
F 2347 2376 2346 cim
F 2376 2378 2377 cim
F 2378 2373 2374 cim
F 2373 2347 2343 cim
F 2347 2378 2376 cim
F 2378 2347 2373 cim
F 2350 2379 2349 cim
F 2379 2381 2380 cim
F 2381 2376 2377 cim
F 2376 2350 2346 cim
F 2350 2381 2379 cim
F 2381 2350 2376 cim
F 2353 2382 2352 cim
F 2382 2384 2383 cim
F 2384 2379 2380 cim
F 2379 2353 2349 cim
F 2353 2384 2382 cim
F 2384 2353 2379 cim
F 2356 2385 2355 cim
F 2385 2387 2386 cim
F 2387 2382 2383 cim
F 2382 2356 2352 cim
F 2356 2387 2385 cim
F 2387 2356 2382 cim
F 2359 2388 2358 cim
F 2388 2390 2389 cim
F 2390 2385 2386 cim
F 2385 2359 2355 cim
F 2359 2390 2388 cim
F 2390 2359 2385 cim
F 2362 2391 2361 cim
F 2391 2393 2392 cim
F 2393 2388 2389 cim
F 2388 2362 2358 cim
F 2362 2393 2391 cim
F 2393 2362 2388 cim
F 2394 2391 2392 cim
F 2391 2363 2361 cim
F 2363 2395 2366 cim
F 2394 2397 2396 cim
F 2396 2391 2394 cim
F 2391 2395 2363 cim
F 2396 2395 2391 cim
F 2369 2399 2398 cim
F 2399 2369 2370 cim
F 2398 2375 2369 cim
F 2375 2400 2374 cim
F 2400 2402 2401 cim
F 2402 2404 2403 cim
F 2404 2375 2398 cim
F 2404 2402 2400 cim
F 2400 2375 2404 cim
F 2378 2405 2377 cim
F 2405 2407 2406 cim
F 2407 2400 2401 cim
F 2400 2378 2374 cim
F 2378 2407 2405 cim
F 2407 2378 2400 cim
F 2381 2408 2380 cim
F 2408 2410 2409 cim
F 2410 2405 2406 cim
F 2405 2381 2377 cim
F 2381 2410 2408 cim
F 2410 2381 2405 cim
F 2384 2411 2383 cim
F 2411 2413 2412 cim
F 2413 2408 2409 cim
F 2408 2384 2380 cim
F 2384 2413 2411 cim
F 2413 2384 2408 cim
F 2387 2414 2386 cim
F 2414 2416 2415 cim
F 2416 2411 2412 cim
F 2411 2387 2383 cim
F 2387 2416 2414 cim
F 2416 2387 2411 cim
F 2390 2417 2389 cim
F 2417 2419 2418 cim
F 2419 2414 2415 cim
F 2414 2390 2386 cim
F 2390 2419 2417 cim
F 2419 2390 2414 cim
F 2393 2420 2392 cim
F 2420 2422 2421 cim
F 2422 2417 2418 cim
F 2417 2393 2389 cim
F 2393 2422 2420 cim
F 2422 2393 2417 cim
F 2423 2420 2421 cim
F 2420 2394 2392 cim
F 2394 2424 2397 cim
F 2423 2426 2425 cim
F 2425 2420 2423 cim
F 2420 2424 2394 cim
F 2425 2424 2420 cim
F 2402 2427 2401 cim
F 2427 2429 2428 cim
F 2429 2402 2403 cim
F 2402 2429 2427 cim
F 2430 2427 2428 cim
F 2427 2407 2401 cim
F 2407 2431 2406 cim
F 2431 2430 2432 cim
F 2430 2434 2433 cim
F 2430 2407 2427 cim
F 2407 2430 2431 cim
F 2428 2434 2430 cim
F 2410 2435 2409 cim
F 2435 2437 2436 cim
F 2437 2431 2432 cim
F 2431 2410 2406 cim
F 2410 2437 2435 cim
F 2437 2410 2431 cim
F 2413 2438 2412 cim
F 2438 2440 2439 cim
F 2440 2435 2436 cim
F 2435 2413 2409 cim
F 2413 2440 2438 cim
F 2440 2413 2435 cim
F 2416 2441 2415 cim
F 2441 2443 2442 cim
F 2443 2438 2439 cim
F 2438 2416 2412 cim
F 2416 2443 2441 cim
F 2443 2416 2438 cim
F 2419 2444 2418 cim
F 2444 2446 2445 cim
F 2446 2441 2442 cim
F 2441 2419 2415 cim
F 2419 2446 2444 cim
F 2446 2419 2441 cim
F 2422 2447 2421 cim
F 2447 2449 2448 cim
F 2449 2444 2445 cim
F 2444 2422 2418 cim
F 2422 2449 2447 cim
F 2449 2422 2444 cim
F 2450 2447 2448 cim
F 2447 2423 2421 cim
F 2423 2451 2426 cim
F 2450 2453 2452 cim
F 2452 2447 2450 cim
F 2447 2451 2423 cim
F 2452 2451 2447 cim
F 2430 2454 2432 cim
F 2454 2456 2455 cim
F 2454 2430 2457 cim
F 2457 2430 2433 cim
F 2458 2456 2454 cim
F 2457 2458 2454 cim
F 2437 2459 2436 cim
F 2459 2461 2460 cim
F 2461 2454 2455 cim
F 2454 2437 2432 cim
F 2437 2461 2459 cim
F 2461 2437 2454 cim
F 2440 2462 2439 cim
F 2462 2464 2463 cim
F 2464 2459 2460 cim
F 2459 2440 2436 cim
F 2440 2464 2462 cim
F 2464 2440 2459 cim
F 2443 2465 2442 cim
F 2465 2467 2466 cim
F 2467 2462 2463 cim
F 2462 2443 2439 cim
F 2443 2467 2465 cim
F 2467 2443 2462 cim
F 2446 2468 2445 cim
F 2468 2470 2469 cim
F 2470 2465 2466 cim
F 2465 2446 2442 cim
F 2446 2470 2468 cim
F 2470 2446 2465 cim
F 2449 2471 2448 cim
F 2471 2473 2472 cim
F 2473 2468 2469 cim
F 2468 2449 2445 cim
F 2449 2473 2471 cim
F 2473 2449 2468 cim
F 2474 2471 2472 cim
F 2471 2450 2448 cim
F 2450 2475 2453 cim
F 2474 2477 2476 cim
F 2476 2471 2474 cim
F 2471 2475 2450 cim
F 2476 2475 2471 cim
F 2456 2478 2455 cim
F 2478 2461 2455 cim
F 2461 2479 2460 cim
F 2479 2481 2480 cim
F 2461 2478 2482 cim
F 2483 2479 2461 cim
F 2479 2483 2481 cim
F 2461 2482 2483 cim
F 2464 2484 2463 cim
F 2484 2486 2485 cim
F 2486 2479 2480 cim
F 2479 2464 2460 cim
F 2464 2486 2484 cim
F 2486 2464 2479 cim
F 2467 2487 2466 cim
F 2487 2489 2488 cim
F 2489 2484 2485 cim
F 2484 2467 2463 cim
F 2467 2489 2487 cim
F 2489 2467 2484 cim
F 2470 2490 2469 cim
F 2490 2492 2491 cim
F 2492 2487 2488 cim
F 2487 2470 2466 cim
F 2470 2492 2490 cim
F 2492 2470 2487 cim
F 2473 2493 2472 cim
F 2493 2495 2494 cim
F 2495 2490 2491 cim
F 2490 2473 2469 cim
F 2473 2495 2493 cim
F 2495 2473 2490 cim
F 2496 2493 2494 cim
F 2493 2474 2472 cim
F 2474 2497 2477 cim
F 2496 2499 2498 cim
F 2498 2493 2496 cim
F 2493 2497 2474 cim
F 2498 2497 2493 cim
F 2500 2501 2480 cim
F 2501 2500 2502 cim
F 2480 2481 2500 cim
F 2501 2486 2480 cim
F 2486 2503 2485 cim
F 2503 2505 2504 cim
F 2505 2507 2506 cim
F 2486 2501 2502 cim
F 2507 2503 2486 cim
F 2503 2507 2505 cim
F 2502 2507 2486 cim
F 2489 2508 2488 cim
F 2508 2510 2509 cim
F 2510 2503 2504 cim
F 2503 2489 2485 cim
F 2489 2510 2508 cim
F 2510 2489 2503 cim
F 2492 2511 2491 cim
F 2511 2513 2512 cim
F 2513 2508 2509 cim
F 2508 2492 2488 cim
F 2492 2513 2511 cim
F 2513 2492 2508 cim
F 2495 2514 2494 cim
F 2514 2516 2515 cim
F 2516 2511 2512 cim
F 2511 2495 2491 cim
F 2495 2516 2514 cim
F 2516 2495 2511 cim
F 2517 2514 2515 cim
F 2514 2496 2494 cim
F 2496 2518 2499 cim
F 2517 2520 2519 cim
F 2519 2514 2517 cim
F 2514 2518 2496 cim
F 2519 2518 2514 cim
F 2505 2521 2504 cim
F 2521 2523 2522 cim
F 2505 2506 2524 cim
F 2524 2521 2505 cim
F 2524 2523 2521 cim
F 2521 2510 2504 cim
F 2510 2525 2509 cim
F 2525 2527 2526 cim
F 2527 2522 2528 cim
F 2527 2510 2521 cim
F 2510 2527 2525 cim
F 2521 2522 2527 cim
F 2513 2529 2512 cim
F 2529 2531 2530 cim
F 2531 2525 2526 cim
F 2525 2513 2509 cim
F 2513 2531 2529 cim
F 2531 2513 2525 cim
F 2516 2532 2515 cim
F 2532 2534 2533 cim
F 2534 2529 2530 cim
F 2529 2516 2512 cim
F 2516 2534 2532 cim
F 2534 2516 2529 cim
F 2535 2532 2533 cim
F 2532 2517 2515 cim
F 2517 2536 2520 cim
F 2535 2538 2537 cim
F 2536 2532 2535 cim
F 2532 2536 2517 cim
F 2535 2537 2536 cim
F 2527 2539 2526 cim
F 2539 2541 2540 cim
F 2527 2543 2542 cim
F 2543 2527 2528 cim
F 2542 2541 2539 cim
F 2539 2527 2542 cim
F 2531 2544 2530 cim
F 2544 2546 2545 cim
F 2546 2539 2540 cim
F 2539 2531 2526 cim
F 2531 2546 2544 cim
F 2546 2531 2539 cim
F 2534 2547 2533 cim
F 2547 2549 2548 cim
F 2549 2544 2545 cim
F 2544 2534 2530 cim
F 2534 2549 2547 cim
F 2549 2534 2544 cim
F 2550 2552 2551 cim
F 2552 2547 2548 cim
F 2547 2535 2533 cim
F 2535 2553 2538 cim
F 2535 2552 2550 cim
F 2552 2535 2547 cim
F 2550 2553 2535 cim
F 2554 2550 2551 cim
F 2550 2554 2553 cim
F 2551 2555 2554 cim
F 2541 2556 2540 cim
F 2556 2546 2540 cim
F 2546 2557 2545 cim
F 2557 2559 2558 cim
F 2559 2561 2560 cim
F 2561 2546 2556 cim
F 2561 2559 2557 cim
F 2557 2546 2561 cim
F 2549 2562 2548 cim
F 2562 2564 2563 cim
F 2564 2557 2558 cim
F 2557 2549 2545 cim
F 2549 2564 2562 cim
F 2564 2549 2557 cim
F 2552 2565 2551 cim
F 2565 2567 2566 cim
F 2567 2562 2563 cim
F 2562 2552 2548 cim
F 2552 2567 2565 cim
F 2567 2552 2562 cim
F 2568 2565 2566 cim
F 2569 2555 2551 cim
F 2566 2570 2568 cim
F 2551 2565 2569 cim
F 2568 2569 2565 cim
F 2559 2571 2558 cim
F 2571 2573 2572 cim
F 2573 2559 2560 cim
F 2559 2573 2571 cim
F 2571 2564 2558 cim
F 2564 2574 2563 cim
F 2574 2576 2575 cim
F 2576 2572 2577 cim
F 2576 2564 2571 cim
F 2564 2576 2574 cim
F 2571 2572 2576 cim
F 2567 2578 2566 cim
F 2578 2580 2579 cim
F 2580 2574 2575 cim
F 2574 2567 2563 cim
F 2567 2580 2578 cim
F 2580 2567 2574 cim
F 2581 2583 2582 cim
F 2584 2570 2566 cim
F 2585 2583 2581 cim
F 2566 2578 2584 cim
F 2581 2586 2585 cim
F 2586 2584 2578 cim
F 2586 2579 2585 cim
F 2578 2579 2586 cim
F 2587 2589 2588 cim
F 2590 2582 2583 cim
F 2589 2587 2590 cim
F 2588 2591 2587 cim
F 2583 2589 2590 cim
F 2592 2594 2593 cim
F 2595 2591 2588 cim
F 2594 2592 2595 cim
F 2593 2596 2592 cim
F 2588 2594 2595 cim
F 2597 2599 2598 cim
F 2599 2596 2593 cim
F 2599 2597 2600 cim
F 2600 2596 2599 cim
F 2576 2601 2575 cim
F 2601 2603 2602 cim
F 2601 2576 2604 cim
F 2604 2576 2577 cim
F 2605 2603 2601 cim
F 2604 2605 2601 cim
F 2580 2606 2579 cim
F 2606 2608 2607 cim
F 2608 2601 2602 cim
F 2601 2580 2575 cim
F 2580 2608 2606 cim
F 2608 2580 2601 cim
F 2585 2609 2583 cim
F 2609 2611 2610 cim
F 2611 2606 2607 cim
F 2606 2585 2579 cim
F 2585 2611 2609 cim
F 2611 2585 2606 cim
F 2589 2612 2588 cim
F 2612 2614 2613 cim
F 2614 2609 2610 cim
F 2609 2589 2583 cim
F 2589 2614 2612 cim
F 2614 2589 2609 cim
F 2594 2615 2593 cim
F 2615 2617 2616 cim
F 2617 2612 2613 cim
F 2612 2594 2588 cim
F 2594 2617 2615 cim
F 2617 2594 2612 cim
F 2618 2620 2619 cim
F 2620 2622 2621 cim
F 2622 2615 2616 cim
F 2615 2599 2593 cim
F 2599 2618 2598 cim
F 2618 2622 2620 cim
F 2618 2599 2615 cim
F 2615 2622 2618 cim
F 2623 2620 2623 cim
F 2624 2626 2625 cim
F 2627 2629 2628 cim
F 2627 2631 2630 cim
F 2627 2624 2632 cim
F 2624 2620 2621 cim
F 2623 2620 2623 cim
F 2624 2626 2626 cim
F 2627 2629 2629 cim
F 2630 2629 2627 cim
F 2628 2626 2624 cim
F 2633 2619 2620 cim
F 2623 2634 2620 cim
F 2625 2623 2624 cim
F 2624 2627 2628 cim
F 2627 2629 2629 cim
F 2619 2636 2635 cim
F 2620 2624 2623 cim
F 2626 2624 2626 cim
F 2619 2636 2636 cim
F 2634 2633 2620 cim
F 2619 2636 2636 cim
F 2633 2620 2633 cim
F 2619 2636 2636 cim
F 2633 2620 2633 cim
F 2619 2636 2636 cim
F 2633 2620 2633 cim
F 2619 2636 2636 cim
F 2633 2633 2619 cim
F 2619 2633 2636 cim
F 2633 2633 2619 cim
F 2619 2633 2633 cim
F 2637 2627 2637 cim
F 2638 2640 2639 cim
F 2641 2643 2642 cim
F 2641 2645 2644 cim
F 2645 2641 2646 cim
F 2641 2638 2647 cim
F 2638 2627 2632 cim
F 2627 2648 2631 cim
F 2637 2627 2637 cim
F 2640 2638 2640 cim
F 2641 2643 2643 cim
F 2644 2643 2641 cim
F 2648 2627 2648 cim
F 2627 2648 2648 cim
F 2627 2638 2637 cim
F 2640 2638 2640 cim
F 2638 2641 2642 cim
F 2643 2643 2641 cim
F 2649 2648 2627 cim
F 2642 2640 2638 cim
F 2637 2649 2627 cim
F 2639 2637 2638 cim
F 2641 2651 2650 cim
F 2652 2654 2653 cim
F 2655 2657 2656 cim
F 2655 2659 2658 cim
F 2655 2652 2660 cim
F 2652 2641 2647 cim
F 2641 2661 2646 cim
F 2650 2662 2641 cim
F 2653 2663 2652 cim
F 2656 2664 2655 cim
F 2658 2665 2655 cim
F 2664 2654 2652 cim
F 2661 2641 2661 cim
F 2641 2651 2651 cim
F 2652 2654 2654 cim
F 2655 2657 2657 cim
F 2665 2657 2655 cim
F 2661 2641 2661 cim
F 2662 2661 2641 cim
F 2663 2651 2652 cim
F 2652 2655 2664 cim
F 2657 2655 2657 cim
F 2651 2641 2651 cim
F 2654 2652 2654 cim
F 2641 2652 2651 cim
F 2655 2667 2666 cim
F 2668 2670 2669 cim
F 2671 2673 2672 cim
F 2671 2675 2674 cim
F 2671 2668 2676 cim
F 2668 2655 2660 cim
F 2655 2677 2659 cim
F 2666 2678 2655 cim
F 2669 2679 2668 cim
F 2672 2680 2671 cim
F 2674 2681 2671 cim
F 2680 2670 2668 cim
F 2677 2655 2677 cim
F 2655 2667 2667 cim
F 2668 2670 2670 cim
F 2671 2673 2673 cim
F 2681 2673 2671 cim
F 2677 2655 2677 cim
F 2678 2677 2655 cim
F 2679 2667 2668 cim
F 2668 2671 2680 cim
F 2673 2671 2673 cim
F 2667 2655 2667 cim
F 2670 2668 2670 cim
F 2655 2668 2667 cim
F 2671 2683 2682 cim
F 2684 2686 2685 cim
F 2686 2688 2687 cim
F 2688 2690 2689 cim
F 2690 2671 2676 cim
F 2671 2691 2675 cim
F 2682 2692 2671 cim
F 2688 2686 2686 cim
F 2686 2686 2688 cim
F 2684 2671 2690 cim
F 2671 2691 2691 cim
F 2671 2683 2683 cim
F 2690 2688 2686 cim
F 2686 2686 2688 cim
F 2691 2671 2691 cim
F 2692 2691 2671 cim
F 2686 2684 2690 cim
F 2684 2683 2671 cim
F 2603 2693 2602 cim
F 2693 2608 2602 cim
F 2608 2694 2607 cim
F 2694 2696 2695 cim
F 2697 2608 2693 cim
F 2698 2696 2694 cim
F 2698 2608 2697 cim
F 2694 2608 2698 cim
F 2611 2699 2610 cim
F 2699 2701 2700 cim
F 2701 2694 2695 cim
F 2694 2611 2607 cim
F 2611 2701 2699 cim
F 2701 2611 2694 cim
F 2614 2702 2613 cim
F 2702 2704 2703 cim
F 2704 2699 2700 cim
F 2699 2614 2610 cim
F 2614 2704 2702 cim
F 2704 2614 2699 cim
F 2617 2705 2616 cim
F 2705 2707 2706 cim
F 2707 2702 2703 cim
F 2702 2617 2613 cim
F 2617 2707 2705 cim
F 2707 2617 2702 cim
F 2622 2708 2621 cim
F 2708 2710 2709 cim
F 2710 2705 2706 cim
F 2705 2622 2616 cim
F 2622 2710 2708 cim
F 2710 2622 2705 cim
F 2624 2711 2632 cim
F 2711 2713 2712 cim
F 2713 2708 2709 cim
F 2708 2624 2621 cim
F 2624 2713 2711 cim
F 2713 2624 2708 cim
F 2638 2714 2647 cim
F 2714 2716 2715 cim
F 2716 2711 2712 cim
F 2711 2638 2632 cim
F 2638 2716 2714 cim
F 2716 2638 2711 cim
F 2652 2717 2660 cim
F 2717 2719 2718 cim
F 2719 2714 2715 cim
F 2714 2652 2647 cim
F 2652 2719 2717 cim
F 2719 2652 2714 cim
F 2668 2720 2676 cim
F 2720 2722 2721 cim
F 2722 2717 2718 cim
F 2717 2668 2660 cim
F 2668 2722 2720 cim
F 2722 2668 2717 cim
F 2723 2720 2721 cim
F 2720 2690 2676 cim
F 2690 2724 2689 cim
F 2725 2723 2726 cim
F 2724 2690 2720 cim
F 2720 2725 2724 cim
F 2720 2723 2725 cim
F 2727 2728 2695 cim
F 2695 2696 2727 cim
F 2728 2701 2695 cim
F 2701 2729 2700 cim
F 2729 2731 2730 cim
F 2731 2733 2732 cim
F 2733 2701 2728 cim
F 2733 2731 2729 cim
F 2729 2701 2733 cim
F 2704 2734 2703 cim
F 2734 2736 2735 cim
F 2736 2729 2730 cim
F 2729 2704 2700 cim
F 2704 2736 2734 cim
F 2736 2704 2729 cim
F 2707 2737 2706 cim
F 2737 2739 2738 cim
F 2739 2734 2735 cim
F 2734 2707 2703 cim
F 2707 2739 2737 cim
F 2739 2707 2734 cim
F 2710 2740 2709 cim
F 2740 2742 2741 cim
F 2742 2737 2738 cim
F 2737 2710 2706 cim
F 2710 2742 2740 cim
F 2742 2710 2737 cim
F 2713 2743 2712 cim
F 2743 2745 2744 cim
F 2745 2740 2741 cim
F 2740 2713 2709 cim
F 2713 2745 2743 cim
F 2745 2713 2740 cim
F 2716 2746 2715 cim
F 2746 2748 2747 cim
F 2748 2743 2744 cim
F 2743 2716 2712 cim
F 2716 2748 2746 cim
F 2748 2716 2743 cim
F 2719 2749 2718 cim
F 2749 2751 2750 cim
F 2751 2746 2747 cim
F 2746 2719 2715 cim
F 2719 2751 2749 cim
F 2751 2719 2746 cim
F 2722 2752 2721 cim
F 2752 2754 2753 cim
F 2754 2749 2750 cim
F 2749 2722 2718 cim
F 2722 2754 2752 cim
F 2754 2722 2749 cim
F 2755 2757 2756 cim
F 2757 2752 2753 cim
F 2752 2723 2721 cim
F 2723 2758 2726 cim
F 2758 2757 2755 cim
F 2758 2723 2752 cim
F 2752 2757 2758 cim
F 2731 2759 2730 cim
F 2759 2761 2760 cim
F 2762 2731 2732 cim
F 2762 2761 2759 cim
F 2759 2731 2762 cim
F 2759 2736 2730 cim
F 2736 2763 2735 cim
F 2763 2765 2764 cim
F 2765 2760 2766 cim
F 2765 2736 2759 cim
F 2736 2765 2763 cim
F 2759 2760 2765 cim
F 2739 2767 2738 cim
F 2767 2769 2768 cim
F 2769 2763 2764 cim
F 2763 2739 2735 cim
F 2739 2769 2767 cim
F 2769 2739 2763 cim
F 2742 2770 2741 cim
F 2770 2772 2771 cim
F 2772 2767 2768 cim
F 2767 2742 2738 cim
F 2742 2772 2770 cim
F 2772 2742 2767 cim
F 2745 2773 2744 cim
F 2773 2775 2774 cim
F 2775 2770 2771 cim
F 2770 2745 2741 cim
F 2745 2775 2773 cim
F 2775 2745 2770 cim
F 2748 2776 2747 cim
F 2776 2778 2777 cim
F 2778 2773 2774 cim
F 2773 2748 2744 cim
F 2748 2778 2776 cim
F 2778 2748 2773 cim
F 2751 2779 2750 cim
F 2779 2781 2780 cim
F 2781 2776 2777 cim
F 2776 2751 2747 cim
F 2751 2781 2779 cim
F 2781 2751 2776 cim
F 2754 2782 2753 cim
F 2782 2784 2783 cim
F 2784 2779 2780 cim
F 2779 2754 2750 cim
F 2754 2784 2782 cim
F 2784 2754 2779 cim
F 2785 2787 2786 cim
F 2787 2782 2783 cim
F 2782 2757 2753 cim
F 2757 2788 2756 cim
F 2788 2787 2785 cim
F 2788 2757 2782 cim
F 2782 2787 2788 cim
F 2789 2785 2786 cim
F 2765 2790 2764 cim
F 2790 2792 2791 cim
F 2765 2794 2793 cim
F 2794 2765 2766 cim
F 2793 2792 2790 cim
F 2790 2765 2793 cim
F 2769 2795 2768 cim
F 2795 2797 2796 cim
F 2797 2790 2791 cim
F 2790 2769 2764 cim
F 2769 2797 2795 cim
F 2797 2769 2790 cim
F 2798 2800 2799 cim
F 2800 2795 2796 cim
F 2795 2772 2768 cim
F 2772 2801 2771 cim
F 2801 2798 2802 cim
F 2772 2795 2800 cim
F 2800 2801 2772 cim
F 2800 2798 2801 cim
F 2801 2775 2771 cim
F 2775 2803 2774 cim
F 2803 2805 2804 cim
F 2806 2801 2802 cim
F 2805 2803 2775 cim
F 2775 2806 2805 cim
F 2775 2801 2806 cim
F 2807 2803 2804 cim
F 2803 2778 2774 cim
F 2778 2808 2777 cim
F 2808 2810 2809 cim
F 2810 2807 2811 cim
F 2810 2778 2803 cim
F 2778 2810 2808 cim
F 2803 2807 2810 cim
F 2781 2812 2780 cim
F 2812 2814 2813 cim
F 2814 2808 2809 cim
F 2808 2781 2777 cim
F 2781 2814 2812 cim
F 2814 2781 2808 cim
F 2784 2815 2783 cim
F 2815 2817 2816 cim
F 2817 2812 2813 cim
F 2812 2784 2780 cim
F 2784 2817 2815 cim
F 2817 2784 2812 cim
F 2787 2818 2786 cim
F 2818 2820 2819 cim
F 2820 2815 2816 cim
F 2815 2787 2783 cim
F 2787 2820 2818 cim
F 2820 2787 2815 cim
F 2821 2818 2819 cim
F 2822 2789 2786 cim
F 2819 2823 2821 cim
F 2786 2818 2822 cim
F 2821 2822 2818 cim
F 2792 2824 2791 cim
F 2797 2791 2824 cim
F 2797 2825 2796 cim
F 2825 2827 2826 cim
F 2827 2829 2828 cim
F 2824 2829 2797 cim
F 2829 2827 2825 cim
F 2825 2797 2829 cim
F 2830 2825 2826 cim
F 2825 2800 2796 cim
F 2800 2831 2799 cim
F 2831 2830 2832 cim
F 2830 2800 2825 cim
F 2800 2830 2831 cim
F 2810 2811 2833 cim
F 2810 2834 2809 cim
F 2834 2836 2835 cim
F 2833 2838 2837 cim
F 2836 2834 2810 cim
F 2810 2837 2836 cim
F 2833 2837 2810 cim
F 2834 2814 2809 cim
F 2814 2839 2813 cim
F 2839 2841 2840 cim
F 2842 2834 2835 cim
F 2841 2839 2814 cim
F 2814 2842 2841 cim
F 2814 2834 2842 cim
F 2839 2817 2813 cim
F 2817 2843 2816 cim
F 2843 2845 2844 cim
F 2846 2839 2840 cim
F 2845 2843 2817 cim
F 2817 2846 2845 cim
F 2817 2839 2846 cim
F 2843 2820 2816 cim
F 2847 2848 2819 cim
F 2843 2844 2849 cim
F 2849 2820 2843 cim
F 2819 2820 2847 cim
F 2849 2847 2820 cim
F 2850 2819 2848 cim
F 2819 2850 2823 cim
F 2851 2853 2852 asfalt
F 2853 2851 2854 asfalt
F 2855 2855 2855 asfalt
F 2851 2852 2855 asfalt
F 2855 2851 2855 asfalt
F 2856 2858 2857 asfalt
F 2858 2860 2859 asfalt
F 2861 2856 2862 asfalt
F 2861 2860 2858 asfalt
F 2858 2856 2861 asfalt
F 2863 2856 2857 asfalt
F 2856 2864 2862 asfalt
F 2864 2853 2854 asfalt
F 2853 2865 2852 asfalt
F 2863 2867 2866 asfalt
F 2864 2856 2863 asfalt
F 2865 2853 2864 asfalt
F 2864 2866 2865 asfalt
F 2864 2863 2866 asfalt
F 2868 2870 2869 asfalt
F 2871 2873 2872 asfalt
F 2874 2876 2875 asfalt
F 2874 2871 2877 asfalt
F 2872 2868 2869 asfalt
F 2871 2875 2873 asfalt
F 2875 2871 2874 asfalt
F 2869 2871 2872 asfalt
F 2858 2878 2857 asfalt
F 2878 2880 2879 asfalt
F 2880 2874 2877 asfalt
F 2874 2859 2876 asfalt
F 2874 2878 2858 asfalt
F 2878 2874 2880 asfalt
F 2858 2859 2874 asfalt
F 2881 2883 2882 asfalt
F 2883 2878 2879 asfalt
F 2878 2863 2857 asfalt
F 2863 2884 2867 asfalt
F 2863 2883 2881 asfalt
F 2883 2863 2878 asfalt
F 2881 2884 2863 asfalt
F 2885 2881 2882 asfalt
F 2881 2885 2884 asfalt
F 2882 2886 2885 asfalt
F 2887 2889 2888 asfalt
F 2870 2890 2869 asfalt
F 2890 2892 2891 asfalt
F 2892 2887 2888 asfalt
F 2890 2870 2893 asfalt
F 2894 2892 2890 asfalt
F 2892 2894 2887 asfalt
F 2890 2893 2894 asfalt
F 2871 2895 2877 asfalt
F 2895 2897 2896 asfalt
F 2897 2890 2891 asfalt
F 2890 2871 2869 asfalt
F 2871 2897 2895 asfalt
F 2897 2871 2890 asfalt
F 2880 2898 2879 asfalt
F 2898 2900 2899 asfalt
F 2900 2895 2896 asfalt
F 2895 2880 2877 asfalt
F 2880 2900 2898 asfalt
F 2900 2880 2895 asfalt
F 2883 2901 2882 asfalt
F 2901 2903 2902 asfalt
F 2903 2898 2899 asfalt
F 2898 2883 2879 asfalt
F 2883 2903 2901 asfalt
F 2903 2883 2898 asfalt
F 2904 2901 2902 asfalt
F 2905 2886 2882 asfalt
F 2902 2906 2904 asfalt
F 2882 2901 2905 asfalt
F 2904 2905 2901 asfalt
F 2907 2909 2908 asfalt
F 2909 2907 2910 asfalt
F 2889 2911 2888 asfalt
F 2911 2913 2912 asfalt
F 2913 2910 2907 asfalt
F 2914 2911 2889 asfalt
F 2914 2910 2913 asfalt
F 2913 2911 2914 asfalt
F 2892 2915 2891 asfalt
F 2915 2917 2916 asfalt
F 2917 2911 2912 asfalt
F 2911 2892 2888 asfalt
F 2892 2917 2915 asfalt
F 2917 2892 2911 asfalt
F 2897 2918 2896 asfalt
F 2918 2920 2919 asfalt
F 2920 2915 2916 asfalt
F 2915 2897 2891 asfalt
F 2897 2920 2918 asfalt
F 2920 2897 2915 asfalt
F 2900 2921 2899 asfalt
F 2921 2923 2922 asfalt
F 2923 2918 2919 asfalt
F 2918 2900 2896 asfalt
F 2900 2923 2921 asfalt
F 2923 2900 2918 asfalt
F 2903 2924 2902 asfalt
F 2924 2926 2925 asfalt
F 2926 2921 2922 asfalt
F 2921 2903 2899 asfalt
F 2903 2926 2924 asfalt
F 2926 2903 2921 asfalt
F 2927 2924 2925 asfalt
F 2928 2906 2902 asfalt
F 2925 2929 2927 asfalt
F 2902 2924 2928 asfalt
F 2927 2928 2924 asfalt
F 2930 2931 2931 asfalt
F 2931 2931 2931 asfalt
F 2930 2930 2930 asfalt
F 2932 2907 2908 asfalt
F 2932 2934 2933 asfalt
F 2930 2930 2930 asfalt
F 2931 2930 2930 asfalt
F 2935 2934 2932 asfalt
F 2932 2908 2935 asfalt
F 2930 2930 2935 asfalt
F 2908 2930 2935 asfalt
F 2936 2938 2937 asfalt
F 2938 2933 2939 asfalt
F 2932 2913 2907 asfalt
F 2913 2940 2912 asfalt
F 2941 2943 2942 asfalt
F 2936 2936 2938 asfalt
F 2938 2932 2933 asfalt
F 2944 2940 2913 asfalt
F 2942 2940 2941 asfalt
F 2945 2938 2936 asfalt
F 2913 2946 2944 asfalt
F 2940 2941 2941 asfalt
F 2932 2938 2945 asfalt
F 2940 2941 2941 asfalt
F 2945 2947 2932 asfalt
F 2940 2948 2941 asfalt
F 2947 2949 2932 asfalt
F 2940 2950 2948 asfalt
F 2949 2951 2932 asfalt
F 2940 2952 2950 asfalt
F 2913 2932 2951 asfalt
F 2940 2953 2952 asfalt
F 2951 2946 2913 asfalt
F 2940 2954 2953 asfalt
F 2955 2940 2944 asfalt
F 2940 2956 2954 asfalt
F 2957 2940 2955 asfalt
F 2940 2958 2956 asfalt
F 2958 2940 2957 asfalt
F 2917 2959 2916 asfalt
F 2959 2961 2960 asfalt
F 2961 2940 2942 asfalt
F 2940 2917 2912 asfalt
F 2917 2961 2959 asfalt
F 2961 2917 2940 asfalt
F 2920 2962 2919 asfalt
F 2962 2964 2963 asfalt
F 2964 2959 2960 asfalt
F 2959 2920 2916 asfalt
F 2920 2964 2962 asfalt
F 2964 2920 2959 asfalt
F 2923 2965 2922 asfalt
F 2965 2967 2966 asfalt
F 2967 2962 2963 asfalt
F 2962 2923 2919 asfalt
F 2923 2967 2965 asfalt
F 2967 2923 2962 asfalt
F 2926 2968 2925 asfalt
F 2968 2970 2969 asfalt
F 2970 2965 2966 asfalt
F 2965 2926 2922 asfalt
F 2926 2970 2968 asfalt
F 2970 2926 2965 asfalt
F 2971 2968 2969 asfalt
F 2972 2929 2925 asfalt
F 2969 2973 2971 asfalt
F 2925 2968 2972 asfalt
F 2971 2972 2968 asfalt
F 2943 2974 2942 asfalt
F 2975 2976 2975 asfalt
F 2976 2975 2975 asfalt
F 2976 2975 2976 asfalt
F 2975 2938 2939 asfalt
F 2938 2976 2937 asfalt
F 2976 2975 2976 asfalt
F 2976 2938 2975 asfalt
F 2975 2976 2975 asfalt
F 2974 2961 2942 asfalt
F 2961 2977 2960 asfalt
F 2977 2979 2978 asfalt
F 2961 2974 2980 asfalt
F 2980 2977 2961 asfalt
F 2977 2981 2979 asfalt
F 2980 2981 2977 asfalt
F 2964 2982 2963 asfalt
F 2982 2984 2983 asfalt
F 2984 2977 2978 asfalt
F 2977 2964 2960 asfalt
F 2964 2984 2982 asfalt
F 2984 2964 2977 asfalt
F 2967 2985 2966 asfalt
F 2985 2987 2986 asfalt
F 2987 2982 2983 asfalt
F 2982 2967 2963 asfalt
F 2967 2987 2985 asfalt
F 2987 2967 2982 asfalt
F 2970 2988 2969 asfalt
F 2988 2990 2989 asfalt
F 2990 2985 2986 asfalt
F 2985 2970 2966 asfalt
F 2970 2990 2988 asfalt
F 2990 2970 2985 asfalt
F 2991 2988 2989 asfalt
F 2992 2973 2969 asfalt
F 2988 2991 2992 asfalt
F 2989 2993 2991 asfalt
F 2969 2988 2992 asfalt
F 2979 2994 2978 asfalt
F 2984 2978 2994 asfalt
F 2984 2995 2983 asfalt
F 2995 2997 2996 asfalt
F 2997 2999 2998 asfalt
F 2994 3000 2984 asfalt
F 3001 2995 2984 asfalt
F 2995 2999 2997 asfalt
F 2984 3000 3002 asfalt
F 2995 3001 2999 asfalt
F 2984 3002 3003 asfalt
F 2984 3004 3001 asfalt
F 2984 3003 3005 asfalt
F 2984 3006 3004 asfalt
F 2984 3005 3007 asfalt
F 2984 3008 3006 asfalt
F 2984 3007 3008 asfalt
F 2987 3009 2986 asfalt
F 3009 3011 3010 asfalt
F 3011 2995 2996 asfalt
F 2995 2987 2983 asfalt
F 2987 3011 3009 asfalt
F 3011 2987 2995 asfalt
F 2990 3012 2989 asfalt
F 3012 3014 3013 asfalt
F 3014 3009 3010 asfalt
F 3009 2990 2986 asfalt
F 2990 3014 3012 asfalt
F 3014 2990 3009 asfalt
F 3015 3012 3013 asfalt
F 3016 2993 2989 asfalt
F 3013 3017 3015 asfalt
F 2989 3012 3016 asfalt
F 3015 3016 3012 asfalt
F 2997 3018 2996 asfalt
F 3018 3020 3019 asfalt
F 3020 3022 3021 asfalt
F 2997 2998 3023 asfalt
F 3023 3018 2997 asfalt
F 3018 3022 3020 asfalt
F 3023 3022 3018 asfalt
F 3011 3024 3010 asfalt
F 3024 3026 3025 asfalt
F 3026 3018 3019 asfalt
F 3018 3011 2996 asfalt
F 3011 3026 3024 asfalt
F 3026 3011 3018 asfalt
F 3014 3027 3013 asfalt
F 3027 3029 3028 asfalt
F 3029 3024 3025 asfalt
F 3024 3014 3010 asfalt
F 3014 3029 3027 asfalt
F 3029 3014 3024 asfalt
F 3030 3027 3028 asfalt
F 3031 3017 3013 asfalt
F 3028 3032 3030 asfalt
F 3013 3027 3031 asfalt
F 3030 3031 3027 asfalt
F 3020 3033 3019 asfalt
F 3033 3035 3034 asfalt
F 3035 3037 3036 asfalt
F 3020 3021 3038 asfalt
F 3038 3033 3020 asfalt
F 3033 3037 3035 asfalt
F 3038 3037 3033 asfalt
F 3026 3039 3025 asfalt
F 3039 3041 3040 asfalt
F 3041 3033 3034 asfalt
F 3033 3026 3019 asfalt
F 3026 3041 3039 asfalt
F 3041 3026 3033 asfalt
F 3029 3042 3028 asfalt
F 3042 3044 3043 asfalt
F 3044 3039 3040 asfalt
F 3039 3029 3025 asfalt
F 3029 3044 3042 asfalt
F 3044 3029 3039 asfalt
F 3043 3046 3045 asfalt
F 3045 3042 3043 asfalt
F 3047 3032 3028 asfalt
F 3045 3047 3042 asfalt
F 3028 3042 3047 asfalt
F 3035 3048 3034 asfalt
F 3049 3051 3050 asfalt
F 3035 3036 3052 asfalt
F 3052 3048 3035 asfalt
F 3050 3048 3049 asfalt
F 3052 3049 3048 asfalt
F 3041 3053 3040 asfalt
F 3053 3055 3054 asfalt
F 3055 3048 3050 asfalt
F 3048 3041 3034 asfalt
F 3041 3055 3053 asfalt
F 3055 3041 3048 asfalt
F 3044 3056 3043 asfalt
F 3056 3058 3057 asfalt
F 3058 3053 3054 asfalt
F 3053 3044 3040 asfalt
F 3044 3058 3056 asfalt
F 3058 3044 3053 asfalt
F 3059 3056 3057 asfalt
F 3060 3046 3043 asfalt
F 3056 3059 3061 asfalt
F 3061 3059 3062 asfalt
F 3043 3056 3060 asfalt
F 3061 3060 3056 asfalt
F 3063 3064 3050 asfalt
F 3065 3067 3066 asfalt
F 3050 3051 3063 asfalt
F 3066 3064 3065 asfalt
F 3063 3065 3064 asfalt
F 3055 3068 3054 asfalt
F 3068 3070 3069 asfalt
F 3070 3064 3066 asfalt
F 3064 3055 3050 asfalt
F 3055 3070 3068 asfalt
F 3070 3055 3064 asfalt
F 3058 3071 3057 asfalt
F 3071 3073 3072 asfalt
F 3073 3068 3069 asfalt
F 3068 3058 3054 asfalt
F 3058 3073 3071 asfalt
F 3073 3058 3068 asfalt
F 3074 3071 3072 asfalt
F 3071 3059 3057 asfalt
F 3059 3075 3062 asfalt
F 3074 3077 3076 asfalt
F 3076 3071 3074 asfalt
F 3071 3075 3059 asfalt
F 3076 3075 3071 asfalt
F 3078 3080 3079 asfalt
F 3081 3066 3067 asfalt
F 3082 3084 3083 asfalt
F 3085 3080 3078 asfalt
F 3086 3066 3081 asfalt
F 3083 3086 3082 asfalt
F 3087 3080 3085 asfalt
F 3088 3082 3086 asfalt
F 3081 3080 3087 asfalt
F 3089 3088 3086 asfalt
F 3081 3087 3090 asfalt
F 3091 3089 3086 asfalt
F 3081 3090 3092 asfalt
F 3093 3091 3086 asfalt
F 3081 3092 3094 asfalt
F 3093 3086 3093 asfalt
F 3081 3094 3095 asfalt
F 3096 3093 3086 asfalt
F 3081 3095 3097 asfalt
F 3098 3096 3086 asfalt
F 3086 3081 3097 asfalt
F 3099 3098 3086 asfalt
F 3097 3099 3086 asfalt
F 3070 3100 3069 asfalt
F 3100 3102 3101 asfalt
F 3102 3086 3083 asfalt
F 3086 3070 3066 asfalt
F 3070 3102 3100 asfalt
F 3102 3070 3086 asfalt
F 3073 3103 3072 asfalt
F 3103 3105 3104 asfalt
F 3105 3100 3101 asfalt
F 3100 3073 3069 asfalt
F 3073 3105 3103 asfalt
F 3105 3073 3100 asfalt
F 3106 3103 3104 asfalt
F 3103 3074 3072 asfalt
F 3074 3107 3077 asfalt
F 3106 3109 3108 asfalt
F 3108 3103 3106 asfalt
F 3103 3107 3074 asfalt
F 3108 3107 3103 asfalt
F 3110 3110 3110 asfalt
F 3110 3110 3110 asfalt
F 3111 3083 3084 asfalt
F 3112 3114 3113 asfalt
F 3110 3110 3110 asfalt
F 3110 3110 3115 asfalt
F 3116 3083 3111 asfalt
F 3113 3117 3112 asfalt
F 3118 3110 3115 asfalt
F 3119 3083 3116 asfalt
F 3120 3110 3118 asfalt
F 3121 3083 3119 asfalt
F 3110 3112 3120 asfalt
F 3122 3083 3121 asfalt
F 3123 3120 3112 asfalt
F 3124 3083 3122 asfalt
F 3125 3123 3112 asfalt
F 3126 3083 3124 asfalt
F 3127 3125 3112 asfalt
F 3128 3083 3126 asfalt
F 3112 3117 3127 asfalt
F 3129 3083 3128 asfalt
F 3130 3127 3117 asfalt
F 3117 3083 3129 asfalt
F 3129 3130 3117 asfalt
F 3102 3131 3101 asfalt
F 3131 3133 3132 asfalt
F 3133 3117 3113 asfalt
F 3117 3102 3083 asfalt
F 3102 3133 3131 asfalt
F 3133 3102 3117 asfalt
F 3105 3134 3104 asfalt
F 3134 3136 3135 asfalt
F 3136 3131 3132 asfalt
F 3131 3105 3101 asfalt
F 3105 3136 3134 asfalt
F 3136 3105 3131 asfalt
F 3137 3139 3138 asfalt
F 3139 3134 3135 asfalt
F 3134 3106 3104 asfalt
F 3106 3140 3109 asfalt
F 3134 3139 3137 asfalt
F 3137 3106 3134 asfalt
F 3137 3140 3106 asfalt
F 3141 3142 3113 asfalt
F 3143 3145 3144 asfalt
F 3142 3141 3143 asfalt
F 3113 3114 3141 asfalt
F 3144 3142 3143 asfalt
F 3133 3146 3132 asfalt
F 3146 3148 3147 asfalt
F 3148 3142 3144 asfalt
F 3142 3133 3113 asfalt
F 3133 3148 3146 asfalt
F 3148 3133 3142 asfalt
F 3136 3149 3135 asfalt
F 3149 3151 3150 asfalt
F 3151 3146 3147 asfalt
F 3146 3136 3132 asfalt
F 3136 3151 3149 asfalt
F 3151 3136 3146 asfalt
F 3152 3149 3150 asfalt
F 3149 3139 3135 asfalt
F 3139 3153 3138 asfalt
F 3154 3152 3155 asfalt
F 3153 3139 3149 asfalt
F 3149 3154 3153 asfalt
F 3149 3152 3154 asfalt
F 3156 3157 3144 asfalt
F 3158 3160 3159 asfalt
F 3157 3156 3158 asfalt
F 3144 3145 3156 asfalt
F 3159 3157 3158 asfalt
F 3148 3161 3147 asfalt
F 3161 3163 3162 asfalt
F 3163 3157 3159 asfalt
F 3157 3148 3144 asfalt
F 3148 3163 3161 asfalt
F 3163 3148 3157 asfalt
F 3151 3164 3150 asfalt
F 3164 3166 3165 asfalt
F 3166 3161 3162 asfalt
F 3161 3151 3147 asfalt
F 3151 3166 3164 asfalt
F 3166 3151 3161 asfalt
F 3167 3164 3165 asfalt
F 3164 3152 3150 asfalt
F 3152 3168 3155 asfalt
F 3169 3167 3170 asfalt
F 3168 3152 3164 asfalt
F 3164 3169 3168 asfalt
F 3164 3167 3169 asfalt
F 3171 3172 3159 asfalt
F 3173 3175 3174 asfalt
F 3172 3171 3173 asfalt
F 3159 3160 3171 asfalt
F 3174 3172 3173 asfalt
F 3163 3176 3162 asfalt
F 3176 3178 3177 asfalt
F 3178 3172 3174 asfalt
F 3172 3163 3159 asfalt
F 3163 3178 3176 asfalt
F 3178 3163 3172 asfalt
F 3166 3179 3165 asfalt
F 3179 3181 3180 asfalt
F 3181 3176 3177 asfalt
F 3176 3166 3162 asfalt
F 3166 3181 3179 asfalt
F 3181 3166 3176 asfalt
F 3182 3179 3180 asfalt
F 3179 3167 3165 asfalt
F 3167 3183 3170 asfalt
F 3184 3182 3185 asfalt
F 3183 3167 3179 asfalt
F 3179 3184 3183 asfalt
F 3179 3182 3184 asfalt
F 3186 3187 3174 asfalt
F 3188 3190 3189 asfalt
F 3187 3186 3188 asfalt
F 3174 3175 3186 asfalt
F 3189 3187 3188 asfalt
F 3178 3191 3177 asfalt
F 3191 3193 3192 asfalt
F 3193 3187 3189 asfalt
F 3187 3178 3174 asfalt
F 3178 3193 3191 asfalt
F 3193 3178 3187 asfalt
F 3181 3194 3180 asfalt
F 3194 3196 3195 asfalt
F 3196 3191 3192 asfalt
F 3191 3181 3177 asfalt
F 3181 3196 3194 asfalt
F 3196 3181 3191 asfalt
F 3197 3194 3195 asfalt
F 3194 3182 3180 asfalt
F 3182 3198 3185 asfalt
F 3199 3197 3200 asfalt
F 3198 3182 3194 asfalt
F 3197 3199 3198 asfalt
F 3198 3194 3197 asfalt
F 3201 3202 3189 asfalt
F 3202 3201 3203 asfalt
F 3189 3190 3201 asfalt
F 3202 3193 3189 asfalt
F 3193 3204 3192 asfalt
F 3204 3206 3205 asfalt
F 3206 3203 3207 asfalt
F 3206 3193 3202 asfalt
F 3193 3206 3204 asfalt
F 3202 3203 3206 asfalt
F 3196 3208 3195 asfalt
F 3208 3210 3209 asfalt
F 3210 3204 3205 asfalt
F 3204 3196 3192 asfalt
F 3196 3210 3208 asfalt
F 3210 3196 3204 asfalt
F 3211 3213 3212 asfalt
F 3213 3208 3209 asfalt
F 3208 3197 3195 asfalt
F 3197 3214 3200 asfalt
F 3214 3213 3211 asfalt
F 3213 3197 3208 asfalt
F 3197 3213 3214 asfalt
F 3215 3211 3212 asfalt
F 3206 3216 3205 asfalt
F 3216 3218 3217 asfalt
F 3218 3220 3219 asfalt
F 3221 3206 3207 asfalt
F 3220 3218 3216 asfalt
F 3206 3221 3220 asfalt
F 3220 3216 3206 asfalt
F 3210 3222 3209 asfalt
F 3222 3224 3223 asfalt
F 3224 3216 3217 asfalt
F 3216 3210 3205 asfalt
F 3210 3224 3222 asfalt
F 3224 3210 3216 asfalt
F 3213 3225 3212 asfalt
F 3225 3227 3226 asfalt
F 3227 3222 3223 asfalt
F 3222 3213 3209 asfalt
F 3213 3227 3225 asfalt
F 3227 3213 3222 asfalt
F 3228 3225 3226 asfalt
F 3229 3215 3212 asfalt
F 3225 3228 3229 asfalt
F 3226 3230 3228 asfalt
F 3212 3225 3229 asfalt
F 3218 3231 3217 asfalt
F 3231 3233 3232 asfalt
F 3233 3235 3234 asfalt
F 3236 3218 3219 asfalt
F 3235 3233 3231 asfalt
F 3231 3236 3235 asfalt
F 3231 3218 3236 asfalt
F 3224 3237 3223 asfalt
F 3237 3239 3238 asfalt
F 3239 3231 3232 asfalt
F 3231 3224 3217 asfalt
F 3224 3239 3237 asfalt
F 3239 3224 3231 asfalt
F 3227 3240 3226 asfalt
F 3240 3242 3241 asfalt
F 3242 3237 3238 asfalt
F 3237 3227 3223 asfalt
F 3227 3242 3240 asfalt
F 3242 3227 3237 asfalt
F 3243 3240 3241 asfalt
F 3244 3230 3226 asfalt
F 3240 3243 3244 asfalt
F 3241 3245 3243 asfalt
F 3226 3240 3244 asfalt
F 3233 3246 3232 asfalt
F 3246 3248 3247 asfalt
F 3248 3250 3249 asfalt
F 3251 3233 3234 asfalt
F 3250 3248 3246 asfalt
F 3246 3251 3250 asfalt
F 3246 3233 3251 asfalt
F 3239 3252 3238 asfalt
F 3252 3254 3253 asfalt
F 3254 3246 3247 asfalt
F 3246 3239 3232 asfalt
F 3239 3254 3252 asfalt
F 3254 3239 3246 asfalt
F 3242 3255 3241 asfalt
F 3255 3257 3256 asfalt
F 3257 3252 3253 asfalt
F 3252 3242 3238 asfalt
F 3242 3257 3255 asfalt
F 3257 3242 3252 asfalt
F 3258 3255 3256 asfalt
F 3259 3245 3241 asfalt
F 3255 3258 3259 asfalt
F 3256 3260 3258 asfalt
F 3241 3255 3259 asfalt
F 3248 3261 3247 asfalt
F 3261 3263 3262 asfalt
F 3263 3265 3264 asfalt
F 3266 3248 3249 asfalt
F 3265 3263 3261 asfalt
F 3261 3266 3265 asfalt
F 3261 3248 3266 asfalt
F 3254 3267 3253 asfalt
F 3267 3269 3268 asfalt
F 3269 3261 3262 asfalt
F 3261 3254 3247 asfalt
F 3254 3269 3267 asfalt
F 3269 3254 3261 asfalt
F 3257 3270 3256 asfalt
F 3270 3272 3271 asfalt
F 3272 3267 3268 asfalt
F 3267 3257 3253 asfalt
F 3257 3272 3270 asfalt
F 3272 3257 3267 asfalt
F 3273 3270 3271 asfalt
F 3274 3260 3256 asfalt
F 3270 3273 3274 asfalt
F 3271 3275 3273 asfalt
F 3256 3270 3274 asfalt
F 3263 3276 3262 asfalt
F 3276 3278 3277 asfalt
F 3278 3280 3279 asfalt
F 3281 3263 3264 asfalt
F 3280 3278 3276 asfalt
F 3276 3281 3280 asfalt
F 3276 3263 3281 asfalt
F 3269 3282 3268 asfalt
F 3282 3284 3283 asfalt
F 3284 3276 3277 asfalt
F 3276 3269 3262 asfalt
F 3269 3284 3282 asfalt
F 3284 3269 3276 asfalt
F 3272 3285 3271 asfalt
F 3285 3287 3286 asfalt
F 3287 3282 3283 asfalt
F 3282 3272 3268 asfalt
F 3272 3287 3285 asfalt
F 3287 3272 3282 asfalt
F 3288 3285 3286 asfalt
F 3289 3275 3271 asfalt
F 3285 3288 3289 asfalt
F 3286 3290 3288 asfalt
F 3271 3285 3289 asfalt
F 3278 3291 3277 asfalt
F 3291 3293 3292 asfalt
F 3293 3295 3294 asfalt
F 3296 3278 3279 asfalt
F 3295 3293 3291 asfalt
F 3291 3296 3295 asfalt
F 3291 3278 3296 asfalt
F 3284 3297 3283 asfalt
F 3297 3299 3298 asfalt
F 3299 3291 3292 asfalt
F 3291 3284 3277 asfalt
F 3284 3299 3297 asfalt
F 3299 3284 3291 asfalt
F 3287 3300 3286 asfalt
F 3300 3302 3301 asfalt
F 3302 3297 3298 asfalt
F 3297 3287 3283 asfalt
F 3287 3302 3300 asfalt
F 3302 3287 3297 asfalt
F 3303 3300 3301 asfalt
F 3304 3290 3286 asfalt
F 3300 3303 3304 asfalt
F 3301 3305 3303 asfalt
F 3286 3300 3304 asfalt
F 3293 3306 3292 asfalt
F 3306 3308 3307 asfalt
F 3308 3310 3309 asfalt
F 3293 3294 3311 asfalt
F 3311 3306 3293 asfalt
F 3306 3310 3308 asfalt
F 3311 3310 3306 asfalt
F 3299 3312 3298 asfalt
F 3312 3314 3313 asfalt
F 3314 3306 3307 asfalt
F 3306 3299 3292 asfalt
F 3299 3314 3312 asfalt
F 3314 3299 3306 asfalt
F 3302 3315 3301 asfalt
F 3315 3317 3316 asfalt
F 3317 3312 3313 asfalt
F 3312 3302 3298 asfalt
F 3302 3317 3315 asfalt
F 3317 3302 3312 asfalt
F 3318 3315 3316 asfalt
F 3319 3305 3301 asfalt
F 3315 3318 3319 asfalt
F 3316 3320 3318 asfalt
F 3301 3315 3319 asfalt
F 3308 3321 3307 asfalt
F 3321 3323 3322 asfalt
F 3323 3325 3324 asfalt
F 3326 3308 3309 asfalt
F 3325 3323 3321 asfalt
F 3321 3326 3325 asfalt
F 3321 3308 3326 asfalt
F 3314 3327 3313 asfalt
F 3327 3329 3328 asfalt
F 3329 3321 3322 asfalt
F 3321 3314 3307 asfalt
F 3314 3329 3327 asfalt
F 3329 3314 3321 asfalt
F 3317 3330 3316 asfalt
F 3330 3332 3331 asfalt
F 3332 3327 3328 asfalt
F 3327 3317 3313 asfalt
F 3317 3332 3330 asfalt
F 3332 3317 3327 asfalt
F 3333 3330 3331 asfalt
F 3334 3320 3316 asfalt
F 3330 3333 3335 asfalt
F 3335 3333 3336 asfalt
F 3316 3330 3334 asfalt
F 3335 3334 3330 asfalt
F 3323 3337 3322 asfalt
F 3338 3340 3339 asfalt
F 3337 3323 3341 asfalt
F 3341 3323 3324 asfalt
F 3339 3337 3338 asfalt
F 3341 3338 3337 asfalt
F 3329 3342 3328 asfalt
F 3342 3344 3343 asfalt
F 3344 3337 3339 asfalt
F 3337 3329 3322 asfalt
F 3329 3344 3342 asfalt
F 3344 3329 3337 asfalt
F 3332 3345 3331 asfalt
F 3345 3347 3346 asfalt
F 3347 3342 3343 asfalt
F 3342 3332 3328 asfalt
F 3332 3347 3345 asfalt
F 3347 3332 3342 asfalt
F 3348 3345 3346 asfalt
F 3345 3333 3331 asfalt
F 3333 3349 3336 asfalt
F 3350 3348 3351 asfalt
F 3349 3333 3345 asfalt
F 3345 3350 3349 asfalt
F 3345 3348 3350 asfalt
F 3352 3353 3339 asfalt
F 3354 3356 3355 asfalt
F 3353 3352 3354 asfalt
F 3339 3340 3352 asfalt
F 3355 3353 3354 asfalt
F 3344 3357 3343 asfalt
F 3357 3359 3358 asfalt
F 3359 3353 3355 asfalt
F 3353 3344 3339 asfalt
F 3344 3359 3357 asfalt
F 3359 3344 3353 asfalt
F 3347 3360 3346 asfalt
F 3360 3362 3361 asfalt
F 3362 3357 3358 asfalt
F 3357 3347 3343 asfalt
F 3347 3362 3360 asfalt
F 3362 3347 3357 asfalt
F 3363 3360 3361 asfalt
F 3360 3348 3346 asfalt
F 3348 3364 3351 asfalt
F 3365 3363 3366 asfalt
F 3364 3348 3360 asfalt
F 3360 3365 3364 asfalt
F 3360 3363 3365 asfalt
F 3367 3368 3355 asfalt
F 3369 3371 3370 asfalt
F 3368 3367 3369 asfalt
F 3355 3356 3367 asfalt
F 3370 3368 3369 asfalt
F 3359 3372 3358 asfalt
F 3372 3374 3373 asfalt
F 3374 3368 3370 asfalt
F 3368 3359 3355 asfalt
F 3359 3374 3372 asfalt
F 3374 3359 3368 asfalt
F 3362 3375 3361 asfalt
F 3375 3377 3376 asfalt
F 3377 3372 3373 asfalt
F 3372 3362 3358 asfalt
F 3362 3377 3375 asfalt
F 3377 3362 3372 asfalt
F 3378 3375 3376 asfalt
F 3375 3363 3361 asfalt
F 3363 3379 3366 asfalt
F 3380 3378 3381 asfalt
F 3379 3363 3375 asfalt
F 3375 3380 3379 asfalt
F 3375 3378 3380 asfalt
F 3382 3383 3370 asfalt
F 3384 3386 3385 asfalt
F 3383 3382 3384 asfalt
F 3370 3371 3382 asfalt
F 3385 3383 3384 asfalt
F 3374 3387 3373 asfalt
F 3387 3389 3388 asfalt
F 3389 3383 3385 asfalt
F 3383 3374 3370 asfalt
F 3374 3389 3387 asfalt
F 3389 3374 3383 asfalt
F 3377 3390 3376 asfalt
F 3390 3392 3391 asfalt
F 3392 3387 3388 asfalt
F 3387 3377 3373 asfalt
F 3377 3392 3390 asfalt
F 3392 3377 3387 asfalt
F 3393 3390 3391 asfalt
F 3390 3378 3376 asfalt
F 3378 3394 3381 asfalt
F 3395 3393 3396 asfalt
F 3394 3378 3390 asfalt
F 3390 3395 3394 asfalt
F 3390 3393 3395 asfalt
F 3397 3385 3386 asfalt
F 3398 3400 3399 asfalt
F 3401 3397 3398 asfalt
F 3397 3401 3385 asfalt
F 3399 3401 3398 asfalt
F 3389 3402 3388 asfalt
F 3402 3404 3403 asfalt
F 3404 3401 3399 asfalt
F 3401 3389 3385 asfalt
F 3389 3404 3402 asfalt
F 3404 3389 3401 asfalt
F 3392 3405 3391 asfalt
F 3405 3407 3406 asfalt
F 3407 3402 3403 asfalt
F 3402 3392 3388 asfalt
F 3392 3407 3405 asfalt
F 3407 3392 3402 asfalt
F 3408 3405 3406 asfalt
F 3405 3393 3391 asfalt
F 3393 3409 3396 asfalt
F 3410 3408 3411 asfalt
F 3409 3393 3405 asfalt
F 3405 3410 3409 asfalt
F 3405 3408 3410 asfalt
F 3412 3413 3399 asfalt
F 3414 3416 3415 asfalt
F 3413 3412 3414 asfalt
F 3399 3400 3412 asfalt
F 3415 3413 3414 asfalt
F 3404 3417 3403 asfalt
F 3417 3419 3418 asfalt
F 3419 3413 3415 asfalt
F 3413 3404 3399 asfalt
F 3404 3419 3417 asfalt
F 3419 3404 3413 asfalt
F 3407 3420 3406 asfalt
F 3420 3422 3421 asfalt
F 3422 3417 3418 asfalt
F 3417 3407 3403 asfalt
F 3407 3422 3420 asfalt
F 3422 3407 3417 asfalt
F 3423 3420 3421 asfalt
F 3420 3408 3406 asfalt
F 3408 3424 3411 asfalt
F 3425 3423 3426 asfalt
F 3424 3408 3420 asfalt
F 3420 3425 3424 asfalt
F 3420 3423 3425 asfalt
F 3427 3428 3415 asfalt
F 3429 3431 3430 asfalt
F 3415 3416 3427 asfalt
F 3430 3428 3429 asfalt
F 3427 3429 3428 asfalt
F 3419 3432 3418 asfalt
F 3432 3434 3433 asfalt
F 3434 3428 3430 asfalt
F 3428 3419 3415 asfalt
F 3419 3434 3432 asfalt
F 3434 3419 3428 asfalt
F 3422 3435 3421 asfalt
F 3435 3437 3436 asfalt
F 3437 3432 3433 asfalt
F 3432 3422 3418 asfalt
F 3422 3437 3435 asfalt
F 3437 3422 3432 asfalt
F 3438 3435 3436 asfalt
F 3435 3423 3421 asfalt
F 3423 3439 3426 asfalt
F 3440 3438 3441 asfalt
F 3439 3423 3435 asfalt
F 3435 3440 3439 asfalt
F 3435 3438 3440 asfalt
F 3442 3443 3430 asfalt
F 3444 3446 3445 asfalt
F 3443 3442 3444 asfalt
F 3430 3431 3442 asfalt
F 3445 3443 3444 asfalt
F 3434 3447 3433 asfalt
F 3447 3449 3448 asfalt
F 3449 3443 3445 asfalt
F 3443 3434 3430 asfalt
F 3434 3449 3447 asfalt
F 3449 3434 3443 asfalt
F 3437 3450 3436 asfalt
F 3450 3452 3451 asfalt
F 3452 3447 3448 asfalt
F 3447 3437 3433 asfalt
F 3437 3452 3450 asfalt
F 3452 3437 3447 asfalt
F 3453 3450 3451 asfalt
F 3450 3438 3436 asfalt
F 3438 3454 3441 asfalt
F 3455 3453 3456 asfalt
F 3454 3438 3450 asfalt
F 3453 3455 3454 asfalt
F 3454 3450 3453 asfalt
F 3446 3457 3445 asfalt
F 3457 3449 3445 asfalt
F 3449 3458 3448 asfalt
F 3458 3460 3459 asfalt
F 3460 3462 3461 asfalt
F 3462 3449 3457 asfalt
F 3462 3460 3458 asfalt
F 3458 3449 3462 asfalt
F 3452 3463 3451 asfalt
F 3463 3465 3464 asfalt
F 3465 3458 3459 asfalt
F 3458 3452 3448 asfalt
F 3452 3465 3463 asfalt
F 3465 3452 3458 asfalt
F 3466 3468 3467 asfalt
F 3468 3463 3464 asfalt
F 3463 3453 3451 asfalt
F 3453 3469 3456 asfalt
F 3453 3468 3466 asfalt
F 3468 3453 3463 asfalt
F 3466 3469 3453 asfalt
F 3470 3467 3471 asfalt
F 3466 3470 3469 asfalt
F 3470 3466 3467 asfalt
F 3460 3472 3459 asfalt
F 3472 3474 3473 asfalt
F 3474 3476 3475 asfalt
F 3477 3460 3461 asfalt
F 3476 3474 3472 asfalt
F 3460 3477 3476 asfalt
F 3476 3472 3460 asfalt
F 3465 3478 3464 asfalt
F 3478 3480 3479 asfalt
F 3480 3472 3473 asfalt
F 3472 3465 3459 asfalt
F 3465 3480 3478 asfalt
F 3480 3465 3472 asfalt
F 3468 3481 3467 asfalt
F 3481 3483 3482 asfalt
F 3483 3478 3479 asfalt
F 3478 3468 3464 asfalt
F 3468 3483 3481 asfalt
F 3483 3468 3478 asfalt
F 3484 3481 3482 asfalt
F 3485 3471 3467 asfalt
F 3481 3484 3485 asfalt
F 3482 3486 3484 asfalt
F 3467 3481 3485 asfalt
F 3474 3487 3473 asfalt
F 3487 3489 3488 asfalt
F 3489 3491 3490 asfalt
F 3474 3475 3492 asfalt
F 3492 3487 3474 asfalt
F 3487 3491 3489 asfalt
F 3492 3491 3487 asfalt
F 3480 3493 3479 asfalt
F 3493 3495 3494 asfalt
F 3495 3487 3488 asfalt
F 3487 3480 3473 asfalt
F 3480 3495 3493 asfalt
F 3495 3480 3487 asfalt
F 3483 3496 3482 asfalt
F 3496 3498 3497 asfalt
F 3498 3493 3494 asfalt
F 3493 3483 3479 asfalt
F 3483 3498 3496 asfalt
F 3498 3483 3493 asfalt
F 3499 3496 3497 asfalt
F 3500 3486 3482 asfalt
F 3496 3499 3500 asfalt
F 3497 3501 3499 asfalt
F 3482 3496 3500 asfalt
F 3489 3502 3488 asfalt
F 3502 3504 3503 asfalt
F 3504 3506 3505 asfalt
F 3507 3489 3490 asfalt
F 3506 3504 3502 asfalt
F 3502 3507 3506 asfalt
F 3502 3489 3507 asfalt
F 3495 3508 3494 asfalt
F 3508 3510 3509 asfalt
F 3510 3502 3503 asfalt
F 3502 3495 3488 asfalt
F 3495 3510 3508 asfalt
F 3510 3495 3502 asfalt
F 3498 3511 3497 asfalt
F 3511 3513 3512 asfalt
F 3513 3508 3509 asfalt
F 3508 3498 3494 asfalt
F 3498 3513 3511 asfalt
F 3513 3498 3508 asfalt
F 3514 3511 3512 asfalt
F 3515 3501 3497 asfalt
F 3511 3514 3515 asfalt
F 3512 3516 3514 asfalt
F 3497 3511 3515 asfalt
F 3517 3517 3517 asfalt
F 3517 3517 3517 asfalt
F 3518 3518 3518 asfalt
F 3518 3518 3518 asfalt
F 3519 3520 3520 asfalt
F 3519 3520 3519 asfalt
F 3520 3519 3519 asfalt
F 3521 3522 3521 asfalt
F 3517 3517 3517 asfalt
F 3517 3517 3517 asfalt
F 3518 3518 3523 asfalt
F 3520 3524 3524 asfalt
F 3525 3521 3522 asfalt
F 3526 3517 3517 asfalt
F 3523 3524 3518 asfalt
F 3517 3522 3526 asfalt
F 3520 3518 3524 asfalt
F 3522 3526 3526 asfalt
F 3520 3524 3524 asfalt
F 3522 3526 3526 asfalt
F 3527 3520 3524 asfalt
F 3522 3526 3526 asfalt
F 3524 3527 3524 asfalt
F 3522 3528 3526 asfalt
F 3524 3529 3527 asfalt
F 3522 3521 3528 asfalt
F 3529 3527 3529 asfalt
F 3530 3525 3522 asfalt
F 3529 3531 3527 asfalt
F 3532 3530 3522 asfalt
F 3531 3533 3527 asfalt
F 3534 3532 3522 asfalt
F 3533 3527 3533 asfalt
F 3535 3534 3522 asfalt
F 3533 3536 3527 asfalt
F 3537 3535 3522 asfalt
F 3527 3519 3520 asfalt
F 3522 3527 3537 asfalt
F 3536 3538 3527 asfalt
F 3539 3537 3527 asfalt
F 3538 3540 3527 asfalt
F 3540 3539 3527 asfalt
F 3541 3541 3541 asfalt
F 3541 3541 3541 asfalt
F 3542 3543 3542 asfalt
F 3544 3527 3522 asfalt
F 3545 3504 3505 asfalt
F 3504 3546 3503 asfalt
F 3546 3548 3547 asfalt
F 3548 3550 3549 asfalt
F 3541 3541 3541 asfalt
F 3551 3527 3544 asfalt
F 3545 3545 3504 asfalt
F 3550 3548 3546 asfalt
F 3546 3552 3550 asfalt
F 3541 3541 3553 asfalt
F 3544 3551 3544 asfalt
F 3545 3545 3504 asfalt
F 3546 3504 3552 asfalt
F 3553 3541 3553 asfalt
F 3544 3551 3544 asfalt
F 3554 3504 3545 asfalt
F 3504 3555 3552 asfalt
F 3553 3556 3541 asfalt
F 3551 3544 3551 asfalt
F 3554 3554 3504 asfalt
F 3504 3555 3555 asfalt
F 3543 3541 3556 asfalt
F 3544 3551 3544 asfalt
F 3557 3504 3554 asfalt
F 3504 3555 3555 asfalt
F 3556 3542 3543 asfalt
F 3551 3544 3551 asfalt
F 3558 3504 3557 asfalt
F 3504 3555 3555 asfalt
F 3559 3543 3542 asfalt
F 3544 3560 3551 asfalt
F 3561 3504 3558 asfalt
F 3504 3562 3555 asfalt
F 3563 3543 3559 asfalt
F 3551 3560 3551 asfalt
F 3564 3504 3561 asfalt
F 3504 3562 3562 asfalt
F 3543 3563 3543 asfalt
F 3565 3551 3560 asfalt
F 3566 3504 3564 asfalt
F 3504 3567 3562 asfalt
F 3543 3563 3543 asfalt
F 3560 3565 3560 asfalt
F 3568 3504 3566 asfalt
F 3504 3569 3567 asfalt
F 3543 3563 3543 asfalt
F 3565 3560 3565 asfalt
F 3568 3568 3504 asfalt
F 3570 3571 3569 asfalt
F 3572 3543 3563 asfalt
F 3560 3573 3565 asfalt
F 3574 3575 3504 asfalt
F 3563 3572 3563 asfalt
F 3576 3565 3573 asfalt
F 3577 3574 3504 asfalt
F 3578 3572 3563 asfalt
F 3573 3579 3576 asfalt
F 3504 3568 3577 asfalt
F 3578 3563 3578 asfalt
F 3580 3576 3579 asfalt
F 3568 3581 3577 asfalt
F 3563 3571 3578 asfalt
F 3579 3580 3579 asfalt
F 3582 3577 3581 asfalt
F 3570 3578 3571 asfalt
F 3580 3579 3580 asfalt
F 3581 3583 3582 asfalt
F 3569 3584 3570 asfalt
F 3579 3585 3580 asfalt
F 3586 3582 3583 asfalt
F 3569 3504 3584 asfalt
F 3587 3580 3585 asfalt
F 3583 3588 3586 asfalt
F 3575 3584 3504 asfalt
F 3589 3586 3588 asfalt
F 3585 3590 3587 asfalt
F 3588 3591 3589 asfalt
F 3591 3587 3590 asfalt
F 3590 3589 3591 asfalt
F 3510 3592 3509 asfalt
F 3592 3594 3593 asfalt
F 3594 3546 3547 asfalt
F 3546 3510 3503 asfalt
F 3510 3594 3592 asfalt
F 3594 3510 3546 asfalt
F 3513 3595 3512 asfalt
F 3595 3597 3596 asfalt
F 3597 3592 3593 asfalt
F 3592 3513 3509 asfalt
F 3513 3597 3595 asfalt
F 3597 3513 3592 asfalt
F 3598 3595 3596 asfalt
F 3599 3516 3512 asfalt
F 3595 3598 3599 asfalt
F 3596 3600 3598 asfalt
F 3512 3595 3599 asfalt
F 3548 3601 3547 asfalt
F 3601 3603 3602 asfalt
F 3603 3605 3604 asfalt
F 3548 3549 3606 asfalt
F 3606 3601 3548 asfalt
F 3601 3605 3603 asfalt
F 3606 3605 3601 asfalt
F 3594 3607 3593 asfalt
F 3607 3609 3608 asfalt
F 3609 3601 3602 asfalt
F 3601 3594 3547 asfalt
F 3594 3609 3607 asfalt
F 3609 3594 3601 asfalt
F 3597 3610 3596 asfalt
F 3610 3612 3611 asfalt
F 3612 3607 3608 asfalt
F 3607 3597 3593 asfalt
F 3597 3612 3610 asfalt
F 3612 3597 3607 asfalt
F 3613 3610 3611 asfalt
F 3614 3600 3596 asfalt
F 3610 3613 3614 asfalt
F 3611 3615 3613 asfalt
F 3596 3610 3614 asfalt
F 3603 3616 3602 asfalt
F 3616 3618 3617 asfalt
F 3618 3620 3619 asfalt
F 3603 3604 3621 asfalt
F 3621 3616 3603 asfalt
F 3616 3620 3618 asfalt
F 3621 3620 3616 asfalt
F 3609 3622 3608 asfalt
F 3622 3624 3623 asfalt
F 3624 3616 3617 asfalt
F 3616 3609 3602 asfalt
F 3609 3624 3622 asfalt
F 3624 3609 3616 asfalt
F 3612 3625 3611 asfalt
F 3625 3627 3626 asfalt
F 3627 3622 3623 asfalt
F 3622 3612 3608 asfalt
F 3612 3627 3625 asfalt
F 3627 3612 3622 asfalt
F 3628 3625 3626 asfalt
F 3629 3615 3611 asfalt
F 3625 3628 3629 asfalt
F 3626 3630 3628 asfalt
F 3611 3625 3629 asfalt
F 3618 3631 3617 asfalt
F 3631 3633 3632 asfalt
F 3633 3635 3634 asfalt
F 3618 3619 3636 asfalt
F 3636 3631 3618 asfalt
F 3631 3635 3633 asfalt
F 3636 3635 3631 asfalt
F 3624 3637 3623 asfalt
F 3637 3639 3638 asfalt
F 3639 3631 3632 asfalt
F 3631 3624 3617 asfalt
F 3624 3639 3637 asfalt
F 3639 3624 3631 asfalt
F 3627 3640 3626 asfalt
F 3640 3642 3641 asfalt
F 3642 3637 3638 asfalt
F 3637 3627 3623 asfalt
F 3627 3642 3640 asfalt
F 3642 3627 3637 asfalt
F 3643 3640 3641 asfalt
F 3644 3630 3626 asfalt
F 3640 3643 3644 asfalt
F 3641 3645 3643 asfalt
F 3626 3640 3644 asfalt
F 3633 3646 3632 asfalt
F 3647 3649 3648 asfalt
F 3633 3634 3650 asfalt
F 3650 3646 3633 asfalt
F 3648 3646 3647 asfalt
F 3650 3647 3646 asfalt
F 3639 3651 3638 asfalt
F 3651 3653 3652 asfalt
F 3653 3646 3648 asfalt
F 3646 3639 3632 asfalt
F 3639 3653 3651 asfalt
F 3653 3639 3646 asfalt
F 3642 3654 3641 asfalt
F 3654 3656 3655 asfalt
F 3656 3651 3652 asfalt
F 3651 3642 3638 asfalt
F 3642 3656 3654 asfalt
F 3656 3642 3651 asfalt
F 3657 3654 3655 asfalt
F 3658 3645 3641 asfalt
F 3654 3657 3659 asfalt
F 3659 3657 3660 asfalt
F 3641 3654 3658 asfalt
F 3659 3658 3654 asfalt
F 3661 3662 3648 asfalt
F 3663 3665 3664 asfalt
F 3648 3649 3661 asfalt
F 3664 3662 3663 asfalt
F 3661 3663 3662 asfalt
F 3653 3666 3652 asfalt
F 3666 3668 3667 asfalt
F 3668 3662 3664 asfalt
F 3662 3653 3648 asfalt
F 3653 3668 3666 asfalt
F 3668 3653 3662 asfalt
F 3656 3669 3655 asfalt
F 3669 3671 3670 asfalt
F 3671 3666 3667 asfalt
F 3666 3656 3652 asfalt
F 3656 3671 3669 asfalt
F 3671 3656 3666 asfalt
F 3672 3669 3670 asfalt
F 3669 3657 3655 asfalt
F 3657 3673 3660 asfalt
F 3674 3672 3675 asfalt
F 3673 3657 3669 asfalt
F 3669 3674 3673 asfalt
F 3669 3672 3674 asfalt
F 3676 3677 3664 asfalt
F 3678 3680 3679 asfalt
F 3677 3676 3678 asfalt
F 3664 3665 3676 asfalt
F 3679 3677 3678 asfalt
F 3668 3681 3667 asfalt
F 3681 3683 3682 asfalt
F 3683 3677 3679 asfalt
F 3677 3668 3664 asfalt
F 3668 3683 3681 asfalt
F 3683 3668 3677 asfalt
F 3671 3684 3670 asfalt
F 3684 3686 3685 asfalt
F 3686 3681 3682 asfalt
F 3681 3671 3667 asfalt
F 3671 3686 3684 asfalt
F 3686 3671 3681 asfalt
F 3687 3684 3685 asfalt
F 3684 3672 3670 asfalt
F 3672 3688 3675 asfalt
F 3689 3687 3690 asfalt
F 3688 3672 3684 asfalt
F 3684 3689 3688 asfalt
F 3684 3687 3689 asfalt
F 3691 3692 3679 asfalt
F 3693 3695 3694 asfalt
F 3679 3680 3691 asfalt
F 3694 3692 3693 asfalt
F 3691 3693 3692 asfalt
F 3683 3696 3682 asfalt
F 3696 3698 3697 asfalt
F 3698 3692 3694 asfalt
F 3692 3683 3679 asfalt
F 3683 3698 3696 asfalt
F 3698 3683 3692 asfalt
F 3686 3699 3685 asfalt
F 3699 3701 3700 asfalt
F 3701 3696 3697 asfalt
F 3696 3686 3682 asfalt
F 3686 3701 3699 asfalt
F 3701 3686 3696 asfalt
F 3702 3699 3700 asfalt
F 3699 3687 3685 asfalt
F 3687 3703 3690 asfalt
F 3704 3702 3705 asfalt
F 3703 3687 3699 asfalt
F 3699 3704 3703 asfalt
F 3699 3702 3704 asfalt
F 3706 3707 3694 asfalt
F 3708 3710 3709 asfalt
F 3694 3695 3706 asfalt
F 3709 3707 3708 asfalt
F 3706 3708 3707 asfalt
F 3698 3711 3697 asfalt
F 3711 3713 3712 asfalt
F 3713 3707 3709 asfalt
F 3707 3698 3694 asfalt
F 3698 3713 3711 asfalt
F 3713 3698 3707 asfalt
F 3701 3714 3700 asfalt
F 3714 3716 3715 asfalt
F 3716 3711 3712 asfalt
F 3711 3701 3697 asfalt
F 3701 3716 3714 asfalt
F 3716 3701 3711 asfalt
F 3717 3714 3715 asfalt
F 3714 3702 3700 asfalt
F 3702 3718 3705 asfalt
F 3719 3717 3720 asfalt
F 3718 3702 3714 asfalt
F 3714 3719 3718 asfalt
F 3714 3717 3719 asfalt
F 3721 3722 3709 asfalt
F 3723 3725 3724 asfalt
F 3709 3710 3721 asfalt
F 3724 3722 3723 asfalt
F 3721 3723 3722 asfalt
F 3713 3726 3712 asfalt
F 3726 3728 3727 asfalt
F 3728 3722 3724 asfalt
F 3722 3713 3709 asfalt
F 3713 3728 3726 asfalt
F 3728 3713 3722 asfalt
F 3716 3729 3715 asfalt
F 3729 3731 3730 asfalt
F 3731 3726 3727 asfalt
F 3726 3716 3712 asfalt
F 3716 3731 3729 asfalt
F 3731 3716 3726 asfalt
F 3732 3729 3730 asfalt
F 3729 3717 3715 asfalt
F 3717 3733 3720 asfalt
F 3734 3732 3735 asfalt
F 3733 3717 3729 asfalt
F 3729 3734 3733 asfalt
F 3729 3732 3734 asfalt
F 3736 3737 3724 asfalt
F 3738 3740 3739 asfalt
F 3724 3725 3736 asfalt
F 3739 3737 3738 asfalt
F 3736 3738 3737 asfalt
F 3728 3741 3727 asfalt
F 3741 3743 3742 asfalt
F 3743 3737 3739 asfalt
F 3737 3728 3724 asfalt
F 3728 3743 3741 asfalt
F 3743 3728 3737 asfalt
F 3731 3744 3730 asfalt
F 3744 3746 3745 asfalt
F 3746 3741 3742 asfalt
F 3741 3731 3727 asfalt
F 3731 3746 3744 asfalt
F 3746 3731 3741 asfalt
F 3747 3744 3745 asfalt
F 3744 3732 3730 asfalt
F 3732 3748 3735 asfalt
F 3749 3747 3750 asfalt
F 3748 3732 3744 asfalt
F 3744 3749 3748 asfalt
F 3744 3747 3749 asfalt
F 3751 3752 3739 asfalt
F 3753 3755 3754 asfalt
F 3739 3740 3751 asfalt
F 3754 3752 3753 asfalt
F 3751 3753 3752 asfalt
F 3743 3756 3742 asfalt
F 3756 3758 3757 asfalt
F 3758 3752 3754 asfalt
F 3752 3743 3739 asfalt
F 3743 3758 3756 asfalt
F 3758 3743 3752 asfalt
F 3746 3759 3745 asfalt
F 3759 3761 3760 asfalt
F 3761 3756 3757 asfalt
F 3756 3746 3742 asfalt
F 3746 3761 3759 asfalt
F 3761 3746 3756 asfalt
F 3762 3759 3760 asfalt
F 3759 3747 3745 asfalt
F 3747 3763 3750 asfalt
F 3764 3762 3765 asfalt
F 3763 3747 3759 asfalt
F 3762 3764 3763 asfalt
F 3763 3759 3762 asfalt
F 3766 3767 3754 asfalt
F 3767 3766 3768 asfalt
F 3754 3755 3766 asfalt
F 3767 3758 3754 asfalt
F 3758 3769 3757 asfalt
F 3769 3771 3770 asfalt
F 3771 3768 3772 asfalt
F 3771 3758 3767 asfalt
F 3758 3771 3769 asfalt
F 3767 3768 3771 asfalt
F 3761 3773 3760 asfalt
F 3773 3775 3774 asfalt
F 3775 3769 3770 asfalt
F 3769 3761 3757 asfalt
F 3761 3775 3773 asfalt
F 3775 3761 3769 asfalt
F 3776 3778 3777 asfalt
F 3778 3773 3774 asfalt
F 3773 3762 3760 asfalt
F 3762 3779 3765 asfalt
F 3779 3778 3776 asfalt
F 3779 3762 3773 asfalt
F 3773 3778 3779 asfalt
F 3780 3776 3777 asfalt
F 3771 3781 3770 asfalt
F 3781 3783 3782 asfalt
F 3783 3785 3784 asfalt
F 3771 3772 3786 asfalt
F 3785 3781 3771 asfalt
F 3781 3785 3783 asfalt
F 3771 3786 3785 asfalt
F 3775 3787 3774 asfalt
F 3787 3789 3788 asfalt
F 3789 3781 3782 asfalt
F 3781 3775 3770 asfalt
F 3775 3789 3787 asfalt
F 3789 3775 3781 asfalt
F 3778 3790 3777 asfalt
F 3790 3792 3791 asfalt
F 3792 3787 3788 asfalt
F 3787 3778 3774 asfalt
F 3778 3792 3790 asfalt
F 3792 3778 3787 asfalt
F 3793 3790 3791 asfalt
F 3794 3780 3777 asfalt
F 3791 3795 3793 asfalt
F 3777 3790 3794 asfalt
F 3793 3794 3790 asfalt
F 3783 3796 3782 asfalt
F 3796 3798 3797 asfalt
F 3798 3800 3799 asfalt
F 3801 3783 3784 asfalt
F 3800 3798 3796 asfalt
F 3796 3801 3800 asfalt
F 3796 3783 3801 asfalt
F 3789 3802 3788 asfalt
F 3802 3804 3803 asfalt
F 3804 3796 3797 asfalt
F 3796 3789 3782 asfalt
F 3789 3804 3802 asfalt
F 3804 3789 3796 asfalt
F 3792 3805 3791 asfalt
F 3805 3807 3806 asfalt
F 3807 3802 3803 asfalt
F 3802 3792 3788 asfalt
F 3792 3807 3805 asfalt
F 3807 3792 3802 asfalt
F 3808 3805 3806 asfalt
F 3809 3795 3791 asfalt
F 3806 3810 3808 asfalt
F 3791 3805 3809 asfalt
F 3808 3809 3805 asfalt
F 3798 3811 3797 asfalt
F 3811 3813 3812 asfalt
F 3813 3815 3814 asfalt
F 3798 3799 3816 asfalt
F 3816 3811 3798 asfalt
F 3811 3815 3813 asfalt
F 3816 3815 3811 asfalt
F 3804 3817 3803 asfalt
F 3817 3819 3818 asfalt
F 3819 3811 3812 asfalt
F 3811 3804 3797 asfalt
F 3804 3819 3817 asfalt
F 3819 3804 3811 asfalt
F 3807 3820 3806 asfalt
F 3820 3822 3821 asfalt
F 3822 3817 3818 asfalt
F 3817 3807 3803 asfalt
F 3807 3822 3820 asfalt
F 3822 3807 3817 asfalt
F 3823 3820 3821 asfalt
F 3824 3810 3806 asfalt
F 3821 3825 3823 asfalt
F 3806 3820 3824 asfalt
F 3823 3824 3820 asfalt
F 3813 3826 3812 asfalt
F 3826 3828 3827 asfalt
F 3828 3830 3829 asfalt
F 3813 3814 3831 asfalt
F 3831 3826 3813 asfalt
F 3826 3830 3828 asfalt
F 3831 3830 3826 asfalt
F 3819 3832 3818 asfalt
F 3832 3834 3833 asfalt
F 3834 3826 3827 asfalt
F 3826 3819 3812 asfalt
F 3819 3834 3832 asfalt
F 3834 3819 3826 asfalt
F 3822 3835 3821 asfalt
F 3835 3837 3836 asfalt
F 3837 3832 3833 asfalt
F 3832 3822 3818 asfalt
F 3822 3837 3835 asfalt
F 3837 3822 3832 asfalt
F 3838 3836 3839 asfalt
F 3840 3825 3821 asfalt
F 3835 3836 3838 asfalt
F 3821 3835 3840 asfalt
F 3838 3840 3835 asfalt
F 3828 3841 3827 asfalt
F 3841 3843 3842 asfalt
F 3843 3845 3844 asfalt
F 3828 3829 3846 asfalt
F 3846 3841 3828 asfalt
F 3841 3845 3843 asfalt
F 3846 3845 3841 asfalt
F 3834 3847 3833 asfalt
F 3847 3849 3848 asfalt
F 3849 3841 3842 asfalt
F 3841 3834 3827 asfalt
F 3834 3849 3847 asfalt
F 3849 3834 3841 asfalt
F 3837 3850 3836 asfalt
F 3850 3852 3851 asfalt
F 3852 3847 3848 asfalt
F 3847 3837 3833 asfalt
F 3837 3852 3850 asfalt
F 3852 3837 3847 asfalt
F 3853 3850 3851 asfalt
F 3854 3839 3836 asfalt
F 3850 3853 3854 asfalt
F 3851 3855 3853 asfalt
F 3836 3850 3854 asfalt
F 3843 3856 3842 asfalt
F 3856 3858 3857 asfalt
F 3858 3860 3859 asfalt
F 3843 3844 3861 asfalt
F 3861 3856 3843 asfalt
F 3856 3860 3858 asfalt
F 3861 3860 3856 asfalt
F 3849 3862 3848 asfalt
F 3862 3864 3863 asfalt
F 3864 3856 3857 asfalt
F 3856 3849 3842 asfalt
F 3849 3864 3862 asfalt
F 3864 3849 3856 asfalt
F 3852 3865 3851 asfalt
F 3865 3867 3866 asfalt
F 3867 3862 3863 asfalt
F 3862 3852 3848 asfalt
F 3852 3867 3865 asfalt
F 3867 3852 3862 asfalt
F 3868 3865 3866 asfalt
F 3869 3855 3851 asfalt
F 3865 3868 3869 asfalt
F 3866 3870 3868 asfalt
F 3851 3865 3869 asfalt
F 3858 3871 3857 asfalt
F 3871 3873 3872 asfalt
F 3873 3875 3874 asfalt
F 3858 3859 3876 asfalt
F 3876 3871 3858 asfalt
F 3871 3875 3873 asfalt
F 3876 3875 3871 asfalt
F 3864 3877 3863 asfalt
F 3877 3879 3878 asfalt
F 3879 3871 3872 asfalt
F 3871 3864 3857 asfalt
F 3864 3879 3877 asfalt
F 3879 3864 3871 asfalt
F 3867 3880 3866 asfalt
F 3880 3882 3881 asfalt
F 3882 3877 3878 asfalt
F 3877 3867 3863 asfalt
F 3867 3882 3880 asfalt
F 3882 3867 3877 asfalt
F 3883 3880 3881 asfalt
F 3884 3870 3866 asfalt
F 3880 3883 3884 asfalt
F 3881 3885 3883 asfalt
F 3866 3880 3884 asfalt
F 3873 3886 3872 asfalt
F 3886 3888 3887 asfalt
F 3888 3890 3889 asfalt
F 3873 3874 3891 asfalt
F 3891 3886 3873 asfalt
F 3886 3890 3888 asfalt
F 3891 3890 3886 asfalt
F 3879 3892 3878 asfalt
F 3892 3894 3893 asfalt
F 3894 3886 3887 asfalt
F 3886 3879 3872 asfalt
F 3879 3894 3892 asfalt
F 3894 3879 3886 asfalt
F 3882 3895 3881 asfalt
F 3895 3897 3896 asfalt
F 3897 3892 3893 asfalt
F 3892 3882 3878 asfalt
F 3882 3897 3895 asfalt
F 3897 3882 3892 asfalt
F 3898 3895 3896 asfalt
F 3899 3885 3881 asfalt
F 3895 3898 3899 asfalt
F 3896 3900 3898 asfalt
F 3881 3895 3899 asfalt
F 3888 3901 3887 asfalt
F 3902 3904 3903 asfalt
F 3888 3889 3905 asfalt
F 3905 3901 3888 asfalt
F 3903 3901 3902 asfalt
F 3905 3902 3901 asfalt
F 3894 3906 3893 asfalt
F 3906 3908 3907 asfalt
F 3908 3901 3903 asfalt
F 3901 3894 3887 asfalt
F 3894 3908 3906 asfalt
F 3908 3894 3901 asfalt
F 3897 3909 3896 asfalt
F 3909 3911 3910 asfalt
F 3911 3906 3907 asfalt
F 3906 3897 3893 asfalt
F 3897 3911 3909 asfalt
F 3911 3897 3906 asfalt
F 3912 3909 3910 asfalt
F 3913 3900 3896 asfalt
F 3909 3912 3914 asfalt
F 3914 3912 3915 asfalt
F 3896 3909 3913 asfalt
F 3914 3913 3909 asfalt
F 3916 3917 3903 asfalt
F 3918 3920 3919 asfalt
F 3917 3916 3918 asfalt
F 3903 3904 3916 asfalt
F 3919 3917 3918 asfalt
F 3908 3921 3907 asfalt
F 3921 3923 3922 asfalt
F 3923 3917 3919 asfalt
F 3917 3908 3903 asfalt
F 3908 3923 3921 asfalt
F 3923 3908 3917 asfalt
F 3911 3924 3910 asfalt
F 3924 3926 3925 asfalt
F 3926 3921 3922 asfalt
F 3921 3911 3907 asfalt
F 3911 3926 3924 asfalt
F 3926 3911 3921 asfalt
F 3927 3924 3925 asfalt
F 3924 3912 3910 asfalt
F 3912 3928 3915 asfalt
F 3929 3927 3930 asfalt
F 3928 3912 3924 asfalt
F 3924 3929 3928 asfalt
F 3924 3927 3929 asfalt
F 3931 3932 3919 asfalt
F 3933 3935 3934 asfalt
F 3919 3920 3931 asfalt
F 3934 3932 3933 asfalt
F 3931 3933 3932 asfalt
F 3923 3936 3922 asfalt
F 3936 3938 3937 asfalt
F 3938 3932 3934 asfalt
F 3932 3923 3919 asfalt
F 3923 3938 3936 asfalt
F 3938 3923 3932 asfalt
F 3926 3939 3925 asfalt
F 3939 3941 3940 asfalt
F 3941 3936 3937 asfalt
F 3936 3926 3922 asfalt
F 3926 3941 3939 asfalt
F 3941 3926 3936 asfalt
F 3942 3939 3940 asfalt
F 3939 3927 3925 asfalt
F 3927 3943 3930 asfalt
F 3944 3942 3945 asfalt
F 3943 3927 3939 asfalt
F 3939 3944 3943 asfalt
F 3939 3942 3944 asfalt
F 3946 3947 3934 asfalt
F 3948 3950 3949 asfalt
F 3934 3935 3946 asfalt
F 3949 3947 3948 asfalt
F 3946 3948 3947 asfalt
F 3938 3951 3937 asfalt
F 3951 3953 3952 asfalt
F 3953 3947 3949 asfalt
F 3947 3938 3934 asfalt
F 3938 3953 3951 asfalt
F 3953 3938 3947 asfalt
F 3941 3954 3940 asfalt
F 3954 3956 3955 asfalt
F 3956 3951 3952 asfalt
F 3951 3941 3937 asfalt
F 3941 3956 3954 asfalt
F 3956 3941 3951 asfalt
F 3957 3954 3955 asfalt
F 3954 3942 3940 asfalt
F 3942 3958 3945 asfalt
F 3959 3957 3960 asfalt
F 3958 3942 3954 asfalt
F 3954 3959 3958 asfalt
F 3954 3957 3959 asfalt
F 3961 3962 3949 asfalt
F 3963 3965 3964 asfalt
F 3949 3950 3961 asfalt
F 3964 3962 3963 asfalt
F 3961 3963 3962 asfalt
F 3953 3966 3952 asfalt
F 3966 3968 3967 asfalt
F 3968 3962 3964 asfalt
F 3962 3953 3949 asfalt
F 3953 3968 3966 asfalt
F 3968 3953 3962 asfalt
F 3956 3969 3955 asfalt
F 3969 3971 3970 asfalt
F 3971 3966 3967 asfalt
F 3966 3956 3952 asfalt
F 3956 3971 3969 asfalt
F 3971 3956 3966 asfalt
F 3972 3969 3970 asfalt
F 3969 3957 3955 asfalt
F 3957 3973 3960 asfalt
F 3974 3972 3975 asfalt
F 3973 3957 3969 asfalt
F 3969 3974 3973 asfalt
F 3969 3972 3974 asfalt
F 3976 3977 3964 asfalt
F 3978 3980 3979 asfalt
F 3964 3965 3976 asfalt
F 3979 3977 3978 asfalt
F 3976 3978 3977 asfalt
F 3968 3981 3967 asfalt
F 3981 3983 3982 asfalt
F 3983 3977 3979 asfalt
F 3977 3968 3964 asfalt
F 3968 3983 3981 asfalt
F 3983 3968 3977 asfalt
F 3971 3984 3970 asfalt
F 3984 3986 3985 asfalt
F 3986 3981 3982 asfalt
F 3981 3971 3967 asfalt
F 3971 3986 3984 asfalt
F 3986 3971 3981 asfalt
F 3987 3984 3985 asfalt
F 3984 3972 3970 asfalt
F 3972 3988 3975 asfalt
F 3989 3987 3990 asfalt
F 3988 3972 3984 asfalt
F 3984 3989 3988 asfalt
F 3984 3987 3989 asfalt
F 3991 3992 3979 asfalt
F 3993 3995 3994 asfalt
F 3979 3980 3991 asfalt
F 3994 3992 3993 asfalt
F 3991 3993 3992 asfalt
F 3983 3996 3982 asfalt
F 3996 3998 3997 asfalt
F 3998 3992 3994 asfalt
F 3992 3983 3979 asfalt
F 3983 3998 3996 asfalt
F 3998 3983 3992 asfalt
F 3986 3999 3985 asfalt
F 3999 4001 4000 asfalt
F 4001 3996 3997 asfalt
F 3996 3986 3982 asfalt
F 3986 4001 3999 asfalt
F 4001 3986 3996 asfalt
F 4002 3999 4000 asfalt
F 3999 3987 3985 asfalt
F 3987 4003 3990 asfalt
F 4004 4002 4005 asfalt
F 4003 3987 3999 asfalt
F 3999 4004 4003 asfalt
F 3999 4002 4004 asfalt
F 4006 4007 3994 asfalt
F 4008 4010 4009 asfalt
F 3994 3995 4006 asfalt
F 4009 4007 4008 asfalt
F 4006 4008 4007 asfalt
F 3998 4011 3997 asfalt
F 4011 4013 4012 asfalt
F 4013 4007 4009 asfalt
F 4007 3998 3994 asfalt
F 3998 4013 4011 asfalt
F 4013 3998 4007 asfalt
F 4001 4014 4000 asfalt
F 4014 4016 4015 asfalt
F 4016 4011 4012 asfalt
F 4011 4001 3997 asfalt
F 4001 4016 4014 asfalt
F 4016 4001 4011 asfalt
F 4017 4014 4015 asfalt
F 4014 4002 4000 asfalt
F 4002 4018 4005 asfalt
F 4019 4017 4020 asfalt
F 4018 4002 4014 asfalt
F 4017 4019 4018 asfalt
F 4018 4014 4017 asfalt
F 4010 4021 4009 asfalt
F 4021 4013 4009 asfalt
F 4013 4022 4012 asfalt
F 4022 4024 4023 asfalt
F 4024 4026 4025 asfalt
F 4024 4013 4021 asfalt
F 4013 4024 4022 asfalt
F 4021 4026 4024 asfalt
F 4016 4027 4015 asfalt
F 4027 4029 4028 asfalt
F 4029 4022 4023 asfalt
F 4022 4016 4012 asfalt
F 4016 4029 4027 asfalt
F 4029 4016 4022 asfalt
F 4030 4032 4031 asfalt
F 4032 4027 4028 asfalt
F 4027 4017 4015 asfalt
F 4017 4033 4020 asfalt
F 4017 4032 4030 asfalt
F 4032 4017 4027 asfalt
F 4030 4033 4017 asfalt
F 4034 4030 4031 asfalt
F 4030 4034 4033 asfalt
F 4031 4035 4034 asfalt
F 4024 4036 4023 asfalt
F 4036 4038 4037 asfalt
F 4038 4040 4039 asfalt
F 4041 4024 4025 asfalt
F 4040 4038 4036 asfalt
F 4024 4041 4040 asfalt
F 4040 4036 4024 asfalt
F 4029 4042 4028 asfalt
F 4042 4044 4043 asfalt
F 4044 4036 4037 asfalt
F 4036 4029 4023 asfalt
F 4029 4044 4042 asfalt
F 4044 4029 4036 asfalt
F 4032 4045 4031 asfalt
F 4045 4047 4046 asfalt
F 4047 4042 4043 asfalt
F 4042 4032 4028 asfalt
F 4032 4047 4045 asfalt
F 4047 4032 4042 asfalt
F 4048 4046 4049 asfalt
F 4050 4035 4031 asfalt
F 4045 4048 4050 asfalt
F 4048 4045 4046 asfalt
F 4031 4045 4050 asfalt
F 4038 4051 4037 asfalt
F 4051 4053 4052 asfalt
F 4053 4055 4054 asfalt
F 4038 4039 4056 asfalt
F 4056 4051 4038 asfalt
F 4051 4055 4053 asfalt
F 4056 4055 4051 asfalt
F 4044 4057 4043 asfalt
F 4057 4059 4058 asfalt
F 4059 4051 4052 asfalt
F 4051 4044 4037 asfalt
F 4044 4059 4057 asfalt
F 4059 4044 4051 asfalt
F 4047 4060 4046 asfalt
F 4060 4062 4061 asfalt
F 4062 4057 4058 asfalt
F 4057 4047 4043 asfalt
F 4047 4062 4060 asfalt
F 4062 4047 4057 asfalt
F 4063 4060 4061 asfalt
F 4064 4049 4046 asfalt
F 4061 4065 4063 asfalt
F 4046 4060 4064 asfalt
F 4063 4064 4060 asfalt
F 4053 4066 4052 asfalt
F 4066 4068 4067 asfalt
F 4068 4070 4069 asfalt
F 4053 4054 4071 asfalt
F 4071 4066 4053 asfalt
F 4066 4070 4068 asfalt
F 4071 4070 4066 asfalt
F 4059 4072 4058 asfalt
F 4072 4074 4073 asfalt
F 4074 4066 4067 asfalt
F 4066 4059 4052 asfalt
F 4059 4074 4072 asfalt
F 4074 4059 4066 asfalt
F 4062 4075 4061 asfalt
F 4075 4077 4076 asfalt
F 4077 4072 4073 asfalt
F 4072 4062 4058 asfalt
F 4062 4077 4075 asfalt
F 4077 4062 4072 asfalt
F 4078 4075 4076 asfalt
F 4079 4065 4061 asfalt
F 4075 4078 4079 asfalt
F 4076 4080 4078 asfalt
F 4061 4075 4079 asfalt
F 4068 4081 4067 asfalt
F 4081 4083 4082 asfalt
F 4083 4085 4084 asfalt
F 4068 4069 4086 asfalt
F 4086 4081 4068 asfalt
F 4081 4085 4083 asfalt
F 4086 4085 4081 asfalt
F 4074 4087 4073 asfalt
F 4087 4089 4088 asfalt
F 4089 4081 4082 asfalt
F 4081 4074 4067 asfalt
F 4074 4089 4087 asfalt
F 4089 4074 4081 asfalt
F 4077 4090 4076 asfalt
F 4090 4092 4091 asfalt
F 4092 4087 4088 asfalt
F 4087 4077 4073 asfalt
F 4077 4092 4090 asfalt
F 4092 4077 4087 asfalt
F 4093 4090 4091 asfalt
F 4094 4080 4076 asfalt
F 4091 4095 4093 asfalt
F 4076 4090 4094 asfalt
F 4093 4094 4090 asfalt
F 4083 4096 4082 asfalt
F 4096 4098 4097 asfalt
F 4098 4100 4099 asfalt
F 4083 4084 4101 asfalt
F 4101 4096 4083 asfalt
F 4096 4100 4098 asfalt
F 4101 4100 4096 asfalt
F 4089 4102 4088 asfalt
F 4102 4104 4103 asfalt
F 4104 4096 4097 asfalt
F 4096 4089 4082 asfalt
F 4089 4104 4102 asfalt
F 4104 4089 4096 asfalt
F 4092 4105 4091 asfalt
F 4105 4107 4106 asfalt
F 4107 4102 4103 asfalt
F 4102 4092 4088 asfalt
F 4092 4107 4105 asfalt
F 4107 4092 4102 asfalt
F 4108 4105 4106 asfalt
F 4109 4095 4091 asfalt
F 4106 4110 4108 asfalt
F 4091 4105 4109 asfalt
F 4108 4109 4105 asfalt
F 4098 4111 4097 asfalt
F 4111 4113 4112 asfalt
F 4113 4115 4114 asfalt
F 4098 4099 4116 asfalt
F 4116 4111 4098 asfalt
F 4111 4115 4113 asfalt
F 4116 4115 4111 asfalt
F 4104 4117 4103 asfalt
F 4117 4119 4118 asfalt
F 4119 4111 4112 asfalt
F 4111 4104 4097 asfalt
F 4104 4119 4117 asfalt
F 4119 4104 4111 asfalt
F 4107 4120 4106 asfalt
F 4120 4122 4121 asfalt
F 4122 4117 4118 asfalt
F 4117 4107 4103 asfalt
F 4107 4122 4120 asfalt
F 4122 4107 4117 asfalt
F 4123 4123 4121 asfalt
F 4124 4110 4106 asfalt
F 4121 4123 4125 asfalt
F 4125 4120 4121 asfalt
F 4106 4120 4124 asfalt
F 4125 4124 4120 asfalt
F 4113 4126 4112 asfalt
F 4126 4128 4127 asfalt
F 4128 4130 4129 asfalt
F 4113 4114 4131 asfalt
F 4131 4126 4113 asfalt
F 4126 4130 4128 asfalt
F 4131 4130 4126 asfalt
F 4119 4132 4118 asfalt
F 4132 4134 4133 asfalt
F 4134 4126 4127 asfalt
F 4126 4119 4112 asfalt
F 4119 4134 4132 asfalt
F 4134 4119 4126 asfalt
F 4122 4135 4121 asfalt
F 4135 4137 4136 asfalt
F 4137 4132 4133 asfalt
F 4132 4122 4118 asfalt
F 4122 4137 4135 asfalt
F 4137 4122 4132 asfalt
F 4138 4135 4136 asfalt
F 4139 4123 4121 asfalt
F 4136 4140 4138 asfalt
F 4121 4135 4139 asfalt
F 4138 4139 4135 asfalt
F 4128 4141 4127 asfalt
F 4142 4144 4143 asfalt
F 4128 4129 4145 asfalt
F 4145 4141 4128 asfalt
F 4143 4141 4142 asfalt
F 4145 4142 4141 asfalt
F 4134 4146 4133 asfalt
F 4146 4148 4147 asfalt
F 4148 4141 4143 asfalt
F 4141 4134 4127 asfalt
F 4134 4148 4146 asfalt
F 4148 4134 4141 asfalt
F 4137 4149 4136 asfalt
F 4149 4151 4150 asfalt
F 4151 4146 4147 asfalt
F 4146 4137 4133 asfalt
F 4137 4151 4149 asfalt
F 4151 4137 4146 asfalt
F 4152 4149 4150 asfalt
F 4153 4140 4136 asfalt
F 4152 4155 4154 asfalt
F 4154 4149 4152 asfalt
F 4136 4149 4153 asfalt
F 4154 4153 4149 asfalt
F 4156 4157 4143 asfalt
F 4158 4160 4159 asfalt
F 4157 4156 4158 asfalt
F 4143 4144 4156 asfalt
F 4159 4157 4158 asfalt
F 4148 4161 4147 asfalt
F 4161 4163 4162 asfalt
F 4163 4157 4159 asfalt
F 4157 4148 4143 asfalt
F 4148 4163 4161 asfalt
F 4163 4148 4157 asfalt
F 4151 4164 4150 asfalt
F 4164 4166 4165 asfalt
F 4166 4161 4162 asfalt
F 4161 4151 4147 asfalt
F 4151 4166 4164 asfalt
F 4166 4151 4161 asfalt
F 4167 4164 4165 asfalt
F 4164 4152 4150 asfalt
F 4152 4168 4155 asfalt
F 4169 4167 4170 asfalt
F 4168 4152 4164 asfalt
F 4164 4169 4168 asfalt
F 4164 4167 4169 asfalt
F 4171 4172 4159 asfalt
F 4173 4175 4174 asfalt
F 4159 4160 4171 asfalt
F 4174 4172 4173 asfalt
F 4171 4173 4172 asfalt
F 4163 4176 4162 asfalt
F 4176 4178 4177 asfalt
F 4178 4172 4174 asfalt
F 4172 4163 4159 asfalt
F 4163 4178 4176 asfalt
F 4178 4163 4172 asfalt
F 4166 4179 4165 asfalt
F 4179 4181 4180 asfalt
F 4181 4176 4177 asfalt
F 4176 4166 4162 asfalt
F 4166 4181 4179 asfalt
F 4181 4166 4176 asfalt
F 4182 4179 4180 asfalt
F 4179 4167 4165 asfalt
F 4167 4183 4170 asfalt
F 4182 4185 4184 asfalt
F 4184 4179 4182 asfalt
F 4179 4183 4167 asfalt
F 4184 4183 4179 asfalt
F 4186 4187 4174 asfalt
F 4188 4190 4189 asfalt
F 4174 4175 4186 asfalt
F 4189 4187 4188 asfalt
F 4186 4188 4187 asfalt
F 4178 4191 4177 asfalt
F 4191 4193 4192 asfalt
F 4193 4187 4189 asfalt
F 4187 4178 4174 asfalt
F 4178 4193 4191 asfalt
F 4193 4178 4187 asfalt
F 4181 4194 4180 asfalt
F 4194 4196 4195 asfalt
F 4196 4191 4192 asfalt
F 4191 4181 4177 asfalt
F 4181 4196 4194 asfalt
F 4196 4181 4191 asfalt
F 4197 4194 4195 asfalt
F 4194 4182 4180 asfalt
F 4182 4198 4185 asfalt
F 4197 4200 4199 asfalt
F 4199 4194 4197 asfalt
F 4194 4198 4182 asfalt
F 4199 4198 4194 asfalt
F 4201 4202 4189 asfalt
F 4203 4205 4204 asfalt
F 4189 4190 4201 asfalt
F 4204 4202 4203 asfalt
F 4201 4203 4202 asfalt
F 4193 4206 4192 asfalt
F 4206 4208 4207 asfalt
F 4208 4202 4204 asfalt
F 4202 4193 4189 asfalt
F 4193 4208 4206 asfalt
F 4208 4193 4202 asfalt
F 4196 4209 4195 asfalt
F 4209 4211 4210 asfalt
F 4211 4206 4207 asfalt
F 4206 4196 4192 asfalt
F 4196 4211 4209 asfalt
F 4211 4196 4206 asfalt
F 4212 4209 4210 asfalt
F 4209 4197 4195 asfalt
F 4197 4213 4200 asfalt
F 4214 4212 4215 asfalt
F 4213 4197 4209 asfalt
F 4209 4214 4213 asfalt
F 4209 4212 4214 asfalt
F 4216 4218 4217 asfalt
F 4219 4221 4220 asfalt
F 4219 4223 4222 asfalt
F 4224 4224 4224 asfalt
F 4224 4224 4224 asfalt
F 4224 4224 4225 asfalt
F 4225 4225 4225 asfalt
F 4225 4226 4225 asfalt
F 4218 4216 4219 asfalt
F 4216 4228 4227 asfalt
F 4217 4216 4217 asfalt
F 4220 4219 4220 asfalt
F 4222 4219 4222 asfalt
F 4224 4224 4224 asfalt
F 4224 4224 4224 asfalt
F 4225 4225 4225 asfalt
F 4229 4221 4219 asfalt
F 4216 4228 4228 asfalt
F 4217 4230 4216 asfalt
F 4219 4221 4221 asfalt
F 4219 4223 4223 asfalt
F 4226 4225 4224 asfalt
F 4226 4225 4225 asfalt
F 4230 4228 4216 asfalt
F 4220 4231 4219 asfalt
F 4232 4223 4226 asfalt
F 4224 4232 4226 asfalt
F 4219 4218 4218 asfalt
F 4219 4226 4223 asfalt
F 4231 4218 4219 asfalt
F 4222 4229 4219 asfalt
F 4233 4234 4234 asfalt
F 4233 4236 4235 asfalt
F 4237 4239 4238 asfalt
F 4216 4227 4240 asfalt
F 4241 4237 4216 asfalt
F 4234 4242 4233 asfalt
F 4242 4244 4243 asfalt
F 4233 4245 4234 asfalt
F 4233 4235 4235 asfalt
F 4238 4237 4238 asfalt
F 4240 4216 4240 asfalt
F 4236 4233 4237 asfalt
F 4242 4244 4244 asfalt
F 4234 4246 4242 asfalt
F 4237 4236 4236 asfalt
F 4237 4239 4239 asfalt
F 4240 4241 4216 asfalt
F 4242 4247 4244 asfalt
F 4233 4245 4245 asfalt
F 4233 4235 4248 asfalt
F 4238 4249 4237 asfalt
F 4237 4241 4239 asfalt
F 4246 4247 4242 asfalt
F 4237 4249 4236 asfalt
F 4233 4248 4245 asfalt
F 4250 4251 4251 asfalt
F 4252 4253 4253 asfalt
F 4252 4254 4254 asfalt
F 4242 4255 4255 asfalt
F 4255 4242 4243 asfalt
F 4256 4257 4250 asfalt
F 4258 4260 4259 asfalt
F 4250 4261 4251 asfalt
F 4252 4262 4253 asfalt
F 4252 4263 4254 asfalt
F 4255 4264 4242 asfalt
F 4265 4252 4242 asfalt
F 4258 4259 4258 asfalt
F 4251 4266 4250 asfalt
F 4253 4250 4252 asfalt
F 4254 4267 4252 asfalt
F 4242 4264 4265 asfalt
F 4268 4258 4259 asfalt
F 4259 4250 4266 asfalt
F 4252 4262 4262 asfalt
F 4252 4263 4263 asfalt
F 4252 4265 4263 asfalt
F 4266 4268 4259 asfalt
F 4253 4256 4250 asfalt
F 4267 4269 4252 asfalt
F 4250 4261 4261 asfalt
F 4252 4269 4262 asfalt
F 4257 4261 4250 asfalt
F 4270 4271 4271 asfalt
F 4270 4272 4272 asfalt
F 4273 4274 4274 asfalt
F 4259 4275 4275 asfalt
F 4275 4259 4260 asfalt
F 4276 4277 4276 asfalt
F 4277 4276 4278 asfalt
F 4270 4279 4271 asfalt
F 4270 4280 4272 asfalt
F 4273 4281 4274 asfalt
F 4275 4282 4259 asfalt
F 4283 4273 4259 asfalt
F 4284 4276 4277 asfalt
F 4277 4270 4271 asfalt
F 4272 4285 4270 asfalt
F 4274 4286 4273 asfalt
F 4259 4282 4283 asfalt
F 4287 4284 4277 asfalt
F 4271 4287 4277 asfalt
F 4273 4280 4280 asfalt
F 4273 4281 4281 asfalt
F 4281 4273 4283 asfalt
F 4279 4270 4279 asfalt
F 4270 4273 4280 asfalt
F 4286 4288 4273 asfalt
F 4289 4279 4270 asfalt
F 4288 4280 4273 asfalt
F 4285 4289 4270 asfalt
F 4290 4290 4290 asfalt
F 4290 4290 4290 asfalt
F 4290 4290 4291 asfalt
F 4292 4294 4293 asfalt
F 4277 4295 4295 asfalt
F 4295 4277 4278 asfalt
F 4296 4297 4292 asfalt
F 4298 4204 4205 asfalt
F 4299 4301 4300 asfalt
F 4302 4303 4302 asfalt
F 4290 4290 4290 asfalt
F 4290 4290 4290 asfalt
F 4292 4293 4304 asfalt
F 4295 4305 4277 asfalt
F 4294 4292 4277 asfalt
F 4298 4298 4204 asfalt
F 4300 4303 4299 asfalt
F 4306 4290 4291 asfalt
F 4292 4294 4294 asfalt
F 4277 4305 4307 asfalt
F 4298 4298 4204 asfalt
F 4302 4299 4303 asfalt
F 4308 4290 4306 asfalt
F 4277 4307 4294 asfalt
F 4309 4204 4298 asfalt
F 4302 4303 4302 asfalt
F 4290 4310 4308 asfalt
F 4292 4304 4311 asfalt
F 4309 4309 4204 asfalt
F 4312 4302 4303 asfalt
F 4313 4308 4310 asfalt
F 4292 4311 4314 asfalt
F 4315 4204 4309 asfalt
F 4312 4303 4312 asfalt
F 4316 4313 4310 asfalt
F 4292 4314 4296 asfalt
F 4315 4315 4204 asfalt
F 4317 4312 4303 asfalt
F 4318 4316 4310 asfalt
F 4319 4297 4296 asfalt
F 4320 4204 4315 asfalt
F 4317 4303 4317 asfalt
F 4321 4318 4310 asfalt
F 4322 4297 4319 asfalt
F 4323 4204 4320 asfalt
F 4324 4317 4303 asfalt
F 4325 4321 4310 asfalt
F 4326 4297 4322 asfalt
F 4327 4204 4323 asfalt
F 4328 4324 4303 asfalt
F 4329 4325 4310 asfalt
F 4330 4297 4326 asfalt
F 4327 4327 4204 asfalt
F 4303 4204 4328 asfalt
F 4331 4329 4310 asfalt
F 4331 4297 4330 asfalt
F 4332 4204 4327 asfalt
F 4204 4333 4328 asfalt
F 4297 4331 4310 asfalt
F 4310 4297 4310 asfalt
F 4334 4204 4332 asfalt
F 4204 4335 4333 asfalt
F 4297 4310 4297 asfalt
F 4310 4297 4310 asfalt
F 4336 4204 4334 asfalt
F 4204 4337 4335 asfalt
F 4297 4310 4297 asfalt
F 4334 4338 4336 asfalt
F 4204 4336 4337 asfalt
F 4310 4297 4310 asfalt
F 4339 4336 4338 asfalt
F 4338 4340 4339 asfalt
F 4341 4297 4310 asfalt
F 4342 4339 4340 asfalt
F 4340 4342 4340 asfalt
F 4310 4343 4341 asfalt
F 4344 4342 4340 asfalt
F 4340 4345 4344 asfalt
F 4341 4343 4341 asfalt
F 4346 4344 4345 asfalt
F 4345 4347 4346 asfalt
F 4343 4341 4343 asfalt
F 4348 4346 4347 asfalt
F 4347 4349 4348 asfalt
F 4350 4341 4343 asfalt
F 4351 4348 4349 asfalt
F 4343 4351 4350 asfalt
F 4349 4350 4351 asfalt
F 4350 4351 4350 asfalt
F 4351 4350 4351 asfalt
F 4208 4352 4207 asfalt
F 4352 4354 4353 asfalt
F 4354 4303 4300 asfalt
F 4303 4208 4204 asfalt
F 4208 4354 4352 asfalt
F 4354 4208 4303 asfalt
F 4211 4355 4210 asfalt
F 4355 4357 4356 asfalt
F 4357 4352 4353 asfalt
F 4352 4211 4207 asfalt
F 4211 4357 4355 asfalt
F 4357 4211 4352 asfalt
F 4358 4355 4356 asfalt
F 4355 4212 4210 asfalt
F 4212 4359 4215 asfalt
F 4358 4361 4360 asfalt
F 4360 4355 4358 asfalt
F 4355 4359 4212 asfalt
F 4360 4359 4355 asfalt
F 4362 4363 4300 asfalt
F 4364 4366 4365 asfalt
F 4363 4362 4364 asfalt
F 4300 4301 4362 asfalt
F 4365 4363 4364 asfalt
F 4354 4367 4353 asfalt
F 4367 4369 4368 asfalt
F 4369 4363 4365 asfalt
F 4363 4354 4300 asfalt
F 4354 4369 4367 asfalt
F 4369 4354 4363 asfalt
F 4357 4370 4356 asfalt
F 4370 4372 4371 asfalt
F 4372 4367 4368 asfalt
F 4367 4357 4353 asfalt
F 4357 4372 4370 asfalt
F 4372 4357 4367 asfalt
F 4373 4370 4371 asfalt
F 4370 4358 4356 asfalt
F 4358 4374 4361 asfalt
F 4373 4376 4375 asfalt
F 4375 4370 4373 asfalt
F 4370 4374 4358 asfalt
F 4375 4374 4370 asfalt
F 4377 4378 4377 asfalt
F 4378 4378 4377 asfalt
F 4378 4377 4377 asfalt
F 4377 4365 4366 asfalt
F 4377 4378 4378 asfalt
F 4378 4377 4378 asfalt
F 4379 4365 4377 asfalt
F 4378 4379 4377 asfalt
F 4380 4369 4365 asfalt
F 4381 4382 4368 asfalt
F 4365 4379 4380 asfalt
F 4368 4369 4381 asfalt
F 4380 4381 4369 asfalt
F 4383 4372 4368 asfalt
F 4384 4385 4371 asfalt
F 4372 4383 4384 asfalt
F 4368 4382 4383 asfalt
F 4371 4372 4384 asfalt
F 4386 4386 4386 asfalt
F 4373 4371 4387 asfalt
F 4387 4371 4385 asfalt
F 4386 4376 4386 asfalt
F 4376 4373 4387 asfalt
F 4387 4386 4376 asfalt
F 4386 4386 4386 asfalt
F 4388 4390 4389 otopark
F 4390 4392 4391 otopark
F 4393 4390 4388 otopark
F 4390 4393 4392 otopark
F 4394 4396 4395 otopark
F 4396 4390 4391 otopark
F 4390 4397 4389 otopark
F 4398 4394 4399 otopark
F 4397 4390 4396 otopark
F 4396 4398 4397 otopark
F 4396 4394 4398 otopark
F 4400 4402 4401 otopark
F 4402 4394 4395 otopark
F 4394 4403 4399 otopark
F 4404 4400 4405 otopark
F 4403 4394 4402 otopark
F 4402 4404 4403 otopark
F 4402 4400 4404 otopark
F 4406 4408 4407 otopark
F 4406 4400 4401 otopark
F 4400 4409 4405 otopark
F 4407 4410 4409 otopark
F 4409 4400 4406 otopark
F 4407 4409 4406 otopark
F 4411 4412 4391 otopark
F 4412 4411 4413 otopark
F 4391 4392 4411 otopark
F 4412 4396 4391 otopark
F 4396 4414 4395 otopark
F 4414 4416 4415 otopark
F 4416 4413 4417 otopark
F 4416 4396 4412 otopark
F 4396 4416 4414 otopark
F 4412 4413 4416 otopark
F 4402 4418 4401 otopark
F 4418 4420 4419 otopark
F 4420 4414 4415 otopark
F 4414 4402 4395 otopark
F 4402 4420 4418 otopark
F 4420 4402 4414 otopark
F 4421 4423 4422 otopark
F 4423 4418 4419 otopark
F 4418 4406 4401 otopark
F 4406 4424 4408 otopark
F 4424 4423 4421 otopark
F 4424 4406 4418 otopark
F 4418 4423 4424 otopark
F 4425 4421 4422 otopark
F 4416 4426 4415 otopark
F 4426 4428 4427 otopark
F 4428 4430 4429 otopark
F 4416 4417 4431 otopark
F 4430 4426 4416 otopark
F 4426 4430 4428 otopark
F 4416 4431 4430 otopark
F 4420 4432 4419 otopark
F 4432 4434 4433 otopark
F 4434 4426 4427 otopark
F 4426 4420 4415 otopark
F 4420 4434 4432 otopark
F 4434 4420 4426 otopark
F 4423 4435 4422 otopark
F 4435 4437 4436 otopark
F 4437 4432 4433 otopark
F 4432 4423 4419 otopark
F 4423 4437 4435 otopark
F 4437 4423 4432 otopark
F 4438 4435 4436 otopark
F 4439 4425 4422 otopark
F 4436 4440 4438 otopark
F 4422 4435 4439 otopark
F 4438 4439 4435 otopark
F 4441 4443 4442 otopark
F 4442 4444 4441 otopark
F 4442 4445 4444 otopark
F 4446 4448 4447 otopark
F 4449 4443 4441 otopark
F 4448 4446 4449 otopark
F 4447 4450 4446 otopark
F 4441 4448 4449 otopark
F 4451 4453 4452 otopark
F 4454 4450 4447 otopark
F 4453 4451 4454 otopark
F 4452 4455 4451 otopark
F 4447 4453 4454 otopark
F 4456 4458 4457 otopark
F 4459 4455 4452 otopark
F 4458 4456 4459 otopark
F 4457 4460 4456 otopark
F 4452 4458 4459 otopark
F 4461 4463 4462 otopark
F 4464 4460 4457 otopark
F 4463 4461 4464 otopark
F 4462 4465 4461 otopark
F 4457 4463 4464 otopark
F 4466 4468 4467 otopark
F 4469 4465 4462 otopark
F 4468 4466 4469 otopark
F 4467 4470 4466 otopark
F 4462 4468 4469 otopark
F 4471 4473 4472 otopark
F 4474 4470 4467 otopark
F 4471 4476 4475 otopark
F 4475 4473 4471 otopark
F 4467 4473 4474 otopark
F 4475 4474 4473 otopark
F 4477 4428 4429 otopark
F 4428 4478 4427 otopark
F 4478 4480 4479 otopark
F 4480 4471 4472 otopark
F 4471 4477 4476 otopark
F 4477 4478 4428 otopark
F 4477 4471 4480 otopark
F 4480 4478 4477 otopark
F 4434 4481 4433 otopark
F 4481 4483 4482 otopark
F 4483 4478 4479 otopark
F 4478 4434 4427 otopark
F 4434 4483 4481 otopark
F 4483 4434 4478 otopark
F 4437 4484 4436 otopark
F 4484 4486 4485 otopark
F 4486 4481 4482 otopark
F 4481 4437 4433 otopark
F 4437 4486 4484 otopark
F 4486 4437 4481 otopark
F 4487 4484 4485 otopark
F 4488 4440 4436 otopark
F 4484 4487 4488 otopark
F 4485 4489 4487 otopark
F 4436 4484 4488 otopark
F 4490 4491 4441 otopark
F 4491 4490 4492 otopark
F 4441 4444 4490 otopark
F 4491 4448 4441 otopark
F 4448 4493 4447 otopark
F 4493 4495 4494 otopark
F 4495 4492 4496 otopark
F 4492 4448 4491 otopark
F 4448 4495 4493 otopark
F 4495 4448 4492 otopark
F 4453 4497 4452 otopark
F 4497 4499 4498 otopark
F 4499 4493 4494 otopark
F 4493 4453 4447 otopark
F 4453 4499 4497 otopark
F 4499 4453 4493 otopark
F 4458 4500 4457 otopark
F 4500 4502 4501 otopark
F 4502 4497 4498 otopark
F 4497 4458 4452 otopark
F 4458 4502 4500 otopark
F 4502 4458 4497 otopark
F 4463 4503 4462 otopark
F 4503 4505 4504 otopark
F 4505 4500 4501 otopark
F 4500 4463 4457 otopark
F 4463 4505 4503 otopark
F 4505 4463 4500 otopark
F 4468 4506 4467 otopark
F 4506 4508 4507 otopark
F 4508 4503 4504 otopark
F 4503 4468 4462 otopark
F 4468 4508 4506 otopark
F 4508 4468 4503 otopark
F 4473 4509 4472 otopark
F 4509 4511 4510 otopark
F 4511 4506 4507 otopark
F 4506 4473 4467 otopark
F 4473 4511 4509 otopark
F 4511 4473 4506 otopark
F 4480 4512 4479 otopark
F 4512 4514 4513 otopark
F 4514 4509 4510 otopark
F 4509 4480 4472 otopark
F 4480 4514 4512 otopark
F 4514 4480 4509 otopark
F 4483 4515 4482 otopark
F 4515 4517 4516 otopark
F 4517 4512 4513 otopark
F 4512 4483 4479 otopark
F 4483 4517 4515 otopark
F 4517 4483 4512 otopark
F 4486 4518 4485 otopark
F 4518 4520 4519 otopark
F 4520 4515 4516 otopark
F 4515 4486 4482 otopark
F 4486 4520 4518 otopark
F 4520 4486 4515 otopark
F 4521 4518 4519 otopark
F 4522 4489 4485 otopark
F 4519 4523 4521 otopark
F 4485 4518 4522 otopark
F 4521 4522 4518 otopark
F 4495 4524 4494 otopark
F 4524 4526 4525 otopark
F 4524 4495 4527 otopark
F 4527 4495 4496 otopark
F 4528 4526 4524 otopark
F 4527 4528 4524 otopark
F 4499 4529 4498 otopark
F 4529 4531 4530 otopark
F 4531 4524 4525 otopark
F 4524 4499 4494 otopark
F 4499 4531 4529 otopark
F 4531 4499 4524 otopark
F 4502 4532 4501 otopark
F 4532 4534 4533 otopark
F 4534 4529 4530 otopark
F 4529 4502 4498 otopark
F 4502 4534 4532 otopark
F 4534 4502 4529 otopark
F 4505 4535 4504 otopark
F 4535 4537 4536 otopark
F 4537 4532 4533 otopark
F 4532 4505 4501 otopark
F 4505 4537 4535 otopark
F 4537 4505 4532 otopark
F 4508 4538 4507 otopark
F 4538 4540 4539 otopark
F 4540 4535 4536 otopark
F 4535 4508 4504 otopark
F 4508 4540 4538 otopark
F 4540 4508 4535 otopark
F 4511 4541 4510 otopark
F 4541 4543 4542 otopark
F 4543 4538 4539 otopark
F 4538 4511 4507 otopark
F 4511 4543 4541 otopark
F 4543 4511 4538 otopark
F 4514 4544 4513 otopark
F 4544 4546 4545 otopark
F 4546 4541 4542 otopark
F 4541 4514 4510 otopark
F 4514 4546 4544 otopark
F 4546 4514 4541 otopark
F 4517 4547 4516 otopark
F 4547 4549 4548 otopark
F 4549 4544 4545 otopark
F 4544 4517 4513 otopark
F 4517 4549 4547 otopark
F 4549 4517 4544 otopark
F 4520 4550 4519 otopark
F 4550 4552 4551 otopark
F 4552 4547 4548 otopark
F 4547 4520 4516 otopark
F 4520 4552 4550 otopark
F 4552 4520 4547 otopark
F 4553 4550 4551 otopark
F 4554 4523 4519 otopark
F 4551 4555 4553 otopark
F 4519 4550 4554 otopark
F 4553 4554 4550 otopark
F 4526 4556 4525 otopark
F 4531 4525 4556 otopark
F 4531 4557 4530 otopark
F 4557 4559 4558 otopark
F 4556 4560 4531 otopark
F 4561 4557 4531 otopark
F 4557 4561 4559 otopark
F 4531 4560 4561 otopark
F 4534 4562 4533 otopark
F 4562 4564 4563 otopark
F 4564 4557 4558 otopark
F 4557 4534 4530 otopark
F 4534 4564 4562 otopark
F 4564 4534 4557 otopark
F 4537 4565 4536 otopark
F 4565 4567 4566 otopark
F 4567 4562 4563 otopark
F 4562 4537 4533 otopark
F 4537 4567 4565 otopark
F 4567 4537 4562 otopark
F 4540 4568 4539 otopark
F 4568 4570 4569 otopark
F 4570 4565 4566 otopark
F 4565 4540 4536 otopark
F 4540 4570 4568 otopark
F 4570 4540 4565 otopark
F 4543 4571 4542 otopark
F 4571 4573 4572 otopark
F 4573 4568 4569 otopark
F 4568 4543 4539 otopark
F 4543 4573 4571 otopark
F 4573 4543 4568 otopark
F 4546 4574 4545 otopark
F 4574 4576 4575 otopark
F 4576 4571 4572 otopark
F 4571 4546 4542 otopark
F 4546 4576 4574 otopark
F 4576 4546 4571 otopark
F 4549 4577 4548 otopark
F 4577 4579 4578 otopark
F 4579 4574 4575 otopark
F 4574 4549 4545 otopark
F 4549 4579 4577 otopark
F 4579 4549 4574 otopark
F 4552 4580 4551 otopark
F 4580 4582 4581 otopark
F 4582 4577 4578 otopark
F 4577 4552 4548 otopark
F 4552 4582 4580 otopark
F 4582 4552 4577 otopark
F 4583 4580 4581 otopark
F 4584 4555 4551 otopark
F 4580 4583 4584 otopark
F 4581 4585 4583 otopark
F 4551 4580 4584 otopark
F 4586 4587 4558 otopark
F 4587 4586 4588 otopark
F 4558 4559 4586 otopark
F 4587 4564 4558 otopark
F 4564 4589 4563 otopark
F 4589 4591 4590 otopark
F 4591 4588 4592 otopark
F 4588 4564 4587 otopark
F 4564 4591 4589 otopark
F 4591 4564 4588 otopark
F 4567 4593 4566 otopark
F 4593 4595 4594 otopark
F 4595 4589 4590 otopark
F 4589 4567 4563 otopark
F 4567 4595 4593 otopark
F 4595 4567 4589 otopark
F 4570 4596 4569 otopark
F 4596 4598 4597 otopark
F 4598 4593 4594 otopark
F 4593 4570 4566 otopark
F 4570 4598 4596 otopark
F 4598 4570 4593 otopark
F 4573 4599 4572 otopark
F 4599 4601 4600 otopark
F 4601 4596 4597 otopark
F 4596 4573 4569 otopark
F 4573 4601 4599 otopark
F 4601 4573 4596 otopark
F 4576 4602 4575 otopark
F 4602 4604 4603 otopark
F 4604 4599 4600 otopark
F 4599 4576 4572 otopark
F 4576 4604 4602 otopark
F 4604 4576 4599 otopark
F 4579 4605 4578 otopark
F 4605 4607 4606 otopark
F 4607 4602 4603 otopark
F 4602 4579 4575 otopark
F 4579 4607 4605 otopark
F 4607 4579 4602 otopark
F 4582 4608 4581 otopark
F 4608 4610 4609 otopark
F 4610 4605 4606 otopark
F 4605 4582 4578 otopark
F 4582 4610 4608 otopark
F 4610 4582 4605 otopark
F 4611 4608 4609 otopark
F 4612 4585 4581 otopark
F 4609 4613 4611 otopark
F 4581 4608 4612 otopark
F 4611 4612 4608 otopark
F 4591 4614 4590 otopark
F 4614 4616 4615 otopark
F 4614 4591 4617 otopark
F 4617 4591 4592 otopark
F 4618 4616 4614 otopark
F 4617 4618 4614 otopark
F 4595 4619 4594 otopark
F 4619 4621 4620 otopark
F 4621 4614 4615 otopark
F 4614 4595 4590 otopark
F 4595 4621 4619 otopark
F 4621 4595 4614 otopark
F 4598 4622 4597 otopark
F 4622 4624 4623 otopark
F 4624 4619 4620 otopark
F 4619 4598 4594 otopark
F 4598 4624 4622 otopark
F 4624 4598 4619 otopark
F 4601 4625 4600 otopark
F 4625 4627 4626 otopark
F 4627 4622 4623 otopark
F 4622 4601 4597 otopark
F 4601 4627 4625 otopark
F 4627 4601 4622 otopark
F 4604 4628 4603 otopark
F 4628 4630 4629 otopark
F 4630 4625 4626 otopark
F 4625 4604 4600 otopark
F 4604 4630 4628 otopark
F 4630 4604 4625 otopark
F 4607 4631 4606 otopark
F 4631 4633 4632 otopark
F 4633 4628 4629 otopark
F 4628 4607 4603 otopark
F 4607 4633 4631 otopark
F 4633 4607 4628 otopark
F 4610 4634 4609 otopark
F 4634 4636 4635 otopark
F 4636 4631 4632 otopark
F 4631 4610 4606 otopark
F 4610 4636 4634 otopark
F 4636 4610 4631 otopark
F 4637 4634 4635 otopark
F 4638 4613 4609 otopark
F 4635 4639 4637 otopark
F 4609 4634 4638 otopark
F 4637 4638 4634 otopark
F 4616 4640 4615 otopark
F 4640 4621 4615 otopark
F 4621 4641 4620 otopark
F 4641 4643 4642 otopark
F 4643 4645 4644 otopark
F 4645 4621 4640 otopark
F 4645 4643 4641 otopark
F 4641 4621 4645 otopark
F 4624 4646 4623 otopark
F 4646 4648 4647 otopark
F 4648 4641 4642 otopark
F 4641 4624 4620 otopark
F 4624 4648 4646 otopark
F 4648 4624 4641 otopark
F 4627 4649 4626 otopark
F 4649 4651 4650 otopark
F 4651 4646 4647 otopark
F 4646 4627 4623 otopark
F 4627 4651 4649 otopark
F 4651 4627 4646 otopark
F 4630 4652 4629 otopark
F 4652 4654 4653 otopark
F 4654 4649 4650 otopark
F 4649 4630 4626 otopark
F 4630 4654 4652 otopark
F 4654 4630 4649 otopark
F 4633 4655 4632 otopark
F 4655 4657 4656 otopark
F 4657 4652 4653 otopark
F 4652 4633 4629 otopark
F 4633 4657 4655 otopark
F 4657 4633 4652 otopark
F 4636 4658 4635 otopark
F 4658 4660 4659 otopark
F 4660 4655 4656 otopark
F 4655 4636 4632 otopark
F 4636 4660 4658 otopark
F 4660 4636 4655 otopark
F 4661 4658 4659 otopark
F 4662 4639 4635 otopark
F 4659 4663 4661 otopark
F 4635 4658 4662 otopark
F 4661 4662 4658 otopark
F 4664 4665 4642 otopark
F 4665 4667 4666 otopark
F 4664 4643 4644 otopark
F 4664 4667 4665 otopark
F 4642 4643 4664 otopark
F 4665 4648 4642 otopark
F 4648 4668 4647 otopark
F 4668 4670 4669 otopark
F 4670 4666 4671 otopark
F 4670 4648 4665 otopark
F 4648 4670 4668 otopark
F 4665 4666 4670 otopark
F 4651 4672 4650 otopark
F 4672 4674 4673 otopark
F 4674 4668 4669 otopark
F 4668 4651 4647 otopark
F 4651 4674 4672 otopark
F 4674 4651 4668 otopark
F 4654 4675 4653 otopark
F 4675 4677 4676 otopark
F 4677 4672 4673 otopark
F 4672 4654 4650 otopark
F 4654 4677 4675 otopark
F 4677 4654 4672 otopark
F 4657 4678 4656 otopark
F 4678 4680 4679 otopark
F 4680 4675 4676 otopark
F 4675 4657 4653 otopark
F 4657 4680 4678 otopark
F 4680 4657 4675 otopark
F 4660 4681 4659 otopark
F 4681 4683 4682 otopark
F 4683 4678 4679 otopark
F 4678 4660 4656 otopark
F 4660 4683 4681 otopark
F 4683 4660 4678 otopark
F 4684 4681 4682 otopark
F 4685 4663 4659 otopark
F 4681 4684 4686 otopark
F 4686 4684 4687 otopark
F 4659 4681 4685 otopark
F 4686 4685 4681 otopark
F 4670 4688 4669 otopark
F 4688 4690 4689 otopark
F 4670 4692 4691 otopark
F 4692 4670 4671 otopark
F 4691 4690 4688 otopark
F 4688 4670 4691 otopark
F 4674 4693 4673 otopark
F 4693 4695 4694 otopark
F 4695 4688 4689 otopark
F 4688 4674 4669 otopark
F 4674 4695 4693 otopark
F 4695 4674 4688 otopark
F 4677 4696 4676 otopark
F 4696 4698 4697 otopark
F 4698 4693 4694 otopark
F 4693 4677 4673 otopark
F 4677 4698 4696 otopark
F 4698 4677 4693 otopark
F 4680 4699 4679 otopark
F 4699 4701 4700 otopark
F 4701 4696 4697 otopark
F 4696 4680 4676 otopark
F 4680 4701 4699 otopark
F 4701 4680 4696 otopark
F 4683 4702 4682 otopark
F 4702 4704 4703 otopark
F 4704 4699 4700 otopark
F 4699 4683 4679 otopark
F 4683 4704 4702 otopark
F 4704 4683 4699 otopark
F 4705 4702 4703 otopark
F 4702 4684 4682 otopark
F 4684 4706 4687 otopark
F 4705 4708 4707 otopark
F 4707 4702 4705 otopark
F 4702 4706 4684 otopark
F 4707 4706 4702 otopark
F 4709 4710 4689 otopark
F 4710 4709 4711 otopark
F 4689 4690 4709 otopark
F 4710 4695 4689 otopark
F 4695 4712 4694 otopark
F 4712 4714 4713 otopark
F 4714 4716 4715 otopark
F 4695 4710 4711 otopark
F 4716 4712 4695 otopark
F 4712 4716 4714 otopark
F 4711 4716 4695 otopark
F 4698 4717 4697 otopark
F 4717 4719 4718 otopark
F 4719 4712 4713 otopark
F 4712 4698 4694 otopark
F 4698 4719 4717 otopark
F 4719 4698 4712 otopark
F 4701 4720 4700 otopark
F 4720 4722 4721 otopark
F 4722 4717 4718 otopark
F 4717 4701 4697 otopark
F 4701 4722 4720 otopark
F 4722 4701 4717 otopark
F 4704 4723 4703 otopark
F 4723 4725 4724 otopark
F 4725 4720 4721 otopark
F 4720 4704 4700 otopark
F 4704 4725 4723 otopark
F 4725 4704 4720 otopark
F 4726 4723 4724 otopark
F 4723 4705 4703 otopark
F 4705 4727 4708 otopark
F 4726 4729 4728 otopark
F 4728 4723 4726 otopark
F 4723 4727 4705 otopark
F 4728 4727 4723 otopark
F 4714 4730 4713 otopark
F 4730 4732 4731 otopark
F 4714 4715 4733 otopark
F 4733 4730 4714 otopark
F 4730 4734 4732 otopark
F 4733 4734 4730 otopark
F 4719 4735 4718 otopark
F 4735 4737 4736 otopark
F 4737 4730 4731 otopark
F 4730 4719 4713 otopark
F 4719 4737 4735 otopark
F 4737 4719 4730 otopark
F 4722 4738 4721 otopark
F 4738 4740 4739 otopark
F 4740 4735 4736 otopark
F 4735 4722 4718 otopark
F 4722 4740 4738 otopark
F 4740 4722 4735 otopark
F 4725 4741 4724 otopark
F 4741 4743 4742 otopark
F 4743 4738 4739 otopark
F 4738 4725 4721 otopark
F 4725 4743 4741 otopark
F 4743 4725 4738 otopark
F 4744 4741 4742 otopark
F 4741 4726 4724 otopark
F 4726 4745 4729 otopark
F 4744 4747 4746 otopark
F 4746 4741 4744 otopark
F 4741 4745 4726 otopark
F 4746 4745 4741 otopark
F 4732 4748 4731 otopark
F 4737 4748 4749 otopark
F 4748 4737 4731 otopark
F 4737 4750 4736 otopark
F 4750 4752 4751 otopark
F 4750 4737 4749 otopark
F 4753 4752 4750 otopark
F 4749 4753 4750 otopark
F 4740 4754 4739 otopark
F 4754 4756 4755 otopark
F 4756 4750 4751 otopark
F 4750 4740 4736 otopark
F 4740 4756 4754 otopark
F 4756 4740 4750 otopark
F 4743 4757 4742 otopark
F 4757 4759 4758 otopark
F 4759 4754 4755 otopark
F 4754 4743 4739 otopark
F 4743 4759 4757 otopark
F 4759 4743 4754 otopark
F 4760 4757 4758 otopark
F 4757 4744 4742 otopark
F 4744 4761 4747 otopark
F 4760 4763 4762 otopark
F 4762 4757 4760 otopark
F 4757 4761 4744 otopark
F 4762 4761 4757 otopark
F 4764 4751 4752 otopark
F 4765 4764 4766 otopark
F 4765 4751 4764 otopark
F 4765 4756 4751 otopark
F 4756 4767 4755 otopark
F 4767 4769 4768 otopark
F 4769 4771 4770 otopark
F 4756 4765 4766 otopark
F 4771 4767 4756 otopark
F 4767 4771 4769 otopark
F 4766 4771 4756 otopark
F 4759 4772 4758 otopark
F 4772 4774 4773 otopark
F 4774 4767 4768 otopark
F 4767 4759 4755 otopark
F 4759 4774 4772 otopark
F 4774 4759 4767 otopark
F 4775 4772 4773 otopark
F 4772 4760 4758 otopark
F 4760 4776 4763 otopark
F 4775 4778 4777 otopark
F 4777 4772 4775 otopark
F 4772 4776 4760 otopark
F 4777 4776 4772 otopark
F 4769 4779 4768 otopark
F 4779 4781 4780 otopark
F 4781 4769 4770 otopark
F 4769 4781 4779 otopark
F 4779 4774 4768 otopark
F 4774 4782 4773 otopark
F 4782 4784 4783 otopark
F 4784 4780 4785 otopark
F 4784 4774 4779 otopark
F 4774 4784 4782 otopark
F 4779 4780 4784 otopark
F 4786 4782 4783 otopark
F 4782 4775 4773 otopark
F 4775 4787 4778 otopark
F 4786 4789 4788 otopark
F 4788 4782 4786 otopark
F 4782 4787 4775 otopark
F 4788 4787 4782 otopark
F 4784 4790 4783 otopark
F 4791 4793 4792 otopark
F 4790 4794 4791 otopark
F 4795 4784 4785 otopark
F 4790 4784 4795 otopark
F 4792 4790 4791 otopark
F 4795 4794 4790 otopark
F 4796 4796 4797 otopark
F 4797 4790 4792 otopark
F 4790 4786 4783 otopark
F 4786 4798 4789 otopark
F 4786 4790 4797 otopark
F 4797 4798 4786 otopark
F 4797 4796 4798 otopark
F 4799 4801 4800 kaldirim
F 4801 4799 4802 kaldirim
F 4803 4805 4804 kaldirim
F 4806 4800 4801 kaldirim
F 4805 4803 4806 kaldirim
F 4804 4807 4803 kaldirim
F 4801 4805 4806 kaldirim
F 4808 4804 4809 kaldirim
F 4804 4808 4807 kaldirim
F 4810 4811 4801 kaldirim
F 4810 4813 4812 kaldirim
F 4801 4802 4810 kaldirim
F 4812 4811 4810 kaldirim
F 4811 4805 4801 kaldirim
F 4805 4814 4804 kaldirim
F 4814 4816 4815 kaldirim
F 4817 4811 4812 kaldirim
F 4816 4814 4805 kaldirim
F 4805 4817 4816 kaldirim
F 4805 4811 4817 kaldirim
F 4818 4814 4815 kaldirim
F 4814 4809 4804 kaldirim
F 4819 4814 4818 kaldirim
F 4814 4819 4809 kaldirim
F 4820 4822 4821 kaldirim
F 4821 4823 4820 kaldirim
F 4824 4826 4825 kaldirim
F 4821 4826 4823 kaldirim
F 4824 4826 4826 kaldirim
F 4824 4823 4826 kaldirim
F 4826 4824 4826 kaldirim
F 4826 4824 4826 kaldirim
F 4827 4829 4828 kaldirim
F 4822 4820 4830 kaldirim
F 4830 4831 4822 kaldirim
F 4828 4832 4827 kaldirim
F 4830 4829 4831 kaldirim
F 4831 4829 4827 kaldirim
F 4833 4835 4834 kaldirim
F 4832 4828 4836 kaldirim
F 4836 4837 4832 kaldirim
F 4834 4838 4833 kaldirim
F 4837 4836 4835 kaldirim
F 4835 4833 4837 kaldirim
F 4839 4841 4840 kaldirim
F 4838 4834 4842 kaldirim
F 4842 4843 4838 kaldirim
F 4840 4844 4839 kaldirim
F 4843 4842 4841 kaldirim
F 4841 4839 4843 kaldirim
F 4845 4847 4846 kaldirim
F 4844 4840 4848 kaldirim
F 4848 4849 4844 kaldirim
F 4846 4850 4845 kaldirim
F 4848 4847 4849 kaldirim
F 4849 4847 4845 kaldirim
F 4851 4853 4852 kaldirim
F 4850 4846 4854 kaldirim
F 4854 4855 4850 kaldirim
F 4856 4853 4851 kaldirim
F 4854 4856 4855 kaldirim
F 4851 4855 4856 kaldirim
F 4857 4851 4852 kaldirim
F 4858 4859 4852 kaldirim
F 4859 4858 4860 kaldirim
F 4852 4853 4858 kaldirim
F 4861 4860 4862 kaldirim
F 4863 4857 4852 kaldirim
F 4860 4861 4864 kaldirim
F 4864 4859 4860 kaldirim
F 4852 4859 4863 kaldirim
F 4864 4863 4859 kaldirim
F 4865 4867 4866 kaldirim
F 4861 4862 4868 kaldirim
F 4868 4869 4861 kaldirim
F 4866 4870 4865 kaldirim
F 4868 4867 4869 kaldirim
F 4869 4867 4865 kaldirim
F 4871 4873 4872 kaldirim
F 4870 4866 4874 kaldirim
F 4874 4875 4870 kaldirim
F 4872 4876 4871 kaldirim
F 4875 4874 4873 kaldirim
F 4873 4871 4875 kaldirim
F 4877 4879 4878 kaldirim
F 4876 4872 4880 kaldirim
F 4880 4881 4876 kaldirim
F 4878 4882 4877 kaldirim
F 4881 4880 4879 kaldirim
F 4879 4877 4881 kaldirim
F 4883 4885 4884 kaldirim
F 4882 4878 4886 kaldirim
F 4886 4887 4882 kaldirim
F 4884 4888 4883 kaldirim
F 4886 4885 4887 kaldirim
F 4887 4885 4883 kaldirim
F 4889 4891 4890 kaldirim
F 4888 4884 4892 kaldirim
F 4892 4893 4888 kaldirim
F 4890 4894 4889 kaldirim
F 4893 4892 4891 kaldirim
F 4891 4889 4893 kaldirim
F 4895 4897 4896 kaldirim
F 4894 4890 4898 kaldirim
F 4898 4899 4894 kaldirim
F 4896 4900 4895 kaldirim
F 4899 4898 4897 kaldirim
F 4897 4895 4899 kaldirim
F 4901 4903 4902 kaldirim
F 4900 4896 4904 kaldirim
F 4904 4905 4900 kaldirim
F 4902 4906 4901 kaldirim
F 4904 4903 4905 kaldirim
F 4905 4903 4901 kaldirim
F 4907 4909 4908 kaldirim
F 4906 4902 4910 kaldirim
F 4910 4911 4906 kaldirim
F 4908 4912 4907 kaldirim
F 4911 4910 4909 kaldirim
F 4909 4907 4911 kaldirim
F 4913 4915 4914 kaldirim
F 4912 4908 4916 kaldirim
F 4916 4917 4912 kaldirim
F 4914 4918 4913 kaldirim
F 4917 4916 4915 kaldirim
F 4915 4913 4917 kaldirim
F 4919 4921 4920 kaldirim
F 4918 4914 4922 kaldirim
F 4922 4923 4918 kaldirim
F 4920 4924 4919 kaldirim
F 4922 4921 4923 kaldirim
F 4923 4921 4919 kaldirim
F 4925 4927 4926 kaldirim
F 4924 4920 4928 kaldirim
F 4928 4929 4924 kaldirim
F 4926 4930 4925 kaldirim
F 4929 4928 4927 kaldirim
F 4927 4925 4929 kaldirim
F 4931 4933 4932 kaldirim
F 4933 4931 4934 kaldirim
F 4935 4926 4936 kaldirim
F 4926 4935 4930 kaldirim
F 4936 4931 4932 kaldirim
F 4932 4935 4936 kaldirim
F 4937 4939 4938 kaldirim
F 4933 4934 4940 kaldirim
F 4940 4941 4933 kaldirim
F 4938 4942 4937 kaldirim
F 4940 4939 4941 kaldirim
F 4941 4939 4937 kaldirim
F 4943 4945 4944 kaldirim
F 4942 4938 4946 kaldirim
F 4946 4947 4942 kaldirim
F 4944 4948 4943 kaldirim
F 4946 4945 4947 kaldirim
F 4947 4945 4943 kaldirim
F 4949 4951 4950 kaldirim
F 4948 4944 4952 kaldirim
F 4952 4953 4948 kaldirim
F 4950 4954 4949 kaldirim
F 4952 4951 4953 kaldirim
F 4953 4951 4949 kaldirim
F 4955 4957 4956 kaldirim
F 4958 4950 4959 kaldirim
F 4950 4958 4954 kaldirim
F 4956 4960 4955 kaldirim
F 4960 4958 4959 kaldirim
F 4959 4955 4960 kaldirim
F 4961 4960 4956 kaldirim
F 4960 4961 4958 kaldirim
F 4956 4962 4961 kaldirim
F 4957 4963 4956 kaldirim
F 4964 4966 4965 kaldirim
F 4962 4956 4963 kaldirim
F 4963 4967 4962 kaldirim
F 4965 4968 4964 kaldirim
F 4963 4966 4967 kaldirim
F 4967 4966 4964 kaldirim
F 4969 4971 4970 kaldirim
F 4968 4965 4972 kaldirim
F 4972 4973 4968 kaldirim
F 4970 4974 4969 kaldirim
F 4972 4971 4973 kaldirim
F 4973 4971 4969 kaldirim
F 4975 4977 4976 kaldirim
F 4974 4970 4978 kaldirim
F 4978 4979 4974 kaldirim
F 4976 4980 4975 kaldirim
F 4978 4977 4979 kaldirim
F 4979 4977 4975 kaldirim
F 4980 4976 4981 kaldirim
F 4981 4982 4980 kaldirim
F 4983 4985 4984 cim
F 4985 4983 4986 cim
F 4984 4987 4983 cim
F 4988 4990 4989 cim
F 4991 4987 4984 cim
F 4989 4992 4988 cim
F 4984 4990 4991 cim
F 4988 4991 4990 cim
F 4993 4995 4994 cim
F 4996 4992 4989 cim
F 4994 4997 4993 cim
F 4989 4995 4996 cim
F 4993 4996 4995 cim
F 4998 5000 4999 cim
F 5001 4997 4994 cim
F 4999 5002 4998 cim
F 4994 5000 5001 cim
F 4998 5001 5000 cim
F 5003 5005 5004 cim
F 5006 5002 4999 cim
F 5004 5007 5003 cim
F 4999 5005 5006 cim
F 5003 5006 5005 cim
F 5008 5010 5009 cim
F 5011 5007 5004 cim
F 5011 5010 5008 cim
F 5012 5007 5011 cim
F 5008 5012 5011 cim
F 5013 5015 5014 cim
F 5013 5017 5016 cim
F 5018 5015 5013 cim
F 5016 5018 5013 cim
F 5019 5021 5020 cim
F 5021 5013 5014 cim
F 5013 5022 5017 cim
F 5019 5024 5023 cim
F 5023 5021 5019 cim
F 5021 5022 5013 cim
F 5023 5022 5021 cim
F 5025 5027 5026 cim
F 5027 5019 5020 cim
F 5019 5028 5024 cim
F 5025 5030 5029 cim
F 5029 5027 5025 cim
F 5027 5028 5019 cim
F 5029 5028 5027 cim
F 5031 5033 5032 cim
F 5033 5025 5026 cim
F 5025 5034 5030 cim
F 5031 5036 5035 cim
F 5034 5033 5031 cim
F 5033 5034 5025 cim
F 5031 5035 5034 cim
F 4985 5037 4984 cim
F 5037 5039 5038 cim
F 5039 5031 5032 cim
F 5031 4986 5036 cim
F 4986 5037 4985 cim
F 5037 5031 5039 cim
F 5031 5037 4986 cim
F 4990 5040 4989 cim
F 5040 5042 5041 cim
F 5042 5037 5038 cim
F 5037 4990 4984 cim
F 4990 5042 5040 cim
F 5042 4990 5037 cim
F 4995 5043 4994 cim
F 5043 5045 5044 cim
F 5045 5040 5041 cim
F 5040 4995 4989 cim
F 4995 5045 5043 cim
F 5045 4995 5040 cim
F 5000 5046 4999 cim
F 5046 5048 5047 cim
F 5048 5043 5044 cim
F 5043 5000 4994 cim
F 5000 5048 5046 cim
F 5048 5000 5043 cim
F 5005 5049 5004 cim
F 5049 5051 5050 cim
F 5051 5046 5047 cim
F 5046 5005 4999 cim
F 5005 5051 5049 cim
F 5051 5005 5046 cim
F 5010 5053 5052 cim
F 5054 5056 5055 cim
F 5054 5049 5050 cim
F 5049 5011 5004 cim
F 5052 5057 5010 cim
F 5049 5054 5055 cim
F 5055 5011 5049 cim
F 5010 5011 5053 cim
F 5055 5053 5011 cim
F 5058 5059 5014 cim
F 5060 5062 5061 cim
F 5014 5015 5058 cim
F 5061 5059 5060 cim
F 5058 5060 5059 cim
F 5021 5063 5020 cim
F 5063 5065 5064 cim
F 5065 5059 5061 cim
F 5059 5021 5014 cim
F 5021 5065 5063 cim
F 5065 5021 5059 cim
F 5027 5066 5026 cim
F 5066 5068 5067 cim
F 5068 5063 5064 cim
F 5063 5027 5020 cim
F 5027 5068 5066 cim
F 5068 5027 5063 cim
F 5033 5069 5032 cim
F 5069 5071 5070 cim
F 5071 5066 5067 cim
F 5066 5033 5026 cim
F 5033 5071 5069 cim
F 5071 5033 5066 cim
F 5039 5072 5038 cim
F 5072 5074 5073 cim
F 5074 5069 5070 cim
F 5069 5039 5032 cim
F 5039 5074 5072 cim
F 5074 5039 5069 cim
F 5042 5075 5041 cim
F 5075 5077 5076 cim
F 5077 5072 5073 cim
F 5072 5042 5038 cim
F 5042 5077 5075 cim
F 5077 5042 5072 cim
F 5045 5078 5044 cim
F 5078 5080 5079 cim
F 5080 5075 5076 cim
F 5075 5045 5041 cim
F 5045 5080 5078 cim
F 5080 5045 5075 cim
F 5048 5081 5047 cim
F 5081 5083 5082 cim
F 5083 5078 5079 cim
F 5078 5048 5044 cim
F 5048 5083 5081 cim
F 5083 5048 5078 cim
F 5051 5084 5050 cim
F 5084 5086 5085 cim
F 5086 5081 5082 cim
F 5081 5051 5047 cim
F 5051 5086 5084 cim
F 5086 5051 5081 cim
F 5087 5084 5085 cim
F 5084 5054 5050 cim
F 5054 5088 5056 cim
F 5087 5090 5089 cim
F 5089 5084 5087 cim
F 5084 5088 5054 cim
F 5089 5088 5084 cim
F 5091 5092 5061 cim
F 5092 5091 5093 cim
F 5061 5062 5091 cim
F 5092 5065 5061 cim
F 5065 5094 5064 cim
F 5094 5096 5095 cim
F 5096 5093 5097 cim
F 5096 5065 5092 cim
F 5065 5096 5094 cim
F 5092 5093 5096 cim
F 5068 5098 5067 cim
F 5098 5100 5099 cim
F 5100 5094 5095 cim
F 5094 5068 5064 cim
F 5068 5100 5098 cim
F 5100 5068 5094 cim
F 5071 5101 5070 cim
F 5101 5103 5102 cim
F 5103 5098 5099 cim
F 5098 5071 5067 cim
F 5071 5103 5101 cim
F 5103 5071 5098 cim
F 5074 5104 5073 cim
F 5104 5106 5105 cim
F 5106 5101 5102 cim
F 5101 5074 5070 cim
F 5074 5106 5104 cim
F 5106 5074 5101 cim
F 5077 5107 5076 cim
F 5107 5109 5108 cim
F 5109 5104 5105 cim
F 5104 5077 5073 cim
F 5077 5109 5107 cim
F 5109 5077 5104 cim
F 5080 5110 5079 cim
F 5110 5112 5111 cim
F 5112 5107 5108 cim
F 5107 5080 5076 cim
F 5080 5112 5110 cim
F 5112 5080 5107 cim
F 5083 5113 5082 cim
F 5113 5115 5114 cim
F 5115 5110 5111 cim
F 5110 5083 5079 cim
F 5083 5115 5113 cim
F 5115 5083 5110 cim
F 5086 5116 5085 cim
F 5116 5118 5117 cim
F 5118 5113 5114 cim
F 5113 5086 5082 cim
F 5086 5118 5116 cim
F 5118 5086 5113 cim
F 5119 5116 5117 cim
F 5116 5087 5085 cim
F 5087 5120 5090 cim
F 5119 5122 5121 cim
F 5121 5116 5119 cim
F 5116 5120 5087 cim
F 5121 5120 5116 cim
F 5096 5123 5095 cim
F 5123 5125 5124 cim
F 5125 5127 5126 cim
F 5096 5097 5128 cim
F 5127 5123 5096 cim
F 5123 5127 5125 cim
F 5096 5128 5127 cim
F 5100 5129 5099 cim
F 5129 5131 5130 cim
F 5131 5123 5124 cim
F 5123 5100 5095 cim
F 5100 5131 5129 cim
F 5131 5100 5123 cim
F 5103 5132 5102 cim
F 5132 5134 5133 cim
F 5134 5129 5130 cim
F 5129 5103 5099 cim
F 5103 5134 5132 cim
F 5134 5103 5129 cim
F 5106 5135 5105 cim
F 5135 5137 5136 cim
F 5137 5132 5133 cim
F 5132 5106 5102 cim
F 5106 5137 5135 cim
F 5137 5106 5132 cim
F 5109 5138 5108 cim
F 5138 5140 5139 cim
F 5140 5135 5136 cim
F 5135 5109 5105 cim
F 5109 5140 5138 cim
F 5140 5109 5135 cim
F 5112 5141 5111 cim
F 5141 5143 5142 cim
F 5143 5138 5139 cim
F 5138 5112 5108 cim
F 5112 5143 5141 cim
F 5143 5112 5138 cim
F 5115 5144 5114 cim
F 5144 5146 5145 cim
F 5146 5141 5142 cim
F 5141 5115 5111 cim
F 5115 5146 5144 cim
F 5146 5115 5141 cim
F 5118 5147 5117 cim
F 5147 5149 5148 cim
F 5149 5144 5145 cim
F 5144 5118 5114 cim
F 5118 5149 5147 cim
F 5149 5118 5144 cim
F 5150 5147 5148 cim
F 5147 5119 5117 cim
F 5119 5151 5122 cim
F 5150 5153 5152 cim
F 5152 5147 5150 cim
F 5147 5151 5119 cim
F 5152 5151 5147 cim
F 5125 5154 5124 cim
F 5154 5156 5155 cim
F 5156 5158 5157 cim
F 5125 5126 5159 cim
F 5159 5154 5125 cim
F 5154 5158 5156 cim
F 5159 5158 5154 cim
F 5131 5160 5130 cim
F 5160 5162 5161 cim
F 5162 5154 5155 cim
F 5154 5131 5124 cim
F 5131 5162 5160 cim
F 5162 5131 5154 cim
F 5134 5163 5133 cim
F 5163 5165 5164 cim
F 5165 5160 5161 cim
F 5160 5134 5130 cim
F 5134 5165 5163 cim
F 5165 5134 5160 cim
F 5137 5166 5136 cim
F 5166 5168 5167 cim
F 5168 5163 5164 cim
F 5163 5137 5133 cim
F 5137 5168 5166 cim
F 5168 5137 5163 cim
F 5140 5169 5139 cim
F 5169 5171 5170 cim
F 5171 5166 5167 cim
F 5166 5140 5136 cim
F 5140 5171 5169 cim
F 5171 5140 5166 cim
F 5143 5172 5142 cim
F 5172 5174 5173 cim
F 5174 5169 5170 cim
F 5169 5143 5139 cim
F 5143 5174 5172 cim
F 5174 5143 5169 cim
F 5146 5175 5145 cim
F 5175 5177 5176 cim
F 5177 5172 5173 cim
F 5172 5146 5142 cim
F 5146 5177 5175 cim
F 5177 5146 5172 cim
F 5149 5178 5148 cim
F 5178 5180 5179 cim
F 5180 5175 5176 cim
F 5175 5149 5145 cim
F 5149 5180 5178 cim
F 5180 5149 5175 cim
F 5181 5178 5179 cim
F 5178 5150 5148 cim
F 5150 5182 5153 cim
F 5181 5184 5183 cim
F 5183 5178 5181 cim
F 5178 5182 5150 cim
F 5183 5182 5178 cim
F 5156 5185 5155 cim
F 5185 5187 5186 cim
F 5187 5189 5188 cim
F 5156 5157 5190 cim
F 5190 5185 5156 cim
F 5185 5189 5187 cim
F 5190 5189 5185 cim
F 5162 5191 5161 cim
F 5191 5193 5192 cim
F 5193 5185 5186 cim
F 5185 5162 5155 cim
F 5162 5193 5191 cim
F 5193 5162 5185 cim
F 5165 5194 5164 cim
F 5194 5196 5195 cim
F 5196 5191 5192 cim
F 5191 5165 5161 cim
F 5165 5196 5194 cim
F 5196 5165 5191 cim
F 5168 5197 5167 cim
F 5197 5199 5198 cim
F 5199 5194 5195 cim
F 5194 5168 5164 cim
F 5168 5199 5197 cim
F 5199 5168 5194 cim
F 5171 5200 5170 cim
F 5200 5202 5201 cim
F 5202 5197 5198 cim
F 5197 5171 5167 cim
F 5171 5202 5200 cim
F 5202 5171 5197 cim
F 5174 5203 5173 cim
F 5203 5205 5204 cim
F 5205 5200 5201 cim
F 5200 5174 5170 cim
F 5174 5205 5203 cim
F 5205 5174 5200 cim
F 5177 5206 5176 cim
F 5206 5208 5207 cim
F 5208 5203 5204 cim
F 5203 5177 5173 cim
F 5177 5208 5206 cim
F 5208 5177 5203 cim
F 5180 5209 5179 cim
F 5209 5211 5210 cim
F 5211 5206 5207 cim
F 5206 5180 5176 cim
F 5180 5211 5209 cim
F 5211 5180 5206 cim
F 5212 5209 5210 cim
F 5209 5181 5179 cim
F 5181 5213 5184 cim
F 5212 5215 5214 cim
F 5213 5209 5212 cim
F 5209 5213 5181 cim
F 5212 5214 5213 cim
F 5187 5216 5186 cim
F 5216 5218 5217 cim
F 5218 5220 5219 cim
F 5187 5188 5221 cim
F 5221 5216 5187 cim
F 5216 5220 5218 cim
F 5221 5220 5216 cim
F 5193 5222 5192 cim
F 5222 5224 5223 cim
F 5224 5216 5217 cim
F 5216 5193 5186 cim
F 5193 5224 5222 cim
F 5224 5193 5216 cim
F 5196 5225 5195 cim
F 5225 5227 5226 cim
F 5227 5222 5223 cim
F 5222 5196 5192 cim
F 5196 5227 5225 cim
F 5227 5196 5222 cim
F 5199 5228 5198 cim
F 5228 5230 5229 cim
F 5230 5225 5226 cim
F 5225 5199 5195 cim
F 5199 5230 5228 cim
F 5230 5199 5225 cim
F 5202 5231 5201 cim
F 5231 5233 5232 cim
F 5233 5228 5229 cim
F 5228 5202 5198 cim
F 5202 5233 5231 cim
F 5233 5202 5228 cim
F 5205 5234 5204 cim
F 5234 5236 5235 cim
F 5236 5231 5232 cim
F 5231 5205 5201 cim
F 5205 5236 5234 cim
F 5236 5205 5231 cim
F 5208 5237 5207 cim
F 5237 5239 5238 cim
F 5239 5234 5235 cim
F 5234 5208 5204 cim
F 5208 5239 5237 cim
F 5239 5208 5234 cim
F 5211 5240 5210 cim
F 5240 5242 5241 cim
F 5242 5237 5238 cim
F 5237 5211 5207 cim
F 5211 5242 5240 cim
F 5242 5211 5237 cim
F 5243 5245 5244 cim
F 5245 5240 5241 cim
F 5240 5212 5210 cim
F 5212 5246 5215 cim
F 5246 5245 5243 cim
F 5245 5212 5240 cim
F 5212 5245 5246 cim
F 5247 5243 5244 cim
F 5218 5248 5217 cim
F 5248 5250 5249 cim
F 5250 5252 5251 cim
F 5218 5219 5253 cim
F 5253 5248 5218 cim
F 5248 5252 5250 cim
F 5253 5252 5248 cim
F 5224 5254 5223 cim
F 5254 5256 5255 cim
F 5256 5248 5249 cim
F 5248 5224 5217 cim
F 5224 5256 5254 cim
F 5256 5224 5248 cim
F 5227 5257 5226 cim
F 5257 5259 5258 cim
F 5259 5254 5255 cim
F 5254 5227 5223 cim
F 5227 5259 5257 cim
F 5259 5227 5254 cim
F 5230 5260 5229 cim
F 5260 5262 5261 cim
F 5262 5257 5258 cim
F 5257 5230 5226 cim
F 5230 5262 5260 cim
F 5262 5230 5257 cim
F 5233 5263 5232 cim
F 5263 5265 5264 cim
F 5265 5260 5261 cim
F 5260 5233 5229 cim
F 5233 5265 5263 cim
F 5265 5233 5260 cim
F 5236 5266 5235 cim
F 5266 5268 5267 cim
F 5268 5263 5264 cim
F 5263 5236 5232 cim
F 5236 5268 5266 cim
F 5268 5236 5263 cim
F 5239 5269 5238 cim
F 5269 5271 5270 cim
F 5271 5266 5267 cim
F 5266 5239 5235 cim
F 5239 5271 5269 cim
F 5271 5239 5266 cim
F 5242 5272 5241 cim
F 5272 5274 5273 cim
F 5274 5269 5270 cim
F 5269 5242 5238 cim
F 5242 5274 5272 cim
F 5274 5242 5269 cim
F 5245 5275 5244 cim
F 5275 5277 5276 cim
F 5277 5272 5273 cim
F 5272 5245 5241 cim
F 5245 5277 5275 cim
F 5277 5245 5272 cim
F 5278 5275 5276 cim
F 5279 5247 5244 cim
F 5276 5280 5278 cim
F 5244 5275 5279 cim
F 5278 5279 5275 cim
F 5250 5281 5249 cim
F 5281 5283 5282 cim
F 5283 5285 5284 cim
F 5250 5251 5286 cim
F 5286 5281 5250 cim
F 5281 5285 5283 cim
F 5286 5285 5281 cim
F 5256 5287 5255 cim
F 5287 5289 5288 cim
F 5289 5281 5282 cim
F 5281 5256 5249 cim
F 5256 5289 5287 cim
F 5289 5256 5281 cim
F 5259 5290 5258 cim
F 5290 5292 5291 cim
F 5292 5287 5288 cim
F 5287 5259 5255 cim
F 5259 5292 5290 cim
F 5292 5259 5287 cim
F 5262 5293 5261 cim
F 5293 5295 5294 cim
F 5295 5290 5291 cim
F 5290 5262 5258 cim
F 5262 5295 5293 cim
F 5295 5262 5290 cim
F 5265 5296 5264 cim
F 5296 5298 5297 cim
F 5298 5293 5294 cim
F 5293 5265 5261 cim
F 5265 5298 5296 cim
F 5298 5265 5293 cim
F 5268 5299 5267 cim
F 5299 5301 5300 cim
F 5301 5296 5297 cim
F 5296 5268 5264 cim
F 5268 5301 5299 cim
F 5301 5268 5296 cim
F 5271 5302 5270 cim
F 5302 5304 5303 cim
F 5304 5299 5300 cim
F 5299 5271 5267 cim
F 5271 5304 5302 cim
F 5304 5271 5299 cim
F 5274 5305 5273 cim
F 5305 5307 5306 cim
F 5307 5302 5303 cim
F 5302 5274 5270 cim
F 5274 5307 5305 cim
F 5307 5274 5302 cim
F 5277 5308 5276 cim
F 5308 5310 5309 cim
F 5310 5305 5306 cim
F 5305 5277 5273 cim
F 5277 5310 5308 cim
F 5310 5277 5305 cim
F 5311 5308 5309 cim
F 5312 5280 5276 cim
F 5309 5313 5311 cim
F 5276 5308 5312 cim
F 5311 5312 5308 cim
F 5283 5314 5282 cim
F 5314 5316 5315 cim
F 5316 5318 5317 cim
F 5283 5284 5319 cim
F 5319 5314 5283 cim
F 5314 5318 5316 cim
F 5319 5318 5314 cim
F 5289 5320 5288 cim
F 5320 5322 5321 cim
F 5322 5314 5315 cim
F 5314 5289 5282 cim
F 5289 5322 5320 cim
F 5322 5289 5314 cim
F 5292 5323 5291 cim
F 5323 5325 5324 cim
F 5325 5320 5321 cim
F 5320 5292 5288 cim
F 5292 5325 5323 cim
F 5325 5292 5320 cim
F 5295 5326 5294 cim
F 5326 5328 5327 cim
F 5328 5323 5324 cim
F 5323 5295 5291 cim
F 5295 5328 5326 cim
F 5328 5295 5323 cim
F 5298 5329 5297 cim
F 5329 5331 5330 cim
F 5331 5326 5327 cim
F 5326 5298 5294 cim
F 5298 5331 5329 cim
F 5331 5298 5326 cim
F 5301 5332 5300 cim
F 5332 5334 5333 cim
F 5334 5329 5330 cim
F 5329 5301 5297 cim
F 5301 5334 5332 cim
F 5334 5301 5329 cim
F 5304 5335 5303 cim
F 5335 5337 5336 cim
F 5337 5332 5333 cim
F 5332 5304 5300 cim
F 5304 5337 5335 cim
F 5337 5304 5332 cim
F 5307 5338 5306 cim
F 5338 5340 5339 cim
F 5340 5335 5336 cim
F 5335 5307 5303 cim
F 5307 5340 5338 cim
F 5340 5307 5335 cim
F 5310 5341 5309 cim
F 5341 5343 5342 cim
F 5343 5338 5339 cim
F 5338 5310 5306 cim
F 5310 5343 5341 cim
F 5343 5310 5338 cim
F 5344 5341 5342 cim
F 5345 5313 5309 cim
F 5342 5346 5344 cim
F 5309 5341 5345 cim
F 5344 5345 5341 cim
F 5316 5347 5315 cim
F 5347 5349 5348 cim
F 5349 5351 5350 cim
F 5316 5317 5352 cim
F 5352 5347 5316 cim
F 5347 5351 5349 cim
F 5352 5351 5347 cim
F 5322 5353 5321 cim
F 5353 5355 5354 cim
F 5355 5347 5348 cim
F 5347 5322 5315 cim
F 5322 5355 5353 cim
F 5355 5322 5347 cim
F 5325 5356 5324 cim
F 5356 5358 5357 cim
F 5358 5353 5354 cim
F 5353 5325 5321 cim
F 5325 5358 5356 cim
F 5358 5325 5353 cim
F 5328 5359 5327 cim
F 5359 5361 5360 cim
F 5361 5356 5357 cim
F 5356 5328 5324 cim
F 5328 5361 5359 cim
F 5361 5328 5356 cim
F 5331 5362 5330 cim
F 5362 5364 5363 cim
F 5364 5359 5360 cim
F 5359 5331 5327 cim
F 5331 5364 5362 cim
F 5364 5331 5359 cim
F 5334 5365 5333 cim
F 5365 5367 5366 cim
F 5367 5362 5363 cim
F 5362 5334 5330 cim
F 5334 5367 5365 cim
F 5367 5334 5362 cim
F 5337 5368 5336 cim
F 5368 5370 5369 cim
F 5370 5365 5366 cim
F 5365 5337 5333 cim
F 5337 5370 5368 cim
F 5370 5337 5365 cim
F 5340 5371 5339 cim
F 5371 5373 5372 cim
F 5373 5368 5369 cim
F 5368 5340 5336 cim
F 5340 5373 5371 cim
F 5373 5340 5368 cim
F 5343 5374 5342 cim
F 5374 5376 5375 cim
F 5376 5371 5372 cim
F 5371 5343 5339 cim
F 5343 5376 5374 cim
F 5376 5343 5371 cim
F 5377 5374 5375 cim
F 5378 5346 5342 cim
F 5375 5379 5377 cim
F 5342 5374 5378 cim
F 5377 5378 5374 cim
F 5349 5380 5348 cim
F 5381 5383 5382 cim
F 5349 5350 5384 cim
F 5384 5380 5349 cim
F 5382 5380 5381 cim
F 5384 5381 5380 cim
F 5355 5385 5354 cim
F 5385 5387 5386 cim
F 5387 5380 5382 cim
F 5380 5355 5348 cim
F 5355 5387 5385 cim
F 5387 5355 5380 cim
F 5358 5388 5357 cim
F 5388 5390 5389 cim
F 5390 5385 5386 cim
F 5385 5358 5354 cim
F 5358 5390 5388 cim
F 5390 5358 5385 cim
F 5361 5391 5360 cim
F 5391 5393 5392 cim
F 5393 5388 5389 cim
F 5388 5361 5357 cim
F 5361 5393 5391 cim
F 5393 5361 5388 cim
F 5364 5394 5363 cim
F 5394 5396 5395 cim
F 5396 5391 5392 cim
F 5391 5364 5360 cim
F 5364 5396 5394 cim
F 5396 5364 5391 cim
F 5367 5397 5366 cim
F 5397 5399 5398 cim
F 5399 5394 5395 cim
F 5394 5367 5363 cim
F 5367 5399 5397 cim
F 5399 5367 5394 cim
F 5370 5400 5369 cim
F 5400 5402 5401 cim
F 5402 5397 5398 cim
F 5397 5370 5366 cim
F 5370 5402 5400 cim
F 5402 5370 5397 cim
F 5373 5403 5372 cim
F 5403 5405 5404 cim
F 5405 5400 5401 cim
F 5400 5373 5369 cim
F 5373 5405 5403 cim
F 5405 5373 5400 cim
F 5376 5406 5375 cim
F 5406 5408 5407 cim
F 5408 5403 5404 cim
F 5403 5376 5372 cim
F 5376 5408 5406 cim
F 5408 5376 5403 cim
F 5409 5406 5407 cim
F 5410 5379 5375 cim
F 5407 5411 5409 cim
F 5375 5406 5410 cim
F 5409 5410 5406 cim
F 5412 5413 5382 cim
F 5414 5416 5415 cim
F 5382 5383 5412 cim
F 5415 5413 5414 cim
F 5412 5414 5413 cim
F 5387 5417 5386 cim
F 5417 5419 5418 cim
F 5419 5413 5415 cim
F 5413 5387 5382 cim
F 5387 5419 5417 cim
F 5419 5387 5413 cim
F 5390 5420 5389 cim
F 5420 5422 5421 cim
F 5422 5417 5418 cim
F 5417 5390 5386 cim
F 5390 5422 5420 cim
F 5422 5390 5417 cim
F 5393 5423 5392 cim
F 5423 5425 5424 cim
F 5425 5420 5421 cim
F 5420 5393 5389 cim
F 5393 5425 5423 cim
F 5425 5393 5420 cim
F 5396 5426 5395 cim
F 5426 5428 5427 cim
F 5428 5423 5424 cim
F 5423 5396 5392 cim
F 5396 5428 5426 cim
F 5428 5396 5423 cim
F 5399 5429 5398 cim
F 5429 5431 5430 cim
F 5431 5426 5427 cim
F 5426 5399 5395 cim
F 5399 5431 5429 cim
F 5431 5399 5426 cim
F 5402 5432 5401 cim
F 5432 5434 5433 cim
F 5434 5429 5430 cim
F 5429 5402 5398 cim
F 5402 5434 5432 cim
F 5434 5402 5429 cim
F 5405 5435 5404 cim
F 5435 5437 5436 cim
F 5437 5432 5433 cim
F 5432 5405 5401 cim
F 5405 5437 5435 cim
F 5437 5405 5432 cim
F 5408 5438 5407 cim
F 5438 5440 5439 cim
F 5440 5435 5436 cim
F 5435 5408 5404 cim
F 5408 5440 5438 cim
F 5440 5408 5435 cim
F 5441 5438 5439 cim
F 5442 5411 5407 cim
F 5439 5443 5441 cim
F 5407 5438 5442 cim
F 5441 5442 5438 cim
F 5444 5445 5415 cim
F 5446 5448 5447 cim
F 5415 5416 5444 cim
F 5447 5445 5446 cim
F 5444 5446 5445 cim
F 5419 5449 5418 cim
F 5449 5451 5450 cim
F 5451 5445 5447 cim
F 5445 5419 5415 cim
F 5419 5451 5449 cim
F 5451 5419 5445 cim
F 5422 5452 5421 cim
F 5452 5454 5453 cim
F 5454 5449 5450 cim
F 5449 5422 5418 cim
F 5422 5454 5452 cim
F 5454 5422 5449 cim
F 5425 5455 5424 cim
F 5455 5457 5456 cim
F 5457 5452 5453 cim
F 5452 5425 5421 cim
F 5425 5457 5455 cim
F 5457 5425 5452 cim
F 5428 5458 5427 cim
F 5458 5460 5459 cim
F 5460 5455 5456 cim
F 5455 5428 5424 cim
F 5428 5460 5458 cim
F 5460 5428 5455 cim
F 5431 5461 5430 cim
F 5461 5463 5462 cim
F 5463 5458 5459 cim
F 5458 5431 5427 cim
F 5431 5463 5461 cim
F 5463 5431 5458 cim
F 5434 5464 5433 cim
F 5464 5466 5465 cim
F 5466 5461 5462 cim
F 5461 5434 5430 cim
F 5434 5466 5464 cim
F 5466 5434 5461 cim
F 5437 5467 5436 cim
F 5467 5469 5468 cim
F 5469 5464 5465 cim
F 5464 5437 5433 cim
F 5437 5469 5467 cim
F 5469 5437 5464 cim
F 5440 5470 5439 cim
F 5470 5472 5471 cim
F 5472 5467 5468 cim
F 5467 5440 5436 cim
F 5440 5472 5470 cim
F 5472 5440 5467 cim
F 5473 5470 5471 cim
F 5474 5443 5439 cim
F 5471 5475 5473 cim
F 5439 5470 5474 cim
F 5473 5474 5470 cim
F 5476 5477 5447 cim
F 5478 5480 5479 cim
F 5447 5448 5476 cim
F 5479 5477 5478 cim
F 5476 5478 5477 cim
F 5451 5481 5450 cim
F 5481 5483 5482 cim
F 5483 5477 5479 cim
F 5477 5451 5447 cim
F 5451 5483 5481 cim
F 5483 5451 5477 cim
F 5454 5484 5453 cim
F 5484 5486 5485 cim
F 5486 5481 5482 cim
F 5481 5454 5450 cim
F 5454 5486 5484 cim
F 5486 5454 5481 cim
F 5457 5487 5456 cim
F 5487 5489 5488 cim
F 5489 5484 5485 cim
F 5484 5457 5453 cim
F 5457 5489 5487 cim
F 5489 5457 5484 cim
F 5460 5490 5459 cim
F 5490 5492 5491 cim
F 5492 5487 5488 cim
F 5487 5460 5456 cim
F 5460 5492 5490 cim
F 5492 5460 5487 cim
F 5463 5493 5462 cim
F 5493 5495 5494 cim
F 5495 5490 5491 cim
F 5490 5463 5459 cim
F 5463 5495 5493 cim
F 5495 5463 5490 cim
F 5466 5496 5465 cim
F 5496 5498 5497 cim
F 5498 5493 5494 cim
F 5493 5466 5462 cim
F 5466 5498 5496 cim
F 5498 5466 5493 cim
F 5469 5499 5468 cim
F 5499 5501 5500 cim
F 5501 5496 5497 cim
F 5496 5469 5465 cim
F 5469 5501 5499 cim
F 5501 5469 5496 cim
F 5472 5502 5471 cim
F 5502 5504 5503 cim
F 5504 5499 5500 cim
F 5499 5472 5468 cim
F 5472 5504 5502 cim
F 5504 5472 5499 cim
F 5505 5502 5503 cim
F 5506 5475 5471 cim
F 5505 5508 5507 cim
F 5507 5502 5505 cim
F 5471 5502 5506 cim
F 5507 5506 5502 cim
F 5509 5510 5479 cim
F 5511 5513 5512 cim
F 5479 5480 5509 cim
F 5512 5510 5511 cim
F 5509 5511 5510 cim
F 5483 5514 5482 cim
F 5514 5516 5515 cim
F 5516 5510 5512 cim
F 5510 5483 5479 cim
F 5483 5516 5514 cim
F 5516 5483 5510 cim
F 5486 5517 5485 cim
F 5517 5519 5518 cim
F 5519 5514 5515 cim
F 5514 5486 5482 cim
F 5486 5519 5517 cim
F 5519 5486 5514 cim
F 5489 5520 5488 cim
F 5520 5522 5521 cim
F 5522 5517 5518 cim
F 5517 5489 5485 cim
F 5489 5522 5520 cim
F 5522 5489 5517 cim
F 5492 5523 5491 cim
F 5523 5525 5524 cim
F 5525 5520 5521 cim
F 5520 5492 5488 cim
F 5492 5525 5523 cim
F 5525 5492 5520 cim
F 5495 5526 5494 cim
F 5526 5528 5527 cim
F 5528 5523 5524 cim
F 5523 5495 5491 cim
F 5495 5528 5526 cim
F 5528 5495 5523 cim
F 5498 5529 5497 cim
F 5529 5531 5530 cim
F 5531 5526 5527 cim
F 5526 5498 5494 cim
F 5498 5531 5529 cim
F 5531 5498 5526 cim
F 5501 5532 5500 cim
F 5532 5534 5533 cim
F 5534 5529 5530 cim
F 5529 5501 5497 cim
F 5501 5534 5532 cim
F 5534 5501 5529 cim
F 5504 5535 5503 cim
F 5535 5537 5536 cim
F 5537 5532 5533 cim
F 5532 5504 5500 cim
F 5504 5537 5535 cim
F 5537 5504 5532 cim
F 5538 5535 5536 cim
F 5535 5505 5503 cim
F 5505 5539 5508 cim
F 5538 5541 5540 cim
F 5540 5535 5538 cim
F 5535 5539 5505 cim
F 5540 5539 5535 cim
F 5542 5543 5512 cim
F 5544 5546 5545 cim
F 5512 5513 5542 cim
F 5545 5543 5544 cim
F 5542 5544 5543 cim
F 5516 5547 5515 cim
F 5547 5549 5548 cim
F 5549 5543 5545 cim
F 5543 5516 5512 cim
F 5516 5549 5547 cim
F 5549 5516 5543 cim
F 5519 5550 5518 cim
F 5550 5552 5551 cim
F 5552 5547 5548 cim
F 5547 5519 5515 cim
F 5519 5552 5550 cim
F 5552 5519 5547 cim
F 5522 5553 5521 cim
F 5553 5555 5554 cim
F 5555 5550 5551 cim
F 5550 5522 5518 cim
F 5522 5555 5553 cim
F 5555 5522 5550 cim
F 5525 5556 5524 cim
F 5556 5558 5557 cim
F 5558 5553 5554 cim
F 5553 5525 5521 cim
F 5525 5558 5556 cim
F 5558 5525 5553 cim
F 5528 5559 5527 cim
F 5559 5561 5560 cim
F 5561 5556 5557 cim
F 5556 5528 5524 cim
F 5528 5561 5559 cim
F 5561 5528 5556 cim
F 5531 5562 5530 cim
F 5562 5564 5563 cim
F 5564 5559 5560 cim
F 5559 5531 5527 cim
F 5531 5564 5562 cim
F 5564 5531 5559 cim
F 5534 5565 5533 cim
F 5565 5567 5566 cim
F 5567 5562 5563 cim
F 5562 5534 5530 cim
F 5534 5567 5565 cim
F 5567 5534 5562 cim
F 5537 5568 5536 cim
F 5568 5570 5569 cim
F 5570 5565 5566 cim
F 5565 5537 5533 cim
F 5537 5570 5568 cim
F 5570 5537 5565 cim
F 5571 5568 5569 cim
F 5568 5538 5536 cim
F 5538 5572 5541 cim
F 5571 5574 5573 cim
F 5573 5568 5571 cim
F 5568 5572 5538 cim
F 5573 5572 5568 cim
F 5575 5576 5545 cim
F 5577 5579 5578 cim
F 5545 5546 5575 cim
F 5578 5576 5577 cim
F 5575 5577 5576 cim
F 5549 5580 5548 cim
F 5580 5582 5581 cim
F 5582 5576 5578 cim
F 5576 5549 5545 cim
F 5549 5582 5580 cim
F 5582 5549 5576 cim
F 5552 5583 5551 cim
F 5583 5585 5584 cim
F 5585 5580 5581 cim
F 5580 5552 5548 cim
F 5552 5585 5583 cim
F 5585 5552 5580 cim
F 5555 5586 5554 cim
F 5586 5588 5587 cim
F 5588 5583 5584 cim
F 5583 5555 5551 cim
F 5555 5588 5586 cim
F 5588 5555 5583 cim
F 5558 5589 5557 cim
F 5589 5591 5590 cim
F 5591 5586 5587 cim
F 5586 5558 5554 cim
F 5558 5591 5589 cim
F 5591 5558 5586 cim
F 5561 5592 5560 cim
F 5592 5594 5593 cim
F 5594 5589 5590 cim
F 5589 5561 5557 cim
F 5561 5594 5592 cim
F 5594 5561 5589 cim
F 5564 5595 5563 cim
F 5595 5597 5596 cim
F 5597 5592 5593 cim
F 5592 5564 5560 cim
F 5564 5597 5595 cim
F 5597 5564 5592 cim
F 5567 5598 5566 cim
F 5598 5600 5599 cim
F 5600 5595 5596 cim
F 5595 5567 5563 cim
F 5567 5600 5598 cim
F 5600 5567 5595 cim
F 5570 5601 5569 cim
F 5601 5603 5602 cim
F 5603 5598 5599 cim
F 5598 5570 5566 cim
F 5570 5603 5601 cim
F 5603 5570 5598 cim
F 5604 5601 5602 cim
F 5601 5571 5569 cim
F 5571 5605 5574 cim
F 5604 5607 5606 cim
F 5606 5601 5604 cim
F 5601 5605 5571 cim
F 5606 5605 5601 cim
F 5608 5609 5578 cim
F 5610 5612 5611 cim
F 5578 5579 5608 cim
F 5611 5609 5610 cim
F 5608 5610 5609 cim
F 5582 5613 5581 cim
F 5613 5615 5614 cim
F 5615 5609 5611 cim
F 5609 5582 5578 cim
F 5582 5615 5613 cim
F 5615 5582 5609 cim
F 5585 5616 5584 cim
F 5616 5618 5617 cim
F 5618 5613 5614 cim
F 5613 5585 5581 cim
F 5585 5618 5616 cim
F 5618 5585 5613 cim
F 5588 5619 5587 cim
F 5619 5621 5620 cim
F 5621 5616 5617 cim
F 5616 5588 5584 cim
F 5588 5621 5619 cim
F 5621 5588 5616 cim
F 5591 5622 5590 cim
F 5622 5624 5623 cim
F 5624 5619 5620 cim
F 5619 5591 5587 cim
F 5591 5624 5622 cim
F 5624 5591 5619 cim
F 5594 5625 5593 cim
F 5625 5627 5626 cim
F 5627 5622 5623 cim
F 5622 5594 5590 cim
F 5594 5627 5625 cim
F 5627 5594 5622 cim
F 5597 5628 5596 cim
F 5628 5630 5629 cim
F 5630 5625 5626 cim
F 5625 5597 5593 cim
F 5597 5630 5628 cim
F 5630 5597 5625 cim
F 5600 5631 5599 cim
F 5631 5633 5632 cim
F 5633 5628 5629 cim
F 5628 5600 5596 cim
F 5600 5633 5631 cim
F 5633 5600 5628 cim
F 5603 5634 5602 cim
F 5634 5636 5635 cim
F 5636 5631 5632 cim
F 5631 5603 5599 cim
F 5603 5636 5634 cim
F 5636 5603 5631 cim
F 5637 5634 5635 cim
F 5634 5604 5602 cim
F 5604 5638 5607 cim
F 5637 5640 5639 cim
F 5639 5634 5637 cim
F 5634 5638 5604 cim
F 5639 5638 5634 cim
F 5612 5641 5611 cim
F 5641 5615 5611 cim
F 5615 5642 5614 cim
F 5642 5644 5643 cim
F 5644 5646 5645 cim
F 5646 5615 5641 cim
F 5646 5644 5642 cim
F 5642 5615 5646 cim
F 5618 5647 5617 cim
F 5647 5649 5648 cim
F 5649 5642 5643 cim
F 5642 5618 5614 cim
F 5618 5649 5647 cim
F 5649 5618 5642 cim
F 5621 5650 5620 cim
F 5650 5652 5651 cim
F 5652 5647 5648 cim
F 5647 5621 5617 cim
F 5621 5652 5650 cim
F 5652 5621 5647 cim
F 5624 5653 5623 cim
F 5653 5655 5654 cim
F 5655 5650 5651 cim
F 5650 5624 5620 cim
F 5624 5655 5653 cim
F 5655 5624 5650 cim
F 5627 5656 5626 cim
F 5656 5658 5657 cim
F 5658 5653 5654 cim
F 5653 5627 5623 cim
F 5627 5658 5656 cim
F 5658 5627 5653 cim
F 5630 5659 5629 cim
F 5659 5661 5660 cim
F 5661 5656 5657 cim
F 5656 5630 5626 cim
F 5630 5661 5659 cim
F 5661 5630 5656 cim
F 5633 5662 5632 cim
F 5662 5664 5663 cim
F 5664 5659 5660 cim
F 5659 5633 5629 cim
F 5633 5664 5662 cim
F 5664 5633 5659 cim
F 5636 5665 5635 cim
F 5665 5667 5666 cim
F 5667 5662 5663 cim
F 5662 5636 5632 cim
F 5636 5667 5665 cim
F 5667 5636 5662 cim
F 5668 5665 5666 cim
F 5665 5637 5635 cim
F 5637 5669 5640 cim
F 5668 5671 5670 cim
F 5670 5665 5668 cim
F 5665 5669 5637 cim
F 5670 5669 5665 cim
F 5644 5672 5643 cim
F 5672 5674 5673 cim
F 5674 5676 5675 cim
F 5644 5645 5677 cim
F 5676 5672 5644 cim
F 5672 5676 5674 cim
F 5644 5677 5676 cim
F 5649 5678 5648 cim
F 5678 5680 5679 cim
F 5680 5672 5673 cim
F 5672 5649 5643 cim
F 5649 5680 5678 cim
F 5680 5649 5672 cim
F 5652 5681 5651 cim
F 5681 5683 5682 cim
F 5683 5678 5679 cim
F 5678 5652 5648 cim
F 5652 5683 5681 cim
F 5683 5652 5678 cim
F 5655 5684 5654 cim
F 5684 5686 5685 cim
F 5686 5681 5682 cim
F 5681 5655 5651 cim
F 5655 5686 5684 cim
F 5686 5655 5681 cim
F 5658 5687 5657 cim
F 5687 5689 5688 cim
F 5689 5684 5685 cim
F 5684 5658 5654 cim
F 5658 5689 5687 cim
F 5689 5658 5684 cim
F 5661 5690 5660 cim
F 5690 5692 5691 cim
F 5692 5687 5688 cim
F 5687 5661 5657 cim
F 5661 5692 5690 cim
F 5692 5661 5687 cim
F 5664 5693 5663 cim
F 5693 5695 5694 cim
F 5695 5690 5691 cim
F 5690 5664 5660 cim
F 5664 5695 5693 cim
F 5695 5664 5690 cim
F 5667 5696 5666 cim
F 5696 5698 5697 cim
F 5698 5693 5694 cim
F 5693 5667 5663 cim
F 5667 5698 5696 cim
F 5698 5667 5693 cim
F 5699 5696 5697 cim
F 5696 5668 5666 cim
F 5668 5700 5671 cim
F 5699 5702 5701 cim
F 5701 5696 5699 cim
F 5696 5700 5668 cim
F 5701 5700 5696 cim
F 5674 5703 5673 cim
F 5703 5705 5704 cim
F 5705 5707 5706 cim
F 5674 5675 5708 cim
F 5708 5703 5674 cim
F 5703 5707 5705 cim
F 5708 5707 5703 cim
F 5680 5709 5679 cim
F 5709 5711 5710 cim
F 5711 5703 5704 cim
F 5703 5680 5673 cim
F 5680 5711 5709 cim
F 5711 5680 5703 cim
F 5683 5712 5682 cim
F 5712 5714 5713 cim
F 5714 5709 5710 cim
F 5709 5683 5679 cim
F 5683 5714 5712 cim
F 5714 5683 5709 cim
F 5686 5715 5685 cim
F 5715 5717 5716 cim
F 5717 5712 5713 cim
F 5712 5686 5682 cim
F 5686 5717 5715 cim
F 5717 5686 5712 cim
F 5689 5718 5688 cim
F 5718 5720 5719 cim
F 5720 5715 5716 cim
F 5715 5689 5685 cim
F 5689 5720 5718 cim
F 5720 5689 5715 cim
F 5692 5721 5691 cim
F 5721 5723 5722 cim
F 5723 5718 5719 cim
F 5718 5692 5688 cim
F 5692 5723 5721 cim
F 5723 5692 5718 cim
F 5695 5724 5694 cim
F 5724 5726 5725 cim
F 5726 5721 5722 cim
F 5721 5695 5691 cim
F 5695 5726 5724 cim
F 5726 5695 5721 cim
F 5698 5727 5697 cim
F 5727 5729 5728 cim
F 5729 5724 5725 cim
F 5724 5698 5694 cim
F 5698 5729 5727 cim
F 5729 5698 5724 cim
F 5730 5727 5728 cim
F 5727 5699 5697 cim
F 5699 5731 5702 cim
F 5730 5733 5732 cim
F 5732 5727 5730 cim
F 5727 5731 5699 cim
F 5732 5731 5727 cim
F 5705 5734 5704 cim
F 5734 5736 5735 cim
F 5736 5738 5737 cim
F 5705 5706 5739 cim
F 5739 5734 5705 cim
F 5734 5738 5736 cim
F 5739 5738 5734 cim
F 5711 5740 5710 cim
F 5740 5742 5741 cim
F 5742 5734 5735 cim
F 5734 5711 5704 cim
F 5711 5742 5740 cim
F 5742 5711 5734 cim
F 5714 5743 5713 cim
F 5743 5745 5744 cim
F 5745 5740 5741 cim
F 5740 5714 5710 cim
F 5714 5745 5743 cim
F 5745 5714 5740 cim
F 5717 5746 5716 cim
F 5746 5748 5747 cim
F 5748 5743 5744 cim
F 5743 5717 5713 cim
F 5717 5748 5746 cim
F 5748 5717 5743 cim
F 5720 5749 5719 cim
F 5749 5751 5750 cim
F 5751 5746 5747 cim
F 5746 5720 5716 cim
F 5720 5751 5749 cim
F 5751 5720 5746 cim
F 5723 5752 5722 cim
F 5752 5754 5753 cim
F 5754 5749 5750 cim
F 5749 5723 5719 cim
F 5723 5754 5752 cim
F 5754 5723 5749 cim
F 5726 5755 5725 cim
F 5755 5757 5756 cim
F 5757 5752 5753 cim
F 5752 5726 5722 cim
F 5726 5757 5755 cim
F 5757 5726 5752 cim
F 5729 5758 5728 cim
F 5758 5760 5759 cim
F 5760 5755 5756 cim
F 5755 5729 5725 cim
F 5729 5760 5758 cim
F 5760 5729 5755 cim
F 5761 5758 5759 cim
F 5758 5730 5728 cim
F 5730 5762 5733 cim
F 5761 5764 5763 cim
F 5762 5758 5761 cim
F 5758 5762 5730 cim
F 5761 5763 5762 cim
F 5736 5765 5735 cim
F 5765 5767 5766 cim
F 5767 5769 5768 cim
F 5736 5737 5770 cim
F 5770 5765 5736 cim
F 5765 5769 5767 cim
F 5770 5769 5765 cim
F 5742 5771 5741 cim
F 5771 5773 5772 cim
F 5773 5765 5766 cim
F 5765 5742 5735 cim
F 5742 5773 5771 cim
F 5773 5742 5765 cim
F 5745 5774 5744 cim
F 5774 5776 5775 cim
F 5776 5771 5772 cim
F 5771 5745 5741 cim
F 5745 5776 5774 cim
F 5776 5745 5771 cim
F 5748 5777 5747 cim
F 5777 5779 5778 cim
F 5779 5774 5775 cim
F 5774 5748 5744 cim
F 5748 5779 5777 cim
F 5779 5748 5774 cim
F 5751 5780 5750 cim
F 5780 5782 5781 cim
F 5782 5777 5778 cim
F 5777 5751 5747 cim
F 5751 5782 5780 cim
F 5782 5751 5777 cim
F 5754 5783 5753 cim
F 5783 5785 5784 cim
F 5785 5780 5781 cim
F 5780 5754 5750 cim
F 5754 5785 5783 cim
F 5785 5754 5780 cim
F 5757 5786 5756 cim
F 5786 5788 5787 cim
F 5788 5783 5784 cim
F 5783 5757 5753 cim
F 5757 5788 5786 cim
F 5788 5757 5783 cim
F 5760 5789 5759 cim
F 5789 5791 5790 cim
F 5791 5786 5787 cim
F 5786 5760 5756 cim
F 5760 5791 5789 cim
F 5791 5760 5786 cim
F 5792 5794 5793 cim
F 5794 5789 5790 cim
F 5789 5761 5759 cim
F 5761 5795 5764 cim
F 5761 5794 5792 cim
F 5794 5761 5789 cim
F 5792 5795 5761 cim
F 5796 5792 5793 cim
F 5792 5796 5795 cim
F 5793 5797 5796 cim
F 5767 5798 5766 cim
F 5798 5800 5799 cim
F 5800 5802 5801 cim
F 5767 5768 5803 cim
F 5803 5798 5767 cim
F 5798 5802 5800 cim
F 5803 5802 5798 cim
F 5773 5804 5772 cim
F 5804 5806 5805 cim
F 5806 5798 5799 cim
F 5798 5773 5766 cim
F 5773 5806 5804 cim
F 5806 5773 5798 cim
F 5776 5807 5775 cim
F 5807 5809 5808 cim
F 5809 5804 5805 cim
F 5804 5776 5772 cim
F 5776 5809 5807 cim
F 5809 5776 5804 cim
F 5779 5810 5778 cim
F 5810 5812 5811 cim
F 5812 5807 5808 cim
F 5807 5779 5775 cim
F 5779 5812 5810 cim
F 5812 5779 5807 cim
F 5782 5813 5781 cim
F 5813 5815 5814 cim
F 5815 5810 5811 cim
F 5810 5782 5778 cim
F 5782 5815 5813 cim
F 5815 5782 5810 cim
F 5785 5816 5784 cim
F 5816 5818 5817 cim
F 5818 5813 5814 cim
F 5813 5785 5781 cim
F 5785 5818 5816 cim
F 5818 5785 5813 cim
F 5788 5819 5787 cim
F 5819 5821 5820 cim
F 5821 5816 5817 cim
F 5816 5788 5784 cim
F 5788 5821 5819 cim
F 5821 5788 5816 cim
F 5791 5822 5790 cim
F 5822 5824 5823 cim
F 5824 5819 5820 cim
F 5819 5791 5787 cim
F 5791 5824 5822 cim
F 5824 5791 5819 cim
F 5794 5825 5793 cim
F 5825 5827 5826 cim
F 5827 5822 5823 cim
F 5822 5794 5790 cim
F 5794 5827 5825 cim
F 5827 5794 5822 cim
F 5828 5825 5826 cim
F 5829 5797 5793 cim
F 5826 5830 5828 cim
F 5793 5825 5829 cim
F 5828 5829 5825 cim
F 5800 5831 5799 cim
F 5831 5833 5832 cim
F 5833 5835 5834 cim
F 5800 5801 5836 cim
F 5836 5831 5800 cim
F 5831 5835 5833 cim
F 5836 5835 5831 cim
F 5806 5837 5805 cim
F 5837 5839 5838 cim
F 5839 5831 5832 cim
F 5831 5806 5799 cim
F 5806 5839 5837 cim
F 5839 5806 5831 cim
F 5809 5840 5808 cim
F 5840 5842 5841 cim
F 5842 5837 5838 cim
F 5837 5809 5805 cim
F 5809 5842 5840 cim
F 5842 5809 5837 cim
F 5812 5843 5811 cim
F 5843 5845 5844 cim
F 5845 5840 5841 cim
F 5840 5812 5808 cim
F 5812 5845 5843 cim
F 5845 5812 5840 cim
F 5815 5846 5814 cim
F 5846 5848 5847 cim
F 5848 5843 5844 cim
F 5843 5815 5811 cim
F 5815 5848 5846 cim
F 5848 5815 5843 cim
F 5818 5849 5817 cim
F 5849 5851 5850 cim
F 5851 5846 5847 cim
F 5846 5818 5814 cim
F 5818 5851 5849 cim
F 5851 5818 5846 cim
F 5821 5852 5820 cim
F 5852 5854 5853 cim
F 5854 5849 5850 cim
F 5849 5821 5817 cim
F 5821 5854 5852 cim
F 5854 5821 5849 cim
F 5824 5855 5823 cim
F 5855 5857 5856 cim
F 5857 5852 5853 cim
F 5852 5824 5820 cim
F 5824 5857 5855 cim
F 5857 5824 5852 cim
F 5827 5858 5826 cim
F 5858 5860 5859 cim
F 5860 5855 5856 cim
F 5855 5827 5823 cim
F 5827 5860 5858 cim
F 5860 5827 5855 cim
F 5861 5858 5859 cim
F 5862 5830 5826 cim
F 5859 5863 5861 cim
F 5826 5858 5862 cim
F 5861 5862 5858 cim
F 5864 5833 5834 cim
F 5833 5865 5832 cim
F 5865 5867 5866 cim
F 5865 5833 5864 cim
F 5868 5867 5865 cim
F 5864 5868 5865 cim
F 5839 5869 5838 cim
F 5869 5871 5870 cim
F 5871 5865 5866 cim
F 5865 5839 5832 cim
F 5839 5871 5869 cim
F 5871 5839 5865 cim
F 5842 5872 5841 cim
F 5872 5874 5873 cim
F 5874 5869 5870 cim
F 5869 5842 5838 cim
F 5842 5874 5872 cim
F 5874 5842 5869 cim
F 5845 5875 5844 cim
F 5875 5877 5876 cim
F 5877 5872 5873 cim
F 5872 5845 5841 cim
F 5845 5877 5875 cim
F 5877 5845 5872 cim
F 5878 5875 5876 cim
F 5875 5848 5844 cim
F 5848 5879 5847 cim
F 5879 5881 5880 cim
F 5881 5875 5878 cim
F 5875 5879 5848 cim
F 5879 5875 5881 cim
F 5879 5851 5847 cim
F 5851 5882 5850 cim
F 5882 5884 5883 cim
F 5885 5879 5880 cim
F 5884 5882 5851 cim
F 5879 5885 5884 cim
F 5884 5851 5879 cim
F 5882 5854 5850 cim
F 5854 5886 5853 cim
F 5886 5888 5887 cim
F 5889 5882 5883 cim
F 5888 5886 5854 cim
F 5854 5889 5888 cim
F 5854 5882 5889 cim
F 5886 5857 5853 cim
F 5857 5890 5856 cim
F 5890 5892 5891 cim
F 5893 5886 5887 cim
F 5892 5890 5857 cim
F 5857 5893 5892 cim
F 5857 5886 5893 cim
F 5894 5896 5895 cim
F 5896 5898 5897 cim
F 5860 5890 5899 cim
F 5899 5890 5891 cim
F 5890 5860 5856 cim
F 5900 5901 5859 cim
F 5902 5896 5894 cim
F 5896 5896 5898 cim
F 5899 5903 5860 cim
F 5900 5859 5900 cim
F 5902 5902 5896 cim
F 5896 5896 5898 cim
F 5902 5860 5903 cim
F 5900 5859 5900 cim
F 5896 5896 5898 cim
F 5859 5860 5900 cim
F 5902 5898 5896 cim
F 5860 5904 5900 cim
F 5903 5898 5902 cim
F 5860 5904 5904 cim
F 5902 5903 5902 cim
F 5860 5902 5904 cim
F 5902 5902 5860 cim
F 5905 5859 5901 cim
F 5859 5905 5863 cim
F 5898 5907 5906 cim
F 5906 5897 5898 cim
F 5906 5908 5897 cim
F 5867 5909 5866 cim
F 5910 5866 5909 cim
F 5911 5912 5870 cim
F 5871 5910 5911 cim
F 5910 5871 5866 cim
F 5870 5871 5911 cim
F 5913 5874 5870 cim
F 5914 5915 5873 cim
F 5874 5913 5914 cim
F 5870 5912 5913 cim
F 5873 5874 5914 cim
F 5916 5877 5873 cim
F 5917 5918 5876 cim
F 5877 5916 5917 cim
F 5873 5915 5916 cim
F 5876 5877 5917 cim
F 5918 5878 5876 cim
F 5919 5921 5920 kaldirim
F 5921 5923 5922 kaldirim
F 5920 5924 5919 kaldirim
F 5921 5919 5923 kaldirim
F 5925 5926 5922 kaldirim
F 5927 5929 5928 kaldirim
F 5922 5923 5925 kaldirim
F 5930 5927 5926 kaldirim
F 5927 5930 5929 kaldirim
F 5926 5925 5930 kaldirim
F 5931 5932 5928 kaldirim
F 5933 5935 5934 kaldirim
F 5928 5929 5931 kaldirim
F 5936 5933 5932 kaldirim
F 5933 5936 5935 kaldirim
F 5932 5931 5936 kaldirim
F 5937 5938 5934 kaldirim
F 5939 5941 5940 kaldirim
F 5934 5935 5937 kaldirim
F 5942 5939 5938 kaldirim
F 5939 5942 5941 kaldirim
F 5938 5937 5942 kaldirim
F 5943 5944 5940 kaldirim
F 5945 5947 5946 kaldirim
F 5940 5941 5943 kaldirim
F 5948 5945 5944 kaldirim
F 5945 5948 5947 kaldirim
F 5944 5943 5948 kaldirim
F 5949 5950 5946 kaldirim
F 5951 5953 5952 kaldirim
F 5946 5947 5949 kaldirim
F 5954 5951 5950 kaldirim
F 5951 5954 5953 kaldirim
F 5950 5949 5954 kaldirim
F 5955 5956 5952 kaldirim
F 5957 5959 5958 kaldirim
F 5952 5953 5955 kaldirim
F 5960 5957 5956 kaldirim
F 5957 5960 5959 kaldirim
F 5956 5955 5960 kaldirim
F 5961 5962 5958 kaldirim
F 5963 5965 5964 kaldirim
F 5958 5959 5961 kaldirim
F 5966 5963 5962 kaldirim
F 5963 5966 5965 kaldirim
F 5962 5961 5966 kaldirim
F 5967 5968 5964 kaldirim
F 5969 5971 5970 kaldirim
F 5964 5965 5967 kaldirim
F 5972 5969 5968 kaldirim
F 5969 5972 5971 kaldirim
F 5968 5967 5972 kaldirim
F 5973 5974 5970 kaldirim
F 5975 5977 5976 kaldirim
F 5970 5971 5973 kaldirim
F 5978 5975 5974 kaldirim
F 5975 5978 5977 kaldirim
F 5974 5973 5978 kaldirim
F 5979 5980 5976 kaldirim
F 5981 5983 5982 kaldirim
F 5976 5977 5979 kaldirim
F 5984 5981 5980 kaldirim
F 5981 5984 5983 kaldirim
F 5980 5979 5984 kaldirim
F 5985 5986 5982 kaldirim
F 5987 5989 5988 kaldirim
F 5982 5983 5985 kaldirim
F 5990 5987 5986 kaldirim
F 5987 5990 5989 kaldirim
F 5986 5985 5990 kaldirim
F 5991 5992 5988 kaldirim
F 5993 5995 5994 kaldirim
F 5988 5989 5991 kaldirim
F 5996 5993 5992 kaldirim
F 5993 5996 5995 kaldirim
F 5992 5991 5996 kaldirim
F 5995 5997 5994 kaldirim
F 5998 6000 5999 kaldirim
F 6000 5997 5995 kaldirim
F 5997 6000 5998 kaldirim
F 5998 6001 5997 kaldirim
F 5999 6003 6002 kaldirim
F 6001 5998 5999 kaldirim
F 6002 6001 5999 kaldirim
F 6004 6005 6002 kaldirim
F 6006 6008 6007 kaldirim
F 6002 6003 6004 kaldirim
F 6009 6006 6005 kaldirim
F 6006 6009 6008 kaldirim
F 6005 6004 6009 kaldirim
F 6010 6011 6007 kaldirim
F 6012 6014 6013 kaldirim
F 6007 6008 6010 kaldirim
F 6015 6012 6011 kaldirim
F 6012 6015 6014 kaldirim
F 6011 6010 6015 kaldirim
F 6016 6017 6013 kaldirim
F 6018 6020 6019 kaldirim
F 6013 6014 6016 kaldirim
F 6021 6018 6017 kaldirim
F 6018 6021 6020 kaldirim
F 6017 6016 6021 kaldirim
F 6022 6023 6019 kaldirim
F 6024 6026 6025 kaldirim
F 6019 6020 6022 kaldirim
F 6027 6024 6023 kaldirim
F 6024 6027 6026 kaldirim
F 6023 6022 6027 kaldirim
F 6028 6029 6025 kaldirim
F 6030 6032 6031 kaldirim
F 6025 6026 6028 kaldirim
F 6033 6030 6029 kaldirim
F 6030 6033 6032 kaldirim
F 6029 6028 6033 kaldirim
F 6034 6035 6031 kaldirim
F 6036 6038 6037 kaldirim
F 6031 6032 6034 kaldirim
F 6039 6036 6035 kaldirim
F 6036 6039 6038 kaldirim
F 6035 6034 6039 kaldirim
F 6040 6041 6037 kaldirim
F 6042 6044 6043 kaldirim
F 6037 6038 6040 kaldirim
F 6045 6042 6041 kaldirim
F 6042 6045 6044 kaldirim
F 6041 6040 6045 kaldirim
F 6046 6047 6043 kaldirim
F 6048 6050 6049 kaldirim
F 6043 6044 6046 kaldirim
F 6051 6048 6047 kaldirim
F 6048 6051 6050 kaldirim
F 6047 6046 6051 kaldirim
F 6052 6053 6049 kaldirim
F 6054 6056 6055 kaldirim
F 6049 6050 6052 kaldirim
F 6057 6054 6053 kaldirim
F 6054 6057 6056 kaldirim
F 6053 6052 6057 kaldirim
F 6058 6059 6055 kaldirim
F 6060 6062 6061 kaldirim
F 6055 6056 6058 kaldirim
F 6063 6060 6059 kaldirim
F 6060 6063 6062 kaldirim
F 6059 6058 6063 kaldirim
F 6064 6065 6061 kaldirim
F 6066 6068 6067 kaldirim
F 6061 6062 6064 kaldirim
F 6069 6066 6065 kaldirim
F 6066 6069 6068 kaldirim
F 6065 6064 6069 kaldirim
F 6070 6071 6067 kaldirim
F 6072 6074 6073 kaldirim
F 6067 6068 6070 kaldirim
F 6075 6072 6071 kaldirim
F 6072 6075 6074 kaldirim
F 6071 6070 6075 kaldirim
F 6076 6073 6074 kaldirim
F 6073 6076 6077 kaldirim
F 6078 6080 6079 cim
F 6079 6081 6078 cim
F 6082 6084 6083 cim
F 6085 6079 6080 cim
F 6084 6082 6085 cim
F 6083 6086 6082 cim
F 6080 6084 6085 cim
F 6087 6089 6088 cim
F 6090 6086 6083 cim
F 6089 6087 6090 cim
F 6088 6091 6087 cim
F 6083 6089 6090 cim
F 6092 6094 6093 cim
F 6095 6091 6088 cim
F 6094 6092 6095 cim
F 6093 6096 6092 cim
F 6088 6094 6095 cim
F 6097 6099 6098 cim
F 6100 6096 6093 cim
F 6099 6097 6100 cim
F 6098 6101 6097 cim
F 6093 6099 6100 cim
F 6102 6104 6103 cim
F 6105 6101 6098 cim
F 6104 6102 6105 cim
F 6103 6106 6102 cim
F 6098 6104 6105 cim
F 6107 6109 6108 cim
F 6110 6106 6103 cim
F 6109 6107 6110 cim
F 6108 6111 6107 cim
F 6103 6109 6110 cim
F 6112 6114 6113 cim
F 6115 6111 6108 cim
F 6114 6112 6116 cim
F 6116 6112 6117 cim
F 6108 6114 6115 cim
F 6116 6115 6114 cim
F 6118 6120 6119 cim
F 6120 6112 6113 cim
F 6112 6121 6117 cim
F 6122 6118 6123 cim
F 6121 6112 6120 cim
F 6120 6122 6121 cim
F 6120 6118 6122 cim
F 6124 6119 6125 cim
F 6124 6126 6123 cim
F 6118 6119 6124 cim
F 6123 6118 6124 cim
F 6127 6128 6080 cim
F 6129 6131 6130 cim
F 6080 6078 6127 cim
F 6130 6128 6129 cim
F 6127 6129 6128 cim
F 6084 6132 6083 cim
F 6132 6134 6133 cim
F 6134 6128 6130 cim
F 6128 6084 6080 cim
F 6084 6134 6132 cim
F 6134 6084 6128 cim
F 6089 6135 6088 cim
F 6135 6137 6136 cim
F 6137 6132 6133 cim
F 6132 6089 6083 cim
F 6089 6137 6135 cim
F 6137 6089 6132 cim
F 6094 6138 6093 cim
F 6138 6140 6139 cim
F 6140 6135 6136 cim
F 6135 6094 6088 cim
F 6094 6140 6138 cim
F 6140 6094 6135 cim
F 6099 6141 6098 cim
F 6141 6143 6142 cim
F 6143 6138 6139 cim
F 6138 6099 6093 cim
F 6099 6143 6141 cim
F 6143 6099 6138 cim
F 6104 6144 6103 cim
F 6144 6146 6145 cim
F 6146 6141 6142 cim
F 6141 6104 6098 cim
F 6104 6146 6144 cim
F 6146 6104 6141 cim
F 6109 6147 6108 cim
F 6147 6149 6148 cim
F 6149 6144 6145 cim
F 6144 6109 6103 cim
F 6109 6149 6147 cim
F 6149 6109 6144 cim
F 6114 6150 6113 cim
F 6150 6152 6151 cim
F 6152 6147 6148 cim
F 6147 6114 6108 cim
F 6114 6152 6150 cim
F 6152 6114 6147 cim
F 6120 6153 6119 cim
F 6153 6155 6154 cim
F 6155 6150 6151 cim
F 6150 6120 6113 cim
F 6120 6155 6153 cim
F 6155 6120 6150 cim
F 6156 6153 6154 cim
F 6157 6125 6119 cim
F 6153 6156 6157 cim
F 6154 6158 6156 cim
F 6119 6153 6157 cim
F 6159 6160 6130 cim
F 6161 6163 6162 cim
F 6130 6131 6159 cim
F 6162 6160 6161 cim
F 6159 6161 6160 cim
F 6134 6164 6133 cim
F 6164 6166 6165 cim
F 6166 6160 6162 cim
F 6160 6134 6130 cim
F 6134 6166 6164 cim
F 6166 6134 6160 cim
F 6137 6167 6136 cim
F 6167 6169 6168 cim
F 6169 6164 6165 cim
F 6164 6137 6133 cim
F 6137 6169 6167 cim
F 6169 6137 6164 cim
F 6140 6170 6139 cim
F 6170 6172 6171 cim
F 6172 6167 6168 cim
F 6167 6140 6136 cim
F 6140 6172 6170 cim
F 6172 6140 6167 cim
F 6143 6173 6142 cim
F 6173 6175 6174 cim
F 6175 6170 6171 cim
F 6170 6143 6139 cim
F 6143 6175 6173 cim
F 6175 6143 6170 cim
F 6146 6176 6145 cim
F 6176 6178 6177 cim
F 6178 6173 6174 cim
F 6173 6146 6142 cim
F 6146 6178 6176 cim
F 6178 6146 6173 cim
F 6149 6179 6148 cim
F 6179 6181 6180 cim
F 6181 6176 6177 cim
F 6176 6149 6145 cim
F 6149 6181 6179 cim
F 6181 6149 6176 cim
F 6152 6182 6151 cim
F 6182 6184 6183 cim
F 6184 6179 6180 cim
F 6179 6152 6148 cim
F 6152 6184 6182 cim
F 6184 6152 6179 cim
F 6155 6185 6154 cim
F 6185 6187 6186 cim
F 6187 6182 6183 cim
F 6182 6155 6151 cim
F 6155 6187 6185 cim
F 6187 6155 6182 cim
F 6186 6189 6188 cim
F 6188 6185 6186 cim
F 6190 6158 6154 cim
F 6188 6190 6185 cim
F 6154 6185 6190 cim
F 6158 6190 6191 cim
F 6192 6193 6162 cim
F 6194 6196 6195 cim
F 6162 6163 6192 cim
F 6195 6193 6194 cim
F 6192 6194 6193 cim
F 6166 6197 6165 cim
F 6197 6199 6198 cim
F 6199 6193 6195 cim
F 6193 6166 6162 cim
F 6166 6199 6197 cim
F 6199 6166 6193 cim
F 6169 6200 6168 cim
F 6200 6202 6201 cim
F 6202 6197 6198 cim
F 6197 6169 6165 cim
F 6169 6202 6200 cim
F 6202 6169 6197 cim
F 6172 6203 6171 cim
F 6203 6205 6204 cim
F 6205 6200 6201 cim
F 6200 6172 6168 cim
F 6172 6205 6203 cim
F 6205 6172 6200 cim
F 6175 6206 6174 cim
F 6206 6208 6207 cim
F 6208 6203 6204 cim
F 6203 6175 6171 cim
F 6175 6208 6206 cim
F 6208 6175 6203 cim
F 6178 6209 6177 cim
F 6209 6211 6210 cim
F 6211 6206 6207 cim
F 6206 6178 6174 cim
F 6178 6211 6209 cim
F 6211 6178 6206 cim
F 6181 6212 6180 cim
F 6212 6214 6213 cim
F 6214 6209 6210 cim
F 6209 6181 6177 cim
F 6181 6214 6212 cim
F 6214 6181 6209 cim
F 6184 6215 6183 cim
F 6215 6217 6216 cim
F 6217 6212 6213 cim
F 6212 6184 6180 cim
F 6184 6217 6215 cim
F 6217 6184 6212 cim
F 6187 6218 6186 cim
F 6218 6220 6219 cim
F 6220 6215 6216 cim
F 6215 6187 6183 cim
F 6187 6220 6218 cim
F 6220 6187 6215 cim
F 6221 6218 6219 cim
F 6222 6189 6186 cim
F 6219 6223 6221 cim
F 6186 6218 6222 cim
F 6221 6222 6218 cim
F 6224 6225 6195 cim
F 6226 6228 6227 cim
F 6195 6196 6224 cim
F 6227 6225 6226 cim
F 6224 6226 6225 cim
F 6199 6229 6198 cim
F 6229 6231 6230 cim
F 6231 6225 6227 cim
F 6225 6199 6195 cim
F 6199 6231 6229 cim
F 6231 6199 6225 cim
F 6202 6232 6201 cim
F 6232 6234 6233 cim
F 6234 6229 6230 cim
F 6229 6202 6198 cim
F 6202 6234 6232 cim
F 6234 6202 6229 cim
F 6205 6235 6204 cim
F 6235 6237 6236 cim
F 6237 6232 6233 cim
F 6232 6205 6201 cim
F 6205 6237 6235 cim
F 6237 6205 6232 cim
F 6208 6238 6207 cim
F 6238 6240 6239 cim
F 6240 6235 6236 cim
F 6235 6208 6204 cim
F 6208 6240 6238 cim
F 6240 6208 6235 cim
F 6211 6241 6210 cim
F 6241 6243 6242 cim
F 6243 6238 6239 cim
F 6238 6211 6207 cim
F 6211 6243 6241 cim
F 6243 6211 6238 cim
F 6214 6244 6213 cim
F 6244 6246 6245 cim
F 6246 6241 6242 cim
F 6241 6214 6210 cim
F 6214 6246 6244 cim
F 6246 6214 6241 cim
F 6217 6247 6216 cim
F 6247 6249 6248 cim
F 6249 6244 6245 cim
F 6244 6217 6213 cim
F 6217 6249 6247 cim
F 6249 6217 6244 cim
F 6220 6250 6219 cim
F 6250 6252 6251 cim
F 6252 6247 6248 cim
F 6247 6220 6216 cim
F 6220 6252 6250 cim
F 6252 6220 6247 cim
F 6253 6250 6251 cim
F 6254 6223 6219 cim
F 6251 6255 6253 cim
F 6219 6250 6254 cim
F 6253 6254 6250 cim
F 6256 6257 6227 cim
F 6258 6260 6259 cim
F 6227 6228 6256 cim
F 6259 6257 6258 cim
F 6256 6258 6257 cim
F 6231 6261 6230 cim
F 6261 6263 6262 cim
F 6263 6257 6259 cim
F 6257 6231 6227 cim
F 6231 6263 6261 cim
F 6263 6231 6257 cim
F 6234 6264 6233 cim
F 6264 6266 6265 cim
F 6266 6261 6262 cim
F 6261 6234 6230 cim
F 6234 6266 6264 cim
F 6266 6234 6261 cim
F 6237 6267 6236 cim
F 6267 6269 6268 cim
F 6269 6264 6265 cim
F 6264 6237 6233 cim
F 6237 6269 6267 cim
F 6269 6237 6264 cim
F 6240 6270 6239 cim
F 6270 6272 6271 cim
F 6272 6267 6268 cim
F 6267 6240 6236 cim
F 6240 6272 6270 cim
F 6272 6240 6267 cim
F 6243 6273 6242 cim
F 6273 6275 6274 cim
F 6275 6270 6271 cim
F 6270 6243 6239 cim
F 6243 6275 6273 cim
F 6275 6243 6270 cim
F 6246 6276 6245 cim
F 6276 6278 6277 cim
F 6278 6273 6274 cim
F 6273 6246 6242 cim
F 6246 6278 6276 cim
F 6278 6246 6273 cim
F 6249 6279 6248 cim
F 6279 6281 6280 cim
F 6281 6276 6277 cim
F 6276 6249 6245 cim
F 6249 6281 6279 cim
F 6281 6249 6276 cim
F 6252 6282 6251 cim
F 6282 6284 6283 cim
F 6284 6279 6280 cim
F 6279 6252 6248 cim
F 6252 6284 6282 cim
F 6284 6252 6279 cim
F 6285 6282 6283 cim
F 6286 6255 6251 cim
F 6283 6287 6285 cim
F 6251 6282 6286 cim
F 6285 6286 6282 cim
F 6288 6289 6259 cim
F 6290 6292 6291 cim
F 6259 6260 6288 cim
F 6291 6289 6290 cim
F 6288 6290 6289 cim
F 6263 6293 6262 cim
F 6293 6295 6294 cim
F 6295 6289 6291 cim
F 6289 6263 6259 cim
F 6263 6295 6293 cim
F 6295 6263 6289 cim
F 6266 6296 6265 cim
F 6296 6298 6297 cim
F 6298 6293 6294 cim
F 6293 6266 6262 cim
F 6266 6298 6296 cim
F 6298 6266 6293 cim
F 6269 6299 6268 cim
F 6299 6301 6300 cim
F 6301 6296 6297 cim
F 6296 6269 6265 cim
F 6269 6301 6299 cim
F 6301 6269 6296 cim
F 6272 6302 6271 cim
F 6302 6304 6303 cim
F 6304 6299 6300 cim
F 6299 6272 6268 cim
F 6272 6304 6302 cim
F 6304 6272 6299 cim
F 6275 6305 6274 cim
F 6305 6307 6306 cim
F 6307 6302 6303 cim
F 6302 6275 6271 cim
F 6275 6307 6305 cim
F 6307 6275 6302 cim
F 6278 6308 6277 cim
F 6308 6310 6309 cim
F 6310 6305 6306 cim
F 6305 6278 6274 cim
F 6278 6310 6308 cim
F 6310 6278 6305 cim
F 6281 6311 6280 cim
F 6311 6313 6312 cim
F 6313 6308 6309 cim
F 6308 6281 6277 cim
F 6281 6313 6311 cim
F 6313 6281 6308 cim
F 6284 6314 6283 cim
F 6314 6316 6315 cim
F 6316 6311 6312 cim
F 6311 6284 6280 cim
F 6284 6316 6314 cim
F 6316 6284 6311 cim
F 6317 6314 6315 cim
F 6318 6287 6283 cim
F 6315 6319 6317 cim
F 6283 6314 6318 cim
F 6317 6318 6314 cim
F 6320 6321 6291 cim
F 6322 6324 6323 cim
F 6291 6292 6320 cim
F 6323 6321 6322 cim
F 6320 6322 6321 cim
F 6295 6325 6294 cim
F 6325 6327 6326 cim
F 6327 6321 6323 cim
F 6321 6295 6291 cim
F 6295 6327 6325 cim
F 6327 6295 6321 cim
F 6298 6328 6297 cim
F 6328 6330 6329 cim
F 6330 6325 6326 cim
F 6325 6298 6294 cim
F 6298 6330 6328 cim
F 6330 6298 6325 cim
F 6301 6331 6300 cim
F 6331 6333 6332 cim
F 6333 6328 6329 cim
F 6328 6301 6297 cim
F 6301 6333 6331 cim
F 6333 6301 6328 cim
F 6304 6334 6303 cim
F 6334 6336 6335 cim
F 6336 6331 6332 cim
F 6331 6304 6300 cim
F 6304 6336 6334 cim
F 6336 6304 6331 cim
F 6307 6337 6306 cim
F 6337 6339 6338 cim
F 6339 6334 6335 cim
F 6334 6307 6303 cim
F 6307 6339 6337 cim
F 6339 6307 6334 cim
F 6310 6340 6309 cim
F 6340 6342 6341 cim
F 6342 6337 6338 cim
F 6337 6310 6306 cim
F 6310 6342 6340 cim
F 6342 6310 6337 cim
F 6313 6343 6312 cim
F 6343 6345 6344 cim
F 6345 6340 6341 cim
F 6340 6313 6309 cim
F 6313 6345 6343 cim
F 6345 6313 6340 cim
F 6316 6346 6315 cim
F 6346 6348 6347 cim
F 6348 6343 6344 cim
F 6343 6316 6312 cim
F 6316 6348 6346 cim
F 6348 6316 6343 cim
F 6349 6346 6347 cim
F 6350 6319 6315 cim
F 6349 6352 6351 cim
F 6351 6346 6349 cim
F 6315 6346 6350 cim
F 6351 6350 6346 cim
F 6353 6354 6323 cim
F 6354 6353 6355 cim
F 6323 6324 6353 cim
F 6354 6327 6323 cim
F 6327 6356 6326 cim
F 6356 6358 6357 cim
F 6358 6355 6359 cim
F 6358 6327 6354 cim
F 6327 6358 6356 cim
F 6354 6355 6358 cim
F 6330 6360 6329 cim
F 6360 6362 6361 cim
F 6362 6356 6357 cim
F 6356 6330 6326 cim
F 6330 6362 6360 cim
F 6362 6330 6356 cim
F 6333 6363 6332 cim
F 6363 6365 6364 cim
F 6365 6360 6361 cim
F 6360 6333 6329 cim
F 6333 6365 6363 cim
F 6365 6333 6360 cim
F 6336 6366 6335 cim
F 6366 6368 6367 cim
F 6368 6363 6364 cim
F 6363 6336 6332 cim
F 6336 6368 6366 cim
F 6368 6336 6363 cim
F 6339 6369 6338 cim
F 6369 6371 6370 cim
F 6371 6366 6367 cim
F 6366 6339 6335 cim
F 6339 6371 6369 cim
F 6371 6339 6366 cim
F 6342 6372 6341 cim
F 6372 6374 6373 cim
F 6374 6369 6370 cim
F 6369 6342 6338 cim
F 6342 6374 6372 cim
F 6374 6342 6369 cim
F 6345 6375 6344 cim
F 6375 6377 6376 cim
F 6377 6372 6373 cim
F 6372 6345 6341 cim
F 6345 6377 6375 cim
F 6377 6345 6372 cim
F 6348 6378 6347 cim
F 6378 6380 6379 cim
F 6380 6375 6376 cim
F 6375 6348 6344 cim
F 6348 6380 6378 cim
F 6380 6348 6375 cim
F 6381 6378 6379 cim
F 6378 6349 6347 cim
F 6349 6382 6352 cim
F 6381 6384 6383 cim
F 6383 6378 6381 cim
F 6378 6382 6349 cim
F 6383 6382 6378 cim
F 6358 6385 6357 cim
F 6385 6387 6386 cim
F 6387 6389 6388 cim
F 6358 6359 6390 cim
F 6389 6385 6358 cim
F 6385 6389 6387 cim
F 6358 6390 6389 cim
F 6362 6391 6361 cim
F 6391 6393 6392 cim
F 6393 6385 6386 cim
F 6385 6362 6357 cim
F 6362 6393 6391 cim
F 6393 6362 6385 cim
F 6365 6394 6364 cim
F 6394 6396 6395 cim
F 6396 6391 6392 cim
F 6391 6365 6361 cim
F 6365 6396 6394 cim
F 6396 6365 6391 cim
F 6368 6397 6367 cim
F 6397 6399 6398 cim
F 6399 6394 6395 cim
F 6394 6368 6364 cim
F 6368 6399 6397 cim
F 6399 6368 6394 cim
F 6371 6400 6370 cim
F 6400 6402 6401 cim
F 6402 6397 6398 cim
F 6397 6371 6367 cim
F 6371 6402 6400 cim
F 6402 6371 6397 cim
F 6374 6403 6373 cim
F 6403 6405 6404 cim
F 6405 6400 6401 cim
F 6400 6374 6370 cim
F 6374 6405 6403 cim
F 6405 6374 6400 cim
F 6377 6406 6376 cim
F 6406 6408 6407 cim
F 6408 6403 6404 cim
F 6403 6377 6373 cim
F 6377 6408 6406 cim
F 6408 6377 6403 cim
F 6380 6409 6379 cim
F 6409 6411 6410 cim
F 6411 6406 6407 cim
F 6406 6380 6376 cim
F 6380 6411 6409 cim
F 6411 6380 6406 cim
F 6412 6409 6410 cim
F 6409 6381 6379 cim
F 6381 6413 6384 cim
F 6412 6415 6414 cim
F 6414 6409 6412 cim
F 6409 6413 6381 cim
F 6414 6413 6409 cim
F 6387 6416 6386 cim
F 6416 6418 6417 cim
F 6418 6420 6419 cim
F 6387 6388 6421 cim
F 6421 6416 6387 cim
F 6416 6420 6418 cim
F 6421 6420 6416 cim
F 6393 6422 6392 cim
F 6422 6424 6423 cim
F 6424 6416 6417 cim
F 6416 6393 6386 cim
F 6393 6424 6422 cim
F 6424 6393 6416 cim
F 6396 6425 6395 cim
F 6425 6427 6426 cim
F 6427 6422 6423 cim
F 6422 6396 6392 cim
F 6396 6427 6425 cim
F 6427 6396 6422 cim
F 6399 6428 6398 cim
F 6428 6430 6429 cim
F 6430 6425 6426 cim
F 6425 6399 6395 cim
F 6399 6430 6428 cim
F 6430 6399 6425 cim
F 6402 6431 6401 cim
F 6431 6433 6432 cim
F 6433 6428 6429 cim
F 6428 6402 6398 cim
F 6402 6433 6431 cim
F 6433 6402 6428 cim
F 6405 6434 6404 cim
F 6434 6436 6435 cim
F 6436 6431 6432 cim
F 6431 6405 6401 cim
F 6405 6436 6434 cim
F 6436 6405 6431 cim
F 6408 6437 6407 cim
F 6437 6439 6438 cim
F 6439 6434 6435 cim
F 6434 6408 6404 cim
F 6408 6439 6437 cim
F 6439 6408 6434 cim
F 6411 6440 6410 cim
F 6440 6442 6441 cim
F 6442 6437 6438 cim
F 6437 6411 6407 cim
F 6411 6442 6440 cim
F 6442 6411 6437 cim
F 6443 6440 6441 cim
F 6440 6412 6410 cim
F 6412 6444 6415 cim
F 6443 6446 6445 cim
F 6445 6440 6443 cim
F 6440 6444 6412 cim
F 6445 6444 6440 cim
F 6418 6447 6417 cim
F 6447 6449 6448 cim
F 6449 6451 6450 cim
F 6418 6419 6452 cim
F 6452 6447 6418 cim
F 6447 6451 6449 cim
F 6452 6451 6447 cim
F 6424 6453 6423 cim
F 6453 6455 6454 cim
F 6455 6447 6448 cim
F 6447 6424 6417 cim
F 6424 6455 6453 cim
F 6455 6424 6447 cim
F 6427 6456 6426 cim
F 6456 6458 6457 cim
F 6458 6453 6454 cim
F 6453 6427 6423 cim
F 6427 6458 6456 cim
F 6458 6427 6453 cim
F 6430 6459 6429 cim
F 6459 6461 6460 cim
F 6461 6456 6457 cim
F 6456 6430 6426 cim
F 6430 6461 6459 cim
F 6461 6430 6456 cim
F 6433 6462 6432 cim
F 6462 6464 6463 cim
F 6464 6459 6460 cim
F 6459 6433 6429 cim
F 6433 6464 6462 cim
F 6464 6433 6459 cim
F 6436 6465 6435 cim
F 6465 6467 6466 cim
F 6467 6462 6463 cim
F 6462 6436 6432 cim
F 6436 6467 6465 cim
F 6467 6436 6462 cim
F 6439 6468 6438 cim
F 6468 6470 6469 cim
F 6470 6465 6466 cim
F 6465 6439 6435 cim
F 6439 6470 6468 cim
F 6470 6439 6465 cim
F 6442 6471 6441 cim
F 6471 6473 6472 cim
F 6473 6468 6469 cim
F 6468 6442 6438 cim
F 6442 6473 6471 cim
F 6473 6442 6468 cim
F 6474 6471 6472 cim
F 6471 6443 6441 cim
F 6443 6475 6446 cim
F 6474 6477 6476 cim
F 6476 6471 6474 cim
F 6471 6475 6443 cim
F 6476 6475 6471 cim
F 6449 6478 6448 cim
F 6478 6480 6479 cim
F 6480 6482 6481 cim
F 6449 6450 6483 cim
F 6483 6478 6449 cim
F 6478 6482 6480 cim
F 6483 6482 6478 cim
F 6455 6484 6454 cim
F 6484 6486 6485 cim
F 6486 6478 6479 cim
F 6478 6455 6448 cim
F 6455 6486 6484 cim
F 6486 6455 6478 cim
F 6458 6487 6457 cim
F 6487 6489 6488 cim
F 6489 6484 6485 cim
F 6484 6458 6454 cim
F 6458 6489 6487 cim
F 6489 6458 6484 cim
F 6461 6490 6460 cim
F 6490 6492 6491 cim
F 6492 6487 6488 cim
F 6487 6461 6457 cim
F 6461 6492 6490 cim
F 6492 6461 6487 cim
F 6464 6493 6463 cim
F 6493 6495 6494 cim
F 6495 6490 6491 cim
F 6490 6464 6460 cim
F 6464 6495 6493 cim
F 6495 6464 6490 cim
F 6467 6496 6466 cim
F 6496 6498 6497 cim
F 6498 6493 6494 cim
F 6493 6467 6463 cim
F 6467 6498 6496 cim
F 6498 6467 6493 cim
F 6470 6499 6469 cim
F 6499 6501 6500 cim
F 6501 6496 6497 cim
F 6496 6470 6466 cim
F 6470 6501 6499 cim
F 6501 6470 6496 cim
F 6473 6502 6472 cim
F 6502 6504 6503 cim
F 6504 6499 6500 cim
F 6499 6473 6469 cim
F 6473 6504 6502 cim
F 6504 6473 6499 cim
F 6505 6502 6503 cim
F 6502 6474 6472 cim
F 6474 6506 6477 cim
F 6505 6508 6507 cim
F 6507 6502 6505 cim
F 6502 6506 6474 cim
F 6507 6506 6502 cim
F 6480 6509 6479 cim
F 6509 6511 6510 cim
F 6511 6513 6512 cim
F 6480 6481 6514 cim
F 6514 6509 6480 cim
F 6509 6513 6511 cim
F 6514 6513 6509 cim
F 6486 6515 6485 cim
F 6515 6517 6516 cim
F 6517 6509 6510 cim
F 6509 6486 6479 cim
F 6486 6517 6515 cim
F 6517 6486 6509 cim
F 6489 6518 6488 cim
F 6518 6520 6519 cim
F 6520 6515 6516 cim
F 6515 6489 6485 cim
F 6489 6520 6518 cim
F 6520 6489 6515 cim
F 6492 6521 6491 cim
F 6521 6523 6522 cim
F 6523 6518 6519 cim
F 6518 6492 6488 cim
F 6492 6523 6521 cim
F 6523 6492 6518 cim
F 6495 6524 6494 cim
F 6524 6526 6525 cim
F 6526 6521 6522 cim
F 6521 6495 6491 cim
F 6495 6526 6524 cim
F 6526 6495 6521 cim
F 6498 6527 6497 cim
F 6527 6529 6528 cim
F 6529 6524 6525 cim
F 6524 6498 6494 cim
F 6498 6529 6527 cim
F 6529 6498 6524 cim
F 6501 6530 6500 cim
F 6530 6532 6531 cim
F 6532 6527 6528 cim
F 6527 6501 6497 cim
F 6501 6532 6530 cim
F 6532 6501 6527 cim
F 6504 6533 6503 cim
F 6533 6535 6534 cim
F 6535 6530 6531 cim
F 6530 6504 6500 cim
F 6504 6535 6533 cim
F 6535 6504 6530 cim
F 6536 6533 6534 cim
F 6533 6505 6503 cim
F 6505 6537 6508 cim
F 6536 6539 6538 cim
F 6538 6533 6536 cim
F 6533 6537 6505 cim
F 6538 6537 6533 cim
F 6511 6540 6510 cim
F 6540 6542 6541 cim
F 6542 6544 6543 cim
F 6511 6512 6545 cim
F 6545 6540 6511 cim
F 6540 6544 6542 cim
F 6545 6544 6540 cim
F 6517 6546 6516 cim
F 6546 6548 6547 cim
F 6548 6540 6541 cim
F 6540 6517 6510 cim
F 6517 6548 6546 cim
F 6548 6517 6540 cim
F 6520 6549 6519 cim
F 6549 6551 6550 cim
F 6551 6546 6547 cim
F 6546 6520 6516 cim
F 6520 6551 6549 cim
F 6551 6520 6546 cim
F 6523 6552 6522 cim
F 6552 6554 6553 cim
F 6554 6549 6550 cim
F 6549 6523 6519 cim
F 6523 6554 6552 cim
F 6554 6523 6549 cim
F 6526 6555 6525 cim
F 6555 6557 6556 cim
F 6557 6552 6553 cim
F 6552 6526 6522 cim
F 6526 6557 6555 cim
F 6557 6526 6552 cim
F 6529 6558 6528 cim
F 6558 6560 6559 cim
F 6560 6555 6556 cim
F 6555 6529 6525 cim
F 6529 6560 6558 cim
F 6560 6529 6555 cim
F 6532 6561 6531 cim
F 6561 6563 6562 cim
F 6563 6558 6559 cim
F 6558 6532 6528 cim
F 6532 6563 6561 cim
F 6563 6532 6558 cim
F 6535 6564 6534 cim
F 6564 6566 6565 cim
F 6566 6561 6562 cim
F 6561 6535 6531 cim
F 6535 6566 6564 cim
F 6566 6535 6561 cim
F 6567 6564 6565 cim
F 6564 6536 6534 cim
F 6536 6568 6539 cim
F 6567 6570 6569 cim
F 6569 6564 6567 cim
F 6564 6568 6536 cim
F 6569 6568 6564 cim
F 6542 6571 6541 cim
F 6571 6573 6572 cim
F 6573 6575 6574 cim
F 6542 6543 6576 cim
F 6576 6571 6542 cim
F 6571 6575 6573 cim
F 6576 6575 6571 cim
F 6548 6577 6547 cim
F 6577 6579 6578 cim
F 6579 6571 6572 cim
F 6571 6548 6541 cim
F 6548 6579 6577 cim
F 6579 6548 6571 cim
F 6551 6580 6550 cim
F 6580 6582 6581 cim
F 6582 6577 6578 cim
F 6577 6551 6547 cim
F 6551 6582 6580 cim
F 6582 6551 6577 cim
F 6554 6583 6553 cim
F 6583 6585 6584 cim
F 6585 6580 6581 cim
F 6580 6554 6550 cim
F 6554 6585 6583 cim
F 6585 6554 6580 cim
F 6557 6586 6556 cim
F 6586 6588 6587 cim
F 6588 6583 6584 cim
F 6583 6557 6553 cim
F 6557 6588 6586 cim
F 6588 6557 6583 cim
F 6560 6589 6559 cim
F 6589 6591 6590 cim
F 6591 6586 6587 cim
F 6586 6560 6556 cim
F 6560 6591 6589 cim
F 6591 6560 6586 cim
F 6563 6592 6562 cim
F 6592 6594 6593 cim
F 6594 6589 6590 cim
F 6589 6563 6559 cim
F 6563 6594 6592 cim
F 6594 6563 6589 cim
F 6566 6595 6565 cim
F 6595 6597 6596 cim
F 6597 6592 6593 cim
F 6592 6566 6562 cim
F 6566 6597 6595 cim
F 6597 6566 6592 cim
F 6598 6600 6599 cim
F 6600 6595 6596 cim
F 6595 6567 6565 cim
F 6567 6601 6570 cim
F 6601 6600 6598 cim
F 6601 6567 6595 cim
F 6595 6600 6601 cim
F 6602 6598 6599 cim
F 6573 6603 6572 cim
F 6604 6606 6605 cim
F 6573 6574 6607 cim
F 6607 6603 6573 cim
F 6605 6603 6604 cim
F 6607 6604 6603 cim
F 6579 6608 6578 cim
F 6608 6610 6609 cim
F 6610 6603 6605 cim
F 6603 6579 6572 cim
F 6579 6610 6608 cim
F 6610 6579 6603 cim
F 6582 6611 6581 cim
F 6611 6613 6612 cim
F 6613 6608 6609 cim
F 6608 6582 6578 cim
F 6582 6613 6611 cim
F 6613 6582 6608 cim
F 6585 6614 6584 cim
F 6614 6616 6615 cim
F 6616 6611 6612 cim
F 6611 6585 6581 cim
F 6585 6616 6614 cim
F 6616 6585 6611 cim
F 6588 6617 6587 cim
F 6617 6619 6618 cim
F 6619 6614 6615 cim
F 6614 6588 6584 cim
F 6588 6619 6617 cim
F 6619 6588 6614 cim
F 6591 6620 6590 cim
F 6620 6622 6621 cim
F 6622 6617 6618 cim
F 6617 6591 6587 cim
F 6591 6622 6620 cim
F 6622 6591 6617 cim
F 6594 6623 6593 cim
F 6623 6625 6624 cim
F 6625 6620 6621 cim
F 6620 6594 6590 cim
F 6594 6625 6623 cim
F 6625 6594 6620 cim
F 6597 6626 6596 cim
F 6626 6628 6627 cim
F 6628 6623 6624 cim
F 6623 6597 6593 cim
F 6597 6628 6626 cim
F 6628 6597 6623 cim
F 6600 6629 6599 cim
F 6629 6631 6630 cim
F 6631 6626 6627 cim
F 6626 6600 6596 cim
F 6600 6631 6629 cim
F 6631 6600 6626 cim
F 6632 6629 6630 cim
F 6633 6602 6599 cim
F 6630 6634 6632 cim
F 6599 6629 6633 cim
F 6632 6633 6629 cim
F 6635 6636 6605 cim
F 6637 6639 6638 cim
F 6605 6606 6635 cim
F 6638 6636 6637 cim
F 6635 6637 6636 cim
F 6610 6640 6609 cim
F 6640 6642 6641 cim
F 6642 6636 6638 cim
F 6636 6610 6605 cim
F 6610 6642 6640 cim
F 6642 6610 6636 cim
F 6613 6643 6612 cim
F 6643 6645 6644 cim
F 6645 6640 6641 cim
F 6640 6613 6609 cim
F 6613 6645 6643 cim
F 6645 6613 6640 cim
F 6616 6646 6615 cim
F 6646 6648 6647 cim
F 6648 6643 6644 cim
F 6643 6616 6612 cim
F 6616 6648 6646 cim
F 6648 6616 6643 cim
F 6619 6649 6618 cim
F 6649 6651 6650 cim
F 6651 6646 6647 cim
F 6646 6619 6615 cim
F 6619 6651 6649 cim
F 6651 6619 6646 cim
F 6622 6652 6621 cim
F 6652 6654 6653 cim
F 6654 6649 6650 cim
F 6649 6622 6618 cim
F 6622 6654 6652 cim
F 6654 6622 6649 cim
F 6625 6655 6624 cim
F 6655 6657 6656 cim
F 6657 6652 6653 cim
F 6652 6625 6621 cim
F 6625 6657 6655 cim
F 6657 6625 6652 cim
F 6628 6658 6627 cim
F 6658 6660 6659 cim
F 6660 6655 6656 cim
F 6655 6628 6624 cim
F 6628 6660 6658 cim
F 6660 6628 6655 cim
F 6631 6661 6630 cim
F 6661 6663 6662 cim
F 6663 6658 6659 cim
F 6658 6631 6627 cim
F 6631 6663 6661 cim
F 6663 6631 6658 cim
F 6664 6661 6662 cim
F 6665 6634 6630 cim
F 6662 6666 6664 cim
F 6630 6661 6665 cim
F 6664 6665 6661 cim
F 6667 6668 6638 cim
F 6669 6671 6670 cim
F 6638 6639 6667 cim
F 6670 6668 6669 cim
F 6667 6669 6668 cim
F 6642 6672 6641 cim
F 6672 6674 6673 cim
F 6674 6668 6670 cim
F 6668 6642 6638 cim
F 6642 6674 6672 cim
F 6674 6642 6668 cim
F 6645 6675 6644 cim
F 6675 6677 6676 cim
F 6677 6672 6673 cim
F 6672 6645 6641 cim
F 6645 6677 6675 cim
F 6677 6645 6672 cim
F 6648 6678 6647 cim
F 6678 6680 6679 cim
F 6680 6675 6676 cim
F 6675 6648 6644 cim
F 6648 6680 6678 cim
F 6680 6648 6675 cim
F 6651 6681 6650 cim
F 6681 6683 6682 cim
F 6683 6678 6679 cim
F 6678 6651 6647 cim
F 6651 6683 6681 cim
F 6683 6651 6678 cim
F 6654 6684 6653 cim
F 6684 6686 6685 cim
F 6686 6681 6682 cim
F 6681 6654 6650 cim
F 6654 6686 6684 cim
F 6686 6654 6681 cim
F 6657 6687 6656 cim
F 6687 6689 6688 cim
F 6689 6684 6685 cim
F 6684 6657 6653 cim
F 6657 6689 6687 cim
F 6689 6657 6684 cim
F 6660 6690 6659 cim
F 6690 6692 6691 cim
F 6692 6687 6688 cim
F 6687 6660 6656 cim
F 6660 6692 6690 cim
F 6692 6660 6687 cim
F 6663 6693 6662 cim
F 6693 6695 6694 cim
F 6695 6690 6691 cim
F 6690 6663 6659 cim
F 6663 6695 6693 cim
F 6695 6663 6690 cim
F 6696 6693 6694 cim
F 6697 6666 6662 cim
F 6694 6698 6696 cim
F 6662 6693 6697 cim
F 6696 6697 6693 cim
F 6699 6700 6670 cim
F 6701 6703 6702 cim
F 6670 6671 6699 cim
F 6702 6700 6701 cim
F 6699 6701 6700 cim
F 6674 6704 6673 cim
F 6704 6706 6705 cim
F 6706 6700 6702 cim
F 6700 6674 6670 cim
F 6674 6706 6704 cim
F 6706 6674 6700 cim
F 6677 6707 6676 cim
F 6707 6709 6708 cim
F 6709 6704 6705 cim
F 6704 6677 6673 cim
F 6677 6709 6707 cim
F 6709 6677 6704 cim
F 6680 6710 6679 cim
F 6710 6712 6711 cim
F 6712 6707 6708 cim
F 6707 6680 6676 cim
F 6680 6712 6710 cim
F 6712 6680 6707 cim
F 6683 6713 6682 cim
F 6713 6715 6714 cim
F 6715 6710 6711 cim
F 6710 6683 6679 cim
F 6683 6715 6713 cim
F 6715 6683 6710 cim
F 6686 6716 6685 cim
F 6716 6718 6717 cim
F 6718 6713 6714 cim
F 6713 6686 6682 cim
F 6686 6718 6716 cim
F 6718 6686 6713 cim
F 6689 6719 6688 cim
F 6719 6721 6720 cim
F 6721 6716 6717 cim
F 6716 6689 6685 cim
F 6689 6721 6719 cim
F 6721 6689 6716 cim
F 6692 6722 6691 cim
F 6722 6724 6723 cim
F 6724 6719 6720 cim
F 6719 6692 6688 cim
F 6692 6724 6722 cim
F 6724 6692 6719 cim
F 6695 6725 6694 cim
F 6725 6727 6726 cim
F 6727 6722 6723 cim
F 6722 6695 6691 cim
F 6695 6727 6725 cim
F 6727 6695 6722 cim
F 6728 6725 6726 cim
F 6729 6698 6694 cim
F 6726 6730 6728 cim
F 6694 6725 6729 cim
F 6728 6729 6725 cim
F 6731 6732 6702 cim
F 6733 6735 6734 cim
F 6702 6703 6731 cim
F 6734 6732 6733 cim
F 6731 6733 6732 cim
F 6706 6736 6705 cim
F 6736 6738 6737 cim
F 6738 6732 6734 cim
F 6732 6706 6702 cim
F 6706 6738 6736 cim
F 6738 6706 6732 cim
F 6709 6739 6708 cim
F 6739 6741 6740 cim
F 6741 6736 6737 cim
F 6736 6709 6705 cim
F 6709 6741 6739 cim
F 6741 6709 6736 cim
F 6712 6742 6711 cim
F 6742 6744 6743 cim
F 6744 6739 6740 cim
F 6739 6712 6708 cim
F 6712 6744 6742 cim
F 6744 6712 6739 cim
F 6715 6745 6714 cim
F 6745 6747 6746 cim
F 6747 6742 6743 cim
F 6742 6715 6711 cim
F 6715 6747 6745 cim
F 6747 6715 6742 cim
F 6718 6748 6717 cim
F 6748 6750 6749 cim
F 6750 6745 6746 cim
F 6745 6718 6714 cim
F 6718 6750 6748 cim
F 6750 6718 6745 cim
F 6721 6751 6720 cim
F 6751 6753 6752 cim
F 6753 6748 6749 cim
F 6748 6721 6717 cim
F 6721 6753 6751 cim
F 6753 6721 6748 cim
F 6724 6754 6723 cim
F 6754 6756 6755 cim
F 6756 6751 6752 cim
F 6751 6724 6720 cim
F 6724 6756 6754 cim
F 6756 6724 6751 cim
F 6727 6757 6726 cim
F 6757 6759 6758 cim
F 6759 6754 6755 cim
F 6754 6727 6723 cim
F 6727 6759 6757 cim
F 6759 6727 6754 cim
F 6760 6757 6758 cim
F 6761 6730 6726 cim
F 6758 6762 6760 cim
F 6726 6757 6761 cim
F 6760 6761 6757 cim
F 6763 6764 6734 cim
F 6765 6767 6766 cim
F 6734 6735 6763 cim
F 6766 6764 6765 cim
F 6763 6765 6764 cim
F 6738 6768 6737 cim
F 6768 6770 6769 cim
F 6770 6764 6766 cim
F 6764 6738 6734 cim
F 6738 6770 6768 cim
F 6770 6738 6764 cim
F 6741 6771 6740 cim
F 6771 6773 6772 cim
F 6773 6768 6769 cim
F 6768 6741 6737 cim
F 6741 6773 6771 cim
F 6773 6741 6768 cim
F 6744 6774 6743 cim
F 6774 6776 6775 cim
F 6776 6771 6772 cim
F 6771 6744 6740 cim
F 6744 6776 6774 cim
F 6776 6744 6771 cim
F 6747 6777 6746 cim
F 6777 6779 6778 cim
F 6779 6774 6775 cim
F 6774 6747 6743 cim
F 6747 6779 6777 cim
F 6779 6747 6774 cim
F 6750 6780 6749 cim
F 6780 6782 6781 cim
F 6782 6777 6778 cim
F 6777 6750 6746 cim
F 6750 6782 6780 cim
F 6782 6750 6777 cim
F 6753 6783 6752 cim
F 6783 6785 6784 cim
F 6785 6780 6781 cim
F 6780 6753 6749 cim
F 6753 6785 6783 cim
F 6785 6753 6780 cim
F 6756 6786 6755 cim
F 6786 6788 6787 cim
F 6788 6783 6784 cim
F 6783 6756 6752 cim
F 6756 6788 6786 cim
F 6788 6756 6783 cim
F 6759 6789 6758 cim
F 6789 6791 6790 cim
F 6791 6786 6787 cim
F 6786 6759 6755 cim
F 6759 6791 6789 cim
F 6791 6759 6786 cim
F 6792 6789 6790 cim
F 6793 6762 6758 cim
F 6790 6794 6792 cim
F 6758 6789 6793 cim
F 6792 6793 6789 cim
F 6795 6796 6766 cim
F 6797 6799 6798 cim
F 6766 6767 6795 cim
F 6798 6796 6797 cim
F 6795 6797 6796 cim
F 6770 6800 6769 cim
F 6800 6802 6801 cim
F 6802 6796 6798 cim
F 6796 6770 6766 cim
F 6770 6802 6800 cim
F 6802 6770 6796 cim
F 6773 6803 6772 cim
F 6803 6805 6804 cim
F 6805 6800 6801 cim
F 6800 6773 6769 cim
F 6773 6805 6803 cim
F 6805 6773 6800 cim
F 6776 6806 6775 cim
F 6806 6808 6807 cim
F 6808 6803 6804 cim
F 6803 6776 6772 cim
F 6776 6808 6806 cim
F 6808 6776 6803 cim
F 6779 6809 6778 cim
F 6809 6811 6810 cim
F 6811 6806 6807 cim
F 6806 6779 6775 cim
F 6779 6811 6809 cim
F 6811 6779 6806 cim
F 6782 6812 6781 cim
F 6812 6814 6813 cim
F 6814 6809 6810 cim
F 6809 6782 6778 cim
F 6782 6814 6812 cim
F 6814 6782 6809 cim
F 6785 6815 6784 cim
F 6815 6817 6816 cim
F 6817 6812 6813 cim
F 6812 6785 6781 cim
F 6785 6817 6815 cim
F 6817 6785 6812 cim
F 6788 6818 6787 cim
F 6818 6820 6819 cim
F 6820 6815 6816 cim
F 6815 6788 6784 cim
F 6788 6820 6818 cim
F 6820 6788 6815 cim
F 6791 6821 6790 cim
F 6821 6823 6822 cim
F 6823 6818 6819 cim
F 6818 6791 6787 cim
F 6791 6823 6821 cim
F 6823 6791 6818 cim
F 6824 6821 6822 cim
F 6825 6794 6790 cim
F 6822 6826 6824 cim
F 6790 6821 6825 cim
F 6824 6825 6821 cim
F 6827 6828 6798 cim
F 6829 6831 6830 cim
F 6798 6799 6827 cim
F 6830 6828 6829 cim
F 6827 6829 6828 cim
F 6802 6832 6801 cim
F 6832 6834 6833 cim
F 6834 6828 6830 cim
F 6828 6802 6798 cim
F 6802 6834 6832 cim
F 6834 6802 6828 cim
F 6805 6835 6804 cim
F 6835 6837 6836 cim
F 6837 6832 6833 cim
F 6832 6805 6801 cim
F 6805 6837 6835 cim
F 6837 6805 6832 cim
F 6808 6838 6807 cim
F 6838 6840 6839 cim
F 6840 6835 6836 cim
F 6835 6808 6804 cim
F 6808 6840 6838 cim
F 6840 6808 6835 cim
F 6811 6841 6810 cim
F 6841 6843 6842 cim
F 6843 6838 6839 cim
F 6838 6811 6807 cim
F 6811 6843 6841 cim
F 6843 6811 6838 cim
F 6814 6844 6813 cim
F 6844 6846 6845 cim
F 6846 6841 6842 cim
F 6841 6814 6810 cim
F 6814 6846 6844 cim
F 6846 6814 6841 cim
F 6817 6847 6816 cim
F 6847 6849 6848 cim
F 6849 6844 6845 cim
F 6844 6817 6813 cim
F 6817 6849 6847 cim
F 6849 6817 6844 cim
F 6820 6850 6819 cim
F 6850 6852 6851 cim
F 6852 6847 6848 cim
F 6847 6820 6816 cim
F 6820 6852 6850 cim
F 6852 6820 6847 cim
F 6823 6853 6822 cim
F 6853 6855 6854 cim
F 6855 6850 6851 cim
F 6850 6823 6819 cim
F 6823 6855 6853 cim
F 6855 6823 6850 cim
F 6856 6853 6854 cim
F 6857 6826 6822 cim
F 6854 6858 6856 cim
F 6822 6853 6857 cim
F 6856 6857 6853 cim
F 6859 6860 6830 cim
F 6861 6863 6862 cim
F 6830 6831 6859 cim
F 6862 6860 6861 cim
F 6859 6861 6860 cim
F 6834 6864 6833 cim
F 6864 6866 6865 cim
F 6866 6860 6862 cim
F 6860 6834 6830 cim
F 6834 6866 6864 cim
F 6866 6834 6860 cim
F 6837 6867 6836 cim
F 6867 6869 6868 cim
F 6869 6864 6865 cim
F 6864 6837 6833 cim
F 6837 6869 6867 cim
F 6869 6837 6864 cim
F 6840 6870 6839 cim
F 6870 6872 6871 cim
F 6872 6867 6868 cim
F 6867 6840 6836 cim
F 6840 6872 6870 cim
F 6872 6840 6867 cim
F 6843 6873 6842 cim
F 6873 6875 6874 cim
F 6875 6870 6871 cim
F 6870 6843 6839 cim
F 6843 6875 6873 cim
F 6875 6843 6870 cim
F 6846 6876 6845 cim
F 6876 6878 6877 cim
F 6878 6873 6874 cim
F 6873 6846 6842 cim
F 6846 6878 6876 cim
F 6878 6846 6873 cim
F 6849 6879 6848 cim
F 6879 6881 6880 cim
F 6881 6876 6877 cim
F 6876 6849 6845 cim
F 6849 6881 6879 cim
F 6881 6849 6876 cim
F 6852 6882 6851 cim
F 6882 6884 6883 cim
F 6884 6879 6880 cim
F 6879 6852 6848 cim
F 6852 6884 6882 cim
F 6884 6852 6879 cim
F 6855 6885 6854 cim
F 6885 6887 6886 cim
F 6887 6882 6883 cim
F 6882 6855 6851 cim
F 6855 6887 6885 cim
F 6887 6855 6882 cim
F 6888 6885 6886 cim
F 6889 6858 6854 cim
F 6888 6891 6890 cim
F 6890 6885 6888 cim
F 6854 6885 6889 cim
F 6890 6889 6885 cim
F 6863 6892 6862 cim
F 6892 6866 6862 cim
F 6866 6893 6865 cim
F 6893 6895 6894 cim
F 6895 6897 6896 cim
F 6897 6866 6892 cim
F 6897 6895 6893 cim
F 6893 6866 6897 cim
F 6869 6898 6868 cim
F 6898 6900 6899 cim
F 6900 6893 6894 cim
F 6893 6869 6865 cim
F 6869 6900 6898 cim
F 6900 6869 6893 cim
F 6872 6901 6871 cim
F 6901 6903 6902 cim
F 6903 6898 6899 cim
F 6898 6872 6868 cim
F 6872 6903 6901 cim
F 6903 6872 6898 cim
F 6875 6904 6874 cim
F 6904 6906 6905 cim
F 6906 6901 6902 cim
F 6901 6875 6871 cim
F 6875 6906 6904 cim
F 6906 6875 6901 cim
F 6878 6907 6877 cim
F 6907 6909 6908 cim
F 6909 6904 6905 cim
F 6904 6878 6874 cim
F 6878 6909 6907 cim
F 6909 6878 6904 cim
F 6881 6910 6880 cim
F 6910 6912 6911 cim
F 6912 6907 6908 cim
F 6907 6881 6877 cim
F 6881 6912 6910 cim
F 6912 6881 6907 cim
F 6884 6913 6883 cim
F 6913 6915 6914 cim
F 6915 6910 6911 cim
F 6910 6884 6880 cim
F 6884 6915 6913 cim
F 6915 6884 6910 cim
F 6887 6916 6886 cim
F 6916 6918 6917 cim
F 6918 6913 6914 cim
F 6913 6887 6883 cim
F 6887 6918 6916 cim
F 6918 6887 6913 cim
F 6919 6916 6917 cim
F 6916 6888 6886 cim
F 6888 6920 6891 cim
F 6919 6922 6921 cim
F 6921 6916 6919 cim
F 6916 6920 6888 cim
F 6921 6920 6916 cim
F 6895 6923 6894 cim
F 6923 6925 6924 cim
F 6925 6927 6926 cim
F 6895 6896 6928 cim
F 6927 6923 6895 cim
F 6923 6927 6925 cim
F 6895 6928 6927 cim
F 6900 6929 6899 cim
F 6929 6931 6930 cim
F 6931 6923 6924 cim
F 6923 6900 6894 cim
F 6900 6931 6929 cim
F 6931 6900 6923 cim
F 6903 6932 6902 cim
F 6932 6934 6933 cim
F 6934 6929 6930 cim
F 6929 6903 6899 cim
F 6903 6934 6932 cim
F 6934 6903 6929 cim
F 6906 6935 6905 cim
F 6935 6937 6936 cim
F 6937 6932 6933 cim
F 6932 6906 6902 cim
F 6906 6937 6935 cim
F 6937 6906 6932 cim
F 6909 6938 6908 cim
F 6938 6940 6939 cim
F 6940 6935 6936 cim
F 6935 6909 6905 cim
F 6909 6940 6938 cim
F 6940 6909 6935 cim
F 6912 6941 6911 cim
F 6941 6943 6942 cim
F 6943 6938 6939 cim
F 6938 6912 6908 cim
F 6912 6943 6941 cim
F 6943 6912 6938 cim
F 6915 6944 6914 cim
F 6944 6946 6945 cim
F 6946 6941 6942 cim
F 6941 6915 6911 cim
F 6915 6946 6944 cim
F 6946 6915 6941 cim
F 6918 6947 6917 cim
F 6947 6949 6948 cim
F 6949 6944 6945 cim
F 6944 6918 6914 cim
F 6918 6949 6947 cim
F 6949 6918 6944 cim
F 6950 6947 6948 cim
F 6947 6919 6917 cim
F 6919 6951 6922 cim
F 6950 6953 6952 cim
F 6952 6947 6950 cim
F 6947 6951 6919 cim
F 6952 6951 6947 cim
F 6954 6925 6926 cim
F 6925 6955 6924 cim
F 6955 6957 6956 cim
F 6957 6954 6958 cim
F 6954 6955 6925 cim
F 6955 6954 6957 cim
F 6955 6931 6924 cim
F 6931 6959 6930 cim
F 6959 6961 6960 cim
F 6962 6955 6956 cim
F 6961 6959 6931 cim
F 6931 6962 6961 cim
F 6931 6955 6962 cim
F 6959 6934 6930 cim
F 6934 6963 6933 cim
F 6963 6965 6964 cim
F 6966 6959 6960 cim
F 6965 6963 6934 cim
F 6934 6966 6965 cim
F 6934 6959 6966 cim
F 6967 6963 6964 cim
F 6963 6937 6933 cim
F 6937 6968 6936 cim
F 6969 6971 6970 cim
F 6937 6963 6967 cim
F 6969 6968 6937 cim
F 6970 6968 6969 cim
F 6937 6967 6969 cim
F 6940 6972 6939 cim
F 6972 6974 6973 cim
F 6974 6968 6970 cim
F 6968 6940 6936 cim
F 6940 6974 6972 cim
F 6974 6940 6968 cim
F 6943 6975 6942 cim
F 6975 6977 6976 cim
F 6977 6972 6973 cim
F 6972 6943 6939 cim
F 6943 6977 6975 cim
F 6977 6943 6972 cim
F 6946 6978 6945 cim
F 6978 6980 6979 cim
F 6980 6975 6976 cim
F 6975 6946 6942 cim
F 6946 6980 6978 cim
F 6980 6946 6975 cim
F 6949 6981 6948 cim
F 6981 6983 6982 cim
F 6983 6978 6979 cim
F 6978 6949 6945 cim
F 6949 6983 6981 cim
F 6983 6949 6978 cim
F 6984 6981 6982 cim
F 6981 6950 6948 cim
F 6950 6985 6953 cim
F 6984 6987 6986 cim
F 6986 6981 6984 cim
F 6981 6985 6950 cim
F 6986 6985 6981 cim
F 6988 6970 6971 cim
F 6971 6989 6988 cim
F 6990 6974 6970 cim
F 6991 6992 6973 cim
F 6974 6990 6991 cim
F 6970 6988 6990 cim
F 6973 6974 6991 cim
F 6993 6977 6973 cim
F 6994 6995 6976 cim
F 6973 6992 6993 cim
F 6976 6977 6994 cim
F 6993 6994 6977 cim
F 6996 6976 6995 cim
F 6997 6998 6979 cim
F 6979 6997 6997 cim
F 6976 6996 6999 cim
F 6999 6980 6976 cim
F 6979 6980 6997 cim
F 6999 6997 6980 cim
F 7000 6983 6979 cim
F 7001 7002 6982 cim
F 6983 7000 7001 cim
F 6979 6998 7000 cim
F 6982 6983 7001 cim
F 7003 6982 7002 cim
F 7003 7004 6987 cim
F 6984 6982 7003 cim
F 6987 6984 7003 cim
F 7005 7006 7005 asfalt
F 7007 7008 7008 asfalt
F 7005 7007 7005 asfalt
F 7006 7005 7006 asfalt
F 7007 7007 7008 asfalt
F 7007 7007 7005 asfalt
F 7009 7008 7009 asfalt
F 7010 7011 7010 asfalt
F 7011 7010 7011 asfalt
F 7008 7009 7008 asfalt
F 7011 7011 7009 asfalt
F 7011 7009 7009 asfalt
F 7012 7010 7012 asfalt
F 7013 7014 7013 asfalt
F 7014 7013 7014 asfalt
F 7010 7012 7010 asfalt
F 7014 7014 7012 asfalt
F 7014 7012 7012 asfalt
F 7015 7013 7015 asfalt
F 7016 7017 7016 asfalt
F 7017 7016 7017 asfalt
F 7013 7015 7013 asfalt
F 7017 7017 7015 asfalt
F 7017 7015 7015 asfalt
F 7018 7016 7018 asfalt
F 7019 7020 7019 asfalt
F 7020 7019 7020 asfalt
F 7016 7018 7016 asfalt
F 7020 7020 7018 asfalt
F 7020 7018 7018 asfalt
F 7021 7019 7021 asfalt
F 7022 7023 7022 asfalt
F 7023 7022 7023 asfalt
F 7019 7021 7019 asfalt
F 7023 7023 7021 asfalt
F 7023 7021 7021 asfalt
F 7024 7022 7024 asfalt
F 7025 7026 7025 asfalt
F 7026 7025 7026 asfalt
F 7022 7024 7022 asfalt
F 7026 7026 7024 asfalt
F 7026 7024 7024 asfalt
F 7027 7025 7027 asfalt
F 7028 7029 7028 asfalt
F 7029 7028 7029 asfalt
F 7025 7027 7025 asfalt
F 7029 7029 7027 asfalt
F 7029 7027 7027 asfalt
F 7030 7028 7030 asfalt
F 7031 7032 7032 asfalt
F 7030 7031 7030 asfalt
F 7028 7030 7028 asfalt
F 7031 7031 7032 asfalt
F 7031 7031 7030 asfalt
F 7033 7032 7033 asfalt
F 7034 7035 7034 asfalt
F 7035 7034 7035 asfalt
F 7032 7033 7032 asfalt
F 7035 7035 7033 asfalt
F 7035 7033 7033 asfalt
F 7036 7034 7036 asfalt
F 7037 7038 7037 asfalt
F 7038 7037 7038 asfalt
F 7034 7036 7034 asfalt
F 7038 7038 7036 asfalt
F 7038 7036 7036 asfalt
F 7039 7037 7039 asfalt
F 7040 7041 7040 asfalt
F 7041 7040 7041 asfalt
F 7037 7039 7037 asfalt
F 7041 7041 7039 asfalt
F 7041 7039 7039 asfalt
F 7042 7044 7043 asfalt
F 7045 7046 7045 asfalt
F 7046 7045 7046 asfalt
F 7047 7049 7048 asfalt
F 7050 7048 7048 asfalt
F 7048 7052 7051 asfalt
F 7047 7053 7049 asfalt
F 7054 7056 7055 asfalt
F 7047 7057 7054 asfalt
F 7046 7058 7047 asfalt
F 7059 7044 7059 asfalt
F 7059 7044 7059 asfalt
F 7059 7044 7059 asfalt
F 7044 7060 7059 asfalt
F 7060 7060 7042 asfalt
F 7043 7042 7043 asfalt
F 7061 7046 7045 asfalt
F 7046 7047 7048 asfalt
F 7049 7052 7048 asfalt
F 7054 7055 7047 asfalt
F 7048 7050 7046 asfalt
F 7044 7059 7044 asfalt
F 7060 7060 7042 asfalt
F 7059 7061 7045 asfalt
F 7050 7045 7046 asfalt
F 7055 7053 7047 asfalt
F 7044 7059 7044 asfalt
F 7060 7060 7042 asfalt
F 7045 7044 7059 asfalt
F 7044 7059 7044 asfalt
F 7044 7042 7060 asfalt
F 7062 7063 7064 perde_beton
F 7062 7064 7065 perde_beton
F 7066 7067 7068 perde_beton
F 7066 7068 7069 perde_beton
F 7070 7071 7072 perde_beton
F 7070 7072 7073 perde_beton
F 7074 7075 7076 perde_beton
F 7074 7076 7077 perde_beton
F 7078 7079 7080 perde_beton
F 7078 7080 7081 perde_beton
F 7082 7083 7084 perde_beton
F 7082 7084 7085 perde_beton
F 7086 7087 7088 perde_beton
F 7086 7088 7089 perde_beton
F 7090 7091 7092 perde_beton
F 7090 7092 7093 perde_beton
F 7094 7095 7096 perde_beton
F 7094 7096 7097 perde_beton
F 7098 7099 7100 perde_beton
F 7098 7100 7101 perde_beton
F 7102 7103 7104 perde_beton
F 7102 7104 7105 perde_beton
F 7106 7107 7108 perde_beton
F 7106 7108 7109 perde_beton
F 7110 7111 7112 perde_beton
F 7110 7112 7113 perde_beton
F 7114 7115 7116 perde_beton
F 7114 7116 7117 perde_beton
F 7118 7119 7120 perde_beton
F 7118 7120 7121 perde_beton
F 7122 7123 7124 perde_beton
F 7122 7124 7125 perde_beton
F 7126 7127 7128 perde_beton
F 7126 7128 7129 perde_beton
F 7130 7131 7132 perde_beton
F 7130 7132 7133 perde_beton
F 7134 7135 7136 perde_beton
F 7134 7136 7137 perde_beton
F 7138 7139 7140 perde_beton
F 7138 7140 7141 perde_beton
F 7142 7143 7144 perde_beton
F 7142 7144 7145 perde_beton
F 7146 7147 7148 perde_beton
F 7146 7148 7149 perde_beton
F 7150 7151 7152 perde_beton
F 7150 7152 7153 perde_beton
F 7154 7155 7156 perde_beton
F 7154 7156 7157 perde_beton
F 7158 7159 7160 perde_beton
F 7158 7160 7161 perde_beton
F 7162 7163 7164 perde_beton
F 7162 7164 7165 perde_beton
F 7166 7167 7168 perde_beton
F 7166 7168 7169 perde_beton
F 7170 7171 7172 perde_beton
F 7170 7172 7173 perde_beton
F 7174 7175 7176 perde_beton
F 7174 7176 7177 perde_beton
F 7178 7179 7180 perde_beton
F 7178 7180 7181 perde_beton
F 7182 7183 7184 perde_beton
F 7182 7184 7185 perde_beton
F 7186 7187 7188 perde_beton
F 7186 7188 7189 perde_beton
F 7190 7191 7192 perde_beton
F 7190 7192 7193 perde_beton
F 7194 7195 7196 perde_beton
F 7194 7196 7197 perde_beton
F 7198 7199 7200 perde_beton
F 7198 7200 7201 perde_beton
F 7202 7203 7204 perde_beton
F 7202 7204 7205 perde_beton
F 7206 7207 7208 perde_beton
F 7206 7208 7209 perde_beton
F 7210 7211 7212 perde_beton
F 7210 7212 7213 perde_beton
F 7214 7215 7216 perde_beton
F 7214 7216 7217 perde_beton
F 7218 7219 7220 perde_beton
F 7218 7220 7221 perde_beton
F 7222 7223 7224 perde_beton
F 7222 7224 7225 perde_beton
F 7226 7227 7228 perde_beton
F 7226 7228 7229 perde_beton
F 7230 7231 7232 perde_beton
F 7230 7232 7233 perde_beton
F 7234 7235 7236 perde_beton
F 7234 7236 7237 perde_beton
F 7238 7239 7240 perde_beton
F 7238 7240 7241 perde_beton
F 7242 7243 7244 perde_beton
F 7242 7244 7245 perde_beton
F 7246 7247 7248 perde_beton
F 7246 7248 7249 perde_beton
F 7250 7251 7252 perde_beton
F 7250 7252 7253 perde_beton
F 7254 7255 7256 perde_beton
F 7254 7256 7257 perde_beton
F 7258 7259 7260 perde_beton
F 7258 7260 7261 perde_beton
F 7262 7263 7264 perde_beton
F 7262 7264 7265 perde_beton
F 7266 7267 7268 perde_beton
F 7266 7268 7269 perde_beton
F 7270 7271 7272 perde_beton
F 7270 7272 7273 perde_beton
F 7274 7275 7276 perde_beton
F 7274 7276 7277 perde_beton
F 7278 7279 7280 perde_beton
F 7278 7280 7281 perde_beton
F 7282 7283 7284 perde_beton
F 7282 7284 7285 perde_beton
F 7286 7287 7288 perde_beton
F 7286 7288 7289 perde_beton
F 7290 7291 7292 perde_beton
F 7290 7292 7293 perde_beton
F 7294 7295 7296 perde_beton
F 7294 7296 7297 perde_beton
F 7298 7299 7300 perde_beton
F 7298 7300 7301 perde_beton
F 7302 7303 7304 perde_beton
F 7302 7304 7305 perde_beton
F 7306 7307 7308 perde_beton
F 7306 7308 7309 perde_beton
F 7310 7311 7312 perde_beton
F 7310 7312 7313 perde_beton
F 7314 7315 7316 perde_beton
F 7314 7316 7317 perde_beton
F 7318 7319 7320 perde_beton
F 7318 7320 7321 perde_beton
F 7322 7323 7324 perde_beton
F 7322 7324 7325 perde_beton
F 7326 7327 7328 perde_beton
F 7326 7328 7329 perde_beton
F 7330 7331 7332 perde_beton
F 7330 7332 7333 perde_beton
F 7334 7335 7336 perde_beton
F 7334 7336 7337 perde_beton
F 7338 7339 7340 perde_beton
F 7338 7340 7341 perde_beton
F 7342 7343 7344 perde_beton
F 7342 7344 7345 perde_beton
F 7346 7347 7348 perde_beton
F 7346 7348 7349 perde_beton
F 7350 7351 7352 perde_beton
F 7350 7352 7353 perde_beton
F 7354 7355 7356 perde_beton
F 7354 7356 7357 perde_beton
F 7358 7359 7360 perde_beton
F 7358 7360 7361 perde_beton
F 7362 7363 7364 perde_beton
F 7362 7364 7365 perde_beton
F 7366 7367 7368 perde_beton
F 7366 7368 7369 perde_beton
F 7370 7371 7372 perde_beton
F 7370 7372 7373 perde_beton
F 7374 7375 7376 perde_beton
F 7374 7376 7377 perde_beton
F 7378 7379 7380 perde_beton
F 7378 7380 7381 perde_beton
F 7382 7383 7384 perde_beton
F 7382 7384 7385 perde_beton
F 7386 7387 7388 perde_beton
F 7386 7388 7389 perde_beton
F 7390 7391 7392 perde_beton
F 7390 7392 7393 perde_beton
F 7394 7395 7396 perde_beton
F 7394 7396 7397 perde_beton
F 7398 7399 7400 perde_beton
F 7398 7400 7401 perde_beton
F 7402 7403 7404 perde_beton
F 7402 7404 7405 perde_beton
F 7406 7407 7408 perde_beton
F 7406 7408 7409 perde_beton
F 7410 7411 7412 perde_beton
F 7410 7412 7413 perde_beton
F 7414 7415 7416 perde_beton
F 7414 7416 7417 perde_beton
F 7418 7419 7420 perde_beton
F 7418 7420 7421 perde_beton
F 7422 7423 7424 perde_beton
F 7422 7424 7425 perde_beton
F 7426 7427 7428 perde_beton
F 7426 7428 7429 perde_beton
F 7430 7431 7432 perde_beton
F 7430 7432 7433 perde_beton
F 7434 7435 7436 perde_beton
F 7434 7436 7437 perde_beton
F 7438 7439 7440 perde_beton
F 7438 7440 7441 perde_beton
F 7442 7443 7444 perde_beton
F 7442 7444 7445 perde_beton
F 7446 7447 7448 perde_beton
F 7446 7448 7449 perde_beton
F 7450 7451 7452 perde_beton
F 7450 7452 7453 perde_beton
F 7454 7455 7456 perde_beton
F 7454 7456 7457 perde_beton
F 7458 7459 7460 perde_beton
F 7458 7460 7461 perde_beton
F 7462 7463 7464 perde_beton
F 7462 7464 7465 perde_beton
F 7466 7467 7468 perde_beton
F 7466 7468 7469 perde_beton
F 7470 7471 7472 perde_beton
F 7470 7472 7473 perde_beton
F 7474 7475 7476 perde_beton
F 7474 7476 7477 perde_beton
F 7478 7479 7480 perde_beton
F 7478 7480 7481 perde_beton
F 7482 7483 7484 perde_beton
F 7482 7484 7485 perde_beton
F 7486 7487 7488 perde_beton
F 7486 7488 7489 perde_beton
F 7490 7491 7492 perde_beton
F 7490 7492 7493 perde_beton
F 7494 7495 7496 perde_beton
F 7494 7496 7497 perde_beton
F 7498 7499 7500 perde_beton
F 7498 7500 7501 perde_beton
F 7502 7503 7504 perde_beton
F 7502 7504 7505 perde_beton
F 7506 7507 7508 perde_beton
F 7506 7508 7509 perde_beton
F 7510 7511 7512 perde_beton
F 7510 7512 7513 perde_beton
F 7514 7515 7516 perde_beton
F 7514 7516 7517 perde_beton
F 7518 7519 7520 perde_beton
F 7518 7520 7521 perde_beton
F 7522 7523 7524 perde_beton
F 7522 7524 7525 perde_beton
F 7526 7527 7528 perde_beton
F 7526 7528 7529 perde_beton
F 7530 7531 7532 perde_beton
F 7530 7532 7533 perde_beton
F 7534 7535 7536 perde_beton
F 7534 7536 7537 perde_beton
F 7538 7539 7540 perde_beton
F 7538 7540 7541 perde_beton
F 7542 7543 7544 perde_beton
F 7542 7544 7545 perde_beton
F 7546 7547 7548 perde_beton
F 7546 7548 7549 perde_beton
F 7550 7551 7552 perde_beton
F 7550 7552 7553 perde_beton
F 7554 7555 7556 perde_beton
F 7554 7556 7557 perde_beton
F 7558 7559 7560 perde_beton
F 7558 7560 7561 perde_beton
F 7562 7563 7564 perde_beton
F 7562 7564 7565 perde_beton
F 7566 7567 7568 perde_beton
F 7566 7568 7569 perde_beton
F 7570 7571 7572 perde_beton
F 7570 7572 7573 perde_beton
F 7574 7575 7576 perde_beton
F 7574 7576 7577 perde_beton
F 7578 7579 7580 perde_beton
F 7578 7580 7581 perde_beton
F 7582 7583 7584 perde_beton
F 7582 7584 7585 perde_beton
F 7586 7587 7588 perde_beton
F 7586 7588 7589 perde_beton
F 7590 7591 7592 perde_beton
F 7590 7592 7593 perde_beton
F 7594 7595 7596 perde_beton
F 7594 7596 7597 perde_beton
F 7598 7599 7600 perde_beton
F 7598 7600 7601 perde_beton
F 7602 7603 7604 perde_beton
F 7602 7604 7605 perde_beton
F 7606 7607 7608 perde_beton
F 7606 7608 7609 perde_beton
F 7610 7611 7612 perde_beton
F 7610 7612 7613 perde_beton
F 7614 7615 7616 perde_beton
F 7614 7616 7617 perde_beton
F 7618 7619 7620 perde_beton
F 7618 7620 7621 perde_beton
F 7622 7623 7624 perde_beton
F 7622 7624 7625 perde_beton
F 7626 7627 7628 perde_beton
F 7626 7628 7629 perde_beton
F 7630 7631 7632 perde_beton
F 7630 7632 7633 perde_beton
F 7634 7635 7636 perde_beton
F 7634 7636 7637 perde_beton
F 7638 7639 7640 perde_beton
F 7638 7640 7641 perde_beton
F 7642 7643 7644 perde_beton
F 7642 7644 7645 perde_beton
F 7646 7647 7648 perde_beton
F 7646 7648 7649 perde_beton
F 7650 7651 7652 perde_beton
F 7650 7652 7653 perde_beton
F 7654 7655 7656 perde_beton
F 7654 7656 7657 perde_beton
F 7658 7659 7660 perde_beton
F 7658 7660 7661 perde_beton
F 7662 7663 7664 perde_beton
F 7662 7664 7665 perde_beton
F 7666 7667 7668 perde_beton
F 7666 7668 7669 perde_beton
F 7670 7671 7672 perde_beton
F 7670 7672 7673 perde_beton
F 7674 7675 7676 perde_beton
F 7674 7676 7677 perde_beton
F 7678 7679 7680 perde_beton
F 7678 7680 7681 perde_beton
F 7682 7683 7684 perde_beton
F 7682 7684 7685 perde_beton
F 7686 7687 7688 perde_beton
F 7686 7688 7689 perde_beton
F 7690 7691 7692 perde_beton
F 7690 7692 7693 perde_beton
F 7694 7695 7696 perde_beton
F 7694 7696 7697 perde_beton
F 7698 7699 7700 perde_beton
F 7698 7700 7701 perde_beton
F 7702 7703 7704 perde_beton
F 7702 7704 7705 perde_beton
F 7706 7707 7708 perde_beton
F 7706 7708 7709 perde_beton
F 7710 7711 7712 perde_beton
F 7710 7712 7713 perde_beton
F 7714 7715 7716 perde_beton
F 7714 7716 7717 perde_beton
F 7718 7719 7720 perde_beton
F 7718 7720 7721 perde_beton
F 7722 7723 7724 perde_beton
F 7722 7724 7725 perde_beton
F 7726 7727 7728 perde_beton
F 7726 7728 7729 perde_beton
F 7730 7731 7732 perde_beton
F 7730 7732 7733 perde_beton
F 7734 7735 7736 perde_beton
F 7734 7736 7737 perde_beton
F 7738 7739 7740 perde_beton
F 7738 7740 7741 perde_beton
F 7742 7743 7744 perde_beton
F 7742 7744 7745 perde_beton
F 7746 7747 7748 perde_beton
F 7746 7748 7749 perde_beton
F 7750 7751 7752 perde_beton
F 7750 7752 7753 perde_beton
F 7754 7755 7756 perde_beton
F 7754 7756 7757 perde_beton
F 7758 7759 7760 perde_beton
F 7758 7760 7761 perde_beton
F 7762 7763 7764 perde_beton
F 7762 7764 7765 perde_beton
F 7766 7767 7768 perde_beton
F 7766 7768 7769 perde_beton
F 7770 7771 7772 perde_beton
F 7770 7772 7773 perde_beton
F 7774 7775 7776 perde_beton
F 7774 7776 7777 perde_beton
F 7778 7779 7780 perde_beton
F 7778 7780 7781 perde_beton
F 7782 7783 7784 perde_beton
F 7782 7784 7785 perde_beton
F 7786 7787 7788 perde_beton
F 7786 7788 7789 perde_beton
F 7790 7791 7792 perde_beton
F 7790 7792 7793 perde_beton
F 7794 7795 7796 perde_beton
F 7794 7796 7797 perde_beton
F 7798 7799 7800 perde_beton
F 7798 7800 7801 perde_beton
F 7802 7803 7804 perde_beton
F 7802 7804 7805 perde_beton
F 7806 7807 7808 perde_beton
F 7806 7808 7809 perde_beton
F 7810 7811 7812 perde_beton
F 7810 7812 7813 perde_beton
F 7814 7815 7816 perde_beton
F 7814 7816 7817 perde_beton
F 7818 7819 7820 perde_beton
F 7818 7820 7821 perde_beton
F 7822 7823 7824 perde_beton
F 7822 7824 7825 perde_beton
F 7826 7827 7828 perde_beton
F 7826 7828 7829 perde_beton
F 7830 7831 7832 perde_beton
F 7830 7832 7833 perde_beton
F 7834 7835 7836 perde_beton
F 7834 7836 7837 perde_beton
F 7838 7839 7840 perde_beton
F 7838 7840 7841 perde_beton
F 7842 7843 7844 perde_beton
F 7842 7844 7845 perde_beton
F 7846 7847 7848 perde_beton
F 7846 7848 7849 perde_beton
F 7850 7851 7852 perde_beton
F 7850 7852 7853 perde_beton
F 7854 7855 7856 perde_beton
F 7854 7856 7857 perde_beton
F 7858 7859 7860 perde_beton
F 7858 7860 7861 perde_beton
F 7862 7863 7864 perde_beton
F 7862 7864 7865 perde_beton
F 7866 7867 7868 perde_beton
F 7866 7868 7869 perde_beton
F 7870 7871 7872 perde_beton
F 7870 7872 7873 perde_beton
F 7874 7875 7876 perde_beton
F 7874 7876 7877 perde_beton
F 7878 7879 7880 perde_beton
F 7878 7880 7881 perde_beton
F 7882 7883 7884 perde_beton
F 7882 7884 7885 perde_beton
F 7886 7887 7888 perde_beton
F 7886 7888 7889 perde_beton
F 7890 7891 7892 perde_beton
F 7890 7892 7893 perde_beton
F 7894 7895 7896 perde_beton
F 7894 7896 7897 perde_beton
F 7898 7899 7900 perde_beton
F 7898 7900 7901 perde_beton
F 7902 7903 7904 perde_beton
F 7902 7904 7905 perde_beton
F 7906 7907 7908 perde_beton
F 7906 7908 7909 perde_beton
F 7910 7911 7912 perde_beton
F 7910 7912 7913 perde_beton
F 7914 7915 7916 perde_beton
F 7914 7916 7917 perde_beton
F 7918 7919 7920 perde_beton
F 7918 7920 7921 perde_beton
F 7922 7923 7924 perde_beton
F 7922 7924 7925 perde_beton
F 7926 7927 7928 perde_beton
F 7926 7928 7929 perde_beton
F 7930 7931 7932 perde_beton
F 7930 7932 7933 perde_beton
F 7934 7935 7936 perde_beton
F 7934 7936 7937 perde_beton
F 7938 7939 7940 perde_beton
F 7938 7940 7941 perde_beton
F 7942 7943 7944 perde_beton
F 7942 7944 7945 perde_beton
F 7946 7947 7948 perde_beton
F 7946 7948 7949 perde_beton
F 7950 7951 7952 perde_beton
F 7950 7952 7953 perde_beton
F 7954 7955 7956 perde_beton
F 7954 7956 7957 perde_beton
F 7958 7959 7960 perde_beton
F 7958 7960 7961 perde_beton
F 7962 7963 7964 perde_beton
F 7962 7964 7965 perde_beton
F 7966 7967 7968 perde_beton
F 7966 7968 7969 perde_beton
F 7970 7971 7972 perde_beton
F 7970 7972 7973 perde_beton
F 7974 7975 7976 perde_beton
F 7974 7976 7977 perde_beton
F 7978 7979 7980 perde_beton
F 7978 7980 7981 perde_beton
F 7982 7983 7984 perde_beton
F 7982 7984 7985 perde_beton
F 7986 7987 7988 perde_beton
F 7986 7988 7989 perde_beton
F 7990 7991 7992 perde_beton
F 7990 7992 7993 perde_beton
F 7994 7995 7996 perde_beton
F 7994 7996 7997 perde_beton
F 7998 7999 8000 perde_beton
F 7998 8000 8001 perde_beton
F 8002 8003 8004 perde_beton
F 8002 8004 8005 perde_beton
F 8006 8007 8008 perde_beton
F 8006 8008 8009 perde_beton
F 8010 8011 8012 perde_beton
F 8010 8012 8013 perde_beton
F 8014 8015 8016 perde_beton
F 8014 8016 8017 perde_beton
F 8018 8019 8020 perde_beton
F 8018 8020 8021 perde_beton
F 8022 8023 8024 perde_beton
F 8022 8024 8025 perde_beton
F 8026 8027 8028 perde_beton
F 8026 8028 8029 perde_beton
F 8030 8031 8032 perde_beton
F 8030 8032 8033 perde_beton
F 8034 8035 8036 perde_beton
F 8034 8036 8037 perde_beton
F 8038 8039 8040 perde_beton
F 8038 8040 8041 perde_beton
F 8042 8043 8044 perde_beton
F 8042 8044 8045 perde_beton
F 8046 8047 8048 perde_beton
F 8046 8048 8049 perde_beton
F 8050 8051 8052 perde_beton
F 8050 8052 8053 perde_beton
F 8054 8055 8056 perde_beton
F 8054 8056 8057 perde_beton
F 8058 8059 8060 perde_beton
F 8058 8060 8061 perde_beton
F 8062 8063 8064 perde_beton
F 8062 8064 8065 perde_beton
F 8066 8067 8068 perde_beton
F 8066 8068 8069 perde_beton
F 8070 8071 8072 perde_beton
F 8070 8072 8073 perde_beton
F 8074 8075 8076 perde_beton
F 8074 8076 8077 perde_beton
F 8078 8079 8080 perde_beton
F 8078 8080 8081 perde_beton
F 8082 8083 8084 perde_beton
F 8082 8084 8085 perde_beton
F 8086 8087 8088 perde_beton
F 8086 8088 8089 perde_beton
F 8090 8091 8092 perde_beton
F 8090 8092 8093 perde_beton
F 8094 8095 8096 perde_beton
F 8094 8096 8097 perde_beton
F 8098 8099 8100 perde_beton
F 8098 8100 8101 perde_beton
F 8102 8103 8104 perde_beton
F 8102 8104 8105 perde_beton
F 8106 8107 8108 perde_beton
F 8106 8108 8109 perde_beton
F 8110 8111 8112 perde_beton
F 8110 8112 8113 perde_beton
F 8114 8115 8116 perde_beton
F 8114 8116 8117 perde_beton
F 8118 8119 8120 perde_beton
F 8118 8120 8121 perde_beton
F 8122 8123 8124 perde_beton
F 8122 8124 8125 perde_beton
F 8126 8127 8128 perde_beton
F 8126 8128 8129 perde_beton
F 8130 8131 8132 perde_beton
F 8130 8132 8133 perde_beton
F 8134 8135 8136 perde_beton
F 8134 8136 8137 perde_beton
F 8138 8139 8140 perde_beton
F 8138 8140 8141 perde_beton
F 8142 8143 8144 perde_beton
F 8142 8144 8145 perde_beton
F 8146 8147 8148 perde_beton
F 8146 8148 8149 perde_beton
F 8150 8151 8152 perde_beton
F 8150 8152 8153 perde_beton
F 8154 8155 8156 perde_beton
F 8154 8156 8157 perde_beton
F 8158 8159 8160 perde_beton
F 8158 8160 8161 perde_beton
F 8162 8163 8164 perde_beton
F 8162 8164 8165 perde_beton
F 8166 8167 8168 perde_beton
F 8166 8168 8169 perde_beton
F 8170 8171 8172 perde_beton
F 8170 8172 8173 perde_beton
F 8174 8175 8176 perde_beton
F 8174 8176 8177 perde_beton
F 8178 8179 8180 perde_beton
F 8178 8180 8181 perde_beton
F 8182 8183 8184 perde_beton
F 8182 8184 8185 perde_beton
F 8186 8187 8188 perde_beton
F 8186 8188 8189 perde_beton
F 8190 8191 8192 perde_beton
F 8190 8192 8193 perde_beton
F 8194 8195 8196 perde_beton
F 8194 8196 8197 perde_beton
F 8198 8199 8200 perde_beton
F 8198 8200 8201 perde_beton
F 8202 8203 8204 perde_beton
F 8202 8204 8205 perde_beton
F 8206 8207 8208 perde_beton
F 8206 8208 8209 perde_beton
F 8210 8211 8212 perde_beton
F 8210 8212 8213 perde_beton
F 8214 8215 8216 perde_beton
F 8214 8216 8217 perde_beton
F 8218 8219 8220 perde_beton
F 8218 8220 8221 perde_beton
F 8222 8223 8224 perde_beton
F 8222 8224 8225 perde_beton
F 8226 8227 8228 perde_beton
F 8226 8228 8229 perde_beton
F 8230 8231 8232 perde_beton
F 8230 8232 8233 perde_beton
F 8234 8235 8236 perde_beton
F 8234 8236 8237 perde_beton
F 8238 8239 8240 perde_beton
F 8238 8240 8241 perde_beton
F 8242 8243 8244 perde_beton
F 8242 8244 8245 perde_beton
F 8246 8247 8248 perde_beton
F 8246 8248 8249 perde_beton
F 8250 8251 8252 perde_beton
F 8250 8252 8253 perde_beton
F 8254 8255 8256 perde_beton
F 8254 8256 8257 perde_beton
F 8258 8259 8260 perde_beton
F 8258 8260 8261 perde_beton
F 8262 8263 8264 perde_beton
F 8262 8264 8265 perde_beton
F 8266 8267 8268 perde_beton
F 8266 8268 8269 perde_beton
F 8270 8271 8272 perde_beton
F 8270 8272 8273 perde_beton
F 8274 8275 8276 perde_beton
F 8274 8276 8277 perde_beton
F 8278 8279 8280 perde_beton
F 8278 8280 8281 perde_beton
F 8282 8283 8284 perde_beton
F 8282 8284 8285 perde_beton
F 8286 8287 8288 perde_beton
F 8286 8288 8289 perde_beton
F 8290 8291 8292 perde_beton
F 8290 8292 8293 perde_beton
F 8294 8295 8296 perde_beton
F 8294 8296 8297 perde_beton
F 8298 8299 8300 perde_beton
F 8298 8300 8301 perde_beton
F 8302 8303 8304 perde_beton
F 8302 8304 8305 perde_beton
F 8306 8307 8308 perde_beton
F 8306 8308 8309 perde_beton
F 8310 8311 8312 perde_beton
F 8310 8312 8313 perde_beton
F 8314 8315 8316 perde_beton
F 8314 8316 8317 perde_beton
F 8318 8319 8320 perde_beton
F 8318 8320 8321 perde_beton
F 8322 8323 8324 perde_beton
F 8322 8324 8325 perde_beton
F 8326 8327 8328 perde_beton
F 8326 8328 8329 perde_beton
F 8330 8331 8332 perde_beton
F 8330 8332 8333 perde_beton
F 8334 8335 8336 perde_beton
F 8334 8336 8337 perde_beton
F 8338 8339 8340 perde_beton
F 8338 8340 8341 perde_beton
F 8342 8343 8344 perde_beton
F 8342 8344 8345 perde_beton
F 8346 8347 8348 perde_beton
F 8346 8348 8349 perde_beton
F 8350 8351 8352 perde_beton
F 8350 8352 8353 perde_beton
F 8354 8355 8356 perde_beton
F 8354 8356 8357 perde_beton
F 8358 8359 8360 perde_beton
F 8358 8360 8361 perde_beton
F 8362 8363 8364 perde_beton
F 8362 8364 8365 perde_beton
F 8366 8367 8368 perde_beton
F 8366 8368 8369 perde_beton
F 8370 8371 8372 perde_beton
F 8370 8372 8373 perde_beton
F 8374 8375 8376 perde_beton
F 8374 8376 8377 perde_beton
F 8378 8379 8380 perde_beton
F 8378 8380 8381 perde_beton
F 8382 8383 8384 perde_beton
F 8382 8384 8385 perde_beton
F 8386 8387 8388 perde_beton
F 8386 8388 8389 perde_beton
F 8390 8391 8392 perde_beton
F 8390 8392 8393 perde_beton
F 8394 8395 8396 perde_beton
F 8394 8396 8397 perde_beton
F 8398 8399 8400 perde_beton
F 8398 8400 8401 perde_beton
F 8402 8403 8404 perde_beton
F 8402 8404 8405 perde_beton
F 8406 8407 8408 perde_beton
F 8406 8408 8409 perde_beton
F 8410 8411 8412 perde_beton
F 8410 8412 8413 perde_beton
F 8414 8415 8416 perde_beton
F 8414 8416 8417 perde_beton
F 8418 8419 8420 perde_beton
F 8418 8420 8421 perde_beton
F 8422 8423 8424 perde_beton
F 8422 8424 8425 perde_beton
F 8426 8427 8428 perde_beton
F 8426 8428 8429 perde_beton
F 8430 8431 8432 perde_beton
F 8430 8432 8433 perde_beton
F 8434 8435 8436 perde_beton
F 8434 8436 8437 perde_beton
F 8438 8439 8440 perde_beton
F 8438 8440 8441 perde_beton
F 8442 8443 8444 perde_beton
F 8442 8444 8445 perde_beton
F 8446 8447 8448 perde_beton
F 8446 8448 8449 perde_beton
F 8450 8451 8452 perde_beton
F 8450 8452 8453 perde_beton
F 8454 8455 8456 perde_beton
F 8454 8456 8457 perde_beton
F 8458 8459 8460 perde_beton
F 8458 8460 8461 perde_beton
F 8462 8463 8464 perde_beton
F 8462 8464 8465 perde_beton
F 8466 8467 8468 perde_beton
F 8466 8468 8469 perde_beton
F 8470 8471 8472 perde_beton
F 8470 8472 8473 perde_beton
F 8474 8475 8476 perde_beton
F 8474 8476 8477 perde_beton
F 8478 8479 8480 perde_beton
F 8478 8480 8481 perde_beton
F 8482 8483 8484 perde_beton
F 8482 8484 8485 perde_beton
F 8486 8487 8488 perde_beton
F 8486 8488 8489 perde_beton
F 8490 8491 8492 perde_beton
F 8490 8492 8493 perde_beton
F 8494 8495 8496 perde_beton
F 8494 8496 8497 perde_beton
F 8498 8499 8500 perde_beton
F 8498 8500 8501 perde_beton
F 8502 8503 8504 perde_beton
F 8502 8504 8505 perde_beton
F 8506 8507 8508 perde_beton
F 8506 8508 8509 perde_beton
F 8510 8511 8512 perde_beton
F 8510 8512 8513 perde_beton
F 8514 8515 8516 perde_beton
F 8514 8516 8517 perde_beton
F 8518 8519 8520 perde_beton
F 8518 8520 8521 perde_beton
F 8522 8523 8524 perde_beton
F 8522 8524 8525 perde_beton
F 8526 8527 8528 perde_beton
F 8526 8528 8529 perde_beton
F 8530 8531 8532 perde_beton
F 8530 8532 8533 perde_beton
F 8534 8535 8536 perde_beton
F 8534 8536 8537 perde_beton
F 8538 8539 8540 perde_beton
F 8538 8540 8541 perde_beton
F 8542 8543 8544 perde_beton
F 8542 8544 8545 perde_beton
F 8546 8547 8548 perde_beton
F 8546 8548 8549 perde_beton
F 8550 8551 8552 perde_beton
F 8550 8552 8553 perde_beton
F 8554 8555 8556 perde_beton
F 8554 8556 8557 perde_beton
F 8558 8559 8560 perde_beton
F 8558 8560 8561 perde_beton
F 8562 8563 8564 perde_beton
F 8562 8564 8565 perde_beton
F 8566 8567 8568 perde_beton
F 8566 8568 8569 perde_beton
F 8570 8571 8572 perde_beton
F 8570 8572 8573 perde_beton
F 8574 8575 8576 perde_beton
F 8574 8576 8577 perde_beton
F 8578 8579 8580 perde_beton
F 8578 8580 8581 perde_beton
F 8582 8583 8584 perde_beton
F 8582 8584 8585 perde_beton
F 8586 8587 8588 perde_beton
F 8586 8588 8589 perde_beton
F 8590 8591 8592 perde_beton
F 8590 8592 8593 perde_beton
F 8594 8595 8596 perde_beton
F 8594 8596 8597 perde_beton
F 8598 8599 8600 perde_beton
F 8598 8600 8601 perde_beton
F 8602 8603 8604 perde_beton
F 8602 8604 8605 perde_beton
F 8606 8607 8608 perde_beton
F 8606 8608 8609 perde_beton
F 8610 8611 8612 perde_beton
F 8610 8612 8613 perde_beton
F 8614 8615 8616 perde_beton
F 8614 8616 8617 perde_beton
F 8618 8619 8620 perde_beton
F 8618 8620 8621 perde_beton
F 8622 8623 8624 perde_beton
F 8622 8624 8625 perde_beton
F 8626 8627 8628 perde_beton
F 8626 8628 8629 perde_beton
F 8630 8631 8632 perde_beton
F 8630 8632 8633 perde_beton
F 8634 8635 8636 perde_beton
F 8634 8636 8637 perde_beton
F 8638 8639 8640 perde_beton
F 8638 8640 8641 perde_beton
F 8642 8643 8644 perde_beton
F 8642 8644 8645 perde_beton
F 8646 8647 8648 perde_beton
F 8646 8648 8649 perde_beton
F 8650 8651 8652 perde_beton
F 8650 8652 8653 perde_beton
F 8654 8655 8656 perde_beton
F 8654 8656 8657 perde_beton
F 8658 8659 8660 perde_beton
F 8658 8660 8661 perde_beton
F 8662 8663 8664 perde_beton
F 8662 8664 8665 perde_beton
F 8666 8667 8668 perde_beton
F 8666 8668 8669 perde_beton
F 8670 8671 8672 perde_beton
F 8670 8672 8673 perde_beton
F 8674 8675 8676 perde_beton
F 8674 8676 8677 perde_beton
F 8678 8679 8680 perde_beton
F 8678 8680 8681 perde_beton
F 8682 8683 8684 perde_beton
F 8682 8684 8685 perde_beton
F 8686 8687 8688 perde_beton
F 8686 8688 8689 perde_beton
F 8690 8691 8692 perde_beton
F 8690 8692 8693 perde_beton
F 8694 8695 8696 perde_beton
F 8694 8696 8697 perde_beton
F 8698 8699 8700 perde_beton
F 8698 8700 8701 perde_beton
F 8702 8703 8704 perde_beton
F 8702 8704 8705 perde_beton
F 8706 8707 8708 perde_beton
F 8706 8708 8709 perde_beton
F 8710 8711 8712 perde_beton
F 8710 8712 8713 perde_beton
F 8714 8715 8716 perde_beton
F 8714 8716 8717 perde_beton
F 8718 8719 8720 perde_beton
F 8718 8720 8721 perde_beton
F 8722 8723 8724 perde_beton
F 8722 8724 8725 perde_beton
F 8726 8727 8728 perde_beton
F 8726 8728 8729 perde_beton
F 8730 8731 8732 perde_beton
F 8730 8732 8733 perde_beton
F 8734 8735 8736 perde_beton
F 8734 8736 8737 perde_beton
F 8738 8739 8740 perde_beton
F 8738 8740 8741 perde_beton
F 8742 8743 8744 perde_beton
F 8742 8744 8745 perde_beton
F 8746 8747 8748 perde_beton
F 8746 8748 8749 perde_beton
F 8750 8751 8752 perde_beton
F 8750 8752 8753 perde_beton
F 8754 8755 8756 perde_beton
F 8754 8756 8757 perde_beton
F 8758 8759 8760 perde_beton
F 8758 8760 8761 perde_beton
F 8762 8763 8764 perde_beton
F 8762 8764 8765 perde_beton
F 8766 8767 8768 perde_beton
F 8766 8768 8769 perde_beton
F 8770 8771 8772 perde_beton
F 8770 8772 8773 perde_beton
F 8774 8775 8776 perde_beton
F 8774 8776 8777 perde_beton
F 8778 8779 8780 perde_beton
F 8778 8780 8781 perde_beton
F 8782 8783 8784 perde_beton
F 8782 8784 8785 perde_beton
F 8786 8787 8788 perde_beton
F 8786 8788 8789 perde_beton
F 8790 8791 8792 perde_beton
F 8790 8792 8793 perde_beton
F 8794 8795 8796 perde_beton
F 8794 8796 8797 perde_beton
F 8798 8799 8800 perde_beton
F 8798 8800 8801 perde_beton
F 8802 8803 8804 perde_beton
F 8802 8804 8805 perde_beton
F 8806 8807 8808 perde_beton
F 8806 8808 8809 perde_beton
F 8810 8811 8812 perde_beton
F 8810 8812 8813 perde_beton
F 8814 8815 8816 perde_beton
F 8814 8816 8817 perde_beton
F 8818 8819 8820 perde_beton
F 8818 8820 8821 perde_beton
F 8822 8823 8824 perde_beton
F 8822 8824 8825 perde_beton
F 8826 8827 8828 perde_beton
F 8826 8828 8829 perde_beton
F 8830 8831 8832 perde_beton
F 8830 8832 8833 perde_beton
F 8834 8835 8836 perde_beton
F 8834 8836 8837 perde_beton
F 8838 8839 8840 perde_beton
F 8838 8840 8841 perde_beton
F 8842 8843 8844 perde_beton
F 8842 8844 8845 perde_beton
F 8846 8847 8848 perde_beton
F 8846 8848 8849 perde_beton
F 8850 8851 8852 perde_beton
F 8850 8852 8853 perde_beton
F 8854 8855 8856 perde_beton
F 8854 8856 8857 perde_beton
F 8858 8859 8860 perde_beton
F 8858 8860 8861 perde_beton
F 8862 8863 8864 perde_beton
F 8862 8864 8865 perde_beton
F 8866 8867 8868 perde_beton
F 8866 8868 8869 perde_beton
F 8870 8871 8872 perde_beton
F 8870 8872 8873 perde_beton
F 8874 8875 8876 perde_beton
F 8874 8876 8877 perde_beton
F 8878 8879 8880 perde_beton
F 8878 8880 8881 perde_beton
F 8882 8883 8884 perde_beton
F 8882 8884 8885 perde_beton
F 8886 8887 8888 perde_beton
F 8886 8888 8889 perde_beton
F 8890 8891 8892 perde_beton
F 8890 8892 8893 perde_beton
F 8894 8895 8896 perde_beton
F 8894 8896 8897 perde_beton
F 8898 8899 8900 perde_beton
F 8898 8900 8901 perde_beton
F 8902 8903 8904 perde_beton
F 8902 8904 8905 perde_beton
F 8906 8907 8908 perde_beton
F 8906 8908 8909 perde_beton
F 8910 8911 8912 perde_beton
F 8910 8912 8913 perde_beton
F 8914 8915 8916 perde_beton
F 8914 8916 8917 perde_beton
F 8918 8919 8920 perde_beton
F 8918 8920 8921 perde_beton
F 8922 8923 8924 perde_beton
F 8922 8924 8925 perde_beton
F 8926 8927 8928 perde_beton
F 8926 8928 8929 perde_beton
F 8930 8931 8932 perde_beton
F 8930 8932 8933 perde_beton
F 8934 8935 8936 perde_beton
F 8934 8936 8937 perde_beton
F 8938 8939 8940 perde_beton
F 8938 8940 8941 perde_beton
F 8942 8943 8944 perde_beton
F 8942 8944 8945 perde_beton
F 8946 8947 8948 perde_beton
F 8946 8948 8949 perde_beton
F 8950 8951 8952 perde_beton
F 8950 8952 8953 perde_beton
F 8954 8955 8956 perde_beton
F 8954 8956 8957 perde_beton
F 8958 8959 8960 perde_beton
F 8958 8960 8961 perde_beton
F 8962 8963 8964 perde_beton
F 8962 8964 8965 perde_beton
F 8966 8967 8968 perde_beton
F 8966 8968 8969 perde_beton
F 8970 8971 8972 perde_beton
F 8970 8972 8973 perde_beton
F 8974 8975 8976 perde_beton
F 8974 8976 8977 perde_beton
F 8978 8979 8980 perde_beton
F 8978 8980 8981 perde_beton
F 8982 8983 8984 perde_beton
F 8982 8984 8985 perde_beton
F 8986 8987 8988 perde_beton
F 8986 8988 8989 perde_beton
F 8990 8991 8992 perde_beton
F 8990 8992 8993 perde_beton
F 8994 8995 8996 perde_beton
F 8994 8996 8997 perde_beton
F 8998 8999 9000 perde_beton
F 8998 9000 9001 perde_beton
F 9002 9003 9004 perde_beton
F 9002 9004 9005 perde_beton
F 9006 9007 9008 perde_beton
F 9006 9008 9009 perde_beton
F 9010 9011 9012 perde_beton
F 9010 9012 9013 perde_beton
F 9014 9015 9016 perde_beton
F 9014 9016 9017 perde_beton
F 9018 9019 9020 perde_beton
F 9018 9020 9021 perde_beton
F 9022 9023 9024 perde_beton
F 9022 9024 9025 perde_beton
F 9026 9027 9028 perde_beton
F 9026 9028 9029 perde_beton
F 9030 9031 9032 perde_beton
F 9030 9032 9033 perde_beton
F 9034 9035 9036 perde_beton
F 9034 9036 9037 perde_beton
F 9038 9039 9040 perde_beton
F 9038 9040 9041 perde_beton
F 9042 9043 9044 perde_beton
F 9042 9044 9045 perde_beton
F 9046 9047 9048 perde_beton
F 9046 9048 9049 perde_beton
F 9050 9051 9052 perde_beton
F 9050 9052 9053 perde_beton
F 9054 9055 9056 perde_beton
F 9054 9056 9057 perde_beton
F 9058 9059 9060 perde_beton
F 9058 9060 9061 perde_beton
F 9062 9063 9064 perde_beton
F 9062 9064 9065 perde_beton
F 9066 9067 9068 perde_beton
F 9066 9068 9069 perde_beton
F 9070 9071 9072 perde_beton
F 9070 9072 9073 perde_beton
F 9074 9075 9076 perde_beton
F 9074 9076 9077 perde_beton
F 9078 9079 9080 perde_beton
F 9078 9080 9081 perde_beton
F 9082 9083 9084 perde_beton
F 9082 9084 9085 perde_beton
F 9086 9087 9088 perde_beton
F 9086 9088 9089 perde_beton
F 9090 9091 9092 perde_beton
F 9090 9092 9093 perde_beton
F 9094 9095 9096 perde_beton
F 9094 9096 9097 perde_beton
F 9098 9099 9100 perde_beton
F 9098 9100 9101 perde_beton
F 9102 9103 9104 perde_beton
F 9102 9104 9105 perde_beton
F 9106 9107 9108 perde_beton
F 9106 9108 9109 perde_beton
F 9110 9111 9112 perde_beton
F 9110 9112 9113 perde_beton
F 9114 9115 9116 perde_beton
F 9114 9116 9117 perde_beton
F 9118 9119 9120 perde_beton
F 9118 9120 9121 perde_beton
F 9122 9123 9124 perde_beton
F 9122 9124 9125 perde_beton
F 9126 9127 9128 perde_beton
F 9126 9128 9129 perde_beton
F 9130 9131 9132 perde_beton
F 9130 9132 9133 perde_beton
F 9134 9135 9136 perde_beton
F 9134 9136 9137 perde_beton
F 9138 9139 9140 perde_beton
F 9138 9140 9141 perde_beton
F 9142 9143 9144 perde_beton
F 9142 9144 9145 perde_beton
F 9146 9147 9148 perde_beton
F 9146 9148 9149 perde_beton
F 9150 9151 9152 perde_beton
F 9150 9152 9153 perde_beton
F 9154 9155 9156 perde_beton
F 9154 9156 9157 perde_beton
F 9158 9159 9160 perde_beton
F 9158 9160 9161 perde_beton
F 9162 9163 9164 perde_beton
F 9162 9164 9165 perde_beton
F 9166 9167 9168 perde_beton
F 9166 9168 9169 perde_beton
F 9170 9171 9172 perde_beton
F 9170 9172 9173 perde_beton
F 9174 9175 9176 perde_beton
F 9174 9176 9177 perde_beton
F 9178 9179 9180 perde_beton
F 9178 9180 9181 perde_beton
F 9182 9183 9184 perde_beton
F 9182 9184 9185 perde_beton
F 9186 9187 9188 perde_beton
F 9186 9188 9189 perde_beton
F 9190 9191 9192 perde_beton
F 9190 9192 9193 perde_beton
F 9194 9195 9196 perde_beton
F 9194 9196 9197 perde_beton
F 9198 9199 9200 perde_beton
F 9198 9200 9201 perde_beton
F 9202 9203 9204 perde_beton
F 9202 9204 9205 perde_beton
F 9206 9207 9208 perde_beton
F 9206 9208 9209 perde_beton
F 9210 9211 9212 perde_beton
F 9210 9212 9213 perde_beton
F 9214 9215 9216 perde_beton
F 9214 9216 9217 perde_beton
F 9218 9219 9220 perde_beton
F 9218 9220 9221 perde_beton
F 9222 9223 9224 perde_beton
F 9222 9224 9225 perde_beton
F 9226 9227 9228 perde_beton
F 9226 9228 9229 perde_beton
F 9230 9231 9232 perde_beton
F 9230 9232 9233 perde_beton
F 9234 9235 9236 perde_beton
F 9234 9236 9237 perde_beton
F 9238 9239 9240 perde_beton
F 9238 9240 9241 perde_beton
F 9242 9243 9244 perde_beton
F 9242 9244 9245 perde_beton
F 9246 9247 9248 perde_beton
F 9246 9248 9249 perde_beton
F 9250 9251 9252 perde_beton
F 9250 9252 9253 perde_beton
F 9254 9255 9256 perde_beton
F 9254 9256 9257 perde_beton
F 9258 9259 9260 perde_beton
F 9258 9260 9261 perde_beton
F 9262 9263 9264 perde_beton
F 9262 9264 9265 perde_beton
F 9266 9267 9268 perde_beton
F 9266 9268 9269 perde_beton
F 9270 9271 9272 perde_beton
F 9270 9272 9273 perde_beton
F 9274 9275 9276 perde_beton
F 9274 9276 9277 perde_beton
F 9278 9279 9280 perde_beton
F 9278 9280 9281 perde_beton
F 9282 9283 9284 perde_beton
F 9282 9284 9285 perde_beton
F 9286 9287 9288 perde_beton
F 9286 9288 9289 perde_beton
F 9290 9291 9292 perde_beton
F 9290 9292 9293 perde_beton
F 9294 9295 9296 perde_beton
F 9294 9296 9297 perde_beton
F 9298 9299 9300 perde_beton
F 9298 9300 9301 perde_beton
F 9302 9303 9304 perde_beton
F 9302 9304 9305 perde_beton
F 9306 9307 9308 perde_beton
F 9306 9308 9309 perde_beton
F 9310 9311 9312 perde_beton
F 9310 9312 9313 perde_beton
F 9314 9315 9316 perde_beton
F 9314 9316 9317 perde_beton
F 9318 9319 9320 perde_beton
F 9318 9320 9321 perde_beton
F 9322 9323 9324 perde_beton
F 9322 9324 9325 perde_beton
F 9326 9327 9328 perde_beton
F 9326 9328 9329 perde_beton
F 9330 9331 9332 perde_beton
F 9330 9332 9333 perde_beton
F 9334 9335 9336 perde_beton
F 9334 9336 9337 perde_beton
F 9338 9339 9340 perde_beton
F 9338 9340 9341 perde_beton
F 9342 9343 9344 perde_beton
F 9342 9344 9345 perde_beton
F 9346 9347 9348 perde_beton
F 9346 9348 9349 perde_beton
F 9350 9351 9352 perde_beton
F 9350 9352 9353 perde_beton
F 9354 9355 9356 perde_beton
F 9354 9356 9357 perde_beton
F 9358 9359 9360 perde_beton
F 9358 9360 9361 perde_beton
F 9362 9363 9364 perde_beton
F 9362 9364 9365 perde_beton
F 9366 9367 9368 perde_beton
F 9366 9368 9369 perde_beton
F 9370 9371 9372 perde_beton
F 9370 9372 9373 perde_beton
F 9374 9375 9376 perde_beton
F 9374 9376 9377 perde_beton
F 9378 9379 9380 perde_beton
F 9378 9380 9381 perde_beton
F 9382 9383 9384 perde_beton
F 9382 9384 9385 perde_beton
F 9386 9387 9388 perde_beton
F 9386 9388 9389 perde_beton
F 9390 9391 9392 perde_beton
F 9390 9392 9393 perde_beton
F 9394 9395 9396 perde_beton
F 9394 9396 9397 perde_beton
F 9398 9399 9400 perde_beton
F 9398 9400 9401 perde_beton
F 9402 9403 9404 perde_beton
F 9402 9404 9405 perde_beton
F 9406 9407 9408 perde_beton
F 9406 9408 9409 perde_beton
F 9410 9411 9412 perde_beton
F 9410 9412 9413 perde_beton
F 9414 9415 9416 perde_beton
F 9414 9416 9417 perde_beton
F 9418 9419 9420 perde_beton
F 9418 9420 9421 perde_beton
F 9422 9423 9424 perde_beton
F 9422 9424 9425 perde_beton
F 9426 9427 9428 perde_beton
F 9426 9428 9429 perde_beton
F 9430 9431 9432 perde_beton
F 9430 9432 9433 perde_beton
F 9434 9435 9436 perde_beton
F 9434 9436 9437 perde_beton
F 9438 9439 9440 perde_beton
F 9438 9440 9441 perde_beton
F 9442 9443 9444 perde_beton
F 9442 9444 9445 perde_beton
F 9446 9447 9448 perde_beton
F 9446 9448 9449 perde_beton
F 9450 9451 9452 perde_beton
F 9450 9452 9453 perde_beton
F 9454 9455 9456 perde_beton
F 9454 9456 9457 perde_beton
F 9458 9459 9460 perde_beton
F 9458 9460 9461 perde_beton
F 9462 9463 9464 perde_beton
F 9462 9464 9465 perde_beton
F 9466 9467 9468 perde_beton
F 9466 9468 9469 perde_beton
F 9470 9471 9472 perde_beton
F 9470 9472 9473 perde_beton
F 9474 9475 9476 perde_beton
F 9474 9476 9477 perde_beton
F 9478 9479 9480 perde_beton
F 9478 9480 9481 perde_beton
F 9482 9483 9484 perde_beton
F 9482 9484 9485 perde_beton
F 9486 9487 9488 perde_beton
F 9486 9488 9489 perde_beton
F 9490 9491 9492 perde_beton
F 9490 9492 9493 perde_beton
F 9494 9495 9496 perde_beton
F 9494 9496 9497 perde_beton
F 9498 9499 9500 perde_beton
F 9498 9500 9501 perde_beton
F 9502 9503 9504 perde_beton
F 9502 9504 9505 perde_beton
F 9506 9507 9508 perde_beton
F 9506 9508 9509 perde_beton
F 9510 9511 9512 perde_beton
F 9510 9512 9513 perde_beton
F 9514 9515 9516 perde_beton
F 9514 9516 9517 perde_beton
F 9518 9519 9520 perde_beton
F 9518 9520 9521 perde_beton
F 9522 9523 9524 perde_beton
F 9522 9524 9525 perde_beton
F 9526 9527 9528 perde_beton
F 9526 9528 9529 perde_beton
F 9530 9531 9532 perde_beton
F 9530 9532 9533 perde_beton
F 9534 9535 9536 perde_beton
F 9534 9536 9537 perde_beton
F 9538 9539 9540 perde_beton
F 9538 9540 9541 perde_beton
F 9542 9543 9544 perde_beton
F 9542 9544 9545 perde_beton
F 9546 9547 9548 perde_beton
F 9546 9548 9549 perde_beton
F 9550 9551 9552 perde_beton
F 9550 9552 9553 perde_beton
F 9554 9555 9556 perde_beton
F 9554 9556 9557 perde_beton
F 9558 9559 9560 perde_beton
F 9558 9560 9561 perde_beton
F 9562 9563 9564 perde_beton
F 9562 9564 9565 perde_beton
F 9566 9567 9568 perde_beton
F 9566 9568 9569 perde_beton
F 9570 9571 9572 perde_beton
F 9570 9572 9573 perde_beton
F 9574 9575 9576 perde_beton
F 9574 9576 9577 perde_beton
F 9578 9579 9580 perde_beton
F 9578 9580 9581 perde_beton
F 9582 9583 9584 perde_beton
F 9582 9584 9585 perde_beton
F 9586 9587 9588 perde_beton
F 9586 9588 9589 perde_beton
F 9590 9591 9592 perde_beton
F 9590 9592 9593 perde_beton
F 9594 9595 9596 perde_beton
F 9594 9596 9597 perde_beton
F 9598 9599 9600 perde_beton
F 9598 9600 9601 perde_beton
F 9602 9603 9604 perde_beton
F 9602 9604 9605 perde_beton
F 9606 9607 9608 perde_beton
F 9606 9608 9609 perde_beton
F 9610 9611 9612 perde_beton
F 9610 9612 9613 perde_beton
F 9614 9615 9616 perde_beton
F 9614 9616 9617 perde_beton
F 9618 9619 9620 perde_beton
F 9618 9620 9621 perde_beton
F 9622 9623 9624 perde_beton
F 9622 9624 9625 perde_beton
F 9626 9627 9628 perde_beton
F 9626 9628 9629 perde_beton
F 9630 9631 9632 perde_beton
F 9630 9632 9633 perde_beton
F 9634 9635 9636 perde_beton
F 9634 9636 9637 perde_beton
F 9638 9639 9640 perde_beton
F 9638 9640 9641 perde_beton
F 9642 9643 9644 perde_beton
F 9642 9644 9645 perde_beton
F 9646 9647 9648 perde_beton
F 9646 9648 9649 perde_beton
F 9650 9651 9652 perde_beton
F 9650 9652 9653 perde_beton
F 9654 9655 9656 perde_beton
F 9654 9656 9657 perde_beton
F 9658 9659 9660 perde_beton
F 9658 9660 9661 perde_beton
F 9662 9663 9664 perde_beton
F 9662 9664 9665 perde_beton
F 9666 9667 9668 perde_beton
F 9666 9668 9669 perde_beton
F 9670 9671 9672 perde_beton
F 9670 9672 9673 perde_beton
F 9674 9675 9676 perde_beton
F 9674 9676 9677 perde_beton
F 9678 9679 9680 perde_beton
F 9678 9680 9681 perde_beton
F 9682 9683 9684 perde_beton
F 9682 9684 9685 perde_beton
F 9686 9687 9688 perde_beton
F 9686 9688 9689 perde_beton
F 9690 9691 9692 perde_beton
F 9690 9692 9693 perde_beton
F 9694 9695 9696 perde_beton
F 9694 9696 9697 perde_beton
F 9698 9699 9700 perde_beton
F 9698 9700 9701 perde_beton
F 9702 9703 9704 perde_beton
F 9702 9704 9705 perde_beton
F 9706 9707 9708 perde_beton
F 9706 9708 9709 perde_beton
F 9710 9711 9712 perde_beton
F 9710 9712 9713 perde_beton
F 9714 9715 9716 perde_beton
F 9714 9716 9717 perde_beton
F 9718 9719 9720 perde_beton
F 9718 9720 9721 perde_beton
F 9722 9723 9724 perde_beton
F 9722 9724 9725 perde_beton
F 9726 9727 9728 perde_beton
F 9726 9728 9729 perde_beton
F 9730 9731 9732 perde_beton
F 9730 9732 9733 perde_beton
F 9734 9735 9736 perde_beton
F 9734 9736 9737 perde_beton
F 9738 9739 9740 perde_beton
F 9738 9740 9741 perde_beton
F 9742 9743 9744 perde_beton
F 9742 9744 9745 perde_beton
F 9746 9747 9748 perde_beton
F 9746 9748 9749 perde_beton
F 9750 9751 9752 perde_beton
F 9750 9752 9753 perde_beton
F 9754 9755 9756 perde_beton
F 9754 9756 9757 perde_beton
F 9758 9759 9760 perde_beton
F 9758 9760 9761 perde_beton
F 9762 9763 9764 perde_beton
F 9762 9764 9765 perde_beton
F 9766 9767 9768 perde_beton
F 9766 9768 9769 perde_beton
F 9770 9771 9772 perde_beton
F 9770 9772 9773 perde_beton
F 9774 9775 9776 perde_beton
F 9774 9776 9777 perde_beton
F 9778 9779 9780 perde_beton
F 9778 9780 9781 perde_beton
F 9782 9783 9784 perde_beton
F 9782 9784 9785 perde_beton
F 9786 9787 9788 perde_beton
F 9786 9788 9789 perde_beton
F 9790 9791 9792 perde_beton
F 9790 9792 9793 perde_beton
F 9794 9795 9796 perde_beton
F 9794 9796 9797 perde_beton
F 9798 9799 9800 perde_beton
F 9798 9800 9801 perde_beton
F 9802 9803 9804 perde_beton
F 9802 9804 9805 perde_beton
F 9806 9807 9808 perde_beton
F 9806 9808 9809 perde_beton
F 9810 9811 9812 perde_beton
F 9810 9812 9813 perde_beton
F 9814 9815 9816 perde_beton
F 9814 9816 9817 perde_beton
F 9818 9819 9820 perde_beton
F 9818 9820 9821 perde_beton
F 9822 9823 9824 perde_beton
F 9822 9824 9825 perde_beton
F 9826 9827 9828 perde_tas
F 9826 9828 9829 perde_tas
F 9830 9831 9832 perde_tas
F 9830 9832 9833 perde_tas
F 9834 9835 9836 perde_tas
F 9834 9836 9837 perde_tas
F 9838 9839 9840 perde_tas
F 9838 9840 9841 perde_tas
F 9842 9843 9844 perde_tas
F 9842 9844 9845 perde_tas
F 9846 9847 9848 perde_tas
F 9846 9848 9849 perde_tas
F 9850 9851 9852 perde_tas
F 9850 9852 9853 perde_tas
F 9854 9855 9856 perde_tas
F 9854 9856 9857 perde_tas
F 9858 9859 9860 perde_tas
F 9858 9860 9861 perde_tas
F 9862 9863 9864 perde_tas
F 9862 9864 9865 perde_tas
F 9866 9867 9868 perde_tas
F 9866 9868 9869 perde_tas
F 9870 9871 9872 perde_tas
F 9870 9872 9873 perde_tas
F 9874 9875 9876 perde_tas
F 9874 9876 9877 perde_tas
F 9878 9879 9880 perde_tas
F 9878 9880 9881 perde_tas
F 9882 9883 9884 perde_tas
F 9882 9884 9885 perde_tas
F 9886 9887 9888 perde_tas
F 9886 9888 9889 perde_tas
F 9890 9891 9892 perde_tas
F 9890 9892 9893 perde_tas
F 9894 9895 9896 perde_tas
F 9894 9896 9897 perde_tas
F 9898 9899 9900 perde_tas
F 9898 9900 9901 perde_tas
F 9902 9903 9904 perde_tas
F 9902 9904 9905 perde_tas
F 9906 9907 9908 perde_tas
F 9906 9908 9909 perde_tas
F 9910 9911 9912 perde_tas
F 9910 9912 9913 perde_tas
F 9914 9915 9916 perde_tas
F 9914 9916 9917 perde_tas
F 9918 9919 9920 perde_tas
F 9918 9920 9921 perde_tas
F 9922 9923 9924 perde_tas
F 9922 9924 9925 perde_tas
F 9926 9927 9928 perde_tas
F 9926 9928 9929 perde_tas
F 9930 9931 9932 perde_tas
F 9930 9932 9933 perde_tas
F 9934 9935 9936 perde_tas
F 9934 9936 9937 perde_tas
F 9938 9939 9940 perde_tas
F 9938 9940 9941 perde_tas
F 9942 9943 9944 perde_tas
F 9942 9944 9945 perde_tas
F 9946 9947 9948 perde_tas
F 9946 9948 9949 perde_tas
F 9950 9951 9952 perde_tas
F 9950 9952 9953 perde_tas
F 9954 9955 9956 perde_tas
F 9954 9956 9957 perde_tas
F 9958 9959 9960 perde_tas
F 9958 9960 9961 perde_tas
F 9962 9963 9964 perde_tas
F 9962 9964 9965 perde_tas
F 9966 9967 9968 perde_tas
F 9966 9968 9969 perde_tas
F 9970 9971 9972 perde_tas
F 9970 9972 9973 perde_tas
F 9974 9975 9976 perde_tas
F 9974 9976 9977 perde_tas
F 9978 9979 9980 perde_tas
F 9978 9980 9981 perde_tas
F 9982 9983 9984 perde_tas
F 9982 9984 9985 perde_tas
F 9986 9987 9988 perde_tas
F 9986 9988 9989 perde_tas
F 9990 9991 9992 perde_tas
F 9990 9992 9993 perde_tas
F 9994 9995 9996 perde_tas
F 9994 9996 9997 perde_tas
F 9998 9999 10000 perde_tas
F 9998 10000 10001 perde_tas
F 10002 10003 10004 perde_tas
F 10002 10004 10005 perde_tas
F 10006 10007 10008 perde_tas
F 10006 10008 10009 perde_tas
F 10010 10011 10012 perde_tas
F 10010 10012 10013 perde_tas
F 10014 10015 10016 perde_tas
F 10014 10016 10017 perde_tas
F 10018 10019 10020 perde_tas
F 10018 10020 10021 perde_tas
F 10022 10023 10024 perde_tas
F 10022 10024 10025 perde_tas
F 10026 10027 10028 perde_tas
F 10026 10028 10029 perde_tas
F 10030 10031 10032 perde_tas
F 10030 10032 10033 perde_tas
F 10034 10035 10036 perde_tas
F 10034 10036 10037 perde_tas
F 10038 10039 10040 perde_tas
F 10038 10040 10041 perde_tas
F 10042 10043 10044 perde_tas
F 10042 10044 10045 perde_tas
F 10046 10047 10048 perde_tas
F 10046 10048 10049 perde_tas
F 10050 10051 10052 perde_tas
F 10050 10052 10053 perde_tas
F 10054 10055 10056 perde_tas
F 10054 10056 10057 perde_tas
F 10058 10059 10060 perde_tas
F 10058 10060 10061 perde_tas
F 10062 10063 10064 perde_tas
F 10062 10064 10065 perde_tas
F 10066 10067 10068 perde_tas
F 10066 10068 10069 perde_tas
F 10070 10071 10072 perde_tas
F 10070 10072 10073 perde_tas
F 10074 10075 10076 perde_tas
F 10074 10076 10077 perde_tas
F 10078 10079 10080 perde_tas
F 10078 10080 10081 perde_tas
F 10082 10083 10084 perde_tas
F 10082 10084 10085 perde_tas
F 10086 10087 10088 perde_tas
F 10086 10088 10089 perde_tas
F 10090 10091 10092 perde_tas
F 10090 10092 10093 perde_tas
F 10094 10095 10096 perde_tas
F 10094 10096 10097 perde_tas
F 10098 10099 10100 perde_tas
F 10098 10100 10101 perde_tas
F 10102 10103 10104 perde_tas
F 10102 10104 10105 perde_tas
F 10106 10107 10108 perde_tas
F 10106 10108 10109 perde_tas
F 10110 10111 10112 perde_tas
F 10110 10112 10113 perde_tas
F 10114 10115 10116 perde_tas
F 10114 10116 10117 perde_tas
F 10118 10119 10120 perde_tas
F 10118 10120 10121 perde_tas
F 10122 10123 10124 perde_tas
F 10122 10124 10125 perde_tas
F 10126 10127 10128 perde_tas
F 10126 10128 10129 perde_tas
F 10130 10131 10132 perde_tas
F 10130 10132 10133 perde_tas
F 10134 10135 10136 perde_tas
F 10134 10136 10137 perde_tas
F 10138 10139 10140 perde_tas
F 10138 10140 10141 perde_tas
F 10142 10143 10144 perde_tas
F 10142 10144 10145 perde_tas
F 10146 10147 10148 perde_tas
F 10146 10148 10149 perde_tas
F 10150 10151 10152 perde_tas
F 10150 10152 10153 perde_tas
F 10154 10155 10156 perde_tas
F 10154 10156 10157 perde_tas
F 10158 10159 10160 perde_tas
F 10158 10160 10161 perde_tas
F 10162 10163 10164 perde_tas
F 10162 10164 10165 perde_tas
F 10166 10167 10168 perde_tas
F 10166 10168 10169 perde_tas
F 10170 10171 10172 perde_tas
F 10170 10172 10173 perde_tas
F 10174 10175 10176 perde_tas
F 10174 10176 10177 perde_tas
F 10178 10179 10180 perde_tas
F 10178 10180 10181 perde_tas
F 10182 10183 10184 perde_tas
F 10182 10184 10185 perde_tas
F 10186 10187 10188 perde_tas
F 10186 10188 10189 perde_tas
F 10190 10191 10192 perde_tas
F 10190 10192 10193 perde_tas
F 10194 10195 10196 perde_tas
F 10194 10196 10197 perde_tas
F 10198 10199 10200 perde_tas
F 10198 10200 10201 perde_tas
F 10202 10203 10204 perde_tas
F 10202 10204 10205 perde_tas
F 10206 10207 10208 perde_tas
F 10206 10208 10209 perde_tas
F 10210 10211 10212 perde_tas
F 10210 10212 10213 perde_tas
F 10214 10215 10216 perde_tas
F 10214 10216 10217 perde_tas
F 10218 10219 10220 perde_tas
F 10218 10220 10221 perde_tas
F 10222 10223 10224 perde_tas
F 10222 10224 10225 perde_tas
F 10226 10227 10228 perde_tas
F 10226 10228 10229 perde_tas
F 10230 10231 10232 perde_tas
F 10230 10232 10233 perde_tas
F 10234 10235 10236 perde_tas
F 10234 10236 10237 perde_tas
F 10238 10239 10240 perde_tas
F 10238 10240 10241 perde_tas
F 10242 10243 10244 perde_tas
F 10242 10244 10245 perde_tas
F 10246 10247 10248 perde_tas
F 10246 10248 10249 perde_tas
F 10250 10251 10252 perde_tas
F 10250 10252 10253 perde_tas
F 10254 10255 10256 perde_tas
F 10254 10256 10257 perde_tas
F 10258 10259 10260 perde_tas
F 10258 10260 10261 perde_tas
F 10262 10263 10264 perde_tas
F 10262 10264 10265 perde_tas
F 10266 10267 10268 perde_tas
F 10266 10268 10269 perde_tas
F 10270 10271 10272 perde_tas
F 10270 10272 10273 perde_tas
F 10274 10275 10276 perde_tas
F 10274 10276 10277 perde_tas
F 10278 10279 10280 perde_tas
F 10278 10280 10281 perde_tas
F 10282 10283 10284 perde_tas
F 10282 10284 10285 perde_tas
F 10286 10287 10288 perde_tas
F 10286 10288 10289 perde_tas
F 10290 10291 10292 perde_tas
F 10290 10292 10293 perde_tas
F 10294 10295 10296 perde_tas
F 10294 10296 10297 perde_tas
F 10298 10299 10300 perde_tas
F 10298 10300 10301 perde_tas
F 10302 10303 10304 perde_tas
F 10302 10304 10305 perde_tas
F 10306 10307 10308 perde_tas
F 10306 10308 10309 perde_tas
F 10310 10311 10312 perde_tas
F 10310 10312 10313 perde_tas
F 10314 10315 10316 perde_tas
F 10314 10316 10317 perde_tas
F 10318 10319 10320 perde_tas
F 10318 10320 10321 perde_tas
F 10322 10323 10324 perde_tas
F 10322 10324 10325 perde_tas
F 10326 10327 10328 perde_tas
F 10326 10328 10329 perde_tas
F 10330 10331 10332 perde_tas
F 10330 10332 10333 perde_tas
F 10334 10335 10336 perde_tas
F 10334 10336 10337 perde_tas
F 10338 10339 10340 perde_tas
F 10338 10340 10341 perde_tas
F 10342 10343 10344 perde_tas
F 10342 10344 10345 perde_tas
F 10346 10347 10348 perde_tas
F 10346 10348 10349 perde_tas
F 10350 10351 10352 perde_tas
F 10350 10352 10353 perde_tas
F 10354 10355 10356 perde_tas
F 10354 10356 10357 perde_tas
F 10358 10359 10360 perde_tas
F 10358 10360 10361 perde_tas
F 10362 10363 10364 perde_tas
F 10362 10364 10365 perde_tas
F 10366 10367 10368 perde_tas
F 10366 10368 10369 perde_tas
F 10370 10371 10372 perde_tas
F 10370 10372 10373 perde_tas
F 10374 10375 10376 perde_tas
F 10374 10376 10377 perde_tas
F 10378 10379 10380 perde_tas
F 10378 10380 10381 perde_tas
F 10382 10383 10384 perde_tas
F 10382 10384 10385 perde_tas
F 10386 10387 10388 perde_tas
F 10386 10388 10389 perde_tas
F 10390 10391 10392 perde_tas
F 10390 10392 10393 perde_tas
F 10394 10395 10396 perde_tas
F 10394 10396 10397 perde_tas
F 10398 10399 10400 perde_tas
F 10398 10400 10401 perde_tas
F 10402 10403 10404 perde_tas
F 10402 10404 10405 perde_tas
F 10406 10407 10408 perde_tas
F 10406 10408 10409 perde_tas
F 10410 10411 10412 perde_tas
F 10410 10412 10413 perde_tas
F 10414 10415 10416 perde_tas
F 10414 10416 10417 perde_tas
F 10418 10419 10420 perde_tas
F 10418 10420 10421 perde_tas
F 10422 10423 10424 perde_tas
F 10422 10424 10425 perde_tas
F 10426 10427 10428 perde_tas
F 10426 10428 10429 perde_tas
F 10430 10431 10432 perde_tas
F 10430 10432 10433 perde_tas
F 10434 10435 10436 perde_tas
F 10434 10436 10437 perde_tas
F 10438 10439 10440 perde_tas
F 10438 10440 10441 perde_tas
F 10442 10443 10444 perde_tas
F 10442 10444 10445 perde_tas
F 10446 10447 10448 perde_tas
F 10446 10448 10449 perde_tas
F 10450 10451 10452 perde_tas
F 10450 10452 10453 perde_tas
F 10454 10455 10456 perde_tas
F 10454 10456 10457 perde_tas
F 10458 10459 10460 perde_tas
F 10458 10460 10461 perde_tas
F 10462 10463 10464 perde_tas
F 10462 10464 10465 perde_tas
F 10466 10467 10468 perde_tas
F 10466 10468 10469 perde_tas
F 10470 10471 10472 perde_tas
F 10470 10472 10473 perde_tas
F 10474 10475 10476 perde_tas
F 10474 10476 10477 perde_tas
F 10478 10479 10480 perde_tas
F 10478 10480 10481 perde_tas
F 10482 10483 10484 perde_tas
F 10482 10484 10485 perde_tas
F 10486 10487 10488 perde_tas
F 10486 10488 10489 perde_tas
F 10490 10491 10492 perde_tas
F 10490 10492 10493 perde_tas
F 10494 10495 10496 perde_tas
F 10494 10496 10497 perde_tas
F 10498 10499 10500 perde_tas
F 10498 10500 10501 perde_tas
F 10502 10503 10504 perde_tas
F 10502 10504 10505 perde_tas
F 10506 10507 10508 perde_tas
F 10506 10508 10509 perde_tas
F 10510 10511 10512 perde_tas
F 10510 10512 10513 perde_tas
F 10514 10515 10516 perde_tas
F 10514 10516 10517 perde_tas
F 10518 10519 10520 perde_tas
F 10518 10520 10521 perde_tas
F 10522 10523 10524 perde_tas
F 10522 10524 10525 perde_tas
F 10526 10527 10528 perde_tas
F 10526 10528 10529 perde_tas
F 10530 10531 10532 perde_tas
F 10530 10532 10533 perde_tas
F 10534 10535 10536 perde_tas
F 10534 10536 10537 perde_tas
F 10538 10539 10540 perde_tas
F 10538 10540 10541 perde_tas
F 10542 10543 10544 perde_tas
F 10542 10544 10545 perde_tas
F 10546 10547 10548 perde_tas
F 10546 10548 10549 perde_tas
F 10550 10551 10552 perde_tas
F 10550 10552 10553 perde_tas
F 10554 10555 10556 perde_tas
F 10554 10556 10557 perde_tas
F 10558 10559 10560 perde_tas
F 10558 10560 10561 perde_tas
F 10562 10563 10564 perde_tas
F 10562 10564 10565 perde_tas
F 10566 10567 10568 perde_tas
F 10566 10568 10569 perde_tas
F 10570 10571 10572 perde_tas
F 10570 10572 10573 perde_tas
F 10574 10575 10576 perde_tas
F 10574 10576 10577 perde_tas
F 10578 10579 10580 perde_tas
F 10578 10580 10581 perde_tas
F 10582 10583 10584 perde_tas
F 10582 10584 10585 perde_tas
F 10586 10587 10588 perde_tas
F 10586 10588 10589 perde_tas
F 10590 10591 10592 perde_tas
F 10590 10592 10593 perde_tas
F 10594 10595 10596 perde_tas
F 10594 10596 10597 perde_tas
F 10598 10599 10600 perde_tas
F 10598 10600 10601 perde_tas
F 10602 10603 10604 perde_tas
F 10602 10604 10605 perde_tas
F 10606 10607 10608 perde_tas
F 10606 10608 10609 perde_tas
F 10610 10611 10612 perde_tas
F 10610 10612 10613 perde_tas
F 10614 10615 10616 perde_tas
F 10614 10616 10617 perde_tas
F 10618 10619 10620 perde_tas
F 10618 10620 10621 perde_tas
F 10622 10623 10624 perde_tas
F 10622 10624 10625 perde_tas
F 10626 10627 10628 perde_tas
F 10626 10628 10629 perde_tas
F 10630 10631 10632 perde_tas
F 10630 10632 10633 perde_tas
F 10634 10635 10636 perde_tas
F 10634 10636 10637 perde_tas
F 10638 10639 10640 perde_tas
F 10638 10640 10641 perde_tas
F 10642 10643 10644 perde_tas
F 10642 10644 10645 perde_tas
F 10646 10647 10648 perde_tas
F 10646 10648 10649 perde_tas
F 10650 10651 10652 perde_tas
F 10650 10652 10653 perde_tas
F 10654 10655 10656 perde_tas
F 10654 10656 10657 perde_tas
F 10658 10659 10660 perde_tas
F 10658 10660 10661 perde_tas
F 10662 10663 10664 perde_tas
F 10662 10664 10665 perde_tas
F 10666 10667 10668 perde_tas
F 10666 10668 10669 perde_tas
F 10670 10671 10672 perde_tas
F 10670 10672 10673 perde_tas
F 10674 10675 10676 perde_tas
F 10674 10676 10677 perde_tas
F 10678 10679 10680 perde_tas
F 10678 10680 10681 perde_tas
F 10682 10683 10684 perde_tas
F 10682 10684 10685 perde_tas
F 10686 10687 10688 perde_tas
F 10686 10688 10689 perde_tas
