m -7.570 162.039,81.545;160.001,79.862;160.313,80.235;161.611,81.520;162.993,82.816;163.479,83.266;163.521,83.315;163.536,83.340;163.546,83.353;163.551,83.363;163.555,83.370;163.558,83.376;163.558,83.383
m -7.570 153.500,74.790;152.275,73.500;152.000,73.255;151.453,72.953;150.500,73.028;149.402,72.000;149.158,71.842;149.000,71.870;148.907,71.907;148.822,72.000;148.902,72.066;149.000,72.248;150.202,73.500;150.500,73.571;151.912,73.588;152.000,73.714;153.338,75.000;153.500,75.082;153.615,75.186;153.764,75.000;153.500,74.790
m -7.570 132.500,52.990;133.876,52.624;134.000,52.663;134.110,52.610;134.132,52.500;134.248,51.248;134.188,51.000;134.126,50.874;134.000,50.458;133.645,49.855;133.585,49.500;133.158,48.842;132.949,48.000;132.783,47.717;132.500,46.821;132.374,46.626;132.352,46.500;131.802,45.698;131.581,45.000;131.000,43.702;129.819,43.819;129.500,43.794;128.573,45.000;128.386,45.386;128.004,46.500;128.103,47.897;128.101,48.000;128.138,48.135;128.629,49.097;128.888,49.500;129.500,50.437;129.884,50.616;129.954,51.000;131.000,52.274;131.421,52.500;132.043,52.947;132.500,52.990
M -7.070 122.802,28.928;120.233,28.210;117.980,27.660;117.690,27.845;117.208,28.208;116.976,28.500;116.000,29.272;115.698,30.000;116.000,30.378;116.611,31.500;116.877,32.123;117.500,32.841;117.645,33.000;118.026,33.974;118.518,34.500;119.000,34.833;119.906,35.406;120.500,35.770;120.656,35.844;120.882,36.000;122.000,36.660;123.343,37.343;123.500,37.409;123.588,37.412;123.793,37.500;125.000,37.901;125.542,38.042;126.500,38.026;127.565,37.500;127.792,37.292;127.672,36.000;127.500,35.000;127.546,34.500;127.657,34.157;128.000,33.153;128.062,33.062;128.547,32.594;128.755,31.896;128.935,32.034
M -7.070 152.415,71.256;151.273,70.313;150.941,70.015;150.594,69.712;150.158,69.322;149.590,68.787;148.924,68.135;148.228,67.456;148.244,68.244;148.381,68.969;148.410,69.425;147.845,69.684;147.500,69.947;147.228,70.500;146.931,71.431;146.870,72.000;147.168,72.682;147.362,73.022;147.613,73.223;148.509,73.821;149.000,74.090;150.078,74.578;150.500,74.679;150.817,74.683;151.038,75.000;152.000,75.436;153.471,76.471;153.500,76.485;153.505,76.490;153.518,76.500;154.285,77.215;155.000,77.841;155.185,78.000;156.500,79.078;156.853,79.147;157.029,79.500;158.000,80.071;158.459,80.401;159.375,81.000;159.500,81.077;159.789,81.289;161.000,82.123;161.404,82.500;162.023,82.977;162.500,83.405;162.855,83.734;163.159,84.090;163.273,84.271;163.340,84.365;163.381,84.436;163.410,84.489;163.432,84.528;163.429,84.579
M -7.070 134.749,48.690;134.456,47.988;134.000,47.077;133.787,46.713;133.719,46.500;133.469,45.969;133.061,45.000;133.257,44.243;132.500,43.796;132.362,43.500;132.227,43.227;131.754,42.000;131.000,40.729;130.001,41.001;129.500,41.161;128.690,42.000;128.000,42.724;127.465,43.500;126.932,44.568;126.681,45.000;126.638,45.138;126.500,45.999;126.420,46.420;126.424,46.500;126.500,46.765;126.787,47.713;126.800,48.000;127.132,48.632;127.685,49.500;128.000,49.957;128.759,51.000;129.123,51.377;129.500,51.879;130.048,52.500;131.000,53.539;131.285,53.712;131.746,54.000;132.246,54.254;132.500,54.471;133.286,54.786;134.000,54.909;135.029,55.029;135.500,54.824;136.497,54.000;136.604,53.604;136.386,52.500;136.080,51.920;135.862,51.000;135.962,50.538;135.500,50.247;135.254,49.746;135.179,49.500;134.749,48.690
M -7.070 138.500,64.898;138.727,64.727;140.000,64.502;140.006,64.500;140.015,63.015;140.044,63.000;140.027,62.973;140.000,62.971;139.980,62.980;138.500,62.661;137.746,63.000;137.000,63.532;136.659,64.500;136.908,64.918;137.319,64.819;138.500,64.898
m -6.570 111.858,25.756;111.302,25.825;111.258,25.919;111.160,26.080;111.078,26.578;111.189,27.000;111.500,27.513;111.917,28.500;113.000,29.913;113.054,29.946;113.056,30.000;113.189,30.189;113.931,31.500;114.027,32.527;113.978,33.000;114.075,33.425;114.244,34.500;114.500,34.789;115.098,35.402;115.779,36.000;116.000,36.158;116.813,36.687;117.500,37.194;117.961,37.500;118.613,37.887;119.000,38.162;119.536,38.464;120.276,39.000;120.411,39.089;120.500,39.160;121.189,39.689;122.000,40.292;122.131,40.369;122.295,40.500;123.500,41.504;123.809,41.691;124.121,42.000;125.000,43.320;125.060,43.500;125.000,43.783;124.723,44.723;124.791,45.000;124.874,45.126;124.927,46.500;125.000,46.611;125.711,48.000;126.048,48.452;126.500,49.165;126.714,49.500;127.185,50.185;127.777,51.000;127.880,51.120;128.000,51.278;128.601,51.899;129.051,52.500;129.274,52.726;129.500,52.992;130.435,54.000;130.717,54.283;131.000,54.587;131.605,54.895;132.314,55.500;132.500,55.634;133.521,55.979;134.000,56.432;134.515,56.485;135.500,56.966;135.658,57.000;136.725,57.275;137.000,57.627;137.732,58.500;137.855,59.145;137.784,60.000;137.606,60.606;137.131,61.500;137.000,61.569;136.359,62.359;136.242,63.000;135.562,64.438;135.540,64.500;135.801,64.937;136.351,66.113;136.598,66.198;136.651,66.201;137.451,66.085;138.365,65.865;138.500,65.874;139.284,65.284;140.000,65.157;141.272,64.728;141.500,64.643;141.748,64.748;141.980,64.500;143.000,63.777;144.053,64.500;144.500,65.530;144.759,65.741;145.177,66.000;145.848,67.348;145.963,67.500;145.976,68.976;145.987,69.000;146.000,69.449;146.038,70.462;146.019,70.500;146.014,70.514;146.000,70.649;145.833,71.833;145.871,72.002;145.909,72.091;146.000,72.228;146.605,73.288;147.639,74.116;147.846,74.254;149.000,74.885;149.253,75.000;150.130,75.370;150.500,75.552;151.589,76.089;152.000,76.275;152.319,76.500;153.192,77.692;153.433,78.000;153.437,78.063;153.500,78.135;154.981,79.500;154.990,79.510;155.000,79.516;155.805,80.195;156.500,80.540;157.492,81.000;158.000,81.156;158.434,81.434;159.500,82.093;160.056,82.500;161.000,83.165;161.471,83.529;161.997,84.000;162.500,84.517;162.797,84.865;163.009,85.203;163.135,85.376;163.211,85.509;163.265,85.607;163.305,85.681;163.301,85.776
M -6.070 106.859,24.255;106.701,24.274;106.760,24.500;107.557,25.500;108.500,26.672;108.710,27.000;109.102,27.898;109.797,28.500;109.884,28.745;110.000,28.995;110.447,30.000;110.289,31.211;110.323,31.500;110.295,31.795;110.172,33.000;110.417,34.083;110.556,34.500;111.500,35.417;111.977,35.988;112.353,36.256;112.714,36.537;113.427,37.073;113.958,37.500;114.500,37.876;115.193,38.307;115.759,38.723;116.266,39.081;116.963,39.537;117.500,39.982;118.216,40.500;119.000,41.144;119.478,41.522;120.008,42.000;120.500,42.496;121.003,42.997;121.436,43.500;122.000,44.376;122.287,44.759;122.343,45.000;122.880,45.620;123.500,46.237;123.605,46.395;123.609,46.500;123.814,46.814;124.614,48.000;125.000,48.431;125.457,49.043;125.746,49.500;126.500,50.415;126.925,51.000;127.423,51.577;128.000,52.341;128.078,52.422;128.137,52.500;128.812,53.188;129.500,53.996;129.504,54.000;130.251,54.749;130.951,55.500;131.000,55.547;131.196,55.696;132.500,56.635;132.773,56.727;133.061,57.000;133.638,57.362;134.000,57.824;134.886,58.500;135.195,58.805;135.500,59.652;135.691,60.000;135.665,60.169;135.676,61.412;135.659,61.500;135.588,61.588;135.500,62.069;135.331,63.000;134.905,63.905;134.965,64.500;134.859,65.141;134.971,66.000;135.500,66.425;136.203,66.667;136.784,66.696;137.976,66.524;138.500,66.403;138.815,66.315;139.629,66.000;139.841,65.841;140.000,65.813;140.283,65.717;141.500,65.266;142.827,65.827;143.000,65.642;143.225,66.000;143.654,66.846;143.822,67.500;144.028,67.972;144.270,69.000;144.333,69.167;144.500,69.932;144.686,70.500;144.663,70.663;144.967,72.012;145.269,72.731;145.784,73.500;146.000,73.712;147.049,74.608;147.532,74.864;147.782,75.000;148.561,75.439;149.000,75.633;149.610,75.890;150.500,76.329;150.846,76.500;152.000,77.401;152.469,78.000;152.527,78.973;152.987,79.500;153.500,80.169;153.906,80.594;154.540,81.000;155.000,81.198;155.924,81.576;156.500,81.581;157.435,81.935;158.000,82.108;158.611,82.500;159.150,82.850;159.500,83.108;160.787,84.000;160.912,84.088;161.000,84.152;162.316,85.500;162.500,85.744;162.745,86.134;162.929,86.388;163.041,86.583;163.120,86.725;163.178,86.834;163.172,86.973
m -5.570 104.294,25.437;104.499,25.693;104.696,25.782;104.964,26.036;105.500,26.789;105.585,26.915;105.660,27.000;106.085,27.915;106.397,28.500;106.458,29.458;106.505,30.000;106.088,30.912;105.849,31.500;105.500,32.860;105.475,32.975;105.468,33.000;105.471,33.027;105.500,33.125;105.837,34.163;105.933,34.500;107.000,35.526;107.256,35.744;107.572,36.000;108.161,36.339;108.500,36.493;109.512,37.012;110.000,37.270;110.358,37.500;111.079,37.921;111.500,38.167;112.751,39.000;113.000,39.155;113.814,39.686;114.500,40.191;114.916,40.500;115.534,40.966;116.000,41.411;116.693,42.000;117.126,42.374;117.500,42.765;117.898,43.102;118.259,43.500;118.622,43.878;119.000,44.382;119.485,45.000;119.181,46.319;119.162,46.500;120.500,47.559;120.925,47.575;122.000,47.397;122.371,47.629;123.126,48.000;123.398,48.102;123.489,48.135;124.728,49.530;125.000,49.754;126.035,51.000;126.249,51.251;126.500,51.495;126.965,52.035;127.316,52.500;128.000,53.293;128.350,53.650;128.649,54.000;129.500,54.930;129.784,55.216;130.050,55.500;131.000,56.399;131.789,57.000;132.500,57.614;133.044,57.956;133.471,58.500;134.000,59.370;134.317,59.683;134.431,60.000;134.434,60.434;134.461,61.500;134.518,62.482;134.424,63.000;134.288,63.288;134.409,64.500;134.193,65.807;134.219,66.000;135.500,67.030;135.807,67.136;136.917,67.192;137.374,67.126;138.500,66.865;139.177,66.677;140.000,66.359;141.201,66.000;141.500,65.889;141.762,66.000;142.392,66.608;142.707,67.500;142.808,67.692;143.000,68.306;143.211,68.789;143.260,69.000;143.600,69.900;143.731,70.500;143.964,71.555;144.057,72.014;144.085,72.342;144.460,72.968;144.629,73.371;144.716,73.500;146.000,74.761;146.195,74.927;146.332,75.000;147.500,75.643;148.048,75.952;149.000,76.374;149.089,76.411;149.269,76.500;150.056,76.944;150.500,77.163;151.486,78.000;151.551,79.051;151.715,79.500;151.699,79.801;152.000,80.869;152.091,81.000;152.653,81.847;153.500,82.344;154.808,82.308;155.000,82.391;155.078,82.422;156.500,82.435;156.672,82.500;158.000,83.066;158.566,83.434;159.332,84.000;159.500,84.128;160.302,84.698;161.000,85.198;161.295,85.500;162.208,86.708;162.434,87.000;162.460,87.040;162.500,87.090;162.724,87.400;162.871,87.656;162.975,87.844;163.051,87.986;163.044,88.169
M -5.070 102.415,27.376;102.884,27.960;102.991,28.009;103.181,28.500;103.262,29.238;103.332,30.000;103.102,30.602;102.793,31.500;102.525,32.975;102.519,33.000;102.680,34.320;102.703,34.454;102.923,34.923;103.345,36.000;104.000,36.713;104.423,37.077;105.085,37.500;105.500,37.720;105.841,37.841;107.000,38.322;108.248,38.748;108.500,38.846;108.834,39.000;109.643,39.357;110.000,39.508;111.038,40.038;111.500,40.280;111.846,40.500;112.564,40.936;113.000,41.245;113.980,42.000;114.271,42.229;114.500,42.465;115.564,43.500;116.000,43.979;116.916,45.000;116.885,45.885;116.985,46.500;117.125,47.625;117.201,48.000;117.499,48.313;118.053,48.716;119.000,48.965;119.503,48.997;120.500,48.998;121.530,49.030;122.000,48.976;122.382,49.118;123.379,49.488;123.531,49.659;125.000,50.870;125.108,51.000;125.749,51.751;126.500,52.484;126.507,52.493;126.513,52.500;126.594,52.594;127.803,54.000;127.887,54.113;128.000,54.220;129.173,55.500;129.322,55.678;129.500,55.855;130.715,57.000;130.858,57.142;131.000,57.260;132.416,58.500;132.441,58.559;132.500,58.668;133.260,60.000;133.337,60.663;133.356,61.500;133.403,62.403;133.465,63.000;133.577,63.423;133.756,64.500;133.485,65.485;133.612,66.000;134.000,66.748;135.142,67.500;135.500,67.581;136.867,67.633;137.000,67.656;137.147,67.647;137.756,67.500;138.500,67.328;139.539,67.039;140.000,66.861;140.911,66.589;141.500,67.169;141.669,67.331;141.728,67.500;142.167,68.333;142.375,69.000;142.776,70.276;142.857,70.500;143.000,71.324;143.137,72.002;143.244,73.239;143.400,73.500;143.891,74.109;144.500,74.600;144.910,75.000;145.507,75.493;146.000,75.726;147.378,76.378;147.500,76.445;147.535,76.465;147.614,76.500;149.000,77.238;149.488,77.512;150.474,78.000;150.500,78.029;151.037,79.500;150.983,80.517;151.120,81.000;150.912,82.088;151.118,82.500;151.111,82.942;152.000,83.395;152.664,83.164;153.500,83.381;154.127,83.373;155.000,83.249;155.821,83.321;156.500,83.327;157.942,84.000;157.979,84.021;158.000,84.031;158.131,84.131;159.500,85.171;159.692,85.308;159.961,85.500;160.721,86.100;161.000,86.364;161.493,87.000;161.888,87.612;162.500,88.386;162.518,88.411;162.701,88.729;162.829,88.962;162.925,89.139;162.915,89.366
m -4.570 100.537,29.315;100.731,29.558;100.734,30.035;100.550,31.035;100.534,31.500;100.481,32.481;100.491,33.000;100.504,33.496;100.560,34.500;100.569,34.931;100.711,36.000;101.000,37.032;101.202,37.500;101.777,38.223;102.500,38.791;102.616,38.884;102.805,39.000;104.000,39.639;104.990,39.990;105.500,40.193;105.734,40.266;106.794,40.500;107.000,40.543;107.057,40.557;108.500,40.936;109.255,41.245;110.000,41.485;111.060,42.000;111.357,42.143;111.500,42.219;112.366,42.866;113.000,43.326;113.097,43.403;113.192,43.500;114.500,44.904;114.588,45.000;114.608,45.108;115.116,46.500;115.419,47.081;115.560,48.000;115.755,48.245;116.000,48.538;116.764,49.315;117.497,49.707;118.527,49.973;119.000,50.010;119.989,50.011;120.500,50.009;121.470,50.030;122.000,50.174;122.643,50.377;123.487,50.869;123.645,51.000;125.000,51.961;125.248,52.252;125.503,52.500;126.500,53.437;126.984,54.000;127.420,54.580;128.000,55.135;128.335,55.500;128.866,56.134;129.500,56.766;129.748,57.000;130.376,57.624;131.000,58.144;131.407,58.500;131.729,59.271;132.123,60.000;132.261,61.261;132.300,61.500;132.329,61.671;132.461,63.000;132.500,63.154;132.783,64.217;132.830,64.500;132.758,64.758;133.065,66.000;133.673,67.173;133.741,67.500;134.000,67.611;134.135,67.635;135.500,67.945;136.517,67.983;137.000,68.070;137.536,68.036;138.500,67.803;139.546,67.500;139.901,67.401;140.000,67.363;140.195,67.305;140.393,67.500;141.500,68.927;141.525,68.975;141.533,69.000;141.548,69.048;142.069,70.500;142.189,71.189;142.234,72.000;141.808,73.192;141.854,73.500;143.000,74.713;143.128,74.872;143.287,75.000;144.500,75.827;144.868,76.132;145.647,76.500;146.000,76.684;146.865,77.135;147.500,77.388;148.727,78.000;148.871,78.129;149.000,78.209;150.214,79.500;150.274,79.598;150.184,80.704;150.121,81.000;149.902,81.902;149.486,82.500;149.484,82.721;149.762,83.617;149.873,84.000;149.987,84.513;150.500,85.011;151.588,85.088;152.000,85.180;152.503,84.997;153.500,84.421;153.814,84.314;155.000,84.094;155.054,84.088;156.259,84.209;156.500,84.272;157.282,84.718;158.000,85.071;158.565,85.500;159.500,86.296;160.044,86.720;160.329,86.945;160.492,87.098;161.000,87.694;161.316,88.184;161.566,88.500;161.914,89.086;162.500,89.748;162.531,89.802;162.684,90.080;162.798,90.292;162.786,90.563
M -4.070 98.278,31.284;98.278,31.500;98.441,32.559;98.452,33.000;98.468,33.468;98.628,34.500;98.642,35.142;98.679,36.000;98.621,36.879;98.670,37.500;98.984,38.484;98.994,39.000;99.069,39.431;99.500,39.873;99.747,40.253;100.137,40.500;100.296,41.204;101.000,41.380;101.312,41.688;102.500,41.888;103.024,42.000;103.768,42.232;104.000,42.196;104.181,42.181;105.500,42.438;106.055,42.475;106.795,42.592;107.000,42.613;107.715,42.785;108.500,42.901;109.799,43.299;110.000,43.363;110.092,43.408;110.268,43.500;111.063,43.937;111.500,44.194;111.947,44.553;112.406,45.000;112.824,45.413;112.953,45.558;113.041,45.791;113.500,46.500;113.905,47.095;114.237,48.000;114.500,48.356;115.008,48.992;115.431,49.500;115.720,49.780;116.000,49.966;116.906,50.406;117.499,50.724;117.720,50.780;119.000,50.882;119.118,50.882;120.500,50.876;120.622,50.878;121.070,51.000;122.000,51.307;122.698,51.698;123.500,52.157;124.022,52.500;124.613,52.887;125.000,53.129;125.946,54.000;126.231,54.269;126.500,54.446;126.952,55.048;127.425,55.500;127.667,55.833;128.000,56.100;128.411,56.589;128.822,57.000;129.060,57.330;129.500,57.713;129.895,58.105;130.368,58.500;131.000,59.943;131.017,59.983;131.026,60.000;131.029,60.029;131.268,61.500;131.448,62.552;131.493,63.000;131.662,63.662;131.890,64.500;132.070,64.930;132.500,65.929;132.518,66.000;132.536,66.036;132.839,67.500;134.000,67.997;134.606,68.106;135.500,68.309;136.166,68.334;137.000,68.484;137.925,68.425;138.500,68.286;139.505,67.995;140.000,68.345;140.555,69.000;140.911,69.589;141.264,70.500;141.238,70.762;141.314,72.000;140.940,72.940;140.443,73.500;140.422,74.578;140.793,75.000;141.154,75.346;141.500,75.481;142.307,75.807;143.000,76.171;143.534,76.500;144.213,76.864;144.500,77.030;145.419,77.419;146.000,77.722;146.183,77.817;146.642,78.000;147.078,78.422;147.500,78.614;147.966,79.034;148.720,79.500;148.761,79.739;148.910,81.000;148.886,81.114;148.119,82.500;148.371,83.371;148.659,84.000;148.683,84.317;148.887,85.500;149.000,85.711;149.476,85.976;150.500,86.657;150.827,86.673;152.000,86.756;152.670,86.170;153.500,85.643;153.880,85.500;154.714,85.214;155.000,85.161;155.297,85.128;156.171,85.280;156.500,85.367;156.585,85.415;156.758,85.500;158.000,86.333;158.816,87.000;159.146,87.354;159.500,87.569;159.838,87.879;160.386,88.500;160.663,88.837;161.000,89.271;161.272,89.728;161.512,90.000;161.904,90.596;162.500,91.127;162.539,91.199;162.671,91.444;162.658,91.759
M -4.070 93.823,49.177;94.356,49.500;95.000,49.753;95.419,49.500;96.500,48.848;96.947,48.447;97.514,48.000;98.000,47.558;99.019,46.500;99.100,46.100;99.050,45.000;99.101,43.899;98.000,43.612;97.925,43.575;97.850,43.500;96.500,42.711;95.908,42.908;95.000,43.231;94.787,43.500;94.381,44.381;94.039,45.000;93.683,46.317;93.652,46.500;93.692,46.692;93.644,48.000;93.823,49.177
m -3.570 95.936,32.997;95.723,33.476;95.627,33.873;95.796,34.500;95.947,35.053;96.235,36.000;96.323,37.323;96.337,37.500;96.069,38.569;95.984,39.000;95.822,39.435;95.708,39.809;95.222,40.500;95.000,40.641;94.342,41.342;94.000,42.000;93.500,42.615;93.121,43.121;92.924,43.500;92.548,44.452;92.339,45.000;92.286,45.286;92.000,46.101;91.869,46.500;91.546,47.546;91.339,48.000;91.058,48.942;90.963,49.500;91.042,50.042;90.946,51.000;91.057,51.557;90.500,52.307;90.424,52.500;90.500,52.788;90.635,52.635;92.000,53.296;92.798,53.202;93.500,52.842;94.350,52.500;94.895,52.236;95.000,52.174;95.592,51.908;96.500,51.531;96.813,51.313;97.262,51.000;98.000,50.369;98.425,49.925;98.937,49.500;99.219,49.219;99.500,48.931;100.390,48.000;100.687,47.687;101.000,47.289;101.342,46.950;101.867,46.500;102.500,45.944;103.003,45.503;104.000,45.153;104.494,45.000;105.212,44.712;105.500,44.695;106.632,44.632;107.000,44.640;107.312,44.688;108.500,44.867;108.899,45.000;109.732,45.268;110.000,45.369;111.117,46.117;111.500,46.359;111.584,46.441;111.629,46.500;112.830,47.830;112.985,48.000;113.000,48.015;114.067,49.500;114.500,49.927;115.045,50.455;115.868,51.000;116.000,51.072;117.019,51.481;117.500,51.623;118.313,51.687;119.000,51.722;119.950,51.950;120.500,51.946;121.767,52.500;121.921,52.579;122.000,52.617;122.897,53.103;123.500,53.428;123.846,53.654;124.399,54.000;124.766,54.234;125.000,54.385;125.574,54.926;126.445,55.500;126.476,55.524;126.500,55.544;127.113,56.387;127.876,57.000;127.990,57.111;128.467,57.774;129.250,58.455;129.350,58.650;129.500,58.987;129.916,60.000;130.103,60.897;130.204,61.500;130.358,62.358;130.499,63.000;130.622,63.378;130.941,64.500;131.000,64.635;131.401,65.599;131.575,66.000;131.915,66.585;132.062,67.500;132.500,67.846;132.922,67.922;134.000,68.384;135.076,68.576;135.500,68.672;135.816,68.684;137.000,68.898;138.314,68.814;138.500,68.769;138.825,68.675;139.285,69.000;140.000,69.709;140.298,70.202;140.414,70.500;140.294,71.706;140.312,72.000;140.223,72.223;140.000,72.475;139.211,73.500;138.717,74.469;138.711,74.695;139.114,75.886;139.756,76.500;140.000,76.620;141.075,76.925;141.500,77.018;142.296,77.296;143.000,77.506;143.406,77.702;143.938,78.000;144.500,78.513;145.057,78.943;145.751,79.500;146.000,79.886;146.508,80.492;146.596,81.000;146.490,81.490;146.918,82.500;147.150,82.850;147.500,83.587;147.689,84.000;147.784,85.216;147.833,85.500;148.214,86.214;148.352,87.000;148.648,87.352;149.000,87.519;149.690,87.810;150.500,88.000;151.558,88.058;152.000,88.085;153.462,87.000;153.482,86.982;153.500,86.971;153.546,86.954;155.000,86.486;155.433,86.567;156.500,86.866;156.710,87.000;157.373,87.627;158.000,87.987;158.247,88.253;158.656,88.500;159.500,89.092;159.910,89.590;160.228,90.000;161.000,91.062;161.174,91.326;161.369,91.500;162.500,92.514;162.544,92.597;162.529,92.956
M -3.070 93.620,34.676;93.566,34.798;93.515,35.012;93.547,35.953;93.557,36.000;93.539,37.461;93.542,37.500;93.536,37.536;93.500,37.716;93.312,39.000;93.020,40.020;92.880,40.500;92.457,41.543;92.239,42.000;92.137,42.137;92.000,42.398;91.632,43.132;91.467,43.568;91.203,44.323;90.903,45.000;90.500,45.956;90.290,46.500;90.135,46.865;89.728,48.000;89.589,48.589;89.196,49.500;89.000,50.274;88.804,51.000;87.997,52.003;87.636,52.500;87.500,52.687;86.485,54.000;86.423,54.423;86.000,54.883;85.798,55.500;85.845,56.845;85.789,57.000;85.740,57.260;86.000,57.580;87.494,57.441;88.594,56.594;89.000,56.620;89.576,56.424;90.500,55.900;90.733,55.733;91.283,55.500;92.000,55.122;92.714,54.786;93.500,54.330;93.701,54.201;94.136,54.000;95.000,53.530;95.757,53.257;96.500,53.099;97.905,52.595;98.000,52.569;98.052,52.552;98.134,52.500;99.500,51.334;99.869,51.000;100.427,50.427;101.000,49.898;101.454,49.500;101.980,48.980;102.500,48.482;103.016,48.000;104.000,47.269;105.213,46.787;105.500,46.668;105.657,46.657;107.000,46.580;108.252,46.748;108.500,46.789;108.977,46.977;110.000,47.364;110.972,48.000;111.316,48.184;111.530,48.324;112.718,49.561;113.000,49.807;114.214,51.000;114.363,51.137;114.500,51.202;114.893,51.393;116.000,51.999;116.358,52.142;117.500,52.480;117.519,52.481;117.889,52.500;118.942,52.558;119.000,52.580;119.140,52.640;120.500,53.144;121.067,53.433;122.000,53.888;122.073,53.927;122.208,54.000;123.500,54.697;123.990,55.010;124.751,55.500;125.000,55.665;125.745,56.255;126.500,56.858;126.560,56.940;126.634,57.000;127.669,58.019;127.862,58.214;127.890,58.265;128.516,59.484;128.746,60.000;128.964,60.964;129.068,61.475;129.179,61.821;129.475,63.000;129.482,63.018;129.500,63.068;129.852,64.148;129.953,64.500;130.302,65.302;130.603,66.000;130.747,66.253;131.000,66.655;131.311,67.189;131.361,67.500;132.500,68.402;133.597,68.597;134.000,68.770;135.286,69.000;135.434,69.066;135.500,69.072;135.585,69.085;137.000,69.473;137.281,69.486;138.240,69.384;138.500,69.564;139.442,70.500;139.336,71.336;139.203,72.000;138.500,72.910;138.273,73.273;138.158,73.500;137.897,74.188;137.468,74.887;137.657,75.657;137.815,76.500;138.126,76.874;138.500,77.263;139.816,77.816;140.000,77.907;140.072,77.928;140.406,78.000;141.500,78.254;142.408,78.592;143.000,79.111;143.418,79.500;144.500,80.921;144.560,81.000;144.579,81.031;145.121,81.623;145.737,82.500;145.864,82.636;146.000,82.830;146.465,83.535;146.686,84.000;146.747,84.747;146.933,85.500;146.895,86.105;146.976,87.000;147.500,88.209;147.633,88.367;147.914,88.500;149.000,89.045;149.742,89.258;150.500,89.329;151.353,89.353;152.000,89.389;152.710,89.210;153.476,88.500;153.500,88.483;154.882,88.382;155.000,88.328;155.363,88.500;156.500,89.023;157.104,89.396;158.000,89.780;158.322,90.000;158.958,90.542;159.500,90.897;159.931,91.500;160.352,92.148;161.000,92.676;161.366,93.000;161.967,93.533;162.151,93.697;162.245,93.766;162.301,93.795;162.339,93.806;162.415,93.806;162.400,94.152
m -2.570 91.945,35.769;91.851,36.074;91.849,36.151;91.772,37.500;91.729,37.771;91.574,39.000;91.400,39.900;91.240,40.500;91.075,41.075;90.756,42.000;90.670,42.170;90.487,42.658;90.134,43.652;89.936,44.168;89.613,45.000;89.006,46.494;89.004,46.500;89.000,46.509;88.572,47.572;88.365,48.000;88.148,48.648;87.736,49.500;87.500,50.076;87.057,51.000;86.600,51.600;86.000,52.119;85.819,52.319;85.655,52.500;85.203,53.203;84.724,54.000;84.500,54.679;84.317,55.317;84.126,55.500;83.832,56.332;83.080,57.000;83.000,57.202;82.716,58.500;82.670,59.670;82.655,60.000;82.596,60.404;83.000,61.372;83.171,61.474;84.567,61.506;84.823,61.303;86.000,60.473;86.428,60.000;87.500,59.021;87.813,58.813;88.615,58.500;88.812,58.368;89.000,58.279;89.744,57.744;90.500,57.324;90.960,57.000;91.566,56.566;92.000,56.382;93.498,55.502;93.500,55.501;93.500,55.500;93.501,55.500;94.417,54.917;95.000,54.647;95.445,54.445;96.500,54.162;96.631,54.131;97.306,54.000;98.000,53.810;98.998,53.498;99.500,53.177;99.951,52.951;100.512,52.500;101.000,52.058;101.564,51.564;102.216,51.000;102.500,50.750;103.246,50.246;103.889,49.500;104.000,49.395;104.202,49.298;105.600,48.559;106.030,48.530;107.000,48.465;107.500,48.500;108.500,48.646;109.422,48.922;110.000,49.114;110.251,49.249;110.863,49.649;111.378,49.998;111.622,50.116;112.644,51.000;112.837,51.163;113.000,51.252;113.652,51.848;114.500,52.253;115.008,52.500;116.000,52.919;116.821,53.179;117.500,53.376;118.092,53.408;119.000,53.753;119.577,54.000;120.500,54.418;121.233,54.767;122.000,55.140;122.658,55.500;123.191,55.809;123.500,55.977;124.929,56.929;125.000,56.976;125.013,56.987;125.030,57.000;126.500,58.335;126.635,58.472;126.837,58.837;127.438,60.000;127.720,60.945;127.813,61.404;128.249,62.751;128.311,63.000;128.664,63.836;128.900,64.500;129.500,65.747;129.609,66.000;130.112,66.888;130.497,67.500;130.704,67.783;131.000,68.084;132.294,68.794;132.500,68.957;132.740,69.000;134.000,69.393;134.763,69.737;135.500,69.795;136.448,69.948;137.000,70.099;137.653,70.131;137.740,70.121;138.036,70.325;137.854,70.561;138.130,72.000;137.695,72.695;137.290,73.500;137.224,73.672;137.000,74.038;136.713,74.713;136.542,75.000;136.469,75.531;136.610,76.500;137.000,77.109;137.404,77.596;137.792,78.000;138.177,78.323;138.500,78.559;139.214,78.786;140.000,78.989;141.381,79.500;141.460,79.540;141.500,79.582;142.216,80.284;142.787,81.000;143.000,81.185;143.698,81.802;144.342,82.500;144.429,82.571;144.500,82.645;145.156,83.344;145.614,84.000;146.000,85.075;146.105,85.500;146.012,86.988;146.013,87.000;146.023,87.023;146.000,87.623;145.983,88.483;145.979,88.500;145.979,88.528;146.000,88.575;146.443,89.557;147.081,90.000;147.266,90.234;147.500,90.428;148.206,90.794;149.000,90.971;149.938,90.938;150.500,91.017;150.964,91.036;152.000,90.932;152.494,90.877;153.191,90.609;153.500,90.595;154.167,90.667;155.000,90.787;155.563,90.937;156.500,91.218;157.067,91.500;158.000,92.010;158.529,92.471;159.500,92.998;159.501,92.999;159.502,93.000;160.201,93.799;161.000,94.223;161.147,94.353;161.615,94.770;161.852,94.943;161.995,95.018;162.091,95.046;162.285,95.046;162.272,95.349
M -2.070 90.600,36.560;90.549,36.726;90.524,37.476;90.522,37.500;90.500,37.639;90.308,38.808;90.298,39.000;90.238,39.262;89.960,40.500;89.752,41.252;89.505,42.000;89.000,43.349;88.958,43.458;88.942,43.500;88.906,43.594;88.369,45.000;88.117,45.617;87.786,46.500;87.704,46.704;87.500,47.126;87.093,48.000;86.770,48.770;86.393,49.500;86.000,50.168;85.405,51.000;84.974,51.474;84.500,52.000;84.188,52.500;83.697,53.303;83.333,54.000;83.258,54.258;83.000,54.505;82.271,55.500;81.634,56.866;81.569,57.000;81.500,57.177;81.140,58.140;81.053,58.500;80.995,59.005;80.962,60.000;80.646,60.854;80.552,61.500;80.849,62.349;80.875,63.000;81.067,63.433;81.500,63.891;82.155,63.655;83.000,63.966;84.002,63.498;84.500,63.152;84.689,63.000;86.000,61.870;86.171,61.671;86.327,61.500;87.500,60.239;87.923,60.000;88.572,59.572;89.000,59.404;90.169,58.831;90.500,58.652;90.597,58.597;90.791,58.500;92.000,57.627;92.853,57.000;93.500,56.601;94.174,56.174;95.000,55.697;95.426,55.500;96.164,55.164;96.500,55.074;97.368,54.868;98.000,54.745;98.970,54.530;99.500,54.420;100.949,54.000;100.983,53.983;101.000,53.969;101.864,53.364;102.500,52.829;102.990,52.500;103.587,52.087;104.000,51.820;105.021,51.000;105.251,50.751;105.614,50.562;106.434,50.414;107.000,50.381;107.970,50.470;108.500,50.510;108.863,50.637;110.000,50.910;110.064,50.953;110.161,51.000;111.500,51.658;111.957,52.043;112.791,52.500;112.924,52.579;113.000,52.602;113.901,53.099;114.500,53.263;115.712,53.712;116.000,53.834;116.126,53.874;116.561,54.000;117.315,54.279;117.500,54.365;118.133,54.633;119.000,54.982;120.147,55.500;120.367,55.633;120.500,55.687;120.853,55.853;122.000,56.448;122.349,56.651;122.996,57.000;123.237,57.263;123.500,57.432;124.019,57.981;124.772,58.500;125.000,58.806;125.434,59.566;125.748,60.000;126.159,61.159;126.283,61.500;126.376,61.624;126.500,61.800;126.872,62.450;127.051,63.000;127.541,64.041;127.782,64.500;127.860,64.640;128.000,64.893;128.560,66.000;129.403,67.403;129.461,67.500;129.476,67.524;129.500,67.556;130.092,68.378;130.700,69.000;131.000,69.345;131.631,69.631;132.500,70.108;133.804,70.304;134.000,70.365;134.093,70.407;135.258,70.500;135.500,70.535;135.674,70.674;137.000,71.460;137.127,71.668;137.190,72.000;137.117,72.117;137.000,72.350;136.542,73.500;136.231,74.231;135.775,75.000;135.578,76.422;135.589,76.500;135.748,76.748;136.525,78.000;137.000,78.525;137.529,78.971;138.257,79.500;138.500,79.674;139.547,79.953;140.000,80.258;140.494,80.506;140.960,81.000;141.500,81.417;142.738,82.500;143.000,82.707;143.710,83.290;144.395,84.000;144.490,84.148;145.118,85.543;145.142,86.358;145.097,87.000;145.086,87.586;144.901,88.500;144.882,89.379;144.837,89.782;144.932,90.123;145.575,91.500;146.000,92.044;147.289,92.789;147.500,92.915;148.423,93.000;148.959,93.041;149.000,93.045;149.057,93.057;150.500,93.006;150.509,93.009;152.000,93.210;153.184,93.316;153.500,93.381;153.906,93.406;155.000,93.476;155.663,93.837;156.500,93.937;156.878,94.122;157.875,94.500;158.000,94.545;159.003,94.997;159.702,95.152;160.284,95.499;161.000,95.772;161.079,95.842;161.460,96.120;161.690,96.241;161.843,96.286;162.154,96.286;162.143,96.546
m -1.570 89.254,37.351;89.246,37.377;89.242,37.500;89.208,37.708;89.142,39.000;89.000,39.623;88.779,40.500;88.667,40.833;88.266,42.000;88.051,42.551;87.707,43.500;87.500,44.034;87.123,45.000;86.812,45.812;86.549,46.500;86.000,47.683;85.851,48.000;85.405,48.905;85.079,49.500;84.500,50.253;84.160,50.660;83.943,51.000;83.207,52.293;83.078,52.500;83.000,52.627;82.307,53.307;81.678,54.000;81.500,54.257;80.875,55.500;80.283,56.717;80.161,57.000;80.117,57.117;80.000,57.605;79.813,58.500;79.753,58.747;79.607,60.000;79.324,60.824;78.954,61.500;78.601,62.899;78.604,63.000;78.653,63.153;78.995,64.500;79.113,65.387;79.614,66.000;79.760,66.240;80.096,66.256;81.283,66.345;81.500,66.255;81.648,66.148;81.825,66.000;83.000,65.337;83.471,64.971;84.081,64.500;84.500,64.209;85.983,63.017;86.000,63.003;86.003,63.000;86.695,62.195;87.327,61.500;87.500,61.314;87.927,61.073;89.000,60.403;89.248,60.248;89.764,60.000;90.500,59.602;91.204,59.204;92.000,58.805;92.199,58.699;92.562,58.500;93.500,57.799;93.957,57.457;94.607,57.000;94.848,56.848;95.000,56.760;95.446,56.554;96.500,56.016;97.817,55.683;98.000,55.625;98.104,55.604;98.610,55.500;99.500,55.315;99.760,55.240;101.000,54.971;101.842,54.658;102.500,54.504;103.742,54.000;104.000,53.826;104.921,53.421;105.500,52.985;105.874,52.874;107.000,52.541;107.038,52.538;108.500,52.552;109.676,52.824;110.000,52.835;110.839,53.161;111.697,53.333;112.014,53.523;113.000,53.816;113.119,53.881;113.552,54.000;114.217,54.283;114.500,54.355;115.260,54.740;116.000,54.957;116.646,55.177;117.342,55.500;117.445,55.555;117.500,55.584;118.419,56.081;119.000,56.475;119.327,56.673;120.130,57.000;120.357,57.143;120.500,57.305;121.949,58.500;121.976,58.524;122.000,58.559;123.164,60.000;123.500,60.473;124.050,61.500;124.504,61.996;125.000,62.511;125.210,62.790;125.358,63.000;125.920,63.580;126.500,64.272;126.619,64.500;127.116,65.384;127.457,66.000;128.000,66.840;128.394,67.500;128.807,68.193;129.439,69.000;129.500,69.082;130.716,70.500;131.000,70.819;131.584,71.084;132.500,71.517;132.906,71.594;134.000,71.661;135.331,71.831;135.500,71.855;135.681,72.000;136.090,72.910;135.856,73.500;135.749,73.749;135.500,74.170;135.048,75.000;134.794,75.706;134.662,76.500;135.408,77.908;135.451,78.000;135.469,78.031;135.500,78.062;136.786,79.500;136.870,79.630;137.000,79.727;137.704,80.204;138.500,80.774;138.679,80.821;138.944,81.000;140.000,81.678;141.051,82.500;141.297,82.703;141.500,82.830;142.980,84.000;142.988,84.012;143.000,84.026;143.989,85.556;144.058,85.920;144.078,87.000;144.037,87.463;143.829,88.500;143.591,89.409;143.533,89.937;143.760,90.760;143.930,91.500;144.129,91.871;144.500,92.414;144.957,93.000;146.000,94.046;147.008,94.500;147.354,94.646;147.500,94.710;147.821,94.821;149.000,94.981;149.901,95.401;150.500,95.595;150.781,95.719;151.446,96.000;152.000,96.159;153.066,96.381;154.554,96.446;155.000,96.462;155.973,96.527;156.500,96.545;157.364,96.636;158.000,96.666;158.743,96.743;159.674,96.907;160.772,97.166;161.000,97.248;161.068,97.297;161.384,97.464;161.595,97.526;162.024,97.525;162.015,97.742
M -1.070 87.870,38.049;87.904,38.596;87.881,39.000;87.505,40.495;87.504,40.500;87.500,40.512;87.000,42.000;86.729,42.729;86.448,43.500;86.000,44.674;85.873,45.000;85.484,45.984;85.276,46.500;84.667,47.833;84.588,48.000;84.559,48.059;84.500,48.167;83.707,49.500;83.386,49.886;83.000,50.486;82.784,50.784;82.612,51.000;81.500,52.292;81.406,52.406;81.346,52.500;81.100,52.900;80.402,54.000;80.000,54.771;79.612,55.500;79.252,56.252;79.058,57.000;78.767,58.233;78.711,58.500;78.500,59.372;78.377,59.877;78.321,60.000;78.142,60.358;77.583,61.500;77.475,61.975;77.021,63.000;77.018,64.482;77.022,64.500;77.024,64.524;77.000,64.783;76.905,66.000;76.998,67.498;76.998,67.500;76.998,67.502;77.000,67.509;78.366,69.000;78.445,69.055;78.500,69.046;78.616,69.000;79.518,68.518;80.169,68.546;80.957,68.133;81.500,67.902;82.049,67.500;82.603,67.103;83.000,66.770;83.665,66.000;84.135,65.635;84.500,65.353;84.961,64.961;85.314,64.500;86.000,63.933;86.977,63.000;87.218,62.718;87.500,62.409;88.728,61.500;89.000,61.330;89.817,60.817;90.500,60.489;90.820,60.320;91.475,60.000;91.811,59.811;92.000,59.716;92.792,59.292;93.500,58.905;94.239,58.500;94.674,58.174;95.000,57.944;95.569,57.569;96.464,57.000;96.500,56.982;96.524,56.976;98.000,56.512;98.836,56.336;99.500,56.200;100.492,56.008;101.000,55.925;102.307,55.693;102.500,55.679;102.689,55.689;103.633,55.500;104.000,55.413;104.132,55.368;105.905,55.065;106.261,54.979;107.000,54.847;107.746,54.746;108.500,54.709;109.263,54.737;110.000,54.732;110.869,54.869;111.580,55.025;111.875,55.125;113.000,55.316;113.129,55.371;113.639,55.500;114.283,55.717;114.500,55.769;114.901,55.901;116.000,56.326;116.440,56.560;117.272,57.000;117.409,57.091;117.500,57.147;118.269,57.731;118.954,58.500;119.000,58.552;120.245,60.000;120.500,60.366;121.077,60.923;121.609,61.718;122.185,62.507;122.730,63.000;123.500,63.531;124.754,64.500;125.000,64.672;125.650,65.350;126.200,66.000;126.339,66.161;126.500,66.345;127.216,67.500;128.000,68.629;128.138,68.862;128.247,69.000;128.929,69.929;129.319,70.500;129.500,70.721;130.622,72.000;130.788,72.212;131.000,72.428;131.715,72.785;132.500,73.180;133.815,73.315;134.000,73.330;134.248,73.500;134.752,74.248;134.342,75.000;134.000,75.951;133.647,76.147;133.747,76.500;133.778,76.722;134.000,77.137;134.398,78.000;134.798,78.702;135.500,79.377;135.610,79.500;136.157,80.343;137.000,80.974;137.038,81.000;137.178,81.109;137.937,81.721;138.152,81.853;138.500,82.087;139.140,82.500;139.620,82.880;140.000,83.094;140.496,83.504;141.290,84.000;141.500,84.232;142.030,84.970;142.459,85.500;142.559,85.941;142.804,87.000;142.656,88.156;142.661,88.500;142.634,88.866;142.307,90.000;142.494,90.994;142.489,91.500;143.000,92.439;143.196,92.804;143.330,93.000;144.500,94.458;144.541,94.500;146.000,95.756;146.172,95.828;146.563,96.000;147.254,96.341;147.500,96.430;148.242,96.742;149.000,97.033;149.336,97.164;150.184,97.500;150.500,97.597;151.641,97.859;152.000,97.948;152.525,98.025;153.500,98.149;154.326,98.174;155.000,98.212;155.708,98.208;156.500,98.230;157.246,98.246;158.000,98.276;158.835,98.335;159.500,98.393;160.002,98.498;161.000,98.646;161.078,98.687;161.347,98.766;161.893,98.765;161.886,98.939
m -0.570 86.476,38.725;86.493,38.997;86.212,40.288;86.155,40.500;86.000,41.026;85.706,42.000;85.364,42.864;85.137,43.500;84.641,44.859;84.586,45.000;84.562,45.062;84.500,45.216;84.110,46.110;83.960,46.500;83.650,47.150;83.236,48.000;83.000,48.385;82.536,49.130;82.277,49.500;81.950,49.950;81.500,50.515;81.132,51.000;80.622,51.622;80.054,52.500;80.000,52.588;79.425,53.425;79.102,54.000;78.500,55.204;78.405,55.405;78.387,55.500;78.342,55.658;77.996,57.000;77.799,57.701;77.603,58.500;77.484,58.984;77.025,60.000;77.000,60.050;76.486,60.986;76.235,61.500;75.714,62.786;75.629,63.000;75.629,63.129;75.500,63.539;75.282,64.282;75.205,64.500;75.179,64.663;75.045,65.685;74.983,66.000;74.927,66.927;74.810,67.500;74.831,68.331;74.712,69.000;74.657,69.843;74.771,70.500;75.215,71.715;75.258,72.000;75.500,72.273;76.503,72.497;77.000,72.329;77.177,72.177;77.499,72.000;78.031,71.531;78.500,71.465;79.000,71.000;79.811,70.500;80.000,70.387;80.236,70.264;81.500,69.509;81.836,69.336;82.461,69.000;83.000,68.626;83.563,68.063;83.981,67.500;84.500,66.890;84.882,66.382;85.122,66.000;85.596,65.596;86.000,65.070;86.278,64.778;86.467,64.500;87.500,63.523;87.699,63.324;88.070,63.000;89.000,62.280;89.482,61.982;90.206,61.500;90.386,61.386;90.500,61.332;91.371,60.871;92.000,60.564;93.171,60.000;93.386,59.886;93.500,59.823;93.892,59.608;95.000,59.035;96.007,58.500;96.304,58.304;96.500,58.180;97.058,57.942;98.000,57.494;99.362,57.138;99.500,57.100;99.591,57.091;100.021,57.000;101.000,56.840;101.195,56.805;102.500,56.709;103.776,56.776;104.000,56.731;105.491,56.991;105.503,56.989;105.770,57.000;107.000,57.065;107.561,57.000;108.500,56.899;109.989,56.989;110.000,56.989;110.557,57.000;111.500,57.018;112.878,57.122;113.000,57.122;113.148,57.148;114.500,57.532;115.341,57.841;116.000,58.091;116.245,58.255;116.646,58.500;117.065,58.826;117.500,59.176;118.233,60.000;118.549,60.451;119.000,61.064;119.297,61.500;119.696,62.304;120.069,63.000;120.206,63.294;120.500,63.609;120.923,64.077;121.602,64.500;121.853,64.647;122.000,64.714;122.491,64.991;123.500,65.565;124.123,66.000;125.000,66.636;125.401,67.099;125.752,67.500;126.029,67.808;126.500,68.399;126.895,69.000;127.291,69.709;127.883,70.500;127.925,70.575;128.000,70.670;129.033,72.000;129.233,72.267;129.500,72.513;129.933,73.067;130.358,73.500;131.000,74.246;131.480,74.520;132.210,75.000;132.375,75.125;132.500,75.295;132.840,76.500;132.982,77.518;133.241,78.000;134.000,79.147;134.128,79.372;134.261,79.500;135.067,80.567;135.374,81.000;135.423,81.077;135.500,81.156;136.109,81.891;136.892,82.500;137.000,82.601;137.311,82.811;138.500,83.667;138.686,83.814;139.015,84.000;140.000,84.905;140.538,85.500;140.747,86.247;140.962,87.000;140.976,87.524;140.999,88.500;140.902,89.402;140.898,90.000;140.935,90.606;140.926,91.388;140.944,92.056;141.308,93.000;141.500,93.596;141.847,94.500;142.310,95.190;143.000,95.977;143.010,95.990;143.022,96.000;144.500,96.858;144.905,97.095;145.796,97.500;146.000,97.581;146.130,97.630;147.500,98.146;148.116,98.384;149.000,98.593;150.299,99.000;150.454,99.046;150.500,99.055;150.570,99.070;152.000,99.377;152.998,99.502;153.500,99.568;154.102,99.602;155.000,99.644;155.860,99.640;156.500,99.665;157.319,99.681;158.000,99.690;158.762,99.738;159.500,99.779;160.392,99.892;161.000,99.977;161.099,100.006;161.763,100.005;161.757,100.135
M -0.070 84.947,38.498;84.897,38.999;84.797,40.185;84.728,40.500;84.500,41.341;84.336,41.836;84.305,42.000;84.196,42.304;83.723,43.500;83.317,44.683;83.196,45.000;83.137,45.137;83.000,45.491;82.674,46.174;82.542,46.500;82.037,47.463;81.744,48.000;81.641,48.178;81.500,48.388;80.716,49.500;80.000,50.504;79.647,51.000;79.120,51.620;78.614,52.500;78.567,52.567;78.500,52.688;77.809,54.000;77.550,54.550;77.364,55.500;77.000,56.779;76.945,56.945;76.924,57.000;76.576,58.076;76.386,58.500;76.103,59.103;75.605,60.000;75.568,60.068;75.500,60.207;74.992,60.992;74.690,61.500;74.454,61.954;74.000,62.904;73.951,62.951;73.906,63.000;73.335,63.835;73.129,64.500;73.042,64.696;73.071,65.717;73.018,66.000;72.933,66.433;72.757,67.500;72.726,67.726;72.500,68.735;72.438,69.000;72.419,69.081;72.162,70.500;72.075,71.575;71.937,72.000;71.830,72.830;71.232,73.500;71.817,74.183;72.500,74.976;72.527,75.000;73.598,75.402;74.000,75.549;74.752,75.752;75.500,75.935;76.520,76.020;77.000,75.794;77.544,75.000;77.926,74.426;78.500,73.762;78.663,73.500;79.333,72.833;80.000,72.221;80.217,72.000;80.904,71.404;81.500,71.020;82.437,70.500;82.809,70.309;83.000,70.206;83.774,69.774;84.500,69.054;84.530,69.030;84.548,69.000;84.623,68.877;85.525,67.500;85.729,67.229;86.000,66.799;86.343,66.343;86.507,66.000;86.991,65.491;87.500,64.742;87.714,64.500;88.142,64.022;89.000,63.344;89.378,63.000;90.071,62.571;90.500,62.286;91.774,61.500;91.922,61.422;92.000,61.383;92.225,61.275;93.500,60.730;94.097,60.597;95.000,60.021;95.020,60.020;95.042,60.000;96.500,59.333;97.170,59.170;98.000,58.627;98.121,58.575;98.329,58.500;99.500,58.177;100.566,58.066;101.000,57.974;101.575,57.925;102.500,58.023;102.945,58.055;104.000,58.389;104.295,58.500;105.055,58.945;105.500,59.184;106.124,59.376;107.320,59.769;107.443,59.772;108.500,59.869;109.799,59.799;110.000,59.796;110.225,59.775;111.500,59.646;112.609,59.609;113.000,59.610;113.321,59.679;114.500,59.838;114.751,59.940;115.986,60.531;116.498,61.002;116.982,61.500;117.500,62.173;117.799,62.701;117.955,63.000;118.367,63.867;118.660,64.500;119.000,64.961;120.497,66.000;120.499,66.001;120.500,66.001;120.502,66.002;122.000,66.649;122.554,66.946;123.500,67.484;123.522,67.500;124.269,68.231;125.000,68.888;125.039,68.925;125.091,69.000;125.671,69.829;126.253,70.500;126.352,70.648;126.500,70.827;126.914,71.586;127.244,72.000;128.000,72.986;128.220,73.280;128.459,73.500;129.500,74.620;129.820,75.000;131.000,76.483;131.010,76.490;131.017,76.500;131.656,77.438;131.754,77.800;132.026,78.474;132.500,79.080;132.738,79.500;133.163,80.337;133.703,81.000;134.000,81.404;134.427,82.073;134.848,82.500;135.500,83.307;136.257,84.000;137.000,84.721;137.410,85.090;137.937,85.500;138.500,86.749;138.593,87.000;138.672,88.328;138.678,88.500;138.823,89.677;138.820,90.000;138.869,91.131;138.881,91.452;138.916,91.916;138.874,93.000;139.004,93.996;139.112,94.500;139.897,95.897;139.955,96.000;140.000,96.039;140.818,96.682;141.500,97.169;142.015,97.500;143.000,97.991;143.694,98.306;144.500,98.627;145.461,99.000;146.000,99.199;146.357,99.357;147.500,99.809;148.041,99.959;149.000,99.985;149.398,100.102;150.500,100.319;151.312,100.500;152.000,100.639;152.156,100.656;153.500,100.814;154.631,100.869;155.000,100.885;155.404,100.904;156.500,100.941;156.973,100.973;158.000,100.984;158.521,101.021;159.500,101.071;160.331,101.169;161.000,101.250;161.083,101.245;161.633,101.244;161.629,101.332
m 0.430 83.328,37.668;83.314,37.814;83.000,38.625;82.811,39.000;82.850,39.150;83.000,40.291;83.021,40.479;83.019,40.500;83.014,40.514;83.000,40.591;82.671,41.671;82.673,42.000;82.502,42.498;82.101,43.500;81.607,44.893;81.565,45.000;81.544,45.044;81.500,45.153;80.998,45.998;80.760,46.500;80.444,46.944;80.000,47.729;79.800,48.000;79.198,48.698;78.767,49.500;78.500,49.917;77.840,51.000;77.465,51.465;77.009,52.500;77.000,52.522;76.553,54.000;76.449,54.551;76.233,55.500;76.051,56.051;75.696,57.000;75.648,57.148;75.500,57.480;74.863,58.500;74.000,59.737;73.849,59.849;73.641,60.000;72.500,60.921;72.110,61.110;71.328,61.500;71.000,61.751;70.342,62.352;69.850,63.000;69.801,63.301;69.647,64.500;69.699,64.699;69.998,66.000;70.216,66.784;70.263,67.500;70.194,68.306;70.001,69.000;69.885,69.385;69.500,70.492;69.497,70.498;69.496,70.500;68.000,71.997;67.998,72.000;67.996,72.004;67.244,73.590;67.418,74.238;67.631,75.000;68.000,75.433;68.623,75.877;69.500,76.337;69.909,76.500;71.000,76.785;71.873,77.127;72.500,77.258;73.534,77.534;74.000,77.671;74.271,77.729;75.500,77.955;75.543,77.957;76.332,78.000;77.000,78.033;77.259,78.000;78.348,77.848;78.500,77.811;79.410,77.410;80.000,76.758;80.141,76.500;80.135,76.365;80.000,75.585;79.883,75.000;80.000,74.817;80.468,73.968;80.763,73.500;81.500,72.748;81.877,72.377;82.391,72.000;83.000,71.631;83.774,71.274;84.500,70.866;85.051,70.500;85.566,70.066;86.000,69.364;86.295,69.000;86.552,68.448;87.120,67.500;87.283,67.283;87.500,66.830;88.153,66.000;89.000,64.981;89.337,64.837;89.507,64.500;90.500,63.664;91.002,63.502;91.217,63.000;92.000,62.614;92.958,62.458;93.500,61.852;93.894,61.894;94.107,61.500;94.838,61.338;95.000,61.234;96.212,61.212;96.500,60.946;97.587,60.413;98.000,60.269;98.636,60.000;99.387,59.771;99.500,59.773;99.776,59.724;101.000,59.727;101.234,59.766;101.912,60.000;102.500,60.577;102.873,61.127;103.133,61.500;104.000,62.320;104.437,62.563;105.500,62.563;106.674,62.674;107.000,62.709;107.251,62.749;108.500,62.916;108.987,63.000;109.849,63.151;110.000,63.180;110.222,63.222;111.500,63.240;112.913,63.087;113.000,63.091;114.317,63.183;114.500,63.192;115.319,63.681;116.000,64.098;116.161,64.339;116.252,64.500;116.704,65.296;117.096,66.000;117.500,66.490;117.990,67.010;119.000,67.390;119.073,67.427;119.294,67.500;120.500,68.018;121.134,68.366;122.000,68.861;122.184,69.000;122.645,69.855;123.263,70.500;123.500,70.741;124.338,71.338;125.000,71.856;125.058,71.942;125.105,72.000;125.400,72.400;126.175,73.500;126.500,73.925;126.926,74.574;127.384,75.000;128.000,75.680;128.358,76.142;128.707,76.500;129.500,77.518;129.684,77.816;129.777,77.958;130.222,78.722;130.585,79.500;131.000,80.138;131.540,81.000;132.500,82.303;132.631,82.500;133.113,83.387;133.688,84.000;134.000,84.448;134.380,85.120;134.743,85.500;135.023,85.970;135.500,86.850;135.557,86.943;135.586,87.000;135.918,88.082;136.011,88.500;136.088,89.088;136.177,90.000;136.222,90.778;136.245,91.500;136.218,92.282;136.164,93.000;136.291,93.791;136.497,94.500;137.000,95.365;137.252,95.748;137.381,96.000;137.614,96.272;137.956,96.606;138.257,96.899;138.500,97.088;138.980,97.500;140.000,98.189;140.505,98.495;141.475,99.000;141.500,99.012;142.529,99.471;143.000,99.654;143.612,99.888;144.500,100.199;145.300,100.500;146.000,100.762;146.862,101.138;147.500,101.570;148.508,101.508;149.000,101.524;149.379,101.621;150.500,101.523;151.735,101.735;152.000,101.789;153.449,101.949;153.500,101.955;153.543,101.957;154.547,102.000;155.000,102.018;156.422,102.078;156.500,102.081;157.837,102.163;158.000,102.177;158.203,102.203;159.500,102.286;160.593,102.407;161.101,102.491;161.222,102.484;161.502,102.484;161.500,102.529
M 0.930 81.223,36.612;81.260,37.260;81.152,37.500;80.593,38.093;80.000,38.581;79.742,38.742;79.285,39.000;79.893,40.393;79.932,40.500;80.000,40.594;80.473,42.115;80.000,43.145;79.863,43.363;79.795,43.500;79.271,44.271;78.902,45.000;78.500,45.643;77.808,46.500;77.399,46.899;77.000,47.651;76.773,48.000;76.246,48.746;76.036,49.500;75.840,49.840;75.660,50.669;75.527,51.189;75.356,52.356;75.322,52.500;75.117,53.617;75.164,54.000;74.885,54.885;74.813,55.500;74.527,56.027;74.061,56.796;73.709,57.358;73.198,57.698;72.500,58.192;72.286,58.286;71.722,58.500;71.211,58.711;71.000,58.805;70.429,59.026;69.801,59.364;69.500,59.546;68.996,60.000;68.000,61.000;67.785,61.285;67.588,61.500;66.500,62.555;66.047,63.000;65.656,63.656;65.000,64.175;64.860,64.360;64.712,64.500;64.028,65.472;63.742,66.000;63.500,66.893;63.363,67.440;63.350,67.650;63.434,69.000;63.500,69.133;64.207,69.793;64.701,70.500;64.531,71.531;64.747,72.000;64.431,72.931;64.409,73.500;64.562,73.938;64.825,75.000;64.884,75.116;65.000,75.372;65.396,76.104;65.609,76.500;66.500,77.496;66.792,77.708;67.393,78.000;68.000,78.226;69.025,78.475;69.500,78.581;70.268,78.732;71.000,78.896;71.504,78.996;72.778,79.276;73.999,79.501;74.000,79.501;75.320,79.680;75.500,79.666;76.799,79.701;77.000,79.694;77.170,79.670;78.500,79.536;78.630,79.500;80.000,78.996;80.600,78.600;81.321,78.072;81.650,77.160;81.713,76.500;81.729,76.275;81.678,75.110;81.724,75.000;82.198,74.302;82.722,73.500;82.862,73.362;83.000,73.261;83.544,72.956;84.500,72.454;84.842,72.342;86.268,71.599;87.500,70.827;88.268,70.500;89.000,70.002;89.670,69.830;90.500,69.468;90.854,69.354;92.000,69.100;92.574,69.000;93.436,68.768;93.828,68.672;95.000,68.292;95.553,68.053;96.500,67.805;97.494,67.500;97.782,67.282;98.000,67.192;98.994,66.878;99.147,66.844;99.500,66.638;100.551,66.449;101.000,66.278;102.175,66.000;102.500,65.927;103.667,65.667;104.000,65.637;104.391,65.609;105.500,65.560;106.689,65.689;107.000,65.724;108.400,65.900;108.500,65.913;108.573,65.927;108.963,66.000;110.000,66.206;110.273,66.273;111.500,66.578;112.236,66.764;113.000,67.021;113.422,67.078;114.284,67.500;114.440,67.560;114.500,67.590;114.566,67.630;115.682,68.318;116.000,68.524;116.231,68.769;116.822,69.000;117.500,69.567;118.007,69.993;118.384,70.500;119.000,71.159;119.417,71.583;119.756,72.000;120.500,72.781;120.938,73.209;121.311,73.500;122.000,74.021;122.576,74.424;123.444,75.000;123.478,75.022;123.500,75.038;124.410,75.590;125.000,76.058;125.171,76.329;125.351,76.500;125.785,77.097;126.500,77.798;126.586,77.914;126.672,78.000;127.071,78.929;127.383,79.500;127.523,79.977;128.000,80.943;128.014,80.986;128.024,81.000;128.072,81.072;128.947,82.500;129.500,83.247;129.793,83.707;130.024,84.000;131.000,85.305;131.077,85.423;131.132,85.500;131.661,86.339;132.081,87.000;132.222,87.278;132.500,87.972;132.648,88.352;132.695,88.500;132.733,88.733;133.043,90.000;133.179,90.611;133.238,91.153;133.322,91.500;133.503,92.503;133.658,93.000;133.766,93.234;134.000,93.877;134.184,94.316;134.233,94.500;134.583,95.083;135.147,96.000;135.330,96.170;135.500,96.338;136.110,96.890;136.721,97.500;137.000,97.698;137.769,98.231;138.500,98.858;138.698,99.000;139.527,99.473;140.000,99.898;141.188,100.500;141.414,100.586;141.500,100.658;141.750,100.750;143.000,101.223;144.083,101.583;144.500,101.726;145.216,102.000;145.784,102.216;146.000,102.311;147.476,103.500;147.500,103.526;148.863,103.637;149.000,103.681;149.161,103.500;149.835,102.835;150.500,102.773;151.263,102.763;152.000,102.877;152.956,102.956;153.500,103.011;154.534,103.034;155.000,103.052;155.430,103.070;156.500,103.112;156.866,103.134;158.000,103.235;159.414,103.414;159.500,103.419;159.573,103.427;161.356,103.724;161.361,103.724;161.372,103.724;161.372,103.725
m 1.430 78.562,35.281;78.761,36.000;78.500,36.320;77.960,36.540;77.000,37.036;76.605,37.105;75.500,37.280;74.178,37.322;74.000,37.316;73.776,37.276;72.500,37.198;72.108,37.108;71.000,37.044;70.520,37.020;69.500,37.438;69.392,37.500;69.447,37.553;69.099,39.000;69.500,39.907;69.817,40.390;69.826,40.500;69.925,40.925;69.768,42.000;69.929,42.429;70.309,43.500;70.475,44.025;70.487,45.000;70.809,46.309;70.904,46.500;70.950,46.550;71.000,46.636;71.877,48.000;72.500,49.119;72.682,49.500;72.749,50.751;72.764,51.000;72.711,51.211;72.500,52.370;72.475,52.500;72.234,53.734;72.066,54.000;71.926,54.574;71.846,55.500;71.000,56.078;70.457,56.457;69.500,56.868;69.344,57.000;68.582,57.582;68.000,58.096;67.646,58.500;66.500,59.889;66.454,59.954;66.423,60.000;66.089,60.411;65.222,61.500;65.000,61.719;64.379,62.379;63.752,63.000;63.643,63.143;63.500,63.279;62.380,64.500;62.000,64.997;61.214,66.000;61.078,66.315;60.861,67.391;60.823,67.823;60.867,69.000;60.967,69.467;61.176,70.500;61.538,71.538;61.675,72.000;61.774,72.369;62.000,73.087;62.135,73.500;62.513,74.487;62.667,75.000;63.253,76.253;63.363,76.500;63.412,76.588;63.500,76.722;64.328,78.000;64.620,78.380;65.000,78.742;66.119,79.500;66.500,79.678;67.560,79.940;68.000,80.045;68.791,80.209;69.500,80.404;70.846,80.846;71.000,80.883;71.353,81.000;72.500,81.445;73.649,81.351;74.000,81.338;74.207,81.207;75.500,81.093;76.977,81.023;77.000,81.017;77.125,81.000;78.334,80.834;78.500,80.817;78.753,80.747;80.000,80.400;80.526,80.026;81.500,79.632;81.579,79.579;81.727,79.500;82.454,78.828;82.899,78.009;82.976,76.534;82.979,76.500;82.982,76.470;83.000,76.424;83.936,75.000;84.500,74.553;85.286,74.214;86.000,73.857;86.235,73.735;86.665,73.500;87.500,73.045;88.211,72.711;89.000,72.324;89.833,72.000;90.320,71.820;90.500,71.762;90.812,71.688;92.000,71.377;92.755,71.245;93.500,71.109;94.607,70.893;95.000,70.832;96.244,70.500;96.439,70.439;96.500,70.422;96.602,70.398;98.000,70.184;98.375,70.125;99.500,69.966;100.313,69.813;101.000,69.570;102.464,69.036;102.500,69.024;102.520,69.020;102.597,69.000;104.000,68.658;104.339,68.661;105.500,68.724;106.880,68.880;107.000,68.893;107.093,68.907;107.580,69.000;108.500,69.190;109.535,69.465;110.000,69.617;110.680,69.820;111.500,70.102;111.787,70.213;112.476,70.500;113.000,70.765;113.735,71.265;114.500,71.886;114.620,72.000;115.905,73.405;115.992,73.500;116.000,73.511;116.629,74.371;117.119,75.000;117.500,75.407;118.872,76.500;118.950,76.550;119.000,76.579;119.204,76.704;120.500,77.505;120.801,77.699;121.245,78.000;122.000,78.724;122.376,79.124;122.600,79.500;122.816,80.316;122.991,81.000;123.101,81.399;123.500,82.472;123.511,82.500;124.154,83.310;124.717,83.884;124.853,84.000;125.000,84.119;126.423,85.500;126.469,85.531;126.500,85.569;127.841,87.000;128.000,87.168;129.066,88.500;129.274,88.726;129.500,89.092;130.076,90.000;130.361,90.639;130.656,91.500;131.000,92.360;131.190,92.810;131.256,93.000;131.522,93.522;132.076,94.500;132.253,94.747;132.500,95.126;133.052,96.000;134.000,96.886;134.318,97.182;134.641,97.500;135.500,98.100;136.743,99.000;137.000,99.166;137.803,99.697;138.500,100.195;138.694,100.306;138.911,100.500;139.572,100.928;140.000,101.237;140.552,101.448;141.220,102.000;141.500,102.179;141.850,102.350;143.000,102.760;144.118,103.118;144.500,103.242;144.687,103.313;145.110,103.500;145.734,103.766;146.000,103.921;146.994,105.000;147.250,105.250;147.500,105.299;147.801,105.301;149.000,105.421;149.989,105.000;150.500,104.438;151.074,104.426;152.000,103.945;152.975,104.025;153.500,104.037;154.444,104.056;155.000,104.054;155.583,104.083;156.500,104.117;157.197,104.197;158.000,104.266;158.654,104.346;159.440,104.475;159.486,104.560
M 1.930 74.604,33.302;74.855,33.855;74.408,34.500;74.097,34.597;74.000,34.594;73.228,34.500;72.500,34.388;71.492,34.008;71.000,34.006;70.286,33.786;69.500,33.607;68.874,33.626;68.000,33.382;67.069,33.569;66.500,33.792;65.445,34.500;65.202,34.702;65.000,35.740;64.970,36.000;64.975,36.029;65.000,36.104;65.449,37.500;65.840,38.160;66.261,39.000;66.337,39.163;66.500,39.509;67.028,40.500;66.851,41.649;66.792,42.000;66.591,43.409;66.588,43.500;66.597,43.686;66.728,44.751;66.823,45.000;67.218,45.782;67.595,46.500;68.000,47.129;68.641,48.000;68.890,48.610;69.332,49.500;69.500,50.871;69.516,51.000;69.514,51.014;69.500,51.126;69.331,52.500;69.201,52.799;68.671,54.000;68.040,54.870;67.837,55.177;67.698,55.405;67.091,56.091;66.500,56.945;66.466,57.000;66.391,57.109;65.400,58.500;65.235,58.735;65.000,59.078;64.406,60.000;63.500,61.092;63.314,61.314;63.149,61.500;62.000,62.689;61.670,63.000;60.500,64.140;60.176,64.500;59.708,65.208;59.391,66.000;59.308,67.192;59.262,67.500;59.353,68.647;59.363,69.000;59.429,69.429;59.490,70.500;59.639,71.139;59.705,72.000;59.846,72.654;60.064,73.500;60.180,73.820;60.500,74.734;60.552,74.873;60.598,75.000;61.020,75.980;61.245,76.500;61.500,77.000;62.000,77.935;62.023,77.977;62.038,78.000;62.179,78.179;63.193,79.500;63.337,79.663;63.500,79.802;64.632,80.632;65.000,80.920;65.219,81.000;66.500,81.398;67.387,81.613;68.000,81.839;69.374,82.374;69.500,82.415;69.561,82.439;69.693,82.500;70.692,82.808;71.000,82.946;72.224,83.487;72.515,83.692;73.570,83.812;74.000,83.834;74.454,83.546;75.500,82.892;75.701,82.701;76.377,82.500;77.000,82.355;77.168,82.332;78.500,82.072;79.312,81.812;80.000,81.634;80.319,81.319;80.952,81.000;81.272,80.772;81.500,80.680;82.207,80.207;83.000,79.785;83.218,79.718;83.393,79.500;83.788,78.788;84.091,78.000;84.500,77.118;84.802,76.802;85.255,76.500;86.000,75.990;87.052,75.448;87.500,75.217;87.992,75.000;89.000,74.535;89.750,74.250;90.500,73.953;91.929,73.500;91.983,73.483;92.000,73.478;92.027,73.473;93.500,73.134;94.464,72.964;95.000,72.879;95.495,72.796;96.042,72.694;96.500,72.644;97.109,72.609;98.000,72.500;99.111,72.389;99.500,72.383;100.709,72.291;101.000,72.297;101.309,72.309;102.500,72.164;102.624,72.156;103.975,72.034;104.000,72.037;105.319,72.181;105.500,72.217;106.518,72.482;107.000,72.656;108.215,73.215;108.500,73.335;108.610,73.390;108.796,73.500;110.000,74.654;110.491,75.000;111.500,75.604;111.945,76.055;112.356,76.500;113.000,77.132;113.416,77.584;113.845,78.000;114.500,78.483;115.111,78.889;116.000,79.348;116.278,79.500;117.023,79.977;117.500,80.565;117.722,80.778;117.827,81.000;118.254,81.746;118.518,82.500;119.000,82.859;119.663,83.337;120.287,84.000;120.421,84.079;120.500,84.136;120.951,84.451;122.000,85.146;122.222,85.278;122.470,85.500;123.500,86.258;124.402,87.000;124.735,87.265;125.000,87.503;126.076,88.500;126.500,88.948;127.008,89.492;127.406,90.000;127.615,90.385;128.000,91.194;128.142,91.500;128.528,92.472;128.718,93.000;129.500,94.260;129.596,94.404;129.658,94.500;130.404,95.404;130.906,96.000;131.000,96.077;131.679,96.679;132.500,97.407;132.599,97.500;133.422,98.078;134.000,98.462;134.766,99.000;135.500,99.460;136.813,100.313;137.000,100.434;137.040,100.460;137.096,100.500;138.500,101.375;138.879,101.621;139.407,102.000;140.000,102.376;141.201,103.201;141.500,103.392;141.721,103.500;143.000,104.204;144.160,104.660;144.500,104.769;144.662,104.838;144.940,105.000;146.000,105.552;146.480,106.020;147.500,106.220;148.731,106.231;149.000,106.258;149.422,106.078;150.500,105.852;151.102,105.602;152.000,105.005;152.004,105.004;153.500,105.038;154.970,105.030;156.299,105.101;156.349,105.102;157.457,105.249;157.528,105.380
m 2.430 67.319,29.660;66.721,30.000;66.557,30.057;66.500,30.047;65.041,30.041;65.000,30.062;64.757,30.243;63.500,31.169;63.307,31.500;63.258,31.742;62.776,33.000;62.679,33.679;62.733,34.500;62.902,35.402;63.077,36.000;63.201,36.299;63.500,37.144;63.598,37.410;63.634,37.500;64.033,38.467;64.294,39.000;64.468,39.532;64.897,40.500;64.771,41.771;64.759,42.000;64.576,43.076;64.465,43.500;64.381,44.119;64.378,45.000;64.528,45.472;64.984,46.500;64.986,46.514;65.000,46.543;65.654,48.040;65.804,48.423;66.186,49.500;66.231,49.769;66.378,51.000;66.245,52.245;66.224,52.500;65.919,53.419;65.746,54.000;65.485,54.485;65.009,55.500;65.000,55.516;64.497,56.497;64.273,57.000;63.963,57.463;63.500,58.319;63.402,58.500;63.233,58.767;62.451,60.000;62.245,60.245;62.000,60.522;61.531,61.031;61.083,61.500;60.500,62.050;60.021,62.521;59.569,63.000;59.000,63.635;58.347,64.500;58.101,65.101;57.902,66.000;57.878,67.122;57.856,67.500;57.884,67.884;57.764,69.000;57.781,69.281;57.722,70.500;57.816,71.684;57.839,72.000;57.928,72.428;58.117,73.500;58.453,74.453;58.628,75.000;58.742,75.258;59.000,75.868;59.186,76.314;59.261,76.500;59.497,76.997;59.922,78.000;60.111,78.389;60.500,78.996;60.808,79.500;61.901,80.901;61.976,81.000;61.987,81.013;62.000,81.024;62.074,81.074;63.500,82.106;63.744,82.256;64.626,82.579;65.053,82.708;66.031,82.969;66.500,83.010;67.203,83.203;68.000,83.418;68.453,83.547;69.500,83.930;69.553,83.947;69.673,84.000;70.620,84.380;71.000,84.887;71.692,85.500;71.900,86.100;72.500,86.628;73.415,87.000;73.773,87.227;74.000,87.356;74.250,87.250;74.821,87.000;75.500,86.656;75.811,85.811;75.883,85.500;77.000,84.042;77.018,84.018;77.051,84.000;78.500,83.428;79.047,83.047;80.000,82.790;80.332,82.500;80.921,81.921;81.500,81.629;81.910,81.410;82.588,81.000;82.835,80.835;83.000,80.747;83.952,80.452;84.500,79.771;84.643,79.643;84.775,79.500;86.000,78.062;86.127,78.000;87.030,77.530;87.500,77.300;88.674,76.826;89.000,76.696;89.145,76.645;89.579,76.500;90.257,76.257;90.500,76.167;91.381,75.881;92.000,75.698;93.069,75.431;93.500,75.319;94.941,75.059;95.000,75.054;96.164,75.000;96.486,74.986;96.500,74.984;96.517,74.983;98.000,74.988;98.099,75.000;99.334,75.166;99.500,75.226;99.923,75.423;101.000,75.716;101.560,75.940;102.100,76.500;102.500,76.958;103.023,77.477;103.359,78.000;104.000,78.640;104.475,79.025;105.303,79.500;105.443,79.557;105.500,79.584;106.603,79.897;107.000,80.038;107.748,80.248;108.500,80.427;108.963,80.537;110.000,80.868;110.093,80.907;111.021,81.250;111.756,81.500;111.933,81.574;113.000,81.998;113.343,82.157;113.755,82.500;114.500,82.866;115.213,83.287;116.000,83.648;116.521,84.000;117.091,84.409;117.500,84.581;118.990,85.500;118.996,85.504;119.000,85.506;119.019,85.519;120.500,86.528;120.784,86.716;121.161,87.000;122.000,87.654;123.053,88.500;123.500,88.913;124.057,89.443;124.628,90.000;125.000,90.571;125.541,91.500;125.852,92.148;126.238,93.000;126.500,93.444;126.876,94.124;127.108,94.500;127.480,95.020;128.461,95.971;128.599,96.122;128.666,96.196;129.500,96.823;130.350,97.500;131.000,97.909;131.621,98.379;132.500,98.867;132.578,98.922;132.696,99.000;134.000,99.789;135.149,100.500;135.366,100.634;135.500,100.701;136.306,101.194;137.000,101.594;137.657,102.000;138.186,102.314;138.500,102.483;139.792,103.292;140.000,103.424;140.111,103.500;140.876,104.124;141.500,104.508;142.274,105.000;143.000,105.617;143.619,105.881;144.809,106.442;145.299,106.699;145.516,106.740;145.861,106.741;150.698,106.740;151.307,106.673;151.713,106.500;151.916,106.416;152.000,106.360;153.005,106.005;153.500,106.016;153.986,106.014;154.426,106.037;154.947,106.053;155.532,106.131;155.569,106.200
m 2.430 57.500,16.303;57.441,16.500;57.448,16.552;57.353,18.000;57.383,18.187;57.500,18.589;57.683,18.000;57.747,17.753;57.593,16.500;57.500,16.303
M 2.930 41.778,6.898;42.131,7.037;42.335,7.028;42.500,6.952;43.520,6.480;44.000,6.455;44.440,6.440;44.631,6.000;44.458,5.542;44.356,5.072;44.478,4.854;44.485,4.802
M 2.930 52.082,4.373;52.184,4.462;52.441,4.814;52.462,4.981;52.303,5.303;51.566,6.000;51.567,6.067;51.500,6.729;51.386,7.500;51.454,7.546;51.500,7.572;52.240,8.260;53.000,8.981;53.011,9.000;53.572,9.928;53.669,10.500;53.857,11.143;53.957,12.000;54.009,13.009;54.100,13.500;54.065,13.935;53.784,15.000;53.694,15.694;53.728,16.500;53.909,17.091;54.050,18.000;54.500,19.313;54.550,19.450;54.564,19.500;55.017,20.483;55.275,21.000;56.000,22.065;56.354,22.500;56.930,23.070;57.500,23.538;58.085,24.000;58.587,24.413;59.000,24.719;59.598,24.902;60.031,25.500;60.198,25.802;60.500,26.251;61.023,26.973;60.986,27.486;61.192,28.500;61.015,29.015;60.995,30.000;60.780,31.220;60.707,31.500;60.680,31.680;60.595,33.000;60.839,34.161;60.860,34.500;61.207,35.293;61.407,36.000;62.000,37.472;62.008,37.492;62.011,37.500;62.018,37.518;62.545,39.000;62.855,40.307;62.935,40.529;62.916,40.877;62.829,42.000;62.565,42.935;62.415,43.500;62.365,43.865;62.000,44.916;61.967,45.000;61.965,45.035;62.000,45.208;62.225,46.500;62.301,46.801;62.485,48.000;62.797,48.797;63.019,49.500;63.500,50.693;63.579,50.921;63.593,51.000;63.585,51.085;63.662,52.500;63.625,52.625;63.500,53.274;63.347,54.000;62.931,54.931;62.792,55.500;62.228,56.772;62.126,57.000;62.000,57.251;61.388,58.500;61.032,59.032;60.500,59.828;60.441,59.904;60.380,60.000;59.697,60.697;59.007,61.500;59.003,61.503;59.000,61.507;57.726,63.000;57.500,63.307;56.984,63.984;56.714,64.500;56.557,65.443;56.430,66.000;56.421,66.421;56.171,67.500;56.000,68.798;55.976,68.976;55.973,69.000;55.971,69.029;55.921,70.500;55.922,70.578;55.996,72.000;55.996,72.004;56.000,72.030;56.173,73.327;56.203,73.500;56.292,73.792;56.613,75.000;56.865,75.635;57.267,76.500;57.339,76.661;57.500,76.994;57.809,77.691;57.926,78.000;58.252,78.752;58.555,79.500;59.000,80.340;59.254,80.746;59.448,81.000;60.500,82.220;60.628,82.372;60.786,82.500;61.451,83.049;62.000,83.349;62.411,83.589;63.470,84.000;63.500,84.012;63.515,84.015;65.000,84.350;66.031,84.469;66.500,84.476;67.275,84.725;68.000,84.842;69.358,85.358;69.500,85.410;69.565,85.435;69.613,85.500;69.647,85.647;70.069,87.000;70.296,87.796;70.262,88.500;70.308,89.188;70.637,89.886;70.845,90.155;71.000,90.345;71.640,90.860;72.500,91.304;73.928,91.500;73.993,91.507;74.000,91.508;74.046,91.500;75.500,91.226;76.245,90.745;77.000,90.169;77.122,90.000;77.308,89.601;77.522,89.062;77.477,88.500;77.546,87.546;77.590,86.849;77.713,86.118;78.078,85.500;78.255,85.255;78.500,85.125;79.706,84.000;79.879,83.879;80.000,83.847;81.197,82.803;81.500,82.537;81.523,82.523;81.562,82.500;82.500,82.000;83.000,81.697;84.154,81.346;84.500,81.243;84.967,81.000;85.511,80.511;86.000,79.981;86.977,79.500;87.500,79.232;88.398,78.898;89.000,78.678;89.507,78.507;90.500,78.186;91.152,78.000;92.000,77.740;93.089,77.589;93.500,77.477;94.490,77.490;95.000,77.446;96.178,77.678;96.500,77.712;96.769,77.731;97.680,78.000;97.939,78.061;98.000,78.093;98.906,78.594;99.500,79.163;99.835,79.500;100.491,80.009;101.000,80.514;101.485,80.931;102.560,81.554;103.170,81.830;104.000,82.411;104.066,82.434;104.229,82.500;105.500,82.933;106.361,83.139;107.000,83.336;108.090,83.590;108.500,83.679;109.752,84.000;110.000,84.062;111.052,84.448;111.500,84.653;112.111,84.889;113.000,85.286;113.570,85.500;114.257,85.743;114.500,85.842;115.091,86.091;116.000,86.462;116.343,86.657;117.112,87.000;117.500,87.194;117.984,87.484;119.000,88.109;119.208,88.292;119.566,88.500;120.080,88.920;120.500,89.238;121.342,90.000;121.785,90.462;121.961,90.687;122.099,90.844;122.526,91.500;123.159,92.659;123.329,93.000;123.382,93.118;123.500,93.355;124.025,94.500;124.472,95.028;125.000,95.595;125.174,95.826;125.338,96.000;126.500,96.828;127.416,97.500;128.000,97.850;128.701,98.299;129.500,98.737;129.953,99.000;130.635,99.365;131.000,99.513;132.030,100.030;132.500,100.287;132.878,100.500;133.604,100.896;134.000,101.069;134.575,101.425;135.500,101.883;135.573,101.927;135.699,102.000;136.518,102.482;137.000,102.719;137.490,103.010;138.404,103.500;138.500,103.566;138.721,103.721;140.000,104.654;140.191,104.809;140.501,105.000;141.227,105.613;141.755,106.085;141.859,106.215;141.867,106.273;141.839,106.307;141.796,106.328;141.747,106.343;141.283,106.328;141.508,106.452
M 2.930 152.244,107.078;153.089,107.078;153.154,107.071;153.214,107.045;153.400,107.000;153.544,107.004;153.607,107.012;153.611,107.020
m 3.430 41.277,12.119;41.680,12.278;41.873,12.381;42.235,12.531;42.500,12.627;43.179,12.821;44.000,13.132;44.267,13.233;45.416,13.500;45.483,13.517;45.500,13.523;45.536,13.536;47.000,13.945;48.023,14.523;48.500,14.752;48.708,14.930;48.762,15.000;49.488,15.988;49.860,16.500;49.923,16.577;50.000,16.670;50.444,17.556;50.777,18.000;51.063,18.437;51.500,18.991;51.633,19.367;51.696,19.500;51.922,19.922;52.425,21.000;52.624,21.376;53.000,21.870;53.199,22.301;53.318,22.500;54.106,23.606;54.363,24.000;54.407,24.066;54.500,24.161;55.137,24.863;55.906,25.500;56.000,25.650;56.517,26.483;56.796,27.000;57.454,28.454;57.477,28.500;57.500,28.565;57.885,29.615;57.981,30.000;57.985,30.485;58.195,31.500;58.242,32.242;58.404,33.000;58.529,33.471;59.000,34.410;59.030,34.500;59.053,34.553;59.522,36.000;59.712,36.788;60.069,37.500;60.115,37.885;60.462,39.000;60.453,39.047;60.500,40.337;60.503,40.497;60.504,40.500;60.504,40.504;60.500,40.520;60.160,41.660;59.971,42.000;59.625,42.625;59.123,43.500;59.062,43.651;59.000,43.822;58.668,44.668;58.472,45.000;58.427,45.573;58.279,46.500;58.455,47.455;58.557,48.000;59.000,49.154;59.079,49.421;59.097,49.500;59.137,49.637;59.577,51.000;59.784,51.784;59.993,52.500;60.187,53.687;60.247,54.000;60.254,54.246;60.234,55.500;59.902,56.402;59.798,57.000;59.356,58.044;59.242,58.280;58.405,59.405;58.109,60.000;57.500,60.796;56.953,61.500;56.462,61.962;56.000,62.788;55.855,63.000;55.279,63.779;55.022,64.500;54.657,65.843;54.625,66.000;54.500,66.598;54.289,67.500;54.127,68.627;54.080,69.000;54.022,70.022;53.999,70.500;54.011,70.989;54.036,72.000;54.164,73.164;54.195,73.500;54.241,73.759;54.500,74.823;54.539,75.000;54.918,76.082;55.102,76.500;55.363,77.137;55.806,78.000;55.865,78.135;56.000,78.388;56.345,79.155;56.495,79.500;56.916,80.416;57.162,81.000;57.500,81.628;57.799,82.201;58.030,82.500;58.545,83.108;58.825,83.492;59.047,83.691;60.013,84.487;60.500,84.736;60.969,85.031;62.000,85.458;62.116,85.500;63.088,85.912;63.500,86.054;64.295,86.205;65.000,86.294;66.016,86.516;66.500,86.527;66.863,86.637;67.347,87.000;67.239,87.739;67.329,88.500;67.683,89.683;67.839,90.000;67.914,90.086;68.000,90.199;68.990,91.500;69.500,91.974;70.077,92.423;70.971,93.000;70.989,93.011;71.000,93.016;71.025,93.025;72.500,93.579;73.175,93.675;74.000,93.745;74.992,93.508;75.500,93.443;76.392,93.000;76.799,92.799;77.000,92.697;77.612,92.112;78.254,91.500;78.500,91.149;78.941,90.000;78.973,88.973;79.030,88.500;79.191,87.809;79.250,86.846;79.474,85.865;79.635,85.500;80.000,85.152;80.629,84.629;80.981,84.000;81.500,83.544;82.157,83.158;82.925,82.699;83.138,82.638;83.489,82.500;84.500,82.200;85.126,81.874;86.000,81.597;86.406,81.477;87.466,81.000;87.500,80.982;88.602,80.602;89.000,80.466;89.773,80.227;90.500,80.050;90.992,79.992;92.000,79.788;92.292,79.792;93.500,79.719;94.677,79.823;95.000,79.877;95.891,80.109;96.865,80.497;96.982,80.544;97.478,80.817;97.943,81.057;98.000,81.081;98.164,81.164;99.500,81.892;100.470,82.500;100.800,82.700;101.000,82.801;101.752,83.252;102.500,83.685;102.716,83.784;103.066,84.000;103.683,84.317;104.000,84.486;104.954,84.954;105.500,85.189;105.753,85.247;106.251,85.500;107.000,85.810;107.544,86.044;108.500,86.314;109.042,86.458;110.000,86.797;110.441,87.000;111.161,87.339;111.500,87.508;112.417,87.917;113.000,88.174;113.235,88.265;113.764,88.500;114.245,88.755;114.500,88.898;115.210,89.290;116.000,89.737;116.434,90.000;116.936,90.564;117.500,91.168;117.649,91.351;117.791,91.500;118.289,92.289;118.753,93.000;118.880,93.120;119.000,93.303;119.862,94.500;120.293,94.976;120.500,95.119;121.361,96.000;122.000,96.410;122.639,96.861;123.500,97.359;123.716,97.500;125.000,98.198;126.347,99.000;126.446,99.054;126.500,99.074;127.479,99.521;128.000,99.737;129.427,100.427;129.500,100.464;129.524,100.476;129.582,100.500;131.000,101.053;131.639,101.361;132.500,101.668;132.715,101.785;133.205,102.000;134.000,102.346;134.753,102.747;135.500,103.064;135.774,103.226;136.333,103.500;136.696,103.679;137.000,103.938;138.271,104.771;138.500,104.928;138.603,105.000;138.664,105.055;139.026,105.506;139.055,105.711;138.957,105.826;138.806,105.901;138.637,105.955;137.020,105.902;137.172,105.986
M 3.930 40.722,17.305;40.909,17.125;41.000,17.089;42.363,18.000;42.500,18.106;43.276,18.724;44.000,19.400;44.057,19.443;44.113,19.500;44.348,19.706;45.351,20.572;45.629,20.771;46.556,21.444;47.000,21.763;47.965,22.500;48.286,22.714;48.500,22.865;49.946,24.000;49.977,24.023;50.000,24.041;50.403,24.403;51.500,25.381;51.588,25.474;52.006,26.006;52.779,27.000;53.000,27.326;53.443,28.057;53.717,28.500;54.448,29.948;54.474,30.000;54.500,30.066;54.992,31.500;55.238,32.262;55.468,33.000;55.953,34.453;55.967,34.500;55.971,34.529;56.000,34.603;56.449,36.000;56.554,36.946;56.749,37.500;56.262,38.738;56.223,39.000;56.127,39.127;56.000,39.415;55.384,40.500;54.500,41.361;54.125,41.625;53.569,42.000;53.000,42.414;52.437,42.937;51.926,43.500;51.779,43.779;51.500,44.429;51.329,45.000;51.458,46.458;51.459,46.500;51.500,46.657;51.820,47.680;51.967,48.000;52.569,49.069;52.770,49.500;52.856,49.644;53.000,49.798;53.559,50.441;54.143,51.000;54.320,51.180;54.500,51.350;55.497,52.500;55.718,52.782;56.000,53.323;56.288,54.000;56.561,54.939;56.580,55.500;56.498,55.998;56.456,57.000;56.000,57.988;55.720,58.500;55.404,59.096;54.841,60.000;54.682,60.182;54.500,60.590;54.136,61.136;54.051,61.500;53.647,62.147;53.434,63.000;53.314,63.259;53.000,64.151;52.852,64.500;52.457,65.457;52.297,66.000;52.128,66.628;51.939,67.500;51.783,68.717;51.740,69.000;51.686,70.314;51.676,70.500;51.681,70.681;51.727,72.000;51.844,73.156;51.881,73.500;51.958,73.892;52.076,74.629;52.145,75.000;52.292,75.708;52.583,76.500;52.683,76.817;53.000,77.476;53.211,78.000;53.439,78.439;53.935,79.500;54.109,79.891;54.332,80.273;54.751,81.250;55.069,81.931;55.372,82.500;55.560,82.940;56.000,83.637;56.120,83.880;56.210,84.000;56.679,84.821;57.382,85.500;57.500,85.611;57.791,85.791;59.000,86.621;59.750,87.000;60.180,87.320;60.500,87.460;61.337,87.837;62.000,88.181;62.591,88.418;62.884,88.638;63.172,88.740;64.078,89.422;64.886,90.000;64.943,90.057;65.000,90.083;66.392,91.500;66.439,91.561;66.500,91.592;67.849,93.000;67.918,93.082;67.995,93.123;68.381,93.381;69.500,94.200;69.685,94.315;70.100,94.500;70.640,94.860;71.000,95.041;71.855,95.355;72.500,95.623;73.784,95.784;74.000,95.823;74.204,95.796;75.500,95.587;76.494,95.005;77.047,94.707;77.248,94.500;77.899,93.899;78.500,93.387;78.679,93.179;78.816,93.000;79.664,91.836;79.909,91.500;80.000,91.085;80.160,90.160;80.219,90.000;80.326,89.674;80.514,88.500;80.720,87.780;80.958,87.000;81.121,85.879;81.203,85.500;81.365,85.365;81.500,85.124;82.059,84.559;82.694,84.082;83.341,83.751;84.051,83.551;84.500,83.374;85.268,83.268;86.000,83.012;86.432,82.932;87.165,82.711;88.242,82.392;88.746,82.246;89.000,82.161;90.002,82.002;90.500,81.886;91.190,81.810;92.000,81.766;92.727,81.773;93.500,81.831;94.545,82.045;95.000,82.117;96.093,82.500;96.500,82.642;97.458,83.042;98.000,83.271;98.489,83.511;99.500,83.864;99.585,83.915;99.751,84.000;101.000,84.640;101.536,84.964;102.500,85.494;102.504,85.496;102.512,85.500;103.472,86.028;104.000,86.274;105.492,87.000;105.500,87.004;106.449,87.551;107.000,87.848;107.453,88.047;108.261,88.500;108.400,88.600;108.500,88.676;109.020,89.020;110.000,89.663;110.163,89.744;110.568,90.000;111.500,90.666;111.999,91.001;112.532,91.500;112.785,91.715;113.000,91.935;113.560,92.440;114.075,93.000;114.301,93.199;114.500,93.416;115.535,94.500;115.800,94.700;116.000,94.887;117.246,96.000;117.500,96.193;118.261,96.739;119.000,97.359;119.083,97.417;119.193,97.500;120.019,97.981;120.500,98.271;121.947,98.947;122.000,98.972;122.060,99.000;123.091,99.409;123.500,99.619;124.073,99.927;125.000,100.364;125.088,100.412;125.335,100.500;126.209,100.791;126.500,100.884;127.127,101.127;128.000,101.471;128.363,101.637;129.268,102.000;129.433,102.067;129.500,102.091;130.558,102.442;131.000,102.558;131.811,102.811;132.500,103.061;133.658,103.500;133.884,103.616;134.000,103.671;134.390,103.890;135.500,104.558;135.741,104.678;136.221,105.000;136.242,105.148;136.074,105.346;135.817,105.474;135.527,105.566;132.757,105.476;132.837,105.520
m 4.430 40.101,22.447;40.140,22.410;40.196,22.388;40.284,22.393;40.443,22.463;40.844,22.689;41.000,22.787;41.860,23.360;42.500,23.826;42.602,23.898;42.796,24.000;44.000,24.645;44.542,24.958;45.500,25.473;45.517,25.483;45.546,25.500;46.424,26.076;47.000,26.445;47.315,26.685;47.689,27.000;48.500,27.937;48.739,28.261;48.919,28.500;49.620,29.620;49.854,30.000;49.902,30.098;50.000,30.275;50.403,31.097;50.608,31.500;51.026,32.526;51.211,33.000;51.239,33.261;51.500,34.305;51.532,34.468;51.542,34.500;51.500,35.058;51.424,35.924;51.411,36.000;51.308,36.192;50.639,37.500;50.000,38.308;49.683,38.683;49.464,39.000;48.500,40.425;48.466,40.500;48.050,41.550;48.025,42.000;48.079,42.421;47.932,43.638;47.803,44.303;47.803,45.000;47.643,45.857;47.600,46.500;47.406,47.594;47.406,48.000;47.238,49.262;47.254,49.500;47.277,49.777;47.181,51.000;47.081,52.419;47.086,52.500;47.111,52.611;47.082,54.000;47.130,54.130;47.382,55.500;47.585,56.085;47.804,57.000;47.811,57.689;48.133,58.500;48.188,58.812;48.500,59.997;48.501,60.000;48.596,61.404;48.591,61.500;48.574,61.574;48.520,63.000;48.515,63.015;48.500,63.236;48.373,64.500;48.203,65.703;48.208,66.000;48.226,66.430;48.050,67.544;48.002,68.316;47.997,69.000;48.062,70.062;48.129,70.500;48.199,70.801;48.364,72.000;48.500,72.591;48.627,73.373;48.645,73.500;48.685,73.685;48.976,75.000;49.165,75.835;49.300,76.500;49.590,77.590;49.673,78.000;49.743,78.257;50.000,78.888;50.156,79.344;50.235,79.500;50.655,80.345;51.026,81.000;51.500,82.331;51.559,82.500;51.747,83.753;51.923,84.000;53.000,85.488;53.004,85.496;53.008,85.500;53.600,86.400;54.278,87.268;54.714,87.817;55.190,88.500;55.508,88.992;56.000,89.833;56.115,90.000;56.392,90.392;57.191,91.500;57.341,91.659;57.500,91.827;58.979,93.000;58.993,93.007;59.004,93.013;60.281,93.357;60.500,93.437;61.406,93.594;62.000,93.714;62.649,93.851;63.500,94.000;64.913,94.413;65.000,94.442;65.034,94.466;65.112,94.500;66.500,95.000;67.159,95.400;67.996,95.930;68.093,96.000;69.500,97.292;69.803,97.500;70.365,98.135;71.000,98.525;71.298,98.702;71.954,99.000;72.500,99.331;73.577,99.423;74.000,99.389;74.169,99.169;74.516,99.000;75.128,98.628;75.500,98.502;75.857,97.857;76.351,97.500;77.000,96.987;77.972,96.000;78.151,95.829;78.500,95.468;79.209,94.500;79.575,94.075;80.000,93.519;80.225,93.225;80.380,93.000;80.840,92.340;81.174,91.500;81.222,91.222;81.500,90.464;81.645,90.145;81.732,90.000;81.937,89.563;82.425,88.500;82.563,88.063;82.813,87.000;82.839,86.839;83.000,86.166;83.257,85.500;84.500,84.857;85.287,84.713;86.000,84.627;87.123,84.377;87.500,84.328;87.768,84.268;88.763,84.000;89.000,83.945;89.066,83.934;90.500,83.736;91.721,83.721;92.000,83.706;92.274,83.726;93.500,83.871;93.607,83.893;94.043,84.000;95.000,84.248;95.909,84.591;96.500,84.796;97.799,85.299;98.000,85.382;98.292,85.500;99.500,86.002;100.389,86.389;101.000,86.652;101.209,86.791;101.682,87.000;102.238,87.282;102.500,87.450;103.152,87.848;104.000,88.298;104.357,88.500;105.018,88.982;105.500,89.343;106.365,90.000;107.000,90.531;107.537,90.963;108.138,91.500;108.500,91.806;109.192,92.308;109.994,93.000;109.998,93.003;110.000,93.004;110.858,93.642;111.500,94.241;111.783,94.500;112.495,95.005;113.000,95.409;113.734,96.000;114.500,96.540;115.070,96.930;115.782,97.500;116.000,97.649;116.811,98.189;117.500,98.701;117.937,99.000;119.000,99.663;119.550,99.950;120.500,100.443;120.647,100.500;121.645,100.855;122.000,101.030;122.893,101.393;123.500,101.668;124.578,102.000;124.910,102.090;125.000,102.115;125.164,102.164;126.500,102.585;127.414,102.914;128.000,103.133;128.261,103.239;128.984,103.500;129.462,103.675;129.806,103.806;131.000,104.179;131.598,104.402;132.500,104.794;132.636,104.864;132.921,105.000;132.827,105.047;132.416,105.177;128.493,105.049;128.502,105.054
M 4.930 38.853,31.532;38.974,31.659;39.046,32.272;39.081,33.176;39.104,34.187;39.142,35.217;39.228,36.272;39.438,37.500;39.500,37.705;39.578,37.578;40.640,37.334;40.919,37.202;41.523,36.523;41.780,36.000;42.099,35.599;42.478,34.500;42.500,34.423;44.047,33.812;43.972,33.000;43.989,32.989;44.000,32.965;44.010,32.990;44.014,33.000;44.047,33.812;43.547,34.500;43.974,34.526;43.947,36.000;43.973,36.027;44.000,36.283;44.097,37.403;44.081,37.500;44.077,37.577;44.266,39.000;44.285,39.285;44.520,40.500;44.748,41.252;44.808,42.000;45.500,43.390;45.539,43.500;45.539,43.539;45.612,45.000;45.500,45.840;45.389,46.500;45.132,47.632;45.021,48.000;44.762,48.738;44.536,49.500;44.404,49.904;44.000,50.931;43.974,51.000;43.965,51.035;43.583,52.500;43.359,53.141;43.085,54.000;42.943,54.443;42.500,55.275;42.428,55.428;42.394,55.500;41.983,56.483;41.670,57.000;41.506,57.506;41.000,58.182;40.888,58.388;40.817,58.500;40.473,59.027;39.927,60.000;39.786,60.286;39.500,60.607;38.911,61.427;38.780,61.650;38.278,62.307;38.000,62.707;37.883,62.883;37.791,63.000;37.492,63.508;36.901,64.500;36.500,65.394;36.312,65.812;36.230,66.000;36.119,66.381;35.782,67.500;35.684,68.184;35.585,69.000;35.606,69.606;35.656,70.500;35.825,71.175;36.008,72.000;36.162,72.338;36.500,73.137;36.626,73.374;36.715,73.500;38.000,74.746;38.182,74.818;38.614,75.000;39.286,75.214;39.500,75.296;40.593,75.407;41.000,75.492;41.549,75.549;42.500,75.498;43.396,75.604;44.000,76.102;44.256,76.500;44.569,77.069;45.083,78.000;45.240,78.260;45.500,79.057;45.638,79.500;45.996,80.504;46.216,81.000;46.411,81.589;46.772,82.500;46.678,83.678;46.680,84.000;46.767,84.233;47.000,85.278;47.054,85.500;47.710,86.290;48.252,87.000;48.500,87.191;49.292,87.708;50.000,88.341;50.096,88.404;50.193,88.500;51.500,89.927;51.535,89.965;51.556,90.000;51.696,90.196;52.698,91.500;52.849,91.651;53.000,91.888;53.852,93.000;54.201,93.299;54.500,93.627;55.493,94.500;56.000,94.826;56.793,95.207;57.500,95.652;58.235,96.000;58.792,96.208;59.000,96.325;59.538,96.538;60.500,96.837;61.623,97.123;62.000,97.175;63.357,97.357;63.500,97.371;63.611,97.389;64.274,97.500;65.000,97.618;66.037,97.963;66.500,98.178;67.166,99.000;67.432,99.932;67.730,100.500;67.822,100.678;67.844,102.000;67.863,103.363;67.894,103.500;67.918,103.582;68.000,103.649;68.399,103.899;69.500,104.646;69.861,104.639;70.918,104.931;71.959,104.910
M 4.930 73.744,104.758;73.692,104.671;73.701,104.608;73.821,104.410;74.373,103.500;74.533,102.533;75.035,102.000;75.138,101.638;75.500,101.423;76.003,100.500;77.000,99.103;77.049,99.049;77.103,99.000;78.500,97.556;78.529,97.529;78.555,97.500;79.224,96.724;79.812,96.000;80.000,95.741;80.828,94.500;81.119,94.119;81.500,93.569;81.746,93.246;81.922,93.000;82.598,91.902;82.829,91.500;82.882,91.382;83.000,91.186;83.846,90.000;84.080,89.580;84.500,88.883;84.808,88.500;85.074,87.574;85.495,87.000;85.763,86.763;86.000,86.725;86.324,86.676;87.500,86.557;88.110,86.390;89.000,86.171;89.620,86.120;90.500,86.013;91.504,85.996;92.000,86.008;92.574,86.074;93.500,86.211;94.441,86.441;95.000,86.604;95.283,86.717;96.189,87.000;96.434,87.100;96.500,87.118;97.465,87.535;98.000,87.728;98.518,87.982;99.500,88.404;99.562,88.438;99.690,88.500;100.440,89.060;101.000,89.378;102.113,90.000;102.500,90.229;103.302,90.802;104.000,91.314;104.098,91.402;104.236,91.500;105.500,92.511;105.750,92.750;106.088,93.000;106.635,93.365;107.000,93.617;108.185,94.500;108.386,94.614;108.500,94.686;109.303,95.197;110.000,95.733;110.363,96.000;111.073,96.427;111.500,96.777;112.530,97.500;112.833,97.667;113.000,97.809;113.724,98.276;114.500,98.814;114.773,99.000;115.529,99.471;116.000,99.786;116.426,100.074;117.088,100.500;117.345,100.655;117.500,100.756;118.273,101.227;119.000,101.663;119.716,102.000;120.252,102.248;120.500,102.373;121.091,102.591;122.000,102.974;122.390,103.110;123.500,103.419;123.563,103.437;123.796,103.500;123.728,103.576;123.486,103.872;124.271,104.617
m 5.430 36.946,45.287;36.979,45.436;37.115,45.441;38.000,44.646;39.341,43.500;39.500,43.330;40.589,43.089;41.000,42.919;41.347,43.153;41.778,43.508;42.369,44.869;42.440,45.000;42.095,46.095;42.143,46.500;42.071,46.929;41.695,48.000;41.341,49.159;41.204,49.500;41.146,49.646;41.000,50.162;40.738,50.738;40.701,50.968;40.600,51.400;40.281,52.500;40.036,53.036;39.660,54.000;39.500,54.314;39.072,55.072;38.868,55.500;38.535,56.035;38.000,56.985;37.995,56.995;37.993,57.000;37.497,57.997;37.254,58.500;36.500,59.617;36.339,59.839;36.162,60.000;35.590,60.590;35.000,61.141;34.623,61.500;34.173,62.173;33.652,63.000;33.594,63.094;33.500,63.228;32.990,63.990;32.729,64.500;32.526,65.026;32.000,65.963;31.988,65.988;31.982,66.000;31.739,67.239;31.665,67.500;31.660,67.840;31.592,69.000;31.702,70.202;31.743,70.500;32.000,71.480;32.116,71.884;32.143,72.000;32.585,72.915;32.819,73.500;33.500,74.630;33.743,75.000;34.341,75.659;34.999,76.500;35.000,76.501;35.009,76.509;36.500,77.761;36.658,77.842;36.907,78.000;37.637,78.363;38.000,78.628;38.628,78.872;39.500,79.433;39.625,79.500;40.558,79.942;41.000,80.469;41.315,80.685;41.521,81.088;41.956,81.586;42.233,82.500;42.500,83.335;42.697,83.803;42.725,84.000;42.861,84.361;43.394,85.500;43.655,85.845;44.000,86.395;44.282,86.718;44.465,87.000;45.044,87.570;45.500,87.899;45.850,88.150;46.205,88.500;47.000,89.160;47.504,89.496;47.933,90.000;48.500,90.498;49.084,90.916;49.551,91.500;50.000,91.923;50.596,92.404;51.037,93.000;51.343,93.310;51.500,93.462;52.045,93.955;52.515,94.500;53.000,94.898;53.653,95.347;54.460,96.000;54.500,96.026;55.448,96.552;56.000,96.907;56.407,97.093;57.112,97.500;57.500,97.697;57.915,97.915;59.000,98.434;59.424,98.576;60.301,99.000;60.500,99.083;60.644,99.144;62.000,99.611;62.734,99.766;63.500,100.126;64.673,100.500;64.929,100.571;65.000,100.613;65.418,100.918;66.500,101.628;66.626,101.874;66.628,102.000;66.630,102.130;66.941,103.500;67.178,104.322;68.000,104.997;68.005,105.000;68.356,105.116;69.587,105.092
m 5.430 75.251,104.608;75.087,104.331;75.115,104.133;75.496,103.502;75.497,103.500;75.498,103.498;75.500,103.495;76.216,102.000;77.000,100.806;77.332,100.500;77.882,99.882;78.500,99.325;78.889,99.000;79.456,98.456;80.000,97.850;80.265,97.500;80.960,96.540;81.348,96.000;81.500,95.777;82.452,94.500;82.689,94.189;83.000,93.756;83.287,93.450;83.778,93.000;84.116,92.616;84.500,92.166;84.908,91.908;85.328,91.500;85.673,91.173;86.000,90.831;87.480,90.020;87.500,90.011;87.561,90.000;88.705,89.778;89.000,89.676;89.385,89.615;90.500,89.487;91.566,89.566;92.000,89.589;93.439,89.939;93.500,89.953;93.736,90.000;94.783,90.217;95.000,90.245;95.918,90.582;96.500,90.732;97.946,91.446;98.000,91.476;98.015,91.485;98.037,91.500;99.500,92.288;99.975,92.525;100.923,93.000;100.980,93.024;101.000,93.030;102.017,93.483;102.500,93.705;103.979,94.500;104.000,94.509;105.019,94.981;105.500,95.213;106.982,96.000;106.994,96.006;107.000,96.009;107.019,96.019;108.500,96.827;108.917,97.083;109.557,97.500;109.840,97.660;110.000,97.750;110.727,98.227;111.500,98.725;111.677,98.823;111.885,99.000;112.581,99.419;113.000,99.720;113.516,99.984;114.105,100.500;114.500,100.756;115.340,101.160;116.000,101.751;116.155,101.845;116.395,102.000;117.500,102.671;118.030,102.970;118.864,103.500;119.022,103.600;119.594,103.888;119.808,103.948;120.055,104.183
M 5.930 31.409,53.287;31.452,53.323;31.551,53.399;32.000,53.716;32.174,53.826;33.284,54.000;33.500,54.024;33.599,54.099;35.000,54.370;35.261,55.500;35.000,56.618;34.938,56.912;34.913,57.000;34.761,57.239;33.973,58.500;33.500,58.909;32.033,60.000;32.016,60.016;32.000,60.033;30.594,61.500;30.558,61.558;30.500,61.663;29.776,63.000;29.526,63.526;29.124,64.500;29.000,64.805;28.653,65.653;28.545,66.000;28.342,66.842;28.213,67.500;28.196,68.035;28.179,68.910;28.369,69.869;28.486,70.500;29.000,71.785;29.074,72.000;29.545,72.955;29.796,73.500;30.500,74.638;30.640,74.860;30.721,75.000;31.410,75.910;31.860,76.500;32.000,76.645;32.685,77.315;33.287,78.000;33.500,78.175;34.512,79.012;35.000,79.404;35.040,79.436;35.128,79.500;35.983,80.017;36.500,80.407;37.422,81.000;38.000,81.378;38.709,81.791;39.371,82.500;39.500,82.699;40.201,84.000;40.850,85.350;40.927,85.500;40.954,85.546;41.000,85.620;41.895,87.000;42.126,87.374;42.500,87.827;43.140,88.500;44.000,88.971;44.670,89.330;45.500,89.867;45.650,90.000;46.417,90.583;47.000,91.136;47.395,91.500;48.000,92.000;48.500,92.517;49.002,93.000;49.461,93.539;50.000,94.221;50.182,94.405;50.279,94.500;50.886,95.114;51.500,95.640;51.938,96.000;52.552,96.448;53.000,96.769;54.094,97.500;54.500,97.750;55.303,98.197;56.000,98.616;56.711,99.000;57.500,99.416;58.233,99.767;59.000,100.208;59.623,100.500;60.236,100.764;60.500,100.906;61.293,101.207;62.000,101.588;62.833,102.000;63.290,102.210;63.500,102.349;64.305,102.695;65.000,103.264;65.142,103.358;65.222,103.500;65.879,104.121;66.351,105.000;66.399,105.043;66.562,105.235;66.708,105.283;67.215,105.273
M 5.930 76.758,104.459;76.481,103.992;76.528,103.658;76.624,103.500;77.000,102.520;77.163,102.163;77.251,102.000;78.500,100.840;79.073,100.500;80.000,99.748;80.352,99.352;80.623,99.000;81.500,97.837;81.775,97.500;82.318,96.818;82.949,96.000;83.000,95.932;83.703,95.203;84.450,94.500;84.472,94.477;84.500,94.452;85.435,93.935;86.000,93.669;87.038,93.462;87.500,93.366;88.654,93.346;89.000,93.344;89.389,93.389;90.500,93.473;91.657,93.670;91.826,93.695;92.090,93.728;93.500,93.810;94.458,93.958;95.000,94.024;95.412,94.088;96.500,94.308;97.278,94.500;97.888,94.612;98.000,94.636;98.188,94.688;99.500,95.004;100.294,95.294;101.000,95.520;101.352,95.648;102.451,96.000;102.489,96.011;102.500,96.014;103.588,96.412;104.000,96.545;104.676,96.824;105.500,97.167;105.729,97.271;106.197,97.500;106.757,97.743;107.000,97.856;107.752,98.252;108.500,98.640;108.730,98.770;109.137,99.000;110.000,99.433;110.995,99.995;111.500,100.284;111.635,100.365;111.822,100.500;113.000,101.236;114.146,102.000;114.328,102.172;114.500,102.302;115.683,103.183;116.000,103.427;116.113,103.500;116.169,103.532;116.621,103.769;116.813,103.866;116.914,103.917
m 6.430 26.562,59.660;26.819,60.285;26.473,61.027;26.180,61.500;26.000,62.135;25.766,63.000;25.472,63.972;25.403,64.500;25.292,64.891;25.155,65.660;25.068,66.000;24.863,67.137;24.793,67.500;24.787,67.787;24.772,69.000;24.923,70.077;24.993,70.500;25.272,71.272;25.513,72.000;25.681,72.319;26.000,72.809;26.259,73.241;26.445,73.500;27.500,74.670;27.640,74.860;27.736,75.000;29.000,76.423;29.034,76.466;29.061,76.500;30.500,77.835;30.659,78.000;31.438,78.562;32.000,79.054;32.531,79.500;33.500,80.266;34.448,81.000;34.760,81.240;35.000,81.437;36.431,82.431;36.500,82.478;36.532,82.500;37.345,83.155;37.952,84.000;38.000,84.082;38.524,84.976;38.782,85.500;39.038,85.962;39.500,86.732;39.601,86.899;39.663,87.000;40.108,87.892;40.501,88.500;40.691,88.809;41.000,89.129;42.161,90.000;42.500,90.116;43.595,90.405;44.000,90.534;45.246,91.246;45.500,91.387;45.564,91.436;45.632,91.500;47.000,92.663;47.185,92.815;47.363,93.000;48.500,94.438;48.528,94.472;48.551,94.500;48.732,94.732;49.656,96.000;49.827,96.173;50.000,96.302;51.230,97.230;51.500,97.436;51.537,97.463;51.589,97.500;53.000,98.429;53.930,99.000;54.293,99.207;54.500,99.329;55.257,99.757;56.000,100.172;56.597,100.500;57.190,100.810;57.500,100.989;58.582,101.582;59.000,101.803;59.138,101.862;59.394,102.000;60.500,102.559;61.726,103.226;62.000,103.363;62.094,103.406;62.236,103.500;63.500,104.293;64.416,105.000;64.641,105.223;64.786,105.314;64.648,105.302
m 6.430 78.265,104.309;77.876,103.652;77.897,103.500;78.087,103.087;78.500,102.321;78.850,102.000;80.000,101.391;80.507,101.007;80.937,100.500;81.202,100.202;81.500,99.815;81.875,99.375;82.190,99.000;83.000,98.006;83.492,97.500;83.981,96.981;84.500,96.479;85.156,96.000;86.000,95.481;86.773,95.273;87.500,95.156;88.346,95.154;89.000,95.151;89.731,95.231;90.500,95.299;91.128,95.372;92.000,95.514;93.299,95.799;93.500,95.821;94.916,96.000;95.000,96.010;96.296,96.204;96.500,96.234;97.571,96.429;98.000,96.518;98.720,96.720;99.500,96.916;100.930,97.430;101.000,97.453;101.036,97.464;101.157,97.500;102.500,97.867;103.017,98.017;104.000,98.309;104.500,98.500;105.500,98.871;105.590,98.910;105.784,99.000;107.000,99.520;107.658,99.842;108.500,100.246;109.015,100.500;110.000,100.944;110.692,101.308;111.500,101.743;111.918,102.000;112.495,102.505;113.000,102.926;113.295,103.205;113.685,103.500;113.847,103.581;114.076,103.699
M 6.930 21.613,64.843;21.264,65.822;21.234,66.169;21.229,66.271;21.128,67.500;21.120,67.880;21.102,69.000;21.229,70.229;21.244,70.500;21.277,70.723;21.500,71.612;21.591,72.000;21.673,72.173;22.205,73.500;23.000,74.572;23.172,74.828;23.337,75.000;24.500,76.039;24.895,76.363;25.934,76.772;26.683,77.317;27.500,77.754;27.638,77.862;27.831,78.000;29.000,78.704;30.150,79.500;30.348,79.652;30.500,79.727;31.423,80.423;32.000,80.867;32.165,81.000;32.881,81.619;33.500,82.141;33.703,82.297;33.950,82.500;35.000,83.430;35.326,83.674;35.662,84.000;36.500,85.195;36.686,85.500;37.129,86.371;37.494,87.000;38.000,88.196;38.137,88.500;38.571,89.429;38.961,90.000;39.186,90.314;39.500,90.521;40.020,90.980;41.000,91.186;42.497,91.497;42.500,91.498;42.502,91.498;42.507,91.500;43.631,91.869;44.074,92.045;45.270,92.770;45.500,92.909;45.608,93.000;46.282,93.718;46.959,94.500;47.000,94.568;47.511,95.489;47.797,96.000;48.500,96.920;48.790,97.210;49.177,97.500;50.000,98.053;50.564,98.436;51.432,99.000;51.500,99.041;51.607,99.107;53.000,99.961;53.343,100.157;53.926,100.500;54.500,100.820;55.268,101.232;56.000,101.643;56.234,101.766;56.641,102.000;57.500,102.475;58.172,102.828;59.000,103.301;59.371,103.500;61.731,104.731;62.000,104.868;62.186,105.000;62.227,105.026;61.629,104.975
M 6.930 79.772,104.160;79.447,103.611;79.432,103.500;80.000,102.962;81.213,102.000;81.376,101.876;81.500,101.730;82.577,100.500;82.772,100.272;83.000,100.000;83.473,99.473;83.952,99.000;84.500,98.437;85.000,98.000;85.684,97.500;86.000,97.262;86.336,97.164;87.500,96.685;88.119,96.619;89.000,96.616;89.805,96.695;90.500,96.756;91.375,96.875;92.000,96.960;92.457,97.043;93.500,97.276;94.389,97.500;94.892,97.608;95.000,97.643;95.196,97.696;96.500,97.876;96.969,97.969;98.000,98.164;98.665,98.335;99.500,98.577;99.819,98.681;100.709,99.000;101.000,99.096;102.103,99.397;102.500,99.521;103.274,99.726;104.000,99.933;105.413,100.413;105.500,100.443;105.631,100.500;106.600,100.900;107.000,101.068;107.987,101.487;108.500,101.714;109.140,102.000;110.548,103.024;111.226,103.483
m 7.430 16.990,69.231;16.977,69.761;17.176,70.324;17.180,70.500;17.351,71.649;17.398,72.000;17.563,72.563;17.837,73.500;18.043,73.957;18.500,74.783;18.630,75.000;19.047,75.953;19.347,76.500;20.000,77.702;20.115,77.885;20.188,78.000;21.500,79.017;21.816,79.184;23.000,79.130;23.907,78.907;24.500,78.925;24.980,79.020;26.000,79.316;26.124,79.376;26.359,79.500;27.500,80.034;28.669,80.669;29.000,80.839;29.091,80.909;29.276,81.000;30.500,81.723;31.590,82.500;31.831,82.669;32.000,82.814;33.257,84.000;33.371,84.129;33.581,84.358;34.088,84.948;34.423,85.386;34.656,85.844;35.000,86.496;35.252,87.000;35.530,87.970;35.742,88.500;36.174,89.674;36.264,90.000;36.329,90.171;36.500,90.440;37.181,91.500;37.648,91.941;38.000,92.136;38.797,92.297;39.500,92.618;40.709,92.709;41.000,92.766;41.196,92.804;42.500,92.985;42.512,92.988;42.621,93.032;43.983,93.633;44.205,93.703;45.126,94.500;45.309,94.691;45.500,94.904;46.193,96.000;46.914,97.414;46.956,97.500;46.970,97.530;47.000,97.555;47.733,98.267;48.500,98.778;48.845,99.000;49.580,99.420;50.000,99.629;51.447,100.500;51.500,100.530;52.432,101.068;53.000,101.398;54.062,102.000;54.500,102.236;55.334,102.666;56.000,103.060;56.778,103.500;57.328,103.812;57.563,103.938;58.132,104.234;59.107,104.689;58.610,104.647
m 7.430 81.279,104.010;81.163,103.813;81.151,103.731;81.502,103.502;81.504,103.500;82.256,102.756;82.927,102.000;83.000,101.917;84.314,100.500;84.402,100.402;84.500,100.305;85.180,99.680;86.000,99.041;86.025,99.025;86.075,99.000;87.500,98.260;88.337,98.163;89.000,97.995;89.498,97.998;90.500,98.081;91.316,98.184;92.000,98.246;92.891,98.391;93.500,98.506;93.907,98.593;95.000,98.949;95.188,99.000;96.500,99.344;96.994,99.494;98.000,99.684;98.645,99.855;99.500,100.098;100.695,100.500;101.000,100.597;101.137,100.637;102.500,101.027;103.275,101.225;104.000,101.449;104.418,101.582;105.500,101.934;105.547,101.953;105.659,102.000;106.775,102.444;107.317,102.664;108.249,103.294
M 7.930 12.885,72.642;12.880,72.849;12.990,73.010;13.418,73.500;13.761,73.739;14.000,73.964;14.493,74.507;14.844,75.000;15.500,75.695;15.951,76.500;16.348,77.152;16.727,78.000;17.000,78.426;17.493,79.007;17.786,79.500;18.146,79.854;18.548,80.357;18.880,80.620;19.421,80.968;19.801,81.199;20.000,81.277;21.084,81.416;21.500,81.435;21.891,81.391;23.000,81.243;23.220,81.220;24.500,81.019;25.637,81.363;26.000,81.459;26.713,81.787;27.500,82.097;27.762,82.238;28.257,82.500;28.724,82.776;29.000,82.923;30.297,83.797;30.500,83.934;30.539,83.961;30.584,84.000;32.000,85.470;32.014,85.486;32.024,85.497;32.055,85.555;32.711,87.000;33.013,88.013;33.179,88.500;33.230,88.770;33.445,90.000;33.500,90.179;33.815,91.185;33.942,91.500;35.000,92.629;35.388,93.000;36.046,93.454;36.500,93.804;37.582,94.500;37.847,94.653;38.000,94.752;38.503,95.003;39.500,95.371;40.219,95.281;41.000,95.340;41.688,95.188;42.500,95.227;43.635,95.635;44.000,95.790;44.103,95.897;44.195,96.000;44.600,96.600;45.224,97.500;45.330,97.670;45.500,97.949;45.839,98.661;46.236,99.000;46.638,99.362;47.000,99.561;48.201,100.201;48.500,100.378;48.578,100.422;48.734,100.500;50.000,101.092;51.345,101.845;51.500,101.932;51.543,101.957;51.617,102.000;52.519,102.481;53.000,102.739;54.372,103.500;54.806,103.736;54.965,103.834;55.040,103.932;55.932,104.349;55.592,104.320
M 7.930 84.062,103.853;83.838,103.852;83.639,103.849;83.459,103.843;83.324,103.831;83.251,103.802;83.119,103.747;83.305,103.500;84.500,102.152;84.635,102.000;85.346,101.346;86.000,100.763;86.152,100.652;86.401,100.500;87.077,100.077;87.500,99.865;88.394,99.606;89.000,99.401;89.348,99.348;90.500,99.355;91.548,99.452;92.000,99.462;92.898,99.602;93.500,99.664;94.391,99.891;95.000,100.058;96.238,100.500;96.421,100.579;96.500,100.605;97.575,100.925;98.000,101.083;98.734,101.266;99.355,101.486;100.999,101.999;101.000,101.999;101.002,102.000;101.006,102.001;103.624,102.836;104.677,103.226
m 8.430 9.059,75.732;9.511,75.738;10.082,75.821;11.000,75.918;11.446,76.054;12.500,76.453;12.579,76.500;14.000,77.504;14.371,78.000;14.863,78.637;15.451,79.500;15.478,79.522;15.500,79.547;16.224,80.276;16.773,81.000;16.890,81.110;17.000,81.236;18.149,82.500;18.500,83.035;19.442,83.442;20.000,83.702;20.282,83.718;21.500,83.648;22.519,83.519;23.000,83.457;23.615,83.385;24.500,83.345;25.609,83.609;26.000,83.724;26.190,83.810;26.675,84.000;27.500,84.466;28.074,84.926;28.873,85.500;29.000,85.756;29.493,87.000;29.673,87.827;29.879,88.500;30.500,89.821;30.557,89.943;30.569,90.000;30.984,91.016;31.120,91.500;32.000,92.468;32.254,92.746;32.478,93.000;33.045,93.455;33.500,93.835;34.337,94.500;34.724,94.776;35.000,94.985;36.451,96.000;36.500,96.033;36.584,96.084;38.000,96.924;38.396,97.104;39.105,97.500;39.500,97.703;39.877,97.877;41.000,98.312;41.791,98.209;42.500,98.442;43.992,98.992;44.000,98.995;44.002,98.998;44.003,99.000;44.103,99.103;45.442,100.500;45.475,100.525;45.500,100.533;45.554,100.554;47.000,101.243;47.519,101.481;48.500,101.827;48.880,102.000;49.771,102.372;50.000,102.472;50.942,102.942;51.500,103.228;51.677,103.323;52.008,103.500;52.103,103.558;52.274,103.782;52.757,104.008;52.573,103.992
m 8.430 88.470,103.688;87.735,103.684;87.086,103.674;86.494,103.655;86.055,103.615;85.814,103.520;85.764,103.500;86.000,103.214;86.765,102.000;87.192,101.692;87.500,101.502;88.171,101.171;89.000,100.882;90.327,100.673;90.500,100.634;90.573,100.622;91.880,100.654;92.000,100.668;92.198,100.698;93.500,100.862;94.368,101.132;95.000,101.303;95.486,101.514;96.500,101.847;96.618,101.882;96.935,102.000;97.369,102.316;98.129,102.611;100.136,103.354
M 8.930 5.824,77.872;5.818,77.955;6.499,78.000;6.500,78.000;6.500,78.000;6.514,78.000;8.000,77.960;8.040,77.960;8.963,78.000;9.500,78.023;9.532,78.032;11.000,78.324;11.284,78.413;11.707,78.579;12.500,78.983;12.790,79.210;13.032,79.500;14.000,80.192;14.445,80.555;14.830,81.000;15.500,81.636;15.945,82.055;16.334,82.500;16.618,82.882;17.000,83.473;17.355,84.000;17.882,84.882;18.245,85.500;18.338,85.662;18.500,85.915;19.250,86.250;20.000,86.588;21.112,86.612;21.500,86.573;21.986,86.514;23.000,86.622;24.354,87.000;24.500,87.072;25.195,87.805;25.815,88.500;26.000,88.710;26.461,89.539;26.718,90.000;27.500,90.844;28.009,91.500;28.511,91.952;29.000,92.337;29.660,93.000;30.500,93.646;31.572,94.500;31.820,94.680;32.000,94.808;33.190,95.690;33.500,95.922;33.546,95.954;33.606,96.000;34.422,96.578;35.000,96.988;35.755,97.500;36.207,97.793;36.500,97.989;37.142,98.358;38.000,98.888;38.208,99.000;39.500,99.703;40.930,100.430;41.000,100.463;41.031,100.469;41.085,100.500;42.500,101.050;43.212,101.482;43.481,101.588;44.000,101.779;44.127,101.873;44.503,102.000;47.287,102.817;48.487,103.188;48.924,103.333;49.126,103.418;49.450,103.559;49.473,103.586;49.508,103.633;49.582,103.667;49.554,103.665
M 8.930 92.877,103.523;91.632,103.516;90.635,103.500;90.716,102.216;92.000,102.144;92.520,102.980;93.500,102.836;94.363,102.863;95.000,103.178;95.195,103.305;95.275,103.363;95.363,103.397;95.595,103.483
m 9.430 2.602,79.904;2.594,80.011;2.957,80.043;3.500,80.065;4.080,80.080;5.000,80.065;5.966,80.034;6.500,80.074;7.419,80.081;8.000,80.180;8.892,80.392;9.500,80.497;9.869,80.631;10.836,81.000;10.951,81.049;11.000,81.064;12.309,81.191;12.500,81.169;12.873,81.373;14.000,82.097;14.425,82.500;14.972,83.176;15.500,83.758;15.603,83.897;15.670,84.000;15.876,84.376;16.474,85.500;17.000,86.451;17.200,86.800;17.328,87.000;17.766,87.734;18.318,88.500;18.389,88.611;18.500,88.734;19.371,89.129;20.000,89.632;20.563,90.000;21.165,90.335;21.500,90.592;22.956,91.500;22.989,91.511;23.000,91.515;23.024,91.524;24.500,92.011;25.242,92.258;26.000,92.643;26.556,93.000;27.173,93.327;27.500,93.563;28.071,93.929;28.749,94.500;29.000,94.671;29.816,95.184;30.500,95.808;30.611,95.889;30.768,96.000;31.541,96.459;32.000,96.839;32.966,97.500;33.500,97.847;34.181,98.319;35.000,98.860;35.085,98.915;35.212,99.000;36.125,99.590;36.500,99.834;36.921,100.079;37.596,100.500;39.359,101.179;40.674,101.674;41.000,101.785;41.377,102.000;42.336,102.268;44.718,102.822;45.339,102.945
M 9.930 0.477,81.708;0.492,81.734;0.645,82.076;1.744,82.061;2.000,82.083;3.279,82.279;3.500,82.290;4.982,82.482;5.000,82.483;5.016,82.484;5.101,82.500;6.500,82.774;7.477,83.023;8.000,83.223;8.575,83.425;9.500,83.801;10.766,84.000;10.969,84.031;11.000,84.030;11.029,84.029;11.210,84.000;12.500,83.815;12.612,83.888;12.841,84.024;14.100,84.910;14.463,85.500;14.830,86.170;15.424,87.000;15.500,87.116;15.942,88.058;16.249,88.500;17.000,89.587;17.162,89.838;17.306,90.000;17.916,90.633;18.325,91.066;18.474,91.159;19.633,91.867;20.000,92.043;20.686,92.314;21.500,92.660;21.756,92.744;22.403,93.000;23.000,93.178;24.027,93.473;24.500,93.672;25.905,94.405;26.000,94.445;26.036,94.464;26.085,94.500;26.978,95.022;27.500,95.358;28.411,96.000;28.772,96.228;29.000,96.398;30.423,97.500;30.500,97.559;31.374,98.126;32.000,98.633;32.536,99.000;33.180,99.320;33.500,99.616;34.064,99.936;34.980,100.607;36.500,101.100;37.679,101.447;39.483,101.866;40.861,102.139
m 10.430 -0.635,83.301;-0.591,83.378;-0.525,83.525;0.092,84.000;0.500,84.236;1.754,84.246;2.000,84.329;2.957,84.577;3.575,84.719;3.861,84.787;5.000,85.214;5.668,85.500;6.271,85.729;6.500,85.865;7.322,86.178;8.000,86.520;8.347,86.653;9.334,87.000;9.478,87.045;9.500,87.052;10.464,87.000;10.969,86.969;11.000,86.967;11.033,86.967;11.136,87.000;12.500,87.446;13.603,88.500;13.841,88.659;13.976,88.760;15.034,90.083;15.500,90.529;16.369,91.500;16.699,91.801;17.000,92.029;18.286,92.786;18.499,92.919;18.550,92.950;18.655,93.000;19.627,93.373;20.000,93.510;20.756,93.756;21.500,94.000;22.963,94.463;23.000,94.474;23.020,94.480;23.067,94.500;24.114,94.886;24.500,95.117;25.077,95.423;25.951,96.000;26.000,96.029;26.942,96.558;27.500,96.898;27.869,97.131;28.363,97.500;28.747,97.753;29.000,97.944;30.369,99.000;30.707,99.207;32.000,99.969;32.354,100.146;32.739,100.500;33.706,100.784;34.248,100.910;36.384,101.333
M 10.930 -1.747,84.894;-1.709,84.960;-1.070,85.549;-1.061,85.561;-1.000,85.609;0.046,85.954;0.500,86.171;1.353,86.353;2.000,86.578;3.450,86.950;3.502,86.964;3.526,86.974;3.580,87.000;4.595,87.405;5.000,87.588;6.263,88.263;6.500,88.377;6.589,88.411;6.751,88.500;8.000,89.002;8.450,89.136;9.239,89.489;9.500,89.551;10.958,89.958;11.000,89.967;11.080,90.000;12.143,90.357;12.500,90.510;13.159,90.906;13.977,91.500;13.991,91.509;14.000,91.514;14.093,91.593;15.500,92.777;15.616,92.884;15.770,93.000;17.000,93.660;18.043,94.043;18.500,94.224;18.699,94.301;19.245,94.500;19.818,94.682;20.000,94.740;20.980,95.020;21.500,95.182;22.598,95.598;23.000,95.724;23.202,95.798;23.538,96.000;24.500,96.557;25.898,97.398;26.000,97.459;26.026,97.474;26.070,97.500;27.500,98.322;27.909,98.591;28.449,99.000;28.715,99.185;30.387,100.227;31.906,100.527
m 11.430 -2.859,86.486;-2.849,86.505;-2.673,86.667;-2.457,86.957;-2.402,87.000;-1.993,87.507;-1.345,88.500;-1.000,88.755;0.094,88.906;0.500,88.755;0.697,88.697;2.000,88.668;2.191,88.691;3.500,88.897;4.297,89.203;5.000,89.485;5.353,89.647;6.108,90.000;6.394,90.106;6.500,90.138;6.746,90.246;8.000,90.711;8.591,90.909;9.500,91.497;9.502,91.498;9.509,91.500;10.691,91.809;11.000,91.964;11.769,92.231;12.500,92.537;12.794,92.706;13.234,93.000;13.725,93.275;14.000,93.447;14.605,93.895;15.500,94.422;15.673,94.500;16.663,94.837;17.000,94.925;17.597,95.097;18.500,95.369;18.978,95.522;20.000,95.846;20.120,95.880;20.502,96.000;21.279,96.221;21.500,96.313;22.359,96.641;23.000,97.022;23.786,97.500;24.500,97.883;25.247,98.253;26.000,98.754;26.406,99.000;27.258,99.553;27.535,99.726;27.536,99.742
M 11.930 1.233,93.416;0.552,93.202;-0.444,92.870;-1.104,92.618;-0.634,91.866;-0.328,91.500;-0.030,90.970;0.500,90.821;1.377,90.623;2.000,90.439;2.963,90.537;3.500,90.563;4.263,90.763;5.000,90.998;5.366,91.134;6.500,91.484;6.537,91.500;7.600,91.900;8.000,92.100;9.498,92.998;9.500,92.999;9.501,92.999;9.503,93.000;10.610,93.390;11.000,93.671;12.120,94.120;12.500,94.261;12.653,94.347;12.897,94.500;14.000,95.063;14.853,95.353;15.500,95.640;15.769,95.731;16.801,96.000;17.000,96.048;17.063,96.063;18.500,96.438;19.321,96.679;20.000,96.888;20.476,97.024;21.500,97.450;21.537,97.463;21.598,97.500;23.142,98.321;24.385,98.985;24.393,99.196
m 12.430 7.216,95.288;5.272,94.678;2.433,93.731;0.650,93.050;0.559,93.011;0.565,93.000;1.214,92.214;2.000,92.000;2.448,91.948;3.500,91.990;4.048,92.048;5.000,92.235;5.606,92.394;6.500,92.641;6.761,92.739;7.281,93.000;7.754,93.246;8.000,93.347;8.887,93.887;9.500,94.253;9.683,94.317;9.936,94.500;11.000,95.162;11.623,95.377;12.500,95.823;12.879,96.000;13.404,96.234;14.507,96.507;15.500,96.769;16.458,96.958;17.000,97.088;18.442,97.442;18.500,97.457;18.533,97.467;18.641,97.500;19.724,97.821;20.167,97.992;21.248,98.569;21.251,98.650
M 12.930 5.287,94.500;5.631,93.631;6.500,93.904;6.891,94.109;7.847,94.500;8.939,95.720;5.287,94.500
M 12.930 3.652,93.861;2.494,93.358;2.520,93.310;2.887,93.278;3.652,93.861
