V 27.787 99.786 11.390 0.469454 0.506701
V 35.458 100.642 9.840 0.472977 0.507067
V 43.405 101.748 8.970 0.476628 0.507547
V 49.010 103.606 9.020 0.479208 0.508382
V 57.198 104.049 7.540 0.482967 0.508556
V 65.554 105.400 6.280 0.486806 0.509148
V 73.050 104.827 4.700 0.490244 0.508856
V 82.123 103.926 7.710 0.494405 0.508407
V 91.152 101.587 8.810 0.498540 0.507295
V 99.236 102.297 8.230 0.502252 0.507593
V 106.403 103.177 7.740 0.505544 0.507972
V 119.127 104.088 5.540 0.511387 0.508344
V 129.207 104.847 4.820 0.516016 0.508657
V 136.326 103.896 3.610 0.519279 0.508192
V 144.889 106.815 2.540 0.523220 0.509505
V 153.376 107.118 2.990 0.527115 0.509613
V 161.366 103.773 0.950 0.530770 0.508042
V 12.002 96.786 12.830 0.462199 0.505377
V 19.303 98.311 12.740 0.465555 0.506052
V 2.648 93.386 12.970 0.457894 0.503845
V -1.997 92.404 11.660 0.455758 0.503409
V -3.282 87.092 11.620 0.455149 0.500966
V 8.757 88.547 10.750 0.460679 0.501592
V 13.834 90.297 10.700 0.463016 0.502380
V 18.472 91.018 9.890 0.465147 0.502695
V 28.267 92.177 9.000 0.469646 0.503192
V 37.239 92.454 7.570 0.473764 0.503287
V 44.265 93.468 7.360 0.476993 0.503728
V 51.010 93.971 5.630 0.480090 0.503935
V 59.480 94.663 4.600 0.483979 0.504222
V 67.928 94.701 4.240 0.487856 0.504208
V 77.195 95.360 4.110 0.492111 0.504478
V 83.338 93.530 5.460 0.494924 0.503612
V 91.798 93.568 5.900 0.498807 0.503598
V 100.400 93.732 5.590 0.502754 0.503641
V 109.141 94.021 4.710 0.506767 0.503742
V 120.168 95.264 3.470 0.511832 0.504274
V 128.541 96.225 2.460 0.515678 0.504686
V 138.088 96.482 0.370 0.520060 0.504769
V 146.849 96.903 -0.870 0.524082 0.504930
V 153.066 96.381 -1.570 0.526933 0.504666
V 159.953 95.962 -1.880 0.530092 0.504448
V 3.601 84.966 10.480 0.458300 0.499961
V 14.232 84.123 9.800 0.463176 0.499533
V 24.399 84.610 8.660 0.467843 0.499719
V 33.786 85.261 7.550 0.472153 0.499985
V 1.055 80.879 9.670 0.457116 0.498087
V 18.579 80.922 8.020 0.465159 0.498041
V 11.501 78.730 8.980 0.461903 0.497057
V 9.515 75.401 8.360 0.460979 0.495531
V 16.452 74.186 7.650 0.464158 0.494945
V 25.893 76.016 6.800 0.468497 0.495753
V 44.962 87.673 5.460 0.477291 0.501055
V 54.848 87.387 4.390 0.481827 0.500886
V 63.070 88.352 3.890 0.485604 0.501300
V 69.854 89.639 3.030 0.488721 0.501869
V 77.632 89.181 2.960 0.492289 0.501628
V 68.805 86.273 3.200 0.488228 0.500321
V 78.334 86.658 3.150 0.492602 0.500463
V 87.537 88.894 5.300 0.496833 0.501460
V 95.461 88.561 5.230 0.500469 0.501276
V 101.913 87.632 4.550 0.503427 0.500825
V 110.567 89.106 3.790 0.507403 0.501472
V 122.138 90.589 2.900 0.512719 0.502112
V 132.749 90.931 1.010 0.517590 0.502230
V 140.317 91.270 -0.400 0.521064 0.502358
V 145.046 89.757 -2.150 0.523228 0.501644
V 152.790 91.403 -2.410 0.526788 0.502373
V 160.235 87.147 -4.450 0.530189 0.500384
V 42.333 81.225 5.350 0.476061 0.498093
V 35.626 78.491 5.650 0.472973 0.496858
V 54.090 81.383 4.060 0.481457 0.498122
V 59.054 83.404 3.380 0.483742 0.499035
V 64.579 82.776 2.490 0.486276 0.498725
V 72.531 83.359 1.850 0.489927 0.498964
V 82.588 83.590 3.770 0.494543 0.499033
V 87.038 82.219 3.770 0.496580 0.498385
V 96.910 80.618 3.450 0.501104 0.497611
V 102.609 80.771 2.770 0.503720 0.497660
V 111.773 81.435 2.420 0.507928 0.497932
V 123.902 83.551 1.470 0.513502 0.498862
V 134.599 86.386 0.540 0.518422 0.500129
V 144.392 85.579 -1.710 0.522913 0.499721
V 155.522 84.847 -4.190 0.528018 0.499342
V 150.561 83.214 -4.910 0.525735 0.498608
V 72.778 79.276 0.930 0.490025 0.497082
V 81.864 78.102 1.050 0.494190 0.496507
V 98.640 76.994 2.730 0.501885 0.495934
V 125.045 77.715 1.080 0.514005 0.496168
V 131.413 77.708 0.020 0.516928 0.496142
V 138.036 81.639 -1.120 0.519982 0.497928
V 145.328 81.330 -3.220 0.523327 0.497759
V 149.405 79.973 -4.170 0.525192 0.497119
V 163.579 83.191 -7.650 0.531709 0.498549
V 158.579 80.243 -7.180 0.529404 0.497209
V 52.500 74.356 3.840 0.480701 0.494890
V 61.186 73.328 1.640 0.484683 0.494384
V 68.077 73.692 0.310 0.487847 0.494526
V 74.715 74.329 -0.320 0.490896 0.494795
V 82.436 75.579 1.190 0.494444 0.495342
V 95.728 73.170 2.030 0.500534 0.494183
V 103.275 72.980 2.060 0.503997 0.494067
V 111.506 73.288 1.760 0.507776 0.494178
V 122.092 72.442 0.750 0.512630 0.493749
V 143.752 77.448 -3.730 0.522589 0.495976
V 138.489 74.642 -3.510 0.520163 0.494702
V 144.388 72.019 -5.750 0.522861 0.493471
V 147.647 74.384 -6.420 0.524365 0.494550
V 153.931 75.699 -7.490 0.527254 0.495132
V 147.605 72.937 -7.230 0.524340 0.493882
V 148.153 68.957 -6.970 0.524577 0.492047
V 86.268 71.599 0.930 0.496187 0.493494
V 115.352 69.172 1.070 0.509525 0.492267
V 125.409 68.214 -0.290 0.514137 0.491789
V 137.690 70.195 -2.520 0.519780 0.492656
V 130.192 68.274 -2.150 0.516332 0.491798
V 29.162 68.779 5.780 0.469970 0.492406
V 47.481 67.599 4.470 0.478373 0.491794
V 68.328 69.733 0.630 0.487947 0.492701
V 80.559 67.498 -1.310 0.493552 0.491625
V 93.156 67.749 0.790 0.499334 0.491694
V 99.095 66.967 0.940 0.502057 0.491312
V 54.083 63.891 3.730 0.481389 0.490061
V 62.270 66.964 1.100 0.485157 0.491447
V 74.249 65.133 -0.330 0.490648 0.490559
V 88.122 64.010 -0.080 0.497010 0.489990
V 122.420 61.878 -1.220 0.512742 0.488880
V 18.692 67.781 7.240 0.465162 0.491985
V 25.980 65.231 6.330 0.468497 0.490783
V 25.666 60.768 6.500 0.468336 0.488727
V 38.644 61.394 4.960 0.474294 0.488968
V 69.619 61.642 0.580 0.488510 0.488967
V 70.169 58.584 1.030 0.488751 0.487556
V 73.547 56.723 1.080 0.490294 0.486686
V 84.579 61.261 -2.640 0.495374 0.488736
V 87.494 57.441 -3.070 0.496698 0.486965
V 99.097 59.185 0.270 0.502029 0.487725
V 107.349 59.885 -0.050 0.505818 0.488017
V 115.973 59.646 -0.220 0.509775 0.487875
V 127.887 58.209 -3.080 0.515237 0.487168
V 127.587 61.392 -2.480 0.515111 0.488636
V 136.637 66.151 -6.620 0.519282 0.490796
V 136.481 61.009 -6.330 0.519192 0.488427
V 144.513 62.778 -6.830 0.522884 0.489212
V 138.185 55.782 -6.810 0.519954 0.486012
V 131.981 53.009 -7.550 0.517097 0.484757
V 128.927 48.907 -7.730 0.515680 0.482878
V 135.420 47.963 -6.710 0.518656 0.482419
V 59.428 58.257 3.400 0.483821 0.487445
V 49.816 56.166 4.330 0.479402 0.486517
V 68.064 55.376 1.870 0.487773 0.486085
V 106.003 55.321 -1.000 0.505184 0.485919
V 111.796 53.749 -1.450 0.507836 0.485173
V 116.757 55.121 -1.610 0.510118 0.485787
V 94.585 51.454 -3.810 0.499930 0.484179
V 34.331 56.044 6.050 0.472296 0.486518
V 34.881 53.250 5.860 0.472538 0.485229
V 46.248 52.889 4.520 0.477753 0.485020
V 75.734 51.214 0.890 0.491278 0.484139
V 82.149 48.821 -0.360 0.494213 0.483012
V 105.819 49.777 -2.240 0.505079 0.483365
V 111.667 49.788 -2.680 0.507762 0.483348
V 117.495 49.138 -4.850 0.510435 0.483027
V 123.364 49.677 -5.000 0.513130 0.483254
V 39.283 50.815 5.600 0.474549 0.484090
V 54.009 48.062 3.790 0.481296 0.482767
V 66.071 48.066 2.360 0.486832 0.482724
V 66.998 44.455 1.860 0.487244 0.481056
V 76.560 44.700 1.160 0.491633 0.481134
V 101.617 47.314 -3.470 0.503141 0.482245
V 112.728 45.639 -4.000 0.508234 0.481432
V 122.537 44.550 -6.120 0.512731 0.480894
V 36.722 46.304 5.480 0.473357 0.482021
V 42.969 43.520 5.370 0.476213 0.480715
V 48.942 43.788 4.240 0.478955 0.480816
V 59.736 45.301 3.290 0.483914 0.481473
V 80.584 42.142 0.910 0.493470 0.479940
V 90.467 43.697 -2.710 0.498011 0.480620
V 106.657 42.991 -3.970 0.505438 0.480234
V 95.402 44.276 -4.280 0.500278 0.480868
V 41.130 40.559 5.240 0.475358 0.479357
V 62.741 40.539 2.980 0.485276 0.479268
V 71.210 39.904 1.280 0.489160 0.478943
V 85.919 38.996 -0.370 0.495907 0.478470
V 95.509 39.636 -3.530 0.500310 0.478730
V 112.546 35.974 -6.150 0.508115 0.476979
V 116.358 38.592 -6.180 0.509874 0.478171
V 131.546 38.856 -6.820 0.516845 0.478236
V 40.598 37.142 4.910 0.475102 0.477784
V 53.285 36.055 4.270 0.480920 0.477236
V 64.453 36.624 2.090 0.486047 0.477457
V 92.833 35.247 -2.900 0.499066 0.476717
V 104.366 34.078 -5.390 0.504354 0.476135
V 120.726 33.625 -7.340 0.511860 0.475866
V 44.047 33.812 4.930 0.476672 0.476237
V 49.293 32.256 4.580 0.479074 0.475500
V 56.701 31.665 3.690 0.482471 0.475200
V 99.710 30.169 -4.350 0.502203 0.474351
V 109.414 29.741 -5.930 0.506654 0.474118
V 128.356 30.501 -7.140 0.515350 0.474398
V 44.365 28.364 4.740 0.476798 0.473725
V 62.365 26.905 2.780 0.485053 0.472986
V 52.999 25.063 3.730 0.480748 0.472172
V 105.759 23.924 -5.960 0.504956 0.471451
V 39.940 23.784 4.560 0.474750 0.471630
V 45.651 20.477 3.900 0.477359 0.470085
V 56.761 19.186 2.520 0.482453 0.469449
V 42.767 14.625 3.610 0.476014 0.467399
V 50.201 14.427 3.320 0.479424 0.467280
V 57.553 11.970 2.550 0.482789 0.466121
V 47.337 9.100 3.040 0.478091 0.464836
V 41.888 5.749 2.820 0.475578 0.463312
V 56.668 6.151 2.650 0.482362 0.463443
V 48.970 3.166 3.120 0.478818 0.462096
V 45.500 4.500 2.973 0.477231 0.462723
V 47.000 4.500 3.029 0.477919 0.462717
V 48.500 4.500 3.045 0.478607 0.462712
V 50.000 4.500 3.026 0.479296 0.462706
V 51.500 4.500 2.990 0.479984 0.462701
V 42.500 6.000 2.860 0.475859 0.463425
V 44.000 6.000 2.911 0.476548 0.463420
V 45.500 6.000 2.956 0.477236 0.463414
V 47.000 6.000 2.988 0.477924 0.463409
V 48.500 6.000 2.992 0.478613 0.463403
V 50.000 6.000 2.970 0.479301 0.463398
V 51.500 6.000 2.932 0.479990 0.463392
V 53.000 6.000 2.878 0.480678 0.463386
V 54.500 6.000 2.804 0.481366 0.463381
V 56.000 6.000 2.704 0.482055 0.463375
V 42.500 7.500 2.971 0.475865 0.464117
V 44.000 7.500 2.974 0.476553 0.464111
V 45.500 7.500 2.976 0.477242 0.464106
V 47.000 7.500 2.988 0.477930 0.464100
V 48.500 7.500 2.982 0.478618 0.464094
V 50.000 7.500 2.961 0.479307 0.464089
V 51.500 7.500 2.927 0.479995 0.464083
V 53.000 7.500 2.879 0.480683 0.464078
V 54.500 7.500 2.810 0.481372 0.464072
V 56.000 7.500 2.705 0.482060 0.464067
V 42.500 9.000 3.098 0.475870 0.464808
V 44.000 9.000 3.082 0.476559 0.464802
V 45.500 9.000 3.055 0.477247 0.464797
V 48.500 9.000 3.027 0.478624 0.464786
V 50.000 9.000 3.010 0.479312 0.464780
V 51.500 9.000 2.980 0.480001 0.464775
V 53.000 9.000 2.931 0.480689 0.464769
V 54.500 9.000 2.841 0.481377 0.464763
V 56.000 9.000 2.714 0.482066 0.464758
V 42.500 10.500 3.232 0.475876 0.465499
V 44.000 10.500 3.205 0.476564 0.465494
V 45.500 10.500 3.160 0.477253 0.465488
V 47.000 10.500 3.131 0.477941 0.465483
V 48.500 10.500 3.120 0.478629 0.465477
V 50.000 10.500 3.098 0.479318 0.465471
V 51.500 10.500 3.058 0.480006 0.465466
V 53.000 10.500 2.985 0.480695 0.465460
V 54.500 10.500 2.862 0.481383 0.465455
V 56.000 10.500 2.721 0.482071 0.465449
V 42.500 12.000 3.371 0.475882 0.466190
V 44.000 12.000 3.330 0.476570 0.466185
V 45.500 12.000 3.280 0.477258 0.466179
V 47.000 12.000 3.257 0.477947 0.466174
V 48.500 12.000 3.234 0.478635 0.466168
V 50.000 12.000 3.195 0.479323 0.466163
V 51.500 12.000 3.133 0.480012 0.466157
V 53.000 12.000 3.021 0.480700 0.466152
V 54.500 12.000 2.879 0.481388 0.466146
V 56.000 12.000 2.721 0.482077 0.466140
V 42.500 13.500 3.513 0.475887 0.466882
V 44.000 13.500 3.462 0.476575 0.466876
V 45.500 13.500 3.428 0.477264 0.466871
V 47.000 13.500 3.397 0.477952 0.466865
V 48.500 13.500 3.352 0.478641 0.466859
V 50.000 13.500 3.286 0.479329 0.466854
V 51.500 13.500 3.187 0.480017 0.466848
V 53.000 13.500 3.051 0.480706 0.466843
V 54.500 13.500 2.886 0.481394 0.466837
V 56.000 13.500 2.691 0.482082 0.466832
V 57.500 13.500 2.518 0.482771 0.466826
V 41.000 15.000 3.706 0.475204 0.467579
V 44.000 15.000 3.600 0.476581 0.467567
V 45.500 15.000 3.556 0.477269 0.467562
V 47.000 15.000 3.508 0.477958 0.467556
V 48.500 15.000 3.445 0.478646 0.467551
V 50.000 15.000 3.358 0.479334 0.467545
V 51.500 15.000 3.218 0.480023 0.467540
V 53.000 15.000 3.038 0.480711 0.467534
V 54.500 15.000 2.832 0.481400 0.467528
V 56.000 15.000 2.611 0.482088 0.467523
V 57.500 15.000 2.467 0.482776 0.467517
V 41.000 16.500 3.871 0.475210 0.468270
V 42.500 16.500 3.790 0.475898 0.468264
V 44.000 16.500 3.705 0.476587 0.468259
V 45.500 16.500 3.640 0.477275 0.468253
V 47.000 16.500 3.580 0.477963 0.468248
V 48.500 16.500 3.507 0.478652 0.468242
V 50.000 16.500 3.422 0.479340 0.468236
V 51.500 16.500 3.282 0.480028 0.468231
V 53.000 16.500 3.048 0.480717 0.468225
V 54.500 16.500 2.805 0.481405 0.468220
V 56.000 16.500 2.567 0.482093 0.468214
V 57.500 16.500 2.424 0.482782 0.468209
V 59.000 16.500 2.515 0.483470 0.468203
V 41.000 18.000 4.021 0.475215 0.468961
V 42.500 18.000 3.921 0.475904 0.468956
V 44.000 18.000 3.818 0.476592 0.468950
V 45.500 18.000 3.728 0.477280 0.468944
V 47.000 18.000 3.655 0.477969 0.468939
V 48.500 18.000 3.576 0.478657 0.468933
V 50.000 18.000 3.492 0.479346 0.468928
V 51.500 18.000 3.372 0.480034 0.468922
V 53.000 18.000 3.123 0.480722 0.468917
V 54.500 18.000 2.847 0.481411 0.468911
V 56.000 18.000 2.585 0.482099 0.468905
V 57.500 18.000 2.413 0.482787 0.468900
V 59.000 18.000 2.551 0.483476 0.468894
V 41.000 19.500 4.160 0.475221 0.469652
V 42.500 19.500 4.050 0.475909 0.469647
V 44.000 19.500 3.938 0.476598 0.469641
V 45.500 19.500 3.832 0.477286 0.469636
V 47.000 19.500 3.744 0.477974 0.469630
V 48.500 19.500 3.659 0.478663 0.469625
V 50.000 19.500 3.572 0.479351 0.469619
V 51.500 19.500 3.460 0.480039 0.469613
V 53.000 19.500 3.232 0.480728 0.469608
V 54.500 19.500 2.942 0.481416 0.469602
V 56.000 19.500 2.667 0.482105 0.469597
V 57.500 19.500 2.456 0.482793 0.469591
V 59.000 19.500 2.529 0.483481 0.469586
V 41.000 21.000 4.286 0.475226 0.470344
V 42.500 21.000 4.180 0.475915 0.470338
V 44.000 21.000 4.065 0.476603 0.470332
V 47.000 21.000 3.856 0.477980 0.470321
V 48.500 21.000 3.759 0.478668 0.470316
V 50.000 21.000 3.663 0.479357 0.470310
V 51.500 21.000 3.553 0.480045 0.470305
V 53.000 21.000 3.354 0.480733 0.470299
V 54.500 21.000 3.068 0.481422 0.470294
V 56.000 21.000 2.801 0.482110 0.470288
V 57.500 21.000 2.572 0.482798 0.470282
V 59.000 21.000 2.532 0.483487 0.470277
V 41.000 22.500 4.408 0.475232 0.471035
V 42.500 22.500 4.302 0.475920 0.471029
V 44.000 22.500 4.200 0.476609 0.471024
V 45.500 22.500 4.107 0.477297 0.471018
V 47.000 22.500 4.002 0.477985 0.471013
V 48.500 22.500 3.890 0.478674 0.471007
V 50.000 22.500 3.777 0.479362 0.471001
V 51.500 22.500 3.658 0.480051 0.470996
V 53.000 22.500 3.485 0.480739 0.470990
V 54.500 22.500 3.224 0.481427 0.470985
V 56.000 22.500 2.983 0.482116 0.470979
V 57.500 22.500 2.759 0.482804 0.470974
V 59.000 22.500 2.622 0.483492 0.470968
V 60.500 22.500 2.726 0.484181 0.470963
V 41.000 24.000 4.525 0.475238 0.471726
V 42.500 24.000 4.447 0.475926 0.471721
V 44.000 24.000 4.362 0.476614 0.471715
V 45.500 24.000 4.270 0.477303 0.471709
V 47.000 24.000 4.169 0.477991 0.471704
V 48.500 24.000 4.053 0.478679 0.471698
V 50.000 24.000 3.925 0.479368 0.471693
V 51.500 24.000 3.785 0.480056 0.471687
V 53.000 24.000 3.626 0.480744 0.471682
V 54.500 24.000 3.410 0.481433 0.471676
V 56.000 24.000 3.208 0.482121 0.471670
V 57.500 24.000 3.006 0.482810 0.471665
V 59.000 24.000 2.811 0.483498 0.471659
V 60.500 24.000 2.736 0.484186 0.471654
V 41.000 25.500 4.632 0.475243 0.472417
V 42.500 25.500 4.596 0.475931 0.472412
V 44.000 25.500 4.520 0.476620 0.472406
V 45.500 25.500 4.433 0.477308 0.472401
V 47.000 25.500 4.337 0.477997 0.472395
V 48.500 25.500 4.225 0.478685 0.472390
V 50.000 25.500 4.094 0.479373 0.472384
V 51.500 25.500 3.942 0.480062 0.472378
V 54.500 25.500 3.594 0.481438 0.472367
V 56.000 25.500 3.419 0.482127 0.472362
V 57.500 25.500 3.242 0.482815 0.472356
V 59.000 25.500 3.059 0.483503 0.472351
V 60.500 25.500 2.871 0.484192 0.472345
V 105.500 25.500 -5.712 0.504843 0.472178
V 107.000 25.500 -5.957 0.505531 0.472172
V 108.500 25.500 -6.261 0.506219 0.472167
V 110.000 25.500 -6.455 0.506908 0.472161
V 39.500 27.000 4.762 0.474560 0.473114
V 41.000 27.000 4.674 0.475249 0.473109
V 42.500 27.000 4.706 0.475937 0.473103
V 44.000 27.000 4.660 0.476625 0.473098
V 45.500 27.000 4.579 0.477314 0.473092
V 47.000 27.000 4.484 0.478002 0.473086
V 48.500 27.000 4.366 0.478690 0.473081
V 50.000 27.000 4.227 0.479379 0.473075
V 51.500 27.000 4.071 0.480067 0.473070
V 53.000 27.000 3.906 0.480756 0.473064
V 54.500 27.000 3.720 0.481444 0.473059
V 56.000 27.000 3.529 0.482132 0.473053
V 57.500 27.000 3.343 0.482821 0.473047
V 59.000 27.000 3.162 0.483509 0.473042
V 60.500 27.000 2.988 0.484197 0.473036
V 104.000 27.000 -5.314 0.504160 0.472875
V 105.500 27.000 -5.547 0.504848 0.472869
V 107.000 27.000 -5.765 0.505537 0.472864
V 108.500 27.000 -6.016 0.506225 0.472858
V 110.000 27.000 -6.398 0.506913 0.472853
V 111.500 27.000 -6.615 0.507602 0.472847
V 113.000 27.000 -6.752 0.508290 0.472841
V 114.500 27.000 -6.866 0.508978 0.472836
V 116.000 27.000 -6.984 0.509667 0.472830
V 39.500 28.500 4.810 0.474566 0.473805
V 41.000 28.500 4.682 0.475254 0.473800
V 42.500 28.500 4.762 0.475943 0.473794
V 45.500 28.500 4.687 0.477319 0.473783
V 47.000 28.500 4.588 0.478008 0.473778
V 48.500 28.500 4.469 0.478696 0.473772
V 50.000 28.500 4.331 0.479384 0.473767
V 51.500 28.500 4.180 0.480073 0.473761
V 53.000 28.500 4.018 0.480761 0.473755
V 54.500 28.500 3.834 0.481449 0.473750
V 56.000 28.500 3.630 0.482138 0.473744
V 57.500 28.500 3.427 0.482826 0.473739
V 59.000 28.500 3.229 0.483515 0.473733
V 60.500 28.500 3.035 0.484203 0.473728
V 62.000 28.500 2.808 0.484891 0.473722
V 63.500 28.500 2.645 0.485580 0.473716
V 65.000 28.500 2.569 0.486268 0.473711
V 102.500 28.500 -4.951 0.503477 0.473572
V 104.000 28.500 -5.213 0.504165 0.473566
V 105.500 28.500 -5.446 0.504854 0.473561
V 107.000 28.500 -5.654 0.505542 0.473555
V 108.500 28.500 -5.850 0.506230 0.473549
V 110.000 28.500 -6.104 0.506919 0.473544
V 111.500 28.500 -6.484 0.507607 0.473538
V 113.000 28.500 -6.794 0.508296 0.473533
V 114.500 28.500 -6.938 0.508984 0.473527
V 116.000 28.500 -7.031 0.509672 0.473522
V 117.500 28.500 -7.091 0.510361 0.473516
V 119.000 28.500 -7.137 0.511049 0.473510
V 120.500 28.500 -7.179 0.511737 0.473505
V 39.500 30.000 4.834 0.474571 0.474497
V 41.000 30.000 4.690 0.475260 0.474491
V 42.500 30.000 4.795 0.475948 0.474486
V 44.000 30.000 4.839 0.476636 0.474480
V 45.500 30.000 4.767 0.477325 0.474475
V 47.000 30.000 4.668 0.478013 0.474469
V 48.500 30.000 4.551 0.478702 0.474463
V 50.000 30.000 4.417 0.479390 0.474458
V 51.500 30.000 4.272 0.480078 0.474452
V 53.000 30.000 4.110 0.480767 0.474447
V 54.500 30.000 3.927 0.481455 0.474441
V 56.000 30.000 3.718 0.482143 0.474436
V 57.500 30.000 3.500 0.482832 0.474430
V 59.000 30.000 3.282 0.483520 0.474424
V 60.500 30.000 3.028 0.484208 0.474419
V 62.000 30.000 2.730 0.484897 0.474413
V 63.500 30.000 2.541 0.485585 0.474408
V 65.000 30.000 2.436 0.486273 0.474402
V 66.500 30.000 2.437 0.486962 0.474397
V 68.000 30.000 2.389 0.487650 0.474391
V 101.000 30.000 -4.627 0.502794 0.474268
V 102.500 30.000 -4.923 0.503483 0.474263
V 104.000 30.000 -5.188 0.504171 0.474257
V 105.500 30.000 -5.427 0.504859 0.474252
V 107.000 30.000 -5.641 0.505548 0.474246
V 108.500 30.000 -5.831 0.506236 0.474241
V 110.000 30.000 -6.000 0.506924 0.474235
V 111.500 30.000 -6.235 0.507613 0.474230
V 113.000 30.000 -6.556 0.508301 0.474224
V 114.500 30.000 -6.925 0.508989 0.474218
V 116.000 30.000 -7.106 0.509678 0.474213
V 117.500 30.000 -7.205 0.510366 0.474207
V 119.000 30.000 -7.263 0.511055 0.474202
V 120.500 30.000 -7.288 0.511743 0.474196
V 122.000 30.000 -7.287 0.512431 0.474191
V 123.500 30.000 -7.265 0.513120 0.474185
V 125.000 30.000 -7.232 0.513808 0.474179
V 126.500 30.000 -7.197 0.514496 0.474174
V 39.500 31.500 4.844 0.474577 0.475188
V 41.000 31.500 4.707 0.475265 0.475182
V 42.500 31.500 4.837 0.475954 0.475177
V 44.000 31.500 4.900 0.476642 0.475171
V 45.500 31.500 4.827 0.477330 0.475166
V 47.000 31.500 4.731 0.478019 0.475160
V 48.500 31.500 4.618 0.478707 0.475155
V 50.000 31.500 4.488 0.479395 0.475149
V 51.500 31.500 4.345 0.480084 0.475144
V 53.000 31.500 4.182 0.480772 0.475138
V 54.500 31.500 3.998 0.481461 0.475132
V 56.000 31.500 3.790 0.482149 0.475127
V 57.500 31.500 3.556 0.482837 0.475121
V 59.000 31.500 3.284 0.483526 0.475116
V 60.500 31.500 2.976 0.484214 0.475110
V 62.000 31.500 2.643 0.484902 0.475105
V 63.500 31.500 2.399 0.485591 0.475099
V 65.000 31.500 2.289 0.486279 0.475093
V 66.500 31.500 2.212 0.486967 0.475088
V 68.000 31.500 2.251 0.487656 0.475082
V 69.500 31.500 2.309 0.488344 0.475077
V 71.000 31.500 2.215 0.489032 0.475071
V 98.000 31.500 -4.016 0.501423 0.474971
V 99.500 31.500 -4.308 0.502111 0.474965
V 101.000 31.500 -4.688 0.502800 0.474960
V 102.500 31.500 -5.016 0.503488 0.474954
V 104.000 31.500 -5.290 0.504176 0.474949
V 105.500 31.500 -5.525 0.504865 0.474943
V 107.000 31.500 -5.720 0.505553 0.474937
V 108.500 31.500 -5.876 0.506242 0.474932
V 110.000 31.500 -6.031 0.506930 0.474926
V 111.500 31.500 -6.213 0.507618 0.474921
V 113.000 31.500 -6.413 0.508307 0.474915
V 114.500 31.500 -6.666 0.508995 0.474910
V 116.000 31.500 -6.962 0.509683 0.474904
V 117.500 31.500 -7.227 0.510372 0.474898
V 119.000 31.500 -7.330 0.511060 0.474893
V 120.500 31.500 -7.388 0.511748 0.474887
V 122.000 31.500 -7.404 0.512437 0.474882
V 123.500 31.500 -7.384 0.513125 0.474876
V 125.000 31.500 -7.333 0.513814 0.474871
V 126.500 31.500 -7.257 0.514502 0.474865
V 128.000 31.500 -7.145 0.515190 0.474859
V 39.500 33.000 4.850 0.474582 0.475879
V 41.000 33.000 4.740 0.475271 0.475874
V 42.500 33.000 4.893 0.475959 0.475868
V 44.000 33.000 4.931 0.476648 0.475863
V 45.500 33.000 4.856 0.477336 0.475857
V 47.000 33.000 4.767 0.478024 0.475851
V 48.500 33.000 4.663 0.478713 0.475846
V 50.000 33.000 4.542 0.479401 0.475840
V 51.500 33.000 4.403 0.480089 0.475835
V 53.000 33.000 4.245 0.480778 0.475829
V 54.500 33.000 4.065 0.481466 0.475824
V 56.000 33.000 3.856 0.482154 0.475818
V 57.500 33.000 3.625 0.482843 0.475813
V 59.000 33.000 3.302 0.483531 0.475807
V 60.500 33.000 2.953 0.484219 0.475801
V 62.000 33.000 2.594 0.484908 0.475796
V 63.500 33.000 2.277 0.485596 0.475790
V 65.000 33.000 2.108 0.486285 0.475785
V 66.500 33.000 2.027 0.486973 0.475779
V 68.000 33.000 1.984 0.487661 0.475774
V 69.500 33.000 2.043 0.488350 0.475768
V 71.000 33.000 2.140 0.489038 0.475762
V 72.500 33.000 2.141 0.489726 0.475757
V 74.000 33.000 1.994 0.490415 0.475751
V 96.500 33.000 -3.750 0.500740 0.475668
V 98.000 33.000 -3.971 0.501429 0.475662
V 99.500 33.000 -4.300 0.502117 0.475657
V 101.000 33.000 -4.709 0.502805 0.475651
V 102.500 33.000 -5.066 0.503494 0.475645
V 104.000 33.000 -5.356 0.504182 0.475640
V 105.500 33.000 -5.575 0.504870 0.475634
V 107.000 33.000 -5.748 0.505559 0.475629
V 108.500 33.000 -5.901 0.506247 0.475623
V 110.000 33.000 -6.049 0.506935 0.475618
V 111.500 33.000 -6.231 0.507624 0.475612
V 113.000 33.000 -6.435 0.508312 0.475606
V 114.500 33.000 -6.642 0.509001 0.475601
V 116.000 33.000 -6.849 0.509689 0.475595
V 117.500 33.000 -7.051 0.510377 0.475590
V 119.000 33.000 -7.244 0.511066 0.475584
V 120.500 33.000 -7.375 0.511754 0.475579
V 122.000 33.000 -7.428 0.512442 0.475573
V 123.500 33.000 -7.423 0.513131 0.475567
V 125.000 33.000 -7.358 0.513819 0.475562
V 126.500 33.000 -7.237 0.514507 0.475556
V 128.000 33.000 -7.076 0.515196 0.475551
V 39.500 34.500 4.860 0.474588 0.476571
V 41.000 34.500 4.797 0.475276 0.476565
V 42.500 34.500 4.932 0.475965 0.476559
V 44.000 34.500 4.929 0.476653 0.476554
V 45.500 34.500 4.850 0.477341 0.476548
V 47.000 34.500 4.764 0.478030 0.476543
V 48.500 34.500 4.666 0.478718 0.476537
V 50.000 34.500 4.557 0.479407 0.476532
V 51.500 34.500 4.434 0.480095 0.476526
V 53.000 34.500 4.291 0.480783 0.476520
V 54.500 34.500 4.121 0.481472 0.476515
V 56.000 34.500 3.926 0.482160 0.476509
V 57.500 34.500 3.710 0.482848 0.476504
V 59.000 34.500 3.438 0.483537 0.476498
V 60.500 34.500 3.028 0.484225 0.476493
V 62.000 34.500 2.619 0.484913 0.476487
V 63.500 34.500 2.232 0.485602 0.476482
V 65.000 34.500 1.967 0.486290 0.476476
V 66.500 34.500 1.843 0.486978 0.476470
V 68.000 34.500 1.772 0.487667 0.476465
V 69.500 34.500 1.763 0.488355 0.476459
V 71.000 34.500 1.827 0.489044 0.476454
V 72.500 34.500 1.913 0.489732 0.476448
V 74.000 34.500 1.948 0.490420 0.476443
V 75.500 34.500 1.881 0.491109 0.476437
V 77.000 34.500 1.675 0.491797 0.476431
V 95.000 34.500 -3.441 0.500057 0.476365
V 96.500 34.500 -3.685 0.500746 0.476359
V 98.000 34.500 -3.912 0.501434 0.476353
V 99.500 34.500 -4.289 0.502122 0.476348
V 101.000 34.500 -4.687 0.502811 0.476342
V 102.500 34.500 -5.031 0.503499 0.476337
V 105.500 34.500 -5.518 0.504876 0.476326
V 107.000 34.500 -5.697 0.505564 0.476320
V 108.500 34.500 -5.856 0.506253 0.476314
V 110.000 34.500 -6.008 0.506941 0.476309
V 111.500 34.500 -6.175 0.507629 0.476303
V 113.000 34.500 -6.387 0.508318 0.476298
V 114.500 34.500 -6.608 0.509006 0.476292
V 116.000 34.500 -6.807 0.509694 0.476287
V 117.500 34.500 -6.976 0.510383 0.476281
V 119.000 34.500 -7.114 0.511071 0.476275
V 120.500 34.500 -7.231 0.511760 0.476270
V 122.000 34.500 -7.320 0.512448 0.476264
V 123.500 34.500 -7.342 0.513136 0.476259
V 125.000 34.500 -7.296 0.513825 0.476253
V 126.500 34.500 -7.184 0.514513 0.476248
V 128.000 34.500 -7.020 0.515201 0.476242
V 129.500 34.500 -6.939 0.515890 0.476236
V 39.500 36.000 4.881 0.474594 0.477262
V 41.000 36.000 4.877 0.475282 0.477256
V 42.500 36.000 4.979 0.475970 0.477251
V 44.000 36.000 4.928 0.476659 0.477245
V 45.500 36.000 4.820 0.477347 0.477240
V 47.000 36.000 4.731 0.478035 0.477234
V 48.500 36.000 4.640 0.478724 0.477228
V 50.000 36.000 4.538 0.479412 0.477223
V 51.500 36.000 4.423 0.480100 0.477217
V 54.500 36.000 4.154 0.481477 0.477206
V 56.000 36.000 3.989 0.482165 0.477201
V 57.500 36.000 3.792 0.482854 0.477195
V 59.000 36.000 3.549 0.483542 0.477189
V 60.500 36.000 3.207 0.484231 0.477184
V 62.000 36.000 2.749 0.484919 0.477178
V 63.500 36.000 2.305 0.485607 0.477173
V 65.000 36.000 1.922 0.486296 0.477167
V 66.500 36.000 1.695 0.486984 0.477162
V 68.000 36.000 1.615 0.487672 0.477156
V 69.500 36.000 1.550 0.488361 0.477150
V 71.000 36.000 1.560 0.489049 0.477145
V 72.500 36.000 1.612 0.489737 0.477139
V 74.000 36.000 1.658 0.490426 0.477134
V 75.500 36.000 1.667 0.491114 0.477128
V 77.000 36.000 1.619 0.491803 0.477123
V 78.500 36.000 1.478 0.492491 0.477117
V 80.000 36.000 1.205 0.493179 0.477112
V 92.000 36.000 -2.627 0.498686 0.477067
V 93.500 36.000 -3.058 0.499375 0.477061
V 95.000 36.000 -3.374 0.500063 0.477056
V 96.500 36.000 -3.612 0.500751 0.477050
V 98.000 36.000 -3.896 0.501440 0.477045
V 99.500 36.000 -4.281 0.502128 0.477039
V 101.000 36.000 -4.639 0.502816 0.477034
V 102.500 36.000 -4.942 0.503505 0.477028
V 104.000 36.000 -5.169 0.504193 0.477022
V 105.500 36.000 -5.349 0.504881 0.477017
V 107.000 36.000 -5.511 0.505570 0.477011
V 108.500 36.000 -5.666 0.506258 0.477006
V 110.000 36.000 -5.825 0.506947 0.477000
V 111.500 36.000 -6.003 0.507635 0.476995
V 114.500 36.000 -6.413 0.509012 0.476983
V 116.000 36.000 -6.597 0.509700 0.476978
V 117.500 36.000 -6.765 0.510388 0.476972
V 119.000 36.000 -6.914 0.511077 0.476967
V 120.500 36.000 -7.041 0.511765 0.476961
V 122.000 36.000 -7.155 0.512453 0.476956
V 123.500 36.000 -7.224 0.513142 0.476950
V 125.000 36.000 -7.229 0.513830 0.476944
V 126.500 36.000 -7.169 0.514519 0.476939
V 128.000 36.000 -7.042 0.515207 0.476933
V 129.500 36.000 -6.884 0.515895 0.476928
V 38.000 37.500 5.152 0.473911 0.477959
V 39.500 37.500 4.920 0.474599 0.477953
V 42.500 37.500 5.028 0.475976 0.477942
V 44.000 37.500 4.938 0.476664 0.477936
V 45.500 37.500 4.796 0.477352 0.477931
V 47.000 37.500 4.676 0.478041 0.477925
V 48.500 37.500 4.577 0.478729 0.477920
V 50.000 37.500 4.476 0.479418 0.477914
V 51.500 37.500 4.368 0.480106 0.477909
V 53.000 37.500 4.254 0.480794 0.477903
V 54.500 37.500 4.132 0.481483 0.477897
V 56.000 37.500 4.011 0.482171 0.477892
V 57.500 37.500 3.849 0.482859 0.477886
V 59.000 37.500 3.632 0.483548 0.477881
V 60.500 37.500 3.349 0.484236 0.477875
V 62.000 37.500 2.933 0.484924 0.477870
V 63.500 37.500 2.469 0.485613 0.477864
V 65.000 37.500 2.032 0.486301 0.477858
V 66.500 37.500 1.690 0.486990 0.477853
V 68.000 37.500 1.497 0.487678 0.477847
V 69.500 37.500 1.425 0.488366 0.477842
V 71.000 37.500 1.373 0.489055 0.477836
V 72.500 37.500 1.384 0.489743 0.477831
V 74.000 37.500 1.398 0.490431 0.477825
V 75.500 37.500 1.389 0.491120 0.477819
V 77.000 37.500 1.345 0.491808 0.477814
V 78.500 37.500 1.254 0.492496 0.477808
V 80.000 37.500 1.104 0.493185 0.477803
V 81.500 37.500 0.878 0.493873 0.477797
V 83.000 37.500 0.531 0.494562 0.477792
V 89.000 37.500 -1.476 0.497315 0.477769
V 90.500 37.500 -2.061 0.498003 0.477764
V 92.000 37.500 -2.661 0.498692 0.477758
V 93.500 37.500 -3.062 0.499380 0.477753
V 95.000 37.500 -3.355 0.500068 0.477747
V 96.500 37.500 -3.596 0.500757 0.477742
V 98.000 37.500 -3.921 0.501445 0.477736
V 99.500 37.500 -4.254 0.502134 0.477730
V 101.000 37.500 -4.539 0.502822 0.477725
V 102.500 37.500 -4.771 0.503510 0.477719
V 104.000 37.500 -4.960 0.504199 0.477714
V 105.500 37.500 -5.112 0.504887 0.477708
V 107.000 37.500 -5.243 0.505575 0.477703
V 108.500 37.500 -5.375 0.506264 0.477697
V 110.000 37.500 -5.524 0.506952 0.477691
V 111.500 37.500 -5.717 0.507640 0.477686
V 113.000 37.500 -5.933 0.508329 0.477680
V 114.500 37.500 -6.147 0.509017 0.477675
V 116.000 37.500 -6.340 0.509706 0.477669
V 117.500 37.500 -6.520 0.510394 0.477664
V 119.000 37.500 -6.682 0.511082 0.477658
V 120.500 37.500 -6.825 0.511771 0.477652
V 122.000 37.500 -6.962 0.512459 0.477647
V 123.500 37.500 -7.060 0.513147 0.477641
V 125.000 37.500 -7.111 0.513836 0.477636
V 126.500 37.500 -7.109 0.514524 0.477630
V 128.000 37.500 -7.054 0.515212 0.477625
V 129.500 37.500 -6.944 0.515901 0.477619
V 131.000 37.500 -6.820 0.516589 0.477613
V 38.000 39.000 5.176 0.473916 0.478650
V 39.500 39.000 4.990 0.474605 0.478644
V 41.000 39.000 5.104 0.475293 0.478639
V 42.500 39.000 5.081 0.475981 0.478633
V 44.000 39.000 4.960 0.476670 0.478628
V 45.500 39.000 4.789 0.477358 0.478622
V 47.000 39.000 4.625 0.478046 0.478617
V 48.500 39.000 4.501 0.478735 0.478611
V 50.000 39.000 4.390 0.479423 0.478605
V 51.500 39.000 4.278 0.480111 0.478600
V 53.000 39.000 4.175 0.480800 0.478594
V 54.500 39.000 4.081 0.481488 0.478589
V 56.000 39.000 3.947 0.482177 0.478583
V 57.500 39.000 3.832 0.482865 0.478578
V 59.000 39.000 3.666 0.483553 0.478572
V 60.500 39.000 3.424 0.484242 0.478566
V 62.000 39.000 3.090 0.484930 0.478561
V 63.500 39.000 2.649 0.485618 0.478555
V 65.000 39.000 2.235 0.486307 0.478550
V 66.500 39.000 1.872 0.486995 0.478544
V 68.000 39.000 1.573 0.487683 0.478539
V 69.500 39.000 1.378 0.488372 0.478533
V 71.000 39.000 1.288 0.489060 0.478527
V 72.500 39.000 1.244 0.489749 0.478522
V 74.000 39.000 1.208 0.490437 0.478516
V 75.500 39.000 1.164 0.491125 0.478511
V 77.000 39.000 1.100 0.491814 0.478505
V 78.500 39.000 1.004 0.492502 0.478500
V 80.000 39.000 0.863 0.493190 0.478494
V 81.500 39.000 0.664 0.493879 0.478488
V 83.000 39.000 0.396 0.494567 0.478483
V 84.500 39.000 0.047 0.495255 0.478477
V 87.500 39.000 -0.921 0.496632 0.478466
V 89.000 39.000 -1.508 0.497321 0.478461
V 90.500 39.000 -2.157 0.498009 0.478455
V 92.000 39.000 -2.733 0.498697 0.478450
V 93.500 39.000 -3.118 0.499386 0.478444
V 95.000 39.000 -3.405 0.500074 0.478438
V 96.500 39.000 -3.657 0.500762 0.478433
V 98.000 39.000 -3.917 0.501451 0.478427
V 99.500 39.000 -4.148 0.502139 0.478422
V 101.000 39.000 -4.353 0.502827 0.478416
V 102.500 39.000 -4.537 0.503516 0.478411
V 104.000 39.000 -4.698 0.504204 0.478405
V 105.500 39.000 -4.826 0.504893 0.478399
V 107.000 39.000 -4.927 0.505581 0.478394
V 108.500 39.000 -5.035 0.506269 0.478388
V 110.000 39.000 -5.192 0.506958 0.478383
V 111.500 39.000 -5.386 0.507646 0.478377
V 113.000 39.000 -5.607 0.508334 0.478372
V 114.500 39.000 -5.839 0.509023 0.478366
V 117.500 39.000 -6.248 0.510399 0.478355
V 119.000 39.000 -6.428 0.511088 0.478349
V 120.500 39.000 -6.595 0.511776 0.478344
V 122.000 39.000 -6.753 0.512465 0.478338
V 123.500 39.000 -6.877 0.513153 0.478333
V 125.000 39.000 -6.958 0.513841 0.478327
V 126.500 39.000 -6.998 0.514530 0.478321
V 128.000 39.000 -6.996 0.515218 0.478316
V 129.500 39.000 -6.953 0.515906 0.478310
V 38.000 40.500 5.195 0.473922 0.479341
V 39.500 40.500 5.118 0.474610 0.479336
V 42.500 40.500 5.152 0.475987 0.479324
V 44.000 40.500 4.999 0.476675 0.479319
V 45.500 40.500 4.800 0.477364 0.479313
V 47.000 40.500 4.590 0.478052 0.479308
V 48.500 40.500 4.426 0.478740 0.479302
V 50.000 40.500 4.293 0.479429 0.479297
V 51.500 40.500 4.168 0.480117 0.479291
V 53.000 40.500 4.073 0.480805 0.479286
V 54.500 40.500 3.994 0.481494 0.479280
V 56.000 40.500 3.885 0.482182 0.479274
V 57.500 40.500 3.746 0.482870 0.479269
V 59.000 40.500 3.620 0.483559 0.479263
V 60.500 40.500 3.431 0.484247 0.479258
V 62.000 40.500 3.154 0.484936 0.479252
V 63.500 40.500 2.785 0.485624 0.479247
V 65.000 40.500 2.404 0.486312 0.479241
V 66.500 40.500 2.043 0.487001 0.479235
V 68.000 40.500 1.722 0.487689 0.479230
V 69.500 40.500 1.464 0.488377 0.479224
V 71.000 40.500 1.307 0.489066 0.479219
V 72.500 40.500 1.247 0.489754 0.479213
V 74.000 40.500 1.231 0.490442 0.479208
V 75.500 40.500 1.193 0.491131 0.479202
V 77.000 40.500 1.136 0.491819 0.479196
V 78.500 40.500 1.050 0.492508 0.479191
V 80.000 40.500 0.924 0.493196 0.479185
V 81.500 40.500 0.733 0.493884 0.479180
V 83.000 40.500 0.435 0.494573 0.479174
V 84.500 40.500 0.009 0.495261 0.479169
V 86.000 40.500 -0.512 0.495949 0.479163
V 87.500 40.500 -1.068 0.496638 0.479157
V 89.000 40.500 -1.657 0.497326 0.479152
V 90.500 40.500 -2.302 0.498014 0.479146
V 92.000 40.500 -2.845 0.498703 0.479141
V 93.500 40.500 -3.228 0.499391 0.479135
V 95.000 40.500 -3.542 0.500080 0.479130
V 96.500 40.500 -3.729 0.500768 0.479124
V 98.000 40.500 -3.876 0.501456 0.479118
V 99.500 40.500 -4.014 0.502145 0.479113
V 101.000 40.500 -4.146 0.502833 0.479107
V 102.500 40.500 -4.273 0.503521 0.479102
V 104.000 40.500 -4.398 0.504210 0.479096
V 105.500 40.500 -4.504 0.504898 0.479091
V 107.000 40.500 -4.580 0.505586 0.479085
V 108.500 40.500 -4.678 0.506275 0.479079
V 110.000 40.500 -4.831 0.506963 0.479074
V 111.500 40.500 -5.016 0.507652 0.479068
V 113.000 40.500 -5.251 0.508340 0.479063
V 114.500 40.500 -5.500 0.509028 0.479057
V 116.000 40.500 -5.751 0.509717 0.479052
V 117.500 40.500 -5.976 0.510405 0.479046
V 119.000 40.500 -6.172 0.511093 0.479041
V 120.500 40.500 -6.360 0.511782 0.479035
V 122.000 40.500 -6.541 0.512470 0.479029
V 123.500 40.500 -6.690 0.513158 0.479024
V 125.000 40.500 -6.799 0.513847 0.479018
V 126.500 40.500 -6.878 0.514535 0.479013
V 128.000 40.500 -6.929 0.515224 0.479007
V 129.500 40.500 -6.963 0.515912 0.479001
V 131.000 40.500 -7.031 0.516600 0.478996
V 38.000 42.000 5.232 0.473927 0.480032
V 39.500 42.000 5.326 0.474616 0.480027
V 41.000 42.000 5.368 0.475304 0.480021
V 42.500 42.000 5.300 0.475992 0.480016
V 44.000 42.000 5.059 0.476681 0.480010
V 45.500 42.000 4.820 0.477369 0.480005
V 47.000 42.000 4.578 0.478057 0.479999
V 48.500 42.000 4.362 0.478746 0.479993
V 50.000 42.000 4.193 0.479434 0.479988
V 51.500 42.000 4.057 0.480123 0.479982
V 53.000 42.000 3.959 0.480811 0.479977
V 54.500 42.000 3.882 0.481499 0.479971
V 56.000 42.000 3.801 0.482188 0.479966
V 57.500 42.000 3.667 0.482876 0.479960
V 59.000 42.000 3.533 0.483564 0.479955
V 60.500 42.000 3.374 0.484253 0.479949
V 62.000 42.000 3.135 0.484941 0.479943
V 63.500 42.000 2.764 0.485629 0.479938
V 65.000 42.000 2.366 0.486318 0.479932
V 66.500 42.000 1.993 0.487006 0.479927
V 68.000 42.000 1.668 0.487695 0.479921
V 69.500 42.000 1.449 0.488383 0.479916
V 71.000 42.000 1.344 0.489071 0.479910
V 72.500 42.000 1.293 0.489760 0.479904
V 74.000 42.000 1.241 0.490448 0.479899
V 75.500 42.000 1.268 0.491136 0.479893
V 77.000 42.000 1.273 0.491825 0.479888
V 78.500 42.000 1.192 0.492513 0.479882
V 80.000 42.000 1.015 0.493201 0.479877
V 81.500 42.000 0.734 0.493890 0.479871
V 83.000 42.000 0.345 0.494578 0.479865
V 84.500 42.000 -0.132 0.495267 0.479860
V 86.000 42.000 -0.677 0.495955 0.479854
V 87.500 42.000 -1.266 0.496643 0.479849
V 89.000 42.000 -1.861 0.497332 0.479843
V 90.500 42.000 -2.481 0.498020 0.479838
V 92.000 42.000 -3.001 0.498708 0.479832
V 93.500 42.000 -3.436 0.499397 0.479826
V 95.000 42.000 -3.837 0.500085 0.479821
V 96.500 42.000 -3.933 0.500773 0.479815
V 98.000 42.000 -3.941 0.501462 0.479810
V 99.500 42.000 -3.984 0.502150 0.479804
V 101.000 42.000 -4.017 0.502839 0.479799
V 102.500 42.000 -4.054 0.503527 0.479793
V 104.000 42.000 -4.101 0.504215 0.479787
V 105.500 42.000 -4.162 0.504904 0.479782
V 107.000 42.000 -4.218 0.505592 0.479776
V 108.500 42.000 -4.305 0.506280 0.479771
V 110.000 42.000 -4.433 0.506969 0.479765
V 111.500 42.000 -4.627 0.507657 0.479760
V 113.000 42.000 -4.886 0.508345 0.479754
V 114.500 42.000 -5.168 0.509034 0.479748
V 116.000 42.000 -5.453 0.509722 0.479743
V 117.500 42.000 -5.707 0.510411 0.479737
V 119.000 42.000 -5.934 0.511099 0.479732
V 120.500 42.000 -6.136 0.511787 0.479726
V 122.000 42.000 -6.336 0.512476 0.479721
V 123.500 42.000 -6.511 0.513164 0.479715
V 125.000 42.000 -6.654 0.513852 0.479709
V 126.500 42.000 -6.784 0.514541 0.479704
V 128.000 42.000 -6.954 0.515229 0.479698
V 129.500 42.000 -7.206 0.515917 0.479693
V 131.000 42.000 -7.284 0.516606 0.479687
V 132.500 42.000 -6.858 0.517294 0.479682
V 38.000 43.500 5.318 0.473933 0.480724
V 39.500 43.500 5.443 0.474621 0.480718
V 41.000 43.500 5.469 0.475310 0.480713
V 44.000 43.500 5.231 0.476686 0.480701
V 45.500 43.500 4.939 0.477375 0.480696
V 47.000 43.500 4.606 0.478063 0.480690
V 50.000 43.500 4.109 0.479440 0.480679
V 51.500 43.500 3.960 0.480128 0.480674
V 53.000 43.500 3.854 0.480816 0.480668
V 54.500 43.500 3.770 0.481505 0.480662
V 56.000 43.500 3.692 0.482193 0.480657
V 57.500 43.500 3.595 0.482882 0.480651
V 59.000 43.500 3.443 0.483570 0.480646
V 60.500 43.500 3.286 0.484258 0.480640
V 62.000 43.500 3.030 0.484947 0.480635
V 63.500 43.500 2.668 0.485635 0.480629
V 65.000 43.500 2.298 0.486323 0.480624
V 66.500 43.500 1.947 0.487012 0.480618
V 68.000 43.500 1.659 0.487700 0.480612
V 69.500 43.500 1.485 0.488388 0.480607
V 71.000 43.500 1.383 0.489077 0.480601
V 72.500 43.500 1.321 0.489765 0.480596
V 74.000 43.500 1.277 0.490454 0.480590
V 75.500 43.500 1.226 0.491142 0.480585
V 77.000 43.500 1.199 0.491830 0.480579
V 78.500 43.500 1.097 0.492519 0.480573
V 80.000 43.500 0.904 0.493207 0.480568
V 81.500 43.500 0.601 0.493895 0.480562
V 83.000 43.500 0.174 0.494584 0.480557
V 84.500 43.500 -0.332 0.495272 0.480551
V 86.000 43.500 -0.892 0.495960 0.480546
V 87.500 43.500 -1.486 0.496649 0.480540
V 89.000 43.500 -2.093 0.497337 0.480534
V 92.000 43.500 -3.262 0.498714 0.480523
V 93.500 43.500 -3.762 0.499402 0.480518
V 95.000 43.500 -4.121 0.500091 0.480512
V 96.500 43.500 -4.222 0.500779 0.480507
V 98.000 43.500 -4.053 0.501467 0.480501
V 99.500 43.500 -3.994 0.502156 0.480495
V 101.000 43.500 -3.949 0.502844 0.480490
V 102.500 43.500 -3.903 0.503532 0.480484
V 104.000 43.500 -3.867 0.504221 0.480479
V 105.500 43.500 -3.847 0.504909 0.480473
V 107.000 43.500 -3.855 0.505598 0.480468
V 108.500 43.500 -3.914 0.506286 0.480462
V 110.000 43.500 -4.033 0.506974 0.480456
V 111.500 43.500 -4.238 0.507663 0.480451
V 113.000 43.500 -4.529 0.508351 0.480445
V 114.500 43.500 -4.853 0.509039 0.480440
V 116.000 43.500 -5.159 0.509728 0.480434
V 117.500 43.500 -5.439 0.510416 0.480429
V 119.000 43.500 -5.698 0.511104 0.480423
V 120.500 43.500 -5.936 0.511793 0.480417
V 122.000 43.500 -6.151 0.512481 0.480412
V 123.500 43.500 -6.352 0.513170 0.480406
V 125.000 43.500 -6.559 0.513858 0.480401
V 126.500 43.500 -6.845 0.514546 0.480395
V 128.000 43.500 -7.194 0.515235 0.480390
V 129.500 43.500 -7.518 0.515923 0.480384
V 131.000 43.500 -7.540 0.516611 0.480378
V 132.500 43.500 -7.022 0.517300 0.480373
V 134.000 43.500 -6.879 0.517988 0.480367
V 38.000 45.000 5.465 0.473938 0.481415
V 39.500 45.000 5.516 0.474627 0.481409
V 41.000 45.000 5.520 0.475315 0.481404
V 42.500 45.000 5.426 0.476003 0.481398
V 44.000 45.000 5.238 0.476692 0.481393
V 45.500 45.000 4.956 0.477380 0.481387
V 47.000 45.000 4.606 0.478069 0.481382
V 48.500 45.000 4.277 0.478757 0.481376
V 50.000 45.000 4.074 0.479445 0.481370
V 51.500 45.000 3.911 0.480134 0.481365
V 53.000 45.000 3.798 0.480822 0.481359
V 54.500 45.000 3.706 0.481510 0.481354
V 56.000 45.000 3.618 0.482199 0.481348
V 57.500 45.000 3.516 0.482887 0.481343
V 59.000 45.000 3.383 0.483575 0.481337
V 60.500 45.000 3.193 0.484264 0.481331
V 62.000 45.000 2.924 0.484952 0.481326
V 63.500 45.000 2.617 0.485641 0.481320
V 65.000 45.000 2.297 0.486329 0.481315
V 66.500 45.000 1.989 0.487017 0.481309
V 68.000 45.000 1.715 0.487706 0.481304
V 69.500 45.000 1.517 0.488394 0.481298
V 71.000 45.000 1.385 0.489082 0.481293
V 72.500 45.000 1.299 0.489771 0.481287
V 74.000 45.000 1.241 0.490459 0.481281
V 75.500 45.000 1.190 0.491147 0.481276
V 78.500 45.000 0.988 0.492524 0.481265
V 80.000 45.000 0.772 0.493213 0.481259
V 81.500 45.000 0.450 0.493901 0.481254
V 83.000 45.000 0.000 0.494589 0.481248
V 84.500 45.000 -0.536 0.495278 0.481242
V 86.000 45.000 -1.119 0.495966 0.481237
V 87.500 45.000 -1.721 0.496654 0.481231
V 89.000 45.000 -2.323 0.497343 0.481226
V 90.500 45.000 -2.927 0.498031 0.481220
V 92.000 45.000 -3.459 0.498719 0.481215
V 93.500 45.000 -3.949 0.499408 0.481209
V 95.000 45.000 -4.286 0.500096 0.481203
V 96.500 45.000 -4.393 0.500785 0.481198
V 98.000 45.000 -4.281 0.501473 0.481192
V 99.500 45.000 -3.980 0.502161 0.481187
V 101.000 45.000 -3.851 0.502850 0.481181
V 102.500 45.000 -3.724 0.503538 0.481176
V 104.000 45.000 -3.605 0.504226 0.481170
V 105.500 45.000 -3.499 0.504915 0.481164
V 107.000 45.000 -3.480 0.505603 0.481159
V 108.500 45.000 -3.537 0.506291 0.481153
V 110.000 45.000 -3.663 0.506980 0.481148
V 111.500 45.000 -3.875 0.507668 0.481142
V 113.000 45.000 -4.198 0.508357 0.481137
V 114.500 45.000 -4.551 0.509045 0.481131
V 116.000 45.000 -4.881 0.509733 0.481125
V 117.500 45.000 -5.191 0.510422 0.481120
V 119.000 45.000 -5.480 0.511110 0.481114
V 120.500 45.000 -5.758 0.511798 0.481109
V 122.000 45.000 -6.012 0.512487 0.481103
V 123.500 45.000 -6.265 0.513175 0.481098
V 125.000 45.000 -6.619 0.513863 0.481092
V 126.500 45.000 -7.020 0.514552 0.481086
V 128.000 45.000 -7.438 0.515240 0.481081
V 129.500 45.000 -7.784 0.515929 0.481075
V 131.000 45.000 -7.764 0.516617 0.481070
V 132.500 45.000 -7.264 0.517305 0.481064
V 134.000 45.000 -6.745 0.517994 0.481059
V 38.000 46.500 5.538 0.473944 0.482106
V 39.500 46.500 5.570 0.474632 0.482101
V 41.000 46.500 5.536 0.475321 0.482095
V 42.500 46.500 5.397 0.476009 0.482090
V 44.000 46.500 5.189 0.476697 0.482084
V 45.500 46.500 4.909 0.477386 0.482078
V 47.000 46.500 4.544 0.478074 0.482073
V 48.500 46.500 4.258 0.478762 0.482067
V 50.000 46.500 4.078 0.479451 0.482062
V 51.500 46.500 3.926 0.480139 0.482056
V 53.000 46.500 3.801 0.480828 0.482051
V 54.500 46.500 3.713 0.481516 0.482045
V 56.000 46.500 3.623 0.482204 0.482039
V 57.500 46.500 3.506 0.482893 0.482034
V 59.000 46.500 3.360 0.483581 0.482028
V 60.500 46.500 3.177 0.484269 0.482023
V 62.000 46.500 2.967 0.484958 0.482017
V 63.500 46.500 2.719 0.485646 0.482012
V 65.000 46.500 2.427 0.486334 0.482006
V 66.500 46.500 2.127 0.487023 0.482000
V 68.000 46.500 1.857 0.487711 0.481995
V 69.500 46.500 1.614 0.488400 0.481989
V 71.000 46.500 1.417 0.489088 0.481984
V 72.500 46.500 1.300 0.489776 0.481978
V 74.000 46.500 1.220 0.490465 0.481973
V 75.500 46.500 1.141 0.491153 0.481967
V 77.000 46.500 1.020 0.491841 0.481962
V 78.500 46.500 0.853 0.492530 0.481956
V 80.000 46.500 0.607 0.493218 0.481950
V 81.500 46.500 0.258 0.493906 0.481945
V 83.000 46.500 -0.214 0.494595 0.481939
V 84.500 46.500 -0.770 0.495283 0.481934
V 86.000 46.500 -1.350 0.495972 0.481928
V 87.500 46.500 -1.952 0.496660 0.481923
V 89.000 46.500 -2.569 0.497348 0.481917
V 90.500 46.500 -3.151 0.498037 0.481911
V 92.000 46.500 -3.610 0.498725 0.481906
V 93.500 46.500 -4.040 0.499413 0.481900
V 95.000 46.500 -4.337 0.500102 0.481895
V 96.500 46.500 -4.365 0.500790 0.481889
V 98.000 46.500 -4.233 0.501478 0.481884
V 99.500 46.500 -3.993 0.502167 0.481878
V 101.000 46.500 -3.694 0.502855 0.481872
V 102.500 46.500 -3.480 0.503544 0.481867
V 104.000 46.500 -3.265 0.504232 0.481861
V 105.500 46.500 -3.114 0.504920 0.481856
V 107.000 46.500 -3.091 0.505609 0.481850
V 108.500 46.500 -3.144 0.506297 0.481845
V 110.000 46.500 -3.287 0.506985 0.481839
V 111.500 46.500 -3.538 0.507674 0.481833
V 113.000 46.500 -3.907 0.508362 0.481828
V 114.500 46.500 -4.396 0.509050 0.481822
V 116.000 46.500 -4.819 0.509739 0.481817
V 117.500 46.500 -5.201 0.510427 0.481811
V 119.000 46.500 -5.544 0.511116 0.481806
V 120.500 46.500 -5.782 0.511804 0.481800
V 122.000 46.500 -5.794 0.512492 0.481794
V 123.500 46.500 -6.029 0.513181 0.481789
V 125.000 46.500 -6.598 0.513869 0.481783
V 126.500 46.500 -7.095 0.514557 0.481778
V 128.000 46.500 -7.569 0.515246 0.481772
V 129.500 46.500 -7.951 0.515934 0.481767
V 131.000 46.500 -7.921 0.516622 0.481761
V 132.500 46.500 -7.532 0.517311 0.481755
V 134.000 46.500 -6.964 0.517999 0.481750
V 135.500 46.500 -6.870 0.518688 0.481744
V 36.500 48.000 5.561 0.473261 0.482803
V 38.000 48.000 5.600 0.473949 0.482798
V 39.500 48.000 5.596 0.474638 0.482792
V 41.000 48.000 5.513 0.475326 0.482786
V 42.500 48.000 5.334 0.476015 0.482781
V 44.000 48.000 5.109 0.476703 0.482775
V 45.500 48.000 4.846 0.477391 0.482770
V 47.000 48.000 4.494 0.478080 0.482764
V 48.500 48.000 4.258 0.478768 0.482759
V 50.000 48.000 4.098 0.479456 0.482753
V 51.500 48.000 3.965 0.480145 0.482747
V 53.000 48.000 3.852 0.480833 0.482742
V 56.000 48.000 3.655 0.482210 0.482731
V 57.500 48.000 3.533 0.482898 0.482725
V 59.000 48.000 3.387 0.483587 0.482720
V 60.500 48.000 3.195 0.484275 0.482714
V 62.000 48.000 3.001 0.484963 0.482708
V 63.500 48.000 2.782 0.485652 0.482703
V 65.000 48.000 2.540 0.486340 0.482697
V 68.000 48.000 2.031 0.487717 0.482686
V 69.500 48.000 1.794 0.488405 0.482681
V 71.000 48.000 1.556 0.489093 0.482675
V 72.500 48.000 1.340 0.489782 0.482669
V 74.000 48.000 1.208 0.490470 0.482664
V 75.500 48.000 1.082 0.491159 0.482658
V 77.000 48.000 0.903 0.491847 0.482653
V 78.500 48.000 0.682 0.492535 0.482647
V 80.000 48.000 0.391 0.493224 0.482642
V 81.500 48.000 0.010 0.493912 0.482636
V 83.000 48.000 -0.483 0.494600 0.482631
V 84.500 48.000 -1.035 0.495289 0.482625
V 86.000 48.000 -1.629 0.495977 0.482619
V 87.500 48.000 -2.234 0.496665 0.482614
V 89.000 48.000 -2.816 0.497354 0.482608
V 90.500 48.000 -3.339 0.498042 0.482603
V 92.000 48.000 -3.752 0.498731 0.482597
V 93.500 48.000 -4.048 0.499419 0.482592
V 95.000 48.000 -4.275 0.500107 0.482586
V 96.500 48.000 -4.212 0.500796 0.482580
V 98.000 48.000 -4.002 0.501484 0.482575
V 99.500 48.000 -3.733 0.502172 0.482569
V 101.000 48.000 -3.458 0.502861 0.482564
V 102.500 48.000 -3.167 0.503549 0.482558
V 104.000 48.000 -2.884 0.504237 0.482553
V 105.500 48.000 -2.721 0.504926 0.482547
V 107.000 48.000 -2.695 0.505614 0.482541
V 108.500 48.000 -2.758 0.506303 0.482536
V 110.000 48.000 -2.911 0.506991 0.482530
V 111.500 48.000 -3.156 0.507679 0.482525
V 113.000 48.000 -3.574 0.508368 0.482519
V 114.500 48.000 -4.176 0.509056 0.482514
V 116.000 48.000 -4.734 0.509744 0.482508
V 117.500 48.000 -5.154 0.510433 0.482502
V 119.000 48.000 -5.444 0.511121 0.482497
V 120.500 48.000 -5.481 0.511809 0.482491
V 122.000 48.000 -5.419 0.512498 0.482486
V 123.500 48.000 -5.620 0.513186 0.482480
V 125.000 48.000 -6.226 0.513875 0.482475
V 126.500 48.000 -6.952 0.514563 0.482469
V 128.000 48.000 -7.542 0.515251 0.482463
V 129.500 48.000 -7.959 0.515940 0.482458
V 131.000 48.000 -7.988 0.516628 0.482452
V 132.500 48.000 -7.711 0.517316 0.482447
V 134.000 48.000 -7.240 0.518005 0.482441
V 35.000 49.500 5.622 0.472578 0.483500
V 36.500 49.500 5.635 0.473267 0.483494
V 38.000 49.500 5.654 0.473955 0.483489
V 39.500 49.500 5.599 0.474643 0.483483
V 41.000 49.500 5.458 0.475332 0.483478
V 42.500 49.500 5.250 0.476020 0.483472
V 44.000 49.500 5.017 0.476708 0.483467
V 45.500 49.500 4.774 0.477397 0.483461
V 47.000 49.500 4.462 0.478085 0.483455
V 48.500 49.500 4.271 0.478774 0.483450
V 50.000 49.500 4.129 0.479462 0.483444
V 51.500 49.500 4.008 0.480150 0.483439
V 53.000 49.500 3.916 0.480839 0.483433
V 54.500 49.500 3.834 0.481527 0.483428
V 56.000 49.500 3.738 0.482215 0.483422
V 57.500 49.500 3.605 0.482904 0.483416
V 59.000 49.500 3.443 0.483592 0.483411
V 60.500 49.500 3.241 0.484280 0.483405
V 62.000 49.500 3.063 0.484969 0.483400
V 63.500 49.500 2.867 0.485657 0.483394
V 65.000 49.500 2.641 0.486346 0.483389
V 66.500 49.500 2.374 0.487034 0.483383
V 68.000 49.500 2.129 0.487722 0.483377
V 69.500 49.500 1.905 0.488411 0.483372
V 71.000 49.500 1.695 0.489099 0.483366
V 72.500 49.500 1.461 0.489787 0.483361
V 74.000 49.500 1.210 0.490476 0.483355
V 75.500 49.500 1.016 0.491164 0.483350
V 77.000 49.500 0.776 0.491852 0.483344
V 78.500 49.500 0.493 0.492541 0.483338
V 80.000 49.500 0.140 0.493229 0.483333
V 81.500 49.500 -0.300 0.493918 0.483327
V 83.000 49.500 -0.821 0.494606 0.483322
V 84.500 49.500 -1.349 0.495294 0.483316
V 86.000 49.500 -1.922 0.495983 0.483311
V 87.500 49.500 -2.487 0.496671 0.483305
V 89.000 49.500 -3.011 0.497359 0.483299
V 90.500 49.500 -3.462 0.498048 0.483294
V 92.000 49.500 -3.811 0.498736 0.483288
V 93.500 49.500 -4.014 0.499424 0.483283
V 95.000 49.500 -4.112 0.500113 0.483277
V 96.500 49.500 -3.961 0.500801 0.483272
V 98.000 49.500 -3.736 0.501490 0.483266
V 99.500 49.500 -3.470 0.502178 0.483261
V 101.000 49.500 -3.159 0.502866 0.483255
V 102.500 49.500 -2.864 0.503555 0.483249
V 104.000 49.500 -2.546 0.504243 0.483244
V 107.000 49.500 -2.293 0.505620 0.483233
V 108.500 49.500 -2.321 0.506308 0.483227
V 110.000 49.500 -2.452 0.506996 0.483222
V 113.000 49.500 -3.175 0.508373 0.483210
V 114.500 49.500 -3.731 0.509062 0.483205
V 116.000 49.500 -4.277 0.509750 0.483199
V 119.000 49.500 -4.862 0.511127 0.483188
V 120.500 49.500 -4.863 0.511815 0.483183
V 122.000 49.500 -4.882 0.512503 0.483177
V 125.000 49.500 -5.684 0.513880 0.483166
V 126.500 49.500 -6.460 0.514568 0.483160
V 128.000 49.500 -7.232 0.515257 0.483155
V 129.500 49.500 -7.803 0.515945 0.483149
V 131.000 49.500 -7.977 0.516634 0.483144
V 132.500 49.500 -7.827 0.517322 0.483138
V 134.000 49.500 -7.471 0.518010 0.483132
V 135.500 49.500 -6.961 0.518699 0.483127
V 137.000 49.500 -6.823 0.519387 0.483121
V 33.500 51.000 5.724 0.471895 0.484197
V 35.000 51.000 5.704 0.472584 0.484191
V 36.500 51.000 5.712 0.473272 0.484186
V 38.000 51.000 5.685 0.473961 0.484180
V 41.000 51.000 5.394 0.475337 0.484169
V 42.500 51.000 5.168 0.476026 0.484163
V 44.000 51.000 4.926 0.476714 0.484158
V 45.500 51.000 4.695 0.477402 0.484152
V 47.000 51.000 4.450 0.478091 0.484147
V 48.500 51.000 4.287 0.478779 0.484141
V 50.000 51.000 4.153 0.479467 0.484136
V 51.500 51.000 4.064 0.480156 0.484130
V 53.000 51.000 3.987 0.480844 0.484124
V 54.500 51.000 3.912 0.481533 0.484119
V 56.000 51.000 3.831 0.482221 0.484113
V 57.500 51.000 3.695 0.482909 0.484108
V 59.000 51.000 3.511 0.483598 0.484102
V 60.500 51.000 3.300 0.484286 0.484097
V 62.000 51.000 3.137 0.484974 0.484091
V 63.500 51.000 2.946 0.485663 0.484085
V 65.000 51.000 2.685 0.486351 0.484080
V 66.500 51.000 2.407 0.487039 0.484074
V 68.000 51.000 2.163 0.487728 0.484069
V 69.500 51.000 1.932 0.488416 0.484063
V 71.000 51.000 1.706 0.489105 0.484058
V 72.500 51.000 1.474 0.489793 0.484052
V 74.000 51.000 1.225 0.490481 0.484046
V 77.000 51.000 0.637 0.491858 0.484035
V 78.500 51.000 0.268 0.492546 0.484030
V 80.000 51.000 -0.174 0.493235 0.484024
V 81.500 51.000 -0.699 0.493923 0.484019
V 83.000 51.000 -1.200 0.494611 0.484013
V 84.500 51.000 -1.789 0.495300 0.484007
V 86.000 51.000 -2.255 0.495988 0.484002
V 87.500 51.000 -2.702 0.496677 0.483996
V 89.000 51.000 -3.125 0.497365 0.483991
V 90.500 51.000 -3.490 0.498053 0.483985
V 92.000 51.000 -3.760 0.498742 0.483980
V 93.500 51.000 -3.898 0.499430 0.483974
V 95.000 51.000 -3.862 0.500118 0.483968
V 96.500 51.000 -3.694 0.500807 0.483963
V 98.000 51.000 -3.450 0.501495 0.483957
V 99.500 51.000 -3.151 0.502183 0.483952
V 101.000 51.000 -2.823 0.502872 0.483946
V 102.500 51.000 -2.511 0.503560 0.483941
V 104.000 51.000 -2.273 0.504249 0.483935
V 105.500 51.000 -1.975 0.504937 0.483929
V 107.000 51.000 -1.914 0.505625 0.483924
V 108.500 51.000 -1.948 0.506314 0.483918
V 110.000 51.000 -2.046 0.507002 0.483913
V 111.500 51.000 -2.273 0.507690 0.483907
V 113.000 51.000 -2.663 0.508379 0.483902
V 114.500 51.000 -3.166 0.509067 0.483896
V 116.000 51.000 -3.609 0.509755 0.483890
V 117.500 51.000 -3.934 0.510444 0.483885
V 119.000 51.000 -4.002 0.511132 0.483879
V 120.500 51.000 -3.998 0.511821 0.483874
V 122.000 51.000 -4.187 0.512509 0.483868
V 123.500 51.000 -4.523 0.513197 0.483863
V 125.000 51.000 -5.012 0.513886 0.483857
V 126.500 51.000 -5.821 0.514574 0.483851
V 128.000 51.000 -6.701 0.515262 0.483846
V 129.500 51.000 -7.430 0.515951 0.483840
V 131.000 51.000 -7.892 0.516639 0.483835
V 132.500 51.000 -7.888 0.517327 0.483829
V 134.000 51.000 -7.626 0.518016 0.483824
V 135.500 51.000 -7.180 0.518704 0.483818
V 137.000 51.000 -6.724 0.519393 0.483812
V 32.000 52.500 5.866 0.471213 0.484894
V 33.500 52.500 5.815 0.471901 0.484888
V 35.000 52.500 5.801 0.472589 0.484882
V 36.500 52.500 5.788 0.473278 0.484877
V 38.000 52.500 5.687 0.473966 0.484871
V 39.500 52.500 5.529 0.474654 0.484866
V 41.000 52.500 5.339 0.475343 0.484860
V 42.500 52.500 5.108 0.476031 0.484855
V 44.000 52.500 4.861 0.476720 0.484849
V 45.500 52.500 4.629 0.477408 0.484843
V 47.000 52.500 4.438 0.478096 0.484838
V 48.500 52.500 4.296 0.478785 0.484832
V 50.000 52.500 4.200 0.479473 0.484827
V 51.500 52.500 4.132 0.480161 0.484821
V 53.000 52.500 4.060 0.480850 0.484816
V 54.500 52.500 3.988 0.481538 0.484810
V 56.000 52.500 3.900 0.482226 0.484805
V 57.500 52.500 3.777 0.482915 0.484799
V 59.000 52.500 3.576 0.483603 0.484793
V 60.500 52.500 3.356 0.484292 0.484788
V 62.000 52.500 3.195 0.484980 0.484782
V 63.500 52.500 2.962 0.485668 0.484777
V 65.000 52.500 2.662 0.486357 0.484771
V 66.500 52.500 2.378 0.487045 0.484766
V 68.000 52.500 2.132 0.487733 0.484760
V 69.500 52.500 1.904 0.488422 0.484754
V 71.000 52.500 1.675 0.489110 0.484749
V 72.500 52.500 1.426 0.489798 0.484743
V 74.000 52.500 1.162 0.490487 0.484738
V 75.500 52.500 0.899 0.491175 0.484732
V 77.000 52.500 0.433 0.491864 0.484727
V 78.500 52.500 -0.031 0.492552 0.484721
V 80.000 52.500 -0.549 0.493240 0.484715
V 81.500 52.500 -1.130 0.493929 0.484710
V 83.000 52.500 -1.535 0.494617 0.484704
V 84.500 52.500 -2.211 0.495305 0.484699
V 86.000 52.500 -2.677 0.495994 0.484693
V 87.500 52.500 -3.043 0.496682 0.484688
V 89.000 52.500 -3.346 0.497370 0.484682
V 90.500 52.500 -3.582 0.498059 0.484676
V 92.000 52.500 -3.706 0.498747 0.484671
V 93.500 52.500 -3.676 0.499436 0.484665
V 95.000 52.500 -3.489 0.500124 0.484660
V 96.500 52.500 -3.343 0.500812 0.484654
V 98.000 52.500 -3.098 0.501501 0.484649
V 99.500 52.500 -2.788 0.502189 0.484643
V 101.000 52.500 -2.465 0.502877 0.484637
V 102.500 52.500 -2.152 0.503566 0.484632
V 104.000 52.500 -1.902 0.504254 0.484626
V 105.500 52.500 -1.670 0.504942 0.484621
V 107.000 52.500 -1.578 0.505631 0.484615
V 108.500 52.500 -1.581 0.506319 0.484610
V 110.000 52.500 -1.658 0.507008 0.484604
V 111.500 52.500 -1.810 0.507696 0.484598
V 113.000 52.500 -2.112 0.508384 0.484593
V 114.500 52.500 -2.453 0.509073 0.484587
V 116.000 52.500 -2.799 0.509761 0.484582
V 117.500 52.500 -3.058 0.510449 0.484576
V 119.000 52.500 -3.104 0.511138 0.484571
V 120.500 52.500 -3.319 0.511826 0.484565
V 122.000 52.500 -3.616 0.512514 0.484559
V 123.500 52.500 -3.936 0.513203 0.484554
V 125.000 52.500 -4.322 0.513891 0.484548
V 126.500 52.500 -5.062 0.514580 0.484543
V 128.000 52.500 -5.995 0.515268 0.484537
V 129.500 52.500 -6.815 0.515956 0.484532
V 131.000 52.500 -7.513 0.516645 0.484526
V 132.500 52.500 -7.716 0.517333 0.484520
V 134.000 52.500 -7.597 0.518021 0.484515
V 135.500 52.500 -7.288 0.518710 0.484509
V 137.000 52.500 -6.919 0.519398 0.484504
V 138.500 52.500 -6.777 0.520087 0.484498
V 32.000 54.000 5.945 0.471218 0.485585
V 33.500 54.000 5.927 0.471907 0.485579
V 35.000 54.000 5.918 0.472595 0.485574
V 36.500 54.000 5.812 0.473283 0.485568
V 38.000 54.000 5.629 0.473972 0.485563
V 39.500 54.000 5.451 0.474660 0.485557
V 41.000 54.000 5.253 0.475348 0.485551
V 42.500 54.000 5.022 0.476037 0.485546
V 44.000 54.000 4.786 0.476725 0.485540
V 45.500 54.000 4.584 0.477413 0.485535
V 47.000 54.000 4.436 0.478102 0.485529
V 48.500 54.000 4.328 0.478790 0.485524
V 50.000 54.000 4.256 0.479479 0.485518
V 51.500 54.000 4.193 0.480167 0.485512
V 53.000 54.000 4.131 0.480855 0.485507
V 54.500 54.000 4.058 0.481544 0.485501
V 56.000 54.000 3.954 0.482232 0.485496
V 57.500 54.000 3.828 0.482920 0.485490
V 59.000 54.000 3.619 0.483609 0.485485
V 60.500 54.000 3.392 0.484297 0.485479
V 62.000 54.000 3.198 0.484985 0.485474
V 63.500 54.000 2.900 0.485674 0.485468
V 65.000 54.000 2.575 0.486362 0.485462
V 66.500 54.000 2.283 0.487051 0.485457
V 68.000 54.000 2.033 0.487739 0.485451
V 69.500 54.000 1.803 0.488427 0.485446
V 71.000 54.000 1.559 0.489116 0.485440
V 72.500 54.000 1.377 0.489804 0.485435
V 74.000 54.000 1.206 0.490492 0.485429
V 75.500 54.000 0.850 0.491181 0.485423
V 77.000 54.000 0.251 0.491869 0.485418
V 78.500 54.000 -0.345 0.492557 0.485412
V 80.000 54.000 -0.906 0.493246 0.485407
V 81.500 54.000 -1.519 0.493934 0.485401
V 83.000 54.000 -1.948 0.494623 0.485396
V 84.500 54.000 -2.499 0.495311 0.485390
V 86.000 54.000 -2.978 0.495999 0.485384
V 87.500 54.000 -3.263 0.496688 0.485379
V 89.000 54.000 -3.444 0.497376 0.485373
V 90.500 54.000 -3.520 0.498064 0.485368
V 92.000 54.000 -3.449 0.498753 0.485362
V 93.500 54.000 -3.211 0.499441 0.485357
V 95.000 54.000 -2.879 0.500129 0.485351
V 96.500 54.000 -2.659 0.500818 0.485345
V 98.000 54.000 -2.493 0.501506 0.485340
V 99.500 54.000 -2.304 0.502195 0.485334
V 101.000 54.000 -2.062 0.502883 0.485329
V 102.500 54.000 -1.779 0.503571 0.485323
V 104.000 54.000 -1.526 0.504260 0.485318
V 105.500 54.000 -1.361 0.504948 0.485312
V 107.000 54.000 -1.270 0.505636 0.485306
V 108.500 54.000 -1.251 0.506325 0.485301
V 110.000 54.000 -1.265 0.507013 0.485295
V 113.000 54.000 -1.494 0.508390 0.485284
V 114.500 54.000 -1.700 0.509078 0.485279
V 116.000 54.000 -1.979 0.509767 0.485273
V 117.500 54.000 -2.222 0.510455 0.485267
V 119.000 54.000 -2.465 0.511143 0.485262
V 120.500 54.000 -2.738 0.511832 0.485256
V 122.000 54.000 -3.026 0.512520 0.485251
V 123.500 54.000 -3.345 0.513208 0.485245
V 125.000 54.000 -3.721 0.513897 0.485240
V 126.500 54.000 -4.275 0.514585 0.485234
V 128.000 54.000 -5.190 0.515274 0.485228
V 129.500 54.000 -6.068 0.515962 0.485223
V 131.000 54.000 -6.874 0.516650 0.485217
V 132.500 54.000 -7.269 0.517339 0.485212
V 134.000 54.000 -7.347 0.518027 0.485206
V 135.500 54.000 -7.225 0.518715 0.485201
V 137.000 54.000 -6.992 0.519404 0.485195
V 138.500 54.000 -6.773 0.520092 0.485189
V 30.500 55.500 6.081 0.470535 0.486282
V 32.000 55.500 6.052 0.471224 0.486276
V 33.500 55.500 6.084 0.471912 0.486271
V 35.000 55.500 5.966 0.472600 0.486265
V 36.500 55.500 5.760 0.473289 0.486259
V 38.000 55.500 5.539 0.473977 0.486254
V 39.500 55.500 5.350 0.474666 0.486248
V 41.000 55.500 5.143 0.475354 0.486243
V 42.500 55.500 4.914 0.476042 0.486237
V 44.000 55.500 4.711 0.476731 0.486232
V 45.500 55.500 4.562 0.477419 0.486226
V 47.000 55.500 4.451 0.478107 0.486220
V 48.500 55.500 4.368 0.478796 0.486215
V 50.000 55.500 4.306 0.479484 0.486209
V 51.500 55.500 4.250 0.480172 0.486204
V 53.000 55.500 4.192 0.480861 0.486198
V 54.500 55.500 4.110 0.481549 0.486193
V 56.000 55.500 3.991 0.482238 0.486187
V 57.500 55.500 3.833 0.482926 0.486181
V 59.000 55.500 3.625 0.483614 0.486176
V 60.500 55.500 3.388 0.484303 0.486170
V 62.000 55.500 3.113 0.484991 0.486165
V 63.500 55.500 2.766 0.485679 0.486159
V 65.000 55.500 2.432 0.486368 0.486154
V 66.500 55.500 2.127 0.487056 0.486148
V 69.500 55.500 1.668 0.488433 0.486137
V 71.000 55.500 1.515 0.489121 0.486131
V 72.500 55.500 1.365 0.489810 0.486126
V 74.000 55.500 1.158 0.490498 0.486120
V 75.500 55.500 0.738 0.491186 0.486115
V 77.000 55.500 0.108 0.491875 0.486109
V 78.500 55.500 -0.625 0.492563 0.486104
V 80.000 55.500 -1.225 0.493251 0.486098
V 81.500 55.500 -1.816 0.493940 0.486092
V 83.000 55.500 -2.310 0.494628 0.486087
V 84.500 55.500 -2.656 0.495316 0.486081
V 86.000 55.500 -3.134 0.496005 0.486076
V 87.500 55.500 -3.304 0.496693 0.486070
V 89.000 55.500 -3.327 0.497382 0.486065
V 90.500 55.500 -3.210 0.498070 0.486059
V 92.000 55.500 -2.942 0.498758 0.486053
V 93.500 55.500 -2.570 0.499447 0.486048
V 95.000 55.500 -2.163 0.500135 0.486042
V 96.500 55.500 -1.837 0.500823 0.486037
V 98.000 55.500 -1.641 0.501512 0.486031
V 99.500 55.500 -1.467 0.502200 0.486026
V 101.000 55.500 -1.302 0.502888 0.486020
V 102.500 55.500 -1.157 0.503577 0.486014
V 104.000 55.500 -1.042 0.504265 0.486009
V 107.000 55.500 -0.916 0.505642 0.485998
V 108.500 55.500 -0.868 0.506330 0.485992
V 110.000 55.500 -0.866 0.507019 0.485987
V 111.500 55.500 -0.929 0.507707 0.485981
V 113.000 55.500 -1.011 0.508395 0.485975
V 114.500 55.500 -1.150 0.509084 0.485970
V 116.000 55.500 -1.338 0.509772 0.485964
V 117.500 55.500 -1.597 0.510460 0.485959
V 119.000 55.500 -1.862 0.511149 0.485953
V 120.500 55.500 -2.134 0.511837 0.485948
V 122.000 55.500 -2.426 0.512526 0.485942
V 123.500 55.500 -2.754 0.513214 0.485936
V 125.000 55.500 -3.133 0.513902 0.485931
V 126.500 55.500 -3.587 0.514591 0.485925
V 128.000 55.500 -4.370 0.515279 0.485920
V 129.500 55.500 -5.265 0.515967 0.485914
V 131.000 55.500 -6.097 0.516656 0.485909
V 132.500 55.500 -6.637 0.517344 0.485903
V 134.000 55.500 -6.890 0.518033 0.485897
V 135.500 55.500 -6.943 0.518721 0.485892
V 137.000 55.500 -6.891 0.519409 0.485886
V 140.000 55.500 -6.785 0.520786 0.485875
V 29.000 57.000 6.218 0.469853 0.486978
V 30.500 57.000 6.174 0.470541 0.486973
V 32.000 57.000 6.255 0.471229 0.486967
V 33.500 57.000 6.130 0.471918 0.486962
V 35.000 57.000 5.918 0.472606 0.486956
V 36.500 57.000 5.677 0.473294 0.486951
V 38.000 57.000 5.429 0.473983 0.486945
V 39.500 57.000 5.233 0.474671 0.486940
V 41.000 57.000 5.021 0.475359 0.486934
V 42.500 57.000 4.818 0.476048 0.486928
V 44.000 57.000 4.666 0.476736 0.486923
V 45.500 57.000 4.555 0.477425 0.486917
V 47.000 57.000 4.468 0.478113 0.486912
V 48.500 57.000 4.397 0.478801 0.486906
V 50.000 57.000 4.341 0.479490 0.486901
V 51.500 57.000 4.272 0.480178 0.486895
V 53.000 57.000 4.199 0.480866 0.486889
V 54.500 57.000 4.109 0.481555 0.486884
V 56.000 57.000 3.984 0.482243 0.486878
V 57.500 57.000 3.807 0.482931 0.486873
V 59.000 57.000 3.577 0.483620 0.486867
V 60.500 57.000 3.301 0.484308 0.486862
V 62.000 57.000 2.959 0.484997 0.486856
V 63.500 57.000 2.610 0.485685 0.486850
V 65.000 57.000 2.260 0.486373 0.486845
V 66.500 57.000 1.922 0.487062 0.486839
V 68.000 57.000 1.627 0.487750 0.486834
V 69.500 57.000 1.407 0.488438 0.486828
V 71.000 57.000 1.295 0.489127 0.486823
V 72.500 57.000 1.165 0.489815 0.486817
V 75.500 57.000 0.510 0.491192 0.486806
V 77.000 57.000 -0.101 0.491880 0.486800
V 78.500 57.000 -0.808 0.492569 0.486795
V 80.000 57.000 -1.513 0.493257 0.486789
V 81.500 57.000 -2.046 0.493945 0.486784
V 83.000 57.000 -2.558 0.494634 0.486778
V 84.500 57.000 -2.778 0.495322 0.486773
V 86.000 57.000 -3.118 0.496010 0.486767
V 89.000 57.000 -2.983 0.497387 0.486756
V 90.500 57.000 -2.685 0.498075 0.486750
V 92.000 57.000 -2.309 0.498764 0.486745
V 93.500 57.000 -1.888 0.499452 0.486739
V 95.000 57.000 -1.457 0.500141 0.486734
V 96.500 57.000 -1.061 0.500829 0.486728
V 98.000 57.000 -0.795 0.501517 0.486722
V 99.500 57.000 -0.617 0.502206 0.486717
V 101.000 57.000 -0.482 0.502894 0.486711
V 102.500 57.000 -0.429 0.503582 0.486706
V 104.000 57.000 -0.467 0.504271 0.486700
V 105.500 57.000 -0.567 0.504959 0.486695
V 107.000 57.000 -0.583 0.505647 0.486689
V 108.500 57.000 -0.549 0.506336 0.486683
V 110.000 57.000 -0.568 0.507024 0.486678
V 111.500 57.000 -0.574 0.507713 0.486672
V 113.000 57.000 -0.597 0.508401 0.486667
V 114.500 57.000 -0.704 0.509089 0.486661
V 116.000 57.000 -0.851 0.509778 0.486656
V 117.500 57.000 -1.109 0.510466 0.486650
V 119.000 57.000 -1.413 0.511154 0.486644
V 120.500 57.000 -1.621 0.511843 0.486639
V 122.000 57.000 -1.862 0.512531 0.486633
V 123.500 57.000 -2.175 0.513220 0.486628
V 125.000 57.000 -2.561 0.513908 0.486622
V 126.500 57.000 -3.016 0.514596 0.486617
V 128.000 57.000 -3.620 0.515285 0.486611
V 129.500 57.000 -4.442 0.515973 0.486605
V 131.000 57.000 -5.217 0.516661 0.486600
V 132.500 57.000 -5.888 0.517350 0.486594
V 134.000 57.000 -6.375 0.518038 0.486589
V 135.500 57.000 -6.561 0.518726 0.486583
V 137.000 57.000 -6.643 0.519415 0.486578
V 138.500 57.000 -6.726 0.520103 0.486572
V 140.000 57.000 -6.774 0.520792 0.486566
V 27.500 58.500 6.357 0.469170 0.487675
V 29.000 58.500 6.321 0.469858 0.487670
V 30.500 58.500 6.302 0.470546 0.487664
V 32.000 58.500 6.171 0.471235 0.487659
V 33.500 58.500 5.994 0.471923 0.487653
V 35.000 58.500 5.790 0.472612 0.487647
V 36.500 58.500 5.556 0.473300 0.487642
V 38.000 58.500 5.305 0.473988 0.487636
V 39.500 58.500 5.105 0.474677 0.487631
V 41.000 58.500 4.906 0.475365 0.487625
V 42.500 58.500 4.752 0.476053 0.487620
V 44.000 58.500 4.636 0.476742 0.487614
V 45.500 58.500 4.540 0.477430 0.487609
V 47.000 58.500 4.469 0.478118 0.487603
V 48.500 58.500 4.417 0.478807 0.487597
V 50.000 58.500 4.364 0.479495 0.487592
V 51.500 58.500 4.280 0.480184 0.487586
V 53.000 58.500 4.172 0.480872 0.487581
V 54.500 58.500 4.051 0.481560 0.487575
V 56.000 58.500 3.902 0.482249 0.487570
V 57.500 58.500 3.710 0.482937 0.487564
V 60.500 58.500 3.142 0.484314 0.487553
V 62.000 58.500 2.784 0.485002 0.487547
V 63.500 58.500 2.405 0.485690 0.487542
V 65.000 58.500 2.026 0.486379 0.487536
V 66.500 58.500 1.666 0.487067 0.487531
V 68.000 58.500 1.357 0.487756 0.487525
V 69.500 58.500 1.118 0.488444 0.487519
V 71.000 58.500 0.986 0.489132 0.487514
V 72.500 58.500 0.869 0.489821 0.487508
V 74.000 58.500 0.660 0.490509 0.487503
V 75.500 58.500 0.260 0.491197 0.487497
V 77.000 58.500 -0.299 0.491886 0.487492
V 78.500 58.500 -0.974 0.492574 0.487486
V 80.000 58.500 -1.655 0.493262 0.487481
V 81.500 58.500 -2.246 0.493951 0.487475
V 83.000 58.500 -2.646 0.494639 0.487469
V 84.500 58.500 -2.842 0.495328 0.487464
V 86.000 58.500 -2.994 0.496016 0.487458
V 87.500 58.500 -2.777 0.496704 0.487453
V 89.000 58.500 -2.499 0.497393 0.487447
V 90.500 58.500 -2.150 0.498081 0.487442
V 92.000 58.500 -1.737 0.498769 0.487436
V 93.500 58.500 -1.291 0.499458 0.487430
V 95.000 58.500 -0.842 0.500146 0.487425
V 96.500 58.500 -0.437 0.500834 0.487419
V 98.000 58.500 -0.112 0.501523 0.487414
V 99.500 58.500 0.080 0.502211 0.487408
V 101.000 58.500 0.153 0.502900 0.487403
V 102.500 58.500 0.097 0.503588 0.487397
V 104.000 58.500 -0.038 0.504276 0.487391
V 105.500 58.500 -0.200 0.504965 0.487386
V 107.000 58.500 -0.287 0.505653 0.487380
V 108.500 58.500 -0.294 0.506341 0.487375
V 110.000 58.500 -0.291 0.507030 0.487369
V 111.500 58.500 -0.267 0.507718 0.487364
V 113.000 58.500 -0.268 0.508407 0.487358
V 114.500 58.500 -0.326 0.509095 0.487352
V 116.000 58.500 -0.465 0.509783 0.487347
V 117.500 58.500 -0.709 0.510472 0.487341
V 119.000 58.500 -1.081 0.511160 0.487336
V 120.500 58.500 -1.368 0.511848 0.487330
V 122.000 58.500 -1.577 0.512537 0.487325
V 123.500 58.500 -1.811 0.513225 0.487319
V 125.000 58.500 -2.116 0.513913 0.487313
V 126.500 58.500 -2.515 0.514602 0.487308
V 129.500 58.500 -3.660 0.515979 0.487297
V 131.000 58.500 -4.369 0.516667 0.487291
V 132.500 58.500 -5.112 0.517355 0.487286
V 134.000 58.500 -5.820 0.518044 0.487280
V 135.500 58.500 -6.243 0.518732 0.487274
V 137.000 58.500 -6.468 0.519420 0.487269
V 138.500 58.500 -6.677 0.520109 0.487263
V 140.000 58.500 -6.689 0.520797 0.487258
V 141.500 58.500 -6.827 0.521485 0.487252
V 27.500 60.000 6.389 0.469175 0.488367
V 29.000 60.000 6.260 0.469864 0.488361
V 30.500 60.000 6.102 0.470552 0.488355
V 32.000 60.000 5.934 0.471240 0.488350
V 33.500 60.000 5.759 0.471929 0.488344
V 35.000 60.000 5.579 0.472617 0.488339
V 36.500 60.000 5.387 0.473305 0.488333
V 38.000 60.000 5.170 0.473994 0.488328
V 39.500 60.000 4.975 0.474682 0.488322
V 41.000 60.000 4.817 0.475371 0.488317
V 42.500 60.000 4.691 0.476059 0.488311
V 44.000 60.000 4.596 0.476747 0.488305
V 45.500 60.000 4.527 0.477436 0.488300
V 47.000 60.000 4.478 0.478124 0.488294
V 48.500 60.000 4.430 0.478812 0.488289
V 50.000 60.000 4.373 0.479501 0.488283
V 51.500 60.000 4.287 0.480189 0.488278
V 53.000 60.000 4.133 0.480877 0.488272
V 54.500 60.000 3.972 0.481566 0.488266
V 56.000 60.000 3.786 0.482254 0.488261
V 57.500 60.000 3.556 0.482943 0.488255
V 59.000 60.000 3.246 0.483631 0.488250
V 60.500 60.000 2.902 0.484319 0.488244
V 62.000 60.000 2.544 0.485008 0.488239
V 63.500 60.000 2.164 0.485696 0.488233
V 65.000 60.000 1.777 0.486384 0.488227
V 66.500 60.000 1.411 0.487073 0.488222
V 68.000 60.000 1.091 0.487761 0.488216
V 69.500 60.000 0.848 0.488449 0.488211
V 71.000 60.000 0.710 0.489138 0.488205
V 72.500 60.000 0.586 0.489826 0.488200
V 74.000 60.000 0.381 0.490515 0.488194
V 75.500 60.000 -0.033 0.491203 0.488188
V 77.000 60.000 -0.560 0.491891 0.488183
V 78.500 60.000 -1.139 0.492580 0.488177
V 80.000 60.000 -1.723 0.493268 0.488172
V 81.500 60.000 -2.264 0.493956 0.488166
V 83.000 60.000 -2.661 0.494645 0.488161
V 84.500 60.000 -2.800 0.495333 0.488155
V 86.000 60.000 -2.725 0.496021 0.488149
V 87.500 60.000 -2.181 0.496710 0.488144
V 89.000 60.000 -1.787 0.497398 0.488138
V 90.500 60.000 -1.360 0.498087 0.488133
V 92.000 60.000 -0.914 0.498775 0.488127
V 93.500 60.000 -0.474 0.499463 0.488122
V 95.000 60.000 -0.079 0.500152 0.488116
V 96.500 60.000 0.224 0.500840 0.488111
V 98.000 60.000 0.384 0.501528 0.488105
V 99.500 60.000 0.493 0.502217 0.488099
V 101.000 60.000 0.492 0.502905 0.488094
V 102.500 60.000 0.390 0.503593 0.488088
V 104.000 60.000 0.238 0.504282 0.488083
V 105.500 60.000 0.085 0.504970 0.488077
V 108.500 60.000 -0.049 0.506347 0.488066
V 110.000 60.000 -0.035 0.507035 0.488060
V 111.500 60.000 -0.009 0.507724 0.488055
V 113.000 60.000 -0.000 0.508412 0.488049
V 114.500 60.000 -0.039 0.509100 0.488044
V 117.500 60.000 -0.400 0.510477 0.488033
V 119.000 60.000 -0.747 0.511166 0.488027
V 120.500 60.000 -1.136 0.511854 0.488021
V 122.000 60.000 -1.398 0.512542 0.488016
V 123.500 60.000 -1.620 0.513231 0.488010
V 125.000 60.000 -1.889 0.513919 0.488005
V 126.500 60.000 -2.252 0.514607 0.487999
V 128.000 60.000 -2.760 0.515296 0.487994
V 129.500 60.000 -3.383 0.515984 0.487988
V 131.000 60.000 -4.058 0.516672 0.487982
V 132.500 60.000 -4.742 0.517361 0.487977
V 134.000 60.000 -5.389 0.518049 0.487971
V 135.500 60.000 -6.018 0.518738 0.487966
V 137.000 60.000 -6.428 0.519426 0.487960
V 138.500 60.000 -6.699 0.520114 0.487955
V 140.000 60.000 -6.760 0.520803 0.487949
V 141.500 60.000 -6.743 0.521491 0.487943
V 143.000 60.000 -6.951 0.522179 0.487938
V 26.000 61.500 6.449 0.468492 0.489063
V 27.500 61.500 6.291 0.469181 0.489058
V 29.000 61.500 6.121 0.469869 0.489052
V 30.500 61.500 5.942 0.470558 0.489047
V 32.000 61.500 5.757 0.471246 0.489041
V 33.500 61.500 5.570 0.471934 0.489036
V 35.000 61.500 5.383 0.472623 0.489030
V 36.500 61.500 5.200 0.473311 0.489024
V 38.000 61.500 5.024 0.473999 0.489019
V 39.500 61.500 4.864 0.474688 0.489013
V 41.000 61.500 4.739 0.475376 0.489008
V 42.500 61.500 4.646 0.476064 0.489002
V 44.000 61.500 4.577 0.476753 0.488997
V 45.500 61.500 4.527 0.477441 0.488991
V 47.000 61.500 4.485 0.478130 0.488986
V 48.500 61.500 4.434 0.478818 0.488980
V 50.000 61.500 4.370 0.479506 0.488974
V 51.500 61.500 4.269 0.480195 0.488969
V 53.000 61.500 4.082 0.480883 0.488963
V 54.500 61.500 3.865 0.481571 0.488958
V 56.000 61.500 3.624 0.482260 0.488952
V 57.500 61.500 3.318 0.482948 0.488947
V 59.000 61.500 2.932 0.483636 0.488941
V 60.500 61.500 2.566 0.484325 0.488935
V 62.000 61.500 2.215 0.485013 0.488930
V 63.500 61.500 1.843 0.485702 0.488924
V 65.000 61.500 1.480 0.486390 0.488919
V 66.500 61.500 1.143 0.487078 0.488913
V 68.000 61.500 0.849 0.487767 0.488908
V 71.000 61.500 0.458 0.489143 0.488896
V 72.500 61.500 0.332 0.489832 0.488891
V 74.000 61.500 0.127 0.490520 0.488885
V 75.500 61.500 -0.301 0.491208 0.488880
V 77.000 61.500 -0.850 0.491897 0.488874
V 78.500 61.500 -1.416 0.492585 0.488869
V 80.000 61.500 -1.923 0.493274 0.488863
V 81.500 61.500 -2.322 0.493962 0.488857
V 83.000 61.500 -2.561 0.494650 0.488852
V 86.000 61.500 -2.233 0.496027 0.488841
V 87.500 61.500 -1.484 0.496715 0.488835
V 89.000 61.500 -0.979 0.497404 0.488830
V 90.500 61.500 -0.470 0.498092 0.488824
V 92.000 61.500 0.001 0.498780 0.488818
V 93.500 61.500 0.356 0.499469 0.488813
V 95.000 61.500 0.540 0.500157 0.488807
V 96.500 61.500 0.551 0.500846 0.488802
V 98.000 61.500 0.641 0.501534 0.488796
V 99.500 61.500 0.689 0.502222 0.488791
V 101.000 61.500 0.625 0.502911 0.488785
V 102.500 61.500 0.493 0.503599 0.488779
V 104.000 61.500 0.343 0.504287 0.488774
V 105.500 61.500 0.255 0.504976 0.488768
V 107.000 61.500 0.228 0.505664 0.488763
V 108.500 61.500 0.188 0.506353 0.488757
V 110.000 61.500 0.179 0.507041 0.488752
V 111.500 61.500 0.207 0.507729 0.488746
V 113.000 61.500 0.225 0.508418 0.488741
V 114.500 61.500 0.202 0.509106 0.488735
V 116.000 61.500 0.094 0.509794 0.488729
V 117.500 61.500 -0.157 0.510483 0.488724
V 119.000 61.500 -0.497 0.511171 0.488718
V 120.500 61.500 -0.865 0.511859 0.488713
V 123.500 61.500 -1.462 0.513236 0.488702
V 125.000 61.500 -1.756 0.513925 0.488696
V 126.500 61.500 -2.123 0.514613 0.488690
V 129.500 61.500 -3.242 0.515990 0.488679
V 131.000 61.500 -3.940 0.516678 0.488674
V 132.500 61.500 -4.667 0.517366 0.488668
V 134.000 61.500 -5.374 0.518055 0.488662
V 135.500 61.500 -6.013 0.518743 0.488657
V 137.000 61.500 -6.550 0.519431 0.488651
V 138.500 61.500 -6.779 0.520120 0.488646
V 140.000 61.500 -6.877 0.520808 0.488640
V 141.500 61.500 -6.862 0.521497 0.488635
V 143.000 61.500 -6.812 0.522185 0.488629
V 24.500 63.000 6.570 0.467810 0.489760
V 26.000 63.000 6.404 0.468498 0.489755
V 27.500 63.000 6.223 0.469186 0.489749
V 29.000 63.000 6.032 0.469875 0.489744
V 30.500 63.000 5.835 0.470563 0.489738
V 32.000 63.000 5.639 0.471251 0.489732
V 33.500 63.000 5.449 0.471940 0.489727
V 35.000 63.000 5.258 0.472628 0.489721
V 36.500 63.000 5.071 0.473317 0.489716
V 38.000 63.000 4.907 0.474005 0.489710
V 39.500 63.000 4.772 0.474693 0.489705
V 41.000 63.000 4.686 0.475382 0.489699
V 42.500 63.000 4.619 0.476070 0.489693
V 44.000 63.000 4.569 0.476758 0.489688
V 45.500 63.000 4.528 0.477447 0.489682
V 47.000 63.000 4.488 0.478135 0.489677
V 48.500 63.000 4.431 0.478823 0.489671
V 50.000 63.000 4.355 0.479512 0.489666
V 51.500 63.000 4.223 0.480200 0.489660
V 53.000 63.000 4.012 0.480889 0.489655
V 54.500 63.000 3.729 0.481577 0.489649
V 56.000 63.000 3.398 0.482265 0.489643
V 57.500 63.000 2.993 0.482954 0.489638
V 59.000 63.000 2.574 0.483642 0.489632
V 60.500 63.000 2.194 0.484330 0.489627
V 62.000 63.000 1.855 0.485019 0.489621
V 63.500 63.000 1.489 0.485707 0.489616
V 65.000 63.000 1.138 0.486395 0.489610
V 66.500 63.000 0.840 0.487084 0.489604
V 68.000 63.000 0.613 0.487772 0.489599
V 69.500 63.000 0.472 0.488461 0.489593
V 71.000 63.000 0.293 0.489149 0.489588
V 72.500 63.000 0.133 0.489837 0.489582
V 74.000 63.000 -0.083 0.490526 0.489577
V 75.500 63.000 -0.523 0.491214 0.489571
V 77.000 63.000 -1.063 0.491902 0.489565
V 78.500 63.000 -1.545 0.492591 0.489560
V 80.000 63.000 -1.913 0.493279 0.489554
V 81.500 63.000 -2.182 0.493967 0.489549
V 83.000 63.000 -2.332 0.494656 0.489543
V 84.500 63.000 -2.142 0.495344 0.489538
V 86.000 63.000 -1.572 0.496033 0.489532
V 87.500 63.000 -0.801 0.496721 0.489526
V 89.000 63.000 -0.193 0.497409 0.489521
V 90.500 63.000 0.294 0.498098 0.489515
V 92.000 63.000 0.579 0.498786 0.489510
V 93.500 63.000 0.672 0.499474 0.489504
V 95.000 63.000 0.639 0.500163 0.489499
V 96.500 63.000 0.675 0.500851 0.489493
V 98.000 63.000 0.765 0.501539 0.489487
V 99.500 63.000 0.766 0.502228 0.489482
V 101.000 63.000 0.674 0.502916 0.489476
V 102.500 63.000 0.553 0.503605 0.489471
V 104.000 63.000 0.502 0.504293 0.489465
V 105.500 63.000 0.502 0.504981 0.489460
V 107.000 63.000 0.479 0.505670 0.489454
V 108.500 63.000 0.444 0.506358 0.489448
V 110.000 63.000 0.400 0.507046 0.489443
V 111.500 63.000 0.397 0.507735 0.489437
V 113.000 63.000 0.419 0.508423 0.489432
V 114.500 63.000 0.407 0.509112 0.489426
V 116.000 63.000 0.301 0.509800 0.489421
V 117.500 63.000 0.036 0.510488 0.489415
V 119.000 63.000 -0.315 0.511177 0.489409
V 120.500 63.000 -0.673 0.511865 0.489404
V 122.000 63.000 -0.952 0.512553 0.489398
V 123.500 63.000 -1.194 0.513242 0.489393
V 125.000 63.000 -1.480 0.513930 0.489387
V 126.500 63.000 -1.857 0.514618 0.489382
V 128.000 63.000 -2.436 0.515307 0.489376
V 129.500 63.000 -3.081 0.515995 0.489370
V 131.000 63.000 -3.816 0.516684 0.489365
V 132.500 63.000 -4.590 0.517372 0.489359
V 134.000 63.000 -5.336 0.518060 0.489354
V 135.500 63.000 -6.163 0.518749 0.489348
V 137.000 63.000 -6.986 0.519437 0.489343
V 138.500 63.000 -7.155 0.520125 0.489337
V 140.000 63.000 -7.074 0.520814 0.489331
V 141.500 63.000 -6.943 0.521502 0.489326
V 143.000 63.000 -6.832 0.522190 0.489320
V 23.000 64.500 6.721 0.467127 0.490457
V 24.500 64.500 6.545 0.467815 0.490452
V 26.000 64.500 6.354 0.468504 0.490446
V 27.500 64.500 6.151 0.469192 0.490440
V 29.000 64.500 5.947 0.469880 0.490435
V 30.500 64.500 5.741 0.470569 0.490429
V 32.000 64.500 5.532 0.471257 0.490424
V 33.500 64.500 5.322 0.471945 0.490418
V 35.000 64.500 5.140 0.472634 0.490413
V 36.500 64.500 4.974 0.473322 0.490407
V 38.000 64.500 4.808 0.474010 0.490401
V 39.500 64.500 4.691 0.474699 0.490396
V 41.000 64.500 4.640 0.475387 0.490390
V 42.500 64.500 4.602 0.476076 0.490385
V 44.000 64.500 4.567 0.476764 0.490379
V 45.500 64.500 4.531 0.477452 0.490374
V 47.000 64.500 4.490 0.478141 0.490368
V 48.500 64.500 4.424 0.478829 0.490362
V 50.000 64.500 4.327 0.479517 0.490357
V 51.500 64.500 4.157 0.480206 0.490351
V 53.000 64.500 3.905 0.480894 0.490346
V 54.500 64.500 3.578 0.481582 0.490340
V 56.000 64.500 3.153 0.482271 0.490335
V 57.500 64.500 2.684 0.482959 0.490329
V 59.000 64.500 2.234 0.483648 0.490324
V 60.500 64.500 1.846 0.484336 0.490318
V 62.000 64.500 1.517 0.485024 0.490312
V 63.500 64.500 1.173 0.485713 0.490307
V 65.000 64.500 0.872 0.486401 0.490301
V 66.500 64.500 0.662 0.487089 0.490296
V 68.000 64.500 0.564 0.487778 0.490290
V 69.500 64.500 0.448 0.488466 0.490285
V 71.000 64.500 0.264 0.489154 0.490279
V 72.500 64.500 0.047 0.489843 0.490273
V 74.000 64.500 -0.232 0.490531 0.490268
V 75.500 64.500 -0.653 0.491220 0.490262
V 77.000 64.500 -1.064 0.491908 0.490257
V 78.500 64.500 -1.460 0.492596 0.490251
V 80.000 64.500 -1.793 0.493285 0.490246
V 81.500 64.500 -1.993 0.493973 0.490240
V 83.000 64.500 -1.925 0.494661 0.490234
V 84.500 64.500 -1.432 0.495350 0.490229
V 86.000 64.500 -0.765 0.496038 0.490223
V 87.500 64.500 -0.139 0.496726 0.490218
V 89.000 64.500 0.343 0.497415 0.490212
V 90.500 64.500 0.601 0.498103 0.490207
V 92.000 64.500 0.701 0.498792 0.490201
V 93.500 64.500 0.691 0.499480 0.490195
V 95.000 64.500 0.672 0.500168 0.490190
V 96.500 64.500 0.755 0.500857 0.490184
V 98.000 64.500 0.803 0.501545 0.490179
V 99.500 64.500 0.798 0.502233 0.490173
V 101.000 64.500 0.728 0.502922 0.490168
V 102.500 64.500 0.716 0.503610 0.490162
V 104.000 64.500 0.739 0.504298 0.490156
V 105.500 64.500 0.757 0.504987 0.490151
V 107.000 64.500 0.729 0.505675 0.490145
V 108.500 64.500 0.698 0.506364 0.490140
V 110.000 64.500 0.650 0.507052 0.490134
V 111.500 64.500 0.602 0.507740 0.490129
V 113.000 64.500 0.594 0.508429 0.490123
V 114.500 64.500 0.585 0.509117 0.490117
V 116.000 64.500 0.477 0.509805 0.490112
V 117.500 64.500 0.195 0.510494 0.490106
V 119.000 64.500 -0.148 0.511182 0.490101
V 120.500 64.500 -0.420 0.511871 0.490095
V 122.000 64.500 -0.624 0.512559 0.490090
V 123.500 64.500 -0.844 0.513247 0.490084
V 125.000 64.500 -1.114 0.513936 0.490078
V 126.500 64.500 -1.519 0.514624 0.490073
V 128.000 64.500 -2.164 0.515312 0.490067
V 129.500 64.500 -2.841 0.516001 0.490062
V 131.000 64.500 -3.600 0.516689 0.490056
V 132.500 64.500 -4.392 0.517377 0.490051
V 134.000 64.500 -5.201 0.518066 0.490045
V 135.500 64.500 -6.552 0.518754 0.490039
V 137.000 64.500 -7.223 0.519443 0.490034
V 138.500 64.500 -7.274 0.520131 0.490028
V 140.000 64.500 -7.072 0.520819 0.490023
V 141.500 64.500 -6.685 0.521508 0.490017
V 143.000 64.500 -6.326 0.522196 0.490012
V 144.500 64.500 -6.674 0.522884 0.490006
V 146.000 64.500 -6.797 0.523573 0.490000
V 21.500 66.000 6.898 0.466444 0.491154
V 23.000 66.000 6.711 0.467132 0.491148
V 24.500 66.000 6.509 0.467821 0.491143
V 26.000 66.000 6.300 0.468509 0.491137
V 27.500 66.000 6.083 0.469197 0.491132
V 29.000 66.000 5.864 0.469886 0.491126
V 30.500 66.000 5.643 0.470574 0.491121
V 32.000 66.000 5.427 0.471263 0.491115
V 33.500 66.000 5.241 0.471951 0.491109
V 35.000 66.000 5.067 0.472639 0.491104
V 36.500 66.000 4.900 0.473328 0.491098
V 38.000 66.000 4.729 0.474016 0.491093
V 39.500 66.000 4.629 0.474704 0.491087
V 41.000 66.000 4.601 0.475393 0.491082
V 42.500 66.000 4.586 0.476081 0.491076
V 44.000 66.000 4.570 0.476769 0.491070
V 45.500 66.000 4.539 0.477458 0.491065
V 47.000 66.000 4.491 0.478146 0.491059
V 48.500 66.000 4.415 0.478835 0.491054
V 50.000 66.000 4.283 0.479523 0.491048
V 51.500 66.000 4.076 0.480211 0.491043
V 53.000 66.000 3.801 0.480900 0.491037
V 54.500 66.000 3.462 0.481588 0.491031
V 56.000 66.000 3.075 0.482276 0.491026
V 57.500 66.000 2.569 0.482965 0.491020
V 59.000 66.000 2.050 0.483653 0.491015
V 60.500 66.000 1.590 0.484341 0.491009
V 62.000 66.000 1.254 0.485030 0.491004
V 63.500 66.000 0.961 0.485718 0.490998
V 65.000 66.000 0.767 0.486407 0.490993
V 66.500 66.000 0.669 0.487095 0.490987
V 68.000 66.000 0.609 0.487783 0.490981
V 69.500 66.000 0.489 0.488472 0.490976
V 71.000 66.000 0.312 0.489160 0.490970
V 72.500 66.000 0.056 0.489848 0.490965
V 74.000 66.000 -0.309 0.490537 0.490959
V 75.500 66.000 -0.707 0.491225 0.490954
V 77.000 66.000 -1.095 0.491913 0.490948
V 78.500 66.000 -1.416 0.492602 0.490942
V 80.000 66.000 -1.624 0.493290 0.490937
V 81.500 66.000 -1.648 0.493979 0.490931
V 83.000 66.000 -1.289 0.494667 0.490926
V 84.500 66.000 -0.795 0.495355 0.490920
V 86.000 66.000 -0.252 0.496044 0.490915
V 87.500 66.000 0.287 0.496732 0.490909
V 89.000 66.000 0.615 0.497420 0.490903
V 90.500 66.000 0.731 0.498109 0.490898
V 92.000 66.000 0.737 0.498797 0.490892
V 93.500 66.000 0.702 0.499485 0.490887
V 95.000 66.000 0.739 0.500174 0.490881
V 96.500 66.000 0.781 0.500862 0.490876
V 98.000 66.000 0.832 0.501551 0.490870
V 99.500 66.000 0.862 0.502239 0.490864
V 101.000 66.000 0.891 0.502927 0.490859
V 102.500 66.000 0.941 0.503616 0.490853
V 104.000 66.000 0.991 0.504304 0.490848
V 105.500 66.000 1.002 0.504992 0.490842
V 107.000 66.000 0.975 0.505681 0.490837
V 108.500 66.000 0.944 0.506369 0.490831
V 110.000 66.000 0.898 0.507058 0.490825
V 111.500 66.000 0.839 0.507746 0.490820
V 113.000 66.000 0.780 0.508434 0.490814
V 114.500 66.000 0.750 0.509123 0.490809
V 116.000 66.000 0.638 0.509811 0.490803
V 117.500 66.000 0.354 0.510499 0.490798
V 119.000 66.000 0.105 0.511188 0.490792
V 120.500 66.000 -0.070 0.511876 0.490786
V 122.000 66.000 -0.243 0.512564 0.490781
V 123.500 66.000 -0.458 0.513253 0.490775
V 125.000 66.000 -0.727 0.513941 0.490770
V 126.500 66.000 -1.156 0.514630 0.490764
V 128.000 66.000 -1.805 0.515318 0.490759
V 129.500 66.000 -2.515 0.516006 0.490753
V 131.000 66.000 -3.270 0.516695 0.490747
V 132.500 66.000 -4.054 0.517383 0.490742
V 134.000 66.000 -5.425 0.518071 0.490736
V 135.500 66.000 -6.421 0.518760 0.490731
V 138.500 66.000 -6.506 0.520136 0.490720
V 140.000 66.000 -5.927 0.520825 0.490714
V 141.500 66.000 -5.481 0.521513 0.490708
V 143.000 66.000 -5.990 0.522202 0.490703
V 144.500 66.000 -6.523 0.522890 0.490697
V 146.000 66.000 -6.628 0.523578 0.490692
V 147.500 66.000 -6.815 0.524267 0.490686
V 20.000 67.500 7.077 0.465761 0.491851
V 21.500 67.500 6.882 0.466449 0.491845
V 23.000 67.500 6.679 0.467138 0.491840
V 24.500 67.500 6.472 0.467826 0.491834
V 26.000 67.500 6.258 0.468515 0.491828
V 27.500 67.500 6.038 0.469203 0.491823
V 29.000 67.500 5.811 0.469891 0.491817
V 30.500 67.500 5.586 0.470580 0.491812
V 32.000 67.500 5.385 0.471268 0.491806
V 33.500 67.500 5.196 0.471956 0.491801
V 35.000 67.500 5.018 0.472645 0.491795
V 36.500 67.500 4.849 0.473333 0.491790
V 38.000 67.500 4.678 0.474022 0.491784
V 39.500 67.500 4.592 0.474710 0.491778
V 41.000 67.500 4.575 0.475398 0.491773
V 42.500 67.500 4.572 0.476087 0.491767
V 44.000 67.500 4.567 0.476775 0.491762
V 45.500 67.500 4.546 0.477463 0.491756
V 48.500 67.500 4.398 0.478840 0.491745
V 50.000 67.500 4.238 0.479528 0.491739
V 51.500 67.500 4.014 0.480217 0.491734
V 53.000 67.500 3.728 0.480905 0.491728
V 54.500 67.500 3.381 0.481594 0.491723
V 56.000 67.500 2.978 0.482282 0.491717
V 57.500 67.500 2.558 0.482970 0.491712
V 59.000 67.500 2.018 0.483659 0.491706
V 60.500 67.500 1.515 0.484347 0.491700
V 63.500 67.500 0.909 0.485724 0.491689
V 65.000 67.500 0.799 0.486412 0.491684
V 66.500 67.500 0.734 0.487100 0.491678
V 68.000 67.500 0.669 0.487789 0.491673
V 69.500 67.500 0.538 0.488477 0.491667
V 71.000 67.500 0.326 0.489166 0.491662
V 72.500 67.500 -0.006 0.489854 0.491656
V 74.000 67.500 -0.381 0.490542 0.491650
V 75.500 67.500 -0.731 0.491231 0.491645
V 77.000 67.500 -1.071 0.491919 0.491639
V 78.500 67.500 -1.289 0.492607 0.491634
V 81.500 67.500 -1.190 0.493984 0.491623
V 83.000 67.500 -0.862 0.494672 0.491617
V 84.500 67.500 -0.415 0.495361 0.491611
V 86.000 67.500 0.090 0.496049 0.491606
V 87.500 67.500 0.545 0.496738 0.491600
V 89.000 67.500 0.735 0.497426 0.491595
V 90.500 67.500 0.778 0.498114 0.491589
V 92.000 67.500 0.775 0.498803 0.491584
V 95.000 67.500 0.816 0.500179 0.491572
V 96.500 67.500 0.880 0.500868 0.491567
V 98.000 67.500 0.955 0.501556 0.491561
V 99.500 67.500 1.022 0.502244 0.491556
V 101.000 67.500 1.104 0.502933 0.491550
V 102.500 67.500 1.181 0.503621 0.491545
V 104.000 67.500 1.243 0.504310 0.491539
V 105.500 67.500 1.240 0.504998 0.491533
V 107.000 67.500 1.216 0.505686 0.491528
V 108.500 67.500 1.181 0.506375 0.491522
V 110.000 67.500 1.132 0.507063 0.491517
V 111.500 67.500 1.074 0.507751 0.491511
V 113.000 67.500 1.000 0.508440 0.491506
V 114.500 67.500 0.918 0.509128 0.491500
V 116.000 67.500 0.796 0.509817 0.491494
V 117.500 67.500 0.588 0.510505 0.491489
V 119.000 67.500 0.456 0.511193 0.491483
V 120.500 67.500 0.325 0.511882 0.491478
V 122.000 67.500 0.157 0.512570 0.491472
V 123.500 67.500 -0.066 0.513258 0.491467
V 125.000 67.500 -0.356 0.513947 0.491461
V 126.500 67.500 -0.783 0.514635 0.491455
V 128.000 67.500 -1.385 0.515323 0.491450
V 129.500 67.500 -2.088 0.516012 0.491444
V 131.000 67.500 -2.813 0.516700 0.491439
V 132.500 67.500 -3.882 0.517389 0.491433
V 134.000 67.500 -4.714 0.518077 0.491428
V 135.500 67.500 -5.182 0.518765 0.491422
V 137.000 67.500 -5.259 0.519454 0.491416
V 138.500 67.500 -4.884 0.520142 0.491411
V 140.000 67.500 -4.434 0.520830 0.491405
V 141.500 67.500 -4.954 0.521519 0.491400
V 143.000 67.500 -5.720 0.522207 0.491394
V 144.500 67.500 -6.359 0.522895 0.491389
V 146.000 67.500 -6.575 0.523584 0.491383
V 147.500 67.500 -6.804 0.524272 0.491377
V 18.500 69.000 7.259 0.465078 0.492548
V 20.000 69.000 7.073 0.465767 0.492542
V 21.500 69.000 6.878 0.466455 0.492536
V 23.000 69.000 6.677 0.467143 0.492531
V 24.500 69.000 6.469 0.467832 0.492525
V 26.000 69.000 6.254 0.468520 0.492520
V 27.500 69.000 6.034 0.469208 0.492514
V 30.500 69.000 5.583 0.470585 0.492503
V 32.000 69.000 5.373 0.471274 0.492497
V 33.500 69.000 5.178 0.471962 0.492492
V 35.000 69.000 4.997 0.472650 0.492486
V 36.500 69.000 4.825 0.473339 0.492481
V 38.000 69.000 4.657 0.474027 0.492475
V 39.500 69.000 4.584 0.474715 0.492470
V 41.000 69.000 4.569 0.475404 0.492464
V 42.500 69.000 4.568 0.476092 0.492459
V 44.000 69.000 4.565 0.476781 0.492453
V 45.500 69.000 4.549 0.477469 0.492447
V 47.000 69.000 4.506 0.478157 0.492442
V 48.500 69.000 4.392 0.478846 0.492436
V 50.000 69.000 4.215 0.479534 0.492431
V 51.500 69.000 3.977 0.480222 0.492425
V 53.000 69.000 3.683 0.480911 0.492420
V 54.500 69.000 3.332 0.481599 0.492414
V 56.000 69.000 2.923 0.482287 0.492408
V 57.500 69.000 2.510 0.482976 0.492403
V 59.000 69.000 2.058 0.483664 0.492397
V 60.500 69.000 1.530 0.484353 0.492392
V 62.000 69.000 1.122 0.485041 0.492386
V 63.500 69.000 0.921 0.485729 0.492381
V 65.000 69.000 0.829 0.486418 0.492375
V 66.500 69.000 0.767 0.487106 0.492369
V 68.000 69.000 0.686 0.487794 0.492364
V 69.500 69.000 0.520 0.488483 0.492358
V 71.000 69.000 0.251 0.489171 0.492353
V 72.500 69.000 -0.084 0.489859 0.492347
V 74.000 69.000 -0.432 0.490548 0.492342
V 75.500 69.000 -0.723 0.491236 0.492336
V 77.000 69.000 -0.981 0.491925 0.492331
V 78.500 69.000 -1.079 0.492613 0.492325
V 80.000 69.000 -0.966 0.493301 0.492319
V 81.500 69.000 -0.743 0.493990 0.492314
V 83.000 69.000 -0.473 0.494678 0.492308
V 84.500 69.000 -0.084 0.495366 0.492303
V 86.000 69.000 0.363 0.496055 0.492297
V 87.500 69.000 0.703 0.496743 0.492292
V 89.000 69.000 0.792 0.497431 0.492286
V 90.500 69.000 0.845 0.498120 0.492280
V 92.000 69.000 0.910 0.498808 0.492275
V 93.500 69.000 0.962 0.499497 0.492269
V 95.000 69.000 1.032 0.500185 0.492264
V 96.500 69.000 1.125 0.500873 0.492258
V 98.000 69.000 1.201 0.501562 0.492253
V 99.500 69.000 1.247 0.502250 0.492247
V 101.000 69.000 1.335 0.502938 0.492241
V 102.500 69.000 1.426 0.503627 0.492236
V 104.000 69.000 1.485 0.504315 0.492230
V 105.500 69.000 1.473 0.505004 0.492225
V 107.000 69.000 1.447 0.505692 0.492219
V 108.500 69.000 1.404 0.506380 0.492214
V 110.000 69.000 1.349 0.507069 0.492208
V 111.500 69.000 1.290 0.507757 0.492202
V 113.000 69.000 1.216 0.508445 0.492197
V 114.500 69.000 1.117 0.509134 0.492191
V 116.000 69.000 0.992 0.509822 0.492186
V 117.500 69.000 0.879 0.510510 0.492180
V 119.000 69.000 0.764 0.511199 0.492175
V 120.500 69.000 0.630 0.511887 0.492169
V 122.000 69.000 0.458 0.512576 0.492163
V 123.500 69.000 0.231 0.513264 0.492158
V 125.000 69.000 -0.047 0.513952 0.492152
V 126.500 69.000 -0.428 0.514641 0.492147
V 128.000 69.000 -0.967 0.515329 0.492141
V 129.500 69.000 -1.595 0.516017 0.492136
V 131.000 69.000 -2.189 0.516706 0.492130
V 132.500 69.000 -2.531 0.517394 0.492124
V 134.000 69.000 -2.772 0.518082 0.492119
V 135.500 69.000 -3.119 0.518771 0.492113
V 137.000 69.000 -3.447 0.519459 0.492108
V 138.500 69.000 -3.331 0.520148 0.492102
V 140.000 69.000 -3.788 0.520836 0.492097
V 141.500 69.000 -4.550 0.521524 0.492091
V 143.000 69.000 -5.441 0.522213 0.492085
V 144.500 69.000 -6.184 0.522901 0.492080
V 146.000 69.000 -6.573 0.523589 0.492074
V 147.500 69.000 -6.877 0.524278 0.492069
V 149.000 69.000 -7.341 0.524966 0.492063
V 15.500 70.500 7.596 0.463707 0.493250
V 17.000 70.500 7.453 0.464395 0.493244
V 18.500 70.500 7.263 0.465084 0.493239
V 20.000 70.500 7.083 0.465772 0.493233
V 21.500 70.500 6.898 0.466461 0.493228
V 23.000 70.500 6.702 0.467149 0.493222
V 24.500 70.500 6.499 0.467837 0.493217
V 26.000 70.500 6.289 0.468526 0.493211
V 27.500 70.500 6.074 0.469214 0.493205
V 29.000 70.500 5.855 0.469902 0.493200
V 30.500 70.500 5.613 0.470591 0.493194
V 32.000 70.500 5.392 0.471279 0.493189
V 33.500 70.500 5.190 0.471967 0.493183
V 35.000 70.500 5.007 0.472656 0.493178
V 36.500 70.500 4.831 0.473344 0.493172
V 38.000 70.500 4.671 0.474033 0.493166
V 39.500 70.500 4.608 0.474721 0.493161
V 41.000 70.500 4.592 0.475409 0.493155
V 42.500 70.500 4.591 0.476098 0.493150
V 44.000 70.500 4.593 0.476786 0.493144
V 45.500 70.500 4.594 0.477474 0.493139
V 47.000 70.500 4.525 0.478163 0.493133
V 48.500 70.500 4.399 0.478851 0.493128
V 50.000 70.500 4.212 0.479540 0.493122
V 51.500 70.500 3.965 0.480228 0.493116
V 53.000 70.500 3.666 0.480916 0.493111
V 54.500 70.500 3.312 0.481605 0.493105
V 56.000 70.500 2.909 0.482293 0.493100
V 57.500 70.500 2.490 0.482981 0.493094
V 59.000 70.500 2.085 0.483670 0.493089
V 60.500 70.500 1.611 0.484358 0.493083
V 62.000 70.500 1.209 0.485046 0.493077
V 63.500 70.500 1.020 0.485735 0.493072
V 65.000 70.500 0.908 0.486423 0.493066
V 66.500 70.500 0.779 0.487112 0.493061
V 68.000 70.500 0.602 0.487800 0.493055
V 69.500 70.500 0.430 0.488488 0.493050
V 71.000 70.500 0.170 0.489177 0.493044
V 72.500 70.500 -0.140 0.489865 0.493038
V 74.000 70.500 -0.451 0.490553 0.493033
V 75.500 70.500 -0.682 0.491242 0.493027
V 77.000 70.500 -0.843 0.491930 0.493022
V 78.500 70.500 -0.794 0.492618 0.493016
V 80.000 70.500 -0.538 0.493307 0.493011
V 81.500 70.500 -0.234 0.493995 0.493005
V 83.000 70.500 0.028 0.494684 0.492999
V 84.500 70.500 0.308 0.495372 0.492994
V 86.000 70.500 0.640 0.496060 0.492988
V 87.500 70.500 0.858 0.496749 0.492983
V 89.000 70.500 0.999 0.497437 0.492977
V 90.500 70.500 1.117 0.498125 0.492972
V 92.000 70.500 1.206 0.498814 0.492966
V 93.500 70.500 1.273 0.499502 0.492961
V 95.000 70.500 1.348 0.500190 0.492955
V 96.500 70.500 1.447 0.500879 0.492949
V 98.000 70.500 1.491 0.501567 0.492944
V 99.500 70.500 1.531 0.502256 0.492938
V 101.000 70.500 1.585 0.502944 0.492933
V 102.500 70.500 1.670 0.503632 0.492927
V 104.000 70.500 1.713 0.504321 0.492922
V 105.500 70.500 1.697 0.505009 0.492916
V 107.000 70.500 1.664 0.505697 0.492910
V 108.500 70.500 1.611 0.506386 0.492905
V 110.000 70.500 1.546 0.507074 0.492899
V 111.500 70.500 1.481 0.507763 0.492894
V 113.000 70.500 1.403 0.508451 0.492888
V 114.500 70.500 1.298 0.509139 0.492883
V 116.000 70.500 1.163 0.509828 0.492877
V 117.500 70.500 1.015 0.510516 0.492871
V 119.000 70.500 0.871 0.511204 0.492866
V 120.500 70.500 0.734 0.511893 0.492860
V 122.000 70.500 0.580 0.512581 0.492855
V 123.500 70.500 0.402 0.513269 0.492849
V 125.000 70.500 0.220 0.513958 0.492844
V 126.500 70.500 -0.127 0.514646 0.492838
V 128.000 70.500 -0.607 0.515335 0.492832
V 129.500 70.500 -1.134 0.516023 0.492827
V 131.000 70.500 -1.672 0.516711 0.492821
V 132.500 70.500 -1.907 0.517400 0.492816
V 134.000 70.500 -2.001 0.518088 0.492810
V 135.500 70.500 -2.083 0.518776 0.492805
V 137.000 70.500 -2.250 0.519465 0.492799
V 138.500 70.500 -2.637 0.520153 0.492793
V 140.000 70.500 -3.326 0.520841 0.492788
V 141.500 70.500 -4.209 0.521530 0.492782
V 143.000 70.500 -5.161 0.522218 0.492777
V 144.500 70.500 -6.000 0.522907 0.492771
V 146.000 70.500 -6.562 0.523595 0.492766
V 147.500 70.500 -7.182 0.524283 0.492760
V 149.000 70.500 -7.300 0.524972 0.492754
V 150.500 70.500 -7.353 0.525660 0.492749
V 14.000 72.000 7.787 0.463024 0.493947
V 15.500 72.000 7.661 0.463713 0.493941
V 17.000 72.000 7.481 0.464401 0.493936
V 18.500 72.000 7.288 0.465089 0.493930
V 20.000 72.000 7.111 0.465778 0.493925
V 21.500 72.000 6.941 0.466466 0.493919
V 23.000 72.000 6.759 0.467154 0.493913
V 24.500 72.000 6.566 0.467843 0.493908
V 26.000 72.000 6.365 0.468531 0.493902
V 27.500 72.000 6.163 0.469220 0.493897
V 29.000 72.000 5.943 0.469908 0.493891
V 30.500 72.000 5.687 0.470596 0.493886
V 32.000 72.000 5.450 0.471285 0.493880
V 33.500 72.000 5.239 0.471973 0.493874
V 35.000 72.000 5.052 0.472661 0.493869
V 36.500 72.000 4.871 0.473350 0.493863
V 38.000 72.000 4.724 0.474038 0.493858
V 39.500 72.000 4.667 0.474727 0.493852
V 41.000 72.000 4.649 0.475415 0.493847
V 42.500 72.000 4.651 0.476103 0.493841
V 44.000 72.000 4.666 0.476792 0.493836
V 45.500 72.000 4.659 0.477480 0.493830
V 47.000 72.000 4.554 0.478168 0.493824
V 48.500 72.000 4.418 0.478857 0.493819
V 50.000 72.000 4.226 0.479545 0.493813
V 51.500 72.000 3.976 0.480233 0.493808
V 53.000 72.000 3.674 0.480922 0.493802
V 54.500 72.000 3.321 0.481610 0.493797
V 56.000 72.000 2.929 0.482299 0.493791
V 57.500 72.000 2.522 0.482987 0.493785
V 59.000 72.000 2.114 0.483675 0.493780
V 60.500 72.000 1.722 0.484364 0.493774
V 62.000 72.000 1.349 0.485052 0.493769
V 63.500 72.000 1.131 0.485740 0.493763
V 65.000 72.000 0.889 0.486429 0.493758
V 66.500 72.000 0.636 0.487117 0.493752
V 68.000 72.000 0.430 0.487805 0.493746
V 69.500 72.000 0.262 0.488494 0.493741
V 71.000 72.000 0.087 0.489182 0.493735
V 72.500 72.000 -0.165 0.489871 0.493730
V 74.000 72.000 -0.425 0.490559 0.493724
V 75.500 72.000 -0.598 0.491247 0.493719
V 77.000 72.000 -0.632 0.491936 0.493713
V 78.500 72.000 -0.446 0.492624 0.493707
V 80.000 72.000 -0.122 0.493312 0.493702
V 81.500 72.000 0.239 0.494001 0.493696
V 83.000 72.000 0.561 0.494689 0.493691
V 84.500 72.000 0.807 0.495377 0.493685
V 87.500 72.000 1.189 0.496754 0.493674
V 89.000 72.000 1.356 0.497443 0.493668
V 90.500 72.000 1.489 0.498131 0.493663
V 92.000 72.000 1.589 0.498819 0.493657
V 93.500 72.000 1.660 0.499508 0.493652
V 95.000 72.000 1.717 0.500196 0.493646
V 96.500 72.000 1.784 0.500884 0.493641
V 98.000 72.000 1.824 0.501573 0.493635
V 99.500 72.000 1.856 0.502261 0.493630
V 101.000 72.000 1.878 0.502950 0.493624
V 102.500 72.000 1.905 0.503638 0.493618
V 104.000 72.000 1.925 0.504326 0.493613
V 105.500 72.000 1.905 0.505015 0.493607
V 107.000 72.000 1.859 0.505703 0.493602
V 108.500 72.000 1.795 0.506391 0.493596
V 110.000 72.000 1.721 0.507080 0.493591
V 111.500 72.000 1.644 0.507768 0.493585
V 113.000 72.000 1.557 0.508456 0.493579
V 114.500 72.000 1.441 0.509145 0.493574
V 116.000 72.000 1.304 0.509833 0.493568
V 117.500 72.000 1.157 0.510522 0.493563
V 119.000 72.000 1.006 0.511210 0.493557
V 120.500 72.000 0.856 0.511898 0.493552
V 123.500 72.000 0.578 0.513275 0.493540
V 125.000 72.000 0.452 0.513963 0.493535
V 126.500 72.000 0.135 0.514652 0.493529
V 128.000 72.000 -0.278 0.515340 0.493524
V 129.500 72.000 -0.702 0.516028 0.493518
V 131.000 72.000 -1.194 0.516717 0.493513
V 132.500 72.000 -1.410 0.517405 0.493507
V 134.000 72.000 -1.444 0.518094 0.493501
V 135.500 72.000 -1.515 0.518782 0.493496
V 137.000 72.000 -1.969 0.519470 0.493490
V 138.500 72.000 -2.767 0.520159 0.493485
V 140.000 72.000 -3.414 0.520847 0.493479
V 141.500 72.000 -4.163 0.521535 0.493473
V 143.000 72.000 -4.995 0.522224 0.493468
V 146.000 72.000 -6.641 0.523600 0.493457
V 147.500 72.000 -7.380 0.524289 0.493451
V 149.000 72.000 -7.596 0.524977 0.493446
V 150.500 72.000 -7.500 0.525666 0.493440
V 152.000 72.000 -7.364 0.526354 0.493434
V 12.500 73.500 7.999 0.462341 0.494644
V 14.000 73.500 7.886 0.463030 0.494638
V 15.500 73.500 7.729 0.463718 0.494632
V 17.000 73.500 7.537 0.464407 0.494627
V 18.500 73.500 7.345 0.465095 0.494621
V 20.000 73.500 7.168 0.465783 0.494616
V 21.500 73.500 7.005 0.466472 0.494610
V 23.000 73.500 6.846 0.467160 0.494605
V 24.500 73.500 6.671 0.467848 0.494599
V 26.000 73.500 6.486 0.468537 0.494594
V 27.500 73.500 6.298 0.469225 0.494588
V 29.000 73.500 6.069 0.469913 0.494582
V 30.500 73.500 5.807 0.470602 0.494577
V 32.000 73.500 5.552 0.471290 0.494571
V 33.500 73.500 5.329 0.471979 0.494566
V 35.000 73.500 5.134 0.472667 0.494560
V 36.500 73.500 4.949 0.473355 0.494555
V 38.000 73.500 4.817 0.474044 0.494549
V 39.500 73.500 4.763 0.474732 0.494543
V 41.000 73.500 4.745 0.475420 0.494538
V 42.500 73.500 4.754 0.476109 0.494532
V 44.000 73.500 4.774 0.476797 0.494527
V 45.500 73.500 4.709 0.477486 0.494521
V 47.000 73.500 4.593 0.478174 0.494516
V 48.500 73.500 4.449 0.478862 0.494510
V 50.000 73.500 4.254 0.479551 0.494505
V 51.500 73.500 4.006 0.480239 0.494499
V 53.000 73.500 3.707 0.480927 0.494493
V 54.500 73.500 3.360 0.481616 0.494488
V 56.000 73.500 2.983 0.482304 0.494482
V 57.500 73.500 2.591 0.482992 0.494477
V 59.000 73.500 2.199 0.483681 0.494471
V 60.500 73.500 1.820 0.484369 0.494466
V 62.000 73.500 1.461 0.485058 0.494460
V 63.500 73.500 1.119 0.485746 0.494454
V 65.000 73.500 0.807 0.486434 0.494449
V 66.500 73.500 0.537 0.487123 0.494443
V 69.500 73.500 0.133 0.488499 0.494432
V 71.000 73.500 -0.047 0.489188 0.494427
V 72.500 73.500 -0.197 0.489876 0.494421
V 74.000 73.500 -0.343 0.490564 0.494415
V 75.500 73.500 -0.445 0.491253 0.494410
V 77.000 73.500 -0.350 0.491941 0.494404
V 78.500 73.500 -0.107 0.492630 0.494399
V 80.000 73.500 0.231 0.493318 0.494393
V 81.500 73.500 0.622 0.494006 0.494388
V 83.000 73.500 1.000 0.494695 0.494382
V 84.500 73.500 1.213 0.495383 0.494376
V 86.000 73.500 1.347 0.496071 0.494371
V 87.500 73.500 1.535 0.496760 0.494365
V 89.000 73.500 1.697 0.497448 0.494360
V 90.500 73.500 1.829 0.498136 0.494354
V 92.000 73.500 1.935 0.498825 0.494349
V 93.500 73.500 2.017 0.499513 0.494343
V 95.000 73.500 2.080 0.500202 0.494337
V 96.500 73.500 2.123 0.500890 0.494332
V 98.000 73.500 2.143 0.501578 0.494326
V 99.500 73.500 2.147 0.502267 0.494321
V 101.000 73.500 2.142 0.502955 0.494315
V 102.500 73.500 2.132 0.503643 0.494310
V 104.000 73.500 2.115 0.504332 0.494304
V 105.500 73.500 2.080 0.505020 0.494298
V 107.000 73.500 2.021 0.505709 0.494293
V 108.500 73.500 1.947 0.506397 0.494287
V 110.000 73.500 1.862 0.507085 0.494282
V 113.000 73.500 1.680 0.508462 0.494271
V 114.500 73.500 1.562 0.509150 0.494265
V 116.000 73.500 1.429 0.509839 0.494259
V 117.500 73.500 1.287 0.510527 0.494254
V 119.000 73.500 1.141 0.511215 0.494248
V 120.500 73.500 0.998 0.511904 0.494243
V 122.000 73.500 0.872 0.512592 0.494237
V 123.500 73.500 0.755 0.513281 0.494232
V 125.000 73.500 0.652 0.513969 0.494226
V 126.500 73.500 0.369 0.514657 0.494220
V 128.000 73.500 0.039 0.515346 0.494215
V 129.500 73.500 -0.316 0.516034 0.494209
V 131.000 73.500 -0.760 0.516722 0.494204
V 132.500 73.500 -0.978 0.517411 0.494198
V 134.000 73.500 -1.022 0.518099 0.494193
V 135.500 73.500 -1.311 0.518787 0.494187
V 137.000 73.500 -2.403 0.519476 0.494181
V 138.500 73.500 -3.267 0.520164 0.494176
V 140.000 73.500 -3.906 0.520853 0.494170
V 141.500 73.500 -4.460 0.521541 0.494165
V 143.000 73.500 -4.925 0.522229 0.494159
V 144.500 73.500 -5.469 0.522918 0.494154
V 146.000 73.500 -6.171 0.523606 0.494148
V 149.000 73.500 -7.441 0.524983 0.494137
V 150.500 73.500 -7.602 0.525671 0.494131
V 152.000 73.500 -7.610 0.526359 0.494126
V 153.500 73.500 -7.391 0.527048 0.494120
V 11.000 75.000 8.251 0.461659 0.495340
V 12.500 75.000 8.162 0.462347 0.495335
V 14.000 75.000 8.028 0.463035 0.495329
V 15.500 75.000 7.854 0.463724 0.495324
V 17.000 75.000 7.624 0.464412 0.495318
V 18.500 75.000 7.444 0.465100 0.495313
V 20.000 75.000 7.278 0.465789 0.495307
V 21.500 75.000 7.117 0.466477 0.495302
V 23.000 75.000 6.964 0.467166 0.495296
V 24.500 75.000 6.814 0.467854 0.495290
V 26.000 75.000 6.651 0.468542 0.495285
V 27.500 75.000 6.467 0.469231 0.495279
V 29.000 75.000 6.231 0.469919 0.495274
V 30.500 75.000 5.969 0.470607 0.495268
V 32.000 75.000 5.704 0.471296 0.495263
V 33.500 75.000 5.463 0.471984 0.495257
V 35.000 75.000 5.259 0.472672 0.495251
V 36.500 75.000 5.071 0.473361 0.495246
V 38.000 75.000 4.953 0.474049 0.495240
V 39.500 75.000 4.897 0.474738 0.495235
V 41.000 75.000 4.880 0.475426 0.495229
V 42.500 75.000 4.887 0.476114 0.495224
V 44.000 75.000 4.871 0.476803 0.495218
V 45.500 75.000 4.763 0.477491 0.495212
V 47.000 75.000 4.644 0.478179 0.495207
V 48.500 75.000 4.492 0.478868 0.495201
V 50.000 75.000 4.296 0.479556 0.495196
V 51.500 75.000 4.052 0.480245 0.495190
V 53.000 75.000 3.768 0.480933 0.495185
V 54.500 75.000 3.439 0.481621 0.495179
V 56.000 75.000 3.082 0.482310 0.495174
V 57.500 75.000 2.710 0.482998 0.495168
V 59.000 75.000 2.337 0.483686 0.495162
V 60.500 75.000 1.954 0.484375 0.495157
V 62.000 75.000 1.591 0.485063 0.495151
V 63.500 75.000 1.228 0.485751 0.495146
V 65.000 75.000 0.891 0.486440 0.495140
V 66.500 75.000 0.597 0.487128 0.495135
V 68.000 75.000 0.375 0.487817 0.495129
V 69.500 75.000 0.240 0.488505 0.495123
V 71.000 75.000 0.082 0.489193 0.495118
V 72.500 75.000 -0.068 0.489882 0.495112
V 74.000 75.000 -0.184 0.490570 0.495107
V 75.500 75.000 -0.257 0.491258 0.495101
V 77.000 75.000 -0.169 0.491947 0.495096
V 78.500 75.000 0.104 0.492635 0.495090
V 80.000 75.000 0.458 0.493323 0.495084
V 81.500 75.000 0.869 0.494012 0.495079
V 83.000 75.000 1.278 0.494700 0.495073
V 84.500 75.000 1.522 0.495389 0.495068
V 86.000 75.000 1.697 0.496077 0.495062
V 87.500 75.000 1.879 0.496765 0.495057
V 89.000 75.000 2.035 0.497454 0.495051
V 90.500 75.000 2.163 0.498142 0.495045
V 92.000 75.000 2.266 0.498830 0.495040
V 93.500 75.000 2.354 0.499519 0.495034
V 95.000 75.000 2.418 0.500207 0.495029
V 96.500 75.000 2.433 0.500895 0.495023
V 98.000 75.000 2.432 0.501584 0.495018
V 99.500 75.000 2.398 0.502272 0.495012
V 101.000 75.000 2.355 0.502961 0.495006
V 102.500 75.000 2.292 0.503649 0.495001
V 104.000 75.000 2.228 0.504337 0.494995
V 105.500 75.000 2.168 0.505026 0.494990
V 107.000 75.000 2.092 0.505714 0.494984
V 108.500 75.000 2.008 0.506402 0.494979
V 110.000 75.000 1.950 0.507091 0.494973
V 111.500 75.000 1.888 0.507779 0.494967
V 113.000 75.000 1.784 0.508468 0.494962
V 114.500 75.000 1.665 0.509156 0.494956
V 116.000 75.000 1.533 0.509844 0.494951
V 117.500 75.000 1.395 0.510533 0.494945
V 119.000 75.000 1.266 0.511221 0.494940
V 120.500 75.000 1.152 0.511909 0.494934
V 122.000 75.000 1.039 0.512598 0.494928
V 123.500 75.000 0.926 0.513286 0.494923
V 125.000 75.000 0.824 0.513974 0.494917
V 126.500 75.000 0.585 0.514663 0.494912
V 128.000 75.000 0.322 0.515351 0.494906
V 129.500 75.000 0.014 0.516040 0.494901
V 131.000 75.000 -0.378 0.516728 0.494895
V 132.500 75.000 -0.616 0.517416 0.494889
V 134.000 75.000 -0.828 0.518105 0.494884
V 135.500 75.000 -1.891 0.518793 0.494878
V 137.000 75.000 -2.868 0.519481 0.494873
V 140.000 75.000 -3.917 0.520858 0.494862
V 141.500 75.000 -4.206 0.521546 0.494856
V 143.000 75.000 -4.486 0.522235 0.494850
V 144.500 75.000 -4.925 0.522923 0.494845
V 146.000 75.000 -5.456 0.523612 0.494839
V 147.500 75.000 -5.971 0.524300 0.494834
V 149.000 75.000 -6.498 0.524988 0.494828
V 150.500 75.000 -6.925 0.525677 0.494823
V 152.000 75.000 -7.329 0.526365 0.494817
V 153.500 75.000 -7.599 0.527053 0.494811
V 155.000 75.000 -7.434 0.527742 0.494806
V 8.000 76.500 8.592 0.460287 0.496043
V 9.500 76.500 8.588 0.460976 0.496037
V 11.000 76.500 8.543 0.461664 0.496032
V 12.500 76.500 8.439 0.462353 0.496026
V 14.000 76.500 8.275 0.463041 0.496021
V 15.500 76.500 8.018 0.463729 0.496015
V 17.000 76.500 7.724 0.464418 0.496009
V 18.500 76.500 7.517 0.465106 0.496004
V 20.000 76.500 7.363 0.465794 0.495998
V 21.500 76.500 7.229 0.466483 0.495993
V 23.000 76.500 7.103 0.467171 0.495987
V 24.500 76.500 6.982 0.467859 0.495982
V 27.500 76.500 6.677 0.469236 0.495971
V 29.000 76.500 6.441 0.469925 0.495965
V 30.500 76.500 6.176 0.470613 0.495959
V 32.000 76.500 5.905 0.471301 0.495954
V 33.500 76.500 5.649 0.471990 0.495948
V 35.000 76.500 5.430 0.472678 0.495943
V 36.500 76.500 5.244 0.473366 0.495937
V 38.000 76.500 5.129 0.474055 0.495932
V 39.500 76.500 5.065 0.474743 0.495926
V 41.000 76.500 5.034 0.475431 0.495920
V 42.500 76.500 5.017 0.476120 0.495915
V 44.000 76.500 4.951 0.476808 0.495909
V 45.500 76.500 4.827 0.477497 0.495904
V 47.000 76.500 4.701 0.478185 0.495898
V 48.500 76.500 4.537 0.478873 0.495893
V 50.000 76.500 4.336 0.479562 0.495887
V 51.500 76.500 4.111 0.480250 0.495881
V 53.000 76.500 3.860 0.480938 0.495876
V 54.500 76.500 3.564 0.481627 0.495870
V 56.000 76.500 3.229 0.482315 0.495865
V 57.500 76.500 2.875 0.483004 0.495859
V 59.000 76.500 2.497 0.483692 0.495854
V 60.500 76.500 2.110 0.484380 0.495848
V 62.000 76.500 1.748 0.485069 0.495843
V 63.500 76.500 1.398 0.485757 0.495837
V 65.000 76.500 1.049 0.486445 0.495831
V 66.500 76.500 0.755 0.487134 0.495826
V 68.000 76.500 0.565 0.487822 0.495820
V 69.500 76.500 0.453 0.488510 0.495815
V 71.000 76.500 0.368 0.489199 0.495809
V 72.500 76.500 0.241 0.489887 0.495804
V 74.000 76.500 0.127 0.490576 0.495798
V 75.500 76.500 0.043 0.491264 0.495792
V 77.000 76.500 0.018 0.491952 0.495787
V 78.500 76.500 0.108 0.492641 0.495781
V 80.000 76.500 0.387 0.493329 0.495776
V 81.500 76.500 0.846 0.494017 0.495770
V 83.000 76.500 1.438 0.494706 0.495765
V 84.500 76.500 1.808 0.495394 0.495759
V 86.000 76.500 2.050 0.496082 0.495753
V 87.500 76.500 2.232 0.496771 0.495748
V 89.000 76.500 2.382 0.497459 0.495742
V 90.500 76.500 2.506 0.498148 0.495737
V 92.000 76.500 2.618 0.498836 0.495731
V 93.500 76.500 2.710 0.499524 0.495726
V 95.000 76.500 2.736 0.500213 0.495720
V 96.500 76.500 2.708 0.500901 0.495714
V 98.000 76.500 2.689 0.501589 0.495709
V 99.500 76.500 2.612 0.502278 0.495703
V 101.000 76.500 2.512 0.502966 0.495698
V 102.500 76.500 2.400 0.503655 0.495692
V 104.000 76.500 2.303 0.504343 0.495687
V 105.500 76.500 2.214 0.505031 0.495681
V 107.000 76.500 2.133 0.505720 0.495675
V 108.500 76.500 2.089 0.506408 0.495670
V 110.000 76.500 2.057 0.507096 0.495664
V 111.500 76.500 1.992 0.507785 0.495659
V 113.000 76.500 1.884 0.508473 0.495653
V 114.500 76.500 1.764 0.509161 0.495648
V 116.000 76.500 1.639 0.509850 0.495642
V 117.500 76.500 1.524 0.510538 0.495636
V 119.000 76.500 1.421 0.511227 0.495631
V 120.500 76.500 1.317 0.511915 0.495625
V 122.000 76.500 1.209 0.512603 0.495620
V 123.500 76.500 1.094 0.513292 0.495614
V 125.000 76.500 0.974 0.513980 0.495609
V 126.500 76.500 0.785 0.514668 0.495603
V 128.000 76.500 0.561 0.515357 0.495597
V 129.500 76.500 0.283 0.516045 0.495592
V 131.000 76.500 -0.066 0.516733 0.495586
V 132.500 76.500 -0.382 0.517422 0.495581
V 134.000 76.500 -1.210 0.518110 0.495575
V 135.500 76.500 -2.026 0.518799 0.495570
V 137.000 76.500 -2.761 0.519487 0.495564
V 138.500 76.500 -3.329 0.520175 0.495558
V 140.000 76.500 -3.617 0.520864 0.495553
V 141.500 76.500 -3.782 0.521552 0.495547
V 143.000 76.500 -3.953 0.522240 0.495542
V 144.500 76.500 -4.282 0.522929 0.495536
V 146.000 76.500 -4.659 0.523617 0.495531
V 147.500 76.500 -5.036 0.524305 0.495525
V 149.000 76.500 -5.485 0.524994 0.495519
V 150.500 76.500 -5.960 0.525682 0.495514
V 152.000 76.500 -6.436 0.526371 0.495508
V 153.500 76.500 -7.065 0.527059 0.495503
V 155.000 76.500 -7.494 0.527747 0.495497
V 156.500 76.500 -7.483 0.528436 0.495492
V 6.500 78.000 8.930 0.459605 0.496740
V 8.000 78.000 8.939 0.460293 0.496734
V 9.500 78.000 8.925 0.460981 0.496729
V 11.000 78.000 8.865 0.461670 0.496723
V 12.500 78.000 8.737 0.462358 0.496717
V 14.000 78.000 8.507 0.463046 0.496712
V 15.500 78.000 8.197 0.463735 0.496706
V 17.000 78.000 7.870 0.464423 0.496701
V 18.500 78.000 7.623 0.465112 0.496695
V 20.000 78.000 7.447 0.465800 0.496690
V 21.500 78.000 7.314 0.466488 0.496684
V 23.000 78.000 7.222 0.467177 0.496678
V 24.500 78.000 7.212 0.467865 0.496673
V 26.000 78.000 7.141 0.468553 0.496667
V 27.500 78.000 6.980 0.469242 0.496662
V 29.000 78.000 6.755 0.469930 0.496656
V 30.500 78.000 6.461 0.470618 0.496651
V 32.000 78.000 6.167 0.471307 0.496645
V 33.500 78.000 5.891 0.471995 0.496640
V 35.000 78.000 5.652 0.472684 0.496634
V 36.500 78.000 5.465 0.473372 0.496628
V 38.000 78.000 5.335 0.474060 0.496623
V 39.500 78.000 5.248 0.474749 0.496617
V 41.000 78.000 5.187 0.475437 0.496612
V 42.500 78.000 5.135 0.476125 0.496606
V 44.000 78.000 5.020 0.476814 0.496601
V 45.500 78.000 4.895 0.477502 0.496595
V 47.000 78.000 4.747 0.478190 0.496589
V 48.500 78.000 4.575 0.478879 0.496584
V 50.000 78.000 4.390 0.479567 0.496578
V 51.500 78.000 4.191 0.480256 0.496573
V 53.000 78.000 3.967 0.480944 0.496567
V 54.500 78.000 3.702 0.481632 0.496562
V 56.000 78.000 3.390 0.482321 0.496556
V 57.500 78.000 3.042 0.483009 0.496550
V 59.000 78.000 2.647 0.483697 0.496545
V 60.500 78.000 2.294 0.484386 0.496539
V 62.000 78.000 1.938 0.485074 0.496534
V 63.500 78.000 1.614 0.485763 0.496528
V 65.000 78.000 1.281 0.486451 0.496523
V 66.500 78.000 1.018 0.487139 0.496517
V 68.000 78.000 0.870 0.487828 0.496512
V 69.500 78.000 0.773 0.488516 0.496506
V 71.000 78.000 0.693 0.489204 0.496500
V 72.500 78.000 0.615 0.489893 0.496495
V 74.000 78.000 0.515 0.490581 0.496489
V 75.500 78.000 0.442 0.491269 0.496484
V 77.000 78.000 0.420 0.491958 0.496478
V 78.500 78.000 0.476 0.492646 0.496473
V 80.000 78.000 0.638 0.493335 0.496467
V 83.000 78.000 1.467 0.494711 0.496456
V 84.500 78.000 2.104 0.495400 0.496450
V 86.000 78.000 2.414 0.496088 0.496445
V 87.500 78.000 2.603 0.496776 0.496439
V 89.000 78.000 2.749 0.497465 0.496434
V 90.500 78.000 2.880 0.498153 0.496428
V 92.000 78.000 2.995 0.498841 0.496422
V 93.500 78.000 3.048 0.499530 0.496417
V 95.000 78.000 3.043 0.500218 0.496411
V 96.500 78.000 2.983 0.500907 0.496406
V 98.000 78.000 2.916 0.501595 0.496400
V 99.500 78.000 2.787 0.502283 0.496395
V 101.000 78.000 2.635 0.502972 0.496389
V 102.500 78.000 2.498 0.503660 0.496383
V 104.000 78.000 2.379 0.504348 0.496378
V 105.500 78.000 2.283 0.505037 0.496372
V 107.000 78.000 2.233 0.505725 0.496367
V 108.500 78.000 2.200 0.506414 0.496361
V 110.000 78.000 2.167 0.507102 0.496356
V 111.500 78.000 2.100 0.507790 0.496350
V 113.000 78.000 1.994 0.508479 0.496344
V 114.500 78.000 1.881 0.509167 0.496339
V 116.000 78.000 1.778 0.509855 0.496333
V 117.500 78.000 1.684 0.510544 0.496328
V 119.000 78.000 1.588 0.511232 0.496322
V 120.500 78.000 1.486 0.511920 0.496317
V 122.000 78.000 1.374 0.512609 0.496311
V 123.500 78.000 1.249 0.513297 0.496305
V 126.500 78.000 0.953 0.514674 0.496294
V 128.000 78.000 0.756 0.515362 0.496289
V 129.500 78.000 0.500 0.516051 0.496283
V 132.500 78.000 -0.267 0.517427 0.496272
V 134.000 78.000 -0.881 0.518116 0.496266
V 135.500 78.000 -1.593 0.518804 0.496261
V 137.000 78.000 -2.291 0.519492 0.496255
V 138.500 78.000 -2.820 0.520181 0.496250
V 140.000 78.000 -3.034 0.520869 0.496244
V 141.500 78.000 -3.167 0.521558 0.496239
V 143.000 78.000 -3.382 0.522246 0.496233
V 144.500 78.000 -3.682 0.522934 0.496227
V 146.000 78.000 -3.936 0.523623 0.496222
V 147.500 78.000 -4.249 0.524311 0.496216
V 149.000 78.000 -4.641 0.524999 0.496211
V 150.500 78.000 -5.078 0.525688 0.496205
V 152.000 78.000 -5.827 0.526376 0.496200
V 153.500 78.000 -6.605 0.527065 0.496194
V 155.000 78.000 -7.020 0.527753 0.496188
V 156.500 78.000 -7.427 0.528441 0.496183
V 158.000 78.000 -7.525 0.529130 0.496177
V 3.500 79.500 9.289 0.458233 0.497442
V 5.000 79.500 9.294 0.458922 0.497437
V 6.500 79.500 9.306 0.459610 0.497431
V 8.000 79.500 9.304 0.460299 0.497425
V 9.500 79.500 9.260 0.460987 0.497420
V 11.000 79.500 9.166 0.461675 0.497414
V 12.500 79.500 9.031 0.462364 0.497409
V 14.000 79.500 8.746 0.463052 0.497403
V 15.500 79.500 8.419 0.463740 0.497398
V 17.000 79.500 8.080 0.464429 0.497392
V 18.500 79.500 7.793 0.465117 0.497386
V 20.000 79.500 7.596 0.465805 0.497381
V 21.500 79.500 7.485 0.466494 0.497375
V 23.000 79.500 7.498 0.467182 0.497370
V 24.500 79.500 7.566 0.467871 0.497364
V 26.000 79.500 7.470 0.468559 0.497359
V 27.500 79.500 7.301 0.469247 0.497353
V 29.000 79.500 7.128 0.469936 0.497347
V 30.500 79.500 6.870 0.470624 0.497342
V 32.000 79.500 6.541 0.471312 0.497336
V 33.500 79.500 6.227 0.472001 0.497331
V 35.000 79.500 5.949 0.472689 0.497325
V 36.500 79.500 5.727 0.473377 0.497320
V 38.000 79.500 5.561 0.474066 0.497314
V 39.500 79.500 5.439 0.474754 0.497309
V 41.000 79.500 5.336 0.475443 0.497303
V 42.500 79.500 5.237 0.476131 0.497297
V 44.000 79.500 5.095 0.476819 0.497292
V 45.500 79.500 4.945 0.477508 0.497286
V 47.000 79.500 4.786 0.478196 0.497281
V 48.500 79.500 4.624 0.478884 0.497275
V 50.000 79.500 4.458 0.479573 0.497270
V 51.500 79.500 4.280 0.480261 0.497264
V 53.000 79.500 4.080 0.480950 0.497258
V 54.500 79.500 3.840 0.481638 0.497253
V 56.000 79.500 3.546 0.482326 0.497247
V 57.500 79.500 3.195 0.483015 0.497242
V 59.000 79.500 2.818 0.483703 0.497236
V 60.500 79.500 2.499 0.484391 0.497231
V 62.000 79.500 2.164 0.485080 0.497225
V 63.500 79.500 1.870 0.485768 0.497219
V 65.000 79.500 1.582 0.486456 0.497214
V 66.500 79.500 1.378 0.487145 0.497208
V 68.000 79.500 1.270 0.487833 0.497203
V 69.500 79.500 1.178 0.488522 0.497197
V 71.000 79.500 1.089 0.489210 0.497192
V 74.000 79.500 0.930 0.490587 0.497181
V 75.500 79.500 0.871 0.491275 0.497175
V 77.000 79.500 0.857 0.491963 0.497169
V 78.500 79.500 0.916 0.492652 0.497164
V 80.000 79.500 1.078 0.493340 0.497158
V 81.500 79.500 1.367 0.494028 0.497153
V 83.000 79.500 1.782 0.494717 0.497147
V 84.500 79.500 2.348 0.495405 0.497142
V 86.000 79.500 2.797 0.496094 0.497136
V 87.500 79.500 3.001 0.496782 0.497130
V 89.000 79.500 3.149 0.497470 0.497125
V 90.500 79.500 3.284 0.498159 0.497119
V 92.000 79.500 3.359 0.498847 0.497114
V 93.500 79.500 3.379 0.499535 0.497108
V 95.000 79.500 3.349 0.500224 0.497103
V 96.500 79.500 3.266 0.500912 0.497097
V 98.000 79.500 3.148 0.501601 0.497091
V 99.500 79.500 2.971 0.502289 0.497086
V 101.000 79.500 2.786 0.502977 0.497080
V 102.500 79.500 2.624 0.503666 0.497075
V 104.000 79.500 2.498 0.504354 0.497069
V 105.500 79.500 2.420 0.505042 0.497064
V 107.000 79.500 2.367 0.505731 0.497058
V 108.500 79.500 2.328 0.506419 0.497052
V 110.000 79.500 2.289 0.507107 0.497047
V 111.500 79.500 2.225 0.507796 0.497041
V 113.000 79.500 2.127 0.508484 0.497036
V 114.500 79.500 2.034 0.509173 0.497030
V 116.000 79.500 1.947 0.509861 0.497025
V 117.500 79.500 1.855 0.510549 0.497019
V 119.000 79.500 1.753 0.511238 0.497013
V 120.500 79.500 1.631 0.511926 0.497008
V 122.000 79.500 1.491 0.512614 0.497002
V 123.500 79.500 1.339 0.513303 0.496997
V 125.000 79.500 1.184 0.513991 0.496991
V 126.500 79.500 1.037 0.514679 0.496986
V 128.000 79.500 0.855 0.515368 0.496980
V 129.500 79.500 0.626 0.516056 0.496974
V 131.000 79.500 0.355 0.516745 0.496969
V 132.500 79.500 0.006 0.517433 0.496963
V 134.000 79.500 -0.474 0.518121 0.496958
V 135.500 79.500 -1.023 0.518810 0.496952
V 137.000 79.500 -1.661 0.519498 0.496947
V 138.500 79.500 -2.149 0.520186 0.496941
V 140.000 79.500 -2.331 0.520875 0.496935
V 141.500 79.500 -2.591 0.521563 0.496930
V 143.000 79.500 -2.961 0.522251 0.496924
V 144.500 79.500 -3.354 0.522940 0.496919
V 146.000 79.500 -3.613 0.523628 0.496913
V 147.500 79.500 -3.812 0.524317 0.496908
V 149.000 79.500 -4.129 0.525005 0.496902
V 150.500 79.500 -4.674 0.525693 0.496896
V 152.000 79.500 -5.780 0.526382 0.496891
V 153.500 79.500 -6.220 0.527070 0.496885
V 155.000 79.500 -6.575 0.527758 0.496880
V 156.500 79.500 -6.930 0.528447 0.496874
V 158.000 79.500 -7.327 0.529135 0.496869
V 159.500 79.500 -7.550 0.529824 0.496863
V 2.000 81.000 9.679 0.457551 0.498139
V 3.500 81.000 9.664 0.458239 0.498133
V 5.000 81.000 9.654 0.458927 0.498128
V 6.500 81.000 9.630 0.459616 0.498122
V 8.000 81.000 9.582 0.460304 0.498117
V 9.500 81.000 9.516 0.460992 0.498111
V 11.000 81.000 9.419 0.461681 0.498106
V 12.500 81.000 9.395 0.462369 0.498100
V 14.000 81.000 9.145 0.463058 0.498094
V 15.500 81.000 8.756 0.463746 0.498089
V 17.000 81.000 8.372 0.464434 0.498083
V 20.000 81.000 7.868 0.465811 0.498072
V 21.500 81.000 7.825 0.466499 0.498067
V 23.000 81.000 7.872 0.467188 0.498061
V 24.500 81.000 7.926 0.467876 0.498055
V 26.000 81.000 7.823 0.468564 0.498050
V 27.500 81.000 7.663 0.469253 0.498044
V 29.000 81.000 7.466 0.469941 0.498039
V 30.500 81.000 7.269 0.470630 0.498033
V 32.000 81.000 6.968 0.471318 0.498028
V 33.500 81.000 6.624 0.472006 0.498022
V 35.000 81.000 6.317 0.472695 0.498017
V 36.500 81.000 6.063 0.473383 0.498011
V 38.000 81.000 5.847 0.474071 0.498005
V 39.500 81.000 5.654 0.474760 0.498000
V 41.000 81.000 5.481 0.475448 0.497994
V 44.000 81.000 5.155 0.476825 0.497983
V 45.500 81.000 5.001 0.477513 0.497978
V 47.000 81.000 4.852 0.478202 0.497972
V 48.500 81.000 4.703 0.478890 0.497966
V 50.000 81.000 4.546 0.479578 0.497961
V 51.500 81.000 4.376 0.480267 0.497955
V 53.000 81.000 4.187 0.480955 0.497950
V 56.000 81.000 3.684 0.482332 0.497939
V 57.500 81.000 3.356 0.483020 0.497933
V 59.000 81.000 3.018 0.483709 0.497927
V 60.500 81.000 2.724 0.484397 0.497922
V 62.000 81.000 2.425 0.485085 0.497916
V 63.500 81.000 2.169 0.485774 0.497911
V 65.000 81.000 1.950 0.486462 0.497905
V 66.500 81.000 1.816 0.487150 0.497900
V 68.000 81.000 1.711 0.487839 0.497894
V 69.500 81.000 1.596 0.488527 0.497888
V 71.000 81.000 1.459 0.489215 0.497883
V 72.500 81.000 1.337 0.489904 0.497877
V 74.000 81.000 1.362 0.490592 0.497872
V 75.500 81.000 1.402 0.491281 0.497866
V 77.000 81.000 1.424 0.491969 0.497861
V 78.500 81.000 1.501 0.492657 0.497855
V 80.000 81.000 1.665 0.493346 0.497850
V 81.500 81.000 2.083 0.494034 0.497844
V 83.000 81.000 2.561 0.494722 0.497838
V 84.500 81.000 2.803 0.495411 0.497833
V 86.000 81.000 3.211 0.496099 0.497827
V 87.500 81.000 3.435 0.496787 0.497822
V 89.000 81.000 3.585 0.497476 0.497816
V 90.500 81.000 3.682 0.498164 0.497811
V 92.000 81.000 3.729 0.498853 0.497805
V 93.500 81.000 3.725 0.499541 0.497799
V 95.000 81.000 3.670 0.500229 0.497794
V 98.000 81.000 3.412 0.501606 0.497783
V 99.500 81.000 3.210 0.502294 0.497777
V 101.000 81.000 2.999 0.502983 0.497772
V 104.000 81.000 2.691 0.504360 0.497760
V 105.500 81.000 2.604 0.505048 0.497755
V 107.000 81.000 2.542 0.505736 0.497749
V 108.500 81.000 2.493 0.506425 0.497744
V 110.000 81.000 2.444 0.507113 0.497738
V 113.000 81.000 2.298 0.508490 0.497727
V 114.500 81.000 2.206 0.509178 0.497721
V 116.000 81.000 2.091 0.509866 0.497716
V 117.500 81.000 1.961 0.510555 0.497710
V 119.000 81.000 1.820 0.511243 0.497705
V 120.500 81.000 1.675 0.511932 0.497699
V 122.000 81.000 1.529 0.512620 0.497694
V 123.500 81.000 1.379 0.513308 0.497688
V 125.000 81.000 1.228 0.513997 0.497682
V 126.500 81.000 1.091 0.514685 0.497677
V 128.000 81.000 0.933 0.515373 0.497671
V 129.500 81.000 0.749 0.516062 0.497666
V 131.000 81.000 0.531 0.516750 0.497660
V 132.500 81.000 0.250 0.517438 0.497655
V 134.000 81.000 -0.149 0.518127 0.497649
V 135.500 81.000 -0.609 0.518815 0.497643
V 137.000 81.000 -1.060 0.519504 0.497638
V 138.500 81.000 -1.467 0.520192 0.497632
V 140.000 81.000 -1.815 0.520880 0.497627
V 141.500 81.000 -2.214 0.521569 0.497621
V 143.000 81.000 -2.629 0.522257 0.497616
V 144.500 81.000 -3.054 0.522945 0.497610
V 146.000 81.000 -3.446 0.523634 0.497604
V 147.500 81.000 -3.758 0.524322 0.497599
V 149.000 81.000 -4.090 0.525011 0.497593
V 150.500 81.000 -4.732 0.525699 0.497588
V 152.000 81.000 -5.550 0.526387 0.497582
V 153.500 81.000 -5.883 0.527076 0.497577
V 155.000 81.000 -6.153 0.527764 0.497571
V 156.500 81.000 -6.411 0.528452 0.497565
V 158.000 81.000 -6.652 0.529141 0.497560
V 159.500 81.000 -7.108 0.529829 0.497554
V 161.000 81.000 -7.545 0.530517 0.497549
V 0.500 82.500 10.022 0.456868 0.498836
V 2.000 82.500 10.027 0.457556 0.498830
V 3.500 82.500 9.973 0.458244 0.498825
V 5.000 82.500 9.933 0.458933 0.498819
V 6.500 82.500 9.885 0.459621 0.498813
V 8.000 82.500 9.823 0.460310 0.498808
V 9.500 82.500 9.746 0.460998 0.498802
V 11.000 82.500 9.667 0.461686 0.498797
V 12.500 82.500 9.703 0.462375 0.498791
V 14.000 82.500 9.535 0.463063 0.498786
V 15.500 82.500 9.166 0.463751 0.498780
V 17.000 82.500 8.742 0.464440 0.498775
V 18.500 82.500 8.335 0.465128 0.498769
V 20.000 82.500 8.203 0.465817 0.498763
V 21.500 82.500 8.187 0.466505 0.498758
V 23.000 82.500 8.228 0.467193 0.498752
V 24.500 82.500 8.265 0.467882 0.498747
V 26.000 82.500 8.172 0.468570 0.498741
V 27.500 82.500 8.028 0.469258 0.498736
V 29.000 82.500 7.833 0.469947 0.498730
V 30.500 82.500 7.604 0.470635 0.498724
V 32.000 82.500 7.365 0.471323 0.498719
V 33.500 82.500 7.026 0.472012 0.498713
V 35.000 82.500 6.706 0.472700 0.498708
V 36.500 82.500 6.435 0.473389 0.498702
V 38.000 82.500 6.177 0.474077 0.498697
V 39.500 82.500 5.907 0.474765 0.498691
V 41.000 82.500 5.633 0.475454 0.498686
V 42.500 82.500 5.386 0.476142 0.498680
V 44.000 82.500 5.200 0.476830 0.498674
V 45.500 82.500 5.050 0.477519 0.498669
V 47.000 82.500 4.908 0.478207 0.498663
V 48.500 82.500 4.762 0.478895 0.498658
V 50.000 82.500 4.606 0.479584 0.498652
V 51.500 82.500 4.437 0.480272 0.498647
V 53.000 82.500 4.264 0.480961 0.498641
V 54.500 82.500 4.080 0.481649 0.498635
V 56.000 82.500 3.822 0.482337 0.498630
V 57.500 82.500 3.533 0.483026 0.498624
V 59.000 82.500 3.242 0.483714 0.498619
V 60.500 82.500 2.977 0.484402 0.498613
V 62.000 82.500 2.729 0.485091 0.498608
V 63.500 82.500 2.523 0.485779 0.498602
V 66.500 82.500 2.247 0.487156 0.498591
V 68.000 82.500 2.103 0.487844 0.498585
V 69.500 82.500 1.950 0.488533 0.498580
V 71.000 82.500 1.795 0.489221 0.498574
V 72.500 82.500 1.652 0.489909 0.498569
V 74.000 82.500 1.663 0.490598 0.498563
V 75.500 82.500 1.854 0.491286 0.498557
V 77.000 82.500 1.984 0.491974 0.498552
V 78.500 82.500 2.101 0.492663 0.498546
V 80.000 82.500 2.293 0.493351 0.498541
V 81.500 82.500 2.912 0.494040 0.498535
V 83.000 82.500 3.354 0.494728 0.498530
V 84.500 82.500 3.587 0.495416 0.498524
V 86.000 82.500 3.760 0.496105 0.498519
V 89.000 82.500 4.031 0.497481 0.498507
V 90.500 82.500 4.102 0.498170 0.498502
V 92.000 82.500 4.123 0.498858 0.498496
V 93.500 82.500 4.095 0.499546 0.498491
V 95.000 82.500 4.019 0.500235 0.498485
V 96.500 82.500 3.897 0.500923 0.498480
V 98.000 82.500 3.751 0.501612 0.498474
V 99.500 82.500 3.580 0.502300 0.498468
V 101.000 82.500 3.348 0.502988 0.498463
V 102.500 82.500 3.123 0.503677 0.498457
V 104.000 82.500 2.945 0.504365 0.498452
V 105.500 82.500 2.847 0.505053 0.498446
V 107.000 82.500 2.778 0.505742 0.498441
V 108.500 82.500 2.720 0.506430 0.498435
V 110.000 82.500 2.661 0.507119 0.498429
V 111.500 82.500 2.583 0.507807 0.498424
V 113.000 82.500 2.496 0.508495 0.498418
V 114.500 82.500 2.365 0.509184 0.498413
V 116.000 82.500 2.206 0.509872 0.498407
V 117.500 82.500 2.041 0.510560 0.498402
V 119.000 82.500 1.877 0.511249 0.498396
V 120.500 82.500 1.718 0.511937 0.498390
V 122.000 82.500 1.570 0.512625 0.498385
V 123.500 82.500 1.431 0.513314 0.498379
V 125.000 82.500 1.296 0.514002 0.498374
V 126.500 82.500 1.169 0.514691 0.498368
V 128.000 82.500 1.030 0.515379 0.498363
V 129.500 82.500 0.872 0.516067 0.498357
V 131.000 82.500 0.688 0.516756 0.498351
V 132.500 82.500 0.457 0.517444 0.498346
V 134.000 82.500 0.145 0.518132 0.498340
V 135.500 82.500 -0.235 0.518821 0.498335
V 137.000 82.500 -0.596 0.519509 0.498329
V 138.500 82.500 -0.919 0.520197 0.498324
V 140.000 82.500 -1.273 0.520886 0.498318
V 141.500 82.500 -1.697 0.521574 0.498312
V 143.000 82.500 -2.149 0.522263 0.498307
V 144.500 82.500 -2.620 0.522951 0.498301
V 146.000 82.500 -3.166 0.523639 0.498296
V 147.500 82.500 -3.826 0.524328 0.498290
V 149.000 82.500 -4.417 0.525016 0.498285
V 150.500 82.500 -4.889 0.525704 0.498279
V 152.000 82.500 -5.329 0.526393 0.498273
V 153.500 82.500 -5.534 0.527081 0.498268
V 155.000 82.500 -5.524 0.527770 0.498262
V 156.500 82.500 -5.532 0.528458 0.498257
V 158.000 82.500 -5.864 0.529146 0.498251
V 159.500 82.500 -6.369 0.529835 0.498245
V 161.000 82.500 -6.910 0.530523 0.498240
V 162.500 82.500 -7.503 0.531211 0.498234
V -1.000 84.000 10.619 0.456185 0.499533
V 0.500 84.000 10.359 0.456873 0.499527
V 2.000 84.000 10.356 0.457562 0.499521
V 3.500 84.000 10.284 0.458250 0.499516
V 5.000 84.000 10.211 0.458938 0.499510
V 6.500 84.000 10.129 0.459627 0.499505
V 8.000 84.000 10.044 0.460315 0.499499
V 9.500 84.000 9.958 0.461003 0.499494
V 11.000 84.000 9.925 0.461692 0.499488
V 12.500 84.000 9.962 0.462380 0.499482
V 15.500 84.000 9.481 0.463757 0.499471
V 17.000 84.000 9.032 0.464445 0.499466
V 18.500 84.000 8.601 0.465134 0.499460
V 20.000 84.000 8.486 0.465822 0.499455
V 21.500 84.000 8.505 0.466510 0.499449
V 23.000 84.000 8.545 0.467199 0.499444
V 24.500 84.000 8.558 0.467887 0.499438
V 26.000 84.000 8.488 0.468576 0.499432
V 27.500 84.000 8.359 0.469264 0.499427
V 29.000 84.000 8.176 0.469952 0.499421
V 30.500 84.000 7.945 0.470641 0.499416
V 32.000 84.000 7.677 0.471329 0.499410
V 33.500 84.000 7.382 0.472017 0.499405
V 35.000 84.000 7.067 0.472706 0.499399
V 36.500 84.000 6.756 0.473394 0.499393
V 38.000 84.000 6.419 0.474082 0.499388
V 39.500 84.000 6.082 0.474771 0.499382
V 41.000 84.000 5.757 0.475459 0.499377
V 42.500 84.000 5.465 0.476148 0.499371
V 44.000 84.000 5.232 0.476836 0.499366
V 45.500 84.000 5.052 0.477524 0.499360
V 47.000 84.000 4.897 0.478213 0.499355
V 48.500 84.000 4.747 0.478901 0.499349
V 50.000 84.000 4.598 0.479589 0.499343
V 51.500 84.000 4.463 0.480278 0.499338
V 53.000 84.000 4.347 0.480966 0.499332
V 54.500 84.000 4.190 0.481655 0.499327
V 56.000 84.000 3.965 0.482343 0.499321
V 57.500 84.000 3.718 0.483031 0.499316
V 60.500 84.000 3.278 0.484408 0.499304
V 62.000 84.000 3.084 0.485096 0.499299
V 63.500 84.000 2.927 0.485785 0.499293
V 65.000 84.000 2.833 0.486473 0.499288
V 66.500 84.000 2.785 0.487161 0.499282
V 68.000 84.000 2.638 0.487850 0.499277
V 69.500 84.000 2.453 0.488538 0.499271
V 71.000 84.000 2.250 0.489227 0.499265
V 72.500 84.000 2.004 0.489915 0.499260
V 74.000 84.000 1.963 0.490603 0.499254
V 75.500 84.000 2.145 0.491292 0.499249
V 77.000 84.000 2.423 0.491980 0.499243
V 78.500 84.000 2.633 0.492668 0.499238
V 80.000 84.000 3.002 0.493357 0.499232
V 81.500 84.000 3.656 0.494045 0.499226
V 84.500 84.000 4.176 0.495422 0.499215
V 86.000 84.000 4.257 0.496110 0.499210
V 87.500 84.000 4.349 0.496799 0.499204
V 89.000 84.000 4.445 0.497487 0.499199
V 90.500 84.000 4.500 0.498175 0.499193
V 92.000 84.000 4.505 0.498864 0.499187
V 93.500 84.000 4.462 0.499552 0.499182
V 95.000 84.000 4.374 0.500240 0.499176
V 96.500 84.000 4.247 0.500929 0.499171
V 98.000 84.000 4.099 0.501617 0.499165
V 99.500 84.000 3.965 0.502306 0.499160
V 101.000 84.000 3.757 0.502994 0.499154
V 102.500 84.000 3.512 0.503682 0.499149
V 104.000 84.000 3.295 0.504371 0.499143
V 105.500 84.000 3.135 0.505059 0.499137
V 107.000 84.000 3.051 0.505747 0.499132
V 108.500 84.000 2.987 0.506436 0.499126
V 110.000 84.000 2.919 0.507124 0.499121
V 111.500 84.000 2.819 0.507812 0.499115
V 113.000 84.000 2.720 0.508501 0.499110
V 114.500 84.000 2.633 0.509189 0.499104
V 116.000 84.000 2.499 0.509878 0.499098
V 117.500 84.000 2.301 0.510566 0.499093
V 119.000 84.000 2.098 0.511254 0.499087
V 120.500 84.000 1.902 0.511943 0.499082
V 122.000 84.000 1.721 0.512631 0.499076
V 123.500 84.000 1.559 0.513319 0.499071
V 125.000 84.000 1.416 0.514008 0.499065
V 126.500 84.000 1.280 0.514696 0.499059
V 128.000 84.000 1.140 0.515384 0.499054
V 129.500 84.000 0.989 0.516073 0.499048
V 131.000 84.000 0.821 0.516761 0.499043
V 132.500 84.000 0.627 0.517450 0.499037
V 134.000 84.000 0.378 0.518138 0.499032
V 135.500 84.000 0.072 0.518826 0.499026
V 137.000 84.000 -0.209 0.519515 0.499020
V 138.500 84.000 -0.471 0.520203 0.499015
V 140.000 84.000 -0.760 0.520891 0.499009
V 141.500 84.000 -1.121 0.521580 0.499004
V 143.000 84.000 -1.576 0.522268 0.498998
V 144.500 84.000 -2.107 0.522957 0.498992
V 146.000 84.000 -2.730 0.523645 0.498987
V 147.500 84.000 -3.473 0.524333 0.498981
V 149.000 84.000 -4.246 0.525022 0.498976
V 150.500 84.000 -4.802 0.525710 0.498970
V 152.000 84.000 -4.895 0.526398 0.498965
V 153.500 84.000 -4.744 0.527087 0.498959
V 155.000 84.000 -4.614 0.527775 0.498953
V 156.500 84.000 -4.694 0.528463 0.498948
V 158.000 84.000 -5.085 0.529152 0.498942
V 159.500 84.000 -5.631 0.529840 0.498937
V 161.000 84.000 -6.143 0.530529 0.498931
V 162.500 84.000 -6.786 0.531217 0.498926
V -1.000 85.500 10.908 0.456190 0.500224
V 0.500 85.500 10.809 0.456879 0.500218
V 2.000 85.500 10.695 0.457567 0.500213
V 5.000 85.500 10.482 0.458944 0.500202
V 6.500 85.500 10.366 0.459632 0.500196
V 8.000 85.500 10.265 0.460321 0.500190
V 9.500 85.500 10.173 0.461009 0.500185
V 11.000 85.500 10.189 0.461697 0.500179
V 12.500 85.500 10.192 0.462386 0.500174
V 14.000 85.500 10.028 0.463074 0.500168
V 15.500 85.500 9.711 0.463763 0.500163
V 17.000 85.500 9.278 0.464451 0.500157
V 18.500 85.500 8.859 0.465139 0.500152
V 20.000 85.500 8.744 0.465828 0.500146
V 21.500 85.500 8.767 0.466516 0.500140
V 23.000 85.500 8.794 0.467204 0.500135
V 24.500 85.500 8.778 0.467893 0.500129
V 26.000 85.500 8.705 0.468581 0.500124
V 27.500 85.500 8.588 0.469269 0.500118
V 29.000 85.500 8.415 0.469958 0.500113
V 30.500 85.500 8.195 0.470646 0.500107
V 32.000 85.500 7.935 0.471335 0.500101
V 35.000 85.500 7.321 0.472711 0.500090
V 36.500 85.500 6.974 0.473400 0.500085
V 38.000 85.500 6.617 0.474088 0.500079
V 39.500 85.500 6.259 0.474776 0.500074
V 41.000 85.500 5.913 0.475465 0.500068
V 42.500 85.500 5.592 0.476153 0.500062
V 44.000 85.500 5.320 0.476841 0.500057
V 45.500 85.500 5.109 0.477530 0.500051
V 47.000 85.500 4.936 0.478218 0.500046
V 48.500 85.500 4.777 0.478907 0.500040
V 50.000 85.500 4.646 0.479595 0.500035
V 51.500 85.500 4.537 0.480283 0.500029
V 53.000 85.500 4.431 0.480972 0.500024
V 54.500 85.500 4.295 0.481660 0.500018
V 56.000 85.500 4.105 0.482348 0.500012
V 57.500 85.500 3.915 0.483037 0.500007
V 59.000 85.500 3.746 0.483725 0.500001
V 60.500 85.500 3.588 0.484414 0.499996
V 62.000 85.500 3.440 0.485102 0.499990
V 63.500 85.500 3.310 0.485790 0.499985
V 65.000 85.500 3.248 0.486479 0.499979
V 66.500 85.500 3.242 0.487167 0.499973
V 68.000 85.500 3.159 0.487855 0.499968
V 69.500 85.500 2.961 0.488544 0.499962
V 71.000 85.500 2.554 0.489232 0.499957
V 72.500 85.500 2.285 0.489920 0.499951
V 74.000 85.500 2.202 0.490609 0.499946
V 75.500 85.500 2.345 0.491297 0.499940
V 77.000 85.500 2.678 0.491986 0.499934
V 78.500 85.500 3.029 0.492674 0.499929
V 80.000 85.500 3.559 0.493362 0.499923
V 81.500 85.500 4.021 0.494051 0.499918
V 83.000 85.500 4.391 0.494739 0.499912
V 84.500 85.500 4.620 0.495427 0.499907
V 86.000 85.500 4.671 0.496116 0.499901
V 87.500 85.500 4.719 0.496804 0.499895
V 89.000 85.500 4.801 0.497492 0.499890
V 90.500 85.500 4.835 0.498181 0.499884
V 92.000 85.500 4.839 0.498869 0.499879
V 93.500 85.500 4.798 0.499558 0.499873
V 95.000 85.500 4.712 0.500246 0.499868
V 96.500 85.500 4.592 0.500934 0.499862
V 98.000 85.500 4.458 0.501623 0.499856
V 99.500 85.500 4.313 0.502311 0.499851
V 101.000 85.500 4.163 0.502999 0.499845
V 102.500 85.500 3.932 0.503688 0.499840
V 104.000 85.500 3.711 0.504376 0.499834
V 105.500 85.500 3.507 0.505065 0.499829
V 107.000 85.500 3.353 0.505753 0.499823
V 108.500 85.500 3.270 0.506441 0.499817
V 110.000 85.500 3.191 0.507130 0.499812
V 111.500 85.500 3.075 0.507818 0.499806
V 113.000 85.500 2.965 0.508506 0.499801
V 114.500 85.500 2.873 0.509195 0.499795
V 116.000 85.500 2.773 0.509883 0.499790
V 117.500 85.500 2.634 0.510571 0.499784
V 119.000 85.500 2.429 0.511260 0.499778
V 120.500 85.500 2.208 0.511948 0.499773
V 122.000 85.500 1.995 0.512637 0.499767
V 123.500 85.500 1.788 0.513325 0.499762
V 125.000 85.500 1.591 0.514013 0.499756
V 126.500 85.500 1.421 0.514702 0.499751
V 128.000 85.500 1.271 0.515390 0.499745
V 129.500 85.500 1.115 0.516078 0.499739
V 131.000 85.500 0.946 0.516767 0.499734
V 132.500 85.500 0.760 0.517455 0.499728
V 134.000 85.500 0.552 0.518143 0.499723
V 135.500 85.500 0.306 0.518832 0.499717
V 137.000 85.500 0.081 0.519520 0.499712
V 138.500 85.500 -0.160 0.520209 0.499706
V 140.000 85.500 -0.445 0.520897 0.499700
V 141.500 85.500 -0.794 0.521585 0.499695
V 143.000 85.500 -1.226 0.522274 0.499689
V 146.000 85.500 -2.507 0.523650 0.499678
V 147.500 85.500 -3.412 0.524339 0.499673
V 149.000 85.500 -4.123 0.525027 0.499667
V 150.500 85.500 -4.458 0.525716 0.499661
V 152.000 85.500 -4.482 0.526404 0.499656
V 153.500 85.500 -4.124 0.527092 0.499650
V 155.000 85.500 -3.911 0.527781 0.499645
V 156.500 85.500 -4.009 0.528469 0.499639
V 158.000 85.500 -4.363 0.529157 0.499634
V 159.500 85.500 -4.912 0.529846 0.499628
V 161.000 85.500 -5.426 0.530534 0.499622
V 162.500 85.500 -6.160 0.531222 0.499617
V -2.500 87.000 11.445 0.455508 0.500921
V -1.000 87.000 11.210 0.456196 0.500915
V 0.500 87.000 11.080 0.456884 0.500910
V 2.000 87.000 11.022 0.457573 0.500904
V 3.500 87.000 10.938 0.458261 0.500898
V 5.000 87.000 10.787 0.458949 0.500893
V 6.500 87.000 10.630 0.459638 0.500887
V 8.000 87.000 10.508 0.460326 0.500882
V 9.500 87.000 10.420 0.461015 0.500876
V 11.000 87.000 10.435 0.461703 0.500871
V 12.500 87.000 10.376 0.462391 0.500865
V 14.000 87.000 10.201 0.463080 0.500859
V 15.500 87.000 9.916 0.463768 0.500854
V 17.000 87.000 9.518 0.464456 0.500848
V 18.500 87.000 9.117 0.465145 0.500843
V 20.000 87.000 9.000 0.465833 0.500837
V 21.500 87.000 8.995 0.466522 0.500832
V 23.000 87.000 8.976 0.467210 0.500826
V 24.500 87.000 8.925 0.467898 0.500821
V 26.000 87.000 8.816 0.468587 0.500815
V 27.500 87.000 8.674 0.469275 0.500809
V 29.000 87.000 8.501 0.469963 0.500804
V 30.500 87.000 8.285 0.470652 0.500798
V 32.000 87.000 8.051 0.471340 0.500793
V 33.500 87.000 7.795 0.472028 0.500787
V 35.000 87.000 7.485 0.472717 0.500782
V 36.500 87.000 7.157 0.473405 0.500776
V 38.000 87.000 6.815 0.474094 0.500770
V 39.500 87.000 6.467 0.474782 0.500765
V 41.000 87.000 6.125 0.475470 0.500759
V 42.500 87.000 5.798 0.476159 0.500754
V 44.000 87.000 5.504 0.476847 0.500748
V 45.500 87.000 5.265 0.477535 0.500743
V 47.000 87.000 5.067 0.478224 0.500737
V 48.500 87.000 4.903 0.478912 0.500731
V 50.000 87.000 4.763 0.479600 0.500726
V 51.500 87.000 4.639 0.480289 0.500720
V 53.000 87.000 4.520 0.480977 0.500715
V 56.000 87.000 4.250 0.482354 0.500704
V 57.500 87.000 4.118 0.483042 0.500698
V 59.000 87.000 3.992 0.483731 0.500693
V 60.500 87.000 3.868 0.484419 0.500687
V 62.000 87.000 3.747 0.485107 0.500681
V 63.500 87.000 3.635 0.485796 0.500676
V 65.000 87.000 3.592 0.486484 0.500670
V 66.500 87.000 3.517 0.487173 0.500665
V 68.000 87.000 3.363 0.487861 0.500659
V 69.500 87.000 3.102 0.488549 0.500654
V 71.000 87.000 2.648 0.489238 0.500648
V 72.500 87.000 2.478 0.489926 0.500642
V 74.000 87.000 2.399 0.490614 0.500637
V 75.500 87.000 2.455 0.491303 0.500631
V 77.000 87.000 2.756 0.491991 0.500626
V 80.000 87.000 3.659 0.493368 0.500615
V 81.500 87.000 4.083 0.494056 0.500609
V 83.000 87.000 4.479 0.494745 0.500603
V 84.500 87.000 4.815 0.495433 0.500598
V 86.000 87.000 4.988 0.496121 0.500592
V 87.500 87.000 5.018 0.496810 0.500587
V 89.000 87.000 5.089 0.497498 0.500581
V 90.500 87.000 5.113 0.498186 0.500576
V 92.000 87.000 5.107 0.498875 0.500570
V 93.500 87.000 5.076 0.499563 0.500564
V 95.000 87.000 5.008 0.500252 0.500559
V 96.500 87.000 4.910 0.500940 0.500553
V 98.000 87.000 4.797 0.501628 0.500548
V 99.500 87.000 4.663 0.502317 0.500542
V 101.000 87.000 4.511 0.503005 0.500537
V 102.500 87.000 4.333 0.503693 0.500531
V 104.000 87.000 4.136 0.504382 0.500525
V 105.500 87.000 3.929 0.505070 0.500520
V 107.000 87.000 3.725 0.505758 0.500514
V 108.500 87.000 3.565 0.506447 0.500509
V 110.000 87.000 3.467 0.507135 0.500503
V 111.500 87.000 3.340 0.507824 0.500498
V 113.000 87.000 3.225 0.508512 0.500492
V 114.500 87.000 3.123 0.509200 0.500486
V 116.000 87.000 3.018 0.509889 0.500481
V 117.500 87.000 2.899 0.510577 0.500475
V 119.000 87.000 2.748 0.511265 0.500470
V 120.500 87.000 2.532 0.511954 0.500464
V 122.000 87.000 2.301 0.512642 0.500459
V 123.500 87.000 2.069 0.513330 0.500453
V 125.000 87.000 1.838 0.514019 0.500447
V 126.500 87.000 1.611 0.514707 0.500442
V 128.000 87.000 1.409 0.515396 0.500436
V 129.500 87.000 1.236 0.516084 0.500431
V 131.000 87.000 1.064 0.516772 0.500425
V 132.500 87.000 0.878 0.517461 0.500420
V 134.000 87.000 0.673 0.518149 0.500414
V 135.500 87.000 0.444 0.518837 0.500408
V 137.000 87.000 0.203 0.519526 0.500403
V 138.500 87.000 -0.052 0.520214 0.500397
V 140.000 87.000 -0.345 0.520903 0.500392
V 141.500 87.000 -0.696 0.521591 0.500386
V 143.000 87.000 -1.126 0.522279 0.500381
V 144.500 87.000 -1.743 0.522968 0.500375
V 146.000 87.000 -2.563 0.523656 0.500369
V 147.500 87.000 -3.342 0.524344 0.500364
V 149.000 87.000 -3.744 0.525033 0.500358
V 150.500 87.000 -3.955 0.525721 0.500353
V 152.000 87.000 -3.990 0.526409 0.500347
V 153.500 87.000 -3.559 0.527098 0.500342
V 155.000 87.000 -3.392 0.527786 0.500336
V 156.500 87.000 -3.527 0.528475 0.500330
V 158.000 87.000 -3.835 0.529163 0.500325
V 159.500 87.000 -4.267 0.529851 0.500319
V 161.000 87.000 -4.808 0.530540 0.500314
V 162.500 87.000 -5.605 0.531228 0.500308
V -2.500 88.500 11.531 0.455513 0.501612
V -1.000 88.500 11.400 0.456202 0.501606
V 0.500 88.500 11.375 0.456890 0.501601
V 2.000 88.500 11.384 0.457578 0.501595
V 3.500 88.500 11.316 0.458267 0.501590
V 5.000 88.500 11.152 0.458955 0.501584
V 6.500 88.500 10.957 0.459643 0.501579
V 8.000 88.500 10.797 0.460332 0.501573
V 9.500 88.500 10.701 0.461020 0.501567
V 11.000 88.500 10.641 0.461708 0.501562
V 12.500 88.500 10.557 0.462397 0.501556
V 14.000 88.500 10.384 0.463085 0.501551
V 15.500 88.500 10.103 0.463774 0.501545
V 17.000 88.500 9.757 0.464462 0.501540
V 18.500 88.500 9.385 0.465150 0.501534
V 20.000 88.500 9.254 0.465839 0.501528
V 21.500 88.500 9.181 0.466527 0.501523
V 23.000 88.500 9.105 0.467215 0.501517
V 24.500 88.500 9.028 0.467904 0.501512
V 26.000 88.500 8.916 0.468592 0.501506
V 27.500 88.500 8.738 0.469281 0.501501
V 29.000 88.500 8.548 0.469969 0.501495
V 30.500 88.500 8.347 0.470657 0.501490
V 32.000 88.500 8.144 0.471346 0.501484
V 33.500 88.500 7.872 0.472034 0.501478
V 35.000 88.500 7.579 0.472722 0.501473
V 36.500 88.500 7.278 0.473411 0.501467
V 38.000 88.500 6.959 0.474099 0.501462
V 39.500 88.500 6.638 0.474787 0.501456
V 41.000 88.500 6.326 0.475476 0.501451
V 42.500 88.500 6.037 0.476164 0.501445
V 44.000 88.500 5.786 0.476853 0.501439
V 45.500 88.500 5.541 0.477541 0.501434
V 47.000 88.500 5.305 0.478229 0.501428
V 48.500 88.500 5.117 0.478918 0.501423
V 50.000 88.500 4.950 0.479606 0.501417
V 51.500 88.500 4.795 0.480294 0.501412
V 53.000 88.500 4.644 0.480983 0.501406
V 54.500 88.500 4.494 0.481671 0.501400
V 56.000 88.500 4.355 0.482359 0.501395
V 57.500 88.500 4.252 0.483048 0.501389
V 59.000 88.500 4.160 0.483736 0.501384
V 60.500 88.500 4.071 0.484425 0.501378
V 62.000 88.500 3.979 0.485113 0.501373
V 65.000 88.500 3.723 0.486490 0.501362
V 66.500 88.500 3.540 0.487178 0.501356
V 68.000 88.500 3.341 0.487866 0.501350
V 69.500 88.500 3.087 0.488555 0.501345
V 71.000 88.500 2.778 0.489243 0.501339
V 72.500 88.500 2.601 0.489932 0.501334
V 74.000 88.500 2.528 0.490620 0.501328
V 75.500 88.500 2.583 0.491308 0.501323
V 77.000 88.500 2.788 0.491997 0.501317
V 78.500 88.500 3.234 0.492685 0.501311
V 80.000 88.500 3.789 0.493373 0.501306
V 81.500 88.500 4.201 0.494062 0.501300
V 83.000 88.500 4.573 0.494750 0.501295
V 84.500 88.500 4.882 0.495438 0.501289
V 86.000 88.500 5.115 0.496127 0.501284
V 89.000 88.500 5.311 0.497504 0.501272
V 90.500 88.500 5.335 0.498192 0.501267
V 92.000 88.500 5.328 0.498880 0.501261
V 93.500 88.500 5.294 0.499569 0.501256
V 96.500 88.500 5.169 0.500945 0.501245
V 98.000 88.500 5.071 0.501634 0.501239
V 99.500 88.500 4.948 0.502322 0.501233
V 101.000 88.500 4.805 0.503011 0.501228
V 102.500 88.500 4.656 0.503699 0.501222
V 104.000 88.500 4.476 0.504387 0.501217
V 105.500 88.500 4.283 0.505076 0.501211
V 107.000 88.500 4.088 0.505764 0.501206
V 108.500 88.500 3.900 0.506452 0.501200
V 110.000 88.500 3.736 0.507141 0.501194
V 111.500 88.500 3.605 0.507829 0.501189
V 113.000 88.500 3.487 0.508517 0.501183
V 114.500 88.500 3.375 0.509206 0.501178
V 116.000 88.500 3.261 0.509894 0.501172
V 117.500 88.500 3.136 0.510583 0.501167
V 119.000 88.500 2.994 0.511271 0.501161
V 120.500 88.500 2.824 0.511959 0.501155
V 122.000 88.500 2.597 0.512648 0.501150
V 123.500 88.500 2.359 0.513336 0.501144
V 125.000 88.500 2.113 0.514024 0.501139
V 126.500 88.500 1.858 0.514713 0.501133
V 128.000 88.500 1.599 0.515401 0.501128
V 129.500 88.500 1.361 0.516089 0.501122
V 131.000 88.500 1.157 0.516778 0.501116
V 132.500 88.500 0.958 0.517466 0.501111
V 134.000 88.500 0.742 0.518155 0.501105
V 135.500 88.500 0.518 0.518843 0.501100
V 137.000 88.500 0.260 0.519531 0.501094
V 138.500 88.500 -0.034 0.520220 0.501089
V 140.000 88.500 -0.335 0.520908 0.501083
V 141.500 88.500 -0.688 0.521596 0.501077
V 143.000 88.500 -1.181 0.522285 0.501072
V 144.500 88.500 -1.884 0.522973 0.501066
V 146.000 88.500 -2.580 0.523662 0.501061
V 147.500 88.500 -3.004 0.524350 0.501055
V 149.000 88.500 -3.242 0.525038 0.501050
V 150.500 88.500 -3.378 0.525727 0.501044
V 152.000 88.500 -3.409 0.526415 0.501038
V 153.500 88.500 -3.064 0.527103 0.501033
V 155.000 88.500 -3.028 0.527792 0.501027
V 156.500 88.500 -3.201 0.528480 0.501022
V 158.000 88.500 -3.432 0.529168 0.501016
V 159.500 88.500 -3.747 0.529857 0.501011
V 161.000 88.500 -4.293 0.530545 0.501005
V 162.500 88.500 -5.026 0.531234 0.500999
V -2.500 90.000 11.555 0.455519 0.502303
V -1.000 90.000 11.578 0.456207 0.502298
V 0.500 90.000 11.697 0.456895 0.502292
V 2.000 90.000 11.793 0.457584 0.502287
V 3.500 90.000 11.746 0.458272 0.502281
V 5.000 90.000 11.575 0.458961 0.502275
V 6.500 90.000 11.379 0.459649 0.502270
V 8.000 90.000 11.194 0.460337 0.502264
V 9.500 90.000 11.028 0.461026 0.502259
V 11.000 90.000 10.937 0.461714 0.502253
V 12.500 90.000 10.815 0.462402 0.502248
V 15.500 90.000 10.325 0.463779 0.502236
V 17.000 90.000 9.996 0.464467 0.502231
V 18.500 90.000 9.673 0.465156 0.502225
V 20.000 90.000 9.487 0.465844 0.502220
V 21.500 90.000 9.335 0.466533 0.502214
V 23.000 90.000 9.215 0.467221 0.502209
V 24.500 90.000 9.118 0.467909 0.502203
V 26.000 90.000 9.015 0.468598 0.502198
V 27.500 90.000 8.837 0.469286 0.502192
V 29.000 90.000 8.632 0.469974 0.502186
V 30.500 90.000 8.441 0.470663 0.502181
V 32.000 90.000 8.196 0.471351 0.502175
V 33.500 90.000 7.920 0.472040 0.502170
V 35.000 90.000 7.652 0.472728 0.502164
V 36.500 90.000 7.389 0.473416 0.502159
V 38.000 90.000 7.109 0.474105 0.502153
V 39.500 90.000 6.829 0.474793 0.502147
V 41.000 90.000 6.574 0.475481 0.502142
V 42.500 90.000 6.388 0.476170 0.502136
V 44.000 90.000 6.245 0.476858 0.502131
V 45.500 90.000 5.968 0.477546 0.502125
V 47.000 90.000 5.588 0.478235 0.502120
V 48.500 90.000 5.334 0.478923 0.502114
V 50.000 90.000 5.126 0.479612 0.502108
V 51.500 90.000 4.937 0.480300 0.502103
V 53.000 90.000 4.754 0.480988 0.502097
V 54.500 90.000 4.583 0.481677 0.502092
V 56.000 90.000 4.439 0.482365 0.502086
V 57.500 90.000 4.318 0.483053 0.502081
V 59.000 90.000 4.241 0.483742 0.502075
V 60.500 90.000 4.177 0.484430 0.502069
V 62.000 90.000 4.120 0.485119 0.502064
V 63.500 90.000 4.060 0.485807 0.502058
V 65.000 90.000 3.919 0.486495 0.502053
V 66.500 90.000 3.675 0.487184 0.502047
V 68.000 90.000 3.400 0.487872 0.502042
V 71.000 90.000 2.884 0.489249 0.502031
V 72.500 90.000 2.722 0.489937 0.502025
V 74.000 90.000 2.656 0.490625 0.502019
V 75.500 90.000 2.708 0.491314 0.502014
V 77.000 90.000 2.901 0.492002 0.502008
V 78.500 90.000 3.253 0.492691 0.502003
V 80.000 90.000 3.855 0.493379 0.501997
V 81.500 90.000 4.371 0.494067 0.501992
V 83.000 90.000 4.750 0.494756 0.501986
V 84.500 90.000 5.069 0.495444 0.501980
V 86.000 90.000 5.305 0.496132 0.501975
V 87.500 90.000 5.429 0.496821 0.501969
V 89.000 90.000 5.463 0.497509 0.501964
V 90.500 90.000 5.479 0.498197 0.501958
V 92.000 90.000 5.469 0.498886 0.501953
V 93.500 90.000 5.434 0.499574 0.501947
V 95.000 90.000 5.407 0.500263 0.501941
V 96.500 90.000 5.354 0.500951 0.501936
V 98.000 90.000 5.254 0.501639 0.501930
V 99.500 90.000 5.141 0.502328 0.501925
V 101.000 90.000 5.019 0.503016 0.501919
V 102.500 90.000 4.899 0.503704 0.501914
V 104.000 90.000 4.740 0.504393 0.501908
V 105.500 90.000 4.544 0.505081 0.501902
V 107.000 90.000 4.346 0.505770 0.501897
V 108.500 90.000 4.155 0.506458 0.501891
V 110.000 90.000 3.986 0.507146 0.501886
V 111.500 90.000 3.838 0.507835 0.501880
V 113.000 90.000 3.698 0.508523 0.501875
V 114.500 90.000 3.582 0.509211 0.501869
V 116.000 90.000 3.466 0.509900 0.501863
V 117.500 90.000 3.342 0.510588 0.501858
V 119.000 90.000 3.202 0.511276 0.501852
V 120.500 90.000 3.039 0.511965 0.501847
V 122.000 90.000 2.845 0.512653 0.501841
V 123.500 90.000 2.618 0.513342 0.501836
V 125.000 90.000 2.368 0.514030 0.501830
V 126.500 90.000 2.099 0.514718 0.501824
V 128.000 90.000 1.819 0.515407 0.501819
V 129.500 90.000 1.536 0.516095 0.501813
V 131.000 90.000 1.260 0.516783 0.501808
V 132.500 90.000 1.017 0.517472 0.501802
V 134.000 90.000 0.777 0.518160 0.501797
V 135.500 90.000 0.542 0.518849 0.501791
V 137.000 90.000 0.294 0.519537 0.501785
V 138.500 90.000 0.003 0.520225 0.501780
V 140.000 90.000 -0.339 0.520914 0.501774
V 141.500 90.000 -0.725 0.521602 0.501769
V 143.000 90.000 -1.366 0.522290 0.501763
V 146.000 90.000 -2.388 0.523667 0.501752
V 147.500 90.000 -2.641 0.524355 0.501746
V 149.000 90.000 -2.769 0.525044 0.501741
V 150.500 90.000 -2.821 0.525732 0.501735
V 152.000 90.000 -2.837 0.526421 0.501730
V 153.500 90.000 -2.693 0.527109 0.501724
V 155.000 90.000 -2.740 0.527797 0.501719
V 156.500 90.000 -2.826 0.528486 0.501713
V 158.000 90.000 -3.008 0.529174 0.501707
V 159.500 90.000 -3.298 0.529862 0.501702
V 161.000 90.000 -3.859 0.530551 0.501696
V 162.500 90.000 -4.478 0.531239 0.501691
V -1.000 91.500 11.774 0.456213 0.502989
V 0.500 91.500 12.122 0.456901 0.502983
V 2.000 91.500 12.261 0.457589 0.502978
V 3.500 91.500 12.237 0.458278 0.502972
V 5.000 91.500 12.108 0.458966 0.502967
V 6.500 91.500 11.936 0.459654 0.502961
V 8.000 91.500 11.692 0.460343 0.502956
V 9.500 91.500 11.431 0.461031 0.502950
V 11.000 91.500 11.300 0.461720 0.502944
V 12.500 91.500 11.154 0.462408 0.502939
V 14.000 91.500 10.926 0.463096 0.502933
V 15.500 91.500 10.622 0.463785 0.502928
V 17.000 91.500 10.291 0.464473 0.502922
V 20.000 91.500 9.761 0.465850 0.502911
V 21.500 91.500 9.576 0.466538 0.502905
V 23.000 91.500 9.426 0.467226 0.502900
V 24.500 91.500 9.293 0.467915 0.502894
V 26.000 91.500 9.159 0.468603 0.502889
V 27.500 91.500 9.002 0.469292 0.502883
V 29.000 91.500 8.790 0.469980 0.502878
V 30.500 91.500 8.541 0.470668 0.502872
V 32.000 91.500 8.272 0.471357 0.502867
V 33.500 91.500 8.004 0.472045 0.502861
V 35.000 91.500 7.753 0.472733 0.502855
V 36.500 91.500 7.530 0.473422 0.502850
V 38.000 91.500 7.310 0.474110 0.502844
V 39.500 91.500 7.119 0.474799 0.502839
V 41.000 91.500 7.024 0.475487 0.502833
V 42.500 91.500 6.931 0.476175 0.502828
V 44.000 91.500 6.765 0.476864 0.502822
V 45.500 91.500 6.468 0.477552 0.502816
V 47.000 91.500 6.040 0.478240 0.502811
V 48.500 91.500 5.624 0.478929 0.502805
V 50.000 91.500 5.347 0.479617 0.502800
V 51.500 91.500 5.111 0.480305 0.502794
V 53.000 91.500 4.884 0.480994 0.502789
V 54.500 91.500 4.687 0.481682 0.502783
V 56.000 91.500 4.532 0.482371 0.502777
V 57.500 91.500 4.404 0.483059 0.502772
V 59.000 91.500 4.317 0.483747 0.502766
V 60.500 91.500 4.270 0.484436 0.502761
V 62.000 91.500 4.238 0.485124 0.502755
V 63.500 91.500 4.199 0.485812 0.502750
V 65.000 91.500 4.113 0.486501 0.502744
V 66.500 91.500 3.916 0.487189 0.502738
V 68.000 91.500 3.624 0.487878 0.502733
V 69.500 91.500 3.330 0.488566 0.502727
V 71.000 91.500 3.085 0.489254 0.502722
V 72.500 91.500 2.961 0.489943 0.502716
V 74.000 91.500 2.928 0.490631 0.502711
V 75.500 91.500 2.979 0.491319 0.502705
V 77.000 91.500 3.155 0.492008 0.502700
V 78.500 91.500 3.484 0.492696 0.502694
V 80.000 91.500 3.959 0.493384 0.502688
V 81.500 91.500 4.561 0.494073 0.502683
V 83.000 91.500 4.978 0.494761 0.502677
V 84.500 91.500 5.306 0.495450 0.502672
V 86.000 91.500 5.531 0.496138 0.502666
V 87.500 91.500 5.613 0.496826 0.502661
V 89.000 91.500 5.619 0.497515 0.502655
V 90.500 91.500 5.604 0.498203 0.502649
V 92.000 91.500 5.583 0.498891 0.502644
V 93.500 91.500 5.569 0.499580 0.502638
V 95.000 91.500 5.550 0.500268 0.502633
V 96.500 91.500 5.510 0.500957 0.502627
V 98.000 91.500 5.433 0.501645 0.502622
V 99.500 91.500 5.319 0.502333 0.502616
V 101.000 91.500 5.213 0.503022 0.502610
V 102.500 91.500 5.101 0.503710 0.502605
V 104.000 91.500 4.957 0.504398 0.502599
V 105.500 91.500 4.786 0.505087 0.502594
V 107.000 91.500 4.583 0.505775 0.502588
V 108.500 91.500 4.381 0.506463 0.502583
V 110.000 91.500 4.208 0.507152 0.502577
V 111.500 91.500 4.046 0.507840 0.502571
V 113.000 91.500 3.878 0.508529 0.502566
V 114.500 91.500 3.714 0.509217 0.502560
V 116.000 91.500 3.577 0.509905 0.502555
V 117.500 91.500 3.455 0.510594 0.502549
V 119.000 91.500 3.326 0.511282 0.502544
V 120.500 91.500 3.178 0.511970 0.502538
V 122.000 91.500 3.007 0.512659 0.502532
V 123.500 91.500 2.788 0.513347 0.502527
V 125.000 91.500 2.531 0.514035 0.502521
V 126.500 91.500 2.252 0.514724 0.502516
V 128.000 91.500 1.958 0.515412 0.502510
V 129.500 91.500 1.659 0.516101 0.502505
V 131.000 91.500 1.362 0.516789 0.502499
V 132.500 91.500 1.081 0.517477 0.502493
V 134.000 91.500 0.805 0.518166 0.502488
V 135.500 91.500 0.557 0.518854 0.502482
V 137.000 91.500 0.302 0.519542 0.502477
V 138.500 91.500 0.018 0.520231 0.502471
V 141.500 91.500 -0.730 0.521608 0.502460
V 143.000 91.500 -1.246 0.522296 0.502454
V 144.500 91.500 -1.769 0.522984 0.502449
V 146.000 91.500 -2.189 0.523673 0.502443
V 147.500 91.500 -2.393 0.524361 0.502438
V 149.000 91.500 -2.462 0.525049 0.502432
V 150.500 91.500 -2.451 0.525738 0.502427
V 152.000 91.500 -2.408 0.526426 0.502421
V 153.500 91.500 -2.383 0.527114 0.502415
V 155.000 91.500 -2.416 0.527803 0.502410
V 156.500 91.500 -2.511 0.528491 0.502404
V 158.000 91.500 -2.667 0.529180 0.502399
V 159.500 91.500 -2.917 0.529868 0.502393
V 161.000 91.500 -3.451 0.530556 0.502388
V 162.500 91.500 -3.935 0.531245 0.502382
V 0.500 93.000 12.415 0.456907 0.503675
V 2.000 93.000 12.768 0.457595 0.503669
V 3.500 93.000 12.827 0.458283 0.503663
V 5.000 93.000 12.765 0.458972 0.503658
V 6.500 93.000 12.585 0.459660 0.503652
V 8.000 93.000 12.287 0.460348 0.503647
V 9.500 93.000 11.930 0.461037 0.503641
V 11.000 93.000 11.720 0.461725 0.503636
V 12.500 93.000 11.553 0.462413 0.503630
V 14.000 93.000 11.302 0.463102 0.503625
V 15.500 93.000 10.984 0.463790 0.503619
V 17.000 93.000 10.685 0.464479 0.503613
V 18.500 93.000 10.453 0.465167 0.503608
V 20.000 93.000 10.229 0.465855 0.503602
V 21.500 93.000 10.034 0.466544 0.503597
V 23.000 93.000 9.861 0.467232 0.503591
V 24.500 93.000 9.695 0.467920 0.503586
V 26.000 93.000 9.515 0.468609 0.503580
V 27.500 93.000 9.286 0.469297 0.503574
V 29.000 93.000 9.041 0.469986 0.503569
V 30.500 93.000 8.789 0.470674 0.503563
V 32.000 93.000 8.517 0.471362 0.503558
V 33.500 93.000 8.245 0.472051 0.503552
V 35.000 93.000 7.988 0.472739 0.503547
V 36.500 93.000 7.764 0.473427 0.503541
V 38.000 93.000 7.593 0.474116 0.503536
V 39.500 93.000 7.536 0.474804 0.503530
V 41.000 93.000 7.505 0.475492 0.503524
V 42.500 93.000 7.435 0.476181 0.503519
V 45.500 93.000 6.960 0.477558 0.503508
V 47.000 93.000 6.543 0.478246 0.503502
V 48.500 93.000 6.075 0.478934 0.503497
V 50.000 93.000 5.641 0.479623 0.503491
V 51.500 93.000 5.336 0.480311 0.503485
V 53.000 93.000 5.060 0.480999 0.503480
V 54.500 93.000 4.831 0.481688 0.503474
V 56.000 93.000 4.653 0.482376 0.503469
V 57.500 93.000 4.525 0.483064 0.503463
V 59.000 93.000 4.429 0.483753 0.503458
V 60.500 93.000 4.384 0.484441 0.503452
V 62.000 93.000 4.356 0.485130 0.503446
V 63.500 93.000 4.323 0.485818 0.503441
V 65.000 93.000 4.267 0.486506 0.503435
V 66.500 93.000 4.147 0.487195 0.503430
V 68.000 93.000 3.906 0.487883 0.503424
V 69.500 93.000 3.646 0.488571 0.503419
V 71.000 93.000 3.426 0.489260 0.503413
V 72.500 93.000 3.266 0.489948 0.503407
V 74.000 93.000 3.233 0.490637 0.503402
V 75.500 93.000 3.328 0.491325 0.503396
V 77.000 93.000 3.500 0.492013 0.503391
V 78.500 93.000 3.830 0.492702 0.503385
V 80.000 93.000 4.304 0.493390 0.503380
V 81.500 93.000 4.800 0.494078 0.503374
V 83.000 93.000 5.262 0.494767 0.503369
V 84.500 93.000 5.586 0.495455 0.503363
V 86.000 93.000 5.763 0.496143 0.503357
V 87.500 93.000 5.837 0.496832 0.503352
V 89.000 93.000 5.844 0.497520 0.503346
V 90.500 93.000 5.817 0.498209 0.503341
V 92.000 93.000 5.785 0.498897 0.503335
V 93.500 93.000 5.760 0.499585 0.503330
V 95.000 93.000 5.723 0.500274 0.503324
V 96.500 93.000 5.676 0.500962 0.503318
V 98.000 93.000 5.614 0.501650 0.503313
V 99.500 93.000 5.530 0.502339 0.503307
V 101.000 93.000 5.425 0.503027 0.503302
V 102.500 93.000 5.303 0.503716 0.503296
V 104.000 93.000 5.160 0.504404 0.503291
V 105.500 93.000 4.999 0.505092 0.503285
V 107.000 93.000 4.822 0.505781 0.503279
V 108.500 93.000 4.620 0.506469 0.503274
V 110.000 93.000 4.429 0.507157 0.503268
V 111.500 93.000 4.244 0.507846 0.503263
V 113.000 93.000 4.058 0.508534 0.503257
V 114.500 93.000 3.879 0.509222 0.503252
V 116.000 93.000 3.706 0.509911 0.503246
V 117.500 93.000 3.545 0.510599 0.503240
V 119.000 93.000 3.407 0.511288 0.503235
V 120.500 93.000 3.266 0.511976 0.503229
V 122.000 93.000 3.106 0.512664 0.503224
V 123.500 93.000 2.907 0.513353 0.503218
V 125.000 93.000 2.664 0.514041 0.503213
V 126.500 93.000 2.380 0.514729 0.503207
V 128.000 93.000 2.077 0.515418 0.503201
V 129.500 93.000 1.770 0.516106 0.503196
V 131.000 93.000 1.481 0.516795 0.503190
V 132.500 93.000 1.184 0.517483 0.503185
V 134.000 93.000 0.855 0.518171 0.503179
V 135.500 93.000 0.548 0.518860 0.503174
V 137.000 93.000 0.282 0.519548 0.503168
V 138.500 93.000 0.006 0.520236 0.503162
V 140.000 93.000 -0.299 0.520925 0.503157
V 141.500 93.000 -0.610 0.521613 0.503151
V 143.000 93.000 -0.965 0.522301 0.503146
V 144.500 93.000 -1.443 0.522990 0.503140
V 146.000 93.000 -1.860 0.523678 0.503135
V 147.500 93.000 -2.051 0.524367 0.503129
V 149.000 93.000 -2.082 0.525055 0.503123
V 150.500 93.000 -2.071 0.525743 0.503118
V 152.000 93.000 -2.101 0.526432 0.503112
V 153.500 93.000 -2.121 0.527120 0.503107
V 155.000 93.000 -2.134 0.527808 0.503101
V 156.500 93.000 -2.245 0.528497 0.503096
V 158.000 93.000 -2.381 0.529185 0.503090
V 159.500 93.000 -2.570 0.529873 0.503084
V 161.000 93.000 -2.965 0.530562 0.503079
V 162.500 93.000 -3.395 0.531250 0.503073
V 5.000 94.500 12.876 0.458977 0.504349
V 6.500 94.500 13.157 0.459666 0.504344
V 8.000 94.500 12.904 0.460354 0.504338
V 9.500 94.500 12.529 0.461042 0.504333
V 11.000 94.500 12.189 0.461731 0.504327
V 12.500 94.500 12.001 0.462419 0.504321
V 14.000 94.500 11.732 0.463107 0.504316
V 15.500 94.500 11.455 0.463796 0.504310
V 17.000 94.500 11.241 0.464484 0.504305
V 18.500 94.500 11.037 0.465172 0.504299
V 20.000 94.500 10.821 0.465861 0.504294
V 21.500 94.500 10.628 0.466549 0.504288
V 23.000 94.500 10.440 0.467238 0.504282
V 24.500 94.500 10.219 0.467926 0.504277
V 26.000 94.500 9.946 0.468614 0.504271
V 27.500 94.500 9.669 0.469303 0.504266
V 29.000 94.500 9.382 0.469991 0.504260
V 30.500 94.500 9.117 0.470679 0.504255
V 32.000 94.500 8.855 0.471368 0.504249
V 33.500 94.500 8.578 0.472056 0.504243
V 35.000 94.500 8.313 0.472745 0.504238
V 36.500 94.500 8.074 0.473433 0.504232
V 38.000 94.500 7.874 0.474121 0.504227
V 39.500 94.500 7.777 0.474810 0.504221
V 41.000 94.500 7.810 0.475498 0.504216
V 42.500 94.500 7.797 0.476186 0.504210
V 44.000 94.500 7.668 0.476875 0.504205
V 45.500 94.500 7.351 0.477563 0.504199
V 47.000 94.500 6.918 0.478251 0.504193
V 48.500 94.500 6.445 0.478940 0.504188
V 50.000 94.500 5.996 0.479628 0.504182
V 51.500 94.500 5.641 0.480317 0.504177
V 53.000 94.500 5.329 0.481005 0.504171
V 54.500 94.500 5.068 0.481693 0.504166
V 56.000 94.500 4.859 0.482382 0.504160
V 57.500 94.500 4.703 0.483070 0.504154
V 60.500 94.500 4.543 0.484447 0.504143
V 62.000 94.500 4.511 0.485135 0.504138
V 63.500 94.500 4.483 0.485824 0.504132
V 65.000 94.500 4.437 0.486512 0.504127
V 66.500 94.500 4.349 0.487200 0.504121
V 69.500 94.500 4.001 0.488577 0.504110
V 71.000 94.500 3.824 0.489265 0.504104
V 72.500 94.500 3.690 0.489954 0.504099
V 74.000 94.500 3.630 0.490642 0.504093
V 75.500 94.500 3.674 0.491330 0.504088
V 77.000 94.500 3.873 0.492019 0.504082
V 78.500 94.500 4.217 0.492707 0.504076
V 80.000 94.500 4.667 0.493396 0.504071
V 81.500 94.500 5.143 0.494084 0.504065
V 83.000 94.500 5.595 0.494772 0.504060
V 84.500 94.500 5.941 0.495461 0.504054
V 86.000 94.500 6.138 0.496149 0.504049
V 87.500 94.500 6.216 0.496837 0.504043
V 89.000 94.500 6.218 0.497526 0.504038
V 90.500 94.500 6.175 0.498214 0.504032
V 92.000 94.500 6.120 0.498902 0.504026
V 93.500 94.500 6.075 0.499591 0.504021
V 95.000 94.500 6.026 0.500279 0.504015
V 96.500 94.500 5.967 0.500968 0.504010
V 98.000 94.500 5.895 0.501656 0.504004
V 99.500 94.500 5.807 0.502344 0.503999
V 101.000 94.500 5.698 0.503033 0.503993
V 102.500 94.500 5.573 0.503721 0.503987
V 104.000 94.500 5.428 0.504409 0.503982
V 105.500 94.500 5.264 0.505098 0.503976
V 107.000 94.500 5.084 0.505786 0.503971
V 108.500 94.500 4.889 0.506475 0.503965
V 110.000 94.500 4.679 0.507163 0.503960
V 111.500 94.500 4.469 0.507851 0.503954
V 113.000 94.500 4.263 0.508540 0.503948
V 114.500 94.500 4.062 0.509228 0.503943
V 116.000 94.500 3.871 0.509916 0.503937
V 117.500 94.500 3.689 0.510605 0.503932
V 119.000 94.500 3.519 0.511293 0.503926
V 120.500 94.500 3.364 0.511981 0.503921
V 122.000 94.500 3.195 0.512670 0.503915
V 123.500 94.500 3.003 0.513358 0.503909
V 125.000 94.500 2.794 0.514047 0.503904
V 126.500 94.500 2.548 0.514735 0.503898
V 128.000 94.500 2.257 0.515423 0.503893
V 129.500 94.500 1.961 0.516112 0.503887
V 131.000 94.500 1.670 0.516800 0.503882
V 132.500 94.500 1.335 0.517488 0.503876
V 134.000 94.500 0.983 0.518177 0.503870
V 135.500 94.500 0.639 0.518865 0.503865
V 137.000 94.500 0.324 0.519554 0.503859
V 138.500 94.500 0.046 0.520242 0.503854
V 140.000 94.500 -0.238 0.520930 0.503848
V 141.500 94.500 -0.509 0.521619 0.503843
V 143.000 94.500 -0.771 0.522307 0.503837
V 144.500 94.500 -1.059 0.522995 0.503831
V 146.000 94.500 -1.444 0.523684 0.503826
V 147.500 94.500 -1.632 0.524372 0.503820
V 149.000 94.500 -1.677 0.525060 0.503815
V 150.500 94.500 -1.762 0.525749 0.503809
V 152.000 94.500 -1.878 0.526437 0.503804
V 153.500 94.500 -1.919 0.527126 0.503798
V 155.000 94.500 -1.932 0.527814 0.503792
V 156.500 94.500 -1.965 0.528502 0.503787
V 158.000 94.500 -2.080 0.529191 0.503781
V 159.500 94.500 -2.223 0.529879 0.503776
V 161.000 94.500 -2.481 0.530567 0.503770
V 9.500 96.000 12.878 0.461048 0.505024
V 11.000 96.000 12.735 0.461736 0.505018
V 12.500 96.000 12.487 0.462425 0.505013
V 14.000 96.000 12.260 0.463113 0.505007
V 15.500 96.000 12.080 0.463801 0.505002
V 17.000 96.000 11.907 0.464490 0.504996
V 18.500 96.000 11.715 0.465178 0.504990
V 20.000 96.000 11.499 0.465866 0.504985
V 21.500 96.000 11.292 0.466555 0.504979
V 23.000 96.000 11.040 0.467243 0.504974
V 24.500 96.000 10.732 0.467931 0.504968
V 26.000 96.000 10.420 0.468620 0.504963
V 27.500 96.000 10.125 0.469308 0.504957
V 29.000 96.000 9.804 0.469997 0.504951
V 30.500 96.000 9.476 0.470685 0.504946
V 32.000 96.000 9.218 0.471373 0.504940
V 33.500 96.000 8.949 0.472062 0.504935
V 35.000 96.000 8.675 0.472750 0.504929
V 36.500 96.000 8.422 0.473438 0.504924
V 38.000 96.000 8.206 0.474127 0.504918
V 39.500 96.000 8.040 0.474815 0.504912
V 41.000 96.000 8.024 0.475504 0.504907
V 42.500 96.000 8.071 0.476192 0.504901
V 44.000 96.000 7.973 0.476880 0.504896
V 45.500 96.000 7.644 0.477569 0.504890
V 47.000 96.000 7.180 0.478257 0.504885
V 48.500 96.000 6.709 0.478945 0.504879
V 50.000 96.000 6.347 0.479634 0.504874
V 51.500 96.000 6.021 0.480322 0.504868
V 53.000 96.000 5.709 0.481010 0.504862
V 54.500 96.000 5.422 0.481699 0.504857
V 56.000 96.000 5.184 0.482387 0.504851
V 57.500 96.000 4.998 0.483076 0.504846
V 59.000 96.000 4.859 0.483764 0.504840
V 60.500 96.000 4.769 0.484452 0.504835
V 62.000 96.000 4.735 0.485141 0.504829
V 63.500 96.000 4.711 0.485829 0.504823
V 65.000 96.000 4.671 0.486517 0.504818
V 66.500 96.000 4.593 0.487206 0.504812
V 68.000 96.000 4.441 0.487894 0.504807
V 69.500 96.000 4.267 0.488583 0.504801
V 71.000 96.000 4.119 0.489271 0.504796
V 72.500 96.000 4.010 0.489959 0.504790
V 74.000 96.000 3.970 0.490648 0.504784
V 75.500 96.000 4.027 0.491336 0.504779
V 77.000 96.000 4.215 0.492024 0.504773
V 78.500 96.000 4.547 0.492713 0.504768
V 80.000 96.000 4.985 0.493401 0.504762
V 81.500 96.000 5.480 0.494089 0.504757
V 83.000 96.000 5.946 0.494778 0.504751
V 84.500 96.000 6.310 0.495466 0.504745
V 86.000 96.000 6.585 0.496155 0.504740
V 87.500 96.000 6.705 0.496843 0.504734
V 89.000 96.000 6.707 0.497531 0.504729
V 90.500 96.000 6.653 0.498220 0.504723
V 92.000 96.000 6.579 0.498908 0.504718
V 93.500 96.000 6.478 0.499596 0.504712
V 95.000 96.000 6.427 0.500285 0.504707
V 96.500 96.000 6.360 0.500973 0.504701
V 98.000 96.000 6.278 0.501662 0.504695
V 99.500 96.000 6.172 0.502350 0.504690
V 101.000 96.000 6.039 0.503038 0.504684
V 102.500 96.000 5.926 0.503727 0.504679
V 104.000 96.000 5.781 0.504415 0.504673
V 105.500 96.000 5.613 0.505103 0.504668
V 107.000 96.000 5.428 0.505792 0.504662
V 108.500 96.000 5.219 0.506480 0.504656
V 110.000 96.000 4.984 0.507168 0.504651
V 111.500 96.000 4.760 0.507857 0.504645
V 113.000 96.000 4.539 0.508545 0.504640
V 114.500 96.000 4.317 0.509234 0.504634
V 116.000 96.000 4.101 0.509922 0.504629
V 117.500 96.000 3.895 0.510610 0.504623
V 119.000 96.000 3.700 0.511299 0.504617
V 120.500 96.000 3.524 0.511987 0.504612
V 122.000 96.000 3.360 0.512675 0.504606
V 123.500 96.000 3.180 0.513364 0.504601
V 125.000 96.000 2.980 0.514052 0.504595
V 126.500 96.000 2.757 0.514741 0.504590
V 129.500 96.000 2.230 0.516117 0.504578
V 131.000 96.000 1.910 0.516806 0.504573
V 132.500 96.000 1.562 0.517494 0.504567
V 134.000 96.000 1.203 0.518182 0.504562
V 135.500 96.000 0.846 0.518871 0.504556
V 137.000 96.000 0.508 0.519559 0.504551
V 138.500 96.000 0.202 0.520247 0.504545
V 140.000 96.000 -0.078 0.520936 0.504539
V 141.500 96.000 -0.334 0.521624 0.504534
V 143.000 96.000 -0.567 0.522313 0.504528
V 144.500 96.000 -0.781 0.523001 0.504523
V 146.000 96.000 -0.997 0.523689 0.504517
V 147.500 96.000 -1.191 0.524378 0.504511
V 149.000 96.000 -1.344 0.525066 0.504506
V 150.500 96.000 -1.499 0.525754 0.504500
V 152.000 96.000 -1.612 0.526443 0.504495
V 155.000 96.000 -1.691 0.527819 0.504484
V 156.500 96.000 -1.718 0.528508 0.504478
V 158.000 96.000 -1.761 0.529196 0.504472
V 161.000 96.000 -1.996 0.530573 0.504461
V 15.500 97.500 12.763 0.463807 0.505693
V 17.000 97.500 12.628 0.464495 0.505687
V 18.500 97.500 12.451 0.465184 0.505682
V 20.000 97.500 12.227 0.465872 0.505676
V 21.500 97.500 11.952 0.466560 0.505671
V 23.000 97.500 11.612 0.467249 0.505665
V 24.500 97.500 11.265 0.467937 0.505659
V 26.000 97.500 10.944 0.468625 0.505654
V 27.500 97.500 10.634 0.469314 0.505648
V 29.000 97.500 10.279 0.470002 0.505643
V 30.500 97.500 9.911 0.470690 0.505637
V 32.000 97.500 9.597 0.471379 0.505632
V 33.500 97.500 9.338 0.472067 0.505626
V 35.000 97.500 9.062 0.472756 0.505620
V 36.500 97.500 8.799 0.473444 0.505615
V 38.000 97.500 8.570 0.474132 0.505609
V 39.500 97.500 8.380 0.474821 0.505604
V 41.000 97.500 8.254 0.475509 0.505598
V 42.500 97.500 8.296 0.476197 0.505593
V 44.000 97.500 8.215 0.476886 0.505587
V 45.500 97.500 7.866 0.477574 0.505582
V 47.000 97.500 7.417 0.478263 0.505576
V 48.500 97.500 7.069 0.478951 0.505570
V 50.000 97.500 6.760 0.479639 0.505565
V 51.500 97.500 6.448 0.480328 0.505559
V 53.000 97.500 6.140 0.481016 0.505554
V 54.500 97.500 5.852 0.481704 0.505548
V 56.000 97.500 5.591 0.482393 0.505543
V 57.500 97.500 5.374 0.483081 0.505537
V 59.000 97.500 5.188 0.483769 0.505531
V 60.500 97.500 5.057 0.484458 0.505526
V 62.000 97.500 4.984 0.485146 0.505520
V 63.500 97.500 4.951 0.485835 0.505515
V 65.000 97.500 4.911 0.486523 0.505509
V 66.500 97.500 4.829 0.487211 0.505504
V 68.000 97.500 4.637 0.487900 0.505498
V 69.500 97.500 4.456 0.488588 0.505492
V 71.000 97.500 4.326 0.489276 0.505487
V 72.500 97.500 4.235 0.489965 0.505481
V 74.000 97.500 4.208 0.490653 0.505476
V 75.500 97.500 4.283 0.491342 0.505470
V 77.000 97.500 4.542 0.492030 0.505465
V 78.500 97.500 4.914 0.492718 0.505459
V 80.000 97.500 5.341 0.493407 0.505453
V 81.500 97.500 5.846 0.494095 0.505448
V 83.000 97.500 6.305 0.494783 0.505442
V 84.500 97.500 6.686 0.495472 0.505437
V 86.000 97.500 6.995 0.496160 0.505431
V 87.500 97.500 7.198 0.496848 0.505426
V 89.000 97.500 7.251 0.497537 0.505420
V 90.500 97.500 7.202 0.498225 0.505414
V 92.000 97.500 7.128 0.498914 0.505409
V 93.500 97.500 7.009 0.499602 0.505403
V 95.000 97.500 6.875 0.500290 0.505398
V 96.500 97.500 6.809 0.500979 0.505392
V 98.000 97.500 6.718 0.501667 0.505387
V 99.500 97.500 6.594 0.502355 0.505381
V 101.000 97.500 6.443 0.503044 0.505375
V 102.500 97.500 6.322 0.503732 0.505370
V 104.000 97.500 6.190 0.504421 0.505364
V 105.500 97.500 6.021 0.505109 0.505359
V 107.000 97.500 5.826 0.505797 0.505353
V 108.500 97.500 5.602 0.506486 0.505348
V 110.000 97.500 5.358 0.507174 0.505342
V 111.500 97.500 5.088 0.507862 0.505337
V 113.000 97.500 4.858 0.508551 0.505331
V 114.500 97.500 4.632 0.509239 0.505325
V 116.000 97.500 4.396 0.509927 0.505320
V 117.500 97.500 4.167 0.510616 0.505314
V 119.000 97.500 3.954 0.511304 0.505309
V 120.500 97.500 3.769 0.511993 0.505303
V 122.000 97.500 3.616 0.512681 0.505298
V 123.500 97.500 3.456 0.513369 0.505292
V 125.000 97.500 3.276 0.514058 0.505286
V 126.500 97.500 3.070 0.514746 0.505281
V 128.000 97.500 2.841 0.515434 0.505275
V 129.500 97.500 2.595 0.516123 0.505270
V 131.000 97.500 2.304 0.516811 0.505264
V 132.500 97.500 1.954 0.517500 0.505258
V 134.000 97.500 1.587 0.518188 0.505253
V 135.500 97.500 1.219 0.518876 0.505247
V 137.000 97.500 0.864 0.519565 0.505242
V 138.500 97.500 0.516 0.520253 0.505236
V 140.000 97.500 0.247 0.520941 0.505231
V 141.500 97.500 0.005 0.521630 0.505225
V 143.000 97.500 -0.213 0.522318 0.505219
V 144.500 97.500 -0.412 0.523006 0.505214
V 146.000 97.500 -0.595 0.523695 0.505208
V 147.500 97.500 -0.769 0.524383 0.505203
V 149.000 97.500 -0.946 0.525072 0.505197
V 150.500 97.500 -1.103 0.525760 0.505192
V 152.000 97.500 -1.220 0.526448 0.505186
V 153.500 97.500 -1.283 0.527137 0.505180
V 155.000 97.500 -1.298 0.527825 0.505175
V 156.500 97.500 -1.311 0.528513 0.505169
V 158.000 97.500 -1.331 0.529202 0.505164
V 159.500 97.500 -1.376 0.529890 0.505158
V 161.000 97.500 -1.484 0.530579 0.505153
V 24.500 99.000 11.912 0.467943 0.506351
V 26.000 99.000 11.525 0.468631 0.506345
V 27.500 99.000 11.174 0.469319 0.506340
V 29.000 99.000 10.788 0.470008 0.506334
V 30.500 99.000 10.396 0.470696 0.506328
V 32.000 99.000 10.038 0.471384 0.506323
V 33.500 99.000 9.736 0.472073 0.506317
V 35.000 99.000 9.468 0.472761 0.506312
V 36.500 99.000 9.200 0.473450 0.506306
V 38.000 99.000 8.959 0.474138 0.506301
V 39.500 99.000 8.749 0.474826 0.506295
V 41.000 99.000 8.579 0.475515 0.506289
V 42.500 99.000 8.509 0.476203 0.506284
V 44.000 99.000 8.431 0.476891 0.506278
V 45.500 99.000 8.080 0.477580 0.506273
V 47.000 99.000 7.774 0.478268 0.506267
V 48.500 99.000 7.493 0.478956 0.506262
V 50.000 99.000 7.221 0.479645 0.506256
V 51.500 99.000 6.916 0.480333 0.506251
V 53.000 99.000 6.608 0.481022 0.506245
V 54.500 99.000 6.321 0.481710 0.506239
V 56.000 99.000 6.047 0.482398 0.506234
V 57.500 99.000 5.800 0.483087 0.506228
V 59.000 99.000 5.577 0.483775 0.506223
V 60.500 99.000 5.408 0.484463 0.506217
V 62.000 99.000 5.285 0.485152 0.506212
V 63.500 99.000 5.210 0.485840 0.506206
V 65.000 99.000 5.156 0.486529 0.506200
V 66.500 99.000 5.052 0.487217 0.506195
V 68.000 99.000 4.777 0.487905 0.506189
V 69.500 99.000 4.572 0.488594 0.506184
V 71.000 99.000 4.478 0.489282 0.506178
V 72.500 99.000 4.402 0.489970 0.506173
V 74.000 99.000 4.392 0.490659 0.506167
V 75.500 99.000 4.503 0.491347 0.506161
V 77.000 99.000 4.901 0.492035 0.506156
V 78.500 99.000 5.327 0.492724 0.506150
V 80.000 99.000 5.723 0.493412 0.506145
V 81.500 99.000 6.221 0.494101 0.506139
V 83.000 99.000 6.675 0.494789 0.506134
V 84.500 99.000 7.077 0.495477 0.506128
V 86.000 99.000 7.418 0.496166 0.506122
V 87.500 99.000 7.656 0.496854 0.506117
V 89.000 99.000 7.794 0.497542 0.506111
V 90.500 99.000 7.790 0.498231 0.506106
V 92.000 99.000 7.735 0.498919 0.506100
V 93.500 99.000 7.637 0.499608 0.506095
V 95.000 99.000 7.450 0.500296 0.506089
V 96.500 99.000 7.294 0.500984 0.506083
V 98.000 99.000 7.197 0.501673 0.506078
V 99.500 99.000 7.062 0.502361 0.506072
V 101.000 99.000 6.898 0.503049 0.506067
V 102.500 99.000 6.763 0.503738 0.506061
V 104.000 99.000 6.635 0.504426 0.506056
V 105.500 99.000 6.468 0.505114 0.506050
V 107.000 99.000 6.266 0.505803 0.506044
V 108.500 99.000 6.034 0.506491 0.506039
V 110.000 99.000 5.790 0.507180 0.506033
V 111.500 99.000 5.507 0.507868 0.506028
V 113.000 99.000 5.208 0.508556 0.506022
V 114.500 99.000 4.972 0.509245 0.506017
V 116.000 99.000 4.740 0.509933 0.506011
V 117.500 99.000 4.495 0.510621 0.506005
V 119.000 99.000 4.271 0.511310 0.506000
V 120.500 99.000 4.082 0.511998 0.505994
V 122.000 99.000 3.936 0.512686 0.505989
V 123.500 99.000 3.790 0.513375 0.505983
V 125.000 99.000 3.607 0.514063 0.505978
V 126.500 99.000 3.410 0.514752 0.505972
V 128.000 99.000 3.224 0.515440 0.505966
V 129.500 99.000 3.001 0.516128 0.505961
V 131.000 99.000 2.766 0.516817 0.505955
V 132.500 99.000 2.476 0.517505 0.505950
V 134.000 99.000 2.122 0.518193 0.505944
V 135.500 99.000 1.746 0.518882 0.505939
V 137.000 99.000 1.365 0.519570 0.505933
V 138.500 99.000 0.973 0.520259 0.505927
V 140.000 99.000 0.646 0.520947 0.505922
V 141.500 99.000 0.426 0.521635 0.505916
V 143.000 99.000 0.224 0.522324 0.505911
V 144.500 99.000 0.043 0.523012 0.505905
V 146.000 99.000 -0.133 0.523700 0.505900
V 147.500 99.000 -0.308 0.524389 0.505894
V 149.000 99.000 -0.430 0.525077 0.505888
V 150.500 99.000 -0.592 0.525765 0.505883
V 152.000 99.000 -0.718 0.526454 0.505877
V 153.500 99.000 -0.791 0.527142 0.505872
V 155.000 99.000 -0.818 0.527831 0.505866
V 156.500 99.000 -0.816 0.528519 0.505861
V 158.000 99.000 -0.827 0.529207 0.505855
V 159.500 99.000 -0.862 0.529896 0.505849
V 161.000 99.000 -0.942 0.530584 0.505844
V 32.000 100.500 10.645 0.471390 0.507014
V 33.500 100.500 10.209 0.472078 0.507009
V 36.500 100.500 9.614 0.473455 0.506997
V 38.000 100.500 9.362 0.474143 0.506992
V 39.500 100.500 9.135 0.474832 0.506986
V 41.000 100.500 8.939 0.475520 0.506981
V 42.500 100.500 8.782 0.476209 0.506975
V 44.000 100.500 8.658 0.476897 0.506970
V 45.500 100.500 8.421 0.477585 0.506964
V 47.000 100.500 8.191 0.478274 0.506958
V 48.500 100.500 7.969 0.478962 0.506953
V 50.000 100.500 7.720 0.479650 0.506947
V 51.500 100.500 7.419 0.480339 0.506942
V 53.000 100.500 7.111 0.481027 0.506936
V 54.500 100.500 6.818 0.481715 0.506931
V 56.000 100.500 6.537 0.482404 0.506925
V 57.500 100.500 6.268 0.483092 0.506920
V 59.000 100.500 6.015 0.483781 0.506914
V 60.500 100.500 5.810 0.484469 0.506908
V 62.000 100.500 5.641 0.485157 0.506903
V 63.500 100.500 5.503 0.485846 0.506897
V 65.000 100.500 5.410 0.486534 0.506892
V 66.500 100.500 5.270 0.487222 0.506886
V 68.000 100.500 4.855 0.487911 0.506881
V 69.500 100.500 4.579 0.488599 0.506875
V 71.000 100.500 4.581 0.489288 0.506869
V 72.500 100.500 4.527 0.489976 0.506864
V 74.000 100.500 4.539 0.490664 0.506858
V 75.500 100.500 4.731 0.491353 0.506853
V 77.000 100.500 5.324 0.492041 0.506847
V 78.500 100.500 5.801 0.492729 0.506842
V 80.000 100.500 6.138 0.493418 0.506836
V 81.500 100.500 6.605 0.494106 0.506830
V 83.000 100.500 7.057 0.494794 0.506825
V 84.500 100.500 7.483 0.495483 0.506819
V 86.000 100.500 7.857 0.496171 0.506814
V 87.500 100.500 8.131 0.496860 0.506808
V 89.000 100.500 8.304 0.497548 0.506803
V 90.500 100.500 8.382 0.498236 0.506797
V 92.000 100.500 8.367 0.498925 0.506791
V 93.500 100.500 8.299 0.499613 0.506786
V 95.000 100.500 8.131 0.500301 0.506780
V 96.500 100.500 7.888 0.500990 0.506775
V 98.000 100.500 7.708 0.501678 0.506769
V 99.500 100.500 7.565 0.502367 0.506764
V 101.000 100.500 7.396 0.503055 0.506758
V 102.500 100.500 7.244 0.503743 0.506752
V 104.000 100.500 7.109 0.504432 0.506747
V 105.500 100.500 6.948 0.505120 0.506741
V 107.000 100.500 6.740 0.505808 0.506736
V 108.500 100.500 6.511 0.506497 0.506730
V 110.000 100.500 6.276 0.507185 0.506725
V 111.500 100.500 6.001 0.507873 0.506719
V 113.000 100.500 5.670 0.508562 0.506713
V 114.500 100.500 5.344 0.509250 0.506708
V 116.000 100.500 5.102 0.509939 0.506702
V 117.500 100.500 4.865 0.510627 0.506697
V 119.000 100.500 4.631 0.511315 0.506691
V 120.500 100.500 4.444 0.512004 0.506686
V 122.000 100.500 4.304 0.512692 0.506680
V 123.500 100.500 4.130 0.513380 0.506674
V 125.000 100.500 3.962 0.514069 0.506669
V 126.500 100.500 3.818 0.514757 0.506663
V 128.000 100.500 3.643 0.515446 0.506658
V 129.500 100.500 3.441 0.516134 0.506652
V 131.000 100.500 3.246 0.516822 0.506647
V 132.500 100.500 3.005 0.517511 0.506641
V 134.000 100.500 2.708 0.518199 0.506635
V 135.500 100.500 2.345 0.518887 0.506630
V 137.000 100.500 1.956 0.519576 0.506624
V 138.500 100.500 1.547 0.520264 0.506619
V 140.000 100.500 1.121 0.520952 0.506613
V 141.500 100.500 0.880 0.521641 0.506608
V 143.000 100.500 0.696 0.522329 0.506602
V 144.500 100.500 0.527 0.523018 0.506596
V 146.000 100.500 0.345 0.523706 0.506591
V 147.500 100.500 0.133 0.524394 0.506585
V 149.000 100.500 0.118 0.525083 0.506580
V 150.500 100.500 0.001 0.525771 0.506574
V 152.000 100.500 -0.131 0.526459 0.506569
V 153.500 100.500 -0.207 0.527148 0.506563
V 155.000 100.500 -0.240 0.527836 0.506557
V 156.500 100.500 -0.262 0.528525 0.506552
V 158.000 100.500 -0.269 0.529213 0.506546
V 159.500 100.500 -0.300 0.529901 0.506541
V 161.000 100.500 -0.371 0.530590 0.506535
V 41.000 102.000 9.512 0.475526 0.507672
V 42.500 102.000 9.185 0.476214 0.507666
V 44.000 102.000 8.977 0.476902 0.507661
V 45.500 102.000 8.837 0.477591 0.507655
V 47.000 102.000 8.674 0.478279 0.507650
V 48.500 102.000 8.490 0.478968 0.507644
V 50.000 102.000 8.252 0.479656 0.507639
V 51.500 102.000 7.954 0.480344 0.507633
V 53.000 102.000 7.644 0.481033 0.507627
V 54.500 102.000 7.342 0.481721 0.507622
V 56.000 102.000 7.053 0.482409 0.507616
V 57.500 102.000 6.766 0.483098 0.507611
V 59.000 102.000 6.493 0.483786 0.507605
V 60.500 102.000 6.254 0.484474 0.507600
V 62.000 102.000 6.039 0.485163 0.507594
V 63.500 102.000 5.842 0.485851 0.507589
V 65.000 102.000 5.680 0.486540 0.507583
V 66.500 102.000 5.483 0.487228 0.507577
V 68.000 102.000 4.866 0.487916 0.507572
V 69.500 102.000 4.472 0.488605 0.507566
V 71.000 102.000 4.595 0.489293 0.507561
V 72.500 102.000 4.613 0.489981 0.507555
V 74.000 102.000 4.653 0.490670 0.507550
V 75.500 102.000 5.054 0.491358 0.507544
V 77.000 102.000 5.842 0.492047 0.507538
V 78.500 102.000 6.369 0.492735 0.507533
V 80.000 102.000 6.629 0.493423 0.507527
V 81.500 102.000 7.001 0.494112 0.507522
V 83.000 102.000 7.452 0.494800 0.507516
V 84.500 102.000 7.896 0.495488 0.507511
V 86.000 102.000 8.276 0.496177 0.507505
V 87.500 102.000 8.578 0.496865 0.507499
V 89.000 102.000 8.799 0.497553 0.507494
V 90.500 102.000 8.922 0.498242 0.507488
V 92.000 102.000 8.925 0.498930 0.507483
V 93.500 102.000 8.841 0.499619 0.507477
V 95.000 102.000 8.690 0.500307 0.507472
V 96.500 102.000 8.492 0.500995 0.507466
V 98.000 102.000 8.279 0.501684 0.507460
V 101.000 102.000 7.930 0.503060 0.507449
V 102.500 102.000 7.773 0.503749 0.507444
V 104.000 102.000 7.616 0.504437 0.507438
V 105.500 102.000 7.452 0.505126 0.507433
V 107.000 102.000 7.242 0.505814 0.507427
V 108.500 102.000 7.029 0.506502 0.507421
V 110.000 102.000 6.797 0.507191 0.507416
V 111.500 102.000 6.519 0.507879 0.507410
V 113.000 102.000 6.200 0.508567 0.507405
V 114.500 102.000 5.847 0.509256 0.507399
V 116.000 102.000 5.495 0.509944 0.507394
V 117.500 102.000 5.247 0.510632 0.507388
V 119.000 102.000 5.017 0.511321 0.507382
V 120.500 102.000 4.835 0.512009 0.507377
V 122.000 102.000 4.660 0.512698 0.507371
V 123.500 102.000 4.515 0.513386 0.507366
V 125.000 102.000 4.397 0.514074 0.507360
V 126.500 102.000 4.256 0.514763 0.507355
V 128.000 102.000 4.086 0.515451 0.507349
V 129.500 102.000 3.901 0.516139 0.507343
V 131.000 102.000 3.745 0.516828 0.507338
V 132.500 102.000 3.551 0.517516 0.507332
V 134.000 102.000 3.294 0.518205 0.507327
V 135.500 102.000 2.980 0.518893 0.507321
V 137.000 102.000 2.606 0.519581 0.507316
V 138.500 102.000 2.204 0.520270 0.507310
V 140.000 102.000 1.751 0.520958 0.507304
V 141.500 102.000 1.356 0.521646 0.507299
V 143.000 102.000 1.181 0.522335 0.507293
V 144.500 102.000 1.020 0.523023 0.507288
V 146.000 102.000 0.832 0.523711 0.507282
V 147.500 102.000 0.549 0.524400 0.507277
V 149.000 102.000 0.575 0.525088 0.507271
V 150.500 102.000 0.630 0.525777 0.507265
V 152.000 102.000 0.522 0.526465 0.507260
V 153.500 102.000 0.450 0.527153 0.507254
V 155.000 102.000 0.421 0.527842 0.507249
V 156.500 102.000 0.391 0.528530 0.507243
V 158.000 102.000 0.346 0.529218 0.507238
V 159.500 102.000 0.304 0.529907 0.507232
V 161.000 102.000 0.231 0.530595 0.507226
V 50.000 103.500 8.817 0.479661 0.508330
V 51.500 103.500 8.535 0.480350 0.508324
V 53.000 103.500 8.224 0.481038 0.508319
V 54.500 103.500 7.902 0.481727 0.508313
V 56.000 103.500 7.586 0.482415 0.508308
V 57.500 103.500 7.285 0.483103 0.508302
V 59.000 103.500 6.997 0.483792 0.508296
V 60.500 103.500 6.727 0.484480 0.508291
V 62.000 103.500 6.469 0.485168 0.508285
V 63.500 103.500 6.219 0.485857 0.508280
V 65.000 103.500 5.977 0.486545 0.508274
V 66.500 103.500 5.661 0.487234 0.508269
V 68.000 103.500 4.875 0.487922 0.508263
V 69.500 103.500 4.434 0.488610 0.508258
V 71.000 103.500 4.447 0.489299 0.508252
V 72.500 103.500 4.661 0.489987 0.508246
V 74.000 103.500 4.764 0.490675 0.508241
V 75.500 103.500 5.431 0.491364 0.508235
V 77.000 103.500 6.097 0.492052 0.508230
V 78.500 103.500 6.654 0.492740 0.508224
V 80.000 103.500 7.098 0.493429 0.508219
V 81.500 103.500 7.429 0.494117 0.508213
V 83.000 103.500 7.852 0.494806 0.508207
V 84.500 103.500 8.235 0.495494 0.508202
V 86.000 103.500 8.466 0.496182 0.508196
V 87.500 103.500 8.695 0.496871 0.508191
V 89.000 103.500 8.843 0.497559 0.508185
V 90.500 103.500 8.925 0.498247 0.508180
V 92.000 103.500 8.977 0.498936 0.508174
V 93.500 103.500 9.001 0.499624 0.508168
V 95.000 103.500 8.996 0.500313 0.508163
V 111.500 103.500 6.884 0.507885 0.508102
V 113.000 103.500 6.573 0.508573 0.508096
V 114.500 103.500 6.260 0.509261 0.508090
V 116.000 103.500 5.952 0.509950 0.508085
V 117.500 103.500 5.656 0.510638 0.508079
V 119.000 103.500 5.407 0.511326 0.508074
V 120.500 103.500 5.216 0.512015 0.508068
V 122.000 103.500 5.076 0.512703 0.508063
V 123.500 103.500 4.954 0.513392 0.508057
V 125.000 103.500 4.834 0.514080 0.508051
V 126.500 103.500 4.702 0.514768 0.508046
V 128.000 103.500 4.541 0.515457 0.508040
V 129.500 103.500 4.372 0.516145 0.508035
V 131.000 103.500 4.242 0.516833 0.508029
V 132.500 103.500 4.087 0.517522 0.508024
V 134.000 103.500 3.884 0.518210 0.508018
V 135.500 103.500 3.614 0.518898 0.508012
V 137.000 103.500 3.282 0.519587 0.508007
V 138.500 103.500 2.906 0.520275 0.508001
V 140.000 103.500 2.466 0.520964 0.507996
V 141.500 103.500 1.975 0.521652 0.507990
V 143.000 103.500 1.672 0.522340 0.507985
V 144.500 103.500 1.515 0.523029 0.507979
V 146.000 103.500 1.306 0.523717 0.507973
V 147.500 103.500 0.924 0.524405 0.507968
V 149.000 103.500 0.896 0.525094 0.507962
V 150.500 103.500 1.213 0.525782 0.507957
V 152.000 103.500 1.220 0.526471 0.507951
V 153.500 103.500 1.162 0.527159 0.507946
V 155.000 103.500 1.147 0.527847 0.507940
V 156.500 103.500 1.118 0.528536 0.507934
V 158.000 103.500 1.055 0.529224 0.507929
V 159.500 103.500 0.966 0.529912 0.507923
V 62.000 105.000 6.974 0.485174 0.508977
V 63.500 105.000 6.618 0.485862 0.508971
V 65.000 105.000 6.310 0.486551 0.508965
V 66.500 105.000 5.888 0.487239 0.508960
V 68.000 105.000 5.431 0.487927 0.508954
V 69.500 105.000 5.083 0.488616 0.508949
V 128.000 105.000 4.488 0.515462 0.508732
V 131.000 105.000 4.658 0.516839 0.508720
V 132.500 105.000 4.485 0.517527 0.508715
V 134.000 105.000 4.290 0.518216 0.508709
V 135.500 105.000 4.062 0.518904 0.508704
V 137.000 105.000 3.787 0.519592 0.508698
V 138.500 105.000 3.457 0.520281 0.508693
V 140.000 105.000 3.069 0.520969 0.508687
V 141.500 105.000 2.652 0.521657 0.508681
V 143.000 105.000 2.222 0.522346 0.508676
V 144.500 105.000 2.005 0.523034 0.508670
V 146.000 105.000 1.749 0.523723 0.508665
V 147.500 105.000 1.268 0.524411 0.508659
V 149.000 105.000 1.178 0.525099 0.508654
V 150.500 105.000 1.560 0.525788 0.508648
V 152.000 105.000 1.928 0.526476 0.508642
V 153.500 105.000 1.911 0.527164 0.508637
V 155.000 105.000 1.915 0.527853 0.508631
V 156.500 105.000 1.876 0.528541 0.508626
V 158.000 105.000 1.789 0.529230 0.508620
V 143.000 106.500 2.729 0.522351 0.509367
V 146.000 106.500 2.242 0.523728 0.509356
V 147.500 106.500 2.082 0.524417 0.509350
V 149.000 106.500 2.075 0.525105 0.509345
V 150.500 106.500 2.212 0.525793 0.509339
V 152.000 106.500 2.482 0.526482 0.509334
V 153.500 106.500 2.677 0.527170 0.509328
F 3541 20 21
F 16 3864 93
F 20 3968 17
F 3865 3968 20
F 4257 4343 3
F 3 4487 5
F 4 4487 3
F 214 211 213
F 129 1895 127
F 2902 46 2798
F 46 3110 21
F 4342 3864 16
F 4495 4513 4494
F 4493 4513 14
F 4513 4493 4494
F 4487 4488 5
F 4429 4487 4
F 215 214 213
F 251 241 210
F 241 251 250
F 229 239 211
F 239 279 211
F 1895 1978 127
F 409 477 439
F 477 409 199
F 2902 3004 46
F 3649 20 3541
F 4164 4066 3864
F 4066 3967 3864
F 86 2849 2748
F 2849 86 2850
F 15 4512 16
F 4512 15 4511
F 4063 4160 4159
F 4517 4518 15
F 4459 4460 11
F 4493 4462 4463
F 4493 12 4494
F 2145 2144 127
F 2144 2231 127
F 2232 2144 2233
F 2144 2232 2231
F 3480 3587 3479
F 3587 3480 55
F 219 229 211
F 214 219 211
F 318 319 205
F 1815 1895 129
F 1815 1896 1895
F 2062 2145 127
F 1978 2062 127
F 520 477 199
F 520 519 477
F 697 696 642
F 438 409 439
F 2322 49 2231
F 2323 2322 2231
F 2412 2322 2413
F 2322 2412 49
F 3110 3217 21
F 3003 3110 46
F 3004 3003 46
F 3968 3969 17
F 3867 3868 3968
F 4066 41 3967
F 41 4066 4164
F 3648 3540 93
F 3750 67 3642
F 67 3641 3642
F 3641 67 3749
F 4455 4456 11
F 4456 4457 11
F 216 215 213
F 217 216 213
F 232 233 210
F 241 232 210
F 231 232 241
F 315 302 354
F 328 315 354
F 499 498 459
F 4256 4164 3864
F 4342 4256 3864
F 4422 4342 16
F 4518 4519 15
F 4519 4509 4510
F 4519 4510 4511
F 15 4519 4511
F 40 4063 4159
F 4158 40 4159
F 40 4158 4062
F 4155 39 4059
F 4154 39 4155
F 4460 4461 11
F 4461 4493 11
F 4461 4462 4493
F 4464 4493 4463
F 4466 4467 4494
F 12 4466 4494
F 4067 18 17
F 4165 0 18
F 0 4257 3
F 4071 4165 18
F 4348 4349 3
F 4345 4346 3
F 3367 3368 3477
F 2849 2848 2748
F 98 2546 2452
F 4429 4430 4487
F 4425 4426 4
F 4426 4427 4
F 4428 4429 4
F 4427 4428 4
F 3695 3587 55
F 3695 3588 3696
F 3588 3695 55
F 4492 6 5
F 220 214 221
F 220 219 214
F 204 303 316
F 329 204 316
F 248 258 279
F 248 279 239
F 331 318 205
F 1589 1664 129
F 2068 2069 116
F 1384 1383 157
F 1383 1311 157
F 849 913 172
F 477 476 439
F 520 615 566
F 615 520 199
F 818 183 759
F 401 427 203
F 409 385 203
F 385 409 408
F 46 2600 2798
F 2702 2703 48
F 49 2504 2602
F 2412 2504 49
F 2903 2902 2798
F 3433 3541 21
F 3542 3649 3541
F 3757 3865 20
F 3649 3757 20
F 22 3440 3331
F 3332 22 3331
F 22 3548 3440
F 3548 22 3549
F 3866 3968 3865
F 3866 3867 3968
F 3432 3323 93
F 3540 3432 93
F 3539 68 3431
F 68 3539 3538
F 3864 3756 93
F 3756 3648 93
F 41 3966 3967
F 3967 3863 3864
F 3323 3216 93
F 67 3857 3749
F 1814 1739 143
F 2499 2498 2407
F 1161 1224 1160
F 163 1224 1161
F 4457 4458 11
F 4458 4459 11
F 3392 3500 61
F 4041 3939 36
F 4454 4455 11
F 2648 2748 2647
F 2648 86 2748
F 134 1778 1855
F 1778 134 1703
F 1778 1856 1855
F 218 217 213
F 368 201 381
F 201 368 354
F 201 425 424
F 425 201 426
F 395 377 396
F 377 395 202
F 458 426 459
F 498 497 459
F 3945 37 4046
F 37 4047 4143
F 3849 3742 3850
F 3742 3849 65
F 64 3738 3737
F 3630 64 3629
F 64 3630 3738
F 2879 2878 2777
F 2777 2878 88
F 3634 3741 3633
F 3741 3634 65
F 3741 3849 3848
F 3849 3741 65
F 4148 38 4149
F 38 4053 4149
F 3962 3963 4063
F 40 3962 4063
F 3962 40 4062
F 4514 4515 14
F 4058 39 4154
F 39 4058 4059
F 4497 4498 4513
F 4464 4465 4493
F 4465 12 4493
F 4465 4466 12
F 4502 4513 4501
F 4498 4499 4513
F 204 369 386
F 389 390 200
F 3969 3970 17
F 0 4168 4257
F 4349 4423 3
F 4258 4343 4257
F 4258 1 4343
F 1 4258 4172
F 3480 3481 55
F 3481 3588 55
F 3262 57 3261
F 57 3262 3371
F 3370 57 3371
F 57 3370 3261
F 3377 3487 3486
F 2547 2546 98
F 85 2744 2844
F 4430 4431 4487
F 291 290 279
F 290 204 279
F 290 303 204
F 329 341 204
F 332 344 205
F 331 344 343
F 344 331 205
F 319 320 205
F 320 332 205
F 258 268 279
F 252 251 210
F 362 363 202
F 616 668 567
F 668 616 669
F 188 616 617
F 616 188 669
F 521 668 478
F 668 521 567
F 915 852 173
F 852 915 851
F 1979 1978 1895
F 2063 2062 1978
F 1664 1740 129
F 1740 1815 129
F 1740 1816 1815
F 2150 2067 116
F 2067 2068 116
F 1748 1671 130
F 1824 1748 130
F 1671 1672 130
F 1672 1749 130
F 1311 1312 157
F 1312 1384 157
F 913 975 172
F 1749 1825 130
F 1825 1824 130
F 615 614 566
F 2215 113 2129
F 113 2215 2214
F 2676 2677 88
F 697 758 757
F 183 758 697
F 382 401 203
F 401 382 402
F 198 465 431
F 385 384 203
F 407 385 408
F 2703 2804 48
F 2601 2600 49
F 2601 49 2602
F 2799 2699 2800
F 2699 2799 2798
F 2600 2699 2798
F 3217 3324 21
F 3325 3324 3217
F 3324 3433 21
F 3003 3111 3110
F 19 3759 3865
F 3759 19 3758
F 3757 19 3865
F 19 3757 3758
F 3216 3109 93
F 3002 3109 3108
F 3109 3002 93
F 1894 1814 143
F 2503 2061 2599
F 2797 2061 93
F 1884 1883 140
F 1802 1881 126
F 2964 78 3069
F 64 3628 3629
F 4454 4388 4389
F 4388 4454 4387
F 10 4384 4385
F 4386 10 4385
F 4454 10 4387
F 10 4386 4387
F 9 4453 4381
F 10 9 4382
F 9 10 4453
F 3495 3386 3387
F 2648 2551 99
F 2551 2552 99
F 2552 2649 99
F 2648 2649 86
F 2649 2648 99
F 3164 3271 75
F 2278 2279 111
F 1854 1777 1855
F 1777 134 1855
F 1857 1858 125
F 1938 1857 125
F 394 376 395
F 395 376 202
F 376 362 202
F 226 218 227
F 452 196 451
F 400 201 424
F 201 400 381
F 363 364 202
F 364 377 202
F 1721 1646 138
F 401 428 427
F 819 818 759
F 183 698 759
F 2660 2760 87
F 641 592 642
F 592 591 544
F 591 590 544
F 4163 41 4164
F 3966 4065 3965
F 4065 3966 41
F 4065 4163 4162
F 4163 4065 41
F 4486 4512 4485
F 4512 4486 16
F 4486 4421 4422
F 4486 4422 16
F 4042 4041 36
F 2883 2882 2780
F 38 4052 4053
F 4052 38 4148
F 3961 3962 4062
F 3858 67 3750
F 3858 3857 67
F 4516 4517 15
F 4516 15 14
F 4515 4516 14
F 4514 4503 4504
F 4503 4514 14
F 4513 4503 14
F 4502 4503 4513
F 4513 4500 4501
F 4499 4500 4513
F 444 443 200
F 668 440 478
F 3119 43 3226
F 43 3227 3226
F 2508 50 2415
F 50 2508 2507
F 2414 50 2507
F 50 2414 2415
F 2913 3016 3015
F 3679 3786 3678
F 3234 3233 44
F 4067 4068 18
F 3971 4067 17
F 3970 3971 17
F 4167 4168 0
F 4072 4073 4165
F 4071 4072 4165
F 2611 2712 2711
F 2069 2151 116
F 2240 2150 116
F 2151 2240 116
F 2240 2151 2241
F 4347 4348 3
F 4346 4347 3
F 4343 4344 3
F 4344 4345 3
F 4260 4261 4343
F 1 4259 4343
F 4259 4260 4343
F 3785 3677 3678
F 4441 4442 6
F 3056 3057 75
F 3057 3164 75
F 3057 3058 3164
F 3376 58 3486
F 58 3377 3486
F 58 3376 3267
F 3268 58 3267
F 58 3269 3377
F 3269 58 3268
F 2449 2358 2359
F 2453 98 2452
F 2453 2547 98
F 85 2946 2843
F 2946 85 2844
F 85 2743 2744
F 2743 85 2843
F 1619 1618 1545
F 3040 3039 2935
F 3039 71 2935
F 4488 4489 5
F 3801 30 3905
F 4491 4492 5
F 3796 3901 29
F 3901 4002 29
F 4002 4001 29
F 3585 3584 3477
F 355 369 204
F 341 355 204
F 207 268 269
F 207 291 279
F 268 207 279
F 208 285 284
F 208 283 272
F 283 208 284
F 273 208 272
F 345 344 332
F 188 729 669
F 194 571 570
F 194 525 571
F 569 194 570
F 787 849 172
F 1741 1740 1664
F 128 1980 1896
F 1517 1516 1445
F 1516 1590 1589
F 1447 155 1519
F 155 1520 1519
F 975 1039 172
F 916 979 173
F 667 726 725
F 726 786 725
F 726 667 615
F 726 615 199
F 1663 1515 1739
F 1515 1663 1588
F 1225 1161 1162
F 1225 163 1161
F 2030 2111 121
F 2776 2676 88
F 2776 2878 2877
F 2878 2776 88
F 2302 2303 2393
F 507 465 198
F 383 382 203
F 384 383 203
F 437 436 409
F 438 437 409
F 2804 2803 48
F 2803 2702 48
F 2700 2699 2600
F 2505 2504 2412
F 3759 3760 3865
F 42 3112 3113
F 42 3219 3112
F 3328 42 3220
F 3219 42 3328
F 42 3114 3220
F 3114 42 3113
F 3430 3321 68
F 3430 68 3538
F 2994 92 2995
F 92 2994 2894
F 2901 2900 2797
F 2901 2797 93
F 3002 2901 93
F 1728 1729 140
F 1654 1729 1728
F 3209 84 3102
F 3744 66 3745
F 66 3637 3745
F 1809 1734 142
F 1810 1809 142
F 2137 2136 2055
F 1805 1885 1884
F 1805 1884 140
F 1805 1729 1730
F 1729 1805 140
F 2678 2777 88
F 2677 2678 88
F 3306 3414 81
F 3414 3413 81
F 3305 3306 81
F 3413 3305 81
F 2136 141 2055
F 2598 2503 2599
F 1883 1804 140
F 1804 1728 140
F 1881 1880 126
F 1648 1722 138
F 1801 1880 1879
F 1880 1801 126
F 3068 2964 3069
F 2862 2863 78
F 2964 2862 78
F 35 3933 3932
F 3933 35 3829
F 3828 35 3932
F 35 3828 3829
F 3939 3940 36
F 3940 4042 36
F 4383 10 4382
F 10 4383 4384
F 9 4301 4382
F 4301 9 4381
F 4453 4380 4381
F 4379 4380 4453
F 60 3495 3387
F 3388 60 3387
F 33 3920 3816
F 2649 2749 86
F 86 2749 2850
F 2760 2759 87
F 3065 2961 77
F 2961 3065 3064
F 76 2956 3060
F 2956 2957 3060
F 2279 2370 111
F 1858 1939 125
F 1939 1938 125
F 119 2184 2099
F 2017 119 2099
F 119 2018 2100
F 2018 119 2017
F 1777 1701 134
F 624 575 576
F 278 277 267
F 301 289 302
F 289 278 302
F 226 225 218
F 532 196 533
F 196 490 533
F 490 196 452
F 458 457 426
F 208 274 285
F 274 208 273
F 353 340 354
F 340 328 354
F 656 603 185
F 698 760 759
F 593 191 545
F 1008 945 177
F 884 945 883
F 945 884 177
F 817 183 818
F 817 758 183
F 2863 2864 78
F 189 624 576
F 3736 64 3737
F 3736 3628 64
F 3945 3946 37
F 3946 4047 37
F 4498 13 4471
F 13 4470 4471
F 4497 13 4498
F 4470 13 4497
F 4495 4496 4513
F 4496 4497 4513
F 413 444 200
F 390 413 200
F 3012 3119 3011
F 3012 43 3119
F 3012 3013 43
F 27 3785 3678
F 3786 27 3678
F 3890 27 3891
F 27 3890 3785
F 24 3555 3662
F 3769 24 3662
F 4070 4071 18
F 3971 3972 4067
F 4258 4171 4172
F 4166 0 4165
F 4166 4167 0
F 3770 3769 3662
F 51 2611 2513
F 2514 51 2513
F 51 2712 2611
F 2712 51 2612
F 4423 4424 3
F 4424 4 3
F 4424 4425 4
F 4344 2 4345
F 2 4344 4263
F 2718 2719 70
F 2819 2718 70
F 2 4264 4345
F 4264 2 4263
F 52 3464 3355
F 3464 52 3465
F 3356 52 3355
F 52 3356 3465
F 8 4377 4376
F 4436 4437 4492
F 4492 4437 6
F 4437 4438 6
F 4438 4439 6
F 2941 3045 2940
F 3485 3376 3486
F 3163 3056 75
F 3271 3163 75
F 1929 124 1928
F 124 2014 2013
F 2016 2017 2099
F 3051 74 3050
F 3049 74 3156
F 74 3049 3050
F 74 3157 3156
F 74 3158 3157
F 3158 74 3051
F 2946 2945 2843
F 2947 2946 2844
F 1769 1692 1693
F 3152 3046 3153
F 3046 2941 2942
F 2171 2088 2172
F 2088 123 2172
F 123 2005 2006
F 3789 28 3895
F 28 3789 3790
F 28 3896 3895
F 3896 28 3790
F 3906 3801 3802
F 3801 3906 30
F 3695 3694 3587
F 3800 3801 3905
F 4490 4491 5
F 4489 4490 5
F 3795 3796 29
F 3900 4001 4000
F 4001 3900 29
F 3795 3900 3794
F 3900 3795 29
F 54 3367 3477
F 3584 54 3477
F 54 3366 3367
F 3366 54 3476
F 291 280 292
F 207 280 291
F 280 207 269
F 233 242 210
F 242 252 210
F 632 190 631
F 190 684 631
F 729 728 669
F 618 670 617
F 670 188 617
F 729 670 730
F 670 729 188
F 1897 128 1896
F 1374 1446 1445
F 155 1448 1520
F 1448 155 1447
F 165 1050 1117
F 165 1181 1116
F 1049 165 1116
F 165 1049 1050
F 1308 1307 1238
F 979 978 173
F 978 977 915
F 978 915 173
F 1039 1105 172
F 852 853 173
F 853 916 173
F 786 187 848
F 726 187 786
F 1515 144 1444
F 1515 1373 1739
F 1373 1515 1444
F 1233 1373 1301
F 1373 1372 1301
F 1233 1232 147
F 1232 1231 147
F 1231 1168 147
F 163 1293 1292
F 1225 1293 163
F 2029 2030 121
F 2111 2110 121
F 2110 2029 121
F 2122 112 2121
F 2301 2302 2392
F 2302 103 2392
F 103 2302 2393
F 2484 103 2393
F 103 2484 2483
F 103 2482 2392
F 2482 103 2483
F 508 198 466
F 508 507 198
F 407 406 385
F 198 432 466
F 432 198 431
F 608 193 609
F 193 608 560
F 561 193 560
F 193 610 609
F 610 193 562
F 193 561 562
F 3327 3219 3328
F 3329 3328 3220
F 3225 3119 3226
F 68 3322 3431
F 3321 3322 68
F 92 2895 2995
F 2895 92 2894
F 139 1729 1654
F 139 1654 1579
F 139 1579 1580
F 1581 139 1580
F 1734 1735 142
F 1735 1810 142
F 3207 3100 84
F 66 3529 3637
F 3528 3529 66
F 2986 90 3092
F 3092 90 3093
F 2317 2318 2407
F 106 2498 2497
F 2317 106 2316
F 2498 106 2407
F 106 2317 2407
F 105 2588 2493
F 2588 2686 2685
F 2686 2588 105
F 2686 2589 2687
F 2589 2686 105
F 1971 1972 2055
F 141 1971 2055
F 2698 2061 2797
F 2061 2698 2599
F 2796 2698 2797
F 1977 1976 143
F 1976 1894 143
F 1894 1976 1975
F 110 2320 2319
F 2230 2061 2321
F 2320 2230 2321
F 2230 2320 110
F 2230 2143 2061
F 2143 2230 110
F 1291 163 1292
F 1291 1224 163
F 3065 2962 3066
F 2962 3065 77
F 3505 62 3614
F 62 3505 3506
F 3926 34 3927
F 34 3823 3927
F 62 3615 3614
F 3615 62 3506
F 3944 3945 4046
F 2970 79 2869
F 2870 2970 2869
F 4301 4302 4382
F 3500 3499 61
F 3604 3603 3495
F 60 3604 3495
F 3922 3921 33
F 3921 3920 33
F 3818 3922 33
F 2278 2369 2277
F 2369 2278 111
F 2955 76 3059
F 76 2955 2956
F 1629 1628 135
F 1628 1627 135
F 1554 1629 135
F 1554 1482 1483
F 1482 1554 135
F 1627 1553 135
F 1482 1553 1481
F 1553 1482 135
F 1701 1702 134
F 134 1702 1703
F 212 209 247
F 209 257 247
F 278 209 302
F 257 209 267
F 209 278 267
F 218 228 227
F 228 218 213
F 212 228 213
F 577 189 576
F 314 327 206
F 327 326 206
F 1793 1792 137
F 1792 1716 137
F 1717 1793 137
F 1279 1215 1280
F 1148 1149 1215
F 603 604 185
F 657 604 605
F 604 657 185
F 643 698 191
F 643 699 698
F 699 643 700
F 825 824 184
F 644 643 191
F 593 644 191
F 824 764 184
F 884 946 177
F 1009 1008 177
F 78 2965 3069
F 2864 2965 78
F 624 677 676
F 189 677 624
F 678 677 189
F 856 857 919
F 4142 4141 4046
F 37 4142 4046
F 4142 37 4143
F 2681 2779 2680
F 2881 2779 2882
F 410 668 386
F 410 440 668
F 443 412 200
F 412 443 442
F 412 388 389
F 412 389 200
F 369 387 386
F 47 2913 3015
F 47 2808 2809
F 2913 47 2809
F 24 3554 3555
F 3661 3769 3768
F 3661 24 3769
F 4169 4170 4257
F 4168 4169 4257
F 4068 4069 18
F 4069 4070 18
F 2713 2712 2612
F 51 2515 2612
F 2515 51 2514
F 2240 2239 2150
F 27 3892 3891
F 3892 27 3786
F 4173 1 4172
F 4173 4259 1
F 2820 2819 70
F 2719 2820 70
F 4261 4262 4343
F 3238 45 3348
F 3238 3131 3132
F 45 3238 3132
F 3239 3349 3348
F 45 3239 3348
F 3233 3232 44
F 3127 3234 44
F 3126 3127 44
F 8 4296 4377
F 4444 7 4443
F 7 4442 4443
F 4442 7 6
F 4447 7 4446
F 7 4447 4448
F 4449 7 4448
F 7 4449 4450
F 4451 7 4450
F 7 4451 4452
F 4295 4296 8
F 4295 8 4376
F 3256 3255 3149
F 56 3485 3486
F 3485 56 3592
F 3593 56 3486
F 56 3593 3592
F 3270 3163 3271
F 2089 123 2006
F 2089 2173 2172
F 123 2089 2172
F 1930 124 1929
F 124 1930 2014
F 2742 2743 2843
F 2176 118 2266
F 118 2267 2266
F 73 3045 2941
F 3046 73 2941
F 73 3046 3152
F 73 3152 3151
F 3045 73 3151
F 3038 2934 71
F 3039 3038 71
F 97 2358 2449
F 2543 97 2449
F 97 2543 2542
F 3149 72 3043
F 72 3042 3043
F 3255 72 3149
F 72 3255 3148
F 3041 72 3148
F 72 3041 3042
F 2088 2004 123
F 2004 2005 123
F 2832 2934 2831
F 2934 2832 71
F 2832 2833 2935
F 71 2832 2935
F 2439 95 2438
F 95 2531 2438
F 95 2532 2531
F 2532 95 2439
F 3906 4008 30
F 54 3583 3476
F 3583 54 3584
F 181 744 803
F 866 181 803
F 181 865 802
F 865 181 866
F 743 181 802
F 181 743 744
F 850 788 851
F 788 728 729
F 523 194 569
F 1982 1981 128
F 128 1981 1980
F 1897 1898 128
F 1898 1982 128
F 1302 1374 1445
F 1516 1302 1445
F 1302 1516 1589
F 1050 1051 1117
F 149 1457 1458
F 1459 149 1458
F 149 1459 1531
F 1530 149 1531
F 165 1182 1181
F 1183 1182 1117
F 1182 165 1117
F 164 1307 1237
F 1307 164 1238
F 1307 1306 1237
F 1106 1105 1039
F 475 474 439
F 476 475 439
F 474 473 439
F 847 786 848
F 912 187 974
F 187 912 848
F 912 911 848
F 1663 1662 1588
F 1738 1663 1739
F 1587 1515 1588
F 1587 144 1515
F 1104 1038 974
F 1104 1233 147
F 1721 1798 1797
F 1798 1721 138
F 1799 1798 1722
F 1722 1798 138
F 2122 2208 112
F 112 2208 2298
F 406 405 385
F 3650 3757 3649
F 22 3441 3549
F 3441 22 3332
F 1729 1655 1730
F 139 1655 1729
F 1655 139 1581
F 3100 3101 84
F 84 3101 3102
F 3208 3207 84
F 3209 3208 84
F 2495 2589 105
F 2313 2403 114
F 2403 2402 114
F 2222 2223 114
F 2223 2313 114
F 104 2690 2788
F 2690 104 2689
F 2987 90 2986
F 90 2987 3093
F 3421 3420 3312
F 3420 82 3312
F 2406 106 2497
F 106 2406 2316
F 2054 1970 141
F 1970 1971 141
F 2229 2143 110
F 2229 110 2319
F 2128 113 2214
F 113 2128 2129
F 153 1501 1500
F 1725 1801 1724
F 1801 1725 126
F 1725 1726 1802
F 1725 1802 126
F 2860 2962 77
F 34 3822 3823
F 3822 34 3926
F 80 3084 3191
F 3084 80 3083
F 3190 80 3191
F 80 3190 3083
F 2297 112 2298
F 63 3731 3730
F 3623 63 3622
F 63 3623 3731
F 3729 63 3730
F 3621 63 3729
F 3622 63 3621
F 4300 4301 4381
F 3496 60 3388
F 3817 3818 33
F 3817 33 3816
F 2370 2460 111
F 2460 2370 2461
F 2369 2460 2459
F 2460 2369 111
F 133 1619 1545
F 133 1472 1473
F 1472 133 1545
F 1546 133 1473
F 1546 1620 1619
F 133 1546 1619
F 2759 2659 87
F 2659 2660 87
F 2858 2859 2961
F 2961 2859 77
F 2859 2860 77
F 2192 2107 120
F 2193 2192 120
F 59 3599 3598
F 3600 59 3492
F 59 3600 3599
F 3272 3271 3164
F 2185 119 2100
F 119 2185 2184
F 196 489 451
F 532 489 196
F 238 212 247
F 238 228 212
F 577 625 189
F 625 678 189
F 423 400 424
F 313 314 206
F 326 313 206
F 1792 1791 1716
F 1498 1497 1427
F 1642 1717 137
F 1565 1564 1493
F 1646 1647 138
F 1647 1648 138
F 1422 1423 1493
F 714 657 715
F 657 714 185
F 191 500 545
F 500 197 501
F 427 197 203
F 594 593 545
F 197 502 501
F 645 644 593
F 765 825 184
F 764 765 184
F 885 946 884
F 1280 160 1281
F 160 1216 1281
F 1149 160 1215
F 1215 160 1280
F 1216 160 1149
F 2476 102 2571
F 102 2476 2385
F 79 2969 2869
F 2969 2868 2869
F 2965 3070 3069
F 994 930 167
F 930 931 167
F 641 640 592
F 2779 89 2882
F 2882 89 2780
F 2681 89 2779
F 89 2681 2682
F 89 2682 2780
F 43 3120 3227
F 3013 3120 43
F 47 2912 2808
F 2912 47 3015
F 3014 2912 3015
F 3553 3554 24
F 3661 3553 24
F 2162 117 2163
F 2162 2079 117
F 69 2928 3032
F 3031 69 3032
F 69 3031 3030
F 2927 69 3030
F 117 2080 2163
F 1995 2079 1994
F 2079 1995 117
F 3347 3238 3348
F 3133 45 3132
F 3133 3239 45
F 3125 3126 44
F 3232 3125 44
F 3781 26 3782
F 26 3781 3673
F 7 4445 4446
F 4445 7 4444
F 2012 124 2013
F 124 2012 1928
F 30 4006 3905
F 4008 4007 30
F 4007 4006 30
F 190 685 684
F 685 190 632
F 180 788 729
F 788 180 851
F 789 180 730
F 180 729 730
F 180 789 852
F 180 852 851
F 195 485 528
F 527 195 528
F 523 524 194
F 194 524 525
F 1535 1536 1609
F 1171 164 1237
F 856 918 855
F 1514 1443 1444
F 144 1514 1444
F 1104 1103 1038
F 1168 1103 147
F 1103 1104 147
F 2026 2107 2025
F 2107 2026 120
F 2108 2193 120
F 2193 2108 2194
F 2026 2108 120
F 2108 2026 2027
F 171 1031 1030
F 171 1030 966
F 171 967 1031
F 967 171 966
F 83 3211 3212
F 83 3319 3318
F 3211 83 3318
F 3319 83 3212
F 3001 2901 3002
F 2494 2495 105
F 2494 105 2493
F 2402 2312 114
F 2312 2222 114
F 104 2787 2689
F 2787 104 2788
F 82 3419 3311
F 3420 3419 82
F 3636 3528 66
F 3636 3744 3743
F 3636 66 3744
F 2135 141 2136
F 2135 2054 141
F 2061 2411 2321
F 2411 2061 2503
F 108 2598 2599
F 108 2696 2598
F 2060 1977 2061
F 153 1430 1501
F 2970 3076 79
F 2297 2207 112
F 112 2207 2121
F 3605 3604 60
F 3496 3605 60
F 1474 1546 1473
F 3391 3392 61
F 3499 3391 61
F 100 2376 2467
F 100 2375 2376
F 3491 59 3598
F 3382 3491 3381
F 3491 3382 59
F 3382 3383 3492
F 59 3382 3492
F 2184 2183 2099
F 1635 136 1711
F 136 1635 1636
F 1423 151 1493
F 151 1565 1493
F 1565 151 1566
F 955 178 956
F 895 178 894
F 178 955 894
F 178 895 956
F 1497 152 1427
F 152 1356 1427
F 186 716 717
F 713 656 185
F 714 713 185
F 500 546 545
F 598 651 650
F 2570 2476 2571
F 2477 2572 2571
F 102 2477 2571
F 2386 102 2385
F 543 542 499
F 543 499 544
F 696 695 642
F 182 807 748
F 807 182 808
F 749 182 748
F 808 182 809
F 182 750 809
F 750 182 749
F 2912 2807 2808
F 2824 2927 2823
F 2824 69 2927
F 2824 2825 2928
F 69 2824 2928
F 1996 2080 117
F 1995 1996 117
F 3674 26 3673
F 26 3674 3782
F 3471 3470 3361
F 3255 3254 3148
F 4440 4441 6
F 4439 4440 6
F 2177 118 2176
F 118 2177 2267
F 150 1399 1470
F 2448 2357 2358
F 97 2448 2358
F 195 484 485
F 484 195 527
F 1105 1169 172
F 1169 1234 172
F 1169 1105 1170
F 1529 149 1530
F 149 1529 1457
F 1685 1684 1609
F 1834 122 1915
F 122 1916 1915
F 1171 1172 164
F 164 1172 1238
F 1587 1586 144
F 1586 1514 144
F 973 912 974
F 3444 3551 3443
F 23 3551 3444
F 3658 3551 23
F 3552 23 3444
F 23 3552 3660
F 94 3000 2900
F 2901 94 2900
F 3001 94 2901
F 3000 94 3001
F 3204 3205 3312
F 82 3204 3312
F 3634 3635 65
F 3635 3742 65
F 3636 3527 3528
F 2411 2410 2321
F 2408 109 2407
F 109 2499 2407
F 108 2697 2696
F 2698 2697 2599
F 2697 108 2599
F 1288 162 1222
F 162 1158 1222
F 1429 153 1500
F 1429 1430 153
F 1221 1288 1287
F 1288 1221 162
F 3076 3075 79
F 2969 3075 3074
F 3075 2969 79
F 136 1712 1711
F 1712 136 1636
F 151 1494 1566
F 1640 1641 1716
F 1716 1641 137
F 1641 1642 137
F 1150 1216 1149
F 152 1355 1356
F 778 186 717
F 716 777 715
F 186 777 716
F 192 598 550
F 192 651 598
F 551 192 550
F 598 549 550
F 946 1010 177
F 1010 1009 177
F 170 1089 1088
F 1023 170 1088
F 1090 170 1025
F 170 1090 1089
F 2387 2477 102
F 2386 2387 102
F 158 1332 1331
F 1000 936 168
F 166 1057 1058
F 1057 166 1123
F 166 1189 1123
F 166 1190 1189
F 25 3775 3667
F 2162 2161 2079
F 3912 31 3911
F 4014 31 3912
F 31 4014 4013
F 31 3910 3911
F 31 4012 3910
F 4012 31 4013
F 3812 32 3811
F 32 3812 3916
F 3915 32 3916
F 32 3915 3811
F 132 1616 1543
F 132 1617 1693
F 1616 132 1692
F 1692 132 1693
F 132 1544 1617
F 1544 132 1543
F 150 1398 1399
F 3252 3253 3362
F 3252 53 3361
F 53 3471 3361
F 53 3252 3362
F 3472 53 3362
F 53 3472 3471
F 2541 97 2542
F 2541 2448 97
F 156 1376 1375
F 156 1305 1377
F 1376 156 1377
F 156 1304 1305
F 1234 1303 1302
F 1303 156 1375
F 156 1303 1304
F 1169 1235 1234
F 1692 1768 1691
F 1844 1768 1845
F 1835 122 1834
F 122 1835 1916
F 1172 1173 1238
F 983 174 919
F 174 856 919
F 174 918 856
F 3659 3658 23
F 3659 23 3660
F 3445 3552 3444
F 2502 2411 2503
F 3097 91 3098
F 91 3097 2991
F 91 2992 3098
F 2992 91 2991
F 3203 82 3311
F 3203 3204 82
F 115 2132 2218
F 2217 115 2218
F 2131 115 2217
F 115 2131 2132
F 2409 109 2408
F 109 2409 2500
F 109 107 2499
F 107 2593 2499
F 2593 107 2594
F 107 109 2500
F 107 2595 2594
F 2595 107 2500
F 1289 1288 1222
F 1153 1218 1152
F 1221 1156 162
F 100 2466 2375
F 2466 100 2467
F 1424 151 1423
F 1424 1494 151
F 838 778 839
F 778 838 186
F 777 838 837
F 838 777 186
F 599 192 551
F 599 652 651
F 192 599 651
F 461 460 427
F 460 197 427
F 460 502 197
F 949 179 948
F 179 1012 948
F 179 949 1013
F 1012 179 1013
F 170 1024 1025
F 1024 170 1023
F 1134 1201 159
F 1201 1200 159
F 1330 1260 1331
F 1260 158 1331
F 25 3776 3775
F 1397 1398 150
F 1543 1542 1470
F 1542 150 1470
F 2444 96 2537
F 96 2538 2537
F 2538 96 2445
F 131 1692 1769
F 1768 131 1845
F 131 1768 1692
F 1845 131 1846
F 1846 131 1769
F 982 981 918
F 174 982 918
F 982 174 983
F 1440 145 1369
F 145 1440 1439
F 145 1368 1369
F 1368 145 1439
F 3166 3165 3059
F 76 3166 3059
F 3167 3166 3060
F 3166 76 3060
F 1426 152 1497
F 1355 1426 1354
F 1426 1355 152
F 1272 1273 154
F 1343 1272 154
F 1147 169 1082
F 169 1081 1082
F 101 2380 2381
F 101 2471 2380
F 101 2472 2471
F 2472 101 2381
F 1260 1196 158
F 3668 3776 25
F 3668 25 3667
F 1685 148 1686
F 1537 148 1536
F 1536 148 1609
F 148 1685 1609
F 1469 1397 150
F 1469 1542 1541
F 1542 1469 150
F 2353 96 2444
F 990 175 926
F 175 925 926
F 175 989 925
F 1054 175 990
F 175 1054 1053
F 989 175 1053
F 1153 161 1218
F 1219 161 1153
F 161 1284 1283
F 1218 161 1283
F 1284 161 1285
F 161 1219 1285
F 1154 1219 1153
F 995 994 167
F 931 995 167
F 166 1124 1190
F 1059 1124 1058
F 1124 166 1058
F 1344 1343 154
F 1273 1344 154
F 169 1146 1081
F 1146 169 1147
F 1261 1332 158
F 1196 1261 158
F 1197 1261 1196
F 1610 148 1537
F 148 1610 1686
F 96 2354 2445
F 2353 2354 96
F 1157 1158 162
F 1156 1157 162
F 1496 1426 1497
F 1001 1065 168
F 1065 1064 1000
F 1065 1000 168
F 1133 1134 159
F 1200 1133 159
F 3251 3252 3361
F 146 1164 1165
F 146 1227 1164
F 146 1228 1227
F 1228 146 1165
F 1195 1196 1260
F 1124 1191 1190
F 936 937 168
F 937 938 1001
F 937 1001 168
F 1066 1065 1001
F 940 176 878
F 176 939 877
F 939 176 940
F 815 176 814
F 176 815 878
F 176 877 814
F 215 222 221
F 214 215 221
F 4253 4160 4161
F 4160 4253 4252
F 4518 4517 4507
F 4508 4518 4507
F 4231 4138 4139
F 4138 4231 4230
F 4133 4039 4134
F 4039 4133 4038
F 4314 4227 4228
F 4227 4314 4313
F 3955 3956 4056
F 4056 3956 4057
F 3852 3956 3851
F 3956 3955 3851
F 4154 4247 4246
F 4247 4154 4155
F 4398 4462 4397
F 4462 4398 4463
F 4402 4322 4323
F 4403 4402 4323
F 4321 4402 4401
F 4322 4402 4321
F 4400 4321 4401
F 4400 4320 4321
F 4398 4319 4399
F 4319 4398 4318
F 4400 4319 4320
F 4319 4400 4399
F 2144 2145 2234
F 2233 2144 2234
F 4094 4187 4186
F 4187 4094 4095
F 4352 4272 4353
F 4272 4352 4271
F 3478 3587 3586
F 3587 3478 3479
F 520 566 565
F 519 520 565
F 3221 3114 3115
F 3114 3221 3220
F 3969 3868 3869
F 3868 3969 3968
F 3869 3868 3764
F 3868 3763 3764
F 3641 3533 3642
F 3642 3533 3534
F 4314 4393 4313
F 4393 4314 4394
F 4128 4219 4127
F 4219 4128 4220
F 222 232 221
F 232 231 221
F 420 452 451
F 452 420 421
F 557 510 511
F 557 556 510
F 3963 3860 3964
F 3860 3963 3859
F 4160 4064 4161
F 4064 4160 4063
F 4064 3963 3964
F 3963 4064 4063
F 4336 4417 4416
F 4417 4336 4337
F 4519 4518 4508
F 4509 4519 4508
F 4339 4420 4419
F 4420 4339 4340
F 4512 4484 4485
F 4484 4512 4511
F 4420 4484 4419
F 4484 4420 4485
F 4251 4160 4252
F 4160 4251 4159
F 4336 4251 4337
F 4251 4336 4250
F 4317 4398 4397
F 4398 4317 4318
F 4229 4314 4228
F 4314 4229 4315
F 4226 4133 4134
F 4133 4226 4225
F 3955 3850 3851
F 3850 3955 3954
F 4240 4148 4149
F 4241 4240 4149
F 2879 2777 2778
F 2879 2778 2880
F 3957 3956 3852
F 3853 3957 3852
F 4251 4158 4159
F 4158 4251 4250
F 3641 3748 3640
F 3748 3641 3749
F 4415 4335 4416
F 4335 4336 4416
F 4414 4335 4415
F 4335 4414 4334
F 4480 4414 4415
F 4414 4480 4479
F 4480 4506 4479
F 4506 4480 4507
F 4462 4461 4397
F 4461 4396 4397
F 4395 4459 4394
F 4459 4395 4460
F 4395 4314 4315
F 4314 4395 4394
F 4461 4395 4396
F 4395 4461 4460
F 4324 4403 4323
F 4324 4404 4403
F 4468 4402 4403
F 4402 4468 4467
F 4467 4468 4494
F 4468 4495 4494
F 4398 4464 4463
F 4464 4398 4399
F 4402 4466 4401
F 4466 4402 4467
F 4410 4475 4409
F 4475 4474 4409
F 4474 4408 4409
F 4473 4408 4474
F 4330 4245 4331
F 4245 4330 4244
F 4330 4331 4411
F 4410 4330 4411
F 4053 4150 4149
F 4150 4053 4054
F 391 390 373
F 390 372 373
F 2953 2952 2849
F 2953 2849 2850
F 3154 3262 3261
F 3262 3154 3155
F 3372 3262 3263
F 3262 3372 3371
F 3370 3480 3479
F 3480 3370 3371
F 2952 2848 2849
F 2848 2952 2951
F 2745 2845 2844
F 2744 2745 2844
F 4188 4097 4189
F 4097 4188 4096
F 4188 4187 4095
F 4096 4188 4095
F 3999 3898 3899
F 3898 3999 3998
F 4426 4351 4352
F 4351 4426 4425
F 4426 4352 4353
F 4427 4426 4353
F 4428 4427 4353
F 4354 4428 4353
F 4188 4273 4187
F 4273 4188 4274
F 4187 4273 4186
F 4273 4272 4186
F 4272 4273 4353
F 4273 4354 4353
F 4004 3904 4005
F 3904 4004 3903
F 231 220 221
F 230 220 231
F 219 220 229
F 220 230 229
F 249 240 250
F 240 241 250
F 240 230 231
F 240 231 241
F 230 240 229
F 229 240 239
F 305 291 292
F 291 305 304
F 305 317 304
F 317 305 318
F 303 317 316
F 317 303 304
F 317 329 316
F 329 317 330
F 248 240 249
F 240 248 239
F 308 322 321
F 322 308 309
F 294 308 307
F 308 294 295
F 308 296 309
F 296 308 295
F 272 283 271
F 271 283 282
F 283 296 295
F 296 283 284
F 294 283 295
F 283 294 282
F 331 317 318
F 317 331 330
F 330 331 342
F 331 343 342
F 2147 2064 2148
F 2148 2064 2065
F 1593 1518 1519
F 1518 1593 1592
F 1246 1315 1245
F 1315 1246 1316
F 1454 1383 1455
F 1383 1454 1382
F 1454 1526 1525
F 1453 1454 1525
F 1181 1246 1245
F 1180 1181 1245
F 1310 1383 1382
F 1383 1310 1311
F 1454 1381 1382
F 1381 1454 1453
F 1381 1310 1382
F 1310 1381 1309
F 2243 2153 2244
F 2153 2154 2244
F 1986 1901 1902
F 1901 1986 1985
F 1986 1903 1987
F 1903 1986 1902
F 518 476 519
F 519 476 477
F 724 665 666
F 665 724 723
F 722 665 723
F 665 722 664
F 1956 1955 1875
F 1875 1955 1874
F 1954 1873 1874
F 1955 1954 1874
F 431 403 404
F 403 431 430
F 842 780 781
F 780 842 841
F 661 720 719
F 720 661 662
F 780 720 781
F 720 780 719
F 2909 3010 2908
F 3010 2909 3011
F 3008 2905 2906
F 2905 3008 3007
F 3007 3008 3115
F 3008 3116 3115
F 3222 3221 3115
F 3116 3222 3115
F 3542 3433 3434
F 3433 3542 3541
F 3657 3763 3656
F 3763 3657 3764
F 3868 3762 3763
F 3762 3868 3867
F 3866 3762 3867
F 3762 3866 3761
F 3432 3539 3431
F 3539 3432 3540
F 3863 3966 3862
F 3966 3863 3967
F 3643 3751 3642
F 3751 3750 3642
F 3857 3748 3749
F 3748 3857 3856
F 2051 1966 1967
F 1966 2051 2050
F 4458 4393 4394
F 4459 4458 4394
F 3501 3500 3393
F 3500 3392 3393
F 4035 4129 4034
F 4129 4035 4130
F 3837 3836 3729
F 3837 3729 3730
F 4040 3939 4041
F 3939 4040 3938
F 4390 4454 4389
F 4454 4390 4455
F 4133 4037 4038
F 4037 4133 4132
F 4305 4384 4304
F 4384 4305 4385
F 3932 3933 4034
F 3933 4035 4034
F 4032 4126 4031
F 4126 4032 4127
F 418 394 395
F 394 418 417
F 418 396 419
F 418 395 396
F 223 232 222
F 232 223 233
F 215 223 222
F 216 223 215
F 236 245 244
F 236 244 235
F 353 368 367
F 368 353 354
F 368 380 367
F 380 368 381
F 397 398 421
F 420 397 421
F 396 397 419
F 397 420 419
F 377 397 396
F 397 377 378
F 458 497 496
F 497 458 459
F 3966 3861 3862
F 3861 3966 3965
F 3860 3861 3964
F 3964 3861 3965
F 4421 4420 4340
F 4341 4421 4340
F 4421 4341 4342
F 4422 4421 4342
F 4481 4415 4416
F 4481 4480 4415
F 4481 4508 4507
F 4480 4481 4507
F 4482 4509 4508
F 4481 4482 4508
F 4417 4482 4416
F 4482 4481 4416
F 4251 4338 4337
F 4338 4251 4252
F 4338 4417 4337
F 4417 4338 4418
F 4338 4339 4419
F 4338 4419 4418
F 4253 4338 4252
F 4339 4338 4253
F 4395 4316 4396
F 4316 4395 4315
F 4229 4316 4315
F 4316 4229 4230
F 4316 4317 4397
F 4396 4316 4397
F 4231 4316 4230
F 4317 4316 4231
F 4137 4229 4228
F 4137 4228 4136
F 4137 4138 4230
F 4229 4137 4230
F 4140 4044 4045
F 4044 4140 4139
F 4138 4044 4139
F 4043 4044 4138
F 4144 4047 4048
F 4047 4144 4143
F 4135 4226 4134
F 4226 4135 4227
F 4227 4135 4228
F 4228 4135 4136
F 4039 4135 4134
F 4040 4135 4039
F 4135 4040 4041
F 4135 4041 4136
F 3850 3742 3851
F 3742 3743 3851
F 3849 3850 3954
F 3953 3849 3954
F 4050 3948 3949
F 3948 4050 4049
F 3948 4048 3947
F 4048 3948 4049
F 3948 3845 3949
F 3845 3948 3844
F 3845 3844 3737
F 3738 3845 3737
F 3630 3629 3520
F 3521 3630 3520
F 3738 3630 3739
F 3630 3631 3739
F 2979 2878 2879
F 2878 2979 2978
F 2979 2879 2880
F 2980 2979 2880
F 3085 2979 3086
F 2979 2980 3086
F 3193 3085 3086
F 3193 3192 3085
F 2980 3087 3086
F 3087 2980 2981
F 3413 3521 3520
F 3412 3413 3520
F 3740 3741 3847
F 3847 3741 3848
F 3632 3741 3740
F 3741 3632 3633
F 3631 3632 3739
F 3632 3740 3739
F 4245 4332 4331
F 4332 4245 4246
F 3956 4058 4057
F 3957 4058 3956
F 4325 4324 4238
F 4325 4238 4239
F 4404 4325 4405
F 4324 4325 4404
F 4400 4465 4399
F 4465 4464 4399
F 4465 4400 4401
F 4466 4465 4401
F 4475 4502 4474
F 4474 4502 4501
F 4476 4475 4410
F 4476 4410 4411
F 4472 4499 4471
F 4499 4498 4471
F 4153 4056 4057
F 4153 4152 4056
F 4058 4153 4057
F 4153 4058 4154
F 4153 4245 4244
F 4152 4153 4244
F 4153 4154 4246
F 4245 4153 4246
F 4408 4329 4409
F 4329 4408 4328
F 4330 4329 4244
F 4329 4243 4244
F 4329 4410 4409
F 4329 4330 4410
F 4151 4152 4244
F 4243 4151 4244
F 4329 4242 4243
F 4242 4329 4328
F 4327 4242 4328
F 4242 4327 4241
F 4242 4151 4243
F 4151 4242 4150
F 4242 4241 4149
F 4150 4242 4149
F 2416 2508 2415
F 2508 2416 2509
F 2232 2324 2231
F 2324 2323 2231
F 2324 2233 2325
F 2324 2232 2233
F 2324 2416 2415
F 2416 2324 2325
F 2414 2324 2415
F 2324 2414 2323
F 2506 2414 2507
F 2414 2506 2413
F 2322 2414 2413
F 2414 2322 2323
F 4080 4079 3985
F 3985 4079 3984
F 3570 3462 3463
F 3462 3570 3569
F 2952 3056 2951
F 3056 3055 2951
F 3372 3481 3371
F 3481 3480 3371
F 2943 3048 3047
F 3048 2943 2944
F 3154 3048 3155
F 3048 3154 3047
F 3262 3156 3263
F 3156 3262 3155
F 3150 3258 3257
F 3258 3150 3151
F 3258 3366 3257
F 3367 3366 3258
F 3260 3154 3261
F 3154 3260 3153
F 3054 3160 3053
F 3160 3054 3161
F 3266 3160 3267
F 3160 3266 3159
F 3266 3376 3375
F 3376 3266 3267
F 3374 3266 3375
F 3266 3374 3265
F 3268 3160 3161
F 3160 3268 3267
F 2747 2646 2748
F 2748 2646 2647
F 2943 2842 2944
F 2842 2943 2841
F 2451 2545 2544
F 2450 2451 2544
F 2546 2451 2452
F 2451 2546 2545
F 2639 2543 2640
F 2543 2639 2542
F 2543 2450 2544
F 2543 2449 2450
F 2943 2942 2841
F 2942 2840 2841
F 2830 2934 2933
F 2934 2830 2831
F 2734 2835 2733
F 2835 2834 2733
F 2732 2632 2733
F 2632 2732 2631
F 4431 4432 4488
F 4431 4488 4487
F 4356 4431 4430
F 4431 4356 4357
F 4097 4190 4189
F 4190 4097 4098
F 3803 3802 3696
F 3802 3695 3696
F 4003 3902 3903
F 4004 4003 3903
F 4094 4000 4095
F 3999 4000 4094
F 4097 4002 4098
F 4002 4003 4098
F 3585 3478 3586
F 3478 3585 3477
F 323 334 322
F 334 323 335
F 290 291 304
F 303 290 304
F 341 329 330
F 341 330 342
F 357 344 358
F 344 357 343
F 308 320 307
F 320 308 321
F 270 271 282
F 281 270 282
F 259 248 249
F 248 259 258
F 259 268 258
F 268 259 269
F 294 293 282
F 293 281 282
F 310 322 309
F 310 323 322
F 348 334 335
F 334 348 347
F 323 336 335
F 336 323 324
F 336 348 335
F 348 336 349
F 362 348 349
F 362 349 363
F 497 539 496
F 539 497 540
F 850 913 849
F 913 850 914
F 850 915 914
F 915 850 851
F 1980 1979 1896
F 1896 1979 1895
F 2064 1979 2065
F 1979 1980 2065
F 2063 1979 2064
F 1979 2063 1978
F 2062 2063 2145
F 2145 2063 2146
F 2063 2064 2147
F 2063 2147 2146
F 1743 1742 1666
F 1666 1742 1665
F 1983 2069 2068
F 2069 1983 1984
F 2070 2153 2152
F 2153 2070 2071
F 1986 2070 1985
F 2070 1986 2071
F 2070 2069 1984
F 1985 2070 1984
F 1518 1447 1519
F 1446 1447 1518
F 1520 1593 1519
F 1593 1520 1594
F 1527 1454 1455
F 1454 1527 1526
F 1532 1459 1460
F 1459 1532 1531
F 1459 1388 1460
F 1388 1459 1387
F 1388 1315 1316
F 1315 1388 1387
F 1520 1595 1594
F 1595 1520 1521
F 1526 1599 1525
F 1599 1526 1600
F 1599 1524 1525
F 1524 1599 1598
F 1672 1598 1673
F 1598 1672 1597
F 1672 1673 1750
F 1749 1672 1750
F 1312 1242 1243
F 1313 1312 1243
F 1312 1311 1241
F 1242 1312 1241
F 1384 1312 1385
F 1312 1313 1385
F 975 913 914
F 976 975 914
F 1900 1983 1899
F 1983 1900 1984
F 1900 1985 1984
F 1900 1901 1985
F 1986 2072 2071
F 2072 1986 1987
F 2153 2072 2154
F 2072 2153 2071
F 1904 1824 1905
F 1824 1904 1823
F 667 724 666
F 724 667 725
F 665 614 666
F 614 665 613
F 566 614 565
F 565 614 613
F 614 667 666
F 667 614 615
F 845 909 908
F 909 845 846
F 1959 1879 1960
F 1879 1959 1878
F 2046 1961 1962
F 1961 2046 2045
F 2197 2286 2196
F 2286 2197 2287
F 2199 2290 2289
F 2290 2199 2200
F 2114 2199 2113
F 2199 2114 2200
F 1952 1953 2036
F 1953 2037 2036
F 2037 1953 2038
F 1953 1954 2038
F 2039 1954 1955
F 1954 2039 2038
F 2677 2676 2580
F 2580 2676 2579
F 2304 2215 2305
F 2215 2304 2214
F 2304 2213 2214
F 2213 2304 2303
F 2484 2580 2579
F 2484 2485 2580
F 407 435 434
F 435 407 408
F 436 435 408
F 409 436 408
F 512 469 470
F 469 512 511
F 436 469 435
F 469 436 470
F 513 512 470
F 471 513 470
F 513 471 472
F 514 513 472
F 560 513 514
F 513 560 559
F 782 842 781
F 782 843 842
F 2909 2804 2910
F 2910 2804 2805
F 2804 2704 2805
F 2804 2703 2704
F 2905 2801 2906
F 2801 2905 2800
F 2906 2801 2907
F 2801 2802 2907
F 2601 2702 2701
F 2702 2601 2602
F 2603 2702 2602
F 2603 2703 2702
F 2703 2603 2704
F 2603 2604 2704
F 3005 3112 3004
F 3112 3005 3113
F 3005 3004 2902
F 2903 3005 2902
F 2904 2903 2798
F 2799 2904 2798
F 2905 2904 2800
F 2904 2799 2800
F 3010 3009 2908
F 2908 3009 2907
F 3008 3009 3116
F 3116 3009 3117
F 3009 3008 2906
F 3009 2906 2907
F 3223 3222 3116
F 3223 3116 3117
F 3223 3332 3331
F 3222 3223 3331
F 3433 3324 3434
F 3324 3325 3434
F 3112 3111 3004
F 3111 3003 3004
F 3655 3548 3549
F 3655 3549 3656
F 3655 3762 3761
F 3655 3761 3654
F 3763 3655 3656
F 3762 3655 3763
F 3535 3643 3642
F 3535 3642 3534
F 3861 3754 3862
F 3754 3861 3753
F 3752 3861 3860
F 3861 3752 3753
F 3752 3860 3859
F 3751 3752 3859
F 3744 3852 3851
F 3743 3744 3851
F 3744 3853 3852
F 3744 3745 3853
F 2049 1965 2050
F 1965 1966 2050
F 1965 1885 1966
F 1885 1965 1884
F 2395 2306 2396
F 2306 2395 2305
F 2397 2306 2307
F 2306 2397 2396
F 1813 1892 1812
F 1892 1813 1893
F 1811 1892 1891
F 1892 1811 1812
F 1892 1972 1891
F 1972 1892 1973
F 1813 1894 1893
F 1894 1813 1814
F 1654 1727 1653
F 1727 1654 1728
F 1965 1883 1884
F 1883 1965 1964
F 1963 1883 1964
F 1883 1963 1882
F 1963 1881 1882
F 1881 1963 1962
F 1881 1802 1803
F 1882 1881 1803
F 1578 1654 1653
F 1654 1578 1579
F 1724 1649 1650
F 1649 1724 1723
F 3392 3285 3393
F 3285 3392 3284
F 3610 3500 3501
F 3500 3610 3609
F 3828 3722 3829
F 3722 3828 3721
F 3722 3721 3613
F 3614 3722 3613
F 4308 4221 4222
F 4221 4308 4307
F 4221 4129 4130
F 4222 4221 4130
F 4128 4221 4220
F 4129 4221 4128
F 4044 3943 4045
F 3943 4044 3942
F 2977 2878 2978
F 2878 2977 2877
F 2877 2977 2876
F 2977 2976 2876
F 3082 2977 3083
F 2977 3082 2976
F 3941 4044 4043
F 4044 3941 3942
F 3835 3939 3938
F 3834 3835 3938
F 3727 3835 3834
F 3835 3727 3728
F 3836 3835 3729
F 3835 3728 3729
F 4307 4388 4387
F 4308 4388 4307
F 4312 4227 4313
F 4312 4226 4227
F 4133 4224 4132
F 4224 4133 4225
F 3933 4036 4035
F 4036 3933 3934
F 4035 4036 4130
F 4036 4131 4130
F 4036 4037 4132
F 4131 4036 4132
F 4218 4303 4217
F 4303 4218 4304
F 4218 4305 4304
F 4305 4218 4219
F 4219 4218 4127
F 4218 4126 4127
F 2551 2648 2647
F 2550 2551 2647
F 2551 2456 2457
F 2456 2551 2550
F 2458 2551 2457
F 2551 2458 2552
F 2650 2649 2553
F 2649 2552 2553
F 1704 1779 1778
F 1704 1778 1703
F 2024 2105 2023
F 2105 2024 2106
F 2024 1941 2025
F 1941 2024 1940
F 1937 2022 2021
F 1938 2022 1937
F 1779 1857 1778
F 1857 1856 1778
F 1858 1857 1780
F 1857 1779 1780
F 1857 1938 1937
F 1856 1857 1937
F 529 487 530
F 487 529 486
F 376 394 393
F 375 376 393
F 529 485 486
F 485 529 528
F 418 448 417
F 448 418 449
F 448 487 486
F 487 448 449
F 485 448 486
F 448 485 447
F 416 394 417
F 394 416 393
F 448 416 417
F 416 448 447
F 224 223 216
F 224 216 217
F 223 224 233
F 224 234 233
F 629 580 581
F 580 629 628
F 425 456 424
F 456 455 424
F 349 364 363
F 364 349 350
F 299 287 288
F 300 299 288
F 397 379 398
F 379 397 378
F 380 379 367
F 379 366 367
F 1796 1875 1874
F 1875 1796 1797
F 1951 1952 2036
F 2035 1951 2036
F 2762 2661 2662
F 2661 2762 2761
F 2563 2661 2660
F 2661 2563 2564
F 2760 2661 2761
F 2661 2760 2660
F 579 580 628
F 579 628 627
F 1179 1115 1180
F 1115 1179 1114
F 1115 1181 1180
F 1181 1115 1116
F 4065 4064 3964
F 4065 3964 3965
F 4064 4065 4161
F 4065 4162 4161
F 4339 4254 4340
F 4254 4339 4253
F 4254 4253 4161
F 4162 4254 4161
F 4420 4486 4485
F 4421 4486 4420
F 4484 4483 4419
F 4419 4483 4418
F 4483 4484 4511
F 4510 4483 4511
F 4483 4417 4418
F 4483 4482 4417
F 4482 4483 4509
F 4509 4483 4510
F 4042 4137 4136
F 4041 4042 4136
F 4137 4042 4138
F 4042 4043 4138
F 4232 4317 4231
F 4317 4232 4318
F 4232 4231 4139
F 4140 4232 4139
F 4237 4324 4323
F 4324 4237 4238
F 4051 4050 3949
F 4051 3949 3950
F 3740 3846 3739
F 3846 3740 3847
F 3846 3951 3950
F 3951 3846 3847
F 3846 3845 3738
F 3846 3738 3739
F 3845 3846 3949
F 3949 3846 3950
F 4407 4408 4473
F 4472 4407 4473
F 4407 4327 4328
F 4408 4407 4328
F 4407 4472 4471
F 4406 4407 4471
F 3302 3411 3410
F 3411 3302 3303
F 2882 2883 2983
F 2982 2882 2983
F 3088 3087 2981
F 2982 3088 2981
F 3304 3411 3303
F 3411 3304 3412
F 3632 3523 3633
F 3523 3524 3633
F 4052 4051 3950
F 3951 4052 3950
F 4053 3952 4054
F 3952 3953 4054
F 3952 3849 3953
F 3849 3952 3848
F 3952 4052 3951
F 4052 3952 4053
F 3952 3847 3848
F 3952 3951 3847
F 3745 3854 3853
F 3854 3745 3746
F 3857 3961 3856
F 3856 3961 3960
F 3858 3961 3857
F 3961 3858 3962
F 3751 3858 3750
F 3858 3751 3859
F 3963 3858 3859
F 3962 3858 3963
F 4336 4249 4250
F 4335 4249 4336
F 4249 4335 4334
F 4249 4334 4248
F 4249 4158 4250
F 4249 4157 4158
F 4413 4414 4479
F 4413 4479 4478
F 4517 4516 4507
F 4516 4506 4507
F 4506 4505 4479
F 4479 4505 4478
F 4505 4477 4478
F 4477 4505 4504
F 4516 4505 4506
F 4505 4516 4515
F 4505 4514 4504
F 4505 4515 4514
F 4326 4407 4406
F 4407 4326 4327
F 4326 4240 4241
F 4327 4326 4241
F 4325 4326 4405
F 4326 4406 4405
F 4326 4325 4239
F 4240 4326 4239
F 4470 4406 4471
F 4406 4470 4405
F 4503 4477 4504
F 4503 4476 4477
F 4503 4502 4475
F 4476 4503 4475
F 4500 4473 4474
F 4500 4474 4501
F 4500 4499 4472
F 4500 4472 4473
F 4055 3955 4056
F 3955 4055 3954
F 4055 3953 3954
F 3953 4055 4054
F 4152 4055 4056
F 4151 4055 4152
F 4055 4150 4054
F 4055 4151 4150
F 388 371 389
F 371 388 370
F 371 357 358
F 371 358 372
F 390 371 372
F 389 371 390
F 479 521 478
F 521 479 522
F 440 479 478
F 479 440 441
F 3009 3118 3117
F 3118 3009 3010
F 3118 3223 3117
F 3223 3118 3224
F 3118 3010 3011
F 3119 3118 3011
F 2806 2910 2805
F 2806 2911 2910
F 2605 2506 2507
F 2605 2604 2506
F 3894 3789 3895
F 3789 3894 3788
F 3994 3894 3995
F 3894 3895 3995
F 3870 3971 3970
F 3971 3870 3871
F 3870 3969 3869
F 3870 3970 3969
F 3870 3869 3764
F 3765 3870 3764
F 4168 4167 4076
F 4167 4075 4076
F 3769 3874 3768
F 3768 3874 3873
F 2067 2149 2066
F 2149 2067 2150
F 2149 2148 2065
F 2066 2149 2065
F 2149 2237 2148
F 2237 2149 2238
F 2237 2147 2148
F 2237 2236 2147
F 2812 2712 2813
F 2712 2812 2711
F 2151 2070 2152
F 2070 2151 2069
F 2330 2237 2238
F 2237 2330 2329
F 4352 4270 4271
F 4351 4270 4352
F 4268 4350 4349
F 4350 4268 4269
F 4350 4270 4351
F 4270 4350 4269
F 3993 3894 3994
F 3894 3993 3893
F 4180 4267 4266
F 4267 4180 4181
F 4347 4267 4348
F 4267 4347 4266
F 4267 4268 4349
F 4267 4349 4348
F 4183 4270 4269
F 4270 4183 4184
F 4180 4089 4181
F 4089 4180 4088
F 4089 3993 3994
F 3993 4089 4088
F 4089 3994 3995
F 4090 4089 3995
F 3782 3888 3887
F 3888 3782 3783
F 3885 3985 3984
F 3884 3885 3984
F 3885 3779 3780
F 3779 3885 3884
F 2341 2250 2342
F 2250 2341 2249
F 2433 2341 2342
F 2341 2433 2432
F 2347 2438 2437
F 2346 2347 2437
F 3672 3566 3673
F 3566 3672 3565
F 3351 3242 3352
F 3242 3351 3241
F 3456 3562 3455
F 3562 3456 3563
F 3461 3351 3352
F 3351 3461 3460
F 3677 3784 3676
F 3784 3677 3785
F 3677 3676 3569
F 3570 3677 3569
F 4442 4369 4443
F 4369 4442 4368
F 2953 3057 2952
F 3057 3056 2952
F 3374 3482 3373
F 3482 3374 3483
F 3482 3481 3372
F 3482 3372 3373
F 3048 3049 3155
F 3049 3156 3155
F 3149 3044 3150
F 3044 3149 3043
F 3475 3365 3476
F 3365 3366 3476
F 3478 3369 3479
F 3369 3370 3479
F 3369 3478 3477
F 3368 3369 3477
F 3369 3260 3261
F 3370 3369 3261
F 3369 3259 3260
F 3259 3369 3368
F 3259 3367 3258
F 3367 3259 3368
F 3259 3258 3151
F 3152 3259 3151
F 3260 3259 3153
F 3259 3152 3153
F 3484 3374 3375
F 3374 3484 3483
F 2175 2176 2266
F 2265 2175 2266
F 2009 2092 2008
F 2008 2092 2091
F 2010 2092 2009
F 2092 2010 2093
F 2175 2092 2176
F 2092 2175 2091
F 1929 1847 1848
F 1847 1929 1928
F 2547 2453 2548
F 2548 2453 2454
F 2644 2745 2744
F 2644 2744 2643
F 2546 2644 2643
F 2547 2644 2546
F 2549 2454 2455
F 2549 2548 2454
F 2549 2456 2550
F 2456 2549 2455
F 2646 2549 2647
F 2549 2550 2647
F 2741 2639 2640
F 2639 2741 2740
F 2741 2842 2841
F 2741 2841 2740
F 1696 1620 1697
F 1697 1620 1621
F 1624 1551 1625
F 1551 1624 1550
F 1699 1624 1700
F 1624 1699 1623
F 2449 2360 2450
F 2360 2449 2359
F 2360 2451 2450
F 2451 2360 2361
F 2451 2362 2452
F 2362 2451 2361
F 2362 2453 2452
F 2453 2362 2363
F 2534 2630 2533
F 2630 2534 2631
F 2834 2833 2733
F 2833 2732 2733
F 2936 2833 2834
F 2833 2936 2935
F 1924 2009 2008
F 1924 1925 2009
F 2728 2829 2828
F 2727 2728 2828
F 4433 4489 4432
F 4432 4489 4488
F 4275 4188 4189
F 4188 4275 4274
F 4355 4428 4354
F 4428 4355 4429
F 4355 4273 4274
F 4273 4355 4354
F 4355 4356 4430
F 4355 4430 4429
F 4275 4355 4274
F 4355 4275 4356
F 4003 4099 4098
F 4099 4003 4004
F 4099 4190 4098
F 4190 4099 4191
F 4099 4004 4005
F 4100 4099 4005
F 4099 4192 4191
F 4192 4099 4100
F 3895 3896 3995
F 3896 3996 3995
F 3681 3789 3788
F 3789 3681 3682
F 3681 3573 3574
F 3573 3681 3680
F 3679 3573 3680
F 3572 3573 3679
F 3466 3573 3465
F 3573 3572 3465
F 3573 3466 3467
F 3574 3573 3467
F 4003 3901 3902
F 4002 3901 4003
F 3901 3797 3902
F 3797 3901 3796
F 4001 4096 4095
F 4000 4001 4095
F 4001 4097 4096
F 4001 4002 4097
F 333 320 321
F 320 333 332
F 322 333 321
F 334 333 322
F 270 260 271
F 271 260 261
F 251 260 250
F 260 251 261
F 259 260 269
F 260 270 269
F 260 249 250
F 260 259 249
F 244 243 235
F 243 234 235
F 273 262 263
F 262 273 272
F 262 272 271
F 262 271 261
F 251 262 261
F 252 262 251
F 305 306 318
F 306 319 318
F 320 306 307
F 306 320 319
F 306 305 292
F 293 306 292
F 306 294 307
F 306 293 294
F 297 296 284
F 285 297 284
F 296 297 309
F 297 310 309
F 311 299 312
F 299 311 298
F 297 311 310
F 311 297 298
F 311 312 325
F 324 311 325
F 310 311 323
F 323 311 324
F 351 337 338
F 337 351 350
F 349 337 350
F 336 337 349
F 337 324 325
F 337 336 324
F 374 375 393
F 392 374 393
F 374 391 373
F 374 392 391
F 374 361 375
F 361 374 360
F 361 376 375
F 376 361 362
F 348 361 347
F 362 361 348
F 568 616 567
F 616 568 617
F 568 521 522
F 521 568 567
F 568 618 617
F 618 568 569
F 618 569 570
F 619 618 570
F 1818 1900 1899
F 1900 1818 1819
F 1818 1743 1819
F 1818 1742 1743
F 1818 1741 1742
F 1741 1818 1817
F 1742 1741 1665
F 1741 1664 1665
F 1816 1741 1817
F 1740 1741 1816
F 1517 1518 1592
F 1591 1517 1592
F 1517 1446 1518
F 1446 1517 1445
F 1590 1517 1591
F 1517 1590 1516
F 1664 1590 1665
F 1590 1664 1589
F 1590 1666 1665
F 1590 1591 1666
F 1904 1822 1823
F 1822 1904 1903
F 1383 1456 1455
F 1456 1383 1384
F 1608 1682 1607
F 1682 1608 1683
F 1118 1183 1117
F 1183 1118 1184
F 1317 1388 1316
F 1388 1317 1389
F 1606 1605 1531
F 1532 1606 1531
F 1533 1606 1532
F 1606 1533 1607
F 1452 1453 1525
F 1524 1452 1525
F 1523 1452 1524
F 1452 1523 1451
F 1523 1598 1597
F 1523 1524 1598
F 1523 1450 1451
F 1450 1523 1522
F 1672 1596 1597
F 1596 1672 1671
F 1523 1596 1522
F 1596 1523 1597
F 1596 1595 1521
F 1522 1596 1521
F 1459 1386 1387
F 1386 1459 1458
F 1386 1315 1387
F 1386 1314 1315
F 1313 1386 1385
F 1314 1386 1313
F 1244 1180 1245
F 1244 1179 1180
F 1244 1313 1243
F 1244 1314 1313
F 1315 1244 1245
F 1314 1244 1315
F 1310 1240 1311
F 1311 1240 1241
F 1240 1310 1309
F 1239 1240 1309
F 1308 1239 1309
F 1239 1308 1238
F 915 977 914
F 977 976 914
F 1244 1178 1179
F 1178 1244 1243
F 1178 1113 1114
F 1179 1178 1114
F 1112 1044 1045
F 1044 1112 1111
F 1046 1112 1045
F 1112 1046 1113
F 1906 1990 1989
F 1905 1906 1989
F 1824 1906 1905
F 1825 1906 1824
F 2072 2155 2154
F 2155 2072 2073
F 2074 2155 2073
F 2155 2074 2156
F 1988 2072 1987
F 2072 1988 2073
F 1988 2074 2073
F 2074 1988 1989
F 1903 1988 1987
F 1904 1988 1903
F 1988 1904 1905
F 1988 1905 1989
F 786 724 725
F 786 785 724
F 1578 1507 1579
F 1507 1578 1506
F 784 722 723
F 722 784 783
F 724 784 723
F 785 784 724
F 845 784 846
F 784 785 846
F 2213 2126 2127
F 2126 2213 2212
F 2046 2126 2045
F 2126 2046 2127
F 2211 2126 2212
F 2126 2211 2125
F 2044 2126 2125
F 2126 2044 2045
F 2044 1961 2045
F 1961 2044 1960
F 2044 1959 1960
F 1959 2044 2043
F 2041 1958 2042
F 1958 2041 1957
F 1958 1959 2043
F 1958 2043 2042
F 2037 2118 2036
F 2036 2118 2117
F 2118 2203 2117
F 2203 2118 2204
F 2288 2199 2289
F 2199 2288 2198
F 2197 2288 2287
F 2288 2197 2198
F 2288 2378 2287
F 2288 2379 2378
F 2199 2112 2113
F 2112 2199 2198
F 1864 1944 1863
F 1944 1864 1945
F 2377 2286 2287
F 2378 2377 2287
F 2197 2111 2198
F 2111 2112 2198
F 2112 2111 2031
F 2111 2030 2031
F 1954 1872 1873
F 1953 1872 1954
F 1872 1953 1952
F 1872 1952 1871
F 2041 2040 1957
F 1957 2040 1956
F 2040 1955 1956
F 2040 2039 1955
F 2775 2776 2876
F 2776 2877 2876
F 2302 2213 2303
F 2213 2302 2212
F 2299 2391 2390
F 2391 2299 2300
F 507 464 465
F 464 507 506
F 431 464 430
F 465 464 431
F 382 383 402
F 383 403 402
F 403 383 404
F 383 384 404
F 471 437 472
F 437 438 472
F 436 437 470
F 437 471 470
F 468 433 434
F 433 468 467
F 509 468 510
F 468 509 467
F 435 468 434
F 469 468 435
F 510 468 511
F 468 469 511
F 665 612 613
F 612 665 664
F 663 612 664
F 611 612 663
F 661 610 662
F 609 610 661
F 610 611 663
F 610 663 662
F 608 609 661
F 608 661 660
F 844 784 845
F 784 844 783
F 844 845 908
F 907 844 908
F 782 844 843
F 844 782 783
F 721 720 662
F 663 721 662
F 722 721 664
F 721 663 664
F 720 721 781
F 721 782 781
F 782 721 783
F 721 722 783
F 2803 2909 2908
F 2803 2804 2909
F 2802 2803 2907
F 2803 2908 2907
F 2702 2803 2701
F 2803 2802 2701
F 2801 2700 2802
F 2802 2700 2701
F 2700 2601 2701
F 2601 2700 2600
F 2700 2801 2800
F 2699 2700 2800
F 2506 2505 2413
F 2505 2412 2413
F 2505 2603 2602
F 2504 2505 2602
F 2603 2505 2604
F 2604 2505 2506
F 3005 3006 3113
F 3006 3114 3113
F 3114 3006 3115
F 3006 3007 3115
F 3006 3005 2903
F 2904 3006 2903
F 3006 2905 3007
F 3006 2904 2905
F 3651 3759 3758
F 3759 3651 3652
F 3545 3438 3546
F 3438 3545 3437
F 3545 3653 3652
F 3653 3545 3546
F 3436 3545 3544
F 3545 3436 3437
F 3545 3651 3544
F 3651 3545 3652
F 3866 3760 3761
F 3760 3866 3865
F 3653 3760 3652
F 3760 3759 3652
F 3761 3760 3654
F 3760 3653 3654
F 3330 3222 3331
F 3222 3330 3221
F 3547 3653 3546
F 3653 3547 3654
F 3655 3547 3548
F 3547 3655 3654
F 3111 3218 3110
F 3218 3217 3110
F 3325 3218 3326
F 3218 3325 3217
F 3218 3111 3112
F 3219 3218 3112
F 3550 3657 3656
F 3549 3550 3656
F 3430 3537 3429
F 3537 3430 3538
F 3537 3536 3429
F 3536 3428 3429
F 3647 3539 3540
F 3648 3647 3540
F 3313 3205 3206
F 3205 3313 3312
F 3421 3313 3422
F 3313 3421 3312
F 3536 3427 3428
F 3427 3536 3535
F 3745 3638 3746
F 3637 3638 3745
F 3532 3533 3641
F 3532 3641 3640
F 3313 3423 3422
F 3423 3313 3314
F 1888 1809 1889
F 1809 1888 1808
F 1888 1968 1887
F 1968 1888 1969
F 1968 2051 1967
F 2051 1968 2052
F 1968 1969 2053
F 2052 1968 2053
F 1886 1968 1967
F 1968 1886 1887
F 1805 1886 1885
F 1886 1805 1806
F 1966 1886 1967
F 1885 1886 1966
F 2397 2487 2396
F 2487 2397 2488
F 2487 2395 2396
F 2395 2487 2486
F 2583 2487 2488
F 2582 2487 2583
F 2304 2394 2303
F 2303 2394 2393
F 2484 2394 2485
F 2394 2484 2393
F 2394 2304 2305
F 2395 2394 2305
F 2394 2395 2486
F 2485 2394 2486
F 2592 2591 2498
F 2498 2591 2497
F 2988 2889 2989
F 2889 2988 2888
F 3306 3305 3198
F 3305 3197 3198
F 3305 3413 3412
F 3304 3305 3412
F 2056 1972 1973
F 1972 2056 2055
F 2048 1965 2049
F 1965 2048 1964
F 1804 1883 1882
F 1804 1882 1803
F 1804 1727 1728
F 1727 1804 1803
F 1961 1880 1962
F 1880 1881 1962
F 1879 1880 1960
F 1880 1961 1960
F 1649 1575 1650
F 1575 1649 1574
F 1649 1648 1574
F 1648 1573 1574
F 1648 1649 1723
F 1722 1648 1723
F 1800 1801 1878
F 1801 1879 1878
F 1724 1801 1723
F 1801 1800 1723
F 1726 1727 1803
F 1802 1726 1803
F 3937 4040 4039
F 4040 3937 3938
F 3937 4039 4038
F 3936 3937 4038
F 3175 3068 3176
F 3176 3068 3069
F 3068 2963 2964
F 2963 3068 3067
F 2762 2862 2761
F 2862 2762 2863
F 2862 2760 2761
F 2760 2862 2861
F 2963 2862 2964
F 2862 2963 2861
F 3716 3608 3717
F 3717 3608 3609
F 3715 3608 3716
F 3608 3715 3607
F 3715 3714 3607
F 3607 3714 3606
F 3285 3394 3393
F 3394 3285 3286
F 3931 3827 3932
F 3827 3828 3932
F 3610 3718 3609
F 3718 3717 3609
F 3718 3610 3611
F 3719 3718 3611
F 3825 3718 3826
F 3718 3719 3826
F 3405 3514 3513
F 3514 3405 3406
F 2389 2299 2390
F 2299 2389 2298
F 2576 2674 2673
F 2674 2576 2577
F 2482 2391 2392
F 2391 2482 2481
F 2576 2482 2577
F 2482 2576 2481
F 2979 3084 2978
F 3084 2979 3085
F 3084 2977 2978
F 2977 3084 3083
F 3192 3084 3085
F 3191 3084 3192
F 3941 3838 3942
F 3838 3941 3837
F 3838 3943 3942
F 3943 3838 3839
F 3838 3837 3730
F 3731 3838 3730
F 3837 3940 3836
F 3941 3940 3837
F 3835 3940 3939
F 3940 3835 3836
F 3940 3941 4043
F 4042 3940 4043
F 3622 3621 3512
F 3513 3622 3512
F 4306 4219 4220
F 4306 4305 4219
F 4306 4221 4307
F 4221 4306 4220
F 4305 4306 4385
F 4306 4386 4385
F 4306 4307 4387
F 4386 4306 4387
F 4458 4392 4393
F 4392 4458 4457
F 4393 4392 4313
F 4392 4312 4313
F 4226 4311 4225
F 4312 4311 4226
F 4223 4222 4130
F 4131 4223 4130
F 4224 4223 4132
F 4223 4131 4132
F 4384 4383 4304
F 4383 4303 4304
F 3709 3815 3708
F 3815 3709 3816
F 3714 3820 3713
F 3820 3714 3821
F 3820 3819 3712
F 3713 3820 3712
F 3820 3924 3923
F 3819 3820 3923
F 3920 3815 3816
F 3815 3920 3919
F 3820 3925 3924
F 3925 3820 3821
F 4033 4128 4127
F 4032 4033 4127
F 4129 4033 4034
F 4033 4129 4128
F 4033 3932 4034
F 4033 3931 3932
F 3928 3929 4031
F 4030 3928 4031
F 4033 3930 3931
F 3930 4033 4032
F 3930 3827 3931
F 3827 3930 3826
F 3930 4032 4031
F 3929 3930 4031
F 3930 3825 3826
F 3930 3929 3825
F 4125 4218 4217
F 4218 4125 4126
F 4126 4125 4031
F 4125 4030 4031
F 2458 2459 2552
F 2552 2459 2553
F 2851 2751 2852
F 2751 2851 2750
F 2650 2751 2750
F 2651 2751 2650
F 2749 2649 2650
F 2749 2650 2750
F 2851 2749 2750
F 2749 2851 2850
F 3280 3388 3387
F 3280 3387 3279
F 3280 3389 3388
F 3280 3281 3389
F 3174 3068 3175
F 3068 3174 3067
F 2954 2953 2850
F 2851 2954 2850
F 2954 3057 2953
F 3057 2954 3058
F 3603 3494 3495
F 3494 3603 3602
F 2853 2957 2956
F 2957 2853 2854
F 2365 2456 2455
F 2365 2366 2456
F 2370 2279 2280
F 2371 2370 2280
F 2278 2187 2188
F 2187 2278 2277
F 1555 1556 1630
F 1630 1556 1631
F 1556 1484 1485
F 1484 1556 1555
F 1551 1552 1625
F 1552 1626 1625
F 1479 1552 1551
F 1552 1479 1480
F 1478 1479 1550
F 1479 1551 1550
F 1939 2024 2023
F 2024 1939 1940
F 1939 2022 1938
F 2022 1939 2023
F 1707 1630 1631
F 1707 1706 1630
F 2189 2278 2188
F 2278 2189 2279
F 1933 2018 2017
F 2018 1933 1934
F 1933 1851 1852
F 1851 1933 1932
F 1853 1933 1852
F 1933 1853 1934
F 1853 1777 1854
F 1777 1853 1776
F 1701 1624 1625
F 1624 1701 1700
F 1701 1777 1776
F 1700 1701 1776
F 450 420 451
F 420 450 419
F 450 418 419
F 418 450 449
F 575 530 576
F 575 529 530
F 416 415 393
F 415 392 393
F 415 416 447
F 415 447 446
F 392 415 391
F 415 414 391
F 445 415 446
F 414 415 445
F 245 255 244
F 255 254 244
F 226 237 236
F 237 226 227
F 255 256 265
F 256 266 265
F 289 301 300
F 289 300 288
F 277 289 288
F 289 277 278
F 225 224 217
F 218 225 217
F 224 225 234
F 234 225 235
F 225 236 235
F 225 226 236
F 539 538 496
F 496 538 495
F 538 537 494
F 538 494 495
F 582 629 581
F 582 630 629
F 631 582 583
F 630 582 631
F 457 458 496
F 457 496 495
F 457 456 425
F 457 425 426
F 494 457 495
F 456 457 494
F 379 399 398
F 399 379 380
F 399 380 381
F 400 399 381
F 286 299 298
F 299 286 287
F 297 286 298
F 286 297 285
F 274 286 285
F 286 274 275
F 377 365 378
F 364 365 377
F 365 379 378
F 379 365 366
F 365 364 350
F 351 365 350
F 352 365 351
F 365 352 366
F 352 353 367
F 366 352 367
F 352 340 353
F 340 352 339
F 352 351 338
F 339 352 338
F 1793 1872 1871
F 1872 1793 1794
F 1872 1795 1873
F 1795 1872 1794
F 1873 1795 1874
F 1795 1796 1874
F 2112 2032 2113
F 2032 2112 2031
F 1950 2035 2034
F 1950 1951 2035
F 558 557 511
F 512 558 511
F 513 558 512
F 558 513 559
F 558 605 557
F 605 558 606
F 718 661 719
F 661 718 660
F 718 659 660
F 659 718 717
F 556 555 510
F 555 509 510
F 464 429 430
F 429 464 463
F 429 403 430
F 403 429 402
F 462 429 463
F 429 462 428
F 429 401 402
F 429 428 401
F 819 760 820
F 760 819 759
F 945 1008 1007
F 945 1007 944
F 882 945 944
F 945 882 883
F 882 819 820
F 883 882 820
F 884 883 820
F 884 820 821
F 2762 2864 2863
F 2864 2762 2763
F 2767 2666 2667
F 2767 2766 2666
F 2966 2866 2967
F 2866 2966 2865
F 3177 3285 3284
F 3176 3177 3284
F 3285 3177 3286
F 3177 3178 3286
F 3178 3179 3286
F 3286 3179 3287
F 2379 2469 2378
F 2469 2379 2470
F 2563 2469 2564
F 2564 2469 2470
F 867 866 803
F 804 867 803
F 688 747 687
F 747 688 748
F 497 541 540
F 541 497 498
F 1249 1183 1184
F 1183 1249 1248
F 629 681 628
F 681 629 682
F 628 681 627
F 681 680 627
F 680 679 627
F 679 626 627
F 789 731 790
F 731 789 730
F 620 619 570
F 571 620 570
F 671 620 672
F 619 620 671
F 572 620 571
F 620 572 621
F 620 673 672
F 673 620 621
F 4255 4163 4164
F 4256 4255 4164
F 4341 4255 4342
F 4255 4256 4342
F 4255 4254 4162
F 4163 4255 4162
F 4255 4341 4340
F 4254 4255 4340
F 4141 4140 4045
F 4141 4045 4046
F 4047 3946 4048
F 4048 3946 3947
F 4145 4144 4048
F 4145 4048 4049
F 4144 4236 4143
F 4236 4235 4143
F 4236 4322 4321
F 4235 4236 4321
F 4145 4236 4144
F 4236 4145 4237
F 4322 4236 4323
F 4236 4237 4323
F 4240 4147 4148
F 4147 4240 4239
F 4052 4147 4051
F 4147 4052 4148
F 2584 2583 2488
F 2489 2584 2488
F 2585 2584 2490
F 2584 2489 2490
F 2398 2397 2307
F 2308 2398 2307
F 2397 2398 2488
F 2398 2489 2488
F 3629 3519 3520
F 3628 3519 3629
F 3519 3412 3520
F 3519 3411 3412
F 3194 3193 3086
F 3087 3194 3086
F 3088 3194 3087
F 3194 3088 3195
F 3193 3194 3301
F 3194 3302 3301
F 3302 3194 3303
F 3303 3194 3195
F 3089 2982 2983
F 3089 3088 2982
F 3199 3091 3092
F 3091 3199 3198
F 2986 3091 2985
F 3091 2986 3092
F 2884 2782 2885
F 2782 2884 2781
F 2884 2780 2781
F 2884 2883 2780
F 2884 2885 2985
F 2984 2884 2985
F 2883 2884 2983
F 2884 2984 2983
F 3523 3416 3524
F 3416 3523 3415
F 3855 3856 3960
F 3959 3855 3960
F 3855 3748 3856
F 3748 3855 3747
F 3855 3854 3746
F 3747 3855 3746
F 3855 3958 3854
F 3958 3855 3959
F 3958 4058 3957
F 4058 3958 4059
F 3958 4060 4059
F 4060 3958 3959
F 3958 3957 3853
F 3854 3958 3853
F 4249 4156 4157
F 4156 4249 4248
F 4156 4247 4155
F 4247 4156 4248
F 4060 4156 4059
F 4156 4155 4059
F 4061 4156 4060
F 4156 4061 4157
F 3961 4061 3960
F 4061 3961 4062
F 4157 4061 4158
F 4158 4061 4062
F 4061 4060 3959
F 4061 3959 3960
F 4331 4412 4411
F 4332 4412 4331
F 4412 4476 4411
F 4476 4412 4477
F 4412 4413 4478
F 4477 4412 4478
F 4412 4333 4413
F 4333 4412 4332
F 4334 4333 4248
F 4333 4247 4248
F 4247 4333 4246
F 4333 4332 4246
F 4414 4333 4334
F 4413 4333 4414
F 413 414 445
F 444 413 445
F 413 390 391
F 414 413 391
F 3012 2909 2910
F 2909 3012 3011
F 2911 3013 2910
F 3013 3012 2910
F 2704 2705 2805
F 2705 2806 2805
F 2604 2705 2704
F 2605 2705 2604
F 2812 2915 2811
F 2915 2812 2916
F 3787 3894 3893
F 3894 3787 3788
F 3681 3787 3680
F 3787 3681 3788
F 3787 3679 3680
F 3787 3786 3679
F 3337 3227 3228
F 3227 3337 3336
F 4071 4070 3976
F 4070 3975 3976
F 3972 3872 3873
F 3973 3972 3873
F 4068 3972 3973
F 3972 4068 4067
F 3972 3971 3871
F 3872 3972 3871
F 4171 4079 4080
F 4171 4080 4172
F 4170 4171 4257
F 4171 4258 4257
F 4079 4171 4078
F 4171 4170 4078
F 3874 3974 3873
F 3974 3973 3873
F 3975 3974 3875
F 3974 3874 3875
F 3879 3880 3979
F 3880 3980 3979
F 3975 3876 3976
F 3876 3975 3875
F 3770 3874 3769
F 3874 3770 3875
F 3770 3876 3875
F 3876 3770 3771
F 3663 3770 3662
F 3771 3770 3663
F 2237 2328 2236
F 2328 2237 2329
F 2708 2808 2707
F 2808 2708 2809
F 2708 2607 2608
F 2607 2708 2707
F 2809 2708 2810
F 2708 2709 2810
F 2611 2710 2610
F 2710 2611 2711
F 2710 2812 2811
F 2812 2710 2711
F 2709 2710 2810
F 2710 2811 2810
F 2421 2331 2422
F 2330 2331 2421
F 3896 3997 3996
F 3997 3896 3897
F 3997 3898 3998
F 3997 3897 3898
F 3999 4093 3998
F 4093 3999 4094
F 4093 3997 3998
F 3997 4093 4092
F 4424 4351 4425
F 4424 4350 4351
F 4350 4424 4349
F 4424 4423 4349
F 3992 3993 4088
F 3992 4088 4087
F 4182 4089 4090
F 4089 4182 4181
F 4182 4267 4181
F 4267 4182 4268
F 4268 4182 4269
F 4182 4183 4269
F 4091 3997 4092
F 3997 4091 3996
F 4182 4091 4183
F 4091 4182 4090
F 3996 4091 3995
F 4091 4090 3995
F 4183 4091 4184
F 4091 4092 4184
F 3781 3885 3780
F 3885 3781 3886
F 3781 3672 3673
F 3672 3781 3780
F 3781 3782 3887
F 3886 3781 3887
F 3885 3986 3985
F 3986 3885 3886
F 3986 3886 3887
F 3987 3986 3887
F 3880 3981 3980
F 3981 3880 3881
F 4075 3981 4076
F 3980 3981 4075
F 3882 3981 3881
F 3982 3981 3882
F 3981 4077 4076
F 4077 3981 3982
F 4079 3983 3984
F 3983 4079 4078
F 3983 4077 3982
F 4077 3983 4078
F 2254 2347 2346
F 2347 2254 2255
F 2082 2081 1997
F 1998 2082 1997
F 1909 1827 1828
F 1827 1909 1908
F 1909 1992 1908
F 1992 1909 1993
F 2427 2336 2337
F 2427 2337 2428
F 2521 2427 2428
F 2427 2521 2520
F 2619 2719 2618
F 2719 2619 2720
F 3240 3134 3241
F 3134 3135 3241
F 3990 4084 3989
F 4084 3990 4085
F 3889 3990 3989
F 3990 3889 3890
F 3889 3784 3785
F 3890 3889 3785
F 3889 3888 3783
F 3784 3889 3783
F 4083 4176 4175
F 4176 4083 4084
F 4176 4084 4085
F 4177 4176 4085
F 3670 3671 3778
F 3671 3779 3778
F 3564 3671 3563
F 3671 3670 3563
F 3779 3671 3780
F 3671 3672 3780
F 3672 3671 3565
F 3565 3671 3564
F 3136 3242 3241
F 3135 3136 3241
F 3342 3233 3234
F 3342 3234 3343
F 3452 3344 3453
F 3344 3452 3343
F 3456 3457 3563
F 3457 3564 3563
F 3351 3350 3241
F 3350 3240 3241
F 3350 3351 3460
F 3350 3460 3459
F 3571 3677 3570
F 3677 3571 3678
F 3571 3572 3679
F 3571 3679 3678
F 3571 3570 3463
F 3464 3571 3463
F 3572 3571 3465
F 3571 3464 3465
F 3568 3462 3569
F 3568 3461 3462
F 3353 3461 3352
F 3461 3353 3462
F 2829 2932 2828
F 2932 2931 2828
F 2932 2830 2933
F 2932 2829 2830
F 2932 3035 2931
F 3035 2932 3036
F 2930 3035 3034
F 3035 2930 2931
F 3035 3036 3143
F 3142 3035 3143
F 3358 3357 3248
F 3357 3247 3248
F 3466 3357 3467
F 3357 3358 3467
F 3357 3466 3465
F 3356 3357 3465
F 3033 2928 2929
F 2928 3033 3032
F 3033 2930 3034
F 2930 3033 2929
F 3033 3139 3032
F 3139 3033 3140
F 3141 3035 3142
F 3035 3141 3034
F 3033 3141 3140
F 3141 3033 3034
F 3247 3141 3248
F 3141 3142 3248
F 3246 3357 3356
F 3357 3246 3247
F 3246 3141 3247
F 3141 3246 3140
F 3246 3355 3245
F 3246 3356 3355
F 3246 3139 3140
F 3139 3246 3245
F 2827 2727 2828
F 2727 2827 2726
F 2725 2827 2826
F 2827 2725 2726
F 2930 2827 2931
F 2931 2827 2828
F 2827 2930 2929
F 2827 2929 2826
F 2825 2725 2826
F 2725 2825 2724
F 2928 2825 2929
F 2929 2825 2826
F 4377 4451 4376
F 4451 4450 4376
F 4378 4298 4379
F 4298 4378 4297
F 4378 4453 4452
F 4378 4379 4453
F 4378 4451 4377
F 4451 4378 4452
F 4442 4367 4368
F 4367 4442 4441
F 4367 4287 4368
F 4287 4367 4286
F 3697 3803 3696
F 3697 3804 3803
F 3374 3264 3265
F 3264 3374 3373
F 3264 3372 3263
F 3372 3264 3373
F 3156 3264 3263
F 3157 3264 3156
F 3150 3045 3151
F 3044 3045 3150
F 3256 3150 3257
F 3256 3149 3150
F 3366 3256 3257
F 3365 3256 3366
F 3376 3485 3375
F 3485 3484 3375
F 3815 3814 3708
F 3708 3814 3707
F 3378 3488 3487
F 3378 3487 3377
F 2090 2008 2091
F 2090 2007 2008
F 1846 1928 1927
F 1846 1847 1928
F 1933 2016 1932
F 2016 1933 2017
F 2180 2095 2096
F 2095 2180 2179
F 2645 2549 2646
F 2549 2645 2548
F 2645 2646 2747
F 2645 2747 2746
F 2645 2547 2548
F 2645 2644 2547
F 2644 2645 2745
F 2745 2645 2746
F 2949 3052 2948
F 3052 2949 3053
F 3052 3160 3159
F 3160 3052 3053
F 3158 3264 3157
F 3264 3158 3265
F 3158 3052 3159
F 3052 3158 3051
F 3266 3158 3159
F 3158 3266 3265
F 2847 2747 2748
F 2848 2847 2748
F 2945 3048 2944
F 2945 3049 3048
F 2842 2945 2944
F 2945 2842 2843
F 3049 2945 3050
F 2945 2946 3050
F 2947 3052 3051
F 3052 2947 2948
F 2845 2947 2844
F 2948 2947 2845
F 2946 2947 3050
F 2947 3051 3050
F 2543 2641 2640
F 2641 2543 2544
F 1851 1775 1852
F 1775 1851 1774
F 1853 1775 1776
F 1775 1853 1852
F 1775 1700 1776
F 1775 1699 1700
F 1775 1698 1699
F 1698 1775 1774
F 1698 1697 1621
F 1622 1698 1621
F 1698 1622 1623
F 1699 1698 1623
F 1849 1771 1772
F 1771 1849 1848
F 1851 1773 1774
F 1773 1851 1850
F 1698 1773 1697
F 1773 1698 1774
F 1773 1849 1772
F 1849 1773 1850
F 1773 1696 1697
F 1773 1772 1696
F 2267 2358 2266
F 2358 2267 2359
F 2942 2839 2840
F 2941 2839 2942
F 3046 3154 3153
F 3154 3046 3047
F 3046 2943 3047
F 3046 2942 2943
F 2932 3037 3036
F 3037 2932 2933
F 2535 2632 2631
F 2534 2535 2631
F 2348 2347 2255
F 2256 2348 2255
F 2348 2257 2349
F 2257 2348 2256
F 2347 2348 2438
F 2348 2439 2438
F 2939 3045 3044
F 3045 2939 2940
F 2939 3044 3043
F 2939 3043 2938
F 2939 2836 2837
F 2836 2939 2938
F 2840 2739 2841
F 2841 2739 2740
F 2739 2639 2740
F 2739 2638 2639
F 2357 2265 2266
F 2358 2357 2266
F 2261 2170 2171
F 2170 2261 2260
F 3791 3896 3790
F 3896 3791 3897
F 2441 2535 2534
F 2535 2441 2442
F 2169 2170 2260
F 2259 2169 2260
F 2257 2258 2349
F 2258 2350 2349
F 2170 2088 2171
F 2088 2170 2087
F 2005 1922 2006
F 1922 2005 1921
F 2732 2731 2631
F 2731 2630 2631
F 2630 2731 2629
F 2731 2730 2629
F 2630 2532 2533
F 2532 2630 2629
F 2628 2532 2629
F 2531 2532 2628
F 2729 2628 2629
F 2730 2729 2629
F 2830 2729 2831
F 2729 2730 2831
F 2628 2729 2627
F 2729 2728 2627
F 2728 2729 2829
F 2829 2729 2830
F 4194 4280 4193
F 4280 4279 4193
F 4358 4431 4357
F 4431 4358 4432
F 4190 4276 4189
F 4276 4275 4189
F 4356 4276 4357
F 4275 4276 4356
F 4276 4190 4191
F 4277 4276 4191
F 4276 4358 4357
F 4358 4276 4277
F 4102 4195 4194
F 4195 4102 4103
F 3906 3802 3803
F 3907 3906 3803
F 3802 3694 3695
F 3801 3694 3802
F 3800 3904 3799
F 3904 3800 3905
F 3798 3904 3903
F 3904 3798 3799
F 3902 3798 3903
F 3797 3798 3902
F 3900 3999 3899
F 3900 4000 3999
F 3793 3900 3899
F 3900 3793 3794
F 3690 3797 3796
F 3690 3796 3689
F 356 371 370
F 371 356 357
F 343 356 342
F 357 356 343
F 369 356 370
F 355 356 369
F 356 341 342
F 356 355 341
F 293 280 281
F 280 293 292
F 280 270 281
F 270 280 269
F 234 242 233
F 243 242 234
F 253 262 252
F 262 253 263
F 253 242 243
F 242 253 252
F 254 253 244
F 253 243 244
F 374 359 360
F 359 374 373
F 372 359 373
F 358 359 372
F 344 359 358
F 345 359 344
F 361 346 347
F 346 361 360
F 346 359 345
F 359 346 360
F 346 334 347
F 346 333 334
F 333 346 332
F 346 345 332
F 586 541 587
F 541 586 540
F 586 539 540
F 586 585 539
F 633 586 634
F 585 586 633
F 675 623 624
F 675 624 676
F 622 673 621
F 673 622 674
F 572 622 621
F 622 572 573
F 675 622 623
F 622 675 674
F 728 668 669
F 668 728 727
F 526 572 571
F 525 526 571
F 480 479 441
F 480 441 442
F 670 731 730
F 731 670 671
F 670 618 619
F 670 619 671
F 1816 1897 1815
F 1815 1897 1896
F 1982 1983 2068
F 2067 1982 2068
F 1374 1447 1446
F 1374 1375 1447
F 1670 1596 1671
F 1596 1670 1595
F 1595 1670 1594
F 1670 1669 1594
F 1375 1448 1447
F 1376 1448 1375
F 1115 1049 1116
F 1049 1115 1048
F 1457 1386 1458
F 1386 1457 1385
F 1457 1384 1385
F 1457 1456 1384
F 1675 1601 1676
F 1601 1675 1600
F 1527 1601 1526
F 1526 1601 1600
F 1677 1601 1602
F 1676 1601 1677
F 1246 1247 1316
F 1247 1317 1316
F 1681 1757 1680
F 1757 1681 1758
F 1682 1681 1607
F 1681 1606 1607
F 1606 1681 1605
F 1605 1681 1680
F 1534 1608 1607
F 1533 1534 1607
F 1462 1461 1390
F 1390 1461 1389
F 1388 1461 1460
F 1461 1388 1389
F 1461 1534 1533
F 1534 1461 1462
F 1461 1532 1460
F 1461 1533 1532
F 1608 1684 1683
F 1684 1608 1609
F 1757 1834 1833
F 1834 1757 1758
F 1450 1378 1451
F 1378 1379 1451
F 1380 1452 1451
F 1379 1380 1451
F 1380 1381 1453
F 1452 1380 1453
F 1307 1380 1379
F 1380 1307 1308
F 1381 1380 1309
F 1380 1308 1309
F 853 789 790
F 789 853 852
F 1242 1177 1243
F 1177 1178 1243
F 1178 1177 1113
F 1177 1112 1113
F 1047 1115 1114
F 1115 1047 1048
F 1113 1047 1114
F 1046 1047 1113
F 1992 1907 1908
F 1907 1992 1991
F 1990 1907 1991
F 1906 1907 1990
F 2337 2338 2428
F 2338 2429 2428
F 2245 2338 2337
F 2338 2245 2246
F 2336 2245 2337
F 2245 2336 2244
F 2154 2245 2244
F 2155 2245 2154
F 2245 2155 2156
F 2246 2245 2156
F 515 560 514
F 515 561 560
F 561 515 562
F 515 516 562
F 1811 1737 1812
F 1737 1811 1736
F 910 970 909
F 970 910 971
F 1504 1505 1576
F 1505 1577 1576
F 1578 1505 1506
F 1505 1578 1577
F 1505 1504 1433
F 1434 1505 1433
F 1435 1505 1434
F 1505 1435 1506
F 1436 1507 1506
F 1435 1436 1506
F 1095 1096 1160
F 1096 1161 1160
F 1161 1096 1162
F 1096 1097 1162
F 2299 2210 2300
F 2210 2299 2209
F 1800 1799 1723
F 1799 1722 1723
F 2201 2290 2200
F 2290 2201 2291
F 2029 1944 1945
F 1944 2029 2028
F 1864 1946 1945
F 1946 1864 1865
F 1866 1946 1865
F 1946 1866 1947
F 1946 2029 1945
F 2029 1946 2030
F 2030 1946 2031
F 2031 1946 1947
F 2109 2110 2195
F 2110 2196 2195
F 2110 2197 2196
F 2110 2111 2197
F 2029 2110 2028
F 2110 2109 2028
F 2122 2040 2041
F 2040 2122 2121
F 2391 2301 2392
F 2301 2391 2300
F 2210 2301 2300
F 2301 2210 2211
F 2301 2211 2212
F 2302 2301 2212
F 555 508 509
F 508 555 554
F 509 508 467
F 467 508 466
F 553 508 554
F 508 553 507
F 406 407 434
F 433 406 434
F 432 433 467
F 432 467 466
F 564 519 565
F 564 518 519
F 564 565 613
F 612 564 613
F 906 844 907
F 844 906 843
F 843 906 842
F 906 905 842
F 3327 3218 3219
F 3218 3327 3326
F 3436 3327 3437
F 3327 3328 3437
F 3329 3438 3437
F 3328 3329 3437
F 3221 3329 3220
F 3330 3329 3221
F 3439 3329 3330
F 3329 3439 3438
F 3439 3330 3331
F 3440 3439 3331
F 3438 3439 3546
F 3439 3547 3546
F 3547 3439 3548
F 3548 3439 3440
F 3335 3227 3336
F 3227 3335 3226
F 3118 3225 3224
F 3225 3118 3119
F 3335 3225 3226
F 3225 3335 3334
F 3320 3430 3429
F 3430 3320 3321
F 3322 3432 3431
F 3432 3322 3323
F 3752 3644 3753
F 3644 3645 3753
F 3644 3751 3643
F 3644 3752 3751
F 3644 3536 3537
F 3645 3644 3537
F 3535 3644 3643
F 3536 3644 3535
F 3646 3754 3753
F 3645 3646 3753
F 3646 3537 3538
F 3646 3645 3537
F 3647 3646 3539
F 3539 3646 3538
F 3755 3646 3647
F 3646 3755 3754
F 3863 3755 3864
F 3755 3756 3864
F 3755 3863 3862
F 3754 3755 3862
F 3755 3647 3648
F 3756 3755 3648
F 1735 1661 1736
F 1661 1735 1660
F 1811 1735 1736
F 1810 1735 1811
F 1807 1888 1887
F 1888 1807 1808
F 1807 1886 1806
F 1886 1807 1887
F 1807 1733 1808
F 1733 1807 1732
F 1733 1809 1808
F 1809 1733 1734
F 1890 1811 1891
F 1890 1810 1811
F 1809 1890 1889
F 1890 1809 1810
F 3207 3313 3206
F 3313 3207 3314
F 3316 3426 3425
F 3426 3316 3317
F 3533 3426 3534
F 3425 3426 3533
F 3426 3317 3318
F 3427 3426 3318
F 3426 3535 3534
F 3426 3427 3535
F 3639 3532 3640
F 3532 3639 3531
F 3748 3639 3640
F 3639 3748 3747
F 3638 3639 3746
F 3639 3747 3746
F 3424 3316 3425
F 3316 3424 3315
F 3532 3424 3533
F 3424 3425 3533
F 3424 3532 3531
F 3423 3424 3531
F 3424 3423 3314
F 3424 3314 3315
F 2132 2051 2052
F 2133 2132 2052
F 2219 2132 2133
F 2132 2219 2218
F 2679 2582 2583
F 2679 2583 2680
F 2779 2679 2680
F 2679 2779 2778
F 2777 2679 2778
F 2678 2679 2777
F 2581 2487 2582
F 2487 2581 2486
F 2581 2679 2678
F 2679 2581 2582
F 2485 2581 2580
F 2581 2485 2486
F 2581 2677 2580
F 2581 2678 2677
F 2789 2891 2788
F 2891 2789 2892
F 3095 2988 2989
F 3095 3094 2988
F 3522 3632 3631
F 3522 3523 3632
F 3522 3630 3521
F 3630 3522 3631
F 3523 3522 3415
F 3522 3414 3415
F 3413 3522 3521
F 3414 3522 3413
F 3201 3095 3202
F 3095 3201 3094
F 3310 3201 3202
F 3201 3310 3309
F 2227 2317 2316
F 2226 2227 2316
F 2408 2318 2319
F 2318 2408 2407
F 2318 2227 2228
F 2227 2318 2317
F 2688 2785 2687
F 2785 2688 2786
F 2785 2889 2888
F 2889 2785 2786
F 2785 2686 2687
F 2686 2785 2784
F 2784 2785 2887
F 2785 2888 2887
F 2783 2686 2784
F 2686 2783 2685
F 1972 1971 1891
F 1971 1890 1891
F 2056 2138 2055
F 2138 2137 2055
F 2138 2057 2139
F 2057 2138 2056
F 2790 2893 2892
F 2789 2790 2892
F 2047 2046 1962
F 1963 2047 1962
F 2047 1963 1964
F 2048 2047 1964
F 1362 1432 1361
F 1432 1362 1433
F 1363 1434 1433
F 1362 1363 1433
F 1291 1363 1362
F 1363 1291 1292
F 1652 1578 1653
F 1578 1652 1577
F 1727 1652 1653
F 1726 1652 1727
F 2962 2963 3067
F 3066 2962 3067
F 3504 3612 3503
F 3612 3504 3613
F 3504 3614 3613
F 3504 3505 3614
F 3395 3394 3286
F 3395 3286 3287
F 3612 3502 3503
F 3502 3612 3611
F 3502 3610 3501
F 3610 3502 3611
F 3395 3502 3394
F 3502 3395 3503
F 3502 3501 3393
F 3394 3502 3393
F 3720 3827 3826
F 3719 3720 3826
F 3828 3720 3721
F 3827 3720 3828
F 3612 3720 3611
F 3720 3719 3611
F 3721 3720 3613
F 3720 3612 3613
F 3509 3617 3508
F 3617 3509 3618
F 3943 3944 4045
F 4045 3944 4046
F 3840 3944 3839
F 3944 3943 3839
F 3946 3841 3842
F 3841 3946 3945
F 3841 3944 3840
F 3944 3841 3945
F 3409 3302 3410
F 3302 3409 3301
F 3515 3625 3624
F 3625 3515 3516
F 3298 3190 3299
F 3190 3191 3299
F 3190 3082 3083
F 3190 3189 3082
F 3082 3081 2976
F 3081 2975 2976
F 3189 3081 3082
F 3081 3189 3188
F 2975 3081 2974
F 3081 3080 2974
F 3187 3081 3188
F 3081 3187 3080
F 3182 3290 3289
F 3182 3289 3181
F 2970 2870 2971
F 2870 2871 2971
F 2773 2772 2673
F 2772 2672 2673
F 2578 2484 2579
F 2484 2578 2483
F 2482 2578 2577
F 2578 2482 2483
F 3623 3515 3624
F 3515 3623 3514
F 3514 3623 3513
F 3623 3622 3513
F 3404 3405 3513
F 3404 3513 3512
F 3190 3297 3189
F 3297 3190 3298
F 3404 3297 3405
F 3297 3404 3296
F 3405 3297 3406
F 3297 3298 3406
F 3189 3297 3188
F 3297 3296 3188
F 3511 3404 3512
F 3404 3511 3403
F 3403 3511 3402
F 3511 3510 3402
F 3509 3619 3618
F 3510 3619 3509
F 4310 4224 4225
F 4311 4310 4225
F 4391 4392 4457
F 4456 4391 4457
F 4390 4391 4455
F 4391 4456 4455
F 4392 4391 4312
F 4391 4311 4312
F 4391 4310 4311
F 4310 4391 4390
F 4303 4302 4217
F 4302 4216 4217
F 4383 4302 4303
F 4302 4383 4382
F 4216 4302 4215
F 4302 4301 4215
F 4299 4212 4213
F 4212 4299 4298
F 4298 4299 4379
F 4299 4380 4379
F 3499 3608 3607
F 3498 3499 3607
F 3499 3500 3609
F 3608 3499 3609
F 3497 3607 3606
F 3497 3498 3607
F 3604 3711 3603
F 3711 3604 3712
F 3921 3922 4024
F 3921 4024 4023
F 3818 3819 3923
F 3922 3818 3923
F 3819 3818 3712
F 3818 3711 3712
F 3603 3710 3602
F 3711 3710 3603
F 3824 3716 3717
F 3824 3823 3716
F 3718 3824 3717
F 3824 3718 3825
F 3823 3824 3927
F 3824 3928 3927
F 3928 3824 3929
F 3929 3824 3825
F 4028 3925 3926
F 3925 4028 4027
F 2367 2366 2274
F 2275 2367 2274
F 2456 2367 2457
F 2366 2367 2456
F 2367 2458 2457
F 2367 2368 2458
F 2554 2650 2553
F 2554 2651 2650
F 2369 2459 2458
F 2368 2369 2458
F 1412 1482 1411
F 1482 1412 1483
F 1482 1410 1411
F 1410 1482 1481
F 1409 1410 1480
F 1410 1481 1480
F 1339 1267 1268
F 1339 1338 1267
F 1410 1339 1411
F 1339 1410 1338
F 3174 3173 3067
F 3173 3066 3067
F 3282 3173 3174
F 3173 3282 3281
F 2960 2961 3064
F 3063 2960 3064
F 2960 2858 2961
F 2858 2960 2857
F 2858 2857 2756
F 2757 2858 2756
F 2653 2754 2753
F 2754 2653 2654
F 2955 2853 2956
F 2853 2955 2852
F 2955 2851 2852
F 2955 2954 2851
F 2954 2955 3058
F 3058 2955 3059
F 3062 2960 3063
F 2960 3062 2959
F 3710 3601 3602
F 3601 3710 3709
F 3494 3385 3495
F 3385 3386 3495
F 2752 2653 2753
F 2653 2752 2652
F 2752 2751 2651
F 2752 2651 2652
F 2853 2752 2854
F 2752 2753 2854
F 2751 2752 2852
F 2752 2853 2852
F 2364 2453 2363
F 2453 2364 2454
F 2454 2364 2455
F 2364 2365 2455
F 2374 2373 2283
F 2373 2282 2283
F 1936 1856 1937
F 1856 1936 1855
F 1936 1937 2021
F 2020 1936 2021
F 2276 2369 2368
F 2369 2276 2277
F 2276 2367 2275
F 2367 2276 2368
F 2186 2187 2277
F 2276 2186 2277
F 1628 1704 1703
F 1627 1628 1703
F 1554 1484 1555
F 1484 1554 1483
F 1554 1555 1630
F 1629 1554 1630
F 1704 1705 1779
F 1779 1705 1780
F 1628 1705 1704
F 1705 1628 1629
F 1705 1629 1630
F 1706 1705 1630
F 1557 1633 1632
F 1633 1557 1558
F 1556 1557 1631
F 1557 1632 1631
F 1553 1552 1480
F 1481 1553 1480
F 1552 1553 1626
F 1553 1627 1626
F 1781 1705 1706
F 1705 1781 1780
F 1708 1784 1783
F 1784 1708 1709
F 1633 1708 1632
F 1708 1633 1709
F 1708 1707 1631
F 1632 1708 1631
F 1784 1862 1783
F 1783 1862 1861
F 1564 1563 1492
F 1493 1564 1492
F 1564 1638 1563
F 1638 1564 1639
F 1563 1562 1492
F 1562 1491 1492
F 2279 2190 2280
F 2189 2190 2279
F 2020 2103 2102
F 2103 2020 2021
F 2187 2103 2188
F 2103 2187 2102
F 1626 1702 1625
F 1702 1701 1625
F 1702 1627 1703
F 1627 1702 1626
F 488 487 449
F 450 488 449
F 622 574 623
F 574 622 573
F 623 574 624
F 574 575 624
F 529 574 528
F 575 574 529
F 256 257 266
F 266 257 267
F 236 246 245
F 237 246 236
F 246 257 256
F 257 246 247
F 246 255 245
F 246 256 255
F 276 286 275
F 286 276 287
F 266 276 265
F 276 275 265
F 276 266 267
F 277 276 267
F 287 276 288
F 276 277 288
F 491 490 452
F 491 452 453
F 584 585 633
F 632 584 633
F 584 631 583
F 584 632 631
F 584 538 539
F 585 584 539
F 538 584 537
F 537 584 583
F 422 452 421
F 452 422 453
F 398 422 421
F 399 422 398
F 264 253 254
F 253 264 263
F 255 264 254
F 264 255 265
F 264 273 263
F 264 274 273
F 275 264 265
F 274 264 275
F 314 301 302
F 315 314 302
F 326 337 325
F 337 326 338
F 327 340 339
F 340 327 328
F 327 314 315
F 327 315 328
F 327 339 338
F 326 327 338
F 1572 1501 1573
F 1501 1572 1500
F 1572 1499 1500
F 1572 1571 1499
F 1948 2032 2031
F 1948 2031 1947
F 2033 1950 2034
F 1950 2033 1949
F 2033 1948 1949
F 1948 2033 2032
F 2033 2114 2113
F 2032 2033 2113
F 1421 1491 1420
F 1491 1421 1492
F 1352 1351 1280
F 1352 1280 1281
F 604 555 556
F 555 604 603
F 557 604 556
F 605 604 557
F 560 607 559
F 608 607 560
F 607 558 559
F 558 607 606
F 607 608 660
F 659 607 660
F 606 607 658
F 607 659 658
F 780 779 719
F 779 718 719
F 716 659 717
F 659 716 658
F 657 605 606
F 657 606 658
F 716 657 658
F 657 716 715
F 1412 1413 1483
F 1413 1484 1483
F 1018 1017 954
F 954 1017 953
F 1017 1018 1083
F 1082 1017 1083
F 882 881 819
F 819 881 818
F 881 882 944
F 943 881 944
F 1282 1216 1217
F 1216 1282 1281
F 772 831 771
F 831 772 832
F 2382 2290 2291
F 2382 2381 2290
F 2288 2380 2379
F 2380 2288 2289
F 2290 2380 2289
F 2381 2380 2290
F 2663 2762 2662
F 2762 2663 2763
F 2966 2965 2865
F 2965 2864 2865
F 3289 3180 3181
F 3180 3289 3288
F 3179 3180 3287
F 3180 3288 3287
F 929 993 992
F 928 929 992
F 867 929 866
F 866 929 928
F 927 990 926
F 990 927 991
F 927 928 992
F 991 927 992
F 927 866 928
F 927 865 866
F 586 635 634
F 635 586 587
F 688 635 689
F 689 635 636
F 635 688 687
F 635 687 634
F 589 638 637
F 589 590 638
F 868 867 804
F 868 804 805
F 806 868 805
F 868 806 869
F 756 697 757
F 756 696 697
F 690 689 636
F 690 636 637
F 1317 1318 1389
F 1318 1390 1389
F 1247 1318 1317
F 1318 1247 1248
F 681 741 680
F 680 741 740
F 741 681 682
F 742 741 682
F 677 678 737
F 737 678 738
F 737 797 796
F 797 737 738
F 739 679 680
F 739 680 740
F 678 739 738
F 739 678 679
F 739 797 738
F 797 739 798
F 858 921 920
F 921 858 859
F 857 858 920
F 857 920 919
F 733 673 674
F 734 733 674
F 4233 4319 4318
F 4232 4233 4318
F 4233 4232 4140
F 4141 4233 4140
F 3843 3946 3842
F 3946 3843 3947
F 3948 3843 3844
F 3843 3948 3947
F 3844 3843 3737
F 3843 3736 3737
F 3841 3735 3842
F 3735 3841 3734
F 3843 3735 3736
F 3735 3843 3842
F 3628 3735 3627
F 3736 3735 3628
F 4050 4146 4049
F 4146 4145 4049
F 4237 4146 4238
F 4145 4146 4237
F 4051 4146 4050
F 4147 4146 4051
F 4238 4146 4239
F 4146 4147 4239
F 2584 2681 2583
F 2583 2681 2680
F 2681 2584 2585
F 2682 2681 2585
F 2491 2586 2490
F 2586 2585 2490
F 2881 2882 2982
F 2881 2982 2981
F 2980 2881 2981
F 2881 2980 2880
F 2778 2881 2880
F 2779 2881 2778
F 3305 3196 3197
F 3196 3305 3304
F 3196 3304 3303
F 3196 3303 3195
F 3088 3196 3195
F 3089 3196 3088
F 3090 3196 3089
F 3196 3090 3197
F 3090 3089 2983
F 2984 3090 2983
F 3090 2984 2985
F 3091 3090 2985
F 3197 3090 3198
F 3090 3091 3198
F 4469 4404 4405
F 4470 4469 4405
F 4404 4469 4403
F 4469 4468 4403
F 4469 4470 4497
F 4496 4469 4497
F 4468 4469 4495
F 4469 4496 4495
F 440 410 441
F 410 411 441
F 441 412 442
F 411 412 441
F 388 387 370
F 387 369 370
F 387 412 411
F 412 387 388
F 410 387 411
F 387 410 386
F 2606 2705 2605
F 2705 2606 2706
F 2606 2605 2507
F 2508 2606 2507
F 2606 2607 2707
F 2606 2707 2706
F 2606 2508 2509
F 2607 2606 2509
F 3016 2914 3017
F 2914 3016 2913
F 2914 2809 2810
F 2914 2913 2809
F 2914 3018 3017
F 2914 2915 3018
F 2811 2914 2810
F 2915 2914 2811
F 3448 3339 3449
F 3339 3340 3449
F 3554 3448 3555
F 3448 3554 3447
F 3766 3870 3765
F 3870 3766 3871
F 4169 4168 4076
F 4077 4169 4076
F 4170 4169 4078
F 4169 4077 4078
F 4074 3980 4075
F 3980 4074 3979
F 4074 4166 4165
F 4073 4074 4165
F 4167 4074 4075
F 4166 4074 4167
F 4069 4068 3973
F 3974 4069 3973
F 4070 4069 3975
F 4069 3974 3975
F 3775 3666 3667
F 3666 3775 3774
F 3775 3880 3879
F 3775 3879 3774
F 4074 3978 3979
F 3978 4074 4073
F 3978 3879 3979
F 3978 3878 3879
F 3877 3876 3771
F 3877 3771 3772
F 2419 2327 2328
F 2327 2419 2418
F 2708 2609 2709
F 2609 2708 2608
F 2609 2710 2709
F 2710 2609 2610
F 2510 2609 2608
F 2609 2510 2511
F 2510 2607 2509
F 2607 2510 2608
F 2511 2510 2418
F 2510 2417 2418
F 2416 2510 2509
F 2417 2510 2416
F 2917 2812 2813
F 2812 2917 2916
F 2712 2713 2813
F 2713 2814 2813
F 2713 2613 2714
F 2613 2713 2612
F 2515 2421 2422
F 2515 2514 2421
F 2515 2613 2612
F 2613 2515 2516
F 2149 2239 2238
F 2239 2149 2150
F 2239 2330 2238
F 2239 2331 2330
F 2239 2332 2331
F 2332 2239 2240
F 4270 4185 4271
F 4185 4270 4184
F 4272 4185 4186
F 4185 4272 4271
F 4092 4185 4184
F 4093 4185 4092
F 4185 4094 4186
F 4185 4093 4094
F 3892 3787 3893
F 3787 3892 3786
F 3993 3892 3893
F 3992 3892 3993
F 3454 3344 3345
F 3344 3454 3453
F 3455 3454 3346
F 3454 3345 3346
F 3454 3560 3453
F 3560 3454 3561
F 3562 3454 3455
F 3561 3454 3562
F 3889 3988 3888
F 3988 3889 3989
F 3888 3988 3887
F 3988 3987 3887
F 4083 3988 4084
F 4084 3988 3989
F 3883 3779 3884
F 3779 3883 3778
F 3883 3982 3882
F 3883 3983 3982
F 3883 3884 3984
F 3983 3883 3984
F 2725 2625 2726
F 2625 2725 2624
F 2438 2530 2437
F 2531 2530 2438
F 2530 2628 2627
F 2530 2531 2628
F 2530 2436 2437
F 2436 2530 2529
F 2345 2436 2344
F 2436 2435 2344
F 2436 2346 2437
F 2436 2345 2346
F 2247 2338 2246
F 2338 2247 2339
F 2341 2340 2249
F 2340 2248 2249
F 2340 2247 2248
F 2247 2340 2339
F 2340 2341 2432
F 2431 2340 2432
F 2622 2722 2621
F 2722 2622 2723
F 2250 2343 2342
F 2251 2343 2250
F 2343 2252 2344
F 2252 2343 2251
F 2343 2433 2342
F 2343 2434 2433
F 2435 2343 2344
F 2434 2343 2435
F 2522 2619 2618
F 2521 2522 2618
F 2522 2521 2428
F 2429 2522 2428
F 2522 2523 2619
F 2523 2620 2619
F 2722 2721 2621
F 2721 2620 2621
F 2620 2721 2619
F 2619 2721 2720
F 2721 2722 2823
F 2822 2721 2823
F 2721 2821 2720
F 2721 2822 2821
F 1834 1914 1833
F 1914 1834 1915
F 1914 1998 1997
F 1913 1914 1997
F 2254 2165 2255
F 2165 2254 2164
F 2082 2165 2081
F 2165 2164 2081
F 1914 1999 1998
F 1999 1914 1915
F 1910 1909 1828
F 1829 1910 1828
F 1909 1910 1993
F 1993 1910 1994
F 2242 2153 2243
F 2153 2242 2152
F 2242 2151 2152
F 2151 2242 2241
F 2820 2925 2924
F 2925 2820 2821
F 2820 2719 2720
F 2821 2820 2720
F 2923 2820 2924
F 2820 2923 2819
F 2819 2923 2818
F 2923 2922 2818
F 3025 2923 3026
F 2923 3025 2922
F 3027 2923 2924
F 2923 3027 3026
F 3991 3892 3992
F 3892 3991 3891
F 3991 3992 4087
F 4086 3991 4087
F 3990 3991 4085
F 3991 4086 4085
F 3991 3990 3890
F 3991 3890 3891
F 4344 4262 4263
F 4262 4344 4343
F 4176 4262 4175
F 4262 4261 4175
F 4262 4176 4177
F 4262 4177 4263
F 4088 4179 4087
F 4180 4179 4088
F 3029 3137 3136
F 3137 3029 3030
F 3664 3771 3663
F 3771 3664 3772
F 3556 3663 3662
F 3555 3556 3662
F 3448 3556 3555
F 3556 3448 3449
F 3556 3664 3663
F 3664 3556 3557
F 3340 3450 3449
F 3450 3340 3341
F 3450 3556 3449
F 3556 3450 3557
F 2815 2713 2714
F 2713 2815 2814
F 3345 3236 3346
F 3236 3237 3346
F 3130 3238 3237
F 3238 3130 3131
F 3236 3130 3237
F 3130 3236 3129
F 3350 3239 3240
F 3239 3350 3349
F 3342 3232 3233
F 3232 3342 3341
F 3340 3232 3341
F 3232 3340 3231
F 3019 3127 3126
F 3127 3019 3020
F 3019 2915 2916
F 2915 3019 3018
F 2917 3019 2916
F 3019 2917 3020
F 3350 3458 3349
F 3458 3350 3459
F 3458 3566 3565
F 3566 3458 3459
F 3349 3458 3348
F 3458 3457 3348
F 3458 3565 3564
F 3457 3458 3564
F 3675 3784 3783
F 3784 3675 3676
F 3676 3675 3569
F 3675 3568 3569
F 3355 3354 3245
F 3354 3244 3245
F 3354 3464 3463
F 3464 3354 3355
F 3462 3354 3463
F 3353 3354 3462
F 4378 4296 4297
F 4296 4378 4377
F 4288 4369 4368
F 4287 4288 4368
F 4281 4280 4194
F 4195 4281 4194
F 4208 4295 4294
F 4295 4208 4209
F 4210 4295 4209
F 4296 4295 4210
F 4293 4208 4294
F 4208 4293 4207
F 4206 4293 4292
F 4293 4206 4207
F 4206 4114 4115
F 4207 4206 4115
F 4373 4372 4291
F 4373 4291 4292
F 4373 4447 4446
F 4372 4373 4446
F 4291 4371 4290
F 4372 4371 4291
F 3482 3589 3481
F 3481 3589 3588
F 3589 3697 3696
F 3588 3589 3696
F 3255 3256 3365
F 3255 3365 3364
F 3593 3700 3592
F 3700 3593 3701
F 3808 3700 3701
F 3700 3808 3807
F 3808 3701 3702
F 3809 3808 3702
F 3911 3910 3807
F 3910 3806 3807
F 3808 3912 3807
F 3912 3911 3807
F 4016 4110 4015
F 4110 4016 4111
F 3810 3702 3703
F 3810 3809 3702
F 3706 3599 3707
F 3599 3706 3598
F 3162 3268 3161
F 3162 3269 3268
F 3054 3162 3161
F 3162 3054 3055
F 3056 3162 3055
F 3163 3162 3056
F 3270 3162 3163
F 3162 3270 3269
F 3270 3378 3377
F 3269 3270 3377
F 3270 3271 3379
F 3378 3270 3379
F 3810 3704 3811
F 3704 3810 3703
F 3595 3704 3703
F 3704 3595 3596
F 3597 3704 3596
F 3704 3597 3705
F 3706 3597 3598
F 3597 3706 3705
F 3489 3597 3596
F 3597 3489 3490
F 3380 3489 3379
F 3489 3380 3490
F 3378 3489 3488
F 3489 3378 3379
F 3595 3489 3596
F 3489 3595 3488
F 2175 2174 2091
F 2174 2090 2091
F 2090 2089 2007
F 2007 2089 2006
F 2174 2089 2090
F 2089 2174 2173
F 1930 1929 1848
F 1849 1930 1848
F 1926 2010 2009
F 1925 1926 2009
F 2097 2096 2013
F 2014 2097 2013
F 2362 2270 2363
F 2363 2270 2271
F 2270 2362 2361
F 2269 2270 2361
F 2180 2270 2179
F 2270 2269 2179
F 2846 2949 2948
F 2846 2948 2845
F 2745 2846 2845
F 2846 2745 2746
F 2747 2846 2746
F 2847 2846 2747
F 2950 2846 2847
F 2846 2950 2949
F 3055 2950 2951
F 3054 2950 3055
F 2950 3054 3053
F 2949 2950 3053
F 2950 2848 2951
F 2950 2847 2848
F 2744 2642 2643
F 2743 2642 2744
F 2546 2642 2545
F 2642 2546 2643
F 2545 2642 2544
F 2642 2641 2544
F 2642 2742 2641
F 2742 2642 2743
F 2741 2742 2842
F 2842 2742 2843
F 2742 2741 2640
F 2641 2742 2640
F 1618 1694 1617
F 1617 1694 1693
F 2838 2939 2837
F 2939 2838 2940
F 2838 2839 2941
F 2838 2941 2940
F 2934 3038 2933
F 3038 3037 2933
F 2838 2738 2839
F 2738 2838 2737
F 2839 2738 2840
F 2738 2739 2840
F 2264 2175 2265
F 2264 2174 2175
F 2736 2838 2837
F 2838 2736 2737
F 2633 2734 2733
F 2632 2633 2733
F 2258 2351 2350
F 2351 2258 2259
F 2441 2351 2442
F 2351 2441 2350
F 2351 2259 2260
F 2352 2351 2260
F 2351 2443 2442
F 2351 2352 2443
F 2835 2937 2834
F 2937 2936 2834
F 2937 2836 2938
F 2836 2937 2835
F 3043 2937 2938
F 3042 2937 3043
F 3041 2937 3042
F 2937 3041 2936
F 3041 3147 3040
F 3147 3041 3148
F 2936 3041 2935
F 3041 3040 2935
F 3474 3365 3475
F 3365 3474 3364
F 3363 3474 3473
F 3474 3363 3364
F 2440 2532 2439
F 2532 2440 2533
F 2440 2348 2349
F 2348 2440 2439
F 2440 2534 2533
F 2440 2441 2534
F 2441 2440 2350
F 2350 2440 2349
F 2002 2086 2001
F 2086 2085 2001
F 2086 2003 2087
F 2003 2086 2002
F 2169 2086 2170
F 2170 2086 2087
F 2168 2086 2169
F 2086 2168 2085
F 2168 2169 2259
F 2258 2168 2259
F 2168 2258 2257
F 2168 2257 2167
F 2004 1920 1921
F 2005 2004 1921
F 2004 2088 2087
F 2003 2004 2087
F 1920 2004 1919
F 2004 2003 1919
F 2007 1923 2008
F 1923 1924 2008
F 1922 1923 2006
F 1923 2007 2006
F 2731 2832 2730
F 2730 2832 2831
F 2833 2832 2732
F 2832 2731 2732
F 4359 4433 4432
F 4358 4359 4432
F 4101 4192 4100
F 4192 4101 4193
F 4101 4194 4193
F 4101 4102 4194
F 4104 4195 4103
F 4195 4104 4196
F 4008 4104 4103
F 4104 4008 4009
F 4009 4008 3907
F 4008 3906 3907
F 3587 3693 3586
F 3694 3693 3587
F 3693 3585 3586
F 3585 3693 3692
F 3693 3694 3801
F 3800 3693 3801
F 3693 3800 3799
F 3692 3693 3799
F 3897 3792 3898
F 3791 3792 3897
F 3792 3686 3793
F 3686 3792 3685
F 3898 3792 3899
F 3792 3793 3899
F 3583 3475 3476
F 3583 3582 3475
F 3582 3583 3689
F 3583 3690 3689
F 3583 3691 3690
F 3691 3583 3584
F 3691 3585 3692
F 3691 3584 3585
F 3798 3691 3799
F 3691 3692 3799
F 3691 3798 3797
F 3690 3691 3797
F 745 804 803
F 744 745 803
F 788 850 849
F 787 788 849
F 728 788 727
F 788 787 727
F 527 574 573
F 574 527 528
F 572 527 573
F 526 527 572
F 483 444 445
F 444 483 482
F 483 526 525
F 483 525 482
F 481 444 482
F 444 481 443
F 481 480 442
F 443 481 442
F 523 568 522
F 568 523 569
F 479 523 522
F 480 523 479
F 1981 2067 2066
F 1981 1982 2067
F 1981 2066 2065
F 1980 1981 2065
F 1898 1816 1817
F 1898 1897 1816
F 1818 1898 1817
F 1898 1818 1899
F 1983 1898 1899
F 1982 1898 1983
F 1821 1903 1902
F 1821 1822 1903
F 1668 1593 1594
F 1669 1668 1594
F 1747 1824 1823
F 1747 1748 1824
F 1822 1747 1823
F 1747 1822 1746
F 1747 1670 1671
F 1748 1747 1671
F 1670 1747 1669
F 1669 1747 1746
F 1449 1450 1522
F 1449 1522 1521
F 1449 1378 1450
F 1378 1449 1377
F 1520 1449 1521
F 1448 1449 1520
F 1449 1448 1376
F 1449 1376 1377
F 987 1051 986
F 1051 1050 986
F 923 987 986
F 922 923 986
F 1604 1605 1680
F 1679 1604 1680
F 1605 1604 1531
F 1604 1530 1531
F 1528 1601 1527
F 1601 1528 1602
F 1528 1527 1455
F 1456 1528 1455
F 1181 1182 1246
F 1182 1247 1246
F 1182 1183 1248
F 1247 1182 1248
F 1837 1762 1838
F 1762 1837 1761
F 1043 980 1044
F 980 1043 979
F 1043 1044 1111
F 1110 1043 1111
F 1176 1242 1241
F 1176 1177 1242
F 1112 1176 1111
F 1177 1176 1112
F 1306 1378 1377
F 1305 1306 1377
F 1236 1306 1305
F 1306 1236 1237
F 1378 1306 1379
F 1306 1307 1379
F 1040 975 976
F 1040 1039 975
F 977 1040 976
F 1040 977 1041
F 1040 1106 1039
F 1106 1040 1107
F 853 917 916
F 917 853 854
F 917 980 979
F 916 917 979
F 920 983 919
F 983 920 984
F 1047 983 1048
F 1048 983 984
F 1826 1751 1827
F 1751 1826 1750
F 1826 1749 1750
F 1826 1825 1749
F 1826 1827 1908
F 1907 1826 1908
F 1826 1906 1825
F 1826 1907 1906
F 475 476 518
F 517 475 518
F 475 516 474
F 475 517 516
F 438 473 472
F 473 438 439
F 516 473 474
F 515 473 516
F 473 514 472
F 473 515 514
F 786 847 785
F 785 847 846
F 910 847 911
F 911 847 848
F 847 909 846
F 847 910 909
F 1662 1737 1736
F 1661 1662 1736
F 1662 1738 1737
F 1738 1662 1663
F 1813 1738 1814
F 1814 1738 1739
F 1738 1813 1812
F 1737 1738 1812
F 1587 1662 1661
F 1662 1587 1588
F 1373 1443 1372
F 1443 1373 1444
F 1300 1232 1233
F 1300 1233 1301
F 1034 1100 1099
F 1100 1034 1035
F 1035 1034 971
F 1034 970 971
F 1100 1164 1099
F 1164 1100 1165
F 1226 1294 1225
F 1294 1293 1225
F 2124 2044 2125
F 2044 2124 2043
F 2211 2124 2125
F 2210 2124 2211
F 1876 1956 1875
F 1876 1957 1956
F 1798 1875 1797
F 1798 1876 1875
F 2115 2033 2034
F 2033 2115 2114
F 2114 2115 2200
F 2115 2201 2200
F 2208 2299 2298
F 2299 2208 2209
F 507 552 506
F 553 552 507
F 384 405 404
F 405 384 385
F 405 406 433
F 432 405 433
F 405 431 404
F 405 432 431
F 516 563 562
F 517 563 516
F 610 563 611
F 563 610 562
F 564 563 518
F 563 517 518
F 563 612 611
F 563 564 612
F 1031 1096 1095
F 1031 1095 1030
F 3650 3651 3758
F 3757 3650 3758
F 3651 3650 3544
F 3650 3543 3544
F 3542 3650 3649
F 3543 3650 3542
F 3435 3327 3436
F 3327 3435 3326
F 3325 3435 3434
F 3435 3325 3326
F 3435 3436 3544
F 3543 3435 3544
F 3435 3542 3434
F 3435 3543 3542
F 3335 3444 3334
F 3334 3444 3443
F 3441 3550 3549
F 3441 3442 3550
F 3225 3333 3224
F 3333 3225 3334
F 3223 3333 3332
F 3333 3223 3224
F 3333 3334 3443
F 3442 3333 3443
F 3441 3333 3442
F 3333 3441 3332
F 3427 3319 3428
F 3319 3427 3318
F 3428 3319 3429
F 3319 3320 3429
F 3316 3210 3317
F 3210 3316 3209
F 3210 3102 3103
F 3210 3209 3102
F 3210 3211 3318
F 3317 3210 3318
F 3319 3213 3320
F 3213 3319 3212
F 3320 3213 3321
F 3213 3214 3321
F 3107 3213 3106
F 3213 3107 3214
F 3213 3105 3106
F 3105 3213 3212
F 3107 3215 3214
F 3215 3107 3108
F 3109 3215 3108
F 3215 3109 3216
F 3214 3215 3321
F 3215 3322 3321
F 3322 3215 3323
F 3215 3216 3323
F 1655 1582 1656
F 1582 1655 1581
F 1731 1807 1806
F 1807 1731 1732
F 1805 1731 1806
F 1731 1805 1730
F 1731 1655 1656
F 1655 1731 1730
F 1657 1731 1656
F 1731 1657 1732
F 1657 1584 1658
F 1584 1657 1583
F 1657 1733 1732
F 1733 1657 1658
F 1582 1657 1656
F 1657 1582 1583
F 3101 3100 2994
F 3101 2994 2995
F 3207 3208 3314
F 3314 3208 3315
F 3208 3316 3315
F 3316 3208 3209
F 3639 3530 3531
F 3530 3639 3638
F 3423 3530 3422
F 3530 3423 3531
F 3530 3638 3637
F 3529 3530 3637
F 3530 3421 3422
F 3530 3529 3421
F 2217 2308 2307
F 2217 2218 2308
F 2314 2315 2404
F 2315 2405 2404
F 2313 2314 2404
F 2403 2313 2404
F 2492 2586 2491
F 2586 2492 2587
F 2588 2492 2493
F 2492 2588 2587
F 2492 2402 2493
F 2402 2492 2401
F 2492 2400 2401
F 2400 2492 2491
F 2223 2222 2136
F 2137 2223 2136
F 2138 2223 2137
F 2223 2138 2224
F 2313 2223 2314
F 2314 2223 2224
F 2889 2890 2989
F 2890 2990 2989
F 2990 2890 2991
F 2890 2891 2991
F 2690 2789 2788
F 2789 2690 2691
F 2690 2591 2592
F 2591 2690 2689
F 2988 2987 2888
F 2888 2987 2887
F 3094 2987 2988
F 2987 3094 3093
F 3529 3420 3421
F 3420 3529 3528
F 2315 2406 2405
F 2406 2315 2316
F 2886 2986 2985
F 2885 2886 2985
F 2987 2886 2887
F 2886 2987 2986
F 2782 2886 2885
F 2783 2886 2782
F 2886 2784 2887
F 2886 2783 2784
F 2134 2052 2053
F 2134 2133 2052
F 1969 1970 2053
F 1970 2054 2053
F 1888 1970 1969
F 1970 1888 1889
F 1890 1970 1889
F 1971 1970 1890
F 1894 1974 1893
F 1974 1894 1975
F 1974 1892 1893
F 1892 1974 1973
F 1974 2056 1973
F 1974 2057 2056
F 2593 2592 2498
F 2499 2593 2498
F 2593 2690 2592
F 2690 2593 2691
F 2593 2692 2691
F 2692 2593 2594
F 2692 2790 2789
F 2692 2789 2691
F 2996 3101 2995
F 3101 2996 3102
F 2057 2058 2139
F 2139 2058 2140
F 2058 1974 1975
F 1974 2058 2057
F 2318 2229 2319
F 2229 2318 2228
F 2046 2128 2127
F 2047 2128 2046
F 2213 2128 2214
F 2128 2213 2127
F 2128 2047 2048
F 2128 2048 2129
F 1573 1502 1574
F 1501 1502 1573
F 1364 1436 1435
F 1436 1364 1365
F 1294 1364 1293
F 1364 1294 1365
F 1364 1435 1434
F 1363 1364 1434
F 1364 1363 1292
F 1293 1364 1292
F 2860 2760 2861
F 2860 2759 2760
F 2963 2860 2861
F 2962 2860 2963
F 3822 3715 3716
F 3823 3822 3716
F 3714 3822 3821
F 3822 3714 3715
F 3822 3925 3821
F 3925 3822 3926
F 3504 3396 3505
F 3505 3396 3397
F 3289 3396 3288
F 3396 3289 3397
F 3396 3504 3503
F 3395 3396 3503
F 3396 3395 3287
F 3288 3396 3287
F 3293 3185 3186
F 3294 3293 3186
F 3289 3398 3397
F 3290 3398 3289
F 3398 3505 3397
F 3505 3398 3506
F 3398 3290 3291
F 3399 3398 3291
F 3398 3507 3506
F 3398 3399 3507
F 3935 4036 3934
F 4036 3935 4037
F 4037 3935 4038
F 3935 3936 4038
F 3723 3722 3614
F 3615 3723 3614
F 3833 3834 3938
F 3937 3833 3938
F 3507 3616 3506
F 3616 3615 3506
F 3616 3723 3615
F 3723 3616 3724
F 3617 3616 3508
F 3616 3507 3508
F 3626 3735 3734
F 3735 3626 3627
F 3838 3732 3839
F 3732 3838 3731
F 3732 3623 3624
F 3623 3732 3731
F 3295 3404 3403
F 3404 3295 3296
F 3295 3403 3402
F 3294 3295 3402
F 3296 3295 3188
F 3295 3187 3188
F 3295 3294 3186
F 3187 3295 3186
F 3182 3183 3290
F 3290 3183 3291
F 2389 2297 2298
F 2297 2389 2388
F 2294 2205 2295
F 2205 2294 2204
F 2480 2391 2481
F 2391 2480 2390
F 2670 2669 2573
F 2669 2572 2573
F 2976 2875 2876
F 2975 2875 2976
F 2771 2670 2671
F 2670 2771 2770
F 2871 2771 2872
F 2771 2871 2770
F 2772 2771 2672
F 2771 2671 2672
F 2771 2873 2872
F 2771 2772 2873
F 2675 2776 2775
F 2776 2675 2676
F 2675 2674 2577
F 2578 2675 2577
F 2676 2675 2579
F 2675 2578 2579
F 3621 3620 3512
F 3620 3511 3512
F 3728 3620 3729
F 3620 3621 3729
F 3511 3620 3510
F 3620 3619 3510
F 3727 3620 3728
F 3619 3620 3727
F 4309 4308 4222
F 4223 4309 4222
F 4309 4388 4308
F 4388 4309 4389
F 4309 4223 4224
F 4310 4309 4224
F 4309 4390 4389
F 4309 4310 4390
F 4025 3922 3923
F 3922 4025 4024
F 4301 4300 4215
F 4300 4214 4215
F 4300 4299 4213
F 4214 4300 4213
F 4299 4300 4380
F 4380 4300 4381
F 3389 3496 3388
F 3497 3496 3389
F 4022 3921 4023
F 3921 4022 3920
F 3920 4022 3919
F 4022 4021 3919
F 4118 4022 4023
F 4022 4118 4117
F 4024 4118 4023
F 4118 4024 4119
F 4118 4210 4209
F 4117 4118 4209
F 4118 4211 4210
F 4211 4118 4119
F 4211 4298 4297
F 4211 4212 4298
F 4211 4296 4210
F 4296 4211 4297
F 4116 4022 4117
F 4022 4116 4021
F 4116 4117 4209
F 4208 4116 4209
F 4116 4207 4115
F 4116 4208 4207
F 3818 3817 3711
F 3817 3710 3711
F 3709 3817 3816
F 3710 3817 3709
F 4214 4123 4215
F 4123 4214 4122
F 4028 4123 4027
F 4123 4122 4027
F 2459 2460 2553
F 2460 2554 2553
F 1402 1472 1401
F 1472 1402 1473
F 1620 1546 1621
F 1546 1547 1621
F 1337 1410 1409
F 1410 1337 1338
F 3065 3172 3064
F 3172 3171 3064
F 3171 3172 3279
F 3172 3280 3279
F 3173 3172 3066
F 3172 3065 3066
F 3280 3172 3281
F 3172 3173 3281
F 3283 3175 3176
F 3283 3176 3284
F 3283 3174 3175
F 3283 3282 3174
F 3497 3390 3498
F 3390 3497 3389
F 3281 3390 3389
F 3282 3390 3281
F 2658 2659 2758
F 2659 2759 2758
F 2659 2563 2660
F 2659 2562 2563
F 2468 2376 2377
F 2376 2468 2467
F 2468 2377 2378
F 2469 2468 2378
F 2468 2469 2563
F 2562 2468 2563
F 2859 2858 2757
F 2859 2757 2758
F 2860 2859 2759
F 2759 2859 2758
F 2554 2555 2651
F 2651 2555 2652
F 2460 2555 2554
F 2555 2460 2461
F 2960 2856 2857
F 2856 2960 2959
F 2657 2658 2758
F 2757 2657 2758
F 2561 2468 2562
F 2468 2561 2467
F 2659 2561 2562
F 2561 2659 2658
F 2657 2561 2658
F 2561 2657 2560
F 2107 2024 2025
F 2024 2107 2106
F 2282 2193 2283
F 2192 2193 2282
F 3061 2957 2958
F 2957 3061 3060
F 3062 3061 2959
F 3061 2958 2959
F 3493 3385 3494
F 3385 3493 3384
F 3493 3494 3602
F 3601 3493 3602
F 3600 3493 3601
F 3493 3600 3492
F 3600 3708 3707
F 3599 3600 3707
F 3600 3709 3708
F 3600 3601 3709
F 3387 3278 3279
F 3386 3278 3387
F 3165 3058 3059
F 3058 3165 3164
F 3272 3380 3379
F 3271 3272 3379
F 3272 3273 3381
F 3380 3272 3381
F 3272 3165 3273
F 3165 3272 3164
F 3383 3493 3492
F 3493 3383 3384
F 2372 2371 2280
F 2281 2372 2280
F 2373 2372 2282
F 2372 2281 2282
F 2185 2275 2274
F 2184 2185 2274
F 2185 2276 2275
F 2185 2186 2276
F 1860 1942 1941
F 1942 1860 1861
F 1714 1638 1639
F 1714 1639 1715
F 1638 1637 1563
F 1637 1562 1563
F 2281 2191 2282
F 2191 2192 2282
F 2107 2191 2106
F 2191 2107 2192
F 2190 2191 2280
F 2191 2281 2280
F 2191 2105 2106
F 2191 2190 2105
F 2104 2190 2189
F 2190 2104 2105
F 2105 2104 2023
F 2104 2022 2023
F 2104 2189 2188
F 2103 2104 2188
F 2022 2104 2021
F 2104 2103 2021
F 2185 2101 2186
F 2101 2185 2100
F 2186 2101 2187
F 2187 2101 2102
F 2101 2020 2102
F 2101 2019 2020
F 2018 2101 2100
F 2019 2101 2018
F 1936 1935 1855
F 1935 1854 1855
F 1853 1935 1934
F 1935 1853 1854
F 1935 1936 2020
F 2019 1935 2020
F 1935 2018 1934
F 1935 2019 2018
F 489 450 451
F 489 488 450
F 238 246 237
F 246 238 247
F 238 237 227
F 228 238 227
F 679 625 626
F 678 625 679
F 578 532 533
F 579 578 533
F 578 579 627
F 626 578 627
F 625 578 626
F 578 625 577
F 531 578 577
F 578 531 532
F 487 531 530
F 488 531 487
F 489 531 488
F 531 489 532
F 530 531 576
F 531 577 576
F 455 423 424
F 454 423 455
F 423 399 400
F 423 422 399
F 422 423 453
F 423 454 453
F 301 313 300
F 314 313 301
F 299 313 312
F 313 299 300
F 312 313 325
F 313 326 325
F 1950 1870 1951
F 1870 1950 1869
F 1951 1870 1952
F 1952 1870 1871
F 1791 1870 1869
F 1870 1791 1792
F 1870 1793 1871
F 1870 1792 1793
F 1498 1428 1499
F 1428 1498 1427
F 1572 1647 1571
F 1571 1647 1646
F 1648 1647 1573
F 1647 1572 1573
F 1796 1720 1797
F 1720 1721 1797
F 1646 1720 1645
F 1720 1646 1721
F 1795 1720 1796
F 1719 1720 1795
F 1718 1642 1643
F 1642 1718 1717
F 1793 1718 1794
F 1717 1718 1793
F 1718 1795 1794
F 1718 1719 1795
F 895 831 832
F 831 895 894
F 893 831 894
F 831 893 830
F 955 893 894
F 893 955 954
F 893 954 953
F 892 893 953
F 1422 1493 1492
F 1421 1422 1492
F 831 770 771
F 770 831 830
F 762 823 822
F 823 762 763
F 764 823 763
F 823 764 824
F 701 764 763
F 764 701 702
F 762 701 763
F 701 762 700
F 643 701 700
F 644 701 643
F 594 645 593
F 645 594 646
F 645 701 644
F 701 645 702
F 703 645 646
F 645 703 702
F 765 764 702
F 703 765 702
F 1267 1204 1268
F 1203 1204 1267
F 1136 1072 1137
F 1072 1136 1071
F 1136 1204 1203
F 1204 1136 1137
F 823 885 822
F 885 823 886
F 885 884 821
F 822 885 821
F 2864 2764 2865
F 2764 2864 2763
F 2379 2471 2470
F 2380 2471 2379
F 2767 2867 2766
F 2868 2867 2767
F 3180 3073 3181
F 3073 3074 3181
F 3070 3176 3069
F 3070 3177 3176
F 3070 2965 2966
F 3071 3070 2966
F 3177 3070 3178
F 3070 3071 3178
F 929 930 993
F 930 994 993
F 930 929 867
F 868 930 867
F 930 868 869
F 931 930 869
F 542 541 498
F 542 498 499
F 806 807 869
F 869 807 870
F 807 747 748
F 807 806 747
F 932 931 869
F 932 869 870
F 807 871 870
F 871 807 808
F 688 749 748
F 749 688 689
F 1054 990 991
F 1055 1054 991
F 994 1057 993
F 1057 994 1058
F 799 739 740
F 739 799 798
F 798 799 861
F 799 862 861
F 860 923 922
F 923 860 861
F 860 921 859
F 921 860 922
F 860 798 861
F 860 797 798
F 797 860 796
F 796 860 859
F 1050 985 986
F 1049 985 1050
F 985 1049 1048
F 985 1048 984
F 985 921 922
F 985 922 986
F 921 985 920
F 920 985 984
F 736 677 737
F 677 736 676
F 792 856 855
F 856 792 793
F 792 733 734
F 792 734 793
F 732 731 671
F 732 671 672
F 673 732 672
F 733 732 673
F 4319 4234 4320
F 4233 4234 4319
F 4320 4234 4321
F 4234 4235 4321
F 4234 4233 4141
F 4142 4234 4141
F 4235 4234 4143
F 4234 4142 4143
F 2783 2684 2685
F 2684 2783 2782
F 2588 2684 2587
F 2684 2588 2685
F 3201 3200 3094
F 3094 3200 3093
F 3200 3199 3092
F 3200 3092 3093
F 3200 3201 3309
F 3308 3200 3309
F 3307 3200 3308
F 3200 3307 3199
F 3414 3307 3415
F 3307 3414 3306
F 3307 3306 3198
F 3199 3307 3198
F 3307 3416 3415
F 3307 3308 3416
F 3227 3120 3228
F 3120 3121 3228
F 3014 3120 3013
F 3120 3014 3121
F 2912 3013 2911
F 2912 3014 3013
F 3337 3338 3446
F 3446 3338 3447
F 3338 3339 3448
F 3338 3448 3447
F 3767 3768 3873
F 3872 3767 3873
F 3767 3661 3768
F 3661 3767 3660
F 3767 3872 3871
F 3766 3767 3871
F 3554 3553 3447
F 3553 3446 3447
F 3777 3883 3882
F 3883 3777 3778
F 3977 3978 4073
F 4072 3977 4073
F 3977 4071 3976
F 3977 4072 4071
F 3978 3977 3878
F 3977 3877 3878
F 3876 3977 3976
F 3877 3977 3876
F 2330 2420 2329
F 2420 2330 2421
F 2514 2420 2421
F 2420 2514 2513
F 2420 2328 2329
F 2420 2419 2328
F 2512 2609 2511
F 2609 2512 2610
F 2420 2512 2419
F 2512 2420 2513
F 2512 2611 2610
F 2611 2512 2513
F 2512 2511 2418
F 2419 2512 2418
F 2147 2235 2146
F 2236 2235 2147
F 2145 2235 2234
F 2235 2145 2146
F 2328 2235 2236
F 2327 2235 2328
F 2326 2235 2327
F 2235 2326 2234
F 2326 2233 2234
F 2233 2326 2325
F 2326 2416 2325
F 2326 2417 2416
F 2326 2327 2418
F 2417 2326 2418
F 3559 3452 3453
F 3560 3559 3453
F 3666 3559 3667
F 3559 3560 3667
F 4261 4174 4175
F 4174 4261 4260
F 4259 4174 4260
F 4173 4174 4259
F 4081 4080 3985
F 3986 4081 3985
F 4080 4081 4172
F 4081 4173 4172
F 2436 2528 2435
F 2528 2436 2529
F 2528 2434 2435
F 2434 2528 2527
F 2528 2625 2624
F 2527 2528 2624
F 2530 2626 2529
F 2626 2530 2627
F 2528 2626 2625
F 2626 2528 2529
F 2626 2728 2727
F 2728 2626 2627
F 2626 2727 2726
F 2625 2626 2726
F 2157 2246 2156
F 2157 2247 2246
F 2253 2254 2346
F 2345 2253 2346
F 2254 2253 2164
F 2164 2253 2163
F 2253 2345 2344
F 2252 2253 2344
F 2253 2162 2163
F 2162 2253 2252
F 2078 1992 1993
F 1992 2078 2077
F 2078 1993 1994
F 2079 2078 1994
F 2623 2725 2724
F 2725 2623 2624
F 2622 2623 2723
F 2623 2724 2723
F 2524 2431 2432
F 2525 2524 2432
F 2524 2622 2621
F 2622 2524 2525
F 2620 2524 2621
F 2523 2524 2620
F 2430 2524 2523
F 2524 2430 2431
F 2338 2430 2429
F 2430 2338 2339
F 2340 2430 2339
F 2430 2340 2431
F 2430 2522 2429
F 2430 2523 2522
F 2164 2080 2081
F 2080 2164 2163
F 1910 1995 1994
F 1995 1910 1911
F 1910 1830 1911
F 1830 1910 1829
F 2166 2257 2256
F 2257 2166 2167
F 2166 2256 2255
F 2165 2166 2255
F 1917 2000 1916
F 2000 1917 2001
F 2000 1999 1915
F 1916 2000 1915
F 3130 3024 3131
F 3024 3130 3023
F 3131 3024 3132
F 3024 3025 3132
F 3025 3024 2922
F 2922 3024 2921
F 4177 4178 4263
F 4178 4264 4263
F 4178 4177 4085
F 4086 4178 4085
F 4178 4086 4087
F 4179 4178 4087
F 4265 4178 4179
F 4178 4265 4264
F 4347 4265 4266
F 4265 4347 4346
F 4345 4265 4346
F 4264 4265 4345
F 4265 4180 4266
F 4265 4179 4180
F 2925 3028 2924
F 3028 3027 2924
F 3134 3028 3135
F 3027 3028 3134
F 3028 3136 3135
F 3028 3029 3136
F 3028 2926 3029
F 2926 3028 2925
F 2822 2926 2821
F 2926 2925 2821
F 2926 2822 2823
F 2927 2926 2823
F 3029 2926 3030
F 2926 2927 3030
F 3243 3354 3353
F 3354 3243 3244
F 3242 3243 3352
F 3243 3353 3352
F 3136 3243 3242
F 3137 3243 3136
F 3138 3243 3137
F 3243 3138 3244
F 3138 3139 3245
F 3244 3138 3245
F 3139 3138 3032
F 3138 3031 3032
F 3138 3137 3030
F 3031 3138 3030
F 3665 3559 3666
F 3559 3665 3558
F 3665 3664 3557
F 3665 3557 3558
F 3451 3559 3558
F 3559 3451 3452
F 3451 3342 3343
F 3452 3451 3343
F 3342 3451 3341
F 3451 3450 3341
F 3557 3451 3558
F 3450 3451 3557
F 2920 3024 3023
F 3024 2920 2921
F 3235 3127 3128
F 3127 3235 3234
F 3234 3235 3343
F 3235 3344 3343
F 3344 3235 3345
F 3235 3236 3345
F 3235 3128 3129
F 3236 3235 3129
F 3347 3457 3456
F 3457 3347 3348
F 3347 3456 3455
F 3347 3455 3346
F 3237 3347 3346
F 3238 3347 3237
F 3027 3133 3026
F 3133 3027 3134
F 3133 3025 3026
F 3025 3133 3132
F 3133 3134 3240
F 3239 3133 3240
F 3019 3125 3018
F 3125 3019 3126
F 3018 3125 3017
F 3125 3124 3017
F 3124 3125 3231
F 3125 3232 3231
F 3460 3567 3459
F 3567 3566 3459
F 3461 3567 3460
F 3568 3567 3461
F 3681 3575 3682
F 3575 3681 3574
F 3575 3574 3467
F 3468 3575 3467
F 3142 3249 3248
F 3249 3142 3143
F 3686 3578 3579
F 3578 3686 3685
F 4200 4285 4199
F 4285 4200 4286
F 4200 4287 4286
F 4287 4200 4201
F 4363 4436 4362
F 4363 4437 4436
F 4367 4366 4286
F 4366 4285 4286
F 4285 4366 4284
F 4366 4365 4284
F 4373 4374 4447
F 4447 4374 4448
F 4293 4374 4292
F 4374 4373 4292
F 4112 4016 4017
F 4016 4112 4111
F 4445 4372 4446
F 4445 4371 4372
F 3590 3482 3483
F 3590 3589 3482
F 3804 3908 3803
F 3908 3907 3803
F 4200 4109 4201
F 4109 4200 4108
F 3913 3808 3809
F 3913 3912 3808
F 3914 4016 4015
F 3913 3914 4015
F 3810 3914 3809
F 3914 3913 3809
F 3704 3812 3811
F 3812 3704 3705
F 3593 3594 3701
F 3701 3594 3702
F 3487 3594 3486
F 3594 3593 3486
F 3702 3594 3703
F 3594 3595 3703
F 3488 3594 3487
F 3595 3594 3488
F 2016 1931 1932
F 1931 2016 2015
F 1931 1851 1932
F 1851 1931 1850
F 1931 2015 2014
F 1930 1931 2014
F 1931 1849 1850
F 1931 1930 1849
F 1845 1846 1927
F 1926 1845 1927
F 2178 2095 2179
F 2178 2094 2095
F 2095 2012 2096
F 2096 2012 2013
F 1847 1770 1848
F 1770 1771 1848
F 1846 1770 1847
F 1770 1846 1769
F 1694 1770 1693
F 1770 1769 1693
F 1695 1770 1694
F 1770 1695 1771
F 1695 1620 1696
F 1620 1695 1619
F 1771 1695 1772
F 1772 1695 1696
F 1695 1694 1618
F 1695 1618 1619
F 3147 3146 3040
F 3146 3039 3040
F 2633 2735 2734
F 2735 2633 2634
F 2735 2835 2734
F 2735 2836 2835
F 2836 2735 2837
F 2735 2736 2837
F 2536 2535 2442
F 2443 2536 2442
F 2535 2536 2632
F 2536 2633 2632
F 2739 2637 2638
F 2738 2637 2739
F 2357 2356 2265
F 2356 2264 2265
F 2635 2735 2634
F 2735 2635 2736
F 2633 2537 2634
F 2536 2537 2633
F 4434 4489 4433
F 4434 4490 4489
F 4279 4278 4193
F 4278 4192 4193
F 4192 4278 4191
F 4278 4277 4191
F 4278 4358 4277
F 4278 4359 4358
F 3904 4006 4005
F 4006 3904 3905
F 4006 4100 4005
F 4006 4101 4100
F 4102 4007 4103
F 4007 4008 4103
F 4101 4007 4102
F 4006 4007 4101
F 3582 3581 3475
F 3581 3474 3475
F 683 630 631
F 684 683 631
F 630 683 629
F 629 683 682
F 744 683 684
F 743 683 744
F 683 742 682
F 683 743 742
F 685 745 744
F 685 744 684
F 746 806 805
F 806 746 747
F 804 746 805
F 745 746 804
F 481 524 480
F 524 523 480
F 525 524 482
F 524 481 482
F 1743 1820 1819
F 1744 1820 1743
F 1820 1900 1819
F 1900 1820 1901
F 1901 1820 1902
F 1820 1821 1902
F 1667 1743 1666
F 1667 1744 1743
F 1591 1667 1666
F 1667 1591 1592
F 1593 1667 1592
F 1668 1667 1593
F 1820 1745 1821
F 1745 1820 1744
F 1745 1667 1668
F 1667 1745 1744
F 1821 1745 1822
F 1822 1745 1746
F 1745 1668 1669
F 1745 1669 1746
F 1052 1118 1117
F 1051 1052 1117
F 1603 1677 1602
F 1677 1603 1678
F 1603 1679 1678
F 1603 1604 1679
F 1674 1599 1600
F 1675 1674 1600
F 1598 1674 1673
F 1599 1674 1598
F 1673 1674 1750
F 1674 1751 1750
F 1674 1752 1751
F 1752 1674 1675
F 1752 1829 1828
F 1829 1752 1753
F 1752 1675 1676
F 1752 1676 1753
F 1827 1752 1828
F 1751 1752 1827
F 1535 1534 1462
F 1463 1535 1462
F 1534 1535 1608
F 1608 1535 1609
F 1464 1535 1463
F 1535 1464 1536
F 1323 1394 1322
F 1394 1323 1395
F 1918 2002 2001
F 1917 1918 2001
F 1918 2003 2002
F 2003 1918 1919
F 1918 1837 1838
F 1919 1918 1838
F 1759 1681 1682
F 1681 1759 1758
F 977 1042 1041
F 978 1042 977
F 1043 1042 979
F 1042 978 979
F 1042 1043 1110
F 1042 1110 1109
F 1042 1108 1041
F 1108 1042 1109
F 1108 1040 1041
F 1040 1108 1107
F 1110 1175 1109
F 1175 1174 1109
F 1175 1240 1239
F 1174 1175 1239
F 1175 1110 1111
F 1176 1175 1111
F 1240 1175 1241
F 1175 1176 1241
F 1236 1171 1237
F 1171 1236 1170
F 1105 1171 1170
F 1106 1171 1105
F 918 917 854
F 855 918 854
F 972 910 911
F 910 972 971
F 1167 1103 1168
F 1103 1167 1102
F 1097 1163 1162
F 1098 1163 1097
F 1163 1226 1225
F 1163 1225 1162
F 1164 1163 1099
F 1163 1098 1099
F 2208 2123 2209
F 2123 2208 2122
F 2123 2041 2042
F 2123 2122 2041
F 2123 2210 2209
F 2123 2124 2210
F 2043 2123 2042
F 2124 2123 2043
F 1877 1800 1878
F 1877 1799 1800
F 1959 1877 1878
F 1958 1877 1959
F 1798 1877 1876
F 1877 1798 1799
F 1877 1958 1957
F 1876 1877 1957
F 2116 2036 2117
F 2116 2035 2036
F 2035 2116 2034
F 2116 2115 2034
F 1787 1866 1865
F 1866 1787 1788
F 1864 1787 1865
F 1786 1787 1864
F 1941 2026 2025
F 1942 2026 1941
F 2108 2109 2195
F 2194 2108 2195
F 2109 2108 2028
F 2108 2027 2028
F 1862 1943 1861
F 1943 1942 1861
F 1944 1943 1863
F 1943 1862 1863
F 1943 2026 1942
F 2026 1943 2027
F 1943 1944 2028
F 2027 1943 2028
F 505 464 506
F 464 505 463
F 905 967 966
F 906 967 905
F 3107 3001 3108
F 3001 3002 3108
F 3000 3107 3106
F 3000 3001 3107
F 2792 2694 2793
F 2694 2695 2793
F 2692 2791 2790
F 2791 2692 2693
F 2790 2791 2893
F 2893 2791 2894
F 2791 2694 2792
F 2694 2791 2693
F 2791 2895 2894
F 2791 2792 2895
F 2993 2893 2894
F 2994 2993 2894
F 2130 2048 2049
F 2048 2130 2129
F 2225 2139 2140
F 2226 2225 2140
F 2225 2138 2139
F 2138 2225 2224
F 2225 2226 2316
F 2315 2225 2316
F 2225 2315 2314
F 2225 2314 2224
F 2494 2403 2404
F 2495 2494 2404
F 2402 2494 2493
F 2494 2402 2403
F 2590 2591 2689
F 2688 2590 2689
F 2590 2688 2687
F 2589 2590 2687
F 2218 2309 2308
F 2219 2309 2218
F 2787 2889 2786
F 2787 2890 2889
F 2688 2787 2786
F 2787 2688 2689
F 2891 2787 2788
F 2890 2787 2891
F 3524 3525 3633
F 3525 3634 3633
F 2135 2134 2053
F 2054 2135 2053
F 2695 2794 2793
F 2696 2794 2695
F 2794 2896 2793
F 2896 2794 2897
F 2792 2896 2895
F 2896 2792 2793
F 2896 2996 2995
F 2895 2896 2995
F 1504 1503 1433
F 1503 1432 1433
F 1503 1504 1576
F 1575 1503 1576
F 1503 1431 1432
F 1431 1503 1502
F 1503 1575 1574
F 1502 1503 1574
F 1432 1360 1361
F 1431 1360 1432
F 1430 1502 1501
F 1430 1431 1502
F 1430 1360 1431
F 1360 1430 1359
F 1577 1651 1576
F 1652 1651 1577
F 1575 1651 1650
F 1651 1575 1576
F 1651 1652 1726
F 1725 1651 1726
F 1651 1724 1650
F 1651 1725 1724
F 3399 3400 3507
F 3507 3400 3508
F 3830 3935 3934
F 3935 3830 3831
F 3933 3830 3934
F 3830 3933 3829
F 3830 3723 3724
F 3831 3830 3724
F 3722 3830 3829
F 3723 3830 3722
F 3935 3832 3936
F 3832 3935 3831
F 3832 3937 3936
F 3832 3833 3937
F 3517 3408 3409
F 3408 3517 3516
F 3517 3625 3516
F 3517 3626 3625
F 3733 3626 3734
F 3626 3733 3625
F 3733 3841 3840
F 3841 3733 3734
F 3625 3733 3624
F 3733 3732 3624
F 3733 3840 3839
F 3732 3733 3839
F 3300 3191 3192
F 3191 3300 3299
F 3193 3300 3192
F 3300 3193 3301
F 3409 3300 3301
F 3408 3300 3409
F 3407 3300 3408
F 3300 3407 3299
F 3407 3298 3299
F 3298 3407 3406
F 3407 3514 3406
F 3407 3515 3514
F 3515 3407 3516
F 3407 3408 3516
F 3187 3079 3080
F 3079 3187 3186
F 3080 3079 2974
F 3079 2973 2974
F 3076 2970 2971
F 3077 3076 2971
F 3076 3077 3184
F 3183 3076 3184
F 2120 2040 2121
F 2040 2120 2039
F 2672 2575 2673
F 2575 2576 2673
F 2576 2575 2481
F 2575 2480 2481
F 2669 2668 2572
F 2572 2668 2571
F 2675 2774 2674
F 2774 2675 2775
F 2674 2774 2673
F 2774 2773 2673
F 2774 2775 2876
F 2875 2774 2876
F 2874 2774 2875
F 2774 2874 2773
F 2973 2874 2974
F 2874 2973 2873
F 2874 2772 2773
F 2772 2874 2873
F 2874 2975 2974
F 2874 2875 2975
F 4026 3925 4027
F 3925 4026 3924
F 3924 4026 3923
F 4026 4025 3923
F 3605 3713 3712
F 3604 3605 3712
F 3714 3605 3606
F 3605 3714 3713
F 3605 3497 3606
F 3605 3496 3497
F 3928 4029 3927
F 4029 3928 4030
F 4029 4028 3926
F 4029 3926 3927
F 1402 1474 1473
F 1474 1402 1403
F 1404 1474 1403
F 1474 1404 1475
F 1546 1474 1547
F 1547 1474 1475
F 1547 1548 1621
F 1548 1622 1621
F 1336 1266 1337
F 1266 1336 1265
F 1266 1203 1267
F 1203 1266 1202
F 1338 1266 1267
F 1337 1266 1338
F 3392 3391 3284
F 3391 3283 3284
F 3283 3391 3282
F 3391 3390 3282
F 3391 3499 3498
F 3390 3391 3498
F 2556 2653 2652
F 2555 2556 2652
F 2653 2556 2654
F 2556 2557 2654
F 2857 2755 2756
F 2856 2755 2857
F 2754 2855 2753
F 2753 2855 2854
F 2855 2957 2854
F 2957 2855 2958
F 2855 2755 2856
F 2755 2855 2754
F 2855 2856 2959
F 2958 2855 2959
F 2193 2284 2283
F 2284 2193 2194
F 2284 2374 2283
F 2284 2375 2374
F 3597 3491 3598
F 3491 3597 3490
F 3380 3491 3490
F 3491 3380 3381
F 3171 3170 3064
F 3170 3063 3064
F 3170 3171 3279
F 3278 3170 3279
F 2181 2180 2096
F 2097 2181 2096
F 2270 2181 2271
F 2181 2270 2180
F 2098 2181 2097
F 2181 2098 2182
F 2016 2098 2015
F 2098 2016 2099
F 2098 2097 2014
F 2015 2098 2014
F 2098 2183 2182
F 2183 2098 2099
F 1785 1864 1863
F 1785 1786 1864
F 1785 1862 1784
F 1862 1785 1863
F 1786 1785 1711
F 1785 1710 1711
F 1785 1784 1709
F 1710 1785 1709
F 1348 1421 1420
F 1421 1348 1349
F 1484 1414 1485
F 1413 1414 1484
F 1414 1341 1342
F 1341 1414 1413
F 1707 1782 1706
F 1782 1781 1706
F 1782 1708 1783
F 1708 1782 1707
F 1782 1783 1861
F 1860 1782 1861
F 1859 1782 1860
F 1782 1859 1781
F 1939 1859 1940
F 1859 1939 1858
F 1859 1858 1780
F 1781 1859 1780
F 1859 1941 1940
F 1859 1860 1941
F 1714 1713 1638
F 1713 1637 1638
F 493 456 494
F 456 493 455
F 491 534 490
F 490 534 533
F 579 534 580
F 534 579 533
F 580 534 581
F 534 535 581
F 1866 1867 1947
F 1867 1948 1947
F 1644 1720 1719
F 1720 1644 1645
F 1718 1644 1719
F 1644 1718 1643
F 1644 1570 1645
F 1570 1644 1569
F 1570 1646 1645
F 1570 1571 1646
F 1570 1569 1497
F 1498 1570 1497
F 1571 1570 1499
F 1570 1498 1499
F 1644 1568 1569
F 1568 1644 1643
F 1639 1640 1715
F 1640 1716 1715
F 1564 1640 1639
F 1565 1640 1564
F 1351 1350 1280
F 1350 1279 1280
F 1350 1351 1423
F 1422 1350 1423
F 1350 1421 1349
F 1350 1422 1421
F 1353 1352 1281
F 1282 1353 1281
F 1353 1282 1283
F 1354 1353 1283
F 655 713 712
F 713 655 656
F 594 546 595
F 546 594 545
F 547 546 501
F 546 500 501
F 546 596 595
F 596 546 547
F 891 829 892
F 829 891 828
F 893 829 830
F 829 893 892
F 704 765 703
F 765 704 766
F 504 462 463
F 505 504 463
F 548 596 547
F 596 548 597
F 548 547 501
F 502 548 501
F 699 761 698
F 761 760 698
F 760 761 820
F 820 761 821
F 762 761 700
F 761 699 700
F 761 822 821
F 761 762 822
F 826 765 766
F 765 826 825
F 767 704 705
F 704 767 766
F 826 767 827
F 767 826 766
F 1340 1412 1411
F 1339 1340 1411
F 1340 1413 1412
F 1340 1341 1413
F 1008 1073 1007
F 1073 1072 1007
F 1009 1073 1008
F 1074 1073 1009
F 887 823 824
F 823 887 886
F 887 825 888
F 825 887 824
F 1142 1208 1141
F 1208 1142 1209
F 2569 2665 2568
F 2665 2569 2666
F 2668 2570 2571
F 2570 2668 2667
F 2666 2570 2667
F 2569 2570 2666
F 2572 2477 2573
F 2477 2478 2573
F 2386 2294 2295
F 2294 2386 2385
F 3072 3179 3178
F 3071 3072 3178
F 3072 2966 2967
F 3072 3071 2966
F 3072 3180 3179
F 3072 3073 3180
F 3072 2968 3073
F 2968 3072 2967
F 2866 2968 2967
F 2867 2968 2866
F 2968 2867 2868
F 2969 2968 2868
F 3073 2968 3074
F 2968 2969 3074
F 589 543 590
F 590 543 544
F 588 589 637
F 636 588 637
F 635 588 636
F 588 635 587
F 588 543 589
F 543 588 542
F 541 588 587
F 542 588 541
F 756 695 696
F 755 695 756
F 1006 1072 1071
F 1072 1006 1007
F 1007 1006 944
F 1006 943 944
F 817 816 758
F 758 816 757
F 880 881 943
F 942 880 943
F 881 880 818
F 880 817 818
F 880 942 941
F 879 880 941
F 880 816 817
F 816 880 879
F 872 871 808
F 872 808 809
F 690 750 689
F 750 749 689
F 1249 1319 1248
F 1319 1318 1248
F 1250 1319 1249
F 1320 1319 1250
F 1052 1119 1118
F 1119 1052 1053
F 1190 1255 1254
F 1189 1190 1254
F 1056 991 992
F 1056 1055 991
F 993 1056 992
F 1057 1056 993
F 927 864 865
F 864 927 926
F 794 856 793
F 794 857 856
F 791 792 855
F 791 855 854
F 791 853 790
F 853 791 854
F 792 791 733
F 791 732 733
F 731 791 790
F 732 791 731
F 2683 2682 2585
F 2586 2683 2585
F 2780 2683 2781
F 2682 2683 2780
F 2683 2586 2587
F 2684 2683 2587
F 2683 2782 2781
F 2683 2684 2782
F 2808 2807 2707
F 2707 2807 2706
F 2705 2807 2806
F 2807 2705 2706
F 2806 2807 2911
F 2807 2912 2911
F 3014 3122 3121
F 3122 3014 3015
F 3670 3669 3563
F 3669 3562 3563
F 3669 3670 3778
F 3777 3669 3778
F 4082 4083 4175
F 4174 4082 4175
F 4082 3988 4083
F 3988 4082 3987
F 4082 4174 4173
F 4081 4082 4173
F 4082 3986 3987
F 4082 4081 3986
F 1990 2075 1989
F 2075 2074 1989
F 2074 2075 2156
F 2075 2157 2156
F 2160 2250 2249
F 2159 2160 2249
F 2078 2160 2077
F 2160 2159 2077
F 2433 2526 2432
F 2526 2525 2432
F 2434 2526 2433
F 2526 2434 2527
F 2526 2623 2622
F 2526 2622 2525
F 2526 2527 2624
F 2623 2526 2624
F 2824 2722 2723
F 2722 2824 2823
F 2825 2824 2724
F 2724 2824 2723
F 2081 1996 1997
F 2080 1996 2081
F 1996 1912 1913
F 1996 1913 1997
F 1996 1995 1911
F 1912 1996 1911
F 1754 1676 1677
F 1676 1754 1753
F 1754 1830 1829
F 1754 1829 1753
F 2168 2084 2085
F 2084 2168 2167
F 2085 2084 2001
F 2084 2000 2001
F 2521 2617 2520
F 2617 2521 2618
F 2719 2617 2618
F 2718 2617 2719
F 2333 2332 2240
F 2333 2240 2241
F 2331 2423 2422
F 2332 2423 2331
F 2515 2423 2516
F 2423 2515 2422
F 2333 2423 2332
F 2423 2333 2424
F 2517 2423 2424
F 2423 2517 2516
F 2517 2613 2516
F 2517 2614 2613
F 3879 3773 3774
F 3878 3773 3879
F 3773 3877 3772
F 3877 3773 3878
F 3773 3666 3774
F 3773 3665 3666
F 3664 3773 3772
F 3665 3773 3664
F 3127 3021 3128
F 3021 3127 3020
F 2613 2715 2714
F 2614 2715 2613
F 3566 3674 3673
F 3567 3674 3566
F 3675 3674 3568
F 3674 3567 3568
F 3782 3674 3783
F 3674 3675 3783
F 3358 3359 3467
F 3359 3468 3467
F 3359 3358 3248
F 3249 3359 3248
F 3577 3471 3578
F 3471 3577 3470
F 3254 3255 3364
F 3363 3254 3364
F 4282 4195 4196
F 4282 4281 4195
F 4282 4363 4362
F 4281 4282 4362
F 4440 4367 4441
F 4440 4366 4367
F 4366 4440 4365
F 4365 4440 4439
F 4295 4375 4294
F 4375 4295 4376
F 4450 4375 4376
F 4449 4375 4450
F 4375 4293 4294
F 4375 4374 4293
F 4374 4375 4448
F 4375 4449 4448
F 4205 4206 4292
F 4291 4205 4292
F 4445 4370 4371
F 4370 4445 4444
F 4369 4370 4443
F 4370 4444 4443
F 4371 4370 4290
F 4370 4289 4290
F 4288 4370 4369
F 4289 4370 4288
F 4204 4291 4290
F 4204 4205 4291
F 4112 4203 4111
F 4204 4203 4112
F 4289 4203 4290
F 4203 4204 4290
F 3697 3698 3804
F 3804 3698 3805
F 3589 3698 3697
F 3590 3698 3589
F 3910 3909 3806
F 3806 3909 3805
F 3909 3908 3804
F 3909 3804 3805
F 4107 4200 4199
F 4200 4107 4108
F 4107 4012 4013
F 4108 4107 4013
F 4014 3913 4015
F 3913 4014 3912
F 4110 4014 4015
F 4109 4014 4110
F 4014 4109 4108
F 4014 4108 4013
F 4018 3915 3916
F 3915 4018 4017
F 3915 3810 3811
F 3915 3914 3810
F 4016 3915 4017
F 3914 3915 4016
F 3814 3813 3707
F 3813 3706 3707
F 3706 3813 3705
F 3813 3812 3705
F 2178 2177 2094
F 2094 2177 2093
F 2092 2177 2176
F 2177 2092 2093
F 2268 2360 2359
F 2267 2268 2359
F 2360 2268 2361
F 2268 2269 2361
F 2268 2177 2178
F 2177 2268 2267
F 2269 2268 2179
F 2268 2178 2179
F 2010 2011 2093
F 2011 2094 2093
F 1926 2011 2010
F 2011 1926 1927
F 2094 2011 2095
F 2011 2012 2095
F 1928 2011 1927
F 2012 2011 1928
F 1615 1616 1691
F 1616 1692 1691
F 1399 1471 1470
F 1471 1399 1400
F 1472 1471 1401
F 1471 1400 1401
F 2636 2738 2737
F 2636 2637 2738
F 2736 2636 2737
F 2635 2636 2736
F 4281 4361 4280
F 4361 4281 4362
F 3796 3688 3689
F 3795 3688 3796
F 3688 3582 3689
F 3688 3581 3582
F 686 632 633
F 686 685 632
F 686 633 634
F 687 686 634
F 685 686 745
F 686 746 745
F 747 686 687
F 746 686 747
F 484 445 446
F 484 483 445
F 485 484 447
F 447 484 446
F 484 527 526
F 483 484 526
F 924 923 861
F 862 924 861
F 1457 1529 1456
F 1529 1528 1456
F 1528 1529 1602
F 1529 1603 1602
F 1604 1529 1530
F 1603 1529 1604
F 1685 1762 1761
F 1684 1685 1761
F 1685 1763 1762
F 1763 1685 1686
F 1924 1844 1925
F 1844 1924 1843
F 1844 1926 1925
F 1844 1845 1926
F 1690 1766 1689
F 1766 1690 1767
F 1690 1615 1691
F 1690 1614 1615
F 1918 1836 1837
F 1836 1918 1917
F 1172 1106 1107
F 1172 1171 1106
F 1044 981 1045
F 980 981 1044
F 917 981 980
F 918 981 917
F 1371 1300 1301
F 1372 1371 1301
F 1443 1371 1372
F 1442 1371 1443
F 1512 1584 1583
F 1511 1512 1583
F 1582 1510 1583
F 1510 1511 1583
F 1507 1508 1579
F 1579 1508 1580
F 1510 1440 1511
F 1440 1510 1439
F 1440 1512 1511
F 1512 1440 1441
F 1733 1659 1734
F 1659 1733 1658
F 1735 1659 1660
F 1659 1735 1734
F 1584 1659 1658
F 1585 1659 1584
F 1586 1659 1585
F 1659 1586 1660
F 1586 1661 1660
F 1586 1587 1661
F 973 972 911
F 912 973 911
F 1036 1100 1035
F 1036 1101 1100
F 1036 1035 971
F 972 1036 971
F 1100 1166 1165
F 1101 1166 1100
F 1167 1166 1102
F 1166 1101 1102
F 2201 2202 2291
F 2202 2292 2291
F 2115 2202 2201
F 2116 2202 2115
F 2203 2202 2117
F 2202 2116 2117
F 551 504 505
F 504 551 550
F 552 551 506
F 551 505 506
F 968 906 907
F 968 967 906
F 3657 3658 3764
F 3658 3765 3764
F 3551 3442 3443
F 3442 3551 3550
F 3550 3551 3657
F 3551 3658 3657
F 3552 3661 3660
F 3552 3553 3661
F 2794 2898 2897
F 2898 2794 2795
F 2896 2997 2996
F 2997 2896 2897
F 3102 2997 3103
F 2996 2997 3102
F 2997 2898 2998
F 2898 2997 2897
F 3104 2997 2998
F 2997 3104 3103
F 3210 3104 3211
F 3104 3210 3103
F 3104 3105 3212
F 3211 3104 3212
F 2597 2696 2695
F 2696 2597 2598
F 3205 3099 3206
F 3098 3099 3205
F 3099 3207 3206
F 3207 3099 3100
F 3100 3099 2994
F 3099 2993 2994
F 3099 2992 2993
F 2992 3099 3098
F 2992 2891 2892
F 2891 2992 2991
F 2893 2992 2892
F 2993 2992 2893
F 2990 3096 2989
F 3096 3095 2989
F 3096 2990 2991
F 3097 3096 2991
F 3204 3098 3205
F 3204 3097 3098
F 2051 2131 2050
F 2132 2131 2051
F 2131 2049 2050
F 2131 2130 2049
F 2131 2216 2130
F 2216 2131 2217
F 2215 2216 2305
F 2216 2306 2305
F 2306 2216 2307
F 2216 2217 2307
F 2130 2216 2129
F 2216 2215 2129
F 2405 2496 2404
F 2496 2495 2404
F 2406 2496 2405
F 2496 2406 2497
F 2496 2590 2589
F 2495 2496 2589
F 2591 2496 2497
F 2590 2496 2591
F 2489 2399 2490
F 2398 2399 2489
F 2399 2491 2490
F 2399 2400 2491
F 2399 2398 2308
F 2309 2399 2308
F 3635 3525 3526
F 3525 3635 3634
F 3742 3635 3743
F 3635 3636 3743
F 3635 3527 3636
F 3527 3635 3526
F 3527 3420 3528
F 3527 3419 3420
F 3417 3308 3309
F 3308 3417 3416
F 3416 3417 3524
F 3417 3525 3524
F 2311 2402 2401
F 2311 2312 2402
F 2595 2692 2594
F 2692 2595 2693
F 2697 2794 2696
F 2794 2697 2795
F 2697 2796 2795
F 2796 2697 2698
F 2142 2229 2228
F 2229 2142 2143
F 2143 2142 2061
F 2142 2060 2061
F 1288 1358 1287
F 1358 1288 1359
F 1290 1362 1361
F 1290 1291 1362
F 1291 1290 1224
F 1290 1223 1224
F 1499 1429 1500
F 1428 1429 1499
F 1430 1429 1359
F 1429 1358 1359
F 1357 1429 1428
F 1429 1357 1358
F 1357 1428 1427
F 1356 1357 1427
F 1218 1282 1217
F 1282 1218 1283
F 1218 1217 1151
F 1152 1218 1151
F 3401 3293 3294
F 3401 3294 3402
F 3401 3510 3509
F 3510 3401 3402
F 3401 3509 3508
F 3400 3401 3508
F 3292 3401 3400
F 3401 3292 3293
F 3183 3292 3291
F 3292 3183 3184
F 3293 3292 3185
F 3185 3292 3184
F 3292 3399 3291
F 3292 3400 3399
F 3616 3725 3724
F 3725 3616 3617
F 3725 3831 3724
F 3725 3832 3831
F 3518 3519 3628
F 3518 3628 3627
F 3411 3518 3410
F 3519 3518 3411
F 3626 3518 3627
F 3517 3518 3626
F 3518 3409 3410
F 3518 3517 3409
F 2871 2972 2971
F 2972 2871 2872
F 2873 2972 2872
F 2973 2972 2873
F 3075 3183 3182
F 3075 3076 3183
F 3075 3182 3181
F 3074 3075 3181
F 2118 2119 2204
F 2119 2205 2204
F 2119 2037 2038
F 2119 2118 2037
F 2039 2119 2038
F 2120 2119 2039
F 2206 2119 2120
F 2119 2206 2205
F 2205 2206 2295
F 2206 2296 2295
F 2206 2297 2296
F 2206 2207 2297
F 2206 2120 2121
F 2207 2206 2121
F 2389 2479 2388
F 2479 2478 2388
F 2479 2389 2390
F 2480 2479 2390
F 2768 2868 2767
F 2868 2768 2869
F 2768 2767 2667
F 2668 2768 2667
F 4121 4214 4213
F 4214 4121 4122
F 4122 4121 4027
F 4121 4026 4027
F 4124 4216 4215
F 4123 4124 4215
F 4216 4124 4217
F 4124 4125 4217
F 4124 4123 4028
F 4029 4124 4028
F 4125 4124 4030
F 4124 4029 4030
F 1549 1478 1550
F 1549 1477 1478
F 1549 1624 1623
F 1624 1549 1550
F 1622 1549 1623
F 1548 1549 1622
F 1476 1549 1548
F 1549 1476 1477
F 1404 1476 1475
F 1476 1404 1405
F 1476 1405 1406
F 1477 1476 1406
F 1476 1547 1475
F 1476 1548 1547
F 1477 1407 1478
F 1407 1477 1406
F 2372 2462 2371
F 2462 2372 2463
F 2462 2370 2371
F 2370 2462 2461
F 2556 2462 2557
F 2557 2462 2463
F 2462 2555 2461
F 2462 2556 2555
F 2377 2285 2286
F 2376 2285 2377
F 2196 2285 2195
F 2286 2285 2196
F 2284 2285 2375
F 2375 2285 2376
F 2285 2194 2195
F 2285 2284 2194
F 3169 3061 3062
F 3061 3169 3168
F 3169 3062 3063
F 3170 3169 3063
F 3167 3061 3168
F 3061 3167 3060
F 2366 2273 2274
F 2365 2273 2366
F 2273 2184 2274
F 2273 2183 2184
F 1633 1634 1709
F 1634 1710 1709
F 1634 1633 1558
F 1559 1634 1558
F 1710 1634 1711
F 1634 1635 1711
F 1147 1082 1083
F 1148 1147 1083
F 1350 1278 1279
F 1278 1350 1349
F 1486 1556 1485
F 1486 1557 1556
F 1557 1486 1558
F 1486 1487 1558
F 1634 1560 1635
F 1560 1634 1559
F 1787 1712 1788
F 1712 1713 1788
F 1712 1787 1786
F 1712 1786 1711
F 1713 1712 1637
F 1637 1712 1636
F 534 492 535
F 492 534 491
F 492 491 453
F 454 492 453
F 492 454 455
F 493 492 455
F 536 492 493
F 492 536 535
F 536 537 583
F 582 536 583
F 536 582 581
F 535 536 581
F 537 536 494
F 536 493 494
F 1716 1790 1715
F 1791 1790 1716
F 1641 1640 1565
F 1641 1565 1566
F 1084 1148 1083
F 1148 1084 1149
F 1216 1150 1217
F 1217 1150 1151
F 1150 1084 1085
F 1084 1150 1149
F 1355 1354 1283
F 1284 1355 1283
F 1355 1284 1285
F 1356 1355 1285
F 840 780 841
F 840 779 780
F 713 776 775
F 776 713 714
F 718 778 717
F 779 778 718
F 840 778 779
F 778 840 839
F 777 776 714
F 777 714 715
F 602 555 603
F 555 602 554
F 655 602 656
F 656 602 603
F 653 654 710
F 710 654 711
F 654 655 712
F 654 712 711
F 773 710 711
F 773 772 710
F 772 773 832
F 773 833 832
F 896 834 897
F 834 896 833
F 896 895 832
F 833 896 832
F 896 897 958
F 957 896 958
F 895 896 956
F 896 957 956
F 769 770 830
F 829 769 830
F 649 598 650
F 598 649 597
F 649 650 707
F 706 649 707
F 594 647 646
F 647 594 595
F 647 703 646
F 647 704 703
F 709 772 771
F 772 709 710
F 652 653 710
F 709 652 710
F 462 461 428
F 428 461 427
F 504 461 462
F 503 461 504
F 548 549 597
F 549 598 597
F 549 548 502
F 503 549 502
F 549 503 504
F 549 504 550
F 1072 1138 1137
F 1073 1138 1072
F 1138 1073 1074
F 1139 1138 1074
F 1208 1140 1141
F 1140 1208 1207
F 1140 1139 1074
F 1140 1074 1075
F 1076 1140 1075
F 1140 1076 1141
F 1142 1076 1077
F 1076 1142 1141
F 1010 1076 1075
F 1076 1010 1011
F 1010 1074 1009
F 1074 1010 1075
F 887 947 886
F 947 887 948
F 1010 947 1011
F 947 1010 946
F 947 885 886
F 885 947 946
F 949 887 888
F 887 949 948
F 1012 1076 1011
F 1076 1012 1077
F 947 1012 1011
F 1012 947 948
F 2383 2382 2291
F 2292 2383 2291
F 2475 2570 2569
F 2570 2475 2476
F 2475 2383 2384
F 2383 2475 2474
F 2475 2569 2568
F 2475 2568 2474
F 2476 2475 2385
F 2475 2384 2385
F 2293 2202 2203
F 2202 2293 2292
F 2383 2293 2384
F 2293 2383 2292
F 2293 2203 2204
F 2294 2293 2204
F 2384 2293 2385
F 2293 2294 2385
F 2765 2866 2865
F 2764 2765 2865
F 2867 2765 2766
F 2765 2867 2866
F 2766 2765 2666
F 2765 2665 2666
F 2383 2473 2382
F 2473 2383 2474
F 2565 2564 2470
F 2471 2565 2470
F 2661 2565 2662
F 2565 2661 2564
F 2565 2663 2662
F 2565 2566 2663
F 2568 2567 2474
F 2567 2473 2474
F 2477 2387 2478
F 2478 2387 2388
F 2387 2297 2388
F 2297 2387 2296
F 2387 2386 2295
F 2296 2387 2295
F 1006 1005 943
F 1005 942 943
F 1005 1006 1071
F 1070 1005 1071
F 815 756 757
F 816 815 757
F 815 755 756
F 755 815 814
F 815 816 879
F 878 815 879
F 1402 1330 1403
F 1330 1331 1403
F 1330 1402 1401
F 1329 1330 1401
F 691 750 690
F 750 691 751
F 638 691 637
F 691 690 637
F 691 692 752
F 751 691 752
F 754 755 814
F 813 754 814
F 590 639 638
F 639 590 591
F 639 591 592
F 640 639 592
F 691 639 692
F 639 691 638
F 1332 1404 1403
F 1331 1332 1403
F 810 750 751
F 750 810 809
F 810 751 752
F 811 810 752
F 1187 1120 1121
F 1120 1187 1186
F 1120 1054 1055
F 1120 1055 1121
F 1120 1119 1053
F 1054 1120 1053
F 1120 1185 1119
F 1185 1120 1186
F 1185 1249 1184
F 1185 1250 1249
F 1250 1185 1251
F 1185 1186 1251
F 1118 1185 1184
F 1119 1185 1118
F 1187 1252 1186
F 1186 1252 1251
F 1056 1122 1055
F 1055 1122 1121
F 1122 1056 1057
F 1122 1057 1123
F 743 801 742
F 801 743 802
F 864 801 865
F 865 801 802
F 735 675 676
F 736 735 676
F 735 734 674
F 675 735 674
F 734 735 793
F 735 794 793
F 735 795 794
F 795 735 736
F 795 796 859
F 858 795 859
F 795 737 796
F 795 736 737
F 857 795 858
F 794 795 857
F 3124 3123 3017
F 3123 3016 3017
F 3123 3122 3015
F 3016 3123 3015
F 3229 3337 3228
F 3229 3338 3337
F 3121 3229 3228
F 3122 3229 3121
F 1992 2076 1991
F 2076 1992 2077
F 2076 1990 1991
F 2076 2075 1990
F 2161 2252 2251
F 2161 2162 2252
F 2161 2078 2079
F 2161 2160 2078
F 2161 2251 2250
F 2160 2161 2250
F 1756 1679 1680
F 1757 1756 1680
F 2083 2165 2082
F 2083 2166 2165
F 2083 2082 1998
F 1999 2083 1998
F 2166 2083 2167
F 2083 2084 2167
F 2000 2083 1999
F 2084 2083 2000
F 2335 2243 2244
F 2336 2335 2244
F 2814 2918 2813
F 2918 2917 2813
F 2917 2918 3020
F 2918 3021 3020
F 2922 2817 2818
F 2817 2922 2921
F 3470 3360 3361
F 3469 3360 3470
F 3359 3360 3468
F 3360 3469 3468
F 3683 3789 3682
F 3789 3683 3790
F 3472 3363 3473
F 3472 3362 3363
F 3578 3472 3579
F 3471 3472 3578
F 4364 4365 4439
F 4364 4439 4438
F 4363 4364 4437
F 4437 4364 4438
F 4019 4113 4018
F 4113 4019 4114
F 4113 4112 4017
F 4018 4113 4017
F 4113 4204 4112
F 4204 4113 4205
F 4206 4113 4114
F 4205 4113 4206
F 4109 4202 4201
F 4202 4109 4110
F 4202 4288 4287
F 4202 4287 4201
F 4202 4110 4111
F 4203 4202 4111
F 4202 4289 4288
F 4202 4203 4289
F 3806 3699 3807
F 3699 3700 3807
F 3698 3699 3805
F 3699 3806 3805
F 3918 3815 3919
F 3918 3814 3815
F 1544 1618 1617
F 1618 1544 1545
F 1471 1544 1470
F 1544 1543 1470
F 1544 1471 1472
F 1544 1472 1545
F 1538 1467 1539
F 1467 1538 1466
F 1467 1394 1395
F 1394 1467 1466
F 1540 1467 1468
F 1467 1540 1539
F 1326 1325 1256
F 1256 1325 1255
F 1255 1325 1254
F 1325 1324 1254
F 1396 1467 1395
F 1467 1396 1468
F 1323 1396 1395
F 1324 1396 1323
F 1399 1398 1327
F 1398 1326 1327
F 3253 3254 3363
F 3362 3253 3363
F 3253 3147 3148
F 3254 3253 3148
F 3253 3146 3147
F 3253 3252 3146
F 2444 2536 2443
F 2444 2537 2536
F 2538 2636 2635
F 2636 2538 2539
F 2538 2635 2634
F 2537 2538 2634
F 2446 2538 2445
F 2538 2446 2539
F 2636 2540 2637
F 2540 2636 2539
F 2639 2541 2542
F 2638 2541 2639
F 2637 2541 2638
F 2540 2541 2637
F 4434 4435 4490
F 4490 4435 4491
F 4435 4436 4492
F 4491 4435 4492
F 4436 4435 4362
F 4435 4361 4362
F 4435 4360 4361
F 4360 4435 4434
F 4360 4278 4279
F 4278 4360 4359
F 4359 4360 4433
F 4360 4434 4433
F 4280 4360 4279
F 4361 4360 4280
F 3580 3472 3473
F 3472 3580 3579
F 3474 3580 3473
F 3581 3580 3474
F 1374 1303 1375
F 1302 1303 1374
F 1303 1235 1304
F 1235 1303 1234
F 1236 1235 1170
F 1235 1169 1170
F 1235 1236 1305
F 1304 1235 1305
F 988 1051 987
F 988 1052 1051
F 923 988 987
F 924 988 923
F 1252 1321 1251
F 1321 1252 1322
F 1321 1320 1250
F 1321 1250 1251
F 1318 1391 1390
F 1319 1391 1318
F 1391 1462 1390
F 1391 1463 1462
F 1391 1319 1320
F 1392 1391 1320
F 1391 1464 1463
F 1391 1392 1464
F 1839 1919 1838
F 1839 1920 1919
F 1762 1839 1838
F 1763 1839 1762
F 1690 1768 1767
F 1768 1690 1691
F 1768 1844 1843
F 1767 1768 1843
F 1923 1842 1924
F 1924 1842 1843
F 1842 1766 1767
F 1842 1767 1843
F 1835 1834 1758
F 1759 1835 1758
F 1835 1917 1916
F 1835 1836 1917
F 1760 1682 1683
F 1760 1759 1682
F 1684 1760 1683
F 1760 1684 1761
F 1835 1760 1836
F 1760 1835 1759
F 1837 1760 1761
F 1836 1760 1837
F 1173 1108 1109
F 1174 1173 1109
F 1173 1239 1238
F 1173 1174 1239
F 1108 1173 1107
F 1173 1172 1107
F 1440 1370 1441
F 1370 1440 1369
F 1370 1371 1442
F 1370 1442 1441
F 1513 1586 1585
F 1586 1513 1514
F 1513 1442 1443
F 1514 1513 1443
F 1512 1513 1584
F 1513 1585 1584
F 1442 1513 1441
F 1513 1512 1441
F 1227 1163 1164
F 1163 1227 1226
F 1510 1509 1439
F 1509 1438 1439
F 1509 1582 1581
F 1509 1510 1582
F 1508 1509 1580
F 1509 1581 1580
F 1437 1509 1508
F 1509 1437 1438
F 1437 1436 1365
F 1366 1437 1365
F 1436 1437 1507
F 1437 1508 1507
F 1037 973 974
F 1038 1037 974
F 1037 1103 1102
F 1103 1037 1038
F 973 1037 972
F 1037 1036 972
F 1036 1037 1101
F 1101 1037 1102
F 909 969 908
F 970 969 909
F 969 907 908
F 969 968 907
F 3659 3766 3765
F 3658 3659 3765
F 3659 3767 3766
F 3767 3659 3660
F 3445 3335 3336
F 3445 3444 3335
F 3337 3445 3336
F 3445 3337 3446
F 3553 3445 3446
F 3552 3445 3553
F 3105 2999 3106
F 2999 3000 3106
F 2999 3104 2998
F 3104 2999 3105
F 2502 2410 2411
F 2410 2502 2501
F 2597 2502 2598
F 2598 2502 2503
F 3095 3203 3202
F 3096 3203 3095
F 3203 3310 3202
F 3310 3203 3311
F 3203 3096 3097
F 3204 3203 3097
F 3418 3527 3526
F 3527 3418 3419
F 3418 3310 3311
F 3419 3418 3311
F 3525 3418 3526
F 3417 3418 3525
F 3310 3418 3309
F 3418 3417 3309
F 2220 2219 2133
F 2134 2220 2133
F 2409 2408 2319
F 2320 2409 2319
F 2409 2410 2501
F 2500 2409 2501
F 2409 2320 2321
F 2410 2409 2321
F 2596 2502 2597
F 2502 2596 2501
F 2694 2596 2695
F 2596 2597 2695
F 2596 2694 2693
F 2595 2596 2693
F 2596 2500 2501
F 2596 2595 2500
F 2141 2227 2226
F 2141 2226 2140
F 2227 2141 2228
F 2141 2142 2228
F 1095 1094 1030
F 1094 1029 1030
F 1029 1093 1028
F 1094 1093 1029
F 1289 1360 1359
F 1288 1289 1359
F 1360 1289 1361
F 1289 1290 1361
F 1290 1289 1223
F 1223 1289 1222
F 1221 1286 1220
F 1286 1221 1287
F 1286 1356 1285
F 1286 1357 1356
F 1358 1286 1287
F 1357 1286 1358
F 1087 1153 1152
F 1153 1087 1088
F 1023 1022 959
F 959 1022 958
F 1022 957 958
F 957 1022 1021
F 1087 1022 1088
F 1022 1023 1088
F 1086 1150 1085
F 1150 1086 1151
F 1086 1022 1087
F 1022 1086 1021
F 1086 1152 1151
F 1086 1087 1152
F 1156 1221 1220
F 1156 1220 1155
F 3726 3727 3834
F 3833 3726 3834
F 3619 3726 3618
F 3726 3619 3727
F 3832 3726 3833
F 3725 3726 3832
F 3726 3617 3618
F 3726 3725 3617
F 3185 3078 3186
F 3078 3079 3186
F 3077 3078 3184
F 3078 3185 3184
F 3079 3078 2973
F 3078 2972 2973
F 3078 3077 2971
F 2972 3078 2971
F 2671 2574 2672
F 2574 2575 2672
F 2574 2670 2573
F 2670 2574 2671
F 2575 2574 2480
F 2574 2479 2480
F 2478 2574 2573
F 2479 2574 2478
F 2769 2669 2670
F 2769 2670 2770
F 2870 2769 2871
F 2871 2769 2770
F 2769 2668 2669
F 2769 2768 2668
F 2768 2769 2869
F 2769 2870 2869
F 4025 4120 4024
F 4024 4120 4119
F 4120 4211 4119
F 4211 4120 4212
F 4026 4120 4025
F 4121 4120 4026
F 4212 4120 4213
F 4120 4121 4213
F 1257 1326 1256
F 1326 1257 1327
F 933 932 870
F 871 933 870
F 872 933 871
F 933 872 934
F 1336 1335 1265
F 1265 1335 1264
F 1335 1407 1406
F 1334 1335 1406
F 1335 1408 1407
F 1408 1335 1336
F 1479 1408 1480
F 1408 1409 1480
F 1408 1337 1409
F 1408 1336 1337
F 1408 1479 1478
F 1407 1408 1478
F 2375 2466 2374
F 2466 2465 2374
F 2559 2466 2560
F 2466 2559 2465
F 2561 2466 2467
F 2466 2561 2560
F 2464 2557 2463
F 2464 2558 2557
F 2464 2372 2373
F 2372 2464 2463
F 2559 2464 2465
F 2464 2559 2558
F 2464 2373 2374
F 2465 2464 2374
F 2656 2757 2756
F 2656 2657 2757
F 2657 2656 2560
F 2656 2559 2560
F 3385 3277 3386
F 3277 3278 3386
F 3277 3385 3384
F 3276 3277 3384
F 3277 3170 3278
F 3277 3169 3170
F 3169 3277 3168
F 3277 3276 3168
F 3273 3274 3381
F 3274 3382 3381
F 2181 2272 2271
F 2272 2181 2182
F 2272 2364 2363
F 2272 2363 2271
F 2183 2272 2182
F 2273 2272 2183
F 2364 2272 2365
F 2272 2273 2365
F 1348 1277 1349
F 1277 1278 1349
F 1277 1214 1278
F 1214 1277 1213
F 1214 1147 1148
F 1214 1148 1215
F 1278 1214 1279
F 1279 1214 1215
F 1347 1277 1348
F 1277 1347 1276
F 1347 1348 1420
F 1419 1347 1420
F 1486 1415 1487
F 1487 1415 1416
F 1414 1415 1485
F 1415 1486 1485
F 1491 1490 1420
F 1490 1419 1420
F 1488 1559 1558
F 1487 1488 1558
F 1488 1487 1416
F 1417 1488 1416
F 1789 1866 1788
F 1789 1867 1866
F 1789 1713 1714
F 1713 1789 1788
F 1789 1714 1715
F 1790 1789 1715
F 1868 1789 1790
F 1789 1868 1867
F 1950 1868 1869
F 1868 1950 1949
F 1948 1868 1949
F 1867 1868 1948
F 1868 1791 1869
F 1868 1790 1791
F 1352 1424 1351
F 1351 1424 1423
F 1567 1641 1566
F 1641 1567 1642
F 1642 1567 1643
F 1567 1568 1643
F 1019 1018 954
F 955 1019 954
F 1018 1019 1083
F 1019 1084 1083
F 842 904 841
F 905 904 842
F 901 838 902
F 902 838 839
F 1026 962 1027
F 1027 962 963
F 962 901 902
F 962 902 963
F 601 553 554
F 602 601 554
F 601 552 553
F 552 601 600
F 601 602 655
F 654 601 655
F 601 654 653
F 601 653 600
F 713 774 712
F 774 713 775
F 712 774 711
F 774 773 711
F 773 774 833
F 774 834 833
F 768 767 705
F 706 768 705
F 767 768 827
F 827 768 828
F 768 706 707
F 769 768 707
F 768 829 828
F 768 769 829
F 648 596 597
F 649 648 597
F 648 649 706
F 648 706 705
F 596 648 595
F 648 647 595
F 704 648 705
F 647 648 704
F 650 708 707
F 651 708 650
F 769 708 770
F 708 769 707
F 708 652 709
F 652 708 651
F 770 708 771
F 708 709 771
F 652 599 653
F 653 599 600
F 599 551 552
F 599 552 600
F 460 461 503
F 460 503 502
F 1269 1339 1268
F 1269 1340 1339
F 1208 1272 1207
F 1272 1271 1207
F 890 827 828
F 891 890 828
F 1081 1017 1082
F 1081 1016 1017
F 1277 1212 1213
F 1212 1277 1276
F 2565 2472 2566
F 2472 2565 2471
F 2567 2472 2473
F 2472 2567 2566
F 2382 2472 2381
F 2473 2472 2382
F 2664 2765 2764
F 2765 2664 2665
F 2663 2664 2763
F 2664 2764 2763
F 2665 2664 2568
F 2664 2567 2568
F 2566 2664 2663
F 2567 2664 2566
F 1266 1201 1202
F 1201 1266 1265
F 1136 1135 1071
F 1135 1070 1071
F 1135 1136 1203
F 1135 1203 1202
F 1070 1135 1069
F 1135 1134 1069
F 1201 1135 1202
F 1135 1201 1134
F 942 1004 941
F 1005 1004 942
F 1004 1005 1070
F 1004 1070 1069
F 1200 1265 1264
F 1200 1201 1265
F 1335 1263 1264
F 1263 1335 1334
F 1263 1200 1264
F 1200 1263 1199
F 877 876 813
F 877 813 814
F 695 694 642
F 694 641 642
F 694 695 755
F 754 694 755
F 876 812 813
F 875 812 876
F 811 812 874
F 812 875 874
F 1405 1333 1406
F 1333 1334 1406
F 1404 1333 1405
F 1332 1333 1404
F 873 872 809
F 810 873 809
F 873 811 874
F 873 810 811
F 872 873 934
F 873 935 934
F 936 873 874
F 935 873 936
F 1188 1122 1123
F 1189 1188 1123
F 1188 1187 1121
F 1122 1188 1121
F 863 924 862
F 863 925 924
F 863 864 926
F 925 863 926
F 3230 3124 3231
F 3230 3123 3124
F 3340 3230 3231
F 3339 3230 3340
F 3123 3230 3122
F 3230 3229 3122
F 3338 3230 3339
F 3229 3230 3338
F 3776 3882 3881
F 3776 3777 3882
F 3880 3776 3881
F 3775 3776 3880
F 2247 2158 2248
F 2157 2158 2247
F 2248 2158 2249
F 2158 2159 2249
F 2075 2158 2157
F 2076 2158 2075
F 2159 2158 2077
F 2158 2076 2077
F 1832 1914 1913
F 1914 1832 1833
F 1832 1757 1833
F 1832 1756 1757
F 2426 2427 2520
F 2519 2426 2520
F 2427 2426 2336
F 2426 2335 2336
F 2242 2334 2241
F 2334 2333 2241
F 2334 2242 2243
F 2335 2334 2243
F 3130 3022 3023
F 3022 3130 3129
F 3128 3022 3129
F 3021 3022 3128
F 2717 2819 2818
F 2717 2718 2819
F 2816 2815 2714
F 2715 2816 2714
F 2920 2816 2921
F 2816 2817 2921
F 3146 3145 3039
F 3145 3038 3039
F 3684 3578 3685
F 3684 3577 3578
F 3792 3684 3685
F 3684 3792 3791
F 3684 3791 3790
F 3683 3684 3790
F 3576 3684 3683
F 3684 3576 3577
F 3576 3575 3468
F 3469 3576 3468
F 3577 3576 3470
F 3576 3469 3470
F 3575 3576 3682
F 3576 3683 3682
F 3484 3591 3483
F 3591 3590 3483
F 3485 3591 3484
F 3591 3485 3592
F 3591 3698 3590
F 3591 3699 3698
F 3700 3591 3592
F 3699 3591 3700
F 4198 4285 4284
F 4285 4198 4199
F 4282 4283 4363
F 4283 4364 4363
F 4365 4283 4284
F 4364 4283 4365
F 4283 4282 4196
F 4197 4283 4196
F 4283 4198 4284
F 4198 4283 4197
F 4114 4020 4115
F 4019 4020 4114
F 4020 4116 4115
F 4116 4020 4021
F 4021 4020 3919
F 4020 3918 3919
F 4020 3917 3918
F 3917 4020 4019
F 3917 4018 3916
F 3917 4019 4018
F 3813 3917 3812
F 3812 3917 3916
F 3917 3813 3814
F 3918 3917 3814
F 1688 1613 1689
F 1613 1688 1612
F 1613 1690 1689
F 1690 1613 1614
F 1613 1541 1614
F 1541 1613 1540
F 1540 1613 1539
F 1539 1613 1612
F 1464 1537 1536
F 1537 1464 1465
F 1538 1537 1466
F 1466 1537 1465
F 1611 1538 1539
F 1611 1539 1612
F 1325 1397 1324
F 1397 1396 1324
F 1397 1325 1326
F 1398 1397 1326
F 1542 1616 1615
F 1616 1542 1543
F 1614 1542 1615
F 1541 1542 1614
F 2262 2261 2171
F 2262 2171 2172
F 2447 2541 2540
F 2541 2447 2448
F 2447 2356 2357
F 2448 2447 2357
F 2446 2447 2539
F 2447 2540 2539
F 3687 3688 3795
F 3687 3795 3794
F 3793 3687 3794
F 3686 3687 3793
F 3688 3687 3581
F 3687 3580 3581
F 3687 3686 3579
F 3580 3687 3579
F 1052 989 1053
F 988 989 1052
F 989 988 924
F 925 989 924
F 1464 1393 1465
F 1392 1393 1464
F 1393 1394 1466
F 1393 1466 1465
F 1393 1392 1320
F 1321 1393 1320
F 1394 1393 1322
F 1393 1321 1322
F 1920 1840 1921
F 1839 1840 1920
F 982 1046 1045
F 981 982 1045
F 982 1047 1046
F 982 983 1047
F 1300 1299 1232
F 1232 1299 1231
F 1371 1299 1300
F 1370 1299 1371
F 1294 1295 1365
F 1295 1366 1365
F 1295 1294 1226
F 1227 1295 1226
F 1437 1367 1438
F 1367 1437 1366
F 1367 1368 1439
F 1438 1367 1439
F 1033 1034 1099
F 1098 1033 1099
F 1034 1033 970
F 1033 969 970
F 2899 2898 2795
F 2796 2899 2795
F 2900 2899 2797
F 2899 2796 2797
F 2898 2899 2998
F 2899 2999 2998
F 2999 2899 3000
F 3000 2899 2900
F 2400 2310 2401
F 2310 2311 2401
F 2310 2399 2309
F 2399 2310 2400
F 2310 2309 2219
F 2220 2310 2219
F 2221 2310 2220
F 2310 2221 2311
F 2222 2221 2136
F 2221 2135 2136
F 2311 2221 2312
F 2312 2221 2222
F 2135 2221 2134
F 2221 2220 2134
F 2060 2059 1977
F 2059 1976 1977
F 2059 2058 1975
F 1976 2059 1975
F 2142 2059 2060
F 2141 2059 2142
F 2058 2059 2140
F 2059 2141 2140
F 1159 1223 1222
F 1158 1159 1222
F 1223 1159 1224
F 1224 1159 1160
F 1159 1093 1094
F 1093 1159 1158
F 1159 1095 1160
F 1159 1094 1095
F 1219 1286 1285
F 1286 1219 1220
F 1091 1090 1025
F 1026 1091 1025
F 1091 1156 1155
F 1090 1091 1155
F 933 996 932
F 996 933 997
F 2655 2754 2654
F 2655 2755 2754
F 2557 2655 2654
F 2558 2655 2557
F 2755 2655 2756
F 2655 2656 2756
F 2559 2655 2558
F 2656 2655 2559
F 3165 3166 3273
F 3166 3274 3273
F 3275 3167 3168
F 3276 3275 3168
F 3383 3275 3384
F 3275 3276 3384
F 3166 3275 3274
F 3275 3166 3167
F 3274 3275 3382
F 3382 3275 3383
F 1275 1346 1274
F 1274 1346 1345
F 1346 1417 1345
F 1417 1346 1418
F 1347 1346 1276
F 1346 1275 1276
F 1346 1347 1419
F 1346 1419 1418
F 1560 1561 1635
F 1635 1561 1636
F 1637 1561 1562
F 1561 1637 1636
F 1562 1561 1491
F 1561 1490 1491
F 1561 1489 1490
F 1489 1561 1560
F 1490 1489 1419
F 1419 1489 1418
F 1489 1560 1559
F 1488 1489 1559
F 1489 1417 1418
F 1489 1488 1417
F 1020 1086 1085
F 1086 1020 1021
F 957 1020 956
F 1020 957 1021
F 1084 1020 1085
F 1019 1020 1084
F 1020 1019 955
F 1020 955 956
F 1029 965 1030
F 1030 965 966
F 965 905 966
F 965 904 905
F 835 774 775
F 774 835 834
F 961 962 1026
F 961 1026 1025
F 1341 1270 1342
F 1270 1271 1342
F 1340 1270 1341
F 1269 1270 1340
F 1205 1204 1137
F 1138 1205 1137
F 1204 1205 1268
F 1205 1269 1268
F 1273 1208 1209
F 1273 1272 1208
F 1343 1414 1342
F 1343 1415 1414
F 1272 1343 1271
F 1271 1343 1342
F 825 889 888
F 826 889 825
F 889 826 827
F 890 889 827
F 952 892 953
F 952 891 892
F 1017 952 953
F 1016 952 1017
F 1012 1078 1077
F 1078 1012 1013
F 1078 1013 1014
F 1079 1078 1014
F 1080 1079 1014
F 1015 1080 1014
F 1081 1080 1016
F 1016 1080 1015
F 753 811 752
F 753 812 811
F 753 754 813
F 812 753 813
F 1262 1263 1334
F 1333 1262 1334
F 1263 1262 1199
F 1262 1198 1199
F 1253 1323 1322
F 1252 1253 1322
F 1324 1253 1254
F 1253 1324 1323
F 1253 1252 1187
F 1188 1253 1187
F 1253 1189 1254
F 1253 1188 1189
F 800 741 742
F 801 800 742
F 741 800 740
F 800 799 740
F 800 801 864
F 863 800 864
F 799 800 862
F 800 863 862
F 3668 3669 3777
F 3776 3668 3777
F 3668 3561 3562
F 3669 3668 3562
F 3668 3560 3561
F 3560 3668 3667
F 1830 1831 1911
F 1831 1912 1911
F 1912 1831 1913
F 1831 1832 1913
F 2425 2426 2519
F 2425 2519 2518
F 2425 2517 2424
F 2517 2425 2518
F 2426 2425 2335
F 2425 2334 2335
F 2333 2425 2424
F 2334 2425 2333
F 2919 2816 2920
F 2816 2919 2815
F 2815 2919 2814
F 2919 2918 2814
F 2918 2919 3021
F 2919 3022 3021
F 2919 2920 3023
F 3022 2919 3023
F 2616 2519 2520
F 2617 2616 2520
F 2616 2617 2718
F 2717 2616 2718
F 3036 3144 3143
F 3037 3144 3036
F 3038 3144 3037
F 3145 3144 3038
F 4106 4107 4199
F 4198 4106 4199
F 1688 1687 1612
F 1687 1611 1612
F 1469 1540 1468
F 1469 1541 1540
F 1396 1469 1468
F 1397 1469 1396
F 2447 2355 2356
F 2355 2447 2446
F 2261 2353 2260
F 2353 2352 2260
F 2352 2353 2443
F 2353 2444 2443
F 1841 1923 1922
F 1841 1842 1923
F 1841 1922 1921
F 1840 1841 1921
F 968 1032 967
F 967 1032 1031
F 1096 1032 1097
F 1031 1032 1096
F 969 1032 968
F 1033 1032 969
F 1032 1098 1097
F 1032 1033 1098
F 1154 1090 1155
F 1090 1154 1089
F 1154 1153 1088
F 1089 1154 1088
F 1220 1154 1155
F 1219 1154 1220
F 1093 1092 1028
F 1092 1027 1028
F 1092 1026 1027
F 1092 1091 1026
F 1259 1330 1329
F 1259 1260 1330
F 1400 1328 1401
F 1328 1329 1401
F 1399 1328 1400
F 1328 1399 1327
F 1328 1259 1329
F 1259 1328 1258
F 1257 1328 1327
F 1258 1328 1257
F 994 995 1058
F 995 1059 1058
F 1059 995 1060
F 995 996 1060
F 932 995 931
F 996 995 932
F 1353 1425 1352
F 1425 1424 1352
F 1425 1353 1354
F 1426 1425 1354
F 964 1027 963
F 1027 964 1028
F 964 1029 1028
F 964 965 1029
F 777 836 776
F 836 777 837
F 776 836 775
F 836 835 775
F 836 898 835
F 898 836 899
F 898 959 958
F 897 898 958
F 834 898 897
F 835 898 834
F 898 960 959
F 960 898 899
F 960 1023 959
F 960 1024 1023
F 960 961 1025
F 1024 960 1025
F 836 900 899
F 900 836 837
F 960 900 961
F 900 960 899
F 900 838 901
F 838 900 837
F 962 900 901
F 961 900 962
F 1271 1206 1207
F 1270 1206 1271
F 1140 1206 1139
F 1206 1140 1207
F 1206 1270 1269
F 1205 1206 1269
F 1206 1138 1139
F 1206 1205 1138
F 1415 1344 1416
F 1343 1344 1415
F 1344 1417 1416
F 1417 1344 1345
F 1344 1274 1345
F 1344 1273 1274
F 1013 950 1014
F 949 950 1013
F 950 949 888
F 889 950 888
F 1273 1210 1274
F 1210 1273 1209
F 1146 1080 1081
F 1080 1146 1145
F 1212 1146 1213
F 1146 1212 1145
F 1146 1214 1213
F 1214 1146 1147
F 694 693 641
F 693 640 641
F 693 639 640
F 639 693 692
F 693 694 754
F 753 693 754
F 692 693 752
F 693 753 752
F 1261 1333 1332
F 1261 1262 1333
F 1262 1261 1198
F 1261 1197 1198
F 933 998 997
F 998 933 934
F 1061 996 997
F 996 1061 1060
F 1061 1062 1127
F 1126 1061 1127
F 1061 998 1062
F 998 1061 997
F 1679 1755 1678
F 1756 1755 1679
F 1755 1677 1678
F 1755 1754 1677
F 1832 1755 1756
F 1831 1755 1832
F 1754 1755 1830
F 1755 1831 1830
F 2517 2615 2614
F 2615 2517 2518
F 2519 2615 2518
F 2616 2615 2519
F 3250 3359 3249
F 3250 3360 3359
F 3250 3249 3143
F 3144 3250 3143
F 4104 4105 4196
F 4105 4197 4196
F 4105 4198 4197
F 4105 4106 4198
F 1610 1537 1538
F 1611 1610 1538
F 1687 1610 1611
F 1610 1687 1686
F 1764 1839 1763
F 1764 1840 1839
F 1764 1763 1686
F 1687 1764 1686
F 2263 2262 2172
F 2173 2263 2172
F 2174 2263 2173
F 2264 2263 2174
F 2356 2263 2264
F 2355 2263 2356
F 2354 2263 2355
F 2263 2354 2262
F 2354 2446 2445
F 2354 2355 2446
F 2262 2354 2261
F 2354 2353 2261
F 1230 1167 1168
F 1230 1168 1231
F 1230 1166 1167
F 1230 1229 1166
F 1166 1228 1165
F 1229 1228 1166
F 1157 1093 1158
F 1157 1092 1093
F 1091 1157 1156
F 1092 1157 1091
F 1194 1126 1127
F 1126 1194 1193
F 1194 1259 1258
F 1194 1258 1193
F 1192 1258 1257
F 1258 1192 1193
F 1569 1496 1497
F 1568 1496 1569
F 903 840 841
F 904 903 841
F 840 903 839
F 903 902 839
F 965 903 904
F 964 903 965
F 902 903 963
F 903 964 963
F 951 890 891
F 952 951 891
F 951 952 1016
F 951 1016 1015
F 951 889 890
F 951 950 889
F 951 1015 1014
F 950 951 1014
F 1211 1212 1276
F 1275 1211 1276
F 1211 1275 1274
F 1210 1211 1274
F 1134 1133 1069
F 1133 1068 1069
F 1068 1133 1067
F 1067 1133 1132
F 1133 1200 1199
F 1132 1133 1199
F 1062 1063 1127
F 1063 1128 1127
F 1129 1197 1196
F 1197 1129 1130
F 1129 1065 1130
F 1065 1129 1064
F 1063 1129 1128
F 1129 1063 1064
F 2817 2716 2818
F 2716 2717 2818
F 2716 2816 2715
F 2816 2716 2817
F 2716 2616 2717
F 2716 2615 2616
F 2716 2715 2614
F 2615 2716 2614
F 3252 3251 3146
F 3251 3145 3146
F 3251 3144 3145
F 3251 3250 3144
F 3360 3251 3361
F 3250 3251 3360
F 4010 4009 3907
F 3908 4010 3907
F 4010 4104 4009
F 4010 4105 4104
F 1842 1765 1766
F 1841 1765 1842
F 1766 1765 1689
F 1765 1688 1689
F 1765 1841 1840
F 1764 1765 1840
F 1765 1687 1688
F 1765 1764 1687
F 1298 1370 1369
F 1298 1299 1370
F 1299 1298 1231
F 1298 1230 1231
F 1297 1298 1369
F 1368 1297 1369
F 1230 1297 1229
F 1298 1297 1230
F 1129 1195 1128
F 1195 1129 1196
F 1195 1194 1127
F 1128 1195 1127
F 1259 1195 1260
F 1194 1195 1259
F 1190 1191 1255
F 1191 1256 1255
F 1191 1257 1256
F 1191 1192 1257
F 1191 1125 1192
F 1125 1191 1124
F 1061 1125 1060
F 1125 1061 1126
F 1125 1059 1060
F 1125 1124 1059
F 1125 1126 1193
F 1192 1125 1193
F 1425 1495 1424
F 1424 1495 1494
F 1495 1567 1566
F 1494 1495 1566
F 1495 1425 1426
F 1496 1495 1426
F 1567 1495 1568
F 1495 1496 1568
F 1080 1144 1079
F 1144 1080 1145
F 1212 1144 1145
F 1211 1144 1212
F 937 875 876
F 938 937 876
F 875 937 874
F 937 936 874
F 940 879 941
F 940 878 879
F 935 999 934
F 999 998 934
F 999 935 936
F 1000 999 936
F 998 999 1062
F 999 1063 1062
F 1063 999 1064
F 1064 999 1000
F 4107 4011 4012
F 4106 4011 4107
F 4011 3909 3910
F 4012 4011 3910
F 4105 4011 4106
F 4010 4011 4105
F 3909 4011 3908
F 4011 4010 3908
F 1296 1295 1227
F 1228 1296 1227
F 1295 1296 1366
F 1296 1367 1366
F 1296 1228 1229
F 1297 1296 1229
F 1367 1296 1368
F 1296 1297 1368
F 1142 1143 1209
F 1143 1210 1209
F 1143 1142 1077
F 1078 1143 1077
F 1143 1211 1210
F 1143 1144 1211
F 1143 1078 1079
F 1144 1143 1079
F 1003 1004 1069
F 1068 1003 1069
F 1004 1003 941
F 1003 940 941
F 877 939 876
F 939 938 876
F 1198 1131 1199
F 1131 1132 1199
F 1197 1131 1198
F 1131 1197 1130
F 1131 1067 1132
F 1131 1066 1067
F 1065 1131 1130
F 1066 1131 1065
F 1002 1068 1067
F 1002 1003 1068
F 1066 1002 1067
F 1002 1066 1001
F 1003 1002 940
F 1002 939 940
F 939 1002 938
F 938 1002 1001
