V 27.787 99.786 11.390 0.469454 0.506701
V 35.458 100.642 9.840 0.472977 0.507067
V 43.405 101.748 8.970 0.476628 0.507547
V 49.010 103.606 9.020 0.479208 0.508382
V 57.198 104.049 7.540 0.482967 0.508556
V 65.554 105.400 6.280 0.486806 0.509148
V 73.050 104.827 4.700 0.490244 0.508856
V 82.123 103.926 7.710 0.494405 0.508407
V 91.152 101.587 8.810 0.498540 0.507295
V 99.236 102.297 8.230 0.502252 0.507593
V 106.403 103.177 7.740 0.505544 0.507972
V 119.127 104.088 5.540 0.511387 0.508344
V 129.207 104.847 4.820 0.516016 0.508657
V 136.326 103.896 3.610 0.519279 0.508192
V 144.889 106.815 2.540 0.523220 0.509505
V 153.376 107.118 2.990 0.527115 0.509613
V 161.366 103.773 0.950 0.530770 0.508042
V 12.002 96.786 12.830 0.462199 0.505377
V 19.303 98.311 12.740 0.465555 0.506052
V 2.648 93.386 12.970 0.457894 0.503845
V -1.997 92.404 11.660 0.455758 0.503409
V -3.282 87.092 11.620 0.455149 0.500966
V 8.757 88.547 10.750 0.460679 0.501592
V 13.834 90.297 10.700 0.463016 0.502380
V 18.472 91.018 9.890 0.465147 0.502695
V 28.267 92.177 9.000 0.469646 0.503192
V 37.239 92.454 7.570 0.473764 0.503287
V 44.265 93.468 7.360 0.476993 0.503728
V 51.010 93.971 5.630 0.480090 0.503935
V 59.480 94.663 4.600 0.483979 0.504222
V 67.928 94.701 4.240 0.487856 0.504208
V 77.195 95.360 4.110 0.492111 0.504478
V 83.338 93.530 5.460 0.494924 0.503612
V 91.798 93.568 5.900 0.498807 0.503598
V 100.400 93.732 5.590 0.502754 0.503641
V 109.141 94.021 4.710 0.506767 0.503742
V 120.168 95.264 3.470 0.511832 0.504274
V 128.541 96.225 2.460 0.515678 0.504686
V 138.088 96.482 0.370 0.520060 0.504769
V 146.849 96.903 -0.870 0.524082 0.504930
V 153.066 96.381 -1.570 0.526933 0.504666
V 159.953 95.962 -1.880 0.530092 0.504448
V 3.601 84.966 10.480 0.458300 0.499961
V 14.232 84.123 9.800 0.463176 0.499533
V 24.399 84.610 8.660 0.467843 0.499719
V 33.786 85.261 7.550 0.472153 0.499985
V 1.055 80.879 9.670 0.457116 0.498087
V 18.579 80.922 8.020 0.465159 0.498041
V 11.501 78.730 8.980 0.461903 0.497057
V 9.515 75.401 8.360 0.460979 0.495531
V 16.452 74.186 7.650 0.464158 0.494945
V 25.893 76.016 6.800 0.468497 0.495753
V 44.962 87.673 5.460 0.477291 0.501055
V 54.848 87.387 4.390 0.481827 0.500886
V 63.070 88.352 3.890 0.485604 0.501300
V 69.854 89.639 3.030 0.488721 0.501869
V 77.632 89.181 2.960 0.492289 0.501628
V 68.805 86.273 3.200 0.488228 0.500321
V 78.334 86.658 3.150 0.492602 0.500463
V 87.537 88.894 5.300 0.496833 0.501460
V 95.461 88.561 5.230 0.500469 0.501276
V 101.913 87.632 4.550 0.503427 0.500825
V 110.567 89.106 3.790 0.507403 0.501472
V 122.138 90.589 2.900 0.512719 0.502112
V 132.749 90.931 1.010 0.517590 0.502230
V 140.317 91.270 -0.400 0.521064 0.502358
V 145.046 89.757 -2.150 0.523228 0.501644
V 152.790 91.403 -2.410 0.526788 0.502373
V 160.235 87.147 -4.450 0.530189 0.500384
V 42.333 81.225 5.350 0.476061 0.498093
V 35.626 78.491 5.650 0.472973 0.496858
V 54.090 81.383 4.060 0.481457 0.498122
V 59.054 83.404 3.380 0.483742 0.499035
V 64.579 82.776 2.490 0.486276 0.498725
V 72.531 83.359 1.850 0.489927 0.498964
V 82.588 83.590 3.770 0.494543 0.499033
V 87.038 82.219 3.770 0.496580 0.498385
V 96.910 80.618 3.450 0.501104 0.497611
V 102.609 80.771 2.770 0.503720 0.497660
V 111.773 81.435 2.420 0.507928 0.497932
V 123.902 83.551 1.470 0.513502 0.498862
V 134.599 86.386 0.540 0.518422 0.500129
V 144.392 85.579 -1.710 0.522913 0.499721
V 155.522 84.847 -4.190 0.528018 0.499342
V 150.561 83.214 -4.910 0.525735 0.498608
V 72.778 79.276 0.930 0.490025 0.497082
V 81.864 78.102 1.050 0.494190 0.496507
V 98.640 76.994 2.730 0.501885 0.495934
V 125.045 77.715 1.080 0.514005 0.496168
V 131.413 77.708 0.020 0.516928 0.496142
V 138.036 81.639 -1.120 0.519982 0.497928
V 145.328 81.330 -3.220 0.523327 0.497759
V 149.405 79.973 -4.170 0.525192 0.497119
V 163.579 83.191 -7.650 0.531709 0.498549
V 158.579 80.243 -7.180 0.529404 0.497209
V 52.500 74.356 3.840 0.480701 0.494890
V 61.186 73.328 1.640 0.484683 0.494384
V 68.077 73.692 0.310 0.487847 0.494526
V 74.715 74.329 -0.320 0.490896 0.494795
V 82.436 75.579 1.190 0.494444 0.495342
V 95.728 73.170 2.030 0.500534 0.494183
V 103.275 72.980 2.060 0.503997 0.494067
V 111.506 73.288 1.760 0.507776 0.494178
V 122.092 72.442 0.750 0.512630 0.493749
V 143.752 77.448 -3.730 0.522589 0.495976
V 138.489 74.642 -3.510 0.520163 0.494702
V 144.388 72.019 -5.750 0.522861 0.493471
V 147.647 74.384 -6.420 0.524365 0.494550
V 153.931 75.699 -7.490 0.527254 0.495132
V 147.605 72.937 -7.230 0.524340 0.493882
V 148.153 68.957 -6.970 0.524577 0.492047
V 86.268 71.599 0.930 0.496187 0.493494
V 115.352 69.172 1.070 0.509525 0.492267
V 125.409 68.214 -0.290 0.514137 0.491789
V 137.690 70.195 -2.520 0.519780 0.492656
V 130.192 68.274 -2.150 0.516332 0.491798
V 29.162 68.779 5.780 0.469970 0.492406
V 47.481 67.599 4.470 0.478373 0.491794
V 68.328 69.733 0.630 0.487947 0.492701
V 80.559 67.498 -1.310 0.493552 0.491625
V 93.156 67.749 0.790 0.499334 0.491694
V 99.095 66.967 0.940 0.502057 0.491312
V 54.083 63.891 3.730 0.481389 0.490061
V 62.270 66.964 1.100 0.485157 0.491447
V 74.249 65.133 -0.330 0.490648 0.490559
V 88.122 64.010 -0.080 0.497010 0.489990
V 122.420 61.878 -1.220 0.512742 0.488880
V 18.692 67.781 7.240 0.465162 0.491985
V 25.980 65.231 6.330 0.468497 0.490783
V 25.666 60.768 6.500 0.468336 0.488727
V 38.644 61.394 4.960 0.474294 0.488968
V 69.619 61.642 0.580 0.488510 0.488967
V 70.169 58.584 1.030 0.488751 0.487556
V 73.547 56.723 1.080 0.490294 0.486686
V 84.579 61.261 -2.640 0.495374 0.488736
V 87.494 57.441 -3.070 0.496698 0.486965
V 99.097 59.185 0.270 0.502029 0.487725
V 107.349 59.885 -0.050 0.505818 0.488017
V 115.973 59.646 -0.220 0.509775 0.487875
V 127.887 58.209 -3.080 0.515237 0.487168
V 127.587 61.392 -2.480 0.515111 0.488636
V 136.637 66.151 -6.620 0.519282 0.490796
V 136.481 61.009 -6.330 0.519192 0.488427
V 144.513 62.778 -6.830 0.522884 0.489212
V 138.185 55.782 -6.810 0.519954 0.486012
V 131.981 53.009 -7.550 0.517097 0.484757
V 128.927 48.907 -7.730 0.515680 0.482878
V 135.420 47.963 -6.710 0.518656 0.482419
V 59.428 58.257 3.400 0.483821 0.487445
V 49.816 56.166 4.330 0.479402 0.486517
V 68.064 55.376 1.870 0.487773 0.486085
V 106.003 55.321 -1.000 0.505184 0.485919
V 111.796 53.749 -1.450 0.507836 0.485173
V 116.757 55.121 -1.610 0.510118 0.485787
V 94.585 51.454 -3.810 0.499930 0.484179
V 34.331 56.044 6.050 0.472296 0.486518
V 34.881 53.250 5.860 0.472538 0.485229
V 46.248 52.889 4.520 0.477753 0.485020
V 75.734 51.214 0.890 0.491278 0.484139
V 82.149 48.821 -0.360 0.494213 0.483012
V 105.819 49.777 -2.240 0.505079 0.483365
V 111.667 49.788 -2.680 0.507762 0.483348
V 117.495 49.138 -4.850 0.510435 0.483027
V 123.364 49.677 -5.000 0.513130 0.483254
V 39.283 50.815 5.600 0.474549 0.484090
V 54.009 48.062 3.790 0.481296 0.482767
V 66.071 48.066 2.360 0.486832 0.482724
V 66.998 44.455 1.860 0.487244 0.481056
V 76.560 44.700 1.160 0.491633 0.481134
V 101.617 47.314 -3.470 0.503141 0.482245
V 112.728 45.639 -4.000 0.508234 0.481432
V 122.537 44.550 -6.120 0.512731 0.480894
V 36.722 46.304 5.480 0.473357 0.482021
V 42.969 43.520 5.370 0.476213 0.480715
V 48.942 43.788 4.240 0.478955 0.480816
V 59.736 45.301 3.290 0.483914 0.481473
V 80.584 42.142 0.910 0.493470 0.479940
V 90.467 43.697 -2.710 0.498011 0.480620
V 106.657 42.991 -3.970 0.505438 0.480234
V 95.402 44.276 -4.280 0.500278 0.480868
V 41.130 40.559 5.240 0.475358 0.479357
V 62.741 40.539 2.980 0.485276 0.479268
V 71.210 39.904 1.280 0.489160 0.478943
V 85.919 38.996 -0.370 0.495907 0.478470
V 95.509 39.636 -3.530 0.500310 0.478730
V 112.546 35.974 -6.150 0.508115 0.476979
V 116.358 38.592 -6.180 0.509874 0.478171
V 131.546 38.856 -6.820 0.516845 0.478236
V 40.598 37.142 4.910 0.475102 0.477784
V 53.285 36.055 4.270 0.480920 0.477236
V 64.453 36.624 2.090 0.486047 0.477457
V 92.833 35.247 -2.900 0.499066 0.476717
V 104.366 34.078 -5.390 0.504354 0.476135
V 120.726 33.625 -7.340 0.511860 0.475866
V 44.047 33.812 4.930 0.476672 0.476237
V 49.293 32.256 4.580 0.479074 0.475500
V 56.701 31.665 3.690 0.482471 0.475200
V 99.710 30.169 -4.350 0.502203 0.474351
V 109.414 29.741 -5.930 0.506654 0.474118
V 128.356 30.501 -7.140 0.515350 0.474398
V 44.365 28.364 4.740 0.476798 0.473725
V 62.365 26.905 2.780 0.485053 0.472986
V 52.999 25.063 3.730 0.480748 0.472172
V 105.759 23.924 -5.960 0.504956 0.471451
V 39.940 23.784 4.560 0.474750 0.471630
V 45.651 20.477 3.900 0.477359 0.470085
V 56.761 19.186 2.520 0.482453 0.469449
V 42.767 14.625 3.610 0.476014 0.467399
V 50.201 14.427 3.320 0.479424 0.467280
V 57.553 11.970 2.550 0.482789 0.466121
V 47.337 9.100 3.040 0.478091 0.464836
V 41.888 5.749 2.820 0.475578 0.463312
V 56.668 6.151 2.650 0.482362 0.463443
V 48.970 3.166 3.120 0.478818 0.462096
V 45.500 4.500 2.973 0.477231 0.462723
V 47.000 4.500 3.029 0.477919 0.462717
V 48.500 4.500 3.045 0.478607 0.462712
V 50.000 4.500 3.026 0.479296 0.462706
V 51.500 4.500 2.990 0.479984 0.462701
V 42.500 6.000 2.860 0.475859 0.463425
V 44.000 6.000 2.911 0.476548 0.463420
V 45.500 6.000 2.956 0.477236 0.463414
V 47.000 6.000 2.988 0.477924 0.463409
V 48.500 6.000 2.992 0.478613 0.463403
V 50.000 6.000 2.970 0.479301 0.463398
V 51.500 6.000 2.932 0.479990 0.463392
V 53.000 6.000 2.878 0.480678 0.463386
V 54.500 6.000 2.804 0.481366 0.463381
V 56.000 6.000 2.704 0.482055 0.463375
V 42.500 7.500 2.971 0.475865 0.464117
V 44.000 7.500 2.974 0.476553 0.464111
V 45.500 7.500 2.976 0.477242 0.464106
V 47.000 7.500 2.988 0.477930 0.464100
V 48.500 7.500 2.982 0.478618 0.464094
V 50.000 7.500 2.961 0.479307 0.464089
V 51.500 7.500 2.927 0.479995 0.464083
V 53.000 7.500 2.879 0.480683 0.464078
V 54.500 7.500 2.810 0.481372 0.464072
V 56.000 7.500 2.705 0.482060 0.464067
V 42.500 9.000 3.098 0.475870 0.464808
V 44.000 9.000 3.082 0.476559 0.464802
V 45.500 9.000 3.055 0.477247 0.464797
V 48.500 9.000 3.027 0.478624 0.464786
V 50.000 9.000 3.010 0.479312 0.464780
V 51.500 9.000 2.980 0.480001 0.464775
V 53.000 9.000 2.931 0.480689 0.464769
V 54.500 9.000 2.841 0.481377 0.464763
V 56.000 9.000 2.714 0.482066 0.464758
V 42.500 10.500 3.232 0.475876 0.465499
V 44.000 10.500 3.205 0.476564 0.465494
V 45.500 10.500 3.160 0.477253 0.465488
V 47.000 10.500 3.131 0.477941 0.465483
V 48.500 10.500 3.120 0.478629 0.465477
V 50.000 10.500 3.098 0.479318 0.465471
V 51.500 10.500 3.058 0.480006 0.465466
V 53.000 10.500 2.985 0.480695 0.465460
V 54.500 10.500 2.862 0.481383 0.465455
V 56.000 10.500 2.721 0.482071 0.465449
V 42.500 12.000 3.371 0.475882 0.466190
V 44.000 12.000 3.330 0.476570 0.466185
V 45.500 12.000 3.280 0.477258 0.466179
V 47.000 12.000 3.257 0.477947 0.466174
V 48.500 12.000 3.234 0.478635 0.466168
V 50.000 12.000 3.195 0.479323 0.466163
V 51.500 12.000 3.133 0.480012 0.466157
V 53.000 12.000 3.021 0.480700 0.466152
V 54.500 12.000 2.879 0.481388 0.466146
V 56.000 12.000 2.721 0.482077 0.466140
V 42.500 13.500 3.513 0.475887 0.466882
V 44.000 13.500 3.462 0.476575 0.466876
V 45.500 13.500 3.428 0.477264 0.466871
V 47.000 13.500 3.397 0.477952 0.466865
V 48.500 13.500 3.352 0.478641 0.466859
V 50.000 13.500 3.286 0.479329 0.466854
V 51.500 13.500 3.187 0.480017 0.466848
V 53.000 13.500 3.051 0.480706 0.466843
V 54.500 13.500 2.886 0.481394 0.466837
V 56.000 13.500 2.691 0.482082 0.466832
V 57.500 13.500 2.518 0.482771 0.466826
V 41.000 15.000 3.706 0.475204 0.467579
V 44.000 15.000 3.600 0.476581 0.467567
V 45.500 15.000 3.556 0.477269 0.467562
V 47.000 15.000 3.508 0.477958 0.467556
V 48.500 15.000 3.445 0.478646 0.467551
V 50.000 15.000 3.358 0.479334 0.467545
V 51.500 15.000 3.218 0.480023 0.467540
V 53.000 15.000 3.038 0.480711 0.467534
V 54.500 15.000 2.832 0.481400 0.467528
V 56.000 15.000 2.611 0.482088 0.467523
V 57.500 15.000 2.467 0.482776 0.467517
V 41.000 16.500 3.871 0.475210 0.468270
V 42.500 16.500 3.790 0.475898 0.468264
V 44.000 16.500 3.705 0.476587 0.468259
V 45.500 16.500 3.640 0.477275 0.468253
V 47.000 16.500 3.580 0.477963 0.468248
V 48.500 16.500 3.507 0.478652 0.468242
V 50.000 16.500 3.422 0.479340 0.468236
V 51.500 16.500 3.282 0.480028 0.468231
V 53.000 16.500 3.048 0.480717 0.468225
V 54.500 16.500 2.805 0.481405 0.468220
V 56.000 16.500 2.567 0.482093 0.468214
V 57.500 16.500 2.424 0.482782 0.468209
V 59.000 16.500 2.515 0.483470 0.468203
V 41.000 18.000 4.021 0.475215 0.468961
V 42.500 18.000 3.921 0.475904 0.468956
V 44.000 18.000 3.818 0.476592 0.468950
V 45.500 18.000 3.728 0.477280 0.468944
V 47.000 18.000 3.655 0.477969 0.468939
V 48.500 18.000 3.576 0.478657 0.468933
V 50.000 18.000 3.492 0.479346 0.468928
V 51.500 18.000 3.372 0.480034 0.468922
V 53.000 18.000 3.123 0.480722 0.468917
V 54.500 18.000 2.847 0.481411 0.468911
V 56.000 18.000 2.585 0.482099 0.468905
V 57.500 18.000 2.413 0.482787 0.468900
V 59.000 18.000 2.551 0.483476 0.468894
V 41.000 19.500 4.160 0.475221 0.469652
V 42.500 19.500 4.050 0.475909 0.469647
V 44.000 19.500 3.938 0.476598 0.469641
V 45.500 19.500 3.832 0.477286 0.469636
V 47.000 19.500 3.744 0.477974 0.469630
V 48.500 19.500 3.659 0.478663 0.469625
V 50.000 19.500 3.572 0.479351 0.469619
V 51.500 19.500 3.460 0.480039 0.469613
V 53.000 19.500 3.232 0.480728 0.469608
V 54.500 19.500 2.942 0.481416 0.469602
V 56.000 19.500 2.667 0.482105 0.469597
V 57.500 19.500 2.456 0.482793 0.469591
V 59.000 19.500 2.529 0.483481 0.469586
V 41.000 21.000 4.286 0.475226 0.470344
V 42.500 21.000 4.180 0.475915 0.470338
V 44.000 21.000 4.065 0.476603 0.470332
V 47.000 21.000 3.856 0.477980 0.470321
V 48.500 21.000 3.759 0.478668 0.470316
V 50.000 21.000 3.663 0.479357 0.470310
V 51.500 21.000 3.553 0.480045 0.470305
V 53.000 21.000 3.354 0.480733 0.470299
V 54.500 21.000 3.068 0.481422 0.470294
V 56.000 21.000 2.801 0.482110 0.470288
V 57.500 21.000 2.572 0.482798 0.470282
V 59.000 21.000 2.532 0.483487 0.470277
V 41.000 22.500 4.408 0.475232 0.471035
V 42.500 22.500 4.302 0.475920 0.471029
V 44.000 22.500 4.200 0.476609 0.471024
V 45.500 22.500 4.107 0.477297 0.471018
V 47.000 22.500 4.002 0.477985 0.471013
V 48.500 22.500 3.890 0.478674 0.471007
V 50.000 22.500 3.777 0.479362 0.471001
V 51.500 22.500 3.658 0.480051 0.470996
V 53.000 22.500 3.485 0.480739 0.470990
V 54.500 22.500 3.224 0.481427 0.470985
V 56.000 22.500 2.983 0.482116 0.470979
V 57.500 22.500 2.759 0.482804 0.470974
V 59.000 22.500 2.622 0.483492 0.470968
V 60.500 22.500 2.726 0.484181 0.470963
V 41.000 24.000 4.525 0.475238 0.471726
V 42.500 24.000 4.447 0.475926 0.471721
V 44.000 24.000 4.362 0.476614 0.471715
V 45.500 24.000 4.270 0.477303 0.471709
V 47.000 24.000 4.169 0.477991 0.471704
V 48.500 24.000 4.053 0.478679 0.471698
V 50.000 24.000 3.925 0.479368 0.471693
V 51.500 24.000 3.785 0.480056 0.471687
V 53.000 24.000 3.626 0.480744 0.471682
V 54.500 24.000 3.410 0.481433 0.471676
V 56.000 24.000 3.208 0.482121 0.471670
V 57.500 24.000 3.006 0.482810 0.471665
V 59.000 24.000 2.811 0.483498 0.471659
V 60.500 24.000 2.736 0.484186 0.471654
V 41.000 25.500 4.632 0.475243 0.472417
V 42.500 25.500 4.596 0.475931 0.472412
V 44.000 25.500 4.520 0.476620 0.472406
V 45.500 25.500 4.433 0.477308 0.472401
V 47.000 25.500 4.337 0.477997 0.472395
V 48.500 25.500 4.225 0.478685 0.472390
V 50.000 25.500 4.094 0.479373 0.472384
V 51.500 25.500 3.942 0.480062 0.472378
V 54.500 25.500 3.594 0.481438 0.472367
V 56.000 25.500 3.419 0.482127 0.472362
V 57.500 25.500 3.242 0.482815 0.472356
V 59.000 25.500 3.059 0.483503 0.472351
V 60.500 25.500 2.871 0.484192 0.472345
V 105.500 25.500 -5.712 0.504843 0.472178
V 107.000 25.500 -5.957 0.505531 0.472172
V 108.500 25.500 -6.261 0.506219 0.472167
V 110.000 25.500 -6.455 0.506908 0.472161
V 39.500 27.000 4.762 0.474560 0.473114
V 41.000 27.000 4.674 0.475249 0.473109
V 42.500 27.000 4.706 0.475937 0.473103
V 44.000 27.000 4.660 0.476625 0.473098
V 45.500 27.000 4.579 0.477314 0.473092
V 47.000 27.000 4.484 0.478002 0.473086
V 48.500 27.000 4.366 0.478690 0.473081
V 50.000 27.000 4.227 0.479379 0.473075
V 51.500 27.000 4.071 0.480067 0.473070
V 53.000 27.000 3.906 0.480756 0.473064
V 54.500 27.000 3.720 0.481444 0.473059
V 56.000 27.000 3.529 0.482132 0.473053
V 57.500 27.000 3.343 0.482821 0.473047
V 59.000 27.000 3.162 0.483509 0.473042
V 60.500 27.000 2.988 0.484197 0.473036
V 104.000 27.000 -5.314 0.504160 0.472875
V 105.500 27.000 -5.547 0.504848 0.472869
V 107.000 27.000 -5.765 0.505537 0.472864
V 108.500 27.000 -6.016 0.506225 0.472858
V 110.000 27.000 -6.398 0.506913 0.472853
V 111.500 27.000 -6.615 0.507602 0.472847
V 113.000 27.000 -6.752 0.508290 0.472841
V 114.500 27.000 -6.866 0.508978 0.472836
V 116.000 27.000 -6.984 0.509667 0.472830
V 39.500 28.500 4.810 0.474566 0.473805
V 41.000 28.500 4.682 0.475254 0.473800
V 42.500 28.500 4.762 0.475943 0.473794
V 45.500 28.500 4.687 0.477319 0.473783
V 47.000 28.500 4.588 0.478008 0.473778
V 48.500 28.500 4.469 0.478696 0.473772
V 50.000 28.500 4.331 0.479384 0.473767
V 51.500 28.500 4.180 0.480073 0.473761
V 53.000 28.500 4.018 0.480761 0.473755
V 54.500 28.500 3.834 0.481449 0.473750
V 56.000 28.500 3.630 0.482138 0.473744
V 57.500 28.500 3.427 0.482826 0.473739
V 59.000 28.500 3.229 0.483515 0.473733
V 60.500 28.500 3.035 0.484203 0.473728
V 62.000 28.500 2.808 0.484891 0.473722
V 63.500 28.500 2.645 0.485580 0.473716
V 65.000 28.500 2.569 0.486268 0.473711
V 102.500 28.500 -4.951 0.503477 0.473572
V 104.000 28.500 -5.213 0.504165 0.473566
V 105.500 28.500 -5.446 0.504854 0.473561
V 107.000 28.500 -5.654 0.505542 0.473555
V 108.500 28.500 -5.850 0.506230 0.473549
V 110.000 28.500 -6.104 0.506919 0.473544
V 111.500 28.500 -6.484 0.507607 0.473538
V 113.000 28.500 -6.794 0.508296 0.473533
V 114.500 28.500 -6.938 0.508984 0.473527
V 116.000 28.500 -7.031 0.509672 0.473522
V 117.500 28.500 -7.091 0.510361 0.473516
V 119.000 28.500 -7.137 0.511049 0.473510
V 120.500 28.500 -7.179 0.511737 0.473505
V 39.500 30.000 4.834 0.474571 0.474497
V 41.000 30.000 4.690 0.475260 0.474491
V 42.500 30.000 4.795 0.475948 0.474486
V 44.000 30.000 4.839 0.476636 0.474480
V 45.500 30.000 4.767 0.477325 0.474475
V 47.000 30.000 4.668 0.478013 0.474469
V 48.500 30.000 4.551 0.478702 0.474463
V 50.000 30.000 4.417 0.479390 0.474458
V 51.500 30.000 4.272 0.480078 0.474452
V 53.000 30.000 4.110 0.480767 0.474447
V 54.500 30.000 3.927 0.481455 0.474441
V 56.000 30.000 3.718 0.482143 0.474436
V 57.500 30.000 3.500 0.482832 0.474430
V 59.000 30.000 3.282 0.483520 0.474424
V 60.500 30.000 3.028 0.484208 0.474419
V 62.000 30.000 2.730 0.484897 0.474413
V 63.500 30.000 2.541 0.485585 0.474408
V 65.000 30.000 2.436 0.486273 0.474402
V 66.500 30.000 2.437 0.486962 0.474397
V 68.000 30.000 2.389 0.487650 0.474391
V 101.000 30.000 -4.627 0.502794 0.474268
V 102.500 30.000 -4.923 0.503483 0.474263
V 104.000 30.000 -5.188 0.504171 0.474257
V 105.500 30.000 -5.427 0.504859 0.474252
V 107.000 30.000 -5.641 0.505548 0.474246
V 108.500 30.000 -5.831 0.506236 0.474241
V 110.000 30.000 -6.000 0.506924 0.474235
V 111.500 30.000 -6.235 0.507613 0.474230
V 113.000 30.000 -6.556 0.508301 0.474224
V 114.500 30.000 -6.925 0.508989 0.474218
V 116.000 30.000 -7.106 0.509678 0.474213
V 117.500 30.000 -7.205 0.510366 0.474207
V 119.000 30.000 -7.263 0.511055 0.474202
V 120.500 30.000 -7.288 0.511743 0.474196
V 122.000 30.000 -7.287 0.512431 0.474191
V 123.500 30.000 -7.265 0.513120 0.474185
V 125.000 30.000 -7.232 0.513808 0.474179
V 126.500 30.000 -7.197 0.514496 0.474174
V 39.500 31.500 4.844 0.474577 0.475188
V 41.000 31.500 4.707 0.475265 0.475182
V 42.500 31.500 4.837 0.475954 0.475177
V 44.000 31.500 4.900 0.476642 0.475171
V 45.500 31.500 4.827 0.477330 0.475166
V 47.000 31.500 4.731 0.478019 0.475160
V 48.500 31.500 4.618 0.478707 0.475155
V 50.000 31.500 4.488 0.479395 0.475149
V 51.500 31.500 4.345 0.480084 0.475144
V 53.000 31.500 4.182 0.480772 0.475138
V 54.500 31.500 3.998 0.481461 0.475132
V 56.000 31.500 3.790 0.482149 0.475127
V 57.500 31.500 3.556 0.482837 0.475121
V 59.000 31.500 3.284 0.483526 0.475116
V 60.500 31.500 2.976 0.484214 0.475110
V 62.000 31.500 2.643 0.484902 0.475105
V 63.500 31.500 2.399 0.485591 0.475099
V 65.000 31.500 2.289 0.486279 0.475093
V 66.500 31.500 2.212 0.486967 0.475088
V 68.000 31.500 2.251 0.487656 0.475082
V 69.500 31.500 2.309 0.488344 0.475077
V 71.000 31.500 2.215 0.489032 0.475071
V 98.000 31.500 -4.016 0.501423 0.474971
V 99.500 31.500 -4.308 0.502111 0.474965
V 101.000 31.500 -4.688 0.502800 0.474960
V 102.500 31.500 -5.016 0.503488 0.474954
V 104.000 31.500 -5.290 0.504176 0.474949
V 105.500 31.500 -5.525 0.504865 0.474943
V 107.000 31.500 -5.720 0.505553 0.474937
V 108.500 31.500 -5.876 0.506242 0.474932
V 110.000 31.500 -6.031 0.506930 0.474926
V 111.500 31.500 -6.213 0.507618 0.474921
V 113.000 31.500 -6.413 0.508307 0.474915
V 114.500 31.500 -6.666 0.508995 0.474910
V 116.000 31.500 -6.962 0.509683 0.474904
V 117.500 31.500 -7.227 0.510372 0.474898
V 119.000 31.500 -7.330 0.511060 0.474893
V 120.500 31.500 -7.388 0.511748 0.474887
V 122.000 31.500 -7.404 0.512437 0.474882
V 123.500 31.500 -7.384 0.513125 0.474876
V 125.000 31.500 -7.333 0.513814 0.474871
V 126.500 31.500 -7.257 0.514502 0.474865
V 128.000 31.500 -7.145 0.515190 0.474859
V 39.500 33.000 4.850 0.474582 0.475879
V 41.000 33.000 4.740 0.475271 0.475874
V 42.500 33.000 4.893 0.475959 0.475868
V 44.000 33.000 4.931 0.476648 0.475863
V 45.500 33.000 4.856 0.477336 0.475857
V 47.000 33.000 4.767 0.478024 0.475851
V 48.500 33.000 4.663 0.478713 0.475846
V 50.000 33.000 4.542 0.479401 0.475840
V 51.500 33.000 4.403 0.480089 0.475835
V 53.000 33.000 4.245 0.480778 0.475829
V 54.500 33.000 4.065 0.481466 0.475824
V 56.000 33.000 3.856 0.482154 0.475818
V 57.500 33.000 3.625 0.482843 0.475813
V 59.000 33.000 3.302 0.483531 0.475807
V 60.500 33.000 2.953 0.484219 0.475801
V 62.000 33.000 2.594 0.484908 0.475796
V 63.500 33.000 2.277 0.485596 0.475790
V 65.000 33.000 2.108 0.486285 0.475785
V 66.500 33.000 2.027 0.486973 0.475779
V 68.000 33.000 1.984 0.487661 0.475774
V 69.500 33.000 2.043 0.488350 0.475768
V 71.000 33.000 2.140 0.489038 0.475762
V 72.500 33.000 2.141 0.489726 0.475757
V 74.000 33.000 1.994 0.490415 0.475751
V 96.500 33.000 -3.750 0.500740 0.475668
V 98.000 33.000 -3.971 0.501429 0.475662
V 99.500 33.000 -4.300 0.502117 0.475657
V 101.000 33.000 -4.709 0.502805 0.475651
V 102.500 33.000 -5.066 0.503494 0.475645
V 104.000 33.000 -5.356 0.504182 0.475640
V 105.500 33.000 -5.575 0.504870 0.475634
V 107.000 33.000 -5.748 0.505559 0.475629
V 108.500 33.000 -5.901 0.506247 0.475623
V 110.000 33.000 -6.049 0.506935 0.475618
V 111.500 33.000 -6.231 0.507624 0.475612
V 113.000 33.000 -6.435 0.508312 0.475606
V 114.500 33.000 -6.642 0.509001 0.475601
V 116.000 33.000 -6.849 0.509689 0.475595
V 117.500 33.000 -7.051 0.510377 0.475590
V 119.000 33.000 -7.244 0.511066 0.475584
V 120.500 33.000 -7.375 0.511754 0.475579
V 122.000 33.000 -7.428 0.512442 0.475573
V 123.500 33.000 -7.423 0.513131 0.475567
V 125.000 33.000 -7.358 0.513819 0.475562
V 126.500 33.000 -7.237 0.514507 0.475556
V 128.000 33.000 -7.076 0.515196 0.475551
V 39.500 34.500 4.860 0.474588 0.476571
V 41.000 34.500 4.797 0.475276 0.476565
V 42.500 34.500 4.932 0.475965 0.476559
V 44.000 34.500 4.929 0.476653 0.476554
V 45.500 34.500 4.850 0.477341 0.476548
V 47.000 34.500 4.764 0.478030 0.476543
V 48.500 34.500 4.666 0.478718 0.476537
V 50.000 34.500 4.557 0.479407 0.476532
V 51.500 34.500 4.434 0.480095 0.476526
V 53.000 34.500 4.291 0.480783 0.476520
V 54.500 34.500 4.121 0.481472 0.476515
V 56.000 34.500 3.926 0.482160 0.476509
V 57.500 34.500 3.710 0.482848 0.476504
V 59.000 34.500 3.438 0.483537 0.476498
V 60.500 34.500 3.028 0.484225 0.476493
V 62.000 34.500 2.619 0.484913 0.476487
V 63.500 34.500 2.232 0.485602 0.476482
V 65.000 34.500 1.967 0.486290 0.476476
V 66.500 34.500 1.843 0.486978 0.476470
V 68.000 34.500 1.772 0.487667 0.476465
V 69.500 34.500 1.763 0.488355 0.476459
V 71.000 34.500 1.827 0.489044 0.476454
V 72.500 34.500 1.913 0.489732 0.476448
V 74.000 34.500 1.948 0.490420 0.476443
V 75.500 34.500 1.881 0.491109 0.476437
V 77.000 34.500 1.675 0.491797 0.476431
V 95.000 34.500 -3.441 0.500057 0.476365
V 96.500 34.500 -3.685 0.500746 0.476359
V 98.000 34.500 -3.912 0.501434 0.476353
V 99.500 34.500 -4.289 0.502122 0.476348
V 101.000 34.500 -4.687 0.502811 0.476342
V 102.500 34.500 -5.031 0.503499 0.476337
V 105.500 34.500 -5.518 0.504876 0.476326
V 107.000 34.500 -5.697 0.505564 0.476320
V 108.500 34.500 -5.856 0.506253 0.476314
V 110.000 34.500 -6.008 0.506941 0.476309
V 111.500 34.500 -6.175 0.507629 0.476303
V 113.000 34.500 -6.387 0.508318 0.476298
V 114.500 34.500 -6.608 0.509006 0.476292
V 116.000 34.500 -6.807 0.509694 0.476287
V 117.500 34.500 -6.976 0.510383 0.476281
V 119.000 34.500 -7.114 0.511071 0.476275
V 120.500 34.500 -7.231 0.511760 0.476270
V 122.000 34.500 -7.320 0.512448 0.476264
V 123.500 34.500 -7.342 0.513136 0.476259
V 125.000 34.500 -7.296 0.513825 0.476253
V 126.500 34.500 -7.184 0.514513 0.476248
V 128.000 34.500 -7.020 0.515201 0.476242
V 129.500 34.500 -6.939 0.515890 0.476236
V 39.500 36.000 4.881 0.474594 0.477262
V 41.000 36.000 4.877 0.475282 0.477256
V 42.500 36.000 4.979 0.475970 0.477251
V 44.000 36.000 4.928 0.476659 0.477245
V 45.500 36.000 4.820 0.477347 0.477240
V 47.000 36.000 4.731 0.478035 0.477234
V 48.500 36.000 4.640 0.478724 0.477228
V 50.000 36.000 4.538 0.479412 0.477223
V 51.500 36.000 4.423 0.480100 0.477217
V 54.500 36.000 4.154 0.481477 0.477206
V 56.000 36.000 3.989 0.482165 0.477201
V 57.500 36.000 3.792 0.482854 0.477195
V 59.000 36.000 3.549 0.483542 0.477189
V 60.500 36.000 3.207 0.484231 0.477184
V 62.000 36.000 2.749 0.484919 0.477178
V 63.500 36.000 2.305 0.485607 0.477173
V 65.000 36.000 1.922 0.486296 0.477167
V 66.500 36.000 1.695 0.486984 0.477162
V 68.000 36.000 1.615 0.487672 0.477156
V 69.500 36.000 1.550 0.488361 0.477150
V 71.000 36.000 1.560 0.489049 0.477145
V 72.500 36.000 1.612 0.489737 0.477139
V 74.000 36.000 1.658 0.490426 0.477134
V 75.500 36.000 1.667 0.491114 0.477128
V 77.000 36.000 1.619 0.491803 0.477123
V 78.500 36.000 1.478 0.492491 0.477117
V 80.000 36.000 1.205 0.493179 0.477112
V 92.000 36.000 -2.627 0.498686 0.477067
V 93.500 36.000 -3.058 0.499375 0.477061
V 95.000 36.000 -3.374 0.500063 0.477056
V 96.500 36.000 -3.612 0.500751 0.477050
V 98.000 36.000 -3.896 0.501440 0.477045
V 99.500 36.000 -4.281 0.502128 0.477039
V 101.000 36.000 -4.639 0.502816 0.477034
V 102.500 36.000 -4.942 0.503505 0.477028
V 104.000 36.000 -5.169 0.504193 0.477022
V 105.500 36.000 -5.349 0.504881 0.477017
V 107.000 36.000 -5.511 0.505570 0.477011
V 108.500 36.000 -5.666 0.506258 0.477006
V 110.000 36.000 -5.825 0.506947 0.477000
V 111.500 36.000 -6.003 0.507635 0.476995
V 114.500 36.000 -6.413 0.509012 0.476983
V 116.000 36.000 -6.597 0.509700 0.476978
V 117.500 36.000 -6.765 0.510388 0.476972
V 119.000 36.000 -6.914 0.511077 0.476967
V 120.500 36.000 -7.041 0.511765 0.476961
V 122.000 36.000 -7.155 0.512453 0.476956
V 123.500 36.000 -7.224 0.513142 0.476950
V 125.000 36.000 -7.229 0.513830 0.476944
V 126.500 36.000 -7.169 0.514519 0.476939
V 128.000 36.000 -7.042 0.515207 0.476933
V 129.500 36.000 -6.884 0.515895 0.476928
V 38.000 37.500 5.152 0.473911 0.477959
V 39.500 37.500 4.920 0.474599 0.477953
V 42.500 37.500 5.028 0.475976 0.477942
V 44.000 37.500 4.938 0.476664 0.477936
V 45.500 37.500 4.796 0.477352 0.477931
V 47.000 37.500 4.676 0.478041 0.477925
V 48.500 37.500 4.577 0.478729 0.477920
V 50.000 37.500 4.476 0.479418 0.477914
V 51.500 37.500 4.368 0.480106 0.477909
V 53.000 37.500 4.254 0.480794 0.477903
V 54.500 37.500 4.132 0.481483 0.477897
V 56.000 37.500 4.011 0.482171 0.477892
V 57.500 37.500 3.849 0.482859 0.477886
V 59.000 37.500 3.632 0.483548 0.477881
V 60.500 37.500 3.349 0.484236 0.477875
V 62.000 37.500 2.933 0.484924 0.477870
V 63.500 37.500 2.469 0.485613 0.477864
V 65.000 37.500 2.032 0.486301 0.477858
V 66.500 37.500 1.690 0.486990 0.477853
V 68.000 37.500 1.497 0.487678 0.477847
V 69.500 37.500 1.425 0.488366 0.477842
V 71.000 37.500 1.373 0.489055 0.477836
V 72.500 37.500 1.384 0.489743 0.477831
V 74.000 37.500 1.398 0.490431 0.477825
V 75.500 37.500 1.389 0.491120 0.477819
V 77.000 37.500 1.345 0.491808 0.477814
V 78.500 37.500 1.254 0.492496 0.477808
V 80.000 37.500 1.104 0.493185 0.477803
V 81.500 37.500 0.878 0.493873 0.477797
V 83.000 37.500 0.531 0.494562 0.477792
V 89.000 37.500 -1.476 0.497315 0.477769
V 90.500 37.500 -2.061 0.498003 0.477764
V 92.000 37.500 -2.661 0.498692 0.477758
V 93.500 37.500 -3.062 0.499380 0.477753
V 95.000 37.500 -3.355 0.500068 0.477747
V 96.500 37.500 -3.596 0.500757 0.477742
V 98.000 37.500 -3.921 0.501445 0.477736
V 99.500 37.500 -4.254 0.502134 0.477730
V 101.000 37.500 -4.539 0.502822 0.477725
V 102.500 37.500 -4.771 0.503510 0.477719
V 104.000 37.500 -4.960 0.504199 0.477714
V 105.500 37.500 -5.112 0.504887 0.477708
V 107.000 37.500 -5.243 0.505575 0.477703
V 108.500 37.500 -5.375 0.506264 0.477697
V 110.000 37.500 -5.524 0.506952 0.477691
V 111.500 37.500 -5.717 0.507640 0.477686
V 113.000 37.500 -5.933 0.508329 0.477680
V 114.500 37.500 -6.147 0.509017 0.477675
V 116.000 37.500 -6.340 0.509706 0.477669
V 117.500 37.500 -6.520 0.510394 0.477664
V 119.000 37.500 -6.682 0.511082 0.477658
V 120.500 37.500 -6.825 0.511771 0.477652
V 122.000 37.500 -6.962 0.512459 0.477647
V 123.500 37.500 -7.060 0.513147 0.477641
V 125.000 37.500 -7.111 0.513836 0.477636
V 126.500 37.500 -7.109 0.514524 0.477630
V 128.000 37.500 -7.054 0.515212 0.477625
V 129.500 37.500 -6.944 0.515901 0.477619
V 131.000 37.500 -6.820 0.516589 0.477613
V 38.000 39.000 5.176 0.473916 0.478650
V 39.500 39.000 4.990 0.474605 0.478644
V 41.000 39.000 5.104 0.475293 0.478639
V 42.500 39.000 5.081 0.475981 0.478633
V 44.000 39.000 4.960 0.476670 0.478628
V 45.500 39.000 4.789 0.477358 0.478622
V 47.000 39.000 4.625 0.478046 0.478617
V 48.500 39.000 4.501 0.478735 0.478611
V 50.000 39.000 4.390 0.479423 0.478605
V 51.500 39.000 4.278 0.480111 0.478600
V 53.000 39.000 4.175 0.480800 0.478594
V 54.500 39.000 4.081 0.481488 0.478589
V 56.000 39.000 3.947 0.482177 0.478583
V 57.500 39.000 3.832 0.482865 0.478578
V 59.000 39.000 3.666 0.483553 0.478572
V 60.500 39.000 3.424 0.484242 0.478566
V 62.000 39.000 3.090 0.484930 0.478561
V 63.500 39.000 2.649 0.485618 0.478555
V 65.000 39.000 2.235 0.486307 0.478550
V 66.500 39.000 1.872 0.486995 0.478544
V 68.000 39.000 1.573 0.487683 0.478539
V 69.500 39.000 1.378 0.488372 0.478533
V 71.000 39.000 1.288 0.489060 0.478527
V 72.500 39.000 1.244 0.489749 0.478522
V 74.000 39.000 1.208 0.490437 0.478516
V 75.500 39.000 1.164 0.491125 0.478511
V 77.000 39.000 1.100 0.491814 0.478505
V 78.500 39.000 1.004 0.492502 0.478500
V 80.000 39.000 0.863 0.493190 0.478494
V 81.500 39.000 0.664 0.493879 0.478488
V 83.000 39.000 0.396 0.494567 0.478483
V 84.500 39.000 0.047 0.495255 0.478477
V 87.500 39.000 -0.921 0.496632 0.478466
V 89.000 39.000 -1.508 0.497321 0.478461
V 90.500 39.000 -2.157 0.498009 0.478455
V 92.000 39.000 -2.733 0.498697 0.478450
V 93.500 39.000 -3.118 0.499386 0.478444
V 95.000 39.000 -3.405 0.500074 0.478438
V 96.500 39.000 -3.657 0.500762 0.478433
V 98.000 39.000 -3.917 0.501451 0.478427
V 99.500 39.000 -4.148 0.502139 0.478422
V 101.000 39.000 -4.353 0.502827 0.478416
V 102.500 39.000 -4.537 0.503516 0.478411
V 104.000 39.000 -4.698 0.504204 0.478405
V 105.500 39.000 -4.826 0.504893 0.478399
V 107.000 39.000 -4.927 0.505581 0.478394
V 108.500 39.000 -5.035 0.506269 0.478388
V 110.000 39.000 -5.192 0.506958 0.478383
V 111.500 39.000 -5.386 0.507646 0.478377
V 113.000 39.000 -5.607 0.508334 0.478372
V 114.500 39.000 -5.839 0.509023 0.478366
V 117.500 39.000 -6.248 0.510399 0.478355
V 119.000 39.000 -6.428 0.511088 0.478349
V 120.500 39.000 -6.595 0.511776 0.478344
V 122.000 39.000 -6.753 0.512465 0.478338
V 123.500 39.000 -6.877 0.513153 0.478333
V 125.000 39.000 -6.958 0.513841 0.478327
V 126.500 39.000 -6.998 0.514530 0.478321
V 128.000 39.000 -6.996 0.515218 0.478316
V 129.500 39.000 -6.953 0.515906 0.478310
V 38.000 40.500 5.195 0.473922 0.479341
V 39.500 40.500 5.118 0.474610 0.479336
V 42.500 40.500 5.152 0.475987 0.479324
V 44.000 40.500 4.999 0.476675 0.479319
V 45.500 40.500 4.800 0.477364 0.479313
V 47.000 40.500 4.590 0.478052 0.479308
V 48.500 40.500 4.426 0.478740 0.479302
V 50.000 40.500 4.293 0.479429 0.479297
V 51.500 40.500 4.168 0.480117 0.479291
V 53.000 40.500 4.073 0.480805 0.479286
V 54.500 40.500 3.994 0.481494 0.479280
V 56.000 40.500 3.885 0.482182 0.479274
V 57.500 40.500 3.746 0.482870 0.479269
V 59.000 40.500 3.620 0.483559 0.479263
V 60.500 40.500 3.431 0.484247 0.479258
V 62.000 40.500 3.154 0.484936 0.479252
V 63.500 40.500 2.785 0.485624 0.479247
V 65.000 40.500 2.404 0.486312 0.479241
V 66.500 40.500 2.043 0.487001 0.479235
V 68.000 40.500 1.722 0.487689 0.479230
V 69.500 40.500 1.464 0.488377 0.479224
V 71.000 40.500 1.307 0.489066 0.479219
V 72.500 40.500 1.247 0.489754 0.479213
V 74.000 40.500 1.231 0.490442 0.479208
V 75.500 40.500 1.193 0.491131 0.479202
V 77.000 40.500 1.136 0.491819 0.479196
V 78.500 40.500 1.050 0.492508 0.479191
V 80.000 40.500 0.924 0.493196 0.479185
V 81.500 40.500 0.733 0.493884 0.479180
V 83.000 40.500 0.435 0.494573 0.479174
V 84.500 40.500 0.009 0.495261 0.479169
V 86.000 40.500 -0.512 0.495949 0.479163
V 87.500 40.500 -1.068 0.496638 0.479157
V 89.000 40.500 -1.657 0.497326 0.479152
V 90.500 40.500 -2.302 0.498014 0.479146
V 92.000 40.500 -2.845 0.498703 0.479141
V 93.500 40.500 -3.228 0.499391 0.479135
V 95.000 40.500 -3.542 0.500080 0.479130
V 96.500 40.500 -3.729 0.500768 0.479124
V 98.000 40.500 -3.876 0.501456 0.479118
V 99.500 40.500 -4.014 0.502145 0.479113
V 101.000 40.500 -4.146 0.502833 0.479107
V 102.500 40.500 -4.273 0.503521 0.479102
V 104.000 40.500 -4.398 0.504210 0.479096
V 105.500 40.500 -4.504 0.504898 0.479091
V 107.000 40.500 -4.580 0.505586 0.479085
V 108.500 40.500 -4.678 0.506275 0.479079
V 110.000 40.500 -4.831 0.506963 0.479074
V 111.500 40.500 -5.016 0.507652 0.479068
V 113.000 40.500 -5.251 0.508340 0.479063
V 114.500 40.500 -5.500 0.509028 0.479057
V 116.000 40.500 -5.751 0.509717 0.479052
V 117.500 40.500 -5.976 0.510405 0.479046
V 119.000 40.500 -6.172 0.511093 0.479041
V 120.500 40.500 -6.360 0.511782 0.479035
V 122.000 40.500 -6.541 0.512470 0.479029
V 123.500 40.500 -6.690 0.513158 0.479024
V 125.000 40.500 -6.799 0.513847 0.479018
V 126.500 40.500 -6.878 0.514535 0.479013
V 128.000 40.500 -6.929 0.515224 0.479007
V 129.500 40.500 -6.963 0.515912 0.479001
V 131.000 40.500 -7.031 0.516600 0.478996
V 38.000 42.000 5.232 0.473927 0.480032
V 39.500 42.000 5.326 0.474616 0.480027
V 41.000 42.000 5.368 0.475304 0.480021
V 42.500 42.000 5.300 0.475992 0.480016
V 44.000 42.000 5.059 0.476681 0.480010
V 45.500 42.000 4.820 0.477369 0.480005
V 47.000 42.000 4.578 0.478057 0.479999
V 48.500 42.000 4.362 0.478746 0.479993
V 50.000 42.000 4.193 0.479434 0.479988
V 51.500 42.000 4.057 0.480123 0.479982
V 53.000 42.000 3.959 0.480811 0.479977
V 54.500 42.000 3.882 0.481499 0.479971
V 56.000 42.000 3.801 0.482188 0.479966
V 57.500 42.000 3.667 0.482876 0.479960
V 59.000 42.000 3.533 0.483564 0.479955
V 60.500 42.000 3.374 0.484253 0.479949
V 62.000 42.000 3.135 0.484941 0.479943
V 63.500 42.000 2.764 0.485629 0.479938
V 65.000 42.000 2.366 0.486318 0.479932
V 66.500 42.000 1.993 0.487006 0.479927
V 68.000 42.000 1.668 0.487695 0.479921
V 69.500 42.000 1.449 0.488383 0.479916
V 71.000 42.000 1.344 0.489071 0.479910
V 72.500 42.000 1.293 0.489760 0.479904
V 74.000 42.000 1.241 0.490448 0.479899
V 75.500 42.000 1.268 0.491136 0.479893
V 77.000 42.000 1.273 0.491825 0.479888
V 78.500 42.000 1.192 0.492513 0.479882
V 80.000 42.000 1.015 0.493201 0.479877
V 81.500 42.000 0.734 0.493890 0.479871
V 83.000 42.000 0.345 0.494578 0.479865
V 84.500 42.000 -0.132 0.495267 0.479860
V 86.000 42.000 -0.677 0.495955 0.479854
V 87.500 42.000 -1.266 0.496643 0.479849
V 89.000 42.000 -1.861 0.497332 0.479843
V 90.500 42.000 -2.481 0.498020 0.479838
V 92.000 42.000 -3.001 0.498708 0.479832
V 93.500 42.000 -3.436 0.499397 0.479826
V 95.000 42.000 -3.837 0.500085 0.479821
V 96.500 42.000 -3.933 0.500773 0.479815
V 98.000 42.000 -3.941 0.501462 0.479810
V 99.500 42.000 -3.984 0.502150 0.479804
V 101.000 42.000 -4.017 0.502839 0.479799
V 102.500 42.000 -4.054 0.503527 0.479793
V 104.000 42.000 -4.101 0.504215 0.479787
V 105.500 42.000 -4.162 0.504904 0.479782
V 107.000 42.000 -4.218 0.505592 0.479776
V 108.500 42.000 -4.305 0.506280 0.479771
V 110.000 42.000 -4.433 0.506969 0.479765
V 111.500 42.000 -4.627 0.507657 0.479760
V 113.000 42.000 -4.886 0.508345 0.479754
V 114.500 42.000 -5.168 0.509034 0.479748
V 116.000 42.000 -5.453 0.509722 0.479743
V 117.500 42.000 -5.707 0.510411 0.479737
V 119.000 42.000 -5.934 0.511099 0.479732
V 120.500 42.000 -6.136 0.511787 0.479726
V 122.000 42.000 -6.336 0.512476 0.479721
V 123.500 42.000 -6.511 0.513164 0.479715
V 125.000 42.000 -6.654 0.513852 0.479709
V 126.500 42.000 -6.784 0.514541 0.479704
V 128.000 42.000 -6.954 0.515229 0.479698
V 129.500 42.000 -7.206 0.515917 0.479693
V 131.000 42.000 -7.284 0.516606 0.479687
V 132.500 42.000 -6.858 0.517294 0.479682
V 38.000 43.500 5.318 0.473933 0.480724
V 39.500 43.500 5.443 0.474621 0.480718
V 41.000 43.500 5.469 0.475310 0.480713
V 44.000 43.500 5.231 0.476686 0.480701
V 45.500 43.500 4.939 0.477375 0.480696
V 47.000 43.500 4.606 0.478063 0.480690
V 50.000 43.500 4.109 0.479440 0.480679
V 51.500 43.500 3.960 0.480128 0.480674
V 53.000 43.500 3.854 0.480816 0.480668
V 54.500 43.500 3.770 0.481505 0.480662
V 56.000 43.500 3.692 0.482193 0.480657
V 57.500 43.500 3.595 0.482882 0.480651
V 59.000 43.500 3.443 0.483570 0.480646
V 60.500 43.500 3.286 0.484258 0.480640
V 62.000 43.500 3.030 0.484947 0.480635
V 63.500 43.500 2.668 0.485635 0.480629
V 65.000 43.500 2.298 0.486323 0.480624
V 66.500 43.500 1.947 0.487012 0.480618
V 68.000 43.500 1.659 0.487700 0.480612
V 69.500 43.500 1.485 0.488388 0.480607
V 71.000 43.500 1.383 0.489077 0.480601
V 72.500 43.500 1.321 0.489765 0.480596
V 74.000 43.500 1.277 0.490454 0.480590
V 75.500 43.500 1.226 0.491142 0.480585
V 77.000 43.500 1.199 0.491830 0.480579
V 78.500 43.500 1.097 0.492519 0.480573
V 80.000 43.500 0.904 0.493207 0.480568
V 81.500 43.500 0.601 0.493895 0.480562
V 83.000 43.500 0.174 0.494584 0.480557
V 84.500 43.500 -0.332 0.495272 0.480551
V 86.000 43.500 -0.892 0.495960 0.480546
V 87.500 43.500 -1.486 0.496649 0.480540
V 89.000 43.500 -2.093 0.497337 0.480534
V 92.000 43.500 -3.262 0.498714 0.480523
V 93.500 43.500 -3.762 0.499402 0.480518
V 95.000 43.500 -4.121 0.500091 0.480512
V 96.500 43.500 -4.222 0.500779 0.480507
V 98.000 43.500 -4.053 0.501467 0.480501
V 99.500 43.500 -3.994 0.502156 0.480495
V 101.000 43.500 -3.949 0.502844 0.480490
V 102.500 43.500 -3.903 0.503532 0.480484
V 104.000 43.500 -3.867 0.504221 0.480479
V 105.500 43.500 -3.847 0.504909 0.480473
V 107.000 43.500 -3.855 0.505598 0.480468
V 108.500 43.500 -3.914 0.506286 0.480462
V 110.000 43.500 -4.033 0.506974 0.480456
V 111.500 43.500 -4.238 0.507663 0.480451
V 113.000 43.500 -4.529 0.508351 0.480445
V 114.500 43.500 -4.853 0.509039 0.480440
V 116.000 43.500 -5.159 0.509728 0.480434
V 117.500 43.500 -5.439 0.510416 0.480429
V 119.000 43.500 -5.698 0.511104 0.480423
V 120.500 43.500 -5.936 0.511793 0.480417
V 122.000 43.500 -6.151 0.512481 0.480412
V 123.500 43.500 -6.352 0.513170 0.480406
V 125.000 43.500 -6.559 0.513858 0.480401
V 126.500 43.500 -6.845 0.514546 0.480395
V 128.000 43.500 -7.194 0.515235 0.480390
V 129.500 43.500 -7.518 0.515923 0.480384
V 131.000 43.500 -7.540 0.516611 0.480378
V 132.500 43.500 -7.022 0.517300 0.480373
V 134.000 43.500 -6.879 0.517988 0.480367
V 38.000 45.000 5.465 0.473938 0.481415
V 39.500 45.000 5.516 0.474627 0.481409
V 41.000 45.000 5.520 0.475315 0.481404
V 42.500 45.000 5.426 0.476003 0.481398
V 44.000 45.000 5.238 0.476692 0.481393
V 45.500 45.000 4.956 0.477380 0.481387
V 47.000 45.000 4.606 0.478069 0.481382
V 48.500 45.000 4.277 0.478757 0.481376
V 50.000 45.000 4.074 0.479445 0.481370
V 51.500 45.000 3.911 0.480134 0.481365
V 53.000 45.000 3.798 0.480822 0.481359
V 54.500 45.000 3.706 0.481510 0.481354
V 56.000 45.000 3.618 0.482199 0.481348
V 57.500 45.000 3.516 0.482887 0.481343
V 59.000 45.000 3.383 0.483575 0.481337
V 60.500 45.000 3.193 0.484264 0.481331
V 62.000 45.000 2.924 0.484952 0.481326
V 63.500 45.000 2.617 0.485641 0.481320
V 65.000 45.000 2.297 0.486329 0.481315
V 66.500 45.000 1.989 0.487017 0.481309
V 68.000 45.000 1.715 0.487706 0.481304
V 69.500 45.000 1.517 0.488394 0.481298
V 71.000 45.000 1.385 0.489082 0.481293
V 72.500 45.000 1.299 0.489771 0.481287
V 74.000 45.000 1.241 0.490459 0.481281
V 75.500 45.000 1.190 0.491147 0.481276
V 78.500 45.000 0.988 0.492524 0.481265
V 80.000 45.000 0.772 0.493213 0.481259
V 81.500 45.000 0.450 0.493901 0.481254
V 83.000 45.000 0.000 0.494589 0.481248
V 84.500 45.000 -0.536 0.495278 0.481242
V 86.000 45.000 -1.119 0.495966 0.481237
V 87.500 45.000 -1.721 0.496654 0.481231
V 89.000 45.000 -2.323 0.497343 0.481226
V 90.500 45.000 -2.927 0.498031 0.481220
V 92.000 45.000 -3.459 0.498719 0.481215
V 93.500 45.000 -3.949 0.499408 0.481209
V 95.000 45.000 -4.286 0.500096 0.481203
V 96.500 45.000 -4.393 0.500785 0.481198
V 98.000 45.000 -4.281 0.501473 0.481192
V 99.500 45.000 -3.980 0.502161 0.481187
V 101.000 45.000 -3.851 0.502850 0.481181
V 102.500 45.000 -3.724 0.503538 0.481176
V 104.000 45.000 -3.605 0.504226 0.481170
V 105.500 45.000 -3.499 0.504915 0.481164
V 107.000 45.000 -3.480 0.505603 0.481159
V 108.500 45.000 -3.537 0.506291 0.481153
V 110.000 45.000 -3.663 0.506980 0.481148
V 111.500 45.000 -3.875 0.507668 0.481142
V 113.000 45.000 -4.198 0.508357 0.481137
V 114.500 45.000 -4.551 0.509045 0.481131
V 116.000 45.000 -4.881 0.509733 0.481125
V 117.500 45.000 -5.191 0.510422 0.481120
V 119.000 45.000 -5.480 0.511110 0.481114
V 120.500 45.000 -5.758 0.511798 0.481109
V 122.000 45.000 -6.012 0.512487 0.481103
V 123.500 45.000 -6.265 0.513175 0.481098
V 125.000 45.000 -6.619 0.513863 0.481092
V 126.500 45.000 -7.020 0.514552 0.481086
V 128.000 45.000 -7.438 0.515240 0.481081
V 129.500 45.000 -7.784 0.515929 0.481075
V 131.000 45.000 -7.764 0.516617 0.481070
V 132.500 45.000 -7.264 0.517305 0.481064
V 134.000 45.000 -6.745 0.517994 0.481059
V 38.000 46.500 5.538 0.473944 0.482106
V 39.500 46.500 5.570 0.474632 0.482101
V 41.000 46.500 5.536 0.475321 0.482095
V 42.500 46.500 5.397 0.476009 0.482090
V 44.000 46.500 5.189 0.476697 0.482084
V 45.500 46.500 4.909 0.477386 0.482078
V 47.000 46.500 4.544 0.478074 0.482073
V 48.500 46.500 4.258 0.478762 0.482067
V 50.000 46.500 4.078 0.479451 0.482062
V 51.500 46.500 3.926 0.480139 0.482056
V 53.000 46.500 3.801 0.480828 0.482051
V 54.500 46.500 3.713 0.481516 0.482045
V 56.000 46.500 3.623 0.482204 0.482039
V 57.500 46.500 3.506 0.482893 0.482034
V 59.000 46.500 3.360 0.483581 0.482028
V 60.500 46.500 3.177 0.484269 0.482023
V 62.000 46.500 2.967 0.484958 0.482017
V 63.500 46.500 2.719 0.485646 0.482012
V 65.000 46.500 2.427 0.486334 0.482006
V 66.500 46.500 2.127 0.487023 0.482000
V 68.000 46.500 1.857 0.487711 0.481995
V 69.500 46.500 1.614 0.488400 0.481989
V 71.000 46.500 1.417 0.489088 0.481984
V 72.500 46.500 1.300 0.489776 0.481978
V 74.000 46.500 1.220 0.490465 0.481973
V 75.500 46.500 1.141 0.491153 0.481967
V 77.000 46.500 1.020 0.491841 0.481962
V 78.500 46.500 0.853 0.492530 0.481956
V 80.000 46.500 0.607 0.493218 0.481950
V 81.500 46.500 0.258 0.493906 0.481945
V 83.000 46.500 -0.214 0.494595 0.481939
V 84.500 46.500 -0.770 0.495283 0.481934
V 86.000 46.500 -1.350 0.495972 0.481928
V 87.500 46.500 -1.952 0.496660 0.481923
V 89.000 46.500 -2.569 0.497348 0.481917
V 90.500 46.500 -3.151 0.498037 0.481911
V 92.000 46.500 -3.610 0.498725 0.481906
V 93.500 46.500 -4.040 0.499413 0.481900
V 95.000 46.500 -4.337 0.500102 0.481895
V 96.500 46.500 -4.365 0.500790 0.481889
V 98.000 46.500 -4.233 0.501478 0.481884
V 99.500 46.500 -3.993 0.502167 0.481878
V 101.000 46.500 -3.694 0.502855 0.481872
V 102.500 46.500 -3.480 0.503544 0.481867
V 104.000 46.500 -3.265 0.504232 0.481861
V 105.500 46.500 -3.114 0.504920 0.481856
V 107.000 46.500 -3.091 0.505609 0.481850
V 108.500 46.500 -3.144 0.506297 0.481845
V 110.000 46.500 -3.287 0.506985 0.481839
V 111.500 46.500 -3.538 0.507674 0.481833
V 113.000 46.500 -3.907 0.508362 0.481828
V 114.500 46.500 -4.396 0.509050 0.481822
V 116.000 46.500 -4.819 0.509739 0.481817
V 117.500 46.500 -5.201 0.510427 0.481811
V 119.000 46.500 -5.544 0.511116 0.481806
V 120.500 46.500 -5.782 0.511804 0.481800
V 122.000 46.500 -5.794 0.512492 0.481794
V 123.500 46.500 -6.029 0.513181 0.481789
V 125.000 46.500 -6.598 0.513869 0.481783
V 126.500 46.500 -7.095 0.514557 0.481778
V 128.000 46.500 -7.569 0.515246 0.481772
V 129.500 46.500 -7.951 0.515934 0.481767
V 131.000 46.500 -7.921 0.516622 0.481761
V 132.500 46.500 -7.532 0.517311 0.481755
V 134.000 46.500 -6.964 0.517999 0.481750
V 135.500 46.500 -6.870 0.518688 0.481744
V 36.500 48.000 5.561 0.473261 0.482803
V 38.000 48.000 5.600 0.473949 0.482798
V 39.500 48.000 5.596 0.474638 0.482792
V 41.000 48.000 5.513 0.475326 0.482786
V 42.500 48.000 5.334 0.476015 0.482781
V 44.000 48.000 5.109 0.476703 0.482775
V 45.500 48.000 4.846 0.477391 0.482770
V 47.000 48.000 4.494 0.478080 0.482764
V 48.500 48.000 4.258 0.478768 0.482759
V 50.000 48.000 4.098 0.479456 0.482753
V 51.500 48.000 3.965 0.480145 0.482747
V 53.000 48.000 3.852 0.480833 0.482742
V 56.000 48.000 3.655 0.482210 0.482731
V 57.500 48.000 3.533 0.482898 0.482725
V 59.000 48.000 3.387 0.483587 0.482720
V 60.500 48.000 3.195 0.484275 0.482714
V 62.000 48.000 3.001 0.484963 0.482708
V 63.500 48.000 2.782 0.485652 0.482703
V 65.000 48.000 2.540 0.486340 0.482697
V 68.000 48.000 2.031 0.487717 0.482686
V 69.500 48.000 1.794 0.488405 0.482681
V 71.000 48.000 1.556 0.489093 0.482675
V 72.500 48.000 1.340 0.489782 0.482669
V 74.000 48.000 1.208 0.490470 0.482664
V 75.500 48.000 1.082 0.491159 0.482658
V 77.000 48.000 0.903 0.491847 0.482653
V 78.500 48.000 0.682 0.492535 0.482647
V 80.000 48.000 0.391 0.493224 0.482642
V 81.500 48.000 0.010 0.493912 0.482636
V 83.000 48.000 -0.483 0.494600 0.482631
V 84.500 48.000 -1.035 0.495289 0.482625
V 86.000 48.000 -1.629 0.495977 0.482619
V 87.500 48.000 -2.234 0.496665 0.482614
V 89.000 48.000 -2.816 0.497354 0.482608
V 90.500 48.000 -3.339 0.498042 0.482603
V 92.000 48.000 -3.752 0.498731 0.482597
V 93.500 48.000 -4.048 0.499419 0.482592
V 95.000 48.000 -4.275 0.500107 0.482586
V 96.500 48.000 -4.212 0.500796 0.482580
V 98.000 48.000 -4.002 0.501484 0.482575
V 99.500 48.000 -3.733 0.502172 0.482569
V 101.000 48.000 -3.458 0.502861 0.482564
V 102.500 48.000 -3.167 0.503549 0.482558
V 104.000 48.000 -2.884 0.504237 0.482553
V 105.500 48.000 -2.721 0.504926 0.482547
V 107.000 48.000 -2.695 0.505614 0.482541
V 108.500 48.000 -2.758 0.506303 0.482536
V 110.000 48.000 -2.911 0.506991 0.482530
V 111.500 48.000 -3.156 0.507679 0.482525
V 113.000 48.000 -3.574 0.508368 0.482519
V 114.500 48.000 -4.176 0.509056 0.482514
V 116.000 48.000 -4.734 0.509744 0.482508
V 117.500 48.000 -5.154 0.510433 0.482502
V 119.000 48.000 -5.444 0.511121 0.482497
V 120.500 48.000 -5.481 0.511809 0.482491
V 122.000 48.000 -5.419 0.512498 0.482486
V 123.500 48.000 -5.620 0.513186 0.482480
V 125.000 48.000 -6.226 0.513875 0.482475
V 126.500 48.000 -6.952 0.514563 0.482469
V 128.000 48.000 -7.542 0.515251 0.482463
V 129.500 48.000 -7.959 0.515940 0.482458
V 131.000 48.000 -7.988 0.516628 0.482452
V 132.500 48.000 -7.711 0.517316 0.482447
V 134.000 48.000 -7.240 0.518005 0.482441
V 35.000 49.500 5.622 0.472578 0.483500
V 36.500 49.500 5.635 0.473267 0.483494
V 38.000 49.500 5.654 0.473955 0.483489
V 39.500 49.500 5.599 0.474643 0.483483
V 41.000 49.500 5.458 0.475332 0.483478
V 42.500 49.500 5.250 0.476020 0.483472
V 44.000 49.500 5.017 0.476708 0.483467
V 45.500 49.500 4.774 0.477397 0.483461
V 47.000 49.500 4.462 0.478085 0.483455
V 48.500 49.500 4.271 0.478774 0.483450
V 50.000 49.500 4.129 0.479462 0.483444
V 51.500 49.500 4.008 0.480150 0.483439
V 53.000 49.500 3.916 0.480839 0.483433
V 54.500 49.500 3.834 0.481527 0.483428
V 56.000 49.500 3.738 0.482215 0.483422
V 57.500 49.500 3.605 0.482904 0.483416
V 59.000 49.500 3.443 0.483592 0.483411
V 60.500 49.500 3.241 0.484280 0.483405
V 62.000 49.500 3.063 0.484969 0.483400
V 63.500 49.500 2.867 0.485657 0.483394
V 65.000 49.500 2.641 0.486346 0.483389
V 66.500 49.500 2.374 0.487034 0.483383
V 68.000 49.500 2.129 0.487722 0.483377
V 69.500 49.500 1.905 0.488411 0.483372
V 71.000 49.500 1.695 0.489099 0.483366
V 72.500 49.500 1.461 0.489787 0.483361
V 74.000 49.500 1.210 0.490476 0.483355
V 75.500 49.500 1.016 0.491164 0.483350
V 77.000 49.500 0.776 0.491852 0.483344
V 78.500 49.500 0.493 0.492541 0.483338
V 80.000 49.500 0.140 0.493229 0.483333
V 81.500 49.500 -0.300 0.493918 0.483327
V 83.000 49.500 -0.821 0.494606 0.483322
V 84.500 49.500 -1.349 0.495294 0.483316
V 86.000 49.500 -1.922 0.495983 0.483311
V 87.500 49.500 -2.487 0.496671 0.483305
V 89.000 49.500 -3.011 0.497359 0.483299
V 90.500 49.500 -3.462 0.498048 0.483294
V 92.000 49.500 -3.811 0.498736 0.483288
V 93.500 49.500 -4.014 0.499424 0.483283
V 95.000 49.500 -4.112 0.500113 0.483277
V 96.500 49.500 -3.961 0.500801 0.483272
V 98.000 49.500 -3.736 0.501490 0.483266
V 99.500 49.500 -3.470 0.502178 0.483261
V 101.000 49.500 -3.159 0.502866 0.483255
V 102.500 49.500 -2.864 0.503555 0.483249
V 104.000 49.500 -2.546 0.504243 0.483244
V 107.000 49.500 -2.293 0.505620 0.483233
V 108.500 49.500 -2.321 0.506308 0.483227
V 110.000 49.500 -2.452 0.506996 0.483222
V 113.000 49.500 -3.175 0.508373 0.483210
V 114.500 49.500 -3.731 0.509062 0.483205
V 116.000 49.500 -4.277 0.509750 0.483199
V 119.000 49.500 -4.862 0.511127 0.483188
V 120.500 49.500 -4.863 0.511815 0.483183
V 122.000 49.500 -4.882 0.512503 0.483177
V 125.000 49.500 -5.684 0.513880 0.483166
V 126.500 49.500 -6.460 0.514568 0.483160
V 128.000 49.500 -7.232 0.515257 0.483155
V 129.500 49.500 -7.803 0.515945 0.483149
V 131.000 49.500 -7.977 0.516634 0.483144
V 132.500 49.500 -7.827 0.517322 0.483138
V 134.000 49.500 -7.471 0.518010 0.483132
V 135.500 49.500 -6.961 0.518699 0.483127
V 137.000 49.500 -6.823 0.519387 0.483121
V 33.500 51.000 5.724 0.471895 0.484197
V 35.000 51.000 5.704 0.472584 0.484191
V 36.500 51.000 5.712 0.473272 0.484186
V 38.000 51.000 5.685 0.473961 0.484180
V 41.000 51.000 5.394 0.475337 0.484169
V 42.500 51.000 5.168 0.476026 0.484163
V 44.000 51.000 4.926 0.476714 0.484158
V 45.500 51.000 4.695 0.477402 0.484152
V 47.000 51.000 4.450 0.478091 0.484147
V 48.500 51.000 4.287 0.478779 0.484141
V 50.000 51.000 4.153 0.479467 0.484136
V 51.500 51.000 4.064 0.480156 0.484130
V 53.000 51.000 3.987 0.480844 0.484124
V 54.500 51.000 3.912 0.481533 0.484119
V 56.000 51.000 3.831 0.482221 0.484113
V 57.500 51.000 3.695 0.482909 0.484108
V 59.000 51.000 3.511 0.483598 0.484102
V 60.500 51.000 3.300 0.484286 0.484097
V 62.000 51.000 3.137 0.484974 0.484091
V 63.500 51.000 2.946 0.485663 0.484085
V 65.000 51.000 2.685 0.486351 0.484080
V 66.500 51.000 2.407 0.487039 0.484074
V 68.000 51.000 2.163 0.487728 0.484069
V 69.500 51.000 1.932 0.488416 0.484063
V 71.000 51.000 1.706 0.489105 0.484058
V 72.500 51.000 1.474 0.489793 0.484052
V 74.000 51.000 1.225 0.490481 0.484046
V 77.000 51.000 0.637 0.491858 0.484035
V 78.500 51.000 0.268 0.492546 0.484030
V 80.000 51.000 -0.174 0.493235 0.484024
V 81.500 51.000 -0.699 0.493923 0.484019
V 83.000 51.000 -1.200 0.494611 0.484013
V 84.500 51.000 -1.789 0.495300 0.484007
V 86.000 51.000 -2.255 0.495988 0.484002
V 87.500 51.000 -2.702 0.496677 0.483996
V 89.000 51.000 -3.125 0.497365 0.483991
V 90.500 51.000 -3.490 0.498053 0.483985
V 92.000 51.000 -3.760 0.498742 0.483980
V 93.500 51.000 -3.898 0.499430 0.483974
V 95.000 51.000 -3.862 0.500118 0.483968
V 96.500 51.000 -3.694 0.500807 0.483963
V 98.000 51.000 -3.450 0.501495 0.483957
V 99.500 51.000 -3.151 0.502183 0.483952
V 101.000 51.000 -2.823 0.502872 0.483946
V 102.500 51.000 -2.511 0.503560 0.483941
V 104.000 51.000 -2.273 0.504249 0.483935
V 105.500 51.000 -1.975 0.504937 0.483929
V 107.000 51.000 -1.914 0.505625 0.483924
V 108.500 51.000 -1.948 0.506314 0.483918
V 110.000 51.000 -2.046 0.507002 0.483913
V 111.500 51.000 -2.273 0.507690 0.483907
V 113.000 51.000 -2.663 0.508379 0.483902
V 114.500 51.000 -3.166 0.509067 0.483896
V 116.000 51.000 -3.609 0.509755 0.483890
V 117.500 51.000 -3.934 0.510444 0.483885
V 119.000 51.000 -4.002 0.511132 0.483879
V 120.500 51.000 -3.998 0.511821 0.483874
V 122.000 51.000 -4.187 0.512509 0.483868
V 123.500 51.000 -4.523 0.513197 0.483863
V 125.000 51.000 -5.012 0.513886 0.483857
V 126.500 51.000 -5.821 0.514574 0.483851
V 128.000 51.000 -6.701 0.515262 0.483846
V 129.500 51.000 -7.430 0.515951 0.483840
V 131.000 51.000 -7.892 0.516639 0.483835
V 132.500 51.000 -7.888 0.517327 0.483829
V 134.000 51.000 -7.626 0.518016 0.483824
V 135.500 51.000 -7.180 0.518704 0.483818
V 137.000 51.000 -6.724 0.519393 0.483812
V 32.000 52.500 5.866 0.471213 0.484894
V 33.500 52.500 5.815 0.471901 0.484888
V 35.000 52.500 5.801 0.472589 0.484882
V 36.500 52.500 5.788 0.473278 0.484877
V 38.000 52.500 5.687 0.473966 0.484871
V 39.500 52.500 5.529 0.474654 0.484866
V 41.000 52.500 5.339 0.475343 0.484860
V 42.500 52.500 5.108 0.476031 0.484855
V 44.000 52.500 4.861 0.476720 0.484849
V 45.500 52.500 4.629 0.477408 0.484843
V 47.000 52.500 4.438 0.478096 0.484838
V 48.500 52.500 4.296 0.478785 0.484832
V 50.000 52.500 4.200 0.479473 0.484827
V 51.500 52.500 4.132 0.480161 0.484821
V 53.000 52.500 4.060 0.480850 0.484816
V 54.500 52.500 3.988 0.481538 0.484810
V 56.000 52.500 3.900 0.482226 0.484805
V 57.500 52.500 3.777 0.482915 0.484799
V 59.000 52.500 3.576 0.483603 0.484793
V 60.500 52.500 3.356 0.484292 0.484788
V 62.000 52.500 3.195 0.484980 0.484782
V 63.500 52.500 2.962 0.485668 0.484777
V 65.000 52.500 2.662 0.486357 0.484771
V 66.500 52.500 2.378 0.487045 0.484766
V 68.000 52.500 2.132 0.487733 0.484760
V 69.500 52.500 1.904 0.488422 0.484754
V 71.000 52.500 1.675 0.489110 0.484749
V 72.500 52.500 1.426 0.489798 0.484743
V 74.000 52.500 1.162 0.490487 0.484738
V 75.500 52.500 0.899 0.491175 0.484732
V 77.000 52.500 0.433 0.491864 0.484727
V 78.500 52.500 -0.031 0.492552 0.484721
V 80.000 52.500 -0.549 0.493240 0.484715
V 81.500 52.500 -1.130 0.493929 0.484710
V 83.000 52.500 -1.535 0.494617 0.484704
V 84.500 52.500 -2.211 0.495305 0.484699
V 86.000 52.500 -2.677 0.495994 0.484693
V 87.500 52.500 -3.043 0.496682 0.484688
V 89.000 52.500 -3.346 0.497370 0.484682
V 90.500 52.500 -3.582 0.498059 0.484676
V 92.000 52.500 -3.706 0.498747 0.484671
V 93.500 52.500 -3.676 0.499436 0.484665
V 95.000 52.500 -3.489 0.500124 0.484660
V 96.500 52.500 -3.343 0.500812 0.484654
V 98.000 52.500 -3.098 0.501501 0.484649
V 99.500 52.500 -2.788 0.502189 0.484643
V 101.000 52.500 -2.465 0.502877 0.484637
V 102.500 52.500 -2.152 0.503566 0.484632
V 104.000 52.500 -1.902 0.504254 0.484626
V 105.500 52.500 -1.670 0.504942 0.484621
V 107.000 52.500 -1.578 0.505631 0.484615
V 108.500 52.500 -1.581 0.506319 0.484610
V 110.000 52.500 -1.658 0.507008 0.484604
V 111.500 52.500 -1.810 0.507696 0.484598
V 113.000 52.500 -2.112 0.508384 0.484593
V 114.500 52.500 -2.453 0.509073 0.484587
V 116.000 52.500 -2.799 0.509761 0.484582
V 117.500 52.500 -3.058 0.510449 0.484576
V 119.000 52.500 -3.104 0.511138 0.484571
V 120.500 52.500 -3.319 0.511826 0.484565
V 122.000 52.500 -3.616 0.512514 0.484559
V 123.500 52.500 -3.936 0.513203 0.484554
V 125.000 52.500 -4.322 0.513891 0.484548
V 126.500 52.500 -5.062 0.514580 0.484543
V 128.000 52.500 -5.995 0.515268 0.484537
V 129.500 52.500 -6.815 0.515956 0.484532
V 131.000 52.500 -7.513 0.516645 0.484526
V 132.500 52.500 -7.716 0.517333 0.484520
V 134.000 52.500 -7.597 0.518021 0.484515
V 135.500 52.500 -7.288 0.518710 0.484509
V 137.000 52.500 -6.919 0.519398 0.484504
V 138.500 52.500 -6.777 0.520087 0.484498
V 32.000 54.000 5.945 0.471218 0.485585
V 33.500 54.000 5.927 0.471907 0.485579
V 35.000 54.000 5.918 0.472595 0.485574
V 36.500 54.000 5.812 0.473283 0.485568
V 38.000 54.000 5.629 0.473972 0.485563
V 39.500 54.000 5.451 0.474660 0.485557
V 41.000 54.000 5.253 0.475348 0.485551
V 42.500 54.000 5.022 0.476037 0.485546
V 44.000 54.000 4.786 0.476725 0.485540
V 45.500 54.000 4.584 0.477413 0.485535
V 47.000 54.000 4.436 0.478102 0.485529
V 48.500 54.000 4.328 0.478790 0.485524
V 50.000 54.000 4.256 0.479479 0.485518
V 51.500 54.000 4.193 0.480167 0.485512
V 53.000 54.000 4.131 0.480855 0.485507
V 54.500 54.000 4.058 0.481544 0.485501
V 56.000 54.000 3.954 0.482232 0.485496
V 57.500 54.000 3.828 0.482920 0.485490
V 59.000 54.000 3.619 0.483609 0.485485
V 60.500 54.000 3.392 0.484297 0.485479
V 62.000 54.000 3.198 0.484985 0.485474
V 63.500 54.000 2.900 0.485674 0.485468
V 65.000 54.000 2.575 0.486362 0.485462
V 66.500 54.000 2.283 0.487051 0.485457
V 68.000 54.000 2.033 0.487739 0.485451
V 69.500 54.000 1.803 0.488427 0.485446
V 71.000 54.000 1.559 0.489116 0.485440
V 72.500 54.000 1.377 0.489804 0.485435
V 74.000 54.000 1.206 0.490492 0.485429
V 75.500 54.000 0.850 0.491181 0.485423
V 77.000 54.000 0.251 0.491869 0.485418
V 78.500 54.000 -0.345 0.492557 0.485412
V 80.000 54.000 -0.906 0.493246 0.485407
V 81.500 54.000 -1.519 0.493934 0.485401
V 83.000 54.000 -1.948 0.494623 0.485396
V 84.500 54.000 -2.499 0.495311 0.485390
V 86.000 54.000 -2.978 0.495999 0.485384
V 87.500 54.000 -3.263 0.496688 0.485379
V 89.000 54.000 -3.444 0.497376 0.485373
V 90.500 54.000 -3.520 0.498064 0.485368
V 92.000 54.000 -3.449 0.498753 0.485362
V 93.500 54.000 -3.211 0.499441 0.485357
V 95.000 54.000 -2.879 0.500129 0.485351
V 96.500 54.000 -2.659 0.500818 0.485345
V 98.000 54.000 -2.493 0.501506 0.485340
V 99.500 54.000 -2.304 0.502195 0.485334
V 101.000 54.000 -2.062 0.502883 0.485329
V 102.500 54.000 -1.779 0.503571 0.485323
V 104.000 54.000 -1.526 0.504260 0.485318
V 105.500 54.000 -1.361 0.504948 0.485312
V 107.000 54.000 -1.270 0.505636 0.485306
V 108.500 54.000 -1.251 0.506325 0.485301
V 110.000 54.000 -1.265 0.507013 0.485295
V 113.000 54.000 -1.494 0.508390 0.485284
V 114.500 54.000 -1.700 0.509078 0.485279
V 116.000 54.000 -1.979 0.509767 0.485273
V 117.500 54.000 -2.222 0.510455 0.485267
V 119.000 54.000 -2.465 0.511143 0.485262
V 120.500 54.000 -2.738 0.511832 0.485256
V 122.000 54.000 -3.026 0.512520 0.485251
V 123.500 54.000 -3.345 0.513208 0.485245
V 125.000 54.000 -3.721 0.513897 0.485240
V 126.500 54.000 -4.275 0.514585 0.485234
V 128.000 54.000 -5.190 0.515274 0.485228
V 129.500 54.000 -6.068 0.515962 0.485223
V 131.000 54.000 -6.874 0.516650 0.485217
V 132.500 54.000 -7.269 0.517339 0.485212
V 134.000 54.000 -7.347 0.518027 0.485206
V 135.500 54.000 -7.225 0.518715 0.485201
V 137.000 54.000 -6.992 0.519404 0.485195
V 138.500 54.000 -6.773 0.520092 0.485189
V 30.500 55.500 6.081 0.470535 0.486282
V 32.000 55.500 6.052 0.471224 0.486276
V 33.500 55.500 6.084 0.471912 0.486271
V 35.000 55.500 5.966 0.472600 0.486265
V 36.500 55.500 5.760 0.473289 0.486259
V 38.000 55.500 5.539 0.473977 0.486254
V 39.500 55.500 5.350 0.474666 0.486248
V 41.000 55.500 5.143 0.475354 0.486243
V 42.500 55.500 4.914 0.476042 0.486237
V 44.000 55.500 4.711 0.476731 0.486232
V 45.500 55.500 4.562 0.477419 0.486226
V 47.000 55.500 4.451 0.478107 0.486220
V 48.500 55.500 4.368 0.478796 0.486215
V 50.000 55.500 4.306 0.479484 0.486209
V 51.500 55.500 4.250 0.480172 0.486204
V 53.000 55.500 4.192 0.480861 0.486198
V 54.500 55.500 4.110 0.481549 0.486193
V 56.000 55.500 3.991 0.482238 0.486187
V 57.500 55.500 3.833 0.482926 0.486181
V 59.000 55.500 3.625 0.483614 0.486176
V 60.500 55.500 3.388 0.484303 0.486170
V 62.000 55.500 3.113 0.484991 0.486165
V 63.500 55.500 2.766 0.485679 0.486159
V 65.000 55.500 2.432 0.486368 0.486154
V 66.500 55.500 2.127 0.487056 0.486148
V 69.500 55.500 1.668 0.488433 0.486137
V 71.000 55.500 1.515 0.489121 0.486131
V 72.500 55.500 1.365 0.489810 0.486126
V 74.000 55.500 1.158 0.490498 0.486120
V 75.500 55.500 0.738 0.491186 0.486115
V 77.000 55.500 0.108 0.491875 0.486109
V 78.500 55.500 -0.625 0.492563 0.486104
V 80.000 55.500 -1.225 0.493251 0.486098
V 81.500 55.500 -1.816 0.493940 0.486092
V 83.000 55.500 -2.310 0.494628 0.486087
V 84.500 55.500 -2.656 0.495316 0.486081
V 86.000 55.500 -3.134 0.496005 0.486076
V 87.500 55.500 -3.304 0.496693 0.486070
V 89.000 55.500 -3.327 0.497382 0.486065
V 90.500 55.500 -3.210 0.498070 0.486059
V 92.000 55.500 -2.942 0.498758 0.486053
V 93.500 55.500 -2.570 0.499447 0.486048
V 95.000 55.500 -2.163 0.500135 0.486042
V 96.500 55.500 -1.837 0.500823 0.486037
V 98.000 55.500 -1.641 0.501512 0.486031
V 99.500 55.500 -1.467 0.502200 0.486026
V 101.000 55.500 -1.302 0.502888 0.486020
V 102.500 55.500 -1.157 0.503577 0.486014
V 104.000 55.500 -1.042 0.504265 0.486009
V 107.000 55.500 -0.916 0.505642 0.485998
V 108.500 55.500 -0.868 0.506330 0.485992
V 110.000 55.500 -0.866 0.507019 0.485987
V 111.500 55.500 -0.929 0.507707 0.485981
V 113.000 55.500 -1.011 0.508395 0.485975
V 114.500 55.500 -1.150 0.509084 0.485970
V 116.000 55.500 -1.338 0.509772 0.485964
V 117.500 55.500 -1.597 0.510460 0.485959
V 119.000 55.500 -1.862 0.511149 0.485953
V 120.500 55.500 -2.134 0.511837 0.485948
V 122.000 55.500 -2.426 0.512526 0.485942
V 123.500 55.500 -2.754 0.513214 0.485936
V 125.000 55.500 -3.133 0.513902 0.485931
V 126.500 55.500 -3.587 0.514591 0.485925
V 128.000 55.500 -4.370 0.515279 0.485920
V 129.500 55.500 -5.265 0.515967 0.485914
V 131.000 55.500 -6.097 0.516656 0.485909
V 132.500 55.500 -6.637 0.517344 0.485903
V 134.000 55.500 -6.890 0.518033 0.485897
V 135.500 55.500 -6.943 0.518721 0.485892
V 137.000 55.500 -6.891 0.519409 0.485886
V 140.000 55.500 -6.785 0.520786 0.485875
V 29.000 57.000 6.218 0.469853 0.486978
V 30.500 57.000 6.174 0.470541 0.486973
V 32.000 57.000 6.255 0.471229 0.486967
V 33.500 57.000 6.130 0.471918 0.486962
V 35.000 57.000 5.918 0.472606 0.486956
V 36.500 57.000 5.677 0.473294 0.486951
V 38.000 57.000 5.429 0.473983 0.486945
V 39.500 57.000 5.233 0.474671 0.486940
V 41.000 57.000 5.021 0.475359 0.486934
V 42.500 57.000 4.818 0.476048 0.486928
V 44.000 57.000 4.666 0.476736 0.486923
V 45.500 57.000 4.555 0.477425 0.486917
V 47.000 57.000 4.468 0.478113 0.486912
V 48.500 57.000 4.397 0.478801 0.486906
V 50.000 57.000 4.341 0.479490 0.486901
V 51.500 57.000 4.272 0.480178 0.486895
V 53.000 57.000 4.199 0.480866 0.486889
V 54.500 57.000 4.109 0.481555 0.486884
V 56.000 57.000 3.984 0.482243 0.486878
V 57.500 57.000 3.807 0.482931 0.486873
V 59.000 57.000 3.577 0.483620 0.486867
V 60.500 57.000 3.301 0.484308 0.486862
V 62.000 57.000 2.959 0.484997 0.486856
V 63.500 57.000 2.610 0.485685 0.486850
V 65.000 57.000 2.260 0.486373 0.486845
V 66.500 57.000 1.922 0.487062 0.486839
V 68.000 57.000 1.627 0.487750 0.486834
V 69.500 57.000 1.407 0.488438 0.486828
V 71.000 57.000 1.295 0.489127 0.486823
V 72.500 57.000 1.165 0.489815 0.486817
V 75.500 57.000 0.510 0.491192 0.486806
V 77.000 57.000 -0.101 0.491880 0.486800
V 78.500 57.000 -0.808 0.492569 0.486795
V 80.000 57.000 -1.513 0.493257 0.486789
V 81.500 57.000 -2.046 0.493945 0.486784
V 83.000 57.000 -2.558 0.494634 0.486778
V 84.500 57.000 -2.778 0.495322 0.486773
V 86.000 57.000 -3.118 0.496010 0.486767
V 89.000 57.000 -2.983 0.497387 0.486756
V 90.500 57.000 -2.685 0.498075 0.486750
V 92.000 57.000 -2.309 0.498764 0.486745
V 93.500 57.000 -1.888 0.499452 0.486739
V 95.000 57.000 -1.457 0.500141 0.486734
V 96.500 57.000 -1.061 0.500829 0.486728
V 98.000 57.000 -0.795 0.501517 0.486722
V 99.500 57.000 -0.617 0.502206 0.486717
V 101.000 57.000 -0.482 0.502894 0.486711
V 102.500 57.000 -0.429 0.503582 0.486706
V 104.000 57.000 -0.467 0.504271 0.486700
V 105.500 57.000 -0.567 0.504959 0.486695
V 107.000 57.000 -0.583 0.505647 0.486689
V 108.500 57.000 -0.549 0.506336 0.486683
V 110.000 57.000 -0.568 0.507024 0.486678
V 111.500 57.000 -0.574 0.507713 0.486672
V 113.000 57.000 -0.597 0.508401 0.486667
V 114.500 57.000 -0.704 0.509089 0.486661
V 116.000 57.000 -0.851 0.509778 0.486656
V 117.500 57.000 -1.109 0.510466 0.486650
V 119.000 57.000 -1.413 0.511154 0.486644
V 120.500 57.000 -1.621 0.511843 0.486639
V 122.000 57.000 -1.862 0.512531 0.486633
V 123.500 57.000 -2.175 0.513220 0.486628
V 125.000 57.000 -2.561 0.513908 0.486622
V 126.500 57.000 -3.016 0.514596 0.486617
V 128.000 57.000 -3.620 0.515285 0.486611
V 129.500 57.000 -4.442 0.515973 0.486605
V 131.000 57.000 -5.217 0.516661 0.486600
V 132.500 57.000 -5.888 0.517350 0.486594
V 134.000 57.000 -6.375 0.518038 0.486589
V 135.500 57.000 -6.561 0.518726 0.486583
V 137.000 57.000 -6.643 0.519415 0.486578
V 138.500 57.000 -6.726 0.520103 0.486572
V 140.000 57.000 -6.774 0.520792 0.486566
V 27.500 58.500 6.357 0.469170 0.487675
V 29.000 58.500 6.321 0.469858 0.487670
V 30.500 58.500 6.302 0.470546 0.487664
V 32.000 58.500 6.171 0.471235 0.487659
V 33.500 58.500 5.994 0.471923 0.487653
V 35.000 58.500 5.790 0.472612 0.487647
V 36.500 58.500 5.556 0.473300 0.487642
V 38.000 58.500 5.305 0.473988 0.487636
V 39.500 58.500 5.105 0.474677 0.487631
V 41.000 58.500 4.906 0.475365 0.487625
V 42.500 58.500 4.752 0.476053 0.487620
V 44.000 58.500 4.636 0.476742 0.487614
V 45.500 58.500 4.540 0.477430 0.487609
V 47.000 58.500 4.469 0.478118 0.487603
V 48.500 58.500 4.417 0.478807 0.487597
V 50.000 58.500 4.364 0.479495 0.487592
V 51.500 58.500 4.280 0.480184 0.487586
V 53.000 58.500 4.172 0.480872 0.487581
V 54.500 58.500 4.051 0.481560 0.487575
V 56.000 58.500 3.902 0.482249 0.487570
V 57.500 58.500 3.710 0.482937 0.487564
V 60.500 58.500 3.142 0.484314 0.487553
V 62.000 58.500 2.784 0.485002 0.487547
V 63.500 58.500 2.405 0.485690 0.487542
V 65.000 58.500 2.026 0.486379 0.487536
V 66.500 58.500 1.666 0.487067 0.487531
V 68.000 58.500 1.357 0.487756 0.487525
V 69.500 58.500 1.118 0.488444 0.487519
V 71.000 58.500 0.986 0.489132 0.487514
V 72.500 58.500 0.869 0.489821 0.487508
V 74.000 58.500 0.660 0.490509 0.487503
V 75.500 58.500 0.260 0.491197 0.487497
V 77.000 58.500 -0.299 0.491886 0.487492
V 78.500 58.500 -0.974 0.492574 0.487486
V 80.000 58.500 -1.655 0.493262 0.487481
V 81.500 58.500 -2.246 0.493951 0.487475
V 83.000 58.500 -2.646 0.494639 0.487469
V 84.500 58.500 -2.842 0.495328 0.487464
V 86.000 58.500 -2.994 0.496016 0.487458
V 87.500 58.500 -2.777 0.496704 0.487453
V 89.000 58.500 -2.499 0.497393 0.487447
V 90.500 58.500 -2.150 0.498081 0.487442
V 92.000 58.500 -1.737 0.498769 0.487436
V 93.500 58.500 -1.291 0.499458 0.487430
V 95.000 58.500 -0.842 0.500146 0.487425
V 96.500 58.500 -0.437 0.500834 0.487419
V 98.000 58.500 -0.112 0.501523 0.487414
V 99.500 58.500 0.080 0.502211 0.487408
V 101.000 58.500 0.153 0.502900 0.487403
V 102.500 58.500 0.097 0.503588 0.487397
V 104.000 58.500 -0.038 0.504276 0.487391
V 105.500 58.500 -0.200 0.504965 0.487386
V 107.000 58.500 -0.287 0.505653 0.487380
V 108.500 58.500 -0.294 0.506341 0.487375
V 110.000 58.500 -0.291 0.507030 0.487369
V 111.500 58.500 -0.267 0.507718 0.487364
V 113.000 58.500 -0.268 0.508407 0.487358
V 114.500 58.500 -0.326 0.509095 0.487352
V 116.000 58.500 -0.465 0.509783 0.487347
V 117.500 58.500 -0.709 0.510472 0.487341
V 119.000 58.500 -1.081 0.511160 0.487336
V 120.500 58.500 -1.368 0.511848 0.487330
V 122.000 58.500 -1.577 0.512537 0.487325
V 123.500 58.500 -1.811 0.513225 0.487319
V 125.000 58.500 -2.116 0.513913 0.487313
V 126.500 58.500 -2.515 0.514602 0.487308
V 129.500 58.500 -3.660 0.515979 0.487297
V 131.000 58.500 -4.369 0.516667 0.487291
V 132.500 58.500 -5.112 0.517355 0.487286
V 134.000 58.500 -5.820 0.518044 0.487280
V 135.500 58.500 -6.243 0.518732 0.487274
V 137.000 58.500 -6.468 0.519420 0.487269
V 138.500 58.500 -6.677 0.520109 0.487263
V 140.000 58.500 -6.689 0.520797 0.487258
V 141.500 58.500 -6.827 0.521485 0.487252
V 27.500 60.000 6.389 0.469175 0.488367
V 29.000 60.000 6.260 0.469864 0.488361
V 30.500 60.000 6.102 0.470552 0.488355
V 32.000 60.000 5.934 0.471240 0.488350
V 33.500 60.000 5.759 0.471929 0.488344
V 35.000 60.000 5.579 0.472617 0.488339
V 36.500 60.000 5.387 0.473305 0.488333
V 38.000 60.000 5.170 0.473994 0.488328
V 39.500 60.000 4.975 0.474682 0.488322
V 41.000 60.000 4.817 0.475371 0.488317
V 42.500 60.000 4.691 0.476059 0.488311
V 44.000 60.000 4.596 0.476747 0.488305
V 45.500 60.000 4.527 0.477436 0.488300
V 47.000 60.000 4.478 0.478124 0.488294
V 48.500 60.000 4.430 0.478812 0.488289
V 50.000 60.000 4.373 0.479501 0.488283
V 51.500 60.000 4.287 0.480189 0.488278
V 53.000 60.000 4.133 0.480877 0.488272
V 54.500 60.000 3.972 0.481566 0.488266
V 56.000 60.000 3.786 0.482254 0.488261
V 57.500 60.000 3.556 0.482943 0.488255
V 59.000 60.000 3.246 0.483631 0.488250
V 60.500 60.000 2.902 0.484319 0.488244
V 62.000 60.000 2.544 0.485008 0.488239
V 63.500 60.000 2.164 0.485696 0.488233
V 65.000 60.000 1.777 0.486384 0.488227
V 66.500 60.000 1.411 0.487073 0.488222
V 68.000 60.000 1.091 0.487761 0.488216
V 69.500 60.000 0.848 0.488449 0.488211
V 71.000 60.000 0.710 0.489138 0.488205
V 72.500 60.000 0.586 0.489826 0.488200
V 74.000 60.000 0.381 0.490515 0.488194
V 75.500 60.000 -0.033 0.491203 0.488188
V 77.000 60.000 -0.560 0.491891 0.488183
V 78.500 60.000 -1.139 0.492580 0.488177
V 80.000 60.000 -1.723 0.493268 0.488172
V 81.500 60.000 -2.264 0.493956 0.488166
V 83.000 60.000 -2.661 0.494645 0.488161
V 84.500 60.000 -2.800 0.495333 0.488155
V 86.000 60.000 -2.725 0.496021 0.488149
V 87.500 60.000 -2.181 0.496710 0.488144
V 89.000 60.000 -1.787 0.497398 0.488138
V 90.500 60.000 -1.360 0.498087 0.488133
V 92.000 60.000 -0.914 0.498775 0.488127
V 93.500 60.000 -0.474 0.499463 0.488122
V 95.000 60.000 -0.079 0.500152 0.488116
V 96.500 60.000 0.224 0.500840 0.488111
V 98.000 60.000 0.384 0.501528 0.488105
V 99.500 60.000 0.493 0.502217 0.488099
V 101.000 60.000 0.492 0.502905 0.488094
V 102.500 60.000 0.390 0.503593 0.488088
V 104.000 60.000 0.238 0.504282 0.488083
V 105.500 60.000 0.085 0.504970 0.488077
V 108.500 60.000 -0.049 0.506347 0.488066
V 110.000 60.000 -0.035 0.507035 0.488060
V 111.500 60.000 -0.009 0.507724 0.488055
V 113.000 60.000 -0.000 0.508412 0.488049
V 114.500 60.000 -0.039 0.509100 0.488044
V 117.500 60.000 -0.400 0.510477 0.488033
V 119.000 60.000 -0.747 0.511166 0.488027
V 120.500 60.000 -1.136 0.511854 0.488021
V 122.000 60.000 -1.398 0.512542 0.488016
V 123.500 60.000 -1.620 0.513231 0.488010
V 125.000 60.000 -1.889 0.513919 0.488005
V 126.500 60.000 -2.252 0.514607 0.487999
V 128.000 60.000 -2.760 0.515296 0.487994
V 129.500 60.000 -3.383 0.515984 0.487988
V 131.000 60.000 -4.058 0.516672 0.487982
V 132.500 60.000 -4.742 0.517361 0.487977
V 134.000 60.000 -5.389 0.518049 0.487971
V 135.500 60.000 -6.018 0.518738 0.487966
V 137.000 60.000 -6.428 0.519426 0.487960
V 138.500 60.000 -6.699 0.520114 0.487955
V 140.000 60.000 -6.760 0.520803 0.487949
V 141.500 60.000 -6.743 0.521491 0.487943
V 143.000 60.000 -6.951 0.522179 0.487938
V 26.000 61.500 6.449 0.468492 0.489063
V 27.500 61.500 6.291 0.469181 0.489058
V 29.000 61.500 6.121 0.469869 0.489052
V 30.500 61.500 5.942 0.470558 0.489047
V 32.000 61.500 5.757 0.471246 0.489041
V 33.500 61.500 5.570 0.471934 0.489036
V 35.000 61.500 5.383 0.472623 0.489030
V 36.500 61.500 5.200 0.473311 0.489024
V 38.000 61.500 5.024 0.473999 0.489019
V 39.500 61.500 4.864 0.474688 0.489013
V 41.000 61.500 4.739 0.475376 0.489008
V 42.500 61.500 4.646 0.476064 0.489002
V 44.000 61.500 4.577 0.476753 0.488997
V 45.500 61.500 4.527 0.477441 0.488991
V 47.000 61.500 4.485 0.478130 0.488986
V 48.500 61.500 4.434 0.478818 0.488980
V 50.000 61.500 4.370 0.479506 0.488974
V 51.500 61.500 4.269 0.480195 0.488969
V 53.000 61.500 4.082 0.480883 0.488963
V 54.500 61.500 3.865 0.481571 0.488958
V 56.000 61.500 3.624 0.482260 0.488952
V 57.500 61.500 3.318 0.482948 0.488947
V 59.000 61.500 2.932 0.483636 0.488941
V 60.500 61.500 2.566 0.484325 0.488935
V 62.000 61.500 2.215 0.485013 0.488930
V 63.500 61.500 1.843 0.485702 0.488924
V 65.000 61.500 1.480 0.486390 0.488919
V 66.500 61.500 1.143 0.487078 0.488913
V 68.000 61.500 0.849 0.487767 0.488908
V 71.000 61.500 0.458 0.489143 0.488896
V 72.500 61.500 0.332 0.489832 0.488891
V 74.000 61.500 0.127 0.490520 0.488885
V 75.500 61.500 -0.301 0.491208 0.488880
V 77.000 61.500 -0.850 0.491897 0.488874
V 78.500 61.500 -1.416 0.492585 0.488869
V 80.000 61.500 -1.923 0.493274 0.488863
V 81.500 61.500 -2.322 0.493962 0.488857
V 83.000 61.500 -2.561 0.494650 0.488852
V 86.000 61.500 -2.233 0.496027 0.488841
V 87.500 61.500 -1.484 0.496715 0.488835
V 89.000 61.500 -0.979 0.497404 0.488830
V 90.500 61.500 -0.470 0.498092 0.488824
V 92.000 61.500 0.001 0.498780 0.488818
V 93.500 61.500 0.356 0.499469 0.488813
V 95.000 61.500 0.540 0.500157 0.488807
V 96.500 61.500 0.551 0.500846 0.488802
V 98.000 61.500 0.641 0.501534 0.488796
V 99.500 61.500 0.689 0.502222 0.488791
V 101.000 61.500 0.625 0.502911 0.488785
V 102.500 61.500 0.493 0.503599 0.488779
V 104.000 61.500 0.343 0.504287 0.488774
V 105.500 61.500 0.255 0.504976 0.488768
V 107.000 61.500 0.228 0.505664 0.488763
V 108.500 61.500 0.188 0.506353 0.488757
V 110.000 61.500 0.179 0.507041 0.488752
V 111.500 61.500 0.207 0.507729 0.488746
V 113.000 61.500 0.225 0.508418 0.488741
V 114.500 61.500 0.202 0.509106 0.488735
V 116.000 61.500 0.094 0.509794 0.488729
V 117.500 61.500 -0.157 0.510483 0.488724
V 119.000 61.500 -0.497 0.511171 0.488718
V 120.500 61.500 -0.865 0.511859 0.488713
V 123.500 61.500 -1.462 0.513236 0.488702
V 125.000 61.500 -1.756 0.513925 0.488696
V 126.500 61.500 -2.123 0.514613 0.488690
V 129.500 61.500 -3.242 0.515990 0.488679
V 131.000 61.500 -3.940 0.516678 0.488674
V 132.500 61.500 -4.667 0.517366 0.488668
V 134.000 61.500 -5.374 0.518055 0.488662
V 135.500 61.500 -6.013 0.518743 0.488657
V 137.000 61.500 -6.550 0.519431 0.488651
V 138.500 61.500 -6.779 0.520120 0.488646
V 140.000 61.500 -6.877 0.520808 0.488640
V 141.500 61.500 -6.862 0.521497 0.488635
V 143.000 61.500 -6.812 0.522185 0.488629
V 24.500 63.000 6.570 0.467810 0.489760
V 26.000 63.000 6.404 0.468498 0.489755
V 27.500 63.000 6.223 0.469186 0.489749
V 29.000 63.000 6.032 0.469875 0.489744
V 30.500 63.000 5.835 0.470563 0.489738
V 32.000 63.000 5.639 0.471251 0.489732
V 33.500 63.000 5.449 0.471940 0.489727
V 35.000 63.000 5.258 0.472628 0.489721
V 36.500 63.000 5.071 0.473317 0.489716
V 38.000 63.000 4.907 0.474005 0.489710
V 39.500 63.000 4.772 0.474693 0.489705
V 41.000 63.000 4.686 0.475382 0.489699
V 42.500 63.000 4.619 0.476070 0.489693
V 44.000 63.000 4.569 0.476758 0.489688
V 45.500 63.000 4.528 0.477447 0.489682
V 47.000 63.000 4.488 0.478135 0.489677
V 48.500 63.000 4.431 0.478823 0.489671
V 50.000 63.000 4.355 0.479512 0.489666
V 51.500 63.000 4.223 0.480200 0.489660
V 53.000 63.000 4.012 0.480889 0.489655
V 54.500 63.000 3.729 0.481577 0.489649
V 56.000 63.000 3.398 0.482265 0.489643
V 57.500 63.000 2.993 0.482954 0.489638
V 59.000 63.000 2.574 0.483642 0.489632
V 60.500 63.000 2.194 0.484330 0.489627
V 62.000 63.000 1.855 0.485019 0.489621
V 63.500 63.000 1.489 0.485707 0.489616
V 65.000 63.000 1.138 0.486395 0.489610
V 66.500 63.000 0.840 0.487084 0.489604
V 68.000 63.000 0.613 0.487772 0.489599
V 69.500 63.000 0.472 0.488461 0.489593
V 71.000 63.000 0.293 0.489149 0.489588
V 72.500 63.000 0.133 0.489837 0.489582
V 74.000 63.000 -0.083 0.490526 0.489577
V 75.500 63.000 -0.523 0.491214 0.489571
V 77.000 63.000 -1.063 0.491902 0.489565
V 78.500 63.000 -1.545 0.492591 0.489560
V 80.000 63.000 -1.913 0.493279 0.489554
V 81.500 63.000 -2.182 0.493967 0.489549
V 83.000 63.000 -2.332 0.494656 0.489543
V 84.500 63.000 -2.142 0.495344 0.489538
V 86.000 63.000 -1.572 0.496033 0.489532
V 87.500 63.000 -0.801 0.496721 0.489526
V 89.000 63.000 -0.193 0.497409 0.489521
V 90.500 63.000 0.294 0.498098 0.489515
V 92.000 63.000 0.579 0.498786 0.489510
V 93.500 63.000 0.672 0.499474 0.489504
V 95.000 63.000 0.639 0.500163 0.489499
V 96.500 63.000 0.675 0.500851 0.489493
V 98.000 63.000 0.765 0.501539 0.489487
V 99.500 63.000 0.766 0.502228 0.489482
V 101.000 63.000 0.674 0.502916 0.489476
V 102.500 63.000 0.553 0.503605 0.489471
V 104.000 63.000 0.502 0.504293 0.489465
V 105.500 63.000 0.502 0.504981 0.489460
V 107.000 63.000 0.479 0.505670 0.489454
V 108.500 63.000 0.444 0.506358 0.489448
V 110.000 63.000 0.400 0.507046 0.489443
V 111.500 63.000 0.397 0.507735 0.489437
V 113.000 63.000 0.419 0.508423 0.489432
V 114.500 63.000 0.407 0.509112 0.489426
V 116.000 63.000 0.301 0.509800 0.489421
V 117.500 63.000 0.036 0.510488 0.489415
V 119.000 63.000 -0.315 0.511177 0.489409
V 120.500 63.000 -0.673 0.511865 0.489404
V 122.000 63.000 -0.952 0.512553 0.489398
V 123.500 63.000 -1.194 0.513242 0.489393
V 125.000 63.000 -1.480 0.513930 0.489387
V 126.500 63.000 -1.857 0.514618 0.489382
V 128.000 63.000 -2.436 0.515307 0.489376
V 129.500 63.000 -3.081 0.515995 0.489370
V 131.000 63.000 -3.816 0.516684 0.489365
V 132.500 63.000 -4.590 0.517372 0.489359
V 134.000 63.000 -5.336 0.518060 0.489354
V 135.500 63.000 -6.163 0.518749 0.489348
V 137.000 63.000 -6.986 0.519437 0.489343
V 138.500 63.000 -7.155 0.520125 0.489337
V 140.000 63.000 -7.074 0.520814 0.489331
V 141.500 63.000 -6.943 0.521502 0.489326
V 143.000 63.000 -6.832 0.522190 0.489320
V 23.000 64.500 6.721 0.467127 0.490457
V 24.500 64.500 6.545 0.467815 0.490452
V 26.000 64.500 6.354 0.468504 0.490446
V 27.500 64.500 6.151 0.469192 0.490440
V 29.000 64.500 5.947 0.469880 0.490435
V 30.500 64.500 5.741 0.470569 0.490429
V 32.000 64.500 5.532 0.471257 0.490424
V 33.500 64.500 5.322 0.471945 0.490418
V 35.000 64.500 5.140 0.472634 0.490413
V 36.500 64.500 4.974 0.473322 0.490407
V 38.000 64.500 4.808 0.474010 0.490401
V 39.500 64.500 4.691 0.474699 0.490396
V 41.000 64.500 4.640 0.475387 0.490390
V 42.500 64.500 4.602 0.476076 0.490385
V 44.000 64.500 4.567 0.476764 0.490379
V 45.500 64.500 4.531 0.477452 0.490374
V 47.000 64.500 4.490 0.478141 0.490368
V 48.500 64.500 4.424 0.478829 0.490362
V 50.000 64.500 4.327 0.479517 0.490357
V 51.500 64.500 4.157 0.480206 0.490351
V 53.000 64.500 3.905 0.480894 0.490346
V 54.500 64.500 3.578 0.481582 0.490340
V 56.000 64.500 3.153 0.482271 0.490335
V 57.500 64.500 2.684 0.482959 0.490329
V 59.000 64.500 2.234 0.483648 0.490324
V 60.500 64.500 1.846 0.484336 0.490318
V 62.000 64.500 1.517 0.485024 0.490312
V 63.500 64.500 1.173 0.485713 0.490307
V 65.000 64.500 0.872 0.486401 0.490301
V 66.500 64.500 0.662 0.487089 0.490296
V 68.000 64.500 0.564 0.487778 0.490290
V 69.500 64.500 0.448 0.488466 0.490285
V 71.000 64.500 0.264 0.489154 0.490279
V 72.500 64.500 0.047 0.489843 0.490273
V 74.000 64.500 -0.232 0.490531 0.490268
V 75.500 64.500 -0.653 0.491220 0.490262
V 77.000 64.500 -1.064 0.491908 0.490257
V 78.500 64.500 -1.460 0.492596 0.490251
V 80.000 64.500 -1.793 0.493285 0.490246
V 81.500 64.500 -1.993 0.493973 0.490240
V 83.000 64.500 -1.925 0.494661 0.490234
V 84.500 64.500 -1.432 0.495350 0.490229
V 86.000 64.500 -0.765 0.496038 0.490223
V 87.500 64.500 -0.139 0.496726 0.490218
V 89.000 64.500 0.343 0.497415 0.490212
V 90.500 64.500 0.601 0.498103 0.490207
V 92.000 64.500 0.701 0.498792 0.490201
V 93.500 64.500 0.691 0.499480 0.490195
V 95.000 64.500 0.672 0.500168 0.490190
V 96.500 64.500 0.755 0.500857 0.490184
V 98.000 64.500 0.803 0.501545 0.490179
V 99.500 64.500 0.798 0.502233 0.490173
V 101.000 64.500 0.728 0.502922 0.490168
V 102.500 64.500 0.716 0.503610 0.490162
V 104.000 64.500 0.739 0.504298 0.490156
V 105.500 64.500 0.757 0.504987 0.490151
V 107.000 64.500 0.729 0.505675 0.490145
V 108.500 64.500 0.698 0.506364 0.490140
V 110.000 64.500 0.650 0.507052 0.490134
V 111.500 64.500 0.602 0.507740 0.490129
V 113.000 64.500 0.594 0.508429 0.490123
V 114.500 64.500 0.585 0.509117 0.490117
V 116.000 64.500 0.477 0.509805 0.490112
V 117.500 64.500 0.195 0.510494 0.490106
V 119.000 64.500 -0.148 0.511182 0.490101
V 120.500 64.500 -0.420 0.511871 0.490095
V 122.000 64.500 -0.624 0.512559 0.490090
V 123.500 64.500 -0.844 0.513247 0.490084
V 125.000 64.500 -1.114 0.513936 0.490078
V 126.500 64.500 -1.519 0.514624 0.490073
V 128.000 64.500 -2.164 0.515312 0.490067
V 129.500 64.500 -2.841 0.516001 0.490062
V 131.000 64.500 -3.600 0.516689 0.490056
V 132.500 64.500 -4.392 0.517377 0.490051
V 134.000 64.500 -5.201 0.518066 0.490045
V 135.500 64.500 -6.552 0.518754 0.490039
V 137.000 64.500 -7.223 0.519443 0.490034
V 138.500 64.500 -7.274 0.520131 0.490028
V 140.000 64.500 -7.072 0.520819 0.490023
V 141.500 64.500 -6.685 0.521508 0.490017
V 143.000 64.500 -6.326 0.522196 0.490012
V 144.500 64.500 -6.674 0.522884 0.490006
V 146.000 64.500 -6.797 0.523573 0.490000
V 21.500 66.000 6.898 0.466444 0.491154
V 23.000 66.000 6.711 0.467132 0.491148
V 24.500 66.000 6.509 0.467821 0.491143
V 26.000 66.000 6.300 0.468509 0.491137
V 27.500 66.000 6.083 0.469197 0.491132
V 29.000 66.000 5.864 0.469886 0.491126
V 30.500 66.000 5.643 0.470574 0.491121
V 32.000 66.000 5.427 0.471263 0.491115
V 33.500 66.000 5.241 0.471951 0.491109
V 35.000 66.000 5.067 0.472639 0.491104
V 36.500 66.000 4.900 0.473328 0.491098
V 38.000 66.000 4.729 0.474016 0.491093
V 39.500 66.000 4.629 0.474704 0.491087
V 41.000 66.000 4.601 0.475393 0.491082
V 42.500 66.000 4.586 0.476081 0.491076
V 44.000 66.000 4.570 0.476769 0.491070
V 45.500 66.000 4.539 0.477458 0.491065
V 47.000 66.000 4.491 0.478146 0.491059
V 48.500 66.000 4.415 0.478835 0.491054
V 50.000 66.000 4.283 0.479523 0.491048
V 51.500 66.000 4.076 0.480211 0.491043
V 53.000 66.000 3.801 0.480900 0.491037
V 54.500 66.000 3.462 0.481588 0.491031
V 56.000 66.000 3.075 0.482276 0.491026
V 57.500 66.000 2.569 0.482965 0.491020
V 59.000 66.000 2.050 0.483653 0.491015
V 60.500 66.000 1.590 0.484341 0.491009
V 62.000 66.000 1.254 0.485030 0.491004
V 63.500 66.000 0.961 0.485718 0.490998
V 65.000 66.000 0.767 0.486407 0.490993
V 66.500 66.000 0.669 0.487095 0.490987
V 68.000 66.000 0.609 0.487783 0.490981
V 69.500 66.000 0.489 0.488472 0.490976
V 71.000 66.000 0.312 0.489160 0.490970
V 72.500 66.000 0.056 0.489848 0.490965
V 74.000 66.000 -0.309 0.490537 0.490959
V 75.500 66.000 -0.707 0.491225 0.490954
V 77.000 66.000 -1.095 0.491913 0.490948
V 78.500 66.000 -1.416 0.492602 0.490942
V 80.000 66.000 -1.624 0.493290 0.490937
V 81.500 66.000 -1.648 0.493979 0.490931
V 83.000 66.000 -1.289 0.494667 0.490926
V 84.500 66.000 -0.795 0.495355 0.490920
V 86.000 66.000 -0.252 0.496044 0.490915
V 87.500 66.000 0.287 0.496732 0.490909
V 89.000 66.000 0.615 0.497420 0.490903
V 90.500 66.000 0.731 0.498109 0.490898
V 92.000 66.000 0.737 0.498797 0.490892
V 93.500 66.000 0.702 0.499485 0.490887
V 95.000 66.000 0.739 0.500174 0.490881
V 96.500 66.000 0.781 0.500862 0.490876
V 98.000 66.000 0.832 0.501551 0.490870
V 99.500 66.000 0.862 0.502239 0.490864
V 101.000 66.000 0.891 0.502927 0.490859
V 102.500 66.000 0.941 0.503616 0.490853
V 104.000 66.000 0.991 0.504304 0.490848
V 105.500 66.000 1.002 0.504992 0.490842
V 107.000 66.000 0.975 0.505681 0.490837
V 108.500 66.000 0.944 0.506369 0.490831
V 110.000 66.000 0.898 0.507058 0.490825
V 111.500 66.000 0.839 0.507746 0.490820
V 113.000 66.000 0.780 0.508434 0.490814
V 114.500 66.000 0.750 0.509123 0.490809
V 116.000 66.000 0.638 0.509811 0.490803
V 117.500 66.000 0.354 0.510499 0.490798
V 119.000 66.000 0.105 0.511188 0.490792
V 120.500 66.000 -0.070 0.511876 0.490786
V 122.000 66.000 -0.243 0.512564 0.490781
V 123.500 66.000 -0.458 0.513253 0.490775
V 125.000 66.000 -0.727 0.513941 0.490770
V 126.500 66.000 -1.156 0.514630 0.490764
V 128.000 66.000 -1.805 0.515318 0.490759
V 129.500 66.000 -2.515 0.516006 0.490753
V 131.000 66.000 -3.270 0.516695 0.490747
V 132.500 66.000 -4.054 0.517383 0.490742
V 134.000 66.000 -5.425 0.518071 0.490736
V 135.500 66.000 -6.421 0.518760 0.490731
V 138.500 66.000 -6.506 0.520136 0.490720
V 140.000 66.000 -5.927 0.520825 0.490714
V 141.500 66.000 -5.481 0.521513 0.490708
V 143.000 66.000 -5.990 0.522202 0.490703
V 144.500 66.000 -6.523 0.522890 0.490697
V 146.000 66.000 -6.628 0.523578 0.490692
V 147.500 66.000 -6.815 0.524267 0.490686
V 20.000 67.500 7.077 0.465761 0.491851
V 21.500 67.500 6.882 0.466449 0.491845
V 23.000 67.500 6.679 0.467138 0.491840
V 24.500 67.500 6.472 0.467826 0.491834
V 26.000 67.500 6.258 0.468515 0.491828
V 27.500 67.500 6.038 0.469203 0.491823
V 29.000 67.500 5.811 0.469891 0.491817
V 30.500 67.500 5.586 0.470580 0.491812
V 32.000 67.500 5.385 0.471268 0.491806
V 33.500 67.500 5.196 0.471956 0.491801
V 35.000 67.500 5.018 0.472645 0.491795
V 36.500 67.500 4.849 0.473333 0.491790
V 38.000 67.500 4.678 0.474022 0.491784
V 39.500 67.500 4.592 0.474710 0.491778
V 41.000 67.500 4.575 0.475398 0.491773
V 42.500 67.500 4.572 0.476087 0.491767
V 44.000 67.500 4.567 0.476775 0.491762
V 45.500 67.500 4.546 0.477463 0.491756
V 48.500 67.500 4.398 0.478840 0.491745
V 50.000 67.500 4.238 0.479528 0.491739
V 51.500 67.500 4.014 0.480217 0.491734
V 53.000 67.500 3.728 0.480905 0.491728
V 54.500 67.500 3.381 0.481594 0.491723
V 56.000 67.500 2.978 0.482282 0.491717
V 57.500 67.500 2.558 0.482970 0.491712
V 59.000 67.500 2.018 0.483659 0.491706
V 60.500 67.500 1.515 0.484347 0.491700
V 63.500 67.500 0.909 0.485724 0.491689
V 65.000 67.500 0.799 0.486412 0.491684
V 66.500 67.500 0.734 0.487100 0.491678
V 68.000 67.500 0.669 0.487789 0.491673
V 69.500 67.500 0.538 0.488477 0.491667
V 71.000 67.500 0.326 0.489166 0.491662
V 72.500 67.500 -0.006 0.489854 0.491656
V 74.000 67.500 -0.381 0.490542 0.491650
V 75.500 67.500 -0.731 0.491231 0.491645
V 77.000 67.500 -1.071 0.491919 0.491639
V 78.500 67.500 -1.289 0.492607 0.491634
V 81.500 67.500 -1.190 0.493984 0.491623
V 83.000 67.500 -0.862 0.494672 0.491617
V 84.500 67.500 -0.415 0.495361 0.491611
V 86.000 67.500 0.090 0.496049 0.491606
V 87.500 67.500 0.545 0.496738 0.491600
V 89.000 67.500 0.735 0.497426 0.491595
V 90.500 67.500 0.778 0.498114 0.491589
V 92.000 67.500 0.775 0.498803 0.491584
V 95.000 67.500 0.816 0.500179 0.491572
V 96.500 67.500 0.880 0.500868 0.491567
V 98.000 67.500 0.955 0.501556 0.491561
V 99.500 67.500 1.022 0.502244 0.491556
V 101.000 67.500 1.104 0.502933 0.491550
V 102.500 67.500 1.181 0.503621 0.491545
V 104.000 67.500 1.243 0.504310 0.491539
V 105.500 67.500 1.240 0.504998 0.491533
V 107.000 67.500 1.216 0.505686 0.491528
V 108.500 67.500 1.181 0.506375 0.491522
V 110.000 67.500 1.132 0.507063 0.491517
V 111.500 67.500 1.074 0.507751 0.491511
V 113.000 67.500 1.000 0.508440 0.491506
V 114.500 67.500 0.918 0.509128 0.491500
V 116.000 67.500 0.796 0.509817 0.491494
V 117.500 67.500 0.588 0.510505 0.491489
V 119.000 67.500 0.456 0.511193 0.491483
V 120.500 67.500 0.325 0.511882 0.491478
V 122.000 67.500 0.157 0.512570 0.491472
V 123.500 67.500 -0.066 0.513258 0.491467
V 125.000 67.500 -0.356 0.513947 0.491461
V 126.500 67.500 -0.783 0.514635 0.491455
V 128.000 67.500 -1.385 0.515323 0.491450
V 129.500 67.500 -2.088 0.516012 0.491444
V 131.000 67.500 -2.813 0.516700 0.491439
V 132.500 67.500 -3.882 0.517389 0.491433
V 134.000 67.500 -4.714 0.518077 0.491428
V 135.500 67.500 -5.182 0.518765 0.491422
V 137.000 67.500 -5.259 0.519454 0.491416
V 138.500 67.500 -4.884 0.520142 0.491411
V 140.000 67.500 -4.434 0.520830 0.491405
V 141.500 67.500 -4.954 0.521519 0.491400
V 143.000 67.500 -5.720 0.522207 0.491394
V 144.500 67.500 -6.359 0.522895 0.491389
V 146.000 67.500 -6.575 0.523584 0.491383
V 147.500 67.500 -6.804 0.524272 0.491377
V 18.500 69.000 7.259 0.465078 0.492548
V 20.000 69.000 7.073 0.465767 0.492542
V 21.500 69.000 6.878 0.466455 0.492536
V 23.000 69.000 6.677 0.467143 0.492531
V 24.500 69.000 6.469 0.467832 0.492525
V 26.000 69.000 6.254 0.468520 0.492520
V 27.500 69.000 6.034 0.469208 0.492514
V 30.500 69.000 5.583 0.470585 0.492503
V 32.000 69.000 5.373 0.471274 0.492497
V 33.500 69.000 5.178 0.471962 0.492492
V 35.000 69.000 4.997 0.472650 0.492486
V 36.500 69.000 4.825 0.473339 0.492481
V 38.000 69.000 4.657 0.474027 0.492475
V 39.500 69.000 4.584 0.474715 0.492470
V 41.000 69.000 4.569 0.475404 0.492464
V 42.500 69.000 4.568 0.476092 0.492459
V 44.000 69.000 4.565 0.476781 0.492453
V 45.500 69.000 4.549 0.477469 0.492447
V 47.000 69.000 4.506 0.478157 0.492442
V 48.500 69.000 4.392 0.478846 0.492436
V 50.000 69.000 4.215 0.479534 0.492431
V 51.500 69.000 3.977 0.480222 0.492425
V 53.000 69.000 3.683 0.480911 0.492420
V 54.500 69.000 3.332 0.481599 0.492414
V 56.000 69.000 2.923 0.482287 0.492408
V 57.500 69.000 2.510 0.482976 0.492403
V 59.000 69.000 2.058 0.483664 0.492397
V 60.500 69.000 1.530 0.484353 0.492392
V 62.000 69.000 1.122 0.485041 0.492386
V 63.500 69.000 0.921 0.485729 0.492381
V 65.000 69.000 0.829 0.486418 0.492375
V 66.500 69.000 0.767 0.487106 0.492369
V 68.000 69.000 0.686 0.487794 0.492364
V 69.500 69.000 0.520 0.488483 0.492358
V 71.000 69.000 0.251 0.489171 0.492353
V 72.500 69.000 -0.084 0.489859 0.492347
V 74.000 69.000 -0.432 0.490548 0.492342
V 75.500 69.000 -0.723 0.491236 0.492336
V 77.000 69.000 -0.981 0.491925 0.492331
V 78.500 69.000 -1.079 0.492613 0.492325
V 80.000 69.000 -0.966 0.493301 0.492319
V 81.500 69.000 -0.743 0.493990 0.492314
V 83.000 69.000 -0.473 0.494678 0.492308
V 84.500 69.000 -0.084 0.495366 0.492303
V 86.000 69.000 0.363 0.496055 0.492297
V 87.500 69.000 0.703 0.496743 0.492292
V 89.000 69.000 0.792 0.497431 0.492286
V 90.500 69.000 0.845 0.498120 0.492280
V 92.000 69.000 0.910 0.498808 0.492275
V 93.500 69.000 0.962 0.499497 0.492269
V 95.000 69.000 1.032 0.500185 0.492264
V 96.500 69.000 1.125 0.500873 0.492258
V 98.000 69.000 1.201 0.501562 0.492253
V 99.500 69.000 1.247 0.502250 0.492247
V 101.000 69.000 1.335 0.502938 0.492241
V 102.500 69.000 1.426 0.503627 0.492236
V 104.000 69.000 1.485 0.504315 0.492230
V 105.500 69.000 1.473 0.505004 0.492225
V 107.000 69.000 1.447 0.505692 0.492219
V 108.500 69.000 1.404 0.506380 0.492214
V 110.000 69.000 1.349 0.507069 0.492208
V 111.500 69.000 1.290 0.507757 0.492202
V 113.000 69.000 1.216 0.508445 0.492197
V 114.500 69.000 1.117 0.509134 0.492191
V 116.000 69.000 0.992 0.509822 0.492186
V 117.500 69.000 0.879 0.510510 0.492180
V 119.000 69.000 0.764 0.511199 0.492175
V 120.500 69.000 0.630 0.511887 0.492169
V 122.000 69.000 0.458 0.512576 0.492163
V 123.500 69.000 0.231 0.513264 0.492158
V 125.000 69.000 -0.047 0.513952 0.492152
V 126.500 69.000 -0.428 0.514641 0.492147
V 128.000 69.000 -0.967 0.515329 0.492141
V 129.500 69.000 -1.595 0.516017 0.492136
V 131.000 69.000 -2.189 0.516706 0.492130
V 132.500 69.000 -2.531 0.517394 0.492124
V 134.000 69.000 -2.772 0.518082 0.492119
V 135.500 69.000 -3.119 0.518771 0.492113
V 137.000 69.000 -3.447 0.519459 0.492108
V 138.500 69.000 -3.331 0.520148 0.492102
V 140.000 69.000 -3.788 0.520836 0.492097
V 141.500 69.000 -4.550 0.521524 0.492091
V 143.000 69.000 -5.441 0.522213 0.492085
V 144.500 69.000 -6.184 0.522901 0.492080
V 146.000 69.000 -6.573 0.523589 0.492074
V 147.500 69.000 -6.877 0.524278 0.492069
V 149.000 69.000 -7.341 0.524966 0.492063
V 15.500 70.500 7.596 0.463707 0.493250
V 17.000 70.500 7.453 0.464395 0.493244
V 18.500 70.500 7.263 0.465084 0.493239
V 20.000 70.500 7.083 0.465772 0.493233
V 21.500 70.500 6.898 0.466461 0.493228
V 23.000 70.500 6.702 0.467149 0.493222
V 24.500 70.500 6.499 0.467837 0.493217
V 26.000 70.500 6.289 0.468526 0.493211
V 27.500 70.500 6.074 0.469214 0.493205
V 29.000 70.500 5.855 0.469902 0.493200
V 30.500 70.500 5.613 0.470591 0.493194
V 32.000 70.500 5.392 0.471279 0.493189
V 33.500 70.500 5.190 0.471967 0.493183
V 35.000 70.500 5.007 0.472656 0.493178
V 36.500 70.500 4.831 0.473344 0.493172
V 38.000 70.500 4.671 0.474033 0.493166
V 39.500 70.500 4.608 0.474721 0.493161
V 41.000 70.500 4.592 0.475409 0.493155
V 42.500 70.500 4.591 0.476098 0.493150
V 44.000 70.500 4.593 0.476786 0.493144
V 45.500 70.500 4.594 0.477474 0.493139
V 47.000 70.500 4.525 0.478163 0.493133
V 48.500 70.500 4.399 0.478851 0.493128
V 50.000 70.500 4.212 0.479540 0.493122
V 51.500 70.500 3.965 0.480228 0.493116
V 53.000 70.500 3.666 0.480916 0.493111
V 54.500 70.500 3.312 0.481605 0.493105
V 56.000 70.500 2.909 0.482293 0.493100
V 57.500 70.500 2.490 0.482981 0.493094
V 59.000 70.500 2.085 0.483670 0.493089
V 60.500 70.500 1.611 0.484358 0.493083
V 62.000 70.500 1.209 0.485046 0.493077
V 63.500 70.500 1.020 0.485735 0.493072
V 65.000 70.500 0.908 0.486423 0.493066
V 66.500 70.500 0.779 0.487112 0.493061
V 68.000 70.500 0.602 0.487800 0.493055
V 69.500 70.500 0.430 0.488488 0.493050
V 71.000 70.500 0.170 0.489177 0.493044
V 72.500 70.500 -0.140 0.489865 0.493038
V 74.000 70.500 -0.451 0.490553 0.493033
V 75.500 70.500 -0.682 0.491242 0.493027
V 77.000 70.500 -0.843 0.491930 0.493022
V 78.500 70.500 -0.794 0.492618 0.493016
V 80.000 70.500 -0.538 0.493307 0.493011
V 81.500 70.500 -0.234 0.493995 0.493005
V 83.000 70.500 0.028 0.494684 0.492999
V 84.500 70.500 0.308 0.495372 0.492994
V 86.000 70.500 0.640 0.496060 0.492988
V 87.500 70.500 0.858 0.496749 0.492983
V 89.000 70.500 0.999 0.497437 0.492977
V 90.500 70.500 1.117 0.498125 0.492972
V 92.000 70.500 1.206 0.498814 0.492966
V 93.500 70.500 1.273 0.499502 0.492961
V 95.000 70.500 1.348 0.500190 0.492955
V 96.500 70.500 1.447 0.500879 0.492949
V 98.000 70.500 1.491 0.501567 0.492944
V 99.500 70.500 1.531 0.502256 0.492938
V 101.000 70.500 1.585 0.502944 0.492933
V 102.500 70.500 1.670 0.503632 0.492927
V 104.000 70.500 1.713 0.504321 0.492922
V 105.500 70.500 1.697 0.505009 0.492916
V 107.000 70.500 1.664 0.505697 0.492910
V 108.500 70.500 1.611 0.506386 0.492905
V 110.000 70.500 1.546 0.507074 0.492899
V 111.500 70.500 1.481 0.507763 0.492894
V 113.000 70.500 1.403 0.508451 0.492888
V 114.500 70.500 1.298 0.509139 0.492883
V 116.000 70.500 1.163 0.509828 0.492877
V 117.500 70.500 1.015 0.510516 0.492871
V 119.000 70.500 0.871 0.511204 0.492866
V 120.500 70.500 0.734 0.511893 0.492860
V 122.000 70.500 0.580 0.512581 0.492855
V 123.500 70.500 0.402 0.513269 0.492849
V 125.000 70.500 0.220 0.513958 0.492844
V 126.500 70.500 -0.127 0.514646 0.492838
V 128.000 70.500 -0.607 0.515335 0.492832
V 129.500 70.500 -1.134 0.516023 0.492827
V 131.000 70.500 -1.672 0.516711 0.492821
V 132.500 70.500 -1.907 0.517400 0.492816
V 134.000 70.500 -2.001 0.518088 0.492810
V 135.500 70.500 -2.083 0.518776 0.492805
V 137.000 70.500 -2.250 0.519465 0.492799
V 138.500 70.500 -2.637 0.520153 0.492793
V 140.000 70.500 -3.326 0.520841 0.492788
V 141.500 70.500 -4.209 0.521530 0.492782
V 143.000 70.500 -5.161 0.522218 0.492777
V 144.500 70.500 -6.000 0.522907 0.492771
V 146.000 70.500 -6.562 0.523595 0.492766
V 147.500 70.500 -7.182 0.524283 0.492760
V 149.000 70.500 -7.300 0.524972 0.492754
V 150.500 70.500 -7.353 0.525660 0.492749
V 14.000 72.000 7.787 0.463024 0.493947
V 15.500 72.000 7.661 0.463713 0.493941
V 17.000 72.000 7.481 0.464401 0.493936
V 18.500 72.000 7.288 0.465089 0.493930
V 20.000 72.000 7.111 0.465778 0.493925
V 21.500 72.000 6.941 0.466466 0.493919
V 23.000 72.000 6.759 0.467154 0.493913
V 24.500 72.000 6.566 0.467843 0.493908
V 26.000 72.000 6.365 0.468531 0.493902
V 27.500 72.000 6.163 0.469220 0.493897
V 29.000 72.000 5.943 0.469908 0.493891
V 30.500 72.000 5.687 0.470596 0.493886
V 32.000 72.000 5.450 0.471285 0.493880
V 33.500 72.000 5.239 0.471973 0.493874
V 35.000 72.000 5.052 0.472661 0.493869
V 36.500 72.000 4.871 0.473350 0.493863
V 38.000 72.000 4.724 0.474038 0.493858
V 39.500 72.000 4.667 0.474727 0.493852
V 41.000 72.000 4.649 0.475415 0.493847
V 42.500 72.000 4.651 0.476103 0.493841
V 44.000 72.000 4.666 0.476792 0.493836
V 45.500 72.000 4.659 0.477480 0.493830
V 47.000 72.000 4.554 0.478168 0.493824
V 48.500 72.000 4.418 0.478857 0.493819
V 50.000 72.000 4.226 0.479545 0.493813
V 51.500 72.000 3.976 0.480233 0.493808
V 53.000 72.000 3.674 0.480922 0.493802
V 54.500 72.000 3.321 0.481610 0.493797
V 56.000 72.000 2.929 0.482299 0.493791
V 57.500 72.000 2.522 0.482987 0.493785
V 59.000 72.000 2.114 0.483675 0.493780
V 60.500 72.000 1.722 0.484364 0.493774
V 62.000 72.000 1.349 0.485052 0.493769
V 63.500 72.000 1.131 0.485740 0.493763
V 65.000 72.000 0.889 0.486429 0.493758
V 66.500 72.000 0.636 0.487117 0.493752
V 68.000 72.000 0.430 0.487805 0.493746
V 69.500 72.000 0.262 0.488494 0.493741
V 71.000 72.000 0.087 0.489182 0.493735
V 72.500 72.000 -0.165 0.489871 0.493730
V 74.000 72.000 -0.425 0.490559 0.493724
V 75.500 72.000 -0.598 0.491247 0.493719
V 77.000 72.000 -0.632 0.491936 0.493713
V 78.500 72.000 -0.446 0.492624 0.493707
V 80.000 72.000 -0.122 0.493312 0.493702
V 81.500 72.000 0.239 0.494001 0.493696
V 83.000 72.000 0.561 0.494689 0.493691
V 84.500 72.000 0.807 0.495377 0.493685
V 87.500 72.000 1.189 0.496754 0.493674
V 89.000 72.000 1.356 0.497443 0.493668
V 90.500 72.000 1.489 0.498131 0.493663
V 92.000 72.000 1.589 0.498819 0.493657
V 93.500 72.000 1.660 0.499508 0.493652
V 95.000 72.000 1.717 0.500196 0.493646
V 96.500 72.000 1.784 0.500884 0.493641
V 98.000 72.000 1.824 0.501573 0.493635
V 99.500 72.000 1.856 0.502261 0.493630
V 101.000 72.000 1.878 0.502950 0.493624
V 102.500 72.000 1.905 0.503638 0.493618
V 104.000 72.000 1.925 0.504326 0.493613
V 105.500 72.000 1.905 0.505015 0.493607
V 107.000 72.000 1.859 0.505703 0.493602
V 108.500 72.000 1.795 0.506391 0.493596
V 110.000 72.000 1.721 0.507080 0.493591
V 111.500 72.000 1.644 0.507768 0.493585
V 113.000 72.000 1.557 0.508456 0.493579
V 114.500 72.000 1.441 0.509145 0.493574
V 116.000 72.000 1.304 0.509833 0.493568
V 117.500 72.000 1.157 0.510522 0.493563
V 119.000 72.000 1.006 0.511210 0.493557
V 120.500 72.000 0.856 0.511898 0.493552
V 123.500 72.000 0.578 0.513275 0.493540
V 125.000 72.000 0.452 0.513963 0.493535
V 126.500 72.000 0.135 0.514652 0.493529
V 128.000 72.000 -0.278 0.515340 0.493524
V 129.500 72.000 -0.702 0.516028 0.493518
V 131.000 72.000 -1.194 0.516717 0.493513
V 132.500 72.000 -1.410 0.517405 0.493507
V 134.000 72.000 -1.444 0.518094 0.493501
V 135.500 72.000 -1.515 0.518782 0.493496
V 137.000 72.000 -1.969 0.519470 0.493490
V 138.500 72.000 -2.767 0.520159 0.493485
V 140.000 72.000 -3.414 0.520847 0.493479
V 141.500 72.000 -4.163 0.521535 0.493473
V 143.000 72.000 -4.995 0.522224 0.493468
V 146.000 72.000 -6.641 0.523600 0.493457
V 147.500 72.000 -7.380 0.524289 0.493451
V 149.000 72.000 -7.596 0.524977 0.493446
V 150.500 72.000 -7.500 0.525666 0.493440
V 152.000 72.000 -7.364 0.526354 0.493434
V 12.500 73.500 7.999 0.462341 0.494644
V 14.000 73.500 7.886 0.463030 0.494638
V 15.500 73.500 7.729 0.463718 0.494632
V 17.000 73.500 7.537 0.464407 0.494627
V 18.500 73.500 7.345 0.465095 0.494621
V 20.000 73.500 7.168 0.465783 0.494616
V 21.500 73.500 7.005 0.466472 0.494610
V 23.000 73.500 6.846 0.467160 0.494605
V 24.500 73.500 6.671 0.467848 0.494599
V 26.000 73.500 6.486 0.468537 0.494594
V 27.500 73.500 6.298 0.469225 0.494588
V 29.000 73.500 6.069 0.469913 0.494582
V 30.500 73.500 5.807 0.470602 0.494577
V 32.000 73.500 5.552 0.471290 0.494571
V 33.500 73.500 5.329 0.471979 0.494566
V 35.000 73.500 5.134 0.472667 0.494560
V 36.500 73.500 4.949 0.473355 0.494555
V 38.000 73.500 4.817 0.474044 0.494549
V 39.500 73.500 4.763 0.474732 0.494543
V 41.000 73.500 4.745 0.475420 0.494538
V 42.500 73.500 4.754 0.476109 0.494532
V 44.000 73.500 4.774 0.476797 0.494527
V 45.500 73.500 4.709 0.477486 0.494521
V 47.000 73.500 4.593 0.478174 0.494516
V 48.500 73.500 4.449 0.478862 0.494510
V 50.000 73.500 4.254 0.479551 0.494505
V 51.500 73.500 4.006 0.480239 0.494499
V 53.000 73.500 3.707 0.480927 0.494493
V 54.500 73.500 3.360 0.481616 0.494488
V 56.000 73.500 2.983 0.482304 0.494482
V 57.500 73.500 2.591 0.482992 0.494477
V 59.000 73.500 2.199 0.483681 0.494471
V 60.500 73.500 1.820 0.484369 0.494466
V 62.000 73.500 1.461 0.485058 0.494460
V 63.500 73.500 1.119 0.485746 0.494454
V 65.000 73.500 0.807 0.486434 0.494449
V 66.500 73.500 0.537 0.487123 0.494443
V 69.500 73.500 0.133 0.488499 0.494432
V 71.000 73.500 -0.047 0.489188 0.494427
V 72.500 73.500 -0.197 0.489876 0.494421
V 74.000 73.500 -0.343 0.490564 0.494415
V 75.500 73.500 -0.445 0.491253 0.494410
V 77.000 73.500 -0.350 0.491941 0.494404
V 78.500 73.500 -0.107 0.492630 0.494399
V 80.000 73.500 0.231 0.493318 0.494393
V 81.500 73.500 0.622 0.494006 0.494388
V 83.000 73.500 1.000 0.494695 0.494382
V 84.500 73.500 1.213 0.495383 0.494376
V 86.000 73.500 1.347 0.496071 0.494371
V 87.500 73.500 1.535 0.496760 0.494365
V 89.000 73.500 1.697 0.497448 0.494360
V 90.500 73.500 1.829 0.498136 0.494354
V 92.000 73.500 1.935 0.498825 0.494349
V 93.500 73.500 2.017 0.499513 0.494343
V 95.000 73.500 2.080 0.500202 0.494337
V 96.500 73.500 2.123 0.500890 0.494332
V 98.000 73.500 2.143 0.501578 0.494326
V 99.500 73.500 2.147 0.502267 0.494321
V 101.000 73.500 2.142 0.502955 0.494315
V 102.500 73.500 2.132 0.503643 0.494310
V 104.000 73.500 2.115 0.504332 0.494304
V 105.500 73.500 2.080 0.505020 0.494298
V 107.000 73.500 2.021 0.505709 0.494293
V 108.500 73.500 1.947 0.506397 0.494287
V 110.000 73.500 1.862 0.507085 0.494282
V 113.000 73.500 1.680 0.508462 0.494271
V 114.500 73.500 1.562 0.509150 0.494265
V 116.000 73.500 1.429 0.509839 0.494259
V 117.500 73.500 1.287 0.510527 0.494254
V 119.000 73.500 1.141 0.511215 0.494248
V 120.500 73.500 0.998 0.511904 0.494243
V 122.000 73.500 0.872 0.512592 0.494237
V 123.500 73.500 0.755 0.513281 0.494232
V 125.000 73.500 0.652 0.513969 0.494226
V 126.500 73.500 0.369 0.514657 0.494220
V 128.000 73.500 0.039 0.515346 0.494215
V 129.500 73.500 -0.316 0.516034 0.494209
V 131.000 73.500 -0.760 0.516722 0.494204
V 132.500 73.500 -0.978 0.517411 0.494198
V 134.000 73.500 -1.022 0.518099 0.494193
V 135.500 73.500 -1.311 0.518787 0.494187
V 137.000 73.500 -2.403 0.519476 0.494181
V 138.500 73.500 -3.267 0.520164 0.494176
V 140.000 73.500 -3.906 0.520853 0.494170
V 141.500 73.500 -4.460 0.521541 0.494165
V 143.000 73.500 -4.925 0.522229 0.494159
V 144.500 73.500 -5.469 0.522918 0.494154
V 146.000 73.500 -6.171 0.523606 0.494148
V 149.000 73.500 -7.441 0.524983 0.494137
V 150.500 73.500 -7.602 0.525671 0.494131
V 152.000 73.500 -7.610 0.526359 0.494126
V 153.500 73.500 -7.391 0.527048 0.494120
V 11.000 75.000 8.251 0.461659 0.495340
V 12.500 75.000 8.162 0.462347 0.495335
V 14.000 75.000 8.028 0.463035 0.495329
V 15.500 75.000 7.854 0.463724 0.495324
V 17.000 75.000 7.624 0.464412 0.495318
V 18.500 75.000 7.444 0.465100 0.495313
V 20.000 75.000 7.278 0.465789 0.495307
V 21.500 75.000 7.117 0.466477 0.495302
V 23.000 75.000 6.964 0.467166 0.495296
V 24.500 75.000 6.814 0.467854 0.495290
V 26.000 75.000 6.651 0.468542 0.495285
V 27.500 75.000 6.467 0.469231 0.495279
V 29.000 75.000 6.231 0.469919 0.495274
V 30.500 75.000 5.969 0.470607 0.495268
V 32.000 75.000 5.704 0.471296 0.495263
V 33.500 75.000 5.463 0.471984 0.495257
V 35.000 75.000 5.259 0.472672 0.495251
V 36.500 75.000 5.071 0.473361 0.495246
V 38.000 75.000 4.953 0.474049 0.495240
V 39.500 75.000 4.897 0.474738 0.495235
V 41.000 75.000 4.880 0.475426 0.495229
V 42.500 75.000 4.887 0.476114 0.495224
V 44.000 75.000 4.871 0.476803 0.495218
V 45.500 75.000 4.763 0.477491 0.495212
V 47.000 75.000 4.644 0.478179 0.495207
V 48.500 75.000 4.492 0.478868 0.495201
V 50.000 75.000 4.296 0.479556 0.495196
V 51.500 75.000 4.052 0.480245 0.495190
V 53.000 75.000 3.768 0.480933 0.495185
V 54.500 75.000 3.439 0.481621 0.495179
V 56.000 75.000 3.082 0.482310 0.495174
V 57.500 75.000 2.710 0.482998 0.495168
V 59.000 75.000 2.337 0.483686 0.495162
V 60.500 75.000 1.954 0.484375 0.495157
V 62.000 75.000 1.591 0.485063 0.495151
V 63.500 75.000 1.228 0.485751 0.495146
V 65.000 75.000 0.891 0.486440 0.495140
V 66.500 75.000 0.597 0.487128 0.495135
V 68.000 75.000 0.375 0.487817 0.495129
V 69.500 75.000 0.240 0.488505 0.495123
V 71.000 75.000 0.082 0.489193 0.495118
V 72.500 75.000 -0.068 0.489882 0.495112
V 74.000 75.000 -0.184 0.490570 0.495107
V 75.500 75.000 -0.257 0.491258 0.495101
V 77.000 75.000 -0.169 0.491947 0.495096
V 78.500 75.000 0.104 0.492635 0.495090
V 80.000 75.000 0.458 0.493323 0.495084
V 81.500 75.000 0.869 0.494012 0.495079
V 83.000 75.000 1.278 0.494700 0.495073
V 84.500 75.000 1.522 0.495389 0.495068
V 86.000 75.000 1.697 0.496077 0.495062
V 87.500 75.000 1.879 0.496765 0.495057
V 89.000 75.000 2.035 0.497454 0.495051
V 90.500 75.000 2.163 0.498142 0.495045
V 92.000 75.000 2.266 0.498830 0.495040
V 93.500 75.000 2.354 0.499519 0.495034
V 95.000 75.000 2.418 0.500207 0.495029
V 96.500 75.000 2.433 0.500895 0.495023
V 98.000 75.000 2.432 0.501584 0.495018
V 99.500 75.000 2.398 0.502272 0.495012
V 101.000 75.000 2.355 0.502961 0.495006
V 102.500 75.000 2.292 0.503649 0.495001
V 104.000 75.000 2.228 0.504337 0.494995
V 105.500 75.000 2.168 0.505026 0.494990
V 107.000 75.000 2.092 0.505714 0.494984
V 108.500 75.000 2.008 0.506402 0.494979
V 110.000 75.000 1.950 0.507091 0.494973
V 111.500 75.000 1.888 0.507779 0.494967
V 113.000 75.000 1.784 0.508468 0.494962
V 114.500 75.000 1.665 0.509156 0.494956
V 116.000 75.000 1.533 0.509844 0.494951
V 117.500 75.000 1.395 0.510533 0.494945
V 119.000 75.000 1.266 0.511221 0.494940
V 120.500 75.000 1.152 0.511909 0.494934
V 122.000 75.000 1.039 0.512598 0.494928
V 123.500 75.000 0.926 0.513286 0.494923
V 125.000 75.000 0.824 0.513974 0.494917
V 126.500 75.000 0.585 0.514663 0.494912
V 128.000 75.000 0.322 0.515351 0.494906
V 129.500 75.000 0.014 0.516040 0.494901
V 131.000 75.000 -0.378 0.516728 0.494895
V 132.500 75.000 -0.616 0.517416 0.494889
V 134.000 75.000 -0.828 0.518105 0.494884
V 135.500 75.000 -1.891 0.518793 0.494878
V 137.000 75.000 -2.868 0.519481 0.494873
V 140.000 75.000 -3.917 0.520858 0.494862
V 141.500 75.000 -4.206 0.521546 0.494856
V 143.000 75.000 -4.486 0.522235 0.494850
V 144.500 75.000 -4.925 0.522923 0.494845
V 146.000 75.000 -5.456 0.523612 0.494839
V 147.500 75.000 -5.971 0.524300 0.494834
V 149.000 75.000 -6.498 0.524988 0.494828
V 150.500 75.000 -6.925 0.525677 0.494823
V 152.000 75.000 -7.329 0.526365 0.494817
V 153.500 75.000 -7.599 0.527053 0.494811
V 155.000 75.000 -7.434 0.527742 0.494806
V 8.000 76.500 8.592 0.460287 0.496043
V 9.500 76.500 8.588 0.460976 0.496037
V 11.000 76.500 8.543 0.461664 0.496032
V 12.500 76.500 8.439 0.462353 0.496026
V 14.000 76.500 8.275 0.463041 0.496021
V 15.500 76.500 8.018 0.463729 0.496015
V 17.000 76.500 7.724 0.464418 0.496009
V 18.500 76.500 7.517 0.465106 0.496004
V 20.000 76.500 7.363 0.465794 0.495998
V 21.500 76.500 7.229 0.466483 0.495993
V 23.000 76.500 7.103 0.467171 0.495987
V 24.500 76.500 6.982 0.467859 0.495982
V 27.500 76.500 6.677 0.469236 0.495971
V 29.000 76.500 6.441 0.469925 0.495965
V 30.500 76.500 6.176 0.470613 0.495959
V 32.000 76.500 5.905 0.471301 0.495954
V 33.500 76.500 5.649 0.471990 0.495948
V 35.000 76.500 5.430 0.472678 0.495943
V 36.500 76.500 5.244 0.473366 0.495937
V 38.000 76.500 5.129 0.474055 0.495932
V 39.500 76.500 5.065 0.474743 0.495926
V 41.000 76.500 5.034 0.475431 0.495920
V 42.500 76.500 5.017 0.476120 0.495915
V 44.000 76.500 4.951 0.476808 0.495909
V 45.500 76.500 4.827 0.477497 0.495904
V 47.000 76.500 4.701 0.478185 0.495898
V 48.500 76.500 4.537 0.478873 0.495893
V 50.000 76.500 4.336 0.479562 0.495887
V 51.500 76.500 4.111 0.480250 0.495881
V 53.000 76.500 3.860 0.480938 0.495876
V 54.500 76.500 3.564 0.481627 0.495870
V 56.000 76.500 3.229 0.482315 0.495865
V 57.500 76.500 2.875 0.483004 0.495859
V 59.000 76.500 2.497 0.483692 0.495854
V 60.500 76.500 2.110 0.484380 0.495848
V 62.000 76.500 1.748 0.485069 0.495843
V 63.500 76.500 1.398 0.485757 0.495837
V 65.000 76.500 1.049 0.486445 0.495831
V 66.500 76.500 0.755 0.487134 0.495826
V 68.000 76.500 0.565 0.487822 0.495820
V 69.500 76.500 0.453 0.488510 0.495815
V 71.000 76.500 0.368 0.489199 0.495809
V 72.500 76.500 0.241 0.489887 0.495804
V 74.000 76.500 0.127 0.490576 0.495798
V 75.500 76.500 0.043 0.491264 0.495792
V 77.000 76.500 0.018 0.491952 0.495787
V 78.500 76.500 0.108 0.492641 0.495781
V 80.000 76.500 0.387 0.493329 0.495776
V 81.500 76.500 0.846 0.494017 0.495770
V 83.000 76.500 1.438 0.494706 0.495765
V 84.500 76.500 1.808 0.495394 0.495759
V 86.000 76.500 2.050 0.496082 0.495753
V 87.500 76.500 2.232 0.496771 0.495748
V 89.000 76.500 2.382 0.497459 0.495742
V 90.500 76.500 2.506 0.498148 0.495737
V 92.000 76.500 2.618 0.498836 0.495731
V 93.500 76.500 2.710 0.499524 0.495726
V 95.000 76.500 2.736 0.500213 0.495720
V 96.500 76.500 2.708 0.500901 0.495714
V 98.000 76.500 2.689 0.501589 0.495709
V 99.500 76.500 2.612 0.502278 0.495703
V 101.000 76.500 2.512 0.502966 0.495698
V 102.500 76.500 2.400 0.503655 0.495692
V 104.000 76.500 2.303 0.504343 0.495687
V 105.500 76.500 2.214 0.505031 0.495681
V 107.000 76.500 2.133 0.505720 0.495675
V 108.500 76.500 2.089 0.506408 0.495670
V 110.000 76.500 2.057 0.507096 0.495664
V 111.500 76.500 1.992 0.507785 0.495659
V 113.000 76.500 1.884 0.508473 0.495653
V 114.500 76.500 1.764 0.509161 0.495648
V 116.000 76.500 1.639 0.509850 0.495642
V 117.500 76.500 1.524 0.510538 0.495636
V 119.000 76.500 1.421 0.511227 0.495631
V 120.500 76.500 1.317 0.511915 0.495625
V 122.000 76.500 1.209 0.512603 0.495620
V 123.500 76.500 1.094 0.513292 0.495614
V 125.000 76.500 0.974 0.513980 0.495609
V 126.500 76.500 0.785 0.514668 0.495603
V 128.000 76.500 0.561 0.515357 0.495597
V 129.500 76.500 0.283 0.516045 0.495592
V 131.000 76.500 -0.066 0.516733 0.495586
V 132.500 76.500 -0.382 0.517422 0.495581
V 134.000 76.500 -1.210 0.518110 0.495575
V 135.500 76.500 -2.026 0.518799 0.495570
V 137.000 76.500 -2.761 0.519487 0.495564
V 138.500 76.500 -3.329 0.520175 0.495558
V 140.000 76.500 -3.617 0.520864 0.495553
V 141.500 76.500 -3.782 0.521552 0.495547
V 143.000 76.500 -3.953 0.522240 0.495542
V 144.500 76.500 -4.282 0.522929 0.495536
V 146.000 76.500 -4.659 0.523617 0.495531
V 147.500 76.500 -5.036 0.524305 0.495525
V 149.000 76.500 -5.485 0.524994 0.495519
V 150.500 76.500 -5.960 0.525682 0.495514
V 152.000 76.500 -6.436 0.526371 0.495508
V 153.500 76.500 -7.065 0.527059 0.495503
V 155.000 76.500 -7.494 0.527747 0.495497
V 156.500 76.500 -7.483 0.528436 0.495492
V 6.500 78.000 8.930 0.459605 0.496740
V 8.000 78.000 8.939 0.460293 0.496734
V 9.500 78.000 8.925 0.460981 0.496729
V 11.000 78.000 8.865 0.461670 0.496723
V 12.500 78.000 8.737 0.462358 0.496717
V 14.000 78.000 8.507 0.463046 0.496712
V 15.500 78.000 8.197 0.463735 0.496706
V 17.000 78.000 7.870 0.464423 0.496701
V 18.500 78.000 7.623 0.465112 0.496695
V 20.000 78.000 7.447 0.465800 0.496690
V 21.500 78.000 7.314 0.466488 0.496684
V 23.000 78.000 7.222 0.467177 0.496678
V 24.500 78.000 7.212 0.467865 0.496673
V 26.000 78.000 7.141 0.468553 0.496667
V 27.500 78.000 6.980 0.469242 0.496662
V 29.000 78.000 6.755 0.469930 0.496656
V 30.500 78.000 6.461 0.470618 0.496651
V 32.000 78.000 6.167 0.471307 0.496645
V 33.500 78.000 5.891 0.471995 0.496640
V 35.000 78.000 5.652 0.472684 0.496634
V 36.500 78.000 5.465 0.473372 0.496628
V 38.000 78.000 5.335 0.474060 0.496623
V 39.500 78.000 5.248 0.474749 0.496617
V 41.000 78.000 5.187 0.475437 0.496612
V 42.500 78.000 5.135 0.476125 0.496606
V 44.000 78.000 5.020 0.476814 0.496601
V 45.500 78.000 4.895 0.477502 0.496595
V 47.000 78.000 4.747 0.478190 0.496589
V 48.500 78.000 4.575 0.478879 0.496584
V 50.000 78.000 4.390 0.479567 0.496578
V 51.500 78.000 4.191 0.480256 0.496573
V 53.000 78.000 3.967 0.480944 0.496567
V 54.500 78.000 3.702 0.481632 0.496562
V 56.000 78.000 3.390 0.482321 0.496556
V 57.500 78.000 3.042 0.483009 0.496550
V 59.000 78.000 2.647 0.483697 0.496545
V 60.500 78.000 2.294 0.484386 0.496539
V 62.000 78.000 1.938 0.485074 0.496534
V 63.500 78.000 1.614 0.485763 0.496528
V 65.000 78.000 1.281 0.486451 0.496523
V 66.500 78.000 1.018 0.487139 0.496517
V 68.000 78.000 0.870 0.487828 0.496512
V 69.500 78.000 0.773 0.488516 0.496506
V 71.000 78.000 0.693 0.489204 0.496500
V 72.500 78.000 0.615 0.489893 0.496495
V 74.000 78.000 0.515 0.490581 0.496489
V 75.500 78.000 0.442 0.491269 0.496484
V 77.000 78.000 0.420 0.491958 0.496478
V 78.500 78.000 0.476 0.492646 0.496473
V 80.000 78.000 0.638 0.493335 0.496467
V 83.000 78.000 1.467 0.494711 0.496456
V 84.500 78.000 2.104 0.495400 0.496450
V 86.000 78.000 2.414 0.496088 0.496445
V 87.500 78.000 2.603 0.496776 0.496439
V 89.000 78.000 2.749 0.497465 0.496434
V 90.500 78.000 2.880 0.498153 0.496428
V 92.000 78.000 2.995 0.498841 0.496422
V 93.500 78.000 3.048 0.499530 0.496417
V 95.000 78.000 3.043 0.500218 0.496411
V 96.500 78.000 2.983 0.500907 0.496406
V 98.000 78.000 2.916 0.501595 0.496400
V 99.500 78.000 2.787 0.502283 0.496395
V 101.000 78.000 2.635 0.502972 0.496389
V 102.500 78.000 2.498 0.503660 0.496383
V 104.000 78.000 2.379 0.504348 0.496378
V 105.500 78.000 2.283 0.505037 0.496372
V 107.000 78.000 2.233 0.505725 0.496367
V 108.500 78.000 2.200 0.506414 0.496361
V 110.000 78.000 2.167 0.507102 0.496356
V 111.500 78.000 2.100 0.507790 0.496350
V 113.000 78.000 1.994 0.508479 0.496344
V 114.500 78.000 1.881 0.509167 0.496339
V 116.000 78.000 1.778 0.509855 0.496333
V 117.500 78.000 1.684 0.510544 0.496328
V 119.000 78.000 1.588 0.511232 0.496322
V 120.500 78.000 1.486 0.511920 0.496317
V 122.000 78.000 1.374 0.512609 0.496311
V 123.500 78.000 1.249 0.513297 0.496305
V 126.500 78.000 0.953 0.514674 0.496294
V 128.000 78.000 0.756 0.515362 0.496289
V 129.500 78.000 0.500 0.516051 0.496283
V 132.500 78.000 -0.267 0.517427 0.496272
V 134.000 78.000 -0.881 0.518116 0.496266
V 135.500 78.000 -1.593 0.518804 0.496261
V 137.000 78.000 -2.291 0.519492 0.496255
V 138.500 78.000 -2.820 0.520181 0.496250
V 140.000 78.000 -3.034 0.520869 0.496244
V 141.500 78.000 -3.167 0.521558 0.496239
V 143.000 78.000 -3.382 0.522246 0.496233
V 144.500 78.000 -3.682 0.522934 0.496227
V 146.000 78.000 -3.936 0.523623 0.496222
V 147.500 78.000 -4.249 0.524311 0.496216
V 149.000 78.000 -4.641 0.524999 0.496211
V 150.500 78.000 -5.078 0.525688 0.496205
V 152.000 78.000 -5.827 0.526376 0.496200
V 153.500 78.000 -6.605 0.527065 0.496194
V 155.000 78.000 -7.020 0.527753 0.496188
V 156.500 78.000 -7.427 0.528441 0.496183
V 158.000 78.000 -7.525 0.529130 0.496177
V 3.500 79.500 9.289 0.458233 0.497442
V 5.000 79.500 9.294 0.458922 0.497437
V 6.500 79.500 9.306 0.459610 0.497431
V 8.000 79.500 9.304 0.460299 0.497425
V 9.500 79.500 9.260 0.460987 0.497420
V 11.000 79.500 9.166 0.461675 0.497414
V 12.500 79.500 9.031 0.462364 0.497409
V 14.000 79.500 8.746 0.463052 0.497403
V 15.500 79.500 8.419 0.463740 0.497398
V 17.000 79.500 8.080 0.464429 0.497392
V 18.500 79.500 7.793 0.465117 0.497386
V 20.000 79.500 7.596 0.465805 0.497381
V 21.500 79.500 7.485 0.466494 0.497375
V 23.000 79.500 7.498 0.467182 0.497370
V 24.500 79.500 7.566 0.467871 0.497364
V 26.000 79.500 7.470 0.468559 0.497359
V 27.500 79.500 7.301 0.469247 0.497353
V 29.000 79.500 7.128 0.469936 0.497347
V 30.500 79.500 6.870 0.470624 0.497342
V 32.000 79.500 6.541 0.471312 0.497336
V 33.500 79.500 6.227 0.472001 0.497331
V 35.000 79.500 5.949 0.472689 0.497325
V 36.500 79.500 5.727 0.473377 0.497320
V 38.000 79.500 5.561 0.474066 0.497314
V 39.500 79.500 5.439 0.474754 0.497309
V 41.000 79.500 5.336 0.475443 0.497303
V 42.500 79.500 5.237 0.476131 0.497297
V 44.000 79.500 5.095 0.476819 0.497292
V 45.500 79.500 4.945 0.477508 0.497286
V 47.000 79.500 4.786 0.478196 0.497281
V 48.500 79.500 4.624 0.478884 0.497275
V 50.000 79.500 4.458 0.479573 0.497270
V 51.500 79.500 4.280 0.480261 0.497264
V 53.000 79.500 4.080 0.480950 0.497258
V 54.500 79.500 3.840 0.481638 0.497253
V 56.000 79.500 3.546 0.482326 0.497247
V 57.500 79.500 3.195 0.483015 0.497242
V 59.000 79.500 2.818 0.483703 0.497236
V 60.500 79.500 2.499 0.484391 0.497231
V 62.000 79.500 2.164 0.485080 0.497225
V 63.500 79.500 1.870 0.485768 0.497219
V 65.000 79.500 1.582 0.486456 0.497214
V 66.500 79.500 1.378 0.487145 0.497208
V 68.000 79.500 1.270 0.487833 0.497203
V 69.500 79.500 1.178 0.488522 0.497197
V 71.000 79.500 1.089 0.489210 0.497192
V 74.000 79.500 0.930 0.490587 0.497181
V 75.500 79.500 0.871 0.491275 0.497175
V 77.000 79.500 0.857 0.491963 0.497169
V 78.500 79.500 0.916 0.492652 0.497164
V 80.000 79.500 1.078 0.493340 0.497158
V 81.500 79.500 1.367 0.494028 0.497153
V 83.000 79.500 1.782 0.494717 0.497147
V 84.500 79.500 2.348 0.495405 0.497142
V 86.000 79.500 2.797 0.496094 0.497136
V 87.500 79.500 3.001 0.496782 0.497130
V 89.000 79.500 3.149 0.497470 0.497125
V 90.500 79.500 3.284 0.498159 0.497119
V 92.000 79.500 3.359 0.498847 0.497114
V 93.500 79.500 3.379 0.499535 0.497108
V 95.000 79.500 3.349 0.500224 0.497103
V 96.500 79.500 3.266 0.500912 0.497097
V 98.000 79.500 3.148 0.501601 0.497091
V 99.500 79.500 2.971 0.502289 0.497086
V 101.000 79.500 2.786 0.502977 0.497080
V 102.500 79.500 2.624 0.503666 0.497075
V 104.000 79.500 2.498 0.504354 0.497069
V 105.500 79.500 2.420 0.505042 0.497064
V 107.000 79.500 2.367 0.505731 0.497058
V 108.500 79.500 2.328 0.506419 0.497052
V 110.000 79.500 2.289 0.507107 0.497047
V 111.500 79.500 2.225 0.507796 0.497041
V 113.000 79.500 2.127 0.508484 0.497036
V 114.500 79.500 2.034 0.509173 0.497030
V 116.000 79.500 1.947 0.509861 0.497025
V 117.500 79.500 1.855 0.510549 0.497019
V 119.000 79.500 1.753 0.511238 0.497013
V 120.500 79.500 1.631 0.511926 0.497008
V 122.000 79.500 1.491 0.512614 0.497002
V 123.500 79.500 1.339 0.513303 0.496997
V 125.000 79.500 1.184 0.513991 0.496991
V 126.500 79.500 1.037 0.514679 0.496986
V 128.000 79.500 0.855 0.515368 0.496980
V 129.500 79.500 0.626 0.516056 0.496974
V 131.000 79.500 0.355 0.516745 0.496969
V 132.500 79.500 0.006 0.517433 0.496963
V 134.000 79.500 -0.474 0.518121 0.496958
V 135.500 79.500 -1.023 0.518810 0.496952
V 137.000 79.500 -1.661 0.519498 0.496947
V 138.500 79.500 -2.149 0.520186 0.496941
V 140.000 79.500 -2.331 0.520875 0.496935
V 141.500 79.500 -2.591 0.521563 0.496930
V 143.000 79.500 -2.961 0.522251 0.496924
V 144.500 79.500 -3.354 0.522940 0.496919
V 146.000 79.500 -3.613 0.523628 0.496913
V 147.500 79.500 -3.812 0.524317 0.496908
V 149.000 79.500 -4.129 0.525005 0.496902
V 150.500 79.500 -4.674 0.525693 0.496896
V 152.000 79.500 -5.780 0.526382 0.496891
V 153.500 79.500 -6.220 0.527070 0.496885
V 155.000 79.500 -6.575 0.527758 0.496880
V 156.500 79.500 -6.930 0.528447 0.496874
V 158.000 79.500 -7.327 0.529135 0.496869
V 159.500 79.500 -7.550 0.529824 0.496863
V 2.000 81.000 9.679 0.457551 0.498139
V 3.500 81.000 9.664 0.458239 0.498133
V 5.000 81.000 9.654 0.458927 0.498128
V 6.500 81.000 9.630 0.459616 0.498122
V 8.000 81.000 9.582 0.460304 0.498117
V 9.500 81.000 9.516 0.460992 0.498111
V 11.000 81.000 9.419 0.461681 0.498106
V 12.500 81.000 9.395 0.462369 0.498100
V 14.000 81.000 9.145 0.463058 0.498094
V 15.500 81.000 8.756 0.463746 0.498089
V 17.000 81.000 8.372 0.464434 0.498083
V 20.000 81.000 7.868 0.465811 0.498072
V 21.500 81.000 7.825 0.466499 0.498067
V 23.000 81.000 7.872 0.467188 0.498061
V 24.500 81.000 7.926 0.467876 0.498055
V 26.000 81.000 7.823 0.468564 0.498050
V 27.500 81.000 7.663 0.469253 0.498044
V 29.000 81.000 7.466 0.469941 0.498039
V 30.500 81.000 7.269 0.470630 0.498033
V 32.000 81.000 6.968 0.471318 0.498028
V 33.500 81.000 6.624 0.472006 0.498022
V 35.000 81.000 6.317 0.472695 0.498017
V 36.500 81.000 6.063 0.473383 0.498011
V 38.000 81.000 5.847 0.474071 0.498005
V 39.500 81.000 5.654 0.474760 0.498000
V 41.000 81.000 5.481 0.475448 0.497994
V 44.000 81.000 5.155 0.476825 0.497983
V 45.500 81.000 5.001 0.477513 0.497978
V 47.000 81.000 4.852 0.478202 0.497972
V 48.500 81.000 4.703 0.478890 0.497966
V 50.000 81.000 4.546 0.479578 0.497961
V 51.500 81.000 4.376 0.480267 0.497955
V 53.000 81.000 4.187 0.480955 0.497950
V 56.000 81.000 3.684 0.482332 0.497939
V 57.500 81.000 3.356 0.483020 0.497933
V 59.000 81.000 3.018 0.483709 0.497927
V 60.500 81.000 2.724 0.484397 0.497922
V 62.000 81.000 2.425 0.485085 0.497916
V 63.500 81.000 2.169 0.485774 0.497911
V 65.000 81.000 1.950 0.486462 0.497905
V 66.500 81.000 1.816 0.487150 0.497900
V 68.000 81.000 1.711 0.487839 0.497894
V 69.500 81.000 1.596 0.488527 0.497888
V 71.000 81.000 1.459 0.489215 0.497883
V 72.500 81.000 1.337 0.489904 0.497877
V 74.000 81.000 1.362 0.490592 0.497872
V 75.500 81.000 1.402 0.491281 0.497866
V 77.000 81.000 1.424 0.491969 0.497861
V 78.500 81.000 1.501 0.492657 0.497855
V 80.000 81.000 1.665 0.493346 0.497850
V 81.500 81.000 2.083 0.494034 0.497844
V 83.000 81.000 2.561 0.494722 0.497838
V 84.500 81.000 2.803 0.495411 0.497833
V 86.000 81.000 3.211 0.496099 0.497827
V 87.500 81.000 3.435 0.496787 0.497822
V 89.000 81.000 3.585 0.497476 0.497816
V 90.500 81.000 3.682 0.498164 0.497811
V 92.000 81.000 3.729 0.498853 0.497805
V 93.500 81.000 3.725 0.499541 0.497799
V 95.000 81.000 3.670 0.500229 0.497794
V 98.000 81.000 3.412 0.501606 0.497783
V 99.500 81.000 3.210 0.502294 0.497777
V 101.000 81.000 2.999 0.502983 0.497772
V 104.000 81.000 2.691 0.504360 0.497760
V 105.500 81.000 2.604 0.505048 0.497755
V 107.000 81.000 2.542 0.505736 0.497749
V 108.500 81.000 2.493 0.506425 0.497744
V 110.000 81.000 2.444 0.507113 0.497738
V 113.000 81.000 2.298 0.508490 0.497727
V 114.500 81.000 2.206 0.509178 0.497721
V 116.000 81.000 2.091 0.509866 0.497716
V 117.500 81.000 1.961 0.510555 0.497710
V 119.000 81.000 1.820 0.511243 0.497705
V 120.500 81.000 1.675 0.511932 0.497699
V 122.000 81.000 1.529 0.512620 0.497694
V 123.500 81.000 1.379 0.513308 0.497688
V 125.000 81.000 1.228 0.513997 0.497682
V 126.500 81.000 1.091 0.514685 0.497677
V 128.000 81.000 0.933 0.515373 0.497671
V 129.500 81.000 0.749 0.516062 0.497666
V 131.000 81.000 0.531 0.516750 0.497660
V 132.500 81.000 0.250 0.517438 0.497655
V 134.000 81.000 -0.149 0.518127 0.497649
V 135.500 81.000 -0.609 0.518815 0.497643
V 137.000 81.000 -1.060 0.519504 0.497638
V 138.500 81.000 -1.467 0.520192 0.497632
V 140.000 81.000 -1.815 0.520880 0.497627
V 141.500 81.000 -2.214 0.521569 0.497621
V 143.000 81.000 -2.629 0.522257 0.497616
V 144.500 81.000 -3.054 0.522945 0.497610
V 146.000 81.000 -3.446 0.523634 0.497604
V 147.500 81.000 -3.758 0.524322 0.497599
V 149.000 81.000 -4.090 0.525011 0.497593
V 150.500 81.000 -4.732 0.525699 0.497588
V 152.000 81.000 -5.550 0.526387 0.497582
V 153.500 81.000 -5.883 0.527076 0.497577
V 155.000 81.000 -6.153 0.527764 0.497571
V 156.500 81.000 -6.411 0.528452 0.497565
V 158.000 81.000 -6.652 0.529141 0.497560
V 159.500 81.000 -7.108 0.529829 0.497554
V 161.000 81.000 -7.545 0.530517 0.497549
V 0.500 82.500 10.022 0.456868 0.498836
V 2.000 82.500 10.027 0.457556 0.498830
V 3.500 82.500 9.973 0.458244 0.498825
V 5.000 82.500 9.933 0.458933 0.498819
V 6.500 82.500 9.885 0.459621 0.498813
V 8.000 82.500 9.823 0.460310 0.498808
V 9.500 82.500 9.746 0.460998 0.498802
V 11.000 82.500 9.667 0.461686 0.498797
V 12.500 82.500 9.703 0.462375 0.498791
V 14.000 82.500 9.535 0.463063 0.498786
V 15.500 82.500 9.166 0.463751 0.498780
V 17.000 82.500 8.742 0.464440 0.498775
V 18.500 82.500 8.335 0.465128 0.498769
V 20.000 82.500 8.203 0.465817 0.498763
V 21.500 82.500 8.187 0.466505 0.498758
V 23.000 82.500 8.228 0.467193 0.498752
V 24.500 82.500 8.265 0.467882 0.498747
V 26.000 82.500 8.172 0.468570 0.498741
V 27.500 82.500 8.028 0.469258 0.498736
V 29.000 82.500 7.833 0.469947 0.498730
V 30.500 82.500 7.604 0.470635 0.498724
V 32.000 82.500 7.365 0.471323 0.498719
V 33.500 82.500 7.026 0.472012 0.498713
V 35.000 82.500 6.706 0.472700 0.498708
V 36.500 82.500 6.435 0.473389 0.498702
V 38.000 82.500 6.177 0.474077 0.498697
V 39.500 82.500 5.907 0.474765 0.498691
V 41.000 82.500 5.633 0.475454 0.498686
V 42.500 82.500 5.386 0.476142 0.498680
V 44.000 82.500 5.200 0.476830 0.498674
V 45.500 82.500 5.050 0.477519 0.498669
V 47.000 82.500 4.908 0.478207 0.498663
V 48.500 82.500 4.762 0.478895 0.498658
V 50.000 82.500 4.606 0.479584 0.498652
V 51.500 82.500 4.437 0.480272 0.498647
V 53.000 82.500 4.264 0.480961 0.498641
V 54.500 82.500 4.080 0.481649 0.498635
V 56.000 82.500 3.822 0.482337 0.498630
V 57.500 82.500 3.533 0.483026 0.498624
V 59.000 82.500 3.242 0.483714 0.498619
V 60.500 82.500 2.977 0.484402 0.498613
V 62.000 82.500 2.729 0.485091 0.498608
V 63.500 82.500 2.523 0.485779 0.498602
V 66.500 82.500 2.247 0.487156 0.498591
V 68.000 82.500 2.103 0.487844 0.498585
V 69.500 82.500 1.950 0.488533 0.498580
V 71.000 82.500 1.795 0.489221 0.498574
V 72.500 82.500 1.652 0.489909 0.498569
V 74.000 82.500 1.663 0.490598 0.498563
V 75.500 82.500 1.854 0.491286 0.498557
V 77.000 82.500 1.984 0.491974 0.498552
V 78.500 82.500 2.101 0.492663 0.498546
V 80.000 82.500 2.293 0.493351 0.498541
V 81.500 82.500 2.912 0.494040 0.498535
V 83.000 82.500 3.354 0.494728 0.498530
V 84.500 82.500 3.587 0.495416 0.498524
V 86.000 82.500 3.760 0.496105 0.498519
V 89.000 82.500 4.031 0.497481 0.498507
V 90.500 82.500 4.102 0.498170 0.498502
V 92.000 82.500 4.123 0.498858 0.498496
V 93.500 82.500 4.095 0.499546 0.498491
V 95.000 82.500 4.019 0.500235 0.498485
V 96.500 82.500 3.897 0.500923 0.498480
V 98.000 82.500 3.751 0.501612 0.498474
V 99.500 82.500 3.580 0.502300 0.498468
V 101.000 82.500 3.348 0.502988 0.498463
V 102.500 82.500 3.123 0.503677 0.498457
V 104.000 82.500 2.945 0.504365 0.498452
V 105.500 82.500 2.847 0.505053 0.498446
V 107.000 82.500 2.778 0.505742 0.498441
V 108.500 82.500 2.720 0.506430 0.498435
V 110.000 82.500 2.661 0.507119 0.498429
V 111.500 82.500 2.583 0.507807 0.498424
V 113.000 82.500 2.496 0.508495 0.498418
V 114.500 82.500 2.365 0.509184 0.498413
V 116.000 82.500 2.206 0.509872 0.498407
V 117.500 82.500 2.041 0.510560 0.498402
V 119.000 82.500 1.877 0.511249 0.498396
V 120.500 82.500 1.718 0.511937 0.498390
V 122.000 82.500 1.570 0.512625 0.498385
V 123.500 82.500 1.431 0.513314 0.498379
V 125.000 82.500 1.296 0.514002 0.498374
V 126.500 82.500 1.169 0.514691 0.498368
V 128.000 82.500 1.030 0.515379 0.498363
V 129.500 82.500 0.872 0.516067 0.498357
V 131.000 82.500 0.688 0.516756 0.498351
V 132.500 82.500 0.457 0.517444 0.498346
V 134.000 82.500 0.145 0.518132 0.498340
V 135.500 82.500 -0.235 0.518821 0.498335
V 137.000 82.500 -0.596 0.519509 0.498329
V 138.500 82.500 -0.919 0.520197 0.498324
V 140.000 82.500 -1.273 0.520886 0.498318
V 141.500 82.500 -1.697 0.521574 0.498312
V 143.000 82.500 -2.149 0.522263 0.498307
V 144.500 82.500 -2.620 0.522951 0.498301
V 146.000 82.500 -3.166 0.523639 0.498296
V 147.500 82.500 -3.826 0.524328 0.498290
V 149.000 82.500 -4.417 0.525016 0.498285
V 150.500 82.500 -4.889 0.525704 0.498279
V 152.000 82.500 -5.329 0.526393 0.498273
V 153.500 82.500 -5.534 0.527081 0.498268
V 155.000 82.500 -5.524 0.527770 0.498262
V 156.500 82.500 -5.532 0.528458 0.498257
V 158.000 82.500 -5.864 0.529146 0.498251
V 159.500 82.500 -6.369 0.529835 0.498245
V 161.000 82.500 -6.910 0.530523 0.498240
V 162.500 82.500 -7.503 0.531211 0.498234
V -1.000 84.000 10.619 0.456185 0.499533
V 0.500 84.000 10.359 0.456873 0.499527
V 2.000 84.000 10.356 0.457562 0.499521
V 3.500 84.000 10.284 0.458250 0.499516
V 5.000 84.000 10.211 0.458938 0.499510
V 6.500 84.000 10.129 0.459627 0.499505
V 8.000 84.000 10.044 0.460315 0.499499
V 9.500 84.000 9.958 0.461003 0.499494
V 11.000 84.000 9.925 0.461692 0.499488
V 12.500 84.000 9.962 0.462380 0.499482
V 15.500 84.000 9.481 0.463757 0.499471
V 17.000 84.000 9.032 0.464445 0.499466
V 18.500 84.000 8.601 0.465134 0.499460
V 20.000 84.000 8.486 0.465822 0.499455
V 21.500 84.000 8.505 0.466510 0.499449
V 23.000 84.000 8.545 0.467199 0.499444
V 24.500 84.000 8.558 0.467887 0.499438
V 26.000 84.000 8.488 0.468576 0.499432
V 27.500 84.000 8.359 0.469264 0.499427
V 29.000 84.000 8.176 0.469952 0.499421
V 30.500 84.000 7.945 0.470641 0.499416
V 32.000 84.000 7.677 0.471329 0.499410
V 33.500 84.000 7.382 0.472017 0.499405
V 35.000 84.000 7.067 0.472706 0.499399
V 36.500 84.000 6.756 0.473394 0.499393
V 38.000 84.000 6.419 0.474082 0.499388
V 39.500 84.000 6.082 0.474771 0.499382
V 41.000 84.000 5.757 0.475459 0.499377
V 42.500 84.000 5.465 0.476148 0.499371
V 44.000 84.000 5.232 0.476836 0.499366
V 45.500 84.000 5.052 0.477524 0.499360
V 47.000 84.000 4.897 0.478213 0.499355
V 48.500 84.000 4.747 0.478901 0.499349
V 50.000 84.000 4.598 0.479589 0.499343
V 51.500 84.000 4.463 0.480278 0.499338
V 53.000 84.000 4.347 0.480966 0.499332
V 54.500 84.000 4.190 0.481655 0.499327
V 56.000 84.000 3.965 0.482343 0.499321
V 57.500 84.000 3.718 0.483031 0.499316
V 60.500 84.000 3.278 0.484408 0.499304
V 62.000 84.000 3.084 0.485096 0.499299
V 63.500 84.000 2.927 0.485785 0.499293
V 65.000 84.000 2.833 0.486473 0.499288
V 66.500 84.000 2.785 0.487161 0.499282
V 68.000 84.000 2.638 0.487850 0.499277
V 69.500 84.000 2.453 0.488538 0.499271
V 71.000 84.000 2.250 0.489227 0.499265
V 72.500 84.000 2.004 0.489915 0.499260
V 74.000 84.000 1.963 0.490603 0.499254
V 75.500 84.000 2.145 0.491292 0.499249
V 77.000 84.000 2.423 0.491980 0.499243
V 78.500 84.000 2.633 0.492668 0.499238
V 80.000 84.000 3.002 0.493357 0.499232
V 81.500 84.000 3.656 0.494045 0.499226
V 84.500 84.000 4.176 0.495422 0.499215
V 86.000 84.000 4.257 0.496110 0.499210
V 87.500 84.000 4.349 0.496799 0.499204
V 89.000 84.000 4.445 0.497487 0.499199
V 90.500 84.000 4.500 0.498175 0.499193
V 92.000 84.000 4.505 0.498864 0.499187
V 93.500 84.000 4.462 0.499552 0.499182
V 95.000 84.000 4.374 0.500240 0.499176
V 96.500 84.000 4.247 0.500929 0.499171
V 98.000 84.000 4.099 0.501617 0.499165
V 99.500 84.000 3.965 0.502306 0.499160
V 101.000 84.000 3.757 0.502994 0.499154
V 102.500 84.000 3.512 0.503682 0.499149
V 104.000 84.000 3.295 0.504371 0.499143
V 105.500 84.000 3.135 0.505059 0.499137
V 107.000 84.000 3.051 0.505747 0.499132
V 108.500 84.000 2.987 0.506436 0.499126
V 110.000 84.000 2.919 0.507124 0.499121
V 111.500 84.000 2.819 0.507812 0.499115
V 113.000 84.000 2.720 0.508501 0.499110
V 114.500 84.000 2.633 0.509189 0.499104
V 116.000 84.000 2.499 0.509878 0.499098
V 117.500 84.000 2.301 0.510566 0.499093
V 119.000 84.000 2.098 0.511254 0.499087
V 120.500 84.000 1.902 0.511943 0.499082
V 122.000 84.000 1.721 0.512631 0.499076
V 123.500 84.000 1.559 0.513319 0.499071
V 125.000 84.000 1.416 0.514008 0.499065
V 126.500 84.000 1.280 0.514696 0.499059
V 128.000 84.000 1.140 0.515384 0.499054
V 129.500 84.000 0.989 0.516073 0.499048
V 131.000 84.000 0.821 0.516761 0.499043
V 132.500 84.000 0.627 0.517450 0.499037
V 134.000 84.000 0.378 0.518138 0.499032
V 135.500 84.000 0.072 0.518826 0.499026
V 137.000 84.000 -0.209 0.519515 0.499020
V 138.500 84.000 -0.471 0.520203 0.499015
V 140.000 84.000 -0.760 0.520891 0.499009
V 141.500 84.000 -1.121 0.521580 0.499004
V 143.000 84.000 -1.576 0.522268 0.498998
V 144.500 84.000 -2.107 0.522957 0.498992
V 146.000 84.000 -2.730 0.523645 0.498987
V 147.500 84.000 -3.473 0.524333 0.498981
V 149.000 84.000 -4.246 0.525022 0.498976
V 150.500 84.000 -4.802 0.525710 0.498970
V 152.000 84.000 -4.895 0.526398 0.498965
V 153.500 84.000 -4.744 0.527087 0.498959
V 155.000 84.000 -4.614 0.527775 0.498953
V 156.500 84.000 -4.694 0.528463 0.498948
V 158.000 84.000 -5.085 0.529152 0.498942
V 159.500 84.000 -5.631 0.529840 0.498937
V 161.000 84.000 -6.143 0.530529 0.498931
V 162.500 84.000 -6.786 0.531217 0.498926
V -1.000 85.500 10.908 0.456190 0.500224
V 0.500 85.500 10.809 0.456879 0.500218
V 2.000 85.500 10.695 0.457567 0.500213
V 5.000 85.500 10.482 0.458944 0.500202
V 6.500 85.500 10.366 0.459632 0.500196
V 8.000 85.500 10.265 0.460321 0.500190
V 9.500 85.500 10.173 0.461009 0.500185
V 11.000 85.500 10.189 0.461697 0.500179
V 12.500 85.500 10.192 0.462386 0.500174
V 14.000 85.500 10.028 0.463074 0.500168
V 15.500 85.500 9.711 0.463763 0.500163
V 17.000 85.500 9.278 0.464451 0.500157
V 18.500 85.500 8.859 0.465139 0.500152
V 20.000 85.500 8.744 0.465828 0.500146
V 21.500 85.500 8.767 0.466516 0.500140
V 23.000 85.500 8.794 0.467204 0.500135
V 24.500 85.500 8.778 0.467893 0.500129
V 26.000 85.500 8.705 0.468581 0.500124
V 27.500 85.500 8.588 0.469269 0.500118
V 29.000 85.500 8.415 0.469958 0.500113
V 30.500 85.500 8.195 0.470646 0.500107
V 32.000 85.500 7.935 0.471335 0.500101
V 35.000 85.500 7.321 0.472711 0.500090
V 36.500 85.500 6.974 0.473400 0.500085
V 38.000 85.500 6.617 0.474088 0.500079
V 39.500 85.500 6.259 0.474776 0.500074
V 41.000 85.500 5.913 0.475465 0.500068
V 42.500 85.500 5.592 0.476153 0.500062
V 44.000 85.500 5.320 0.476841 0.500057
V 45.500 85.500 5.109 0.477530 0.500051
V 47.000 85.500 4.936 0.478218 0.500046
V 48.500 85.500 4.777 0.478907 0.500040
V 50.000 85.500 4.646 0.479595 0.500035
V 51.500 85.500 4.537 0.480283 0.500029
V 53.000 85.500 4.431 0.480972 0.500024
V 54.500 85.500 4.295 0.481660 0.500018
V 56.000 85.500 4.105 0.482348 0.500012
V 57.500 85.500 3.915 0.483037 0.500007
V 59.000 85.500 3.746 0.483725 0.500001
V 60.500 85.500 3.588 0.484414 0.499996
V 62.000 85.500 3.440 0.485102 0.499990
V 63.500 85.500 3.310 0.485790 0.499985
V 65.000 85.500 3.248 0.486479 0.499979
V 66.500 85.500 3.242 0.487167 0.499973
V 68.000 85.500 3.159 0.487855 0.499968
V 69.500 85.500 2.961 0.488544 0.499962
V 71.000 85.500 2.554 0.489232 0.499957
V 72.500 85.500 2.285 0.489920 0.499951
V 74.000 85.500 2.202 0.490609 0.499946
V 75.500 85.500 2.345 0.491297 0.499940
V 77.000 85.500 2.678 0.491986 0.499934
V 78.500 85.500 3.029 0.492674 0.499929
V 80.000 85.500 3.559 0.493362 0.499923
V 81.500 85.500 4.021 0.494051 0.499918
V 83.000 85.500 4.391 0.494739 0.499912
V 84.500 85.500 4.620 0.495427 0.499907
V 86.000 85.500 4.671 0.496116 0.499901
V 87.500 85.500 4.719 0.496804 0.499895
V 89.000 85.500 4.801 0.497492 0.499890
V 90.500 85.500 4.835 0.498181 0.499884
V 92.000 85.500 4.839 0.498869 0.499879
V 93.500 85.500 4.798 0.499558 0.499873
V 95.000 85.500 4.712 0.500246 0.499868
V 96.500 85.500 4.592 0.500934 0.499862
V 98.000 85.500 4.458 0.501623 0.499856
V 99.500 85.500 4.313 0.502311 0.499851
V 101.000 85.500 4.163 0.502999 0.499845
V 102.500 85.500 3.932 0.503688 0.499840
V 104.000 85.500 3.711 0.504376 0.499834
V 105.500 85.500 3.507 0.505065 0.499829
V 107.000 85.500 3.353 0.505753 0.499823
V 108.500 85.500 3.270 0.506441 0.499817
V 110.000 85.500 3.191 0.507130 0.499812
V 111.500 85.500 3.075 0.507818 0.499806
V 113.000 85.500 2.965 0.508506 0.499801
V 114.500 85.500 2.873 0.509195 0.499795
V 116.000 85.500 2.773 0.509883 0.499790
V 117.500 85.500 2.634 0.510571 0.499784
V 119.000 85.500 2.429 0.511260 0.499778
V 120.500 85.500 2.208 0.511948 0.499773
V 122.000 85.500 1.995 0.512637 0.499767
V 123.500 85.500 1.788 0.513325 0.499762
V 125.000 85.500 1.591 0.514013 0.499756
V 126.500 85.500 1.421 0.514702 0.499751
V 128.000 85.500 1.271 0.515390 0.499745
V 129.500 85.500 1.115 0.516078 0.499739
V 131.000 85.500 0.946 0.516767 0.499734
V 132.500 85.500 0.760 0.517455 0.499728
V 134.000 85.500 0.552 0.518143 0.499723
V 135.500 85.500 0.306 0.518832 0.499717
V 137.000 85.500 0.081 0.519520 0.499712
V 138.500 85.500 -0.160 0.520209 0.499706
V 140.000 85.500 -0.445 0.520897 0.499700
V 141.500 85.500 -0.794 0.521585 0.499695
V 143.000 85.500 -1.226 0.522274 0.499689
V 146.000 85.500 -2.507 0.523650 0.499678
V 147.500 85.500 -3.412 0.524339 0.499673
V 149.000 85.500 -4.123 0.525027 0.499667
V 150.500 85.500 -4.458 0.525716 0.499661
V 152.000 85.500 -4.482 0.526404 0.499656
V 153.500 85.500 -4.124 0.527092 0.499650
V 155.000 85.500 -3.911 0.527781 0.499645
V 156.500 85.500 -4.009 0.528469 0.499639
V 158.000 85.500 -4.363 0.529157 0.499634
V 159.500 85.500 -4.912 0.529846 0.499628
V 161.000 85.500 -5.426 0.530534 0.499622
V 162.500 85.500 -6.160 0.531222 0.499617
V -2.500 87.000 11.445 0.455508 0.500921
V -1.000 87.000 11.210 0.456196 0.500915
V 0.500 87.000 11.080 0.456884 0.500910
V 2.000 87.000 11.022 0.457573 0.500904
V 3.500 87.000 10.938 0.458261 0.500898
V 5.000 87.000 10.787 0.458949 0.500893
V 6.500 87.000 10.630 0.459638 0.500887
V 8.000 87.000 10.508 0.460326 0.500882
V 9.500 87.000 10.420 0.461015 0.500876
V 11.000 87.000 10.435 0.461703 0.500871
V 12.500 87.000 10.376 0.462391 0.500865
V 14.000 87.000 10.201 0.463080 0.500859
V 15.500 87.000 9.916 0.463768 0.500854
V 17.000 87.000 9.518 0.464456 0.500848
V 18.500 87.000 9.117 0.465145 0.500843
V 20.000 87.000 9.000 0.465833 0.500837
V 21.500 87.000 8.995 0.466522 0.500832
V 23.000 87.000 8.976 0.467210 0.500826
V 24.500 87.000 8.925 0.467898 0.500821
V 26.000 87.000 8.816 0.468587 0.500815
V 27.500 87.000 8.674 0.469275 0.500809
V 29.000 87.000 8.501 0.469963 0.500804
V 30.500 87.000 8.285 0.470652 0.500798
V 32.000 87.000 8.051 0.471340 0.500793
V 33.500 87.000 7.795 0.472028 0.500787
V 35.000 87.000 7.485 0.472717 0.500782
V 36.500 87.000 7.157 0.473405 0.500776
V 38.000 87.000 6.815 0.474094 0.500770
V 39.500 87.000 6.467 0.474782 0.500765
V 41.000 87.000 6.125 0.475470 0.500759
V 42.500 87.000 5.798 0.476159 0.500754
V 44.000 87.000 5.504 0.476847 0.500748
V 45.500 87.000 5.265 0.477535 0.500743
V 47.000 87.000 5.067 0.478224 0.500737
V 48.500 87.000 4.903 0.478912 0.500731
V 50.000 87.000 4.763 0.479600 0.500726
V 51.500 87.000 4.639 0.480289 0.500720
V 53.000 87.000 4.520 0.480977 0.500715
V 56.000 87.000 4.250 0.482354 0.500704
V 57.500 87.000 4.118 0.483042 0.500698
V 59.000 87.000 3.992 0.483731 0.500693
V 60.500 87.000 3.868 0.484419 0.500687
V 62.000 87.000 3.747 0.485107 0.500681
V 63.500 87.000 3.635 0.485796 0.500676
V 65.000 87.000 3.592 0.486484 0.500670
V 66.500 87.000 3.517 0.487173 0.500665
V 68.000 87.000 3.363 0.487861 0.500659
V 69.500 87.000 3.102 0.488549 0.500654
V 71.000 87.000 2.648 0.489238 0.500648
V 72.500 87.000 2.478 0.489926 0.500642
V 74.000 87.000 2.399 0.490614 0.500637
V 75.500 87.000 2.455 0.491303 0.500631
V 77.000 87.000 2.756 0.491991 0.500626
V 80.000 87.000 3.659 0.493368 0.500615
V 81.500 87.000 4.083 0.494056 0.500609
V 83.000 87.000 4.479 0.494745 0.500603
V 84.500 87.000 4.815 0.495433 0.500598
V 86.000 87.000 4.988 0.496121 0.500592
V 87.500 87.000 5.018 0.496810 0.500587
V 89.000 87.000 5.089 0.497498 0.500581
V 90.500 87.000 5.113 0.498186 0.500576
V 92.000 87.000 5.107 0.498875 0.500570
V 93.500 87.000 5.076 0.499563 0.500564
V 95.000 87.000 5.008 0.500252 0.500559
V 96.500 87.000 4.910 0.500940 0.500553
V 98.000 87.000 4.797 0.501628 0.500548
V 99.500 87.000 4.663 0.502317 0.500542
V 101.000 87.000 4.511 0.503005 0.500537
V 102.500 87.000 4.333 0.503693 0.500531
V 104.000 87.000 4.136 0.504382 0.500525
V 105.500 87.000 3.929 0.505070 0.500520
V 107.000 87.000 3.725 0.505758 0.500514
V 108.500 87.000 3.565 0.506447 0.500509
V 110.000 87.000 3.467 0.507135 0.500503
V 111.500 87.000 3.340 0.507824 0.500498
V 113.000 87.000 3.225 0.508512 0.500492
V 114.500 87.000 3.123 0.509200 0.500486
V 116.000 87.000 3.018 0.509889 0.500481
V 117.500 87.000 2.899 0.510577 0.500475
V 119.000 87.000 2.748 0.511265 0.500470
V 120.500 87.000 2.532 0.511954 0.500464
V 122.000 87.000 2.301 0.512642 0.500459
V 123.500 87.000 2.069 0.513330 0.500453
V 125.000 87.000 1.838 0.514019 0.500447
V 126.500 87.000 1.611 0.514707 0.500442
V 128.000 87.000 1.409 0.515396 0.500436
V 129.500 87.000 1.236 0.516084 0.500431
V 131.000 87.000 1.064 0.516772 0.500425
V 132.500 87.000 0.878 0.517461 0.500420
V 134.000 87.000 0.673 0.518149 0.500414
V 135.500 87.000 0.444 0.518837 0.500408
V 137.000 87.000 0.203 0.519526 0.500403
V 138.500 87.000 -0.052 0.520214 0.500397
V 140.000 87.000 -0.345 0.520903 0.500392
V 141.500 87.000 -0.696 0.521591 0.500386
V 143.000 87.000 -1.126 0.522279 0.500381
V 144.500 87.000 -1.743 0.522968 0.500375
V 146.000 87.000 -2.563 0.523656 0.500369
V 147.500 87.000 -3.342 0.524344 0.500364
V 149.000 87.000 -3.744 0.525033 0.500358
V 150.500 87.000 -3.955 0.525721 0.500353
V 152.000 87.000 -3.990 0.526409 0.500347
V 153.500 87.000 -3.559 0.527098 0.500342
V 155.000 87.000 -3.392 0.527786 0.500336
V 156.500 87.000 -3.527 0.528475 0.500330
V 158.000 87.000 -3.835 0.529163 0.500325
V 159.500 87.000 -4.267 0.529851 0.500319
V 161.000 87.000 -4.808 0.530540 0.500314
V 162.500 87.000 -5.605 0.531228 0.500308
V -2.500 88.500 11.531 0.455513 0.501612
V -1.000 88.500 11.400 0.456202 0.501606
V 0.500 88.500 11.375 0.456890 0.501601
V 2.000 88.500 11.384 0.457578 0.501595
V 3.500 88.500 11.316 0.458267 0.501590
V 5.000 88.500 11.152 0.458955 0.501584
V 6.500 88.500 10.957 0.459643 0.501579
V 8.000 88.500 10.797 0.460332 0.501573
V 9.500 88.500 10.701 0.461020 0.501567
V 11.000 88.500 10.641 0.461708 0.501562
V 12.500 88.500 10.557 0.462397 0.501556
V 14.000 88.500 10.384 0.463085 0.501551
V 15.500 88.500 10.103 0.463774 0.501545
V 17.000 88.500 9.757 0.464462 0.501540
V 18.500 88.500 9.385 0.465150 0.501534
V 20.000 88.500 9.254 0.465839 0.501528
V 21.500 88.500 9.181 0.466527 0.501523
V 23.000 88.500 9.105 0.467215 0.501517
V 24.500 88.500 9.028 0.467904 0.501512
V 26.000 88.500 8.916 0.468592 0.501506
V 27.500 88.500 8.738 0.469281 0.501501
V 29.000 88.500 8.548 0.469969 0.501495
V 30.500 88.500 8.347 0.470657 0.501490
V 32.000 88.500 8.144 0.471346 0.501484
V 33.500 88.500 7.872 0.472034 0.501478
V 35.000 88.500 7.579 0.472722 0.501473
V 36.500 88.500 7.278 0.473411 0.501467
V 38.000 88.500 6.959 0.474099 0.501462
V 39.500 88.500 6.638 0.474787 0.501456
V 41.000 88.500 6.326 0.475476 0.501451
V 42.500 88.500 6.037 0.476164 0.501445
V 44.000 88.500 5.786 0.476853 0.501439
V 45.500 88.500 5.541 0.477541 0.501434
V 47.000 88.500 5.305 0.478229 0.501428
V 48.500 88.500 5.117 0.478918 0.501423
V 50.000 88.500 4.950 0.479606 0.501417
V 51.500 88.500 4.795 0.480294 0.501412
V 53.000 88.500 4.644 0.480983 0.501406
V 54.500 88.500 4.494 0.481671 0.501400
V 56.000 88.500 4.355 0.482359 0.501395
V 57.500 88.500 4.252 0.483048 0.501389
V 59.000 88.500 4.160 0.483736 0.501384
V 60.500 88.500 4.071 0.484425 0.501378
V 62.000 88.500 3.979 0.485113 0.501373
V 65.000 88.500 3.723 0.486490 0.501362
V 66.500 88.500 3.540 0.487178 0.501356
V 68.000 88.500 3.341 0.487866 0.501350
V 69.500 88.500 3.087 0.488555 0.501345
V 71.000 88.500 2.778 0.489243 0.501339
V 72.500 88.500 2.601 0.489932 0.501334
V 74.000 88.500 2.528 0.490620 0.501328
V 75.500 88.500 2.583 0.491308 0.501323
V 77.000 88.500 2.788 0.491997 0.501317
V 78.500 88.500 3.234 0.492685 0.501311
V 80.000 88.500 3.789 0.493373 0.501306
V 81.500 88.500 4.201 0.494062 0.501300
V 83.000 88.500 4.573 0.494750 0.501295
V 84.500 88.500 4.882 0.495438 0.501289
V 86.000 88.500 5.115 0.496127 0.501284
V 89.000 88.500 5.311 0.497504 0.501272
V 90.500 88.500 5.335 0.498192 0.501267
V 92.000 88.500 5.328 0.498880 0.501261
V 93.500 88.500 5.294 0.499569 0.501256
V 96.500 88.500 5.169 0.500945 0.501245
V 98.000 88.500 5.071 0.501634 0.501239
V 99.500 88.500 4.948 0.502322 0.501233
V 101.000 88.500 4.805 0.503011 0.501228
V 102.500 88.500 4.656 0.503699 0.501222
V 104.000 88.500 4.476 0.504387 0.501217
V 105.500 88.500 4.283 0.505076 0.501211
V 107.000 88.500 4.088 0.505764 0.501206
V 108.500 88.500 3.900 0.506452 0.501200
V 110.000 88.500 3.736 0.507141 0.501194
V 111.500 88.500 3.605 0.507829 0.501189
V 113.000 88.500 3.487 0.508517 0.501183
V 114.500 88.500 3.375 0.509206 0.501178
V 116.000 88.500 3.261 0.509894 0.501172
V 117.500 88.500 3.136 0.510583 0.501167
V 119.000 88.500 2.994 0.511271 0.501161
V 120.500 88.500 2.824 0.511959 0.501155
V 122.000 88.500 2.597 0.512648 0.501150
V 123.500 88.500 2.359 0.513336 0.501144
V 125.000 88.500 2.113 0.514024 0.501139
V 126.500 88.500 1.858 0.514713 0.501133
V 128.000 88.500 1.599 0.515401 0.501128
V 129.500 88.500 1.361 0.516089 0.501122
V 131.000 88.500 1.157 0.516778 0.501116
V 132.500 88.500 0.958 0.517466 0.501111
V 134.000 88.500 0.742 0.518155 0.501105
V 135.500 88.500 0.518 0.518843 0.501100
V 137.000 88.500 0.260 0.519531 0.501094
V 138.500 88.500 -0.034 0.520220 0.501089
V 140.000 88.500 -0.335 0.520908 0.501083
V 141.500 88.500 -0.688 0.521596 0.501077
V 143.000 88.500 -1.181 0.522285 0.501072
V 144.500 88.500 -1.884 0.522973 0.501066
V 146.000 88.500 -2.580 0.523662 0.501061
V 147.500 88.500 -3.004 0.524350 0.501055
V 149.000 88.500 -3.242 0.525038 0.501050
V 150.500 88.500 -3.378 0.525727 0.501044
V 152.000 88.500 -3.409 0.526415 0.501038
V 153.500 88.500 -3.064 0.527103 0.501033
V 155.000 88.500 -3.028 0.527792 0.501027
V 156.500 88.500 -3.201 0.528480 0.501022
V 158.000 88.500 -3.432 0.529168 0.501016
V 159.500 88.500 -3.747 0.529857 0.501011
V 161.000 88.500 -4.293 0.530545 0.501005
V 162.500 88.500 -5.026 0.531234 0.500999
V -2.500 90.000 11.555 0.455519 0.502303
V -1.000 90.000 11.578 0.456207 0.502298
V 0.500 90.000 11.697 0.456895 0.502292
V 2.000 90.000 11.793 0.457584 0.502287
V 3.500 90.000 11.746 0.458272 0.502281
V 5.000 90.000 11.575 0.458961 0.502275
V 6.500 90.000 11.379 0.459649 0.502270
V 8.000 90.000 11.194 0.460337 0.502264
V 9.500 90.000 11.028 0.461026 0.502259
V 11.000 90.000 10.937 0.461714 0.502253
V 12.500 90.000 10.815 0.462402 0.502248
V 15.500 90.000 10.325 0.463779 0.502236
V 17.000 90.000 9.996 0.464467 0.502231
V 18.500 90.000 9.673 0.465156 0.502225
V 20.000 90.000 9.487 0.465844 0.502220
V 21.500 90.000 9.335 0.466533 0.502214
V 23.000 90.000 9.215 0.467221 0.502209
V 24.500 90.000 9.118 0.467909 0.502203
V 26.000 90.000 9.015 0.468598 0.502198
V 27.500 90.000 8.837 0.469286 0.502192
V 29.000 90.000 8.632 0.469974 0.502186
V 30.500 90.000 8.441 0.470663 0.502181
V 32.000 90.000 8.196 0.471351 0.502175
V 33.500 90.000 7.920 0.472040 0.502170
V 35.000 90.000 7.652 0.472728 0.502164
V 36.500 90.000 7.389 0.473416 0.502159
V 38.000 90.000 7.109 0.474105 0.502153
V 39.500 90.000 6.829 0.474793 0.502147
V 41.000 90.000 6.574 0.475481 0.502142
V 42.500 90.000 6.388 0.476170 0.502136
V 44.000 90.000 6.245 0.476858 0.502131
V 45.500 90.000 5.968 0.477546 0.502125
V 47.000 90.000 5.588 0.478235 0.502120
V 48.500 90.000 5.334 0.478923 0.502114
V 50.000 90.000 5.126 0.479612 0.502108
V 51.500 90.000 4.937 0.480300 0.502103
V 53.000 90.000 4.754 0.480988 0.502097
V 54.500 90.000 4.583 0.481677 0.502092
V 56.000 90.000 4.439 0.482365 0.502086
V 57.500 90.000 4.318 0.483053 0.502081
V 59.000 90.000 4.241 0.483742 0.502075
V 60.500 90.000 4.177 0.484430 0.502069
V 62.000 90.000 4.120 0.485119 0.502064
V 63.500 90.000 4.060 0.485807 0.502058
V 65.000 90.000 3.919 0.486495 0.502053
V 66.500 90.000 3.675 0.487184 0.502047
V 68.000 90.000 3.400 0.487872 0.502042
V 71.000 90.000 2.884 0.489249 0.502031
V 72.500 90.000 2.722 0.489937 0.502025
V 74.000 90.000 2.656 0.490625 0.502019
V 75.500 90.000 2.708 0.491314 0.502014
V 77.000 90.000 2.901 0.492002 0.502008
V 78.500 90.000 3.253 0.492691 0.502003
V 80.000 90.000 3.855 0.493379 0.501997
V 81.500 90.000 4.371 0.494067 0.501992
V 83.000 90.000 4.750 0.494756 0.501986
V 84.500 90.000 5.069 0.495444 0.501980
V 86.000 90.000 5.305 0.496132 0.501975
V 87.500 90.000 5.429 0.496821 0.501969
V 89.000 90.000 5.463 0.497509 0.501964
V 90.500 90.000 5.479 0.498197 0.501958
V 92.000 90.000 5.469 0.498886 0.501953
V 93.500 90.000 5.434 0.499574 0.501947
V 95.000 90.000 5.407 0.500263 0.501941
V 96.500 90.000 5.354 0.500951 0.501936
V 98.000 90.000 5.254 0.501639 0.501930
V 99.500 90.000 5.141 0.502328 0.501925
V 101.000 90.000 5.019 0.503016 0.501919
V 102.500 90.000 4.899 0.503704 0.501914
V 104.000 90.000 4.740 0.504393 0.501908
V 105.500 90.000 4.544 0.505081 0.501902
V 107.000 90.000 4.346 0.505770 0.501897
V 108.500 90.000 4.155 0.506458 0.501891
V 110.000 90.000 3.986 0.507146 0.501886
V 111.500 90.000 3.838 0.507835 0.501880
V 113.000 90.000 3.698 0.508523 0.501875
V 114.500 90.000 3.582 0.509211 0.501869
V 116.000 90.000 3.466 0.509900 0.501863
V 117.500 90.000 3.342 0.510588 0.501858
V 119.000 90.000 3.202 0.511276 0.501852
V 120.500 90.000 3.039 0.511965 0.501847
V 122.000 90.000 2.845 0.512653 0.501841
V 123.500 90.000 2.618 0.513342 0.501836
V 125.000 90.000 2.368 0.514030 0.501830
V 126.500 90.000 2.099 0.514718 0.501824
V 128.000 90.000 1.819 0.515407 0.501819
V 129.500 90.000 1.536 0.516095 0.501813
V 131.000 90.000 1.260 0.516783 0.501808
V 132.500 90.000 1.017 0.517472 0.501802
V 134.000 90.000 0.777 0.518160 0.501797
V 135.500 90.000 0.542 0.518849 0.501791
V 137.000 90.000 0.294 0.519537 0.501785
V 138.500 90.000 0.003 0.520225 0.501780
V 140.000 90.000 -0.339 0.520914 0.501774
V 141.500 90.000 -0.725 0.521602 0.501769
V 143.000 90.000 -1.366 0.522290 0.501763
V 146.000 90.000 -2.388 0.523667 0.501752
V 147.500 90.000 -2.641 0.524355 0.501746
V 149.000 90.000 -2.769 0.525044 0.501741
V 150.500 90.000 -2.821 0.525732 0.501735
V 152.000 90.000 -2.837 0.526421 0.501730
V 153.500 90.000 -2.693 0.527109 0.501724
V 155.000 90.000 -2.740 0.527797 0.501719
V 156.500 90.000 -2.826 0.528486 0.501713
V 158.000 90.000 -3.008 0.529174 0.501707
V 159.500 90.000 -3.298 0.529862 0.501702
V 161.000 90.000 -3.859 0.530551 0.501696
V 162.500 90.000 -4.478 0.531239 0.501691
V -1.000 91.500 11.774 0.456213 0.502989
V 0.500 91.500 12.122 0.456901 0.502983
V 2.000 91.500 12.261 0.457589 0.502978
V 3.500 91.500 12.237 0.458278 0.502972
V 5.000 91.500 12.108 0.458966 0.502967
V 6.500 91.500 11.936 0.459654 0.502961
V 8.000 91.500 11.692 0.460343 0.502956
V 9.500 91.500 11.431 0.461031 0.502950
V 11.000 91.500 11.300 0.461720 0.502944
V 12.500 91.500 11.154 0.462408 0.502939
V 14.000 91.500 10.926 0.463096 0.502933
V 15.500 91.500 10.622 0.463785 0.502928
V 17.000 91.500 10.291 0.464473 0.502922
V 20.000 91.500 9.761 0.465850 0.502911
V 21.500 91.500 9.576 0.466538 0.502905
V 23.000 91.500 9.426 0.467226 0.502900
V 24.500 91.500 9.293 0.467915 0.502894
V 26.000 91.500 9.159 0.468603 0.502889
V 27.500 91.500 9.002 0.469292 0.502883
V 29.000 91.500 8.790 0.469980 0.502878
V 30.500 91.500 8.541 0.470668 0.502872
V 32.000 91.500 8.272 0.471357 0.502867
V 33.500 91.500 8.004 0.472045 0.502861
V 35.000 91.500 7.753 0.472733 0.502855
V 36.500 91.500 7.530 0.473422 0.502850
V 38.000 91.500 7.310 0.474110 0.502844
V 39.500 91.500 7.119 0.474799 0.502839
V 41.000 91.500 7.024 0.475487 0.502833
V 42.500 91.500 6.931 0.476175 0.502828
V 44.000 91.500 6.765 0.476864 0.502822
V 45.500 91.500 6.468 0.477552 0.502816
V 47.000 91.500 6.040 0.478240 0.502811
V 48.500 91.500 5.624 0.478929 0.502805
V 50.000 91.500 5.347 0.479617 0.502800
V 51.500 91.500 5.111 0.480305 0.502794
V 53.000 91.500 4.884 0.480994 0.502789
V 54.500 91.500 4.687 0.481682 0.502783
V 56.000 91.500 4.532 0.482371 0.502777
V 57.500 91.500 4.404 0.483059 0.502772
V 59.000 91.500 4.317 0.483747 0.502766
V 60.500 91.500 4.270 0.484436 0.502761
V 62.000 91.500 4.238 0.485124 0.502755
V 63.500 91.500 4.199 0.485812 0.502750
V 65.000 91.500 4.113 0.486501 0.502744
V 66.500 91.500 3.916 0.487189 0.502738
V 68.000 91.500 3.624 0.487878 0.502733
V 69.500 91.500 3.330 0.488566 0.502727
V 71.000 91.500 3.085 0.489254 0.502722
V 72.500 91.500 2.961 0.489943 0.502716
V 74.000 91.500 2.928 0.490631 0.502711
V 75.500 91.500 2.979 0.491319 0.502705
V 77.000 91.500 3.155 0.492008 0.502700
V 78.500 91.500 3.484 0.492696 0.502694
V 80.000 91.500 3.959 0.493384 0.502688
V 81.500 91.500 4.561 0.494073 0.502683
V 83.000 91.500 4.978 0.494761 0.502677
V 84.500 91.500 5.306 0.495450 0.502672
V 86.000 91.500 5.531 0.496138 0.502666
V 87.500 91.500 5.613 0.496826 0.502661
V 89.000 91.500 5.619 0.497515 0.502655
V 90.500 91.500 5.604 0.498203 0.502649
V 92.000 91.500 5.583 0.498891 0.502644
V 93.500 91.500 5.569 0.499580 0.502638
V 95.000 91.500 5.550 0.500268 0.502633
V 96.500 91.500 5.510 0.500957 0.502627
V 98.000 91.500 5.433 0.501645 0.502622
V 99.500 91.500 5.319 0.502333 0.502616
V 101.000 91.500 5.213 0.503022 0.502610
V 102.500 91.500 5.101 0.503710 0.502605
V 104.000 91.500 4.957 0.504398 0.502599
V 105.500 91.500 4.786 0.505087 0.502594
V 107.000 91.500 4.583 0.505775 0.502588
V 108.500 91.500 4.381 0.506463 0.502583
V 110.000 91.500 4.208 0.507152 0.502577
V 111.500 91.500 4.046 0.507840 0.502571
V 113.000 91.500 3.878 0.508529 0.502566
V 114.500 91.500 3.714 0.509217 0.502560
V 116.000 91.500 3.577 0.509905 0.502555
V 117.500 91.500 3.455 0.510594 0.502549
V 119.000 91.500 3.326 0.511282 0.502544
V 120.500 91.500 3.178 0.511970 0.502538
V 122.000 91.500 3.007 0.512659 0.502532
V 123.500 91.500 2.788 0.513347 0.502527
V 125.000 91.500 2.531 0.514035 0.502521
V 126.500 91.500 2.252 0.514724 0.502516
V 128.000 91.500 1.958 0.515412 0.502510
V 129.500 91.500 1.659 0.516101 0.502505
V 131.000 91.500 1.362 0.516789 0.502499
V 132.500 91.500 1.081 0.517477 0.502493
V 134.000 91.500 0.805 0.518166 0.502488
V 135.500 91.500 0.557 0.518854 0.502482
V 137.000 91.500 0.302 0.519542 0.502477
V 138.500 91.500 0.018 0.520231 0.502471
V 141.500 91.500 -0.730 0.521608 0.502460
V 143.000 91.500 -1.246 0.522296 0.502454
V 144.500 91.500 -1.769 0.522984 0.502449
V 146.000 91.500 -2.189 0.523673 0.502443
V 147.500 91.500 -2.393 0.524361 0.502438
V 149.000 91.500 -2.462 0.525049 0.502432
V 150.500 91.500 -2.451 0.525738 0.502427
V 152.000 91.500 -2.408 0.526426 0.502421
V 153.500 91.500 -2.383 0.527114 0.502415
V 155.000 91.500 -2.416 0.527803 0.502410
V 156.500 91.500 -2.511 0.528491 0.502404
V 158.000 91.500 -2.667 0.529180 0.502399
V 159.500 91.500 -2.917 0.529868 0.502393
V 161.000 91.500 -3.451 0.530556 0.502388
V 162.500 91.500 -3.935 0.531245 0.502382
V 0.500 93.000 12.415 0.456907 0.503675
V 2.000 93.000 12.768 0.457595 0.503669
V 3.500 93.000 12.827 0.458283 0.503663
V 5.000 93.000 12.765 0.458972 0.503658
V 6.500 93.000 12.585 0.459660 0.503652
V 8.000 93.000 12.287 0.460348 0.503647
V 9.500 93.000 11.930 0.461037 0.503641
V 11.000 93.000 11.720 0.461725 0.503636
V 12.500 93.000 11.553 0.462413 0.503630
V 14.000 93.000 11.302 0.463102 0.503625
V 15.500 93.000 10.984 0.463790 0.503619
V 17.000 93.000 10.685 0.464479 0.503613
V 18.500 93.000 10.453 0.465167 0.503608
V 20.000 93.000 10.229 0.465855 0.503602
V 21.500 93.000 10.034 0.466544 0.503597
V 23.000 93.000 9.861 0.467232 0.503591
V 24.500 93.000 9.695 0.467920 0.503586
V 26.000 93.000 9.515 0.468609 0.503580
V 27.500 93.000 9.286 0.469297 0.503574
V 29.000 93.000 9.041 0.469986 0.503569
V 30.500 93.000 8.789 0.470674 0.503563
V 32.000 93.000 8.517 0.471362 0.503558
V 33.500 93.000 8.245 0.472051 0.503552
V 35.000 93.000 7.988 0.472739 0.503547
V 36.500 93.000 7.764 0.473427 0.503541
V 38.000 93.000 7.593 0.474116 0.503536
V 39.500 93.000 7.536 0.474804 0.503530
V 41.000 93.000 7.505 0.475492 0.503524
V 42.500 93.000 7.435 0.476181 0.503519
V 45.500 93.000 6.960 0.477558 0.503508
V 47.000 93.000 6.543 0.478246 0.503502
V 48.500 93.000 6.075 0.478934 0.503497
V 50.000 93.000 5.641 0.479623 0.503491
V 51.500 93.000 5.336 0.480311 0.503485
V 53.000 93.000 5.060 0.480999 0.503480
V 54.500 93.000 4.831 0.481688 0.503474
V 56.000 93.000 4.653 0.482376 0.503469
V 57.500 93.000 4.525 0.483064 0.503463
V 59.000 93.000 4.429 0.483753 0.503458
V 60.500 93.000 4.384 0.484441 0.503452
V 62.000 93.000 4.356 0.485130 0.503446
V 63.500 93.000 4.323 0.485818 0.503441
V 65.000 93.000 4.267 0.486506 0.503435
V 66.500 93.000 4.147 0.487195 0.503430
V 68.000 93.000 3.906 0.487883 0.503424
V 69.500 93.000 3.646 0.488571 0.503419
V 71.000 93.000 3.426 0.489260 0.503413
V 72.500 93.000 3.266 0.489948 0.503407
V 74.000 93.000 3.233 0.490637 0.503402
V 75.500 93.000 3.328 0.491325 0.503396
V 77.000 93.000 3.500 0.492013 0.503391
V 78.500 93.000 3.830 0.492702 0.503385
V 80.000 93.000 4.304 0.493390 0.503380
V 81.500 93.000 4.800 0.494078 0.503374
V 83.000 93.000 5.262 0.494767 0.503369
V 84.500 93.000 5.586 0.495455 0.503363
V 86.000 93.000 5.763 0.496143 0.503357
V 87.500 93.000 5.837 0.496832 0.503352
V 89.000 93.000 5.844 0.497520 0.503346
V 90.500 93.000 5.817 0.498209 0.503341
V 92.000 93.000 5.785 0.498897 0.503335
V 93.500 93.000 5.760 0.499585 0.503330
V 95.000 93.000 5.723 0.500274 0.503324
V 96.500 93.000 5.676 0.500962 0.503318
V 98.000 93.000 5.614 0.501650 0.503313
V 99.500 93.000 5.530 0.502339 0.503307
V 101.000 93.000 5.425 0.503027 0.503302
V 102.500 93.000 5.303 0.503716 0.503296
V 104.000 93.000 5.160 0.504404 0.503291
V 105.500 93.000 4.999 0.505092 0.503285
V 107.000 93.000 4.822 0.505781 0.503279
V 108.500 93.000 4.620 0.506469 0.503274
V 110.000 93.000 4.429 0.507157 0.503268
V 111.500 93.000 4.244 0.507846 0.503263
V 113.000 93.000 4.058 0.508534 0.503257
V 114.500 93.000 3.879 0.509222 0.503252
V 116.000 93.000 3.706 0.509911 0.503246
V 117.500 93.000 3.545 0.510599 0.503240
V 119.000 93.000 3.407 0.511288 0.503235
V 120.500 93.000 3.266 0.511976 0.503229
V 122.000 93.000 3.106 0.512664 0.503224
V 123.500 93.000 2.907 0.513353 0.503218
V 125.000 93.000 2.664 0.514041 0.503213
V 126.500 93.000 2.380 0.514729 0.503207
V 128.000 93.000 2.077 0.515418 0.503201
V 129.500 93.000 1.770 0.516106 0.503196
V 131.000 93.000 1.481 0.516795 0.503190
V 132.500 93.000 1.184 0.517483 0.503185
V 134.000 93.000 0.855 0.518171 0.503179
V 135.500 93.000 0.548 0.518860 0.503174
V 137.000 93.000 0.282 0.519548 0.503168
V 138.500 93.000 0.006 0.520236 0.503162
V 140.000 93.000 -0.299 0.520925 0.503157
V 141.500 93.000 -0.610 0.521613 0.503151
V 143.000 93.000 -0.965 0.522301 0.503146
V 144.500 93.000 -1.443 0.522990 0.503140
V 146.000 93.000 -1.860 0.523678 0.503135
V 147.500 93.000 -2.051 0.524367 0.503129
V 149.000 93.000 -2.082 0.525055 0.503123
V 150.500 93.000 -2.071 0.525743 0.503118
V 152.000 93.000 -2.101 0.526432 0.503112
V 153.500 93.000 -2.121 0.527120 0.503107
V 155.000 93.000 -2.134 0.527808 0.503101
V 156.500 93.000 -2.245 0.528497 0.503096
V 158.000 93.000 -2.381 0.529185 0.503090
V 159.500 93.000 -2.570 0.529873 0.503084
V 161.000 93.000 -2.965 0.530562 0.503079
V 162.500 93.000 -3.395 0.531250 0.503073
V 5.000 94.500 12.876 0.458977 0.504349
V 6.500 94.500 13.157 0.459666 0.504344
V 8.000 94.500 12.904 0.460354 0.504338
V 9.500 94.500 12.529 0.461042 0.504333
V 11.000 94.500 12.189 0.461731 0.504327
V 12.500 94.500 12.001 0.462419 0.504321
V 14.000 94.500 11.732 0.463107 0.504316
V 15.500 94.500 11.455 0.463796 0.504310
V 17.000 94.500 11.241 0.464484 0.504305
V 18.500 94.500 11.037 0.465172 0.504299
V 20.000 94.500 10.821 0.465861 0.504294
V 21.500 94.500 10.628 0.466549 0.504288
V 23.000 94.500 10.440 0.467238 0.504282
V 24.500 94.500 10.219 0.467926 0.504277
V 26.000 94.500 9.946 0.468614 0.504271
V 27.500 94.500 9.669 0.469303 0.504266
V 29.000 94.500 9.382 0.469991 0.504260
V 30.500 94.500 9.117 0.470679 0.504255
V 32.000 94.500 8.855 0.471368 0.504249
V 33.500 94.500 8.578 0.472056 0.504243
V 35.000 94.500 8.313 0.472745 0.504238
V 36.500 94.500 8.074 0.473433 0.504232
V 38.000 94.500 7.874 0.474121 0.504227
V 39.500 94.500 7.777 0.474810 0.504221
V 41.000 94.500 7.810 0.475498 0.504216
V 42.500 94.500 7.797 0.476186 0.504210
V 44.000 94.500 7.668 0.476875 0.504205
V 45.500 94.500 7.351 0.477563 0.504199
V 47.000 94.500 6.918 0.478251 0.504193
V 48.500 94.500 6.445 0.478940 0.504188
V 50.000 94.500 5.996 0.479628 0.504182
V 51.500 94.500 5.641 0.480317 0.504177
V 53.000 94.500 5.329 0.481005 0.504171
V 54.500 94.500 5.068 0.481693 0.504166
V 56.000 94.500 4.859 0.482382 0.504160
V 57.500 94.500 4.703 0.483070 0.504154
V 60.500 94.500 4.543 0.484447 0.504143
V 62.000 94.500 4.511 0.485135 0.504138
V 63.500 94.500 4.483 0.485824 0.504132
V 65.000 94.500 4.437 0.486512 0.504127
V 66.500 94.500 4.349 0.487200 0.504121
V 69.500 94.500 4.001 0.488577 0.504110
V 71.000 94.500 3.824 0.489265 0.504104
V 72.500 94.500 3.690 0.489954 0.504099
V 74.000 94.500 3.630 0.490642 0.504093
V 75.500 94.500 3.674 0.491330 0.504088
V 77.000 94.500 3.873 0.492019 0.504082
V 78.500 94.500 4.217 0.492707 0.504076
V 80.000 94.500 4.667 0.493396 0.504071
V 81.500 94.500 5.143 0.494084 0.504065
V 83.000 94.500 5.595 0.494772 0.504060
V 84.500 94.500 5.941 0.495461 0.504054
V 86.000 94.500 6.138 0.496149 0.504049
V 87.500 94.500 6.216 0.496837 0.504043
V 89.000 94.500 6.218 0.497526 0.504038
V 90.500 94.500 6.175 0.498214 0.504032
V 92.000 94.500 6.120 0.498902 0.504026
V 93.500 94.500 6.075 0.499591 0.504021
V 95.000 94.500 6.026 0.500279 0.504015
V 96.500 94.500 5.967 0.500968 0.504010
V 98.000 94.500 5.895 0.501656 0.504004
V 99.500 94.500 5.807 0.502344 0.503999
V 101.000 94.500 5.698 0.503033 0.503993
V 102.500 94.500 5.573 0.503721 0.503987
V 104.000 94.500 5.428 0.504409 0.503982
V 105.500 94.500 5.264 0.505098 0.503976
V 107.000 94.500 5.084 0.505786 0.503971
V 108.500 94.500 4.889 0.506475 0.503965
V 110.000 94.500 4.679 0.507163 0.503960
V 111.500 94.500 4.469 0.507851 0.503954
V 113.000 94.500 4.263 0.508540 0.503948
V 114.500 94.500 4.062 0.509228 0.503943
V 116.000 94.500 3.871 0.509916 0.503937
V 117.500 94.500 3.689 0.510605 0.503932
V 119.000 94.500 3.519 0.511293 0.503926
V 120.500 94.500 3.364 0.511981 0.503921
V 122.000 94.500 3.195 0.512670 0.503915
V 123.500 94.500 3.003 0.513358 0.503909
V 125.000 94.500 2.794 0.514047 0.503904
V 126.500 94.500 2.548 0.514735 0.503898
V 128.000 94.500 2.257 0.515423 0.503893
V 129.500 94.500 1.961 0.516112 0.503887
V 131.000 94.500 1.670 0.516800 0.503882
V 132.500 94.500 1.335 0.517488 0.503876
V 134.000 94.500 0.983 0.518177 0.503870
V 135.500 94.500 0.639 0.518865 0.503865
V 137.000 94.500 0.324 0.519554 0.503859
V 138.500 94.500 0.046 0.520242 0.503854
V 140.000 94.500 -0.238 0.520930 0.503848
V 141.500 94.500 -0.509 0.521619 0.503843
V 143.000 94.500 -0.771 0.522307 0.503837
V 144.500 94.500 -1.059 0.522995 0.503831
V 146.000 94.500 -1.444 0.523684 0.503826
V 147.500 94.500 -1.632 0.524372 0.503820
V 149.000 94.500 -1.677 0.525060 0.503815
V 150.500 94.500 -1.762 0.525749 0.503809
V 152.000 94.500 -1.878 0.526437 0.503804
V 153.500 94.500 -1.919 0.527126 0.503798
V 155.000 94.500 -1.932 0.527814 0.503792
V 156.500 94.500 -1.965 0.528502 0.503787
V 158.000 94.500 -2.080 0.529191 0.503781
V 159.500 94.500 -2.223 0.529879 0.503776
V 161.000 94.500 -2.481 0.530567 0.503770
V 9.500 96.000 12.878 0.461048 0.505024
V 11.000 96.000 12.735 0.461736 0.505018
V 12.500 96.000 12.487 0.462425 0.505013
V 14.000 96.000 12.260 0.463113 0.505007
V 15.500 96.000 12.080 0.463801 0.505002
V 17.000 96.000 11.907 0.464490 0.504996
V 18.500 96.000 11.715 0.465178 0.504990
V 20.000 96.000 11.499 0.465866 0.504985
V 21.500 96.000 11.292 0.466555 0.504979
V 23.000 96.000 11.040 0.467243 0.504974
V 24.500 96.000 10.732 0.467931 0.504968
V 26.000 96.000 10.420 0.468620 0.504963
V 27.500 96.000 10.125 0.469308 0.504957
V 29.000 96.000 9.804 0.469997 0.504951
V 30.500 96.000 9.476 0.470685 0.504946
V 32.000 96.000 9.218 0.471373 0.504940
V 33.500 96.000 8.949 0.472062 0.504935
V 35.000 96.000 8.675 0.472750 0.504929
V 36.500 96.000 8.422 0.473438 0.504924
V 38.000 96.000 8.206 0.474127 0.504918
V 39.500 96.000 8.040 0.474815 0.504912
V 41.000 96.000 8.024 0.475504 0.504907
V 42.500 96.000 8.071 0.476192 0.504901
V 44.000 96.000 7.973 0.476880 0.504896
V 45.500 96.000 7.644 0.477569 0.504890
V 47.000 96.000 7.180 0.478257 0.504885
V 48.500 96.000 6.709 0.478945 0.504879
V 50.000 96.000 6.347 0.479634 0.504874
V 51.500 96.000 6.021 0.480322 0.504868
V 53.000 96.000 5.709 0.481010 0.504862
V 54.500 96.000 5.422 0.481699 0.504857
V 56.000 96.000 5.184 0.482387 0.504851
V 57.500 96.000 4.998 0.483076 0.504846
V 59.000 96.000 4.859 0.483764 0.504840
V 60.500 96.000 4.769 0.484452 0.504835
V 62.000 96.000 4.735 0.485141 0.504829
V 63.500 96.000 4.711 0.485829 0.504823
V 65.000 96.000 4.671 0.486517 0.504818
V 66.500 96.000 4.593 0.487206 0.504812
V 68.000 96.000 4.441 0.487894 0.504807
V 69.500 96.000 4.267 0.488583 0.504801
V 71.000 96.000 4.119 0.489271 0.504796
V 72.500 96.000 4.010 0.489959 0.504790
V 74.000 96.000 3.970 0.490648 0.504784
V 75.500 96.000 4.027 0.491336 0.504779
V 77.000 96.000 4.215 0.492024 0.504773
V 78.500 96.000 4.547 0.492713 0.504768
V 80.000 96.000 4.985 0.493401 0.504762
V 81.500 96.000 5.480 0.494089 0.504757
V 83.000 96.000 5.946 0.494778 0.504751
V 84.500 96.000 6.310 0.495466 0.504745
V 86.000 96.000 6.585 0.496155 0.504740
V 87.500 96.000 6.705 0.496843 0.504734
V 89.000 96.000 6.707 0.497531 0.504729
V 90.500 96.000 6.653 0.498220 0.504723
V 92.000 96.000 6.579 0.498908 0.504718
V 93.500 96.000 6.478 0.499596 0.504712
V 95.000 96.000 6.427 0.500285 0.504707
V 96.500 96.000 6.360 0.500973 0.504701
V 98.000 96.000 6.278 0.501662 0.504695
V 99.500 96.000 6.172 0.502350 0.504690
V 101.000 96.000 6.039 0.503038 0.504684
V 102.500 96.000 5.926 0.503727 0.504679
V 104.000 96.000 5.781 0.504415 0.504673
V 105.500 96.000 5.613 0.505103 0.504668
V 107.000 96.000 5.428 0.505792 0.504662
V 108.500 96.000 5.219 0.506480 0.504656
V 110.000 96.000 4.984 0.507168 0.504651
V 111.500 96.000 4.760 0.507857 0.504645
V 113.000 96.000 4.539 0.508545 0.504640
V 114.500 96.000 4.317 0.509234 0.504634
V 116.000 96.000 4.101 0.509922 0.504629
V 117.500 96.000 3.895 0.510610 0.504623
V 119.000 96.000 3.700 0.511299 0.504617
V 120.500 96.000 3.524 0.511987 0.504612
V 122.000 96.000 3.360 0.512675 0.504606
V 123.500 96.000 3.180 0.513364 0.504601
V 125.000 96.000 2.980 0.514052 0.504595
V 126.500 96.000 2.757 0.514741 0.504590
V 129.500 96.000 2.230 0.516117 0.504578
V 131.000 96.000 1.910 0.516806 0.504573
V 132.500 96.000 1.562 0.517494 0.504567
V 134.000 96.000 1.203 0.518182 0.504562
V 135.500 96.000 0.846 0.518871 0.504556
V 137.000 96.000 0.508 0.519559 0.504551
V 138.500 96.000 0.202 0.520247 0.504545
V 140.000 96.000 -0.078 0.520936 0.504539
V 141.500 96.000 -0.334 0.521624 0.504534
V 143.000 96.000 -0.567 0.522313 0.504528
V 144.500 96.000 -0.781 0.523001 0.504523
V 146.000 96.000 -0.997 0.523689 0.504517
V 147.500 96.000 -1.191 0.524378 0.504511
V 149.000 96.000 -1.344 0.525066 0.504506
V 150.500 96.000 -1.499 0.525754 0.504500
V 152.000 96.000 -1.612 0.526443 0.504495
V 155.000 96.000 -1.691 0.527819 0.504484
V 156.500 96.000 -1.718 0.528508 0.504478
V 158.000 96.000 -1.761 0.529196 0.504472
V 161.000 96.000 -1.996 0.530573 0.504461
V 15.500 97.500 12.763 0.463807 0.505693
V 17.000 97.500 12.628 0.464495 0.505687
V 18.500 97.500 12.451 0.465184 0.505682
V 20.000 97.500 12.227 0.465872 0.505676
V 21.500 97.500 11.952 0.466560 0.505671
V 23.000 97.500 11.612 0.467249 0.505665
V 24.500 97.500 11.265 0.467937 0.505659
V 26.000 97.500 10.944 0.468625 0.505654
V 27.500 97.500 10.634 0.469314 0.505648
V 29.000 97.500 10.279 0.470002 0.505643
V 30.500 97.500 9.911 0.470690 0.505637
V 32.000 97.500 9.597 0.471379 0.505632
V 33.500 97.500 9.338 0.472067 0.505626
V 35.000 97.500 9.062 0.472756 0.505620
V 36.500 97.500 8.799 0.473444 0.505615
V 38.000 97.500 8.570 0.474132 0.505609
V 39.500 97.500 8.380 0.474821 0.505604
V 41.000 97.500 8.254 0.475509 0.505598
V 42.500 97.500 8.296 0.476197 0.505593
V 44.000 97.500 8.215 0.476886 0.505587
V 45.500 97.500 7.866 0.477574 0.505582
V 47.000 97.500 7.417 0.478263 0.505576
V 48.500 97.500 7.069 0.478951 0.505570
V 50.000 97.500 6.760 0.479639 0.505565
V 51.500 97.500 6.448 0.480328 0.505559
V 53.000 97.500 6.140 0.481016 0.505554
V 54.500 97.500 5.852 0.481704 0.505548
V 56.000 97.500 5.591 0.482393 0.505543
V 57.500 97.500 5.374 0.483081 0.505537
V 59.000 97.500 5.188 0.483769 0.505531
V 60.500 97.500 5.057 0.484458 0.505526
V 62.000 97.500 4.984 0.485146 0.505520
V 63.500 97.500 4.951 0.485835 0.505515
V 65.000 97.500 4.911 0.486523 0.505509
V 66.500 97.500 4.829 0.487211 0.505504
V 68.000 97.500 4.637 0.487900 0.505498
V 69.500 97.500 4.456 0.488588 0.505492
V 71.000 97.500 4.326 0.489276 0.505487
V 72.500 97.500 4.235 0.489965 0.505481
V 74.000 97.500 4.208 0.490653 0.505476
V 75.500 97.500 4.283 0.491342 0.505470
V 77.000 97.500 4.542 0.492030 0.505465
V 78.500 97.500 4.914 0.492718 0.505459
V 80.000 97.500 5.341 0.493407 0.505453
V 81.500 97.500 5.846 0.494095 0.505448
V 83.000 97.500 6.305 0.494783 0.505442
V 84.500 97.500 6.686 0.495472 0.505437
V 86.000 97.500 6.995 0.496160 0.505431
V 87.500 97.500 7.198 0.496848 0.505426
V 89.000 97.500 7.251 0.497537 0.505420
V 90.500 97.500 7.202 0.498225 0.505414
V 92.000 97.500 7.128 0.498914 0.505409
V 93.500 97.500 7.009 0.499602 0.505403
V 95.000 97.500 6.875 0.500290 0.505398
V 96.500 97.500 6.809 0.500979 0.505392
V 98.000 97.500 6.718 0.501667 0.505387
V 99.500 97.500 6.594 0.502355 0.505381
V 101.000 97.500 6.443 0.503044 0.505375
V 102.500 97.500 6.322 0.503732 0.505370
V 104.000 97.500 6.190 0.504421 0.505364
V 105.500 97.500 6.021 0.505109 0.505359
V 107.000 97.500 5.826 0.505797 0.505353
V 108.500 97.500 5.602 0.506486 0.505348
V 110.000 97.500 5.358 0.507174 0.505342
V 111.500 97.500 5.088 0.507862 0.505337
V 113.000 97.500 4.858 0.508551 0.505331
V 114.500 97.500 4.632 0.509239 0.505325
V 116.000 97.500 4.396 0.509927 0.505320
V 117.500 97.500 4.167 0.510616 0.505314
V 119.000 97.500 3.954 0.511304 0.505309
V 120.500 97.500 3.769 0.511993 0.505303
V 122.000 97.500 3.616 0.512681 0.505298
V 123.500 97.500 3.456 0.513369 0.505292
V 125.000 97.500 3.276 0.514058 0.505286
V 126.500 97.500 3.070 0.514746 0.505281
V 128.000 97.500 2.841 0.515434 0.505275
V 129.500 97.500 2.595 0.516123 0.505270
V 131.000 97.500 2.304 0.516811 0.505264
V 132.500 97.500 1.954 0.517500 0.505258
V 134.000 97.500 1.587 0.518188 0.505253
V 135.500 97.500 1.219 0.518876 0.505247
V 137.000 97.500 0.864 0.519565 0.505242
V 138.500 97.500 0.516 0.520253 0.505236
V 140.000 97.500 0.247 0.520941 0.505231
V 141.500 97.500 0.005 0.521630 0.505225
V 143.000 97.500 -0.213 0.522318 0.505219
V 144.500 97.500 -0.412 0.523006 0.505214
V 146.000 97.500 -0.595 0.523695 0.505208
V 147.500 97.500 -0.769 0.524383 0.505203
V 149.000 97.500 -0.946 0.525072 0.505197
V 150.500 97.500 -1.103 0.525760 0.505192
V 152.000 97.500 -1.220 0.526448 0.505186
V 153.500 97.500 -1.283 0.527137 0.505180
V 155.000 97.500 -1.298 0.527825 0.505175
V 156.500 97.500 -1.311 0.528513 0.505169
V 158.000 97.500 -1.331 0.529202 0.505164
V 159.500 97.500 -1.376 0.529890 0.505158
V 161.000 97.500 -1.484 0.530579 0.505153
V 24.500 99.000 11.912 0.467943 0.506351
V 26.000 99.000 11.525 0.468631 0.506345
V 27.500 99.000 11.174 0.469319 0.506340
V 29.000 99.000 10.788 0.470008 0.506334
V 30.500 99.000 10.396 0.470696 0.506328
V 32.000 99.000 10.038 0.471384 0.506323
V 33.500 99.000 9.736 0.472073 0.506317
V 35.000 99.000 9.468 0.472761 0.506312
V 36.500 99.000 9.200 0.473450 0.506306
V 38.000 99.000 8.959 0.474138 0.506301
V 39.500 99.000 8.749 0.474826 0.506295
V 41.000 99.000 8.579 0.475515 0.506289
V 42.500 99.000 8.509 0.476203 0.506284
V 44.000 99.000 8.431 0.476891 0.506278
V 45.500 99.000 8.080 0.477580 0.506273
V 47.000 99.000 7.774 0.478268 0.506267
V 48.500 99.000 7.493 0.478956 0.506262
V 50.000 99.000 7.221 0.479645 0.506256
V 51.500 99.000 6.916 0.480333 0.506251
V 53.000 99.000 6.608 0.481022 0.506245
V 54.500 99.000 6.321 0.481710 0.506239
V 56.000 99.000 6.047 0.482398 0.506234
V 57.500 99.000 5.800 0.483087 0.506228
V 59.000 99.000 5.577 0.483775 0.506223
V 60.500 99.000 5.408 0.484463 0.506217
V 62.000 99.000 5.285 0.485152 0.506212
V 63.500 99.000 5.210 0.485840 0.506206
V 65.000 99.000 5.156 0.486529 0.506200
V 66.500 99.000 5.052 0.487217 0.506195
V 68.000 99.000 4.777 0.487905 0.506189
V 69.500 99.000 4.572 0.488594 0.506184
V 71.000 99.000 4.478 0.489282 0.506178
V 72.500 99.000 4.402 0.489970 0.506173
V 74.000 99.000 4.392 0.490659 0.506167
V 75.500 99.000 4.503 0.491347 0.506161
V 77.000 99.000 4.901 0.492035 0.506156
V 78.500 99.000 5.327 0.492724 0.506150
V 80.000 99.000 5.723 0.493412 0.506145
V 81.500 99.000 6.221 0.494101 0.506139
V 83.000 99.000 6.675 0.494789 0.506134
V 84.500 99.000 7.077 0.495477 0.506128
V 86.000 99.000 7.418 0.496166 0.506122
V 87.500 99.000 7.656 0.496854 0.506117
V 89.000 99.000 7.794 0.497542 0.506111
V 90.500 99.000 7.790 0.498231 0.506106
V 92.000 99.000 7.735 0.498919 0.506100
V 93.500 99.000 7.637 0.499608 0.506095
V 95.000 99.000 7.450 0.500296 0.506089
V 96.500 99.000 7.294 0.500984 0.506083
V 98.000 99.000 7.197 0.501673 0.506078
V 99.500 99.000 7.062 0.502361 0.506072
V 101.000 99.000 6.898 0.503049 0.506067
V 102.500 99.000 6.763 0.503738 0.506061
V 104.000 99.000 6.635 0.504426 0.506056
V 105.500 99.000 6.468 0.505114 0.506050
V 107.000 99.000 6.266 0.505803 0.506044
V 108.500 99.000 6.034 0.506491 0.506039
V 110.000 99.000 5.790 0.507180 0.506033
V 111.500 99.000 5.507 0.507868 0.506028
V 113.000 99.000 5.208 0.508556 0.506022
V 114.500 99.000 4.972 0.509245 0.506017
V 116.000 99.000 4.740 0.509933 0.506011
V 117.500 99.000 4.495 0.510621 0.506005
V 119.000 99.000 4.271 0.511310 0.506000
V 120.500 99.000 4.082 0.511998 0.505994
V 122.000 99.000 3.936 0.512686 0.505989
V 123.500 99.000 3.790 0.513375 0.505983
V 125.000 99.000 3.607 0.514063 0.505978
V 126.500 99.000 3.410 0.514752 0.505972
V 128.000 99.000 3.224 0.515440 0.505966
V 129.500 99.000 3.001 0.516128 0.505961
V 131.000 99.000 2.766 0.516817 0.505955
V 132.500 99.000 2.476 0.517505 0.505950
V 134.000 99.000 2.122 0.518193 0.505944
V 135.500 99.000 1.746 0.518882 0.505939
V 137.000 99.000 1.365 0.519570 0.505933
V 138.500 99.000 0.973 0.520259 0.505927
V 140.000 99.000 0.646 0.520947 0.505922
V 141.500 99.000 0.426 0.521635 0.505916
V 143.000 99.000 0.224 0.522324 0.505911
V 144.500 99.000 0.043 0.523012 0.505905
V 146.000 99.000 -0.133 0.523700 0.505900
V 147.500 99.000 -0.308 0.524389 0.505894
V 149.000 99.000 -0.430 0.525077 0.505888
V 150.500 99.000 -0.592 0.525765 0.505883
V 152.000 99.000 -0.718 0.526454 0.505877
V 153.500 99.000 -0.791 0.527142 0.505872
V 155.000 99.000 -0.818 0.527831 0.505866
V 156.500 99.000 -0.816 0.528519 0.505861
V 158.000 99.000 -0.827 0.529207 0.505855
V 159.500 99.000 -0.862 0.529896 0.505849
V 161.000 99.000 -0.942 0.530584 0.505844
V 32.000 100.500 10.645 0.471390 0.507014
V 33.500 100.500 10.209 0.472078 0.507009
V 36.500 100.500 9.614 0.473455 0.506997
V 38.000 100.500 9.362 0.474143 0.506992
V 39.500 100.500 9.135 0.474832 0.506986
V 41.000 100.500 8.939 0.475520 0.506981
V 42.500 100.500 8.782 0.476209 0.506975
V 44.000 100.500 8.658 0.476897 0.506970
V 45.500 100.500 8.421 0.477585 0.506964
V 47.000 100.500 8.191 0.478274 0.506958
V 48.500 100.500 7.969 0.478962 0.506953
V 50.000 100.500 7.720 0.479650 0.506947
V 51.500 100.500 7.419 0.480339 0.506942
V 53.000 100.500 7.111 0.481027 0.506936
V 54.500 100.500 6.818 0.481715 0.506931
V 56.000 100.500 6.537 0.482404 0.506925
V 57.500 100.500 6.268 0.483092 0.506920
V 59.000 100.500 6.015 0.483781 0.506914
V 60.500 100.500 5.810 0.484469 0.506908
V 62.000 100.500 5.641 0.485157 0.506903
V 63.500 100.500 5.503 0.485846 0.506897
V 65.000 100.500 5.410 0.486534 0.506892
V 66.500 100.500 5.270 0.487222 0.506886
V 68.000 100.500 4.855 0.487911 0.506881
V 69.500 100.500 4.579 0.488599 0.506875
V 71.000 100.500 4.581 0.489288 0.506869
V 72.500 100.500 4.527 0.489976 0.506864
V 74.000 100.500 4.539 0.490664 0.506858
V 75.500 100.500 4.731 0.491353 0.506853
V 77.000 100.500 5.324 0.492041 0.506847
V 78.500 100.500 5.801 0.492729 0.506842
V 80.000 100.500 6.138 0.493418 0.506836
V 81.500 100.500 6.605 0.494106 0.506830
V 83.000 100.500 7.057 0.494794 0.506825
V 84.500 100.500 7.483 0.495483 0.506819
V 86.000 100.500 7.857 0.496171 0.506814
V 87.500 100.500 8.131 0.496860 0.506808
V 89.000 100.500 8.304 0.497548 0.506803
V 90.500 100.500 8.382 0.498236 0.506797
V 92.000 100.500 8.367 0.498925 0.506791
V 93.500 100.500 8.299 0.499613 0.506786
V 95.000 100.500 8.131 0.500301 0.506780
V 96.500 100.500 7.888 0.500990 0.506775
V 98.000 100.500 7.708 0.501678 0.506769
V 99.500 100.500 7.565 0.502367 0.506764
V 101.000 100.500 7.396 0.503055 0.506758
V 102.500 100.500 7.244 0.503743 0.506752
V 104.000 100.500 7.109 0.504432 0.506747
V 105.500 100.500 6.948 0.505120 0.506741
V 107.000 100.500 6.740 0.505808 0.506736
V 108.500 100.500 6.511 0.506497 0.506730
V 110.000 100.500 6.276 0.507185 0.506725
V 111.500 100.500 6.001 0.507873 0.506719
V 113.000 100.500 5.670 0.508562 0.506713
V 114.500 100.500 5.344 0.509250 0.506708
V 116.000 100.500 5.102 0.509939 0.506702
V 117.500 100.500 4.865 0.510627 0.506697
V 119.000 100.500 4.631 0.511315 0.506691
V 120.500 100.500 4.444 0.512004 0.506686
V 122.000 100.500 4.304 0.512692 0.506680
V 123.500 100.500 4.130 0.513380 0.506674
V 125.000 100.500 3.962 0.514069 0.506669
V 126.500 100.500 3.818 0.514757 0.506663
V 128.000 100.500 3.643 0.515446 0.506658
V 129.500 100.500 3.441 0.516134 0.506652
V 131.000 100.500 3.246 0.516822 0.506647
V 132.500 100.500 3.005 0.517511 0.506641
V 134.000 100.500 2.708 0.518199 0.506635
V 135.500 100.500 2.345 0.518887 0.506630
V 137.000 100.500 1.956 0.519576 0.506624
V 138.500 100.500 1.547 0.520264 0.506619
V 140.000 100.500 1.121 0.520952 0.506613
V 141.500 100.500 0.880 0.521641 0.506608
V 143.000 100.500 0.696 0.522329 0.506602
V 144.500 100.500 0.527 0.523018 0.506596
V 146.000 100.500 0.345 0.523706 0.506591
V 147.500 100.500 0.133 0.524394 0.506585
V 149.000 100.500 0.118 0.525083 0.506580
V 150.500 100.500 0.001 0.525771 0.506574
V 152.000 100.500 -0.131 0.526459 0.506569
V 153.500 100.500 -0.207 0.527148 0.506563
V 155.000 100.500 -0.240 0.527836 0.506557
V 156.500 100.500 -0.262 0.528525 0.506552
V 158.000 100.500 -0.269 0.529213 0.506546
V 159.500 100.500 -0.300 0.529901 0.506541
V 161.000 100.500 -0.371 0.530590 0.506535
V 41.000 102.000 9.512 0.475526 0.507672
V 42.500 102.000 9.185 0.476214 0.507666
V 44.000 102.000 8.977 0.476902 0.507661
V 45.500 102.000 8.837 0.477591 0.507655
V 47.000 102.000 8.674 0.478279 0.507650
V 48.500 102.000 8.490 0.478968 0.507644
V 50.000 102.000 8.252 0.479656 0.507639
V 51.500 102.000 7.954 0.480344 0.507633
V 53.000 102.000 7.644 0.481033 0.507627
V 54.500 102.000 7.342 0.481721 0.507622
V 56.000 102.000 7.053 0.482409 0.507616
V 57.500 102.000 6.766 0.483098 0.507611
V 59.000 102.000 6.493 0.483786 0.507605
V 60.500 102.000 6.254 0.484474 0.507600
V 62.000 102.000 6.039 0.485163 0.507594
V 63.500 102.000 5.842 0.485851 0.507589
V 65.000 102.000 5.680 0.486540 0.507583
V 66.500 102.000 5.483 0.487228 0.507577
V 68.000 102.000 4.866 0.487916 0.507572
V 69.500 102.000 4.472 0.488605 0.507566
V 71.000 102.000 4.595 0.489293 0.507561
V 72.500 102.000 4.613 0.489981 0.507555
V 74.000 102.000 4.653 0.490670 0.507550
V 75.500 102.000 5.054 0.491358 0.507544
V 77.000 102.000 5.842 0.492047 0.507538
V 78.500 102.000 6.369 0.492735 0.507533
V 80.000 102.000 6.629 0.493423 0.507527
V 81.500 102.000 7.001 0.494112 0.507522
V 83.000 102.000 7.452 0.494800 0.507516
V 84.500 102.000 7.896 0.495488 0.507511
V 86.000 102.000 8.276 0.496177 0.507505
V 87.500 102.000 8.578 0.496865 0.507499
V 89.000 102.000 8.799 0.497553 0.507494
V 90.500 102.000 8.922 0.498242 0.507488
V 92.000 102.000 8.925 0.498930 0.507483
V 93.500 102.000 8.841 0.499619 0.507477
V 95.000 102.000 8.690 0.500307 0.507472
V 96.500 102.000 8.492 0.500995 0.507466
V 98.000 102.000 8.279 0.501684 0.507460
V 101.000 102.000 7.930 0.503060 0.507449
V 102.500 102.000 7.773 0.503749 0.507444
V 104.000 102.000 7.616 0.504437 0.507438
V 105.500 102.000 7.452 0.505126 0.507433
V 107.000 102.000 7.242 0.505814 0.507427
V 108.500 102.000 7.029 0.506502 0.507421
V 110.000 102.000 6.797 0.507191 0.507416
V 111.500 102.000 6.519 0.507879 0.507410
V 113.000 102.000 6.200 0.508567 0.507405
V 114.500 102.000 5.847 0.509256 0.507399
V 116.000 102.000 5.495 0.509944 0.507394
V 117.500 102.000 5.247 0.510632 0.507388
V 119.000 102.000 5.017 0.511321 0.507382
V 120.500 102.000 4.835 0.512009 0.507377
V 122.000 102.000 4.660 0.512698 0.507371
V 123.500 102.000 4.515 0.513386 0.507366
V 125.000 102.000 4.397 0.514074 0.507360
V 126.500 102.000 4.256 0.514763 0.507355
V 128.000 102.000 4.086 0.515451 0.507349
V 129.500 102.000 3.901 0.516139 0.507343
V 131.000 102.000 3.745 0.516828 0.507338
V 132.500 102.000 3.551 0.517516 0.507332
V 134.000 102.000 3.294 0.518205 0.507327
V 135.500 102.000 2.980 0.518893 0.507321
V 137.000 102.000 2.606 0.519581 0.507316
V 138.500 102.000 2.204 0.520270 0.507310
V 140.000 102.000 1.751 0.520958 0.507304
V 141.500 102.000 1.356 0.521646 0.507299
V 143.000 102.000 1.181 0.522335 0.507293
V 144.500 102.000 1.020 0.523023 0.507288
V 146.000 102.000 0.832 0.523711 0.507282
V 147.500 102.000 0.549 0.524400 0.507277
V 149.000 102.000 0.575 0.525088 0.507271
V 150.500 102.000 0.630 0.525777 0.507265
V 152.000 102.000 0.522 0.526465 0.507260
V 153.500 102.000 0.450 0.527153 0.507254
V 155.000 102.000 0.421 0.527842 0.507249
V 156.500 102.000 0.391 0.528530 0.507243
V 158.000 102.000 0.346 0.529218 0.507238
V 159.500 102.000 0.304 0.529907 0.507232
V 161.000 102.000 0.231 0.530595 0.507226
V 50.000 103.500 8.817 0.479661 0.508330
V 51.500 103.500 8.535 0.480350 0.508324
V 53.000 103.500 8.224 0.481038 0.508319
V 54.500 103.500 7.902 0.481727 0.508313
V 56.000 103.500 7.586 0.482415 0.508308
V 57.500 103.500 7.285 0.483103 0.508302
V 59.000 103.500 6.997 0.483792 0.508296
V 60.500 103.500 6.727 0.484480 0.508291
V 62.000 103.500 6.469 0.485168 0.508285
V 63.500 103.500 6.219 0.485857 0.508280
V 65.000 103.500 5.977 0.486545 0.508274
V 66.500 103.500 5.661 0.487234 0.508269
V 68.000 103.500 4.875 0.487922 0.508263
V 69.500 103.500 4.434 0.488610 0.508258
V 71.000 103.500 4.447 0.489299 0.508252
V 72.500 103.500 4.661 0.489987 0.508246
V 74.000 103.500 4.764 0.490675 0.508241
V 75.500 103.500 5.431 0.491364 0.508235
V 77.000 103.500 6.097 0.492052 0.508230
V 78.500 103.500 6.654 0.492740 0.508224
V 80.000 103.500 7.098 0.493429 0.508219
V 81.500 103.500 7.429 0.494117 0.508213
V 83.000 103.500 7.852 0.494806 0.508207
V 84.500 103.500 8.235 0.495494 0.508202
V 86.000 103.500 8.466 0.496182 0.508196
V 87.500 103.500 8.695 0.496871 0.508191
V 89.000 103.500 8.843 0.497559 0.508185
V 90.500 103.500 8.925 0.498247 0.508180
V 92.000 103.500 8.977 0.498936 0.508174
V 93.500 103.500 9.001 0.499624 0.508168
V 95.000 103.500 8.996 0.500313 0.508163
V 111.500 103.500 6.884 0.507885 0.508102
V 113.000 103.500 6.573 0.508573 0.508096
V 114.500 103.500 6.260 0.509261 0.508090
V 116.000 103.500 5.952 0.509950 0.508085
V 117.500 103.500 5.656 0.510638 0.508079
V 119.000 103.500 5.407 0.511326 0.508074
V 120.500 103.500 5.216 0.512015 0.508068
V 122.000 103.500 5.076 0.512703 0.508063
V 123.500 103.500 4.954 0.513392 0.508057
V 125.000 103.500 4.834 0.514080 0.508051
V 126.500 103.500 4.702 0.514768 0.508046
V 128.000 103.500 4.541 0.515457 0.508040
V 129.500 103.500 4.372 0.516145 0.508035
V 131.000 103.500 4.242 0.516833 0.508029
V 132.500 103.500 4.087 0.517522 0.508024
V 134.000 103.500 3.884 0.518210 0.508018
V 135.500 103.500 3.614 0.518898 0.508012
V 137.000 103.500 3.282 0.519587 0.508007
V 138.500 103.500 2.906 0.520275 0.508001
V 140.000 103.500 2.466 0.520964 0.507996
V 141.500 103.500 1.975 0.521652 0.507990
V 143.000 103.500 1.672 0.522340 0.507985
V 144.500 103.500 1.515 0.523029 0.507979
V 146.000 103.500 1.306 0.523717 0.507973
V 147.500 103.500 0.924 0.524405 0.507968
V 149.000 103.500 0.896 0.525094 0.507962
V 150.500 103.500 1.213 0.525782 0.507957
V 152.000 103.500 1.220 0.526471 0.507951
V 153.500 103.500 1.162 0.527159 0.507946
V 155.000 103.500 1.147 0.527847 0.507940
V 156.500 103.500 1.118 0.528536 0.507934
V 158.000 103.500 1.055 0.529224 0.507929
V 159.500 103.500 0.966 0.529912 0.507923
V 62.000 105.000 6.974 0.485174 0.508977
V 63.500 105.000 6.618 0.485862 0.508971
V 65.000 105.000 6.310 0.486551 0.508965
V 66.500 105.000 5.888 0.487239 0.508960
V 68.000 105.000 5.431 0.487927 0.508954
V 69.500 105.000 5.083 0.488616 0.508949
V 128.000 105.000 4.488 0.515462 0.508732
V 131.000 105.000 4.658 0.516839 0.508720
V 132.500 105.000 4.485 0.517527 0.508715
V 134.000 105.000 4.290 0.518216 0.508709
V 135.500 105.000 4.062 0.518904 0.508704
V 137.000 105.000 3.787 0.519592 0.508698
V 138.500 105.000 3.457 0.520281 0.508693
V 140.000 105.000 3.069 0.520969 0.508687
V 141.500 105.000 2.652 0.521657 0.508681
V 143.000 105.000 2.222 0.522346 0.508676
V 144.500 105.000 2.005 0.523034 0.508670
V 146.000 105.000 1.749 0.523723 0.508665
V 147.500 105.000 1.268 0.524411 0.508659
V 149.000 105.000 1.178 0.525099 0.508654
V 150.500 105.000 1.560 0.525788 0.508648
V 152.000 105.000 1.928 0.526476 0.508642
V 153.500 105.000 1.911 0.527164 0.508637
V 155.000 105.000 1.915 0.527853 0.508631
V 156.500 105.000 1.876 0.528541 0.508626
V 158.000 105.000 1.789 0.529230 0.508620
V 143.000 106.500 2.729 0.522351 0.509367
V 146.000 106.500 2.242 0.523728 0.509356
V 147.500 106.500 2.082 0.524417 0.509350
V 149.000 106.500 2.075 0.525105 0.509345
V 150.500 106.500 2.212 0.525793 0.509339
V 152.000 106.500 2.482 0.526482 0.509334
V 153.500 106.500 2.677 0.527170 0.509328
V 1.900 65.240 9.439 0.457447 0.490876
V 8.900 50.240 8.366 0.460604 0.483938
V 13.900 35.240 7.212 0.462843 0.477006
V 21.900 25.240 6.511 0.466477 0.472368
V -8.100 77.240 12.146 0.452902 0.496443
V -4.100 60.240 11.513 0.454675 0.488594
V 63.900 20.240 2.404 0.485733 0.469908
V 83.900 17.240 2.514 0.494900 0.468452
V -173.897 -188.666 52.274 0.375836 0.374518
V -165.897 -188.666 47.991 0.379508 0.374488
V -157.897 -188.666 44.049 0.383179 0.374459
V -149.897 -188.666 40.182 0.386850 0.374429
V -141.897 -188.666 36.310 0.390521 0.374399
V -133.897 -188.666 32.939 0.394192 0.374370
V -125.897 -188.666 29.729 0.397863 0.374340
V -117.897 -188.666 26.514 0.401535 0.374311
V -109.897 -188.666 23.710 0.405206 0.374281
V -101.897 -188.666 21.090 0.408877 0.374251
V -93.897 -188.666 18.468 0.412548 0.374222
V -85.897 -188.666 16.108 0.416219 0.374192
V -77.897 -188.666 13.906 0.419891 0.374163
V -69.897 -188.666 11.705 0.423562 0.374133
V -61.897 -188.666 9.937 0.427233 0.374103
V -53.897 -188.666 8.501 0.430904 0.374074
V -45.897 -188.666 7.067 0.434575 0.374044
V -37.897 -188.666 5.711 0.438246 0.374014
V -29.897 -188.666 4.481 0.441918 0.373985
V -21.897 -188.666 3.254 0.445589 0.373955
V -13.897 -188.666 2.395 0.449260 0.373925
V -5.897 -188.666 1.992 0.452931 0.373896
V 2.103 -188.666 1.592 0.456602 0.373866
V 10.103 -188.666 1.405 0.460273 0.373836
V 18.103 -188.666 1.556 0.463945 0.373807
V 26.103 -188.666 1.709 0.467616 0.373777
V 34.103 -188.666 1.720 0.471287 0.373747
V 42.103 -188.666 1.431 0.474958 0.373718
V 50.103 -188.666 1.139 0.478629 0.373688
V 58.103 -188.666 0.823 0.482300 0.373658
V 66.103 -188.666 0.533 0.485972 0.373629
V 74.103 -188.666 0.147 0.489643 0.373599
V 82.103 -188.666 -0.065 0.493314 0.373569
V 90.103 -188.666 0.419 0.496985 0.373540
V 98.103 -188.666 0.903 0.500656 0.373510
V 106.103 -188.666 1.538 0.504327 0.373480
V 114.103 -188.666 3.095 0.507999 0.373451
V 122.103 -188.666 4.655 0.511670 0.373421
V 130.103 -188.666 6.250 0.515341 0.373391
V 138.103 -188.666 8.205 0.519012 0.373361
V 146.103 -188.666 10.162 0.522683 0.373332
V 154.103 -188.666 12.070 0.526354 0.373302
V 162.103 -188.666 11.431 0.530026 0.373272
V 170.103 -188.666 10.770 0.533697 0.373243
V 178.103 -188.666 10.106 0.537368 0.373213
V 186.103 -188.666 8.533 0.541039 0.373183
V 194.103 -188.666 6.922 0.544710 0.373153
V 202.103 -188.666 5.313 0.548381 0.373124
V 210.103 -188.666 4.890 0.552053 0.373094
V 218.103 -188.666 4.600 0.555724 0.373064
V 226.103 -188.666 4.308 0.559395 0.373034
V 234.103 -188.666 4.049 0.563066 0.373005
V 242.103 -188.666 3.796 0.566737 0.372975
V 250.103 -188.666 3.543 0.570408 0.372945
V 258.103 -188.666 3.537 0.574080 0.372915
V 266.103 -188.666 3.578 0.577751 0.372885
V 274.103 -188.666 3.645 0.581422 0.372856
V 282.103 -188.666 4.402 0.585093 0.372826
V 290.103 -188.666 5.436 0.588764 0.372796
V 298.103 -188.666 6.470 0.592435 0.372766
V 306.103 -188.666 8.217 0.596107 0.372737
V 314.103 -188.666 10.344 0.599778 0.372707
V 322.103 -188.666 12.476 0.603449 0.372677
V 330.103 -188.666 14.446 0.607120 0.372647
V 338.103 -188.666 16.297 0.610791 0.372617
V -173.897 -180.666 51.730 0.375866 0.378204
V -165.897 -180.666 47.565 0.379537 0.378175
V -157.897 -180.666 43.885 0.383208 0.378145
V -149.897 -180.666 40.308 0.386879 0.378116
V -141.897 -180.666 36.726 0.390551 0.378086
V -133.897 -180.666 33.688 0.394222 0.378057
V -125.897 -180.666 30.819 0.397893 0.378027
V -117.897 -180.666 27.944 0.401564 0.377997
V -109.897 -180.666 25.358 0.405235 0.377968
V -101.897 -180.666 22.897 0.408906 0.377938
V -93.897 -180.666 20.434 0.412578 0.377908
V -85.897 -180.666 18.071 0.416249 0.377879
V -77.897 -180.666 15.768 0.419920 0.377849
V -69.897 -180.666 13.466 0.423591 0.377820
V -61.897 -180.666 11.558 0.427262 0.377790
V -53.897 -180.666 9.941 0.430934 0.377760
V -45.897 -180.666 8.328 0.434605 0.377731
V -37.897 -180.666 6.763 0.438276 0.377701
V -29.897 -180.666 5.299 0.441947 0.377671
V -21.897 -180.666 3.840 0.445618 0.377642
V -13.897 -180.666 2.767 0.449289 0.377612
V -5.897 -180.666 2.156 0.452961 0.377582
V 2.103 -180.666 1.549 0.456632 0.377553
V 10.103 -180.666 1.172 0.460303 0.377523
V 18.103 -180.666 1.146 0.463974 0.377493
V 26.103 -180.666 1.123 0.467645 0.377464
V 34.103 -180.666 1.054 0.471316 0.377434
V 42.103 -180.666 0.888 0.474988 0.377404
V 50.103 -180.666 0.720 0.478659 0.377375
V 58.103 -180.666 0.540 0.482330 0.377345
V 66.103 -180.666 0.438 0.486001 0.377315
V 74.103 -180.666 0.228 0.489672 0.377286
V 82.103 -180.666 0.134 0.493343 0.377256
V 90.103 -180.666 0.486 0.497015 0.377226
V 98.103 -180.666 0.840 0.500686 0.377197
V 106.103 -180.666 1.321 0.504357 0.377167
V 114.103 -180.666 2.518 0.508028 0.377137
V 122.103 -180.666 3.720 0.511699 0.377108
V 130.103 -180.666 4.964 0.515371 0.377078
V 138.103 -180.666 6.599 0.519042 0.377048
V 146.103 -180.666 8.238 0.522713 0.377018
V 154.103 -180.666 9.825 0.526384 0.376989
V 162.103 -180.666 9.407 0.530055 0.376959
V 170.103 -180.666 8.966 0.533726 0.376929
V 178.103 -180.666 8.521 0.537398 0.376899
V 186.103 -180.666 7.119 0.541069 0.376870
V 194.103 -180.666 5.681 0.544740 0.376840
V 202.103 -180.666 4.240 0.548411 0.376810
V 210.103 -180.666 3.875 0.552082 0.376780
V 218.103 -180.666 3.622 0.555753 0.376751
V 226.103 -180.666 3.369 0.559425 0.376721
V 234.103 -180.666 3.265 0.563096 0.376691
V 242.103 -180.666 3.184 0.566767 0.376661
V 250.103 -180.666 3.101 0.570438 0.376632
V 258.103 -180.666 3.144 0.574109 0.376602
V 266.103 -180.666 3.263 0.577780 0.376572
V 274.103 -180.666 3.381 0.581452 0.376542
V 282.103 -180.666 4.156 0.585123 0.376513
V 290.103 -180.666 5.183 0.588794 0.376483
V 298.103 -180.666 6.211 0.592465 0.376453
V 306.103 -180.666 7.827 0.596136 0.376423
V 314.103 -180.666 9.747 0.599807 0.376393
V 322.103 -180.666 11.670 0.603479 0.376364
V 330.103 -180.666 13.513 0.607150 0.376334
V 338.103 -180.666 15.303 0.610821 0.376304
V -173.897 -172.666 51.188 0.375895 0.381891
V -165.897 -172.666 47.141 0.379567 0.381862
V -157.897 -172.666 43.726 0.383238 0.381832
V -149.897 -172.666 40.439 0.386909 0.381802
V -141.897 -172.666 37.147 0.390580 0.381773
V -133.897 -172.666 34.443 0.394251 0.381743
V -125.897 -172.666 31.914 0.397922 0.381714
V -117.897 -172.666 29.379 0.401594 0.381684
V -109.897 -172.666 27.009 0.405265 0.381654
V -101.897 -172.666 24.708 0.408936 0.381625
V -93.897 -172.666 22.403 0.412607 0.381595
V -85.897 -172.666 20.033 0.416278 0.381565
V -77.897 -172.666 17.628 0.419950 0.381536
V -69.897 -172.666 15.225 0.423621 0.381506
V -61.897 -172.666 13.176 0.427292 0.381477
V -53.897 -172.666 11.379 0.430963 0.381447
V -45.897 -172.666 9.586 0.434634 0.381417
V -37.897 -172.666 7.843 0.438305 0.381388
V -29.897 -172.666 6.115 0.441977 0.381358
V -21.897 -172.666 4.422 0.445648 0.381328
V -13.897 -172.666 3.135 0.449319 0.381299
V -5.897 -172.666 2.317 0.452990 0.381269
V 2.103 -172.666 1.503 0.456661 0.381239
V 10.103 -172.666 0.935 0.460332 0.381210
V 18.103 -172.666 0.733 0.464004 0.381180
V 26.103 -172.666 0.533 0.467675 0.381150
V 34.103 -172.666 0.389 0.471346 0.381121
V 42.103 -172.666 0.347 0.475017 0.381091
V 50.103 -172.666 0.302 0.478688 0.381061
V 58.103 -172.666 0.260 0.482360 0.381032
V 66.103 -172.666 0.349 0.486031 0.381002
V 74.103 -172.666 0.314 0.489702 0.380972
V 82.103 -172.666 0.332 0.493373 0.380943
V 90.103 -172.666 0.555 0.497044 0.380913
V 98.103 -172.666 0.779 0.500715 0.380883
V 106.103 -172.666 1.099 0.504387 0.380854
V 114.103 -172.666 1.931 0.508058 0.380824
V 122.103 -172.666 2.768 0.511729 0.380794
V 130.103 -172.666 3.655 0.515400 0.380764
V 138.103 -172.666 4.955 0.519071 0.380735
V 146.103 -172.666 6.261 0.522742 0.380705
V 154.103 -172.666 7.540 0.526414 0.380675
V 162.103 -172.666 7.313 0.530085 0.380646
V 170.103 -172.666 7.083 0.533756 0.380616
V 178.103 -172.666 6.848 0.537427 0.380586
V 186.103 -172.666 5.640 0.541098 0.380556
V 194.103 -172.666 4.403 0.544769 0.380527
V 202.103 -172.666 3.163 0.548441 0.380497
V 210.103 -172.666 2.844 0.552112 0.380467
V 218.103 -172.666 2.612 0.555783 0.380437
V 226.103 -172.666 2.380 0.559454 0.380408
V 234.103 -172.666 2.447 0.563125 0.380378
V 242.103 -172.666 2.564 0.566797 0.380348
V 250.103 -172.666 2.642 0.570468 0.380318
V 258.103 -172.666 2.809 0.574139 0.380289
V 266.103 -172.666 2.988 0.577810 0.380259
V 274.103 -172.666 3.167 0.581481 0.380229
V 282.103 -172.666 3.969 0.585152 0.380199
V 290.103 -172.666 5.002 0.588824 0.380169
V 298.103 -172.666 6.034 0.592495 0.380140
V 306.103 -172.666 7.532 0.596166 0.380110
V 314.103 -172.666 9.262 0.599837 0.380080
V 322.103 -172.666 10.996 0.603508 0.380050
V 330.103 -172.666 12.650 0.607179 0.380020
V 338.103 -172.666 14.255 0.610851 0.379991
V -173.897 -164.666 50.648 0.375925 0.385578
V -165.897 -164.666 46.719 0.379596 0.385548
V -157.897 -164.666 43.572 0.383267 0.385519
V -149.897 -164.666 40.574 0.386938 0.385489
V -141.897 -164.666 37.572 0.390610 0.385459
V -133.897 -164.666 35.203 0.394281 0.385430
V -125.897 -164.666 33.015 0.397952 0.385400
V -117.897 -164.666 30.820 0.401623 0.385371
V -109.897 -164.666 28.663 0.405294 0.385341
V -101.897 -164.666 26.520 0.408965 0.385311
V -93.897 -164.666 24.375 0.412637 0.385282
V -85.897 -164.666 21.993 0.416308 0.385252
V -77.897 -164.666 19.488 0.419979 0.385223
V -69.897 -164.666 16.984 0.423650 0.385193
V -61.897 -164.666 14.791 0.427321 0.385163
V -53.897 -164.666 12.815 0.430993 0.385134
V -45.897 -164.666 10.842 0.434664 0.385104
V -37.897 -164.666 8.892 0.438335 0.385074
V -29.897 -164.666 6.926 0.442006 0.385045
V -21.897 -164.666 5.001 0.445677 0.385015
V -13.897 -164.666 3.500 0.449348 0.384985
V -5.897 -164.666 2.475 0.453020 0.384956
V 2.103 -164.666 1.454 0.456691 0.384926
V 10.103 -164.666 0.696 0.460362 0.384896
V 18.103 -164.666 0.318 0.464033 0.384867
V 26.103 -164.666 -0.058 0.467704 0.384837
V 34.103 -164.666 -0.273 0.471376 0.384807
V 42.103 -164.666 -0.192 0.475047 0.384778
V 50.103 -164.666 -0.113 0.478718 0.384748
V 58.103 -164.666 -0.017 0.482389 0.384718
V 66.103 -164.666 0.264 0.486060 0.384689
V 74.103 -164.666 0.404 0.489731 0.384659
V 82.103 -164.666 0.531 0.493403 0.384629
V 90.103 -164.666 0.624 0.497074 0.384600
V 98.103 -164.666 0.718 0.500745 0.384570
V 106.103 -164.666 0.874 0.504416 0.384540
V 114.103 -164.666 1.341 0.508087 0.384511
V 122.103 -164.666 1.813 0.511759 0.384481
V 130.103 -164.666 2.341 0.515430 0.384451
V 138.103 -164.666 3.309 0.519101 0.384421
V 146.103 -164.666 4.281 0.522772 0.384392
V 154.103 -164.666 5.242 0.526443 0.384362
V 162.103 -164.666 5.225 0.530114 0.384332
V 170.103 -164.666 5.204 0.533786 0.384302
V 178.103 -164.666 5.180 0.537457 0.384273
V 186.103 -164.666 4.165 0.541128 0.384243
V 194.103 -164.666 3.129 0.544799 0.384213
V 202.103 -164.666 2.090 0.548470 0.384183
V 210.103 -164.666 1.814 0.552141 0.384154
V 218.103 -164.666 1.603 0.555813 0.384124
V 226.103 -164.666 1.391 0.559484 0.384094
V 234.103 -164.666 1.634 0.563155 0.384064
V 242.103 -164.666 1.948 0.566826 0.384035
V 250.103 -164.666 2.219 0.570497 0.384005
V 258.103 -164.666 2.474 0.574169 0.383975
V 266.103 -164.666 2.715 0.577840 0.383945
V 274.103 -164.666 2.954 0.581511 0.383916
V 282.103 -164.666 3.783 0.585182 0.383886
V 290.103 -164.666 4.820 0.588853 0.383856
V 298.103 -164.666 5.858 0.592524 0.383826
V 306.103 -164.666 7.234 0.596196 0.383796
V 314.103 -164.666 8.775 0.599867 0.383767
V 322.103 -164.666 10.319 0.603538 0.383737
V 330.103 -164.666 11.785 0.607209 0.383707
V 338.103 -164.666 13.204 0.610880 0.383677
V -173.897 -156.666 50.857 0.375954 0.389264
V -165.897 -156.666 47.196 0.379625 0.389235
V -157.897 -156.666 44.375 0.383297 0.389205
V -149.897 -156.666 41.705 0.386968 0.389176
V -141.897 -156.666 39.027 0.390639 0.389146
V -133.897 -156.666 36.852 0.394310 0.389116
V -125.897 -156.666 34.820 0.397981 0.389087
V -117.897 -156.666 32.789 0.401653 0.389057
V -109.897 -156.666 30.674 0.405324 0.389028
V -101.897 -156.666 28.530 0.408995 0.388998
V -93.897 -156.666 26.391 0.412666 0.388968
V -85.897 -156.666 23.930 0.416337 0.388939
V -77.897 -156.666 21.306 0.420009 0.388909
V -69.897 -156.666 18.684 0.423680 0.388880
V -61.897 -156.666 16.344 0.427351 0.388850
V -53.897 -156.666 14.194 0.431022 0.388820
V -45.897 -156.666 12.046 0.434693 0.388791
V -37.897 -156.666 9.913 0.438364 0.388761
V -29.897 -156.666 7.747 0.442036 0.388731
V -21.897 -156.666 5.625 0.445707 0.388702
V -13.897 -156.666 3.935 0.449378 0.388672
V -5.897 -156.666 2.717 0.453049 0.388642
V 2.103 -156.666 1.500 0.456720 0.388613
V 10.103 -156.666 0.568 0.460392 0.388583
V 18.103 -156.666 0.031 0.464063 0.388553
V 26.103 -156.666 -0.505 0.467734 0.388524
V 34.103 -156.666 -0.790 0.471405 0.388494
V 42.103 -156.666 -0.622 0.475076 0.388464
V 50.103 -156.666 -0.454 0.478747 0.388435
V 58.103 -156.666 -0.254 0.482419 0.388405
V 66.103 -156.666 0.178 0.486090 0.388375
V 74.103 -156.666 0.455 0.489761 0.388346
V 82.103 -156.666 0.664 0.493432 0.388316
V 90.103 -156.666 0.651 0.497103 0.388286
V 98.103 -156.666 0.636 0.500775 0.388257
V 106.103 -156.666 0.647 0.504446 0.388227
V 114.103 -156.666 0.787 0.508117 0.388197
V 122.103 -156.666 0.927 0.511788 0.388167
V 130.103 -156.666 1.122 0.515459 0.388138
V 138.103 -156.666 1.756 0.519130 0.388108
V 146.103 -156.666 2.394 0.522802 0.388078
V 154.103 -156.666 3.042 0.526473 0.388049
V 162.103 -156.666 3.207 0.530144 0.388019
V 170.103 -156.666 3.373 0.533815 0.387989
V 178.103 -156.666 3.539 0.537486 0.387959
V 186.103 -156.666 2.714 0.541158 0.387930
V 194.103 -156.666 1.877 0.544829 0.387900
V 202.103 -156.666 1.036 0.548500 0.387870
V 210.103 -156.666 0.797 0.552171 0.387840
V 218.103 -156.666 0.603 0.555842 0.387811
V 226.103 -156.666 0.407 0.559513 0.387781
V 234.103 -156.666 0.825 0.563185 0.387751
V 242.103 -156.666 1.287 0.566856 0.387721
V 250.103 -156.666 1.799 0.570527 0.387692
V 258.103 -156.666 2.141 0.574198 0.387662
V 266.103 -156.666 2.442 0.577869 0.387632
V 274.103 -156.666 2.743 0.581541 0.387602
V 282.103 -156.666 3.597 0.585212 0.387572
V 290.103 -156.666 4.639 0.588883 0.387543
V 298.103 -156.666 5.682 0.592554 0.387513
V 306.103 -156.666 6.934 0.596225 0.387483
V 314.103 -156.666 8.285 0.599896 0.387453
V 322.103 -156.666 9.639 0.603568 0.387424
V 330.103 -156.666 10.917 0.607239 0.387394
V 338.103 -156.666 12.126 0.610910 0.387364
V -173.897 -148.666 52.158 0.375984 0.392951
V -165.897 -148.666 49.027 0.379655 0.392921
V -157.897 -148.666 46.666 0.383326 0.392892
V -149.897 -148.666 44.432 0.386997 0.392862
V -141.897 -148.666 42.192 0.390668 0.392833
V -133.897 -148.666 40.021 0.394340 0.392803
V -125.897 -148.666 37.871 0.398011 0.392774
V -117.897 -148.666 35.723 0.401682 0.392744
V -109.897 -148.666 33.361 0.405353 0.392714
V -101.897 -148.666 30.923 0.409024 0.392685
V -93.897 -148.666 28.490 0.412696 0.392655
V -85.897 -148.666 25.820 0.416367 0.392625
V -77.897 -148.666 23.034 0.420038 0.392596
V -69.897 -148.666 20.251 0.423709 0.392566
V -61.897 -148.666 17.751 0.427380 0.392537
V -53.897 -148.666 15.435 0.431052 0.392507
V -45.897 -148.666 13.122 0.434723 0.392477
V -37.897 -148.666 10.865 0.438394 0.392448
V -29.897 -148.666 8.654 0.442065 0.392418
V -21.897 -148.666 6.393 0.445736 0.392388
V -13.897 -148.666 4.595 0.449408 0.392359
V -5.897 -148.666 3.233 0.453079 0.392329
V 2.103 -148.666 1.874 0.456750 0.392299
V 10.103 -148.666 0.834 0.460421 0.392270
V 18.103 -148.666 0.222 0.464092 0.392240
V 26.103 -148.666 -0.388 0.467763 0.392210
V 34.103 -148.666 -0.729 0.471435 0.392181
V 42.103 -148.666 -0.599 0.475106 0.392151
V 50.103 -148.666 -0.470 0.478777 0.392121
V 58.103 -148.666 -0.319 0.482448 0.392092
V 66.103 -148.666 0.063 0.486119 0.392062
V 74.103 -148.666 0.267 0.489791 0.392032
V 82.103 -148.666 0.422 0.493462 0.392003
V 90.103 -148.666 0.421 0.497133 0.391973
V 98.103 -148.666 0.420 0.500804 0.391943
V 106.103 -148.666 0.435 0.504475 0.391914
V 114.103 -148.666 0.529 0.508147 0.391884
V 122.103 -148.666 0.623 0.511818 0.391854
V 130.103 -148.666 0.753 0.515489 0.391824
V 138.103 -148.666 1.143 0.519160 0.391795
V 146.103 -148.666 1.571 0.522831 0.391765
V 154.103 -148.666 1.951 0.526502 0.391735
V 162.103 -148.666 2.063 0.530174 0.391706
V 170.103 -148.666 2.176 0.533845 0.391676
V 178.103 -148.666 2.289 0.537516 0.391646
V 186.103 -148.666 1.669 0.541187 0.391616
V 194.103 -148.666 1.044 0.544858 0.391587
V 202.103 -148.666 0.415 0.548530 0.391557
V 210.103 -148.666 0.298 0.552201 0.391527
V 218.103 -148.666 0.214 0.555872 0.391497
V 226.103 -148.666 0.128 0.559543 0.391468
V 234.103 -148.666 0.478 0.563214 0.391438
V 242.103 -148.666 0.962 0.566885 0.391408
V 250.103 -148.666 1.446 0.570557 0.391378
V 258.103 -148.666 1.785 0.574228 0.391348
V 266.103 -148.666 2.092 0.577899 0.391319
V 274.103 -148.666 2.398 0.581570 0.391289
V 282.103 -148.666 3.211 0.585241 0.391259
V 290.103 -148.666 4.189 0.588913 0.391229
V 298.103 -148.666 5.169 0.592584 0.391200
V 306.103 -148.666 6.326 0.596255 0.391170
V 314.103 -148.666 7.562 0.599926 0.391140
V 322.103 -148.666 8.800 0.603597 0.391110
V 330.103 -148.666 9.852 0.607268 0.391080
V 338.103 -148.666 10.848 0.610940 0.391051
V -173.897 -140.666 53.468 0.376013 0.396638
V -165.897 -140.666 50.868 0.379684 0.396608
V -157.897 -140.666 48.964 0.383356 0.396579
V -149.897 -140.666 47.167 0.387027 0.396549
V -141.897 -140.666 45.364 0.390698 0.396519
V -133.897 -140.666 43.188 0.394369 0.396490
V -125.897 -140.666 40.920 0.398040 0.396460
V -117.897 -140.666 38.655 0.401712 0.396431
V -109.897 -140.666 36.043 0.405383 0.396401
V -101.897 -140.666 33.311 0.409054 0.396371
V -93.897 -140.666 30.585 0.412725 0.396342
V -85.897 -140.666 27.708 0.416396 0.396312
V -77.897 -140.666 24.760 0.420068 0.396283
V -69.897 -140.666 21.815 0.423739 0.396253
V -61.897 -140.666 19.156 0.427410 0.396223
V -53.897 -140.666 16.675 0.431081 0.396194
V -45.897 -140.666 14.196 0.434752 0.396164
V -37.897 -140.666 11.817 0.438423 0.396134
V -29.897 -140.666 9.517 0.442095 0.396105
V -21.897 -140.666 7.159 0.445766 0.396075
V -13.897 -140.666 5.252 0.449437 0.396045
V -5.897 -140.666 3.748 0.453108 0.396016
V 2.103 -140.666 2.246 0.456779 0.395986
V 10.103 -140.666 1.099 0.460451 0.395956
V 18.103 -140.666 0.413 0.464122 0.395927
V 26.103 -140.666 -0.272 0.467793 0.395897
V 34.103 -140.666 -0.667 0.471464 0.395867
V 42.103 -140.666 -0.577 0.475135 0.395838
V 50.103 -140.666 -0.486 0.478807 0.395808
V 58.103 -140.666 -0.384 0.482478 0.395778
V 66.103 -140.666 -0.049 0.486149 0.395749
V 74.103 -140.666 0.082 0.489820 0.395719
V 82.103 -140.666 0.183 0.493491 0.395689
V 90.103 -140.666 0.196 0.497163 0.395660
V 98.103 -140.666 0.207 0.500834 0.395630
V 106.103 -140.666 0.224 0.504505 0.395600
V 114.103 -140.666 0.273 0.508176 0.395570
V 122.103 -140.666 0.322 0.511847 0.395541
V 130.103 -140.666 0.383 0.515518 0.395511
V 138.103 -140.666 0.528 0.519190 0.395481
V 146.103 -140.666 0.716 0.522861 0.395452
V 154.103 -140.666 0.862 0.526532 0.395422
V 162.103 -140.666 0.921 0.530203 0.395392
V 170.103 -140.666 0.981 0.533874 0.395362
V 178.103 -140.666 1.037 0.537546 0.395333
V 186.103 -140.666 0.628 0.541217 0.395303
V 194.103 -140.666 0.216 0.544888 0.395273
V 202.103 -140.666 -0.200 0.548559 0.395243
V 210.103 -140.666 -0.197 0.552230 0.395214
V 218.103 -140.666 -0.172 0.555902 0.395184
V 226.103 -140.666 -0.219 0.559573 0.395154
V 234.103 -140.666 0.186 0.563244 0.395124
V 242.103 -140.666 0.640 0.566915 0.395095
V 250.103 -140.666 1.094 0.570586 0.395065
V 258.103 -140.666 1.429 0.574257 0.395035
V 266.103 -140.666 1.738 0.577929 0.395005
V 274.103 -140.666 2.048 0.581600 0.394976
V 282.103 -140.666 2.813 0.585271 0.394946
V 290.103 -140.666 3.722 0.588942 0.394916
V 298.103 -140.666 4.631 0.592613 0.394886
V 306.103 -140.666 5.691 0.596285 0.394856
V 314.103 -140.666 6.816 0.599956 0.394827
V 322.103 -140.666 7.908 0.603627 0.394797
V 330.103 -140.666 8.792 0.607298 0.394767
V 338.103 -140.666 9.540 0.610969 0.394737
V -173.897 -132.666 54.787 0.376043 0.400324
V -165.897 -132.666 52.716 0.379714 0.400295
V -157.897 -132.666 51.268 0.383385 0.400265
V -149.897 -132.666 49.909 0.387056 0.400236
V -141.897 -132.666 48.543 0.390727 0.400206
V -133.897 -132.666 46.353 0.394399 0.400176
V -125.897 -132.666 43.968 0.398070 0.400147
V -117.897 -132.666 41.585 0.401741 0.400117
V -109.897 -132.666 38.721 0.405412 0.400088
V -101.897 -132.666 35.695 0.409083 0.400058
V -93.897 -132.666 32.675 0.412755 0.400028
V -85.897 -132.666 29.594 0.416426 0.399999
V -77.897 -132.666 26.484 0.420097 0.399969
V -69.897 -132.666 23.378 0.423768 0.399940
V -61.897 -132.666 20.558 0.427439 0.399910
V -53.897 -132.666 17.912 0.431111 0.399880
V -45.897 -132.666 15.269 0.434782 0.399851
V -37.897 -132.666 12.769 0.438453 0.399821
V -29.897 -132.666 10.379 0.442124 0.399791
V -21.897 -132.666 7.924 0.445795 0.399762
V -13.897 -132.666 5.907 0.449467 0.399732
V -5.897 -132.666 4.260 0.453138 0.399702
V 2.103 -132.666 2.616 0.456809 0.399673
V 10.103 -132.666 1.362 0.460480 0.399643
V 18.103 -132.666 0.602 0.464151 0.399613
V 26.103 -132.666 -0.157 0.467823 0.399584
V 34.103 -132.666 -0.607 0.471494 0.399554
V 42.103 -132.666 -0.555 0.475165 0.399524
V 50.103 -132.666 -0.503 0.478836 0.399495
V 58.103 -132.666 -0.451 0.482507 0.399465
V 66.103 -132.666 -0.160 0.486179 0.399435
V 74.103 -132.666 -0.101 0.489850 0.399406
V 82.103 -132.666 -0.051 0.493521 0.399376
V 90.103 -132.666 -0.026 0.497192 0.399346
V 98.103 -132.666 -0.002 0.500863 0.399317
V 106.103 -132.666 0.017 0.504534 0.399287
V 114.103 -132.666 0.021 0.508206 0.399257
V 122.103 -132.666 0.024 0.511877 0.399227
V 130.103 -132.666 0.012 0.515548 0.399198
V 138.103 -132.666 -0.088 0.519219 0.399168
V 146.103 -132.666 -0.139 0.522890 0.399138
V 154.103 -132.666 -0.224 0.526562 0.399109
V 162.103 -132.666 -0.218 0.530233 0.399079
V 170.103 -132.666 -0.213 0.533904 0.399049
V 178.103 -132.666 -0.210 0.537575 0.399019
V 186.103 -132.666 -0.406 0.541246 0.398990
V 194.103 -132.666 -0.606 0.544918 0.398960
V 202.103 -132.666 -0.810 0.548589 0.398930
V 210.103 -132.666 -0.690 0.552260 0.398900
V 218.103 -132.666 -0.555 0.555931 0.398871
V 226.103 -132.666 -0.500 0.559602 0.398841
V 234.103 -132.666 -0.107 0.563274 0.398811
V 242.103 -132.666 0.317 0.566945 0.398781
V 250.103 -132.666 0.742 0.570616 0.398752
V 258.103 -132.666 1.073 0.574287 0.398722
V 266.103 -132.666 1.385 0.577958 0.398692
V 274.103 -132.666 1.698 0.581630 0.398662
V 282.103 -132.666 2.415 0.585301 0.398632
V 290.103 -132.666 3.253 0.588972 0.398603
V 298.103 -132.666 4.092 0.592643 0.398573
V 306.103 -132.666 5.055 0.596314 0.398543
V 314.103 -132.666 6.027 0.599985 0.398513
V 322.103 -132.666 7.047 0.603657 0.398483
V 330.103 -132.666 7.727 0.607328 0.398454
V 338.103 -132.666 8.227 0.610999 0.398424
V -173.897 -124.666 57.117 0.376072 0.404011
V -165.897 -124.666 55.359 0.379743 0.403982
V -157.897 -124.666 54.067 0.383415 0.403952
V -149.897 -124.666 52.842 0.387086 0.403922
V -141.897 -124.666 51.620 0.390757 0.403893
V -133.897 -124.666 49.286 0.394428 0.403863
V -125.897 -124.666 46.704 0.398099 0.403834
V -117.897 -124.666 44.127 0.401771 0.403804
V -109.897 -124.666 41.058 0.405442 0.403774
V -101.897 -124.666 37.831 0.409113 0.403745
V -93.897 -124.666 34.606 0.412784 0.403715
V -85.897 -124.666 31.390 0.416455 0.403685
V -77.897 -124.666 28.179 0.420127 0.403656
V -69.897 -124.666 24.969 0.423798 0.403626
V -61.897 -124.666 22.026 0.427469 0.403597
V -53.897 -124.666 19.240 0.431140 0.403567
V -45.897 -124.666 16.455 0.434811 0.403537
V -37.897 -124.666 13.837 0.438482 0.403508
V -29.897 -124.666 11.345 0.442154 0.403478
V -21.897 -124.666 8.854 0.445825 0.403448
V -13.897 -124.666 6.648 0.449496 0.403419
V -5.897 -124.666 4.867 0.453167 0.403389
V 2.103 -124.666 3.088 0.456838 0.403359
V 10.103 -124.666 1.728 0.460510 0.403330
V 18.103 -124.666 0.880 0.464181 0.403300
V 26.103 -124.666 0.033 0.467852 0.403270
V 34.103 -124.666 -0.493 0.471523 0.403241
V 42.103 -124.666 -0.515 0.475194 0.403211
V 50.103 -124.666 -0.535 0.478866 0.403181
V 58.103 -124.666 -0.550 0.482537 0.403152
V 66.103 -124.666 -0.290 0.486208 0.403122
V 74.103 -124.666 -0.295 0.489879 0.403092
V 82.103 -124.666 -0.290 0.493550 0.403063
V 90.103 -124.666 -0.255 0.497222 0.403033
V 98.103 -124.666 -0.223 0.500893 0.403003
V 106.103 -124.666 -0.196 0.504564 0.402974
V 114.103 -124.666 -0.185 0.508235 0.402944
V 122.103 -124.666 -0.177 0.511906 0.402914
V 130.103 -124.666 -0.216 0.515578 0.402884
V 138.103 -124.666 -0.454 0.519249 0.402855
V 146.103 -124.666 -0.744 0.522920 0.402825
V 154.103 -124.666 -1.018 0.526591 0.402795
V 162.103 -124.666 -1.095 0.530262 0.402766
V 170.103 -124.666 -1.171 0.533934 0.402736
V 178.103 -124.666 -1.244 0.537605 0.402706
V 186.103 -124.666 -1.279 0.541276 0.402676
V 194.103 -124.666 -1.314 0.544947 0.402647
V 202.103 -124.666 -1.349 0.548618 0.402617
V 210.103 -124.666 -1.129 0.552290 0.402587
V 218.103 -124.666 -0.993 0.555961 0.402557
V 226.103 -124.666 -0.756 0.559632 0.402528
V 234.103 -124.666 -0.377 0.563303 0.402498
V 242.103 -124.666 0.017 0.566974 0.402468
V 250.103 -124.666 0.413 0.570646 0.402438
V 258.103 -124.666 0.725 0.574317 0.402408
V 266.103 -124.666 1.024 0.577988 0.402379
V 274.103 -124.666 1.325 0.581659 0.402349
V 282.103 -124.666 1.992 0.585330 0.402319
V 290.103 -124.666 2.762 0.589002 0.402289
V 298.103 -124.666 3.534 0.592673 0.402260
V 306.103 -124.666 4.349 0.596344 0.402230
V 314.103 -124.666 5.258 0.600015 0.402200
V 322.103 -124.666 6.169 0.603686 0.402170
V 330.103 -124.666 6.652 0.607358 0.402140
V 338.103 -124.666 6.912 0.611029 0.402111
V -173.897 -116.666 60.259 0.376102 0.407698
V -165.897 -116.666 58.659 0.379773 0.407668
V -157.897 -116.666 57.285 0.383444 0.407639
V -149.897 -116.666 55.939 0.387115 0.407609
V -141.897 -116.666 54.596 0.390786 0.407579
V -133.897 -116.666 51.997 0.394458 0.407550
V -125.897 -116.666 49.132 0.398129 0.407520
V -117.897 -116.666 46.272 0.401800 0.407491
V -109.897 -116.666 43.044 0.405471 0.407461
V -101.897 -116.666 39.701 0.409142 0.407431
V -93.897 -116.666 36.361 0.412814 0.407402
V -85.897 -116.666 33.087 0.416485 0.407372
V -77.897 -116.666 29.841 0.420156 0.407343
V -69.897 -116.666 26.596 0.423827 0.407313
V -61.897 -116.666 23.578 0.427498 0.407283
V -53.897 -116.666 20.687 0.431170 0.407254
V -45.897 -116.666 17.798 0.434841 0.407224
V -37.897 -116.666 15.070 0.438512 0.407194
V -29.897 -116.666 12.460 0.442183 0.407165
V -21.897 -116.666 9.851 0.445854 0.407135
V -13.897 -116.666 7.524 0.449526 0.407105
V -5.897 -116.666 5.628 0.453197 0.407076
V 2.103 -116.666 3.733 0.456868 0.407046
V 10.103 -116.666 2.269 0.460539 0.407016
V 18.103 -116.666 1.314 0.464210 0.406987
V 26.103 -116.666 0.360 0.467882 0.406957
V 34.103 -116.666 -0.278 0.471553 0.406927
V 42.103 -116.666 -0.438 0.475224 0.406898
V 50.103 -116.666 -0.596 0.478895 0.406868
V 58.103 -116.666 -0.718 0.482566 0.406838
V 66.103 -116.666 -0.465 0.486238 0.406809
V 74.103 -116.666 -0.515 0.489909 0.406779
V 82.103 -116.666 -0.544 0.493580 0.406749
V 90.103 -116.666 -0.512 0.497251 0.406720
V 98.103 -116.666 -0.483 0.500922 0.406690
V 106.103 -116.666 -0.426 0.504594 0.406660
V 114.103 -116.666 -0.260 0.508265 0.406631
V 122.103 -116.666 -0.098 0.511936 0.406601
V 130.103 -116.666 -0.008 0.515607 0.406571
V 138.103 -116.666 -0.235 0.519278 0.406541
V 146.103 -116.666 -0.522 0.522950 0.406512
V 154.103 -116.666 -0.804 0.526621 0.406482
V 162.103 -116.666 -1.020 0.530292 0.406452
V 170.103 -116.666 -1.235 0.533963 0.406422
V 178.103 -116.666 -1.443 0.537634 0.406393
V 186.103 -116.666 -1.487 0.541306 0.406363
V 194.103 -116.666 -1.531 0.544977 0.406333
V 202.103 -116.666 -1.575 0.548648 0.406303
V 210.103 -116.666 -1.432 0.552319 0.406274
V 218.103 -116.666 -1.157 0.555990 0.406244
V 226.103 -116.666 -0.883 0.559662 0.406214
V 234.103 -116.666 -0.515 0.563333 0.406184
V 242.103 -116.666 -0.137 0.567004 0.406155
V 250.103 -116.666 0.241 0.570675 0.406125
V 258.103 -116.666 0.431 0.574346 0.406095
V 266.103 -116.666 0.590 0.578018 0.406065
V 274.103 -116.666 0.751 0.581689 0.406036
V 282.103 -116.666 1.343 0.585360 0.406006
V 290.103 -116.666 2.052 0.589031 0.405976
V 298.103 -116.666 2.700 0.592702 0.405946
V 306.103 -116.666 3.463 0.596374 0.405916
V 314.103 -116.666 4.247 0.600045 0.405887
V 322.103 -116.666 5.032 0.603716 0.405857
V 330.103 -116.666 5.435 0.607387 0.405827
V 338.103 -116.666 5.647 0.611058 0.405797
V -173.897 -108.666 63.406 0.376131 0.411384
V -165.897 -108.666 61.963 0.379802 0.411355
V -157.897 -108.666 60.497 0.383473 0.411325
V -149.897 -108.666 59.034 0.387145 0.411296
V -141.897 -108.666 57.570 0.390816 0.411266
V -133.897 -108.666 54.703 0.394487 0.411236
V -125.897 -108.666 51.556 0.398158 0.411207
V -117.897 -108.666 48.414 0.401829 0.411177
V -109.897 -108.666 45.028 0.405501 0.411148
V -101.897 -108.666 41.570 0.409172 0.411118
V -93.897 -108.666 38.115 0.412843 0.411088
V -85.897 -108.666 34.783 0.416514 0.411059
V -77.897 -108.666 31.503 0.420186 0.411029
V -69.897 -108.666 28.224 0.423857 0.411000
V -61.897 -108.666 25.128 0.427528 0.410970
V -53.897 -108.666 22.133 0.431199 0.410940
V -45.897 -108.666 19.140 0.434870 0.410911
V -37.897 -108.666 16.302 0.438542 0.410881
V -29.897 -108.666 13.575 0.442213 0.410851
V -21.897 -108.666 10.849 0.445884 0.410822
V -13.897 -108.666 8.399 0.449555 0.410792
V -5.897 -108.666 6.387 0.453226 0.410762
V 2.103 -108.666 4.377 0.456898 0.410733
V 10.103 -108.666 2.808 0.460569 0.410703
V 18.103 -108.666 1.746 0.464240 0.410673
V 26.103 -108.666 0.686 0.467911 0.410644
V 34.103 -108.666 -0.066 0.471582 0.410614
V 42.103 -108.666 -0.363 0.475254 0.410584
V 50.103 -108.666 -0.659 0.478925 0.410555
V 58.103 -108.666 -0.886 0.482596 0.410525
V 66.103 -108.666 -0.636 0.486267 0.410495
V 74.103 -108.666 -0.731 0.489938 0.410466
V 82.103 -108.666 -0.792 0.493610 0.410436
V 90.103 -108.666 -0.763 0.497281 0.410406
V 98.103 -108.666 -0.738 0.500952 0.410377
V 106.103 -108.666 -0.648 0.504623 0.410347
V 114.103 -108.666 -0.327 0.508294 0.410317
V 122.103 -108.666 -0.012 0.511966 0.410287
V 130.103 -108.666 0.204 0.515637 0.410258
V 138.103 -108.666 -0.010 0.519308 0.410228
V 146.103 -108.666 -0.294 0.522979 0.410198
V 154.103 -108.666 -0.587 0.526650 0.410169
V 162.103 -108.666 -0.943 0.530322 0.410139
V 170.103 -108.666 -1.298 0.533993 0.410109
V 178.103 -108.666 -1.639 0.537664 0.410079
V 186.103 -108.666 -1.692 0.541335 0.410050
V 194.103 -108.666 -1.746 0.545006 0.410020
V 202.103 -108.666 -1.799 0.548678 0.409990
V 210.103 -108.666 -1.631 0.552349 0.409960
V 218.103 -108.666 -1.319 0.556020 0.409931
V 226.103 -108.666 -1.008 0.559691 0.409901
V 234.103 -108.666 -0.652 0.563362 0.409871
V 242.103 -108.666 -0.292 0.567034 0.409841
V 250.103 -108.666 0.069 0.570705 0.409812
V 258.103 -108.666 0.135 0.574376 0.409782
V 266.103 -108.666 0.154 0.578047 0.409752
V 274.103 -108.666 0.175 0.581718 0.409722
V 282.103 -108.666 0.693 0.585390 0.409692
V 290.103 -108.666 1.265 0.589061 0.409663
V 298.103 -108.666 1.920 0.592732 0.409633
V 306.103 -108.666 2.576 0.596403 0.409603
V 314.103 -108.666 3.233 0.600074 0.409573
V 322.103 -108.666 3.893 0.603746 0.409544
V 330.103 -108.666 4.218 0.607417 0.409514
V 338.103 -108.666 4.381 0.611088 0.409484
V -173.897 -100.666 66.555 0.376160 0.415071
V -165.897 -100.666 65.270 0.379832 0.415042
V -157.897 -100.666 63.711 0.383503 0.415012
V -149.897 -100.666 62.123 0.387174 0.414982
V -141.897 -100.666 60.542 0.390845 0.414953
V -133.897 -100.666 57.405 0.394517 0.414923
V -125.897 -100.666 53.976 0.398188 0.414894
V -117.897 -100.666 50.551 0.401859 0.414864
V -109.897 -100.666 47.010 0.405530 0.414834
V -101.897 -100.666 43.437 0.409201 0.414805
V -93.897 -100.666 39.867 0.412873 0.414775
V -85.897 -100.666 36.480 0.416544 0.414746
V -77.897 -100.666 33.165 0.420215 0.414716
V -69.897 -100.666 29.852 0.423886 0.414686
V -61.897 -100.666 26.678 0.427557 0.414657
V -53.897 -100.666 23.579 0.431229 0.414627
V -45.897 -100.666 20.481 0.434900 0.414597
V -37.897 -100.666 17.534 0.438571 0.414568
V -29.897 -100.666 14.689 0.442242 0.414538
V -21.897 -100.666 11.846 0.445913 0.414508
V -13.897 -100.666 9.387 0.449585 0.414479
V -5.897 -100.666 7.144 0.453256 0.414449
V 2.103 -100.666 5.018 0.456927 0.414419
V 10.103 -100.666 3.346 0.460598 0.414390
V 18.103 -100.666 2.177 0.464270 0.414360
V 26.103 -100.666 1.010 0.467941 0.414330
V 34.103 -100.666 0.145 0.471612 0.414301
V 42.103 -100.666 -0.290 0.475283 0.414271
V 50.103 -100.666 -0.724 0.478954 0.414241
V 58.103 -100.666 -1.055 0.482626 0.414212
V 66.103 -100.666 -0.801 0.486297 0.414182
V 74.103 -100.666 -0.941 0.489968 0.414152
V 82.103 -100.666 -1.033 0.493639 0.414123
V 90.103 -100.666 -1.008 0.497310 0.414093
V 98.103 -100.666 -0.986 0.500982 0.414063
V 106.103 -100.666 -0.861 0.504653 0.414034
V 114.103 -100.666 -0.387 0.508324 0.414004
V 122.103 -100.666 0.082 0.511995 0.413974
V 130.103 -100.666 0.421 0.515666 0.413944
V 138.103 -100.666 0.221 0.519338 0.413915
V 146.103 -100.666 -0.061 0.523009 0.413885
V 154.103 -100.666 -0.368 0.526680 0.413855
V 162.103 -100.666 -0.864 0.530351 0.413826
V 170.103 -100.666 -1.359 0.534022 0.413796
V 178.103 -100.666 -1.832 0.537694 0.413766
V 186.103 -100.666 -1.895 0.541365 0.413736
V 194.103 -100.666 -1.958 0.545036 0.413707
V 202.103 -100.666 -2.172 0.548707 0.413677
V 210.103 -100.666 -1.828 0.552379 0.413647
V 218.103 -100.666 -1.480 0.556050 0.413617
V 226.103 -100.666 -1.132 0.559721 0.413588
V 234.103 -100.666 -0.789 0.563392 0.413558
V 242.103 -100.666 -0.446 0.567063 0.413528
V 250.103 -100.666 -0.102 0.570735 0.413498
V 258.103 -100.666 -0.163 0.574406 0.413468
V 266.103 -100.666 -0.284 0.578077 0.413439
V 274.103 -100.666 -0.403 0.581748 0.413409
V 282.103 -100.666 -0.047 0.585419 0.413379
V 290.103 -100.666 0.546 0.589091 0.413349
V 298.103 -100.666 1.139 0.592762 0.413320
V 306.103 -100.666 1.686 0.596433 0.413290
V 314.103 -100.666 2.218 0.600104 0.413260
V 322.103 -100.666 2.752 0.603775 0.413230
V 330.103 -100.666 2.999 0.607447 0.413200
V 338.103 -100.666 3.114 0.611118 0.413171
V -173.897 -92.666 69.348 0.376190 0.418758
V -165.897 -92.666 68.131 0.379861 0.418728
V -157.897 -92.666 66.352 0.383532 0.418699
V -149.897 -92.666 64.521 0.387204 0.418669
V -141.897 -92.666 62.695 0.390875 0.418639
V -133.897 -92.666 59.418 0.394546 0.418610
V -125.897 -92.666 55.874 0.398217 0.418580
V -117.897 -92.666 52.330 0.401888 0.418551
V -109.897 -92.666 48.724 0.405560 0.418521
V -101.897 -92.666 45.102 0.409231 0.418491
V -93.897 -92.666 41.480 0.412902 0.418462
V -85.897 -92.666 38.037 0.416573 0.418432
V -77.897 -92.666 34.662 0.420245 0.418403
V -69.897 -92.666 31.289 0.423916 0.418373
V -61.897 -92.666 28.047 0.427587 0.418343
V -53.897 -92.666 24.870 0.431258 0.418314
V -45.897 -92.666 21.695 0.434929 0.418284
V -37.897 -92.666 18.668 0.438601 0.418254
V -29.897 -92.666 15.737 0.442272 0.418225
V -21.897 -92.666 12.807 0.445943 0.418195
V -13.897 -92.666 10.267 0.449614 0.418165
V -5.897 -92.666 7.921 0.453285 0.418136
V 2.103 -92.666 5.707 0.456957 0.418106
V 10.103 -92.666 3.937 0.460628 0.418076
V 18.103 -92.666 2.645 0.464299 0.418047
V 26.103 -92.666 1.356 0.467970 0.418017
V 34.103 -92.666 0.366 0.471641 0.417987
V 42.103 -92.666 -0.212 0.475313 0.417958
V 50.103 -92.666 -0.789 0.478984 0.417928
V 58.103 -92.666 -1.232 0.482655 0.417898
V 66.103 -92.666 -0.984 0.486326 0.417869
V 74.103 -92.666 -1.184 0.489998 0.417839
V 82.103 -92.666 -1.313 0.493669 0.417809
V 90.103 -92.666 -1.270 0.497340 0.417780
V 98.103 -92.666 -1.233 0.501011 0.417750
V 106.103 -92.666 -1.081 0.504682 0.417720
V 114.103 -92.666 -0.548 0.508354 0.417691
V 122.103 -92.666 -0.017 0.512025 0.417661
V 130.103 -92.666 0.465 0.515696 0.417631
V 138.103 -92.666 0.206 0.519367 0.417601
V 146.103 -92.666 -0.057 0.523038 0.417572
V 154.103 -92.666 -0.358 0.526710 0.417542
V 162.103 -92.666 -0.919 0.530381 0.417512
V 170.103 -92.666 -1.483 0.534052 0.417482
V 178.103 -92.666 -2.021 0.537723 0.417453
V 186.103 -92.666 -2.094 0.541394 0.417423
V 194.103 -92.666 -2.350 0.545066 0.417393
V 202.103 -92.666 -2.406 0.548737 0.417364
V 210.103 -92.666 -2.052 0.552408 0.417334
V 218.103 -92.666 -1.694 0.556079 0.417304
V 226.103 -92.666 -1.335 0.559751 0.417274
V 234.103 -92.666 -1.023 0.563422 0.417244
V 242.103 -92.666 -0.713 0.567093 0.417215
V 250.103 -92.666 -0.401 0.570764 0.417185
V 258.103 -92.666 -0.543 0.574435 0.417155
V 266.103 -92.666 -0.751 0.578107 0.417125
V 274.103 -92.666 -1.067 0.581778 0.417096
V 282.103 -92.666 -0.690 0.585449 0.417066
V 290.103 -92.666 -0.178 0.589120 0.417036
V 298.103 -92.666 0.337 0.592791 0.417006
V 306.103 -92.666 0.777 0.596463 0.416976
V 314.103 -92.666 1.192 0.600134 0.416947
V 322.103 -92.666 1.609 0.603805 0.416917
V 330.103 -92.666 1.791 0.607476 0.416887
V 338.103 -92.666 1.867 0.611147 0.416857
V -173.897 -84.666 71.987 0.376219 0.422445
V -165.897 -84.666 70.792 0.379891 0.422415
V -157.897 -84.666 68.724 0.383562 0.422385
V -149.897 -84.666 66.581 0.387233 0.422356
V -141.897 -84.666 64.443 0.390904 0.422326
V -133.897 -84.666 61.069 0.394575 0.422297
V -125.897 -84.666 57.487 0.398247 0.422267
V -117.897 -84.666 53.913 0.401918 0.422237
V -109.897 -84.666 50.286 0.405589 0.422208
V -101.897 -84.666 46.646 0.409260 0.422178
V -93.897 -84.666 43.008 0.412932 0.422149
V -85.897 -84.666 39.504 0.416603 0.422119
V -77.897 -84.666 36.050 0.420274 0.422089
V -69.897 -84.666 32.597 0.423945 0.422060
V -61.897 -84.666 29.289 0.427616 0.422030
V -53.897 -84.666 26.051 0.431288 0.422000
V -45.897 -84.666 22.814 0.434959 0.421971
V -37.897 -84.666 19.726 0.438630 0.421941
V -29.897 -84.666 16.732 0.442301 0.421911
V -21.897 -84.666 13.739 0.445973 0.421882
V -13.897 -84.666 11.142 0.449644 0.421852
V -5.897 -84.666 8.870 0.453315 0.421822
V 2.103 -84.666 6.438 0.456986 0.421793
V 10.103 -84.666 4.576 0.460657 0.421763
V 18.103 -84.666 3.149 0.464329 0.421734
V 26.103 -84.666 1.723 0.468000 0.421704
V 34.103 -84.666 0.598 0.471671 0.421674
V 42.103 -84.666 -0.129 0.475342 0.421644
V 50.103 -84.666 -0.854 0.479013 0.421615
V 58.103 -84.666 -1.419 0.482685 0.421585
V 66.103 -84.666 -1.189 0.486356 0.421555
V 74.103 -84.666 -1.470 0.490027 0.421526
V 82.103 -84.666 -1.641 0.493698 0.421496
V 90.103 -84.666 -1.557 0.497370 0.421466
V 98.103 -84.666 -1.480 0.501041 0.421437
V 106.103 -84.666 -1.314 0.504712 0.421407
V 114.103 -84.666 -0.862 0.508383 0.421377
V 122.103 -84.666 -0.412 0.512054 0.421348
V 130.103 -84.666 0.020 0.515726 0.421318
V 138.103 -84.666 -0.206 0.519397 0.421288
V 146.103 -84.666 -0.436 0.523068 0.421258
V 154.103 -84.666 -0.704 0.526739 0.421229
V 162.103 -84.666 -1.212 0.530410 0.421199
V 170.103 -84.666 -1.722 0.534082 0.421169
V 178.103 -84.666 -2.206 0.537753 0.421139
V 186.103 -84.666 -2.289 0.541424 0.421110
V 194.103 -84.666 -2.573 0.545095 0.421080
V 202.103 -84.666 -2.635 0.548767 0.421050
V 210.103 -84.666 -2.334 0.552438 0.421020
V 218.103 -84.666 -2.032 0.556109 0.420991
V 226.103 -84.666 -1.729 0.559780 0.420961
V 234.103 -84.666 -1.499 0.563451 0.420931
V 242.103 -84.666 -1.272 0.567123 0.420901
V 250.103 -84.666 -1.043 0.570794 0.420872
V 258.103 -84.666 -1.146 0.574465 0.420842
V 266.103 -84.666 -1.424 0.578136 0.420812
V 274.103 -84.666 -1.561 0.581807 0.420782
V 282.103 -84.666 -1.283 0.585479 0.420753
V 290.103 -84.666 -0.912 0.589150 0.420723
V 298.103 -84.666 -0.539 0.592821 0.420693
V 306.103 -84.666 -0.197 0.596492 0.420663
V 314.103 -84.666 0.135 0.600164 0.420633
V 322.103 -84.666 0.469 0.603835 0.420604
V 330.103 -84.666 0.630 0.607506 0.420574
V 338.103 -84.666 0.716 0.611177 0.420544
V -173.897 -76.666 74.681 0.376249 0.426131
V -165.897 -76.666 73.454 0.379920 0.426102
V -157.897 -76.666 71.091 0.383591 0.426072
V -149.897 -76.666 68.635 0.387263 0.426042
V -141.897 -76.666 66.186 0.390934 0.426013
V -133.897 -76.666 62.725 0.394605 0.425983
V -125.897 -76.666 59.106 0.398276 0.425954
V -117.897 -76.666 55.487 0.401947 0.425924
V -109.897 -76.666 51.847 0.405619 0.425894
V -101.897 -76.666 48.191 0.409290 0.425865
V -93.897 -76.666 44.536 0.412961 0.425835
V -85.897 -76.666 40.970 0.416632 0.425806
V -77.897 -76.666 37.436 0.420304 0.425776
V -69.897 -76.666 33.904 0.423975 0.425746
V -61.897 -76.666 30.531 0.427646 0.425717
V -53.897 -76.666 27.232 0.431317 0.425687
V -45.897 -76.666 23.934 0.434988 0.425657
V -37.897 -76.666 20.785 0.438660 0.425628
V -29.897 -76.666 17.728 0.442331 0.425598
V -21.897 -76.666 14.672 0.446002 0.425568
V -13.897 -76.666 12.019 0.449673 0.425539
V -5.897 -76.666 9.684 0.453344 0.425509
V 2.103 -76.666 7.168 0.457016 0.425480
V 10.103 -76.666 5.214 0.460687 0.425450
V 18.103 -76.666 3.650 0.464358 0.425420
V 26.103 -76.666 2.089 0.468029 0.425391
V 34.103 -76.666 0.828 0.471701 0.425361
V 42.103 -76.666 -0.048 0.475372 0.425331
V 50.103 -76.666 -0.921 0.479043 0.425302
V 58.103 -76.666 -1.606 0.482714 0.425272
V 66.103 -76.666 -1.386 0.486385 0.425242
V 74.103 -76.666 -1.748 0.490057 0.425212
V 82.103 -76.666 -1.958 0.493728 0.425183
V 90.103 -76.666 -1.834 0.497399 0.425153
V 98.103 -76.666 -1.717 0.501070 0.425123
V 106.103 -76.666 -1.540 0.504742 0.425094
V 114.103 -76.666 -1.168 0.508413 0.425064
V 122.103 -76.666 -0.801 0.512084 0.425034
V 130.103 -76.666 -0.414 0.515755 0.425004
V 138.103 -76.666 -0.608 0.519426 0.424975
V 146.103 -76.666 -0.807 0.523098 0.424945
V 154.103 -76.666 -1.043 0.526769 0.424915
V 162.103 -76.666 -1.498 0.530440 0.424886
V 170.103 -76.666 -1.956 0.534111 0.424856
V 178.103 -76.666 -2.388 0.537783 0.424826
V 186.103 -76.666 -2.725 0.541454 0.424796
V 194.103 -76.666 -2.795 0.545125 0.424767
V 202.103 -76.666 -2.861 0.548796 0.424737
V 210.103 -76.666 -2.617 0.552467 0.424707
V 218.103 -76.666 -2.371 0.556139 0.424677
V 226.103 -76.666 -2.123 0.559810 0.424648
V 234.103 -76.666 -1.976 0.563481 0.424618
V 242.103 -76.666 -1.832 0.567152 0.424588
V 250.103 -76.666 -1.686 0.570823 0.424558
V 258.103 -76.666 -1.905 0.574495 0.424529
V 266.103 -76.666 -1.979 0.578166 0.424499
V 274.103 -76.666 -2.054 0.581837 0.424469
V 282.103 -76.666 -1.879 0.585508 0.424439
V 290.103 -76.666 -1.649 0.589180 0.424409
V 298.103 -76.666 -1.418 0.592851 0.424380
V 306.103 -76.666 -1.173 0.596522 0.424350
V 314.103 -76.666 -0.924 0.600193 0.424320
V 322.103 -76.666 -0.673 0.603864 0.424290
V 330.103 -76.666 -0.531 0.607536 0.424260
V 338.103 -76.666 -0.442 0.611207 0.424231
V -173.897 -68.666 77.326 0.376278 0.429818
V -165.897 -68.666 76.182 0.379950 0.429788
V -157.897 -68.666 73.526 0.383621 0.429759
V -149.897 -68.666 70.685 0.387292 0.429729
V -141.897 -68.666 67.923 0.390963 0.429700
V -133.897 -68.666 64.381 0.394634 0.429670
V -125.897 -68.666 60.725 0.398306 0.429640
V -117.897 -68.666 57.069 0.401977 0.429611
V -109.897 -68.666 53.398 0.405648 0.429581
V -101.897 -68.666 49.735 0.409319 0.429552
V -93.897 -68.666 46.064 0.412991 0.429522
V -85.897 -68.666 42.435 0.416662 0.429492
V -77.897 -68.666 38.822 0.420333 0.429463
V -69.897 -68.666 35.211 0.424004 0.429433
V -61.897 -68.666 31.772 0.427675 0.429403
V -53.897 -68.666 28.412 0.431347 0.429374
V -45.897 -68.666 25.054 0.435018 0.429344
V -37.897 -68.666 21.845 0.438689 0.429314
V -29.897 -68.666 18.726 0.442360 0.429285
V -21.897 -68.666 15.606 0.446032 0.429255
V -13.897 -68.666 12.897 0.449703 0.429226
V -5.897 -68.666 10.501 0.453374 0.429196
V 2.103 -68.666 7.897 0.457045 0.429166
V 10.103 -68.666 5.850 0.460716 0.429137
V 18.103 -68.666 4.150 0.464388 0.429107
V 26.103 -68.666 2.453 0.468059 0.429077
V 34.103 -68.666 1.055 0.471730 0.429048
V 42.103 -68.666 0.031 0.475401 0.429018
V 50.103 -68.666 -0.991 0.479073 0.428988
V 58.103 -68.666 -1.795 0.482744 0.428959
V 66.103 -68.666 -1.575 0.486415 0.428929
V 74.103 -68.666 -2.016 0.490086 0.428899
V 82.103 -68.666 -2.264 0.493757 0.428869
V 90.103 -68.666 -2.099 0.497429 0.428840
V 98.103 -68.666 -1.943 0.501100 0.428810
V 106.103 -68.666 -1.757 0.504771 0.428780
V 114.103 -68.666 -1.468 0.508442 0.428751
V 122.103 -68.666 -1.041 0.512114 0.428721
V 130.103 -68.666 -0.838 0.515785 0.428691
V 138.103 -68.666 -1.001 0.519456 0.428661
V 146.103 -68.666 -1.169 0.523127 0.428632
V 154.103 -68.666 -1.374 0.526798 0.428602
V 162.103 -68.666 -1.778 0.530470 0.428572
V 170.103 -68.666 -2.184 0.534141 0.428543
V 178.103 -68.666 -2.861 0.537812 0.428513
V 186.103 -68.666 -2.938 0.541483 0.428483
V 194.103 -68.666 -3.015 0.545155 0.428453
V 202.103 -68.666 -3.087 0.548826 0.428424
V 210.103 -68.666 -2.899 0.552497 0.428394
V 218.103 -68.666 -2.709 0.556168 0.428364
V 226.103 -68.666 -2.518 0.559839 0.428334
V 234.103 -68.666 -2.453 0.563511 0.428305
V 242.103 -68.666 -2.392 0.567182 0.428275
V 250.103 -68.666 -2.519 0.570853 0.428245
V 258.103 -68.666 -2.521 0.574524 0.428215
V 266.103 -68.666 -2.533 0.578196 0.428185
V 274.103 -68.666 -2.546 0.581867 0.428156
V 282.103 -68.666 -2.477 0.585538 0.428126
V 290.103 -68.666 -2.389 0.589209 0.428096
V 298.103 -68.666 -2.299 0.592880 0.428066
V 306.103 -68.666 -2.150 0.596552 0.428037
V 314.103 -68.666 -1.984 0.600223 0.428007
V 322.103 -68.666 -1.826 0.603894 0.427977
V 330.103 -68.666 -1.701 0.607565 0.427947
V 338.103 -68.666 -1.594 0.611237 0.427917
V -173.897 -60.666 78.187 0.376308 0.433505
V -165.897 -60.666 76.590 0.379979 0.433475
V -157.897 -60.666 73.673 0.383650 0.433445
V -149.897 -60.666 70.676 0.387321 0.433416
V -141.897 -60.666 67.588 0.390993 0.433386
V -133.897 -60.666 64.031 0.394664 0.433357
V -125.897 -60.666 60.397 0.398335 0.433327
V -117.897 -60.666 56.764 0.402006 0.433297
V -109.897 -60.666 53.163 0.405678 0.433268
V -101.897 -60.666 49.569 0.409349 0.433238
V -93.897 -60.666 45.986 0.413020 0.433209
V -85.897 -60.666 42.407 0.416691 0.433179
V -77.897 -60.666 38.831 0.420363 0.433149
V -69.897 -60.666 35.256 0.424034 0.433120
V -61.897 -60.666 31.854 0.427705 0.433090
V -53.897 -60.666 28.527 0.431376 0.433060
V -45.897 -60.666 25.200 0.435047 0.433031
V -37.897 -60.666 22.034 0.438719 0.433001
V -29.897 -60.666 18.958 0.442390 0.432972
V -21.897 -60.666 15.881 0.446061 0.432942
V -13.897 -60.666 13.202 0.449732 0.432912
V -5.897 -60.666 10.818 0.453404 0.432883
V 2.103 -60.666 8.431 0.457075 0.432853
V 10.103 -60.666 6.125 0.460746 0.432823
V 18.103 -60.666 4.363 0.464417 0.432794
V 26.103 -60.666 2.601 0.468088 0.432764
V 34.103 -60.666 1.175 0.471760 0.432734
V 42.103 -60.666 0.154 0.475431 0.432705
V 50.103 -60.666 -0.869 0.479102 0.432675
V 58.103 -60.666 -1.705 0.482773 0.432645
V 66.103 -60.666 -1.475 0.486445 0.432616
V 74.103 -60.666 -1.997 0.490116 0.432586
V 82.103 -60.666 -2.316 0.493787 0.432556
V 90.103 -60.666 -2.217 0.497458 0.432526
V 98.103 -60.666 -2.126 0.501129 0.432497
V 106.103 -60.666 -1.996 0.504801 0.432467
V 114.103 -60.666 -1.748 0.508472 0.432437
V 122.103 -60.666 -1.338 0.512143 0.432408
V 130.103 -60.666 -1.164 0.515814 0.432378
V 138.103 -60.666 -1.292 0.519486 0.432348
V 146.103 -60.666 -1.427 0.523157 0.432318
V 154.103 -60.666 -1.602 0.526828 0.432289
V 162.103 -60.666 -1.977 0.530499 0.432259
V 170.103 -60.666 -2.709 0.534171 0.432229
V 178.103 -60.666 -3.032 0.537842 0.432200
V 186.103 -60.666 -3.132 0.541513 0.432170
V 194.103 -60.666 -3.232 0.545184 0.432140
V 202.103 -60.666 -3.325 0.548855 0.432110
V 210.103 -60.666 -3.192 0.552527 0.432081
V 218.103 -60.666 -3.057 0.556198 0.432051
V 226.103 -60.666 -2.920 0.559869 0.432021
V 234.103 -60.666 -2.885 0.563540 0.431991
V 242.103 -60.666 -3.083 0.567212 0.431961
V 250.103 -60.666 -3.031 0.570883 0.431932
V 258.103 -60.666 -3.007 0.574554 0.431902
V 266.103 -60.666 -2.986 0.578225 0.431872
V 274.103 -60.666 -2.966 0.581896 0.431842
V 282.103 -60.666 -2.965 0.585568 0.431813
V 290.103 -60.666 -2.969 0.589239 0.431783
V 298.103 -60.666 -2.972 0.592910 0.431753
V 306.103 -60.666 -2.903 0.596581 0.431723
V 314.103 -60.666 -2.825 0.600253 0.431693
V 322.103 -60.666 -2.734 0.603924 0.431664
V 330.103 -60.666 -2.639 0.607595 0.431634
V 338.103 -60.666 -2.542 0.611266 0.431604
V -173.897 -52.666 78.714 0.376337 0.437191
V -165.897 -52.666 76.551 0.380008 0.437162
V -157.897 -52.666 73.359 0.383680 0.437132
V -149.897 -52.666 70.116 0.387351 0.437103
V -141.897 -52.666 66.879 0.391022 0.437073
V -133.897 -52.666 63.194 0.394693 0.437043
V -125.897 -52.666 59.574 0.398365 0.437014
V -117.897 -52.666 55.954 0.402036 0.436984
V -109.897 -52.666 52.425 0.405707 0.436955
V -101.897 -52.666 48.914 0.409378 0.436925
V -93.897 -52.666 45.403 0.413050 0.436895
V -85.897 -52.666 41.883 0.416721 0.436866
V -77.897 -52.666 38.379 0.420392 0.436836
V -69.897 -52.666 34.859 0.424063 0.436806
V -61.897 -52.666 31.513 0.427734 0.436777
V -53.897 -52.666 28.238 0.431406 0.436747
V -45.897 -52.666 24.964 0.435077 0.436718
V -37.897 -52.666 21.866 0.438748 0.436688
V -29.897 -52.666 18.866 0.442419 0.436658
V -21.897 -52.666 15.864 0.446091 0.436629
V -13.897 -52.666 13.245 0.449762 0.436599
V -5.897 -52.666 10.898 0.453433 0.436569
V 2.103 -52.666 8.548 0.457104 0.436540
V 10.103 -52.666 6.216 0.460776 0.436510
V 18.103 -52.666 4.423 0.464447 0.436480
V 26.103 -52.666 2.631 0.468118 0.436451
V 34.103 -52.666 1.236 0.471789 0.436421
V 42.103 -52.666 0.305 0.475460 0.436391
V 50.103 -52.666 -0.628 0.479132 0.436362
V 58.103 -52.666 -1.438 0.482803 0.436332
V 66.103 -52.666 -1.180 0.486474 0.436302
V 74.103 -52.666 -1.776 0.490145 0.436273
V 82.103 -52.666 -2.187 0.493817 0.436243
V 90.103 -52.666 -2.225 0.497488 0.436213
V 98.103 -52.666 -2.275 0.501159 0.436183
V 106.103 -52.666 -2.249 0.504830 0.436154
V 114.103 -52.666 -2.009 0.508502 0.436124
V 122.103 -52.666 -1.576 0.512173 0.436094
V 130.103 -52.666 -1.403 0.515844 0.436065
V 138.103 -52.666 -1.492 0.519515 0.436035
V 146.103 -52.666 -1.589 0.523186 0.436005
V 154.103 -52.666 -1.732 0.526858 0.435975
V 162.103 -52.666 -2.097 0.530529 0.435946
V 170.103 -52.666 -2.856 0.534200 0.435916
V 178.103 -52.666 -3.166 0.537871 0.435886
V 186.103 -52.666 -3.306 0.541543 0.435856
V 194.103 -52.666 -3.445 0.545214 0.435827
V 202.103 -52.666 -3.575 0.548885 0.435797
V 210.103 -52.666 -3.496 0.552556 0.435767
V 218.103 -52.666 -3.415 0.556228 0.435737
V 226.103 -52.666 -3.331 0.559899 0.435708
V 234.103 -52.666 -3.532 0.563570 0.435678
V 242.103 -52.666 -3.432 0.567241 0.435648
V 250.103 -52.666 -3.332 0.570912 0.435618
V 258.103 -52.666 -3.308 0.574584 0.435589
V 266.103 -52.666 -3.292 0.578255 0.435559
V 274.103 -52.666 -3.276 0.581926 0.435529
V 282.103 -52.666 -3.277 0.585597 0.435499
V 290.103 -52.666 -3.282 0.589269 0.435470
V 298.103 -52.666 -3.287 0.592940 0.435440
V 306.103 -52.666 -3.272 0.596611 0.435410
V 314.103 -52.666 -3.233 0.600282 0.435380
V 322.103 -52.666 -3.194 0.603953 0.435350
V 330.103 -52.666 -3.137 0.607625 0.435321
V 338.103 -52.666 -3.079 0.611296 0.435291
V -173.897 -44.666 79.231 0.376367 0.440878
V -165.897 -44.666 76.502 0.380038 0.440848
V -157.897 -44.666 73.042 0.383709 0.440819
V -149.897 -44.666 69.553 0.387380 0.440789
V -141.897 -44.666 66.070 0.391052 0.440760
V -133.897 -44.666 62.487 0.394723 0.440730
V -125.897 -44.666 58.893 0.398394 0.440700
V -117.897 -44.666 55.145 0.402065 0.440671
V -109.897 -44.666 51.689 0.405737 0.440641
V -101.897 -44.666 48.262 0.409408 0.440612
V -93.897 -44.666 44.834 0.413079 0.440582
V -85.897 -44.666 41.376 0.416750 0.440552
V -77.897 -44.666 37.909 0.420422 0.440523
V -69.897 -44.666 34.464 0.424093 0.440493
V -61.897 -44.666 31.173 0.427764 0.440464
V -53.897 -44.666 27.951 0.431435 0.440434
V -45.897 -44.666 24.729 0.435106 0.440404
V -37.897 -44.666 21.702 0.438778 0.440375
V -29.897 -44.666 18.777 0.442449 0.440345
V -21.897 -44.666 15.851 0.446120 0.440315
V -13.897 -44.666 13.291 0.449791 0.440286
V -5.897 -44.666 10.983 0.453463 0.440256
V 2.103 -44.666 8.670 0.457134 0.440226
V 10.103 -44.666 6.306 0.460805 0.440197
V 18.103 -44.666 4.483 0.464476 0.440167
V 26.103 -44.666 2.660 0.468148 0.440137
V 34.103 -44.666 1.299 0.471819 0.440108
V 42.103 -44.666 0.458 0.475490 0.440078
V 50.103 -44.666 -0.385 0.479161 0.440048
V 58.103 -44.666 -1.171 0.482832 0.440019
V 66.103 -44.666 -0.872 0.486504 0.439989
V 74.103 -44.666 -1.541 0.490175 0.439959
V 82.103 -44.666 -2.044 0.493846 0.439930
V 90.103 -44.666 -2.220 0.497517 0.439900
V 98.103 -44.666 -2.411 0.501189 0.439870
V 106.103 -44.666 -2.489 0.504860 0.439840
V 114.103 -44.666 -2.047 0.508531 0.439811
V 122.103 -44.666 -1.799 0.512202 0.439781
V 130.103 -44.666 -1.627 0.515874 0.439751
V 138.103 -44.666 -1.680 0.519545 0.439722
V 146.103 -44.666 -1.741 0.523216 0.439692
V 154.103 -44.666 -1.854 0.526887 0.439662
V 162.103 -44.666 -2.687 0.530559 0.439632
V 170.103 -44.666 -2.999 0.534230 0.439603
V 178.103 -44.666 -3.298 0.537901 0.439573
V 186.103 -44.666 -3.478 0.541572 0.439543
V 194.103 -44.666 -3.657 0.545243 0.439513
V 202.103 -44.666 -3.825 0.548915 0.439484
V 210.103 -44.666 -3.800 0.552586 0.439454
V 218.103 -44.666 -3.773 0.556257 0.439424
V 226.103 -44.666 -4.075 0.559928 0.439394
V 234.103 -44.666 -3.928 0.563600 0.439365
V 242.103 -44.666 -3.781 0.567271 0.439335
V 250.103 -44.666 -3.634 0.570942 0.439305
V 258.103 -44.666 -3.611 0.574613 0.439275
V 266.103 -44.666 -3.598 0.578285 0.439246
V 274.103 -44.666 -3.586 0.581956 0.439216
V 282.103 -44.666 -3.589 0.585627 0.439186
V 290.103 -44.666 -3.595 0.589298 0.439156
V 298.103 -44.666 -3.619 0.592969 0.439126
V 306.103 -44.666 -3.630 0.596641 0.439097
V 314.103 -44.666 -3.642 0.600312 0.439067
V 322.103 -44.666 -3.654 0.603983 0.439037
V 330.103 -44.666 -3.642 0.607654 0.439007
V 338.103 -44.666 -3.612 0.611326 0.438977
V -173.897 -36.666 79.739 0.376396 0.444565
V -165.897 -36.666 76.445 0.380067 0.444535
V -157.897 -36.666 72.720 0.383739 0.444506
V -149.897 -36.666 68.986 0.387410 0.444476
V -141.897 -36.666 65.257 0.391081 0.444446
V -133.897 -36.666 61.663 0.394752 0.444417
V -125.897 -36.666 58.085 0.398424 0.444387
V -117.897 -36.666 54.508 0.402095 0.444358
V -109.897 -36.666 50.954 0.405766 0.444328
V -101.897 -36.666 47.610 0.409437 0.444298
V -93.897 -36.666 44.267 0.413109 0.444269
V -85.897 -36.666 40.870 0.416780 0.444239
V -77.897 -36.666 37.459 0.420451 0.444209
V -69.897 -36.666 34.049 0.424122 0.444180
V -61.897 -36.666 30.834 0.427793 0.444150
V -53.897 -36.666 27.665 0.431465 0.444121
V -45.897 -36.666 24.496 0.435136 0.444091
V -37.897 -36.666 21.540 0.438807 0.444061
V -29.897 -36.666 18.692 0.442478 0.444032
V -21.897 -36.666 15.842 0.446150 0.444002
V -13.897 -36.666 13.341 0.449821 0.443972
V -5.897 -36.666 11.072 0.453492 0.443943
V 2.103 -36.666 8.799 0.457163 0.443913
V 10.103 -36.666 6.754 0.460835 0.443883
V 18.103 -36.666 4.543 0.464506 0.443854
V 26.103 -36.666 2.690 0.468177 0.443824
V 34.103 -36.666 1.363 0.471848 0.443794
V 42.103 -36.666 0.613 0.475520 0.443765
V 50.103 -36.666 -0.140 0.479191 0.443735
V 58.103 -36.666 -0.906 0.482862 0.443705
V 66.103 -36.666 -0.550 0.486533 0.443676
V 74.103 -36.666 -1.290 0.490205 0.443646
V 82.103 -36.666 -1.884 0.493876 0.443616
V 90.103 -36.666 -2.198 0.497547 0.443587
V 98.103 -36.666 -2.533 0.501218 0.443557
V 106.103 -36.666 -2.714 0.504889 0.443527
V 114.103 -36.666 -2.242 0.508561 0.443497
V 122.103 -36.666 -2.004 0.512232 0.443468
V 130.103 -36.666 -1.836 0.515903 0.443438
V 138.103 -36.666 -1.855 0.519574 0.443408
V 146.103 -36.666 -1.883 0.523246 0.443379
V 154.103 -36.666 -2.545 0.526917 0.443349
V 162.103 -36.666 -2.842 0.530588 0.443319
V 170.103 -36.666 -3.140 0.534259 0.443289
V 178.103 -36.666 -3.430 0.537931 0.443260
V 186.103 -36.666 -3.650 0.541602 0.443230
V 194.103 -36.666 -3.869 0.545273 0.443200
V 202.103 -36.666 -4.076 0.548944 0.443170
V 210.103 -36.666 -4.106 0.552616 0.443141
V 218.103 -36.666 -4.532 0.556287 0.443111
V 226.103 -36.666 -4.520 0.559958 0.443081
V 234.103 -36.666 -4.325 0.563629 0.443051
V 242.103 -36.666 -4.130 0.567300 0.443022
V 250.103 -36.666 -3.936 0.570972 0.442992
V 258.103 -36.666 -3.914 0.574643 0.442962
V 266.103 -36.666 -3.905 0.578314 0.442932
V 274.103 -36.666 -3.897 0.581985 0.442902
V 282.103 -36.666 -3.901 0.585657 0.442873
V 290.103 -36.666 -3.929 0.589328 0.442843
V 298.103 -36.666 -3.936 0.592999 0.442813
V 306.103 -36.666 -3.989 0.596670 0.442783
V 314.103 -36.666 -4.052 0.600342 0.442754
V 322.103 -36.666 -4.124 0.604013 0.442724
V 330.103 -36.666 -4.142 0.607684 0.442694
V 338.103 -36.666 -4.145 0.611355 0.442664
V -173.897 -28.666 77.598 0.376426 0.448251
V -165.897 -28.666 74.226 0.380097 0.448222
V -157.897 -28.666 70.540 0.383768 0.448192
V -149.897 -28.666 66.847 0.387439 0.448163
V -141.897 -28.666 63.155 0.391111 0.448133
V -133.897 -28.666 59.559 0.394782 0.448103
V -125.897 -28.666 55.975 0.398453 0.448074
V -117.897 -28.666 52.394 0.402124 0.448044
V -109.897 -28.666 49.105 0.405796 0.448015
V -101.897 -28.666 45.869 0.409467 0.447985
V -93.897 -28.666 42.383 0.413138 0.447955
V -85.897 -28.666 39.169 0.416809 0.447926
V -77.897 -28.666 35.964 0.420481 0.447896
V -69.897 -28.666 32.757 0.424152 0.447867
V -61.897 -28.666 29.704 0.427823 0.447837
V -53.897 -28.666 26.736 0.431494 0.447807
V -45.897 -28.666 23.742 0.435165 0.447778
V -37.897 -28.666 20.944 0.438837 0.447748
V -29.897 -28.666 18.241 0.442508 0.447718
V -21.897 -28.666 15.537 0.446179 0.447689
V -13.897 -28.666 13.120 0.449850 0.447659
V -5.897 -28.666 10.888 0.453522 0.447629
V 2.103 -28.666 8.652 0.457193 0.447600
V 10.103 -28.666 6.682 0.460864 0.447570
V 18.103 -28.666 4.515 0.464535 0.447540
V 26.103 -28.666 2.754 0.468207 0.447511
V 34.103 -28.666 1.568 0.471878 0.447481
V 42.103 -28.666 0.991 0.475549 0.447451
V 50.103 -28.666 0.410 0.479220 0.447422
V 58.103 -28.666 -0.289 0.482892 0.447392
V 66.103 -28.666 0.145 0.486563 0.447362
V 74.103 -28.666 -0.656 0.490234 0.447333
V 82.103 -28.666 -1.352 0.493905 0.447303
V 90.103 -28.666 -1.847 0.497577 0.447273
V 98.103 -28.666 -2.369 0.501248 0.447244
V 106.103 -28.666 -2.699 0.504919 0.447214
V 114.103 -28.666 -2.239 0.508590 0.447184
V 122.103 -28.666 -2.062 0.512262 0.447154
V 130.103 -28.666 -1.950 0.515933 0.447125
V 138.103 -28.666 -1.985 0.519604 0.447095
V 146.103 -28.666 -2.029 0.523275 0.447065
V 154.103 -28.666 -2.755 0.526946 0.447036
V 162.103 -28.666 -3.016 0.530618 0.447006
V 170.103 -28.666 -3.279 0.534289 0.446976
V 178.103 -28.666 -3.538 0.537960 0.446946
V 186.103 -28.666 -3.771 0.541631 0.446917
V 194.103 -28.666 -4.003 0.545303 0.446887
V 202.103 -28.666 -4.222 0.548974 0.446857
V 210.103 -28.666 -4.763 0.552645 0.446827
V 218.103 -28.666 -4.778 0.556316 0.446798
V 226.103 -28.666 -4.792 0.559988 0.446768
V 234.103 -28.666 -4.589 0.563659 0.446738
V 242.103 -28.666 -4.387 0.567330 0.446708
V 250.103 -28.666 -4.184 0.571001 0.446679
V 258.103 -28.666 -4.173 0.574673 0.446649
V 266.103 -28.666 -4.175 0.578344 0.446619
V 274.103 -28.666 -4.205 0.582015 0.446589
V 282.103 -28.666 -4.194 0.585686 0.446559
V 290.103 -28.666 -4.182 0.589358 0.446530
V 298.103 -28.666 -4.172 0.593029 0.446500
V 306.103 -28.666 -4.263 0.596700 0.446470
V 314.103 -28.666 -4.362 0.600371 0.446440
V 322.103 -28.666 -4.461 0.604042 0.446410
V 330.103 -28.666 -4.497 0.607714 0.446381
V 338.103 -28.666 -4.514 0.611385 0.446351
V -173.897 -20.666 75.431 0.376455 0.451938
V -165.897 -20.666 71.967 0.380126 0.451909
V -157.897 -20.666 68.312 0.383798 0.451879
V -149.897 -20.666 64.654 0.387469 0.451849
V -141.897 -20.666 60.998 0.391140 0.451820
V -133.897 -20.666 57.389 0.394811 0.451790
V -125.897 -20.666 53.787 0.398483 0.451761
V -117.897 -20.666 50.188 0.402154 0.451731
V -109.897 -20.666 46.965 0.405825 0.451701
V -101.897 -20.666 43.806 0.409496 0.451672
V -93.897 -20.666 40.648 0.413168 0.451642
V -85.897 -20.666 37.341 0.416839 0.451613
V -77.897 -20.666 34.348 0.420510 0.451583
V -69.897 -20.666 31.354 0.424181 0.451553
V -61.897 -20.666 28.496 0.427853 0.451524
V -53.897 -20.666 25.684 0.431524 0.451494
V -45.897 -20.666 22.871 0.435195 0.451464
V -37.897 -20.666 20.276 0.438866 0.451435
V -29.897 -20.666 17.727 0.442537 0.451405
V -21.897 -20.666 15.177 0.446209 0.451375
V -13.897 -20.666 12.845 0.449880 0.451346
V -5.897 -20.666 10.649 0.453551 0.451316
V 2.103 -20.666 8.447 0.457222 0.451286
V 10.103 -20.666 6.567 0.460894 0.451257
V 18.103 -20.666 4.467 0.464565 0.451227
V 26.103 -20.666 2.830 0.468236 0.451197
V 34.103 -20.666 1.812 0.471907 0.451168
V 42.103 -20.666 1.438 0.475579 0.451138
V 50.103 -20.666 1.057 0.479250 0.451108
V 58.103 -20.666 0.439 0.482921 0.451079
V 66.103 -20.666 0.974 0.486592 0.451049
V 74.103 -20.666 0.126 0.490264 0.451019
V 82.103 -20.666 -0.670 0.493935 0.450990
V 90.103 -20.666 -1.357 0.497606 0.450960
V 98.103 -20.666 -2.082 0.501277 0.450930
V 106.103 -20.666 -2.579 0.504949 0.450901
V 114.103 -20.666 -2.136 0.508620 0.450871
V 122.103 -20.666 -2.045 0.512291 0.450841
V 130.103 -20.666 -2.012 0.515962 0.450811
V 138.103 -20.666 -2.091 0.519634 0.450782
V 146.103 -20.666 -2.938 0.523305 0.450752
V 154.103 -20.666 -2.984 0.526976 0.450722
V 162.103 -20.666 -3.199 0.530647 0.450693
V 170.103 -20.666 -3.415 0.534319 0.450663
V 178.103 -20.666 -3.632 0.537990 0.450633
V 186.103 -20.666 -3.862 0.541661 0.450603
V 194.103 -20.666 -4.089 0.545332 0.450574
V 202.103 -20.666 -4.880 0.549004 0.450544
V 210.103 -20.666 -4.902 0.552675 0.450514
V 218.103 -20.666 -4.923 0.556346 0.450484
V 226.103 -20.666 -4.943 0.560017 0.450455
V 234.103 -20.666 -4.758 0.563689 0.450425
V 242.103 -20.666 -4.574 0.567360 0.450395
V 250.103 -20.666 -4.391 0.571031 0.450365
V 258.103 -20.666 -4.397 0.574702 0.450335
V 266.103 -20.666 -4.449 0.578373 0.450306
V 274.103 -20.666 -4.466 0.582045 0.450276
V 282.103 -20.666 -4.425 0.585716 0.450246
V 290.103 -20.666 -4.377 0.589387 0.450216
V 298.103 -20.666 -4.345 0.593058 0.450187
V 306.103 -20.666 -4.433 0.596730 0.450157
V 314.103 -20.666 -4.550 0.600401 0.450127
V 322.103 -20.666 -4.668 0.604072 0.450097
V 330.103 -20.666 -4.697 0.607743 0.450067
V 338.103 -20.666 -4.698 0.611415 0.450038
V -173.897 -12.666 73.262 0.376485 0.455625
V -165.897 -12.666 69.707 0.380156 0.455595
V -157.897 -12.666 66.084 0.383827 0.455566
V -149.897 -12.666 62.462 0.387498 0.455536
V -141.897 -12.666 58.842 0.391170 0.455507
V -133.897 -12.666 55.219 0.394841 0.455477
V -125.897 -12.666 51.599 0.398512 0.455447
V -117.897 -12.666 47.982 0.402183 0.455418
V -109.897 -12.666 44.827 0.405855 0.455388
V -101.897 -12.666 41.745 0.409526 0.455359
V -93.897 -12.666 38.665 0.413197 0.455329
V -85.897 -12.666 35.852 0.416868 0.455299
V -77.897 -12.666 32.736 0.420540 0.455270
V -69.897 -12.666 29.954 0.424211 0.455240
V -61.897 -12.666 27.290 0.427882 0.455210
V -53.897 -12.666 24.666 0.431553 0.455181
V -45.897 -12.666 22.041 0.435225 0.455151
V -37.897 -12.666 19.567 0.438896 0.455121
V -29.897 -12.666 17.215 0.442567 0.455092
V -21.897 -12.666 14.821 0.446238 0.455062
V -13.897 -12.666 12.573 0.449910 0.455033
V -5.897 -12.666 10.413 0.453581 0.455003
V 2.103 -12.666 8.248 0.457252 0.454973
V 10.103 -12.666 6.462 0.460923 0.454944
V 18.103 -12.666 4.964 0.464595 0.454914
V 26.103 -12.666 2.888 0.468266 0.454884
V 34.103 -12.666 2.005 0.471937 0.454855
V 42.103 -12.666 1.876 0.475608 0.454825
V 50.103 -12.666 1.708 0.479279 0.454795
V 58.103 -12.666 1.152 0.482951 0.454765
V 66.103 -12.666 1.790 0.486622 0.454736
V 74.103 -12.666 0.923 0.490293 0.454706
V 82.103 -12.666 0.036 0.493964 0.454676
V 90.103 -12.666 -0.844 0.497636 0.454647
V 98.103 -12.666 -1.780 0.501307 0.454617
V 106.103 -12.666 -2.054 0.504978 0.454587
V 114.103 -12.666 -2.008 0.508649 0.454558
V 122.103 -12.666 -2.010 0.512321 0.454528
V 130.103 -12.666 -2.063 0.515992 0.454498
V 138.103 -12.666 -3.114 0.519663 0.454468
V 146.103 -12.666 -3.147 0.523334 0.454439
V 154.103 -12.666 -3.209 0.527006 0.454409
V 162.103 -12.666 -3.380 0.530677 0.454379
V 170.103 -12.666 -3.550 0.534348 0.454350
V 178.103 -12.666 -3.727 0.538019 0.454320
V 186.103 -12.666 -3.953 0.541691 0.454290
V 194.103 -12.666 -4.868 0.545362 0.454260
V 202.103 -12.666 -5.015 0.549033 0.454231
V 210.103 -12.666 -5.043 0.552704 0.454201
V 218.103 -12.666 -5.070 0.556376 0.454171
V 226.103 -12.666 -5.095 0.560047 0.454141
V 234.103 -12.666 -4.929 0.563718 0.454112
V 242.103 -12.666 -4.763 0.567389 0.454082
V 250.103 -12.666 -4.598 0.571061 0.454052
V 258.103 -12.666 -4.663 0.574732 0.454022
V 266.103 -12.666 -4.694 0.578403 0.453992
V 274.103 -12.666 -4.728 0.582074 0.453963
V 282.103 -12.666 -4.655 0.585746 0.453933
V 290.103 -12.666 -4.589 0.589417 0.453903
V 298.103 -12.666 -4.506 0.593088 0.453873
V 306.103 -12.666 -4.604 0.596759 0.453843
V 314.103 -12.666 -4.740 0.600431 0.453814
V 322.103 -12.666 -4.876 0.604102 0.453784
V 330.103 -12.666 -4.896 0.607773 0.453754
V 338.103 -12.666 -4.883 0.611444 0.453724
V -173.897 -4.666 71.124 0.376514 0.459312
V -165.897 -4.666 67.474 0.380185 0.459282
V -157.897 -4.666 63.877 0.383856 0.459252
V -149.897 -4.666 60.283 0.387528 0.459223
V -141.897 -4.666 56.692 0.391199 0.459193
V -133.897 -4.666 53.062 0.394870 0.459164
V -125.897 -4.666 49.432 0.398542 0.459134
V -117.897 -4.666 45.803 0.402213 0.459104
V -109.897 -4.666 42.714 0.405884 0.459075
V -101.897 -4.666 39.705 0.409555 0.459045
V -93.897 -4.666 36.699 0.413227 0.459016
V -85.897 -4.666 34.070 0.416898 0.458986
V -77.897 -4.666 31.530 0.420569 0.458956
V -69.897 -4.666 28.992 0.424240 0.458927
V -61.897 -4.666 26.076 0.427912 0.458897
V -53.897 -4.666 23.640 0.431583 0.458867
V -45.897 -4.666 21.206 0.435254 0.458838
V -37.897 -4.666 18.905 0.438925 0.458808
V -29.897 -4.666 16.655 0.442597 0.458779
V -21.897 -4.666 14.465 0.446268 0.458749
V -13.897 -4.666 12.301 0.449939 0.458719
V -5.897 -4.666 10.179 0.453610 0.458690
V 2.103 -4.666 8.054 0.457282 0.458660
V 10.103 -4.666 6.367 0.460953 0.458630
V 18.103 -4.666 4.989 0.464624 0.458601
V 26.103 -4.666 2.914 0.468295 0.458571
V 34.103 -4.666 2.144 0.471967 0.458541
V 42.103 -4.666 2.227 0.475638 0.458512
V 50.103 -4.666 2.363 0.479309 0.458482
V 58.103 -4.666 1.803 0.482980 0.458452
V 66.103 -4.666 2.582 0.486652 0.458423
V 74.103 -4.666 1.723 0.490323 0.458393
V 82.103 -4.666 0.770 0.493994 0.458363
V 90.103 -4.666 -0.307 0.497665 0.458333
V 98.103 -4.666 -1.467 0.501337 0.458304
V 106.103 -4.666 -1.821 0.505008 0.458274
V 114.103 -4.666 -1.853 0.508679 0.458244
V 122.103 -4.666 -1.960 0.512350 0.458215
V 130.103 -4.666 -2.110 0.516022 0.458185
V 138.103 -4.666 -3.288 0.519693 0.458155
V 146.103 -4.666 -3.353 0.523364 0.458125
V 154.103 -4.666 -3.433 0.527035 0.458096
V 162.103 -4.666 -3.561 0.530707 0.458066
V 170.103 -4.666 -3.686 0.534378 0.458036
V 178.103 -4.666 -3.823 0.538049 0.458006
V 186.103 -4.666 -4.875 0.541720 0.457977
V 194.103 -4.666 -5.019 0.545392 0.457947
V 202.103 -4.666 -5.153 0.549063 0.457917
V 210.103 -4.666 -5.186 0.552734 0.457888
V 218.103 -4.666 -5.219 0.556405 0.457858
V 226.103 -4.666 -5.249 0.560077 0.457828
V 234.103 -4.666 -5.100 0.563748 0.457798
V 242.103 -4.666 -4.953 0.567419 0.457768
V 250.103 -4.666 -4.855 0.571090 0.457739
V 258.103 -4.666 -4.894 0.574762 0.457709
V 266.103 -4.666 -4.941 0.578433 0.457679
V 274.103 -4.666 -5.012 0.582104 0.457649
V 282.103 -4.666 -4.906 0.585775 0.457620
V 290.103 -4.666 -4.785 0.589447 0.457590
V 298.103 -4.666 -4.666 0.593118 0.457560
V 306.103 -4.666 -4.775 0.596789 0.457530
V 314.103 -4.666 -4.929 0.600460 0.457500
V 322.103 -4.666 -5.084 0.604132 0.457471
V 330.103 -4.666 -5.095 0.607803 0.457441
V 338.103 -4.666 -5.067 0.611474 0.457411
V -173.897 3.334 69.193 0.376543 0.462998
V -165.897 3.334 65.435 0.380215 0.462969
V -157.897 3.334 61.819 0.383886 0.462939
V -149.897 3.334 58.205 0.387557 0.462910
V -141.897 3.334 54.596 0.391228 0.462880
V -133.897 3.334 51.041 0.394900 0.462850
V -125.897 3.334 47.492 0.398571 0.462821
V -117.897 3.334 43.945 0.402242 0.462791
V -109.897 3.334 40.911 0.405913 0.462762
V -101.897 3.334 37.948 0.409585 0.462732
V -93.897 3.334 34.989 0.413256 0.462702
V -85.897 3.334 32.384 0.416927 0.462673
V -77.897 3.334 29.859 0.420599 0.462643
V -69.897 3.334 27.338 0.424270 0.462613
V -61.897 3.334 24.946 0.427941 0.462584
V -53.897 3.334 22.010 0.431612 0.462554
V -45.897 3.334 19.618 0.435284 0.462525
V -37.897 3.334 17.424 0.438955 0.462495
V -29.897 3.334 15.314 0.442626 0.462465
V -21.897 3.334 13.205 0.446297 0.462436
V -13.897 3.334 11.348 0.449969 0.462406
V -5.897 3.334 9.536 0.453640 0.462376
V 2.103 3.334 7.719 0.457311 0.462347
V 10.103 3.334 6.380 0.460982 0.462317
V 18.103 3.334 5.348 0.464654 0.462287
V 26.103 3.334 4.202 0.468325 0.462258
V 34.103 3.334 2.824 0.471996 0.462228
V 58.103 3.334 2.357 0.483010 0.462139
V 66.103 3.334 3.338 0.486681 0.462109
V 74.103 3.334 2.494 0.490352 0.462080
V 82.103 3.334 1.490 0.494024 0.462050
V 90.103 3.334 0.148 0.497695 0.462020
V 98.103 3.334 -1.499 0.501366 0.461990
V 106.103 3.334 -1.993 0.505037 0.461961
V 114.103 3.334 -2.003 0.508709 0.461931
V 122.103 3.334 -2.063 0.512380 0.461901
V 130.103 3.334 -3.436 0.516051 0.461872
V 138.103 3.334 -3.438 0.519722 0.461842
V 146.103 3.334 -3.482 0.523394 0.461812
V 154.103 3.334 -3.551 0.527065 0.461782
V 162.103 3.334 -3.686 0.530736 0.461753
V 170.103 3.334 -3.816 0.534407 0.461723
V 178.103 3.334 -4.941 0.538079 0.461693
V 186.103 3.334 -5.050 0.541750 0.461663
V 194.103 3.334 -5.155 0.545421 0.461634
V 202.103 3.334 -5.256 0.549092 0.461604
V 210.103 3.334 -5.306 0.552764 0.461574
V 218.103 3.334 -5.357 0.556435 0.461544
V 226.103 3.334 -5.404 0.560106 0.461515
V 234.103 3.334 -5.271 0.563777 0.461485
V 242.103 3.334 -5.200 0.567449 0.461455
V 250.103 3.334 -5.068 0.571120 0.461425
V 258.103 3.334 -5.107 0.574791 0.461396
V 266.103 3.334 -5.179 0.578462 0.461366
V 274.103 3.334 -5.226 0.582134 0.461336
V 282.103 3.334 -5.116 0.585805 0.461306
V 290.103 3.334 -4.993 0.589476 0.461277
V 298.103 3.334 -4.872 0.593147 0.461247
V 306.103 3.334 -4.967 0.596819 0.461217
V 314.103 3.334 -5.103 0.600490 0.461187
V 322.103 3.334 -5.241 0.604161 0.461157
V 330.103 3.334 -5.257 0.607832 0.461128
V 338.103 3.334 -5.242 0.611504 0.461098
V -173.897 11.334 67.259 0.376573 0.466685
V -165.897 11.334 63.395 0.380244 0.466655
V -157.897 11.334 59.759 0.383915 0.466626
V -149.897 11.334 56.127 0.387587 0.466596
V -141.897 11.334 52.498 0.391258 0.466567
V -133.897 11.334 49.020 0.394929 0.466537
V -125.897 11.334 45.552 0.398600 0.466508
V -117.897 11.334 42.087 0.402272 0.466478
V -109.897 11.334 39.107 0.405943 0.466448
V -101.897 11.334 36.190 0.409614 0.466419
V -93.897 11.334 33.279 0.413286 0.466389
V -85.897 11.334 30.697 0.416957 0.466359
V -77.897 11.334 28.188 0.420628 0.466330
V -69.897 11.334 25.684 0.424299 0.466300
V -61.897 11.334 23.336 0.427971 0.466271
V -53.897 11.334 21.036 0.431642 0.466241
V -45.897 11.334 18.736 0.435313 0.466211
V -37.897 11.334 15.942 0.438984 0.466182
V -29.897 11.334 13.967 0.442656 0.466152
V -21.897 11.334 11.993 0.446327 0.466122
V -13.897 11.334 10.315 0.449998 0.466093
V -5.897 11.334 8.792 0.453669 0.466063
V 2.103 11.334 7.378 0.457341 0.466033
V 10.103 11.334 6.405 0.461012 0.466004
V 18.103 11.334 5.749 0.464683 0.465974
V 26.103 11.334 4.948 0.468354 0.465944
V 34.103 11.334 3.616 0.472026 0.465915
V 66.103 11.334 3.864 0.486711 0.465796
V 74.103 11.334 3.164 0.490382 0.465766
V 82.103 11.334 2.241 0.494053 0.465737
V 90.103 11.334 0.294 0.497724 0.465707
V 98.103 11.334 -1.551 0.501396 0.465677
V 106.103 11.334 -2.842 0.505067 0.465647
V 114.103 11.334 -2.697 0.508738 0.465618
V 122.103 11.334 -4.109 0.512409 0.465588
V 130.103 11.334 -4.022 0.516081 0.465558
V 138.103 11.334 -3.837 0.519752 0.465529
V 146.103 11.334 -3.653 0.523423 0.465499
V 154.103 11.334 -3.650 0.527095 0.465469
V 162.103 11.334 -3.804 0.530766 0.465439
V 170.103 11.334 -5.127 0.534437 0.465410
V 178.103 11.334 -5.168 0.538108 0.465380
V 186.103 11.334 -5.229 0.541780 0.465350
V 194.103 11.334 -5.289 0.545451 0.465320
V 202.103 11.334 -5.349 0.549122 0.465291
V 210.103 11.334 -5.420 0.552793 0.465261
V 218.103 11.334 -5.492 0.556465 0.465231
V 226.103 11.334 -5.635 0.560136 0.465201
V 234.103 11.334 -5.515 0.563807 0.465172
V 242.103 11.334 -5.397 0.567478 0.465142
V 250.103 11.334 -5.281 0.571150 0.465112
V 258.103 11.334 -5.344 0.574821 0.465082
V 266.103 11.334 -5.379 0.578492 0.465053
V 274.103 11.334 -5.416 0.582163 0.465023
V 282.103 11.334 -5.317 0.585835 0.464993
V 290.103 11.334 -5.208 0.589506 0.464963
V 298.103 11.334 -5.101 0.593177 0.464933
V 306.103 11.334 -5.168 0.596848 0.464904
V 314.103 11.334 -5.267 0.600520 0.464874
V 322.103 11.334 -5.367 0.604191 0.464844
V 330.103 11.334 -5.398 0.607862 0.464814
V 338.103 11.334 -5.412 0.611533 0.464784
V -173.897 19.334 65.322 0.376602 0.470372
V -165.897 19.334 61.354 0.380274 0.470342
V -157.897 19.334 57.698 0.383945 0.470313
V -149.897 19.334 54.046 0.387616 0.470283
V -141.897 19.334 50.399 0.391287 0.470253
V -133.897 19.334 46.998 0.394959 0.470224
V -125.897 19.334 43.612 0.398630 0.470194
V -117.897 19.334 40.229 0.402301 0.470165
V -109.897 19.334 37.302 0.405972 0.470135
V -101.897 19.334 34.431 0.409644 0.470105
V -93.897 19.334 31.567 0.413315 0.470076
V -85.897 19.334 29.008 0.416986 0.470046
V -77.897 19.334 26.515 0.420658 0.470017
V -69.897 19.334 24.029 0.424329 0.469987
V -61.897 19.334 21.726 0.428000 0.469957
V -53.897 19.334 19.479 0.431671 0.469928
V -45.897 19.334 17.235 0.435343 0.469898
V -37.897 19.334 15.320 0.439014 0.469868
V -29.897 19.334 12.616 0.442685 0.469839
V -21.897 19.334 10.779 0.446356 0.469809
V -13.897 19.334 9.356 0.450028 0.469779
V -5.897 19.334 8.149 0.453699 0.469750
V 2.103 19.334 6.932 0.457370 0.469720
V 10.103 19.334 6.422 0.461041 0.469690
V 18.103 19.334 6.190 0.464713 0.469661
V 26.103 19.334 5.809 0.468384 0.469631
V 98.103 19.334 -2.052 0.501425 0.469364
V 106.103 19.334 -4.382 0.505097 0.469334
V 114.103 19.334 -5.694 0.508768 0.469304
V 122.103 19.334 -5.242 0.512439 0.469275
V 130.103 19.334 -5.035 0.516110 0.469245
V 138.103 19.334 -4.569 0.519782 0.469215
V 146.103 19.334 -4.026 0.523453 0.469186
V 154.103 19.334 -3.775 0.527124 0.469156
V 162.103 19.334 -5.323 0.530795 0.469126
V 170.103 19.334 -5.368 0.534467 0.469096
V 178.103 19.334 -5.399 0.538138 0.469067
V 186.103 19.334 -5.412 0.541809 0.469037
V 194.103 19.334 -5.423 0.545480 0.469007
V 202.103 19.334 -5.443 0.549152 0.468977
V 210.103 19.334 -5.534 0.552823 0.468948
V 218.103 19.334 -5.720 0.556494 0.468918
V 226.103 19.334 -5.803 0.560165 0.468888
V 234.103 19.334 -5.697 0.563837 0.468858
V 242.103 19.334 -5.637 0.567508 0.468829
V 250.103 19.334 -5.533 0.571179 0.468799
V 258.103 19.334 -5.553 0.574850 0.468769
V 266.103 19.334 -5.578 0.578522 0.468739
V 274.103 19.334 -5.606 0.582193 0.468710
V 282.103 19.334 -5.518 0.585864 0.468680
V 290.103 19.334 -5.423 0.589536 0.468650
V 298.103 19.334 -5.331 0.593207 0.468620
V 306.103 19.334 -5.369 0.596878 0.468590
V 314.103 19.334 -5.430 0.600549 0.468561
V 322.103 19.334 -5.493 0.604221 0.468531
V 330.103 19.334 -5.539 0.607892 0.468501
V 338.103 19.334 -5.581 0.611563 0.468471
V -173.897 27.334 63.724 0.376632 0.474059
V -165.897 27.334 59.668 0.380303 0.474029
V -157.897 27.334 55.969 0.383974 0.473999
V -149.897 27.334 52.274 0.387646 0.473970
V -141.897 27.334 48.585 0.391317 0.473940
V -133.897 27.334 45.240 0.394988 0.473911
V -125.897 27.334 41.912 0.398659 0.473881
V -117.897 27.334 38.589 0.402331 0.473851
V -109.897 27.334 35.683 0.406002 0.473822
V -101.897 27.334 32.829 0.409673 0.473792
V -93.897 27.334 29.983 0.413344 0.473763
V -85.897 27.334 27.412 0.417016 0.473733
V -77.897 27.334 24.901 0.420687 0.473703
V -69.897 27.334 22.403 0.424358 0.473674
V -61.897 27.334 20.151 0.428030 0.473644
V -53.897 27.334 17.970 0.431701 0.473614
V -45.897 27.334 15.795 0.435372 0.473585
V -37.897 27.334 14.033 0.439043 0.473555
V -29.897 27.334 12.419 0.442715 0.473525
V -21.897 27.334 9.682 0.446386 0.473496
V -13.897 27.334 8.517 0.450057 0.473466
V -5.897 27.334 7.617 0.453728 0.473437
V 2.103 27.334 6.717 0.457400 0.473407
V 10.103 27.334 6.396 0.461071 0.473377
V 18.103 27.334 6.574 0.464742 0.473348
V 130.103 27.334 -6.469 0.516140 0.472932
V 138.103 27.334 -5.321 0.519811 0.472902
V 146.103 27.334 -4.391 0.523482 0.472872
V 154.103 27.334 -5.588 0.527154 0.472843
V 162.103 27.334 -5.574 0.530825 0.472813
V 170.103 27.334 -5.616 0.534496 0.472783
V 178.103 27.334 -5.634 0.538168 0.472753
V 186.103 27.334 -5.596 0.541839 0.472724
V 194.103 27.334 -5.557 0.545510 0.472694
V 202.103 27.334 -5.537 0.549181 0.472664
V 210.103 27.334 -5.762 0.552853 0.472634
V 218.103 27.334 -5.872 0.556524 0.472605
V 226.103 27.334 -5.972 0.560195 0.472575
V 234.103 27.334 -5.932 0.563866 0.472545
V 242.103 27.334 -5.840 0.567538 0.472515
V 250.103 27.334 -5.751 0.571209 0.472486
V 258.103 27.334 -5.762 0.574880 0.472456
V 266.103 27.334 -5.776 0.578551 0.472426
V 274.103 27.334 -5.795 0.582223 0.472396
V 282.103 27.334 -5.718 0.585894 0.472366
V 290.103 27.334 -5.638 0.589565 0.472337
V 298.103 27.334 -5.560 0.593236 0.472307
V 306.103 27.334 -5.568 0.596908 0.472277
V 314.103 27.334 -5.592 0.600579 0.472247
V 322.103 27.334 -5.618 0.604250 0.472218
V 330.103 27.334 -5.680 0.607922 0.472188
V 338.103 27.334 -5.751 0.611593 0.472158
V -173.897 35.334 62.981 0.376661 0.477745
V -165.897 35.334 58.915 0.380333 0.477716
V -157.897 35.334 55.142 0.384004 0.477686
V -149.897 35.334 51.374 0.387675 0.477657
V -141.897 35.334 47.629 0.391346 0.477627
V -133.897 35.334 44.305 0.395018 0.477597
V -125.897 35.334 40.997 0.398689 0.477568
V -117.897 35.334 37.695 0.402360 0.477538
V -109.897 35.334 34.737 0.406031 0.477509
V -101.897 35.334 31.819 0.409703 0.477479
V -93.897 35.334 28.911 0.413374 0.477449
V -85.897 35.334 26.211 0.417045 0.477420
V -77.897 35.334 23.558 0.420717 0.477390
V -69.897 35.334 20.920 0.424388 0.477360
V -61.897 35.334 18.755 0.428059 0.477331
V -53.897 35.334 16.720 0.431730 0.477301
V -45.897 35.334 14.695 0.435402 0.477272
V -37.897 35.334 13.238 0.439073 0.477242
V -29.897 35.334 11.984 0.442744 0.477212
V -21.897 35.334 10.716 0.446415 0.477183
V -13.897 35.334 9.919 0.450087 0.477153
V -5.897 35.334 7.996 0.453758 0.477123
V 2.103 35.334 7.416 0.457429 0.477094
V 10.103 35.334 7.218 0.461101 0.477064
V 138.103 35.334 -5.584 0.519841 0.476589
V 146.103 35.334 -6.411 0.523512 0.476559
V 154.103 35.334 -5.872 0.527183 0.476529
V 162.103 35.334 -5.688 0.530855 0.476500
V 170.103 35.334 -5.595 0.534526 0.476470
V 178.103 35.334 -5.515 0.538197 0.476440
V 186.103 35.334 -5.524 0.541868 0.476410
V 194.103 35.334 -5.534 0.545540 0.476381
V 202.103 35.334 -5.703 0.549211 0.476351
V 210.103 35.334 -5.828 0.552882 0.476321
V 218.103 35.334 -5.956 0.556553 0.476291
V 226.103 35.334 -6.140 0.560225 0.476262
V 234.103 35.334 -6.083 0.563896 0.476232
V 242.103 35.334 -6.030 0.567567 0.476202
V 250.103 35.334 -5.980 0.571239 0.476172
V 258.103 35.334 -5.989 0.574910 0.476143
V 266.103 35.334 -6.002 0.578581 0.476113
V 274.103 35.334 -6.020 0.582252 0.476083
V 282.103 35.334 -5.947 0.585924 0.476053
V 290.103 35.334 -5.871 0.589595 0.476023
V 298.103 35.334 -5.798 0.593266 0.475994
V 306.103 35.334 -5.798 0.596937 0.475964
V 314.103 35.334 -5.810 0.600609 0.475934
V 322.103 35.334 -5.825 0.604280 0.475904
V 330.103 35.334 -5.886 0.607951 0.475874
V 338.103 35.334 -5.959 0.611622 0.475845
V -173.897 43.334 62.247 0.376691 0.481432
V -165.897 43.334 58.171 0.380362 0.481402
V -157.897 43.334 54.328 0.384033 0.481373
V -149.897 43.334 50.490 0.387705 0.481343
V -141.897 43.334 46.657 0.391376 0.481314
V -133.897 43.334 43.352 0.395047 0.481284
V -125.897 43.334 40.060 0.398718 0.481254
V -117.897 43.334 36.774 0.402390 0.481225
V -109.897 43.334 33.785 0.406061 0.481195
V -101.897 43.334 30.802 0.409732 0.481166
V -93.897 43.334 27.831 0.413403 0.481136
V -85.897 43.334 25.000 0.417075 0.481106
V -77.897 43.334 22.204 0.420746 0.481077
V -69.897 43.334 19.425 0.424417 0.481047
V -61.897 43.334 17.349 0.428089 0.481018
V -53.897 43.334 15.457 0.431760 0.480988
V -45.897 43.334 13.581 0.435431 0.480958
V -37.897 43.334 12.432 0.439102 0.480929
V -29.897 43.334 11.542 0.442774 0.480899
V -21.897 43.334 10.649 0.446445 0.480869
V -13.897 43.334 10.227 0.450116 0.480840
V -5.897 43.334 9.954 0.453787 0.480810
V 2.103 43.334 8.056 0.457459 0.480780
V 138.103 43.334 -7.336 0.519870 0.480276
V 146.103 43.334 -6.536 0.523542 0.480246
V 154.103 43.334 -6.097 0.527213 0.480216
V 162.103 43.334 -5.821 0.530884 0.480186
V 170.103 43.334 -5.555 0.534555 0.480157
V 178.103 43.334 -5.366 0.538227 0.480127
V 186.103 43.334 -5.426 0.541898 0.480097
V 194.103 43.334 -5.669 0.545569 0.480067
V 202.103 43.334 -5.745 0.549241 0.480038
V 210.103 43.334 -5.969 0.552912 0.480008
V 218.103 43.334 -6.110 0.556583 0.479978
V 226.103 43.334 -6.243 0.560254 0.479948
V 234.103 43.334 -6.227 0.563926 0.479919
V 242.103 43.334 -6.216 0.567597 0.479889
V 250.103 43.334 -6.210 0.571268 0.479859
V 258.103 43.334 -6.219 0.574939 0.479829
V 266.103 43.334 -6.233 0.578611 0.479800
V 274.103 43.334 -6.251 0.582282 0.479770
V 282.103 43.334 -6.180 0.585953 0.479740
V 290.103 43.334 -6.107 0.589625 0.479710
V 298.103 43.334 -6.038 0.593296 0.479680
V 306.103 43.334 -6.035 0.596967 0.479651
V 314.103 43.334 -6.042 0.600638 0.479621
V 322.103 43.334 -6.053 0.604310 0.479591
V 330.103 43.334 -6.110 0.607981 0.479561
V 338.103 43.334 -6.178 0.611652 0.479531
V -173.897 51.334 61.512 0.376720 0.485119
V -165.897 51.334 57.425 0.380391 0.485089
V -157.897 51.334 53.511 0.384063 0.485060
V -149.897 51.334 49.602 0.387734 0.485030
V -141.897 51.334 45.699 0.391405 0.485000
V -133.897 51.334 42.418 0.395077 0.484971
V -125.897 51.334 39.147 0.398748 0.484941
V -117.897 51.334 35.883 0.402419 0.484912
V -109.897 51.334 32.807 0.406090 0.484882
V -101.897 51.334 29.755 0.409762 0.484852
V -93.897 51.334 26.712 0.413433 0.484823
V -85.897 51.334 23.739 0.417104 0.484793
V -77.897 51.334 20.837 0.420776 0.484764
V -69.897 51.334 17.914 0.424447 0.484734
V -61.897 51.334 15.928 0.428118 0.484704
V -53.897 51.334 14.176 0.431789 0.484675
V -45.897 51.334 12.443 0.435461 0.484645
V -37.897 51.334 11.601 0.439132 0.484615
V -29.897 51.334 11.071 0.442803 0.484586
V -21.897 51.334 10.557 0.446474 0.484556
V -13.897 51.334 10.533 0.450146 0.484526
V -5.897 51.334 10.646 0.453817 0.484497
V 146.103 51.334 -6.899 0.523571 0.483933
V 154.103 51.334 -6.643 0.527243 0.483903
V 162.103 51.334 -5.928 0.530914 0.483873
V 170.103 51.334 -5.509 0.534585 0.483843
V 178.103 51.334 -5.424 0.538256 0.483814
V 186.103 51.334 -5.546 0.541928 0.483784
V 194.103 51.334 -5.661 0.545599 0.483754
V 202.103 51.334 -5.887 0.549270 0.483724
V 210.103 51.334 -6.038 0.552941 0.483695
V 218.103 51.334 -6.193 0.556613 0.483665
V 226.103 51.334 -6.344 0.560284 0.483635
V 234.103 51.334 -6.368 0.563955 0.483605
V 242.103 51.334 -6.400 0.567627 0.483576
V 250.103 51.334 -6.437 0.571298 0.483546
V 258.103 51.334 -6.446 0.574969 0.483516
V 266.103 51.334 -6.460 0.578640 0.483486
V 274.103 51.334 -6.481 0.582312 0.483456
V 282.103 51.334 -6.411 0.585983 0.483427
V 290.103 51.334 -6.342 0.589654 0.483397
V 298.103 51.334 -6.276 0.593325 0.483367
V 306.103 51.334 -6.270 0.596997 0.483337
V 314.103 51.334 -6.274 0.600668 0.483308
V 322.103 51.334 -6.280 0.604339 0.483278
V 330.103 51.334 -6.333 0.608011 0.483248
V 338.103 51.334 -6.397 0.611682 0.483218
V -173.897 59.334 60.186 0.376750 0.488806
V -165.897 59.334 56.145 0.380421 0.488776
V -157.897 59.334 52.236 0.384092 0.488746
V -149.897 59.334 48.329 0.387764 0.488717
V -141.897 59.334 44.425 0.391435 0.488687
V -133.897 59.334 41.190 0.395106 0.488658
V -125.897 59.334 37.960 0.398777 0.488628
V -117.897 59.334 34.736 0.402449 0.488598
V -109.897 59.334 31.648 0.406120 0.488569
V -101.897 59.334 28.575 0.409791 0.488539
V -93.897 59.334 25.512 0.413462 0.488510
V -85.897 59.334 22.531 0.417134 0.488480
V -77.897 59.334 19.569 0.420805 0.488450
V -69.897 59.334 16.616 0.424476 0.488421
V -61.897 59.334 14.804 0.428148 0.488391
V -53.897 59.334 13.254 0.431819 0.488361
V -45.897 59.334 11.797 0.435490 0.488332
V -37.897 59.334 11.205 0.439161 0.488302
V -29.897 59.334 10.934 0.442833 0.488272
V -21.897 59.334 10.695 0.446504 0.488243
V -13.897 59.334 10.915 0.450175 0.488213
V -5.897 59.334 11.340 0.453847 0.488184
V 146.103 59.334 -7.743 0.523601 0.487619
V 154.103 59.334 -6.664 0.527272 0.487590
V 162.103 59.334 -6.080 0.530943 0.487560
V 170.103 59.334 -5.775 0.534615 0.487530
V 178.103 59.334 -5.382 0.538286 0.487500
V 186.103 59.334 -5.518 0.541957 0.487471
V 194.103 59.334 -5.793 0.545629 0.487441
V 202.103 59.334 -5.943 0.549300 0.487411
V 210.103 59.334 -6.101 0.552971 0.487381
V 218.103 59.334 -6.269 0.556642 0.487352
V 226.103 59.334 -6.436 0.560314 0.487322
V 234.103 59.334 -6.505 0.563985 0.487292
V 242.103 59.334 -6.580 0.567656 0.487262
V 250.103 59.334 -6.661 0.571327 0.487233
V 258.103 59.334 -6.670 0.574999 0.487203
V 266.103 59.334 -6.686 0.578670 0.487173
V 274.103 59.334 -6.708 0.582341 0.487143
V 282.103 59.334 -6.641 0.586013 0.487113
V 290.103 59.334 -6.575 0.589684 0.487084
V 298.103 59.334 -6.514 0.593355 0.487054
V 306.103 59.334 -6.505 0.597026 0.487024
V 314.103 59.334 -6.504 0.600698 0.486994
V 322.103 59.334 -6.507 0.604369 0.486964
V 330.103 59.334 -6.555 0.608040 0.486935
V 338.103 59.334 -6.615 0.611712 0.486905
V -173.897 67.334 58.073 0.376779 0.492492
V -165.897 67.334 54.131 0.380450 0.492463
V -157.897 67.334 50.309 0.384122 0.492433
V -149.897 67.334 46.490 0.387793 0.492404
V -141.897 67.334 42.679 0.391464 0.492374
V -133.897 67.334 39.501 0.395136 0.492344
V -125.897 67.334 36.329 0.398807 0.492315
V -117.897 67.334 33.163 0.402478 0.492285
V -109.897 67.334 30.122 0.406149 0.492256
V -101.897 67.334 27.096 0.409821 0.492226
V -93.897 67.334 24.079 0.413492 0.492196
V -85.897 67.334 21.328 0.417163 0.492167
V -77.897 67.334 18.620 0.420835 0.492137
V -69.897 67.334 15.922 0.424506 0.492107
V -61.897 67.334 14.532 0.428177 0.492078
V -53.897 67.334 13.428 0.431848 0.492048
V -45.897 67.334 12.338 0.435520 0.492019
V -37.897 67.334 11.905 0.439191 0.491989
V -29.897 67.334 11.689 0.442862 0.491959
V -21.897 67.334 11.461 0.446534 0.491930
V -13.897 67.334 11.352 0.450205 0.491900
V 154.103 67.334 -6.892 0.527302 0.491276
V 162.103 67.334 -6.795 0.530973 0.491247
V 170.103 67.334 -6.383 0.534644 0.491217
V 178.103 67.334 -6.181 0.538316 0.491187
V 186.103 67.334 -6.113 0.541987 0.491157
V 194.103 67.334 -6.072 0.545658 0.491128
V 202.103 67.334 -6.065 0.549329 0.491098
V 210.103 67.334 -6.171 0.553001 0.491068
V 218.103 67.334 -6.291 0.556672 0.491038
V 226.103 67.334 -6.426 0.560343 0.491009
V 234.103 67.334 -6.586 0.564015 0.490979
V 242.103 67.334 -6.755 0.567686 0.490949
V 250.103 67.334 -6.927 0.571357 0.490919
V 258.103 67.334 -6.996 0.575028 0.490890
V 266.103 67.334 -7.070 0.578700 0.490860
V 274.103 67.334 -7.151 0.582371 0.490830
V 282.103 67.334 -7.094 0.586042 0.490800
V 290.103 67.334 -7.038 0.589714 0.490770
V 298.103 67.334 -6.986 0.593385 0.490741
V 306.103 67.334 -6.947 0.597056 0.490711
V 314.103 67.334 -6.913 0.600727 0.490681
V 322.103 67.334 -6.882 0.604399 0.490651
V 330.103 67.334 -6.880 0.608070 0.490621
V 338.103 67.334 -6.886 0.611741 0.490592
V -173.897 75.334 55.961 0.376809 0.496179
V -165.897 75.334 52.117 0.380480 0.496149
V -157.897 75.334 48.382 0.384151 0.496120
V -149.897 75.334 44.650 0.387822 0.496090
V -141.897 75.334 40.930 0.391494 0.496061
V -133.897 75.334 37.810 0.395165 0.496031
V -125.897 75.334 34.695 0.398836 0.496002
V -117.897 75.334 31.586 0.402508 0.495972
V -109.897 75.334 28.592 0.406179 0.495942
V -101.897 75.334 25.610 0.409850 0.495913
V -93.897 75.334 22.639 0.413521 0.495883
V -85.897 75.334 20.119 0.417193 0.495853
V -77.897 75.334 17.662 0.420864 0.495824
V -69.897 75.334 15.216 0.424535 0.495794
V -61.897 75.334 14.246 0.428207 0.495765
V -53.897 75.334 13.582 0.431878 0.495735
V -45.897 75.334 12.934 0.435549 0.495705
V -37.897 75.334 12.680 0.439220 0.495676
V -29.897 75.334 12.563 0.442892 0.495646
V -21.897 75.334 12.391 0.446563 0.495616
V -13.897 75.334 12.225 0.450234 0.495587
V 162.103 75.334 -7.349 0.531003 0.494933
V 170.103 75.334 -7.201 0.534674 0.494904
V 178.103 75.334 -6.858 0.538345 0.494874
V 186.103 75.334 -6.558 0.542017 0.494844
V 194.103 75.334 -6.323 0.545688 0.494814
V 202.103 75.334 -6.166 0.549359 0.494785
V 210.103 75.334 -6.224 0.553030 0.494755
V 218.103 75.334 -6.300 0.556702 0.494725
V 226.103 75.334 -6.407 0.560373 0.494695
V 234.103 75.334 -6.660 0.564044 0.494666
V 242.103 75.334 -6.924 0.567715 0.494636
V 250.103 75.334 -7.190 0.571387 0.494606
V 258.103 75.334 -7.319 0.575058 0.494576
V 266.103 75.334 -7.455 0.578729 0.494547
V 274.103 75.334 -7.596 0.582401 0.494517
V 282.103 75.334 -7.551 0.586072 0.494487
V 290.103 75.334 -7.508 0.589743 0.494457
V 298.103 75.334 -7.469 0.593414 0.494427
V 306.103 75.334 -7.400 0.597086 0.494398
V 314.103 75.334 -7.331 0.600757 0.494368
V 322.103 75.334 -7.267 0.604428 0.494338
V 330.103 75.334 -7.212 0.608100 0.494308
V 338.103 75.334 -7.161 0.611771 0.494278
V -173.897 83.334 53.848 0.376838 0.499866
V -165.897 83.334 50.103 0.380509 0.499836
V -157.897 83.334 46.455 0.384181 0.499807
V -149.897 83.334 42.809 0.387852 0.499777
V -141.897 83.334 39.181 0.391523 0.499747
V -133.897 83.334 36.117 0.395194 0.499718
V -125.897 83.334 33.059 0.398866 0.499688
V -117.897 83.334 30.006 0.402537 0.499659
V -109.897 83.334 27.057 0.406208 0.499629
V -101.897 83.334 24.119 0.409880 0.499599
V -93.897 83.334 21.191 0.413551 0.499570
V -85.897 83.334 18.904 0.417222 0.499540
V -77.897 83.334 16.694 0.420894 0.499511
V -69.897 83.334 14.496 0.424565 0.499481
V -61.897 83.334 13.944 0.428236 0.499451
V -53.897 83.334 13.712 0.431907 0.499422
V -45.897 83.334 13.496 0.435579 0.499392
V -37.897 83.334 13.396 0.439250 0.499362
V -29.897 83.334 13.334 0.442921 0.499333
V -21.897 83.334 13.153 0.446593 0.499303
V -13.897 83.334 12.809 0.450264 0.499273
V 170.103 83.334 -7.781 0.534704 0.498590
V 178.103 83.334 -7.431 0.538375 0.498561
V 186.103 83.334 -6.939 0.542046 0.498531
V 194.103 83.334 -6.533 0.545717 0.498501
V 202.103 83.334 -6.237 0.549389 0.498471
V 210.103 83.334 -6.255 0.553060 0.498442
V 218.103 83.334 -6.292 0.556731 0.498412
V 226.103 83.334 -6.376 0.560403 0.498382
V 234.103 83.334 -6.726 0.564074 0.498352
V 242.103 83.334 -5.004 0.567745 0.498323
V 250.103 83.334 -5.622 0.571416 0.498293
V 258.103 83.334 -6.039 0.575088 0.498263
V 266.103 83.334 -6.436 0.578759 0.498233
V 274.103 83.334 -6.814 0.582430 0.498204
V 282.103 83.334 -6.933 0.586102 0.498174
V 290.103 83.334 -7.036 0.589773 0.498144
V 298.103 83.334 -7.127 0.593444 0.498114
V 306.103 83.334 -7.130 0.597115 0.498084
V 314.103 83.334 -7.118 0.600787 0.498055
V 322.103 83.334 -7.098 0.604458 0.498025
V 330.103 83.334 -7.058 0.608129 0.497995
V 338.103 83.334 -7.011 0.611801 0.497965
V -173.897 91.334 51.775 0.376867 0.503553
V -165.897 91.334 48.118 0.380539 0.503523
V -157.897 91.334 44.528 0.384210 0.503493
V -149.897 91.334 40.941 0.387881 0.503464
V -141.897 91.334 37.379 0.391553 0.503434
V -133.897 91.334 34.414 0.395224 0.503405
V -125.897 91.334 31.453 0.398895 0.503375
V -117.897 91.334 28.496 0.402567 0.503345
V -109.897 91.334 25.713 0.406238 0.503316
V -101.897 91.334 22.939 0.409909 0.503286
V -93.897 91.334 20.170 0.413580 0.503257
V -85.897 91.334 18.172 0.417252 0.503227
V -77.897 91.334 16.255 0.420923 0.503197
V -69.897 91.334 14.347 0.424594 0.503168
V -61.897 91.334 14.119 0.428266 0.503138
V -53.897 91.334 14.200 0.431937 0.503108
V -45.897 91.334 14.296 0.435608 0.503079
V -37.897 91.334 14.324 0.439280 0.503049
V -29.897 91.334 14.328 0.442951 0.503020
V -21.897 91.334 14.187 0.446622 0.502990
V -13.897 91.334 12.796 0.450293 0.502960
V -5.897 91.334 12.008 0.453965 0.502931
V 170.103 91.334 -1.024 0.534733 0.502277
V 178.103 91.334 -1.550 0.538404 0.502247
V 186.103 91.334 -1.701 0.542076 0.502218
V 194.103 91.334 -1.876 0.545747 0.502188
V 202.103 91.334 -2.092 0.549418 0.502158
V 210.103 91.334 -2.593 0.553090 0.502128
V 218.103 91.334 -3.048 0.556761 0.502099
V 226.103 91.334 -3.511 0.560432 0.502069
V 234.103 91.334 -4.284 0.564103 0.502039
V 242.103 91.334 -5.027 0.567775 0.502009
V 250.103 91.334 -5.732 0.571446 0.501980
V 258.103 91.334 -6.218 0.575117 0.501950
V 266.103 91.334 -6.682 0.578789 0.501920
V 274.103 91.334 -7.128 0.582460 0.501890
V 282.103 91.334 -7.286 0.586131 0.501860
V 290.103 91.334 -7.426 0.589803 0.501831
V 298.103 91.334 -7.551 0.593474 0.501801
V 306.103 91.334 -7.540 0.597145 0.501771
V 314.103 91.334 -7.510 0.600816 0.501741
V 322.103 91.334 -7.469 0.604488 0.501712
V 330.103 91.334 -7.382 0.608159 0.501682
V 338.103 91.334 -7.283 0.611830 0.501652
V -173.897 99.334 49.730 0.376897 0.507239
V -165.897 99.334 46.153 0.380568 0.507210
V -157.897 99.334 42.600 0.384240 0.507180
V -149.897 99.334 39.050 0.387911 0.507151
V -141.897 99.334 35.533 0.391582 0.507121
V -133.897 99.334 32.702 0.395253 0.507091
V -125.897 99.334 29.875 0.398925 0.507062
V -117.897 99.334 27.053 0.402596 0.507032
V -109.897 99.334 24.557 0.406267 0.507003
V -101.897 99.334 22.072 0.409939 0.506973
V -93.897 99.334 19.591 0.413610 0.506943
V -85.897 99.334 17.954 0.417281 0.506914
V -77.897 99.334 16.398 0.420953 0.506884
V -69.897 99.334 14.848 0.424624 0.506854
V -61.897 99.334 14.853 0.428295 0.506825
V -53.897 99.334 15.125 0.431966 0.506795
V -45.897 99.334 15.407 0.435638 0.506766
V -37.897 99.334 15.558 0.439309 0.506736
V -29.897 99.334 14.978 0.442980 0.506706
V -21.897 99.334 14.925 0.446652 0.506677
V -13.897 99.334 14.441 0.450323 0.506647
V -5.897 99.334 13.779 0.453994 0.506617
V 2.103 99.334 13.733 0.457666 0.506588
V 170.103 99.334 0.139 0.534763 0.505964
V 178.103 99.334 -0.567 0.538434 0.505934
V 186.103 99.334 -0.866 0.542105 0.505904
V 194.103 99.334 -1.219 0.545777 0.505875
V 202.103 99.334 -1.584 0.549448 0.505845
V 210.103 99.334 -2.076 0.553119 0.505815
V 218.103 99.334 -2.522 0.556791 0.505785
V 226.103 99.334 -2.976 0.560462 0.505756
V 234.103 99.334 -3.720 0.564133 0.505726
V 242.103 99.334 -4.433 0.567804 0.505696
V 250.103 99.334 -5.110 0.571476 0.505666
V 258.103 99.334 -5.626 0.575147 0.505637
V 266.103 99.334 -6.121 0.578818 0.505607
V 274.103 99.334 -6.596 0.582490 0.505577
V 282.103 99.334 -6.917 0.586161 0.505547
V 290.103 99.334 -7.221 0.589832 0.505517
V 298.103 99.334 -7.511 0.593503 0.505488
V 306.103 99.334 -7.604 0.597175 0.505458
V 314.103 99.334 -7.675 0.600846 0.505428
V 322.103 99.334 -7.737 0.604517 0.505398
V 330.103 99.334 -7.666 0.608189 0.505368
V 338.103 99.334 -7.573 0.611860 0.505339
V -173.897 107.334 47.686 0.376926 0.510926
V -165.897 107.334 44.187 0.380598 0.510897
V -157.897 107.334 40.671 0.384269 0.510867
V -149.897 107.334 37.157 0.387940 0.510837
V -141.897 107.334 33.687 0.391612 0.510808
V -133.897 107.334 30.990 0.395283 0.510778
V -125.897 107.334 28.297 0.398954 0.510749
V -117.897 107.334 25.608 0.402626 0.510719
V -109.897 107.334 23.401 0.406297 0.510689
V -101.897 107.334 21.204 0.409968 0.510660
V -93.897 107.334 19.010 0.413639 0.510630
V -85.897 107.334 17.735 0.417311 0.510601
V -77.897 107.334 16.536 0.420982 0.510571
V -69.897 107.334 15.342 0.424653 0.510541
V -61.897 107.334 15.576 0.428325 0.510512
V -53.897 107.334 16.037 0.431996 0.510482
V -45.897 107.334 15.976 0.435667 0.510452
V -37.897 107.334 16.215 0.439339 0.510423
V -29.897 107.334 16.413 0.443010 0.510393
V -21.897 107.334 16.567 0.446681 0.510363
V -13.897 107.334 16.225 0.450352 0.510334
V -5.897 107.334 15.738 0.454024 0.510304
V 2.103 107.334 15.552 0.457695 0.510274
V 10.103 107.334 14.909 0.461366 0.510245
V 18.103 107.334 14.069 0.465038 0.510215
V 26.103 107.334 12.003 0.468709 0.510185
V 34.103 107.334 11.036 0.472380 0.510156
V 42.103 107.334 10.098 0.476052 0.510126
V 50.103 107.334 8.991 0.479723 0.510096
V 82.103 107.334 7.733 0.494408 0.509978
V 90.103 107.334 10.609 0.498079 0.509948
V 98.103 107.334 10.473 0.501751 0.509918
V 106.103 107.334 9.774 0.505422 0.509889
V 114.103 107.334 7.727 0.509093 0.509859
V 162.103 107.334 1.562 0.531121 0.509680
V 170.103 107.334 0.887 0.534792 0.509651
V 178.103 107.334 0.168 0.538464 0.509621
V 186.103 107.334 -0.196 0.542135 0.509591
V 194.103 107.334 -0.677 0.545806 0.509561
V 202.103 107.334 -1.155 0.549478 0.509532
V 210.103 107.334 -1.616 0.553149 0.509502
V 218.103 107.334 -2.040 0.556820 0.509472
V 226.103 107.334 -2.475 0.560491 0.509442
V 234.103 107.334 -3.181 0.564163 0.509413
V 242.103 107.334 -3.859 0.567834 0.509383
V 250.103 107.334 -4.505 0.571505 0.509353
V 258.103 107.334 -5.048 0.575177 0.509323
V 266.103 107.334 -5.570 0.578848 0.509294
V 274.103 107.334 -6.074 0.582519 0.509264
V 282.103 107.334 -6.558 0.586191 0.509234
V 290.103 107.334 -7.025 0.589862 0.509204
V 298.103 107.334 -7.479 0.593533 0.509174
V 306.103 107.334 -7.674 0.597204 0.509145
V 314.103 107.334 -7.846 0.600876 0.509115
V 322.103 107.334 -8.008 0.604547 0.509085
V 330.103 107.334 -7.952 0.608218 0.509055
V 338.103 107.334 -7.865 0.611890 0.509025
V -173.897 115.334 45.642 0.376956 0.514613
V -165.897 115.334 42.221 0.380627 0.514583
V -157.897 115.334 38.741 0.384298 0.514554
V -149.897 115.334 35.264 0.387970 0.514524
V -141.897 115.334 31.841 0.391641 0.514495
V -133.897 115.334 29.278 0.395312 0.514465
V -125.897 115.334 26.718 0.398984 0.514435
V -117.897 115.334 24.161 0.402655 0.514406
V -109.897 115.334 22.246 0.406326 0.514376
V -101.897 115.334 20.336 0.409998 0.514347
V -93.897 115.334 18.429 0.413669 0.514317
V -85.897 115.334 17.515 0.417340 0.514287
V -77.897 115.334 16.674 0.421012 0.514258
V -69.897 115.334 15.834 0.424683 0.514228
V -61.897 115.334 15.899 0.428354 0.514198
V -53.897 115.334 16.515 0.432025 0.514169
V -45.897 115.334 17.134 0.435697 0.514139
V -37.897 115.334 17.509 0.439368 0.514109
V -29.897 115.334 17.829 0.443039 0.514080
V -21.897 115.334 18.144 0.446711 0.514050
V -13.897 115.334 17.922 0.450382 0.514021
V -5.897 115.334 17.509 0.454053 0.513991
V 2.103 115.334 17.132 0.457725 0.513961
V 10.103 115.334 16.171 0.461396 0.513932
V 18.103 115.334 14.953 0.465067 0.513902
V 26.103 115.334 12.680 0.468739 0.513872
V 34.103 115.334 11.667 0.472410 0.513843
V 42.103 115.334 10.788 0.476081 0.513813
V 50.103 115.334 9.776 0.479752 0.513783
V 58.103 115.334 9.137 0.483424 0.513753
V 66.103 115.334 9.024 0.487095 0.513724
V 74.103 115.334 8.778 0.490766 0.513694
V 82.103 115.334 9.591 0.494438 0.513664
V 90.103 115.334 12.292 0.498109 0.513635
V 98.103 115.334 12.100 0.501780 0.513605
V 106.103 115.334 11.396 0.505452 0.513575
V 114.103 115.334 9.774 0.509123 0.513546
V 122.103 115.334 8.045 0.512794 0.513516
V 130.103 115.334 8.511 0.516465 0.513486
V 138.103 115.334 7.099 0.520137 0.513456
V 146.103 115.334 5.687 0.523808 0.513427
V 154.103 115.334 4.162 0.527479 0.513397
V 162.103 115.334 3.002 0.531151 0.513367
V 170.103 115.334 1.828 0.534822 0.513337
V 178.103 115.334 0.879 0.538493 0.513308
V 186.103 115.334 0.384 0.542165 0.513278
V 194.103 115.334 -0.221 0.545836 0.513248
V 202.103 115.334 -0.790 0.549507 0.513219
V 210.103 115.334 -1.206 0.553179 0.513189
V 218.103 115.334 -1.596 0.556850 0.513159
V 226.103 115.334 -2.004 0.560521 0.513129
V 234.103 115.334 -2.666 0.564192 0.513099
V 242.103 115.334 -3.303 0.567864 0.513070
V 250.103 115.334 -3.916 0.571535 0.513040
V 258.103 115.334 -4.482 0.575206 0.513010
V 266.103 115.334 -5.029 0.578878 0.512980
V 274.103 115.334 -5.563 0.582549 0.512951
V 282.103 115.334 -6.208 0.586220 0.512921
V 290.103 115.334 -6.838 0.589892 0.512891
V 298.103 115.334 -7.453 0.593563 0.512861
V 306.103 115.334 -7.749 0.597234 0.512831
V 314.103 115.334 -8.021 0.600905 0.512802
V 322.103 115.334 -8.284 0.604577 0.512772
V 330.103 115.334 -8.241 0.608248 0.512742
V 338.103 115.334 -8.159 0.611919 0.512712
V -173.897 123.334 43.316 0.376985 0.518300
V -165.897 123.334 39.931 0.380657 0.518270
V -157.897 123.334 36.584 0.384328 0.518241
V -149.897 123.334 33.238 0.387999 0.518211
V -141.897 123.334 29.964 0.391671 0.518181
V -133.897 123.334 27.725 0.395342 0.518152
V -125.897 123.334 25.485 0.399013 0.518122
V -117.897 123.334 23.245 0.402685 0.518093
V -109.897 123.334 21.751 0.406356 0.518063
V -101.897 123.334 20.255 0.410027 0.518033
V -93.897 123.334 18.756 0.413698 0.518004
V -85.897 123.334 18.225 0.417370 0.517974
V -77.897 123.334 17.459 0.421041 0.517944
V -69.897 123.334 16.958 0.424712 0.517915
V -61.897 123.334 17.507 0.428384 0.517885
V -53.897 123.334 18.202 0.432055 0.517856
V -45.897 123.334 18.900 0.435726 0.517826
V -37.897 123.334 19.320 0.439398 0.517796
V -29.897 123.334 19.678 0.443069 0.517767
V -21.897 123.334 20.030 0.446740 0.517737
V -13.897 123.334 19.813 0.450412 0.517707
V -5.897 123.334 19.398 0.454083 0.517678
V 2.103 123.334 18.953 0.457754 0.517648
V 10.103 123.334 17.852 0.461425 0.517618
V 18.103 123.334 16.466 0.465097 0.517589
V 26.103 123.334 14.138 0.468768 0.517559
V 34.103 123.334 13.086 0.472439 0.517529
V 42.103 123.334 12.204 0.476111 0.517500
V 50.103 123.334 11.273 0.479782 0.517470
V 58.103 123.334 10.998 0.483453 0.517440
V 66.103 123.334 11.309 0.487125 0.517411
V 74.103 123.334 11.582 0.490796 0.517381
V 82.103 123.334 11.832 0.494467 0.517351
V 90.103 123.334 14.301 0.498139 0.517321
V 98.103 123.334 14.069 0.501810 0.517292
V 106.103 123.334 13.363 0.505481 0.517262
V 114.103 123.334 12.076 0.509152 0.517232
V 122.103 123.334 10.617 0.512824 0.517203
V 130.103 123.334 11.099 0.516495 0.517173
V 138.103 123.334 9.694 0.520166 0.517143
V 146.103 123.334 8.219 0.523838 0.517113
V 154.103 123.334 5.899 0.527509 0.517084
V 162.103 123.334 4.591 0.531180 0.517054
V 170.103 123.334 3.150 0.534852 0.517024
V 178.103 123.334 1.906 0.538523 0.516995
V 186.103 123.334 1.124 0.542194 0.516965
V 194.103 123.334 0.292 0.545866 0.516935
V 202.103 123.334 -0.458 0.549537 0.516905
V 210.103 123.334 -0.894 0.553208 0.516876
V 218.103 123.334 -1.309 0.556879 0.516846
V 226.103 123.334 -1.738 0.560551 0.516816
V 234.103 123.334 -2.354 0.564222 0.516786
V 242.103 123.334 -2.949 0.567893 0.516756
V 250.103 123.334 -3.524 0.571565 0.516727
V 258.103 123.334 -4.078 0.575236 0.516697
V 266.103 123.334 -4.617 0.578907 0.516667
V 274.103 123.334 -5.148 0.582579 0.516637
V 282.103 123.334 -5.898 0.586250 0.516608
V 290.103 123.334 -6.636 0.589921 0.516578
V 298.103 123.334 -7.364 0.593593 0.516548
V 306.103 123.334 -7.762 0.597264 0.516518
V 314.103 123.334 -8.139 0.600935 0.516488
V 322.103 123.334 -8.507 0.604606 0.516459
V 330.103 123.334 -8.500 0.608278 0.516429
V 338.103 123.334 -8.447 0.611949 0.516399
V -173.897 131.334 40.879 0.377015 0.521987
V -165.897 131.334 37.511 0.380686 0.521957
V -157.897 131.334 34.333 0.384357 0.521927
V -149.897 131.334 31.155 0.388029 0.521898
V -141.897 131.334 28.076 0.391700 0.521868
V -133.897 131.334 26.252 0.395371 0.521839
V -125.897 131.334 24.425 0.399043 0.521809
V -117.897 131.334 22.605 0.402714 0.521779
V -109.897 131.334 21.607 0.406385 0.521750
V -101.897 131.334 20.605 0.410057 0.521720
V -93.897 131.334 19.601 0.413728 0.521690
V -85.897 131.334 19.240 0.417399 0.521661
V -77.897 131.334 19.141 0.421071 0.521631
V -69.897 131.334 19.040 0.424742 0.521602
V -61.897 131.334 19.660 0.428413 0.521572
V -53.897 131.334 20.373 0.432085 0.521542
V -45.897 131.334 21.089 0.435756 0.521513
V -37.897 131.334 21.502 0.439427 0.521483
V -29.897 131.334 21.851 0.443098 0.521453
V -21.897 131.334 22.193 0.446770 0.521424
V -13.897 131.334 21.947 0.450441 0.521394
V -5.897 131.334 21.510 0.454112 0.521364
V 2.103 131.334 21.052 0.457784 0.521335
V 10.103 131.334 19.951 0.461455 0.521305
V 18.103 131.334 18.575 0.465126 0.521275
V 26.103 131.334 16.343 0.468798 0.521246
V 34.103 131.334 15.261 0.472469 0.521216
V 42.103 131.334 14.331 0.476140 0.521186
V 50.103 131.334 13.404 0.479812 0.521157
V 58.103 131.334 13.329 0.483483 0.521127
V 66.103 131.334 13.864 0.487154 0.521097
V 74.103 131.334 14.403 0.490825 0.521068
V 82.103 131.334 14.507 0.494497 0.521038
V 90.103 131.334 16.773 0.498168 0.521008
V 98.103 131.334 16.605 0.501839 0.520979
V 106.103 131.334 15.982 0.505511 0.520949
V 114.103 131.334 14.812 0.509182 0.520919
V 122.103 131.334 13.528 0.512853 0.520889
V 130.103 131.334 13.902 0.516525 0.520860
V 138.103 131.334 12.478 0.520196 0.520830
V 146.103 131.334 10.945 0.523867 0.520800
V 154.103 131.334 8.199 0.527539 0.520771
V 162.103 131.334 6.651 0.531210 0.520741
V 170.103 131.334 5.019 0.534881 0.520711
V 178.103 131.334 3.460 0.538553 0.520681
V 186.103 131.334 2.236 0.542224 0.520652
V 194.103 131.334 0.981 0.545895 0.520622
V 202.103 131.334 -0.134 0.549566 0.520592
V 210.103 131.334 -0.728 0.553238 0.520562
V 218.103 131.334 -1.310 0.556909 0.520533
V 226.103 131.334 -1.882 0.560580 0.520503
V 234.103 131.334 -2.468 0.564252 0.520473
V 242.103 131.334 -3.039 0.567923 0.520443
V 250.103 131.334 -3.586 0.571594 0.520413
V 258.103 131.334 -4.060 0.575266 0.520384
V 266.103 131.334 -4.520 0.578937 0.520354
V 274.103 131.334 -4.978 0.582608 0.520324
V 282.103 131.334 -5.682 0.586280 0.520294
V 290.103 131.334 -6.376 0.589951 0.520265
V 298.103 131.334 -7.061 0.593622 0.520235
V 306.103 131.334 -7.565 0.597293 0.520205
V 314.103 131.334 -8.055 0.600965 0.520175
V 322.103 131.334 -8.536 0.604636 0.520145
V 330.103 131.334 -8.642 0.608307 0.520116
V 338.103 131.334 -8.706 0.611979 0.520086
V -173.897 139.334 38.442 0.377044 0.525673
V -165.897 139.334 35.092 0.380716 0.525644
V -157.897 139.334 32.084 0.384387 0.525614
V -149.897 139.334 29.075 0.388058 0.525585
V -141.897 139.334 26.195 0.391730 0.525555
V -133.897 139.334 24.784 0.395401 0.525525
V -125.897 139.334 23.371 0.399072 0.525496
V -117.897 139.334 21.972 0.402743 0.525466
V -109.897 139.334 21.469 0.406415 0.525437
V -101.897 139.334 20.783 0.410086 0.525407
V -93.897 139.334 20.254 0.413757 0.525377
V -85.897 139.334 20.525 0.417429 0.525348
V -77.897 139.334 20.827 0.421100 0.525318
V -69.897 139.334 21.126 0.424771 0.525288
V -61.897 139.334 21.812 0.428443 0.525259
V -53.897 139.334 22.544 0.432114 0.525229
V -45.897 139.334 23.277 0.435785 0.525199
V -37.897 139.334 23.685 0.439457 0.525170
V -29.897 139.334 24.027 0.443128 0.525140
V -21.897 139.334 24.364 0.446799 0.525111
V -13.897 139.334 24.093 0.450471 0.525081
V -5.897 139.334 23.637 0.454142 0.525051
V 2.103 139.334 23.165 0.457813 0.525022
V 10.103 139.334 22.074 0.461485 0.524992
V 18.103 139.334 20.728 0.465156 0.524962
V 26.103 139.334 18.619 0.468827 0.524933
V 34.103 139.334 17.536 0.472498 0.524903
V 42.103 139.334 16.583 0.476170 0.524873
V 50.103 139.334 15.633 0.479841 0.524844
V 58.103 139.334 15.635 0.483512 0.524814
V 66.103 139.334 16.289 0.487184 0.524784
V 74.103 139.334 16.944 0.490855 0.524754
V 82.103 139.334 17.115 0.494526 0.524725
V 90.103 139.334 19.201 0.498198 0.524695
V 98.103 139.334 19.081 0.501869 0.524665
V 106.103 139.334 18.486 0.505540 0.524636
V 114.103 139.334 17.349 0.509212 0.524606
V 122.103 139.334 16.142 0.512883 0.524576
V 130.103 139.334 16.325 0.516554 0.524546
V 138.103 139.334 14.871 0.520226 0.524517
V 146.103 139.334 13.317 0.523897 0.524487
V 154.103 139.334 11.540 0.527568 0.524457
V 162.103 139.334 8.715 0.531240 0.524428
V 170.103 139.334 6.853 0.534911 0.524398
V 178.103 139.334 5.020 0.538582 0.524368
V 186.103 139.334 3.355 0.542253 0.524338
V 194.103 139.334 1.665 0.545925 0.524309
V 202.103 139.334 0.181 0.549596 0.524279
V 210.103 139.334 -0.575 0.553267 0.524249
V 218.103 139.334 -1.326 0.556939 0.524219
V 226.103 139.334 -2.036 0.560610 0.524190
V 234.103 139.334 -2.593 0.564281 0.524160
V 242.103 139.334 -3.137 0.567953 0.524130
V 250.103 139.334 -3.655 0.571624 0.524100
V 258.103 139.334 -4.047 0.575295 0.524070
V 266.103 139.334 -4.428 0.578967 0.524041
V 274.103 139.334 -4.812 0.582638 0.524011
V 282.103 139.334 -5.470 0.586309 0.523981
V 290.103 139.334 -6.120 0.589981 0.523951
V 298.103 139.334 -6.761 0.593652 0.523922
V 306.103 139.334 -7.373 0.597323 0.523892
V 314.103 139.334 -7.975 0.600994 0.523862
V 322.103 139.334 -8.569 0.604666 0.523832
V 330.103 139.334 -8.787 0.608337 0.523802
V 338.103 139.334 -8.968 0.612008 0.523773
V -173.897 147.334 36.004 0.377074 0.529360
V -165.897 147.334 32.677 0.380745 0.529331
V -157.897 147.334 29.837 0.384416 0.529301
V -149.897 147.334 26.996 0.388088 0.529271
V -141.897 147.334 24.319 0.391759 0.529242
V -133.897 147.334 23.322 0.395430 0.529212
V -125.897 147.334 22.322 0.399102 0.529183
V -117.897 147.334 21.212 0.402773 0.529153
V -109.897 147.334 21.191 0.406444 0.529123
V -101.897 147.334 21.165 0.410116 0.529094
V -93.897 147.334 21.133 0.413787 0.529064
V -85.897 147.334 21.815 0.417458 0.529034
V -77.897 147.334 22.518 0.421130 0.529005
V -69.897 147.334 23.217 0.424801 0.528975
V -61.897 147.334 23.963 0.428472 0.528946
V -53.897 147.334 24.715 0.432144 0.528916
V -45.897 147.334 25.466 0.435815 0.528886
V -37.897 147.334 25.871 0.439486 0.528857
V -29.897 147.334 26.210 0.443157 0.528827
V -21.897 147.334 26.542 0.446829 0.528797
V -13.897 147.334 26.249 0.450500 0.528768
V -5.897 147.334 25.776 0.454171 0.528738
V 2.103 147.334 25.291 0.457843 0.528708
V 10.103 147.334 24.208 0.461514 0.528679
V 18.103 147.334 22.198 0.465185 0.528649
V 26.103 147.334 20.894 0.468857 0.528619
V 34.103 147.334 19.809 0.472528 0.528590
V 42.103 147.334 18.836 0.476199 0.528560
V 50.103 147.334 17.865 0.479871 0.528530
V 58.103 147.334 17.936 0.483542 0.528501
V 66.103 147.334 18.695 0.487213 0.528471
V 74.103 147.334 19.455 0.490885 0.528441
V 82.103 147.334 19.718 0.494556 0.528412
V 90.103 147.334 21.642 0.498227 0.528382
V 98.103 147.334 21.583 0.501899 0.528352
V 106.103 147.334 21.024 0.505570 0.528322
V 114.103 147.334 19.917 0.509241 0.528293
V 122.103 147.334 18.758 0.512913 0.528263
V 130.103 147.334 18.751 0.516584 0.528233
V 138.103 147.334 17.238 0.520255 0.528204
V 146.103 147.334 15.652 0.523927 0.528174
V 154.103 147.334 13.796 0.527598 0.528144
V 162.103 147.334 10.819 0.531269 0.528114
V 170.103 147.334 8.727 0.534940 0.528085
V 178.103 147.334 6.608 0.538612 0.528055
V 186.103 147.334 4.491 0.542283 0.528025
V 194.103 147.334 2.354 0.545954 0.527995
V 202.103 147.334 0.497 0.549626 0.527966
V 210.103 147.334 -0.427 0.553297 0.527936
V 218.103 147.334 -1.348 0.556968 0.527906
V 226.103 147.334 -2.196 0.560640 0.527876
V 234.103 147.334 -2.724 0.564311 0.527847
V 242.103 147.334 -3.242 0.567982 0.527817
V 250.103 147.334 -3.728 0.571654 0.527787
V 258.103 147.334 -4.039 0.575325 0.527757
V 266.103 147.334 -4.339 0.578996 0.527728
V 274.103 147.334 -4.649 0.582668 0.527698
V 282.103 147.334 -5.262 0.586339 0.527668
V 290.103 147.334 -5.866 0.590010 0.527638
V 298.103 147.334 -6.463 0.593682 0.527608
V 306.103 147.334 -7.185 0.597353 0.527579
V 314.103 147.334 -7.899 0.601024 0.527549
V 322.103 147.334 -8.605 0.604695 0.527519
V 330.103 147.334 -8.936 0.608367 0.527489
V 338.103 147.334 -9.233 0.612038 0.527459
V -173.897 155.334 34.252 0.377103 0.533047
V -165.897 155.334 31.311 0.380775 0.533017
V -157.897 155.334 29.034 0.384446 0.532988
V -149.897 155.334 26.750 0.388117 0.532958
V -141.897 155.334 24.621 0.391788 0.532929
V -133.897 155.334 23.914 0.395460 0.532899
V -125.897 155.334 23.292 0.399131 0.532869
V -117.897 155.334 22.696 0.402802 0.532840
V -109.897 155.334 22.941 0.406474 0.532810
V -101.897 155.334 23.185 0.410145 0.532780
V -93.897 155.334 23.427 0.413816 0.532751
V -85.897 155.334 24.315 0.417488 0.532721
V -77.897 155.334 25.219 0.421159 0.532692
V -69.897 155.334 26.123 0.424830 0.532662
V -61.897 155.334 26.889 0.428502 0.532632
V -53.897 155.334 27.642 0.432173 0.532603
V -45.897 155.334 28.395 0.435844 0.532573
V -37.897 155.334 28.750 0.439516 0.532543
V -29.897 155.334 29.033 0.443187 0.532514
V -21.897 155.334 29.313 0.446858 0.532484
V -13.897 155.334 28.975 0.450530 0.532454
V -5.897 155.334 28.468 0.454201 0.532425
V 2.103 155.334 27.953 0.457872 0.532395
V 10.103 155.334 26.837 0.461544 0.532365
V 18.103 155.334 24.886 0.465215 0.532336
V 26.103 155.334 23.558 0.468886 0.532306
V 34.103 155.334 22.497 0.472558 0.532276
V 42.103 155.334 21.568 0.476229 0.532247
V 50.103 155.334 20.638 0.479900 0.532217
V 58.103 155.334 20.782 0.483572 0.532187
V 66.103 155.334 21.613 0.487243 0.532158
V 74.103 155.334 22.445 0.490914 0.532128
V 82.103 155.334 24.520 0.494586 0.532098
V 90.103 155.334 24.531 0.498257 0.532069
V 98.103 155.334 24.520 0.501928 0.532039
V 106.103 155.334 23.938 0.505600 0.532009
V 114.103 155.334 22.755 0.509271 0.531980
V 122.103 155.334 21.537 0.512942 0.531950
V 130.103 155.334 21.250 0.516613 0.531920
V 138.103 155.334 19.561 0.520285 0.531890
V 146.103 155.334 17.820 0.523956 0.531861
V 154.103 155.334 15.797 0.527627 0.531831
V 162.103 155.334 12.668 0.531299 0.531801
V 170.103 155.334 10.341 0.534970 0.531771
V 178.103 155.334 7.982 0.538641 0.531742
V 186.103 155.334 5.591 0.542313 0.531712
V 194.103 155.334 3.179 0.545984 0.531682
V 202.103 155.334 1.079 0.549655 0.531652
V 210.103 155.334 -0.014 0.553327 0.531623
V 218.103 155.334 -1.108 0.556998 0.531593
V 226.103 155.334 -2.108 0.560669 0.531563
V 234.103 155.334 -2.697 0.564341 0.531533
V 242.103 155.334 -3.278 0.568012 0.531504
V 250.103 155.334 -3.814 0.571683 0.531474
V 258.103 155.334 -4.105 0.575355 0.531444
V 266.103 155.334 -4.385 0.579026 0.531414
V 274.103 155.334 -4.675 0.582697 0.531385
V 282.103 155.334 -5.239 0.586369 0.531355
V 290.103 155.334 -5.796 0.590040 0.531325
V 298.103 155.334 -6.347 0.593711 0.531295
V 306.103 155.334 -7.088 0.597383 0.531265
V 314.103 155.334 -7.825 0.601054 0.531236
V 322.103 155.334 -8.559 0.604725 0.531206
V 330.103 155.334 -8.948 0.608396 0.531176
V 338.103 155.334 -9.312 0.612068 0.531146
V -173.897 163.334 32.612 0.377133 0.536734
V -165.897 163.334 30.128 0.380804 0.536704
V -157.897 163.334 28.497 0.384475 0.536675
V -149.897 163.334 26.784 0.388147 0.536645
V -141.897 163.334 25.280 0.391818 0.536615
V -133.897 163.334 25.074 0.395489 0.536586
V -125.897 163.334 24.862 0.399161 0.536556
V -117.897 163.334 24.677 0.402832 0.536527
V -109.897 163.334 25.156 0.406503 0.536497
V -101.897 163.334 25.634 0.410175 0.536467
V -93.897 163.334 26.109 0.413846 0.536438
V -85.897 163.334 27.162 0.417517 0.536408
V -77.897 163.334 28.224 0.421189 0.536378
V -69.897 163.334 29.285 0.424860 0.536349
V -61.897 163.334 30.069 0.428531 0.536319
V -53.897 163.334 30.830 0.432203 0.536290
V -45.897 163.334 31.590 0.435874 0.536260
V -37.897 163.334 31.888 0.439545 0.536230
V -29.897 163.334 32.109 0.443217 0.536201
V -21.897 163.334 32.327 0.446888 0.536171
V -13.897 163.334 31.943 0.450559 0.536141
V -5.897 163.334 31.405 0.454231 0.536112
V 2.103 163.334 30.860 0.457902 0.536082
V 10.103 163.334 29.702 0.461573 0.536052
V 18.103 163.334 27.785 0.465245 0.536023
V 26.103 163.334 26.416 0.468916 0.535993
V 34.103 163.334 25.404 0.472587 0.535963
V 42.103 163.334 24.560 0.476258 0.535934
V 50.103 163.334 23.715 0.479930 0.535904
V 58.103 163.334 23.945 0.483601 0.535874
V 66.103 163.334 24.839 0.487272 0.535845
V 74.103 163.334 25.734 0.490944 0.535815
V 82.103 163.334 27.673 0.494615 0.535785
V 90.103 163.334 27.728 0.498286 0.535755
V 98.103 163.334 27.764 0.501958 0.535726
V 106.103 163.334 27.124 0.505629 0.535696
V 114.103 163.334 25.796 0.509300 0.535666
V 122.103 163.334 24.441 0.512972 0.535637
V 130.103 163.334 22.788 0.516643 0.535607
V 138.103 163.334 21.849 0.520314 0.535577
V 146.103 163.334 19.849 0.523986 0.535547
V 154.103 163.334 17.581 0.527657 0.535518
V 162.103 163.334 14.286 0.531328 0.535488
V 170.103 163.334 11.713 0.535000 0.535458
V 178.103 163.334 9.156 0.538671 0.535428
V 186.103 163.334 6.661 0.542342 0.535399
V 194.103 163.334 4.148 0.546014 0.535369
V 202.103 163.334 1.945 0.549685 0.535339
V 210.103 163.334 0.689 0.553356 0.535309
V 218.103 163.334 -0.569 0.557028 0.535280
V 226.103 163.334 -1.729 0.560699 0.535250
V 234.103 163.334 -2.481 0.564370 0.535220
V 242.103 163.334 -3.227 0.568042 0.535190
V 250.103 163.334 -3.915 0.571713 0.535161
V 258.103 163.334 -4.268 0.575384 0.535131
V 266.103 163.334 -4.614 0.579056 0.535101
V 274.103 163.334 -4.965 0.582727 0.535071
V 282.103 163.334 -5.487 0.586398 0.535042
V 290.103 163.334 -6.003 0.590070 0.535012
V 298.103 163.334 -6.514 0.593741 0.534982
V 306.103 163.334 -7.134 0.597412 0.534952
V 314.103 163.334 -7.751 0.601084 0.534922
V 322.103 163.334 -8.365 0.604755 0.534893
V 330.103 163.334 -8.711 0.608426 0.534863
V 338.103 163.334 -9.039 0.612097 0.534833
V -173.897 171.334 30.978 0.377162 0.540421
V -165.897 171.334 28.901 0.380833 0.540391
V -157.897 171.334 27.909 0.384505 0.540361
V -149.897 171.334 26.908 0.388176 0.540332
V -141.897 171.334 26.035 0.391847 0.540302
V -133.897 171.334 26.240 0.395519 0.540273
V -125.897 171.334 26.440 0.399190 0.540243
V -117.897 171.334 26.661 0.402861 0.540213
V -109.897 171.334 27.375 0.406533 0.540184
V -101.897 171.334 28.087 0.410204 0.540154
V -93.897 171.334 28.796 0.413875 0.540124
V -85.897 171.334 30.013 0.417547 0.540095
V -77.897 171.334 31.233 0.421218 0.540065
V -69.897 171.334 32.452 0.424889 0.540036
V -61.897 171.334 33.252 0.428561 0.540006
V -53.897 171.334 34.021 0.432232 0.539976
V -45.897 171.334 34.789 0.435903 0.539947
V -37.897 171.334 35.030 0.439575 0.539917
V -29.897 171.334 35.190 0.443246 0.539887
V -21.897 171.334 35.347 0.446917 0.539858
V -13.897 171.334 34.920 0.450589 0.539828
V -5.897 171.334 34.350 0.454260 0.539798
V 2.103 171.334 33.776 0.457931 0.539769
V 10.103 171.334 32.574 0.461603 0.539739
V 18.103 171.334 30.683 0.465274 0.539709
V 26.103 171.334 29.273 0.468945 0.539680
V 34.103 171.334 28.311 0.472617 0.539650
V 42.103 171.334 27.552 0.476288 0.539620
V 50.103 171.334 26.792 0.479959 0.539591
V 58.103 171.334 27.107 0.483631 0.539561
V 66.103 171.334 28.065 0.487302 0.539531
V 74.103 171.334 29.023 0.490973 0.539502
V 82.103 171.334 30.842 0.494645 0.539472
V 90.103 171.334 30.947 0.498316 0.539442
V 98.103 171.334 31.036 0.501987 0.539413
V 106.103 171.334 30.337 0.505659 0.539383
V 114.103 171.334 28.864 0.509330 0.539353
V 122.103 171.334 27.372 0.513001 0.539323
V 130.103 171.334 25.524 0.516673 0.539294
V 138.103 171.334 24.179 0.520344 0.539264
V 146.103 171.334 21.916 0.524015 0.539234
V 154.103 171.334 19.397 0.527687 0.539204
V 162.103 171.334 15.933 0.531358 0.539175
V 170.103 171.334 13.113 0.535029 0.539145
V 178.103 171.334 10.356 0.538701 0.539115
V 186.103 171.334 7.753 0.542372 0.539086
V 194.103 171.334 5.136 0.546043 0.539056
V 202.103 171.334 2.824 0.549715 0.539026
V 210.103 171.334 1.401 0.553386 0.538996
V 218.103 171.334 -0.024 0.557057 0.538967
V 226.103 171.334 -1.348 0.560729 0.538937
V 234.103 171.334 -2.265 0.564400 0.538907
V 242.103 171.334 -3.177 0.568071 0.538877
V 250.103 171.334 -4.015 0.571743 0.538847
V 258.103 171.334 -4.433 0.575414 0.538818
V 266.103 171.334 -4.844 0.579085 0.538788
V 274.103 171.334 -5.255 0.582757 0.538758
V 282.103 171.334 -5.735 0.586428 0.538728
V 290.103 171.334 -6.210 0.590099 0.538699
V 298.103 171.334 -6.680 0.593771 0.538669
V 306.103 171.334 -7.179 0.597442 0.538639
V 314.103 171.334 -7.676 0.601113 0.538609
V 322.103 171.334 -8.169 0.604785 0.538579
V 330.103 171.334 -8.473 0.608456 0.538550
V 338.103 171.334 -8.766 0.612127 0.538520
V -173.897 179.334 29.341 0.377192 0.544107
V -165.897 179.334 27.754 0.380863 0.544078
V -157.897 179.334 27.398 0.384534 0.544048
V -149.897 179.334 27.043 0.388206 0.544019
V -141.897 179.334 26.797 0.391877 0.543989
V -133.897 179.334 27.413 0.395548 0.543959
V -125.897 179.334 28.024 0.399220 0.543930
V -117.897 179.334 28.650 0.402891 0.543900
V -109.897 179.334 29.598 0.406562 0.543871
V -101.897 179.334 30.544 0.410234 0.543841
V -93.897 179.334 31.487 0.413905 0.543811
V -85.897 179.334 32.867 0.417576 0.543782
V -77.897 179.334 34.246 0.421248 0.543752
V -69.897 179.334 35.623 0.424919 0.543722
V -61.897 179.334 36.438 0.428590 0.543693
V -53.897 179.334 37.216 0.432262 0.543663
V -45.897 179.334 37.993 0.435933 0.543633
V -37.897 179.334 38.176 0.439604 0.543604
V -29.897 179.334 38.275 0.443276 0.543574
V -21.897 179.334 38.372 0.446947 0.543545
V -13.897 179.334 37.903 0.450618 0.543515
V -5.897 179.334 37.303 0.454290 0.543485
V 2.103 179.334 36.699 0.457961 0.543456
V 10.103 179.334 35.452 0.461632 0.543426
V 18.103 179.334 33.579 0.465304 0.543396
V 26.103 179.334 32.128 0.468975 0.543367
V 34.103 179.334 31.218 0.472646 0.543337
V 42.103 179.334 30.544 0.476318 0.543307
V 50.103 179.334 29.870 0.479989 0.543278
V 58.103 179.334 30.270 0.483660 0.543248
V 66.103 179.334 31.291 0.487332 0.543218
V 74.103 179.334 32.312 0.491003 0.543188
V 82.103 179.334 34.029 0.494674 0.543159
V 90.103 179.334 34.187 0.498346 0.543129
V 98.103 179.334 34.331 0.502017 0.543099
V 106.103 179.334 33.574 0.505688 0.543070
V 114.103 179.334 31.957 0.509360 0.543040
V 122.103 179.334 30.325 0.513031 0.543010
V 130.103 179.334 28.278 0.516702 0.542980
V 138.103 179.334 26.546 0.520374 0.542951
V 146.103 179.334 24.018 0.524045 0.542921
V 154.103 179.334 21.244 0.527716 0.542891
V 162.103 179.334 17.603 0.531388 0.542862
V 170.103 179.334 14.536 0.535059 0.542832
V 178.103 179.334 11.581 0.538730 0.542802
V 186.103 179.334 8.867 0.542402 0.542772
V 194.103 179.334 6.141 0.546073 0.542743
V 202.103 179.334 3.715 0.549744 0.542713
V 210.103 179.334 2.122 0.553416 0.542683
V 218.103 179.334 0.526 0.557087 0.542653
V 226.103 179.334 -0.963 0.560758 0.542624
V 234.103 179.334 -2.047 0.564430 0.542594
V 242.103 179.334 -3.127 0.568101 0.542564
V 250.103 179.334 -4.115 0.571772 0.542534
V 258.103 179.334 -4.598 0.575444 0.542504
V 266.103 179.334 -5.075 0.579115 0.542475
V 274.103 179.334 -5.544 0.582786 0.542445
V 282.103 179.334 -5.982 0.586458 0.542415
V 290.103 179.334 -6.416 0.590129 0.542385
V 298.103 179.334 -6.845 0.593800 0.542356
V 306.103 179.334 -7.223 0.597472 0.542326
V 314.103 179.334 -7.599 0.601143 0.542296
V 322.103 179.334 -7.973 0.604814 0.542266
V 330.103 179.334 -8.236 0.608486 0.542236
V 338.103 179.334 -8.493 0.612157 0.542207
V -173.897 187.334 30.852 0.377221 0.547794
V -165.897 187.334 29.852 0.380892 0.547765
V -157.897 187.334 29.870 0.384564 0.547735
V -149.897 187.334 29.883 0.388235 0.547705
V -141.897 187.334 29.964 0.391906 0.547676
V -133.897 187.334 30.548 0.395578 0.547646
V -125.897 187.334 31.133 0.399249 0.547617
V -117.897 187.334 31.743 0.402920 0.547587
V -109.897 187.334 32.672 0.406592 0.547557
V -101.897 187.334 33.602 0.410263 0.547528
V -93.897 187.334 34.537 0.413934 0.547498
V -85.897 187.334 36.021 0.417606 0.547468
V -77.897 187.334 37.504 0.421277 0.547439
V -69.897 187.334 38.986 0.424948 0.547409
V -61.897 187.334 39.988 0.428620 0.547380
V -53.897 187.334 40.960 0.432291 0.547350
V -45.897 187.334 41.926 0.435962 0.547320
V -37.897 187.334 42.106 0.439634 0.547291
V -29.897 187.334 42.183 0.443305 0.547261
V -21.897 187.334 42.257 0.446976 0.547231
V -13.897 187.334 41.674 0.450648 0.547202
V -5.897 187.334 40.951 0.454319 0.547172
V 2.103 187.334 40.227 0.457990 0.547142
V 10.103 187.334 38.900 0.461662 0.547113
V 18.103 187.334 37.018 0.465333 0.547083
V 26.103 187.334 35.507 0.469004 0.547053
V 34.103 187.334 34.633 0.472676 0.547024
V 42.103 187.334 34.028 0.476347 0.546994
V 50.103 187.334 33.422 0.480018 0.546964
V 58.103 187.334 33.839 0.483690 0.546935
V 66.103 187.334 34.829 0.487361 0.546905
V 74.103 187.334 35.820 0.491033 0.546875
V 82.103 187.334 37.323 0.494704 0.546846
V 90.103 187.334 37.383 0.498375 0.546816
V 98.103 187.334 37.435 0.502047 0.546786
V 106.103 187.334 36.487 0.505718 0.546756
V 114.103 187.334 34.619 0.509389 0.546727
V 122.103 187.334 32.741 0.513061 0.546697
V 130.103 187.334 30.435 0.516732 0.546667
V 138.103 187.334 28.335 0.520403 0.546638
V 146.103 187.334 25.543 0.524075 0.546608
V 154.103 187.334 22.581 0.527746 0.546578
V 162.103 187.334 18.922 0.531417 0.546548
V 170.103 187.334 15.769 0.535089 0.546519
V 178.103 187.334 12.765 0.538760 0.546489
V 186.103 187.334 10.067 0.542431 0.546459
V 194.103 187.334 7.357 0.546103 0.546429
V 202.103 187.334 4.914 0.549774 0.546400
V 210.103 187.334 3.190 0.553445 0.546370
V 218.103 187.334 1.463 0.557117 0.546340
V 226.103 187.334 -0.161 0.560788 0.546310
V 234.103 187.334 -1.411 0.564459 0.546281
V 242.103 187.334 -2.658 0.568131 0.546251
V 250.103 187.334 -3.802 0.571802 0.546221
V 258.103 187.334 -4.408 0.575473 0.546191
V 266.103 187.334 -5.007 0.579145 0.546162
V 274.103 187.334 -5.590 0.582816 0.546132
V 282.103 187.334 -6.067 0.586487 0.546102
V 290.103 187.334 -6.538 0.590159 0.546072
V 298.103 187.334 -6.996 0.593830 0.546042
V 306.103 187.334 -7.254 0.597501 0.546013
V 314.103 187.334 -7.510 0.601173 0.545983
V 322.103 187.334 -7.764 0.604844 0.545953
V 330.103 187.334 -7.962 0.608515 0.545923
V 338.103 187.334 -8.158 0.612187 0.545893
V -173.897 195.334 32.372 0.377250 0.551481
V -165.897 195.334 31.957 0.380922 0.551451
V -157.897 195.334 32.363 0.384593 0.551422
V -149.897 195.334 32.763 0.388265 0.551392
V -141.897 195.334 33.181 0.391936 0.551363
V -133.897 195.334 33.740 0.395607 0.551333
V -125.897 195.334 34.301 0.399279 0.551303
V -117.897 195.334 34.888 0.402950 0.551274
V -109.897 195.334 35.794 0.406621 0.551244
V -101.897 195.334 36.700 0.410293 0.551215
V -93.897 195.334 37.617 0.413964 0.551185
V -85.897 195.334 39.204 0.417635 0.551155
V -77.897 195.334 40.788 0.421307 0.551126
V -69.897 195.334 42.372 0.424978 0.551096
V -61.897 195.334 43.585 0.428649 0.551066
V -53.897 195.334 44.777 0.432321 0.551037
V -45.897 195.334 45.964 0.435992 0.551007
V -37.897 195.334 46.152 0.439663 0.550977
V -29.897 195.334 46.221 0.443335 0.550948
V -21.897 195.334 46.287 0.447006 0.550918
V -13.897 195.334 45.587 0.450677 0.550889
V -5.897 195.334 44.733 0.454349 0.550859
V 2.103 195.334 43.878 0.458020 0.550829
V 10.103 195.334 42.145 0.461691 0.550800
V 18.103 195.334 40.576 0.465363 0.550770
V 26.103 195.334 39.007 0.469034 0.550740
V 34.103 195.334 38.174 0.472705 0.550710
V 42.103 195.334 37.639 0.476377 0.550681
V 50.103 195.334 37.103 0.480048 0.550651
V 58.103 195.334 37.523 0.483719 0.550621
V 66.103 195.334 38.459 0.487391 0.550592
V 74.103 195.334 39.396 0.491062 0.550562
V 82.103 195.334 40.659 0.494733 0.550532
V 90.103 195.334 40.572 0.498405 0.550503
V 98.103 195.334 40.479 0.502076 0.550473
V 106.103 195.334 39.290 0.505747 0.550443
V 114.103 195.334 37.122 0.509419 0.550414
V 122.103 195.334 34.948 0.513090 0.550384
V 130.103 195.334 32.350 0.516761 0.550354
V 138.103 195.334 29.886 0.520433 0.550324
V 146.103 195.334 26.821 0.524104 0.550295
V 154.103 195.334 23.694 0.527775 0.550265
V 162.103 195.334 20.082 0.531447 0.550235
V 170.103 195.334 16.916 0.535118 0.550205
V 178.103 195.334 13.938 0.538789 0.550176
V 186.103 195.334 11.323 0.542461 0.550146
V 194.103 195.334 8.697 0.546132 0.550116
V 202.103 195.334 6.295 0.549803 0.550086
V 210.103 195.334 4.471 0.553475 0.550057
V 218.103 195.334 2.644 0.557146 0.550027
V 226.103 195.334 0.911 0.560818 0.549997
V 234.103 195.334 -0.496 0.564489 0.549967
V 242.103 195.334 -1.900 0.568160 0.549938
V 250.103 195.334 -3.196 0.571832 0.549908
V 258.103 195.334 -3.957 0.575503 0.549878
V 266.103 195.334 -4.713 0.579174 0.549848
V 274.103 195.334 -5.445 0.582846 0.549819
V 282.103 195.334 -6.020 0.586517 0.549789
V 290.103 195.334 -6.589 0.590188 0.549759
V 298.103 195.334 -7.136 0.593860 0.549729
V 306.103 195.334 -7.273 0.597531 0.549699
V 314.103 195.334 -7.408 0.601202 0.549670
V 322.103 195.334 -7.543 0.604874 0.549640
V 330.103 195.334 -7.652 0.608545 0.549610
V 338.103 195.334 -7.760 0.612216 0.549580
V -173.897 203.334 33.903 0.377280 0.555168
V -165.897 203.334 34.067 0.380951 0.555138
V -157.897 203.334 34.862 0.384623 0.555109
V -149.897 203.334 35.651 0.388294 0.555079
V -141.897 203.334 36.398 0.391965 0.555049
V -133.897 203.334 36.933 0.395637 0.555020
V -125.897 203.334 37.468 0.399308 0.554990
V -117.897 203.334 38.034 0.402979 0.554961
V -109.897 203.334 38.915 0.406651 0.554931
V -101.897 203.334 39.798 0.410322 0.554901
V -93.897 203.334 40.700 0.413993 0.554872
V -85.897 203.334 42.389 0.417665 0.554842
V -77.897 203.334 44.076 0.421336 0.554812
V -69.897 203.334 45.762 0.425007 0.554783
V -61.897 203.334 47.188 0.428679 0.554753
V -53.897 203.334 48.600 0.432350 0.554724
V -45.897 203.334 50.008 0.436021 0.554694
V -37.897 203.334 50.202 0.439693 0.554664
V -29.897 203.334 50.263 0.443364 0.554635
V -21.897 203.334 50.322 0.447036 0.554605
V -13.897 203.334 49.503 0.450707 0.554575
V -5.897 203.334 48.517 0.454378 0.554546
V 2.103 203.334 47.531 0.458050 0.554516
V 10.103 203.334 45.759 0.461721 0.554486
V 18.103 203.334 44.132 0.465392 0.554457
V 26.103 203.334 42.506 0.469064 0.554427
V 34.103 203.334 41.715 0.472735 0.554397
V 42.103 203.334 41.250 0.476406 0.554368
V 50.103 203.334 40.784 0.480078 0.554338
V 58.103 203.334 41.204 0.483749 0.554308
V 66.103 203.334 42.087 0.487420 0.554279
V 74.103 203.334 42.970 0.491092 0.554249
V 82.103 203.334 44.007 0.494763 0.554219
V 90.103 203.334 43.775 0.498434 0.554189
V 98.103 203.334 43.538 0.502106 0.554160
V 106.103 203.334 42.104 0.505777 0.554130
V 114.103 203.334 39.638 0.509448 0.554100
V 122.103 203.334 37.167 0.513120 0.554071
V 130.103 203.334 34.277 0.516791 0.554041
V 138.103 203.334 31.461 0.520462 0.554011
V 146.103 203.334 28.121 0.524134 0.553981
V 154.103 203.334 24.832 0.527805 0.553952
V 162.103 203.334 21.618 0.531476 0.553922
V 170.103 203.334 18.082 0.535148 0.553892
V 178.103 203.334 15.130 0.538819 0.553863
V 186.103 203.334 12.597 0.542490 0.553833
V 194.103 203.334 10.055 0.546162 0.553803
V 202.103 203.334 7.689 0.549833 0.553773
V 210.103 203.334 5.762 0.553504 0.553744
V 218.103 203.334 3.833 0.557176 0.553714
V 226.103 203.334 1.988 0.560847 0.553684
V 234.103 203.334 0.424 0.564518 0.553654
V 242.103 203.334 -1.139 0.568190 0.553624
V 250.103 203.334 -2.588 0.571861 0.553595
V 258.103 203.334 -3.505 0.575533 0.553565
V 266.103 203.334 -4.418 0.579204 0.553535
V 274.103 203.334 -5.300 0.582875 0.553505
V 282.103 203.334 -5.973 0.586547 0.553476
V 290.103 203.334 -6.641 0.590218 0.553446
V 298.103 203.334 -7.273 0.593889 0.553416
V 306.103 203.334 -7.289 0.597561 0.553386
V 314.103 203.334 -7.304 0.601232 0.553356
V 322.103 203.334 -7.319 0.604903 0.553327
V 330.103 203.334 -7.340 0.608575 0.553297
V 338.103 203.334 -7.360 0.612246 0.553267
V -173.897 211.334 35.655 0.377309 0.558855
V -165.897 211.334 36.354 0.380981 0.558825
V -157.897 211.334 37.507 0.384652 0.558795
V -149.897 211.334 38.658 0.388323 0.558766
V -141.897 211.334 39.705 0.391995 0.558736
V -133.897 211.334 40.201 0.395666 0.558707
V -125.897 211.334 40.699 0.399338 0.558677
V -117.897 211.334 41.230 0.403009 0.558647
V -109.897 211.334 42.080 0.406680 0.558618
V -101.897 211.334 42.931 0.410352 0.558588
V -93.897 211.334 43.813 0.414023 0.558559
V -85.897 211.334 45.601 0.417694 0.558529
V -77.897 211.334 47.387 0.421366 0.558499
V -69.897 211.334 49.171 0.425037 0.558470
V -61.897 211.334 50.808 0.428708 0.558440
V -53.897 211.334 52.437 0.432380 0.558410
V -45.897 211.334 54.063 0.436051 0.558381
V -37.897 211.334 54.260 0.439722 0.558351
V -29.897 211.334 54.312 0.443394 0.558321
V -21.897 211.334 54.362 0.447065 0.558292
V -13.897 211.334 53.421 0.450736 0.558262
V -5.897 211.334 52.304 0.454408 0.558232
V 2.103 211.334 51.187 0.458079 0.558203
V 10.103 211.334 49.372 0.461750 0.558173
V 18.103 211.334 47.687 0.465422 0.558143
V 26.103 211.334 46.002 0.469093 0.558114
V 34.103 211.334 45.256 0.472764 0.558084
V 42.103 211.334 44.861 0.476436 0.558054
V 50.103 211.334 44.466 0.480107 0.558025
V 58.103 211.334 44.885 0.483779 0.557995
V 66.103 211.334 45.713 0.487450 0.557965
V 74.103 211.334 46.543 0.491121 0.557936
V 82.103 211.334 47.365 0.494793 0.557906
V 90.103 211.334 46.989 0.498464 0.557876
V 98.103 211.334 46.608 0.502135 0.557847
V 106.103 211.334 44.930 0.505807 0.557817
V 114.103 211.334 42.164 0.509478 0.557787
V 122.103 211.334 39.397 0.513149 0.557757
V 130.103 211.334 36.214 0.516821 0.557728
V 138.103 211.334 33.055 0.520492 0.557698
V 146.103 211.334 29.440 0.524163 0.557668
V 154.103 211.334 25.992 0.527835 0.557639
V 162.103 211.334 22.772 0.531506 0.557609
V 170.103 211.334 19.264 0.535177 0.557579
V 178.103 211.334 16.339 0.538849 0.557549
V 186.103 211.334 13.887 0.542520 0.557520
V 194.103 211.334 11.427 0.546191 0.557490
V 202.103 211.334 9.093 0.549863 0.557460
V 210.103 211.334 7.062 0.553534 0.557430
V 218.103 211.334 5.029 0.557205 0.557401
V 226.103 211.334 3.070 0.560877 0.557371
V 234.103 211.334 1.347 0.564548 0.557341
V 242.103 211.334 -0.375 0.568219 0.557311
V 250.103 211.334 -1.978 0.571891 0.557281
V 258.103 211.334 -3.053 0.575562 0.557252
V 266.103 211.334 -4.123 0.579234 0.557222
V 274.103 211.334 -5.155 0.582905 0.557192
V 282.103 211.334 -5.926 0.586576 0.557162
V 290.103 211.334 -6.694 0.590248 0.557133
V 298.103 211.334 -7.407 0.593919 0.557103
V 306.103 211.334 -7.303 0.597590 0.557073
V 314.103 211.334 -7.198 0.601262 0.557043
V 322.103 211.334 -7.093 0.604933 0.557013
V 330.103 211.334 -7.026 0.608604 0.556984
V 338.103 211.334 -6.959 0.612276 0.556954
V -173.897 219.334 38.550 0.377339 0.562541
V -165.897 219.334 39.612 0.381010 0.562512
V -157.897 219.334 41.013 0.384682 0.562482
V -149.897 219.334 42.410 0.388353 0.562453
V -141.897 219.334 43.644 0.392024 0.562423
V -133.897 219.334 44.041 0.395696 0.562393
V -125.897 219.334 44.440 0.399367 0.562364
V -117.897 219.334 44.878 0.403038 0.562334
V -109.897 219.334 45.656 0.406710 0.562305
V -101.897 219.334 46.435 0.410381 0.562275
V -93.897 219.334 47.258 0.414052 0.562245
V -85.897 219.334 49.132 0.417724 0.562216
V -77.897 219.334 51.005 0.421395 0.562186
V -69.897 219.334 52.877 0.425066 0.562156
V -61.897 219.334 54.675 0.428738 0.562127
V -53.897 219.334 56.468 0.432409 0.562097
V -45.897 219.334 58.258 0.436081 0.562068
V -37.897 219.334 58.505 0.439752 0.562038
V -29.897 219.334 58.612 0.443423 0.562008
V -21.897 219.334 58.716 0.447095 0.561979
V -13.897 219.334 57.657 0.450766 0.561949
V -5.897 219.334 56.405 0.454437 0.561919
V 2.103 219.334 55.153 0.458109 0.561890
V 10.103 219.334 53.370 0.461780 0.561860
V 18.103 219.334 51.725 0.465451 0.561830
V 26.103 219.334 50.079 0.469123 0.561801
V 34.103 219.334 49.298 0.472794 0.561771
V 42.103 219.334 48.829 0.476465 0.561741
V 50.103 219.334 48.362 0.480137 0.561712
V 58.103 219.334 48.699 0.483808 0.561682
V 66.103 219.334 49.426 0.487479 0.561652
V 74.103 219.334 50.156 0.491151 0.561623
V 82.103 219.334 50.607 0.494822 0.561593
V 90.103 219.334 49.849 0.498493 0.561563
V 98.103 219.334 49.094 0.502165 0.561533
V 106.103 219.334 47.107 0.505836 0.561504
V 114.103 219.334 44.119 0.509508 0.561474
V 122.103 219.334 41.130 0.513179 0.561444
V 130.103 219.334 37.871 0.516850 0.561415
V 138.103 219.334 34.735 0.520522 0.561385
V 146.103 219.334 31.196 0.524193 0.561355
V 154.103 219.334 27.848 0.527864 0.561325
V 162.103 219.334 24.757 0.531536 0.561296
V 170.103 219.334 21.406 0.535207 0.561266
V 178.103 219.334 18.531 0.538878 0.561236
V 186.103 219.334 15.996 0.542550 0.561206
V 194.103 219.334 13.458 0.546221 0.561177
V 202.103 219.334 11.009 0.549892 0.561147
V 210.103 219.334 8.763 0.553564 0.561117
V 218.103 219.334 6.518 0.557235 0.561087
V 226.103 219.334 4.353 0.560906 0.561058
V 234.103 219.334 2.429 0.564578 0.561028
V 242.103 219.334 0.507 0.568249 0.560998
V 250.103 219.334 -1.287 0.571920 0.560968
V 258.103 219.334 -2.539 0.575592 0.560939
V 266.103 219.334 -3.787 0.579263 0.560909
V 274.103 219.334 -4.981 0.582935 0.560879
V 282.103 219.334 -5.825 0.586606 0.560849
V 290.103 219.334 -6.667 0.590277 0.560819
V 298.103 219.334 -7.445 0.593949 0.560790
V 306.103 219.334 -7.365 0.597620 0.560760
V 314.103 219.334 -7.281 0.601291 0.560730
V 322.103 219.334 -7.194 0.604963 0.560700
V 330.103 219.334 -7.117 0.608634 0.560670
V 338.103 219.334 -7.038 0.612305 0.560641
V -173.897 227.334 41.451 0.377368 0.566228
V -165.897 227.334 42.874 0.381040 0.566199
V -157.897 227.334 44.522 0.384711 0.566169
V -149.897 227.334 46.167 0.388382 0.566139
V -141.897 227.334 47.582 0.392054 0.566110
V -133.897 227.334 47.880 0.395725 0.566080
V -125.897 227.334 48.180 0.399396 0.566051
V -117.897 227.334 48.526 0.403068 0.566021
V -109.897 227.334 49.232 0.406739 0.565991
V -101.897 227.334 49.939 0.410411 0.565962
V -93.897 227.334 50.706 0.414082 0.565932
V -85.897 227.334 52.667 0.417753 0.565903
V -77.897 227.334 54.627 0.421425 0.565873
V -69.897 227.334 56.585 0.425096 0.565843
V -61.897 227.334 58.546 0.428767 0.565814
V -53.897 227.334 60.504 0.432439 0.565784
V -45.897 227.334 62.459 0.436110 0.565754
V -37.897 227.334 62.755 0.439781 0.565725
V -29.897 227.334 62.916 0.443453 0.565695
V -21.897 227.334 63.074 0.447124 0.565665
V -13.897 227.334 61.897 0.450795 0.565636
V -5.897 227.334 60.511 0.454467 0.565606
V 2.103 227.334 59.126 0.458138 0.565576
V 10.103 227.334 57.379 0.461810 0.565547
V 18.103 227.334 55.781 0.465481 0.565517
V 26.103 227.334 54.183 0.469152 0.565487
V 34.103 227.334 53.365 0.472824 0.565458
V 42.103 227.334 52.817 0.476495 0.565428
V 50.103 227.334 52.272 0.480166 0.565398
V 58.103 227.334 52.523 0.483838 0.565369
V 66.103 227.334 53.145 0.487509 0.565339
V 74.103 227.334 53.770 0.491180 0.565309
V 82.103 227.334 53.838 0.494852 0.565280
V 90.103 227.334 52.670 0.498523 0.565250
V 98.103 227.334 51.505 0.502194 0.565220
V 106.103 227.334 49.198 0.505866 0.565191
V 114.103 227.334 45.994 0.509537 0.565161
V 122.103 227.334 42.789 0.513208 0.565131
V 130.103 227.334 39.490 0.516880 0.565101
V 138.103 227.334 36.448 0.520551 0.565072
V 146.103 227.334 33.054 0.524223 0.565042
V 154.103 227.334 29.865 0.527894 0.565012
V 162.103 227.334 26.940 0.531565 0.564982
V 170.103 227.334 23.783 0.535237 0.564953
V 178.103 227.334 20.971 0.538908 0.564923
V 186.103 227.334 18.323 0.542579 0.564893
V 194.103 227.334 15.674 0.546251 0.564863
V 202.103 227.334 13.074 0.549922 0.564834
V 210.103 227.334 10.586 0.553593 0.564804
V 218.103 227.334 8.099 0.557265 0.564774
V 226.103 227.334 5.703 0.560936 0.564744
V 234.103 227.334 3.566 0.564607 0.564715
V 242.103 227.334 1.432 0.568279 0.564685
V 250.103 227.334 -0.564 0.571950 0.564655
V 258.103 227.334 -2.002 0.575621 0.564625
V 266.103 227.334 -3.435 0.579293 0.564596
V 274.103 227.334 -4.794 0.582964 0.564566
V 282.103 227.334 -5.700 0.586636 0.564536
V 290.103 227.334 -6.603 0.590307 0.564506
V 298.103 227.334 -7.439 0.593978 0.564476
V 306.103 227.334 -7.450 0.597650 0.564447
V 314.103 227.334 -7.459 0.601321 0.564417
V 322.103 227.334 -7.464 0.604992 0.564387
V 330.103 227.334 -7.427 0.608664 0.564357
V 338.103 227.334 -7.387 0.612335 0.564327
V -173.897 235.334 44.359 0.377398 0.569915
V -165.897 235.334 46.140 0.381069 0.569885
V -157.897 235.334 48.036 0.384741 0.569856
V -149.897 235.334 49.928 0.388412 0.569826
V -141.897 235.334 51.518 0.392083 0.569797
V -133.897 235.334 51.718 0.395755 0.569767
V -125.897 235.334 51.920 0.399426 0.569737
V -117.897 235.334 52.173 0.403097 0.569708
V -109.897 235.334 52.807 0.406769 0.569678
V -101.897 235.334 53.442 0.410440 0.569649
V -93.897 235.334 54.156 0.414111 0.569619
V -85.897 235.334 56.204 0.417783 0.569589
V -77.897 235.334 58.251 0.421454 0.569560
V -69.897 235.334 60.296 0.425125 0.569530
V -61.897 235.334 62.422 0.428797 0.569501
V -53.897 235.334 64.545 0.432468 0.569471
V -45.897 235.334 66.665 0.436140 0.569441
V -37.897 235.334 67.008 0.439811 0.569412
V -29.897 235.334 67.223 0.443482 0.569382
V -21.897 235.334 67.436 0.447154 0.569352
V -13.897 235.334 66.136 0.450825 0.569323
V -5.897 235.334 64.617 0.454496 0.569293
V 2.103 235.334 63.099 0.458168 0.569263
V 10.103 235.334 61.388 0.461839 0.569234
V 18.103 235.334 59.838 0.465510 0.569204
V 26.103 235.334 58.287 0.469182 0.569174
V 34.103 235.334 57.430 0.472853 0.569145
V 42.103 235.334 56.804 0.476525 0.569115
V 50.103 235.334 56.180 0.480196 0.569085
V 58.103 235.334 56.344 0.483867 0.569056
V 66.103 235.334 56.862 0.487539 0.569026
V 74.103 235.334 57.383 0.491210 0.568996
V 82.103 235.334 57.072 0.494881 0.568966
V 90.103 235.334 55.494 0.498553 0.568937
V 98.103 235.334 53.920 0.502224 0.568907
V 106.103 235.334 51.297 0.505895 0.568877
V 114.103 235.334 47.876 0.509567 0.568848
V 122.103 235.334 44.454 0.513238 0.568818
V 130.103 235.334 41.122 0.516909 0.568788
V 138.103 235.334 38.180 0.520581 0.568758
V 146.103 235.334 34.931 0.524252 0.568729
V 154.103 235.334 31.900 0.527924 0.568699
V 162.103 235.334 29.140 0.531595 0.568669
V 170.103 235.334 26.174 0.535266 0.568640
V 178.103 235.334 23.420 0.538938 0.568610
V 186.103 235.334 20.659 0.542609 0.568580
V 194.103 235.334 17.897 0.546280 0.568550
V 202.103 235.334 15.144 0.549952 0.568521
V 210.103 235.334 12.413 0.553623 0.568491
V 218.103 235.334 9.684 0.557294 0.568461
V 226.103 235.334 7.057 0.560966 0.568431
V 234.103 235.334 4.706 0.564637 0.568402
V 242.103 235.334 2.358 0.568308 0.568372
V 250.103 235.334 0.159 0.571980 0.568342
V 258.103 235.334 -1.464 0.575651 0.568312
V 266.103 235.334 -3.083 0.579322 0.568282
V 274.103 235.334 -4.606 0.582994 0.568253
V 282.103 235.334 -5.574 0.586665 0.568223
V 290.103 235.334 -6.539 0.590337 0.568193
V 298.103 235.334 -7.432 0.594008 0.568163
V 306.103 235.334 -7.537 0.597679 0.568133
V 314.103 235.334 -7.638 0.601351 0.568104
V 322.103 235.334 -7.735 0.605022 0.568074
V 330.103 235.334 -7.736 0.608693 0.568044
V 338.103 235.334 -7.736 0.612365 0.568014
V -173.897 243.334 47.335 0.377427 0.573602
V -165.897 243.334 49.356 0.381099 0.573572
V -157.897 243.334 51.444 0.384770 0.573543
V -149.897 243.334 53.531 0.388441 0.573513
V -141.897 243.334 55.270 0.392113 0.573484
V -133.897 243.334 55.468 0.395784 0.573454
V -125.897 243.334 55.663 0.399455 0.573424
V -117.897 243.334 55.902 0.403127 0.573395
V -109.897 243.334 56.478 0.406798 0.573365
V -101.897 243.334 57.054 0.410470 0.573335
V -93.897 243.334 57.727 0.414141 0.573306
V -85.897 243.334 59.831 0.417812 0.573276
V -77.897 243.334 61.935 0.421484 0.573247
V -69.897 243.334 64.040 0.425155 0.573217
V -61.897 243.334 66.306 0.428826 0.573187
V -53.897 243.334 68.570 0.432498 0.573158
V -45.897 243.334 70.834 0.436169 0.573128
V -37.897 243.334 71.230 0.439840 0.573098
V -29.897 243.334 71.508 0.443512 0.573069
V -21.897 243.334 71.784 0.447183 0.573039
V -13.897 243.334 70.369 0.450855 0.573009
V -5.897 243.334 68.724 0.454526 0.572980
V 2.103 243.334 66.933 0.458197 0.572950
V 10.103 243.334 65.395 0.461869 0.572920
V 18.103 243.334 63.881 0.465540 0.572891
V 26.103 243.334 62.369 0.469211 0.572861
V 34.103 243.334 61.474 0.472883 0.572831
V 42.103 243.334 60.776 0.476554 0.572802
V 50.103 243.334 60.078 0.480225 0.572772
V 58.103 243.334 60.148 0.483897 0.572742
V 66.103 243.334 60.554 0.487568 0.572713
V 74.103 243.334 60.964 0.491240 0.572683
V 82.103 243.334 60.286 0.494911 0.572653
V 90.103 243.334 58.311 0.498582 0.572624
V 98.103 243.334 56.337 0.502254 0.572594
V 106.103 243.334 53.406 0.505925 0.572564
V 114.103 243.334 49.770 0.509596 0.572534
V 122.103 243.334 46.130 0.513268 0.572505
V 130.103 243.334 42.764 0.516939 0.572475
V 138.103 243.334 39.659 0.520610 0.572445
V 146.103 243.334 36.824 0.524282 0.572416
V 154.103 243.334 33.951 0.527953 0.572386
V 162.103 243.334 31.356 0.531624 0.572356
V 170.103 243.334 28.576 0.535296 0.572326
V 178.103 243.334 25.876 0.538967 0.572297
V 186.103 243.334 23.002 0.542639 0.572267
V 194.103 243.334 20.127 0.546310 0.572237
V 202.103 243.334 17.218 0.549981 0.572207
V 210.103 243.334 14.244 0.553653 0.572178
V 218.103 243.334 11.272 0.557324 0.572148
V 226.103 243.334 8.412 0.560995 0.572118
V 234.103 243.334 5.847 0.564667 0.572088
V 242.103 243.334 3.285 0.568338 0.572059
V 250.103 243.334 0.884 0.572009 0.572029
V 258.103 243.334 -0.925 0.575681 0.571999
V 266.103 243.334 -2.731 0.579352 0.571969
V 274.103 243.334 -4.416 0.583024 0.571939
V 282.103 243.334 -5.446 0.586695 0.571910
V 290.103 243.334 -6.475 0.590366 0.571880
V 298.103 243.334 -7.426 0.594038 0.571850
V 306.103 243.334 -7.623 0.597709 0.571820
V 314.103 243.334 -7.817 0.601380 0.571790
V 322.103 243.334 -8.005 0.605052 0.571761
V 330.103 243.334 -8.046 0.608723 0.571731
V 338.103 243.334 -8.086 0.612394 0.571701
V -173.897 251.334 50.454 0.377457 0.577289
V -165.897 251.334 52.447 0.381128 0.577259
V -157.897 251.334 54.583 0.384799 0.577230
V -149.897 251.334 56.718 0.388471 0.577200
V -141.897 251.334 58.528 0.392142 0.577170
V -133.897 251.334 58.977 0.395814 0.577141
V -125.897 251.334 59.422 0.399485 0.577111
V -117.897 251.334 59.881 0.403156 0.577082
V -109.897 251.334 60.457 0.406828 0.577052
V -101.897 251.334 61.032 0.410499 0.577022
V -93.897 251.334 61.714 0.414170 0.576993
V -85.897 251.334 63.776 0.417842 0.576963
V -77.897 251.334 65.840 0.421513 0.576933
V -69.897 251.334 67.906 0.425184 0.576904
V -61.897 251.334 70.206 0.428856 0.576874
V -53.897 251.334 72.506 0.432527 0.576845
V -45.897 251.334 74.805 0.436199 0.576815
V -37.897 251.334 75.284 0.439870 0.576785
V -29.897 251.334 75.664 0.443541 0.576756
V -21.897 251.334 76.042 0.447213 0.576726
V -13.897 251.334 74.551 0.450884 0.576696
V -5.897 251.334 72.826 0.454555 0.576667
V 2.103 251.334 70.973 0.458227 0.576637
V 10.103 251.334 69.379 0.461898 0.576607
V 18.103 251.334 67.814 0.465570 0.576578
V 26.103 251.334 66.249 0.469241 0.576548
V 34.103 251.334 65.328 0.472912 0.576518
V 42.103 251.334 64.602 0.476584 0.576489
V 50.103 251.334 63.877 0.480255 0.576459
V 58.103 251.334 63.755 0.483926 0.576429
V 66.103 251.334 63.889 0.487598 0.576400
V 74.103 251.334 64.026 0.491269 0.576370
V 82.103 251.334 63.057 0.494940 0.576340
V 90.103 251.334 60.894 0.498612 0.576310
V 98.103 251.334 58.731 0.502283 0.576281
V 106.103 251.334 55.757 0.505955 0.576251
V 114.103 251.334 52.205 0.509626 0.576221
V 122.103 251.334 48.649 0.513297 0.576192
V 130.103 251.334 45.285 0.516969 0.576162
V 138.103 251.334 42.098 0.520640 0.576132
V 146.103 251.334 39.150 0.524311 0.576102
V 154.103 251.334 36.139 0.527983 0.576073
V 162.103 251.334 33.329 0.531654 0.576043
V 170.103 251.334 30.363 0.535325 0.576013
V 178.103 251.334 27.474 0.538997 0.575983
V 186.103 251.334 24.442 0.542668 0.575954
V 194.103 251.334 21.411 0.546340 0.575924
V 202.103 251.334 18.390 0.550011 0.575894
V 210.103 251.334 15.388 0.553682 0.575864
V 218.103 251.334 12.385 0.557354 0.575835
V 226.103 251.334 9.487 0.561025 0.575805
V 234.103 251.334 6.861 0.564696 0.575775
V 242.103 251.334 4.234 0.568368 0.575745
V 250.103 251.334 1.762 0.572039 0.575716
V 258.103 251.334 -0.165 0.575710 0.575686
V 266.103 251.334 -2.090 0.579382 0.575656
V 274.103 251.334 -3.899 0.583053 0.575626
V 282.103 251.334 -5.099 0.586725 0.575597
V 290.103 251.334 -6.295 0.590396 0.575567
V 298.103 251.334 -7.403 0.594067 0.575537
V 306.103 251.334 -7.726 0.597739 0.575507
V 314.103 251.334 -8.045 0.601410 0.575477
V 322.103 251.334 -8.351 0.605081 0.575448
V 330.103 251.334 -8.389 0.608753 0.575418
V 338.103 251.334 -8.426 0.612424 0.575388
V -173.897 259.334 53.571 0.377486 0.580976
V -165.897 259.334 55.538 0.381158 0.580946
V -157.897 259.334 57.722 0.384829 0.580916
V -149.897 259.334 59.905 0.388500 0.580887
V -141.897 259.334 61.791 0.392172 0.580857
V -133.897 259.334 62.490 0.395843 0.580828
V -125.897 259.334 63.186 0.399514 0.580798
V -117.897 259.334 63.861 0.403186 0.580768
V -109.897 259.334 64.436 0.406857 0.580739
V -101.897 259.334 65.011 0.410529 0.580709
V -93.897 259.334 65.701 0.414200 0.580680
V -85.897 259.334 67.722 0.417871 0.580650
V -77.897 259.334 69.744 0.421543 0.580620
V -69.897 259.334 71.773 0.425214 0.580591
V -61.897 259.334 74.109 0.428885 0.580561
V -53.897 259.334 76.444 0.432557 0.580531
V -45.897 259.334 78.778 0.436228 0.580502
V -37.897 259.334 79.341 0.439899 0.580472
V -29.897 259.334 79.823 0.443571 0.580442
V -21.897 259.334 80.303 0.447242 0.580413
V -13.897 259.334 78.734 0.450914 0.580383
V -5.897 259.334 76.929 0.454585 0.580353
V 2.103 259.334 75.011 0.458256 0.580324
V 10.103 259.334 73.363 0.461928 0.580294
V 18.103 259.334 71.745 0.465599 0.580264
V 26.103 259.334 70.129 0.469270 0.580235
V 34.103 259.334 69.181 0.472942 0.580205
V 42.103 259.334 68.428 0.476613 0.580175
V 50.103 259.334 67.675 0.480285 0.580146
V 58.103 259.334 67.358 0.483956 0.580116
V 66.103 259.334 67.218 0.487627 0.580086
V 74.103 259.334 67.084 0.491299 0.580057
V 82.103 259.334 65.832 0.494970 0.580027
V 90.103 259.334 63.480 0.498641 0.579997
V 98.103 259.334 61.128 0.502313 0.579968
V 106.103 259.334 58.117 0.505984 0.579938
V 114.103 259.334 54.648 0.509655 0.579908
V 122.103 259.334 51.176 0.513327 0.579878
V 130.103 259.334 47.813 0.516998 0.579849
V 138.103 259.334 44.549 0.520670 0.579819
V 146.103 259.334 41.493 0.524341 0.579789
V 154.103 259.334 38.337 0.528012 0.579760
V 162.103 259.334 35.300 0.531684 0.579730
V 170.103 259.334 32.264 0.535355 0.579700
V 178.103 259.334 29.030 0.539026 0.579670
V 186.103 259.334 25.830 0.542698 0.579641
V 194.103 259.334 22.630 0.546369 0.579611
V 202.103 259.334 19.494 0.550041 0.579581
V 210.103 259.334 16.475 0.553712 0.579551
V 218.103 259.334 13.455 0.557383 0.579522
V 226.103 259.334 10.535 0.561055 0.579492
V 234.103 259.334 7.862 0.564726 0.579462
V 242.103 259.334 5.190 0.568397 0.579432
V 250.103 259.334 2.663 0.572069 0.579402
V 258.103 259.334 0.629 0.575740 0.579373
V 266.103 259.334 -1.402 0.579411 0.579343
V 274.103 259.334 -3.325 0.583083 0.579313
V 282.103 259.334 -4.712 0.586754 0.579283
V 290.103 259.334 -6.095 0.590426 0.579254
V 298.103 259.334 -7.377 0.594097 0.579224
V 306.103 259.334 -7.832 0.597768 0.579194
V 314.103 259.334 -8.285 0.601440 0.579164
V 322.103 259.334 -8.715 0.605111 0.579134
V 330.103 259.334 -8.739 0.608782 0.579105
V 338.103 259.334 -8.762 0.612454 0.579075
V -173.897 267.334 56.688 0.377516 0.584662
V -165.897 267.334 58.631 0.381187 0.584633
V -157.897 267.334 60.863 0.384858 0.584603
V -149.897 267.334 63.094 0.388530 0.584574
V -141.897 267.334 65.058 0.392201 0.584544
V -133.897 267.334 66.008 0.395873 0.584514
V -125.897 267.334 66.954 0.399544 0.584485
V -117.897 267.334 67.842 0.403215 0.584455
V -109.897 267.334 68.416 0.406887 0.584426
V -101.897 267.334 68.991 0.410558 0.584396
V -93.897 267.334 69.687 0.414229 0.584366
V -85.897 267.334 71.668 0.417901 0.584337
V -77.897 267.334 73.650 0.421572 0.584307
V -69.897 267.334 75.642 0.425244 0.584278
V -61.897 267.334 78.013 0.428915 0.584248
V -53.897 267.334 80.384 0.432586 0.584218
V -45.897 267.334 82.754 0.436258 0.584189
V -37.897 267.334 83.402 0.439929 0.584159
V -29.897 267.334 83.986 0.443600 0.584129
V -21.897 267.334 84.568 0.447272 0.584100
V -13.897 267.334 82.917 0.450943 0.584070
V -5.897 267.334 81.032 0.454615 0.584040
V 2.103 267.334 79.048 0.458286 0.584011
V 10.103 267.334 77.345 0.461957 0.583981
V 18.103 267.334 75.676 0.465629 0.583951
V 26.103 267.334 74.007 0.469300 0.583922
V 34.103 267.334 73.033 0.472971 0.583892
V 42.103 267.334 72.252 0.476643 0.583862
V 50.103 267.334 71.472 0.480314 0.583833
V 58.103 267.334 70.955 0.483985 0.583803
V 66.103 267.334 70.544 0.487657 0.583773
V 74.103 267.334 70.137 0.491328 0.583744
V 82.103 267.334 68.610 0.495000 0.583714
V 90.103 267.334 66.069 0.498671 0.583684
V 98.103 267.334 63.529 0.502342 0.583654
V 106.103 267.334 60.483 0.506014 0.583625
V 114.103 267.334 57.099 0.509685 0.583595
V 122.103 267.334 53.711 0.513356 0.583565
V 130.103 267.334 50.346 0.517028 0.583536
V 138.103 267.334 47.004 0.520699 0.583506
V 146.103 267.334 43.844 0.524371 0.583476
V 154.103 267.334 40.540 0.528042 0.583446
V 162.103 267.334 37.276 0.531713 0.583417
V 170.103 267.334 34.013 0.535385 0.583387
V 178.103 267.334 30.589 0.539056 0.583357
V 186.103 267.334 27.221 0.542727 0.583327
V 194.103 267.334 23.853 0.546399 0.583298
V 202.103 267.334 20.604 0.550070 0.583268
V 210.103 267.334 17.567 0.553742 0.583238
V 218.103 267.334 14.530 0.557413 0.583208
V 226.103 267.334 11.586 0.561084 0.583179
V 234.103 267.334 8.867 0.564756 0.583149
V 242.103 267.334 6.148 0.568427 0.583119
V 250.103 267.334 3.565 0.572098 0.583089
V 258.103 267.334 1.425 0.575770 0.583060
V 266.103 267.334 -0.714 0.579441 0.583030
V 274.103 267.334 -2.752 0.583112 0.583000
V 282.103 267.334 -4.326 0.586784 0.582970
V 290.103 267.334 -5.896 0.590455 0.582940
V 298.103 267.334 -7.352 0.594127 0.582911
V 306.103 267.334 -7.940 0.597798 0.582881
V 314.103 267.334 -8.525 0.601469 0.582851
V 322.103 267.334 -9.078 0.605141 0.582821
V 330.103 267.334 -9.088 0.608812 0.582791
V 338.103 267.334 -9.098 0.612483 0.582762
V -173.897 275.334 59.973 0.377545 0.588349
V -165.897 275.334 61.854 0.381216 0.588320
V -157.897 275.334 64.108 0.384888 0.588290
V -149.897 275.334 66.363 0.388559 0.588261
V -141.897 275.334 68.391 0.392231 0.588231
V -133.897 275.334 69.598 0.395902 0.588201
V -125.897 275.334 70.800 0.399573 0.588172
V -117.897 275.334 71.899 0.403245 0.588142
V -109.897 275.334 72.461 0.406916 0.588112
V -101.897 275.334 73.024 0.410588 0.588083
V -93.897 275.334 73.714 0.414259 0.588053
V -85.897 275.334 75.615 0.417930 0.588024
V -77.897 275.334 77.517 0.421602 0.587994
V -69.897 275.334 79.438 0.425273 0.587964
V -61.897 275.334 81.821 0.428944 0.587935
V -53.897 275.334 84.203 0.432616 0.587905
V -45.897 275.334 86.586 0.436287 0.587875
V -37.897 275.334 87.308 0.439959 0.587846
V -29.897 275.334 87.984 0.443630 0.587816
V -21.897 275.334 88.659 0.447301 0.587786
V -13.897 275.334 86.972 0.450973 0.587757
V -5.897 275.334 85.058 0.454644 0.587727
V 2.103 275.334 83.055 0.458315 0.587698
V 10.103 275.334 81.331 0.461987 0.587668
V 18.103 275.334 79.640 0.465658 0.587638
V 26.103 275.334 77.948 0.469330 0.587608
V 34.103 275.334 76.942 0.473001 0.587579
V 42.103 275.334 76.119 0.476672 0.587549
V 50.103 275.334 75.298 0.480344 0.587519
V 58.103 275.334 74.561 0.484015 0.587490
V 66.103 275.334 73.860 0.487686 0.587460
V 74.103 275.334 73.165 0.491358 0.587430
V 82.103 275.334 71.365 0.495029 0.587401
V 90.103 275.334 68.636 0.498701 0.587371
V 98.103 275.334 65.909 0.502372 0.587341
V 106.103 275.334 62.811 0.506043 0.587312
V 114.103 275.334 59.473 0.509715 0.587282
V 122.103 275.334 56.137 0.513386 0.587252
V 130.103 275.334 52.757 0.517057 0.587222
V 138.103 275.334 49.340 0.520729 0.587193
V 146.103 275.334 46.083 0.524400 0.587163
V 154.103 275.334 42.649 0.528072 0.587133
V 162.103 275.334 39.193 0.531743 0.587103
V 170.103 275.334 35.733 0.535414 0.587074
V 178.103 275.334 32.148 0.539086 0.587044
V 186.103 275.334 28.637 0.542757 0.587014
V 194.103 275.334 25.121 0.546428 0.586985
V 202.103 275.334 21.772 0.550100 0.586955
V 210.103 275.334 18.713 0.553771 0.586925
V 218.103 275.334 15.654 0.557443 0.586895
V 226.103 275.334 12.680 0.561114 0.586865
V 234.103 275.334 9.906 0.564785 0.586836
V 242.103 275.334 7.133 0.568457 0.586806
V 250.103 275.334 4.486 0.572128 0.586776
V 258.103 275.334 2.231 0.575799 0.586746
V 266.103 275.334 -0.020 0.579471 0.586717
V 274.103 275.334 -2.180 0.583142 0.586687
V 282.103 275.334 -3.941 0.586814 0.586657
V 290.103 275.334 -5.699 0.590485 0.586627
V 298.103 275.334 -7.327 0.594156 0.586597
V 306.103 275.334 -8.049 0.597828 0.586568
V 314.103 275.334 -8.767 0.601499 0.586538
V 322.103 275.334 -9.439 0.605170 0.586508
V 330.103 275.334 -9.436 0.608842 0.586478
V 338.103 275.334 -9.433 0.612513 0.586448
V -173.897 283.334 63.462 0.377575 0.592036
V -165.897 283.334 65.242 0.381246 0.592007
V -157.897 283.334 67.491 0.384917 0.591977
V -149.897 283.334 69.741 0.388589 0.591947
V -141.897 283.334 71.816 0.392260 0.591918
V -133.897 283.334 73.290 0.395931 0.591888
V -125.897 283.334 74.759 0.399603 0.591859
V -117.897 283.334 76.072 0.403274 0.591829
V -109.897 283.334 76.609 0.406946 0.591799
V -101.897 283.334 77.146 0.410617 0.591770
V -93.897 283.334 77.808 0.414288 0.591740
V -85.897 283.334 79.560 0.417960 0.591710
V -77.897 283.334 81.314 0.421631 0.591681
V -69.897 283.334 83.095 0.425303 0.591651
V -61.897 283.334 85.433 0.428974 0.591622
V -53.897 283.334 87.772 0.432645 0.591592
V -45.897 283.334 90.111 0.436317 0.591562
V -37.897 283.334 90.871 0.439988 0.591533
V -29.897 283.334 91.601 0.443659 0.591503
V -21.897 283.334 92.330 0.447331 0.591473
V -13.897 283.334 90.710 0.451002 0.591444
V -5.897 283.334 88.887 0.454674 0.591414
V 2.103 283.334 86.987 0.458345 0.591384
V 10.103 283.334 85.333 0.462016 0.591355
V 18.103 283.334 83.707 0.465688 0.591325
V 26.103 283.334 82.080 0.469359 0.591295
V 34.103 283.334 81.030 0.473030 0.591266
V 42.103 283.334 80.127 0.476702 0.591236
V 50.103 283.334 79.225 0.480373 0.591206
V 58.103 283.334 78.209 0.484045 0.591177
V 66.103 283.334 77.156 0.487716 0.591147
V 74.103 283.334 76.109 0.491387 0.591117
V 82.103 283.334 74.020 0.495059 0.591088
V 90.103 283.334 71.103 0.498730 0.591058
V 98.103 283.334 68.188 0.502402 0.591028
V 106.103 283.334 64.914 0.506073 0.590998
V 114.103 283.334 61.417 0.509744 0.590969
V 122.103 283.334 57.922 0.513416 0.590939
V 130.103 283.334 54.412 0.517087 0.590909
V 138.103 283.334 50.888 0.520758 0.590880
V 146.103 283.334 47.505 0.524430 0.590850
V 154.103 283.334 44.032 0.528101 0.590820
V 162.103 283.334 40.607 0.531773 0.590790
V 170.103 283.334 37.180 0.535444 0.590761
V 178.103 283.334 33.679 0.539115 0.590731
V 186.103 283.334 30.292 0.542787 0.590701
V 194.103 283.334 26.902 0.546458 0.590671
V 202.103 283.334 23.643 0.550129 0.590642
V 210.103 283.334 20.605 0.553801 0.590612
V 218.103 283.334 17.566 0.557472 0.590582
V 226.103 283.334 14.586 0.561144 0.590552
V 234.103 283.334 11.737 0.564815 0.590523
V 242.103 283.334 8.889 0.568486 0.590493
V 250.103 283.334 6.150 0.572158 0.590463
V 258.103 283.334 3.730 0.575829 0.590433
V 266.103 283.334 1.313 0.579500 0.590403
V 274.103 283.334 -1.016 0.583172 0.590374
V 282.103 283.334 -2.978 0.586843 0.590344
V 290.103 283.334 -4.936 0.590515 0.590314
V 298.103 283.334 -6.743 0.594186 0.590284
V 306.103 283.334 -7.565 0.597857 0.590254
V 314.103 283.334 -8.384 0.601529 0.590225
V 322.103 283.334 -9.151 0.605200 0.590195
V 330.103 283.334 -9.255 0.608871 0.590165
V 338.103 283.334 -9.356 0.612543 0.590135
V -173.897 291.334 66.949 0.377604 0.595723
V -165.897 291.334 68.630 0.381275 0.595693
V -157.897 291.334 70.874 0.384947 0.595664
V -149.897 291.334 73.118 0.388618 0.595634
V -141.897 291.334 75.246 0.392290 0.595605
V -133.897 291.334 76.987 0.395961 0.595575
V -125.897 291.334 78.723 0.399632 0.595545
V -117.897 291.334 80.246 0.403304 0.595516
V -109.897 291.334 80.757 0.406975 0.595486
V -101.897 291.334 81.268 0.410647 0.595457
V -93.897 291.334 81.901 0.414318 0.595427
V -85.897 291.334 83.504 0.417989 0.595397
V -77.897 291.334 85.110 0.421661 0.595368
V -69.897 291.334 86.752 0.425332 0.595338
V -61.897 291.334 89.046 0.429003 0.595308
V -53.897 291.334 91.341 0.432675 0.595279
V -45.897 291.334 93.636 0.436346 0.595249
V -37.897 291.334 94.436 0.440018 0.595220
V -29.897 291.334 95.220 0.443689 0.595190
V -21.897 291.334 96.003 0.447360 0.595160
V -13.897 291.334 94.451 0.451032 0.595131
V -5.897 291.334 92.719 0.454703 0.595101
V 2.103 291.334 90.919 0.458374 0.595071
V 10.103 291.334 89.336 0.462046 0.595042
V 18.103 291.334 87.775 0.465717 0.595012
V 26.103 291.334 86.213 0.469389 0.594982
V 34.103 291.334 85.117 0.473060 0.594953
V 42.103 291.334 84.133 0.476731 0.594923
V 50.103 291.334 83.151 0.480403 0.594893
V 58.103 291.334 81.850 0.484074 0.594863
V 66.103 291.334 80.446 0.487746 0.594834
V 74.103 291.334 79.048 0.491417 0.594804
V 82.103 291.334 76.676 0.495088 0.594774
V 90.103 291.334 73.570 0.498760 0.594745
V 98.103 291.334 70.467 0.502431 0.594715
V 106.103 291.334 67.018 0.506102 0.594685
V 114.103 291.334 63.363 0.509774 0.594656
V 122.103 291.334 59.709 0.513445 0.594626
V 130.103 291.334 56.069 0.517117 0.594596
V 138.103 291.334 52.439 0.520788 0.594566
V 146.103 291.334 48.931 0.524459 0.594537
V 154.103 291.334 45.422 0.528131 0.594507
V 162.103 291.334 42.028 0.531802 0.594477
V 170.103 291.334 38.633 0.535474 0.594447
V 178.103 291.334 35.215 0.539145 0.594418
V 186.103 291.334 31.954 0.542816 0.594388
V 194.103 291.334 28.690 0.546488 0.594358
V 202.103 291.334 25.518 0.550159 0.594328
V 210.103 291.334 22.501 0.553830 0.594299
V 218.103 291.334 19.483 0.557502 0.594269
V 226.103 291.334 16.494 0.561173 0.594239
V 234.103 291.334 13.571 0.564845 0.594209
V 242.103 291.334 10.648 0.568516 0.594180
V 250.103 291.334 7.813 0.572187 0.594150
V 258.103 291.334 5.228 0.575859 0.594120
V 266.103 291.334 2.645 0.579530 0.594090
V 274.103 291.334 0.149 0.583201 0.594061
V 282.103 291.334 -2.010 0.586873 0.594031
V 290.103 291.334 -4.164 0.590544 0.594001
V 298.103 291.334 -6.145 0.594216 0.593971
V 306.103 291.334 -7.060 0.597887 0.593941
V 314.103 291.334 -7.973 0.601558 0.593912
V 322.103 291.334 -8.830 0.605230 0.593882
V 330.103 291.334 -9.041 0.608901 0.593852
V 338.103 291.334 -9.251 0.612573 0.593822
V -173.897 299.334 70.434 0.377634 0.599410
V -165.897 299.334 72.019 0.381305 0.599380
V -157.897 299.334 74.257 0.384976 0.599351
V -149.897 299.334 76.496 0.388648 0.599321
V -141.897 299.334 78.680 0.392319 0.599291
V -133.897 299.334 80.688 0.395990 0.599262
V -125.897 299.334 82.692 0.399662 0.599232
V -117.897 299.334 84.420 0.403333 0.599203
V -109.897 299.334 84.904 0.407005 0.599173
V -101.897 299.334 85.390 0.410676 0.599143
V -93.897 299.334 85.991 0.414347 0.599114
V -85.897 299.334 87.446 0.418019 0.599084
V -77.897 299.334 88.903 0.421690 0.599055
V -69.897 299.334 90.409 0.425362 0.599025
V -61.897 299.334 92.659 0.429033 0.598995
V -53.897 299.334 94.910 0.432704 0.598966
V -45.897 299.334 97.161 0.436376 0.598936
V -37.897 299.334 98.003 0.440047 0.598906
V -29.897 299.334 98.841 0.443718 0.598877
V -21.897 299.334 99.678 0.447390 0.598847
V -13.897 299.334 98.195 0.451061 0.598817
V -5.897 299.334 96.496 0.454733 0.598788
V 2.103 299.334 94.853 0.458404 0.598758
V 10.103 299.334 93.339 0.462075 0.598728
V 18.103 299.334 91.843 0.465747 0.598699
V 26.103 299.334 90.346 0.469418 0.598669
V 34.103 299.334 89.202 0.473090 0.598639
V 42.103 299.334 88.138 0.476761 0.598610
V 50.103 299.334 87.075 0.480432 0.598580
V 58.103 299.334 85.486 0.484104 0.598550
V 66.103 299.334 83.730 0.487775 0.598521
V 74.103 299.334 81.980 0.491447 0.598491
V 82.103 299.334 79.331 0.495118 0.598461
V 90.103 299.334 76.038 0.498789 0.598432
V 98.103 299.334 72.746 0.502461 0.598402
V 106.103 299.334 69.123 0.506132 0.598372
V 114.103 299.334 65.309 0.509803 0.598342
V 122.103 299.334 61.497 0.513475 0.598313
V 130.103 299.334 57.727 0.517146 0.598283
V 138.103 299.334 53.991 0.520818 0.598253
V 146.103 299.334 50.361 0.524489 0.598224
V 154.103 299.334 46.818 0.528160 0.598194
V 162.103 299.334 43.455 0.531832 0.598164
V 170.103 299.334 40.091 0.535503 0.598134
V 178.103 299.334 36.758 0.539175 0.598105
V 186.103 299.334 33.622 0.542846 0.598075
V 194.103 299.334 30.482 0.546517 0.598045
V 202.103 299.334 27.398 0.550189 0.598015
V 210.103 299.334 24.401 0.553860 0.597986
V 218.103 299.334 21.403 0.557531 0.597956
V 226.103 299.334 18.404 0.561203 0.597926
V 234.103 299.334 15.405 0.564874 0.597896
V 242.103 299.334 12.407 0.568546 0.597866
V 250.103 299.334 9.476 0.572217 0.597837
V 258.103 299.334 6.725 0.575888 0.597807
V 266.103 299.334 3.977 0.579560 0.597777
V 274.103 299.334 1.312 0.583231 0.597747
V 282.103 299.334 -1.043 0.586903 0.597718
V 290.103 299.334 -3.395 0.590574 0.597688
V 298.103 299.334 -5.547 0.594245 0.597658
V 306.103 299.334 -6.555 0.597917 0.597628
V 314.103 299.334 -7.562 0.601588 0.597598
V 322.103 299.334 -8.509 0.605259 0.597569
V 330.103 299.334 -8.829 0.608931 0.597539
V 338.103 299.334 -9.147 0.612602 0.597509
V -173.897 307.334 74.259 0.377663 0.603097
V -165.897 307.334 75.826 0.381334 0.603067
V -157.897 307.334 78.022 0.385006 0.603038
V -149.897 307.334 80.220 0.388677 0.603008
V -141.897 307.334 82.388 0.392349 0.602978
V -133.897 307.334 84.467 0.396020 0.602949
V -125.897 307.334 86.548 0.399691 0.602919
V -117.897 307.334 88.332 0.403363 0.602890
V -109.897 307.334 88.833 0.407034 0.602860
V -101.897 307.334 89.333 0.410705 0.602830
V -93.897 307.334 89.928 0.414377 0.602801
V -85.897 307.334 91.179 0.418048 0.602771
V -77.897 307.334 92.435 0.421720 0.602741
V -69.897 307.334 93.749 0.425391 0.602712
V -61.897 307.334 95.835 0.429062 0.602682
V -53.897 307.334 97.925 0.432734 0.602653
V -45.897 307.334 100.013 0.436405 0.602623
V -37.897 307.334 100.948 0.440077 0.602593
V -29.897 307.334 101.882 0.443748 0.602564
V -21.897 307.334 102.813 0.447419 0.602534
V -13.897 307.334 101.517 0.451091 0.602504
V -5.897 307.334 100.034 0.454762 0.602475
V 2.103 307.334 98.596 0.458434 0.602445
V 10.103 307.334 97.181 0.462105 0.602415
V 18.103 307.334 95.769 0.465776 0.602386
V 26.103 307.334 94.354 0.469448 0.602356
V 34.103 307.334 93.137 0.473119 0.602326
V 42.103 307.334 91.965 0.476791 0.602297
V 50.103 307.334 90.795 0.480462 0.602267
V 58.103 307.334 88.918 0.484133 0.602237
V 66.103 307.334 86.825 0.487805 0.602207
V 74.103 307.334 84.738 0.491476 0.602178
V 82.103 307.334 81.849 0.495147 0.602148
V 90.103 307.334 78.404 0.498819 0.602118
V 98.103 307.334 74.959 0.502490 0.602089
V 106.103 307.334 71.209 0.506162 0.602059
V 114.103 307.334 67.288 0.509833 0.602029
V 122.103 307.334 63.366 0.513504 0.602000
V 130.103 307.334 59.518 0.517176 0.601970
V 138.103 307.334 55.723 0.520847 0.601940
V 146.103 307.334 52.019 0.524519 0.601910
V 154.103 307.334 48.472 0.528190 0.601881
V 162.103 307.334 45.153 0.531861 0.601851
V 170.103 307.334 41.832 0.535533 0.601821
V 178.103 307.334 38.566 0.539204 0.601791
V 186.103 307.334 35.506 0.542876 0.601762
V 194.103 307.334 32.446 0.546547 0.601732
V 202.103 307.334 29.398 0.550218 0.601702
V 210.103 307.334 26.372 0.553890 0.601672
V 218.103 307.334 23.348 0.557561 0.601643
V 226.103 307.334 20.303 0.561232 0.601613
V 234.103 307.334 17.214 0.564904 0.601583
V 242.103 307.334 14.127 0.568575 0.601553
V 250.103 307.334 11.089 0.572247 0.601524
V 258.103 307.334 8.177 0.575918 0.601494
V 266.103 307.334 5.268 0.579589 0.601464
V 274.103 307.334 2.440 0.583261 0.601434
V 282.103 307.334 -0.096 0.586932 0.601404
V 290.103 307.334 -2.631 0.590604 0.601375
V 298.103 307.334 -4.943 0.594275 0.601345
V 306.103 307.334 -6.052 0.597946 0.601315
V 314.103 307.334 -7.159 0.601618 0.601285
V 322.103 307.334 -8.199 0.605289 0.601255
V 330.103 307.334 -8.624 0.608961 0.601226
V 338.103 307.334 -9.047 0.612632 0.601196
V -173.897 315.334 78.318 0.377692 0.606784
V -165.897 315.334 79.927 0.381364 0.606754
V -157.897 315.334 82.064 0.385035 0.606724
V -149.897 315.334 84.203 0.388707 0.606695
V -141.897 315.334 86.306 0.392378 0.606665
V -133.897 315.334 88.306 0.396049 0.606636
V -125.897 315.334 90.306 0.399721 0.606606
V -117.897 315.334 92.022 0.403392 0.606576
V -109.897 315.334 92.568 0.407064 0.606547
V -101.897 315.334 93.113 0.410735 0.606517
V -93.897 315.334 93.717 0.414406 0.606488
V -85.897 315.334 94.707 0.418078 0.606458
V -77.897 315.334 95.701 0.421749 0.606428
V -69.897 315.334 96.757 0.425421 0.606399
V -61.897 315.334 98.537 0.429092 0.606369
V -53.897 315.334 100.322 0.432763 0.606339
V -45.897 315.334 102.102 0.436435 0.606310
V -37.897 315.334 103.159 0.440106 0.606280
V -29.897 315.334 104.214 0.443778 0.606250
V -21.897 315.334 105.267 0.447449 0.606221
V -13.897 315.334 104.291 0.451120 0.606191
V -5.897 315.334 103.164 0.454792 0.606161
V 2.103 315.334 102.076 0.458463 0.606132
V 10.103 315.334 100.791 0.462135 0.606102
V 18.103 315.334 99.481 0.465806 0.606072
V 26.103 315.334 98.169 0.469477 0.606043
V 34.103 315.334 96.835 0.473149 0.606013
V 42.103 315.334 95.500 0.476820 0.605983
V 50.103 315.334 94.167 0.480491 0.605954
V 58.103 315.334 91.996 0.484163 0.605924
V 66.103 315.334 89.580 0.487834 0.605894
V 74.103 315.334 87.170 0.491506 0.605865
V 82.103 315.334 84.096 0.495177 0.605835
V 90.103 315.334 80.563 0.498848 0.605805
V 98.103 315.334 77.031 0.502520 0.605776
V 106.103 315.334 73.253 0.506191 0.605746
V 114.103 315.334 69.341 0.509863 0.605716
V 122.103 315.334 65.428 0.513534 0.605686
V 130.103 315.334 61.633 0.517205 0.605657
V 138.103 315.334 57.918 0.520877 0.605627
V 146.103 315.334 54.282 0.524548 0.605597
V 154.103 315.334 50.835 0.528220 0.605568
V 162.103 315.334 47.628 0.531891 0.605538
V 170.103 315.334 44.418 0.535562 0.605508
V 178.103 315.334 41.199 0.539234 0.605478
V 186.103 315.334 38.091 0.542905 0.605449
V 194.103 315.334 34.983 0.546577 0.605419
V 202.103 315.334 31.827 0.550248 0.605389
V 210.103 315.334 28.602 0.553919 0.605359
V 218.103 315.334 25.380 0.557591 0.605330
V 226.103 315.334 22.150 0.561262 0.605300
V 234.103 315.334 18.901 0.564934 0.605270
V 242.103 315.334 15.655 0.568605 0.605240
V 250.103 315.334 12.462 0.572276 0.605210
V 258.103 315.334 9.397 0.575948 0.605181
V 266.103 315.334 6.336 0.579619 0.605151
V 274.103 315.334 3.371 0.583290 0.605121
V 282.103 315.334 0.737 0.586962 0.605091
V 290.103 315.334 -1.895 0.590633 0.605062
V 298.103 315.334 -4.302 0.594305 0.605032
V 306.103 315.334 -5.555 0.597976 0.605002
V 314.103 315.334 -6.806 0.601647 0.604972
V 322.103 315.334 -7.979 0.605319 0.604942
V 330.103 315.334 -8.486 0.608990 0.604912
V 338.103 315.334 -8.992 0.612662 0.604883
V -173.897 323.334 82.379 0.377722 0.610470
V -165.897 323.334 84.027 0.381393 0.610441
V -157.897 323.334 86.106 0.385065 0.610411
V -149.897 323.334 88.186 0.388736 0.610382
V -141.897 323.334 90.223 0.392407 0.610352
V -133.897 323.334 92.143 0.396079 0.610322
V -125.897 323.334 94.063 0.399750 0.610293
V -117.897 323.334 95.713 0.403422 0.610263
V -109.897 323.334 96.304 0.407093 0.610234
V -101.897 323.334 96.894 0.410764 0.610204
V -93.897 323.334 97.503 0.414436 0.610174
V -85.897 323.334 98.231 0.418107 0.610145
V -77.897 323.334 98.963 0.421779 0.610115
V -69.897 323.334 99.760 0.425450 0.610086
V -61.897 323.334 101.235 0.429121 0.610056
V -53.897 323.334 102.715 0.432793 0.610026
V -45.897 323.334 104.193 0.436464 0.609997
V -37.897 323.334 105.372 0.440136 0.609967
V -29.897 323.334 106.549 0.443807 0.609937
V -21.897 323.334 107.724 0.447478 0.609908
V -13.897 323.334 107.071 0.451150 0.609878
V -5.897 323.334 106.300 0.454821 0.609848
V 2.103 323.334 105.562 0.458493 0.609819
V 10.103 323.334 104.402 0.462164 0.609789
V 18.103 323.334 103.194 0.465835 0.609759
V 26.103 323.334 101.984 0.469507 0.609730
V 34.103 323.334 100.530 0.473178 0.609700
V 42.103 323.334 99.032 0.476850 0.609670
V 50.103 323.334 97.536 0.480521 0.609641
V 58.103 323.334 95.069 0.484192 0.609611
V 66.103 323.334 92.330 0.487864 0.609581
V 74.103 323.334 89.596 0.491535 0.609552
V 82.103 323.334 86.343 0.495207 0.609522
V 90.103 323.334 82.723 0.498878 0.609492
V 98.103 323.334 79.104 0.502549 0.609462
V 106.103 323.334 75.300 0.506221 0.609433
V 114.103 323.334 71.397 0.509892 0.609403
V 122.103 323.334 67.493 0.513564 0.609373
V 130.103 323.334 63.751 0.517235 0.609344
V 138.103 323.334 60.116 0.520906 0.609314
V 146.103 323.334 56.479 0.524578 0.609284
V 154.103 323.334 53.204 0.528249 0.609254
V 162.103 323.334 50.108 0.531921 0.609225
V 170.103 323.334 47.009 0.535592 0.609195
V 178.103 323.334 43.881 0.539263 0.609165
V 186.103 323.334 40.678 0.542935 0.609135
V 194.103 323.334 37.523 0.546606 0.609106
V 202.103 323.334 34.256 0.550278 0.609076
V 210.103 323.334 30.832 0.553949 0.609046
V 218.103 323.334 27.411 0.557620 0.609016
V 226.103 323.334 23.996 0.561292 0.608987
V 234.103 323.334 20.588 0.564963 0.608957
V 242.103 323.334 17.182 0.568635 0.608927
V 250.103 323.334 13.833 0.572306 0.608897
V 258.103 323.334 10.617 0.575977 0.608868
V 266.103 323.334 7.403 0.579649 0.608838
V 274.103 323.334 4.302 0.583320 0.608808
V 282.103 323.334 1.570 0.586992 0.608778
V 290.103 323.334 -1.160 0.590663 0.608748
V 298.103 323.334 -3.661 0.594334 0.608719
V 306.103 323.334 -5.059 0.598006 0.608689
V 314.103 323.334 -6.455 0.601677 0.608659
V 322.103 323.334 -7.759 0.605348 0.608629
V 330.103 323.334 -8.349 0.609020 0.608599
V 338.103 323.334 -8.937 0.612691 0.608570
V -917.897 -932.666 31.874 0.031709 0.034410
V -887.897 -932.666 32.100 0.045474 0.034300
V -857.897 -932.666 33.507 0.059240 0.034190
V -827.897 -932.666 34.392 0.073006 0.034080
V -797.897 -932.666 34.498 0.086771 0.033971
V -767.897 -932.666 36.302 0.100537 0.033861
V -737.897 -932.666 39.456 0.114303 0.033751
V -707.897 -932.666 42.387 0.128069 0.033641
V -677.897 -932.666 40.938 0.141834 0.033531
V -647.897 -932.666 45.055 0.155600 0.033421
V -617.897 -932.666 54.377 0.169366 0.033311
V -587.897 -932.666 64.424 0.183131 0.033200
V -557.897 -932.666 70.430 0.196897 0.033090
V -527.897 -932.666 73.500 0.210663 0.032980
V -497.897 -932.666 78.230 0.224428 0.032870
V -467.897 -932.666 87.991 0.238194 0.032759
V -437.897 -932.666 99.466 0.251960 0.032649
V -407.897 -932.666 100.465 0.265725 0.032538
V -377.897 -932.666 93.502 0.279491 0.032428
V -347.897 -932.666 89.542 0.293257 0.032317
V -317.897 -932.666 93.494 0.307022 0.032207
V -287.897 -932.666 95.842 0.320788 0.032096
V -257.897 -932.666 85.266 0.334554 0.031985
V -227.897 -932.666 70.668 0.348319 0.031874
V -197.897 -932.666 57.174 0.362085 0.031764
V -167.897 -932.666 46.797 0.375851 0.031653
V -137.897 -932.666 38.191 0.389616 0.031542
V -107.897 -932.666 29.140 0.403382 0.031431
V -77.897 -932.666 27.962 0.417148 0.031320
V -47.897 -932.666 34.209 0.430913 0.031209
V -17.897 -932.666 38.848 0.444679 0.031098
V 12.103 -932.666 42.523 0.458444 0.030986
V 42.103 -932.666 48.536 0.472210 0.030875
V 72.103 -932.666 58.919 0.485976 0.030764
V 102.103 -932.666 67.225 0.499741 0.030653
V 132.103 -932.666 70.411 0.513507 0.030541
V 162.103 -932.666 73.533 0.527273 0.030430
V 192.103 -932.666 77.671 0.541038 0.030318
V 222.103 -932.666 75.941 0.554804 0.030207
V 252.103 -932.666 71.573 0.568570 0.030095
V 282.103 -932.666 74.175 0.582335 0.029984
V 312.103 -932.666 85.760 0.596101 0.029872
V 342.103 -932.666 99.335 0.609866 0.029760
V 372.103 -932.666 113.312 0.623632 0.029648
V 402.103 -932.666 127.499 0.637398 0.029537
V 432.103 -932.666 140.536 0.651163 0.029425
V 462.103 -932.666 145.806 0.664929 0.029313
V 492.103 -932.666 144.961 0.678695 0.029201
V 522.103 -932.666 147.959 0.692460 0.029089
V 552.103 -932.666 147.285 0.706226 0.028977
V 582.103 -932.666 140.422 0.719991 0.028865
V 612.103 -932.666 135.421 0.733757 0.028752
V 642.103 -932.666 130.271 0.747523 0.028640
V 672.103 -932.666 129.895 0.761288 0.028528
V 702.103 -932.666 127.310 0.775054 0.028415
V 732.103 -932.666 129.330 0.788820 0.028303
V 762.103 -932.666 136.973 0.802585 0.028191
V 792.103 -932.666 139.980 0.816351 0.028078
V 822.103 -932.666 140.884 0.830116 0.027966
V 852.103 -932.666 138.752 0.843882 0.027853
V 882.103 -932.666 131.082 0.857648 0.027740
V 912.103 -932.666 131.456 0.871413 0.027628
V 942.103 -932.666 136.323 0.885179 0.027515
V 972.103 -932.666 132.891 0.898944 0.027402
V 1002.103 -932.666 126.263 0.912710 0.027289
V 1032.103 -932.666 120.900 0.926476 0.027177
V 1062.103 -932.666 115.426 0.940241 0.027064
V -917.897 -902.666 33.896 0.031818 0.048233
V -887.897 -902.666 30.918 0.045584 0.048124
V -857.897 -902.666 29.846 0.059349 0.048014
V -827.897 -902.666 29.233 0.073115 0.047904
V -797.897 -902.666 29.979 0.086881 0.047794
V -767.897 -902.666 31.116 0.100647 0.047684
V -737.897 -902.666 34.145 0.114412 0.047575
V -707.897 -902.666 37.161 0.128178 0.047465
V -677.897 -902.666 35.883 0.141944 0.047355
V -647.897 -902.666 38.516 0.155710 0.047245
V -617.897 -902.666 46.620 0.169475 0.047134
V -587.897 -902.666 54.816 0.183241 0.047024
V -557.897 -902.666 57.124 0.197007 0.046914
V -527.897 -902.666 62.416 0.210772 0.046804
V -497.897 -902.666 73.150 0.224538 0.046693
V -467.897 -902.666 84.344 0.238304 0.046583
V -437.897 -902.666 91.462 0.252070 0.046473
V -407.897 -902.666 88.508 0.265835 0.046362
V -377.897 -902.666 81.917 0.279601 0.046252
V -347.897 -902.666 79.166 0.293367 0.046141
V -317.897 -902.666 85.673 0.307132 0.046030
V -287.897 -902.666 92.619 0.320898 0.045920
V -257.897 -902.666 87.308 0.334664 0.045809
V -227.897 -902.666 73.463 0.348430 0.045698
V -197.897 -902.666 61.056 0.362195 0.045587
V -167.897 -902.666 50.138 0.375961 0.045476
V -137.897 -902.666 41.181 0.389727 0.045366
V -107.897 -902.666 31.717 0.403492 0.045255
V -77.897 -902.666 26.329 0.417258 0.045144
V -47.897 -902.666 29.969 0.431024 0.045032
V -17.897 -902.666 34.600 0.444790 0.044921
V 12.103 -902.666 37.933 0.458555 0.044810
V 42.103 -902.666 44.201 0.472321 0.044699
V 72.103 -902.666 51.602 0.486087 0.044588
V 102.103 -902.666 56.348 0.499852 0.044476
V 132.103 -902.666 61.369 0.513618 0.044365
V 162.103 -902.666 68.919 0.527384 0.044254
V 192.103 -902.666 71.564 0.541149 0.044142
V 222.103 -902.666 67.424 0.554915 0.044030
V 252.103 -902.666 65.653 0.568681 0.043919
V 282.103 -902.666 72.661 0.582446 0.043807
V 312.103 -902.666 84.729 0.596212 0.043696
V 342.103 -902.666 97.235 0.609978 0.043584
V 372.103 -902.666 110.758 0.623743 0.043472
V 402.103 -902.666 124.550 0.637509 0.043360
V 432.103 -902.666 135.943 0.651275 0.043248
V 462.103 -902.666 137.733 0.665040 0.043136
V 492.103 -902.666 135.733 0.678806 0.043024
V 522.103 -902.666 137.049 0.692572 0.042912
V 552.103 -902.666 135.362 0.706337 0.042800
V 582.103 -902.666 130.203 0.720103 0.042688
V 612.103 -902.666 124.107 0.733869 0.042576
V 642.103 -902.666 119.843 0.747634 0.042464
V 672.103 -902.666 120.385 0.761400 0.042352
V 702.103 -902.666 123.812 0.775166 0.042239
V 732.103 -902.666 130.945 0.788931 0.042127
V 762.103 -902.666 137.119 0.802697 0.042014
V 792.103 -902.666 134.804 0.816463 0.041902
V 822.103 -902.666 130.656 0.830228 0.041789
V 852.103 -902.666 126.574 0.843994 0.041677
V 882.103 -902.666 120.635 0.857760 0.041564
V 912.103 -902.666 120.104 0.871525 0.041451
V 942.103 -902.666 122.943 0.885291 0.041339
V 972.103 -902.666 120.735 0.899057 0.041226
V 1002.103 -902.666 116.622 0.912822 0.041113
V 1032.103 -902.666 115.860 0.926588 0.041000
V 1062.103 -902.666 112.735 0.940354 0.040887
V -917.897 -872.666 37.525 0.031927 0.062057
V -887.897 -872.666 34.675 0.045693 0.061947
V -857.897 -872.666 31.012 0.059459 0.061838
V -827.897 -872.666 28.761 0.073224 0.061728
V -797.897 -872.666 27.586 0.086990 0.061618
V -767.897 -872.666 27.389 0.100756 0.061508
V -737.897 -872.666 29.351 0.114522 0.061398
V -707.897 -872.666 32.761 0.128288 0.061288
V -677.897 -872.666 33.965 0.142053 0.061178
V -647.897 -872.666 33.128 0.155819 0.061068
V -617.897 -872.666 39.139 0.169585 0.060958
V -587.897 -872.666 44.259 0.183351 0.060848
V -557.897 -872.666 45.757 0.197116 0.060738
V -527.897 -872.666 53.285 0.210882 0.060627
V -497.897 -872.666 64.350 0.224648 0.060517
V -467.897 -872.666 74.096 0.238414 0.060407
V -437.897 -872.666 78.344 0.252180 0.060296
V -407.897 -872.666 76.809 0.265945 0.060186
V -377.897 -872.666 69.964 0.279711 0.060075
V -347.897 -872.666 68.231 0.293477 0.059965
V -317.897 -872.666 76.715 0.307243 0.059854
V -287.897 -872.666 87.317 0.321008 0.059743
V -257.897 -872.666 88.730 0.334774 0.059633
V -227.897 -872.666 77.644 0.348540 0.059522
V -197.897 -872.666 63.677 0.362306 0.059411
V -167.897 -872.666 51.823 0.376071 0.059300
V -137.897 -872.666 43.080 0.389837 0.059189
V -107.897 -872.666 33.989 0.403603 0.059078
V -77.897 -872.666 26.117 0.417369 0.058967
V -47.897 -872.666 26.125 0.431134 0.058856
V -17.897 -872.666 30.977 0.444900 0.058745
V 12.103 -872.666 34.755 0.458666 0.058634
V 42.103 -872.666 39.723 0.472432 0.058523
V 72.103 -872.666 44.980 0.486197 0.058411
V 102.103 -872.666 51.849 0.499963 0.058300
V 132.103 -872.666 61.379 0.513729 0.058189
V 162.103 -872.666 69.077 0.527495 0.058077
V 192.103 -872.666 66.645 0.541260 0.057966
V 222.103 -872.666 61.626 0.555026 0.057854
V 252.103 -872.666 64.014 0.568792 0.057743
V 282.103 -872.666 72.757 0.582558 0.057631
V 312.103 -872.666 83.302 0.596323 0.057519
V 342.103 -872.666 95.688 0.610089 0.057408
V 372.103 -872.666 108.184 0.623855 0.057296
V 402.103 -872.666 119.714 0.637621 0.057184
V 432.103 -872.666 128.632 0.651386 0.057072
V 462.103 -872.666 127.586 0.665152 0.056960
V 492.103 -872.666 126.584 0.678918 0.056848
V 522.103 -872.666 127.879 0.692683 0.056736
V 552.103 -872.666 122.475 0.706449 0.056624
V 582.103 -872.666 116.396 0.720215 0.056512
V 612.103 -872.666 112.405 0.733981 0.056400
V 642.103 -872.666 115.297 0.747746 0.056288
V 672.103 -872.666 122.851 0.761512 0.056175
V 702.103 -872.666 130.605 0.775278 0.056063
V 732.103 -872.666 137.840 0.789043 0.055951
V 762.103 -872.666 141.291 0.802809 0.055838
V 792.103 -872.666 135.475 0.816575 0.055726
V 822.103 -872.666 126.933 0.830341 0.055613
V 852.103 -872.666 118.229 0.844106 0.055500
V 882.103 -872.666 111.927 0.857872 0.055388
V 912.103 -872.666 110.302 0.871638 0.055275
V 942.103 -872.666 110.866 0.885403 0.055162
V 972.103 -872.666 109.581 0.899169 0.055050
V 1002.103 -872.666 108.894 0.912935 0.054937
V 1032.103 -872.666 112.485 0.926700 0.054824
V 1062.103 -872.666 110.473 0.940466 0.054711
V -917.897 -842.666 41.208 0.032036 0.075881
V -887.897 -842.666 40.819 0.045802 0.075771
V -857.897 -842.666 38.171 0.059568 0.075662
V -827.897 -842.666 34.669 0.073334 0.075552
V -797.897 -842.666 29.103 0.087100 0.075442
V -767.897 -842.666 27.059 0.100865 0.075332
V -737.897 -842.666 27.791 0.114631 0.075222
V -707.897 -842.666 29.126 0.128397 0.075112
V -677.897 -842.666 30.098 0.142163 0.075002
V -647.897 -842.666 30.118 0.155929 0.074892
V -617.897 -842.666 32.609 0.169695 0.074782
V -587.897 -842.666 35.593 0.183460 0.074672
V -557.897 -842.666 37.085 0.197226 0.074562
V -527.897 -842.666 44.134 0.210992 0.074451
V -497.897 -842.666 52.431 0.224758 0.074341
V -467.897 -842.666 59.157 0.238524 0.074231
V -437.897 -842.666 62.770 0.252290 0.074120
V -407.897 -842.666 64.636 0.266055 0.074010
V -377.897 -842.666 60.031 0.279821 0.073899
V -347.897 -842.666 57.573 0.293587 0.073789
V -317.897 -842.666 66.336 0.307353 0.073678
V -287.897 -842.666 77.459 0.321119 0.073567
V -257.897 -842.666 80.054 0.334884 0.073457
V -227.897 -842.666 74.979 0.348650 0.073346
V -197.897 -842.666 66.663 0.362416 0.073235
V -167.897 -842.666 57.369 0.376182 0.073124
V -137.897 -842.666 47.024 0.389948 0.073013
V -107.897 -842.666 34.748 0.403713 0.072902
V -77.897 -842.666 24.930 0.417479 0.072791
V -47.897 -842.666 23.858 0.431245 0.072680
V -17.897 -842.666 28.554 0.445011 0.072569
V 12.103 -842.666 33.008 0.458777 0.072458
V 42.103 -842.666 37.511 0.472542 0.072346
V 72.103 -842.666 43.911 0.486308 0.072235
V 102.103 -842.666 54.112 0.500074 0.072124
V 132.103 -842.666 66.147 0.513840 0.072012
V 162.103 -842.666 71.592 0.527606 0.071901
V 192.103 -842.666 63.578 0.541371 0.071790
V 222.103 -842.666 58.276 0.555137 0.071678
V 252.103 -842.666 64.448 0.568903 0.071566
V 282.103 -842.666 75.367 0.582669 0.071455
V 312.103 -842.666 86.086 0.596435 0.071343
V 342.103 -842.666 95.370 0.610200 0.071231
V 372.103 -842.666 103.286 0.623966 0.071120
V 402.103 -842.666 111.157 0.637732 0.071008
V 432.103 -842.666 117.537 0.651498 0.070896
V 462.103 -842.666 116.682 0.665263 0.070784
V 492.103 -842.666 118.486 0.679029 0.070672
V 522.103 -842.666 119.365 0.692795 0.070560
V 552.103 -842.666 110.382 0.706561 0.070448
V 582.103 -842.666 102.493 0.720327 0.070336
V 612.103 -842.666 104.215 0.734092 0.070224
V 642.103 -842.666 115.078 0.747858 0.070111
V 672.103 -842.666 127.559 0.761624 0.069999
V 702.103 -842.666 138.655 0.775390 0.069887
V 732.103 -842.666 147.473 0.789155 0.069774
V 762.103 -842.666 148.730 0.802921 0.069662
V 792.103 -842.666 139.636 0.816687 0.069549
V 822.103 -842.666 128.028 0.830453 0.069437
V 852.103 -842.666 118.136 0.844218 0.069324
V 882.103 -842.666 109.729 0.857984 0.069212
V 912.103 -842.666 105.534 0.871750 0.069099
V 942.103 -842.666 102.819 0.885516 0.068986
V 972.103 -842.666 100.435 0.899281 0.068873
V 1002.103 -842.666 101.502 0.913047 0.068761
V 1032.103 -842.666 106.715 0.926813 0.068648
V 1062.103 -842.666 107.107 0.940579 0.068535
V -917.897 -812.666 47.005 0.032145 0.089705
V -887.897 -812.666 44.981 0.045911 0.089595
V -857.897 -812.666 41.543 0.059677 0.089486
V -827.897 -812.666 37.995 0.073443 0.089376
V -797.897 -812.666 33.038 0.087209 0.089266
V -767.897 -812.666 27.622 0.100975 0.089156
V -737.897 -812.666 24.966 0.114741 0.089046
V -707.897 -812.666 24.784 0.128507 0.088936
V -677.897 -812.666 24.991 0.142273 0.088826
V -647.897 -812.666 25.635 0.156038 0.088716
V -617.897 -812.666 28.016 0.169804 0.088606
V -587.897 -812.666 31.162 0.183570 0.088496
V -557.897 -812.666 31.987 0.197336 0.088385
V -527.897 -812.666 35.755 0.211102 0.088275
V -497.897 -812.666 40.362 0.224868 0.088165
V -467.897 -812.666 44.824 0.238634 0.088054
V -437.897 -812.666 48.699 0.252400 0.087944
V -407.897 -812.666 51.132 0.266165 0.087834
V -377.897 -812.666 47.842 0.279931 0.087723
V -347.897 -812.666 47.536 0.293697 0.087612
V -317.897 -812.666 56.215 0.307463 0.087502
V -287.897 -812.666 65.433 0.321229 0.087391
V -257.897 -812.666 65.995 0.334995 0.087280
V -227.897 -812.666 62.934 0.348761 0.087170
V -197.897 -812.666 59.259 0.362526 0.087059
V -167.897 -812.666 52.263 0.376292 0.086948
V -137.897 -812.666 43.602 0.390058 0.086837
V -107.897 -812.666 32.938 0.403824 0.086726
V -77.897 -812.666 24.172 0.417590 0.086615
V -47.897 -812.666 23.268 0.431356 0.086504
V -17.897 -812.666 26.867 0.445122 0.086393
V 12.103 -812.666 30.837 0.458887 0.086282
V 42.103 -812.666 36.168 0.472653 0.086170
V 72.103 -812.666 44.433 0.486419 0.086059
V 102.103 -812.666 56.148 0.500185 0.085948
V 132.103 -812.666 68.599 0.513951 0.085836
V 162.103 -812.666 72.154 0.527717 0.085725
V 192.103 -812.666 61.768 0.541482 0.085613
V 222.103 -812.666 55.431 0.555248 0.085502
V 252.103 -812.666 62.503 0.569014 0.085390
V 282.103 -812.666 74.428 0.582780 0.085279
V 312.103 -812.666 83.465 0.596546 0.085167
V 342.103 -812.666 88.043 0.610312 0.085055
V 372.103 -812.666 93.653 0.624077 0.084943
V 402.103 -812.666 101.509 0.637843 0.084832
V 432.103 -812.666 105.551 0.651609 0.084720
V 462.103 -812.666 105.656 0.665375 0.084608
V 492.103 -812.666 108.749 0.679141 0.084496
V 522.103 -812.666 108.505 0.692907 0.084384
V 552.103 -812.666 99.692 0.706672 0.084272
V 582.103 -812.666 93.656 0.720438 0.084160
V 612.103 -812.666 101.349 0.734204 0.084047
V 642.103 -812.666 115.048 0.747970 0.083935
V 672.103 -812.666 128.919 0.761736 0.083823
V 702.103 -812.666 142.531 0.775501 0.083710
V 732.103 -812.666 154.750 0.789267 0.083598
V 762.103 -812.666 156.764 0.803033 0.083486
V 792.103 -812.666 145.986 0.816799 0.083373
V 822.103 -812.666 132.906 0.830565 0.083261
V 852.103 -812.666 122.327 0.844331 0.083148
V 882.103 -812.666 114.097 0.858096 0.083035
V 912.103 -812.666 109.655 0.871862 0.082923
V 942.103 -812.666 104.277 0.885628 0.082810
V 972.103 -812.666 98.780 0.899394 0.082697
V 1002.103 -812.666 96.238 0.913160 0.082584
V 1032.103 -812.666 97.816 0.926925 0.082471
V 1062.103 -812.666 100.240 0.940691 0.082358
V -917.897 -782.666 56.748 0.032255 0.103529
V -887.897 -782.666 53.723 0.046021 0.103419
V -857.897 -782.666 48.658 0.059787 0.103309
V -827.897 -782.666 43.758 0.073552 0.103200
V -797.897 -782.666 38.874 0.087318 0.103090
V -767.897 -782.666 34.021 0.101084 0.102980
V -737.897 -782.666 28.867 0.114850 0.102870
V -707.897 -782.666 24.747 0.128616 0.102760
V -677.897 -782.666 22.869 0.142382 0.102650
V -647.897 -782.666 22.992 0.156148 0.102540
V -617.897 -782.666 24.450 0.169914 0.102430
V -587.897 -782.666 28.351 0.183680 0.102320
V -557.897 -782.666 29.332 0.197446 0.102209
V -527.897 -782.666 29.738 0.211212 0.102099
V -497.897 -782.666 31.174 0.224978 0.101989
V -467.897 -782.666 34.150 0.238744 0.101878
V -437.897 -782.666 36.766 0.252510 0.101768
V -407.897 -782.666 37.784 0.266275 0.101658
V -377.897 -782.666 35.979 0.280041 0.101547
V -347.897 -782.666 38.220 0.293807 0.101436
V -317.897 -782.666 46.107 0.307573 0.101326
V -287.897 -782.666 51.128 0.321339 0.101215
V -257.897 -782.666 51.394 0.335105 0.101104
V -227.897 -782.666 50.998 0.348871 0.100994
V -197.897 -782.666 50.092 0.362637 0.100883
V -167.897 -782.666 42.529 0.376403 0.100772
V -137.897 -782.666 35.477 0.390169 0.100661
V -107.897 -782.666 28.417 0.403935 0.100550
V -77.897 -782.666 22.164 0.417700 0.100439
V -47.897 -782.666 22.465 0.431466 0.100328
V -17.897 -782.666 25.475 0.445232 0.100217
V 12.103 -782.666 28.426 0.458998 0.100105
V 42.103 -782.666 34.923 0.472764 0.099994
V 72.103 -782.666 44.094 0.486530 0.099883
V 102.103 -782.666 55.126 0.500296 0.099772
V 132.103 -782.666 67.237 0.514062 0.099660
V 162.103 -782.666 71.584 0.527828 0.099549
V 192.103 -782.666 61.291 0.541594 0.099437
V 222.103 -782.666 52.794 0.555359 0.099326
V 252.103 -782.666 57.662 0.569125 0.099214
V 282.103 -782.666 67.847 0.582891 0.099103
V 312.103 -782.666 73.563 0.596657 0.098991
V 342.103 -782.666 76.712 0.610423 0.098879
V 372.103 -782.666 82.763 0.624189 0.098767
V 402.103 -782.666 89.902 0.637955 0.098656
V 432.103 -782.666 94.197 0.651721 0.098544
V 462.103 -782.666 95.910 0.665486 0.098432
V 492.103 -782.666 98.146 0.679252 0.098320
V 522.103 -782.666 96.710 0.693018 0.098208
V 552.103 -782.666 90.065 0.706784 0.098096
V 582.103 -782.666 88.983 0.720550 0.097983
V 612.103 -782.666 101.097 0.734316 0.097871
V 642.103 -782.666 115.583 0.748082 0.097759
V 672.103 -782.666 129.429 0.761848 0.097647
V 702.103 -782.666 143.471 0.775613 0.097534
V 732.103 -782.666 155.316 0.789379 0.097422
V 762.103 -782.666 158.286 0.803145 0.097310
V 792.103 -782.666 150.544 0.816911 0.097197
V 822.103 -782.666 138.395 0.830677 0.097084
V 852.103 -782.666 128.736 0.844443 0.096972
V 882.103 -782.666 123.460 0.858209 0.096859
V 912.103 -782.666 119.543 0.871974 0.096747
V 942.103 -782.666 112.573 0.885740 0.096634
V 972.103 -782.666 104.971 0.899506 0.096521
V 1002.103 -782.666 97.560 0.913272 0.096408
V 1032.103 -782.666 92.438 0.927038 0.096295
V 1062.103 -782.666 93.134 0.940804 0.096182
V -917.897 -752.666 68.689 0.032364 0.117353
V -887.897 -752.666 63.884 0.046130 0.117243
V -857.897 -752.666 55.842 0.059896 0.117133
V -827.897 -752.666 50.966 0.073662 0.117024
V -797.897 -752.666 47.720 0.087428 0.116914
V -767.897 -752.666 42.362 0.101194 0.116804
V -737.897 -752.666 37.127 0.114960 0.116694
V -707.897 -752.666 32.491 0.128726 0.116584
V -677.897 -752.666 26.539 0.142492 0.116474
V -647.897 -752.666 23.093 0.156258 0.116364
V -617.897 -752.666 24.726 0.170024 0.116254
V -587.897 -752.666 26.529 0.183790 0.116144
V -557.897 -752.666 26.251 0.197556 0.116033
V -527.897 -752.666 25.208 0.211322 0.115923
V -497.897 -752.666 26.153 0.225088 0.115813
V -467.897 -752.666 27.909 0.238854 0.115702
V -437.897 -752.666 29.283 0.252620 0.115592
V -407.897 -752.666 29.916 0.266386 0.115481
V -377.897 -752.666 29.298 0.280151 0.115371
V -347.897 -752.666 31.698 0.293917 0.115260
V -317.897 -752.666 36.021 0.307683 0.115150
V -287.897 -752.666 38.855 0.321449 0.115039
V -257.897 -752.666 39.162 0.335215 0.114928
V -227.897 -752.666 39.824 0.348981 0.114818
V -197.897 -752.666 42.378 0.362747 0.114707
V -167.897 -752.666 37.060 0.376513 0.114596
V -137.897 -752.666 29.197 0.390279 0.114485
V -107.897 -752.666 24.507 0.404045 0.114374
V -77.897 -752.666 20.230 0.417811 0.114263
V -47.897 -752.666 21.661 0.431577 0.114152
V -17.897 -752.666 24.338 0.445343 0.114041
V 12.103 -752.666 28.278 0.459109 0.113929
V 42.103 -752.666 35.544 0.472875 0.113818
V 72.103 -752.666 44.774 0.486641 0.113707
V 102.103 -752.666 55.151 0.500407 0.113596
V 132.103 -752.666 65.571 0.514173 0.113484
V 162.103 -752.666 69.455 0.527939 0.113373
V 192.103 -752.666 60.064 0.541705 0.113261
V 222.103 -752.666 50.711 0.555470 0.113150
V 252.103 -752.666 51.849 0.569236 0.113038
V 282.103 -752.666 58.283 0.583002 0.112926
V 312.103 -752.666 61.659 0.596768 0.112815
V 342.103 -752.666 65.590 0.610534 0.112703
V 372.103 -752.666 71.085 0.624300 0.112591
V 402.103 -752.666 77.277 0.638066 0.112479
V 432.103 -752.666 84.422 0.651832 0.112368
V 462.103 -752.666 89.587 0.665598 0.112256
V 492.103 -752.666 89.639 0.679364 0.112144
V 522.103 -752.666 84.727 0.693130 0.112032
V 552.103 -752.666 81.133 0.706896 0.111919
V 582.103 -752.666 87.978 0.720662 0.111807
V 612.103 -752.666 102.699 0.734428 0.111695
V 642.103 -752.666 117.704 0.748193 0.111583
V 672.103 -752.666 130.051 0.761959 0.111471
V 702.103 -752.666 140.742 0.775725 0.111358
V 732.103 -752.666 146.258 0.789491 0.111246
V 762.103 -752.666 148.437 0.803257 0.111133
V 792.103 -752.666 147.165 0.817023 0.111021
V 822.103 -752.666 140.843 0.830789 0.110908
V 852.103 -752.666 135.703 0.844555 0.110796
V 882.103 -752.666 133.061 0.858321 0.110683
V 912.103 -752.666 128.181 0.872087 0.110570
V 942.103 -752.666 119.826 0.885853 0.110458
V 972.103 -752.666 110.988 0.899618 0.110345
V 1002.103 -752.666 100.018 0.913384 0.110232
V 1032.103 -752.666 91.558 0.927150 0.110119
V 1062.103 -752.666 90.272 0.940916 0.110006
V -917.897 -722.666 82.529 0.032473 0.131177
V -887.897 -722.666 73.701 0.046239 0.131067
V -857.897 -722.666 63.215 0.060005 0.130958
V -827.897 -722.666 59.371 0.073771 0.130848
V -797.897 -722.666 58.115 0.087537 0.130738
V -767.897 -722.666 52.737 0.101303 0.130628
V -737.897 -722.666 47.874 0.115069 0.130518
V -707.897 -722.666 41.813 0.128835 0.130408
V -677.897 -722.666 33.129 0.142601 0.130298
V -647.897 -722.666 25.079 0.156367 0.130188
V -617.897 -722.666 21.978 0.170133 0.130078
V -587.897 -722.666 21.693 0.183899 0.129968
V -557.897 -722.666 20.809 0.197665 0.129857
V -527.897 -722.666 20.000 0.211431 0.129747
V -497.897 -722.666 21.458 0.225198 0.129637
V -467.897 -722.666 21.503 0.238964 0.129526
V -437.897 -722.666 22.388 0.252730 0.129416
V -407.897 -722.666 25.359 0.266496 0.129306
V -377.897 -722.666 25.888 0.280262 0.129195
V -347.897 -722.666 27.114 0.294028 0.129084
V -317.897 -722.666 28.710 0.307794 0.128974
V -287.897 -722.666 29.230 0.321560 0.128863
V -257.897 -722.666 29.082 0.335326 0.128752
V -227.897 -722.666 29.836 0.349092 0.128642
V -197.897 -722.666 33.690 0.362858 0.128531
V -167.897 -722.666 32.174 0.376624 0.128420
V -137.897 -722.666 25.698 0.390390 0.128309
V -107.897 -722.666 20.821 0.404156 0.128198
V -77.897 -722.666 18.767 0.417922 0.128087
V -47.897 -722.666 21.487 0.431688 0.127976
V -17.897 -722.666 24.492 0.445454 0.127865
V 12.103 -722.666 29.887 0.459220 0.127753
V 42.103 -722.666 37.715 0.472986 0.127642
V 72.103 -722.666 47.108 0.486752 0.127531
V 102.103 -722.666 57.495 0.500518 0.127420
V 132.103 -722.666 64.443 0.514284 0.127308
V 162.103 -722.666 63.147 0.528050 0.127197
V 192.103 -722.666 56.793 0.541816 0.127085
V 222.103 -722.666 48.809 0.555582 0.126974
V 252.103 -722.666 46.143 0.569348 0.126862
V 282.103 -722.666 49.226 0.583114 0.126750
V 312.103 -722.666 52.416 0.596880 0.126639
V 342.103 -722.666 57.854 0.610646 0.126527
V 372.103 -722.666 64.635 0.624411 0.126415
V 402.103 -722.666 73.003 0.638177 0.126303
V 432.103 -722.666 83.308 0.651943 0.126192
V 462.103 -722.666 87.814 0.665709 0.126080
V 492.103 -722.666 82.862 0.679475 0.125968
V 522.103 -722.666 75.291 0.693241 0.125856
V 552.103 -722.666 77.696 0.707007 0.125743
V 582.103 -722.666 90.052 0.720773 0.125631
V 612.103 -722.666 105.664 0.734539 0.125519
V 642.103 -722.666 120.267 0.748305 0.125407
V 672.103 -722.666 129.592 0.762071 0.125295
V 702.103 -722.666 133.048 0.775837 0.125182
V 732.103 -722.666 132.001 0.789603 0.125070
V 762.103 -722.666 133.277 0.803369 0.124957
V 792.103 -722.666 135.378 0.817135 0.124845
V 822.103 -722.666 134.973 0.830901 0.124732
V 852.103 -722.666 133.393 0.844667 0.124620
V 882.103 -722.666 132.510 0.858433 0.124507
V 912.103 -722.666 128.760 0.872199 0.124394
V 942.103 -722.666 120.121 0.885965 0.124282
V 972.103 -722.666 109.676 0.899731 0.124169
V 1002.103 -722.666 97.700 0.913497 0.124056
V 1032.103 -722.666 90.897 0.927263 0.123943
V 1062.103 -722.666 90.272 0.941029 0.123830
V -917.897 -692.666 94.006 0.032582 0.145001
V -887.897 -692.666 82.011 0.046348 0.144891
V -857.897 -692.666 71.247 0.060114 0.144782
V -827.897 -692.666 64.777 0.073881 0.144672
V -797.897 -692.666 60.570 0.087647 0.144562
V -767.897 -692.666 55.679 0.101413 0.144452
V -737.897 -692.666 50.065 0.115179 0.144342
V -707.897 -692.666 42.226 0.128945 0.144232
V -677.897 -692.666 34.320 0.142711 0.144122
V -647.897 -692.666 29.059 0.156477 0.144012
V -617.897 -692.666 26.466 0.170243 0.143902
V -587.897 -692.666 23.969 0.184009 0.143792
V -557.897 -692.666 20.787 0.197775 0.143682
V -527.897 -692.666 19.476 0.211541 0.143571
V -497.897 -692.666 19.152 0.225307 0.143461
V -467.897 -692.666 17.447 0.239073 0.143351
V -437.897 -692.666 17.674 0.252840 0.143240
V -407.897 -692.666 21.031 0.266606 0.143130
V -377.897 -692.666 23.174 0.280372 0.143019
V -347.897 -692.666 23.508 0.294138 0.142908
V -317.897 -692.666 23.607 0.307904 0.142798
V -287.897 -692.666 23.630 0.321670 0.142687
V -257.897 -692.666 23.041 0.335436 0.142576
V -227.897 -692.666 23.035 0.349202 0.142466
V -197.897 -692.666 24.741 0.362968 0.142355
V -167.897 -692.666 24.639 0.376734 0.142244
V -137.897 -692.666 20.551 0.390500 0.142133
V -107.897 -692.666 16.877 0.404266 0.142022
V -77.897 -692.666 17.967 0.418032 0.141911
V -47.897 -692.666 20.754 0.431798 0.141800
V -17.897 -692.666 24.255 0.445564 0.141689
V 12.103 -692.666 30.518 0.459330 0.141578
V 42.103 -692.666 38.863 0.473096 0.141466
V 72.103 -692.666 47.202 0.486862 0.141355
V 102.103 -692.666 53.840 0.500629 0.141244
V 132.103 -692.666 56.089 0.514395 0.141132
V 162.103 -692.666 53.033 0.528161 0.141021
V 192.103 -692.666 51.776 0.541927 0.140909
V 222.103 -692.666 47.024 0.555693 0.140798
V 252.103 -692.666 41.669 0.569459 0.140686
V 282.103 -692.666 42.958 0.583225 0.140575
V 312.103 -692.666 49.878 0.596991 0.140463
V 342.103 -692.666 58.064 0.610757 0.140351
V 372.103 -692.666 67.192 0.624523 0.140239
V 402.103 -692.666 77.421 0.638289 0.140127
V 432.103 -692.666 86.940 0.652055 0.140016
V 462.103 -692.666 87.186 0.665821 0.139904
V 492.103 -692.666 78.883 0.679587 0.139792
V 522.103 -692.666 70.073 0.693353 0.139680
V 552.103 -692.666 75.725 0.707119 0.139567
V 582.103 -692.666 90.304 0.720885 0.139455
V 612.103 -692.666 105.453 0.734651 0.139343
V 642.103 -692.666 118.682 0.748417 0.139231
V 672.103 -692.666 123.597 0.762183 0.139119
V 702.103 -692.666 121.804 0.775949 0.139006
V 732.103 -692.666 118.747 0.789715 0.138894
V 762.103 -692.666 120.284 0.803481 0.138781
V 792.103 -692.666 122.894 0.817247 0.138669
V 822.103 -692.666 123.196 0.831013 0.138556
V 852.103 -692.666 122.003 0.844779 0.138444
V 882.103 -692.666 122.108 0.858545 0.138331
V 912.103 -692.666 122.425 0.872311 0.138218
V 942.103 -692.666 118.378 0.886077 0.138106
V 972.103 -692.666 107.138 0.899843 0.137993
V 1002.103 -692.666 96.145 0.913609 0.137880
V 1032.103 -692.666 91.159 0.927375 0.137767
V 1062.103 -692.666 90.701 0.941141 0.137654
V -917.897 -662.666 100.900 0.032691 0.158825
V -887.897 -662.666 89.610 0.046458 0.158715
V -857.897 -662.666 77.443 0.060224 0.158606
V -827.897 -662.666 67.630 0.073990 0.158496
V -797.897 -662.666 59.418 0.087756 0.158386
V -767.897 -662.666 53.327 0.101522 0.158276
V -737.897 -662.666 48.650 0.115288 0.158166
V -707.897 -662.666 43.205 0.129054 0.158056
V -677.897 -662.666 37.940 0.142821 0.157946
V -647.897 -662.666 34.629 0.156587 0.157836
V -617.897 -662.666 32.219 0.170353 0.157726
V -587.897 -662.666 29.889 0.184119 0.157616
V -557.897 -662.666 24.661 0.197885 0.157506
V -527.897 -662.666 21.654 0.211651 0.157395
V -497.897 -662.666 20.026 0.225417 0.157285
V -467.897 -662.666 16.920 0.239183 0.157175
V -437.897 -662.666 15.349 0.252950 0.157064
V -407.897 -662.666 16.511 0.266716 0.156954
V -377.897 -662.666 19.119 0.280482 0.156843
V -347.897 -662.666 19.946 0.294248 0.156733
V -317.897 -662.666 19.602 0.308014 0.156622
V -287.897 -662.666 18.691 0.321780 0.156511
V -257.897 -662.666 18.070 0.335546 0.156401
V -227.897 -662.666 17.822 0.349312 0.156290
V -197.897 -662.666 17.690 0.363078 0.156179
V -167.897 -662.666 17.474 0.376845 0.156068
V -137.897 -662.666 16.763 0.390611 0.155957
V -107.897 -662.666 16.754 0.404377 0.155846
V -77.897 -662.666 17.914 0.418143 0.155735
V -47.897 -662.666 20.048 0.431909 0.155624
V -17.897 -662.666 23.449 0.445675 0.155513
V 12.103 -662.666 29.565 0.459441 0.155402
V 42.103 -662.666 36.273 0.473207 0.155290
V 72.103 -662.666 41.076 0.486973 0.155179
V 102.103 -662.666 43.878 0.500739 0.155068
V 132.103 -662.666 44.474 0.514506 0.154956
V 162.103 -662.666 44.540 0.528272 0.154845
V 192.103 -662.666 46.020 0.542038 0.154733
V 222.103 -662.666 44.055 0.555804 0.154622
V 252.103 -662.666 38.489 0.569570 0.154510
V 282.103 -662.666 40.676 0.583336 0.154399
V 312.103 -662.666 50.651 0.597102 0.154287
V 342.103 -662.666 60.756 0.610868 0.154175
V 372.103 -662.666 70.930 0.624634 0.154063
V 402.103 -662.666 81.250 0.638400 0.153952
V 432.103 -662.666 86.164 0.652166 0.153840
V 462.103 -662.666 82.910 0.665932 0.153728
V 492.103 -662.666 74.548 0.679698 0.153616
V 522.103 -662.666 65.595 0.693465 0.153504
V 552.103 -662.666 71.133 0.707231 0.153392
V 582.103 -662.666 87.140 0.720997 0.153279
V 612.103 -662.666 102.110 0.734763 0.153167
V 642.103 -662.666 113.128 0.748529 0.153055
V 672.103 -662.666 113.176 0.762295 0.152943
V 702.103 -662.666 110.315 0.776061 0.152830
V 732.103 -662.666 108.753 0.789827 0.152718
V 762.103 -662.666 112.933 0.803593 0.152606
V 792.103 -662.666 116.673 0.817359 0.152493
V 822.103 -662.666 114.063 0.831125 0.152380
V 852.103 -662.666 111.248 0.844891 0.152268
V 882.103 -662.666 110.953 0.858657 0.152155
V 912.103 -662.666 114.899 0.872423 0.152043
V 942.103 -662.666 117.870 0.886189 0.151930
V 972.103 -662.666 109.533 0.899955 0.151817
V 1002.103 -662.666 99.763 0.913722 0.151704
V 1032.103 -662.666 93.626 0.927488 0.151591
V 1062.103 -662.666 90.467 0.941254 0.151478
V -917.897 -632.666 96.199 0.032801 0.172649
V -887.897 -632.666 86.489 0.046567 0.172540
V -857.897 -632.666 78.956 0.060333 0.172430
V -827.897 -632.666 74.564 0.074099 0.172320
V -797.897 -632.666 68.187 0.087865 0.172210
V -767.897 -632.666 62.200 0.101632 0.172100
V -737.897 -632.666 58.506 0.115398 0.171991
V -707.897 -632.666 52.747 0.129164 0.171881
V -677.897 -632.666 46.853 0.142930 0.171770
V -647.897 -632.666 43.622 0.156696 0.171660
V -617.897 -632.666 39.953 0.170462 0.171550
V -587.897 -632.666 36.177 0.184229 0.171440
V -557.897 -632.666 30.489 0.197995 0.171330
V -527.897 -632.666 27.081 0.211761 0.171220
V -497.897 -632.666 22.923 0.225527 0.171109
V -467.897 -632.666 19.551 0.239293 0.170999
V -437.897 -632.666 16.749 0.253060 0.170888
V -407.897 -632.666 15.617 0.266826 0.170778
V -377.897 -632.666 15.316 0.280592 0.170667
V -347.897 -632.666 14.788 0.294358 0.170557
V -317.897 -632.666 14.120 0.308124 0.170446
V -287.897 -632.666 13.344 0.321890 0.170335
V -257.897 -632.666 13.725 0.335657 0.170225
V -227.897 -632.666 14.108 0.349423 0.170114
V -197.897 -632.666 14.361 0.363189 0.170003
V -167.897 -632.666 15.290 0.376955 0.169892
V -137.897 -632.666 17.189 0.390721 0.169781
V -107.897 -632.666 17.580 0.404487 0.169670
V -77.897 -632.666 17.909 0.418253 0.169559
V -47.897 -632.666 18.702 0.432020 0.169448
V -17.897 -632.666 20.307 0.445786 0.169337
V 12.103 -632.666 24.869 0.459552 0.169226
V 42.103 -632.666 28.490 0.473318 0.169115
V 72.103 -632.666 31.505 0.487084 0.169003
V 102.103 -632.666 33.785 0.500850 0.168892
V 132.103 -632.666 36.381 0.514616 0.168780
V 162.103 -632.666 39.101 0.528383 0.168669
V 192.103 -632.666 41.431 0.542149 0.168558
V 222.103 -632.666 39.628 0.555915 0.168446
V 252.103 -632.666 35.127 0.569681 0.168334
V 282.103 -632.666 39.608 0.583447 0.168223
V 312.103 -632.666 49.366 0.597213 0.168111
V 342.103 -632.666 59.854 0.610979 0.167999
V 372.103 -632.666 70.379 0.624746 0.167888
V 402.103 -632.666 79.662 0.638512 0.167776
V 432.103 -632.666 80.392 0.652278 0.167664
V 462.103 -632.666 75.920 0.666044 0.167552
V 492.103 -632.666 67.513 0.679810 0.167440
V 522.103 -632.666 60.769 0.693576 0.167328
V 552.103 -632.666 69.209 0.707342 0.167216
V 582.103 -632.666 84.949 0.721108 0.167104
V 612.103 -632.666 99.580 0.734875 0.166991
V 642.103 -632.666 107.467 0.748641 0.166879
V 672.103 -632.666 103.715 0.762407 0.166767
V 702.103 -632.666 101.121 0.776173 0.166654
V 732.103 -632.666 103.241 0.789939 0.166542
V 762.103 -632.666 110.924 0.803705 0.166430
V 792.103 -632.666 116.462 0.817471 0.166317
V 822.103 -632.666 111.647 0.831237 0.166205
V 852.103 -632.666 106.131 0.845003 0.166092
V 882.103 -632.666 102.969 0.858770 0.165979
V 912.103 -632.666 105.843 0.872536 0.165867
V 942.103 -632.666 109.937 0.886302 0.165754
V 972.103 -632.666 107.051 0.900068 0.165641
V 1002.103 -632.666 100.600 0.913834 0.165528
V 1032.103 -632.666 93.783 0.927600 0.165415
V 1062.103 -632.666 88.023 0.941366 0.165302
V -917.897 -602.666 86.599 0.032910 0.186474
V -887.897 -602.666 76.554 0.046676 0.186364
V -857.897 -602.666 70.752 0.060442 0.186254
V -827.897 -602.666 69.415 0.074209 0.186144
V -797.897 -602.666 68.351 0.087975 0.186035
V -767.897 -602.666 66.992 0.101741 0.185925
V -737.897 -602.666 66.354 0.115507 0.185815
V -707.897 -602.666 61.913 0.129274 0.185705
V -677.897 -602.666 55.931 0.143040 0.185595
V -647.897 -602.666 51.555 0.156806 0.185485
V -617.897 -602.666 46.844 0.170572 0.185374
V -587.897 -602.666 41.940 0.184338 0.185264
V -557.897 -602.666 36.361 0.198105 0.185154
V -527.897 -602.666 31.467 0.211871 0.185044
V -497.897 -602.666 26.677 0.225637 0.184933
V -467.897 -602.666 22.518 0.239403 0.184823
V -437.897 -602.666 19.431 0.253170 0.184713
V -407.897 -602.666 17.309 0.266936 0.184602
V -377.897 -602.666 15.041 0.280702 0.184492
V -347.897 -602.666 12.452 0.294468 0.184381
V -317.897 -602.666 10.828 0.308234 0.184270
V -287.897 -602.666 10.350 0.322001 0.184160
V -257.897 -602.666 11.298 0.335767 0.184049
V -227.897 -602.666 12.600 0.349533 0.183938
V -197.897 -602.666 13.790 0.363299 0.183827
V -167.897 -602.666 15.074 0.377065 0.183716
V -137.897 -602.666 17.157 0.390832 0.183605
V -107.897 -602.666 17.225 0.404598 0.183494
V -77.897 -602.666 17.246 0.418364 0.183383
V -47.897 -602.666 17.064 0.432130 0.183272
V -17.897 -602.666 17.401 0.445896 0.183161
V 12.103 -602.666 19.683 0.459663 0.183050
V 42.103 -602.666 21.594 0.473429 0.182939
V 72.103 -602.666 24.149 0.487195 0.182827
V 102.103 -602.666 26.635 0.500961 0.182716
V 132.103 -602.666 30.658 0.514727 0.182605
V 162.103 -602.666 34.358 0.528494 0.182493
V 192.103 -602.666 37.826 0.542260 0.182382
V 222.103 -602.666 34.994 0.556026 0.182270
V 252.103 -602.666 32.114 0.569792 0.182159
V 282.103 -602.666 38.282 0.583558 0.182047
V 312.103 -602.666 46.949 0.597325 0.181935
V 342.103 -602.666 56.923 0.611091 0.181824
V 372.103 -602.666 67.377 0.624857 0.181712
V 402.103 -602.666 74.940 0.638623 0.181600
V 432.103 -602.666 73.339 0.652389 0.181488
V 462.103 -602.666 68.801 0.666155 0.181376
V 492.103 -602.666 60.136 0.679922 0.181264
V 522.103 -602.666 58.329 0.693688 0.181152
V 552.103 -602.666 70.006 0.707454 0.181040
V 582.103 -602.666 84.051 0.721220 0.180928
V 612.103 -602.666 96.717 0.734986 0.180816
V 642.103 -602.666 101.035 0.748752 0.180703
V 672.103 -602.666 96.244 0.762519 0.180591
V 702.103 -602.666 96.283 0.776285 0.180479
V 732.103 -602.666 102.189 0.790051 0.180366
V 762.103 -602.666 111.307 0.803817 0.180254
V 792.103 -602.666 119.392 0.817583 0.180141
V 822.103 -602.666 116.333 0.831349 0.180029
V 852.103 -602.666 108.458 0.845116 0.179916
V 882.103 -602.666 100.943 0.858882 0.179803
V 912.103 -602.666 98.553 0.872648 0.179691
V 942.103 -602.666 98.691 0.886414 0.179578
V 972.103 -602.666 97.300 0.900180 0.179465
V 1002.103 -602.666 93.000 0.913946 0.179352
V 1032.103 -602.666 88.599 0.927712 0.179239
V 1062.103 -602.666 84.549 0.941479 0.179127
V -917.897 -572.666 82.043 0.033019 0.200298
V -887.897 -572.666 70.697 0.046785 0.200188
V -857.897 -572.666 63.000 0.060552 0.200079
V -827.897 -572.666 58.747 0.074318 0.199969
V -797.897 -572.666 58.291 0.088084 0.199859
V -767.897 -572.666 58.582 0.101850 0.199749
V -737.897 -572.666 60.535 0.115617 0.199639
V -707.897 -572.666 59.259 0.129383 0.199529
V -677.897 -572.666 54.463 0.143149 0.199419
V -647.897 -572.666 48.443 0.156916 0.199309
V -617.897 -572.666 42.968 0.170682 0.199199
V -587.897 -572.666 37.450 0.184448 0.199089
V -557.897 -572.666 34.342 0.198214 0.198978
V -527.897 -572.666 31.584 0.211981 0.198868
V -497.897 -572.666 28.435 0.225747 0.198758
V -467.897 -572.666 24.535 0.239513 0.198647
V -437.897 -572.666 21.880 0.253280 0.198537
V -407.897 -572.666 19.703 0.267046 0.198426
V -377.897 -572.666 16.977 0.280812 0.198316
V -347.897 -572.666 13.379 0.294578 0.198205
V -317.897 -572.666 10.860 0.308345 0.198095
V -287.897 -572.666 9.336 0.322111 0.197984
V -257.897 -572.666 9.273 0.335877 0.197873
V -227.897 -572.666 11.816 0.349643 0.197762
V -197.897 -572.666 12.959 0.363410 0.197652
V -167.897 -572.666 14.187 0.377176 0.197541
V -137.897 -572.666 16.043 0.390942 0.197430
V -107.897 -572.666 16.321 0.404708 0.197319
V -77.897 -572.666 15.859 0.418475 0.197208
V -47.897 -572.666 15.964 0.432241 0.197097
V -17.897 -572.666 16.142 0.446007 0.196985
V 12.103 -572.666 16.923 0.459773 0.196874
V 42.103 -572.666 18.372 0.473540 0.196763
V 72.103 -572.666 20.885 0.487306 0.196652
V 102.103 -572.666 23.997 0.501072 0.196540
V 132.103 -572.666 27.734 0.514838 0.196429
V 162.103 -572.666 31.138 0.528605 0.196317
V 192.103 -572.666 33.793 0.542371 0.196206
V 222.103 -572.666 31.228 0.556137 0.196094
V 252.103 -572.666 30.024 0.569903 0.195983
V 282.103 -572.666 36.960 0.583670 0.195871
V 312.103 -572.666 45.279 0.597436 0.195760
V 342.103 -572.666 54.270 0.611202 0.195648
V 372.103 -572.666 64.073 0.624968 0.195536
V 402.103 -572.666 69.718 0.638734 0.195424
V 432.103 -572.666 66.805 0.652501 0.195312
V 462.103 -572.666 61.527 0.666267 0.195200
V 492.103 -572.666 54.148 0.680033 0.195088
V 522.103 -572.666 58.754 0.693799 0.194976
V 552.103 -572.666 71.842 0.707566 0.194864
V 582.103 -572.666 84.648 0.721332 0.194752
V 612.103 -572.666 93.562 0.735098 0.194640
V 642.103 -572.666 93.814 0.748864 0.194528
V 672.103 -572.666 91.597 0.762630 0.194415
V 702.103 -572.666 95.944 0.776397 0.194303
V 732.103 -572.666 102.801 0.790163 0.194190
V 762.103 -572.666 110.871 0.803929 0.194078
V 792.103 -572.666 119.156 0.817695 0.193966
V 822.103 -572.666 119.950 0.831462 0.193853
V 852.103 -572.666 112.306 0.845228 0.193740
V 882.103 -572.666 104.276 0.858994 0.193628
V 912.103 -572.666 99.065 0.872760 0.193515
V 942.103 -572.666 94.371 0.886526 0.193402
V 972.103 -572.666 91.843 0.900293 0.193289
V 1002.103 -572.666 88.830 0.914059 0.193177
V 1032.103 -572.666 86.525 0.927825 0.193064
V 1062.103 -572.666 81.887 0.941591 0.192951
V -917.897 -542.666 76.932 0.033128 0.214122
V -887.897 -542.666 68.888 0.046895 0.214013
V -857.897 -542.666 60.854 0.060661 0.213903
V -827.897 -542.666 53.656 0.074427 0.213793
V -797.897 -542.666 50.559 0.088194 0.213683
V -767.897 -542.666 48.695 0.101960 0.213573
V -737.897 -542.666 48.913 0.115726 0.213463
V -707.897 -542.666 48.452 0.129493 0.213353
V -677.897 -542.666 45.355 0.143259 0.213243
V -647.897 -542.666 40.012 0.157025 0.213133
V -617.897 -542.666 35.318 0.170792 0.213023
V -587.897 -542.666 32.570 0.184558 0.212913
V -557.897 -542.666 30.177 0.198324 0.212803
V -527.897 -542.666 26.610 0.212091 0.212692
V -497.897 -542.666 24.810 0.225857 0.212582
V -467.897 -542.666 22.761 0.239623 0.212472
V -437.897 -542.666 21.140 0.253390 0.212361
V -407.897 -542.666 19.998 0.267156 0.212251
V -377.897 -542.666 17.122 0.280922 0.212140
V -347.897 -542.666 14.019 0.294688 0.212030
V -317.897 -542.666 12.163 0.308455 0.211919
V -287.897 -542.666 9.792 0.322221 0.211808
V -257.897 -542.666 7.900 0.335987 0.211697
V -227.897 -542.666 10.524 0.349754 0.211587
V -197.897 -542.666 11.281 0.363520 0.211476
V -167.897 -542.666 12.198 0.377286 0.211365
V -137.897 -542.666 13.654 0.391053 0.211254
V -107.897 -542.666 14.691 0.404819 0.211143
V -77.897 -542.666 14.616 0.418585 0.211032
V -47.897 -542.666 14.909 0.432352 0.210921
V -17.897 -542.666 14.581 0.446118 0.210810
V 12.103 -542.666 15.333 0.459884 0.210699
V 42.103 -542.666 17.681 0.473650 0.210587
V 72.103 -542.666 21.936 0.487417 0.210476
V 102.103 -542.666 26.372 0.501183 0.210365
V 132.103 -542.666 28.839 0.514949 0.210253
V 162.103 -542.666 30.795 0.528716 0.210142
V 192.103 -542.666 30.533 0.542482 0.210030
V 222.103 -542.666 28.055 0.556248 0.209919
V 252.103 -542.666 28.478 0.570014 0.209807
V 282.103 -542.666 35.278 0.583781 0.209695
V 312.103 -542.666 43.908 0.597547 0.209584
V 342.103 -542.666 52.328 0.611313 0.209472
V 372.103 -542.666 60.909 0.625080 0.209360
V 402.103 -542.666 64.208 0.638846 0.209248
V 432.103 -542.666 60.715 0.652612 0.209136
V 462.103 -542.666 55.206 0.666378 0.209025
V 492.103 -542.666 50.058 0.680145 0.208913
V 522.103 -542.666 59.320 0.693911 0.208800
V 552.103 -542.666 75.083 0.707677 0.208688
V 582.103 -542.666 87.914 0.721444 0.208576
V 612.103 -542.666 92.246 0.735210 0.208464
V 642.103 -542.666 88.659 0.748976 0.208352
V 672.103 -542.666 89.747 0.762742 0.208239
V 702.103 -542.666 95.308 0.776509 0.208127
V 732.103 -542.666 100.429 0.790275 0.208015
V 762.103 -542.666 105.732 0.804041 0.207902
V 792.103 -542.666 112.203 0.817807 0.207790
V 822.103 -542.666 116.672 0.831574 0.207677
V 852.103 -542.666 114.580 0.845340 0.207565
V 882.103 -542.666 111.291 0.859106 0.207452
V 912.103 -542.666 106.648 0.872872 0.207339
V 942.103 -542.666 99.681 0.886639 0.207226
V 972.103 -542.666 97.042 0.900405 0.207114
V 1002.103 -542.666 95.208 0.914171 0.207001
V 1032.103 -542.666 93.023 0.927937 0.206888
V 1062.103 -542.666 85.592 0.941704 0.206775
V -917.897 -512.666 66.353 0.033237 0.227947
V -887.897 -512.666 61.523 0.047004 0.227837
V -857.897 -512.666 56.305 0.060770 0.227727
V -827.897 -512.666 52.101 0.074537 0.227617
V -797.897 -512.666 50.342 0.088303 0.227508
V -767.897 -512.666 47.624 0.102069 0.227398
V -737.897 -512.666 44.653 0.115836 0.227288
V -707.897 -512.666 41.461 0.129602 0.227178
V -677.897 -512.666 38.862 0.143369 0.227068
V -647.897 -512.666 37.183 0.157135 0.226958
V -617.897 -512.666 35.075 0.170901 0.226848
V -587.897 -512.666 33.090 0.184668 0.226737
V -557.897 -512.666 30.884 0.198434 0.226627
V -527.897 -512.666 26.556 0.212200 0.226517
V -497.897 -512.666 24.603 0.225967 0.226406
V -467.897 -512.666 23.404 0.239733 0.226296
V -437.897 -512.666 20.866 0.253500 0.226186
V -407.897 -512.666 18.752 0.267266 0.226075
V -377.897 -512.666 18.895 0.281032 0.225965
V -347.897 -512.666 19.601 0.294799 0.225854
V -317.897 -512.666 17.568 0.308565 0.225743
V -287.897 -512.666 12.036 0.322331 0.225633
V -257.897 -512.666 7.285 0.336098 0.225522
V -227.897 -512.666 7.985 0.349864 0.225411
V -197.897 -512.666 9.334 0.363630 0.225300
V -167.897 -512.666 9.881 0.377397 0.225189
V -137.897 -512.666 11.073 0.391163 0.225078
V -107.897 -512.666 12.609 0.404930 0.224967
V -77.897 -512.666 13.483 0.418696 0.224856
V -47.897 -512.666 13.466 0.432462 0.224745
V -17.897 -512.666 12.938 0.446229 0.224634
V 12.103 -512.666 14.123 0.459995 0.224523
V 42.103 -512.666 18.265 0.473761 0.224412
V 72.103 -512.666 25.137 0.487528 0.224300
V 102.103 -512.666 30.514 0.501294 0.224189
V 132.103 -512.666 31.298 0.515060 0.224078
V 162.103 -512.666 31.119 0.528827 0.223966
V 192.103 -512.666 28.897 0.542593 0.223855
V 222.103 -512.666 25.171 0.556359 0.223743
V 252.103 -512.666 26.784 0.570126 0.223631
V 282.103 -512.666 33.056 0.583892 0.223520
V 312.103 -512.666 41.473 0.597658 0.223408
V 342.103 -512.666 50.145 0.611425 0.223296
V 372.103 -512.666 57.064 0.625191 0.223185
V 402.103 -512.666 57.714 0.638957 0.223073
V 432.103 -512.666 53.804 0.652724 0.222961
V 462.103 -512.666 49.091 0.666490 0.222849
V 492.103 -512.666 46.856 0.680256 0.222737
V 522.103 -512.666 58.179 0.694023 0.222625
V 552.103 -512.666 76.017 0.707789 0.222513
V 582.103 -512.666 88.722 0.721555 0.222401
V 612.103 -512.666 89.527 0.735322 0.222288
V 642.103 -512.666 86.417 0.749088 0.222176
V 672.103 -512.666 90.055 0.762854 0.222064
V 702.103 -512.666 94.680 0.776620 0.221951
V 732.103 -512.666 97.800 0.790387 0.221839
V 762.103 -512.666 101.137 0.804153 0.221727
V 792.103 -512.666 105.203 0.817919 0.221614
V 822.103 -512.666 109.341 0.831686 0.221502
V 852.103 -512.666 115.187 0.845452 0.221389
V 882.103 -512.666 119.519 0.859218 0.221276
V 912.103 -512.666 115.547 0.872985 0.221164
V 942.103 -512.666 109.129 0.886751 0.221051
V 972.103 -512.666 107.194 0.900517 0.220938
V 1002.103 -512.666 104.019 0.914284 0.220825
V 1032.103 -512.666 99.159 0.928050 0.220712
V 1062.103 -512.666 90.079 0.941816 0.220599
V -917.897 -482.666 62.615 0.033347 0.241771
V -887.897 -482.666 60.624 0.047113 0.241661
V -857.897 -482.666 59.168 0.060880 0.241552
V -827.897 -482.666 59.527 0.074646 0.241442
V -797.897 -482.666 58.964 0.088412 0.241332
V -767.897 -482.666 54.313 0.102179 0.241222
V -737.897 -482.666 49.146 0.115945 0.241112
V -707.897 -482.666 44.378 0.129712 0.241002
V -677.897 -482.666 40.921 0.143478 0.240892
V -647.897 -482.666 38.959 0.157245 0.240782
V -617.897 -482.666 36.860 0.171011 0.240672
V -587.897 -482.666 34.196 0.184777 0.240562
V -557.897 -482.666 31.673 0.198544 0.240451
V -527.897 -482.666 28.417 0.212310 0.240341
V -497.897 -482.666 27.225 0.226077 0.240231
V -467.897 -482.666 26.273 0.239843 0.240120
V -437.897 -482.666 25.249 0.253610 0.240010
V -407.897 -482.666 25.854 0.267376 0.239900
V -377.897 -482.666 29.616 0.281142 0.239789
V -347.897 -482.666 29.965 0.294909 0.239678
V -317.897 -482.666 24.077 0.308675 0.239568
V -287.897 -482.666 15.792 0.322442 0.239457
V -257.897 -482.666 9.180 0.336208 0.239346
V -227.897 -482.666 6.155 0.349974 0.239235
V -197.897 -482.666 7.248 0.363741 0.239125
V -167.897 -482.666 8.322 0.377507 0.239014
V -137.897 -482.666 9.363 0.391274 0.238903
V -107.897 -482.666 10.694 0.405040 0.238792
V -77.897 -482.666 12.265 0.418806 0.238681
V -47.897 -482.666 12.101 0.432573 0.238570
V -17.897 -482.666 11.549 0.446339 0.238458
V 12.103 -482.666 14.167 0.460106 0.238347
V 42.103 -482.666 20.362 0.473872 0.238236
V 72.103 -482.666 28.206 0.487638 0.238125
V 102.103 -482.666 33.127 0.501405 0.238013
V 132.103 -482.666 31.805 0.515171 0.237902
V 162.103 -482.666 29.451 0.528938 0.237791
V 192.103 -482.666 26.771 0.542704 0.237679
V 222.103 -482.666 22.674 0.556470 0.237567
V 252.103 -482.666 24.780 0.570237 0.237456
V 282.103 -482.666 30.746 0.584003 0.237344
V 312.103 -482.666 38.228 0.597770 0.237233
V 342.103 -482.666 46.823 0.611536 0.237121
V 372.103 -482.666 51.333 0.625302 0.237009
V 402.103 -482.666 48.906 0.639069 0.236897
V 432.103 -482.666 44.604 0.652835 0.236785
V 462.103 -482.666 41.595 0.666601 0.236673
V 492.103 -482.666 45.289 0.680368 0.236561
V 522.103 -482.666 57.380 0.694134 0.236449
V 552.103 -482.666 74.474 0.707901 0.236337
V 582.103 -482.666 85.319 0.721667 0.236225
V 612.103 -482.666 84.299 0.735433 0.236113
V 642.103 -482.666 86.284 0.749200 0.236000
V 672.103 -482.666 93.717 0.762966 0.235888
V 702.103 -482.666 99.335 0.776732 0.235776
V 732.103 -482.666 101.568 0.790499 0.235663
V 762.103 -482.666 100.962 0.804265 0.235551
V 792.103 -482.666 98.053 0.818031 0.235438
V 822.103 -482.666 101.848 0.831798 0.235326
V 852.103 -482.666 112.685 0.845564 0.235213
V 882.103 -482.666 121.600 0.859331 0.235101
V 912.103 -482.666 121.833 0.873097 0.234988
V 942.103 -482.666 119.110 0.886863 0.234875
V 972.103 -482.666 114.624 0.900630 0.234762
V 1002.103 -482.666 108.880 0.914396 0.234649
V 1032.103 -482.666 102.547 0.928162 0.234537
V 1062.103 -482.666 94.435 0.941929 0.234424
V -917.897 -452.666 68.179 0.033456 0.255596
V -887.897 -452.666 70.924 0.047222 0.255486
V -857.897 -452.666 71.242 0.060989 0.255376
V -827.897 -452.666 72.520 0.074755 0.255266
V -797.897 -452.666 70.510 0.088522 0.255157
V -767.897 -452.666 64.918 0.102288 0.255047
V -737.897 -452.666 58.299 0.116055 0.254937
V -707.897 -452.666 50.444 0.129821 0.254827
V -677.897 -452.666 43.761 0.143588 0.254717
V -647.897 -452.666 40.970 0.157354 0.254607
V -617.897 -452.666 39.719 0.171121 0.254496
V -587.897 -452.666 37.467 0.184887 0.254386
V -557.897 -452.666 34.647 0.198654 0.254276
V -527.897 -452.666 32.611 0.212420 0.254166
V -497.897 -452.666 32.254 0.226187 0.254055
V -467.897 -452.666 32.242 0.239953 0.253945
V -437.897 -452.666 34.301 0.253720 0.253834
V -407.897 -452.666 38.384 0.267486 0.253724
V -377.897 -452.666 41.779 0.281252 0.253613
V -347.897 -452.666 36.732 0.295019 0.253503
V -317.897 -452.666 26.472 0.308785 0.253392
V -287.897 -452.666 18.584 0.322552 0.253281
V -257.897 -452.666 13.222 0.336318 0.253171
V -227.897 -452.666 7.653 0.350085 0.253060
V -197.897 -452.666 5.596 0.363851 0.252949
V -167.897 -452.666 6.799 0.377618 0.252838
V -137.897 -452.666 7.305 0.391384 0.252727
V -107.897 -452.666 8.274 0.405151 0.252616
V -77.897 -452.666 10.353 0.418917 0.252505
V -47.897 -452.666 11.065 0.432684 0.252394
V -17.897 -452.666 10.821 0.446450 0.252283
V 12.103 -452.666 14.287 0.460216 0.252172
V 42.103 -452.666 21.855 0.473983 0.252060
V 72.103 -452.666 29.030 0.487749 0.251949
V 102.103 -452.666 33.249 0.501516 0.251838
V 132.103 -452.666 31.220 0.515282 0.251726
V 162.103 -452.666 27.192 0.529049 0.251615
V 192.103 -452.666 24.013 0.542815 0.251503
V 222.103 -452.666 20.372 0.556582 0.251392
V 252.103 -452.666 22.547 0.570348 0.251280
V 282.103 -452.666 28.879 0.584114 0.251169
V 312.103 -452.666 35.743 0.597881 0.251057
V 342.103 -452.666 42.066 0.611647 0.250945
V 372.103 -452.666 43.484 0.625414 0.250833
V 402.103 -452.666 39.377 0.639180 0.250722
V 432.103 -452.666 35.933 0.652947 0.250610
V 462.103 -452.666 36.571 0.666713 0.250498
V 492.103 -452.666 46.629 0.680479 0.250386
V 522.103 -452.666 58.734 0.694246 0.250274
V 552.103 -452.666 72.130 0.708012 0.250162
V 582.103 -452.666 80.172 0.721779 0.250049
V 612.103 -452.666 80.159 0.735545 0.249937
V 642.103 -452.666 86.768 0.749311 0.249825
V 672.103 -452.666 96.010 0.763078 0.249713
V 702.103 -452.666 100.727 0.776844 0.249600
V 732.103 -452.666 101.148 0.790611 0.249488
V 762.103 -452.666 95.920 0.804377 0.249375
V 792.103 -452.666 89.478 0.818144 0.249263
V 822.103 -452.666 95.900 0.831910 0.249150
V 852.103 -452.666 105.302 0.845676 0.249038
V 882.103 -452.666 112.440 0.859443 0.248925
V 912.103 -452.666 119.364 0.873209 0.248812
V 942.103 -452.666 122.819 0.886976 0.248700
V 972.103 -452.666 115.743 0.900742 0.248587
V 1002.103 -452.666 106.082 0.914508 0.248474
V 1032.103 -452.666 98.016 0.928275 0.248361
V 1062.103 -452.666 91.755 0.942041 0.248248
V -917.897 -422.666 77.434 0.033565 0.269420
V -887.897 -422.666 84.447 0.047332 0.269310
V -857.897 -422.666 87.118 0.061098 0.269201
V -827.897 -422.666 86.916 0.074865 0.269091
V -797.897 -422.666 80.096 0.088631 0.268981
V -767.897 -422.666 70.778 0.102398 0.268871
V -737.897 -422.666 60.208 0.116164 0.268761
V -707.897 -422.666 50.982 0.129931 0.268651
V -677.897 -422.666 46.816 0.143697 0.268541
V -647.897 -422.666 46.802 0.157464 0.268431
V -617.897 -422.666 46.984 0.171230 0.268321
V -587.897 -422.666 44.266 0.184997 0.268211
V -557.897 -422.666 42.655 0.198763 0.268101
V -527.897 -422.666 42.336 0.212530 0.267990
V -497.897 -422.666 41.683 0.226297 0.267880
V -467.897 -422.666 42.470 0.240063 0.267769
V -437.897 -422.666 45.918 0.253830 0.267659
V -407.897 -422.666 50.267 0.267596 0.267549
V -377.897 -422.666 48.131 0.281363 0.267438
V -347.897 -422.666 37.657 0.295129 0.267327
V -317.897 -422.666 25.664 0.308896 0.267217
V -287.897 -422.666 18.951 0.322662 0.267106
V -257.897 -422.666 15.396 0.336429 0.266995
V -227.897 -422.666 10.809 0.350195 0.266884
V -197.897 -422.666 6.482 0.363962 0.266774
V -167.897 -422.666 5.132 0.377728 0.266663
V -137.897 -422.666 5.127 0.391495 0.266552
V -107.897 -422.666 5.697 0.405261 0.266441
V -77.897 -422.666 7.878 0.419028 0.266330
V -47.897 -422.666 9.688 0.432794 0.266219
V -17.897 -422.666 10.665 0.446561 0.266107
V 12.103 -422.666 12.972 0.460327 0.265996
V 42.103 -422.666 19.159 0.474094 0.265885
V 72.103 -422.666 25.346 0.487860 0.265774
V 102.103 -422.666 30.558 0.501627 0.265662
V 132.103 -422.666 31.357 0.515393 0.265551
V 162.103 -422.666 26.789 0.529160 0.265439
V 192.103 -422.666 22.655 0.542926 0.265328
V 222.103 -422.666 18.387 0.556693 0.265216
V 252.103 -422.666 19.231 0.570459 0.265105
V 282.103 -422.666 26.076 0.584226 0.264993
V 312.103 -422.666 31.889 0.597992 0.264881
V 342.103 -422.666 35.102 0.611759 0.264770
V 372.103 -422.666 35.014 0.625525 0.264658
V 402.103 -422.666 32.709 0.639292 0.264546
V 432.103 -422.666 30.863 0.653058 0.264434
V 462.103 -422.666 34.666 0.666824 0.264322
V 492.103 -422.666 47.361 0.680591 0.264210
V 522.103 -422.666 60.176 0.694357 0.264098
V 552.103 -422.666 71.862 0.708124 0.263986
V 582.103 -422.666 76.849 0.721890 0.263874
V 612.103 -422.666 78.028 0.735657 0.263762
V 642.103 -422.666 86.390 0.749423 0.263649
V 672.103 -422.666 94.575 0.763190 0.263537
V 702.103 -422.666 95.225 0.776956 0.263425
V 732.103 -422.666 93.966 0.790723 0.263312
V 762.103 -422.666 88.995 0.804489 0.263200
V 792.103 -422.666 83.171 0.818256 0.263087
V 822.103 -422.666 89.321 0.832022 0.262975
V 852.103 -422.666 95.059 0.845789 0.262862
V 882.103 -422.666 100.749 0.859555 0.262749
V 912.103 -422.666 110.415 0.873321 0.262637
V 942.103 -422.666 115.748 0.887088 0.262524
V 972.103 -422.666 112.696 0.900854 0.262411
V 1002.103 -422.666 104.226 0.914621 0.262298
V 1032.103 -422.666 94.838 0.928387 0.262185
V 1062.103 -422.666 87.661 0.942154 0.262072
V -917.897 -392.666 89.829 0.033674 0.283245
V -887.897 -392.666 98.047 0.047441 0.283135
V -857.897 -392.666 100.844 0.061207 0.283025
V -827.897 -392.666 94.437 0.074974 0.282916
V -797.897 -392.666 81.689 0.088741 0.282806
V -767.897 -392.666 67.920 0.102507 0.282696
V -737.897 -392.666 58.666 0.116274 0.282586
V -707.897 -392.666 55.640 0.130040 0.282476
V -677.897 -392.666 55.828 0.143807 0.282366
V -647.897 -392.666 58.072 0.157574 0.282256
V -617.897 -392.666 57.657 0.171340 0.282146
V -587.897 -392.666 53.761 0.185107 0.282035
V -557.897 -392.666 53.842 0.198873 0.281925
V -527.897 -392.666 55.226 0.212640 0.281815
V -497.897 -392.666 54.477 0.226406 0.281704
V -467.897 -392.666 55.181 0.240173 0.281594
V -437.897 -392.666 57.546 0.253940 0.281484
V -407.897 -392.666 57.551 0.267706 0.281373
V -377.897 -392.666 47.982 0.281473 0.281263
V -347.897 -392.666 34.679 0.295239 0.281152
V -317.897 -392.666 24.310 0.309006 0.281041
V -287.897 -392.666 20.499 0.322772 0.280931
V -257.897 -392.666 19.651 0.336539 0.280820
V -227.897 -392.666 17.247 0.350306 0.280709
V -197.897 -392.666 12.059 0.364072 0.280598
V -167.897 -392.666 6.670 0.377839 0.280487
V -137.897 -392.666 4.050 0.391605 0.280376
V -107.897 -392.666 3.753 0.405372 0.280265
V -77.897 -392.666 5.161 0.419138 0.280154
V -47.897 -392.666 6.849 0.432905 0.280043
V -17.897 -392.666 9.085 0.446671 0.279932
V 12.103 -392.666 10.806 0.460438 0.279821
V 42.103 -392.666 14.204 0.474204 0.279710
V 72.103 -392.666 19.561 0.487971 0.279598
V 102.103 -392.666 25.967 0.501738 0.279487
V 132.103 -392.666 30.558 0.515504 0.279375
V 162.103 -392.666 27.679 0.529271 0.279264
V 192.103 -392.666 21.971 0.543037 0.279153
V 222.103 -392.666 16.617 0.556804 0.279041
V 252.103 -392.666 15.986 0.570570 0.278929
V 282.103 -392.666 21.477 0.584337 0.278818
V 312.103 -392.666 25.496 0.598103 0.278706
V 342.103 -392.666 27.531 0.611870 0.278594
V 372.103 -392.666 27.972 0.625636 0.278482
V 402.103 -392.666 27.158 0.639403 0.278371
V 432.103 -392.666 26.651 0.653169 0.278259
V 462.103 -392.666 33.314 0.666936 0.278147
V 492.103 -392.666 46.062 0.680703 0.278035
V 522.103 -392.666 58.437 0.694469 0.277923
V 552.103 -392.666 69.563 0.708236 0.277811
V 582.103 -392.666 72.612 0.722002 0.277698
V 612.103 -392.666 74.761 0.735769 0.277586
V 642.103 -392.666 83.930 0.749535 0.277474
V 672.103 -392.666 89.249 0.763302 0.277362
V 702.103 -392.666 86.838 0.777068 0.277249
V 732.103 -392.666 88.976 0.790835 0.277137
V 762.103 -392.666 85.453 0.804601 0.277024
V 792.103 -392.666 77.529 0.818368 0.276912
V 822.103 -392.666 81.397 0.832134 0.276799
V 852.103 -392.666 88.145 0.845901 0.276687
V 882.103 -392.666 97.001 0.859667 0.276574
V 912.103 -392.666 104.913 0.873434 0.276461
V 942.103 -392.666 104.445 0.887200 0.276349
V 972.103 -392.666 105.421 0.900967 0.276236
V 1002.103 -392.666 102.196 0.914733 0.276123
V 1032.103 -392.666 94.471 0.928500 0.276010
V 1062.103 -392.666 89.340 0.942266 0.275897
V -917.897 -362.666 103.286 0.033784 0.297069
V -887.897 -362.666 109.866 0.047550 0.296960
V -857.897 -362.666 107.469 0.061317 0.296850
V -827.897 -362.666 95.098 0.075083 0.296740
V -797.897 -362.666 79.572 0.088850 0.296630
V -767.897 -362.666 67.080 0.102617 0.296520
V -737.897 -362.666 65.905 0.116383 0.296410
V -707.897 -362.666 68.877 0.130150 0.296300
V -677.897 -362.666 70.271 0.143917 0.296190
V -647.897 -362.666 72.275 0.157683 0.296080
V -617.897 -362.666 70.059 0.171450 0.295970
V -587.897 -362.666 65.521 0.185216 0.295860
V -557.897 -362.666 66.744 0.198983 0.295750
V -527.897 -362.666 69.537 0.212750 0.295639
V -497.897 -362.666 68.825 0.226516 0.295529
V -467.897 -362.666 67.979 0.240283 0.295419
V -437.897 -362.666 65.531 0.254050 0.295308
V -407.897 -362.666 56.810 0.267816 0.295198
V -377.897 -362.666 43.019 0.281583 0.295087
V -347.897 -362.666 31.497 0.295349 0.294977
V -317.897 -362.666 26.515 0.309116 0.294866
V -287.897 -362.666 27.351 0.322883 0.294755
V -257.897 -362.666 29.929 0.336649 0.294644
V -227.897 -362.666 27.866 0.350416 0.294534
V -197.897 -362.666 20.944 0.364183 0.294423
V -167.897 -362.666 13.241 0.377949 0.294312
V -137.897 -362.666 6.303 0.391716 0.294201
V -107.897 -362.666 2.958 0.405482 0.294090
V -77.897 -362.666 2.689 0.419249 0.293979
V -47.897 -362.666 3.595 0.433016 0.293868
V -17.897 -362.666 6.214 0.446782 0.293757
V 12.103 -362.666 8.368 0.460549 0.293645
V 42.103 -362.666 10.154 0.474315 0.293534
V 72.103 -362.666 14.540 0.488082 0.293423
V 102.103 -362.666 20.781 0.501848 0.293311
V 132.103 -362.666 27.065 0.515615 0.293200
V 162.103 -362.666 27.137 0.529382 0.293089
V 192.103 -362.666 20.299 0.543148 0.292977
V 222.103 -362.666 14.854 0.556915 0.292866
V 252.103 -362.666 13.631 0.570681 0.292754
V 282.103 -362.666 17.137 0.584448 0.292642
V 312.103 -362.666 20.480 0.598215 0.292531
V 342.103 -362.666 21.853 0.611981 0.292419
V 372.103 -362.666 23.074 0.625748 0.292307
V 402.103 -362.666 22.983 0.639514 0.292195
V 432.103 -362.666 25.012 0.653281 0.292083
V 462.103 -362.666 32.417 0.667047 0.291971
V 492.103 -362.666 42.617 0.680814 0.291859
V 522.103 -362.666 51.811 0.694581 0.291747
V 552.103 -362.666 60.196 0.708347 0.291635
V 582.103 -362.666 64.460 0.722114 0.291523
V 612.103 -362.666 70.196 0.735880 0.291411
V 642.103 -362.666 79.647 0.749647 0.291298
V 672.103 -362.666 80.881 0.763413 0.291186
V 702.103 -362.666 80.203 0.777180 0.291074
V 732.103 -362.666 85.623 0.790947 0.290961
V 762.103 -362.666 80.829 0.804713 0.290849
V 792.103 -362.666 72.366 0.818480 0.290736
V 822.103 -362.666 79.071 0.832246 0.290624
V 852.103 -362.666 88.687 0.846013 0.290511
V 882.103 -362.666 97.242 0.859779 0.290399
V 912.103 -362.666 99.449 0.873546 0.290286
V 942.103 -362.666 94.327 0.887312 0.290173
V 972.103 -362.666 98.121 0.901079 0.290060
V 1002.103 -362.666 98.402 0.914846 0.289947
V 1032.103 -362.666 91.276 0.928612 0.289834
V 1062.103 -362.666 86.604 0.942379 0.289722
V -917.897 -332.666 112.637 0.033893 0.310894
V -887.897 -332.666 112.952 0.047659 0.310784
V -857.897 -332.666 103.467 0.061426 0.310675
V -827.897 -332.666 89.827 0.075193 0.310565
V -797.897 -332.666 77.417 0.088959 0.310455
V -767.897 -332.666 72.841 0.102726 0.310345
V -737.897 -332.666 79.173 0.116493 0.310235
V -707.897 -332.666 85.469 0.130260 0.310125
V -677.897 -332.666 86.803 0.144026 0.310015
V -647.897 -332.666 87.531 0.157793 0.309905
V -617.897 -332.666 83.806 0.171560 0.309795
V -587.897 -332.666 79.222 0.185326 0.309685
V -557.897 -332.666 80.580 0.199093 0.309574
V -527.897 -332.666 84.462 0.212860 0.309464
V -497.897 -332.666 82.105 0.226626 0.309354
V -467.897 -332.666 76.057 0.240393 0.309243
V -437.897 -332.666 66.328 0.254160 0.309133
V -407.897 -332.666 52.114 0.267926 0.309022
V -377.897 -332.666 39.030 0.281693 0.308912
V -347.897 -332.666 34.090 0.295460 0.308801
V -317.897 -332.666 35.796 0.309226 0.308691
V -287.897 -332.666 39.216 0.322993 0.308580
V -257.897 -332.666 42.755 0.336760 0.308469
V -227.897 -332.666 39.519 0.350526 0.308358
V -197.897 -332.666 31.188 0.364293 0.308247
V -167.897 -332.666 23.203 0.378060 0.308137
V -137.897 -332.666 13.738 0.391826 0.308026
V -107.897 -332.666 5.486 0.405593 0.307915
V -77.897 -332.666 2.174 0.419360 0.307804
V -47.897 -332.666 1.894 0.433126 0.307692
V -17.897 -332.666 3.773 0.446893 0.307581
V 12.103 -332.666 6.121 0.460659 0.307470
V 42.103 -332.666 7.677 0.474426 0.307359
V 72.103 -332.666 10.526 0.488193 0.307247
V 102.103 -332.666 15.955 0.501959 0.307136
V 132.103 -332.666 21.494 0.515726 0.307025
V 162.103 -332.666 22.707 0.529493 0.306913
V 192.103 -332.666 17.795 0.543259 0.306802
V 222.103 -332.666 13.573 0.557026 0.306690
V 252.103 -332.666 11.615 0.570793 0.306579
V 282.103 -332.666 14.119 0.584559 0.306467
V 312.103 -332.666 18.317 0.598326 0.306355
V 342.103 -332.666 20.862 0.612093 0.306243
V 372.103 -332.666 20.581 0.625859 0.306132
V 402.103 -332.666 20.284 0.639626 0.306020
V 432.103 -332.666 23.821 0.653392 0.305908
V 462.103 -332.666 29.768 0.667159 0.305796
V 492.103 -332.666 37.597 0.680926 0.305684
V 522.103 -332.666 44.500 0.694692 0.305572
V 552.103 -332.666 48.781 0.708459 0.305460
V 582.103 -332.666 53.577 0.722225 0.305348
V 612.103 -332.666 63.002 0.735992 0.305235
V 642.103 -332.666 71.363 0.749759 0.305123
V 672.103 -332.666 70.349 0.763525 0.305011
V 702.103 -332.666 75.592 0.777292 0.304898
V 732.103 -332.666 79.757 0.791059 0.304786
V 762.103 -332.666 72.319 0.804825 0.304674
V 792.103 -332.666 66.929 0.818592 0.304561
V 822.103 -332.666 74.847 0.832358 0.304448
V 852.103 -332.666 84.617 0.846125 0.304336
V 882.103 -332.666 92.362 0.859892 0.304223
V 912.103 -332.666 91.680 0.873658 0.304110
V 942.103 -332.666 86.618 0.887425 0.303998
V 972.103 -332.666 91.999 0.901191 0.303885
V 1002.103 -332.666 95.675 0.914958 0.303772
V 1032.103 -332.666 92.380 0.928725 0.303659
V 1062.103 -332.666 83.724 0.942491 0.303546
V -917.897 -302.666 111.017 0.034002 0.324719
V -887.897 -302.666 105.340 0.047769 0.324609
V -857.897 -302.666 93.916 0.061535 0.324499
V -827.897 -302.666 84.196 0.075302 0.324390
V -797.897 -302.666 81.296 0.089069 0.324280
V -767.897 -302.666 84.369 0.102836 0.324170
V -737.897 -302.666 93.250 0.116602 0.324060
V -707.897 -302.666 101.913 0.130369 0.323950
V -677.897 -302.666 103.397 0.144136 0.323840
V -647.897 -302.666 103.076 0.157903 0.323730
V -617.897 -302.666 98.475 0.171669 0.323620
V -587.897 -302.666 94.318 0.185436 0.323509
V -557.897 -302.666 94.508 0.199203 0.323399
V -527.897 -302.666 95.574 0.212969 0.323289
V -497.897 -302.666 87.838 0.226736 0.323178
V -467.897 -302.666 75.991 0.240503 0.323068
V -437.897 -302.666 62.989 0.254270 0.322958
V -407.897 -302.666 50.066 0.268036 0.322847
V -377.897 -302.666 40.621 0.281803 0.322737
V -347.897 -302.666 42.590 0.295570 0.322626
V -317.897 -302.666 49.280 0.309336 0.322515
V -287.897 -302.666 53.898 0.323103 0.322405
V -257.897 -302.666 56.668 0.336870 0.322294
V -227.897 -302.666 52.301 0.350637 0.322183
V -197.897 -302.666 43.607 0.364403 0.322072
V -167.897 -302.666 35.584 0.378170 0.321961
V -137.897 -302.666 24.031 0.391937 0.321850
V -107.897 -302.666 12.091 0.405703 0.321739
V -77.897 -302.666 4.315 0.419470 0.321628
V -47.897 -302.666 1.373 0.433237 0.321517
V -17.897 -302.666 2.162 0.447004 0.321406
V 12.103 -302.666 3.898 0.460770 0.321295
V 42.103 -302.666 6.185 0.474537 0.321183
V 72.103 -302.666 7.837 0.488304 0.321072
V 102.103 -302.666 12.174 0.502070 0.320961
V 132.103 -302.666 18.435 0.515837 0.320849
V 162.103 -302.666 18.791 0.529604 0.320738
V 192.103 -302.666 15.833 0.543370 0.320626
V 222.103 -302.666 12.557 0.557137 0.320515
V 252.103 -302.666 10.032 0.570904 0.320403
V 282.103 -302.666 10.871 0.584670 0.320292
V 312.103 -302.666 16.182 0.598437 0.320180
V 342.103 -302.666 21.690 0.612204 0.320068
V 372.103 -302.666 20.456 0.625970 0.319956
V 402.103 -302.666 17.977 0.639737 0.319844
V 432.103 -302.666 21.647 0.653504 0.319733
V 462.103 -302.666 26.034 0.667271 0.319621
V 492.103 -302.666 31.020 0.681037 0.319509
V 522.103 -302.666 34.742 0.694804 0.319397
V 552.103 -302.666 36.431 0.708571 0.319284
V 582.103 -302.666 44.541 0.722337 0.319172
V 612.103 -302.666 54.860 0.736104 0.319060
V 642.103 -302.666 61.345 0.749871 0.318948
V 672.103 -302.666 61.405 0.763637 0.318835
V 702.103 -302.666 69.052 0.777404 0.318723
V 732.103 -302.666 70.730 0.791171 0.318611
V 762.103 -302.666 63.489 0.804937 0.318498
V 792.103 -302.666 65.745 0.818704 0.318386
V 822.103 -302.666 77.434 0.832471 0.318273
V 852.103 -302.666 86.379 0.846237 0.318161
V 882.103 -302.666 89.833 0.860004 0.318048
V 912.103 -302.666 85.208 0.873770 0.317935
V 942.103 -302.666 80.435 0.887537 0.317822
V 972.103 -302.666 85.144 0.901304 0.317710
V 1002.103 -302.666 89.972 0.915070 0.317597
V 1032.103 -302.666 91.962 0.928837 0.317484
V 1062.103 -302.666 84.483 0.942604 0.317371
V -917.897 -272.666 101.228 0.034111 0.338544
V -887.897 -272.666 95.254 0.047878 0.338434
V -857.897 -272.666 88.967 0.061645 0.338324
V -827.897 -272.666 88.289 0.075412 0.338214
V -797.897 -272.666 93.771 0.089178 0.338105
V -767.897 -272.666 99.654 0.102945 0.337995
V -737.897 -272.666 107.777 0.116712 0.337885
V -707.897 -272.666 117.082 0.130479 0.337775
V -677.897 -272.666 120.075 0.144245 0.337665
V -647.897 -272.666 118.910 0.158012 0.337555
V -617.897 -272.666 113.742 0.171779 0.337444
V -587.897 -272.666 109.167 0.185546 0.337334
V -557.897 -272.666 105.251 0.199313 0.337224
V -527.897 -272.666 98.478 0.213079 0.337114
V -497.897 -272.666 87.273 0.226846 0.337003
V -467.897 -272.666 76.002 0.240613 0.336893
V -437.897 -272.666 64.969 0.254380 0.336782
V -407.897 -272.666 53.754 0.268146 0.336672
V -377.897 -272.666 48.056 0.281913 0.336561
V -347.897 -272.666 53.090 0.295680 0.336451
V -317.897 -272.666 62.242 0.309447 0.336340
V -287.897 -272.666 69.466 0.323213 0.336229
V -257.897 -272.666 71.327 0.336980 0.336119
V -227.897 -272.666 65.866 0.350747 0.336008
V -197.897 -272.666 57.681 0.364514 0.335897
V -167.897 -272.666 48.206 0.378281 0.335786
V -137.897 -272.666 34.269 0.392047 0.335675
V -107.897 -272.666 20.621 0.405814 0.335564
V -77.897 -272.666 9.767 0.419581 0.335453
V -47.897 -272.666 2.665 0.433348 0.335342
V -17.897 -272.666 0.750 0.447114 0.335231
V 12.103 -272.666 2.154 0.460881 0.335120
V 42.103 -272.666 4.013 0.474648 0.335008
V 72.103 -272.666 4.388 0.488415 0.334897
V 102.103 -272.666 7.782 0.502181 0.334786
V 132.103 -272.666 16.604 0.515948 0.334674
V 162.103 -272.666 17.484 0.529715 0.334563
V 192.103 -272.666 13.822 0.543481 0.334451
V 222.103 -272.666 10.698 0.557248 0.334340
V 252.103 -272.666 8.042 0.571015 0.334228
V 282.103 -272.666 8.017 0.584782 0.334116
V 312.103 -272.666 14.644 0.598548 0.334005
V 342.103 -272.666 21.327 0.612315 0.333893
V 372.103 -272.666 19.774 0.626082 0.333781
V 402.103 -272.666 15.798 0.639849 0.333669
V 432.103 -272.666 19.967 0.653615 0.333557
V 462.103 -272.666 23.697 0.667382 0.333445
V 492.103 -272.666 23.586 0.681149 0.333333
V 522.103 -272.666 22.443 0.694915 0.333221
V 552.103 -272.666 27.195 0.708682 0.333109
V 582.103 -272.666 36.643 0.722449 0.332997
V 612.103 -272.666 44.101 0.736216 0.332885
V 642.103 -272.666 48.760 0.749982 0.332772
V 672.103 -272.666 52.648 0.763749 0.332660
V 702.103 -272.666 60.907 0.777516 0.332548
V 732.103 -272.666 61.329 0.791283 0.332435
V 762.103 -272.666 58.625 0.805049 0.332323
V 792.103 -272.666 66.802 0.818816 0.332210
V 822.103 -272.666 78.447 0.832583 0.332098
V 852.103 -272.666 83.771 0.846349 0.331985
V 882.103 -272.666 83.239 0.860116 0.331873
V 912.103 -272.666 78.180 0.873883 0.331760
V 942.103 -272.666 74.933 0.887649 0.331647
V 972.103 -272.666 79.340 0.901416 0.331534
V 1002.103 -272.666 81.655 0.915183 0.331421
V 1032.103 -272.666 85.255 0.928950 0.331308
V 1062.103 -272.666 84.750 0.942716 0.331195
V -917.897 -242.666 99.166 0.034220 0.352369
V -887.897 -242.666 96.696 0.047987 0.352259
V -857.897 -242.666 93.999 0.061754 0.352149
V -827.897 -242.666 99.641 0.075521 0.352039
V -797.897 -242.666 109.094 0.089288 0.351929
V -767.897 -242.666 115.864 0.103055 0.351819
V -737.897 -242.666 122.792 0.116821 0.351710
V -707.897 -242.666 131.956 0.130588 0.351600
V -677.897 -242.666 136.865 0.144355 0.351489
V -647.897 -242.666 133.904 0.158122 0.351379
V -617.897 -242.666 127.038 0.171889 0.351269
V -587.897 -242.666 118.763 0.185656 0.351159
V -557.897 -242.666 108.335 0.199422 0.351049
V -527.897 -242.666 97.667 0.213189 0.350938
V -497.897 -242.666 91.903 0.226956 0.350828
V -467.897 -242.666 84.525 0.240723 0.350718
V -437.897 -242.666 73.617 0.254490 0.350607
V -407.897 -242.666 62.345 0.268256 0.350497
V -377.897 -242.666 59.927 0.282023 0.350386
V -347.897 -242.666 65.246 0.295790 0.350276
V -317.897 -242.666 73.681 0.309557 0.350165
V -287.897 -242.666 83.308 0.323324 0.350054
V -257.897 -242.666 85.767 0.337091 0.349943
V -227.897 -242.666 78.185 0.350857 0.349833
V -197.897 -242.666 68.145 0.364624 0.349722
V -167.897 -242.666 55.424 0.378391 0.349611
V -137.897 -242.666 40.254 0.392158 0.349500
V -107.897 -242.666 26.483 0.405925 0.349389
V -77.897 -242.666 14.637 0.419691 0.349278
V -47.897 -242.666 5.277 0.433458 0.349167
V -17.897 -242.666 0.603 0.447225 0.349056
V 12.103 -242.666 1.165 0.460992 0.348944
V 42.103 -242.666 1.849 0.474759 0.348833
V 72.103 -242.666 1.634 0.488525 0.348722
V 102.103 -242.666 3.874 0.502292 0.348610
V 132.103 -242.666 13.074 0.516059 0.348499
V 162.103 -242.666 16.205 0.529826 0.348387
V 192.103 -242.666 11.809 0.543593 0.348276
V 222.103 -242.666 8.585 0.557359 0.348164
V 252.103 -242.666 6.521 0.571126 0.348053
V 282.103 -242.666 6.312 0.584893 0.347941
V 312.103 -242.666 13.926 0.598660 0.347829
V 342.103 -242.666 20.443 0.612426 0.347718
V 372.103 -242.666 17.870 0.626193 0.347606
V 402.103 -242.666 13.613 0.639960 0.347494
V 432.103 -242.666 17.191 0.653727 0.347382
V 462.103 -242.666 19.505 0.667494 0.347270
V 492.103 -242.666 16.912 0.681260 0.347158
V 522.103 -242.666 15.281 0.695027 0.347046
V 552.103 -242.666 19.736 0.708794 0.346934
V 582.103 -242.666 26.256 0.722561 0.346822
V 612.103 -242.666 32.113 0.736327 0.346710
V 642.103 -242.666 35.855 0.750094 0.346597
V 672.103 -242.666 40.511 0.763861 0.346485
V 702.103 -242.666 48.005 0.777628 0.346373
V 732.103 -242.666 50.586 0.791394 0.346260
V 762.103 -242.666 55.866 0.805161 0.346148
V 792.103 -242.666 68.739 0.818928 0.346035
V 822.103 -242.666 79.343 0.832695 0.345923
V 852.103 -242.666 78.699 0.846462 0.345810
V 882.103 -242.666 75.246 0.860228 0.345697
V 912.103 -242.666 72.006 0.873995 0.345585
V 942.103 -242.666 71.143 0.887762 0.345472
V 972.103 -242.666 75.602 0.901529 0.345359
V 1002.103 -242.666 73.679 0.915295 0.345246
V 1032.103 -242.666 74.301 0.929062 0.345133
V 1062.103 -242.666 75.823 0.942829 0.345020
V -917.897 -212.666 109.982 0.034330 0.366193
V -887.897 -212.666 108.774 0.048096 0.366084
V -857.897 -212.666 104.012 0.061863 0.365974
V -827.897 -212.666 109.861 0.075630 0.365864
V -797.897 -212.666 122.130 0.089397 0.365754
V -767.897 -212.666 131.576 0.103164 0.365644
V -737.897 -212.666 138.177 0.116931 0.365534
V -707.897 -212.666 145.679 0.130698 0.365424
V -677.897 -212.666 148.192 0.144465 0.365314
V -647.897 -212.666 141.463 0.158232 0.365204
V -617.897 -212.666 131.493 0.171998 0.365094
V -587.897 -212.666 119.056 0.185765 0.364984
V -557.897 -212.666 106.392 0.199532 0.364874
V -527.897 -212.666 100.747 0.213299 0.364763
V -497.897 -212.666 101.963 0.227066 0.364653
V -467.897 -212.666 94.864 0.240833 0.364543
V -437.897 -212.666 81.552 0.254600 0.364432
V -407.897 -212.666 73.354 0.268367 0.364322
V -377.897 -212.666 74.509 0.282133 0.364211
V -347.897 -212.666 78.981 0.295900 0.364100
V -317.897 -212.666 85.143 0.309667 0.363990
V -287.897 -212.666 93.529 0.323434 0.363879
V -257.897 -212.666 95.248 0.337201 0.363768
V -227.897 -212.666 83.339 0.350968 0.363657
V -197.897 -212.666 68.696 0.364735 0.363547
V -167.897 -212.666 53.177 0.378501 0.363436
V -137.897 -212.666 38.324 0.392268 0.363325
V -107.897 -212.666 25.633 0.406035 0.363214
V -77.897 -212.666 14.747 0.419802 0.363103
V -47.897 -212.666 6.305 0.433569 0.362992
V -17.897 -212.666 2.028 0.447336 0.362880
V 12.103 -212.666 1.315 0.461103 0.362769
V 42.103 -212.666 1.558 0.474869 0.362658
V 72.103 -212.666 1.021 0.488636 0.362547
V 102.103 -212.666 1.735 0.502403 0.362435
V 132.103 -212.666 9.359 0.516170 0.362324
V 162.103 -212.666 14.775 0.529937 0.362212
V 192.103 -212.666 9.925 0.543704 0.362101
V 222.103 -212.666 6.539 0.557470 0.361989
V 252.103 -212.666 5.016 0.571237 0.361878
V 282.103 -212.666 5.875 0.585004 0.361766
V 312.103 -212.666 12.559 0.598771 0.361654
V 342.103 -212.666 19.310 0.612538 0.361542
V 372.103 -212.666 15.782 0.626305 0.361431
V 402.103 -212.666 9.186 0.640071 0.361319
V 432.103 -212.666 11.350 0.653838 0.361207
V 462.103 -212.666 12.554 0.667605 0.361095
V 492.103 -212.666 12.045 0.681372 0.360983
V 522.103 -212.666 13.353 0.695139 0.360871
V 552.103 -212.666 17.448 0.708906 0.360759
V 582.103 -212.666 22.255 0.722672 0.360647
V 612.103 -212.666 26.567 0.736439 0.360534
V 642.103 -212.666 29.240 0.750206 0.360422
V 672.103 -212.666 32.338 0.763973 0.360310
V 702.103 -212.666 36.641 0.777740 0.360197
V 732.103 -212.666 42.592 0.791506 0.360085
V 762.103 -212.666 51.912 0.805273 0.359972
V 792.103 -212.666 63.469 0.819040 0.359860
V 822.103 -212.666 73.939 0.832807 0.359747
V 852.103 -212.666 73.909 0.846574 0.359635
V 882.103 -212.666 69.329 0.860340 0.359522
V 912.103 -212.666 67.048 0.874107 0.359409
V 942.103 -212.666 66.375 0.887874 0.359297
V 972.103 -212.666 69.980 0.901641 0.359184
V 1002.103 -212.666 68.291 0.915408 0.359071
V 1032.103 -212.666 65.906 0.929174 0.358958
V 1062.103 -212.666 66.368 0.942941 0.358845
V -917.897 -182.666 124.945 0.034439 0.380018
V -887.897 -182.666 121.887 0.048206 0.379909
V -857.897 -182.666 114.033 0.061973 0.379799
V -827.897 -182.666 116.481 0.075740 0.379689
V -797.897 -182.666 129.957 0.089507 0.379579
V -767.897 -182.666 143.397 0.103274 0.379469
V -737.897 -182.666 152.401 0.117040 0.379359
V -707.897 -182.666 155.624 0.130807 0.379249
V -677.897 -182.666 150.247 0.144574 0.379139
V -647.897 -182.666 138.960 0.158341 0.379029
V -617.897 -182.666 126.721 0.172108 0.378919
V -587.897 -182.666 115.475 0.185875 0.378809
V -557.897 -182.666 107.934 0.199642 0.378699
V -527.897 -182.666 107.698 0.213409 0.378588
V -497.897 -182.666 108.847 0.227176 0.378478
V -467.897 -182.666 99.435 0.240943 0.378367
V -437.897 -182.666 87.400 0.254710 0.378257
V -407.897 -182.666 86.659 0.268477 0.378147
V -377.897 -182.666 90.429 0.282244 0.378036
V -347.897 -182.666 93.675 0.296010 0.377925
V -317.897 -182.666 97.377 0.309777 0.377815
V -287.897 -182.666 100.549 0.323544 0.377704
V -257.897 -182.666 95.698 0.337311 0.377593
V -227.897 -182.666 80.656 0.351078 0.377482
V -197.897 -182.666 64.556 0.364845 0.377372
V 342.103 -182.666 16.484 0.612649 0.375367
V 372.103 -182.666 15.050 0.626416 0.375256
V 402.103 -182.666 6.942 0.640183 0.375144
V 432.103 -182.666 6.519 0.653950 0.375032
V 462.103 -182.666 8.269 0.667717 0.374920
V 492.103 -182.666 13.198 0.681483 0.374808
V 522.103 -182.666 16.715 0.695250 0.374696
V 552.103 -182.666 23.601 0.709017 0.374584
V 582.103 -182.666 29.925 0.722784 0.374471
V 612.103 -182.666 34.603 0.736551 0.374359
V 642.103 -182.666 37.295 0.750318 0.374247
V 672.103 -182.666 39.408 0.764085 0.374135
V 702.103 -182.666 43.385 0.777852 0.374022
V 732.103 -182.666 48.932 0.791618 0.373910
V 762.103 -182.666 57.432 0.805385 0.373797
V 792.103 -182.666 66.464 0.819152 0.373685
V 822.103 -182.666 73.640 0.832919 0.373572
V 852.103 -182.666 72.848 0.846686 0.373460
V 882.103 -182.666 68.134 0.860453 0.373347
V 912.103 -182.666 64.411 0.874220 0.373234
V 942.103 -182.666 62.416 0.887986 0.373121
V 972.103 -182.666 62.725 0.901753 0.373009
V 1002.103 -182.666 62.668 0.915520 0.372896
V 1032.103 -182.666 61.627 0.929287 0.372783
V 1062.103 -182.666 62.481 0.943054 0.372670
V -917.897 -152.666 136.622 0.034548 0.393843
V -887.897 -152.666 133.241 0.048315 0.393734
V -857.897 -152.666 123.851 0.062082 0.393624
V -827.897 -152.666 120.305 0.075849 0.393514
V -797.897 -152.666 132.434 0.089616 0.393404
V -767.897 -152.666 148.010 0.103383 0.393294
V -737.897 -152.666 160.870 0.117150 0.393184
V -707.897 -152.666 160.722 0.130917 0.393074
V -677.897 -152.666 148.973 0.144684 0.392964
V -647.897 -152.666 135.474 0.158451 0.392854
V -617.897 -152.666 123.665 0.172218 0.392744
V -587.897 -152.666 117.583 0.185985 0.392634
V -557.897 -152.666 116.035 0.199752 0.392524
V -527.897 -152.666 116.097 0.213519 0.392413
V -497.897 -152.666 112.288 0.227286 0.392303
V -467.897 -152.666 99.938 0.241053 0.392192
V -437.897 -152.666 92.835 0.254820 0.392082
V -407.897 -152.666 99.201 0.268587 0.391971
V -377.897 -152.666 105.798 0.282354 0.391861
V -347.897 -152.666 107.543 0.296121 0.391750
V -317.897 -152.666 107.112 0.309888 0.391640
V -287.897 -152.666 101.955 0.323655 0.391529
V -257.897 -152.666 90.701 0.337422 0.391418
V -227.897 -152.666 76.769 0.351188 0.391307
V -197.897 -152.666 62.215 0.364955 0.391196
V 342.103 -152.666 12.062 0.612760 0.389192
V 372.103 -152.666 10.573 0.626527 0.389081
V 402.103 -152.666 5.316 0.640294 0.388969
V 432.103 -152.666 5.442 0.654061 0.388857
V 462.103 -152.666 9.209 0.667828 0.388745
V 492.103 -152.666 16.870 0.681595 0.388633
V 522.103 -152.666 21.818 0.695362 0.388521
V 552.103 -152.666 28.155 0.709129 0.388409
V 582.103 -152.666 35.577 0.722896 0.388296
V 612.103 -152.666 43.637 0.736663 0.388184
V 642.103 -152.666 48.776 0.750430 0.388072
V 672.103 -152.666 50.253 0.764197 0.387960
V 702.103 -152.666 52.211 0.777963 0.387847
V 732.103 -152.666 56.551 0.791730 0.387735
V 762.103 -152.666 61.535 0.805497 0.387622
V 792.103 -152.666 69.088 0.819264 0.387510
V 822.103 -152.666 75.355 0.833031 0.387397
V 852.103 -152.666 75.930 0.846798 0.387285
V 882.103 -152.666 71.928 0.860565 0.387172
V 912.103 -152.666 67.423 0.874332 0.387059
V 942.103 -152.666 62.654 0.888099 0.386946
V 972.103 -152.666 59.342 0.901866 0.386834
V 1002.103 -152.666 58.908 0.915633 0.386721
V 1032.103 -152.666 58.962 0.929399 0.386608
V 1062.103 -152.666 60.502 0.943166 0.386495
V -917.897 -122.666 144.158 0.034657 0.407668
V -887.897 -122.666 141.871 0.048424 0.407559
V -857.897 -122.666 132.455 0.062191 0.407449
V -827.897 -122.666 125.479 0.075958 0.407339
V -797.897 -122.666 133.007 0.089725 0.407229
V -767.897 -122.666 147.654 0.103492 0.407119
V -737.897 -122.666 161.048 0.117259 0.407009
V -707.897 -122.666 161.489 0.131027 0.406899
V -677.897 -122.666 149.532 0.144794 0.406789
V -647.897 -122.666 136.687 0.158561 0.406679
V -617.897 -122.666 127.563 0.172328 0.406569
V -587.897 -122.666 126.723 0.186095 0.406459
V -557.897 -122.666 126.899 0.199862 0.406349
V -527.897 -122.666 123.803 0.213629 0.406238
V -497.897 -122.666 114.998 0.227396 0.406128
V -467.897 -122.666 102.675 0.241163 0.406017
V -437.897 -122.666 98.726 0.254930 0.405907
V -407.897 -122.666 108.065 0.268697 0.405796
V -377.897 -122.666 116.649 0.282464 0.405686
V -347.897 -122.666 115.861 0.296231 0.405575
V -317.897 -122.666 107.998 0.309998 0.405465
V -287.897 -122.666 96.126 0.323765 0.405354
V -257.897 -122.666 84.275 0.337532 0.405243
V -227.897 -122.666 73.353 0.351299 0.405132
V -197.897 -122.666 63.755 0.365066 0.405021
V 342.103 -122.666 6.720 0.612872 0.403017
V 372.103 -122.666 5.410 0.626639 0.402905
V 402.103 -122.666 3.191 0.640406 0.402794
V 432.103 -122.666 4.859 0.654173 0.402682
V 462.103 -122.666 10.040 0.667940 0.402570
V 492.103 -122.666 19.789 0.681707 0.402458
V 522.103 -122.666 27.853 0.695474 0.402346
V 552.103 -122.666 33.814 0.709241 0.402234
V 582.103 -122.666 41.408 0.723008 0.402121
V 612.103 -122.666 50.430 0.736775 0.402009
V 642.103 -122.666 57.539 0.750541 0.401897
V 672.103 -122.666 58.950 0.764308 0.401785
V 702.103 -122.666 58.650 0.778075 0.401672
V 732.103 -122.666 60.206 0.791842 0.401560
V 762.103 -122.666 62.665 0.805609 0.401447
V 792.103 -122.666 66.776 0.819376 0.401335
V 822.103 -122.666 72.362 0.833143 0.401222
V 852.103 -122.666 75.870 0.846910 0.401110
V 882.103 -122.666 74.221 0.860677 0.400997
V 912.103 -122.666 70.689 0.874444 0.400884
V 942.103 -122.666 64.528 0.888211 0.400771
V 972.103 -122.666 58.745 0.901978 0.400659
V 1002.103 -122.666 56.125 0.915745 0.400546
V 1032.103 -122.666 57.210 0.929512 0.400433
V 1062.103 -122.666 60.800 0.943279 0.400320
V -917.897 -92.666 151.812 0.034766 0.421494
V -887.897 -92.666 149.866 0.048534 0.421384
V -857.897 -92.666 141.252 0.062301 0.421274
V -827.897 -92.666 134.681 0.076068 0.421164
V -797.897 -92.666 135.373 0.089835 0.421054
V -767.897 -92.666 145.934 0.103602 0.420944
V -737.897 -92.666 158.179 0.117369 0.420834
V -707.897 -92.666 161.654 0.131136 0.420724
V -677.897 -92.666 152.632 0.144903 0.420614
V -647.897 -92.666 141.843 0.158670 0.420504
V -617.897 -92.666 135.368 0.172437 0.420394
V -587.897 -92.666 136.930 0.186204 0.420284
V -557.897 -92.666 137.718 0.199971 0.420174
V -527.897 -92.666 130.878 0.213739 0.420063
V -497.897 -92.666 119.556 0.227506 0.419953
V -467.897 -92.666 108.235 0.241273 0.419843
V -437.897 -92.666 103.595 0.255040 0.419732
V -407.897 -92.666 112.890 0.268807 0.419622
V -377.897 -92.666 121.274 0.282574 0.419511
V -347.897 -92.666 116.520 0.296341 0.419400
V -317.897 -92.666 104.028 0.310108 0.419290
V -287.897 -92.666 91.889 0.323875 0.419179
V -257.897 -92.666 85.170 0.337642 0.419068
V -227.897 -92.666 79.958 0.351409 0.418957
V -197.897 -92.666 73.697 0.365176 0.418847
V 342.103 -92.666 1.905 0.612983 0.416842
V 372.103 -92.666 1.718 0.626750 0.416731
V 402.103 -92.666 0.871 0.640517 0.416619
V 432.103 -92.666 3.437 0.654284 0.416507
V 462.103 -92.666 9.905 0.668051 0.416395
V 492.103 -92.666 19.675 0.681818 0.416283
V 522.103 -92.666 28.137 0.695585 0.416171
V 552.103 -92.666 35.649 0.709352 0.416059
V 582.103 -92.666 44.064 0.723119 0.415946
V 612.103 -92.666 52.053 0.736886 0.415834
V 642.103 -92.666 58.518 0.750653 0.415722
V 672.103 -92.666 60.145 0.764420 0.415610
V 702.103 -92.666 59.751 0.778187 0.415497
V 732.103 -92.666 59.221 0.791954 0.415385
V 762.103 -92.666 60.652 0.805721 0.415272
V 792.103 -92.666 63.742 0.819488 0.415160
V 822.103 -92.666 67.420 0.833255 0.415047
V 852.103 -92.666 68.253 0.847022 0.414935
V 882.103 -92.666 66.872 0.860789 0.414822
V 912.103 -92.666 66.411 0.874556 0.414709
V 942.103 -92.666 62.613 0.888323 0.414596
V 972.103 -92.666 56.447 0.902090 0.414484
V 1002.103 -92.666 54.289 0.915857 0.414371
V 1032.103 -92.666 58.993 0.929624 0.414258
V 1062.103 -92.666 63.662 0.943391 0.414145
V -917.897 -62.666 161.363 0.034876 0.435319
V -887.897 -62.666 159.396 0.048643 0.435209
V -857.897 -62.666 151.830 0.062410 0.435099
V -827.897 -62.666 145.837 0.076177 0.434989
V -797.897 -62.666 141.810 0.089944 0.434879
V -767.897 -62.666 144.631 0.103711 0.434770
V -737.897 -62.666 155.680 0.117479 0.434660
V -707.897 -62.666 162.535 0.131246 0.434550
V -677.897 -62.666 158.333 0.145013 0.434440
V -647.897 -62.666 150.118 0.158780 0.434329
V -617.897 -62.666 145.630 0.172547 0.434219
V -587.897 -62.666 146.541 0.186314 0.434109
V -557.897 -62.666 146.030 0.200081 0.433999
V -527.897 -62.666 136.231 0.213848 0.433888
V -497.897 -62.666 124.614 0.227616 0.433778
V -467.897 -62.666 113.004 0.241383 0.433668
V -437.897 -62.666 107.956 0.255150 0.433557
V -407.897 -62.666 115.848 0.268917 0.433447
V -377.897 -62.666 123.455 0.282684 0.433336
V -347.897 -62.666 118.569 0.296451 0.433226
V -317.897 -62.666 106.418 0.310218 0.433115
V -287.897 -62.666 97.114 0.323985 0.433004
V -257.897 -62.666 95.933 0.337752 0.432893
V -227.897 -62.666 91.545 0.351520 0.432783
V -197.897 -62.666 83.267 0.365287 0.432672
V 342.103 -62.666 -2.356 0.613094 0.430667
V 372.103 -62.666 -1.159 0.626861 0.430556
V 402.103 -62.666 -0.207 0.640629 0.430444
V 432.103 -62.666 1.250 0.654396 0.430332
V 462.103 -62.666 6.003 0.668163 0.430220
V 492.103 -62.666 13.639 0.681930 0.430108
V 522.103 -62.666 21.780 0.695697 0.429996
V 552.103 -62.666 30.375 0.709464 0.429884
V 582.103 -62.666 40.214 0.723231 0.429771
V 612.103 -62.666 48.496 0.736998 0.429659
V 642.103 -62.666 54.799 0.750765 0.429547
V 672.103 -62.666 58.448 0.764532 0.429435
V 702.103 -62.666 57.947 0.778299 0.429322
V 732.103 -62.666 55.898 0.792066 0.429210
V 762.103 -62.666 56.093 0.805833 0.429097
V 792.103 -62.666 58.554 0.819600 0.428985
V 822.103 -62.666 60.114 0.833368 0.428872
V 852.103 -62.666 58.194 0.847135 0.428760
V 882.103 -62.666 56.613 0.860902 0.428647
V 912.103 -62.666 58.216 0.874669 0.428534
V 942.103 -62.666 56.869 0.888436 0.428421
V 972.103 -62.666 51.893 0.902203 0.428309
V 1002.103 -62.666 52.336 0.915970 0.428196
V 1032.103 -62.666 57.760 0.929737 0.428083
V 1062.103 -62.666 59.574 0.943504 0.427970
V -917.897 -32.666 172.403 0.034985 0.449144
V -887.897 -32.666 171.368 0.048752 0.449034
V -857.897 -32.666 164.392 0.062519 0.448924
V -827.897 -32.666 157.528 0.076287 0.448815
V -797.897 -32.666 151.656 0.090054 0.448705
V -767.897 -32.666 149.681 0.103821 0.448595
V -737.897 -32.666 157.773 0.117588 0.448485
V -707.897 -32.666 165.996 0.131355 0.448375
V -677.897 -32.666 167.325 0.145122 0.448265
V -647.897 -32.666 161.772 0.158890 0.448155
V -617.897 -32.666 157.410 0.172657 0.448044
V -587.897 -32.666 155.448 0.186424 0.447934
V -557.897 -32.666 149.354 0.200191 0.447824
V -527.897 -32.666 136.809 0.213958 0.447714
V -497.897 -32.666 123.848 0.227725 0.447603
V -467.897 -32.666 114.294 0.241493 0.447493
V -437.897 -32.666 113.991 0.255260 0.447382
V -407.897 -32.666 121.989 0.269027 0.447272
V -377.897 -32.666 128.165 0.282794 0.447161
V -347.897 -32.666 123.326 0.296561 0.447051
V -317.897 -32.666 112.891 0.310329 0.446940
V -287.897 -32.666 107.516 0.324096 0.446829
V -257.897 -32.666 105.520 0.337863 0.446719
V -227.897 -32.666 98.570 0.351630 0.446608
V -197.897 -32.666 88.119 0.365397 0.446497
V 342.103 -32.666 -4.422 0.613206 0.444493
V 372.103 -32.666 -3.023 0.626973 0.444381
V 402.103 -32.666 -2.569 0.640740 0.444269
V 432.103 -32.666 -1.020 0.654507 0.444157
V 462.103 -32.666 3.762 0.668274 0.444045
V 492.103 -32.666 8.694 0.682041 0.443933
V 522.103 -32.666 15.995 0.695808 0.443821
V 552.103 -32.666 25.713 0.709576 0.443709
V 582.103 -32.666 35.830 0.723343 0.443597
V 612.103 -32.666 44.170 0.737110 0.443484
V 642.103 -32.666 50.521 0.750877 0.443372
V 672.103 -32.666 54.533 0.764644 0.443260
V 702.103 -32.666 55.365 0.778411 0.443147
V 732.103 -32.666 51.350 0.792178 0.443035
V 762.103 -32.666 49.199 0.805945 0.442922
V 792.103 -32.666 50.350 0.819713 0.442810
V 822.103 -32.666 50.854 0.833480 0.442697
V 852.103 -32.666 49.488 0.847247 0.442585
V 882.103 -32.666 48.791 0.861014 0.442472
V 912.103 -32.666 48.284 0.874781 0.442359
V 942.103 -32.666 46.939 0.888548 0.442247
V 972.103 -32.666 44.866 0.902315 0.442134
V 1002.103 -32.666 46.197 0.916082 0.442021
V 1032.103 -32.666 49.090 0.929849 0.441908
V 1062.103 -32.666 49.468 0.943616 0.441795
V -917.897 -2.666 182.738 0.035094 0.462969
V -887.897 -2.666 184.372 0.048861 0.462859
V -857.897 -2.666 178.076 0.062629 0.462750
V -827.897 -2.666 170.120 0.076396 0.462640
V -797.897 -2.666 161.211 0.090163 0.462530
V -767.897 -2.666 157.098 0.103930 0.462420
V -737.897 -2.666 164.447 0.117698 0.462310
V -707.897 -2.666 173.826 0.131465 0.462200
V -677.897 -2.666 178.460 0.145232 0.462090
V -647.897 -2.666 173.522 0.158999 0.461980
V -617.897 -2.666 166.838 0.172767 0.461870
V -587.897 -2.666 159.157 0.186534 0.461759
V -557.897 -2.666 147.400 0.200301 0.461649
V -527.897 -2.666 134.697 0.214068 0.461539
V -497.897 -2.666 122.963 0.227835 0.461428
V -467.897 -2.666 118.798 0.241603 0.461318
V -437.897 -2.666 123.319 0.255370 0.461208
V -407.897 -2.666 130.956 0.269137 0.461097
V -377.897 -2.666 135.681 0.282904 0.460987
V -347.897 -2.666 130.652 0.296672 0.460876
V -317.897 -2.666 121.976 0.310439 0.460765
V -287.897 -2.666 116.519 0.324206 0.460655
V -257.897 -2.666 108.405 0.337973 0.460544
V -227.897 -2.666 96.015 0.351740 0.460433
V -197.897 -2.666 81.916 0.365508 0.460322
V 342.103 -2.666 -5.098 0.613317 0.458318
V 372.103 -2.666 -5.043 0.627084 0.458206
V 402.103 -2.666 -3.652 0.640851 0.458094
V 432.103 -2.666 -1.998 0.654619 0.457982
V 462.103 -2.666 2.716 0.668386 0.457870
V 492.103 -2.666 8.253 0.682153 0.457758
V 522.103 -2.666 14.005 0.695920 0.457646
V 552.103 -2.666 23.161 0.709687 0.457534
V 582.103 -2.666 32.015 0.723454 0.457422
V 612.103 -2.666 38.686 0.737222 0.457309
V 642.103 -2.666 44.019 0.750989 0.457197
V 672.103 -2.666 49.401 0.764756 0.457085
V 702.103 -2.666 51.501 0.778523 0.456973
V 732.103 -2.666 46.982 0.792290 0.456860
V 762.103 -2.666 41.591 0.806057 0.456748
V 792.103 -2.666 40.837 0.819825 0.456635
V 822.103 -2.666 40.514 0.833592 0.456522
V 852.103 -2.666 40.010 0.847359 0.456410
V 882.103 -2.666 40.320 0.861126 0.456297
V 912.103 -2.666 37.998 0.874893 0.456184
V 942.103 -2.666 35.862 0.888660 0.456072
V 972.103 -2.666 35.615 0.902428 0.455959
V 1002.103 -2.666 38.175 0.916195 0.455846
V 1032.103 -2.666 40.435 0.929962 0.455733
V 1062.103 -2.666 41.892 0.943729 0.455620
V -917.897 27.334 193.921 0.035203 0.476794
V -887.897 27.334 196.505 0.048971 0.476685
V -857.897 27.334 191.444 0.062738 0.476575
V -827.897 27.334 182.345 0.076505 0.476465
V -797.897 27.334 171.493 0.090273 0.476355
V -767.897 27.334 167.745 0.104040 0.476245
V -737.897 27.334 174.884 0.117807 0.476135
V -707.897 27.334 183.650 0.131574 0.476025
V -677.897 27.334 188.497 0.145342 0.475915
V -647.897 27.334 183.340 0.159109 0.475805
V -617.897 27.334 172.785 0.172876 0.475695
V -587.897 27.334 159.948 0.186644 0.475585
V -557.897 27.334 145.783 0.200411 0.475474
V -527.897 27.334 133.199 0.214178 0.475364
V -497.897 27.334 125.640 0.227945 0.475254
V -467.897 27.334 127.049 0.241713 0.475143
V -437.897 27.334 134.205 0.255480 0.475033
V -407.897 27.334 139.140 0.269247 0.474922
V -377.897 27.334 139.470 0.283014 0.474812
V -347.897 27.334 133.227 0.296782 0.474701
V -317.897 27.334 123.907 0.310549 0.474590
V -287.897 27.334 112.981 0.324316 0.474480
V -257.897 27.334 103.456 0.338083 0.474369
V -227.897 27.334 90.924 0.351851 0.474258
V -197.897 27.334 76.001 0.365618 0.474147
V 342.103 27.334 -5.787 0.613428 0.472143
V 372.103 27.334 -5.475 0.627196 0.472031
V 402.103 27.334 -4.721 0.640963 0.471919
V 432.103 27.334 -3.727 0.654730 0.471807
V 462.103 27.334 1.260 0.668497 0.471695
V 492.103 27.334 6.456 0.682265 0.471583
V 522.103 27.334 11.705 0.696032 0.471471
V 552.103 27.334 19.784 0.709799 0.471359
V 582.103 27.334 27.385 0.723566 0.471247
V 612.103 27.334 32.498 0.737333 0.471135
V 642.103 27.334 38.543 0.751101 0.471022
V 672.103 27.334 43.723 0.764868 0.470910
V 702.103 27.334 44.614 0.778635 0.470798
V 732.103 27.334 40.146 0.792402 0.470685
V 762.103 27.334 34.566 0.806169 0.470573
V 792.103 27.334 32.968 0.819937 0.470460
V 822.103 27.334 32.915 0.833704 0.470348
V 852.103 27.334 32.846 0.847471 0.470235
V 882.103 27.334 31.629 0.861238 0.470122
V 912.103 27.334 29.345 0.875006 0.470010
V 942.103 27.334 27.821 0.888773 0.469897
V 972.103 27.334 29.337 0.902540 0.469784
V 1002.103 27.334 32.549 0.916307 0.469671
V 1032.103 27.334 34.480 0.930074 0.469558
V 1062.103 27.334 36.427 0.943842 0.469445
V -917.897 57.334 205.650 0.035313 0.490620
V -887.897 57.334 207.227 0.049080 0.490510
V -857.897 57.334 202.350 0.062847 0.490400
V -827.897 57.334 192.371 0.076615 0.490290
V -797.897 57.334 183.234 0.090382 0.490181
V -767.897 57.334 181.978 0.104149 0.490071
V -737.897 57.334 187.340 0.117917 0.489961
V -707.897 57.334 194.050 0.131684 0.489851
V -677.897 57.334 197.057 0.145451 0.489741
V -647.897 57.334 190.385 0.159219 0.489630
V -617.897 57.334 177.533 0.172986 0.489520
V -587.897 57.334 163.804 0.186753 0.489410
V -557.897 57.334 150.412 0.200521 0.489300
V -527.897 57.334 139.089 0.214288 0.489189
V -497.897 57.334 134.243 0.228055 0.489079
V -467.897 57.334 136.545 0.241823 0.488969
V -437.897 57.334 141.934 0.255590 0.488858
V -407.897 57.334 139.259 0.269357 0.488748
V -377.897 57.334 130.702 0.283125 0.488637
V -347.897 57.334 122.306 0.296892 0.488526
V -317.897 57.334 113.110 0.310659 0.488416
V -287.897 57.334 101.565 0.324427 0.488305
V -257.897 57.334 93.463 0.338194 0.488194
V -227.897 57.334 85.764 0.351961 0.488083
V -197.897 57.334 72.792 0.365728 0.487973
V 342.103 57.334 -6.591 0.613540 0.485968
V 372.103 57.334 -6.491 0.627307 0.485856
V 402.103 57.334 -6.522 0.641074 0.485745
V 432.103 57.334 -5.839 0.654842 0.485633
V 462.103 57.334 -2.087 0.668609 0.485521
V 492.103 57.334 3.249 0.682376 0.485409
V 522.103 57.334 8.815 0.696143 0.485297
V 552.103 57.334 16.158 0.709911 0.485184
V 582.103 57.334 22.255 0.723678 0.485072
V 612.103 57.334 26.827 0.737445 0.484960
V 642.103 57.334 32.731 0.751212 0.484848
V 672.103 57.334 36.632 0.764980 0.484735
V 702.103 57.334 35.718 0.778747 0.484623
V 732.103 57.334 31.437 0.792514 0.484511
V 762.103 57.334 27.511 0.806282 0.484398
V 792.103 57.334 26.864 0.820049 0.484286
V 822.103 57.334 27.282 0.833816 0.484173
V 852.103 57.334 27.893 0.847583 0.484060
V 882.103 57.334 26.992 0.861351 0.483948
V 912.103 57.334 24.578 0.875118 0.483835
V 942.103 57.334 23.323 0.888885 0.483722
V 972.103 57.334 25.172 0.902652 0.483609
V 1002.103 57.334 27.996 0.916420 0.483496
V 1032.103 57.334 30.014 0.930187 0.483383
V 1062.103 57.334 32.162 0.943954 0.483270
V -917.897 87.334 214.355 0.035422 0.504445
V -887.897 87.334 215.882 0.049189 0.504335
V -857.897 87.334 211.728 0.062957 0.504226
V -827.897 87.334 203.210 0.076724 0.504116
V -797.897 87.334 196.562 0.090491 0.504006
V -767.897 87.334 195.826 0.104259 0.503896
V -737.897 87.334 199.266 0.118026 0.503786
V -707.897 87.334 203.766 0.131794 0.503676
V -677.897 87.334 203.493 0.145561 0.503566
V -647.897 87.334 194.577 0.159328 0.503456
V -617.897 87.334 181.257 0.173096 0.503346
V -587.897 87.334 168.070 0.186863 0.503235
V -557.897 87.334 156.339 0.200630 0.503125
V -527.897 87.334 148.238 0.214398 0.503015
V -497.897 87.334 142.975 0.228165 0.502904
V -467.897 87.334 143.350 0.241933 0.502794
V -437.897 87.334 141.896 0.255700 0.502684
V -407.897 87.334 131.615 0.269467 0.502573
V -377.897 87.334 120.531 0.283235 0.502462
V -347.897 87.334 110.070 0.297002 0.502352
V -317.897 87.334 100.407 0.310769 0.502241
V -287.897 87.334 89.930 0.324537 0.502130
V -257.897 87.334 80.401 0.338304 0.502020
V -227.897 87.334 73.797 0.352072 0.501909
V -197.897 87.334 63.669 0.365839 0.501798
V 342.103 87.334 -7.107 0.613651 0.499794
V 372.103 87.334 -7.371 0.627418 0.499682
V 402.103 87.334 -7.415 0.641186 0.499570
V 432.103 87.334 -6.653 0.654953 0.499458
V 462.103 87.334 -5.378 0.668720 0.499346
V 492.103 87.334 -0.337 0.682488 0.499234
V 522.103 87.334 5.086 0.696255 0.499122
V 552.103 87.334 11.279 0.710022 0.499010
V 582.103 87.334 16.386 0.723790 0.498898
V 612.103 87.334 21.362 0.737557 0.498785
V 642.103 87.334 26.328 0.751324 0.498673
V 672.103 87.334 29.394 0.765092 0.498561
V 702.103 87.334 28.300 0.778859 0.498448
V 732.103 87.334 24.271 0.792626 0.498336
V 762.103 87.334 21.254 0.806394 0.498223
V 792.103 87.334 21.223 0.820161 0.498111
V 822.103 87.334 22.287 0.833928 0.497998
V 852.103 87.334 23.473 0.847695 0.497886
V 882.103 87.334 22.549 0.861463 0.497773
V 912.103 87.334 20.998 0.875230 0.497660
V 942.103 87.334 19.627 0.888997 0.497547
V 972.103 87.334 21.145 0.902765 0.497435
V 1002.103 87.334 23.643 0.916532 0.497322
V 1032.103 87.334 26.064 0.930299 0.497209
V 1062.103 87.334 28.854 0.944067 0.497096
V -917.897 117.334 221.229 0.035531 0.518271
V -887.897 117.334 223.825 0.049299 0.518161
V -857.897 117.334 221.140 0.063066 0.518051
V -827.897 117.334 214.814 0.076833 0.517941
V -797.897 117.334 209.954 0.090601 0.517831
V -767.897 117.334 209.093 0.104368 0.517721
V -737.897 117.334 210.373 0.118136 0.517611
V -707.897 117.334 211.336 0.131903 0.517501
V -677.897 117.334 207.686 0.145671 0.517391
V -647.897 117.334 197.906 0.159438 0.517281
V -617.897 117.334 185.890 0.173205 0.517171
V -587.897 117.334 173.924 0.186973 0.517061
V -557.897 117.334 163.927 0.200740 0.516951
V -527.897 117.334 156.052 0.214508 0.516840
V -497.897 117.334 147.634 0.228275 0.516730
V -467.897 117.334 140.435 0.242043 0.516619
V -437.897 117.334 132.955 0.255810 0.516509
V -407.897 117.334 126.184 0.269577 0.516398
V -377.897 117.334 116.330 0.283345 0.516288
V -347.897 117.334 104.051 0.297112 0.516177
V -317.897 117.334 90.880 0.310880 0.516067
V -287.897 117.334 78.954 0.324647 0.515956
V -257.897 117.334 68.905 0.338414 0.515845
V -227.897 117.334 61.769 0.352182 0.515734
V -197.897 117.334 54.525 0.365949 0.515623
V 342.103 117.334 -8.191 0.613762 0.513619
V 372.103 117.334 -8.106 0.627530 0.513507
V 402.103 117.334 -6.916 0.641297 0.513395
V 432.103 117.334 -7.090 0.655065 0.513283
V 462.103 117.334 -7.737 0.668832 0.513171
V 492.103 117.334 -5.175 0.682599 0.513059
V 522.103 117.334 0.874 0.696367 0.512947
V 552.103 117.334 6.089 0.710134 0.512835
V 582.103 117.334 10.520 0.723901 0.512723
V 612.103 117.334 17.207 0.737669 0.512611
V 642.103 117.334 22.256 0.751436 0.512498
V 672.103 117.334 26.031 0.765204 0.512386
V 702.103 117.334 24.441 0.778971 0.512274
V 732.103 117.334 19.877 0.792738 0.512161
V 762.103 117.334 16.118 0.806506 0.512049
V 792.103 117.334 14.943 0.820273 0.511936
V 822.103 117.334 18.540 0.834040 0.511824
V 852.103 117.334 20.528 0.847808 0.511711
V 882.103 117.334 18.960 0.861575 0.511598
V 912.103 117.334 16.847 0.875342 0.511486
V 942.103 117.334 15.905 0.889110 0.511373
V 972.103 117.334 16.541 0.902877 0.511260
V 1002.103 117.334 18.809 0.916644 0.511147
V 1032.103 117.334 22.209 0.930412 0.511034
V 1062.103 117.334 26.550 0.944179 0.510921
V -917.897 147.334 226.310 0.035640 0.532096
V -887.897 147.334 230.714 0.049408 0.531986
V -857.897 147.334 230.373 0.063175 0.531877
V -827.897 147.334 225.567 0.076943 0.531767
V -797.897 147.334 221.672 0.090710 0.531657
V -767.897 147.334 219.753 0.104478 0.531547
V -737.897 147.334 218.357 0.118245 0.531437
V -707.897 147.334 215.693 0.132013 0.531327
V -677.897 147.334 209.806 0.145780 0.531217
V -647.897 147.334 201.007 0.159548 0.531107
V -617.897 147.334 191.109 0.173315 0.530997
V -587.897 147.334 180.929 0.187083 0.530886
V -557.897 147.334 171.462 0.200850 0.530776
V -527.897 147.334 161.668 0.214618 0.530666
V -497.897 147.334 149.234 0.228385 0.530555
V -467.897 147.334 135.901 0.242153 0.530445
V -437.897 147.334 122.952 0.255920 0.530334
V -407.897 147.334 115.557 0.269688 0.530224
V -377.897 147.334 112.530 0.283455 0.530113
V -347.897 147.334 104.503 0.297222 0.530003
V -317.897 147.334 89.805 0.310990 0.529892
V -287.897 147.334 73.517 0.324757 0.529781
V -257.897 147.334 60.350 0.338525 0.529671
V -227.897 147.334 51.053 0.352292 0.529560
V -197.897 147.334 44.839 0.366060 0.529449
V 342.103 147.334 -9.380 0.613874 0.527444
V 372.103 147.334 -9.064 0.627641 0.527333
V 402.103 147.334 -7.681 0.641409 0.527221
V 432.103 147.334 -7.942 0.655176 0.527109
V 462.103 147.334 -8.760 0.668943 0.526997
V 492.103 147.334 -7.532 0.682711 0.526885
V 522.103 147.334 -2.749 0.696478 0.526773
V 552.103 147.334 1.254 0.710246 0.526661
V 582.103 147.334 5.821 0.724013 0.526548
V 612.103 147.334 15.200 0.737781 0.526436
V 642.103 147.334 21.451 0.751548 0.526324
V 672.103 147.334 22.858 0.765315 0.526211
V 702.103 147.334 20.998 0.779083 0.526099
V 732.103 147.334 16.366 0.792850 0.525987
V 762.103 147.334 10.807 0.806618 0.525874
V 792.103 147.334 9.019 0.820385 0.525762
V 822.103 147.334 14.951 0.834152 0.525649
V 852.103 147.334 16.934 0.847920 0.525536
V 882.103 147.334 15.446 0.861687 0.525424
V 912.103 147.334 13.213 0.875455 0.525311
V 942.103 147.334 12.387 0.889222 0.525198
V 972.103 147.334 13.126 0.902989 0.525085
V 1002.103 147.334 15.580 0.916757 0.524972
V 1032.103 147.334 19.748 0.930524 0.524860
V 1062.103 147.334 24.671 0.944292 0.524747
V -917.897 177.334 228.056 0.035750 0.545922
V -887.897 177.334 234.023 0.049517 0.545812
V -857.897 177.334 235.376 0.063285 0.545702
V -827.897 177.334 232.530 0.077052 0.545592
V -797.897 177.334 228.860 0.090820 0.545482
V -767.897 177.334 225.290 0.104587 0.545372
V -737.897 177.334 220.512 0.118355 0.545263
V -707.897 177.334 215.051 0.132122 0.545152
V -677.897 177.334 208.701 0.145890 0.545042
V -647.897 177.334 200.372 0.159657 0.544932
V -617.897 177.334 190.618 0.173425 0.544822
V -587.897 177.334 181.420 0.187192 0.544712
V -557.897 177.334 171.419 0.200960 0.544602
V -527.897 177.334 159.069 0.214728 0.544491
V -497.897 177.334 145.558 0.228495 0.544381
V -467.897 177.334 131.856 0.242263 0.544270
V -437.897 177.334 117.834 0.256030 0.544160
V -407.897 177.334 105.091 0.269798 0.544049
V -377.897 177.334 99.586 0.283565 0.543939
V -347.897 177.334 96.108 0.297333 0.543828
V -317.897 177.334 84.977 0.311100 0.543718
V -287.897 177.334 69.824 0.324868 0.543607
V -257.897 177.334 55.582 0.338635 0.543496
V -227.897 177.334 44.090 0.352403 0.543385
V -197.897 177.334 35.650 0.366170 0.543274
V 342.103 177.334 -8.693 0.613985 0.541270
V 372.103 177.334 -9.878 0.627753 0.541158
V 402.103 177.334 -9.800 0.641520 0.541046
V 432.103 177.334 -10.201 0.655288 0.540934
V 462.103 177.334 -10.895 0.669055 0.540822
V 492.103 177.334 -9.606 0.682822 0.540710
V 522.103 177.334 -5.599 0.696590 0.540598
V 552.103 177.334 -2.164 0.710357 0.540486
V 582.103 177.334 0.891 0.724125 0.540374
V 612.103 177.334 7.588 0.737892 0.540262
V 642.103 177.334 14.634 0.751660 0.540149
V 672.103 177.334 17.190 0.765427 0.540037
V 702.103 177.334 17.895 0.779195 0.539925
V 732.103 177.334 13.927 0.792962 0.539812
V 762.103 177.334 6.820 0.806730 0.539700
V 792.103 177.334 4.698 0.820497 0.539587
V 822.103 177.334 9.725 0.834265 0.539474
V 852.103 177.334 10.795 0.848032 0.539362
V 882.103 177.334 9.152 0.861800 0.539249
V 912.103 177.334 7.373 0.875567 0.539136
V 942.103 177.334 7.668 0.889334 0.539024
V 972.103 177.334 10.345 0.903102 0.538911
V 1002.103 177.334 13.838 0.916869 0.538798
V 1032.103 177.334 19.221 0.930637 0.538685
V 1062.103 177.334 23.251 0.944404 0.538572
V -917.897 207.334 227.925 0.035859 0.559747
V -887.897 207.334 234.604 0.049626 0.559637
V -857.897 207.334 237.959 0.063394 0.559528
V -827.897 207.334 236.135 0.077162 0.559418
V -797.897 207.334 230.022 0.090929 0.559308
V -767.897 207.334 224.109 0.104697 0.559198
V -737.897 207.334 217.623 0.118464 0.559088
V -707.897 207.334 210.802 0.132232 0.558978
V -677.897 207.334 203.682 0.146000 0.558868
V -647.897 207.334 194.406 0.159767 0.558758
V -617.897 207.334 182.677 0.173535 0.558648
V -587.897 207.334 171.722 0.187302 0.558537
V -557.897 207.334 162.562 0.201070 0.558427
V -527.897 207.334 152.337 0.214837 0.558317
V -497.897 207.334 140.701 0.228605 0.558206
V -467.897 207.334 129.428 0.242373 0.558096
V -437.897 207.334 117.722 0.256140 0.557986
V -407.897 207.334 103.216 0.269908 0.557875
V -377.897 207.334 91.028 0.283675 0.557764
V -347.897 207.334 82.832 0.297443 0.557654
V -317.897 207.334 74.481 0.311210 0.557543
V -287.897 207.334 61.466 0.324978 0.557432
V -257.897 207.334 49.392 0.338746 0.557322
V -227.897 207.334 40.577 0.352513 0.557211
V -197.897 207.334 34.904 0.366281 0.557100
V 342.103 207.334 -7.147 0.614096 0.555095
V 372.103 207.334 -8.582 0.627864 0.554984
V 402.103 207.334 -9.849 0.641631 0.554872
V 432.103 207.334 -10.849 0.655399 0.554760
V 462.103 207.334 -11.791 0.669167 0.554648
V 492.103 207.334 -12.301 0.682934 0.554536
V 522.103 207.334 -9.540 0.696702 0.554424
V 552.103 207.334 -5.995 0.710469 0.554312
V 582.103 207.334 -2.474 0.724237 0.554199
V 612.103 207.334 1.843 0.738004 0.554087
V 642.103 207.334 7.253 0.751772 0.553975
V 672.103 207.334 12.263 0.765539 0.553862
V 702.103 207.334 14.094 0.779307 0.553750
V 732.103 207.334 9.956 0.793074 0.553638
V 762.103 207.334 2.808 0.806842 0.553525
V 792.103 207.334 0.391 0.820609 0.553413
V 822.103 207.334 2.890 0.834377 0.553300
V 852.103 207.334 2.943 0.848144 0.553187
V 882.103 207.334 1.736 0.861912 0.553075
V 912.103 207.334 0.878 0.875679 0.552962
V 942.103 207.334 2.967 0.889447 0.552849
V 972.103 207.334 6.718 0.903214 0.552736
V 1002.103 207.334 11.808 0.916982 0.552623
V 1032.103 207.334 18.768 0.930749 0.552510
V 1062.103 207.334 22.266 0.944517 0.552397
V -917.897 237.334 223.453 0.035968 0.573573
V -887.897 237.334 232.147 0.049736 0.573463
V -857.897 237.334 236.914 0.063503 0.573353
V -827.897 237.334 234.734 0.077271 0.573244
V -797.897 237.334 227.507 0.091039 0.573134
V -767.897 237.334 220.361 0.104806 0.573024
V -737.897 237.334 212.295 0.118574 0.572914
V -707.897 237.334 204.181 0.132342 0.572804
V -677.897 237.334 196.943 0.146109 0.572694
V -647.897 237.334 187.147 0.159877 0.572584
V -617.897 237.334 173.849 0.173644 0.572473
V -587.897 237.334 161.135 0.187412 0.572363
V -557.897 237.334 151.721 0.201180 0.572253
V -527.897 237.334 143.032 0.214947 0.572142
V -497.897 237.334 133.625 0.228715 0.572032
V -467.897 237.334 125.150 0.242483 0.571922
V -437.897 237.334 116.808 0.256250 0.571811
V -407.897 237.334 105.194 0.270018 0.571701
V -377.897 237.334 91.521 0.283785 0.571590
V -347.897 237.334 77.369 0.297553 0.571479
V -317.897 237.334 66.781 0.311321 0.571369
V -287.897 237.334 59.885 0.325088 0.571258
V -257.897 237.334 52.362 0.338856 0.571147
V -227.897 237.334 44.326 0.352623 0.571036
V -197.897 237.334 40.971 0.366391 0.570926
V 342.103 237.334 -7.828 0.614208 0.568921
V 372.103 237.334 -8.313 0.627975 0.568809
V 402.103 237.334 -9.872 0.641743 0.568697
V 432.103 237.334 -10.917 0.655511 0.568585
V 462.103 237.334 -11.855 0.669278 0.568473
V 492.103 237.334 -12.339 0.683046 0.568361
V 522.103 237.334 -11.938 0.696813 0.568249
V 552.103 237.334 -10.977 0.710581 0.568137
V 582.103 237.334 -6.754 0.724348 0.568025
V 612.103 237.334 -2.551 0.738116 0.567913
V 642.103 237.334 1.991 0.751884 0.567800
V 672.103 237.334 7.350 0.765651 0.567688
V 702.103 237.334 7.750 0.779419 0.567576
V 732.103 237.334 4.007 0.793186 0.567463
V 762.103 237.334 -1.504 0.806954 0.567351
V 792.103 237.334 -4.205 0.820721 0.567238
V 822.103 237.334 -3.322 0.834489 0.567126
V 852.103 237.334 -3.305 0.848256 0.567013
V 882.103 237.334 -3.043 0.862024 0.566900
V 912.103 237.334 -1.800 0.875792 0.566787
V 942.103 237.334 1.199 0.889559 0.566675
V 972.103 237.334 4.447 0.903327 0.566562
V 1002.103 237.334 9.081 0.917094 0.566449
V 1032.103 237.334 15.044 0.930862 0.566336
V 1062.103 237.334 19.193 0.944629 0.566223
V -917.897 267.334 220.433 0.036077 0.587399
V -887.897 267.334 229.277 0.049845 0.587289
V -857.897 267.334 235.162 0.063613 0.587179
V -827.897 267.334 231.964 0.077380 0.587069
V -797.897 267.334 224.931 0.091148 0.586959
V -767.897 267.334 216.917 0.104916 0.586849
V -737.897 267.334 206.824 0.118683 0.586739
V -707.897 267.334 196.999 0.132451 0.586629
V -677.897 267.334 189.016 0.146219 0.586519
V -647.897 267.334 179.955 0.159986 0.586409
V -617.897 267.334 167.901 0.173754 0.586299
V -587.897 267.334 155.851 0.187522 0.586189
V -557.897 267.334 144.238 0.201290 0.586078
V -527.897 267.334 133.449 0.215057 0.585968
V -497.897 267.334 123.163 0.228825 0.585858
V -467.897 267.334 113.727 0.242593 0.585747
V -437.897 267.334 106.022 0.256360 0.585637
V -407.897 267.334 96.798 0.270128 0.585526
V -377.897 267.334 85.597 0.283896 0.585416
V -347.897 267.334 76.255 0.297663 0.585305
V -317.897 267.334 72.359 0.311431 0.585194
V -287.897 267.334 65.284 0.325199 0.585084
V -257.897 267.334 54.826 0.338966 0.584973
V -227.897 267.334 49.878 0.352734 0.584862
V -197.897 267.334 51.788 0.366502 0.584751
V 342.103 267.334 -9.103 0.614319 0.582747
V 372.103 267.334 -9.126 0.628087 0.582635
V 402.103 267.334 -10.011 0.641854 0.582523
V 432.103 267.334 -10.529 0.655622 0.582411
V 462.103 267.334 -10.959 0.669390 0.582299
V 492.103 267.334 -12.212 0.683157 0.582187
V 522.103 267.334 -12.870 0.696925 0.582075
V 552.103 267.334 -13.230 0.710693 0.581963
V 582.103 267.334 -11.648 0.724460 0.581851
V 612.103 267.334 -7.724 0.738228 0.581738
V 642.103 267.334 -2.792 0.751995 0.581626
V 672.103 267.334 1.343 0.765763 0.581514
V 702.103 267.334 0.503 0.779531 0.581401
V 732.103 267.334 -2.332 0.793298 0.581289
V 762.103 267.334 -5.787 0.807066 0.581176
V 792.103 267.334 -7.456 0.820833 0.581064
V 822.103 267.334 -6.714 0.834601 0.580951
V 852.103 267.334 -5.626 0.848369 0.580839
V 882.103 267.334 -3.970 0.862136 0.580726
V 912.103 267.334 -0.900 0.875904 0.580613
V 942.103 267.334 2.732 0.889671 0.580500
V 972.103 267.334 5.637 0.903439 0.580387
V 1002.103 267.334 8.523 0.917207 0.580275
V 1032.103 267.334 12.087 0.930974 0.580162
V 1062.103 267.334 15.846 0.944742 0.580049
V -917.897 297.334 224.172 0.036187 0.601224
V -887.897 297.334 230.360 0.049954 0.601115
V -857.897 297.334 233.926 0.063722 0.601005
V -827.897 297.334 230.640 0.077490 0.600895
V -797.897 297.334 223.747 0.091258 0.600785
V -767.897 297.334 214.543 0.105025 0.600675
V -737.897 297.334 203.687 0.118793 0.600565
V -707.897 297.334 192.198 0.132561 0.600455
V -677.897 297.334 182.056 0.146328 0.600345
V -647.897 297.334 173.453 0.160096 0.600235
V -617.897 297.334 164.132 0.173864 0.600125
V -587.897 297.334 154.200 0.187632 0.600015
V -557.897 297.334 145.540 0.201399 0.599904
V -527.897 297.334 136.234 0.215167 0.599794
V -497.897 297.334 124.410 0.228935 0.599684
V -467.897 297.334 111.137 0.242703 0.599573
V -437.897 297.334 100.817 0.256470 0.599463
V -407.897 297.334 94.173 0.270238 0.599352
V -377.897 297.334 88.578 0.284006 0.599241
V -347.897 297.334 82.537 0.297773 0.599131
V -317.897 297.334 73.444 0.311541 0.599020
V -287.897 297.334 63.842 0.325309 0.598909
V -257.897 297.334 61.388 0.339077 0.598799
V -227.897 297.334 63.012 0.352844 0.598688
V -197.897 297.334 65.870 0.366612 0.598577
V 342.103 297.334 -9.317 0.614430 0.596572
V 372.103 297.334 -9.992 0.628198 0.596460
V 402.103 297.334 -10.466 0.641966 0.596349
V 432.103 297.334 -9.901 0.655734 0.596237
V 462.103 297.334 -10.485 0.669501 0.596125
V 492.103 297.334 -11.923 0.683269 0.596013
V 522.103 297.334 -13.169 0.697037 0.595901
V 552.103 297.334 -13.623 0.710804 0.595788
V 582.103 297.334 -13.991 0.724572 0.595676
V 612.103 297.334 -11.760 0.738340 0.595564
V 642.103 297.334 -6.064 0.752107 0.595452
V 672.103 297.334 -3.847 0.765875 0.595339
V 702.103 297.334 -5.835 0.779643 0.595227
V 732.103 297.334 -7.738 0.793410 0.595114
V 762.103 297.334 -9.035 0.807178 0.595002
V 792.103 297.334 -8.453 0.820946 0.594889
V 822.103 297.334 -7.102 0.834713 0.594777
V 852.103 297.334 -4.570 0.848481 0.594664
V 882.103 297.334 -1.065 0.862248 0.594551
V 912.103 297.334 3.104 0.876016 0.594439
V 942.103 297.334 7.757 0.889784 0.594326
V 972.103 297.334 10.912 0.903551 0.594213
V 1002.103 297.334 12.436 0.917319 0.594100
V 1032.103 297.334 14.230 0.931087 0.593987
V 1062.103 297.334 16.762 0.944854 0.593874
V -917.897 327.334 228.212 0.036296 0.615050
V -887.897 327.334 232.031 0.050064 0.614940
V -857.897 327.334 233.296 0.063831 0.614831
V -827.897 327.334 229.409 0.077599 0.614721
V -797.897 327.334 223.178 0.091367 0.614611
V -767.897 327.334 215.201 0.105135 0.614501
V -737.897 327.334 204.672 0.118903 0.614391
V -707.897 327.334 193.580 0.132670 0.614281
V -677.897 327.334 184.737 0.146438 0.614171
V -647.897 327.334 177.071 0.160206 0.614061
V -617.897 327.334 169.292 0.173974 0.613951
V -587.897 327.334 161.679 0.187741 0.613840
V -557.897 327.334 153.219 0.201509 0.613730
V -527.897 327.334 142.761 0.215277 0.613620
V -497.897 327.334 131.088 0.229045 0.613509
V -467.897 327.334 118.605 0.242813 0.613399
V -437.897 327.334 110.093 0.256580 0.613288
V -407.897 327.334 101.977 0.270348 0.613178
V -377.897 327.334 93.097 0.284116 0.613067
V -347.897 327.334 81.932 0.297884 0.612957
V -317.897 327.334 72.612 0.311651 0.612846
V -287.897 327.334 71.396 0.325419 0.612735
V -257.897 327.334 74.341 0.339187 0.612624
V -227.897 327.334 76.630 0.352955 0.612514
V -197.897 327.334 80.134 0.366722 0.612403
V -167.897 327.334 85.565 0.380490 0.612292
V -137.897 327.334 93.121 0.394258 0.612181
V -107.897 327.334 98.326 0.408026 0.612070
V -77.897 327.334 100.592 0.421793 0.611959
V -47.897 327.334 104.909 0.435561 0.611847
V -17.897 327.334 108.741 0.449329 0.611736
V 12.103 327.334 105.919 0.463097 0.611625
V 42.103 327.334 100.797 0.476864 0.611514
V 72.103 327.334 91.531 0.490632 0.611402
V 102.103 327.334 78.272 0.504400 0.611291
V 132.103 327.334 63.913 0.518168 0.611180
V 162.103 327.334 51.350 0.531935 0.611068
V 192.103 327.334 39.588 0.545703 0.610957
V 222.103 327.334 26.668 0.559471 0.610845
V 252.103 327.334 13.695 0.573239 0.610733
V 282.103 327.334 1.986 0.587006 0.610622
V 312.103 327.334 -5.913 0.600774 0.610510
V 342.103 327.334 -9.224 0.614542 0.610398
V 372.103 327.334 -10.556 0.628310 0.610286
V 402.103 327.334 -10.820 0.642077 0.610174
V 432.103 327.334 -10.419 0.655845 0.610062
V 462.103 327.334 -10.715 0.669613 0.609950
V 492.103 327.334 -11.204 0.683380 0.609838
V 522.103 327.334 -12.291 0.697148 0.609726
V 552.103 327.334 -13.740 0.710916 0.609614
V 582.103 327.334 -14.511 0.724684 0.609502
V 612.103 327.334 -14.110 0.738451 0.609390
V 642.103 327.334 -9.117 0.752219 0.609277
V 672.103 327.334 -8.626 0.765987 0.609165
V 702.103 327.334 -9.951 0.779754 0.609053
V 732.103 327.334 -10.363 0.793522 0.608940
V 762.103 327.334 -9.641 0.807290 0.608828
V 792.103 327.334 -7.424 0.821058 0.608715
V 822.103 327.334 -4.799 0.834825 0.608603
V 852.103 327.334 -1.196 0.848593 0.608490
V 882.103 327.334 4.022 0.862361 0.608377
V 912.103 327.334 9.524 0.876128 0.608264
V 942.103 327.334 14.527 0.889896 0.608152
V 972.103 327.334 17.409 0.903664 0.608039
V 1002.103 327.334 18.518 0.917432 0.607926
V 1032.103 327.334 20.016 0.931199 0.607813
V 1062.103 327.334 22.304 0.944967 0.607700
V -917.897 357.334 228.981 0.036405 0.628876
V -887.897 357.334 228.449 0.050173 0.628766
V -857.897 357.334 226.640 0.063941 0.628656
V -827.897 357.334 224.589 0.077709 0.628547
V -797.897 357.334 222.459 0.091476 0.628437
V -767.897 357.334 216.339 0.105244 0.628327
V -737.897 357.334 207.506 0.119012 0.628217
V -707.897 357.334 198.735 0.132780 0.628107
V -677.897 357.334 191.347 0.146548 0.627997
V -647.897 357.334 183.835 0.160316 0.627887
V -617.897 357.334 176.535 0.174083 0.627776
V -587.897 357.334 169.405 0.187851 0.627666
V -557.897 357.334 159.713 0.201619 0.627556
V -527.897 357.334 148.007 0.215387 0.627445
V -497.897 357.334 136.352 0.229155 0.627335
V -467.897 357.334 126.291 0.242923 0.627225
V -437.897 357.334 116.637 0.256690 0.627114
V -407.897 357.334 103.127 0.270458 0.627004
V -377.897 357.334 90.190 0.284226 0.626893
V -347.897 357.334 81.052 0.297994 0.626782
V -317.897 357.334 80.574 0.311762 0.626672
V -287.897 357.334 85.027 0.325529 0.626561
V -257.897 357.334 88.832 0.339297 0.626450
V -227.897 357.334 90.265 0.353065 0.626339
V -197.897 357.334 92.252 0.366833 0.626228
V -167.897 357.334 97.134 0.380601 0.626118
V -137.897 357.334 99.619 0.394368 0.626007
V -107.897 357.334 99.984 0.408136 0.625895
V -77.897 357.334 100.921 0.421904 0.625784
V -47.897 357.334 100.652 0.435672 0.625673
V -17.897 357.334 105.783 0.449440 0.625562
V 12.103 357.334 107.742 0.463207 0.625451
V 42.103 357.334 105.943 0.476975 0.625340
V 72.103 357.334 97.612 0.490743 0.625228
V 102.103 357.334 85.104 0.504511 0.625117
V 132.103 357.334 72.606 0.518279 0.625005
V 162.103 357.334 60.128 0.532046 0.624894
V 192.103 357.334 45.936 0.545814 0.624782
V 222.103 357.334 30.551 0.559582 0.624671
V 252.103 357.334 16.592 0.573350 0.624559
V 282.103 357.334 5.440 0.587118 0.624447
V 312.103 357.334 -3.191 0.600885 0.624336
V 342.103 357.334 -8.702 0.614653 0.624224
V 372.103 357.334 -11.284 0.628421 0.624112
V 402.103 357.334 -11.447 0.642189 0.624000
V 432.103 357.334 -11.664 0.655957 0.623888
V 462.103 357.334 -11.932 0.669724 0.623776
V 492.103 357.334 -12.113 0.683492 0.623664
V 522.103 357.334 -12.382 0.697260 0.623552
V 552.103 357.334 -13.691 0.711028 0.623440
V 582.103 357.334 -14.593 0.724795 0.623328
V 612.103 357.334 -15.667 0.738563 0.623215
V 642.103 357.334 -12.434 0.752331 0.623103
V 672.103 357.334 -12.016 0.766099 0.622991
V 702.103 357.334 -11.422 0.779866 0.622878
V 732.103 357.334 -9.768 0.793634 0.622766
V 762.103 357.334 -7.433 0.807402 0.622653
V 792.103 357.334 -4.290 0.821170 0.622541
V 822.103 357.334 -0.842 0.834937 0.622428
V 852.103 357.334 3.266 0.848705 0.622316
V 882.103 357.334 9.340 0.862473 0.622203
V 912.103 357.334 16.293 0.876241 0.622090
V 942.103 357.334 20.752 0.890008 0.621977
V 972.103 357.334 22.909 0.903776 0.621865
V 1002.103 357.334 24.489 0.917544 0.621752
V 1032.103 357.334 27.394 0.931312 0.621639
V 1062.103 357.334 30.563 0.945079 0.621526
V -917.897 387.334 223.891 0.036514 0.642702
V -887.897 387.334 219.496 0.050282 0.642592
V -857.897 387.334 216.970 0.064050 0.642482
V -827.897 387.334 218.138 0.077818 0.642372
V -797.897 387.334 221.196 0.091586 0.642263
V -767.897 387.334 218.444 0.105354 0.642153
V -737.897 387.334 211.779 0.119122 0.642043
V -707.897 387.334 204.163 0.132890 0.641933
V -677.897 387.334 197.022 0.146657 0.641823
V -647.897 387.334 190.434 0.160425 0.641712
V -617.897 387.334 182.711 0.174193 0.641602
V -587.897 387.334 173.629 0.187961 0.641492
V -557.897 387.334 163.673 0.201729 0.641382
V -527.897 387.334 152.053 0.215497 0.641271
V -497.897 387.334 140.670 0.229265 0.641161
V -467.897 387.334 129.606 0.243033 0.641051
V -437.897 387.334 115.635 0.256800 0.640940
V -407.897 387.334 100.684 0.270568 0.640830
V -377.897 387.334 89.633 0.284336 0.640719
V -347.897 387.334 87.095 0.298104 0.640608
V -317.897 387.334 91.171 0.311872 0.640498
V -287.897 387.334 98.574 0.325640 0.640387
V -257.897 387.334 102.733 0.339408 0.640276
V -227.897 387.334 101.272 0.353175 0.640165
V -197.897 387.334 96.952 0.366943 0.640054
V -167.897 387.334 95.466 0.380711 0.639943
V -137.897 387.334 93.911 0.394479 0.639832
V -107.897 387.334 92.072 0.408247 0.639721
V -77.897 387.334 93.631 0.422015 0.639610
V -47.897 387.334 91.253 0.435783 0.639499
V -17.897 387.334 95.530 0.449550 0.639388
V 12.103 387.334 98.839 0.463318 0.639277
V 42.103 387.334 101.835 0.477086 0.639165
V 72.103 387.334 99.686 0.490854 0.639054
V 102.103 387.334 88.656 0.504622 0.638943
V 132.103 387.334 75.603 0.518390 0.638831
V 162.103 387.334 61.768 0.532158 0.638720
V 192.103 387.334 47.483 0.545925 0.638608
V 222.103 387.334 33.311 0.559693 0.638497
V 252.103 387.334 20.737 0.573461 0.638385
V 282.103 387.334 9.953 0.587229 0.638273
V 312.103 387.334 0.610 0.600997 0.638161
V 342.103 387.334 -6.904 0.614765 0.638050
V 372.103 387.334 -11.135 0.628532 0.637938
V 402.103 387.334 -12.186 0.642300 0.637826
V 432.103 387.334 -12.229 0.656068 0.637714
V 462.103 387.334 -12.967 0.669836 0.637602
V 492.103 387.334 -13.199 0.683604 0.637490
V 522.103 387.334 -13.183 0.697371 0.637378
V 552.103 387.334 -14.222 0.711139 0.637266
V 582.103 387.334 -14.908 0.724907 0.637154
V 612.103 387.334 -16.570 0.738675 0.637041
V 642.103 387.334 -14.405 0.752443 0.636929
V 672.103 387.334 -13.122 0.766211 0.636817
V 702.103 387.334 -11.409 0.779978 0.636704
V 732.103 387.334 -8.085 0.793746 0.636592
V 762.103 387.334 -4.096 0.807514 0.636479
V 792.103 387.334 0.479 0.821282 0.636367
V 822.103 387.334 4.778 0.835050 0.636254
V 852.103 387.334 8.975 0.848817 0.636141
V 882.103 387.334 15.029 0.862585 0.636029
V 912.103 387.334 22.916 0.876353 0.635916
V 942.103 387.334 27.917 0.890121 0.635803
V 972.103 387.334 31.047 0.903889 0.635690
V 1002.103 387.334 33.224 0.917656 0.635577
V 1032.103 387.334 36.774 0.931424 0.635465
V 1062.103 387.334 40.549 0.945192 0.635352
V -917.897 417.334 214.104 0.036624 0.656528
V -887.897 417.334 208.899 0.050391 0.656418
V -857.897 417.334 208.785 0.064159 0.656308
V -827.897 417.334 213.791 0.077927 0.656198
V -797.897 417.334 219.688 0.091695 0.656089
V -767.897 417.334 220.233 0.105463 0.655979
V -737.897 417.334 215.677 0.119231 0.655869
V -707.897 417.334 209.546 0.132999 0.655759
V -677.897 417.334 202.666 0.146767 0.655648
V -647.897 417.334 196.172 0.160535 0.655538
V -617.897 417.334 187.988 0.174303 0.655428
V -587.897 417.334 176.679 0.188071 0.655318
V -557.897 417.334 165.479 0.201839 0.655208
V -527.897 417.334 153.966 0.215607 0.655097
V -497.897 417.334 140.590 0.229375 0.654987
V -467.897 417.334 125.982 0.243143 0.654876
V -437.897 417.334 110.862 0.256910 0.654766
V -407.897 417.334 100.314 0.270678 0.654655
V -377.897 417.334 96.523 0.284446 0.654545
V -347.897 417.334 98.405 0.298214 0.654434
V -317.897 417.334 101.926 0.311982 0.654324
V -287.897 417.334 108.818 0.325750 0.654213
V -257.897 417.334 112.053 0.339518 0.654102
V -227.897 417.334 107.004 0.353286 0.653991
V -197.897 417.334 98.509 0.367054 0.653880
V -167.897 417.334 91.353 0.380822 0.653769
V -137.897 417.334 86.264 0.394590 0.653658
V -107.897 417.334 84.044 0.408357 0.653547
V -77.897 417.334 86.623 0.422125 0.653436
V -47.897 417.334 83.529 0.435893 0.653325
V -17.897 417.334 85.258 0.449661 0.653214
V 12.103 417.334 88.311 0.463429 0.653103
V 42.103 417.334 95.263 0.477197 0.652991
V 72.103 417.334 98.927 0.490965 0.652880
V 102.103 417.334 90.225 0.504733 0.652769
V 132.103 417.334 77.700 0.518501 0.652657
V 162.103 417.334 64.590 0.532269 0.652546
V 192.103 417.334 52.589 0.546036 0.652434
V 222.103 417.334 40.071 0.559804 0.652322
V 252.103 417.334 27.142 0.573572 0.652211
V 282.103 417.334 15.536 0.587340 0.652099
V 312.103 417.334 5.300 0.601108 0.651987
V 342.103 417.334 -3.230 0.614876 0.651876
V 372.103 417.334 -8.714 0.628644 0.651764
V 402.103 417.334 -11.871 0.642412 0.651652
V 432.103 417.334 -12.429 0.656180 0.651540
V 462.103 417.334 -13.084 0.669947 0.651428
V 492.103 417.334 -13.699 0.683715 0.651316
V 522.103 417.334 -13.911 0.697483 0.651204
V 552.103 417.334 -14.484 0.711251 0.651092
V 582.103 417.334 -15.257 0.725019 0.650979
V 612.103 417.334 -16.861 0.738787 0.650867
V 642.103 417.334 -15.204 0.752555 0.650755
V 672.103 417.334 -13.655 0.766322 0.650642
V 702.103 417.334 -11.373 0.780090 0.650530
V 732.103 417.334 -7.030 0.793858 0.650418
V 762.103 417.334 -1.159 0.807626 0.650305
V 792.103 417.334 5.846 0.821394 0.650193
V 822.103 417.334 12.567 0.835162 0.650080
V 852.103 417.334 17.192 0.848930 0.649967
V 882.103 417.334 22.278 0.862697 0.649855
V 912.103 417.334 30.115 0.876465 0.649742
V 942.103 417.334 36.946 0.890233 0.649629
V 972.103 417.334 42.683 0.904001 0.649516
V 1002.103 417.334 45.785 0.917769 0.649403
V 1032.103 417.334 48.326 0.931537 0.649290
V 1062.103 417.334 50.909 0.945305 0.649177
V -917.897 447.334 202.342 0.036733 0.670354
V -887.897 447.334 197.509 0.050501 0.670244
V -857.897 447.334 201.383 0.064269 0.670134
V -827.897 447.334 209.608 0.078037 0.670024
V -797.897 447.334 217.056 0.091805 0.669915
V -767.897 447.334 220.712 0.105573 0.669805
V -737.897 447.334 219.404 0.119341 0.669695
V -707.897 447.334 214.060 0.133109 0.669585
V -677.897 447.334 206.424 0.146877 0.669474
V -647.897 447.334 198.658 0.160645 0.669364
V -617.897 447.334 190.435 0.174413 0.669254
V -587.897 447.334 178.219 0.188181 0.669144
V -557.897 447.334 165.756 0.201949 0.669034
V -527.897 447.334 153.229 0.215717 0.668923
V -497.897 447.334 139.308 0.229485 0.668813
V -467.897 447.334 124.423 0.243253 0.668702
V -437.897 447.334 114.696 0.257021 0.668592
V -407.897 447.334 109.642 0.270788 0.668481
V -377.897 447.334 108.745 0.284556 0.668371
V -347.897 447.334 110.072 0.298324 0.668260
V -317.897 447.334 110.948 0.312092 0.668149
V -287.897 447.334 113.404 0.325860 0.668039
V -257.897 447.334 110.593 0.339628 0.667928
V -227.897 447.334 104.681 0.353396 0.667817
V -197.897 447.334 98.803 0.367164 0.667706
V -167.897 447.334 94.099 0.380932 0.667595
V -137.897 447.334 87.524 0.394700 0.667484
V -107.897 447.334 82.174 0.408468 0.667373
V -77.897 447.334 79.999 0.422236 0.667262
V -47.897 447.334 76.760 0.436004 0.667151
V -17.897 447.334 77.143 0.449772 0.667040
V 12.103 447.334 81.761 0.463540 0.666929
V 42.103 447.334 89.420 0.477308 0.666817
V 72.103 447.334 95.277 0.491076 0.666706
V 102.103 447.334 92.868 0.504844 0.666594
V 132.103 447.334 84.459 0.518612 0.666483
V 162.103 447.334 73.780 0.532380 0.666372
V 192.103 447.334 61.755 0.546148 0.666260
V 222.103 447.334 48.174 0.559915 0.666148
V 252.103 447.334 34.413 0.573683 0.666037
V 282.103 447.334 22.235 0.587451 0.665925
V 312.103 447.334 12.367 0.601219 0.665813
V 342.103 447.334 4.428 0.614987 0.665701
V 372.103 447.334 -2.708 0.628755 0.665590
V 402.103 447.334 -9.205 0.642523 0.665478
V 432.103 447.334 -12.532 0.656291 0.665366
V 462.103 447.334 -13.238 0.670059 0.665254
V 492.103 447.334 -14.019 0.683827 0.665142
V 522.103 447.334 -14.114 0.697595 0.665030
V 552.103 447.334 -14.151 0.711363 0.664917
V 582.103 447.334 -14.962 0.725131 0.664805
V 612.103 447.334 -16.709 0.738899 0.664693
V 642.103 447.334 -16.312 0.752666 0.664581
V 672.103 447.334 -14.257 0.766434 0.664468
V 702.103 447.334 -11.803 0.780202 0.664356
V 732.103 447.334 -6.352 0.793970 0.664244
V 762.103 447.334 1.455 0.807738 0.664131
V 792.103 447.334 10.303 0.821506 0.664018
V 822.103 447.334 19.698 0.835274 0.663906
V 852.103 447.334 26.170 0.849042 0.663793
V 882.103 447.334 31.215 0.862810 0.663681
V 912.103 447.334 38.087 0.876578 0.663568
V 942.103 447.334 45.653 0.890346 0.663455
V 972.103 447.334 52.586 0.904113 0.663342
V 1002.103 447.334 56.645 0.917881 0.663229
V 1032.103 447.334 58.584 0.931649 0.663116
V 1062.103 447.334 59.555 0.945417 0.663003
V -917.897 477.334 189.999 0.036842 0.684180
V -887.897 477.334 185.868 0.050610 0.684070
V -857.897 477.334 193.001 0.064378 0.683960
V -827.897 477.334 203.528 0.078146 0.683850
V -797.897 477.334 213.276 0.091914 0.683741
V -767.897 477.334 219.792 0.105682 0.683631
V -737.897 477.334 221.098 0.119450 0.683521
V -707.897 477.334 215.995 0.133218 0.683411
V -677.897 477.334 206.991 0.146986 0.683301
V -647.897 477.334 197.021 0.160754 0.683190
V -617.897 477.334 187.655 0.174522 0.683080
V -587.897 477.334 178.265 0.188290 0.682970
V -557.897 477.334 166.634 0.202058 0.682860
V -527.897 477.334 153.893 0.215826 0.682749
V -497.897 477.334 140.366 0.229595 0.682639
V -467.897 477.334 129.148 0.243363 0.682528
V -437.897 477.334 125.909 0.257131 0.682418
V -407.897 477.334 121.999 0.270899 0.682307
V -377.897 477.334 120.052 0.284667 0.682197
V -347.897 477.334 119.161 0.298435 0.682086
V -317.897 477.334 117.347 0.312203 0.681975
V -287.897 477.334 113.648 0.325971 0.681865
V -257.897 477.334 104.379 0.339739 0.681754
V -227.897 477.334 95.776 0.353507 0.681643
V -197.897 477.334 91.645 0.367275 0.681532
V -167.897 477.334 91.282 0.381043 0.681421
V -137.897 477.334 88.141 0.394811 0.681310
V -107.897 477.334 83.597 0.408579 0.681199
V -77.897 477.334 78.734 0.422347 0.681088
V -47.897 477.334 73.859 0.436115 0.680977
V -17.897 477.334 71.673 0.449883 0.680866
V 12.103 477.334 75.430 0.463651 0.680755
V 42.103 477.334 81.151 0.477419 0.680643
V 72.103 477.334 87.368 0.491187 0.680532
V 102.103 477.334 90.980 0.504955 0.680420
V 132.103 477.334 89.827 0.518723 0.680309
V 162.103 477.334 82.177 0.532491 0.680198
V 192.103 477.334 69.196 0.546259 0.680086
V 222.103 477.334 55.143 0.560027 0.679974
V 252.103 477.334 42.182 0.573795 0.679863
V 282.103 477.334 31.253 0.587563 0.679751
V 312.103 477.334 22.741 0.601331 0.679639
V 342.103 477.334 14.537 0.615099 0.679527
V 372.103 477.334 5.098 0.628867 0.679416
V 402.103 477.334 -4.491 0.642635 0.679304
V 432.103 477.334 -11.422 0.656403 0.679192
V 462.103 477.334 -13.665 0.670170 0.679080
V 492.103 477.334 -13.947 0.683938 0.678968
V 522.103 477.334 -13.697 0.697706 0.678856
V 552.103 477.334 -14.018 0.711474 0.678743
V 582.103 477.334 -14.701 0.725242 0.678631
V 612.103 477.334 -16.512 0.739010 0.678519
V 642.103 477.334 -17.246 0.752778 0.678407
V 672.103 477.334 -15.185 0.766546 0.678294
V 702.103 477.334 -12.367 0.780314 0.678182
V 732.103 477.334 -5.679 0.794082 0.678070
V 762.103 477.334 3.600 0.807850 0.677957
V 792.103 477.334 13.124 0.821618 0.677844
V 822.103 477.334 23.494 0.835386 0.677732
V 852.103 477.334 32.724 0.849154 0.677619
V 882.103 477.334 40.108 0.862922 0.677506
V 912.103 477.334 46.397 0.876690 0.677394
V 942.103 477.334 52.827 0.890458 0.677281
V 972.103 477.334 58.562 0.904226 0.677168
V 1002.103 477.334 62.058 0.917994 0.677055
V 1032.103 477.334 64.047 0.931762 0.676942
V 1062.103 477.334 65.002 0.945530 0.676829
V -917.897 507.334 178.903 0.036951 0.698006
V -887.897 507.334 176.645 0.050719 0.697896
V -857.897 507.334 184.510 0.064487 0.697786
V -827.897 507.334 196.188 0.078256 0.697677
V -797.897 507.334 207.590 0.092024 0.697567
V -767.897 507.334 215.921 0.105792 0.697457
V -737.897 507.334 219.047 0.119560 0.697347
V -707.897 507.334 214.159 0.133328 0.697237
V -677.897 507.334 204.262 0.147096 0.697127
V -647.897 507.334 193.954 0.160864 0.697016
V -617.897 507.334 184.399 0.174632 0.696906
V -587.897 507.334 176.188 0.188400 0.696796
V -557.897 507.334 166.180 0.202168 0.696686
V -527.897 507.334 154.420 0.215936 0.696575
V -497.897 507.334 143.498 0.229704 0.696465
V -467.897 507.334 136.526 0.243473 0.696355
V -437.897 507.334 132.566 0.257241 0.696244
V -407.897 507.334 125.806 0.271009 0.696133
V -377.897 507.334 121.157 0.284777 0.696023
V -347.897 507.334 120.319 0.298545 0.695912
V -317.897 507.334 117.006 0.312313 0.695802
V -287.897 507.334 110.013 0.326081 0.695691
V -257.897 507.334 100.397 0.339849 0.695580
V -227.897 507.334 89.965 0.353617 0.695469
V -197.897 507.334 83.199 0.367385 0.695358
V -167.897 507.334 81.764 0.381153 0.695247
V -137.897 507.334 80.606 0.394921 0.695136
V -107.897 507.334 78.517 0.408689 0.695025
V -77.897 507.334 75.015 0.422457 0.694914
V -47.897 507.334 71.163 0.436225 0.694803
V -17.897 507.334 69.076 0.449993 0.694692
V 12.103 507.334 69.467 0.463762 0.694581
V 42.103 507.334 71.116 0.477530 0.694469
V 72.103 507.334 75.984 0.491298 0.694358
V 102.103 507.334 82.968 0.505066 0.694247
V 132.103 507.334 87.762 0.518834 0.694135
V 162.103 507.334 85.112 0.532602 0.694024
V 192.103 507.334 74.847 0.546370 0.693912
V 222.103 507.334 62.852 0.560138 0.693800
V 252.103 507.334 52.289 0.573906 0.693689
V 282.103 507.334 43.102 0.587674 0.693577
V 312.103 507.334 34.992 0.601442 0.693465
V 342.103 507.334 24.883 0.615210 0.693354
V 372.103 507.334 13.399 0.628978 0.693242
V 402.103 507.334 1.655 0.642746 0.693130
V 432.103 507.334 -8.574 0.656514 0.693018
V 462.103 507.334 -13.548 0.670282 0.692906
V 492.103 507.334 -14.109 0.684050 0.692794
V 522.103 507.334 -13.745 0.697818 0.692682
V 552.103 507.334 -14.367 0.711586 0.692569
V 582.103 507.334 -15.457 0.725354 0.692457
V 612.103 507.334 -16.852 0.739122 0.692345
V 642.103 507.334 -17.314 0.752890 0.692233
V 672.103 507.334 -16.695 0.766658 0.692120
V 702.103 507.334 -13.549 0.780426 0.692008
V 732.103 507.334 -6.401 0.794194 0.691896
V 762.103 507.334 4.477 0.807962 0.691783
V 792.103 507.334 15.466 0.821730 0.691670
V 822.103 507.334 26.096 0.835498 0.691558
V 852.103 507.334 36.468 0.849266 0.691445
V 882.103 507.334 45.467 0.863034 0.691332
V 912.103 507.334 52.291 0.876802 0.691220
V 942.103 507.334 57.662 0.890570 0.691107
V 972.103 507.334 60.914 0.904338 0.690994
V 1002.103 507.334 61.741 0.918106 0.690881
V 1032.103 507.334 63.187 0.931874 0.690768
V 1062.103 507.334 64.983 0.945642 0.690655
V -917.897 537.334 168.171 0.037061 0.711832
V -887.897 537.334 167.485 0.050829 0.711722
V -857.897 537.334 175.734 0.064597 0.711613
V -827.897 537.334 187.903 0.078365 0.711503
V -797.897 537.334 199.790 0.092133 0.711393
V -767.897 537.334 210.241 0.105901 0.711283
V -737.897 537.334 215.956 0.119669 0.711173
V -707.897 537.334 212.133 0.133438 0.711063
V -677.897 537.334 202.424 0.147206 0.710953
V -647.897 537.334 192.553 0.160974 0.710843
V -617.897 537.334 184.292 0.174742 0.710732
V -587.897 537.334 176.931 0.188510 0.710622
V -557.897 537.334 169.003 0.202278 0.710512
V -527.897 537.334 158.127 0.216046 0.710401
V -497.897 537.334 148.313 0.229814 0.710291
V -467.897 537.334 139.723 0.243583 0.710181
V -437.897 537.334 130.393 0.257351 0.710070
V -407.897 537.334 120.202 0.271119 0.709960
V -377.897 537.334 113.095 0.284887 0.709849
V -347.897 537.334 112.492 0.298655 0.709738
V -317.897 537.334 109.701 0.312423 0.709628
V -287.897 537.334 101.671 0.326191 0.709517
V -257.897 537.334 93.403 0.339959 0.709406
V -227.897 537.334 84.878 0.353727 0.709295
V -197.897 537.334 81.265 0.367496 0.709184
V -167.897 537.334 81.229 0.381264 0.709073
V -137.897 537.334 79.269 0.395032 0.708962
V -107.897 537.334 77.841 0.408800 0.708851
V -77.897 537.334 76.269 0.422568 0.708740
V -47.897 537.334 75.224 0.436336 0.708629
V -17.897 537.334 73.861 0.450104 0.708518
V 12.103 537.334 72.653 0.463872 0.708407
V 42.103 537.334 69.144 0.477640 0.708295
V 72.103 537.334 66.866 0.491409 0.708184
V 102.103 537.334 73.416 0.505177 0.708073
V 132.103 537.334 80.143 0.518945 0.707961
V 162.103 537.334 81.690 0.532713 0.707850
V 192.103 537.334 78.103 0.546481 0.707738
V 222.103 537.334 71.569 0.560249 0.707627
V 252.103 537.334 64.460 0.574017 0.707515
V 282.103 537.334 56.590 0.587785 0.707403
V 312.103 537.334 47.674 0.601553 0.707291
V 342.103 537.334 35.360 0.615321 0.707180
V 372.103 537.334 21.579 0.629089 0.707068
V 402.103 537.334 7.678 0.642857 0.706956
V 432.103 537.334 -5.180 0.656626 0.706844
V 462.103 537.334 -13.009 0.670394 0.706732
V 492.103 537.334 -14.663 0.684162 0.706620
V 522.103 537.334 -14.648 0.697930 0.706508
V 552.103 537.334 -15.307 0.711698 0.706396
V 582.103 537.334 -16.461 0.725466 0.706283
V 612.103 537.334 -17.382 0.739234 0.706171
V 642.103 537.334 -17.378 0.753002 0.706059
V 672.103 537.334 -17.624 0.766770 0.705946
V 702.103 537.334 -15.397 0.780538 0.705834
V 732.103 537.334 -8.835 0.794306 0.705722
V 762.103 537.334 3.404 0.808074 0.705609
V 792.103 537.334 16.438 0.821842 0.705497
V 822.103 537.334 27.735 0.835610 0.705384
V 852.103 537.334 36.403 0.849378 0.705271
V 882.103 537.334 43.685 0.863147 0.705159
V 912.103 537.334 51.101 0.876915 0.705046
V 942.103 537.334 57.140 0.890683 0.704933
V 972.103 537.334 58.414 0.904451 0.704820
V 1002.103 537.334 56.041 0.918219 0.704707
V 1032.103 537.334 56.112 0.931987 0.704594
V 1062.103 537.334 58.281 0.945755 0.704481
V -917.897 567.334 159.305 0.037170 0.725658
V -887.897 567.334 160.616 0.050938 0.725549
V -857.897 567.334 169.047 0.064706 0.725439
V -827.897 567.334 180.253 0.078474 0.725329
V -797.897 567.334 191.800 0.092243 0.725219
V -767.897 567.334 203.400 0.106011 0.725109
V -737.897 567.334 211.760 0.119779 0.724999
V -707.897 567.334 211.520 0.133547 0.724889
V -677.897 567.334 202.793 0.147315 0.724779
V -647.897 567.334 193.672 0.161084 0.724669
V -617.897 567.334 185.945 0.174852 0.724559
V -587.897 567.334 178.730 0.188620 0.724448
V -557.897 567.334 170.622 0.202388 0.724338
V -527.897 567.334 159.430 0.216156 0.724228
V -497.897 567.334 148.519 0.229924 0.724117
V -467.897 567.334 136.036 0.243693 0.724007
V -437.897 567.334 123.397 0.257461 0.723896
V -407.897 567.334 112.614 0.271229 0.723786
V -377.897 567.334 104.310 0.284997 0.723675
V -347.897 567.334 101.502 0.298765 0.723565
V -317.897 567.334 99.663 0.312533 0.723454
V -287.897 567.334 93.694 0.326302 0.723343
V -257.897 567.334 86.934 0.340070 0.723232
V -227.897 567.334 84.440 0.353838 0.723121
V -197.897 567.334 87.090 0.367606 0.723011
V -167.897 567.334 90.223 0.381374 0.722900
V -137.897 567.334 88.147 0.395142 0.722789
V -107.897 567.334 86.431 0.408911 0.722678
V -77.897 567.334 85.806 0.422679 0.722566
V -47.897 567.334 85.576 0.436447 0.722455
V -17.897 567.334 83.705 0.450215 0.722344
V 12.103 567.334 82.245 0.463983 0.722233
V 42.103 567.334 74.773 0.477751 0.722122
V 72.103 567.334 64.860 0.491519 0.722010
V 102.103 567.334 64.602 0.505288 0.721899
V 132.103 567.334 69.023 0.519056 0.721787
V 162.103 567.334 71.212 0.532824 0.721676
V 192.103 567.334 72.828 0.546592 0.721564
V 222.103 567.334 74.085 0.560360 0.721453
V 252.103 567.334 72.557 0.574128 0.721341
V 282.103 567.334 65.927 0.587896 0.721229
V 312.103 567.334 55.479 0.601665 0.721118
V 342.103 567.334 41.514 0.615433 0.721006
V 372.103 567.334 26.040 0.629201 0.720894
V 402.103 567.334 10.993 0.642969 0.720782
V 432.103 567.334 -2.859 0.656737 0.720670
V 462.103 567.334 -12.647 0.670505 0.720558
V 492.103 567.334 -15.191 0.684273 0.720446
V 522.103 567.334 -15.928 0.698041 0.720334
V 552.103 567.334 -16.419 0.711810 0.720222
V 582.103 567.334 -16.870 0.725578 0.720109
V 612.103 567.334 -17.577 0.739346 0.719997
V 642.103 567.334 -17.668 0.753114 0.719885
V 672.103 567.334 -18.073 0.766882 0.719773
V 702.103 567.334 -16.679 0.780650 0.719660
V 732.103 567.334 -10.341 0.794418 0.719548
V 762.103 567.334 1.272 0.808186 0.719435
V 792.103 567.334 14.428 0.821954 0.719323
V 822.103 567.334 24.417 0.835723 0.719210
V 852.103 567.334 30.557 0.849491 0.719097
V 882.103 567.334 36.139 0.863259 0.718985
V 912.103 567.334 44.296 0.877027 0.718872
V 942.103 567.334 51.310 0.890795 0.718759
V 972.103 567.334 52.539 0.904563 0.718646
V 1002.103 567.334 49.167 0.918331 0.718533
V 1032.103 567.334 48.261 0.932099 0.718420
V 1062.103 567.334 49.559 0.945867 0.718307
V -917.897 597.334 151.542 0.037279 0.739485
V -887.897 597.334 155.718 0.051047 0.739375
V -857.897 597.334 164.084 0.064816 0.739265
V -827.897 597.334 174.623 0.078584 0.739155
V -797.897 597.334 185.725 0.092352 0.739045
V -767.897 597.334 197.497 0.106120 0.738935
V -737.897 597.334 207.201 0.119889 0.738825
V -707.897 597.334 210.030 0.133657 0.738715
V -677.897 597.334 204.190 0.147425 0.738605
V -647.897 597.334 196.635 0.161193 0.738495
V -617.897 597.334 189.163 0.174961 0.738385
V -587.897 597.334 179.164 0.188730 0.738275
V -557.897 597.334 169.010 0.202498 0.738164
V -527.897 597.334 157.492 0.216266 0.738054
V -497.897 597.334 145.169 0.230034 0.737943
V -467.897 597.334 131.194 0.243803 0.737833
V -437.897 597.334 118.070 0.257571 0.737723
V -407.897 597.334 106.856 0.271339 0.737612
V -377.897 597.334 98.056 0.285107 0.737501
V -347.897 597.334 93.937 0.298875 0.737391
V -317.897 597.334 92.079 0.312644 0.737280
V -287.897 597.334 88.409 0.326412 0.737169
V -257.897 597.334 86.983 0.340180 0.737058
V -227.897 597.334 90.969 0.353948 0.736948
V -197.897 597.334 96.846 0.367717 0.736837
V -167.897 597.334 101.696 0.381485 0.736726
V -137.897 597.334 100.347 0.395253 0.736615
V -107.897 597.334 97.579 0.409021 0.736504
V -77.897 597.334 96.786 0.422789 0.736393
V -47.897 597.334 95.777 0.436558 0.736281
V -17.897 597.334 92.940 0.450326 0.736170
V 12.103 597.334 88.925 0.464094 0.736059
V 42.103 597.334 78.587 0.477862 0.735948
V 72.103 597.334 66.048 0.491630 0.735836
V 102.103 597.334 60.412 0.505399 0.735725
V 132.103 597.334 59.910 0.519167 0.735613
V 162.103 597.334 58.736 0.532935 0.735502
V 192.103 597.334 60.360 0.546703 0.735390
V 222.103 597.334 66.560 0.560471 0.735279
V 252.103 597.334 70.230 0.574239 0.735167
V 282.103 597.334 65.559 0.588008 0.735055
V 312.103 597.334 53.854 0.601776 0.734944
V 342.103 597.334 39.442 0.615544 0.734832
V 372.103 597.334 24.363 0.629312 0.734720
V 402.103 597.334 10.146 0.643080 0.734608
V 432.103 597.334 -2.833 0.656849 0.734496
V 462.103 597.334 -12.679 0.670617 0.734384
V 492.103 597.334 -15.979 0.684385 0.734272
V 522.103 597.334 -16.978 0.698153 0.734160
V 552.103 597.334 -17.157 0.711921 0.734048
V 582.103 597.334 -17.137 0.725689 0.733936
V 612.103 597.334 -17.670 0.739458 0.733823
V 642.103 597.334 -17.795 0.753226 0.733711
V 672.103 597.334 -18.479 0.766994 0.733599
V 702.103 597.334 -17.768 0.780762 0.733486
V 732.103 597.334 -10.793 0.794530 0.733374
V 762.103 597.334 0.337 0.808298 0.733261
V 792.103 597.334 11.036 0.822067 0.733149
V 822.103 597.334 17.517 0.835835 0.733036
V 852.103 597.334 22.327 0.849603 0.732924
V 882.103 597.334 29.008 0.863371 0.732811
V 912.103 597.334 38.891 0.877139 0.732698
V 942.103 597.334 46.587 0.890907 0.732585
V 972.103 597.334 47.200 0.904675 0.732472
V 1002.103 597.334 43.574 0.918444 0.732359
V 1032.103 597.334 41.706 0.932212 0.732246
V 1062.103 597.334 42.856 0.945980 0.732133
V -917.897 627.334 146.864 0.037388 0.753311
V -887.897 627.334 153.215 0.051157 0.753201
V -857.897 627.334 162.306 0.064925 0.753091
V -827.897 627.334 172.421 0.078693 0.752981
V -797.897 627.334 181.975 0.092462 0.752872
V -767.897 627.334 191.801 0.106230 0.752762
V -737.897 627.334 199.686 0.119998 0.752652
V -707.897 627.334 202.492 0.133766 0.752542
V -677.897 627.334 200.394 0.147535 0.752431
V -647.897 627.334 195.550 0.161303 0.752321
V -617.897 627.334 188.780 0.175071 0.752211
V -587.897 627.334 177.981 0.188839 0.752101
V -557.897 627.334 166.884 0.202608 0.751991
V -527.897 627.334 155.770 0.216376 0.751880
V -497.897 627.334 143.413 0.230144 0.751770
V -467.897 627.334 129.808 0.243913 0.751659
V -437.897 627.334 116.379 0.257681 0.751549
V -407.897 627.334 104.415 0.271449 0.751438
V -377.897 627.334 97.520 0.285217 0.751328
V -347.897 627.334 97.200 0.298986 0.751217
V -317.897 627.334 94.561 0.312754 0.751106
V -287.897 627.334 90.511 0.326522 0.750996
V -257.897 627.334 92.652 0.340290 0.750885
V -227.897 627.334 99.630 0.354059 0.750774
V -197.897 627.334 107.831 0.367827 0.750663
V -167.897 627.334 112.431 0.381595 0.750552
V -137.897 627.334 110.285 0.395363 0.750441
V -107.897 627.334 105.308 0.409132 0.750330
V -77.897 627.334 102.543 0.422900 0.750219
V -47.897 627.334 100.397 0.436668 0.750108
V -17.897 627.334 95.500 0.450436 0.749997
V 12.103 627.334 87.517 0.464205 0.749885
V 42.103 627.334 76.501 0.477973 0.749774
V 72.103 627.334 67.017 0.491741 0.749663
V 102.103 627.334 64.782 0.505509 0.749551
V 132.103 627.334 62.075 0.519278 0.749440
V 162.103 627.334 55.649 0.533046 0.749328
V 192.103 627.334 51.110 0.546814 0.749217
V 222.103 627.334 54.952 0.560582 0.749105
V 252.103 627.334 60.679 0.574351 0.748993
V 282.103 627.334 59.859 0.588119 0.748882
V 312.103 627.334 48.908 0.601887 0.748770
V 342.103 627.334 34.495 0.615655 0.748658
V 372.103 627.334 20.297 0.629424 0.748546
V 402.103 627.334 6.804 0.643192 0.748434
V 432.103 627.334 -4.885 0.656960 0.748322
V 462.103 627.334 -13.323 0.670728 0.748210
V 492.103 627.334 -16.858 0.684497 0.748098
V 522.103 627.334 -17.446 0.698265 0.747986
V 552.103 627.334 -17.550 0.712033 0.747874
V 582.103 627.334 -17.470 0.725801 0.747762
V 612.103 627.334 -17.729 0.739569 0.747650
V 642.103 627.334 -17.823 0.753338 0.747537
V 672.103 627.334 -18.369 0.767106 0.747425
V 702.103 627.334 -18.716 0.780874 0.747313
V 732.103 627.334 -12.544 0.794642 0.747200
V 762.103 627.334 -2.058 0.808410 0.747088
V 792.103 627.334 5.827 0.822179 0.746975
V 822.103 627.334 9.644 0.835947 0.746862
V 852.103 627.334 15.386 0.849715 0.746750
V 882.103 627.334 24.420 0.863483 0.746637
V 912.103 627.334 35.153 0.877252 0.746524
V 942.103 627.334 42.832 0.891020 0.746411
V 972.103 627.334 42.851 0.904788 0.746299
V 1002.103 627.334 38.579 0.918556 0.746186
V 1032.103 627.334 35.634 0.932324 0.746073
V 1062.103 627.334 36.360 0.946093 0.745960
V -917.897 657.334 145.281 0.037498 0.767137
V -887.897 657.334 151.891 0.051266 0.767027
V -857.897 657.334 161.886 0.065034 0.766918
V -827.897 657.334 171.874 0.078803 0.766808
V -797.897 657.334 178.971 0.092571 0.766698
V -767.897 657.334 183.848 0.106339 0.766588
V -737.897 657.334 187.443 0.120108 0.766478
V -707.897 657.334 189.932 0.133876 0.766368
V -677.897 657.334 190.542 0.147644 0.766258
V -647.897 657.334 188.231 0.161413 0.766148
V -617.897 657.334 181.898 0.175181 0.766037
V -587.897 657.334 171.960 0.188949 0.765927
V -557.897 657.334 162.607 0.202718 0.765817
V -527.897 657.334 152.782 0.216486 0.765706
V -497.897 657.334 140.804 0.230254 0.765596
V -467.897 657.334 127.295 0.244023 0.765486
V -437.897 657.334 114.051 0.257791 0.765375
V -407.897 657.334 104.267 0.271559 0.765265
V -377.897 657.334 103.135 0.285328 0.765154
V -347.897 657.334 106.970 0.299096 0.765043
V -317.897 657.334 102.126 0.312864 0.764933
V -287.897 657.334 99.079 0.326633 0.764822
V -257.897 657.334 100.864 0.340401 0.764711
V -227.897 657.334 106.468 0.354169 0.764600
V -197.897 657.334 115.646 0.367937 0.764489
V -167.897 657.334 117.047 0.381706 0.764378
V -137.897 657.334 111.540 0.395474 0.764267
V -107.897 657.334 103.652 0.409242 0.764156
V -77.897 657.334 98.282 0.423011 0.764045
V -47.897 657.334 95.295 0.436779 0.763934
V -17.897 657.334 89.083 0.450547 0.763823
V 12.103 657.334 80.242 0.464316 0.763712
V 42.103 657.334 73.019 0.478084 0.763600
V 72.103 657.334 71.314 0.491852 0.763489
V 102.103 657.334 74.891 0.505620 0.763377
V 132.103 657.334 72.238 0.519389 0.763266
V 162.103 657.334 61.616 0.533157 0.763155
V 192.103 657.334 49.117 0.546925 0.763043
V 222.103 657.334 44.166 0.560694 0.762931
V 252.103 657.334 49.770 0.574462 0.762820
V 282.103 657.334 53.738 0.588230 0.762708
V 312.103 657.334 45.812 0.601998 0.762596
V 342.103 657.334 31.810 0.615767 0.762484
V 372.103 657.334 17.807 0.629535 0.762373
V 402.103 657.334 4.283 0.643303 0.762261
V 432.103 657.334 -7.171 0.657072 0.762149
V 462.103 657.334 -14.443 0.670840 0.762037
V 492.103 657.334 -17.471 0.684608 0.761925
V 522.103 657.334 -17.739 0.698376 0.761813
V 552.103 657.334 -17.878 0.712145 0.761700
V 582.103 657.334 -17.886 0.725913 0.761588
V 612.103 657.334 -17.953 0.739681 0.761476
V 642.103 657.334 -18.198 0.753449 0.761364
V 672.103 657.334 -18.473 0.767218 0.761251
V 702.103 657.334 -19.624 0.780986 0.761139
V 732.103 657.334 -15.542 0.794754 0.761026
V 762.103 657.334 -6.433 0.808523 0.760914
V 792.103 657.334 -1.033 0.822291 0.760801
V 822.103 657.334 3.043 0.836059 0.760689
V 852.103 657.334 10.989 0.849827 0.760576
V 882.103 657.334 20.723 0.863596 0.760463
V 912.103 657.334 30.918 0.877364 0.760350
V 942.103 657.334 38.733 0.891132 0.760238
V 972.103 657.334 39.473 0.904900 0.760125
V 1002.103 657.334 34.300 0.918669 0.760012
V 1032.103 657.334 29.438 0.932437 0.759899
V 1062.103 657.334 29.488 0.946205 0.759786
V -917.897 687.334 144.391 0.037607 0.780964
V -887.897 687.334 151.500 0.051375 0.780854
V -857.897 687.334 161.392 0.065144 0.780744
V -827.897 687.334 169.591 0.078912 0.780634
V -797.897 687.334 172.406 0.092680 0.780524
V -767.897 687.334 172.566 0.106449 0.780414
V -737.897 687.334 174.876 0.120217 0.780304
V -707.897 687.334 178.843 0.133986 0.780194
V -677.897 687.334 179.495 0.147754 0.780084
V -647.897 687.334 178.722 0.161522 0.779974
V -617.897 687.334 174.757 0.175291 0.779864
V -587.897 687.334 166.302 0.189059 0.779754
V -557.897 687.334 157.653 0.202827 0.779643
V -527.897 687.334 146.385 0.216596 0.779533
V -497.897 687.334 134.481 0.230364 0.779422
V -467.897 687.334 122.188 0.244133 0.779312
V -437.897 687.334 111.496 0.257901 0.779201
V -407.897 687.334 107.867 0.271669 0.779091
V -377.897 687.334 111.801 0.285438 0.778980
V -347.897 687.334 116.097 0.299206 0.778870
V -317.897 687.334 109.951 0.312974 0.778759
V -287.897 687.334 109.530 0.326743 0.778648
V -257.897 687.334 111.152 0.340511 0.778537
V -227.897 687.334 113.050 0.354280 0.778427
V -197.897 687.334 117.250 0.368048 0.778316
V -167.897 687.334 112.210 0.381816 0.778205
V -137.897 687.334 104.625 0.395585 0.778094
V -107.897 687.334 96.412 0.409353 0.777983
V -77.897 687.334 89.488 0.423121 0.777872
V -47.897 687.334 86.159 0.436890 0.777760
V -17.897 687.334 81.912 0.450658 0.777649
V 12.103 687.334 77.200 0.464426 0.777538
V 42.103 687.334 76.143 0.478195 0.777427
V 72.103 687.334 78.944 0.491963 0.777315
V 102.103 687.334 83.519 0.505731 0.777204
V 132.103 687.334 77.860 0.519500 0.777092
V 162.103 687.334 64.150 0.533268 0.776981
V 192.103 687.334 48.418 0.547036 0.776869
V 222.103 687.334 35.677 0.560805 0.776758
V 252.103 687.334 38.044 0.574573 0.776646
V 282.103 687.334 45.213 0.588341 0.776534
V 312.103 687.334 41.560 0.602110 0.776423
V 342.103 687.334 28.916 0.615878 0.776311
V 372.103 687.334 14.950 0.629646 0.776199
V 402.103 687.334 1.990 0.643415 0.776087
V 432.103 687.334 -8.964 0.657183 0.775975
V 462.103 687.334 -15.884 0.670951 0.775863
V 492.103 687.334 -18.085 0.684720 0.775751
V 522.103 687.334 -17.995 0.698488 0.775639
V 552.103 687.334 -18.182 0.712256 0.775527
V 582.103 687.334 -18.419 0.726025 0.775414
V 612.103 687.334 -18.273 0.739793 0.775302
V 642.103 687.334 -18.559 0.753561 0.775190
V 672.103 687.334 -18.536 0.767330 0.775078
V 702.103 687.334 -20.090 0.781098 0.774965
V 732.103 687.334 -18.363 0.794866 0.774853
V 762.103 687.334 -11.706 0.808635 0.774740
V 792.103 687.334 -7.972 0.822403 0.774628
V 822.103 687.334 -1.329 0.836171 0.774515
V 852.103 687.334 7.750 0.849940 0.774402
V 882.103 687.334 16.809 0.863708 0.774290
V 912.103 687.334 25.995 0.877476 0.774177
V 942.103 687.334 33.852 0.891244 0.774064
V 972.103 687.334 36.178 0.905013 0.773951
V 1002.103 687.334 31.397 0.918781 0.773838
V 1032.103 687.334 24.725 0.932549 0.773725
V 1062.103 687.334 22.414 0.946318 0.773612
V -917.897 717.334 143.360 0.037716 0.794790
V -887.897 717.334 150.958 0.051485 0.794680
V -857.897 717.334 158.963 0.065253 0.794570
V -827.897 717.334 162.270 0.079021 0.794461
V -797.897 717.334 161.652 0.092790 0.794351
V -767.897 717.334 161.432 0.106558 0.794241
V -737.897 717.334 166.405 0.120327 0.794131
V -707.897 717.334 170.734 0.134095 0.794021
V -677.897 717.334 169.820 0.147864 0.793911
V -647.897 717.334 169.970 0.161632 0.793800
V -617.897 717.334 169.952 0.175401 0.793690
V -587.897 717.334 164.926 0.189169 0.793580
V -557.897 717.334 155.824 0.202937 0.793470
V -527.897 717.334 142.699 0.216706 0.793359
V -497.897 717.334 130.318 0.230474 0.793249
V -467.897 717.334 121.112 0.244243 0.793138
V -437.897 717.334 115.439 0.258011 0.793028
V -407.897 717.334 116.469 0.271779 0.792917
V -377.897 717.334 121.373 0.285548 0.792807
V -347.897 717.334 124.544 0.299316 0.792696
V -317.897 717.334 119.204 0.313085 0.792585
V -287.897 717.334 120.219 0.326853 0.792475
V -257.897 717.334 122.737 0.340622 0.792364
V -227.897 717.334 120.957 0.354390 0.792253
V -197.897 717.334 116.028 0.368158 0.792142
V -167.897 717.334 105.634 0.381927 0.792031
V -137.897 717.334 97.905 0.395695 0.791920
V -107.897 717.334 91.783 0.409464 0.791809
V -77.897 717.334 86.740 0.423232 0.791698
V -47.897 717.334 85.155 0.437000 0.791587
V -17.897 717.334 84.118 0.450769 0.791476
V 12.103 717.334 83.341 0.464537 0.791364
V 42.103 717.334 85.554 0.478306 0.791253
V 72.103 717.334 86.410 0.492074 0.791142
V 102.103 717.334 86.003 0.505842 0.791030
V 132.103 717.334 75.886 0.519611 0.790919
V 162.103 717.334 60.946 0.533379 0.790807
V 192.103 717.334 44.608 0.547148 0.790696
V 222.103 717.334 29.925 0.560916 0.790584
V 252.103 717.334 27.941 0.574684 0.790472
V 282.103 717.334 36.234 0.588453 0.790361
V 312.103 717.334 37.084 0.602221 0.790249
V 342.103 717.334 25.847 0.615989 0.790137
V 372.103 717.334 11.998 0.629758 0.790025
V 402.103 717.334 -0.603 0.643526 0.789913
V 432.103 717.334 -10.729 0.657295 0.789801
V 462.103 717.334 -16.834 0.671063 0.789689
V 492.103 717.334 -18.640 0.684831 0.789577
V 522.103 717.334 -18.546 0.698600 0.789465
V 552.103 717.334 -18.665 0.712368 0.789353
V 582.103 717.334 -18.916 0.726136 0.789241
V 612.103 717.334 -18.736 0.739905 0.789129
V 642.103 717.334 -18.953 0.753673 0.789016
V 672.103 717.334 -19.023 0.767442 0.788904
V 702.103 717.334 -20.201 0.781210 0.788791
V 732.103 717.334 -20.255 0.794978 0.788679
V 762.103 717.334 -16.051 0.808747 0.788566
V 792.103 717.334 -11.558 0.822515 0.788454
V 822.103 717.334 -3.605 0.836283 0.788341
V 852.103 717.334 4.958 0.850052 0.788229
V 882.103 717.334 13.201 0.863820 0.788116
V 912.103 717.334 21.348 0.877588 0.788003
V 942.103 717.334 28.371 0.891357 0.787890
V 972.103 717.334 31.895 0.905125 0.787777
V 1002.103 717.334 28.240 0.918894 0.787665
V 1032.103 717.334 21.572 0.932662 0.787552
V 1062.103 717.334 16.982 0.946430 0.787439
V -917.897 747.334 138.656 0.037825 0.808616
V -887.897 747.334 145.487 0.051594 0.808507
V -857.897 747.334 150.267 0.065362 0.808397
V -827.897 747.334 150.562 0.079131 0.808287
V -797.897 747.334 150.086 0.092899 0.808177
V -767.897 747.334 152.315 0.106668 0.808067
V -737.897 747.334 159.246 0.120436 0.807957
V -707.897 747.334 161.351 0.134205 0.807847
V -677.897 747.334 159.897 0.147973 0.807737
V -647.897 747.334 162.057 0.161742 0.807627
V -617.897 747.334 165.692 0.175510 0.807517
V -587.897 747.334 164.993 0.189279 0.807406
V -557.897 747.334 155.980 0.203047 0.807296
V -527.897 747.334 143.825 0.216816 0.807186
V -497.897 747.334 133.829 0.230584 0.807075
V -467.897 747.334 128.711 0.244353 0.806965
V -437.897 747.334 125.873 0.258121 0.806854
V -407.897 747.334 128.129 0.271890 0.806744
V -377.897 747.334 131.803 0.285658 0.806633
V -347.897 747.334 132.767 0.299427 0.806523
V -317.897 747.334 127.992 0.313195 0.806412
V -287.897 747.334 127.905 0.326963 0.806301
V -257.897 747.334 128.610 0.340732 0.806190
V -227.897 747.334 124.170 0.354500 0.806079
V -197.897 747.334 115.102 0.368269 0.805969
V -167.897 747.334 105.967 0.382037 0.805858
V -137.897 747.334 98.727 0.395806 0.805747
V -107.897 747.334 93.539 0.409574 0.805635
V -77.897 747.334 91.229 0.423343 0.805524
V -47.897 747.334 92.414 0.437111 0.805413
V -17.897 747.334 93.270 0.450880 0.805302
V 12.103 747.334 92.369 0.464648 0.805191
V 42.103 747.334 92.920 0.478416 0.805079
V 72.103 747.334 89.708 0.492185 0.804968
V 102.103 747.334 82.402 0.505953 0.804857
V 132.103 747.334 69.986 0.519722 0.804745
V 162.103 747.334 55.579 0.533490 0.804634
V 192.103 747.334 39.937 0.547259 0.804522
V 222.103 747.334 25.570 0.561027 0.804411
V 252.103 747.334 20.560 0.574796 0.804299
V 282.103 747.334 29.219 0.588564 0.804187
V 312.103 747.334 34.418 0.602332 0.804075
V 342.103 747.334 24.886 0.616101 0.803964
V 372.103 747.334 10.933 0.629869 0.803852
V 402.103 747.334 -1.842 0.643638 0.803740
V 432.103 747.334 -12.123 0.657406 0.803628
V 462.103 747.334 -17.631 0.671175 0.803516
V 492.103 747.334 -18.925 0.684943 0.803404
V 522.103 747.334 -19.132 0.698711 0.803292
V 552.103 747.334 -19.193 0.712480 0.803179
V 582.103 747.334 -19.304 0.726248 0.803067
V 612.103 747.334 -19.130 0.740017 0.802955
V 642.103 747.334 -19.407 0.753785 0.802843
V 672.103 747.334 -19.677 0.767554 0.802730
V 702.103 747.334 -20.232 0.781322 0.802618
V 732.103 747.334 -21.205 0.795090 0.802505
V 762.103 747.334 -18.098 0.808859 0.802393
V 792.103 747.334 -11.578 0.822627 0.802280
V 822.103 747.334 -3.458 0.836396 0.802168
V 852.103 747.334 4.432 0.850164 0.802055
V 882.103 747.334 11.459 0.863932 0.801942
V 912.103 747.334 17.081 0.877701 0.801830
V 942.103 747.334 21.519 0.891469 0.801717
V 972.103 747.334 26.046 0.905238 0.801604
V 1002.103 747.334 26.269 0.919006 0.801491
V 1032.103 747.334 20.181 0.932774 0.801378
V 1062.103 747.334 12.963 0.946543 0.801265
V -917.897 777.334 130.156 0.037935 0.822443
V -887.897 777.334 135.533 0.051703 0.822333
V -857.897 777.334 137.853 0.065472 0.822223
V -827.897 777.334 138.054 0.079240 0.822114
V -797.897 777.334 140.362 0.093009 0.822004
V -767.897 777.334 145.780 0.106777 0.821894
V -737.897 777.334 150.739 0.120546 0.821784
V -707.897 777.334 150.316 0.134314 0.821674
V -677.897 777.334 150.790 0.148083 0.821564
V -647.897 777.334 155.978 0.161852 0.821453
V -617.897 777.334 162.047 0.175620 0.821343
V -587.897 777.334 164.365 0.189389 0.821233
V -557.897 777.334 156.266 0.203157 0.821123
V -527.897 777.334 146.657 0.216926 0.821012
V -497.897 777.334 140.651 0.230694 0.820902
V -467.897 777.334 137.676 0.244463 0.820791
V -437.897 777.334 135.964 0.258231 0.820681
V -407.897 777.334 137.908 0.272000 0.820570
V -377.897 777.334 138.127 0.285768 0.820460
V -347.897 777.334 134.718 0.299537 0.820349
V -317.897 777.334 127.928 0.313305 0.820238
V -287.897 777.334 124.346 0.327074 0.820128
V -257.897 777.334 121.349 0.340842 0.820017
V -227.897 777.334 116.909 0.354611 0.819906
V -197.897 777.334 109.976 0.368379 0.819795
V -167.897 777.334 106.951 0.382148 0.819684
V -137.897 777.334 102.796 0.395916 0.819573
V -107.897 777.334 98.045 0.409685 0.819462
V -77.897 777.334 93.280 0.423453 0.819351
V -47.897 777.334 93.678 0.437222 0.819240
V -17.897 777.334 95.296 0.450990 0.819129
V 12.103 777.334 94.009 0.464759 0.819017
V 42.103 777.334 91.648 0.478527 0.818906
V 72.103 777.334 84.731 0.492296 0.818795
V 102.103 777.334 74.649 0.506064 0.818683
V 132.103 777.334 62.300 0.519833 0.818572
V 162.103 777.334 48.354 0.533601 0.818460
V 192.103 777.334 34.078 0.547370 0.818349
V 222.103 777.334 21.249 0.561138 0.818237
V 252.103 777.334 15.072 0.574907 0.818125
V 282.103 777.334 23.235 0.588675 0.818014
V 312.103 777.334 30.433 0.602444 0.817902
V 342.103 777.334 21.828 0.616212 0.817790
V 372.103 777.334 9.137 0.629981 0.817678
V 402.103 777.334 -2.813 0.643749 0.817566
V 432.103 777.334 -12.550 0.657518 0.817454
V 462.103 777.334 -18.243 0.671286 0.817342
V 492.103 777.334 -19.085 0.685055 0.817230
V 522.103 777.334 -19.487 0.698823 0.817118
V 552.103 777.334 -19.692 0.712592 0.817006
V 582.103 777.334 -19.582 0.726360 0.816894
V 612.103 777.334 -19.493 0.740128 0.816781
V 642.103 777.334 -19.348 0.753897 0.816669
V 672.103 777.334 -19.662 0.767665 0.816557
V 702.103 777.334 -20.303 0.781434 0.816444
V 732.103 777.334 -21.128 0.795202 0.816332
V 762.103 777.334 -19.809 0.808971 0.816219
V 792.103 777.334 -13.716 0.822739 0.816107
V 822.103 777.334 -6.454 0.836508 0.815994
V 852.103 777.334 -0.531 0.850276 0.815881
V 882.103 777.334 4.627 0.864045 0.815769
V 912.103 777.334 8.486 0.877813 0.815656
V 942.103 777.334 12.829 0.891582 0.815543
V 972.103 777.334 19.229 0.905350 0.815430
V 1002.103 777.334 23.860 0.919118 0.815317
V 1032.103 777.334 19.982 0.932887 0.815204
V 1062.103 777.334 12.073 0.946655 0.815091
V -917.897 807.334 119.480 0.038044 0.836270
V -887.897 807.334 124.126 0.051813 0.836160
V -857.897 807.334 125.632 0.065581 0.836050
V -827.897 807.334 128.103 0.079350 0.835940
V -797.897 807.334 133.922 0.093118 0.835830
V -767.897 807.334 139.897 0.106887 0.835720
V -737.897 807.334 140.722 0.120655 0.835610
V -707.897 807.334 140.773 0.134424 0.835500
V -677.897 807.334 144.951 0.148193 0.835390
V -647.897 807.334 149.991 0.161961 0.835280
V -617.897 807.334 155.043 0.175730 0.835170
V -587.897 807.334 158.064 0.189498 0.835060
V -557.897 807.334 152.101 0.203267 0.834949
V -527.897 807.334 144.072 0.217036 0.834839
V -497.897 807.334 139.423 0.230804 0.834728
V -467.897 807.334 136.024 0.244573 0.834618
V -437.897 807.334 136.831 0.258341 0.834507
V -407.897 807.334 137.701 0.272110 0.834397
V -377.897 807.334 133.155 0.285878 0.834286
V -347.897 807.334 127.190 0.299647 0.834176
V -317.897 807.334 118.244 0.313416 0.834065
V -287.897 807.334 110.767 0.327184 0.833954
V -257.897 807.334 106.229 0.340953 0.833843
V -227.897 807.334 103.801 0.354721 0.833732
V -197.897 807.334 98.458 0.368490 0.833622
V -167.897 807.334 99.463 0.382258 0.833511
V -137.897 807.334 97.734 0.396027 0.833400
V -107.897 807.334 94.045 0.409795 0.833289
V -77.897 807.334 87.125 0.423564 0.833177
V -47.897 807.334 84.035 0.437333 0.833066
V -17.897 807.334 85.855 0.451101 0.832955
V 12.103 807.334 84.527 0.464870 0.832844
V 42.103 807.334 81.546 0.478638 0.832732
V 72.103 807.334 77.522 0.492407 0.832621
V 102.103 807.334 67.157 0.506175 0.832510
V 132.103 807.334 54.316 0.519944 0.832398
V 162.103 807.334 40.574 0.533712 0.832287
V 192.103 807.334 27.167 0.547481 0.832175
V 222.103 807.334 14.719 0.561249 0.832064
V 252.103 807.334 9.738 0.575018 0.831952
V 282.103 807.334 19.014 0.588787 0.831840
V 312.103 807.334 25.262 0.602555 0.831728
V 342.103 807.334 16.736 0.616324 0.831617
V 372.103 807.334 4.802 0.630092 0.831505
V 402.103 807.334 -5.814 0.643861 0.831393
V 432.103 807.334 -13.919 0.657629 0.831281
V 462.103 807.334 -18.571 0.671398 0.831169
V 492.103 807.334 -19.289 0.685166 0.831057
V 522.103 807.334 -19.644 0.698935 0.830945
V 552.103 807.334 -19.990 0.712703 0.830832
V 582.103 807.334 -19.962 0.726472 0.830720
V 612.103 807.334 -20.022 0.740240 0.830608
V 642.103 807.334 -19.854 0.754009 0.830496
V 672.103 807.334 -19.665 0.767777 0.830383
V 702.103 807.334 -20.120 0.781546 0.830271
V 732.103 807.334 -20.771 0.795314 0.830158
V 762.103 807.334 -21.651 0.809083 0.830046
V 792.103 807.334 -18.244 0.822851 0.829933
V 822.103 807.334 -13.014 0.836620 0.829821
V 852.103 807.334 -8.061 0.850388 0.829708
V 882.103 807.334 -4.347 0.864157 0.829595
V 912.103 807.334 -1.569 0.877925 0.829483
V 942.103 807.334 4.551 0.891694 0.829370
V 972.103 807.334 12.499 0.905462 0.829257
V 1002.103 807.334 20.229 0.919231 0.829144
V 1032.103 807.334 19.792 0.932999 0.829031
V 1062.103 807.334 12.736 0.946768 0.828918
V -917.897 837.334 107.684 0.038153 0.850096
V -887.897 837.334 111.834 0.051922 0.849986
V -857.897 837.334 114.624 0.065690 0.849877
V -827.897 837.334 121.181 0.079459 0.849767
V -797.897 837.334 128.648 0.093228 0.849657
V -767.897 837.334 131.694 0.106996 0.849547
V -737.897 837.334 130.413 0.120765 0.849437
V -707.897 837.334 133.835 0.134534 0.849327
V -677.897 837.334 139.447 0.148302 0.849217
V -647.897 837.334 140.073 0.162071 0.849107
V -617.897 837.334 142.636 0.175840 0.848996
V -587.897 837.334 146.521 0.189608 0.848886
V -557.897 837.334 142.353 0.203377 0.848776
V -527.897 837.334 134.424 0.217145 0.848665
V -497.897 837.334 129.083 0.230914 0.848555
V -467.897 837.334 124.679 0.244683 0.848445
V -437.897 837.334 127.033 0.258451 0.848334
V -407.897 837.334 128.146 0.272220 0.848224
V -377.897 837.334 121.111 0.285989 0.848113
V -347.897 837.334 115.366 0.299757 0.848002
V -317.897 837.334 109.011 0.313526 0.847892
V -287.897 837.334 99.822 0.327294 0.847781
V -257.897 837.334 93.384 0.341063 0.847670
V -227.897 837.334 91.386 0.354832 0.847559
V -197.897 837.334 87.111 0.368600 0.847448
V -167.897 837.334 88.149 0.382369 0.847337
V -137.897 837.334 86.285 0.396137 0.847226
V -107.897 837.334 84.452 0.409906 0.847115
V -77.897 837.334 80.400 0.423675 0.847004
V -47.897 837.334 73.274 0.437443 0.846893
V -17.897 837.334 74.351 0.451212 0.846782
V 12.103 837.334 72.744 0.464980 0.846670
V 42.103 837.334 70.695 0.478749 0.846559
V 72.103 837.334 71.322 0.492518 0.846448
V 102.103 837.334 61.641 0.506286 0.846336
V 132.103 837.334 47.859 0.520055 0.846225
V 162.103 837.334 33.757 0.533823 0.846113
V 192.103 837.334 20.889 0.547592 0.846002
V 222.103 837.334 9.111 0.561361 0.845890
V 252.103 837.334 4.572 0.575129 0.845778
V 282.103 837.334 13.764 0.588898 0.845667
V 312.103 837.334 19.770 0.602666 0.845555
V 342.103 837.334 11.751 0.616435 0.845443
V 372.103 837.334 0.215 0.630204 0.845331
V 402.103 837.334 -9.225 0.643972 0.845219
V 432.103 837.334 -15.619 0.657741 0.845107
V 462.103 837.334 -18.571 0.671509 0.844995
V 492.103 837.334 -19.304 0.685278 0.844883
V 522.103 837.334 -19.768 0.699046 0.844771
V 552.103 837.334 -20.158 0.712815 0.844659
V 582.103 837.334 -20.172 0.726584 0.844547
V 612.103 837.334 -20.210 0.740352 0.844435
V 642.103 837.334 -19.861 0.754121 0.844322
V 672.103 837.334 -19.874 0.767889 0.844210
V 702.103 837.334 -20.559 0.781658 0.844097
V 732.103 837.334 -21.051 0.795426 0.843985
V 762.103 837.334 -21.628 0.809195 0.843872
V 792.103 837.334 -22.003 0.822964 0.843760
V 822.103 837.334 -19.199 0.836732 0.843647
V 852.103 837.334 -15.643 0.850501 0.843535
V 882.103 837.334 -12.565 0.864269 0.843422
V 912.103 837.334 -8.227 0.878038 0.843309
V 942.103 837.334 -1.150 0.891806 0.843196
V 972.103 837.334 6.550 0.905575 0.843083
V 1002.103 837.334 14.522 0.919343 0.842970
V 1032.103 837.334 19.425 0.933112 0.842857
V 1062.103 837.334 14.498 0.946880 0.842744
V -917.897 867.334 101.548 0.038262 0.863923
V -887.897 867.334 101.436 0.052031 0.863813
V -857.897 867.334 104.609 0.065800 0.863703
V -827.897 867.334 113.998 0.079569 0.863594
V -797.897 867.334 121.010 0.093337 0.863484
V -767.897 867.334 121.156 0.107106 0.863374
V -737.897 867.334 121.337 0.120875 0.863264
V -707.897 867.334 128.511 0.134643 0.863154
V -677.897 867.334 131.508 0.148412 0.863043
V -647.897 867.334 127.722 0.162181 0.862933
V -617.897 867.334 130.240 0.175949 0.862823
V -587.897 867.334 136.117 0.189718 0.862713
V -557.897 867.334 132.130 0.203487 0.862603
V -527.897 867.334 124.380 0.217255 0.862492
V -497.897 867.334 117.830 0.231024 0.862382
V -467.897 867.334 112.572 0.244793 0.862271
V -437.897 867.334 115.496 0.258561 0.862161
V -407.897 867.334 117.562 0.272330 0.862050
V -377.897 867.334 111.055 0.286099 0.861940
V -347.897 867.334 103.259 0.299867 0.861829
V -317.897 867.334 99.268 0.313636 0.861718
V -287.897 867.334 92.929 0.327405 0.861607
V -257.897 867.334 84.650 0.341173 0.861497
V -227.897 867.334 80.278 0.354942 0.861386
V -197.897 867.334 77.180 0.368711 0.861275
V -167.897 867.334 79.113 0.382479 0.861164
V -137.897 867.334 76.965 0.396248 0.861053
V -107.897 867.334 75.670 0.410017 0.860942
V -77.897 867.334 75.430 0.423785 0.860831
V -47.897 867.334 66.985 0.437554 0.860720
V -17.897 867.334 64.042 0.451323 0.860608
V 12.103 867.334 61.201 0.465091 0.860497
V 42.103 867.334 60.736 0.478860 0.860386
V 72.103 867.334 62.925 0.492629 0.860274
V 102.103 867.334 55.756 0.506397 0.860163
V 132.103 867.334 42.717 0.520166 0.860051
V 162.103 867.334 28.994 0.533935 0.859940
V 192.103 867.334 15.908 0.547703 0.859828
V 222.103 867.334 4.826 0.561472 0.859717
V 252.103 867.334 -0.689 0.575240 0.859605
V 282.103 867.334 6.918 0.589009 0.859493
V 312.103 867.334 14.060 0.602778 0.859382
V 342.103 867.334 7.687 0.616546 0.859270
V 372.103 867.334 -3.115 0.630315 0.859158
V 402.103 867.334 -11.426 0.644084 0.859046
V 432.103 867.334 -16.966 0.657852 0.858934
V 462.103 867.334 -18.756 0.671621 0.858822
V 492.103 867.334 -19.346 0.685389 0.858710
V 522.103 867.334 -19.825 0.699158 0.858598
V 552.103 867.334 -20.045 0.712927 0.858486
V 582.103 867.334 -20.066 0.726695 0.858373
V 612.103 867.334 -19.583 0.740464 0.858261
V 642.103 867.334 -19.709 0.754233 0.858149
V 672.103 867.334 -20.853 0.768001 0.858036
V 702.103 867.334 -21.296 0.781770 0.857924
V 732.103 867.334 -21.625 0.795538 0.857812
V 762.103 867.334 -21.682 0.809307 0.857699
V 792.103 867.334 -22.595 0.823076 0.857586
V 822.103 867.334 -21.652 0.836844 0.857474
V 852.103 867.334 -20.411 0.850613 0.857361
V 882.103 867.334 -18.652 0.864381 0.857248
V 912.103 867.334 -12.961 0.878150 0.857136
V 942.103 867.334 -6.934 0.891919 0.857023
V 972.103 867.334 -0.851 0.905687 0.856910
V 1002.103 867.334 7.524 0.919456 0.856797
V 1032.103 867.334 15.317 0.933224 0.856684
V 1062.103 867.334 14.892 0.946993 0.856571
V -917.897 897.334 104.643 0.038372 0.877750
V -887.897 897.334 98.570 0.052141 0.877640
V -857.897 897.334 97.308 0.065909 0.877530
V -827.897 897.334 104.743 0.079678 0.877420
V -797.897 897.334 111.052 0.093447 0.877310
V -767.897 897.334 110.736 0.107215 0.877200
V -737.897 897.334 114.780 0.120984 0.877090
V -707.897 897.334 123.965 0.134753 0.876980
V -677.897 897.334 123.273 0.148522 0.876870
V -647.897 897.334 117.331 0.162290 0.876760
V -617.897 897.334 120.849 0.176059 0.876650
V -587.897 897.334 127.235 0.189828 0.876540
V -557.897 897.334 122.905 0.203597 0.876429
V -527.897 897.334 114.957 0.217365 0.876319
V -497.897 897.334 107.686 0.231134 0.876208
V -467.897 897.334 102.324 0.244903 0.876098
V -437.897 897.334 105.982 0.258671 0.875987
V -407.897 897.334 107.143 0.272440 0.875877
V -377.897 897.334 103.362 0.286209 0.875766
V -347.897 897.334 95.208 0.299978 0.875656
V -317.897 897.334 87.866 0.313746 0.875545
V -287.897 897.334 85.375 0.327515 0.875434
V -257.897 897.334 80.603 0.341284 0.875323
V -227.897 897.334 72.948 0.355052 0.875212
V -197.897 897.334 68.683 0.368821 0.875102
V -167.897 897.334 72.642 0.382590 0.874991
V -137.897 897.334 70.935 0.396359 0.874880
V -107.897 897.334 69.077 0.410127 0.874769
V -77.897 897.334 71.163 0.423896 0.874657
V -47.897 897.334 64.292 0.437665 0.874546
V -17.897 897.334 56.350 0.451433 0.874435
V 12.103 897.334 50.691 0.465202 0.874324
V 42.103 897.334 49.680 0.478971 0.874212
V 72.103 897.334 50.396 0.492740 0.874101
V 102.103 897.334 45.454 0.506508 0.873990
V 132.103 897.334 34.817 0.520277 0.873878
V 162.103 897.334 23.140 0.534046 0.873767
V 192.103 897.334 11.107 0.547814 0.873655
V 222.103 897.334 0.115 0.561583 0.873543
V 252.103 897.334 -5.386 0.575352 0.873432
V 282.103 897.334 -0.314 0.589120 0.873320
V 312.103 897.334 4.723 0.602889 0.873208
V 342.103 897.334 0.166 0.616658 0.873096
V 372.103 897.334 -7.513 0.630426 0.872985
V 402.103 897.334 -13.906 0.644195 0.872873
V 432.103 897.334 -17.878 0.657964 0.872761
V 462.103 897.334 -18.878 0.671732 0.872649
V 492.103 897.334 -19.278 0.685501 0.872537
V 522.103 897.334 -19.870 0.699270 0.872424
V 552.103 897.334 -19.797 0.713038 0.872312
V 582.103 897.334 -19.494 0.726807 0.872200
V 612.103 897.334 -20.415 0.740576 0.872088
V 642.103 897.334 -20.865 0.754344 0.871975
V 672.103 897.334 -20.703 0.768113 0.871863
V 702.103 897.334 -21.478 0.781882 0.871751
V 732.103 897.334 -21.903 0.795650 0.871638
V 762.103 897.334 -22.048 0.809419 0.871526
V 792.103 897.334 -22.809 0.823188 0.871413
V 822.103 897.334 -22.840 0.836956 0.871300
V 852.103 897.334 -21.860 0.850725 0.871188
V 882.103 897.334 -20.978 0.864494 0.871075
V 912.103 897.334 -18.205 0.878262 0.870962
V 942.103 897.334 -13.171 0.892031 0.870849
V 972.103 897.334 -7.132 0.905800 0.870737
V 1002.103 897.334 1.051 0.919568 0.870624
V 1032.103 897.334 9.267 0.933337 0.870511
V 1062.103 897.334 11.124 0.947106 0.870398
V -917.897 927.334 110.802 0.038481 0.891576
V -887.897 927.334 101.692 0.052250 0.891467
V -857.897 927.334 94.322 0.066019 0.891357
V -827.897 927.334 96.631 0.079787 0.891247
V -797.897 927.334 101.922 0.093556 0.891137
V -767.897 927.334 102.997 0.107325 0.891027
V -737.897 927.334 111.192 0.121094 0.890917
V -707.897 927.334 119.926 0.134863 0.890807
V -677.897 927.334 116.116 0.148631 0.890697
V -647.897 927.334 109.351 0.162400 0.890587
V -617.897 927.334 113.376 0.176169 0.890477
V -587.897 927.334 120.316 0.189938 0.890366
V -557.897 927.334 116.293 0.203706 0.890256
V -527.897 927.334 106.913 0.217475 0.890146
V -497.897 927.334 99.238 0.231244 0.890035
V -467.897 927.334 94.195 0.245013 0.889925
V -437.897 927.334 98.392 0.258782 0.889814
V -407.897 927.334 98.313 0.272550 0.889704
V -377.897 927.334 95.017 0.286319 0.889593
V -347.897 927.334 90.746 0.300088 0.889482
V -317.897 927.334 80.554 0.313857 0.889372
V -287.897 927.334 76.165 0.327625 0.889261
V -257.897 927.334 77.697 0.341394 0.889150
V -227.897 927.334 71.289 0.355163 0.889039
V -197.897 927.334 62.701 0.368932 0.888928
V -167.897 927.334 66.192 0.382700 0.888817
V -137.897 927.334 66.239 0.396469 0.888706
V -107.897 927.334 63.671 0.410238 0.888595
V -77.897 927.334 68.880 0.424007 0.888484
V -47.897 927.334 66.770 0.437775 0.888373
V -17.897 927.334 56.810 0.451544 0.888262
V 12.103 927.334 45.946 0.465313 0.888150
V 42.103 927.334 39.063 0.479082 0.888039
V 72.103 927.334 37.357 0.492850 0.887928
V 102.103 927.334 33.512 0.506619 0.887816
V 132.103 927.334 25.410 0.520388 0.887705
V 162.103 927.334 15.741 0.534157 0.887593
V 192.103 927.334 4.904 0.547925 0.887482
V 222.103 927.334 -3.942 0.561694 0.887370
V 252.103 927.334 -8.858 0.575463 0.887259
V 282.103 927.334 -7.053 0.589232 0.887147
V 312.103 927.334 -6.622 0.603000 0.887035
V 342.103 927.334 -10.227 0.616769 0.886923
V 372.103 927.334 -13.866 0.630538 0.886811
V 402.103 927.334 -16.955 0.644307 0.886699
V 432.103 927.334 -18.607 0.658075 0.886587
V 462.103 927.334 -18.898 0.671844 0.886475
V 492.103 927.334 -19.070 0.685613 0.886363
V 522.103 927.334 -19.146 0.699381 0.886251
V 552.103 927.334 -19.467 0.713150 0.886139
V 582.103 927.334 -19.632 0.726919 0.886027
V 612.103 927.334 -20.359 0.740688 0.885915
V 642.103 927.334 -21.331 0.754456 0.885802
V 672.103 927.334 -21.883 0.768225 0.885690
V 702.103 927.334 -22.335 0.781994 0.885577
V 732.103 927.334 -22.376 0.795762 0.885465
V 762.103 927.334 -22.777 0.809531 0.885352
V 792.103 927.334 -22.703 0.823300 0.885240
V 822.103 927.334 -23.743 0.837069 0.885127
V 852.103 927.334 -23.822 0.850837 0.885015
V 882.103 927.334 -23.290 0.864606 0.884902
V 912.103 927.334 -21.330 0.878375 0.884789
V 942.103 927.334 -17.395 0.892143 0.884676
V 972.103 927.334 -11.961 0.905912 0.884563
V 1002.103 927.334 -4.829 0.919681 0.884450
V 1032.103 927.334 2.681 0.933450 0.884337
V 1062.103 927.334 6.445 0.947218 0.884224
V -917.897 957.334 114.575 0.038590 0.905403
V -887.897 957.334 104.259 0.052359 0.905294
V -857.897 957.334 93.916 0.066128 0.905184
V -827.897 957.334 91.999 0.079897 0.905074
V -797.897 957.334 95.403 0.093666 0.904964
V -767.897 957.334 97.726 0.107435 0.904854
V -737.897 957.334 107.621 0.121203 0.904744
V -707.897 957.334 115.608 0.134972 0.904634
V -677.897 957.334 110.104 0.148741 0.904524
V -647.897 957.334 103.220 0.162510 0.904414
V -617.897 957.334 108.116 0.176279 0.904303
V -587.897 957.334 116.596 0.190048 0.904193
V -557.897 957.334 112.560 0.203816 0.904083
V -527.897 957.334 101.739 0.217585 0.903972
V -497.897 957.334 92.453 0.231354 0.903862
V -467.897 957.334 88.092 0.245123 0.903752
V -437.897 957.334 93.608 0.258892 0.903641
V -407.897 957.334 93.894 0.272660 0.903530
V -377.897 957.334 86.714 0.286429 0.903420
V -347.897 957.334 83.420 0.300198 0.903309
V -317.897 957.334 76.234 0.313967 0.903198
V -287.897 957.334 68.502 0.327736 0.903088
V -257.897 957.334 70.741 0.341505 0.902977
V -227.897 957.334 68.802 0.355273 0.902866
V -197.897 957.334 58.761 0.369042 0.902755
V -167.897 957.334 58.126 0.382811 0.902644
V -137.897 957.334 59.807 0.396580 0.902533
V -107.897 957.334 57.211 0.410349 0.902422
V -77.897 957.334 60.868 0.424117 0.902311
V -47.897 957.334 61.046 0.437886 0.902200
V -17.897 957.334 54.836 0.451655 0.902089
V 12.103 957.334 44.790 0.465424 0.901977
V 42.103 957.334 33.408 0.479193 0.901866
V 72.103 957.334 25.905 0.492961 0.901755
V 102.103 957.334 20.929 0.506730 0.901643
V 132.103 957.334 14.424 0.520499 0.901532
V 162.103 957.334 7.295 0.534268 0.901420
V 192.103 957.334 -0.568 0.548037 0.901309
V 222.103 957.334 -6.244 0.561805 0.901197
V 252.103 957.334 -9.396 0.575574 0.901085
V 282.103 957.334 -10.926 0.589343 0.900974
V 312.103 957.334 -12.319 0.603112 0.900862
V 342.103 957.334 -14.315 0.616880 0.900750
V 372.103 957.334 -15.841 0.630649 0.900638
V 402.103 957.334 -17.487 0.644418 0.900526
V 432.103 957.334 -18.503 0.658187 0.900414
V 462.103 957.334 -18.719 0.671956 0.900302
V 492.103 957.334 -18.755 0.685724 0.900190
V 522.103 957.334 -19.080 0.699493 0.900078
V 552.103 957.334 -19.376 0.713262 0.899966
V 582.103 957.334 -19.840 0.727031 0.899854
V 612.103 957.334 -20.642 0.740799 0.899741
V 642.103 957.334 -21.569 0.754568 0.899629
V 672.103 957.334 -22.101 0.768337 0.899517
V 702.103 957.334 -22.308 0.782106 0.899404
V 732.103 957.334 -22.473 0.795875 0.899292
V 762.103 957.334 -22.741 0.809643 0.899179
V 792.103 957.334 -22.706 0.823412 0.899067
V 822.103 957.334 -23.036 0.837181 0.898954
V 852.103 957.334 -23.590 0.850950 0.898841
V 882.103 957.334 -24.557 0.864718 0.898729
V 912.103 957.334 -24.471 0.878487 0.898616
V 942.103 957.334 -22.099 0.892256 0.898503
V 972.103 957.334 -16.995 0.906025 0.898390
V 1002.103 957.334 -11.332 0.919793 0.898277
V 1032.103 957.334 -6.088 0.933562 0.898164
V 1062.103 957.334 -1.513 0.947331 0.898051
V -917.897 987.334 116.269 0.038700 0.919230
V -887.897 987.334 105.669 0.052468 0.919120
V -857.897 987.334 94.317 0.066237 0.919011
V -827.897 987.334 88.757 0.080006 0.918901
V -797.897 987.334 89.900 0.093775 0.918791
V -767.897 987.334 93.399 0.107544 0.918681
V -737.897 987.334 103.591 0.121313 0.918571
V -707.897 987.334 111.166 0.135082 0.918461
V -677.897 987.334 105.037 0.148851 0.918351
V -647.897 987.334 98.961 0.162620 0.918241
V -617.897 987.334 105.483 0.176388 0.918130
V -587.897 987.334 114.214 0.190157 0.918020
V -557.897 987.334 109.167 0.203926 0.917910
V -527.897 987.334 98.396 0.217695 0.917799
V -497.897 987.334 87.565 0.231464 0.917689
V -467.897 987.334 82.550 0.245233 0.917578
V -437.897 987.334 89.741 0.259002 0.917468
V -407.897 987.334 92.058 0.272771 0.917357
V -377.897 987.334 82.734 0.286539 0.917247
V -347.897 987.334 73.910 0.300308 0.917136
V -317.897 987.334 69.598 0.314077 0.917025
V -287.897 987.334 62.981 0.327846 0.916915
V -257.897 987.334 61.182 0.341615 0.916804
V -227.897 987.334 59.807 0.355384 0.916693
V -197.897 987.334 53.520 0.369153 0.916582
V -167.897 987.334 49.049 0.382921 0.916471
V -137.897 987.334 49.971 0.396690 0.916360
V -107.897 987.334 47.388 0.410459 0.916249
V -77.897 987.334 47.884 0.424228 0.916138
V -47.897 987.334 48.521 0.437997 0.916027
V -17.897 987.334 46.627 0.451766 0.915915
V 12.103 987.334 42.057 0.465535 0.915804
V 42.103 987.334 33.638 0.479303 0.915693
V 72.103 987.334 23.996 0.493072 0.915581
V 102.103 987.334 15.793 0.506841 0.915470
V 132.103 987.334 9.898 0.520610 0.915359
V 162.103 987.334 4.773 0.534379 0.915247
V 192.103 987.334 1.137 0.548148 0.915135
V 222.103 987.334 -1.154 0.561917 0.915024
V 252.103 987.334 -3.969 0.575685 0.914912
V 282.103 987.334 -7.750 0.589454 0.914800
V 312.103 987.334 -10.333 0.603223 0.914689
V 342.103 987.334 -12.709 0.616992 0.914577
V 372.103 987.334 -13.888 0.630761 0.914465
V 402.103 987.334 -15.768 0.644530 0.914353
V 432.103 987.334 -17.445 0.658298 0.914241
V 462.103 987.334 -17.908 0.672067 0.914129
V 492.103 987.334 -18.204 0.685836 0.914017
V 522.103 987.334 -18.836 0.699605 0.913905
V 552.103 987.334 -19.996 0.713374 0.913793
V 582.103 987.334 -21.033 0.727142 0.913680
V 612.103 987.334 -21.756 0.740911 0.913568
V 642.103 987.334 -22.429 0.754680 0.913456
V 672.103 987.334 -22.397 0.768449 0.913343
V 702.103 987.334 -22.402 0.782218 0.913231
V 732.103 987.334 -22.735 0.795987 0.913118
V 762.103 987.334 -23.144 0.809755 0.913006
V 792.103 987.334 -23.271 0.823524 0.912893
V 822.103 987.334 -23.436 0.837293 0.912781
V 852.103 987.334 -23.415 0.851062 0.912668
V 882.103 987.334 -23.990 0.864831 0.912555
V 912.103 987.334 -24.182 0.878599 0.912443
V 942.103 987.334 -24.349 0.892368 0.912330
V 972.103 987.334 -22.204 0.906137 0.912217
V 1002.103 987.334 -17.879 0.919906 0.912104
V 1032.103 987.334 -13.692 0.933675 0.911991
V 1062.103 987.334 -9.242 0.947443 0.911878
V -917.897 1017.334 117.305 0.038809 0.933057
V -887.897 1017.334 106.882 0.052578 0.932947
V -857.897 1017.334 94.897 0.066347 0.932838
V -827.897 1017.334 87.183 0.080116 0.932728
V -797.897 1017.334 85.264 0.093885 0.932618
V -767.897 1017.334 89.076 0.107654 0.932508
V -737.897 1017.334 100.203 0.121423 0.932398
V -707.897 1017.334 106.926 0.135191 0.932288
V -677.897 1017.334 99.849 0.148960 0.932178
V -647.897 1017.334 94.665 0.162729 0.932067
V -617.897 1017.334 102.192 0.176498 0.931957
V -587.897 1017.334 110.575 0.190267 0.931847
V -557.897 1017.334 106.211 0.204036 0.931737
V -527.897 1017.334 96.000 0.217805 0.931626
V -497.897 1017.334 86.047 0.231574 0.931516
V -467.897 1017.334 78.904 0.245343 0.931405
V -437.897 1017.334 82.900 0.259112 0.931295
V -407.897 1017.334 85.688 0.272881 0.931184
V -377.897 1017.334 79.816 0.286650 0.931074
V -347.897 1017.334 69.109 0.300419 0.930963
V -317.897 1017.334 63.454 0.314187 0.930852
V -287.897 1017.334 60.949 0.327956 0.930741
V -257.897 1017.334 58.162 0.341725 0.930631
V -227.897 1017.334 53.095 0.355494 0.930520
V -197.897 1017.334 46.832 0.369263 0.930409
V -167.897 1017.334 41.440 0.383032 0.930298
V -137.897 1017.334 39.777 0.396801 0.930187
V -107.897 1017.334 37.006 0.410570 0.930076
V -77.897 1017.334 35.470 0.424339 0.929965
V -47.897 1017.334 36.253 0.438108 0.929854
V -17.897 1017.334 36.065 0.451877 0.929742
V 12.103 1017.334 36.456 0.465645 0.929631
V 42.103 1017.334 34.574 0.479414 0.929520
V 72.103 1017.334 29.796 0.493183 0.929408
V 102.103 1017.334 23.834 0.506952 0.929297
V 132.103 1017.334 18.708 0.520721 0.929185
V 162.103 1017.334 13.788 0.534490 0.929074
V 192.103 1017.334 9.778 0.548259 0.928962
V 222.103 1017.334 6.170 0.562028 0.928851
V 252.103 1017.334 2.480 0.575797 0.928739
V 282.103 1017.334 -2.454 0.589565 0.928627
V 312.103 1017.334 -6.146 0.603334 0.928516
V 342.103 1017.334 -9.372 0.617103 0.928404
V 372.103 1017.334 -10.045 0.630872 0.928292
V 402.103 1017.334 -11.635 0.644641 0.928180
V 432.103 1017.334 -13.155 0.658410 0.928068
V 462.103 1017.334 -14.051 0.672179 0.927956
V 492.103 1017.334 -15.619 0.685948 0.927844
V 522.103 1017.334 -17.068 0.699717 0.927732
V 552.103 1017.334 -19.908 0.713485 0.927619
V 582.103 1017.334 -22.222 0.727254 0.927507
V 612.103 1017.334 -22.594 0.741023 0.927395
V 642.103 1017.334 -22.721 0.754792 0.927283
V 672.103 1017.334 -22.823 0.768561 0.927170
V 702.103 1017.334 -22.958 0.782330 0.927058
V 732.103 1017.334 -23.089 0.796099 0.926945
V 762.103 1017.334 -23.512 0.809867 0.926833
V 792.103 1017.334 -23.630 0.823636 0.926720
V 822.103 1017.334 -23.765 0.837405 0.926608
V 852.103 1017.334 -23.544 0.851174 0.926495
V 882.103 1017.334 -23.933 0.864943 0.926382
V 912.103 1017.334 -24.388 0.878712 0.926269
V 942.103 1017.334 -24.563 0.892481 0.926157
V 972.103 1017.334 -24.785 0.906249 0.926044
V 1002.103 1017.334 -22.673 0.920018 0.925931
V 1032.103 1017.334 -19.096 0.933787 0.925818
V 1062.103 1017.334 -15.209 0.947556 0.925705
V -917.897 1047.334 116.471 0.038918 0.946884
V -887.897 1047.334 106.591 0.052687 0.946774
V -857.897 1047.334 97.215 0.066456 0.946665
V -827.897 1047.334 91.266 0.080225 0.946555
V -797.897 1047.334 85.088 0.093994 0.946445
V -767.897 1047.334 83.791 0.107763 0.946335
V -737.897 1047.334 92.712 0.121532 0.946225
V -707.897 1047.334 99.913 0.135301 0.946115
V -677.897 1047.334 95.370 0.149070 0.946005
V -647.897 1047.334 89.858 0.162839 0.945894
V -617.897 1047.334 95.776 0.176608 0.945784
V -587.897 1047.334 103.545 0.190377 0.945674
V -557.897 1047.334 101.452 0.204146 0.945564
V -527.897 1047.334 94.459 0.217915 0.945453
V -497.897 1047.334 89.068 0.231684 0.945343
V -467.897 1047.334 80.689 0.245453 0.945232
V -437.897 1047.334 76.526 0.259222 0.945122
V -407.897 1047.334 75.321 0.272991 0.945011
V -377.897 1047.334 72.206 0.286760 0.944901
V -347.897 1047.334 68.424 0.300529 0.944790
V -317.897 1047.334 67.046 0.314298 0.944679
V -287.897 1047.334 68.883 0.328067 0.944568
V -257.897 1047.334 67.911 0.341836 0.944458
V -227.897 1047.334 60.828 0.355605 0.944347
V -197.897 1047.334 51.390 0.369374 0.944236
V -167.897 1047.334 41.985 0.383143 0.944125
V -137.897 1047.334 35.574 0.396912 0.944014
V -107.897 1047.334 31.880 0.410680 0.943903
V -77.897 1047.334 28.554 0.424449 0.943792
V -47.897 1047.334 26.518 0.438218 0.943680
V -17.897 1047.334 26.296 0.451987 0.943569
V 12.103 1047.334 28.342 0.465756 0.943458
V 42.103 1047.334 30.864 0.479525 0.943347
V 72.103 1047.334 31.842 0.493294 0.943235
V 102.103 1047.334 30.654 0.507063 0.943124
V 132.103 1047.334 26.757 0.520832 0.943012
V 162.103 1047.334 22.306 0.534601 0.942901
V 192.103 1047.334 16.696 0.548370 0.942789
V 222.103 1047.334 11.427 0.562139 0.942678
V 252.103 1047.334 6.515 0.575908 0.942566
V 282.103 1047.334 1.155 0.589677 0.942454
V 312.103 1047.334 -2.939 0.603446 0.942342
V 342.103 1047.334 -3.892 0.617215 0.942231
V 372.103 1047.334 -3.639 0.630984 0.942119
V 402.103 1047.334 -6.166 0.644752 0.942007
V 432.103 1047.334 -9.007 0.658521 0.941895
V 462.103 1047.334 -10.652 0.672290 0.941783
V 492.103 1047.334 -12.595 0.686059 0.941671
V 522.103 1047.334 -15.540 0.699828 0.941559
V 552.103 1047.334 -19.310 0.713597 0.941446
V 582.103 1047.334 -21.972 0.727366 0.941334
V 612.103 1047.334 -22.900 0.741135 0.941222
V 642.103 1047.334 -23.517 0.754904 0.941110
V 672.103 1047.334 -23.349 0.768673 0.940997
V 702.103 1047.334 -23.432 0.782442 0.940885
V 732.103 1047.334 -23.625 0.796211 0.940772
V 762.103 1047.334 -23.708 0.809980 0.940660
V 792.103 1047.334 -23.878 0.823748 0.940547
V 822.103 1047.334 -24.119 0.837517 0.940435
V 852.103 1047.334 -23.905 0.851286 0.940322
V 882.103 1047.334 -24.108 0.865055 0.940209
V 912.103 1047.334 -24.401 0.878824 0.940096
V 942.103 1047.334 -24.702 0.892593 0.939983
V 972.103 1047.334 -24.908 0.906362 0.939871
V 1002.103 1047.334 -25.394 0.920131 0.939758
V 1032.103 1047.334 -22.327 0.933900 0.939645
V 1062.103 1047.334 -18.901 0.947669 0.939532
F 7962 10949 10999
F 10899 10949 7702
F 4723 10297 10247
F 10297 4723 4788
F 6293 6294 4522
F 4538 10183 10184
F 5178 10397 10347
F 10397 5178 5243
F 10948 10949 7962
F 10180 4528 10247
F 10181 4528 10180
F 4528 10181 4529
F 4531 10181 10182
F 4532 4531 10182
F 6022 10549 10548
F 5762 10449 10499
F 10185 4542 10184
F 4542 10185 4543
F 10183 4534 10182
F 10847 7443 10897
F 7443 7508 10897
F 7183 7248 10847
F 10797 7183 10847
F 7183 10797 7118
F 4577 4576 10194
F 4576 10193 10194
F 4579 10194 10195
F 4580 4579 10195
F 10399 10449 5502
F 10196 4583 10195
F 4567 10191 4568
F 10191 10192 4568
F 10181 4530 4529
F 4531 4530 10181
F 5697 10449 5762
F 6177 258 279
F 258 6177 248
F 6050 211 6114
F 211 6177 6114
F 6177 211 229
F 239 6177 229
F 6177 239 248
F 6178 6179 4526
F 4548 4547 10186
F 4547 4546 10186
F 4546 10185 10186
F 10185 4546 4545
F 4544 10185 4545
F 10185 4544 4543
F 4541 4540 10184
F 4542 4541 10184
F 4533 4532 10182
F 4534 4533 10182
F 10447 5698 10497
F 6420 10599 10649
F 10599 6420 10598
F 11115 8546 8547
F 8546 11115 11182
F 11112 8538 11179
F 8538 11180 11179
F 11180 8538 11113
F 10848 10849 7442
F 10949 7767 7702
F 10948 7767 10949
F 8417 11048 11049
F 11116 8482 11049
F 8482 8417 11049
F 11115 8482 11116
F 8482 11115 8547
F 8531 8532 11111
F 8534 11178 11111
F 11178 8534 11179
F 11178 8531 11111
F 11178 11177 8531
F 6735 10699 10749
F 10699 6603 10649
F 8535 11112 11179
F 8534 8535 11179
F 5958 6023 10547
F 10797 7053 7118
F 7508 7573 10897
F 6372 10647 10597
F 4578 4577 10194
F 4579 4578 10194
F 5242 10348 10349
F 10399 5242 10349
F 5242 5177 10348
F 4982 10299 10349
F 10299 4982 10298
F 4585 4584 10196
F 4584 4583 10196
F 4581 4580 10195
F 10191 4564 10190
F 6049 6050 6114
F 4528 4593 10247
F 11175 8523 11176
F 11173 8512 11106
F 10947 7898 10997
F 6489 6535 6488
F 787 172 4522
F 4521 127 4520
F 10449 10448 5502
F 5697 10448 10449
F 6177 6238 6176
F 4539 4538 10184
F 4540 4539 10184
F 4535 4534 10183
F 4536 4535 10183
F 5763 5828 10497
F 5698 5763 10497
F 5308 10397 5243
F 5308 5373 10397
F 10297 4918 10347
F 4918 4983 10347
F 10648 6420 10649
F 6087 6022 10548
F 6669 3432 6625
F 8508 11171 11104
F 8537 8538 11112
F 8538 8539 11113
F 11181 8546 11182
F 8546 11181 8545
F 7377 10848 7442
F 10848 7377 7312
F 10799 6987 10749
F 6987 10748 10749
F 10798 6987 10799
F 6987 10798 7052
F 7832 7767 10948
F 10898 10899 7702
F 11048 8352 8287
F 8352 11048 8417
F 8532 8533 11111
F 8533 8534 11111
F 11177 8530 8531
F 11110 8530 11177
F 10748 6792 10749
F 6792 6735 10749
F 6735 10698 10699
F 10698 6603 10699
F 8535 8536 11112
F 8536 8537 11112
F 11109 8523 8524
F 8523 11109 11176
F 10547 6151 10597
F 5828 5893 10497
F 5893 10547 10497
F 5893 5958 10547
F 10747 6923 10797
F 7573 7638 10897
F 7638 10947 10897
F 10947 7638 7703
F 7248 7313 10847
F 6322 6372 10597
F 4576 4575 10193
F 10192 4569 4568
F 10348 5047 10349
F 5047 4982 10349
F 10298 4917 4852
F 4982 4917 10298
F 4583 4582 10195
F 4582 4581 10195
F 4564 4563 10190
F 4565 4564 10191
F 4658 4723 10247
F 4593 4658 10247
F 11108 11175 8520
F 11108 8523 11175
F 11164 8483 11165
F 11168 8493 11101
F 8501 11103 11170
F 11172 8508 11105
F 8508 11172 11171
F 8512 11172 11105
F 11172 8512 11173
F 8515 11173 11106
F 8512 8513 11106
F 8511 8512 11105
F 7768 10947 7703
F 4525 4521 4520
F 6535 4525 4520
F 6489 4525 6535
F 4521 4525 6442
F 4525 6489 6442
F 668 727 4522
F 727 787 4522
F 1302 4521 4522
F 1302 1516 4521
F 5632 10448 5697
F 10448 5567 5502
F 5632 5567 10448
F 242 210 233
F 6237 4523 6294
F 6238 4523 6237
F 4523 6238 386
F 6294 4523 4522
F 4523 668 4522
F 6238 204 386
F 204 369 386
F 251 241 210
F 344 343 331
F 6345 6293 4522
F 4521 6345 4522
F 4549 4548 10186
F 10187 4549 10186
F 10187 10188 4553
F 4537 10183 4538
F 4537 4536 10183
F 5113 5178 10347
F 4853 10297 4788
F 4853 4918 10297
F 6467 10648 6514
F 10648 6467 6420
F 10648 6559 6514
F 6603 6559 10649
F 6559 10648 10649
F 10498 5762 10499
F 10549 6212 10548
F 6212 10599 10598
F 10599 6212 10549
F 6179 499 4526
F 4527 499 6179
F 6180 4527 6179
F 8508 8509 11105
F 8507 8508 11104
F 8539 8540 11113
F 8542 11181 11180
F 8542 11180 11113
F 10798 7117 7052
F 7247 10798 10799
F 7247 10799 10849
F 10848 7247 10849
F 7247 10848 7312
F 10998 8027 7962
F 10998 7962 10999
F 7637 10898 7702
F 10898 7637 7572
F 10698 6646 6603
F 11109 8527 11176
F 8527 11177 11176
F 11110 8527 8528
F 8527 11110 11177
F 8525 11109 8524
F 6023 6088 10547
F 6088 6151 10547
F 6988 7053 10797
F 6923 6988 10797
F 6736 6793 10747
F 7378 7443 10847
F 7313 7378 10847
F 6151 6213 10597
F 10647 6560 10697
F 6560 6604 10697
F 6372 6421 10647
F 6421 6468 10647
F 6604 6647 10697
F 4571 4570 10192
F 4570 4569 10192
F 4586 10196 4587
F 4586 4585 10196
F 10248 4592 10249
F 4657 4592 10248
F 4592 10199 10249
F 10199 4592 10198
F 4561 10189 10190
F 10997 8158 11047
F 11165 8486 11166
F 11097 8483 11164
F 8489 11167 11166
F 11168 11167 8493
F 8503 8504 11103
F 8504 11171 11170
F 11103 8504 11170
F 11169 8501 11170
F 8514 8515 11106
F 8513 8514 11106
F 11174 8519 11175
F 11175 8519 8520
F 11173 8516 11174
F 8515 8516 11173
F 8510 8511 11105
F 8509 8510 11105
F 7833 7898 10947
F 7768 7833 10947
F 129 1895 4521
F 10398 10399 5502
F 10398 5372 5307
F 5242 10398 5307
F 10398 5242 10399
F 6178 209 212
F 302 6178 4526
F 315 302 4526
F 328 315 4526
F 290 6177 279
F 290 303 6177
F 284 283 208
F 211 219 229
F 214 211 6050
F 219 214 220
F 214 219 211
F 220 214 221
F 210 232 233
F 241 232 210
F 6051 6052 6115
F 6345 6394 6344
F 6394 6345 4521
F 6394 4521 6442
F 6393 6394 6442
F 4524 6535 4520
F 4552 10187 4553
F 10187 4552 4551
F 10189 4557 10188
F 5633 5698 10447
F 5568 5633 10447
F 4983 5048 10347
F 5048 5113 10347
F 6420 6371 10598
F 10498 5957 5892
F 5957 10498 10499
F 10549 5957 10499
F 5957 10549 6022
F 6212 6150 10548
F 6150 6087 10548
F 6269 6212 10598
F 6834 15 6770
F 3756 3648 6669
F 4496 6832 6831
F 1373 6443 1515
F 2472 2471 101
F 544 499 4527
F 6180 6181 4527
F 6181 6239 4527
F 6239 6181 6182
F 11181 11114 8545
F 8542 11114 11181
F 8540 8541 11113
F 8541 8542 11113
F 7507 10898 7572
F 10898 7507 10899
F 7507 10849 10899
F 10849 7507 7442
F 6987 6922 10748
F 7182 7117 10798
F 7247 7182 10798
F 8222 10998 10999
F 8222 10999 11049
F 11048 8222 11049
F 8222 11048 8287
F 10998 8092 8027
F 8529 11110 8528
F 8529 8530 11110
F 8526 8527 11109
F 8525 8526 11109
F 6858 6923 10747
F 6793 6858 10747
F 6270 6322 10597
F 6213 6270 10597
F 6647 6691 10697
F 6691 10747 10697
F 6691 6736 10747
F 4573 4572 10193
F 4572 10192 10193
F 4572 4571 10192
F 4575 4574 10193
F 4574 4573 10193
F 5177 5112 10348
F 5112 5047 10348
F 10197 4588 4587
F 10196 10197 4587
F 4588 10197 4589
F 4589 10197 4590
F 4722 4657 10248
F 4722 10248 10249
F 4563 4562 10190
F 4562 4561 10190
F 11108 8522 8523
F 8483 11098 11165
F 11099 8489 11166
F 8486 11099 11166
F 11097 8418 8483
F 8418 11097 11047
F 8353 8418 11047
F 8158 8223 11047
F 11167 11100 8493
F 11171 8505 11104
F 8504 8505 11171
F 8502 8503 11103
F 8501 8502 11103
F 11107 8519 11174
F 8519 11107 8518
F 8516 11107 11174
F 440 478 4523
F 478 521 668
F 4523 478 668
F 410 4523 386
F 410 440 4523
F 369 387 386
F 567 616 668
F 521 567 668
F 1234 1302 4522
F 172 1234 4522
F 1169 1234 172
F 1302 1445 1516
F 6762 4343 6763
F 5437 10398 5502
F 10398 5437 5372
F 301 289 302
F 204 316 329
F 316 204 6238
F 316 6238 6177
F 303 316 6177
F 283 272 208
F 242 252 210
F 252 251 210
F 269 280 207
F 268 269 207
F 258 268 279
F 268 207 279
F 250 241 251
F 231 232 241
F 341 204 329
F 4524 6580 6535
F 4550 10187 4551
F 10187 4550 4549
F 5503 5568 10447
F 6239 545 4527
F 6321 6269 10598
F 6371 6321 10598
F 6835 6834 6770
F 3540 3432 6669
F 3648 3540 6669
F 3864 6669 6714
F 3864 3756 6669
F 6767 4452 4453
F 6766 4452 6767
F 1292 1291 163
F 1728 1654 1729
F 1444 1373 1515
F 2599 6536 6537
F 6581 2599 6537
F 1801 1724 1725
F 1215 1148 1149
F 913 975 172
F 787 849 172
F 849 913 172
F 544 543 499
F 6116 6178 212
F 6115 6116 212
F 11114 8544 8545
F 7897 10948 7962
F 7897 7832 10948
F 8222 8157 10998
F 8157 8092 10998
F 6857 6792 10748
F 6922 6857 10748
F 6690 10698 6735
F 6690 6646 10698
F 4787 10298 4852
F 4787 10299 10298
F 10299 4787 10249
F 4787 4722 10249
F 4592 4591 10198
F 4591 10197 10198
F 10197 4591 4590
F 4558 4557 10189
F 4559 4558 10189
F 4566 10191 4567
F 4566 4565 10191
F 8521 11108 8520
F 8521 8522 11108
F 8093 8158 10997
F 8028 8093 10997
F 8485 8486 11165
F 11098 8485 11165
F 11099 8488 8489
F 8288 8353 11047
F 8223 8288 11047
F 11100 8492 8493
F 8490 11167 8489
F 8490 11100 11167
F 8493 8494 11101
F 8494 8495 11101
F 8505 8506 11104
F 8506 8507 11104
F 8517 11107 8516
F 11107 8517 8518
F 1815 1895 129
F 1235 1234 1169
F 1374 1445 1302
F 1445 1374 1446
F 127 2231 4520
F 1978 127 4521
F 1895 1978 4521
F 2600 2700 2699
F 2600 2699 4520
F 49 2600 4520
F 6760 4068 18
F 4257 6762 6761
F 3968 6713 3866
F 225 218 226
F 218 6051 6115
F 318 205 331
F 205 344 331
F 207 291 279
F 291 290 279
F 291 280 292
F 280 291 207
F 272 273 208
F 205 332 344
F 332 205 320
F 285 284 208
F 204 355 369
F 341 355 204
F 6624 6580 4524
F 4557 4556 10188
F 4556 4555 10188
F 5438 5503 10447
F 5438 10447 10397
F 5373 5438 10397
F 1291 1224 163
F 1157 1158 162
F 1156 1157 162
F 1373 1233 6443
F 1233 6395 6396
F 1233 6396 6443
F 197 500 6239
F 500 545 6239
F 545 191 4527
F 191 642 4527
F 191 697 642
F 10498 5827 5762
F 5827 10498 5892
F 4256 4164 6714
F 15 4512 6770
F 4512 16 6770
F 6771 16 6714
F 16 6771 6770
F 6830 11 4461
F 4462 6830 4461
F 6830 4493 6831
F 6830 4462 4493
F 6767 4381 9
F 4381 6767 4453
F 4380 4381 4453
F 6769 6830 6829
F 6830 6769 11
F 6769 6768 4454
F 4495 4496 6831
F 4494 4495 6831
F 1224 1161 163
F 1161 1224 1160
F 1726 1802 1725
F 140 1728 1729
F 1728 140 1804
F 2061 6491 6536
F 2230 2061 6536
F 1977 2061 2060
F 2061 6490 6491
F 6490 2061 1977
F 2392 2302 103
F 2385 102 2476
F 2571 102 2477
F 102 2571 2476
F 2128 2129 113
F 2214 2128 113
F 2129 2215 113
F 2215 2214 113
F 2302 2393 103
F 2393 2302 2303
F 144 1586 1514
F 1444 144 1514
F 144 1444 1515
F 1443 1444 1514
F 2698 2599 6581
F 2503 2411 6536
F 2599 2503 6536
F 3002 2901 6581
F 93 6582 6625
F 6582 93 6581
F 2411 2321 6536
F 2321 2230 6536
F 1793 1792 137
F 1717 1793 137
F 1430 1501 153
F 1798 1721 138
F 1215 1280 1279
F 1494 151 1424
F 151 1494 1566
F 1565 1564 1493
F 151 1565 1493
F 1565 151 1566
F 2381 2472 101
F 1081 1082 169
F 1082 1147 169
F 1105 1169 172
F 616 669 668
F 591 590 544
F 592 642 641
F 592 591 544
F 592 544 4527
F 642 592 4527
F 8495 8496 11101
F 11169 8500 8501
F 11102 8500 11169
F 8499 8500 11102
F 8543 8544 11114
F 8543 11114 8542
F 4561 4560 10189
F 4560 4559 10189
F 7898 7963 10997
F 7963 8028 10997
F 8484 8485 11098
F 8484 11098 8483
F 8487 8488 11099
F 8487 11099 8486
F 8490 8491 11100
F 8491 8492 11100
F 3110 4524 46
F 354 328 4526
F 368 354 4526
F 426 201 4526
F 201 368 4526
F 1376 1375 156
F 1234 1303 1302
F 1375 1303 156
F 1664 1740 129
F 1740 1815 129
F 1590 1589 1516
F 1589 1664 129
F 1516 1589 4521
F 1589 129 4521
F 1445 1517 1516
F 2144 2231 127
F 2062 1978 2063
F 1978 2062 127
F 2412 2505 2504
F 2412 49 4520
F 2412 2504 49
F 2601 2600 49
F 4165 6761 6760
F 4165 6760 18
F 4165 4071 4072
F 4071 4165 18
F 3971 4067 17
F 4067 4068 6760
F 3968 3969 17
F 6759 4067 6760
F 4067 6759 17
F 6759 3968 17
F 3968 6759 6713
F 3867 3968 3866
F 3968 3867 3868
F 6713 3865 3866
F 3865 3759 3760
F 42 3220 3328
F 3114 42 3113
F 42 3114 3220
F 6822 6821 6764
F 4 6822 6764
F 3031 3030 69
F 218 213 6051
F 215 213 216
F 213 215 214
F 6051 213 6050
F 213 214 6050
F 227 218 6115
F 218 227 226
F 289 278 302
F 278 209 6178
F 302 278 6178
F 313 206 326
F 206 313 314
F 205 319 320
F 319 205 318
F 332 345 344
F 21 6624 4524
F 3110 21 4524
F 1222 1288 162
F 1222 1289 1288
F 1158 1222 162
F 170 1025 1090
F 1025 170 1024
F 1301 1373 1372
F 1301 1233 1373
F 1233 1104 6395
F 699 643 700
F 383 203 384
F 203 383 382
F 402 401 382
F 203 401 6239
F 401 203 382
F 6240 203 6239
F 6240 6241 385
F 384 6240 385
F 203 6240 384
F 6295 6242 6243
F 1150 1216 1149
F 4066 3864 6714
F 4164 4066 6714
F 2677 2678 88
F 2678 2777 88
F 4451 4452 6766
F 4379 4380 4453
F 4383 6768 6767
F 11 4460 4461
F 1801 1880 1879
F 89 2779 2681
F 1805 140 1729
F 1809 1734 142
F 1810 1809 142
F 2595 107 2500
F 2301 2302 2392
F 79 2869 2970
F 2386 102 2385
F 2503 2502 2411
F 2598 2503 2599
F 3109 93 3216
F 3109 3002 6581
F 93 3109 6581
F 2589 2687 2686
F 2410 2321 2411
F 2143 2061 2230
F 1641 1642 137
F 1642 1717 137
F 1429 1430 153
F 1356 152 1355
F 152 1356 1427
F 1721 1646 138
F 1722 1798 138
F 1648 1722 138
F 1798 1797 1721
F 1146 1081 169
F 1147 1146 169
F 1422 1423 1493
F 1423 151 1493
F 151 1423 1424
F 975 1039 172
F 1039 1105 172
F 728 729 788
F 669 729 728
F 188 616 617
F 188 669 616
F 188 729 669
F 3496 3605 60
F 8497 11169 11168
F 8497 11168 11101
F 8496 8497 11101
F 8497 11102 11169
F 6468 6515 10647
F 6515 6560 10647
F 3003 3110 46
F 2699 2798 4520
F 2798 4524 4520
F 4524 2798 46
F 425 201 426
F 155 1448 1520
F 155 1520 1519
F 155 1447 1448
F 1447 155 1519
F 1815 1896 1895
F 1740 1816 1815
F 1105 1170 1169
F 2145 2144 127
F 2062 2145 127
F 1979 1978 1895
F 51 2514 2515
F 2514 51 2513
F 2231 2322 4520
F 2322 2412 4520
F 2323 2322 2231
F 2412 2322 2413
F 2504 2602 49
F 2602 2601 49
F 0 4257 6761
F 4165 0 6761
F 4070 4071 18
F 6759 6758 6713
F 3757 19 6713
F 19 3865 6713
F 3865 19 3759
F 3658 3551 23
F 3659 3658 23
F 3552 3444 3445
F 3444 3552 23
F 3444 3551 3443
F 3551 3444 23
F 3220 3329 3328
F 4426 4 6764
F 4487 4 4429
F 4487 6822 4
F 4487 6823 6822
F 3030 2927 69
F 2927 2824 69
F 2824 2927 2823
F 3355 3356 52
F 213 217 216
F 217 213 218
F 228 6115 212
F 228 227 6115
F 267 257 209
F 267 278 277
F 278 267 209
F 273 274 208
F 274 285 208
F 10188 4554 4553
F 4555 4554 10188
F 1088 1023 170
F 170 1023 1024
F 1089 170 1090
F 1089 1088 170
F 6395 912 6346
F 912 187 6346
F 187 912 848
F 912 911 848
F 699 698 643
F 698 191 643
F 191 698 697
F 183 698 759
F 698 183 697
F 593 191 545
F 427 197 6239
F 401 427 6239
F 427 401 428
F 192 550 551
F 550 598 549
F 550 192 598
F 599 192 551
F 460 427 461
F 427 460 197
F 192 651 598
F 651 650 598
F 599 651 192
F 160 1280 1215
F 160 1215 1149
F 1216 160 1149
F 1280 160 1281
F 160 1216 1281
F 4517 15 6834
F 4517 6834 6833
F 4516 4517 6833
F 16 4422 6714
F 4486 4512 4485
F 4486 16 4512
F 4486 4422 16
F 4422 4486 4421
F 4511 4512 15
F 4511 4519 4510
F 4519 4511 15
F 4496 4497 6832
F 6832 4513 6833
F 4500 4513 6832
F 2393 2484 103
F 2484 2483 103
F 2776 2676 88
F 2676 2677 88
F 4343 4344 6763
F 4344 4345 6763
F 4345 4346 6763
F 3464 3355 52
F 4437 4492 4436
F 3500 61 3392
F 61 3391 3392
F 60 3495 3387
F 4382 6767 9
F 4382 4383 6767
F 6768 10 4454
F 4047 4143 37
F 3076 79 2970
F 79 3076 3075
F 2969 79 3075
F 2869 2969 2868
F 2969 2869 79
F 1162 1225 1161
F 1161 1225 163
F 1228 1227 146
F 1165 1228 146
F 126 1801 1725
F 1802 126 1725
F 126 1880 1801
F 1881 126 1802
F 126 1881 1880
F 1884 1805 1885
F 1805 1884 140
F 2571 2570 2476
F 2589 105 2495
F 105 2589 2686
F 2779 2680 2681
F 2132 2218 115
F 2218 2217 115
F 89 2882 2779
F 2882 2780 2883
F 2780 2882 89
F 143 6490 1977
F 2055 1971 1972
F 2869 2870 2970
F 102 2387 2477
F 2386 2387 102
F 2217 2131 115
F 2131 2132 115
F 3001 2901 3002
F 2797 2901 2900
F 2797 2796 2698
F 2797 2698 6581
F 2901 2797 6581
F 2698 2697 2599
F 93 3323 3216
F 3432 3323 6625
F 3323 93 6625
F 4058 4059 39
F 91 3097 2991
F 91 2992 3098
F 2992 91 2991
F 3097 91 3098
F 2594 107 2595
F 107 2594 2593
F 2321 2320 2230
F 161 1283 1218
F 1646 1647 138
F 1647 1648 138
F 1792 1716 137
F 1716 1640 1641
F 1716 1641 137
F 184 824 764
F 184 825 824
F 2471 2380 101
F 2380 2381 101
F 1039 1106 1105
F 729 180 788
F 543 542 499
F 499 459 4526
F 459 426 4526
F 3605 3604 60
F 3495 3604 3603
F 3604 3495 60
F 8497 8498 11102
F 8498 8499 11102
F 42 3112 3113
F 2798 2902 46
F 2800 2799 2699
F 2799 2798 2699
F 442 412 443
F 354 340 328
F 353 340 354
F 201 381 368
F 1377 1376 156
F 1305 1377 156
F 1304 1305 156
F 1303 1304 156
F 164 1237 1171
F 128 1896 1897
F 128 1897 1898
F 128 1982 1981
F 1982 128 1898
F 2069 116 2068
F 116 2240 2150
F 2240 2239 2150
F 1980 128 1981
F 128 1980 1896
F 116 2067 2068
F 2067 116 2150
F 51 2611 2513
F 3119 3012 43
F 3226 3119 43
F 3119 3226 3225
F 3012 3013 43
F 2144 2232 2231
F 3769 3768 3661
F 4166 0 4165
F 4069 4070 18
F 4068 4069 18
F 3972 4067 3971
F 3775 25 3776
F 25 3775 3667
F 3668 25 3667
F 25 3668 3776
F 6712 20 6713
F 20 3757 6713
F 19 3758 3759
F 3758 19 3757
F 3552 3660 23
F 3660 3659 23
F 3 4346 4347
F 6763 3 6764
F 4346 3 6763
F 4426 4427 4
F 6823 4491 4492
F 3356 3465 52
F 3465 3464 52
F 2611 2712 2711
F 2712 2611 51
F 3217 21 3110
F 1221 1156 162
F 1287 1221 1288
F 1288 1221 162
F 145 1439 1368
F 1369 145 1368
F 1439 145 1440
F 145 1369 1440
F 974 912 6395
F 147 1104 1233
F 183 758 697
F 758 183 817
F 818 183 759
F 183 818 817
F 697 696 642
F 640 592 641
F 594 593 545
F 460 502 197
F 615 6296 6346
F 615 6295 6296
F 652 651 599
F 777 715 716
F 4342 4256 6714
F 4422 4342 6714
F 4517 4518 15
F 4518 4519 15
F 40 4158 4062
F 4513 14 6833
F 3305 3306 81
F 3413 3305 81
F 4260 4261 4343
F 6762 4260 4343
F 4259 4260 6762
F 1 4259 6762
F 3673 3674 26
F 3781 3673 26
F 3782 3781 26
F 3674 3782 26
F 4301 4382 9
F 4301 4381 4300
F 4381 4301 9
F 4383 4384 6768
F 4384 10 6768
F 4459 4460 11
F 4455 6769 4454
F 4143 4142 37
F 3945 4046 3944
F 4046 3945 37
F 4142 4046 37
F 4046 4142 4141
F 3946 4047 37
F 3945 3946 37
F 4042 36 3940
F 3074 2969 3075
F 1164 1165 146
F 1227 1164 146
F 1293 1292 163
F 1225 1293 163
F 2122 112 2121
F 2121 112 2207
F 2297 112 2298
F 112 2297 2207
F 2685 2588 2686
F 2588 105 2686
F 2588 2493 105
F 2137 2136 2055
F 2313 114 2223
F 114 2222 2223
F 114 2313 2403
F 2882 2881 2779
F 1735 1810 142
F 1734 1735 142
F 144 1587 1586
F 1587 144 1515
F 1588 1587 1515
F 143 1814 6490
F 1976 143 1977
F 2499 107 2593
F 2572 2571 2477
F 1730 1805 1729
F 92 2895 2995
F 2994 92 2995
F 92 2894 2895
F 2894 92 2994
F 2598 108 2696
F 108 2598 2599
F 108 2697 2696
F 2697 108 2599
F 3109 3108 3002
F 3642 67 3641
F 68 3538 3430
F 3321 68 3430
F 3322 68 3321
F 68 3322 3431
F 67 3749 3641
F 3749 67 3857
F 66 3637 3745
F 110 2320 2319
F 2320 110 2230
F 2229 110 2319
F 110 2229 2143
F 110 2143 2230
F 1500 1429 153
F 1501 1500 153
F 161 1284 1283
F 1152 1153 1218
F 1153 161 1218
F 1722 1799 1798
F 1426 1354 1355
F 152 1426 1355
F 1542 150 1470
F 851 850 788
F 180 851 788
F 181 802 743
F 458 457 426
F 459 458 426
F 1054 1053 175
F 3499 61 3500
F 61 3499 3391
F 3906 4008 30
F 4007 4006 30
F 4008 4007 30
F 6765 4447 6766
F 6824 6765 6825
F 6824 6823 4492
F 3003 3111 3110
F 3004 3003 46
F 2902 3004 46
F 2903 2902 2798
F 412 200 443
F 200 444 443
F 577 625 189
F 625 678 189
F 327 206 314
F 206 327 326
F 425 424 201
F 400 381 201
F 400 424 423
F 424 400 201
F 489 196 532
F 157 1383 1311
F 1383 157 1384
F 1312 157 1311
F 157 1312 1384
F 1535 1536 1609
F 1237 1307 1306
F 164 1307 1237
F 1307 164 1238
F 1308 1307 1238
F 1172 164 1171
F 1172 1173 1238
F 164 1172 1238
F 1741 1740 1664
F 2612 51 2515
F 2612 2712 51
F 2712 2612 2713
F 3119 3011 3012
F 3227 3226 43
F 47 2912 2808
F 2233 2232 2144
F 50 2508 2507
F 2508 50 2415
F 2414 50 2507
F 50 2414 2415
F 24 3769 3661
F 3769 24 3662
F 3553 24 3661
F 24 3555 3662
F 4073 4165 4072
F 3348 45 3239
F 45 3132 3133
F 45 3133 3239
F 3969 3970 17
F 3970 3971 17
F 3649 3650 3757
F 20 3649 3757
F 3541 3649 20
F 3441 3549 22
F 3332 3441 22
F 3252 3361 3251
F 4423 4424 6764
F 3 4423 6764
F 4423 3 4349
F 4348 3 4347
F 3 4348 4349
F 3790 28 3789
F 28 3895 3789
F 28 3896 3895
F 3896 28 3790
F 5 4489 4490
F 4491 5 4490
F 5 4491 6823
F 238 228 212
F 3217 3324 21
F 3324 3217 3325
F 3219 42 3328
F 3219 3112 42
F 1104 1038 6395
F 1038 974 6395
F 147 1231 1168
F 786 848 847
F 786 187 848
F 698 760 759
F 819 818 759
F 500 546 545
F 191 644 643
F 645 644 593
F 593 644 191
F 502 501 197
F 501 500 197
F 715 714 657
F 178 894 895
F 894 178 955
F 956 178 895
F 178 956 955
F 3642 3750 67
F 3961 3962 4062
F 3962 40 4062
F 4497 4498 6832
F 3848 3741 3849
F 3741 3633 3634
F 4515 4516 6833
F 4501 4513 4500
F 4501 4502 4513
F 2878 2777 2879
F 2777 2878 88
F 2878 2877 2776
F 2878 2776 88
F 4344 2 4345
F 2 4264 4345
F 4257 4258 6762
F 4258 1 6762
F 1 4173 4259
F 3785 27 3890
F 27 3891 3890
F 27 3678 3786
F 3678 3679 3786
F 3678 3785 3677
F 3785 3678 27
F 4301 4302 4382
F 10 4387 4454
F 4462 4463 4493
F 4463 4464 4493
F 4458 4459 11
F 6769 4458 11
F 4457 4458 6769
F 4456 4457 6769
F 4455 4456 6769
F 3623 3731 63
F 4053 4149 38
F 4052 4053 38
F 4149 4148 38
F 4148 4052 38
F 3729 3621 63
F 140 1883 1804
F 1884 1883 140
F 2208 112 2122
F 112 2208 2298
F 2682 89 2681
F 2682 2780 89
F 2493 2494 105
F 105 2494 2495
F 2136 141 2055
F 141 1971 2055
F 2135 141 2136
F 141 2135 2054
F 1971 141 1970
F 141 2054 1970
F 2402 114 2403
F 1814 1739 6490
F 1894 1814 143
F 1894 1976 1975
F 1976 1894 143
F 2499 109 107
F 107 109 2500
F 109 2409 2500
F 2409 109 2408
F 2482 2392 103
F 2483 2482 103
F 1579 139 1654
F 1654 139 1729
F 3000 94 3001
F 2901 94 2900
F 3001 94 2901
F 94 3000 2900
F 3539 68 3431
F 68 3539 3538
F 3204 82 3203
F 82 3204 3312
F 3528 3529 66
F 3529 3637 66
F 3204 3205 3312
F 2986 90 3092
F 90 2987 3093
F 90 3093 3092
F 2987 90 2986
F 1498 1497 1427
F 1497 152 1427
F 1426 1497 1496
F 1497 1426 152
F 1285 1284 161
F 1791 1716 1792
F 78 2863 2864
F 78 2862 2863
F 2862 78 2964
F 184 765 825
F 765 184 764
F 2108 120 2026
F 2193 2108 2194
F 120 2108 2193
F 3388 60 3387
F 3388 3496 60
F 134 1701 1702
F 130 1671 1672
F 1749 1825 130
F 1749 130 1672
F 2079 117 2162
F 1996 2080 117
F 1916 122 1835
F 1916 1915 122
F 150 1469 1397
F 1469 150 1542
F 2006 2089 123
F 1685 1684 1609
F 618 670 617
F 670 188 617
F 188 670 729
F 196 533 532
F 533 196 490
F 865 802 181
F 1189 1123 166
F 990 1054 175
F 926 990 175
F 4430 4487 4429
F 3911 31 3910
F 31 3912 4014
F 3912 31 3911
F 4013 31 4014
F 31 4012 3910
F 4012 31 4013
F 6824 6 6765
F 6 6824 4492
F 6 4437 4438
F 4437 6 4492
F 389 412 388
F 389 200 412
F 389 390 200
F 395 394 376
F 395 377 396
F 678 677 189
F 576 577 189
F 377 202 364
F 362 202 376
F 202 395 376
F 395 202 377
F 2151 2241 2240
F 116 2151 2240
F 2151 116 2069
F 3013 3120 43
F 3120 3227 43
F 2912 2807 2808
F 47 2809 2913
F 2809 47 2808
F 24 3554 3555
F 3554 24 3553
F 3770 3769 3662
F 3238 3131 3132
F 45 3238 3132
F 3347 3238 3348
F 3238 45 3348
F 70 2719 2820
F 70 2819 2718
F 2719 70 2718
F 2819 70 2820
F 6668 6667 6624
F 21 6668 6624
F 6668 3541 20
F 6668 20 6712
F 3542 3649 3541
F 3440 3331 22
F 3331 3332 22
F 3548 3440 22
F 3549 3548 22
F 3039 71 2935
F 2832 2833 2935
F 71 2832 2935
F 2832 2934 2831
F 2934 2832 71
F 4424 4425 6764
F 4425 4426 6764
F 5 4488 4489
F 4487 4488 6823
F 4488 5 6823
F 257 247 209
F 209 247 212
F 247 238 212
F 3324 3433 21
F 3433 6668 21
F 6668 3433 3541
F 3327 3219 3328
F 1103 1038 1104
F 147 1103 1104
F 1103 147 1168
F 1232 147 1233
F 1232 1231 147
F 786 726 187
F 187 726 6346
F 726 615 6346
F 758 757 697
F 466 198 432
F 465 198 507
F 508 198 466
F 198 508 507
F 198 431 432
F 431 198 465
F 199 477 6295
F 477 199 520
F 615 199 6295
F 199 615 520
F 476 6242 6295
F 477 476 6295
F 476 439 6242
F 476 475 439
F 778 186 717
F 717 186 716
F 186 777 716
F 475 474 439
F 4519 4509 4510
F 67 3858 3857
F 3750 3858 67
F 4159 4158 40
F 4063 3962 3963
F 3962 4063 40
F 4063 4159 40
F 4159 4063 4160
F 4162 4065 4163
F 13 4497 4470
F 13 4498 4497
F 13 4471 4498
F 4471 13 4470
F 3528 3636 3527
F 3636 3528 66
F 4059 4155 39
F 14 4514 6833
F 4514 4515 6833
F 4261 4262 4343
F 4169 4170 4257
F 3349 3348 3239
F 3892 27 3786
F 3892 3891 27
F 34 3822 3823
F 34 3926 3822
F 3927 34 3823
F 34 3927 3926
F 3816 33 3920
F 3920 33 3921
F 33 3816 3817
F 33 3922 3921
F 59 3382 3492
F 3382 59 3491
F 3598 59 3599
F 59 3598 3491
F 3599 59 3600
F 59 3492 3600
F 3487 3486 3377
F 4387 4388 4454
F 3622 3623 63
F 3621 3622 63
F 3730 3729 63
F 3731 3730 63
F 4466 4467 4494
F 2402 2312 114
F 114 2312 2222
F 1663 1662 1588
F 1663 1739 1738
F 1663 1588 1515
F 1739 1663 6490
F 6490 1663 6443
F 6443 1663 1515
F 1580 139 1579
F 1655 1730 1729
F 139 1655 1729
F 3744 66 3745
F 3636 3744 3743
F 3744 3636 66
F 82 3311 3203
F 3419 3311 82
F 1219 1285 161
F 1219 1153 1154
F 1153 1219 161
F 2965 78 2864
F 1273 154 1272
F 154 1343 1272
F 948 949 179
F 949 1013 179
F 1483 1554 1482
F 2027 2108 2026
F 3382 3383 3492
F 1703 134 1702
F 3065 2961 77
F 2962 3065 77
F 3065 2962 3066
F 1825 1824 130
F 1748 1671 130
F 1824 1748 130
F 1995 1996 117
F 1995 2079 1994
F 2079 1995 117
F 2161 2079 2162
F 117 2163 2162
F 2080 2163 117
F 150 1399 1470
F 1190 1189 166
F 1190 1124 1191
F 1124 1190 166
F 2357 2358 2448
F 1536 148 1609
F 148 1685 1609
F 1537 148 1536
F 148 1537 1610
F 148 1610 1686
F 1685 148 1686
F 2088 2004 123
F 2537 96 2538
F 3801 3906 30
F 915 978 977
F 670 730 729
F 730 180 729
F 730 789 180
F 803 866 181
F 866 865 181
F 498 459 499
F 925 926 175
F 1053 989 175
F 989 925 175
F 1123 1057 166
F 4427 4428 4
F 4 4428 4429
F 4446 4447 6765
F 4445 4446 6765
F 4447 4448 6766
F 4448 4449 6766
F 4441 4442 6765
F 6 4441 6765
F 32 3811 3812
F 390 413 200
F 413 444 200
F 363 202 362
F 202 363 364
F 174 982 918
F 983 174 919
F 174 983 982
F 0 4168 4257
F 4168 4169 4257
F 4172 4173 1
F 4258 4172 1
F 3361 3471 3470
F 2928 2824 2825
F 2824 2928 69
F 519 477 520
F 6242 409 6241
F 409 408 6241
F 6241 407 385
F 408 407 6241
F 838 837 777
F 186 838 777
F 839 838 778
F 838 186 778
F 562 610 193
F 3967 3863 3864
F 4066 3967 3864
F 4499 4500 6832
F 4498 4499 6832
F 65 3741 3634
F 3741 65 3849
F 65 3742 3849
F 3742 65 3635
F 3635 65 3634
F 3742 3850 3849
F 3414 3413 81
F 3306 3414 81
F 4154 4058 39
F 4155 4154 39
F 4263 2 4344
F 2 4263 4264
F 3381 3382 3491
F 3486 56 3485
F 56 3486 3593
F 3486 58 3377
F 4041 36 4042
F 12 4466 4494
F 4493 12 6831
F 12 4494 6831
F 4464 4465 4493
F 4465 12 4493
F 12 4465 4466
F 171 966 967
F 171 1030 966
F 2689 104 2787
F 2787 104 2788
F 104 2690 2788
F 2690 104 2689
F 2407 2499 2498
F 2407 2317 2318
F 109 2407 2408
F 2407 109 2499
F 1580 1581 139
F 1581 1655 139
F 3420 3419 82
F 3421 3420 3312
F 3420 82 3312
F 2660 87 2659
F 2760 87 2660
F 2759 87 2760
F 87 2759 2659
F 1344 154 1273
F 154 1344 1343
F 1553 135 1627
F 1627 135 1628
F 1554 135 1482
F 135 1553 1482
F 1858 125 1857
F 125 1858 1939
F 3495 3386 3387
F 134 1777 1701
F 1777 1855 1854
F 1855 1777 134
F 1543 1542 1470
F 75 3163 3056
F 3064 2961 3065
F 2860 2962 77
F 2005 2006 123
F 2004 2005 123
F 122 1834 1835
F 1915 1834 122
F 1541 1469 1542
F 1398 1399 150
F 1398 150 1397
F 2444 96 2537
F 96 2445 2538
F 2449 2358 2359
F 2946 2844 2947
F 2844 2946 85
F 3801 3802 3906
F 4006 3905 30
F 3905 3801 30
F 55 3480 3481
F 3588 55 3481
F 3480 3587 3479
F 3587 3480 55
F 3695 3588 3696
F 3588 3695 55
F 3587 3695 3694
F 3695 3587 55
F 2744 2844 85
F 2743 2744 85
F 173 978 915
F 978 173 979
F 498 497 459
F 937 168 936
F 1065 168 1001
F 168 937 1001
F 1260 1196 158
F 4442 4443 6765
F 7 4445 6765
F 7 4444 4445
F 4443 7 6765
F 7 4443 4444
F 4450 4451 6766
F 4449 4450 6766
F 4296 4377 8
F 4440 4441 6
F 484 195 527
F 528 195 485
F 527 195 528
F 195 484 485
F 855 856 918
F 856 174 918
F 856 857 919
F 174 856 919
F 982 981 918
F 48 2803 2702
F 48 2804 2803
F 2703 48 2702
F 48 2703 2804
F 4167 4168 0
F 4166 4167 0
F 44 3234 3233
F 44 3232 3125
F 3126 44 3125
F 3232 44 3233
F 3127 44 3126
F 44 3127 3234
F 4171 4172 4258
F 3471 53 3472
F 53 3361 3252
F 53 3471 3361
F 3039 3038 71
F 3038 2934 71
F 3032 3031 69
F 2928 3032 69
F 4430 4431 4487
F 974 973 912
F 726 667 615
F 946 884 885
F 884 946 177
F 945 177 1008
F 884 945 883
F 945 884 177
F 937 938 1001
F 696 695 642
F 406 405 385
F 407 406 385
F 604 605 657
F 561 562 193
F 474 473 439
F 3966 4065 3965
F 33 3818 3922
F 3818 33 3817
F 3165 3059 3166
F 3271 75 3164
F 3163 3271 3270
F 3271 3163 75
F 3592 56 3593
F 56 3592 3485
F 3376 3486 3485
F 3376 58 3486
F 3376 3267 58
F 3267 3268 58
F 4384 4385 10
F 4388 4389 4454
F 3932 35 3933
F 35 3932 3828
F 3829 35 3828
F 35 3829 3933
F 4041 3939 36
F 36 3939 3940
F 1031 171 967
F 171 1031 1030
F 2407 106 2317
F 106 2407 2498
F 106 2497 2406
F 2497 106 2498
F 106 2406 2316
F 2317 106 2316
F 83 3211 3212
F 1553 1481 1482
F 2107 2025 2026
F 120 2107 2026
F 1703 1778 134
F 1855 1778 1856
F 1778 1855 134
F 2100 119 2018
F 2099 119 2184
F 119 2185 2184
F 2185 119 2100
F 1473 1546 133
F 1472 1473 133
F 1938 125 1939
F 125 1938 1857
F 3166 3060 3167
F 3069 3068 2964
F 78 3069 2964
F 3069 2965 3070
F 2965 3069 78
F 2859 2860 77
F 2859 2961 2858
F 2961 2859 77
F 95 2438 2439
F 95 2531 2438
F 2532 95 2439
F 2531 95 2532
F 149 1529 1457
F 1529 149 1530
F 1458 149 1457
F 149 1459 1531
F 1530 149 1531
F 149 1458 1459
F 1058 1124 166
F 1058 1059 1124
F 1057 1058 166
F 1332 1331 158
F 1260 1331 1330
F 1331 1260 158
F 2088 2172 2171
F 2172 2088 123
F 2173 2172 2089
F 2089 2172 123
F 2444 2353 96
F 2358 97 2448
F 2449 97 2358
F 2543 97 2449
F 97 2543 2542
F 2183 2099 2184
F 173 916 979
F 852 915 851
F 852 173 915
F 852 851 180
F 789 852 180
F 194 523 524
F 523 194 569
F 194 570 569
F 194 524 525
F 571 194 525
F 570 194 571
F 1000 1065 1064
F 1000 168 1065
F 168 1000 936
F 1260 1195 1196
F 1196 1261 158
F 1197 1261 1196
F 1261 1332 158
F 748 182 807
F 749 182 748
F 182 808 807
F 182 750 809
F 182 749 750
F 808 182 809
F 4001 4000 3900
F 4439 6 4438
F 4439 4440 6
F 3915 3811 32
F 3016 3015 2913
F 3015 47 2913
F 3015 3014 2912
F 3015 2912 47
F 29 4001 3900
F 4001 29 4002
F 3040 3039 2935
F 53 3362 3472
F 3362 53 3252
F 3253 3362 3252
F 3256 3255 3149
F 725 726 786
F 725 667 726
F 614 566 615
F 615 566 520
F 177 1009 1008
F 176 814 815
F 608 560 193
F 560 561 193
F 41 3966 3967
F 41 3967 4066
F 4065 41 4163
F 3966 41 4065
F 4163 41 4164
F 41 4066 4164
F 3057 75 3056
F 3057 3058 3164
F 75 3057 3164
F 58 3269 3377
F 3268 3269 58
F 4385 4386 10
F 4386 4387 10
F 3615 62 3506
F 3506 62 3505
F 3614 62 3615
F 62 3614 3505
F 3190 3083 80
F 3191 3190 80
F 3319 83 3212
F 3102 84 3101
F 84 3208 3207
F 3100 84 3207
F 3101 84 3100
F 84 3209 3208
F 3209 84 3102
F 1013 1012 179
F 1012 948 179
F 135 1629 1628
F 1629 135 1554
F 2017 119 2099
F 119 2017 2018
F 1768 1691 1692
F 131 1768 1692
F 1474 1546 1473
F 1545 1472 133
F 118 2176 2177
F 2266 118 2267
F 2267 118 2177
F 118 2266 2176
F 2460 2370 2461
F 2370 2460 111
F 2354 2445 96
F 2353 2354 96
F 3152 3046 3153
F 3905 3800 3801
F 3158 74 3051
F 74 3050 3051
F 3157 74 3158
F 74 3157 3156
F 74 3049 3050
F 3049 74 3156
F 853 916 173
F 852 853 173
F 744 181 743
F 744 803 181
F 190 632 685
F 632 190 631
F 190 684 631
F 684 190 685
F 165 1116 1049
F 1050 165 1049
F 1116 165 1181
F 165 1182 1181
F 4377 4376 8
F 3916 32 3812
F 3916 3915 32
F 451 196 489
F 624 677 676
F 677 624 189
F 624 575 576
F 624 576 189
F 946 1010 177
F 1010 1009 177
F 437 436 409
F 714 185 657
F 185 604 657
F 185 603 604
F 603 185 656
F 185 714 713
F 656 185 713
F 609 608 193
F 610 609 193
F 438 437 409
F 439 438 6242
F 438 409 6242
F 4503 14 4513
F 4502 4503 4513
F 4503 4514 14
F 3272 3271 3164
F 3737 64 3738
F 64 3630 3738
F 64 3629 3630
F 3736 64 3737
F 64 3736 3628
F 3629 64 3628
F 3083 3084 80
F 3084 3191 80
F 3319 3318 83
F 83 3318 3211
F 1635 136 1711
F 136 1636 1712
F 136 1712 1711
F 1636 136 1635
F 2460 2369 111
F 2279 2370 111
F 121 2029 2030
F 2016 2017 2099
F 132 1616 1543
F 1693 132 1617
F 132 1693 1692
F 1616 132 1692
F 1693 1769 1692
F 1769 131 1692
F 1620 1619 1546
F 1546 1619 133
F 1619 1545 133
F 1545 1619 1618
F 132 1544 1617
F 1544 132 1543
F 2647 2648 2748
F 99 2648 2551
F 2648 99 2649
F 2552 99 2551
F 99 2552 2649
F 76 3059 2955
F 3059 76 3166
F 76 3060 3166
F 3477 54 3367
F 54 3366 3367
F 3366 54 3476
F 3368 3477 3367
F 97 2541 2448
F 2541 97 2542
F 2945 2843 2946
F 2946 2843 85
F 2843 2742 2743
F 2843 2743 85
F 1182 1117 1183
F 165 1117 1182
F 1051 1117 1050
F 1117 165 1050
F 4376 4295 8
F 4295 4296 8
F 196 452 490
F 451 452 196
F 3795 3796 29
F 3794 3795 3900
F 3795 29 3900
F 3796 3901 29
F 29 3901 4002
F 72 3041 3042
F 3255 72 3149
F 72 3043 3149
F 3043 72 3042
F 72 3148 3041
F 3148 3255 3254
F 3148 72 3255
F 1066 1065 1001
F 878 940 176
F 878 176 815
F 940 939 176
F 176 877 814
F 939 877 176
F 4503 4504 4514
F 2849 2848 2748
F 86 2648 2649
F 2648 86 2748
F 86 2849 2748
F 100 2376 2467
F 100 2375 2376
F 2466 100 2467
F 100 2466 2375
F 2459 2369 2460
F 2278 2369 2277
F 2369 2278 111
F 2278 2279 111
F 2111 121 2030
F 121 2110 2029
F 2111 2110 121
F 131 1844 1768
F 1845 1844 131
F 124 2014 2013
F 124 2013 2012
F 2547 98 2453
F 2546 98 2547
F 2452 98 2546
F 98 2452 2453
F 2956 76 2955
F 2956 2957 3060
F 76 2956 3060
F 3584 3477 3585
F 3584 54 3477
F 57 3370 3261
F 57 3261 3262
F 3371 57 3262
F 3370 57 3371
F 73 3152 3151
F 3152 73 3046
F 994 167 995
F 167 931 995
F 2749 86 2649
F 159 1133 1134
F 159 1200 1133
F 1201 159 1134
F 159 1201 1200
F 2192 120 2193
F 2192 2107 120
F 54 3583 3476
F 3584 3583 54
F 3045 73 3151
F 3046 2941 2942
F 73 2941 3046
F 2941 3045 2940
F 3045 2941 73
F 1930 124 1929
F 124 1930 2014
F 1928 124 2012
F 124 1928 1929
F 1769 1846 131
F 1846 1845 131
F 167 930 931
F 930 167 994
F 86 2850 2849
F 2749 2850 86
F 10023 10089 10022
F 10089 10023 10090
F 9955 10023 10022
F 10023 9955 9956
F 10089 10157 10156
F 10157 10089 10090
F 10722 10671 10672
F 10671 10722 10721
F 10722 10772 10771
F 10721 10722 10771
F 9552 9619 9551
F 9619 9618 9551
F 9685 9619 9686
F 9619 9685 9618
F 12647 12715 12714
F 12715 12647 12648
F 12716 12715 12649
F 12715 12648 12649
F 8760 8826 8759
F 8826 8760 8827
F 9503 9435 9436
F 9435 9503 9502
F 9718 9785 9717
F 9717 9785 9784
F 10822 10872 10871
F 10821 10822 10871
F 10772 10822 10771
F 10822 10821 10771
F 10870 10921 10920
F 10921 10870 10871
F 9187 9121 9188
F 9121 9187 9120
F 9484 9552 9551
F 9484 9485 9552
F 9485 9484 9418
F 9418 9484 9417
F 9349 9281 9282
F 9281 9349 9348
F 10671 10620 10621
F 10620 10671 10670
F 9753 9752 9686
F 9752 9685 9686
F 12718 12717 12651
F 12717 12650 12651
F 12717 12716 12649
F 12650 12717 12649
F 11466 11398 11399
F 11398 11466 11465
F 12540 12541 12608
F 12607 12540 12608
F 12564 12630 12563
F 12630 12564 12631
F 12689 12623 12690
F 12623 12689 12622
F 12652 12719 12718
F 12652 12718 12651
F 12721 12654 12722
F 12722 12654 12655
F 12564 12632 12631
F 12632 12564 12565
F 12632 12699 12698
F 12631 12632 12698
F 12701 12635 12702
F 12635 12701 12634
F 11185 11117 11118
F 11117 11185 11184
F 11318 11250 11251
F 11250 11318 11317
F 11655 11723 11722
F 11723 11655 11656
F 10900 10951 10950
F 10951 10900 10901
F 11246 11314 11313
F 11314 11246 11247
F 8689 8757 8756
F 8757 8689 8690
F 8627 8559 8560
F 8559 8627 8626
F 8558 8559 8625
F 8559 8626 8625
F 9017 8950 8951
F 9018 9017 8951
F 9218 9151 9219
F 9151 9152 9219
F 9085 9017 9018
F 9017 9085 9084
F 9151 9085 9152
F 9085 9151 9084
F 9153 9085 9086
F 9085 9153 9152
F 9621 9687 9620
F 9687 9621 9688
F 9755 9821 9754
F 9821 9755 9822
F 9823 9755 9756
F 9755 9823 9822
F 9755 9687 9688
F 9687 9755 9754
F 9094 9162 9161
F 9162 9094 9095
F 9027 8961 9028
F 8961 9027 8960
F 9027 9028 9095
F 9094 9027 9095
F 9027 9093 9026
F 9027 9094 9093
F 9093 9025 9026
F 9092 9025 9093
F 9090 9157 9089
F 9157 9156 9089
F 9091 9025 9092
F 9025 9091 9024
F 9091 9157 9090
F 9157 9091 9158
F 8635 8569 8636
F 8569 8635 8568
F 8636 8569 8637
F 8569 8570 8637
F 9501 9435 9502
F 9435 9501 9434
F 9689 9755 9688
F 9755 9689 9756
F 9621 9689 9688
F 9689 9621 9622
F 9623 9689 9622
F 9689 9623 9690
F 9166 9099 9100
F 9167 9166 9100
F 9169 9103 9170
F 9103 9169 9102
F 9237 9169 9170
F 9169 9237 9236
F 8631 8563 8564
F 8563 8631 8630
F 8565 8631 8564
F 8631 8565 8632
F 8834 8766 8767
F 8766 8834 8833
F 8767 8766 8700
F 8766 8699 8700
F 8961 9029 9028
F 9029 8961 8962
F 8834 8902 8901
F 8902 8834 8835
F 8836 8902 8835
F 8902 8836 8903
F 8902 8903 8970
F 8902 8970 8969
F 10831 10782 10832
F 10782 10831 10781
F 10389 10438 10388
F 10438 10389 10439
F 10048 10047 9981
F 10047 9980 9981
F 10047 10115 10114
F 10115 10047 10048
F 10292 10342 10341
F 10291 10292 10341
F 10158 10224 10157
F 10224 10158 10225
F 10625 10576 10626
F 10576 10625 10575
F 10157 10223 10156
F 10224 10223 10157
F 10720 10671 10721
F 10671 10720 10670
F 10669 10620 10670
F 10620 10669 10619
F 10669 10720 10719
F 10720 10669 10670
F 11330 11398 11397
F 11398 11330 11331
F 10872 10922 10871
F 10922 10921 10871
F 10922 10972 10971
F 10921 10922 10971
F 11022 11021 10972
F 10972 11021 10971
F 11021 11022 11072
F 11021 11072 11071
F 11070 11021 11071
F 11021 11070 11020
F 10970 11021 11020
F 11021 10970 10971
F 10970 10921 10971
F 10921 10970 10920
F 10970 11020 11019
F 10969 10970 11019
F 9187 9119 9120
F 9119 9187 9186
F 9191 9125 9192
F 9125 9191 9124
F 9125 9193 9192
F 9193 9125 9126
F 9603 9669 9602
F 9669 9603 9670
F 9281 9215 9282
F 9215 9281 9214
F 9082 9148 9081
F 9148 9082 9149
F 9082 9083 9150
F 9149 9082 9150
F 9351 9350 9284
F 9284 9350 9283
F 9350 9351 9418
F 9350 9418 9417
F 9350 9349 9282
F 9350 9282 9283
F 9350 9416 9349
F 9416 9350 9417
F 9484 9416 9417
F 9416 9484 9483
F 9482 9416 9483
F 9416 9482 9415
F 9349 9416 9348
F 9416 9415 9348
F 9347 9281 9348
F 9281 9347 9280
F 9415 9347 9348
F 9347 9415 9414
F 9413 9347 9414
F 9347 9413 9346
F 10222 10154 10155
F 10154 10222 10221
F 10671 10622 10672
F 10622 10671 10621
F 10622 10571 10572
F 10571 10622 10621
F 9752 9751 9685
F 9685 9751 9684
F 10271 10222 10272
F 10222 10271 10221
F 12713 12647 12714
F 12713 12646 12647
F 12646 12579 12647
F 12647 12579 12580
F 12725 12659 12726
F 12659 12725 12658
F 12659 12727 12726
F 12727 12659 12660
F 12659 12593 12660
F 12593 12659 12592
F 11401 11333 11334
F 11333 11401 11400
F 11398 11332 11399
F 11332 11398 11331
F 11332 11333 11400
F 11399 11332 11400
F 12545 12479 12546
F 12479 12545 12478
F 11943 11942 11876
F 11876 11942 11875
F 11740 11808 11807
F 11808 11740 11741
F 11806 11740 11807
F 11740 11806 11739
F 12606 12540 12607
F 12540 12606 12539
F 12740 12674 12741
F 12674 12740 12673
F 12606 12674 12673
F 12674 12606 12607
F 12674 12742 12741
F 12742 12674 12675
F 12674 12607 12608
F 12675 12674 12608
F 12479 12411 12412
F 12411 12479 12478
F 12540 12474 12541
F 12474 12540 12473
F 12746 12680 12747
F 12680 12746 12679
F 12746 12678 12679
F 12678 12746 12745
F 12744 12678 12745
F 12678 12744 12677
F 12676 12675 12608
F 12609 12676 12608
F 12676 12742 12675
F 12742 12676 12743
F 12744 12676 12677
F 12676 12744 12743
F 12668 12735 12734
F 12668 12734 12667
F 12472 12540 12539
F 12540 12472 12473
F 12697 12630 12631
F 12697 12631 12698
F 11408 11341 11409
F 11341 11342 11409
F 11073 11074 11141
F 11140 11073 11141
F 11610 11676 11609
F 11676 11610 11677
F 11944 11877 11945
F 11877 11878 11945
F 11423 11424 11491
F 11423 11491 11490
F 11414 11482 11481
F 11482 11414 11415
F 11963 12030 12029
F 11963 12029 11962
F 11491 11558 11490
F 11558 11557 11490
F 11697 11698 11764
F 11764 11698 11765
F 11558 11624 11557
F 11624 11558 11625
F 11558 11626 11625
F 11626 11558 11559
F 11692 11624 11625
F 11624 11692 11691
F 11626 11692 11625
F 11692 11626 11693
F 12719 12653 12720
F 12652 12653 12719
F 12653 12721 12720
F 12653 12654 12721
F 12633 12701 12700
F 12701 12633 12634
F 12699 12633 12700
F 12632 12633 12699
F 12502 12568 12501
F 12568 12502 12569
F 12500 12568 12567
F 12568 12500 12501
F 12636 12568 12569
F 12568 12636 12635
F 12568 12635 12634
F 12568 12634 12567
F 11843 11842 11775
F 11776 11843 11775
F 11574 11640 11573
F 11640 11574 11641
F 10993 11044 11043
F 11044 10993 10994
F 11044 10994 10995
F 11045 11044 10995
F 10665 10614 10615
F 10614 10665 10664
F 10663 10614 10664
F 10614 10663 10613
F 10609 10660 10659
F 10660 10609 10610
F 10559 10558 10509
F 10558 10508 10509
F 10609 10560 10610
F 10560 10609 10559
F 10561 10510 10511
F 10560 10510 10561
F 10510 10559 10509
F 10510 10560 10559
F 10459 10458 10409
F 10409 10458 10408
F 10508 10458 10509
F 10458 10459 10509
F 7358 7292 7293
F 7292 7358 7357
F 7292 7228 7293
F 7228 7292 7227
F 11323 11322 11255
F 11323 11255 11256
F 11252 11318 11251
F 11318 11252 11319
F 11185 11252 11184
F 11252 11251 11184
F 11385 11318 11319
F 11386 11385 11319
F 11248 11314 11247
F 11314 11248 11315
F 11248 11316 11315
F 11316 11248 11249
F 11316 11250 11317
F 11316 11249 11250
F 11584 11518 11585
F 11518 11584 11517
F 10949 10900 10950
F 10949 10899 10900
F 9091 9023 9024
F 9023 9091 9090
F 8624 8557 8558
F 8624 8558 8625
F 8693 8627 8694
F 8627 8693 8626
F 8693 8760 8759
F 8692 8693 8759
F 8626 8693 8625
F 8693 8692 8625
F 9031 9032 9098
F 9032 9099 9098
F 9099 9032 9100
F 9032 9033 9100
F 8900 8834 8901
F 8834 8900 8833
F 8553 8619 8552
F 8619 8553 8620
F 8620 8553 8621
F 8553 8554 8621
F 8617 8549 8550
F 8549 8617 8616
F 8549 8615 8548
F 8615 8549 8616
F 8683 8749 8682
F 8749 8683 8750
F 8683 8615 8616
F 8615 8683 8682
F 8617 8683 8616
F 8683 8617 8684
F 9153 9087 9154
F 9087 9153 9086
F 9019 9085 9018
F 9085 9019 9086
F 9019 9018 8951
F 8952 9019 8951
F 9286 9285 9218
F 9286 9218 9219
F 9159 9091 9092
F 9091 9159 9158
F 9159 9225 9158
F 9225 9159 9226
F 8893 8961 8960
F 8961 8893 8894
F 8893 8826 8827
F 8894 8893 8827
F 9156 9155 9089
F 9155 9088 9089
F 9087 9155 9154
F 9155 9087 9088
F 8634 8567 8635
F 8635 8567 8568
F 8699 8633 8700
F 8632 8633 8699
F 8565 8633 8632
F 8633 8565 8566
F 8633 8567 8634
F 8567 8633 8566
F 9428 9494 9427
F 9494 9428 9495
F 9497 9431 9498
F 9431 9497 9430
F 9490 9424 9491
F 9424 9490 9423
F 9165 9166 9233
F 9165 9233 9232
F 9166 9165 9099
F 9099 9165 9098
F 9233 9299 9232
F 9299 9233 9300
F 9367 9299 9300
F 9299 9367 9366
F 9368 9435 9434
F 9367 9368 9434
F 9237 9303 9236
F 9303 9237 9304
F 9235 9303 9302
F 9303 9235 9236
F 8766 8698 8699
F 8698 8766 8765
F 8764 8698 8765
F 8698 8764 8697
F 8698 8631 8632
F 8698 8632 8699
F 8630 8698 8697
F 8631 8698 8630
F 8761 8693 8694
F 8693 8761 8760
F 8628 8627 8560
F 8561 8628 8560
F 11026 10975 10976
F 10975 11026 11025
F 10973 10923 10924
F 10974 10973 10924
F 11073 11024 11074
F 11024 11073 11023
F 11024 10973 10974
F 10973 11024 11023
F 11024 10975 11025
F 10975 11024 10974
F 10486 10535 10485
F 10535 10486 10536
F 10486 10537 10536
F 10537 10486 10487
F 10486 10435 10436
F 10435 10486 10485
F 10934 10883 10884
F 10883 10934 10933
F 10882 10883 10932
F 10883 10933 10932
F 11040 10989 10990
F 10989 11040 11039
F 10936 10986 10985
F 10935 10936 10985
F 10342 10391 10341
F 10391 10342 10392
F 10892 10943 10942
F 10943 10892 10893
F 10840 10791 10841
F 10791 10840 10790
F 10892 10842 10893
F 10893 10842 10843
F 10844 10793 10794
F 10793 10844 10843
F 10844 10893 10843
F 10844 10894 10893
F 10395 10446 10445
F 10396 10446 10395
F 10795 10746 10796
F 10746 10795 10745
F 9785 9852 9784
F 9852 9851 9784
F 9979 9913 9980
F 9913 9979 9912
F 9980 9913 9981
F 9913 9914 9981
F 9786 9852 9785
F 9852 9786 9853
F 9786 9785 9718
F 9719 9786 9718
F 9786 9854 9853
F 9854 9786 9787
F 9720 9719 9652
F 9653 9720 9652
F 9720 9786 9719
F 9786 9720 9787
F 10115 10181 10114
F 10181 10115 10182
F 9984 10050 9983
F 10050 9984 10051
F 9914 9915 9981
F 9915 9982 9981
F 9703 9704 9771
F 9703 9771 9770
F 9703 9637 9704
F 9637 9703 9636
F 9637 9570 9571
F 9638 9637 9571
F 9637 9638 9705
F 9704 9637 9705
F 9839 9840 9907
F 9906 9839 9907
F 9821 9889 9888
F 9889 9821 9822
F 9889 9955 9888
F 9955 9889 9956
F 9823 9889 9822
F 9890 9889 9823
F 10091 10157 10090
F 10091 10158 10157
F 10091 10159 10158
F 10159 10091 10092
F 10158 10159 10225
F 10159 10226 10225
F 10724 10773 10723
F 10773 10724 10774
F 10625 10574 10575
F 10574 10625 10624
F 10525 10576 10575
F 10576 10525 10526
F 10574 10525 10575
F 10525 10574 10524
F 10676 10625 10626
F 10676 10675 10625
F 10676 10726 10725
F 10675 10676 10725
F 10429 10479 10478
F 10429 10478 10428
F 10576 10577 10626
F 10577 10627 10626
F 10577 10576 10526
F 10527 10577 10526
F 10577 10528 10578
F 10528 10577 10527
F 10477 10528 10527
F 10528 10477 10478
F 10477 10427 10428
F 10478 10477 10428
F 10535 10484 10485
F 10484 10535 10534
F 10484 10435 10485
F 10435 10484 10434
F 10533 10484 10534
F 10484 10533 10483
F 10533 10482 10483
F 10482 10533 10532
F 10482 10433 10483
F 10433 10482 10432
F 10382 10433 10432
F 10433 10382 10383
F 10433 10484 10483
F 10484 10433 10434
F 11672 11740 11739
F 11740 11672 11673
F 11266 11200 11267
F 11200 11266 11199
F 11333 11266 11334
F 11266 11267 11334
F 11018 10969 11019
F 10969 11018 10968
F 10858 10808 10859
F 10808 10809 10859
F 10809 10760 10810
F 10760 10809 10759
F 11070 11069 11020
F 11020 11069 11019
F 11069 11137 11136
F 11137 11069 11070
F 10820 10821 10871
F 10870 10820 10871
F 10919 10868 10869
F 10868 10919 10918
F 10970 10919 10920
F 10919 10970 10969
F 10918 10919 10968
F 10919 10969 10968
F 10919 10870 10920
F 10919 10869 10870
F 8836 8904 8903
F 8904 8836 8837
F 8838 8904 8837
F 8904 8838 8905
F 8574 8640 8573
F 8640 8574 8641
F 8708 8640 8641
F 8640 8708 8707
F 8704 8705 8772
F 8771 8704 8772
F 8638 8570 8571
F 8570 8638 8637
F 8704 8638 8705
F 8638 8704 8637
F 8908 8907 8841
F 8907 8840 8841
F 8978 8910 8911
F 8910 8978 8977
F 8642 8708 8641
F 8708 8642 8709
F 8642 8574 8575
F 8574 8642 8641
F 8576 8642 8575
F 8642 8576 8643
F 8710 8642 8643
F 8642 8710 8709
F 8710 8778 8777
F 8778 8710 8711
F 9441 9507 9440
F 9507 9441 9508
F 8717 8651 8718
F 8651 8717 8650
F 8584 8651 8583
F 8583 8651 8650
F 8785 8719 8786
F 8719 8785 8718
F 8653 8586 8654
F 8586 8587 8654
F 8588 8589 8656
F 8655 8588 8656
F 8587 8588 8654
F 8588 8655 8654
F 8723 8657 8724
F 8657 8723 8656
F 8657 8725 8724
F 8725 8657 8658
F 8648 8580 8581
F 8580 8648 8647
F 8644 8710 8643
F 8710 8644 8711
F 8644 8576 8577
F 8576 8644 8643
F 9046 8980 9047
F 8980 9046 8979
F 8912 8978 8911
F 8978 8912 8979
F 8912 8980 8979
F 8980 8912 8913
F 8596 8662 8595
F 8662 8596 8663
F 8662 8594 8595
F 8594 8662 8661
F 8589 8590 8656
F 8590 8657 8656
F 8657 8590 8658
F 8590 8591 8658
F 8798 8731 8799
F 8731 8732 8799
F 8797 8731 8798
F 8731 8797 8730
F 8865 8797 8798
F 8797 8865 8864
F 8865 8798 8799
F 8866 8865 8799
F 8929 8997 8996
F 8997 8929 8930
F 8997 8931 8998
F 8931 8997 8930
F 9132 9199 9131
F 9199 9198 9131
F 9281 9213 9214
F 9213 9281 9280
F 8678 8610 8611
F 8610 8678 8677
F 9217 9216 9150
F 9216 9149 9150
F 9216 9217 9284
F 9216 9284 9283
F 9216 9148 9149
F 9216 9215 9148
F 9215 9216 9282
F 9282 9216 9283
F 9808 9741 9742
F 9808 9742 9809
F 9740 9808 9807
F 9808 9740 9741
F 9685 9617 9618
F 9617 9685 9684
F 10212 10263 10262
F 10263 10212 10213
F 9743 9810 9742
F 9742 9810 9809
F 9812 9744 9745
F 9744 9812 9811
F 9744 9810 9743
F 9810 9744 9811
F 9466 9532 9465
F 9532 9466 9533
F 9198 9264 9197
F 9264 9198 9265
F 9264 9330 9263
F 9330 9264 9331
F 9398 9466 9465
F 9466 9398 9399
F 9398 9464 9397
F 9398 9465 9464
F 9398 9330 9331
F 9330 9398 9397
F 9603 9604 9670
F 9604 9671 9670
F 9605 9672 9671
F 9604 9605 9671
F 9740 9674 9741
F 9674 9740 9673
F 10665 10714 10664
F 10714 10665 10715
F 9953 9887 9954
F 9887 9953 9886
F 9819 9751 9752
F 9751 9819 9818
F 9819 9753 9820
F 9819 9752 9753
F 9819 9887 9886
F 9887 9819 9820
F 9949 9883 9950
F 9883 9949 9882
F 9815 9883 9882
F 9883 9815 9816
F 9747 9815 9814
F 9815 9747 9748
F 9747 9681 9748
F 9681 9747 9680
F 10217 10151 10218
F 10151 10217 10150
F 12585 12653 12652
F 12653 12585 12586
F 12587 12653 12586
F 12653 12587 12654
F 12591 12659 12658
F 12659 12591 12592
F 11268 11200 11201
F 11200 11268 11267
F 11267 11268 11334
F 11268 11335 11334
F 11330 11264 11331
F 11263 11264 11330
F 12678 12612 12679
F 12612 12678 12611
F 12612 12680 12679
F 12680 12612 12613
F 12612 12546 12613
F 12612 12545 12546
F 11674 11740 11673
F 11740 11674 11741
F 11674 11606 11607
F 11606 11674 11673
F 11674 11675 11742
F 11674 11742 11741
F 11675 11674 11608
F 11608 11674 11607
F 11809 11876 11875
F 11808 11809 11875
F 11809 11808 11741
F 11742 11809 11741
F 11738 11672 11739
F 11738 11671 11672
F 12672 12740 12739
F 12740 12672 12673
F 12143 12211 12210
F 12211 12143 12144
F 12277 12211 12278
F 12211 12277 12210
F 12343 12342 12276
F 12342 12275 12276
F 12544 12612 12611
F 12612 12544 12545
F 12678 12610 12611
F 12610 12678 12677
F 12676 12610 12677
F 12610 12676 12609
F 12544 12610 12543
F 12610 12544 12611
F 12610 12542 12543
F 12542 12610 12609
F 12541 12542 12608
F 12542 12609 12608
F 12474 12542 12541
F 12542 12474 12475
F 12472 12406 12473
F 12406 12472 12405
F 12339 12406 12338
F 12406 12405 12338
F 12733 12666 12734
F 12734 12666 12667
F 12529 12595 12528
F 12595 12529 12596
F 12399 12331 12332
F 12331 12399 12398
F 12331 12265 12332
F 12265 12331 12264
F 12735 12669 12736
F 12668 12669 12735
F 12427 12493 12426
F 12493 12427 12494
F 12626 12693 12692
F 12626 12692 12625
F 12693 12626 12694
F 12626 12627 12694
F 12627 12559 12560
F 12626 12559 12627
F 12559 12626 12625
F 12558 12559 12625
F 12423 12356 12357
F 12424 12423 12357
F 12212 12146 12213
F 12146 12212 12145
F 12078 12146 12145
F 12146 12078 12079
F 11947 12013 11946
F 12013 11947 12014
F 12082 12014 12015
F 12014 12082 12081
F 12614 12682 12681
F 12682 12614 12615
F 12684 12618 12685
F 12618 12684 12617
F 12616 12682 12615
F 12682 12616 12683
F 12684 12616 12617
F 12616 12684 12683
F 12280 12212 12213
F 12212 12280 12279
F 12280 12346 12279
F 12346 12280 12347
F 12280 12348 12347
F 12348 12280 12281
F 12282 12348 12281
F 12348 12282 12349
F 12548 12616 12615
F 12616 12548 12549
F 12614 12548 12615
F 12548 12614 12547
F 12480 12548 12547
F 12548 12480 12481
F 12348 12414 12347
F 12414 12348 12415
F 12414 12346 12347
F 12346 12414 12413
F 12480 12414 12481
F 12414 12480 12413
F 12550 12616 12549
F 12616 12550 12617
F 12550 12618 12617
F 12618 12550 12551
F 12414 12482 12481
F 12482 12414 12415
F 12482 12548 12481
F 12548 12482 12549
F 12482 12550 12549
F 12550 12482 12483
F 12484 12550 12483
F 12550 12484 12551
F 12348 12416 12415
F 12416 12348 12349
F 12416 12484 12483
F 12484 12416 12417
F 12482 12416 12483
F 12416 12482 12415
F 11476 11475 11408
F 11476 11408 11409
F 11024 11075 11074
F 11075 11024 11025
F 11074 11075 11141
F 11075 11142 11141
F 11208 11207 11140
F 11208 11140 11141
F 12016 12082 12015
F 12082 12016 12083
F 12083 12016 12084
F 12016 12017 12084
F 11743 11676 11677
F 11744 11743 11677
F 11878 11879 11945
F 11879 11946 11945
F 11879 11947 11946
F 11947 11879 11880
F 11879 11813 11880
F 11813 11879 11812
F 11879 11811 11812
F 11811 11879 11878
F 11877 11811 11878
F 11811 11877 11810
F 11811 11743 11744
F 11743 11811 11810
F 11811 11744 11745
F 11812 11811 11745
F 11360 11292 11293
F 11292 11360 11359
F 11358 11292 11359
F 11292 11358 11291
F 11358 11425 11424
F 11358 11424 11357
F 11426 11358 11359
F 11358 11426 11425
F 11090 11158 11157
F 11158 11090 11091
F 11684 11616 11617
F 11616 11684 11683
F 11416 11482 11415
F 11416 11483 11482
F 10977 10926 10927
F 10926 10977 10976
F 10977 10928 10978
F 10928 10977 10927
F 11028 10979 11029
F 10979 11028 10978
F 11212 11278 11211
F 11278 11212 11279
F 12232 12166 12233
F 12166 12232 12165
F 12436 12368 12369
F 12368 12436 12435
F 11698 11699 11765
F 11699 11766 11765
F 12169 12103 12170
F 12103 12169 12102
F 11627 11626 11559
F 11560 11627 11559
F 12025 12091 12024
F 12091 12025 12092
F 11890 11889 11822
F 11823 11890 11822
F 11824 11890 11823
F 11890 11824 11891
F 12359 12427 12426
F 12427 12359 12360
F 12356 12290 12357
F 12289 12290 12356
F 12087 12086 12019
F 12020 12087 12019
F 12087 12020 12021
F 12088 12087 12021
F 12362 12430 12429
F 12430 12362 12363
F 12044 12112 12111
F 12112 12044 12045
F 12046 12114 12113
F 12114 12046 12047
F 12046 12112 12045
F 12112 12046 12113
F 12581 12647 12580
F 12647 12581 12648
F 12384 12316 12317
F 12316 12384 12383
F 12315 12316 12382
F 12382 12316 12383
F 12384 12450 12383
F 12450 12384 12451
F 12450 12382 12383
F 12450 12449 12382
F 12434 12502 12501
F 12502 12434 12435
F 12434 12368 12435
F 12368 12434 12367
F 12635 12703 12702
F 12636 12703 12635
F 12306 12239 12240
F 12307 12306 12240
F 12502 12503 12569
F 12503 12570 12569
F 12503 12502 12435
F 12436 12503 12435
F 11709 11776 11775
F 11708 11709 11775
F 11707 11640 11641
F 11708 11707 11641
F 11843 11909 11842
F 11909 11843 11910
F 11909 11908 11841
F 11842 11909 11841
F 11576 11644 11643
F 11644 11576 11577
F 11575 11509 11576
F 11509 11575 11508
F 11094 11044 11045
F 11094 11045 11095
F 11367 11301 11368
F 11301 11367 11300
F 11575 11507 11508
F 11507 11575 11574
F 11435 11367 11368
F 11367 11435 11434
F 11435 11503 11502
F 11503 11435 11436
F 11435 11369 11436
F 11369 11435 11368
F 10265 10315 10314
F 10264 10265 10314
F 10265 10316 10315
F 10316 10265 10266
F 10466 10415 10416
F 10415 10466 10465
F 10464 10515 10514
F 10515 10464 10465
F 10611 10660 10610
F 10660 10611 10661
F 10611 10560 10561
F 10560 10611 10610
F 10611 10662 10661
F 10662 10611 10612
F 10662 10612 10613
F 10663 10662 10613
F 10515 10564 10514
F 10565 10564 10515
F 10614 10564 10615
F 10564 10565 10615
F 10608 10558 10559
F 10609 10608 10559
F 10608 10557 10558
F 10557 10608 10607
F 6174 6173 6111
F 6111 6173 6110
F 6173 6174 6236
F 6235 6173 6236
F 6045 6111 6110
F 6111 6045 6046
F 10049 10048 9981
F 9982 10049 9981
F 10049 10115 10048
F 10115 10049 10116
F 10050 10049 9983
F 10049 9982 9983
F 10115 10183 10182
F 10183 10115 10116
F 11388 11454 11387
F 11454 11388 11455
F 11255 11189 11256
F 11188 11189 11255
F 11189 11190 11257
F 11189 11257 11256
F 11324 11392 11391
F 11392 11324 11325
F 11324 11323 11256
F 11257 11324 11256
F 11249 11183 11250
F 11183 11249 11182
F 11250 11183 11251
F 11251 11183 11184
F 11183 11117 11184
F 11183 11116 11117
F 11254 11188 11255
F 11254 11187 11188
F 11384 11316 11317
F 11316 11384 11383
F 11318 11384 11317
F 11385 11384 11318
F 11519 11587 11586
F 11587 11519 11520
F 11518 11519 11585
F 11585 11519 11586
F 11314 11380 11313
F 11381 11380 11314
F 11449 11382 11450
F 11382 11383 11450
F 11316 11382 11315
F 11382 11316 11383
F 11382 11314 11315
F 11382 11381 11314
F 10899 10849 10900
F 10900 10849 10850
F 11116 11050 11117
F 11050 11116 11049
F 11117 11050 11118
F 11050 11051 11118
F 10857 10808 10858
F 10808 10857 10807
F 10803 10852 10802
F 10852 10803 10853
F 10701 10752 10751
F 10752 10701 10702
F 10801 10752 10802
F 10752 10801 10751
F 10752 10803 10802
F 10803 10752 10753
F 10902 10851 10852
F 10851 10902 10901
F 10900 10851 10901
F 10851 10900 10850
F 10851 10801 10802
F 10852 10851 10802
F 10851 10850 10800
F 10801 10851 10800
F 11380 11446 11379
F 11446 11380 11447
F 10750 10701 10751
F 10701 10750 10700
F 10750 10801 10800
F 10801 10750 10751
F 8688 8622 8689
F 8622 8688 8621
F 8555 8622 8554
F 8554 8622 8621
F 9088 9022 9089
F 9022 9088 9021
F 9022 8954 8955
F 8954 9022 9021
F 9022 9090 9089
F 9022 9023 9090
F 8956 9022 8955
F 9023 9022 8956
F 8691 8624 8625
F 8692 8691 8625
F 8691 8692 8759
F 8758 8691 8759
F 8691 8757 8690
F 8691 8758 8757
F 9032 8966 9033
F 8966 9032 8965
F 8820 8754 8821
F 8754 8820 8753
F 8618 8551 8552
F 8619 8618 8552
F 8685 8618 8686
F 8618 8619 8686
F 8551 8618 8550
F 8618 8617 8550
F 8617 8618 8684
F 8618 8685 8684
F 8887 8820 8821
F 8888 8887 8821
F 8954 8887 8955
F 8887 8888 8955
F 9088 9020 9021
F 9087 9020 9088
F 9020 8954 9021
F 8954 9020 8953
F 9020 9087 9086
F 9019 9020 9086
F 9020 9019 8952
F 9020 8952 8953
F 8817 8749 8750
F 8749 8817 8816
F 8751 8683 8684
F 8683 8751 8750
F 8751 8817 8750
F 8817 8751 8818
F 8886 8887 8954
F 8886 8954 8953
F 9489 9490 9557
F 9489 9557 9556
F 9490 9489 9423
F 9489 9422 9423
F 9153 9220 9152
F 9152 9220 9219
F 9356 9424 9423
F 9424 9356 9357
F 9422 9356 9423
F 9355 9356 9422
F 9295 9363 9362
F 9295 9296 9363
F 9160 9094 9161
F 9094 9160 9093
F 9226 9160 9227
F 9159 9160 9226
F 9160 9092 9093
F 9160 9159 9092
F 8826 8825 8759
F 8825 8758 8759
F 9027 8959 8960
F 8959 9027 9026
F 8701 8633 8634
F 8633 8701 8700
F 8702 8634 8635
F 8702 8701 8634
F 8770 8838 8837
F 8838 8770 8771
F 8836 8770 8837
F 8769 8770 8836
F 9637 9569 9570
F 9569 9637 9636
F 9503 9569 9502
F 9570 9569 9503
F 9569 9501 9502
F 9569 9568 9501
F 9703 9635 9636
F 9635 9703 9702
F 9569 9635 9568
F 9635 9569 9636
F 9701 9635 9702
F 9635 9701 9634
F 9635 9634 9567
F 9568 9635 9567
F 9633 9566 9567
F 9634 9633 9567
F 9701 9633 9634
F 9633 9701 9700
F 9633 9565 9566
F 9633 9632 9565
F 9433 9367 9434
F 9367 9433 9366
F 9296 9364 9363
F 9364 9296 9297
F 9364 9431 9430
F 9364 9430 9363
F 9363 9429 9362
F 9430 9429 9363
F 9828 9762 9829
F 9762 9828 9761
F 9623 9624 9690
F 9690 9624 9691
F 9557 9624 9556
F 9624 9623 9556
F 9558 9624 9557
F 9624 9558 9625
F 9490 9558 9557
F 9558 9490 9491
F 9625 9558 9626
F 9626 9558 9559
F 9358 9292 9359
F 9358 9291 9292
F 9298 9364 9297
F 9364 9298 9365
F 9231 9298 9230
F 9230 9298 9297
F 9299 9298 9232
F 9298 9231 9232
F 9298 9299 9366
F 9298 9366 9365
F 9507 9506 9440
F 9440 9506 9439
F 9570 9504 9571
F 9504 9570 9503
F 9504 9503 9436
F 9437 9504 9436
F 9438 9372 9439
F 9372 9438 9371
F 9304 9372 9371
F 9305 9372 9304
F 9169 9168 9102
F 9168 9101 9102
F 9168 9167 9100
F 9101 9168 9100
F 9168 9169 9236
F 9235 9168 9236
F 9234 9166 9167
F 9166 9234 9233
F 9168 9234 9167
F 9234 9168 9235
F 9438 9370 9371
F 9370 9438 9437
F 9370 9303 9304
F 9370 9304 9371
F 8963 9029 8962
F 8963 9030 9029
F 8764 8696 8697
F 8763 8696 8764
F 10773 10824 10823
F 10824 10773 10774
F 10824 10873 10823
F 10873 10824 10874
F 10923 10873 10924
F 10873 10874 10924
F 10724 10775 10774
F 10775 10724 10725
F 10726 10775 10725
F 10776 10775 10726
F 10740 10791 10790
F 10791 10740 10741
F 10789 10740 10790
F 10740 10789 10739
F 10489 10438 10439
F 10438 10489 10488
F 10535 10584 10534
F 10584 10535 10585
F 10628 10577 10578
F 10577 10628 10627
F 10679 10628 10629
F 10628 10679 10678
F 10586 10535 10536
F 10535 10586 10585
F 10489 10538 10488
F 10538 10489 10539
F 10538 10537 10487
F 10538 10487 10488
F 10487 10437 10488
F 10437 10438 10488
F 10486 10437 10487
F 10437 10486 10436
F 10438 10437 10388
F 10437 10387 10388
F 10930 10931 10980
F 10931 10981 10980
F 11081 11032 11082
F 11031 11032 11081
F 10979 11030 11029
F 11030 10979 10980
F 10981 11030 10980
F 11031 11030 10981
F 10984 10935 10985
F 10984 10934 10935
F 10934 10984 10933
F 10984 10983 10933
F 10885 10936 10935
F 10936 10885 10886
F 10934 10885 10935
F 10885 10934 10884
F 10885 10836 10886
F 10836 10885 10835
F 10635 10584 10585
F 10584 10635 10634
F 10777 10776 10726
F 10777 10726 10727
F 10728 10777 10727
F 10778 10777 10728
F 10740 10691 10741
F 10691 10740 10690
F 10887 10836 10837
F 10836 10887 10886
F 10440 10489 10439
F 10489 10440 10490
F 10795 10744 10745
F 10744 10795 10794
F 10793 10744 10794
F 10743 10744 10793
F 10792 10791 10741
F 10792 10741 10742
F 10792 10743 10793
F 10743 10792 10742
F 10791 10792 10841
F 10792 10842 10841
F 10842 10792 10843
F 10792 10793 10843
F 10944 10943 10893
F 10894 10944 10893
F 10993 10944 10994
F 10943 10944 10993
F 10994 10944 10995
F 10944 10945 10995
F 10342 10393 10392
F 10343 10393 10342
F 10492 10542 10541
F 10491 10492 10541
F 10696 10746 10745
F 10696 10745 10695
F 10647 10696 10646
F 10696 10647 10697
F 10129 10196 10195
F 10128 10129 10195
F 9654 9587 9655
F 9587 9588 9655
F 9587 9654 9653
F 9586 9587 9653
F 9585 9586 9653
F 9585 9653 9652
F 9517 9585 9584
F 9585 9517 9518
F 9187 9253 9186
F 9253 9187 9254
F 9923 9857 9924
F 9857 9923 9856
F 9857 9925 9924
F 9925 9857 9858
F 9987 10055 10054
F 10055 9987 9988
F 10055 10121 10054
F 10121 10055 10122
F 10055 9989 10056
F 10055 9988 9989
F 9922 9854 9855
F 9854 9922 9921
F 9988 9922 9989
F 9922 9988 9921
F 9922 9855 9856
F 9923 9922 9856
F 9990 9922 9923
F 9922 9990 9989
F 9989 9990 10056
F 9990 10057 10056
F 9990 9923 9924
F 9990 9924 9991
F 9854 9788 9855
F 9788 9854 9787
F 10346 10397 10396
F 10397 10346 10347
F 10346 10396 10395
F 10345 10346 10395
F 9711 9779 9778
F 9779 9711 9712
F 9713 9779 9712
F 9779 9713 9780
F 9847 9915 9914
F 9915 9847 9848
F 9849 9781 9782
F 9781 9849 9848
F 9847 9781 9848
F 9781 9847 9780
F 9713 9781 9780
F 9781 9713 9714
F 9904 9838 9905
F 9838 9904 9837
F 9770 9838 9837
F 9771 9838 9770
F 9905 9838 9906
F 9838 9839 9906
F 9708 9776 9775
F 9776 9708 9709
F 9710 9644 9711
F 9644 9710 9643
F 9710 9711 9778
F 9777 9710 9778
F 9776 9710 9777
F 9710 9776 9709
F 9976 9977 10043
F 10043 9977 10044
F 9838 9772 9839
F 9772 9838 9771
F 9704 9772 9771
F 9772 9704 9705
F 9839 9772 9840
F 9772 9773 9840
F 9841 9773 9774
F 9773 9841 9840
F 9775 9841 9774
F 9841 9775 9842
F 9840 9841 9907
F 9841 9908 9907
F 9909 9841 9842
F 9841 9909 9908
F 9757 9689 9690
F 9689 9757 9756
F 9758 9757 9691
F 9757 9690 9691
F 9758 9759 9825
F 9825 9759 9826
F 9893 9825 9826
F 9893 9892 9825
F 9893 9826 9827
F 9894 9893 9827
F 10573 10574 10624
F 10573 10624 10623
F 10574 10573 10524
F 10573 10523 10524
F 10476 10527 10526
F 10476 10477 10527
F 10477 10476 10427
F 10427 10476 10426
F 10673 10674 10723
F 10674 10724 10723
F 10674 10673 10623
F 10624 10674 10623
F 10724 10674 10725
F 10674 10675 10725
F 10625 10674 10624
F 10675 10674 10625
F 10677 10628 10678
F 10628 10677 10627
F 10677 10728 10727
F 10728 10677 10678
F 10627 10677 10626
F 10677 10676 10626
F 10726 10677 10727
F 10676 10677 10726
F 10378 10429 10428
F 10429 10378 10379
F 10326 10376 10375
F 10325 10326 10375
F 10482 10431 10432
F 10431 10482 10481
F 10280 10281 10331
F 10330 10280 10331
F 10102 10034 10035
F 10034 10102 10101
F 10034 9968 10035
F 9968 10034 9967
F 9969 9968 9902
F 9902 9968 9901
F 10374 10324 10375
F 10324 10325 10375
F 10323 10324 10373
F 10324 10374 10373
F 11605 11538 11539
F 11606 11605 11539
F 11537 11605 11604
F 11605 11537 11538
F 11672 11605 11673
F 11605 11606 11673
F 11671 11605 11672
F 11605 11671 11604
F 11133 11200 11199
F 11132 11133 11199
F 11538 11472 11539
F 11472 11538 11471
F 11540 11606 11539
F 11606 11540 11607
F 11540 11541 11608
F 11540 11608 11607
F 11472 11540 11539
F 11540 11472 11473
F 11271 11338 11337
F 11270 11271 11337
F 11271 11339 11338
F 11339 11271 11272
F 11339 11273 11340
F 11273 11339 11272
F 11474 11540 11473
F 11540 11474 11541
F 11015 10966 11016
F 10966 11015 10965
F 11059 11125 11058
F 11125 11059 11126
F 11196 11264 11263
F 11264 11196 11197
F 11072 11138 11071
F 11139 11138 11072
F 11138 11070 11071
F 11138 11137 11070
F 10770 10721 10771
F 10770 10720 10721
F 10821 10770 10771
F 10820 10770 10821
F 10868 10819 10869
F 10819 10868 10818
F 10819 10820 10870
F 10869 10819 10870
F 9121 9122 9188
F 9188 9122 9189
F 8907 8839 8840
F 8839 8907 8906
F 8838 8839 8905
F 8905 8839 8906
F 8839 8838 8771
F 8839 8771 8772
F 8773 8839 8772
F 8839 8773 8840
F 8705 8773 8772
F 8773 8705 8706
F 8840 8773 8841
F 8773 8774 8841
F 8707 8773 8706
F 8774 8773 8707
F 8639 8572 8573
F 8640 8639 8573
F 8639 8640 8707
F 8639 8707 8706
F 8572 8639 8571
F 8639 8638 8571
F 8638 8639 8705
F 8705 8639 8706
F 9046 9045 8979
F 9045 8978 8979
F 8652 8586 8653
F 8586 8652 8585
F 8652 8584 8585
F 8652 8651 8584
F 8651 8652 8718
F 8652 8719 8718
F 8655 8722 8654
F 8722 8721 8654
F 8722 8788 8721
F 8788 8722 8789
F 8722 8655 8656
F 8723 8722 8656
F 8649 8582 8583
F 8649 8583 8650
F 8717 8649 8650
F 8649 8717 8716
F 8582 8649 8581
F 8649 8648 8581
F 8649 8715 8648
F 8715 8649 8716
F 8781 8715 8782
F 8715 8781 8714
F 8647 8715 8714
F 8648 8715 8647
F 8779 8845 8778
F 8845 8779 8846
F 8777 8845 8844
F 8778 8845 8777
F 8913 8845 8846
F 8912 8845 8913
F 8845 8912 8911
F 8845 8911 8844
F 9118 9119 9186
F 9185 9118 9186
F 8850 8916 8849
F 8916 8850 8917
F 8980 8981 9047
F 8981 9048 9047
F 9048 8981 9049
F 8981 8982 9049
F 9048 9115 9047
F 9115 9114 9047
F 9196 9264 9263
F 9264 9196 9197
F 9196 9130 9197
F 9130 9196 9129
F 9130 9198 9197
F 9198 9130 9131
F 9264 9332 9331
F 9332 9264 9265
F 9332 9398 9331
F 9398 9332 9399
F 9332 9400 9399
F 9400 9332 9333
F 9058 9125 9124
F 9057 9058 9124
F 9058 9057 8990
F 8991 9058 8990
F 8722 8790 8789
F 8790 8722 8723
F 8924 8991 8990
F 8924 8990 8923
F 8856 8788 8789
F 8788 8856 8855
F 8790 8856 8789
F 8856 8790 8857
F 8856 8924 8923
F 8924 8856 8857
F 9062 9130 9129
F 9130 9062 9063
F 10306 10307 10356
F 10307 10357 10356
F 9734 9667 9668
F 9734 9668 9735
F 9734 9733 9666
F 9667 9734 9666
F 9935 9867 9868
F 9867 9935 9934
F 9803 9804 9871
F 9870 9803 9871
F 8665 8733 8732
F 8733 8665 8666
F 8665 8598 8599
F 8665 8599 8666
F 8591 8659 8658
F 8592 8659 8591
F 8797 8729 8730
F 8729 8797 8796
F 8729 8662 8663
F 8729 8663 8730
F 8662 8729 8661
F 8729 8728 8661
F 9130 9064 9131
F 9064 9130 9063
F 8997 9064 8996
F 9064 9063 8996
F 9332 9266 9333
F 9266 9332 9265
F 9199 9266 9198
F 9198 9266 9265
F 9475 9543 9542
F 9543 9475 9476
F 9541 9475 9542
F 9475 9541 9474
F 9413 9345 9346
F 9345 9413 9412
F 9083 9015 9016
F 9082 9015 9083
F 9015 8949 9016
F 8949 9015 8948
F 9015 9082 9081
F 9014 9015 9081
F 8674 8606 8607
F 8606 8674 8673
F 8740 8674 8741
F 8674 8740 8673
F 9015 8947 8948
F 8947 9015 9014
F 8876 8808 8809
F 8808 8876 8875
F 8811 8812 8879
F 8878 8811 8879
F 8811 8745 8812
F 8745 8811 8744
F 8745 8679 8746
F 8679 8745 8678
F 8745 8744 8677
F 8678 8745 8677
F 9615 9548 9616
F 9616 9548 9549
F 9550 9482 9483
F 9482 9550 9549
F 9550 9484 9551
F 9484 9550 9483
F 9550 9616 9549
F 9550 9617 9616
F 9618 9550 9551
F 9617 9550 9618
F 9813 9747 9814
F 9747 9813 9746
F 9813 9879 9812
F 9879 9813 9880
F 9813 9745 9746
F 9813 9812 9745
F 9876 9808 9809
F 9876 9875 9808
F 9876 9943 9942
F 9875 9876 9942
F 10011 9943 9944
F 9943 10011 10010
F 10011 10077 10010
F 10077 10011 10078
F 9812 9878 9811
F 9879 9878 9812
F 9945 9878 9946
F 9878 9879 9946
F 9403 9471 9470
F 9471 9403 9404
F 9403 9337 9404
F 9337 9403 9336
F 9262 9196 9263
F 9196 9262 9195
F 9607 9606 9540
F 9606 9539 9540
F 9674 9606 9607
F 9606 9674 9673
F 9605 9606 9672
F 9672 9606 9673
F 9538 9606 9605
F 9606 9538 9539
F 9471 9538 9470
F 9470 9538 9537
F 9538 9472 9539
F 9472 9538 9471
F 9538 9605 9604
F 9538 9604 9537
F 9613 9681 9680
F 9681 9613 9614
F 10713 10662 10663
F 10662 10713 10712
F 10713 10762 10712
F 10762 10713 10763
F 10713 10663 10664
F 10714 10713 10664
F 10760 10761 10810
F 10761 10811 10810
F 10761 10812 10811
F 10812 10761 10762
F 10812 10762 10763
F 10812 10763 10813
F 10269 10220 10270
F 10220 10269 10219
F 10271 10220 10221
F 10220 10271 10270
F 10220 10154 10221
F 10220 10153 10154
F 9949 10017 10016
F 10017 9949 9950
F 10220 10152 10153
F 10152 10220 10219
F 10152 10085 10086
F 10153 10152 10086
F 10085 10152 10084
F 10152 10151 10084
F 10151 10152 10218
F 10218 10152 10219
F 10620 10570 10621
F 10570 10571 10621
F 10570 10620 10619
F 10569 10570 10619
F 10568 10569 10619
F 10618 10568 10619
F 9881 9815 9882
F 9815 9881 9814
F 9881 9813 9814
F 9813 9881 9880
F 9817 9751 9818
F 9817 9750 9751
F 9815 9749 9816
F 9749 9815 9748
F 9817 9749 9750
F 9749 9817 9816
F 10265 10216 10266
F 10216 10265 10215
F 10017 10083 10016
F 10083 10017 10084
F 10083 10151 10150
F 10151 10083 10084
F 12527 12526 12459
F 12460 12527 12459
F 12661 12727 12660
F 12727 12661 12728
F 12522 12456 12523
F 12456 12522 12455
F 11723 11790 11722
F 11790 11789 11722
F 11671 11670 11604
F 11604 11670 11603
F 11738 11670 11671
F 11670 11738 11737
F 11402 11401 11334
F 11335 11402 11334
F 11468 11402 11469
F 11402 11468 11401
F 11402 11335 11336
F 11403 11402 11336
F 11269 11270 11337
F 11269 11337 11336
F 11202 11269 11201
F 11269 11268 11201
F 11268 11269 11335
F 11335 11269 11336
F 11467 11466 11399
F 11467 11399 11400
F 11467 11468 11535
F 11467 11535 11534
F 11401 11467 11400
F 11468 11467 11401
F 11332 11265 11333
F 11265 11266 11333
F 11265 11332 11331
F 11264 11265 11331
F 11467 11533 11466
F 11533 11467 11534
F 11466 11533 11465
F 11533 11532 11465
F 11728 11662 11729
F 11662 11728 11661
F 11805 11873 11872
F 11873 11805 11806
F 11806 11805 11739
F 11805 11738 11739
F 12342 12341 12275
F 12275 12341 12274
F 12545 12477 12478
F 12544 12477 12545
F 12664 12731 12730
F 12664 12730 12663
F 12525 12593 12592
F 12525 12526 12593
F 12132 12198 12131
F 12198 12132 12199
F 12265 12266 12332
F 12332 12266 12333
F 12266 12198 12199
F 12198 12266 12265
F 12472 12404 12405
F 12471 12404 12472
F 12627 12628 12694
F 12628 12695 12694
F 12623 12624 12690
F 12624 12691 12690
F 12691 12624 12692
F 12692 12624 12625
F 12624 12558 12625
F 12624 12557 12558
F 12493 12492 12426
F 12492 12425 12426
F 12424 12492 12491
F 12425 12492 12424
F 12559 12492 12560
F 12492 12493 12560
F 12492 12559 12558
F 12492 12558 12491
F 12624 12556 12557
F 12556 12624 12623
F 12556 12488 12489
F 12488 12556 12555
F 12556 12623 12622
F 12555 12556 12622
F 12490 12556 12489
F 12556 12490 12557
F 12558 12490 12491
F 12557 12490 12558
F 12490 12424 12491
F 12490 12423 12424
F 12017 12018 12084
F 12084 12018 12085
F 12018 12086 12085
F 12086 12018 12019
F 11947 11948 12014
F 12014 11948 12015
F 11948 11947 11880
F 11881 11948 11880
F 12080 12013 12014
F 12080 12014 12081
F 12012 12078 12011
F 12078 12012 12079
F 12012 12011 11944
F 12012 11944 11945
F 12080 12012 12013
F 12012 12080 12079
F 12013 12012 11946
F 11946 12012 11945
F 12418 12484 12417
F 12484 12418 12485
F 12416 12350 12417
F 12350 12416 12349
F 12282 12350 12349
F 12350 12282 12283
F 12350 12418 12417
F 12418 12350 12351
F 12216 12284 12283
F 12284 12216 12217
F 12284 12350 12283
F 12350 12284 12351
F 11543 11609 11542
F 11543 11610 11609
F 11475 11543 11542
F 11476 11543 11475
F 11547 11546 11480
F 11546 11479 11480
F 11546 11478 11479
F 11478 11546 11545
F 11413 11414 11481
F 11413 11481 11480
F 11479 11413 11480
F 11412 11413 11479
F 11144 11212 11211
F 11212 11144 11145
F 11145 11144 11078
F 11078 11144 11077
F 11144 11076 11077
F 11076 11144 11143
F 11026 11076 11025
F 11076 11075 11025
F 11075 11076 11142
F 11076 11143 11142
F 11341 11275 11342
F 11275 11341 11274
F 11207 11275 11274
F 11208 11275 11207
F 11614 11546 11547
F 11546 11614 11613
F 11750 11749 11683
F 11683 11749 11682
F 11749 11750 11817
F 11816 11749 11817
F 11543 11611 11610
F 11611 11543 11544
F 11614 11680 11613
F 11680 11614 11681
F 11814 11881 11880
F 11813 11814 11880
F 11680 11746 11679
F 11746 11680 11747
F 11746 11814 11813
F 11814 11746 11747
F 11746 11812 11745
F 11746 11813 11812
F 11561 11627 11560
F 11627 11561 11628
F 11492 11558 11491
F 11558 11492 11559
F 11424 11492 11491
F 11425 11492 11424
F 11288 11287 11221
F 11221 11287 11220
F 11423 11356 11424
F 11424 11356 11357
F 11356 11422 11355
F 11422 11356 11423
F 11159 11158 11091
F 11092 11159 11091
F 11158 11224 11157
F 11224 11158 11225
F 11224 11292 11291
F 11292 11224 11225
F 11224 11156 11157
F 11156 11224 11223
F 11483 11549 11482
F 11549 11483 11550
F 11616 11549 11617
F 11617 11549 11550
F 11219 11218 11151
F 11152 11219 11151
F 11149 11148 11081
F 11149 11081 11082
F 11212 11280 11279
F 11280 11212 11213
F 11214 11280 11213
F 11280 11214 11281
F 11684 11618 11685
F 11618 11684 11617
F 10929 10879 10880
F 10930 10929 10880
F 10929 10928 10878
F 10879 10929 10878
F 10979 10929 10980
F 10929 10930 10980
F 10928 10929 10978
F 10929 10979 10978
F 11027 11076 11026
F 11076 11027 11077
F 11027 11026 10976
F 10977 11027 10976
F 11027 10977 10978
F 11028 11027 10978
F 11027 11078 11077
F 11027 11028 11078
F 11345 11413 11412
F 11413 11345 11346
F 11345 11278 11279
F 11345 11279 11346
F 11433 11367 11434
F 11367 11433 11366
F 11433 11365 11366
F 11365 11433 11432
F 11297 11365 11364
F 11365 11297 11298
F 11365 11431 11364
F 11431 11365 11432
F 11499 11431 11432
F 11431 11499 11498
F 11499 11567 11566
F 11567 11499 11500
F 11499 11565 11498
F 11565 11499 11566
F 11433 11499 11432
F 11499 11433 11500
F 12171 12238 12237
F 12170 12171 12237
F 12104 12171 12103
F 12103 12171 12170
F 11631 11699 11698
F 11699 11631 11632
F 11497 11431 11498
F 11431 11497 11430
F 12166 12167 12233
F 12233 12167 12234
F 12300 12232 12233
F 12232 12300 12299
F 12300 12366 12299
F 12366 12300 12367
F 11633 11565 11566
F 11565 11633 11632
F 11832 11764 11765
F 11832 11831 11764
F 11766 11832 11765
F 11833 11832 11766
F 11768 11836 11835
F 11836 11768 11769
F 11834 11833 11766
F 11834 11766 11767
F 11834 11768 11835
F 11768 11834 11767
F 12167 12235 12234
F 12235 12167 12168
F 11963 12031 12030
F 11964 12031 11963
F 12032 12031 11965
F 12031 11964 11965
F 12099 12167 12166
F 12167 12099 12100
F 12099 12031 12032
F 12031 12099 12098
F 12099 12166 12165
F 12098 12099 12165
F 11692 11759 11691
F 11759 11758 11691
F 11759 11692 11693
F 11760 11759 11693
F 11759 11827 11826
F 11827 11759 11760
F 11626 11694 11693
F 11627 11694 11626
F 12025 12093 12092
F 12093 12025 12026
F 12027 12093 12026
F 12093 12027 12094
F 12161 12095 12162
F 12095 12161 12094
F 11757 11824 11823
F 11756 11757 11823
F 11825 11759 11826
F 11759 11825 11758
F 11824 11825 11891
F 11825 11892 11891
F 11757 11825 11824
F 11825 11757 11758
F 11754 11821 11820
F 11753 11754 11820
F 12150 12082 12083
F 12082 12150 12149
F 12150 12216 12149
F 12216 12150 12217
F 12150 12083 12084
F 12151 12150 12084
F 12150 12151 12218
F 12150 12218 12217
F 12022 12089 12088
F 12022 12088 12021
F 12358 12424 12357
F 12358 12425 12424
F 12290 12358 12357
F 12358 12290 12291
F 12358 12359 12426
F 12425 12358 12426
F 12155 12087 12088
F 12087 12155 12154
F 12497 12564 12563
F 12496 12497 12563
F 12564 12497 12565
F 12497 12498 12565
F 12430 12497 12429
F 12497 12496 12429
F 12496 12428 12429
F 12428 12496 12495
F 12427 12428 12494
F 12494 12428 12495
F 12582 12650 12649
F 12582 12583 12650
F 12648 12582 12649
F 12581 12582 12648
F 12633 12566 12634
F 12634 12566 12567
F 12566 12632 12565
F 12566 12633 12632
F 12566 12500 12567
F 12566 12499 12500
F 12498 12566 12565
F 12499 12566 12498
F 12500 12433 12501
F 12433 12434 12501
F 12434 12433 12367
F 12433 12366 12367
F 12238 12305 12237
F 12305 12304 12237
F 12306 12305 12239
F 12305 12238 12239
F 12579 12512 12580
F 12512 12513 12580
F 12637 12636 12569
F 12570 12637 12569
F 12703 12637 12704
F 12637 12703 12636
F 12704 12637 12705
F 12637 12638 12705
F 12503 12571 12570
F 12571 12503 12504
F 12637 12571 12638
F 12571 12637 12570
F 12505 12571 12504
F 12571 12505 12572
F 12503 12437 12504
F 12437 12503 12436
F 12707 12640 12641
F 12708 12707 12641
F 12639 12571 12572
F 12571 12639 12638
F 12639 12706 12705
F 12638 12639 12705
F 12707 12639 12640
F 12639 12707 12706
F 11707 11639 11640
F 11639 11707 11706
F 11772 11705 11773
F 11773 11705 11706
F 11705 11639 11706
F 11639 11705 11638
F 11770 11836 11769
F 11836 11770 11837
F 11770 11769 11702
F 11703 11770 11702
F 11777 11843 11776
F 11777 11844 11843
F 11842 11774 11775
F 11774 11842 11841
F 11774 11773 11706
F 11707 11774 11706
F 11774 11708 11775
F 11774 11707 11708
F 11904 11836 11837
F 11836 11904 11903
F 11905 11904 11838
F 11904 11837 11838
F 11972 11904 11905
F 11904 11972 11971
F 12173 12241 12240
F 12173 12174 12241
F 12174 12175 12241
F 12241 12175 12242
F 11507 11441 11508
F 11441 11507 11440
F 11441 11509 11508
F 11509 11441 11442
F 11441 11375 11442
F 11375 11441 11374
F 11375 11443 11442
F 11443 11375 11376
F 11642 11709 11708
F 11642 11708 11641
F 11642 11576 11643
F 11642 11575 11576
F 11574 11642 11641
F 11575 11642 11574
F 11042 11093 11092
F 11093 11042 11043
F 11093 11159 11092
F 11159 11093 11160
F 11044 11093 11043
F 11094 11093 11044
F 11299 11367 11366
F 11367 11299 11300
F 11299 11365 11298
F 11365 11299 11366
F 11232 11299 11231
F 11299 11298 11231
F 11299 11233 11300
F 11233 11299 11232
F 11165 11233 11232
F 11233 11165 11166
F 11230 11162 11163
F 11162 11230 11229
F 11298 11230 11231
F 11297 11230 11298
F 11363 11431 11430
F 11431 11363 11364
F 11501 11435 11502
F 11435 11501 11434
F 11433 11501 11500
F 11501 11433 11434
F 11501 11567 11500
F 11501 11568 11567
F 11438 11506 11505
F 11506 11438 11439
F 11506 11439 11440
F 11507 11506 11440
F 11506 11574 11573
F 11506 11507 11574
F 10650 10701 10700
F 10701 10650 10651
F 10650 10600 10601
F 10651 10650 10601
F 5759 5823 5758
F 5823 5759 5824
F 10504 10553 10503
F 10553 10504 10554
F 10553 10552 10502
F 10503 10553 10502
F 10265 10214 10215
F 10214 10265 10264
F 10214 10263 10213
F 10263 10214 10264
F 10214 10146 10147
F 10146 10214 10213
F 10413 10462 10412
F 10462 10413 10463
F 10319 10269 10270
F 10320 10319 10270
F 10315 10364 10314
F 10365 10364 10315
F 10568 10517 10518
F 10517 10568 10567
F 10459 10460 10509
F 10460 10510 10509
F 10513 10464 10514
F 10464 10513 10463
F 6114 6177 6113
F 6177 6176 6113
F 10185 10118 10119
F 10185 10119 10186
F 10117 10049 10050
F 10049 10117 10116
F 10117 10183 10116
F 10183 10117 10184
F 10117 10050 10051
F 10118 10117 10051
F 10185 10117 10118
F 10117 10185 10184
F 10447 10446 10396
F 10397 10447 10396
F 4988 4924 4989
F 4924 4988 4923
F 7424 7488 7423
F 7488 7424 7489
F 7356 7292 7357
F 7356 7291 7292
F 11519 11453 11520
F 11453 11519 11452
F 11453 11385 11386
F 11385 11453 11452
F 11454 11453 11387
F 11387 11453 11386
F 11189 11122 11190
F 11190 11122 11123
F 11594 11662 11661
F 11662 11594 11595
F 11657 11589 11590
F 11589 11657 11656
F 11655 11589 11656
F 11589 11655 11588
F 11521 11453 11454
F 11453 11521 11520
F 11521 11589 11588
F 11589 11521 11522
F 11521 11587 11520
F 11587 11521 11588
F 11521 11454 11455
F 11522 11521 11455
F 11589 11523 11590
F 11523 11589 11522
F 11590 11523 11591
F 11523 11524 11591
F 11390 11324 11391
F 11324 11390 11323
F 11323 11390 11322
F 11390 11389 11322
F 11119 11185 11118
F 11185 11119 11186
F 11119 11187 11186
F 11119 11120 11187
F 11115 11183 11182
F 11183 11115 11116
F 11389 11321 11322
F 11321 11389 11388
F 11322 11321 11255
F 11321 11254 11255
F 11253 11252 11185
F 11253 11185 11186
F 11254 11253 11187
F 11187 11253 11186
F 11724 11790 11723
F 11790 11724 11791
F 11724 11723 11656
F 11657 11724 11656
F 11519 11451 11452
F 11451 11519 11518
F 11451 11518 11517
F 11451 11517 11450
F 11451 11385 11452
F 11451 11384 11385
F 11383 11451 11450
F 11384 11451 11383
F 11516 11449 11450
F 11517 11516 11450
F 11380 11448 11447
F 11448 11380 11381
F 11382 11448 11381
F 11448 11382 11449
F 11516 11448 11449
F 11448 11516 11515
F 11514 11448 11515
F 11448 11514 11447
F 11514 11446 11447
F 11446 11514 11513
F 11514 11581 11580
F 11513 11514 11580
F 10799 10750 10800
F 10750 10799 10749
F 10849 10799 10850
F 10850 10799 10800
F 7958 7892 7893
F 7892 7958 7957
F 10952 11001 10951
F 11001 10952 11002
F 10952 10951 10901
F 10902 10952 10901
F 10903 10852 10853
F 10903 10902 10852
F 10804 10803 10753
F 10804 10753 10754
F 10857 10806 10807
F 10806 10857 10856
F 10855 10806 10856
F 10806 10855 10805
F 10907 10956 10906
F 10956 10907 10957
F 10857 10907 10856
F 10907 10906 10856
F 10660 10710 10659
F 10710 10709 10659
F 10710 10760 10759
F 10709 10710 10759
F 11445 11446 11513
F 11445 11513 11512
F 11446 11445 11379
F 11445 11378 11379
F 10699 10650 10700
F 10650 10699 10649
F 10750 10699 10700
F 10699 10750 10749
F 7884 7950 7949
F 7950 7884 7885
F 7953 8017 7952
F 8017 7953 8018
F 8623 8691 8690
F 8691 8623 8624
F 8557 8623 8556
F 8624 8623 8557
F 8689 8623 8690
F 8622 8623 8689
F 8623 8555 8556
F 8623 8622 8555
F 8831 8763 8764
F 8763 8831 8830
F 8968 8902 8969
F 8902 8968 8901
F 8687 8620 8621
F 8688 8687 8621
F 8687 8619 8620
F 8619 8687 8686
F 8687 8754 8753
F 8686 8687 8753
F 8687 8755 8754
F 8755 8687 8688
F 8755 8689 8756
F 8755 8688 8689
F 8754 8755 8821
F 8821 8755 8822
F 8883 8884 8950
F 8950 8884 8951
F 8884 8883 8816
F 8817 8884 8816
F 8752 8685 8686
F 8752 8686 8753
F 8685 8752 8684
F 8752 8751 8684
F 9421 9355 9422
F 9355 9421 9354
F 9285 9353 9352
F 9286 9353 9285
F 9421 9353 9354
F 9353 9421 9420
F 9353 9419 9352
F 9419 9353 9420
F 9486 9419 9487
F 9419 9420 9487
F 9155 9221 9154
F 9221 9155 9222
F 9221 9153 9154
F 9221 9220 9153
F 9293 9225 9226
F 9225 9293 9292
F 9228 9160 9161
F 9160 9228 9227
F 9223 9155 9156
F 9155 9223 9222
F 8889 8956 8955
F 8888 8889 8955
F 8889 8888 8821
F 8889 8821 8822
F 8823 8755 8756
F 8755 8823 8822
F 8823 8889 8822
F 8889 8823 8890
F 9023 8957 9024
F 8957 9023 8956
F 8889 8957 8956
F 8957 8889 8890
F 8893 8892 8826
F 8892 8825 8826
F 8892 8893 8960
F 8959 8892 8960
F 8768 8836 8835
F 8768 8769 8836
F 8834 8768 8835
F 8768 8834 8767
F 8702 8768 8701
F 8768 8702 8769
F 8768 8767 8700
F 8701 8768 8700
F 8703 8635 8636
F 8703 8702 8635
F 8703 8636 8637
F 8704 8703 8637
F 8703 8770 8769
F 8702 8703 8769
F 8703 8704 8771
F 8770 8703 8771
F 9642 9710 9709
F 9710 9642 9643
F 9708 9642 9709
F 9642 9708 9641
F 9642 9576 9643
F 9576 9642 9575
F 9642 9574 9575
F 9574 9642 9641
F 9574 9506 9507
F 9506 9574 9573
F 9574 9507 9508
F 9575 9574 9508
F 9500 9568 9567
F 9568 9500 9501
F 9501 9500 9434
F 9500 9433 9434
F 9428 9496 9495
F 9429 9496 9428
F 9497 9496 9430
F 9496 9429 9430
F 9699 9633 9700
F 9633 9699 9632
F 9695 9763 9762
F 9763 9695 9696
F 9425 9424 9357
F 9358 9425 9357
F 9506 9505 9439
F 9505 9438 9439
F 9572 9505 9573
F 9505 9506 9573
F 9438 9505 9437
F 9505 9504 9437
F 9504 9505 9571
F 9505 9572 9571
F 9373 9440 9439
F 9372 9373 9439
F 9301 9367 9300
F 9301 9368 9367
F 9301 9235 9302
F 9301 9234 9235
F 9233 9301 9300
F 9234 9301 9233
F 9369 9301 9302
F 9301 9369 9368
F 9435 9369 9436
F 9368 9369 9435
F 9303 9369 9302
F 9370 9369 9303
F 9369 9437 9436
F 9369 9370 9437
F 8895 8961 8894
F 8961 8895 8962
F 8964 9032 9031
F 9032 8964 8965
F 8963 8964 9030
F 9030 8964 9031
F 9097 9031 9098
F 9097 9030 9031
F 8629 8561 8562
F 8629 8628 8561
F 8629 8563 8630
F 8563 8629 8562
F 8629 8630 8697
F 8696 8629 8697
F 8695 8629 8696
F 8629 8695 8628
F 8695 8761 8694
F 8761 8695 8762
F 8627 8695 8694
F 8628 8695 8627
F 8695 8696 8763
F 8695 8763 8762
F 10975 10925 10976
F 10925 10926 10976
F 10925 10974 10924
F 10925 10975 10974
F 10874 10925 10924
F 10875 10925 10874
F 10824 10825 10874
F 10825 10875 10874
F 10825 10824 10774
F 10775 10825 10774
F 10890 10839 10840
F 10839 10890 10889
F 10789 10839 10788
F 10839 10838 10788
F 10840 10839 10790
F 10839 10789 10790
F 10533 10583 10532
F 10583 10582 10532
F 10583 10633 10632
F 10582 10583 10632
F 10583 10533 10534
F 10584 10583 10534
F 10583 10584 10634
F 10633 10583 10634
F 10731 10782 10781
F 10782 10731 10732
F 10538 10587 10537
F 10587 10538 10588
F 10537 10587 10536
F 10587 10586 10536
F 10640 10691 10690
F 10691 10640 10641
F 10433 10384 10434
F 10384 10433 10383
F 10384 10435 10434
F 10384 10385 10435
F 10286 10335 10285
F 10335 10286 10336
F 10437 10386 10387
F 10386 10437 10436
F 10337 10386 10336
F 10386 10337 10387
F 10386 10335 10336
F 10335 10386 10385
F 10435 10386 10436
F 10385 10386 10435
F 10289 10238 10239
F 10238 10289 10288
F 10238 10237 10170
F 10171 10238 10170
F 10238 10172 10239
F 10172 10238 10171
F 9909 9975 9908
F 9975 9909 9976
F 9908 9975 9907
F 9975 9974 9907
F 10289 10338 10288
F 10338 10289 10339
F 10338 10389 10388
F 10338 10339 10389
F 10337 10338 10387
F 10387 10338 10388
F 10238 10287 10237
F 10287 10238 10288
F 10287 10338 10337
F 10338 10287 10288
F 10287 10337 10336
F 10286 10287 10336
F 10881 10831 10832
F 10882 10881 10832
F 10881 10882 10932
F 10931 10881 10932
F 10881 10931 10930
F 10881 10930 10880
F 10931 10982 10981
F 10982 10931 10932
F 10933 10982 10932
F 10983 10982 10933
F 10982 11032 11031
F 10982 11031 10981
F 11153 11219 11152
F 11219 11153 11220
F 11153 11221 11220
F 11153 11154 11221
F 11083 11149 11082
F 11149 11083 11150
F 10587 10636 10586
F 10636 10587 10637
F 10586 10636 10585
F 10636 10635 10585
F 10635 10684 10634
F 10684 10635 10685
F 10789 10738 10739
F 10738 10789 10788
F 10688 10738 10687
F 10738 10737 10687
F 10689 10738 10688
F 10738 10689 10739
F 10689 10740 10739
F 10740 10689 10690
F 10689 10640 10690
F 10640 10689 10639
F 10587 10638 10637
F 10638 10587 10588
F 10689 10638 10639
F 10638 10689 10688
F 10638 10688 10687
F 10637 10638 10687
F 10684 10735 10734
F 10735 10684 10685
F 10838 10787 10788
F 10787 10838 10837
F 10787 10738 10788
F 10738 10787 10737
F 10679 10729 10678
F 10729 10728 10678
F 10729 10778 10728
F 10729 10779 10778
F 10828 10829 10878
F 10829 10879 10878
F 10779 10829 10778
F 10778 10829 10828
F 10692 10743 10742
F 10743 10692 10693
F 10692 10691 10641
F 10692 10641 10642
F 10691 10692 10741
F 10741 10692 10742
F 10888 10839 10889
F 10839 10888 10838
F 10888 10887 10837
F 10838 10888 10837
F 10290 10291 10341
F 10290 10341 10340
F 10289 10290 10339
F 10339 10290 10340
F 10441 10492 10491
F 10492 10441 10442
F 10441 10391 10392
F 10442 10441 10392
F 10440 10441 10490
F 10441 10491 10490
F 10390 10441 10440
F 10441 10390 10391
F 10390 10339 10340
F 10339 10390 10389
F 10391 10390 10341
F 10341 10390 10340
F 10389 10390 10439
F 10390 10440 10439
F 10694 10744 10743
F 10694 10743 10693
F 10744 10694 10745
F 10745 10694 10695
F 10940 10989 10939
F 10989 10940 10990
F 10890 10940 10889
F 10940 10939 10889
F 10891 10940 10890
F 10940 10891 10941
F 10891 10842 10892
F 10842 10891 10841
F 10891 10892 10942
F 10941 10891 10942
F 10891 10840 10841
F 10891 10890 10840
F 11090 11041 11091
F 11041 11090 11040
F 11041 11092 11091
F 11041 11042 11092
F 10394 10345 10395
F 10345 10394 10344
F 10394 10393 10343
F 10394 10343 10344
F 10446 10496 10445
F 10496 10495 10445
F 10447 10496 10446
F 10496 10447 10497
F 10547 10496 10497
F 10496 10547 10546
F 10846 10797 10847
F 10797 10846 10796
F 10944 10895 10945
F 10895 10944 10894
F 7443 7509 7508
F 7509 7443 7444
F 10193 10192 10126
F 10192 10125 10126
F 10058 9990 9991
F 9990 10058 10057
F 10124 10058 10125
F 10058 10124 10057
F 10125 10058 10126
F 10058 10059 10126
F 10192 10191 10125
F 10191 10124 10125
F 10123 10055 10056
F 10055 10123 10122
F 10191 10123 10124
F 10123 10191 10190
F 10124 10123 10057
F 10057 10123 10056
F 10134 10200 10133
F 10200 10134 10201
F 5823 5757 5758
F 5757 5823 5822
F 5982 6046 5981
F 5982 6047 6046
F 10065 10064 9998
F 9998 10064 9997
F 10064 9996 9997
F 9996 10064 10063
F 10063 10064 10130
F 10064 10131 10130
F 9864 9865 9932
F 9931 9864 9932
F 9532 9531 9465
F 9465 9531 9464
F 9531 9532 9599
F 9598 9531 9599
F 9866 9933 9932
F 9865 9866 9932
F 9866 9867 9934
F 9933 9866 9934
F 9665 9598 9599
F 9665 9599 9666
F 9733 9665 9666
F 9732 9665 9733
F 9585 9651 9584
F 9651 9585 9652
F 9651 9719 9718
F 9719 9651 9652
F 9651 9718 9717
F 9650 9651 9717
F 9253 9252 9186
F 9252 9185 9186
F 9519 9585 9518
F 9585 9519 9586
F 9462 9461 9395
F 9395 9461 9394
F 9464 9463 9397
F 9463 9396 9397
F 9463 9462 9395
F 9396 9463 9395
F 9527 9595 9594
F 9595 9527 9528
F 9525 9459 9526
F 9459 9525 9458
F 9193 9259 9192
F 9260 9259 9193
F 9648 9580 9581
F 9580 9648 9647
F 10058 9992 10059
F 9992 10058 9991
F 10060 9992 9993
F 9992 10060 10059
F 9925 9992 9924
F 9924 9992 9991
F 9857 9790 9858
F 9790 9791 9858
F 9790 9724 9791
F 9724 9790 9723
F 9792 9724 9725
F 9724 9792 9791
F 9724 9656 9657
F 9656 9724 9723
F 9852 9919 9851
F 9851 9919 9918
F 9722 9656 9723
F 9656 9722 9655
F 10292 10293 10342
F 10293 10343 10342
F 4596 4530 4531
F 4530 4596 4595
F 9850 9851 9918
F 9917 9850 9918
F 9851 9850 9784
F 9850 9783 9784
F 9850 9849 9782
F 9850 9782 9783
F 9850 9916 9849
F 9916 9850 9917
F 9916 9984 9983
F 9984 9916 9917
F 9915 9916 9982
F 9982 9916 9983
F 9849 9916 9848
F 9916 9915 9848
F 9779 9846 9778
F 9846 9845 9778
F 9846 9913 9912
F 9845 9846 9912
F 9846 9779 9780
F 9847 9846 9780
F 9913 9846 9914
F 9846 9847 9914
F 9772 9706 9773
F 9706 9772 9705
F 9776 9843 9775
F 9775 9843 9842
F 10023 10024 10090
F 10024 10091 10090
F 10091 10024 10092
F 10024 10025 10092
F 9892 9824 9825
F 9824 9892 9891
F 9824 9890 9823
F 9890 9824 9891
F 9824 9758 9825
F 9824 9757 9758
F 9824 9823 9756
F 9757 9824 9756
F 9692 9624 9625
F 9624 9692 9691
F 9692 9758 9691
F 9692 9759 9758
F 9828 9760 9761
F 9760 9828 9827
F 9759 9760 9826
F 9826 9760 9827
F 9961 9893 9894
F 9893 9961 9960
F 10159 10160 10226
F 10160 10227 10226
F 9892 9959 9891
F 9959 9958 9891
F 9893 9959 9892
F 9959 9893 9960
F 9958 9959 10025
F 9959 10026 10025
F 10523 10474 10524
F 10474 10523 10473
F 10479 10529 10478
F 10529 10528 10478
F 10530 10529 10479
F 10530 10479 10480
F 10377 10427 10426
F 10376 10377 10426
F 10377 10326 10327
F 10326 10377 10376
F 10427 10377 10428
F 10377 10378 10428
F 10160 10228 10227
F 10228 10160 10161
F 10228 10279 10278
F 10279 10228 10229
F 10228 10277 10227
F 10277 10228 10278
F 10429 10430 10479
F 10479 10430 10480
F 10430 10431 10481
F 10430 10481 10480
F 10381 10382 10432
F 10431 10381 10432
F 10034 9966 9967
F 9966 10034 10033
F 9964 9896 9897
F 9896 9964 9963
F 9964 9897 9898
F 9965 9964 9898
F 10034 10100 10033
F 10100 10034 10101
F 10032 9964 9965
F 9964 10032 10031
F 10100 10032 10033
F 10032 10100 10099
F 10032 9966 10033
F 9966 10032 9965
F 10032 10098 10031
F 10098 10032 10099
F 10168 10100 10101
F 10100 10168 10167
F 9835 9902 9901
F 9834 9835 9901
F 9895 9961 9894
F 9961 9895 9962
F 9895 9894 9827
F 9828 9895 9827
F 9895 9896 9963
F 9962 9895 9963
F 9895 9828 9829
F 9896 9895 9829
F 10274 10224 10225
F 10275 10274 10225
F 10324 10274 10325
F 10274 10275 10325
F 11470 11402 11403
F 11402 11470 11469
F 11538 11470 11471
F 11537 11470 11538
F 11536 11470 11537
F 11470 11536 11469
F 11468 11536 11535
F 11536 11468 11469
F 11536 11604 11603
F 11536 11537 11604
F 11015 11066 11065
F 11066 11015 11016
F 11066 11133 11132
F 11066 11132 11065
F 11339 11405 11338
F 11405 11339 11406
F 11472 11405 11473
F 11473 11405 11406
F 11269 11203 11270
F 11203 11269 11202
F 11407 11339 11340
F 11339 11407 11406
F 11407 11474 11473
F 11407 11473 11406
F 10917 10868 10918
F 10868 10917 10867
F 10860 10809 10810
F 10809 10860 10859
F 11125 11124 11058
F 11124 11057 11058
F 11396 11330 11397
F 11396 11329 11330
F 11262 11196 11263
F 11196 11262 11195
F 11262 11263 11330
F 11329 11262 11330
F 11205 11273 11272
F 11205 11206 11273
F 11205 11138 11139
F 11206 11205 11139
F 9191 9123 9124
F 9123 9191 9190
F 9122 9123 9189
F 9123 9190 9189
F 8708 8775 8707
F 8775 8774 8707
F 8578 8645 8577
F 8645 8644 8577
F 8976 8910 8977
F 8976 8909 8910
F 9110 9111 9178
F 9177 9110 9178
F 9110 9044 9111
F 9044 9110 9043
F 9044 8976 8977
F 8976 9044 9043
F 9111 9044 9112
F 9044 9045 9112
F 8978 9044 8977
F 9045 9044 8978
F 8783 8715 8716
F 8715 8783 8782
F 8783 8850 8849
F 8782 8783 8849
F 9055 9122 9121
F 9054 9055 9121
F 8853 8785 8786
F 8785 8853 8852
F 8986 8985 8919
F 8919 8985 8918
F 9053 9121 9120
F 9053 9054 9121
F 8987 9055 9054
F 9055 8987 8988
F 9053 8987 9054
F 8987 9053 8986
F 8720 8652 8653
F 8652 8720 8719
F 8720 8653 8654
F 8721 8720 8654
F 9117 9050 9051
F 9118 9117 9051
F 9113 9045 9046
F 9045 9113 9112
F 9113 9046 9047
F 9114 9113 9047
F 9115 9181 9114
F 9181 9115 9182
F 8848 8782 8849
F 8848 8781 8782
F 9194 9193 9126
F 9127 9194 9126
F 9128 9196 9195
F 9196 9128 9129
F 9062 9128 9061
F 9128 9062 9129
F 9128 9194 9127
F 9194 9128 9195
F 8793 8861 8860
F 8861 8793 8794
F 8729 8795 8728
F 8795 8729 8796
F 8795 8861 8794
F 8861 8795 8862
F 8795 8863 8862
F 8863 8795 8796
F 8863 8931 8930
F 8931 8863 8864
F 8863 8797 8864
F 8797 8863 8796
F 8929 8863 8930
F 8862 8863 8929
F 9466 9467 9533
F 9467 9534 9533
F 9535 9467 9468
F 9467 9535 9534
F 9467 9466 9399
F 9400 9467 9399
F 9467 9401 9468
F 9401 9467 9400
F 9205 9271 9204
F 9271 9205 9272
F 9200 9266 9199
F 9266 9200 9267
F 9200 9199 9132
F 9200 9132 9133
F 9200 9268 9267
F 9268 9200 9201
F 9405 9471 9404
F 9405 9472 9471
F 9541 9473 9474
F 9473 9541 9540
F 9405 9473 9472
F 9473 9405 9406
F 9472 9473 9539
F 9539 9473 9540
F 9935 10002 9934
F 9934 10002 10001
F 10358 10409 10408
F 10358 10359 10409
F 9669 9601 9602
F 9668 9601 9669
F 9535 9601 9534
F 9601 9535 9602
F 9801 9734 9735
F 9802 9801 9735
F 9869 9801 9802
F 9801 9869 9868
F 9869 9803 9870
F 9803 9869 9802
F 9671 9737 9670
F 9738 9737 9671
F 9740 9739 9673
F 9739 9672 9673
F 9672 9739 9671
F 9739 9738 9671
F 8664 8731 8730
F 8663 8664 8730
F 8664 8596 8597
F 8596 8664 8663
F 8731 8664 8732
F 8664 8665 8732
F 8598 8664 8597
F 8665 8664 8598
F 8672 8606 8673
F 8606 8672 8605
F 8740 8672 8673
F 8672 8740 8739
F 8672 8604 8605
F 8604 8672 8671
F 8599 8667 8666
F 8600 8667 8599
F 8667 8600 8601
F 8668 8667 8601
F 8732 8800 8799
F 8733 8800 8732
F 8803 8802 8736
F 8736 8802 8735
F 8795 8727 8728
F 8727 8795 8794
F 9070 9136 9069
F 9136 9070 9137
F 9065 9066 9133
F 9132 9065 9133
F 9065 9132 9131
F 9064 9065 9131
F 9065 8997 8998
F 9065 9064 8997
F 9541 9608 9540
F 9608 9607 9540
F 9339 9407 9406
F 9407 9339 9340
F 9473 9407 9474
F 9407 9473 9406
F 9477 9543 9476
F 9477 9544 9543
F 9278 9210 9211
F 9210 9278 9277
F 9144 9077 9078
F 9145 9144 9078
F 9210 9144 9211
F 9144 9210 9143
F 9212 9144 9145
F 9144 9212 9211
F 9146 9212 9145
F 9212 9146 9213
F 9146 9145 9078
F 9079 9146 9078
F 8807 8808 8875
F 8874 8807 8875
F 8807 8873 8806
F 8807 8874 8873
F 8807 8740 8741
F 8808 8807 8741
F 8807 8806 8739
F 8740 8807 8739
F 8608 8675 8607
F 8675 8674 8607
F 9013 9080 9079
F 9013 9079 9012
F 9013 9014 9081
F 9080 9013 9081
F 8612 8678 8611
F 8612 8679 8678
F 9808 9874 9807
F 9875 9874 9808
F 9415 9481 9414
F 9482 9481 9415
F 9548 9481 9549
F 9481 9482 9549
F 9547 9548 9615
F 9547 9615 9614
F 10145 10077 10078
F 10077 10145 10144
F 10145 10211 10144
F 10211 10145 10212
F 10212 10145 10213
F 10145 10146 10213
F 9943 10009 9942
F 10009 9943 10010
F 9810 9877 9809
F 9877 9876 9809
F 9876 9877 9943
F 9943 9877 9944
F 9877 9810 9811
F 9878 9877 9811
F 9877 9878 9945
F 9877 9945 9944
F 9536 9470 9537
F 9536 9469 9470
F 9536 9604 9603
F 9604 9536 9537
F 9536 9535 9468
F 9469 9536 9468
F 9536 9603 9602
F 9535 9536 9602
F 9266 9334 9333
F 9334 9266 9267
F 9268 9334 9267
F 9334 9268 9335
F 9334 9400 9333
F 9334 9401 9400
F 9334 9402 9401
F 9402 9334 9335
F 9402 9469 9468
F 9401 9402 9468
F 9469 9402 9470
F 9402 9403 9470
F 9403 9402 9336
F 9336 9402 9335
F 9328 9395 9394
F 9327 9328 9394
F 9545 9477 9478
F 9477 9545 9544
F 10816 10817 10866
F 10817 10867 10866
F 10868 10817 10818
F 10817 10868 10867
F 10766 10817 10816
F 10817 10766 10767
F 10669 10668 10619
F 10668 10618 10619
F 10668 10669 10719
F 10718 10668 10719
F 10817 10768 10818
F 10768 10817 10767
F 10768 10767 10717
F 10718 10768 10717
F 10565 10616 10615
F 10616 10565 10566
F 10616 10665 10615
F 10616 10666 10665
F 10815 10816 10866
F 10865 10815 10866
F 10018 9951 9952
F 10019 10018 9952
F 10085 10018 10086
F 10018 10019 10086
F 10018 10017 9950
F 9951 10018 9950
F 10017 10018 10084
F 10018 10085 10084
F 10571 10521 10572
F 10521 10522 10572
F 10522 10521 10472
F 10521 10471 10472
F 9879 9947 9946
F 9947 9879 9880
F 9883 9884 9950
F 9884 9951 9950
F 9884 9883 9816
F 9817 9884 9816
F 9682 9681 9614
F 9615 9682 9614
F 9681 9682 9748
F 9682 9749 9748
F 10149 10083 10150
F 10083 10149 10082
F 10217 10149 10150
F 10216 10149 10217
F 10271 10321 10270
F 10321 10320 10270
F 10321 10272 10322
F 10321 10271 10272
F 10320 10321 10370
F 10321 10371 10370
F 10372 10321 10322
F 10321 10372 10371
F 12450 12517 12449
F 12449 12517 12516
F 12517 12450 12451
F 12518 12517 12451
F 12662 12595 12596
F 12662 12596 12663
F 12729 12662 12730
F 12730 12662 12663
F 12662 12729 12728
F 12661 12662 12728
F 12594 12662 12661
F 12662 12594 12595
F 12527 12594 12526
F 12526 12594 12593
F 12595 12594 12528
F 12594 12527 12528
F 12593 12594 12660
F 12594 12661 12660
F 12656 12723 12722
F 12656 12722 12655
F 11785 11851 11784
F 11851 11785 11852
F 12318 12384 12317
F 12384 12318 12385
F 12386 12318 12319
F 12318 12386 12385
F 11198 11132 11199
F 11198 11131 11132
F 11198 11264 11197
F 11198 11265 11264
F 11266 11198 11199
F 11265 11198 11266
F 11600 11601 11668
F 11667 11600 11668
F 11600 11533 11534
F 11601 11600 11534
F 11533 11600 11532
F 11532 11600 11599
F 11528 11529 11595
F 11529 11596 11595
F 11529 11461 11462
F 11461 11529 11528
F 11600 11666 11599
F 11666 11600 11667
F 11666 11732 11665
F 11732 11666 11733
F 11797 11865 11864
F 11865 11797 11798
F 11942 11874 11875
F 11941 11874 11942
F 11808 11874 11807
F 11874 11808 11875
F 11874 11941 11940
F 11873 11874 11940
F 11874 11806 11807
F 11874 11873 11806
F 12671 12672 12739
F 12738 12671 12739
F 12344 12343 12276
F 12277 12344 12276
F 12344 12277 12278
F 12345 12344 12278
F 12411 12344 12412
F 12344 12345 12412
F 12275 12209 12276
F 12208 12209 12275
F 12277 12209 12210
F 12209 12277 12276
F 12209 12208 12141
F 12142 12209 12141
F 12209 12143 12210
F 12209 12142 12143
F 12474 12407 12475
F 12475 12407 12408
F 12407 12474 12473
F 12406 12407 12473
F 12476 12542 12475
F 12542 12476 12543
F 12476 12544 12543
F 12476 12477 12544
F 12344 12410 12343
F 12410 12344 12411
F 12410 12411 12478
F 12477 12410 12478
F 12598 12532 12599
F 12532 12598 12531
F 12399 12466 12398
F 12466 12465 12398
F 12256 12324 12323
F 12324 12256 12257
F 12591 12524 12592
F 12524 12525 12592
F 12258 12324 12257
F 12324 12258 12325
F 12326 12258 12259
F 12258 12326 12325
F 11653 11585 11586
F 11653 11652 11585
F 11855 11787 11788
F 11787 11855 11854
F 12331 12330 12264
F 12330 12263 12264
F 12330 12331 12398
F 12397 12330 12398
F 12463 12464 12530
F 12530 12464 12531
F 12464 12532 12531
F 12464 12465 12532
F 12464 12463 12396
F 12397 12464 12396
F 12464 12397 12398
F 12465 12464 12398
F 11734 11666 11667
F 11666 11734 11733
F 12403 12335 12336
F 12335 12403 12402
F 12403 12469 12402
F 12469 12403 12470
F 12403 12471 12470
F 12403 12404 12471
F 12562 12496 12563
F 12496 12562 12495
F 11889 11888 11822
F 11888 11821 11822
F 12148 12082 12149
F 12082 12148 12081
F 12353 12419 12352
F 12419 12353 12420
F 12418 12419 12485
F 12419 12486 12485
F 12419 12418 12351
F 12419 12351 12352
F 12286 12287 12353
F 12287 12354 12353
F 12285 12284 12217
F 12218 12285 12217
F 12284 12285 12351
F 12351 12285 12352
F 12285 12286 12353
F 12285 12353 12352
F 12552 12484 12485
F 12484 12552 12551
F 12553 12552 12486
F 12486 12552 12485
F 12487 12419 12420
F 12419 12487 12486
F 11342 11410 11409
F 11343 11410 11342
F 11345 11277 11278
F 11277 11345 11344
F 11615 11616 11683
F 11615 11683 11682
F 11614 11615 11681
F 11681 11615 11682
F 11748 11814 11747
F 11814 11748 11815
F 11680 11748 11747
F 11748 11680 11681
F 11748 11681 11682
F 11749 11748 11682
F 11748 11749 11816
F 11748 11816 11815
F 11612 11680 11679
F 11680 11612 11613
F 11546 11612 11545
F 11612 11546 11613
F 11612 11611 11544
F 11545 11612 11544
F 11678 11746 11745
F 11746 11678 11679
F 11612 11678 11611
F 11678 11612 11679
F 11678 11744 11677
F 11744 11678 11745
F 11610 11678 11677
F 11611 11678 11610
F 11489 11423 11490
F 11489 11422 11423
F 11557 11489 11490
F 11556 11489 11557
F 11360 11427 11359
F 11427 11426 11359
F 11428 11427 11361
F 11427 11360 11361
F 11495 11427 11428
F 11427 11495 11494
F 11493 11427 11494
F 11427 11493 11426
F 11493 11561 11560
F 11561 11493 11494
F 11493 11560 11559
F 11492 11493 11559
F 11426 11493 11425
F 11493 11492 11425
F 11289 11356 11355
F 11288 11289 11355
F 11040 11089 11039
F 11090 11089 11040
F 11038 11089 11088
F 11089 11038 11039
F 11089 11090 11157
F 11156 11089 11157
F 11088 11089 11155
F 11089 11156 11155
F 11286 11352 11285
F 11352 11286 11353
F 11286 11285 11218
F 11219 11286 11218
F 11287 11286 11220
F 11286 11219 11220
F 11352 11284 11285
F 11284 11352 11351
F 11212 11146 11213
F 11146 11212 11145
F 11349 11416 11415
F 11348 11349 11415
F 11280 11347 11279
F 11279 11347 11346
F 11413 11347 11414
F 11347 11413 11346
F 11347 11280 11281
F 11348 11347 11281
F 11414 11347 11415
F 11347 11348 11415
F 11352 11418 11351
F 11418 11352 11419
F 11551 11617 11550
F 11551 11618 11617
F 11483 11551 11550
F 11484 11551 11483
F 11420 11352 11353
F 11352 11420 11419
F 11354 11286 11287
F 11286 11354 11353
F 11354 11287 11288
F 11354 11288 11355
F 11420 11354 11421
F 11354 11420 11353
F 11422 11354 11355
F 11421 11354 11422
F 11630 11698 11697
F 11630 11631 11698
F 11630 11564 11631
F 11564 11630 11563
F 11631 11564 11632
F 11564 11565 11632
F 11565 11564 11498
F 11564 11497 11498
F 12364 12298 12365
F 12298 12364 12297
F 12366 12298 12299
F 12298 12366 12365
F 12298 12297 12230
F 12231 12298 12230
F 12298 12232 12299
F 12298 12231 12232
F 12301 12233 12234
F 12301 12300 12233
F 12301 12368 12367
F 12300 12301 12367
F 11699 11700 11766
F 11766 11700 11767
F 11700 11699 11632
F 11633 11700 11632
F 12099 12033 12100
F 12033 12099 12032
F 12101 12167 12100
F 12167 12101 12168
F 12169 12101 12102
F 12101 12169 12168
F 12101 12033 12034
F 12033 12101 12100
F 12035 12101 12034
F 12101 12035 12102
F 12035 12103 12102
F 12035 12036 12103
F 12035 11969 12036
F 11969 12035 11968
F 11904 11970 11903
F 11970 11904 11971
F 11902 11836 11903
F 11836 11902 11835
F 11902 11834 11835
F 11834 11902 11901
F 11902 11968 11901
F 11902 11969 11968
F 11970 11902 11903
F 11902 11970 11969
F 11895 11894 11828
F 11894 11827 11828
F 11696 11630 11697
F 11630 11696 11629
F 11696 11697 11764
F 11763 11696 11764
F 11761 11827 11760
F 11827 11761 11828
F 11761 11760 11693
F 11694 11761 11693
F 12028 12096 12095
F 12096 12028 12029
F 12027 12028 12094
F 12028 12095 12094
F 12160 12093 12094
F 12161 12160 12094
F 11959 12027 12026
F 12027 11959 11960
F 11892 11959 11891
F 11959 11958 11891
F 12025 11959 12026
F 11958 11959 12025
F 11890 11957 11889
F 11957 11956 11889
F 11957 11890 11891
F 11958 11957 11891
F 11957 12025 12024
F 11957 11958 12025
F 11758 11690 11691
F 11757 11690 11758
F 11751 11750 11683
F 11684 11751 11683
F 11751 11684 11685
F 11752 11751 11685
F 11686 11752 11685
F 11752 11686 11753
F 11957 12023 11956
F 12023 11957 12024
F 12158 12225 12224
F 12158 12224 12157
F 12358 12292 12359
F 12292 12358 12291
F 12359 12292 12360
F 12360 12292 12293
F 12225 12292 12224
F 12224 12292 12291
F 12290 12223 12291
F 12223 12224 12291
F 12497 12431 12498
F 12431 12497 12430
F 12431 12430 12363
F 12364 12431 12363
F 12361 12360 12293
F 12294 12361 12293
F 12361 12362 12429
F 12428 12361 12429
F 12361 12427 12360
F 12361 12428 12427
F 12117 12050 12051
F 12117 12051 12118
F 12514 12581 12580
F 12513 12514 12580
F 12449 12381 12382
F 12381 12449 12448
F 12380 12381 12447
F 12447 12381 12448
F 12642 12709 12708
F 12642 12708 12641
F 12709 12642 12710
F 12642 12643 12710
F 12713 12645 12646
F 12712 12645 12713
F 12444 12510 12443
F 12510 12444 12511
F 12175 12243 12242
F 12243 12175 12176
F 12244 12243 12177
F 12243 12176 12177
F 12311 12243 12244
F 12310 12243 12311
F 12243 12309 12242
F 12309 12243 12310
F 12373 12305 12306
F 12305 12373 12372
F 12373 12440 12439
F 12373 12439 12372
F 12305 12371 12304
F 12371 12305 12372
F 11572 11506 11573
F 11506 11572 11505
F 11504 11572 11571
F 11572 11504 11505
F 11640 11572 11573
F 11639 11572 11640
F 11572 11638 11571
F 11572 11639 11638
F 11771 11705 11772
F 11705 11771 11704
F 11771 11839 11838
F 11839 11771 11772
F 11771 11703 11704
F 11771 11770 11703
F 11837 11771 11838
F 11770 11771 11837
F 11710 11642 11643
F 11642 11710 11709
F 11644 11710 11643
F 11710 11644 11711
F 11709 11710 11776
F 11710 11777 11776
F 12107 12175 12174
F 12175 12107 12108
F 12172 12171 12104
F 12172 12104 12105
F 12171 12172 12238
F 12238 12172 12239
F 12239 12172 12240
F 12172 12173 12240
F 11847 11779 11780
F 11779 11847 11846
F 11781 11847 11780
F 11847 11781 11848
F 11716 11648 11649
F 11648 11716 11715
F 11647 11648 11714
F 11648 11715 11714
F 11581 11648 11580
F 11648 11647 11580
F 11308 11375 11374
F 11308 11374 11307
F 11843 11911 11910
F 11844 11911 11843
F 11710 11778 11777
F 11778 11710 11711
F 11845 11778 11846
F 11778 11779 11846
F 11777 11778 11844
F 11778 11845 11844
F 11576 11510 11577
F 11509 11510 11576
F 11510 11509 11442
F 11443 11510 11442
F 11162 11096 11163
F 11096 11162 11095
F 11045 11096 11095
F 11046 11096 11045
F 10996 11045 10995
F 10996 11046 11045
F 10945 10996 10995
F 10996 10945 10946
F 11046 10996 11047
F 10996 10997 11047
F 10947 10996 10946
F 10996 10947 10997
F 11227 11161 11228
F 11161 11227 11160
F 11093 11161 11160
F 11161 11093 11094
F 11161 11162 11229
F 11228 11161 11229
F 11161 11094 11095
F 11162 11161 11095
F 11164 11230 11163
F 11230 11164 11231
F 11164 11232 11231
F 11164 11165 11232
F 11294 11360 11293
F 11360 11294 11361
F 11159 11226 11158
F 11158 11226 11225
F 11292 11226 11293
F 11226 11292 11225
F 11226 11159 11160
F 11227 11226 11160
F 11226 11294 11293
F 11294 11226 11227
F 11570 11504 11571
F 11504 11570 11503
F 11441 11373 11374
F 11373 11441 11440
F 11373 11306 11307
F 11374 11373 11307
F 11239 11305 11238
F 11305 11239 11306
F 10551 10552 10602
F 10551 10602 10601
F 5759 5695 5760
F 5695 5759 5694
F 10403 10352 10353
F 10352 10403 10402
F 10352 10351 10301
F 10352 10301 10302
F 10652 10651 10601
F 10602 10652 10601
F 10701 10652 10702
F 10652 10701 10651
F 10703 10752 10702
F 10752 10703 10753
F 10652 10703 10702
F 10703 10652 10653
F 10652 10603 10653
F 10603 10652 10602
F 10553 10603 10552
F 10552 10603 10602
F 10603 10604 10654
F 10653 10603 10654
F 10603 10553 10554
F 10604 10603 10554
F 10605 10604 10554
F 10555 10605 10554
F 10709 10658 10659
F 10708 10658 10709
F 10658 10609 10659
F 10658 10608 10609
F 10657 10658 10707
F 10658 10708 10707
F 10608 10658 10607
F 10658 10657 10607
F 10362 10413 10412
F 10413 10362 10363
F 10364 10313 10314
F 10313 10364 10363
F 10313 10264 10314
F 10313 10263 10264
F 10362 10313 10363
F 10313 10362 10312
F 10263 10313 10262
F 10313 10312 10262
F 10418 10367 10368
F 10367 10418 10417
F 10369 10418 10368
F 10418 10369 10419
F 10369 10420 10419
F 10420 10369 10370
F 10369 10319 10320
F 10369 10320 10370
F 10413 10414 10463
F 10414 10464 10463
F 10414 10415 10465
F 10464 10414 10465
F 10364 10414 10363
F 10414 10413 10363
F 10414 10364 10365
F 10414 10365 10415
F 10466 10516 10465
F 10516 10515 10465
F 10516 10565 10515
F 10565 10516 10566
F 10516 10517 10567
F 10566 10516 10567
F 10418 10467 10417
F 10467 10418 10468
F 10516 10467 10517
F 10467 10516 10466
F 10467 10466 10416
F 10417 10467 10416
F 10518 10467 10468
F 10517 10467 10518
F 10359 10410 10409
F 10360 10410 10359
F 10410 10459 10409
F 10410 10460 10459
F 10510 10461 10511
F 10460 10461 10510
F 10611 10562 10612
F 10562 10611 10561
F 10406 10455 10405
F 10455 10406 10456
F 10355 10306 10356
F 10306 10355 10305
F 10355 10406 10405
F 10406 10355 10356
F 10507 10556 10506
F 10556 10507 10557
F 10558 10507 10508
F 10557 10507 10558
F 10507 10506 10456
F 10457 10507 10456
F 10507 10458 10508
F 10507 10457 10458
F 239 240 249
F 248 239 249
F 6293 6237 6294
F 6237 6293 6236
F 6174 6237 6236
F 6175 6237 6174
F 6112 6111 6046
F 6047 6112 6046
F 6112 6174 6111
F 6112 6175 6174
F 6176 6112 6113
F 6175 6112 6176
F 6292 6235 6236
F 6293 6292 6236
F 4548 4612 4547
F 4612 4548 4613
F 4541 4605 4540
F 4605 4541 4606
F 4797 4733 4798
F 4733 4797 4732
F 7359 7358 7293
F 7294 7359 7293
F 7359 7295 7360
F 7295 7359 7294
F 7359 7424 7423
F 7358 7359 7423
F 7493 7557 7492
F 7557 7493 7558
F 10650 10599 10600
F 10599 10650 10649
F 5759 5825 5824
F 5825 5759 5760
F 6838 6774 6839
F 6774 6838 6773
F 6772 6838 6837
F 6838 6772 6773
F 7228 7229 7293
F 7229 7294 7293
F 7229 7295 7294
F 7295 7229 7230
F 7229 7228 7163
F 7164 7229 7163
F 7232 7298 7297
F 7298 7232 7233
F 7162 7228 7227
F 7228 7162 7163
F 6447 6446 6399
F 6400 6447 6399
F 6669 6626 6670
F 6626 6669 6625
F 7291 7355 7290
F 7356 7355 7291
F 10955 11005 10954
F 10954 11005 11004
F 11187 11121 11188
F 11120 11121 11187
F 11121 11189 11188
F 11121 11122 11189
F 11390 11456 11389
F 11456 11390 11457
F 11388 11456 11455
F 11389 11456 11388
F 11523 11456 11524
F 11524 11456 11457
F 11456 11522 11455
F 11456 11523 11522
F 11524 11525 11591
F 11525 11592 11591
F 11053 11003 11004
F 11054 11053 11004
F 11053 11121 11120
F 11121 11053 11054
F 11320 11388 11387
F 11320 11321 11388
F 11320 11386 11319
F 11320 11387 11386
F 11321 11320 11254
F 11320 11253 11254
F 11252 11320 11319
F 11253 11320 11252
F 8405 8471 8470
F 8471 8405 8406
F 11246 11180 11247
F 11180 11246 11179
F 11584 11583 11517
F 11583 11516 11517
F 7180 7116 7181
F 7180 7115 7116
F 7309 7243 7244
F 7243 7309 7308
F 7955 8021 8020
F 8021 7955 7956
F 7955 7891 7956
F 7891 7955 7890
F 7825 7891 7890
F 7891 7825 7826
F 7891 7892 7957
F 7956 7891 7957
F 7827 7891 7826
F 7891 7827 7892
F 7892 7827 7893
F 7827 7828 7893
F 11000 11050 11049
F 10999 11000 11049
F 11000 10949 10950
F 10949 11000 10999
F 11050 11000 11051
F 11000 11001 11051
F 10951 11000 10950
F 11001 11000 10951
F 10952 10953 11002
F 10953 11003 11002
F 11003 10953 11004
F 10953 10954 11004
F 10953 10952 10902
F 10903 10953 10902
F 10953 10904 10954
F 10953 10903 10904
F 10956 10905 10906
F 10905 10956 10955
F 10904 10905 10954
F 10905 10955 10954
F 10906 10905 10856
F 10905 10855 10856
F 10905 10854 10855
F 10854 10905 10904
F 10854 10903 10853
F 10903 10854 10904
F 10803 10854 10853
F 10804 10854 10803
F 10855 10854 10805
F 10854 10804 10805
F 11009 10959 10960
F 11010 11009 10960
F 10959 10908 10909
F 10908 10959 10958
F 10908 10858 10859
F 10909 10908 10859
F 10907 10908 10957
F 10908 10958 10957
F 10908 10857 10858
F 10908 10907 10857
F 10762 10711 10712
F 10761 10711 10762
F 10662 10711 10661
F 10711 10662 10712
F 10711 10761 10760
F 10710 10711 10760
F 10711 10660 10661
F 10711 10710 10660
F 11378 11312 11379
F 11311 11312 11378
F 11380 11312 11313
F 11312 11380 11379
F 11312 11311 11244
F 11245 11312 11244
F 11312 11246 11313
F 11312 11245 11246
F 11245 11178 11246
F 11246 11178 11179
F 11178 11245 11244
F 11177 11178 11244
F 6686 6643 6687
F 6643 6686 6642
F 8469 8403 8404
F 8403 8469 8468
F 8469 8405 8470
F 8405 8469 8404
F 8535 8469 8470
F 8469 8535 8534
F 8402 8403 8468
F 8402 8468 8467
F 7948 7884 7949
F 7884 7948 7883
F 7948 7882 7883
F 7948 7947 7882
F 7754 7690 7755
F 7690 7754 7689
F 7951 8016 8015
F 7950 7951 8015
F 8017 7951 7952
F 7951 8017 8016
F 7951 7950 7885
F 7886 7951 7885
F 7824 7825 7890
F 7889 7824 7890
F 8766 8832 8765
F 8832 8766 8833
F 8832 8764 8765
F 8832 8831 8764
F 9035 9103 9102
F 9035 9036 9103
F 9035 8968 8969
F 9036 9035 8969
F 8967 8900 8901
F 8968 8967 8901
F 8952 8885 8953
F 8885 8886 8953
F 8885 8817 8818
F 8885 8884 8817
F 8885 8952 8951
F 8884 8885 8951
F 8819 8885 8818
F 8885 8819 8886
F 8887 8819 8820
F 8886 8819 8887
F 8751 8819 8818
F 8752 8819 8751
F 8820 8819 8753
F 8819 8752 8753
F 9421 9488 9420
F 9420 9488 9487
F 9489 9488 9422
F 9488 9421 9422
F 9553 9621 9620
F 9553 9554 9621
F 9553 9486 9487
F 9554 9553 9487
F 9287 9353 9286
F 9353 9287 9354
F 9287 9286 9219
F 9220 9287 9219
F 9292 9360 9359
F 9293 9360 9292
F 9296 9229 9297
F 9229 9230 9297
F 9229 9163 9230
F 9163 9229 9162
F 9295 9229 9296
F 9228 9229 9295
F 9162 9229 9161
F 9229 9228 9161
F 9358 9290 9291
F 9290 9358 9357
F 9356 9290 9357
F 9290 9356 9289
F 9223 9290 9222
F 9290 9289 9222
F 9224 9290 9223
F 9290 9224 9291
F 9224 9157 9158
F 9225 9224 9158
F 9291 9224 9292
F 9224 9225 9292
F 9157 9224 9156
F 9224 9223 9156
F 8892 8824 8825
F 8824 8892 8891
F 8758 8824 8757
F 8825 8824 8758
F 8823 8824 8890
F 8890 8824 8891
F 8757 8824 8756
F 8824 8823 8756
F 8892 8958 8891
F 8958 8892 8959
F 9025 8958 9026
F 8958 8959 9026
F 8958 8890 8891
F 8958 8957 8890
F 8958 9025 9024
F 8957 8958 9024
F 9441 9509 9508
F 9442 9509 9441
F 9509 9575 9508
F 9509 9576 9575
F 9565 9499 9566
F 9499 9565 9498
F 9566 9499 9567
F 9499 9500 9567
F 9564 9497 9498
F 9565 9564 9498
F 9627 9626 9559
F 9627 9559 9560
F 9896 9830 9897
F 9830 9896 9829
F 9762 9830 9829
F 9763 9830 9762
F 9360 9426 9359
F 9426 9360 9427
F 9426 9358 9359
F 9426 9425 9358
F 8970 9037 8969
F 9037 9036 8969
F 8903 8971 8970
F 8904 8971 8903
F 8971 9037 8970
F 9037 8971 9038
F 8760 8828 8827
F 8761 8828 8760
F 8828 8894 8827
F 8828 8895 8894
F 9164 9231 9230
F 9163 9164 9230
F 9231 9164 9232
F 9164 9165 9232
F 9165 9164 9098
F 9164 9097 9098
F 9164 9096 9097
F 9096 9164 9163
F 9028 9096 9095
F 9029 9096 9028
F 9096 9162 9095
F 9096 9163 9162
F 9030 9096 9029
F 9097 9096 9030
F 10928 10877 10878
F 10877 10928 10927
F 10681 10631 10632
F 10682 10681 10632
F 10731 10681 10732
F 10681 10682 10732
F 10589 10538 10539
F 10538 10589 10588
F 10589 10638 10588
F 10638 10589 10639
F 9972 9904 9905
F 9904 9972 9971
F 11086 11153 11152
F 11086 11152 11085
F 11084 11152 11151
F 11152 11084 11085
F 11083 11084 11150
F 11084 11151 11150
F 10686 10735 10685
F 10735 10686 10736
F 10737 10686 10687
F 10736 10686 10737
F 10636 10686 10635
F 10635 10686 10685
F 10686 10636 10637
F 10686 10637 10687
F 10733 10782 10732
F 10733 10783 10782
F 10885 10834 10835
F 10834 10885 10884
F 10786 10735 10736
F 10735 10786 10785
F 10786 10836 10835
F 10786 10835 10785
F 10786 10736 10737
F 10787 10786 10737
F 10836 10786 10837
F 10786 10787 10837
F 10730 10731 10781
F 10730 10781 10780
F 10729 10730 10779
F 10779 10730 10780
F 10881 10830 10831
F 10830 10881 10880
F 10831 10830 10781
F 10781 10830 10780
F 10879 10830 10880
F 10829 10830 10879
F 10830 10829 10779
F 10830 10779 10780
F 10937 10936 10886
F 10887 10937 10886
F 10241 10292 10291
F 10292 10241 10242
F 10641 10592 10642
F 10591 10592 10641
F 10542 10592 10541
F 10592 10591 10541
F 10940 10991 10990
F 10991 10940 10941
F 10991 11040 10990
F 10991 11041 11040
F 10444 10395 10445
F 10444 10394 10395
F 5959 6023 5958
F 6023 5959 6024
F 10696 10747 10746
F 10747 10696 10697
F 10746 10747 10796
F 10747 10797 10796
F 10845 10795 10796
F 10846 10845 10796
F 10845 10844 10794
F 10795 10845 10794
F 10844 10845 10894
F 10845 10895 10894
F 10845 10896 10895
F 10896 10845 10846
F 10896 10947 10946
F 10947 10896 10897
F 10896 10846 10847
F 10896 10847 10897
F 10895 10896 10945
F 10945 10896 10946
F 7249 7183 7184
F 7183 7249 7248
F 10352 10401 10351
F 10401 10352 10402
F 10351 10350 10301
F 10350 10300 10301
F 10350 10299 10300
F 10299 10350 10349
F 10127 10128 10195
F 10194 10127 10195
F 10127 10193 10126
F 10193 10127 10194
F 10060 10127 10059
F 10059 10127 10126
F 4959 5023 4958
F 5023 4959 5024
F 10299 10250 10300
F 10250 10299 10249
F 10300 10250 10301
F 10301 10250 10251
F 10250 10200 10201
F 10250 10201 10251
F 5693 5759 5758
F 5759 5693 5694
F 9995 9929 9996
F 9929 9995 9928
F 9715 9781 9714
F 9781 9715 9782
F 9648 9715 9647
F 9647 9715 9714
F 9587 9520 9588
F 9588 9520 9521
F 9520 9587 9586
F 9519 9520 9586
F 9520 9454 9521
F 9454 9520 9453
F 9454 9522 9521
F 9522 9454 9455
F 9386 9454 9453
F 9454 9386 9387
F 9583 9651 9650
F 9651 9583 9584
F 9443 9509 9442
F 9509 9443 9510
F 9792 9726 9793
F 9726 9792 9725
F 9593 9527 9594
F 9527 9593 9526
F 9595 9661 9594
F 9661 9595 9662
F 9593 9661 9660
F 9661 9593 9594
F 9391 9459 9458
F 9459 9391 9392
F 9190 9256 9189
F 9257 9256 9190
F 9256 9257 9324
F 9323 9256 9324
F 9527 9460 9528
F 9460 9461 9528
F 9461 9460 9394
F 9460 9393 9394
F 9459 9460 9526
F 9460 9527 9526
F 9460 9459 9392
F 9460 9392 9393
F 9391 9325 9392
F 9325 9391 9324
F 9644 9645 9711
F 9711 9645 9712
F 9511 9443 9444
F 9443 9511 9510
F 9577 9509 9510
F 9509 9577 9576
F 9511 9577 9510
F 9577 9511 9578
F 9577 9644 9643
F 9576 9577 9643
F 9645 9577 9578
F 9577 9645 9644
F 9792 9859 9791
F 9791 9859 9858
F 9589 9588 9521
F 9522 9589 9521
F 9588 9589 9655
F 9589 9656 9655
F 9987 9920 9988
F 9988 9920 9921
F 9854 9920 9853
F 9920 9854 9921
F 9920 9852 9853
F 9920 9919 9852
F 10121 10053 10054
F 10053 10121 10120
F 9720 9721 9787
F 9721 9788 9787
F 9654 9721 9653
F 9721 9720 9653
F 9721 9654 9655
F 9722 9721 9655
F 9789 9721 9722
F 9721 9789 9788
F 9855 9789 9856
F 9788 9789 9855
F 9789 9857 9856
F 9789 9790 9857
F 9790 9789 9723
F 9789 9722 9723
F 10343 10294 10344
F 10293 10294 10343
F 10111 10110 10044
F 10110 10043 10044
F 10243 10294 10293
F 10294 10243 10244
F 10243 10293 10292
F 10243 10292 10242
F 10176 10243 10175
F 10175 10243 10242
F 10346 10296 10347
F 10296 10297 10347
F 10181 10113 10114
F 10113 10181 10180
F 9572 9639 9571
F 9639 9638 9571
F 9638 9639 9705
F 9639 9706 9705
F 9707 9775 9774
F 9707 9708 9775
F 9773 9707 9774
F 9706 9707 9773
F 9979 9911 9912
F 9978 9911 9979
F 9958 9957 9891
F 9957 9890 9891
F 9957 9889 9890
F 9889 9957 9956
F 9957 9958 10025
F 10024 9957 10025
F 9957 10023 9956
F 9957 10024 10023
F 10027 9959 9960
F 9959 10027 10026
F 10093 10027 10094
F 10027 10093 10026
F 10025 10093 10092
F 10026 10093 10025
F 10161 10093 10094
F 10160 10093 10161
F 10093 10159 10092
F 10093 10160 10159
F 10374 10424 10373
F 10424 10423 10373
F 10423 10424 10473
F 10424 10474 10473
F 10579 10580 10630
F 10629 10579 10630
F 10628 10579 10629
F 10579 10628 10578
F 10579 10530 10580
F 10530 10579 10529
F 10528 10579 10578
F 10529 10579 10528
F 10531 10482 10532
F 10482 10531 10481
F 10531 10530 10480
F 10481 10531 10480
F 10328 10377 10327
F 10377 10328 10378
F 10328 10277 10278
F 10277 10328 10327
F 10276 10326 10325
F 10275 10276 10325
F 10226 10276 10225
F 10276 10275 10225
F 10326 10276 10327
F 10276 10277 10327
F 10227 10276 10226
F 10277 10276 10227
F 10380 10429 10379
F 10380 10430 10429
F 10430 10380 10431
F 10380 10381 10431
F 10380 10330 10331
F 10381 10380 10331
F 10166 10100 10167
F 10100 10166 10099
F 10098 10166 10165
F 10166 10098 10099
F 10166 10234 10233
F 10234 10166 10167
F 10166 10233 10232
F 10166 10232 10165
F 10332 10381 10331
F 10381 10332 10382
F 10236 10287 10286
F 10287 10236 10237
F 9970 9969 9902
F 9903 9970 9902
F 9970 9904 9971
F 9970 9903 9904
F 10038 9970 9971
F 10037 9970 10038
F 9703 9769 9702
F 9769 9703 9770
F 10273 10223 10224
F 10274 10273 10224
F 10273 10324 10323
F 10273 10274 10324
F 11067 11066 11016
F 11017 11067 11016
F 11404 11403 11336
F 11337 11404 11336
F 11404 11470 11403
F 11470 11404 11471
F 11338 11404 11337
F 11405 11404 11338
F 11404 11472 11471
F 11404 11405 11472
F 10964 10914 10915
F 10964 10915 10965
F 10964 10913 10914
F 10913 10964 10963
F 10961 10912 10962
F 10912 10961 10911
F 10912 10913 10963
F 10912 10963 10962
F 10864 10815 10865
F 10815 10864 10814
F 10914 10864 10915
F 10915 10864 10865
F 10916 10966 10965
F 10915 10916 10965
F 10916 10915 10865
F 10916 10865 10866
F 10867 10916 10866
F 10917 10916 10867
F 10967 10916 10917
F 10916 10967 10966
F 11018 10967 10968
F 10967 11018 11017
F 10966 10967 11016
F 10967 11017 11016
F 10967 10918 10968
F 10967 10917 10918
F 10758 10709 10759
F 10758 10708 10709
F 10808 10758 10809
F 10809 10758 10759
F 10708 10758 10707
F 10758 10757 10707
F 10758 10808 10807
F 10757 10758 10807
F 10755 10804 10754
F 10804 10755 10805
F 10861 10912 10911
F 10912 10861 10862
F 10812 10861 10811
F 10861 10812 10862
F 10811 10861 10810
F 10861 10860 10810
F 10861 10910 10860
F 10910 10861 10911
F 10961 10910 10911
F 10910 10961 10960
F 10910 10959 10909
F 10959 10910 10960
F 10860 10910 10859
F 10910 10909 10859
F 11191 11190 11123
F 11124 11191 11123
F 11193 11127 11194
F 11127 11193 11126
F 11132 11064 11065
F 11131 11064 11132
F 11396 11395 11329
F 11329 11395 11328
F 11463 11529 11462
F 11529 11463 11530
F 11463 11395 11396
F 11395 11463 11462
F 11261 11193 11194
F 11193 11261 11260
F 11261 11327 11260
F 11327 11261 11328
F 11262 11261 11195
F 11261 11194 11195
F 11261 11262 11329
F 11261 11329 11328
F 11393 11392 11325
F 11393 11325 11326
F 11459 11393 11460
F 11393 11459 11392
F 11204 11271 11270
F 11203 11204 11270
F 11137 11204 11136
F 11204 11203 11136
F 11271 11204 11272
F 11204 11205 11272
F 11138 11204 11137
F 11205 11204 11138
F 8776 8710 8777
F 8710 8776 8709
F 8776 8708 8709
F 8776 8775 8708
F 8842 8908 8841
F 8842 8909 8908
F 8774 8842 8841
F 8775 8842 8774
F 8646 8580 8647
F 8580 8646 8579
F 8646 8578 8579
F 8646 8645 8578
F 8712 8778 8711
F 8712 8779 8778
F 8644 8712 8711
F 8645 8712 8644
F 8976 8975 8909
F 8909 8975 8908
F 8851 8919 8918
F 8919 8851 8852
F 8850 8851 8917
F 8917 8851 8918
F 8856 8922 8855
F 8922 8856 8923
F 8990 8922 8923
F 8989 8922 8990
F 9057 9056 8990
F 9056 8989 8990
F 9056 9057 9124
F 9123 9056 9124
F 9056 9055 8988
F 8989 9056 8988
F 9056 9123 9122
F 9055 9056 9122
F 9118 9052 9119
F 9052 9118 9051
F 9052 8985 8986
F 9053 9052 8986
F 9119 9052 9120
F 9052 9053 9120
F 8719 8787 8786
F 8720 8787 8719
F 8788 8787 8721
F 8787 8720 8721
F 8982 8983 9049
F 8983 9050 9049
F 9116 9048 9049
F 9116 9115 9048
F 9115 9116 9182
F 9182 9116 9183
F 9117 9116 9050
F 9050 9116 9049
F 9111 9179 9178
F 9179 9111 9112
F 8779 8847 8846
F 8847 8779 8780
F 8848 8847 8781
F 8781 8847 8780
F 9271 9203 9204
F 9203 9271 9270
F 9203 9136 9137
F 9204 9203 9137
F 8872 8939 8871
F 8871 8939 8938
F 9005 8939 9006
F 8939 9005 8938
F 9269 9203 9270
F 9203 9269 9202
F 9269 9337 9336
F 9337 9269 9270
F 9269 9201 9202
F 9269 9268 9201
F 9269 9336 9335
F 9268 9269 9335
F 9338 9271 9272
F 9339 9338 9272
F 9338 9337 9270
F 9271 9338 9270
F 9338 9339 9406
F 9405 9338 9406
F 9337 9338 9404
F 9338 9405 9404
F 9125 9059 9126
F 9058 9059 9125
F 8928 8862 8929
F 8928 8861 8862
F 10303 10352 10302
F 10352 10303 10353
F 10134 10202 10201
F 10202 10134 10135
F 10257 10307 10306
F 10257 10306 10256
F 9600 9667 9666
F 9599 9600 9666
F 9600 9532 9533
F 9532 9600 9599
F 9667 9600 9668
F 9600 9601 9668
F 9534 9600 9533
F 9601 9600 9534
F 9866 9800 9867
F 9800 9866 9799
F 9732 9800 9799
F 9800 9732 9733
F 9867 9800 9868
F 9800 9801 9868
F 9734 9800 9733
F 9801 9800 9734
F 9736 9802 9735
F 9736 9803 9802
F 9668 9736 9735
F 9736 9668 9669
F 9803 9736 9804
F 9736 9737 9804
F 9736 9669 9670
F 9737 9736 9670
F 8670 8603 8671
F 8603 8604 8671
F 8873 8805 8806
F 8872 8805 8873
F 8669 8601 8602
F 8669 8668 8601
F 8669 8736 8735
F 8668 8669 8735
F 8669 8603 8670
F 8603 8669 8602
F 8734 8800 8733
F 8800 8734 8801
F 8802 8734 8735
F 8734 8802 8801
F 8734 8733 8666
F 8667 8734 8666
F 8734 8667 8668
F 8734 8668 8735
F 8869 8802 8803
F 8869 8803 8870
F 8937 8871 8938
F 8871 8937 8870
F 8937 8869 8870
F 8869 8937 8936
F 8726 8725 8658
F 8659 8726 8658
F 8793 8726 8794
F 8726 8727 8794
F 8726 8660 8727
F 8660 8726 8659
F 8660 8594 8661
F 8594 8660 8593
F 8660 8592 8593
F 8660 8659 8592
F 8728 8660 8661
F 8727 8660 8728
F 9065 8999 9066
F 8999 9065 8998
F 8999 9067 9066
F 9067 8999 9000
F 9676 9744 9743
F 9744 9676 9677
F 9475 9408 9476
F 9408 9409 9476
F 9408 9475 9474
F 9407 9408 9474
F 9278 9344 9277
F 9344 9278 9345
F 9279 9213 9280
F 9279 9212 9213
F 9347 9279 9280
F 9279 9347 9346
F 9279 9278 9211
F 9212 9279 9211
F 9345 9279 9346
F 9278 9279 9345
F 9213 9147 9214
F 9146 9147 9213
F 9215 9147 9148
F 9147 9215 9214
F 9147 9146 9079
F 9080 9147 9079
F 9148 9147 9081
F 9147 9080 9081
F 8811 8743 8744
F 8743 8811 8810
F 8946 8878 8879
F 8946 8945 8878
F 8946 8947 9014
F 9013 8946 9014
F 8946 9013 9012
F 8945 8946 9012
F 9079 9011 9012
F 9011 9079 9078
F 9011 8945 9012
F 9011 8944 8945
F 8877 8876 8809
F 8810 8877 8809
F 8877 8811 8878
F 8811 8877 8810
F 8944 8877 8945
F 8945 8877 8878
F 8813 8745 8746
F 8745 8813 8812
F 8612 8680 8679
F 8680 8612 8613
F 8680 8613 8614
F 8681 8680 8614
F 8679 8680 8746
F 8680 8747 8746
F 8680 8681 8748
F 8747 8680 8748
F 9737 9805 9804
F 9805 9737 9738
F 9941 10009 10008
F 10009 9941 9942
F 9941 9875 9942
F 9941 9874 9875
F 9480 9413 9414
F 9481 9480 9414
F 9413 9480 9412
F 9480 9479 9412
F 9480 9481 9548
F 9547 9480 9548
F 10012 10011 9944
F 9945 10012 9944
F 9262 9261 9195
F 9261 9194 9195
F 9261 9260 9193
F 9194 9261 9193
F 9261 9328 9327
F 9260 9261 9327
F 9261 9329 9328
F 9329 9261 9262
F 9329 9330 9397
F 9396 9329 9397
F 9330 9329 9263
F 9329 9262 9263
F 9329 9396 9395
F 9328 9329 9395
F 9678 9744 9677
F 9744 9678 9745
F 9546 9480 9547
F 9480 9546 9479
F 9613 9546 9614
F 9546 9547 9614
F 9546 9545 9478
F 9546 9478 9479
F 10665 10716 10715
F 10666 10716 10665
F 10767 10716 10717
F 10766 10716 10767
F 10667 10716 10666
F 10716 10667 10717
F 10667 10668 10718
F 10667 10718 10717
F 10769 10770 10820
F 10819 10769 10820
F 10720 10769 10719
F 10770 10769 10720
F 10769 10819 10818
F 10768 10769 10818
F 10769 10718 10719
F 10769 10768 10718
F 10713 10764 10763
F 10764 10713 10714
F 10763 10764 10813
F 10764 10814 10813
F 10020 10019 9952
F 9953 10020 9952
F 10020 9953 9954
F 10021 10020 9954
F 10421 10422 10472
F 10471 10421 10472
F 10372 10421 10371
F 10421 10372 10422
F 10421 10420 10370
F 10371 10421 10370
F 10418 10469 10468
F 10469 10418 10419
F 10083 10015 10016
F 10015 10083 10082
F 10013 9945 9946
F 10013 10012 9945
F 9819 9885 9818
F 9885 9819 9886
F 9953 9885 9886
F 9885 9953 9952
F 9885 9817 9818
F 9885 9884 9817
F 9951 9885 9952
F 9884 9885 9951
F 9751 9683 9684
F 9750 9683 9751
F 9683 9617 9684
F 9617 9683 9616
F 9749 9683 9750
F 9682 9683 9749
F 9683 9615 9616
F 9683 9682 9615
F 10214 10148 10215
F 10148 10214 10147
F 10148 10080 10081
F 10080 10148 10147
F 10148 10216 10215
F 10148 10149 10216
F 10149 10148 10082
F 10082 10148 10081
F 12384 12452 12451
F 12452 12384 12385
F 12522 12521 12455
F 12521 12454 12455
F 12584 12652 12651
F 12584 12585 12652
F 12650 12584 12651
F 12583 12584 12650
F 12584 12517 12518
F 12584 12518 12585
F 12517 12584 12516
F 12584 12583 12516
F 12725 12657 12658
F 12657 12725 12724
F 12723 12657 12724
F 12656 12657 12723
F 11786 11787 11854
F 11786 11854 11853
F 11785 11786 11852
F 11852 11786 11853
F 12184 12117 12118
F 12185 12184 12118
F 11851 11919 11918
F 11919 11851 11852
F 11919 11852 11853
F 11920 11919 11853
F 11736 11670 11737
F 11736 11669 11670
F 11535 11602 11534
F 11602 11601 11534
F 11536 11602 11535
F 11602 11536 11603
F 11601 11602 11668
F 11602 11669 11668
F 11670 11602 11603
F 11669 11602 11670
F 11663 11662 11595
F 11596 11663 11595
F 11662 11663 11729
F 11729 11663 11730
F 11529 11597 11596
F 11597 11529 11530
F 11597 11663 11596
F 11663 11597 11664
F 11731 11663 11664
F 11663 11731 11730
F 11797 11731 11798
F 11731 11797 11730
F 11732 11731 11665
F 11731 11664 11665
F 11798 11731 11799
F 11731 11732 11799
F 12075 12141 12074
F 12075 12142 12141
F 12537 12469 12470
F 12537 12536 12469
F 12670 12737 12736
F 12669 12670 12736
F 12670 12738 12737
F 12670 12671 12738
F 12340 12406 12339
F 12340 12407 12406
F 12407 12340 12408
F 12340 12341 12408
F 12409 12475 12408
F 12409 12476 12475
F 12409 12341 12342
F 12341 12409 12408
F 12476 12409 12477
F 12409 12410 12477
F 12409 12342 12343
F 12410 12409 12343
F 12597 12664 12663
F 12596 12597 12663
F 12529 12597 12596
F 12597 12529 12530
F 12598 12597 12531
F 12597 12530 12531
F 12665 12597 12598
F 12597 12665 12664
F 12665 12733 12732
F 12665 12666 12733
F 12731 12665 12732
F 12664 12665 12731
F 12665 12598 12599
F 12666 12665 12599
F 12262 12261 12195
F 12261 12194 12195
F 12395 12394 12328
F 12328 12394 12327
F 12391 12324 12325
F 12392 12391 12325
F 12061 12060 11994
F 12060 11993 11994
F 12258 12192 12259
F 12192 12258 12191
F 12190 12258 12257
F 12258 12190 12191
F 11654 11587 11588
F 11655 11654 11588
F 11587 11654 11586
F 11654 11653 11586
F 11790 11856 11789
F 11856 11790 11857
F 11856 11855 11788
F 11789 11856 11788
F 11924 11856 11857
F 11856 11924 11923
F 11923 11924 11990
F 11924 11991 11990
F 12329 12395 12328
F 12395 12329 12396
F 12329 12261 12262
F 12261 12329 12328
F 12329 12330 12397
F 12329 12397 12396
F 12330 12329 12263
F 12263 12329 12262
F 12132 12133 12199
F 12133 12200 12199
F 12403 12337 12404
F 12337 12403 12336
F 12405 12337 12338
F 12404 12337 12405
F 12207 12275 12274
F 12207 12208 12275
F 11866 11865 11798
F 11866 11798 11799
F 11865 11866 11932
F 11866 11933 11932
F 12267 12266 12199
F 12200 12267 12199
F 12266 12267 12333
F 12267 12334 12333
F 12335 12267 12268
F 12334 12267 12335
F 12695 12629 12696
F 12628 12629 12695
F 12697 12629 12630
F 12629 12697 12696
F 12630 12629 12563
F 12629 12562 12563
F 12629 12561 12562
F 12561 12629 12628
F 12561 12493 12494
F 12493 12561 12560
F 12561 12627 12560
F 12561 12628 12627
F 12561 12494 12495
F 12562 12561 12495
F 12490 12422 12423
F 12422 12490 12489
F 11955 12022 12021
F 11954 11955 12021
F 12023 11955 11956
F 11955 12023 12022
F 11955 11888 11889
F 11956 11955 11889
F 11955 11887 11888
F 11887 11955 11954
F 11821 11887 11820
F 11888 11887 11821
F 11950 12018 12017
F 12018 11950 11951
F 12280 12214 12281
F 12214 12280 12213
F 12287 12220 12288
F 12220 12221 12288
F 12621 12689 12688
F 12689 12621 12622
F 12687 12621 12688
F 12621 12687 12620
F 12687 12619 12620
F 12619 12687 12686
F 12619 12686 12685
F 12618 12619 12685
F 12619 12552 12553
F 12620 12619 12553
F 12619 12618 12551
F 12552 12619 12551
F 11478 11411 11479
F 11411 11412 11479
F 11411 11345 11412
F 11345 11411 11344
F 11411 11410 11343
F 11411 11343 11344
F 11411 11477 11410
F 11477 11411 11478
F 11477 11543 11476
F 11543 11477 11544
F 11477 11478 11545
F 11477 11545 11544
F 11477 11476 11409
F 11410 11477 11409
F 11144 11210 11143
F 11210 11144 11211
F 11278 11210 11211
F 11277 11210 11278
F 11482 11548 11481
F 11549 11548 11482
F 11548 11547 11480
F 11481 11548 11480
F 11548 11549 11616
F 11615 11548 11616
F 11548 11614 11547
F 11548 11615 11614
F 11562 11630 11629
F 11630 11562 11563
F 11561 11562 11628
F 11562 11629 11628
F 11562 11561 11494
F 11495 11562 11494
F 11222 11156 11223
F 11156 11222 11155
F 11154 11222 11221
F 11222 11154 11155
F 11222 11288 11221
F 11222 11289 11288
F 11222 11290 11289
F 11290 11222 11223
F 11290 11358 11357
F 11358 11290 11291
F 11290 11224 11291
F 11224 11290 11223
F 11356 11290 11357
F 11289 11290 11356
F 11218 11217 11151
F 11151 11217 11150
F 11285 11217 11218
F 11284 11217 11285
F 11028 11079 11078
F 11079 11028 11029
F 11079 11145 11078
F 11079 11146 11145
F 11416 11417 11483
F 11417 11484 11483
F 11349 11417 11416
F 11417 11349 11350
F 11418 11417 11351
F 11417 11350 11351
F 11485 11551 11484
F 11551 11485 11552
F 11485 11417 11418
F 11417 11485 11484
F 11485 11418 11419
F 11485 11419 11486
F 11420 11487 11419
F 11419 11487 11486
F 11768 11701 11769
F 11769 11701 11702
F 11701 11768 11767
F 11700 11701 11767
F 11761 11829 11828
F 11829 11761 11762
F 11900 11834 11901
F 11834 11900 11833
F 12104 12037 12105
F 12037 12038 12105
F 12037 12104 12103
F 12036 12037 12103
F 12037 11970 11971
F 12038 12037 11971
F 11969 12037 12036
F 11970 12037 11969
F 12236 12235 12168
F 12169 12236 12168
F 12236 12169 12170
F 12236 12170 12237
F 12304 12236 12237
F 12303 12236 12304
F 12302 12236 12303
F 12236 12302 12235
F 12368 12302 12369
F 12301 12302 12368
F 12235 12302 12234
F 12302 12301 12234
F 11893 11959 11892
F 11959 11893 11960
F 11893 11825 11826
F 11825 11893 11892
F 11827 11893 11826
F 11894 11893 11827
F 11761 11695 11762
F 11695 11761 11694
F 11695 11627 11628
F 11695 11694 11627
F 11695 11696 11763
F 11695 11763 11762
F 11696 11695 11629
F 11629 11695 11628
F 12097 12031 12098
F 12031 12097 12030
F 12030 12097 12029
F 12097 12096 12029
F 11961 11893 11894
F 11893 11961 11960
F 11961 11894 11895
F 11961 11895 11962
F 11961 12028 12027
F 11961 12027 11960
F 12029 11961 11962
F 12028 11961 12029
F 12090 12158 12157
F 12158 12090 12091
F 12022 12090 12089
F 12023 12090 12022
F 12091 12090 12024
F 12090 12023 12024
F 12093 12159 12092
F 12160 12159 12093
F 12159 12091 12092
F 12159 12158 12091
F 12155 12222 12154
F 12222 12221 12154
F 12221 12222 12288
F 12222 12289 12288
F 12222 12290 12289
F 12222 12223 12290
F 12090 12156 12089
F 12156 12090 12157
F 12222 12156 12223
F 12156 12222 12155
F 12089 12156 12088
F 12156 12155 12088
F 12224 12156 12157
F 12223 12156 12224
F 12499 12432 12500
F 12432 12433 12500
F 12433 12432 12366
F 12366 12432 12365
F 12432 12499 12498
F 12431 12432 12498
F 12432 12364 12365
F 12432 12431 12364
F 12296 12364 12363
F 12364 12296 12297
F 12297 12296 12230
F 12296 12229 12230
F 12050 12116 12049
F 12117 12116 12050
F 12116 12184 12183
F 12184 12116 12117
F 12114 12181 12113
F 12181 12180 12113
F 12247 12181 12248
F 12181 12247 12180
F 12249 12316 12315
F 12249 12315 12248
F 12181 12249 12248
F 12249 12181 12182
F 12175 12109 12176
F 12109 12175 12108
F 12176 12109 12177
F 12109 12110 12177
F 12582 12515 12583
F 12583 12515 12516
F 12515 12449 12516
F 12449 12515 12448
F 12515 12582 12581
F 12514 12515 12581
F 12515 12447 12448
F 12515 12514 12447
F 12314 12246 12247
F 12246 12314 12313
F 12315 12314 12248
F 12314 12247 12248
F 12314 12381 12380
F 12314 12380 12313
F 12314 12315 12382
F 12381 12314 12382
F 12110 12178 12177
F 12178 12110 12111
F 12578 12512 12579
F 12512 12578 12511
F 12578 12579 12646
F 12645 12578 12646
F 12710 12644 12711
F 12643 12644 12710
F 12644 12712 12711
F 12644 12645 12712
F 12514 12446 12447
F 12446 12514 12513
F 12441 12509 12508
F 12509 12441 12442
F 12510 12509 12443
F 12443 12509 12442
F 12308 12307 12240
F 12241 12308 12240
F 12308 12241 12242
F 12309 12308 12242
F 12376 12308 12309
F 12308 12376 12375
F 12376 12444 12443
F 12444 12376 12377
F 12376 12443 12442
F 12375 12376 12442
F 12376 12309 12310
F 12376 12310 12377
F 12374 12308 12375
F 12308 12374 12307
F 12374 12375 12442
F 12441 12374 12442
F 12373 12374 12440
F 12374 12441 12440
F 12374 12306 12307
F 12374 12373 12306
F 12639 12573 12640
F 12573 12639 12572
F 12640 12573 12641
F 12573 12574 12641
F 12507 12441 12508
F 12441 12507 12440
F 12509 12575 12508
F 12575 12509 12576
F 12642 12575 12643
F 12643 12575 12576
F 12575 12642 12641
F 12574 12575 12641
F 12575 12507 12508
F 12507 12575 12574
F 12438 12505 12504
F 12437 12438 12504
F 12439 12438 12372
F 12438 12371 12372
F 12302 12370 12369
F 12370 12302 12303
F 12438 12370 12371
F 12370 12438 12437
F 12370 12436 12369
F 12370 12437 12436
F 12371 12370 12304
F 12370 12303 12304
F 11974 11906 11907
F 11906 11974 11973
F 11906 11972 11905
F 11972 11906 11973
F 11906 11905 11838
F 11839 11906 11838
F 11840 11906 11839
F 11906 11840 11907
F 11840 11774 11841
F 11774 11840 11773
F 11908 11840 11841
F 11907 11840 11908
F 11840 11772 11773
F 11840 11839 11772
F 12040 11974 12041
F 11974 12040 11973
F 12107 12040 12108
F 12040 12041 12108
F 12106 12172 12105
F 12172 12106 12173
F 12173 12106 12174
F 12106 12107 12174
F 11716 11782 11715
F 11782 11716 11783
F 11715 11782 11714
F 11782 11781 11714
F 11513 11579 11512
F 11579 11513 11580
F 11242 11174 11175
F 11174 11242 11241
F 12044 11978 12045
F 11978 12044 11977
F 11911 11978 11910
F 11978 11977 11910
F 11444 11443 11376
F 11444 11376 11377
F 11445 11444 11378
F 11378 11444 11377
F 7969 7905 7970
F 7905 7969 7904
F 11362 11428 11361
F 11362 11429 11428
F 11362 11363 11430
F 11429 11362 11430
F 11496 11562 11495
F 11562 11496 11563
F 11496 11564 11563
F 11564 11496 11497
F 11496 11495 11428
F 11429 11496 11428
F 11497 11496 11430
F 11496 11429 11430
F 11636 11703 11702
F 11635 11636 11702
F 11437 11438 11505
F 11504 11437 11505
F 11437 11503 11436
F 11437 11504 11503
F 11438 11437 11371
F 11437 11370 11371
F 11369 11437 11436
F 11370 11437 11369
F 11234 11301 11300
F 11233 11234 11300
F 11301 11302 11368
F 11302 11369 11368
F 11234 11302 11301
F 11302 11234 11235
F 11439 11372 11440
F 11372 11373 11440
F 11438 11372 11439
F 11372 11438 11371
F 11373 11372 11306
F 11372 11305 11306
F 11304 11372 11371
F 11372 11304 11305
F 6487 6535 6534
F 6535 6487 6488
F 7593 7527 7528
F 7527 7593 7592
F 7591 7527 7592
F 7527 7591 7526
F 10455 10404 10405
F 10404 10455 10454
F 10453 10503 10502
F 10452 10453 10502
F 10453 10504 10503
F 10504 10453 10454
F 10403 10453 10402
F 10453 10452 10402
F 10453 10404 10454
F 10404 10453 10403
F 10753 10704 10754
F 10703 10704 10753
F 10704 10703 10653
F 10704 10653 10654
F 10362 10361 10312
F 10361 10311 10312
F 10210 10261 10260
F 10261 10210 10211
F 10261 10212 10262
F 10261 10211 10212
F 10311 10261 10312
F 10312 10261 10262
F 10310 10261 10311
F 10261 10310 10260
F 10310 10360 10359
F 10309 10310 10359
F 10361 10310 10311
F 10310 10361 10360
F 10268 10218 10219
F 10269 10268 10219
F 10415 10366 10416
F 10365 10366 10415
F 10316 10366 10315
F 10366 10365 10315
F 10366 10417 10416
F 10366 10367 10417
F 10512 10462 10463
F 10513 10512 10463
F 10461 10512 10511
F 10512 10461 10462
F 10512 10561 10511
F 10512 10562 10561
F 10512 10563 10562
F 10563 10512 10513
F 10563 10614 10613
F 10563 10564 10614
F 10564 10563 10514
F 10563 10513 10514
F 10612 10563 10613
F 10562 10563 10612
F 10556 10505 10506
F 10505 10556 10555
F 10504 10505 10554
F 10505 10555 10554
F 10506 10505 10456
F 10505 10455 10456
F 10505 10504 10454
F 10455 10505 10454
F 10458 10407 10408
F 10457 10407 10458
F 10407 10358 10408
F 10358 10407 10357
F 10406 10407 10456
F 10407 10457 10456
F 10357 10407 10356
F 10407 10406 10356
F 6238 6237 6175
F 6238 6175 6176
F 6109 6045 6110
F 6109 6044 6045
F 6045 5980 6046
F 6046 5980 5981
F 5980 6044 5979
F 6044 5980 6045
F 5914 5980 5979
F 5980 5914 5915
F 6619 6661 6618
F 6661 6619 6662
F 6704 6661 6705
F 6661 6704 6660
F 6706 6661 6662
F 6661 6706 6705
F 6575 6619 6618
F 6575 6618 6574
F 4607 4542 4543
F 4608 4607 4543
F 4541 4607 4606
F 4607 4541 4542
F 10123 10189 10122
F 10189 10123 10190
F 10189 10121 10122
F 10189 10188 10121
F 4612 4611 4547
F 4611 4546 4547
F 4930 4994 4929
F 4994 4930 4995
F 4996 4930 4931
F 4930 4996 4995
F 5058 4994 5059
F 4994 5058 4993
F 5058 5124 5123
F 5124 5058 5059
F 5187 5251 5186
F 5251 5187 5252
F 4597 4596 4531
F 4597 4531 4532
F 4725 4659 4660
F 4659 4725 4724
F 4988 4987 4923
F 4987 4922 4923
F 4994 4928 4929
F 4928 4994 4993
F 4992 4928 4993
F 4928 4992 4927
F 4797 4731 4732
F 4731 4797 4796
F 4796 4862 4861
F 4797 4862 4796
F 4794 4728 4729
F 4728 4794 4793
F 4862 4926 4861
F 4926 4862 4927
F 4926 4992 4991
F 4992 4926 4927
F 7303 7368 7302
F 7302 7368 7367
F 7366 7301 7367
F 7301 7302 7367
F 7171 7107 7172
F 7107 7171 7106
F 7171 7236 7235
F 7170 7171 7235
F 7493 7494 7558
F 7494 7559 7558
F 6350 6400 6399
F 6400 6350 6351
F 5816 5882 5881
F 5882 5816 5817
F 5823 5887 5822
F 5888 5887 5823
F 5889 5823 5824
F 5889 5888 5823
F 5889 5954 5953
F 5888 5889 5953
F 5761 5696 5697
F 5761 5697 5762
F 5695 5761 5760
F 5696 5761 5695
F 6207 6146 6208
F 6146 6207 6145
F 6010 5944 5945
F 5944 6010 6009
F 6629 6672 6628
F 6672 6629 6673
F 6904 6838 6839
F 6838 6904 6903
F 6715 6669 6670
F 6669 6715 6714
F 6838 6902 6837
F 6902 6838 6903
F 7099 7165 7164
F 7165 7099 7100
F 7229 7165 7230
F 7165 7229 7164
F 7165 7231 7230
F 7231 7165 7166
F 7231 7166 7167
F 7232 7231 7167
F 6254 6255 6307
F 6306 6254 6307
F 6401 6447 6400
F 6447 6401 6448
F 6352 6401 6351
F 6401 6400 6351
F 6195 6194 6132
F 6195 6132 6133
F 6446 6493 6445
F 6493 6492 6445
F 6583 6584 6627
F 6626 6583 6627
F 6674 6719 6718
F 6673 6674 6718
F 6585 6629 6628
F 6629 6585 6586
F 6584 6585 6627
F 6585 6628 6627
F 6902 6836 6837
F 6836 6902 6901
F 6493 6537 6492
F 6537 6493 6538
F 6504 6548 6503
F 6548 6504 6549
F 6593 6548 6549
F 6548 6593 6592
F 6454 6502 6501
F 6502 6454 6455
F 6456 6502 6455
F 6502 6456 6503
F 7358 7422 7357
F 7422 7358 7423
F 7488 7422 7423
F 7487 7422 7488
F 8383 8317 8318
F 8317 8383 8382
F 8317 8253 8318
F 8253 8317 8252
F 8380 8444 8379
F 8444 8380 8445
F 8314 8380 8379
F 8380 8314 8315
F 8250 8314 8249
F 8314 8250 8315
F 8314 8379 8378
F 8313 8314 8378
F 8377 8313 8378
F 8313 8377 8312
F 7923 7857 7858
F 7857 7923 7922
F 7726 7660 7661
F 7660 7726 7725
F 7594 7593 7528
F 7594 7528 7529
F 11995 12061 11994
F 11995 12062 12061
F 12197 12265 12264
F 12197 12198 12265
F 11995 11996 12062
F 12062 11996 12063
F 11797 11796 11730
F 11796 11729 11730
F 11865 11931 11864
F 11931 11865 11932
F 11999 11931 11932
F 11931 11999 11998
F 11933 12000 11932
F 12000 11999 11932
F 11006 10956 10957
F 11007 11006 10957
F 11006 11005 10955
F 10956 11006 10955
F 11392 11458 11391
F 11459 11458 11392
F 11458 11390 11391
F 11390 11458 11457
F 11458 11524 11457
F 11458 11525 11524
F 11051 11052 11118
F 11052 11119 11118
F 11052 11001 11002
F 11001 11052 11051
F 11119 11052 11120
F 11052 11053 11120
F 11003 11052 11002
F 11053 11052 11003
F 11248 11181 11249
F 11249 11181 11182
F 11181 11248 11247
F 11180 11181 11247
F 8476 8412 8477
F 8412 8476 8411
F 11993 11926 11994
F 11926 11927 11994
F 11928 11996 11995
F 11996 11928 11929
F 11928 11995 11994
F 11927 11928 11994
F 11926 11860 11927
F 11860 11926 11859
F 11658 11657 11590
F 11658 11590 11591
F 11716 11717 11783
F 11717 11784 11783
F 11648 11582 11649
F 11582 11648 11581
F 11582 11514 11515
F 11514 11582 11581
F 11516 11582 11515
F 11583 11582 11516
F 7377 7441 7376
F 7441 7377 7442
F 7311 7377 7376
F 7377 7311 7312
F 7242 7178 7243
F 7178 7242 7177
F 7369 7368 7303
F 7369 7303 7304
F 7953 7954 8018
F 8018 7954 8019
F 7954 7889 7890
F 7955 7954 7890
F 7954 7955 8020
F 7954 8020 8019
F 8022 8021 7956
F 8022 7956 7957
F 8022 7958 8023
F 7958 8022 7957
F 8021 8022 8086
F 8022 8087 8086
F 7829 7895 7894
F 7895 7829 7830
F 7828 7829 7893
F 7893 7829 7894
F 7829 7765 7830
F 7765 7829 7764
F 7309 7374 7308
F 7374 7373 7308
F 7374 7438 7373
F 7438 7374 7439
F 7504 7438 7439
F 7438 7504 7503
F 8156 8220 8155
F 8220 8156 8221
F 11008 11007 10957
F 10958 11008 10957
F 11057 11008 11058
F 11008 11057 11007
F 10959 11008 10958
F 11009 11008 10959
F 11008 11059 11058
F 11008 11009 11059
F 8468 8533 8467
F 8533 8532 8467
F 8469 8533 8468
F 8533 8469 8534
F 6849 6913 6848
F 6913 6849 6914
F 6599 6641 6598
F 6641 6599 6642
F 6728 6684 6729
F 6684 6728 6683
F 8471 8536 8470
F 8536 8535 8470
F 8536 8471 8472
F 8537 8536 8472
F 8016 8080 8015
F 8080 8016 8081
F 7948 8013 7947
F 7947 8013 8012
F 8401 8337 8402
F 8337 8401 8336
F 8337 8271 8272
F 8271 8337 8336
F 8266 8202 8267
F 8202 8266 8201
F 7042 7108 7107
F 7108 7042 7043
F 7044 7108 7043
F 7108 7044 7109
F 7630 7566 7631
F 7630 7565 7566
F 7819 7884 7883
F 7818 7819 7883
F 7884 7819 7885
F 7819 7820 7885
F 7819 7818 7753
F 7754 7819 7753
F 7819 7754 7755
F 7819 7755 7820
F 7694 7693 7629
F 7629 7693 7628
F 7759 7693 7694
F 7693 7759 7758
F 7755 7821 7820
F 7821 7755 7756
F 7821 7886 7885
F 7820 7821 7885
F 7690 7691 7755
F 7755 7691 7756
F 8021 8085 8020
F 8085 8021 8086
F 8087 8151 8086
F 8151 8087 8152
F 8151 8085 8086
F 8085 8151 8150
F 8407 8471 8406
F 8471 8407 8472
F 7630 7564 7565
F 7564 7630 7629
F 7564 7629 7628
F 7563 7564 7628
F 7564 7498 7499
F 7564 7563 7498
F 8964 8898 8965
F 8898 8964 8897
F 8831 8898 8830
F 8898 8897 8830
F 9101 9034 9102
F 9034 9035 9102
F 9034 9101 9100
F 9033 9034 9100
F 9035 9034 8968
F 9034 8967 8968
F 8966 9034 9033
F 8967 9034 8966
F 9621 9555 9622
F 9554 9555 9621
F 9555 9623 9622
F 9623 9555 9556
F 9488 9555 9487
F 9555 9554 9487
F 9555 9489 9556
F 9555 9488 9489
F 9288 9221 9222
F 9289 9288 9222
F 9288 9356 9355
F 9356 9288 9289
F 9221 9288 9220
F 9288 9287 9220
F 9288 9355 9354
F 9287 9288 9354
F 9429 9361 9362
F 9361 9429 9428
F 9361 9428 9427
F 9360 9361 9427
F 9433 9432 9366
F 9366 9432 9365
F 9364 9432 9431
F 9432 9364 9365
F 9500 9432 9433
F 9499 9432 9500
F 9431 9432 9498
F 9432 9499 9498
F 9632 9631 9565
F 9631 9564 9565
F 9697 9764 9696
F 9764 9763 9696
F 9766 9699 9700
F 9767 9766 9700
F 9628 9627 9560
F 9561 9628 9560
F 9694 9762 9761
F 9694 9695 9762
F 9628 9694 9627
F 9694 9628 9695
F 9493 9561 9560
F 9561 9493 9494
F 9494 9493 9427
F 9493 9426 9427
F 9237 9238 9304
F 9238 9305 9304
F 9238 9237 9170
F 9171 9238 9170
F 9036 9104 9103
F 9037 9104 9036
F 9103 9104 9170
F 9104 9171 9170
F 8829 8763 8830
F 8763 8829 8762
F 8829 8761 8762
F 8829 8828 8761
F 10826 10775 10776
F 10826 10825 10775
F 10640 10590 10641
F 10590 10591 10641
F 10590 10640 10639
F 10589 10590 10639
F 10039 10040 10107
F 10039 10107 10106
F 10105 10039 10106
F 10039 10105 10038
F 10039 10038 9971
F 9972 10039 9971
F 9973 10039 9972
F 10039 9973 10040
F 9973 9906 9907
F 9974 9973 9907
F 9973 9905 9906
F 9973 9972 9905
F 10986 11036 10985
F 11036 11035 10985
F 11036 11086 11085
F 11035 11036 11085
F 11034 10984 10985
F 11035 11034 10985
F 11084 11034 11085
F 11034 11035 11085
F 10683 10633 10634
F 10684 10683 10634
F 10633 10683 10632
F 10683 10682 10632
F 10683 10684 10734
F 10733 10683 10734
F 10682 10683 10732
F 10683 10733 10732
F 10782 10833 10832
F 10783 10833 10782
F 10833 10882 10832
F 10833 10883 10882
F 10883 10833 10884
F 10833 10834 10884
F 10833 10784 10834
F 10784 10833 10783
F 10735 10784 10734
F 10784 10735 10785
F 10733 10784 10783
F 10784 10733 10734
F 10834 10784 10835
F 10835 10784 10785
F 10681 10680 10631
F 10631 10680 10630
F 10680 10679 10629
F 10680 10629 10630
F 10680 10681 10731
F 10730 10680 10731
F 10680 10729 10679
F 10680 10730 10729
F 10936 10987 10986
F 10937 10987 10936
F 10939 10938 10889
F 10938 10888 10889
F 10888 10938 10887
F 10938 10937 10887
F 10173 10105 10106
F 10105 10173 10172
F 10992 10993 11043
F 11042 10992 11043
F 10943 10992 10942
F 10992 10943 10993
F 11041 10992 11042
F 10991 10992 11041
F 10992 10941 10942
F 10992 10991 10941
F 10393 10443 10392
F 10443 10442 10392
F 10443 10492 10442
F 10492 10443 10493
F 10394 10443 10393
F 10444 10443 10394
F 5771 5707 5772
F 5707 5771 5706
F 5771 5705 5706
F 5705 5771 5770
F 5833 5897 5832
F 5897 5833 5898
F 4642 4643 4707
F 4707 4643 4708
F 4643 4642 4577
F 4578 4643 4577
F 10127 10061 10128
F 10061 10127 10060
F 10061 10060 9993
F 9994 10061 9993
F 10350 10400 10349
F 10400 10399 10349
F 10401 10400 10351
F 10400 10350 10351
F 5306 5241 5307
F 5241 5242 5307
F 10066 10132 10065
F 10132 10066 10133
F 10132 10064 10065
F 10064 10132 10131
F 4649 4715 4714
F 4649 4650 4715
F 4649 4584 4585
F 4650 4649 4585
F 10000 9934 10001
F 10000 9933 9934
F 5757 5692 5758
F 5692 5693 5758
F 5821 5887 5886
F 5887 5821 5822
F 5689 5753 5688
F 5753 5689 5754
F 5689 5623 5624
F 5623 5689 5688
F 6112 6048 6113
F 6048 6112 6047
F 6048 6114 6113
F 6048 6049 6114
F 9731 9665 9732
F 9665 9731 9664
F 9595 9596 9662
F 9596 9663 9662
F 9184 9116 9117
F 9116 9184 9183
F 9184 9118 9185
F 9184 9117 9118
F 9252 9184 9185
F 9251 9184 9252
F 9184 9250 9183
F 9250 9184 9251
F 9318 9386 9385
F 9386 9318 9319
F 9384 9318 9385
F 9318 9384 9317
F 9318 9250 9251
F 9250 9318 9317
F 9318 9251 9252
F 9318 9252 9319
F 9454 9388 9455
F 9388 9454 9387
F 9320 9386 9319
F 9386 9320 9387
F 9320 9252 9253
F 9252 9320 9319
F 9320 9388 9387
F 9388 9320 9321
F 9320 9253 9254
F 9321 9320 9254
F 9517 9451 9518
F 9451 9517 9450
F 9380 9446 9379
F 9446 9380 9447
F 9514 9448 9515
F 9448 9514 9447
F 9516 9517 9584
F 9583 9516 9584
F 9448 9516 9515
F 9516 9448 9449
F 9517 9516 9450
F 9516 9449 9450
F 9658 9724 9657
F 9724 9658 9725
F 9255 9321 9254
F 9321 9255 9322
F 9255 9187 9188
F 9187 9255 9254
F 9255 9323 9322
F 9255 9256 9323
F 9255 9188 9189
F 9256 9255 9189
F 9258 9191 9192
F 9259 9258 9192
F 9191 9258 9190
F 9258 9257 9190
F 9257 9258 9324
F 9258 9325 9324
F 9258 9326 9325
F 9326 9258 9259
F 9326 9327 9394
F 9393 9326 9394
F 9326 9259 9260
F 9326 9260 9327
F 9392 9326 9393
F 9325 9326 9392
F 9713 9646 9714
F 9646 9647 9714
F 9646 9713 9712
F 9645 9646 9712
F 9860 9792 9793
F 9860 9859 9792
F 9590 9589 9522
F 9590 9522 9523
F 9656 9590 9657
F 9589 9590 9656
F 9985 9984 9917
F 9985 9917 9918
F 10041 9973 9974
F 9973 10041 10040
F 10177 10243 10176
F 10243 10177 10244
F 10245 10177 10178
F 10177 10245 10244
F 10177 10110 10111
F 10177 10111 10178
F 10246 10245 10178
F 10179 10246 10178
F 10246 10180 10247
F 10246 10179 10180
F 10296 10246 10297
F 10297 10246 10247
F 10295 10246 10296
F 10246 10295 10245
F 10295 10345 10344
F 10294 10295 10344
F 10295 10294 10244
F 10245 10295 10244
F 10295 10346 10345
F 10295 10296 10346
F 9977 10045 10044
F 10045 9977 9978
F 4658 4659 4724
F 4658 4724 4723
F 4659 4594 4660
F 4594 4595 4660
F 4594 4530 4595
F 4530 4594 4529
F 4658 4594 4659
F 4594 4658 4593
F 4594 4528 4529
F 4594 4593 4528
F 9640 9572 9573
F 9640 9639 9572
F 9574 9640 9573
F 9640 9574 9641
F 9639 9640 9706
F 9640 9707 9706
F 9708 9640 9641
F 9707 9640 9708
F 9844 9776 9777
F 9844 9843 9776
F 9845 9844 9778
F 9844 9777 9778
F 9844 9845 9912
F 9911 9844 9912
F 9910 9844 9911
F 9844 9910 9843
F 9910 9977 9976
F 9909 9910 9976
F 9910 9909 9842
F 9843 9910 9842
F 9910 9911 9978
F 9977 9910 9978
F 10280 10230 10281
F 10281 10230 10231
F 10230 10279 10229
F 10279 10230 10280
F 10376 10425 10375
F 10425 10376 10426
F 10425 10374 10375
F 10425 10424 10374
F 10580 10581 10630
F 10581 10631 10630
F 10581 10582 10632
F 10631 10581 10632
F 10530 10581 10580
F 10531 10581 10530
F 10582 10581 10532
F 10581 10531 10532
F 10380 10329 10330
F 10329 10380 10379
F 10329 10280 10330
F 10329 10279 10280
F 10279 10329 10278
F 10329 10328 10278
F 10378 10329 10379
F 10328 10329 10378
F 10282 10281 10231
F 10232 10282 10231
F 10281 10282 10331
F 10282 10332 10331
F 10102 10169 10101
F 10169 10168 10101
F 10169 10103 10170
F 10103 10169 10102
F 10237 10169 10170
F 10236 10169 10237
F 10235 10169 10236
F 10169 10235 10168
F 10168 10235 10167
F 10235 10234 10167
F 10235 10286 10285
F 10235 10236 10286
F 10105 10104 10038
F 10104 10037 10038
F 10104 10172 10171
F 10104 10105 10172
F 10104 10171 10170
F 10103 10104 10170
F 10036 9970 10037
F 9970 10036 9969
F 10036 10104 10103
F 10104 10036 10037
F 10036 9968 9969
F 9968 10036 10035
F 10036 10102 10035
F 10036 10103 10102
F 9835 9836 9902
F 9836 9903 9902
F 9904 9836 9837
F 9903 9836 9904
F 9836 9770 9837
F 9836 9769 9770
F 9836 9768 9769
F 9768 9836 9835
F 9701 9768 9700
F 9768 9767 9700
F 9768 9835 9834
F 9768 9834 9767
F 9768 9701 9702
F 9769 9768 9702
F 11135 11203 11202
F 11203 11135 11136
F 10912 10863 10913
F 10863 10912 10862
F 10863 10812 10813
F 10812 10863 10862
F 10913 10863 10914
F 10863 10864 10914
F 10814 10863 10813
F 10864 10863 10814
F 10706 10657 10707
F 10706 10656 10657
F 11258 11324 11257
F 11324 11258 11325
F 11190 11258 11257
F 11191 11258 11190
F 11060 11009 11010
F 11009 11060 11059
F 11059 11060 11126
F 11060 11127 11126
F 11060 11128 11127
F 11128 11060 11061
F 11127 11128 11194
F 11194 11128 11195
F 11128 11061 11062
F 11129 11128 11062
F 11128 11196 11195
F 11128 11129 11196
F 11064 11130 11063
F 11130 11064 11131
F 11198 11130 11131
F 11130 11198 11197
F 11130 11129 11062
F 11063 11130 11062
F 11196 11130 11197
F 11129 11130 11196
F 10963 11013 10962
F 11013 11012 10962
F 11013 11063 11062
F 11012 11013 11062
F 11060 11011 11061
F 11011 11060 11010
F 11011 11010 10960
F 10961 11011 10960
F 11011 11012 11062
F 11061 11011 11062
F 11011 10961 10962
F 11012 11011 10962
F 11532 11464 11465
F 11531 11464 11532
F 11464 11398 11465
F 11398 11464 11397
F 11463 11464 11530
F 11464 11531 11530
F 11464 11396 11397
F 11464 11463 11396
F 11461 11394 11462
F 11394 11395 11462
F 11395 11394 11328
F 11394 11327 11328
F 11393 11394 11460
F 11394 11461 11460
F 11394 11393 11326
F 11327 11394 11326
F 8843 8777 8844
F 8843 8776 8777
F 8910 8843 8911
F 8911 8843 8844
F 8776 8843 8775
F 8843 8842 8775
F 8909 8843 8910
F 8842 8843 8909
F 8713 8647 8714
F 8713 8646 8647
F 8781 8713 8714
F 8713 8781 8780
F 8646 8713 8645
F 8713 8712 8645
F 8712 8713 8779
F 8779 8713 8780
F 9042 8976 9043
F 9042 8975 8976
F 8907 8974 8906
F 8974 8973 8906
F 9042 8974 8975
F 8974 9042 9041
F 8974 8907 8908
F 8975 8974 8908
F 9107 9173 9106
F 9173 9107 9174
F 9175 9107 9108
F 9107 9175 9174
F 8717 8784 8716
F 8784 8783 8716
F 8784 8717 8718
F 8785 8784 8718
F 8783 8784 8850
F 8784 8851 8850
F 8784 8785 8852
F 8851 8784 8852
F 8854 8788 8855
F 8854 8787 8788
F 8854 8853 8786
F 8787 8854 8786
F 8791 8723 8724
F 8791 8790 8723
F 8985 8984 8918
F 8984 8917 8918
F 8984 9052 9051
F 9052 8984 8985
F 8984 8916 8917
F 8984 8983 8916
F 9050 8984 9051
F 8983 8984 9050
F 9180 9113 9114
F 9181 9180 9114
F 9113 9180 9112
F 9180 9179 9112
F 9248 9180 9181
F 9180 9248 9247
F 8915 8983 8982
F 8983 8915 8916
F 8916 8915 8849
F 8915 8848 8849
F 9341 9407 9340
F 9341 9408 9407
F 9408 9341 9409
F 9409 9341 9342
F 9060 9128 9127
F 9128 9060 9061
F 9060 9127 9126
F 9059 9060 9126
F 8992 9060 9059
F 9060 8992 8993
F 8992 9058 8991
F 8992 9059 9058
F 8993 8992 8926
F 8992 8925 8926
F 8924 8992 8991
F 8925 8992 8924
F 9062 8995 9063
F 9063 8995 8996
F 8995 8929 8996
F 8995 8928 8929
F 10252 10303 10302
F 10303 10252 10253
F 10301 10252 10302
F 10252 10301 10251
F 10253 10252 10203
F 10252 10202 10203
F 10201 10252 10251
F 10202 10252 10201
F 9936 9935 9868
F 9869 9936 9868
F 9936 9869 9870
F 9936 9870 9937
F 9936 10002 9935
F 9936 10003 10002
F 10202 10136 10203
F 10136 10202 10135
F 10077 10076 10010
F 10076 10009 10010
F 10307 10308 10357
F 10308 10358 10357
F 10358 10308 10359
F 10308 10309 10359
F 10207 10257 10256
F 10206 10207 10256
F 8669 8737 8736
F 8737 8669 8670
F 9003 9070 9069
F 9002 9003 9069
F 8802 8868 8801
F 8869 8868 8802
F 9135 9203 9202
F 9203 9135 9136
F 8932 8865 8866
F 8933 8932 8866
F 8865 8932 8864
F 8932 8931 8864
F 8999 8932 9000
F 9000 8932 8933
F 8931 8932 8998
F 8932 8999 8998
F 9609 9541 9542
F 9609 9608 9541
F 9543 9609 9542
F 9610 9609 9543
F 9676 9609 9677
F 9609 9610 9677
F 9675 9609 9676
F 9609 9675 9608
F 9741 9675 9742
F 9674 9675 9741
F 9675 9674 9607
F 9608 9675 9607
F 9675 9743 9742
F 9675 9676 9743
F 9344 9343 9277
F 9277 9343 9276
F 8676 8608 8609
F 8676 8675 8608
F 8676 8610 8677
F 8610 8676 8609
F 8744 8676 8677
F 8743 8676 8744
F 8742 8676 8743
F 8676 8742 8675
F 8742 8808 8741
F 8808 8742 8809
F 8674 8742 8741
F 8675 8742 8674
F 8742 8743 8810
F 8742 8810 8809
F 9077 9010 9078
F 9010 9011 9078
F 8881 8949 8948
F 8949 8881 8882
F 9941 9873 9874
F 9873 9941 9940
F 10139 10207 10206
F 10207 10139 10140
F 10306 10255 10256
F 10255 10306 10305
F 10073 10074 10140
F 10140 10074 10141
F 10146 10079 10147
F 10079 10080 10147
F 10145 10079 10146
F 10079 10145 10078
F 10013 10079 10012
F 10079 10013 10080
F 10011 10079 10078
F 10012 10079 10011
F 9679 9747 9746
F 9747 9679 9680
F 9745 9679 9746
F 9678 9679 9745
F 10617 10616 10566
F 10617 10566 10567
F 10617 10568 10618
F 10568 10617 10567
F 10616 10617 10666
F 10617 10667 10666
F 10668 10617 10618
F 10667 10617 10668
F 10765 10766 10816
F 10815 10765 10816
F 10716 10765 10715
F 10765 10716 10766
F 10765 10815 10814
F 10764 10765 10814
F 10765 10714 10715
F 10765 10764 10714
F 10154 10087 10155
F 10087 10088 10155
F 10087 10153 10086
F 10153 10087 10154
F 10087 10021 10088
F 10087 10020 10021
F 10019 10087 10086
F 10020 10087 10019
F 10519 10568 10518
F 10568 10519 10569
F 10519 10518 10468
F 10469 10519 10468
F 9881 9948 9880
F 9948 9947 9880
F 9949 9948 9882
F 9948 9881 9882
F 9948 9949 10016
F 10015 9948 10016
F 10014 9948 10015
F 9948 10014 9947
F 10014 10015 10082
F 10014 10082 10081
F 9947 10014 9946
F 10014 10013 9946
F 10013 10014 10080
F 10080 10014 10081
F 12521 12453 12454
F 12453 12521 12520
F 12386 12453 12385
F 12453 12452 12385
F 12453 12519 12452
F 12519 12453 12520
F 12585 12519 12586
F 12518 12519 12585
F 12519 12587 12586
F 12519 12520 12587
F 12519 12518 12451
F 12452 12519 12451
F 12654 12588 12655
F 12587 12588 12654
F 12521 12588 12520
F 12520 12588 12587
F 12589 12521 12522
F 12589 12588 12521
F 12589 12656 12655
F 12588 12589 12655
F 12453 12387 12454
F 12387 12453 12386
F 12185 12253 12252
F 12253 12185 12186
F 12318 12251 12319
F 12319 12251 12252
F 12251 12184 12185
F 12251 12185 12252
F 11986 11919 11920
F 11986 11920 11987
F 11919 11986 11918
F 11986 11985 11918
F 11735 11667 11668
F 11735 11734 11667
F 11736 11735 11669
F 11669 11735 11668
F 11598 11532 11599
F 11598 11531 11532
F 11666 11598 11599
F 11598 11666 11665
F 11531 11598 11530
F 11598 11597 11530
F 11664 11598 11665
F 11597 11598 11664
F 12009 11943 12010
F 12009 11942 11943
F 11803 11735 11736
F 11735 11803 11802
F 11873 11939 11872
F 11939 11873 11940
F 12007 11939 11940
F 11939 12007 12006
F 12605 12606 12673
F 12672 12605 12673
F 12602 12670 12669
F 12670 12602 12603
F 12666 12600 12667
F 12600 12666 12599
F 12400 12399 12332
F 12400 12332 12333
F 12192 12260 12259
F 12260 12192 12193
F 12260 12326 12259
F 12326 12260 12327
F 12260 12261 12328
F 12260 12328 12327
F 12261 12260 12194
F 12194 12260 12193
F 12326 12393 12325
F 12393 12392 12325
F 12393 12460 12459
F 12392 12393 12459
F 12393 12326 12327
F 12394 12393 12327
F 12527 12461 12528
F 12461 12527 12460
F 12393 12461 12460
F 12461 12393 12394
F 12324 12390 12323
F 12391 12390 12324
F 12192 12126 12193
F 12126 12192 12125
F 11856 11922 11855
F 11922 11856 11923
F 11989 11922 11990
F 11922 11923 11990
F 12119 12185 12118
F 12185 12119 12186
F 11789 11721 11722
F 11721 11789 11788
F 11721 11655 11722
F 11721 11654 11655
F 12066 12000 12067
F 12000 12066 11999
F 11999 12066 11998
F 11998 12066 12065
F 12066 12133 12132
F 12066 12132 12065
F 12201 12267 12200
F 12267 12201 12268
F 12269 12337 12336
F 12337 12269 12270
F 12335 12269 12336
F 12269 12335 12268
F 12270 12269 12203
F 12269 12202 12203
F 12201 12269 12268
F 12269 12201 12202
F 12005 11939 12006
F 11939 12005 11938
F 11938 12005 11937
F 12005 12004 11937
F 12337 12271 12338
F 12271 12337 12270
F 12207 12273 12206
F 12273 12207 12274
F 12341 12273 12274
F 12340 12273 12341
F 11866 11867 11933
F 11933 11867 11934
F 12353 12421 12420
F 12354 12421 12353
F 12421 12487 12420
F 12487 12421 12488
F 12488 12421 12489
F 12421 12422 12489
F 12421 12355 12422
F 12355 12421 12354
F 12355 12289 12356
F 12289 12355 12288
F 12287 12355 12354
F 12355 12287 12288
F 12423 12355 12356
F 12422 12355 12423
F 11884 11950 11883
F 11950 11884 11951
F 11884 11816 11817
F 11884 11883 11816
F 11750 11818 11817
F 11751 11818 11750
F 11818 11884 11817
F 11884 11818 11885
F 12018 11952 12019
F 11952 12018 11951
F 11884 11952 11951
F 11952 11884 11885
F 11949 12016 12015
F 11948 11949 12015
F 12016 11949 12017
F 11949 11950 12017
F 12216 12215 12149
F 12215 12148 12149
F 12215 12216 12283
F 12282 12215 12283
F 12215 12282 12281
F 12214 12215 12281
F 12147 12215 12214
F 12215 12147 12148
F 12147 12146 12079
F 12080 12147 12079
F 12147 12080 12081
F 12148 12147 12081
F 12146 12147 12213
F 12147 12214 12213
F 12153 12087 12154
F 12087 12153 12086
F 12220 12153 12221
F 12221 12153 12154
F 12554 12553 12486
F 12487 12554 12486
F 12554 12488 12555
F 12554 12487 12488
F 12554 12621 12620
F 12554 12620 12553
F 12554 12555 12622
F 12621 12554 12622
F 11275 11276 11342
F 11276 11343 11342
F 11276 11277 11344
F 11343 11276 11344
F 11080 11031 11081
F 11080 11030 11031
F 11030 11080 11029
F 11080 11079 11029
F 11489 11488 11422
F 11488 11421 11422
F 11488 11420 11421
F 11488 11487 11420
F 11624 11623 11557
F 11623 11556 11557
F 11623 11624 11691
F 11690 11623 11691
F 11568 11634 11567
F 11635 11634 11568
F 11567 11634 11566
F 11634 11633 11566
F 11701 11634 11702
F 11634 11635 11702
F 11634 11700 11633
F 11634 11701 11700
F 11896 11963 11962
F 11895 11896 11962
F 11896 11895 11828
F 11829 11896 11828
F 11966 12032 11965
F 11966 12033 12032
F 12232 12164 12165
F 12231 12164 12232
F 12164 12098 12165
F 12164 12097 12098
F 12292 12226 12293
F 12226 12292 12225
F 12226 12294 12293
F 12294 12226 12227
F 12158 12226 12225
F 12159 12226 12158
F 12226 12159 12160
F 12226 12160 12227
F 12228 12160 12161
F 12160 12228 12227
F 12228 12161 12162
F 12229 12228 12162
F 12181 12115 12182
F 12115 12181 12114
F 12115 12114 12047
F 12048 12115 12047
F 12115 12116 12183
F 12182 12115 12183
F 12116 12115 12049
F 12115 12048 12049
F 11975 11907 11908
F 11975 11974 11907
F 12247 12179 12180
F 12246 12179 12247
F 12179 12112 12113
F 12180 12179 12113
F 12112 12179 12111
F 12179 12178 12111
F 12179 12245 12178
F 12245 12179 12246
F 12245 12311 12244
F 12311 12245 12312
F 12245 12246 12313
F 12245 12313 12312
F 12245 12244 12177
F 12178 12245 12177
F 12509 12577 12576
F 12577 12509 12510
F 12577 12510 12511
F 12578 12577 12511
F 12577 12578 12645
F 12644 12577 12645
F 12577 12644 12643
F 12577 12643 12576
F 12380 12379 12313
F 12313 12379 12312
F 12379 12380 12447
F 12446 12379 12447
F 12506 12438 12439
F 12438 12506 12505
F 12505 12506 12572
F 12506 12573 12572
F 12573 12506 12574
F 12506 12507 12574
F 12440 12506 12439
F 12507 12506 12440
F 12039 11972 11973
F 12040 12039 11973
F 11972 12039 11971
F 12039 12038 11971
F 12039 12040 12107
F 12106 12039 12107
F 12038 12039 12105
F 12039 12106 12105
F 12050 11983 12051
F 11983 11984 12051
F 11778 11712 11779
F 11712 11778 11711
F 11310 11311 11378
F 11310 11378 11377
F 11979 12046 12045
F 11978 11979 12045
F 11510 11511 11577
F 11511 11578 11577
F 11579 11511 11512
F 11511 11579 11578
F 11511 11510 11443
F 11444 11511 11443
F 11511 11445 11512
F 11511 11444 11445
F 7905 7971 7970
F 7971 7905 7906
F 8230 8296 8295
F 8296 8230 8231
F 11295 11227 11228
F 11295 11294 11227
F 11294 11295 11361
F 11295 11362 11361
F 11638 11637 11571
F 11637 11570 11571
F 11637 11705 11704
F 11705 11637 11638
F 11703 11637 11704
F 11636 11637 11703
F 11569 11637 11636
F 11637 11569 11570
F 11501 11569 11568
F 11569 11501 11502
F 11503 11569 11502
F 11570 11569 11503
F 11569 11636 11635
F 11569 11635 11568
F 11171 11237 11170
F 11237 11171 11238
F 11305 11237 11238
F 11304 11237 11305
F 11303 11237 11304
F 11237 11303 11236
F 11370 11303 11371
F 11303 11304 11371
F 11303 11370 11369
F 11302 11303 11369
F 11303 11302 11235
F 11303 11235 11236
F 11172 11239 11238
F 11171 11172 11238
F 11172 11240 11239
F 11240 11172 11173
F 11240 11308 11307
F 11308 11240 11241
F 11306 11240 11307
F 11239 11240 11306
F 11240 11174 11241
F 11240 11173 11174
F 7451 7517 7516
F 7517 7451 7452
F 7451 7516 7515
F 7450 7451 7515
F 7522 7521 7457
F 7521 7456 7457
F 7780 7714 7715
F 7714 7780 7779
F 7456 7520 7455
F 7521 7520 7456
F 7581 7517 7582
F 7517 7581 7516
F 7397 7462 7396
F 7462 7461 7396
F 7462 7527 7526
F 7461 7462 7526
F 8232 8296 8231
F 8296 8232 8297
F 8230 8166 8231
F 8166 8230 8165
F 8166 8100 8101
F 8100 8166 8165
F 8166 8232 8231
F 8232 8166 8167
F 10552 10501 10502
F 10551 10501 10552
F 10600 10550 10601
F 10550 10551 10601
F 10599 10550 10600
F 10550 10599 10549
F 10501 10550 10500
F 10550 10501 10551
F 10550 10549 10499
F 10500 10550 10499
F 5433 5497 5432
F 5497 5433 5498
F 5367 5433 5432
F 5433 5367 5368
F 5696 5632 5697
F 5632 5696 5631
F 5501 5567 5566
F 5567 5501 5502
F 5567 5632 5631
F 5566 5567 5631
F 10355 10354 10305
F 10305 10354 10304
F 10303 10354 10353
F 10354 10303 10304
F 10354 10355 10405
F 10404 10354 10405
F 10354 10403 10353
F 10354 10404 10403
F 10606 10605 10555
F 10556 10606 10555
F 10606 10557 10607
F 10606 10556 10557
F 10657 10606 10607
F 10656 10606 10657
F 10410 10411 10460
F 10411 10461 10460
F 10462 10411 10412
F 10461 10411 10462
F 10411 10410 10360
F 10361 10411 10360
F 10411 10362 10412
F 10411 10361 10362
F 10317 10366 10316
F 10366 10317 10367
F 259 248 249
F 259 258 248
F 5986 6051 5985
F 6051 6050 5985
F 5921 5986 5985
F 5920 5921 5985
F 5921 5922 5987
F 5986 5921 5987
F 6345 6292 6293
F 6345 6344 6292
F 5517 5451 5452
F 5451 5517 5516
F 5187 5253 5252
F 5253 5187 5188
F 5382 5448 5447
F 5448 5382 5383
F 5914 5978 5913
F 5978 5914 5979
F 5585 5521 5586
F 5521 5585 5520
F 5980 5916 5981
F 5916 5980 5915
F 5916 5915 5850
F 5851 5916 5850
F 5591 5655 5590
F 5655 5591 5656
F 6486 6487 6534
F 6533 6486 6534
F 6532 6486 6533
F 6486 6532 6485
F 6486 6438 6439
F 6438 6486 6485
F 5844 5778 5779
F 5778 5844 5843
F 6703 6747 6702
F 6747 6703 6748
F 6749 6704 6705
F 6749 6705 6750
F 6703 6749 6748
F 6749 6703 6704
F 6873 6939 6938
F 6939 6873 6874
F 6706 6751 6705
F 6705 6751 6750
F 6575 6620 6619
F 6620 6575 6576
F 6707 6751 6706
F 6751 6707 6752
F 6618 6617 6574
F 6617 6573 6574
F 6661 6617 6618
F 6617 6661 6660
F 6617 6572 6573
F 6572 6617 6616
F 4734 4800 4799
F 4800 4734 4735
F 4733 4734 4798
F 4798 4734 4799
F 4801 4736 4802
F 4736 4737 4802
F 4736 4800 4735
F 4736 4801 4800
F 10119 10187 10186
F 10187 10119 10120
F 10121 10187 10120
F 10188 10187 10121
F 4673 4607 4608
F 4607 4673 4672
F 4609 4608 4543
F 4544 4609 4543
F 4609 4673 4608
F 4673 4609 4674
F 4801 4865 4800
F 4865 4801 4866
F 4930 4865 4931
F 4931 4865 4866
F 5253 5317 5252
F 5317 5253 5318
F 5317 5251 5252
F 5251 5317 5316
F 5382 5317 5383
F 5317 5318 5383
F 4663 4727 4662
F 4727 4663 4728
F 5054 5120 5119
F 5120 5054 5055
F 4990 4926 4991
F 4926 4990 4925
F 4924 4990 4989
F 4925 4990 4924
F 5054 4990 5055
F 4990 5054 4989
F 5702 5636 5637
F 5636 5702 5701
F 4987 4921 4922
F 4921 4987 4986
F 4921 4986 4985
F 4921 4985 4920
F 4922 4857 4923
F 4857 4858 4923
F 4921 4857 4922
F 4857 4921 4856
F 4597 4661 4596
F 4661 4597 4662
F 4596 4661 4595
F 4595 4661 4660
F 4863 4797 4798
F 4863 4862 4797
F 4863 4928 4927
F 4862 4863 4927
F 4926 4860 4861
F 4860 4926 4925
F 8260 8194 8195
F 8194 8260 8259
F 8063 8062 7997
F 7998 8063 7997
F 7359 7425 7424
F 7425 7359 7360
F 7426 7425 7361
F 7361 7425 7360
F 7494 7428 7429
F 7428 7494 7493
F 7234 7298 7233
F 7234 7299 7298
F 7171 7237 7236
F 7237 7171 7172
F 7301 7237 7302
F 7237 7301 7236
F 7237 7303 7302
F 7237 7238 7303
F 7234 7300 7299
F 7300 7234 7235
F 7301 7300 7236
F 7236 7300 7235
F 7300 7301 7366
F 7300 7366 7365
F 6060 6124 6123
F 6124 6060 6061
F 5921 5857 5922
F 5857 5921 5856
F 5478 5412 5413
F 5412 5478 5477
F 5606 5542 5607
F 5542 5606 5541
F 5607 5542 5608
F 5608 5542 5543
F 5478 5542 5477
F 5542 5478 5543
F 4959 4960 5024
F 4960 5025 5024
F 5089 5023 5024
F 5023 5089 5088
F 5542 5476 5477
F 5476 5542 5541
F 5476 5412 5477
F 5412 5476 5411
F 5540 5476 5541
F 5476 5540 5475
F 5609 5608 5543
F 5544 5609 5543
F 5677 5613 5678
F 5613 5677 5612
F 5743 5677 5678
F 5742 5677 5743
F 5816 5752 5817
F 5752 5816 5751
F 5557 5621 5556
F 5621 5557 5622
F 5621 5555 5556
F 5555 5621 5620
F 5951 5950 5885
F 5886 5951 5885
F 6510 6464 6511
F 6464 6510 6463
F 5889 5890 5954
F 5954 5890 5955
F 5825 5890 5824
F 5890 5889 5824
F 6209 6210 6267
F 6266 6209 6267
F 6265 6207 6208
F 6207 6265 6264
F 6265 6316 6264
F 6316 6265 6317
F 6265 6209 6266
F 6209 6265 6208
F 6265 6318 6317
F 6265 6266 6318
F 6367 6316 6317
F 6316 6367 6366
F 6318 6367 6317
F 6367 6318 6368
F 6017 6081 6016
F 6082 6081 6017
F 6081 6082 6145
F 6144 6081 6145
F 6206 6207 6264
F 6263 6206 6264
F 6262 6206 6263
F 6206 6262 6205
F 6207 6206 6145
F 6206 6144 6145
F 5951 6015 5950
F 6015 5951 6016
F 5950 6015 5949
F 6015 6014 5949
F 6405 6357 6406
F 6357 6405 6356
F 6357 6306 6307
F 6357 6356 6306
F 6308 6357 6307
F 6358 6357 6308
F 6309 6358 6308
F 6358 6309 6359
F 6626 6671 6670
F 6671 6626 6627
F 6672 6671 6628
F 6628 6671 6627
F 6717 6672 6673
F 6717 6673 6718
F 6775 6717 6718
F 6717 6775 6774
F 6719 6775 6718
F 6776 6775 6719
F 7101 7165 7100
F 7165 7101 7166
F 7035 7101 7100
F 7101 7035 7036
F 7295 7296 7360
F 7296 7361 7360
F 7296 7295 7230
F 7231 7296 7230
F 7296 7232 7297
F 7296 7231 7232
F 7098 7164 7163
F 7098 7099 7164
F 7162 7098 7163
F 7097 7098 7162
F 7094 7160 7159
F 7160 7094 7095
F 7738 7802 7737
F 7802 7738 7803
F 5943 6007 5942
F 6007 5943 6008
F 5943 5944 6009
F 6008 5943 6009
F 6073 6007 6008
F 6007 6073 6072
F 6072 6073 6135
F 6073 6136 6135
F 6134 6195 6133
F 6195 6134 6196
F 6134 6070 6071
F 6070 6134 6133
F 6134 6072 6135
F 6134 6071 6072
F 5946 5880 5881
F 5880 5946 5945
F 5880 5816 5881
F 5816 5880 5815
F 5944 5880 5945
F 5879 5880 5944
F 5880 5814 5815
F 5814 5880 5879
F 6132 6069 6133
F 6069 6070 6133
F 6253 6254 6306
F 6253 6306 6305
F 6197 6134 6135
F 6134 6197 6196
F 6136 6197 6135
F 6197 6136 6198
F 6254 6197 6255
F 6197 6198 6255
F 6253 6197 6254
F 6197 6253 6196
F 6303 6354 6353
F 6354 6303 6304
F 6352 6303 6353
F 6302 6303 6352
F 6402 6352 6353
F 6402 6401 6352
F 6405 6355 6356
F 6355 6405 6404
F 6306 6355 6305
F 6356 6355 6306
F 6355 6354 6304
F 6355 6304 6305
F 6777 6776 6719
F 6720 6777 6719
F 6494 6447 6448
F 6495 6494 6448
F 6447 6494 6446
F 6494 6493 6446
F 6715 6771 6714
F 6771 6715 6772
F 6771 6772 6837
F 6836 6771 6837
F 6367 6415 6366
F 6415 6367 6416
F 6415 6416 6463
F 6462 6415 6463
F 6641 6597 6598
F 6597 6641 6640
F 6547 6548 6592
F 6547 6592 6591
F 6548 6547 6503
F 6547 6502 6503
F 6502 6547 6501
F 6547 6546 6501
F 6546 6500 6501
F 6500 6546 6545
F 6407 6357 6358
F 6357 6407 6406
F 6407 6359 6408
F 6407 6358 6359
F 6454 6407 6455
F 6455 6407 6408
F 6457 6504 6503
F 6456 6457 6503
F 7355 7354 7290
F 7354 7289 7290
F 7354 7355 7420
F 7419 7354 7420
F 7421 7355 7356
F 7355 7421 7420
F 7421 7356 7357
F 7422 7421 7357
F 7553 7488 7489
F 7554 7553 7489
F 7553 7487 7488
F 7553 7552 7487
F 8248 8314 8313
F 8314 8248 8249
F 8248 8313 8312
F 8247 8248 8312
F 8316 8380 8315
F 8380 8316 8381
F 8250 8316 8315
F 8316 8250 8251
F 8317 8316 8252
F 8316 8251 8252
F 8381 8316 8382
F 8316 8317 8382
F 7918 7852 7853
F 7852 7918 7917
F 7982 7918 7983
F 7918 7982 7917
F 8245 8309 8244
F 8309 8245 8310
F 8182 8248 8247
F 8248 8182 8183
F 8053 7989 8054
F 7989 8053 7988
F 7985 7986 8051
F 8050 7985 8051
F 8053 7987 7988
F 7987 8053 8052
F 7923 7987 7922
F 7987 7923 7988
F 7986 7987 8051
F 7987 8052 8051
F 12062 12129 12061
F 12129 12128 12061
F 11997 11931 11998
F 11931 11997 11930
F 11997 11996 11929
F 11930 11997 11929
F 11795 11728 11729
F 11796 11795 11729
F 11931 11863 11864
F 11863 11931 11930
F 11863 11797 11864
F 11863 11796 11797
F 12001 12000 11933
F 12001 11933 11934
F 11124 11056 11057
F 11056 11124 11123
F 11056 11006 11007
F 11057 11056 11007
F 11526 11458 11459
F 11458 11526 11525
F 11525 11526 11592
F 11526 11593 11592
F 11660 11594 11661
F 11660 11593 11594
F 8475 8540 8474
F 8540 8539 8474
F 11858 11790 11791
F 11790 11858 11857
F 11792 11858 11791
F 11858 11792 11859
F 11861 11928 11927
F 11860 11861 11927
F 11793 11861 11860
F 11861 11793 11794
F 11793 11860 11859
F 11792 11793 11859
F 11725 11793 11792
F 11793 11725 11726
F 11724 11725 11791
F 11725 11792 11791
F 11725 11724 11657
F 11658 11725 11657
F 11651 11584 11585
F 11652 11651 11585
F 7374 7440 7439
F 7440 7374 7375
F 7440 7504 7439
F 7504 7440 7505
F 7440 7506 7505
F 7506 7440 7441
F 7441 7440 7376
F 7376 7440 7375
F 7310 7374 7309
F 7374 7310 7375
F 7310 7311 7376
F 7310 7376 7375
F 7238 7239 7303
F 7303 7239 7304
F 7180 7179 7115
F 7115 7179 7114
F 7243 7179 7244
F 7178 7179 7243
F 7179 7113 7114
F 7113 7179 7178
F 7239 7175 7240
F 7175 7239 7174
F 7117 7051 7052
F 7051 7117 7116
F 7115 7051 7116
F 7050 7051 7115
F 7564 7500 7565
F 7500 7564 7499
F 7565 7500 7566
F 7500 7501 7566
F 8022 8088 8087
F 8088 8022 8023
F 8090 8156 8155
F 8156 8090 8091
F 7700 7764 7699
F 7700 7765 7764
F 8026 7961 7962
F 8027 8026 7962
F 7636 7637 7701
F 7701 7637 7702
F 8476 8410 8411
F 8410 8476 8475
F 8283 8347 8282
F 8347 8283 8348
F 8413 8347 8348
F 8347 8413 8412
F 8347 8412 8411
F 8346 8347 8411
F 8349 8283 8284
F 8283 8349 8348
F 8481 8546 8545
F 8481 8545 8480
F 8546 8481 8547
F 8481 8482 8547
F 8481 8416 8482
F 8482 8416 8417
F 8416 8481 8480
F 8415 8416 8480
F 8532 8466 8467
F 8466 8532 8531
F 8466 8402 8467
F 8466 8401 8402
F 6791 6733 6734
F 6733 6791 6790
F 6792 6791 6735
F 6791 6734 6735
F 6513 6559 6558
F 6559 6513 6514
F 6559 6602 6558
F 6602 6559 6603
F 6728 6784 6727
F 6784 6728 6785
F 6850 6784 6785
F 6784 6850 6849
F 6978 7044 7043
F 7044 6978 6979
F 7042 6978 7043
F 6978 7042 6977
F 6978 6913 6914
F 6979 6978 6914
F 6978 6977 6912
F 6913 6978 6912
F 6980 7044 6979
F 7044 6980 7045
F 7046 6982 7047
F 7046 6981 6982
F 6980 7046 7045
F 7046 6980 6981
F 6913 6847 6848
F 6847 6913 6912
F 6911 6847 6912
F 6847 6911 6846
F 6686 6685 6642
F 6685 6641 6642
F 6685 6731 6730
F 6731 6685 6686
F 6641 6685 6640
F 6685 6684 6640
F 6684 6685 6729
F 6729 6685 6730
F 8079 8080 8145
F 8079 8145 8144
F 8210 8209 8145
F 8145 8209 8144
F 8269 8203 8204
F 8203 8269 8268
F 8203 8202 8137
F 8138 8203 8137
F 8202 8203 8267
F 8203 8268 8267
F 7239 7173 7174
F 7173 7239 7238
F 7237 7173 7238
F 7173 7237 7172
F 7173 7108 7109
F 7173 7109 7174
F 7107 7173 7172
F 7108 7173 7107
F 7695 7630 7631
F 7696 7695 7631
F 7695 7694 7629
F 7630 7695 7629
F 7882 7817 7883
F 7817 7818 7883
F 7817 7752 7753
F 7818 7817 7753
F 7759 7823 7758
F 7823 7759 7824
F 7627 7563 7628
F 7563 7627 7562
F 7561 7627 7626
F 7627 7561 7562
F 8216 8152 8217
F 8216 8151 8152
F 8342 8408 8407
F 8408 8342 8343
F 8900 8899 8833
F 8899 8832 8833
F 8967 8899 8900
F 8899 8967 8966
F 8832 8899 8831
F 8899 8898 8831
F 8899 8966 8965
F 8898 8899 8965
F 9294 9226 9227
F 9294 9293 9226
F 9228 9294 9227
F 9294 9228 9295
F 9294 9360 9293
F 9294 9361 9360
F 9294 9295 9362
F 9361 9294 9362
F 9698 9764 9697
F 9764 9698 9765
F 9698 9766 9765
F 9766 9698 9699
F 9699 9698 9632
F 9698 9631 9632
F 9897 9831 9898
F 9830 9831 9897
F 9831 9830 9763
F 9764 9831 9763
F 9695 9629 9696
F 9628 9629 9695
F 9692 9693 9759
F 9693 9760 9759
F 9693 9625 9626
F 9693 9692 9625
F 9760 9693 9761
F 9693 9694 9761
F 9627 9693 9626
F 9694 9693 9627
F 9424 9492 9491
F 9425 9492 9424
F 9558 9492 9559
F 9492 9558 9491
F 9426 9492 9425
F 9493 9492 9426
F 9559 9492 9560
F 9492 9493 9560
F 9239 9173 9240
F 9173 9239 9172
F 9239 9238 9171
F 9239 9171 9172
F 9105 9173 9172
F 9173 9105 9106
F 9039 9105 9038
F 9105 9039 9106
F 9104 9105 9171
F 9171 9105 9172
F 9105 9037 9038
F 9105 9104 9037
F 9374 9442 9441
F 9442 9374 9375
F 9374 9441 9440
F 9373 9374 9440
F 8972 8905 8906
F 8973 8972 8906
F 8972 8904 8905
F 8972 8971 8904
F 8971 8972 9038
F 8972 9039 9038
F 8896 8963 8962
F 8895 8896 8962
F 8896 8964 8963
F 8964 8896 8897
F 8828 8896 8895
F 8829 8896 8828
F 8897 8896 8830
F 8896 8829 8830
F 10827 10828 10878
F 10877 10827 10878
F 10827 10778 10828
F 10827 10777 10778
F 10777 10827 10776
F 10827 10826 10776
F 10827 10876 10826
F 10876 10827 10877
F 10876 10925 10875
F 10925 10876 10926
F 10926 10876 10927
F 10876 10877 10927
F 10825 10876 10875
F 10826 10876 10825
F 10489 10540 10539
F 10540 10489 10490
F 10540 10491 10541
F 10491 10540 10490
F 10540 10589 10539
F 10540 10590 10589
F 10591 10540 10541
F 10590 10540 10591
F 11087 11088 11155
F 11154 11087 11155
F 11153 11087 11154
F 11086 11087 11153
F 11032 11033 11082
F 11033 11083 11082
F 10982 11033 11032
F 11033 10982 10983
F 11033 11084 11083
F 11033 11034 11084
F 10984 11033 10983
F 11034 11033 10984
F 10988 10989 11039
F 11038 10988 11039
F 10988 10987 10937
F 10938 10988 10937
F 10989 10988 10939
F 10988 10938 10939
F 10241 10174 10242
F 10174 10175 10242
F 10107 10174 10106
F 10174 10173 10106
F 10174 10240 10173
F 10240 10174 10241
F 10240 10289 10239
F 10240 10290 10289
F 10290 10240 10291
F 10240 10241 10291
F 10172 10240 10239
F 10173 10240 10172
F 10496 10545 10495
F 10545 10496 10546
F 10643 10692 10642
F 10692 10643 10693
F 5703 5702 5637
F 5703 5637 5638
F 5769 5705 5770
F 5705 5769 5704
F 7768 7704 7769
F 7704 7768 7703
F 7770 7704 7705
F 7704 7770 7769
F 7443 7378 7444
F 7378 7379 7444
F 6747 6701 6702
F 6701 6747 6746
F 6605 6649 6648
F 6649 6605 6606
F 6647 6605 6648
F 6605 6647 6604
F 6652 6695 6651
F 6695 6652 6696
F 6572 6526 6527
F 6526 6572 6571
F 4838 4902 4837
F 4902 4838 4903
F 4710 4644 4645
F 4644 4710 4709
F 4644 4579 4580
F 4645 4644 4580
F 4643 4644 4708
F 4644 4709 4708
F 4644 4643 4578
F 4644 4578 4579
F 10062 9996 10063
F 10062 9995 9996
F 10062 10063 10130
F 10129 10062 10130
F 10062 10061 9994
F 9995 10062 9994
F 10062 10129 10128
F 10061 10062 10128
F 4910 4846 4911
F 4846 4910 4845
F 4846 4780 4781
F 4780 4846 4845
F 4782 4846 4781
F 4846 4782 4847
F 4586 4650 4585
F 4650 4586 4651
F 4780 4716 4781
F 4716 4780 4715
F 4650 4716 4715
F 4716 4650 4651
F 10199 10250 10249
F 10250 10199 10200
F 10132 10199 10131
F 10199 10198 10131
F 10200 10199 10133
F 10199 10132 10133
F 4649 4648 4584
F 4584 4648 4583
F 4648 4649 4714
F 4713 4648 4714
F 4646 4710 4645
F 4710 4646 4711
F 4646 4645 4580
F 4581 4646 4580
F 4910 4909 4845
F 4845 4909 4844
F 4779 4713 4714
F 4779 4778 4713
F 4779 4845 4844
F 4779 4780 4845
F 4715 4779 4714
F 4780 4779 4715
F 4779 4843 4778
F 4843 4779 4844
F 5476 5410 5411
F 5410 5476 5475
F 5410 5346 5411
F 5346 5410 5345
F 9999 10065 9998
F 9999 10066 10065
F 9999 9931 9932
F 9931 9999 9998
F 9933 9999 9932
F 10000 9999 9933
F 10067 9999 10000
F 9999 10067 10066
F 10134 10067 10135
F 10067 10068 10135
F 10067 10134 10133
F 10066 10067 10133
F 10067 10000 10001
F 10068 10067 10001
F 5689 5755 5754
F 5755 5689 5690
F 5625 5689 5624
F 5689 5625 5690
F 5690 5625 5691
F 5625 5626 5691
F 5174 5173 5109
F 5173 5108 5109
F 5236 5300 5235
F 5300 5236 5301
F 5236 5170 5171
F 5170 5236 5235
F 5982 5983 6047
F 5983 6048 6047
F 5855 5921 5920
F 5921 5855 5856
F 9996 9930 9997
F 9929 9930 9996
F 9930 9998 9997
F 9930 9931 9998
F 9930 9864 9931
F 9930 9863 9864
F 9866 9798 9799
F 9798 9866 9865
F 9798 9732 9799
F 9798 9731 9732
F 9597 9665 9664
F 9665 9597 9598
F 9596 9597 9663
F 9663 9597 9664
F 9782 9716 9783
F 9715 9716 9782
F 9716 9717 9784
F 9783 9716 9784
F 9716 9715 9648
F 9649 9716 9648
F 9716 9650 9717
F 9716 9649 9650
F 9516 9582 9515
F 9582 9516 9583
F 9582 9514 9515
F 9514 9582 9581
F 9582 9583 9650
F 9649 9582 9650
F 9582 9648 9581
F 9582 9649 9648
F 9525 9457 9458
F 9524 9457 9525
F 9452 9386 9453
F 9386 9452 9385
F 9452 9520 9519
F 9520 9452 9453
F 9452 9384 9385
F 9452 9451 9384
F 9452 9519 9518
F 9451 9452 9518
F 9580 9513 9581
F 9513 9514 9581
F 9514 9513 9447
F 9513 9446 9447
F 9445 9377 9378
F 9377 9445 9444
F 9513 9445 9446
F 9445 9513 9512
F 9445 9511 9444
F 9511 9445 9512
F 9446 9445 9379
F 9445 9378 9379
F 9244 9310 9243
F 9310 9244 9311
F 9377 9310 9378
F 9378 9310 9311
F 9592 9525 9526
F 9593 9592 9526
F 9794 9860 9793
F 9860 9794 9861
F 9930 9862 9863
F 9862 9930 9929
F 9862 9929 9928
F 9861 9862 9928
F 9863 9862 9796
F 9862 9795 9796
F 9862 9794 9795
F 9794 9862 9861
F 9513 9579 9512
F 9579 9513 9580
F 9511 9579 9578
F 9579 9511 9512
F 9579 9645 9578
F 9579 9646 9645
F 9579 9580 9647
F 9646 9579 9647
F 9995 9927 9928
F 9927 9995 9994
F 9927 9860 9861
F 9927 9861 9928
F 9986 9987 10054
F 10053 9986 10054
F 9920 9986 9919
F 9986 9920 9987
F 9919 9986 9918
F 9986 9985 9918
F 9986 10052 9985
F 10052 9986 10053
F 10052 10118 10051
F 10118 10052 10119
F 10052 10053 10120
F 10119 10052 10120
F 9984 10052 10051
F 9985 10052 9984
F 10174 10108 10175
F 10108 10174 10107
F 10040 10108 10107
F 10041 10108 10040
F 10112 10113 10180
F 10179 10112 10180
F 10111 10112 10178
F 10112 10179 10178
F 10112 10111 10044
F 10045 10112 10044
F 10046 10112 10045
F 10112 10046 10113
F 10047 10046 9980
F 10046 9979 9980
F 10046 10047 10114
F 10113 10046 10114
F 10046 9978 9979
F 10046 10045 9978
F 10230 10164 10231
F 10164 10230 10163
F 10232 10164 10165
F 10164 10232 10231
F 10164 10163 10096
F 10097 10164 10096
F 10164 10098 10165
F 10164 10097 10098
F 10030 9962 9963
F 10030 10029 9962
F 9964 10030 9963
F 10030 9964 10031
F 10030 10097 10096
F 10029 10030 10096
F 10098 10030 10031
F 10097 10030 10098
F 10162 10230 10229
F 10230 10162 10163
F 10162 10228 10161
F 10228 10162 10229
F 10163 10162 10096
F 10162 10095 10096
F 10162 10161 10094
F 10095 10162 10094
F 10028 9961 9962
F 10029 10028 9962
F 9961 10028 9960
F 10028 10027 9960
F 10095 10028 10096
F 10028 10029 10096
F 10027 10028 10094
F 10028 10095 10094
F 10475 10525 10524
F 10474 10475 10524
F 10525 10475 10526
F 10475 10476 10526
F 10424 10475 10474
F 10425 10475 10424
F 10476 10475 10426
F 10475 10425 10426
F 10384 10334 10385
F 10334 10335 10385
F 11068 11067 11017
F 11018 11068 11017
F 11068 11018 11019
F 11069 11068 11019
F 11068 11069 11136
F 11135 11068 11136
F 11134 11068 11135
F 11068 11134 11067
F 11200 11134 11201
F 11133 11134 11200
F 11066 11134 11133
F 11067 11134 11066
F 11134 11202 11201
F 11134 11135 11202
F 10756 10806 10805
F 10755 10756 10805
F 10806 10756 10807
F 10756 10757 10807
F 10757 10756 10707
F 10756 10706 10707
F 10705 10755 10754
F 10704 10705 10754
F 10705 10756 10755
F 10756 10705 10706
F 11327 11259 11260
F 11259 11327 11326
F 11325 11259 11326
F 11258 11259 11325
F 11014 11015 11065
F 11064 11014 11065
F 11015 11014 10965
F 11014 10964 10965
F 11014 11064 11063
F 11013 11014 11063
F 10964 11014 10963
F 11014 11013 10963
F 9110 9109 9043
F 9109 9042 9043
F 9042 9109 9041
F 9109 9108 9041
F 8972 9040 9039
F 9040 8972 8973
F 8974 9040 8973
F 9040 8974 9041
F 9040 9107 9106
F 9039 9040 9106
F 9107 9040 9108
F 9108 9040 9041
F 8921 8922 8989
F 8921 8989 8988
F 8922 8921 8855
F 8921 8854 8855
F 8792 8793 8860
F 8859 8792 8860
F 8726 8792 8725
F 8792 8726 8793
F 8725 8792 8724
F 8792 8791 8724
F 8792 8858 8791
F 8858 8792 8859
F 8858 8924 8857
F 8858 8925 8924
F 8925 8858 8926
F 8858 8859 8926
F 8790 8858 8857
F 8791 8858 8790
F 9378 9312 9379
F 9312 9378 9311
F 9312 9380 9379
F 9312 9313 9380
F 9180 9246 9179
F 9246 9180 9247
F 9314 9246 9247
F 9313 9246 9314
F 9249 9250 9317
F 9316 9249 9317
F 9249 9182 9183
F 9250 9249 9183
F 9249 9181 9182
F 9249 9248 9181
F 9384 9383 9317
F 9383 9316 9317
F 9383 9451 9450
F 9451 9383 9384
F 9449 9383 9450
F 9382 9383 9449
F 9249 9315 9248
F 9315 9249 9316
F 9315 9383 9382
F 9383 9315 9316
F 9248 9315 9247
F 9315 9314 9247
F 9315 9381 9314
F 9381 9315 9382
F 9381 9313 9314
F 9313 9381 9380
F 9380 9381 9447
F 9381 9448 9447
F 9448 9381 9449
F 9381 9382 9449
F 8914 8913 8846
F 8847 8914 8846
F 8914 8980 8913
F 8914 8981 8980
F 8914 8847 8848
F 8915 8914 8848
F 8981 8914 8982
F 8914 8915 8982
F 9343 9275 9276
F 9275 9343 9342
F 9210 9209 9143
F 9209 9142 9143
F 9209 9210 9277
F 9209 9277 9276
F 9275 9209 9276
F 9209 9275 9208
F 9339 9273 9340
F 9273 9339 9272
F 9138 9205 9204
F 9138 9204 9137
F 9070 9138 9137
F 9138 9070 9071
F 9138 9072 9139
F 9072 9138 9071
F 9144 9076 9077
F 9076 9144 9143
F 9076 9010 9077
F 9010 9076 9009
F 9075 9076 9142
F 9142 9076 9143
F 9060 8994 9061
F 8994 9060 8993
F 8994 9062 9061
F 8994 8995 9062
F 10211 10143 10144
F 10210 10143 10211
F 10143 10077 10144
F 10143 10076 10077
F 10208 10140 10141
F 10208 10207 10140
F 8804 8872 8871
F 8804 8805 8872
F 8803 8804 8870
F 8804 8871 8870
F 8804 8803 8736
F 8737 8804 8736
F 8738 8804 8737
F 8804 8738 8805
F 8672 8738 8671
F 8738 8672 8739
F 8806 8738 8739
F 8805 8738 8806
F 8738 8670 8671
F 8738 8737 8670
F 9005 9004 8938
F 9004 8937 8938
F 9004 9072 9071
F 9072 9004 9005
F 8937 9004 8936
F 9004 9003 8936
F 9003 9004 9070
F 9070 9004 9071
F 8867 8866 8799
F 8800 8867 8799
F 8867 8800 8801
F 8868 8867 8801
F 9066 9134 9133
F 9067 9134 9066
F 9200 9134 9201
F 9134 9200 9133
F 9201 9134 9202
F 9134 9135 9202
F 9134 9068 9135
F 9068 9134 9067
F 9068 9002 9069
F 9002 9068 9001
F 9068 9067 9000
F 9068 9000 9001
F 9136 9068 9069
F 9135 9068 9136
F 9409 9410 9476
F 9410 9477 9476
F 9410 9409 9342
F 9343 9410 9342
F 8876 8943 8875
F 8943 8942 8875
F 8877 8943 8876
F 8943 8877 8944
F 8943 9010 9009
F 8942 8943 9009
F 9011 8943 8944
F 9010 8943 9011
F 8814 8813 8746
F 8747 8814 8746
F 8815 8814 8748
F 8814 8747 8748
F 8814 8815 8882
F 8881 8814 8882
F 8880 8814 8881
F 8814 8880 8813
F 8946 8880 8947
F 8880 8946 8879
F 8812 8880 8879
F 8813 8880 8812
F 8947 8880 8948
F 8880 8881 8948
F 9739 9806 9738
F 9806 9805 9738
F 9806 9740 9807
F 9806 9739 9740
F 9874 9806 9807
F 9873 9806 9874
F 9872 9806 9873
F 9806 9872 9805
F 9804 9872 9871
F 9805 9872 9804
F 9872 9873 9940
F 9939 9872 9940
F 10254 10303 10253
F 10303 10254 10304
F 10254 10255 10305
F 10254 10305 10304
F 9936 10004 10003
F 10004 9936 9937
F 9938 9872 9939
F 9872 9938 9871
F 9938 9870 9871
F 9870 9938 9937
F 9938 9939 10006
F 10005 9938 10006
F 9938 10004 9937
F 10004 9938 10005
F 10009 10075 10008
F 10076 10075 10009
F 9939 10007 10006
F 10007 9939 9940
F 10007 9941 10008
F 9941 10007 9940
F 10007 10074 10073
F 10007 10073 10006
F 10075 10007 10008
F 10007 10075 10074
F 9612 9546 9613
F 9546 9612 9545
F 9612 9613 9680
F 9679 9612 9680
F 10570 10520 10571
F 10520 10521 10571
F 10520 10570 10569
F 10519 10520 10569
F 12590 12591 12658
F 12657 12590 12658
F 12590 12524 12591
F 12524 12590 12523
F 12590 12657 12656
F 12589 12590 12656
F 12590 12522 12523
F 12590 12589 12522
F 12388 12456 12455
F 12388 12389 12456
F 12454 12388 12455
F 12387 12388 12454
F 12320 12388 12387
F 12388 12320 12321
F 12320 12386 12319
F 12320 12387 12386
F 12253 12320 12252
F 12320 12319 12252
F 12320 12254 12321
F 12254 12320 12253
F 12322 12388 12321
F 12388 12322 12389
F 12390 12322 12323
F 12322 12390 12389
F 12254 12322 12321
F 12322 12254 12255
F 12322 12256 12323
F 12322 12255 12256
F 12250 12249 12182
F 12250 12182 12183
F 12316 12250 12317
F 12249 12250 12316
F 12184 12250 12183
F 12251 12250 12184
F 12250 12318 12317
F 12250 12251 12318
F 12142 12076 12143
F 12075 12076 12142
F 12143 12076 12144
F 12076 12077 12144
F 12077 12076 12010
F 12076 12009 12010
F 12076 12008 12009
F 12008 12076 12075
F 11941 12008 11940
F 12008 12007 11940
F 12008 12075 12074
F 12007 12008 12074
F 12008 11941 11942
F 12009 12008 11942
F 11939 11871 11872
F 11871 11939 11938
F 12004 12003 11937
F 12003 11936 11937
F 12202 12136 12203
F 12136 12202 12135
F 12471 12538 12470
F 12538 12537 12470
F 12538 12472 12539
F 12538 12471 12472
F 12606 12538 12539
F 12605 12538 12606
F 12604 12538 12605
F 12538 12604 12537
F 12670 12604 12671
F 12604 12670 12603
F 12537 12604 12536
F 12536 12604 12603
F 12671 12604 12672
F 12604 12605 12672
F 12602 12535 12603
F 12535 12536 12603
F 12601 12535 12602
F 12535 12601 12534
F 12601 12669 12668
F 12601 12602 12669
F 12601 12668 12667
F 12600 12601 12667
F 12533 12601 12600
F 12601 12533 12534
F 12466 12533 12465
F 12465 12533 12532
F 12532 12533 12599
F 12533 12600 12599
F 12463 12462 12396
F 12462 12395 12396
F 12529 12462 12530
F 12462 12463 12530
F 12462 12394 12395
F 12462 12461 12394
F 12462 12529 12528
F 12461 12462 12528
F 12456 12457 12523
F 12457 12524 12523
F 12389 12457 12456
F 12390 12457 12389
F 12127 12060 12061
F 12128 12127 12061
F 12194 12127 12195
F 12127 12128 12195
F 12127 12194 12193
F 12126 12127 12193
F 12054 11988 12055
F 11988 12054 11987
F 11991 12057 11990
F 12057 11991 12058
F 11984 12052 12051
F 12052 11984 11985
F 12051 12052 12118
F 12052 12119 12118
F 11653 11720 11652
F 11652 11720 11719
F 11786 11720 11787
F 11720 11786 11719
F 11654 11720 11653
F 11721 11720 11654
F 11787 11720 11788
F 11720 11721 11788
F 12134 12066 12067
F 12066 12134 12133
F 12133 12134 12200
F 12134 12201 12200
F 12202 12134 12135
F 12201 12134 12202
F 12272 12339 12338
F 12271 12272 12338
F 12273 12272 12206
F 12272 12205 12206
F 12272 12340 12339
F 12272 12273 12340
F 11732 11800 11799
F 11800 11732 11733
F 11800 11866 11799
F 11800 11867 11866
F 11935 12001 11934
F 12001 11935 12002
F 12003 11935 11936
F 11935 12003 12002
F 11887 11819 11820
F 11819 11887 11886
F 11819 11753 11820
F 11819 11752 11753
F 11818 11819 11885
F 11885 11819 11886
F 11819 11751 11752
F 11819 11818 11751
F 11953 11887 11954
F 11887 11953 11886
F 12020 11953 12021
F 11953 11954 12021
F 11953 11885 11886
F 11953 11952 11885
F 11953 12020 12019
F 11952 11953 12019
F 11816 11882 11815
F 11883 11882 11816
F 11814 11882 11881
F 11882 11814 11815
F 11950 11882 11883
F 11949 11882 11950
F 11882 11948 11881
F 11882 11949 11948
F 12152 12151 12084
F 12152 12084 12085
F 12086 12152 12085
F 12153 12152 12086
F 11143 11209 11142
F 11210 11209 11143
F 11142 11209 11141
F 11209 11208 11141
F 11209 11210 11277
F 11276 11209 11277
F 11209 11275 11208
F 11209 11276 11275
F 11283 11284 11351
F 11350 11283 11351
F 11147 11214 11213
F 11146 11147 11213
F 11215 11147 11148
F 11147 11215 11214
F 11079 11147 11146
F 11080 11147 11079
F 11148 11147 11081
F 11147 11080 11081
F 11555 11489 11556
F 11555 11488 11489
F 11755 11823 11822
F 11755 11756 11823
F 11754 11755 11821
F 11821 11755 11822
F 11964 11897 11965
F 11897 11898 11965
F 11897 11964 11963
F 11896 11897 11963
F 11899 11832 11833
F 11900 11899 11833
F 11832 11899 11831
F 11899 11898 11831
F 11899 11966 11965
F 11898 11899 11965
F 11899 11967 11966
F 11967 11899 11900
F 12035 11967 11968
F 11967 12035 12034
F 11968 11967 11901
F 11967 11900 11901
F 12033 11967 12034
F 11966 11967 12033
F 12095 12163 12162
F 12096 12163 12095
F 12229 12163 12230
F 12163 12229 12162
F 12097 12163 12096
F 12164 12163 12097
F 12163 12231 12230
F 12163 12164 12231
F 12362 12295 12363
F 12295 12296 12363
F 12295 12361 12294
F 12361 12295 12362
F 12296 12295 12229
F 12295 12228 12229
F 12295 12294 12227
F 12228 12295 12227
F 11976 11909 11910
F 11977 11976 11910
F 11909 11976 11908
F 11976 11975 11908
F 12041 12042 12108
F 12042 12109 12108
F 11974 12042 12041
F 11975 12042 11974
F 12378 12310 12311
F 12310 12378 12377
F 12378 12311 12312
F 12379 12378 12312
F 11915 11847 11848
F 11915 11914 11847
F 11647 11646 11580
F 11646 11579 11580
F 11242 11309 11241
F 11309 11308 11241
F 11375 11309 11376
F 11308 11309 11375
F 11376 11309 11377
F 11309 11310 11377
F 11309 11243 11310
F 11243 11309 11242
F 11243 11177 11244
F 11177 11243 11176
F 11243 11242 11175
F 11243 11175 11176
F 11311 11243 11244
F 11310 11243 11311
F 11980 12048 12047
F 11980 11981 12048
F 12046 11980 12047
F 11979 11980 12046
F 7971 8035 7970
F 8035 7971 8036
F 8100 8035 8101
F 8035 8036 8101
F 8359 8360 8424
F 8424 8360 8425
F 8294 8230 8295
F 8230 8294 8229
F 8294 8360 8359
F 8360 8294 8295
F 8294 8228 8229
F 8228 8294 8293
F 8164 8100 8165
F 8100 8164 8099
F 8164 8230 8229
F 8230 8164 8165
F 8228 8164 8229
F 8164 8228 8163
F 11097 11096 11046
F 11097 11046 11047
F 11096 11097 11163
F 11097 11164 11163
F 11296 11297 11364
F 11363 11296 11364
F 11296 11230 11297
F 11230 11296 11229
F 11362 11296 11363
F 11295 11296 11362
F 11296 11228 11229
F 11296 11295 11228
F 11167 11233 11166
F 11167 11234 11233
F 11234 11167 11235
F 11167 11168 11235
F 11237 11169 11170
F 11169 11237 11236
F 11235 11169 11236
F 11168 11169 11235
F 8064 8063 7998
F 8064 7998 7999
F 8326 8325 8261
F 8325 8260 8261
F 8510 8444 8445
F 8510 8509 8444
F 8380 8446 8445
F 8446 8380 8381
F 8446 8510 8445
F 8510 8446 8511
F 8256 8320 8255
F 8320 8256 8321
F 8256 8322 8321
F 8322 8256 8257
F 7899 7833 7834
F 7833 7899 7898
F 7833 7768 7769
F 7833 7769 7834
F 7777 7713 7778
F 7713 7777 7712
F 7713 7714 7779
F 7778 7713 7779
F 7518 7517 7452
F 7453 7518 7452
F 7972 7971 7906
F 7972 7906 7907
F 7971 7972 8036
F 7972 8037 8036
F 8102 8166 8101
F 8166 8102 8167
F 8036 8102 8101
F 8037 8102 8036
F 7842 7777 7778
F 7843 7842 7778
F 7385 7384 7319
F 7385 7319 7320
F 7385 7449 7384
F 7449 7385 7450
F 7642 7706 7641
F 7706 7642 7707
F 7516 7580 7515
F 7581 7580 7516
F 7579 7643 7578
F 7643 7579 7644
F 7642 7643 7707
F 7643 7708 7707
F 7708 7773 7707
F 7773 7772 7707
F 7067 7131 7066
F 7131 7067 7132
F 7067 7066 7001
F 7002 7067 7001
F 6937 7002 7001
F 6936 6937 7001
F 7386 7451 7450
F 7385 7386 7450
F 6804 6747 6748
F 6804 6748 6805
F 6747 6804 6746
F 6804 6803 6746
F 6486 6440 6487
F 6440 6486 6439
F 7458 7522 7457
F 7522 7458 7523
F 7523 7458 7524
F 7458 7459 7524
F 7460 7525 7459
F 7459 7525 7524
F 7525 7461 7526
F 7525 7460 7461
F 6809 6751 6752
F 6751 6809 6808
F 6873 6809 6874
F 6809 6873 6808
F 8233 8232 8167
F 8168 8233 8167
F 8045 8111 8110
F 8111 8045 8046
F 7593 7657 7592
F 7658 7657 7593
F 7789 7723 7724
F 7723 7789 7788
F 7723 7657 7658
F 7657 7723 7722
F 7659 7723 7658
F 7723 7659 7724
F 7659 7660 7725
F 7724 7659 7725
F 7660 7659 7595
F 7659 7594 7595
F 7594 7659 7593
F 7659 7658 7593
F 7913 7849 7914
F 7913 7848 7849
F 7723 7787 7722
F 7787 7723 7788
F 7721 7787 7786
F 7787 7721 7722
F 7852 7787 7853
F 7853 7787 7788
F 7726 7790 7725
F 7790 7726 7791
F 7790 7789 7724
F 7790 7724 7725
F 7854 7918 7853
F 7918 7854 7919
F 7789 7854 7788
F 7854 7853 7788
F 7851 7787 7852
F 7787 7851 7786
F 7851 7852 7917
F 7916 7851 7917
F 7915 7851 7916
F 7851 7915 7850
F 7849 7915 7914
F 7850 7915 7849
F 10450 10500 10499
F 10449 10450 10499
F 10400 10450 10399
F 10399 10450 10449
F 5562 5497 5498
F 5562 5498 5563
F 5236 5302 5301
F 5302 5236 5237
F 5367 5302 5368
F 5368 5302 5303
F 5630 5696 5695
F 5696 5630 5631
F 5630 5566 5631
F 5630 5565 5566
F 5433 5499 5498
F 5499 5433 5434
F 5498 5499 5563
F 5499 5564 5563
F 10267 10217 10218
F 10268 10267 10218
F 10267 10216 10217
F 10216 10267 10266
F 10267 10316 10266
F 10267 10317 10316
F 10267 10318 10317
F 10318 10267 10268
F 10369 10318 10319
F 10318 10369 10368
F 10319 10318 10269
F 10318 10268 10269
F 10367 10318 10368
F 10317 10318 10367
F 260 269 259
F 269 260 270
F 239 230 240
F 230 239 229
F 219 230 229
F 230 219 220
F 223 232 222
F 232 223 233
F 6052 6051 5986
F 6052 5986 5987
F 5860 5926 5925
F 5926 5860 5861
F 323 311 324
F 311 323 310
F 323 324 336
F 335 323 336
F 358 357 344
F 357 343 344
F 6290 6341 6289
F 6341 6290 6342
F 6344 6343 6292
F 6343 6291 6292
F 6290 6343 6342
F 6343 6290 6291
F 6394 6343 6344
F 6343 6394 6393
F 6343 6392 6342
F 6343 6393 6392
F 6292 6234 6235
F 6291 6234 6292
F 5451 5387 5452
F 5387 5451 5386
F 5581 5515 5516
F 5515 5581 5580
F 5253 5319 5318
F 5319 5253 5254
F 5450 5451 5516
F 5515 5450 5516
F 5450 5514 5449
F 5514 5450 5515
F 5451 5450 5386
F 5450 5385 5386
F 5311 5377 5376
F 5377 5311 5312
F 5313 5247 5248
F 5247 5313 5312
F 5311 5247 5312
F 5247 5311 5246
F 5179 5113 5114
F 5113 5179 5178
F 5184 5118 5119
F 5118 5184 5183
F 5120 5184 5119
F 5184 5120 5185
F 5184 5248 5183
F 5184 5249 5248
F 5637 5573 5638
F 5573 5637 5572
F 5639 5703 5638
F 5703 5639 5704
F 5639 5705 5704
F 5705 5639 5640
F 5639 5573 5574
F 5573 5639 5638
F 5579 5515 5580
F 5579 5514 5515
F 5581 5645 5580
F 5645 5581 5646
F 5710 5645 5711
F 5645 5646 5711
F 5645 5579 5580
F 5579 5645 5644
F 5775 5710 5711
F 5776 5775 5711
F 5847 5911 5846
F 5911 5847 5912
F 5973 6039 6038
F 6039 5973 5974
F 6109 6043 6044
F 6043 6109 6108
F 6044 6043 5979
F 6043 5978 5979
F 5978 5977 5913
F 5913 5977 5912
F 5716 5652 5717
F 5652 5716 5651
F 5586 5652 5651
F 5587 5652 5586
F 5650 5585 5586
F 5650 5586 5651
F 5328 5392 5327
F 5392 5328 5393
F 5917 5983 5982
F 5983 5917 5918
F 5917 5851 5852
F 5917 5916 5851
F 5917 5982 5981
F 5916 5917 5981
F 5847 5848 5912
F 5848 5913 5912
F 5783 5848 5847
F 5783 5847 5782
F 5655 5654 5590
F 5654 5589 5590
F 5780 5844 5779
F 5844 5780 5845
F 5664 5600 5665
F 5600 5664 5599
F 5786 5851 5850
F 5786 5850 5785
F 5593 5529 5594
F 5529 5593 5528
F 5531 5595 5530
F 5595 5531 5596
F 5529 5595 5594
F 5595 5529 5530
F 6532 6531 6485
F 6485 6531 6484
F 5646 5712 5711
F 5712 5646 5647
F 5777 5776 5711
F 5712 5777 5711
F 6659 6617 6660
F 6617 6659 6616
F 6704 6659 6660
F 6703 6659 6704
F 6619 6663 6662
F 6620 6663 6619
F 6663 6706 6662
F 6663 6707 6706
F 6577 6531 6532
F 6531 6577 6576
F 4671 4605 4606
F 4671 4670 4605
F 4607 4671 4606
F 4671 4607 4672
F 4671 4736 4735
F 4670 4671 4735
F 4736 4671 4737
F 4671 4672 4737
F 4673 4738 4672
F 4672 4738 4737
F 4738 4673 4674
F 4739 4738 4674
F 4675 4610 4676
F 4610 4611 4676
F 4611 4610 4546
F 4546 4610 4545
F 4609 4610 4674
F 4674 4610 4675
F 4610 4609 4544
F 4610 4544 4545
F 4867 4931 4866
F 4867 4932 4931
F 4867 4801 4802
F 4801 4867 4866
F 4867 4933 4932
F 4933 4867 4868
F 4937 4936 4871
F 4937 4871 4872
F 4678 4744 4743
F 4744 4678 4679
F 4548 4614 4613
F 4549 4614 4548
F 4678 4614 4679
F 4614 4678 4613
F 4677 4611 4612
F 4611 4677 4676
F 4677 4612 4613
F 4678 4677 4613
F 4740 4674 4675
F 4740 4739 4674
F 5392 5391 5327
F 5391 5326 5327
F 5453 5517 5452
F 5517 5453 5518
F 5453 5519 5518
F 5453 5454 5519
F 5124 5189 5123
F 5123 5189 5188
F 5189 5253 5188
F 5253 5189 5254
F 4598 4597 4532
F 4533 4598 4532
F 4598 4663 4662
F 4597 4598 4662
F 4668 4733 4732
F 4667 4668 4732
F 4601 4537 4602
F 4537 4601 4536
F 5767 5831 5766
F 5831 5767 5832
F 5702 5767 5701
F 5767 5766 5701
F 5764 5829 5763
F 5763 5829 5828
F 5831 5765 5766
F 5765 5831 5830
F 5765 5829 5764
F 5829 5765 5830
F 5053 5117 5052
F 5117 5053 5118
F 5053 4987 4988
F 4987 5053 5052
F 5118 5053 5119
F 5053 5054 5119
F 5053 4988 4989
F 5054 5053 4989
F 4990 5056 5055
F 5056 4990 4991
F 5444 5378 5379
F 5378 5444 5443
F 5313 5378 5312
F 5378 5377 5312
F 5378 5442 5377
F 5442 5378 5443
F 5377 5442 5376
F 5376 5442 5441
F 5636 5571 5637
F 5637 5571 5572
F 5048 4984 5049
F 4984 5048 4983
F 5048 5049 5114
F 5113 5048 5114
F 4792 4728 4793
F 4792 4727 4728
F 4792 4857 4856
F 4792 4856 4791
F 4857 4792 4858
F 4858 4792 4793
F 4726 4792 4791
F 4792 4726 4727
F 4790 4726 4791
F 4726 4790 4725
F 4727 4726 4662
F 4726 4661 4662
F 4726 4725 4660
F 4661 4726 4660
F 4985 4919 4920
F 4984 4919 4985
F 4919 4984 4983
F 4918 4919 4983
F 4854 4919 4918
F 4853 4854 4918
F 4864 4930 4929
F 4864 4865 4930
F 4800 4864 4799
F 4865 4864 4800
F 4928 4864 4929
F 4863 4864 4928
F 4864 4798 4799
F 4864 4863 4798
F 4730 4795 4729
F 4795 4794 4729
F 4795 4731 4796
F 4731 4795 4730
F 4795 4796 4861
F 4860 4795 4861
F 4859 4795 4860
F 4795 4859 4794
F 4859 4924 4923
F 4858 4859 4923
F 4794 4859 4793
F 4859 4858 4793
F 4859 4925 4924
F 4859 4860 4925
F 8322 8258 8323
F 8258 8322 8257
F 7554 7490 7555
F 7490 7554 7489
F 7424 7490 7489
F 7425 7490 7424
F 7296 7362 7361
F 7362 7296 7297
F 7300 7364 7299
F 7364 7300 7365
F 7368 7432 7367
F 7432 7368 7433
F 7432 7366 7367
F 7432 7431 7366
F 7494 7495 7559
F 7495 7560 7559
F 7750 7815 7749
F 7749 7815 7814
F 7817 7751 7752
F 7751 7817 7816
F 7751 7815 7750
F 7815 7751 7816
F 7812 7748 7813
F 7748 7812 7747
F 7748 7749 7814
F 7813 7748 7814
F 7625 7690 7689
F 7624 7625 7689
F 7625 7691 7690
F 7691 7625 7626
F 7560 7625 7559
F 7625 7624 7559
F 7625 7561 7626
F 7625 7560 7561
F 7621 7620 7556
F 7556 7620 7555
F 7559 7623 7558
F 7624 7623 7559
F 6188 6244 6187
F 6244 6188 6245
F 6446 6398 6399
F 6398 6446 6445
F 6297 6244 6245
F 6244 6297 6296
F 5094 5030 5095
F 5030 5094 5029
F 4961 4897 4962
F 4897 4961 4896
F 4960 4961 5025
F 5025 4961 5026
F 4831 4765 4766
F 4765 4831 4830
F 4895 4961 4960
F 4961 4895 4896
F 4895 4960 4959
F 4895 4959 4894
F 4831 4895 4830
F 4895 4831 4896
F 5480 5546 5545
F 5546 5480 5481
F 6122 6060 6123
F 6122 6059 6060
F 6059 5994 6060
F 6060 5994 5995
F 5540 5539 5475
F 5475 5539 5474
F 5806 5740 5741
F 5740 5806 5805
F 5873 5938 5937
F 5872 5873 5937
F 5884 5950 5949
F 5950 5884 5885
F 5884 5949 5948
F 5883 5884 5948
F 5818 5884 5883
F 5884 5818 5819
F 5752 5818 5817
F 5818 5752 5753
F 5818 5753 5754
F 5819 5818 5754
F 5818 5882 5817
F 5818 5883 5882
F 5687 5623 5688
F 5623 5687 5622
F 5753 5687 5688
F 5752 5687 5753
F 5491 5557 5556
F 5557 5491 5492
F 5685 5684 5620
F 5620 5684 5619
F 5814 5750 5815
F 5750 5814 5749
F 5816 5750 5751
F 5750 5816 5815
F 5684 5750 5749
F 5750 5684 5685
F 5553 5487 5488
F 5487 5553 5552
F 5487 5422 5423
F 5488 5487 5423
F 5551 5487 5552
F 5487 5551 5486
F 5952 6018 6017
F 6018 5952 5953
F 5952 5887 5888
F 5952 5888 5953
F 5887 5952 5886
F 5952 5951 5886
F 5951 5952 6016
F 5952 6017 6016
F 6511 6465 6512
F 6464 6465 6511
F 6367 6417 6416
F 6417 6367 6368
F 6417 6464 6463
F 6416 6417 6463
F 6465 6417 6418
F 6417 6465 6464
F 6319 6266 6267
F 6266 6319 6318
F 5891 5957 5956
F 5957 5891 5892
F 5890 5891 5955
F 5891 5956 5955
F 6150 6212 6211
F 6150 6211 6149
F 6086 6150 6149
F 6150 6086 6087
F 5957 6021 5956
F 6021 5957 6022
F 5956 6021 5955
F 6021 6020 5955
F 6086 6021 6087
F 6087 6021 6022
F 6211 6148 6149
F 6148 6211 6210
F 6019 5954 5955
F 6020 6019 5955
F 5954 6019 5953
F 6019 6018 5953
F 6083 6146 6145
F 6082 6083 6145
F 6083 6082 6017
F 6018 6083 6017
F 6316 6315 6264
F 6315 6263 6264
F 6262 6315 6314
F 6315 6262 6263
F 6315 6316 6366
F 6365 6315 6366
F 6315 6365 6364
F 6315 6364 6314
F 6011 6075 6010
F 6075 6011 6076
F 6077 6011 6012
F 6011 6077 6076
F 6011 6010 5945
F 5946 6011 5945
F 5947 6011 5946
F 6011 5947 6012
F 5883 5947 5882
F 5947 5883 5948
F 5882 5947 5881
F 5947 5946 5881
F 6143 6206 6205
F 6206 6143 6144
F 6143 6205 6204
F 6142 6143 6204
F 6309 6258 6310
F 6258 6309 6257
F 6078 6142 6141
F 6142 6078 6079
F 6077 6140 6076
F 6140 6139 6076
F 6140 6078 6141
F 6078 6140 6077
F 6139 6138 6076
F 6138 6075 6076
F 6136 6199 6198
F 6199 6136 6137
F 6138 6199 6137
F 6199 6138 6200
F 6362 6412 6411
F 6412 6362 6363
F 6412 6459 6458
F 6412 6458 6411
F 6716 6715 6670
F 6671 6716 6670
F 6772 6716 6773
F 6715 6716 6772
F 6716 6671 6672
F 6717 6716 6672
F 6716 6774 6773
F 6716 6717 6774
F 7035 6971 7036
F 6971 7035 6970
F 7169 7170 7235
F 7234 7169 7235
F 6904 6968 6903
F 6969 6968 6904
F 7098 7034 7099
F 7034 7098 7033
F 7099 7034 7100
F 7034 7035 7100
F 7035 7034 6970
F 7034 6969 6970
F 6968 7034 7033
F 7034 6968 6969
F 7166 7102 7167
F 7101 7102 7166
F 7292 7226 7227
F 7291 7226 7292
F 7158 7224 7223
F 7224 7158 7159
F 7354 7288 7289
F 7288 7354 7353
F 7352 7288 7353
F 7288 7352 7287
F 7224 7288 7223
F 7288 7224 7289
F 7222 7288 7287
F 7288 7222 7223
F 7672 7606 7607
F 7606 7672 7671
F 7284 7220 7285
F 7220 7284 7219
F 7284 7348 7283
F 7348 7284 7349
F 7350 7284 7285
F 7284 7350 7349
F 6492 6491 6445
F 6491 6444 6445
F 6537 6491 6492
F 6536 6491 6537
F 5943 5878 5944
F 5878 5879 5944
F 6074 6138 6137
F 6138 6074 6075
F 6010 6074 6009
F 6075 6074 6010
F 6073 6074 6136
F 6136 6074 6137
F 6074 6008 6009
F 6074 6073 6008
F 6003 5939 6004
F 6003 5938 5939
F 5938 6003 5937
F 6003 6002 5937
F 6002 5936 5937
F 6001 5936 6002
F 6303 6252 6304
F 6252 6303 6251
F 6195 6252 6194
F 6194 6252 6251
F 6252 6195 6196
F 6253 6252 6196
F 6252 6253 6305
F 6304 6252 6305
F 6068 6003 6004
F 6069 6068 6004
F 6250 6303 6302
F 6303 6250 6251
F 6301 6352 6351
F 6301 6302 6352
F 6350 6301 6351
F 6301 6350 6300
F 6250 6301 6249
F 6301 6250 6302
F 6674 6675 6719
F 6675 6720 6719
F 6585 6541 6586
F 6541 6542 6586
F 6541 6585 6584
F 6541 6584 6540
F 6542 6541 6497
F 6541 6496 6497
F 6495 6541 6540
F 6496 6541 6495
F 6583 6539 6584
F 6584 6539 6540
F 6493 6539 6538
F 6494 6539 6493
F 6539 6495 6540
F 6539 6494 6495
F 6630 6675 6674
F 6675 6630 6631
F 6629 6630 6673
F 6630 6674 6673
F 6630 6629 6586
F 6587 6630 6586
F 6630 6588 6631
F 6630 6587 6588
F 6539 6582 6538
F 6582 6539 6583
F 6582 6626 6625
F 6582 6583 6626
F 6582 6537 6538
F 6582 6581 6537
F 6728 6682 6683
F 6682 6728 6727
F 6639 6684 6683
F 6684 6639 6640
F 6682 6639 6683
F 6639 6682 6638
F 6682 6637 6638
F 6637 6682 6681
F 6680 6637 6681
F 6637 6680 6636
F 6637 6594 6595
F 6638 6637 6595
F 6593 6637 6636
F 6594 6637 6593
F 6407 6453 6406
F 6453 6407 6454
F 6453 6454 6501
F 6500 6453 6501
F 6409 6455 6408
F 6409 6456 6455
F 1015 952 1016
F 952 1015 951
F 952 1017 1016
F 1017 952 953
F 6180 6117 6118
F 6117 6180 6179
F 7484 7419 7420
F 7485 7484 7420
F 7354 7418 7353
F 7418 7354 7419
F 7418 7352 7353
F 7352 7418 7417
F 7484 7418 7419
F 7418 7484 7483
F 7417 7418 7482
F 7418 7483 7482
F 7550 7484 7485
F 7484 7550 7549
F 7421 7486 7420
F 7486 7485 7420
F 7486 7422 7487
F 7486 7421 7422
F 7486 7550 7485
F 7550 7486 7551
F 7552 7486 7487
F 7551 7486 7552
F 7553 7617 7552
F 7617 7553 7618
F 8375 8309 8310
F 8309 8375 8374
F 8245 8311 8310
F 8311 8245 8246
F 8311 8247 8312
F 8311 8246 8247
F 8311 8375 8310
F 8375 8311 8376
F 8377 8311 8312
F 8376 8311 8377
F 8444 8443 8379
F 8379 8443 8378
F 8509 8443 8444
F 8443 8509 8508
F 8240 8241 8306
F 8240 8306 8305
F 8047 8111 8046
F 8111 8047 8112
F 7981 7915 7916
F 7915 7981 7980
F 7981 8045 7980
F 8045 7981 8046
F 7981 7916 7917
F 7982 7981 7917
F 7981 8047 8046
F 8047 7981 7982
F 8179 8245 8244
F 8245 8179 8180
F 8179 8115 8180
F 8115 8179 8114
F 8047 8048 8112
F 8112 8048 8113
F 8048 7982 7983
F 8048 8047 7982
F 7856 7792 7857
F 7792 7856 7791
F 7726 7792 7791
F 7792 7726 7727
F 7857 7792 7858
F 7792 7793 7858
F 7792 7727 7728
F 7793 7792 7728
F 7921 7987 7986
F 7987 7921 7922
F 7985 7921 7986
F 7921 7985 7920
F 7921 7857 7922
F 7921 7856 7857
F 8245 8181 8246
F 8181 8245 8180
F 8181 8182 8247
F 8246 8181 8247
F 8053 8117 8052
F 8117 8053 8118
F 8182 8117 8183
F 8183 8117 8118
F 7738 7739 7803
F 7739 7804 7803
F 12263 12196 12264
F 12196 12197 12264
F 12196 12263 12262
F 12196 12262 12195
F 12129 12196 12128
F 12128 12196 12195
F 12130 12196 12129
F 12196 12130 12197
F 12198 12130 12131
F 12197 12130 12198
F 12130 12062 12063
F 12130 12129 12062
F 12064 12130 12063
F 12130 12064 12131
F 12064 12132 12131
F 12132 12064 12065
F 11996 12064 12063
F 11997 12064 11996
F 12064 11998 12065
F 12064 11997 11998
F 12134 12068 12135
F 12068 12134 12067
F 12136 12068 12069
F 12068 12136 12135
F 12068 12001 12002
F 12069 12068 12002
F 12000 12068 12067
F 12001 12068 12000
F 11005 11055 11004
F 11055 11054 11004
F 11121 11055 11122
F 11055 11121 11054
F 11006 11055 11005
F 11056 11055 11006
F 11122 11055 11123
F 11055 11056 11123
F 11594 11527 11595
F 11527 11528 11595
F 11527 11461 11528
F 11461 11527 11460
F 11526 11527 11593
F 11593 11527 11594
F 11527 11459 11460
F 11527 11526 11459
F 11727 11793 11726
F 11793 11727 11794
F 11795 11727 11728
F 11727 11795 11794
F 11728 11727 11661
F 11727 11660 11661
F 11659 11725 11658
F 11725 11659 11726
F 11727 11659 11660
F 11659 11727 11726
F 11592 11659 11591
F 11659 11658 11591
F 11593 11659 11592
F 11660 11659 11593
F 8541 8540 8475
F 8476 8541 8475
F 8541 8476 8477
F 8542 8541 8477
F 8412 8478 8477
F 8413 8478 8412
F 12059 12127 12126
F 12127 12059 12060
F 12059 12126 12125
F 12059 12125 12058
F 12060 12059 11993
F 12059 11992 11993
F 11991 12059 12058
F 11992 12059 11991
F 11925 11926 11993
F 11992 11925 11993
F 11924 11925 11991
F 11925 11992 11991
F 11926 11925 11859
F 11925 11858 11859
F 11925 11924 11857
F 11858 11925 11857
F 11862 11795 11796
F 11863 11862 11796
F 11862 11930 11929
F 11862 11863 11930
F 11795 11862 11794
F 11862 11861 11794
F 11928 11862 11929
F 11861 11862 11928
F 11650 11716 11649
F 11650 11717 11716
F 11582 11650 11649
F 11650 11582 11583
F 11650 11583 11584
F 11651 11650 11584
F 11718 11650 11651
F 11650 11718 11717
F 11718 11786 11785
F 11786 11718 11719
F 11718 11785 11784
F 11717 11718 11784
F 11718 11651 11652
F 11718 11652 11719
F 7570 7504 7505
F 7504 7570 7569
F 7507 7441 7442
F 7507 7506 7441
F 7116 7182 7181
F 7117 7182 7116
F 7182 7246 7181
F 7246 7182 7247
F 7311 7246 7312
F 7246 7247 7312
F 7049 7050 7115
F 7049 7115 7114
F 7112 7046 7047
F 7046 7112 7111
F 7112 7178 7177
F 7112 7113 7178
F 7110 7046 7111
F 7046 7110 7045
F 7044 7110 7109
F 7110 7044 7045
F 7110 7175 7174
F 7109 7110 7174
F 7176 7112 7177
F 7112 7176 7111
F 7110 7176 7175
F 7176 7110 7111
F 7242 7176 7177
F 7176 7242 7241
F 7175 7176 7240
F 7240 7176 7241
F 6922 6986 6921
F 6986 6922 6987
F 7051 6986 7052
F 6986 6987 7052
F 6986 7051 7050
F 6986 7050 6985
F 7498 7434 7499
F 7433 7434 7498
F 7369 7434 7368
F 7368 7434 7433
F 7307 7243 7308
F 7307 7242 7243
F 7437 7438 7503
F 7502 7437 7503
F 7305 7239 7240
F 7239 7305 7304
F 7435 7500 7499
F 7434 7435 7499
F 7501 7567 7566
F 7502 7567 7501
F 7566 7632 7631
F 7567 7632 7566
F 7896 7895 7830
F 7831 7896 7830
F 7700 7766 7765
F 7766 7700 7701
F 7766 7701 7702
F 7767 7766 7702
F 7765 7766 7830
F 7766 7831 7830
F 7832 7766 7767
F 7831 7766 7832
F 8024 8088 8023
F 8088 8024 8089
F 8092 8026 8027
F 8026 8092 8091
F 8410 8345 8411
F 8345 8346 8411
F 8414 8415 8480
F 8479 8414 8480
F 8414 8478 8413
F 8478 8414 8479
F 8414 8413 8348
F 8349 8414 8348
F 8285 8219 8220
F 8219 8285 8284
F 8464 8463 8399
F 8463 8398 8399
F 8529 8463 8464
F 8463 8529 8528
F 8465 8466 8531
F 8530 8465 8531
F 8466 8465 8401
F 8401 8465 8400
F 8465 8529 8464
F 8529 8465 8530
F 8465 8464 8399
F 8465 8399 8400
F 6643 6688 6687
F 6688 6643 6644
F 6732 6686 6687
F 6732 6731 6686
F 6732 6733 6790
F 6789 6732 6790
F 6688 6732 6687
F 6732 6688 6733
F 6733 6689 6734
F 6688 6689 6733
F 6600 6643 6642
F 6599 6600 6642
F 6981 6917 6982
F 6917 6981 6916
F 6851 6917 6916
F 6917 6851 6852
F 6915 6851 6916
F 6851 6915 6850
F 6849 6915 6914
F 6850 6915 6849
F 6981 6915 6916
F 6980 6915 6981
F 6915 6979 6914
F 6915 6980 6979
F 6680 6635 6636
F 6679 6635 6680
F 6593 6635 6592
F 6635 6593 6636
F 6592 6635 6591
F 6635 6634 6591
F 6678 6633 6634
F 6633 6678 6677
F 6635 6678 6634
F 6678 6635 6679
F 6678 6679 6724
F 6723 6678 6724
F 6675 6721 6720
F 6721 6675 6676
F 6682 6726 6681
F 6726 6682 6727
F 8014 7948 7949
F 8014 8013 7948
F 7950 8014 7949
F 8014 7950 8015
F 8013 8014 8078
F 8014 8079 8078
F 8080 8014 8015
F 8079 8014 8080
F 8339 8405 8404
F 8339 8340 8405
F 8271 8207 8272
F 8206 8207 8271
F 8334 8398 8333
F 8398 8334 8399
F 8269 8334 8268
F 8268 8334 8333
F 8460 8526 8525
F 8526 8460 8461
F 8327 8326 8261
F 8262 8327 8261
F 8459 8460 8525
F 8459 8525 8524
F 8330 8329 8265
F 8329 8264 8265
F 8073 8138 8137
F 8072 8073 8137
F 7739 7805 7804
F 7805 7739 7740
F 7807 7808 7872
F 7808 7873 7872
F 7611 7545 7546
F 7545 7611 7610
F 7611 7675 7610
F 7675 7611 7676
F 7741 7675 7676
F 7675 7741 7740
F 7824 7760 7825
F 7759 7760 7824
F 7825 7760 7826
F 7760 7761 7826
F 7760 7759 7694
F 7695 7760 7694
F 7761 7760 7696
F 7760 7695 7696
F 7954 7888 7889
F 7888 7954 7953
F 7888 7824 7889
F 7888 7823 7824
F 7691 7692 7756
F 7692 7757 7756
F 7692 7693 7758
F 7757 7692 7758
F 7692 7691 7626
F 7627 7692 7626
F 7693 7692 7628
F 7692 7627 7628
F 8276 8341 8275
F 8341 8340 8275
F 8405 8341 8406
F 8340 8341 8405
F 8277 8341 8276
F 8341 8277 8342
F 8341 8407 8406
F 8341 8342 8407
F 8409 8475 8474
F 8409 8410 8475
F 8473 8537 8472
F 8537 8473 8538
F 8539 8473 8474
F 8473 8539 8538
F 8407 8473 8472
F 8408 8473 8407
F 8473 8409 8474
F 8409 8473 8408
F 9833 9766 9767
F 9834 9833 9767
F 9698 9630 9631
F 9630 9698 9697
F 9630 9697 9696
F 9629 9630 9696
F 9562 9494 9495
F 9562 9561 9494
F 9562 9628 9561
F 9562 9629 9628
F 9306 9374 9373
F 9374 9306 9307
F 9306 9372 9305
F 9306 9373 9372
F 9307 9306 9240
F 9306 9239 9240
F 9238 9306 9305
F 9239 9306 9238
F 10988 11037 10987
F 11037 10988 11038
F 11037 11036 10986
F 10987 11037 10986
F 11036 11037 11086
F 11037 11087 11086
F 11037 11038 11088
F 11087 11037 11088
F 10544 10595 10594
F 10595 10544 10545
F 10644 10694 10693
F 10643 10644 10693
F 10592 10593 10642
F 10593 10643 10642
F 10593 10644 10643
F 10644 10593 10594
F 6089 6025 6090
F 6025 6089 6024
F 6089 6023 6024
F 6089 6088 6023
F 6032 6098 6097
F 6098 6032 6033
F 6796 6738 6739
F 6738 6796 6795
F 6796 6740 6797
F 6796 6739 6740
F 6796 6860 6795
F 6860 6796 6861
F 6796 6862 6861
F 6862 6796 6797
F 6928 6862 6863
F 6862 6928 6927
F 7706 7640 7641
F 7640 7706 7705
F 7249 7314 7248
F 7314 7313 7248
F 7378 7314 7379
F 7314 7378 7313
F 7380 7314 7315
F 7379 7314 7380
F 7379 7445 7444
F 7445 7379 7380
F 7643 7577 7578
F 7577 7643 7642
F 6744 6698 6699
F 6698 6744 6743
F 6655 6698 6654
F 6698 6655 6699
F 6700 6701 6746
F 6700 6746 6745
F 6655 6700 6699
F 6700 6655 6656
F 6700 6744 6699
F 6744 6700 6745
F 6741 6695 6696
F 6695 6741 6740
F 6865 6931 6930
F 6931 6865 6866
F 6931 6997 6996
F 6997 6931 6932
F 6867 6931 6866
F 6931 6867 6932
F 6803 6802 6746
F 6746 6802 6745
F 6698 6653 6654
F 6653 6698 6697
F 6611 6653 6610
F 6653 6611 6654
F 6652 6653 6696
F 6653 6697 6696
F 6270 6323 6322
F 6323 6270 6271
F 6026 5962 6027
F 5962 6026 5961
F 5959 5960 6024
F 5960 6025 6024
F 6026 5960 5961
F 5960 6026 6025
F 6738 6694 6739
F 6694 6738 6693
F 6739 6694 6740
F 6694 6695 6740
F 6653 6609 6610
F 6609 6653 6652
F 6609 6652 6651
F 6608 6609 6651
F 6570 6525 6571
F 6525 6526 6571
F 6567 6612 6611
F 6612 6567 6568
F 6612 6655 6654
F 6611 6612 6654
F 4773 4707 4708
F 4773 4772 4707
F 4773 4838 4837
F 4772 4773 4837
F 4905 4839 4840
F 4839 4905 4904
F 4838 4839 4903
F 4903 4839 4904
F 4836 4772 4837
F 4772 4836 4771
F 4962 4898 4963
F 4897 4898 4962
F 4912 4846 4847
F 4846 4912 4911
F 4913 4912 4848
F 4912 4847 4848
F 4912 4978 4977
F 4978 4912 4913
F 4912 4976 4911
F 4976 4912 4977
F 4783 4849 4848
F 4849 4783 4784
F 4782 4783 4847
F 4847 4783 4848
F 4914 4978 4913
F 4978 4914 4979
F 4849 4914 4848
F 4914 4913 4848
F 4914 4850 4915
F 4914 4849 4850
F 5175 5239 5174
F 5239 5175 5240
F 10129 10197 10196
F 10197 10129 10130
F 10131 10197 10130
F 10198 10197 10131
F 5293 5229 5294
F 5229 5293 5228
F 5359 5293 5294
F 5293 5359 5358
F 5229 5163 5164
F 5163 5229 5228
F 4968 4903 4904
F 4969 4968 4904
F 4968 4902 4903
F 4902 4968 4967
F 4968 4969 5034
F 5033 4968 5034
F 4648 4647 4583
F 4647 4582 4583
F 4647 4646 4581
F 4582 4647 4581
F 4975 4976 5041
F 4975 5041 5040
F 4975 4910 4911
F 4976 4975 4911
F 4841 4905 4840
F 4905 4841 4906
F 4972 4908 4973
F 4908 4972 4907
F 4909 4908 4844
F 4908 4843 4844
F 5409 5410 5475
F 5409 5475 5474
F 5410 5409 5345
F 5345 5409 5344
F 5412 5347 5413
F 5347 5348 5413
F 5347 5412 5411
F 5346 5347 5411
F 5074 5140 5139
F 5140 5074 5075
F 5820 5884 5819
F 5884 5820 5885
F 5820 5821 5886
F 5820 5886 5885
F 5755 5820 5754
F 5820 5819 5754
F 5756 5820 5755
F 5820 5756 5821
F 5756 5692 5757
F 5692 5756 5691
F 5756 5757 5822
F 5821 5756 5822
F 5756 5755 5690
F 5756 5690 5691
F 5557 5558 5622
F 5558 5623 5622
F 5625 5560 5626
F 5626 5560 5561
F 5236 5172 5237
F 5172 5236 5171
F 5173 5172 5108
F 5172 5107 5108
F 5106 5172 5171
F 5107 5172 5106
F 5039 5105 5104
F 5105 5039 5040
F 5041 5105 5040
F 5106 5105 5041
F 5105 5169 5104
F 5169 5105 5170
F 5105 5106 5171
F 5170 5105 5171
F 5984 5920 5985
F 5984 5919 5920
F 6050 5984 5985
F 6049 5984 6050
F 5984 5983 5918
F 5919 5984 5918
F 6048 5984 6049
F 5983 5984 6048
F 5917 5853 5918
F 5853 5917 5852
F 5790 5724 5725
F 5724 5790 5789
F 5791 5790 5726
F 5726 5790 5725
F 5855 5790 5856
F 5790 5791 5856
F 5593 5659 5658
F 5659 5593 5594
F 5723 5724 5789
F 5788 5723 5789
F 5659 5723 5658
F 5723 5659 5724
F 9863 9797 9864
F 9797 9863 9796
F 9864 9797 9865
F 9797 9798 9865
F 9461 9529 9528
F 9529 9461 9462
F 9529 9595 9528
F 9529 9596 9595
F 9391 9390 9324
F 9390 9323 9324
F 9390 9391 9458
F 9457 9390 9458
F 9376 9443 9442
F 9376 9442 9375
F 9443 9376 9444
F 9376 9377 9444
F 9591 9658 9657
F 9590 9591 9657
F 9591 9590 9523
F 9524 9591 9523
F 9591 9524 9525
F 9592 9591 9525
F 9659 9591 9592
F 9591 9659 9658
F 9659 9726 9725
F 9658 9659 9725
F 9659 9593 9660
F 9659 9592 9593
F 9728 9661 9662
F 9729 9728 9662
F 9795 9728 9796
F 9728 9729 9796
F 9926 9925 9858
F 9859 9926 9858
F 9926 9992 9925
F 9992 9926 9993
F 9860 9926 9859
F 9927 9926 9860
F 9926 9994 9993
F 9926 9927 9994
F 10109 10177 10176
F 10177 10109 10110
F 10109 10176 10175
F 10108 10109 10175
F 10284 10235 10285
F 10235 10284 10234
F 10335 10284 10285
F 10334 10284 10335
F 10606 10655 10605
F 10655 10606 10656
F 10604 10655 10654
F 10605 10655 10604
F 10706 10655 10656
F 10705 10655 10706
F 10655 10704 10654
F 10655 10705 10704
F 11192 11124 11125
F 11192 11191 11124
F 11192 11125 11126
F 11193 11192 11126
F 11192 11258 11191
F 11192 11259 11258
F 11192 11193 11260
F 11259 11192 11260
F 9176 9244 9243
F 9244 9176 9177
F 9176 9175 9108
F 9109 9176 9108
F 9176 9110 9177
F 9176 9109 9110
F 8920 8986 8919
F 8920 8987 8986
F 8853 8920 8852
F 8920 8919 8852
F 8987 8920 8988
F 8920 8921 8988
F 8854 8920 8853
F 8921 8920 8854
F 9244 9245 9311
F 9245 9312 9311
F 9245 9177 9178
F 9245 9244 9177
F 9312 9245 9313
F 9245 9246 9313
F 9179 9245 9178
F 9246 9245 9179
F 9341 9274 9342
F 9274 9275 9342
F 9208 9274 9207
F 9275 9274 9208
F 9274 9341 9340
F 9273 9274 9340
F 9206 9138 9139
F 9138 9206 9205
F 9206 9274 9273
F 9274 9206 9207
F 9205 9206 9272
F 9206 9273 9272
F 8941 8874 8875
F 8942 8941 8875
F 9073 9005 9006
F 9073 9072 9005
F 8861 8927 8860
F 8928 8927 8861
F 8927 8859 8860
F 8859 8927 8926
F 8995 8927 8928
F 8994 8927 8995
F 8927 8993 8926
F 8927 8994 8993
F 10002 10069 10001
F 10069 10068 10001
F 10069 10136 10135
F 10068 10069 10135
F 10259 10310 10309
F 10310 10259 10260
F 8934 9000 8933
F 9000 8934 9001
F 8934 8933 8866
F 8867 8934 8866
F 9411 9345 9412
F 9411 9344 9345
F 9479 9411 9412
F 9478 9411 9479
F 9411 9343 9344
F 9411 9410 9343
F 9477 9411 9478
F 9410 9411 9477
F 10136 10204 10203
F 10137 10204 10136
F 10204 10253 10203
F 10204 10254 10253
F 10074 10142 10141
F 10075 10142 10074
F 10143 10142 10076
F 10142 10075 10076
F 9611 9678 9677
F 9610 9611 9677
F 9544 9611 9543
F 9611 9610 9543
F 9611 9679 9678
F 9611 9612 9679
F 9545 9611 9544
F 9612 9611 9545
F 10420 10470 10419
F 10470 10469 10419
F 10421 10470 10420
F 10470 10421 10471
F 10470 10519 10469
F 10470 10520 10519
F 10521 10470 10471
F 10520 10470 10521
F 12256 12189 12257
F 12189 12190 12257
F 12255 12189 12256
F 12188 12189 12255
F 12187 12253 12186
F 12187 12254 12253
F 12119 12187 12186
F 12187 12119 12120
F 12187 12188 12255
F 12254 12187 12255
F 11804 11736 11737
F 11804 11803 11736
F 11738 11804 11737
F 11805 11804 11738
F 11804 11805 11872
F 11871 11804 11872
F 11870 11804 11871
F 11804 11870 11803
F 11936 11870 11937
F 11870 11936 11869
F 11803 11870 11802
F 11802 11870 11869
F 11870 11938 11937
F 11870 11871 11938
F 12204 12270 12203
F 12204 12271 12270
F 12204 12272 12271
F 12272 12204 12205
F 12536 12468 12469
F 12535 12468 12536
F 12458 12391 12392
F 12458 12392 12459
F 12526 12458 12459
F 12525 12458 12526
F 12458 12390 12391
F 12458 12457 12390
F 12524 12458 12525
F 12457 12458 12524
F 11855 11921 11854
F 11922 11921 11855
F 11921 11920 11853
F 11854 11921 11853
F 11921 11922 11989
F 11988 11921 11989
F 11920 11921 11987
F 11921 11988 11987
F 12121 12189 12188
F 12189 12121 12122
F 12187 12121 12188
F 12121 12187 12120
F 12121 12054 12055
F 12121 12055 12122
F 12192 12124 12125
F 12124 12192 12191
F 12124 12057 12058
F 12125 12124 12058
F 12121 12053 12054
F 12053 12121 12120
F 12053 11986 11987
F 12054 12053 11987
F 11986 12053 11985
F 12053 12052 11985
F 12052 12053 12119
F 12119 12053 12120
F 12073 12007 12074
F 12007 12073 12006
F 12073 12005 12006
F 12073 12072 12005
F 11801 11735 11802
F 11735 11801 11734
F 11734 11801 11733
F 11801 11800 11733
F 12219 12287 12286
F 12219 12220 12287
F 12285 12219 12286
F 12219 12285 12218
F 12219 12153 12220
F 12219 12152 12153
F 12151 12219 12218
F 12152 12219 12151
F 11214 11282 11281
F 11215 11282 11214
F 11282 11349 11348
F 11282 11348 11281
F 11349 11282 11350
F 11282 11283 11350
F 11282 11216 11283
F 11216 11282 11215
F 11216 11149 11150
F 11217 11216 11150
F 11149 11216 11148
F 11216 11215 11148
F 11216 11217 11284
F 11283 11216 11284
F 11687 11754 11753
F 11686 11687 11753
F 11618 11619 11685
F 11619 11686 11685
F 11551 11619 11618
F 11619 11551 11552
F 11619 11687 11686
F 11687 11619 11620
F 11488 11554 11487
F 11555 11554 11488
F 11623 11622 11556
F 11622 11555 11556
F 11622 11554 11555
F 11554 11622 11621
F 11830 11829 11762
F 11763 11830 11762
F 11831 11830 11764
F 11830 11763 11764
F 11830 11896 11829
F 11830 11897 11896
F 11898 11830 11831
F 11897 11830 11898
F 12044 12043 11977
F 12043 11976 11977
F 12043 12044 12111
F 12110 12043 12111
F 11976 12043 11975
F 12043 12042 11975
F 12109 12043 12110
F 12042 12043 12109
F 12512 12445 12513
F 12445 12446 12513
F 12445 12512 12511
F 12444 12445 12511
F 12445 12379 12446
F 12445 12378 12379
F 12445 12444 12377
F 12378 12445 12377
F 11984 11917 11985
F 11985 11917 11918
F 12048 11982 12049
F 11981 11982 12048
F 11982 12050 12049
F 11982 11983 12050
F 11915 11982 11914
F 11914 11982 11981
F 11779 11713 11780
F 11712 11713 11779
F 11781 11713 11714
F 11713 11781 11780
F 11713 11647 11714
F 11713 11646 11647
F 11713 11645 11646
F 11645 11713 11712
F 11645 11644 11577
F 11578 11645 11577
F 11644 11645 11711
F 11645 11712 11711
F 11579 11645 11578
F 11646 11645 11579
F 11847 11913 11846
F 11914 11913 11847
F 11980 11913 11981
F 11913 11914 11981
F 8034 8035 8100
F 8034 8100 8099
F 8034 7969 7970
F 8035 8034 7970
F 8228 8227 8163
F 8163 8227 8162
F 8358 8359 8424
F 8423 8358 8424
F 8358 8294 8359
F 8294 8358 8293
F 8358 8422 8357
F 8422 8358 8423
F 8372 8438 8437
F 8438 8372 8373
F 8438 8502 8437
F 8502 8438 8503
F 8194 8130 8195
F 8130 8194 8129
F 8196 8262 8261
F 8262 8196 8197
F 8196 8260 8195
F 8260 8196 8261
F 8130 8196 8195
F 8196 8130 8131
F 8390 8456 8455
F 8456 8390 8391
F 8390 8325 8326
F 8390 8326 8391
F 8390 8324 8325
F 8324 8390 8389
F 8258 8324 8323
F 8324 8258 8259
F 8260 8324 8259
F 8325 8324 8260
F 8454 8390 8455
F 8390 8454 8389
F 8454 8455 8520
F 8519 8454 8520
F 8447 8513 8512
F 8513 8447 8448
F 8383 8447 8382
F 8447 8383 8448
F 8446 8447 8511
F 8511 8447 8512
F 8447 8381 8382
F 8447 8446 8381
F 8253 8319 8318
F 8254 8319 8253
F 8320 8319 8255
F 8319 8254 8255
F 8190 8256 8255
F 8256 8190 8191
F 8254 8190 8255
F 8189 8190 8254
F 8188 8254 8253
F 8188 8189 8254
F 8188 8253 8252
F 8187 8188 8252
F 8184 8248 8183
F 8248 8184 8249
F 8184 8250 8249
F 8184 8185 8250
F 8251 8186 8252
F 8186 8187 8252
F 8120 8186 8185
F 8186 8120 8121
F 8250 8186 8251
F 8185 8186 8250
F 7716 7780 7715
F 7716 7781 7780
F 7716 7717 7782
F 7781 7716 7782
F 7647 7581 7582
F 7581 7647 7646
F 7711 7647 7712
F 7647 7711 7646
F 7520 7519 7455
F 7519 7454 7455
F 7519 7518 7453
F 7454 7519 7453
F 7906 7841 7907
F 7841 7842 7907
F 7580 7514 7515
F 7514 7580 7579
F 7514 7450 7515
F 7514 7449 7450
F 7579 7645 7644
F 7580 7645 7579
F 7645 7580 7581
F 7645 7581 7646
F 7388 7454 7453
F 7454 7388 7389
F 7258 7194 7259
F 7194 7258 7193
F 6931 6995 6930
F 6995 6931 6996
F 7000 6936 7001
F 7000 6935 6936
F 6935 6870 6936
F 6870 6871 6936
F 6393 6441 6392
F 6441 6393 6442
F 6489 6441 6442
F 6441 6489 6488
F 6487 6441 6488
F 6440 6441 6487
F 7008 6943 7009
F 6943 6944 7009
F 6877 6813 6878
F 6813 6877 6812
F 6879 6813 6814
F 6813 6879 6878
F 6943 6879 6944
F 6879 6943 6878
F 6945 6879 6880
F 6944 6879 6945
F 410 441 440
F 441 410 411
F 410 387 411
F 387 410 386
F 7528 7463 7529
F 7463 7464 7529
F 7527 7463 7528
F 7462 7463 7527
F 7464 7463 7399
F 7463 7398 7399
F 7463 7462 7397
F 7398 7463 7397
F 7333 7269 7334
F 7269 7333 7268
F 7398 7333 7399
F 7333 7334 7399
F 6944 7010 7009
F 7010 6944 6945
F 7393 7327 7328
F 7393 7392 7327
F 7393 7458 7457
F 7392 7393 7457
F 7456 7391 7457
F 7391 7392 7457
F 7324 7258 7259
F 7258 7324 7323
F 7388 7324 7389
F 7324 7388 7323
F 7264 7200 7265
F 7200 7264 7199
F 7136 7200 7135
F 7200 7136 7201
F 7851 7785 7786
F 7785 7851 7850
F 8044 8045 8110
F 8044 8110 8109
F 8238 8173 8239
F 8173 8174 8239
F 7908 7842 7843
F 7842 7908 7907
F 7921 7855 7856
F 7855 7921 7920
F 7855 7790 7791
F 7856 7855 7791
F 7790 7855 7789
F 7855 7854 7789
F 7854 7855 7919
F 7855 7920 7919
F 10451 10452 10502
F 10501 10451 10502
F 10451 10401 10402
F 10452 10451 10402
F 10451 10501 10500
F 10450 10451 10500
F 10451 10400 10401
F 10451 10450 10400
F 5692 5627 5693
F 5627 5628 5693
F 5626 5627 5691
F 5627 5692 5691
F 5627 5562 5563
F 5628 5627 5563
F 5627 5626 5561
F 5562 5627 5561
F 5366 5302 5367
F 5302 5366 5301
F 5366 5300 5301
F 5300 5366 5365
F 5366 5367 5432
F 5431 5366 5432
F 5369 5368 5303
F 5304 5369 5303
F 5369 5433 5368
F 5433 5369 5434
F 5434 5369 5435
F 5369 5370 5435
F 5369 5305 5370
F 5305 5369 5304
F 5305 5241 5306
F 5241 5305 5240
F 5305 5239 5240
F 5239 5305 5304
F 5238 5172 5173
F 5172 5238 5237
F 5238 5302 5237
F 5302 5238 5303
F 5238 5173 5174
F 5239 5238 5174
F 5238 5239 5304
F 5238 5304 5303
F 5501 5437 5502
F 5436 5437 5501
F 5371 5305 5306
F 5305 5371 5370
F 5371 5306 5307
F 5372 5371 5307
F 5370 5371 5435
F 5371 5436 5435
F 5371 5437 5436
F 5437 5371 5372
F 5629 5628 5563
F 5564 5629 5563
F 5693 5629 5694
F 5628 5629 5693
F 5630 5629 5565
F 5565 5629 5564
F 5629 5695 5694
F 5629 5630 5695
F 5500 5501 5566
F 5565 5500 5566
F 5436 5500 5435
F 5500 5436 5501
F 5500 5565 5564
F 5499 5500 5564
F 5500 5434 5435
F 5500 5499 5434
F 223 234 233
F 234 223 224
F 234 242 233
F 234 243 242
F 225 234 224
F 234 225 235
F 304 318 317
F 318 304 305
F 316 304 317
F 304 316 303
F 243 252 242
F 252 243 253
F 263 252 253
F 252 263 262
F 280 281 293
F 292 280 293
F 280 269 270
F 281 280 270
F 306 292 293
F 292 306 305
F 259 268 258
F 269 268 259
F 261 252 262
F 252 261 251
F 240 250 249
F 241 250 240
F 261 250 251
F 250 261 260
F 250 259 249
F 250 260 259
F 215 223 222
F 223 215 216
F 215 222 221
F 214 215 221
F 230 231 240
F 231 241 240
F 231 230 220
F 231 220 221
F 222 231 221
F 232 231 222
F 330 316 317
F 316 330 329
F 318 330 317
F 330 318 331
F 330 341 329
F 341 330 342
F 343 330 331
F 342 330 343
F 370 387 369
F 387 370 388
F 6441 6391 6392
F 6391 6441 6440
F 6391 6341 6342
F 6392 6391 6342
F 6109 6172 6108
F 6172 6171 6108
F 6173 6172 6110
F 6172 6109 6110
F 6172 6173 6235
F 6234 6172 6235
F 6233 6170 6171
F 6170 6233 6232
F 6233 6172 6234
F 6172 6233 6171
F 6233 6290 6289
F 6233 6289 6232
F 6290 6233 6291
F 6233 6234 6291
F 5582 5517 5518
F 5583 5582 5518
F 5517 5582 5516
F 5582 5581 5516
F 5646 5582 5647
F 5581 5582 5646
F 5450 5384 5385
F 5384 5450 5449
F 5384 5448 5383
F 5448 5384 5449
F 5384 5320 5385
F 5320 5384 5319
F 5318 5384 5383
F 5319 5384 5318
F 5310 5311 5376
F 5375 5310 5376
F 5182 5117 5118
F 5182 5118 5183
F 5182 5247 5246
F 5182 5246 5181
F 5248 5182 5183
F 5247 5182 5248
F 5308 5244 5309
F 5244 5308 5243
F 5179 5244 5178
F 5178 5244 5243
F 5381 5317 5382
F 5317 5381 5316
F 5314 5378 5313
F 5378 5314 5379
F 5314 5313 5248
F 5249 5314 5248
F 5184 5250 5249
F 5250 5184 5185
F 5250 5314 5249
F 5314 5250 5315
F 5251 5250 5186
F 5186 5250 5185
F 5250 5251 5316
F 5315 5250 5316
F 5705 5641 5706
F 5641 5705 5640
F 5575 5639 5574
F 5639 5575 5640
F 5575 5509 5510
F 5509 5575 5574
F 5576 5575 5511
F 5511 5575 5510
F 5575 5641 5640
F 5641 5575 5576
F 5578 5579 5644
F 5578 5644 5643
F 5775 5839 5774
F 5839 5775 5840
F 5839 5773 5774
F 5773 5839 5838
F 5707 5773 5772
F 5708 5773 5707
F 5709 5775 5774
F 5775 5709 5710
F 5709 5773 5708
F 5773 5709 5774
F 5709 5645 5710
F 5645 5709 5644
F 5644 5709 5643
F 5709 5708 5643
F 5841 5775 5776
F 5775 5841 5840
F 5844 5908 5843
F 5908 5844 5909
F 5973 5908 5974
F 5908 5909 5974
F 5841 5905 5840
F 5905 5841 5906
F 5905 5906 5971
F 5970 5905 5971
F 5975 6039 5974
F 6039 5975 6040
F 6171 6107 6108
F 6170 6107 6171
F 6289 6288 6232
F 6288 6231 6232
F 6341 6288 6289
F 6288 6341 6340
F 6231 6288 6230
F 6288 6287 6230
F 6288 6340 6339
F 6287 6288 6339
F 5457 5391 5392
F 5391 5457 5456
F 5654 5588 5589
F 5588 5654 5653
F 5588 5652 5587
F 5652 5588 5653
F 5589 5588 5524
F 5588 5523 5524
F 5850 5849 5785
F 5849 5784 5785
F 5914 5849 5915
F 5915 5849 5850
F 5849 5783 5784
F 5783 5849 5848
F 5849 5914 5913
F 5848 5849 5913
F 5781 5716 5717
F 5781 5717 5782
F 5781 5847 5846
F 5847 5781 5782
F 5780 5781 5845
F 5781 5846 5845
F 5715 5781 5780
F 5781 5715 5716
F 5649 5715 5714
F 5715 5649 5650
F 5716 5715 5651
F 5715 5650 5651
F 5715 5780 5779
F 5715 5779 5714
F 5787 5723 5788
F 5723 5787 5722
F 5787 5853 5852
F 5853 5787 5788
F 5787 5721 5722
F 5787 5786 5721
F 5851 5787 5852
F 5786 5787 5851
F 5592 5526 5527
F 5526 5592 5591
F 5593 5592 5528
F 5592 5527 5528
F 5589 5525 5590
F 5525 5589 5524
F 5525 5591 5590
F 5525 5526 5591
F 6388 6338 6339
F 6389 6388 6339
F 6535 6580 6534
F 6580 6579 6534
F 6621 6663 6620
F 6663 6621 6664
F 6621 6620 6576
F 6577 6621 6576
F 6578 6533 6534
F 6579 6578 6534
F 6578 6532 6533
F 6578 6577 6532
F 6753 6809 6752
F 6809 6753 6810
F 5260 5326 5325
F 5326 5260 5261
F 5259 5260 5324
F 5260 5325 5324
F 5262 5326 5261
F 5326 5262 5327
F 4939 5003 4938
F 5003 4939 5004
F 4876 4875 4811
F 4875 4810 4811
F 4875 4876 4941
F 4940 4875 4941
F 5070 5071 5136
F 5135 5070 5136
F 5007 4943 5008
F 5007 4942 4943
F 4813 4877 4812
F 4877 4813 4878
F 4877 4876 4811
F 4812 4877 4811
F 4876 4877 4941
F 4877 4942 4941
F 4942 4877 4943
F 4943 4877 4878
F 4867 4803 4868
F 4803 4867 4802
F 4737 4803 4802
F 4738 4803 4737
F 4803 4738 4739
F 4803 4739 4804
F 4937 5002 4936
F 4936 5002 5001
F 5003 5002 4938
F 5002 4937 4938
F 4810 4745 4811
F 4745 4746 4811
F 4741 4675 4676
F 4741 4740 4675
F 4740 4805 4739
F 4739 4805 4804
F 5391 5390 5326
F 5326 5390 5325
F 5322 5388 5387
F 5388 5322 5323
F 5387 5388 5452
F 5388 5453 5452
F 4537 4603 4602
F 4603 4537 4538
F 4603 4668 4667
F 4603 4667 4602
F 4731 4666 4732
F 4666 4667 4732
F 4666 4601 4602
F 4667 4666 4602
F 5960 5896 5961
F 5896 5960 5895
F 5896 5962 5961
F 5962 5896 5897
F 5831 5896 5830
F 5896 5895 5830
F 5897 5896 5832
F 5896 5831 5832
F 5769 5768 5704
F 5768 5703 5704
F 5703 5768 5702
F 5768 5767 5702
F 5768 5833 5832
F 5767 5768 5832
F 5960 5894 5895
F 5894 5960 5959
F 5894 5959 5958
F 5893 5894 5958
F 5895 5894 5830
F 5894 5829 5830
F 5829 5894 5828
F 5894 5893 5828
F 5122 5123 5188
F 5187 5122 5188
F 5374 5310 5375
F 5310 5374 5309
F 5374 5308 5309
F 5308 5374 5373
F 5508 5442 5443
F 5442 5508 5507
F 5508 5573 5572
F 5507 5508 5572
F 5573 5508 5574
F 5508 5509 5574
F 5444 5508 5443
F 5509 5508 5444
F 5442 5506 5441
F 5506 5442 5507
F 5571 5506 5572
F 5506 5507 5572
F 5051 4987 5052
F 4987 5051 4986
F 4725 4789 4724
F 4790 4789 4725
F 4724 4789 4723
F 4723 4789 4788
F 4789 4854 4853
F 4789 4853 4788
F 4789 4855 4854
F 4855 4789 4790
F 4921 4855 4856
F 4855 4921 4920
F 4856 4855 4791
F 4855 4790 4791
F 4919 4855 4920
F 4854 4855 4919
F 8192 8256 8191
F 8256 8192 8257
F 7557 7491 7492
F 7556 7491 7557
F 7490 7491 7555
F 7491 7556 7555
F 7491 7425 7426
F 7491 7490 7425
F 7427 7491 7426
F 7491 7427 7492
F 7427 7493 7492
F 7427 7428 7493
F 7427 7426 7361
F 7362 7427 7361
F 7363 7427 7362
F 7427 7363 7428
F 7298 7363 7297
F 7363 7362 7297
F 7428 7363 7429
F 7363 7364 7429
F 7299 7363 7298
F 7364 7363 7299
F 7563 7497 7498
F 7497 7563 7562
F 7497 7432 7433
F 7497 7433 7498
F 7366 7430 7365
F 7431 7430 7366
F 7430 7364 7365
F 7364 7430 7429
F 7430 7494 7429
F 7430 7495 7494
F 7748 7684 7749
F 7684 7748 7683
F 7688 7754 7753
F 7754 7688 7689
F 7688 7624 7689
F 7688 7623 7624
F 6184 6122 6123
F 6185 6184 6123
F 6124 6186 6123
F 6186 6185 6123
F 6349 6350 6399
F 6398 6349 6399
F 6349 6298 6299
F 6298 6349 6348
F 6350 6349 6300
F 6349 6299 6300
F 5792 5857 5856
F 5791 5792 5856
F 5857 5792 5858
F 5792 5793 5858
F 5032 4968 5033
F 4968 5032 4967
F 5028 4964 5029
F 4964 5028 4963
F 5025 5090 5024
F 5090 5089 5024
F 5478 5479 5543
F 5479 5544 5543
F 5479 5480 5545
F 5544 5479 5545
F 5548 5613 5612
F 5547 5548 5612
F 5286 5352 5351
F 5352 5286 5287
F 5350 5416 5415
F 5416 5350 5351
F 5480 5416 5481
F 5416 5480 5415
F 5352 5416 5351
F 5416 5352 5417
F 5482 5548 5547
F 5548 5482 5483
F 5482 5416 5417
F 5416 5482 5481
F 5482 5546 5481
F 5482 5547 5546
F 5483 5482 5418
F 5482 5417 5418
F 5994 5993 5929
F 5929 5993 5928
F 5670 5734 5669
F 5734 5670 5735
F 5862 5926 5861
F 5926 5862 5927
F 5606 5605 5541
F 5605 5540 5541
F 5605 5539 5540
F 5539 5605 5604
F 5605 5606 5671
F 5670 5605 5671
F 5605 5670 5669
F 5605 5669 5604
F 5547 5611 5546
F 5611 5547 5612
F 5807 5742 5743
F 5807 5743 5808
F 5873 5807 5808
F 5807 5873 5872
F 5807 5806 5741
F 5742 5807 5741
F 5686 5750 5685
F 5750 5686 5751
F 5621 5686 5620
F 5686 5685 5620
F 5686 5621 5622
F 5687 5686 5622
F 5686 5752 5751
F 5686 5687 5752
F 5553 5618 5552
F 5618 5617 5552
F 5554 5555 5620
F 5554 5620 5619
F 5554 5553 5488
F 5554 5488 5489
F 5554 5618 5553
F 5618 5554 5619
F 5490 5554 5489
F 5554 5490 5555
F 5555 5490 5556
F 5490 5491 5556
F 5032 5096 5031
F 5096 5032 5097
F 5031 5096 5030
F 5030 5096 5095
F 5548 5614 5613
F 5614 5548 5549
F 5613 5614 5678
F 5614 5679 5678
F 6513 6466 6514
F 6466 6467 6514
F 6465 6466 6512
F 6466 6513 6512
F 6369 6417 6368
F 6417 6369 6418
F 6318 6369 6368
F 6319 6369 6318
F 5826 5825 5760
F 5761 5826 5760
F 5826 5890 5825
F 5826 5891 5890
F 6268 6319 6267
F 6319 6268 6320
F 6210 6268 6267
F 6211 6268 6210
F 6268 6321 6320
F 6321 6268 6269
F 6212 6268 6211
F 6269 6268 6212
F 6085 6021 6086
F 6021 6085 6020
F 6085 6086 6149
F 6148 6085 6149
F 6081 6080 6016
F 6080 6015 6016
F 6015 6080 6014
F 6014 6080 6079
F 6080 6081 6144
F 6143 6080 6144
F 6080 6143 6142
F 6080 6142 6079
F 6205 6261 6204
F 6262 6261 6205
F 6203 6140 6141
F 6140 6203 6202
F 6203 6142 6204
F 6142 6203 6141
F 6261 6203 6204
F 6203 6261 6260
F 6201 6140 6202
F 6140 6201 6139
F 6138 6201 6200
F 6201 6138 6139
F 6201 6258 6257
F 6200 6201 6257
F 6259 6203 6260
F 6203 6259 6202
F 6201 6259 6258
F 6259 6201 6202
F 6259 6312 6311
F 6312 6259 6260
F 6258 6259 6310
F 6310 6259 6311
F 6014 6013 5949
F 5949 6013 5948
F 5947 6013 6012
F 6013 5947 5948
F 6078 6013 6079
F 6013 6014 6079
F 6013 6077 6012
F 6013 6078 6077
F 6255 6256 6307
F 6256 6308 6307
F 6256 6309 6308
F 6309 6256 6257
F 6198 6256 6255
F 6199 6256 6198
F 6256 6200 6257
F 6256 6199 6200
F 6900 6966 6965
F 6966 6900 6901
F 7232 7168 7233
F 7168 7232 7167
F 7168 7234 7233
F 7168 7169 7234
F 6835 6771 6836
F 6771 6835 6770
F 6835 6900 6899
F 6834 6835 6899
F 6835 6836 6901
F 6900 6835 6901
F 7161 7160 7095
F 7161 7095 7096
F 7161 7097 7162
F 7097 7161 7096
F 7161 7162 7227
F 7226 7161 7227
F 7225 7161 7226
F 7161 7225 7160
F 7225 7291 7290
F 7225 7226 7291
F 7160 7225 7159
F 7225 7224 7159
F 7289 7225 7290
F 7224 7225 7289
F 6900 6964 6899
F 6964 6900 6965
F 7221 7155 7156
F 7155 7221 7220
F 7672 7736 7671
F 7736 7672 7737
F 7802 7736 7737
F 7801 7736 7802
F 7736 7800 7735
F 7800 7736 7801
F 7543 7479 7544
F 7479 7543 7478
F 7606 7540 7541
F 7540 7606 7605
F 7541 7540 7476
F 7540 7475 7476
F 7479 7413 7414
F 7413 7479 7478
F 7413 7348 7349
F 7414 7413 7349
F 7413 7347 7348
F 7347 7413 7412
F 7348 7347 7283
F 7347 7282 7283
F 7660 7596 7661
F 7596 7660 7595
F 7662 7726 7661
F 7726 7662 7727
F 7596 7662 7661
F 7662 7596 7597
F 7335 7269 7270
F 7269 7335 7334
F 7602 7536 7537
F 7536 7602 7601
F 7670 7736 7735
F 7736 7670 7671
F 7670 7606 7671
F 7606 7670 7605
F 4026 4027 4121
F 4027 4122 4121
F 1728 1653 1654
F 1653 1728 1727
F 6347 6298 6348
F 6298 6347 6297
F 6297 6347 6296
F 6296 6347 6346
F 6347 6395 6346
F 6395 6347 6396
F 6349 6397 6348
F 6397 6349 6398
F 6347 6397 6396
F 6397 6347 6348
F 6397 6398 6445
F 6444 6397 6445
F 6443 6397 6444
F 6396 6397 6443
F 5813 5814 5879
F 5878 5813 5879
F 5813 5877 5812
F 5877 5813 5878
F 5877 5943 5942
F 5877 5878 5943
F 5807 5871 5806
F 5871 5807 5872
F 5806 5871 5805
F 5805 5871 5870
F 5871 5872 5937
F 5936 5871 5937
F 6003 6067 6002
F 6068 6067 6003
F 6354 6403 6353
F 6403 6402 6353
F 6403 6355 6404
F 6355 6403 6354
F 6451 6403 6404
F 6450 6403 6451
F 6449 6403 6450
F 6403 6449 6402
F 6401 6449 6448
F 6402 6449 6401
F 6449 6495 6448
F 6449 6496 6495
F 6496 6449 6497
F 6449 6450 6497
F 6777 6841 6776
F 6842 6841 6777
F 6550 6593 6549
F 6550 6594 6593
F 6596 6597 6640
F 6639 6596 6640
F 6596 6638 6595
F 6596 6639 6638
F 6543 6587 6586
F 6542 6543 6586
F 6452 6405 6406
F 6453 6452 6406
F 6405 6452 6404
F 6452 6451 6404
F 6452 6453 6500
F 6499 6452 6500
F 6360 6309 6310
F 6309 6360 6359
F 6359 6360 6408
F 6360 6409 6408
F 6458 6410 6411
F 6457 6410 6458
F 6410 6457 6456
F 6409 6410 6456
F 1492 1564 1563
F 1564 1492 1493
F 2290 2201 2291
F 2201 2290 2200
F 2114 2201 2200
F 2201 2114 2115
F 890 952 951
F 952 890 891
F 1015 950 951
F 950 1015 1014
F 1082 1018 1083
F 1018 1082 1017
F 728 788 787
F 727 728 787
F 6116 6117 6179
F 6178 6116 6179
F 5857 5923 5922
F 5923 5857 5858
F 5922 5923 5987
F 5923 5988 5987
F 7744 7808 7743
F 7808 7744 7809
F 7616 7551 7552
F 7617 7616 7552
F 8442 8376 8377
F 8376 8442 8441
F 8442 8443 8508
F 8507 8442 8508
F 8442 8377 8378
F 8443 8442 8378
F 8110 8175 8109
F 8175 8174 8109
F 8111 8175 8110
F 8175 8111 8176
F 8174 8175 8239
F 8175 8240 8239
F 8240 8175 8241
F 8241 8175 8176
F 8177 8111 8112
F 8111 8177 8176
F 8177 8241 8176
F 8177 8242 8241
F 8049 8115 8114
F 8115 8049 8050
F 8048 8049 8113
F 8049 8114 8113
F 7924 7989 7988
F 7923 7924 7988
F 7924 7923 7858
F 7859 7924 7858
F 7924 7860 7925
F 7924 7859 7860
F 7793 7794 7858
F 7794 7859 7858
F 7859 7794 7860
F 7860 7794 7795
F 7794 7793 7728
F 7729 7794 7728
F 7730 7794 7729
F 7794 7730 7795
F 7730 7666 7731
F 7666 7730 7665
F 8115 8116 8180
F 8116 8181 8180
F 8116 8050 8051
F 8116 8115 8050
F 8181 8116 8182
F 8116 8117 8182
F 8052 8116 8051
F 8117 8116 8052
F 8545 8544 8480
F 8544 8479 8480
F 7507 7571 7506
F 7571 7507 7572
F 7571 7637 7636
F 7637 7571 7572
F 7506 7571 7505
F 7571 7570 7505
F 7571 7635 7570
F 7635 7571 7636
F 7635 7700 7699
F 7634 7635 7699
F 7635 7636 7701
F 7700 7635 7701
F 7570 7635 7569
F 7569 7635 7634
F 6853 6917 6852
F 6917 6853 6918
F 6919 6853 6854
F 6853 6919 6918
F 7245 7309 7244
F 7245 7310 7309
F 7245 7179 7180
F 7179 7245 7244
F 7310 7245 7311
F 7245 7246 7311
F 7245 7180 7181
F 7246 7245 7181
F 6917 6983 6982
F 6983 6917 6918
F 7373 7372 7308
F 7372 7307 7308
F 7438 7372 7373
F 7437 7372 7438
F 7372 7306 7307
F 7306 7372 7371
F 7242 7306 7241
F 7307 7306 7242
F 7306 7240 7241
F 7306 7305 7240
F 7372 7436 7371
F 7436 7372 7437
F 7436 7437 7502
F 7436 7502 7501
F 7500 7436 7501
F 7435 7436 7500
F 7306 7370 7305
F 7370 7306 7371
F 7370 7436 7435
F 7436 7370 7371
F 7370 7369 7304
F 7305 7370 7304
F 7370 7434 7369
F 7370 7435 7434
F 7568 7569 7634
F 7633 7568 7634
F 7504 7568 7503
F 7568 7504 7569
F 7568 7632 7567
F 7632 7568 7633
F 7568 7502 7503
F 7568 7567 7502
F 7762 7827 7826
F 7761 7762 7826
F 8087 8153 8152
F 8088 8153 8087
F 7961 7897 7962
F 7896 7897 7961
F 7897 7896 7831
F 7897 7831 7832
F 7959 7893 7894
F 7959 7958 7893
F 7958 7959 8023
F 7959 8024 8023
F 8156 8157 8221
F 8157 8222 8221
F 8157 8156 8091
F 8092 8157 8091
F 8151 8215 8150
F 8216 8215 8151
F 8215 8149 8150
F 8149 8215 8214
F 8222 8286 8221
F 8286 8222 8287
F 8286 8220 8221
F 8286 8285 8220
F 6855 6789 6790
F 6855 6854 6789
F 6791 6855 6790
F 6856 6855 6791
F 6857 6791 6792
F 6857 6856 6791
F 6857 6922 6921
F 6856 6857 6921
F 6734 6690 6735
F 6689 6690 6734
F 6645 6602 6603
F 6646 6645 6603
F 6645 6690 6689
F 6690 6645 6646
F 6645 6688 6644
F 6645 6689 6688
F 6556 6510 6511
F 6510 6556 6555
F 6556 6600 6599
F 6556 6599 6555
F 6645 6601 6602
F 6601 6645 6644
F 6643 6601 6644
F 6600 6601 6643
F 6786 6729 6730
F 6787 6786 6730
F 6786 6728 6729
F 6728 6786 6785
F 6851 6786 6852
F 6852 6786 6787
F 6786 6850 6785
F 6786 6851 6850
F 6778 6842 6777
F 6842 6778 6843
F 6778 6777 6720
F 6721 6778 6720
F 6722 6678 6723
F 6678 6722 6677
F 6722 6721 6676
F 6722 6676 6677
F 6679 6725 6724
F 6725 6679 6680
F 6725 6680 6681
F 6726 6725 6681
F 8207 8273 8272
F 8273 8207 8208
F 8073 8139 8138
F 8139 8073 8074
F 8203 8139 8204
F 8139 8203 8138
F 8139 8075 8140
F 8075 8139 8074
F 8139 8205 8204
F 8205 8139 8140
F 8143 8079 8144
F 8079 8143 8078
F 8209 8143 8144
F 8143 8209 8208
F 8401 8335 8336
F 8335 8401 8400
F 8399 8335 8400
F 8334 8335 8399
F 8332 8268 8333
F 8268 8332 8267
F 8398 8332 8333
F 8397 8332 8398
F 8462 8463 8528
F 8527 8462 8528
F 8462 8526 8461
F 8526 8462 8527
F 8463 8462 8398
F 8462 8397 8398
F 8392 8456 8391
F 8456 8392 8457
F 8326 8392 8391
F 8327 8392 8326
F 8392 8458 8457
F 8458 8392 8393
F 8522 8458 8523
F 8458 8522 8457
F 8458 8459 8524
F 8523 8458 8524
F 8392 8328 8393
F 8328 8392 8327
F 8328 8327 8262
F 8328 8262 8263
F 8329 8328 8264
F 8264 8328 8263
F 8458 8394 8459
F 8394 8458 8393
F 8394 8328 8329
F 8328 8394 8393
F 8459 8394 8460
F 8460 8394 8395
F 8394 8329 8330
F 8394 8330 8395
F 7878 7812 7813
F 7812 7878 7877
F 7878 7813 7814
F 7879 7878 7814
F 7815 7880 7814
F 7880 7879 7814
F 8136 8202 8201
F 8202 8136 8137
F 8071 8072 8137
F 8136 8071 8137
F 7742 7808 7807
F 7808 7742 7743
F 7822 7821 7756
F 7757 7822 7756
F 7823 7822 7758
F 7822 7757 7758
F 8084 8018 8019
F 8084 8083 8018
F 8020 8084 8019
F 8085 8084 8020
F 8083 8084 8148
F 8084 8149 8148
F 8084 8085 8150
F 8149 8084 8150
F 8080 8146 8145
F 8146 8080 8081
F 8082 8017 8018
F 8083 8082 8018
F 8017 8082 8016
F 8016 8082 8081
F 8082 8083 8148
F 8147 8082 8148
F 8082 8146 8081
F 8146 8082 8147
F 8213 8149 8214
F 8149 8213 8148
F 8213 8147 8148
F 8147 8213 8212
F 8344 8345 8410
F 8409 8344 8410
F 8344 8408 8343
F 8344 8409 8408
F 9968 9900 9901
F 9900 9968 9967
F 9900 9834 9901
F 9900 9833 9834
F 9631 9563 9564
F 9630 9563 9631
F 9563 9496 9497
F 9564 9563 9497
F 9563 9630 9629
F 9562 9563 9629
F 9496 9563 9495
F 9563 9562 9495
F 10495 10494 10445
F 10494 10444 10445
F 10443 10494 10493
F 10494 10443 10444
F 10545 10494 10495
F 10544 10494 10545
F 10547 10596 10546
F 10596 10547 10597
F 10596 10647 10646
F 10647 10596 10597
F 10596 10545 10546
F 10596 10595 10545
F 10596 10645 10595
F 10645 10596 10646
F 10696 10645 10646
F 10645 10696 10695
F 10595 10645 10594
F 10645 10644 10594
F 10694 10645 10695
F 10644 10645 10694
F 10543 10494 10544
F 10494 10543 10493
F 10492 10543 10542
F 10543 10492 10493
F 10543 10544 10594
F 10593 10543 10594
F 10543 10592 10542
F 10543 10593 10592
F 5834 5768 5769
F 5768 5834 5833
F 5834 5769 5770
F 5835 5834 5770
F 5965 5901 5966
F 5901 5965 5900
F 5963 5897 5898
F 5963 5962 5897
F 6098 6160 6097
F 6160 6098 6161
F 6156 6092 6093
F 6092 6156 6155
F 6032 5967 6033
F 5967 5968 6033
F 6929 6865 6930
F 6865 6929 6864
F 6929 6928 6863
F 6929 6863 6864
F 7183 7119 7184
F 7119 7183 7118
F 7053 7119 7118
F 7054 7119 7053
F 6928 6992 6927
F 6992 6928 6993
F 7318 7252 7253
F 7252 7318 7317
F 6989 7054 7053
F 6988 6989 7053
F 6989 6988 6923
F 6924 6989 6923
F 6794 6738 6795
F 6738 6794 6737
F 6737 6794 6736
F 6794 6793 6736
F 7122 7188 7187
F 7188 7122 7123
F 7188 7252 7187
F 7252 7188 7253
F 7254 7318 7253
F 7318 7254 7319
F 7188 7254 7253
F 7254 7188 7189
F 7321 7385 7320
F 7321 7386 7385
F 7639 7704 7703
F 7638 7639 7703
F 7704 7639 7705
F 7639 7640 7705
F 7509 7574 7508
F 7574 7573 7508
F 7574 7639 7638
F 7574 7638 7573
F 7576 7642 7641
F 7576 7577 7642
F 7770 7835 7769
F 7769 7835 7834
F 7771 7770 7705
F 7706 7771 7705
F 7771 7706 7707
F 7772 7771 7707
F 7771 7835 7770
F 7835 7771 7836
F 7510 7509 7444
F 7445 7510 7444
F 6524 6525 6570
F 6569 6524 6570
F 6799 6865 6864
F 6865 6799 6800
F 6868 6802 6803
F 6802 6868 6867
F 6867 6868 6932
F 6868 6933 6932
F 7000 6999 6935
F 6935 6999 6934
F 6744 6801 6743
F 6801 6800 6743
F 6865 6801 6866
F 6801 6865 6800
F 6801 6744 6745
F 6802 6801 6745
F 6801 6867 6866
F 6801 6802 6867
F 6561 6605 6604
F 6560 6561 6604
F 6605 6561 6606
F 6561 6562 6606
F 6270 6214 6271
F 6214 6270 6213
F 6272 6323 6271
F 6323 6272 6324
F 6272 6214 6215
F 6214 6272 6271
F 6272 6325 6324
F 6325 6272 6273
F 6274 6325 6273
F 6325 6274 6326
F 6692 6738 6737
F 6738 6692 6693
F 6649 6692 6648
F 6692 6649 6693
F 6692 6737 6736
F 6691 6692 6736
F 6692 6647 6648
F 6692 6691 6647
F 6566 6611 6610
F 6566 6567 6611
F 6609 6565 6610
F 6565 6566 6610
F 6650 6694 6693
F 6649 6650 6693
F 6695 6650 6651
F 6694 6650 6695
F 6650 6649 6606
F 6607 6650 6606
F 6650 6608 6651
F 6650 6607 6608
F 6523 6524 6569
F 6523 6569 6568
F 6525 6479 6526
F 6479 6525 6478
F 6524 6477 6525
F 6525 6477 6478
F 6477 6523 6476
F 6523 6477 6524
F 4709 4774 4708
F 4774 4773 4708
F 4710 4774 4709
F 4774 4710 4775
F 4773 4774 4838
F 4774 4839 4838
F 4839 4774 4840
F 4840 4774 4775
F 4642 4641 4577
F 4641 4576 4577
F 4641 4575 4576
F 4641 4640 4575
F 4902 4901 4837
F 4901 4836 4837
F 4898 4899 4963
F 4899 4964 4963
F 4640 4639 4575
F 4639 4574 4575
F 5108 5043 5109
F 5043 5044 5109
F 5043 4978 4979
F 5044 5043 4979
F 4717 4782 4781
F 4716 4717 4781
F 5112 5176 5111
F 5176 5112 5177
F 5241 5176 5242
F 5242 5176 5177
F 5175 5176 5240
F 5176 5241 5240
F 4785 4849 4784
F 4849 4785 4850
F 4719 4785 4784
F 4785 4719 4720
F 4656 4591 4657
F 4657 4591 4592
F 4721 4656 4657
F 4722 4721 4657
F 4719 4655 4720
F 4655 4719 4654
F 4655 4589 4590
F 4589 4655 4654
F 4721 4655 4656
F 4655 4721 4720
F 4655 4591 4656
F 4591 4655 4590
F 5424 5490 5489
F 5490 5424 5425
F 5424 5488 5423
F 5488 5424 5489
F 5424 5360 5425
F 5360 5424 5359
F 5359 5424 5358
F 5358 5424 5423
F 5032 5098 5097
F 5098 5032 5033
F 5098 5033 5034
F 5099 5098 5034
F 5163 5098 5164
F 5098 5099 5164
F 4646 4712 4711
F 4647 4712 4646
F 4712 4648 4713
F 4712 4647 4648
F 4974 4908 4909
F 4908 4974 4973
F 4974 4975 5040
F 5039 4974 5040
F 4974 4909 4910
F 4975 4974 4910
F 4776 4710 4711
F 4710 4776 4775
F 4776 4841 4840
F 4776 4840 4775
F 5281 5347 5346
F 5347 5281 5282
F 5281 5346 5345
F 5280 5281 5345
F 5350 5285 5351
F 5285 5286 5351
F 5285 5350 5349
F 5284 5285 5349
F 5285 5219 5220
F 5285 5284 5219
F 5087 5153 5152
F 5153 5087 5088
F 5153 5217 5152
F 5217 5153 5218
F 5283 5284 5349
F 5348 5283 5349
F 5347 5283 5348
F 5283 5347 5282
F 5284 5283 5219
F 5283 5218 5219
F 5283 5217 5218
F 5217 5283 5282
F 4633 4632 4568
F 4632 4567 4568
F 4632 4566 4567
F 4566 4632 4631
F 4630 4566 4631
F 4566 4630 4565
F 4954 4888 4889
F 4888 4954 4953
F 4824 4888 4823
F 4888 4824 4889
F 4952 4888 4953
F 4888 4952 4887
F 4888 4822 4823
F 4888 4887 4822
F 5150 5149 5085
F 5085 5149 5084
F 5022 5023 5088
F 5087 5022 5088
F 5469 5468 5403
F 5469 5403 5404
F 5532 5598 5597
F 5598 5532 5533
F 5531 5532 5596
F 5596 5532 5597
F 4943 5009 5008
F 4944 5009 4943
F 5076 5140 5075
F 5140 5076 5141
F 5493 5557 5492
F 5493 5558 5557
F 5493 5559 5558
F 5559 5493 5494
F 5623 5559 5624
F 5558 5559 5623
F 5495 5559 5494
F 5559 5495 5560
F 5559 5625 5624
F 5559 5560 5625
F 4980 4914 4915
F 4914 4980 4979
F 4980 5044 4979
F 4980 5045 5044
F 5110 5176 5175
F 5176 5110 5111
F 5110 5174 5109
F 5110 5175 5174
F 5045 5110 5044
F 5044 5110 5109
F 5493 5429 5494
F 5429 5493 5428
F 5429 5428 5363
F 5364 5429 5363
F 5854 5790 5855
F 5790 5854 5789
F 5854 5855 5920
F 5919 5854 5920
F 5854 5853 5788
F 5854 5788 5789
F 5854 5919 5918
F 5853 5854 5918
F 5660 5595 5596
F 5660 5596 5661
F 5660 5726 5725
F 5726 5660 5661
F 5595 5660 5594
F 5660 5659 5594
F 5724 5660 5725
F 5659 5660 5724
F 9731 9730 9664
F 9730 9663 9664
F 9663 9730 9662
F 9730 9729 9662
F 9798 9730 9731
F 9797 9730 9798
F 9730 9797 9796
F 9729 9730 9796
F 9530 9531 9598
F 9597 9530 9598
F 9531 9530 9464
F 9530 9463 9464
F 9530 9597 9596
F 9529 9530 9596
F 9463 9530 9462
F 9530 9529 9462
F 9389 9321 9322
F 9389 9388 9321
F 9323 9389 9322
F 9390 9389 9323
F 9309 9310 9377
F 9376 9309 9377
F 9726 9727 9793
F 9727 9794 9793
F 9659 9727 9726
F 9727 9659 9660
F 9794 9727 9795
F 9727 9728 9795
F 9661 9727 9660
F 9728 9727 9661
F 9975 10042 9974
F 10042 10041 9974
F 10042 9976 10043
F 10042 9975 9976
F 10042 10108 10041
F 10042 10109 10108
F 10110 10042 10043
F 10109 10042 10110
F 10233 10283 10232
F 10283 10282 10232
F 10234 10283 10233
F 10284 10283 10234
F 8939 8940 9006
F 8940 9007 9006
F 8940 8939 8872
F 8940 8872 8873
F 8874 8940 8873
F 8941 8940 8874
F 9008 8940 8941
F 8940 9008 9007
F 9008 9076 9075
F 9076 9008 9009
F 9008 8942 9009
F 9008 8941 8942
F 9206 9140 9207
F 9140 9206 9139
F 9072 9140 9139
F 9073 9140 9072
F 10207 10258 10257
F 10208 10258 10207
F 10257 10258 10307
F 10258 10308 10307
F 10308 10258 10309
F 10258 10259 10309
F 8935 8869 8936
F 8935 8868 8869
F 8935 9003 9002
F 9003 8935 8936
F 8935 8867 8868
F 8935 8934 8867
F 8935 9002 9001
F 8934 8935 9001
F 10205 10206 10256
F 10255 10205 10256
F 10205 10139 10206
F 10139 10205 10138
F 10254 10205 10255
F 10204 10205 10254
F 10205 10204 10137
F 10205 10137 10138
F 10072 10005 10006
F 10073 10072 10006
F 10139 10072 10140
F 10072 10073 10140
F 10072 10004 10005
F 10072 10071 10004
F 10072 10139 10138
F 10071 10072 10138
F 10069 10070 10136
F 10070 10137 10136
F 10003 10070 10002
F 10070 10069 10002
F 10070 10071 10138
F 10137 10070 10138
F 10004 10070 10003
F 10071 10070 10004
F 10258 10209 10259
F 10209 10258 10208
F 10209 10210 10260
F 10259 10209 10260
F 10209 10208 10141
F 10142 10209 10141
F 10209 10143 10210
F 10209 10142 10143
F 12334 12401 12333
F 12401 12400 12333
F 12401 12335 12402
F 12401 12334 12335
F 12469 12401 12402
F 12468 12401 12469
F 12467 12401 12468
F 12401 12467 12400
F 12533 12467 12534
F 12467 12533 12466
F 12467 12466 12399
F 12400 12467 12399
F 12467 12535 12534
F 12467 12468 12535
F 12189 12123 12190
F 12123 12189 12122
F 12190 12123 12191
F 12123 12124 12191
F 12070 12069 12002
F 12003 12070 12002
F 12141 12140 12074
F 12140 12073 12074
F 12208 12140 12141
F 12207 12140 12208
F 12073 12140 12072
F 12140 12139 12072
F 12140 12207 12206
F 12139 12140 12206
F 11867 11868 11934
F 11868 11935 11934
F 11935 11868 11936
F 11936 11868 11869
F 11800 11868 11867
F 11801 11868 11800
F 11868 11802 11869
F 11868 11801 11802
F 11688 11687 11620
F 11688 11620 11621
F 11688 11755 11754
F 11687 11688 11754
F 11553 11619 11552
F 11619 11553 11620
F 11553 11485 11486
F 11485 11553 11552
F 11620 11553 11621
F 11553 11554 11621
F 11487 11553 11486
F 11554 11553 11487
F 11784 11850 11783
F 11851 11850 11784
F 11850 11851 11918
F 11917 11850 11918
F 8456 8521 8455
F 8455 8521 8520
F 8521 8456 8457
F 8522 8521 8457
F 11912 11978 11911
F 11912 11979 11978
F 11912 11911 11844
F 11845 11912 11844
F 11912 11980 11979
F 11912 11913 11980
F 11912 11845 11846
F 11913 11912 11846
F 8098 8034 8099
F 8034 8098 8033
F 8164 8098 8099
F 8098 8164 8163
F 8032 8098 8097
F 8098 8032 8033
F 8098 8163 8162
F 8097 8098 8162
F 8034 7968 7969
F 7968 8034 8033
F 7969 7968 7904
F 7968 7903 7904
F 8292 8358 8357
F 8358 8292 8293
F 8292 8228 8293
F 8292 8227 8228
F 8292 8226 8227
F 8226 8292 8291
F 8488 8423 8424
F 8488 8424 8489
F 8296 8361 8295
F 8361 8360 8295
F 8361 8296 8297
F 8362 8361 8297
F 8360 8426 8425
F 8361 8426 8360
F 8426 8361 8362
F 8426 8362 8427
F 8490 8424 8425
F 8424 8490 8489
F 8428 8492 8427
F 8492 8428 8493
F 8428 8494 8493
F 8494 8428 8429
F 8442 8506 8441
F 8506 8442 8507
F 8440 8375 8376
F 8440 8376 8441
F 8506 8440 8441
F 8440 8506 8505
F 7873 7937 7872
F 7938 7937 7873
F 8130 8065 8131
F 8131 8065 8066
F 8065 8130 8129
F 8064 8065 8129
F 8384 8383 8318
F 8319 8384 8318
F 8125 8190 8189
F 8125 8189 8124
F 8190 8125 8191
F 8191 8125 8126
F 8059 8125 8124
F 8125 8059 8060
F 8059 7994 8060
F 8060 7994 7995
F 8119 8183 8118
F 8119 8184 8183
F 8119 8053 8054
F 8053 8119 8118
F 8184 8119 8185
F 8119 8120 8185
F 8055 8119 8054
F 8119 8055 8120
F 8120 8055 8121
F 8055 8056 8121
F 7586 7521 7522
F 7586 7522 7587
F 7586 7520 7521
F 7520 7586 7585
F 7648 7713 7712
F 7647 7648 7712
F 7777 7776 7712
F 7776 7711 7712
F 7842 7776 7777
F 7841 7776 7842
F 7316 7381 7315
F 7381 7380 7315
F 7381 7316 7317
F 7382 7381 7317
F 7384 7383 7319
F 7383 7318 7319
F 7318 7383 7317
F 7383 7382 7317
F 7260 7324 7259
F 7324 7260 7325
F 7260 7195 7196
F 7261 7260 7196
F 7195 7260 7194
F 7194 7260 7259
F 7061 6995 6996
F 6995 7061 7060
F 6997 7061 6996
F 7062 7061 6997
F 7191 7127 7192
F 7127 7191 7126
F 7127 7061 7062
F 7061 7127 7126
F 7192 7127 7193
F 7127 7128 7193
F 7128 7127 7063
F 7127 7062 7063
F 6937 7003 7002
F 7003 6937 6938
F 7200 7134 7135
F 7134 7200 7199
F 7134 7198 7133
F 7198 7134 7199
F 7134 7070 7135
F 7070 7134 7069
F 7136 7070 7071
F 7070 7136 7135
F 6807 6751 6808
F 6751 6807 6750
F 7321 7387 7386
F 7387 7321 7322
F 7451 7387 7452
F 7386 7387 7451
F 7388 7387 7323
F 7323 7387 7322
F 7387 7453 7452
F 7387 7388 7453
F 7257 7191 7192
F 7191 7257 7256
F 7321 7257 7322
F 7257 7321 7256
F 7257 7323 7322
F 7257 7258 7323
F 7258 7257 7193
F 7257 7192 7193
F 7122 7058 7123
F 7058 7122 7057
F 6992 7058 7057
F 7058 6992 6993
F 7191 7125 7126
F 7125 7191 7190
F 7061 7125 7060
F 7125 7061 7126
F 6762 6818 6761
F 6818 6762 6819
F 6818 6817 6760
F 6761 6818 6760
F 6877 6876 6812
F 6876 6811 6812
F 2237 2328 2236
F 2328 2237 2329
F 2328 2327 2235
F 2236 2328 2235
F 6881 6816 6882
F 6816 6817 6882
F 7197 7261 7196
F 7197 7262 7261
F 7197 7131 7132
F 7131 7197 7196
F 7198 7197 7133
F 7197 7132 7133
F 7263 7197 7198
F 7197 7263 7262
F 7327 7263 7328
F 7262 7263 7327
F 7263 7198 7199
F 7264 7263 7199
F 7390 7324 7325
F 7324 7390 7389
F 7454 7390 7455
F 7390 7454 7389
F 7390 7456 7455
F 7390 7391 7456
F 7326 7260 7261
F 7260 7326 7325
F 7390 7326 7391
F 7326 7390 7325
F 7326 7262 7327
F 7262 7326 7261
F 7392 7326 7327
F 7391 7326 7392
F 7330 7266 7331
F 7266 7330 7265
F 7266 7200 7201
F 7200 7266 7265
F 7266 7332 7331
F 7332 7266 7267
F 7332 7397 7396
F 7331 7332 7396
F 7332 7398 7397
F 7332 7333 7398
F 7333 7332 7268
F 7332 7267 7268
F 7010 7074 7009
F 7074 7010 7075
F 7074 7008 7009
F 7074 7073 7008
F 7848 7784 7849
F 7783 7784 7848
F 7784 7850 7849
F 7784 7785 7850
F 7588 7522 7523
F 7522 7588 7587
F 7588 7652 7587
F 7588 7653 7652
F 7718 7784 7783
F 7784 7718 7719
F 7717 7718 7782
F 7718 7783 7782
F 7653 7718 7652
F 7652 7718 7717
F 7591 7590 7526
F 7590 7525 7526
F 7656 7657 7722
F 7721 7656 7722
F 7656 7591 7592
F 7657 7656 7592
F 7656 7590 7591
F 7590 7656 7655
F 7720 7784 7719
F 7784 7720 7785
F 7656 7720 7655
F 7720 7656 7721
F 7720 7721 7786
F 7785 7720 7786
F 7979 7915 7980
F 7915 7979 7914
F 8045 7979 7980
F 8044 7979 8045
F 8172 8238 8237
F 8172 8173 8238
F 8233 8169 8234
F 8169 8233 8168
F 8235 8169 8170
F 8169 8235 8234
F 7844 7778 7779
F 7844 7843 7778
F 7847 7781 7782
F 7847 7846 7781
F 7783 7847 7782
F 7847 7783 7848
F 7846 7847 7911
F 7847 7912 7911
F 7913 7847 7848
F 7912 7847 7913
F 225 236 235
F 236 225 226
F 243 244 253
F 244 254 253
F 234 244 243
F 244 234 235
F 244 236 245
F 236 244 235
F 287 277 288
F 277 287 276
F 314 302 315
F 314 301 302
F 291 304 303
F 290 291 303
F 304 291 305
F 291 292 305
F 263 273 262
F 273 272 262
F 271 272 283
F 271 283 282
F 271 281 270
F 281 271 282
F 271 261 262
F 272 271 262
F 260 271 270
F 261 271 260
F 6390 6389 6339
F 6340 6390 6339
F 6438 6390 6439
F 6390 6438 6389
F 6391 6390 6341
F 6341 6390 6340
F 6390 6440 6439
F 6390 6391 6440
F 5322 5258 5323
F 5258 5322 5257
F 5258 5259 5324
F 5323 5258 5324
F 5322 5321 5257
F 5257 5321 5256
F 5321 5387 5386
F 5321 5322 5387
F 5385 5321 5386
F 5320 5321 5385
F 5255 5321 5320
F 5321 5255 5256
F 5189 5255 5254
F 5255 5189 5190
F 5191 5255 5190
F 5255 5191 5256
F 5255 5319 5254
F 5255 5320 5319
F 5311 5245 5246
F 5310 5245 5311
F 5244 5245 5309
F 5245 5310 5309
F 5509 5445 5510
F 5445 5509 5444
F 5642 5708 5707
F 5708 5642 5643
F 5642 5707 5706
F 5641 5642 5706
F 6167 6103 6104
F 6103 6167 6166
F 6039 6103 6038
F 6103 6039 6104
F 6103 6166 6165
F 6102 6103 6165
F 6038 6103 6037
F 6103 6102 6037
F 6164 6102 6165
F 6102 6164 6101
F 6036 6102 6101
F 6102 6036 6037
F 6036 5970 5971
F 6036 6035 5970
F 5842 5778 5843
F 5842 5777 5778
F 5777 5842 5776
F 5842 5841 5776
F 6036 5972 6037
F 5972 6036 5971
F 5972 5973 6038
F 5972 6038 6037
F 5969 6035 6034
F 6035 5969 5970
F 5968 5969 6033
F 6033 5969 6034
F 5911 5910 5846
F 5846 5910 5845
F 5910 5844 5845
F 5844 5910 5909
F 5909 5910 5974
F 5910 5975 5974
F 5910 5976 5975
F 5976 5910 5911
F 5976 5911 5912
F 5977 5976 5912
F 6040 5976 6041
F 5975 5976 6040
F 5976 6042 6041
F 6042 5976 5977
F 6042 6106 6041
F 6106 6042 6107
F 6043 6042 5978
F 6042 5977 5978
F 6042 6043 6108
F 6107 6042 6108
F 5648 5582 5583
F 5582 5648 5647
F 5519 5584 5518
F 5584 5583 5518
F 5585 5584 5520
F 5584 5519 5520
F 5584 5648 5583
F 5648 5584 5649
F 5650 5584 5585
F 5649 5584 5650
F 5588 5522 5523
F 5522 5588 5587
F 5522 5587 5586
F 5521 5522 5586
F 5457 5522 5456
F 5522 5521 5456
F 5458 5394 5459
F 5394 5458 5393
F 5458 5522 5457
F 5522 5458 5523
F 5523 5458 5524
F 5524 5458 5459
F 5458 5392 5393
F 5458 5457 5392
F 5718 5783 5782
F 5717 5718 5782
F 5652 5718 5717
F 5718 5652 5653
F 5783 5718 5784
F 5718 5719 5784
F 5654 5718 5653
F 5719 5718 5654
F 5720 5655 5656
F 5721 5720 5656
F 5720 5786 5785
F 5786 5720 5721
F 5720 5654 5655
F 5720 5719 5654
F 5784 5720 5785
F 5719 5720 5784
F 5793 5794 5858
F 5794 5859 5858
F 5860 5794 5795
F 5794 5860 5859
F 5794 5793 5728
F 5729 5794 5728
F 5663 5729 5728
F 5729 5663 5664
F 5664 5663 5599
F 5663 5598 5599
F 5721 5657 5722
F 5657 5721 5656
F 5723 5657 5658
F 5657 5723 5722
F 5591 5657 5656
F 5592 5657 5591
F 5657 5593 5658
F 5657 5592 5593
F 6437 6485 6484
F 6437 6438 6485
F 6437 6388 6389
F 6438 6437 6389
F 6528 6572 6527
F 6572 6528 6573
F 6575 6530 6576
F 6530 6531 6576
F 6658 6703 6702
F 6658 6659 6703
F 6613 6612 6568
F 6569 6613 6568
F 6655 6613 6656
F 6612 6613 6655
F 6613 6569 6570
F 6614 6613 6570
F 6580 6624 6579
F 6624 6623 6579
F 6708 6663 6664
F 6663 6708 6707
F 6707 6708 6752
F 6708 6753 6752
F 6811 6754 6812
F 6754 6755 6812
F 6753 6754 6810
F 6810 6754 6811
F 6622 6621 6577
F 6578 6622 6577
F 6622 6578 6579
F 6623 6622 6579
F 6621 6622 6664
F 6622 6665 6664
F 6666 6622 6623
F 6622 6666 6665
F 6437 6387 6388
F 6387 6437 6436
F 6388 6387 6338
F 6338 6387 6337
F 6387 6336 6337
F 6387 6386 6336
F 6387 6435 6386
F 6435 6387 6436
F 5195 5131 5196
F 5131 5195 5130
F 5260 5195 5261
F 5195 5196 5261
F 4809 4745 4810
F 4745 4809 4744
F 5007 5006 4942
F 4942 5006 4941
F 5069 5133 5068
F 5133 5069 5134
F 5069 5003 5004
F 5069 5068 5003
F 5069 5070 5135
F 5069 5135 5134
F 5201 5137 5202
F 5137 5201 5136
F 5065 5129 5064
F 5129 5065 5130
F 5065 5131 5130
F 5131 5065 5066
F 5000 5065 4999
F 5065 5064 4999
F 5066 5065 5001
F 5065 5000 5001
F 5133 5067 5068
F 5067 5133 5132
F 5067 5131 5066
F 5131 5067 5132
F 5067 5002 5003
F 5068 5067 5003
F 5002 5067 5001
F 5067 5066 5001
F 4747 4813 4812
F 4813 4747 4748
F 4747 4812 4811
F 4746 4747 4811
F 4748 4747 4683
F 4747 4682 4683
F 4747 4681 4682
F 4681 4747 4746
F 4742 4678 4743
F 4742 4677 4678
F 4677 4742 4676
F 4742 4741 4676
F 5000 4935 5001
F 4935 4936 5001
F 4742 4806 4741
F 4806 4742 4807
F 4871 4806 4872
F 4806 4807 4872
F 4741 4806 4740
F 4806 4805 4740
F 5263 5328 5327
F 5262 5263 5327
F 5454 5455 5519
F 5519 5455 5520
F 5455 5521 5520
F 5521 5455 5456
F 5455 5391 5456
F 5455 5390 5391
F 5455 5389 5390
F 5389 5455 5454
F 5325 5389 5324
F 5390 5389 5325
F 5453 5389 5454
F 5388 5389 5453
F 5389 5323 5324
F 5389 5388 5323
F 5060 4994 4995
F 4994 5060 5059
F 5192 5258 5257
F 5258 5192 5193
F 5192 5127 5128
F 5193 5192 5128
F 5191 5192 5256
F 5192 5257 5256
F 4997 4996 4931
F 4932 4997 4931
F 4933 4997 4932
F 4998 4997 4933
F 4605 4604 4540
F 4604 4539 4540
F 4604 4603 4538
F 4539 4604 4538
F 4599 4598 4533
F 4599 4533 4534
F 5121 5120 5055
F 5056 5121 5055
F 5120 5121 5185
F 5121 5186 5185
F 5121 5187 5186
F 5121 5122 5187
F 5121 5057 5122
F 5057 5121 5056
F 5058 5057 4993
F 5057 4992 4993
F 4992 5057 4991
F 5057 5056 4991
F 5057 5058 5123
F 5122 5057 5123
F 5374 5438 5373
F 5438 5374 5439
F 5503 5504 5568
F 5568 5504 5569
F 5504 5438 5439
F 5438 5504 5503
F 5766 5700 5701
F 5765 5700 5766
F 5700 5636 5701
F 5700 5635 5636
F 5570 5571 5636
F 5635 5570 5636
F 5182 5116 5117
F 5116 5182 5181
F 5117 5116 5052
F 5116 5051 5052
F 5116 5050 5051
F 5050 5116 5115
F 4984 5050 5049
F 5050 4984 4985
F 5049 5050 5114
F 5050 5115 5114
F 4986 5050 4985
F 5051 5050 4986
F 8127 8192 8191
F 8127 8191 8126
F 7430 7496 7495
F 7496 7430 7431
F 7495 7496 7560
F 7560 7496 7561
F 7432 7496 7431
F 7497 7496 7432
F 7561 7496 7562
F 7496 7497 7562
F 7619 7554 7555
F 7620 7619 7555
F 7619 7553 7554
F 7553 7619 7618
F 7619 7684 7683
F 7619 7683 7618
F 7619 7685 7684
F 7685 7619 7620
F 7685 7751 7750
F 7751 7685 7686
F 7685 7620 7621
F 7685 7621 7686
F 7685 7750 7749
F 7684 7685 7749
F 7622 7621 7556
F 7622 7556 7557
F 7622 7557 7558
F 7623 7622 7558
F 1091 1157 1156
F 1157 1091 1092
F 1093 1157 1092
F 1157 1093 1158
F 6117 6055 6118
F 6055 6117 6054
F 6119 6180 6118
F 6119 6181 6180
F 6181 6119 6182
F 6119 6120 6182
F 6184 6121 6122
F 6121 6184 6183
F 6120 6121 6182
F 6182 6121 6183
F 6244 6243 6187
F 6243 6186 6187
F 952 892 953
F 892 952 891
F 959 897 898
F 897 959 958
F 6062 5996 5997
F 5996 6062 6061
F 6060 5996 6061
F 5996 6060 5995
F 5727 5791 5726
F 5727 5792 5791
F 5792 5727 5793
F 5793 5727 5728
F 4767 4701 4702
F 4701 4767 4766
F 4637 4701 4636
F 4701 4637 4702
F 4572 4637 4571
F 4637 4636 4571
F 5350 5414 5349
F 5414 5350 5415
F 5348 5414 5413
F 5414 5348 5349
F 5480 5414 5415
F 5479 5414 5480
F 5414 5478 5413
F 5414 5479 5478
F 5992 5926 5927
F 5992 5991 5926
F 5993 5992 5928
F 5928 5992 5927
F 5734 5733 5669
F 5733 5668 5669
F 5865 5799 5800
F 5799 5865 5864
F 5800 5799 5735
F 5799 5734 5735
F 5799 5733 5734
F 5733 5799 5798
F 5799 5863 5798
F 5863 5799 5864
F 5863 5929 5928
F 5929 5863 5864
F 5862 5863 5927
F 5863 5928 5927
F 5863 5797 5798
F 5797 5863 5862
F 5730 5794 5729
F 5794 5730 5795
F 5730 5664 5665
F 5730 5729 5664
F 5610 5544 5545
F 5610 5609 5544
F 5546 5610 5545
F 5611 5610 5546
F 5234 5170 5235
F 5234 5169 5170
F 5487 5421 5422
F 5421 5487 5486
F 5421 5485 5420
F 5485 5421 5486
F 5551 5550 5486
F 5550 5485 5486
F 5221 5285 5220
F 5285 5221 5286
F 5155 5221 5220
F 5221 5155 5156
F 5286 5221 5287
F 5221 5222 5287
F 5159 5224 5223
F 5159 5223 5158
F 5744 5743 5678
F 5679 5744 5678
F 5744 5679 5680
F 5745 5744 5680
F 5877 5811 5812
F 5811 5877 5876
F 6005 6069 6004
F 6069 6005 6070
F 5939 6005 6004
F 5940 6005 5939
F 5941 5877 5942
F 5877 5941 5876
F 6466 6419 6467
F 6467 6419 6420
F 6419 6465 6418
F 6419 6466 6465
F 5827 5761 5762
F 5827 5826 5761
F 5891 5827 5892
F 5826 5827 5891
F 6019 6084 6018
F 6084 6083 6018
F 6084 6019 6020
F 6085 6084 6020
F 6313 6262 6314
F 6313 6261 6262
F 6364 6313 6314
F 6363 6313 6364
F 6313 6312 6260
F 6261 6313 6260
F 6362 6313 6363
F 6312 6313 6362
F 6415 6414 6366
F 6414 6365 6366
F 6414 6415 6462
F 6461 6414 6462
F 7095 7031 7096
F 7031 7095 7030
F 6966 7031 6965
F 6965 7031 7030
F 7093 7094 7159
F 7158 7093 7159
F 7157 7221 7156
F 7221 7157 7222
F 7157 7158 7223
F 7222 7157 7223
F 7157 7093 7158
F 7093 7157 7092
F 6898 6834 6899
F 6834 6898 6833
F 6898 6832 6833
F 6898 6897 6832
F 7352 7286 7287
F 7286 7352 7351
F 7350 7286 7351
F 7286 7350 7285
F 7286 7222 7287
F 7286 7221 7222
F 7220 7286 7285
F 7221 7286 7220
F 7609 7545 7610
F 7545 7609 7544
F 7606 7542 7607
F 7542 7606 7541
F 7479 7480 7544
F 7480 7545 7544
F 7088 7024 7089
F 7024 7088 7023
F 7154 7220 7219
F 7154 7155 7220
F 7154 7088 7089
F 7088 7154 7153
F 7730 7664 7665
F 7664 7730 7729
F 7530 7594 7529
F 7594 7530 7595
F 7464 7530 7529
F 7465 7530 7464
F 7334 7400 7399
F 7335 7400 7334
F 7400 7464 7399
F 7400 7465 7464
F 4025 4026 4121
F 4120 4025 4121
F 3924 4027 4026
F 4027 3924 3925
F 4025 3924 4026
F 3924 4025 3923
F 6826 6766 6767
F 6826 6767 6827
F 6892 6826 6827
F 6826 6892 6891
F 4300 4381 4299
F 4381 4380 4299
F 6767 6768 6827
F 6768 6828 6827
F 6828 6768 6829
F 6768 6769 6829
F 4467 4495 4494
F 4495 4467 4468
F 1726 1651 1652
F 1651 1726 1725
F 1726 1653 1727
F 1653 1726 1652
F 2119 2118 2037
F 2038 2119 2037
F 1958 2041 1957
F 2041 1958 2042
F 1578 1653 1652
F 1578 1652 1577
F 6491 6490 6444
F 6490 6443 6444
F 2384 2385 2476
F 2384 2476 2475
F 2126 2211 2125
F 2211 2126 2212
F 2050 1967 2051
F 1967 2050 1966
F 2052 1969 2053
F 1969 2052 1968
F 2052 1967 1968
F 1967 2052 2051
F 1586 1513 1514
F 1513 1586 1585
F 1444 1443 1373
F 1373 1443 1372
F 1513 1443 1514
F 1443 1513 1442
F 5871 5935 5870
F 5935 5871 5936
F 6065 6128 6064
F 6128 6127 6064
F 6066 6128 6065
F 6128 6066 6129
F 6066 6001 6002
F 6067 6066 6002
F 6131 6069 6132
F 6131 6068 6069
F 6301 6248 6249
F 6248 6301 6300
F 6299 6248 6300
F 6247 6248 6299
F 6246 6297 6245
F 6246 6298 6297
F 6188 6246 6245
F 6246 6188 6189
F 6298 6246 6299
F 6246 6247 6299
F 6969 6905 6970
F 6905 6969 6904
F 2501 2596 2500
F 2596 2595 2500
F 6457 6505 6504
F 6505 6457 6458
F 6504 6505 6549
F 6505 6550 6549
F 6498 6452 6499
F 6452 6498 6451
F 6498 6450 6451
F 6450 6498 6497
F 6498 6542 6497
F 6498 6543 6542
F 6498 6544 6543
F 6544 6498 6499
F 6544 6589 6588
F 6589 6544 6545
F 6544 6500 6545
F 6544 6499 6500
F 6587 6544 6588
F 6543 6544 6587
F 6361 6310 6311
F 6361 6360 6310
F 6312 6361 6311
F 6361 6312 6362
F 6360 6361 6409
F 6361 6410 6409
F 6361 6362 6411
F 6410 6361 6411
F 2043 2124 2123
F 2042 2043 2123
F 1801 1878 1800
F 1878 1801 1879
F 2041 1956 1957
F 1956 2041 2040
F 1953 2036 1952
F 2036 1953 2037
F 1873 1953 1872
F 1953 1873 1954
F 1953 1954 2038
F 1953 2038 2037
F 1953 1871 1872
F 1871 1953 1952
F 1871 1792 1793
F 1792 1871 1870
F 1723 1801 1800
F 1801 1723 1724
F 1723 1650 1724
F 1650 1723 1649
F 1650 1651 1725
F 1724 1650 1725
F 1651 1576 1652
F 1652 1576 1577
F 1278 1214 1279
F 1214 1215 1279
F 1492 1422 1493
F 1422 1492 1421
F 1280 1352 1351
F 1352 1280 1281
F 2203 2117 2204
F 2117 2118 2204
F 2117 2036 2037
F 2118 2117 2037
F 2202 2117 2203
F 2117 2202 2116
F 2202 2115 2116
F 2202 2201 2115
F 2201 2202 2291
F 2291 2202 2292
F 2473 2381 2382
F 2381 2473 2472
F 2381 2290 2291
F 2382 2381 2291
F 2864 2764 2865
F 2764 2864 2763
F 764 824 763
F 763 824 823
F 1081 1015 1016
F 1081 1080 1015
F 1017 1081 1016
F 1082 1081 1017
F 954 1017 953
F 954 1018 1017
F 1147 1082 1083
F 1148 1147 1083
F 1214 1147 1215
F 1147 1148 1215
F 849 850 913
F 913 850 914
F 788 850 787
F 850 849 787
F 669 728 727
F 669 727 668
F 6053 6052 5987
F 5988 6053 5987
F 6053 5989 6054
F 5989 6053 5988
F 6052 6053 6115
F 6053 6116 6115
F 6117 6053 6054
F 6116 6053 6117
F 5924 5923 5858
F 5859 5924 5858
F 5924 5860 5925
F 5860 5924 5859
F 5923 5924 5988
F 5924 5989 5988
F 7682 7748 7747
F 7748 7682 7683
F 7682 7617 7618
F 7683 7682 7618
F 8178 8112 8113
F 8178 8177 8112
F 8179 8178 8114
F 8114 8178 8113
F 8177 8178 8242
F 8178 8243 8242
F 8178 8179 8244
F 8243 8178 8244
F 8241 8307 8306
F 8242 8307 8241
F 8430 8494 8429
F 8494 8430 8495
F 8430 8496 8495
F 8496 8430 8431
F 8502 8436 8437
F 8436 8502 8501
F 8500 8436 8501
F 8436 8500 8435
F 8304 8240 8305
F 8240 8304 8239
F 8370 8304 8305
F 8304 8370 8369
F 7985 7984 7920
F 7920 7984 7919
F 7918 7984 7983
F 7984 7918 7919
F 7984 7985 8050
F 8049 7984 8050
F 7984 8048 7983
F 7984 8049 8048
F 7603 7667 7602
F 7667 7603 7668
F 7602 7667 7601
F 7667 7666 7601
F 8543 8478 8479
F 8544 8543 8479
F 8543 8542 8477
F 8478 8543 8477
F 6731 6788 6730
F 6788 6787 6730
F 6732 6788 6731
F 6788 6732 6789
F 6788 6853 6852
F 6788 6852 6787
F 6853 6788 6854
F 6854 6788 6789
F 7049 6984 7050
F 7050 6984 6985
F 6919 6984 6918
F 6984 6983 6918
F 6984 7048 6983
F 7048 6984 7049
F 7048 7112 7047
F 7112 7048 7113
F 7113 7048 7114
F 7048 7049 7114
F 6982 7048 7047
F 6983 7048 6982
F 7829 7763 7764
F 7763 7829 7828
F 7827 7763 7828
F 7762 7763 7827
F 7697 7696 7631
F 7632 7697 7631
F 7697 7761 7696
F 7697 7762 7761
F 8283 8218 8284
F 8218 8219 8284
F 8218 8283 8282
F 8218 8282 8217
F 8152 8218 8217
F 8153 8218 8152
F 8154 8218 8153
F 8218 8154 8219
F 8154 8090 8155
F 8090 8154 8089
F 8220 8154 8155
F 8219 8154 8220
F 8154 8088 8089
F 8154 8153 8088
F 7896 7960 7895
F 7960 7896 7961
F 7895 7960 7894
F 7960 7959 7894
F 8344 8280 8345
F 8280 8344 8279
F 8215 8280 8214
F 8214 8280 8279
F 8350 8414 8349
F 8414 8350 8415
F 8350 8349 8284
F 8285 8350 8284
F 6920 6984 6919
F 6984 6920 6985
F 6986 6920 6921
F 6920 6986 6985
F 6920 6919 6854
F 6855 6920 6854
F 6920 6855 6856
F 6920 6856 6921
F 6557 6511 6512
F 6557 6556 6511
F 6557 6513 6558
F 6513 6557 6512
F 6556 6557 6600
F 6557 6601 6600
F 6602 6557 6558
F 6601 6557 6602
F 7041 7107 7106
F 7041 7042 7107
F 6634 6590 6591
F 6633 6590 6634
F 6547 6590 6546
F 6590 6547 6591
F 6546 6590 6545
F 6590 6589 6545
F 6590 6632 6589
F 6632 6590 6633
F 6632 6675 6631
F 6675 6632 6676
F 6632 6633 6677
F 6676 6632 6677
F 6588 6632 6631
F 6589 6632 6588
F 6783 6849 6848
F 6783 6784 6849
F 6784 6783 6727
F 6783 6726 6727
F 8403 8338 8404
F 8338 8339 8404
F 8402 8338 8403
F 8337 8338 8402
F 8338 8337 8272
F 8273 8338 8272
F 8274 8338 8273
F 8338 8274 8339
F 8274 8209 8210
F 8274 8210 8275
F 8339 8274 8340
F 8340 8274 8275
F 8274 8273 8208
F 8209 8274 8208
F 8011 7947 8012
F 8011 7946 7947
F 7945 8011 8010
F 8011 7945 7946
F 8270 8269 8204
F 8205 8270 8204
F 8270 8206 8271
F 8270 8205 8206
F 8270 8334 8269
F 8270 8335 8334
F 8270 8271 8336
F 8335 8270 8336
F 8331 8330 8265
F 8266 8331 8265
F 8331 8266 8267
F 8332 8331 8267
F 8009 8075 8074
F 8075 8009 8010
F 7947 7881 7882
F 7946 7881 7947
F 7881 7817 7882
F 7817 7881 7816
F 7945 7881 7946
F 7880 7881 7945
F 7881 7815 7816
F 7881 7880 7815
F 7806 7805 7740
F 7741 7806 7740
F 7806 7742 7807
F 7742 7806 7741
F 7806 7807 7872
F 7871 7806 7872
F 7615 7550 7551
F 7616 7615 7551
F 7550 7615 7549
F 7615 7614 7549
F 7887 7953 7952
F 7887 7888 7953
F 7887 7951 7886
F 7951 7887 7952
F 7888 7887 7823
F 7887 7822 7823
F 7821 7887 7886
F 7822 7887 7821
F 8211 8277 8276
F 8277 8211 8212
F 8211 8276 8275
F 8210 8211 8275
F 8211 8147 8212
F 8211 8146 8147
F 8211 8210 8145
F 8146 8211 8145
F 8344 8278 8279
F 8278 8344 8343
F 8342 8278 8343
F 8277 8278 8342
F 8278 8277 8212
F 8213 8278 8212
F 8278 8214 8279
F 8278 8213 8214
F 9899 9966 9965
F 9899 9965 9898
F 9966 9899 9967
F 9899 9900 9967
F 5965 5899 5900
F 5899 5965 5964
F 5963 5899 5964
F 5899 5963 5898
F 5899 5834 5835
F 5899 5835 5900
F 5833 5899 5898
F 5834 5899 5833
F 5773 5837 5772
F 5837 5773 5838
F 6092 6028 6093
F 6028 6092 6027
F 5962 6028 6027
F 5963 6028 5962
F 6220 6278 6277
F 6278 6220 6221
F 6220 6158 6159
F 6220 6159 6221
F 6031 5967 6032
F 5967 6031 5966
F 6994 7058 6993
F 7058 6994 7059
F 6994 6995 7060
F 7059 6994 7060
F 6995 6994 6930
F 6994 6929 6930
F 6929 6994 6928
F 6928 6994 6993
F 6926 6860 6861
F 6860 6926 6925
F 6862 6926 6861
F 6926 6862 6927
F 7251 7252 7317
F 7316 7251 7317
F 6859 6924 6923
F 6858 6859 6923
F 6859 6860 6925
F 6924 6859 6925
F 6794 6859 6793
F 6859 6858 6793
F 6860 6859 6795
F 6859 6794 6795
F 7191 7255 7190
F 7255 7191 7256
F 7321 7255 7256
F 7255 7321 7320
F 7255 7254 7189
F 7255 7189 7190
F 7319 7255 7320
F 7254 7255 7319
F 7640 7575 7641
F 7575 7576 7641
F 7639 7575 7640
F 7574 7575 7639
F 7576 7575 7511
F 7575 7510 7511
F 7575 7574 7509
F 7510 7575 7509
F 6740 6798 6797
F 6741 6798 6740
F 6862 6798 6863
F 6798 6862 6797
F 6863 6798 6864
F 6798 6799 6864
F 6798 6742 6799
F 6742 6798 6741
F 6742 6698 6743
F 6698 6742 6697
F 6742 6741 6696
F 6697 6742 6696
F 6799 6742 6800
F 6800 6742 6743
F 6869 6804 6805
F 6870 6869 6805
F 6869 6870 6935
F 6869 6935 6934
F 6804 6869 6803
F 6869 6868 6803
F 6868 6869 6933
F 6933 6869 6934
F 6998 6997 6932
F 6933 6998 6932
F 7062 6998 7063
F 6998 7062 6997
F 6998 6933 6934
F 6999 6998 6934
F 7066 7065 7001
F 7065 7000 7001
F 6377 6328 6378
F 6328 6377 6327
F 6518 6472 6519
F 6472 6518 6471
F 6520 6472 6473
F 6472 6520 6519
F 6424 6472 6471
F 6472 6424 6425
F 6520 6564 6519
F 6565 6564 6520
F 6564 6609 6608
F 6564 6565 6609
F 6089 6152 6088
F 6088 6152 6151
F 6152 6214 6213
F 6152 6213 6151
F 6216 6272 6215
F 6272 6216 6273
F 6091 6026 6027
F 6092 6091 6027
F 6025 6091 6090
F 6026 6091 6025
F 6091 6092 6155
F 6154 6091 6155
F 6275 6328 6327
F 6328 6275 6276
F 6274 6275 6326
F 6326 6275 6327
F 6521 6565 6520
F 6565 6521 6566
F 6432 6479 6478
F 6431 6432 6478
F 6526 6480 6527
F 6479 6480 6526
F 6432 6480 6479
F 6480 6432 6433
F 6382 6331 6332
F 6331 6382 6381
F 4772 4706 4707
F 4706 4772 4771
F 4706 4642 4707
F 4706 4641 4642
F 4966 5032 5031
F 5032 4966 4967
F 4966 4902 4967
F 4966 4901 4902
F 4835 4769 4770
F 4769 4835 4834
F 4836 4835 4771
F 4835 4770 4771
F 4833 4899 4898
F 4899 4833 4834
F 5042 5107 5106
F 5042 5106 5041
F 5042 4976 4977
F 4976 5042 5041
F 5107 5042 5108
F 5042 5043 5108
F 4978 5042 4977
F 5043 5042 4978
F 4586 4652 4651
F 4652 4586 4587
F 4652 4716 4651
F 4652 4717 4716
F 4916 4851 4917
F 4917 4851 4852
F 4850 4851 4915
F 4851 4916 4915
F 4970 4969 4904
F 4905 4970 4904
F 5038 4974 5039
F 4974 5038 4973
F 4842 4908 4907
F 4908 4842 4843
F 4841 4842 4906
F 4842 4907 4906
F 5276 5277 5342
F 5341 5276 5342
F 5278 5212 5213
F 5212 5278 5277
F 5276 5212 5277
F 5212 5276 5211
F 5216 5281 5280
F 5216 5280 5215
F 5281 5216 5282
F 5216 5217 5282
F 5146 5212 5211
F 5212 5146 5147
F 4697 4633 4698
F 4697 4632 4633
F 4632 4697 4631
F 4631 4697 4696
F 4959 4893 4894
F 4893 4959 4958
F 4695 4630 4631
F 4695 4631 4696
F 4759 4824 4823
F 4758 4759 4823
F 4955 4954 4889
F 4955 4889 4890
F 5214 5149 5150
F 5214 5150 5215
F 5464 5400 5465
F 5400 5464 5399
F 5529 5464 5530
F 5464 5465 5530
F 5464 5463 5398
F 5399 5464 5398
F 5464 5529 5528
F 5463 5464 5528
F 5527 5462 5528
F 5462 5463 5528
F 5403 5339 5404
F 5338 5339 5403
F 5534 5600 5599
F 5534 5535 5600
F 5598 5534 5599
F 5534 5598 5533
F 5469 5534 5468
F 5468 5534 5533
F 5074 5010 5075
F 5009 5010 5074
F 4947 4881 4882
F 4881 4947 4946
F 4879 4943 4878
F 4879 4944 4943
F 4813 4879 4878
F 4879 4813 4814
F 5497 5496 5432
F 5496 5431 5432
F 5562 5496 5497
F 5496 5562 5561
F 5560 5496 5561
F 5495 5496 5560
F 4981 4916 4917
F 4981 4917 4982
F 4981 4980 4915
F 4916 4981 4915
F 5430 5496 5495
F 5496 5430 5431
F 5366 5430 5365
F 5430 5366 5431
F 5430 5495 5494
F 5429 5430 5494
F 5430 5429 5364
F 5430 5364 5365
F 9456 9457 9524
F 9456 9524 9523
F 9522 9456 9523
F 9456 9522 9455
F 9456 9390 9457
F 9456 9389 9390
F 9388 9456 9455
F 9389 9456 9388
F 9176 9242 9175
F 9242 9176 9243
F 9310 9242 9243
F 9309 9242 9310
F 9308 9374 9307
F 9374 9308 9375
F 9308 9376 9375
F 9308 9309 9376
F 10333 10384 10383
F 10333 10334 10384
F 10382 10333 10383
F 10332 10333 10382
F 10333 10284 10334
F 10333 10283 10284
F 10282 10333 10332
F 10283 10333 10282
F 9141 9209 9208
F 9209 9141 9142
F 9141 9208 9207
F 9140 9141 9207
F 12056 11989 11990
F 12057 12056 11990
F 11988 12056 12055
F 12056 11988 11989
F 12124 12056 12057
F 12123 12056 12124
F 12055 12056 12122
F 12056 12123 12122
F 12205 12138 12206
F 12138 12139 12206
F 11689 11623 11690
F 11689 11622 11623
F 11689 11757 11756
F 11689 11690 11757
F 11622 11689 11621
F 11689 11688 11621
F 11755 11689 11756
F 11688 11689 11755
F 11781 11849 11848
F 11782 11849 11781
F 11849 11782 11783
F 11850 11849 11783
F 8032 7967 8033
F 7967 7968 8033
F 7773 7837 7772
F 7837 7773 7838
F 7837 7771 7772
F 7771 7837 7836
F 7899 7963 7898
F 7964 7963 7899
F 7900 7899 7834
F 7835 7900 7834
F 7900 7835 7836
F 7901 7900 7836
F 8031 7967 8032
F 7967 8031 7966
F 8031 8032 8097
F 8096 8031 8097
F 8225 8161 8226
F 8161 8225 8160
F 8227 8161 8162
F 8226 8161 8227
F 8161 8097 8162
F 8161 8096 8097
F 8418 8484 8483
F 8484 8418 8419
F 8487 8422 8423
F 8488 8487 8423
F 8487 8421 8422
F 8421 8487 8486
F 8354 8288 8289
F 8288 8354 8353
F 8418 8354 8419
F 8354 8418 8353
F 8426 8491 8425
F 8491 8490 8425
F 8491 8426 8427
F 8492 8491 8427
F 8362 8363 8427
F 8363 8428 8427
F 8438 8439 8503
F 8439 8504 8503
F 8439 8438 8373
F 8374 8439 8373
F 8439 8440 8505
F 8439 8505 8504
F 8375 8439 8374
F 8440 8439 8375
F 8324 8388 8323
F 8388 8324 8389
F 8449 8513 8448
F 8449 8514 8513
F 8383 8449 8448
F 8384 8449 8383
F 8125 8061 8126
F 8061 8125 8060
F 8061 8127 8126
F 8127 8061 8062
F 8061 8060 7995
F 7996 8061 7995
F 8062 8061 7997
F 8061 7996 7997
F 7931 7996 7995
F 7930 7931 7995
F 8122 8186 8121
F 8186 8122 8187
F 7990 7926 7991
F 7926 7990 7925
F 7924 7990 7989
F 7990 7924 7925
F 8055 7990 8056
F 8056 7990 7991
F 7989 7990 8054
F 7990 8055 8054
F 7926 7927 7991
F 7927 7992 7991
F 7651 7716 7715
F 7650 7651 7715
F 7716 7651 7717
F 7651 7652 7717
F 7586 7651 7585
F 7651 7650 7585
F 7652 7651 7587
F 7651 7586 7587
F 7584 7520 7585
F 7584 7519 7520
F 7709 7643 7644
F 7643 7709 7708
F 7446 7510 7445
F 7510 7446 7511
F 7446 7445 7380
F 7381 7446 7380
F 7004 7070 7069
F 7070 7004 7005
F 7004 6940 7005
F 6940 7004 6939
F 6939 7004 6938
F 7004 7003 6938
F 7134 7068 7069
F 7068 7134 7133
F 7004 7068 7003
F 7068 7004 7069
F 7067 7068 7132
F 7132 7068 7133
F 7068 7067 7002
F 7003 7068 7002
F 6870 6806 6871
F 6806 6870 6805
F 6749 6806 6748
F 6748 6806 6805
F 6806 6749 6750
F 6807 6806 6750
F 6872 6806 6807
F 6806 6872 6871
F 6872 6873 6938
F 6937 6872 6938
F 6872 6937 6936
F 6871 6872 6936
F 6873 6872 6808
F 6872 6807 6808
F 7058 7124 7123
F 7124 7058 7059
F 7124 7188 7123
F 7188 7124 7189
F 7124 7059 7060
F 7125 7124 7060
F 7189 7124 7190
F 7124 7125 7190
F 6941 6875 6876
F 6875 6941 6940
F 6809 6875 6874
F 6875 6809 6810
F 6875 6939 6874
F 6875 6940 6939
F 6876 6875 6811
F 6875 6810 6811
F 372 357 358
F 357 372 371
F 1374 1303 1375
F 1303 1374 1302
F 1447 1376 1448
F 1376 1447 1375
F 1447 1374 1375
F 1374 1447 1446
F 1589 1665 1664
F 1665 1589 1590
F 1595 1669 1594
F 1669 1595 1670
F 1669 1593 1594
F 1593 1669 1668
F 1520 1593 1519
F 1594 1593 1520
F 2069 1983 1984
F 1983 2069 2068
F 2328 2419 2327
F 2327 2419 2418
F 2237 2238 2329
F 2238 2330 2329
F 6879 6815 6880
F 6815 6879 6814
F 6815 6816 6881
F 6815 6881 6880
F 6817 6759 6760
F 6816 6759 6817
F 3243 3138 3244
F 3138 3243 3137
F 3245 3138 3139
F 3138 3245 3244
F 3030 3138 3137
F 3138 3030 3031
F 7203 7269 7268
F 7203 7204 7269
F 7271 7205 7206
F 7205 7271 7270
F 7269 7205 7270
F 7204 7205 7269
F 7461 7395 7396
F 7460 7395 7461
F 7395 7330 7331
F 7395 7331 7396
F 7072 7136 7071
F 7072 7137 7136
F 7072 7073 7138
F 7137 7072 7138
F 7589 7523 7524
F 7589 7588 7523
F 7525 7589 7524
F 7590 7589 7525
F 7978 7913 7914
F 7979 7978 7914
F 7978 7912 7913
F 7912 7978 7977
F 7978 7979 8044
F 8043 7978 8044
F 7978 8042 7977
F 8042 7978 8043
F 8172 8108 8173
F 8108 8172 8107
F 8173 8108 8174
F 8174 8108 8109
F 8108 8042 8043
F 8042 8108 8107
F 8108 8044 8109
F 8108 8043 8044
F 8172 8171 8107
F 8171 8106 8107
F 7781 7845 7780
F 7846 7845 7781
F 7780 7845 7779
F 7845 7844 7779
F 277 278 288
F 278 289 288
F 287 275 276
F 275 287 286
F 275 266 276
F 266 275 265
F 254 264 253
F 264 263 253
F 244 255 254
F 255 244 245
F 255 264 254
F 264 255 265
F 255 266 265
F 266 255 256
F 319 307 320
F 307 319 306
F 319 318 305
F 306 319 305
F 345 332 333
F 345 333 346
F 284 295 283
F 296 295 284
F 297 311 310
F 297 298 311
F 297 296 284
F 285 297 284
F 298 297 286
F 297 285 286
F 356 357 371
F 370 356 371
F 357 356 343
F 356 342 343
F 356 370 369
F 355 356 369
F 356 341 342
F 356 355 341
F 5116 5180 5115
F 5180 5116 5181
F 5180 5179 5114
F 5115 5180 5114
F 5180 5244 5179
F 5180 5245 5244
F 5246 5180 5181
F 5245 5180 5246
F 5381 5380 5316
F 5380 5315 5316
F 5314 5380 5379
F 5380 5314 5315
F 5380 5444 5379
F 5380 5445 5444
F 5380 5446 5445
F 5446 5380 5381
F 5446 5512 5511
F 5512 5446 5447
F 5446 5382 5447
F 5446 5381 5382
F 5446 5511 5510
F 5445 5446 5510
F 5579 5513 5514
F 5578 5513 5579
F 5513 5448 5449
F 5514 5513 5449
F 5448 5513 5447
F 5513 5512 5447
F 5513 5577 5512
F 5577 5513 5578
F 5577 5576 5511
F 5512 5577 5511
F 5577 5578 5643
F 5642 5577 5643
F 5577 5641 5576
F 5577 5642 5641
F 6338 6286 6339
F 6286 6287 6339
F 6285 6338 6337
F 6285 6286 6338
F 6163 6164 6226
F 6163 6226 6225
F 6333 6280 6281
F 6280 6333 6332
F 6282 6281 6224
F 6225 6282 6224
F 6226 6282 6225
F 6282 6226 6283
F 6282 6333 6281
F 6333 6282 6334
F 5908 5907 5843
F 5907 5842 5843
F 5841 5907 5906
F 5842 5907 5841
F 5907 5908 5973
F 5972 5907 5973
F 5906 5907 5971
F 5907 5972 5971
F 5904 5839 5840
F 5905 5904 5840
F 5839 5904 5838
F 5838 5904 5903
F 5904 5905 5970
F 5969 5904 5970
F 5904 5969 5968
F 5904 5968 5903
F 6039 6105 6104
F 6105 6039 6040
F 6105 6040 6041
F 6106 6105 6041
F 5713 5777 5712
F 5777 5713 5778
F 5778 5713 5779
F 5779 5713 5714
F 5713 5712 5647
F 5648 5713 5647
F 5713 5649 5714
F 5713 5648 5649
F 5263 5329 5328
F 5329 5263 5264
F 5328 5329 5393
F 5329 5394 5393
F 5265 5329 5264
F 5329 5265 5330
F 6573 6529 6574
F 6528 6529 6573
F 6529 6575 6574
F 6529 6530 6575
F 6483 6435 6436
F 6435 6483 6482
F 6529 6483 6530
F 6483 6529 6482
F 6483 6437 6484
F 6437 6483 6436
F 6531 6483 6484
F 6530 6483 6531
F 6657 6613 6614
F 6613 6657 6656
F 6657 6700 6656
F 6700 6657 6701
F 6701 6657 6702
F 6657 6658 6702
F 6657 6615 6658
F 6615 6657 6614
F 6572 6615 6571
F 6615 6572 6616
F 6615 6570 6571
F 6615 6614 6570
F 6659 6615 6616
F 6658 6615 6659
F 6709 6708 6664
F 6665 6709 6664
F 6666 6709 6665
F 6709 6666 6710
F 6708 6709 6753
F 6709 6754 6753
F 6754 6709 6755
F 6755 6709 6710
F 6666 6667 6710
F 6667 6711 6710
F 6624 6667 6623
F 6667 6666 6623
F 5194 5193 5128
F 5129 5194 5128
F 5258 5194 5259
F 5194 5258 5193
F 5195 5194 5130
F 5194 5129 5130
F 5194 5260 5259
F 5194 5195 5260
F 4937 4873 4938
F 4873 4937 4872
F 5069 5005 5070
F 5005 5069 5004
F 4939 5005 5004
F 5005 4939 4940
F 5070 5005 5071
F 5005 5006 5071
F 5005 4940 4941
F 5006 5005 4941
F 5137 5138 5202
F 5202 5138 5203
F 4818 4817 4752
F 4818 4752 4753
F 4749 4813 4748
F 4813 4749 4814
F 4749 4748 4683
F 4684 4749 4683
F 4615 4614 4549
F 4550 4615 4549
F 4934 4998 4933
F 4998 4934 4999
F 4934 5000 4999
F 4934 4935 5000
F 5131 5197 5196
F 5197 5131 5132
F 5197 5262 5261
F 5196 5197 5261
F 4996 5061 4995
F 5061 5060 4995
F 4997 5062 4996
F 5062 5061 4996
F 4669 4734 4733
F 4668 4669 4733
F 4734 4669 4735
F 4669 4670 4735
F 4603 4669 4668
F 4604 4669 4603
F 4670 4669 4605
F 4669 4604 4605
F 4665 4731 4730
F 4665 4666 4731
F 5440 5376 5441
F 5440 5375 5376
F 5440 5374 5375
F 5374 5440 5439
F 5699 5764 5763
F 5699 5763 5698
F 5699 5765 5764
F 5699 5700 5765
F 8064 8128 8063
F 8128 8064 8129
F 8063 8128 8062
F 8128 8127 8062
F 7752 7687 7753
F 7687 7688 7753
F 7751 7687 7752
F 7687 7751 7686
F 7688 7687 7623
F 7687 7622 7623
F 7621 7687 7686
F 7622 7687 7621
F 1091 1025 1026
F 1025 1091 1090
F 1025 962 1026
F 962 1025 961
F 1360 1432 1431
F 1432 1360 1361
F 1290 1224 1291
F 1224 1290 1223
F 1290 1222 1223
F 1222 1290 1289
F 1360 1290 1361
F 1290 1360 1289
F 5924 5990 5989
F 5990 5924 5925
F 5926 5990 5925
F 5991 5990 5926
F 5990 6055 6054
F 5989 5990 6054
F 5992 6056 5991
F 6056 5992 6057
F 5990 6056 6055
F 6056 5990 5991
F 6055 6056 6118
F 6056 6119 6118
F 6119 6056 6120
F 6120 6056 6057
F 5992 6058 6057
F 6058 5992 5993
F 6058 5994 6059
F 6058 5993 5994
F 6058 6120 6057
F 6058 6121 6120
F 6122 6058 6059
F 6121 6058 6122
F 383 402 382
F 402 383 403
F 383 404 403
F 404 383 384
F 710 771 709
F 771 710 772
F 429 401 402
F 401 429 428
F 429 462 428
F 462 429 463
F 6184 6240 6183
F 6241 6240 6184
F 6240 6182 6183
F 6240 6239 6182
F 6295 6244 6296
F 6295 6243 6244
F 6242 6184 6185
F 6242 6241 6184
F 6186 6242 6185
F 6243 6242 6186
F 705 768 767
F 706 768 705
F 1216 1282 1281
F 1282 1216 1217
F 1216 1151 1217
F 1151 1216 1150
F 1283 1282 1217
F 1218 1283 1217
F 837 899 836
F 899 837 900
F 1025 960 961
F 960 1025 1024
F 960 899 900
F 961 960 900
F 960 959 898
F 899 960 898
F 833 896 832
F 896 895 832
F 896 833 834
F 897 896 834
F 6188 6126 6189
F 6126 6127 6189
F 5930 5996 5995
F 5996 5930 5931
F 5994 5930 5995
F 5930 5994 5929
F 5931 5930 5866
F 5930 5865 5866
F 5930 5929 5864
F 5865 5930 5864
F 5996 5932 5997
F 5932 5996 5931
F 5867 5931 5866
F 5867 5932 5931
F 5869 5805 5870
F 5869 5804 5805
F 5804 5869 5803
F 5869 5868 5803
F 5609 5673 5608
F 5673 5609 5674
F 5739 5740 5805
F 5804 5739 5805
F 5738 5739 5803
F 5739 5804 5803
F 5739 5673 5674
F 5673 5739 5738
F 5598 5662 5597
F 5663 5662 5598
F 5662 5596 5597
F 5596 5662 5661
F 5662 5663 5728
F 5727 5662 5728
F 5662 5726 5661
F 5662 5727 5726
F 5221 5157 5222
F 5157 5221 5156
F 5223 5157 5158
F 5222 5157 5223
F 5091 5157 5156
F 5157 5091 5092
F 5091 5025 5026
F 5091 5090 5025
F 5155 5091 5156
F 5091 5155 5090
F 5093 5157 5092
F 5157 5093 5158
F 5093 5159 5158
F 5159 5093 5094
F 5094 5093 5029
F 5093 5028 5029
F 5093 5027 5028
F 5027 5093 5092
F 4961 5027 5026
F 5027 4961 4962
F 5027 4962 4963
F 5028 5027 4963
F 5027 5091 5026
F 5091 5027 5092
F 5153 5154 5218
F 5218 5154 5219
F 5089 5154 5088
F 5154 5153 5088
F 5219 5154 5220
F 5154 5155 5220
F 5090 5154 5089
F 5155 5154 5090
F 4636 4635 4571
F 4635 4570 4571
F 4638 4639 4704
F 4703 4638 4704
F 4639 4638 4574
F 4574 4638 4573
F 4637 4638 4702
F 4638 4703 4702
F 4638 4637 4572
F 4638 4572 4573
F 5732 5733 5798
F 5797 5732 5798
F 5669 5603 5604
F 5668 5603 5669
F 5603 5539 5604
F 5603 5538 5539
F 5473 5409 5474
F 5409 5473 5408
F 5539 5473 5474
F 5538 5473 5539
F 5406 5341 5342
F 5407 5406 5342
F 5470 5534 5469
F 5534 5470 5535
F 5470 5406 5471
F 5406 5470 5405
F 5470 5469 5404
F 5470 5404 5405
F 5730 5796 5795
F 5796 5730 5731
F 5860 5796 5861
F 5796 5860 5795
F 5796 5732 5797
F 5732 5796 5731
F 5796 5862 5861
F 5796 5797 5862
F 5666 5730 5665
F 5730 5666 5731
F 5600 5666 5665
F 5601 5666 5600
F 5536 5470 5471
F 5470 5536 5535
F 5536 5601 5600
F 5535 5536 5600
F 5676 5677 5742
F 5676 5742 5741
F 5677 5676 5612
F 5676 5611 5612
F 5493 5427 5428
F 5427 5493 5492
F 5299 5364 5363
F 5298 5299 5363
F 5299 5300 5365
F 5364 5299 5365
F 5300 5299 5235
F 5299 5234 5235
F 5295 5359 5294
F 5295 5360 5359
F 5229 5295 5294
F 5230 5295 5229
F 5417 5353 5418
F 5352 5353 5417
F 5550 5484 5485
F 5484 5550 5549
F 5484 5548 5483
F 5548 5484 5549
F 5485 5484 5420
F 5484 5419 5420
F 5484 5483 5418
F 5419 5484 5418
F 5614 5615 5679
F 5679 5615 5680
F 5615 5614 5549
F 5550 5615 5549
F 5096 5160 5095
F 5160 5096 5161
F 5160 5094 5095
F 5160 5159 5094
F 6070 6006 6071
F 6005 6006 6070
F 6071 6006 6072
F 6006 6007 6072
F 6006 6005 5940
F 5941 6006 5940
F 6007 6006 5942
F 6006 5941 5942
F 6370 6369 6319
F 6370 6319 6320
F 6321 6370 6320
F 6370 6321 6371
F 6369 6370 6418
F 6370 6419 6418
F 6419 6370 6420
F 6370 6371 6420
F 6209 6147 6210
F 6147 6148 6210
F 6146 6147 6208
F 6147 6209 6208
F 6147 6085 6148
F 6147 6084 6085
F 6083 6147 6146
F 6084 6147 6083
F 6508 6460 6461
F 6460 6508 6507
F 6599 6554 6555
F 6554 6599 6598
F 7098 7032 7033
F 7032 7098 7097
F 7032 7097 7096
F 7031 7032 7096
F 4469 4495 4468
F 4495 4469 4496
F 7028 7092 7027
F 7028 7093 7092
F 2677 2581 2678
F 2581 2677 2580
F 7673 7738 7737
F 7672 7673 7737
F 7477 7413 7478
F 7413 7477 7412
F 7543 7477 7478
F 7542 7477 7543
F 7477 7541 7476
F 7477 7542 7541
F 7352 7416 7351
F 7416 7352 7417
F 7538 7472 7473
F 7472 7538 7537
F 7538 7602 7537
F 7538 7603 7602
F 7343 7279 7344
F 7279 7343 7278
F 7411 7477 7476
F 7477 7411 7412
F 7154 7218 7153
F 7218 7154 7219
F 7284 7218 7219
F 7218 7284 7283
F 7282 7218 7283
F 7217 7218 7282
F 7536 7471 7537
F 7471 7472 7537
F 3889 3989 3988
F 3888 3889 3988
F 3889 3990 3989
F 3990 3889 3890
F 4084 3990 4085
F 3990 4084 3989
F 4085 3990 4086
F 3990 3991 4086
F 3569 3675 3568
F 3675 3569 3676
F 3569 3677 3676
F 3569 3570 3677
F 7531 7596 7595
F 7530 7531 7595
F 6893 6828 6829
F 6894 6893 6829
F 6893 6892 6827
F 6828 6893 6827
F 6955 7020 7019
F 6954 6955 7019
F 1576 1505 1577
F 1505 1576 1504
F 1227 1294 1226
F 1294 1227 1295
F 1880 1961 1960
F 1879 1880 1960
F 3197 3090 3198
F 3198 3090 3091
F 3090 3196 3089
F 3196 3090 3197
F 1809 1808 1733
F 1734 1809 1733
F 2301 2211 2212
F 2302 2301 2212
F 2126 2213 2212
F 2213 2126 2127
F 2213 2302 2212
F 2302 2213 2303
F 2128 2213 2127
F 2213 2128 2214
F 2293 2202 2203
F 2202 2293 2292
F 2389 2297 2298
F 2297 2389 2388
F 2128 2047 2129
F 2129 2047 2048
F 2049 2130 2048
F 2130 2129 2048
F 2215 2304 2214
F 2304 2215 2305
F 2213 2304 2303
F 2304 2213 2214
F 1653 1579 1654
F 1578 1579 1653
F 1437 1508 1507
F 1437 1507 1436
F 5814 5748 5749
F 5813 5748 5814
F 5748 5813 5812
F 5747 5748 5812
F 5810 5746 5811
F 5746 5810 5745
F 5746 5745 5680
F 5746 5680 5681
F 5811 5746 5812
F 5746 5747 5812
F 5682 5746 5681
F 5746 5682 5747
F 6066 6000 6001
F 6000 6066 6065
F 6000 6065 6064
F 5999 6000 6064
F 6000 5936 6001
F 6000 5935 5936
F 6190 6246 6189
F 6246 6190 6247
F 6128 6190 6127
F 6127 6190 6189
F 6840 6775 6776
F 6841 6840 6776
F 6774 6840 6839
F 6775 6840 6774
F 6840 6904 6839
F 6840 6905 6904
F 6840 6906 6905
F 6906 6840 6841
F 6906 6841 6842
F 6906 6842 6907
F 6906 6971 6970
F 6905 6906 6970
F 2996 2895 2896
F 2895 2996 2995
F 2895 2793 2896
F 2793 2895 2792
F 2793 2897 2896
F 2897 2793 2794
F 2596 2502 2597
F 2502 2596 2501
F 2502 2598 2597
F 2598 2502 2503
F 2888 2786 2889
F 2786 2888 2785
F 2786 2890 2889
F 2890 2786 2787
F 2687 2786 2785
F 2786 2687 2688
F 2784 2687 2785
F 2687 2784 2686
F 2887 2784 2785
F 2888 2887 2785
F 2410 2502 2501
F 2502 2410 2411
F 6506 6460 6507
F 6460 6506 6459
F 6459 6506 6458
F 6506 6505 6458
F 1958 1959 2042
F 1959 2043 2042
F 1959 1878 1879
F 1959 1879 1960
F 1873 1955 1954
F 1955 1873 1874
F 1875 1955 1874
F 1956 1955 1875
F 1794 1871 1793
F 1871 1794 1872
F 1642 1568 1643
F 1568 1642 1567
F 1642 1566 1567
F 1642 1641 1566
F 2035 2117 2116
F 2117 2035 2036
F 1720 1646 1721
F 1646 1720 1645
F 1956 1876 1957
F 1876 1956 1875
F 1723 1722 1649
F 1722 1648 1649
F 1797 1720 1721
F 1720 1797 1796
F 1797 1875 1874
F 1796 1797 1874
F 1876 1797 1798
F 1797 1876 1875
F 1081 1146 1080
F 1080 1146 1145
F 1423 1352 1424
F 1352 1423 1351
F 1350 1278 1279
F 1350 1349 1278
F 1350 1280 1351
F 1280 1350 1279
F 1350 1422 1421
F 1349 1350 1421
F 1423 1350 1351
F 1350 1423 1422
F 1565 1640 1564
F 1564 1640 1639
F 1641 1640 1566
F 1640 1565 1566
F 2864 2863 2763
F 2763 2863 2762
F 2473 2566 2472
F 2566 2473 2567
F 889 890 951
F 950 889 951
F 890 889 827
F 889 826 827
F 889 825 826
F 825 889 888
F 831 771 772
F 832 831 772
F 895 831 832
F 894 831 895
F 954 1019 1018
F 1019 954 955
F 893 831 894
F 831 893 830
F 954 893 955
F 893 894 955
F 892 893 953
F 893 954 953
F 1015 1079 1014
F 1080 1079 1015
F 976 913 914
F 976 975 913
F 976 1039 975
F 1039 976 1040
F 639 590 591
F 590 639 638
F 3606 3605 3497
F 3605 3496 3497
F 4198 4197 4106
F 4197 4105 4106
F 8309 8308 8244
F 8308 8243 8244
F 8308 8309 8374
F 8308 8374 8373
F 8243 8308 8242
F 8308 8307 8242
F 8372 8308 8373
F 8307 8308 8372
F 8430 8366 8431
F 8366 8430 8365
F 8300 8366 8365
F 8301 8366 8300
F 8366 8432 8431
F 8432 8366 8367
F 8497 8496 8431
F 8432 8497 8431
F 8370 8434 8369
F 8434 8370 8435
F 8500 8434 8435
F 8499 8434 8500
F 8303 8238 8239
F 8304 8303 8239
F 8371 8372 8437
F 8436 8371 8437
F 8307 8371 8306
F 8371 8307 8372
F 8371 8436 8435
F 8370 8371 8435
F 8306 8371 8305
F 8371 8370 8305
F 7764 7698 7699
F 7763 7698 7764
F 7698 7633 7634
F 7698 7634 7699
F 7698 7763 7762
F 7697 7698 7762
F 7698 7632 7633
F 7698 7697 7632
F 8024 8025 8089
F 8025 8090 8089
F 8090 8025 8091
F 8025 8026 8091
F 7959 8025 8024
F 7960 8025 7959
F 8026 8025 7961
F 8025 7960 7961
F 8281 8216 8217
F 8282 8281 8217
F 8281 8347 8346
F 8347 8281 8282
F 8281 8215 8216
F 8281 8280 8215
F 8345 8281 8346
F 8280 8281 8345
F 8351 8286 8287
F 8352 8351 8287
F 8416 8351 8417
F 8351 8352 8417
F 8286 8351 8285
F 8351 8350 8285
F 8351 8416 8415
F 8350 8351 8415
F 7171 7105 7106
F 7105 7171 7170
F 7169 7105 7170
F 7104 7105 7169
F 7102 7103 7167
F 7103 7168 7167
F 7168 7103 7169
F 7103 7104 7169
F 6911 6845 6846
F 6910 6845 6911
F 6845 6910 6909
F 6844 6845 6909
F 6725 6782 6724
F 6782 6781 6724
F 6782 6847 6846
F 6781 6782 6846
F 6782 6725 6726
F 6783 6782 6726
F 6847 6782 6848
F 6782 6783 6848
F 8205 8141 8206
F 8141 8205 8140
F 8396 8462 8461
F 8462 8396 8397
F 8460 8396 8461
F 8396 8460 8395
F 8396 8332 8397
F 8396 8331 8332
F 8330 8396 8395
F 8331 8396 8330
F 8008 8073 8072
F 8008 8072 8007
F 8073 8008 8074
F 8008 8009 8074
F 8198 8262 8197
F 8262 8198 8263
F 8198 8264 8263
F 8198 8199 8264
F 8266 8200 8201
F 8200 8266 8265
F 8264 8200 8265
F 8199 8200 8264
F 7998 7934 7999
F 7934 7998 7933
F 8000 8001 8066
F 8065 8000 8066
F 8000 8064 7999
F 8000 8065 8064
F 8000 7934 7935
F 7934 8000 7999
F 7936 8000 7935
F 8000 7936 8001
F 7937 7936 7872
F 7936 7871 7872
F 7812 7746 7747
F 7746 7812 7811
F 7548 7484 7549
F 7484 7548 7483
F 7483 7548 7482
F 7548 7547 7482
F 9766 9832 9765
F 9833 9832 9766
F 9832 9764 9765
F 9832 9831 9764
F 9900 9832 9833
F 9899 9832 9900
F 9831 9832 9898
F 9832 9899 9898
F 5836 5901 5900
F 5835 5836 5900
F 5771 5836 5770
F 5836 5835 5770
F 5836 5771 5772
F 5837 5836 5772
F 5902 5836 5837
F 5836 5902 5901
F 5967 5902 5968
F 5968 5902 5903
F 5901 5902 5966
F 5902 5967 5966
F 5902 5837 5838
F 5902 5838 5903
F 6029 5963 5964
F 6029 6028 5963
F 6028 6029 6093
F 6093 6029 6094
F 6159 6222 6221
F 6160 6222 6159
F 6275 6219 6276
F 6219 6275 6218
F 6219 6220 6277
F 6219 6277 6276
F 7122 7056 7057
F 7056 7122 7121
F 7314 7250 7315
F 7250 7314 7249
F 7250 7316 7315
F 7250 7251 7316
F 7128 7129 7193
F 7129 7194 7193
F 6516 6561 6560
F 6515 6516 6560
F 6469 6516 6468
F 6516 6515 6468
F 6423 6424 6471
F 6423 6471 6470
F 6424 6376 6425
F 6376 6424 6375
F 6376 6325 6326
F 6325 6376 6375
F 6377 6376 6327
F 6376 6326 6327
F 6426 6472 6425
F 6472 6426 6473
F 6426 6376 6377
F 6376 6426 6425
F 6426 6377 6378
F 6427 6426 6378
F 6562 6563 6606
F 6563 6607 6606
F 6563 6518 6519
F 6564 6563 6519
F 6607 6563 6608
F 6563 6564 6608
F 6153 6091 6154
F 6091 6153 6090
F 6153 6216 6215
F 6216 6153 6154
F 6214 6153 6215
F 6152 6153 6214
F 6153 6089 6090
F 6153 6152 6089
F 6275 6217 6218
F 6217 6275 6274
F 6156 6217 6155
F 6217 6156 6218
F 6217 6274 6273
F 6216 6217 6273
F 6217 6216 6154
F 6217 6154 6155
F 6426 6474 6473
F 6474 6426 6427
F 6474 6520 6473
F 6474 6521 6520
F 6529 6481 6482
F 6481 6529 6528
F 6481 6435 6482
F 6435 6481 6434
F 6481 6528 6527
F 6480 6481 6527
F 6481 6480 6433
F 6481 6433 6434
F 6277 6329 6276
F 6329 6328 6276
F 6382 6430 6381
F 6430 6382 6431
F 6477 6430 6478
F 6430 6431 6478
F 6430 6477 6476
F 6429 6430 6476
F 4705 4639 4640
F 4639 4705 4704
F 4769 4705 4770
F 4705 4769 4704
F 4641 4705 4640
F 4706 4705 4641
F 4770 4705 4771
F 4705 4706 4771
F 4964 4965 5029
F 4965 5030 5029
F 4965 5031 5030
F 4965 4966 5031
F 4768 4767 4702
F 4703 4768 4702
F 4769 4768 4704
F 4768 4703 4704
F 4768 4769 4834
F 4833 4768 4834
F 4832 4768 4833
F 4768 4832 4767
F 4832 4897 4896
F 4831 4832 4896
F 4832 4831 4766
F 4767 4832 4766
F 4832 4898 4897
F 4832 4833 4898
F 4653 4589 4654
F 4653 4588 4589
F 4653 4652 4587
F 4588 4653 4587
F 4786 4721 4722
F 4787 4786 4722
F 4786 4785 4720
F 4721 4786 4720
F 4851 4786 4852
F 4786 4787 4852
F 4785 4786 4850
F 4786 4851 4850
F 5293 5292 5228
F 5292 5227 5228
F 5098 5162 5097
F 5162 5098 5163
F 5162 5096 5097
F 5096 5162 5161
F 5162 5163 5228
F 5227 5162 5228
F 5162 5226 5161
F 5162 5227 5226
F 4972 4971 4907
F 4907 4971 4906
F 4971 4905 4906
F 4971 4970 4905
F 4971 5035 4970
F 5035 4971 5036
F 5035 5099 5034
F 5035 5100 5099
F 5100 5035 5101
F 5035 5036 5101
F 4969 5035 5034
F 4970 5035 4969
F 5169 5103 5104
F 5103 5169 5168
F 5103 5039 5104
F 5103 5038 5039
F 4712 4777 4711
F 4777 4776 4711
F 4778 4777 4713
F 4777 4712 4713
F 4776 4777 4841
F 4777 4842 4841
F 4843 4777 4778
F 4842 4777 4843
F 5343 5407 5342
F 5407 5343 5408
F 5409 5343 5344
F 5343 5409 5408
F 5277 5343 5342
F 5278 5343 5277
F 5151 5150 5085
F 5086 5151 5085
F 5151 5087 5152
F 5151 5086 5087
F 5151 5216 5215
F 5150 5151 5215
F 5217 5151 5152
F 5216 5151 5217
F 5081 5015 5016
F 5015 5081 5080
F 4690 4625 4691
F 4625 4626 4691
F 4626 4625 4561
F 4625 4560 4561
F 4627 4626 4561
F 4562 4627 4561
F 4627 4563 4628
F 4627 4562 4563
F 4626 4627 4691
F 4627 4692 4691
F 4822 4757 4823
F 4757 4758 4823
F 4757 4822 4821
F 4756 4757 4821
F 4692 4757 4691
F 4757 4756 4691
F 4762 4697 4698
F 4763 4762 4698
F 4892 4828 4893
F 4828 4892 4827
F 4828 4762 4763
F 4762 4828 4827
F 4759 4825 4824
F 4825 4759 4760
F 4824 4825 4889
F 4889 4825 4890
F 4563 4629 4628
F 4629 4563 4564
F 4630 4629 4565
F 4565 4629 4564
F 5021 5022 5087
F 5086 5021 5087
F 5214 5148 5149
F 5148 5214 5213
F 5212 5148 5213
F 5148 5212 5147
F 5149 5148 5084
F 5148 5083 5084
F 5279 5343 5278
F 5343 5279 5344
F 5279 5345 5344
F 5279 5280 5345
F 5279 5278 5213
F 5214 5279 5213
F 5280 5279 5215
F 5279 5214 5215
F 5467 5468 5533
F 5532 5467 5533
F 5333 5397 5332
F 5397 5333 5398
F 5463 5397 5398
F 5462 5397 5463
F 5406 5340 5341
F 5340 5406 5405
F 5339 5340 5404
F 5404 5340 5405
F 5273 5339 5338
F 5339 5273 5274
F 4879 4945 4944
F 4945 4879 4880
F 4881 4945 4880
F 4945 4881 4946
F 4945 5009 4944
F 4945 5010 5009
F 4945 5011 5010
F 5011 4945 4946
F 5011 5076 5075
F 5010 5011 5075
F 4947 5011 4946
F 5012 5011 4947
F 5200 5135 5136
F 5201 5200 5136
F 5135 5200 5134
F 5134 5200 5199
F 5200 5265 5264
F 5200 5264 5199
F 5200 5266 5265
F 5266 5200 5201
F 5266 5332 5331
F 5332 5266 5267
F 5266 5201 5202
F 5266 5202 5267
F 5330 5266 5331
F 5265 5266 5330
F 5110 5046 5111
F 5046 5110 5045
F 5046 5112 5111
F 5112 5046 5047
F 4980 5046 5045
F 4981 5046 4980
F 5046 4981 4982
F 5047 5046 4982
F 9175 9241 9174
F 9242 9241 9175
F 9173 9241 9240
F 9241 9173 9174
F 9241 9242 9309
F 9308 9241 9309
F 9241 9307 9240
F 9241 9308 9307
F 9074 9073 9006
F 9007 9074 9006
F 9008 9074 9007
F 9074 9008 9075
F 9074 9140 9073
F 9074 9141 9140
F 9074 9075 9142
F 9141 9074 9142
F 12137 12136 12069
F 12070 12137 12069
F 12136 12137 12203
F 12137 12204 12203
F 12204 12137 12205
F 12137 12138 12205
F 12137 12071 12138
F 12071 12137 12070
F 12005 12071 12004
F 12072 12071 12005
F 12071 12003 12004
F 12071 12070 12003
F 12139 12071 12072
F 12138 12071 12139
F 11983 11916 11984
F 11916 11917 11984
F 11982 11916 11983
F 11916 11982 11915
F 11916 11850 11917
F 11916 11849 11850
F 11916 11915 11848
F 11849 11916 11848
F 7902 7967 7966
F 7901 7902 7966
F 7968 7902 7903
F 7967 7902 7968
F 7902 7901 7836
F 7837 7902 7836
F 7902 7837 7838
F 7903 7902 7838
F 8290 8354 8289
F 8354 8290 8355
F 8290 8226 8291
F 8290 8225 8226
F 8290 8224 8225
F 8224 8290 8289
F 8288 8224 8289
F 8224 8288 8223
F 8224 8223 8158
F 8159 8224 8158
F 8224 8159 8160
F 8225 8224 8160
F 7965 7900 7901
F 7965 7901 7966
F 7965 7964 7899
F 7900 7965 7899
F 8420 8354 8355
F 8354 8420 8419
F 8420 8484 8419
F 8484 8420 8485
F 8420 8421 8486
F 8485 8420 8486
F 8356 8290 8291
F 8290 8356 8355
F 8420 8356 8421
F 8356 8420 8355
F 8292 8356 8291
F 8356 8292 8357
F 8422 8356 8357
F 8421 8356 8422
F 8232 8298 8297
F 8233 8298 8232
F 8298 8362 8297
F 8298 8363 8362
F 8071 8006 8072
F 8072 8006 8007
F 8006 7942 8007
F 8006 7941 7942
F 8452 8517 8516
F 8452 8516 8451
F 8385 8320 8321
F 8386 8385 8321
F 8385 8319 8320
F 8385 8384 8319
F 7867 7802 7803
F 7868 7867 7803
F 8188 8123 8189
F 8189 8123 8124
F 8123 8188 8187
F 8122 8123 8187
F 7994 7929 7995
F 7929 7930 7995
F 7930 7929 7865
F 7929 7864 7865
F 7796 7730 7731
F 7730 7796 7795
F 7713 7649 7714
F 7648 7649 7713
F 7714 7649 7715
F 7649 7650 7715
F 7650 7649 7585
F 7649 7584 7585
F 7649 7583 7584
F 7583 7649 7648
F 7517 7583 7582
F 7518 7583 7517
F 7583 7647 7582
F 7583 7648 7647
F 7519 7583 7518
F 7584 7583 7519
F 7711 7710 7646
F 7710 7645 7646
F 7645 7710 7644
F 7710 7709 7644
F 7513 7579 7578
F 7513 7514 7579
F 2800 2700 2801
F 2700 2800 2699
F 324 337 336
F 325 337 324
F 1667 1593 1668
F 1593 1667 1592
F 1744 1667 1745
F 1745 1667 1668
F 1449 1521 1448
F 1448 1521 1520
F 1521 1595 1594
F 1521 1594 1520
F 1517 1591 1516
F 1591 1590 1516
F 1518 1593 1592
F 1593 1518 1519
F 1447 1518 1446
F 1518 1447 1519
F 1518 1591 1517
F 1591 1518 1592
F 1518 1445 1446
F 1518 1517 1445
F 1896 1816 1897
F 1816 1896 1815
F 1985 2069 1984
F 2069 1985 2070
F 1899 1982 1898
F 1982 1899 1983
F 1983 1899 1984
F 1899 1900 1984
F 1237 1305 1236
F 1305 1237 1306
F 1170 1237 1236
F 1237 1170 1171
F 1170 1235 1169
F 1170 1236 1235
F 2145 2146 2235
F 2234 2145 2235
F 2146 2145 2063
F 2145 2062 2063
F 2147 2237 2236
F 2237 2147 2148
F 2147 2236 2235
F 2146 2147 2235
F 2514 2420 2421
F 2420 2514 2513
F 2330 2420 2329
F 2420 2330 2421
F 2420 2328 2329
F 2420 2419 2328
F 2914 3016 2913
F 3016 2914 3017
F 2505 2602 2504
F 2602 2505 2603
F 2602 2701 2601
F 2701 2602 2702
F 2600 2701 2700
F 2601 2701 2600
F 2700 2701 2801
F 2701 2802 2801
F 3877 3876 3771
F 3772 3877 3771
F 3877 3976 3876
F 3976 3877 3977
F 4070 3976 4071
F 3976 4070 3975
F 4072 3976 3977
F 4071 3976 4072
F 3871 3767 3872
F 3767 3871 3766
F 3767 3768 3873
F 3872 3767 3873
F 3446 3553 3445
F 3553 3552 3445
F 3668 3667 3560
F 3561 3668 3560
F 3668 3777 3776
F 3777 3668 3669
F 3869 3969 3968
F 3869 3968 3868
F 6815 6758 6816
F 6758 6759 6816
F 6758 6815 6814
F 6757 6758 6814
F 6758 6712 6713
F 6712 6758 6757
F 6711 6756 6710
F 6756 6755 6710
F 6756 6813 6812
F 6755 6756 6812
F 6756 6712 6757
F 6712 6756 6711
F 6813 6756 6814
F 6756 6757 6814
F 3551 3658 3657
F 3550 3551 3657
F 3551 3550 3442
F 3443 3551 3442
F 3658 3659 3765
F 3765 3659 3766
F 3759 3653 3760
F 3653 3759 3652
F 3358 3467 3466
F 3358 3466 3357
F 3029 3030 3137
F 3136 3029 3137
F 2824 2724 2825
F 2724 2824 2723
F 3245 3355 3244
F 3244 3355 3354
F 3355 3245 3246
F 3356 3355 3246
F 3027 2925 3028
F 2925 3027 2924
F 3026 3027 3133
F 3133 3027 3134
F 2824 2722 2723
F 2722 2824 2823
F 7136 7202 7201
F 7137 7202 7136
F 7202 7266 7201
F 7266 7202 7267
F 7202 7137 7138
F 7203 7202 7138
F 7267 7202 7268
F 7202 7203 7268
F 7203 7139 7204
F 7139 7203 7138
F 7074 7139 7073
F 7073 7139 7138
F 7329 7263 7264
F 7263 7329 7328
F 7329 7264 7265
F 7330 7329 7265
F 7073 7007 7008
F 7072 7007 7073
F 7654 7720 7719
F 7720 7654 7655
F 7718 7654 7719
F 7654 7718 7653
F 7654 7590 7655
F 7654 7589 7590
F 7588 7654 7653
F 7589 7654 7588
F 8236 8301 8300
F 8235 8236 8300
F 8236 8235 8170
F 8171 8236 8170
F 8236 8172 8237
F 8236 8171 8172
F 8102 8103 8167
F 8103 8168 8167
F 7973 7972 7907
F 7908 7973 7907
F 8171 8105 8106
F 8105 8171 8170
F 223 217 224
F 217 223 216
F 217 225 224
F 217 218 225
F 257 267 256
F 267 266 256
F 267 277 276
F 266 267 276
F 274 275 286
F 285 274 286
F 275 274 265
F 274 264 265
F 274 273 263
F 264 274 263
F 311 312 324
F 312 325 324
F 325 312 326
F 312 313 326
F 322 323 335
F 322 335 334
F 281 294 293
F 294 281 282
F 294 306 293
F 294 307 306
F 283 294 282
F 295 294 283
F 6167 6229 6166
F 6229 6228 6166
F 6285 6229 6286
F 6229 6285 6228
F 6287 6229 6230
F 6286 6229 6287
F 6227 6164 6165
F 6164 6227 6226
F 6166 6227 6165
F 6228 6227 6166
F 6162 6163 6225
F 6162 6225 6224
F 6335 6282 6283
F 6282 6335 6334
F 6432 6383 6433
F 6383 6384 6433
F 6383 6432 6431
F 6382 6383 6431
F 6383 6333 6334
F 6384 6383 6334
F 6383 6382 6332
F 6333 6383 6332
F 6168 6229 6167
F 6229 6168 6230
F 6168 6167 6104
F 6105 6168 6104
F 5138 5204 5203
F 5204 5138 5139
F 5334 5399 5398
F 5333 5334 5398
F 5268 5332 5267
F 5268 5333 5332
F 5202 5268 5267
F 5268 5202 5203
F 5268 5334 5333
F 5334 5268 5269
F 5204 5268 5203
F 5268 5204 5269
F 4744 4808 4743
F 4809 4808 4744
F 4808 4742 4743
F 4742 4808 4807
F 4807 4808 4872
F 4808 4873 4872
F 4808 4874 4873
F 4874 4808 4809
F 4874 4875 4940
F 4939 4874 4940
F 4875 4874 4810
F 4874 4809 4810
F 4874 4939 4938
F 4873 4874 4938
F 5009 5073 5008
F 5073 5009 5074
F 5073 5074 5139
F 5138 5073 5139
F 4682 4618 4683
F 4618 4682 4617
F 4618 4552 4553
F 4552 4618 4617
F 4618 4684 4683
F 4618 4619 4684
F 4554 4618 4553
F 4618 4554 4619
F 4554 4620 4619
F 4620 4554 4555
F 4619 4620 4684
F 4620 4685 4684
F 4881 4816 4882
F 4816 4817 4882
F 4745 4680 4746
F 4680 4681 4746
F 4680 4744 4679
F 4680 4745 4744
F 4614 4680 4679
F 4615 4680 4614
F 4616 4680 4615
F 4680 4616 4681
F 4616 4552 4617
F 4552 4616 4551
F 4681 4616 4682
F 4682 4616 4617
F 4616 4615 4550
F 4616 4550 4551
F 4870 4806 4871
F 4806 4870 4805
F 4936 4870 4871
F 4935 4870 4936
F 5263 5198 5264
F 5264 5198 5199
F 5198 5133 5134
F 5198 5134 5199
F 5198 5263 5262
F 5197 5198 5262
F 5133 5198 5132
F 5198 5197 5132
F 5189 5125 5190
F 5125 5189 5124
F 5125 5124 5059
F 5060 5125 5059
F 5064 5063 4999
F 5063 4998 4999
F 5129 5063 5064
F 5063 5129 5128
F 5063 4997 4998
F 5063 5062 4997
F 5127 5063 5128
F 5062 5063 5127
F 4598 4664 4663
F 4599 4664 4598
F 4728 4664 4729
F 4663 4664 4728
F 4664 4730 4729
F 4664 4665 4730
F 4664 4600 4665
F 4600 4664 4599
F 4601 4600 4536
F 4600 4535 4536
F 4600 4599 4534
F 4535 4600 4534
F 4666 4600 4601
F 4665 4600 4666
F 5504 5505 5569
F 5505 5570 5569
F 5505 5506 5571
F 5570 5505 5571
F 5505 5504 5439
F 5440 5505 5439
F 5506 5505 5441
F 5505 5440 5441
F 5634 5570 5635
F 5570 5634 5569
F 5634 5568 5569
F 5634 5633 5568
F 5700 5634 5635
F 5699 5634 5700
F 5634 5699 5698
F 5633 5634 5698
F 8193 8258 8257
F 8192 8193 8257
F 8193 8194 8259
F 8258 8193 8259
F 8127 8193 8192
F 8128 8193 8127
F 8194 8193 8129
F 8193 8128 8129
F 901 962 961
F 901 961 900
F 1359 1429 1358
F 1429 1359 1430
F 1287 1359 1358
F 1359 1287 1288
F 1359 1360 1431
F 1430 1359 1431
F 1360 1359 1289
F 1289 1359 1288
F 959 1023 958
F 1023 1022 958
F 1023 960 1024
F 960 1023 959
F 1155 1091 1156
F 1091 1155 1090
F 1155 1089 1090
F 1089 1155 1154
F 1159 1224 1223
F 1224 1159 1160
F 1222 1159 1223
F 1159 1222 1158
F 1093 1159 1158
F 1094 1159 1093
F 1443 1371 1372
F 1371 1443 1442
F 1437 1367 1438
F 1367 1437 1366
F 1367 1295 1296
F 1295 1367 1366
F 1367 1439 1438
F 1439 1367 1368
F 1297 1367 1296
F 1367 1297 1368
F 1297 1369 1368
F 1369 1297 1298
F 822 763 823
F 822 762 763
F 648 706 705
F 706 648 649
F 762 701 763
F 701 762 700
F 701 764 763
F 701 702 764
F 405 404 384
F 405 384 385
F 462 427 428
F 427 462 461
F 552 599 551
F 600 599 552
F 890 828 891
F 828 890 827
F 768 828 767
F 767 828 827
F 1151 1152 1217
F 1152 1218 1217
F 1022 957 958
F 1021 957 1022
F 957 897 958
F 957 896 897
F 6125 6124 6061
F 6062 6125 6061
F 6186 6125 6187
F 6125 6186 6124
F 6125 6188 6187
F 6125 6126 6188
F 6125 6063 6126
F 6063 6125 6062
F 6063 5999 6064
F 5999 6063 5998
F 6063 6062 5997
F 6063 5997 5998
F 6127 6063 6064
F 6126 6063 6127
F 5934 6000 5999
F 6000 5934 5935
F 5935 5934 5870
F 5934 5869 5870
F 4699 4763 4698
F 4763 4699 4764
F 5536 5602 5601
F 5602 5536 5537
F 5603 5602 5538
F 5538 5602 5537
F 5536 5472 5537
F 5472 5536 5471
F 5406 5472 5471
F 5472 5406 5407
F 5472 5538 5537
F 5472 5473 5538
F 5472 5407 5408
F 5473 5472 5408
F 5610 5675 5609
F 5609 5675 5674
F 5739 5675 5740
F 5675 5739 5674
F 5675 5610 5611
F 5676 5675 5611
F 5740 5675 5741
F 5675 5676 5741
F 5295 5361 5360
F 5361 5295 5296
F 5299 5233 5234
F 5233 5299 5298
F 5234 5233 5169
F 5169 5233 5168
F 5297 5233 5298
F 5232 5233 5297
F 5233 5167 5168
F 5233 5232 5167
F 5165 5229 5164
F 5165 5230 5229
F 5099 5165 5164
F 5100 5165 5099
F 5165 5100 5101
F 5166 5165 5101
F 5295 5231 5296
F 5231 5295 5230
F 5231 5165 5166
F 5165 5231 5230
F 5231 5232 5297
F 5231 5297 5296
F 5232 5231 5167
F 5231 5166 5167
F 5419 5354 5420
F 5354 5355 5420
F 5353 5354 5418
F 5354 5419 5418
F 5288 5222 5223
F 5222 5288 5287
F 5288 5352 5287
F 5288 5353 5352
F 5616 5551 5552
F 5617 5616 5552
F 5616 5682 5681
F 5682 5616 5617
F 5616 5550 5551
F 5616 5615 5550
F 5615 5616 5680
F 5680 5616 5681
F 5225 5160 5161
F 5226 5225 5161
F 5159 5225 5224
F 5160 5225 5159
F 5873 5874 5938
F 5938 5874 5939
F 6365 6413 6364
F 6414 6413 6365
F 6413 6412 6363
F 6413 6363 6364
F 6413 6414 6461
F 6460 6413 6461
F 6412 6413 6459
F 6413 6460 6459
F 6509 6461 6462
F 6509 6508 6461
F 6509 6462 6463
F 6510 6509 6463
F 6509 6510 6555
F 6554 6509 6555
F 6553 6509 6554
F 6509 6553 6508
F 6596 6553 6597
F 6553 6596 6552
F 6508 6553 6507
F 6553 6552 6507
F 6597 6553 6598
F 6553 6554 6598
F 6902 6967 6901
F 6967 6966 6901
F 6967 6902 6903
F 6968 6967 6903
F 6967 7031 6966
F 6967 7032 7031
F 6967 6968 7033
F 7032 6967 7033
F 4517 4506 4507
F 4506 4517 4516
F 4467 4402 4468
F 4402 4403 4468
F 4404 4470 4469
F 4470 4404 4405
F 4404 4469 4468
F 4403 4404 4468
F 4469 4497 4496
F 4470 4497 4469
F 6964 6963 6899
F 6963 6898 6899
F 7029 6964 6965
F 7029 6965 7030
F 7094 7029 7095
F 7095 7029 7030
F 7029 6963 6964
F 6963 7029 7028
F 7093 7029 7094
F 7028 7029 7093
F 6960 7025 6959
F 7025 7024 6959
F 6897 6896 6832
F 6832 6896 6831
F 2674 2578 2675
F 2578 2674 2577
F 2484 2578 2483
F 2578 2484 2579
F 2676 2578 2579
F 2578 2676 2675
F 2676 2775 2675
F 2775 2676 2776
F 2677 2676 2580
F 2676 2579 2580
F 2777 2880 2879
F 2880 2777 2778
F 2877 2775 2776
F 2775 2877 2876
F 7675 7674 7610
F 7674 7609 7610
F 7674 7675 7740
F 7739 7674 7740
F 7674 7739 7738
F 7673 7674 7738
F 7608 7674 7673
F 7674 7608 7609
F 7542 7608 7607
F 7608 7542 7543
F 7608 7543 7544
F 7609 7608 7544
F 7608 7672 7607
F 7608 7673 7672
F 7415 7479 7414
F 7415 7480 7479
F 7415 7414 7349
F 7350 7415 7349
F 7415 7350 7351
F 7416 7415 7351
F 7481 7415 7416
F 7415 7481 7480
F 7547 7481 7482
F 7481 7547 7546
F 7545 7481 7546
F 7480 7481 7545
F 7481 7417 7482
F 7481 7416 7417
F 7670 7604 7605
F 7604 7670 7669
F 7603 7604 7668
F 7604 7669 7668
F 7279 7345 7344
F 7345 7279 7280
F 6892 6957 6891
F 6891 6957 6956
F 7088 7087 7023
F 7087 7022 7023
F 7087 7021 7022
F 7021 7087 7086
F 6957 7021 6956
F 7021 6957 7022
F 6955 7021 7020
F 7021 6955 6956
F 7151 7085 7086
F 7085 7151 7150
F 7085 7021 7086
F 7021 7085 7020
F 7666 7600 7601
F 7600 7666 7665
F 7727 7663 7728
F 7662 7663 7727
F 7663 7729 7728
F 7663 7664 7729
F 7663 7662 7597
F 7598 7663 7597
F 7402 7468 7467
F 7468 7402 7403
F 7402 7338 7403
F 7338 7402 7337
F 7272 7338 7337
F 7338 7272 7273
F 7208 7272 7207
F 7272 7208 7273
F 7272 7271 7206
F 7272 7206 7207
F 7272 7336 7271
F 7336 7272 7337
F 7336 7400 7335
F 7400 7336 7401
F 7336 7335 7270
F 7271 7336 7270
F 7402 7336 7337
F 7336 7402 7401
F 7404 7468 7403
F 7468 7404 7469
F 7338 7404 7403
F 7404 7338 7339
F 7469 7404 7470
F 7404 7405 7470
F 7405 7406 7470
F 7406 7471 7470
F 7471 7406 7472
F 7406 7407 7472
F 7408 7343 7344
F 7409 7408 7344
F 7473 7408 7474
F 7408 7409 7474
F 7343 7408 7342
F 7408 7407 7342
F 7472 7408 7473
F 7407 7408 7472
F 3783 3889 3888
F 3889 3783 3784
F 3783 3675 3676
F 3784 3783 3676
F 3467 3574 3466
F 3574 3573 3466
F 3790 3682 3683
F 3682 3790 3789
F 3685 3577 3578
F 3577 3685 3684
F 3463 3464 3570
F 3570 3464 3571
F 3464 3463 3354
F 3355 3464 3354
F 2821 2925 2924
F 2820 2821 2924
F 7468 7532 7467
F 7532 7468 7533
F 7532 7598 7597
F 7598 7532 7533
F 7596 7532 7597
F 7531 7532 7596
F 7402 7466 7401
F 7466 7402 7467
F 7466 7532 7531
F 7532 7466 7467
F 7400 7466 7465
F 7466 7400 7401
F 7466 7530 7465
F 7466 7531 7530
F 6762 6820 6819
F 6820 6762 6763
F 6820 6763 6764
F 6821 6820 6764
F 6818 6883 6817
F 6817 6883 6882
F 6883 6818 6819
F 6884 6883 6819
F 6881 6946 6880
F 6946 6945 6880
F 3500 3393 3501
F 3393 3500 3392
F 3284 3393 3392
F 3393 3284 3285
F 3716 3607 3608
F 3607 3716 3715
F 3716 3609 3717
F 3609 3716 3608
F 3716 3822 3715
F 3822 3716 3823
F 4027 4028 4122
F 4028 4123 4122
F 4122 4214 4121
F 4214 4213 4121
F 4214 4300 4299
F 4213 4214 4299
F 7018 6954 7019
F 7018 6953 6954
F 3597 3704 3596
F 3704 3597 3705
F 3595 3704 3703
F 3704 3595 3596
F 4378 4379 4453
F 4452 4378 4453
F 4380 4298 4299
F 4379 4298 4380
F 4298 4378 4297
F 4378 4298 4379
F 3716 3824 3823
F 3824 3716 3717
F 4396 4460 4395
F 4460 4396 4461
F 4315 4230 4316
F 4230 4315 4229
F 4396 4315 4316
F 4315 4396 4395
F 3844 3947 3843
F 3947 3844 3948
F 4048 3947 4049
F 3947 3948 4049
F 3945 3840 3841
F 3840 3945 3944
F 4320 4235 4321
F 4235 4320 4234
F 2866 2966 2865
F 2966 2866 2967
F 3072 2966 2967
F 2966 3072 3071
F 2976 2875 2876
F 2875 2976 2975
F 2974 2875 2975
F 2875 2974 2874
F 3184 3078 3185
F 3078 3184 3077
F 3184 3076 3077
F 3076 3184 3183
F 3182 3076 3183
F 3076 3182 3075
F 3290 3182 3291
F 3182 3183 3291
F 1163 1225 1162
F 1225 1163 1226
F 1227 1228 1295
F 1295 1228 1296
F 911 910 848
F 848 910 847
F 910 846 847
F 910 909 846
F 1433 1503 1432
F 1503 1433 1504
F 1507 1506 1436
F 1506 1435 1436
F 1506 1579 1578
F 1579 1506 1507
F 1506 1578 1577
F 1505 1506 1577
F 1365 1437 1436
F 1437 1365 1366
F 1365 1294 1295
F 1365 1295 1366
F 1728 1803 1727
F 1803 1728 1804
F 1803 1726 1727
F 1726 1803 1802
F 1803 1881 1802
F 1881 1803 1882
F 2122 2041 2042
F 2122 2042 2123
F 2041 2122 2040
F 2122 2121 2040
F 1954 2039 2038
F 1955 2039 1954
F 2039 1956 2040
F 2039 1955 1956
F 2220 2311 2310
F 2311 2220 2221
F 2220 2133 2134
F 2133 2220 2219
F 2133 2052 2053
F 2134 2133 2053
F 2052 2133 2051
F 2133 2132 2051
F 2783 2685 2686
F 2784 2783 2686
F 2309 2220 2310
F 2220 2309 2219
F 2309 2218 2219
F 2218 2309 2308
F 2218 2133 2219
F 2133 2218 2132
F 2396 2397 2487
F 2397 2488 2487
F 3090 2984 3091
F 2984 2985 3091
F 1810 1891 1890
F 1891 1810 1811
F 1812 1891 1811
F 1891 1812 1892
F 1586 1660 1585
F 1660 1659 1585
F 1812 1893 1892
F 1893 1812 1813
F 1886 1967 1966
F 1885 1886 1966
F 1891 1971 1890
F 1971 1891 1972
F 1889 1810 1890
F 1810 1889 1809
F 1809 1889 1808
F 1808 1889 1888
F 1971 1889 1890
F 1889 1971 1970
F 1889 1969 1888
F 1889 1970 1969
F 2211 2210 2125
F 2210 2124 2125
F 2124 2210 2123
F 2210 2209 2123
F 2971 3078 3077
F 3078 2971 2972
F 3076 2971 3077
F 2971 3076 2970
F 2972 2971 2872
F 2971 2871 2872
F 2672 2771 2671
F 2772 2771 2672
F 2768 2869 2868
F 2768 2868 2767
F 2971 2870 2871
F 2870 2971 2970
F 2768 2870 2869
F 2870 2768 2769
F 2386 2294 2295
F 2294 2386 2385
F 2384 2294 2385
F 2293 2294 2384
F 2294 2203 2204
F 2294 2293 2203
F 2296 2206 2207
F 2297 2296 2207
F 2205 2294 2204
F 2294 2205 2295
F 2119 2205 2118
F 2118 2205 2204
F 2296 2205 2206
F 2205 2296 2295
F 2478 2387 2388
F 2387 2478 2477
F 2387 2386 2295
F 2296 2387 2295
F 2387 2297 2388
F 2387 2296 2297
F 2044 1959 1960
F 1959 2044 2043
F 2043 2044 2124
F 2124 2044 2125
F 2044 2126 2125
F 2044 2045 2126
F 1961 2044 1960
F 2045 2044 1961
F 2126 2046 2127
F 2045 2046 2126
F 2046 2128 2127
F 2046 2047 2128
F 2131 2130 2049
F 2050 2131 2049
F 2131 2050 2051
F 2132 2131 2051
F 2131 2216 2130
F 2216 2131 2217
F 2130 2216 2129
F 2216 2215 2129
F 2215 2216 2305
F 2216 2306 2305
F 2304 2394 2303
F 2394 2393 2303
F 1437 1509 1508
F 1509 1437 1438
F 1369 1441 1440
F 1441 1369 1370
F 1371 1441 1370
F 1441 1371 1442
F 1513 1441 1442
F 1512 1441 1513
F 5618 5683 5617
F 5683 5682 5617
F 5684 5683 5619
F 5683 5618 5619
F 5683 5748 5747
F 5682 5683 5747
F 5683 5684 5749
F 5748 5683 5749
F 6130 6067 6068
F 6131 6130 6068
F 6130 6066 6067
F 6066 6130 6129
F 6130 6191 6129
F 6191 6130 6192
F 6191 6128 6129
F 6191 6190 6128
F 6191 6248 6247
F 6190 6191 6247
F 6248 6191 6249
F 6191 6192 6249
F 6130 6193 6192
F 6193 6130 6131
F 6193 6194 6251
F 6250 6193 6251
F 6194 6193 6132
F 6193 6131 6132
F 6193 6250 6249
F 6192 6193 6249
F 2598 2695 2597
F 2695 2598 2696
F 2793 2695 2794
F 2695 2696 2794
F 2997 2996 2896
F 2897 2997 2896
F 2797 2899 2796
F 2899 2797 2900
F 3322 3323 3431
F 3431 3323 3432
F 3215 3322 3321
F 3215 3321 3214
F 3215 3323 3322
F 3323 3215 3216
F 3753 3644 3645
F 3644 3753 3752
F 3429 3321 3430
F 3429 3320 3321
F 3538 3429 3430
F 3429 3538 3537
F 3863 3755 3756
F 3864 3863 3756
F 2993 2894 2994
F 2894 2993 2893
F 2993 2892 2893
F 2892 2993 2992
F 2989 2888 2889
F 2888 2989 2988
F 2985 2986 3091
F 2986 3092 3091
F 6594 6551 6595
F 6550 6551 6594
F 6551 6596 6595
F 6596 6551 6552
F 6505 6551 6550
F 6506 6551 6505
F 6552 6551 6507
F 6551 6506 6507
F 1718 1642 1643
F 1642 1718 1717
F 1718 1794 1793
F 1717 1718 1793
F 1871 1951 1870
F 1951 1871 1952
F 2036 1951 1952
F 2035 1951 2036
F 1568 1569 1643
F 1643 1569 1644
F 1569 1645 1644
F 1569 1570 1645
F 1648 1647 1573
F 1647 1572 1573
F 1877 1959 1958
F 1959 1877 1878
F 1877 1958 1957
F 1876 1877 1957
F 1648 1574 1649
F 1574 1648 1573
F 1566 1495 1567
F 1494 1495 1566
F 1495 1568 1567
F 1568 1495 1496
F 1495 1494 1424
F 1425 1495 1424
F 2568 2665 2664
F 2567 2568 2664
F 2473 2568 2567
F 2474 2568 2473
F 2293 2383 2292
F 2383 2293 2384
F 2383 2291 2292
F 2383 2382 2291
F 2383 2384 2475
F 2474 2383 2475
F 2383 2473 2382
F 2383 2474 2473
F 2566 2565 2472
F 2565 2471 2472
F 2663 2565 2566
F 2565 2663 2662
F 2663 2764 2763
F 2764 2663 2664
F 2663 2763 2762
F 2662 2663 2762
F 2663 2566 2567
F 2663 2567 2664
F 2665 2765 2664
F 2765 2764 2664
F 2764 2765 2865
F 2765 2866 2865
F 1084 1148 1083
F 1148 1084 1149
F 1018 1084 1083
F 1019 1084 1018
F 1349 1277 1278
F 1277 1349 1348
F 2199 2114 2200
F 2199 2113 2114
F 2290 2199 2200
F 2289 2199 2290
F 2381 2380 2290
F 2380 2289 2290
F 2113 2032 2114
F 2114 2032 2033
F 2433 2527 2526
F 2527 2433 2434
F 1170 1106 1171
F 1106 1170 1105
F 1106 1039 1040
F 1107 1106 1040
F 441 479 440
F 479 478 440
F 478 479 521
F 479 522 521
F 567 568 616
F 616 568 617
F 522 568 521
F 568 567 521
F 3498 3606 3497
F 3498 3607 3606
F 4435 4360 4361
F 4360 4435 4434
F 4196 4103 4104
F 4103 4196 4195
F 4197 4196 4105
F 4105 4196 4104
F 6826 6765 6766
F 6825 6765 6826
F 6890 6891 6956
F 6955 6890 6956
F 6890 6826 6891
F 6890 6825 6826
F 3815 3918 3814
F 3918 3815 3919
F 7808 7874 7873
F 7874 7808 7809
F 7810 7874 7809
F 7875 7874 7810
F 7941 7876 7942
F 7942 7876 7877
F 7876 7812 7877
F 7812 7876 7811
F 7876 7941 7940
F 7875 7876 7940
F 7876 7875 7810
F 7876 7810 7811
F 8498 8497 8432
F 8498 8432 8433
F 8498 8434 8499
F 8434 8498 8433
F 8302 8236 8237
F 8236 8302 8301
F 8302 8366 8301
F 8366 8302 8367
F 8238 8302 8237
F 8303 8302 8238
F 8368 8302 8303
F 8302 8368 8367
F 8434 8368 8369
F 8368 8434 8433
F 8368 8432 8367
F 8432 8368 8433
F 8368 8304 8369
F 8368 8303 8304
F 7666 7732 7731
F 7667 7732 7666
F 7732 7667 7668
F 7733 7732 7668
F 7042 6976 6977
F 7041 6976 7042
F 6977 6976 6912
F 6976 6911 6912
F 6976 6910 6911
F 6976 6975 6910
F 7040 6976 7041
F 6976 7040 6975
F 7040 7041 7106
F 7105 7040 7106
F 6910 6974 6909
F 6975 6974 6910
F 6908 6844 6909
F 6844 6908 6843
F 6908 6842 6843
F 6842 6908 6907
F 6974 6908 6909
F 6908 6974 6973
F 7037 7101 7036
F 7037 7102 7101
F 7037 7103 7102
F 7103 7037 7038
F 6779 6778 6721
F 6722 6779 6721
F 6778 6779 6843
F 6779 6844 6843
F 8207 8142 8208
F 8142 8143 8208
F 8142 8207 8206
F 8141 8142 8206
F 7880 7944 7879
F 7944 7880 7945
F 7944 7945 8010
F 8009 7944 8010
F 8196 8132 8197
F 8132 8196 8131
F 8069 8135 8134
F 8135 8069 8070
F 8135 8071 8136
F 8071 8135 8070
F 8135 8200 8199
F 8135 8199 8134
F 8135 8136 8201
F 8200 8135 8201
F 7804 7869 7803
F 7869 7868 7803
F 7869 7934 7933
F 7868 7869 7933
F 7744 7745 7809
F 7745 7810 7809
F 7745 7746 7811
F 7810 7745 7811
F 7612 7611 7546
F 7547 7612 7546
F 6331 6279 6332
F 6279 6280 6332
F 6279 6278 6221
F 6222 6279 6221
F 6223 6279 6222
F 6279 6223 6280
F 6223 6162 6224
F 6162 6223 6161
F 6280 6223 6281
F 6281 6223 6224
F 6223 6160 6161
F 6223 6222 6160
F 6157 6156 6093
F 6157 6093 6094
F 6095 6157 6094
F 6157 6095 6158
F 6157 6219 6218
F 6156 6157 6218
F 6220 6157 6158
F 6219 6157 6220
F 5965 6030 5964
F 6030 6029 5964
F 6030 5965 5966
F 6031 6030 5966
F 6029 6030 6094
F 6030 6095 6094
F 6030 6096 6095
F 6096 6030 6031
F 6160 6096 6097
F 6096 6160 6159
F 6096 6032 6097
F 6096 6031 6032
F 6158 6096 6159
F 6095 6096 6158
F 7055 7119 7054
F 7119 7055 7120
F 7055 7056 7121
F 7120 7055 7121
F 7119 7185 7184
F 7185 7119 7120
F 7185 7249 7184
F 7185 7250 7249
F 7064 6999 7000
F 7065 7064 7000
F 7064 6998 6999
F 6998 7064 7063
F 7064 7128 7063
F 7064 7129 7128
F 7064 7130 7129
F 7130 7064 7065
F 7130 7131 7196
F 7195 7130 7196
F 7131 7130 7066
F 7130 7065 7066
F 7130 7195 7194
F 7129 7130 7194
F 6563 6517 6518
F 6517 6563 6562
F 6518 6517 6471
F 6471 6517 6470
F 6561 6517 6562
F 6516 6517 6561
F 6517 6516 6469
F 6517 6469 6470
F 6323 6373 6322
F 6322 6373 6372
F 6475 6429 6476
F 6429 6475 6428
F 6475 6474 6427
F 6475 6427 6428
F 6330 6279 6331
F 6279 6330 6278
F 6278 6330 6277
F 6330 6329 6277
F 4835 4900 4834
F 4900 4899 4834
F 4901 4900 4836
F 4900 4835 4836
F 4899 4900 4964
F 4900 4965 4964
F 4966 4900 4901
F 4965 4900 4966
F 4783 4718 4784
F 4718 4719 4784
F 4718 4783 4782
F 4717 4718 4782
F 4719 4718 4654
F 4718 4653 4654
F 4652 4718 4717
F 4653 4718 4652
F 5291 5225 5226
F 5225 5291 5290
F 5292 5291 5227
F 5227 5291 5226
F 5422 5357 5423
F 5357 5358 5423
F 5357 5293 5358
F 5357 5292 5293
F 5102 5166 5101
F 5166 5102 5167
F 5102 5103 5168
F 5167 5102 5168
F 4755 4690 4691
F 4756 4755 4691
F 4820 4755 4821
F 4755 4756 4821
F 5017 4951 4952
F 4951 5017 5016
F 4624 4688 4623
F 4624 4689 4688
F 4558 4624 4623
F 4624 4558 4559
F 4624 4625 4690
F 4689 4624 4690
F 4625 4624 4560
F 4560 4624 4559
F 5021 4957 5022
F 4957 5021 4956
F 5023 4957 4958
F 5022 4957 5023
F 4957 4893 4958
F 4957 4892 4893
F 4825 4891 4890
F 4891 4825 4826
F 4957 4891 4892
F 4891 4957 4956
F 4891 4955 4890
F 4955 4891 4956
F 4892 4891 4827
F 4891 4826 4827
F 4825 4761 4826
F 4761 4825 4760
F 4761 4695 4696
F 4695 4761 4760
F 4826 4761 4827
F 4761 4762 4827
F 4697 4761 4696
F 4762 4761 4697
F 4829 4765 4830
F 4765 4829 4764
F 4829 4895 4894
F 4895 4829 4830
F 4829 4763 4764
F 4829 4828 4763
F 4893 4829 4894
F 4828 4829 4893
F 4759 4694 4760
F 4694 4695 4760
F 4695 4694 4630
F 4694 4629 4630
F 4955 5020 4954
F 5020 5019 4954
F 5020 5085 5084
F 5019 5020 5084
F 5020 4955 4956
F 5021 5020 4956
F 5020 5086 5085
F 5020 5021 5086
F 5148 5082 5083
F 5082 5148 5147
F 5146 5082 5147
F 5081 5082 5146
F 5082 5081 5016
F 5017 5082 5016
F 5018 5082 5017
F 5082 5018 5083
F 4954 5018 4953
F 5019 5018 4954
F 5018 5019 5084
F 5083 5018 5084
F 5018 4952 4953
F 5018 5017 4952
F 5466 5531 5530
F 5465 5466 5530
F 5466 5532 5531
F 5466 5467 5532
F 5526 5461 5527
F 5461 5462 5527
F 5276 5275 5211
F 5275 5210 5211
F 5275 5276 5341
F 5340 5275 5341
F 5275 5339 5274
F 5275 5340 5339
F 5011 5077 5076
F 5077 5011 5012
F 5076 5077 5141
F 5077 5142 5141
F 5142 5207 5141
F 5207 5206 5141
F 4883 4818 4819
F 4884 4883 4819
F 4818 4883 4817
F 4817 4883 4882
F 4948 4883 4949
F 4883 4884 4949
F 4883 4947 4882
F 4883 4948 4947
F 8161 8095 8096
F 8095 8161 8160
F 8235 8299 8234
F 8299 8235 8300
F 8299 8233 8234
F 8299 8298 8233
F 8004 8005 8069
F 8069 8005 8070
F 8006 8005 7941
F 7941 8005 7940
F 8005 8006 8071
F 8005 8071 8070
F 8387 8322 8323
F 8388 8387 8323
F 8322 8387 8321
F 8387 8386 8321
F 8387 8452 8451
F 8386 8387 8451
F 8387 8453 8452
F 8453 8387 8388
F 8453 8454 8519
F 8453 8519 8518
F 8454 8453 8389
F 8453 8388 8389
F 8452 8453 8517
F 8517 8453 8518
F 8449 8450 8514
F 8514 8450 8515
F 8516 8450 8451
F 8450 8516 8515
F 8450 8449 8384
F 8385 8450 8384
F 8450 8386 8451
F 8450 8385 8386
F 7996 7932 7997
F 7931 7932 7996
F 7932 7998 7997
F 7998 7932 7933
F 7932 7868 7933
F 7932 7867 7868
F 7932 7866 7867
F 7866 7932 7931
F 7866 7800 7801
F 7800 7866 7865
F 7866 7931 7930
F 7866 7930 7865
F 7866 7801 7802
F 7867 7866 7802
F 8057 8056 7991
F 7992 8057 7991
F 8056 8057 8121
F 8057 8122 8121
F 7927 7928 7992
F 7992 7928 7993
F 7929 7928 7864
F 7864 7928 7863
F 7928 7929 7994
F 7928 7994 7993
F 7861 7926 7925
F 7860 7861 7925
F 7861 7860 7795
F 7796 7861 7795
F 7776 7775 7711
F 7775 7710 7711
F 7449 7448 7384
F 7448 7383 7384
F 7514 7448 7449
F 7513 7448 7514
F 3544 3650 3543
F 3650 3544 3651
F 387 412 411
F 412 387 388
F 412 441 411
F 412 442 441
F 333 347 346
F 347 333 334
F 347 360 346
F 360 347 361
F 1312 1385 1384
F 1312 1313 1385
F 1243 1312 1242
F 1312 1243 1313
F 1313 1314 1385
F 1385 1314 1386
F 1390 1463 1462
F 1463 1390 1391
F 1376 1377 1448
F 1377 1449 1448
F 1305 1304 1236
F 1236 1304 1235
F 1235 1304 1234
F 1304 1303 1234
F 1597 1522 1523
F 1522 1597 1596
F 1521 1522 1595
F 1595 1522 1596
F 1666 1667 1744
F 1666 1744 1743
F 1742 1666 1743
F 1666 1742 1665
F 1667 1666 1592
F 1666 1591 1592
F 1666 1665 1590
F 1591 1666 1590
F 1816 1817 1897
F 1897 1817 1898
F 2238 2239 2330
F 2330 2239 2331
F 1989 1904 1905
F 1904 1989 1988
F 1669 1746 1668
F 1746 1745 1668
F 1985 2071 2070
F 2071 1985 1986
F 2422 2330 2331
F 2330 2422 2421
F 2422 2514 2421
F 2514 2422 2515
F 2516 2422 2423
F 2422 2516 2515
F 1744 1819 1743
F 1820 1819 1744
F 1821 1746 1822
F 1746 1821 1745
F 1821 1744 1745
F 1821 1820 1744
F 1980 2066 2065
F 2066 1980 1981
F 1980 1979 1895
F 1896 1980 1895
F 2067 1983 2068
F 2067 1982 1983
F 2067 2066 1981
F 1982 2067 1981
F 2149 2239 2238
F 2239 2149 2150
F 2067 2149 2066
F 2149 2067 2150
F 2149 2238 2237
F 2149 2237 2148
F 2066 2149 2065
F 2065 2149 2148
F 1980 2064 1979
F 2064 1980 2065
F 1978 2064 2063
F 1979 2064 1978
F 2064 2065 2148
F 2147 2064 2148
F 2064 2146 2063
F 2064 2147 2146
F 3224 3223 3117
F 3118 3224 3117
F 3119 3224 3118
F 3224 3119 3225
F 3334 3224 3225
F 3224 3334 3333
F 3334 3443 3442
F 3334 3442 3333
F 3444 3334 3335
F 3334 3444 3443
F 3334 3226 3335
F 3226 3334 3225
F 3123 3017 3124
F 3123 3016 3017
F 3231 3123 3124
F 3123 3231 3230
F 2707 2706 2607
F 2607 2706 2606
F 2510 2608 2607
F 2509 2510 2607
F 2706 2605 2606
F 2605 2706 2705
F 2605 2506 2507
F 2506 2605 2604
F 2412 2506 2505
F 2506 2412 2413
F 2506 2604 2603
F 2505 2506 2603
F 2508 2605 2507
F 2605 2508 2606
F 2508 2509 2607
F 2508 2607 2606
F 2414 2322 2323
F 2322 2414 2413
F 2414 2506 2413
F 2506 2414 2507
F 3009 3118 3117
F 3118 3009 3010
F 2803 2701 2702
F 2701 2803 2802
F 3555 3663 3662
F 3663 3555 3556
F 3449 3555 3448
F 3555 3449 3556
F 3449 3557 3556
F 3557 3449 3450
F 3341 3449 3340
F 3449 3341 3450
F 3877 3978 3977
F 3978 3877 3878
F 4070 4069 3975
F 4069 3974 3975
F 3973 4069 4068
F 4069 3973 3974
F 3972 3871 3872
F 3871 3972 3971
F 3972 3973 4068
F 4067 3972 4068
F 3972 3872 3873
F 3973 3972 3873
F 3449 3339 3340
F 3339 3449 3448
F 3231 3339 3230
F 3339 3231 3340
F 3339 3338 3229
F 3230 3339 3229
F 3447 3339 3448
F 3339 3447 3338
F 3773 3877 3772
F 3877 3773 3878
F 3878 3773 3879
F 3773 3774 3879
F 3345 3236 3237
F 3345 3237 3346
F 3453 3345 3454
F 3345 3453 3344
F 3453 3559 3452
F 3559 3453 3560
F 3453 3343 3344
F 3343 3453 3452
F 3453 3454 3561
F 3453 3561 3560
F 3457 3565 3564
F 3565 3457 3458
F 3565 3671 3564
F 3671 3565 3672
F 3132 3026 3133
F 3026 3132 3025
F 2921 3023 2920
F 3023 2921 3024
F 3024 2921 3025
F 2921 2922 3025
F 3027 2923 2924
F 2923 3027 3026
F 2923 3026 3025
F 2922 2923 3025
F 3773 3666 3774
F 3666 3773 3665
F 3775 3666 3667
F 3774 3666 3775
F 3667 3666 3560
F 3666 3559 3560
F 2916 2811 2812
F 2811 2916 2915
F 3671 3778 3670
F 3778 3671 3779
F 3670 3778 3669
F 3778 3777 3669
F 3989 4083 3988
F 4084 4083 3989
F 3871 3870 3766
F 3870 3765 3766
F 3764 3658 3765
F 3658 3764 3657
F 3870 3764 3765
F 3764 3870 3869
F 3764 3869 3868
F 3763 3764 3868
F 3759 3758 3652
F 3652 3758 3651
F 3758 3650 3651
F 3650 3758 3757
F 3767 3660 3768
F 3768 3660 3661
F 3553 3660 3552
F 3660 3553 3661
F 3660 3767 3766
F 3659 3660 3766
F 2802 2906 2801
F 2907 2906 2802
F 3005 3006 3113
F 3006 3114 3113
F 3114 3006 3115
F 3006 3007 3115
F 3762 3763 3868
F 3867 3762 3868
F 3252 3145 3146
F 3145 3252 3251
F 3997 3896 3897
F 3896 3997 3996
F 4435 4491 4434
F 4434 4491 4490
F 4492 4491 4436
F 4491 4435 4436
F 2821 2926 2925
F 2926 2821 2822
F 2925 2926 3028
F 2926 3029 3028
F 3029 2926 3030
F 2926 2927 3030
F 2823 2926 2822
F 2927 2926 2823
F 2719 2821 2820
F 2821 2719 2720
F 3466 3465 3357
F 3465 3356 3357
F 2711 2712 2812
F 2812 2712 2813
F 7140 7074 7075
F 7140 7139 7074
F 7140 7205 7204
F 7139 7140 7204
F 7394 7460 7459
F 7394 7395 7460
F 7458 7394 7459
F 7393 7394 7458
F 7395 7394 7330
F 7394 7329 7330
F 7394 7393 7328
F 7329 7394 7328
F 6942 6876 6877
F 6942 6941 6876
F 6943 6942 6878
F 6942 6877 6878
F 6942 6943 7008
F 7007 6942 7008
F 7006 6942 7007
F 6942 7006 6941
F 7006 7070 7005
F 7070 7006 7071
F 6940 7006 7005
F 6941 7006 6940
F 7006 7072 7071
F 7006 7007 7072
F 8038 8102 8037
F 8038 8103 8102
F 7972 8038 8037
F 7973 8038 7972
F 7910 7846 7911
F 7910 7845 7846
F 8038 8104 8103
F 8104 8038 8039
F 8104 8169 8168
F 8103 8104 8168
F 8169 8104 8170
F 8104 8105 8170
F 255 246 256
F 246 255 245
F 287 299 286
F 299 298 286
F 298 299 311
F 299 312 311
F 332 321 333
F 321 332 320
F 321 322 334
F 333 321 334
F 6336 6284 6337
F 6284 6285 6337
F 6284 6335 6283
F 6335 6284 6336
F 6285 6284 6228
F 6284 6227 6228
F 6226 6284 6283
F 6227 6284 6226
F 6099 6098 6033
F 6099 6033 6034
F 6098 6099 6161
F 6099 6162 6161
F 6433 6385 6434
F 6384 6385 6433
F 6435 6385 6386
F 6385 6435 6434
F 6385 6384 6334
F 6335 6385 6334
F 6386 6385 6336
F 6385 6335 6336
F 6169 6107 6170
F 6169 6106 6107
F 6231 6169 6232
F 6169 6170 6232
F 6169 6105 6106
F 6169 6168 6105
F 6169 6231 6230
F 6168 6169 6230
F 5205 5140 5141
F 5206 5205 5141
F 5140 5205 5139
F 5205 5204 5139
F 5071 5072 5136
F 5072 5137 5136
F 5072 5006 5007
F 5006 5072 5071
F 5072 5138 5137
F 5072 5073 5138
F 5072 5007 5008
F 5073 5072 5008
F 4752 4687 4753
F 4687 4688 4753
F 4879 4815 4880
F 4815 4879 4814
F 4815 4881 4880
F 4815 4816 4881
F 4817 4751 4752
F 4816 4751 4817
F 4869 4933 4868
F 4869 4934 4933
F 4869 4803 4804
F 4803 4869 4868
F 4934 4869 4935
F 4869 4870 4935
F 4805 4869 4804
F 4870 4869 4805
F 5062 5126 5061
F 5126 5062 5127
F 5192 5126 5127
F 5126 5192 5191
F 5061 5126 5060
F 5126 5125 5060
F 5126 5191 5190
F 5125 5126 5190
F 1441 1511 1440
F 1511 1441 1512
F 1371 1300 1372
F 1300 1301 1372
F 1027 1091 1026
F 1091 1027 1092
F 904 966 965
F 966 904 905
F 762 761 700
F 761 699 700
F 640 639 591
F 592 640 591
F 648 597 649
F 597 648 596
F 597 650 649
F 650 597 598
F 547 597 596
F 597 547 548
F 598 597 549
F 597 548 549
F 648 647 596
F 647 595 596
F 647 594 595
F 594 647 646
F 645 594 646
F 594 645 593
F 466 433 467
F 433 466 432
F 430 402 403
F 430 429 402
F 429 430 463
F 430 464 463
F 548 502 549
F 502 503 549
F 503 502 461
F 502 460 461
F 770 831 830
F 831 770 771
F 652 710 709
F 710 652 653
F 652 599 600
F 652 600 653
F 1023 1087 1022
F 1087 1023 1088
F 1021 1087 1086
F 1087 1021 1022
F 1087 1152 1151
F 1087 1151 1086
F 776 837 836
F 837 776 777
F 899 835 836
F 835 899 898
F 897 835 898
F 835 897 834
F 835 776 836
F 776 835 775
F 774 835 834
F 835 774 775
F 896 956 895
F 957 956 896
F 5736 5670 5671
F 5670 5736 5735
F 5672 5607 5608
F 5673 5672 5608
F 5606 5672 5671
F 5672 5606 5607
F 5672 5673 5738
F 5737 5672 5738
F 5736 5672 5737
F 5672 5736 5671
F 5867 5933 5932
F 5933 5867 5868
F 5932 5933 5997
F 5997 5933 5998
F 5869 5933 5868
F 5934 5933 5869
F 5933 5999 5998
F 5933 5934 5999
F 4635 4634 4570
F 4570 4634 4569
F 4634 4633 4568
F 4569 4634 4568
F 4633 4634 4698
F 4634 4699 4698
F 4634 4700 4699
F 4700 4634 4635
F 4765 4700 4766
F 4700 4701 4766
F 4701 4700 4636
F 4700 4635 4636
F 4699 4700 4764
F 4700 4765 4764
F 5667 5732 5731
F 5666 5667 5731
F 5733 5667 5668
F 5732 5667 5733
F 5667 5666 5601
F 5602 5667 5601
F 5667 5603 5668
F 5667 5602 5603
F 5491 5426 5492
F 5426 5427 5492
F 5426 5490 5425
F 5490 5426 5491
F 5360 5426 5425
F 5361 5426 5360
F 5362 5426 5361
F 5426 5362 5427
F 5362 5298 5363
F 5362 5297 5298
F 5428 5362 5363
F 5427 5362 5428
F 5362 5361 5296
F 5297 5362 5296
F 5289 5225 5290
F 5225 5289 5224
F 5354 5289 5355
F 5355 5289 5290
F 5289 5354 5353
F 5288 5289 5353
F 5224 5289 5223
F 5289 5288 5223
F 5875 5811 5876
F 5875 5810 5811
F 5941 5875 5876
F 5875 5941 5940
F 5875 5940 5939
F 5874 5875 5939
F 5809 5875 5874
F 5875 5809 5810
F 5743 5809 5808
F 5744 5809 5743
F 5809 5744 5745
F 5810 5809 5745
F 5809 5873 5808
F 5809 5874 5873
F 4420 4486 4485
F 4486 4420 4421
F 6962 6896 6897
F 6896 6962 6961
F 6898 6962 6897
F 6963 6962 6898
F 6962 7028 7027
F 6962 6963 7028
F 7157 7091 7092
F 7091 7157 7156
F 6895 6894 6829
F 6830 6895 6829
F 6895 6960 6959
F 6894 6895 6959
F 6896 6895 6831
F 6895 6830 6831
F 6895 6896 6961
F 6895 6961 6960
F 3085 2980 3086
F 2980 3085 2979
F 2880 2980 2879
F 2980 2979 2879
F 3305 3197 3198
F 3306 3305 3198
F 3305 3196 3197
F 3305 3304 3196
F 3304 3413 3412
F 3305 3413 3304
F 7539 7538 7473
F 7539 7473 7474
F 7540 7539 7475
F 7475 7539 7474
F 7538 7539 7603
F 7539 7604 7603
F 7539 7540 7605
F 7604 7539 7605
F 7475 7410 7476
F 7410 7411 7476
F 7410 7475 7474
F 7409 7410 7474
F 7345 7410 7344
F 7410 7409 7344
F 7346 7347 7412
F 7411 7346 7412
F 7410 7346 7411
F 7346 7410 7345
F 6958 6893 6894
F 6958 6894 6959
F 6958 7024 7023
F 7024 6958 6959
F 6893 6958 6892
F 6958 6957 6892
F 6957 6958 7022
F 7022 6958 7023
F 7152 7216 7151
F 7216 7152 7217
F 7218 7152 7153
F 7152 7218 7217
F 7152 7151 7086
F 7087 7152 7086
F 7152 7088 7153
F 7152 7087 7088
F 7084 7148 7083
F 7148 7084 7149
F 7084 7018 7019
F 7018 7084 7083
F 7084 7085 7150
F 7149 7084 7150
F 7020 7084 7019
F 7085 7084 7020
F 7279 7215 7280
F 7214 7215 7279
F 7215 7149 7150
F 7215 7214 7149
F 7151 7215 7150
F 7216 7215 7151
F 7535 7471 7536
F 7471 7535 7470
F 7535 7536 7601
F 7600 7535 7601
F 3240 3133 3134
F 3133 3240 3239
F 4083 3987 3988
F 3987 4083 4082
F 3987 3888 3988
F 3987 3887 3888
F 3565 3673 3672
F 3673 3565 3566
F 3782 3783 3888
F 3887 3782 3888
F 3783 3782 3675
F 3782 3674 3675
F 7340 7404 7339
F 7404 7340 7405
F 7343 7277 7278
F 7277 7343 7342
F 6948 6884 6949
F 6948 6883 6884
F 6887 6823 6888
F 6823 6887 6822
F 7205 7141 7206
F 7140 7141 7205
F 7141 7140 7075
F 7076 7141 7075
F 7011 7010 6945
F 6946 7011 6945
F 7010 7011 7075
F 7011 7076 7075
F 7079 7145 7144
F 7145 7079 7080
F 7143 7079 7144
F 7079 7143 7078
F 7011 7077 7076
F 7077 7011 7012
F 3926 4027 3925
F 3926 4028 4027
F 3601 3709 3708
F 3600 3601 3708
F 3707 3815 3814
F 3815 3707 3708
F 3707 3599 3600
F 3707 3600 3708
F 3702 3810 3809
F 3810 3702 3703
F 4212 4120 4121
F 4213 4212 4121
F 4212 4298 4297
F 4211 4212 4297
F 4212 4213 4299
F 4298 4212 4299
F 3929 3824 3825
F 3824 3929 3928
F 3826 3929 3825
F 3929 3826 3930
F 4315 4314 4229
F 4314 4228 4229
F 3845 3737 3738
F 3737 3845 3844
F 3952 3848 3849
F 3952 3849 3953
F 3847 3952 3951
F 3952 3847 3848
F 4328 4241 4242
F 4241 4328 4327
F 4235 4142 4143
F 4142 4235 4234
F 4046 4045 3943
F 3944 4046 3943
F 4045 4046 4140
F 4046 4141 4140
F 4320 4233 4234
F 4233 4320 4319
F 4233 4142 4234
F 4142 4233 4141
F 3946 3947 4048
F 4047 3946 4048
F 3947 3946 3843
F 3946 3842 3843
F 3946 3945 3841
F 3842 3946 3841
F 3731 3839 3838
F 3839 3731 3732
F 3839 3944 3943
F 3839 3840 3944
F 3513 3404 3405
F 3404 3513 3512
F 3404 3297 3405
F 3297 3404 3296
F 2976 3081 2975
F 3081 2976 3082
F 3081 2974 2975
F 2974 3081 3080
F 3081 3187 3080
F 3187 3081 3188
F 3733 3839 3732
F 3839 3733 3840
F 4320 4400 4319
F 4400 4399 4319
F 2774 2674 2675
F 2775 2774 2675
F 2774 2775 2876
F 2875 2774 2876
F 2973 3078 2972
F 3078 2973 3079
F 2973 2974 3080
F 2973 3080 3079
F 3184 3292 3183
F 3183 3292 3291
F 3292 3184 3185
F 3292 3185 3293
F 3182 3074 3075
F 3074 3182 3181
F 1164 1163 1098
F 1099 1164 1098
F 1100 1164 1099
F 1165 1164 1100
F 1164 1227 1226
F 1163 1164 1226
F 1294 1293 1226
F 1293 1225 1226
F 1035 1100 1099
F 1034 1035 1099
F 910 970 909
F 970 910 971
F 908 970 969
F 970 908 909
F 1035 970 971
F 970 1035 1034
F 1297 1229 1298
F 1229 1230 1298
F 1229 1297 1296
F 1228 1229 1296
F 785 845 784
F 845 785 846
F 908 845 909
F 909 845 846
F 845 907 844
F 907 845 908
F 1097 1163 1162
F 1163 1097 1098
F 1033 970 1034
F 970 1033 969
F 1033 1034 1099
F 1033 1099 1098
F 1097 1033 1098
F 1033 1097 1032
F 1290 1362 1361
F 1362 1290 1291
F 1362 1432 1361
F 1362 1433 1432
F 2047 1964 2048
F 1964 2047 1963
F 2205 2120 2206
F 2120 2205 2119
F 2206 2120 2207
F 2120 2121 2207
F 2121 2120 2040
F 2120 2039 2040
F 2120 2119 2038
F 2039 2120 2038
F 2401 2491 2400
F 2491 2401 2492
F 2311 2401 2310
F 2310 2401 2400
F 2587 2683 2586
F 2683 2587 2684
F 2587 2491 2492
F 2587 2586 2491
F 2782 2683 2684
F 2683 2782 2781
F 2783 2782 2685
F 2685 2782 2684
F 2587 2588 2684
F 2588 2685 2684
F 2588 2587 2492
F 2493 2588 2492
F 1969 2054 2053
F 1970 2054 1969
F 2136 2137 2222
F 2222 2137 2223
F 2777 2679 2778
F 2679 2777 2678
F 2679 2779 2778
F 2679 2680 2779
F 2586 2490 2491
F 2490 2586 2585
F 2216 2307 2306
F 2307 2216 2217
F 2307 2218 2308
F 2218 2307 2217
F 2307 2397 2396
F 2306 2307 2396
F 2782 2884 2781
F 2884 2782 2885
F 2780 2884 2883
F 2884 2780 2781
F 2984 2884 2985
F 2985 2884 2885
F 2983 2884 2984
F 2884 2983 2883
F 2882 2983 2982
F 2983 2882 2883
F 2983 3090 3089
F 2983 2984 3090
F 2881 2880 2778
F 2779 2881 2778
F 1810 1735 1811
F 1735 1736 1811
F 1736 1735 1661
F 1735 1660 1661
F 1660 1735 1659
F 1659 1735 1734
F 1812 1737 1813
F 1737 1738 1813
F 1737 1812 1811
F 1736 1737 1811
F 1587 1660 1586
F 1660 1587 1661
F 1891 1973 1972
F 1973 1891 1892
F 1887 1969 1968
F 1969 1887 1888
F 1967 1887 1968
F 1886 1887 1967
F 2689 2786 2688
F 2786 2689 2787
F 2574 2670 2573
F 2670 2574 2671
F 2390 2389 2298
F 2390 2298 2299
F 2301 2300 2211
F 2300 2210 2211
F 2210 2300 2209
F 2209 2300 2299
F 2300 2301 2392
F 2391 2300 2392
F 2300 2390 2299
F 2390 2300 2391
F 2478 2572 2477
F 2572 2478 2573
F 2670 2572 2573
F 2669 2572 2670
F 2770 2870 2769
F 2870 2770 2871
F 2770 2669 2670
F 2669 2770 2769
F 2871 2770 2872
F 2770 2771 2872
F 2770 2670 2671
F 2771 2770 2671
F 2668 2572 2669
F 2572 2668 2571
F 2668 2570 2571
F 2570 2668 2667
F 2668 2669 2769
F 2768 2668 2769
F 2668 2768 2767
F 2667 2668 2767
F 1962 1881 1882
F 1962 1882 1963
F 1880 1962 1961
F 1881 1962 1880
F 2046 1962 2047
F 2047 1962 1963
F 1962 2045 1961
F 1962 2046 2045
F 2395 2396 2487
F 2486 2395 2487
F 2306 2395 2305
F 2395 2306 2396
F 2395 2304 2305
F 2395 2394 2304
F 2395 2485 2394
F 2485 2395 2486
F 2485 2581 2580
F 2581 2485 2486
F 2484 2485 2579
F 2579 2485 2580
F 2394 2485 2393
F 2485 2484 2393
F 2791 2894 2893
F 2790 2791 2893
F 2895 2791 2792
F 2894 2791 2895
F 2791 2694 2792
F 2694 2791 2693
F 2596 2694 2595
F 2694 2693 2595
F 2694 2596 2597
F 2695 2694 2597
F 2694 2793 2792
F 2694 2695 2793
F 2998 2899 2999
F 2899 2998 2898
F 2998 3105 3104
F 3105 2998 2999
F 2998 2997 2897
F 2998 2897 2898
F 2899 3000 2999
F 3000 2899 2900
F 3000 3105 2999
F 3105 3000 3106
F 3000 3107 3106
F 3000 3001 3107
F 2899 2795 2796
F 2795 2899 2898
F 2795 2897 2794
F 2897 2795 2898
F 2796 2795 2698
F 2795 2697 2698
F 2696 2795 2794
F 2697 2795 2696
F 3001 3108 3107
F 3108 3001 3002
F 3215 3108 3216
F 3108 3109 3216
F 3108 3215 3214
F 3107 3108 3214
F 3536 3429 3537
F 3429 3536 3428
F 3644 3536 3645
F 3536 3537 3645
F 3755 3647 3756
F 3647 3648 3756
F 3749 3748 3640
F 3749 3640 3641
F 3955 3956 4056
F 3956 4057 4056
F 3749 3856 3748
F 3856 3749 3857
F 4506 4480 4507
F 4480 4506 4479
F 4152 4055 4056
F 4055 4152 4151
F 4057 4152 4056
F 4153 4152 4057
F 3746 3637 3638
F 3637 3746 3745
F 2789 2790 2893
F 2892 2789 2893
F 2891 2789 2892
F 2789 2891 2788
F 2891 2890 2787
F 2891 2787 2788
F 2891 2892 2992
F 2891 2992 2991
F 2891 2990 2890
F 2990 2891 2991
F 2890 2990 2889
F 2990 2989 2889
F 2987 2887 2888
F 2987 2888 2988
F 2987 2988 3094
F 3093 2987 3094
F 2782 2886 2885
F 2886 2782 2783
F 2886 2987 2986
F 2987 2886 2887
F 2887 2886 2784
F 2886 2783 2784
F 2886 2986 2985
F 2886 2985 2885
F 3639 3746 3638
F 3746 3639 3747
F 3748 3639 3640
F 3639 3748 3747
F 2791 2692 2693
F 2692 2791 2790
F 2789 2692 2790
F 2692 2789 2691
F 2692 2691 2593
F 2594 2692 2593
F 2693 2692 2595
F 2692 2594 2595
F 2229 2142 2143
F 2142 2229 2228
F 2061 2142 2060
F 2143 2142 2061
F 2227 2142 2228
F 2141 2142 2227
F 2409 2501 2500
F 2409 2410 2501
F 2409 2408 2319
F 2320 2409 2319
F 2410 2409 2321
F 2409 2320 2321
F 1873 1795 1874
F 1795 1796 1874
F 1795 1873 1872
F 1794 1795 1872
F 1950 1949 1868
F 1869 1950 1868
F 1951 1950 1870
F 1950 1869 1870
F 1572 1500 1573
F 1500 1501 1573
F 1571 1646 1645
F 1570 1571 1645
F 1647 1571 1572
F 1571 1647 1646
F 1498 1571 1570
F 1571 1498 1499
F 1571 1500 1572
F 1500 1571 1499
F 1428 1500 1499
F 1500 1428 1429
F 1498 1428 1499
F 1428 1498 1427
F 1429 1428 1358
F 1428 1357 1358
F 1356 1428 1427
F 1357 1428 1356
F 1284 1354 1283
F 1354 1284 1355
F 1153 1089 1154
F 1089 1153 1088
F 1153 1087 1088
F 1087 1153 1152
F 1286 1287 1358
F 1357 1286 1358
F 1799 1723 1800
F 1799 1722 1723
F 1799 1876 1798
F 1799 1877 1876
F 1878 1799 1800
F 1877 1799 1878
F 1432 1502 1431
F 1503 1502 1432
F 1502 1430 1431
F 1430 1502 1501
F 1502 1574 1573
F 1501 1502 1573
F 1502 1575 1574
F 1575 1502 1503
F 1650 1575 1651
F 1575 1576 1651
F 1576 1575 1504
F 1575 1503 1504
F 1575 1650 1649
F 1574 1575 1649
F 1495 1426 1496
F 1426 1495 1425
F 1352 1353 1424
F 1353 1425 1424
F 1282 1353 1281
F 1353 1352 1281
F 1353 1426 1425
F 1426 1353 1354
F 1283 1353 1282
F 1354 1353 1283
F 2569 2570 2667
F 2569 2667 2666
F 2476 2569 2475
F 2570 2569 2476
F 2568 2569 2665
F 2665 2569 2666
F 2569 2568 2474
F 2569 2474 2475
F 2863 2862 2762
F 2862 2761 2762
F 766 767 827
F 826 766 827
F 1085 1151 1150
F 1151 1085 1086
F 1084 1085 1149
F 1085 1150 1149
F 1144 1080 1145
F 1144 1079 1080
F 1212 1144 1145
F 1144 1212 1211
F 1212 1275 1211
F 1275 1212 1276
F 1564 1638 1563
F 1638 1564 1639
F 1638 1713 1637
F 1713 1638 1714
F 1562 1638 1637
F 1638 1562 1563
F 1562 1492 1563
F 1562 1491 1492
F 1945 1946 2030
F 2029 1945 2030
F 1946 1947 2030
F 1947 2031 2030
F 2661 2662 2762
F 2761 2661 2762
F 2661 2565 2662
F 2565 2661 2564
F 1989 2074 1988
F 1988 2074 2073
F 1990 2074 1989
F 2074 1990 2075
F 2083 1999 2000
F 2083 2000 2084
F 1913 1831 1832
F 1831 1913 1912
F 2623 2724 2723
F 2622 2623 2723
F 1239 1173 1174
F 1173 1239 1238
F 1312 1241 1242
F 1241 1312 1311
F 568 618 617
F 618 568 569
F 687 635 688
F 635 687 634
F 586 635 634
F 635 586 587
F 1054 1120 1119
F 1053 1054 1119
F 3607 3499 3608
F 3498 3499 3607
F 3499 3609 3608
F 3609 3499 3500
F 4103 4008 4104
F 4008 4009 4104
F 4009 4008 3907
F 4008 3906 3907
F 4007 4008 4103
F 4007 4103 4102
F 4099 4003 4004
F 4003 4099 4098
F 4105 4010 4106
F 4010 4011 4106
F 4010 4105 4104
F 4009 4010 4104
F 8005 7939 7940
F 7939 8005 8004
F 7939 7874 7875
F 7939 7875 7940
F 7939 7938 7873
F 7874 7939 7873
F 7864 7799 7865
F 7799 7800 7865
F 7799 7864 7863
F 7798 7799 7863
F 7039 7105 7104
F 7039 7040 7105
F 7103 7039 7104
F 7039 7103 7038
F 7040 7039 6975
F 7039 6974 6975
F 6974 7039 6973
F 6973 7039 7038
F 6908 6972 6907
F 6972 6908 6973
F 6972 6906 6907
F 6906 6972 6971
F 6972 6973 7038
F 7037 6972 7038
F 6971 6972 7036
F 6972 7037 7036
F 6845 6780 6846
F 6780 6781 6846
F 6780 6723 6724
F 6781 6780 6724
F 6780 6845 6844
F 6779 6780 6844
F 6780 6722 6723
F 6780 6779 6722
F 8013 8077 8012
F 8077 8013 8078
F 8143 8077 8078
F 8142 8077 8143
F 7943 8008 8007
F 7942 7943 8007
F 7878 7943 7877
F 7943 7942 7877
F 8008 7943 8009
F 7943 7944 8009
F 7943 7878 7879
F 7944 7943 7879
F 8198 8133 8199
F 8199 8133 8134
F 8133 8198 8197
F 8132 8133 8197
F 7870 7936 7935
F 7936 7870 7871
F 7806 7870 7805
F 7870 7806 7871
F 7934 7870 7935
F 7869 7870 7934
F 7805 7870 7804
F 7870 7869 7804
F 7681 7616 7617
F 7682 7681 7617
F 7681 7682 7747
F 7746 7681 7747
F 7678 7744 7743
F 7678 7679 7744
F 6990 6924 6925
F 6990 6989 6924
F 6989 6990 7054
F 6990 7055 7054
F 7252 7186 7187
F 7251 7186 7252
F 7186 7122 7187
F 7122 7186 7121
F 7250 7186 7251
F 7185 7186 7250
F 7186 7120 7121
F 7186 7185 7120
F 6422 6423 6470
F 6469 6422 6470
F 6422 6469 6468
F 6421 6422 6468
F 6373 6422 6372
F 6422 6421 6372
F 6374 6422 6373
F 6422 6374 6423
F 6325 6374 6324
F 6374 6325 6375
F 6423 6374 6424
F 6424 6374 6375
F 6374 6323 6324
F 6374 6373 6323
F 6566 6522 6567
F 6521 6522 6566
F 6567 6522 6568
F 6522 6523 6568
F 6474 6522 6521
F 6475 6522 6474
F 6523 6522 6476
F 6522 6475 6476
F 6379 6427 6378
F 6427 6379 6428
F 6328 6379 6378
F 6329 6379 6328
F 5291 5356 5290
F 5356 5355 5290
F 5356 5421 5420
F 5355 5356 5420
F 5356 5291 5292
F 5357 5356 5292
F 5421 5356 5422
F 5356 5357 5422
F 5037 4972 4973
F 5038 5037 4973
F 5037 4971 4972
F 4971 5037 5036
F 5103 5037 5038
F 5102 5037 5103
F 5036 5037 5101
F 5037 5102 5101
F 5081 5145 5080
F 5145 5081 5146
F 5145 5146 5211
F 5210 5145 5211
F 5275 5209 5210
F 5209 5275 5274
F 5209 5145 5210
F 5145 5209 5144
F 4688 4754 4753
F 4689 4754 4688
F 4754 4818 4753
F 4818 4754 4819
F 4755 4754 4690
F 4754 4689 4690
F 4754 4755 4820
F 4754 4820 4819
F 5015 4950 5016
F 4950 4951 5016
F 4757 4693 4758
F 4693 4757 4692
F 4693 4627 4628
F 4627 4693 4692
F 4693 4759 4758
F 4693 4694 4759
F 4629 4693 4628
F 4694 4693 4629
F 5468 5402 5403
F 5467 5402 5468
F 5397 5396 5332
F 5332 5396 5331
F 5396 5397 5462
F 5461 5396 5462
F 5077 5078 5142
F 5142 5078 5143
F 8094 8159 8158
F 8093 8094 8158
F 8159 8094 8160
F 8094 8095 8160
F 8428 8364 8429
F 8363 8364 8428
F 8364 8430 8429
F 8430 8364 8365
F 8298 8364 8363
F 8299 8364 8298
F 8364 8300 8365
F 8364 8299 8300
F 8058 8059 8124
F 8123 8058 8124
F 8058 7994 8059
F 7994 8058 7993
F 8058 8123 8122
F 8057 8058 8122
F 8058 7992 7993
F 8058 8057 7992
F 7862 7928 7927
F 7928 7862 7863
F 7862 7927 7926
F 7861 7862 7926
F 7905 7840 7906
F 7840 7841 7906
F 7840 7776 7841
F 7840 7775 7776
F 7512 7576 7511
F 7576 7512 7577
F 7577 7512 7578
F 7512 7513 7578
F 3544 3545 3651
F 3545 3652 3651
F 3004 3005 3113
F 3112 3004 3113
F 3004 3111 3003
F 3111 3004 3112
F 2903 3006 3005
F 3006 2903 2904
F 3004 2903 3005
F 2903 3004 2902
F 2903 2799 2904
F 2799 2903 2798
F 625 578 626
F 578 625 577
F 327 314 315
F 328 327 315
F 423 424 454
F 424 455 454
F 367 354 368
F 367 353 354
F 1689 1614 1690
F 1614 1689 1613
F 1689 1612 1613
F 1612 1689 1688
F 1243 1244 1313
F 1244 1314 1313
F 1244 1245 1314
F 1314 1245 1315
F 1535 1464 1536
F 1464 1535 1463
F 1106 1172 1171
F 1172 1106 1107
F 1172 1107 1108
F 1173 1172 1108
F 1665 1741 1664
F 1742 1741 1665
F 1741 1817 1816
F 1741 1816 1740
F 2422 2332 2423
F 2332 2422 2331
F 2239 2332 2331
F 2332 2239 2240
F 2241 2332 2240
F 2332 2241 2333
F 2337 2246 2338
F 2337 2245 2246
F 2074 2155 2073
F 2155 2074 2156
F 2155 2156 2246
F 2245 2155 2246
F 2520 2426 2427
F 2426 2520 2519
F 1741 1818 1817
F 1818 1741 1742
F 1818 1899 1898
F 1817 1818 1898
F 1899 1818 1900
F 1818 1819 1900
F 1818 1742 1743
F 1819 1818 1743
F 1901 1985 1984
F 1900 1901 1984
F 1901 1819 1820
F 1819 1901 1900
F 2910 3011 2909
F 3011 2910 3012
F 3011 3118 3010
F 3011 3119 3118
F 2608 2708 2607
F 2708 2707 2607
F 2327 2326 2235
F 2326 2234 2235
F 2233 2145 2234
F 2145 2233 2144
F 2908 3011 3010
F 3011 2908 2909
F 3009 2908 3010
F 2908 3009 2907
F 2908 2907 2802
F 2803 2908 2802
F 2605 2704 2604
F 2704 2605 2705
F 3875 3976 3975
F 3976 3875 3876
F 3342 3343 3452
F 3342 3452 3451
F 3341 3342 3450
F 3450 3342 3451
F 3773 3664 3665
F 3664 3773 3772
F 3664 3772 3771
F 3663 3664 3771
F 3664 3663 3556
F 3557 3664 3556
F 3666 3558 3559
F 3558 3666 3665
F 3558 3664 3557
F 3664 3558 3665
F 3452 3558 3451
F 3559 3558 3452
F 3558 3450 3451
F 3558 3557 3450
F 4166 4073 4074
F 4073 4166 4165
F 4073 4072 3977
F 3978 4073 3977
F 3457 3456 3348
F 3456 3347 3348
F 3131 3023 3024
F 3023 3131 3130
F 3132 3131 3025
F 3131 3024 3025
F 2717 2819 2818
F 2819 2717 2718
F 2819 2820 2924
F 2923 2819 2924
F 2819 2923 2922
F 2819 2922 2818
F 2914 3018 3017
F 3018 2914 2915
F 3017 3018 3124
F 3018 3125 3124
F 3232 3342 3341
F 3342 3232 3233
F 3232 3341 3340
F 3231 3232 3340
F 3232 3231 3124
F 3125 3232 3124
F 2917 2916 2812
F 2917 2812 2813
F 3129 3023 3130
F 3023 3129 3022
F 3236 3129 3237
F 3129 3130 3237
F 3673 3780 3672
F 3780 3673 3781
F 3780 3671 3672
F 3671 3780 3779
F 3869 3970 3969
F 3870 3970 3869
F 3970 3871 3971
F 3970 3870 3871
F 2905 3006 2904
F 3006 2905 3007
F 2799 2905 2904
F 2905 2799 2800
F 2905 2800 2801
F 2906 2905 2801
F 3008 2905 2906
F 2905 3008 3007
F 3008 3116 3115
F 3007 3008 3115
F 3008 3009 3117
F 3116 3008 3117
F 3008 2906 2907
F 3009 3008 2907
F 3550 3549 3442
F 3549 3441 3442
F 3224 3332 3223
F 3332 3224 3333
F 3442 3332 3333
F 3441 3332 3442
F 3792 3686 3793
F 3686 3792 3685
F 3896 3791 3897
F 3791 3896 3790
F 3791 3790 3683
F 3791 3683 3684
F 3685 3791 3684
F 3792 3791 3685
F 3898 3791 3792
F 3791 3898 3897
F 3898 3997 3897
F 3997 3898 3998
F 3898 3792 3793
F 3898 3793 3899
F 3575 3682 3681
F 3574 3575 3681
F 4181 4266 4180
F 4266 4181 4267
F 4348 4266 4267
F 4266 4348 4347
F 3997 4092 3996
F 4092 4091 3996
F 4092 4184 4091
F 4091 4184 4183
F 4268 4348 4267
F 4348 4268 4349
F 4268 4181 4182
F 4181 4268 4267
F 4183 4268 4182
F 4269 4268 4183
F 4433 4434 4490
F 4489 4433 4490
F 2618 2520 2521
F 2520 2618 2617
F 2618 2719 2718
F 2618 2718 2617
F 2340 2248 2341
F 2248 2249 2341
F 2712 2814 2813
F 2814 2712 2713
F 7974 8038 7973
F 8038 7974 8039
F 314 300 301
F 313 300 314
F 289 300 288
F 300 289 301
F 312 300 313
F 299 300 312
F 300 287 288
F 300 299 287
F 294 308 307
F 308 294 295
F 307 308 320
F 308 321 320
F 6164 6100 6101
F 6163 6100 6164
F 6036 6100 6035
F 6100 6036 6101
F 6162 6100 6163
F 6099 6100 6162
F 6035 6100 6034
F 6100 6099 6034
F 5207 5271 5206
F 5271 5207 5272
F 3435 3544 3543
F 3544 3435 3436
F 3326 3435 3325
F 3325 3435 3434
F 4622 4558 4623
F 4558 4622 4557
F 4688 4622 4623
F 4687 4622 4688
F 4749 4750 4814
F 4750 4815 4814
F 4750 4749 4684
F 4685 4750 4684
F 4815 4750 4816
F 4750 4751 4816
F 1439 1510 1438
F 1510 1509 1438
F 1511 1510 1440
F 1510 1439 1440
F 1658 1734 1733
F 1658 1659 1734
F 1168 1231 1167
F 1231 1230 1167
F 846 786 847
F 785 786 846
F 564 611 563
F 611 564 612
F 664 611 612
F 611 664 663
F 721 664 722
F 664 721 663
F 723 664 665
F 664 723 722
F 1028 1094 1093
F 1094 1028 1029
F 1028 1093 1092
F 1027 1028 1092
F 822 821 762
F 821 761 762
F 761 760 699
F 760 698 699
F 594 546 595
F 546 594 545
F 595 546 596
F 546 547 596
F 701 644 702
F 644 645 702
F 644 701 700
F 643 644 700
F 601 600 552
F 553 601 552
F 506 465 507
F 465 506 464
F 506 553 552
F 553 506 507
F 464 506 463
F 506 505 463
F 506 552 551
F 505 506 551
F 503 504 549
F 504 550 549
F 462 504 461
F 504 503 461
F 504 505 551
F 550 504 551
F 504 462 463
F 505 504 463
F 547 501 548
F 501 502 548
F 546 501 547
F 501 546 500
F 779 778 718
F 778 717 718
F 650 707 649
F 707 706 649
F 893 829 830
F 829 893 892
F 829 892 891
F 828 829 891
F 774 712 775
F 775 712 713
F 710 773 772
F 711 773 710
F 773 832 772
F 773 833 832
F 773 712 774
F 712 773 711
F 833 773 834
F 773 774 834
F 714 776 775
F 714 775 713
F 776 714 777
F 714 715 777
F 5868 5802 5803
F 5867 5802 5868
F 5802 5738 5803
F 5802 5737 5738
F 4255 4163 4164
F 4255 4164 4256
F 4480 4508 4507
F 4508 4480 4481
F 4508 4517 4507
F 4508 4518 4517
F 4480 4416 4481
F 4416 4480 4415
F 4482 4416 4417
F 4416 4482 4481
F 4158 4250 4157
F 4157 4250 4249
F 4250 4337 4336
F 4337 4250 4251
F 4416 4337 4417
F 4337 4416 4336
F 4404 4324 4405
F 4324 4325 4405
F 3954 3955 4056
F 4055 3954 4056
F 4326 4241 4327
F 4241 4326 4240
F 4325 4326 4405
F 4326 4406 4405
F 3847 3741 3848
F 3741 3847 3740
F 4416 4335 4336
F 4335 4416 4415
F 4335 4250 4336
F 4250 4335 4249
F 4480 4414 4415
F 4414 4480 4479
F 4414 4335 4415
F 4335 4414 4334
F 7024 7090 7089
F 7025 7090 7024
F 7090 7154 7089
F 7154 7090 7155
F 7155 7090 7156
F 7090 7091 7156
F 7090 7026 7091
F 7026 7090 7025
F 6962 7026 6961
F 7026 6962 7027
F 7026 7025 6960
F 6961 7026 6960
F 7092 7026 7027
F 7091 7026 7092
F 2979 2878 2879
F 2978 2878 2979
F 2877 2977 2876
F 2977 2976 2876
F 2977 2878 2978
F 2878 2977 2877
F 3093 3199 3092
F 3200 3199 3093
F 3199 3198 3091
F 3092 3199 3091
F 3199 3200 3308
F 3307 3199 3308
F 3199 3306 3198
F 3199 3307 3306
F 2983 3088 2982
F 3088 2983 3089
F 3410 3411 3518
F 3518 3411 3519
F 3411 3410 3302
F 3303 3411 3302
F 3411 3304 3412
F 3411 3303 3304
F 7213 7279 7278
F 7213 7214 7279
F 7213 7148 7149
F 7214 7213 7149
F 7082 7018 7083
F 7018 7082 7017
F 7281 7215 7216
F 7215 7281 7280
F 7281 7217 7282
F 7281 7216 7217
F 7281 7345 7280
F 7281 7346 7345
F 7347 7281 7282
F 7346 7281 7347
F 7534 7468 7469
F 7468 7534 7533
F 7534 7469 7470
F 7535 7534 7470
F 4177 4085 4086
F 4178 4177 4086
F 4264 4265 4345
F 4265 4346 4345
F 4265 4266 4347
F 4346 4265 4347
F 4083 4174 4082
F 4174 4083 4175
F 4261 4174 4175
F 4260 4174 4261
F 4174 4173 4082
F 4082 4173 4081
F 4173 4174 4260
F 4173 4260 4259
F 3241 3350 3240
F 3350 3241 3351
F 3675 3567 3568
F 3674 3567 3675
F 3567 3673 3566
F 3673 3567 3674
F 3889 3785 3890
F 3785 3889 3784
F 3677 3785 3676
F 3785 3784 3676
F 3990 3891 3991
F 3891 3990 3890
F 3788 3895 3894
F 3895 3788 3789
F 3788 3682 3789
F 3682 3788 3681
F 3570 3678 3677
F 3678 3570 3571
F 3573 3572 3466
F 3572 3465 3466
F 3464 3572 3571
F 3465 3572 3464
F 3572 3678 3571
F 3678 3572 3679
F 3788 3680 3681
F 3680 3788 3787
F 3572 3680 3679
F 3680 3572 3573
F 3574 3680 3573
F 3680 3574 3681
F 3680 3787 3786
F 3679 3680 3786
F 7407 7341 7342
F 7406 7341 7407
F 7277 7341 7276
F 7341 7277 7342
F 7341 7406 7405
F 7340 7341 7405
F 7013 7077 7012
F 7077 7013 7078
F 7011 6947 7012
F 6947 7011 6946
F 6947 6881 6882
F 6947 6946 6881
F 6947 7013 7012
F 7013 6947 6948
F 6883 6947 6882
F 6948 6947 6883
F 7142 7208 7207
F 7142 7143 7208
F 7206 7142 7207
F 7141 7142 7206
F 7143 7142 7078
F 7142 7077 7078
F 7142 7141 7076
F 7077 7142 7076
F 3283 3284 3392
F 3391 3283 3392
F 3390 3498 3497
F 3389 3390 3497
F 3390 3499 3498
F 3499 3390 3391
F 3390 3389 3281
F 3282 3390 3281
F 3390 3283 3391
F 3283 3390 3282
F 3396 3287 3288
F 3287 3396 3395
F 3821 3926 3925
F 3926 3821 3822
F 3824 3927 3823
F 3927 3824 3928
F 3927 3928 4030
F 4029 3927 4030
F 3926 3927 4028
F 4028 3927 4029
F 3815 3816 3919
F 3816 3920 3919
F 3816 3815 3708
F 3709 3816 3708
F 3816 3709 3710
F 3817 3816 3710
F 3597 3706 3705
F 3598 3706 3597
F 3707 3706 3599
F 3706 3598 3599
F 3490 3598 3597
F 3598 3490 3491
F 3490 3597 3596
F 3489 3490 3596
F 4123 4215 4122
F 4215 4214 4122
F 4214 4215 4300
F 4215 4301 4300
F 4028 4124 4123
F 4124 4028 4029
F 4125 4124 4030
F 4124 4029 4030
F 4302 4303 4383
F 4382 4302 4383
F 3393 3502 3501
F 3394 3502 3393
F 3502 3394 3395
F 3503 3502 3395
F 4396 4397 4461
F 4397 4462 4461
F 4397 4463 4462
F 4463 4397 4398
F 4464 4463 4399
F 4463 4398 4399
F 4393 4458 4392
F 4458 4457 4392
F 4391 4311 4312
F 4392 4391 4312
F 4457 4456 4392
F 4456 4391 4392
F 4394 4458 4393
F 4458 4394 4459
F 4460 4394 4395
F 4459 4394 4460
F 4394 4315 4395
F 4394 4314 4315
F 4313 4393 4392
F 4313 4392 4312
F 4313 4394 4393
F 4394 4313 4314
F 3628 3518 3519
F 3628 3627 3518
F 3948 3949 4049
F 3949 4050 4049
F 3844 3949 3948
F 3845 3949 3844
F 3846 3949 3845
F 3949 3846 3950
F 3846 3845 3738
F 3739 3846 3738
F 3847 3846 3740
F 3846 3739 3740
F 3846 3847 3951
F 3950 3846 3951
F 4241 4149 4242
F 4149 4150 4242
F 3952 4052 3951
F 4053 4052 3952
F 4148 4241 4240
F 4148 4149 4241
F 4239 4326 4325
F 4326 4239 4240
F 4239 4324 4238
F 4324 4239 4325
F 4239 4148 4240
F 4148 4239 4147
F 3942 3839 3943
F 3839 3942 3838
F 3511 3404 3512
F 3404 3511 3403
F 3294 3401 3293
F 3401 3294 3402
F 3189 3081 3082
F 3081 3189 3188
F 3189 3297 3296
F 3188 3189 3296
F 3734 3842 3841
F 3842 3734 3735
F 3734 3627 3735
F 3734 3626 3627
F 3840 3734 3841
F 3733 3734 3840
F 4144 4047 4048
F 4047 4144 4143
F 4144 4048 4049
F 4145 4144 4049
F 4239 4146 4147
F 4146 4239 4238
F 4146 4145 4049
F 4050 4146 4049
F 4401 4320 4321
F 4401 4400 4320
F 2773 2772 2672
F 2773 2672 2673
F 2773 2875 2874
F 2773 2774 2875
F 2774 2773 2674
F 2674 2773 2673
F 2873 2773 2874
F 2773 2873 2772
F 2873 2771 2772
F 2771 2873 2872
F 2974 2873 2874
F 2973 2873 2974
F 2873 2972 2872
F 2873 2973 2972
F 3073 3074 3181
F 3073 3181 3180
F 2766 2765 2665
F 2766 2665 2666
F 2667 2766 2666
F 2766 2667 2767
F 2765 2766 2866
F 2766 2867 2866
F 2868 2766 2767
F 2867 2766 2868
F 1435 1364 1436
F 1364 1365 1436
F 1365 1364 1294
F 1364 1293 1294
F 1166 1165 1100
F 1101 1166 1100
F 1166 1101 1102
F 1166 1102 1167
F 1166 1229 1228
F 1166 1228 1165
F 1229 1166 1230
F 1230 1166 1167
F 843 906 842
F 842 906 905
F 966 906 967
F 906 966 905
F 906 843 844
F 907 906 844
F 968 1033 1032
F 1033 968 969
F 968 906 907
F 906 968 967
F 968 908 969
F 968 907 908
F 1096 1097 1162
F 1096 1162 1161
F 1965 1885 1966
F 1965 1884 1885
F 2050 1965 1966
F 1965 2050 2049
F 1965 2049 2048
F 1964 1965 2048
F 1883 1965 1964
F 1965 1883 1884
F 1883 1803 1804
F 1803 1883 1882
F 1883 1964 1963
F 1882 1883 1963
F 2208 2122 2123
F 2209 2208 2123
F 2298 2208 2299
F 2208 2209 2299
F 2682 2584 2585
F 2584 2682 2681
F 2780 2682 2781
F 2682 2683 2781
F 2586 2682 2585
F 2683 2682 2586
F 2404 2494 2403
F 2494 2404 2495
F 2135 2136 2222
F 2135 2222 2221
F 2135 2220 2134
F 2220 2135 2221
F 2135 2134 2053
F 2054 2135 2053
F 2494 2402 2403
F 2402 2494 2493
F 2401 2402 2492
F 2402 2493 2492
F 2582 2486 2487
F 2582 2581 2486
F 2581 2582 2678
F 2582 2679 2678
F 2399 2309 2310
F 2399 2310 2400
F 2491 2399 2400
F 2490 2399 2491
F 2980 2981 3086
F 2981 3087 3086
F 3088 2981 2982
F 2981 3088 3087
F 2981 2980 2880
F 2881 2981 2880
F 2981 2882 2982
F 2981 2881 2882
F 1587 1662 1661
F 1662 1587 1588
F 1662 1736 1661
F 1662 1737 1736
F 1738 1739 1813
F 1739 1814 1813
F 1894 1893 1813
F 1814 1894 1813
F 2499 2592 2498
F 2592 2499 2593
F 2229 2318 2228
F 2318 2229 2319
F 2389 2479 2388
F 2479 2478 2388
F 2479 2574 2573
F 2478 2479 2573
F 2674 2576 2577
F 2576 2674 2673
F 2482 2578 2577
F 2578 2482 2483
F 2482 2391 2392
F 2482 2481 2391
F 2482 2576 2481
F 2576 2482 2577
F 1806 1886 1885
F 1805 1806 1885
F 3321 3213 3214
F 3320 3213 3321
F 3107 3213 3106
F 3213 3107 3214
F 3213 3105 3106
F 3213 3212 3105
F 3643 3536 3644
F 3536 3643 3535
F 3643 3644 3752
F 3751 3643 3752
F 3750 3643 3751
F 3643 3750 3642
F 3539 3431 3432
F 3540 3539 3432
F 3647 3539 3648
F 3539 3540 3648
F 3646 3539 3647
F 3539 3646 3538
F 3646 3753 3645
F 3753 3646 3754
F 3538 3646 3537
F 3537 3646 3645
F 3646 3647 3755
F 3646 3755 3754
F 3746 3853 3745
F 3853 3746 3854
F 3855 3746 3747
F 3746 3855 3854
F 3856 3855 3748
F 3748 3855 3747
F 2989 3095 2988
F 2988 3095 3094
F 3200 3201 3308
F 3201 3309 3308
F 3201 3200 3093
F 3201 3093 3094
F 3309 3201 3310
F 3201 3202 3310
F 3095 3201 3094
F 3201 3095 3202
F 3205 3204 3097
F 3205 3097 3098
F 3313 3422 3421
F 3313 3421 3312
F 3205 3313 3312
F 3313 3205 3206
F 3205 3099 3206
F 3099 3205 3098
F 2993 3099 2992
F 2992 3099 3098
F 3206 3099 3207
F 3099 3100 3207
F 3099 2993 2994
F 3100 3099 2994
F 3101 3100 2994
F 3101 2994 2995
F 3639 3532 3640
F 3532 3639 3531
F 3640 3532 3641
F 3532 3533 3641
F 3424 3532 3423
F 3532 3531 3423
F 3313 3314 3422
F 3422 3314 3423
F 3314 3313 3206
F 3314 3206 3207
F 2315 2406 2405
F 2406 2315 2316
F 2315 2226 2316
F 2315 2225 2226
F 2137 2224 2223
F 2224 2137 2138
F 2224 2138 2139
F 2225 2224 2139
F 2137 2056 2138
F 2056 2137 2055
F 1973 2056 1972
F 2056 2055 1972
F 2140 2141 2227
F 2226 2140 2227
F 2140 2225 2139
F 2225 2140 2226
F 2059 2142 2141
F 2142 2059 2060
F 2140 2059 2141
F 2059 2140 2058
F 2059 1977 2060
F 2059 1976 1977
F 2059 2058 1975
F 1976 2059 1975
F 1719 1718 1643
F 1719 1643 1644
F 1720 1719 1645
F 1645 1719 1644
F 1718 1719 1794
F 1719 1795 1794
F 1719 1720 1796
F 1795 1719 1796
F 2115 2034 2116
F 2034 2035 2116
F 2114 2034 2115
F 2034 2114 2033
F 2034 1951 2035
F 2034 1950 1951
F 1950 2034 1949
F 1949 2034 2033
F 1497 1569 1568
F 1497 1568 1496
F 1569 1497 1570
F 1497 1498 1570
F 1220 1155 1156
F 1221 1220 1156
F 1286 1220 1287
F 1220 1221 1287
F 1284 1285 1355
F 1285 1356 1355
F 1285 1357 1356
F 1285 1286 1357
F 1638 1715 1714
F 1715 1638 1639
F 1640 1715 1639
F 1716 1715 1640
F 1715 1789 1714
F 1715 1790 1789
F 1715 1791 1790
F 1791 1715 1716
F 1791 1792 1870
F 1869 1791 1870
F 1791 1869 1868
F 1790 1791 1868
F 2760 2661 2761
F 2661 2760 2660
F 825 765 826
F 765 766 826
F 704 648 705
F 704 647 648
F 704 705 767
F 766 704 767
F 1020 1019 955
F 956 1020 955
F 1020 957 1021
F 1020 956 957
F 1020 1084 1019
F 1020 1085 1084
F 1020 1021 1086
F 1085 1020 1086
F 1213 1214 1278
F 1277 1213 1278
F 1213 1147 1214
F 1213 1146 1147
F 1212 1213 1276
F 1213 1277 1276
F 1146 1213 1145
F 1213 1212 1145
F 1275 1274 1211
F 1211 1274 1210
F 1562 1490 1491
F 1490 1562 1561
F 1347 1277 1348
F 1277 1347 1276
F 1492 1420 1421
F 1491 1420 1492
F 1420 1349 1421
F 1349 1420 1348
F 1420 1490 1419
F 1490 1420 1491
F 1420 1347 1348
F 1347 1420 1419
F 1790 1867 1789
F 1867 1790 1868
F 2565 2470 2471
F 2470 2565 2564
F 3496 3388 3497
F 3388 3389 3497
F 3388 3280 3281
F 3389 3388 3281
F 3279 3388 3387
F 3388 3279 3280
F 2856 2958 2855
F 2958 2856 2959
F 2862 2861 2761
F 2861 2760 2761
F 1595 1671 1670
F 1671 1595 1596
F 1597 1671 1596
F 1672 1671 1597
F 1747 1669 1670
F 1747 1746 1669
F 1454 1525 1453
F 1526 1525 1454
F 1830 1831 1912
F 1911 1830 1912
F 1913 1996 1912
F 1996 1913 1997
F 1993 2077 1992
F 2077 1993 2078
F 2079 1993 1994
F 1993 2079 2078
F 1908 1993 1992
F 1993 1908 1909
F 1676 1752 1675
F 1752 1676 1753
F 1675 1752 1674
F 1752 1751 1674
F 2004 1919 1920
F 1919 2004 2003
F 2001 1916 1917
F 1916 2001 2000
F 1999 1916 2000
F 1915 1916 1999
F 1831 1756 1832
F 1756 1831 1755
F 1314 1387 1386
F 1387 1314 1315
F 1461 1388 1389
F 1388 1461 1460
F 1461 1390 1462
F 1390 1461 1389
F 1532 1461 1533
F 1461 1532 1460
F 2174 2175 2264
F 2175 2265 2264
F 2007 2089 2006
F 2089 2007 2090
F 1688 1766 1765
F 1689 1766 1688
F 1766 1689 1690
F 1767 1766 1690
F 1766 1842 1765
F 1842 1841 1765
F 1919 1839 1920
F 1839 1919 1838
F 1841 1764 1765
F 1764 1841 1840
F 1839 1764 1840
F 1764 1839 1763
F 2624 2528 2625
F 2528 2624 2527
F 2527 2624 2526
F 2624 2623 2526
F 2169 2087 2170
F 2087 2169 2086
F 2260 2169 2170
F 2169 2260 2259
F 2260 2171 2261
F 2171 2260 2170
F 2948 2844 2845
F 2844 2948 2947
F 3160 3053 3054
F 3161 3160 3054
F 1241 1175 1176
F 1175 1241 1240
F 1239 1175 1240
F 1175 1239 1174
F 1176 1175 1111
F 1175 1110 1111
F 915 976 914
F 915 977 976
F 850 915 914
F 851 915 850
F 1601 1676 1675
F 1601 1675 1600
F 1677 1601 1602
F 1676 1601 1677
F 1526 1601 1600
F 1527 1601 1526
F 1528 1601 1527
F 1601 1528 1602
F 590 589 544
F 589 543 544
F 589 542 543
F 589 588 542
F 863 801 864
F 800 801 863
F 801 865 864
F 865 801 802
F 865 926 864
F 926 865 927
F 588 541 542
F 541 588 587
F 861 797 798
F 797 861 860
F 738 796 737
F 796 738 797
F 797 738 798
F 798 738 739
F 799 800 863
F 862 799 863
F 799 861 798
F 861 799 862
F 799 798 739
F 740 799 739
F 1120 1186 1119
F 1186 1185 1119
F 990 926 927
F 990 927 991
F 1055 990 991
F 990 1055 1054
F 3595 3488 3596
F 3488 3489 3596
F 3488 3487 3377
F 3488 3377 3378
F 3807 3912 3911
F 3912 3807 3808
F 3807 3911 3910
F 3806 3807 3910
F 4360 4280 4361
F 4279 4280 4360
F 4101 4007 4102
F 4007 4101 4006
F 4011 4012 4106
F 4012 4107 4106
F 3909 4012 4011
F 4012 3909 3910
F 4107 4012 4108
F 4012 4013 4108
F 6889 6955 6954
F 6889 6890 6955
F 6953 6889 6954
F 6889 6953 6888
F 6890 6889 6825
F 6889 6824 6825
F 6823 6889 6888
F 6824 6889 6823
F 3813 3707 3814
F 3813 3706 3707
F 3706 3813 3705
F 3813 3812 3705
F 7669 7734 7668
F 7734 7733 7668
F 7734 7670 7735
F 7670 7734 7669
F 7734 7799 7798
F 7734 7798 7733
F 7800 7734 7735
F 7799 7734 7800
F 8075 8076 8140
F 8076 8141 8140
F 8076 8075 8010
F 8011 8076 8010
F 8076 8142 8141
F 8076 8077 8142
F 8076 8011 8012
F 8077 8076 8012
F 8067 8131 8066
F 8067 8132 8131
F 7680 7745 7744
F 7679 7680 7744
F 7615 7680 7614
F 7680 7679 7614
F 7745 7680 7746
F 7680 7681 7746
F 7680 7615 7616
F 7681 7680 7616
F 7611 7677 7676
F 7612 7677 7611
F 7677 7741 7676
F 7677 7742 7741
F 7742 7677 7743
F 7677 7678 7743
F 7677 7613 7678
F 7613 7677 7612
F 7614 7613 7549
F 7613 7548 7549
F 7548 7613 7547
F 7613 7612 7547
F 7678 7613 7679
F 7679 7613 7614
F 6991 6992 7057
F 7056 6991 7057
F 6992 6991 6927
F 6991 6926 6927
F 7055 6991 7056
F 6990 6991 7055
F 6926 6991 6925
F 6991 6990 6925
F 6380 6331 6381
F 6380 6330 6331
F 6430 6380 6381
F 6380 6430 6429
F 6330 6380 6329
F 6380 6379 6329
F 6380 6429 6428
F 6379 6380 6428
F 5207 5208 5272
F 5208 5273 5272
F 5208 5207 5142
F 5208 5142 5143
F 5273 5208 5274
F 5208 5209 5274
F 5209 5208 5144
F 5144 5208 5143
F 4822 4886 4821
F 4887 4886 4822
F 4952 4886 4887
F 4951 4886 4952
F 5337 5273 5338
F 5273 5337 5272
F 5337 5338 5403
F 5402 5337 5403
F 5395 5329 5330
F 5329 5395 5394
F 5395 5330 5331
F 5396 5395 5331
F 5014 4950 5015
F 4950 5014 4949
F 8029 7963 7964
F 7963 8029 8028
F 8029 8094 8093
F 8029 8093 8028
F 7797 7732 7733
F 7798 7797 7733
F 7797 7796 7731
F 7732 7797 7731
F 7797 7798 7863
F 7862 7797 7863
F 7797 7861 7796
F 7797 7862 7861
F 7839 7903 7838
F 7903 7839 7904
F 7839 7905 7904
F 7839 7840 7905
F 7383 7447 7382
F 7448 7447 7383
F 7447 7381 7382
F 7447 7446 7381
F 7447 7448 7513
F 7512 7447 7513
F 7446 7447 7511
F 7447 7512 7511
F 390 373 391
F 373 390 372
F 370 389 388
F 389 370 371
F 372 389 371
F 390 389 372
F 447 415 416
F 415 447 446
F 445 415 446
F 415 445 414
F 359 358 344
F 345 359 344
F 359 345 346
F 360 359 346
F 359 372 358
F 359 373 372
F 531 578 577
F 578 531 532
F 677 738 737
F 738 677 678
F 576 531 577
F 531 576 530
F 339 327 328
F 340 339 328
F 400 380 381
F 380 400 399
F 398 380 399
F 380 398 379
F 380 367 368
F 381 380 368
F 337 349 336
F 350 349 337
F 1179 1245 1244
F 1245 1179 1180
F 1246 1245 1180
F 1181 1246 1180
F 985 920 921
F 920 985 984
F 985 922 986
F 922 985 921
F 1393 1321 1394
F 1321 1322 1394
F 1250 1186 1251
F 1186 1250 1185
F 1321 1250 1251
F 1250 1321 1320
F 1321 1392 1320
F 1392 1321 1393
F 1392 1463 1391
F 1392 1464 1463
F 1534 1461 1462
F 1461 1534 1533
F 1463 1534 1462
F 1535 1534 1463
F 1239 1309 1238
F 1309 1308 1238
F 1450 1521 1449
F 1450 1522 1521
F 1987 2071 1986
F 2071 1987 2072
F 1987 1988 2073
F 2072 1987 2073
F 1987 1904 1988
F 1987 1903 1904
F 2516 2613 2515
F 2613 2612 2515
F 2424 2332 2333
F 2332 2424 2423
F 2428 2520 2427
F 2520 2428 2521
F 2155 2154 2073
F 2154 2072 2073
F 2154 2071 2072
F 2154 2153 2071
F 2821 2721 2822
F 2721 2821 2720
F 2721 2722 2823
F 2721 2823 2822
F 2722 2621 2723
F 2621 2622 2723
F 1987 1902 1903
F 1902 1987 1986
F 1902 1821 1822
F 1903 1902 1822
F 1821 1902 1820
F 1902 1901 1820
F 1985 1902 1986
F 1901 1902 1985
F 3447 3337 3338
F 3337 3447 3446
F 2910 2911 3012
F 2911 3013 3012
F 2911 2807 2912
F 2807 2911 2806
F 2706 2807 2705
F 2705 2807 2806
F 2807 2706 2707
F 2807 2707 2808
F 2708 2809 2707
F 2707 2809 2808
F 2710 2711 2812
F 2811 2710 2812
F 2710 2611 2711
F 2710 2610 2611
F 2417 2511 2510
F 2511 2417 2418
F 2417 2327 2418
F 2417 2326 2327
F 2326 2325 2234
F 2325 2233 2234
F 2804 2908 2803
F 2908 2804 2909
F 3555 3554 3448
F 3554 3447 3448
F 3554 3553 3446
F 3447 3554 3446
F 3663 3770 3662
F 3770 3663 3771
F 3876 3770 3771
F 3875 3770 3876
F 3874 3770 3875
F 3770 3874 3769
F 3973 3874 3974
F 3874 3973 3873
F 3768 3874 3873
F 3769 3874 3768
F 3974 3874 3975
F 3874 3875 3975
F 4073 3979 4074
F 3979 4073 3978
F 3979 3978 3878
F 3979 3878 3879
F 3979 4075 4074
F 4075 3979 3980
F 3777 3881 3776
F 3881 3777 3882
F 3982 3881 3882
F 3881 3982 3981
F 3668 3562 3669
F 3562 3668 3561
F 3237 3238 3346
F 3238 3347 3346
F 3131 3238 3130
F 3130 3238 3237
F 2917 3019 2916
F 3019 2917 3020
F 2916 3019 2915
F 3019 3018 2915
F 3018 3019 3125
F 3019 3126 3125
F 3235 3345 3344
F 3345 3235 3236
F 3986 3987 4082
F 3986 4082 4081
F 4080 3986 4081
F 3986 4080 3985
F 6667 6668 6711
F 6668 6712 6711
F 3435 3542 3434
F 3542 3435 3543
F 3650 3542 3543
F 3649 3542 3650
F 3764 3656 3657
F 3656 3764 3763
F 3656 3550 3657
F 3656 3549 3550
F 3761 3762 3867
F 3761 3867 3866
F 3865 3761 3866
F 3761 3865 3760
F 3653 3761 3760
F 3654 3761 3653
F 3358 3468 3467
F 3359 3468 3358
F 3468 3574 3467
F 3468 3575 3574
F 3468 3576 3575
F 3576 3468 3469
F 3576 3577 3684
F 3683 3576 3684
F 3577 3576 3470
F 3576 3469 3470
F 3682 3576 3683
F 3575 3576 3682
F 3468 3360 3469
F 3360 3468 3359
F 3469 3360 3470
F 3360 3361 3470
F 3251 3360 3250
F 3361 3360 3251
F 3140 3245 3139
F 3245 3140 3246
F 4090 4183 4182
F 4090 4091 4183
F 4184 4270 4183
F 4270 4269 4183
F 4350 4268 4269
F 4268 4350 4349
F 4423 4350 4424
F 4350 4423 4349
F 4350 4270 4351
F 4270 4350 4269
F 4350 4425 4424
F 4425 4350 4351
F 4359 4279 4360
F 4279 4359 4278
F 4359 4360 4434
F 4433 4359 4434
F 2719 2619 2720
F 2618 2619 2719
F 2159 2250 2249
F 2250 2159 2160
F 2159 2077 2078
F 2159 2078 2160
F 2074 2157 2156
F 2157 2074 2075
F 3023 2919 2920
F 2919 3023 3022
F 7909 7975 7974
F 7975 7909 7910
F 7909 7908 7843
F 7844 7909 7843
F 7845 7909 7844
F 7910 7909 7845
F 7909 7973 7908
F 7909 7974 7973
F 247 257 256
F 246 247 256
F 236 237 245
F 237 246 245
F 237 236 226
F 227 237 226
F 237 247 246
F 247 237 238
F 228 237 227
F 238 237 228
F 323 309 310
F 322 309 323
F 297 309 296
F 309 297 310
F 321 309 322
F 308 309 321
F 309 295 296
F 309 308 295
F 5204 5270 5269
F 5205 5270 5204
F 5270 5205 5206
F 5271 5270 5206
F 3542 3433 3434
F 3433 3542 3541
F 3433 3325 3434
F 3433 3324 3325
F 3327 3435 3326
F 3435 3327 3436
F 3218 3327 3326
F 3327 3218 3219
F 3218 3326 3325
F 3217 3218 3325
F 3218 3217 3110
F 3111 3218 3110
F 3218 3111 3112
F 3219 3218 3112
F 4621 4620 4555
F 4556 4621 4555
F 4622 4621 4557
F 4621 4556 4557
F 1583 1510 1511
F 1510 1583 1582
F 1035 1036 1100
F 1036 1101 1100
F 1102 1103 1167
F 1103 1168 1167
F 1300 1232 1301
F 1301 1232 1233
F 1299 1371 1370
F 1299 1300 1371
F 1369 1299 1370
F 1299 1369 1298
F 1299 1232 1300
F 1232 1299 1231
F 1230 1299 1298
F 1231 1299 1230
F 664 613 665
F 613 664 612
F 782 843 842
F 781 782 842
F 782 781 720
F 721 782 720
F 901 963 962
F 963 901 902
F 962 963 1026
F 963 1027 1026
F 821 820 761
F 820 760 761
F 760 820 759
F 820 819 759
F 882 820 883
F 819 820 882
F 404 431 403
F 431 430 403
F 405 431 404
F 431 405 432
F 430 431 464
F 431 465 464
F 839 903 902
F 903 839 840
F 839 778 779
F 839 779 840
F 904 841 905
F 841 842 905
F 841 903 840
F 841 904 903
F 841 781 842
F 841 780 781
F 779 841 840
F 780 841 779
F 771 708 709
F 770 708 771
F 708 652 709
F 652 708 651
F 708 707 650
F 651 708 650
F 708 769 707
F 769 708 770
F 769 768 706
F 707 769 706
F 769 770 830
F 829 769 830
F 769 828 768
F 769 829 828
F 654 710 653
F 654 711 710
F 600 654 653
F 601 654 600
F 658 715 657
F 715 658 716
F 5801 5800 5735
F 5736 5801 5735
F 5865 5801 5866
F 5801 5865 5800
F 5801 5736 5737
F 5802 5801 5737
F 5801 5867 5866
F 5801 5802 5867
F 4483 4509 4482
F 4509 4483 4510
F 4509 4508 4481
F 4482 4509 4481
F 4508 4509 4518
F 4518 4509 4519
F 3858 3750 3751
F 3859 3858 3751
F 3858 3859 3963
F 3962 3858 3963
F 3858 3961 3857
F 3858 3962 3961
F 4159 4250 4158
F 4250 4159 4251
F 4160 4063 4161
F 4063 4064 4161
F 3863 3862 3755
F 3755 3862 3754
F 3860 3751 3752
F 3860 3859 3751
F 4064 4065 4161
F 4065 4162 4161
F 3851 3956 3955
F 3851 3852 3956
F 4471 4470 4405
F 4406 4471 4405
F 4150 4243 4242
F 4243 4150 4151
F 3636 3742 3635
F 3742 3636 3743
F 3415 3307 3308
F 3415 3308 3416
F 3524 3415 3416
F 3415 3524 3523
F 3632 3741 3740
F 3741 3632 3633
F 3739 3632 3740
F 3632 3739 3631
F 3524 3632 3523
F 3632 3524 3633
F 3632 3631 3522
F 3523 3632 3522
F 3524 3525 3633
F 3633 3525 3634
F 4414 4333 4334
F 4333 4414 4413
F 4248 4335 4334
F 4335 4248 4249
F 4248 4156 4157
F 4248 4157 4249
F 4333 4248 4334
F 4248 4333 4247
F 4248 4155 4156
F 4155 4248 4247
F 3194 3195 3302
F 3195 3303 3302
F 3304 3195 3196
F 3303 3195 3304
F 3088 3195 3087
F 3087 3195 3194
F 3196 3195 3089
F 3195 3088 3089
F 7016 7081 7015
F 7015 7081 7080
F 7082 7081 7017
F 7081 7016 7017
F 7664 7599 7665
F 7599 7600 7665
F 7663 7599 7664
F 7599 7663 7598
F 7599 7535 7600
F 7599 7534 7535
F 7599 7598 7533
F 7534 7599 7533
F 4179 4087 4088
F 4179 4088 4180
F 4179 4178 4086
F 4087 4179 4086
F 4266 4179 4180
F 4265 4179 4266
F 4179 4265 4264
F 4179 4264 4178
F 3457 3349 3458
F 3349 3457 3348
F 3240 3349 3239
F 3350 3349 3240
F 3459 3567 3566
F 3567 3459 3460
F 3459 3349 3350
F 3349 3459 3458
F 3459 3565 3458
F 3565 3459 3566
F 3459 3350 3351
F 3460 3459 3351
F 3135 3029 3136
F 3029 3135 3028
F 3135 3027 3028
F 3027 3135 3134
F 3135 3240 3134
F 3135 3241 3240
F 3569 3462 3570
F 3462 3463 3570
F 3135 3242 3241
F 3242 3135 3136
F 3242 3136 3137
F 3243 3242 3137
F 3241 3242 3351
F 3242 3352 3351
F 7209 7143 7144
F 7143 7209 7208
F 7145 7209 7144
F 7210 7209 7145
F 7079 7014 7080
F 7014 7015 7080
F 7014 7079 7078
F 7013 7014 7078
F 7014 6948 6949
F 7014 7013 6948
F 7014 6950 7015
F 6950 7014 6949
F 6950 7016 7015
F 6950 6951 7016
F 6887 6886 6822
F 6822 6886 6821
F 6952 6887 6888
F 6953 6952 6888
F 7018 6952 6953
F 6952 7018 7017
F 6952 6886 6887
F 6886 6952 6951
F 6951 6952 7016
F 7016 6952 7017
F 3175 3283 3282
F 3175 3282 3174
F 3178 3070 3071
F 3070 3178 3177
F 3714 3605 3606
F 3714 3713 3605
F 3607 3714 3606
F 3714 3607 3715
F 3822 3714 3715
F 3821 3714 3822
F 3713 3712 3605
F 3712 3604 3605
F 3820 3714 3821
F 3714 3820 3713
F 3924 3820 3925
F 3820 3821 3925
F 3820 3712 3713
F 3712 3820 3819
F 3820 3924 3923
F 3819 3820 3923
F 3601 3602 3709
F 3709 3602 3710
F 3602 3494 3495
F 3602 3495 3603
F 3701 3702 3809
F 3701 3809 3808
F 3488 3594 3487
F 3594 3488 3595
F 3594 3595 3703
F 3702 3594 3703
F 3594 3486 3487
F 3486 3594 3593
F 3594 3701 3593
F 3701 3594 3702
F 3913 3912 3808
F 3809 3913 3808
F 3913 4015 4014
F 3912 3913 4014
F 4216 4215 4123
F 4124 4216 4123
F 4216 4124 4125
F 4216 4125 4217
F 4215 4216 4301
F 4216 4302 4301
F 4302 4216 4303
F 4303 4216 4217
F 4303 4304 4383
F 4304 4384 4383
F 4218 4303 4217
F 4218 4304 4303
F 3397 3504 3396
F 3504 3397 3505
F 3396 3504 3395
F 3504 3503 3395
F 3400 3292 3293
F 3401 3400 3293
F 3400 3509 3508
F 3509 3400 3401
F 3292 3400 3291
F 3400 3399 3291
F 3400 3507 3399
F 3507 3400 3508
F 3615 3507 3616
F 3507 3615 3506
F 3610 3500 3501
F 3610 3609 3500
F 4398 4318 4399
F 4399 4318 4319
F 4228 4136 4229
F 4136 4137 4229
F 4134 4227 4226
F 4227 4134 4135
F 4227 4136 4228
F 4136 4227 4135
F 4227 4313 4312
F 4226 4227 4312
F 4314 4227 4228
F 4313 4227 4314
F 3520 3411 3412
F 3411 3520 3519
F 3842 3736 3843
F 3736 3842 3735
F 3736 3844 3843
F 3736 3737 3844
F 3628 3736 3627
F 3627 3736 3735
F 3627 3517 3518
F 3626 3517 3627
F 3517 3410 3518
F 3517 3409 3410
F 3193 3087 3194
F 3087 3193 3086
F 3513 3622 3512
F 3622 3621 3512
F 4054 4055 4151
F 4150 4054 4151
F 4054 3954 4055
F 3954 4054 3953
F 4149 4054 4150
F 4054 4149 4053
F 4054 3952 3953
F 4054 4053 3952
F 4051 4146 4050
F 4146 4051 4147
F 3949 4051 4050
F 4051 3949 3950
F 4051 4148 4147
F 4148 4051 4052
F 4051 3950 3951
F 4052 4051 3951
F 3942 3941 3838
F 3941 3837 3838
F 3730 3731 3838
F 3837 3730 3838
F 3729 3620 3621
F 3620 3729 3728
F 3620 3511 3512
F 3621 3620 3512
F 3510 3401 3402
F 3510 3509 3401
F 3511 3510 3403
F 3403 3510 3402
F 3295 3187 3188
F 3295 3188 3296
F 3404 3295 3296
F 3295 3404 3403
F 3294 3295 3402
F 3295 3403 3402
F 3186 3295 3294
F 3295 3186 3187
F 3078 3186 3185
F 3186 3078 3079
F 3187 3186 3080
F 3080 3186 3079
F 3185 3186 3293
F 3186 3294 3293
F 4322 4401 4321
F 4401 4322 4402
F 4466 4402 4467
F 4466 4401 4402
F 3398 3507 3506
F 3507 3398 3399
F 3398 3290 3291
F 3399 3398 3291
F 3397 3398 3505
F 3398 3506 3505
F 3289 3398 3397
F 3398 3289 3290
F 3289 3182 3290
F 3182 3289 3181
F 3181 3289 3180
F 3289 3288 3180
F 3289 3396 3288
F 3289 3397 3396
F 2968 2867 2868
F 2969 2968 2868
F 2866 2968 2967
F 2867 2968 2866
F 3073 2968 3074
F 3074 2968 2969
F 2968 3072 2967
F 2968 3073 3072
F 1506 1434 1435
F 1434 1506 1505
F 1434 1505 1504
F 1433 1434 1504
F 966 1030 965
F 965 1030 1029
F 2312 2401 2311
F 2312 2402 2401
F 2312 2311 2221
F 2222 2312 2221
F 2583 2584 2681
F 2680 2583 2681
F 2679 2583 2680
F 2582 2583 2679
F 2488 2583 2487
F 2583 2582 2487
F 2583 2489 2584
F 2489 2583 2488
F 2489 2490 2585
F 2584 2489 2585
F 1737 1663 1738
F 1662 1663 1737
F 2690 2789 2788
F 2789 2690 2691
F 2691 2690 2593
F 2690 2592 2593
F 2226 2317 2316
F 2317 2226 2227
F 2317 2227 2228
F 2318 2317 2228
F 2575 2672 2671
F 2574 2575 2671
F 2672 2575 2673
F 2575 2576 2673
F 1580 1579 1507
F 1508 1580 1507
F 1807 1808 1888
F 1887 1807 1888
F 1807 1887 1886
F 1806 1807 1886
F 1655 1731 1730
F 1731 1655 1656
F 1731 1806 1805
F 1730 1731 1805
F 3956 3957 4057
F 4057 3957 4058
F 4059 3957 3958
F 3957 4059 4058
F 3852 3957 3956
F 3957 3852 3853
F 3957 3853 3854
F 3957 3854 3958
F 3853 3744 3745
F 3852 3744 3853
F 3851 3744 3852
F 3744 3851 3743
F 4061 4158 4157
F 4158 4061 4062
F 4337 4418 4417
F 4418 4337 4338
F 4418 4482 4417
F 4418 4483 4482
F 4511 4484 4512
F 4512 4484 4485
F 4483 4484 4510
F 4484 4511 4510
F 4475 4474 4410
F 4474 4409 4410
F 4474 4475 4502
F 4501 4474 4502
F 3096 2990 2991
F 3097 3096 2991
F 3204 3096 3097
F 3096 3204 3203
F 2990 3096 2989
F 3096 3095 2989
F 3095 3096 3202
F 3202 3096 3203
F 3202 3311 3310
F 3311 3202 3203
F 3530 3422 3423
F 3531 3530 3423
F 3530 3639 3638
F 3639 3530 3531
F 3422 3530 3421
F 3530 3529 3421
F 3637 3530 3638
F 3529 3530 3637
F 3643 3534 3535
F 3534 3643 3642
F 3533 3534 3641
F 3534 3642 3641
F 3105 3211 3104
F 3212 3211 3105
F 3208 3315 3207
F 3315 3314 3207
F 3315 3424 3423
F 3314 3315 3423
F 3425 3532 3424
F 3532 3425 3533
F 2314 2315 2405
F 2404 2314 2405
F 2314 2404 2403
F 2313 2314 2403
F 2315 2314 2225
F 2314 2224 2225
F 2224 2314 2223
F 2314 2313 2223
F 1894 1974 1893
F 1974 1894 1975
F 1893 1974 1892
F 1974 1973 1892
F 1219 1220 1286
F 1285 1219 1286
F 1155 1219 1154
F 1220 1219 1155
F 2965 2864 2865
F 2966 2965 2865
F 2965 2966 3071
F 3070 2965 3071
F 702 703 764
F 703 765 764
F 703 645 646
F 645 703 702
F 765 703 766
F 703 704 766
F 647 703 646
F 704 703 647
F 1274 1209 1210
F 1209 1274 1273
F 1143 1144 1211
F 1143 1211 1210
F 1143 1209 1142
F 1209 1143 1210
F 949 889 950
F 889 949 888
F 1013 950 1014
F 1013 949 950
F 1406 1335 1407
F 1335 1406 1334
F 1341 1269 1270
F 1269 1341 1340
F 1625 1626 1701
F 1701 1626 1702
F 1553 1626 1552
F 1626 1553 1627
F 1556 1555 1485
F 1555 1484 1485
F 1483 1411 1412
F 1411 1483 1482
F 1483 1555 1554
F 1555 1483 1484
F 1346 1274 1275
F 1274 1346 1345
F 1346 1275 1276
F 1347 1346 1276
F 1862 1944 1943
F 1944 1862 1863
F 1944 1945 2029
F 2028 1944 2029
F 2027 1944 2028
F 1944 2027 1943
F 1942 1862 1943
F 1862 1942 1861
F 2027 1942 1943
F 1942 2027 2026
F 2025 1942 2026
F 1942 2025 1941
F 2032 1948 2033
F 1948 1949 2033
F 1947 1948 2031
F 1948 2032 2031
F 1949 1948 1868
F 1948 1867 1868
F 2754 2856 2855
F 2856 2754 2755
F 2754 2855 2854
F 2753 2754 2854
F 2109 2027 2028
F 2027 2109 2108
F 2470 2379 2471
F 2379 2380 2471
F 2376 2468 2467
F 2468 2376 2377
F 1626 1703 1702
F 1703 1626 1627
F 1406 1405 1334
F 1405 1333 1334
F 1548 1623 1622
F 1623 1548 1549
F 3055 3162 3054
F 3162 3161 3054
F 3173 3282 3281
F 3282 3173 3174
F 3173 3067 3174
F 3067 3173 3066
F 1671 1748 1670
F 1748 1747 1670
F 1751 1750 1674
F 1750 1673 1674
F 1673 1750 1672
F 1750 1749 1672
F 1825 1750 1826
F 1749 1750 1825
F 1525 1524 1453
F 1524 1452 1453
F 1754 1676 1677
F 1676 1754 1753
F 1831 1754 1755
F 1830 1754 1831
F 1829 1752 1753
F 1752 1829 1828
F 1754 1829 1753
F 1829 1754 1830
F 1995 1911 1912
F 1996 1995 1912
F 2161 2250 2160
F 2250 2161 2251
F 2078 2161 2160
F 2079 2161 2078
F 2077 1991 1992
F 2076 1991 2077
F 1990 1991 2075
F 1991 2076 2075
F 1827 1752 1828
F 1752 1827 1751
F 1750 1827 1826
F 1827 1750 1751
F 1908 1827 1909
F 1909 1827 1828
F 2535 2442 2443
F 2535 2443 2536
F 2633 2535 2536
F 2535 2633 2632
F 2260 2351 2259
F 2351 2260 2352
F 2351 2352 2443
F 2442 2351 2443
F 1841 1921 1840
F 1921 1841 1922
F 1839 1921 1920
F 1921 1839 1840
F 2169 2085 2086
F 2085 2169 2168
F 2000 2085 2084
F 2001 2085 2000
F 2002 2087 2086
F 2087 2002 2003
F 2085 2002 2086
F 2002 2085 2001
F 2081 1996 1997
F 2081 2080 1996
F 2081 2163 2080
F 2163 2081 2164
F 2254 2163 2164
F 2163 2254 2253
F 1756 1833 1832
F 1833 1756 1757
F 1678 1754 1677
F 1754 1678 1755
F 1678 1677 1602
F 1603 1678 1602
F 1532 1459 1460
F 1459 1532 1531
F 1459 1388 1460
F 1459 1387 1388
F 1604 1530 1531
F 1604 1531 1605
F 2093 2176 2092
F 2176 2093 2177
F 2007 2091 2090
F 2091 2007 2008
F 2091 2175 2174
F 2091 2174 2090
F 2176 2091 2092
F 2091 2176 2175
F 1612 1540 1613
F 1540 1612 1539
F 1327 1326 1257
F 1326 1256 1257
F 1255 1190 1256
F 1190 1191 1256
F 992 1055 991
F 1055 992 1056
F 2174 2173 2090
F 2173 2089 2090
F 1923 2007 2006
F 1923 2006 1922
F 2008 1923 1924
F 2007 1923 2008
F 1841 1923 1922
F 1842 1923 1841
F 1610 1687 1686
F 1687 1610 1611
F 1687 1612 1688
F 1612 1687 1611
F 1687 1764 1763
F 1687 1763 1686
F 1687 1688 1765
F 1764 1687 1765
F 1762 1837 1761
F 1837 1762 1838
F 1762 1839 1838
F 1839 1762 1763
F 1762 1761 1684
F 1685 1762 1684
F 1763 1762 1686
F 1762 1685 1686
F 2623 2725 2724
F 2624 2725 2623
F 2725 2624 2625
F 2726 2725 2625
F 2435 2527 2434
F 2435 2528 2527
F 2435 2529 2528
F 2529 2435 2436
F 2437 2529 2436
F 2529 2437 2530
F 2528 2529 2625
F 2529 2626 2625
F 2627 2529 2530
F 2626 2529 2627
F 2249 2342 2341
F 2250 2342 2249
F 2348 2438 2347
F 2438 2348 2439
F 2167 2085 2168
F 2085 2167 2084
F 2258 2169 2259
F 2169 2258 2168
F 2167 2258 2257
F 2258 2167 2168
F 2004 2088 2003
F 2088 2087 2003
F 2087 2088 2170
F 2088 2171 2170
F 2265 2356 2264
F 2357 2356 2265
F 2948 3052 2947
F 2947 3052 3051
F 1041 1107 1040
F 1107 1041 1108
F 976 1041 1040
F 977 1041 976
F 1385 1456 1384
F 1456 1385 1457
F 1604 1529 1530
F 1529 1604 1603
F 1529 1603 1602
F 1528 1529 1602
F 1529 1456 1457
F 1456 1529 1528
F 445 482 444
F 482 445 483
F 482 526 525
F 526 482 483
F 444 482 443
F 482 481 443
F 481 482 524
F 524 482 525
F 480 479 441
F 442 480 441
F 481 480 443
F 480 442 443
F 619 670 618
F 670 619 671
F 527 572 526
F 572 527 573
F 622 572 573
F 572 622 621
F 526 572 525
F 572 571 525
F 637 590 638
F 637 589 590
F 541 498 542
F 542 498 499
F 925 863 864
F 926 925 864
F 861 923 860
F 923 922 860
F 989 1052 988
F 1052 989 1053
F 920 859 921
F 859 920 858
F 922 859 860
F 859 922 921
F 859 797 860
F 859 796 797
F 679 625 626
F 625 679 678
F 738 679 739
F 679 738 678
F 679 740 739
F 679 680 740
F 1395 1322 1323
F 1322 1395 1394
F 1324 1395 1323
F 1395 1324 1396
F 1054 1121 1120
F 1055 1121 1054
F 1121 1055 1056
F 1122 1121 1056
F 1057 1122 1056
F 1057 1123 1122
F 640 692 639
F 692 640 693
F 639 692 638
F 692 691 638
F 692 751 691
F 751 692 752
F 747 687 688
F 748 747 688
F 4274 4354 4273
F 4354 4274 4355
F 4099 4190 4098
F 4191 4190 4099
F 4190 4097 4098
F 4097 4190 4189
F 4097 4001 4002
F 4001 4097 4096
F 4097 4003 4098
F 4097 4002 4003
F 4428 4354 4355
F 4428 4355 4429
F 4355 4356 4429
F 4356 4430 4429
F 4103 4194 4102
F 4194 4103 4195
F 4281 4194 4195
F 4194 4281 4280
F 3805 3806 3910
F 3909 3805 3910
F 4010 3908 4011
F 3908 3909 4011
F 3908 4009 3907
F 3908 4010 4009
F 3908 3805 3909
F 3805 3908 3804
F 3803 3908 3907
F 3804 3908 3803
F 4364 4284 4365
F 4284 4364 4283
F 4284 4197 4198
F 4197 4284 4283
F 4199 4198 4106
F 4107 4199 4106
F 4199 4284 4198
F 4284 4199 4285
F 4025 4024 3923
F 4024 3922 3923
F 3918 3917 3814
F 3917 3813 3814
F 3704 3811 3703
F 3811 3810 3703
F 3811 3704 3705
F 3812 3811 3705
F 8002 7936 7937
F 7936 8002 8001
F 8001 8002 8066
F 8002 8067 8066
F 8068 8069 8134
F 8133 8068 8134
F 8068 8133 8132
F 8067 8068 8132
F 4884 4885 4949
F 4885 4950 4949
F 4885 4884 4819
F 4820 4885 4819
F 4950 4885 4951
F 4885 4886 4951
F 4885 4820 4821
F 4886 4885 4821
F 5336 5271 5272
F 5337 5336 5272
F 5525 5460 5526
F 5460 5461 5526
F 5460 5524 5459
F 5460 5525 5524
F 5460 5396 5461
F 5460 5395 5396
F 5394 5460 5459
F 5395 5460 5394
F 5013 5077 5012
F 5013 5078 5077
F 4948 5013 4947
F 5013 5012 4947
F 5013 4948 4949
F 5014 5013 4949
F 5079 5013 5014
F 5013 5079 5078
F 5079 5145 5144
F 5145 5079 5080
F 5078 5079 5143
F 5079 5144 5143
F 5079 5015 5080
F 5079 5014 5015
F 8030 8031 8096
F 8095 8030 8096
F 8031 8030 7966
F 8030 7965 7966
F 8094 8030 8095
F 8029 8030 8094
F 7965 8030 7964
F 8030 8029 7964
F 7710 7774 7709
F 7775 7774 7710
F 7774 7773 7708
F 7709 7774 7708
F 7840 7774 7775
F 7839 7774 7840
F 7773 7774 7838
F 7774 7839 7838
F 3546 3653 3652
F 3545 3546 3652
F 3327 3437 3436
F 3437 3327 3328
F 3437 3545 3544
F 3437 3544 3436
F 3437 3546 3545
F 3546 3437 3438
F 3329 3437 3328
F 3438 3437 3329
F 413 390 391
F 414 413 391
F 445 413 414
F 413 445 444
F 445 484 483
F 484 445 446
F 484 447 485
F 447 484 446
F 484 527 526
F 484 526 483
F 359 374 373
F 374 359 360
F 574 527 528
F 527 574 573
F 338 337 325
F 338 325 326
F 339 338 327
F 327 338 326
F 456 425 426
F 457 456 426
F 424 456 455
F 456 424 425
F 496 495 458
F 458 495 457
F 495 456 457
F 456 495 494
F 456 493 455
F 493 456 494
F 455 493 454
F 493 492 454
F 533 491 534
F 491 533 490
F 492 491 454
F 491 453 454
F 400 422 399
F 422 400 423
F 422 423 454
F 453 422 454
F 378 397 377
F 377 397 396
F 397 378 379
F 398 397 379
F 347 348 361
F 348 362 361
F 335 348 334
F 348 347 334
F 348 335 336
F 349 348 336
F 348 363 362
F 363 348 349
F 363 350 364
F 363 349 350
F 1043 1044 1110
F 1110 1044 1111
F 985 1048 984
F 1048 985 1049
F 983 920 984
F 920 983 919
F 983 1047 1046
F 982 983 1046
F 1048 983 984
F 983 1048 1047
F 1316 1387 1315
F 1387 1316 1388
F 1245 1316 1315
F 1246 1316 1245
F 1182 1246 1181
F 1182 1247 1246
F 1612 1538 1539
F 1538 1612 1611
F 1610 1538 1611
F 1537 1538 1610
F 1684 1608 1609
F 1683 1608 1684
F 1608 1534 1535
F 1608 1535 1609
F 1524 1451 1452
F 1451 1524 1523
F 1522 1451 1523
F 1450 1451 1522
F 2714 2814 2713
F 2814 2714 2815
F 2613 2714 2612
F 2612 2714 2713
F 2071 2152 2070
F 2153 2152 2071
F 2152 2069 2070
F 2152 2151 2069
F 2517 2613 2516
F 2613 2517 2614
F 2517 2516 2423
F 2424 2517 2423
F 2425 2424 2333
F 2425 2333 2334
F 2520 2616 2519
F 2616 2520 2617
F 2717 2616 2718
F 2718 2616 2617
F 2429 2337 2338
F 2429 2428 2337
F 2342 2432 2341
F 2432 2342 2433
F 2432 2340 2341
F 2432 2431 2340
F 3226 3336 3335
F 3227 3336 3226
F 3336 3444 3335
F 3444 3336 3445
F 3336 3446 3445
F 3336 3337 3446
F 3338 3228 3229
F 3337 3228 3338
F 3228 3336 3227
F 3336 3228 3337
F 2810 2811 2915
F 2914 2810 2915
F 2810 2914 2913
F 2809 2810 2913
F 2510 2609 2608
F 2511 2609 2510
F 2610 2512 2611
F 2611 2512 2513
F 2420 2512 2419
F 2512 2420 2513
F 2512 2609 2511
F 2609 2512 2610
F 2419 2512 2418
F 2512 2511 2418
F 2232 2324 2231
F 2324 2323 2231
F 2324 2414 2323
F 2414 2324 2415
F 2325 2324 2233
F 2233 2324 2232
F 2416 2324 2325
F 2324 2416 2415
F 2508 2416 2509
F 2416 2508 2415
F 2416 2510 2509
F 2416 2417 2510
F 2417 2416 2326
F 2416 2325 2326
F 2805 2704 2705
F 2805 2705 2806
F 2805 2911 2910
F 2911 2805 2806
F 2805 2910 2909
F 2804 2805 2909
F 2703 2805 2804
F 2805 2703 2704
F 2602 2703 2702
F 2703 2602 2603
F 2604 2703 2603
F 2704 2703 2604
F 3880 3979 3879
F 3979 3880 3980
F 3774 3880 3879
F 3880 3774 3775
F 3880 3881 3981
F 3980 3880 3981
F 3881 3880 3776
F 3880 3775 3776
F 3778 3883 3777
F 3777 3883 3882
F 4077 4170 4169
F 4170 4077 4078
F 3563 3457 3564
F 3563 3456 3457
F 3563 3671 3670
F 3671 3563 3564
F 3563 3670 3669
F 3562 3563 3669
F 3455 3563 3562
F 3563 3455 3456
F 3345 3455 3454
F 3455 3345 3346
F 3456 3455 3347
F 3347 3455 3346
F 3454 3455 3561
F 3455 3562 3561
F 3234 3342 3233
F 3342 3234 3343
F 3343 3234 3344
F 3234 3235 3344
F 4173 4172 4081
F 4172 4080 4081
F 3886 3780 3781
F 3780 3886 3885
F 3886 3782 3887
F 3782 3886 3781
F 3886 3986 3985
F 3886 3985 3885
F 3987 3886 3887
F 3986 3886 3987
F 3221 3114 3115
F 3114 3221 3220
F 3655 3761 3654
F 3761 3655 3762
F 3762 3655 3763
F 3655 3656 3763
F 3656 3655 3549
F 3655 3548 3549
F 4003 3902 4004
F 3902 3903 4004
F 3577 3471 3578
F 3471 3577 3470
F 3579 3685 3578
F 3579 3686 3685
F 3471 3579 3578
F 3579 3471 3472
F 2936 2833 2834
F 2833 2936 2935
F 3141 3035 3142
F 3035 3141 3034
F 2932 2828 2829
F 2828 2932 2931
F 2930 3035 3034
F 3035 2930 2931
F 3141 3033 3034
F 3033 3141 3140
F 3033 2930 3034
F 2930 3033 2929
F 3995 3896 3996
F 3896 3995 3895
F 4091 3995 3996
F 4090 3995 4091
F 4271 4270 4184
F 4271 4184 4185
F 4192 4277 4191
F 4277 4192 4278
F 4277 4190 4191
F 4190 4277 4276
F 2721 2620 2722
F 2620 2621 2722
F 2620 2721 2720
F 2619 2620 2720
F 2247 2248 2340
F 2339 2247 2340
F 2246 2247 2338
F 2247 2339 2338
F 2156 2247 2246
F 2157 2247 2156
F 2158 2247 2157
F 2247 2158 2248
F 2248 2158 2249
F 2158 2159 2249
F 2159 2158 2077
F 2158 2076 2077
F 2158 2157 2075
F 2076 2158 2075
F 2918 2917 2813
F 2814 2918 2813
F 2917 2918 3020
F 2918 3021 3020
F 2918 2814 2815
F 2919 2918 2815
F 2918 2919 3022
F 3021 2918 3022
F 8041 8042 8107
F 8106 8041 8107
F 4686 4687 4752
F 4751 4686 4752
F 4686 4750 4685
F 4750 4686 4751
F 4686 4622 4687
F 4686 4621 4622
F 4620 4686 4685
F 4621 4686 4620
F 1583 1657 1582
F 1657 1656 1582
F 1659 1584 1585
F 1658 1584 1659
F 1584 1513 1585
F 1584 1512 1513
F 1584 1657 1583
F 1657 1584 1658
F 1584 1511 1512
F 1584 1583 1511
F 910 972 971
F 972 910 911
F 972 1035 971
F 972 1036 1035
F 1037 1103 1102
F 1103 1037 1038
F 1101 1037 1102
F 1036 1037 1101
F 781 719 720
F 780 719 781
F 719 779 718
F 719 780 779
F 717 659 718
F 659 660 718
F 658 659 716
F 659 717 716
F 476 519 518
F 519 476 477
F 474 517 516
F 517 474 475
F 517 476 518
F 476 517 475
F 517 564 563
F 517 518 564
F 723 783 722
F 783 723 784
F 845 783 784
F 783 845 844
F 783 721 722
F 783 782 721
F 843 783 844
F 782 783 843
F 1028 964 1029
F 964 965 1029
F 964 904 965
F 904 964 903
F 964 1028 1027
F 963 964 1027
F 903 964 902
F 964 963 902
F 881 819 882
F 819 881 818
F 881 882 944
F 943 881 944
F 1069 1133 1068
F 1133 1069 1134
F 1137 1071 1072
F 1071 1137 1136
F 1135 1203 1202
F 1203 1135 1136
F 1135 1071 1136
F 1071 1135 1070
F 1069 1135 1134
F 1135 1069 1070
F 757 756 697
F 756 696 697
F 816 756 757
F 756 816 815
F 816 758 817
F 816 757 758
F 640 694 693
F 694 640 641
F 753 692 693
F 692 753 752
F 694 753 693
F 753 694 754
F 433 468 467
F 434 468 433
F 407 408 435
F 434 407 435
F 554 553 507
F 508 554 507
F 837 838 900
F 838 901 900
F 901 838 902
F 838 839 902
F 517 562 516
F 562 517 563
F 611 610 563
F 610 562 563
F 4341 4255 4256
F 4342 4341 4256
F 4341 4422 4421
F 4341 4342 4422
F 4420 4341 4421
F 4340 4341 4420
F 4159 4252 4251
F 4252 4159 4160
F 4252 4337 4251
F 4337 4252 4338
F 4252 4160 4161
F 4253 4252 4161
F 4338 4252 4339
F 4252 4253 4339
F 4254 4341 4340
F 4341 4254 4255
F 4255 4254 4163
F 4254 4162 4163
F 4253 4254 4339
F 4254 4340 4339
F 4254 4253 4161
F 4162 4254 4161
F 3861 3753 3754
F 3862 3861 3754
F 3753 3861 3752
F 3861 3860 3752
F 3861 3964 3860
F 3964 3861 3965
F 4063 3964 4064
F 3964 4063 3963
F 4065 3964 3965
F 3964 4065 4064
F 3859 3964 3963
F 3860 3964 3859
F 4244 4152 4153
F 4244 4153 4245
F 4152 4244 4151
F 4244 4243 4151
F 3849 3850 3953
F 3850 3954 3953
F 3954 3850 3955
F 3850 3851 3955
F 3850 3742 3743
F 3851 3850 3743
F 3414 3415 3523
F 3414 3523 3522
F 3307 3414 3306
F 3415 3414 3307
F 3526 3636 3635
F 3636 3526 3527
F 3525 3526 3634
F 3526 3635 3634
F 4153 4154 4245
F 4154 4246 4245
F 4154 4153 4057
F 4154 4057 4058
F 4154 4155 4247
F 4246 4154 4247
F 4246 4332 4245
F 4332 4331 4245
F 4411 4332 4412
F 4332 4411 4331
F 4332 4246 4247
F 4333 4332 4247
F 4332 4413 4412
F 4332 4333 4413
F 4414 4478 4413
F 4478 4414 4479
F 7146 7145 7080
F 7081 7146 7080
F 4263 4177 4178
F 4264 4263 4178
F 4262 4263 4343
F 4263 4344 4343
F 4176 4263 4262
F 4263 4176 4177
F 4176 4083 4084
F 4083 4176 4175
F 4176 4084 4085
F 4177 4176 4085
F 4176 4261 4175
F 4176 4262 4261
F 3461 3460 3351
F 3352 3461 3351
F 3567 3461 3568
F 3461 3567 3460
F 3461 3569 3568
F 3461 3462 3569
F 3242 3353 3352
F 3353 3242 3243
F 3461 3353 3462
F 3353 3461 3352
F 3353 3243 3244
F 3353 3244 3354
F 3463 3353 3354
F 3462 3353 3463
F 3991 3992 4086
F 3992 4087 4086
F 4087 3992 4088
F 4088 3992 3993
F 3891 3992 3991
F 3892 3992 3891
F 3893 3992 3892
F 3992 3893 3993
F 3893 3788 3894
F 3788 3893 3787
F 3787 3893 3786
F 3893 3892 3786
F 7341 7275 7276
F 7275 7341 7340
F 6884 6885 6949
F 6885 6950 6949
F 6885 6884 6819
F 6820 6885 6819
F 6950 6885 6951
F 6885 6886 6951
F 6885 6820 6821
F 6886 6885 6821
F 3284 3176 3285
F 3285 3176 3177
F 3283 3176 3284
F 3175 3176 3283
F 3286 3287 3395
F 3394 3286 3395
F 3286 3393 3285
F 3286 3394 3393
F 3286 3285 3177
F 3178 3286 3177
F 3179 3286 3178
F 3286 3179 3287
F 3179 3073 3180
F 3073 3179 3072
F 3287 3179 3288
F 3288 3179 3180
F 3072 3179 3071
F 3179 3178 3071
F 3602 3711 3710
F 3711 3602 3603
F 3712 3711 3604
F 3604 3711 3603
F 3274 3166 3167
F 3274 3167 3275
F 3383 3274 3275
F 3274 3383 3382
F 3274 3381 3273
F 3381 3274 3382
F 3700 3807 3806
F 3700 3806 3699
F 3807 3700 3808
F 3700 3701 3808
F 4218 4305 4304
F 4305 4218 4219
F 4220 4305 4219
F 4305 4220 4306
F 4220 4221 4307
F 4306 4220 4307
F 4125 4126 4217
F 4126 4218 4217
F 4456 4390 4391
F 4390 4456 4455
F 4391 4390 4311
F 4390 4310 4311
F 4223 4308 4222
F 4308 4223 4309
F 4222 4308 4221
F 4221 4308 4307
F 4308 4387 4307
F 4308 4388 4387
F 3826 3827 3930
F 3930 3827 3931
F 3828 3827 3721
F 3721 3827 3720
F 3932 3827 3828
F 3827 3932 3931
F 3824 3718 3825
F 3718 3824 3717
F 3609 3718 3717
F 3610 3718 3609
F 4137 4041 4042
F 4136 4041 4137
F 3521 3414 3522
F 3414 3521 3413
F 3413 3521 3412
F 3521 3520 3412
F 3192 3085 3086
F 3193 3192 3086
F 3410 3301 3302
F 3409 3301 3410
F 3301 3194 3302
F 3301 3193 3194
F 3514 3622 3513
F 3622 3514 3623
F 3731 3624 3732
F 3623 3624 3731
F 3514 3624 3623
F 3624 3514 3515
F 3836 3730 3837
F 3730 3836 3729
F 3941 3836 3837
F 3836 3941 3940
F 3729 3836 3728
F 3836 3835 3728
F 4146 4237 4145
F 4237 4146 4238
F 4400 4465 4399
F 4465 4464 4399
F 4401 4465 4400
F 4466 4465 4401
F 1364 1363 1293
F 1293 1363 1292
F 1363 1362 1291
F 1292 1363 1291
F 1363 1364 1435
F 1434 1363 1435
F 1362 1363 1433
F 1363 1434 1433
F 1095 1096 1161
F 1095 1161 1160
F 1095 1159 1094
F 1159 1095 1160
F 1095 1094 1029
F 1030 1095 1029
F 2309 2398 2308
F 2399 2398 2309
F 2398 2307 2308
F 2307 2398 2397
F 2398 2399 2490
F 2489 2398 2490
F 2397 2398 2488
F 2398 2489 2488
F 2404 2496 2495
F 2496 2404 2405
F 2406 2496 2405
F 2497 2496 2406
F 2408 2407 2319
F 2407 2318 2319
F 2390 2480 2389
F 2480 2479 2389
F 2480 2390 2391
F 2481 2480 2391
F 2479 2480 2574
F 2480 2575 2574
F 2576 2480 2481
F 2575 2480 2576
F 1509 1581 1508
F 1581 1580 1508
F 1510 1581 1509
F 1581 1510 1582
F 1656 1581 1582
F 1655 1581 1656
F 3854 3959 3958
F 3855 3959 3854
F 4419 4418 4338
F 4419 4338 4339
F 4340 4419 4339
F 4419 4340 4420
F 4418 4419 4483
F 4419 4484 4483
F 4419 4420 4485
F 4484 4419 4485
F 3419 3420 3527
F 3420 3528 3527
F 3529 3420 3421
F 3420 3529 3528
F 3427 3536 3535
F 3536 3427 3428
F 3103 2998 3104
F 2998 3103 2997
F 3315 3316 3424
F 3316 3425 3424
F 2138 2057 2139
F 2056 2057 2138
F 2057 2140 2139
F 2140 2057 2058
F 2057 2056 1973
F 1974 2057 1973
F 2058 2057 1975
F 2057 1974 1975
F 2759 2758 2659
F 2758 2658 2659
F 1274 1344 1273
F 1344 1274 1345
F 1344 1416 1415
F 1343 1344 1415
F 1634 1558 1559
F 1558 1634 1633
F 1632 1558 1633
F 1558 1632 1557
F 1556 1632 1631
F 1557 1632 1556
F 1486 1558 1557
F 1558 1486 1487
F 1486 1416 1487
F 1416 1486 1415
F 1486 1557 1556
F 1486 1556 1485
F 1269 1206 1270
F 1206 1269 1205
F 1208 1209 1273
F 1208 1273 1272
F 887 825 888
F 825 887 824
F 949 887 888
F 948 887 949
F 1144 1078 1079
F 1143 1078 1144
F 1079 1078 1014
F 1078 1013 1014
F 1333 1263 1334
F 1263 1333 1262
F 1263 1198 1199
F 1198 1263 1262
F 1409 1479 1408
F 1480 1479 1409
F 1479 1478 1408
F 1478 1407 1408
F 1699 1624 1700
F 1624 1699 1623
F 1624 1625 1701
F 1624 1701 1700
F 1624 1623 1549
F 1550 1624 1549
F 1486 1414 1415
F 1414 1486 1485
F 1864 1944 1863
F 1944 1864 1945
F 1859 1858 1781
F 1858 1780 1781
F 1939 1858 1940
F 1858 1859 1940
F 1783 1862 1861
F 1862 1783 1784
F 1860 1783 1861
F 1783 1860 1782
F 1942 1860 1861
F 1860 1942 1941
F 1859 1860 1940
F 1860 1941 1940
F 1860 1859 1781
F 1782 1860 1781
F 2758 2657 2658
F 2657 2758 2757
F 2658 2657 2561
F 2657 2560 2561
F 2284 2283 2193
F 2284 2193 2194
F 2195 2284 2194
F 2284 2195 2285
F 2109 2195 2108
F 2108 2195 2194
F 2032 2112 2031
F 2112 2032 2113
F 2199 2112 2113
F 2198 2112 2199
F 2288 2199 2289
F 2288 2198 2199
F 2288 2379 2378
F 2287 2288 2378
F 2380 2288 2289
F 2379 2288 2380
F 2658 2562 2659
F 2562 2658 2561
F 2468 2562 2467
F 2562 2561 2467
F 3494 3386 3495
F 3385 3386 3494
F 3386 3385 3277
F 3278 3386 3277
F 3386 3279 3387
F 3386 3278 3279
F 3170 3278 3277
F 3169 3170 3277
F 3278 3170 3279
F 3279 3170 3171
F 1704 1703 1627
F 1704 1627 1628
F 1405 1476 1404
F 1476 1475 1404
F 1923 1843 1924
F 1843 1923 1842
F 1843 1766 1767
F 1843 1842 1766
F 2103 2020 2021
F 2020 2103 2102
F 2103 2022 2104
F 2022 2103 2021
F 3163 3162 3055
F 3163 3055 3056
F 3279 3172 3280
F 3172 3279 3171
F 3173 3172 3066
F 3172 3065 3066
F 3280 3172 3281
F 3172 3173 3281
F 3068 3175 3174
F 3067 3068 3174
F 2856 2960 2959
F 2960 2856 2857
F 2858 2960 2857
F 2961 2960 2858
F 3170 3064 3171
F 3064 3170 3063
F 3172 3064 3065
F 3064 3172 3171
F 3064 2960 2961
F 2960 3064 3063
F 2861 2860 2760
F 2860 2759 2760
F 2963 3068 3067
F 3068 2963 2964
F 2963 2861 2862
F 2963 2862 2964
F 2963 3067 3066
F 2962 2963 3066
F 2963 2860 2861
F 2860 2963 2962
F 1746 1823 1822
F 1747 1823 1746
F 1903 1823 1904
F 1823 1903 1822
F 1748 1823 1747
F 1823 1748 1824
F 1904 1823 1905
F 1823 1824 1905
F 1598 1672 1597
F 1598 1673 1672
F 1598 1597 1523
F 1524 1598 1523
F 1993 1910 1994
F 1910 1993 1909
F 1995 1910 1911
F 1910 1995 1994
F 1910 1909 1828
F 1829 1910 1828
F 1910 1830 1911
F 1910 1829 1830
F 1827 1907 1826
F 1907 1827 1908
F 1907 1908 1992
F 1991 1907 1992
F 2833 2733 2834
F 2732 2733 2833
F 2535 2534 2442
F 2534 2441 2442
F 2437 2531 2530
F 2531 2437 2438
F 1916 1836 1917
F 1836 1916 1835
F 2005 1921 1922
F 2006 2005 1922
F 2005 2004 1920
F 1921 2005 1920
F 1919 1918 1838
F 1918 1837 1838
F 1836 1918 1917
F 1918 1836 1837
F 1918 1919 2003
F 2002 1918 2003
F 1918 2001 1917
F 1918 2002 2001
F 2083 2082 1999
F 2082 1998 1999
F 2082 2081 1997
F 1998 2082 1997
F 1834 1833 1757
F 1834 1757 1758
F 1759 1834 1758
F 1834 1759 1835
F 1914 1915 1999
F 1998 1914 1999
F 1913 1914 1997
F 1914 1998 1997
F 1834 1914 1833
F 1914 1834 1915
F 1914 1913 1832
F 1833 1914 1832
F 1458 1385 1386
F 1385 1458 1457
F 1387 1458 1386
F 1459 1458 1387
F 1756 1679 1757
F 1679 1680 1757
F 1679 1756 1755
F 1678 1679 1755
F 1680 1679 1605
F 1679 1604 1605
F 1679 1678 1603
F 1604 1679 1603
F 1468 1395 1396
F 1395 1468 1467
F 1469 1468 1397
F 1468 1396 1397
F 1468 1540 1539
F 1467 1468 1539
F 1468 1541 1540
F 1541 1468 1469
F 1541 1614 1613
F 1540 1541 1613
F 1398 1326 1327
F 1399 1398 1327
F 1405 1332 1333
F 1332 1405 1404
F 2928 2826 2929
F 2826 2928 2825
F 2724 2826 2825
F 2725 2826 2724
F 2443 2444 2536
F 2444 2537 2536
F 2449 2360 2450
F 2360 2449 2359
F 3906 3802 3907
F 3802 3803 3907
F 3802 3695 3803
F 3803 3695 3696
F 3695 3801 3694
F 3695 3802 3801
F 2844 2744 2845
F 2744 2745 2845
F 2744 2642 2643
F 2744 2743 2642
F 3484 3374 3375
F 3374 3484 3483
F 3482 3374 3483
F 3374 3482 3373
F 3375 3374 3266
F 3374 3265 3266
F 3264 3374 3373
F 3374 3264 3265
F 3050 2947 3051
F 3050 2946 2947
F 3265 3159 3266
F 3159 3265 3158
F 3160 3159 3053
F 3159 3052 3053
F 3052 3159 3051
F 3159 3158 3051
F 1042 978 979
F 1043 1042 979
F 1042 1041 977
F 978 1042 977
F 736 677 737
F 677 736 676
F 920 857 858
F 857 920 919
F 736 735 676
F 676 735 675
F 622 673 621
F 674 673 622
F 1455 1526 1454
F 1455 1527 1526
F 1382 1455 1454
F 1455 1382 1383
F 1455 1528 1527
F 1455 1456 1528
F 1456 1455 1384
F 1455 1383 1384
F 568 523 569
F 523 568 522
F 523 481 524
F 523 480 481
F 479 523 522
F 480 523 479
F 570 618 569
F 570 619 618
F 572 620 571
F 620 572 621
F 673 620 621
F 620 673 672
F 570 620 619
F 620 570 571
F 619 620 671
F 620 672 671
F 588 636 587
F 636 635 587
F 589 636 588
F 637 636 589
F 751 690 691
F 690 751 750
F 690 637 638
F 691 690 638
F 927 928 991
F 928 992 991
F 865 928 927
F 866 928 865
F 497 496 458
F 497 458 459
F 745 805 804
F 805 745 746
F 687 686 634
F 686 633 634
F 747 686 687
F 686 747 746
F 686 745 685
F 745 686 746
F 583 630 582
F 630 583 631
F 632 686 685
F 686 632 633
F 583 632 631
F 632 583 584
F 585 632 584
F 632 585 633
F 585 586 634
F 633 585 634
F 924 989 988
F 989 924 925
F 924 862 863
F 925 924 863
F 924 861 862
F 924 923 861
F 922 987 986
F 923 987 922
F 987 924 988
F 924 987 923
F 1185 1118 1119
F 1184 1118 1185
F 1118 1053 1119
F 1118 1052 1053
F 679 627 680
F 627 679 626
F 801 742 802
F 802 742 743
F 1254 1190 1255
F 1190 1254 1189
F 1326 1325 1256
F 1325 1255 1256
F 1398 1325 1326
F 1325 1398 1397
F 1325 1254 1255
F 1254 1325 1324
F 1396 1325 1397
F 1324 1325 1396
F 751 810 750
F 750 810 809
F 810 751 752
F 810 752 811
F 874 810 811
F 810 874 873
F 806 747 748
F 806 748 807
F 747 806 746
F 806 805 746
F 4188 4097 4189
F 4097 4188 4096
F 4093 3997 3998
F 4093 4092 3997
F 4093 4184 4092
F 4184 4093 4185
F 4093 4186 4185
F 4186 4093 4094
F 3999 3898 3899
F 3898 3999 3998
F 3999 4093 3998
F 4093 3999 4094
F 4282 4196 4197
F 4282 4197 4283
F 4196 4282 4195
F 4282 4281 4195
F 4435 4362 4436
F 4362 4435 4361
F 4280 4362 4361
F 4281 4362 4280
F 4190 4275 4189
F 4275 4190 4276
F 4275 4188 4189
F 4188 4275 4274
F 4274 4275 4355
F 4275 4356 4355
F 4101 4100 4006
F 4100 4005 4006
F 4100 4099 4004
F 4005 4100 4004
F 4100 4191 4099
F 4100 4192 4191
F 4100 4193 4192
F 4193 4100 4101
F 4193 4279 4278
F 4192 4193 4278
F 4193 4101 4102
F 4194 4193 4102
F 4193 4280 4279
F 4193 4194 4280
F 4200 4107 4108
F 4200 4199 4107
F 4199 4200 4285
F 4285 4200 4286
F 4013 4109 4108
F 4109 4013 4014
F 4441 4368 4442
F 4368 4441 4367
F 4296 4211 4297
F 4211 4296 4210
F 4377 4378 4452
F 4451 4377 4452
F 4378 4377 4297
F 4377 4296 4297
F 3920 4021 3919
F 4022 4021 3920
F 4021 4022 4117
F 4116 4021 4117
F 4119 4211 4210
F 4118 4119 4210
F 4119 4212 4211
F 4212 4119 4120
F 4119 4025 4120
F 4119 4024 4025
F 4119 4023 4024
F 4023 4119 4118
F 4023 4022 3920
F 4023 3920 3921
F 4022 4023 4117
F 4023 4118 4117
F 4024 4023 3922
F 3922 4023 3921
F 3810 3914 3809
F 3914 3913 3809
F 3913 3914 4015
F 3914 4016 4015
F 8003 7937 7938
F 8003 8002 7937
F 7939 8003 7938
F 8003 7939 8004
F 8002 8003 8067
F 8003 8068 8067
F 8003 8004 8069
F 8068 8003 8069
F 5466 5401 5467
F 5401 5402 5467
F 5400 5401 5465
F 5401 5466 5465
F 5401 5337 5402
F 5401 5336 5337
F 5401 5335 5336
F 5335 5401 5400
F 5335 5400 5399
F 5334 5335 5399
F 5335 5334 5269
F 5270 5335 5269
F 5335 5270 5271
F 5336 5335 5271
F 3655 3547 3548
F 3547 3655 3654
F 3440 3547 3439
F 3548 3547 3440
F 3547 3654 3653
F 3546 3547 3653
F 3547 3546 3438
F 3547 3438 3439
F 531 488 532
F 488 489 532
F 362 375 361
F 375 362 376
F 375 360 361
F 375 374 360
F 392 414 391
F 392 415 414
F 373 392 391
F 374 392 373
F 530 575 529
F 576 575 530
F 575 574 528
F 575 528 529
F 380 366 367
F 366 380 379
F 538 585 584
F 585 538 539
F 583 538 584
F 538 583 537
F 495 538 494
F 494 538 537
F 538 495 496
F 538 496 539
F 580 629 628
F 629 580 581
F 582 629 581
F 630 629 582
F 580 535 581
F 535 580 534
F 491 535 534
F 535 491 492
F 1115 1181 1180
F 1115 1116 1181
F 1179 1115 1180
F 1115 1179 1114
F 1116 1115 1049
F 1115 1048 1049
F 1048 1115 1047
F 1047 1115 1114
F 1178 1244 1243
F 1178 1179 1244
F 1388 1317 1389
F 1316 1317 1388
F 1317 1316 1246
F 1247 1317 1246
F 1395 1466 1394
F 1466 1395 1467
F 1538 1466 1539
F 1466 1467 1539
F 1309 1381 1308
F 1308 1381 1380
F 1452 1381 1453
F 1381 1452 1380
F 1381 1454 1453
F 1381 1382 1454
F 1381 1310 1382
F 1310 1381 1309
F 1241 1310 1240
F 1310 1241 1311
F 1310 1239 1240
F 1310 1309 1239
F 1382 1310 1383
F 1383 1310 1311
F 1379 1308 1380
F 1379 1307 1308
F 1451 1379 1452
F 1452 1379 1380
F 2922 2817 2818
F 2921 2817 2922
F 2616 2518 2519
F 2518 2616 2615
F 2517 2518 2614
F 2518 2615 2614
F 2518 2517 2424
F 2425 2518 2424
F 2518 2426 2519
F 2518 2425 2426
F 2430 2339 2340
F 2431 2430 2340
F 2430 2429 2338
F 2339 2430 2338
F 2522 2620 2619
F 2620 2522 2523
F 2430 2522 2429
F 2522 2430 2523
F 2522 2618 2521
F 2522 2619 2618
F 2428 2522 2521
F 2429 2522 2428
F 2335 2425 2334
F 2425 2335 2426
F 2244 2155 2245
F 2244 2154 2155
F 2154 2244 2153
F 2244 2243 2153
F 2152 2242 2151
F 2151 2242 2241
F 2241 2242 2333
F 2333 2242 2334
F 2242 2152 2153
F 2243 2242 2153
F 2242 2335 2334
F 2335 2242 2243
F 2623 2525 2526
F 2525 2623 2622
F 2525 2433 2526
F 2525 2432 2433
F 3014 2911 2912
F 2911 3014 3013
F 2709 2710 2811
F 2810 2709 2811
F 2709 2809 2708
F 2709 2810 2809
F 2710 2709 2610
F 2709 2609 2610
F 2709 2708 2608
F 2609 2709 2608
F 3780 3884 3779
F 3884 3780 3885
F 3884 3778 3779
F 3884 3883 3778
F 4167 4166 4074
F 4075 4167 4074
F 4076 4167 4075
F 4167 4076 4168
F 4076 4075 3980
F 4076 3980 3981
F 4076 4077 4169
F 4168 4076 4169
F 3982 4076 3981
F 4077 4076 3982
F 3019 3127 3126
F 3127 3019 3020
F 4170 4171 4257
F 4171 4258 4257
F 4171 4170 4078
F 4171 4078 4079
F 4172 4171 4080
F 4080 4171 4079
F 3332 3222 3223
F 3331 3222 3332
F 3222 3116 3117
F 3223 3222 3117
F 3116 3222 3115
F 3222 3221 3115
F 3222 3330 3221
F 3330 3222 3331
F 3330 3438 3329
F 3438 3330 3439
F 3330 3440 3439
F 3330 3331 3440
F 3221 3330 3220
F 3330 3329 3220
F 3793 3794 3899
F 3794 3900 3899
F 3686 3794 3793
F 3687 3794 3686
F 3579 3580 3686
F 3580 3687 3686
F 3247 3358 3357
F 3247 3248 3358
F 3247 3356 3246
F 3356 3247 3357
F 3247 3141 3142
F 3248 3247 3142
F 3140 3247 3246
F 3141 3247 3140
F 3145 3038 3146
F 3038 3039 3146
F 3038 3037 2933
F 2934 3038 2933
F 2727 2726 2625
F 2626 2727 2625
F 2830 2932 2829
F 2932 2830 2933
F 2830 2934 2933
F 2934 2830 2831
F 2830 2729 2730
F 2831 2830 2730
F 3032 3140 3139
F 3032 3033 3140
F 3138 3032 3139
F 3032 3138 3031
F 3033 3032 2929
F 3032 2928 2929
F 3893 3994 3993
F 3994 3893 3894
F 3895 3994 3894
F 3995 3994 3895
F 4428 4353 4354
F 4353 4428 4427
F 7976 7910 7911
F 7976 7975 7910
F 7912 7976 7911
F 7976 7912 7977
F 8042 7976 7977
F 8041 7976 8042
F 8040 7976 8041
F 7976 8040 7975
F 8104 8040 8105
F 8040 8104 8039
F 7974 8040 8039
F 7975 8040 7974
F 8105 8040 8106
F 8040 8041 8106
F 1732 1807 1806
F 1731 1732 1806
F 1808 1732 1733
F 1807 1732 1808
F 1732 1731 1656
F 1657 1732 1656
F 1732 1658 1733
F 1732 1657 1658
F 973 972 911
F 912 973 911
F 972 973 1036
F 973 1037 1036
F 1037 973 1038
F 1038 973 974
F 724 785 784
F 723 724 784
F 724 723 665
F 666 724 665
F 614 667 666
F 667 614 615
F 613 614 665
F 614 666 665
F 564 565 612
F 565 613 612
F 519 565 518
F 518 565 564
F 1269 1204 1205
F 1268 1204 1269
F 1204 1203 1136
F 1137 1204 1136
F 1204 1268 1267
F 1203 1204 1267
F 884 820 821
F 820 884 883
F 884 821 822
F 885 884 822
F 945 882 883
F 882 945 944
F 945 1007 944
F 945 1008 1007
F 880 816 817
F 816 880 879
F 879 880 941
F 880 942 941
F 880 881 943
F 880 943 942
F 881 880 818
F 818 880 817
F 942 1004 941
F 1005 1004 942
F 1069 1004 1070
F 1004 1005 1070
F 1004 1069 1068
F 1003 1004 1068
F 1006 1005 942
F 943 1006 942
F 1006 943 944
F 1007 1006 944
F 1005 1006 1070
F 1006 1071 1070
F 1071 1006 1072
F 1072 1006 1007
F 695 694 641
F 642 695 641
F 469 468 434
F 469 434 435
F 510 469 511
F 469 510 468
F 469 512 511
F 512 469 470
F 471 512 470
F 512 471 513
F 558 512 559
F 512 513 559
F 406 433 432
F 405 406 432
F 406 434 433
F 406 407 434
F 605 658 657
F 658 605 606
F 602 601 553
F 554 602 553
F 721 662 663
F 662 721 720
F 662 611 663
F 662 610 611
F 562 561 516
F 561 515 516
F 473 474 516
F 515 473 516
F 607 659 658
F 607 658 606
F 607 558 559
F 607 606 558
F 659 607 660
F 607 608 660
F 3966 3861 3862
F 3861 3966 3965
F 3966 3862 3863
F 3967 3966 3863
F 4326 4407 4406
F 4407 4326 4327
F 4411 4330 4331
F 4330 4411 4410
F 4330 4244 4245
F 4331 4330 4245
F 3311 3418 3310
F 3419 3418 3311
F 3526 3418 3527
F 3418 3419 3527
F 4505 4506 4516
F 4515 4505 4516
F 4506 4505 4479
F 4505 4478 4479
F 7277 7212 7278
F 7212 7213 7278
F 7208 7274 7273
F 7209 7274 7208
F 7338 7274 7339
F 7274 7338 7273
F 7274 7209 7210
F 7275 7274 7210
F 7274 7340 7339
F 7274 7275 7340
F 3818 3819 3923
F 3922 3818 3923
F 3818 3712 3819
F 3818 3711 3712
F 3818 3817 3710
F 3711 3818 3710
F 3165 3274 3273
F 3274 3165 3166
F 3165 3058 3059
F 3058 3165 3164
F 3701 3592 3593
F 3700 3592 3701
F 3591 3592 3699
F 3592 3700 3699
F 3592 3484 3485
F 3484 3592 3591
F 3159 3267 3266
F 3267 3159 3160
F 3376 3484 3375
F 3484 3376 3485
F 3376 3375 3266
F 3267 3376 3266
F 3268 3160 3161
F 3268 3267 3160
F 4304 4385 4384
F 4305 4385 4304
F 4218 4127 4219
F 4126 4127 4218
F 4031 3929 3930
F 4032 4031 3930
F 3929 4031 3928
F 3928 4031 4030
F 4031 4127 4126
F 4127 4031 4032
F 4031 4125 4030
F 4031 4126 4125
F 4308 4389 4388
F 4389 4308 4309
F 4390 4389 4310
F 4310 4389 4309
F 4389 4390 4455
F 4389 4455 4454
F 3612 3721 3720
F 3612 3613 3721
F 3504 3612 3503
F 3613 3612 3504
F 3614 3504 3505
F 3614 3613 3504
F 4224 4310 4309
F 4223 4224 4309
F 3934 3829 3830
F 3829 3934 3933
F 3934 3935 4037
F 4036 3934 4037
F 3723 3615 3616
F 3724 3723 3616
F 3934 3831 3935
F 3831 3934 3830
F 3831 3723 3724
F 3723 3831 3830
F 3620 3619 3511
F 3619 3510 3511
F 3619 3620 3728
F 3727 3619 3728
F 3934 4035 3933
F 4035 3934 4036
F 4033 3930 3931
F 4033 4032 3930
F 3719 3827 3826
F 3827 3719 3720
F 3719 3826 3825
F 3718 3719 3825
F 4139 4232 4231
F 4232 4139 4140
F 4141 4232 4140
F 4233 4232 4141
F 4232 4233 4319
F 4318 4232 4319
F 4317 4232 4318
F 4232 4317 4231
F 4317 4396 4316
F 4317 4397 4396
F 4397 4317 4398
F 4317 4318 4398
F 4230 4317 4316
F 4231 4317 4230
F 3939 3836 3940
F 3836 3939 3835
F 4040 3937 3938
F 3937 4040 4039
F 4134 4040 4135
F 4040 4134 4039
F 3939 4040 3938
F 4040 3939 4041
F 4040 4136 4135
F 4040 4041 4136
F 3739 3630 3631
F 3630 3739 3738
F 3631 3630 3522
F 3630 3521 3522
F 3300 3192 3193
F 3301 3300 3193
F 3300 3301 3409
F 3300 3409 3408
F 3297 3406 3405
F 3298 3406 3297
F 3406 3513 3405
F 3406 3514 3513
F 3517 3516 3409
F 3409 3516 3408
F 4402 4323 4403
F 4322 4323 4402
F 4323 4404 4403
F 4323 4324 4404
F 4324 4323 4238
F 4323 4237 4238
F 4323 4236 4237
F 4236 4323 4322
F 4236 4235 4143
F 4144 4236 4143
F 4235 4236 4321
F 4236 4322 4321
F 4236 4144 4145
F 4237 4236 4145
F 1097 1031 1032
F 1096 1031 1097
F 968 1031 967
F 1031 968 1032
F 1095 1031 1096
F 1031 1095 1030
F 2687 2590 2688
F 2590 2687 2589
F 2496 2590 2495
F 2590 2589 2495
F 4156 4060 4157
F 4060 4061 4157
F 4155 4060 4156
F 4060 4155 4059
F 4060 4059 3958
F 3959 4060 3958
F 3960 4060 3959
F 4060 3960 4061
F 3961 3960 3857
F 3960 3856 3857
F 4061 3960 4062
F 3960 3961 4062
F 3960 3855 3856
F 3960 3959 3855
F 3426 3534 3533
F 3425 3426 3533
F 3316 3426 3425
F 3426 3316 3317
F 3534 3426 3535
F 3426 3427 3535
F 2996 3102 2995
F 3102 3101 2995
F 2997 3102 2996
F 3103 3102 2997
F 1206 1207 1270
F 1207 1271 1270
F 1207 1208 1272
F 1271 1207 1272
F 1207 1141 1208
F 1141 1207 1140
F 1209 1141 1142
F 1208 1141 1209
F 886 822 823
F 886 885 822
F 824 886 823
F 887 886 824
F 1141 1077 1142
F 1077 1141 1076
F 1077 1143 1142
F 1077 1078 1143
F 1266 1203 1267
F 1203 1266 1202
F 1411 1339 1412
F 1412 1339 1340
F 1339 1269 1340
F 1339 1268 1269
F 1339 1411 1410
F 1338 1339 1410
F 1268 1339 1267
F 1339 1338 1267
F 1481 1411 1482
F 1411 1481 1410
F 1481 1553 1552
F 1480 1481 1552
F 1481 1480 1409
F 1481 1409 1410
F 1551 1624 1550
F 1624 1551 1625
F 1551 1626 1625
F 1626 1551 1552
F 1551 1478 1479
F 1478 1551 1550
F 1551 1479 1480
F 1551 1480 1552
F 1341 1413 1340
F 1413 1412 1340
F 1413 1483 1412
F 1483 1413 1484
F 1484 1413 1485
F 1413 1414 1485
F 1413 1342 1414
F 1342 1413 1341
F 1342 1271 1272
F 1343 1342 1272
F 1342 1341 1270
F 1271 1342 1270
F 1342 1343 1415
F 1414 1342 1415
F 1630 1555 1556
F 1630 1556 1631
F 1707 1783 1782
F 1783 1707 1708
F 1632 1707 1631
F 1707 1632 1708
F 1707 1782 1781
F 1706 1707 1781
F 1630 1707 1706
F 1707 1630 1631
F 1709 1783 1708
F 1783 1709 1784
F 1709 1632 1633
F 1632 1709 1708
F 1634 1709 1633
F 1710 1709 1634
F 1785 1709 1710
F 1709 1785 1784
F 1862 1785 1863
F 1785 1862 1784
F 1785 1864 1863
F 1864 1785 1786
F 1786 1785 1711
F 1785 1710 1711
F 1635 1710 1634
F 1710 1635 1711
F 1635 1634 1559
F 1560 1635 1559
F 1344 1417 1416
F 1417 1344 1345
F 1945 1865 1946
F 1864 1865 1945
F 2754 2654 2755
F 2654 2655 2755
F 2756 2856 2755
F 2856 2756 2857
F 2756 2858 2857
F 2858 2756 2757
F 2463 2373 2464
F 2373 2463 2372
F 2376 2286 2377
F 2285 2286 2376
F 2286 2287 2378
F 2286 2378 2377
F 2469 2379 2470
F 2379 2469 2378
F 2469 2468 2377
F 2378 2469 2377
F 3493 3602 3601
F 3602 3493 3494
F 3493 3601 3600
F 3492 3493 3600
F 3493 3385 3494
F 3493 3384 3385
F 3383 3493 3492
F 3384 3493 3383
F 3276 3169 3277
F 3276 3168 3169
F 3167 3276 3275
F 3168 3276 3167
F 3384 3276 3385
F 3385 3276 3277
F 3276 3383 3275
F 3276 3384 3383
F 1780 1705 1781
F 1705 1706 1781
F 1934 1935 2019
F 1934 2019 2018
F 1477 1406 1407
F 1478 1477 1407
F 1477 1550 1549
F 1477 1478 1550
F 1477 1405 1406
F 1477 1476 1405
F 1548 1477 1549
F 1476 1477 1548
F 1541 1615 1614
F 1615 1541 1542
F 1693 1618 1694
F 1618 1693 1617
F 2094 2010 2011
F 2010 2094 2093
F 2093 2094 2177
F 2094 2178 2177
F 2094 2012 2095
F 2012 2094 2011
F 1937 1936 1856
F 1936 1855 1856
F 1936 1935 1854
F 1855 1936 1854
F 2020 1936 2021
F 1936 1937 2021
F 1935 1936 2019
F 1936 2020 2019
F 1938 2023 2022
F 2023 1938 1939
F 1938 2022 2021
F 1937 1938 2021
F 1938 1937 1856
F 1938 1856 1857
F 2179 2094 2095
F 2094 2179 2178
F 2266 2357 2265
F 2266 2358 2357
F 2175 2266 2265
F 2176 2266 2175
F 2358 2266 2359
F 2266 2267 2359
F 2744 2644 2745
F 2644 2744 2643
F 2852 2752 2853
F 2752 2852 2751
F 2752 2753 2854
F 2853 2752 2854
F 3060 3168 3167
F 3060 3061 3168
F 3062 2960 3063
F 2960 3062 2959
F 3062 3170 3169
F 3170 3062 3063
F 3061 3062 3168
F 3168 3062 3169
F 3062 2958 2959
F 3062 3061 2958
F 3069 3070 3177
F 3176 3069 3177
F 3069 3176 3175
F 3068 3069 3175
F 2859 2758 2759
F 2860 2859 2759
F 2758 2859 2757
F 2859 2858 2757
F 1599 1525 1526
F 1599 1526 1600
F 1599 1675 1674
F 1675 1599 1600
F 1599 1524 1525
F 1599 1598 1524
F 1673 1599 1674
F 1598 1599 1673
F 1824 1906 1905
F 1906 1824 1825
F 1906 1989 1905
F 1906 1990 1989
F 1906 1825 1826
F 1907 1906 1826
F 1906 1991 1990
F 1906 1907 1991
F 2731 2732 2833
F 2832 2731 2833
F 2731 2831 2730
F 2731 2832 2831
F 2634 2633 2536
F 2537 2634 2536
F 2633 2734 2632
F 2734 2733 2632
F 2634 2734 2633
F 2734 2634 2735
F 2731 2631 2732
F 2631 2731 2630
F 2631 2733 2732
F 2733 2631 2632
F 2631 2630 2533
F 2534 2631 2533
F 2631 2535 2632
F 2631 2534 2535
F 2628 2627 2530
F 2531 2628 2530
F 1760 1682 1683
F 1682 1760 1759
F 1761 1760 1684
F 1760 1683 1684
F 1837 1760 1761
F 1836 1760 1837
F 1760 1836 1835
F 1759 1760 1835
F 2081 2165 2164
F 2082 2165 2081
F 1328 1327 1257
F 1258 1328 1257
F 1328 1399 1327
F 1328 1400 1399
F 1061 1127 1126
F 1127 1061 1062
F 1059 1125 1124
F 1125 1059 1060
F 1125 1061 1126
F 1061 1125 1060
F 1331 1332 1404
F 1403 1331 1404
F 2179 2268 2178
F 2268 2179 2269
F 2268 2267 2177
F 2178 2268 2177
F 2267 2268 2359
F 2268 2360 2359
F 2268 2269 2361
F 2360 2268 2361
F 2171 2172 2261
F 2172 2262 2261
F 2263 2174 2264
F 2263 2173 2174
F 2356 2263 2264
F 2263 2356 2355
F 2172 2263 2262
F 2263 2172 2173
F 2827 2828 2931
F 2930 2827 2931
F 2727 2827 2726
F 2827 2727 2828
F 2827 2930 2929
F 2826 2827 2929
F 2827 2725 2726
F 2827 2826 2725
F 2435 2344 2436
F 2344 2345 2436
F 2438 2346 2347
F 2437 2346 2438
F 2346 2437 2436
F 2345 2346 2436
F 2254 2346 2253
F 2346 2345 2253
F 2534 2440 2441
F 2440 2534 2533
F 2532 2440 2533
F 2440 2532 2439
F 2348 2440 2439
F 2349 2440 2348
F 2350 2440 2349
F 2440 2350 2441
F 2350 2351 2442
F 2441 2350 2442
F 2351 2350 2259
F 2350 2258 2259
F 2258 2350 2257
F 2350 2349 2257
F 2352 2353 2443
F 2353 2444 2443
F 2260 2353 2352
F 2353 2260 2261
F 2543 2449 2450
F 2543 2450 2544
F 3478 3587 3586
F 3587 3478 3479
F 3048 2943 2944
F 2943 3048 3047
F 2943 2942 2840
F 2841 2943 2840
F 2943 3046 2942
F 3046 2943 3047
F 2445 2539 2538
F 2539 2445 2446
F 3806 3698 3699
F 3805 3698 3806
F 2943 2842 2944
F 2842 2943 2841
F 2641 2545 2642
F 2545 2641 2544
F 2641 2543 2544
F 2543 2641 2640
F 2743 2641 2642
F 2742 2641 2743
F 2183 2274 2273
F 2274 2183 2184
F 2179 2270 2269
F 2270 2179 2180
F 2181 2270 2180
F 2270 2181 2271
F 2269 2270 2361
F 2270 2362 2361
F 3264 3157 3265
F 3265 3157 3158
F 1109 1175 1174
F 1175 1109 1110
F 1173 1109 1174
F 1109 1173 1108
F 1109 1043 1110
F 1109 1042 1043
F 1041 1109 1108
F 1042 1109 1041
F 854 855 918
F 917 854 918
F 854 792 855
F 792 854 791
F 731 670 671
F 731 730 670
F 857 795 858
F 795 857 794
F 795 859 858
F 859 795 796
F 735 795 794
F 795 735 736
F 796 795 737
F 795 736 737
F 734 673 674
F 673 734 733
F 735 734 675
F 734 674 675
F 635 689 688
F 636 689 635
F 689 748 688
F 689 749 748
F 689 636 637
F 690 689 637
F 689 690 750
F 749 689 750
F 1058 994 1059
F 1059 994 995
F 540 585 539
F 585 540 586
F 586 540 587
F 540 541 587
F 540 498 541
F 540 497 498
F 496 540 539
F 497 540 496
F 684 630 631
F 630 684 683
F 985 1050 1049
F 1050 985 986
F 579 533 534
F 580 579 534
F 579 578 532
F 533 579 532
F 579 580 628
F 627 579 628
F 578 579 626
F 579 627 626
F 741 799 740
F 799 741 800
F 741 801 800
F 741 742 801
F 1253 1324 1323
F 1253 1254 1324
F 1063 1000 1064
F 1000 1063 999
F 1259 1195 1260
F 1195 1259 1194
F 1261 1198 1262
F 1261 1197 1198
F 1333 1261 1262
F 1332 1261 1333
F 870 806 807
F 806 870 869
F 4188 4187 4096
F 4187 4095 4096
F 4187 4274 4273
F 4187 4188 4274
F 4187 4186 4094
F 4187 4094 4095
F 4000 4001 4096
F 4095 4000 4096
F 4094 4000 4095
F 3999 4000 4094
F 3900 4000 3899
F 4000 3999 3899
F 4364 4363 4283
F 4363 4282 4283
F 4437 4363 4438
F 4363 4364 4438
F 4282 4363 4281
F 4363 4362 4281
F 4362 4363 4436
F 4363 4437 4436
F 4201 4200 4108
F 4109 4201 4108
F 4110 4203 4202
F 4203 4110 4111
F 4016 4110 4015
F 4110 4016 4111
F 4110 4201 4109
F 4201 4110 4202
F 4015 4110 4014
F 4110 4109 4014
F 4443 4369 4444
F 4444 4369 4370
F 4368 4369 4442
F 4369 4443 4442
F 4115 4208 4207
F 4208 4115 4116
F 4114 4020 4115
F 4020 4114 4019
F 4020 3917 3918
F 3917 4020 4019
F 4020 3918 3919
F 4021 4020 3919
F 4020 4021 4116
F 4115 4020 4116
F 4439 4364 4365
F 4364 4439 4438
F 4366 4285 4286
F 4367 4366 4286
F 4284 4366 4365
F 4366 4284 4285
F 4441 4366 4367
F 4440 4366 4441
F 4366 4439 4365
F 4439 4366 4440
F 3811 3915 3810
F 3915 3914 3810
F 421 398 399
F 422 421 399
F 417 393 394
F 393 417 416
F 393 375 376
F 394 393 376
F 375 393 374
F 393 392 374
F 415 393 416
F 392 393 415
F 623 674 622
F 674 623 675
F 623 622 573
F 574 623 573
F 365 378 377
F 365 377 364
F 378 365 379
F 365 366 379
F 536 493 494
F 536 494 537
F 536 583 582
F 583 536 537
F 493 536 492
F 536 535 492
F 536 582 581
F 535 536 581
F 980 1044 1043
F 980 1043 979
F 916 980 979
F 980 916 917
F 980 917 918
F 981 980 918
F 1045 980 981
F 980 1045 1044
F 1044 1045 1111
F 1045 1112 1111
F 1045 982 1046
F 1045 981 982
F 1177 1176 1111
F 1112 1177 1111
F 1177 1241 1176
F 1241 1177 1242
F 1177 1243 1242
F 1177 1178 1243
F 1113 1045 1046
F 1045 1113 1112
F 1177 1113 1178
F 1113 1177 1112
F 1047 1113 1046
F 1113 1047 1114
F 1179 1113 1114
F 1178 1113 1179
F 1182 1248 1247
F 1248 1182 1183
F 1464 1465 1536
F 1465 1537 1536
F 1465 1392 1393
F 1392 1465 1464
F 1465 1538 1537
F 1465 1466 1538
F 1465 1393 1394
F 1466 1465 1394
F 1531 1606 1605
F 1532 1606 1531
F 1377 1378 1449
F 1378 1450 1449
F 1378 1305 1306
F 1378 1377 1305
F 1378 1451 1450
F 1378 1379 1451
F 1379 1378 1307
F 1307 1378 1306
F 2715 2613 2614
F 2715 2714 2613
F 2426 2336 2427
F 2335 2336 2426
F 2428 2336 2337
F 2336 2428 2427
F 2244 2336 2243
F 2336 2335 2243
F 2337 2336 2245
F 2336 2244 2245
F 2524 2430 2431
F 2430 2524 2523
F 2620 2524 2621
F 2524 2620 2523
F 2432 2524 2431
F 2525 2524 2432
F 2621 2524 2622
F 2524 2525 2622
F 3122 3230 3229
F 3122 3123 3230
F 3123 3015 3016
F 3122 3015 3123
F 4080 3984 3985
F 3984 4080 4079
F 3985 3984 3885
F 3984 3884 3885
F 3128 3129 3236
F 3235 3128 3236
F 3129 3128 3022
F 3128 3021 3022
F 3234 3128 3235
F 3127 3128 3234
F 3021 3128 3020
F 3128 3127 3020
F 3688 3581 3689
F 3581 3582 3689
F 3580 3581 3687
F 3581 3688 3687
F 3363 3362 3254
F 3362 3253 3254
F 3473 3581 3580
F 3581 3473 3474
F 3473 3579 3472
F 3473 3580 3579
F 3473 3362 3363
F 3362 3473 3472
F 3249 3359 3358
F 3248 3249 3358
F 3249 3360 3359
F 3360 3249 3250
F 3249 3248 3142
F 3143 3249 3142
F 3038 3144 3037
F 3144 3038 3145
F 3144 3249 3143
F 3249 3144 3250
F 3144 3145 3251
F 3144 3251 3250
F 3036 3144 3143
F 3144 3036 3037
F 2932 3036 2931
F 3036 3035 2931
F 3036 2932 2933
F 3037 3036 2933
F 3035 3036 3142
F 3036 3143 3142
F 2830 2728 2729
F 2728 2830 2829
F 2628 2728 2627
F 2728 2628 2729
F 2828 2728 2829
F 2727 2728 2828
F 2728 2626 2627
F 2728 2727 2626
F 4181 4089 4182
F 4089 4090 4182
F 4089 4181 4180
F 4088 4089 4180
F 4089 3995 4090
F 4089 3994 3995
F 4089 4088 3993
F 3994 4089 3993
F 4187 4272 4186
F 4272 4187 4273
F 4272 4271 4185
F 4186 4272 4185
F 4354 4272 4273
F 4353 4272 4354
F 4352 4272 4353
F 4272 4352 4271
F 4352 4425 4351
F 4425 4352 4426
F 4270 4352 4351
F 4271 4352 4270
F 4352 4353 4427
F 4352 4427 4426
F 4432 4433 4489
F 4488 4432 4489
F 4432 4488 4487
F 4431 4432 4487
F 725 786 785
F 724 725 785
F 725 724 666
F 667 725 666
F 566 565 519
F 566 519 520
F 566 614 613
F 565 566 613
F 1008 1073 1007
F 1073 1072 1007
F 1073 1009 1074
F 1009 1073 1008
F 1075 1141 1140
F 1141 1075 1076
F 1197 1131 1198
F 1131 1197 1130
F 1198 1131 1199
F 1131 1132 1199
F 813 755 814
F 755 813 754
F 755 756 815
F 814 755 815
F 756 755 696
F 755 695 696
F 694 755 754
F 695 755 694
F 509 554 508
F 554 509 555
F 509 466 467
F 509 508 466
F 509 556 555
F 556 509 510
F 468 509 467
F 510 509 468
F 661 719 718
F 660 661 718
F 719 661 720
F 661 662 720
F 607 560 608
F 560 607 559
F 513 560 559
F 560 513 514
F 561 560 515
F 515 560 514
F 471 472 513
F 513 472 514
F 472 473 515
F 472 515 514
F 4328 4408 4327
F 4408 4407 4327
F 4329 4328 4242
F 4243 4329 4242
F 4329 4408 4328
F 4408 4329 4409
F 4244 4329 4243
F 4330 4329 4244
F 4409 4329 4410
F 4329 4330 4410
F 3417 3524 3416
F 3417 3525 3524
F 3308 3417 3416
F 3309 3417 3308
F 3417 3526 3525
F 3417 3418 3526
F 3417 3309 3310
F 3418 3417 3310
F 4411 4476 4410
F 4476 4475 4410
F 7147 7081 7082
F 7147 7146 7081
F 7148 7147 7083
F 7147 7082 7083
F 7213 7147 7148
F 7212 7147 7213
F 7211 7147 7212
F 7147 7211 7146
F 7275 7211 7276
F 7211 7275 7210
F 7211 7210 7145
F 7146 7211 7145
F 7211 7277 7276
F 7211 7212 7277
F 3490 3380 3491
F 3380 3381 3491
F 3163 3269 3162
F 3269 3163 3270
F 3377 3269 3378
F 3269 3270 3378
F 3162 3269 3161
F 3269 3268 3161
F 4386 4305 4306
F 4386 4385 4305
F 4386 4306 4307
F 4387 4386 4307
F 3831 3936 3935
F 3936 3831 3832
F 3935 3936 4037
F 3936 4038 4037
F 3936 3937 4039
F 4038 3936 4039
F 3833 3936 3832
F 3936 3833 3937
F 4311 4225 4312
F 4225 4226 4312
F 4310 4225 4311
F 4224 4225 4310
F 3613 3722 3721
F 3614 3722 3613
F 3722 3828 3721
F 3722 3829 3828
F 3723 3722 3615
F 3722 3614 3615
F 3829 3722 3830
F 3722 3723 3830
F 4130 4222 4221
F 4129 4130 4221
F 4130 4223 4222
F 4223 4130 4131
F 4130 4035 4036
F 4130 4036 4131
F 4130 4034 4035
F 4034 4130 4129
F 4035 4034 3933
F 4034 3932 3933
F 3932 4034 3931
F 4034 4033 3931
F 4034 4128 4033
F 4128 4034 4129
F 4220 4128 4221
F 4128 4129 4221
F 4128 4220 4219
F 4127 4128 4219
F 4128 4127 4032
F 4033 4128 4032
F 3611 3502 3503
F 3612 3611 3503
F 3502 3611 3501
F 3611 3610 3501
F 3611 3612 3720
F 3719 3611 3720
F 3611 3718 3610
F 3611 3719 3718
F 4045 4044 3943
F 4044 3942 3943
F 4044 4045 4140
F 4139 4044 4140
F 3629 3628 3519
F 3520 3629 3519
F 3521 3629 3520
F 3630 3629 3521
F 2976 3083 3082
F 2977 3083 2976
F 3189 3190 3297
F 3190 3298 3297
F 3190 3189 3082
F 3083 3190 3082
F 3300 3191 3192
F 3191 3300 3299
F 3190 3191 3298
F 3298 3191 3299
F 3516 3407 3408
F 3407 3516 3515
F 3407 3300 3408
F 3300 3407 3299
F 3514 3407 3515
F 3406 3407 3514
F 3407 3406 3298
F 3407 3298 3299
F 3625 3733 3732
F 3624 3625 3732
F 3625 3734 3733
F 3734 3625 3626
F 3625 3624 3515
F 3516 3625 3515
F 3625 3517 3626
F 3625 3516 3517
F 2592 2591 2498
F 2591 2497 2498
F 2690 2591 2592
F 2591 2690 2689
F 2591 2496 2497
F 2591 2590 2496
F 2591 2689 2688
F 2590 2591 2688
F 3429 3319 3320
F 3319 3429 3428
F 3319 3213 3320
F 3213 3319 3212
F 3209 3315 3208
F 3209 3316 3315
F 886 947 885
F 947 946 885
F 947 887 948
F 947 886 887
F 1078 1012 1013
F 1077 1012 1078
F 1012 1077 1076
F 1012 1076 1011
F 1012 947 948
F 947 1012 1011
F 1337 1338 1410
F 1409 1337 1410
F 1337 1266 1267
F 1338 1337 1267
F 1264 1335 1334
F 1263 1264 1334
F 1713 1636 1637
F 1712 1636 1713
F 1636 1562 1637
F 1562 1636 1561
F 1636 1635 1560
F 1636 1560 1561
F 1418 1347 1419
F 1418 1346 1347
F 1346 1418 1345
F 1418 1417 1345
F 1948 1866 1867
F 1866 1948 1947
F 1866 1947 1946
F 1865 1866 1946
F 2556 2461 2462
F 2461 2556 2555
F 2657 2656 2560
F 2656 2559 2560
F 2558 2656 2655
F 2656 2558 2559
F 2656 2657 2757
F 2756 2656 2757
F 2655 2656 2755
F 2656 2756 2755
F 2375 2285 2376
F 2375 2284 2285
F 2195 2196 2285
F 2196 2286 2285
F 2562 2563 2659
F 2563 2660 2659
F 2563 2661 2660
F 2661 2563 2564
F 2563 2562 2468
F 2469 2563 2468
F 2563 2470 2564
F 2563 2469 2470
F 1555 1629 1554
F 1630 1629 1555
F 1629 1630 1706
F 1705 1629 1706
F 1629 1704 1628
F 1629 1705 1704
F 1779 1705 1780
F 1705 1779 1704
F 1858 1779 1780
F 1779 1858 1857
F 1704 1779 1703
F 1779 1778 1703
F 1856 1779 1857
F 1778 1779 1856
F 2277 2186 2187
F 2186 2277 2276
F 2017 1934 2018
F 1934 2017 1933
F 1852 1932 1851
F 1932 1852 1933
F 1701 1776 1700
F 1777 1776 1701
F 1776 1699 1700
F 1776 1775 1699
F 1691 1767 1690
F 1691 1768 1767
F 1614 1691 1690
F 1615 1691 1614
F 1616 1691 1615
F 1691 1616 1692
F 1616 1615 1542
F 1543 1616 1542
F 1774 1852 1851
F 1852 1774 1775
F 1771 1695 1772
F 1695 1696 1772
F 1402 1331 1403
F 1331 1402 1330
F 1472 1402 1473
F 1402 1472 1401
F 1547 1548 1622
F 1621 1547 1622
F 1476 1547 1475
F 1547 1476 1548
F 1620 1547 1621
F 1547 1620 1546
F 1402 1474 1473
F 1474 1402 1403
F 1474 1547 1546
F 1547 1474 1475
F 1475 1474 1404
F 1474 1403 1404
F 2091 2009 2092
F 2009 2091 2008
F 2009 2093 2092
F 2009 2010 2093
F 2024 2107 2106
F 2107 2024 2025
F 2025 2024 1941
F 1941 2024 1940
F 2024 1939 1940
F 2024 2023 1939
F 2024 2105 2023
F 2105 2024 2106
F 2189 2105 2190
F 2105 2189 2104
F 2022 2105 2104
F 2023 2105 2022
F 2549 2456 2550
F 2456 2549 2455
F 2360 2451 2450
F 2451 2360 2361
F 2450 2451 2544
F 2451 2545 2544
F 2546 2644 2643
F 2644 2546 2547
F 2642 2546 2643
F 2545 2546 2642
F 2949 3052 2948
F 3052 2949 3053
F 2949 2948 2845
F 2846 2949 2845
F 2460 2461 2555
F 2460 2555 2554
F 2552 2650 2649
F 2650 2552 2553
F 2855 2957 2854
F 2958 2957 2855
F 3060 2957 3061
F 3061 2957 2958
F 2630 2629 2533
F 2629 2532 2533
F 2629 2731 2730
F 2731 2629 2630
F 2629 2628 2531
F 2629 2531 2532
F 2729 2629 2730
F 2628 2629 2729
F 2166 2083 2084
F 2167 2166 2084
F 2166 2082 2083
F 2166 2165 2082
F 2346 2255 2347
F 2255 2346 2254
F 2255 2254 2164
F 2165 2255 2164
F 1191 1192 1256
F 1256 1192 1257
F 1125 1192 1124
F 1124 1192 1191
F 2161 2252 2251
F 2252 2161 2162
F 2252 2163 2253
F 2163 2252 2162
F 2345 2252 2253
F 2344 2252 2345
F 2343 2252 2344
F 2252 2343 2251
F 2433 2343 2434
F 2342 2343 2433
F 2343 2250 2251
F 2343 2342 2250
F 2343 2435 2434
F 2343 2344 2435
F 2445 2354 2446
F 2446 2354 2355
F 2354 2263 2355
F 2263 2354 2262
F 2262 2354 2261
F 2354 2353 2261
F 3477 3478 3586
F 3477 3586 3585
F 3152 3258 3151
F 3258 3152 3259
F 3258 3150 3151
F 3150 3258 3257
F 3150 3256 3149
F 3150 3257 3256
F 3043 3150 3149
F 3044 3150 3043
F 2639 2543 2640
F 2543 2639 2542
F 2739 2841 2840
F 2841 2739 2740
F 2739 2639 2740
F 2639 2739 2638
F 4005 3904 4006
F 3904 3905 4006
F 3903 3904 4004
F 3904 4005 4004
F 3800 3904 3799
F 3904 3800 3905
F 3590 3484 3591
F 3484 3590 3483
F 3590 3591 3699
F 3698 3590 3699
F 2945 3048 2944
F 2945 3049 3048
F 3050 2945 2946
F 3049 2945 3050
F 2741 2641 2742
F 2641 2741 2640
F 2639 2741 2740
F 2741 2639 2640
F 2741 2842 2841
F 2741 2841 2740
F 2275 2186 2276
F 2186 2275 2185
F 2368 2275 2276
F 2275 2368 2367
F 2275 2274 2184
F 2185 2275 2184
F 2275 2367 2366
F 2274 2275 2366
F 2457 2552 2551
F 2552 2457 2458
F 2368 2457 2367
F 2457 2368 2458
F 2456 2457 2550
F 2457 2551 2550
F 2367 2457 2366
F 2457 2456 2366
F 2456 2365 2366
F 2365 2456 2455
F 2274 2365 2273
F 2365 2274 2366
F 2454 2365 2455
F 2365 2454 2364
F 2272 2365 2364
F 2365 2272 2273
F 2272 2183 2273
F 2183 2272 2182
F 2181 2272 2271
F 2272 2181 2182
F 2272 2363 2271
F 2363 2272 2364
F 2363 2270 2271
F 2270 2363 2362
F 2454 2363 2364
F 2363 2454 2453
F 853 854 917
F 916 853 917
F 732 792 791
F 792 732 733
F 673 732 672
F 732 673 733
F 672 732 671
F 732 731 671
F 792 793 855
F 793 856 855
F 857 793 794
F 856 793 857
F 734 793 733
F 793 792 733
F 793 735 794
F 793 734 735
F 992 993 1056
F 993 1057 1056
F 993 994 1058
F 993 1058 1057
F 744 745 804
F 803 744 804
F 745 744 685
F 744 684 685
F 684 744 683
F 683 744 743
F 1052 1051 988
F 1051 987 988
F 987 1051 986
F 1051 1050 986
F 627 681 680
F 681 627 628
F 680 681 740
F 681 741 740
F 1187 1186 1120
F 1121 1187 1120
F 1128 1127 1062
F 1063 1128 1062
F 1128 1195 1194
F 1127 1128 1194
F 1329 1402 1401
F 1402 1329 1330
F 1328 1329 1400
F 1400 1329 1401
F 1329 1328 1258
F 1259 1329 1258
F 1329 1259 1260
F 1329 1260 1330
F 871 870 807
F 808 871 807
F 1059 996 1060
F 996 1059 995
F 996 1061 1060
F 996 997 1061
F 874 935 873
F 935 874 936
F 935 1000 999
F 1000 935 936
F 998 935 999
F 935 998 934
F 1063 998 999
F 998 1063 1062
F 1061 998 1062
F 997 998 1061
F 998 997 933
F 934 998 933
F 4287 4368 4367
F 4287 4367 4286
F 4200 4287 4286
F 4201 4287 4200
F 4371 4372 4446
F 4371 4446 4445
F 4371 4444 4370
F 4444 4371 4445
F 4372 4371 4291
F 4371 4290 4291
F 4289 4371 4370
F 4290 4371 4289
F 4375 4376 4449
F 4376 4450 4449
F 4376 4377 4451
F 4450 4376 4451
F 4209 4118 4210
F 4118 4209 4117
F 4209 4116 4117
F 4209 4208 4116
F 3916 3917 4019
F 4018 3916 4019
F 3813 3916 3812
F 3917 3916 3813
F 4017 3916 4018
F 3916 4017 3915
F 4016 4017 4111
F 4017 4112 4111
F 3914 4017 4016
F 3915 4017 3914
F 419 418 396
F 418 395 396
F 418 417 394
F 395 418 394
F 488 451 489
F 451 488 450
F 624 676 675
F 623 624 675
F 575 624 574
F 624 623 574
F 351 350 337
F 338 351 337
F 350 351 364
F 351 365 364
F 1319 1392 1391
F 1392 1319 1320
F 1681 1759 1758
F 1681 1682 1759
F 1680 1681 1757
F 1757 1681 1758
F 1681 1680 1605
F 1606 1681 1605
F 1607 1681 1606
F 1681 1607 1682
F 1534 1607 1533
F 1608 1607 1534
F 1607 1608 1683
F 1682 1607 1683
F 1607 1532 1533
F 1607 1606 1532
F 2716 2717 2818
F 2817 2716 2818
F 2716 2616 2717
F 2616 2716 2615
F 2615 2716 2614
F 2716 2715 2614
F 2716 2816 2715
F 2816 2716 2817
F 2816 2919 2815
F 2919 2816 2920
F 2816 2921 2920
F 2816 2817 2921
F 2714 2816 2815
F 2715 2816 2714
F 3014 3121 3013
F 3121 3120 3013
F 3121 3228 3227
F 3120 3121 3227
F 3121 3015 3122
F 3015 3121 3014
F 3228 3121 3229
F 3121 3122 3229
F 3983 3982 3882
F 3883 3983 3882
F 4077 3983 4078
F 3983 4077 3982
F 3884 3983 3883
F 3984 3983 3884
F 4078 3983 4079
F 3983 3984 4079
F 3796 3690 3797
F 3690 3796 3689
F 3258 3366 3257
F 3366 3258 3367
F 3257 3366 3256
F 3366 3365 3256
F 3475 3581 3474
F 3581 3475 3582
F 3366 3475 3365
F 3475 3366 3476
F 2937 3041 2936
F 3041 2937 3042
F 2936 3041 2935
F 3041 3040 2935
F 3147 3252 3146
F 3147 3253 3252
F 3039 3147 3146
F 3040 3147 3039
F 3475 3364 3365
F 3364 3475 3474
F 3473 3364 3474
F 3364 3473 3363
F 3364 3363 3254
F 3255 3364 3254
F 3365 3364 3256
F 3364 3255 3256
F 4275 4357 4356
F 4357 4275 4276
F 4356 4357 4430
F 4357 4431 4430
F 1138 1204 1137
F 1204 1138 1205
F 1138 1137 1072
F 1073 1138 1072
F 1010 947 1011
F 947 1010 946
F 1009 1010 1074
F 1010 1075 1074
F 1075 1010 1076
F 1076 1010 1011
F 1067 1003 1068
F 1067 1002 1003
F 1133 1067 1068
F 1132 1067 1133
F 940 1004 1003
F 1004 940 941
F 752 812 811
F 753 812 752
F 812 753 754
F 813 812 754
F 605 557 606
F 606 557 558
F 512 557 511
F 557 512 558
F 557 605 604
F 556 557 604
F 557 510 511
F 557 556 510
F 408 436 435
F 409 436 408
F 436 469 435
F 469 436 470
F 436 471 470
F 436 437 471
F 603 602 554
F 603 554 555
F 556 603 555
F 603 556 604
F 603 655 602
F 655 603 656
F 655 712 711
F 654 655 711
F 655 654 601
F 602 655 601
F 712 655 713
F 655 656 713
F 608 609 660
F 609 661 660
F 662 609 610
F 661 609 662
F 472 438 473
F 473 438 439
F 438 472 471
F 437 438 471
F 4472 4499 4498
F 4471 4472 4498
F 4472 4471 4406
F 4407 4472 4406
F 4413 4477 4412
F 4478 4477 4413
F 4477 4411 4412
F 4477 4476 4411
F 4475 4503 4502
F 4476 4503 4475
F 3270 3379 3378
F 3271 3379 3270
F 3379 3488 3378
F 3488 3379 3489
F 3379 3490 3489
F 3379 3380 3490
F 3379 3272 3380
F 3272 3379 3271
F 3165 3272 3164
F 3272 3165 3273
F 3381 3272 3273
F 3380 3272 3381
F 3510 3618 3509
F 3619 3618 3510
F 3939 3834 3835
F 3834 3939 3938
F 3835 3834 3728
F 3834 3727 3728
F 3937 3834 3938
F 3833 3834 3937
F 4134 4133 4039
F 4133 4038 4039
F 4133 4134 4226
F 4225 4133 4226
F 3941 4043 3940
F 4043 4042 3940
F 4043 3941 3942
F 4044 4043 3942
F 3084 2977 2978
F 3084 3083 2977
F 3085 3084 2979
F 3084 2978 2979
F 3192 3084 3085
F 3191 3084 3192
F 3427 3318 3428
F 3318 3319 3428
F 3318 3426 3317
F 3426 3318 3427
F 3211 3210 3104
F 3210 3103 3104
F 3210 3318 3317
F 3318 3210 3211
F 3210 3102 3103
F 3210 3209 3102
F 3316 3210 3317
F 3209 3210 3316
F 1132 1200 1199
F 1200 1132 1133
F 1200 1263 1199
F 1200 1264 1263
F 1335 1336 1407
F 1407 1336 1408
F 1336 1409 1408
F 1336 1337 1409
F 1489 1490 1561
F 1560 1489 1561
F 1490 1489 1419
F 1489 1418 1419
F 1788 1713 1714
F 1789 1788 1714
F 1867 1788 1789
F 1866 1788 1867
F 2653 2754 2753
F 2653 2654 2754
F 2752 2653 2753
F 2653 2752 2652
F 2556 2653 2555
F 2653 2652 2555
F 2557 2653 2556
F 2653 2557 2654
F 2654 2557 2655
F 2557 2558 2655
F 2557 2463 2464
F 2558 2557 2464
F 2557 2556 2462
F 2463 2557 2462
F 2561 2466 2467
F 2560 2466 2561
F 2281 2373 2372
F 2281 2282 2373
F 2277 2369 2276
F 2369 2368 2276
F 2103 2188 2102
F 2188 2187 2102
F 2188 2103 2104
F 2189 2188 2104
F 2019 2101 2018
F 2101 2100 2018
F 2101 2020 2102
F 2020 2101 2019
F 2101 2186 2185
F 2101 2185 2100
F 2186 2101 2187
F 2187 2101 2102
F 2181 2098 2182
F 2098 2181 2097
F 2098 2183 2182
F 2183 2098 2099
F 2098 2016 2099
F 2016 2098 2015
F 2017 2016 1933
F 2016 1932 1933
F 1853 1934 1933
F 1852 1853 1933
F 1934 1853 1935
F 1935 1853 1854
F 1776 1853 1775
F 1853 1852 1775
F 1853 1776 1777
F 1853 1777 1854
F 1697 1620 1621
F 1620 1697 1696
F 1618 1619 1694
F 1619 1695 1694
F 1695 1619 1696
F 1619 1620 1696
F 1544 1618 1617
F 1544 1545 1618
F 2014 2098 2097
F 2098 2014 2015
F 2096 2181 2180
F 2181 2096 2097
F 2096 2179 2095
F 2179 2096 2180
F 2014 2096 2013
F 2096 2014 2097
F 2012 2096 2095
F 2013 2096 2012
F 2454 2548 2453
F 2548 2547 2453
F 2549 2548 2455
F 2548 2454 2455
F 2648 2647 2551
F 2551 2647 2550
F 2452 2363 2453
F 2363 2452 2362
F 2362 2452 2361
F 2452 2451 2361
F 2451 2452 2545
F 2452 2546 2545
F 3053 2950 3054
F 2949 2950 3053
F 2950 2846 2847
F 2950 2949 2846
F 2651 2752 2751
F 2752 2651 2652
F 2555 2651 2554
F 2652 2651 2555
F 2651 2650 2553
F 2651 2553 2554
F 2733 2835 2834
F 2734 2835 2733
F 2835 2936 2834
F 2835 2937 2936
F 2256 2167 2257
F 2256 2166 2167
F 2256 2349 2348
F 2349 2256 2257
F 2166 2256 2165
F 2256 2255 2165
F 2256 2348 2347
F 2255 2256 2347
F 1127 1193 1126
F 1193 1127 1194
F 1259 1193 1194
F 1193 1259 1258
F 1193 1125 1126
F 1193 1192 1125
F 1193 1258 1257
F 1192 1193 1257
F 3258 3368 3367
F 3368 3258 3259
F 3477 3368 3478
F 3478 3368 3369
F 3368 3260 3369
F 3260 3368 3259
F 3152 3260 3259
F 3260 3152 3153
F 3154 3046 3047
F 3046 3154 3153
F 3154 3260 3153
F 3260 3154 3261
F 3482 3372 3373
F 3372 3482 3481
F 3480 3372 3481
F 3371 3372 3480
F 3370 3260 3261
F 3260 3370 3369
F 3478 3370 3479
F 3370 3478 3369
F 3370 3371 3480
F 3370 3480 3479
F 2937 2938 3042
F 2938 3043 3042
F 2938 2939 3044
F 2938 3044 3043
F 2940 2939 2837
F 2838 2940 2837
F 2356 2447 2355
F 2447 2446 2355
F 2447 2356 2357
F 2447 2357 2448
F 2447 2539 2446
F 2447 2540 2539
F 2541 2639 2638
F 2639 2541 2542
F 2447 2541 2540
F 2541 2447 2448
F 2541 2638 2637
F 2540 2541 2637
F 2737 2838 2837
F 2736 2737 2837
F 3587 3693 3586
F 3693 3587 3694
F 3801 3693 3694
F 3800 3693 3801
F 3798 3904 3903
F 3904 3798 3799
F 3902 3798 3903
F 3797 3798 3902
F 3690 3798 3797
F 3691 3798 3690
F 3482 3589 3481
F 3589 3588 3481
F 3589 3482 3483
F 3590 3589 3483
F 2843 2741 2742
F 2741 2843 2842
F 2842 2843 2944
F 2843 2945 2944
F 732 790 731
F 790 732 791
F 731 790 730
F 730 790 789
F 854 790 791
F 853 790 854
F 790 852 789
F 790 853 852
F 1117 1118 1184
F 1117 1184 1183
F 1118 1117 1052
F 1117 1051 1052
F 682 629 630
F 682 630 683
F 742 682 743
F 682 683 743
F 629 682 628
F 682 681 628
F 741 682 742
F 681 682 741
F 1254 1188 1189
F 1253 1188 1254
F 1123 1188 1122
F 1188 1123 1189
F 1188 1121 1122
F 1188 1187 1121
F 1188 1252 1187
F 1252 1188 1253
F 1252 1321 1251
F 1321 1252 1322
F 1322 1252 1323
F 1252 1253 1323
F 1186 1252 1251
F 1187 1252 1186
F 1197 1129 1130
F 1129 1197 1196
F 1129 1065 1130
F 1065 1129 1064
F 1128 1129 1195
F 1195 1129 1196
F 1129 1063 1064
F 1129 1128 1063
F 872 935 934
F 935 872 873
F 810 872 809
F 872 810 873
F 872 934 933
F 871 872 933
F 872 871 808
F 872 808 809
F 928 929 992
F 929 993 992
F 870 932 869
F 932 931 869
F 871 932 870
F 932 871 933
F 932 996 995
F 931 932 995
F 996 932 997
F 997 932 933
F 4369 4288 4370
F 4288 4289 4370
F 4203 4288 4202
F 4288 4203 4289
F 4288 4369 4368
F 4287 4288 4368
F 4288 4201 4202
F 4288 4287 4201
F 4203 4204 4289
F 4204 4290 4289
F 4204 4203 4111
F 4112 4204 4111
F 4290 4204 4291
F 4204 4205 4291
F 4017 4113 4112
F 4113 4017 4018
F 4204 4113 4205
F 4113 4204 4112
F 4114 4113 4019
F 4113 4018 4019
F 4374 4375 4449
F 4448 4374 4449
F 4206 4113 4114
F 4113 4206 4205
F 4206 4115 4207
F 4206 4114 4115
F 4205 4206 4291
F 4206 4292 4291
F 4209 4295 4208
F 4208 4295 4294
F 4295 4376 4375
F 4295 4375 4294
F 4296 4295 4210
F 4295 4209 4210
F 487 531 530
F 487 488 531
F 420 397 398
F 421 420 398
F 397 420 396
F 420 419 396
F 420 451 450
F 419 420 450
F 420 452 451
F 452 420 421
F 491 452 453
F 452 491 490
F 452 422 453
F 452 421 422
F 367 352 353
F 366 352 367
F 352 339 340
F 352 340 353
F 365 352 366
F 351 352 365
F 352 338 339
F 352 351 338
F 1318 1317 1247
F 1248 1318 1247
F 1318 1390 1389
F 1317 1318 1389
F 1390 1318 1391
F 1318 1319 1391
F 1318 1249 1319
F 1249 1318 1248
F 1249 1184 1185
F 1250 1249 1185
F 1249 1248 1183
F 1184 1249 1183
F 1249 1250 1320
F 1319 1249 1320
F 3795 3794 3687
F 3688 3795 3687
F 3795 3688 3689
F 3796 3795 3689
F 3901 3796 3797
F 3901 3797 3902
F 4002 3901 4003
F 3901 3902 4003
F 3253 3148 3254
F 3147 3148 3253
F 3041 3148 3040
F 3148 3147 3040
F 4358 4359 4433
F 4432 4358 4433
F 4359 4358 4278
F 4358 4277 4278
F 4358 4432 4431
F 4357 4358 4431
F 4277 4358 4276
F 4358 4357 4276
F 1139 1075 1140
F 1075 1139 1074
F 1139 1207 1206
F 1207 1139 1140
F 1139 1073 1074
F 1139 1138 1073
F 1139 1206 1205
F 1138 1139 1205
F 1066 1131 1130
F 1065 1066 1130
F 1131 1066 1132
F 1066 1067 1132
F 1067 1066 1002
F 1002 1066 1001
F 878 879 941
F 940 878 941
F 878 816 879
F 816 878 815
F 1002 939 1003
F 939 940 1003
F 939 1002 1001
F 938 939 1001
F 877 813 814
F 877 876 813
F 877 939 938
F 876 877 938
F 875 874 811
F 812 875 811
F 874 875 936
F 875 937 936
F 875 812 813
F 876 875 813
F 875 876 938
F 875 938 937
F 4474 4473 4409
F 4473 4408 4409
F 4473 4474 4501
F 4473 4501 4500
F 4408 4473 4407
F 4473 4472 4407
F 4472 4473 4499
F 4499 4473 4500
F 4505 4504 4478
F 4504 4477 4478
F 4504 4505 4515
F 4514 4504 4515
F 4477 4504 4476
F 4504 4503 4476
F 3507 3617 3616
F 3617 3507 3508
F 3509 3617 3508
F 3618 3617 3509
F 4132 4224 4223
F 4132 4223 4131
F 4132 4036 4037
F 4036 4132 4131
F 4132 4225 4224
F 4132 4133 4225
F 4038 4132 4037
F 4133 4132 4038
F 4138 4139 4231
F 4138 4231 4230
F 4138 4230 4229
F 4137 4138 4229
F 4138 4044 4139
F 4138 4043 4044
F 4138 4137 4042
F 4043 4138 4042
F 1135 1201 1134
F 1201 1135 1202
F 1416 1488 1487
F 1417 1488 1416
F 1488 1558 1487
F 1558 1488 1559
F 1418 1488 1417
F 1489 1488 1418
F 1488 1560 1559
F 1488 1489 1560
F 1787 1864 1786
F 1787 1865 1864
F 1787 1786 1711
F 1712 1787 1711
F 1787 1866 1865
F 1787 1788 1866
F 1787 1712 1713
F 1788 1787 1713
F 2558 2465 2559
F 2465 2558 2464
F 2559 2465 2560
F 2465 2466 2560
F 2191 2105 2106
F 2105 2191 2190
F 2459 2460 2554
F 2553 2459 2554
F 2552 2459 2553
F 2459 2552 2458
F 2368 2459 2458
F 2369 2459 2368
F 2278 2277 2187
F 2188 2278 2187
F 2278 2188 2189
F 2279 2278 2189
F 2463 2371 2372
F 2371 2463 2462
F 2461 2371 2462
F 2370 2371 2461
F 2031 2111 2030
F 2112 2111 2031
F 2110 2028 2029
F 2110 2109 2028
F 2110 2195 2109
F 2110 2196 2195
F 1770 1695 1771
F 1695 1770 1694
F 1770 1693 1694
F 1770 1769 1693
F 1844 1843 1767
F 1768 1844 1767
F 1775 1698 1699
F 1774 1698 1775
F 1623 1698 1622
F 1699 1698 1623
F 1698 1621 1622
F 1698 1697 1621
F 1698 1773 1697
F 1773 1698 1774
F 1773 1774 1851
F 1850 1773 1851
F 1696 1773 1772
F 1697 1773 1696
F 1472 1471 1401
F 1471 1400 1401
F 1400 1471 1399
F 1399 1471 1470
F 1544 1471 1545
F 1545 1471 1472
F 1471 1543 1470
F 1471 1544 1543
F 2016 1931 1932
F 1931 2016 2015
F 1932 1931 1851
F 1931 1850 1851
F 2645 2644 2547
F 2548 2645 2547
F 2956 2852 2853
F 2852 2956 2955
F 2956 2853 2854
F 2957 2956 2854
F 3049 3155 3048
F 3155 3049 3156
F 3261 3155 3262
F 3154 3155 3261
F 3048 3155 3047
F 3155 3154 3047
F 3155 3263 3262
F 3263 3155 3156
F 3263 3157 3264
F 3157 3263 3156
F 3263 3372 3371
F 3263 3371 3262
F 3263 3264 3373
F 3372 3263 3373
F 2836 2734 2735
F 2836 2835 2734
F 2836 2736 2837
F 2736 2836 2735
F 2835 2836 2937
F 2836 2938 2937
F 2938 2836 2939
F 2939 2836 2837
F 2738 2739 2840
F 2839 2738 2840
F 2739 2738 2638
F 2638 2738 2637
F 2737 2738 2838
F 2738 2839 2838
F 2635 2634 2537
F 2635 2537 2538
F 2634 2635 2735
F 2635 2736 2735
F 3692 3798 3691
F 3798 3692 3799
F 3692 3584 3585
F 3584 3692 3691
F 3692 3800 3799
F 3692 3693 3800
F 3586 3692 3585
F 3693 3692 3586
F 3697 3805 3804
F 3697 3698 3805
F 3697 3803 3696
F 3697 3804 3803
F 3697 3590 3698
F 3697 3589 3590
F 3589 3697 3588
F 3588 3697 3696
F 867 803 804
F 867 866 803
F 867 928 866
F 867 929 928
F 4373 4372 4291
F 4292 4373 4291
F 4372 4373 4446
F 4446 4373 4447
F 4373 4374 4448
F 4373 4448 4447
F 4206 4293 4292
F 4293 4206 4207
F 4373 4293 4374
F 4293 4373 4292
F 4208 4293 4207
F 4293 4208 4294
F 4374 4293 4375
F 4375 4293 4294
F 528 486 529
F 486 528 485
F 486 530 529
F 486 487 530
F 3058 2954 3059
F 3059 2954 2955
F 3055 2951 3056
F 2951 2952 3056
F 2951 3055 3054
F 2950 2951 3054
F 2952 2951 2849
F 2951 2848 2849
F 2951 2950 2847
F 2848 2951 2847
F 3831 3725 3832
F 3725 3831 3724
F 3725 3724 3616
F 3617 3725 3616
F 1264 1265 1335
F 1265 1336 1335
F 1337 1265 1266
F 1336 1265 1337
F 1200 1265 1264
F 1201 1265 1200
F 1266 1265 1202
F 1265 1201 1202
F 2284 2374 2283
F 2375 2374 2284
F 2282 2374 2373
F 2374 2282 2283
F 2465 2374 2466
F 2466 2374 2375
F 2373 2374 2464
F 2374 2465 2464
F 2283 2192 2193
F 2282 2192 2283
F 2281 2192 2282
F 2191 2192 2281
F 2107 2192 2106
F 2192 2191 2106
F 2280 2189 2190
F 2280 2279 2189
F 2191 2280 2190
F 2280 2191 2281
F 2280 2371 2370
F 2279 2280 2370
F 2280 2281 2372
F 2371 2280 2372
F 2286 2197 2287
F 2196 2197 2286
F 2197 2288 2287
F 2288 2197 2198
F 2110 2197 2196
F 2197 2110 2111
F 2197 2112 2198
F 2197 2111 2112
F 1925 2008 1924
F 1925 2009 2008
F 1843 1925 1924
F 1844 1925 1843
F 1849 1773 1850
F 1773 1849 1772
F 1849 1771 1772
F 1849 1848 1771
F 1847 1770 1771
F 1848 1847 1771
F 2745 2746 2845
F 2746 2846 2845
F 2644 2746 2745
F 2645 2746 2644
F 3475 3583 3582
F 3583 3475 3476
F 3582 3583 3689
F 3583 3690 3689
F 3583 3691 3690
F 3583 3584 3691
F 3045 3150 3044
F 3150 3045 3151
F 2939 3045 3044
F 2940 3045 2939
F 2942 2941 2840
F 2941 2839 2840
F 2941 2940 2838
F 2839 2941 2838
F 2738 2636 2637
F 2636 2738 2737
F 2540 2636 2539
F 2636 2540 2637
F 2636 2737 2736
F 2635 2636 2736
F 2539 2636 2538
F 2636 2635 2538
F 868 806 869
F 806 868 805
F 805 868 804
F 868 867 804
F 448 447 416
F 417 448 416
F 447 448 485
F 448 486 485
F 2952 2953 3056
F 2953 3057 3056
F 2953 2954 3058
F 3057 2953 3058
F 2851 2852 2955
F 2954 2851 2955
F 3726 3619 3727
F 3726 3618 3619
F 3834 3726 3727
F 3726 3834 3833
F 3726 3617 3618
F 3726 3725 3617
F 3726 3833 3832
F 3725 3726 3832
F 2010 1926 2011
F 2011 1926 1927
F 1926 1925 1844
F 1926 1844 1845
F 2009 1926 2010
F 1925 1926 2009
F 1849 1930 1848
F 1848 1930 1929
F 1931 1930 1850
F 1930 1849 1850
F 2014 1930 2015
F 1930 1931 2015
F 1928 2012 2011
F 1928 2011 1927
F 1928 1848 1929
F 1928 1847 1848
F 1846 1926 1845
F 1926 1846 1927
F 1928 1846 1847
F 1846 1928 1927
F 1770 1846 1769
F 1847 1846 1770
F 2646 2549 2550
F 2647 2646 2550
F 2646 2548 2549
F 2646 2645 2548
F 931 930 869
F 930 868 869
F 867 930 929
F 868 930 867
F 993 930 994
F 929 930 993
F 488 449 450
F 487 449 488
F 449 418 419
F 449 419 450
F 486 449 487
F 448 449 486
F 418 449 417
F 449 448 417
F 2650 2750 2649
F 2750 2749 2649
F 2651 2750 2650
F 2750 2651 2751
F 2852 2750 2751
F 2851 2750 2852
F 2850 2750 2851
F 2750 2850 2749
F 2850 2952 2849
F 2850 2953 2952
F 2953 2850 2954
F 2850 2851 2954
F 2846 2747 2847
F 2746 2747 2846
F 2747 2848 2847
F 2848 2747 2748
F 2747 2746 2645
F 2646 2747 2645
F 2747 2646 2647
F 2747 2647 2748
